﻿編號,土地區段位置,土地移轉面積平方公尺,使用分區或編定
The serial number,land sector position,land shifting area square meter,the use zoning or compiles and checks
RPXOMLRJKHMFFDA58CB,和段二小段,47.11,都市：住
RPWOMLRJKHMFFDA48CB,和段二小段,46.10,都市：住
RPTOMLRJKHMFFDA18CB,和段二小段,42.48,都市：住
RPUOMLRJKHMFFDA28CB,和段二小段,48.41,都市：住
RPROMLRJKHMFFDA97CB,和段二小段,48.70,都市：住
RPVOMLRJKHMFFDA38CB,和段二小段,46.10,都市：住
RPPPMLRJKHMFFDA87CB,和段二小段,46.10,都市：住
RPOPMLRJKHMFFDA77CB,和段二小段,47.11,都市：住
RPOOMLRJKHMFFDA67CB,和段二小段,43.35,都市：住
RPQOMLRJKHMFFDA87CB,和段二小段,48.26,都市：住
RPPOMLRJKHMFFDA77CB,和段二小段,48.41,都市：住
RPSOMLRJKHMFFDA08CB,和段二小段,48.41,都市：住
RPRPMLRJKHMFFDA08CB,和段二小段,49.56,都市：住
RPQPMLRJKHMFFDA97CB,和段二小段,48.55,都市：住
RPUPMLRJKHMFFDA38CB,和段二小段,47.11,都市：住
RPWPMLRJKHMFFDA58CB,和段二小段,43.35,都市：住
RPPQMLRJKHMFFDA97CB,和段二小段,48.41,都市：住
RPQQMLRJKHMFFDA08CB,和段二小段,48.55,都市：住
RPSPMLRJKHMFFDA18CB,和段二小段,48.55,都市：住
RPOQMLRJKHMFFDA87CB,和段二小段,47.68,都市：住
RPVPMLRJKHMFFDA48CB,和段二小段,48.70,都市：住
RPXPMLRJKHMFFDA68CB,和段二小段,48.55,都市：住
RPTPMLRJKHMFFDA28CB,和段二小段,43.35,都市：住
RPRQMLRJKHMFFDA18CB,和段二小段,43.35,都市：住
RPTQMLRJKHMFFDA38CB,和段二小段,46.10,都市：住
RPSQMLRJKHMFFDA28CB,和段二小段,48.70,都市：住
RPUQMLRJKHMFFDA48CB,和段二小段,47.11,都市：住
RPVQMLRJKHMFFDA58CB,和段二小段,48.55,都市：住
RPUOMLTJLHMFFEA68CB,奇岩段四小段,25.06,都市：住
RPXNMLTJLHMFFEA88CB,奇岩段四小段,23.60,都市：住
RPVOMLTJLHMFFEA78CB,奇岩段四小段,30.54,都市：住
RPVNMLTJLHMFFEA68CB,奇岩段四小段,21.94,都市：住
RPTOMLTJLHMFFEA58CB,奇岩段四小段,25.06,都市：住
RPWNMLTJLHMFFEA78CB,奇岩段四小段,32.11,都市：住
RPXOMLTJLHMFFEA98CB,奇岩段四小段,25.06,都市：住
RPOPMLTJLHMFFEA18CB,奇岩段四小段,23.60,都市：住
RPROMLTJLHMFFEA38CB,奇岩段四小段,25.06,都市：住
RPWOMLTJLHMFFEA88CB,奇岩段四小段,23.60,都市：住
RPOOMLTJLHMFFEA08CB,奇岩段四小段,30.95,都市：住
RPPOMLTJLHMFFEA18CB,奇岩段四小段,32.11,都市：住
RPQPMLTJLHMFFEA38CB,奇岩段四小段,32.11,都市：住
RPQOMLTJLHMFFEA28CB,奇岩段四小段,30.95,都市：住
RPRPMLTJLHMFFEA48CB,奇岩段四小段,23.60,都市：住
RPSPMLTJLHMFFEA58CB,奇岩段四小段,23.27,都市：住
RPOQMLTJLHMFFEA28CB,奇岩段四小段,30.95,都市：住
RPUPMLTJLHMFFEA78CB,奇岩段四小段,30.54,都市：住
RPXPMLTJLHMFFEA09CB,奇岩段四小段,21.94,都市：住
RPTPMLTJLHMFFEA68CB,奇岩段四小段,32.11,都市：住
RPXQMLTJLHMFFEA56CB,奇岩段四小段,30.95,都市：住
RPWPMLTJLHMFFEA98CB,奇岩段四小段,30.95,都市：住
RPRQMLTJLHMFFEA58CB,奇岩段四小段,30.54,都市：住
RPUQMLTJLHMFFEA88CB,奇岩段四小段,30.54,都市：住
RPVQMLTJLHMFFEA98CB,奇岩段四小段,28.00,都市：住
RPPRMLTJLHMFFEA48CB,奇岩段四小段,23.60,都市：住
RPQQMLTJLHMFFEA48CB,奇岩段四小段,30.95,都市：住
RPPQMLTJLHMFFEA38CB,奇岩段四小段,32.11,都市：住
RPWQMLTJLHMFFEA09CB,奇岩段四小段,23.60,都市：住
RPORMLTJLHMFFEA38CB,奇岩段四小段,23.60,都市：住
RPQRMLTJLHMFFEA58CB,奇岩段四小段,28.00,都市：住
RPRRMLTJLHMFFEA68CB,奇岩段四小段,30.95,都市：住
RPSRMLTJLHMFFEA78CB,奇岩段四小段,21.94,都市：住
RPQSMLTJLHMFFEA68CB,奇岩段四小段,30.54,都市：住
RPXRMLTJLHMFFEA66CB,奇岩段四小段,25.06,都市：住
RPOSMLTJLHMFFEA48CB,奇岩段四小段,23.27,都市：住
RPTRMLTJLHMFFEA88CB,奇岩段四小段,23.27,都市：住
RPVRMLTJLHMFFEA09CB,奇岩段四小段,32.11,都市：住
RPURMLTJLHMFFEA98CB,奇岩段四小段,30.95,都市：住
RPRSMLTJLHMFFEA78CB,奇岩段四小段,23.60,都市：住
RPWRMLTJLHMFFEA56CB,奇岩段四小段,30.54,都市：住
RPPSMLTJLHMFFEA58CB,奇岩段四小段,32.11,都市：住
RPSSMLTJLHMFFEA88CB,奇岩段四小段,23.60,都市：住
RPTSMLTJLHMFFEA98CB,奇岩段四小段,28.00,都市：住
RPWSMLTJLHMFFEA66CB,奇岩段四小段,30.95,都市：住
RPUSMLTJLHMFFEA09CB,奇岩段四小段,21.94,都市：住
RPVSMLTJLHMFFEA56CB,奇岩段四小段,30.54,都市：住
RPPTMLTJLHMFFEA68CB,奇岩段四小段,32.11,都市：住
RPQTMLTJLHMFFEA78CB,奇岩段四小段,32.11,都市：住
RPXSMLTJLHMFFEA76CB,奇岩段四小段,25.06,都市：住
RPUUMLTJLHMFFEA66CB,奇岩段四小段,21.94,都市：住
RPRTMLTJLHMFFEA88CB,奇岩段四小段,32.11,都市：住
RPTNMLMLLHMFFBA77DB,福星段一小段,.47,都市：商
RPTNMLMLLHMFFBA77DB,福星段一小段,.67,都市：商
RPTNMLMLLHMFFBA77DB,福星段一小段,.54,都市：商
RPTNMLMLLHMFFBA77DB,福星段一小段,.77,都市：商
RPTNMLMLLHMFFBA77DB,福星段一小段,.60,都市：商
RPTNMLMLLHMFFBA77DB,福星段一小段,5.17,都市：商
RPSNMLMLLHMFFBA67DB,福星段一小段,.47,都市：商
RPSNMLMLLHMFFBA67DB,福星段一小段,.67,都市：商
RPSNMLMLLHMFFBA67DB,福星段一小段,.54,都市：商
RPSNMLMLLHMFFBA67DB,福星段一小段,.77,都市：商
RPSNMLMLLHMFFBA67DB,福星段一小段,.60,都市：商
RPSNMLMLLHMFFBA67DB,福星段一小段,5.17,都市：商
RPRNMLMLLHMFFBA57DB,福星段一小段,.47,都市：商
RPRNMLMLLHMFFBA57DB,福星段一小段,.67,都市：商
RPRNMLMLLHMFFBA57DB,福星段一小段,.54,都市：商
RPRNMLMLLHMFFBA57DB,福星段一小段,.78,都市：商
RPRNMLMLLHMFFBA57DB,福星段一小段,.61,都市：商
RPRNMLMLLHMFFBA57DB,福星段一小段,5.19,都市：商
RPOPMLMLLHMFFBA47DB,福星段一小段,.40,都市：商
RPOPMLMLLHMFFBA47DB,福星段一小段,.58,都市：商
RPOPMLMLLHMFFBA47DB,福星段一小段,.46,都市：商
RPOPMLMLLHMFFBA47DB,福星段一小段,.66,都市：商
RPOPMLMLLHMFFBA47DB,福星段一小段,.52,都市：商
RPOPMLMLLHMFFBA47DB,福星段一小段,4.45,都市：商
RPOOMLMLLHMFFBA37DB,福星段一小段,.47,都市：商
RPOOMLMLLHMFFBA37DB,福星段一小段,.67,都市：商
RPOOMLMLLHMFFBA37DB,福星段一小段,.54,都市：商
RPOOMLMLLHMFFBA37DB,福星段一小段,.78,都市：商
RPOOMLMLLHMFFBA37DB,福星段一小段,.61,都市：商
RPOOMLMLLHMFFBA37DB,福星段一小段,5.19,都市：商
RPRPMLMLLHMFFBA77DB,福星段一小段,.52,都市：商
RPRPMLMLLHMFFBA77DB,福星段一小段,.75,都市：商
RPRPMLMLLHMFFBA77DB,福星段一小段,.60,都市：商
RPRPMLMLLHMFFBA77DB,福星段一小段,.86,都市：商
RPRPMLMLLHMFFBA77DB,福星段一小段,.67,都市：商
RPRPMLMLLHMFFBA77DB,福星段一小段,5.78,都市：商
RPUOMLMLLHMFFBA97DB,福星段一小段,.40,都市：商
RPUOMLMLLHMFFBA97DB,福星段一小段,.58,都市：商
RPUOMLMLLHMFFBA97DB,福星段一小段,.46,都市：商
RPUOMLMLLHMFFBA97DB,福星段一小段,.66,都市：商
RPUOMLMLLHMFFBA97DB,福星段一小段,.52,都市：商
RPUOMLMLLHMFFBA97DB,福星段一小段,4.45,都市：商
RPQPMLMLLHMFFBA67DB,福星段一小段,.52,都市：商
RPQPMLMLLHMFFBA67DB,福星段一小段,.75,都市：商
RPQPMLMLLHMFFBA67DB,福星段一小段,.60,都市：商
RPQPMLMLLHMFFBA67DB,福星段一小段,.86,都市：商
RPQPMLMLLHMFFBA67DB,福星段一小段,.67,都市：商
RPQPMLMLLHMFFBA67DB,福星段一小段,5.78,都市：商
RPPPMLMLLHMFFBA57DB,福星段一小段,.40,都市：商
RPPPMLMLLHMFFBA57DB,福星段一小段,.58,都市：商
RPPPMLMLLHMFFBA57DB,福星段一小段,.46,都市：商
RPPPMLMLLHMFFBA57DB,福星段一小段,.66,都市：商
RPPPMLMLLHMFFBA57DB,福星段一小段,.52,都市：商
RPPPMLMLLHMFFBA57DB,福星段一小段,4.45,都市：商
RPTPMLMLLHMFFBA97DB,福星段一小段,.46,都市：商
RPTPMLMLLHMFFBA97DB,福星段一小段,.65,都市：商
RPTPMLMLLHMFFBA97DB,福星段一小段,.52,都市：商
RPTPMLMLLHMFFBA97DB,福星段一小段,.75,都市：商
RPTPMLMLLHMFFBA97DB,福星段一小段,.59,都市：商
RPTPMLMLLHMFFBA97DB,福星段一小段,5.02,都市：商
RPPOMLRJMHMFFAA67CB,華興段一小段,19.80,都市：住
RPXNMLRJMHMFFAA38CB,華興段一小段,21.11,都市：住
RPROMLRJMHMFFAA87CB,華興段一小段,20.68,都市：住
RPWNMLRJMHMFFAA28CB,華興段一小段,23.52,都市：住
RPVNMLRJMHMFFAA18CB,華興段一小段,20.13,都市：住
RPQOMLRJMHMFFAA77CB,華興段一小段,19.69,都市：住
RPSOMLRJMHMFFAA97CB,華興段一小段,21.88,都市：住
RPUNMLRJMHMFFAA08CB,華興段一小段,23.52,都市：住
RPTOMLRJMHMFFAA08CB,華興段一小段,20.13,都市：住
RPOOMLRJMHMFFAA57CB,華興段一小段,20.02,都市：住
RPUOMLRJMHMFFEA58CB,蘭雅段二小段,.63,都市：住
RPUOMLRJMHMFFEA58CB,蘭雅段二小段,.01,都市：住
RPUOMLRJMHMFFEA58CB,蘭雅段二小段,1.23,都市：住
RPUOMLRJMHMFFEA58CB,蘭雅段二小段,1.23,都市：住
RPUOMLRJMHMFFEA58CB,蘭雅段二小段,.07,都市：住
RPUOMLRJMHMFFEA58CB,蘭雅段二小段,2.33,都市：住
RPUOMLRJMHMFFEA58CB,蘭雅段二小段,.23,都市：住
RPUOMLRJMHMFFEA58CB,蘭雅段二小段,1.12,都市：住
RPUOMLRJMHMFFEA58CB,蘭雅段二小段,.13,都市：住
RPUOMLRJMHMFFEA58CB,蘭雅段二小段,1.26,都市：住
RPUOMLRJMHMFFEA58CB,蘭雅段二小段,.13,都市：住
RPUOMLRJMHMFFEA58CB,蘭雅段二小段,1.37,都市：住
RPUOMLRJMHMFFEA58CB,蘭雅段二小段,.04,都市：住
RPUOMLRJMHMFFEA58CB,蘭雅段二小段,1.39,都市：住
RPUOMLRJMHMFFEA58CB,蘭雅段二小段,1.41,都市：住
RPUOMLRJMHMFFEA58CB,蘭雅段二小段,1.41,都市：住
RPUOMLRJMHMFFEA58CB,蘭雅段二小段,.92,都市：住
RPUOMLRJMHMFFEA58CB,蘭雅段二小段,.07,都市：住
RPUOMLRJMHMFFEA58CB,蘭雅段二小段,2.53,都市：住
RPUOMLRJMHMFFEA58CB,蘭雅段二小段,2.02,都市：住
RPUOMLRJMHMFFEA58CB,蘭雅段二小段,1.06,都市：住
RPUOMLRJMHMFFEA58CB,蘭雅段二小段,1.85,都市：住
RPUOMLRJMHMFFEA58CB,蘭雅段二小段,3.31,都市：住
RPUOMLRJMHMFFEA58CB,蘭雅段二小段,.47,都市：住
RPUOMLRJMHMFFEA58CB,蘭雅段二小段,.23,都市：住
RPUOMLRJMHMFFEA58CB,蘭雅段二小段,2.69,都市：住
RPUOMLRJMHMFFEA58CB,蘭雅段二小段,.25,都市：住
RPWOMLRJMHMFFAA38CB,華興段一小段,21.88,都市：住
RPOPMLRJMHMFFAA67CB,華興段一小段,21.11,都市：住
RPXOMLRJMHMFFAA48CB,華興段一小段,21.88,都市：住
RPVOMLRJMHMFFAA28CB,華興段一小段,21.88,都市：住
RPQPMLRJMHMFFAA87CB,華興段一小段,19.80,都市：住
RPUOMLRJMHMFFAA18CB,華興段一小段,20.13,都市：住
RPPPMLRJMHMFFAA77CB,華興段一小段,19.80,都市：住
RPVOMLRJMHMFFEA68CB,蘭雅段二小段,.62,都市：住
RPVOMLRJMHMFFEA68CB,蘭雅段二小段,.01,都市：住
RPVOMLRJMHMFFEA68CB,蘭雅段二小段,1.21,都市：住
RPVOMLRJMHMFFEA68CB,蘭雅段二小段,1.21,都市：住
RPVOMLRJMHMFFEA68CB,蘭雅段二小段,.07,都市：住
RPVOMLRJMHMFFEA68CB,蘭雅段二小段,2.29,都市：住
RPVOMLRJMHMFFEA68CB,蘭雅段二小段,.22,都市：住
RPVOMLRJMHMFFEA68CB,蘭雅段二小段,1.11,都市：住
RPVOMLRJMHMFFEA68CB,蘭雅段二小段,.13,都市：住
RPVOMLRJMHMFFEA68CB,蘭雅段二小段,1.24,都市：住
RPVOMLRJMHMFFEA68CB,蘭雅段二小段,.13,都市：住
RPVOMLRJMHMFFEA68CB,蘭雅段二小段,1.34,都市：住
RPVOMLRJMHMFFEA68CB,蘭雅段二小段,.04,都市：住
RPVOMLRJMHMFFEA68CB,蘭雅段二小段,1.37,都市：住
RPVOMLRJMHMFFEA68CB,蘭雅段二小段,1.38,都市：住
RPVOMLRJMHMFFEA68CB,蘭雅段二小段,1.38,都市：住
RPVOMLRJMHMFFEA68CB,蘭雅段二小段,.91,都市：住
RPVOMLRJMHMFFEA68CB,蘭雅段二小段,.07,都市：住
RPVOMLRJMHMFFEA68CB,蘭雅段二小段,2.49,都市：住
RPVOMLRJMHMFFEA68CB,蘭雅段二小段,1.99,都市：住
RPVOMLRJMHMFFEA68CB,蘭雅段二小段,1.04,都市：住
RPVOMLRJMHMFFEA68CB,蘭雅段二小段,1.82,都市：住
RPVOMLRJMHMFFEA68CB,蘭雅段二小段,3.26,都市：住
RPVOMLRJMHMFFEA68CB,蘭雅段二小段,.46,都市：住
RPVOMLRJMHMFFEA68CB,蘭雅段二小段,.22,都市：住
RPVOMLRJMHMFFEA68CB,蘭雅段二小段,2.65,都市：住
RPVOMLRJMHMFFEA68CB,蘭雅段二小段,.25,都市：住
RPROMLRJMHMFFEA28CB,蘭雅段二小段,.62,都市：住
RPROMLRJMHMFFEA28CB,蘭雅段二小段,.01,都市：住
RPROMLRJMHMFFEA28CB,蘭雅段二小段,1.22,都市：住
RPROMLRJMHMFFEA28CB,蘭雅段二小段,1.22,都市：住
RPROMLRJMHMFFEA28CB,蘭雅段二小段,.07,都市：住
RPROMLRJMHMFFEA28CB,蘭雅段二小段,2.31,都市：住
RPROMLRJMHMFFEA28CB,蘭雅段二小段,.23,都市：住
RPROMLRJMHMFFEA28CB,蘭雅段二小段,1.12,都市：住
RPROMLRJMHMFFEA28CB,蘭雅段二小段,.13,都市：住
RPROMLRJMHMFFEA28CB,蘭雅段二小段,1.25,都市：住
RPROMLRJMHMFFEA28CB,蘭雅段二小段,.13,都市：住
RPROMLRJMHMFFEA28CB,蘭雅段二小段,1.36,都市：住
RPROMLRJMHMFFEA28CB,蘭雅段二小段,.04,都市：住
RPROMLRJMHMFFEA28CB,蘭雅段二小段,1.38,都市：住
RPROMLRJMHMFFEA28CB,蘭雅段二小段,1.40,都市：住
RPROMLRJMHMFFEA28CB,蘭雅段二小段,1.40,都市：住
RPROMLRJMHMFFEA28CB,蘭雅段二小段,.92,都市：住
RPROMLRJMHMFFEA28CB,蘭雅段二小段,.07,都市：住
RPROMLRJMHMFFEA28CB,蘭雅段二小段,2.51,都市：住
RPROMLRJMHMFFEA28CB,蘭雅段二小段,2.01,都市：住
RPROMLRJMHMFFEA28CB,蘭雅段二小段,1.05,都市：住
RPROMLRJMHMFFEA28CB,蘭雅段二小段,1.83,都市：住
RPROMLRJMHMFFEA28CB,蘭雅段二小段,3.28,都市：住
RPROMLRJMHMFFEA28CB,蘭雅段二小段,.47,都市：住
RPROMLRJMHMFFEA28CB,蘭雅段二小段,.23,都市：住
RPROMLRJMHMFFEA28CB,蘭雅段二小段,2.67,都市：住
RPROMLRJMHMFFEA28CB,蘭雅段二小段,.25,都市：住
RPWOMLRJMHMFFEA78CB,蘭雅段二小段,.62,都市：住
RPWOMLRJMHMFFEA78CB,蘭雅段二小段,.01,都市：住
RPWOMLRJMHMFFEA78CB,蘭雅段二小段,1.22,都市：住
RPWOMLRJMHMFFEA78CB,蘭雅段二小段,1.22,都市：住
RPWOMLRJMHMFFEA78CB,蘭雅段二小段,.07,都市：住
RPWOMLRJMHMFFEA78CB,蘭雅段二小段,2.31,都市：住
RPWOMLRJMHMFFEA78CB,蘭雅段二小段,.23,都市：住
RPWOMLRJMHMFFEA78CB,蘭雅段二小段,1.12,都市：住
RPWOMLRJMHMFFEA78CB,蘭雅段二小段,.13,都市：住
RPWOMLRJMHMFFEA78CB,蘭雅段二小段,1.25,都市：住
RPWOMLRJMHMFFEA78CB,蘭雅段二小段,.13,都市：住
RPWOMLRJMHMFFEA78CB,蘭雅段二小段,1.35,都市：住
RPWOMLRJMHMFFEA78CB,蘭雅段二小段,.04,都市：住
RPWOMLRJMHMFFEA78CB,蘭雅段二小段,1.38,都市：住
RPWOMLRJMHMFFEA78CB,蘭雅段二小段,1.39,都市：住
RPWOMLRJMHMFFEA78CB,蘭雅段二小段,1.39,都市：住
RPWOMLRJMHMFFEA78CB,蘭雅段二小段,.92,都市：住
RPWOMLRJMHMFFEA78CB,蘭雅段二小段,.07,都市：住
RPWOMLRJMHMFFEA78CB,蘭雅段二小段,2.51,都市：住
RPWOMLRJMHMFFEA78CB,蘭雅段二小段,2.01,都市：住
RPWOMLRJMHMFFEA78CB,蘭雅段二小段,1.05,都市：住
RPWOMLRJMHMFFEA78CB,蘭雅段二小段,1.83,都市：住
RPWOMLRJMHMFFEA78CB,蘭雅段二小段,3.28,都市：住
RPWOMLRJMHMFFEA78CB,蘭雅段二小段,.46,都市：住
RPWOMLRJMHMFFEA78CB,蘭雅段二小段,.23,都市：住
RPWOMLRJMHMFFEA78CB,蘭雅段二小段,2.67,都市：住
RPWOMLRJMHMFFEA78CB,蘭雅段二小段,.25,都市：住
RPXOMLRJMHMFFEA88CB,蘭雅段二小段,.62,都市：住
RPXOMLRJMHMFFEA88CB,蘭雅段二小段,.01,都市：住
RPXOMLRJMHMFFEA88CB,蘭雅段二小段,1.22,都市：住
RPXOMLRJMHMFFEA88CB,蘭雅段二小段,1.22,都市：住
RPXOMLRJMHMFFEA88CB,蘭雅段二小段,.07,都市：住
RPXOMLRJMHMFFEA88CB,蘭雅段二小段,2.31,都市：住
RPXOMLRJMHMFFEA88CB,蘭雅段二小段,.23,都市：住
RPXOMLRJMHMFFEA88CB,蘭雅段二小段,1.12,都市：住
RPXOMLRJMHMFFEA88CB,蘭雅段二小段,.13,都市：住
RPXOMLRJMHMFFEA88CB,蘭雅段二小段,1.25,都市：住
RPXOMLRJMHMFFEA88CB,蘭雅段二小段,.13,都市：住
RPXOMLRJMHMFFEA88CB,蘭雅段二小段,1.35,都市：住
RPXOMLRJMHMFFEA88CB,蘭雅段二小段,.04,都市：住
RPXOMLRJMHMFFEA88CB,蘭雅段二小段,1.38,都市：住
RPXOMLRJMHMFFEA88CB,蘭雅段二小段,1.39,都市：住
RPXOMLRJMHMFFEA88CB,蘭雅段二小段,1.39,都市：住
RPXOMLRJMHMFFEA88CB,蘭雅段二小段,.92,都市：住
RPXOMLRJMHMFFEA88CB,蘭雅段二小段,.07,都市：住
RPXOMLRJMHMFFEA88CB,蘭雅段二小段,2.51,都市：住
RPXOMLRJMHMFFEA88CB,蘭雅段二小段,2.01,都市：住
RPXOMLRJMHMFFEA88CB,蘭雅段二小段,1.05,都市：住
RPXOMLRJMHMFFEA88CB,蘭雅段二小段,1.83,都市：住
RPXOMLRJMHMFFEA88CB,蘭雅段二小段,3.28,都市：住
RPXOMLRJMHMFFEA88CB,蘭雅段二小段,.46,都市：住
RPXOMLRJMHMFFEA88CB,蘭雅段二小段,.23,都市：住
RPXOMLRJMHMFFEA88CB,蘭雅段二小段,2.67,都市：住
RPXOMLRJMHMFFEA88CB,蘭雅段二小段,.25,都市：住
RPRPMLRJMHMFFEA38CB,蘭雅段二小段,.95,都市：住
RPRPMLRJMHMFFEA38CB,蘭雅段二小段,.02,都市：住
RPTPMLRJMHMFFEA58CB,蘭雅段二小段,.62,都市：住
RPRPMLRJMHMFFEA38CB,蘭雅段二小段,1.85,都市：住
RPTPMLRJMHMFFEA58CB,蘭雅段二小段,.01,都市：住
RPRPMLRJMHMFFEA38CB,蘭雅段二小段,1.85,都市：住
RPTPMLRJMHMFFEA58CB,蘭雅段二小段,1.21,都市：住
RPRPMLRJMHMFFEA38CB,蘭雅段二小段,.10,都市：住
RPTPMLRJMHMFFEA58CB,蘭雅段二小段,1.21,都市：住
RPRPMLRJMHMFFEA38CB,蘭雅段二小段,3.50,都市：住
RPTPMLRJMHMFFEA58CB,蘭雅段二小段,.07,都市：住
RPRPMLRJMHMFFEA38CB,蘭雅段二小段,.34,都市：住
RPTPMLRJMHMFFEA58CB,蘭雅段二小段,2.29,都市：住
RPRPMLRJMHMFFEA38CB,蘭雅段二小段,1.69,都市：住
RPTPMLRJMHMFFEA58CB,蘭雅段二小段,.22,都市：住
RPRPMLRJMHMFFEA38CB,蘭雅段二小段,.20,都市：住
RPTPMLRJMHMFFEA58CB,蘭雅段二小段,1.11,都市：住
RPRPMLRJMHMFFEA38CB,蘭雅段二小段,1.89,都市：住
RPTPMLRJMHMFFEA58CB,蘭雅段二小段,.13,都市：住
RPRPMLRJMHMFFEA38CB,蘭雅段二小段,.20,都市：住
RPTPMLRJMHMFFEA58CB,蘭雅段二小段,1.24,都市：住
RPRPMLRJMHMFFEA38CB,蘭雅段二小段,2.05,都市：住
RPTPMLRJMHMFFEA58CB,蘭雅段二小段,.13,都市：住
RPRPMLRJMHMFFEA38CB,蘭雅段二小段,.06,都市：住
RPTPMLRJMHMFFEA58CB,蘭雅段二小段,1.34,都市：住
RPRPMLRJMHMFFEA38CB,蘭雅段二小段,2.09,都市：住
RPTPMLRJMHMFFEA58CB,蘭雅段二小段,.04,都市：住
RPRPMLRJMHMFFEA38CB,蘭雅段二小段,2.11,都市：住
RPTPMLRJMHMFFEA58CB,蘭雅段二小段,1.37,都市：住
RPRPMLRJMHMFFEA38CB,蘭雅段二小段,2.11,都市：住
RPRPMLRJMHMFFEA38CB,蘭雅段二小段,1.39,都市：住
RPTPMLRJMHMFFEA58CB,蘭雅段二小段,1.38,都市：住
RPRPMLRJMHMFFEA38CB,蘭雅段二小段,.10,都市：住
RPTPMLRJMHMFFEA58CB,蘭雅段二小段,1.38,都市：住
RPRPMLRJMHMFFEA38CB,蘭雅段二小段,3.80,都市：住
RPTPMLRJMHMFFEA58CB,蘭雅段二小段,.91,都市：住
RPRPMLRJMHMFFEA38CB,蘭雅段二小段,3.04,都市：住
RPTPMLRJMHMFFEA58CB,蘭雅段二小段,.07,都市：住
RPRPMLRJMHMFFEA38CB,蘭雅段二小段,1.59,都市：住
RPTPMLRJMHMFFEA58CB,蘭雅段二小段,2.49,都市：住
RPRPMLRJMHMFFEA38CB,蘭雅段二小段,2.78,都市：住
RPTPMLRJMHMFFEA58CB,蘭雅段二小段,1.99,都市：住
RPRPMLRJMHMFFEA38CB,蘭雅段二小段,4.97,都市：住
RPTPMLRJMHMFFEA58CB,蘭雅段二小段,1.04,都市：住
RPRPMLRJMHMFFEA38CB,蘭雅段二小段,.70,都市：住
RPTPMLRJMHMFFEA58CB,蘭雅段二小段,1.82,都市：住
RPRPMLRJMHMFFEA38CB,蘭雅段二小段,.34,都市：住
RPTPMLRJMHMFFEA58CB,蘭雅段二小段,3.26,都市：住
RPRPMLRJMHMFFEA38CB,蘭雅段二小段,4.04,都市：住
RPTPMLRJMHMFFEA58CB,蘭雅段二小段,.46,都市：住
RPRPMLRJMHMFFEA38CB,蘭雅段二小段,.38,都市：住
RPTPMLRJMHMFFEA58CB,蘭雅段二小段,.22,都市：住
RPTPMLRJMHMFFEA58CB,蘭雅段二小段,2.65,都市：住
RPTPMLRJMHMFFEA58CB,蘭雅段二小段,.25,都市：住
RPSPMLRJMHMFFEA48CB,蘭雅段二小段,1.29,都市：住
RPSPMLRJMHMFFEA48CB,蘭雅段二小段,.02,都市：住
RPSPMLRJMHMFFEA48CB,蘭雅段二小段,2.52,都市：住
RPSPMLRJMHMFFEA48CB,蘭雅段二小段,2.52,都市：住
RPSPMLRJMHMFFEA48CB,蘭雅段二小段,.14,都市：住
RPSPMLRJMHMFFEA48CB,蘭雅段二小段,4.77,都市：住
RPSPMLRJMHMFFEA48CB,蘭雅段二小段,.47,都市：住
RPSPMLRJMHMFFEA48CB,蘭雅段二小段,2.31,都市：住
RPSPMLRJMHMFFEA48CB,蘭雅段二小段,.27,都市：住
RPSPMLRJMHMFFEA48CB,蘭雅段二小段,2.58,都市：住
RPSPMLRJMHMFFEA48CB,蘭雅段二小段,.27,都市：住
RPSPMLRJMHMFFEA48CB,蘭雅段二小段,2.80,都市：住
RPSPMLRJMHMFFEA48CB,蘭雅段二小段,.08,都市：住
RPSPMLRJMHMFFEA48CB,蘭雅段二小段,2.85,都市：住
RPSPMLRJMHMFFEA48CB,蘭雅段二小段,2.88,都市：住
RPSPMLRJMHMFFEA48CB,蘭雅段二小段,2.88,都市：住
RPSPMLRJMHMFFEA48CB,蘭雅段二小段,1.89,都市：住
RPSPMLRJMHMFFEA48CB,蘭雅段二小段,.14,都市：住
RPSPMLRJMHMFFEA48CB,蘭雅段二小段,5.19,都市：住
RPSPMLRJMHMFFEA48CB,蘭雅段二小段,4.14,都市：住
RPSPMLRJMHMFFEA48CB,蘭雅段二小段,2.17,都市：住
RPSPMLRJMHMFFEA48CB,蘭雅段二小段,3.79,都市：住
RPSPMLRJMHMFFEA48CB,蘭雅段二小段,6.78,都市：住
RPSPMLRJMHMFFEA48CB,蘭雅段二小段,.96,都市：住
RPSPMLRJMHMFFEA48CB,蘭雅段二小段,.47,都市：住
RPSPMLRJMHMFFEA48CB,蘭雅段二小段,5.52,都市：住
RPSPMLRJMHMFFEA48CB,蘭雅段二小段,.52,都市：住
RPOPMLRJMHMFFEA08CB,蘭雅段二小段,.94,都市：住
RPOPMLRJMHMFFEA08CB,蘭雅段二小段,.02,都市：住
RPOPMLRJMHMFFEA08CB,蘭雅段二小段,1.84,都市：住
RPOPMLRJMHMFFEA08CB,蘭雅段二小段,1.84,都市：住
RPOPMLRJMHMFFEA08CB,蘭雅段二小段,.10,都市：住
RPOPMLRJMHMFFEA08CB,蘭雅段二小段,3.48,都市：住
RPOPMLRJMHMFFEA08CB,蘭雅段二小段,.34,都市：住
RPOPMLRJMHMFFEA08CB,蘭雅段二小段,1.68,都市：住
RPOPMLRJMHMFFEA08CB,蘭雅段二小段,.20,都市：住
RPOPMLRJMHMFFEA08CB,蘭雅段二小段,1.88,都市：住
RPOPMLRJMHMFFEA08CB,蘭雅段二小段,.20,都市：住
RPOPMLRJMHMFFEA08CB,蘭雅段二小段,2.04,都市：住
RPOPMLRJMHMFFEA08CB,蘭雅段二小段,.06,都市：住
RPOPMLRJMHMFFEA08CB,蘭雅段二小段,2.08,都市：住
RPOPMLRJMHMFFEA08CB,蘭雅段二小段,2.10,都市：住
RPOPMLRJMHMFFEA08CB,蘭雅段二小段,2.10,都市：住
RPOPMLRJMHMFFEA08CB,蘭雅段二小段,1.38,都市：住
RPOPMLRJMHMFFEA08CB,蘭雅段二小段,.10,都市：住
RPOPMLRJMHMFFEA08CB,蘭雅段二小段,3.78,都市：住
RPOPMLRJMHMFFEA08CB,蘭雅段二小段,3.02,都市：住
RPOPMLRJMHMFFEA08CB,蘭雅段二小段,1.58,都市：住
RPOPMLRJMHMFFEA08CB,蘭雅段二小段,2.76,都市：住
RPOPMLRJMHMFFEA08CB,蘭雅段二小段,4.95,都市：住
RPOPMLRJMHMFFEA08CB,蘭雅段二小段,.70,都市：住
RPOPMLRJMHMFFEA08CB,蘭雅段二小段,.34,都市：住
RPOPMLRJMHMFFEA08CB,蘭雅段二小段,4.02,都市：住
RPOPMLRJMHMFFEA08CB,蘭雅段二小段,.38,都市：住
RPQPMLRJMHMFFEA28CB,蘭雅段二小段,.95,都市：住
RPQPMLRJMHMFFEA28CB,蘭雅段二小段,.02,都市：住
RPQPMLRJMHMFFEA28CB,蘭雅段二小段,1.85,都市：住
RPQPMLRJMHMFFEA28CB,蘭雅段二小段,1.85,都市：住
RPQPMLRJMHMFFEA28CB,蘭雅段二小段,.10,都市：住
RPQPMLRJMHMFFEA28CB,蘭雅段二小段,3.50,都市：住
RPQPMLRJMHMFFEA28CB,蘭雅段二小段,.34,都市：住
RPQPMLRJMHMFFEA28CB,蘭雅段二小段,1.69,都市：住
RPQPMLRJMHMFFEA28CB,蘭雅段二小段,.20,都市：住
RPQPMLRJMHMFFEA28CB,蘭雅段二小段,1.89,都市：住
RPQPMLRJMHMFFEA28CB,蘭雅段二小段,.20,都市：住
RPQPMLRJMHMFFEA28CB,蘭雅段二小段,2.05,都市：住
RPQPMLRJMHMFFEA28CB,蘭雅段二小段,.06,都市：住
RPQPMLRJMHMFFEA28CB,蘭雅段二小段,2.09,都市：住
RPQPMLRJMHMFFEA28CB,蘭雅段二小段,2.11,都市：住
RPQPMLRJMHMFFEA28CB,蘭雅段二小段,2.11,都市：住
RPQPMLRJMHMFFEA28CB,蘭雅段二小段,1.39,都市：住
RPQPMLRJMHMFFEA28CB,蘭雅段二小段,.10,都市：住
RPQPMLRJMHMFFEA28CB,蘭雅段二小段,3.80,都市：住
RPQPMLRJMHMFFEA28CB,蘭雅段二小段,3.04,都市：住
RPQPMLRJMHMFFEA28CB,蘭雅段二小段,1.59,都市：住
RPQPMLRJMHMFFEA28CB,蘭雅段二小段,2.78,都市：住
RPQPMLRJMHMFFEA28CB,蘭雅段二小段,4.97,都市：住
RPQPMLRJMHMFFEA28CB,蘭雅段二小段,.70,都市：住
RPQPMLRJMHMFFEA28CB,蘭雅段二小段,.34,都市：住
RPQPMLRJMHMFFEA28CB,蘭雅段二小段,4.04,都市：住
RPQPMLRJMHMFFEA28CB,蘭雅段二小段,.38,都市：住
RPPPMLRJMHMFFEA18CB,蘭雅段二小段,.95,都市：住
RPPPMLRJMHMFFEA18CB,蘭雅段二小段,.02,都市：住
RPPPMLRJMHMFFEA18CB,蘭雅段二小段,1.86,都市：住
RPPPMLRJMHMFFEA18CB,蘭雅段二小段,1.86,都市：住
RPPPMLRJMHMFFEA18CB,蘭雅段二小段,.10,都市：住
RPPPMLRJMHMFFEA18CB,蘭雅段二小段,3.52,都市：住
RPPPMLRJMHMFFEA18CB,蘭雅段二小段,.34,都市：住
RPPPMLRJMHMFFEA18CB,蘭雅段二小段,1.70,都市：住
RPPPMLRJMHMFFEA18CB,蘭雅段二小段,.20,都市：住
RPPPMLRJMHMFFEA18CB,蘭雅段二小段,1.90,都市：住
RPPPMLRJMHMFFEA18CB,蘭雅段二小段,.20,都市：住
RPPPMLRJMHMFFEA18CB,蘭雅段二小段,2.06,都市：住
RPPPMLRJMHMFFEA18CB,蘭雅段二小段,.06,都市：住
RPPPMLRJMHMFFEA18CB,蘭雅段二小段,2.10,都市：住
RPPPMLRJMHMFFEA18CB,蘭雅段二小段,2.12,都市：住
RPPPMLRJMHMFFEA18CB,蘭雅段二小段,2.12,都市：住
RPPPMLRJMHMFFEA18CB,蘭雅段二小段,1.40,都市：住
RPPPMLRJMHMFFEA18CB,蘭雅段二小段,.10,都市：住
RPPPMLRJMHMFFEA18CB,蘭雅段二小段,3.82,都市：住
RPPPMLRJMHMFFEA18CB,蘭雅段二小段,3.05,都市：住
RPPPMLRJMHMFFEA18CB,蘭雅段二小段,1.60,都市：住
RPPPMLRJMHMFFEA18CB,蘭雅段二小段,2.79,都市：住
RPPPMLRJMHMFFEA18CB,蘭雅段二小段,5.00,都市：住
RPPPMLRJMHMFFEA18CB,蘭雅段二小段,.71,都市：住
RPPPMLRJMHMFFEA18CB,蘭雅段二小段,.34,都市：住
RPPPMLRJMHMFFEA18CB,蘭雅段二小段,4.06,都市：住
RPPPMLRJMHMFFEA18CB,蘭雅段二小段,.38,都市：住
RPTOMLRJMHMFFEA48CB,蘭雅段二小段,.63,都市：住
RPTOMLRJMHMFFEA48CB,蘭雅段二小段,.01,都市：住
RPTOMLRJMHMFFEA48CB,蘭雅段二小段,1.23,都市：住
RPTOMLRJMHMFFEA48CB,蘭雅段二小段,1.23,都市：住
RPTOMLRJMHMFFEA48CB,蘭雅段二小段,.07,都市：住
RPTOMLRJMHMFFEA48CB,蘭雅段二小段,2.33,都市：住
RPTOMLRJMHMFFEA48CB,蘭雅段二小段,.23,都市：住
RPTOMLRJMHMFFEA48CB,蘭雅段二小段,1.12,都市：住
RPTOMLRJMHMFFEA48CB,蘭雅段二小段,.13,都市：住
RPTOMLRJMHMFFEA48CB,蘭雅段二小段,1.26,都市：住
RPTOMLRJMHMFFEA48CB,蘭雅段二小段,.13,都市：住
RPTOMLRJMHMFFEA48CB,蘭雅段二小段,1.37,都市：住
RPTOMLRJMHMFFEA48CB,蘭雅段二小段,.04,都市：住
RPTOMLRJMHMFFEA48CB,蘭雅段二小段,1.39,都市：住
RPTOMLRJMHMFFEA48CB,蘭雅段二小段,1.41,都市：住
RPTOMLRJMHMFFEA48CB,蘭雅段二小段,1.41,都市：住
RPTOMLRJMHMFFEA48CB,蘭雅段二小段,.92,都市：住
RPTOMLRJMHMFFEA48CB,蘭雅段二小段,.07,都市：住
RPTOMLRJMHMFFEA48CB,蘭雅段二小段,2.53,都市：住
RPTOMLRJMHMFFEA48CB,蘭雅段二小段,2.02,都市：住
RPTOMLRJMHMFFEA48CB,蘭雅段二小段,1.06,都市：住
RPTOMLRJMHMFFEA48CB,蘭雅段二小段,1.85,都市：住
RPTOMLRJMHMFFEA48CB,蘭雅段二小段,3.31,都市：住
RPTOMLRJMHMFFEA48CB,蘭雅段二小段,.47,都市：住
RPTOMLRJMHMFFEA48CB,蘭雅段二小段,.23,都市：住
RPTOMLRJMHMFFEA48CB,蘭雅段二小段,2.69,都市：住
RPTOMLRJMHMFFEA48CB,蘭雅段二小段,.25,都市：住
RPUPMLRJMHMFFEA68CB,蘭雅段二小段,.96,都市：住
RPUPMLRJMHMFFEA68CB,蘭雅段二小段,.02,都市：住
RPUPMLRJMHMFFEA68CB,蘭雅段二小段,1.88,都市：住
RPUPMLRJMHMFFEA68CB,蘭雅段二小段,1.88,都市：住
RPUPMLRJMHMFFEA68CB,蘭雅段二小段,.10,都市：住
RPUPMLRJMHMFFEA68CB,蘭雅段二小段,3.55,都市：住
RPUPMLRJMHMFFEA68CB,蘭雅段二小段,.35,都市：住
RPUPMLRJMHMFFEA68CB,蘭雅段二小段,1.72,都市：住
RPUPMLRJMHMFFEA68CB,蘭雅段二小段,.20,都市：住
RPUPMLRJMHMFFEA68CB,蘭雅段二小段,1.92,都市：住
RPUPMLRJMHMFFEA68CB,蘭雅段二小段,.20,都市：住
RPUPMLRJMHMFFEA68CB,蘭雅段二小段,2.08,都市：住
RPUPMLRJMHMFFEA68CB,蘭雅段二小段,.06,都市：住
RPUPMLRJMHMFFEA68CB,蘭雅段二小段,2.12,都市：住
RPUPMLRJMHMFFEA68CB,蘭雅段二小段,2.14,都市：住
RPUPMLRJMHMFFEA68CB,蘭雅段二小段,2.14,都市：住
RPUPMLRJMHMFFEA68CB,蘭雅段二小段,1.41,都市：住
RPUPMLRJMHMFFEA68CB,蘭雅段二小段,.10,都市：住
RPUPMLRJMHMFFEA68CB,蘭雅段二小段,3.86,都市：住
RPUPMLRJMHMFFEA68CB,蘭雅段二小段,3.08,都市：住
RPUPMLRJMHMFFEA68CB,蘭雅段二小段,1.61,都市：住
RPUPMLRJMHMFFEA68CB,蘭雅段二小段,2.82,都市：住
RPUPMLRJMHMFFEA68CB,蘭雅段二小段,5.04,都市：住
RPUPMLRJMHMFFEA68CB,蘭雅段二小段,.71,都市：住
RPUPMLRJMHMFFEA68CB,蘭雅段二小段,.35,都市：住
RPUPMLRJMHMFFEA68CB,蘭雅段二小段,4.10,都市：住
RPUPMLRJMHMFFEA68CB,蘭雅段二小段,.39,都市：住
RPOQMLKLMHMFFCA57DB,石潭段四小段,4.15,都市：商
RPOQMLKLMHMFFCA57DB,石潭段四小段,2.44,都市：商
RPOQMLKLMHMFFCA57DB,石潭段四小段,2.18,都市：商
RPVPMLKLMHMFFCA18DB,石潭段四小段,4.15,都市：商
RPVPMLKLMHMFFCA18DB,石潭段四小段,2.44,都市：商
RPVPMLKLMHMFFCA18DB,石潭段四小段,2.18,都市：商
