﻿編號,車位類別,車位價格,車位面積平方公尺
Serial number,berth category,berth price,berth area square meter
RPTOMLOKKHMFFCD28CC,升降機械,0,12.75
RPTNMLNLKHMFFAD97CC,坡道平面,0,169.72
RPVNMLLJLHMFFHR37CC,坡道平面,0,
RPSNMLMJLHMFFCD87CC,坡道平面,0,44.90
RPRNMLLJLHMFFHR07DC,坡道平面,0,
RPRNMLMJLHMFFHR07CC,坡道平面,0,67.80
RPRNMLOKLHMFFAD97DC,坡道平面,0,
RPRPMLOLLHMFFCD38CC,坡道機械,0,4.94
RPSOMLMLLHMFFAD97CC,坡道平面,0,
RPUOMLSLLHMFFHR28CC,坡道平面,0,16.43
RPRNMLTJMHMFFCD58CC,坡道平面,0,32.14
RPVNMLLLMHMFFHR67CC,坡道平面,0,18.74
