﻿編號,屋齡,建物移轉面積平方公尺,主要用途,主要建材,建築完成日期,總層數,建物分層
The serial number,room age,building shifting area square meter,the main use,main building materials,construction completes the date,total layer,building lamination
RPPNMLQJKHMFFAM38CA,31,120.74,住家用,加強磚造,75年2月5日,二層,一層 二層
RPQNMLNJKHMFFBM28CA,39,81.78,住家用,鋼筋混凝土加強磚造,67年5月6日,二層,一層 二層
RPSNMLPKKHMFFBM78CA,26,123.25,商業用,鋼筋混凝土造,80年3月23日,十二層,六層
RPSNMLPKKHMFFBM78CA,26,67.79,見其他登記事項,鋼筋混凝土造,80年3月23日,十二層,
RPSNMLPKKHMFFBM78CA,26,7.84,見其他登記事項,鋼筋混凝土造,80年3月23日,十二層,
RPSNMLPKKHMFFBM78CA,26,.53,見其他登記事項,鋼筋混凝土造,80年3月23日,十二層,
RPUNMLSJKHMFFCM76DA,50,20.29,住家用,鋼筋混凝土加強磚造,56年5月15日,二層,一層 二層
RPWNMLRJKHMFFCM86DA,19,150.12,住家用,鋼筋混凝土造,87年1月17日,二層,一層 二層
RPRNMLQKKHMFFCM88CA,17,207.02,住家用,鋼筋混凝土造,88年8月7日,三層,一層 二層 三層 騎樓
RPPNMLRKKHMFFDM88CA,37,71.39,住家用,鋼筋混凝土加強磚造,68年10月30日,一層,一層
RPPNMLQKKHMFFDM88DA,13,151.11,住家用,鋼筋混凝土造,93年2月5日,三層,一層 二層 三層 屋頂突出物
RPSNMLRJKHMFFAM78CA,23,194.30,住家用,鋼筋混凝土造,82年12月24日,三層,一層 二層 三層
RPQNMLSJKHMFFDM98CA,36,117.00,住家用,鋼筋混凝土加強磚造,69年12月31日,二層,一層 二層
RPQNMLSJKHMFFEM09CA,34,104.48,住商用,鋼筋混凝土加強磚造,72年1月31日,三層,一層 二層 三層
RPQNMLQJKHMFFDM88DA,13,151.11,住家用,鋼筋混凝土造,93年2月5日,三層,一層 二層 三層 屋頂突出物
RPVNMLPKKHMFFAM98CA,29,97.00,住家用,加強磚造,76年9月16日,二層,一層 二層
RPXNMLSJKHMFFAM76CA,33,126.15,住商用,鋼筋混凝土造,73年6月11日,三層,一層 二層 三層 騎樓
RPUNMLQKKHMFFCM56CA,31,123.57,住家用,鋼筋混凝土造,74年5月31日,二層,一層 二層 騎樓
RPPNMLPKKHMFFBM48CA,1,209.23,見其他登記事項,鋼筋混凝土造,104年7月14日,三層,一層 二層 三層 見其他登記事項
RPTNMLSKKHMFFCM66CA,2,111.74,見其他登記事項,鋼筋混凝土造,104年6月3日,三層,一層 二層 三層 見其他登記事項
RPTNMLSKKHMFFCM66CA,2,111.74,見其他登記事項,鋼筋混凝土造,104年6月3日,三層,一層 二層 三層 見其他登記事項
RPVNMLNKKHMFFAM78CA,37,95.06,住商用,鋼筋混凝土加強磚造,69年1月11日,二層,一層 二層
RPQNMLPKKHMFFBM58CA,1,219.27,見其他登記事項,鋼筋混凝土造,104年7月14日,三層,一層 二層 三層 見其他登記事項
RPPNMLKLKHMFFBM08CA,37,82.56,住家用,鋼筋混凝土造,69年1月24日,二層,一層 二層
RPPNMLLKKHMFFBM08CA,4,220.64,住家用,鋼筋混凝土造,101年8月20日,四層,一層 二層 三層 四層
RPPNMLTJKHMFFCM88CA,32,102.80,住家用,鋼筋混凝土造,74年5月22日,二層,一層 二層
RPTNMLSJKHMFFCM56CA,18,122.90,住家用,鋼筋混凝土造,87年10月19日,二層,一層 二層 屋頂突出物
RPQNMLLLKHMFFCM38CA,43,70.74,住家用,鋼筋混凝土加強磚造,62年7月9日,二層,一層 二層
RPQNMLKKKHMFFDM28CA,17,284.56,商業用,見其他登記事項,89年2月10日,一層,一層
RPQNMLTJKHMFFDM09CA,36,54.18,住商用,加強磚造,70年3月3日,二層,一層 二層 騎樓
RPPNMLOLKHMFFAM38CA,6,206.91,住家用,鋼筋混凝土造,99年12月13日,四層,一層 二層 三層 四層
RPTNMLOLKHMFFAM78CA,13,226.73,住家用,鋼筋混凝土造,92年11月21日,四層,一層 二層 三層 四層
RPTNMLKKKHMFFCM58DA,31,130.50,住家用,鋼筋混凝土造,75年5月23日,二層,一層 二層 騎樓
RPSNMLMJLHMFFAM38CA,45,59.40,商業用,見其他登記事項,60年12月29日,二層,一層 二層 騎樓
RPXNMLNKKHMFFBM09CA,37,95.52,住家用,鋼筋混凝土加強磚造,69年5月28日,二層,一層 二層
RPXNMLNKKHMFFBM09CA,37,95.52,住家用,鋼筋混凝土加強磚造,69年5月28日,二層,一層 二層
RPTNMLQKKHMFFAM88CA,36,81.00,住家用,鋼筋混凝土加強磚造,69年12月1日,二層,一層 二層
RPTNMLNKKHMFFDM98DA,13,151.11,住家用,鋼筋混凝土造,93年2月5日,三層,一層 二層 三層 屋頂突出物
RPWNMLNKKHMFFDM66DA,13,151.11,住家用,鋼筋混凝土造,93年2月5日,三層,一層 二層 三層 屋頂突出物
RPVPMLNKKHMFFBM09CA,11,123.77,住家用,鋼筋混凝土造,94年12月30日,二層,一層 二層 屋頂突出物
RPVNMLNKKHMFFDM56DA,13,151.11,住家用,鋼筋混凝土造,93年2月5日,三層,一層 二層 三層 屋頂突出物
RPUNMLNKKHMFFDM09DA,13,151.11,住家用,鋼筋混凝土造,93年2月5日,三層,一層 二層 三層 屋頂突出物
RPPNMLNKKHMFFCM38CA,41,123.94,住家用,鋼筋混凝土加強磚造,64年10月15日,二層,一層 二層
RPRNMLKLLHMFFDM58CA,38,117.30,住商用,鋼筋混凝土加強磚造,68年3月10日,二層,一層 二層 騎樓
RPQNMLNKKHMFFCM48CA,47,232.08,住商用,鋼筋混凝土加強磚造,58年8月20日,三層,一層 二層 三層 騎樓
RPSNMLOLKHMFFCM88CA,2,370.38,見其他登記事項,鋼筋混凝土造,104年2月9日,四層,一層 二層 三層 四層 見其他登記事項
RPQNMLOLKHMFFBM58CA,23,67.96,住商用,鋼筋混凝土造,83年7月21日,十三層,一層 二層 騎樓
RPQNMLOLKHMFFBM58CA,23,8.82,見其他登記事項,鋼筋混凝土造,83年7月21日,十三層,
RPUNMLMJLHMFFCM78CA,15,237.85,見其他登記事項,鋼筋混凝土造,91年1月28日,三層,一層 二層 三層 屋頂突出物 騎樓
RPRNMLMJLHMFFAM28CA,29,140.05,住家用,加強磚造,76年11月7日,二層,一層 二層
RPPNMLTLLHMFFCM56CA,88,69.00,住家用,加強磚造,17年9月25日,一層,一層
RPTNMLKLKHMFFBM48CA,3,244.22,住家用,鋼筋混凝土造,102年11月29日,三層,一層 二層 三層
RPUNMLKLKHMFFBM58CA,3,246.22,住家用,鋼筋混凝土造,102年11月29日,三層,一層 二層 三層
RPVNMLPKKHMFFCM56CA,47,111.83,住家用,鋼筋混凝土加強磚造,58年10月25日,二層,一層 二層 騎樓
RPPNMLQKKHMFFAM48CA,28,148.51,住家用,鋼筋混凝土造,78年7月10日,三層,一層 二層 三層
RPUNMLPKKHMFFAM88CA,36,129.36,住商用,鋼筋混凝土加強磚造,69年12月31日,二層,一層 二層 騎樓
RPSNMLPKKHMFFAM68CA,23,140.90,住家用,鋼筋混凝土造,83年4月27日,三層,一層 二層 三層 屋頂突出物 騎樓
RPPNMLNLKHMFFCM48CA,20,179.12,住商用,鋼筋混凝土造,85年11月22日,三層,一層 二層 三層 屋頂突出物 騎樓
RPVNMLLJLHMFFAM58CA,10,104.12,住家用,鋼筋混凝土造,95年6月23日,三層,一層 二層 三層 屋頂突出物
RPROMLLJLHMFFDM68DA,11,185.93,住商用,鋼筋混凝土造,89年12月22日,三層,一層 二層 三層
RPRNMLRJLHMFFDM09CA,2,191.09,見其他登記事項,鋼筋混凝土造,103年12月27日,三層,一層 二層 三層 見其他登記事項
RPQNMLQKKHMFFCM78CA,12,157.53,住家用,鋼筋混凝土造,93年11月1日,三層,一層 二層 三層 屋頂突出物
RPQNMLQKKHMFFCM78CA,36,73.13,住商用,見其他登記事項,70年1月16日,二層,一層 二層
RPPNMLLKLHMFFCM28CA,17,2196.84,見其他登記事項,見其他登記事項,89年1月1日,一層,一層
RPPNMLLKLHMFFCM28CA,17,128.10,農舍,磚造,89年1月1日,一層,一層
RPSNMLRKKHMFFDM56CA,21,54.73,見其他登記事項,鋼筋混凝土造,85年4月1日,四層,一層
RPSNMLRKKHMFFDM56CA,21,14.46,見其他登記事項,鋼筋混凝土造,85年4月1日,四層,
RPUNMLSJLHMFFDM86CA,18,224.70,住商用,鋼筋混凝土造,87年8月17日,四層,一層 二層 三層 四層 騎樓 電梯樓梯間
RPSNMLKLKHMFFCM58DA,35,117.60,住家用,加強磚造,70年10月15日,二層,一層 二層 騎樓
RPXNMLRKKHMFFAM76CA,,379.99,住家用,鋼筋混凝土造,105年7月18日,五層,一層 二層 三層 四層 五層
RPOOMLRKKHMFFAM58CA,,388.35,住家用,鋼筋混凝土造,105年7月18日,五層,一層 二層 三層 四層 五層
RPPOMLRKKHMFFAM68CA,,388.35,住家用,鋼筋混凝土造,105年7月18日,五層,一層 二層 三層 四層 五層
RPOOMLLJLHMFFAM97CA,9,247.02,農舍,鋼筋混凝土造,96年12月18日,三層,一層 二層 三層 屋頂突出物
RPPNMLLJLHMFFAM97CA,24,126.72,住商用,加強磚造,81年7月7日,二層,一層 二層 騎樓
RPQNMLOLKHMFFDM88DA,13,151.11,住家用,鋼筋混凝土造,93年2月5日,三層,一層 二層 三層 屋頂突出物
RPWNMLOLKHMFFBM56CA,38,111.20,住商用,鋼筋混凝土加強磚造,68年2月22日,二層,一層 二層 騎樓
RPSNMLKLKHMFFAM38DA,23,95.68,住家用,鋼筋混凝土造,83年5月3日,五層,三層
RPSNMLKLKHMFFAM38DA,23,17.26,見其他登記事項,鋼筋混凝土造,83年5月3日,五層,
RPUNMLSKKHMFFCM76CA,9,200.98,農舍,見其他登記事項,97年4月14日,二層,一層 二層
RPTNMLRKKHMFFAM98CA,22,109.20,見其他登記事項,鋼筋混凝土造,83年11月9日,十六層,一層 二層 騎樓
RPTNMLRKKHMFFAM98CA,22,16.71,見其他登記事項,鋼筋混凝土造,83年11月9日,十六層,
RPQNMLKLKHMFFAM08CA,21,205.53,見其他登記事項,鋼筋混凝土造,84年11月4日,四層,一層 二層 三層 四層 屋頂突出物 騎樓
RPPNMLLJLHMFFCM18CA,33,117.02,住商用,鋼筋混凝土造,72年12月29日,二層,一層 二層 騎樓
RPQNMLSKKHMFFDM09CA,14,69.52,住家用,鋼筋混凝土造,92年6月26日,三層,
RPQNMLSKKHMFFDM09CA,14,69.52,住家用,鋼筋混凝土造,92年6月26日,三層,
RPPNMLPLKHMFFBM58CA,21,87.36,住家用,鋼筋混凝土造,84年9月27日,十二層,十二層
RPPNMLPLKHMFFBM58CA,21,30.82,見其他登記事項,鋼筋混凝土造,84年9月27日,十二層,
RPTNMLKKLHMFFBM48CA,37,153.24,住商用,鋼筋混凝土造,68年11月5日,三層,一層 二層 三層 騎樓
RPQNMLLJLHMFFDM38CA,18,175.30,住商用,鋼筋混凝土造,88年1月21日,三層,一層 二層 三層 電梯樓梯間
RPVNMLMLKHMFFBM88CA,2,232.39,見其他登記事項,鋼筋混凝土造,103年9月1日,四層,一層 二層 三層 四層 騎樓
RPXNMLKMLHMFFCM56CA,12,139.37,農舍,鋼筋混凝土造,94年5月20日,二層,一層 二層
RPQNMLRLLHMFFDM56CA,45,212.16,工業用,鋼筋混凝土加強磚造,60年10月15日,二層,一層 二層
RPXNMLOLKHMFFCM76CA,37,19.27,住家用,加強磚造,69年7月3日,一層,一層
RPQNMLRJLHMFFBM78CA,,180.61,住家用,鋼筋混凝土造,105年11月2日,四層,一層 二層 三層 四層
RPSNMLLJLHMFFCM48CA,30,154.71,住商用,鋼筋混凝土造,76年3月23日,二層,一層 二層 騎樓
RPVNMLOLKHMFFAM98CA,21,120.05,住家用,鋼筋混凝土造,84年9月12日,三層,一層 二層 三層
RPUNMLLLKHMFFCM78CA,21,180.12,住家用,鋼筋混凝土造,85年4月8日,三層,一層 二層 三層 屋頂突出物
RPRNMLLLKHMFFCM48CA,24,143.68,住家用,鋼筋混凝土造,81年8月17日,三層,一層 二層 三層
RPPNMLMLKHMFFDM48CA,37,108.36,住商用,鋼筋混凝土加強磚造,68年12月19日,二層,一層 二層 騎樓
RPSNMLRJLHMFFDM56CA,13,151.11,住家用,鋼筋混凝土造,93年2月5日,三層,一層 二層 三層 屋頂突出物
RPSNMLNLKHMFFBM68CA,25,90.77,住家用,鋼筋混凝土造,80年11月15日,七層,二層
RPSNMLNLKHMFFBM68CA,25,40.18,見其他登記事項,鋼筋混凝土造,80年11月15日,七層,
RPSNMLNLKHMFFBM68CA,25,1.56,商業用,鋼筋混凝土造,80年11月15日,七層,
RPTNMLMJLHMFFDM78CA,35,101.69,住商用,鋼筋混凝土造,70年10月30日,二層,一層 二層
RPTNMLMJLHMFFDM78CA,35,135.45,住商用,鋼筋混凝土造,70年10月30日,二層,一層 二層
RPRNMLLJLHMFFAM18CA,36,100.80,住家用,鋼筋混凝土加強磚造,69年12月1日,二層,一層 二層
RPPNMLTKLHMFFAM88CA,,222.44,住家用,鋼筋混凝土造,105年10月6日,四層,一層 二層 三層 四層
RPPNMLMJLHMFFAM08CA,1,197.16,見其他登記事項,鋼筋混凝土造,105年6月20日,四層,一層 二層 三層 四層
RPPNMLMJLHMFFBM18CA,3,268.88,見其他登記事項,鋼筋混凝土造,102年9月25日,三層,一層 二層 三層 見其他登記事項
RPRNMLLLKHMFFAM28CA,21,83.27,住家用,鋼筋混凝土造,85年2月7日,八層,八層
RPRNMLLLKHMFFAM28CA,21,7.48,住家用,鋼筋混凝土造,85年2月7日,八層,
RPRNMLLLKHMFFAM28CA,21,23.60,住家用,鋼筋混凝土造,85年2月7日,八層,
RPSNMLLLKHMFFAM38CA,13,171.17,住家用,鋼筋混凝土造,92年12月29日,三層,一層 二層 三層 屋頂突出物
RPTNMLLJLHMFFAM38CA,8,204.03,住商用,鋼筋混凝土造,97年10月31日,三層,一層 二層 三層 屋頂突出物
RPPNMLLJLHMFFDM38DA,13,151.11,住家用,鋼筋混凝土造,93年2月5日,三層,一層 二層 三層 屋頂突出物
RPPOMLQJLHMFFCM88DA,6,199.85,見其他登記事項,鋼筋混凝土造,100年1月25日,三層,一層 二層 三層 見其他登記事項
RPPNMLKLLHMFFAM08CA,1,74.89,見其他登記事項,鋼筋混凝土造,105年7月26日,三層,一層 二層 三層
RPPNMLKLLHMFFAM08CA,1,74.89,見其他登記事項,鋼筋混凝土造,105年7月26日,三層,一層 二層 三層
RPUNMLQJLHMFFBM56DA,19,310.13,農舍,鋼筋混凝土造,87年4月27日,三層,一層 二層 三層 電梯樓梯間
RPRNMLMLKHMFFBM48CA,24,70.79,住家用,鋼筋混凝土造,82年5月27日,七層,五層
RPRNMLMLKHMFFBM48CA,24,14.92,見其他登記事項,鋼筋混凝土造,82年5月27日,七層,
RPRNMLMLKHMFFBM48CA,24,7.88,見其他登記事項,鋼筋混凝土造,82年5月27日,七層,
RPPNMLQJLHMFFBM58CA,37,142.41,住家用,加強磚造,,二層,一層 二層 騎樓
RPSNMLTJLHMFFBM56CA,,208.21,住家用,鋼筋混凝土造,105年8月22日,四層,一層 二層 三層 四層
RPTNMLNLKHMFFDM98CA,13,151.11,住家用,鋼筋混凝土造,93年2月5日,三層,一層 二層 三層 屋頂突出物
RPUNMLKKLHMFFBM58CA,,208.21,住家用,鋼筋混凝土造,105年8月22日,四層,一層 二層 三層 四層
RPPNMLOLKHMFFDM78DA,13,151.11,住家用,鋼筋混凝土造,93年2月5日,三層,一層 二層 三層 屋頂突出物
RPPNMLMJLHMFFEM48CA,39,254.80,住商用,鋼筋混凝土加強磚造,67年4月12日,四層,一層 二層 三層 四層 騎樓
RPQNMLRKLHMFFCM98CA,27,144.00,住家用,木造,79年1月9日,二層,一層 二層
RPXNMLPKLHMFFCM86CA,21,64.53,見其他登記事項,鋼筋混凝土造,84年11月22日,十二層,十二層
RPXNMLPKLHMFFCM86CA,21,31.89,見其他登記事項,鋼筋混凝土造,84年11月22日,十二層,
RPTNMLOLKHMFFBM98DA,46,50.84,住家用,加強磚造,60年1月15日,一層,一層 騎樓
RPPNMLLJLHMFFBM08CA,31,127.35,住家用,鋼筋混凝土造,75年2月17日,三層,一層 二層 三層
RPQNMLLJLHMFFAM08CA,1,156.74,見其他登記事項,鋼筋混凝土造,105年8月2日,三層,一層 二層 三層 屋頂突出物
RPVNMLMJLHMFFAM68CA,9,369.95,住家用,鋼筋混凝土造,96年9月28日,四層,一層 二層 三層 四層
RPQNMLNJLHMFFAM28CA,37,118.36,住商用,鋼筋混凝土加強磚造,69年7月8日,二層,一層 二層 騎樓
RPXNMLKKLHMFFAM78CA,2,274.21,見其他登記事項,鋼筋混凝土造,104年3月20日,四層,一層 二層 三層 四層 屋頂突出物
RPRNMLLJLHMFFCM38CA,27,55.80,住家用,鋼筋混凝土造,78年11月22日,二層,一層 二層
RPTNMLLJLHMFFDM68CA,15,115.58,住家用,鋼筋混凝土造,90年8月20日,二層,一層 二層
RPQNMLNJLHMFFCM48CA,23,134.72,住家用,鋼筋混凝土造,83年5月3日,二層,一層 二層 夾層
RPUNMLQJLHMFFCM56CA,1,238.70,住家用,鋼筋混凝土造,104年12月30日,三層,一層 二層 三層
RPRNMLMJLHMFFEM68CA,15,176.04,住家用,鋼筋混凝土造,91年5月2日,三層,一層 二層 三層 屋頂突出物
RPPNMLOJLHMFFBM38CA,19,169.23,住商用,鋼筋混凝土造,86年12月3日,三層,一層 二層 三層 電梯樓梯間
RPUNMLPJLHMFFBM98CA,47,65.10,住家用,鋼筋混凝土加強磚造,58年12月4日,二層,一層 二層
RPRNMLLLLHMFFBM48CA,26,185.95,住家用,鋼筋混凝土造,79年12月15日,三層,一層 二層 三層
RPWNMLMJLHMFFAM78CA,1,194.17,見其他登記事項,鋼筋混凝土造,105年1月22日,三層,一層 二層 三層 屋頂突出物
RPQOMLLJLHMFFDM48CA,31,458.37,住商用,鋼筋混凝土加強磚造,74年11月2日,二層,一層 二層 騎樓
RPXNMLPKLHMFFAM66CA,23,86.24,住家用,鋼筋混凝土造,82年11月10日,十四層,五層
RPXNMLPKLHMFFAM66CA,23,10.84,見其他登記事項,鋼筋混凝土造,82年11月10日,十四層,
RPXNMLPKLHMFFAM66CA,23,9.22,見其他登記事項,鋼筋混凝土造,82年11月10日,十四層,
RPOOMLSJLHMFFCM88CA,23,106.30,見其他登記事項,鋼筋混凝土造,83年5月30日,七層,三層
RPOOMLSJLHMFFCM88CA,23,16.33,見其他登記事項,鋼筋混凝土造,83年5月30日,七層,
RPOOMLSJLHMFFCM88CA,23,15.56,見其他登記事項,鋼筋混凝土造,83年5月30日,七層,
RPUOMLMLLHMFFAM88CA,,163.17,住家用,鋼筋混凝土造,105年10月6日,四層,一層 二層 三層 四層
RPTOMLMLLHMFFAM78CA,,176.09,住家用,鋼筋混凝土造,105年10月6日,四層,一層 二層 三層 四層
RPSOMLMLLHMFFAM68CA,,176.09,住家用,鋼筋混凝土造,105年10月6日,四層,一層 二層 三層 四層
RPWNMLMJLHMFFDM09CA,24,165.67,住家用,鋼筋混凝土造,82年7月31日,四層,一層 二層 三層 四層
RPQNMLQLMHMFFAM88CA,5,236.34,見其他登記事項,見其他登記事項,101年6月12日,二層,一層 二層 屋頂突出物
RPPNMLQKLHMFFDM88CA,10,195.17,住家用,鋼筋混凝土造,95年8月18日,四層,一層 二層 三層 四層
RPTNMLKLLHMFFDM78CA,39,80.64,住家用,鋼筋混凝土加強磚造,67年4月1日,二層,一層 二層
RPVNMLQJLHMFFCM76DA,39,53.40,住家用,磚造,66年11月20日,一層,一層
RPTNMLQJLHMFFBM98CA,,208.21,住家用,鋼筋混凝土造,105年8月22日,四層,一層 二層 三層 四層
RPPNMLNJLHMFFBM28CA,50,79.31,住家用,鋼筋混凝土加強磚造,55年12月31日,二層,一層 二層
RPQNMLKKLHMFFBM18CA,39,92.40,住家用,鋼筋混凝土加強磚造,67年5月6日,二層,一層 二層 騎樓
RPRNMLQJLHMFFAM68CA,5,165.00,見其他登記事項,見其他登記事項,101年4月23日,一層,一層
RPPNMLNKLHMFFCM48CA,40,110.51,住商用,鋼筋混凝土加強磚造,65年9月13日,二層,一層 二層 騎樓
RPXNMLMLLHMFFAM09CA,4,232.39,見其他登記事項,鋼筋混凝土造,102年1月7日,四層,一層 二層 三層 四層
RPQOMLMLLHMFFAM48CA,44,196.49,住商用,鋼筋混凝土加強磚造,61年11月3日,三層,一層 二層 三層 騎樓
RPTNMLQJLHMFFCM09CA,22,185.50,住家用,鋼筋混凝土造,83年8月19日,三層,一層 二層 三層
RPRNMLRJLHMFFAM78CA,19,101.13,住家用,鋼筋混凝土造,87年3月6日,九層,六層
RPRNMLRJLHMFFAM78CA,19,14.26,見其他登記事項,鋼筋混凝土造,87年3月6日,九層,
RPRNMLRJLHMFFAM78CA,19,12.33,見其他登記事項,鋼筋混凝土造,87年3月6日,九層,
RPPNMLQJLHMFFDM78CA,,181.60,見其他登記事項,鋼筋混凝土造,105年10月27日,三層,一層 二層 三層 見其他登記事項
RPQNMLOKLHMFFAM48CA,17,271.62,見其他登記事項,鋼筋混凝土造,89年6月3日,三層,一層 二層 三層
RPRNMLNLLHMFFAM58CA,1,202.18,見其他登記事項,鋼筋混凝土造,105年7月26日,四層,一層 二層 三層 四層
RPVNMLQKLHMFFCM76CA,,319.08,住家用,鋼筋混凝土造,105年9月1日,三層,一層 二層 三層
RPRNMLRKLHMFFBM98CA,1,161.37,見其他登記事項,鋼筋混凝土造,104年12月14日,三層,一層 二層 三層 見其他登記事項
RPUNMLRKLHMFFCM76CA,15,345.23,住家用,鋼筋混凝土造,91年1月3日,三層,一層 二層 三層
RPQNMLQJLHMFFDM88CA,32,97.20,住商用,鋼筋混凝土加強磚造,73年12月31日,二層,一層 二層 騎樓
RPQNMLSJLHMFFDM09CA,1,147.28,住家用,鋼筋混凝土造,104年12月25日,三層,一層 二層 三層
RPPNMLTJLHMFFDM56DA,42,114.33,住商用,鋼筋混凝土加強磚造,64年1月27日,三層,一層 二層 三層 騎樓
RPVNMLNKLHMFFDM66DA,20,180.59,住家用,鋼筋混凝土造,86年1月10日,四層,一層 二層 三層 四層
RPVNMLNKLHMFFDM66DA,20,36.13,見其他登記事項,鋼筋混凝土造,86年1月10日,一層,
RPPNMLOKLHMFFBM48CA,30,153.44,住家用,鋼筋混凝土造,76年7月6日,二層,一層 二層 屋頂突出物
RPVNMLKKLHMFFBM68CA,51,240.60,住商用,鋼筋混凝土加強磚造,55年1月17日,三層,一層 二層 三層 騎樓
RPRNMLTJLHMFFBM09CA,24,179.45,住家用,鋼筋混凝土造,82年3月18日,三層,一層 二層 三層
RPRNMLTJLHMFFBM09CA,34,140.98,住商用,鋼筋混凝土造,71年12月8日,二層,一層 二層 騎樓
RPPNMLRKLHMFFAM68CA,22,93.18,見其他登記事項,鋼筋混凝土造,83年11月9日,十六層,十四層
RPPNMLRKLHMFFAM68CA,22,14.11,見其他登記事項,鋼筋混凝土造,83年11月9日,十六層,
RPSNMLSJLHMFFAM98CA,1,156.74,見其他登記事項,鋼筋混凝土造,105年8月2日,三層,一層 二層 三層 屋頂突出物
RPVNMLKKLHMFFAM58CA,37,124.20,住商用,鋼筋混凝土加強磚造,69年5月31日,二層,一層 二層 騎樓
RPROMLMLLHMFFAM58CA,24,112.91,見其他登記事項,鋼筋混凝土造,82年1月14日,三層,一層 二層 三層 騎樓
RPQNMLRLLHMFFAM88CA,31,110.00,住家用,加強磚造,74年11月1日,二層,一層 二層
RPOOMLKLLHMFFAM08CA,1,39.91,見其他登記事項,鋼筋混凝土造,104年11月12日,五層,二層
RPOOMLKLLHMFFAM08CA,1,12.51,見其他登記事項,鋼筋混凝土造,104年11月12日,五層,
RPQNMLPKLHMFFBM68CA,2,168.71,見其他登記事項,鋼筋混凝土造,104年3月27日,四層,一層 二層 三層 四層
RPRNMLPJMHMFFBM78CA,,93.39,見其他登記事項,鋼筋混凝土造,105年12月29日,十二層,二層
RPRNMLPJMHMFFBM78CA,,78.20,見其他登記事項,鋼筋混凝土造,105年12月29日,十二層,
RPVNMLPJMHMFFBM56CA,,94.92,見其他登記事項,鋼筋混凝土造,105年12月29日,十二層,四層
RPVNMLPJMHMFFBM56CA,,78.94,見其他登記事項,鋼筋混凝土造,105年12月29日,十二層,
RPWNMLPJMHMFFBM66CA,,67.10,見其他登記事項,鋼筋混凝土造,105年12月29日,十二層,四層
RPWNMLPJMHMFFBM66CA,,65.46,見其他登記事項,鋼筋混凝土造,105年12月29日,十二層,
RPUNMLPJMHMFFBM09CA,,88.66,見其他登記事項,鋼筋混凝土造,105年12月29日,十二層,四層
RPUNMLPJMHMFFBM09CA,,75.92,見其他登記事項,鋼筋混凝土造,105年12月29日,十二層,
RPXNMLPJMHMFFBM76CA,,63.00,見其他登記事項,鋼筋混凝土造,105年12月29日,十二層,五層
RPXNMLPJMHMFFBM76CA,,63.48,見其他登記事項,鋼筋混凝土造,105年12月29日,十二層,
RPPNMLKKLHMFFBM18DA,21,164.30,住商用,鋼筋混凝土造,84年12月15日,十二層,一層 二層 三層 騎樓
RPPNMLKKLHMFFBM18DA,21,16.27,見其他登記事項,鋼筋混凝土造,84年12月15日,十二層,
RPSNMLNKLHMFFDM98DA,13,151.11,住家用,鋼筋混凝土造,93年2月5日,三層,一層 二層 三層 屋頂突出物
RPTNMLNKLHMFFDM09DA,13,151.11,住家用,鋼筋混凝土造,93年2月5日,三層,一層 二層 三層 屋頂突出物
RPOQMLKMLHMFFBM48CA,,66.34,見其他登記事項,鋼筋混凝土造,105年12月29日,十二層,九層
RPOQMLKMLHMFFBM48CA,,32.11,見其他登記事項,鋼筋混凝土造,105年12月29日,十二層,
RPUOMLKMLHMFFBM88CA,,63.00,見其他登記事項,鋼筋混凝土造,105年12月29日,十二層,四層
RPUOMLKMLHMFFBM88CA,,30.47,見其他登記事項,鋼筋混凝土造,105年12月29日,十二層,
RPROMLKMLHMFFBM58CA,,63.00,見其他登記事項,鋼筋混凝土造,105年12月29日,十二層,四層
RPROMLKMLHMFFBM58CA,,30.47,見其他登記事項,鋼筋混凝土造,105年12月29日,十二層,
RPTNMLQKLHMFFCM56CA,31,150.79,見其他登記事項,鋼筋混凝土造,75年5月7日,二層,一層 二層 騎樓
RPTOMLPJMHMFFBM09CA,,91.44,見其他登記事項,鋼筋混凝土造,105年12月29日,十二層,八層
RPTOMLPJMHMFFBM09CA,,77.26,見其他登記事項,鋼筋混凝土造,105年12月29日,十二層,
RPSOMLPJMHMFFBM98CA,,88.66,見其他登記事項,鋼筋混凝土造,105年12月29日,十二層,八層
RPSOMLPJMHMFFBM98CA,,75.92,見其他登記事項,鋼筋混凝土造,105年12月29日,十二層,
RPXOMLPJMHMFFBM86CA,,91.44,見其他登記事項,鋼筋混凝土造,105年12月29日,十二層,九層
RPXOMLPJMHMFFBM86CA,,77.26,見其他登記事項,鋼筋混凝土造,105年12月29日,十二層,
RPROMLNKLHMFFDM88CA,21,86.20,住家用,加強磚造,85年4月17日,二層,一層 二層
RPQNMLKKLHMFFDM38CA,1,248.71,見其他登記事項,鋼筋混凝土造,105年3月23日,三層,一層 二層 三層 見其他登記事項
RPQNMLKKLHMFFAM08CA,36,107.29,住商用,鋼筋混凝土加強磚造,69年12月25日,二層,一層 二層 騎樓
RPQNMLQKLHMFFAM68CA,4,266.23,見其他登記事項,鋼筋混凝土造,102年7月24日,四層,一層 二層 三層 四層
RPOOMLKKLHMFFAM97CA,,179.57,見其他登記事項,鋼筋混凝土造,105年8月8日,三層,一層 二層 三層 見其他登記事項
RPPNMLQLMHMFFCM98CA,24,145.99,住家用,鋼筋混凝土造,82年3月19日,三層,一層 二層 三層 騎樓
RPQNMLKLLHMFFBM28CA,19,144.67,住商用,鋼筋混凝土造,87年5月20日,七層,一層 二層 騎樓
RPQNMLKLLHMFFBM28CA,19,24.94,見其他登記事項,鋼筋混凝土造,87年5月20日,七層,
RPQNMLNKLHMFFBM48CA,,296.45,見其他登記事項,鋼筋混凝土造,105年12月1日,四層,一層 二層 三層 四層 見其他登記事項
RPVNMLOLLHMFFBM56CA,20,.10,見其他登記事項,鋼筋混凝土造,85年6月13日,九層,
RPVNMLOLLHMFFBM56CA,20,93.18,住家用,鋼筋混凝土造,85年6月13日,九層,七層
RPVNMLOLLHMFFBM56CA,20,23.26,見其他登記事項,鋼筋混凝土造,85年6月13日,九層,
RPVNMLOLLHMFFBM56CA,20,30.89,見其他登記事項,鋼筋混凝土造,85年6月13日,九層,
RPSNMLNKLHMFFCM78CA,25,124.95,農舍,見其他登記事項,81年7月20日,一層,一層
RPSNMLNKLHMFFCM78CA,25,124.95,農舍,見其他登記事項,81年7月20日,一層,一層
RPVNMLPKLHMFFCM66CA,37,73.86,住家用,磚造,69年5月20日,一層,一層 騎樓
RPWNMLPKLHMFFCM76CA,37,16.66,住家用,加強磚造,69年7月3日,一層,一層
RPUNMLPKLHMFFCM56CA,23,175.78,住商用,鋼筋混凝土造,83年6月10日,三層,一層 二層 三層 騎樓
RPPNMLPKLHMFFDM78CA,18,201.38,住家用,鋼筋混凝土造,87年9月28日,三層,一層 二層 三層 屋頂突出物
RPQNMLOKLHMFFBM58CA,,150.18,見其他登記事項,鋼筋混凝土造,105年12月1日,四層,一層 二層 三層 四層 見其他登記事項
RPQNMLOKLHMFFBM58CA,,150.18,見其他登記事項,鋼筋混凝土造,105年12月1日,四層,一層 二層 三層 四層 見其他登記事項
RPQNMLPKLHMFFEM98CA,,59.29,住家用,磚造,,一層,一層
RPUNMLOKLHMFFAM88CA,43,98.98,住家用,鋼筋混凝土加強磚造,62年12月28日,二層,一層 二層
RPTNMLPKLHMFFAM88CA,21,360.00,工業用,見其他登記事項,84年11月15日,一層,一層
RPSNMLOKLHMFFAM68CA,27,183.95,住家用,鋼筋混凝土造,79年7月30日,三層,一層 二層 三層
RPUNMLOLLHMFFAM98CA,32,100.80,住家用,鋼筋混凝土造,73年8月25日,二層,一層 二層
RPOOMLOLLHMFFAM48CA,2,170.67,住家用,鋼筋混凝土造,104年2月16日,四層,一層 二層 三層 四層
RPPNMLPJMHMFFBM58CA,22,193.72,住家用,鋼筋混凝土造,84年8月2日,四層,一層 二層 三層 四層
RPRNMLPKLHMFFBM78CA,16,165.21,住家用,鋼筋混凝土造,90年5月9日,三層,一層 二層 三層 屋頂突出物 騎樓
RPVNMLTLLHMFFBM07CA,21,90.69,住家用,鋼筋混凝土造,85年1月12日,十層,七層
RPVNMLTLLHMFFBM07CA,21,36.85,見其他登記事項,鋼筋混凝土造,85年1月12日,十層,
RPTNMLLLLHMFFBM68CA,25,156.80,住家用,鋼筋混凝土造,80年9月10日,五層,四層
RPTNMLLLLHMFFBM68CA,25,19.81,見其他登記事項,鋼筋混凝土造,80年9月10日,五層,
RPTNMLTLLHMFFBM86CA,21,108.98,住家用,鋼筋混凝土造,85年1月12日,十層,六層
RPTNMLTLLHMFFBM86CA,21,29.26,見其他登記事項,鋼筋混凝土造,85年1月12日,十層,
RPTNMLMLLHMFFBM78CA,23,87.56,住商用,鋼筋混凝土造,83年4月11日,八層,一層 二層 騎樓
RPTNMLMLLHMFFBM78CA,23,11.69,見其他登記事項,鋼筋混凝土造,83年4月11日,八層,
RPSNMLPKLHMFFDM09CA,1,185.76,住家用,鋼筋混凝土造,105年3月23日,三層,一層 二層 三層
RPQNMLQKLHMFFCM88CA,10,190.71,住家用,鋼筋混凝土造,96年4月18日,四層,一層 二層 三層 四層
RPRNMLOLLHMFFBM78CA,24,95.02,住家用,鋼筋混凝土造,82年3月12日,七層,七層
RPRNMLOLLHMFFBM78CA,24,19.54,見其他登記事項,鋼筋混凝土造,82年3月12日,七層,
RPQNMLKKMHMFFCM38CA,21,50.88,見其他登記事項,鋼筋混凝土造,84年9月7日,九層,三層
RPQNMLKKMHMFFCM38CA,21,19.03,見其他登記事項,鋼筋混凝土造,84年9月7日,九層,
RPRNMLQKLHMFFCM98CA,23,104.45,見其他登記事項,鋼筋混凝土造,83年5月26日,五層,一層
RPRNMLQKLHMFFCM98CA,23,35.23,見其他登記事項,鋼筋混凝土造,83年5月26日,五層,
RPUNMLKMLHMFFBM78CA,,62.96,見其他登記事項,鋼筋混凝土造,105年12月29日,十二層,二層
RPUNMLKMLHMFFBM78CA,,30.47,見其他登記事項,鋼筋混凝土造,105年12月29日,十二層,
RPOOMLKMLHMFFBM28CA,,63.00,見其他登記事項,鋼筋混凝土造,105年12月29日,十二層,三層
RPOOMLKMLHMFFBM28CA,,30.47,見其他登記事項,鋼筋混凝土造,105年12月29日,十二層,
RPVNMLKMLHMFFBM88CA,,66.34,見其他登記事項,鋼筋混凝土造,105年12月29日,十二層,二層
RPVNMLKMLHMFFBM88CA,,32.11,見其他登記事項,鋼筋混凝土造,105年12月29日,十二層,
RPRNMLLMLHMFFCM68CA,13,74.48,住家用,見其他登記事項,92年10月7日,一層,一層
RPTPMLKMLHMFFBM88CA,,66.34,見其他登記事項,鋼筋混凝土造,105年12月29日,十二層,八層
RPTPMLKMLHMFFBM88CA,,32.11,見其他登記事項,鋼筋混凝土造,105年12月29日,十二層,
RPOPMLKMLHMFFBM38CA,,66.34,見其他登記事項,鋼筋混凝土造,105年12月29日,十二層,六層
RPOPMLKMLHMFFBM38CA,,32.11,見其他登記事項,鋼筋混凝土造,105年12月29日,十二層,
RPTNMLNKMHMFFCM98CA,1,211.63,住家用,見其他登記事項,105年5月18日,四層,一層 二層 三層 四層
RPPNMLMLLHMFFDM68DA,43,82.82,住家用,鋼筋混凝土加強磚造,63年6月1日,二層,一層 二層 騎樓
RPQNMLPJMHMFFBM68CA,,58.42,見其他登記事項,鋼筋混凝土造,105年12月29日,十二層,一層
RPQNMLPJMHMFFBM68CA,,61.29,見其他登記事項,鋼筋混凝土造,105年12月29日,十二層,
RPSNMLPJMHMFFBM88CA,,67.10,見其他登記事項,鋼筋混凝土造,105年12月29日,十二層,二層
RPSNMLPJMHMFFBM88CA,,65.46,見其他登記事項,鋼筋混凝土造,105年12月29日,十二層,
RPRNMLRLLHMFFBM09CA,23,94.35,住家用,鋼筋混凝土造,82年10月29日,十層,八層
RPRNMLRLLHMFFBM09CA,23,32.65,見其他登記事項,鋼筋混凝土造,82年10月29日,十層,
RPOOMLPKLHMFFAM48CA,2,265.92,住家用,鋼筋混凝土造,104年4月30日,二層,一層 二層
RPOOMLPKLHMFFAM48CA,2,2.23,住家用,鋼筋混凝土造,104年4月30日,一層,
RPTNMLPJMHMFFBM98CA,,94.92,見其他登記事項,鋼筋混凝土造,105年12月29日,十二層,三層
RPTNMLPJMHMFFBM98CA,,78.94,見其他登記事項,鋼筋混凝土造,105年12月29日,十二層,
RPVOMLPJMHMFFBM66CA,,63.00,見其他登記事項,鋼筋混凝土造,105年12月29日,十二層,八層
RPVOMLPJMHMFFBM66CA,,63.48,見其他登記事項,鋼筋混凝土造,105年12月29日,十二層,
RPPOMLPJMHMFFBM68CA,,91.44,見其他登記事項,鋼筋混凝土造,105年12月29日,十二層,六層
RPPOMLPJMHMFFBM68CA,,77.26,見其他登記事項,鋼筋混凝土造,105年12月29日,十二層,
RPQOMLPJMHMFFBM78CA,,88.66,見其他登記事項,鋼筋混凝土造,105年12月29日,十二層,七層
RPQOMLPJMHMFFBM78CA,,75.92,見其他登記事項,鋼筋混凝土造,105年12月29日,十二層,
RPWNMLKLLHMFFAM78CA,1,202.63,見其他登記事項,鋼筋混凝土造,105年7月26日,四層,一層 二層 三層 四層
RPWNMLPKLHMFFAM56CA,1,172.41,見其他登記事項,鋼筋混凝土造,105年8月8日,三層,一層 二層 三層 見其他登記事項
RPXNMLKLLHMFFAM88CA,1,219.42,見其他登記事項,鋼筋混凝土造,105年7月26日,四層,一層 二層 三層 四層
RPUNMLLLLHMFFAM68CA,1,175.21,見其他登記事項,鋼筋混凝土造,105年7月26日,四層,一層 二層 三層 四層
RPPNMLRLLHMFFAM78CA,38,61.21,住商用,鋼筋混凝土加強磚造,67年11月1日,二層,一層 二層 騎樓
RPOOMLOLLHMFFBM58CA,24,158.55,住家用,鋼筋混凝土造,82年4月13日,三層,一層 二層 三層 電梯樓梯間
RPQNMLLLLHMFFBM38CA,2,311.14,見其他登記事項,鋼筋混凝土造,104年4月29日,四層,一層 二層 三層 四層 見其他登記事項
RPSNMLRLLHMFFBM56CA,30,201.25,住商用,鋼筋混凝土造,76年6月30日,三層,一層 二層 三層 騎樓
RPXNMLOLLHMFFBM76CA,20,120.01,住家用,鋼筋混凝土造,86年6月30日,三層,一層 二層 三層
RPXNMLOLLHMFFBM76CA,20,.17,見其他登記事項,鋼筋混凝土造,86年6月30日,一層,
RPXNMLOLLHMFFBM76CA,20,35.47,停車空間,鋼筋混凝土造,86年6月30日,地下層,
RPPNMLRJMHMFFAM68CA,1,251.15,見其他登記事項,鋼筋混凝土造,105年6月20日,四層,一層 二層 三層 四層
RPOOMLMKMHMFFAM28CA,,163.07,住家用,鋼筋混凝土造,105年10月6日,四層,一層 二層 三層 四層
RPSNMLKLLHMFFDM68CA,1,185.76,住家用,鋼筋混凝土造,105年3月23日,三層,一層 二層 三層
RPVNMLRKLHMFFCM86CA,27,215.09,見其他登記事項,鋼筋混凝土造,78年9月9日,三層,一層 二層 三層 騎樓
RPWNMLQJMHMFFCM86CA,37,19.27,住家用,加強磚造,69年7月3日,一層,一層
RPRNMLMLLHMFFDM78CA,,181.60,見其他登記事項,鋼筋混凝土造,105年10月27日,三層,一層 二層 三層 見其他登記事項
RPQNMLKLLHMFFAM18CA,2,196.13,見其他登記事項,鋼筋混凝土造,104年8月4日,四層,一層 二層 三層 四層 屋頂突出物
RPSNMLKLLHMFFAM38CA,40,80.32,住家用,鋼筋混凝土加強磚造,66年4月30日,二層,一層 二層
RPPOMLQJMHMFFAM68CA,35,151.68,住商用,鋼筋混凝土加強磚造,71年2月27日,三層,一層 二層 三層 騎樓
RPQOMLPJMHMFFAM68CA,22,93.81,住家用,鋼筋混凝土造,83年11月9日,十六層,六層
RPQOMLPJMHMFFAM68CA,22,14.22,見其他登記事項,鋼筋混凝土造,83年11月9日,十六層,
RPSNMLLLLHMFFBM58CA,14,213.87,住商用,鋼筋混凝土造,91年11月25日,四層,一層 二層 三層 四層
RPPNMLLLLHMFFBM28CA,23,97.42,住家用,鋼筋混凝土造,83年3月16日,九層,二層
RPPNMLLLLHMFFBM28CA,23,7.14,見其他登記事項,鋼筋混凝土造,83年3月16日,九層,
RPPNMLLLLHMFFBM28CA,23,40.38,見其他登記事項,鋼筋混凝土造,83年3月16日,九層,
RPTNMLNLLHMFFBM88CA,,180.61,住家用,鋼筋混凝土造,105年11月2日,四層,一層 二層 三層 四層
RPUNMLNLLHMFFBM98CA,,205.02,住家用,鋼筋混凝土造,105年11月2日,四層,一層 二層 三層 四層
RPPNMLKLLHMFFDM48DA,13,151.11,住家用,鋼筋混凝土造,93年2月5日,三層,一層 二層 三層 屋頂突出物
RPPNMLNLLHMFFEM78CA,7,202.12,住家用,見其他登記事項,98年12月25日,四層,一層 二層 三層 四層
RPQNMLLLLHMFFDM68DA,13,151.11,住家用,鋼筋混凝土造,93年2月5日,三層,一層 二層 三層 屋頂突出物
RPSNMLLKMHMFFCM68CA,19,145.18,住家用,鋼筋混凝土造,86年9月15日,三層,一層 二層 三層
RPQNMLTLLHMFFDM76CA,2,201.36,見其他登記事項,鋼筋混凝土造,104年2月11日,三層,一層 二層 三層 屋頂突出物
RPSNMLTLLHMFFDM96CA,2,201.36,見其他登記事項,鋼筋混凝土造,104年2月11日,三層,一層 二層 三層 屋頂突出物
RPQNMLNLLHMFFBM58CA,42,72.62,住家用,鋼筋混凝土加強磚造,64年3月27日,二層,一層 二層
RPRNMLQLMHMFFAM98CA,5,236.34,見其他登記事項,見其他登記事項,101年6月12日,二層,一層 二層 屋頂突出物
RPTNMLMLLHMFFAM68CA,4,192.81,見其他登記事項,鋼筋混凝土造,102年7月17日,三層,一層 二層 三層 屋頂突出物
RPQNMLQLLHMFFAM78CA,31,51.48,住家用,加強磚造,75年7月23日,一層,一層
RPSNMLOLLHMFFCM98CA,21,88.54,見其他登記事項,鋼筋混凝土造,85年2月9日,十五層,八層
RPSNMLOLLHMFFCM98CA,21,16.73,見其他登記事項,鋼筋混凝土造,85年2月9日,十五層,
RPUNMLRJMHMFFAM56CA,23,161.92,住家用,鋼筋混凝土造,82年12月4日,三層,一層 二層 三層 屋頂突出物
RPTNMLTLLHMFFAM76CA,22,200.86,住家用,鋼筋混凝土造,84年6月22日,三層,一層 二層 三層 屋頂突出物 地下層
RPTNMLTLLHMFFAM76CA,22,21.81,住家用,鋼筋混凝土造,84年6月22日,三層,
RPSNMLTLLHMFFAM66CA,19,131.84,住家用,鋼筋混凝土造,87年4月20日,三層,一層 二層 三層
RPXNMLRKMHMFFAM96CA,,182.09,住家用,鋼筋混凝土造,105年10月6日,四層,一層 二層 三層 四層
RPWNMLRKMHMFFAM86CA,,175.21,住家用,鋼筋混凝土造,105年10月6日,四層,一層 二層 三層 四層
RPOOMLRKMHMFFAM78CA,,176.05,住家用,鋼筋混凝土造,105年10月6日,四層,一層 二層 三層 四層
RPVNMLRKMHMFFAM76CA,,175.02,住家用,鋼筋混凝土造,105年10月6日,四層,一層 二層 三層 四層
RPSNMLRKMHMFFAM09CA,,176.05,住家用,鋼筋混凝土造,105年10月6日,四層,一層 二層 三層 四層
RPUNMLRKMHMFFAM66CA,,176.09,住家用,鋼筋混凝土造,105年10月6日,四層,一層 二層 三層 四層
RPTNMLRKMHMFFAM56CA,,176.05,住家用,鋼筋混凝土造,105年10月6日,四層,一層 二層 三層 四層
RPTNMLNLLHMFFDM09CA,1,185.76,住家用,鋼筋混凝土造,105年3月23日,三層,一層 二層 三層
RPTNMLNLLHMFFCM98CA,36,103.21,住家用,加強磚造,70年4月8日,二層,一層 二層 騎樓
RPPNMLOLLHMFFDM78CA,31,153.60,住家用,鋼筋混凝土加強磚造,75年3月31日,三層,一層 二層 三層
RPPNMLOLLHMFFDM78CA,31,182.09,住家用,鋼筋混凝土加強磚造,75年3月31日,三層,一層 二層 三層
RPPNMLOLLHMFFBM58CA,28,122.19,住家用,加強磚造,78年3月14日,二層,一層 二層 夾層
RPQNMLOLLHMFFBM68CA,23,19.01,住家用,鋼筋混凝土造,83年7月21日,十三層,五層
RPQNMLOLLHMFFBM68CA,23,10.67,見其他登記事項,鋼筋混凝土造,83年7月21日,十三層,
RPPNMLNKMHMFFBM48CA,1,208.55,見其他登記事項,鋼筋混凝土造,104年7月14日,三層,一層 二層 三層 見其他登記事項
RPTNMLOLLHMFFBM98CA,35,161.70,見其他登記事項,鋼筋混凝土造,71年6月19日,三層,一層 二層 三層 屋頂突出物 騎樓
RPUNMLOLLHMFFBM09CA,23,159.35,住商用,鋼筋混凝土造,83年2月7日,四層,一層 二層 三層 四層
RPRNMLOLLHMFFDM98CA,45,294.24,工業用,鋼筋混凝土加強磚造,61年6月1日,一層,一層
RPQNMLMKMHMFFBM48CA,28,209.90,農舍,加強磚造,78年5月1日,二層,一層 二層 電梯樓梯間
RPSOMLKMLHMFFBM68CA,,66.34,見其他登記事項,鋼筋混凝土造,105年12月29日,十二層,四層
RPSOMLKMLHMFFBM68CA,,32.11,見其他登記事項,鋼筋混凝土造,105年12月29日,十二層,
RPWOMLPJMHMFFBM76CA,,88.66,見其他登記事項,鋼筋混凝土造,105年12月29日,十二層,九層
RPWOMLPJMHMFFBM76CA,,75.92,見其他登記事項,鋼筋混凝土造,105年12月29日,十二層,
RPROMLPJMHMFFBM88CA,,63.00,見其他登記事項,鋼筋混凝土造,105年12月29日,十二層,七層
RPROMLPJMHMFFBM88CA,,63.48,見其他登記事項,鋼筋混凝土造,105年12月29日,十二層,
RPUOMLPJMHMFFBM56CA,,67.10,見其他登記事項,鋼筋混凝土造,105年12月29日,十二層,八層
RPUOMLPJMHMFFBM56CA,,65.46,見其他登記事項,鋼筋混凝土造,105年12月29日,十二層,
RPTNMLRLLHMFFBM66CA,35,149.59,住商用,鋼筋混凝土加強磚造,71年8月4日,二層,一層 二層
RPOPMLPJMHMFFBM68CA,,88.66,見其他登記事項,鋼筋混凝土造,105年12月29日,十二層,十一層
RPOPMLPJMHMFFBM68CA,,75.92,見其他登記事項,鋼筋混凝土造,105年12月29日,十二層,
RPOOMLPJMHMFFBM58CA,,88.66,見其他登記事項,鋼筋混凝土造,105年12月29日,十二層,六層
RPOOMLPJMHMFFBM58CA,,75.92,見其他登記事項,鋼筋混凝土造,105年12月29日,十二層,
RPQNMLOLLHMFFCM78CA,18,148.37,農舍,鋼筋混凝土加強磚造,87年12月10日,二層,一層 二層 騎樓
RPPNMLOLLHMFFEM88CA,47,188.13,住家用,鋼筋混凝土加強磚造,59年2月5日,二層,一層 二層 騎樓
RPTNMLRJMHMFFAM09CA,,216.03,住家用,鋼筋混凝土造,105年11月1日,四層,一層 二層 三層 四層
RPWNMLRKMHMFFBM17EA,22,59.12,住家用,鋼筋混凝土造,83年11月7日,十三層,十二層
RPWNMLRKMHMFFBM17EA,22,19.35,見其他登記事項,鋼筋混凝土造,83年11月7日,十三層,
RPSNMLLMLHMFFAM58CA,20,96.22,住家用,鋼筋混凝土造,85年11月21日,十一層,四層
RPSNMLLMLHMFFAM58CA,20,22.06,見其他登記事項,鋼筋混凝土造,85年11月21日,十一層,
RPSNMLLMLHMFFAM58CA,20,10.13,見其他登記事項,鋼筋混凝土造,85年11月21日,十一層,
RPQNMLTKMHMFFDM86DA,13,151.11,住家用,鋼筋混凝土造,93年2月5日,三層,一層 二層 三層 屋頂突出物
RPPNMLTKMHMFFDM76DA,13,151.11,住家用,鋼筋混凝土造,93年2月5日,三層,一層 二層 三層 屋頂突出物
RPPNMLTJNHMFFDM66CA,,290.15,住家用,鋼筋混凝土造,105年10月27日,四層,一層 二層 三層 四層
RPSNMLRKMHMFFDM86DA,24,184.73,住家用,鋼筋混凝土造,82年5月26日,四層,一層 二層 三層 四層
RPSNMLRKMHMFFDM86DA,23,32.65,見其他登記事項,鋼筋混凝土造,82年8月12日,地下層,
RPROMLTKMHMFFAM66CA,4,41.48,見其他登記事項,見其他登記事項,101年10月19日,一層,一層
RPWNMLTLLHMFFAM07CA,23,99.53,住家用,鋼筋混凝土造,82年11月15日,三層,一層 二層 三層
RPRNMLTLLHMFFAM56CA,19,85.48,見其他登記事項,鋼筋混凝土造,86年9月19日,十四層,五層
RPRNMLTLLHMFFAM56CA,19,21.20,見其他登記事項,鋼筋混凝土造,86年9月19日,十四層,
RPRNMLTLLHMFFAM56CA,19,15.27,停車空間,鋼筋混凝土造,86年9月19日,十四層,
RPRNMLKKMHMFFBM38CA,25,23.45,住家用,鋼筋混凝土造,80年9月20日,九層,九層
RPRNMLKKMHMFFBM38CA,25,8.66,見其他登記事項,鋼筋混凝土造,80年9月20日,九層,
RPRNMLKKMHMFFBM38CA,25,4.71,見其他登記事項,鋼筋混凝土造,80年9月20日,十一層,
RPRNMLSJMHMFFBM09CA,37,143.04,住家用,鋼筋混凝土造,69年1月1日,三層,一層 二層 騎樓
RPUNMLRLLHMFFBM76CA,38,92.96,住家用,鋼筋混凝土加強磚造,68年3月14日,二層,一層 二層
RPSNMLKMLHMFFCM68CA,25,155.02,住家用,鋼筋混凝土造,80年10月8日,四層,一層 二層 三層 四層
RPSNMLQJMHMFFAM88CA,22,130.43,住家用,鋼筋混凝土造,83年9月7日,三層,一層 二層 三層
RPUOMLNKMHMFFCM56CA,37,158.84,住商用,鋼筋混凝土造,68年10月23日,三層,一層 二層 三層 騎樓
RPTNMLKMLHMFFCM78CA,45,72.50,住家用,磚造,61年1月1日,一層,一層
RPRNMLSLLHMFFBM56CA,16,84.60,住家用,鋼筋混凝土造,89年10月7日,三層,一層 二層 三層
RPVOMLNKMHMFFCM66CA,21,78.21,見其他登記事項,鋼筋混凝土造,84年11月22日,十二層,三層
RPVOMLNKMHMFFCM66CA,21,18.26,見其他登記事項,鋼筋混凝土造,84年11月22日,十二層,
RPRNMLMKMHMFFCM68CA,36,18.21,住家用,加強磚造,70年1月23日,一層,一層
RPPNMLOLMHMFFCM78CA,21,86.32,見其他登記事項,鋼筋混凝土造,84年10月2日,七層,五層
RPPNMLOLMHMFFCM78CA,21,26.17,見其他登記事項,鋼筋混凝土造,84年10月2日,七層,
RPSNMLLMLHMFFCM78CA,40,47.70,住家用,加強磚造,66年4月9日,一層,一層
RPQNMLQKMHMFFCM98CA,22,27.03,見其他登記事項,鋼筋混凝土造,83年10月13日,十二層,十二層
RPQNMLQKMHMFFCM98CA,22,16.77,見其他登記事項,鋼筋混凝土造,83年10月13日,十二層,
RPQNMLSLLHMFFBM09CA,9,160.81,住家用,鋼筋混凝土造,97年6月19日,四層,一層 二層 三層 四層
RPPNMLSLLHMFFBM98CA,28,179.48,住商用,鋼筋混凝土造,78年5月10日,三層,一層 二層 三層 騎樓
RPQNMLTKMHMFFBM56CA,12,151.70,住家用,鋼筋混凝土造,93年12月22日,三層,一層 二層 三層 電梯樓梯間
RPRNMLLMLHMFFBM58CA,43,83.70,住商用,鋼筋混凝土加強磚造,63年6月22日,二層,一層 二層 騎樓
RPVNMLRJMHMFFAM66CA,36,82.17,住家用,鋼筋混凝土加強磚造,70年4月29日,二層,一層 二層 騎樓
RPXNMLKMLHMFFAM98CA,37,102.42,住商用,鋼筋混凝土加強磚造,69年6月4日,二層,一層 二層
RPSOMLKMLHMFFAM58CA,1,246.69,見其他登記事項,鋼筋混凝土造,105年3月31日,三層,一層 二層 三層 屋頂突出物
RPPNMLSLLHMFFCM56DA,23,195.89,見其他登記事項,鋼筋混凝土造,83年7月7日,十三層,十三層
RPPNMLSLLHMFFCM56DA,23,79.61,見其他登記事項,鋼筋混凝土造,83年7月7日,十三層,
RPTNMLQJMHMFFAM98CA,1,388.36,住家用,鋼筋混凝土造,105年7月18日,五層,一層 二層 三層 四層 五層
RPPNMLSJMHMFFDM09CA,10,133.22,住家用,鋼筋混凝土造,96年4月13日,二層,一層 二層
RPQNMLKMLHMFFDM58CA,33,137.94,住商用,鋼筋混凝土加強磚造,73年1月25日,三層,一層 二層 三層 騎樓
RPPNMLTLLHMFFAM98CA,18,76.63,住家用,鋼筋混凝土造,88年2月12日,十二層,六層
RPQNMLTLLHMFFCM66CA,,56.64,住家用,見其他登記事項,,一層,一層
RPVNMLQJMHMFFAM56CA,1,382.92,住家用,鋼筋混凝土造,105年7月18日,五層,一層 二層 三層 四層 五層
RPUNMLRKMHMFFCM86CA,21,172.46,住家用,鋼筋混凝土造,84年9月14日,四層,一層 二層 三層 四層
RPVNMLQJMHMFFCM76CA,37,16.66,住家用,加強磚造,69年7月3日,一層,一層
RPTNMLPJMHMFFCM09CA,20,176.77,住商用,鋼筋混凝土造,85年9月18日,四層,一層 二層 三層 四層
RPPNMLMKMHMFFDM58CA,10,133.22,住家用,鋼筋混凝土造,96年4月13日,二層,一層 二層
RPQQMLKMLHMFFBM68CA,23,62.07,住家用,鋼筋混凝土造,83年1月17日,十二層,十二層
RPQQMLKMLHMFFBM68CA,23,30.18,見其他登記事項,鋼筋混凝土造,83年1月17日,十二層,
TPQQMLKMLHMFFBM88CA,23,62.07,住家用,鋼筋混凝土造,83年1月17日,十二層,十二層
TPQQMLKMLHMFFBM88CA,23,30.18,見其他登記事項,鋼筋混凝土造,83年1月17日,十二層,
SPQQMLKMLHMFFBM78CA,23,56.75,住家用,鋼筋混凝土造,83年1月17日,十二層,十二層
SPQQMLKMLHMFFBM78CA,23,27.17,見其他登記事項,鋼筋混凝土造,83年1月17日,十二層,
VPQQMLKMLHMFFBM09CA,23,65.85,住家用,鋼筋混凝土造,83年1月17日,十二層,十二層
VPQQMLKMLHMFFBM09CA,23,29.43,見其他登記事項,鋼筋混凝土造,83年1月17日,十二層,
UPQQMLKMLHMFFBM98CA,23,65.85,住家用,鋼筋混凝土造,83年1月17日,十二層,十二層
UPQQMLKMLHMFFBM98CA,23,29.43,見其他登記事項,鋼筋混凝土造,83年1月17日,十二層,
RPTNMLLMLHMFFBM78CA,6,242.02,見其他登記事項,鋼筋混凝土造,99年11月30日,三層,一層 二層 三層 屋頂突出物
RPRPMLPJMHMFFBM98CA,21,51.40,住家用,鋼筋混凝土造,84年9月27日,十二層,十二層
RPRPMLPJMHMFFBM98CA,21,17.01,見其他登記事項,鋼筋混凝土造,84年9月27日,十二層,
RPSNMLSKMHMFFCM76CA,37,19.27,住家用,加強磚造,69年7月3日,一層,一層
RPPOMLRKMHMFFAM88CA,,175.95,住家用,鋼筋混凝土造,105年10月6日,四層,一層 二層 三層 四層
RPQNMLLLMHMFFCM58CA,14,101.11,農舍,見其他登記事項,91年12月5日,一層,一層
RPQNMLRJMHMFFAM78CA,1,179.02,住家用,鋼筋混凝土造,105年6月20日,四層,一層 二層 三層 四層
RPRNMLTLLHMFFBM66CA,,198.81,見其他登記事項,鋼筋混凝土造,105年11月24日,三層,一層 二層 三層 見其他登記事項
RPUQMLKMLHMFFBM09CA,36,87.29,住家用,加強磚造,69年12月30日,二層,一層 二層
RPPNMLRKMHMFFBM98DA,6,12.00,農舍,見其他登記事項,100年5月12日,一層,一層
RPWNMLOKMHMFFAM56CA,2,266.20,見其他登記事項,鋼筋混凝土造,102年10月4日,四層,一層 二層 三層 四層 騎樓
RPWNMLPJMHMFFAM56CA,20,124.95,住商用,鋼筋混凝土造,85年11月21日,十一層,一層 二層 騎樓
RPWNMLPJMHMFFAM56CA,20,11.10,見其他登記事項,鋼筋混凝土造,85年11月21日,十一層,
RPQOMLKMLHMFFAM38CA,27,115.15,住家用,鋼筋混凝土造,78年11月8日,二層,一層 二層 騎樓
RPTNMLKKMHMFFBM58CA,42,72.74,住家用,鋼筋混凝土加強磚造,64年6月30日,一層,一層
RPQOMLPKMHMFFAM78CA,,175.52,見其他登記事項,鋼筋混凝土造,105年12月28日,三層,一層 二層 三層
RPVOMLPKMHMFFAM66CA,1,161.35,見其他登記事項,鋼筋混凝土造,105年7月26日,三層,一層 二層 三層
RPXOMLPKMHMFFAM86CA,1,241.91,見其他登記事項,鋼筋混凝土造,105年7月26日,四層,一層 二層 三層 四層
RPSOMLPKMHMFFAM98CA,,175.52,見其他登記事項,鋼筋混凝土造,105年12月28日,三層,一層 二層 三層
RPSNMLLMLHMFFBM68CA,24,55.04,住家用,鋼筋混凝土造,82年5月27日,七層,二層
RPSNMLLMLHMFFBM68CA,24,11.08,見其他登記事項,鋼筋混凝土造,82年5月27日,七層,
RPSNMLLMLHMFFBM68CA,24,8.95,見其他登記事項,鋼筋混凝土造,82年5月27日,七層,
RPPNMLKKMHMFFCM28CA,37,201.45,住商用,鋼筋混凝土造,69年7月11日,三層,一層 二層 三層 騎樓
RPPNMLQLMHMFFDM09CA,,181.60,見其他登記事項,鋼筋混凝土造,105年10月27日,三層,一層 二層 三層 見其他登記事項
RPTNMLQJMHMFFDM66CA,24,139.06,農舍,加強磚造,82年4月14日,二層,一層 二層 騎樓
RPQNMLKKMHMFFDM48CA,,181.60,見其他登記事項,鋼筋混凝土造,105年10月27日,三層,一層 二層 三層 見其他登記事項
RPQNMLKLMHMFFCM48CA,21,76.03,見其他登記事項,鋼筋混凝土造,84年11月22日,十二層,十二層
RPQNMLKLMHMFFCM48CA,21,32.32,見其他登記事項,鋼筋混凝土造,84年11月22日,十二層,
RPUNMLRJMHMFFBM66CA,34,180.67,住商用,鋼筋混凝土造,72年4月25日,二層,一層 二層 騎樓
RPQPMLPJMHMFFBM88CA,13,112.66,見其他登記事項,鋼筋混凝土造,93年2月5日,七層,一層
RPQPMLPJMHMFFBM88CA,13,66.33,見其他登記事項,鋼筋混凝土造,93年2月5日,七層,
RPQNMLPLMHMFFBM88CA,1,186.38,見其他登記事項,鋼筋混凝土造,104年10月30日,三層,一層 二層 三層 見其他登記事項
RPPNMLPJMHMFFAM58DA,12,87.61,住家用,鋼筋混凝土造,93年12月28日,十二層,七層
RPPNMLPJMHMFFAM58DA,12,15.04,住家用,鋼筋混凝土造,93年12月28日,十二層,
RPPNMLPJMHMFFAM58DA,12,10.38,見其他登記事項,鋼筋混凝土造,93年12月28日,十二層,
RPRNMLRJMHMFFAM88CA,1,182.00,住家用,鋼筋混凝土造,105年6月20日,四層,一層 二層 三層 四層
RPRNMLQJMHMFFAM78CA,21,107.84,農舍,鋼造,84年1月25日,一層,一層
RPQOMLRKMHMFFAM98CA,,160.16,住家用,鋼筋混凝土造,105年10月6日,四層,一層 二層 三層 四層
RPSOMLTKMHMFFAM76CA,16,137.33,住家用,鋼骨鋼筋混凝土造,90年8月29日,三層,一層 二層 三層
RPUOMLTKMHMFFAM96CA,16,121.29,住家用,鋼骨鋼筋混凝土造,90年8月29日,三層,一層 二層 三層
RPTOMLTKMHMFFAM86CA,16,124.58,住家用,鋼骨鋼筋混凝土造,90年8月29日,三層,一層 二層 三層
RPQNMLKKMHMFFEM58CA,16,122.10,住家用,見其他登記事項,90年3月14日,一層,一層
RPVNMLKLMHMFFAM78CA,7,196.08,住家用,鋼筋混凝土造,99年1月22日,四層,一層 二層 三層 四層 屋頂突出物
RPRNMLQLNHMFFEM86CA,32,133.76,住家用,鋼筋混凝土加強磚造,73年10月29日,二層,一層 二層
RPTPMLPJMHMFFBM56CA,36,208.74,住家用,鋼筋混凝土造,69年9月30日,三層,一層 二層 三層
RPPNMLTKMHMFFAM98CA,25,93.55,住家用,鋼筋混凝土造,81年8月6日,五層,二層
RPPNMLTKMHMFFAM98CA,25,6.61,見其他登記事項,鋼筋混凝土造,81年8月6日,五層,
RPPNMLQLNHMFFCM56DA,36,62.67,住家用,加強磚造,70年8月12日,二層,一層 二層
RPSNMLQJMHMFFDM56CA,19,105.56,見其他登記事項,鋼筋混凝土造,87年6月10日,二層,一層 二層 電梯樓梯間
RPUNMLPLMHMFFBM66CA,36,104.22,住家用,鋼筋混凝土加強磚造,69年12月1日,二層,一層 二層
RPROMLPJMHMFFCM98CA,31,90.39,住家用,鋼筋混凝土造,75年5月6日,二層,一層 二層
RPWNMLPLMHMFFAM76CA,12,199.05,住商用,鋼筋混凝土造,93年11月17日,三層,一層 二層 三層 屋頂突出物 騎樓
RPTNMLQJMHMFFCM56CA,1,163.59,見其他登記事項,鋼筋混凝土造,105年7月19日,二層,一層 二層 見其他登記事項
RPSNMLLKMHMFFDM78CA,1,185.76,住家用,鋼筋混凝土造,105年3月23日,三層,一層 二層 三層
RPTNMLNJNHMFFBM88CA,,61.95,見其他登記事項,鋼筋混凝土造,105年12月29日,十二層,一層
RPTNMLNJNHMFFBM88CA,,30.04,見其他登記事項,鋼筋混凝土造,105年12月29日,十二層,
RPPOMLNJNHMFFBM58CA,,67.10,見其他登記事項,鋼筋混凝土造,105年12月29日,十二層,九層
RPPOMLNJNHMFFBM58CA,,32.45,見其他登記事項,鋼筋混凝土造,105年12月29日,十二層,
RPUNMLNJNHMFFBM98CA,,88.66,見其他登記事項,鋼筋混凝土造,105年12月29日,十二層,三層
RPUNMLNJNHMFFBM98CA,,42.91,見其他登記事項,鋼筋混凝土造,105年12月29日,十二層,
RPVNMLNJNHMFFBM09CA,,67.10,見其他登記事項,鋼筋混凝土造,105年12月29日,十二層,三層
RPVNMLNJNHMFFBM09CA,,32.45,見其他登記事項,鋼筋混凝土造,105年12月29日,十二層,
RPQOMLNJNHMFFBM68CA,,94.92,見其他登記事項,鋼筋混凝土造,105年12月29日,十二層,十層
RPQOMLNJNHMFFBM68CA,,78.94,見其他登記事項,鋼筋混凝土造,105年12月29日,十二層,
RPOOMLNJNHMFFBM48CA,,66.34,見其他登記事項,鋼筋混凝土造,105年12月29日,十二層,七層
RPOOMLNJNHMFFBM48CA,,65.12,見其他登記事項,鋼筋混凝土造,105年12月29日,十二層,
RPPNMLKLMHMFFBM28CA,2,236.40,住家用,鋼筋混凝土造,104年5月25日,四層,一層 二層 三層 四層
RPWNMLNJNHMFFBM56CA,,91.44,見其他登記事項,鋼筋混凝土造,105年12月29日,十二層,五層
RPWNMLNJNHMFFBM56CA,,77.26,見其他登記事項,鋼筋混凝土造,105年12月29日,十二層,
RPROMLNJNHMFFBM78CA,,94.50,見其他登記事項,鋼筋混凝土造,105年12月29日,十二層,十一層
RPROMLNJNHMFFBM78CA,,78.72,見其他登記事項,鋼筋混凝土造,105年12月29日,十二層,
RPXNMLNJNHMFFBM66CA,,63.00,見其他登記事項,鋼筋混凝土造,105年12月29日,十二層,五層
RPXNMLNJNHMFFBM66CA,,63.48,見其他登記事項,鋼筋混凝土造,105年12月29日,十二層,
RPRNMLNKMHMFFBM68CA,26,24.36,見其他登記事項,鋼筋混凝土造,80年9月20日,十一層,地下層
RPRNMLNKMHMFFBM68CA,26,20.38,見其他登記事項,鋼筋混凝土造,80年9月20日,十一層,
RPXNMLSJMHMFFBM07CA,3,195.93,見其他登記事項,鋼筋混凝土造,103年8月11日,三層,一層 二層 三層 見其他登記事項
RPOOMLRJMHMFFAM68CA,27,177.64,住商用,鋼筋混凝土造,79年2月6日,三層,一層 二層 三層 騎樓
RPOOMLPKMHMFFAM58CA,1,147.96,見其他登記事項,鋼筋混凝土造,105年7月26日,三層,一層 二層 三層
RPRNMLPKMHMFFAM78CA,1,202.63,見其他登記事項,鋼筋混凝土造,105年7月26日,四層,一層 二層 三層 四層
RPPNMLMKMHMFFBM38CA,,204.99,住家用,鋼筋混凝土造,105年11月2日,四層,一層 二層 三層 四層
RPPNMLPLMHMFFAM68CA,1,244.90,見其他登記事項,鋼筋混凝土造,105年6月20日,四層,一層 二層 三層 四層
RPQNMLNKMHMFFDM78CA,36,174.96,住家用,鋼筋混凝土造,69年12月15日,二層,一層 二層 騎樓
RPTNMLLKMHMFFDM88CA,1,185.76,住家用,鋼筋混凝土造,105年3月23日,三層,一層 二層 三層
RPUOMLRKMHMFFAM76CA,38,89.59,見其他登記事項,加強磚造,67年10月9日,二層,一層 二層 屋頂突出物
RPVOMLRKMHMFFAM86CA,37,108.45,住商用,鋼筋混凝土造,69年6月16日,二層,一層 二層
RPUNMLLKMHMFFCM88CA,1,269.94,見其他登記事項,鋼筋混凝土造,104年11月30日,四層,一層 二層 三層 四層 騎樓
RPTNMLLKMHMFFCM78CA,35,84.87,見其他登記事項,鋼筋混凝土造,71年8月23日,二層,一層 二層 騎樓
RPWNMLMKMHMFFAM98CA,22,133.89,住家用,鋼筋混凝土造,83年9月30日,三層,一層 二層 三層 夾層
RPQNMLKKMHMFFAM18CA,35,67.45,住家用,鋼筋混凝土加強磚造,71年8月21日,四層,一層
RPQNMLKKMHMFFAM18CA,35,67.45,住家用,鋼筋混凝土加強磚造,71年8月21日,四層,二層
RPQNMLKKMHMFFAM18CA,35,67.45,住家用,鋼筋混凝土加強磚造,71年8月21日,四層,三層
RPQNMLKKMHMFFAM18CA,35,67.45,住家用,鋼筋混凝土加強磚造,71年8月21日,四層,四層
RPVNMLPKMHMFFAM56CA,,180.91,見其他登記事項,鋼筋混凝土造,105年12月28日,三層,一層 二層 三層
RPTNMLPKMHMFFAM98CA,,181.45,見其他登記事項,鋼筋混凝土造,105年12月28日,三層,一層 二層 三層
RPQNMLMKMHMFFAM38CA,38,180.39,住商用,鋼筋混凝土加強磚造,68年4月13日,四層,一層 二層 三層 四層 騎樓
RPTOMLRKMHMFFAM66CA,1,194.99,住家用,鋼筋混凝土造,105年5月18日,四層,一層 二層 三層 四層
RPQNMLOLMHMFFBM78CA,28,119.84,住家用,加強磚造,78年6月5日,二層,一層 二層
RPSNMLRLMHMFFCM76CA,1,272.88,見其他登記事項,鋼筋混凝土造,104年11月30日,四層,一層 二層 三層 四層 騎樓
RPPNMLNLMHMFFAM48CA,42,145.65,住商用,鋼筋混凝土加強磚造,63年12月17日,三層,一層 二層 三層
RPWNMLNLOHMFFAM76CA,13,213.01,商業用,見其他登記事項,93年2月27日,一層,一層
RPXNMLMKMHMFFBM56CA,13,105.09,見其他登記事項,鋼筋混凝土造,93年3月22日,七層,七層
RPXNMLMKMHMFFBM56CA,13,61.21,見其他登記事項,鋼筋混凝土造,93年3月22日,七層,
RPQNMLMKMHMFFCM58CA,5,12.00,農舍,見其他登記事項,101年6月20日,一層,一層
RPQNMLRLMHMFFBM09CA,23,101.71,住家用,鋼筋混凝土造,83年3月10日,七層,六層
RPQNMLRLMHMFFBM09CA,23,41.95,見其他登記事項,鋼筋混凝土造,83年3月10日,七層,
RPTNMLMKMHMFFCM88CA,18,125.79,見其他登記事項,鋼筋混凝土造,87年10月19日,三層,一層 二層 三層
RPWNMLOKMHMFFCM76CA,19,270.34,住家用,鋼筋混凝土造,87年4月22日,四層,一層 二層 三層 四層 地下層
RPUNMLNKMHMFFCM09CA,13,155.29,住家用,見其他登記事項,93年8月18日,三層,一層 二層 三層
RPQNMLNJNHMFFBM58CA,23,83.33,住家用,鋼筋混凝土造,82年11月24日,七層,六層
RPQNMLNJNHMFFBM58CA,23,27.62,見其他登記事項,鋼筋混凝土造,82年11月24日,七層,
RPXNMLSKMHMFFCM27CA,19,23.78,農舍,見其他登記事項,87年9月17日,一層,一層
RPXNMLSKMHMFFCM27CA,19,23.78,農舍,見其他登記事項,87年9月17日,一層,一層
RPXNMLRLMHMFFCM27CA,2,383.82,見其他登記事項,鋼筋混凝土造,103年9月23日,五層,一層 二層 三層 四層 五層
RPRNMLTKMHMFFDM86CA,24,179.30,住家用,鋼筋混凝土造,82年3月19日,四層,一層 二層 三層 四層
RPSOMLOLNHMFFAM09CA,4,93.81,農舍,見其他登記事項,102年7月2日,一層,一層
RPTOMLOLNHMFFAM56CA,38,122.18,住商用,鋼筋混凝土加強磚造,67年11月27日,三層,一層 二層 三層 騎樓
RPUNMLOKMHMFFAM98CA,23,82.90,住家用,鋼筋混凝土造,82年11月10日,十四層,六層
RPUNMLOKMHMFFAM98CA,23,10.42,見其他登記事項,鋼筋混凝土造,82年11月10日,十四層,
RPUNMLOKMHMFFAM98CA,23,8.97,見其他登記事項,鋼筋混凝土造,82年11月10日,十四層,
RPTNMLOKMHMFFCM09CA,35,65.95,住家用,鋼筋混凝土造,71年2月27日,二層,一層 二層
RPUOMLOLNHMFFAM66CA,23,228.04,見其他登記事項,鋼筋混凝土造,82年11月26日,三層,一層 二層 三層 屋頂突出物 地下層
RPQNMLSKMHMFFCM56CA,21,178.56,住家用,鋼筋混凝土造,84年12月21日,三層,一層 二層 三層 屋頂突出物
RPPNMLLJNHMFFDM48CA,2,253.21,見其他登記事項,鋼筋混凝土造,104年5月25日,三層,一層 二層 三層 屋頂突出物
RPPNMLLJNHMFFAM18CA,23,178.21,住家用,鋼筋混凝土造,83年3月31日,四層,一層 二層 三層 四層
RPPNMLLJNHMFFAM18CA,23,27.64,見其他登記事項,鋼筋混凝土造,83年3月31日,四層,
RPQNMLTKMHMFFCM66CA,2,211.60,住家用,鋼筋混凝土造,104年3月18日,四層,一層 二層 三層 四層
RPRNMLRKMHMFFCM56CA,30,92.58,住家用,鋼筋混凝土加強磚造,76年2月25日,二層,一層 二層
RPPNMLRKMHMFFCM98CA,23,110.69,見其他登記事項,鋼筋混凝土造,83年7月8日,十二層,三層
RPPNMLRKMHMFFCM98CA,23,16.11,見其他登記事項,鋼筋混凝土造,83年7月8日,十二層,
RPQNMLLJNHMFFDM58CA,8,113.56,農舍,見其他登記事項,98年8月11日,一層,一層
RPXNMLOLMHMFFCM96CA,36,20.46,住家用,加強磚造,70年1月23日,一層,一層
RPXNMLOLMHMFFCM96CA,36,18.21,住家用,加強磚造,70年1月23日,一層,一層
RPPNMLLLMHMFFCM48CA,15,82.14,住商用,鋼筋混凝土造,90年12月5日,三層,一層 二層 三層 屋頂突出物
RPPNMLLLMHMFFCM48CA,15,82.14,住商用,鋼筋混凝土造,90年12月5日,三層,一層 二層 三層 屋頂突出物
RPPNMLTKMHMFFBM09CA,36,94.76,住家用,鋼筋混凝土加強磚造,69年12月1日,二層,一層 二層
RPUNMLTKNHMFFBM07CA,42,81.21,農舍,鋼筋混凝土加強磚造,64年7月14日,一層,一層
RPRNMLRKMHMFFBM09CA,4,338.56,住家用,鋼筋混凝土造,101年12月10日,五層,一層 二層 三層 四層 五層
RPQNMLSKMHMFFBM09CA,23,94.00,住家用,鋼筋混凝土造,82年11月24日,七層,七層
RPQNMLSKMHMFFBM09CA,23,42.82,見其他登記事項,鋼筋混凝土造,82年11月24日,七層,
RPSNMLQLMHMFFAM09CA,39,100.69,住商用,鋼筋混凝土加強磚造,67年3月31日,二層,一層 二層 騎樓
RPRNMLSKMHMFFBM56CA,21,91.84,住家用,鋼筋混凝土造,85年3月12日,八層,八層
RPRNMLSKMHMFFBM56CA,21,33.70,見其他登記事項,鋼筋混凝土造,85年3月12日,八層,
RPOOMLOJNHMFFAM48CA,5,230.92,住家用,鋼筋混凝土造,101年9月4日,四層,一層 二層 三層 四層
RPTNMLLLMHMFFCM88CA,3,214.34,住家用,鋼筋混凝土造,102年11月22日,四層,一層 二層 三層 四層
RPTOMLNJNHMFFBM98CA,,91.44,見其他登記事項,鋼筋混凝土造,105年12月29日,十二層,三層
RPTOMLNJNHMFFBM98CA,,77.26,見其他登記事項,鋼筋混凝土造,105年12月29日,十二層,
RPRNMLNJNHMFFBM68CA,23,163.40,住商用,鋼筋混凝土造,83年2月7日,四層,一層 二層 三層 四層
RPUOMLNJNHMFFBM09CA,,66.34,見其他登記事項,鋼筋混凝土造,105年12月29日,十二層,三層
RPUOMLNJNHMFFBM09CA,,32.11,見其他登記事項,鋼筋混凝土造,105年12月29日,十二層,
RPXOMLNJNHMFFBM76CA,,94.92,見其他登記事項,鋼筋混凝土造,105年12月29日,十二層,八層
RPXOMLNJNHMFFBM76CA,,111.95,見其他登記事項,鋼筋混凝土造,105年12月29日,十二層,
RPTNMLSKMHMFFCM86CA,35,76.20,住商用,鋼筋混凝土造,70年11月17日,二層,一層 二層
RPWNMLRLMHMFFBM07CA,,267.35,住家用,鋼筋混凝土造,105年10月12日,四層,一層 二層 三層 四層
RPVNMLRLMHMFFBM96CA,1,353.97,住家用,鋼筋混凝土造,105年8月22日,四層,一層 二層 三層 四層
RPPNMLTKMHMFFCM56CA,49,73.20,住家用,鋼筋混凝土加強磚造,57年7月25日,二層,一層 二層
RPSNMLRLMHMFFAM56CA,31,171.50,住商用,鋼筋混凝土造,75年5月7日,三層,一層 二層 三層 騎樓
RPRNMLKLMHMFFBM48CA,47,59.28,住家用,加強磚造,,二層,一層 二層
RPWNMLSKMHMFFAM96CA,22,133.89,住家用,鋼筋混凝土造,83年9月30日,三層,一層 二層 三層 夾層
RPVNMLSKMHMFFAM86CA,36,101.80,住家用,鋼筋混凝土加強磚造,69年12月25日,二層,一層 二層
RPRNMLNJNHMFFCM78CA,37,16.66,住家用,加強磚造,69年7月3日,一層,一層
RPRNMLNJNHMFFCM78CA,37,19.27,住家用,加強磚造,69年7月3日,一層,一層
RPPNMLOLMHMFFEM98CA,10,215.76,住家用,見其他登記事項,96年2月15日,三層,一層 二層 三層
RPVNMLNJNHMFFCM56CA,36,59.60,住家用,加強磚造,70年8月12日,二層,一層 二層
RPVNMLNJNHMFFCM56CA,36,59.60,住家用,加強磚造,70年8月12日,二層,一層 二層
RPSNMLQJOHMFFBM56CA,50,136.74,住商用,鋼筋混凝土加強磚造,56年6月14日,三層,一層 二層 三層 騎樓
RPVOMLNJNHMFFBM56CA,,88.66,見其他登記事項,鋼筋混凝土造,105年12月29日,十二層,五層
RPVOMLNJNHMFFBM56CA,,75.92,見其他登記事項,鋼筋混凝土造,105年12月29日,十二層,
RPPNMLMJNHMFFDM58CA,35,109.08,住商用,鋼筋混凝土加強磚造,71年7月30日,二層,一層 二層 騎樓
RPSNMLPLMHMFFBM09CA,27,219.21,住家用,鋼筋混凝土造,79年5月18日,四層,一層 二層 三層 四層 地下層
RPSNMLPLMHMFFBM09CA,27,29.48,停車空間,鋼筋混凝土造,79年5月18日,四層,
RPQNMLMJNHMFFBM48CA,25,48.02,住家用,鋼筋混凝土造,81年1月30日,六層,二層
RPQNMLMJNHMFFBM48CA,25,16.88,見其他登記事項,鋼筋混凝土造,81年1月30日,六層,
RPQNMLQLMHMFFBM98CA,23,37.43,住家用,鋼筋混凝土造,83年7月21日,十三層,四層
RPQNMLQLMHMFFBM98CA,23,20.42,見其他登記事項,鋼筋混凝土造,83年7月21日,十三層,
RPPNMLPLMHMFFCM88CA,42,78.79,住商用,鋼筋混凝土加強磚造,64年8月1日,二層,一層 二層
RPPNMLLLMHMFFDM58CA,46,80.49,住商用,鋼筋混凝土加強磚造,59年10月15日,三層,一層 二層 三層
RPQNMLLLMHMFFDM68CA,,190.73,見其他登記事項,鋼筋混凝土造,105年10月27日,三層,一層 二層 三層 見其他登記事項
RPQNMLOLMHMFFDM98CA,36,94.39,住商用,鋼筋混凝土加強磚造,69年12月27日,二層,一層 二層 騎樓
RPTNMLPLMHMFFDM76CA,32,97.20,住商用,鋼筋混凝土加強磚造,73年12月31日,二層,一層 二層 騎樓
RPSNMLPLMHMFFDM66CA,10,133.22,住家用,鋼筋混凝土造,96年4月13日,二層,一層 二層
RPRNMLLLMHMFFBM58CA,22,27.71,住家用,鋼筋混凝土造,84年9月27日,十二層,十二層
RPRNMLLLMHMFFBM58CA,22,10.01,見其他登記事項,鋼筋混凝土造,84年9月27日,十二層,
RPQNMLPLMHMFFAM78CA,1,185.18,住家用,鋼筋混凝土造,105年6月20日,四層,一層 二層 三層 四層
RPRNMLPLMHMFFAM88CA,1,182.00,住家用,鋼筋混凝土造,105年6月20日,四層,一層 二層 三層 四層
RPPOMLQLMHMFFDM56CA,1,185.76,住家用,鋼筋混凝土造,105年3月23日,三層,一層 二層 三層
RPQOMLQLMHMFFDM66CA,1,185.76,住家用,鋼筋混凝土造,105年3月23日,三層,一層 二層 三層
RPXNMLQLMHMFFDM27CA,1,185.76,住家用,鋼筋混凝土造,105年3月23日,三層,一層 二層 三層
RPRNMLOLMHMFFCM98CA,30,154.71,住商用,鋼筋混凝土造,76年3月23日,二層,一層 二層 騎樓
RPPNMLQLMHMFFBM88CA,,180.61,住家用,鋼筋混凝土造,105年11月2日,四層,一層 二層 三層 四層
RPRNMLPLMHMFFBM98CA,35,104.48,住商用,鋼筋混凝土造,71年1月15日,二層,一層 二層 騎樓
RPUNMLNJNHMFFCM09CA,23,81.78,見其他登記事項,鋼筋混凝土造,83年1月14日,十一層,八層
RPUNMLNJNHMFFCM09CA,23,19.93,見其他登記事項,鋼筋混凝土造,83年1月14日,十一層,
RPRNMLSJNHMFFBM56CA,23,189.24,住家用,鋼筋混凝土造,83年6月30日,三層,一層 二層 三層 電梯樓梯間
RPOOMLQLMHMFFDM09CA,1,185.76,住家用,鋼筋混凝土造,105年3月23日,三層,一層 二層 三層
RPROMLQLMHMFFDM76CA,1,185.76,住家用,鋼筋混凝土造,105年3月23日,三層,一層 二層 三層
RPXNMLMLNHMFFCM86CA,37,74.10,住家用,磚造,69年5月20日,一層,一層 騎樓
RPQNMLQJNHMFFAM78CA,10,540.30,工業用,見使用執照,95年11月16日,一層,見其他登記事項
RPSNMLOKOHMFFCM56CA,12,161.70,住商用,鋼筋混凝土造,93年10月5日,十層,一層 二層 三層
RPSNMLOKOHMFFCM56CA,12,62.48,見其他登記事項,鋼筋混凝土造,93年10月5日,十層,
RPQNMLRLMHMFFCM66DA,40,87.70,住商用,鋼筋混凝土加強磚造,65年11月15日,二層,一層 二層
RPSNMLOJNHMFFAM78CA,14,160.17,住家用,鋼筋混凝土造,92年4月22日,三層,一層 二層 三層 屋頂突出物
RPVNMLQLMHMFFAM76CA,12,164.43,住家用,鋼筋混凝土造,94年9月6日,三層,一層 二層 三層 屋頂突出物
RPRNMLLJNHMFFAM38CA,20,75.39,住家用,鋼筋混凝土造,85年11月21日,十一層,九層
RPRNMLLJNHMFFAM38CA,20,20.89,見其他登記事項,鋼筋混凝土造,85年11月21日,十一層,
RPRNMLLJNHMFFAM38CA,20,7.72,見其他登記事項,鋼筋混凝土造,85年11月21日,十一層,
RPRNMLLJNHMFFAM38CA,20,101.92,住家用,鋼筋混凝土造,85年11月21日,十一層,九層
RPRNMLLJNHMFFAM38CA,20,9.79,見其他登記事項,鋼筋混凝土造,85年11月21日,十一層,
RPRNMLLJNHMFFAM38CA,20,11.83,見其他登記事項,鋼筋混凝土造,85年11月21日,十一層,
RPXNMLSJNHMFFAM07CA,2,178.37,住家用,鋼筋混凝土造,104年10月5日,四層,一層 二層 三層 四層
RPRNMLPLMHMFFDM56CA,49,65.21,住家用,磚造,57年1月1日,一層,一層 騎樓
RPXNMLRLMHMFFBM17CA,15,408.96,見其他登記事項,鋼筋混凝土造,91年2月27日,四層,一層 二層 三層 四層 屋頂突出物 地下層
RPRNMLQLMHMFFBM09CA,,197.94,見其他登記事項,鋼筋混凝土造,105年11月24日,三層,一層 二層 三層 見其他登記事項
RPUNMLQLMHMFFBM76CA,,181.07,見其他登記事項,鋼筋混凝土造,105年11月24日,三層,一層 二層 三層 見其他登記事項
RPSNMLQLMHMFFBM56CA,,197.89,見其他登記事項,鋼筋混凝土造,105年11月24日,三層,一層 二層 三層 見其他登記事項
RPUNMLLJNHMFFBM78CA,,180.99,見其他登記事項,鋼筋混凝土造,105年11月24日,三層,一層 二層 三層 見其他登記事項
RPRNMLTJNHMFFCM76CA,3,207.59,住家用,鋼筋混凝土造,102年10月22日,四層,一層 二層 三層 四層
RPSNMLNJNHMFFCM88CA,16,73.32,住家用,鋼筋混凝土造,90年9月25日,三層,一層 二層 三層 屋頂突出物
RPSNMLNJNHMFFCM88CA,16,73.32,住家用,鋼筋混凝土造,90年9月25日,三層,一層 二層 三層 屋頂突出物
RPPNMLQKNHMFFCM98CA,12,96.96,見其他登記事項,鋼筋混凝土造,93年10月5日,十層,一層
RPPNMLQKNHMFFCM98CA,12,35.33,見其他登記事項,鋼筋混凝土造,93年10月5日,十層,
RPQNMLRKNHMFFDM66CA,48,115.92,住家用,加強磚造,58年1月1日,二層,一層 二層
RPTOMLOJNHMFFCM56CA,32,256.72,農舍,鋼筋混凝土加強磚造,74年4月1日,二層,一層 二層 騎樓
RPQNMLSLMHMFFDM76CA,30,160.02,住商用,鋼筋混凝土加強磚造,76年4月22日,三層,一層 二層 三層 騎樓
RPPNMLLKNHMFFCM48CA,21,92.38,見其他登記事項,鋼筋混凝土造,84年11月22日,十二層,八層
RPPNMLLKNHMFFCM48CA,21,28.45,見其他登記事項,鋼筋混凝土造,84年11月22日,十二層,
RPUNMLLJNHMFFDM09DA,18,169.20,住家用,鋼筋混凝土造,88年5月12日,三層,一層 二層 三層 電梯樓梯間
RPTNMLQLMHMFFBM76DA,,198.87,見其他登記事項,鋼筋混凝土造,105年11月24日,三層,一層 二層 三層 見其他登記事項
RPPNMLLJNHMFFEM58CA,41,55.35,住家用,鋼筋混凝土加強磚造,65年1月5日,一層,一層
RPPNMLOJNHMFFAM48CA,23,95.90,見其他登記事項,鋼筋混凝土造,82年11月10日,十四層,一層 二層 騎樓
RPPNMLOJNHMFFAM48CA,23,11.28,見其他登記事項,鋼筋混凝土造,82年11月10日,十四層,
RPPNMLOJNHMFFAM48CA,23,10.22,見其他登記事項,鋼筋混凝土造,82年11月10日,十四層,
RPPNMLRLMHMFFDM66DA,13,151.11,住家用,鋼筋混凝土造,93年2月5日,三層,一層 二層 三層 屋頂突出物
RPOOMLSLMHMFFAM98CA,1,202.37,見其他登記事項,鋼筋混凝土造,104年11月23日,三層,一層 二層 三層 屋頂突出物
RPVNMLSLMHMFFAM96CA,24,84.34,住家用,鋼筋混凝土造,82年3月22日,八層,六層
RPVNMLSLMHMFFAM96CA,24,21.12,見其他登記事項,鋼筋混凝土造,82年3月22日,八層,
RPWNMLLJNHMFFDM56CA,39,220.92,住商用,鋼筋混凝土加強磚造,67年4月3日,三層,一層 二層 三層 騎樓
RPRNMLSJNHMFFDM76CA,16,177.28,住家用,鋼筋混凝土造,90年5月22日,三層,一層 二層 三層 屋頂突出物
RPSNMLOLNHMFFDM66CA,10,158.14,住商用,鋼筋混凝土造,96年7月2日,四層,一層 二層 三層 四層 騎樓
RPSOMLNJNHMFFBM88CA,1,171.30,住家用,鋼筋混凝土造,104年11月11日,四層,一層 二層 三層 四層
RPSNMLOJNHMFFBM88CA,,195.38,住家用,鋼筋混凝土造,,三層,一層 二層 三層 騎樓
RPWNMLKKNHMFFBM98CA,36,115.16,住商用,鋼筋混凝土加強磚造,70年5月5日,二層,一層 二層 騎樓
RPUNMLPKNHMFFCM76CA,22,48.38,見其他登記事項,鋼筋混凝土造,84年9月7日,九層,二層
RPUNMLPKNHMFFCM76CA,22,14.98,見其他登記事項,鋼筋混凝土造,84年9月7日,九層,
RPPNMLQJNHMFFAM68CA,23,133.89,住家用,鋼筋混凝土造,83年9月30日,三層,一層 二層 三層 夾層
RPPNMLMJNHMFFAM28CA,39,102.80,住家用,鋼筋混凝土加強磚造,67年9月1日,二層,一層 二層
RPTNMLQKNHMFFBM66CA,1,229.03,住家用,鋼筋混凝土造,105年8月22日,四層,一層 二層 三層 四層
RPXNMLSLMHMFFAM17CA,37,78.20,住家用,鋼筋混凝土加強磚造,69年2月5日,二層,一層 二層
RPPNMLRJNHMFFDM09CA,1,147.28,住家用,鋼筋混凝土造,104年12月25日,三層,一層 二層 三層
RPTNMLMJNHMFFAM68CA,23,138.83,住家用,鋼筋混凝土造,82年12月3日,三層,一層 二層 三層
RPPOMLRKNHMFFAM98CA,21,83.17,住家用,鋼筋混凝土造,85年2月7日,八層,二層
RPPOMLRKNHMFFAM98CA,21,23.60,住家用,鋼筋混凝土造,85年2月7日,八層,
RPUNMLSLMHMFFCM17DA,19,270.34,住家用,鋼筋混凝土造,87年4月22日,四層,一層 二層 三層 四層 地下層
RPRNMLSJNHMFFAM09CA,22,173.53,住家用,鋼筋混凝土造,83年10月7日,四層,一層 二層 三層 四層
RPRNMLSJNHMFFAM09CA,22,45.13,見其他登記事項,鋼筋混凝土造,83年10月7日,十一層,
RPPOMLNLNHMFFAM68CA,1,412.09,見其他登記事項,鋼筋混凝土造,105年3月15日,四層,一層 二層 三層 四層
RPUNMLNLNHMFFAM09CA,36,211.09,住商用,鋼筋混凝土加強磚造,70年3月28日,四層,一層 二層 三層 四層 騎樓
RPROMLMLNHMFFAM78CA,15,56.51,住家用,鋼筋混凝土造,91年4月15日,四層,三層
RPROMLMLNHMFFAM78CA,15,4.10,見其他登記事項,鋼筋混凝土造,91年4月15日,四層,
RPQNMLNLNHMFFEM09CA,37,109.60,住商用,鋼筋混凝土加強磚造,69年7月7日,二層,一層 二層 騎樓
