﻿編號,車位類別,車位價格,車位面積平方公尺
Serial number,berth category,berth price,berth area square meter
RPWWMLRJLHMFFAO87CB,坡道平面,1150000,27.43
RPTWMLRJLHMFFAO57CB,坡道平面,1150000,27.43
RPVWMLRJLHMFFAO77CB,坡道平面,1050000,27.43
RPVVMLRJLHMFFAO67CB,坡道平面,1150000,26.77
RPPWMLRJLHMFFAO17CB,坡道平面,1050000,27.43
RPXWMLRJLHMFFAO97CB,坡道平面,950000,27.43
RPXVMLRJLHMFFAO87CB,坡道平面,1050000,27.43
RPUWMLRJLHMFFAO67CB,坡道平面,1150000,27.43
RPWVMLRJLHMFFAO77CB,坡道平面,1050000,27.43
RPONNLRJLHMFFAO88CB,坡道平面,1050000,27.43
RPPNNLRJLHMFFAO98CB,坡道平面,1250000,27.43
RPRNNLRJLHMFFAO56CB,坡道平面,1150000,27.43
RPSNNLRJLHMFFAO66CB,坡道平面,1150000,27.43
RPQNNLRJLHMFFAO09CB,坡道平面,1050000,27.43
RPUNNLRJLHMFFAO86CB,坡道平面,1250000,27.43
RPVNNLRJLHMFFAO96CB,坡道平面,1150000,27.43
RPTNNLRJLHMFFAO76CB,坡道平面,1050000,27.43
RPWNNLRJLHMFFAO07CB,坡道平面,1050000,27.43
RPOONLRJLHMFFAO98CB,坡道平面,1150000,27.43
RPQONLRJLHMFFAO56CB,坡道平面,1250000,27.43
RPTONLRJLHMFFAO86CB,坡道平面,1250000,27.43
RPPONLRJLHMFFAO09CB,坡道平面,1150000,27.43
RPSONLRJLHMFFAO76CB,坡道平面,1150000,27.43
RPRONLRJLHMFFAO66CB,坡道平面,1150000,27.43
RPUONLRJLHMFFAO96CB,坡道平面,0,27.43
RPUONLRJLHMFFAO96CB,坡道平面,0,27.43
RPVONLRJLHMFFAO07CB,坡道平面,1150000,27.43
RPWONLRJLHMFFAO17CB,坡道平面,1050000,27.43
RPOPNLRJLHMFFAO09CB,坡道平面,1250000,27.43
RPXONLRJLHMFFAO27CB,坡道平面,1150000,27.43
RPPPNLRJLHMFFAO56CB,坡道平面,1250000,27.43
RPUPNLRJLHMFFAO07CB,坡道平面,950000,27.43
RPSPNLRJLHMFFAO86CB,坡道平面,1250000,27.43
RPQPNLRJLHMFFAO66CB,坡道平面,1050000,27.43
RPTPNLRJLHMFFAO96CB,坡道平面,950000,27.43
RPWPNLRJLHMFFAO27CB,坡道平面,950000,27.43
RPRPNLRJLHMFFAO76CB,坡道平面,1050000,27.43
RPXPNLRJLHMFFAO37CB,坡道平面,1150000,27.43
RPOQNLRJLHMFFAO56CB,坡道平面,950000,27.43
RPQQNLRJLHMFFAO76CB,坡道平面,1050000,27.43
RPPQNLRJLHMFFAO66CB,坡道平面,1250000,27.43
RPUQNLRJLHMFFAO17CB,坡道平面,950000,27.43
RPTQNLRJLHMFFAO07CB,坡道平面,1050000,27.43
RPSQNLRJLHMFFAO96CB,坡道平面,1250000,27.43
RPVQNLRJLHMFFAO27CB,坡道平面,1050000,27.43
RPQRNLRJLHMFFAO86CB,坡道平面,1250000,27.43
RPPRNLRJLHMFFAO76CB,坡道平面,1150000,27.43
RPRQNLRJLHMFFAO86CB,坡道平面,1250000,27.43
RPRRNLRJLHMFFAO96CB,坡道平面,1250000,27.43
RPORNLRJLHMFFAO66CB,坡道平面,950000,27.43
RPSRNLRJLHMFFAO07CB,坡道平面,1300000,30.74
RPWRNLRJLHMFFAO47CB,坡道平面,1150000,27.43
RPOSNLRJLHMFFAO76CB,坡道平面,1250000,27.43
RPTRNLRJLHMFFAO17CB,坡道平面,1050000,27.43
RPURNLRJLHMFFAO27CB,坡道平面,1250000,27.43
RPVRNLRJLHMFFAO37CB,坡道平面,1150000,27.43
RPPSNLRJLHMFFAO86CB,坡道平面,1150000,27.43
RPQSNLRJLHMFFAO96CB,坡道平面,1150000,27.43
RPXRNLRJLHMFFAO57CB,坡道平面,1150000,27.43
RPSSNLRJLHMFFAO17CB,坡道平面,1050000,27.43
RPRSNLRJLHMFFAO07CB,坡道平面,1050000,27.43
RPTSNLRJLHMFFAO27CB,坡道平面,1150000,27.43
RPUSNLRJLHMFFAO37CB,坡道平面,950000,27.43
RPRTNLRJLHMFFAO17CB,坡道平面,1250000,27.43
RPOTNLRJLHMFFAO86CB,坡道平面,1050000,27.43
RPVSNLRJLHMFFAO47CB,坡道平面,1050000,27.43
RPWSNLRJLHMFFAO57CB,坡道平面,1150000,27.43
RPQTNLRJLHMFFAO07CB,坡道平面,1150000,27.43
RPPTNLRJLHMFFAO96CB,坡道平面,1050000,27.43
RPUTNLRJLHMFFAO47CB,坡道平面,1250000,27.43
RPVTNLRJLHMFFAO57CB,坡道平面,1050000,27.43
RPSTNLRJLHMFFAO27CB,坡道平面,1050000,27.43
RPRUNLRJLHMFFAO27CB,坡道平面,0,27.43
RPRUNLRJLHMFFAO27CB,坡道平面,0,27.43
RPOUNLRJLHMFFAO96CB,坡道平面,1150000,27.43
RPTTNLRJLHMFFAO37CB,坡道平面,1150000,27.43
RPXTNLRJLHMFFAO77CB,坡道平面,1050000,27.43
RPSUNLRJLHMFFAO37CB,坡道平面,0,27.43
RPSUNLRJLHMFFAO37CB,坡道平面,0,27.43
RPWTNLRJLHMFFAO67CB,坡道平面,1150000,27.43
RPUUNLRJLHMFFAO57CB,坡道平面,950000,27.43
RPTUNLRJLHMFFAO47CB,坡道平面,1050000,27.43
RPPVNLRJLHMFFAO17CB,坡道平面,0,27.43
RPPVNLRJLHMFFAO17CB,坡道平面,0,27.43
RPVUNLRJLHMFFAO67CB,坡道平面,950000,27.43
RPUVNLRJLHMFFAO67CB,坡道平面,0,27.43
RPUVNLRJLHMFFAO67CB,坡道平面,0,27.43
RPVVNLRJLHMFFAO77CB,坡道平面,0,26.77
RPVVNLRJLHMFFAO77CB,坡道平面,0,27.43
RPSVNLRJLHMFFAO47CB,坡道平面,0,27.43
RPSVNLRJLHMFFAO47CB,坡道平面,0,27.43
RPRVNLRJLHMFFAO37CB,坡道平面,0,27.43
RPRVNLRJLHMFFAO37CB,坡道平面,0,29.09
RPWUNLRJLHMFFAO77CB,坡道平面,1150000,27.43
RPQVNLRJLHMFFAO27CB,坡道平面,0,27.43
RPQVNLRJLHMFFAO27CB,坡道平面,0,27.43
RPTVNLRJLHMFFAO57CB,坡道平面,0,26.77
RPTVNLRJLHMFFAO57CB,坡道平面,0,27.43
RPXUNLRJLHMFFAO87CB,坡道平面,0,27.43
RPXUNLRJLHMFFAO87CB,坡道平面,0,27.43
RPRWNLRJLHMFFAO47CB,坡道平面,1150000,27.43
RPWVNLRJLHMFFAO87CB,坡道平面,1050000,27.43
RPOWNLRJLHMFFAO17CB,坡道平面,0,27.43
RPOWNLRJLHMFFAO17CB,坡道平面,0,29.09
RPQWNLRJLHMFFAO37CB,坡道平面,0,27.43
RPQWNLRJLHMFFAO37CB,坡道平面,0,27.43
RPTWNLRJLHMFFAO67CB,坡道平面,0,27.43
RPTWNLRJLHMFFAO67CB,坡道平面,0,27.43
RPXVNLRJLHMFFAO97CB,坡道平面,0,26.77
RPXVNLRJLHMFFAO97CB,坡道平面,0,27.43
RPVWNLRJLHMFFAO87CB,坡道平面,0,27.43
RPVWNLRJLHMFFAO87CB,坡道平面,0,26.77
RPPWNLRJLHMFFAO27CB,坡道平面,0,27.43
RPPWNLRJLHMFFAO27CB,坡道平面,0,27.43
RPSWNLRJLHMFFAO57CB,坡道平面,0,27.43
RPSWNLRJLHMFFAO57CB,坡道平面,0,27.43
RPUWNLRJLHMFFAO77CB,坡道平面,0,27.43
RPUWNLRJLHMFFAO77CB,坡道平面,0,27.43
RPXWNLRJLHMFFAO08CB,坡道平面,0,27.43
RPXWNLRJLHMFFAO08CB,坡道平面,0,27.43
RPONOLRJLHMFFAO98CB,坡道平面,1150000,27.43
RPPNOLRJLHMFFAO09CB,坡道平面,0,27.43
RPPNOLRJLHMFFAO09CB,坡道平面,0,27.43
RPSNOLRJLHMFFAO76CB,坡道平面,1150000,27.43
RPTNOLRJLHMFFAO86CB,坡道平面,1250000,27.43
RPWWNLRJLHMFFAO97CB,坡道平面,0,26.77
RPWWNLRJLHMFFAO97CB,坡道平面,0,27.43
RPVNOLRJLHMFFAO07CB,坡道平面,1150000,27.43
RPQNOLRJLHMFFAO56CB,坡道平面,1250000,27.43
RPUNOLRJLHMFFAO96CB,坡道平面,1150000,27.43
RPRNOLRJLHMFFAO66CB,坡道平面,1250000,27.43
RPWNOLRJLHMFFAO17CB,坡道平面,0,27.43
RPWNOLRJLHMFFAO17CB,坡道平面,0,38.01
RPXNOLRJLHMFFAO27CB,坡道平面,1150000,27.43
RPSOOLRJLHMFFAO86CB,坡道平面,1050000,27.43
RPTOOLRJLHMFFAO96CB,坡道平面,1050000,27.43
RPOOOLRJLHMFFAO09CB,坡道平面,1150000,27.43
RPWOOLRJLHMFFAO27CB,坡道平面,1050000,27.43
RPPOOLRJLHMFFAO56CB,坡道平面,0,27.43
RPPOOLRJLHMFFAO56CB,坡道平面,0,29.09
RPVOOLRJLHMFFAO17CB,坡道平面,1050000,27.43
RPROOLRJLHMFFAO76CB,坡道平面,1050000,27.43
RPUOOLRJLHMFFAO07CB,坡道平面,1050000,27.43
RPXOOLRJLHMFFAO37CB,坡道平面,1050000,27.43
RPOPOLRJLHMFFAO56CB,坡道平面,950000,27.43
RPTPOLRJLHMFFAO07CB,坡道平面,1250000,27.43
RPPPOLRJLHMFFAO66CB,坡道平面,1050000,27.43
RPSPOLRJLHMFFAO96CB,坡道平面,1150000,27.43
RPVPOLRJLHMFFAO27CB,坡道平面,1150000,27.43
RPRPOLRJLHMFFAO86CB,坡道平面,1150000,27.43
RPWPOLRJLHMFFAO37CB,坡道平面,1300000,30.74
RPXPOLRJLHMFFAO47CB,坡道平面,1150000,27.43
RPQPOLRJLHMFFAO76CB,坡道平面,1150000,27.43
RPUPOLRJLHMFFAO17CB,坡道平面,0,29.09
RPUPOLRJLHMFFAO17CB,坡道平面,0,30.74
RPVQOLRJLHMFFAO37CB,坡道平面,1250000,27.43
RPPQOLRJLHMFFAO76CB,坡道平面,1250000,27.43
RPQQOLRJLHMFFAO86CB,坡道平面,1150000,27.43
RPSQOLRJLHMFFAO07CB,坡道平面,1050000,27.43
RPRQOLRJLHMFFAO96CB,坡道平面,1150000,27.43
RPTQOLRJLHMFFAO17CB,坡道平面,1150000,27.43
RPXQOLRJLHMFFAO57CB,坡道平面,1250000,27.43
RPUQOLRJLHMFFAO27CB,坡道平面,1150000,27.43
RPOQOLRJLHMFFAO66CB,坡道平面,1250000,27.43
RPWQOLRJLHMFFAO47CB,坡道平面,1050000,27.43
RPOROLRJLHMFFAO76CB,坡道平面,1250000,27.43
RPRROLRJLHMFFAO07CB,坡道平面,1250000,27.43
RPQROLRJLHMFFAO96CB,坡道平面,1300000,30.74
RPPSOLRJLHMFFAO96CB,坡道平面,0,27.43
RPPSOLRJLHMFFAO96CB,坡道平面,0,26.77
RPWROLRJLHMFFAO57CB,坡道平面,1250000,27.43
RPOSOLRJLHMFFAO86CB,坡道平面,0,27.43
RPOSOLRJLHMFFAO86CB,坡道平面,0,26.77
RPSROLRJLHMFFAO17CB,坡道平面,0,27.43
RPSROLRJLHMFFAO17CB,坡道平面,0,29.09
RPTROLRJLHMFFAO27CB,坡道平面,0,27.43
RPTROLRJLHMFFAO27CB,坡道平面,0,27.43
RPXROLRJLHMFFAO67CB,坡道平面,0,27.43
RPXROLRJLHMFFAO67CB,坡道平面,0,27.43
RPVROLRJLHMFFAO47CB,坡道平面,0,27.43
RPVROLRJLHMFFAO47CB,坡道平面,0,27.43
RPRSOLRJLHMFFAO17CB,坡道平面,1150000,27.43
RPQSOLRJLHMFFAO07CB,坡道平面,0,27.43
RPQSOLRJLHMFFAO07CB,坡道平面,0,29.09
RPSSOLRJLHMFFAO27CB,坡道平面,0,27.43
RPSSOLRJLHMFFAO27CB,坡道平面,0,29.09
RPTSOLRJLHMFFAO37CB,坡道平面,0,27.43
RPTSOLRJLHMFFAO37CB,坡道平面,0,27.43
RPXSOLRJLHMFFAO77CB,坡道平面,0,27.43
RPXSOLRJLHMFFAO77CB,坡道平面,0,26.77
RPVSOLRJLHMFFAO57CB,坡道平面,0,27.43
RPVSOLRJLHMFFAO57CB,坡道平面,0,27.43
RPOTOLRJLHMFFAO96CB,坡道平面,0,27.43
RPOTOLRJLHMFFAO96CB,坡道平面,0,27.43
RPUSOLRJLHMFFAO47CB,坡道平面,0,27.43
RPUSOLRJLHMFFAO47CB,坡道平面,0,27.43
RPQTOLRJLHMFFAO17CB,坡道平面,0,27.43
RPQTOLRJLHMFFAO17CB,坡道平面,0,27.43
RPPTOLRJLHMFFAO07CB,坡道平面,0,27.43
RPPTOLRJLHMFFAO07CB,坡道平面,0,27.43
RPRTOLRJLHMFFAO27CB,坡道平面,0,27.43
RPRTOLRJLHMFFAO27CB,坡道平面,0,27.43
RPSTOLRJLHMFFAO37CB,坡道平面,1150000,27.43
RPVTOLRJLHMFFAO67CB,坡道平面,1150000,27.43
RPTTOLRJLHMFFAO47CB,坡道平面,1150000,27.43
RPWTOLRJLHMFFAO77CB,坡道平面,1250000,27.43
RPUTOLRJLHMFFAO57CB,坡道平面,1050000,27.43
RPPUOLRJLHMFFAO17CB,坡道平面,1150000,27.43
RPXTOLRJLHMFFAO87CB,坡道平面,1250000,27.43
RPOUOLRJLHMFFAO07CB,坡道平面,1050000,27.43
RPQUOLRJLHMFFAO27CB,坡道平面,1250000,27.43
RPTUOLRJLHMFFAO57CB,坡道平面,1150000,27.43
RPWUOLRJLHMFFAO87CB,坡道平面,1050000,27.43
RPVUOLRJLHMFFAO77CB,坡道平面,950000,27.43
RPXUOLRJLHMFFAO97CB,坡道平面,1150000,27.43
RPUUOLRJLHMFFAO67CB,坡道平面,1250000,27.43
RPPVOLRJLHMFFAO27CB,坡道平面,1150000,27.43
RPRUOLRJLHMFFAO37CB,坡道平面,1250000,27.43
RPOVOLRJLHMFFAO17CB,坡道平面,1150000,27.43
RPQVOLRJLHMFFAO37CB,坡道平面,1050000,27.43
RPRVOLRJLHMFFAO47CB,坡道平面,1150000,27.43
RPSVOLRJLHMFFAO57CB,坡道平面,1150000,27.43
RPPNMLOKLHMFFAO88EB,坡道平面,1500000,36.06
RPQNMLOKLHMFFAO98EB,坡道平面,1600000,37.09
RPQNMLOKLHMFFAO98EB,坡道平面,1600000,37.09
RPPNMLTKMHMFFAO66CB,坡道平面,0,27.43
RPPNMLTKMHMFFAO66CB,坡道平面,0,29.09
RPPQMLKLMHMFFAO88DB,坡道平面,1100000,36.06
RPVOMLNLLHMFFAO76CB,坡道平面,1150000,.28
