﻿編號,土地區段位置,土地移轉面積平方公尺,使用分區或編定
The serial number,land sector position,land shifting area square meter,the use zoning or compiles and checks
RPVNMLKKMHMFFDP86CC,立仁段,32.95,都市：住
RPUNMLMJKHMFFDP66CC,仁愛段,66.71,都市：商
RPSNMLKKLHMFFDP09CC,蕃薯段,72.00,非都市：特定農業區 ; 非都市編定：甲種建築用地
RPWNMLKKMHMFFDP96CC,立仁段,32.95,都市：住
RPPNMLLLKHMFFCP78CC,漢北段,140.52,都市：住
RPQPMLLJLHMFFAP78CC,斗六段,.00,都市：商
RPWNMLQKKHMFFAP07CC,後庄段,349.33,非都市：鄉村區 ; 非都市編定：乙種建築用地
