﻿編號,屋齡,建物移轉面積平方公尺,主要用途,主要建材,建築完成日期,總層數,建物分層
The serial number,room age,building shifting area square meter,the main use,main building materials,construction completes the date,total layer,building lamination
RPOOMLLKNHNFFCD87CC,25,100.18,住家用,鋼筋混凝土構造,82年9月11日,六層,
RPOOMLLKNHNFFCD87CC,25,19.37,共有部分,鋼筋混凝土構造,82年9月11日,六層,
RPOOMLLKNHNFFCD87CC,25,8.74,共有部分,鋼筋混凝土構造,82年9月11日,六層,
RPOOMLLKNHNFFCD87CC,25,22.83,共有部分,鋼筋混凝土構造,82年9月11日,六層,
RPUOMLLKNHNFFCD48CC,48,81.00,住商用,加強磚造,59年3月12日,二層,
RPROMLLKNHNFFCD18CC,50,86.33,住家用,見其他登記事項,57年1月1日,四層,
RPWNMLLKNHNFFCD58CC,22,126.65,見其他登記事項,鋼筋混凝土構造,85年6月29日,十二層,
RPWNMLLKNHNFFCD58CC,22,42.92,共有部分,鋼筋混凝土構造,85年6月29日,十二層,
RPWNMLLKNHNFFCD58CC,22,21.48,共有部分,鋼筋混凝土構造,85年6月29日,十二層,
RPXOMLLKNHNFFCD78CC,25,73.93,住家用,鋼筋混凝土構造,81年12月22日,九層,
RPXOMLLKNHNFFCD78CC,25,13.48,共有部分,鋼筋混凝土構造,81年12月22日,九層,
RPVOMLLKNHNFFCD58CC,30,117.91,住家用,鋼筋混凝土構造,77年4月6日,五層,
RPVOMLLKNHNFFCD58CC,30,20.17,共有部分,鋼筋混凝土構造,77年4月6日,五層,
RPWOMLLKNHNFFAD48CC,40,31.30,住家用,鋼筋混凝土造,66年12月2日,七層,
RPWOMLLKNHNFFAD48CC,40,7.02,共有部分,鋼筋混凝土造,66年12月2日,七層,
RPUOMLLKNHNFFAD28CC,23,29.77,住家用,鋼筋混凝土造,84年7月4日,十八層,
RPUOMLLKNHNFFAD28CC,23,13.74,共有部分,鋼筋混凝土造,84年7月4日,十八層,
RPTOMLLKNHNFFAD18CC,29,51.20,住家用,鋼筋混凝土造,78年8月3日,十層,
RPTOMLLKNHNFFAD18CC,29,7.72,共有部分,鋼筋混凝土造,78年8月3日,十層,
RPTOMLLKNHNFFAD18CC,29,1.08,共有部分,鋼筋混凝土造,78年8月3日,十層,
RPRPMLLKNHNFFAD08CC,22,34.95,住家用,鋼筋混凝土造,84年10月24日,十三層,
RPRPMLLKNHNFFAD08CC,22,9.35,共有部分,鋼筋混凝土造,84年10月24日,十三層,
RPOPMLLKNHNFFCD97CC,39,19.83,住家用,鋼筋混凝土構造,68年7月17日,三層,
RPVOMLPKNHNFFCD98CC,25,103.76,住家用,鋼筋混凝土構造,81年12月23日,八層,
RPWOMLPKNHNFFCD09CC,21,158.32,住家用,鋼筋混凝土構造,86年7月29日,八層,
RPRPMLPKNHNFFCD68CC,4,209.77,住家用,鋼筋混凝土構造,103年6月26日,四層,
RPPNMLOKNHNFFCD18CC,18,95.72,見其他登記事項,鋼筋混凝土構造,88年10月21日,十三層,
RPPNMLOKNHNFFCD18CC,18,16.75,共有部分,鋼筋混凝土構造,88年10月21日,十三層,
RPPNMLOKNHNFFCD18CC,18,33.68,共有部分,鋼筋混凝土構造,88年10月21日,十三層,
RPSPMLPKNHNFFCD78CC,4,64.44,住家用,鋼筋混凝土構造,103年6月26日,四層,
RPTPMLPKNHNFFCD88CC,11,92.63,住家用,鋼筋混凝土構造,95年12月7日,十層,
RPTPMLPKNHNFFCD88CC,11,27.75,共有部分,鋼筋混凝土構造,95年12月7日,十層,
RPTPMLPKNHNFFCD88CC,11,9.85,共有部分,鋼筋混凝土構造,95年12月7日,十層,
RPQNMLLKNHNFFHD48CC,18,57.53,住商用,鋼筋混凝土造,89年2月11日,三層,
RPTNMLMKNHNFFAD18CC,20,2821.05,見其他登記事項,鋼筋混凝土造,87年1月5日,二十六層,
RPPPMLPKNHNFFAD28CC,14,19.83,見其他登記事項,鋼筋混凝土造,93年8月18日,四層,
RPWOMLPKNHNFFAD88CC,10,162.29,見其他登記事項,鋼筋混凝土造,96年12月27日,十九層,
RPWNMLPKNHNFFID96CC,32,154.90,住家用,加強磚造,75年2月26日,二層,
RPSNMLQKNHNFFID66CC,5,194.42,住商用,鋼筋混凝土構造,102年2月5日,四層,
RPQNMLPKNHNFFDD58DC,27,42.49,住家用,鋼筋混凝土構造,80年10月22日,六層,
RPQNMLQKNHNFFAD28CC,90,199.63,住家用,木造,17年1月1日,一層,
RPUOMLQKNHNFFAD78CC,13,39.56,見其他登記事項,鋼筋混凝土造,93年12月3日,八層,
RPUOMLQKNHNFFAD78CC,13,5.67,共有部分,鋼筋混凝土造,93年12月3日,八層,
RPUOMLQKNHNFFAD78CC,13,34.97,共有部分,鋼筋混凝土造,93年12月3日,八層,
RPVOMLQKNHNFFAD88CC,11,181.32,見其他登記事項,鋼筋混凝土造,96年6月12日,五層,
RPWOMLQKNHNFFAD98CC,1,75.45,見其他登記事項,見其他登記事項,106年1月24日,二十層,
RPWOMLQKNHNFFAD98CC,1,63.18,見其他登記事項,見其他登記事項,106年1月24日,二十六層,
RPRPMLQKNHNFFAD58CC,34,128.72,住家用,鋼筋混凝土造,73年6月26日,五層,
RPRPMLQKNHNFFAD58CC,34,14.32,共有部分,鋼筋混凝土造,73年6月26日,五層,
RPRPMLQKNHNFFAD58CC,34,6.77,共有部分,鋼筋混凝土造,73年6月26日,五層,
RPSPMLQKNHNFFAD68CC,36,118.79,住家用,鋼筋混凝土造,70年12月29日,四層,
RPSPMLQKNHNFFAD68CC,36,10.70,共有部分,鋼筋混凝土造,70年12月29日,四層,
RPUNMLQKNHNFFCD88CC,22,28.33,住家用,鋼筋混凝土構造,85年2月3日,十六層,
RPUNMLQKNHNFFCD88CC,22,4.63,共有部分,鋼筋混凝土構造,85年2月3日,十六層,
RPUNMLQKNHNFFCD88CC,22,4.24,共有部分,鋼筋混凝土構造,85年2月3日,十六層,
RPUOMLQKNHNFFCD98CC,22,90.14,住家用,鋼筋混凝土構造,85年2月9日,十八層,
RPVOMLQKNHNFFCD09CC,41,89.44,住家用,加強磚造,66年3月7日,二層,
RPUOMLQKNHNFFCD98CC,22,23.74,共有部分,鋼筋混凝土構造,85年2月9日,十八層,
RPWOMLQKNHNFFCD56CC,27,20.91,住家用,鋼筋混凝土構造,80年1月24日,六層,
RPWOMLQKNHNFFCD56CC,27,6.58,共有部分,鋼筋混凝土構造,80年1月24日,六層,
RPOPMLQKNHNFFCD48CC,37,77.76,住家用,鋼筋混凝土構造,70年2月2日,五層,
RPOPMLQKNHNFFCD48CC,37,12.80,共有部分,鋼筋混凝土構造,70年2月2日,五層,
RPPPMLQKNHNFFCD58CC,23,96.36,住家用,鋼筋混凝土構造,84年1月6日,二十五層,
RPPPMLQKNHNFFCD58CC,23,25.14,共有部分,鋼筋混凝土構造,84年1月6日,二十五層,
RPRPMLQKNHNFFCD78CC,49,76.47,住家用,見其他登記事項,58年4月4日,四層,
RPPNMLRKNHNFFCD48CC,12,417.27,見其他登記事項,鋼筋混凝土構造,94年11月21日,五層,
RPXPMLQKNHNFFCD76CC,18,91.20,見其他登記事項,鋼筋混凝土構造,88年11月16日,十二層,
RPXPMLQKNHNFFCD76CC,18,.20,見其他登記事項,鋼筋混凝土構造,88年11月16日,十二層,
RPXPMLQKNHNFFCD76CC,18,22.03,共有部分,鋼筋混凝土構造,88年11月16日,十二層,
RPXPMLQKNHNFFCD76CC,18,19.79,共有部分,鋼筋混凝土構造,88年11月16日,十二層,
RPTNMLRKNHNFFCD88CC,34,89.65,見其他登記事項,鋼筋混凝土構造,72年11月21日,五層,
RPTNMLRKNHNFFCD88CC,34,10.46,共有部分,鋼筋混凝土構造,72年11月21日,五層,
RPWNMLRKNHNFFCD56CC,23,53.58,住家用,鋼筋混凝土構造,84年3月2日,七層,
RPWNMLRKNHNFFCD56CC,23,5.49,共有部分,鋼筋混凝土構造,84年3月2日,七層,
RPWNMLRKNHNFFCD56CC,23,9.25,共有部分,鋼筋混凝土構造,84年3月2日,七層,
RPUOMLRKNHNFFCD09CC,43,172.12,住家用,加強磚造,64年10月21日,三層,
RPVOMLRKNHNFFCD56CC,23,29.75,住家用,鋼筋混凝土構造,84年5月10日,七層,
RPQNMLRKNHNFFAD38CC,31,54.77,住商用,鋼筋混凝土造,75年10月23日,四層,
RPQNMLRKNHNFFAD38CC,31,54.05,住商用,鋼筋混凝土造,75年10月23日,三層,
RPQNMLRKNHNFFAD38CC,31,65.46,住家用,鋼筋混凝土造,75年11月20日,四層,
RPQNMLRKNHNFFAD38CC,31,98.88,住商用,鋼筋混凝土造,75年11月20日,四層,
RPXNMLRKNHNFFAD09CC,26,49.59,住家用,鋼筋混凝土造,80年11月7日,五層,
RPQNMLMKNHNFFKD88CC,7,179.82,見其他登記事項,見其他登記事項,100年1月27日,四層,
RPQOMLRKNHNFFAD48CC,36,57.35,住家用,鋼筋混凝土造,70年12月8日,七層,
RPQOMLRKNHNFFAD48CC,36,9.87,共有部分,鋼筋混凝土造,70年12月8日,七層,
RPPOMLRKNHNFFAD38CC,36,83.53,住家用,鋼筋混凝土造,71年10月29日,七層,
RPPOMLRKNHNFFAD38CC,36,17.46,共有部分,鋼筋混凝土造,71年10月29日,七層,
RPROMLRKNHNFFAD58CC,34,97.01,住家用,鋼筋混凝土造,73年6月26日,五層,
RPROMLRKNHNFFAD58CC,34,27.77,共有部分,鋼筋混凝土造,73年6月26日,五層,
RPPNMLLKNHNFFKD68CC,36,92.29,住家用,加強磚造,71年2月18日,二層,
RPSNMLPKNHNFFKD76CC,23,49.34,見其他登記事項,鋼筋混凝土造,84年3月31日,十五層,
RPQPMLRKNHNFFAD58CC,28,50.82,住商用,鋼筋混凝土造,79年3月5日,四層,
RPPNMLMKNHNFFKD78CC,6,95.43,見其他登記事項,見其他登記事項,101年8月17日,十九層,
RPRPMLRKNHNFFAD68CC,24,93.98,住家用,鋼筋混凝土造,83年7月22日,八層,
RPRPMLRKNHNFFAD68CC,24,43.59,共有部分,鋼筋混凝土造,83年7月22日,八層,
RPQNMLRKNHNFFKD76CC,26,52.62,住家用,鋼筋混凝土造,81年3月9日,六層,
RPQNMLRKNHNFFKD76CC,26,15.54,共有部分,鋼筋混凝土造,81年3月9日,六層,
RPUNMLPKNHNFFKD96CC,36,75.30,住家用,鋼筋混凝土造,71年10月12日,五層,
RPTNMLPKNHNFFKD86CC,23,49.34,見其他登記事項,鋼筋混凝土造,84年3月31日,十五層,
RPOOMLQKNHNFFKD56CC,27,17.47,住家用,鋼筋混凝土造,79年12月3日,七層,
RPOOMLQKNHNFFKD56CC,27,4.16,共有部分,鋼筋混凝土造,79年12月3日,七層,
RPOOMLQKNHNFFKD56CC,27,5.35,共有部分,鋼筋混凝土造,79年12月3日,七層,
RPRNMLRKNHNFFKD86CC,27,147.21,見其他登記事項,鋼筋混凝土造,80年8月12日,十八層,
RPRNMLRKNHNFFKD86CC,27,74.67,共有部分,鋼筋混凝土造,80年8月12日,十八層,
RPROMLRKNHNFFKD96CC,2,165.29,見其他登記事項,見其他登記事項,105年8月29日,十五層,
RPSOMLRKNHNFFKD07CC,2,58.07,住家用,見其他登記事項,105年8月1日,六層,
RPQOMLSKNHNFFAD58CC,25,275.92,住商用,鋼筋混凝土構造,82年9月14日,五層,
RPVOMLSKNHNFFAD09CC,1,51.87,見其他登記事項,見其他登記事項,106年1月24日,二十層,
RPVOMLSKNHNFFAD09CC,1,.41,見其他登記事項,見其他登記事項,106年1月24日,二十六層,
RPVOMLSKNHNFFAD09CC,1,.27,見其他登記事項,見其他登記事項,106年1月24日,二十六層,
RPTNMLTKNHNFFAD88CC,11,22.55,見其他登記事項,見其他登記事項,96年8月24日,十四層,
RPUNMLLLNHNFFAD28CC,7,93.42,見其他登記事項,見其他登記事項,100年10月27日,十四層,
RPQOMLLLNHNFFCD18CC,29,148.93,住家用,鋼筋混凝土構造,77年10月27日,二層,
RPROMLMLNHNFFKD56CC,1,83.70,住家用,見其他登記事項,106年11月14日,十六層,
RPROMLMLNHNFFKD56CC,1,64.90,見其他登記事項,見其他登記事項,106年11月14日,十六層,
RPPOMLLLNHNFFKD88CC,24,188.28,住家用,鋼筋混凝土構造,83年8月26日,四層,
RPSPMLSKNHNFFGD86CC,25,777.03,工業用,鋼造,82年10月26日,一層,
RPSOMLMLNHNFFAD28CC,11,109.43,見其他登記事項,見其他登記事項,96年8月24日,十四層,
RPROMLMLNHNFFAD18CC,11,26.61,見其他登記事項,見其他登記事項,96年8月24日,十四層,
RPSOMLNLNHNFFAD38CC,31,260.98,住商用,鋼筋混凝土構造,76年4月7日,四層,
RPOOMLOLNHNFFAD08CC,3,90.10,見其他登記事項,見其他登記事項,104年11月5日,二十四層,
RPOOMLOLNHNFFAD08CC,3,38.58,見其他登記事項,見其他登記事項,104年11月5日,二十四層,
RPSNMLMLNHNFFAD18CC,84,75.07,,木造,23年1月1日,一層,
RPUOMLOLNHNFFAD68CC,9,26.45,見其他登記事項,鋼筋混凝土造,98年5月25日,五層,
RPRNMLNLNHNFFAD18CC,20,92.78,住家用,鋼筋混凝土造,87年4月20日,十四層,
RPRNMLNLNHNFFAD18CC,20,12.84,共有部分,鋼筋混凝土造,87年4月20日,十四層,
RPRNMLNLNHNFFAD18CC,20,12.45,共有部分,鋼筋混凝土造,87年4月20日,十四層,
RPVNMLSKNHNFFHD07CC,43,200.22,住商用,加強磚造,63年11月20日,三層,
RPXOMLOLNHNFFAD98CC,9,33.06,見其他登記事項,鋼筋混凝土造,98年5月25日,五層,
RPWOMLOLNHNFFAD88CC,53,65.03,住商用,加強磚造,54年1月1日,四層,
RPTOMLOLNHNFFCD78CC,42,33.06,住家用,加強磚造,65年10月30日,二層,
RPOPMLOLNHNFFAD18CC,27,39.67,住家用,鋼筋混凝土造,80年11月7日,五層,
RPWOMLOLNHNFFCD09CC,37,40.52,住家用,鋼筋混凝土構造,70年3月3日,五層,
RPWOMLOLNHNFFCD09CC,37,6.13,共有部分,鋼筋混凝土構造,70年3月3日,五層,
RPPPMLOLNHNFFCD48CC,19,90.55,見其他登記事項,鋼筋混凝土構造,88年10月21日,十三層,
RPPPMLOLNHNFFCD48CC,19,18.56,共有部分,鋼筋混凝土構造,88年10月21日,十三層,
RPPPMLOLNHNFFCD48CC,19,31.05,共有部分,鋼筋混凝土構造,88年10月21日,十三層,
RPTNMLPLNHNFFAD58CC,,67.24,住商用,加強磚造,,四層,
RPOOMLPLNHNFFHD88CC,23,161.77,住家用,鋼筋混凝土構造,84年6月8日,四層,
RPPOMLPLNHNFFHD98CC,21,194.70,住商用,鋼筋混凝土構造,86年11月5日,三層,
RPXNMLSLNHNFFHD37CC,13,228.99,見其他登記事項,鋼筋混凝土構造,94年9月5日,三層,
RPPOMLSLNHNFFKD96CC,19,73.60,見使用執照,鋼筋混凝土造,88年4月26日,十二層,
RPVNMLNLNHNFFID76CC,28,81.08,住家用,鋼筋混凝土造,79年2月20日,五層,
RPPOMLOLNHNFFID98CC,40,347.61,工業用,鋼筋混凝土加強磚造,67年11月1日,一層,
RPPOMLOLNHNFFID98CC,27,610.43,工業用,鋼筋混凝土加強磚造,80年5月6日,二層,
RPPOMLOLNHNFFID98CC,27,606.80,見其他登記事項,鋼筋混凝土構造,80年5月6日,四層,
RPRNMLSLNHNFFAD68CC,33,124.62,住工用,見其他登記事項,74年1月9日,一層,
RPXNMLSLNHNFFCD86CC,24,208.46,住家用,鋼筋混凝土構造,83年7月5日,三層,
RPOOMLLLNHNFFBD87CC,42,102.65,住家用,加強磚造,65年1月11日,二層,
RPOOMLSLNHNFFCD68CC,14,86.05,住家用,見其他登記事項,93年7月12日,十四層,
RPVNMLTLNHNFFCD76CC,35,201.08,住家用,加強磚造,71年12月24日,二層,
RPSNMLTLNHNFFAD88CC,11,114.36,見其他登記事項,鋼筋混凝土造,96年8月15日,二十一層,
RPSNMLTLNHNFFAD88CC,11,20.12,見其他登記事項,鋼筋混凝土造,96年8月15日,二十一層,
RPSNMLTLNHNFFAD88CC,11,57.92,共有部分,鋼筋混凝土造,96年8月15日,二十一層,
RPSNMLTLNHNFFAD88CC,11,21.00,共有部分,鋼筋混凝土造,96年8月15日,二十一層,
RPTRMLKMNHNFFAD58CC,25,33.06,住商用,鋼筋混凝土造,82年5月12日,四層,
RPXPMLKMNHNFFAD78CC,36,49.58,住商用,鋼筋混凝土造,71年9月10日,八層,
RPXPMLKMNHNFFAD78CC,36,56.33,見其他登記事項,鋼筋混凝土造,71年9月10日,八層,
RPURMLKMNHNFFAD68CC,18,102.34,見其他登記事項,鋼筋混凝土造,89年4月6日,二十三層,
RPQOMLPLNHNFFBD48CC,25,1535.04,見其他登記事項,見其他登記事項,82年1月20日,一層,
RPOOMLKMNHNFFCD97CC,34,146.16,住商用,鋼筋混凝土構造,73年3月26日,二層,
RPUNMLSLNHNFFGD07DC,27,49.00,住商用,鋼筋混凝土造,80年8月16日,三層,
RPWNMLKMNHNFFKD86CC,19,89.86,住家用,鋼筋混凝土造,88年8月24日,十四層,
RPWNMLKMNHNFFKD86CC,19,2.27,共有部分,鋼筋混凝土造,88年8月24日,十四層,
RPWNMLKMNHNFFKD86CC,19,18.02,共有部分,鋼筋混凝土造,88年8月24日,十四層,
RPWNMLKMNHNFFKD86CC,19,4.15,共有部分,鋼筋混凝土造,88年8月24日,十四層,
RPXNMLKMNHNFFCD78CC,34,88.91,住家用,鋼筋混凝土構造,73年8月17日,七層,
RPXNMLKMNHNFFCD78CC,34,17.25,共有部分,鋼筋混凝土構造,73年8月17日,七層,
RPROMLLMNHNFFID09DC,13,239.76,住商用,鋼筋混凝土構造,94年7月27日,四層,
RPSOMLLJOHNFFKD09CC,25,112.35,商業用,鋼筋混凝土造,82年8月17日,六層,
RPSOMLLJOHNFFKD09CC,25,25.26,共有部分,鋼筋混凝土造,82年8月17日,六層,
RPUNMLLJOHNFFCD38CC,61,1431.30,見其他登記事項,磚造,46年1月1日,二層,
RPOOMLLJOHNFFCD87CC,20,235.08,住家用,鋼筋混凝土構造,87年5月20日,四層,
RPOOMLLJOHNFFCD87CC,20,43.36,共有部分,鋼筋混凝土構造,87年5月20日,四層,
RPOOMLLJOHNFFKD68CC,27,109.91,見其他登記事項,鋼造,79年12月5日,二十四層,
RPOOMLLJOHNFFKD68CC,27,4.22,共有部分,鋼造,79年12月5日,二十四層,
RPOOMLLJOHNFFKD68CC,27,7.84,共有部分,鋼造,79年12月5日,二十四層,
RPOOMLLJOHNFFKD68CC,27,6.97,共有部分,鋼造,79年12月5日,二十四層,
RPOOMLLJOHNFFKD68CC,27,19.46,共有部分,鋼造,79年12月5日,二十四層,
RPXNMLLJOHNFFCD68CC,50,84.62,住家用,加強磚造,57年2月10日,二層,
RPRNMLNJOHNFFAD08CC,40,27.63,住家用,鋼筋混凝土造,66年12月2日,七層,
RPRNMLNJOHNFFAD08CC,40,6.14,共有部分,鋼筋混凝土造,66年12月2日,七層,
RPSOMLLJOHNFFCD28CC,29,23.74,住家用,鋼筋混凝土構造,78年4月25日,七層,
RPSNMLNJOHNFFAD18CC,18,125.46,見其他登記事項,鋼筋混凝土造,89年4月6日,二十三層,
RPSNMLNJOHNFFAD18CC,18,23.09,共有部分,鋼筋混凝土造,89年4月6日,二十三層,
RPSNMLNJOHNFFAD18CC,18,53.16,共有部分,鋼筋混凝土造,89年4月6日,二十三層,
RPVNMLNJOHNFFAD48CC,71,61.91,住商用,加強磚造,36年2月19日,三層,
RPUNMLNJOHNFFAD38CC,40,27.63,住家用,鋼筋混凝土造,66年12月2日,七層,
RPUNMLNJOHNFFAD38CC,40,6.14,共有部分,鋼筋混凝土造,66年12月2日,七層,
RPWNMLNJOHNFFAD58CC,25,33.06,住商用,鋼筋混凝土造,82年9月25日,五層,
RPPNMLNJOHNFFCD08CC,57,142.50,住家用,見其他登記事項,50年1月1日,三層,
RPSNMLNJOHNFFCD38CC,55,49.14,住家用,磚造,52年1月1日,一層,
RPRNMLNJOHNFFCD28CC,25,39.67,住家用,鋼筋混凝土構造,82年2月8日,七層,
RPUNMLNJOHNFFCD58CC,37,138.80,住商用,鋼筋混凝土構造,70年10月19日,四層,
RPTNMLNJOHNFFCD48CC,1,98.35,見其他登記事項,鋼筋混凝土構造,106年9月5日,十五層,
RPTNMLNJOHNFFCD48CC,1,73.16,見其他登記事項,鋼筋混凝土構造,106年9月5日,十五層,
RPQNMLNJOHNFFKD98CC,36,97.38,住家用,鋼筋混凝土造,70年12月2日,五層,
RPQNMLNJOHNFFKD98CC,36,8.66,共有部分,鋼筋混凝土造,70年12月2日,五層,
RPQNMLNJOHNFFKD98CC,36,6.09,共有部分,鋼筋混凝土造,70年12月2日,五層,
RPRNMLNJOHNFFKD09CC,24,86.28,住家用,鋼筋混凝土造,82年12月29日,十三層,
RPRNMLNJOHNFFKD09CC,,20.97,共有部分,鋼筋混凝土造,,十三層,
RPVOMLOJOHNFFHD76CC,3,288.16,住家用,鋼筋混凝土構造,103年12月15日,三層,
RPWOMLOJOHNFFHD86CC,34,107.56,住家用,加強磚造,73年10月1日,二層,
RPVNMLNJOHNFFCD68CC,28,26.20,住家用,鋼筋混凝土構造,79年10月24日,七層,
RPVNMLNJOHNFFCD68CC,28,8.72,共有部分,鋼筋混凝土構造,79年10月24日,七層,
RPRNMLOJOHNFFCD38CC,33,206.64,住商用,鋼筋混凝土構造,73年12月18日,四層,
RPROMLNJOHNFFCD38CC,19,101.19,見其他登記事項,鋼筋混凝土構造,88年11月16日,十二層,
RPROMLNJOHNFFCD38CC,19,20.97,共有部分,鋼筋混凝土構造,88年11月16日,十二層,
RPROMLNJOHNFFCD38CC,19,17.37,共有部分,鋼筋混凝土構造,88年11月16日,十二層,
RPVNMLOJOHNFFCD78CC,22,184.03,見其他登記事項,鋼筋混凝土構造,85年3月21日,十六層,
RPPOMLNJOHNFFCD18CC,37,36.88,住家用,鋼筋混凝土構造,70年6月2日,五層,
RPPOMLNJOHNFFCD18CC,37,6.92,共有部分,鋼筋混凝土構造,70年6月2日,五層,
RPQOMLNJOHNFFCD28CC,24,78.53,住商用,鋼筋混凝土構造,83年3月31日,七層,
RPQOMLNJOHNFFCD28CC,24,31.29,共有部分,鋼筋混凝土構造,83年3月31日,七層,
RPWNMLNJOHNFFCD78CC,28,20.00,住家用,鋼筋混凝土構造,79年9月22日,七層,
RPWNMLNJOHNFFCD78CC,28,5.13,共有部分,鋼筋混凝土構造,79年9月22日,七層,
RPPPMLOJOHNFFCD38CC,51,169.32,住家用,見其他登記事項,56年2月10日,一層,
RPXNMLNJOHNFFCD88CC,23,62.28,住家用,鋼筋混凝土構造,83年12月14日,七層,
RPXNMLNJOHNFFCD88CC,23,18.36,共有部分,鋼筋混凝土構造,83年12月14日,七層,
RPXNMLNJOHNFFCD88CC,23,12.68,共有部分,鋼筋混凝土構造,83年12月14日,七層,
RPOOMLPJOHNFFHD78CC,5,205.77,住家用,鋼筋混凝土構造,102年5月21日,四層,
RPROMLPJOHNFFCD58CC,32,132.88,住家用,加強磚造,75年4月16日,二層,
RPOOMLPJOHNFFCD28CC,24,74.40,住家用,鋼筋混凝土構造,83年1月20日,七層,
RPXNMLPJOHNFFKD27CC,1,88.19,見其他登記事項,見其他登記事項,106年11月14日,十六層,
RPXNMLPJOHNFFKD27CC,1,53.51,見其他登記事項,見其他登記事項,106年11月14日,十六層,
RPUNMLPJOHNFFID76CC,28,213.71,住家用,鋼筋混凝土造,79年2月20日,五層,
RPRNMLQJOHNFFKD76CC,26,288.56,住商用,鋼筋混凝土構造,81年10月16日,十七層,
RPRNMLQJOHNFFKD76CC,26,18.01,共有部分,鋼筋混凝土構造,81年10月16日,十七層,
RPROMLQJOHNFFKD86CC,23,71.06,見其他登記事項,鋼筋混凝土造,84年3月31日,十五層,
RPXNMLQJOHNFFKD37CC,23,49.34,見其他登記事項,鋼筋混凝土造,84年3月31日,十五層,
RPWOMLQJOHNFFKD37CC,17,66.72,住家用,鋼筋混凝土造,90年1月10日,十一層,
RPWNMLQJOHNFFBD98CC,5,133.99,見其他登記事項,鋼筋混凝土造,102年7月1日,三層,
RPWNMLQJOHNFFHD96CC,24,63.65,住家用,鋼筋混凝土造,83年6月25日,七層,
RPUNMLQJOHNFFDD09DC,29,1792.74,見其他登記事項,鋼筋混凝土構造,78年1月26日,二層,
RPSNMLRJOHNFFCD78CC,44,71.76,住商用,加強磚造,63年8月26日,三層,
RPRNMLRJOHNFFCD68CC,39,847.17,見其他登記事項,加強磚造,68年8月29日,二層,
RPRNMLRJOHNFFCD68CC,36,478.06,見其他登記事項,加強磚造,71年2月17日,二層,
RPTNMLQJOHNFFDD98DC,36,98.85,住家用,加強磚造,71年2月26日,二層,
RPRNMLRJOHNFFAD48CC,12,265.71,住家用,見其他登記事項,95年2月17日,二層,
RPPOMLPJOHNFFAD18CC,47,84.05,住家用,加強磚造,60年6月2日,二層,
RPUNMLRJOHNFFAD78CC,41,28.23,住家用,鋼筋混凝土造,66年12月2日,七層,
RPUNMLRJOHNFFAD78CC,41,6.14,共有部分,鋼筋混凝土造,66年12月2日,七層,
RPTOMLOJOHNFFAD48CC,16,55.48,見其他登記事項,鋼筋混凝土造,91年11月15日,十一層,
RPTOMLOJOHNFFAD48CC,16,40.42,共有部分,鋼筋混凝土造,91年11月15日,十一層,
RPTOMLQJOHNFFAD68CC,21,97.04,住家用,鋼筋混凝土造,86年1月27日,二十層,
RPTOMLQJOHNFFAD68CC,21,21.21,共有部分,鋼筋混凝土造,86年1月27日,二十層,
RPTOMLQJOHNFFAD68CC,21,15.96,共有部分,鋼筋混凝土造,86年1月27日,二十層,
RPTOMLQJOHNFFAD68CC,21,9.22,共有部分,鋼筋混凝土造,86年1月27日,二十層,
RPXNMLRJOHNFFCD66CC,10,29.06,住家用,鋼筋混凝土構造,97年2月29日,十四層,
RPXNMLRJOHNFFCD66CC,10,7.24,共有部分,鋼筋混凝土構造,97年2月29日,十四層,
RPXNMLRJOHNFFCD66CC,10,8.59,共有部分,鋼筋混凝土構造,97年2月29日,十四層,
RPPOMLRJOHNFFCD58CC,26,59.83,住商用,鋼筋混凝土構造,81年10月2日,十四層,
RPUNMLSJOHNFFKD27CC,44,92.44,住家用,加強磚造,63年10月1日,二層,
RPTNMLRJOHNFFKD07CC,25,132.54,住家用,鋼筋混凝土造,82年8月27日,十五層,
RPTNMLRJOHNFFKD07CC,25,18.04,共有部分,鋼筋混凝土造,82年8月27日,十五層,
RPTNMLRJOHNFFKD07CC,25,18.57,見其他登記事項,鋼筋混凝土造,82年8月27日,十六層,
RPSNMLSJOHNFFCD88CC,12,253.10,見其他登記事項,見其他登記事項,95年1月17日,四層,
RPTNMLSJOHNFFAD78CC,38,48.07,住家用,鋼筋混凝土造,69年12月3日,十層,
RPUOMLSJOHNFFAD98CC,23,122.48,住商用,鋼筋混凝土構造,84年7月29日,十七層,
RPUOMLSJOHNFFAD98CC,23,34.62,共有部分,鋼筋混凝土構造,84年7月29日,十七層,
RPSNMLLKOHNFFCD28CC,50,86.33,住家用,見其他登記事項,57年1月1日,四層,
RPROMLLKOHNFFAD08CC,43,77.25,住家用,鋼筋混凝土造,63年12月30日,四層,
RPUNMLLKOHNFFCD48CC,10,28.99,住家用,鋼筋混凝土構造,97年2月29日,十四層,
RPUNMLLKOHNFFCD48CC,10,7.15,共有部分,鋼筋混凝土構造,97年2月29日,十四層,
RPUNMLLKOHNFFCD48CC,10,8.57,共有部分,鋼筋混凝土構造,97年2月29日,十四層,
RPQOMLMKOHNFFCD28CC,23,64.64,住家用,鋼筋混凝土構造,83年12月16日,十六層,
RPQOMLMKOHNFFCD28CC,23,18.49,共有部分,鋼筋混凝土構造,83年12月16日,十六層,
RPQOMLMKOHNFFCD28CC,23,13.41,共有部分,鋼筋混凝土構造,83年12月16日,十六層,
RPRNMLMKOHNFFAD08CC,24,42.14,住商用,鋼筋混凝土造,83年8月26日,七層,
RPTNMLMKOHNFFAD28CC,41,28.19,住家用,鋼筋混凝土造,66年12月2日,七層,
RPTNMLMKOHNFFAD28CC,41,6.14,共有部分,鋼筋混凝土造,66年12月2日,七層,
RPQNMLMKOHNFFAD97CC,20,83.60,國民住宅,鋼筋混凝土造,87年4月20日,十四層,
RPQNMLMKOHNFFAD97CC,20,21.81,共有部分,鋼筋混凝土造,87年4月20日,十四層,
RPQNMLMKOHNFFAD97CC,20,11.11,共有部分,鋼筋混凝土造,87年4月20日,十四層,
RPPOMLMKOHNFFAD97CC,16,244.91,見其他登記事項,鋼筋混凝土造,91年4月12日,四層,
RPTOMLOKOHNFFKD96CC,23,23.08,住家用,鋼筋混凝土造,83年12月24日,八層,
RPTOMLOKOHNFFKD96CC,23,9.81,共有部分,鋼筋混凝土造,83年12月24日,八層,
RPVPMLNKOHNFFKD17CC,9,99.36,住商用,鋼筋混凝土造,98年6月16日,四層,
RPTNMLNKOHNFFKD76CC,18,94.85,住家用,鋼筋混凝土造,89年5月4日,十八層,
RPTNMLNKOHNFFKD76CC,18,19.53,共有部分,鋼筋混凝土造,89年5月4日,十八層,
RPTNMLNKOHNFFKD76CC,18,9.53,共有部分,鋼筋混凝土造,89年5月4日,十八層,
RPSNMLOKOHNFFCD58CC,31,93.90,住商用,鋼筋混凝土構造,76年8月15日,五層,
RPXOMLPKOHNFFCD66CC,53,74.07,住家用,磚造,54年1月1日,二層,
RPSNMLNKOHNFFAD28CC,25,80.15,住家用,鋼筋混凝土造,82年11月2日,十三層,
RPSNMLNKOHNFFAD28CC,25,22.80,共有部分,鋼筋混凝土造,82年11月2日,十三層,
RPSNMLNKOHNFFAD28CC,25,13.23,共有部分,鋼筋混凝土造,82年11月2日,十三層,
RPWNMLNKOHNFFDD98CC,38,124.65,住商用,加強磚造,69年10月22日,二層,
RPPPMLPKOHNFFKD76CC,28,140.99,見其他登記事項,鋼筋混凝土構造,78年10月9日,三層,
RPRNMLPKOHNFFHD09CC,24,114.15,住家用,鋼筋混凝土構造,83年9月23日,八層,
RPUOMLPKOHNFFAD78CC,21,33.19,見其他登記事項,鋼筋混凝土造,86年10月22日,二十四層,
RPQNMLSKOHNFFAD58CC,23,67.88,住家用,鋼筋混凝土造,84年1月4日,二十五層,
RPXNMLNKOHNFFAD78CC,35,101.23,住商用,鋼筋混凝土造,72年2月26日,五層,
RPQNMLKLOHNFFHD58CC,23,73.01,住家用,鋼筋混凝土造,84年10月17日,八層,
RPQNMLKLOHNFFHD58CC,23,21.74,見其他登記事項,鋼筋混凝土造,84年10月17日,八層,
RPQNMLKLOHNFFHD58CC,23,3.58,見其他登記事項,鋼筋混凝土造,84年10月17日,八層,
RPRNMLKLOHNFFKD98CC,1,84.36,住家用,見其他登記事項,106年11月14日,十六層,
RPRNMLKLOHNFFKD98CC,1,65.28,見其他登記事項,見其他登記事項,106年11月14日,十六層,
RPXOMLPKOHNFFAD09CC,,47.20,住商用,磚造,,三層,
RPXOMLPKOHNFFAD09CC,52,52.92,住商用,加強磚造,55年1月1日,三層,
RPSNMLKLOHNFFKD09CC,6,19.83,住家用,見其他登記事項,101年12月6日,四層,
RPTNMLTKOHNFFAD98CC,24,47.16,住商用,鋼筋混凝土造,83年10月15日,十三層,
RPVNMLKLOHNFFKD76CC,7,26.45,見其他登記事項,鋼筋混凝土造,99年12月30日,四層,
RPUNMLTKOHNFFAD09CC,12,87.26,見其他登記事項,見其他登記事項,94年12月13日,十層,
RPWNMLPKOHNFFAD88CC,37,130.85,住家用,鋼筋混凝土造,70年4月15日,六層,
RPWNMLPKOHNFFAD88CC,37,56.49,共有部分,鋼筋混凝土造,70年4月15日,六層,
RPXOMLTKOHNFFAD86CC,9,57.06,見其他登記事項,鋼筋混凝土造,97年12月19日,十四層,
RPXOMLTKOHNFFAD86CC,9,22.24,共有部分,鋼筋混凝土造,97年12月19日,十四層,
RPXOMLTKOHNFFAD86CC,9,11.11,共有部分,鋼筋混凝土造,97年12月19日,十四層,
RPPNMLKLOHNFFAD77CC,24,129.10,住商用,鋼筋混凝土造,82年12月11日,三層,
RPQNMLKLOHNFFAD87CC,3,144.55,見其他登記事項,見其他登記事項,104年11月5日,二十四層,
RPSNMLKLOHNFFAD08CC,29,82.41,住家用,鋼筋混凝土造,78年1月12日,五層,
RPRNMLKLOHNFFCD18CC,34,70.80,住家用,鋼筋混凝土構造,73年1月9日,五層,
RPRNMLKLOHNFFCD18CC,34,17.62,共有部分,鋼筋混凝土構造,73年1月9日,五層,
RPRNMLKLOHNFFAD97CC,1,84.13,見其他登記事項,見其他登記事項,106年10月20日,一層,
RPSNMLKLOHNFFCD28CC,31,191.00,住商用,鋼筋混凝土構造,76年9月11日,四層,
RPUNMLKLOHNFFCD48CC,37,68.61,住家用,鋼筋混凝土構造,70年12月2日,五層,
RPUNMLKLOHNFFCD48CC,37,12.50,共有部分,鋼筋混凝土構造,70年12月2日,五層,
RPVNMLKLOHNFFCD58CC,36,94.31,住家用,加強磚造,71年7月12日,二層,
RPRPMLLLOHNFFAD28CC,18,105.86,見其他登記事項,鋼筋混凝土造,89年4月6日,二十三層,
RPRPMLLLOHNFFAD28CC,18,6.30,共有部分,鋼筋混凝土造,89年4月6日,二十三層,
RPRPMLLLOHNFFAD28CC,18,20.18,見其他登記事項,鋼筋混凝土造,89年4月6日,二十三層,
RPXNMLLLOHNFFCD88CC,13,252.37,見其他登記事項,鋼筋混凝土構造,94年10月14日,四層,
RPXNMLLLOHNFFHD76CC,24,109.70,住家用,鋼筋混凝土造,83年8月6日,八層,
RPPPMLMLOHNFFAD18CC,11,124.95,見其他登記事項,見其他登記事項,96年1月11日,十四層,
RPPPMLMLOHNFFAD18CC,11,13.95,共有部分,見其他登記事項,96年1月11日,14,
RPPPMLMLOHNFFAD18CC,11,46.30,共有部分,見其他登記事項,96年1月11日,十四層,
RPOOMLPLOHNFFDD58CC,3,134.27,住家用,鋼筋混凝土構造,104年10月27日,四層,
RPPNMLQLOHNFFBD48CC,37,121.52,住家用,加強磚造,70年4月13日,二層,
RPPOMLQLOHNFFKD86CC,14,29.75,住商用,鋼筋混凝土構造,93年8月17日,五層,
RPWNMLPLOHNFFCD56CC,36,89.25,住家用,鋼筋混凝土構造,70年12月26日,七層,
RPWNMLPLOHNFFCD56CC,36,9.71,共有部分,鋼筋混凝土構造,70年12月26日,七層,
RPSOMLQLOHNFFKD17CC,38,78.36,住家用,加強磚造,69年4月1日,二層,
RPWOMLQLOHNFFKD57CC,30,121.38,住商用,鋼筋混凝土構造,77年3月21日,四層,
RPTNMLQLOHNFFCD98CC,37,86.35,住家用,鋼筋混凝土構造,70年6月4日,五層,
RPTNMLQLOHNFFCD98CC,37,9.05,共有部分,鋼筋混凝土構造,70年6月4日,五層,
RPQPMLQLOHNFFCD88CC,24,245.91,住家用,鋼筋混凝土構造,83年3月2日,九層,
RPPOMLQLOHNFFAD48CC,19,66.12,見其他登記事項,鋼筋混凝土造,88年2月11日,二十四層,
RPRNMLQLOHNFFAD58CC,3,60.80,見其他登記事項,見其他登記事項,104年11月5日,二十四層,
RPRNMLQLOHNFFAD58CC,3,25.92,見其他登記事項,見其他登記事項,104年11月5日,二十四層,
RPWOMLRLOHNFFAD66CC,36,56.79,住家用,鋼筋混凝土造,71年2月26日,五層,
RPXOMLRLOHNFFAD76CC,55,111.25,住家用,加強磚造,52年6月7日,二層,
RPPOMLRLOHNFFAD58CC,22,80.34,住家用,鋼筋混凝土造,85年8月16日,八層,
RPPOMLRLOHNFFAD58CC,22,17.12,共有部分,鋼筋混凝土造,85年8月16日,八層,
RPPOMLRLOHNFFAD58CC,22,.00,共有部分,鋼筋混凝土造,85年8月16日,八層,
RPPOMLRLOHNFFAD58CC,22,.00,共有部分,鋼筋混凝土造,85年8月16日,八層,
RPPOMLRLOHNFFAD58CC,22,11.50,共有部分,鋼筋混凝土造,85年8月16日,八層,
RPVNMLRLOHNFFKD47CC,25,187.44,住商用,鋼筋混凝土構造,82年4月26日,四層,
RPRPMLRLOHNFFAD88CC,26,176.04,住商用,鋼筋混凝土造,81年1月30日,七層,
RPRPMLRLOHNFFAD88CC,26,88.54,共有部分,鋼筋混凝土造,81年1月30日,七層,
RPUPMLRLOHNFFAD56CC,47,289.89,住商用,加強磚造,60年12月15日,三層,
RPUPMLRLOHNFFAD56CC,47,138.78,住商用,加強磚造,60年10月10日,三層,
RPWOMLRLOHNFFKD67CC,27,165.78,見其他登記事項,鋼造,79年12月5日,二十四層,
RPXNMLRLOHNFFKD67CC,21,78.70,住家用,鋼筋混凝土構造,86年1月28日,十九層,
RPXNMLRLOHNFFKD67CC,21,19.28,共有部分,鋼筋混凝土構造,86年1月28日,十九層,
RPXNMLRLOHNFFKD67CC,21,15.16,共有部分,鋼筋混凝土構造,86年1月28日,十九層,
RPTNMLRLOHNFFBD98CC,1,54.96,商業用,見其他登記事項,106年9月7日,一層,
RPQNMLMLOHNFFID88CC,20,202.58,住商用,鋼筋混凝土構造,87年7月21日,四層,
RPVNMLSLOHNFFID37CC,5,198.30,見其他登記事項,鋼筋混凝土構造,102年12月2日,四層,
RPQOMLSLOHNFFBD88CC,7,165.64,住家用,鋼筋混凝土構造,100年9月28日,四層,
RPWPMLSLOHNFFKD87CC,30,147.47,住商用,鋼筋混凝土構造,77年6月20日,四層,
RPPOMLSLOHNFFAD68CC,37,140.42,住家用,鋼筋混凝土造,70年3月6日,三層,
RPPPMLSLOHNFFAD78CC,23,177.37,住家用,鋼筋混凝土造,84年8月19日,十六層,
RPOOMLSLOHNFFAD58CC,76,124.19,工商用,磚造,31年1月1日,一層,
RPRPMLSLOHNFFAD98CC,9,19.83,住家用,鋼筋混凝土造,98年11月12日,四層,
RPQPMLSLOHNFFAD88CC,2,105.73,見其他登記事項,見其他登記事項,105年6月4日,二十七層,
RPUOMLSLOHNFFCD76CC,23,23.22,住家用,鋼筋混凝土構造,84年11月6日,二十層,
RPUOMLSLOHNFFCD76CC,23,4.94,共有部分,鋼筋混凝土構造,84年11月6日,二十層,
RPUOMLSLOHNFFCD76CC,23,6.22,共有部分,鋼筋混凝土構造,84年11月6日,二十層,
RPVOMLSLOHNFFCD86CC,21,536.55,見其他登記事項,鋼筋混凝土構造,85年12月28日,五層,
RPUNMLKMOHNFFCD58CC,23,58.55,住家用,鋼筋混凝土構造,84年5月26日,五層,
RPQOMLTLOHNFFCD09CC,18,43.27,住家用,鋼筋混凝土構造,89年11月28日,二十層,
RPWNMLMJPHNFFAD58CC,1,56.74,見其他登記事項,見其他登記事項,106年3月7日,十五層,
RPVNMLMJPHNFFAD48CC,34,100.37,住家用,鋼筋混凝土構造,73年11月24日,二層,
RPWNMLMJPHNFFID76CC,12,138.88,農舍,鋼筋混凝土構造,95年7月26日,一層,
RPOOMLMJPHNFFHD58CC,17,177.39,見其他登記事項,鋼筋混凝土構造,90年5月23日,四層,
RPOOMLMJPHNFFCD08CC,19,82.16,見其他登記事項,鋼筋混凝土構造,88年11月16日,五層,
RPPNMLNJPHNFFHD68CC,7,219.05,住家用,鋼筋混凝土構造,100年3月18日,四層,
RPVNMLNJPHNFFCD78CC,10,26.43,住家用,鋼筋混凝土構造,97年2月29日,十四層,
RPVNMLNJPHNFFCD78CC,10,6.54,共有部分,鋼筋混凝土構造,97年2月29日,十四層,
RPVNMLNJPHNFFCD78CC,10,8.59,共有部分,鋼筋混凝土構造,97年2月29日,十四層,
RPWOMLSLOHNFFCD96CC,10,228.77,見其他登記事項,鋼筋混凝土構造,96年12月21日,四層,
RPUNMLTLOHNFFKD57CC,23,126.62,住家用,鋼筋混凝土構造,84年9月8日,十九層,
RPQOMLNJPHNFFAD18CC,,95.09,住商用,鋼筋混凝土構造,,四層,
RPVNMLTLOHNFFKD67CC,26,148.61,住家用,鋼筋混凝土構造,81年7月20日,四層,
RPUNMLNJPHNFFCD78DC,21,39.86,住商用,鋼筋混凝土構造,86年7月1日,九層,
RPSOMLNJPHNFFAD38CC,5,38.19,見其他登記事項,見其他登記事項,102年11月25日,十四層,
RPSOMLNJPHNFFAD38CC,5,11.30,見其他登記事項,見其他登記事項,102年11月25日,十四層,
RPSOMLNJPHNFFAD38CC,5,8.70,見其他登記事項,見其他登記事項,102年11月25日,十四層,
RPRNMLOJPHNFFDD58CC,24,77.35,住家用,鋼筋混凝土構造,83年3月2日,六層,
RPTNMLOJPHNFFKD86CC,19,49.32,商業用,鋼筋混凝土造,88年8月24日,十四層,
RPSRMLQJPHNFFKD37CC,4,59.22,見其他登記事項,見其他登記事項,103年4月9日,四層,
RPROMLQJPHNFFAD58CC,28,18.84,住家用,鋼筋混凝土構造,79年6月9日,五層,
RPWNMLQJPHNFFAD98CC,23,60.82,住家用,鋼筋混凝土構造,84年3月30日,七層,
RPWNMLQJPHNFFAD98CC,23,16.87,共有部分,鋼筋混凝土構造,84年3月30日,七層,
RPWNMLQJPHNFFAD98CC,23,1.34,共有部分,鋼筋混凝土構造,84年3月30日,七層,
RPUNMLQJPHNFFCD98CC,29,29.92,住家用,鋼筋混凝土造,78年11月24日,五層,
RPUNMLQJPHNFFCD98CC,29,17.37,共有部分,鋼筋混凝土造,78年11月24日,五層,
RPUNMLRJPHNFFAD88CC,1,84.05,見其他登記事項,見其他登記事項,106年1月24日,二十層,
RPOOMLTJPHNFFKD96CC,19,64.87,見使用執照,鋼筋混凝土造,88年4月26日,十二層,
RPTNMLRJPHNFFAD88DC,89,79.11,商業用,磚造,18年1月1日,二層,
RPURMLTJPHNFFAD86CC,22,80.36,住家用,鋼筋混凝土構造,85年12月2日,十九層,
RPSRMLTJPHNFFAD66CC,37,72.80,住家用,鋼筋混凝土構造,70年10月17日,五層,
RPSRMLTJPHNFFAD66CC,37,12.28,共有部分,鋼筋混凝土構造,70年10月17日,五層,
RPXOMLTJPHNFFCD07CC,2,158.64,見其他登記事項,鋼筋混凝土造,105年3月14日,十四層,
RPVPMLTJPHNFFCD96CC,28,16.38,住家用,鋼筋混凝土造,79年12月1日,五層,
RPVPMLKKPHNFFCD78CC,10,29.06,住家用,鋼筋混凝土造,97年2月29日,十四層,
RPVPMLKKPHNFFCD78CC,10,7.24,共有部分,鋼筋混凝土造,97年2月29日,十四層,
RPVPMLKKPHNFFCD78CC,10,8.59,共有部分,鋼筋混凝土造,97年2月29日,十四層,
RPPRMLKKPHNFFCD38CC,24,19.50,住家用,鋼筋混凝土造,83年2月8日,八層,
RPPRMLKKPHNFFCD38CC,24,4.16,共有部分,鋼筋混凝土造,83年2月8日,八層,
RPPRMLKKPHNFFCD38CC,24,4.94,共有部分,鋼筋混凝土造,83年2月8日,八層,
RPSNMLPJPHNFFID76DC,11,214.92,住商用,鋼筋混凝土構造,96年2月15日,四層,
RPSRMLKKPHNFFCD68CC,10,28.32,住家用,鋼筋混凝土造,97年2月29日,十四層,
RPSRMLKKPHNFFCD68CC,10,6.98,共有部分,鋼筋混凝土造,97年2月29日,十四層,
RPSRMLKKPHNFFCD68CC,10,8.36,共有部分,鋼筋混凝土造,97年2月29日,十四層,
RPTOMLKKPHNFFAD28CC,1,84.13,見其他登記事項,見其他登記事項,106年10月20日,一層,
RPPPMLKKPHNFFAD97CC,12,54.91,見其他登記事項,見其他登記事項,95年8月30日,四層,
RPPOMLKKPHNFFKD88CC,26,227.33,住商用,鋼筋混凝土構造,81年7月20日,四層,
RPXOMLKKPHNFFHD76CC,1,50.55,見其他登記事項,鋼筋混凝土造,106年9月8日,十一層,
RPXOMLKKPHNFFHD76CC,1,23.70,見其他登記事項,鋼筋混凝土造,106年9月8日,十一層,
RPQOMLKKPHNFFID78CC,8,105.66,住家用,鋼筋混凝土造,99年4月22日,十四層,
RPQOMLKKPHNFFID78CC,8,58.51,見其他登記事項,鋼筋混凝土造,99年4月22日,十四層,
RPPNMLLKPHNFFBD97CC,37,91.74,見其他登記事項,鋼筋混凝土造,70年9月7日,四層,
RPPNMLLKPHNFFBD97CC,37,3.12,見其他登記事項,鋼筋混凝土造,70年9月7日,四層,
RPPNMLLKPHNFFBD97CC,37,7.80,共有部分,鋼筋混凝土造,70年9月7日,四層,
RPWOMLLKPHNFFKD07CC,28,160.62,住家用,鋼筋混凝土構造,79年8月27日,三層,
RPVNMLPJPHNFFGD76CC,58,104.03,住家用,加強磚造,49年6月1日,二層,
RPSPMLKKPHNFFAD28CC,12,33.62,見其他登記事項,見其他登記事項,95年8月30日,四層,
RPQOMLPJPHNFFGD98CC,35,1862.25,見其他登記事項,加強磚造,72年8月12日,二層,
RPTPMLKKPHNFFAD38CC,12,33.62,見其他登記事項,見其他登記事項,95年8月30日,四層,
RPPQMLKKPHNFFAD08CC,37,84.17,住家用,鋼筋混凝土構造,70年10月17日,五層,
RPPQMLKKPHNFFAD08CC,37,12.75,共有部分,鋼筋混凝土構造,70年10月17日,五層,
RPWNMLPJPHNFFGD86CC,12,201.35,見其他登記事項,鋼筋混凝土造,95年5月26日,三層,
RPOPMLLKPHNFFCD18CC,24,30.46,住家用,鋼筋混凝土造,83年11月28日,六層,
RPOPMLLKPHNFFCD18CC,24,5.12,共有部分,鋼筋混凝土造,83年11月28日,六層,
RPOPMLLKPHNFFCD18CC,24,8.07,共有部分,鋼筋混凝土造,83年11月28日,六層,
RPVNMLLKPHNFFCD68CC,27,140.08,住商用,鋼筋混凝土造,80年8月27日,六層,
RPUNMLLKPHNFFCD58CC,38,182.72,住商用,鋼筋混凝土造,69年5月13日,三層,
RPVOMLLKPHNFFCD78CC,37,75.30,住家用,鋼筋混凝土造,70年9月4日,五層,
RPPPMLLKPHNFFCD28CC,12,92.63,住家用,鋼筋混凝土造,95年12月7日,十層,
RPPPMLLKPHNFFCD28CC,12,27.76,共有部分,鋼筋混凝土造,95年12月7日,十層,
RPVOMLLKPHNFFCD78CC,37,1.15,共有部分,鋼筋混凝土造,70年9月4日,五層,
RPPPMLLKPHNFFCD28CC,12,9.85,共有部分,鋼筋混凝土造,95年12月7日,十層,
RPQOMLLKPHNFFAD08CC,43,84.54,住家用,加強磚造,64年12月18日,一層,
RPVPMLLKPHNFFAD68CC,2,97.47,見其他登記事項,見其他登記事項,105年10月26日,十八層,
RPVPMLLKPHNFFAD68CC,2,54.94,見其他登記事項,見其他登記事項,105年10月26日,十八層,
RPVPMLLKPHNFFAD68CC,2,22.53,見其他登記事項,見其他登記事項,105年10月26日,十八層,
RPUPMLLKPHNFFAD58CC,11,90.02,見其他登記事項,鋼筋混凝土造,96年12月27日,十九層,
RPUPMLLKPHNFFAD58CC,11,36.77,共有部分,鋼筋混凝土造,96年12月27日,十九層,
RPTNMLLKPHNFFAD28CC,12,26.69,見其他登記事項,見其他登記事項,95年7月13日,九層,
RPTNMLLKPHNFFAD28CC,12,4.30,共有部分,見其他登記事項,95年7月13日,十一層,
RPTNMLLKPHNFFAD28CC,12,8.63,共有部分,見其他登記事項,95年7月13日,九層,
RPTNMLLKPHNFFAD28CC,12,.01,共有部分,見其他登記事項,95年7月13日,十一層,
RPRPMLMKPHNFFAD38CC,37,58.85,住家用,鋼筋混凝土造,70年2月17日,五層,
RPSPMLLKPHNFFAD38CC,23,174.66,商業用,鋼骨鋼筋混凝土造,84年1月26日,二十三層,
RPSPMLLKPHNFFAD38CC,23,233.73,商業用,鋼骨鋼筋混凝土造,84年1月26日,二十三層,
RPSPMLLKPHNFFAD38CC,23,19.34,共有部分,鋼筋混凝土造,84年1月26日,二十三層,
RPSPMLLKPHNFFAD38CC,23,43.61,共有部分,鋼筋混凝土造,84年1月26日,二十三層,
RPSPMLLKPHNFFAD38CC,23,98.56,共有部分,鋼筋混凝土造,84年1月26日,二十三層,
RPQPMLLKPHNFFCD38CC,30,177.74,住家用,鋼筋混凝土造,77年9月13日,四層,
RPQPMLMKPHNFFCD48CC,28,79.38,住家用,鋼筋混凝土造,79年9月22日,七層,
RPQPMLMKPHNFFCD48CC,28,14.06,共有部分,鋼筋混凝土造,79年9月22日,七層,
RPOQMLMKPHNFFCD38CC,27,52.89,商業用,鋼筋混凝土造,80年1月11日,二十二層,
RPTOMLMKPHNFFAD48CC,38,72.79,住家用,鋼筋混凝土造,69年9月13日,五層,
RPTOMLMKPHNFFAD48CC,38,11.34,共有部分,鋼筋混凝土造,69年9月13日,五層,
RPQOMLMKPHNFFKD56CC,24,66.53,住家用,鋼筋混凝土造,83年7月11日,十九層,
RPSPMLMKPHNFFAD48CC,2,225.02,見其他登記事項,見其他登記事項,105年6月4日,二十七層,
RPVOMLMKPHNFFKD07CC,21,82.43,住家用,鋼筋混凝土造,86年1月28日,十九層,
RPVOMLMKPHNFFKD07CC,21,28.06,共有部分,鋼筋混凝土造,86年1月28日,十九層,
RPVOMLMKPHNFFKD07CC,21,16.00,共有部分,鋼筋混凝土造,86年1月28日,十九層,
RPWPMLMKPHNFFKD27CC,30,132.96,工業用,鋼造,77年1月25日,一層,
RPWPMLMKPHNFFKD27CC,30,95.74,見其他登記事項,加強磚造,77年1月25日,二層,
RPTPMLMKPHNFFKD96CC,17,66.72,住家用,鋼筋混凝土造,90年1月10日,十一層,
RPVPMLMKPHNFFKD17CC,6,23.14,住家用,見其他登記事項,101年12月6日,四層,
RPRPMLMKPHNFFKD76CC,19,82.94,住家用,鋼筋混凝土造,88年8月24日,十四層,
RPRPMLMKPHNFFKD76CC,19,2.05,共有部分,鋼筋混凝土造,88年8月24日,十四層,
RPRPMLMKPHNFFKD76CC,19,3.80,共有部分,鋼筋混凝土造,88年8月24日,十四層,
RPRPMLMKPHNFFKD76CC,19,16.11,共有部分,鋼筋混凝土造,88年8月24日,十四層,
RPXNMLMKPHNFFBD88CC,7,330.98,住家用,鋼筋混凝土造,100年6月13日,四層,
RPOOMLMKPHNFFBD08CC,23,143.12,住家用,鋼筋混凝土造,84年8月24日,三層,
RPPOMLMKPHNFFBD18CC,22,132.03,見其他登記事項,鋼筋混凝土造,85年11月25日,十八層,
RPPNMLQKPHNFFAD38CC,23,162.08,住商用,鋼筋混凝土造,84年5月26日,二層,
RPXOMLNKPHNFFAD98CC,,124.15,住家用,磚造,,二層,
RPROMLQKPHNFFAD68CC,27,257.65,住商用,鋼筋混凝土造,80年10月21日,三層,
RPQNMLQKPHNFFAD48CC,1,291.12,見其他登記事項,見其他登記事項,106年7月28日,四層,
RPSPMLNKPHNFFAD58CC,1,84.13,見其他登記事項,見其他登記事項,106年10月20日,一層,
RPSPMLQKPHNFFAD88CC,40,69.75,住商用,鋼筋混凝土造,68年1月4日,三層,
RPPOMLQKPHNFFCD68CC,10,25.46,住家用,鋼筋混凝土造,97年2月29日,十四層,
RPPOMLQKPHNFFCD68CC,10,6.27,共有部分,鋼筋混凝土造,97年2月29日,十四層,
RPPOMLQKPHNFFCD68CC,10,8.25,共有部分,鋼筋混凝土造,97年2月29日,十四層,
RPTNMLQKPHNFFBD88CC,27,174.46,住商用,鋼筋混凝土造,80年5月11日,三層,
RPQOMLRKPHNFFAD68CC,25,118.06,住家用,鋼筋混凝土造,82年4月28日,七層,
RPQOMLRKPHNFFAD68CC,25,9.65,共有部分,鋼筋混凝土造,82年4月28日,七層,
RPQOMLRKPHNFFAD68CC,25,35.90,共有部分,鋼筋混凝土造,82年4月28日,七層,
RPQNMLRKPHNFFKD96CC,24,214.76,見其他登記事項,鋼筋混凝土構造,83年11月7日,四層,
RPSOMLRKPHNFFAD88CC,27,115.87,住家用,鋼筋混凝土造,80年4月22日,七層,
RPQOMLSKPHNFFAD78CC,27,91.88,商業用,鋼筋混凝土造,80年12月17日,十二層,
RPQOMLSKPHNFFAD78CC,27,346.52,共有部分,鋼筋混凝土造,80年12月17日,十二層,
RPRNMLRKPHNFFKD07CC,19,22.67,住家用,鋼筋混凝土造,88年8月24日,十四層,
RPRNMLRKPHNFFKD07CC,19,.56,共有部分,鋼筋混凝土造,88年8月24日,十四層,
RPRNMLRKPHNFFKD07CC,19,1.03,共有部分,鋼筋混凝土造,88年8月24日,十四層,
RPRNMLRKPHNFFKD07CC,19,6.04,共有部分,鋼筋混凝土造,88年8月24日,十四層,
RPOOMLSKPHNFFAD58CC,1,84.13,見其他登記事項,見其他登記事項,106年10月20日,一層,
RPXNMLSKPHNFFCD96CC,37,120.00,住商用,鋼筋混凝土造,70年3月26日,四層,
RPXNMLSKPHNFFCD96CC,37,122.90,住商用,鋼筋混凝土造,70年3月26日,四層,
RPXNMLSKPHNFFCD96CC,37,81.91,住家用,鋼筋混凝土造,70年3月26日,四層,
RPROMLSKPHNFFCD09CC,5,210.83,見其他登記事項,鋼筋混凝土造,102年3月21日,五層,
RPVOMLTKPHNFFKD77CC,26,95.21,住家用,鋼筋混凝土造,81年10月16日,十六層,
RPVOMLTKPHNFFKD77CC,26,5.66,共有部分,鋼筋混凝土造,81年10月16日,十七層,
RPVOMLTKPHNFFKD77CC,26,16.22,共有部分,鋼筋混凝土造,81年10月16日,十六層,
RPXNMLTKPHNFFKD87CC,23,61.21,見其他登記事項,鋼筋混凝土造,84年3月31日,十五層,
RPXOMLTKPHNFFKD97CC,19,61.06,住家用,鋼筋混凝土造,88年4月26日,十二層,
RPXOMLTKPHNFFKD97CC,19,7.04,共有部分,鋼筋混凝土造,88年4月26日,十二層,
RPXOMLTKPHNFFKD97CC,19,31.97,共有部分,鋼筋混凝土造,88年4月26日,十二層,
RPUNMLTKPHNFFCD76CC,37,59.76,住家用,鋼筋混凝土造,70年12月22日,五層,
RPUNMLTKPHNFFCD76CC,37,10.01,共有部分,鋼筋混凝土造,70年12月22日,五層,
RPXNMLTKPHNFFCD07CC,48,59.50,住家用,加強磚造,59年10月24日,二層,
RPRNMLSKPHNFFFD66CC,24,201.37,住商用,鋼筋混凝土造,83年2月25日,八層,
RPSOMLTKPHNFFCD66CC,24,68.91,住家用,鋼筋混凝土造,83年12月14日,七層,
RPSOMLTKPHNFFCD66CC,24,19.31,共有部分,鋼筋混凝土造,83年12月14日,七層,
RPSOMLTKPHNFFCD66CC,24,13.83,共有部分,鋼筋混凝土造,83年12月14日,七層,
RPVOMLTKPHNFFAD76CC,24,111.60,住家用,鋼筋混凝土造,84年1月4日,二十五層,
RPVOMLTKPHNFFAD76CC,24,19.07,共有部分,鋼筋混凝土造,84年1月4日,二十四層,
RPPPMLTKPHNFFAD88CC,51,97.02,住家用,加強磚造,56年6月25日,二層,
RPTNMLRKPHNFFHD96CC,24,123.13,住家用,鋼筋混凝土造,83年8月6日,八層,
RPVOMLTKPHNFFAD76CC,24,15.09,共有部分,鋼筋混凝土造,84年1月4日,二十四層,
RPTNMLKLPHNFFAD28CC,,49.73,住家用,磚造,,一層,
RPVNMLKLPHNFFKD86CC,30,163.13,住商用,鋼筋混凝土構造,77年6月20日,四層,
RPTNMLLLPHNFFAD38CC,38,76.84,住家用,鋼筋混凝土造,69年5月7日,八層,
RPTNMLLLPHNFFAD38CC,38,8.34,共有部分,鋼筋混凝土造,69年5月7日,八層,
RPVOMLKLPHNFFKD96CC,19,72.96,住家用,鋼筋混凝土造,88年7月1日,十三層,
RPPNMLMLPHNFFCD28CC,25,139.75,商業用,鋼筋混凝土造,82年12月9日,七層,
RPPNMLMLPHNFFCD28CC,25,147.69,商業用,鋼筋混凝土造,82年12月9日,七層,
RPVNMLNLPHNFFCD98CC,36,143.38,商業用,鋼筋混凝土造,71年4月30日,五層,
RPWNMLSKPHNFFHD37CC,22,131.90,住家用,鋼筋混凝土構造,85年4月5日,三層,
RPQNMLNLPHNFFAD28CC,21,147.94,見其他登記事項,鋼筋混凝土造,87年1月5日,二十六層,
RPUNMLNLPHNFFAD68CC,,124.15,住家用,磚造,,二層,
RPUOMLNLPHNFFAD78CC,21,98.55,見其他登記事項,鋼筋混凝土造,87年1月5日,二十六層,
RPUOMLNLPHNFFAD78CC,21,6.12,共有部分,鋼筋混凝土造,87年1月5日,二十六層,
RPUOMLNLPHNFFAD78CC,21,19.76,共有部分,鋼筋混凝土造,87年1月5日,二十六層,
RPUOMLNLPHNFFAD78CC,21,.40,見其他登記事項,鋼筋混凝土造,87年1月5日,二十六層,
RPUOMLNLPHNFFAD78CC,21,.01,共有部分,鋼筋混凝土造,87年1月5日,二十六層,
RPUOMLNLPHNFFAD78CC,21,.12,見其他登記事項,鋼筋混凝土造,87年1月5日,二十六層,
RPPOMLNLPHNFFAD28CC,11,278.56,見其他登記事項,鋼筋混凝土造,96年11月9日,四層,
RPSOMLOLPHNFFCD88CC,27,39.16,住家用,鋼筋混凝土造,80年11月2日,七層,
RPOOMLOLPHNFFCD48CC,20,61.21,見其他登記事項,鋼筋混凝土造,87年5月26日,十四層,
RPOOMLOLPHNFFCD48CC,20,18.88,共有部分,鋼筋混凝土造,87年5月26日,十四層,
RPOOMLOLPHNFFCD48CC,20,7.54,共有部分,鋼筋混凝土造,87年5月26日,十四層,
RPOOMLOLPHNFFCD48CC,20,19.49,共有部分,鋼筋混凝土造,87年5月26日,十四層,
RPWNMLOLPHNFFKD37CC,22,57.48,住家用,鋼筋混凝土造,85年1月29日,十六層,
RPWNMLOLPHNFFKD37CC,22,6.81,共有部分,鋼筋混凝土造,85年1月29日,十七層,
RPWNMLOLPHNFFKD37CC,22,3.30,共有部分,鋼筋混凝土造,85年1月29日,十六層,
RPQNMLTKPHNFFHD86CC,2,67.35,見其他登記事項,鋼筋混凝土造,105年5月31日,五層,
RPVNMLQKPHNFFHD07CC,4,163.42,住家用,鋼筋混凝土造,103年5月20日,十五層,
RPSNMLTKPHNFFHD07CC,23,157.00,見其他登記事項,鋼筋混凝土構造,84年11月7日,四層,
RPUNMLQKPHNFFHD96CC,4,150.53,住家用,鋼筋混凝土造,103年5月20日,十五層,
RPWOMLOLPHNFFKD47CC,26,103.88,住家用,鋼筋混凝土造,81年10月3日,十層,
RPSNMLPLPHNFFKD07CC,30,210.98,見其他登記事項,鋼造,77年2月1日,一層,
RPSNMLPLPHNFFKD07CC,30,138.33,見其他登記事項,加強磚造,77年2月1日,二層,
RPTNMLQLPHNFFCD09CC,55,101.89,見其他登記事項,見其他登記事項,53年1月1日,二層,
RPUNMLRLPHNFFCD66CC,46,76.44,住家用,加強磚造,61年11月25日,二層,
RPTNMLRLPHNFFCD56CC,3,29.78,見其他登記事項,鋼筋混凝土造,104年11月27日,四層,
RPVNMLRLPHNFFCD76CC,37,49.60,住商用,鋼筋混凝土造,70年7月15日,四層,
RPXNMLRLPHNFFCD96CC,25,98.78,住家用,鋼筋混凝土造,82年10月28日,七層,
RPXNMLRLPHNFFCD96CC,25,30.33,共有部分,鋼筋混凝土造,82年10月28日,七層,
RPPOMLRLPHNFFCD88CC,8,23.14,見其他登記事項,鋼筋混凝土造,99年9月15日,三層,
RPVNMLPLPHNFFAD98CC,18,17.95,住商用,鋼筋混凝土造,89年5月10日,五層,
RPROMLRLPHNFFCD09CC,23,63.07,住家用,鋼筋混凝土造,84年1月26日,七層,
RPROMLRLPHNFFCD09CC,23,21.09,共有部分,鋼筋混凝土造,84年1月26日,七層,
RPTOMLQLPHNFFAD98CC,42,95.00,住家用,鋼筋混凝土造,65年2月3日,三層,
RPUNMLPLPHNFFAD88CC,27,105.00,住家用,鋼筋混凝土造,80年6月24日,七層,
RPUNMLPLPHNFFAD88CC,27,32.60,共有部分,鋼筋混凝土造,80年6月24日,七層,
RPXNMLPLPHNFFAD56CC,41,27.78,住家用,鋼筋混凝土造,66年12月2日,七層,
RPXNMLPLPHNFFAD56CC,41,6.14,共有部分,鋼筋混凝土造,66年12月2日,七層,
RPSOMLRLPHNFFCD56CC,23,54.10,住家用,鋼筋混凝土造,84年11月6日,二十層,
RPSOMLRLPHNFFCD56CC,23,11.45,共有部分,鋼筋混凝土造,84年11月6日,二十層,
RPSOMLRLPHNFFCD56CC,23,12.21,共有部分,鋼筋混凝土造,84年11月6日,二十層,
RPSPMLQLPHNFFAD98CC,47,93.86,住家用,加強磚造,60年8月1日,三層,
RPSPMLQLPHNFFAD98CC,47,31.84,住家用,加強磚造,60年8月1日,三層,
RPSPMLQLPHNFFAD98CC,47,23.25,住家用,加強磚造,60年8月1日,三層,
RPUOMLRLPHNFFCD76CC,40,95.79,住家用,加強磚造,67年10月5日,二層,
RPVOMLRLPHNFFAD66CC,14,95.21,見其他登記事項,鋼筋混凝土造,93年12月3日,八層,
RPSNMLRLPHNFFDD56CC,,102.20,住商用,磚造,,二層,
RPRNMLRLPHNFFHD86CC,2,155.91,見其他登記事項,鋼筋混凝土構造,105年9月9日,四層,
RPWOMLRLPHNFFKD77CC,23,43.57,見其他登記事項,鋼筋混凝土造,84年3月31日,十五層,
RPTNMLRLPHNFFDD66CC,25,101.62,住家用,鋼筋混凝土構造,82年2月15日,六層,
RPUNMLRLPHNFFHD17CC,1,283.81,見其他登記事項,鋼筋混凝土構造,106年4月11日,四層,
RPPPMLRLPHNFFKD17CC,12,126.56,住家用,鋼筋混凝土造,95年1月26日,六層,
RPVNMLSLPHNFFCD86CC,17,228.87,見其他登記事項,鋼筋混凝土造,90年7月2日,五層,
RPVPMLKMPHNFFKD17CC,22,100.36,住家用,鋼筋混凝土造,85年5月15日,九層,
RPVOMLKMPHNFFCD88CC,6,116.12,見其他登記事項,鋼筋混凝土造,101年2月2日,四層,
RPVOMLKMPHNFFCD88CC,6,.29,見其他登記事項,鋼筋混凝土造,101年2月2日,四層,
RPPOMLKMPHNFFCD28CC,12,91.94,住家用,鋼筋混凝土造,95年6月9日,三層,
RPTOMLKMPHNFFCD68CC,23,60.47,住家用,鋼筋混凝土造,84年11月6日,二十層,
RPTOMLKMPHNFFCD68CC,23,12.74,共有部分,鋼筋混凝土造,84年11月6日,二十層,
RPTOMLKMPHNFFCD68CC,23,33.99,共有部分,鋼筋混凝土造,84年11月6日,二十層,
RPXOMLKMPHNFFCD09CC,25,23.31,住家用,鋼筋混凝土造,82年8月16日,四層,
RPWOMLKMPHNFFCD98CC,6,89.30,見其他登記事項,鋼筋混凝土造,101年2月2日,四層,
RPWOMLKMPHNFFCD98CC,6,.29,見其他登記事項,鋼筋混凝土造,101年2月2日,四層,
RPVNMLKMPHNFFHD66CC,23,33.00,住家用,鋼筋混凝土構造,84年9月6日,四層,
RPOOMLKMPHNFFAD97CC,14,111.01,見其他登記事項,鋼筋混凝土造,93年5月21日,十一層,
RPQNMLKMPHNFFAD08CC,43,73.74,住商用,鋼筋混凝土造,64年6月8日,三層,
RPVNMLKMPHNFFAD58CC,16,248.17,見其他登記事項,鋼筋混凝土構造,91年5月10日,四層,
RPRNMLLMPHNFFCD48CC,35,263.69,見其他登記事項,鋼筋混凝土造,72年12月23日,三層,
RPRNMLLMPHNFFCD48CC,40,377.05,見其他登記事項,加強磚造,67年4月17日,一層,
RPRNMLSLPHNFFAD88CC,24,120.02,住家用,鋼筋混凝土造,84年1月4日,二十五層,
RPRNMLSLPHNFFAD88CC,24,28.13,共有部分,鋼筋混凝土造,84年1月4日,二十四層,
RPRNMLSLPHNFFAD88CC,24,16.46,共有部分,鋼筋混凝土造,84年1月4日,二十四層,
RPRNMLSLPHNFFAD88CC,24,.02,見其他登記事項,鋼筋混凝土造,84年1月4日,二十五層,
RPOPMLKMPHNFFAD08CC,23,70.02,住家用,鋼筋混凝土造,84年8月29日,十七層,
RPUNMLMJQHNFFID66CC,6,41.34,住商用,鋼筋混凝土造,101年7月2日,四層,
RPTNMLLJQHNFFAD28CC,10,57.58,見其他登記事項,鋼筋混凝土造,97年12月19日,十四層,
RPTNMLMJQHNFFKD76CC,22,94.52,住家用,鋼筋混凝土造,85年1月29日,十六層,
RPPOMLMJQHNFFKD09CC,6,23.14,住家用,見其他登記事項,101年12月6日,四層,
RPWNMLMJQHNFFAD68CC,39,88.30,住家用,鋼筋混凝土造,68年6月12日,二層,
RPUNMLMJQHNFFKD86CC,24,105.82,住家用,鋼筋混凝土造,83年10月6日,十二層,
RPXNMLMJQHNFFAD78CC,23,32.76,住家用,鋼筋混凝土造,85年1月6日,七層,
RPOOMLMJQHNFFAD97CC,48,49.59,住家用,加強磚造,59年10月2日,二層,
RPVOMLMJQHNFFAD68CC,19,276.62,住商用,鋼筋混凝土構造,88年10月13日,四層,
RPVOMLMJQHNFFKD07CC,,162.38,住家用,見其他登記事項,107年2月2日,十六層,
RPSOMLMJQHNFFCD58CC,34,101.27,住家用,加強磚造,73年5月28日,二層,
RPPOMLLJQHNFFDD28CC,38,124.65,住商用,加強磚造,69年10月22日,二層,
RPTOMLMJQHNFFCD68CC,19,27.02,住家用,鋼筋混凝土造,88年8月5日,十二層,
RPTOMLMJQHNFFCD68CC,19,5.12,共有部分,鋼筋混凝土造,88年8月5日,十二層,
RPTOMLMJQHNFFCD68CC,19,6.11,共有部分,鋼筋混凝土造,88年8月5日,十二層,
RPSNMLNJQHNFFKD76CC,28,26.44,住家用,鋼筋混凝土造,79年10月12日,二層,
RPXNMLNJQHNFFKD27CC,22,69.89,住家用,鋼筋混凝土造,85年5月22日,十六層,
RPXNMLNJQHNFFKD27CC,22,31.82,共有部分,鋼筋混凝土造,85年5月22日,十六層,
RPVOMLNJQHNFFAD78CC,33,53.16,見其他登記事項,加強磚造,74年3月30日,二層,
RPTNMLNJQHNFFHD56CC,34,174.71,住商用,鋼筋混凝土構造,73年9月20日,三層,
RPPNMLTLPHNFFHD86CC,11,94.15,商業用,鋼筋混凝土造,96年3月5日,八層,
RPUOMLNJQHNFFHD76CC,7,290.80,住家用,鋼筋混凝土構造,100年5月5日,三層,
RPUNMLNJQHNFFKD07DC,36,122.54,見其他登記事項,見其他登記事項,71年11月29日,一層,
RPUNMLNJQHNFFKD07DC,30,204.28,見其他登記事項,加強磚造,77年4月8日,一層,
RPUNMLNJQHNFFKD07DC,30,150.57,見其他登記事項,鋼筋混凝土構造,77年4月8日,,
RPRNMLOJQHNFFAD38CC,16,103.50,見其他登記事項,鋼筋混凝土造,91年11月15日,十二層,
RPPOMLQJQHNFFHD56CC,16,205.14,見其他登記事項,鋼筋混凝土構造,91年11月5日,四層,
RPRNMLQJQHNFFAD58CC,43,73.74,住商用,鋼筋混凝土造,64年6月8日,三層,
RPVNMLRJQHNFFKD47CC,1,107.80,住家用,見其他登記事項,106年11月14日,十六層,
RPSNMLRJQHNFFCD09DC,10,27.82,共有部分,鋼筋混凝土造,97年2月29日,十四層,
RPQNMLRJQHNFFCD88DC,10,29.84,住家用,鋼筋混凝土造,97年2月29日,十四層,
RPRNMLSJQHNFFCD98CC,38,78.94,住家用,鋼筋混凝土造,69年11月6日,五層,
RPTNMLSJQHNFFBD09CC,15,170.87,見其他登記事項,鋼筋混凝土造,92年10月3日,四層,
RPOOMLSJQHNFFHD66CC,13,228.99,見其他登記事項,鋼筋混凝土構造,94年9月5日,三層,
RPUNMLTJQHNFFBD66CC,5,67.56,見其他登記事項,鋼筋混凝土造,102年2月21日,五層,
RPTNMLTJQHNFFKD47CC,22,21.25,住家用,鋼筋混凝土造,85年3月5日,六層,
RPTNMLTJQHNFFKD47CC,22,4.42,共有部分,鋼筋混凝土造,85年3月5日,六層,
RPTNMLTJQHNFFKD47CC,22,5.24,共有部分,鋼筋混凝土造,85年3月5日,六層,
RPRNMLTJQHNFFHD96CC,21,102.54,住家用,鋼筋混凝土造,86年8月25日,七層,
RPUNMLTJQHNFFHD27CC,31,105.76,住家用,加強磚造,76年5月26日,二層,
RPSNMLSJQHNFFID07CC,42,91.92,住工用,見其他登記事項,65年11月6日,三層,
RPROMLTJQHNFFKD37CC,25,73.59,住家用,鋼筋混凝土造,82年9月13日,七層,
RPROMLTJQHNFFKD37CC,25,29.47,共有部分,鋼筋混凝土造,82年9月13日,七層,
RPVQMLTJQHNFFCD17CC,28,30.39,住家用,鋼筋混凝土造,79年12月26日,七層,
RPVQMLTJQHNFFCD17CC,28,8.35,共有部分,鋼筋混凝土造,79年12月26日,七層,
RPPOMLTJQHNFFID96CC,22,331.11,住家用,鋼筋混凝土構造,85年2月12日,二層,
RPSOMLSJQHNFFAD98CC,10,56.24,見其他登記事項,鋼筋混凝土造,97年12月19日,十四層,
RPTNMLSJQHNFFAD98CC,53,82.77,住商用,見其他登記事項,55年1月1日,四層,
RPQNMLKKQHNFFCD18CC,49,323.46,住家用,見其他登記事項,58年5月8日,二層,
RPSNMLRJQHNFFAD78CC,3,53.09,見其他登記事項,見其他登記事項,104年1月26日,九層,
RPSNMLRJQHNFFAD78CC,3,29.84,見其他登記事項,見其他登記事項,104年1月26日,九層,
RPWNMLKKQHNFFCD78CC,11,78.87,住家用,鋼筋混凝土造,96年11月6日,七層,
RPWNMLKKQHNFFCD78CC,11,15.12,見其他登記事項,鋼筋混凝土造,96年11月6日,七層,
RPWNMLKKQHNFFCD78CC,11,18.50,共有部分,鋼筋混凝土造,96年11月6日,七層,
RPVOMLSJQHNFFAD66CC,11,29.23,見其他登記事項,見其他登記事項,96年8月24日,十四層,
RPTNMLKKQHNFFKD66CC,19,72.96,住家用,鋼筋混凝土造,88年7月1日,十三層,
RPQNMLKKQHNFFAD97CC,21,98.55,見其他登記事項,鋼筋混凝土造,87年1月5日,二十六層,
RPQNMLKKQHNFFAD97CC,21,.12,見其他登記事項,鋼筋混凝土造,87年1月5日,二十六層,
RPQNMLKKQHNFFAD97CC,21,.40,見其他登記事項,鋼筋混凝土造,87年1月5日,二十六層,
RPQNMLKKQHNFFAD97CC,21,53.57,共有部分,鋼筋混凝土造,87年1月5日,二十六層,
RPQNMLKKQHNFFAD97CC,21,19.76,共有部分,鋼筋混凝土造,87年1月5日,二十六層,
RPQNMLKKQHNFFAD97CC,21,.01,共有部分,鋼筋混凝土造,87年1月5日,二十六層,
RPWOMLKKQHNFFCD88CC,10,23.20,住家用,鋼筋混凝土造,97年2月29日,十四層,
RPWOMLKKQHNFFCD88CC,10,5.74,共有部分,鋼筋混凝土造,97年2月29日,十四層,
RPWOMLKKQHNFFCD88CC,10,7.56,共有部分,鋼筋混凝土造,97年2月29日,十四層,
RPQOMLKKQHNFFHD78CC,4,242.61,見其他登記事項,鋼筋混凝土造,103年5月30日,四層,
RPPOMLKKQHNFFHD68CC,4,242.61,見其他登記事項,鋼筋混凝土造,103年5月30日,四層,
RPRNMLSJQHNFFAD78CC,14,100.97,見其他登記事項,鋼筋混凝土造,93年8月18日,十層,
RPRQMLKKQHNFFAD38CC,,136.51,住商用,加強磚造,,二層,
RPTNMLKKQHNFFFD78CC,,179.55,見其他登記事項,見其他登記事項,107年5月2日,一層,
RPSNMLKKQHNFFFD68CC,,163.80,見其他登記事項,見其他登記事項,107年5月2日,一層,
