﻿鄉鎮市區,交易標的,土地區段位置建物區段門牌,土地移轉總面積平方公尺,都市土地使用分區,非都市土地使用分區,非都市土地使用編定,交易年月日,交易筆棟數,移轉層次,總樓層數,建物型態,主要用途,主要建材,建築完成年月,建物移轉總面積平方公尺,建物現況格局-房,建物現況格局-廳,建物現況格局-衛,建物現況格局-隔間,有無管理組織,總價元,單價元平方公尺,車位類別,車位移轉總面積平方公尺,車位總價元,備註,編號
The villages and towns urban district,transaction sign,land sector position building sector house number plate,land shifting total area square meter,the use zoning or compiles and checks,the non-metropolis land use district,non-metropolis land use,transaction year month and day,transaction pen number,shifting level,total floor number,building state,main use,main building materials,construction to complete the years,building shifting total area,Building present situation pattern - room,building present situation pattern - hall,building present situation pattern - health,building present situation pattern - compartmented,Whether there is manages the organization,total price NTD,the unit price (NTD / square meter),the berth category,berth shifting total area square meter,the berth total price NTD,the note,serial number
楠梓區,房地(土地+建物),後勁段一小段541~570地號,14.48,住,,,1060707,土地1建物1車位0,三層,15,住宅大樓(11層含以上有電梯),住家用,鋼筋混凝土造,,87.99,2,1,2,有,無,3880000,44096,,0.0,0,,RPOPMLLKNHNFFEE18CB
楠梓區,房地(土地+建物)+車位,後勁段一小段541~570地號,14.73,住,,,1060721,土地1建物1車位1,四層,15,住宅大樓(11層含以上有電梯),住家用,鋼筋混凝土造,,114.74,2,1,1,有,無,4200000,38868,坡道機械,26.75,780000,,RPPPMLLKNHNFFEE28CB
楠梓區,房地(土地+建物)+車位,後勁段一小段541~570地號,14.73,住,,,1060714,土地1建物1車位1,五層,15,住宅大樓(11層含以上有電梯),住家用,鋼筋混凝土造,,118.85,2,1,2,有,無,4420000,37732,坡道平面,30.86,1100000,,RPQPMLLKNHNFFEE38CB
楠梓區,房地(土地+建物),後勁段一小段541~570地號,14.48,住,,,1060707,土地1建物1車位0,六層,15,住宅大樓(11層含以上有電梯),住家用,鋼筋混凝土造,,87.99,2,1,2,有,無,3900000,44323,,0.0,0,,RPRPMLLKNHNFFEE48CB
楠梓區,房地(土地+建物),後勁段一小段541~570地號,14.48,住,,,1060721,土地1建物1車位0,七層,15,住宅大樓(11層含以上有電梯),住家用,鋼筋混凝土造,,87.99,2,1,2,有,無,3900000,44323,,0.0,0,,RPSPMLLKNHNFFEE58CB
楠梓區,房地(土地+建物),後勁段一小段541~570地號,14.48,住,,,1070316,土地1建物1車位0,八層,15,住宅大樓(11層含以上有電梯),住家用,鋼筋混凝土造,,88.24,2,1,2,有,無,3900000,44198,,0.0,0,,RPTPMLLKNHNFFEE68CB
楠梓區,房地(土地+建物),後勁段一小段541~570地號,14.48,住,,,1061229,土地1建物1車位0,九層,15,住宅大樓(11層含以上有電梯),住家用,鋼筋混凝土造,,88.24,2,1,2,有,無,3900000,44198,,0.0,0,,RPUPMLLKNHNFFEE78CB
楠梓區,房地(土地+建物),後勁段一小段541~570地號,14.48,住,,,1070331,土地1建物1車位0,十層,15,住宅大樓(11層含以上有電梯),住家用,鋼筋混凝土造,,88.24,2,1,2,有,無,3920000,44424,,0.0,0,,RPQQMLSKNHNFFEE56CB
楠梓區,房地(土地+建物),後勁段一小段541~570地號,14.48,住,,,1070321,土地1建物1車位0,十一層,15,住宅大樓(11層含以上有電梯),住家用,鋼筋混凝土造,,88.24,2,1,2,有,無,3980000,45104,,0.0,0,,RPRQMLSKNHNFFEE66CB
楠梓區,房地(土地+建物),後勁段一小段541~570地號,14.48,住,,,1070331,土地1建物1車位0,十二層,15,住宅大樓(11層含以上有電梯),住家用,鋼筋混凝土造,,88.24,2,1,2,有,無,3930000,44538,,0.0,0,,RPSQMLSKNHNFFEE76CB
楠梓區,房地(土地+建物),後勁段一小段541~570地號,14.48,住,,,1070323,土地1建物1車位0,十三層,15,住宅大樓(11層含以上有電梯),住家用,鋼筋混凝土造,,88.24,2,1,2,有,無,3950000,44764,,0.0,0,,RPTQMLSKNHNFFEE86CB
楠梓區,房地(土地+建物),後勁段一小段541~570地號,14.48,住,,,1070329,土地1建物1車位0,十四層,15,住宅大樓(11層含以上有電梯),住家用,鋼筋混凝土造,,88.24,2,1,2,有,無,4460000,50544,,0.0,0,,RPVOMLNLNHNFFEE09CB
楠梓區,房地(土地+建物)+車位,後勁段一小段541~570地號,16.72,住,,,1060815,土地1建物1車位1,十五層,15,住宅大樓(11層含以上有電梯),住家用,鋼筋混凝土造,,131.3,2,1,2,有,無,5980000,48520,坡道平面,31.96,1160000,,RPWOMLNLNHNFFEE56CB
楠梓區,房地(土地+建物)+車位,後勁段一小段541~570地號,14.48,住,,,1060916,土地1建物1車位1,二層,15,住宅大樓(11層含以上有電梯),住家用,鋼筋混凝土造,,113.41,2,1,2,有,無,5050000,47668,坡道機械,25.93,880000,,RPXOMLNLNHNFFEE66CB
楠梓區,房地(土地+建物)+車位,後勁段一小段541~570地號,14.48,住,,,1060721,土地1建物1車位1,三層,15,住宅大樓(11層含以上有電梯),住家用,鋼筋混凝土造,,113.9,2,1,2,有,無,4200000,41882,坡道機械,26.75,550000,,RPPPMLNLNHNFFEE58CB
楠梓區,房地(土地+建物)+車位,後勁段一小段541~570地號,14.48,住,,,1060714,土地1建物1車位1,四層,15,住宅大樓(11層含以上有電梯),住家用,鋼筋混凝土造,,113.9,2,1,2,有,無,4200000,39243,坡道機械,26.75,780000,,RPQPMLNLNHNFFEE68CB
楠梓區,房地(土地+建物),後勁段一小段541~570地號,14.48,住,,,1061220,土地1建物1車位0,五層,15,住宅大樓(11層含以上有電梯),住家用,鋼筋混凝土造,,87.48,2,1,2,有,無,3700000,42295,,0.0,0,,RPRPMLNLNHNFFEE78CB
楠梓區,房地(土地+建物),後勁段一小段541~570地號,14.23,住,,,1070130,土地1建物1車位0,六層,15,住宅大樓(11層含以上有電梯),住家用,鋼筋混凝土造,,87.48,2,1,2,有,無,3760000,42981,,0.0,0,,RPTPMLNLNHNFFEE98CB
楠梓區,房地(土地+建物),後勁段一小段541~570地號,14.23,住,,,1060802,土地1建物1車位0,七層,15,住宅大樓(11層含以上有電梯),住家用,鋼筋混凝土造,,87.15,2,1,2,有,無,3800000,43603,,0.0,0,,RPUPMLNLNHNFFEE09CB
楠梓區,房地(土地+建物)+車位,後勁段一小段541~570地號,14.48,住,,,1060126,土地1建物1車位1,八層,15,住宅大樓(11層含以上有電梯),住家用,鋼筋混凝土造,,113.41,2,1,2,有,無,4460000,145777,坡道機械,87.48,680000,,RPVPMLNLNHNFFEE56CB
楠梓區,房地(土地+建物),後勁段一小段541~570地號,14.23,住,,,1070306,土地1建物1車位0,九層,15,住宅大樓(11層含以上有電梯),住家用,鋼筋混凝土造,,87.48,2,1,2,有,無,4100000,46868,,0.0,0,,RPWPMLNLNHNFFEE66CB
楠梓區,房地(土地+建物),後勁段一小段541~570地號,14.23,住,,,1070207,土地1建物1車位0,十層,15,住宅大樓(11層含以上有電梯),住家用,鋼筋混凝土造,,87.48,2,1,2,有,無,3820000,43667,,0.0,0,,RPXPMLNLNHNFFEE76CB
楠梓區,房地(土地+建物),後勁段一小段541~570地號,14.23,住,,,1070306,土地1建物1車位0,十一層,15,住宅大樓(11層含以上有電梯),住家用,鋼筋混凝土造,,87.48,2,1,2,有,無,3900000,44582,,0.0,0,,RPOQMLNLNHNFFEE58CB
楠梓區,房地(土地+建物),後勁段一小段541~570地號,14.23,住,,,1070321,土地1建物1車位0,十二層,15,住宅大樓(11層含以上有電梯),住家用,鋼筋混凝土造,,87.48,2,1,2,有,無,3850000,44010,,0.0,0,,RPPQMLNLNHNFFEE68CB
楠梓區,房地(土地+建物)+車位,後勁段一小段541~570地號,14.48,住,,,1070316,土地1建物1車位1,十三層,15,住宅大樓(11層含以上有電梯),住家用,鋼筋混凝土造,,113.41,2,1,2,有,無,4380000,42295,坡道機械,25.93,680000,,RPUNMLTLNHNFFEE86CB
楠梓區,房地(土地+建物),後勁段一小段541~570地號,14.23,住,,,1060815,土地1建物1車位0,十四層,15,住宅大樓(11層含以上有電梯),住家用,鋼筋混凝土造,,87.15,2,1,2,有,無,3850000,44177,,0.0,0,,RPVNMLTLNHNFFEE96CB
楠梓區,房地(土地+建物)+車位,後勁段一小段541~570地號,26.96,住,,,1061011,土地1建物1車位1,一層,15,住宅大樓(11層含以上有電梯),住家用,鋼筋混凝土造,,194.58,0,0,0,無,無,9000000,47354,坡道平面,31.13,1260000,,RPWNMLTLNHNFFEE07CB
楠梓區,房地(土地+建物)+車位,後勁段一小段541~570地號,20.72,住,,,1060807,土地1建物1車位1,二層,15,住宅大樓(11層含以上有電梯),住家用,鋼筋混凝土造,,156.53,2,1,2,有,無,6880000,45918,坡道平面,31.96,1160000,,RPXNMLTLNHNFFEE17CB
楠梓區,房地(土地+建物)+車位,後勁段一小段541~570地號,20.72,住,,,1061011,土地1建物1車位1,三層,15,住宅大樓(11層含以上有電梯),住家用,鋼筋混凝土造,,156.08,3,1,2,有,無,6050000,39136,坡道平面,31.13,1160000,,RPOOMLTLNHNFFEE98CB
楠梓區,房地(土地+建物)+車位,後勁段一小段541~570地號,20.72,住,,,1060707,土地1建物1車位1,四層,15,住宅大樓(11層含以上有電梯),住家用,鋼筋混凝土造,,151.32,3,1,2,有,無,5800000,40299,坡道機械,26.75,780000,,RPPOMLTLNHNFFEE09CB
楠梓區,房地(土地+建物)+車位,後勁段一小段541~570地號,20.72,住,,,1060707,土地1建物1車位1,五層,15,住宅大樓(11層含以上有電梯),住家用,鋼筋混凝土造,,156.53,3,1,2,有,無,6050000,39335,坡道平面,31.96,1150000,,RPQOMLTLNHNFFEE56CB
楠梓區,房地(土地+建物)+車位,後勁段一小段541~570地號,20.72,住,,,1060714,土地1建物1車位1,六層,15,住宅大樓(11層含以上有電梯),住家用,鋼筋混凝土造,,156.53,3,1,2,有,無,6300000,41262,坡道平面,31.96,1160000,,RPROMLTLNHNFFEE66CB
楠梓區,房地(土地+建物)+車位,後勁段一小段541~570地號,20.72,住,,,1060707,土地1建物1車位1,七層,15,住宅大樓(11層含以上有電梯),住家用,鋼筋混凝土造,,156.53,3,1,2,有,無,6250000,40539,坡道平面,31.96,1200000,,RPTOMLTLNHNFFEE86CB
楠梓區,房地(土地+建物)+車位,後勁段一小段541~570地號,20.72,住,,,1060721,土地1建物1車位1,八層,15,住宅大樓(11層含以上有電梯),住家用,鋼筋混凝土造,,156.53,3,1,2,有,無,6230000,40379,坡道平面,31.96,1200000,,RPUOMLTLNHNFFEE96CB
楠梓區,房地(土地+建物)+車位,後勁段一小段541~570地號,20.72,住,,,1060707,土地1建物1車位1,九層,15,住宅大樓(11層含以上有電梯),住家用,鋼筋混凝土造,,156.53,3,1,2,有,無,6180000,40379,坡道平面,31.96,1150000,,RPVOMLTLNHNFFEE07CB
楠梓區,房地(土地+建物)+車位,後勁段一小段541~570地號,20.72,住,,,1060802,土地1建物1車位1,十層,15,住宅大樓(11層含以上有電梯),住家用,鋼筋混凝土造,,156.53,3,1,2,有,無,6350000,41663,坡道平面,31.96,1160000,,RPWOMLTLNHNFFEE17CB
楠梓區,房地(土地+建物)+車位,後勁段一小段541~570地號,20.72,住,,,1060103,土地1建物1車位1,十一層,15,住宅大樓(11層含以上有電梯),住家用,鋼筋混凝土造,,156.08,3,1,2,有,無,6400000,41136,坡道平面,31.13,1260000,,RPXOMLTLNHNFFEE27CB
楠梓區,房地(土地+建物)+車位,後勁段一小段541~570地號,20.72,住,,,1060707,土地1建物1車位1,十二層,15,住宅大樓(11層含以上有電梯),住家用,鋼筋混凝土造,,156.53,3,1,2,有,無,6350000,41663,坡道平面,31.96,1160000,,RPOPMLTLNHNFFEE09CB
楠梓區,房地(土地+建物)+車位,後勁段一小段541~570地號,20.72,住,,,1060714,土地1建物1車位1,十三層,15,住宅大樓(11層含以上有電梯),住家用,鋼筋混凝土造,,156.53,3,1,2,有,無,6380000,41904,坡道平面,31.96,1160000,,RPPPMLTLNHNFFEE56CB
楠梓區,房地(土地+建物)+車位,後勁段一小段541~570地號,20.72,住,,,1060707,土地1建物1車位1,十四層,15,住宅大樓(11層含以上有電梯),住家用,鋼筋混凝土造,,156.53,3,1,2,有,無,6280000,41182,坡道平面,31.96,1150000,,RPRPMLTLNHNFFEE76CB
楠梓區,房地(土地+建物)+車位,後勁段一小段541~570地號,20.72,住,,,1060815,土地1建物1車位1,十五層,15,住宅大樓(11層含以上有電梯),住家用,鋼筋混凝土造,,156.39,3,1,2,有,無,7050000,47818,坡道平面,31.96,1100000,,RPSPMLTLNHNFFEE86CB
楠梓區,房地(土地+建物)+車位,後勁段一小段541~570地號,29.2,住,,,1061011,土地1建物1車位1,一層,15,住宅大樓(11層含以上有電梯),住家用,鋼筋混凝土造,,209.98,0,0,0,無,無,8880000,42606,坡道平面,31.13,1260000,,RPTPMLTLNHNFFEE96CB
楠梓區,房地(土地+建物)+車位,後勁段一小段541~570地號,20.72,住,,,1060830,土地1建物1車位1,二層,15,住宅大樓(11層含以上有電梯),住家用,鋼筋混凝土造,,156.33,3,1,2,有,無,6850000,44947,坡道平面,31.96,1260000,,RPUPMLTLNHNFFEE07CB
楠梓區,房地(土地+建物)+車位,後勁段一小段541~570地號,20.72,住,,,1060802,土地1建物1車位1,三層,15,住宅大樓(11層含以上有電梯),住家用,鋼筋混凝土造,,156.33,3,1,2,有,無,6000000,38916,坡道平面,31.96,1160000,,RPVPMLTLNHNFFEE17CB
楠梓區,房地(土地+建物)+車位,後勁段一小段541~570地號,20.72,住,,,1060802,土地1建物1車位1,四層,15,住宅大樓(11層含以上有電梯),住家用,鋼筋混凝土造,,156.33,3,1,2,有,無,6000000,38916,坡道平面,31.96,1160000,,RPQOMLLJOHNFFEE28CB
楠梓區,房地(土地+建物),後勁段一小段541~570地號,20.47,住,,,1060707,土地1建物1車位0,五層,15,住宅大樓(11層含以上有電梯),住家用,鋼筋混凝土造,,124.37,3,1,2,有,無,5280000,42454,,0.0,0,,RPROMLLJOHNFFEE38CB
楠梓區,房地(土地+建物)+車位,後勁段一小段541~570地號,20.72,住,,,1060714,土地1建物1車位1,六層,15,住宅大樓(11層含以上有電梯),住家用,鋼筋混凝土造,,156.33,3,1,2,有,無,6200000,40524,坡道平面,31.96,1160000,,RPSOMLLJOHNFFEE48CB
楠梓區,房地(土地+建物)+車位,後勁段一小段541~570地號,20.72,住,,,1060725,土地1建物1車位1,七層,15,住宅大樓(11層含以上有電梯),住家用,鋼筋混凝土造,,156.33,3,1,2,有,無,6400000,41328,坡道平面,31.96,1260000,,RPTOMLLJOHNFFEE58CB
楠梓區,房地(土地+建物)+車位,後勁段一小段541~570地號,20.72,住,,,1060821,土地1建物1車位1,八層,15,住宅大樓(11層含以上有電梯),住家用,鋼筋混凝土造,,156.33,3,1,2,有,無,6300000,40524,坡道平面,31.96,1260000,,RPUOMLLJOHNFFEE68CB
楠梓區,房地(土地+建物)+車位,後勁段一小段541~570地號,20.72,住,,,1060802,土地1建物1車位1,九層,15,住宅大樓(11層含以上有電梯),住家用,鋼筋混凝土造,,156.33,3,1,2,有,無,6350000,40926,坡道平面,31.96,1260000,,RPWOMLLJOHNFFEE88CB
楠梓區,房地(土地+建物)+車位,後勁段一小段541~570地號,20.72,住,,,1060723,土地1建物1車位1,十層,15,住宅大樓(11層含以上有電梯),住家用,鋼筋混凝土造,,156.33,3,1,2,有,無,6250000,40122,坡道平面,31.96,1260000,,RPXOMLLJOHNFFEE98CB
楠梓區,房地(土地+建物)+車位,後勁段一小段541~570地號,20.72,住,,,1060807,土地1建物1車位1,十一層,15,住宅大樓(11層含以上有電梯),住家用,鋼筋混凝土造,,156.33,3,1,2,有,無,6300000,41328,坡道平面,31.96,1160000,,RPOPMLLJOHNFFEE18CB
楠梓區,房地(土地+建物)+車位,後勁段一小段541~570地號,20.72,住,,,1060802,土地1建物1車位1,十二層,15,住宅大樓(11層含以上有電梯),住家用,鋼筋混凝土造,,156.33,3,1,2,有,無,6320000,40685,坡道平面,31.96,1260000,,RPPPMLLJOHNFFEE28CB
楠梓區,房地(土地+建物)+車位,後勁段一小段541~570地號,20.72,住,,,1060815,土地1建物1車位1,十三層,15,住宅大樓(11層含以上有電梯),住家用,鋼筋混凝土造,,156.33,3,1,2,有,無,6500000,42132,坡道平面,31.96,1260000,,RPQPMLLJOHNFFEE38CB
楠梓區,房地(土地+建物)+車位,後勁段一小段541~570地號,20.72,住,,,1070316,土地1建物1車位1,十四層,15,住宅大樓(11層含以上有電梯),住家用,鋼筋混凝土造,,155.88,3,1,2,有,無,6280000,41042,坡道平面,31.13,1160000,,RPRPMLLJOHNFFEE48CB
楠梓區,房地(土地+建物)+車位,後勁段一小段541~570地號,22.21,住,,,1070409,土地1建物1車位1,一層,15,住宅大樓(11層含以上有電梯),住家用,鋼筋混凝土造,,166.3,0,0,0,無,無,7200000,43608,坡道平面,32.38,1360000,,RPSPMLLJOHNFFEE58CB
楠梓區,房地(土地+建物)+車位,後勁段一小段541~570地號,15.48,住,,,1070111,土地1建物1車位1,二層,15,住宅大樓(11層含以上有電梯),住家用,鋼筋混凝土造,,118.9,2,1,2,有,無,5000000,46467,坡道機械,25.93,680000,,RPRPMLQJOHNFFEE98CB
楠梓區,房地(土地+建物),後勁段一小段541~570地號,15.23,住,,,1061026,土地1建物1車位0,三層,15,住宅大樓(11層含以上有電梯),住家用,鋼筋混凝土造,,92.97,2,1,2,有,無,4000000,43025,,0.0,0,,RPSPMLQJOHNFFEE09CB
楠梓區,房地(土地+建物)+車位,後勁段一小段541~570地號,15.48,住,,,1061023,土地1建物1車位1,四層,15,住宅大樓(11層含以上有電梯),住家用,鋼筋混凝土造,,118.9,2,1,2,有,無,4500000,41089,坡道機械,25.93,680000,,RPTPMLQJOHNFFEE56CB
楠梓區,房地(土地+建物),後勁段一小段541~570地號,15.23,住,,,1061220,土地1建物1車位0,五層,15,住宅大樓(11層含以上有電梯),住家用,鋼筋混凝土造,,92.97,2,1,2,有,無,4100000,44100,,0.0,0,,RPWPMLQJOHNFFEE86CB
楠梓區,房地(土地+建物)+車位,後勁段一小段541~570地號,15.48,住,,,1061110,土地1建物1車位1,六層,15,住宅大樓(11層含以上有電梯),住家用,鋼筋混凝土造,,118.9,2,1,2,有,無,4550000,41626,坡道平面,25.93,680000,,RPXPMLQJOHNFFEE96CB
楠梓區,房地(土地+建物),後勁段一小段541~570地號,15.23,住,,,1060116,土地1建物1車位0,七層,15,住宅大樓(11層含以上有電梯),住家用,鋼筋混凝土造,,92.97,2,1,2,有,無,4100000,44100,,0.0,0,,RPQQMLQJOHNFFEE98CB
楠梓區,房地(土地+建物)+車位,後勁段一小段541~570地號,15.48,住,,,1061115,土地1建物1車位1,八層,15,住宅大樓(11層含以上有電梯),住家用,鋼筋混凝土造,,118.9,2,1,2,有,無,4600000,42164,坡道機械,25.93,680000,,RPXPMLNKOHNFFEE76CB
楠梓區,房地(土地+建物)+車位,後勁段一小段541~570地號,15.48,住,,,1061130,土地1建物1車位1,九層,15,住宅大樓(11層含以上有電梯),住家用,鋼筋混凝土造,,118.9,2,1,2,有,無,4630000,42487,坡道機械,25.93,680000,,RPPQMLNKOHNFFEE68CB
楠梓區,房地(土地+建物),後勁段一小段541~570地號,15.23,住,,,1061229,土地1建物1車位0,十層,15,住宅大樓(11層含以上有電梯),住家用,鋼筋混凝土造,,92.97,2,1,2,有,無,4170000,44853,,0.0,0,,RPRQMLNKOHNFFEE88CB
楠梓區,房地(土地+建物),後勁段一小段541~570地號,15.23,住,,,1061220,土地1建物1車位0,十一層,15,住宅大樓(11層含以上有電梯),住家用,鋼筋混凝土造,,92.97,2,1,2,有,無,4170000,44853,,0.0,0,,RPTQMLNKOHNFFEE09CB
楠梓區,房地(土地+建物),後勁段一小段541~570地號,15.23,住,,,1061220,土地1建物1車位0,十二層,15,住宅大樓(11層含以上有電梯),住家用,鋼筋混凝土造,,92.97,2,1,2,有,無,4890000,52598,,0.0,0,,RPWQMLNKOHNFFEE76CB
楠梓區,房地(土地+建物),後勁段一小段541~570地號,15.23,住,,,1061220,土地1建物1車位0,十三層,15,住宅大樓(11層含以上有電梯),住家用,鋼筋混凝土造,,92.97,2,1,2,有,無,4890000,52598,,0.0,0,,RPORMLNKOHNFFEE68CB
楠梓區,房地(土地+建物),後勁段一小段541~570地號,15.23,住,,,1061229,土地1建物1車位0,十四層,15,住宅大樓(11層含以上有電梯),住家用,鋼筋混凝土造,,92.97,2,1,2,有,無,4200000,45176,,0.0,0,,RPPRMLNKOHNFFEE78CB
楠梓區,房地(土地+建物)+車位,後勁段一小段541~570地號,16.72,住,,,1070426,土地1建物1車位1,十五層,15,住宅大樓(11層含以上有電梯),住家用,鋼筋混凝土造,,132.06,2,1,2,有,無,5170000,38740,坡道平面,31.13,1260000,,RPRRMLNKOHNFFEE98CB
楠梓區,房地(土地+建物),後勁段一小段541~570地號,13.73,住,,,1070316,土地1建物1車位0,二層,15,住宅大樓(11層含以上有電梯),住家用,鋼筋混凝土造,,82.89,2,1,2,有,無,3550000,42828,,0.0,0,,RPSSMLNKOHNFFEE56CB
楠梓區,房地(土地+建物),後勁段一小段541~570地號,13.73,住,,,1060126,土地1建物1車位0,三層,15,住宅大樓(11層含以上有電梯),住家用,鋼筋混凝土造,,82.89,2,1,2,有,無,3650000,44034,,0.0,0,,RPRNMLOKOHNFFEE68CB
楠梓區,房地(土地+建物),後勁段一小段541~570地號,13.73,住,,,1061220,土地1建物1車位0,四層,15,住宅大樓(11層含以上有電梯),住家用,鋼筋混凝土造,,82.89,2,1,2,有,無,3700000,44637,,0.0,0,,RPTNMLOKOHNFFEE88CB
楠梓區,房地(土地+建物),後勁段一小段541~570地號,13.73,住,,,1060128,土地1建物1車位0,五層,15,住宅大樓(11層含以上有電梯),住家用,鋼筋混凝土造,,82.89,2,1,2,有,無,3600000,43431,,0.0,0,,RPUNMLOKOHNFFEE98CB
楠梓區,房地(土地+建物),後勁段一小段541~570地號,13.73,住,,,1060116,土地1建物1車位0,六層,15,住宅大樓(11層含以上有電梯),住家用,鋼筋混凝土造,,82.89,2,1,2,有,無,3780000,45603,,0.0,0,,RPVNMLOKOHNFFEE09CB
楠梓區,房地(土地+建物),後勁段一小段541~570地號,13.73,住,,,1061220,土地1建物1車位0,七層,15,住宅大樓(11層含以上有電梯),住家用,鋼筋混凝土造,,82.89,2,1,2,有,無,3900000,47050,,0.0,0,,RPWNMLOKOHNFFEE56CB
楠梓區,房地(土地+建物),後勁段一小段541~570地號,13.73,住,,,1070130,土地1建物1車位0,八層,15,住宅大樓(11層含以上有電梯),住家用,鋼筋混凝土造,,82.89,2,1,2,有,無,3700000,44637,,0.0,0,,RPXNMLOKOHNFFEE66CB
楠梓區,房地(土地+建物)+車位,後勁段一小段541~570地號,13.98,住,,,1070426,土地1建物1車位1,九層,15,住宅大樓(11層含以上有電梯),住家用,鋼筋混凝土造,,108.82,2,1,2,有,無,3820000,37882,坡道機械,25.93,680000,,RPOOMLOKOHNFFEE48CB
楠梓區,房地(土地+建物),後勁段一小段541~570地號,13.73,住,,,1061229,土地1建物1車位0,十層,15,住宅大樓(11層含以上有電梯),住家用,鋼筋混凝土造,,82.89,2,1,2,有,無,3700000,44637,,0.0,0,,RPSOMLOKOHNFFEE88CB
楠梓區,房地(土地+建物)+車位,後勁段一小段541~570地號,13.98,住,,,1070306,土地1建物1車位1,十一層,15,住宅大樓(11層含以上有電梯),住家用,鋼筋混凝土造,,108.82,2,1,2,有,無,4380000,44637,坡道機械,25.93,680000,,RPTOMLOKOHNFFEE98CB
楠梓區,房地(土地+建物)+車位,後勁段一小段541~570地號,13.98,住,,,1070130,土地1建物1車位1,十二層,15,住宅大樓(11層含以上有電梯),住家用,鋼筋混凝土造,,108.82,2,1,2,有,無,4060000,40777,坡道機械,25.93,680000,,RPUOMLOKOHNFFEE09CB
楠梓區,房地(土地+建物)+車位,後勁段一小段541~570地號,13.98,住,,,1070316,土地1建物1車位1,十三層,15,住宅大樓(11層含以上有電梯),住家用,鋼筋混凝土造,,108.82,2,1,2,有,無,4150000,41863,坡道機械,25.93,680000,,RPWOMLOKOHNFFEE66CB
楠梓區,房地(土地+建物)+車位,後勁段一小段541~570地號,13.98,住,,,1070306,土地1建物1車位1,十四層,15,住宅大樓(11層含以上有電梯),住家用,鋼筋混凝土造,,108.82,2,1,2,有,無,4780000,47050,坡道機械,25.93,880000,,RPSPMLOKOHNFFEE98CB
楠梓區,房地(土地+建物)+車位,後勁段一小段541~570地號,23.21,住,,,1061018,土地1建物1車位1,一層,15,住宅大樓(11層含以上有電梯),住家用,鋼筋混凝土造,,169.58,0,0,0,無,無,6680000,39269,坡道平面,30.03,1200000,,RPTPMLOKOHNFFEE09CB
楠梓區,房地(土地+建物)+車位,後勁段一小段541~570地號,15.72,住,,,1061122,土地1建物1車位1,二層,15,住宅大樓(11層含以上有電梯),住家用,鋼筋混凝土造,,124.98,2,1,2,有,無,5600000,47393,坡道平面,30.03,1100000,,RPUPMLOKOHNFFEE56CB
楠梓區,房地(土地+建物),後勁段一小段541~570地號,15.48,住,,,1060915,土地1建物1車位0,三層,15,住宅大樓(11層含以上有電梯),住家用,鋼筋混凝土造,,94.95,2,1,2,有,無,3930000,41390,,0.0,0,,RPVPMLOKOHNFFEE66CB
楠梓區,房地(土地+建物)+車位,後勁段一小段541~570地號,15.72,住,,,1060821,土地1建物1車位1,四層,15,住宅大樓(11層含以上有電梯),住家用,鋼筋混凝土造,,121.7,2,1,2,有,無,4480000,38968,坡道機械,26.75,780000,,RPWPMLOKOHNFFEE76CB
楠梓區,房地(土地+建物)+車位,後勁段一小段541~570地號,15.72,住,,,1060707,土地1建物1車位1,五層,15,住宅大樓(11層含以上有電梯),住家用,鋼筋混凝土造,,121.38,2,1,2,有,無,4580000,40156,坡道機械,26.75,780000,,RPXPMLOKOHNFFEE86CB
楠梓區,房地(土地+建物),後勁段一小段541~570地號,15.48,住,,,1060707,土地1建物1車位0,六層,15,住宅大樓(11層含以上有電梯),住家用,鋼筋混凝土造,,94.63,2,1,2,有,無,4160000,43961,,0.0,0,,RPOQMLOKOHNFFEE68CB
楠梓區,房地(土地+建物)+車位,後勁段一小段541~570地號,15.72,住,,,1060707,土地1建物1車位1,七層,15,住宅大樓(11層含以上有電梯),住家用,鋼筋混凝土造,,126.59,2,1,2,有,無,4830000,38360,坡道平面,31.96,1200000,,RPPQMLOKOHNFFEE78CB
楠梓區,房地(土地+建物),後勁段一小段541~570地號,15.48,住,,,1060721,土地1建物1車位0,八層,15,住宅大樓(11層含以上有電梯),住家用,鋼筋混凝土造,,94.63,2,1,2,有,無,4100000,43327,,0.0,0,,RPQQMLOKOHNFFEE88CB
楠梓區,房地(土地+建物)+車位,後勁段一小段541~570地號,15.72,住,,,1060721,土地1建物1車位1,九層,15,住宅大樓(11層含以上有電梯),住家用,鋼筋混凝土造,,126.59,2,1,2,有,無,5060000,40156,坡道平面,31.96,1260000,,RPRQMLOKOHNFFEE98CB
楠梓區,房地(土地+建物)+車位,後勁段一小段541~570地號,15.72,住,,,1060103,土地1建物1車位1,十層,15,住宅大樓(11層含以上有電梯),住家用,鋼筋混凝土造,,120.88,2,1,2,有,無,4800000,41285,坡道機械,25.93,880000,,RPSQMLOKOHNFFEE09CB
楠梓區,房地(土地+建物),後勁段一小段541~570地號,15.48,住,,,1060103,土地1建物1車位0,十一層,15,住宅大樓(11層含以上有電梯),住家用,鋼筋混凝土造,,94.95,2,1,2,有,無,4200000,44234,,0.0,0,,RPPRMLOKOHNFFEE88CB
楠梓區,房地(土地+建物),後勁段一小段541~570地號,15.48,住,,,1061115,土地1建物1車位0,十二層,15,住宅大樓(11層含以上有電梯),住家用,鋼筋混凝土造,,94.95,2,1,2,有,無,4200000,44234,,0.0,0,,RPQRMLOKOHNFFEE98CB
楠梓區,房地(土地+建物)+車位,後勁段一小段541~570地號,15.72,住,,,1061122,土地1建物1車位1,十三層,15,住宅大樓(11層含以上有電梯),住家用,鋼筋混凝土造,,126.08,2,1,2,有,無,5500000,44655,坡道平面,31.13,1260000,,RPRRMLOKOHNFFEE09CB
楠梓區,房地(土地+建物)+車位,後勁段一小段541~570地號,15.72,住,,,1070331,土地1建物1車位1,十四層,15,住宅大樓(11層含以上有電梯),住家用,鋼筋混凝土造,,120.88,2,1,2,有,無,4900000,44444,坡道機械,25.93,680000,,RPSRMLOKOHNFFEE56CB
楠梓區,房地(土地+建物)+車位,後勁段一小段541~570地號,15.97,住,,,1060721,土地1建物1車位1,十五層,15,住宅大樓(11層含以上有電梯),住家用,鋼筋混凝土造,,111.21,2,1,2,有,無,5250000,51074,坡道平面,31.13,1160000,,RPTRMLOKOHNFFEE66CB
楠梓區,房地(土地+建物)+車位,後勁段一小段541~570地號,14.23,住,,,1060707,土地1建物1車位1,二層,15,住宅大樓(11層含以上有電梯),住家用,鋼筋混凝土造,,111.21,2,1,2,有,無,4750000,47004,坡道機械,26.75,780000,,RPURMLOKOHNFFEE76CB
楠梓區,房地(土地+建物),後勁段一小段541~570地號,13.98,住,,,1060830,土地1建物1車位0,三層,15,住宅大樓(11層含以上有電梯),住家用,鋼筋混凝土造,,84.46,2,1,2,有,無,3500000,41440,,0.0,0,,RPVOMLPKOHNFFEE66CB
楠梓區,房地(土地+建物),後勁段一小段541~570地號,13.98,住,,,1060807,土地1建物1車位0,四層,15,住宅大樓(11層含以上有電梯),住家用,鋼筋混凝土造,,84.46,2,1,2,有,無,3400000,40256,,0.0,0,,RPXOMLPKOHNFFEE86CB
楠梓區,房地(土地+建物)+車位,後勁段一小段541~570地號,14.23,住,,,1060721,土地1建物1車位1,五層,15,住宅大樓(11層含以上有電梯),住家用,鋼筋混凝土造,,111.21,2,1,2,有,無,3800000,38480,坡道機械,26.75,550000,,RPOPMLPKOHNFFEE68CB
楠梓區,房地(土地+建物),後勁段一小段541~570地號,13.98,住,,,1060707,土地1建物1車位0,六層,15,住宅大樓(11層含以上有電梯),住家用,鋼筋混凝土造,,84.46,2,1,2,有,無,3600000,42624,,0.0,0,,RPPPMLPKOHNFFEE78CB
楠梓區,房地(土地+建物),後勁段一小段541~570地號,13.98,住,,,1060821,土地1建物1車位0,七層,15,住宅大樓(11層含以上有電梯),住家用,鋼筋混凝土造,,84.46,2,1,2,有,無,3600000,42624,,0.0,0,,RPQPMLPKOHNFFEE88CB
楠梓區,房地(土地+建物),後勁段一小段541~570地號,13.98,住,,,1070426,土地1建物1車位0,八層,15,住宅大樓(11層含以上有電梯),住家用,鋼筋混凝土造,,84.79,2,1,2,有,無,3570000,42104,,0.0,0,,RPRPMLPKOHNFFEE98CB
楠梓區,房地(土地+建物),後勁段一小段541~570地號,14.48,住,,,1061110,土地1建物1車位0,九層,15,住宅大樓(11層含以上有電梯),住家用,鋼筋混凝土造,,84.79,2,1,2,有,無,3650000,43048,,0.0,0,,RPSPMLPKOHNFFEE09CB
楠梓區,房地(土地+建物)+車位,後勁段一小段541~570地號,14.23,住,,,1060915,土地1建物1車位1,十層,15,住宅大樓(11層含以上有電梯),住家用,鋼筋混凝土造,,111.54,2,1,2,有,無,4360000,41043,坡道機械,26.75,880000,,RPXPMLPKOHNFFEE96CB
楠梓區,房地(土地+建物)+車位,後勁段一小段541~570地號,14.23,住,,,1070321,土地1建物1車位1,十一層,15,住宅大樓(11層含以上有電梯),住家用,鋼筋混凝土造,,110.72,2,1,2,有,無,4200000,41514,坡道機械,25.93,680000,,RPOQMLPKOHNFFEE78CB
楠梓區,房地(土地+建物)+車位,後勁段一小段541~570地號,14.23,住,,,1070321,土地1建物1車位1,十二層,15,住宅大樓(11層含以上有電梯),住家用,鋼筋混凝土造,,110.72,2,1,2,有,無,4200000,41514,坡道機械,25.93,680000,,RPPQMLPKOHNFFEE88CB
楠梓區,房地(土地+建物)+車位,後勁段一小段541~570地號,14.23,住,,,1070426,土地1建物1車位1,十三層,15,住宅大樓(11層含以上有電梯),住家用,鋼筋混凝土造,,110.72,2,1,2,有,無,3870000,37622,坡道機械,25.93,680000,,RPQQMLPKOHNFFEE98CB
楠梓區,房地(土地+建物)+車位,後勁段一小段541~570地號,14.23,住,,,1070323,土地1建物1車位1,十四層,15,住宅大樓(11層含以上有電梯),住家用,鋼筋混凝土造,,110.72,2,1,2,有,無,4260000,42222,坡道機械,25.93,680000,,RPRQMLPKOHNFFEE09CB
楠梓區,房地(土地+建物),後勁段一小段541~570地號,14.73,住,,,1061229,土地1建物1車位0,二層,15,住宅大樓(11層含以上有電梯),住家用,鋼筋混凝土造,,89.11,2,1,2,有,無,3950000,44327,,0.0,0,,RPTQMLPKOHNFFEE66CB
楠梓區,房地(土地+建物),後勁段一小段541~570地號,14.73,住,,,1060707,土地1建物1車位0,三層,15,住宅大樓(11層含以上有電梯),住家用,鋼筋混凝土造,,88.86,2,1,2,有,無,3820000,42989,,0.0,0,,RPORMLPKOHNFFEE88CB
楠梓區,房地(土地+建物),後勁段一小段541~570地號,14.73,住,,,1061220,土地1建物1車位0,四層,15,住宅大樓(11層含以上有電梯),住家用,鋼筋混凝土造,,89.11,2,1,2,有,無,4100000,46011,,0.0,0,,RPPRMLPKOHNFFEE98CB
楠梓區,房地(土地+建物)+車位,後勁段一小段541~570地號,14.98,住,,,1060714,土地1建物1車位1,五層,15,住宅大樓(11層含以上有電梯),住家用,鋼筋混凝土造,,120.82,2,1,2,有,無,4430000,36912,坡道平面,31.96,1150000,,RPRRMLPKOHNFFEE56CB
楠梓區,房地(土地+建物)+車位,後勁段一小段541~570地號,14.98,住,,,1060707,土地1建物1車位1,六層,15,住宅大樓(11層含以上有電梯),住家用,鋼筋混凝土造,,120.82,2,1,2,有,無,4460000,37137,坡道平面,31.96,1160000,,RPURMLPKOHNFFEE86CB
楠梓區,房地(土地+建物),後勁段一小段541~570地號,14.73,住,,,1060821,土地1建物1車位0,七層,15,住宅大樓(11層含以上有電梯),住家用,鋼筋混凝土造,,88.86,2,1,2,有,無,3930000,44227,,0.0,0,,RPVRMLPKOHNFFEE96CB
楠梓區,房地(土地+建物),後勁段一小段541~570地號,14.73,住,,,1061110,土地1建物1車位0,八層,15,住宅大樓(11層含以上有電梯),住家用,鋼筋混凝土造,,89.11,2,1,2,有,無,3820000,42868,,0.0,0,,RPOSMLPKOHNFFEE98CB
楠梓區,房地(土地+建物)+車位,後勁段一小段541~570地號,14.98,住,,,1061122,土地1建物1車位1,九層,15,住宅大樓(11層含以上有電梯),住家用,鋼筋混凝土造,,115.04,2,1,2,有,無,4520000,43093,坡道機械,25.93,680000,,RPQSMLPKOHNFFEE56CB
楠梓區,房地(土地+建物),後勁段一小段541~570地號,14.73,住,,,1060128,土地1建物1車位0,十層,15,住宅大樓(11層含以上有電梯),住家用,鋼筋混凝土造,,89.11,2,1,2,有,無,3980000,44664,,0.0,0,,RPQQMLMLOHNFFEE78CB
楠梓區,房地(土地+建物)+車位,後勁段一小段541~570地號,14.98,住,,,1061229,土地1建物1車位1,十一層,15,住宅大樓(11層含以上有電梯),住家用,鋼筋混凝土造,,115.04,2,1,2,有,無,4550000,41185,坡道機械,25.93,880000,,RPSQMLMLOHNFFEE98CB
楠梓區,房地(土地+建物)+車位,後勁段一小段541~570地號,14.98,住,,,1070130,土地1建物1車位1,十二層,15,住宅大樓(11層含以上有電梯),住家用,鋼筋混凝土造,,115.04,2,1,2,有,無,4500000,42868,坡道機械,25.93,680000,,RPTQMLMLOHNFFEE09CB
楠梓區,房地(土地+建物),後勁段一小段541~570地號,14.73,住,,,1070207,土地1建物1車位0,十三層,15,住宅大樓(11層含以上有電梯),住家用,鋼筋混凝土造,,89.11,2,1,2,有,無,3960000,44439,,0.0,0,,RPWQMLMLOHNFFEE76CB
楠梓區,房地(土地+建物),後勁段一小段541~570地號,14.73,住,,,1070410,土地1建物1車位0,十四層,15,住宅大樓(11層含以上有電梯),住家用,鋼筋混凝土造,,89.11,2,1,2,有,無,3910000,43878,,0.0,0,,RPQRMLMLOHNFFEE88CB
楠梓區,房地(土地+建物),後勁段一小段541~570地號,14.73,住,,,1061015,土地1建物1車位0,二層,15,住宅大樓(11層含以上有電梯),住家用,鋼筋混凝土造,,90.6,2,1,2,有,無,3850000,42494,,0.0,0,,RPRRMLMLOHNFFEE98CB
楠梓區,房地(土地+建物),後勁段一小段541~570地號,14.98,住,,,1060714,土地1建物1車位0,三層,15,住宅大樓(11層含以上有電梯),住家用,鋼筋混凝土造,,90.27,2,1,2,有,無,3860000,42761,,0.0,0,,RPTRMLMLOHNFFEE56CB
楠梓區,房地(土地+建物),後勁段一小段541~570地號,14.98,住,,,1060830,土地1建物1車位0,四層,15,住宅大樓(11層含以上有電梯),住家用,鋼筋混凝土造,,90.27,2,1,2,有,無,3800000,42096,,0.0,0,,RPWRMLMLOHNFFEE86CB
楠梓區,房地(土地+建物),後勁段一小段541~570地號,14.73,住,,,1060922,土地1建物1車位0,五層,15,住宅大樓(11層含以上有電梯),住家用,鋼筋混凝土造,,90.6,2,1,2,有,無,3800000,41943,,0.0,0,,RPQOMLQLOHNFFEE98CB
楠梓區,房地(土地+建物),後勁段一小段541~570地號,14.73,住,,,1060126,土地1建物1車位0,六層,15,住宅大樓(11層含以上有電梯),住家用,鋼筋混凝土造,,90.6,2,1,2,有,無,4150000,45806,,0.0,0,,RPROMLQLOHNFFEE09CB
楠梓區,房地(土地+建物)+車位,後勁段一小段541~570地號,14.98,住,,,1061018,土地1建物1車位1,七層,15,住宅大樓(11層含以上有電梯),住家用,鋼筋混凝土造,,116.53,2,1,2,有,無,4380000,40839,坡道機械,25.93,680000,,RPWOMLQLOHNFFEE96CB
楠梓區,房地(土地+建物)+車位,後勁段一小段541~570地號,14.98,住,,,1060915,土地1建物1車位1,八層,15,住宅大樓(11層含以上有電梯),住家用,鋼筋混凝土造,,117.35,2,1,2,有,無,4500000,39956,坡道機械,26.75,880000,,RPXOMLQLOHNFFEE07CB
楠梓區,房地(土地+建物),後勁段一小段541~570地號,14.73,住,,,1061018,土地1建物1車位0,九層,15,住宅大樓(11層含以上有電梯),住家用,鋼筋混凝土造,,90.6,2,1,2,有,無,3850000,42494,,0.0,0,,RPPPMLQLOHNFFEE98CB
楠梓區,房地(土地+建物)+車位,後勁段一小段541~570地號,14.98,住,,,1070122,土地1建物1車位1,十層,15,住宅大樓(11層含以上有電梯),住家用,鋼筋混凝土造,,116.53,2,1,2,有,無,4830000,43598,坡道機械,25.93,880000,,RPQPMLQLOHNFFEE09CB
楠梓區,房地(土地+建物),後勁段一小段541~570地號,14.73,住,,,1070316,土地1建物1車位0,十一層,15,住宅大樓(11層含以上有電梯),住家用,鋼筋混凝土造,,90.6,2,1,2,有,無,3880000,42826,,0.0,0,,RPRPMLQLOHNFFEE56CB
楠梓區,房地(土地+建物),後勁段一小段541~570地號,14.73,住,,,1070306,土地1建物1車位0,十二層,15,住宅大樓(11層含以上有電梯),住家用,鋼筋混凝土造,,90.6,2,1,2,有,無,3880000,42826,,0.0,0,,RPSPMLQLOHNFFEE66CB
楠梓區,房地(土地+建物)+車位,後勁段一小段541~570地號,15.23,住,,,1060714,土地1建物1車位1,十三層,15,住宅大樓(11層含以上有電梯),住家用,鋼筋混凝土造,,122.23,2,1,2,有,無,4620000,38329,坡道平面,31.96,1160000,,RPTPMLQLOHNFFEE76CB
楠梓區,房地(土地+建物),後勁段一小段541~570地號,14.73,住,,,1070410,土地1建物1車位0,十四層,15,住宅大樓(11層含以上有電梯),住家用,鋼筋混凝土造,,90.6,2,1,2,有,無,3880000,42826,,0.0,0,,RPUPMLQLOHNFFEE86CB
楠梓區,房地(土地+建物)+車位,後勁段一小段541~570地號,15.23,住,,,1070306,土地1建物1車位1,二層,15,住宅大樓(11層含以上有電梯),住家用,鋼筋混凝土造,,123.11,2,1,2,有,無,5100000,41748,坡道平面,31.13,1260000,,RPVPMLQLOHNFFEE96CB
楠梓區,房地(土地+建物)+車位,後勁段一小段541~570地號,15.23,住,,,1060926,土地1建物1車位1,三層,15,住宅大樓(11層含以上有電梯),住家用,鋼筋混凝土造,,117.91,2,1,2,有,無,4430000,40770,坡道機械,25.93,680000,,RPPQMLQLOHNFFEE09CB
楠梓區,房地(土地+建物)+車位,後勁段一小段541~570地號,15.23,住,,,1060707,土地1建物1車位1,四層,15,住宅大樓(11層含以上有電梯),住家用,鋼筋混凝土造,,118.4,2,1,2,有,無,4150000,36770,坡道機械,26.75,780000,,RPQQMLQLOHNFFEE56CB
楠梓區,房地(土地+建物),後勁段一小段541~570地號,14.98,住,,,1060922,土地1建物1車位0,五層,15,住宅大樓(11層含以上有電梯),住家用,鋼筋混凝土造,,91.98,2,1,2,有,無,4060000,44140,,0.0,0,,RPSQMLQLOHNFFEE76CB
楠梓區,房地(土地+建物),後勁段一小段541~570地號,14.98,住,,,1061012,土地1建物1車位0,六層,15,住宅大樓(11層含以上有電梯),住家用,鋼筋混凝土造,,91.98,2,1,2,有,無,3880000,42183,,0.0,0,,RPTQMLQLOHNFFEE86CB
楠梓區,房地(土地+建物),後勁段一小段541~570地號,14.98,住,,,1060811,土地1建物1車位0,七層,15,住宅大樓(11層含以上有電梯),住家用,鋼筋混凝土造,,91.65,2,1,2,有,無,3830000,41789,,0.0,0,,RPUQMLQLOHNFFEE96CB
楠梓區,房地(土地+建物),後勁段一小段541~570地號,14.98,住,,,1061018,土地1建物1車位0,八層,15,住宅大樓(11層含以上有電梯),住家用,鋼筋混凝土造,,91.98,2,1,2,有,無,4180000,45445,,0.0,0,,RPVQMLQLOHNFFEE07CB
楠梓區,房地(土地+建物),後勁段一小段541~570地號,14.98,住,,,1060802,土地1建物1車位0,九層,15,住宅大樓(11層含以上有電梯),住家用,鋼筋混凝土造,,91.65,2,1,2,有,無,3900000,42553,,0.0,0,,RPWQMLQLOHNFFEE17CB
楠梓區,房地(土地+建物)+車位,後勁段一小段541~570地號,15.23,住,,,1060802,土地1建物1車位1,十層,15,住宅大樓(11層含以上有電梯),住家用,鋼筋混凝土造,,118.4,2,1,2,有,無,4300000,40917,坡道機械,26.75,550000,,RPXQMLQLOHNFFEE27CB
楠梓區,房地(土地+建物),後勁段一小段541~570地號,14.98,住,,,1061110,土地1建物1車位0,十一層,15,住宅大樓(11層含以上有電梯),住家用,鋼筋混凝土造,,91.98,2,1,2,有,無,3920000,42618,,0.0,0,,RPORMLQLOHNFFEE09CB
楠梓區,房地(土地+建物),後勁段一小段541~570地號,14.98,住,,,1061023,土地1建物1車位0,十二層,15,住宅大樓(11層含以上有電梯),住家用,鋼筋混凝土造,,91.98,2,1,2,有,無,4000000,43488,,0.0,0,,RPPRMLQLOHNFFEE56CB
楠梓區,房地(土地+建物)+車位,後勁段一小段541~570地號,15.23,住,,,1060707,土地1建物1車位1,十三層,15,住宅大樓(11層含以上有電梯),住家用,鋼筋混凝土造,,123.61,2,1,2,有,無,4800000,39716,坡道平面,31.96,1160000,,RPQRMLQLOHNFFEE66CB
楠梓區,房地(土地+建物),後勁段一小段541~570地號,14.98,住,,,1060922,土地1建物1車位0,十四層,15,住宅大樓(11層含以上有電梯),住家用,鋼筋混凝土造,,91.98,2,1,2,有,無,4260000,46314,,0.0,0,,RPRRMLQLOHNFFEE76CB
