﻿編號,土地區段位置,土地移轉面積平方公尺,使用分區或編定
The serial number,land sector position,land shifting area square meter,the use zoning or compiles and checks
RPPNMLLKNHNFFDH38CC,大金山下段大金山下小段,.00,都市：住
RPQNMLLKNHNFFDH48CC,大金山下段大金山下小段,.00,都市：住
RPTOMLLKNHNFFEH98CC,錦明段,297.33,都市：工
RPTOMLLKNHNFFEH98CC,錦明段,35.36,都市：工
RPTOMLLKNHNFFEH98CC,錦明段,62.86,都市：工
RPTOMLLKNHNFFEH98CC,錦明段,1283.78,都市：工
RPQNMLLKNHNFFGH78CC,平東段,175.02,都市：住
RPQNMLLKNHNFFGH78CC,平東段,19.10,都市：住
RPQNMLLKNHNFFGH78CC,平東段,9.94,都市：住
RPWNMLLKNHNFFAH78CC,玉山段,.00,都市：工
RPWNMLLKNHNFFAH78CC,玉山段,.00,都市：工
RPUNMLLKNHNFFAH58CC,龍安段,.00,都市：住
RPXRMLLKNHNFFAH66CC,慈文段,20.20,都市：住
RPWPMLOKNHNFFAH86EC,國聖段,.00,都市：住
RPRPMLLKNHNFFAH68EC,中山段,20.56,都市：住
RPUNMLOKNHNFFGH86CC,平鎮段,35.80,都市：住
RPWNMLLKNHNFFBH88CC,藍埔段,.00,非都市：特定農業區 ; 非都市編定：農牧用地
RPRQMLOKNHNFFAH98DC,中德段,67.72,都市：工
RPVNMLLKNHNFFBH78CC,振興段,.00,都市：住
RPTOMLOKNHNFFDH66DC,大金山下段大金山下小段,14.40,都市：住
RPTNMLOKNHNFFAH78CC,同安段,67.00,都市：住
RPSOMLOKNHNFFAH78CC,新埔段,.00,都市：住
RPUOMLOKNHNFFAH98CC,埔子段埔子小段,18.87,都市：住
RPWNMLOKNHNFFBH66DC,忠福段,155.00,都市：住
RPXNMLOKNHNFFBH76DC,興南段中壢老小段,44.00,都市：商
RPXNMLOKNHNFFBH76DC,興南段中壢老小段,12.00,都市：商
RPPPMLLKNHNFFEH68CC,長發段,638.22,都市：農
RPPPMLLKNHNFFEH68CC,長發段,739.78,非都市：特定農業區 ; 非都市編定：丁種建築用地
RPOPMLPKNHNFFBH68CC,普義段,.00,都市：住
RPQRMLPKNHNFFBH09CC,青芝段,21.73,都市：住
RPWRMLPKNHNFFBH07CC,三座屋段三座屋小段,95.41,都市：住
RPXQMLPKNHNFFBH17DC,三座屋段三座屋小段,1038.00,都市：住
RPQQMLPKNHNFFBH09DC,石頭段,55.33,都市：商
RPOOMLPKNHNFFAH68EC,寶山段,16.26,都市：住
RPSNMLPKNHNFFGH76CC,平東段,.00,都市：住
RPPOMLPKNHNFFAH78EC,寶山段,16.19,都市：住
RPQOMLPKNHNFFAH88EC,寶山段,16.19,都市：住
RPROMLPKNHNFFAH98EC,慈文段,95.00,都市：住
RPUNMLOKNHNFFCH09CC,仁善段,23.81,都市：住
RPPOMLPKNHNFFEH98CC,五塊厝段大埔小段,2216.99,非都市：特定農業區 ; 非都市編定：農牧用地
RPQNMLQKNHNFFGH66CC,金鍊段,.00,都市：住
RPPOMLOKNHNFFEH88CC,客運一段,.00,非都市： ; 非都市編定：
RPQNMLPKNHNFFEH56EC,長安段,287.83,都市：工
RPXNMLPKNHNFFEH07CC,六福段,.00,都市：工
RPRNMLOKNHNFFHH66CC,自強段,.00,都市：商
RPUNMLQKNHNFFGH07CC,廣豐段,22.21,都市：住
RPOPMLQKNHNFFAH78DC,大有段,31.06,都市：住
RPPNMLQKNHNFFBH68CC,三座屋段舊社小段,.00,都市：住
RPQNMLQKNHNFFBH78CC,忠福段,.00,都市：住
RPTNMLQKNHNFFBH09CC,興南段興南小段,.00,都市：商
RPXNMLQKNHNFFCH96CC,潛龍段,29.87,非都市：鄉村區 ; 非都市編定：乙種建築用地
RPXNMLQKNHNFFCH96CC,潛龍段,.59,非都市：鄉村區 ; 非都市編定：乙種建築用地
RPQNMLQKNHNFFAH68CC,國聖段,.00,都市：工
RPQNMLRKNHNFFAH78CC,寶山段,.00,都市：住
RPQNMLRKNHNFFEH56CC,竹中段,.00,都市：住
RPOOMLQKNHNFFFH09CC,興豐段,70.00,非都市：鄉村區 ; 非都市編定：乙種建築用地
RPSNMLOKNHNFFFH56CC,興仁段,15.01,都市：住
RPSOMLRKNHNFFEH86CC,大新段,15.60,都市：住
RPRNMLRKNHNFFEH66CC,大新段,.00,都市：住
RPXOMLRKNHNFFEH37CC,河底段,14.00,都市：商
RPVQMLRKNHNFFBH07CC,復興段,5.18,都市：住
RPVQMLRKNHNFFBH07CC,復興段,25.58,都市：住
RPXQMLRKNHNFFBH27CC,復興段,5.18,都市：住
RPXQMLRKNHNFFBH27CC,復興段,25.58,都市：住
RPVOMLRKNHNFFBH96DC,青昇段,26.13,都市：商
RPVNMLPKNHNFFFH17EC,福興段,.00,都市：住
RPUNMLPKNHNFFFH07EC,茄明段,18.13,都市：住
RPWNMLPKNHNFFFH27EC,大安段,2461.69,非都市：特定農業區 ; 非都市編定：丁種建築用地
RPOPMLRKNHNFFAH98EC,龍祥段,13.59,都市：商
RPVNMLRKNHNFFGH27CC,忠貞段,17.72,都市：商
RPPNMLRKNHNFFFH56CC,明智段,.00,都市：住
RPROMLSKNHNFFAH66EC,龍祥段,11.40,都市：商
RPSNMLRKNHNFFFH96DC,豐田段,31.66,都市：住
RPPNMLSKNHNFFFH66CC,廣隆段,.00,都市：住
RPTOMLSKNHNFFGH37DC,廣仁段,21.69,都市：商
RPRRMLRKNHNFFBH76CC,福德段,60.16,都市：住
RPQQMLSKNHNFFBH66CC,石頭段,124.50,都市：商
RPVOMLSKNHNFFBH96CC,普義段,99.18,都市：住
RPTNMLLLNHNFFCH88DC,南龍段,3786.84,都市：住
RPUOMLLLNHNFFAH98EC,慈文段,.00,都市：商
RPUOMLLLNHNFFAH98EC,慈文段,.00,都市：住
RPUOMLLLNHNFFAH98EC,慈文段,.00,都市：住
RPRNMLRKNHNFFHH96CC,興華段,14.71,都市：商
RPXOMLRKNHNFFHH67CC,大同段,8.75,都市：住
RPXOMLRKNHNFFHH67CC,大同段,1.75,都市：住
RPXOMLRKNHNFFHH67CC,大同段,7.75,都市：住
RPXOMLRKNHNFFHH67CC,大同段,7.00,都市：其他
RPPNMLTKNHNFFHH96CC,大同段,6.33,都市：住
RPQOMLLLNHNFFHH09CC,南上段,30.14,都市：工
RPPPMLRKNHNFFHH96CC,精忠段,37.13,都市：住
RPQNMLTKNHNFFHH07CC,大同段,6.36,都市：住
RPPNMLLLNHNFFFH78DC,大庄段,24.40,非都市：鄉村區 ; 非都市編定：乙種建築用地
RPRPMLLLNHNFFAH78EC,大興段,43.81,都市：住
RPRPMLLLNHNFFAH78EC,大興段,27.98,都市：其他
RPRPMLLLNHNFFEH09DC,青峰段,47.88,都市：住
RPTNMLLLNHNFFBH68CC,環東段,.00,都市：住
RPTNMLLLNHNFFBH68CC,環東段,.00,都市：住
RPROMLLLNHNFFBH58CC,復興段,.00,都市：住
RPWNMLLLNHNFFBH98CC,榮民段,.00,都市：其他
RPXNMLLLNHNFFBH09CC,忠孝段,.00,都市：住
RPPQMLLLNHNFFBH58CC,三座屋段三座屋小段,22.38,都市：住
RPQOMLLLNHNFFBH48CC,復興段,.00,都市：住
RPQNMLMLNHNFFBH48CC,健行段,.00,都市：住
RPQNMLMLNHNFFBH48CC,健行段,.00,都市：住
RPOPMLLLNHNFFBH38CC,遠東段,.00,都市：住
RPRPMLLLNHNFFBH68CC,普仁段,.00,都市：其他
RPRPMLLLNHNFFBH68CC,普仁段,.00,都市：其他
RPWOMLLLNHNFFBH09CC,遠東段,.00,都市：住
RPTNMLMLNHNFFBH78CC,興南段中壢老小段,.00,都市：商
RPPPMLMLNHNFFBH58CC,富強段,33.75,都市：住
RPVOMLMLNHNFFBH09CC,成功段,.00,都市：住
RPROMLMLNHNFFBH68CC,興南段興南小段,.00,都市：商
RPUOMLMLNHNFFBH98CC,中北段,.00,都市：住
RPQPMLMLNHNFFBH68CC,富強段,33.75,都市：住
RPSPMLMLNHNFFBH88CC,富強段,33.75,都市：住
RPRNMLMLNHNFFBH58CC,榮民段,.00,都市：住
RPTPMLMLNHNFFBH98CC,富強段,33.75,都市：住
RPRPMLMLNHNFFBH78CC,石頭段,.00,都市：商
RPWPMLMLNHNFFBH66CC,仁美段,45.00,都市：住
RPRRMLMLNHNFFBH98CC,新街段,.00,都市：商
RPRRMLMLNHNFFBH98CC,新街段,.00,都市：商
RPSNMLMLNHNFFAH78EC,玉山段,48.36,都市：住
RPRNMLMLNHNFFEH88CC,青山段,.00,都市：住
RPRNMLMLNHNFFCH78DC,梅龍段,79.01,非都市：鄉村區 ; 非都市編定：乙種建築用地
RPTNMLMLNHNFFHH76CC,迴龍段,.00,都市：住
RPPNMLNLNHNFFAH38CC,龍安段,.00,都市：住
RPUOMLMLNHNFFGH96DC,新勢段,284.25,都市：商
RPQNMLNLNHNFFGH09CC,廣南段,5.98,都市：住
RPQNMLMLNHNFFGH98CC,新榮段,.00,都市：住
RPPNMLMLNHNFFGH88CC,平鎮段,.00,都市：商
RPOPMLNLNHNFFEH98DC,五福段,9.57,都市：住
RPRPMLOLNHNFFCH56DC,逸園段,28.56,非都市：一般農業區 ; 非都市編定：甲種建築用地
RPTOMLNLNHNFFEH76DC,竹圍段拔子林小段,75.00,都市：住
RPPNMLNLNHNFFBH48CC,忠福段,.00,都市：住
RPPNMLNLNHNFFBH48CC,忠福段,.00,都市：住
RPUOMLPLNHNFFCH76CC,瑞源段,.00,非都市：鄉村區 ; 非都市編定：乙種建築用地
RPSNMLMLNHNFFFH56DC,同福段,23.67,都市：住
RPTNMLPLNHNFFGH07DC,復旦段,319.78,都市：住
RPTNMLMLNHNFFFH66DC,豐田段,42.55,都市：住
RPPNMLMLNHNFFFH78CC,瑞豐段,.00,非都市：鄉村區 ; 非都市編定：乙種建築用地
RPXRMLPLNHNFFAH37EC,東國段,33.15,都市：住
RPVNMLPLNHNFFHH37DC,陸光段,53.70,都市：住
RPVNMLPLNHNFFHH37DC,陸光段,5.39,都市：住
RPQNMLRLNHNFFBH98CC,青溪段,25.49,都市：住
RPWNMLPLNHNFFFH27DC,大華段,2.76,都市：住
RPWNMLPLNHNFFFH27DC,大華段,8.35,都市：住
RPRPMLPLNHNFFFH07EC,大華段,3.19,都市：住
RPSNMLPLNHNFFFH86DC,瑞豐段,21.51,非都市：鄉村區 ; 非都市編定：乙種建築用地
RPQOMLSLNHNFFEH86CC,河底段,26.73,都市：住
RPUPMLSLNHNFFAH96CC,桃園段長美小段,7.00,都市：住
RPUPMLSLNHNFFAH96CC,桃園段長美小段,8.02,都市：商
RPVNMLSLNHNFFCH07CC,逸園段,141.36,非都市：鄉村區 ; 非都市編定：乙種建築用地
RPWPMLSLNHNFFFH77DC,廣福段,23.55,都市：住
RPXNMLSLNHNFFFH57CC,明智段,.00,都市：住
RPVOMLSLNHNFFFH47CC,瑞豐段,.00,非都市：鄉村區 ; 非都市編定：乙種建築用地
RPQNMLSLNHNFFHH07CC,文化段,240.33,都市：住
RPPNMLTLNHNFFFH86CC,瑞豐段,.00,非都市：鄉村區 ; 非都市編定：乙種建築用地
RPVNMLTLNHNFFCH17CC,仁善段,.00,都市：住
RPSNMLTLNHNFFGH27CC,新榮段,.00,都市：住
RPSOMLTLNHNFFDH27EC,草湳坡段埔心小段,80.45,都市：住
RPQOMLTLNHNFFEH96CC,長興段,39.41,都市：工
RPQOMLTLNHNFFEH96CC,長興段,107.78,都市：工
RPQOMLTLNHNFFEH96CC,長興段,38.77,都市：工
RPQOMLTLNHNFFEH96CC,長興段,108.67,都市：工
RPQOMLTLNHNFFEH96CC,長興段,36.58,都市：工
RPQOMLTLNHNFFEH96CC,長興段,105.11,都市：工
RPUNMLTLNHNFFEH27CC,長安段,481.69,都市：工
RPUNMLTLNHNFFEH27CC,長安段,48.37,都市：工
RPUNMLTLNHNFFEH27CC,長安段,193.02,都市：工
RPRNMLSLNHNFFBH56CC,忠孝段,.00,都市：住
RPPOMLSLNHNFFBH09CC,中北段,.00,都市：住
RPPOMLSLNHNFFBH09CC,中北段,.00,都市：住
RPPOMLSLNHNFFBH09CC,中北段,.00,都市：住
RPUNMLTLNHNFFGH47CC,義民段,.00,都市：住
RPQNMLSLNHNFFBH09CC,興南段興南小段,.00,都市：商
RPPQMLTLNHNFFAH66CC,富國段,10.98,都市：住
RPOPMLTLNHNFFBH66DC,青溪段,29.21,都市：住
RPOSMLTLNHNFFBH96DC,青溪段,33.94,都市：住
RPSOMLTLNHNFFBH86CC,忠福段,.00,都市：住
RPSOMLTLNHNFFBH86CC,忠福段,.00,都市：住
RPSOMLTLNHNFFBH86CC,忠福段,.00,都市：住
RPPOMLTLNHNFFBH56CC,三座屋段舊社小段,.00,都市：其他
RPTNMLTLNHNFFBH86CC,中壢埔頂段,.00,都市：住
RPQNMLTLNHNFFBH56CC,中壢埔頂段,.00,都市：住
RPOOMLTLNHNFFBH09CC,中北段,.00,都市：住
RPXNMLTLNHNFFBH27CC,仁和段,.00,都市：商
RPUNMLKMNHNFFGH76DC,南勢段,15.80,都市：商
RPUNMLKMNHNFFGH76DC,平鎮段,.04,都市：商
RPUOMLLMNHNFFFH76CC,大和段,.00,都市：住
RPQNMLKMNHNFFFH78CC,茄明段,.00,都市：住
RPWOMLKMNHNFFAH98CC,中山段,9.38,都市：住
RPSOMLKMNHNFFAH58CC,延壽段,.00,都市：住
RPOPMLKMNHNFFAH28CC,國聖段,18.61,都市：住
RPVOMLKMNHNFFAH09EC,新埔段,10.83,都市：住
RPSNMLKMNHNFFAH48CC,國聖段,.00,都市：住
RPUPMLKMNHNFFAH88CC,富國段,22.77,都市：住
RPQOMLKMNHNFFAH38CC,陽明段,.00,都市：住
RPUQMLLMNHNFFBH56CC,三座屋段三座屋小段,22.38,都市：住
RPUOMLLMNHNFFGH96DC,振平段,.00,非都市： ; 非都市編定：
RPXNMLLJOHNFFBH98CC,忠福段,26.25,都市：住
RPPRMLLJOHNFFBH58CC,藍埔段,3409.00,非都市：特定農業區 ; 非都市編定：農牧用地
RPOOMLLJOHNFFDH38CC,草湳坡段埔心小段,.00,都市：住
RPTPMLLJOHNFFEH09CC,沙崙段後厝小段,1785.00,非都市：一般農業區 ; 非都市編定：農牧用地
RPSPMLLJOHNFFEH98CC,南山段,280.50,都市：工
RPSPMLLJOHNFFEH98CC,南山段,280.57,都市：工
RPSPMLLJOHNFFEH98CC,南山段,297.20,都市：工
RPSPMLLJOHNFFEH98CC,南山段,243.25,都市：工
RPSPMLLJOHNFFEH98CC,南山段,328.26,都市：工
RPSPMLLJOHNFFEH98CC,南山段,280.58,都市：工
RPSPMLLJOHNFFEH98CC,南山段,293.73,都市：工
RPSPMLLJOHNFFEH98CC,南山段,293.87,都市：工
RPQPMLLMNHNFFDH88CC,大金山下段大金山下小段,.00,都市：住
RPPPMLLMNHNFFDH78CC,大金山下段大金山下小段,.00,都市：住
RPWOMLLMNHNFFDH76CC,大金山下段大金山下小段,.00,都市：住
RPOPMLLMNHNFFDH68CC,大金山下段大金山下小段,.00,都市：住
RPVOMLLMNHNFFDH66CC,大金山下段大金山下小段,.00,都市：住
RPXOMLLMNHNFFDH86CC,大金山下段大金山下小段,.00,都市：住
RPSOMLLMNHNFFDH98CC,大金山下段大金山下小段,.00,都市：住
RPRPMLLMNHNFFDH98CC,大金山下段大金山下小段,.00,都市：住
RPQNMLLJOHNFFFH68CC,興仁段,12.43,都市：住
RPVPMLLJOHNFFEH66CC,南山段,293.87,都市：工
RPVPMLLJOHNFFEH66CC,南山段,293.73,都市：工
RPVPMLLJOHNFFEH66CC,南山段,280.58,都市：工
RPVPMLLJOHNFFEH66CC,南山段,328.26,都市：工
RPVPMLLJOHNFFEH66CC,南山段,243.25,都市：工
RPVPMLLJOHNFFEH66CC,南山段,297.20,都市：工
RPVPMLLJOHNFFEH66CC,南山段,280.57,都市：工
RPVPMLLJOHNFFEH66CC,南山段,280.50,都市：工
RPQOMLOJOHNFFCH78CC,銅鑼圈段,80.00,非都市：山坡地保育區 ; 非都市編定：丙種建築用地
RPTOMLLJOHNFFBH78DC,普仁段,10.36,都市：住
RPVQMLLJOHNFFBH56DC,雙嶺段,25.97,都市：住
RPQQMLLJOHNFFBH68DC,雙嶺段,23.05,都市：住
RPPNMLMJOHNFFBH28CC,三座屋段舊社小段,11.13,都市：住
RPWRMLLJOHNFFAH66DC,大樹林段,8.16,都市：商
RPWRMLLJOHNFFAH66DC,大樹林段,3.17,都市：住
RPSPMLOJOHNFFAH98DC,桃園段武陵小段,990.00,都市：商
RPQNMLLJOHNFFGH78CC,新勢段,.00,都市：住
RPOOMLOJOHNFFBH48CC,忠福段,.00,都市：住
RPUOMLOJOHNFFEH96EC,錦興段,40.02,都市：住
RPSOMLOJOHNFFEH76EC,長安段,119.97,都市：商
RPQOMLPJOHNFFAH88EC,青溪段,19.41,都市：商
RPWPMLQJOHNFFAH07EC,國聖段,12.73,都市：住
RPRNMLPJOHNFFGH76DC,平南段,28.83,都市：其他
RPWNMLQJOHNFFGH27CC,平鎮段,.00,都市：商
RPROMLOJOHNFFGH86EC,東豐段,10.08,都市：住
RPTOMLOJOHNFFGH07EC,廣仁段,16.66,都市：住
RPSOMLOJOHNFFGH96EC,廣豐段,20.38,都市：住
RPUNMLPJOHNFFGH07DC,興湧段,151.24,都市：住
RPSNMLPJOHNFFGH86DC,金鍊段,110.31,都市：住
RPSPMLQJOHNFFBH56CC,復興段,.00,都市：住
RPRPMLQJOHNFFBH09CC,復興段,.00,都市：住
RPRQMLQJOHNFFBH56CC,普義段,.00,都市：住
RPPQMLQJOHNFFBH98CC,自立段,.00,都市：其他
RPQQMLQJOHNFFBH09CC,忠福段,.00,都市：住
RPWPMLQJOHNFFBH96CC,環東段,.00,都市：住
RPVQMLQJOHNFFBH96CC,榮民段,.00,都市：住
RPXOMLQJOHNFFBH07DC,青平段,26.80,都市：住
RPSOMLLJOHNFFCH68CC,潛龍段,815.20,非都市：工業區 ; 非都市編定：丁種建築用地
RPPOMLQJOHNFFDH98CC,草湳坡段埔心小段,.00,都市：住
RPQNMLRJOHNFFBH88CC,三座屋段舊社小段,.00,都市：住
RPOOMLRJOHNFFBH78CC,仁美段,.00,都市：住
RPUOMLRJOHNFFBH76CC,石頭段,.00,都市：住
RPROMLRJOHNFFBH56DC,中工段,261.63,都市：工
RPSNMLRJOHNFFBH09CC,草富段,.00,都市：住
RPVOMLRJOHNFFDH17DC,新生段,19.04,都市：商
RPPNMLRJOHNFFHH76CC,山德段,.00,都市：住
RPPNMLRJOHNFFHH76CC,山德段,.00,都市：其他
RPPQMLQJOHNFFAH88CC,寶山段,24.03,都市：住
RPUNMLRJOHNFFFH07CC,豐田段,.00,都市：住
RPOQMLRJOHNFFAH88CC,福元段,92.52,都市：住
RPVOMLQJOHNFFAH66CC,國強段,.00,都市：住
RPVOMLQJOHNFFAH66CC,國強段,.00,都市：住
RPVOMLQJOHNFFAH66CC,國強段,.00,都市：住
RPRNMLRJOHNFFEH76DC,青峰段,51.18,都市：住
RPWNMLRJOHNFFEH27DC,青峰段,37.38,都市：住
RPWNMLRJOHNFFGH37CC,忠貞段,.00,都市：住
RPXNMLRJOHNFFGH47CC,中央段,.00,都市：住
RPSOMLSJOHNFFCH76CC,中正段,100.00,非都市：鄉村區 ; 非都市編定：乙種建築用地
RPTNMLSJOHNFFEH07DC,大新段,12.56,都市：商
RPSNMLSJOHNFFEH96DC,河底段,10.19,都市：住
RPXNMLSJOHNFFGH57CC,廣豐段,62.48,都市：住
RPTOMLSJOHNFFCH86CC,仁愛段,67.07,非都市：鄉村區 ; 非都市編定：乙種建築用地
RPUOMLSJOHNFFCH96CC,埔頂段,.00,都市：住
RPUOMLSJOHNFFCH96CC,埔頂段,.00,都市：商
RPOPMLSJOHNFFBH98CC,青溪段,35.65,都市：住
RPWNMLSJOHNFFBH96CC,後寮段,.00,都市：其他
RPTQMLSJOHNFFBH96CC,三座屋段三座屋小段,17.13,都市：住
RPPOMLSJOHNFFBH98CC,石頭段,.00,都市：住
RPVPMLRJOHNFFEH27CC,南山段,97.31,都市：工
RPVPMLRJOHNFFEH27CC,南山段,884.45,都市：工
RPPPMLLKOHNFFDH68CC,楊梅段,16.09,都市：商
RPOWMLSJOHNFFAH96CC,中德段,.00,都市：工
RPRNMLSJOHNFFDH66CC,大金山下段大金山下小段,.00,都市：住
RPWNMLLKOHNFFAH88CC,小檜溪段,.00,都市：其他
RPQNMLSJOHNFFAH88CC,桃園段武陵小段,.00,都市：商
RPXNMLLKOHNFFBH09CC,普義段,40.08,都市：住
RPPNMLLKOHNFFHH88CC,龜山段,.00,都市：商
RPVNMLLKOHNFFFH86EC,明智段,13595.79,都市：住
RPWNMLLKOHNFFEH66CC,上竹段,.00,非都市： ; 非都市編定：
RPOOMLLKOHNFFEH58CC,客運一段,.00,非都市： ; 非都市編定：
RPQOMLLKOHNFFAH48DC,中路段,21.23,都市：工
RPXOMLMKOHNFFFH27EC,大智段,22.14,都市：住
RPXOMLMKOHNFFAH56CC,大興段,.09,都市：住
RPXNMLMKOHNFFBH56CC,新街段,5.34,都市：住
RPUQMLMKOHNFFAH09CC,西門段,85.00,都市：住
RPQOMLMKOHNFFFH09DC,興仁段,18.65,都市：商
RPTRMLMKOHNFFAH09CC,大有段,.00,都市：住
RPWQMLNKOHNFFAH76CC,富國段,105.00,都市：住
RPWQMLNKOHNFFAH76CC,富國段,150.00,都市：住
RPVNMLNKOHNFFAH98CC,埔子段埔子小段,86.00,都市：住
RPPNMLNKOHNFFEH78CC,河底段,.00,都市：住
RPTNMLNKOHNFFFH76DC,豐田段,32.31,都市：住
RPXNMLNKOHNFFFH17DC,大勇段,28.97,都市：住
RPWPMLNKOHNFFAH86EC,水汴頭段,12.13,都市：商
RPRNMLMKOHNFFHH56CC,文化段,8.65,都市：商
RPVNMLMKOHNFFHH96CC,善捷段,.00,都市：住
RPQNMLMKOHNFFHH09CC,文化段,10.66,都市：商
RPTOMLMKOHNFFHH86CC,善捷段,23.83,都市：住
RPWNMLMKOHNFFHH07CC,興華段,51.50,都市：住
RPSNMLMKOHNFFHH66CC,善捷段,26.36,都市：住
RPXPMLNKOHNFFAH96EC,會稽段,19.06,都市：商
RPOQMLNKOHNFFAH78EC,桃園段武陵小段,70.50,都市：商
RPROMLNKOHNFFBH88DC,青溪段,78.46,都市：住
RPROMLOKOHNFFFH66CC,大興段,.00,都市：住
RPSQMLOKOHNFFBH56CC,石頭段,4.00,都市：商
RPSNMLOKOHNFFAH78CC,龍安段,.00,都市：住
RPPPMLOKOHNFFBH98EC,中壢埔頂段,30.98,都市：住
RPWNMLPKOHNFFBH76CC,忠福段,12.24,都市：住
RPOQMLOKOHNFFBH78CC,石頭段,.00,都市：商
RPTNMLOKOHNFFAH88CC,大樹林段,.00,都市：住
RPVOMLPKOHNFFFH17CC,大義段,18.98,都市：住
RPVOMLPKOHNFFFH17CC,大義段,58.75,都市：住
RPOOMLPKOHNFFBH78DC,青平段,26.80,都市：住
RPQNMLPKOHNFFHH76CC,迴龍段,.00,都市：住
RPORMLTKOHNFFGH37DC,鎮興段,30.33,非都市：特定農業區 ; 非都市編定：甲種建築用地
RPTNMLKLOHNFFHH66CC,興華段,50.36,都市：住
RPRNMLKLOHNFFAH38CC,忠義段,16.46,都市：住
RPRNMLKLOHNFFFH88CC,大庄段,.00,非都市：鄉村區 ; 非都市編定：乙種建築用地
RPXNMLKLOHNFFAH98CC,法政段,17.18,都市：住
RPUNMLKLOHNFFEH56DC,河底段,20.65,都市：住
RPQNMLKLOHNFFFH78CC,茄苳段,.00,都市：住
RPPNMLSKOHNFFEH66CC,客運一段,.00,非都市： ; 非都市編定：
RPUNMLKLOHNFFFH56CC,豐田段,.00,都市：住
RPUNMLKLOHNFFAH68CC,埔子段北門埔子小段,.00,都市：商
RPRPMLKLOHNFFAH78EC,慈文段,.00,都市：住
RPQQMLKLOHNFFAH58CC,西門段,.00,都市：住
RPOOMLMLOHNFFBH48CC,中壢埔頂段,.00,都市：住
RPUOMLLLOHNFFBH98CC,新街段,.00,都市：住
RPVNMLLLOHNFFFH76CC,明智段,.00,都市：住
RPQOMLKLOHNFFCH58CC,潛龍段,70.41,非都市：鄉村區 ; 非都市編定：乙種建築用地
RPQOMLKLOHNFFCH58CC,潛龍段,.59,非都市：鄉村區 ; 非都市編定：乙種建築用地
RPTNMLMLOHNFFGH86DC,金鍊段,.00,非都市： ; 非都市編定：
RPXNMLMLOHNFFEH96CC,南崁段,14.43,都市：住
RPXNMLMLOHNFFEH96CC,南崁段,14.43,都市：住
RPQOMLMLOHNFFEH98CC,河底段,.00,都市：住
RPVOMLMLOHNFFEH86CC,河底段,.00,都市：住
RPPNMLNLOHNFFFH98CC,福興段,23.94,都市：住
RPPNMLPLOHNFFFH66DC,豐田段,48.03,都市：住
RPPNMLNLOHNFFGH56DC,關爺段,.00,非都市：鄉村區 ; 非都市編定：乙種建築用地
RPPNMLPLOHNFFBH78CC,振興段,.00,都市：住
RPTNMLPLOHNFFBH56CC,老街溪段,.00,都市：住
RPUNMLPLOHNFFBH66CC,忠福段,.00,都市：住
RPPOMLQLOHNFFGH96DC,新富段,6.90,都市：住
RPWNMLMLOHNFFAH09CC,慈文段,.00,都市：住
RPWOMLQLOHNFFCH37EC,仁善段,92.87,都市：住
RPPNMLPLOHNFFAH88EC,中山段,9.50,都市：商
RPXNMLMLOHNFFAH56CC,大樹林段,.00,都市：住
RPWOMLPLOHNFFAH96DC,富國段,12.76,都市：住
RPVNMLPLOHNFFAH66CC,中路段,.00,都市：商
RPRPMLQLOHNFFCH96EC,建國段,78.83,非都市：鄉村區 ; 非都市編定：乙種建築用地
RPVNMLPLOHNFFAH66CC,中路段,.00,都市：其他
RPPPMLQLOHNFFCH76EC,仁善段,66.74,都市：住
RPVPMLQLOHNFFCH37EC,石門段,16.52,都市：其他
RPSOMLQLOHNFFFH07CC,明智段,.00,都市：住
RPQOMLQLOHNFFHH07CC,精忠段,11.84,都市：住
RPRPMLRLOHNFFFH17CC,大智段,.00,都市：住
RPTNMLRLOHNFFFH37EC,高城段,23.93,都市：住
RPPNMLQLOHNFFGH76CC,振平段,.00,都市：住
RPVNMLMLOHNFFAH98CC,東門段,.00,都市：商
RPTNMLRLOHNFFAH76DC,中路段,130.89,都市：住
RPSPMLRLOHNFFBH96DC,青平段,23.60,都市：住
RPTPMLRLOHNFFAH86CC,中埔段,.00,都市：住
RPXNMLSLOHNFFCH37CC,南龍段,61.24,都市：住
RPWNMLTLOHNFFCH37CC,高平段,260.10,非都市：山坡地保育區 ; 非都市編定：丁種建築用地
RPWNMLTLOHNFFCH37CC,高平段,229.86,非都市：山坡地保育區 ; 非都市編定：丁種建築用地
RPWNMLTLOHNFFCH37CC,高平段,577.51,非都市：山坡地保育區 ; 非都市編定：丁種建築用地
RPVQMLSLOHNFFAH27CC,同德段,.00,都市：商
RPOOMLTLOHNFFHH17CC,蔗園段,345.42,都市：工
RPSOMLSLOHNFFHH67EC,華亞段,352.45,都市：工
RPSOMLSLOHNFFHH67EC,華亞段,908.40,都市：工
RPUNMLTLOHNFFEH37CC,上興段,496.29,都市：工
RPXOMLSLOHNFFHH18EC,龍華段,29.28,都市：住
RPPOMLRLOHNFFHH27EC,龍華段,31.64,都市：住
RPXQMLTLOHNFFBH67CC,三民段,462.81,都市：工
RPRNMLTLOHNFFHH37CC,文化段,240.33,都市：住
RPVNMLTLOHNFFHH77CC,頂湖段,2809.83,都市：工
RPOQMLTLOHNFFBH76CC,新街段,.00,都市：商
RPPPMLTLOHNFFAH66CC,埔子段埔子小段,.00,都市：商
RPPPMLTLOHNFFAH66CC,埔子段埔子小段,.00,都市：商
RPORMLTLOHNFFBH86CC,大崙段,3849.12,非都市：特定農業區 ; 非都市編定：丁種建築用地
RPUQMLTLOHNFFBH37CC,後寮段,.00,都市：住
RPQRMLTLOHNFFBH07CC,雙嶺段,690.65,都市：工
RPQRMLTLOHNFFBH07CC,雙嶺段,919.41,都市：工
RPTQMLTLOHNFFBH27CC,中工段,958.67,非都市：工業區 ; 非都市編定：丁種建築用地
RPQNMLKMOHNFFHH09CC,自強段,16.52,都市：住
RPUSMLMJPHNFFBH86DC,自立段,16.94,都市：住
RPPNMLKMOHNFFHH98CC,陸光段,5.85,都市：住
RPPNMLKMOHNFFHH98CC,陸光段,19.14,都市：住
RPSOMLMJPHNFFCH88CC,田心子段上田心子小段,17.02,都市：住
RPSOMLMJPHNFFCH88CC,田心子段上田心子小段,17.10,都市：住
RPUOMLMJPHNFFDH56CC,頭重溪段,85.00,都市：住
RPUOMLMJPHNFFDH56CC,頭重溪段,85.00,都市：住
RPVOMLMJPHNFFAH98CC,玉山段,101.20,都市：住
RPQNMLNJPHNFFAH48CC,龍安段,19.75,都市：商
RPQNMLNJPHNFFBH58CC,振興段,.00,都市：住
RPSPMLMJPHNFFEH66DC,大新段,28.58,都市：住
RPROMLMJPHNFFEH09DC,河底段,10.84,都市：住
RPUPMLMJPHNFFEH86DC,大新段,69.04,都市：住
RPRNMLNJPHNFFBH68CC,三座屋段三座屋小段,.00,都市：住
RPQPMLMJPHNFFEH98CC,客運一段,.00,非都市： ; 非都市編定：
RPPOMLNJPHNFFBH58CC,石頭段,.00,都市：住
RPRNMLNJPHNFFGH56CC,廣豐段,10.09,都市：住
RPTOMLNJPHNFFFH76CC,興仁段,13.20,都市：住
RPPNMLOJPHNFFBH58CC,自立段,.00,都市：其他
RPWNMLNJPHNFFBH66DC,新街段,16.70,都市：住
RPQNMLOJPHNFFBH68CC,三座屋段三座屋小段,.00,都市：住
RPROMLNJPHNFFHH76CC,興華段,.00,都市：商
RPXNMLOJPHNFFBH76CC,中北段,.00,都市：住
RPTNMLOJPHNFFBH98CC,中壢埔頂段,.00,都市：住
RPRNMLNJPHNFFAH58CC,埔子段埔子小段,.00,都市：住
RPRNMLOJPHNFFFH56CC,豐田段,.00,都市：住
RPXOMLOJPHNFFGH37CC,忠貞段,.00,都市：商
RPQPMLOJPHNFFFH66CC,茄明段,18.10,都市：住
RPPOMLOJPHNFFBH68CC,石頭段,.00,都市：住
RPTNMLPJPHNFFDH66CC,大金山下段大金山下小段,.00,都市：住
RPTOMLPJPHNFFAH09CC,寶山段,.00,都市：住
RPTPMLPJPHNFFAH56CC,富國段,.00,都市：住
RPUOMLPJPHNFFAH56CC,東門段,175.33,都市：住
RPROMLOJPHNFFAH78CC,埔子段埔子小段,8.91,都市：住
RPQOMLOJPHNFFAH68CC,大興段,19.86,都市：住
RPQQMLOJPHNFFAH88CC,同安段,278.80,都市：住
RPUNMLPJPHNFFDH76CC,大金山下段大金山下小段,.00,都市：住
RPXPMLOJPHNFFAH86CC,忠義段,4.37,都市：住
RPRPMLOJPHNFFAH88CC,忠義段,3.87,都市：住
RPVPMLOJPHNFFAH66CC,大有段,22.40,都市：住
RPXNMLPJPHNFFDH07CC,大金山下段大金山下小段,.00,都市：住
RPOOMLPJPHNFFDH88CC,草湳坡段埔心小段,.00,都市：住
RPWOMLPJPHNFFBH86CC,自立段,.00,非都市： ; 非都市編定：
RPWNMLPJPHNFFFH17CC,瑞豐段,.00,非都市：鄉村區 ; 非都市編定：乙種建築用地
RPQPMLPJPHNFFBH09DC,培英段,30.71,都市：住
RPTNMLQJPHNFFCH76DC,南龍段,30.11,都市：住
RPQNMLRJPHNFFHH96CC,自強段,52.15,都市：住
RPPQMLQJPHNFFGH17EC,三興段,17.41,都市：住
RPPQMLQJPHNFFGH17EC,三興段,142.38,都市：住
RPPQMLQJPHNFFGH17EC,三興段,1.60,都市：住
RPQNMLQJPHNFFFH76DC,大華段,22.77,都市：住
RPUPMLQJPHNFFGH47DC,湧光段,30.14,非都市：一般農業區 ; 非都市編定：甲種建築用地
RPXOMLQJPHNFFAH07DC,中路三段,.00,都市：住
RPPNMLRJPHNFFAH78CC,慈文段,8.80,都市：住
RPRNMLSJPHNFFGH17DC,西社段,.00,非都市： ; 非都市編定：
RPRNMLSJPHNFFGH17DC,西社段,.00,非都市： ; 非都市編定：
RPQOMLTJPHNFFFH17DC,豐田段,28.20,都市：住
RPOSMLTJPHNFFAH76CC,同德段,20.00,都市：商
RPQNMLTJPHNFFBH66DC,健行段,16.28,都市：住
RPWRMLTJPHNFFAH47CC,中平段,.00,都市：住
RPWPMLTJPHNFFAH27CC,江南段,.00,都市：住
RPQNMLTJPHNFFDH76CC,草湳坡段埔心小段,.00,都市：住
RPSOMLTJPHNFFEH27DC,竹圍段拔子林小段,2913.00,都市：住
RPUQMLTJPHNFFBH27CC,三座屋段三座屋小段,.00,都市：住
RPUQMLTJPHNFFBH27CC,三座屋段舊社小段,.00,都市：住
RPTOMLTJPHNFFEH37DC,竹圍段崁下小段,135.00,非都市：一般農業區 ; 非都市編定：甲種建築用地
RPRNMLKKPHNFFBH48CC,三座屋段舊社小段,.00,都市：住
RPPNMLKKPHNFFBH28CC,青平段,.00,都市：住
RPPNMLLKPHNFFEH68CC,錦中段,.00,都市：工
RPPNMLLKPHNFFCH48CC,埔頂段,.00,都市：住
RPPNMLLKPHNFFCH48CC,埔頂段,.00,都市：商
RPPNMLKKPHNFFGH78CC,義民段,.00,都市：住
RPQOMLMKPHNFFDH88CC,頭重溪段,.00,都市：住
RPQOMLMKPHNFFDH88CC,大金山下段大金山下小段,.00,都市：住
RPWOMLMKPHNFFBH66CC,仁愛段,.00,都市：商
RPSNMLKKPHNFFFH98CC,福興段,22.17,都市：住
RPVNMLKKPHNFFCH98CC,潛龍段,24.54,非都市：鄉村區 ; 非都市編定：乙種建築用地
RPVNMLKKPHNFFCH98CC,潛龍段,.60,非都市：鄉村區 ; 非都市編定：乙種建築用地
RPTOMLMKPHNFFDH56CC,楊梅段,.00,都市：住
RPQPMLMKPHNFFAH88EC,同安段,18.83,都市：住
RPUPMLMKPHNFFAH66EC,慈文段,18.01,都市：住
RPSPMLMKPHNFFAH09EC,埔子段北門埔子小段,66.50,都市：商
RPVOMLNKPHNFFAH76EC,新埔段,25.86,都市：住
RPUSMLMKPHNFFBH07EC,後興段,30.96,都市：住
RPUSMLMKPHNFFBH07EC,後興段,.46,都市：住
RPWNMLNKPHNFFGH17CC,東北段,68.90,都市：住
RPXNMLNKPHNFFGH27CC,平東段,92.72,都市：住
RPWNMLNKPHNFFBH66CC,復興段,.00,都市：住
RPSNMLNKPHNFFHH86CC,興華段,8.30,都市：商
RPUNMLNKPHNFFDH66CC,草湳坡段埔心小段,64.00,都市：其他
RPOQMLNKPHNFFAH68CC,中山段,22.74,都市：住
RPQOMLNKPHNFFDH98CC,大金山下段大金山下小段,.00,都市：住
RPPQMLNKPHNFFAH78CC,中山段,22.74,都市：住
RPOOMLNKPHNFFAH48CC,同安段,.00,都市：住
RPTPMLQKPHNFFAH96EC,中路三段,.04,都市：其他
RPTPMLQKPHNFFAH96EC,中路三段,19.00,都市：住
RPVPMLQKPHNFFAH07DC,會稽段,104.34,都市：住
RPUNMLQKPHNFFFH27DC,興仁段,19.43,都市：商
RPPOMLQKPHNFFEH76DC,錦興段,13.26,都市：住
RPROMLQKPHNFFEH96DC,南新段,3.12,都市：住
RPVNMLQKPHNFFDH07CC,二重溪段,.00,都市：住
RPTNMLQKPHNFFEH96CC,錦興段,.00,都市：住
RPVOMLQKPHNFFEH27CC,河底段,.00,都市：住
RPPNMLOKPHNFFHH66CC,迴龍段,31.09,都市：住
RPVNMLQKPHNFFFH37DC,興仁段,24.09,都市：商
RPUOMLRKPHNFFEH27CC,六福段,9.68,都市：住
RPWNMLQKPHNFFBH96CC,忠福段,.00,都市：其他
RPROMLQKPHNFFBH56CC,石頭段,.00,都市：商
RPROMLQKPHNFFBH56CC,石頭段,.00,都市：商
RPOOMLQKPHNFFBH88CC,普仁段,.00,都市：其他
RPQPMLQKPHNFFBH56CC,普義段,.00,都市：住
RPOOMLQKPHNFFBH88CC,普仁段,.00,都市：其他
RPTQMLQKPHNFFBH96CC,雙嶺段,29.90,都市：住
RPUOMLQKPHNFFBH86CC,忠福段,.00,都市：住
RPSNMLRKPHNFFDH86CC,大金山下段大金山下小段,.00,都市：住
RPPNMLRKPHNFFFH76CC,同福段,.00,都市：住
RPOOMLRKPHNFFDH66DC,四湖段,56.00,非都市：特定農業區 ; 非都市編定：甲種建築用地
RPSOMLSKPHNFFFH27CC,明智段,24.18,都市：住
RPSOMLSKPHNFFFH27CC,明智段,24.83,都市：住
RPQNMLRKPHNFFBH09CC,石頭段,.00,都市：住
RPSNMLRKPHNFFBH66CC,遠東段,.00,都市：住
RPUNMLRKPHNFFBH86CC,青溪段,375.52,都市：住
RPVNMLSKPHNFFDH27CC,草湳坡段埔心小段,.00,都市：住
RPWPMLSKPHNFFBH37CC,石頭段,.00,都市：商
RPPQMLSKPHNFFBH76CC,中壢埔頂段,.00,都市：住
RPWPMLSKPHNFFBH37CC,石頭段,.00,都市：商
RPWRMLSKPHNFFBH57CC,振興段,.00,都市：住
RPQNMLRKPHNFFCH56CC,潛龍段,27.74,非都市：鄉村區 ; 非都市編定：乙種建築用地
RPQNMLRKPHNFFCH56CC,潛龍段,.59,非都市：鄉村區 ; 非都市編定：乙種建築用地
RPPOMLRKPHNFFHH07CC,陸光段,24.36,都市：住
RPUVMLSKPHNFFBH77CC,新街段,13.82,都市：住
RPQQMLTKPHNFFBH96CC,忠福段,.00,都市：住
RPRPMLSKPHNFFAH96EC,新埔段,31.12,都市：住
RPWNMLSKPHNFFAH07CC,桃鶯段,.00,都市：住
RPTNMLKLPHNFFAH68CC,慈文段,.00,都市：住
RPSNMLKLPHNFFDH88CC,大金山下段大金山下小段,.00,都市：住
RPTNMLKLPHNFFDH98CC,大金山下段大金山下小段,.00,都市：住
RPSOMLKLPHNFFAH68CC,埔子段埔子小段,1.00,都市：住
RPSOMLKLPHNFFAH68CC,埔子段埔子小段,72.00,都市：住
RPVQMLKLPHNFFAH56CC,富國段,21.82,都市：住
RPPOMLKLPHNFFFH98DC,豐田段,119.40,都市：住
RPVNMLKLPHNFFDH56CC,楊梅段,.00,都市：住
RPOOMLKLPHNFFFH88DC,豐田段,25.97,都市：住
RPTNMLKLPHNFFFH66DC,豐田段,20.35,都市：住
RPROMLKLPHNFFFH56DC,豐田段,187.20,都市：住
RPUOMLTKPHNFFEH47CC,河底段,.00,都市：住
RPUOMLKLPHNFFEH66CC,南山段,.00,都市：工
RPUQMLKLPHNFFBH56CC,後寮段,30.62,都市：住
RPQNMLKLPHNFFBH48CC,中北段,.00,都市：住
RPQNMLKLPHNFFBH48CC,中北段,.00,都市：住
RPQNMLKLPHNFFBH48CC,中北段,.00,都市：住
RPTNMLKLPHNFFBH78CC,中工段,.00,非都市：工業區 ; 非都市編定：丁種建築用地
RPUPMLNLPHNFFAH76DC,同德段,31.15,都市：商
RPVOMLKLPHNFFEH86DC,青峰段,49.54,都市：住
RPSNMLKLPHNFFFH09CC,豐田段,.00,都市：住
RPTOMLNLPHNFFEH96DC,南山段,160.48,都市：工
RPTOMLNLPHNFFEH96DC,南山段,160.48,都市：工
RPUNMLNLPHNFFBH56CC,振興段,.00,都市：住
RPVNMLNLPHNFFBH66CC,中北段,.00,都市：工
RPXNMLKLPHNFFBH56CC,忠福段,.00,非都市： ; 非都市編定：
RPXNMLKLPHNFFBH56CC,忠福段,.00,非都市： ; 非都市編定：
RPXNMLKLPHNFFBH56CC,培英段,.00,非都市： ; 非都市編定：
RPTPMLNLPHNFFBH66CC,三座屋段三座屋小段,.00,都市：住
RPOOMLNLPHNFFBH68CC,中壢埔頂段,.00,都市：住
RPSRMLNLPHNFFAH66CC,大樹林段,.00,都市：工
RPTRMLNLPHNFFAH76CC,雲林段,18.88,都市：住
RPQSMLNLPHNFFAH56CC,新埔段,142.00,都市：住
RPOSMLNLPHNFFAH98CC,大有段,.00,都市：住
RPROMLNLPHNFFEH66CC,大興段,27.12,都市：住
RPTNMLNLPHNFFDH66CC,草湳坡段埔心小段,.00,都市：住
RPWNMLNLPHNFFBH76CC,復興段,.00,都市：住
RPUOMLNLPHNFFEH96CC,南崁廟口段廟口小段,.00,都市：住
RPSOMLOLPHNFFDH76CC,大金山下段大金山下小段,.00,都市：住
RPRNMLOLPHNFFBH98CC,中北段,.00,都市：工
RPSNMLOLPHNFFBH09CC,內厝段,.00,非都市：特定農業區 ; 非都市編定：甲種建築用地
RPVNMLOLPHNFFEH07CC,六福段,643.51,都市：工
RPVNMLOLPHNFFEH07CC,六福段,400.20,都市：工
RPVNMLOLPHNFFEH07CC,六福段,420.68,都市：工
RPVNMLOLPHNFFEH07CC,六福段,427.14,都市：工
RPUNMLOLPHNFFBH66CC,自立段,.00,都市：住
RPTOMLOLPHNFFDH07EC,大金山下段大金山下小段,20.30,都市：住
RPVNMLOLPHNFFBH76CC,忠福段,.00,都市：住
RPSNMLPLPHNFFFH96CC,興豐段,.00,都市：住
RPPOMLPLPHNFFCH09CC,潛龍段,34.67,非都市：鄉村區 ; 非都市編定：乙種建築用地
RPPOMLPLPHNFFCH09CC,潛龍段,.59,非都市：鄉村區 ; 非都市編定：乙種建築用地
RPPNMLOLPHNFFGH66CC,復旦段,.00,都市：住
RPQNMLPLPHNFFGH86CC,高雙段,.00,都市：住
RPQNMLPLPHNFFGH86CC,高雙段,.00,都市：住
RPPOMLOLPHNFFGH76CC,廣南段,75.44,都市：商
RPUNMLPLPHNFFFH27DC,福興段,23.13,都市：住
RPUOMLPLPHNFFEH27DC,錦興段,21.80,都市：住
RPSNMLPLPHNFFEH86CC,青山段,15.13,都市：住
RPVNMLOLPHNFFAH66CC,忠義段,.00,都市：住
RPXNMLOLPHNFFAH86CC,春日段,.00,都市：住
RPTNMLQLPHNFFFH27DC,大和段,15.68,都市：商
RPVRMLQLPHNFFAH47EC,富國段,11.20,都市：住
RPWNMLRLPHNFFCH27CC,銅鑼圈段,83.00,非都市：山坡地保育區 ; 非都市編定：農牧用地
RPQOMLRLPHNFFEH96CC,坑子口段海湖小段,1322.31,非都市：一般農業區 ; 非都市編定：農牧用地
RPQPMLRLPHNFFBH86DC,石頭段,3.00,都市：商
RPQPMLRLPHNFFBH86DC,石頭段,103.00,都市：商
RPPPMLQLPHNFFEH96DC,南新段,3.22,都市：住
RPTOMLQLPHNFFHH47CC,大同段,8.67,都市：住
RPWOMLQLPHNFFEH57DC,南新段,3.22,都市：住
RPSNMLQLPHNFFHH27CC,興華段,79.44,都市：住
RPUOMLRLPHNFFEH37CC,南山段,.00,都市：工
RPXOMLRLPHNFFAH27CC,小檜溪段,69.00,都市：住
RPQSMLRLPHNFFAH96CC,和平段,.00,都市：住
RPSSMLRLPHNFFAH17CC,同德段,.00,都市：商
RPQPMLRLPHNFFFH17CC,前程段,.00,都市：商
RPOPMLRLPHNFFAH09CC,小檜溪段,69.00,都市：住
RPSNMLRLPHNFFBH76CC,中壢埔頂段,.00,都市：住
RPTSMLRLPHNFFAH27CC,和平段,.00,都市：住
RPQOMLRLPHNFFBH66CC,中寮段,.00,都市：住
RPUPMLRLPHNFFBH17CC,興南段興南小段,.00,都市：商
RPPNMLKMPHNFFBH48CC,大崙段,21.73,非都市：特定農業區 ; 非都市編定：甲種建築用地
RPOOMLKMPHNFFEH78CC,河底段,49.42,都市：住
RPXQMLKMPHNFFBH96CC,中北段,.00,都市：工
RPXQMLKMPHNFFBH96CC,中北段,.00,都市：工
RPXQMLKMPHNFFBH96CC,中北段,.00,都市：工
RPQOMLKMPHNFFEH98CC,大竹圍段,.00,都市：住
RPQOMLKMPHNFFDH98DC,水美段,57.16,非都市：特定農業區 ; 非都市編定：甲種建築用地
RPWOMLKMPHNFFGH17CC,忠貞段,17.72,都市：商
RPSOMLKMPHNFFHH86CC,煉油段,.00,都市：工
RPPSMLKMPHNFFAH88CC,和平段,.00,都市：住
RPTOMLKMPHNFFGH96DC,平南段,28.68,都市：工
RPSRMLLMPHNFFAH56CC,大興段,1551.26,都市：住
RPUOMLLMPHNFFGH17DC,平鎮段,5.35,非都市： ; 非都市編定：
RPUOMLKMPHNFFGH07DC,平南段,18.11,都市：住
RPOOMLLJQHNFFEH78DC,大新段,8.92,都市：商
RPXNMLLJQHNFFEH96DC,大新段,32.34,都市：住
RPRNMLKMPHNFFFH09CC,瑞豐段,68.68,非都市：鄉村區 ; 非都市編定：乙種建築用地
RPVPMLLJQHNFFAH09CC,長安段,19.59,都市：住
RPTNMLLJQHNFFBH78CC,中壢埔頂段,.00,都市：住
RPRNMLLJQHNFFBH58CC,青溪段,.00,都市：住
RPRNMLLJQHNFFDH98EC,大金山下段大金山下小段,19.61,都市：住
RPOOMLLJQHNFFBH48DC,內厝段,24.70,非都市：特定農業區 ; 非都市編定：甲種建築用地
RPSNMLLJQHNFFBH68CC,復興段,.00,都市：住
RPSPMLLJQHNFFAH78CC,桃園段武陵小段,40.67,都市：商
RPROMLLJQHNFFBH78DC,青平段,28.25,都市：住
RPXPMLLJQHNFFBH86DC,青溪段,53.91,都市：住
RPPNMLMJQHNFFCH58CC,大成段,.00,都市：住
RPTNMLMJQHNFFGH76CC,南勢段,.00,都市：住
RPSNMLMJQHNFFCH88CC,仁善段,.00,都市：住
RPVNMLMJQHNFFBH09CC,青溪段,28.76,都市：住
RPOSMLMJQHNFFBH88CC,石頭段,4.00,都市：商
RPONNLMJQHNFFAH38CC,雲林段,18.50,都市：住
RPVQMLNJQHNFFAH76CC,富國段,13.14,都市：住
RPXOMLNJQHNFFBH86CC,新街段,.00,都市：住
RPXWMLMJQHNFFAH47CC,大樹林段,8.64,都市：住
RPTWMLMJQHNFFAH07CC,寶山段,.00,都市：住
RPXNMLMJQHNFFDH86CC,頭重溪段,.00,都市：住
RPOPMLMJQHNFFAH68EC,新埔段,.00,都市：住
RPOPMLMJQHNFFAH68EC,新埔段,.00,都市：住
RPRWMLMJQHNFFAH86CC,三元段,.00,都市：住
RPQNMLMJQHNFFDH78CC,草湳坡段埔心小段,.00,都市：住
RPRNMLMJQHNFFDH88CC,草湳坡段埔心小段,.00,都市：商
RPORMLNJQHNFFBH88CC,興南段中壢老小段,.00,都市：商
RPOSMLNJQHNFFBH98CC,普義段,.00,都市：住
RPRNMLNJQHNFFCH88CC,潛龍段,.53,非都市：鄉村區 ; 非都市編定：乙種建築用地
RPRNMLNJQHNFFCH88CC,潛龍段,25.77,非都市：鄉村區 ; 非都市編定：乙種建築用地
RPRSMLNJQHNFFBH66CC,興南段興南小段,.00,都市：商
RPQNMLNJQHNFFGH56CC,金獅段,.00,非都市：鄉村區 ; 非都市編定：乙種建築用地
RPOPMLNJQHNFFBH78DC,石頭段,4.00,都市：住
RPOPMLNJQHNFFBH78DC,石頭段,121.00,都市：住
RPXQMLQJQHNFFBH47DC,青溪段,.00,都市：住
RPUOMLNJQHNFFFH96CC,大和段,.00,都市：住
RPPNMLQJQHNFFBH98DC,自立段,6.09,都市：住
RPUNMLNJQHNFFCH56CC,潛龍段,.53,非都市：鄉村區 ; 非都市編定：乙種建築用地
RPUNMLNJQHNFFCH56CC,潛龍段,29.37,非都市：鄉村區 ; 非都市編定：乙種建築用地
RPQRMLQJQHNFFBH86DC,東寮段,14.84,都市：商
RPVSMLQJQHNFFAH37DC,忠義段,5136.27,都市：住
RPSNMLQJQHNFFFH96CC,興仁段,.00,都市：商
RPPOMLQJQHNFFEH76DC,青峰段,.00,非都市： ; 非都市編定：
RPWVMLQJQHNFFAH67CC,同德段,.00,都市：商
RPSOMLRJQHNFFDH96CC,大金山下段大金山下小段,.00,都市：住
RPXPMLQJQHNFFEH57CC,公埔段,65.34,都市：工
RPRNMLQJQHNFFBH09CC,大華段,.00,都市：住
RPVOMLRJQHNFFAH96CC,桃園段武陵小段,74.00,都市：商
RPOQMLQJQHNFFEH76CC,大新段,56.56,非都市： ; 非都市編定：
RPTQMLRJQHNFFAH96CC,大興段,9.33,都市：住
RPWQMLRJQHNFFAH27CC,福元段,14.06,都市：住
RPOTMLRJQHNFFAH76CC,同安段,30.11,都市：住
RPPOMLRJQHNFFCH56CC,民豐段,1027.41,非都市：一般農業區 ; 非都市編定：農牧用地
RPQNMLRJQHNFFBH09CC,忠福段,.00,都市：農
RPUNMLRJQHNFFBH86CC,榮民段,.00,都市：工
RPWQMLRJQHNFFBH37CC,青平段,33.23,都市：住
RPXNMLRJQHNFFGH77DC,新榮段,22.27,都市：住
RPUNMLSJQHNFFGH47CC,德育段,.00,都市：住
RPRNMLRJQHNFFGH07CC,忠貞段,.00,都市：商
RPTSMLRJQHNFFAH37EC,桃鶯段,28.09,都市：工
RPSNMLSJQHNFFHH37CC,文化段,.00,都市：商
RPPQMLSJQHNFFBH76CC,自立段,.00,非都市： ; 非都市編定：
RPXPMLSJQHNFFBH47CC,興南段中壢老小段,.00,都市：商
RPQPMLSJQHNFFFH27DC,明智段,47.48,都市：住
RPSTMLSJQHNFFAH27CC,中山段,22.74,都市：住
RPSPMLTJQHNFFAH17EC,昆明段,138.09,都市：住
RPQNMLTJQHNFFHH37DC,東嶺段,90.00,非都市：山坡地保育區 ; 非都市編定：丙種建築用地
RPPOMLTJQHNFFGH17CC,平鎮段,81.05,都市：住
RPQNMLKKQHNFFHH09CC,大同段,1418.00,都市：住
RPQOMLSJQHNFFAH56CC,桃園段武陵小段,.00,都市：商
RPQOMLSJQHNFFAH56CC,桃園段武陵小段,.00,都市：商
RPXNMLSJQHNFFAH17CC,中正段,.00,都市：住
RPXNMLSJQHNFFAH17CC,中正段,.00,都市：住
RPTOMLKKQHNFFAH78CC,桃園段長美小段,.00,都市：商
RPRPMLSJQHNFFAH86DC,埔子段埔子小段,2.00,都市：住
RPRPMLSJQHNFFAH86DC,埔子段埔子小段,7.00,都市：住
RPRPMLSJQHNFFAH86DC,埔子段埔子小段,23.00,都市：住
RPRPMLSJQHNFFAH86DC,埔子段埔子小段,54.00,都市：住
RPRNMLKKQHNFFDH78CC,大金山下段大金山下小段,.00,都市：住
RPPPMLKKQHNFFAH68EC,中路段,77.00,都市：其他
RPQTMLSJQHNFFAH07CC,中路段,74.00,都市：商
RPPPMLKKQHNFFAH68EC,中路段,191.00,都市：工
RPQTMLSJQHNFFAH07CC,中路段,73.00,都市：商
RPQTMLSJQHNFFAH07CC,中路段,41.00,都市：商
RPQTMLSJQHNFFAH07CC,中路段,14.00,都市：商
RPQTMLSJQHNFFAH07CC,中路段,25.00,都市：商
RPVNMLKKQHNFFDH56CC,大金山下段大金山下小段,.00,都市：住
RPRPMLKKQHNFFHH76CC,半嶺段,74.56,都市：住
RPRPMLKKQHNFFHH76CC,半嶺段,21.00,都市：住
