﻿編號,屋齡,建物移轉面積平方公尺,主要用途,主要建材,建築完成日期,總層數,建物分層
The serial number,room age,building shifting area square meter,the main use,main building materials,construction completes the date,total layer,building lamination
RPOOMLOKNHNFFDQ76CA,1,201.48,住家用,見其他登記事項,107年3月30日,四層,一層 二層 三層 四層
RPWNMLOKNHNFFDQ47CA,1,198.18,住家用,見其他登記事項,107年3月30日,四層,一層 二層 三層 四層
RPXNMLOKNHNFFDQ57CA,,198.18,住家用,見其他登記事項,107年3月30日,四層,一層 二層 三層 四層
RPUNMLOKNHNFFDQ27CA,1,210.01,住家用,見其他登記事項,107年3月30日,四層,一層 二層 三層 四層
RPVNMLOKNHNFFDQ37CA,1,197.47,住家用,見其他登記事項,107年3月30日,四層,一層 二層 三層 四層
RPTNMLOKNHNFFDQ17CA,1,210.51,住家用,見其他登記事項,107年3月30日,四層,一層 二層 三層 四層
RPPNMLMJOHNFFCQ09CA,37,35.05,住家用,磚造,70年3月20日,一層,一層
RPPOMLOKNHNFFDQ86CA,,201.48,住家用,見其他登記事項,107年3月30日,四層,一層 二層 三層 四層
RPUNMLLJOHNFFCQ86CA,40,91.20,住家用,鋼筋混凝土加強磚造,66年12月30日,二層,一層 二層 騎樓
RPTOMLRKNHNFFCQ47CA,1,167.37,見其他登記事項,鋼筋混凝土造,106年3月21日,三層,一層 二層 三層 見其他登記事項
RPVNMLPLNHNFFDQ57CA,38,98.83,住家用,鋼筋混凝土加強磚造,69年9月30日,二層,一層 二層 騎樓
RPTNMLPKNHNFFEQ37CA,34,94.72,住商用,鋼筋混凝土加強磚造,73年4月5日,二層,一層 二層 騎樓
RPPNMLLJOHNFFEQ66DA,1,437.34,見其他登記事項,鋼筋混凝土造,106年6月8日,四層,一層 二層 三層 四層 屋頂突出物
RPPNMLPKNHNFFCQ86DA,23,25.18,住家用,鋼筋混凝土造,84年2月28日,五層,二層
RPPNMLPKNHNFFCQ86DA,23,7.20,共有部份,鋼筋混凝土造,84年2月28日,五層,
RPTNMLQKNHNFFCQ47EA,21,105.38,住家用,鋼筋混凝土造,85年11月15日,五層,五層
RPTNMLQKNHNFFCQ47EA,21,9.83,共有部份,鋼筋混凝土造,85年11月5日,五層,
RPTNMLQKNHNFFCQ47EA,21,.52,共有部份,鋼筋混凝土造,85年11月15日,地下二層,
RPOOMLPKNHNFFDQ96DA,1,202.26,住家用,鋼筋混凝土造,106年10月26日,三層,一層 二層 三層 見其他登記事項
RPQNMLPKNHNFFEQ27EA,,199.03,見其他登記事項,鋼筋混凝土造,107年2月22日,四層,一層 二層 三層 四層
RPRNMLQKNHNFFBQ07DA,35,181.80,住家用,鋼筋混凝土加強磚造,72年5月4日,三層,一層 二層 三層 騎樓
RPTNMLSKNHNFFBQ47DA,11,364.95,見其他登記事項,鋼筋混凝土造,96年6月28日,四層,一層 二層 三層 四層 見其他登記事項
RPROMLOKNHNFFDQ07CA,1,197.47,住家用,見其他登記事項,107年3月30日,四層,一層 二層 三層 四層
RPSOMLOKNHNFFDQ17CA,1,247.95,住家用,見其他登記事項,107年3月30日,四層,一層 二層 三層 四層 地下一層
RPOOMLLLNHNFFDQ56CA,1,189.87,住家用,見其他登記事項,107年3月30日,三層,一層 二層 三層
RPQOMLSKNHNFFDQ37CA,,158.35,見其他登記事項,鋼筋混凝土造,106年12月22日,三層,一層 二層 三層 見其他登記事項
RPSNMLPKNHNFFCQ07CA,3,226.28,見其他登記事項,鋼筋混凝土造,104年8月30日,三層,一層 二層 三層 見其他登記事項
RPPNMLMLNHNFFBQ09CA,13,192.19,住商用,鋼筋混凝土造,94年3月12日,四層,一層 二層 三層 四層
RPUNMLMLNHNFFBQ96CA,37,145.20,住家用,鋼筋混凝土加強磚造,70年6月18日,三層,一層 二層 三層
RPQNMLRKNHNFFBQ96CA,15,17.99,住家用,鋼筋混凝土造,92年8月21日,五層,二層
RPQNMLRKNHNFFBQ96CA,15,4.74,見其他登記事項,鋼筋混凝土造,92年8月21日,五層,
RPQNMLLLNHNFFBQ09CA,12,15.06,住家用,鋼筋混凝土造,95年8月28日,八層,八層
RPQNMLLLNHNFFBQ09CA,12,5.73,共有部份,鋼筋混凝土造,95年8月28日,,
RPQNMLLLNHNFFBQ09CA,12,4.40,共有部份,鋼筋混凝土造,95年8月28日,,
RPSNMLLLNHNFFBQ66CA,24,77.55,住家用,鋼筋混凝土造,82年12月7日,五層,二層
RPSNMLLLNHNFFBQ66CA,24,5.40,見其他登記事項,鋼筋混凝土造,82年12月7日,五層,
RPPNMLLLNHNFFBQ98CA,12,15.06,住家用,鋼筋混凝土造,95年8月28日,八層,八層
RPPNMLLLNHNFFBQ98CA,12,5.73,共有部份,鋼筋混凝土造,95年8月28日,,
RPPNMLLLNHNFFBQ98CA,12,4.40,共有部份,鋼筋混凝土造,95年8月28日,,
RPQOMLQKNHNFFDQ17CA,40,60.12,住家用,鋼筋混凝土加強磚造,67年1月5日,一層,一層
RPTPMLSKNHNFFCQ67CA,37,103.02,住家用,鋼筋混凝土加強磚造,70年10月15日,二層,一層 二層 電梯樓梯間
RPVNMLQKNHNFFDQ57CA,31,94.86,住家用,鋼筋混凝土加強磚造,76年3月24日,二層,一層 二層
RPUPMLSKNHNFFCQ77CA,14,178.40,見其他登記事項,鋼筋混凝土造,93年9月6日,三層,一層 二層 三層 電梯樓梯間
RPRNMLQKNHNFFEQ27CA,33,121.24,住家用,鋼筋混凝土加強磚造,74年7月12日,二層,一層 二層 騎樓
RPSNMLPLNHNFFDQ27CA,45,129.65,住家用,加強磚造,62年7月1日,二層,一層 二層
RPOPMLQLNHNFFDQ17CA,38,97.41,住家用,鋼筋混凝土加強磚造,69年8月13日,二層,一層 二層
RPUNMLLMNHNFFEQ27CA,25,37.23,住家用,鋼筋混凝土造,82年4月1日,十八層,四層
RPUNMLLMNHNFFEQ27CA,25,1.75,見其他登記事項,鋼筋混凝土造,82年4月1日,,
RPUNMLLMNHNFFEQ27CA,25,7.31,見其他登記事項,鋼筋混凝土造,82年4月1日,十八層,
RPSNMLNLNHNFFDQ07CA,38,143.99,住家用,鋼筋混凝土加強磚造,69年1月26日,三層,一層 二層 三層 騎樓
RPSNMLPKNHNFFEQ27CA,25,69.80,見其他登記事項,鋼筋混凝土造,82年4月1日,,地下二層
RPSNMLPKNHNFFEQ27CA,25,1.00,見其他登記事項,鋼筋混凝土造,82年4月1日,,
RPUNMLRKNHNFFCQ67EA,22,80.31,見其他登記事項,鋼筋混凝土造,85年2月9日,五層,五層
RPPNMLMLNHNFFEQ76CA,38,104.03,住家用,鋼筋混凝土加強磚造,69年9月4日,二層,一層 二層 電梯樓梯間
RPUNMLLLNHNFFCQ07DA,26,142.98,住商用,鋼筋混凝土造,81年5月25日,三層,一層 二層 三層 騎樓 電梯樓梯間
RPPNMLPLNHNFFCQ07EA,35,100.94,住家用,鋼筋混凝土加強磚造,71年11月24日,二層,一層 二層 電梯樓梯間
RPTNMLRKNHNFFDQ57DA,1,214.10,住家用,見其他登記事項,107年3月30日,四層,一層 二層 三層 四層
RPPOMLNLNHNFFDQ86CA,,59.85,住家用,鋼筋混凝土造,106年10月18日,三層,一層
RPPOMLNLNHNFFDQ86CA,,17.42,見其他登記事項,鋼筋混凝土造,106年10月18日,三層,
RPPOMLNLNHNFFDQ86CA,,69.47,住家用,鋼筋混凝土造,106年10月18日,三層,二層
RPPOMLNLNHNFFDQ86CA,,17.42,見其他登記事項,鋼筋混凝土造,106年10月18日,三層,
RPPOMLNLNHNFFDQ86CA,,69.10,住家用,鋼筋混凝土造,106年10月18日,三層,三層
RPPOMLNLNHNFFDQ86CA,,17.42,見其他登記事項,鋼筋混凝土造,106年10月18日,三層,
RPUNMLSKNHNFFDQ67CA,2,156.65,住家用,見其他登記事項,105年2月19日,三層,一層 二層 三層 見其他登記事項
RPTNMLLLNHNFFDQ96CA,18,172.19,住家用,鋼筋混凝土造,88年12月27日,三層,一層 二層 三層
RPOOMLRKNHNFFCQ96CA,26,117.86,住家用,加強磚造,80年12月3日,二層,一層 二層 電梯樓梯間
RPXNMLMJOHNFFDQ37CA,26,135.00,住家用,鋼筋混凝土造,81年6月9日,三層,一層 二層 三層
RPPOMLRKNHNFFCQ07CA,4,182.40,見其他登記事項,鋼筋混凝土造,103年10月2日,三層,一層 二層 三層 見其他登記事項
RPTNMLOJOHNFFDQ17CA,38,96.88,住家用,鋼筋混凝土加強磚造,69年5月10日,二層,一層 二層
RPSNMLOJOHNFFDQ07CA,38,89.23,住家用,鋼筋混凝土加強磚造,69年3月1日,二層,一層 二層
RPPNMLSKNHNFFCQ07CA,42,198.00,工業用,見其他登記事項,65年5月25日,一層,一層
RPTNMLLLNHNFFCQ86CA,28,131.92,住家用,鋼筋混凝土加強磚造,78年10月7日,二層,一層 二層
RPSNMLPKOHNFFCQ27DA,37,109.44,住商用,鋼筋混凝土加強磚造,70年10月12日,二層,一層 二層 電梯樓梯間
RPQOMLRKNHNFFCQ17CA,36,98.17,住家用,鋼筋混凝土加強磚造,71年4月16日,二層,一層 二層 騎樓
RPQNMLLLNHNFFCQ56CA,30,128.02,住家用,加強磚造,77年7月12日,二層,一層 二層 電梯樓梯間
RPVNMLOJOHNFFDQ37CA,38,112.71,住商用,鋼筋混凝土加強磚造,69年8月20日,二層,一層 二層
RPPNMLNLNHNFFCQ66CA,22,666.71,住商用,鋼筋混凝土造,85年4月22日,四層,一層 二層 三層 四層 騎樓 電梯樓梯間 機械房
RPOOMLQLNHNFFDQ07CA,,166.76,住家用,見其他登記事項,,二層,一層 二層 騎樓
RPRNMLNLNHNFFDQ96CA,25,4.98,見其他登記事項,鋼筋混凝土造,82年10月6日,9,
RPRNMLNLNHNFFDQ96CA,25,32.58,見其他登記事項,鋼筋混凝土造,82年10月6日,九層,五層
RPRNMLNLNHNFFDQ96CA,25,1.95,見其他登記事項,鋼筋混凝土造,82年10月6日,九層,
RPRNMLNLNHNFFDQ96CA,25,10.61,見其他登記事項,鋼筋混凝土造,82年10月6日,九層,
RPOOMLLMNHNFFCQ56CA,19,223.12,住家用,鋼筋混凝土造,88年3月3日,九層,九層
RPOOMLLMNHNFFCQ56CA,19,56.32,共有部份,鋼筋混凝土造,88年3月3日,九層,
RPPOMLSKNHNFFCQ37EA,28,164.41,住家用,鋼筋混凝土造,79年8月7日,三層,一層 二層 三層 騎樓 電梯樓梯間
RPRNMLQLNHNFFCQ17CA,31,156.63,住家用,鋼筋混凝土加強磚造,76年6月2日,二層,一層 二層 電梯樓梯間
RPWNMLPJOHNFFDQ67DA,17,196.66,見其他登記事項,鋼筋混凝土造,90年5月2日,四層,一層 二層 三層 四層
RPTNMLKMNHNFFBQ76CA,10,200.62,見其他登記事項,鋼筋混凝土造,97年1月31日,四層,一層 二層 三層 四層
RPQOMLPJOHNFFBQ86CA,38,93.96,住商用,鋼筋混凝土加強磚造,69年4月25日,二層,一層 二層
RPTNMLMLNHNFFDQ07CA,13,19.73,見其他登記事項,鋼筋混凝土造,94年2月4日,五層,五層
RPTNMLMLNHNFFDQ07CA,13,7.22,見其他登記事項,鋼筋混凝土造,94年2月4日,五層,
RPSNMLMLNHNFFDQ96CA,13,15.02,見其他登記事項,鋼筋混凝土造,94年8月15日,五層,四層
RPSNMLMLNHNFFDQ96CA,13,6.69,見其他登記事項,鋼筋混凝土造,94年8月15日,五層,
RPROMLPJOHNFFBQ96CA,29,192.18,住商用,鋼筋混凝土造,78年6月1日,三層,一層 二層 三層 騎樓
RPRNMLLLNHNFFCQ66CA,37,124.42,住家用,鋼筋混凝土加強磚造,70年10月30日,二層,一層 二層 電梯樓梯間
RPVNMLLLNHNFFCQ07CA,16,102.61,見其他登記事項,鋼筋混凝土造,91年7月25日,五層,四層
RPQOMLLLNHNFFDQ76CA,1,72.69,集合住宅,鋼筋混凝土造,106年4月21日,十五層,九層
RPXNMLLLNHNFFCQ27CA,36,217.26,住商用,鋼筋混凝土加強磚造,70年11月27日,四層,一層 二層 三層 四層 騎樓
RPSNMLLMNHNFFCQ86CA,4,196.90,見其他登記事項,鋼筋混凝土造,103年8月6日,四層,一層 二層 三層 四層 見其他登記事項
RPUNMLTLNHNFFBQ67CA,23,182.05,住商用,鋼筋混凝土加強磚造,84年3月13日,三層,一層 二層 三層 騎樓
RPWNMLOKOHNFFDQ57CA,23,198.57,住家用,鋼筋混凝土造,84年5月18日,四層,一層 二層 三層 四層
RPTNMLMJOHNFFDQ96CA,25,111.81,見其他登記事項,鋼筋混凝土造,82年4月1日,六層,五層
RPTNMLMJOHNFFDQ96CA,25,24.95,共有部分,鋼筋混凝土造,82年4月1日,六層,
RPTNMLMJOHNFFDQ96CA,25,13.52,共有部分,鋼筋混凝土造,82年4月1日,六層,
RPTNMLMJOHNFFDQ96CA,25,13.16,共有部分,鋼筋混凝土造,82年4月1日,六層,
RPPNMLQLNHNFFBQ86CA,17,133.77,住家用,鋼筋混凝土造,90年9月13日,三層,一層 二層 三層
RPSNMLOLNHNFFBQ96CA,26,272.16,住家用,鋼筋混凝土加強磚造,81年1月20日,四層,一層 二層 三層 四層
RPQNMLOLNHNFFCQ86CA,21,142.51,見其他登記事項,鋼筋混凝土造,85年12月20日,十一層,五層
RPQNMLOLNHNFFCQ86CA,21,1.16,共有部份,鋼筋混凝土造,85年12月20日,十一層,
RPQNMLOLNHNFFCQ86CA,21,14.03,共有部份,鋼筋混凝土造,85年12月20日,十一層,
RPQNMLOLNHNFFCQ86CA,21,22.39,共有部份,鋼筋混凝土造,85年12月20日,十一層,
RPRNMLMKOHNFFDQ86CA,37,106.78,住家用,鋼筋混凝土加強磚造,70年2月26日,二層,一層 二層 騎樓
RPQPMLRLNHNFFDQ47CA,,179.18,住家用,鋼筋混凝土造,106年12月27日,四層,一層 二層 三層 四層
RPPPMLRLNHNFFDQ37CA,,301.73,住家用,鋼筋混凝土造,106年12月27日,四層,一層 二層 三層 四層
RPSPMLRLNHNFFDQ67CA,,172.40,住家用,鋼筋混凝土造,106年12月27日,四層,一層 二層 三層 四層
RPOQMLRLNHNFFDQ37CA,,163.21,見其他登記事項,鋼筋混凝土造,106年12月27日,四層,一層 二層 三層 四層
RPTPMLRLNHNFFDQ77CA,,172.60,住家用,鋼筋混凝土造,106年12月27日,四層,一層 二層 三層 四層
RPVPMLRLNHNFFDQ97CA,,170.00,見其他登記事項,鋼筋混凝土造,106年12月27日,四層,一層 二層 三層 四層
RPUPMLRLNHNFFDQ87CA,,171.23,見其他登記事項,鋼筋混凝土造,106年12月27日,四層,一層 二層 三層 四層
RPTNMLLJOHNFFDQ96DA,38,103.97,住家用,加強磚造,69年1月18日,二層,一層 二層
RPWPMLRLNHNFFDQ08CA,,165.82,住家用,鋼筋混凝土造,106年12月27日,四層,一層 二層 三層 四層
RPPQMLRLNHNFFDQ47CA,,148.42,住家用,鋼筋混凝土造,106年12月27日,三層,一層 二層 三層
RPXPMLRLNHNFFDQ18CA,,159.79,住家用,鋼筋混凝土造,106年12月27日,四層,一層 二層 三層 四層
RPVNMLMJOHNFFDQ17CA,23,85.92,見其他登記事項,鋼筋混凝土造,84年9月8日,十二層,五層
RPVNMLMJOHNFFDQ17CA,23,21.00,見其他登記事項,鋼筋混凝土造,84年9月8日,十二層,
RPVNMLMJOHNFFDQ17CA,23,17.98,見其他登記事項,鋼筋混凝土造,84年9月8日,十二層,
RPOOMLLJOHNFFDQ09CA,2,194.41,見其他登記事項,鋼筋混凝土造,105年10月14日,三層,一層 二層 三層 見其他登記事項
RPQNMLQKOHNFFDQ17CA,19,88.93,見其他登記事項,鋼筋混凝土造,88年5月31日,五層,五層
RPQNMLQKOHNFFDQ17CA,19,10.96,見其他登記事項,鋼筋混凝土造,88年5月31日,五層,
RPQNMLQKOHNFFDQ17CA,19,.80,見其他登記事項,鋼筋混凝土造,88年5月31日,一層,
RPPNMLSKOHNFFBQ07CA,13,17.24,住家用,鋼筋混凝土造,94年10月3日,十層,八層
RPPNMLSKOHNFFBQ07CA,13,.11,見其他登記事項,鋼筋混凝土造,94年10月3日,十層,
RPPNMLSKOHNFFBQ07CA,13,9.11,見其他登記事項,鋼筋混凝土造,94年10月3日,十層,
RPROMLLMNHNFFCQ86CA,24,94.11,住家用,鋼筋混凝土造,82年12月14日,七層,三層
RPROMLLMNHNFFCQ86CA,24,7.89,共有部份,鋼筋混凝土造,82年12月14日,七層,
RPROMLLMNHNFFCQ86CA,24,5.68,共有部份,鋼筋混凝土造,82年12月14日,七層,
RPQNMLSKOHNFFBQ17CA,13,17.25,住家用,鋼筋混凝土造,94年10月3日,十層,八層
RPQNMLSKOHNFFBQ17CA,13,.11,見其他登記事項,鋼筋混凝土造,94年10月3日,十層,
RPQNMLSKOHNFFBQ17CA,13,9.11,見其他登記事項,鋼筋混凝土造,94年10月3日,十層,
RPWNMLKMNHNFFDQ27CA,37,87.92,住家用,鋼筋混凝土加強磚造,70年6月10日,二層,一層 二層 騎樓
RPPNMLOLNHNFFBQ66CA,37,93.96,住商用,加強磚造,70年9月10日,二層,一層 二層
RPWNMLMJOHNFFDQ27CA,19,132.93,住家用,鋼筋混凝土造,87年12月23日,三層,一層 二層 三層
RPQPMLOJOHNFFDQ07CA,12,.65,見其他登記事項,鋼筋混凝土造,95年7月18日,三層,
RPQPMLOJOHNFFDQ07CA,12,.27,見其他登記事項,鋼筋混凝土造,95年7月18日,一層,
RPQPMLOJOHNFFDQ07CA,12,.48,見其他登記事項,鋼筋混凝土造,95年7月18日,四層,
RPQPMLOJOHNFFDQ07CA,6,198.30,集合住宅,鋼筋混凝土造,101年8月29日,四層,一層 二層 三層 四層
RPRNMLKMNHNFFDQ76CA,23,149.61,住家用,鋼筋混凝土造,83年11月23日,四層,一層 二層 三層 四層
RPRPMLRLNHNFFDQ57CA,,179.06,住家用,鋼筋混凝土造,106年12月27日,四層,一層 二層 三層 四層
RPXOMLOJOHNFFDQ67CA,6,197.02,集合住宅,鋼筋混凝土造,101年8月29日,四層,一層 二層 三層 四層
RPXOMLOJOHNFFDQ67CA,12,.27,見其他登記事項,鋼筋混凝土造,95年7月18日,一層,
RPXOMLOJOHNFFDQ67CA,12,.48,見其他登記事項,鋼筋混凝土造,95年7月18日,四層,
RPXOMLOJOHNFFDQ67CA,12,.65,見其他登記事項,鋼筋混凝土造,95年7月18日,三層,
RPTNMLTLNHNFFCQ87EA,39,57.40,商業用,鋼筋混凝土加強磚造,68年3月23日,二層,一層 二層
RPUNMLPLNHNFFDQ47CA,25,145.45,住家用,鋼筋混凝土造,81年11月26日,三層,一層 二層 三層
RPXNMLRJOHNFFDQ87CA,,166.87,見其他登記事項,鋼筋混凝土造,106年12月22日,三層,一層 二層 三層 見其他登記事項
RPTNMLPLNHNFFCQ27CA,13,17.05,見其他登記事項,鋼筋混凝土造,94年1月20日,五層,三層
RPTNMLPLNHNFFCQ27CA,13,.43,見其他登記事項,鋼筋混凝土造,94年1月20日,五層,
RPTNMLPLNHNFFCQ27CA,13,4.86,見其他登記事項,鋼筋混凝土造,94年1月20日,五層,
RPXNMLPLNHNFFDQ77CA,2,150.94,住家用,鋼筋混凝土造,105年8月19日,三層,一層 二層 三層 見其他登記事項
RPWNMLLMNHNFFCQ27CA,25,533.58,住商用,鋼造,82年3月8日,二層,一層 二層
RPPNMLOJOHNFFCQ66CA,16,65.83,見其他登記事項,鋼筋混凝土造,91年7月25日,五層,三層
RPPNMLOJOHNFFCQ66CA,16,12.74,見其他登記事項,鋼筋混凝土造,91年7月25日,五層,
RPPNMLOJOHNFFCQ66CA,16,33.34,停車空間,鋼筋混凝土造,91年7月25日,五層,
RPOPMLOJOHNFFDQ86CA,11,265.65,見其他登記事項,鋼筋混凝土造,96年9月29日,四層,一層 二層 三層 四層 地下一層
RPOPMLOJOHNFFDQ86CA,13,5.08,見其他登記事項,鋼筋混凝土造,94年8月26日,二層,
RPOPMLOJOHNFFDQ86CA,13,1.59,見其他登記事項,鋼筋混凝土造,94年8月26日,三層,
RPPNMLTLNHNFFDQ37CA,29,98.52,住家用,加強磚造,78年8月19日,二層,一層 二層
RPQNMLSLNHNFFCQ37DA,11,21.15,見其他登記事項,鋼筋混凝土造,96年6月23日,五層,二層
RPQNMLSLNHNFFCQ37DA,11,7.03,見其他登記事項,鋼筋混凝土造,96年6月23日,五層,
RPOOMLMJOHNFFDQ56CA,18,1135.89,見其他登記事項,見其他登記事項,89年8月24日,一層,一層
RPQNMLQKOHNFFCQ07CA,25,162.22,住家用,鋼筋混凝土造,81年11月18日,三層,一層 二層 三層 電梯樓梯間
RPPNMLQKOHNFFCQ96CA,23,162.12,住家用,鋼筋混凝土造,84年2月17日,三層,一層 二層 三層 電梯樓梯間
RPSOMLOJOHNFFDQ27DA,,201.30,住家用,鋼筋混凝土造,107年2月21日,四層,一層 二層 三層 四層
RPQOMLOJOHNFFDQ07DA,,201.30,住家用,鋼筋混凝土造,107年2月21日,四層,一層 二層 三層 四層
RPOOMLOJOHNFFDQ86DA,,204.32,住家用,鋼筋混凝土造,107年2月21日,四層,一層 二層 三層 四層
RPUOMLOJOHNFFDQ47DA,,201.30,住家用,鋼筋混凝土造,107年2月21日,四層,一層 二層 三層 四層
RPPOMLOJOHNFFDQ96DA,,201.30,住家用,鋼筋混凝土造,107年2月21日,四層,一層 二層 三層 四層
RPVOMLOJOHNFFDQ57DA,,201.17,住家用,鋼筋混凝土造,107年2月21日,四層,一層 二層 三層 四層
RPTOMLOJOHNFFDQ37DA,,201.30,住家用,鋼筋混凝土造,107年2月21日,四層,一層 二層 三層 四層
RPWOMLOJOHNFFDQ67DA,,203.44,住家用,鋼筋混凝土造,107年2月21日,四層,一層 二層 三層 四層
RPRPMLOJOHNFFDQ17CA,2,189.94,住家用,鋼筋混凝土造,106年10月18日,三層,一層 二層 三層 見其他登記事項
RPUNMLTLNHNFFCQ77CA,24,195.90,住家用,鋼筋混凝土造,83年1月20日,三層,一層 二層 三層 電梯樓梯間
RPUNMLLJOHNFFBQ76CA,36,115.88,住商用,鋼筋混凝土加強磚造,70年12月15日,二層,一層 二層
RPUNMLLKOHNFFCQ96CA,16,102.61,見其他登記事項,鋼筋混凝土造,91年7月25日,五層,五層
RPUNMLLKOHNFFCQ96CA,16,12.17,見其他登記事項,鋼筋混凝土造,91年7月25日,五層,
RPUNMLLKOHNFFCQ96CA,16,.61,見其他登記事項,鋼筋混凝土造,91年7月25日,五層,
RPRNMLLKOHNFFCQ66CA,37,92.95,住家用,鋼筋混凝土加強磚造,70年1月9日,二層,一層 二層 電梯樓梯間
RPXNMLLMNHNFFCQ37CA,36,92.44,住家用,鋼筋混凝土加強磚造,71年5月1日,二層,一層 二層 騎樓 電梯樓梯間
RPOOMLLKOHNFFBQ98CA,42,101.85,住家用,鋼筋混凝土加強磚造,65年8月31日,二層,一層 二層
RPTNMLSJOHNFFCQ67EA,36,92.72,住商用,鋼筋混凝土加強磚造,71年2月27日,二層,一層 二層
RPVNMLTLNHNFFDQ97CA,,209.32,住家用,見其他登記事項,107年3月30日,四層,一層 二層 三層 四層
RPPNMLLMNHNFFDQ66CA,40,46.59,住家用,見其他登記事項,67年2月25日,三層,一層 二層 三層 騎樓
RPRNMLLMNHNFFDQ86CA,25,33.00,見其他登記事項,鋼筋混凝土造,82年10月6日,九層,七層
SPTNMLLMNHNFFDQ17CA,13,16.15,見其他登記事項,鋼筋混凝土造,94年8月15日,五層,一層
SPTNMLLMNHNFFDQ17CA,13,7.19,見其他登記事項,鋼筋混凝土造,94年8月15日,五層,
RPQNMLOJOHNFFEQ96CA,27,223.89,住家用,鋼筋混凝土造,79年12月12日,四層,一層 二層 三層 四層
TPTNMLLMNHNFFDQ27CA,13,16.15,見其他登記事項,鋼筋混凝土造,94年8月15日,五層,一層
TPTNMLLMNHNFFDQ27CA,13,7.19,見其他登記事項,鋼筋混凝土造,94年8月15日,五層,
RPTNMLLMNHNFFDQ07CA,13,16.15,見其他登記事項,鋼筋混凝土造,94年8月15日,五層,一層
RPTNMLLMNHNFFDQ07CA,13,7.19,見其他登記事項,鋼筋混凝土造,94年8月15日,五層,
UPTNMLLMNHNFFDQ37CA,13,16.15,見其他登記事項,鋼筋混凝土造,94年8月15日,五層,一層
UPTNMLLMNHNFFDQ37CA,13,7.19,見其他登記事項,鋼筋混凝土造,94年8月15日,五層,
RPVNMLMLOHNFFBQ17CA,,251.34,住家用,鋼筋混凝土造,107年2月13日,四層,一層 二層 三層 四層
RPSNMLKMNHNFFBQ76DA,1,165.54,住家用,鋼筋混凝土造,106年10月2日,三層,一層 二層 三層
RPPNMLOJOHNFFDQ76CA,23,207.43,住家用,鋼筋混凝土造,84年11月8日,三層,一層 二層 三層
RPSPMLOJOHNFFDQ27CA,2,178.55,住家用,鋼筋混凝土造,106年10月18日,三層,一層 二層 三層 見其他登記事項
RPVNMLLJOHNFFBQ86CA,41,84.80,住家用,鋼筋混凝土加強磚造,66年1月4日,二層,一層 二層
RPQNMLLMNHNFFDQ76CA,20,192.68,見其他登記事項,鋼筋混凝土造,87年1月5日,四層,一層 二層 三層 四層
RPPNMLKKOHNFFBQ88CA,106,26.61,住家用,木造,1年1月1日,一層,一層
RPPOMLLMNHNFFCQ66CA,,208.05,見其他登記事項,鋼筋混凝土造,106年11月24日,四層,一層 二層 三層 四層
RPQNMLMJOHNFFCQ56CA,17,1167.11,見其他登記事項,見其他登記事項,90年7月17日,一層,一層
RPVNMLLKOHNFFCQ07CA,16,99.08,見其他登記事項,鋼筋混凝土造,91年7月25日,五層,一層
RPVNMLLKOHNFFCQ07CA,16,33.34,停車空間,鋼筋混凝土造,91年7月25日,五層,
RPVNMLLKOHNFFCQ07CA,16,11.69,見其他登記事項,鋼筋混凝土造,91年7月25日,五層,
RPVNMLLKOHNFFCQ07CA,16,.68,見其他登記事項,鋼筋混凝土造,91年7月25日,五層,
RPQOMLLJOHNFFCQ56CA,4,211.68,見其他登記事項,鋼筋混凝土造,102年11月4日,四層,一層 二層 三層 四層
RPPNMLLMNHNFFCQ56CA,26,181.68,住商用,鋼筋混凝土造,81年6月30日,三層,一層 二層 三層 電梯樓梯間
RPOOMLRJOHNFFDQ07CA,,158.62,見其他登記事項,鋼筋混凝土造,106年12月22日,三層,一層 二層 三層 見其他登記事項
RPTPMLOJOHNFFDQ37CA,1,183.54,住家用,鋼筋混凝土造,106年10月18日,三層,一層 二層 三層 見其他登記事項
RPTNMLOJOHNFFCQ07CA,41,107.30,住家用,鋼筋混凝土加強磚造,66年3月9日,二層,一層 二層
RPPNMLPJOHNFFCQ76CA,7,125.79,住家用,鋼筋混凝土造,100年3月22日,三層,一層 二層 三層
RPTNMLQJOHNFFBQ27DA,14,238.17,見其他登記事項,鋼筋混凝土造,93年3月26日,四層,一層 二層 三層 四層
RPTNMLSJOHNFFEQ87EA,,191.42,見其他登記事項,鋼筋混凝土造,107年2月22日,四層,一層 二層 三層 四層
RPPNMLSJOHNFFCQ17DA,23,135.23,見其他登記事項,鋼筋混凝土造,84年7月24日,三層,一層 二層 三層 電梯樓梯間
RPRNMLNKOHNFFCQ86CA,7,154.59,住家用,鋼筋混凝土造,100年3月15日,三層,一層 二層 三層
RPPNMLPKOHNFFCQ86CA,24,278.77,住商用,鋼筋混凝土造,83年6月30日,三層,一層 二層 三層 電梯樓梯間 地下層
RPPNMLPKOHNFFCQ86CA,24,8.20,見其他登記事項,鋼筋混凝土造,83年6月30日,一層,
RPQNMLOKOHNFFEQ07CA,35,75.01,住家用,鋼筋混凝土加強磚造,72年6月24日,一層,一層
RPPNMLKLOHNFFEQ66CA,,231.24,見其他登記事項,鋼筋混凝土造,107年2月22日,四層,一層 二層 三層 四層
RPOOMLPJOHNFFBQ66CA,1,197.00,見其他登記事項,鋼筋混凝土造,106年6月21日,三層,一層 二層 三層 見其他登記事項
RPRNMLPJOHNFFBQ96DA,18,191.51,住家用,鋼筋混凝土造,89年4月18日,三層,一層 二層 三層 夾層
RPXNMLKLOHNFFDQ37CA,17,161.75,見其他登記事項,鋼筋混凝土造,90年5月2日,四層,一層 二層 三層 四層
RPTNMLOJOHNFFBQ96CA,15,23.10,住家用,鋼筋混凝土造,92年2月14日,四層,四層
RPTNMLOJOHNFFBQ96CA,15,2.80,見其他登記事項,鋼筋混凝土造,92年2月14日,四層,
RPTNMLOJOHNFFBQ96CA,15,4.14,見其他登記事項,鋼筋混凝土造,92年2月14日,四層,
RPQNMLMLOHNFFBQ66CA,23,163.48,住商用,鋼骨鋼筋混凝土造,84年4月28日,四層,一層 二層 三層 四層
RPRNMLQKOHNFFBQ07CA,25,152.99,住商用,鋼筋混凝土造,82年6月3日,三層,一層 二層 三層 騎樓
RPPNMLNLOHNFFCQ76CA,16,209.16,住商用,鋼筋混凝土造,90年12月28日,四層,一層 二層 三層 四層
RPSNMLTKOHNFFCQ57CA,25,81.59,住家用,鋼筋混凝土造,81年11月30日,五層,二層
RPSNMLTKOHNFFCQ57CA,25,8.46,共有部份,鋼筋混凝土造,81年11月30日,地下層,
RPSNMLTKOHNFFCQ57CA,25,6.94,共有部份,鋼筋混凝土造,81年11月30日,五層,
RPSNMLQLOHNFFCQ37CA,24,155.09,住家用,鋼筋混凝土造,83年6月22日,四層,一層 二層 三層 四層
RPOOMLNKOHNFFCQ66CA,26,111.36,住家用,見其他登記事項,81年3月18日,二層,一層 二層
RPVNMLOJOHNFFBQ17CA,22,147.45,住家用,鋼筋混凝土造,85年8月15日,十四層,十四層
RPVNMLOJOHNFFBQ17CA,22,51.39,見其他登記事項,鋼筋混凝土造,85年8月15日,十四層,
RPQNMLQJOHNFFBQ86CA,39,110.80,住家用,鋼筋混凝土加強磚造,68年8月7日,二層,一層 二層
RPPNMLOLOHNFFCQ86CA,24,75.34,見其他登記事項,鋼筋混凝土造,83年8月8日,十一層,六層
RPPNMLOLOHNFFCQ86CA,24,15.71,共有部份,鋼筋混凝土造,83年8月8日,十一層,
RPPNMLOLOHNFFCQ86CA,24,19.30,共有部份,鋼筋混凝土造,83年8月8日,十一層,
RPRNMLMLOHNFFDQ96CA,38,123.35,住家用,鋼筋混凝土加強磚造,69年6月30日,二層,一層 二層
RPRNMLPJOHNFFCQ96CA,31,206.08,見其他登記事項,鋼筋混凝土造,76年8月18日,五層,一層 二層 三層 四層 五層 騎樓
RPPNMLRJOHNFFEQ17CA,27,97.60,住家用,鋼筋混凝土造,80年8月9日,四層,一層 二層 三層 四層
RPRNMLRJOHNFFDQ37DA,38,91.52,住家用,鋼筋混凝土加強磚造,69年7月1日,二層,一層 二層 騎樓
RPRNMLQJOHNFFDQ27DA,25,161.18,住家用,鋼筋混凝土造,80年6月20日,四層,一層 二層 三層 四層
RPWNMLQJOHNFFBQ57DA,24,84.88,住家用,鋼筋混凝土造,83年9月10日,十三層,十二層
RPWNMLQJOHNFFBQ57DA,24,12.67,見其他登記事項,鋼筋混凝土造,83年9月10日,十三層,
RPWNMLQJOHNFFBQ57DA,24,23.89,見其他登記事項,鋼筋混凝土造,83年9月10日,十三層,
RPSNMLSJOHNFFDQ57DA,31,121.72,見其他登記事項,鋼筋混凝土加強磚造,76年1月21日,二層,一層 二層 見其他登記事項
RPXNMLQJOHNFFDQ77CA,15,176.78,見其他登記事項,鋼筋混凝土造,92年1月15日,三層,一層 二層 三層
RPTNMLQJOHNFFDQ37CA,24,105.54,住家用,鋼筋混凝土造,83年8月10日,三層,一層 二層 三層
RPUNMLMKOHNFFDQ17CA,31,68.07,見其他登記事項,鋼筋混凝土造,76年9月6日,三層,一層 二層 三層
RPQNMLTKOHNFFBQ27CA,21,176.89,住商用,鋼筋混凝土造,86年3月24日,三層,一層 二層 三層
RPVNMLMKOHNFFDQ27CA,36,97.00,住家用,鋼筋混凝土加強磚造,71年9月10日,二層,一層 二層
RPPNMLNKOHNFFCQ66CA,29,196.36,見其他登記事項,見其他登記事項,77年12月16日,一層,一層
RPVNMLMKOHNFFCQ17CA,14,79.32,見其他登記事項,鋼筋混凝土造,93年9月6日,三層,一層 二層 三層 電梯樓梯間
RPPNMLSJOHNFFBQ96CA,33,121.91,住家用,鋼筋混凝土加強磚造,73年12月21日,二層,一層 二層 騎樓
RPQNMLMJPHNFFDQ76CA,24,153.68,住家用,鋼筋混凝土造,83年10月3日,四層,一層 二層 三層 四層
RPQNMLKLOHNFFBQ09CA,35,126.72,住家用,鋼筋混凝土加強磚造,72年11月2日,二層,一層 二層
RPRNMLOKOHNFFDQ07CA,38,124.22,住商用,鋼筋混凝土加強磚造,69年3月18日,二層,一層 二層
RPPNMLRJOHNFFCQ07DA,39,91.50,住商用,鋼筋混凝土加強磚造,68年1月13日,二層,一層 二層 騎樓
RPSNMLRJOHNFFDQ37CA,13,19.73,見其他登記事項,鋼筋混凝土造,94年2月4日,五層,一層
RPSNMLRJOHNFFDQ37CA,13,7.22,見其他登記事項,鋼筋混凝土造,94年2月4日,五層,
RPQNMLRJOHNFFCQ17DA,36,111.71,住家用,鋼筋混凝土加強磚造,70年12月31日,二層,一層 二層
RPQNMLKMOHNFFBQ56CA,10,284.31,見其他登記事項,鋼筋混凝土造,97年4月8日,四層,一層 二層 三層 四層 地下一層
RPQNMLKMOHNFFBQ56CA,10,4.62,見其他登記事項,鋼筋混凝土造,97年4月8日,三層,
RPQNMLKMOHNFFBQ56CA,10,28.89,停車空間,鋼筋混凝土造,97年4月8日,四層,
RPOOMLOKOHNFFDQ86CA,,200.54,見其他登記事項,鋼筋混凝土造,107年2月26日,三層,一層 二層 三層 見其他登記事項
RPTNMLPKOHNFFDQ37CA,27,169.54,住家用,鋼筋混凝土造,80年9月4日,三層,一層 二層 三層
RPXNMLOKOHNFFDQ67CA,,200.54,見其他登記事項,鋼筋混凝土造,107年2月26日,三層,一層 二層 三層 見其他登記事項
RPTNMLMJPHNFFDQ07CA,38,90.10,住家用,鋼筋混凝土加強磚造,68年12月1日,二層,一層 二層
RPRNMLMJPHNFFDQ86CA,1,186.78,住家用,鋼筋混凝土造,106年10月18日,三層,一層 二層 三層 見其他登記事項
RPTNMLLKOHNFFCQ07EA,19,162.43,住家用,鋼筋混凝土造,88年5月26日,四層,一層 二層 三層 四層
RPXOMLSJOHNFFCQ97CA,3,193.14,見其他登記事項,鋼筋混凝土造,104年11月13日,三層,一層 二層 三層 見其他登記事項
RPQPMLSJOHNFFCQ37CA,36,68.75,住家用,磚造,70年12月29日,一層,一層
RPRNMLQKOHNFFCQ17CA,13,17.86,見其他登記事項,鋼筋混凝土造,94年1月20日,五層,三層
RPRNMLQKOHNFFCQ17CA,13,.49,見其他登記事項,鋼筋混凝土造,94年1月20日,五層,
RPRNMLQKOHNFFCQ17CA,13,5.56,見其他登記事項,鋼筋混凝土造,94年1月20日,五層,
RPUNMLKMOHNFFCQ07CA,12,203.57,見其他登記事項,鋼筋混凝土造,95年4月24日,四層,一層 二層 三層 四層
RPQNMLQKOHNFFBQ96CA,13,18.19,住家用,鋼筋混凝土造,94年1月3日,五層,三層
RPQNMLQKOHNFFBQ96CA,13,2.72,見其他登記事項,鋼筋混凝土造,94年1月3日,五層,
RPQNMLQKOHNFFBQ96CA,13,1.79,見其他登記事項,鋼筋混凝土造,94年1月3日,五層,
RPTNMLKMOHNFFCQ96CA,12,194.52,見其他登記事項,鋼筋混凝土造,95年4月24日,四層,一層 二層 三層 四層
RPWNMLRLOHNFFBQ77CA,,198.40,見其他登記事項,鋼筋混凝土造,107年3月7日,三層,一層 二層 三層 見其他登記事項
RPTNMLSLOHNFFBQ57CA,76,9.48,住家用,木造,31年1月1日,一層,一層
RPPOMLOKOHNFFDQ96CA,,212.28,見其他登記事項,鋼筋混凝土造,107年2月26日,三層,一層 二層 三層 見其他登記事項
RPSNMLMKOHNFFEQ07CA,36,111.35,住家用,鋼筋混凝土加強磚造,71年5月27日,二層,一層 二層 騎樓
RPOOMLKLOHNFFDQ56CA,23,64.71,見其他登記事項,鋼筋混凝土造,84年9月8日,十二層,十層
RPOOMLKLOHNFFDQ56CA,23,15.86,見其他登記事項,鋼筋混凝土造,84年9月8日,十二層,
RPOOMLKLOHNFFDQ56CA,23,13.69,見其他登記事項,鋼筋混凝土造,84年9月8日,十二層,
RPUNMLMLOHNFFCQ17CA,35,67.81,住家用,鋼筋混凝土加強磚造,71年12月31日,二層,一層 二層
RPTNMLMLOHNFFCQ07CA,36,93.30,住家用,鋼筋混凝土加強磚造,71年2月11日,二層,一層 二層
RPPNMLQKOHNFFEQ17CA,36,250.11,見其他登記事項,鋼筋混凝土加強磚造,71年8月11日,三層,一層 二層 三層 屋頂突出物 騎樓
RPTNMLMKOHNFFCQ17EA,39,104.28,住家用,鋼筋混凝土加強磚造,68年6月1日,二層,一層 二層 騎樓
RPVNMLKLOHNFFEQ27CA,25,51.58,住家用,鋼筋混凝土造,82年4月1日,十八層,十層
RPVNMLKLOHNFFEQ27CA,25,10.28,見其他登記事項,鋼筋混凝土造,82年4月1日,十八層,
RPVNMLKLOHNFFEQ27CA,25,2.45,見其他登記事項,鋼筋混凝土造,82年4月1日,,
RPQNMLMKOHNFFCQ76DA,37,94.60,住家用,鋼筋混凝土加強磚造,70年10月15日,二層,一層 二層
RPPNMLNKOHNFFEQ07EA,,227.49,見其他登記事項,鋼筋混凝土造,107年2月22日,四層,一層 二層 三層 四層
RPVNMLMLOHNFFDQ37CA,23,172.36,住家用,鋼筋混凝土造,84年7月21日,三層,一層 二層 三層 夾層
RPXNMLMLOHNFFDQ57CA,38,112.71,住商用,鋼筋混凝土加強磚造,69年8月20日,二層,一層 二層
RPPNMLMLOHNFFDQ76CA,13,19.73,見其他登記事項,鋼筋混凝土造,94年2月4日,五層,三層
RPPNMLMLOHNFFDQ76CA,13,7.22,見其他登記事項,鋼筋混凝土造,94年2月4日,五層,
RPPOMLNKOHNFFCQ76CA,1,230.60,見其他登記事項,鋼筋混凝土造,106年9月18日,四層,一層 二層 三層 四層
RPTNMLTKOHNFFCQ67CA,36,111.71,住家用,鋼筋混凝土加強磚造,71年3月6日,二層,一層 二層
RPWNMLKMOHNFFCQ27CA,26,191.14,住家用,鋼筋混凝土造,81年10月30日,四層,一層 二層 三層 四層
RPVNMLNKOHNFFCQ27CA,41,98.44,住家用,鋼筋混凝土加強磚造,66年2月15日,二層,一層 二層 騎樓
RPQNMLTLOHNFFCQ47CA,24,73.95,住家用,鋼筋混凝土造,82年12月14日,七層,四層
RPQNMLTLOHNFFCQ47CA,24,7.89,共有部份,鋼筋混凝土造,82年12月14日,七層,
RPQNMLTLOHNFFCQ47CA,24,5.68,共有部份,鋼筋混凝土造,82年12月14日,七層,
RPSNMLMKOHNFFCQ86CA,11,232.04,見其他登記事項,鋼筋混凝土造,96年7月19日,四層,一層 二層 三層 四層
RPUNMLNKOHNFFBQ07CA,12,19.19,住家用,鋼筋混凝土造,95年8月28日,八層,七層
RPUNMLNKOHNFFBQ07CA,12,7.43,共有部份,鋼筋混凝土造,95年8月28日,,
RPUNMLNKOHNFFBQ07CA,12,4.60,共有部份,鋼筋混凝土造,95年8月28日,,
RPPNMLMKOHNFFCQ56CA,25,167.21,住家用,鋼筋混凝土造,82年8月9日,三層,一層 二層 三層 電梯樓梯間
RPTNMLLLOHNFFDQ07CA,25,126.88,住家用,鋼筋混凝土加強磚造,82年4月14日,三層,一層 二層 三層
RPSNMLPKOHNFFBQ07CA,4,54.46,見其他登記事項,鋼筋混凝土造,103年8月15日,八層,五層
RPSNMLPKOHNFFBQ07CA,4,44.84,見其他登記事項,鋼筋混凝土造,103年8月15日,八層,
RPPPMLKKPHNFFBQ56CA,,175.79,住家用,鋼筋混凝土造,107年2月13日,四層,一層 二層 三層 四層
RPTPMLKKPHNFFBQ96CA,,175.52,住家用,鋼筋混凝土造,107年2月13日,四層,一層 二層 三層 四層
RPOPMLKKPHNFFBQ09CA,,175.79,住家用,鋼筋混凝土造,107年2月13日,四層,一層 二層 三層 四層
RPQPMLKKPHNFFBQ66CA,,177.90,住家用,鋼筋混凝土造,107年2月13日,四層,一層 二層 三層 四層
RPTNMLOJPHNFFBQ07CA,4,226.54,見其他登記事項,鋼筋混凝土造,103年6月25日,四層,一層 二層 三層 四層 見其他登記事項
RPVPMLKKPHNFFBQ17CA,,178.35,見其他登記事項,鋼筋混凝土造,107年2月13日,四層,一層 二層 三層 四層
RPUPMLKKPHNFFBQ07CA,,175.97,見其他登記事項,鋼筋混凝土造,107年2月13日,四層,一層 二層 三層 四層
RPRPMLKKPHNFFBQ76CA,,173.32,住家用,鋼筋混凝土造,107年2月13日,四層,一層 二層 三層 四層
RPRNMLKKPHNFFBQ56CA,,211.44,住家用,鋼筋混凝土造,107年2月13日,四層,一層 二層 三層 四層
RPSPMLKKPHNFFBQ86CA,,173.32,住家用,鋼筋混凝土造,107年2月13日,四層,一層 二層 三層 四層
RPTNMLKKPHNFFBQ76CA,,196.75,住家用,鋼筋混凝土造,107年2月13日,四層,一層 二層 三層 四層
RPUNMLKKPHNFFBQ86CA,,195.10,住家用,鋼筋混凝土造,107年2月13日,四層,一層 二層 三層 四層
RPSNMLKKPHNFFBQ66CA,,179.19,住家用,鋼筋混凝土造,107年2月13日,四層,一層 二層 三層 四層
RPWNMLKKPHNFFBQ07CA,,197.61,住家用,鋼筋混凝土造,107年2月13日,四層,一層 二層 三層 四層
RPOOMLKKPHNFFBQ98CA,,220.54,住家用,鋼筋混凝土造,107年2月13日,四層,一層 二層 三層 四層
RPQOMLKKPHNFFBQ56CA,,207.65,住家用,鋼筋混凝土造,107年2月13日,四層,一層 二層 三層 四層
RPVNMLKKPHNFFBQ96CA,,177.76,住家用,鋼筋混凝土造,107年2月13日,四層,一層 二層 三層 四層
RPROMLKKPHNFFBQ66CA,,207.65,住家用,鋼筋混凝土造,107年2月13日,四層,一層 二層 三層 四層
RPXNMLKKPHNFFBQ17CA,,217.62,住家用,鋼筋混凝土造,107年2月13日,四層,一層 二層 三層 四層
RPPOMLKKPHNFFBQ09CA,,213.34,住家用,鋼筋混凝土造,107年2月13日,四層,一層 二層 三層 四層
RPXQMLKKPHNFFBQ47CA,,216.40,住家用,鋼筋混凝土造,107年2月13日,四層,一層 二層 三層 四層
RPUQMLKKPHNFFBQ17CA,,200.76,見其他登記事項,鋼筋混凝土造,107年2月13日,四層,一層 二層 三層 四層
RPXPMLKKPHNFFBQ37CA,,197.61,見其他登記事項,鋼筋混凝土造,107年2月13日,四層,一層 二層 三層 四層
RPORMLKKPHNFFBQ66CA,,212.97,住家用,鋼筋混凝土造,107年2月13日,四層,一層 二層 三層 四層
RPVQMLKKPHNFFBQ27CA,,195.71,見其他登記事項,鋼筋混凝土造,107年2月13日,四層,一層 二層 三層 四層
RPTQMLKKPHNFFBQ07CA,,202.49,見其他登記事項,鋼筋混凝土造,107年2月13日,四層,一層 二層 三層 四層
RPOQMLKKPHNFFBQ56CA,,195.11,見其他登記事項,鋼筋混凝土造,107年2月13日,四層,一層 二層 三層 四層
RPUOMLKKPHNFFBQ96CA,,215.06,見其他登記事項,鋼筋混凝土造,107年2月13日,四層,一層 二層 三層 四層
RPPQMLKKPHNFFBQ66CA,,202.08,見其他登記事項,鋼筋混凝土造,107年2月13日,四層,一層 二層 三層 四層
RPQNMLPKOHNFFCQ96CA,37,94.79,住家用,鋼筋混凝土加強磚造,70年7月10日,二層,一層 二層 電梯樓梯間
RPTNMLQLOHNFFCQ47CA,36,102.51,住家用,鋼筋混凝土加強磚造,70年12月30日,二層,一層 二層 騎樓 電梯樓梯間
RPQNMLTKOHNFFCQ37CA,31,156.63,住家用,鋼筋混凝土加強磚造,76年6月2日,二層,一層 二層 電梯樓梯間
SPQNMLOKOHNFFCQ96CA,16,99.84,見其他登記事項,鋼筋混凝土造,91年7月25日,五層,二層
RPQNMLOKOHNFFCQ86CA,16,103.63,見其他登記事項,鋼筋混凝土造,91年7月25日,五層,二層
RPSOMLNJPHNFFCQ07CA,36,100.68,住家用,鋼筋混凝土加強磚造,70年11月21日,二層,一層 二層 電梯樓梯間
RPQNMLKMOHNFFCQ66CA,6,222.71,見其他登記事項,鋼筋混凝土造,100年12月23日,四層,一層 二層 三層 四層 見其他登記事項
RPRNMLTLOHNFFCQ57CA,22,82.56,住家用,鋼筋混凝土造,85年2月9日,五層,一層 二層
RPRNMLTLOHNFFCQ57CA,22,.45,共有部份,鋼筋混凝土造,85年2月9日,五層,
RPRNMLTLOHNFFCQ57CA,22,1.48,共有部份,鋼筋混凝土造,85年2月9日,五層,
RPRNMLTLOHNFFCQ57CA,22,1.48,共有部份,鋼筋混凝土造,85年2月9日,五層,
RPRNMLTLOHNFFCQ57CA,22,1.36,共有部份,鋼筋混凝土造,85年2月9日,五層,
RPWNMLPKOHNFFDQ67CA,13,16.15,見其他登記事項,鋼筋混凝土造,94年8月15日,五層,五層
RPWNMLPKOHNFFDQ67CA,13,7.19,見其他登記事項,鋼筋混凝土造,94年8月15日,五層,
RPPNMLLLOHNFFDQ66CA,41,62.35,住家用,磚造,66年4月5日,一層,一層
RPTNMLTLOHNFFBQ67CA,,180.50,見其他登記事項,鋼筋混凝土造,107年3月7日,三層,一層 二層 三層 見其他登記事項
RPUNMLQLOHNFFDQ67CA,40,68.27,住家用,鋼筋混凝土加強磚造,67年1月20日,一層,一層
RPSNMLKMOHNFFDQ96CA,21,193.77,住家用,鋼筋混凝土造,86年1月3日,四層,一層 二層 三層 四層
RPSOMLTLOHNFFDQ87CA,37,104.13,住家用,鋼筋混凝土加強磚造,70年5月1日,二層,一層 二層 騎樓
RPPNMLLLOHNFFCQ56CA,38,168.09,住家用,鋼筋混凝土加強磚造,69年4月17日,三層,一層 二層 三層
RPUNMLSLOHNFFBQ67CA,3,204.01,見其他登記事項,鋼筋混凝土造,104年7月20日,四層,一層 二層 三層 四層
RPTOMLOJPHNFFCQ27CA,36,100.31,住家用,鋼筋混凝土加強磚造,71年8月2日,二層,一層 二層 騎樓
RPVNMLSLOHNFFDQ08DA,37,132.23,住商用,鋼筋混凝土加強磚造,70年10月17日,三層,一層 二層 三層 騎樓
RPVNMLTLOHNFFDQ08CA,25,214.00,見其他登記事項,鋼筋混凝土造,82年8月17日,三層,一層 二層 三層
RPQNMLQLOHNFFDQ27CA,27,125.66,住商用,鋼筋混凝土加強磚造,80年10月22日,二層,一層 二層
RPSNMLRLOHNFFDQ57CA,8,176.60,住家用,鋼筋混凝土造,99年2月2日,三層,一層 二層 三層
RPQNMLMLOHNFFDQ96DA,24,89.65,住家用,鋼筋混凝土造,82年12月17日,三層,一層 二層 三層
RPPNMLQKPHNFFCQ07CA,37,136.16,住家用,鋼筋混凝土加強磚造,70年2月1日,二層,一層 二層 電梯樓梯間
RPRNMLKMOHNFFCQ76CA,39,114.08,住家用,鋼筋混凝土加強磚造,68年11月13日,二層,一層 二層 騎樓
RPQNMLKKPHNFFBQ09CA,7,218.20,住家用,鋼筋混凝土造,100年5月27日,二層,一層 二層
RPQNMLQLOHNFFBQ07CA,36,121.34,住商用,鋼筋混凝土加強磚造,70年12月15日,二層,一層 二層
RPPNMLMLOHNFFCQ66CA,30,104.23,住商用,鋼筋混凝土加強磚造,77年1月21日,二層,一層 二層 騎樓 電梯樓梯間
RPTNMLNJPHNFFBQ96CA,25,167.98,住家用,鋼筋混凝土造,82年4月22日,三層,一層 二層 三層
RPPNMLMLOHNFFBQ56CA,11,515.74,見其他登記事項,鋼筋混凝土造,96年9月10日,五層,一層 二層 三層 四層 五層 地下一層
RPVOMLNJPHNFFCQ37CA,3,236.62,住家用,鋼筋混凝土造,104年10月19日,四層,一層 二層 三層 四層
RPRNMLNLOHNFFDQ07CA,37,62.34,住家用,鋼筋混凝土加強磚造,70年6月5日,一層,一層
RPQNMLNLOHNFFDQ96CA,24,100.60,見其他登記事項,鋼筋混凝土造,83年8月19日,七層,六層
RPQNMLNLOHNFFDQ96CA,24,21.52,見其他登記事項,鋼筋混凝土造,83年8月19日,七層,
RPQNMLNLOHNFFDQ96CA,24,10.90,見其他登記事項,鋼筋混凝土造,83年8月19日,七層,
RPXNMLLLOHNFFDQ47CA,13,19.73,見其他登記事項,鋼筋混凝土造,94年2月4日,五層,四層
RPXNMLLLOHNFFDQ47CA,13,7.22,見其他登記事項,鋼筋混凝土造,94年2月4日,五層,
RPRNMLLLOHNFFBQ66CA,3,422.32,見其他登記事項,鋼筋混凝土造,104年7月20日,三層,一層 二層 三層
RPRNMLLLOHNFFBQ66CA,3,1.00,見其他登記事項,鋼筋混凝土造,104年1月6日,一層,
RPVNMLLLOHNFFDQ27CA,38,131.56,住家用,鋼筋混凝土加強磚造,69年3月18日,二層,一層 二層
RPXNMLNJPHNFFDQ57CA,12,146.21,住家用,鋼筋混凝土造,94年12月29日,三層,一層 二層 三層
RPQNMLNJPHNFFDQ86CA,24,169.18,住商用,鋼筋混凝土造,83年2月15日,三層,一層 二層 三層
RPPNMLNLOHNFFEQ96CA,21,348.14,農舍,見其他登記事項,86年8月7日,三層,一層 二層 三層
RPWNMLQKPHNFFDQ87CA,23,114.30,住家用,鋼筋混凝土造,84年3月6日,三層,一層 二層 三層
RPXNMLQKPHNFFDQ97CA,37,149.88,住家用,鋼筋混凝土加強磚造,70年1月21日,二層,一層 二層
RPSNMLRJPHNFFEQ57CA,23,.36,住家用,鋼筋混凝土造,84年2月3日,一層,
RPSNMLRJPHNFFEQ57CA,23,195.29,住家用,鋼筋混凝土造,84年2月3日,四層,一層 二層 三層 四層 騎樓
RPPNMLSLOHNFFEQ67EA,27,179.31,住家用,鋼筋混凝土造,79年12月14日,四層,一層 二層 三層 四層
RPWNMLPLOHNFFDQ77CA,,203.80,見其他登記事項,鋼筋混凝土造,107年2月26日,三層,一層 二層 三層 見其他登記事項
RPQNMLNJPHNFFCQ76CA,24,257.55,住家用,鋼筋混凝土造,82年12月1日,四層,一層 二層 三層 四層 電梯樓梯間
RPSNMLPLOHNFFCQ27CA,1,208.05,見其他登記事項,鋼筋混凝土造,106年11月24日,四層,一層 二層 三層 四層
RPSNMLKMOHNFFCQ86CA,16,125.47,住家用,鋼筋混凝土造,91年1月14日,三層,一層 二層 三層
RPTNMLQLOHNFFBQ37CA,21,225.95,住商用,鋼筋混凝土造,86年2月19日,五層,一層 二層 三層 四層 五層
RPUNMLLJPHNFFDQ07CA,,188.16,住家用,見其他登記事項,106年12月18日,四層,一層 二層 三層 四層
RPQNMLLJPHNFFDQ66CA,,196.89,住家用,見其他登記事項,106年12月18日,四層,一層 二層 三層 四層
RPRNMLLJPHNFFDQ76CA,,190.97,住家用,見其他登記事項,106年12月18日,四層,一層 二層 三層 四層
RPVNMLLJPHNFFDQ17CA,,188.16,住家用,見其他登記事項,106年12月18日,四層,一層 二層 三層 四層
RPTNMLLJPHNFFDQ96CA,,188.16,住家用,見其他登記事項,106年12月18日,四層,一層 二層 三層 四層
RPWNMLLJPHNFFDQ27CA,,202.58,見其他登記事項,見其他登記事項,106年12月18日,三層,一層 二層 三層 見其他登記事項
RPPNMLRLOHNFFCQ17CA,11,21.15,見其他登記事項,鋼筋混凝土造,96年6月23日,五層,一層
RPPNMLRLOHNFFCQ17CA,11,7.03,見其他登記事項,鋼筋混凝土造,96年6月23日,五層,
RPSNMLRLOHNFFCQ47CA,16,100.13,見其他登記事項,鋼筋混凝土造,91年7月25日,五層,二層
RPSNMLRLOHNFFCQ47CA,16,15.40,見其他登記事項,鋼筋混凝土造,91年7月25日,五層,
RPSNMLRLOHNFFCQ47CA,16,33.34,停車空間,鋼筋混凝土造,91年7月25日,五層,
RPQNMLRLOHNFFCQ27CA,11,651.08,見其他登記事項,鋼筋混凝土造,96年6月11日,四層,一層 二層 三層 四層
RPVNMLQLOHNFFCQ67CA,36,91.23,住家用,鋼筋混凝土加強磚造,71年6月22日,二層,一層 二層 電梯樓梯間
RPPNMLRJPHNFFCQ07CA,24,231.40,住家用,鋼筋混凝土造,82年12月15日,四層,一層 二層 三層 四層
RPRNMLRKPHNFFBQ27CA,23,86.30,住家用,鋼筋混凝土造,84年7月4日,七層,一層
RPRNMLRKPHNFFBQ27CA,23,2.08,見其他登記事項,鋼筋混凝土造,84年7月4日,七層,
RPOOMLLJPHNFFDQ56CA,,188.02,住家用,見其他登記事項,106年12月18日,四層,一層 二層 三層 四層
RPXNMLLJPHNFFDQ37CA,,189.43,住家用,見其他登記事項,106年12月18日,四層,一層 二層 三層 四層
RPPOMLLJPHNFFDQ66CA,,185.16,住家用,見其他登記事項,106年12月18日,四層,一層 二層 三層 四層
RPSOMLLJPHNFFDQ96CA,,171.59,見其他登記事項,見其他登記事項,106年12月18日,三層,一層 二層 三層 見其他登記事項
RPPNMLSKPHNFFCQ27CA,35,83.66,住家用,鋼筋混凝土加強磚造,72年3月24日,二層,一層 二層 騎樓
RPVNMLSKPHNFFCQ97DA,41,122.77,住家用,鋼筋混凝土加強磚造,66年9月1日,二層,一層 二層 騎樓
RPPNMLQLOHNFFDQ17CA,41,46.02,住家用,鋼筋混凝土加強磚造,66年8月15日,二層,
RPPNMLQLOHNFFDQ17CA,41,46.02,住家用,鋼筋混凝土加強磚造,66年8月15日,二層,
RPRNMLPKPHNFFEQ37CA,2,234.33,見其他登記事項,鋼筋混凝土造,107年2月22日,四層,一層 二層 三層 四層
RPXNMLTJPHNFFDQ18CA,8,174.18,見其他登記事項,鋼筋混凝土造,99年2月2日,三層,一層 二層 三層 見其他登記事項
RPUNMLOJPHNFFDQ37CA,24,165.61,住家用,鋼筋混凝土造,83年6月20日,四層,一層 二層 三層 四層 地下層
RPUNMLOJPHNFFDQ37CA,24,23.07,共有部分,鋼筋混凝土造,83年6月20日,,
RPQNMLPKPHNFFEQ27CA,2,226.68,見其他登記事項,鋼筋混凝土造,107年2月22日,四層,一層 二層 三層 四層
RPPNMLKMOHNFFBQ09CA,,205.72,見其他登記事項,鋼筋混凝土造,107年3月7日,三層,一層 二層 三層 見其他登記事項
RPSNMLRLOHNFFBQ37CA,25,175.22,住家用,鋼筋混凝土造,82年3月20日,四層,一層 二層 三層 四層
RPUNMLQJPHNFFBQ37CA,,198.40,見其他登記事項,鋼筋混凝土造,107年3月7日,三層,一層 二層 三層 見其他登記事項
RPQNMLQLPHNFFDQ37CA,1,102.84,集合住宅,鋼筋混凝土造,106年4月21日,十六層,四層
RPQNMLQLPHNFFDQ37CA,1,16.41,見其他登記事項,鋼筋混凝土造,106年4月21日,十六層,
RPQNMLQLPHNFFDQ37CA,1,29.18,見其他登記事項,鋼筋混凝土造,106年4月21日,十六層,
RPQNMLQLPHNFFDQ37CA,1,29.87,見其他登記事項,鋼筋混凝土造,106年4月21日,十六層,
RPVNMLRLOHNFFBQ67CA,24,175.95,住家用,鋼筋混凝土加強磚造,83年2月23日,三層,一層 二層 三層
RPVNMLOJPHNFFDQ47CA,19,132.56,見其他登記事項,鋼筋混凝土造,88年5月31日,三層,一層 二層 三層
RPVNMLSLOHNFFBQ77CA,3,209.63,住家用,鋼筋混凝土造,104年2月17日,四層,一層 二層 三層 四層
RPPNMLNJPHNFFDQ86DA,19,124.14,住家用,鋼筋混凝土造,88年6月11日,三層,一層 二層 三層
RPSNMLMJPHNFFCQ07EA,37,72.36,住家用,鋼筋混凝土加強磚造,70年10月12日,一層,一層 騎樓
RPQNMLSLOHNFFEQ77EA,1,203.76,見其他登記事項,鋼筋混凝土造,106年6月27日,四層,一層 二層 三層 四層
RPSNMLQLPHNFFCQ47CA,36,168.87,住家用,鋼筋混凝土加強磚造,71年11月6日,二層,一層 二層 騎樓 電梯樓梯間
RPRNMLNJPHNFFDQ96CA,13,19.73,見其他登記事項,鋼筋混凝土造,94年2月4日,五層,一層
RPRNMLNJPHNFFDQ96CA,13,7.22,見其他登記事項,鋼筋混凝土造,94年2月4日,五層,
SPRNMLNJPHNFFDQ07CA,13,16.99,見其他登記事項,鋼筋混凝土造,94年2月4日,五層,五層
SPRNMLNJPHNFFDQ07CA,13,5.89,見其他登記事項,鋼筋混凝土造,94年2月4日,五層,
RPTNMLTLOHNFFDQ87CA,1,195.01,住家用,鋼筋混凝土造,106年6月12日,三層,一層 二層 三層 見其他登記事項
RPQOMLLJPHNFFDQ76CA,,168.94,見其他登記事項,見其他登記事項,106年12月18日,三層,一層 二層 三層 見其他登記事項
RPVNMLNKPHNFFDQ47CA,23,176.10,住家用,鋼筋混凝土造,84年10月17日,四層,一層 二層 三層 四層
RPSNMLNJPHNFFDQ07CA,13,19.73,見其他登記事項,鋼筋混凝土造,94年2月4日,五層,一層
RPSNMLNJPHNFFDQ07CA,13,8.78,見其他登記事項,鋼筋混凝土造,94年2月4日,五層,
SPSNMLNJPHNFFDQ17CA,13,17.13,見其他登記事項,鋼筋混凝土造,94年2月4日,五層,五層
SPSNMLNJPHNFFDQ17CA,13,7.17,見其他登記事項,鋼筋混凝土造,94年2月4日,五層,
RPRNMLNJPHNFFBQ76CA,4,170.88,住家用,鋼筋混凝土造,103年1月3日,三層,一層 二層 三層
RPQNMLTJPHNFFBQ27CA,12,15.06,住家用,鋼筋混凝土造,95年8月28日,八層,八層
RPQNMLTJPHNFFBQ27CA,12,4.20,共有部份,鋼筋混凝土造,95年8月28日,,
SPQNMLTJPHNFFBQ37CA,12,15.06,住家用,鋼筋混凝土造,95年8月28日,八層,八層
SPQNMLTJPHNFFBQ37CA,12,4.20,共有部份,鋼筋混凝土造,95年8月28日,,
RPUNMLMJPHNFFCQ07CA,20,138.05,住家用,鋼筋混凝土造,87年10月12日,三層,一層 二層 三層
RPRNMLOJPHNFFBQ86CA,12,19.72,住家用,鋼筋混凝土造,95年8月28日,八層,二層
RPRNMLOJPHNFFBQ86CA,12,4.75,共有部份,鋼筋混凝土造,95年8月28日,,
RPRNMLOJPHNFFBQ86CA,12,7.61,共有部份,鋼筋混凝土造,95年8月28日,,
RPVNMLOJPHNFFCQ37CA,6,222.02,住家用,鋼筋混凝土造,101年6月28日,三層,一層 二層 三層
RPPOMLNJPHNFFDQ86CA,13,19.73,見其他登記事項,鋼筋混凝土造,94年2月4日,五層,四層
RPPOMLNJPHNFFDQ86CA,13,7.22,見其他登記事項,鋼筋混凝土造,94年2月4日,五層,
SPPNMLKMOHNFFDQ76CA,14,16.52,住家用,鋼筋混凝土造,93年8月3日,五層,五層
SPPNMLKMOHNFFDQ76CA,14,.76,見其他登記事項,鋼筋混凝土造,93年8月3日,五層,
SPPNMLKMOHNFFDQ76CA,14,6.75,見其他登記事項,鋼筋混凝土造,93年8月3日,五層,
SPPNMLKMOHNFFDQ76CA,14,1.24,見其他登記事項,鋼筋混凝土造,93年8月3日,五層,
SPPNMLKMOHNFFDQ76CA,14,.69,見其他登記事項,鋼筋混凝土造,93年8月3日,五層,
SPPNMLKMOHNFFDQ76CA,14,.17,見其他登記事項,鋼筋混凝土造,93年8月3日,五層,
RPTNMLNJPHNFFDQ17CA,13,19.73,見其他登記事項,鋼筋混凝土造,94年2月4日,五層,四層
RPTNMLNJPHNFFDQ17CA,13,7.22,見其他登記事項,鋼筋混凝土造,94年2月4日,五層,
RPPNMLKMOHNFFDQ66CA,14,18.21,住家用,鋼筋混凝土造,93年8月3日,五層,五層
RPPNMLKMOHNFFDQ66CA,14,.84,見其他登記事項,鋼筋混凝土造,93年8月3日,五層,
RPPNMLKMOHNFFDQ66CA,14,7.53,見其他登記事項,鋼筋混凝土造,93年8月3日,五層,
RPPNMLKMOHNFFDQ66CA,14,1.38,見其他登記事項,鋼筋混凝土造,93年8月3日,五層,
RPPNMLKMOHNFFDQ66CA,14,.76,見其他登記事項,鋼筋混凝土造,93年8月3日,五層,
RPPNMLKMOHNFFDQ66CA,14,.19,見其他登記事項,鋼筋混凝土造,93年8月3日,五層,
RPPNMLOJPHNFFDQ86CA,24,209.56,住家用,鋼筋混凝土造,82年11月22日,三層,一層 二層 三層 夾層
RPPNMLPJPHNFFDQ07DA,38,90.10,住家用,鋼筋混凝土加強磚造,69年4月1日,二層,一層 二層
RPQNMLTJPHNFFDQ47CA,19,132.56,見其他登記事項,鋼筋混凝土造,88年5月31日,三層,一層 二層 三層
RPSNMLTJPHNFFCQ57CA,24,195.90,住家用,鋼筋混凝土造,83年1月20日,三層,一層 二層 三層 電梯樓梯間
RPPNMLLKPHNFFCQ56CA,29,185.07,住商用,鋼筋混凝土加強磚造,78年9月8日,三層,一層 二層 三層 騎樓
RPWNMLTJPHNFFDQ08CA,37,111.21,住家用,鋼筋混凝土加強磚造,70年5月1日,二層,一層 二層 騎樓
RPSNMLKKPHNFFDQ86CA,35,112.45,住家用,鋼筋混凝土加強磚造,72年10月1日,二層,一層 二層 騎樓
RPPNMLTLOHNFFCQ57EA,1,155.54,見其他登記事項,鋼筋混凝土造,106年10月20日,三層,一層 二層 三層 見其他登記事項
RPXNMLMKPHNFFCQ57DA,28,123.85,住家用,鋼筋混凝土造,78年12月9日,三層,一層 二層 三層
RPQNMLOLPHNFFDQ17CA,1,157.13,住家用,鋼筋混凝土造,106年9月20日,三層,一層 二層 三層 見其他登記事項
RPPNMLOLPHNFFDQ07CA,,188.66,住家用,鋼筋混凝土造,106年9月20日,三層,一層 二層 三層 見其他登記事項
RPPOMLOJPHNFFCQ07EA,39,165.59,住家用,見使用執照,68年11月15日,三層,一層 二層 三層
RPVNMLOJPHNFFCQ57EA,,195.57,見其他登記事項,鋼筋混凝土造,107年5月15日,三層,一層 二層 三層 見其他登記事項
RPUNMLOJPHNFFCQ47EA,,201.16,見其他登記事項,鋼筋混凝土造,107年5月15日,三層,一層 二層 三層 見其他登記事項
RPTNMLOJPHNFFCQ37EA,,195.57,見其他登記事項,鋼筋混凝土造,107年5月15日,三層,一層 二層 三層 見其他登記事項
RPSNMLOJPHNFFCQ27EA,,245.49,見其他登記事項,鋼筋混凝土造,107年5月15日,三層,一層 二層 三層 見其他登記事項
RPPNMLOJPHNFFCQ96EA,,211.53,見其他登記事項,鋼筋混凝土造,107年5月15日,三層,一層 二層 三層 見其他登記事項
RPQNMLOJPHNFFCQ07EA,,195.31,見其他登記事項,鋼筋混凝土造,107年5月15日,三層,一層 二層 三層 見其他登記事項
RPRNMLOJPHNFFCQ17EA,,201.26,見其他登記事項,鋼筋混凝土造,107年5月15日,三層,一層 二層 三層 見其他登記事項
RPWNMLOJPHNFFCQ67EA,,209.12,見其他登記事項,鋼筋混凝土造,107年5月15日,三層,一層 二層 三層 見其他登記事項
RPOOMLOJPHNFFCQ96EA,,201.18,見其他登記事項,鋼筋混凝土造,107年5月15日,三層,一層 二層 三層 見其他登記事項
RPSNMLLMPHNFFCQ27EA,38,111.96,住家用,鋼筋混凝土加強磚造,69年11月18日,二層,一層 二層 騎樓 電梯樓梯間
RPVNMLQJPHNFFBQ47CA,,197.80,見其他登記事項,鋼筋混凝土造,107年3月7日,三層,一層 二層 三層 見其他登記事項
RPVNMLNJPHNFFDQ37CA,25,2.01,見其他登記事項,鋼筋混凝土造,82年10月6日,九層,
RPVNMLNJPHNFFDQ37CA,25,.31,見其他登記事項,鋼筋混凝土造,82年10月6日,9,
RPVNMLNJPHNFFDQ37CA,25,13.34,見其他登記事項,鋼筋混凝土造,82年10月6日,9,
RPVNMLNJPHNFFDQ37CA,25,86.01,見其他登記事項,鋼筋混凝土造,82年10月6日,九層,七層
RPVNMLNJPHNFFDQ37CA,25,10.91,見其他登記事項,鋼筋混凝土造,82年10月6日,九層,
RPPNMLTJPHNFFCQ27CA,,165.94,住商用,見其他登記事項,,二層,一層 二層
RPSOMLOJPHNFFBQ07CA,24,171.02,住商用,鋼筋混凝土造,83年6月16日,三層,一層 二層 三層
RPPNMLSJPHNFFCQ17CA,16,125.47,住家用,鋼筋混凝土造,91年1月14日,三層,一層 二層 三層
RPPNMLQLPHNFFDQ27CA,40,45.38,住商用,鋼筋混凝土加強磚造,67年7月20日,二層,一層 二層
RPPNMLQLPHNFFDQ27CA,40,43.96,住商用,鋼筋混凝土加強磚造,67年7月20日,二層,一層 二層
RPRNMLPJPHNFFCQ07CA,25,104.10,國民住宅,鋼筋混凝土造,82年2月17日,五層,四層
RPRNMLQJPHNFFDQ27CA,24,194.73,住商用,鋼筋混凝土造,83年3月3日,三層,一層 二層 三層 騎樓
RPUOMLOJPHNFFCQ37CA,35,53.76,住家用,鋼筋混凝土加強磚造,72年6月20日,二層,一層 二層 騎樓 電梯樓梯間
RPUOMLOJPHNFFCQ37CA,35,53.76,住家用,鋼筋混凝土加強磚造,72年6月20日,二層,一層 二層 騎樓 電梯樓梯間
RPUNMLTKPHNFFDQ08DA,38,104.41,住家用,鋼筋混凝土加強磚造,69年9月10日,二層,一層 二層
RPXNMLOJPHNFFCQ77EA,,97.80,見其他登記事項,鋼筋混凝土造,107年5月15日,三層,一層 二層 三層 見其他登記事項
RPUNMLNKPHNFFDQ37CA,41,77.46,住家用,磚造,66年8月13日,一層,一層
RPQNMLOKPHNFFDQ07CA,3,172.45,見其他登記事項,鋼筋混凝土造,104年3月18日,三層,一層 二層 三層 見其他登記事項
RPSNMLNLPHNFFCQ17CA,37,100.63,住家用,鋼筋混凝土加強磚造,70年2月1日,二層,一層 二層 電梯樓梯間
RPUNMLKMPHNFFDQ27CA,36,119.48,住商用,鋼筋混凝土加強磚造,71年7月9日,二層,一層 二層
RPUNMLNKPHNFFCQ27CA,26,85.07,住家用,鋼筋混凝土造,81年11月30日,五層,五層
RPUNMLNKPHNFFCQ27CA,26,8.68,共有部份,鋼筋混凝土造,81年11月30日,地下層,
RPUNMLNKPHNFFCQ27CA,26,6.94,共有部份,鋼筋混凝土造,81年11月30日,五層,
RPVNMLKMPHNFFDQ37CA,2,204.42,見其他登記事項,鋼筋混凝土造,105年8月31日,三層,一層 二層 三層 見其他登記事項
RPTNMLPJPHNFFCQ27CA,25,210.77,住家用,鋼筋混凝土造,82年12月15日,四層,一層 二層 三層 四層
RPPNMLOLPHNFFBQ86CA,45,93.93,住家用,見其他登記事項,62年4月15日,一層,一層
RPWOMLKKPHNFFBQ17CA,,173.30,住家用,鋼筋混凝土造,107年2月13日,四層,一層 二層 三層 四層
RPTNMLQLPHNFFCQ57CA,3,216.11,見其他登記事項,鋼筋混凝土造,104年11月26日,三層,一層 二層 三層 見其他登記事項
RPVNMLPJPHNFFDQ57CA,,246.48,住家用,見其他登記事項,107年3月30日,四層,一層 二層 三層 四層 地下一層
RPVNMLQJPHNFFCQ57CA,1,181.79,住家用,鋼筋混凝土造,106年6月28日,三層,一層 二層 三層
RPTNMLNKPHNFFCQ17CA,38,50.05,住家用,鋼筋混凝土加強磚造,69年4月30日,二層,一層 二層 騎樓
RPTNMLNKPHNFFCQ17CA,38,50.05,住家用,鋼筋混凝土加強磚造,69年4月30日,二層,一層 二層 騎樓
RPSNMLLKPHNFFCQ86CA,52,301.40,商業用,加強磚造,55年4月1日,一層,一層 騎樓
RPRNMLQJPHNFFCQ37EA,,201.16,見其他登記事項,鋼筋混凝土造,107年5月15日,三層,一層 二層 三層 見其他登記事項
RPSNMLQJPHNFFCQ47EA,,195.72,見其他登記事項,鋼筋混凝土造,107年5月15日,三層,一層 二層 三層 見其他登記事項
RPTNMLQJPHNFFCQ57EA,,209.12,見其他登記事項,鋼筋混凝土造,107年5月15日,三層,一層 二層 三層 見其他登記事項
RPRNMLTKPHNFFCQ57CA,37,57.35,住家用,鋼筋混凝土加強磚造,70年10月14日,一層,一層
RPTNMLTJPHNFFDQ77CA,39,102.13,住家用,鋼筋混凝土加強磚造,68年7月1日,二層,一層 二層
RPPNMLSJPHNFFEQ37CA,29,88.96,商業用,鐵造,78年4月19日,一層,一層
RPUNMLMKPHNFFCQ17CA,34,136.60,住商用,鋼筋混凝土加強磚造,73年1月6日,三層,一層 二層 三層 騎樓 電梯樓梯間
RPWNMLNKPHNFFCQ47CA,38,100.31,住家用,鋼筋混凝土加強磚造,69年5月6日,二層,一層 二層 騎樓
RPRNMLOKPHNFFDQ17CA,41,51.29,住家用,磚造,66年11月25日,一層,一層
RPWPMLKKPHNFFBQ27CA,,173.65,見其他登記事項,鋼筋混凝土造,107年2月13日,四層,一層 二層 三層 四層
RPRNMLTJPHNFFDQ57CA,36,149.28,住商用,鋼筋混凝土加強磚造,71年6月9日,三層,一層 二層 三層
RPTNMLNJQHNFFCQ17CA,38,119.60,住家用,鋼筋混凝土加強磚造,69年8月5日,二層,一層 二層 騎樓
RPPOMLQJQHNFFDQ27CA,1,151.93,住家用,鋼筋混凝土造,106年10月6日,二層,一層 二層 見其他登記事項
RPRNMLLMPHNFFDQ07CA,14,141.70,住家用,鋼筋混凝土造,93年4月15日,四層,一層 二層 三層 四層
RPPNMLKKPHNFFCQ09CA,37,100.38,住商用,鋼筋混凝土加強磚造,70年11月17日,二層,一層 二層 騎樓
RPUNMLLMPHNFFCQ27CA,37,97.16,住家用,鋼筋混凝土加強磚造,70年9月23日,二層,一層 二層
RPWNMLLJQHNFFEQ47CA,39,104.76,住家用,鋼筋混凝土加強磚造,68年1月25日,二層,一層 二層
RPPNMLQJQHNFFEQ27CA,39,102.11,住家用,鋼筋混凝土加強磚造,68年1月25日,二層,一層 二層
RPUNMLSLPHNFFCQ87CA,36,121.17,住家用,鋼筋混凝土加強磚造,70年12月17日,二層,一層 二層 電梯樓梯間
RPPNMLNKPHNFFDQ86CA,23,198.57,住家用,鋼筋混凝土造,84年5月18日,四層,一層 二層 三層 四層
RPRNMLRKPHNFFDQ47CA,3,138.24,見其他登記事項,見其他登記事項,104年9月10日,三層,一層 二層 三層 見其他登記事項
RPSNMLRKPHNFFCQ67EA,35,144.29,住家用,鋼筋混凝土加強磚造,72年8月1日,二層,一層 二層 電梯樓梯間
RPPOMLLJQHNFFCQ66CA,36,118.25,住家用,鋼筋混凝土加強磚造,70年12月11日,二層,一層 二層 電梯樓梯間
RPROMLLJQHNFFCQ86CA,24,97.42,見其他登記事項,鋼筋混凝土造,83年8月8日,十一層,十層
RPROMLLJQHNFFCQ86CA,24,15.71,共有部份,鋼筋混凝土造,83年8月8日,十一層,
RPROMLLJQHNFFCQ86CA,24,19.30,共有部份,鋼筋混凝土造,83年8月8日,十一層,
RPQNMLLKPHNFFCQ66CA,75,20.74,見其他登記事項,見其他登記事項,32年6月1日,一層,一層
RPSOMLLJQHNFFDQ07CA,38,105.70,住家用,鋼筋混凝土加強磚造,69年1月18日,二層,一層 二層 騎樓
RPRNMLLKPHNFFCQ76CA,25,214.10,見其他登記事項,鋼筋混凝土造,82年4月19日,三層,一層 二層 三層 水箱 電梯樓梯間 地下層
RPTNMLLJQHNFFBQ86CA,,87.24,見其他登記事項,鋼筋混凝土造,107年3月7日,三層,一層 二層 三層 見其他登記事項
RPRNMLOLPHNFFBQ07CA,24,77.66,住商用,見其他登記事項,82年12月29日,三層,一層 二層 三層 騎樓
RPVNMLKLPHNFFDQ27CA,24,203.49,見其他登記事項,鋼筋混凝土造,83年8月19日,七層,一層 二層 三層 地下層
SPVNMLKLPHNFFDQ37CA,24,207.45,見其他登記事項,鋼筋混凝土造,83年8月19日,七層,一層 二層 三層 地下層
RPQNMLQJQHNFFDQ27CA,1,191.02,見其他登記事項,鋼筋混凝土造,106年10月7日,四層,一層 二層 三層 四層
RPPNMLKLPHNFFBQ09CA,7,405.30,住家用,鋼筋混凝土造,100年8月4日,四層,一層 二層 三層 四層
RPQNMLRJQHNFFBQ17CA,26,266.44,住家用,鋼筋混凝土加強磚造,81年1月20日,四層,一層 二層 三層 四層
RPPNMLSLPHNFFBQ27CA,34,97.67,住家用,鋼筋混凝土加強磚造,72年12月31日,二層,一層 二層 騎樓
RPTNMLQJQHNFFDQ57CA,1,191.02,見其他登記事項,鋼筋混凝土造,106年10月7日,四層,一層 二層 三層 四層
RPUNMLQJQHNFFDQ67CA,1,206.10,見其他登記事項,鋼筋混凝土造,106年10月7日,四層,一層 二層 三層 四層
RPRNMLQJQHNFFDQ37CA,1,191.02,見其他登記事項,鋼筋混凝土造,106年10月7日,四層,一層 二層 三層 四層
RPSNMLQJQHNFFDQ47CA,1,191.02,見其他登記事項,鋼筋混凝土造,106年10月7日,四層,一層 二層 三層 四層
RPTNMLLKPHNFFDQ07CA,,188.16,住家用,見其他登記事項,106年12月18日,四層,一層 二層 三層 四層
RPSNMLQKPHNFFEQ57CA,37,71.33,住家用,磚造,70年4月1日,一層,一層
RPSNMLNKPHNFFEQ27CA,,191.42,見其他登記事項,鋼筋混凝土造,107年2月22日,四層,一層 二層 三層 四層
RPPNMLTKPHNFFEQ57CA,33,121.16,住商用,鋼筋混凝土加強磚造,74年4月23日,二層,一層 二層 騎樓
RPTNMLMJQHNFFCQ07CA,19,204.93,見其他登記事項,鋼筋混凝土造,88年4月27日,四層,一層 二層 三層 四層
RPRNMLRKPHNFFCQ47DA,23,178.39,住商用,鋼筋混凝土造,84年2月17日,三層,一層 二層 三層 電梯樓梯間 夾層
RPWOMLQJQHNFFDQ97CA,24,88.56,見其他登記事項,鋼筋混凝土造,83年8月19日,七層,四層
RPPNMLLLPHNFFCQ66CA,25,155.13,住家用,鋼筋混凝土造,82年12月21日,三層,一層 二層 三層
RPPNMLQKPHNFFDQ27DA,6,116.38,見其他登記事項,見其他登記事項,101年2月21日,二層,
RPQNMLTKPHNFFCQ47CA,38,49.56,住家用,磚造,69年6月11日,一層,一層
RPTNMLSKPHNFFDQ87DA,37,99.36,住商用,鋼筋混凝土加強磚造,69年12月27日,二層,一層 二層
RPPNMLRKPHNFFBQ07CA,38,131.60,住家用,鋼筋混凝土加強磚造,69年7月15日,三層,一層 二層 三層 騎樓
RPVNMLTKPHNFFDQ08CA,38,105.56,住家用,鋼筋混凝土加強磚造,69年1月18日,二層,一層 二層 騎樓
RPXNMLSKPHNFFBQ97CA,40,150.51,住家用,鋼筋混凝土加強磚造,67年9月15日,三層,一層 二層 三層 騎樓
RPUNMLSKPHNFFCQ77CA,27,300.64,住商用,見其他登記事項,80年8月3日,三層,一層 二層 三層 騎樓 電梯樓梯間
RPSNMLSKPHNFFBQ47CA,,155.78,見其他登記事項,鋼筋混凝土加強磚造,107年2月7日,三層,一層 二層 三層 見其他登記事項
RPPNMLLLPHNFFDQ76CA,43,116.89,住家用,木造,63年12月16日,二層,一層 二層 騎樓
RPPNMLLLPHNFFBQ56CA,,216.82,住家用,鋼筋混凝土造,107年2月13日,四層,一層 二層 三層 四層
RPVNMLSKPHNFFBQ77CA,34,116.71,住家用,鋼筋混凝土加強磚造,73年12月1日,二層,一層 二層 騎樓
RPQNMLLLPHNFFBQ66CA,,196.86,見其他登記事項,鋼筋混凝土造,107年2月13日,四層,一層 二層 三層 四層
RPUNMLRKPHNFFCQ67CA,21,87.03,住商用,鋼筋混凝土造,86年8月16日,三層,一層 二層 三層 電梯樓梯間
RPUNMLRKPHNFFCQ67CA,21,87.03,住商用,鋼筋混凝土造,86年8月16日,三層,一層 二層 三層 電梯樓梯間
RPQNMLOJQHNFFDQ07CA,23,161.10,住家用,鋼筋混凝土造,84年8月14日,三層,一層 二層 三層
RPQNMLNLPHNFFCQ17EA,35,113.35,住家用,鋼筋混凝土加強磚造,72年5月3日,二層,一層 二層
RPUNMLRJQHNFFEQ87CA,1,171.73,見其他登記事項,鋼筋混凝土造,106年12月19日,三層,一層 二層 三層
RPRNMLKMPHNFFEQ07CA,,159.75,見其他登記事項,鋼筋混凝土造,106年12月21日,三層,一層 二層 三層 見其他登記事項
RPPNMLKMPHNFFEQ86CA,2,304.09,見其他登記事項,鋼筋混凝土造,106年12月21日,三層,一層 二層 三層
RPSNMLKMPHNFFEQ17CA,,155.07,見其他登記事項,鋼筋混凝土造,106年12月21日,三層,一層 二層 三層 見其他登記事項
RPQNMLKMPHNFFEQ96CA,2,159.01,見其他登記事項,鋼筋混凝土造,106年12月21日,三層,一層 二層 三層 見其他登記事項
RPTNMLLMPHNFFDQ27CA,,168.99,住家用,鋼筋混凝土造,107年5月22日,四層,一層 二層 三層 四層
RPXNMLLJQHNFFDQ47CA,,169.23,住家用,鋼筋混凝土造,107年5月22日,四層,一層 二層 三層 四層
RPRNMLOKQHNFFDQ27CA,1,29.87,見其他登記事項,鋼筋混凝土造,106年4月21日,十六層,
RPSNMLLJQHNFFDQ96CA,,175.27,住家用,鋼筋混凝土造,107年5月22日,四層,一層 二層 三層 四層
RPRNMLLJQHNFFDQ86CA,,168.47,住家用,鋼筋混凝土造,107年5月22日,四層,一層 二層 三層 四層
RPQNMLMLPHNFFDQ96CA,,177.33,住家用,鋼筋混凝土造,107年5月22日,四層,一層 二層 三層 四層
RPRNMLPLPHNFFDQ37CA,,172.03,住家用,鋼筋混凝土造,107年5月22日,四層,一層 二層 三層 四層
RPSNMLPLPHNFFDQ47CA,,166.65,住家用,鋼筋混凝土造,107年5月22日,四層,一層 二層 三層 四層
RPPNMLPLPHNFFDQ17CA,,170.50,住家用,鋼筋混凝土造,107年5月22日,四層,一層 二層 三層 四層
RPUNMLLJQHNFFBQ96CA,,182.58,見其他登記事項,鋼筋混凝土造,107年3月7日,三層,一層 二層 三層 見其他登記事項
RPPOMLRLPHNFFDQ47CA,1,147.90,見其他登記事項,鋼筋混凝土造,106年12月22日,三層,一層 二層 三層 見其他登記事項
RPQNMLKLPHNFFBQ56CA,23,187.01,住商用,鋼筋混凝土造,84年10月26日,三層,一層 二層 三層
RPOOMLRLPHNFFDQ37CA,1,160.05,見其他登記事項,鋼筋混凝土造,106年12月22日,三層,一層 二層 三層 見其他登記事項
RPXNMLLMPHNFFDQ67CA,12,189.50,見其他登記事項,鋼筋混凝土造,95年1月25日,三層,一層 二層 三層
RPTNMLOKQHNFFBQ27CA,13,16.65,住家用,鋼筋混凝土造,94年10月3日,十層,五層
RPTNMLOKQHNFFBQ27CA,13,.10,見其他登記事項,鋼筋混凝土造,94年10月3日,十層,
RPTNMLOKQHNFFBQ27CA,13,8.78,見其他登記事項,鋼筋混凝土造,94年10月3日,十層,
RPTNMLLMPHNFFCQ17CA,28,14.68,農舍,鋼造,79年5月11日,一層,一層
RPOOMLLJQHNFFCQ56CA,40,99.63,住家用,鋼筋混凝土加強磚造,67年3月23日,二層,一層 二層
RPSNMLLJQHNFFCQ86CA,18,263.18,農舍,鋼筋混凝土造,88年12月21日,二層,一層 二層 電梯樓梯間
RPTNMLKLPHNFFDQ17DA,20,82.81,住家用,鋼筋混凝土造,87年11月24日,三層,一層 二層 三層
RPPNMLOLPHNFFCQ07DA,37,98.81,住家用,鋼筋混凝土加強磚造,70年10月15日,二層,一層 二層
RPUNMLNKQHNFFDQ47CA,15,169.80,住家用,鋼筋混凝土造,92年10月31日,三層,一層 二層 三層
RPQNMLNLPHNFFEQ37EA,36,56.53,住家用,磚造,71年6月7日,一層,一層
RPQNMLLMPHNFFEQ07CA,25,37.23,住家用,鋼筋混凝土造,82年4月1日,十八層,十四層
RPQNMLLMPHNFFEQ07CA,25,7.34,見其他登記事項,鋼筋混凝土造,82年4月1日,十八層,
RPQNMLLMPHNFFEQ07CA,25,1.75,見其他登記事項,鋼筋混凝土造,82年4月1日,,
RPQOMLLJQHNFFCQ76CA,23,174.77,住家用,鋼筋混凝土造,84年7月19日,四層,一層 二層 三層 四層 電梯樓梯間
RPVNMLRJQHNFFEQ97CA,1,180.69,見其他登記事項,鋼筋混凝土造,106年12月19日,三層,一層 二層 三層
RPRNMLQKQHNFFDQ47CA,25,122.48,住家用,加強磚造,82年5月17日,二層,一層 二層
RPTNMLPLPHNFFDQ57CA,,192.18,住家用,鋼筋混凝土造,107年3月13日,四層,一層 二層 三層 四層
RPUNMLKLPHNFFDQ17CA,19,161.60,住家用,鋼筋混凝土造,88年6月5日,三層,一層 二層 三層
RPUNMLQLPHNFFCQ67CA,36,111.71,住家用,鋼筋混凝土加強磚造,70年12月29日,二層,一層 二層
RPRNMLOKQHNFFBQ07CA,13,16.76,住家用,鋼筋混凝土造,94年10月3日,十層,二層
RPRNMLOKQHNFFBQ07CA,13,.10,見其他登記事項,鋼筋混凝土造,94年10月3日,十層,
RPRNMLOKQHNFFBQ07CA,13,8.83,見其他登記事項,鋼筋混凝土造,94年10月3日,十層,
RPVNMLOKQHNFFBQ47CA,22,171.33,住家用,鋼筋混凝土造,85年8月15日,十四層,七層 八層
RPVNMLOKQHNFFBQ47CA,22,64.67,見其他登記事項,鋼筋混凝土造,85年8月15日,十四層,
RPPNMLPKQHNFFDQ17CA,2,222.79,見其他登記事項,鋼筋混凝土造,105年8月31日,三層,一層 二層 三層 見其他登記事項
RPWNMLKMPHNFFDQ47CA,38,131.56,住家用,鋼筋混凝土加強磚造,69年3月18日,二層,一層 二層
RPXNMLKKQHNFFDQ47CA,39,104.36,住家用,鋼筋混凝土加強磚造,68年6月30日,二層,一層 二層 騎樓
RPQNMLOKQHNFFCQ07CA,36,111.71,住家用,鋼筋混凝土加強磚造,70年12月29日,二層,一層 二層
RPPNMLQLPHNFFEQ37CA,4,188.43,住家用,鋼筋混凝土造,103年12月22日,四層,一層 二層 三層 四層
RPQNMLPLPHNFFEQ37CA,24,245.75,住家用,鋼筋混凝土造,83年1月12日,四層,一層 二層 三層 四層
RPQNMLPLPHNFFEQ37CA,24,2.48,住家用,鋼筋混凝土造,83年4月7日,三層,
RPVNMLLMPHNFFCQ37CA,20,160.82,住家用,鋼筋混凝土造,87年11月23日,三層,一層 二層 三層 電梯樓梯間
RPUNMLLMPHNFFDQ37CA,,167.36,住家用,鋼筋混凝土造,107年5月22日,四層,一層 二層 三層 四層
RPSNMLLMPHNFFDQ17CA,,162.13,住家用,鋼筋混凝土造,107年5月22日,四層,一層 二層 三層 四層
RPPNMLQLPHNFFCQ17CA,23,98.00,住商用,鋼筋混凝土加強磚造,84年4月25日,二層,一層 二層 電梯樓梯間
RPVNMLLJQHNFFDQ27CA,,168.92,住家用,鋼筋混凝土造,107年5月22日,四層,一層 二層 三層 四層
RPWNMLLJQHNFFDQ37CA,,170.03,住家用,鋼筋混凝土造,107年5月22日,四層,一層 二層 三層 四層
RPTOMLLJQHNFFDQ17CA,14,17.07,見其他登記事項,鋼筋混凝土造,93年6月9日,五層,二層
RPTOMLLJQHNFFDQ17CA,14,5.80,見其他登記事項,鋼筋混凝土造,93年6月9日,五層,
RPRNMLNJQHNFFDQ07CA,5,157.90,見其他登記事項,鋼筋混凝土造,101年11月22日,三層,一層 二層 三層 見其他登記事項
RPQNMLQLPHNFFCQ27CA,2,129.63,見其他登記事項,鋼筋混凝土造,105年6月28日,四層,一層 二層 三層 四層
RPQNMLQLPHNFFCQ27CA,2,129.63,見其他登記事項,鋼筋混凝土造,105年6月28日,四層,一層 二層 三層 四層
RPRNMLTLPHNFFDQ77CA,,169.26,住家用,鋼筋混凝土造,107年5月22日,四層,一層 二層 三層 四層
RPQNMLTLPHNFFDQ67CA,,169.73,住家用,鋼筋混凝土造,107年5月22日,四層,一層 二層 三層 四層
RPVNMLMJQHNFFBQ17CA,23,163.48,住商用,見其他登記事項,84年3月20日,四層,一層 二層 三層 四層
RPUNMLLMPHNFFBQ17CA,12,15.06,住家用,鋼筋混凝土造,95年8月28日,八層,二層
RPUNMLLMPHNFFBQ17CA,12,4.20,共有部份,鋼筋混凝土造,95年8月28日,,
RPUNMLLMPHNFFBQ17CA,12,5.78,共有部份,鋼筋混凝土造,95年8月28日,,
RPUNMLRJQHNFFDQ77CA,24,297.12,住商用,鋼筋混凝土造,83年6月25日,三層,一層 二層 三層
RPXNMLLMPHNFFCQ57CA,24,33.57,住家用,鋼筋混凝土造,83年8月1日,五層,四層
RPXNMLLMPHNFFCQ57CA,24,6.88,共有部份,鋼筋混凝土造,83年8月1日,五層,
RPOOMLOKQHNFFDQ07CA,32,108.38,住家用,鋼筋混凝土加強磚造,75年2月5日,二層,一層 二層
RPPNMLNJQHNFFDQ86CA,1,178.55,住家用,鋼筋混凝土造,106年10月18日,三層,一層 二層 三層 見其他登記事項
RPWNMLLMPHNFFDQ57CA,23,198.57,住家用,鋼筋混凝土造,84年5月18日,四層,一層 二層 三層 四層
RPTOMLRLPHNFFCQ87DA,43,82.66,住家用,加強磚造,64年5月1日,二層,一層 二層
RPRNMLQKQHNFFEQ57CA,1,244.22,見其他登記事項,鋼筋混凝土造,107年2月22日,四層,一層 二層 三層 四層 地下一層
RPTNMLKKQHNFFEQ17CA,36,100.73,住家用,鋼筋混凝土加強磚造,71年12月17日,二層,一層 二層
RPUOMLRLPHNFFCQ97DA,42,81.45,住家用,加強磚造,65年4月1日,二層,一層 二層
RPWOMLRLPHNFFCQ08CA,36,111.08,住商用,鋼筋混凝土加強磚造,70年12月31日,二層,一層 二層 騎樓 電梯樓梯間
RPWNMLOKQHNFFDQ77CA,36,118.99,住家用,鋼筋混凝土加強磚造,71年8月12日,三層,一層 二層 三層
RPTNMLMJQHNFFDQ17CA,24,152.10,住家用,鋼筋混凝土造,83年11月23日,四層,一層 二層 三層 四層
RPVNMLQLPHNFFDQ87CA,,215.40,住家用,鋼筋混凝土造,107年3月13日,四層,一層 二層 三層 四層
RPXNMLQLPHNFFDQ08CA,,193.24,住家用,鋼筋混凝土造,107年3月13日,四層,一層 二層 三層 四層
RPWNMLQLPHNFFDQ97CA,,196.91,住家用,鋼筋混凝土造,107年3月13日,四層,一層 二層 三層 四層
RPUNMLNKQHNFFCQ37CA,42,55.33,住家用,磚造,65年3月20日,一層,一層
RPTNMLQLPHNFFDQ67CA,,202.77,住家用,鋼筋混凝土造,107年3月13日,四層,一層 二層 三層 四層
RPQOMLOKQHNFFDQ27CA,10,570.72,見其他登記事項,鋼筋混凝土造,97年8月4日,五層,一層 二層 三層 四層 五層
RPPNMLTKQHNFFBQ37CA,12,19.19,住家用,鋼筋混凝土造,95年8月28日,八層,七層
RPPNMLTKQHNFFBQ37CA,12,7.43,共有部份,鋼筋混凝土造,95年8月28日,,
RPPNMLTKQHNFFBQ37CA,12,4.60,共有部份,鋼筋混凝土造,95年8月28日,,
RPQNMLTJQHNFFBQ37CA,39,125.65,住家用,鋼筋混凝土加強磚造,68年4月26日,二層,一層 二層 騎樓
RPPNMLRJQHNFFBQ07CA,4,294.25,見其他登記事項,鋼筋混凝土造,103年10月24日,三層,一層 二層 三層
RPPNMLRJQHNFFBQ07CA,3,1.00,見其他登記事項,鋼筋混凝土造,104年1月6日,一層,
RPOOMLQJQHNFFDQ17CA,,162.62,住房,鋼筋混凝土造,107年5月22日,四層,一層 二層 三層 四層
RPQNMLTJQHNFFDQ57CA,,169.25,住家用,鋼筋混凝土造,107年5月22日,四層,一層 二層 三層 四層
RPUNMLKKQHNFFDQ17CA,,168.61,住家用,鋼筋混凝土造,107年5月22日,四層,一層 二層 三層 四層
RPRNMLTJQHNFFDQ67CA,,162.63,住家用,鋼筋混凝土造,107年5月22日,四層,一層 二層 三層 四層
RPOOMLLMPHNFFBQ76DA,63,9.00,住商用,見其他登記事項,44年7月15日,二層,一層 二層
RPPNMLLJQHNFFEQ76CA,2,159.75,見其他登記事項,鋼筋混凝土造,106年12月21日,三層,一層 二層 三層 見其他登記事項
RPQNMLLJQHNFFEQ86CA,2,163.89,見其他登記事項,鋼筋混凝土造,106年12月21日,三層,一層 二層 三層 見其他登記事項
RPRNMLOKQHNFFCQ17CA,38,100.10,住家用,鋼筋混凝土加強磚造,69年4月30日,二層,一層 二層 騎樓
RPSNMLKMPHNFFCQ96CA,22,113.68,住商用,鋼筋混凝土造,85年4月15日,四層,一層 二層 三層 四層 騎樓 電梯樓梯間
RPSNMLLJQHNFFEQ27EA,36,105.89,住商用,鋼筋混凝土加強磚造,71年10月23日,二層,一層 二層 騎樓
RPPNMLLJQHNFFBQ09CA,29,183.03,住商用,鋼筋混凝土加強磚造,78年6月1日,三層,一層 二層 三層 騎樓
RPOOMLSJQHNFFDQ37CA,22,82.37,住家用,見其他登記事項,85年4月29日,一層,一層
RPPOMLLMPHNFFBQ76CA,,167.12,見其他登記事項,鋼筋混凝土加強磚造,107年2月7日,三層,一層 二層 三層 見其他登記事項
RPPOMLLJQHNFFDQ76CA,7,165.90,見其他登記事項,鋼筋混凝土造,100年9月15日,三層,一層 二層 三層 見其他登記事項
SPPOMLLMPHNFFBQ86CA,,166.91,見其他登記事項,鋼筋混凝土加強磚造,107年2月7日,三層,一層 二層 三層 見其他登記事項
TPPOMLLMPHNFFBQ96CA,,155.78,見其他登記事項,鋼筋混凝土加強磚造,107年2月7日,三層,一層 二層 三層 見其他登記事項
RPSNMLSLQHNFFBQ67CA,10,259.64,見其他登記事項,鋼筋混凝土造,97年4月8日,四層,一層 二層 三層 四層 地下一層
RPSNMLSLQHNFFBQ67CA,10,4.08,見其他登記事項,鋼筋混凝土造,97年4月8日,三層,
RPSNMLSLQHNFFBQ67CA,10,25.97,停車空間,鋼筋混凝土造,97年4月8日,四層,
RPSNMLQKQHNFFDQ57CA,32,227.97,住家用,鋼筋混凝土加強磚造,75年1月5日,三層,一層 二層 三層 騎樓
RPOOMLQKQHNFFDQ27CA,38,143.99,住家用,鋼筋混凝土加強磚造,69年1月26日,三層,一層 二層 三層 騎樓
RPQNMLNKQHNFFDQ07CA,,169.43,住家用,鋼筋混凝土造,107年5月22日,四層,一層 二層 三層 四層
RPPNMLNKQHNFFDQ96CA,,191.78,住家用,鋼筋混凝土造,107年5月22日,四層,一層 二層 三層 四層
RPQOMLQJQHNFFDQ37CA,22,107.85,見其他登記事項,木造,85年1月25日,三層,一層 二層 三層
RPWNMLRLQHNFFDQ18CA,1,190.97,住家用,見其他登記事項,106年12月18日,四層,一層 二層 三層 四層
RPPOMLKKQHNFFCQ66CA,27,666.96,見其他登記事項,見其他登記事項,80年4月16日,一層,一層 電梯樓梯間 地下層
RPPNMLSKQHNFFCQ37CA,26,58.32,住家用,鋼筋混凝土造,81年11月30日,五層,五層
RPPNMLSKQHNFFCQ37CA,26,6.14,共有部份,鋼筋混凝土造,81年11月30日,地下層,
RPPNMLSKQHNFFCQ37CA,26,6.64,共有部份,鋼筋混凝土造,81年11月30日,五層,
RPWNMLRJQHNFFCQ87CA,41,72.93,住家用,磚造,66年5月10日,一層,一層 騎樓
RPPNMLMKQHNFFEQ96CA,43,89.59,住家用,磚造,64年3月12日,二層,一層 二層 騎樓
RPPNMLNJQHNFFEQ96CA,2,159.75,見其他登記事項,鋼筋混凝土造,106年12月21日,三層,一層 二層 三層 見其他登記事項
RPTNMLKLQHNFFCQ07CA,36,96.54,住家用,鋼筋混凝土加強磚造,71年4月16日,二層,一層 二層 騎樓
RPUNMLKLQHNFFCQ17CA,1,202.82,見其他登記事項,鋼筋混凝土造,106年11月17日,三層,一層 二層 三層 見其他登記事項
RPTNMLKKQHNFFDQ07CA,22,138.42,住家用,鋼筋混凝土造,85年9月11日,四層,一層 二層 三層 四層
RPRNMLNKQHNFFDQ17CA,,171.07,住家用,鋼筋混凝土造,107年5月22日,四層,一層 二層 三層 四層
RPSNMLRJQHNFFDQ57CA,13,16.15,見其他登記事項,鋼筋混凝土造,94年8月15日,五層,二層
RPSNMLRJQHNFFDQ57CA,13,7.92,見其他登記事項,鋼筋混凝土造,94年8月15日,五層,
RPUNMLOKQHNFFDQ57CA,1,47.25,店舖,鋼筋混凝土造,106年4月21日,十五層,一層
RPUNMLOKQHNFFDQ57CA,1,8.45,見其他登記事項,鋼筋混凝土造,106年4月21日,十六層,
RPUNMLOKQHNFFDQ57CA,1,13.89,見其他登記事項,鋼筋混凝土造,106年4月21日,十五層,
RPQNMLMJQHNFFDQ86CA,24,163.20,住家用,鋼筋混凝土造,83年12月13日,四層,一層 二層 三層 四層
RPVNMLLJQHNFFCQ17CA,35,80.12,住家用,鋼筋混凝土加強磚造,72年9月15日,二層,一層 二層
RPXNMLLJQHNFFCQ37CA,35,80.12,住家用,鋼筋混凝土加強磚造,72年9月15日,二層,一層 二層
RPPNMLLJQHNFFCQ76EA,6,203.09,見其他登記事項,鋼筋混凝土造,101年6月5日,三層,一層 二層 三層 見其他登記事項
RPPNMLOJQHNFFDQ96CA,19,166.18,住商用,鋼筋混凝土造,88年7月7日,三層,一層 二層 三層
RPPNMLSKQHNFFDQ47CA,19,166.66,住商用,鋼筋混凝土造,88年7月23日,四層,一層 二層 三層 四層
RPSNMLOKQHNFFBQ17CA,12,19.19,住家用,鋼筋混凝土造,95年8月28日,八層,二層
RPSNMLOKQHNFFBQ17CA,12,4.61,共有部份,鋼筋混凝土造,95年8月28日,,
RPSNMLOKQHNFFBQ17CA,12,7.43,共有部份,鋼筋混凝土造,95年8月28日,,
RPTNMLRLQHNFFBQ67CA,25,150.00,見其他登記事項,鋼筋混凝土造,82年5月31日,三層,一層 二層 三層
RPPOMLSJQHNFFDQ47CA,34,126.63,住家用,鋼筋混凝土加強磚造,73年11月19日,三層,一層 二層 三層
RPUOMLQJQHNFFDQ77CA,3,145.20,見其他登記事項,見其他登記事項,104年9月10日,三層,一層 二層 三層 見其他登記事項
RPSNMLPKQHNFFDQ47CA,13,5.08,見其他登記事項,鋼筋混凝土造,94年8月26日,二層,
RPSNMLPKQHNFFDQ47CA,13,1.59,見其他登記事項,鋼筋混凝土造,94年8月26日,三層,
RPSNMLPKQHNFFDQ47CA,12,335.02,見其他登記事項,鋼筋混凝土造,95年12月22日,四層,一層 二層 三層 四層 地下層
RPSNMLNKQHNFFDQ27CA,,168.79,住家用,鋼筋混凝土造,107年5月22日,四層,一層 二層 三層 四層
RPTNMLNKQHNFFDQ37CA,,165.49,住房,鋼筋混凝土造,107年5月22日,四層,一層 二層 三層 四層
RPSNMLNJQHNFFCQ07CA,37,110.13,住家用,鋼筋混凝土加強磚造,70年5月8日,二層,一層 二層 電梯樓梯間
RPWNMLKKQHNFFCQ27CA,23,130.77,住商用,鋼筋混凝土造,84年10月13日,三層,一層 二層 三層 電梯樓梯間
RPPNMLTJQHNFFDQ47CA,15,320.16,見其他登記事項,鋼筋混凝土造,92年6月12日,三層,一層 二層 三層
RPVNMLSJQHNFFDQ97CA,24,174.86,住家用,鋼筋混凝土造,83年4月1日,三層,一層 二層 三層 騎樓
RPWNMLPKQHNFFDQ87CA,23,85.92,見其他登記事項,鋼筋混凝土造,84年9月8日,十二層,六層
RPWNMLPKQHNFFDQ87CA,23,21.00,見其他登記事項,鋼筋混凝土造,84年9月8日,十二層,
RPWNMLPKQHNFFDQ87CA,23,17.98,見其他登記事項,鋼筋混凝土造,84年9月8日,十二層,
RPTNMLPKQHNFFBQ37CA,,190.16,見其他登記事項,鋼筋混凝土造,107年3月7日,三層,一層 二層 三層 見其他登記事項
RPRNMLTJQHNFFBQ47CA,39,120.81,住家用,加強磚造,68年10月15日,二層,一層 二層
RPPNMLOJQHNFFCQ86CA,,249.73,見其他登記事項,鋼筋混凝土造,107年3月12日,三層,一層 二層 三層 見其他登記事項
RPXNMLLLQHNFFDQ67CA,32,202.50,見其他登記事項,鋼筋混凝土造,75年12月10日,三層,一層 二層 三層 騎樓
RPOOMLRJQHNFFBQ07CA,12,19.19,住家用,鋼筋混凝土造,95年8月28日,八層,二層
RPOOMLRJQHNFFBQ07CA,12,4.61,共有部份,鋼筋混凝土造,95年8月28日,,
RPOOMLRJQHNFFBQ07CA,12,7.43,共有部份,鋼筋混凝土造,95年8月28日,,
RPOOMLRJQHNFFBQ07CA,12,19.19,住家用,鋼筋混凝土造,95年8月28日,八層,二層
RPOOMLRJQHNFFBQ07CA,12,4.61,共有部份,鋼筋混凝土造,95年8月28日,,
RPOOMLRJQHNFFBQ07CA,12,7.43,共有部份,鋼筋混凝土造,95年8月28日,,
RPPNMLQLQHNFFDQ37CA,22,140.29,住家用,鋼筋混凝土造,85年6月25日,三層,一層 二層 三層
RPWNMLRJQHNFFDQ97CA,,65.25,住家用,鋼筋混凝土加強磚造,,一層,一層
RPPNMLRJQHNFFCQ17CA,26,161.60,住商用,鋼筋混凝土造,81年6月30日,三層,一層 二層 三層 電梯樓梯間
RPPNMLPLQHNFFDQ27CA,31,307.26,住商用,鋼筋混凝土造,76年11月16日,三層,一層 二層 三層
RPPNMLPLQHNFFDQ27CA,22,152.73,住商用,鋼筋混凝土造,85年8月2日,四層,一層 二層 三層 四層
RPUNMLKKQHNFFCQ07CA,39,93.20,住家用,鋼筋混凝土加強磚造,68年5月4日,二層,一層 二層
RPQNMLPKQHNFFEQ37CA,1,177.05,見其他登記事項,鋼筋混凝土造,106年12月19日,三層,一層 二層 三層
RPUNMLSJQHNFFCQ87DA,35,56.24,見其他登記事項,鋼筋混凝土造,72年2月4日,三層,二層
RPUNMLSJQHNFFCQ87DA,35,7.52,共有部分,鋼筋混凝土造,72年2月4日,三層,
RPUNMLSJQHNFFCQ87DA,35,1.11,共有部分,鋼筋混凝土造,72年2月4日,三層,
RPPNMLSJQHNFFCQ27CA,20,175.07,住商用,鋼筋混凝土造,87年10月9日,三層,一層 二層 三層 電梯樓梯間
RPPNMLQKQHNFFCQ37EA,5,159.82,住家用,鋼筋混凝土造,102年10月24日,三層,一層 二層 三層
RPPNMLQLQHNFFEQ47CA,22,273.71,住家用,鋼筋混凝土造,85年10月4日,四層,一層 二層 三層 四層 地下層
RPQNMLRLQHNFFCQ47CA,,227.16,見其他登記事項,鋼筋混凝土造,107年3月12日,三層,一層 二層 三層 見其他登記事項
RPUNMLRLQHNFFCQ87CA,26,85.07,住家用,鋼筋混凝土造,81年11月30日,五層,五層
RPUNMLRLQHNFFCQ87CA,26,8.68,共有部份,鋼筋混凝土造,81年11月30日,地下層,
RPUNMLRLQHNFFCQ87CA,26,6.94,共有部份,鋼筋混凝土造,81年11月30日,五層,
RPVOMLOKQHNFFBQ57CA,,216.41,見其他登記事項,鋼筋混凝土造,107年2月13日,四層,一層 二層 三層 四層
RPUOMLOKQHNFFBQ47CA,,200.65,見其他登記事項,鋼筋混凝土造,107年2月13日,四層,一層 二層 三層 四層
RPSOMLOKQHNFFBQ27CA,,214.59,住家用,鋼筋混凝土造,107年2月13日,四層,一層 二層 三層 四層
RPXNMLOKQHNFFBQ67CA,,225.50,住家用,鋼筋混凝土造,107年2月13日,四層,一層 二層 三層 四層
RPPOMLOKQHNFFBQ96CA,,175.51,住家用,鋼筋混凝土造,107年2月13日,四層,一層 二層 三層 四層
RPROMLOKQHNFFBQ17CA,,222.29,住家用,鋼筋混凝土造,107年2月13日,四層,一層 二層 三層 四層
RPOOMLOKQHNFFBQ86CA,,173.98,住家用,鋼筋混凝土造,107年2月13日,四層,一層 二層 三層 四層
RPTOMLOKQHNFFBQ37CA,,216.40,住家用,鋼筋混凝土造,107年2月13日,四層,一層 二層 三層 四層
RPPNMLPJRHNFFDQ17CA,38,88.20,住家用,鋼筋混凝土加強磚造,69年3月1日,二層,一層 二層
RPQNMLSLQHNFFCQ57CA,31,156.63,住家用,鋼筋混凝土加強磚造,76年6月2日,二層,一層 二層 電梯樓梯間
RPVNMLKKQHNFFCQ17CA,11,21.15,見其他登記事項,鋼筋混凝土造,96年6月23日,五層,四層
RPVNMLKKQHNFFCQ17CA,11,7.03,見其他登記事項,鋼筋混凝土造,96年6月23日,五層,
RPTNMLNKQHNFFCQ27CA,23,89.86,農舍,見其他登記事項,84年5月10日,一層,一層
RPQNMLNKQHNFFCQ96CA,43,97.13,住家用,見其他登記事項,64年4月14日,二層,一層 二層 騎樓
RPRNMLLLRHNFFCQ07CA,36,132.61,住家用,鋼筋混凝土加強磚造,71年7月28日,三層,一層 二層 三層 騎樓
RPPNMLPKQHNFFCQ07CA,25,171.44,住家用,鋼筋混凝土造,82年7月22日,三層,一層 二層 三層 電梯樓梯間
RPQNMLTJQHNFFCQ47CA,7,111.36,見其他登記事項,鋼筋混凝土造,100年12月23日,四層,一層 二層 三層 四層 見其他登記事項
RPWNMLPKQHNFFCQ87DA,4,748.40,見其他登記事項,見其他登記事項,103年6月12日,一層,一層
RPSNMLKLQHNFFCQ96CA,37,109.77,住家用,鋼筋混凝土加強磚造,70年11月16日,二層,一層 二層 騎樓 電梯樓梯間
RPPNMLRKQHNFFCQ27CA,5,141.22,住家用,鋼筋混凝土造,102年10月24日,三層,一層 二層 三層
RPVNMLKLQHNFFCQ27CA,35,123.98,住家用,鋼筋混凝土加強磚造,72年4月23日,二層,一層 二層 電梯樓梯間
RPQNMLPKQHNFFCQ17CA,25,306.85,住家用,鋼筋混凝土造,82年5月31日,四層,一層 二層 三層 四層
RPRNMLNKQHNFFCQ07CA,35,65.13,見其他登記事項,鋼筋混凝土造,72年2月4日,三層,三層
RPRNMLNKQHNFFCQ07CA,35,8.02,共有部分,鋼筋混凝土造,72年2月4日,三層,
RPRNMLNKQHNFFCQ07CA,35,1.19,共有部分,鋼筋混凝土造,72年2月4日,三層,
RPUNMLNJRHNFFCQ37CA,35,81.86,住家用,鋼筋混凝土加強磚造,72年9月15日,二層,一層 二層
RPSOMLPKQHNFFDQ57CA,28,190.86,住家用,加強磚造,80年1月12日,二層,一層 二層
RPSNMLLJRHNFFDQ07CA,38,129.08,住家用,鋼筋混凝土加強磚造,69年12月16日,三層,一層 二層 三層
RPRNMLPKQHNFFBQ17CA,40,80.00,住商用,鋼筋混凝土加強磚造,68年1月9日,二層,一層 二層 騎樓
RPSNMLPKQHNFFBQ27CA,39,124.44,見其他登記事項,鋼筋混凝土加強磚造,68年9月15日,二層,一層 二層 騎樓
RPQNMLQKQHNFFDQ37CA,,165.31,住房,鋼筋混凝土造,107年5月22日,四層,一層 二層 三層 四層
RPPNMLKMQHNFFCQ76CA,22,666.71,住商用,鋼筋混凝土造,85年4月22日,四層,一層 二層 三層 四層 騎樓 電梯樓梯間 機械房
RPUNMLNJRHNFFBQ27CA,13,17.73,住家用,鋼筋混凝土造,94年10月3日,十層,七層
RPUNMLNJRHNFFBQ27CA,13,.11,見其他登記事項,鋼筋混凝土造,94年10月3日,十層,
RPUNMLNJRHNFFBQ27CA,13,9.36,見其他登記事項,鋼筋混凝土造,94年10月3日,十層,
RPRNMLOJRHNFFBQ07CA,23,155.20,住家用,鋼筋混凝土造,85年1月14日,三層,一層 二層 三層
RPPOMLPKQHNFFDQ27CA,,167.17,住家用,鋼筋混凝土造,107年5月22日,四層,一層 二層 三層 四層
RPTNMLPKQHNFFDQ57CA,,175.38,住家用,鋼筋混凝土造,107年5月22日,四層,一層 二層 三層 四層
RPPOMLOKQHNFFDQ17CA,,167.17,住家用,鋼筋混凝土造,107年5月22日,四層,一層 二層 三層 四層
RPSNMLNKQHNFFCQ27DA,15,125.43,見其他登記事項,鋼筋混凝土造,92年3月17日,三層,一層 二層 三層 電梯樓梯間
RPQNMLSJRHNFFCQ47CA,,191.36,見其他登記事項,鋼筋混凝土造,107年5月15日,三層,一層 二層 三層 見其他登記事項
RPPNMLSJRHNFFCQ37CA,,100.62,見其他登記事項,鋼筋混凝土造,107年5月15日,三層,一層 二層 三層 見其他登記事項
RPPNMLSJRHNFFCQ37CA,,100.62,見其他登記事項,鋼筋混凝土造,107年5月15日,三層,一層 二層 三層 見其他登記事項
RPSNMLSJRHNFFCQ67CA,,191.36,見其他登記事項,鋼筋混凝土造,107年5月15日,三層,一層 二層 三層 見其他登記事項
RPVNMLSJRHNFFCQ97CA,,203.18,見其他登記事項,鋼筋混凝土造,107年5月15日,三層,一層 二層 三層 見其他登記事項
RPPNMLTJRHNFFCQ47CA,,212.48,見其他登記事項,鋼筋混凝土造,107年5月15日,三層,一層 二層 三層 見其他登記事項
RPQNMLQLQHNFFEQ57CA,22,284.23,住家用,鋼筋混凝土造,85年10月4日,五層,一層 二層 三層 四層 五層 地下層
