﻿編號,屋齡,建物移轉面積平方公尺,主要用途,主要建材,建築完成日期,總層數,建物分層
The serial number,room age,building shifting area square meter,the main use,main building materials,construction completes the date,total layer,building lamination
RPPNMLSKNHNFFDV67CA,24,31.54,見其他登記事項,鋼筋混凝土造,83年9月30日,八層,五層
RPPNMLSKNHNFFDV67CA,24,6.07,見其他登記事項,鋼筋混凝土造,83年9月30日,八層,
RPQNMLOKNHNFFAV07CA,24,106.03,見其他登記事項,鋼筋混凝土造,83年5月16日,十三層,十層
RPQNMLOKNHNFFAV07CA,24,.34,見其他登記事項,鋼筋混凝土造,83年5月16日,十三層,
RPQNMLOKNHNFFAV07CA,24,.37,見其他登記事項,鋼筋混凝土造,83年5月16日,十三層,
RPQNMLOKNHNFFAV07CA,24,.46,見其他登記事項,鋼筋混凝土造,83年5月16日,十三層,
RPQNMLOKNHNFFAV07CA,24,.37,見其他登記事項,鋼筋混凝土造,83年5月16日,十三層,
RPQNMLOKNHNFFAV07CA,24,.18,見其他登記事項,鋼筋混凝土造,83年5月16日,十三層,
RPQNMLOKNHNFFAV07CA,24,.37,見其他登記事項,鋼筋混凝土造,83年5月16日,十三層,
RPQNMLOKNHNFFAV07CA,24,.37,見其他登記事項,鋼筋混凝土造,83年5月16日,十三層,
RPQNMLOKNHNFFAV07CA,24,.43,見其他登記事項,鋼筋混凝土造,83年5月16日,十三層,
RPQNMLOKNHNFFAV07CA,24,.94,見其他登記事項,鋼筋混凝土造,83年5月16日,十三層,
RPQNMLOKNHNFFAV07CA,24,.34,見其他登記事項,鋼筋混凝土造,83年5月16日,十三層,
RPQNMLOKNHNFFAV07CA,24,.46,見其他登記事項,鋼筋混凝土造,83年5月16日,十三層,
RPQNMLOKNHNFFAV07CA,24,.35,見其他登記事項,鋼筋混凝土造,83年5月16日,十三層,
RPQNMLOKNHNFFAV07CA,24,.71,見其他登記事項,鋼筋混凝土造,83年5月16日,十三層,
RPQNMLOKNHNFFAV07CA,24,.46,見其他登記事項,鋼筋混凝土造,83年5月16日,十三層,
RPQNMLOKNHNFFAV07CA,24,1.42,見其他登記事項,鋼筋混凝土造,83年5月16日,十三層,
RPQNMLOKNHNFFAV07CA,24,.66,見其他登記事項,鋼筋混凝土造,83年5月16日,十三層,
RPQNMLOKNHNFFAV07CA,24,.46,見其他登記事項,鋼筋混凝土造,83年5月16日,十三層,
RPQNMLOKNHNFFAV07CA,24,.37,見其他登記事項,鋼筋混凝土造,83年5月16日,十三層,
RPQNMLOKNHNFFAV07CA,24,.46,見其他登記事項,鋼筋混凝土造,83年5月16日,十三層,
RPQNMLOKNHNFFAV07CA,24,.37,見其他登記事項,鋼筋混凝土造,83年5月16日,十三層,
RPQNMLOKNHNFFAV07CA,24,.37,見其他登記事項,鋼筋混凝土造,83年5月16日,十三層,
RPQNMLOKNHNFFAV07CA,24,13.92,見其他登記事項,鋼筋混凝土造,83年5月16日,十三層,
RPQNMLOKNHNFFAV07CA,24,.46,見其他登記事項,鋼筋混凝土造,83年5月16日,十三層,
RPQNMLOKNHNFFAV07CA,24,.46,見其他登記事項,鋼筋混凝土造,83年5月16日,十三層,
RPQNMLOKNHNFFAV07CA,24,.37,見其他登記事項,鋼筋混凝土造,83年5月16日,十三層,
RPQNMLOKNHNFFAV07CA,24,.37,見其他登記事項,鋼筋混凝土造,83年5月16日,十三層,
RPQNMLOKNHNFFAV07CA,24,.46,見其他登記事項,鋼筋混凝土造,83年5月16日,十三層,
RPQNMLOKNHNFFAV07CA,24,.46,見其他登記事項,鋼筋混凝土造,83年5月16日,十三層,
RPQNMLOKNHNFFAV07CA,24,.37,見其他登記事項,鋼筋混凝土造,83年5月16日,十三層,
RPQNMLOKNHNFFAV07CA,24,.37,見其他登記事項,鋼筋混凝土造,83年5月16日,十三層,
RPQNMLOKNHNFFAV07CA,24,.18,見其他登記事項,鋼筋混凝土造,83年5月16日,十三層,
RPQNMLOKNHNFFAV07CA,24,.46,見其他登記事項,鋼筋混凝土造,83年5月16日,十三層,
RPROMLOLNHNFFAV37CA,25,193.50,住家用,鋼筋混凝土造,81年12月9日,三層,一層 二層 三層
RPSOMLOLNHNFFAV47CA,45,81.20,住家用,見其他登記事項,62年4月20日,二層,一層 二層
RPUNMLRKNHNFFAV77CA,44,47.47,住家用,見其他登記事項,63年3月1日,一層,一層
RPSNMLPKNHNFFAV37CA,28,293.45,住家用,鋼筋混凝土造,79年1月23日,三層,一層 二層 三層 騎樓 地下層
RPTNMLQKNHNFFAV57CA,2,224.74,住家用,見其他登記事項,105年4月25日,三層,一層 二層 三層
RPVNMLTLNHNFFAV18CA,21,113.17,見其他登記事項,鋼筋混凝土造,85年12月21日,二層,一層 二層
RPVNMLKMNHNFFAV37CA,22,88.17,見其他登記事項,鋼筋混凝土造,85年6月28日,九層,七層
RPVNMLKMNHNFFAV37CA,22,9.21,見其他登記事項,鋼筋混凝土造,85年6月28日,九層,
RPVNMLKMNHNFFAV37CA,22,9.85,見其他登記事項,鋼筋混凝土造,85年6月28日,九層,
RPSNMLOKOHNFFAV37CA,39,56.57,住家用,加強磚造,68年5月29日,二層,一層 二層 騎樓
RPQNMLMLNHNFFAV96CA,35,100.88,見其他登記事項,鋼筋混凝土造,72年10月19日,四層,三層
RPQNMLMLNHNFFAV96CA,,4.63,見其他登記事項,鋼筋混凝土造,,四層,
RPPNMLQKNHNFFBV27CA,16,73.83,農舍,見其他登記事項,91年8月14日,一層,一層
RPOOMLKMNHNFFAV76CA,1,200.69,見其他登記事項,見其他登記事項,106年7月24日,三層,一層 二層 三層 屋頂突出物
RPQNMLNLNHNFFBV17CA,,408.81,農舍,見其他登記事項,107年3月19日,三層,一層 二層 三層
RPOOMLTLNHNFFAV67DA,24,87.17,見其他登記事項,鋼筋混凝土造,83年4月19日,十四層,十四層
RPOOMLTLNHNFFAV67DA,24,24.52,見其他登記事項,鋼筋混凝土造,83年4月19日,十四層,
RPUNMLNLNHNFFAV47CA,20,182.57,住家用,鋼筋混凝土造,87年5月26日,三層,一層 二層 三層
RPRNMLNLNHNFFAV17CA,35,91.70,見其他登記事項,見其他登記事項,72年10月4日,四層,三層
RPRNMLNLNHNFFAV17CA,,4.54,見其他登記事項,鋼筋混凝土造,,四層,
RPVOMLOLNHNFFAV87DA,33,14.32,住家用,加強磚造,74年9月11日,二層,
RPVNMLLLNHNFFAV37CA,22,112.26,住商用,鋼筋混凝土造,85年1月13日,四層,一層 二層 三層 四層 騎樓 停車場
RPVNMLLLNHNFFAV37CA,22,112.26,住商用,鋼筋混凝土造,85年1月13日,四層,一層 二層 三層 四層 騎樓 停車場
RPPNMLKMNHNFFBV96DA,11,134.40,住家用,見其他登記事項,96年5月4日,二層,一層 二層
RPSNMLPLNHNFFAV47CA,,123.30,住家用,加強磚造,,二層,一層 二層
RPVNMLPLNHNFFAV77CA,23,198.08,住家用,鋼筋混凝土造,84年6月30日,四層,一層 二層 三層 四層
RPPNMLLLOHNFFCV17DA,22,29.25,住家用,鋼筋混凝土造,85年6月19日,一層,一層 屋頂突出物
RPSNMLSLNHNFFAV87DA,24,83.53,見其他登記事項,鋼筋混凝土造,83年5月16日,十三層,十層
RPSNMLSLNHNFFAV87DA,24,11.13,見其他登記事項,鋼筋混凝土造,83年5月16日,十三層,
RPSNMLSLNHNFFAV87DA,24,1.13,見其他登記事項,鋼筋混凝土造,83年5月16日,十三層,
RPSNMLSLNHNFFAV87DA,24,.75,見其他登記事項,鋼筋混凝土造,83年5月16日,十三層,
RPSNMLSLNHNFFAV87DA,24,.14,見其他登記事項,鋼筋混凝土造,83年5月16日,十三層,
RPSNMLSLNHNFFAV87DA,24,.53,見其他登記事項,鋼筋混凝土造,83年5月16日,十三層,
RPSNMLSLNHNFFAV87DA,24,.56,見其他登記事項,鋼筋混凝土造,83年5月16日,十三層,
RPSNMLSLNHNFFAV87DA,24,.14,見其他登記事項,鋼筋混凝土造,83年5月16日,十三層,
RPSNMLSLNHNFFAV87DA,24,.37,見其他登記事項,鋼筋混凝土造,83年5月16日,十三層,
RPSNMLSLNHNFFAV87DA,24,.30,見其他登記事項,鋼筋混凝土造,83年5月16日,十三層,
RPSNMLSLNHNFFAV87DA,24,.37,見其他登記事項,鋼筋混凝土造,83年5月16日,十三層,
RPSNMLSLNHNFFAV87DA,24,.30,見其他登記事項,鋼筋混凝土造,83年5月16日,十三層,
RPSNMLSLNHNFFAV87DA,24,.30,見其他登記事項,鋼筋混凝土造,83年5月16日,十三層,
RPSNMLSLNHNFFAV87DA,24,.37,見其他登記事項,鋼筋混凝土造,83年5月16日,十三層,
RPSNMLSLNHNFFAV87DA,24,.37,見其他登記事項,鋼筋混凝土造,83年5月16日,十三層,
RPSNMLSLNHNFFAV87DA,24,.30,見其他登記事項,鋼筋混凝土造,83年5月16日,十三層,
RPSNMLSLNHNFFAV87DA,24,.30,見其他登記事項,鋼筋混凝土造,83年5月16日,十三層,
RPSNMLSLNHNFFAV87DA,24,.37,見其他登記事項,鋼筋混凝土造,83年5月16日,十三層,
RPSNMLSLNHNFFAV87DA,24,.37,見其他登記事項,鋼筋混凝土造,83年5月16日,十三層,
RPSNMLSLNHNFFAV87DA,24,.30,見其他登記事項,鋼筋混凝土造,83年5月16日,十三層,
RPSNMLSLNHNFFAV87DA,24,.37,見其他登記事項,鋼筋混凝土造,83年5月16日,十三層,
RPSNMLSLNHNFFAV87DA,24,.30,見其他登記事項,鋼筋混凝土造,83年5月16日,十三層,
RPSNMLSLNHNFFAV87DA,24,.30,見其他登記事項,鋼筋混凝土造,83年5月16日,十三層,
RPSNMLSLNHNFFAV87DA,24,.37,見其他登記事項,鋼筋混凝土造,83年5月16日,十三層,
RPSNMLSLNHNFFAV87DA,24,.30,見其他登記事項,鋼筋混凝土造,83年5月16日,十三層,
RPSNMLSLNHNFFAV87DA,24,.37,見其他登記事項,鋼筋混凝土造,83年5月16日,十三層,
RPSNMLSLNHNFFAV87DA,24,.30,見其他登記事項,鋼筋混凝土造,83年5月16日,十三層,
RPSNMLSLNHNFFAV87DA,24,.37,見其他登記事項,鋼筋混凝土造,83年5月16日,十三層,
RPSNMLSLNHNFFAV87DA,24,.27,見其他登記事項,鋼筋混凝土造,83年5月16日,十三層,
RPSNMLSLNHNFFAV87DA,24,.27,見其他登記事項,鋼筋混凝土造,83年5月16日,十三層,
RPSNMLSLNHNFFAV87DA,24,.28,見其他登記事項,鋼筋混凝土造,83年5月16日,十三層,
RPSNMLSLNHNFFAV87DA,24,.34,見其他登記事項,鋼筋混凝土造,83年5月16日,十三層,
RPSNMLSLNHNFFAV87DA,24,.30,見其他登記事項,鋼筋混凝土造,83年5月16日,十三層,
RPWOMLOLNHNFFAV87CA,36,153.62,住家用,加強磚造,71年2月21日,二層,一層 二層
RPRNMLPLNHNFFAV37CA,46,93.28,住家用,見其他登記事項,61年4月4日,二層,一層 二層
RPTNMLKMNHNFFAV17CA,24,87.03,見其他登記事項,鋼筋混凝土造,83年4月19日,十四層,十三層
RPTNMLKMNHNFFAV17CA,24,28.98,見其他登記事項,鋼筋混凝土造,83年4月19日,十四層,
RPXNMLKMNHNFFAV57CA,1,200.02,見其他登記事項,見其他登記事項,106年7月24日,三層,一層 二層 三層 屋頂突出物
RPXOMLOLNHNFFAV97CA,,111.68,見其他登記事項,見其他登記事項,107年2月1日,三層,一層 二層 三層
RPXOMLOLNHNFFAV97CA,,111.68,見其他登記事項,見其他登記事項,107年2月1日,三層,一層 二層 三層
RPRNMLKMNHNFFAV96CA,12,449.04,住家用,見其他登記事項,95年8月15日,三層,一層 二層 三層
RPPNMLQJOHNFFCV37CA,12,160.87,住家用,鋼筋混凝土造,95年7月21日,三層,一層 二層 三層 見其他登記事項
RPQNMLPJOHNFFAV17CA,23,92.38,住家用,鋼筋混凝土造,84年1月14日,三層,一層 二層 三層
RPQNMLPJOHNFFAV17CA,23,92.38,住家用,鋼筋混凝土造,84年1月14日,三層,一層 二層 三層
RPQNMLPLNHNFFAV27CA,1,235.17,見其他登記事項,見其他登記事項,106年3月24日,三層,一層 二層 三層 屋頂突出物
RPSNMLTLNHNFFAV87CA,53,22.46,住商用,見其他登記事項,54年5月12日,三層,一層 二層 三層 騎樓
RPTNMLSLNHNFFAV87CA,22,185.82,住家用,鋼筋混凝土造,85年1月13日,四層,一層 二層 三層 四層
RPQNMLKMNHNFFBV96CA,19,100.95,住家用,鋼筋混凝土造,87年12月17日,五層,三層
RPQNMLKMNHNFFBV96CA,19,47.05,共有部分,鋼筋混凝土造,87年12月17日,五層,
RPQNMLOLNHNFFBV27CA,37,78.18,住家用,鋼筋混凝土加強磚造,70年7月14日,二層,一層 二層
RPQNMLTLNHNFFAV67CA,22,172.30,住家用,鋼筋混凝土造,85年1月13日,四層,一層 二層 三層 四層
RPUNMLTLNHNFFAV08CA,1,479.16,見其他登記事項,見其他登記事項,106年9月22日,三層,一層 二層 三層 屋頂突出物
RPPOMLTLNHNFFAV67CA,41,37.38,住家用,見其他登記事項,66年6月12日,一層,一層
RPSOMLTLNHNFFAV97CA,34,117.06,住家用,加強磚造,73年10月17日,二層,一層 二層
RPROMLTLNHNFFAV87CA,25,60.14,住家用,鋼筋混凝土造,82年5月19日,五層,二層
RPROMLTLNHNFFAV87CA,25,6.27,見其他登記事項,鋼筋混凝土造,82年5月19日,五層,
RPROMLTLNHNFFAV87CA,25,2.44,見其他登記事項,鋼筋混凝土造,82年5月19日,五層,
RPROMLTLNHNFFAV87CA,25,3.12,見其他登記事項,鋼筋混凝土造,82年5月19日,五層,
RPROMLTLNHNFFAV87CA,25,.52,見其他登記事項,鋼筋混凝土造,82年5月19日,五層,
RPQOMLKMNHNFFAV96CA,42,47.60,住家用,見其他登記事項,65年3月1日,一層,一層
RPWNMLTLNHNFFAV28CA,1,479.17,見其他登記事項,見其他登記事項,106年9月22日,三層,一層 二層 三層 屋頂突出物
RPSNMLPJOHNFFAV37CA,41,82.02,住家用,鋼筋混凝土造,66年1月6日,二層,一層 二層 騎樓
RPSNMLKMNHNFFAV17DA,,71.62,住商用,見其他登記事項,,二層,一層 二層
RPTNMLOJOHNFFAV37CA,,4.96,見其他登記事項,鋼筋混凝土造,,四層,
RPTNMLOJOHNFFAV37CA,35,87.10,見其他登記事項,鋼筋混凝土造,72年9月23日,四層,一層
RPPNMLPJOHNFFBV17CA,23,162.85,住商用,鋼筋混凝土造,84年8月22日,四層,一層 二層 三層 四層
RPQNMLPJOHNFFBV27CA,23,162.85,住商用,鋼筋混凝土造,84年8月22日,四層,一層 二層 三層 四層
SPPNMLPJOHNFFBV27CA,23,162.85,住商用,鋼筋混凝土造,84年8月22日,四層,一層 二層 三層 四層
RPRNMLLMNHNFFAV07CA,11,200.49,住家用,見其他登記事項,96年2月14日,三層,一層 二層 三層
RPSNMLLMNHNFFAV17CA,42,80.47,住家用,見其他登記事項,65年8月2日,二層,一層 二層
RPUNMLLJOHNFFAV17CA,37,243.49,住家用,見其他登記事項,70年6月16日,三層,一層 二層 三層 騎樓 地下層
RPPNMLLJOHNFFAV66CA,34,88.82,見其他登記事項,鋼筋混凝土造,72年10月19日,四層,三層
RPPNMLLJOHNFFAV66CA,,4.63,見其他登記事項,鋼筋混凝土造,,四層,
RPPNMLOJOHNFFAV96CA,22,63.01,見其他登記事項,鋼筋混凝土造,85年6月21日,七層,七層
RPPNMLOJOHNFFAV96CA,22,7.68,見其他登記事項,鋼筋混凝土造,85年6月21日,七層,
RPPNMLOJOHNFFAV96CA,22,4.40,見其他登記事項,鋼筋混凝土造,85年6月21日,七層,
RPPNMLOJOHNFFAV96CA,22,4.47,見其他登記事項,鋼筋混凝土造,85年6月21日,七層,
RPPNMLOJOHNFFAV96CA,22,16.82,見其他登記事項,鋼筋混凝土造,85年6月21日,七層,
RPSNMLOJOHNFFAV27CA,38,88.20,住家用,加強磚造,69年2月2日,二層,一層 二層
RPVNMLRLOHNFFAV08CA,5,304.13,住家用,見其他登記事項,102年8月22日,三層,一層 二層 三層
RPPNMLPJOHNFFAV07CA,13,125.20,住家用,鋼筋混凝土造,94年8月29日,二層,一層 二層
RPPNMLLJOHNFFDV96CA,24,6.07,見其他登記事項,鋼筋混凝土造,83年9月30日,八層,
RPPNMLLJOHNFFDV96CA,24,31.54,見其他登記事項,鋼筋混凝土造,83年9月30日,八層,四層
RPTNMLLJOHNFFAV07CA,31,121.27,住家用,加強磚造,75年11月10日,二層,一層 二層
RPRNMLOJOHNFFAV17CA,22,131.17,見其他登記事項,鋼筋混凝土造,85年6月28日,九層,四層
RPRNMLOJOHNFFAV17CA,22,10.94,見其他登記事項,鋼筋混凝土造,85年6月28日,九層,
RPRNMLOJOHNFFAV17CA,22,14.49,見其他登記事項,鋼筋混凝土造,85年6月28日,九層,
RPQNMLQJOHNFFAV27CA,3,249.99,見其他登記事項,見其他登記事項,104年7月3日,三層,一層 二層 三層 見其他登記事項
RPPNMLPLOHNFFAV27CA,13,105.58,見其他登記事項,見其他登記事項,94年8月15日,一層,一層 騎樓
RPQNMLPLOHNFFAV37CA,3,204.82,住家用,見其他登記事項,104年5月4日,三層,一層 二層 三層
RPRNMLRJOHNFFAV47CA,38,102.72,住家用,加強磚造,69年2月20日,二層,一層 二層 騎樓
RPQNMLPJOHNFFCV37CA,24,217.59,見其他登記事項,加強磚造,83年6月30日,二層,一層 二層
RPSNMLQJOHNFFAV47CA,23,134.32,住家用,鋼筋混凝土造,84年10月26日,三層,一層 二層 三層
RPSNMLPKOHNFFAV57DA,,235.42,見其他登記事項,見其他登記事項,106年11月22日,三層,一層 二層 三層 見其他登記事項
RPPNMLRJOHNFFAV27CA,,334.96,見其他登記事項,見其他登記事項,106年1月24日,三層,一層 二層 三層 見其他登記事項
RPQNMLRJOHNFFAV37CA,26,152.69,住家用,鋼筋混凝土造,81年3月24日,三層,一層 二層 三層
RPVNMLRJOHNFFAV87CA,31,30.54,農舍,磚造,76年8月7日,一層,一層
RPTNMLQJOHNFFAV57CA,23,91.38,見其他登記事項,鋼筋混凝土造,84年7月6日,四層,四層
RPTNMLQJOHNFFAV57CA,23,.52,見其他登記事項,鋼筋混凝土造,84年7月6日,,
RPTNMLQJOHNFFAV57CA,23,1.30,見其他登記事項,鋼筋混凝土造,84年7月6日,四層,
RPTNMLQJOHNFFAV57CA,23,.53,見其他登記事項,鋼筋混凝土造,84年7月6日,,
RPTNMLQJOHNFFAV57CA,23,.52,見其他登記事項,鋼筋混凝土造,84年7月6日,,
RPTNMLQJOHNFFAV57CA,23,.53,見其他登記事項,鋼筋混凝土造,84年7月6日,,
RPTNMLQJOHNFFAV57CA,23,.53,見其他登記事項,鋼筋混凝土造,84年7月6日,,
RPTNMLQJOHNFFAV57CA,23,.52,見其他登記事項,鋼筋混凝土造,84年7月6日,,
RPTNMLQJOHNFFAV57CA,23,7.89,見其他登記事項,鋼筋混凝土造,84年7月6日,四層,
RPTNMLQJOHNFFAV57CA,23,.53,見其他登記事項,鋼筋混凝土造,84年7月6日,,
RPTNMLQJOHNFFAV57CA,23,.53,見其他登記事項,鋼筋混凝土造,84年7月6日,,
RPTNMLQJOHNFFAV57CA,23,.53,見其他登記事項,鋼筋混凝土造,84年7月6日,,
RPTNMLQJOHNFFAV57CA,23,.53,見其他登記事項,鋼筋混凝土造,84年7月6日,,
RPTNMLQJOHNFFAV57CA,23,.53,見其他登記事項,鋼筋混凝土造,84年7月6日,,
RPTNMLQJOHNFFAV57CA,23,.52,見其他登記事項,鋼筋混凝土造,84年7月6日,,
RPTNMLQJOHNFFAV57CA,23,.52,見其他登記事項,鋼筋混凝土造,84年7月6日,,
RPTNMLQJOHNFFAV57CA,23,.52,見其他登記事項,鋼筋混凝土造,84年7月6日,,
RPPNMLSJOHNFFAV37CA,43,82.32,住家用,見其他登記事項,64年10月28日,二層,一層 二層
RPTNMLRJOHNFFAV67CA,46,74.70,住家用,見其他登記事項,61年5月1日,二層,一層 二層 騎樓
RPRNMLQJOHNFFAV37CA,41,202.71,住家用,鋼筋混凝土加強磚造,66年3月23日,二層,一層 二層 騎樓
RPRNMLOKOHNFFDV67DA,20,35.30,商業用,鋼筋混凝土造,87年3月6日,十五層,十一層
RPRNMLOKOHNFFDV67DA,20,1.12,見其他登記事項,鋼筋混凝土造,87年3月6日,十五層,
RPRNMLOKOHNFFDV67DA,20,6.55,見其他登記事項,鋼筋混凝土造,87年3月6日,十五層,
RPRNMLOKOHNFFDV67DA,20,5.06,見其他登記事項,鋼筋混凝土造,87年3月6日,十層,
RPPOMLPLOHNFFAV37CA,46,81.20,住家用,見其他登記事項,61年4月20日,二層,一層 二層
RPOOMLPLOHNFFAV27CA,15,125.07,見其他登記事項,鋼筋混凝土造,92年5月27日,九層,三層
RPOOMLPLOHNFFAV27CA,15,50.03,見其他登記事項,鋼筋混凝土造,92年5月27日,九層,
RPPNMLNKOHNFFAV96CA,27,245.67,住家用,鋼筋混凝土造,80年2月2日,四層,一層 二層 三層 四層
RPQNMLLKOHNFFAV86CA,23,194.82,住商用,鋼筋混凝土造,84年5月18日,三層,一層 二層 三層 騎樓
RPSNMLNKOHNFFAV27CA,40,105.40,住家用,鋼筋混凝土造,67年6月30日,二層,一層 二層
RPQNMLKLOHNFFDV17CA,25,178.68,住商用,鋼筋混凝土造,82年6月7日,三層,一層 二層 三層 騎樓
RPVNMLTKOHNFFAV18CA,7,215.39,住家用,見其他登記事項,100年1月21日,三層,一層 二層 三層
RPQNMLMKOHNFFAV96CA,,168.62,住家用,見其他登記事項,106年12月21日,三層,一層 二層 三層
RPPNMLMKOHNFFAV86CA,31,119.23,住家用,加強磚造,76年1月21日,二層,一層 二層
RPQNMLPJPHNFFAV27CA,44,135.06,住家用,見其他登記事項,63年4月17日,二層,一層 二層 見其他登記事項
RPQNMLPJPHNFFAV27CA,44,66.76,住家用,見其他登記事項,63年4月17日,二層,一層 二層 騎樓
RPTNMLSLOHNFFAV97CA,7,218.85,住家用,見其他登記事項,99年11月30日,三層,一層 二層 三層
RPPNMLPKOHNFFBV27CA,25,298.23,農舍,鋼筋混凝土造,82年6月15日,三層,一層 二層 三層 地下層
RPTNMLPLOHNFFAV77DA,44,87.00,住家用,見其他登記事項,63年5月1日,二層,一層 二層
RPPNMLRLOHNFFAV47CA,38,103.20,住家用,加強磚造,69年11月1日,二層,一層 二層
RPUNMLPKOHNFFAV67CA,,235.31,見其他登記事項,鋼筋混凝土造,107年4月11日,三層,一層 二層 三層 見其他登記事項
RPTNMLKLOHNFFAV17CA,6,312.51,見其他登記事項,見其他登記事項,101年9月6日,一層,一層
RPVNMLPKOHNFFAV77CA,25,38.26,見其他登記事項,鋼筋混凝土造,82年5月22日,十二層,六層
RPVNMLPKOHNFFAV77CA,25,10.28,見其他登記事項,鋼筋混凝土造,82年5月22日,十二層,
RPVNMLPKOHNFFAV77CA,25,4.88,共有部分,鋼筋混凝土造,82年5月22日,十二層,
RPPNMLKLOHNFFAV76CA,22,60.78,見其他登記事項,鋼筋混凝土造,85年6月28日,九層,一層 騎樓
RPPNMLKLOHNFFAV76CA,22,6.29,見其他登記事項,鋼筋混凝土造,85年6月28日,九層,
RPQNMLKLOHNFFAV86CA,14,284.52,見其他登記事項,見其他登記事項,93年3月24日,一層,一層
RPTNMLTKOHNFFAV97CA,,208.79,見其他登記事項,鋼筋混凝土造,107年4月11日,三層,一層 二層 三層
RPSNMLTKOHNFFAV87CA,35,88.82,見其他登記事項,鋼筋混凝土造,72年10月19日,四層,二層
RPSNMLTKOHNFFAV87CA,,4.63,見其他登記事項,鋼筋混凝土造,,四層,
RPXNMLRLOHNFFAV38DA,35,35.38,住家用,見其他登記事項,72年3月1日,一層,一層
RPSNMLLLOHNFFAV17CA,,231.66,見其他登記事項,鋼筋混凝土造,107年4月11日,三層,一層 二層 三層 見其他登記事項
RPQNMLMLOHNFFAV07CA,35,94.14,見其他登記事項,鋼筋混凝土造,72年2月22日,四層,一層
RPQNMLMLOHNFFAV07CA,35,6.83,見其他登記事項,鋼筋混凝土造,72年2月22日,四層,
RPRNMLRLOHNFFAV67CA,24,65.78,見其他登記事項,鋼筋混凝土造,83年4月19日,十四層,七層
RPRNMLRLOHNFFAV67CA,24,20.51,見其他登記事項,鋼筋混凝土造,83年4月19日,十四層,
RPWNMLRLOHNFFAV18CA,22,202.51,住商用,鋼筋混凝土造,85年1月13日,四層,一層 二層 三層 四層 騎樓 停車場
RPTNMLOJPHNFFAV47CA,38,205.15,住家用,鋼筋混凝土加強磚造,69年6月26日,三層,一層 二層 三層 騎樓 地下層
RPRNMLMLOHNFFAV17CA,35,100.88,見其他登記事項,鋼筋混凝土造,72年10月19日,四層,三層
RPRNMLMLOHNFFAV17CA,,4.63,見其他登記事項,鋼筋混凝土造,,四層,
RPUNMLPLOHNFFAV77CA,40,59.22,住家用,見其他登記事項,67年6月30日,一層,一層
RPQNMLLLOHNFFAV96CA,,191.93,見其他登記事項,鋼筋混凝土造,107年4月11日,三層,一層 二層 三層
RPUNMLLLOHNFFAV37CA,38,93.16,住家用,加強磚造,69年5月11日,二層,一層 二層
RPRNMLLLOHNFFAV07CA,,237.64,見其他登記事項,鋼筋混凝土造,107年4月11日,三層,一層 二層 三層 見其他登記事項
RPROMLPLOHNFFAV57CA,24,136.79,住商用,鋼筋混凝土造,83年10月26日,四層,一層 二層 三層 四層 騎樓
RPVNMLPLOHNFFAV87CA,42,141.93,住家用,見其他登記事項,65年3月23日,一層,一層
RPWNMLMLOHNFFAV67CA,46,801.90,商業用,見其他登記事項,61年10月10日,一層,一層
RPSOMLPLOHNFFAV67CA,7,177.78,住家用,見其他登記事項,100年9月21日,三層,一層 二層 三層
RPTOMLPLOHNFFAV77CA,23,46.50,見其他登記事項,鋼筋混凝土造,84年3月27日,十層,七層
RPTOMLPLOHNFFAV77CA,23,10.73,見其他登記事項,鋼筋混凝土造,84年3月27日,十層,
RPUOMLPLOHNFFAV87CA,22,63.38,住家用,鋼筋混凝土造,85年6月28日,七層,七層
RPUOMLPLOHNFFAV87CA,22,2.81,見其他登記事項,鋼筋混凝土造,85年6月28日,七層,
RPUOMLPLOHNFFAV87CA,22,3.29,見其他登記事項,鋼筋混凝土造,85年6月28日,七層,
RPUOMLPLOHNFFAV87CA,22,5.31,見其他登記事項,鋼筋混凝土造,85年6月28日,七層,
RPUOMLPLOHNFFAV87CA,22,16.01,見其他登記事項,鋼筋混凝土造,85年6月28日,七層,
RPQNMLPLOHNFFCV57CA,34,150.23,住家用,加強磚造,73年7月17日,二層,一層 二層
RPQNMLRLOHNFFAV57CA,1,195.87,見其他登記事項,見其他登記事項,106年8月1日,三層,一層 二層 三層 屋頂突出物
RPSNMLQLOHNFFAV67CA,,233.51,見其他登記事項,鋼筋混凝土造,107年4月11日,三層,一層 二層 三層 見其他登記事項
RPROMLRLOHNFFAV77CA,23,9.17,見其他登記事項,鋼筋混凝土造,83年12月17日,八層,
RPROMLRLOHNFFAV77CA,23,4.45,見其他登記事項,鋼筋混凝土造,83年12月17日,八層,
RPPNMLSKPHNFFBV77DA,35,182.85,住家用,加強磚造,72年6月1日,二層,一層 二層
RPTNMLRLOHNFFAV87CA,1,195.87,見其他登記事項,見其他登記事項,106年8月1日,三層,一層 二層 三層 屋頂突出物
RPTNMLQLOHNFFAV77CA,22,293.49,住商用,鋼筋混凝土造,85年1月13日,四層,一層 二層 三層 四層 騎樓 停車場
RPQOMLRLOHNFFAV67CA,22,183.55,見其他登記事項,鋼筋混凝土造,85年1月27日,三層,一層 二層 三層
RPQNMLRLOHNFFCV77CA,,230.59,見其他登記事項,鋼筋混凝土造,106年11月10日,三層,一層 二層 三層
RPSNMLRLOHNFFAV77CA,23,88.18,見其他登記事項,鋼骨混凝土造,84年9月26日,七層,三層
RPSNMLRLOHNFFAV77CA,23,18.12,見其他登記事項,鋼骨混凝土造,84年9月26日,七層,
RPSNMLRLOHNFFAV77CA,23,21.47,見其他登記事項,鋼骨混凝土造,84年9月26日,七層,
RPQNMLQJPHNFFCV57CA,,38.95,住家用,見其他登記事項,,二層,一層 二層 騎樓
RPQNMLQJPHNFFCV57CA,,38.95,住家用,見其他登記事項,,二層,一層 二層 騎樓
RPQNMLQJPHNFFCV57CA,,38.95,住家用,見其他登記事項,,二層,一層 二層 騎樓
RPUNMLQJPHNFFAV77CA,6,283.23,住家用,見其他登記事項,101年11月23日,四層,一層 二層 三層 四層
RPRNMLNJPHNFFAV27DA,,54.23,住家用,見其他登記事項,,一層,一層 騎樓
RPPNMLRKPHNFFDV87DA,24,31.54,見其他登記事項,鋼筋混凝土造,83年9月30日,八層,三層
RPPNMLRKPHNFFDV87DA,24,6.07,見其他登記事項,鋼筋混凝土造,83年9月30日,八層,
RPQNMLSLOHNFFDV97CA,20,35.30,商業用,鋼筋混凝土造,87年3月6日,十層,五層
RPQNMLSLOHNFFDV97CA,20,7.21,見其他登記事項,鋼筋混凝土造,87年3月6日,十五層,
RPQNMLSLOHNFFDV97CA,20,1.12,見其他登記事項,鋼筋混凝土造,87年3月6日,十五層,
RPQNMLSLOHNFFDV97CA,20,5.57,見其他登記事項,鋼筋混凝土造,87年3月6日,十層,
RPPNMLTLOHNFFDV97CA,37,99.96,住家用,加強磚造,70年12月2日,二層,一層 二層 騎樓
RPPNMLTLOHNFFAV67CA,3,249.99,見其他登記事項,見其他登記事項,104年7月3日,三層,一層 二層 三層 見其他登記事項
RPRNMLQLOHNFFAV57CA,25,102.00,見其他登記事項,鋼筋混凝土造,82年12月3日,四層,四層
RPRNMLQLOHNFFAV57CA,25,.25,見其他登記事項,鋼筋混凝土造,82年12月3日,四層,
RPRNMLQLOHNFFAV57CA,25,.25,見其他登記事項,鋼筋混凝土造,82年12月3日,四層,
RPRNMLQLOHNFFAV57CA,25,3.58,見其他登記事項,鋼筋混凝土造,82年12月3日,四層,
RPRNMLQLOHNFFAV57CA,25,.25,見其他登記事項,鋼筋混凝土造,82年12月3日,四層,
RPRNMLQLOHNFFAV57CA,25,.69,見其他登記事項,鋼筋混凝土造,82年12月3日,四層,
RPRNMLQLOHNFFAV57CA,25,.25,見其他登記事項,鋼筋混凝土造,82年12月3日,四層,
RPRNMLQLOHNFFAV57CA,25,.26,見其他登記事項,鋼筋混凝土造,82年12月3日,四層,
RPRNMLQLOHNFFAV57CA,25,.25,見其他登記事項,鋼筋混凝土造,82年12月3日,四層,
RPRNMLQLOHNFFAV57CA,25,.26,見其他登記事項,鋼筋混凝土造,82年12月3日,四層,
RPRNMLQLOHNFFAV57CA,25,.26,見其他登記事項,鋼筋混凝土造,82年12月3日,四層,
RPRNMLQLOHNFFAV57CA,25,.25,見其他登記事項,鋼筋混凝土造,82年12月3日,四層,
RPRNMLQLOHNFFAV57CA,25,.25,見其他登記事項,鋼筋混凝土造,82年12月3日,四層,
RPRNMLQLOHNFFAV57CA,25,.25,見其他登記事項,鋼筋混凝土造,82年12月3日,四層,
RPRNMLQLOHNFFAV57CA,25,.25,見其他登記事項,鋼筋混凝土造,82年12月3日,四層,
RPRNMLQLOHNFFAV57CA,25,.25,見其他登記事項,鋼筋混凝土造,82年12月3日,四層,
RPRNMLQLOHNFFAV57CA,25,.25,見其他登記事項,鋼筋混凝土造,82年12月3日,四層,
RPRNMLQLOHNFFAV57CA,25,.25,見其他登記事項,鋼筋混凝土造,82年12月3日,四層,
RPRNMLQLOHNFFAV57CA,25,.26,見其他登記事項,鋼筋混凝土造,82年12月3日,四層,
RPRNMLQLOHNFFAV57CA,25,.25,見其他登記事項,鋼筋混凝土造,82年12月3日,四層,
RPRNMLQLOHNFFAV57CA,25,.26,見其他登記事項,鋼筋混凝土造,82年12月3日,四層,
RPRNMLQLOHNFFAV57CA,25,.25,見其他登記事項,鋼筋混凝土造,82年12月3日,四層,
RPRNMLQLOHNFFAV57CA,25,.25,見其他登記事項,鋼筋混凝土造,82年12月3日,四層,
RPRNMLQLOHNFFAV57CA,25,.26,見其他登記事項,鋼筋混凝土造,82年12月3日,四層,
RPRNMLQLOHNFFAV57CA,25,.26,見其他登記事項,鋼筋混凝土造,82年12月3日,四層,
RPRNMLQLOHNFFAV57CA,25,.25,見其他登記事項,鋼筋混凝土造,82年12月3日,四層,
RPRNMLQLOHNFFAV57CA,25,.25,見其他登記事項,鋼筋混凝土造,82年12月3日,四層,
RPRNMLQLOHNFFAV57CA,25,.25,見其他登記事項,鋼筋混凝土造,82年12月3日,四層,
RPRNMLQLOHNFFAV57CA,25,.25,見其他登記事項,鋼筋混凝土造,82年12月3日,四層,
RPRNMLQLOHNFFAV57CA,25,.25,見其他登記事項,鋼筋混凝土造,82年12月3日,四層,
RPRNMLQLOHNFFAV57CA,25,2.26,見其他登記事項,鋼筋混凝土造,82年12月3日,四層,
RPRNMLQLOHNFFAV57CA,25,.26,見其他登記事項,鋼筋混凝土造,82年12月3日,四層,
RPRNMLQLOHNFFAV57CA,25,.69,見其他登記事項,鋼筋混凝土造,82年12月3日,四層,
RPRNMLQLOHNFFAV57CA,25,.25,見其他登記事項,鋼筋混凝土造,82年12月3日,四層,
RPRNMLQLOHNFFAV57CA,25,.25,見其他登記事項,鋼筋混凝土造,82年12月3日,四層,
RPQNMLMJPHNFFBV07CA,24,134.74,住家用,加強磚造,83年10月4日,二層,一層 二層
RPQNMLSLOHNFFCV97DA,29,550.46,住家用,鋼筋混凝土造,78年4月18日,三層,一層 二層 三層 騎樓
RPSNMLOJPHNFFAV37CA,25,152.80,住家用,鋼筋混凝土造,82年5月27日,三層,一層 二層 三層
RPPNMLNJPHNFFAV96CA,36,108.39,住家用,加強磚造,71年8月3日,二層,一層 二層 見其他登記事項
RPQNMLTLOHNFFAV77CA,24,83.80,見其他登記事項,鋼筋混凝土造,83年6月1日,三層,二層
RPQNMLTLOHNFFAV77CA,24,9.54,見其他登記事項,鋼筋混凝土造,83年6月1日,三層,
RPQNMLNJPHNFFAV07CA,43,91.74,住家用,見其他登記事項,64年8月11日,二層,一層 二層
RPSNMLNJPHNFFAV27CA,22,121.64,住家用,加強磚造,85年3月19日,二層,一層 二層
RPPNMLOJPHNFFBV17CA,22,390.90,農舍,鋼筋混凝土造,85年1月24日,三層,一層 二層 三層
RPPOMLOJPHNFFAV17CA,12,217.85,見其他登記事項,見其他登記事項,95年11月3日,三層,一層 二層 三層
RPPNMLPJPHNFFCV37CA,33,111.02,住家用,鋼筋混凝土造,74年3月27日,二層,一層 二層
RPPNMLPJPHNFFAV17CA,2,225.40,住家用,見其他登記事項,105年4月25日,三層,一層 二層 三層
RPWNMLNKPHNFFAV77CA,25,53.13,見其他登記事項,鋼筋混凝土造,82年10月19日,七層,一層
RPWNMLNKPHNFFAV77CA,25,5.73,見其他登記事項,鋼筋混凝土造,82年10月19日,七層,
RPWNMLNKPHNFFAV77CA,25,14.31,見其他登記事項,鋼筋混凝土造,82年10月19日,七層,
RPTOMLOJPHNFFAV57CA,,301.29,見其他登記事項,鋼筋混凝土造,107年4月11日,四層,一層 二層 三層 四層
RPRNMLQJPHNFFAV47CA,24,31.98,見其他登記事項,鋼筋混凝土造,83年4月19日,十四層,三層
RPRNMLQJPHNFFAV47CA,24,13.37,見其他登記事項,鋼筋混凝土造,83年4月19日,十四層,
RPPNMLTJPHNFFAV57CA,24,172.00,見其他登記事項,鋼筋混凝土造,83年7月30日,七層,一層 二層 騎樓
RPPNMLTJPHNFFAV57CA,24,.03,見其他登記事項,鋼筋混凝土造,83年7月30日,七層,
RPPNMLTJPHNFFAV57CA,24,.05,見其他登記事項,鋼筋混凝土造,83年7月30日,七層,
RPVNMLRKPHNFFAV08CA,37,114.08,住家用,加強磚造,70年8月26日,二層,一層 二層 騎樓
RPSNMLNLPHNFFAV47CA,,524.28,住商用,見其他登記事項,,四層,一層 二層 三層 四層 騎樓 地下層
RPSNMLNLPHNFFAV47CA,38,1761.45,見其他登記事項,見其他登記事項,69年5月31日,五層,一層 二層 三層 四層 五層 地下層
RPPNMLNLPHNFFAV17CA,22,2792.94,見其他登記事項,鋼筋混凝土造,85年1月20日,七層,一層 二層 三層 四層 五層 六層 七層 騎樓 地下一層 地下二層
RPSNMLTJPHNFFAV87CA,25,28.00,商業用,鋼筋混凝土造,82年10月26日,六層,一層
RPSNMLTJPHNFFAV87CA,25,11.62,見其他登記事項,鋼筋混凝土造,82年10月26日,六層,
RPPNMLMKPHNFFAV07DA,33,110.04,住家用,加強磚造,74年8月14日,二層,一層 二層 騎樓
RPTNMLTJPHNFFAV97CA,38,97.53,住家用,加強磚造,69年5月14日,二層,一層 二層
RPTNMLKKPHNFFAV17CA,36,98.73,住家用,加強磚造,70年12月10日,二層,一層 二層
RPQNMLKKPHNFFAV86CA,23,94.81,見其他登記事項,鋼筋混凝土造,84年2月17日,八層,一層
RPQNMLKKPHNFFAV86CA,23,15.37,見其他登記事項,鋼筋混凝土造,84年2月17日,八層,
RPQNMLKKPHNFFAV86CA,23,11.40,見其他登記事項,鋼筋混凝土造,84年2月17日,八層,
RPPOMLLKPHNFFAV96CA,33,76.38,住家用,加強磚造,73年12月24日,二層,一層 二層 騎樓
RPPOMLLKPHNFFAV96CA,33,76.38,住家用,加強磚造,73年12月24日,二層,一層 二層 騎樓
RPPNMLRKPHNFFBV57CA,37,117.14,住家用,加強磚造,70年11月23日,二層,一層 二層 騎樓
RPTNMLQKPHNFFAV77CA,40,69.30,住家用,加強磚造,67年4月25日,二層,一層 二層
RPUNMLKKPHNFFAV37DA,24,50.91,住家用,鋼筋混凝土造,83年12月19日,五層,二層
RPUNMLKKPHNFFAV37DA,24,38.00,住家用,鋼筋混凝土造,83年12月19日,五層,二層
RPUNMLKKPHNFFAV37DA,24,28.71,住家用,鋼筋混凝土造,83年12月19日,五層,二層
RPUNMLKKPHNFFAV37DA,24,1.18,見其他登記事項,鋼筋混凝土造,83年12月19日,五層,
RPUNMLKKPHNFFAV37DA,24,1.18,見其他登記事項,鋼筋混凝土造,83年12月19日,五層,
RPUNMLKKPHNFFAV37DA,24,23.97,見其他登記事項,鋼筋混凝土造,83年12月19日,五層,
RPWNMLTKPHNFFAV38CA,34,121.90,住家用,加強磚造,73年9月1日,二層,一層 二層 騎樓
RPQNMLOLPHNFFAV37CA,20,481.44,農舍,鋼筋混凝土造,87年2月19日,二層,一層 二層
RPSNMLLKPHNFFAV17CA,35,507.24,住家用,鋼筋混凝土造,72年1月1日,三層,一層 二層 三層 騎樓 地下層
RPVNMLLKPHNFFAV47CA,,236.08,見其他登記事項,見其他登記事項,107年4月25日,三層,一層 二層 三層 見其他登記事項
RPTNMLLKPHNFFAV27CA,,111.16,見其他登記事項,見其他登記事項,107年5月3日,三層,一層 二層 三層
RPTNMLLKPHNFFAV27CA,,111.16,見其他登記事項,見其他登記事項,107年5月3日,三層,一層 二層 三層
RPTOMLMJQHNFFAV47CA,,126.05,見其他登記事項,見其他登記事項,107年4月19日,一層,一層
RPROMLKMPHNFFAV27CA,22,189.09,住家用,鋼筋混凝土造,85年2月16日,三層,一層 二層 三層
RPXNMLLKPHNFFAV67CA,26,173.83,住家用,鋼筋混凝土造,81年1月11日,三層,一層 二層 三層
RPUNMLLKPHNFFAV37CA,,219.79,見其他登記事項,見其他登記事項,107年5月3日,三層,一層 二層 三層
RPWNMLLKPHNFFAV57CA,12,246.44,見其他登記事項,見其他登記事項,94年12月13日,三層,一層 二層 三層 騎樓
RPWNMLLKPHNFFAV57CA,12,246.44,見其他登記事項,見其他登記事項,94年12月13日,三層,一層 二層 三層 騎樓
RPQNMLMKPHNFFAV07CA,22,73.40,見其他登記事項,鋼筋混凝土造,85年3月26日,八層,三層
RPQNMLMKPHNFFAV07CA,22,8.44,見其他登記事項,鋼筋混凝土造,85年3月26日,八層,
RPQNMLMKPHNFFAV07CA,22,12.89,見其他登記事項,鋼筋混凝土造,85年3月26日,八層,
RPPNMLSKPHNFFAV57CA,24,74.90,見其他登記事項,鋼筋混凝土造,83年5月17日,六層,三層
RPPNMLSKPHNFFAV57CA,24,7.62,見其他登記事項,鋼筋混凝土造,83年5月17日,六層,
RPPNMLSKPHNFFAV57CA,24,14.71,見其他登記事項,鋼筋混凝土造,83年5月17日,六層,
RPPNMLSKPHNFFAV57CA,24,6.30,見其他登記事項,鋼筋混凝土造,83年5月17日,六層,
RPPNMLQKPHNFFAV37CA,40,82.98,住家用,加強磚造,67年11月9日,二層,一層 二層
RPVNMLQKPHNFFAV97CA,35,93.78,國民住宅,鋼筋混凝土造,72年10月19日,四層,三層
RPVNMLQKPHNFFAV97CA,,4.78,見其他登記事項,見其他登記事項,,四層,
RPPNMLQKPHNFFDV67CA,24,31.54,見其他登記事項,鋼筋混凝土造,83年9月30日,八層,三層
RPPNMLQKPHNFFDV67CA,24,6.07,見其他登記事項,鋼筋混凝土造,83年9月30日,八層,
RPRNMLRKPHNFFAV67CA,,229.87,見其他登記事項,見其他登記事項,107年4月25日,三層,一層 二層 三層 見其他登記事項
RPQNMLLMPHNFFAV17CA,1,241.48,見其他登記事項,見其他登記事項,106年3月24日,三層,一層 二層 三層 屋頂突出物
RPPNMLPLPHNFFDV67CA,24,31.54,見其他登記事項,鋼筋混凝土造,83年9月30日,八層,四層
RPPNMLPLPHNFFDV67CA,24,6.07,見其他登記事項,鋼筋混凝土造,83年9月30日,八層,
RPQNMLNKPHNFFDV47CA,23,199.65,住商用,鋼筋混凝土造,84年7月25日,三層,一層 二層 三層 騎樓
RPTNMLRKPHNFFAV87CA,,111.46,見其他登記事項,見其他登記事項,107年5月3日,三層,一層 二層 三層
RPTNMLRKPHNFFAV87CA,,111.46,見其他登記事項,見其他登記事項,107年5月3日,三層,一層 二層 三層
RPQNMLSKPHNFFAV67CA,24,83.80,見其他登記事項,鋼筋混凝土造,83年6月1日,三層,一層
RPQNMLSKPHNFFAV67CA,24,9.54,見其他登記事項,鋼筋混凝土造,83年6月1日,三層,
RPSNMLTKPHNFFAV97CA,,58.30,住家用,見其他登記事項,,一層,一層
RPRNMLOLPHNFFDV77CA,24,31.54,見其他登記事項,鋼筋混凝土造,83年9月30日,八層,八層
RPRNMLOLPHNFFDV77CA,24,6.07,見其他登記事項,鋼筋混凝土造,83年9月30日,八層,
RPPNMLOLPHNFFDV57CA,24,31.54,見其他登記事項,鋼筋混凝土造,83年9月30日,八層,八層
RPPNMLOLPHNFFDV57CA,24,6.07,見其他登記事項,鋼筋混凝土造,83年9月30日,八層,
RPTNMLTKPHNFFAV08CA,,237.14,見其他登記事項,見其他登記事項,107年3月23日,三層,一層 二層 三層 見其他登記事項
RPQNMLLMPHNFFBV27CA,32,110.34,住家用,加強磚造,75年6月1日,二層,一層 二層 騎樓
RPPNMLKLPHNFFCV07CA,1,230.59,見其他登記事項,鋼筋混凝土造,106年11月10日,三層,一層 二層 三層
RPRNMLPLPHNFFBV67CA,39,102.00,住家用,鋼筋混凝土造,67年12月8日,二層,一層 二層
RPTOMLNLPHNFFAV67CA,,66.48,見其他登記事項,見其他登記事項,107年3月23日,九層,二層
RPTOMLNLPHNFFAV67CA,,28.60,見其他登記事項,見其他登記事項,107年3月23日,九層,
RPXNMLOKQHNFFAV08CA,45,39.48,住家用,見其他登記事項,62年3月16日,一層,一層 騎樓
RPVOMLNLPHNFFAV87CA,,60.37,見其他登記事項,見其他登記事項,107年3月23日,九層,二層
RPVOMLNLPHNFFAV87CA,,25.86,見其他登記事項,見其他登記事項,107年3月23日,九層,
RPUOMLNLPHNFFAV77CA,,56.94,見其他登記事項,見其他登記事項,107年3月23日,九層,二層
RPUOMLNLPHNFFAV77CA,,24.37,見其他登記事項,見其他登記事項,107年3月23日,九層,
RPWOMLNLPHNFFAV97CA,,58.11,見其他登記事項,見其他登記事項,107年3月23日,九層,二層
RPWOMLNLPHNFFAV97CA,,24.87,見其他登記事項,見其他登記事項,107年3月23日,九層,
RPRNMLLMPHNFFAV27CA,22,36.23,見其他登記事項,鋼筋混凝土造,85年6月28日,九層,八層
RPRNMLLMPHNFFAV27CA,22,4.10,見其他登記事項,鋼筋混凝土造,85年6月28日,九層,
RPRNMLLMPHNFFAV27CA,22,7.20,見其他登記事項,鋼筋混凝土造,85年6月28日,九層,
RPOPMLNLPHNFFAV27CA,,66.48,見其他登記事項,見其他登記事項,107年3月23日,九層,三層
RPOPMLNLPHNFFAV27CA,,28.60,見其他登記事項,見其他登記事項,107年3月23日,九層,
RPPPMLNLPHNFFAV37CA,,56.94,見其他登記事項,見其他登記事項,107年3月23日,九層,三層
RPPPMLNLPHNFFAV37CA,,24.37,見其他登記事項,見其他登記事項,107年3月23日,九層,
RPQPMLNLPHNFFAV47CA,,55.68,見其他登記事項,見其他登記事項,107年3月23日,九層,三層
RPQPMLNLPHNFFAV47CA,,23.87,見其他登記事項,見其他登記事項,107年3月23日,九層,
RPPNMLKLPHNFFDV17CA,32,127.54,住家用,加強磚造,75年7月9日,二層,一層 二層 騎樓
RPTNMLKLQHNFFAV37CA,,72.26,見其他登記事項,見其他登記事項,107年3月23日,九層,三層
RPTNMLKLQHNFFAV37CA,,61.42,見其他登記事項,見其他登記事項,107年3月23日,九層,
RPSNMLKLQHNFFAV27CA,,102.93,見其他登記事項,見其他登記事項,107年3月23日,九層,一層 騎樓
RPSNMLKLQHNFFAV27CA,,24.62,見其他登記事項,見其他登記事項,107年3月23日,九層,
RPPNMLTKPHNFFAV77DA,55,83.89,見其他登記事項,加強磚造,52年1月1日,一層,一層
RPVNMLTKPHNFFAV28CA,24,170.13,住商用,鋼筋混凝土造,83年5月11日,四層,一層 二層 三層 四層 騎樓
RPPNMLKLPHNFFAV86CA,12,118.69,見其他登記事項,鋼筋混凝土造,95年3月10日,十層,六層
RPPNMLKLPHNFFAV86CA,12,90.40,見其他登記事項,鋼筋混凝土造,95年3月10日,十層,
RPRNMLKLQHNFFAV17CA,,114.00,見其他登記事項,見其他登記事項,107年3月23日,九層,四層
RPRNMLKLQHNFFAV17CA,,79.57,見其他登記事項,見其他登記事項,107年3月23日,九層,
RPSOMLMJQHNFFAV37CA,38,107.09,住家用,加強磚造,69年2月4日,二層,一層 二層
RPROMLMJQHNFFAV27CA,38,110.73,住家用,加強磚造,69年2月4日,二層,一層 二層
RPRPMLNLPHNFFAV57CA,,61.04,見其他登記事項,見其他登記事項,107年3月23日,九層,三層
RPRPMLNLPHNFFAV57CA,,26.11,見其他登記事項,見其他登記事項,107年3月23日,九層,
RPQNMLRLPHNFFAV67CA,21,25.56,見其他登記事項,鋼筋混凝土造,85年6月28日,九層,五層
RPQNMLRLPHNFFAV67CA,21,3.01,見其他登記事項,鋼筋混凝土造,85年6月28日,九層,
RPQNMLRLPHNFFAV67CA,21,5.18,見其他登記事項,鋼筋混凝土造,85年6月28日,九層,
RPSPMLNLPHNFFAV67CA,,58.85,見其他登記事項,見其他登記事項,107年3月23日,九層,三層
RPSPMLNLPHNFFAV67CA,,25.36,見其他登記事項,見其他登記事項,107年3月23日,九層,
RPSNMLOLPHNFFAV57CA,,58.85,見其他登記事項,見其他登記事項,107年3月23日,九層,四層
RPSNMLOLPHNFFAV57CA,,25.36,見其他登記事項,見其他登記事項,107年3月23日,九層,
RPOOMLNLPHNFFAV17CA,37,111.07,住家用,鋼筋混凝土加強磚造,70年2月9日,三層,一層 二層 三層
RPXNMLNLPHNFFAV97CA,39,89.56,住家用,加強磚造,68年6月30日,二層,一層 二層
RPPNMLRLPHNFFAV67DA,14,169.94,住家用,鋼筋混凝土造,93年4月13日,三層,一層 二層 三層
RPVNMLNLPHNFFAV77CA,24,27.12,見其他登記事項,鋼筋混凝土造,83年5月17日,六層,一層
RPVNMLNLPHNFFAV77CA,24,1.97,見其他登記事項,鋼筋混凝土造,83年5月17日,六層,
RPVNMLNLPHNFFAV77CA,24,4.59,見其他登記事項,鋼筋混凝土造,83年5月17日,六層,
RPVNMLNLPHNFFAV77CA,24,2.38,見其他登記事項,鋼筋混凝土造,83年5月17日,六層,
RPVNMLKLQHNFFAV57CA,,66.48,見其他登記事項,見其他登記事項,107年3月23日,九層,四層
RPVNMLKLQHNFFAV57CA,,61.92,見其他登記事項,見其他登記事項,107年3月23日,九層,
RPPNMLRLPHNFFCV77CA,20,144.18,見其他登記事項,加強磚造,86年9月20日,二層,一層 二層 騎樓
RPUNMLKLQHNFFAV47CA,,114.00,見其他登記事項,見其他登記事項,107年3月23日,九層,五層
RPUNMLKLQHNFFAV47CA,,79.57,見其他登記事項,見其他登記事項,107年3月23日,九層,
RPWNMLKLQHNFFAV67CA,,114.00,見其他登記事項,見其他登記事項,107年3月23日,九層,六層
RPWNMLKLQHNFFAV67CA,,79.57,見其他登記事項,見其他登記事項,107年3月23日,九層,
RPUNMLOLPHNFFAV77CA,,51.84,見其他登記事項,見其他登記事項,107年3月23日,九層,五層
RPUNMLOLPHNFFAV77CA,,22.38,見其他登記事項,見其他登記事項,107年3月23日,九層,
RPWNMLOLPHNFFAV97CA,,58.85,見其他登記事項,見其他登記事項,107年3月23日,九層,五層
RPWNMLOLPHNFFAV97CA,,25.36,見其他登記事項,見其他登記事項,107年3月23日,九層,
RPVNMLOLPHNFFAV87CA,22,88.13,見其他登記事項,鋼筋混凝土造,85年6月28日,九層,七層
RPVNMLOLPHNFFAV87CA,22,9.21,見其他登記事項,鋼筋混凝土造,85年6月28日,九層,
RPVNMLOLPHNFFAV87CA,22,9.85,見其他登記事項,鋼筋混凝土造,85年6月28日,九層,
RPPNMLPLPHNFFAV37CA,,56.94,見其他登記事項,見其他登記事項,107年3月23日,九層,六層
RPPNMLPLPHNFFAV37CA,,24.37,見其他登記事項,見其他登記事項,107年3月23日,九層,
RPTNMLQLPHNFFAV87CA,37,117.67,住家用,加強磚造,70年5月29日,二層,一層 二層 騎樓
RPSNMLKMPHNFFAV27CA,7,203.87,見其他登記事項,見其他登記事項,100年5月13日,三層,一層 二層 三層 屋頂突出物
RPQNMLKMPHNFFAV07CA,25,24.33,見其他登記事項,鋼筋混凝土造,82年5月22日,十二層,十一層
RPQNMLKMPHNFFAV07CA,25,6.37,見其他登記事項,鋼筋混凝土造,82年5月22日,十二層,
RPQNMLKMPHNFFAV07CA,25,3.03,共有部分,鋼筋混凝土造,82年5月22日,十二層,
RPVNMLQLPHNFFAV08CA,39,59.90,住家用,加強磚造,68年7月6日,二層,一層 二層 騎樓
RPVNMLQLPHNFFAV08CA,39,59.90,住家用,加強磚造,68年7月6日,二層,一層 二層 騎樓
RPRNMLQLPHNFFAV67CA,,109.90,見其他登記事項,見其他登記事項,107年5月3日,三層,一層 二層 三層
RPRNMLQLPHNFFAV67CA,,109.90,見其他登記事項,見其他登記事項,107年5月3日,三層,一層 二層 三層
RPQNMLPLPHNFFAV47CA,,55.68,見其他登記事項,見其他登記事項,107年3月23日,九層,六層
RPQNMLPLPHNFFAV47CA,,23.87,見其他登記事項,見其他登記事項,107年3月23日,九層,
RPPOMLLJQHNFFAV96CA,33,223.60,住家用,加強磚造,74年7月24日,二層,一層 二層 騎樓
RPPNMLQLPHNFFAV47CA,,51.84,見其他登記事項,見其他登記事項,107年3月23日,九層,七層
RPPNMLQLPHNFFAV47CA,,22.38,見其他登記事項,見其他登記事項,107年3月23日,九層,
RPXNMLKLQHNFFAV77CA,,66.48,見其他登記事項,見其他登記事項,107年3月23日,九層,七層
RPXNMLKLQHNFFAV77CA,,61.92,見其他登記事項,見其他登記事項,107年3月23日,九層,
RPROMLOKQHNFFAV57CA,,64.14,住家用,見其他登記事項,,一層,一層
RPQNMLQLPHNFFAV57CA,,58.85,見其他登記事項,見其他登記事項,107年3月23日,九層,六層
RPQNMLQLPHNFFAV57CA,,25.36,見其他登記事項,見其他登記事項,107年3月23日,九層,
RPRNMLKMPHNFFAV17CA,39,86.58,住家用,加強磚造,67年11月9日,二層,一層 二層
RPOOMLKLQHNFFAV96CA,,61.04,見其他登記事項,見其他登記事項,107年3月23日,九層,七層
RPOOMLKLQHNFFAV96CA,,26.11,見其他登記事項,見其他登記事項,107年3月23日,九層,
RPOOMLQLPHNFFAV47CA,,55.68,見其他登記事項,見其他登記事項,107年3月23日,九層,七層
RPOOMLQLPHNFFAV47CA,,23.87,見其他登記事項,見其他登記事項,107年3月23日,九層,
RPQNMLTLPHNFFAV87CA,,58.85,見其他登記事項,見其他登記事項,107年3月23日,九層,七層
RPQNMLTLPHNFFAV87CA,,25.36,見其他登記事項,見其他登記事項,107年3月23日,九層,
RPPNMLTLPHNFFAV77CA,,28.47,見其他登記事項,見其他登記事項,107年3月23日,九層,七層
RPPNMLTLPHNFFAV77CA,,12.18,見其他登記事項,見其他登記事項,107年3月23日,九層,
RPPNMLTLPHNFFAV77CA,,28.47,見其他登記事項,見其他登記事項,107年3月23日,九層,七層
RPPNMLTLPHNFFAV77CA,,12.18,見其他登記事項,見其他登記事項,107年3月23日,九層,
RPWNMLKMPHNFFAV67CA,24,23.83,見其他登記事項,鋼筋混凝土造,83年1月26日,七層,三層
RPWNMLKMPHNFFAV67CA,24,.57,共有部分,鋼筋混凝土造,83年1月26日,七層,
RPWNMLKMPHNFFAV67CA,24,.57,共有部分,鋼筋混凝土造,83年1月26日,七層,
RPWNMLKMPHNFFAV67CA,24,.57,共有部分,鋼筋混凝土造,83年1月26日,七層,
RPWNMLKMPHNFFAV67CA,24,.57,共有部分,鋼筋混凝土造,83年1月26日,七層,
RPWNMLKMPHNFFAV67CA,24,.57,共有部分,鋼筋混凝土造,83年1月26日,七層,
RPWNMLKMPHNFFAV67CA,24,.57,共有部分,鋼筋混凝土造,83年1月26日,七層,
RPWNMLKMPHNFFAV67CA,24,.58,共有部分,鋼筋混凝土造,83年1月26日,七層,
RPWNMLKMPHNFFAV67CA,24,4.33,共有部分,鋼筋混凝土造,83年1月26日,七層,
RPVNMLKMPHNFFAV57CA,24,6.90,見其他登記事項,鋼筋混凝土造,83年2月25日,十二層,
RPVNMLKMPHNFFAV57CA,24,48.17,見其他登記事項,鋼筋混凝土造,83年2月25日,十二層,五層
RPVNMLKMPHNFFAV57CA,24,6.48,見其他登記事項,鋼筋混凝土造,83年2月25日,十二層,
RPVNMLKMPHNFFAV57CA,24,48.17,見其他登記事項,鋼筋混凝土造,83年2月25日,十二層,五層
RPVNMLKMPHNFFAV57CA,24,6.90,見其他登記事項,鋼筋混凝土造,83年2月25日,十二層,
RPVNMLKMPHNFFAV57CA,24,6.48,見其他登記事項,鋼筋混凝土造,83年2月25日,十二層,
RPRNMLTLPHNFFAV97CA,,51.84,見其他登記事項,見其他登記事項,107年3月23日,九層,八層
RPRNMLTLPHNFFAV97CA,,22.38,見其他登記事項,見其他登記事項,107年3月23日,九層,
RPPNMLLJQHNFFAV86CA,,237.32,見其他登記事項,見其他登記事項,107年3月23日,三層,一層 二層 三層 見其他登記事項
RPXNMLNLQHNFFAV08CA,,61.04,見其他登記事項,見其他登記事項,107年3月23日,九層,六層
RPXNMLNLQHNFFAV08CA,,26.11,見其他登記事項,見其他登記事項,107年3月23日,九層,
RPPOMLKLQHNFFAV07CA,,64.37,見其他登記事項,見其他登記事項,107年3月23日,九層,八層
RPPOMLKLQHNFFAV07CA,,57.94,見其他登記事項,見其他登記事項,107年3月23日,九層,
RPPNMLLKQHNFFAV96CA,38,131.46,住家用,加強磚造,69年7月5日,二層,一層 二層 騎樓
RPQOMLKLQHNFFAV17CA,,114.00,見其他登記事項,見其他登記事項,107年3月23日,九層,三層
RPQOMLKLQHNFFAV17CA,,79.57,見其他登記事項,見其他登記事項,107年3月23日,九層,
RPUNMLLLQHNFFAV57CA,,104.32,見其他登記事項,見其他登記事項,107年3月23日,九層,九層
RPUNMLLLQHNFFAV57CA,,75.10,見其他登記事項,見其他登記事項,107年3月23日,九層,
RPQNMLLJQHNFFAV96CA,36,152.70,住家用,加強磚造,71年2月20日,二層,一層 二層
RPQOMLKMPHNFFAV17CA,6,201.80,見其他登記事項,見其他登記事項,101年3月13日,三層,一層 二層 三層
RPPNMLLMPHNFFAV07CA,,51.84,見其他登記事項,見其他登記事項,107年3月23日,九層,三層
RPPNMLLMPHNFFAV07CA,,22.38,見其他登記事項,見其他登記事項,107年3月23日,九層,
RPSNMLLJQHNFFAV17CA,,55.68,見其他登記事項,見其他登記事項,107年3月23日,九層,四層
RPSNMLLJQHNFFAV17CA,,23.87,見其他登記事項,見其他登記事項,107年3月23日,九層,
RPUNMLLJQHNFFAV37CA,25,27.19,見其他登記事項,鋼筋混凝土造,82年5月22日,十二層,十一層
RPUNMLLJQHNFFAV37CA,25,7.26,見其他登記事項,鋼筋混凝土造,82年5月22日,十二層,
RPUNMLLJQHNFFAV37CA,25,3.45,共有部分,鋼筋混凝土造,82年5月22日,十二層,
RPWNMLLJQHNFFAV57CA,13,422.40,見其他登記事項,見其他登記事項,94年9月5日,一層,一層
RPXNMLLJQHNFFAV67CA,,237.32,見其他登記事項,見其他登記事項,107年3月23日,三層,一層 二層 三層 見其他登記事項
RPVNMLLJQHNFFAV47CA,,50.25,住家用,見其他登記事項,,一層,一層
RPQOMLLJQHNFFAV07CA,,56.94,見其他登記事項,見其他登記事項,107年3月23日,九層,五層
RPQOMLLJQHNFFAV07CA,,24.37,見其他登記事項,見其他登記事項,107年3月23日,九層,
RPUNMLRJQHNFFAV97CA,38,193.20,住家用,見其他登記事項,69年2月4日,三層,一層 二層 三層 騎樓 地下層
RPOOMLSJQHNFFAV57CA,22,165.18,住家用,鋼筋混凝土造,85年1月13日,四層,一層 二層 三層 四層
RPTNMLMJQHNFFAV37CA,,250.00,見其他登記事項,見其他登記事項,107年5月8日,三層,一層 二層 三層 騎樓 見其他登記事項
RPXNMLMJQHNFFAV77CA,7,219.87,見其他登記事項,見其他登記事項,100年6月17日,三層,一層 二層 三層
RPOOMLLJQHNFFAV86CA,,230.56,見其他登記事項,見其他登記事項,107年3月22日,三層,一層 二層 三層 見其他登記事項
RPTNMLMLQHNFFAV57CA,35,103.44,住家用,加強磚造,72年12月21日,二層,一層 二層 騎樓
RPROMLKLQHNFFAV27CA,,72.26,見其他登記事項,見其他登記事項,107年3月23日,九層,二層
RPROMLKLQHNFFAV27CA,,64.41,見其他登記事項,見其他登記事項,107年3月23日,九層,
RPQNMLNJQHNFFAV17CA,,72.26,見其他登記事項,見其他登記事項,107年3月23日,九層,五層
RPQNMLNJQHNFFAV17CA,,31.08,見其他登記事項,見其他登記事項,107年3月23日,九層,
RPSNMLMJQHNFFAV27CA,45,48.80,住家用,見其他登記事項,62年7月7日,一層,一層 騎樓
RPVNMLRJQHNFFAV08CA,23,107.02,住家用,見其他登記事項,84年10月26日,一層,一層
RPQNMLRJQHNFFAV57CA,24,30.34,見其他登記事項,鋼筋混凝土造,83年4月19日,十四層,二層
RPQNMLRJQHNFFAV57CA,24,11.59,見其他登記事項,鋼筋混凝土造,83年4月19日,十四層,
RPRNMLNJQHNFFAV27CA,,66.48,見其他登記事項,見其他登記事項,107年3月23日,九層,五層
RPRNMLNJQHNFFAV27CA,,28.60,見其他登記事項,見其他登記事項,107年3月23日,九層,
RPUNMLQJQHNFFAV87CA,7,180.72,住家用,見其他登記事項,100年9月28日,三層,一層 二層 三層
RPRNMLRJQHNFFAV67CA,35,100.53,見其他登記事項,鋼筋混凝土造,72年2月9日,四層,四層
RPRNMLRJQHNFFAV67CA,35,6.87,見其他登記事項,鋼筋混凝土造,72年2月9日,四層,
RPRNMLRJQHNFFAV67CA,35,1.15,見其他登記事項,鋼筋混凝土造,72年2月9日,四層,
RPRNMLRJQHNFFAV67CA,35,.99,見其他登記事項,鋼筋混凝土造,72年2月9日,四層,
RPXNMLNJQHNFFAV87CA,22,367.81,見其他登記事項,鋼筋混凝土造,85年6月1日,五層,一層 二層 三層 四層 五層
RPTOMLKLQHNFFAV47CA,,57.00,見其他登記事項,見其他登記事項,107年3月23日,九層,二層
RPTOMLKLQHNFFAV47CA,,39.79,見其他登記事項,見其他登記事項,107年3月23日,九層,
RPTOMLKLQHNFFAV47CA,,57.00,見其他登記事項,見其他登記事項,107年3月23日,九層,二層
RPTOMLKLQHNFFAV47CA,,39.79,見其他登記事項,見其他登記事項,107年3月23日,九層,
RPUOMLKLQHNFFAV57CA,,114.00,見其他登記事項,見其他登記事項,107年3月23日,九層,七層
RPUOMLKLQHNFFAV57CA,,79.33,見其他登記事項,見其他登記事項,107年3月23日,九層,
RPRNMLQJQHNFFAV57CA,42,87.52,住家用,見其他登記事項,65年8月24日,二層,一層 二層
RPWNMLSJQHNFFAV28CA,25,154.84,住家用,鋼筋混凝土造,82年3月8日,三層,一層 二層 三層
RPTNMLQJQHNFFAV77CA,35,111.17,住家用,加強磚造,72年12月24日,二層,一層 二層 騎樓
RPPOMLSJQHNFFAV67CA,22,114.06,住家用,加強磚造,85年3月19日,二層,一層 二層
RPSOMLKLQHNFFAV37CA,,66.48,見其他登記事項,見其他登記事項,107年3月23日,九層,六層
RPSOMLKLQHNFFAV37CA,,61.92,見其他登記事項,見其他登記事項,107年3月23日,九層,
RPPNMLTJQHNFFDV97CA,43,103.82,住家用,見其他登記事項,65年1月1日,一層,一層
RPSNMLKKQHNFFAV17CA,30,252.90,住家用,見其他登記事項,77年7月14日,一層,一層
RPVOMLKLQHNFFAV67CA,,129.36,見其他登記事項,見其他登記事項,107年3月23日,九層,一層 騎樓
RPVOMLKLQHNFFAV67CA,,61.42,見其他登記事項,見其他登記事項,107年3月23日,九層,
RPQNMLQKQHNFFDV87CA,24,31.54,見其他登記事項,鋼筋混凝土造,83年9月30日,八層,三層
RPQNMLQKQHNFFDV87CA,24,6.07,見其他登記事項,鋼筋混凝土造,83年9月30日,八層,
RPTNMLOKQHNFFAV67CA,24,32.70,見其他登記事項,鋼筋混凝土造,83年4月19日,十四層,三層
RPQNMLTJQHNFFAV77CA,,51.84,見其他登記事項,見其他登記事項,107年3月23日,九層,二層
RPTNMLOKQHNFFAV67CA,24,13.82,見其他登記事項,鋼筋混凝土造,83年4月19日,十四層,
RPQNMLTJQHNFFAV77CA,,22.38,見其他登記事項,見其他登記事項,107年3月23日,九層,
RPQNMLSJQHNFFAV67CA,,171.62,見其他登記事項,見其他登記事項,107年5月25日,三層,一層 二層 三層
RPTNMLSJQHNFFAV97CA,,193.18,見其他登記事項,見其他登記事項,107年5月25日,三層,一層 二層 三層
RPRNMLKKQHNFFAV07CA,2,155.06,見其他登記事項,見其他登記事項,105年11月16日,三層,一層 二層 三層 屋頂突出物
RPRNMLKKQHNFFAV07CA,2,155.06,見其他登記事項,見其他登記事項,105年11月16日,三層,一層 二層 三層 屋頂突出物
RPPOMLMJQHNFFAV07CA,32,304.84,見其他登記事項,鋼筋混凝土造,75年4月14日,四層,一層 二層 三層 四層 騎樓 地下層
RPUNMLTJQHNFFAV18CA,45,122.32,住家用,見其他登記事項,62年12月28日,四層,一層 二層 三層 四層
RPTOMLTJQHNFFAV18CA,,55.68,見其他登記事項,見其他登記事項,107年3月23日,九層,二層
RPTOMLTJQHNFFAV18CA,,23.87,見其他登記事項,見其他登記事項,107年3月23日,九層,
RPROMLTJQHNFFAV97CA,,193.18,見其他登記事項,見其他登記事項,107年5月25日,三層,一層 二層 三層
RPQOMLTJQHNFFAV87CA,,213.46,見其他登記事項,見其他登記事項,107年5月25日,三層,一層 二層 三層 屋頂突出物
RPRNMLSJQHNFFAV77CA,,171.62,見其他登記事項,見其他登記事項,107年5月25日,三層,一層 二層 三層
RPSNMLSJQHNFFAV87CA,,193.18,見其他登記事項,見其他登記事項,107年5月25日,三層,一層 二層 三層
RPUNMLSJQHNFFAV08CA,3,111.19,住家用,見其他登記事項,104年9月30日,三層,一層 二層 三層
RPUNMLSJQHNFFAV08CA,3,111.19,住家用,見其他登記事項,104年9月30日,三層,一層 二層 三層
SPSOMLTJQHNFFAV18CA,25,29.19,見其他登記事項,鋼筋混凝土造,82年5月22日,十二層,十一層
SPSOMLTJQHNFFAV18CA,25,7.49,見其他登記事項,鋼筋混凝土造,82年5月22日,十二層,
SPSOMLTJQHNFFAV18CA,25,3.56,共有部分,鋼筋混凝土造,82年5月22日,十二層,
RPUOMLTJQHNFFAV28CA,,56.94,見其他登記事項,見其他登記事項,107年3月23日,九層,四層
RPUOMLTJQHNFFAV28CA,,24.37,見其他登記事項,見其他登記事項,107年3月23日,九層,
RPXOMLKLQHNFFAV87CA,,72.26,見其他登記事項,見其他登記事項,107年3月23日,九層,六層
RPXOMLKLQHNFFAV87CA,,61.42,見其他登記事項,見其他登記事項,107年3月23日,九層,
RPPNMLPKQHNFFCV67DA,29,100.00,住家用,加強磚造,78年10月12日,一層,一層
RPPNMLKKQHNFFAV86CA,26,284.31,農舍,鋼筋混凝土造,81年11月5日,三層,一層 二層 三層
RPSNMLNKQHNFFAV47CA,7,178.15,住家用,見其他登記事項,100年9月28日,三層,一層 二層 三層
RPTNMLNKQHNFFAV57CA,,237.14,見其他登記事項,見其他登記事項,107年3月23日,三層,一層 二層 三層 見其他登記事項
RPWOMLKLQHNFFAV77CA,,72.26,見其他登記事項,見其他登記事項,107年3月23日,九層,七層
RPWOMLKLQHNFFAV77CA,,61.42,見其他登記事項,見其他登記事項,107年3月23日,九層,
RPUNMLNKQHNFFAV67CA,,232.71,見其他登記事項,見其他登記事項,107年3月22日,三層,一層 二層 三層 見其他登記事項
RPRNMLNKQHNFFAV37CA,8,222.30,住家用,見其他登記事項,99年9月30日,三層,一層 二層 三層
RPVNMLQKQHNFFAV08CA,1,201.87,見其他登記事項,見其他登記事項,106年9月27日,三層,一層 二層 三層 屋頂突出物
RPSOMLTJQHNFFAV08CA,25,29.19,見其他登記事項,鋼筋混凝土造,82年5月22日,十二層,十一層
RPSOMLTJQHNFFAV08CA,25,7.49,見其他登記事項,鋼筋混凝土造,82年5月22日,十二層,
RPSOMLTJQHNFFAV08CA,25,3.56,共有部分,鋼筋混凝土造,82年5月22日,十二層,
RPQNMLQKQHNFFBV67CA,38,55.34,住家用,加強磚造,69年12月5日,二層,一層 二層 騎樓
RPQNMLQKQHNFFBV67CA,38,55.34,住家用,加強磚造,69年12月5日,二層,一層 二層 騎樓
