﻿編號,土地區段位置,土地移轉面積平方公尺,使用分區或編定
The serial number,land sector position,land shifting area square meter,the use zoning or compiles and checks
RPXNMLLJQHIFFAF38CC,學成段,6.48,都市：住
RPXOMLLJQHIFFAF48CC,幸福段,26.50,都市：住
RPXNMLLJQHIFFDF68CC,金龍段,12.48,都市：住
RPXPMLLJQHIFFAF58CC,介壽段,6.75,都市：商
RPQPMLLJQHIFFIF68CC,大學段一小段,10.07,都市：商
RPSPMLLJQHIFFIF88CC,大學段一小段,27.94,都市：住
RPWQMLLJQHIFFAF68DC,文化段,2.18,都市：住
RPSPMLLJQHIFFAF18DC,文化段,.83,都市：住
RPUQMLLJQHIFFAF48DC,文化段,.83,都市：住
RPVQMLLJQHIFFAF58DC,文化段,.83,都市：住
RPWNMLMJQHIFFAF58EC,成功段,16.69,都市：住
RPROMLMJQHIFFAF18EC,南天母段,44.36,非都市：山坡地保育區 ; 非都市編定：丙種建築用地
RPVOMLMJQHIFFAF58EC,土城段,31.17,都市：住
RPWOMLMJQHIFFAF68EC,樂利段,1.75,都市：住
RPXOMLMJQHIFFAF78EC,和平段,88.69,都市：工
RPOPMLMJQHIFFAF97EC,重慶段,40.00,都市：住
RPXOMLLJQHIFFEF88CC,仁愛段,67.73,都市：住
RPWPMLLJQHIFFEF88CC,公司田段,6890.67,都市：其他
RPUNMLMJQHIFFIF98CC,水源段,8.21,都市：住
RPTOMLMJQHIFFEF58CC,馬偕段,4.18,都市：住
RPRNMLNJQHIFFDF28CC,智興段,.00,都市：商
RPQNMLNJQHIFFDF18CC,智興段,.00,都市：商
RPPNMLNJQHIFFDF08CC,智興段,.00,都市：商
RPPNMLNJQHIFFDF08CC,智興段,.00,都市：其他
RPRSMLMJQHIFFEF78CC,竹圍段,.00,都市：住
RPVRMLMJQHIFFEF09CC,飛歌段,14.36,都市：工
RPOSMLMJQHIFFEF48CC,竹圍段,17.11,都市：工
RPPNMLNJQHIFFEF18CC,中興段,7.37,都市：住
RPQNMLNJQHIFFEF28CC,沙崙段,12.19,都市：住
RPRNMLNJQHIFFEF38CC,中興段,5.85,都市：住
RPUNMLNJQHIFFEF68CC,海鷗段,114.95,都市：住
RPPNMLNJQHIFFIF58CC,大學段二小段,20.27,都市：住
RPQTMLLJQHIFFBF38CC,同興段,26.07,都市：商
RPUQMLLJQHIFFBF48CC,昌隆段,18.89,都市：住
RPTNMLMJQHIFFBF18CC,更寮段羅古小段,9011.00,都市：其他
RPOSMLPJQHIFFHF09CC,雙和段,.00,都市：住
RPQNMLNJQHIFFBF97CC,榮富段,17.73,都市：住
RPQSMLPJQHIFFHF66CC,盛昌段,35.70,都市：住
RPTRMLQJQHIFFAF88CC,江子翠段溪頭小段,.00,都市：住
RPTSMLPJQHIFFEF66CC,新巿段,.00,都市：住
RPUNMLPJQHIFFDF78CC,水源段,6.64,都市：住
RPUNMLPJQHIFFDF78CC,水源段,.03,都市：住
RPPPMLQJQHIFFBF38CC,榮和段,19.08,都市：住
RPSPMLQJQHIFFBF68CC,榮富段,12.32,都市：住
RPTPMLQJQHIFFBF78CC,新工段二小段,14.88,都市：住
RPQPMLQJQHIFFBF48CC,全安段,17.00,都市：住
RPUPMLQJQHIFFBF88CC,榮富段,18.77,都市：住
RPXPMLQJQHIFFBF56CC,和平段,19.16,都市：住
RPOQMLQJQHIFFBF38CC,建林段,16.62,都市：商
RPQSMLQJQHIFFHF76CC,永平段,30.86,都市：住
RPWSMLQJQHIFFHF37CC,頂溪段,11.95,都市：住
RPQNMLQJQHIFFHF88CC,橋和段,8352.29,都市：工
RPVSMLQJQHIFFHF27CC,保生段,11.19,都市：住
RPVSMLQJQHIFFHF27CC,保生段,.05,都市：其他
RPRQMLQJQHIFFAF78EC,光仁段,47.33,都市：住
RPXPMLQJQHIFFDF96EC,保長段,3.90,都市：住
RPRNMLRJQHIFFDF88EC,保長段,8.50,都市：住
RPPNMLRJQHIFFDF68EC,保長段,9.37,都市：住
RPQRMLRJQHIFFBF88DC,後港段,8468.43,都市：住
RPSNMLRJQHIFFDF98EC,保長段,9.31,都市：住
RPXOMLRJQHIFFAF66EC,中山段,35.50,都市：住
RPORMLQJQHIFFAF58EC,江子翠段第三崁小段,17.00,都市：住
RPORMLQJQHIFFAF58EC,江子翠段第三崁小段,20.00,都市：住
RPROMLSJQHIFFDF09EC,厚德段,.00,非都市： ; 非都市編定：
RPROMLSJQHIFFDF09EC,厚德段,.00,非都市： ; 非都市編定：
RPRNMLSJQHIFFBF58CC,泰山段一小段,19.01,都市：商
RPOTMLSJQHIFFBF88CC,恒安段,89.53,都市：住
RPOOMLQJQHIFFCF28CC,惠國段,.00,都市：住
RPSQMLPJQHIFFCF78CC,福園段,.00,都市：住
RPOPMLPJQHIFFCF28CC,惠國段,41.49,都市：住
RPXPMLPJQHIFFCF56CC,福園段,26.97,都市：住
RPQQMLPJQHIFFCF58CC,順安段,.00,都市：住
RPXPMLSJQHIFFEF07CC,仁愛段,67.73,都市：住
RPOOMLSJQHIFFEF68CC,竹圍段,6.56,都市：住
RPURMLSJQHIFFAF56CC,介壽段,.00,都市：商
RPTRMLTJQHIFFAF56CC,員仁段,.00,都市：工
RPQPMLTJQHIFFDF98CC,智興段,.00,都市：商
RPRNMLTJQHIFFCF78CC,寶強段,.00,都市：住
RPWOMLTJQHIFFIF37CC,水源段,38.90,都市：住
RPPPMLSJQHIFFHF56CC,景平段,24.00,都市：住
RPPWMLTJQHIFFHF37CC,板南段,.00,都市：工
RPTUMLTJQHIFFHF57CC,捷運段,13.08,都市：其他
RPSPMLTJQHIFFEF66CC,公司田段,.00,都市：住
RPSQMLTJQHIFFEF86DC,新興段,.01,都市：其他
RPSQMLTJQHIFFEF86DC,新興段,5.86,都市：住
RPRNMLKKQHIFFDF08CC,橫科段橫科小段,24.40,非都市：鄉村區 ; 非都市編定：乙種建築用地
RPSNMLKKQHIFFDF18CC,中南段四小段,3.38,都市：住
RPSRMLTJQHIFFDF76CC,橫科段橫科小段,23.75,都市：住
RPVNMLKKQHIFFAF18CC,幸福段,43.11,都市：住
RPSNMLKKQHIFFBF97CC,丹鳳段,22.16,都市：住
RPUNMLKKQHIFFBF18CC,中原段,14.19,都市：住
RPPOMLKKQHIFFBF77CC,國宅段,197.57,都市：住
RPOOMLKKQHIFFBF67CC,中原段,694.45,都市：住
RPWNMLKKQHIFFBF38CC,立言段,25.40,都市：住
RPQOMLKKQHIFFBF87CC,榮富段,7.40,都市：住
RPXNMLKKQHIFFBF48CC,榮富段,8.60,都市：住
RPSOMLKKQHIFFBF08CC,後港段,8.37,都市：住
RPQNMLLKQHIFFDF08CC,建成段,.00,都市：住
RPPNMLLKQHIFFDF97CC,智興段,.00,都市：商
RPPNMLLKQHIFFDF97CC,智興段,.00,都市：住
RPSNMLMKQHIFFBF18CC,化成段,329.92,都市：工
RPSNMLMKQHIFFBF18CC,化成段,23.55,都市：工
RPSNMLMKQHIFFBF18CC,化成段,329.87,都市：工
RPSPMLMKQHIFFDF58CC,智興段,.00,都市：商
RPTPMLMKQHIFFDF68CC,智興段,.00,都市：住
RPQPMLMKQHIFFDF38CC,智興段,.00,都市：商
RPXOMLMKQHIFFHF76CC,國光段,.00,非都市： ; 非都市編定：
RPXOMLMKQHIFFHF76CC,國光段,.00,非都市： ; 非都市編定：
RPQPMLNKQHIFFIF98CC,大學段一小段,31.55,都市：住
RPQNMLNKQHIFFIF78CC,復興段,16.69,都市：住
RPUOMLNKQHIFFIF66CC,大學段二小段,12.09,都市：商
RPVUMLNKQHIFFEF96CC,公司田段,.00,都市：住
RPPSMLNKQHIFFEF78CC,正德段,10.22,都市：住
RPTOMLKKQHIFFBF18CC,復興段,86.99,都市：住
RPVPMLNKQHIFFEF56DC,鄧公段,16.21,都市：住
RPPQMLNKQHIFFEF68DC,學府段,15.33,都市：住
RPPQMLNKQHIFFEF68DC,學府段,.07,都市：住
RPWPMLNKQHIFFHF86CC,大新段,.00,都市：住
RPPQMLOKQHIFFBF38CC,光榮段,209.04,都市：商
RPTOMLOKQHIFFDF78CC,金龍段,24.72,都市：住
RPUOMLOKQHIFFDF88CC,金龍段,24.72,都市：住
RPXQMLNKQHIFFBF09CC,建林段,18.66,都市：其他
RPRNMLNKQHIFFBF18CC,力行段,.00,都市：商
RPXRMLNKQHIFFEF96DC,鄧公段,16.21,都市：住
RPPTMLNKQHIFFEF98DC,鄧公段,17.44,都市：住
RPVNMLPKQHIFFCF88CC,寶橋段,.00,都市：工
RPUNMLPKQHIFFCF78CC,寶橋段,.00,都市：工
RPUNMLPKQHIFFCF78CC,寶橋段,.00,都市：工
RPQPMLPKQHIFFCF58CC,復興段,.00,都市：工
RPTNMLOKQHIFFEF78CC,竹圍段,7.90,都市：住
RPOPMLPKQHIFFDF48CC,智興段,7.29,都市：住
RPPPMLPKQHIFFDF58CC,新峰段,.00,都市：住
RPOPMLPKQHIFFIF98CC,大學段一小段,22.11,都市：住
RPXQMLPKQHIFFIF37CC,大學段一小段,18.80,都市：商
RPRQMLPKQHIFFIF76CC,東昇段,20.31,都市：住
RPQRMLPKQHIFFAF58CC,新興段,.00,都市：商
RPQRMLPKQHIFFAF58CC,新興段,.00,都市：商
RPQRMLPKQHIFFAF58CC,新興段,.00,都市：商
RPQRMLPKQHIFFAF58CC,新興段,.00,都市：商
RPTOMLQKQHIFFDF56EC,環河段,188.74,都市：工
RPXNMLQKQHIFFDF86EC,保安段,7.61,都市：住
RPQTMLPKQHIFFBF88CC,泰山段一小段,2485.00,都市：農
RPVUMLQKQHIFFBF96CC,中山段,.00,都市：工
RPQNMLRKQHIFFBF48CC,自強段,22.32,都市：住
RPPNMLKKQHIFFGF18CC,龍濱段,21.66,都市：住
RPSNMLKKQHIFFGF48CC,二重埔段五谷王小段,5.26,都市：住
RPSNMLRKQHIFFIF76CC,大學段二小段,16.67,都市：商
RPPRMLPKQHIFFGF09CC,富貴段,.00,都市：住
RPSNMLRKQHIFFBF68CC,合鳳段,35.99,都市：住
RPTNMLRKQHIFFBF78CC,中泰段,24.87,都市：住
RPRNMLRKQHIFFBF58CC,中原段,47.03,都市：住
RPSPMLQKQHIFFEF09CC,海天段,12.80,都市：住
RPVNMLRKQHIFFBF98CC,安和段,9.76,都市：工
RPPOMLRKQHIFFBF48CC,榮富段,13.14,都市：住
RPROMLRKQHIFFBF68CC,榮富段,12.60,都市：住
RPOOMLRKQHIFFBF38CC,榮富段,10.36,都市：住
RPWNMLRKQHIFFBF09CC,忠孝段,19.25,都市：住
RPXNMLRKQHIFFBF56CC,和平段,23.89,都市：住
RPUNMLSKQHIFFEF66CC,竹圍段,4.58,都市：住
RPVNMLSKQHIFFEF76CC,紅毛城段,9.58,都市：住
RPTNMLSKQHIFFEF56CC,竹圍段,4.75,都市：商
RPSNMLTKQHIFFEF56CC,公司田段,17.77,都市：住
RPXOMLTKQHIFFDF07CC,中正段,.00,都市：住
RPVOMLTKQHIFFDF86CC,智興段,.00,都市：住
RPQPMLTKQHIFFEF56CC,竹圍段,82.83,都市：住
RPXPMLTKQHIFFEF27CC,紅毛城段,9.58,都市：住
RPTQNLTKQHIFFBF76CC,中原段,25.53,都市：住
RPXPMLTKQHIFFIF67CC,大學段二小段,14.34,都市：商
RPVSNLTKQHIFFBF17CC,力行段,11.46,都市：住
RPSTMLTKQHIFFBF86CC,麗林段,13.79,都市：住
RPWPMLOKQHIFFHF96CC,南工段,38.35,都市：住
RPWPMLOKQHIFFHF96CC,南工段,17.25,都市：住
RPWPMLOKQHIFFHF96CC,南工段,4.62,都市：住
RPRNMLTKQHIFFGF86EC,仁義段,19.00,都市：住
RPRNMLTKQHIFFGF86EC,仁義段,15.25,都市：住
RPXPMLTKQHIFFBF07DC,成子寮段成子寮小段,34.63,都市：住
RPXQMLTKQHIFFBF17DC,水碓段水碓窠小段,10.13,都市：住
RPTNMLKLQHIFFDF38CC,新峰段,12.34,都市：住
RPOQMLKLQHIFFAF87CC,板院段,3.98,都市：住
RPVPMLKLQHIFFAF48CC,樂利段,8.05,都市：住
RPSQMLKLQHIFFAF28CC,學林段,.00,都市：住
RPQQMLKLQHIFFAF28EC,文化段,2.10,都市：住
RPVPMLKLQHIFFAF68EC,文化段,2.60,都市：住
RPUPMLKLQHIFFAF58EC,文化段,2.70,都市：住
RPSNMLKLQHIFFEF38CC,海天段,23.67,都市：其他
RPWNMLKLQHIFFEF78CC,海天段,25.33,都市：其他
RPVNMLKLQHIFFEF68CC,海天段,22.91,都市：其他
RPTNMLKLQHIFFEF48CC,海天段,22.91,都市：其他
RPUNMLMLQHIFFCF58CC,順安段,4.21,都市：住
RPUNMLMLQHIFFCF58CC,順安段,.03,都市：住
RPSOMLMLQHIFFEF68CC,海天段,15.31,都市：住
RPQOMLMLQHIFFEF48CC,海天段,2.33,都市：住
RPOOMLMLQHIFFEF28CC,水仙段,20.17,都市：住
RPXPMLMLQHIFFHF96CC,台貿段,.00,都市：住
RPRQMLMLQHIFFHF09CC,大同段,8.99,都市：住
RPPOMLMLQHIFFDF28CC,大同段,282.07,都市：工
RPUQMLMLQHIFFDF98CC,環河段,.00,都市：工
RPOTMLMLQHIFFAF38CC,員和段,.00,都市：住
RPSNMLMLQHIFFAF38EC,新興段,23.33,都市：住
RPPRMLNLQHIFFEF88DC,鄧公段,7.30,都市：住
RPQOMLNLQHIFFDF48CC,建成段,8.66,都市：住
RPPPMLNLQHIFFDF48CC,大鵬段,354.44,都市：住
RPPQMLNLQHIFFDF58CC,昊天段,60.50,都市：工
RPQRMLNLQHIFFEF98DC,鄧公段,7.30,都市：住
RPRPMLNLQHIFFAF38CC,文化段,2.10,都市：住
RPVOMLNLQHIFFAF68CC,延和段,.00,都市：住
RPOSMLNLQHIFFBF48CC,榮富段,10.97,都市：住
RPPPMLNLQHIFFHF88CC,民富段,.00,都市：住
RPOOMLNLQHIFFCF18CC,安和段,.00,都市：住
RPRPMLNLQHIFFHF09CC,健康段,.00,都市：工
RPOQMLNLQHIFFHF88CC,板南段,.00,都市：工
RPQRMLNLQHIFFHF56CC,得和段,.00,非都市： ; 非都市編定：
RPQRMLNLQHIFFHF56CC,得和段,.00,非都市： ; 非都市編定：
RPXOMLNLQHIFFCF09CC,復興段,.00,都市：工
RPSPMLNLQHIFFCF68CC,文山段,.00,都市：住
RPRNMLOLQHIFFBF38CC,榮富段,15.84,都市：住
RPQNMLOLQHIFFBF28CC,副都心段一小段,10.79,都市：商
RPOOMLKLQHIFFBF77CC,南林段,19.39,都市：住
RPQOMLKLQHIFFBF97CC,泰山段一小段,17.08,都市：住
RPPPMLKLQHIFFBF97CC,同榮段,24.95,都市：住
RPSPMLMLQHIFFBF48CC,副都心段七小段,14.09,都市：住
RPRTMLMLQHIFFBF78CC,雙鳳段,.00,都市：其他
RPRTMLMLQHIFFBF78CC,雙鳳段,.00,都市：住
RPRTMLMLQHIFFBF78CC,雙鳳段,.00,都市：住
RPPNMLOLQHIFFBF18CC,榮富段,16.45,都市：住
RPQNMLOLQHIFFDF48CC,智興段,.00,都市：商
RPRNMLOLQHIFFDF58CC,水源段,.00,都市：住
RPRNMLOLQHIFFDF58CC,水源段,.00,都市：住
RPSNMLOLQHIFFDF68CC,智興段,.00,都市：商
RPSNMLOLQHIFFDF68CC,智興段,.00,都市：住
RPUNMLOLQHIFFBF68CC,副都心段六小段,31.49,都市：住
RPVNMLOLQHIFFBF78CC,和平段,13.95,都市：住
RPTNMLOLQHIFFBF58CC,丹鳳段,12.97,都市：住
RPXNMLOLQHIFFBF98CC,榮富段,19.24,都市：住
RPWNMLOLQHIFFBF88CC,榮富段,10.42,都市：住
RPUNMLOLQHIFFGF56CC,二重埔段中興小段,38.00,都市：其他
RPUNMLOLQHIFFGF56CC,二重埔段中興小段,31.00,都市：其他
RPPNMLPLQHIFFDF48CC,水源段,.00,都市：住
RPPNMLPLQHIFFDF48CC,水源段,.00,都市：住
RPPNMLPLQHIFFIF98CC,大仁段,28.61,都市：住
RPVQMLNLQHIFFIF07CC,大學段二小段,8.22,都市：商
RPQNMLPLQHIFFIF09CC,永昌段,3324.39,都市：住
RPTQMLNLQHIFFIF86CC,大學段一小段,15.07,都市：商
RPQNMLPLQHIFFDF58CC,北港段北港口小段,.00,非都市：山坡地保育區 ; 非都市編定：丙種建築用地
RPPNMLPLQHIFFCF38CC,香坡段,45.41,非都市：山坡地保育區 ; 非都市編定：丙種建築用地
RPPOMLQLQHIFFCF58CC,中華段,31.05,都市：住
RPPPMLQLQHIFFCF68CC,中正段,.00,都市：住
RPWOMLQLQHIFFBF56CC,工二段,2871.00,都市：工
RPWNMLQLQHIFFIF17CC,大學段二小段,71.37,都市：住
RPWNMLQLQHIFFIF17CC,大學段二小段,3.02,都市：住
RPRNMLRLQHIFFDF09EC,保長段,6.64,都市：住
RPQOMLQLQHIFFGF09CC,集美段,48.59,都市：住
RPSNMLRLQHIFFDF56EC,保長段,5.38,都市：住
RPTNMLRLQHIFFDF66EC,保長段,4.03,都市：住
RPUNMLRLQHIFFDF76EC,保長段,5.38,都市：住
RPQPMLRLQHIFFDF56EC,厚德段,.00,非都市： ; 非都市編定：
RPVNMLRLQHIFFDF86EC,保長段,5.38,都市：住
RPWNMLRLQHIFFDF96EC,保長段,5.35,都市：住
RPXNMLRLQHIFFDF07EC,保長段,6.77,都市：住
RPVSMLRLQHIFFDF17CC,福德段,2491.16,都市：其他
RPWNMLRLQHIFFDF76CC,中正段,.00,都市：住
RPVPMLRLQHIFFAF56CC,大庭段,30.50,都市：住
RPTPMLRLQHIFFBF09CC,力行段,66.00,都市：住
RPRPMLRLQHIFFAF78CC,文化段,73.50,都市：住
RPRPMLRLQHIFFAF78CC,文化段,43.50,都市：住
RPTQMLRLQHIFFIF27CC,永昌段,25.86,都市：住
RPUQMLRLQHIFFIF37CC,大學段二小段,19.26,都市：商
RPWQMLRLQHIFFIF57CC,大學段二小段,8.22,都市：商
RPOPMLRLQHIFFEF88CC,長興段,.00,都市：商
RPSPMLSLQHIFFAF98CC,大庭段,30.50,都市：住
RPVOMLQLQHIFFHF07CC,復興段,36.06,都市：住
RPTQMLSLQHIFFAF56CC,大安段,62.27,都市：工
RPTQMLSLQHIFFAF56CC,大安段,3337.92,都市：工
RPTQMLSLQHIFFAF56CC,大安段,21.39,都市：其他
RPTQMLSLQHIFFAF56CC,大安段,127.73,都市：其他
RPTQMLSLQHIFFAF56CC,大安段,149.42,都市：其他
RPTQMLSLQHIFFAF56CC,大安段,35.58,都市：工
RPTQMLSLQHIFFAF56CC,大安段,1082.83,都市：其他
RPTQMLSLQHIFFAF56CC,大安段,502.13,都市：工
RPTQMLSLQHIFFAF56CC,大安段,4.00,都市：其他
RPVRMLSLQHIFFAF86CC,江子翠段第二崁小段,.00,都市：住
RPTNMLRLQHIFFHF86CC,福祥段,3.83,都市：住
RPVPMLSLQHIFFEF07CC,新巿段,42.75,都市：住
RPOQMLSLQHIFFEF09CC,公司田段,10.96,都市：住
RPVOMLSLQHIFFDF86CC,同新段,17.45,都市：工
RPXOMLSLQHIFFDF07CC,昊天段,11.49,都市：工
RPXPMLQLQHIFFHF37CC,國道段,32.44,都市：住
RPVQMLQLQHIFFHF27CC,得和段,.00,都市：住
RPVQMLQLQHIFFHF27CC,得和段,.00,都市：住
RPURMLSLQHIFFBF86CC,安和段,9.76,都市：工
RPQNMLTLQHIFFDF98CC,智興段,.00,都市：商
RPTUMLSLQHIFFCF27DC,中央段,28.24,都市：住
RPRNMLTLQHIFFDF09CC,智興段,.00,都市：商
RPVNMLTLQHIFFBF66CC,光榮段,1649.90,都市：工
RPWRMLSLQHIFFBF07CC,裕民段,28.21,都市：住
RPVRMLSLQHIFFBF96CC,昌隆段,10.42,都市：住
RPUSMLSLQHIFFBF96CC,中原段,8.73,都市：住
RPOSMLSLQHIFFBF98CC,副都心段七小段,27.51,都市：住
RPUNMLTLQHIFFDF76CC,智興段,.00,都市：住
RPTNMLTLQHIFFDF66CC,智興段,.00,都市：商
RPSPMLTLQHIFFGF07CC,仁愛段,63.00,都市：住
RPVOMLTLQHIFFCF86CC,寶橋段,.00,都市：工
RPORMLTLQHIFFBF98CC,合鳳段,12.83,都市：工
RPTQMLKMQHIFFEF88CC,水仙段,4.39,都市：住
RPXOMLKMQHIFFEF56DC,海天段,2.33,都市：住
RPUOMLKMQHIFFAF58EC,江子翠段第一崁小段,28.75,都市：住
RPVOMLKMQHIFFAF68EC,新板段三小段,2.76,都市：其他
RPQOMLTLQHIFFIF96CC,大學段二小段,73.63,都市：商
RPRPMLTLQHIFFIF17CC,大學段一小段,11.61,都市：商
RPXOMLKMQHIFFDF98CC,環河段,1083.02,都市：工
RPROMLKMQHIFFDF38CC,保長段,13026.01,都市：住
RPTNMLLMQHIFFDF58CC,橫科段橫科小段,.00,非都市： ; 非都市編定：
RPTNMLLMQHIFFDF58CC,橫科段橫科小段,.00,非都市： ; 非都市編定：
RPTNMLLMQHIFFDF58CC,橫科段橫科小段,.00,非都市： ; 非都市編定：
RPWOMLMJRHIFFCF78CC,碧潭段,14.37,都市：住
RPUPMLMJRHIFFCF68CC,復興段,41.63,都市：工
RPOOMLMJRHIFFGF48DC,菜寮段,861.23,都市：商
RPUNMLLMQHIFFEF78CC,正德段,8.59,都市：住
RPVNMLKMQHIFFBF48CC,新工段一小段,1433.17,非都市：工業區 ; 非都市編定：丁種建築用地
RPSSMLKMQHIFFBF78DC,全安段,10.93,都市：住
RPSSMLKMQHIFFBF78DC,全安段,9.17,都市：住
RPXPMLMJRHIFFBF88CC,中原段,21.60,都市：住
RPWNMLMJRHIFFHF56CC,板南段,131.06,都市：工
RPVOMLMJRHIFFDF98EC,昊天段,23.73,都市：住
RPTSMLNJRHIFFCF09DC,陽光段,700.83,都市：農
RPVOMLMJRHIFFHF66DC,安邦段,.00,非都市： ; 非都市編定：
RPTOMLMJRHIFFEF78DC,正德段,1178.64,非都市： ; 非都市編定：
RPWOMLNJRHIFFEF56DC,海鷗段,.00,非都市： ; 非都市編定：
RPRPMLMJRHIFFEF58CC,飛歌段,33.42,都市：住
RPWOMLNJRHIFFBF78CC,力行段,31.31,都市：商
RPXNMLMJRHIFFEF09DC,公司田段,35.67,都市：住
RPUNMLNJRHIFFAF58EC,新板段三小段,.00,非都市： ; 非都市編定：
RPUPMLMJRHIFFEF88CC,竹圍段,4.58,都市：住
RPOQMLNJRHIFFHF88DC,永福段,7.86,都市：住
RPRPMLNJRHIFFCF48CC,中央段,18.33,都市：住
RPROMLNJRHIFFIF98CC,大學段一小段,21.39,都市：住
RPUPMLNJRHIFFIF76CC,大學段一小段,7.27,都市：住
RPTPMLNJRHIFFEF88CC,新巿段,17.18,都市：住
RPTNMLOJRHIFFIF56CC,大學段一小段,12.55,都市：住
RPUNMLOJRHIFFIF66CC,大學段一小段,18.02,都市：住
RPWNMLNJRHIFFAF58CC,文化段,.00,非都市： ; 非都市編定：
RPVNMLOJRHIFFEF98CC,公司田段,15.14,都市：住
RPWPMLOJRHIFFEF66CC,海鷗段,4.84,都市：住
RPPOMLOJRHIFFEF48CC,新巿段,36.77,都市：住
RPPOMLOJRHIFFDF38CC,智興段,.00,都市：商
RPOOMLOJRHIFFDF28CC,智興段,.00,都市：商
RPQOMLOJRHIFFDF48CC,智興段,.00,都市：商
RPSOMLOJRHIFFDF68CC,智興段,.00,都市：住
RPOQMLOJRHIFFBF28CC,力行段,16.01,都市：商
RPRQMLOJRHIFFBF58CC,建林段,31.75,都市：住
RPQVMLOJRHIFFCF56DC,莊敬段,155.04,都市：工
RPOOMLOJRHIFFAF97CC,公館段,.00,都市：住
RPVQMLOJRHIFFAF09EC,大庭段,25.11,都市：住
RPXNMLOJRHIFFAF78CC,學成段,4.19,都市：住
RPQPMLOJRHIFFGF88CC,忠孝段,18.88,都市：住
RPVPMLOJRHIFFDF66EC,中正段,29.00,都市：住
RPROMLOJRHIFFAF28CC,運校段,.00,都市：商
RPRPMLOJRHIFFDF88EC,保長段,8.35,都市：住
RPPNMLOJRHIFFEF48DC,學府段,20.30,都市：住
RPROMLPJRHIFFIF56CC,大學段一小段,5.34,都市：住
RPXOMLOJRHIFFEF86EC,新興段,25.44,都市：住
RPXOMLOJRHIFFEF86EC,新興段,28.60,都市：住
RPUQMLPJRHIFFEF76DC,海天段,8.04,都市：住
RPSQMLPJRHIFFEF56DC,海天段,8.04,都市：住
RPSOMLPJRHIFFAF48CC,學成段,.00,都市：住
RPWOMLPJRHIFFBF98CC,思源段,23.78,都市：住
RPVPMLPJRHIFFCF09CC,復興段,.00,都市：工
RPOPMLPJRHIFFCF38CC,寶元段,.00,都市：工
RPORMLPJRHIFFCF58CC,中正段,12.40,都市：住
RPTOMLPJRHIFFCF78CC,復興段,.00,都市：工
RPQNMLPJRHIFFCF38CC,寶強段,52.57,都市：住
RPQNMLPJRHIFFCF38CC,寶強段,7676.29,都市：其他
RPQNMLPJRHIFFCF38CC,寶強段,8.04,都市：其他
RPQNMLPJRHIFFCF38CC,寶強段,23.88,都市：住
RPQNMLPJRHIFFCF38CC,寶強段,6.05,都市：住
RPQNMLPJRHIFFCF38CC,寶強段,13.51,都市：商
RPQNMLPJRHIFFCF38CC,寶強段,87.75,都市：商
RPQNMLPJRHIFFCF38CC,寶強段,32.52,都市：商
RPPPMLPJRHIFFCF48CC,寶強段,103.11,都市：住
RPUOMLPJRHIFFEF09CC,大八里坌段蛇子形小段,.00,非都市： ; 非都市編定：
RPQPMLPJRHIFFEF78CC,大八里坌段蛇子形小段,.00,非都市： ; 非都市編定：
RPSOMLPJRHIFFEF88CC,大八里坌段渡船頭小段,6.00,都市：住
RPVQMLPJRHIFFEF76CC,公司田段,28.43,都市：住
RPVNMLQJRHIFFEF56CC,關渡段,2330.16,都市：住
RPWQMLPJRHIFFEF86CC,小八里坌段訊塘埔小段,14.86,都市：住
RPOPMLPJRHIFFHF88CC,健康段,26.16,都市：工
RPPPMLPJRHIFFHF98CC,健康段,24.36,都市：工
RPUOMLPJRHIFFHF76CC,健康段,35.74,都市：工
RPVOMLPJRHIFFHF86CC,健康段,48.59,都市：工
RPQNMLPJRHIFFHF88CC,捷運段,.00,都市：其他
RPOOMLPJRHIFFHF78CC,健康段,37.62,都市：工
RPTNMLPJRHIFFHF56CC,莊敬段,.00,都市：商
RPWNMLQJRHIFFEF66CC,竹圍段,4582.16,都市：住
RPPOMLQJRHIFFEF68CC,竹圍段,15.31,都市：商
RPXNMLQJRHIFFEF76CC,公司田段,25.08,都市：住
RPUNMLQJRHIFFIF86CC,礁溪段,485.00,都市：住
RPQNMLRJRHIFFDF68CC,智興段,6.71,都市：商
RPSNMLRJRHIFFDF88CC,昊天段,.00,都市：住
RPSNMLRJRHIFFDF88CC,昊天段,.00,都市：住
RPSNMLRJRHIFFDF88CC,昊天段,.00,都市：其他
RPPNMLRJRHIFFDF58CC,智興段,.00,都市：住
RPPNMLRJRHIFFDF58CC,智興段,.00,都市：住
RPVRMLQJRHIFFAF56CC,大安段,50.00,都市：工
RPRRMLQJRHIFFAF78CC,文化段,2.60,都市：住
RPOQMLQJRHIFFEF78CC,新巿段,.00,都市：住
RPUQMLRJRHIFFBF56CC,佳林段,42.25,都市：住
RPPNMLSJRHIFFBF48CC,新工段二小段,61.73,非都市：工業區 ; 非都市編定：丁種建築用地
RPORMLTJRHIFFBF88CC,豐年段,49.95,都市：住
RPTRMLTJRHIFFBF76CC,合鳳段,16.47,都市：工
RPQQMLTJRHIFFCF09CC,青潭段稻子園坑小段,2552.00,都市：住
RPUNMLRJRHIFFHF86CC,連城段,.49,都市：住
RPUNMLRJRHIFFHF86CC,連城段,18.69,都市：住
RPPSMLTJRHIFFCF56CC,寶橋段,.00,都市：工
RPPSMLTJRHIFFCF56CC,寶橋段,.00,都市：工
RPPSMLTJRHIFFCF56CC,寶橋段,.00,都市：工
RPUPMLTJRHIFFEF07DC,中興段,8.21,都市：住
RPRQMLTJRHIFFEF76CC,紅毛城段,13.64,都市：住
RPSPMLTJRHIFFEF86DC,學府段,20.30,都市：住
RPQSMLTJRHIFFCF76DC,大豐段,.00,都市：住
RPVQMLTJRHIFFEF17CC,滬尾段,.00,都市：商
RPRPMLKKRHIFFDF58EC,厚德段,.00,非都市： ; 非都市編定：
RPRPMLKKRHIFFDF58EC,厚德段,.00,非都市： ; 非都市編定：
RPSPMLKKRHIFFDF68EC,厚德段,.00,非都市： ; 非都市編定：
RPSPMLKKRHIFFDF68EC,厚德段,.00,非都市： ; 非都市編定：
RPRNMLTJRHIFFHF76CC,板南段,.00,都市：工
RPSNMLTJRHIFFHF86CC,板南段,.00,都市：工
RPVTMLKKRHIFFCF09CC,廣明段,17.81,都市：其他
RPVTMLKKRHIFFCF09CC,廣明段,13.16,都市：其他
RPRPMLKKRHIFFEF48CC,公司田段,3793.58,都市：住
RPSOMLKKRHIFFEF48CC,新巿段,.00,都市：住
RPTPMLKKRHIFFEF68CC,公司田段,21.57,都市：住
RPUQMLKKRHIFFBF58CC,泰山段二小段,165.28,都市：其他
RPUQMLKKRHIFFBF58CC,泰山段二小段,165.29,都市：住
RPTPMLKKRHIFFBF38CC,合鳳段,285.52,都市：工
RPOOMLLKRHIFFDF08CC,北山段,23.39,都市：其他
RPOQMLKKRHIFFHF58CC,板南段,362.01,都市：住
RPXOMLKKRHIFFHF66CC,正南段,.00,都市：住
RPXUMLLKRHIFFCF86CC,安德段,.00,非都市： ; 非都市編定：
RPQOMLLKRHIFFEF38CC,海鷗段,12.62,都市：住
RPQRMLLKRHIFFEF68CC,公司田段,24518.28,都市：其他
RPTQMLLKRHIFFHF56CC,健康段,.00,都市：工
RPUQMLLKRHIFFHF66CC,板南段,.00,都市：工
RPUPMLLKRHIFFHF56CC,板南段,.00,非都市： ; 非都市編定：
RPUPMLLKRHIFFHF56CC,板南段,.00,非都市： ; 非都市編定：
RPVOMLKKRHIFFAF38CC,員仁段,180.38,都市：工
RPSOMLKKRHIFFAF08CC,土城段,30.58,都市：住
RPWPMLLKRHIFFHF76CC,橋和段,.00,非都市： ; 非都市編定：
RPSPMLKKRHIFFAF18CC,江子翠段溪頭小段,.00,都市：住
RPSPMLKKRHIFFAF18CC,江子翠段溪頭小段,.00,都市：住
RPOQMLKKRHIFFAF87CC,新板段二小段,.00,都市：其他
RPRQMLMKRHIFFEF78CC,海天段,68.10,都市：住
RPUPMLMKRHIFFDF88CC,智興段,.00,都市：商
RPUPMLMKRHIFFDF88CC,智興段,.00,都市：住
RPQPMLMKRHIFFDF48CC,新峰段,19.21,都市：住
RPSQMLMKRHIFFDF78CC,保安段,2432.85,都市：工
RPTPMLMKRHIFFDF78CC,智興段,.00,都市：商
RPXPMLMKRHIFFDF56CC,智興段,.00,都市：商
RPXPMLMKRHIFFDF56CC,智興段,.00,都市：其他
RPXRMLMKRHIFFBF56CC,泰山段三小段,17.16,都市：商
RPRSMLMKRHIFFBF68CC,榮富段,14.90,都市：住
RPWNMLMKRHIFFDF09EC,福德段,2.00,都市：住
RPQOMLMKRHIFFDF58EC,福德段,16.13,都市：住
RPQOMLMKRHIFFDF58EC,福德段,16.13,都市：住
RPWRMLMKRHIFFBF09CC,榮富段,14.81,都市：住
RPOSMLMKRHIFFBF38CC,中原段,35.34,都市：住
RPQQMLMKRHIFFDF78EC,智興段,150.00,都市：住
RPQQMLMKRHIFFDF78EC,智興段,10.67,都市：住
RPQQMLMKRHIFFDF78EC,智興段,4.33,都市：住
RPQQMLMKRHIFFDF78EC,智興段,15.00,都市：其他
RPXOMLMKRHIFFDF66EC,保長段,3.90,都市：住
RPUOMLMKRHIFFAF68EC,府中段,21.60,都市：商
RPTOMLMKRHIFFAF58EC,沛陂段,.00,都市：工
RPTOMLMKRHIFFAF58EC,沛陂段,.00,都市：工
RPTOMLMKRHIFFAF58EC,沛陂段,.00,都市：工
RPTOMLMKRHIFFAF58EC,沛陂段,.00,都市：工
RPVQMLNKRHIFFAF98DC,港子嘴段,15.55,都市：住
RPTPMLNKRHIFFBF68CC,榮富段,13.71,都市：住
RPQQMLNKRHIFFBF48CC,昌隆段,19.66,都市：住
RPOQMLNKRHIFFBF28CC,福營段,29.95,都市：工
RPPQMLNKRHIFFBF38CC,泰林段,14.03,都市：商
RPVPMLNKRHIFFBF88CC,副都心段一小段,10.58,都市：商
RPTQMLNKRHIFFBF78CC,新工段一小段,2209.78,非都市：工業區 ; 非都市編定：丁種建築用地
RPTSMLNKRHIFFBF98CC,和平段,24.74,都市：住
RPXQMLNKRHIFFBF56CC,榮富段,14.16,都市：住
RPSSMLNKRHIFFBF88CC,昌隆段,14.80,都市：住
RPRTMLNKRHIFFBF88CC,光明段,.00,都市：住
RPWSMLNKRHIFFBF66CC,立德段,6.27,都市：住
RPXOMLNKRHIFFEF66CC,海天段,2.33,都市：住
RPUSMLNKRHIFFBF09CC,榮富段,13.14,都市：住
RPVPMLNKRHIFFGF76CC,光華段,.00,都市：住
RPRPMLNKRHIFFGF98CC,二重埔段五谷王小段,4.92,都市：住
RPVOMLNKRHIFFCF88CC,民權段,.00,都市：住
RPVOMLNKRHIFFCF88CC,民權段,.00,都市：其他
RPXVMLNKRHIFFCF17CC,中正段,17.24,都市：住
RPWWMLNKRHIFFCF17CC,安德段,.00,非都市： ; 非都市編定：
RPQNNLNKRHIFFCF38CC,安坑段車子路小段,.00,非都市：山坡地保育區 ; 非都市編定：丙種建築用地
RPUNNLNKRHIFFCF78CC,安坑段車子路小段,.00,非都市：山坡地保育區 ; 非都市編定：丙種建築用地
RPROMLNKRHIFFIF09CC,大學段一小段,5.34,都市：住
RPXPMLOKRHIFFIF27CC,大學段二小段,20.03,都市：商
RPUOMLOKRHIFFDF98CC,厚德段,.00,都市：住
RPRPMLOKRHIFFDF78CC,保長段,1525.38,都市：住
RPTOMLOKRHIFFDF88CC,智興段,5.57,都市：商
RPTOMLOKRHIFFDF88CC,智興段,6.31,都市：商
RPUPMLOKRHIFFDF09CC,智興段,6686.00,都市：住
RPUOMLQKRHIFFDF56CC,智興段,.00,都市：商
RPUOMLQKRHIFFDF56CC,智興段,.00,都市：住
RPWOMLQKRHIFFDF76CC,智興段,.00,都市：商
RPVOMLQKRHIFFDF66CC,智興段,.00,都市：住
RPVOMLQKRHIFFDF66CC,智興段,.00,都市：住
RPPPMLQKRHIFFDF78CC,崇德段,.00,都市：住
RPTQMLQKRHIFFBF09CC,光明段,.00,都市：住
RPVPMLOKRHIFFAF09EC,江子翠段第二崁小段,25.02,都市：住
RPOTMLQKRHIFFCF98CC,福園段,.00,都市：住
RPPUMLQKRHIFFCF56CC,中正段,.00,都市：其他
RPURMLQKRHIFFEF96CC,大八里坌段渡船頭小段,.00,非都市： ; 非都市編定：
RPTRMLQKRHIFFEF86CC,竹圍段,.00,非都市： ; 非都市編定：
RPSRMLQKRHIFFEF76CC,大堀段,413.96,都市：農
RPRPMLRKRHIFFEF56CC,海天段,13.92,都市：住
RPSQMLRKRHIFFDF66CC,同新段,23.98,都市：工
RPSRMLRKRHIFFCF66CC,復興段,2782.44,都市：商
RPWPMLRKRHIFFEF07CC,馬偕段,5.67,都市：工
RPSQMLRKRHIFFEF76CC,海天段,8.04,都市：住
RPWPMLRKRHIFFIF67EC,博愛段,9.92,都市：商
RPSRMLRKRHIFFDF76CC,康誥坑段,80.00,非都市：鄉村區 ; 非都市編定：乙種建築用地
RPQRMLRKRHIFFDF56CC,康誥坑段,132.00,非都市：鄉村區 ; 非都市編定：乙種建築用地
RPQRMLRKRHIFFDF56CC,康誥坑段,129.00,非都市：鄉村區 ; 非都市編定：乙種建築用地
RPWRMLRKRHIFFCF27EC,埔新段,14.50,都市：住
RPXNMLSKRHIFFDF96CC,同新段,.00,都市：工
RPQRMLSKRHIFFIF17CC,大學段二小段,21.30,都市：住
RPWRMLSKRHIFFCF17CC,行政段,.00,都市：住
RPXRMLSKRHIFFCF27CC,北新段,.00,都市：住
RPTRMLSKRHIFFIF47CC,大學段一小段,14.92,都市：商
RPXRMLSKRHIFFIF87CC,大學段二小段,8.94,都市：商
RPWRMLQKRHIFFAF76CC,府中段,113.00,都市：商
RPOSMLQKRHIFFAF88EC,延和段,18.95,都市：住
RPRPMLQKRHIFFAF68CC,府中段,238.28,都市：商
RPQNMLTKRHIFFDF98CC,智興段,.00,都市：商
RPRNMLTKRHIFFDF09CC,建成段,.00,都市：住
RPPNMLTKRHIFFDF88CC,智興段,.00,都市：商
RPQNMLSKRHIFFEF98CC,小八里坌段舊城小段,13.85,都市：住
RPTNMLKLRHIFFEF58CC,大八里坌段蛇子形小段,.00,非都市： ; 非都市編定：
RPPNMLLLRHIFFEF28CC,仁愛段,32.63,都市：商
RPRNMLLLRHIFFBF18CC,自強段,22.32,都市：住
RPSNMLLLRHIFFBF28CC,自立段,16.12,都市：住
RPQNMLLLRHIFFBF08CC,中原段,20.14,都市：其他
RPOQMLSKRHIFFHF76CC,板南段,.00,都市：工
RPTOMLNKRHIFFHF56CC,安平段,12.88,都市：住
RPQRMLNKRHIFFHF56CC,健康段,89.56,都市：工
RPOOMLLLRHIFFBF97CC,榮富段,30.11,都市：住
RPPOMLLLRHIFFBF08CC,榮富段,13.31,都市：住
RPUNMLLLRHIFFBF48CC,榮富段,14.81,都市：住
RPVNMLLLRHIFFBF58CC,復興段,35.59,都市：住
RPXNMLLLRHIFFBF78CC,和平段,18.88,都市：住
RPROMLLLRHIFFBF28CC,和平段,19.99,都市：住
RPQOMLLLRHIFFBF18CC,合鳳段,29.12,都市：住
RPTOMLLLRHIFFBF48CC,榮富段,16.11,都市：住
RPUOMLLLRHIFFBF58CC,和平段,13.20,都市：住
RPXOMLLLRHIFFBF88CC,榮富段,13.22,都市：住
RPVOMLLLRHIFFBF68CC,榮富段,11.18,都市：住
RPQPMLLLRHIFFBF28CC,榮富段,17.69,都市：住
RPOPMLLLRHIFFBF08CC,立德段,29.63,都市：住
RPPNMLMLRHIFFEF38CC,仁愛段,10.00,都市：住
RPRQMLNLRHIFFEF98CC,公司田段,18.78,都市：住
RPXOMLNLRHIFFIF17CC,大學段一小段,5.49,都市：住
RPOPMLNLRHIFFIF98CC,礁溪段,14.57,都市：住
RPPPMLNLRHIFFIF09CC,礁溪段,19.59,都市：住
RPRPMLLLRHIFFBF38CC,榮富段,17.18,都市：住
RPPNMLLLRHIFFBF97CC,富國段,4.97,都市：住
RPSPMLNLRHIFFCF78CC,惠國段,22.29,都市：住
RPTOMLNLRHIFFCF78CC,惠國段,13.89,都市：住
RPXNMLNLRHIFFDF56CC,環河段,173.24,都市：工
RPOOMLNLRHIFFHF78CC,保生段,19.00,都市：住
RPXNMLNLRHIFFHF96CC,保生段,21.61,都市：住
RPQPMLNLRHIFFDF68CC,橫科段橫科小段,.00,非都市： ; 非都市編定：
RPVTMLNLRHIFFAF66CC,介壽段,122.14,都市：商
RPXPMLOLRHIFFHF27CC,正南段,.00,都市：住
RPVPMLOLRHIFFHF07CC,信義段,.00,都市：商
RPSPMLOLRHIFFHF76CC,圓通段,.00,都市：住
RPTPMLOLRHIFFHF86CC,盛昌段,.00,都市：住
RPQQMLOLRHIFFHF66CC,圓通段,.00,都市：住
RPVQMLOLRHIFFHF17CC,永平段,2.76,都市：商
RPVQMLOLRHIFFHF17CC,永平段,2.20,都市：住
RPVQMLOLRHIFFHF17CC,永平段,.01,都市：其他
RPTNMLLLRHIFFBF38CC,副都心段一小段,7.62,都市：其他
RPTOMLNLRHIFFBF68CC,化成段,387.73,都市：工
RPTTMLNLRHIFFBF56CC,建林段,15.82,都市：住
RPQRMLOLRHIFFHF76CC,永平段,2.76,都市：商
RPQRMLOLRHIFFHF76CC,永平段,2.20,都市：住
RPQRMLOLRHIFFHF76CC,永平段,.01,都市：其他
RPWSMLNLRHIFFBF76CC,思賢段,29.65,都市：住
RPOUMLNLRHIFFBF78CC,建林段,15.82,都市：住
RPURMLNLRHIFFBF09CC,力行段,25.51,都市：商
RPPRMLOLRHIFFHF66CC,永平段,10.89,都市：住
RPPRMLOLRHIFFHF66CC,永平段,.01,都市：其他
RPWNMLPLRHIFFDF66CC,智興段,.00,都市：商
RPUNMLPLRHIFFDF09CC,智興段,.00,都市：商
RPUNMLPLRHIFFDF09CC,智興段,.00,都市：住
RPQNMLPLRHIFFDF68CC,智興段,.00,都市：商
RPQNMLPLRHIFFDF68CC,智興段,.00,都市：住
RPPOMLPLRHIFFDF68CC,水源段,.00,都市：住
RPPOMLPLRHIFFDF68CC,水源段,.00,都市：住
RPRPMLOLRHIFFEF98CC,仁愛段,13.09,都市：住
RPPNMLPLRHIFFDF58CC,智興段,.00,都市：商
RPPNMLPLRHIFFDF58CC,智興段,.00,都市：住
RPRWMLOLRHIFFEF07CC,馬偕段,.00,都市：住
RPXNMLPLRHIFFDF76CC,智興段,.00,都市：商
RPOQMLPLRHIFFIF86EC,大學段二小段,18.93,都市：住
RPVOMLQLRHIFFIF27CC,大學段二小段,15.57,都市：商
RPSOMLQLRHIFFIF96CC,大學段二小段,23.64,都市：住
RPTRMLPLRHIFFBF56CC,榮富段,23.47,都市：住
RPPQMLQLRHIFFEF56DC,鄧公段,17.44,都市：住
RPRNMLRLRHIFFIF86CC,大學段二小段,10.22,都市：商
RPPPMLQLRHIFFBF78DC,五工段,1132.00,非都市：工業區 ; 非都市編定：丁種建築用地
RPOSMLQLRHIFFBF88CC,更寮段褒子寮小段,.00,都市：工
RPUQMLQLRHIFFHF27CC,永利段,12.75,都市：住
RPPOMLQLRHIFFHF66DC,景新段,23.49,都市：住
RPOQMLQLRHIFFHF66CC,健康段,.00,都市：工
RPUPMLQLRHIFFHF27DC,大新段,.00,都市：商
RPXPMLRLRHIFFEF27CC,學府段,.00,都市：住
RPRSNLRLRHIFFHF37CC,大華段,.00,都市：商
RPRSNLRLRHIFFHF37CC,大華段,.00,都市：商
RPSNMLRLRHIFFDF09CC,環河段,.00,都市：工
RPUOMLRLRHIFFBF56CC,恒安段,13.62,都市：住
RPOSMLRLRHIFFBF98CC,四維段,2081.75,都市：商
RPOOMLRLRHIFFBF68DC,御史段,144.76,都市：住
RPXNMLRLRHIFFDF17EC,北山段,150.21,都市：住
RPQNMLSLRHIFFDF98CC,智興段,.00,都市：住
RPPNMLSLRHIFFDF88CC,智興段,.00,都市：住
RPWRMLRLRHIFFBF07CC,恒安段,10.16,都市：住
RPPPMLRLRHIFFBF88DC,德音段,15.72,都市：住
RPPNMLSLRHIFFBF68CC,榮富段,21.40,都市：住
RPUPMLRLRHIFFBF76DC,水碓段水碓窠小段,15.28,都市：住
RPVSMLKMRHIFFBF09CC,力行段,32.76,都市：商
RPVRMLKMRHIFFEF66CC,海鷗段,27.70,都市：住
RPSRMLKMRHIFFEF98CC,新興段,75.14,都市：商
RPWNNLKMRHIFFBF78CC,五工段,.00,非都市：工業區 ; 非都市編定：丁種建築用地
RPOUMLKMRHIFFBF58CC,昌隆段,23.96,都市：住
RPQSMLKMRHIFFEF88CC,海天段,22.91,都市：其他
RPVTMLKMRHIFFEF86CC,公司田段,24.15,都市：住
RPRPMLKMRHIFFIF09CC,大學段二小段,13.90,都市：住
RPSOMLRLRHIFFAF88CC,信義段,.00,都市：工
RPPQMLRLRHIFFAF78CC,運校段,50.02,都市：住
RPQPMLRLRHIFFAF98EC,中興段,42.91,都市：住
RPSQMLLJIIIFFDF97EC,保長段,5.35,都市：住
RPTQMLLJIIIFFDF08EC,保長段,3.90,都市：住
RPVQMLLJIIIFFDF28EC,保長段,12.57,都市：住
RPUQMLLJIIIFFDF18EC,保長段,5.38,都市：住
RPWQMLLJIIIFFDF38EC,保長段,3.90,都市：住
RPUPMLLJIIIFFCF77CC,順安段,.00,非都市： ; 非都市編定：
RPUNMLKMRHIFFHF56DC,竹林段,11.76,都市：商
RPXQMLLJIIIFFDF48EC,保長段,6.70,都市：住
RPXQMLKMRHIFFHF07CC,福祥段,.00,都市：其他
RPORMLLJIIIFFDF67EC,保長段,3.90,都市：住
RPWQMLLJIIIFFGF48CC,二重埔段中興小段,22.39,都市：工
RPUNMLLJIIIFFGF08DC,光華段,233.00,都市：住
RPVQMLLJIIIFFEF18CC,新興段,24.00,都市：住
RPQPMLLJIIIFFEF57CC,中正段,5.45,都市：商
RPPPMLLJIIIFFEF47CC,中正段,5.45,都市：商
RPSOMLLJIIIFFDF57CC,北山段,.00,都市：住
RPXPMLLJIIIFFDF18CC,智興段,11.90,都市：住
RPPSMLLJIIIFFBF47CC,國宅段,29.19,都市：住
RPPQNLLJIIIFFBF37CC,同興段,15.42,都市：商
RPQQMLMJIIIFFBF47CC,化成段,89.23,都市：工
RPSUMLLJIIIFFBF97CC,行政段,6.13,都市：商
RPSUMLLJIIIFFBF97CC,行政段,.00,都市：商
RPSPMLMJIIIFFEF08EC,新興段,75.75,都市：住
RPTPMLMJIIIFFEF18EC,公司田段,24.14,都市：住
RPTSMLLJIIIFFAF77CC,樂利段,.00,都市：住
RPTSMLLJIIIFFAF77CC,樂利段,.00,都市：住
RPUPMLMJIIIFFEF28EC,新興段,5.72,都市：住
RPVNMLMJIIIFFAF57CC,江子翠段溪頭小段,61.96,都市：商
RPQNMLMJIIIFFAF27EC,青雲段,58.00,都市：商
RPPNMLMJIIIFFAF17EC,中山段,26.60,都市：其他
RPXTMLNJIIIFFBF58CC,光榮段,.00,都市：住
RPUNMLNJIIIFFBF67CC,榮富段,21.40,都市：住
RPOQMLNJIIIFFEF67CC,大義段,89.39,都市：住
RPPQMLNJIIIFFEF77CC,望高樓段,17.11,都市：住
RPXNMLNJIIIFFEF28CC,公司田段,18.04,都市：住
RPTNMLNJIIIFFEF87CC,公司田段,21.38,都市：住
RPWOMLNJIIIFFEF28CC,正德段,29.85,都市：其他
RPRQMLNJIIIFFEF97CC,大義段,14.17,都市：住
RPRQMLNJIIIFFEF97CC,大義段,18.16,都市：住
RPVQMLMJIIIFFHF68DC,水源段,34.49,都市：商
RPVQMLNJIIIFFHF68CC,健康段,110.07,都市：工
RPPNMLOJIIIFFCF37CC,寶強段,.00,都市：商
RPPNMLOJIIIFFHF87CC,中興段,.00,都市：住
RPPNMLOJIIIFFHF87CC,中興段,.00,都市：住
RPPNMLOJIIIFFHF87CC,中興段,.00,都市：住
RPTNMLOJIIIFFHF28CC,健康段,.00,都市：工
RPTOMLOJIIIFFHF38CC,四維段,.00,都市：住
RPROMLOJIIIFFHF18CC,景福段,.00,都市：住
RPVOMLOJIIIFFHF58CC,秀山段,.00,都市：住
RPSNMLOJIIIFFHF18CC,秀山段,.00,都市：商
RPUOMLOJIIIFFHF48CC,頂溪段,.00,都市：住
RPVNMLOJIIIFFGF58EC,二重埔段五谷王小段,5.26,都市：住
RPOQMLOJIIIFFAF37CC,安和段,.00,都市：住
RPOQMLOJIIIFFAF37CC,安和段,.00,都市：住
RPQNMLQJIIIFFHF18CC,中安段,16.88,都市：住
RPRNMLRJIIIFFCF87CC,寶橋段,.00,都市：工
RPTNMLRJIIIFFCF08CC,寶橋段,.00,都市：工
RPUQMLNJIIIFFEF28CC,公司田段,.00,都市：住
RPSQMLNJIIIFFEF08CC,新興段,4.54,都市：住
RPVQMLOJIIIFFEF48CC,仁愛段,13.09,都市：住
RPQPMLOJIIIFFEF97DC,滬尾段,.00,非都市： ; 非都市編定：
RPRNMLPJIIIFFEF87CC,中興段,4.80,都市：住
RPQNMLPJIIIFFEF77CC,中興段,4.80,都市：住
RPTRMLOJIIIFFEF38CC,公司田段,.00,都市：住
RPSNMLPJIIIFFEF97CC,新巿段,17.89,都市：住
RPQOMLRJIIIFFCF87CC,惠國段,22.29,都市：住
RPUNMLRJIIIFFCF18CC,行政段,.00,都市：住
RPOPMLRJIIIFFDF87CC,北山段,.00,都市：住
RPWOMLRJIIIFFCF48CC,惠國段,5.48,都市：住
RPVRMLRJIIIFFBF58CC,力行段,19.56,都市：商
RPOPMLRJIIIFFEF97CC,公司田段,4284.68,都市：其他
RPVNMLRJIIIFFHF78CC,福和段,.00,非都市： ; 非都市編定：
RPVNMLRJIIIFFHF78CC,福和段,.00,非都市： ; 非都市編定：
RPVNMLRJIIIFFHF78CC,福和段,.00,非都市： ; 非都市編定：
RPVQMLSJIIIFFBF58CC,五工段,214.45,非都市：工業區 ; 非都市編定：丁種建築用地
RPOOMLSJIIIFFEF97CC,新巿段,23.21,都市：住
RPRNMLSJIIIFFIF58CC,大學段一小段,10.59,都市：住
RPSNMLSJIIIFFIF68CC,大學段二小段,8.22,都市：商
RPTSMLSJIIIFFAF48CC,學成段,15.22,都市：住
RPVSMLSJIIIFFAF68CC,中山段,9.74,都市：其他
RPXRMLSJIIIFFAF78CC,中山段,15.62,都市：住
RPXPMLSJIIIFFHF66CC,永平段,.00,都市：住
RPVQMLSJIIIFFHF56CC,雙和段,9.28,都市：住
RPVQMLSJIIIFFHF56CC,雙和段,6.13,都市：商
RPUNMLTJIIIFFCF38CC,寶元段,.00,都市：住
RPWNMLTJIIIFFHF09CC,捷運段,18.11,都市：其他
RPROMLTJIIIFFHF68CC,板南段,.00,都市：工
RPTQMLTJIIIFFIF56CC,大學段二小段,10.22,都市：商
RPVRMLTJIIIFFEF09CC,鄧公段,10.64,都市：住
RPRQMLTJIIIFFIF98CC,大學段二小段,21.30,都市：住
RPOQMLTJIIIFFIF68CC,民生段,2.63,都市：住
RPVPMLTJIIIFFHF56CC,捷運段,16.85,都市：其他
RPWPMLTJIIIFFHF66CC,健康段,39.70,都市：工
RPPNMLKKIIIFFDF17CC,智興段,.00,都市：商
RPPNMLKKIIIFFDF17CC,智興段,.00,都市：其他
RPPNMLKKIIIFFHF57CC,信義段,24.00,都市：商
RPRNMLKKIIIFFDF37CC,智興段,.00,都市：商
RPVNMLKKIIIFFBF57CC,榮富段,4.00,都市：住
RPTTMLTJIIIFFBF78CC,建林段,16.34,都市：住
RPSQMLTJIIIFFAF28CC,大同段,14.75,都市：住
RPUTMLTJIIIFFBF88CC,麗林段,28.97,都市：商
RPWPMLTJIIIFFAF58CC,板院段,23.97,都市：住
RPOSMLTJIIIFFAF08CC,中山段,6.51,都市：其他
RPSRMLLKIIIFFGF28CC,福德北段,.00,都市：商
RPXRMLTJIIIFFAF88CC,文化段,3.10,都市：住
RPQNMLKKIIIFFEF47DC,水仙段,.00,非都市： ; 非都市編定：
RPPNMLKKIIIFFEF37DC,長興段,4.39,非都市： ; 非都市編定：
RPSQMLLKIIIFFIF38CC,文林段,.00,非都市： ; 非都市編定：
RPTOMLLKIIIFFIF28CC,大學段一小段,22.50,都市：商
RPUOMLLKIIIFFCF77CC,復興段,.00,都市：工
RPSOMLLKIIIFFEF77CC,新巿段,30.78,都市：其他
RPRRMLLKIIIFFEF97CC,新巿段,26.70,都市：住
RPSOMLLKIIIFFDF67CC,同新段,.00,都市：工
RPWOMLLKIIIFFDF08CC,福德段,.00,都市：工
RPSPMLLKIIIFFHF28DC,安平段,12.10,都市：住
RPWOMLLKIIIFFHF48CC,捷運段,8.30,都市：其他
RPXPMLLKIIIFFHF68CC,民富段,.00,都市：工
RPOQMLLKIIIFFDF47CC,福德段,163.44,都市：住
RPOQMLLKIIIFFDF47CC,福德段,17.00,都市：住
RPTQMLLKIIIFFDF97CC,同新段,17.44,都市：工
RPXOMLLKIIIFFDF18CC,福德段,.00,都市：工
RPQQMLLKIIIFFDF67CC,同新段,28.35,都市：工
RPUQMLLKIIIFFDF08CC,昊天段,64.63,都市：工
RPWQMLLKIIIFFDF28CC,同新段,17.44,都市：工
RPUOMLMKIIIFFBF77CC,榮富段,6.45,都市：住
RPTOMLMKIIIFFBF67CC,榮富段,11.76,都市：住
RPROMLMKIIIFFBF47CC,富國段,4.97,都市：住
RPSOMLMKIIIFFBF57CC,榮富段,18.71,都市：住
RPSNMLMKIIIFFAF37CC,江子翠段第一崁小段,140.25,都市：住
RPVOMLMKIIIFFBF87CC,榮富段,8.59,都市：住
RPWTMLLKIIIFFAF28CC,民權段,.00,都市：住
RPOTMLLKIIIFFAF47CC,新板段三小段,3.38,都市：其他
RPRQMLLKIIIFFAF47CC,新板段二小段,7.01,都市：其他
RPVTMLLKIIIFFAF18CC,民權段,.00,都市：住
RPTTMLLKIIIFFAF97CC,江子翠段第二崁小段,.00,都市：住
RPWOMLMKIIIFFBF97CC,中原段,21.30,都市：其他
RPXOMLMKIIIFFBF08CC,榮富段,10.97,都市：住
RPOPMLMKIIIFFBF27CC,丹鳳段,4.89,都市：住
RPPPMLMKIIIFFBF37CC,思源段,18.15,都市：住
RPQPMLMKIIIFFBF47CC,榮富段,30.36,都市：住
RPTPMLMKIIIFFBF77CC,泰山段三小段,19.25,都市：住
RPRPMLMKIIIFFBF57CC,榮富段,8.60,都市：住
RPOQMLMKIIIFFBF37CC,榮富段,10.01,都市：住
RPSPMLMKIIIFFBF67CC,恒安段,19.36,都市：住
RPSPMLOKIIIFFIF58CC,大學段一小段,11.22,都市：住
RPSNMLNKIIIFFEF87CC,鄧公段,10.64,都市：住
RPQNMLNKIIIFFCF47CC,安德段,27.27,都市：住
RPQNMLNKIIIFFCF47CC,安德段,.57,都市：住
RPVQMLMKIIIFFBF08CC,民安段,15.02,都市：住
RPXNMLOKIIIFFCF28CC,香坡段,56.99,非都市：山坡地保育區 ; 非都市編定：丙種建築用地
RPPQMLMKIIIFFBF47CC,榮富段,14.37,都市：住
RPRQMLMKIIIFFBF67CC,光榮段,22.36,都市：住
RPTRMLOKIIIFFCF28CC,中央段,25.55,都市：住
RPUQMLMKIIIFFBF97CC,中原段,21.30,都市：其他
RPSRMLOKIIIFFCF18CC,中央段,11.49,都市：住
RPTPMLOKIIIFFIF68CC,大學段一小段,19.10,都市：住
RPTNMLOKIIIFFHF58EC,復興段,.00,非都市： ; 非都市編定：
RPSPMLOKIIIFFCF18EC,民權段,30.83,都市：商
RPUNMLOKIIIFFDF08CC,同新段,34.89,都市：工
RPROMLPKIIIFFGF38DC,福德南段,693.75,都市：商
RPQPMLOKIIIFFDF87CC,智興段,.00,都市：商
RPTOMLPKIIIFFGF58DC,二重埔段五谷王小段,1697.00,都市：住
RPWNMLOKIIIFFDF28CC,同新段,65.20,都市：工
RPVOMLPKIIIFFCF38DC,復興段,.00,都市：工
RPQPMLPKIIIFFCF97DC,復興段,.00,非都市： ; 非都市編定：
RPSPMLPKIIIFFCF18DC,復興段,.00,非都市： ; 非都市編定：
RPTNMLOKIIIFFAF67CC,介壽段,.00,都市：商
RPOPMLOKIIIFFAF37CC,幸福段,6.60,都市：住
RPWOMLQKIIIFFCF48CC,光明段,.00,都市：住
RPSPMLQKIIIFFHF68CC,安樂段,.00,都市：住
RPSPMLQKIIIFFHF68CC,安樂段,.00,都市：住
RPTPMLQKIIIFFHF78CC,民治段,.00,都市：商
RPTNMLQKIIIFFDF18CC,智興段,.00,都市：商
RPWOMLQKIIIFFDF58CC,保長段,13026.01,都市：住
RPTNMLQKIIIFFDF18CC,智興段,.00,都市：其他
RPUNMLQKIIIFFDF28CC,新峰段,.00,都市：住
RPSNMLQKIIIFFDF08CC,智興段,.00,都市：住
RPRPMLQKIIIFFEF28CC,長興段,.00,都市：住
RPWOMLQKIIIFFAF48EC,幸福段,2.93,都市：住
RPPQMLQKIIIFFEF18CC,大八里坌段蛇子形小段,5.86,都市：住
RPPPMLQKIIIFFBF77CC,思賢段,19.93,都市：住
RPVPMLQKIIIFFBF38CC,五工段,995.52,非都市：工業區 ; 非都市編定：丁種建築用地
RPXPMLQKIIIFFEF88CC,水仙段,.00,都市：商
RPTOMLQKIIIFFEF48DC,學府段,28.87,都市：住
RPQQMLQKIIIFFBF18EC,榮富段,28.75,都市：住
RPPOMLPKIIIFFBF57CC,力行段,66.00,都市：住
RPPSMLRKIIIFFBF28DC,德音段,43.72,都市：住
RPPSMLRKIIIFFBF28DC,德音段,30.59,都市：住
RPSPMLPKIIIFFBF97CC,力行段,.00,都市：商
RPQSMLPKIIIFFBF08CC,榮富段,20.84,都市：住
RPRPMLRKIIIFFAF18EC,文化段,6.21,都市：住
RPVNMLRKIIIFFIF98CC,大學段二小段,18.06,都市：商
RPUNMLRKIIIFFDF38CC,福德段,2210.70,都市：商
RPUOMLRKIIIFFAF18CC,文化段,6.20,都市：住
RPTRMLSKIIIFFAF48CC,介壽段,17.29,都市：商
RPQNMLSKIIIFFDF08CC,福德段,17.00,都市：住
RPQNMLSKIIIFFDF08CC,福德段,163.44,都市：住
RPTNMLSKIIIFFDF38CC,福德段,163.44,都市：住
RPTNMLSKIIIFFDF38CC,福德段,17.00,都市：住
RPPOMLRKIIIFFEF08CC,公司田段,21.57,都市：住
RPWQMLRKIIIFFHF66CC,捷運段,10.80,都市：住
RPSPMLRKIIIFFHF78CC,興南段,.00,都市：工
RPSPMLRKIIIFFHF78CC,興南段,.00,都市：工
RPSQMLRKIIIFFHF88CC,雙和段,8.36,都市：商
RPSQMLRKIIIFFHF88CC,雙和段,.43,都市：商
RPRSMLSKIIIFFDF68CC,金龍段,.00,都市：住
RPVOMLSKIIIFFCF58CC,廣明段,17.81,都市：其他
RPVOMLSKIIIFFCF58CC,廣明段,17.81,都市：其他
RPURMLSKIIIFFIF76CC,大同段,27.40,都市：住
RPTNMLLLIIIFFIF28CC,慈恩段,71.72,都市：住
RPVQMLLLIIIFFEF38CC,馬偕段,.11,都市：工
RPWPMLLLIIIFFEF38CC,新興段,5.82,都市：住
RPOQMLTKIIIFFEF38CC,正德段,5.00,都市：住
RPTUMLSKIIIFFEF56CC,竹圍段,28.50,都市：工
RPTUMLSKIIIFFEF56CC,竹圍段,.07,都市：工
RPTUMLSKIIIFFEF56CC,竹圍段,.01,都市：工
RPTUMLSKIIIFFEF56CC,竹圍段,.19,都市：工
RPSNMLLLIIIFFDF67CC,昊天段,.00,都市：住
RPQPMLLLIIIFFDF67CC,智興段,.00,都市：商
RPQPMLLLIIIFFDF67CC,智興段,.00,都市：其他
RPOPMLLLIIIFFHF87CC,健康段,82.10,都市：工
RPVPMLLLIIIFFHF58CC,秀山段,52.67,都市：住
RPWOMLLLIIIFFHF58CC,健康段,.00,都市：工
RPXQMLLLIIIFFHF88CC,文化段,7.05,都市：住
RPRQMLLLIIIFFAF57CC,板院段,17.50,都市：住
RPVNMLRKIIIFFBF28CC,自強段,27.83,都市：住
RPUQMLSKIIIFFBF58CC,安和段,18.53,都市：工
RPWRMLSKIIIFFBF88CC,國宅段,182.59,都市：住
RPTOMLRKIIIFFBF18CC,國宅段,16.64,都市：住
RPXNMLLLIIIFFBF08DC,自立段,26.54,都市：住
RPOPMLMLIIIFFAF37DC,港子嘴段,27.60,都市：住
RPQSMLMLIIIFFAF77CC,府中段,.00,都市：商
RPVOMLMLIIIFFAF87CC,員福段,161.24,都市：工
RPUOMLMLIIIFFAF77CC,新雅段,.00,都市：住
RPSPMLMLIIIFFAF67CC,亞東段,23.55,都市：住
RPRRMLMLIIIFFAF77CC,永和段,330.58,都市：工
RPXOMLMLIIIFFAF08CC,永和段,1053.41,都市：工
RPQRMLMLIIIFFAF67CC,永和段,1031.41,都市：工
RPVOMLMLIIIFFDF18CC,福德段,.00,都市：商
RPTOMLMLIIIFFAF77DC,江子翠段第三崁小段,28.51,都市：住
RPQOMLMLIIIFFAF37CC,公館段,29.50,都市：住
RPXRMLMLIIIFFBF48CC,國宅段,23.20,都市：住
RPOTMLMLIIIFFBF77CC,國宅段,23.20,都市：住
RPPPMLNLIIIFFIF28CC,大學段一小段,5.34,都市：住
RPXOMLNLIIIFFIF98CC,大學段二小段,19.74,都市：住
RPORMLMLIIIFFEF87CC,新巿段,23.62,都市：住
RPQQMLMLIIIFFEF97CC,水仙段,2.26,都市：住
RPPOMLMLIIIFFEF67CC,公司田段,19.54,都市：住
RPPPMLNLIIIFFDF77CC,智興段,.00,都市：商
RPXOMLNLIIIFFDF48CC,智興段,.00,都市：住
RPUOMLNLIIIFFDF18CC,叭嗹港段叭嗹港口小段,12.49,非都市：山坡地保育區 ; 非都市編定：丙種建築用地
RPXOMLNLIIIFFDF48CC,智興段,.00,都市：其他
RPPQMLNLIIIFFAF57CC,海山段,.00,都市：商
RPXOMLOLIIIFFDF58CC,福德段,1254.30,都市：工
RPTPMLOLIIIFFDF28CC,環河段,316.17,都市：工
RPUPMLOLIIIFFDF38CC,大同段,34.84,都市：工
RPUPMLOLIIIFFDF38CC,大同段,208.06,都市：工
RPUPMLOLIIIFFDF38CC,大同段,149.80,都市：工
RPUPMLOLIIIFFDF38CC,大同段,149.80,都市：工
RPOQMLOLIIIFFDF87CC,厚德段,28.21,都市：住
RPPOMLPLIIIFFDF87CC,大同段,1979.78,都市：工
RPSOMLPLIIIFFDF18CC,北山段,126.01,都市：工
RPROMLPLIIIFFDF08CC,工建段,1559.45,都市：工
RPQOMLPLIIIFFDF97CC,智興段,706.28,都市：工
RPXOMLPLIIIFFDF68CC,保安段,15.09,都市：工
RPWOMLPLIIIFFDF58CC,工建段,27.13,都市：工
RPTOMLPLIIIFFDF28CC,保安段,28.31,都市：工
RPTNMLPLIIIFFIF68CC,大學段一小段,17.15,都市：商
RPTNMLPLIIIFFCF08CC,復興段,.00,都市：工
RPUNMLPLIIIFFCF18CC,復興段,.00,都市：工
RPVNMLPLIIIFFCF28CC,復興段,.00,都市：工
RPROMLPLIIIFFAF77CC,海山段,.00,都市：住
RPROMLPLIIIFFAF77CC,海山段,.00,都市：住
RPTPMLPLIIIFFCF28CC,黎明段,568.26,都市：住
RPWNMLPLIIIFFCF38CC,復興段,.00,都市：工
RPRRMLNLIIIFFBF97CC,榮富段,20.36,都市：住
RPORMLNLIIIFFBF67CC,中原段,14.45,都市：住
RPSRMLNLIIIFFBF08CC,思源段,8.00,都市：住
RPQPOLPLIIIFFEF38CC,後厝段北勢子小段,47.05,非都市：山坡地保育區 ; 非都市編定：丙種建築用地
RPPQMLPLIIIFFGF38CC,正義段,.00,都市：住
RPSPMLPLIIIFFDF48EC,保長段,6.83,都市：住
RPRPMLPLIIIFFDF38EC,保長段,3.90,都市：住
RPVNMLRLIIIFFDF58CC,智興段,.00,都市：住
RPQRMLOLIIIFFAF87CC,板院段,102.22,都市：住
RPPNMLQLIIIFFAF57CC,篤行段,86.72,都市：住
RPOQMLPLIIIFFAF67CC,江子翠段第二崁小段,.00,都市：住
RPUOMLOLIIIFFAF97CC,板院段,.00,都市：住
RPWNMLRLIIIFFDF68CC,智興段,.00,都市：住
RPWNMLRLIIIFFDF68CC,智興段,.00,都市：其他
RPQNMLQLIIIFFEF08CC,公司田段,23.20,都市：住
RPTPMLOLIIIFFAF97CC,成功段,10.01,都市：住
RPRNMLQLIIIFFEF18CC,海鷗段,11.14,都市：住
RPWRMLSLIIIFFEF66CC,竹圍段,4.58,都市：住
RPSNMLSLIIIFFCF38DC,寶橋段,83.43,都市：工
RPRQMLSLIIIFFDF78EC,保長段,5.38,都市：住
RPQNMLSLIIIFFDF38EC,保長段,5.21,都市：住
RPTNMLSLIIIFFDF68EC,保長段,6.83,都市：住
RPTOMLTLIIIFFIF76EC,大學段二小段,16.49,都市：住
RPROMLTLIIIFFIF56EC,大學段二小段,25.04,都市：住
RPXQMLTLIIIFFIF17CC,樹新段,25.48,都市：住
RPOQMLSLIIIFFDF48EC,保長段,6.70,都市：住
RPROMLTLIIIFFDF48CC,金龍段,30.68,都市：住
RPVPMLTLIIIFFEF09CC,仁愛段,9.82,都市：住
RPQOMLTLIIIFFEF48CC,飛歌段,20.74,都市：工
RPWNMLTLIIIFFHF66CC,興南段,.00,都市：住
RPXPMLSLIIIFFHF86CC,竹林段,77.00,都市：住
RPXNMLTLIIIFFHF76CC,連城段,.00,都市：住
RPRPMLSLIIIFFCF48DC,明德段,54.99,都市：住
RPWNMLTLIIIFFAF58CC,民生段,151.04,都市：住
RPVOMLKMIIIFFAF77CC,新雅段,.00,都市：住
RPROMLKMIIIFFBF47CC,福營段,86.73,都市：住
RPUOMLKMIIIFFBF77CC,榮富段,12.29,都市：住
RPTQMLKMIIIFFBF87CC,自強段,20.80,都市：住
RPSPMLKMIIIFFBF67CC,國宅段,32.14,都市：住
RPWOMLKMIIIFFBF97CC,中原段,21.66,都市：住
RPRQMLKMIIIFFBF67CC,成功段,45.74,都市：住
RPWQMLKMIIIFFBF18CC,恒安段,7.09,都市：住
RPWQMLKMIIIFFBF18CC,恒安段,18.69,都市：住
RPQPMLKMIIIFFBF47CC,榮富段,9.70,都市：住
RPUPMLKMIIIFFBF87CC,力行段,21.15,都市：住
RPXQMLKMIIIFFBF28CC,建林段,24.17,都市：住
RPQSMLKMIIIFFBF77CC,副都心段一小段,.00,都市：商
RPVQMLKMIIIFFBF08CC,昌隆段,22.84,都市：住
RPSNMLKMIIIFFEF77CC,公司田段,21.39,都市：住
RPSOMLKMIIIFFEF87CC,公司田段,14.92,都市：住
RPQOMLKMIIIFFEF67CC,公司田段,14.99,都市：住
RPPSMLKMIIIFFEF97CC,公司田段,14.99,都市：住
RPVPMLKMIIIFFEF28CC,公司田段,.00,都市：住
RPROMLKMIIIFFAF57EC,江子翠段第三崁小段,7.75,都市：商
RPOPMLKMIIIFFBF27CC,榮富段,10.42,都市：住
RPPPMLKMIIIFFBF37CC,榮富段,10.97,都市：住
RPOQMLLMIIIFFDF87EC,厚德段,.00,非都市： ; 非都市編定：
RPSQMLKMIIIFFHF38CC,華福段,.00,都市：商
RPTQMLKMIIIFFHF48CC,福美段,.00,都市：住
RPPOMLLMIIIFFAF47EC,員福段,15.24,都市：住
RPWNMLLMIIIFFHF58CC,健康段,.00,都市：工
RPWNMLLMIIIFFHF58CC,健康段,.00,都市：工
RPXNMLLMIIIFFHF68CC,中信段,91.77,都市：商
RPROMLLMIIIFFIF28CC,大學段一小段,10.86,都市：住
RPQWMLLMIIIFFHF88CC,瓦段,20.41,都市：商
RPRQMLLMIIIFFCF87CC,明德段,80.00,都市：住
RPRSMLLMIIIFFHF78EC,水源段,4.90,都市：住
RPVQMLLMIIIFFDF38CC,中正段,.00,都市：住
RPVQMLLMIIIFFDF38CC,中正段,.00,都市：住
RPPRMLLMIIIFFDF87CC,智興段,17.70,都市：商
RPXQMLLMIIIFFBF58EC,丹鳳段,38.35,都市：商
RPXPMLLMIIIFFBF48EC,榮富段,14.80,都市：住
RPQUMLLMIIIFFBF08CC,同興段,11.12,都市：商
RPURMLLMIIIFFBF38EC,丹鳳段,14.73,都市：住
