﻿編號,屋齡,建物移轉面積平方公尺,主要用途,主要建材,建築完成日期,總層數,建物分層
The serial number,room age,building shifting area square meter,the main use,main building materials,construction completes the date,total layer,building lamination
RPSOMLMJQHIFFBH38CC,6,86.19,住家用,鋼筋混凝土造,96年9月29日,十二層,
RPSOMLMJQHIFFBH38CC,6,32.55,共有部份,鋼筋混凝土造,96年9月29日,十二層,
RPOOMLLJQHIFFCH97CC,16,36.63,住家用,鋼筋混凝土造,86年1月30日,十八層,
RPOOMLLJQHIFFCH97CC,16,6.63,共有部份,鋼筋混凝土造,86年1月30日,十八層,
RPOOMLLJQHIFFCH97CC,16,2.78,共有部份,鋼筋混凝土造,86年1月30日,十八層,
RPOOMLLJQHIFFCH97CC,16,1.15,共有部份,鋼筋混凝土造,86年1月30日,十八層,
RPOOMLLJQHIFFCH97CC,16,.06,共有部份,鋼筋混凝土造,86年1月30日,一層,
RPTOMLLJQHIFFCH48CC,16,28.18,住家用,鋼筋混凝土造,86年1月30日,十四層,
RPTOMLLJQHIFFCH48CC,16,3.27,住家用,鋼筋混凝土造,86年1月30日,十四層,
RPTOMLLJQHIFFCH48CC,16,2.10,共有部份,鋼筋混凝土造,86年1月30日,十四層,
RPTOMLLJQHIFFCH48CC,16,.54,共有部份,鋼筋混凝土造,86年1月30日,十八層,
RPTOMLLJQHIFFCH48CC,16,12.49,共有部份,鋼筋混凝土造,86年1月30日,十八層,
RPTOMLLJQHIFFCH48CC,16,.01,共有部份,鋼筋混凝土造,86年1月30日,一層,
RPPOMLLJQHIFFCH08CC,16,28.86,住家用,鋼筋混凝土造,86年6月26日,十五層,
RPPOMLLJQHIFFCH08CC,16,2.27,共有部份,鋼筋混凝土造,86年6月26日,十五層,
RPPOMLLJQHIFFCH08CC,16,.54,共有部份,鋼筋混凝土造,86年6月26日,十八層,
RPPOMLLJQHIFFCH08CC,16,.54,見其他登記事項,鋼筋混凝土造,86年6月26日,十八層,
RPPOMLLJQHIFFCH08CC,16,.01,共有部份,鋼筋混凝土造,86年6月26日,一層,
RPURMLLJQHIFFAH68CC,19,75.15,住家用,鋼筋混凝土造,83年10月19日,五層,
RPXNMLNJQHIFFBH88CC,19,75.10,住家用,鋼筋混凝土造,83年6月23日,八層,
RPXNMLNJQHIFFBH88CC,19,6.21,共有部份,鋼筋混凝土造,83年6月23日,八層,
RPXNMLNJQHIFFBH88CC,19,12.68,共有部份,鋼筋混凝土造,83年6月23日,八層,
RPSQMLMJQHIFFAH48CC,16,24.88,住家用,鋼筋混凝土造,86年9月1日,十七層,
RPSQMLMJQHIFFAH48CC,16,1.97,共有部份,鋼筋混凝土造,86年9月1日,十七層,
RPSQMLMJQHIFFAH48CC,16,4.59,共有部份,鋼筋混凝土造,86年9月1日,十七層,
RPSQMLMJQHIFFAH48CC,16,24.88,住家用,鋼筋混凝土造,86年9月1日,十七層,
RPSQMLMJQHIFFAH48CC,16,1.97,共有部份,鋼筋混凝土造,86年9月1日,十七層,
RPSQMLMJQHIFFAH48CC,16,4.59,共有部份,鋼筋混凝土造,86年9月1日,十七層,
RPVRMLMJQHIFFAH88CC,15,35.89,住家用,鋼筋混凝土造,87年4月2日,二十四層,
RPVRMLMJQHIFFAH88CC,15,6.68,共有部份,鋼筋混凝土造,87年4月2日,二十四層,
RPVRMLMJQHIFFAH88CC,15,4.29,共有部份,鋼筋混凝土造,87年4月2日,二十四層,
RPXQMLMJQHIFFAH98CC,19,137.61,住家用,鋼筋混凝土造,83年12月23日,十三層,
RPURMLMJQHIFFAH78CC,16,89.85,住家用,鋼筋混凝土造,86年7月1日,十七層,
RPURMLMJQHIFFAH78CC,16,19.72,共有部份,鋼筋混凝土造,86年7月1日,十七層,
RPVQMLMJQHIFFAH78CC,17,27.41,住家用,鋼筋混凝土造,85年1月18日,十七層,
RPVQMLMJQHIFFAH78CC,17,12.56,共有部份,鋼筋混凝土造,85年1月18日,十七層,
RPRRMLMJQHIFFAH48CC,10,46.86,住家用,鋼筋混凝土造,92年7月28日,十四層,
RPRRMLMJQHIFFAH48CC,10,6.71,共有部份,鋼筋混凝土造,92年7月28日,十四層,
RPRRMLMJQHIFFAH48CC,10,10.02,共有部份,鋼筋混凝土造,92年7月28日,十四層,
RPTRMLMJQHIFFAH68CC,18,67.21,住家用,鋼筋混凝土造,84年6月10日,十四層,
RPTRMLMJQHIFFAH68CC,18,25.29,共有部份,鋼筋混凝土造,84年6月10日,十四層,
RPPRMLMJQHIFFAH28CC,14,70.00,住家用,鋼筋混凝土造,88年11月29日,二十四層,
RPPRMLMJQHIFFAH28CC,14,4.96,共有部份,鋼筋混凝土造,88年11月29日,二十四層,
RPPRMLMJQHIFFAH28CC,14,15.24,共有部份,鋼筋混凝土造,88年11月29日,二十四層,
RPTQMLMJQHIFFAH58CC,18,51.94,住家用,鋼筋混凝土造,84年7月4日,十三層,
RPTQMLMJQHIFFAH58CC,18,3.27,共有部份,鋼筋混凝土造,84年7月4日,十三層,
RPTQMLMJQHIFFAH58CC,18,36.35,共有部份,鋼筋混凝土造,84年7月4日,十三層,
RPTQMLMJQHIFFAH58CC,18,1.45,共有部份,鋼筋混凝土造,84年7月4日,十三層,
RPTQMLMJQHIFFAH58CC,18,4.82,共有部份,鋼筋混凝土造,84年7月4日,十三層,
RPWOMLPJQHIFFAH98CC,24,91.10,住家用,鋼筋混凝土造,78年5月22日,十二層,
RPWOMLPJQHIFFAH98CC,24,16.16,共有部份,鋼筋混凝土造,78年5月22日,十二層,
RPWOMLPJQHIFFAH98CC,24,11.18,共有部份,鋼筋混凝土造,78年5月22日,十二層,
RPSOMLPJQHIFFAH58CC,2,43.64,住家用,鋼筋混凝土造,100年8月29日,十三層,
RPVOMLPJQHIFFAH88CC,16,27.27,見其他登記事項,鋼筋混凝土造,86年12月24日,十七層,
RPSOMLPJQHIFFAH58CC,2,21.81,見其他登記事項,鋼筋混凝土造,100年8月29日,十三層,
RPVOMLPJQHIFFAH88CC,16,3.24,共有部份,鋼筋混凝土造,86年12月24日,十七層,
RPVOMLPJQHIFFAH88CC,16,8.34,共有部份,鋼筋混凝土造,86年12月24日,十七層,
RPUOMLPJQHIFFAH78CC,16,89.99,住家用,鋼筋混凝土造,86年7月1日,十七層,
RPUOMLPJQHIFFAH78CC,16,19.72,共有部份,鋼筋混凝土造,86年7月1日,十七層,
RPUOMLPJQHIFFAH78CC,16,37.71,共有部份,鋼筋混凝土造,86年7月1日,十七層,
RPQPMLPJQHIFFAH48CC,15,35.97,住家用,鋼筋混凝土造,87年12月15日,十二層,
RPQPMLPJQHIFFAH48CC,15,9.92,共有部份,鋼筋混凝土造,87年12月15日,十二層,
RPSQMLPJQHIFFAH78CC,29,1333.66,見其他登記事項,鋼筋混凝土造,74年1月9日,二層,
RPUPMLPJQHIFFAH88CC,19,24.29,住家用,鋼筋混凝土造,83年3月18日,十二層,
RPUPMLPJQHIFFAH88CC,19,11.43,共有部份,鋼筋混凝土造,83年3月18日,十二層,
RPSPMLPJQHIFFAH68CC,17,41.83,住家用,鋼筋混凝土造,85年7月13日,十一層,
RPSPMLPJQHIFFAH68CC,17,2.09,共有部份,鋼筋混凝土造,85年7月13日,十一層,
RPSPMLPJQHIFFAH68CC,17,4.78,共有部份,鋼筋混凝土造,85年7月13日,十五層,
RPOQMLPJQHIFFAH38CC,19,61.79,住家用,鋼筋混凝土造,83年3月5日,八層,
RPOQMLPJQHIFFAH38CC,19,7.92,共有部份,鋼筋混凝土造,83年3月5日,八層,
RPOQMLPJQHIFFAH38CC,19,6.11,共有部份,鋼筋混凝土造,83年3月5日,八層,
RPRQMLPJQHIFFAH68CC,19,25.09,住家用,鋼筋混凝土造,83年3月18日,十二層,
RPRQMLPJQHIFFAH68CC,19,10.77,共有部份,鋼筋混凝土造,83年3月18日,十二層,
RPSSMLPJQHIFFAH98CC,9,23.26,住家用,鋼筋混凝土造,93年7月20日,十三層,
RPSSMLPJQHIFFAH98CC,9,4.90,共有部份,鋼筋混凝土造,93年7月20日,十三層,
RPSSMLPJQHIFFAH98CC,9,5.26,共有部份,鋼筋混凝土造,93年7月20日,十三層,
RPOPMLPJQHIFFAH28CC,10,34.55,住家用,鋼筋混凝土造,92年7月28日,十四層,
RPOPMLPJQHIFFAH28CC,10,4.85,共有部份,鋼筋混凝土造,92年7月28日,十四層,
RPOPMLPJQHIFFAH28CC,10,9.04,共有部份,鋼筋混凝土造,92年7月28日,十四層,
RPSOMLQJQHIFFCH88CC,23,324.00,住家用,鋼造,79年10月20日,一層,
RPSNMLOJQHIFFGH98CC,37,119.04,住家用,加強磚造,65年6月3日,二層,
RPOOMLQJQHIFFBH48DC,1,115.70,住家用,鋼筋混凝土造,101年6月14日,四層,
RPUSMLQJQHIFFAH66CC,18,35.28,住家用,鋼筋混凝土造,84年8月9日,十四層,
RPUSMLQJQHIFFAH66CC,18,6.55,共有部份,鋼筋混凝土造,84年8月9日,十四層,
RPUSMLQJQHIFFAH66CC,18,3.59,共有部份,鋼筋混凝土造,84年8月9日,十四層,
RPVSMLQJQHIFFAH76CC,22,160.61,住家用,鋼筋混凝土造,80年5月30日,七層,
RPVSMLQJQHIFFAH76CC,22,15.01,共有部份,鋼筋混凝土造,80年5月30日,七層,
RPVSMLQJQHIFFAH76CC,22,38.74,共有部份,鋼筋混凝土造,80年5月30日,七層,
RPWQMLQJQHIFFBH76CC,8,59.72,住家用,鋼筋混凝土造,94年1月20日,十二層,
RPWQMLQJQHIFFBH76CC,8,10.06,共有部份,鋼筋混凝土造,94年1月20日,十二層,
RPPOMLQJQHIFFBH58DC,4,115.43,住家用,鋼筋混凝土造,98年6月29日,二十一層,
RPWQMLQJQHIFFBH76CC,8,8.97,見其他登記事項,鋼筋混凝土造,94年2月14日,四層,
RPSOMLQJQHIFFAH68CC,17,35.90,停車空間,鋼筋混凝土造,85年1月18日,十七層,
RPSOMLQJQHIFFAH68CC,17,.70,共有部份,鋼筋混凝土造,85年1月18日,十七層,
RPVNMLQJQHIFFBH98CC,13,146.89,住家用,鋼筋混凝土造,89年5月29日,八層,
RPVNMLQJQHIFFAH98DC,20,95.67,見其他登記事項,見其他登記事項,82年4月30日,二十二層,
RPTUMLPJQHIFFAH66CC,27,150.92,見其他登記事項,鋼筋混凝土造,75年5月27日,七層,
RPTUMLPJQHIFFAH66CC,27,28.71,共有部份,鋼筋混凝土造,75年5月27日,七層,
RPOPMLRJQHIFFAH58DC,29,202.64,住商用,鋼筋混凝土造,73年9月29日,二層,
RPVOMLKKQHIFFBH58CC,13,51.67,住家用,鋼筋混凝土造,90年1月15日,十層,
RPRQMLSJQHIFFAH09DC,32,79.50,住家用,鋼筋混凝土造,70年6月16日,四層,
RPXNMLSJQHIFFAH76DC,8,43.77,住家用,鋼筋混凝土造,94年11月10日,九層,
RPWOMLKKQHIFFBH68CC,13,77.71,住家用,鋼筋混凝土造,90年1月15日,十層,
RPOQMLRJQHIFFAH68DC,18,76.28,見其他登記事項,鋼筋混凝土造,84年7月24日,十二層,
RPOQMLRJQHIFFAH68DC,18,102.58,見其他登記事項,鋼筋混凝土造,84年7月24日,十二層,
RPOQMLRJQHIFFAH68DC,18,126.38,見其他登記事項,鋼筋混凝土造,84年7月24日,十二層,
RPSPMLTJQHIFFAH09CC,17,97.12,住家用,鋼筋混凝土造,86年2月4日,五層,
RPURMLTJQHIFFAH86CC,10,147.55,住家用,鋼筋混凝土造,92年9月18日,十三層,
RPWNMLNKQHIFFBH98DC,38,67.90,住家用,加強磚造,64年11月15日,二層,
RPPUMLMKQHIFFBH88DC,4,25.30,見其他登記事項,鋼筋混凝土造,97年11月6日,四層,
RPPNMLNJQHIFFFH48CC,18,181.22,見其他登記事項,鋼筋混凝土造,84年12月11日,四層,
RPQNMLRJQHIFFFH98CC,33,99.56,住家用,鋼筋混凝土造,69年2月9日,四層,
RPSNMLKKQHIFFFH58CC,15,128.04,住家用,鋼筋混凝土造,87年11月2日,七層,
RPVOMLMKQHIFFAH68CC,17,29.00,住家用,鋼筋混凝土造,85年4月20日,十九層,
RPQQMLNKQHIFFAH58DC,19,33.05,住家用,鋼筋混凝土造,83年7月14日,七層,
RPTTMLNKQHIFFAH66EC,19,99.80,住家用,鋼筋混凝土造,83年10月5日,十七層,
RPSNMLOKQHIFFFH98CC,15,89.46,住家用,鋼骨鋼筋混凝土造,87年7月29日,十九層,
RPXPMLMKQHIFFAH98CC,40,62.09,住家用,加強磚造,62年2月20日,二層,
RPPTMLNKQHIFFAH68CC,6,99.17,住家用,鋼筋混凝土造,96年8月22日,十二層,
RPVNMLPKQHIFFBH98CC,1,102.57,見其他登記事項,鋼筋混凝土造,101年8月27日,十二層,
RPVNMLPKQHIFFBH98CC,1,20.32,見其他登記事項,鋼筋混凝土造,101年8月27日,十二層,
RPVNMLPKQHIFFBH98CC,1,52.22,見其他登記事項,鋼筋混凝土造,101年8月27日,十二層,
RPSNMLPKQHIFFFH56DC,4,174.42,見其他登記事項,鋼筋混凝土造,98年5月6日,十九層,
RPPNMLPKQHIFFFH98EC,35,49.73,住家用,加強磚造,68年2月5日,一層,
RPUNMLPKQHIFFAH78CC,19,91.19,住家用,鋼筋混凝土造,83年10月26日,十六層,
RPUNMLPKQHIFFAH78CC,19,.52,共有部份,鋼筋混凝土造,83年10月26日,十六層,
RPUNMLPKQHIFFAH78CC,19,36.05,共有部份,鋼筋混凝土造,83年10月26日,十六層,
RPRNMLPKQHIFFAH48CC,18,25.57,住家用,鋼筋混凝土造,84年8月8日,二十層,
RPUNMLPKQHIFFAH78CC,19,14.35,共有部份,鋼筋混凝土造,83年10月26日,十六層,
RPUNMLPKQHIFFAH78CC,19,4.46,共有部份,鋼筋混凝土造,83年10月26日,十六層,
RPRNMLPKQHIFFAH48CC,18,12.04,共有部份,鋼筋混凝土造,84年8月8日,二十層,
RPVNMLPKQHIFFAH88CC,18,102.04,住家用,鋼筋混凝土造,85年1月31日,十二層,
RPVNMLPKQHIFFAH88CC,18,11.44,共有部份,鋼筋混凝土造,85年1月31日,十四層,
RPQNMLPKQHIFFAH48DC,9,51.67,住家用,鋼筋混凝土造,93年2月20日,八層,
RPXNMLPKQHIFFAH09CC,15,22.53,見其他登記事項,鋼筋混凝土造,86年11月17日,十四層,
RPXNMLPKQHIFFAH09CC,15,7.00,共有部份,鋼筋混凝土造,86年11月17日,十四層,
RPXNMLPKQHIFFAH09CC,15,1.62,共有部份,鋼筋混凝土造,86年11月17日,十四層,
RPPOMLPKQHIFFAH38CC,16,22.38,住家用,鋼筋混凝土造,86年9月1日,十六層,
RPPOMLPKQHIFFAH38CC,16,1.77,共有部份,鋼筋混凝土造,86年9月1日,十七層,
RPPOMLPKQHIFFAH38CC,16,4.67,共有部份,鋼筋混凝土造,86年9月1日,十七層,
RPSOMLPKQHIFFAH68CC,10,46.67,住家用,鋼筋混凝土造,92年7月28日,十四層,
RPSOMLPKQHIFFAH68CC,10,10.02,共有部份,鋼筋混凝土造,92年7月28日,十四層,
RPSOMLPKQHIFFAH68CC,10,6.71,共有部份,鋼筋混凝土造,92年7月28日,十四層,
RPQOMLPKQHIFFAH48CC,15,35.97,住家用,鋼筋混凝土造,87年12月15日,十二層,
RPQOMLPKQHIFFAH48CC,15,9.92,共有部份,鋼筋混凝土造,87年12月15日,十二層,
RPQOMLPKQHIFFAH48CC,15,25.51,共有部份,鋼筋混凝土造,87年12月15日,十二層,
RPOPMLPKQHIFFAH38CC,19,63.65,住家用,鋼筋混凝土造,83年3月3日,六層,
RPOPMLPKQHIFFAH38CC,19,15.87,共有部份,鋼筋混凝土造,83年3月3日,六層,
RPOPMLPKQHIFFAH38CC,19,4.19,共有部份,鋼筋混凝土造,83年3月3日,六層,
RPOPMLPKQHIFFAH38CC,19,5.84,共有部份,鋼筋混凝土造,83年3月3日,六層,
RPTPMLPKQHIFFAH88CC,7,50.62,住家用,鋼筋混凝土造,95年9月20日,十二層,
RPTPMLPKQHIFFAH88CC,7,53.22,共有部份,鋼筋混凝土造,95年9月20日,十三層,
RPQNMLRKQHIFFFH09CC,24,55.71,商業用,鋼筋混凝土造,78年12月7日,五層,
RPVRMLQKQHIFFAH76CC,7,133.28,見其他登記事項,鋼筋混凝土造,95年11月28日,五層,
RPRPMLTKQHIFFAH09CC,2,100.87,住家用,鋼筋混凝土造,100年3月9日,十五層,
RPRNMLSKQHIFFAH78CC,25,143.98,住家用,加強磚造,77年8月18日,二層,
RPTPMLTKQHIFFAH66CC,2,53.26,住家用,鋼筋混凝土造,100年3月9日,十五層,
RPPPMLTKQHIFFAH88CC,2,55.10,住家用,鋼筋混凝土造,100年3月9日,十五層,
RPSPMLTKQHIFFAH56CC,2,79.31,住家用,鋼筋混凝土造,100年3月9日,十四層,
RPROMLTKQHIFFCH56CC,20,313.44,住家用,鋼筋混凝土造,82年7月26日,五層,
RPQRMLTKQHIFFAH66DC,5,185.63,見其他登記事項,鋼筋混凝土造,97年2月22日,十二層,
RPWNMLPKQHIFFGH96CC,39,65.44,住家用,加強磚造,63年3月24日,二層,
RPUQMLTKQHIFFBH07DC,23,171.69,住家用,鋼筋混凝土造,79年4月23日,四層,
RPWPMLTKQHIFFBH17DC,4,127.62,見其他登記事項,鋼筋混凝土造,98年8月20日,十四層,
RPQQMLTKQHIFFBH66DC,34,64.50,住家用,鋼筋混凝土造,68年2月28日,3,
RPTRMLTKQHIFFBH07DC,36,47.03,住家用,加強磚造,66年12月3日,一層,
RPXPMLTKQHIFFBH27DC,9,110.88,住家用,鋼筋混凝土造,93年7月1日,九層,
RPSQMLTKQHIFFBH86DC,4,127.62,見其他登記事項,鋼筋混凝土造,98年8月20日,十四層,
RPUUMLKLQHIFFBH56CC,4,67.52,住商用,鋼筋混凝土造,98年4月15日,十四層,
RPPOMLLLQHIFFAH08CC,16,26.61,見其他登記事項,鋼筋混凝土造,86年12月24日,十七層,
RPPOMLLLQHIFFAH08CC,16,3.16,共有部份,鋼筋混凝土造,86年12月24日,十七層,
RPPOMLLLQHIFFAH08CC,16,8.20,共有部份,鋼筋混凝土造,86年12月24日,十七層,
RPQOMLLLQHIFFAH18CC,38,18.00,住家用,加強磚造,65年2月18日,三層,
RPQOMLLLQHIFFAH18CC,38,4.33,住家用,加強磚造,65年2月18日,三層,
RPUOMLLLQHIFFAH58CC,18,34.49,住家用,鋼筋混凝土造,84年12月30日,十二層,
RPUOMLLLQHIFFAH58CC,18,10.33,共有部份,鋼筋混凝土造,84年12月30日,十二層,
RPVOMLLLQHIFFAH68CC,16,34.48,見其他登記事項,鋼筋混凝土造,86年12月24日,十七層,
RPVOMLLLQHIFFAH68CC,16,4.22,共有部份,鋼筋混凝土造,86年12月24日,十七層,
RPVOMLLLQHIFFAH68CC,16,10.86,共有部份,鋼筋混凝土造,86年12月24日,十七層,
RPPQMLMLQHIFFAH38CC,9,206.43,見其他登記事項,鋼筋混凝土造,94年1月25日,五層,
RPPQMLMLQHIFFAH38CC,9,2.62,共有部份,鋼筋混凝土造,94年1月25日,五層,
RPWNMLMLQHIFFCH98CC,16,71.06,住家用,鋼筋混凝土造,86年6月26日,十二層,
RPWNMLMLQHIFFCH98CC,16,3.71,共有部份,鋼筋混凝土造,86年6月26日,十二層,
RPWNMLMLQHIFFCH98CC,16,.74,共有部份,鋼筋混凝土造,86年6月26日,十四層,
RPWNMLMLQHIFFCH98CC,16,.30,見其他登記事項,鋼筋混凝土造,86年6月26日,十八層,
RPWNMLMLQHIFFCH98CC,16,.30,共有部份,鋼筋混凝土造,86年6月26日,一層,
RPUNMLNLQHIFFFH56CC,17,87.50,住家用,鋼筋混凝土造,85年10月1日,十二層,
RPRQMLNLQHIFFBH78CC,57,97.32,住商用,磚造,45年10月15日,一層,
RPSOMLNLQHIFFCH88DC,32,101.92,住家用,鋼筋混凝土造,70年7月20日,四層,
RPSOMLNLQHIFFCH88DC,32,88.62,住家用,鋼筋混凝土造,70年7月20日,四層,
RPSQMLNLQHIFFBH88CC,13,107.07,住家用,鋼筋混凝土造,89年12月7日,七層,
RPSQMLNLQHIFFBH88CC,13,30.55,共有部份,鋼筋混凝土造,89年12月7日,七層,
RPXNMLQLQHIFFAH66CC,3,334.75,見其他登記事項,鋼筋混凝土造,99年4月22日,二十五層,
RPTNMLQLQHIFFAH88CC,4,136.57,住家用,鋼筋混凝土造,98年11月10日,十二層,
RPUOMLQLQHIFFAH09CC,19,89.41,住家用,鋼筋混凝土造,83年5月24日,七層,
RPUOMLQLQHIFFAH09CC,19,28.64,共有部份,鋼筋混凝土造,83年5月24日,七層,
RPUPMLQLQHIFFAH66DC,24,142.19,見其他登記事項,鋼筋混凝土造,78年12月20日,三層,
RPPPMLTKQHIFFEH66CC,17,68.50,商業用,鋼筋混凝土造,85年5月28日,十二層,
RPRPMLTKQHIFFEH86CC,18,51.77,住家用,鋼筋混凝土造,84年2月23日,十四層,
RPROMLQLQHIFFEH66DC,1,70.97,住家用,鋼筋混凝土造,101年11月5日,十三層,
RPQVMLSLQHIFFBH17DC,15,22.36,見其他登記事項,鋼筋混凝土造,87年8月4日,十五層,
RPVNMLNLQHIFFEH56CC,16,296.08,見其他登記事項,鋼筋混凝土造,86年4月25日,三層,
RPTOMLRLQHIFFFH17EC,14,157.84,國民住宅,鋼筋混凝土造,88年11月25日,十三層,
RPUNMLRLQHIFFBH66DC,4,77.00,見其他登記事項,鋼筋混凝土造,98年11月2日,四層,
RPWPMLMLQHIFFDH76DC,14,181.84,見其他登記事項,鋼筋混凝土造,88年3月15日,四層,
RPPQMLMLQHIFFDH88EC,16,12.50,住家用,鋼筋混凝土造,86年12月24日,十三層,
RPXRMLSLQHIFFAH37DC,17,54.36,住家用,鋼筋混凝土造,85年3月8日,九層,
RPPQMLSLQHIFFAH09DC,19,274.78,見其他登記事項,鋼筋混凝土造,83年6月9日,三層,
RPSOMLMKQHIFFDH68CC,8,136.71,商業用,鋼筋混凝土造,94年7月5日,十層,
RPPPMLSLQHIFFAH88CC,18,30.40,住家用,鋼筋混凝土造,85年1月18日,十七層,
RPPPMLSLQHIFFAH88CC,18,12.56,共有部份,鋼筋混凝土造,85年1月18日,十七層,
RPTOMLSLQHIFFAH56CC,20,136.91,住家用,鋼筋混凝土造,82年8月20日,二十三層,
RPTOMLSLQHIFFAH56CC,20,27.03,共有部份,鋼筋混凝土造,82年8月20日,二十三層,
RPRTMLSLQHIFFAH86CC,8,24.04,住家用,鋼筋混凝土造,95年1月17日,十二層,
RPPSMLSLQHIFFAH56CC,25,47.06,見其他登記事項,鋼筋混凝土造,78年1月13日,四層,
RPRRMLSLQHIFFAH66CC,19,23.77,住家用,鋼筋混凝土造,83年11月5日,十一層,
RPRRMLSLQHIFFAH66CC,19,7.17,共有部份,鋼筋混凝土造,83年11月5日,十一層,
RPRRMLSLQHIFFAH66CC,19,6.86,共有部份,鋼筋混凝土造,83年11月5日,十一層,
RPSTMLSLQHIFFAH96CC,7,40.25,見其他登記事項,鋼筋混凝土造,95年12月26日,六層,
RPSTMLSLQHIFFAH96CC,7,4.67,共有部份,鋼筋混凝土造,95年12月26日,六層,
RPSTMLSLQHIFFAH96CC,7,9.38,共有部份,鋼筋混凝土造,95年12月26日,六層,
RPQNMLSLQHIFFEH76EC,21,622.60,住工用,鋼筋混凝土造,81年5月20日,四層,
RPXRMLTLQHIFFAH37CC,16,23.23,見其他登記事項,鋼筋混凝土造,86年11月17日,十四層,
RPXRMLTLQHIFFAH37CC,16,7.08,共有部份,鋼筋混凝土造,86年11月17日,十四層,
RPXRMLTLQHIFFAH37CC,16,1.64,共有部份,鋼筋混凝土造,86年11月17日,十四層,
RPOSMLTLQHIFFAH56CC,16,30.13,住家用,鋼筋混凝土造,86年9月1日,十七層,
RPOSMLTLQHIFFAH56CC,16,2.40,共有部份,鋼筋混凝土造,86年9月1日,十七層,
RPOSMLTLQHIFFAH56CC,16,5.70,共有部份,鋼筋混凝土造,86年9月1日,十七層,
RPSNMLTLQHIFFAH56DC,7,46.28,住家用,鋼筋混凝土造,95年9月20日,十三層,
RPQSMLTLQHIFFAH76CC,14,28.77,住家用,鋼筋混凝土造,88年3月11日,十一層,
RPQSMLTLQHIFFAH76CC,14,14.81,共有部份,鋼筋混凝土造,88年3月11日,十一層,
RPVNMLTLQHIFFAH86DC,18,75.24,見其他登記事項,鋼筋混凝土造,85年1月6日,十二層,
RPRQMLKMQHIFFAH48CC,32,55.69,住家用,鋼筋混凝土造,70年10月22日,五層,
RPSQMLKMQHIFFAH58CC,18,90.06,住商用,鋼筋混凝土造,84年12月14日,八層,
RPOTMLKMQHIFFBH58CC,19,80.44,商業用,鋼筋混凝土造,83年10月24日,十二層,
RPSQMLKMQHIFFAH58CC,20,13.07,住家用,鋼筋混凝土造,82年10月30日,十層,
RPOTMLKMQHIFFBH58CC,19,11.53,共有部份,鋼筋混凝土造,83年10月24日,十二層,
RPOPMLKMQHIFFAH08CC,7,83.97,住家用,鋼筋混凝土造,95年12月15日,十三層,
RPOPMLKMQHIFFAH08CC,7,13290.77,共有部份,鋼筋混凝土造,95年12月15日,十三層,
RPTOMLKMQHIFFBH68DC,2,88.85,見其他登記事項,鋼筋混凝土造,100年12月15日,十五層,
RPOOMLKMQHIFFFH48CC,33,73.61,住家用,鋼筋混凝土造,69年5月27日,四層,
RPPPMLLMQHIFFBH38CC,14,38.03,住家用,鋼筋混凝土造,88年5月28日,十四層,
RPQNMLNJRHIFFAH28DC,21,106.91,住家用,鋼筋混凝土造,81年6月30日,六層,
RPTOMLNJRHIFFEH98CC,10,38.35,住家用,鋼筋混凝土造,92年7月28日,十四層,
RPTPMLMJRHIFFEH98CC,4,133.82,見其他登記事項,鋼筋混凝土造,98年12月8日,五層,
RPVUNLTLQHIFFBH67CC,17,149.84,商業用,鋼筋混凝土造,85年7月26日,十三層,
RPVPMLNJRHIFFBH98CC,13,120.58,住家用,鋼筋混凝土造,89年3月2日,十九層,
RPRTMLKMQHIFFBH88CC,9,38.05,住家用,鋼筋混凝土造,93年3月25日,十層,
RPRTMLKMQHIFFBH88CC,9,7.35,共有部份,鋼筋混凝土造,93年3月25日,十層,
RPRTMLKMQHIFFBH88CC,9,8.45,共有部份,鋼筋混凝土造,93年3月25日,十層,
RPSUNLTLQHIFFBH47DC,13,89.07,住家用,鋼筋混凝土造,89年10月21日,九層,
RPSUNLTLQHIFFBH47DC,13,9.23,見其他登記事項,鋼筋混凝土造,89年10月21日,九層,
RPSUNLTLQHIFFBH47DC,13,3.26,見其他登記事項,鋼筋混凝土造,89年10月21日,九層,
RPSUNLTLQHIFFBH47DC,13,9.96,見其他登記事項,鋼筋混凝土造,89年10月21日,九層,
RPTOMLTLQHIFFBH76CC,9,36.15,住家用,鋼筋混凝土造,93年5月15日,十四層,
RPUPMLNJRHIFFGH76CC,3,23.00,見其他登記事項,鋼筋混凝土造,99年12月22日,五層,
RPSNMLNJRHIFFFH88CC,18,89.92,住家用,鋼筋混凝土造,84年7月10日,七層,
RPSNMLNJRHIFFFH88CC,18,23.58,共有部份,鋼筋混凝土造,84年7月10日,八層,
RPQQMLOJRHIFFAH58CC,6,62.18,見其他登記事項,鋼筋混凝土造,96年8月20日,七層,
RPPQMLOJRHIFFAH48CC,6,62.27,見其他登記事項,鋼筋混凝土造,96年8月20日,七層,
RPVQMLOJRHIFFAH09CC,19,62.64,住家用,鋼筋混凝土造,83年11月8日,五層,
RPVQMLOJRHIFFAH09CC,19,9.22,共有部份,鋼筋混凝土造,83年11月8日,五層,
RPTPMLNJRHIFFEH56DC,7,240.08,見其他登記事項,鋼筋混凝土造,95年11月25日,五層,
RPWPMLNJRHIFFEH86DC,5,81.17,住家用,鋼筋混凝土造,97年10月2日,十層,
RPWPMLNJRHIFFEH86DC,5,5.16,住家用,鋼筋混凝土造,97年10月2日,十層,
RPWPMLNJRHIFFEH86DC,5,1.86,住家用,鋼筋混凝土造,97年10月2日,十層,
RPWPMLNJRHIFFEH86DC,5,17.21,共有部份,鋼筋混凝土造,97年10月2日,十層,
RPWPMLNJRHIFFEH86DC,5,8.41,共有部份,鋼筋混凝土造,97年10月2日,十層,
RPWPMLNJRHIFFEH86DC,5,12.07,共有部份,鋼筋混凝土造,97年10月2日,十層,
RPTOMLPJRHIFFAH88DC,29,78.72,住家用,鋼筋混凝土造,73年11月20日,三層,
RPSNMLPJRHIFFAH68DC,33,134.58,住商用,鋼筋混凝土造,69年7月23日,二層,
RPOQMLOJRHIFFEH88DC,7,113.90,住家用,鋼筋混凝土造,95年11月5日,十二層,
RPSOMLPJRHIFFEH56DC,5,82.91,住家用,鋼筋混凝土造,97年10月2日,十層,
RPPNMLSJRHIFFAH58CC,10,64.52,住家用,鋼筋混凝土造,92年8月19日,十四層,
RPPNMLSJRHIFFAH58CC,10,9.42,共有部份,鋼筋混凝土造,92年8月19日,十四層,
RPPNMLSJRHIFFAH58CC,10,13.15,共有部份,鋼筋混凝土造,92年8月19日,十四層,
RPORMLPJRHIFFBH68CC,41,105.98,住家用,加強磚造,61年8月21日,二層,
RPQTMLPJRHIFFBH09CC,41,36.88,住家用,加強磚造,61年8月21日,二層,
RPTTMLPJRHIFFBH76CC,41,36.88,住家用,加強磚造,61年8月21日,二層,
RPQRMLQJRHIFFBH98CC,37,97.06,住家用,加強磚造,65年7月8日,二層,
RPTRMLQJRHIFFBH66CC,12,35.16,住家用,鋼筋混凝土造,90年8月30日,二十二層,
RPTRMLQJRHIFFBH66CC,12,1.21,共有部份,鋼筋混凝土造,90年8月30日,二十二層,
RPTRMLQJRHIFFBH66CC,12,8.45,共有部份,鋼筋混凝土造,90年8月30日,二十二層,
RPTRMLQJRHIFFBH66CC,12,.95,共有部份,鋼筋混凝土造,90年8月30日,二十二層,
RPRNMLPJRHIFFFH98CC,32,85.84,住家用,加強磚造,71年2月1日,四層,
RPQNMLSJRHIFFAH68CC,18,76.95,住家用,鋼筋混凝土造,84年6月26日,十七層,
RPQNMLSJRHIFFAH68CC,18,8.10,共有部份,鋼筋混凝土造,84年6月26日,十七層,
RPQNMLSJRHIFFAH68CC,18,18.95,共有部份,鋼筋混凝土造,84年6月26日,十七層,
RPPQMLTJRHIFFAH98CC,18,146.75,見其他登記事項,鋼筋混凝土造,84年7月18日,二層,
RPRNMLPJRHIFFGH66EC,33,84.28,住家用,鋼筋混凝土造,69年7月31日,四層,
RPPNMLPJRHIFFGH98DC,22,37.67,住家用,鋼筋混凝土造,81年1月23日,九層,
RPQNMLTJRHIFFFH66CC,8,188.92,見其他登記事項,鋼筋混凝土造,94年12月20日,四層,
RPPRMLTJRHIFFBH56CC,19,79.31,住家用,鋼筋混凝土造,83年12月20日,七層,
RPPRMLTJRHIFFBH56CC,19,23.40,共有部份,鋼筋混凝土造,83年12月20日,七層,
RPQOMLTJRHIFFGH86CC,29,76.63,住家用,鋼筋混凝土造,73年10月27日,五層,
RPRVMLTJRHIFFBH17CC,12,35.16,住家用,鋼筋混凝土造,90年8月30日,二十二層,
RPRVMLTJRHIFFBH17CC,12,1.21,共有部份,鋼筋混凝土造,90年8月30日,二十二層,
RPRVMLTJRHIFFBH17CC,12,8.45,共有部份,鋼筋混凝土造,90年8月30日,二十二層,
RPRVMLTJRHIFFBH17CC,12,.95,共有部份,鋼筋混凝土造,90年8月30日,二十二層,
RPRRMLTJRHIFFBH76CC,7,75.15,住家用,鋼筋混凝土造,95年3月24日,十五層,
RPRRMLTJRHIFFBH76CC,7,12.07,共有部份,鋼筋混凝土造,95年3月24日,十五層,
RPRRMLTJRHIFFBH76CC,7,15.79,共有部份,鋼筋混凝土造,95年3月24日,十五層,
RPORMLTJRHIFFBH09CC,39,157.75,住商用,加強磚造,63年7月29日,三層,
RPOOMLTJRHIFFEH56DC,1,161.32,住家用,鋼筋混凝土造,101年4月26日,十五層,
RPQPMLKKRHIFFEH68DC,7,91.95,住家用,鋼筋混凝土造,95年10月19日,十二層,
RPOPMLKKRHIFFAH97CC,2,56.93,住家用,鋼筋混凝土造,100年11月16日,九層,
RPOPMLKKRHIFFAH97CC,2,20.13,見其他登記事項,鋼筋混凝土造,100年11月16日,九層,
RPUOMLLKRHIFFAH58CC,2,74.59,住家用,鋼筋混凝土造,101年2月15日,六層,
RPWOMLLKRHIFFAH78CC,16,84.78,住家用,鋼筋混凝土造,86年6月27日,七層,
RPWOMLLKRHIFFAH78CC,16,37.54,共有部份,鋼筋混凝土造,86年6月27日,七層,
RPWRMLKKRHIFFBH09CC,15,40.47,見其他登記事項,鋼筋混凝土造,87年8月4日,十五層,
RPWRMLKKRHIFFBH09CC,15,1.83,共有部份,鋼筋混凝土造,87年8月4日,十五層,
RPWRMLKKRHIFFBH09CC,15,2.23,共有部份,鋼筋混凝土造,87年8月4日,十五層,
RPSPMLKKRHIFFEH78CC,18,82.31,住家用,鋼筋混凝土造,84年12月7日,八層,
RPSPMLKKRHIFFEH78CC,18,10.86,共有部份,鋼筋混凝土造,84年12月7日,八層,
RPSPMLKKRHIFFEH78CC,18,23.31,共有部份,鋼筋混凝土造,84年12月7日,八層,
RPVPMLKKRHIFFEH09CC,12,8.80,共有部份,鋼筋混凝土造,90年8月1日,十四層,
RPVPMLKKRHIFFEH09CC,12,13.55,共有部份,鋼筋混凝土造,90年8月1日,十二層,
RPVPMLKKRHIFFEH09CC,12,59.44,住家用,鋼筋混凝土造,90年8月1日,十二層,
RPUOMLKKRHIFFEH88CC,5,169.58,住家用,鋼筋混凝土造,97年7月14日,二十六層,
RPUOMLKKRHIFFEH88CC,5,53.05,共有部份,鋼筋混凝土造,97年7月14日,二十六層,
RPUOMLKKRHIFFEH88CC,5,36.28,共有部份,鋼筋混凝土造,97年7月14日,二十六層,
RPUOMLKKRHIFFEH88CC,5,.92,共有部份,鋼筋混凝土造,97年7月14日,二十六層,
RPTOMLMKRHIFFAH68DC,9,60.71,住家用,鋼筋混凝土造,93年2月20日,八層,
RPPQMLMKRHIFFAH38CC,1,154.84,住家用,鋼筋混凝土造,101年12月15日,十五層,
RPPPMLNKRHIFFEH78CC,2,114.74,住家用,鋼筋混凝土造,100年5月11日,十二層,
RPXNMLNKRHIFFEH76CC,24,3370.00,見其他登記事項,鋼筋混凝土造,78年4月18日,四層,
RPWOMLLKRHIFFBH98DC,38,67.90,住家用,加強磚造,64年11月15日,二層,
RPPOMLSJRHIFFAH68CC,20,101.32,住家用,鋼筋混凝土造,82年12月10日,十六層,
RPPOMLSJRHIFFAH68CC,20,23.81,見其他登記事項,鋼筋混凝土造,82年12月10日,十六層,
RPPTMLLKRHIFFBH68CC,4,96.67,住家用,鋼筋混凝土造,98年6月29日,二十一層,
RPPTMLLKRHIFFBH68CC,4,4.44,共有部份,鋼筋混凝土造,98年6月29日,二十二層,
RPPTMLLKRHIFFBH68CC,4,5.19,共有部份,鋼筋混凝土造,98年6月29日,二十二層,
RPPTMLLKRHIFFBH68CC,4,13.32,共有部份,鋼筋混凝土造,98年6月29日,二十二層,
RPPTMLLKRHIFFBH68CC,4,34.62,共有部份,鋼筋混凝土造,98年6月29日,二十二層,
RPQNMLOKRHIFFEH78CC,24,514.45,見其他登記事項,鋼筋混凝土造,78年11月20日,四層,
RPXOMLQKRHIFFAH86DC,19,123.85,住家用,鋼筋混凝土造,83年9月5日,十四層,
RPTQMLOKRHIFFAH98CC,7,141.11,住家用,鋼筋混凝土造,95年7月18日,十三層,
RPWOMLNKRHIFFCH56CC,16,81.17,住家用,鋼筋混凝土造,86年6月26日,十五層,
RPWOMLNKRHIFFCH56CC,16,5.05,共有部份,鋼筋混凝土造,86年6月26日,十五層,
RPWOMLNKRHIFFCH56CC,16,1.41,共有部份,鋼筋混凝土造,86年6月26日,十八層,
RPWOMLNKRHIFFCH56CC,16,37.65,見其他登記事項,鋼筋混凝土造,86年6月26日,十八層,
RPWOMLNKRHIFFCH56CC,16,.04,共有部份,鋼筋混凝土造,86年6月26日,一層,
RPUSMLRKRHIFFBH07CC,9,61.41,住家用,鋼筋混凝土造,93年3月25日,十層,
RPUSMLRKRHIFFBH07CC,9,9.37,共有部份,鋼筋混凝土造,93年3月25日,十層,
RPUSMLRKRHIFFBH07CC,9,10.86,共有部份,鋼筋混凝土造,93年3月25日,十層,
RPWPMLQKRHIFFEH27DC,20,81.03,住家用,鋼筋混凝土造,82年8月20日,五層,
RPWPMLQKRHIFFEH27DC,20,4.89,共有部份,鋼筋混凝土造,82年8月20日,五層,
RPWPMLQKRHIFFEH27DC,20,51.32,共有部份,鋼筋混凝土造,82年8月20日,五層,
RPWPMLQKRHIFFEH27DC,20,7.05,住家用,鋼筋混凝土造,82年8月20日,五層,
RPVSMLRKRHIFFBH17CC,9,82.22,住商用,鋼筋混凝土造,93年3月25日,十層,
RPVSMLRKRHIFFBH17CC,9,12.44,共有部份,鋼筋混凝土造,93年3月25日,十層,
RPVSMLRKRHIFFBH17CC,9,14.57,共有部份,鋼筋混凝土造,93年3月25日,十層,
RPXNMLQKRHIFFBH76CC,4,133.50,住家用,鋼筋混凝土造,98年6月29日,二十二層,
RPXNMLQKRHIFFBH76CC,4,6.02,共有部份,鋼筋混凝土造,98年6月29日,二十二層,
RPXNMLQKRHIFFBH76CC,4,6.65,共有部份,鋼筋混凝土造,98年6月29日,二十二層,
RPXNMLQKRHIFFBH76CC,4,14.97,共有部份,鋼筋混凝土造,98年6月29日,二十二層,
RPXNMLQKRHIFFBH76CC,4,30.55,共有部份,鋼筋混凝土造,98年6月29日,二十二層,
RPVQMLSKRHIFFCH17CC,16,104.66,住家用,鋼筋混凝土造,86年6月26日,十五層,
RPVQMLSKRHIFFCH17CC,16,6.51,共有部份,鋼筋混凝土造,86年6月26日,十五層,
RPVQMLSKRHIFFCH17CC,16,1.82,共有部份,鋼筋混凝土造,86年6月26日,十八層,
RPVQMLSKRHIFFCH17CC,16,38.25,見其他登記事項,鋼筋混凝土造,86年6月26日,十八層,
RPVQMLSKRHIFFCH17CC,16,.05,共有部份,鋼筋混凝土造,86年6月26日,一層,
RPVQMLSKRHIFFCH17CC,17,.05,見其他登記事項,鋼筋混凝土造,86年1月30日,十四層,
RPVQMLSKRHIFFCH17CC,16,3.63,見其他登記事項,鋼筋混凝土造,86年6月26日,十五層,
RPUNMLRKRHIFFCH66CC,17,104.18,住家用,鋼筋混凝土造,86年1月30日,十四層,
RPUNMLRKRHIFFCH66CC,17,7.39,共有部份,鋼筋混凝土造,86年1月30日,十四層,
RPUNMLRKRHIFFCH66CC,17,1.81,共有部份,鋼筋混凝土造,86年1月30日,十八層,
RPUNMLRKRHIFFCH66CC,17,.96,共有部份,鋼筋混凝土造,86年1月30日,十八層,
RPUNMLRKRHIFFCH66CC,17,.05,共有部份,鋼筋混凝土造,86年1月30日,一層,
RPUNMLRKRHIFFCH66CC,17,3.18,見其他登記事項,鋼筋混凝土造,86年1月30日,十四層,
RPUNMLRKRHIFFCH66CC,16,.05,見其他登記事項,鋼筋混凝土造,86年6月26日,十五層,
RPUNMLRKRHIFFCH66CC,16,.05,見其他登記事項,鋼筋混凝土造,86年6月26日,十五層,
RPRNMLRKRHIFFCH98CC,17,106.80,住家用,鋼筋混凝土造,86年1月30日,十四層,
RPRNMLRKRHIFFCH98CC,17,5.61,共有部份,鋼筋混凝土造,86年1月30日,十四層,
RPRNMLRKRHIFFCH98CC,17,1.30,共有部份,鋼筋混凝土造,86年1月30日,十四層,
RPRNMLRKRHIFFCH98CC,17,.99,共有部份,鋼筋混凝土造,86年1月30日,十四層,
RPRNMLRKRHIFFCH98CC,17,.05,共有部份,鋼筋混凝土造,86年1月30日,一層,
RPRNMLRKRHIFFCH98CC,17,3.24,見其他登記事項,鋼筋混凝土造,86年1月30日,十四層,
RPRNMLRKRHIFFCH98CC,16,.05,見其他登記事項,鋼筋混凝土造,86年6月26日,十五層,
RPSPMLSKRHIFFBH76DC,35,77.40,住家用,加強磚造,67年9月20日,二層,
RPXNMLRKRHIFFFH27CC,32,84.00,住家用,鋼筋混凝土造,70年11月25日,四層,
RPSNMLRKRHIFFFH96EC,1,71.85,住家用,鋼筋混凝土造,101年11月22日,五層,
RPSNMLRKRHIFFFH96EC,1,42.76,見其他登記事項,鋼筋混凝土造,101年11月22日,五層,
RPRNMLRKRHIFFFH86EC,19,81.78,商業用,鋼筋混凝土造,83年12月30日,八層,
RPPNMLLLRHIFFAH08CC,13,36.26,住家用,鋼筋混凝土造,90年2月23日,十四層,
RPPNMLLLRHIFFAH08CC,13,13.11,共有部份,鋼筋混凝土造,90年2月23日,十四層,
RPPNMLLLRHIFFAH08CC,13,6.33,共有部份,鋼筋混凝土造,90年2月23日,十四層,
RPPNMLLLRHIFFAH08CC,13,6.50,共有部份,鋼筋混凝土造,90年2月23日,十四層,
RPWPMLNLRHIFFAH56CC,15,77.86,住家用,鋼筋混凝土造,87年5月27日,十八層,
RPQPMLNLRHIFFAH58CC,18,43.72,住家用,鋼筋混凝土造,84年8月8日,二十層,
RPQPMLNLRHIFFAH58CC,18,17.70,共有部份,鋼筋混凝土造,84年8月8日,二十層,
RPPPMLSKRHIFFEH76DC,10,76.76,住家用,鋼筋混凝土造,92年7月11日,九層,
RPPPMLSKRHIFFEH76DC,10,13.54,共有部份,鋼筋混凝土造,92年7月11日,10,
RPPPMLSKRHIFFEH76DC,10,18.57,共有部份,鋼筋混凝土造,92年7月11日,九層,
RPUOMLNLRHIFFAH98DC,8,78.53,住家用,鋼筋混凝土造,94年12月27日,十五層,
RPVNMLOLRHIFFAH98CC,17,182.55,住家用,鋼筋混凝土造,85年11月22日,十二層,
RPQNMLKLRHIFFFH58CC,20,59.80,見其他登記事項,鋼筋混凝土造,82年10月20日,十三層,
RPXOMLNLRHIFFBH66CC,4,133.50,住家用,鋼筋混凝土造,98年6月29日,二十二層,
RPXOMLNLRHIFFBH66CC,4,6.02,共有部份,鋼筋混凝土造,98年6月29日,二十二層,
RPXOMLNLRHIFFBH66CC,4,6.65,共有部份,鋼筋混凝土造,98年6月29日,二十二層,
RPXOMLNLRHIFFBH66CC,4,14.97,共有部份,鋼筋混凝土造,98年6月29日,二十二層,
RPXOMLNLRHIFFBH66CC,4,30.55,共有部份,鋼筋混凝土造,98年6月29日,二十二層,
RPXQMLQLRHIFFBH17CC,13,103.95,商業用,鋼筋混凝土造,89年5月29日,八層,
RPQOMLQLRHIFFBH88CC,46,43.88,住家用,加強磚造,56年5月10日,二層,
RPROMLQLRHIFFBH98CC,46,43.88,住家用,加強磚造,56年5月10日,二層,
RPSPMLPLRHIFFCH56CC,6,72.58,住家用,鋼筋混凝土造,96年9月30日,十三層,
RPQPMLPLRHIFFDH56DC,16,63.96,住家用,鋼筋混凝土造,86年5月12日,五層,
RPQPMLPLRHIFFDH56DC,16,12.39,見其他登記事項,鋼筋混凝土造,86年5月12日,五層,
RPQPMLPLRHIFFDH56DC,16,5.91,見其他登記事項,鋼筋混凝土造,86年5月12日,五層,
RPQPMLPLRHIFFCH98CC,8,172.26,見其他登記事項,鋼骨鋼筋混凝土造,94年6月9日,五層,
RPPSMLQLRHIFFBH56CC,14,246.36,見其他登記事項,鋼筋混凝土造,88年9月22日,四層,
RPQNNLRLRHIFFBH98CC,17,83.39,商業用,鋼筋混凝土造,85年8月29日,十三層,
RPQNNLRLRHIFFBH98CC,17,1.63,共有部份,鋼筋混凝土造,85年8月29日,十三層,
RPQNNLRLRHIFFBH98CC,17,12.57,共有部份,鋼筋混凝土造,85年8月29日,十三層,
RPQPMLRLRHIFFBH09CC,11,98.98,國民住宅,鋼筋混凝土造,91年9月20日,十四層,
RPQPMLRLRHIFFBH09CC,11,13.42,國民住宅,鋼筋混凝土造,91年9月20日,十四層,
RPQPMLRLRHIFFBH09CC,11,25.80,共有部份,鋼筋混凝土造,91年9月20日,十四層,
RPTWMLRLRHIFFBH47CC,7,241.66,見其他登記事項,鋼筋混凝土造,95年3月3日,四層,
RPTWMLRLRHIFFBH47CC,7,21.43,共有部份,鋼筋混凝土造,95年3月3日,四層,
RPWWMLRLRHIFFBH77CC,1,92.59,見其他登記事項,鋼筋混凝土造,102年1月15日,十三層,
RPWWMLRLRHIFFBH77CC,1,.08,見其他登記事項,鋼筋混凝土造,102年1月15日,十三層,
RPWWMLRLRHIFFBH77CC,1,29.47,見其他登記事項,鋼筋混凝土造,102年1月15日,十三層,
RPWWMLRLRHIFFBH77CC,1,44.14,見其他登記事項,鋼筋混凝土造,102年1月15日,十三層,
RPQNMLRLRHIFFEH56CC,20,63.38,住家用,鋼筋混凝土造,82年7月3日,四層,
RPOPMLLJIIIFFCH47DC,17,177.09,住家用,鋼筋混凝土造,85年5月22日,八層,
RPUNMLLJIIIFFFH28EC,32,104.72,住家用,加強磚造,70年7月1日,二層,
RPWPMLQLRHIFFAH86CC,18,76.32,住家用,鋼筋混凝土造,84年6月26日,十七層,
RPVPMLQLRHIFFAH76CC,22,71.00,住家用,鋼筋混凝土造,81年1月24日,七層,
RPSSMLRLRHIFFAH86CC,16,101.63,住家用,鋼筋混凝土造,86年5月19日,二十層,
RPSSMLRLRHIFFAH86CC,16,34.15,共有部份,鋼筋混凝土造,86年5月19日,二十層,
RPQSMLLJIIIFFAH67CC,15,49.92,見其他登記事項,鋼筋混凝土造,87年12月31日,九層,
RPQSMLLJIIIFFAH67CC,15,21.55,共有部份,鋼筋混凝土造,87年12月31日,九層,
RPTNMLPLRHIFFAH88CC,1,185.51,住家用,鋼筋混凝土造,101年7月15日,十五層,
RPXPMLPLRHIFFAH86CC,4,68.58,住家用,鋼筋混凝土造,98年10月29日,十三層,
RPXPMLPLRHIFFAH86CC,4,27.39,見其他登記事項,鋼筋混凝土造,98年10月29日,十三層,
RPVOMLMJIIIFFAH87CC,22,176.48,見其他登記事項,見其他登記事項,81年3月23日,二十二層,
RPTRMLMJIIIFFAH97CC,19,86.52,住家用,鋼筋混凝土造,84年2月25日,十七層,
RPTRMLMJIIIFFAH97CC,19,13.57,共有部份,鋼筋混凝土造,84年2月25日,二十三層,
RPTRMLMJIIIFFAH97CC,19,21.64,共有部份,鋼筋混凝土造,84年2月25日,十七層,
RPOPMLMJIIIFFAH27CC,19,211.73,見其他登記事項,鋼筋混凝土造,84年2月16日,四層,
RPOPMLMJIIIFFAH27CC,19,64.51,共有部份,鋼筋混凝土造,84年2月16日,四層,
RPPNMLOJIIIFFCH57CC,16,82.43,住家用,鋼筋混凝土造,86年6月26日,十五層,
RPPNMLOJIIIFFCH57CC,16,5.19,共有部份,鋼筋混凝土造,86年6月26日,十五層,
RPPNMLOJIIIFFCH57CC,16,1.44,共有部份,鋼筋混凝土造,86年6月26日,十八層,
RPPNMLOJIIIFFCH57CC,16,37.65,見其他登記事項,鋼筋混凝土造,86年6月26日,十八層,
RPPNMLOJIIIFFCH57CC,16,.04,共有部份,鋼筋混凝土造,86年6月26日,一層,
RPXSMLOJIIIFFAH68CC,15,176.40,見其他登記事項,鋼筋混凝土造,88年1月15日,十層,
RPXSMLOJIIIFFAH68CC,15,176.40,見其他登記事項,鋼筋混凝土造,88年1月15日,十層,
RPUSMLOJIIIFFAH38CC,12,166.75,見其他登記事項,鋼筋混凝土造,90年6月20日,七層,
RPUSMLOJIIIFFAH38CC,12,64.67,共有部份,鋼筋混凝土造,90年6月20日,七層,
RPPNMLQJIIIFFAH57CC,27,97.78,住家用,鋼筋混凝土造,75年9月17日,五層,
RPPNMLQJIIIFFAH57CC,27,4.26,住家用,鋼筋混凝土造,75年9月17日,五層,
RPPNMLQJIIIFFAH57CC,27,13.87,共有部份,鋼筋混凝土造,75年9月17日,五層,
RPPNMLQJIIIFFAH57CC,27,1.09,共有部份,鋼筋混凝土造,75年9月17日,五層,
RPOOMLOJIIIFFDH77DC,8,188.31,見其他登記事項,鋼筋混凝土造,95年2月25日,四層,
RPVNMLRJIIIFFAH28CC,5,62.39,住家用,鋼筋混凝土造,97年4月24日,十三層,
RPVNMLRJIIIFFAH28CC,5,27.90,共有部份,鋼筋混凝土造,97年4月24日,十三層,
RPROMLLJIIIFFGH97CC,26,44.40,住商用,加強磚造,76年6月30日,二層,
RPOPMLOJIIIFFDH87DC,36,157.16,見其他登記事項,加強磚造,66年11月8日,二層,
RPRPMLOJIIIFFBH87CC,26,122.62,見其他登記事項,鋼筋混凝土造,77年2月1日,二層,
RPPPMLMJIIIFFBH57DC,41,94.99,住家用,加強磚造,61年3月26日,二層,
RPVPMLLJIIIFFGH48CC,10,217.54,見其他登記事項,鋼筋混凝土造,92年5月14日,四層,
RPXPMLLJIIIFFGH68CC,17,147.37,住家用,鋼筋混凝土造,85年11月9日,八層,
RPWOMLOJIIIFFBH28CC,1,104.01,見其他登記事項,鋼筋混凝土造,101年8月27日,十二層,
RPWOMLOJIIIFFBH28CC,1,18.44,見其他登記事項,鋼筋混凝土造,101年8月27日,十二層,
RPWOMLOJIIIFFBH28CC,1,55.61,見其他登記事項,鋼筋混凝土造,101年8月27日,十二層,
RPTOMLLJIIIFFGH18CC,17,98.94,住家用,鋼筋混凝土造,85年8月12日,七層,
RPWNMLRJIIIFFAH38CC,2,43.64,住家用,鋼筋混凝土造,100年8月29日,十三層,
RPWNMLRJIIIFFAH38CC,2,21.81,見其他登記事項,鋼筋混凝土造,100年8月29日,十三層,
RPSOMLRJIIIFFAH08CC,16,24.88,住家用,鋼筋混凝土造,86年9月1日,十七層,
RPSOMLRJIIIFFAH08CC,16,1.97,共有部份,鋼筋混凝土造,86年9月1日,十七層,
RPSOMLRJIIIFFAH08CC,16,4.59,共有部份,鋼筋混凝土造,86年9月1日,十七層,
RPSOMLRJIIIFFAH08CC,16,24.88,住家用,鋼筋混凝土造,86年9月1日,十七層,
RPSOMLRJIIIFFAH08CC,16,1.97,共有部份,鋼筋混凝土造,86年9月1日,十七層,
RPSOMLRJIIIFFAH08CC,16,4.59,共有部份,鋼筋混凝土造,86年9月1日,十七層,
RPUOMLRJIIIFFAH28CC,18,68.42,住家用,鋼筋混凝土造,84年5月20日,十二層,
RPUOMLRJIIIFFAH28CC,18,12.15,共有部份,鋼筋混凝土造,84年5月20日,十二層,
RPTOMLRJIIIFFAH18CC,8,53.45,住家用,鋼筋混凝土造,93年9月15日,八層,
RPTOMLRJIIIFFAH18CC,8,5.07,共有部份,鋼筋混凝土造,93年9月15日,九層,
RPTOMLRJIIIFFAH18CC,8,16.63,共有部份,鋼筋混凝土造,93年9月15日,八層,
RPUOMLRJIIIFFAH28CC,18,6.77,共有部份,鋼筋混凝土造,84年5月20日,十三層,
RPWOMLRJIIIFFAH48CC,16,22.38,住家用,鋼筋混凝土造,86年9月1日,十六層,
RPWOMLRJIIIFFAH48CC,16,1.77,共有部份,鋼筋混凝土造,86年9月1日,十七層,
RPUOMLRJIIIFFAH28CC,18,16.99,共有部份,鋼筋混凝土造,84年5月20日,十三層,
RPWOMLRJIIIFFAH48CC,16,4.67,共有部份,鋼筋混凝土造,86年9月1日,十七層,
RPPPMLRJIIIFFAH87CC,16,25.10,見其他登記事項,鋼筋混凝土造,86年11月17日,十四層,
RPPPMLRJIIIFFAH87CC,16,7.88,共有部份,鋼筋混凝土造,86年11月17日,十四層,
RPPPMLRJIIIFFAH87CC,16,1.83,共有部份,鋼筋混凝土造,86年11月17日,十四層,
RPOPMLRJIIIFFAH77CC,15,34.82,住家用,鋼筋混凝土造,87年12月15日,十二層,
RPOPMLRJIIIFFAH77CC,15,9.41,共有部份,鋼筋混凝土造,87年12月15日,十二層,
RPQPMLRJIIIFFAH97CC,13,53.05,住家用,鋼筋混凝土造,89年8月31日,十四層,
RPQPMLRJIIIFFAH97CC,13,15.97,共有部份,鋼筋混凝土造,89年8月31日,十四層,
RPTPMLRJIIIFFAH28CC,33,32.03,住家用,鋼筋混凝土造,69年8月26日,六層,
RPTPMLRJIIIFFAH28CC,33,1.23,共有部份,鋼筋混凝土造,69年8月26日,六層,
RPTPMLRJIIIFFAH28CC,33,.99,共有部份,鋼筋混凝土造,69年8月26日,六層,
RPTPMLRJIIIFFAH28CC,33,8.86,共有部份,鋼筋混凝土造,69年8月26日,六層,
RPSPMLRJIIIFFAH18CC,11,30.04,住家用,鋼筋混凝土造,91年8月21日,五層,
RPSPMLRJIIIFFAH18CC,11,11.11,共有部份,鋼筋混凝土造,91年8月21日,五層,
RPUPMLRJIIIFFAH38CC,24,21.11,住家用,鋼筋混凝土造,78年5月22日,十二層,
RPUPMLRJIIIFFAH38CC,24,3.59,共有部份,鋼筋混凝土造,78年5月22日,十二層,
RPUPMLRJIIIFFAH38CC,24,2.49,共有部份,鋼筋混凝土造,78年5月22日,十二層,
RPWPMLRJIIIFFAH58CC,15,35.89,住家用,鋼筋混凝土造,87年4月2日,二十四層,
RPWPMLRJIIIFFAH58CC,15,6.68,共有部份,鋼筋混凝土造,87年4月2日,二十四層,
RPWPMLRJIIIFFAH58CC,15,4.29,共有部份,鋼筋混凝土造,87年4月2日,二十四層,
RPORMLRJIIIFFAH97CC,15,78.12,國民住宅,鋼筋混凝土造,87年5月6日,十三層,
RPORMLRJIIIFFAH97CC,15,13.19,共有部份,鋼筋混凝土造,87年5月6日,十三層,
RPORMLRJIIIFFAH97CC,15,11.85,共有部份,鋼筋混凝土造,87年5月6日,十三層,
RPVQMLRJIIIFFAH58CC,18,91.50,住家用,鋼筋混凝土造,84年4月19日,十八層,
RPVQMLRJIIIFFAH58CC,18,16.69,共有部份,鋼筋混凝土造,84年4月19日,二十層,
RPVQMLRJIIIFFAH58CC,18,3.59,共有部份,鋼筋混凝土造,84年4月19日,十八層,
RPQQMLRJIIIFFAH08CC,19,88.88,住家用,鋼筋混凝土造,83年10月26日,十六層,
RPQQMLRJIIIFFAH08CC,19,.51,共有部份,鋼筋混凝土造,83年10月26日,十六層,
RPQQMLRJIIIFFAH08CC,19,13.96,共有部份,鋼筋混凝土造,83年10月26日,十六層,
RPQQMLRJIIIFFAH08CC,19,4.33,共有部份,鋼筋混凝土造,83年10月26日,十六層,
RPSQMLRJIIIFFAH28CC,8,41.62,住家用,鋼筋混凝土造,94年4月11日,十層,
RPSQMLRJIIIFFAH28CC,8,15.05,共有部份,鋼筋混凝土造,94年4月11日,十二層,
RPOSMLRJIIIFFAH08CC,18,27.41,住家用,鋼筋混凝土造,85年1月18日,十七層,
RPOSMLRJIIIFFAH08CC,18,12.56,共有部份,鋼筋混凝土造,85年1月18日,十七層,
RPRRMLRJIIIFFAH28CC,10,84.08,住家用,鋼筋混凝土造,92年9月18日,十四層,
RPRRMLRJIIIFFAH28CC,10,10.24,共有部份,鋼筋混凝土造,92年9月18日,十四層,
RPRRMLRJIIIFFAH28CC,10,21.23,共有部份,鋼筋混凝土造,92年9月18日,十四層,
RPRRMLRJIIIFFAH28CC,10,.05,見其他登記事項,鋼筋混凝土造,92年9月18日,十四層,
RPRRMLRJIIIFFAH28CC,10,24.97,共有部份,鋼筋混凝土造,92年9月18日,十四層,
RPWRMLRJIIIFFAH78CC,33,42.89,住家用,鋼筋混凝土造,69年8月26日,六層,
RPWRMLRJIIIFFAH78CC,33,1.65,共有部份,鋼筋混凝土造,69年8月26日,六層,
RPWRMLRJIIIFFAH78CC,33,1.32,共有部份,鋼筋混凝土造,69年8月26日,六層,
RPWRMLRJIIIFFAH78CC,33,7.63,共有部份,鋼筋混凝土造,69年8月26日,六層,
RPURMLRJIIIFFAH58CC,10,55.73,住家用,鋼筋混凝土造,92年8月15日,七層,
RPURMLRJIIIFFAH58CC,10,13.28,共有部份,鋼筋混凝土造,92年8月15日,七層,
RPURMLRJIIIFFAH58CC,10,8.68,共有部份,鋼筋混凝土造,92年8月15日,七層,
RPQSMLRJIIIFFAH28CC,33,33.69,住家用,鋼筋混凝土造,69年8月26日,六層,
RPQSMLRJIIIFFAH28CC,33,1.30,共有部份,鋼筋混凝土造,69年8月26日,六層,
RPQSMLRJIIIFFAH28CC,33,1.04,共有部份,鋼筋混凝土造,69年8月26日,六層,
RPQSMLRJIIIFFAH28CC,33,5.99,共有部份,鋼筋混凝土造,69年8月26日,六層,
RPXRMLRJIIIFFAH88CC,16,58.73,住家用,鋼筋混凝土造,86年9月18日,十二層,
RPXRMLRJIIIFFAH88CC,16,36.50,共有部份,鋼筋混凝土造,86年9月18日,十二層,
RPXRMLRJIIIFFAH88CC,16,8.90,共有部份,鋼筋混凝土造,86年9月18日,十二層,
RPVUMLRJIIIFFAH09DC,10,80.91,住家用,鋼筋混凝土造,93年3月10日,十四層,
RPROMLRJIIIFFEH38CC,2,91.20,住家用,鋼筋混凝土造,100年12月2日,十五層,
RPROMLRJIIIFFEH38CC,2,127.68,共有部份,鋼筋混凝土造,100年12月2日,十五層,
RPUOMLRJIIIFFEH68CC,13,87.00,住家用,鋼筋混凝土造,90年3月8日,十一層,
RPUOMLRJIIIFFEH68CC,13,19.01,共有部份,鋼筋混凝土造,90年3月8日,十二層,
RPQNNLRJIIIFFAH97DC,19,142.03,住家用,鋼筋混凝土造,83年12月14日,七層,
RPSOMLRJIIIFFEH48CC,1,128.96,住家用,鋼筋混凝土造,101年11月5日,十三層,
RPSOMLRJIIIFFEH48CC,1,26.69,共有部份,鋼筋混凝土造,101年11月5日,十三層,
RPSOMLRJIIIFFEH48CC,1,50.97,共有部份,鋼筋混凝土造,101年11月5日,十二層,
RPVOMLRJIIIFFCH58CC,9,219.77,見其他登記事項,鋼筋混凝土造,93年8月11日,四層,
RPTNMLRJIIIFFFH68DC,8,239.40,見使用執照,鋼筋混凝土造,94年7月20日,四層,
RPPPMLSJIIIFFFH68EC,32,85.44,住家用,加強磚造,70年9月10日,四層,
RPSOMLRJIIIFFBH18CC,12,67.42,住家用,鋼筋混凝土造,90年8月30日,二十二層,
RPSOMLRJIIIFFBH18CC,12,2.23,共有部份,鋼筋混凝土造,90年8月30日,二十二層,
RPSOMLRJIIIFFBH18CC,12,15.99,共有部份,鋼筋混凝土造,90年8月30日,二十二層,
RPSOMLRJIIIFFBH18CC,12,1.67,共有部份,鋼筋混凝土造,90年8月30日,二十二層,
RPSOMLRJIIIFFBH18CC,12,4.63,共有部份,鋼筋混凝土造,90年8月30日,二十二層,
RPRPMLSJIIIFFAH28DC,7,108.22,見其他登記事項,鋼筋混凝土造,95年5月29日,十二層,
RPPOMLSJIIIFFEH38DC,,53.41,,,,,
RPSOMLSJIIIFFAH28DC,4,136.57,住家用,鋼筋混凝土造,98年11月10日,十二層,
RPTOMLSJIIIFFEH78DC,9,74.37,住家用,鋼筋混凝土造,94年2月1日,九層,
RPTOMLSJIIIFFEH78DC,9,13.43,住家用,鋼筋混凝土造,94年2月1日,九層,
RPTOMLSJIIIFFEH78DC,9,1.65,住家用,鋼筋混凝土造,94年2月1日,九層,
RPTOMLSJIIIFFEH78DC,9,50.10,共有部份,鋼筋混凝土造,94年2月1日,九層,
RPTOMLSJIIIFFEH78DC,9,16.96,共有部份,鋼筋混凝土造,94年2月1日,九層,
RPPOMLSJIIIFFBH97CC,10,249.23,見其他登記事項,鋼筋混凝土造,92年9月10日,四層,
RPOQMLTJIIIFFAH08CC,14,83.16,商業用,鋼筋混凝土造,89年1月3日,八層,
RPXNMLTJIIIFFCH88CC,41,70.55,住家用,加強磚造,61年11月15日,二層,
RPRPMLTJIIIFFEH78DC,24,16.60,見其他登記事項,鋼筋混凝土造,78年4月3日,四層,
RPPNMLKKIIIFFEH47CC,18,132.53,住家用,鋼筋混凝土造,84年8月11日,二十層,
RPTSMLKKIIIFFAH97CC,10,96.59,住家用,鋼筋混凝土造,92年11月13日,十四層,
RPTSMLKKIIIFFAH97CC,10,11.86,共有部份,鋼筋混凝土造,92年11月13日,十三層,
RPTSMLKKIIIFFAH97CC,10,20.59,共有部份,鋼筋混凝土造,92年11月13日,十四層,
RPTSMLKKIIIFFAH97CC,10,.25,見其他登記事項,鋼筋混凝土造,92年11月13日,十四層,
RPTSMLKKIIIFFAH97CC,10,1.00,共有部份,鋼筋混凝土造,92年11月13日,十三層,
RPTSMLKKIIIFFAH97CC,10,10.43,共有部份,鋼筋混凝土造,92年11月13日,十四層,
RPQPMLSJIIIFFFH78EC,18,76.88,住家用,鋼筋混凝土造,84年7月10日,六層,
RPTPMLTJIIIFFEH98DC,24,17.43,見其他登記事項,鋼筋混凝土造,78年4月3日,四層,
RPUPMLTJIIIFFEH09DC,24,25.22,見其他登記事項,鋼筋混凝土造,78年4月3日,四層,
RPOOMLTJIIIFFEH28CC,12,144.86,見其他登記事項,鋼筋混凝土造,91年1月30日,九層,
RPOOMLTJIIIFFEH28CC,12,36.71,共有部份,鋼筋混凝土造,91年1月30日,九層,
RPUPMLTJIIIFFDH88CC,6,161.14,見其他登記事項,鋼筋混凝土造,96年6月12日,四層,
RPUPMLTJIIIFFDH88CC,7,.29,見其他登記事項,鋼筋混凝土造,96年3月19日,三層,
RPUPMLTJIIIFFDH88CC,7,1.48,見其他登記事項,鋼筋混凝土造,96年3月19日,三層,
RPVPMLTJIIIFFEH56DC,2,46.15,住家用,鋼筋混凝土造,100年12月2日,十五層,
RPWNMLLKIIIFFCH08CC,16,102.52,住家用,鋼筋混凝土造,86年1月30日,十四層,
RPWNMLLKIIIFFCH08CC,16,7.27,共有部份,鋼筋混凝土造,86年1月30日,十四層,
RPWNMLLKIIIFFCH08CC,16,1.81,共有部份,鋼筋混凝土造,86年1月30日,十八層,
RPWNMLLKIIIFFCH08CC,16,41.48,共有部份,鋼筋混凝土造,86年1月30日,十八層,
RPWNMLLKIIIFFCH08CC,16,.05,共有部份,鋼筋混凝土造,86年1月30日,一層,
RPSQMLLKIIIFFAH77CC,15,76.42,商業用,鋼筋混凝土造,88年1月28日,九層,
RPUOMLLKIIIFFEH38EC,3,419.07,見其他登記事項,見其他登記事項,99年4月30日,一層,
RPUQMLLKIIIFFAH08DC,20,127.82,見其他登記事項,見其他登記事項,82年4月30日,二十二層,
RPXNMLLKIIIFFGH58CC,33,107.94,住家用,加強磚造,69年11月21日,二層,
RPSNMLOKIIIFFAH87DC,17,58.31,商業用,鋼筋混凝土造,85年4月20日,六層,
RPOOMLLKIIIFFGH77CC,23,232.95,住家用,鋼筋混凝土造,80年1月10日,四層,
RPSPMLPKIIIFFAH18DC,22,59.23,商業用,鋼筋混凝土造,81年2月26日,七層,
RPSPMLPKIIIFFAH18DC,22,59.23,住家用,鋼筋混凝土造,81年2月26日,七層,
RPPPMLPKIIIFFAH77CC,3,85.36,住家用,鋼筋混凝土造,100年3月9日,十五層,
RPPPMLPKIIIFFAH77CC,3,68.49,見其他登記事項,鋼筋混凝土造,100年3月9日,十五層,
RPRPMLPKIIIFFAH97CC,6,398.18,見其他登記事項,鋼筋混凝土造,96年12月18日,四層,
RPURMLLKIIIFFBH18CC,21,108.86,住家用,鋼筋混凝土造,82年1月19日,四層,
RPXPMLOKIIIFFBH58CC,6,50.18,見其他登記事項,鋼筋混凝土造,96年8月1日,四層,
RPTNMLLKIIIFFBH67CC,2,72.51,見其他登記事項,鋼筋混凝土造,100年12月15日,十五層,
RPUOMLOKIIIFFBH28DC,2,43.18,見其他登記事項,鋼筋混凝土造,100年6月28日,十五層,
RPTRMLLKIIIFFBH08CC,19,86.98,住家用,鋼筋混凝土造,83年9月14日,七層,
RPTRMLLKIIIFFBH08CC,19,20.46,共有部份,鋼筋混凝土造,83年9月14日,八層,
RPTRMLLKIIIFFBH08CC,19,6.54,共有部份,鋼筋混凝土造,83年9月14日,八層,
RPUPMLLKIIIFFBH97CC,11,2.72,共有部份,鋼筋混凝土造,91年10月7日,十層,
RPUPMLLKIIIFFBH97CC,11,19.08,住家用,鋼筋混凝土造,91年10月7日,十層,
RPUPMLLKIIIFFBH97CC,11,3.81,共有部份,鋼筋混凝土造,91年10月7日,十層,
RPSQMLLKIIIFFBH87CC,20,73.26,商業用,鋼筋混凝土造,82年4月21日,六層,
RPSQMLLKIIIFFBH87CC,20,26.56,共有部份,鋼筋混凝土造,82年4月21日,六層,
RPSQMLLKIIIFFBH87CC,20,77.51,商業用,鋼筋混凝土造,82年4月21日,六層,
RPSQMLLKIIIFFBH87CC,20,19.26,共有部份,鋼筋混凝土造,82年4月21日,六層,
RPVNMLPKIIIFFEH78EC,17,139.84,住家用,鋼筋混凝土造,85年10月15日,四層,
RPPOMLPKIIIFFBH77CC,4,93.67,住商用,鋼筋混凝土造,98年4月15日,十四層,
RPPQMLQKIIIFFAH08DC,23,48.44,住家用,鋼筋混凝土造,80年1月15日,七層,
RPXNMLQKIIIFFAH58DC,11,103.49,住家用,鋼筋混凝土造,91年12月23日,八層,
RPORMLRKIIIFFAH08CC,27,113.37,住家用,鋼筋混凝土造,75年8月1日,二層,
RPVRMLRKIIIFFAH78CC,20,144.02,住家用,鋼筋混凝土造,82年10月15日,十三層,
RPVNMLQKIIIFFAH38DC,17,14.15,住家用,鋼筋混凝土造,85年7月13日,十一層,
RPWQMLRKIIIFFAH78CC,27,60.86,住家用,鋼筋混凝土造,75年8月1日,二層,
RPOQMLRKIIIFFBH18DC,2,157.91,見其他登記事項,鋼筋混凝土造,100年11月9日,十三層,
RPWNMLRKIIIFFBH68DC,35,77.40,住家用,加強磚造,67年9月20日,二層,
RPQTMLRKIIIFFAH48CC,25,105.77,見其他登記事項,鋼筋混凝土造,77年5月4日,八層,
RPWTMLRKIIIFFAH09CC,34,73.45,住商用,鋼筋混凝土造,68年6月12日,三層,
RPSNQLLLIIIFFAH08DC,26,164.04,住家用,鋼筋混凝土造,76年7月3日,二層,
RPSSMLTKIIIFFAH88DC,16,91.17,住家用,鋼筋混凝土造,86年9月3日,十六層,
RPTSMLLLIIIFFAH18CC,1,171.78,見其他登記事項,見其他登記事項,101年11月2日,三十二層,
RPUNMLLLIIIFFAH87DC,10,71.48,住家用,鋼筋混凝土造,92年12月5日,七層,
RPQVMLLLIIIFFAH18CC,1,184.00,見其他登記事項,見其他登記事項,101年11月2日,三十二層,
RPQPMLRKIIIFFEH48CC,7,151.21,住家用,鋼筋混凝土造,95年6月2日,十一層,
RPUNMLLLIIIFFFH38DC,38,135.00,住商用,加強磚造,64年6月11日,二層,
RPTNMLMLIIIFFBH97DC,4,8.23,住家用,鋼筋混凝土造,98年6月29日,二十一層,
RPPNMLKLIIIFFEH57CC,4,73.50,住家用,鋼筋混凝土造,98年6月30日,十二層,
RPVNMLRKIIIFFEH88DC,5,129.66,住家用,鋼筋混凝土造,97年7月14日,十五層,
RPVNMLRKIIIFFEH88DC,5,21.40,共有部份,鋼筋混凝土造,97年7月14日,二十六層,
RPVNMLRKIIIFFEH88DC,5,26.06,共有部份,鋼筋混凝土造,97年7月14日,十五層,
RPPPNLOLIIIFFAH87CC,19,317.76,住家用,鋼筋混凝土造,83年10月5日,十七層,
RPSWOLNLIIIFFAH98DC,12,119.10,商業用,鋼筋混凝土造,90年11月6日,七層,
RPOOMLOLIIIFFAH67DC,18,115.16,住商用,鋼筋混凝土造,84年10月12日,十二層,
RPVOPLNLIIIFFAH48CC,5,80.67,住家用,鋼筋混凝土造,97年10月20日,十四層,
RPVOPLNLIIIFFAH48CC,5,16.00,共有部份,鋼筋混凝土造,97年10月20日,十三層,
RPVOPLNLIIIFFAH48CC,5,14.21,共有部份,鋼筋混凝土造,97年10月20日,十四層,
RPVWOLNLIIIFFAH66DC,1,420.12,見其他登記事項,見其他登記事項,101年10月15日,三層,
RPTVOLNLIIIFFAH88CC,21,162.66,見其他登記事項,鋼筋混凝土造,81年7月2日,十二層,
RPTVOLNLIIIFFAH88CC,21,47.46,共有部份,鋼筋混凝土造,81年7月2日,十二層,
RPPOMLPLIIIFFEH18CC,18,34.36,住家用,鋼筋混凝土造,84年8月11日,二十層,
RPPQMLPLIIIFFBH18DC,4,8.23,住家用,鋼筋混凝土造,98年6月29日,二十一層,
RPQNMLOLIIIFFFH18CC,19,87.44,住家用,鋼筋混凝土造,84年1月25日,十三層,
RPQNMLOLIIIFFFH18CC,19,3.46,共有部份,鋼筋混凝土造,84年1月25日,十三層,
RPQNMLOLIIIFFFH18CC,19,2.19,共有部份,鋼筋混凝土造,84年1月25日,十三層,
RPQNMLOLIIIFFFH18CC,19,17.38,共有部份,鋼筋混凝土造,84年1月25日,十三層,
RPPNMLRLIIIFFAH87CC,19,150.49,見其他登記事項,鋼筋混凝土造,83年6月16日,八層,
RPQOMLPLIIIFFEH28CC,18,108.64,住家用,鋼筋混凝土造,84年9月25日,二十層,
RPOOMLPLIIIFFBH77CC,21,109.12,住家用,鋼筋混凝土造,82年3月8日,七層,
RPWOMLSLIIIFFAH78CC,47,249.64,住商用,加強磚造,56年4月20日,二層,
RPUVNLSLIIIFFAH76CC,9,176.17,住家用,鋼筋混凝土造,93年7月20日,十三層,
RPQPMLSLIIIFFAH38DC,44,623.10,工業用,加強磚造,59年1月10日,一層,
RPQPMLSLIIIFFAH38DC,26,4972.19,住家用,鋼筋混凝土造,76年11月24日,二層,
RPRPMLSLIIIFFAH48DC,35,703.68,工業用,鋼筋混凝土造,67年7月6日,三層,
RPRPMLSLIIIFFAH48DC,35,703.68,工業用,鋼筋混凝土造,67年7月6日,三層,
RPRPMLSLIIIFFAH48DC,35,703.68,工業用,鋼筋混凝土造,67年7月6日,三層,
RPRPMLSLIIIFFAH48DC,35,300.72,工業用,鋼筋混凝土造,67年7月6日,三層,
RPRPMLOLIIIFFBH18DC,2,143.56,商業用,鋼筋混凝土造,100年11月9日,十四層,
RPSOMLOLIIIFFBH18DC,9,66.56,住家用,鋼筋混凝土造,93年5月18日,十層,
RPQPMLOLIIIFFBH08DC,6,117.56,商業用,鋼筋混凝土造,96年9月29日,十二層,
RPXOMLOLIIIFFBH68DC,8,106.71,見其他登記事項,鋼筋混凝土造,94年8月24日,十二層,
RPWOMLOLIIIFFBH58DC,21,93.23,住家用,鋼筋混凝土造,81年11月19日,七層,
RPOPMLOLIIIFFBH87DC,2,183.30,見其他登記事項,鋼筋混凝土造,100年7月20日,十三層,
RPTOMLOLIIIFFBH28DC,15,118.02,商業用,鋼筋混凝土造,87年7月1日,七層,
RPSNMLSLIIIFFGH88CC,18,136.52,見其他登記事項,鋼筋混凝土造,84年8月25日,三層,
RPOOMLSLIIIFFGH68DC,35,58.42,住家用,鋼筋混凝土造,68年1月17日,三層,
RPPQMLTLIIIFFBH58DC,37,1685.53,工業用,見其他登記事項,65年7月16日,二層,
RPQOMLSLIIIFFGH88DC,7,67.29,住家用,鋼筋混凝土造,96年1月30日,十四層,
RPQOMLSLIIIFFGH88DC,7,10.40,住家用,鋼筋混凝土造,96年1月30日,十四層,
RPQOMLSLIIIFFGH88DC,7,.76,住家用,鋼筋混凝土造,96年1月30日,十四層,
RPQOMLSLIIIFFGH88DC,7,31.54,住家用,鋼筋混凝土造,96年1月30日,十四層,
RPSQPLTLIIIFFAH98CC,8,192.39,見其他登記事項,鋼筋混凝土造,94年6月30日,四層,
RPRRMLTLIIIFFBH78CC,14,90.17,商業用,鋼筋混凝土造,89年3月2日,十九層,
RPUPMLTLIIIFFCH98CC,17,70.87,住家用,鋼筋混凝土造,86年1月30日,十二層,
RPUPMLTLIIIFFCH98CC,17,3.79,共有部份,鋼筋混凝土造,86年1月30日,十二層,
RPUPMLTLIIIFFCH98CC,17,.87,共有部份,鋼筋混凝土造,86年1月30日,十四層,
RPUPMLTLIIIFFCH98CC,17,.99,共有部份,鋼筋混凝土造,86年1月30日,十四層,
RPUPMLTLIIIFFCH98CC,17,.06,共有部份,鋼筋混凝土造,86年1月30日,一層,
RPUPMLTLIIIFFCH98CC,16,.05,見其他登記事項,鋼筋混凝土造,86年6月26日,十五層,
RPUPMLTLIIIFFCH98CC,17,2.17,見其他登記事項,鋼筋混凝土造,86年1月30日,十四層,
RPQPMLTLIIIFFBH58DC,46,111.55,工業用,加強磚造,57年2月26日,三層,
RPQPMLTLIIIFFBH58DC,46,33.95,工業用,加強磚造,57年2月26日,三層,
RPOROLKMIIIFFAH77CC,8,101.95,住商用,鋼筋混凝土造,94年12月28日,十四層,
RPOROLKMIIIFFAH77CC,8,.02,見其他登記事項,鋼筋混凝土造,94年12月28日,十四層,
RPOROLKMIIIFFAH77CC,8,4.70,共有部份,鋼筋混凝土造,94年12月28日,十四層,
RPOROLKMIIIFFAH77CC,8,51.02,共有部份,鋼筋混凝土造,94年12月28日,十四層,
RPXTQLKMIIIFFAH09CC,19,99.25,住家用,鋼筋混凝土造,83年10月5日,十七層,
RPXTQLKMIIIFFAH09CC,19,15.01,共有部份,鋼筋混凝土造,83年10月5日,十七層,
RPXTQLKMIIIFFAH09CC,19,19.84,共有部份,鋼筋混凝土造,83年10月5日,十七層,
RPUNMLKMIIIFFBH87CC,8,142.14,住家用,鋼筋混凝土造,94年7月5日,三層,
RPQPMLKMIIIFFEH08DC,8,85.39,住家用,鋼筋混凝土造,94年6月16日,十二層,
RPWNMLKMIIIFFEH38CC,17,95.87,住商用,鋼筋混凝土造,85年12月3日,二十五層,
RPOPMLKMIIIFFDH77DC,31,67.76,住家用,鋼筋混凝土造,71年5月27日,四層,
RPPNMLLMIIIFFEH97EC,18,106.64,工業用,鋼筋混凝土造,84年5月18日,十層,
RPWNMLLMIIIFFGH68CC,20,92.11,商業用,鋼筋混凝土造,82年4月12日,二十五層,
RPWNMLLMIIIFFGH68CC,20,25.12,共有部份,鋼筋混凝土造,82年4月12日,二十五層,
RPWNMLLMIIIFFGH68CC,20,9.34,共有部份,鋼筋混凝土造,82年4月12日,二十五層,
RPWNMLLMIIIFFGH68CC,20,.65,共有部份,鋼筋混凝土造,82年4月12日,二十五層,
RPXNMLLMIIIFFGH78CC,20,142.78,商業用,鋼筋混凝土造,82年4月12日,二十一層,
RPXNMLLMIIIFFGH78CC,20,39.17,共有部份,鋼筋混凝土造,82年4月12日,二十五層,
RPXNMLLMIIIFFGH78CC,20,1.01,共有部份,鋼筋混凝土造,82年4月12日,二十五層,
RPXNMLLMIIIFFGH78CC,20,34.50,共有部份,鋼筋混凝土造,82年4月12日,二十五層,
RPOOMLTLIIIFFFH58CC,35,126.58,住家用,加強磚造,68年2月20日,二層,
RPUNMLKMIIIFFFH38DC,4,113.90,住商用,鋼筋混凝土造,98年5月6日,十九層,
RPUNMLKMIIIFFFH38DC,4,16.23,住商用,鋼筋混凝土造,98年5月6日,十九層,
RPUNMLKMIIIFFFH38DC,4,.59,共有部份,鋼筋混凝土造,98年5月6日,十九層,
RPUNMLKMIIIFFFH38DC,4,30.47,共有部份,鋼筋混凝土造,98年5月6日,十九層,
RPUNMLKMIIIFFFH38DC,4,.05,見其他登記事項,鋼筋混凝土造,98年5月6日,十九層,
RPUNMLKMIIIFFFH38DC,4,24.48,共有部份,鋼筋混凝土造,98年5月6日,十九層,
RPTNMLKMIIIFFFH28DC,4,106.62,住商用,鋼筋混凝土造,98年5月6日,十九層,
RPTNMLKMIIIFFFH28DC,4,15.68,住商用,鋼筋混凝土造,98年5月6日,十九層,
RPTNMLKMIIIFFFH28DC,4,.50,共有部份,鋼筋混凝土造,98年5月6日,十九層,
RPTNMLKMIIIFFFH28DC,4,28.82,共有部份,鋼筋混凝土造,98年5月6日,十九層,
RPTNMLKMIIIFFFH28DC,4,.06,見其他登記事項,鋼筋混凝土造,98年5月6日,十九層,
RPTNMLKMIIIFFFH28DC,4,27.54,共有部份,鋼筋混凝土造,98年5月6日,十九層,
RPTNMLTLIIIFFFH98CC,1,89.80,住家用,鋼筋混凝土造,101年7月13日,十三層,
RPTNMLTLIIIFFFH98CC,1,21.66,見其他登記事項,鋼筋混凝土造,101年7月13日,十三層,
RPTNMLTLIIIFFFH98CC,1,49.82,見其他登記事項,鋼筋混凝土造,101年7月13日,十三層,
RPWSPLLMIIIFFAH88CC,6,132.81,住家用,鋼筋混凝土造,96年9月28日,十三層,
RPQPMLLMIIIFFBH77CC,11,332.97,見其他登記事項,鋼筋混凝土造,91年4月29日,四層,
RPXOMLLMIIIFFBH38CC,21,65.14,住家用,鋼筋混凝土造,81年12月2日,八層,
RPXOMLLMIIIFFBH38CC,21,18.82,共有部份,鋼筋混凝土造,81年12月2日,八層,
RPPPMLLMIIIFFBH67CC,39,91.27,住家用,加強磚造,64年3月27日,二層,
RPTOMLLMIIIFFBH97CC,41,244.56,住工用,加強磚造,61年11月1日,二層,
RPRPMLLMIIIFFBH87CC,12,53.22,住家用,鋼筋混凝土造,90年8月30日,二十二層,
RPRPMLLMIIIFFBH87CC,12,1.96,共有部份,鋼筋混凝土造,90年8月30日,二十二層,
RPRPMLLMIIIFFBH87CC,12,13.28,共有部份,鋼筋混凝土造,90年8月30日,二十二層,
RPRPMLLMIIIFFBH87CC,12,1.49,共有部份,鋼筋混凝土造,90年8月30日,二十二層,
RPPNMLLMIIIFFBH47CC,5,63.56,住家用,鋼筋混凝土造,97年5月1日,十五層,
RPPNMLLMIIIFFBH47CC,5,61.38,共有部份,鋼筋混凝土造,97年5月1日,十五層,
