﻿編號,車位類別,車位價格,車位面積平方公尺
Serial number,berth category,berth price,berth area square meter
RPWOMLOLRHIFFBJ86DB,坡道平面,0,
RPWOMLOLRHIFFBJ86DB,坡道平面,0,
RPPOMLOLRHIFFBJ78DB,坡道平面,0,
RPPOMLOLRHIFFBJ78DB,坡道平面,0,
RPSOMLOLRHIFFBJ09DB,坡道平面,0,
RPSOMLOLRHIFFBJ09DB,坡道平面,0,
RPSOMLOLRHIFFBJ09DB,坡道平面,0,
RPROMLOLRHIFFBJ98DB,坡道平面,0,
RPROMLOLRHIFFBJ98DB,坡道平面,0,
RPOPMLOLRHIFFBJ78DB,坡道平面,0,
RPOPMLOLRHIFFBJ78DB,坡道平面,0,
RPOPMLOLRHIFFBJ78DB,坡道平面,0,
RPOPMLOLRHIFFBJ78DB,坡道平面,0,
RPPPMLOLRHIFFBJ88DB,坡道平面,0,
RPPPMLOLRHIFFBJ88DB,坡道平面,0,
RPSPMLOLRHIFFBJ56DB,坡道平面,0,
RPSPMLOLRHIFFBJ56DB,坡道平面,0,
RPSPMLOLRHIFFBJ56DB,坡道平面,0,
RPVOMLOLRHIFFBJ76DB,坡道平面,0,
RPVOMLOLRHIFFBJ76DB,坡道平面,0,
RPVOMLOLRHIFFBJ76DB,坡道平面,0,
RPVOMLOLRHIFFBJ76DB,坡道平面,0,
RPUOMLOLRHIFFBJ66DB,坡道平面,0,
RPUOMLOLRHIFFBJ66DB,坡道平面,0,
RPUOMLOLRHIFFBJ66DB,坡道平面,0,
RPWPMLOLRHIFFBJ96DB,坡道平面,0,
RPWPMLOLRHIFFBJ96DB,坡道平面,0,
RPTPMLOLRHIFFBJ66DB,坡道平面,0,
RPTPMLOLRHIFFBJ66DB,坡道平面,0,
RPXQMLOLRHIFFBJ17DB,坡道平面,0,
RPXQMLOLRHIFFBJ17DB,坡道平面,0,
RPXQMLOLRHIFFBJ17DB,坡道平面,0,
RPUQMLOLRHIFFBJ86DB,坡道平面,0,
RPUQMLOLRHIFFBJ86DB,坡道平面,0,
RPUQMLOLRHIFFBJ86DB,坡道平面,0,
RPWQMLOLRHIFFBJ07DB,坡道平面,0,
RPWQMLOLRHIFFBJ07DB,坡道平面,0,
RPWQMLOLRHIFFBJ07DB,坡道平面,0,
RPWQMLOLRHIFFBJ07DB,坡道平面,0,
RPQRMLOLRHIFFBJ56DB,坡道平面,0,
RPQRMLOLRHIFFBJ56DB,坡道平面,0,
RPVQMLOLRHIFFBJ96DB,坡道平面,0,
RPVQMLOLRHIFFBJ96DB,坡道平面,0,
RPVQMLOLRHIFFBJ96DB,坡道平面,0,
RPSQMLOLRHIFFBJ66DB,坡道平面,0,
RPSQMLOLRHIFFBJ66DB,坡道平面,0,
RPSQMLOLRHIFFBJ66DB,坡道平面,0,
RPOQMLOLRHIFFBJ88DB,坡道平面,0,
RPOQMLOLRHIFFBJ88DB,坡道平面,0,
RPOQMLOLRHIFFBJ88DB,坡道平面,0,
RPPQMLOLRHIFFBJ98DB,坡道平面,0,
RPPQMLOLRHIFFBJ98DB,坡道平面,0,
RPRQMLOLRHIFFBJ56DB,坡道平面,0,
RPRQMLOLRHIFFBJ56DB,坡道平面,0,
RPWRMLOLRHIFFBJ17DB,坡道平面,0,
RPWRMLOLRHIFFBJ17DB,坡道平面,0,
RPRRMLOLRHIFFBJ66DB,坡道平面,0,
RPRRMLOLRHIFFBJ66DB,坡道平面,0,
RPRRMLOLRHIFFBJ66DB,坡道平面,0,
RPSRMLOLRHIFFBJ76DB,坡道平面,0,
RPSRMLOLRHIFFBJ76DB,坡道平面,0,
RPOSMLOLRHIFFBJ09DB,坡道平面,0,
RPOSMLOLRHIFFBJ09DB,坡道平面,0,
RPURMLOLRHIFFBJ96DB,坡道平面,0,
RPURMLOLRHIFFBJ96DB,坡道平面,0,
RPTRMLOLRHIFFBJ86DB,坡道平面,0,
RPTRMLOLRHIFFBJ86DB,坡道平面,0,
RPVRMLOLRHIFFBJ07DB,坡道平面,0,
RPVRMLOLRHIFFBJ07DB,坡道平面,0,
RPQSMLOLRHIFFBJ66DB,坡道平面,0,
RPQSMLOLRHIFFBJ66DB,坡道平面,0,
RPQSMLOLRHIFFBJ66DB,坡道平面,0,
RPPSMLOLRHIFFBJ56DB,坡道平面,0,
RPPSMLOLRHIFFBJ56DB,坡道平面,0,
RPRSMLOLRHIFFBJ76DB,坡道平面,0,
RPRSMLOLRHIFFBJ76DB,坡道平面,0,
RPRSMLOLRHIFFBJ76DB,坡道平面,0,
RPWSMLOLRHIFFBJ27DB,坡道平面,0,
RPWSMLOLRHIFFBJ27DB,坡道平面,0,
RPWSMLOLRHIFFBJ27DB,坡道平面,0,
RPSTMLOLRHIFFBJ96DB,坡道平面,0,
RPSTMLOLRHIFFBJ96DB,坡道平面,0,
RPSTMLOLRHIFFBJ96DB,坡道平面,0,
RPSTMLOLRHIFFBJ96DB,坡道平面,0,
RPQTMLOLRHIFFBJ76DB,坡道平面,0,
RPQTMLOLRHIFFBJ76DB,坡道平面,0,
RPQTMLOLRHIFFBJ76DB,坡道平面,0,
RPRTMLOLRHIFFBJ86DB,坡道平面,0,
RPRTMLOLRHIFFBJ86DB,坡道平面,0,
RPRTMLOLRHIFFBJ86DB,坡道平面,0,
RPXSMLOLRHIFFBJ37DB,坡道平面,0,
RPXSMLOLRHIFFBJ37DB,坡道平面,0,
RPXSMLOLRHIFFBJ37DB,坡道平面,0,
RPXSMLOLRHIFFBJ37DB,坡道平面,0,
RPPTMLOLRHIFFBJ66DB,坡道平面,0,
RPPTMLOLRHIFFBJ66DB,坡道平面,0,
RPPTMLOLRHIFFBJ66DB,坡道平面,0,
RPTTMLOLRHIFFBJ07DB,坡道平面,0,
RPTTMLOLRHIFFBJ07DB,坡道平面,0,
RPUTMLOLRHIFFBJ17DB,坡道平面,0,
RPUTMLOLRHIFFBJ17DB,坡道平面,0,
RPUTMLOLRHIFFBJ17DB,坡道平面,0,
RPUTMLOLRHIFFBJ17DB,坡道平面,0,
RPVTMLOLRHIFFBJ27DB,坡道平面,0,
RPVTMLOLRHIFFBJ27DB,坡道平面,0,
RPVTMLOLRHIFFBJ27DB,坡道平面,0,
RPWTMLOLRHIFFBJ37DB,坡道平面,0,
RPWTMLOLRHIFFBJ37DB,坡道平面,0,
RPOUMLOLRHIFFBJ66DB,坡道平面,0,
RPOUMLOLRHIFFBJ66DB,坡道平面,0,
RPOUMLOLRHIFFBJ66DB,坡道平面,0,
RPVUMLOLRHIFFBJ37DB,坡道平面,0,
RPVUMLOLRHIFFBJ37DB,坡道平面,0,
RPVUMLOLRHIFFBJ37DB,坡道平面,0,
RPQUMLOLRHIFFBJ86DB,坡道平面,0,
RPQUMLOLRHIFFBJ86DB,坡道平面,0,
RPRUMLOLRHIFFBJ96DB,坡道平面,0,
RPRUMLOLRHIFFBJ96DB,坡道平面,0,
RPUUMLOLRHIFFBJ27DB,坡道平面,0,
RPUUMLOLRHIFFBJ27DB,坡道平面,0,
RPUUMLOLRHIFFBJ27DB,坡道平面,0,
RPOVMLOLRHIFFBJ76DB,坡道平面,0,
RPOVMLOLRHIFFBJ76DB,坡道平面,0,
RPXUMLOLRHIFFBJ57DB,坡道平面,0,
RPXUMLOLRHIFFBJ57DB,坡道平面,0,
RPXUMLOLRHIFFBJ57DB,坡道平面,0,
RPPVMLOLRHIFFBJ86DB,坡道平面,0,
RPPVMLOLRHIFFBJ86DB,坡道平面,0,
RPPVMLOLRHIFFBJ86DB,坡道平面,0,
RPPVMLOLRHIFFBJ86DB,坡道平面,0,
RPPVMLOLRHIFFBJ86DB,坡道平面,0,
RPWUMLOLRHIFFBJ47DB,坡道平面,0,
RPXTMLOLRHIFFBJ47DB,坡道平面,0,
RPWUMLOLRHIFFBJ47DB,坡道平面,0,
RPWUMLOLRHIFFBJ47DB,坡道平面,0,
RPXTMLOLRHIFFBJ47DB,坡道平面,0,
RPXTMLOLRHIFFBJ47DB,坡道平面,0,
RPQVMLOLRHIFFBJ96DB,坡道平面,0,
RPQVMLOLRHIFFBJ96DB,坡道平面,0,
RPQVMLOLRHIFFBJ96DB,坡道平面,0,
RPQVMLOLRHIFFBJ96DB,坡道平面,0,
RPRVMLOLRHIFFBJ07DB,坡道平面,0,
RPRVMLOLRHIFFBJ07DB,坡道平面,0,
RPTVMLOLRHIFFBJ27DB,坡道平面,0,
RPTVMLOLRHIFFBJ27DB,坡道平面,0,
RPTVMLOLRHIFFBJ27DB,坡道平面,0,
RPVVMLOLRHIFFBJ47DB,坡道平面,0,
RPVVMLOLRHIFFBJ47DB,坡道平面,0,
RPVVMLOLRHIFFBJ47DB,坡道平面,0,
RPUVMLOLRHIFFBJ37DB,坡道平面,0,
RPUVMLOLRHIFFBJ37DB,坡道平面,0,
RPWVMLOLRHIFFBJ57DB,坡道平面,0,
RPWVMLOLRHIFFBJ57DB,坡道平面,0,
RPWVMLOLRHIFFBJ57DB,坡道平面,0,
RPRWMLOLRHIFFBJ17DB,坡道平面,0,
RPRWMLOLRHIFFBJ17DB,坡道平面,0,
RPRWMLOLRHIFFBJ17DB,坡道平面,0,
RPXVMLOLRHIFFBJ67DB,坡道平面,0,
RPXVMLOLRHIFFBJ67DB,坡道平面,0,
RPWWMLOLRHIFFBJ67DB,坡道平面,0,
RPWWMLOLRHIFFBJ67DB,坡道平面,0,
RPWWMLOLRHIFFBJ67DB,坡道平面,0,
RPPWMLOLRHIFFBJ96DB,坡道平面,0,
RPPWMLOLRHIFFBJ96DB,坡道平面,0,
RPPWMLOLRHIFFBJ96DB,坡道平面,0,
RPUWMLOLRHIFFBJ47DB,坡道平面,0,
RPUWMLOLRHIFFBJ47DB,坡道平面,0,
RPUWMLOLRHIFFBJ47DB,坡道平面,0,
RPUWMLOLRHIFFBJ47DB,坡道平面,0,
RPONNLOLRHIFFBJ68DB,坡道平面,0,
RPONNLOLRHIFFBJ68DB,坡道平面,0,
RPXWMLOLRHIFFBJ77DB,坡道平面,0,
RPXWMLOLRHIFFBJ77DB,坡道平面,0,
RPXWMLOLRHIFFBJ77DB,坡道平面,0,
RPQWMLOLRHIFFBJ07DB,坡道平面,0,
RPQWMLOLRHIFFBJ07DB,坡道平面,0,
RPOWMLOLRHIFFBJ86DB,坡道平面,0,
RPOWMLOLRHIFFBJ86DB,坡道平面,0,
RPTWMLOLRHIFFBJ37DB,坡道平面,0,
RPTWMLOLRHIFFBJ37DB,坡道平面,0,
RPTWMLOLRHIFFBJ37DB,坡道平面,0,
RPRNNLOLRHIFFBJ98DB,坡道平面,0,
RPRNNLOLRHIFFBJ98DB,坡道平面,0,
RPRNNLOLRHIFFBJ98DB,坡道平面,0,
RPUNNLOLRHIFFBJ66DB,坡道平面,0,
RPUNNLOLRHIFFBJ66DB,坡道平面,0,
RPUNNLOLRHIFFBJ66DB,坡道平面,0,
RPVNNLOLRHIFFBJ76DB,坡道平面,0,
RPVNNLOLRHIFFBJ76DB,坡道平面,0,
RPVNNLOLRHIFFBJ76DB,坡道平面,0,
RPSNNLOLRHIFFBJ09DB,坡道平面,0,
RPSNNLOLRHIFFBJ09DB,坡道平面,0,
RPSNNLOLRHIFFBJ09DB,坡道平面,0,
RPXNNLOLRHIFFBJ96DB,坡道平面,0,
RPXNNLOLRHIFFBJ96DB,坡道平面,0,
RPXNNLOLRHIFFBJ96DB,坡道平面,0,
RPQNNLOLRHIFFBJ88DB,坡道平面,0,
RPQNNLOLRHIFFBJ88DB,坡道平面,0,
RPQNNLOLRHIFFBJ88DB,坡道平面,0,
RPWNNLOLRHIFFBJ86DB,坡道平面,0,
RPWNNLOLRHIFFBJ86DB,坡道平面,0,
RPTNNLOLRHIFFBJ56DB,坡道平面,0,
RPTNNLOLRHIFFBJ56DB,坡道平面,0,
RPTNNLOLRHIFFBJ56DB,坡道平面,0,
RPOONLOLRHIFFBJ78DB,坡道平面,0,
RPOONLOLRHIFFBJ78DB,坡道平面,0,
RPPONLOLRHIFFBJ88DB,坡道平面,0,
RPPONLOLRHIFFBJ88DB,坡道平面,0,
RPPONLOLRHIFFBJ88DB,坡道平面,0,
RPPONLOLRHIFFBJ88DB,坡道平面,0,
RPQONLOLRHIFFBJ98DB,坡道平面,0,
RPQONLOLRHIFFBJ98DB,坡道平面,0,
RPWONLOLRHIFFBJ96DB,坡道平面,0,
RPWONLOLRHIFFBJ96DB,坡道平面,0,
RPWONLOLRHIFFBJ96DB,坡道平面,0,
RPOPNLOLRHIFFBJ88DB,坡道平面,0,
RPOPNLOLRHIFFBJ88DB,坡道平面,0,
RPSONLOLRHIFFBJ56DB,坡道平面,0,
RPSONLOLRHIFFBJ56DB,坡道平面,0,
RPSONLOLRHIFFBJ56DB,坡道平面,0,
RPTONLOLRHIFFBJ66DB,坡道平面,0,
RPTONLOLRHIFFBJ66DB,坡道平面,0,
RPXONLOLRHIFFBJ07DB,坡道平面,0,
RPXONLOLRHIFFBJ07DB,坡道平面,0,
RPXONLOLRHIFFBJ07DB,坡道平面,0,
RPVONLOLRHIFFBJ86DB,坡道平面,0,
RPVONLOLRHIFFBJ86DB,坡道平面,0,
RPPPNLOLRHIFFBJ98DB,坡道平面,0,
RPPPNLOLRHIFFBJ98DB,坡道平面,0,
RPPPNLOLRHIFFBJ98DB,坡道平面,0,
RPRPNLOLRHIFFBJ56DB,坡道平面,0,
RPRPNLOLRHIFFBJ56DB,坡道平面,0,
RPRPNLOLRHIFFBJ56DB,坡道平面,0,
RPRPNLOLRHIFFBJ56DB,坡道平面,0,
RPRONLOLRHIFFBJ09DB,坡道平面,0,
RPRONLOLRHIFFBJ09DB,坡道平面,0,
RPRONLOLRHIFFBJ09DB,坡道平面,0,
RPTPNLOLRHIFFBJ76DB,坡道平面,0,
RPTPNLOLRHIFFBJ76DB,坡道平面,0,
RPTPNLOLRHIFFBJ76DB,坡道平面,0,
RPUPNLOLRHIFFBJ86DB,坡道平面,0,
RPUPNLOLRHIFFBJ86DB,坡道平面,0,
RPSPNLOLRHIFFBJ66DB,坡道平面,0,
RPSPNLOLRHIFFBJ66DB,坡道平面,0,
RPSPNLOLRHIFFBJ66DB,坡道平面,0,
RPPQNLOLRHIFFBJ09DB,坡道平面,0,
RPPQNLOLRHIFFBJ09DB,坡道平面,0,
RPPQNLOLRHIFFBJ09DB,坡道平面,0,
RPVPNLOLRHIFFBJ96DB,坡道平面,0,
RPVPNLOLRHIFFBJ96DB,坡道平面,0,
RPQQNLOLRHIFFBJ56DB,坡道平面,0,
RPQQNLOLRHIFFBJ56DB,坡道平面,0,
RPQQNLOLRHIFFBJ56DB,坡道平面,0,
RPOQNLOLRHIFFBJ98DB,坡道平面,0,
RPOQNLOLRHIFFBJ98DB,坡道平面,0,
RPOQNLOLRHIFFBJ98DB,坡道平面,0,
RPWPNLOLRHIFFBJ07DB,坡道平面,0,
RPWPNLOLRHIFFBJ07DB,坡道平面,0,
RPXPNLOLRHIFFBJ17DB,坡道平面,0,
RPXPNLOLRHIFFBJ17DB,坡道平面,0,
RPXPNLOLRHIFFBJ17DB,坡道平面,0,
RPXNMLPLRHIFFBJ96DB,坡道平面,0,
RPXNMLPLRHIFFBJ96DB,坡道平面,0,
RPWNMLPLRHIFFBJ86DB,坡道平面,0,
RPWNMLPLRHIFFBJ86DB,坡道平面,0,
RPWNMLPLRHIFFBJ86DB,坡道平面,0,
RPSOMLPLRHIFFBJ56DB,坡道平面,0,
RPSOMLPLRHIFFBJ56DB,坡道平面,0,
RPOOMLPLRHIFFBJ78DB,坡道平面,0,
RPOOMLPLRHIFFBJ78DB,坡道平面,0,
RPROMLPLRHIFFBJ09DB,坡道平面,0,
RPROMLPLRHIFFBJ09DB,坡道平面,0,
RPPOMLPLRHIFFBJ88DB,坡道平面,0,
RPPOMLPLRHIFFBJ88DB,坡道平面,0,
RPPOMLPLRHIFFBJ88DB,坡道平面,0,
RPQOMLPLRHIFFBJ98DB,坡道平面,0,
RPQOMLPLRHIFFBJ98DB,坡道平面,0,
RPQOMLPLRHIFFBJ98DB,坡道平面,0,
RPTOMLPLRHIFFBJ66DB,坡道平面,0,
RPTOMLPLRHIFFBJ66DB,坡道平面,0,
RPTOMLPLRHIFFBJ66DB,坡道平面,0,
RPVOMLPLRHIFFBJ86DB,坡道平面,0,
RPVOMLPLRHIFFBJ86DB,坡道平面,0,
RPUOMLPLRHIFFBJ76DB,坡道平面,0,
RPUOMLPLRHIFFBJ76DB,坡道平面,0,
RPXOMLPLRHIFFBJ07DB,坡道平面,0,
RPXOMLPLRHIFFBJ07DB,坡道平面,0,
RPXOMLPLRHIFFBJ07DB,坡道平面,0,
RPWOMLPLRHIFFBJ96DB,坡道平面,0,
RPWOMLPLRHIFFBJ96DB,坡道平面,0,
RPWOMLPLRHIFFBJ96DB,坡道平面,0,
RPRNMLPLRHIFFBJ98DB,坡道平面,0,
RPRNMLPLRHIFFBJ98DB,坡道平面,0,
RPRNMLPLRHIFFBJ98DB,坡道平面,0,
RPSNMLPLRHIFFBJ09DB,坡道平面,0,
RPSNMLPLRHIFFBJ09DB,坡道平面,0,
RPSNMLPLRHIFFBJ09DB,坡道平面,0,
RPTNMLPLRHIFFBJ56DB,坡道平面,0,
RPTNMLPLRHIFFBJ56DB,坡道平面,0,
RPTNMLPLRHIFFBJ56DB,坡道平面,0,
