﻿編號,屋齡,建物移轉面積平方公尺,主要用途,主要建材,建築完成日期,總層數,建物分層
The serial number,room age,building shifting area square meter,the main use,main building materials,construction completes the date,total layer,building lamination
RPQNMLRJQHIFFCV37DA,,58.06,住家用,見其他登記事項,,一層,一層
RPSOMLKLQHIFFAV86CA,17,99.85,住家用,鋼筋混凝土造,85年6月28日,七層,二層
RPSOMLKLQHIFFAV86CA,17,8.85,見其他登記事項,鋼筋混凝土造,85年6月28日,七層,
RPSOMLKLQHIFFAV86CA,17,6.01,見其他登記事項,鋼筋混凝土造,85年6月28日,七層,
RPSOMLKLQHIFFAV86CA,17,4.36,見其他登記事項,鋼筋混凝土造,85年6月28日,七層,
RPSOMLKLQHIFFAV86CA,17,16.01,見其他登記事項,鋼筋混凝土造,85年6月28日,七層,
RPWNMLLLQHIFFAV27CA,23,204.05,住家用,鋼筋混凝土造,79年1月18日,三層,一層 二層 三層 騎樓
RPSNMLMLQHIFFAV07DA,49,64.30,住家用,見其他登記事項,53年6月22日,一層,一層
RPSNMLMLQHIFFAV07DA,49,72.21,住家用,見其他登記事項,53年6月22日,一層,一層
RPTOMLMKQHIFFAV07CA,,192.80,住家用,見其他登記事項,102年5月15日,三層,一層 二層 三層
RPOPMLRJQHIFFAV07CA,2,215.39,住家用,見其他登記事項,100年1月21日,三層,一層 二層 三層
RPQOMLPJQHIFFAV96CA,1,230.07,住家用,見其他登記事項,102年1月4日,三層,一層 二層 三層
RPQNMLQJQHIFFAV96CA,44,67.95,住家用,鋼筋混凝土造,58年2月12日,一層,一層 騎樓
RPSNMLPKQHIFFAV17CA,28,190.95,住商用,鋼筋混凝土造,75年1月17日,四層,一層 二層 三層 四層
RPUNMLPKQHIFFAV37CA,29,196.99,見其他登記事項,鋼筋混凝土造,73年1月26日,三層,一層 二層 三層 騎樓 地下層
RPXOMLRJQHIFFAV87CA,37,47.60,住家用,見其他登記事項,65年3月1日,一層,一層
RPQNMLRJQHIFFAV07CA,7,215.11,住家用,見其他登記事項,95年6月19日,四層,一層 二層 三層 四層
RPRNMLQJQHIFFAV07CA,19,234.54,住商用,鋼筋混凝土造,83年8月9日,五層,一層 二層 三層 四層 五層
RPSNMLQJQHIFFAV17CA,17,69.63,見其他登記事項,鋼筋混凝土造,85年6月21日,七層,五層
RPSNMLQJQHIFFAV17CA,17,8.18,見其他登記事項,鋼筋混凝土造,85年6月21日,七層,
RPSNMLQJQHIFFAV17CA,17,4.74,見其他登記事項,鋼筋混凝土造,85年6月21日,七層,
RPSNMLQJQHIFFAV17CA,17,4.72,見其他登記事項,鋼筋混凝土造,85年6月21日,七層,
RPSNMLQJQHIFFAV17CA,17,16.82,見其他登記事項,鋼筋混凝土造,85年6月21日,七層,
RPXNMLPJQHIFFAV57CA,,250.09,住家用,見其他登記事項,102年4月29日,三層,一層 二層 三層
RPVNMLPJQHIFFAV37CA,,251.98,住家用,見其他登記事項,102年4月29日,三層,一層 二層 三層
RPOOMLPJQHIFFAV76CA,,250.09,住家用,見其他登記事項,102年4月29日,三層,一層 二層 三層
RPUNMLPJQHIFFAV27CA,,262.64,住家用,見其他登記事項,102年5月20日,三層,一層 二層 三層
RPWNMLPJQHIFFAV47CA,,250.09,住家用,見其他登記事項,102年4月29日,三層,一層 二層 三層
RPPOMLPJQHIFFAV86CA,,250.09,住家用,見其他登記事項,102年4月29日,三層,一層 二層 三層
RPVNMLRJQHIFFAV67DA,22,207.37,住家用,鋼筋混凝土造,80年2月22日,四層,四層 騎樓 一層 二層 三層
RPQOMLRJQHIFFAV17CA,,258.67,住家用,見其他登記事項,102年4月29日,三層,一層 二層 三層
RPUNMLRJQHIFFCV67CA,46,160.99,住商用,見其他登記事項,57年1月4日,二層,一層 二層 騎樓
RPPNMLNJQHIFFAV56CA,,229.88,住家用,見其他登記事項,102年1月4日,三層,一層 二層 三層
RPPOMLMJQHIFFAV56CA,26,106.96,住家用,加強磚造,76年3月5日,二層,一層 二層
RPSNMLLLQHIFFAV86CA,18,100.04,住家用,鋼筋混凝土造,84年2月16日,八層,七層
RPSNMLLLQHIFFAV86CA,18,9.00,見其他登記事項,鋼筋混凝土造,84年2月16日,八層,
RPSNMLLLQHIFFAV86CA,18,14.10,見其他登記事項,鋼筋混凝土造,84年2月16日,八層,
RPSNMLLLQHIFFAV86CA,18,4.04,見其他登記事項,鋼筋混凝土造,84年2月16日,八層,
RPROMLRJQHIFFAV27CA,,262.64,住家用,見其他登記事項,102年5月20日,三層,三層 一層 二層
RPQNMLSJQHIFFAV17CA,23,121.71,住家用,鋼筋混凝土造,79年10月26日,三層,一層 二層 三層
RPQNMLSJQHIFFAV17CA,23,121.71,住家用,鋼筋混凝土造,79年10月26日,三層,二層 三層 一層
RPTOMLRJQHIFFAV47CA,,127.18,住家用,見其他登記事項,102年4月25日,三層,一層 二層 三層
RPTOMLRJQHIFFAV47CA,,127.18,住家用,見其他登記事項,102年4月25日,三層,一層 二層 三層
SPXNMLPKQHIFFAV77CA,17,124.21,見其他登記事項,鋼筋混凝土造,85年6月28日,九層,八層
SPXNMLPKQHIFFAV77CA,17,39.59,見其他登記事項,鋼筋混凝土造,85年6月28日,九層,
RPPNMLPKQHIFFAV86CA,21,196.32,住家用,鋼筋混凝土造,81年3月24日,三層,一層 二層 三層
RPRNMLMKQHIFFAV76CA,,131.22,住家用,見其他登記事項,102年3月20日,三層,一層 二層 三層 見其他登記事項
RPRNMLMKQHIFFAV76CA,,131.22,住家用,見其他登記事項,102年3月20日,三層,見其他登記事項 一層 二層 三層
RPUOMLRJQHIFFAV57CA,,251.98,住家用,見其他登記事項,102年4月29日,三層,三層 一層 二層
RPVOMLRJQHIFFAV67CA,,260.45,住家用,見其他登記事項,102年5月20日,三層,一層 二層 三層
RPSOMLRJQHIFFAV37CA,,175.50,住商用,見其他登記事項,,二層,一層 二層 騎樓
RPXNMLTJQHIFFAV97CA,,251.98,住家用,見其他登記事項,102年4月29日,三層,一層 二層 三層
RPVNMLTJQHIFFAV77CA,,258.67,住家用,見其他登記事項,102年4月25日,三層,三層 一層 二層
RPTNMLTJQHIFFAV57CA,21,147.78,住家用,鋼筋混凝土造,81年5月22日,三層,一層 二層 三層
RPWNMLTJQHIFFAV87CA,,251.98,住家用,見其他登記事項,102年4月29日,三層,一層 二層 三層
RPSNMLTJQHIFFAV47CA,10,198.91,住家用,鋼筋混凝土造,93年1月9日,三層,一層 二層 三層
RPPNMLKKQHIFFAV09DA,,210.32,住商用,鋼筋混凝土造,83年9月29日,四層,一層 二層 三層 四層 騎樓
RPUNMLTJQHIFFAV67CA,,250.09,住家用,見其他登記事項,102年4月29日,三層,一層 二層 三層
RPQNMLMKQHIFFAV66CA,,260.45,住家用,見其他登記事項,102年5月20日,三層,一層 二層 三層
RPSNMLMKQHIFFAV96DA,20,101.91,國民住宅,鋼筋混凝土造,82年12月3日,四層,三層
RPSNMLMKQHIFFAV96DA,20,2.50,見其他登記事項,鋼筋混凝土造,82年12月3日,四層,
RPSNMLMKQHIFFAV96DA,20,.29,見其他登記事項,鋼筋混凝土造,82年12月3日,四層,
RPSNMLMKQHIFFAV96DA,20,3.97,見其他登記事項,鋼筋混凝土造,82年12月3日,四層,
RPSNMLMKQHIFFAV96DA,20,.29,見其他登記事項,鋼筋混凝土造,82年12月3日,四層,
RPTNMLNLQHIFFAV17CA,20,149.18,住家用,加強磚造,82年5月27日,二層,一層 二層
RPRNMLPKQHIFFAV07CA,29,94.50,住家用,加強磚造,72年12月5日,二層,二層 騎樓 一層
RPSNMLNKQHIFFCV17CA,20,158.97,住家用,鋼筋混凝土造,82年7月13日,三層,一層 二層 三層 騎樓
RPPNMLPKQHIFFCV07CA,31,321.47,住商用,鋼筋混凝土造,71年8月3日,三層,一層 二層 三層 屋頂突出物 騎樓
RPVNMLMKQHIFFAV17CA,1,225.91,住家用,見其他登記事項,102年1月4日,三層,一層 二層 三層
RPUNMLTKQHIFFAV77CA,18,131.98,住家用,鋼筋混凝土造,84年12月4日,十六層,八層
RPUNMLTKQHIFFAV77CA,18,50.22,見其他登記事項,鋼筋混凝土造,84年12月4日,十六層,
RPVNMLOKQHIFFAV37CA,6,236.07,住家用,見其他登記事項,96年4月3日,三層,一層 二層 三層
RPTNMLNKQHIFFAV07CA,20,102.20,國民住宅,鋼筋混凝土造,82年12月3日,四層,三層
RPTNMLNKQHIFFAV07CA,20,2.26,見其他登記事項,鋼筋混凝土造,82年12月3日,四層,
RPTNMLNKQHIFFAV07CA,20,.25,見其他登記事項,鋼筋混凝土造,82年12月3日,四層,
RPTNMLNKQHIFFAV07CA,20,.69,見其他登記事項,鋼筋混凝土造,82年12月3日,四層,
RPTNMLNKQHIFFAV07CA,20,.69,見其他登記事項,鋼筋混凝土造,82年12月3日,四層,
RPVNMLPKQHIFFAV47CA,,324.73,住家用,見其他登記事項,102年7月8日,四層,一層 二層 三層 四層
RPXNMLOKQHIFFAV57CA,18,124.33,見其他登記事項,鋼筋混凝土造,84年1月4日,三層,一層 二層 三層
RPRNMLQKQHIFFAV17CA,7,235.32,住家用,見其他登記事項,95年8月15日,三層,三層 一層 二層
RPRNMLOKQHIFFAV07DA,,268.38,住家用,見其他登記事項,102年7月3日,四層,一層 二層 三層 四層
RPOOMLOKQHIFFAV86DA,39,87.21,住家用,見其他登記事項,63年11月14日,二層,一層 二層
RPTNMLTKQHIFFAV77DA,16,427.32,住商用,鋼筋混凝土造,86年2月5日,四層,一層 二層 三層 四層 騎樓
RPQNMLLLQHIFFDV96CA,20,31.40,見其他登記事項,鋼筋混凝土造,82年11月8日,八層,七層
RPPNMLSLQHIFFBV37CA,32,138.85,住家用,加強磚造,70年9月29日,二層,一層 二層
RPRNMLKMQHIFFAV76CA,34,113.83,住家用,加強磚造,68年3月1日,二層,一層 二層 騎樓
RPWNMLTLQHIFFAV08CA,41,61.72,住家用,見其他登記事項,61年10月13日,一層,一層
RPPOMLPKQHIFFAV96CA,,129.34,住家用,見其他登記事項,102年4月29日,三層,一層 二層 三層
RPPOMLPKQHIFFAV96CA,,129.34,住家用,見其他登記事項,102年4月29日,三層,一層 二層 三層
RPQNMLOJRHIFFDV17CA,16,66.11,住家用,加強磚造,86年3月8日,一層,一層
RPWNMLKLQHIFFAV17CA,22,183.71,住家用,鋼筋混凝土造,80年7月1日,四層,一層 二層 三層 四層
RPTNMLKLQHIFFAV86CA,21,236.03,住家用,鋼筋混凝土造,81年12月11日,四層,一層 二層 三層 四層 騎樓
RPPNMLQKQHIFFAV07DA,20,38.27,見其他登記事項,見其他登記事項,82年8月17日,七層,六層
RPPNMLQKQHIFFAV07DA,20,2.59,見其他登記事項,鋼筋混凝土造,82年8月17日,七層,
RPPNMLQKQHIFFAV07DA,20,1.59,見其他登記事項,鋼筋混凝土造,82年8月17日,七層,
RPPNMLQKQHIFFAV07DA,20,1.89,見其他登記事項,鋼筋混凝土造,82年8月17日,七層,
RPPNMLQKQHIFFAV07DA,20,5.59,見其他登記事項,鋼筋混凝土造,82年8月17日,七層,
RPPNMLKLQHIFFCV76DA,16,177.90,住家用,加強磚造,86年9月20日,二層,一層 二層 屋頂突出物
RPQNMLTLQHIFFBV67DA,18,159.60,見其他登記事項,見其他登記事項,84年8月10日,二層,一層 二層
RPPNMLMLQHIFFAV66CA,15,261.64,住家用,鋼筋混凝土造,87年8月25日,四層,一層 二層 三層 四層
RPQNMLLLQHIFFAV66CA,18,419.86,見其他登記事項,鋼筋混凝土造,84年12月11日,三層,一層 二層 三層 地下層
RPQNMLLLQHIFFAV66CA,18,53.31,見其他登記事項,鋼筋混凝土造,84年12月11日,三層,
RPVNMLNLQHIFFAV37CA,6,161.60,住家用,見其他登記事項,96年4月4日,三層,一層 二層 三層
RPRNMLQLQHIFFAV27CA,15,147.36,見其他登記事項,鋼筋混凝土造,87年11月24日,三層,一層 二層 三層 騎樓
RPRNMLKKRHIFFAV66CA,,260.42,住家用,見其他登記事項,102年3月20日,三層,一層 二層 三層 見其他登記事項
RPQNMLRLQHIFFAV37DA,,268.38,住家用,見其他登記事項,102年7月3日,四層,一層 二層 三層 四層
RPUNMLRLQHIFFAV67CA,18,92.19,見其他登記事項,鋼筋混凝土造,84年7月31日,六層,五層
RPUNMLRLQHIFFAV67CA,18,12.49,見其他登記事項,鋼筋混凝土造,84年7月31日,六層,
RPUNMLRLQHIFFAV67CA,18,33.91,見其他登記事項,鋼筋混凝土造,84年7月31日,六層,
RPTNMLRLQHIFFAV57CA,18,92.19,見其他登記事項,鋼筋混凝土造,84年7月31日,六層,四層
RPTNMLRLQHIFFAV57CA,18,12.49,見其他登記事項,鋼筋混凝土造,84年7月31日,六層,
RPTNMLRLQHIFFAV57CA,18,33.91,見其他登記事項,鋼筋混凝土造,84年7月31日,六層,
RPSNMLTLQHIFFAV67CA,30,42.48,住家用,見其他登記事項,73年1月4日,一層,一層 騎樓
RPRNMLMKRHIFFAV86CA,5,226.52,住家用,見其他登記事項,97年10月16日,三層,一層 二層 三層
RPUNMLSLQHIFFAV77CA,,196.83,住家用,見其他登記事項,102年2月5日,三層,一層 二層 三層 屋頂突出物
RPUNMLKMQHIFFAV07CA,43,109.01,住家用,見其他登記事項,60年1月20日,二層,一層 二層
RPRNMLSLQHIFFAV47CA,,155.72,住家用,加強磚造,,二層,一層 二層 騎樓
RPSNMLQLQHIFFAV37CA,17,124.94,見其他登記事項,鋼筋混凝土造,85年6月28日,九層,二層
RPSNMLQLQHIFFAV37CA,17,9.21,見其他登記事項,鋼筋混凝土造,85年6月28日,九層,
RPSNMLQLQHIFFAV37CA,17,13.40,見其他登記事項,鋼筋混凝土造,85年6月28日,九層,
RPPNMLOLQHIFFAV86CA,1,230.07,住家用,見其他登記事項,102年1月4日,三層,一層 二層 三層
RPPNMLRLQHIFFAV27DA,,197.44,住家用,見其他登記事項,102年5月27日,三層,一層 二層 三層
RPQNMLNLRHIFFBV07CA,32,71.17,住家用,鋼筋混凝土加強磚造,70年3月9日,一層,一層
RPPOMLSLQHIFFAV37CA,,188.69,住家用,見其他登記事項,102年4月19日,三層,一層 二層 三層
RPSNMLSLQHIFFAV57CA,18,131.98,住家用,鋼筋混凝土造,84年12月4日,十六層,七層
RPSNMLSLQHIFFAV57CA,18,50.22,見其他登記事項,鋼筋混凝土造,84年12月4日,十六層,
RPTNMLSLQHIFFAV67CA,30,107.30,國民住宅,鋼筋混凝土造,72年2月22日,四層,三層
RPTNMLSLQHIFFAV67CA,30,10.88,見其他登記事項,鋼筋混凝土造,72年2月22日,四層,
RPQNMLOJRHIFFAV86CA,27,54.39,住家用,加強磚造,75年1月20日,一層,一層
RPSOMLPJRHIFFAV27CA,20,2.20,見其他登記事項,鋼筋混凝土造,82年12月3日,四層,
RPSOMLPJRHIFFAV27CA,20,102.02,國民住宅,鋼筋混凝土造,82年12月3日,四層,四層
RPSOMLPJRHIFFAV27CA,20,.24,見其他登記事項,鋼筋混凝土造,82年12月3日,四層,
RPSOMLPJRHIFFAV27CA,20,.24,見其他登記事項,鋼筋混凝土造,82年12月3日,四層,
RPSOMLPJRHIFFAV27CA,20,.24,見其他登記事項,鋼筋混凝土造,82年12月3日,四層,
RPSOMLPJRHIFFAV27CA,20,.24,見其他登記事項,鋼筋混凝土造,82年12月3日,四層,
RPSOMLPJRHIFFAV27CA,20,.24,見其他登記事項,鋼筋混凝土造,82年12月3日,四層,
RPSOMLPJRHIFFAV27CA,20,.24,見其他登記事項,鋼筋混凝土造,82年12月3日,四層,
RPSOMLPJRHIFFAV27CA,20,.24,見其他登記事項,鋼筋混凝土造,82年12月3日,四層,
RPROMLPJRHIFFAV17CA,,56.94,住家用,見其他登記事項,,二層,一層 二層
RPPNMLTLQHIFFBV47CA,23,109.27,住家用,加強磚造,79年12月8日,二層,一層 二層
RPTNMLQJRHIFFAV37CA,17,78.52,見其他登記事項,鋼筋混凝土造,85年6月21日,七層,四層
RPTNMLQJRHIFFAV37CA,17,10.02,見其他登記事項,鋼筋混凝土造,85年6月21日,七層,
RPTNMLQJRHIFFAV37CA,17,4.85,見其他登記事項,鋼筋混凝土造,85年6月21日,七層,
RPTNMLQJRHIFFAV37CA,17,5.56,見其他登記事項,鋼筋混凝土造,85年6月21日,七層,
RPTNMLQJRHIFFAV37CA,17,16.82,見其他登記事項,鋼筋混凝土造,85年6月21日,七層,
RPSNMLQKRHIFFCV57CA,34,89.60,住家用,見其他登記事項,69年2月12日,一層,
RPVNMLKMQHIFFBV27CA,32,125.29,住家用,加強磚造,70年12月26日,二層,一層 二層 騎樓
RPTNMLTLQHIFFAV77CA,30,106.29,國民住宅,鋼筋混凝土造,72年2月22日,四層,四層
RPVNMLTLQHIFFAV97CA,44,66.16,住家用,見其他登記事項,58年2月1日,二層,二層 一層
RPRNMLTLQHIFFAV57CA,17,190.55,住家用,鋼筋混凝土造,85年12月24日,四層,一層 二層 三層 四層
RPVNMLOKRHIFFDV77CA,18,30.87,見其他登記事項,鋼筋混凝土造,84年7月14日,八層,四層
RPVNMLOKRHIFFDV77CA,18,6.94,見其他登記事項,鋼筋混凝土造,84年7月14日,八層,
RPWNMLOKRHIFFDV87CA,18,33.25,見其他登記事項,鋼筋混凝土造,84年7月14日,八層,四層
RPWNMLOKRHIFFDV87CA,18,7.30,見其他登記事項,鋼筋混凝土造,84年7月14日,八層,
RPPNMLMJRHIFFAV56CA,25,95.20,住家用,加強磚造,77年6月8日,二層,一層 二層
RPQNMLKMQHIFFAV66CA,33,80.78,住家用,加強磚造,69年6月21日,二層,一層 二層
RPTNMLKMQHIFFAV96CA,,243.00,住家用,見其他登記事項,102年5月29日,三層,一層 二層 三層
RPUNMLQJRHIFFAV47CA,20,102.02,國民住宅,鋼筋混凝土造,82年12月3日,四層,一層
RPUNMLQJRHIFFAV47CA,20,2.20,見其他登記事項,鋼筋混凝土造,82年12月3日,四層,
RPUNMLQJRHIFFAV47CA,20,.24,見其他登記事項,鋼筋混凝土造,82年12月3日,四層,
RPUNMLQJRHIFFAV47CA,20,.24,見其他登記事項,鋼筋混凝土造,82年12月3日,四層,
RPUNMLQJRHIFFAV47CA,20,.24,見其他登記事項,鋼筋混凝土造,82年12月3日,四層,
RPUNMLQJRHIFFAV47CA,20,.24,見其他登記事項,鋼筋混凝土造,82年12月3日,四層,
RPUNMLQJRHIFFAV47CA,20,.24,見其他登記事項,鋼筋混凝土造,82年12月3日,四層,
RPUNMLQJRHIFFAV47CA,20,.24,見其他登記事項,鋼筋混凝土造,82年12月3日,四層,
RPUNMLQJRHIFFAV47CA,20,.24,見其他登記事項,鋼筋混凝土造,82年12月3日,四層,
RPUNMLQJRHIFFAV47CA,20,.24,見其他登記事項,鋼筋混凝土造,82年12月3日,四層,
RPUNMLQJRHIFFAV47CA,20,.67,見其他登記事項,鋼筋混凝土造,82年12月3日,四層,
RPUNMLQJRHIFFAV47CA,20,.67,見其他登記事項,鋼筋混凝土造,82年12月3日,四層,
RPUNMLQJRHIFFAV47CA,20,.25,見其他登記事項,鋼筋混凝土造,82年12月3日,四層,
RPUNMLQJRHIFFAV47CA,20,.25,見其他登記事項,鋼筋混凝土造,82年12月3日,四層,
RPUNMLQJRHIFFAV47CA,20,.25,見其他登記事項,鋼筋混凝土造,82年12月3日,四層,
RPUNMLQJRHIFFAV47CA,20,3.49,見其他登記事項,鋼筋混凝土造,82年12月3日,四層,
RPUNMLQJRHIFFAV47CA,20,.24,見其他登記事項,鋼筋混凝土造,82年12月3日,四層,
RPUNMLQJRHIFFAV47CA,20,.24,見其他登記事項,鋼筋混凝土造,82年12月3日,四層,
RPUNMLQJRHIFFAV47CA,20,.24,見其他登記事項,鋼筋混凝土造,82年12月3日,四層,
RPUNMLQJRHIFFAV47CA,20,.24,見其他登記事項,鋼筋混凝土造,82年12月3日,四層,
RPUNMLQJRHIFFAV47CA,20,.24,見其他登記事項,鋼筋混凝土造,82年12月3日,四層,
RPUNMLQJRHIFFAV47CA,20,.24,見其他登記事項,鋼筋混凝土造,82年12月3日,四層,
RPUNMLQJRHIFFAV47CA,20,.24,見其他登記事項,鋼筋混凝土造,82年12月3日,四層,
RPUNMLQJRHIFFAV47CA,20,.24,見其他登記事項,鋼筋混凝土造,82年12月3日,四層,
RPUNMLQJRHIFFAV47CA,20,.24,見其他登記事項,鋼筋混凝土造,82年12月3日,四層,
RPUNMLQJRHIFFAV47CA,20,.24,見其他登記事項,鋼筋混凝土造,82年12月3日,四層,
RPUNMLQJRHIFFAV47CA,20,.24,見其他登記事項,鋼筋混凝土造,82年12月3日,四層,
RPUNMLQJRHIFFAV47CA,20,.24,見其他登記事項,鋼筋混凝土造,82年12月3日,四層,
RPUNMLQJRHIFFAV47CA,20,.24,見其他登記事項,鋼筋混凝土造,82年12月3日,四層,
RPUNMLQJRHIFFAV47CA,20,.24,見其他登記事項,鋼筋混凝土造,82年12月3日,四層,
RPUNMLQJRHIFFAV47CA,20,.25,見其他登記事項,鋼筋混凝土造,82年12月3日,四層,
RPUNMLQJRHIFFAV47CA,20,.25,見其他登記事項,鋼筋混凝土造,82年12月3日,四層,
RPUNMLQJRHIFFAV47CA,20,.25,見其他登記事項,鋼筋混凝土造,82年12月3日,四層,
RPUNMLQJRHIFFAV47CA,20,.25,見其他登記事項,鋼筋混凝土造,82年12月3日,四層,
RPUNMLQJRHIFFAV47CA,20,.25,見其他登記事項,鋼筋混凝土造,82年12月3日,四層,
RPTOMLQKRHIFFAV57CA,20,70.38,商業用,鋼筋混凝土造,82年8月19日,七層,一層
RPTOMLQKRHIFFAV57CA,20,1.25,見其他登記事項,鋼筋混凝土造,82年8月19日,七層,
RPTOMLQKRHIFFAV57CA,20,7.53,見其他登記事項,鋼筋混凝土造,82年8月19日,七層,
RPTOMLQKRHIFFAV57CA,20,7.14,見其他登記事項,鋼筋混凝土造,82年8月19日,七層,
SPTOMLQKRHIFFAV67CA,20,77.45,住家用,鋼筋混凝土造,82年8月19日,七層,二層
SPTOMLQKRHIFFAV67CA,20,1.25,見其他登記事項,鋼筋混凝土造,82年8月19日,七層,
SPTOMLQKRHIFFAV67CA,20,7.53,見其他登記事項,鋼筋混凝土造,82年8月19日,七層,
SPTOMLQKRHIFFAV67CA,20,7.14,見其他登記事項,鋼筋混凝土造,82年8月19日,七層,
RPPOMLPJRHIFFAV96CA,,56.65,住家用,見其他登記事項,,一層,一層 騎樓
RPOOMLOJRHIFFAV76CA,33,93.06,住家用,加強磚造,69年9月26日,二層,一層 二層
RPSNMLMJRHIFFAV96DA,41,91.52,住家用,見其他登記事項,62年1月4日,二層,一層 二層 騎樓
RPVNMLKMQHIFFAV27DA,10,179.17,住家用,鋼筋混凝土造,92年8月15日,三層,一層 二層 三層 騎樓
RPRNMLQKRHIFFAV27CA,18,79.66,見其他登記事項,鋼筋混凝土造,84年1月25日,十層,五層
RPRNMLQKRHIFFAV27CA,,2.14,見其他登記事項,鋼筋混凝土造,,十層,
RPRNMLQKRHIFFAV27CA,18,9.44,見其他登記事項,鋼筋混凝土造,84年1月25日,十層,
RPRNMLLKRHIFFAV76CA,19,12.52,見其他登記事項,鋼筋混凝土造,83年5月16日,十三層,
RPRNMLQKRHIFFAV27CA,18,2.26,見其他登記事項,鋼筋混凝土造,84年1月25日,十層,
RPRNMLLKRHIFFAV76CA,19,1.27,見其他登記事項,鋼筋混凝土造,83年5月16日,十三層,
RPRNMLLKRHIFFAV76CA,19,.85,見其他登記事項,鋼筋混凝土造,83年5月16日,十三層,
RPRNMLQKRHIFFAV27CA,18,11.52,見其他登記事項,鋼筋混凝土造,84年1月25日,十層,
RPRNMLLKRHIFFAV76CA,19,.64,見其他登記事項,鋼筋混凝土造,83年5月16日,十三層,
RPRNMLLKRHIFFAV76CA,19,.59,見其他登記事項,鋼筋混凝土造,83年5月16日,十三層,
RPRNMLLKRHIFFAV76CA,19,99.13,見其他登記事項,鋼筋混凝土造,83年5月16日,十三層,十三層
RPPNMLSKRHIFFAV27CA,45,161.70,住商用,見其他登記事項,57年6月29日,二層,一層 二層 騎樓
RPSNMLLKRHIFFAV86CA,19,680.63,農舍,見其他登記事項,83年10月24日,一層,一層
RPRNMLNJRHIFFAV96DA,,193.78,住家用,見其他登記事項,102年5月27日,三層,一層 二層 三層
RPWNMLKKRHIFFAV17CA,21,158.83,住家用,鋼筋混凝土造,81年12月1日,三層,一層 二層 三層
RPQNMLQJRHIFFAV07CA,23,181.49,住家用,鋼筋混凝土造,79年10月8日,二層,一層 二層 騎樓
RPPNMLQJRHIFFAV96CA,19,87.03,見其他登記事項,鋼筋混凝土造,83年4月19日,十四層,二層
RPPNMLQJRHIFFAV96CA,19,28.98,見其他登記事項,鋼筋混凝土造,83年4月19日,十四層,
RPTNMLPJRHIFFAV27CA,,56.19,住商用,木造,,一層,騎樓 一層
RPQNMLPJRHIFFAV96CA,18,255.96,見其他登記事項,鋼筋混凝土造,84年7月21日,五層,一層 二層 三層 四層 五層
RPRNMLTJRHIFFAV47CA,17,329.24,農舍,見其他登記事項,85年3月15日,一層,一層
RPTNMLNJRHIFFAV07CA,30,87.05,國民住宅,鋼筋混凝土造,72年10月12日,四層,一層
RPTNMLNJRHIFFAV07CA,,4.97,見其他登記事項,鋼筋混凝土造,,四層,
RPQNMLNJRHIFFAV76CA,1,268.59,住家用,見其他登記事項,102年7月15日,二層,一層 二層
RPPNMLNJRHIFFAV66CA,33,93.80,住家用,加強磚造,70年1月12日,二層,一層 二層
RPWNMLOJRHIFFAV47CA,18,134.12,見其他登記事項,鋼筋混凝土造,84年5月18日,三層,一層 二層 三層
RPPNMLOJRHIFFAV86DA,35,106.26,住商用,加強磚造,67年12月24日,二層,一層 二層 騎樓
RPTNMLOJRHIFFAV27DA,,267.33,住家用,見其他登記事項,102年7月3日,四層,一層 二層 三層 四層
RPPNMLKKRHIFFBV66DA,36,109.81,住家用,加強磚造,66年10月15日,二層,一層 二層
RPRNMLQJRHIFFAV17CA,,201.34,住家用,見其他登記事項,102年5月27日,三層,一層 二層 三層 屋頂突出物
RPPNMLPJRHIFFAV86CA,1,308.80,住家用,見其他登記事項,102年7月15日,三層,二層 三層 一層
RPQNMLTJRHIFFAV37CA,19,209.38,住家用,鋼筋混凝土造,83年10月28日,四層,一層 二層 三層 四層
RPSNMLPJRHIFFAV17CA,9,257.42,見其他登記事項,見其他登記事項,93年12月1日,一層,一層
RPVNMLPJRHIFFAV47CA,18,274.00,見其他登記事項,鋼筋混凝土造,84年7月21日,五層,二層 三層 一層 四層 五層 騎樓
RPSNMLMKRHIFFAV96CA,30,106.95,住家用,加強磚造,72年12月20日,二層,一層 二層
RPPOMLNLRHIFFAV96CA,40,77.14,住家用,見其他登記事項,62年4月20日,二層,一層 二層
RPVOMLQKRHIFFAV77CA,30,125.87,見其他登記事項,見其他登記事項,72年8月4日,三層,一層 二層 三層 騎樓
RPSNMLTJRHIFFAV57CA,3,234.36,住家用,見其他登記事項,99年6月21日,三層,一層 二層 三層
RPUNMLTJRHIFFAV77CA,40,129.60,住家用,見其他登記事項,62年11月14日,二層,一層 二層 騎樓
RPVNMLTJRHIFFAV87CA,19,92.57,見其他登記事項,鋼筋混凝土造,83年5月16日,十三層,八層
RPVNMLTJRHIFFAV87CA,19,11.13,見其他登記事項,鋼筋混凝土造,83年5月16日,十三層,
RPVNMLTJRHIFFAV87CA,19,1.13,見其他登記事項,鋼筋混凝土造,83年5月16日,十三層,
RPVNMLTJRHIFFAV87CA,19,.75,見其他登記事項,鋼筋混凝土造,83年5月16日,十三層,
RPVNMLTJRHIFFAV87CA,19,.14,見其他登記事項,鋼筋混凝土造,83年5月16日,十三層,
RPVNMLTJRHIFFAV87CA,19,.53,見其他登記事項,鋼筋混凝土造,83年5月16日,十三層,
RPVNMLTJRHIFFAV87CA,19,.56,見其他登記事項,鋼筋混凝土造,83年5月16日,十三層,
RPVNMLTJRHIFFAV87CA,19,.14,見其他登記事項,鋼筋混凝土造,83年5月16日,十三層,
RPVNMLTJRHIFFAV87CA,19,.37,見其他登記事項,鋼筋混凝土造,83年5月16日,十三層,
RPVNMLTJRHIFFAV87CA,19,.30,見其他登記事項,鋼筋混凝土造,83年5月16日,十三層,
RPVNMLTJRHIFFAV87CA,19,.37,見其他登記事項,鋼筋混凝土造,83年5月16日,十三層,
RPVNMLTJRHIFFAV87CA,19,.30,見其他登記事項,鋼筋混凝土造,83年5月16日,十三層,
RPVNMLTJRHIFFAV87CA,19,.30,見其他登記事項,鋼筋混凝土造,83年5月16日,十三層,
RPVNMLTJRHIFFAV87CA,19,.37,見其他登記事項,鋼筋混凝土造,83年5月16日,十三層,
RPVNMLTJRHIFFAV87CA,19,.37,見其他登記事項,鋼筋混凝土造,83年5月16日,十三層,
RPVNMLTJRHIFFAV87CA,19,.30,見其他登記事項,鋼筋混凝土造,83年5月16日,十三層,
RPVNMLTJRHIFFAV87CA,19,.30,見其他登記事項,鋼筋混凝土造,83年5月16日,十三層,
RPVNMLTJRHIFFAV87CA,19,.37,見其他登記事項,鋼筋混凝土造,83年5月16日,十三層,
RPVNMLTJRHIFFAV87CA,19,.37,見其他登記事項,鋼筋混凝土造,83年5月16日,十三層,
RPVNMLTJRHIFFAV87CA,19,.30,見其他登記事項,鋼筋混凝土造,83年5月16日,十三層,
RPVNMLTJRHIFFAV87CA,19,.37,見其他登記事項,鋼筋混凝土造,83年5月16日,十三層,
RPVNMLTJRHIFFAV87CA,19,.30,見其他登記事項,鋼筋混凝土造,83年5月16日,十三層,
RPVNMLTJRHIFFAV87CA,19,.30,見其他登記事項,鋼筋混凝土造,83年5月16日,十三層,
RPVNMLTJRHIFFAV87CA,19,.37,見其他登記事項,鋼筋混凝土造,83年5月16日,十三層,
RPVNMLTJRHIFFAV87CA,19,.30,見其他登記事項,鋼筋混凝土造,83年5月16日,十三層,
RPVNMLTJRHIFFAV87CA,19,.37,見其他登記事項,鋼筋混凝土造,83年5月16日,十三層,
RPVNMLTJRHIFFAV87CA,19,.30,見其他登記事項,鋼筋混凝土造,83年5月16日,十三層,
RPVNMLTJRHIFFAV87CA,19,.37,見其他登記事項,鋼筋混凝土造,83年5月16日,十三層,
RPVNMLTJRHIFFAV87CA,19,.27,見其他登記事項,鋼筋混凝土造,83年5月16日,十三層,
RPVNMLTJRHIFFAV87CA,19,.27,見其他登記事項,鋼筋混凝土造,83年5月16日,十三層,
RPVNMLTJRHIFFAV87CA,19,.28,見其他登記事項,鋼筋混凝土造,83年5月16日,十三層,
RPVNMLTJRHIFFAV87CA,19,.34,見其他登記事項,鋼筋混凝土造,83年5月16日,十三層,
RPVNMLTJRHIFFAV87CA,19,.30,見其他登記事項,鋼筋混凝土造,83年5月16日,十三層,
RPTNMLTJRHIFFAV67CA,13,151.90,住家用,鋼筋混凝土造,89年4月6日,三層,一層 二層 三層
RPRNMLLJIIIFFBV58CA,31,98.18,住家用,加強磚造,71年3月10日,二層,一層 二層
RPPNMLKKRHIFFDV86DA,,93.26,住家用,見其他登記事項,,二層,一層 二層 騎樓
RPTNMLSKRHIFFAV77DA,25,131.09,住家用,鋼筋混凝土造,77年7月7日,二層,一層 二層
RPQNMLOKRHIFFDV27CA,18,177.39,住家用,鋼筋混凝土造,84年7月25日,三層,一層 二層 三層 騎樓
RPTNMLLJIIIFFAV68CA,17,83.38,見其他登記事項,鋼筋混凝土造,85年6月28日,九層,八層
RPTNMLLJIIIFFAV68CA,17,9.21,見其他登記事項,鋼筋混凝土造,85年6月28日,九層,
RPTNMLLJIIIFFAV68CA,17,9.57,見其他登記事項,鋼筋混凝土造,85年6月28日,九層,
RPTNMLLJIIIFFAV68CA,17,.05,商業用,鋼筋混凝土造,85年6月28日,九層,
RPQNMLLKRHIFFAV66CA,17,22.89,見其他登記事項,鋼筋混凝土造,85年11月13日,七層,三層
RPQNMLLKRHIFFAV66CA,17,5.40,見其他登記事項,鋼筋混凝土造,85年11月13日,七層,
RPQNMLLKRHIFFAV66CA,17,8.54,見其他登記事項,鋼筋混凝土造,85年11月13日,七層,
RPUOMLKKRHIFFAV07CA,7,118.69,見其他登記事項,鋼筋混凝土造,95年3月10日,十層,四層
RPUOMLKKRHIFFAV07CA,7,70.51,見其他登記事項,鋼筋混凝土造,95年3月10日,十層,
RPTNMLMKRHIFFAV07CA,,211.43,住家用,見其他登記事項,102年5月27日,三層,一層 二層 三層 屋頂突出物
RPVNMLLKRHIFFAV17CA,31,100.53,國民住宅,鋼筋混凝土造,72年2月9日,四層,三層
RPVNMLLKRHIFFAV17CA,31,.99,見其他登記事項,鋼筋混凝土造,72年2月9日,四層,
RPVNMLLKRHIFFAV17CA,31,1.15,見其他登記事項,鋼筋混凝土造,72年2月9日,四層,
RPVNMLLKRHIFFAV17CA,31,6.87,見其他登記事項,鋼筋混凝土造,72年2月9日,四層,
RPSNMLMKRHIFFDV27CA,18,30.87,見其他登記事項,鋼筋混凝土造,84年7月14日,八層,四層
RPXNMLLKRHIFFAV37CA,32,123.52,住家用,加強磚造,70年5月25日,二層,一層 二層
RPWNMLLKRHIFFAV27CA,,212.38,住家用,見其他登記事項,102年4月19日,三層,一層 二層 三層
RPPNMLLKRHIFFAV66DA,40,43.40,住家用,見其他登記事項,62年12月24日,一層,一層 騎樓
RPVNMLMKRHIFFAV27CA,26,152.38,見其他登記事項,加強磚造,76年10月30日,二層,一層 二層 騎樓
SPPNMLMKRHIFFDV07CA,15,36.32,商業用,鋼筋混凝土造,87年3月6日,十層,八層
RPPNMLMKRHIFFDV96CA,15,35.30,商業用,鋼筋混凝土造,87年3月6日,十層,八層
RPPOMLNKRHIFFAV86CA,30,84.36,國民住宅,鋼筋混凝土造,72年9月23日,四層,三層
RPPOMLNKRHIFFAV86CA,,4.65,見其他登記事項,鋼筋混凝土造,,四層,
RPTOMLNKRHIFFAV27CA,,280.14,住家用,見其他登記事項,102年7月19日,四層,一層 二層 三層 四層
RPPNMLKMRHIFFAV76DA,39,100.28,住家用,加強磚造,63年10月20日,一層,一層 騎樓
RPROMLRJIIIFFAV56CA,21,154.45,住家用,鋼筋混凝土造,81年11月11日,三層,一層 二層 三層
RPUNMLMKRHIFFAV17CA,15,222.52,住家用,鋼筋混凝土造,87年4月3日,三層,一層 二層 三層
RPWNMLMKRHIFFAV37CA,9,230.07,住家用,鋼筋混凝土造,93年11月22日,三層,一層 二層 三層
RPOOMLNKRHIFFAV76CA,5,262.81,見其他登記事項,見其他登記事項,97年3月28日,四層,二層 三層 四層 一層
RPXOMLNKRHIFFAV67CA,1,225.81,住家用,鋼筋混凝土造,102年1月22日,三層,一層 二層 三層
RPPNMLOKRHIFFAV86CA,,250.09,住家用,見其他登記事項,102年4月29日,三層,一層 二層 三層
RPRNMLNKRHIFFCV17CA,21,448.82,見其他登記事項,見其他登記事項,81年6月23日,一層,見其他登記事項
RPQNMLOJIIIFFBV88DA,32,53.46,住家用,加強磚造,70年8月13日,二層,一層 二層
RPRNMLOKRHIFFAV07CA,17,54.59,見其他登記事項,鋼筋混凝土造,85年6月28日,九層,三層
RPRNMLOKRHIFFAV07CA,17,10.94,見其他登記事項,鋼筋混凝土造,85年6月28日,九層,
RPRNMLOKRHIFFAV07CA,17,6.84,見其他登記事項,鋼筋混凝土造,85年6月28日,九層,
RPSNMLOKRHIFFAV17CA,2,216.52,住家用,見其他登記事項,100年9月28日,三層,一層 二層 三層
RPPNMLRKRHIFFAV17CA,31,130.22,住家用,加強磚造,72年2月8日,二層,一層 二層 騎樓
RPUOMLQKRHIFFAV67CA,19,20.51,見其他登記事項,鋼筋混凝土造,83年4月19日,十四層,
RPUOMLQKRHIFFAV67CA,19,65.78,見其他登記事項,鋼筋混凝土造,83年4月19日,十四層,十四層
RPRNMLKMRHIFFAV86CA,5,203.33,住家用,見其他登記事項,97年2月22日,三層,一層 二層 三層
RPXNMLRKRHIFFAV97CA,30,90.66,國民住宅,鋼筋混凝土造,72年10月4日,四層,四層
RPXNMLRKRHIFFAV97CA,,4.54,見其他登記事項,鋼筋混凝土造,,四層,
RPQOMLRKRHIFFAV37CA,18,132.21,見其他登記事項,鋼筋混凝土造,84年12月4日,十六層,七層
RPSOMLRKRHIFFAV57CA,30,125.29,住家用,加強磚造,73年1月18日,二層,一層 二層 騎樓
RPQOMLRJIIIFFAV09CA,2,246.42,見其他登記事項,見其他登記事項,100年6月24日,三層,二層 三層 騎樓 一層
RPSNMLSKRHIFFAV57CA,37,91.48,住家用,見其他登記事項,65年4月27日,二層,一層 二層
RPPNMLOLRHIFFAV96CA,7,215.11,住家用,見其他登記事項,95年6月19日,四層,一層 二層 三層 四層
RPQNMLNLRHIFFAV96CA,35,110.55,住家用,加強磚造,67年10月5日,二層,二層 騎樓 一層
RPROMLRKRHIFFAV47CA,36,94.08,住家用,見其他登記事項,66年6月3日,二層,一層 二層 騎樓
RPOOMLNLRHIFFAV86CA,18,198.08,住家用,鋼筋混凝土造,84年6月30日,四層,一層 二層 三層 四層
RPVNMLNLRHIFFBV67DA,32,91.38,住家用,鋼筋混凝土加強磚造,70年5月28日,二層,一層 二層
RPSNMLNLRHIFFAV27DA,19,109.58,見其他登記事項,鋼筋混凝土造,84年2月17日,八層,二層
RPSNMLNLRHIFFAV27DA,19,19.35,見其他登記事項,鋼筋混凝土造,84年2月17日,八層,
RPSNMLNLRHIFFAV27DA,19,14.08,見其他登記事項,鋼筋混凝土造,84年2月17日,八層,
RPQNMLOLRHIFFAV07CA,27,112.84,住家用,鋼筋混凝土造,75年3月19日,二層,一層 二層
RPUNMLOLRHIFFAV47CA,21,131.13,住家用,加強磚造,81年12月18日,二層,一層 二層
RPVNMLOLRHIFFAV67DA,20,96.34,見其他登記事項,鋼筋混凝土造,83年2月25日,十二層,九層
RPVNMLOLRHIFFAV67DA,20,13.80,見其他登記事項,鋼筋混凝土造,83年2月25日,十二層,
RPVNMLOLRHIFFAV67DA,20,12.96,見其他登記事項,鋼筋混凝土造,83年2月25日,十二層,
RPPNMLSLRHIFFAV37CA,35,88.64,住家用,加強磚造,67年11月9日,二層,一層 二層
RPROMLNLRHIFFAV17CA,25,154.33,住家用,加強磚造,77年6月15日,二層,一層 二層
RPSNMLSJIIIFFAV66CA,,198.06,住家用,見其他登記事項,102年6月13日,三層,一層 二層 三層
RPSNMLPLRHIFFAV37CA,24,249.56,住家用,見其他登記事項,79年1月18日,一層,一層
RPSNMLPLRHIFFAV37CA,24,249.56,住家用,見其他登記事項,79年1月18日,一層,一層
RPUOMLNLRHIFFAV47CA,34,109.12,住家用,加強磚造,69年2月23日,二層,一層 二層
RPQNMLRLRHIFFAV47DA,,206.99,住家用,見其他登記事項,,二層,一層 二層 騎樓
RPUNMLRLRHIFFAV77CA,28,88.00,住家用,加強磚造,74年8月26日,二層,一層 二層
RPQNMLNJIIIFFAV68DA,25,89.66,住家用,加強磚造,77年10月17日,二層,一層 二層
RPPNMLNJIIIFFAV58DA,41,91.02,住家用,見其他登記事項,61年8月14日,二層,一層 二層
RPRNMLKMRHIFFDV17CA,18,30.45,見其他登記事項,鋼筋混凝土造,84年7月14日,八層,八層
RPRNMLKMRHIFFDV17CA,18,7.85,見其他登記事項,鋼筋混凝土造,84年7月14日,八層,
RPTNMLRLRHIFFAV67CA,20,24.32,見其他登記事項,鋼筋混凝土造,83年1月26日,七層,七層
RPRNMLQLRHIFFAV37CA,31,107.40,住家用,加強磚造,71年7月20日,二層,一層 二層
RPPNMLRLRHIFFAV27CA,18,281.24,見其他登記事項,鋼筋混凝土造,84年7月21日,五層,騎樓 一層 三層 二層 四層 五層
RPPNMLRLRHIFFAV27CA,18,29.29,見其他登記事項,鋼筋混凝土造,84年7月21日,二層,
RPTNMLQLRHIFFBV67CA,20,214.42,住家用,鋼筋混凝土造,83年2月5日,四層,一層 二層 三層 四層
RPWNMLLJIIIFFAV98CA,31,105.63,國民住宅,鋼筋混凝土造,72年2月9日,四層,二層
RPWNMLLJIIIFFAV98CA,31,.99,見其他登記事項,鋼筋混凝土造,72年2月9日,四層,
RPWNMLLJIIIFFAV98CA,31,1.15,見其他登記事項,鋼筋混凝土造,72年2月9日,四層,
RPWNMLLJIIIFFAV98CA,31,5.86,見其他登記事項,鋼筋混凝土造,72年2月9日,四層,
RPSNMLLJIIIFFCV78CA,,124.92,住家用,見其他登記事項,,二層,一層 二層
RPTNMLLKIIIFFAV88DA,30,138.24,住家用,加強磚造,72年8月15日,二層,騎樓 一層 二層
RPQNMLSKIIIFFAV66DA,,96.81,住家用,見其他登記事項,,一層,一層
RPPNMLTJIIIFFCV76DA,9,99.65,見其他登記事項,鋼筋混凝土造,94年1月21日,七層,七層
RPPNMLTJIIIFFCV76DA,9,4.38,見其他登記事項,鋼筋混凝土造,94年1月21日,一層,
RPPNMLTJIIIFFCV76DA,9,14.48,見其他登記事項,鋼筋混凝土造,94年1月21日,八層,
RPRNMLPKIIIFFAV98CA,19,191.07,住商用,鋼筋混凝土造,83年9月1日,四層,一層 二層 三層 四層 騎樓
RPRNMLLLIIIFFAV68CA,18,35.92,見其他登記事項,鋼筋混凝土造,84年12月4日,十六層,
RPRNMLLLIIIFFAV68CA,18,104.95,住家用,鋼筋混凝土造,84年12月4日,十六層,六層
RPPNMLLJIIIFFAV28CA,,212.28,住家用,見其他登記事項,102年5月27日,三層,一層 二層 三層 屋頂突出物
RPRNMLKMRHIFFCV07CA,33,114.82,住商用,見其他登記事項,69年5月1日,二層,一層 二層 騎樓
RPRNMLNJIIIFFAV68CA,34,111.19,住家用,加強磚造,68年5月7日,二層,一層 二層 騎樓
RPPOMLLJIIIFFAV38CA,20,112.80,見其他登記事項,見其他登記事項,82年8月17日,七層,六層
RPPOMLLJIIIFFAV38CA,20,7.50,見其他登記事項,鋼筋混凝土造,82年8月17日,七層,
RPPOMLLJIIIFFAV38CA,20,4.61,見其他登記事項,鋼筋混凝土造,82年8月17日,七層,
RPPOMLLJIIIFFAV38CA,20,5.47,見其他登記事項,鋼筋混凝土造,82年8月17日,七層,
RPPOMLLJIIIFFAV38CA,20,16.20,見其他登記事項,鋼筋混凝土造,82年8月17日,七層,
RPRNMLLJIIIFFAV48CA,18,206.78,住家用,鋼筋混凝土造,84年10月27日,三層,一層 二層 三層
RPRNMLOJIIIFFAV78CA,34,48.35,住家用,見其他登記事項,68年7月1日,一層,一層
RPSNMLKMRHIFFAV07DA,18,28.24,見其他登記事項,見其他登記事項,84年10月4日,十二層,七層
RPSNMLKMRHIFFAV07DA,18,20.35,見其他登記事項,見其他登記事項,84年10月4日,十二層,
RPTNMLPKJIIFFAV66CA,,182.58,住家用,見其他登記事項,102年7月3日,三層,三層 一層 二層
RPRNMLSJIIIFFAV66DA,33,83.60,住家用,鋼筋混凝土加強磚造,69年10月14日,二層,一層 二層
RPWNMLPKJIIFFAV96CA,,205.16,住家用,見其他登記事項,102年7月3日,三層,二層 三層 一層
RPVNMLPKJIIFFAV86CA,,208.52,住家用,見其他登記事項,102年7月3日,三層,一層 二層 三層
RPUNMLPKJIIFFAV76CA,,205.16,住家用,見其他登記事項,102年7月3日,三層,一層 二層 三層
SPTNMLNJIIIFFAV98CA,42,62.46,住家用,見其他登記事項,61年3月8日,一層,一層 騎樓
RPTNMLNJIIIFFAV88CA,42,75.64,住家用,見其他登記事項,61年3月8日,一層,一層 騎樓
RPVNMLNJIIIFFAV09CA,8,139.68,住家用,見其他登記事項,94年4月19日,三層,一層 二層 三層
RPUNMLMJIIIFFAV98DA,41,155.96,住家用,見其他登記事項,61年11月13日,二層,一層 二層 騎樓
RPPNMLOLIIIFFBV98DA,18,162.85,住商用,鋼筋混凝土造,84年8月22日,四層,一層 二層 三層 四層
RPUNMLPLIIIFFBV96DA,34,75.60,住家用,加強磚造,68年3月15日,一層,一層
RPVNMLOJIIIFFAV66DA,,108.86,住家用,加強磚造,,二層,一層 二層
RPPNMLTJIIIFFDV76CA,19,31.54,見其他登記事項,鋼筋混凝土造,83年9月30日,八層,二層
RPSNMLLKIIIFFAV68CA,,371.27,住家用,見其他登記事項,102年8月12日,四層,一層 二層 三層 四層
RPTNMLSJIIIFFAV76CA,,119.97,住家用,加強磚造,,二層,騎樓 一層 二層
RPWNMLOJIIIFFAV66CA,31,.99,見其他登記事項,鋼筋混凝土造,72年2月9日,四層,
RPWNMLOJIIIFFAV66CA,31,1.15,見其他登記事項,鋼筋混凝土造,72年2月9日,四層,
RPWNMLOJIIIFFAV66CA,31,5.86,見其他登記事項,鋼筋混凝土造,72年2月9日,四層,
RPWNMLOJIIIFFAV66CA,31,102.86,國民住宅,鋼筋混凝土造,72年2月9日,四層,二層
RPQNMLSJIIIFFAV09CA,21,140.86,住家用,鋼筋混凝土造,81年3月26日,三層,一層 二層 三層
RPPNMLSJIIIFFAV98CA,11,195.02,住家用,見其他登記事項,91年10月18日,三層,一層 二層 三層
RPSOMLRJIIIFFAV66CA,34,7.41,住商用,見其他登記事項,69年3月11日,一層,一層
RPPNMLQLIIIFFCV56CA,28,378.00,住家用,加強磚造,74年1月15日,二層,一層 二層
RPPNMLLKIIIFFAV48DA,35,83.00,住家用,加強磚造,67年3月25日,二層,一層 二層
RPQNMLKKIIIFFAV38CA,3,241.24,住家用,見其他登記事項,99年9月30日,三層,一層 二層 三層
RPQNMLLKIIIFFAV48CA,8,125.20,住家用,鋼筋混凝土造,94年8月29日,二層,一層 二層
RPPNMLKKIIIFFAV38DA,19,90.59,見其他登記事項,鋼筋混凝土造,83年5月16日,十三層,五層
RPPNMLKKIIIFFAV38DA,19,12.52,見其他登記事項,鋼筋混凝土造,83年5月16日,十三層,
RPPNMLKKIIIFFAV38DA,19,1.27,見其他登記事項,鋼筋混凝土造,83年5月16日,十三層,
RPPNMLKKIIIFFAV38DA,19,.85,見其他登記事項,鋼筋混凝土造,83年5月16日,十三層,
RPPNMLKKIIIFFAV38DA,19,.16,見其他登記事項,鋼筋混凝土造,83年5月16日,十三層,
RPPNMLKKIIIFFAV38DA,19,.59,見其他登記事項,鋼筋混凝土造,83年5月16日,十三層,
RPPNMLKKIIIFFAV38DA,19,.64,見其他登記事項,鋼筋混凝土造,83年5月16日,十三層,
RPPNMLKKIIIFFAV38DA,19,.16,見其他登記事項,鋼筋混凝土造,83年5月16日,十三層,
RPPNMLKKIIIFFAV38DA,19,.42,見其他登記事項,鋼筋混凝土造,83年5月16日,十三層,
RPPNMLKKIIIFFAV38DA,19,.34,見其他登記事項,鋼筋混凝土造,83年5月16日,十三層,
RPPNMLKKIIIFFAV38DA,19,.42,見其他登記事項,鋼筋混凝土造,83年5月16日,十三層,
RPPNMLKKIIIFFAV38DA,19,.34,見其他登記事項,鋼筋混凝土造,83年5月16日,十三層,
RPPNMLKKIIIFFAV38DA,19,.34,見其他登記事項,鋼筋混凝土造,83年5月16日,十三層,
RPPNMLKKIIIFFAV38DA,19,.42,見其他登記事項,鋼筋混凝土造,83年5月16日,十三層,
RPPNMLKKIIIFFAV38DA,19,.42,見其他登記事項,鋼筋混凝土造,83年5月16日,十三層,
RPPNMLKKIIIFFAV38DA,19,.34,見其他登記事項,鋼筋混凝土造,83年5月16日,十三層,
RPPNMLKKIIIFFAV38DA,19,.34,見其他登記事項,鋼筋混凝土造,83年5月16日,十三層,
RPPNMLKKIIIFFAV38DA,19,.42,見其他登記事項,鋼筋混凝土造,83年5月16日,十三層,
RPPNMLKKIIIFFAV38DA,19,.42,見其他登記事項,鋼筋混凝土造,83年5月16日,十三層,
RPPNMLKKIIIFFAV38DA,19,.34,見其他登記事項,鋼筋混凝土造,83年5月16日,十三層,
RPPNMLKKIIIFFAV38DA,19,.42,見其他登記事項,鋼筋混凝土造,83年5月16日,十三層,
RPPNMLKKIIIFFAV38DA,19,.34,見其他登記事項,鋼筋混凝土造,83年5月16日,十三層,
RPPNMLKKIIIFFAV38DA,19,.34,見其他登記事項,鋼筋混凝土造,83年5月16日,十三層,
RPPNMLKKIIIFFAV38DA,19,.42,見其他登記事項,鋼筋混凝土造,83年5月16日,十三層,
RPPNMLKKIIIFFAV38DA,19,.34,見其他登記事項,鋼筋混凝土造,83年5月16日,十三層,
RPPNMLKKIIIFFAV38DA,19,.42,見其他登記事項,鋼筋混凝土造,83年5月16日,十三層,
RPPNMLKKIIIFFAV38DA,19,.34,見其他登記事項,鋼筋混凝土造,83年5月16日,十三層,
RPPNMLKKIIIFFAV38DA,19,.42,見其他登記事項,鋼筋混凝土造,83年5月16日,十三層,
RPPNMLKKIIIFFAV38DA,19,.30,見其他登記事項,鋼筋混凝土造,83年5月16日,十三層,
RPPNMLKKIIIFFAV38DA,19,.30,見其他登記事項,鋼筋混凝土造,83年5月16日,十三層,
RPPNMLKKIIIFFAV38DA,19,.32,見其他登記事項,鋼筋混凝土造,83年5月16日,十三層,
RPPNMLKKIIIFFAV38DA,19,.38,見其他登記事項,鋼筋混凝土造,83年5月16日,十三層,
RPPNMLKKIIIFFAV38DA,19,.33,見其他登記事項,鋼筋混凝土造,83年5月16日,十三層,
RPXPMLQKIIIFFAV27CA,19,13.92,見其他登記事項,鋼筋混凝土造,83年5月16日,十三層,
RPXPMLQKIIIFFAV27CA,19,1.42,見其他登記事項,鋼筋混凝土造,83年5月16日,十三層,
RPXPMLQKIIIFFAV27CA,19,.94,見其他登記事項,鋼筋混凝土造,83年5月16日,十三層,
RPXPMLQKIIIFFAV27CA,19,.18,見其他登記事項,鋼筋混凝土造,83年5月16日,十三層,
RPXPMLQKIIIFFAV27CA,19,.66,見其他登記事項,鋼筋混凝土造,83年5月16日,十三層,
RPXPMLQKIIIFFAV27CA,19,.71,見其他登記事項,鋼筋混凝土造,83年5月16日,十三層,
RPXPMLQKIIIFFAV27CA,19,.18,見其他登記事項,鋼筋混凝土造,83年5月16日,十三層,
RPXPMLQKIIIFFAV27CA,19,.46,見其他登記事項,鋼筋混凝土造,83年5月16日,十三層,
RPXPMLQKIIIFFAV27CA,19,.37,見其他登記事項,鋼筋混凝土造,83年5月16日,十三層,
RPXPMLQKIIIFFAV27CA,19,.46,見其他登記事項,鋼筋混凝土造,83年5月16日,十三層,
RPXPMLQKIIIFFAV27CA,19,.37,見其他登記事項,鋼筋混凝土造,83年5月16日,十三層,
RPXPMLQKIIIFFAV27CA,19,.37,見其他登記事項,鋼筋混凝土造,83年5月16日,十三層,
RPXPMLQKIIIFFAV27CA,19,.46,見其他登記事項,鋼筋混凝土造,83年5月16日,十三層,
RPXPMLQKIIIFFAV27CA,19,.46,見其他登記事項,鋼筋混凝土造,83年5月16日,十三層,
RPXPMLQKIIIFFAV27CA,19,.37,見其他登記事項,鋼筋混凝土造,83年5月16日,十三層,
RPXPMLQKIIIFFAV27CA,19,.37,見其他登記事項,鋼筋混凝土造,83年5月16日,十三層,
RPXPMLQKIIIFFAV27CA,19,.46,見其他登記事項,鋼筋混凝土造,83年5月16日,十三層,
RPXPMLQKIIIFFAV27CA,19,.46,見其他登記事項,鋼筋混凝土造,83年5月16日,十三層,
RPXPMLQKIIIFFAV27CA,19,.37,見其他登記事項,鋼筋混凝土造,83年5月16日,十三層,
RPXPMLQKIIIFFAV27CA,19,.46,見其他登記事項,鋼筋混凝土造,83年5月16日,十三層,
RPXPMLQKIIIFFAV27CA,19,.37,見其他登記事項,鋼筋混凝土造,83年5月16日,十三層,
RPXPMLQKIIIFFAV27CA,19,.37,見其他登記事項,鋼筋混凝土造,83年5月16日,十三層,
RPXPMLQKIIIFFAV27CA,19,.46,見其他登記事項,鋼筋混凝土造,83年5月16日,十三層,
RPXPMLQKIIIFFAV27CA,19,.37,見其他登記事項,鋼筋混凝土造,83年5月16日,十三層,
RPXPMLQKIIIFFAV27CA,19,.46,見其他登記事項,鋼筋混凝土造,83年5月16日,十三層,
RPXPMLQKIIIFFAV27CA,19,.37,見其他登記事項,鋼筋混凝土造,83年5月16日,十三層,
RPXPMLQKIIIFFAV27CA,19,.46,見其他登記事項,鋼筋混凝土造,83年5月16日,十三層,
RPXPMLQKIIIFFAV27CA,19,.34,見其他登記事項,鋼筋混凝土造,83年5月16日,十三層,
RPXPMLQKIIIFFAV27CA,19,.34,見其他登記事項,鋼筋混凝土造,83年5月16日,十三層,
RPXPMLQKIIIFFAV27CA,19,.35,見其他登記事項,鋼筋混凝土造,83年5月16日,十三層,
RPXPMLQKIIIFFAV27CA,19,.43,見其他登記事項,鋼筋混凝土造,83年5月16日,十三層,
RPXPMLQKIIIFFAV27CA,19,.37,見其他登記事項,鋼筋混凝土造,83年5月16日,十三層,
RPXPMLQKIIIFFAV27CA,19,198.49,見其他登記事項,鋼筋混凝土造,83年5月16日,十三層,四層
RPUNMLTJIIIFFAV96CA,20,4.86,見其他登記事項,鋼筋混凝土造,82年5月19日,五層,
RPTNMLTJIIIFFAV86CA,19,109.58,見其他登記事項,鋼筋混凝土造,84年2月17日,八層,二層
RPUNMLTJIIIFFAV96CA,20,50.00,住家用,鋼筋混凝土造,82年5月19日,五層,二層
RPUNMLTJIIIFFAV96CA,20,1.89,見其他登記事項,鋼筋混凝土造,82年5月19日,五層,
RPTNMLTJIIIFFAV86CA,19,33.59,見其他登記事項,鋼筋混凝土造,84年2月17日,八層,
RPUNMLTJIIIFFAV96CA,20,2.42,見其他登記事項,鋼筋混凝土造,82年5月19日,五層,
RPTNMLTJIIIFFAV86CA,19,14.08,見其他登記事項,鋼筋混凝土造,84年2月17日,八層,
RPUNMLTJIIIFFAV96CA,20,.40,見其他登記事項,鋼筋混凝土造,82年5月19日,五層,
RPPNMLTJIIIFFAV09CA,14,126.75,住商用,鋼筋混凝土造,89年2月22日,四層,一層 二層 三層 四層 騎樓
RPQNMLTJIIIFFAV56CA,21,193.45,住商用,鋼造,82年3月27日,二層,一層 二層
RPSOMLQKIIIFFAV66CA,27,111.57,住家用,加強磚造,75年12月16日,二層,一層 二層 騎樓
RPPOMLOLIIIFFAV88CA,,224.86,住家用,見其他登記事項,102年7月19日,三層,一層 二層 三層
RPXNMLPJJIIFFAV96CA,19,218.58,見其他登記事項,鋼筋混凝土造,84年1月4日,七層,三層
RPXNMLPJJIIFFAV96CA,19,41.34,見其他登記事項,鋼筋混凝土造,84年1月4日,七層,
RPXNMLPJJIIFFAV96CA,19,51.09,見其他登記事項,鋼筋混凝土造,84年1月4日,七層,
RPRNMLTKIIIFFAV76CA,18,174.90,見其他登記事項,鋼筋混凝土造,85年1月10日,三層,一層 二層 三層
RPUNMLRJJIIFFAV96DA,16,67.85,見其他登記事項,鋼筋混凝土造,86年9月26日,五層,五層
RPUNMLRJJIIFFAV96DA,16,15.30,見其他登記事項,鋼筋混凝土造,86年9月26日,五層,
RPUNMLRJJIIFFAV96DA,16,4.64,見其他登記事項,鋼筋混凝土造,86年9月26日,五層,
RPPNMLKLIIIFFAV38CA,18,78.10,見其他登記事項,鋼筋混凝土造,84年6月1日,五層,二層
RPPNMLKLIIIFFAV38CA,18,9.16,見其他登記事項,鋼筋混凝土造,84年6月1日,五層,
RPPNMLKLIIIFFAV38CA,18,10.93,見其他登記事項,鋼筋混凝土造,84年6月1日,五層,
RPSNMLTJIIIFFAV76CA,22,179.33,住家用,鋼筋混凝土造,80年12月5日,三層,一層 二層 三層
RPRNMLTJIIIFFAV66CA,,232.41,住家用,見其他登記事項,102年7月23日,三層,一層 二層 三層
RPRNMLKKIIIFFAV48CA,32,153.21,住家用,加強磚造,71年2月21日,二層,一層 二層
RPOOMLLKIIIFFAV38CA,10,159.59,住家用,鋼筋混凝土造,92年9月17日,三層,一層 二層 三層
RPQOMLMLIIIFFAV78CA,32,54.60,住家用,鋼筋混凝土造,70年8月21日,二層,一層 二層
RPTNMLLLIIIFFAV88CA,20,97.78,住家用,鋼筋混凝土造,82年7月16日,七層,二層
RPTNMLLLIIIFFAV88CA,20,30.20,見其他登記事項,鋼筋混凝土造,82年7月16日,七層,
RPQOMLPKIIIFFAV98CA,36,97.02,住家用,見其他登記事項,66年6月16日,二層,二層 騎樓 一層
RPUNMLLLIIIFFAV98CA,18,102.27,國民住宅,鋼筋混凝土造,84年7月6日,四層,四層
RPUNMLLLIIIFFAV98CA,18,8.79,見其他登記事項,鋼筋混凝土造,84年7月6日,四層,
RPUNMLLLIIIFFAV98CA,18,.59,見其他登記事項,鋼筋混凝土造,84年7月6日,,
RPUNMLLLIIIFFAV98CA,18,.58,見其他登記事項,鋼筋混凝土造,84年7月6日,,
RPUNMLLLIIIFFAV98CA,18,1.45,見其他登記事項,鋼筋混凝土造,84年7月6日,四層,
RPUNMLLLIIIFFAV98CA,18,.59,見其他登記事項,鋼筋混凝土造,84年7月6日,,
RPSOMLPKIIIFFAV56CA,32,179.90,住家用,鋼筋混凝土造,70年6月23日,三層,一層 二層 三層 騎樓 地下一層
RPPNMLLKIIIFFCV68DA,31,132.93,住家用,加強磚造,72年1月8日,三層,一層 二層 三層 騎樓
RPPNMLMLIIIFFAV68DA,,71.62,住商用,見其他登記事項,,二層,一層 二層
RPRNMLPKIIIFFCV66DA,,215.56,見其他登記事項,鋼筋混凝土造,102年5月30日,三層,一層 二層 三層
RPROMLOLIIIFFAV09CA,,329.37,住家用,見其他登記事項,102年6月13日,四層,一層 二層 三層 四層
RPQOMLOLIIIFFAV98CA,,219.00,見其他登記事項,見其他登記事項,102年6月13日,三層,一層 二層 三層 騎樓
RPOOMLPLIIIFFAV88CA,19,109.58,見其他登記事項,鋼筋混凝土造,84年2月17日,八層,七層
RPUNMLPKIIIFFAV66CA,9,223.77,住家用,鋼筋混凝土造,93年9月2日,三層,三層 一層 二層
RPQNMLSJJIIFFAV56CA,,178.47,住家用,見其他登記事項,102年6月13日,三層,一層 二層 三層
RPRNMLSJJIIFFAV66CA,,179.17,住家用,見其他登記事項,102年6月13日,三層,一層 二層 三層
RPSNMLSJJIIFFAV76CA,,179.17,住家用,見其他登記事項,102年6月13日,三層,一層 二層 三層
RPTNMLSJJIIFFAV86CA,,179.17,住家用,見其他登記事項,102年6月13日,三層,一層 二層 三層
RPOOMLPKIIIFFAV78CA,21,130.39,住家用,加強磚造,81年11月11日,二層,一層 二層
RPPNMLQKIIIFFDV56CA,36,88.65,住家用,加強磚造,66年11月26日,二層,一層 二層 騎樓
RPVNMLRKIIIFFBV17DA,20,95.47,住家用,加強磚造,83年3月22日,二層,一層 二層 騎樓
RPXNMLRKIIIFFAV17CA,38,72.10,住家用,見其他登記事項,64年9月3日,二層,一層 二層
RPQNMLMLIIIFFDV98CA,19,34.45,見其他登記事項,鋼筋混凝土造,83年9月30日,八層,四層
RPQNMLMLIIIFFDV98CA,19,7.16,見其他登記事項,鋼筋混凝土造,83年9月30日,八層,
RPPOMLLLIIIFFAV58CA,4,192.72,住家用,見其他登記事項,99年3月9日,二層,一層 二層
RPVNMLOLIIIFFAV76CA,17,6.91,見其他登記事項,鋼筋混凝土造,85年6月28日,九層,
RPVNMLOLIIIFFAV76CA,17,4.10,見其他登記事項,鋼筋混凝土造,85年6月28日,九層,
RPVNMLOLIIIFFAV76CA,17,33.22,見其他登記事項,鋼筋混凝土造,85年6月28日,九層,六層
RPPNMLLLIIIFFAV48CA,20,35.04,見其他登記事項,鋼筋混凝土造,83年3月2日,五層,三層
RPQOMLQKIIIFFAV09CA,35,92.88,住家用,加強磚造,67年6月7日,二層,一層 二層
RPUNMLOLIIIFFAV66CA,51,88.60,住家用,見其他登記事項,51年10月7日,二層,一層 二層
SPVNMLOLIIIFFAV86CA,17,39.59,見其他登記事項,鋼筋混凝土造,85年6月28日,九層,
SPVNMLOLIIIFFAV86CA,17,.05,商業用,鋼筋混凝土造,85年6月28日,九層,
RPSNMLRKIIIFFAV76DA,19,152.59,住家用,鋼筋混凝土造,83年5月12日,三層,一層 二層 三層
RPWNMLSJJIIFFAV17CA,,314.41,住家用,見其他登記事項,102年8月22日,三層,一層 二層 三層
RPXNMLLMIIIFFAV76CA,,105.58,住家用,見其他登記事項,,二層,一層 二層 騎樓
RPPNMLRLIIIFFCV66CA,19,186.45,見其他登記事項,鋼筋混凝土造,83年12月28日,三層,一層 二層 三層 屋頂突出物 騎樓
RPQNMLLLIIIFFAV58CA,17,268.47,見其他登記事項,鋼筋混凝土造,85年11月21日,三層,三層 騎樓 一層 二層
RPQNMLOKJIIFFCV09CA,19,208.35,住家用,鋼筋混凝土造,83年6月1日,三層,一層 二層 三層 騎樓
RPPOMLRKIIIFFAV09CA,,232.41,住家用,見其他登記事項,102年7月23日,三層,一層 二層 三層
RPOOMLOLIIIFFAV78CA,,216.00,住家用,見其他登記事項,102年7月19日,三層,一層 二層 三層
RPROMLLLIIIFFAV78CA,12,304.72,住家用,鋼筋混凝土造,90年4月11日,四層,一層 二層 三層 四層
RPPNMLNLIIIFFAV68CA,18,5.94,見其他登記事項,鋼筋混凝土造,85年1月10日,三層,
RPPNMLNLIIIFFAV68CA,18,46.17,商業用,鋼筋混凝土造,85年1月10日,三層,一層 騎樓
RPSNMLNLIIIFFAV09DA,19,193.88,住家用,鋼筋混凝土造,83年12月12日,三層,一層 二層 三層
RPTNMLNLIIIFFAV56DA,,226.40,見其他登記事項,見其他登記事項,102年8月5日,三層,一層 二層 三層 屋頂突出物
RPOOMLMLIIIFFAV58CA,27,112.23,住家用,加強磚造,75年10月27日,二層,一層 二層 騎樓
RPQNMLMLIIIFFCV98DA,31,98.66,住家用,加強磚造,71年10月26日,二層,一層 二層 騎樓
RPVNMLMLIIIFFAV66DA,17,33.12,見其他登記事項,鋼筋混凝土造,85年6月28日,九層,六層
RPVNMLMLIIIFFAV66DA,17,6.91,見其他登記事項,鋼筋混凝土造,85年6月28日,九層,
RPVNMLMLIIIFFAV66DA,17,4.10,見其他登記事項,鋼筋混凝土造,85年6月28日,九層,
RPTNMLMLIIIFFAV98CA,19,24.52,見其他登記事項,鋼筋混凝土造,83年4月19日,十四層,
RPTNMLMLIIIFFAV98CA,19,87.17,見其他登記事項,鋼筋混凝土造,83年4月19日,十四層,十三層
RPRNMLMLIIIFFAV78CA,20,114.62,國民住宅,鋼筋混凝土造,82年12月3日,四層,三層
RPSNMLMLIIIFFAV88CA,36,43.13,住家用,見其他登記事項,66年9月8日,一層,一層 騎樓
RPPNMLPJJIIFFAV78CA,,202.83,住家用,見其他登記事項,102年5月29日,三層,一層 二層 三層 屋頂突出物
RPRNMLOLIIIFFCV66DA,19,160.83,見其他登記事項,加強磚造,83年7月25日,一層,
RPQNMLSLIIIFFAV76DA,8,159.90,住家用,見其他登記事項,94年10月6日,三層,一層 二層 三層
RPPNMLOLIIIFFAV78CA,36,79.84,住家用,見其他登記事項,66年4月25日,二層,一層 二層 夾層
RPQNMLPLIIIFFAV98CA,33,103.52,住家用,鋼筋混凝土加強磚造,69年9月8日,二層,一層 二層
RPTNMLOLIIIFFAV56CA,37,86.90,住家用,見其他登記事項,66年4月4日,二層,一層 二層
RPVNMLPLIIIFFAV86CA,18,9.16,見其他登記事項,鋼筋混凝土造,84年6月1日,五層,
RPVNMLPLIIIFFAV86CA,18,10.93,見其他登記事項,鋼筋混凝土造,84年6月1日,五層,
RPVNMLPLIIIFFAV86CA,18,78.10,見其他登記事項,鋼筋混凝土造,84年6月1日,五層,四層
RPWNMLSLIIIFFAV27CA,,304.13,住家用,見其他登記事項,102年8月22日,三層,一層 二層 三層
RPRNMLKMIIIFFBV78CA,28,102.33,見其他登記事項,加強磚造,74年9月11日,二層,一層 二層
RPXNMLLJJIIFFAV56CA,3,221.98,住家用,鋼筋混凝土造,99年9月30日,三層,一層 二層 三層
RPPNMLMJJIIFFAV48CA,16,141.83,住家用,加強磚造,86年8月14日,二層,一層 二層
RPTNMLTLIIIFFAV17DA,7,250.89,見其他登記事項,見其他登記事項,95年9月25日,三層,一層 二層 三層
RPUNMLTLIIIFFAV27DA,7,250.89,見其他登記事項,見其他登記事項,95年9月25日,三層,一層 二層 三層
RPVNMLTLIIIFFAV37DA,7,250.89,見其他登記事項,見其他登記事項,95年9月25日,三層,三層 一層 二層
RPSNMLTLIIIFFAV96CA,32,164.85,住家用,加強磚造,70年12月26日,二層,二層 地下層 一層
RPWNMLLJJIIFFAV09CA,8,225.54,住家用,鋼筋混凝土造,94年5月18日,三層,一層 二層 三層
RPTOMLSJJIIFFAV96CA,,216.16,住家用,見其他登記事項,102年8月5日,三層,一層 二層 三層
RPRNMLTLIIIFFAV86CA,32,92.40,住家用,加強磚造,70年12月26日,二層,一層 二層
RPQNMLKMIIIFFAV58CA,,204.63,住家用,見其他登記事項,102年4月19日,三層,一層 二層 三層
RPVNMLSLIIIFFAV17CA,33,96.30,住家用,加強磚造,69年4月21日,二層,一層 二層
RPRNMLSKJIIFFAV76CA,19,109.58,見其他登記事項,鋼筋混凝土造,84年2月17日,八層,五層
RPPNMLNKJIIFFBV78CA,38,254.77,商業用,見其他登記事項,64年11月1日,一層,一層 騎樓
RPQNMLLMIIIFFAV78DA,33,121.80,住家用,鋼筋混凝土加強磚造,69年12月26日,二層,一層 二層 騎樓
RPQNMLLMIIIFFAV78DA,33,44.11,住家用,鋼筋混凝土加強磚造,69年12月27日,三層,三層
RPQNMLKMIIIFFDV88CA,32,112.31,住家用,加強磚造,71年2月27日,二層,一層 二層 騎樓
RPOOMLLMIIIFFAV58CA,38,226.32,住家用,見其他登記事項,64年8月12日,三層,騎樓 地下層 一層 二層 三層
RPVNMLLJJIIFFAV98CA,18,73.40,見其他登記事項,鋼筋混凝土造,85年3月26日,八層,三層
RPVNMLLJJIIFFAV98CA,18,8.44,見其他登記事項,鋼筋混凝土造,85年3月26日,八層,
RPVNMLLJJIIFFAV98CA,18,12.89,見其他登記事項,鋼筋混凝土造,85年3月26日,八層,
RPWNMLQJJIIFFAV96CA,,211.43,住家用,見其他登記事項,102年5月27日,三層,一層 二層 三層 屋頂突出物
RPPNMLOJJIIFFAV68CA,18,167.23,住家用,鋼筋混凝土造,85年2月16日,三層,一層 二層 三層
RPWNMLPJJIIFFAV86CA,,241.48,住家用,見其他登記事項,102年5月29日,三層,一層 二層 三層
RPTNMLLMIIIFFAV98CA,18,134.12,見其他登記事項,鋼筋混凝土造,84年5月18日,三層,一層 二層 三層
RPPOMLLMIIIFFAV68CA,31,93.41,國民住宅,鋼筋混凝土造,72年2月22日,四層,二層
RPUNMLLMIIIFFAV09CA,,254.97,住家用,見其他登記事項,102年9月2日,三層,一層 二層 三層 屋頂突出物
RPRNMLLJJIIFFAV58CA,21,149.59,見其他登記事項,鋼筋混凝土造,82年1月21日,三層,一層 二層 三層
RPPNMLLJJIIFFAV38CA,6,208.00,住家用,見其他登記事項,97年2月15日,三層,一層 二層 三層
RPSNMLLKJIIFFBV98DA,25,112.45,住家用,加強磚造,77年10月22日,二層,一層 二層
RPTNMLLJJIIFFAV88DA,28,90.93,住家用,加強磚造,74年9月2日,二層,一層 二層
RPSNMLKLJIIFFBV98DA,,73.06,,,,,
RPPNMLMJKIIFFCV88DA,9,99.65,見其他登記事項,鋼筋混凝土造,94年1月21日,六層,六層
RPPNMLMJKIIFFCV88DA,9,4.38,見其他登記事項,鋼筋混凝土造,94年1月21日,一層,
RPPNMLMJKIIFFCV88DA,9,14.48,見其他登記事項,鋼筋混凝土造,94年1月21日,八層,
RPUNMLLJJIIFFAV88CA,35,105.93,住家用,加強磚造,67年12月26日,二層,一層 二層 騎樓
RPVNMLTKJIIFFAV27CA,30,112.68,住家用,加強磚造,73年2月29日,二層,一層 二層 騎樓
RPROMLMLJIIFFAV98CA,1,255.11,住家用,見其他登記事項,102年3月20日,三層,一層 二層 三層 見其他登記事項
RPTNMLSLJIIFFAV07CA,41,46.27,住家用,見其他登記事項,62年1月16日,一層,一層 騎樓
