﻿編號,屋齡,建物移轉面積平方公尺,主要用途,主要建材,建築完成日期,總層數,建物分層
The serial number,room age,building shifting area square meter,the main use,main building materials,construction completes the date,total layer,building lamination
RPROMLOKJIMFFAD87CC,16,246.43,見其他登記事項,鋼筋混凝土構造,91年5月10日,四層,
RPXNMLPKJIMFFKD86CC,23,49.34,見其他登記事項,鋼筋混凝土造,84年3月31日,十五層,
RPXOMLQKJIMFFAD68CC,36,183.08,住商用,鋼筋混凝土構造,70年12月14日,四層,
RPQNMLTKJIMFFAD18CC,22,140.70,住商用,鋼筋混凝土構造,84年7月29日,十七層,
RPSNMLPKJIMFFCD18CC,45,86.82,住家用,加強磚造,61年11月5日,二層,
RPPOMLRKJIMFFAD97CC,20,43.41,住商用,鋼筋混凝土造,87年1月17日,四層,
RPRNMLRKJIMFFAD08CC,1,97.50,見其他登記事項,見其他登記事項,105年10月26日,十八層,
RPRNMLRKJIMFFAD08CC,1,54.95,見其他登記事項,見其他登記事項,105年10月26日,十八層,
RPRNMLRKJIMFFAD08CC,1,22.53,見其他登記事項,見其他登記事項,105年10月26日,十八層,
RPTNMLKLJIMFFAD67CC,11,53.68,見其他登記事項,見其他登記事項,95年11月29日,十三層,
RPQOMLNKJIMFFCD87CC,10,28.26,住家用,鋼筋混凝土構造,97年2月29日,十四層,
RPQOMLNKJIMFFCD87CC,10,6.99,共有部分,鋼筋混凝土構造,97年2月29日,十四層,
RPQOMLNKJIMFFCD87CC,10,8.41,共有部分,鋼筋混凝土構造,97年2月29日,十四層,
RPTNMLKLJIMFFCD87CC,38,74.13,住家用,鋼筋混凝土構造,68年5月17日,五層,
RPPPMLQKJIMFFCD18CC,31,113.82,住家用,鋼筋混凝土構造,75年8月22日,二層,
RPPNMLQKJIMFFCD97CC,27,388.70,商業用,鋼筋混凝土構造,80年3月22日,十一層,
RPTOMLKLJIMFFCD97CC,10,21.70,住家用,鋼筋混凝土構造,97年2月29日,十四層,
RPTOMLKLJIMFFCD97CC,10,31.18,共有部分,鋼筋混凝土構造,97年2月29日,十四層,
RPTOMLKLJIMFFCD97CC,10,7.11,共有部分,鋼筋混凝土構造,97年2月29日,十四層,
RPRNMLKLJIMFFCD67CC,39,133.21,住家用,鋼筋混凝土構造,68年4月17日,三層,
RPVOMLOKJIMFFCD48CC,22,141.37,住家用,鋼筋混凝土構造,84年12月27日,十六層,
RPUNMLKLJIMFFKD78CC,36,86.99,住家用,加強磚造,70年11月10日,二層,
RPTNMLLLJIMFFCD97CC,23,65.95,住家用,鋼筋混凝土構造,83年12月16日,十六層,
RPTNMLLLJIMFFCD97CC,23,20.16,共有部分,鋼筋混凝土構造,83年12月16日,十六層,
RPTNMLLLJIMFFCD97CC,23,13.40,共有部分,鋼筋混凝土構造,83年12月16日,十六層,
RPQPMLMLJIMFFAD77CC,18,126.21,見其他登記事項,鋼筋混凝土造,89年4月6日,二十三層,
RPUPMLLLJIMFFCD28CC,10,21.70,住家用,鋼筋混凝土構造,97年2月29日,十四層,
RPUPMLLLJIMFFCD28CC,10,5.39,共有部分,鋼筋混凝土構造,97年2月29日,十四層,
RPUPMLLLJIMFFCD28CC,10,7.11,共有部分,鋼筋混凝土構造,97年2月29日,十四層,
RPRPMLMLJIMFFAD87CC,4,196.35,住家用,見其他登記事項,102年12月13日,三層,
RPUNMLLLJIMFFKD88CC,31,54.27,住商用,加強磚造,75年7月22日,二層,
RPPOMLNLJIMFFAD67CC,36,72.67,住家用,鋼筋混凝土造,71年2月24日,五層,
RPTNMLMLJIMFFHD58CC,23,57.78,住家用,鋼筋混凝土造,83年6月25日,七層,
RPRNMLKLJIMFFHD18CC,28,365.06,見其他登記事項,鋼筋混凝土加強磚造,78年7月12日,二層,
RPRNMLKLJIMFFHD18CC,30,106.43,見其他登記事項,鋼筋混凝土造,77年5月10日,三層,
RPXPMLNLJIMFFAD58CC,13,82.57,見其他登記事項,鋼筋混凝土造,93年12月3日,八層,
RPQNMLKLJIMFFDD67CC,42,130.83,住商用,加強磚造,64年11月1日,三層,
RPXNMLOLJIMFFAD48CC,27,233.96,住商用,鋼筋混凝土構造,79年11月8日,四層,
RPROMLOLJIMFFAD97CC,21,26.34,住家用,鋼筋混凝土造,85年9月11日,七層,
RPROMLOLJIMFFAD97CC,21,5.27,共有部分,鋼筋混凝土造,85年9月11日,七層,
RPROMLOLJIMFFAD97CC,21,5.09,共有部分,鋼筋混凝土造,85年9月11日,七層,
RPQOMLOLJIMFFAD87CC,34,139.39,住家用,鋼筋混凝土造,72年12月10日,七層,
RPQOMLOLJIMFFAD87CC,34,20.91,共有部分,鋼筋混凝土造,72年12月10日,七層,
RPUNMLOLJIMFFAD18CC,40,28.23,住家用,鋼筋混凝土造,66年12月2日,七層,
RPUNMLOLJIMFFAD18CC,40,6.14,共有部分,鋼筋混凝土造,66年12月2日,七層,
RPUOMLOLJIMFFAD28CC,1,84.93,見其他登記事項,見其他登記事項,106年1月24日,二十層,
RPUOMLOLJIMFFAD28CC,1,67.66,見其他登記事項,見其他登記事項,106年1月24日,二十六層,
RPSOMLOLJIMFFAD08CC,1,87.14,見其他登記事項,見其他登記事項,106年3月7日,十五層,
RPSOMLOLJIMFFAD08CC,1,58.85,見其他登記事項,見其他登記事項,106年3月7日,十五層,
RPSNMLNLJIMFFKD88CC,12,195.72,住家用,鋼筋混凝土構造,95年3月6日,四層,
RPTNMLLLJIMFFKD78CC,4,38.92,見其他登記事項,見其他登記事項,102年12月10日,一層,
RPTNMLPLJIMFFAD18CC,22,274.33,住商用,鋼筋混凝土構造,84年6月15日,五層,
RPVOMLOLJIMFFAD38CC,24,23.14,住商用,鋼筋混凝土造,83年2月22日,四層,
RPXOMLOLJIMFFAD58CC,11,129.42,見其他登記事項,見其他登記事項,95年5月19日,四層,
RPUNMLMLJIMFFID78CC,4,45.91,見其他登記事項,鋼筋混凝土造,103年3月14日,四層,
RPQQMLLLJIMFFBD87CC,35,103.83,住商用,加強磚造,72年5月3日,二層,
RPUNMLSLJIMFFID76CC,39,102.10,住家用,加強磚造,67年8月16日,二層,
RPTOMLOLJIMFFCD38CC,23,144.26,住商用,鋼筋混凝土構造,84年3月2日,七層,
RPTOMLOLJIMFFCD38CC,23,14.17,共有部分,鋼筋混凝土構造,84年3月2日,七層,
RPTOMLOLJIMFFCD38CC,23,24.04,共有部分,鋼筋混凝土構造,84年3月2日,七層,
RPUOMLOLJIMFFCD48CC,36,275.71,住商用,鋼筋混凝土造,70年5月15日,四層,
RPPNMLQLJIMFFCD08CC,19,160.14,見其他登記事項,鋼筋混凝土造,88年3月2日,四層,
RPPNMLQLJIMFFCD08CC,19,25.38,見其他登記事項,鋼筋混凝土造,88年3月2日,四層,
RPTOMLOLJIMFFKD56CC,28,118.56,住家用,鋼筋混凝土造,78年10月30日,六層,
RPTOMLOLJIMFFKD56CC,28,13.67,共有部分,鋼筋混凝土造,78年10月30日,六層,
RPUPMLRLJIMFFKD07CC,2,161.25,住家用,見其他登記事項,105年5月12日,二十層,
RPUOMLSLJIMFFAD68CC,28,194.50,住家用,鋼筋混凝土構造,79年4月26日,四層,
RPTOMLSLJIMFFAD58CC,29,64.42,住家用,鋼筋混凝土造,78年3月14日,五層,
RPTOMLSLJIMFFAD58CC,29,35.42,共有部分,鋼筋混凝土造,78年3月14日,五層,
RPROMLSLJIMFFAD38CC,1,56.75,見其他登記事項,見其他登記事項,106年1月24日,二十六層,
RPROMLSLJIMFFAD38CC,1,27.29,見其他登記事項,見其他登記事項,106年1月24日,二十六層,
RPPOMLSLJIMFFAD18CC,32,66.11,住商用,鋼筋混凝土造,74年11月19日,三層,
RPVNMLSLJIMFFCD88CC,47,59.50,住家用,加強磚造,59年10月24日,二層,
RPTOMLSLJIMFFCD78CC,31,428.99,見其他登記事項,鋼筋混凝土造,75年10月30日,五層,
RPUNMLSLJIMFFCD78CC,47,59.50,住家用,加強磚造,59年10月24日,二層,
RPOOMLSLJIMFFCD28CC,45,157.18,住家用,加強磚造,62年1月8日,二層,
RPQNMLSLJIMFFCD38CC,37,98.10,住商用,鋼筋混凝土造,70年3月17日,三層,
RPXOMLSLJIMFFAD98CC,40,183.45,住家用,鋼筋混凝土構造,67年2月16日,四層,
RPVOMLSLJIMFFCD98CC,35,29.75,住商用,鋼筋混凝土構造,72年3月5日,四層,
RPROMLTLJIMFFAD48CC,22,47.91,住家用,鋼筋混凝土造,84年7月29日,十七層,
RPSOMLTLJIMFFAD58CC,14,109.78,見其他登記事項,鋼筋混凝土造,92年9月16日,十四層,
RPSOMLTLJIMFFAD58CC,14,38.25,見其他登記事項,鋼筋混凝土造,92年9月16日,十四層,
RPSOMLTLJIMFFAD58CC,14,20.80,見其他登記事項,鋼筋混凝土造,92年9月16日,十四層,
RPQPMLSLJIMFFAD38CC,4,61.18,見其他登記事項,見其他登記事項,102年11月25日,十四層,
RPQPMLSLJIMFFAD38CC,4,46.92,見其他登記事項,見其他登記事項,102年11月25日,十四層,
RPQPMLSLJIMFFAD38CC,4,14.32,見其他登記事項,見其他登記事項,102年11月25日,十四層,
RPTOMLTLJIMFFAD68CC,,46.00,住家用,磚造,,一層,
RPXOMLTLJIMFFAD09CC,1,57.26,見其他登記事項,見其他登記事項,105年6月4日,二十七層,
RPXOMLTLJIMFFAD09CC,1,44.59,見其他登記事項,見其他登記事項,105年6月4日,二十七層,
RPXOMLTLJIMFFAD09CC,1,14.85,見其他登記事項,見其他登記事項,105年6月4日,二十七層,
RPWPMLTLJIMFFCD66CC,35,71.12,住家用,鋼筋混凝土構造,71年10月29日,五層,
RPWPMLTLJIMFFCD66CC,35,17.13,共有部分,鋼筋混凝土構造,71年10月29日,五層,
RPTQMLTLJIMFFCD09CC,46,65.74,住家用,加強磚造,60年12月1日,二層,
RPQOMLKMJIMFFCD77CC,10,27.58,住家用,鋼筋混凝土造,97年2月29日,十四層,
RPQOMLKMJIMFFCD77CC,10,6.80,共有部份,鋼筋混凝土造,97年2月29日,十四層,
RPQOMLKMJIMFFCD77CC,10,9.00,共有部份,鋼筋混凝土造,97年2月29日,十四層,
RPSNMLKMJIMFFAD67CC,19,52.09,見其他登記事項,鋼筋混凝土造,88年2月11日,二十四層,
RPSNMLKMJIMFFAD67CC,19,10.88,共有部分,鋼筋混凝土造,88年2月11日,二十四層,
RPSNMLKMJIMFFAD67CC,19,18.75,共有部分,鋼筋混凝土造,88年2月11日,二十四層,
RPSNMLKMJIMFFAD67CC,19,4.13,共有部分,鋼筋混凝土造,88年2月11日,二十四層,
RPTNMLKMJIMFFAD77CC,26,109.82,住家用,鋼筋混凝土造,80年6月12日,六層,
RPVOMLKMJIMFFCD28CC,24,53.12,商業用,鋼筋混凝土造,82年12月16日,十二層,
RPTNMLKMJIMFFAD77CC,26,35.51,共有部分,鋼筋混凝土造,80年6月12日,六層,
RPRNMLLJKIMFFAD47CC,85,106.82,住商用,磚造,22年1月1日,二層,
RPXPMLKMJIMFFAD38CC,25,65.13,住家用,鋼筋混凝土造,82年2月27日,六層,
RPWNMLTLJIMFFID07CC,24,94.88,住家用,鋼筋混凝土造,83年2月25日,七層,
RPWNMLTLJIMFFID07CC,24,29.53,共有部分,鋼筋混凝土造,83年2月25日,七層,
RPPNMLNJKIMFFAD47CC,35,341.34,住商用,鋼筋混凝土構造,72年1月27日,三層,
RPPOMLTLJIMFFID09CC,24,94.88,住家用,鋼筋混凝土造,83年2月25日,七層,
RPPOMLTLJIMFFID09CC,24,29.53,共有部分,鋼筋混凝土造,83年2月25日,七層,
RPOOMLTLJIMFFID98CC,9,2143.78,工業用,見其他登記事項,97年12月12日,四層,
RPUNMLTLJIMFFKD07CC,1,110.10,住家用,見其他登記事項,105年10月26日,二十三層,
RPTOMLTLJIMFFKD07CC,26,277.92,見其他登記事項,鋼筋混凝土造,81年5月19日,二十二層,
RPSNMLLJKIMFFKD58CC,23,137.63,住家用,鋼筋混凝土造,83年9月10日,七層,
RPPNMLOJKIMFFKD58CC,23,51.89,見其他登記事項,鋼筋混凝土造,83年10月6日,十二層,
RPPOMLOJKIMFFCD87CC,10,29.75,住家用,鋼筋混凝土構造,97年2月29日,十四層,
RPPOMLOJKIMFFCD87CC,10,7.42,共有部分,鋼筋混凝土構造,97年2月29日,十四層,
RPPOMLOJKIMFFCD87CC,10,9.69,共有部分,鋼筋混凝土構造,97年2月29日,十四層,
RPROMLOJKIMFFCD08CC,55,73.77,住家用,磚造,52年1月1日,二層,
RPRNMLKMJIMFFKD58CC,25,151.60,住家用,鋼筋混凝土構造,82年5月13日,三層,
RPXNMLTLJIMFFKD37CC,18,35.99,住家用,鋼筋混凝土造,88年8月24日,十四層,
RPOOMLPJKIMFFKD68CC,26,90.18,住家用,鋼筋混凝土造,81年1月6日,十層,
RPOOMLPJKIMFFKD68CC,26,24.54,共有部分,鋼筋混凝土造,81年1月6日,十層,
RPVNMLPJKIMFFCD48CC,29,67.68,住商用,鋼筋混凝土構造,78年3月18日,五層,
RPOOMLTLJIMFFKD56CC,20,81.78,住家用,鋼筋混凝土造,86年9月26日,十一層,
RPVOMLQJKIMFFAD48CC,,98.12,商業用,磚造,,二層,
RPUOMLQJKIMFFAD38CC,11,132.33,見其他登記事項,見其他登記事項,95年10月1日,十四層,
RPPPMLQJKIMFFCD18CC,26,348.60,住商用,鋼筋混凝土構造,80年6月20日,二十層,
RPQOMLRJKIMFFCD28CC,30,208.35,住家用,鋼筋混凝土構造,76年10月20日,五層,
RPQNMLQJKIMFFKD98DC,22,249.04,住商用,鋼筋混凝土構造,84年12月5日,四層,
RPWNMLQJKIMFFHD56CC,37,108.82,住商用,加強磚造,69年6月16日,二層,
RPUOMLRJKIMFFCD68CC,27,271.79,住商用,鋼筋混凝土構造,79年7月7日,四層,
RPTOMLRJKIMFFCD58CC,21,145.10,住商用,鋼筋混凝土構造,86年5月8日,十六層,
RPTOMLRJKIMFFCD58CC,21,15.06,共有部分,鋼筋混凝土構造,86年5月8日,十六層,
RPTOMLRJKIMFFCD58CC,21,4.60,共有部分,鋼筋混凝土構造,86年5月8日,十六層,
RPUNMLPJKIMFFAD18CC,3,95.45,見其他登記事項,見其他登記事項,103年8月26日,一層,
RPOOMLSJKIMFFCD18CC,10,20.14,住家用,鋼筋混凝土構造,97年2月29日,十四層,
RPOOMLSJKIMFFCD18CC,10,5.03,共有部分,鋼筋混凝土構造,97年2月29日,十四層,
RPOOMLSJKIMFFCD18CC,10,6.58,共有部分,鋼筋混凝土構造,97年2月29日,十四層,
RPVOMLRJKIMFFAD58CC,10,21.16,見其他登記事項,見其他登記事項,96年8月24日,十四層,
RPPOMLSJKIMFFCD28CC,10,22.74,住家用,鋼筋混凝土構造,97年2月29日,十四層,
RPPOMLSJKIMFFCD28CC,10,5.65,共有部分,鋼筋混凝土構造,97年2月29日,十四層,
RPPOMLSJKIMFFCD28CC,10,6.73,共有部分,鋼筋混凝土構造,97年2月29日,十四層,
RPTNMLRJKIMFFBD38CC,1,131.93,商業用,見其他登記事項,106年4月13日,一層,
RPPNMLTJKIMFFKD09CC,26,277.89,見其他登記事項,鋼筋混凝土造,81年5月19日,二十二層,
RPVNMLRJKIMFFBD58CC,1,158.68,商業用,見其他登記事項,106年4月13日,一層,
RPSNMLRJKIMFFBD28CC,1,130.15,商業用,見其他登記事項,106年4月13日,一層,
RPUNMLRJKIMFFBD48CC,1,131.93,商業用,見其他登記事項,106年4月13日,一層,
RPPNMLKKKIMFFAD27CC,10,21.16,見其他登記事項,見其他登記事項,96年8月24日,十四層,
RPSNMLLKKIMFFAD67CC,77,140.43,住商用,磚造,30年1月1日,二層,
RPQNMLKKKIMFFAD37CC,10,21.16,見其他登記事項,見其他登記事項,96年8月24日,十四層,
RPXNMLLKKIMFFAD18CC,23,78.37,住家用,鋼筋混凝土造,84年1月4日,二十五層,
RPVNMLLKKIMFFAD97CC,1,138.63,見其他登記事項,見其他登記事項,106年1月24日,二十層,
RPQNMLLKKIMFFCD67CC,41,182.23,住商用,鋼筋混凝土構造,65年12月1日,四層,
RPSOMLLKKIMFFAD77CC,44,44.46,住家用,加強磚造,63年5月8日,二層,
RPQNMLMKKIMFFAD57CC,35,55.78,住家用,鋼筋混凝土造,72年4月6日,四層,
RPQNMLNKKIMFFDD97CC,27,121.94,住商用,鋼筋混凝土構造,79年12月20日,三層,
RPPNMLNKKIMFFBD67CC,14,170.87,見其他登記事項,鋼筋混凝土構造,92年10月3日,四層,
RPTNMLNKKIMFFCD18CC,30,17.00,住商用,鋼筋混凝土構造,76年6月15日,四層,
RPUNMLNKKIMFFCD28CC,28,144.07,見其他登記事項,鋼筋混凝土構造,79年3月10日,六層,
RPRNMLNKKIMFFID58CC,5,224.62,住家用,鋼筋混凝土構造,101年6月22日,四層,
RPVNMLNKKIMFFKD56CC,35,89.77,住商用,加強磚造,71年12月4日,二層,
RPVNMLNKKIMFFKD56CC,35,5.85,住商用,加強磚造,71年12月4日,二層,
RPXNMLNKKIMFFCD58CC,10,253.71,見其他登記事項,鋼筋混凝土構造,96年5月25日,四層,
RPOOMLNKKIMFFCD77CC,29,123.76,住家用,鋼筋混凝土構造,78年3月28日,二層,
RPWOMLNKKIMFFCD58CC,27,234.76,商業用,鋼筋混凝土構造,80年3月22日,十一層,
RPVOMLOKKIMFFCD58CC,22,23.22,住家用,鋼筋混凝土構造,84年11月6日,二十層,
RPVOMLOKKIMFFCD58CC,22,4.89,共有部分,鋼筋混凝土構造,84年11月6日,二十層,
RPVOMLOKKIMFFCD58CC,22,6.22,共有部分,鋼筋混凝土構造,84年11月6日,二十層,
RPUQMLNKKIMFFCD58CC,23,107.12,住家用,鋼筋混凝土構造,84年1月6日,二十五層,
RPROMLNKKIMFFKD88CC,28,804.53,,鋼筋混凝土構造,78年11月4日,五層,
RPSOMLNKKIMFFKD98CC,42,112.04,住家用,加強磚造,64年11月17日,二層,
RPVOMLNKKIMFFKD66CC,11,257.10,住商用,鋼筋混凝土構造,95年12月27日,四層,
RPTOMLNKKIMFFKD09CC,4,234.29,見其他登記事項,見其他登記事項,102年10月30日,四層,
RPWNMLPKKIMFFDD78CC,,116.84,住家用,磚造,,二層,
RPQNMLQKKIMFFAD97CC,33,91.84,住家用,鋼筋混凝土造,73年7月2日,五層,
RPTOMLPKKIMFFCD48CC,18,96.22,住家用,鋼筋混凝土構造,89年1月15日,十三層,
RPQNMLQKKIMFFDD28CC,41,96.61,住家用,見其他登記事項,65年7月1日,一層,
RPSNMLSKKIMFFAD38CC,18,162.74,見其他登記事項,鋼筋混凝土造,88年7月30日,十層,
RPOOMLSKKIMFFKD09CC,37,94.36,住商用,加強磚造,70年2月13日,二層,
RPPOMLSKKIMFFAD18CC,11,65.66,見其他登記事項,見其他登記事項,95年10月1日,十四層,
RPPOMLSKKIMFFAD18CC,11,12.42,共有部分,見其他登記事項,95年10月1日,十四層,
RPPOMLSKKIMFFAD18CC,11,15.90,共有部分,見其他登記事項,95年10月1日,十四層,
RPRNMLTKKIMFFCD58CC,27,239.99,見其他登記事項,鋼筋混凝土構造,79年6月27日,六層,
RPRNMLTKKIMFFCD58CC,27,239.99,見其他登記事項,鋼筋混凝土構造,79年6月27日,六層,
RPSNMLTKKIMFFAD48CC,27,206.86,住家用,鋼筋混凝土構造,80年1月22日,三層,
RPROMLKLKIMFFCD87CC,29,20.88,住家用,鋼筋混凝土構造,78年2月25日,二層,
RPROMLKLKIMFFCD87CC,27,5.75,共有部分,鋼筋混凝土構造,80年1月9日,五層,
RPUOMLKLKIMFFCD18CC,24,154.18,住商用,見其他登記事項,82年7月5日,二層,
RPPNMLQKKIMFFDD18CC,23,31.39,商業用,鋼筋混凝土造,83年12月14日,七層,
RPROMLKLKIMFFAD67CC,24,13.22,住商用,鋼筋混凝土造,82年9月25日,五層,
RPQPMLKLKIMFFAD67CC,22,47.48,住家用,鋼筋混凝土造,84年7月25日,十五層,
RPQPMLKLKIMFFAD67CC,22,4.14,共有部分,鋼筋混凝土造,84年7月25日,十五層,
RPQPMLKLKIMFFAD67CC,22,8.87,共有部分,鋼筋混凝土造,84年7月25日,十五層,
RPOQMLKLKIMFFAD57CC,37,28.54,住家用,鋼筋混凝土造,70年6月2日,七層,
RPOQMLKLKIMFFAD57CC,37,9.13,共有部分,鋼筋混凝土造,70年6月2日,七層,
RPXPMLKLKIMFFAD38CC,1,58.34,見其他登記事項,見其他登記事項,106年1月24日,二十層,
RPXPMLKLKIMFFAD38CC,1,54.58,見其他登記事項,見其他登記事項,106年1月24日,二十六層,
RPVNMLKLKIMFFID78CC,23,110.76,住商用,鋼筋混凝土造,83年6月8日,十一層,
RPSNMLQKKIMFFDD48CC,26,42.17,住家用,鋼筋混凝土造,80年10月22日,六層,
RPUNMLKLKIMFFKD88CC,23,86.01,住家用,鋼筋混凝土造,83年12月16日,九層,
RPUNMLKLKIMFFKD88CC,23,53.51,共有部分,鋼筋混凝土造,83年12月16日,九層,
RPPQMLKLKIMFFAD67CC,1,84.33,見其他登記事項,見其他登記事項,106年1月24日,二十六層,
RPPQMLKLKIMFFAD67CC,1,71.40,見其他登記事項,見其他登記事項,106年1月24日,二十六層,
RPSOMLKLKIMFFKD78CC,35,87.32,住家用,鋼筋混凝土造,71年12月31日,五層,
RPSOMLKLKIMFFKD78CC,35,7.25,共有部分,鋼筋混凝土造,71年12月31日,五層,
RPSOMLKLKIMFFKD78CC,35,7.80,共有部分,鋼筋混凝土造,71年12月31日,五層,
RPPNMLLLKIMFFAD47CC,20,124.18,住家用,鋼筋混凝土造,86年10月21日,二十二層,
RPPNMLLLKIMFFAD47CC,20,61.44,共有部分,鋼筋混凝土造,86年10月21日,二十二層,
RPROMLTKKIMFFKD86CC,30,175.56,工業用,鋼造,77年2月1日,一層,
RPROMLTKKIMFFKD86CC,30,126.43,見其他登記事項,加強磚造,77年2月1日,二層,
RPPNMLNLKIMFFCD87CC,43,184.79,住商用,加強磚造,64年5月21日,三層,
RPXNMLPLKIMFFAD68CC,4,276.76,見其他登記事項,見其他登記事項,103年1月16日,二十六層,
RPTNMLPLKIMFFCD48CC,27,218.00,商業用,鋼筋混凝土構造,79年6月27日,八層,
RPWNMLPLKIMFFCD78CC,39,114.53,住商用,鋼筋混凝土構造,68年3月16日,四層,
RPUOMLPLKIMFFAD48CC,43,197.19,住商用,鋼筋混凝土構造,64年6月8日,三層,
RPSNMLOLKIMFFAD08CC,10,22.55,見其他登記事項,見其他登記事項,96年8月24日,十四層,
RPQNMLNLKIMFFBD87CC,38,95.22,住商用,加強磚造,69年1月25日,二層,
RPUNMLMLKIMFFID88CC,17,132.93,農舍,見其他登記事項,89年11月7日,一層,
RPUNMLQLKIMFFAD48CC,33,99.28,住商用,鋼筋混凝土造,73年6月29日,五層,
RPUNMLQLKIMFFAD48CC,33,8.10,共有部分,鋼筋混凝土造,73年6月29日,五層,
RPQOMLQLKIMFFCD38CC,37,29.78,見其他登記事項,見其他登記事項,70年1月16日,七層,
RPTOMLQLKIMFFAD48CC,15,80.74,見其他登記事項,鋼筋混凝土造,91年10月7日,四層,
RPTNMLQLKIMFFBD48CC,2,150.00,見其他登記事項,見其他登記事項,104年10月5日,二層,
RPWOMLQLKIMFFAD78CC,2,157.17,見其他登記事項,見其他登記事項,105年6月4日,二十七層,
RPXNMLRLKIMFFBD98CC,38,91.64,住家用,加強磚造,69年2月19日,二層,
RPSNMLQLKIMFFDD68DC,,80.39,住商用,鋼筋混凝土構造,,二層,
RPSNMLQLKIMFFID09CC,24,130.55,住家用,鋼骨鋼筋混凝土造,83年4月22日,三層,
RPRPMLRLKIMFFAD48CC,71,75.74,住家用,加強磚造,35年10月1日,二層,
RPSPMLRLKIMFFAD58CC,40,37.47,住家用,鋼筋混凝土造,66年12月2日,七層,
RPSPMLRLKIMFFAD58CC,40,6.14,住家用,鋼筋混凝土造,66年12月2日,七層,
RPUPMLRLKIMFFAD78CC,23,40.03,住家用,鋼筋混凝土造,83年12月22日,二十一層,
RPUPMLRLKIMFFAD78CC,23,7.30,共有部分,鋼筋混凝土造,83年12月22日,二十一層,
RPUPMLRLKIMFFAD78CC,23,6.29,共有部分,鋼筋混凝土造,83年12月22日,二十一層,
RPTNMLSLKIMFFKD07DC,27,173.42,住家用,鋼筋混凝土造,80年5月13日,十層,
RPVNMLTLKIMFFBD98CC,28,254.36,住商用,鋼筋混凝土構造,78年12月11日,三層,
RPTOMLQLKIMFFKD86CC,30,110.94,住商用,鋼筋混凝土造,76年11月2日,四層,
RPUNMLQLKIMFFKD86CC,23,21.53,住家用,鋼筋混凝土造,83年12月24日,八層,
RPUNMLQLKIMFFKD86CC,23,8.96,共有部分,鋼筋混凝土造,83年12月24日,八層,
RPTNMLQLKIMFFKD76CC,29,116.63,工業用,鋼造,77年11月3日,一層,
RPSOMLQLKIMFFKD76CC,20,31.42,住家用,鋼筋混凝土造,87年6月2日,七層,
RPOOMLTLKIMFFCD48CC,29,246.61,住商用,鋼筋混凝土構造,78年2月4日,四層,
RPQOMLTLKIMFFCD68CC,23,352.06,住商用,鋼筋混凝土構造,83年12月16日,十六層,
RPQOMLTLKIMFFCD68CC,23,17.57,共有部分,鋼筋混凝土構造,83年12月16日,十六層,
RPQOMLTLKIMFFCD68CC,23,61.39,共有部分,鋼筋混凝土構造,83年12月16日,十六層,
RPPNMLLMKIMFFAD57CC,43,35.70,住商用,加強磚造,63年12月5日,三層,
RPSNMLNJJHNFFKD68CC,23,86.63,住家用,鋼筋混凝土造,84年5月23日,十六層,
RPSNMLNJJHNFFKD68CC,23,17.72,共有部分,鋼筋混凝土造,84年5月23日,十六層,
RPQNMLRJJHNFFKD88CC,23,60.42,住家用,鋼筋混凝土造,84年5月11日,十四層,
RPQNMLRJJHNFFKD88CC,23,7.66,住家用,鋼筋混凝土造,84年5月11日,十四層,
RPQNMLRJJHNFFKD88CC,23,14.04,住家用,鋼筋混凝土造,84年5月11日,十四層,
RPQNMLRJJHNFFKD88CC,23,15.26,住家用,鋼筋混凝土造,84年5月11日,十四層,
RPQNMLRJJHNFFKD88CC,23,14.13,見其他登記事項,鋼筋混凝土造,84年5月11日,十四層,
RPXNMLKKJHNFFKD98CC,21,103.21,住家用,鋼筋混凝土造,85年7月29日,十三層,
RPXNMLKKJHNFFKD98CC,21,16.26,共有部分,鋼筋混凝土造,85年7月29日,十三層,
RPXNMLKKJHNFFKD98CC,21,33.75,共有部分,鋼筋混凝土造,85年7月29日,十三層,
RPVOMLMJJHNFFBD08CC,2,178.93,見其他登記事項,鋼筋混凝土造,104年12月16日,四層,
RPVOMLMJJHNFFBD08CC,2,32.03,見其他登記事項,鋼筋混凝土造,104年12月16日,四層,
RPOOMLKKJHNFFBD27CC,7,330.62,住家用,鋼筋混凝土構造,100年6月13日,四層,
RPOOMLKKJHNFFBD27CC,7,.36,見其他登記事項,鋼筋混凝土構造,100年6月13日,一層,
RPXOMLMJJHNFFCD38CC,4,83.56,見其他登記事項,鋼筋混凝土構造,102年10月23日,十二層,
RPWOMLLKJHNFFCD28CC,24,106.19,住家用,鋼筋混凝土構造,82年7月27日,七層,
RPVOMLLKJHNFFCD18CC,25,93.04,住家用,鋼筋混凝土構造,82年6月9日,十六層,
RPVNMLNJJHNFFCD18CC,12,246.48,見其他登記事項,鋼筋混凝土構造,94年10月14日,四層,
RPTNMLLKJHNFFCD87CC,10,90.52,住家用,鋼筋混凝土構造,96年9月6日,十四層,
RPSOMLKKJHNFFCD77CC,10,26.72,住家用,鋼筋混凝土構造,97年2月29日,十四層,
RPSOMLKKJHNFFCD77CC,10,6.62,共有部分,鋼筋混凝土構造,97年2月29日,十四層,
RPSOMLKKJHNFFCD77CC,10,7.89,共有部分,鋼筋混凝土構造,97年2月29日,十四層,
RPVOMLMJJHNFFCD18CC,31,1000.00,見其他登記事項,鋼筋混凝土構造,75年12月8日,三層,
RPQPMLLKJHNFFCD77CC,37,789.08,見其他登記事項,鋼筋混凝土構造,69年12月9日,三層,
RPQPMLLKJHNFFCD77CC,37,802.49,共有部分,鋼筋混凝土構造,69年12月9日,三層,
RPSNMLLKJHNFFBD67CC,29,197.13,住商用,鋼筋混凝土造,78年1月12日,三層,
RPTNMLOJJHNFFCD08CC,10,21.48,住家用,鋼筋混凝土構造,97年2月29日,十四層,
RPTNMLOJJHNFFCD08CC,10,5.30,共有部分,鋼筋混凝土構造,97年2月29日,十四層,
RPTNMLOJJHNFFCD08CC,10,6.99,共有部分,鋼筋混凝土構造,97年2月29日,十四層,
RPOPMLOJJHNFFAD57CC,11,233.83,見其他登記事項,鋼筋混凝土構造,96年4月27日,四層,
RPWNMLLKJHNFFAD97CC,17,29.03,見其他登記事項,鋼筋混凝土造,89年11月20日,十四層,
RPQNMLMKJHNFFAD47CC,26,44.52,住商用,鋼筋混凝土造,80年8月7日,四層,
RPQNMLMKJHNFFAD47CC,26,65.48,住商用,鋼筋混凝土造,80年8月7日,四層,
RPUNMLMKJHNFFAD87CC,34,111.78,住家用,鋼筋混凝土造,73年5月10日,五層,
RPTNMLMKJHNFFAD77CC,1,75.98,見其他登記事項,見其他登記事項,105年11月8日,十三層,
RPXNMLMKJHNFFAD18CC,10,209.01,見其他登記事項,見其他登記事項,96年8月24日,十四層,
RPSOMLMKJHNFFAD77CC,1,207.49,見其他登記事項,見其他登記事項,106年1月9日,三層,
RPQPMLMKJHNFFAD67CC,28,105.15,住商用,見其他登記事項,79年2月5日,二層,
RPOPMLPKJHNFFAD77CC,50,89.59,住家用,加強磚造,57年1月30日,二層,
RPXNMLLKJHNFFFD58CC,5,50.18,見其他登記事項,見其他登記事項,101年11月30日,一層,
RPUOMLMKJHNFFAD97CC,10,165.82,見其他登記事項,見其他登記事項,96年8月24日,十四層,
RPVNMLRKJHNFFAD48CC,8,58.43,見其他登記事項,鋼筋混凝土造,99年4月6日,十四層,
RPVNMLRKJHNFFAD48CC,8,53.92,共有部分,鋼筋混凝土造,99年4月6日,十四層,
RPTNMLPKJHNFFHD78CC,24,246.69,住商用,鋼筋混凝土構造,82年8月9日,四層,
RPWNMLQKJHNFFCD68CC,22,95.01,住家用,鋼筋混凝土構造,84年11月6日,二十層,
RPWNMLQKJHNFFCD68CC,22,15.39,共有部分,鋼筋混凝土構造,84年11月6日,二十層,
RPWNMLQKJHNFFCD68CC,22,42.13,共有部分,鋼筋混凝土構造,84年11月6日,二十層,
RPXOMLRKJHNFFCD98CC,10,43.36,住家用,鋼筋混凝土構造,97年2月29日,十四層,
RPXOMLRKJHNFFCD98CC,10,10.86,共有部分,鋼筋混凝土構造,97年2月29日,十四層,
RPXOMLRKJHNFFCD98CC,10,12.83,共有部分,鋼筋混凝土構造,97年2月29日,十四層,
RPXOMLLKJHNFFKD56CC,28,236.00,住家用,鋼筋混凝土造,79年5月8日,十二層,
RPPPMLLKJHNFFKD48CC,5,128.60,見其他登記事項,見其他登記事項,101年8月17日,十九層,
RPXNMLLKJHNFFKD09CC,20,31.45,住家用,鋼筋混凝土造,87年6月2日,七層,
RPROMLLKJHNFFKD58CC,19,110.85,住家用,鋼筋混凝土造,88年5月19日,十四層,
RPPOMLTKJHNFFAD18CC,44,160.21,住商用,加強磚造,63年6月26日,三層,
RPPOMLTKJHNFFAD18CC,44,133.15,住商用,加強磚造,63年6月26日,3,
RPRNMLKLJHNFFDD77CC,,36.20,住家用,加強磚造,,二層,
RPSNMLKLJHNFFAD57CC,1,75.05,見其他登記事項,見其他登記事項,106年3月7日,十五層,
RPXNMLSKJHNFFAD78CC,23,67.88,住家用,鋼筋混凝土造,84年1月4日,二十五層,
RPVNMLTKJHNFFBD88DC,3,55.03,住商用,鋼筋混凝土造,103年10月3日,四層,
RPSOMLSKJHNFFBD48CC,6,77.00,住家用,鋼筋混凝土造,100年10月25日,四層,
RPXNMLQKJHNFFHD66CC,1,76.04,商業用,鋼筋混凝土造,105年11月29日,一層,
RPXNMLQKJHNFFHD66CC,1,70.73,商業用,鋼筋混凝土造,105年11月29日,一層,
RPPOMLTKJHNFFCD38CC,46,29.64,住商用,加強磚造,60年12月6日,二層,
RPSNMLKLJHNFFDD87CC,18,42.65,見其他登記事項,鋼筋混凝土造,89年4月7日,十四層,
RPPOMLMLJHNFFKD58CC,37,190.06,見其他登記事項,鋼筋混凝土構造,70年5月27日,三層,
RPQOMLNLJHNFFKD78CC,18,22.67,住家用,鋼筋混凝土造,88年8月24日,十四層,
RPQOMLNLJHNFFKD78CC,18,.56,共有部分,鋼筋混凝土造,88年8月24日,十四層,
RPQOMLNLJHNFFKD78CC,18,1.03,共有部分,鋼筋混凝土造,88年8月24日,十四層,
RPQOMLNLJHNFFKD78CC,18,6.04,共有部分,鋼筋混凝土造,88年8月24日,十四層,
RPPQMLMLJHNFFCD97CC,10,21.70,住家用,鋼筋混凝土構造,97年2月29日,十四層,
RPPQMLMLJHNFFCD97CC,10,5.39,共有部分,鋼筋混凝土構造,97年2月29日,十四層,
RPPQMLMLJHNFFCD97CC,10,10.74,共有部分,鋼筋混凝土構造,97年2月29日,十四層,
RPRPMLMLJHNFFCD08CC,37,31.72,住家用,鋼筋混凝土構造,69年11月11日,四層,
RPUOMLNLJHNFFCD38CC,24,23.48,住家用,鋼筋混凝土構造,82年8月26日,五層,
RPUOMLNLJHNFFCD38CC,24,8.64,共有部分,鋼筋混凝土構造,82年8月26日,五層,
RPTPMLNLJHNFFCD38CC,29,303.79,商業用,鋼筋混凝土構造,78年4月25日,七層,
RPQPMLNLJHNFFCD08CC,27,31.30,住家用,鋼筋混凝土構造,79年12月26日,七層,
RPQPMLNLJHNFFCD08CC,27,8.36,共有部分,鋼筋混凝土構造,79年12月26日,七層,
RPSOMLMLJHNFFAD87CC,13,33.05,見其他登記事項,鋼筋混凝土造,93年8月18日,四層,
RPUOMLMLJHNFFAD08CC,12,272.38,見其他登記事項,見其他登記事項,95年7月7日,五層,
RPTOMLMLJHNFFAD97CC,23,102.00,住家用,鋼筋混凝土造,84年6月20日,十二層,
RPTNMLNLJHNFFAD97CC,14,167.87,見其他登記事項,鋼筋混凝土構造,93年3月29日,十層,
RPWNMLQLJHNFFAD58CC,17,118.42,住商用,鋼筋混凝土構造,89年10月27日,三層,
RPQNMLTLJHNFFCD48CC,39,122.51,住家用,鋼筋混凝土構造,68年5月26日,三層,
RPWPMLNLJHNFFAD48CC,26,204.43,住商用,鋼筋混凝土構造,81年6月13日,三層,
RPXNMLQLJHNFFAD68CC,13,219.03,見其他登記事項,見其他登記事項,94年7月6日,四層,
RPVOMLMLJHNFFAD18CC,13,26.44,見其他登記事項,鋼筋混凝土造,93年8月18日,四層,
RPXNMLPLJHNFFAD58CC,13,256.57,住家用,見其他登記事項,94年3月4日,四層,
RPXNMLTLJHNFFID17CC,12,33.32,住商用,鋼筋混凝土造,95年3月13日,四層,
RPPOMLKMJHNFFAD47CC,14,167.80,見其他登記事項,鋼筋混凝土構造,93年3月29日,十層,
RPQNMLTLJHNFFAD38DC,24,32.48,住商用,鋼筋混凝土造,82年11月15日,八層,
RPSNMLKMJHNFFAD67CC,2,46.20,見其他登記事項,見其他登記事項,105年6月4日,二十七層,
RPXNMLLMJHNFFCD48CC,27,20.07,住家用,鋼筋混凝土構造,80年1月24日,六層,
RPXNMLLMJHNFFCD48CC,27,6.27,共有部分,鋼筋混凝土構造,80年1月24日,六層,
RPTOMLLMJHNFFCD18CC,25,117.21,見其他登記事項,鋼筋混凝土構造,82年5月11日,五層,
RPTOMLLMJHNFFCD18CC,25,8.66,共有部分,鋼筋混凝土構造,82年5月11日,五層,
RPTNMLLMJHNFFKD88CC,18,40.84,住家用,鋼筋混凝土造,88年8月24日,十四層,
RPUNMLLMJHNFFKD98CC,26,112.20,住家用,鋼筋混凝土造,81年4月9日,六層,
RPVNMLLMJHNFFKD09CC,21,26.69,住家用,鋼筋混凝土造,86年1月28日,十九層,
RPVNMLLMJHNFFKD09CC,21,3.30,共有部分,鋼筋混凝土造,86年1月28日,十九層,
RPVNMLLMJHNFFKD09CC,21,5.05,共有部分,鋼筋混凝土造,86年1月28日,十九層,
RPVNMLLMJHNFFID88CC,11,35.07,住商用,鋼筋混凝土造,96年2月15日,四層,
RPWNMLLJKHNFFCD18CC,10,32.55,住家用,鋼筋混凝土構造,97年2月29日,十四層,
RPWNMLLJKHNFFCD18CC,10,8.04,共有部分,鋼筋混凝土構造,97年2月29日,十四層,
RPWNMLLJKHNFFCD18CC,10,10.62,共有部分,鋼筋混凝土構造,97年2月29日,十四層,
RPPOMLLJKHNFFCD57CC,10,28.32,住家用,鋼筋混凝土構造,97年2月29日,十四層,
RPPOMLLJKHNFFCD57CC,10,6.98,共有部分,鋼筋混凝土構造,97年2月29日,十四層,
RPPOMLLJKHNFFCD57CC,10,8.36,共有部分,鋼筋混凝土構造,97年2月29日,十四層,
RPRNMLLMJHNFFAD67CC,24,28.39,住商用,鋼筋混凝土造,82年11月10日,四層,
RPVNMLLMJHNFFAD08CC,50,75.30,住家用,見其他登記事項,57年3月2日,二層,
RPTOMLLMJHNFFAD97CC,1,84.93,見其他登記事項,見其他登記事項,106年1月24日,二十三層,
RPTOMLLMJHNFFAD97CC,1,71.78,見其他登記事項,見其他登記事項,106年1月24日,二十六層,
RPSOMLLMJHNFFAD87CC,1,56.75,見其他登記事項,見其他登記事項,106年1月24日,二十六層,
RPSOMLLMJHNFFAD87CC,1,53.83,見其他登記事項,見其他登記事項,106年1月24日,二十六層,
RPROMLLMJHNFFAD77CC,22,24.98,住家用,鋼筋混凝土造,85年1月6日,七層,
RPROMLLMJHNFFAD77CC,22,7.78,共有部分,鋼筋混凝土造,85年1月6日,七層,
RPWPMLLMJHNFFAD38CC,18,94.74,見其他登記事項,鋼筋混凝土造,88年8月16日,十四層,
RPWPMLLMJHNFFAD38CC,18,14.14,共有部分,鋼筋混凝土造,88年8月16日,十四層,
RPWPMLLMJHNFFAD38CC,18,13.38,共有部分,鋼筋混凝土造,88年8月16日,十四層,
RPUPMLLMJHNFFAD18CC,11,33.06,見其他登記事項,鋼筋混凝土造,96年4月27日,四層,
RPSNMLLJKHNFFAD57CC,22,112.98,住家用,鋼筋混凝土造,85年2月13日,二十七層,
RPQPMLMJKHNFFAD67CC,33,26.58,見其他登記事項,加強磚造,74年3月30日,二層,
RPWNMLPJKHNFFKD76CC,33,99.23,住家用,鋼筋混凝土造,73年10月1日,四層,
RPOOMLPJKHNFFKD68CC,38,57.18,住家用,加強磚造,69年4月1日,二層,
RPPOMLQJKHNFFAD87CC,,84.13,見其他登記事項,見其他登記事項,106年10月20日,一層,
RPTNMLRJKHNFFDD58CC,6,132.46,住家用,鋼筋混凝土構造,100年9月13日,三層,
RPVNMLRJKHNFFBD58CC,38,105.08,住家用,鋼筋混凝土造,69年1月26日,二層,
RPOPMLTJKHNFFAD18CC,,192.42,見其他登記事項,見其他登記事項,106年10月20日,一層,
RPOPMLTJKHNFFAD18CC,,97.43,見其他登記事項,見其他登記事項,106年10月20日,一層,
RPPOMLSJKHNFFKD09CC,6,198.64,見其他登記事項,見其他登記事項,101年6月19日,四層,
RPPNMLTJKHNFFKD09CC,5,23.14,住家用,見其他登記事項,101年12月6日,四層,
RPQNMLTJKHNFFKD56CC,21,77.72,住家用,鋼筋混凝土造,86年1月28日,十九層,
RPQNMLTJKHNFFKD56CC,21,17.63,共有部分,鋼筋混凝土造,86年1月28日,十九層,
RPQNMLTJKHNFFKD56CC,21,14.32,共有部分,鋼筋混凝土造,86年1月28日,十九層,
RPPPMLTJKHNFFAD28CC,,97.43,見其他登記事項,見其他登記事項,106年10月20日,一層,
RPPPMLTJKHNFFAD28CC,,169.41,見其他登記事項,見其他登記事項,106年10月20日,一層,
RPXNMLRJKHNFFCD88CC,23,31.09,住家用,鋼筋混凝土構造,84年4月10日,六層,
RPXNMLRJKHNFFCD88CC,23,9.78,共有部分,鋼筋混凝土構造,84年4月10日,六層,
RPXNMLRJKHNFFCD88CC,23,3.83,共有部分,鋼筋混凝土構造,84年4月10日,六層,
RPUNMLKKKHNFFCD97CC,29,309.40,住商用,鋼筋混凝土構造,78年1月27日,四層,
RPPOMLRJKHNFFAD97CC,5,60.44,見其他登記事項,見其他登記事項,102年6月20日,十五層,
RPPOMLRJKHNFFAD97CC,5,14.91,見其他登記事項,見其他登記事項,102年6月20日,十五層,
RPPOMLRJKHNFFAD97CC,5,16.52,見其他登記事項,見其他登記事項,102年6月20日,十五層,
RPPNMLTJKHNFFAD08CC,11,19.83,見其他登記事項,鋼筋混凝土造,96年4月27日,四層,
