﻿編號,土地區段位置,土地移轉面積平方公尺,使用分區或編定
The serial number,land sector position,land shifting area square meter,the use zoning or compiles and checks
RPVNMLNKJIMFFHH56CC,龍華段,.00,都市：住
RPTNMLNKJIMFFHH98CC,山鶯段,20.33,都市：住
RPTNMLNKJIMFFHH98CC,山鶯段,53.86,都市：住
RPRNMLNKJIMFFHH78CC,龜山段,11.34,都市：商
RPWNMLNKJIMFFHH66CC,文化段,303.00,都市：住
RPROMLNKJIMFFGH78CC,東陵段,75.46,非都市：特定農業區 ; 非都市編定：甲種建築用地
RPXNMLNKJIMFFGH76DC,南華段,.00,都市：住
RPXNMLNKJIMFFGH76DC,南華段,.00,都市：住
RPVNMLNKJIMFFGH09CC,金星段,.00,都市：住
RPOOMLNKJIMFFGH58DC,南華段,.00,都市：住
RPOOMLNKJIMFFGH58DC,南華段,.00,都市：住
RPRPMLNKJIMFFAH38DC,江南段,15.15,都市：住
RPXOMLNKJIMFFAH88DC,江南段,28.20,都市：住
RPTPMLNKJIMFFBH58CC,復興段,.00,都市：住
RPTPMLNKJIMFFBH58CC,復興段,.00,都市：住
RPVPMLNKJIMFFBH88DC,後寮段,87.00,都市：住
RPVPMLNKJIMFFBH88DC,後寮段,87.00,都市：住
RPXOMLNKJIMFFBH88CC,忠福段,.00,都市：住
RPTOMLNKJIMFFBH48CC,後興段,.00,都市：住
RPOOMLNKJIMFFAH87CC,東門段,.00,都市：商
RPPPMLOKJIMFFAH28DC,中埔段,85.57,都市：住
RPPPMLNKJIMFFEH58DC,青山段,24.10,都市：住
RPTPMLOKJIMFFAH68DC,埔子段埔子小段,1027.00,都市：商
RPTPMLOKJIMFFAH68DC,埔子段埔子小段,1027.00,都市：商
RPTPMLOKJIMFFAH68DC,埔子段埔子小段,13.00,都市：商
RPXPMLOKJIMFFAH98CC,鹽埕段,.00,都市：工
RPSPMLPKJIMFFAH58CC,東門段,.00,都市：商
RPVNMLOKJIMFFBH78DC,三座屋段舊社小段,16.50,都市：住
RPSPMLOKJIMFFBH58CC,仁祥段,.00,非都市： ; 非都市編定：
RPUNMLPKJIMFFBH78DC,雙嶺段,1719.73,都市：住
RPPNMLPKJIMFFDH38CC,大金山下段大金山下小段,.00,都市：住
RPOPMLPKJIMFFBH28CC,復興段,.00,都市：住
RPXOMLPKJIMFFBH09CC,中壢埔頂段,.00,都市：住
RPUNMLPKJIMFFHH66CC,興華段,20.85,都市：住
RPSOMLPKJIMFFBH58CC,興南段興南小段,.00,都市：商
RPUNMLOKJIMFFFH09DC,豐田段,21.76,都市：住
RPSNMLPKJIMFFHH09CC,善捷段,.00,都市：住
RPOOMLRKJIMFFHH98CC,牛角坡段水尾小段,1440.90,都市：農
RPPOMLRKJIMFFHH09CC,山德段,35.10,都市：住
RPTQMLRKJIMFFBH09CC,內壢段,2247.90,都市：工
RPRNMLRKJIMFFAH58DC,富國段,61.55,都市：住
RPSNMLQKJIMFFBH58CC,中壢埔頂段,.00,都市：住
RPVNMLOKJIMFFEH09DC,竹圍段崁下小段,2326.00,都市：住
RPVNMLOKJIMFFEH09DC,竹圍段崁下小段,2326.00,都市：住
RPXOMLRKJIMFFBH76DC,青溪段,211.75,都市：住
RPQQMLRKJIMFFBH88DC,興南段興南小段,9.32,都市：商
RPPNMLPKJIMFFFH58CC,青溪段,.00,都市：住
RPSNMLQKJIMFFHH56CC,頂湖段,1652.98,都市：工
RPRNMLRKJIMFFEH98DC,南崁段,30.67,都市：住
RPQNMLTKJIMFFAH58CC,大樹林段,8.46,都市：住
RPWOMLQKJIMFFFH86CC,福興段,.00,都市：住
RPOOMLKLJIMFFDH97CC,頭重溪段,.00,都市：住
RPPNMLTKJIMFFAH48CC,富國段,14.54,都市：住
RPTNMLRKJIMFFGH76DC,東北段,52.89,都市：住
RPPOMLKLJIMFFGH48DC,振平段,390.73,都市：住
RPSQMLKLJIMFFBH38CC,興南段中壢老小段,.00,都市：商
RPSPMLKLJIMFFBH28CC,仁愛段,.00,都市：商
RPPQMLKLJIMFFBH08CC,仁愛段,.00,都市：商
RPPQMLKLJIMFFBH08CC,仁愛段,.00,都市：商
RPPQMLKLJIMFFBH08CC,仁愛段,.00,都市：商
RPPQMLKLJIMFFBH08CC,仁愛段,.00,都市：商
RPPQMLKLJIMFFBH08CC,仁愛段,.00,都市：商
RPPQMLKLJIMFFBH08CC,仁愛段,.00,都市：商
RPPQMLKLJIMFFBH08CC,仁愛段,.00,都市：商
RPPQMLKLJIMFFBH08CC,仁愛段,.00,都市：商
RPPQMLKLJIMFFBH08CC,仁愛段,.00,都市：商
RPPQMLKLJIMFFBH08CC,仁愛段,.00,都市：商
RPPQMLKLJIMFFBH08CC,仁愛段,.00,都市：商
RPXRMLKLJIMFFBH98CC,普義段,43.20,都市：工
RPVNMLLLJIMFFFH98DC,福興段,1986.46,都市：住
RPPOMLLLJIMFFGH58DC,忠貞段,75.21,都市：住
RPPOMLRKJIMFFCH58CC,五福段,2644.00,都市：農
RPSOMLKLJIMFFEH48CC,河底段,.00,都市：住
RPPOMLKLJIMFFEH28DC,青峰段,30.60,都市：住
RPRPMLMLJIMFFBH38CC,忠孝段,.00,都市：住
RPWRMLLLJIMFFBH98CC,雙嶺段,.00,都市：商
RPUNMLMLJIMFFEH88DC,大新段,3432.56,都市：住
RPUNMLLLJIMFFBH38CC,遠東段,.00,都市：住
RPVNMLMLJIMFFEH98DC,大新段,2516.65,都市：住
RPQOMLQKJIMFFCH58CC,潛龍段,77.34,非都市：鄉村區 ; 非都市編定：乙種建築用地
RPQOMLQKJIMFFCH58CC,潛龍段,.59,非都市：鄉村區 ; 非都市編定：乙種建築用地
RPTNMLKLJIMFFCH28CC,碧湖段,81.25,非都市：鄉村區 ; 非都市編定：乙種建築用地
RPVNMLKLJIMFFCH48CC,金龍段,75.25,非都市：特定農業區 ; 非都市編定：甲種建築用地
RPWTMLOLJIMFFBH07EC,青平段,19.90,都市：住
RPPNMLNLJIMFFAH08DC,中路段,39.50,都市：住
RPQNMLNLJIMFFCH28CC,大成段,.00,都市：住
RPPNMLNLJIMFFGH58CC,平鎮段,.00,都市：商
RPQPMLNLJIMFFEH68CC,水尾段,495.87,都市：工
RPUNMLNLJIMFFEH88CC,南華段,94.39,都市：商
RPSOMLOLJIMFFFH56EC,大義段,16.60,都市：住
RPPNMLPLJIMFFEH58CC,大興段,27.90,非都市： ; 非都市編定：
RPSNMLNLJIMFFFH78CC,福興段,.00,都市：商
RPRNMLNLJIMFFFH68CC,大義段,.00,都市：住
RPSNMLRLJIMFFDH98CC,頭重溪段,.00,都市：住
RPTNMLRLJIMFFDH09CC,大金山下段大金山下小段,.00,都市：住
RPUNMLRLJIMFFBH98CC,復興段,.00,都市：住
RPWNMLRLJIMFFBH56CC,三座屋段三座屋小段,.00,都市：住
RPXOMLRLJIMFFBH76CC,復興段,16.60,都市：住
RPQPMLRLJIMFFBH78CC,忠孝段,17.60,都市：住
RPPQMLRLJIMFFBH78CC,石頭段,.00,都市：商
RPTNMLNLJIMFFFH98DC,大和段,15.43,都市：住
RPQOMLOLJIMFFFH98EC,大華段,21.20,都市：住
RPTOMLOLJIMFFFH66EC,大忠段,9.45,都市：住
RPTOMLOLJIMFFFH66EC,大忠段,.55,都市：住
RPUNMLRLJIMFFGH86CC,新德段,.00,都市：住
RPUNMLRLJIMFFGH86CC,新德段,.00,都市：住
RPPRMLRLJIMFFEH66DC,河底段,17.76,都市：住
RPWNMLRLJIMFFGH17DC,東豐段,.53,都市：住
RPWNMLRLJIMFFGH17DC,東豐段,31.25,都市：住
RPQOMLOLJIMFFAH38DC,和平段,.00,都市：住
RPWNMLRLJIMFFAH09CC,和平段,.00,都市：住
RPROMLSLJIMFFAH88DC,桃鶯段,25.49,都市：住
RPTOMLOLJIMFFAH68DC,富國段,3212.00,都市：住
RPXRMLOLJIMFFAH76DC,中路段,166.55,都市：住
RPTNMLSLJIMFFCH56DC,龍祥段,92.94,非都市：鄉村區 ; 非都市編定：乙種建築用地
RPQOMLSLJIMFFAH78DC,同安段,92.00,都市：住
RPSNMLSLJIMFFBH88CC,中原段,.00,都市：住
RPTNMLSLJIMFFBH98CC,後寮段,.00,都市：其他
RPPOMLSLJIMFFFH66EC,同福段,17.60,都市：住
RPPOMLSLJIMFFFH66EC,大忠段,.12,都市：農
RPUOMLSLJIMFFBH56CC,青溪段,20.98,都市：住
RPUNMLSLJIMFFBH09CC,中壢埔頂段,.00,都市：住
RPXNMLSLJIMFFAH66CC,龍安段,.00,都市：商
RPRNMLSLJIMFFFH56CC,前程段,.00,都市：住
RPVTMLTLJIMFFBH27CC,三座屋段舊社小段,136.00,都市：農
RPVTMLTLJIMFFBH27CC,三座屋段舊社小段,112.00,都市：農
RPRNMLTLJIMFFAH78CC,中埔段,.00,都市：住
RPRPMLTLJIMFFBH09CC,振興段,.00,都市：住
RPOQMLTLJIMFFBH09EC,中壢埔頂段,5.60,都市：住
RPVQMLTLJIMFFHH67DC,明興段,71.09,都市：住
RPVQMLTLJIMFFHH67DC,明興段,51.22,都市：其他
RPVQMLTLJIMFFHH67DC,明興段,.17,都市：其他
RPQNMLTLJIMFFGH66CC,廣南段,.00,都市：住
RPRNMLTLJIMFFFH66CC,同福段,15.04,都市：商
RPVNMLTLJIMFFDH86CC,長岡嶺段,.00,非都市：山坡地保育區 ; 非都市編定：丙種建築用地
RPRNMLTLJIMFFDH09CC,永福段,.00,都市：住
RPTNMLTLJIMFFDH66CC,大金山下段大金山下小段,.00,都市：住
RPWNMLTLJIMFFEH17DC,南崁廟口段營盤坑小段,16.39,都市：住
RPQOMLKMJIMFFBH08CC,三座屋段三座屋小段,.00,都市：住
RPPNMLKMJIMFFHH48CC,文化段,389.00,都市：住
RPXNMLKMJIMFFAH68DC,和平段,.00,都市：住
RPSNMLKMJIMFFAH18DC,新埔段,.00,都市：住
RPTNMLKMJIMFFAH28DC,慈文段,.00,都市：住
RPVNMLKMJIMFFAH48DC,慈文段,.00,都市：住
RPWNMLKMJIMFFAH58DC,大有段,11.52,都市：住
RPWNMLKMJIMFFAH58DC,大有段,16.02,都市：住
RPPOMLKMJIMFFEH48EC,南園段,39.41,都市：住
RPXNMLKMJIMFFHH66CC,蔗園段,.00,非都市： ; 非都市編定：
RPUNMLKMJIMFFHH98CC,龜山段,.00,都市：商
RPOSMLKMJIMFFBH28CC,富台段,.00,都市：住
RPTOMLKMJIMFFAH28CC,桃園段武陵小段,.00,都市：商
RPUNMLKMJIMFFEH68CC,南山段,127.51,都市：工
RPUNMLKMJIMFFEH68CC,南山段,121.44,都市：工
RPUNMLKMJIMFFEH68CC,南山段,127.37,都市：工
RPTNMLLJKIMFFHH88DC,文化段,56.25,都市：商
RPUNMLKMJIMFFFH78CC,茄明段,.00,都市：住
RPPPMLLJKIMFFBH97CC,忠孝段,.00,都市：住
RPOOMLKMJIMFFDH08CC,大金山下段大金山下小段,.00,都市：住
RPWPMLLJKIMFFBH78DC,青溪段,24.59,都市：住
RPTNMLMJKIMFFBH38DC,興南段興南小段,4.66,都市：商
RPQNMLKMJIMFFDH18CC,大金山下段大金山下小段,.00,都市：住
RPRNMLMJKIMFFEH38CC,青峰段,21.40,都市：住
RPPOMLKMJIMFFFH38CC,大安段,652.98,非都市：特定農業區 ; 非都市編定：丁種建築用地
RPQNMLMJKIMFFAH87CC,大興段,9.33,都市：住
RPSNMLMJKIMFFAH08CC,三元段,16.17,都市：住
RPRNMLOJKIMFFDH48CC,大金山下段大金山下小段,.00,都市：住
RPVRMLOJKIMFFAH98CC,中埔段,7.89,都市：住
RPRRMLOJKIMFFAH58CC,東門段,4.91,都市：商
RPQNMLOJKIMFFDH38CC,大金山下段大金山下小段,.00,都市：住
RPQNMLOJKIMFFBH18CC,中壢埔頂段,.00,都市：住
RPRQMLOJKIMFFBH58CC,中壢埔頂段,.00,都市：住
RPROMLOJKIMFFHH98CC,精忠段,18.04,都市：住
RPXOMLOJKIMFFGH96DC,振平段,390.73,都市：住
RPWNMLPJKIMFFGH76CC,廣豐段,20.38,都市：住
RPPRMLOJKIMFFBH58DC,青溪段,33.43,都市：住
RPORMLOJKIMFFBH38CC,新街段,.00,都市：住
RPVNMLPJKIMFFCH88CC,龍興段,69.38,都市：其他
RPVNMLPJKIMFFCH88CC,龍興段,78.55,都市：其他
RPXNMLPJKIMFFFH86DC,麻園段,85.32,非都市：鄉村區 ; 非都市編定：乙種建築用地
RPTNMLLJKIMFFCH28CC,南龍段,230.10,都市：住
RPUOMLLJKIMFFCH48CC,仁善段,153.50,都市：其他
RPUNMLLJKIMFFCH48DC,武漢段,68.01,非都市：鄉村區 ; 非都市編定：乙種建築用地
RPWNMLMJKIMFFBH58CC,興南段興南小段,37.40,都市：商
RPWNMLMJKIMFFBH58CC,興南段興南小段,1.87,都市：商
RPRNMLPJKIMFFBH38CC,石頭段,.00,都市：商
RPPNMLPJKIMFFBH18CC,中壢埔頂段,.00,都市：住
RPTNMLPJKIMFFBH58CC,自立段,.00,都市：住
RPUNMLPJKIMFFBH68CC,後寮段,.00,都市：住
RPQNMLPJKIMFFBH28CC,忠福段,.00,都市：住
RPQNMLPJKIMFFBH28CC,忠福段,.00,都市：住
RPQNMLPJKIMFFBH28CC,忠福段,.00,都市：住
RPUOMLPJKIMFFBH78CC,中壢埔頂段,.00,都市：住
RPVOMLPJKIMFFBH88CC,石頭段,.00,都市：商
RPOTMLRJKIMFFBH88CC,石頭段,.00,都市：住
RPTNMLRJKIMFFEH09CC,羊稠段,.00,都市：住
RPRPMLSJKIMFFAH78CC,大興段,.00,都市：住
RPQNMLRJKIMFFFH88CC,大華段,.00,都市：住
RPQOMLSJKIMFFEH98CC,南崁段,102.65,都市：住
RPOPMLRJKIMFFAH48DC,大樹林段,8.66,都市：商
RPOPMLRJKIMFFAH48DC,大樹林段,3.36,都市：住
RPSNMLSJKIMFFHH76CC,龜山段,.00,都市：商
RPROMLQJKIMFFBH58CC,中工段,.00,都市：住
RPWOMLQJKIMFFBH56DC,自立段,97.00,都市：住
RPSNMLSJKIMFFCH88CC,仁文段,29.98,都市：住
RPQNMLTJKIMFFFH09CC,興仁段,14.63,都市：住
RPTOMLSJKIMFFBH98CC,自立段,.00,都市：其他
RPPQMLQJKIMFFGH09CC,關爺段,.00,非都市：特定農業區 ; 非都市編定：甲種建築用地
RPOPMLSJKIMFFBH58CC,培英段,.00,都市：住
RPXSMLSJKIMFFBH17CC,健行段,29.75,都市：住
RPOOMLMKKIMFFBH97CC,復興段,.00,都市：住
RPXNMLMKKIMFFBH88DC,青芝段,48.62,都市：住
RPPOMLMKKIMFFBH08CC,遠東段,.00,都市：住
RPVOMLSJKIMFFBH56CC,內壢段,.00,都市：其他
RPSNMLLKKIMFFGH68CC,山子頂段,4036.00,都市：工
RPQNMLNKKIMFFAH08CC,福元段,.00,都市：住
RPOOMLLKKIMFFBH87CC,石頭段,163.00,都市：住
RPRNMLMKKIMFFFH58CC,前程段,.00,都市：住
RPTOMLLKKIMFFBH38CC,青平段,71.39,都市：商
RPPQMLLKKIMFFBH18CC,忠義段,81.00,都市：工
RPTNMLLKKIMFFBH28CC,普義段,.00,都市：住
RPPPMLMKKIMFFAH08CC,新埔段,8.07,都市：住
RPTNMLNKKIMFFFH88CC,同福段,.00,都市：商
RPUNMLNKKIMFFBH58CC,三座屋段三座屋小段,.00,都市：住
RPXPMLLKKIMFFEH56CC,上興段,23.86,非都市： ; 非都市編定：
RPQOMLNKKIMFFBH28CC,工業區段二小段,.00,非都市：工業區 ; 非都市編定：丁種建築用地
RPQNMLOKKIMFFGH78CC,振平段,.00,都市：住
RPPNMLNKKIMFFGH58CC,金獅段,.00,非都市：鄉村區 ; 非都市編定：乙種建築用地
RPTNMLOKKIMFFDH88DC,草湳坡段埔心小段,11.85,都市：住
RPQQMLOKKIMFFBH58CC,工業區段一小段,1762.65,非都市：工業區 ; 非都市編定：丁種建築用地
RPPOMLOKKIMFFBH28CC,普義段,.00,都市：住
RPWNMLOKKIMFFBH88CC,成功段,.00,都市：其他
RPROMLOKKIMFFEH88DC,青山段,24.10,都市：住
RPTPMLNKKIMFFAH78EC,同安段,81.00,都市：住
RPSOMLNKKIMFFAH48DC,會稽段,25.66,都市：住
RPUPMLNKKIMFFAH68CC,國聖段,8.57,都市：住
RPQRMLNKKIMFFEH09EC,河底段,19.55,都市：住
RPQRMLNKKIMFFEH09EC,河底段,.04,都市：住
RPTPMLOKKIMFFAH68CC,同德段,14.50,都市：商
RPSNMLOKKIMFFAH38CC,福林段,.00,都市：農
RPPNMLOKKIMFFAH08CC,富國段,3.60,都市：住
RPQNMLOKKIMFFAH18CC,大林段,27.43,都市：工
RPRQMLOKKIMFFAH58CC,大樹林段,6.51,都市：住
RPRNMLOKKIMFFAH28CC,中路段,.00,都市：住
RPROMLPKKIMFFAH48CC,埔子段埔子小段,.00,都市：住
RPROMLPKKIMFFAH48CC,埔子段埔子小段,.00,都市：住
RPROMLPKKIMFFAH48CC,埔子段埔子小段,.00,都市：住
RPROMLPKKIMFFAH48CC,埔子段埔子小段,.00,都市：住
RPRNMLPKKIMFFAH38CC,大樹林段,6.39,都市：住
RPTNMLPKKIMFFAH58CC,大樹林段,7.83,都市：住
RPPNMLPKKIMFFAH18CC,大樹林段,8.77,都市：住
RPVNMLPKKIMFFBH88CC,三座屋段舊社小段,.00,都市：住
RPPPMLPKKIMFFDH78DC,長岡嶺段,47.59,非都市：山坡地保育區 ; 非都市編定：丙種建築用地
RPWPMLPKKIMFFGH07CC,新富段,11.45,都市：住
RPWNMLPKKIMFFDH56CC,大金山下段大金山下小段,.00,都市：住
RPTOMLPKKIMFFGH66CC,新富段,202.33,都市：住
RPQNMLPKKIMFFGH88CC,金鍊段,.00,都市：住
RPPNMLSKKIMFFEH88CC,五福段,.00,都市：住
RPRNMLSKKIMFFEH09CC,錦興段,.00,都市：住
RPTNMLSKKIMFFAH88CC,東國段,.00,都市：住
RPSNMLSKKIMFFEH56CC,六福段,.00,都市：住
RPVOMLSKKIMFFBH66CC,東寮段,79.78,都市：其他
RPTOMLSKKIMFFAH98CC,富國段,18.64,都市：住
RPVNMLPKKIMFFDH09CC,清華段,.00,非都市：特定農業區 ; 非都市編定：農牧用地
RPPNMLQKKIMFFEH68CC,竹中段,99.66,非都市： ; 非都市編定：
RPWNMLSKKIMFFGH27DC,湧安段,74.20,都市：其他
RPOOMLTKKIMFFEH09DC,河底段,4.24,都市：工
RPPOMLTKKIMFFEH56DC,河底段,4.24,都市：工
RPXNMLTKKIMFFCH07DC,烏林段,240.26,非都市：工業區 ; 非都市編定：丁種建築用地
RPTNMLSKKIMFFGH86CC,賦梅段,.00,都市：住
RPRNMLSKKIMFFGH66CC,金鍊段,.00,都市：住
RPSOMLTKKIMFFBH56DC,培英段,26.31,都市：住
RPSOMLKLKIMFFBH38DC,老街溪段,45.24,都市：住
RPROMLTKKIMFFGH86CC,廣德段,900.29,都市：住
RPTOMLKLKIMFFBH48DC,培英段,26.31,都市：住
RPOOMLKLKIMFFCH97CC,仁文段,64.50,都市：住
RPWOMLKLKIMFFBH68CC,永興段,19.80,都市：住
RPUOMLKLKIMFFCH58CC,潛龍段,46.94,非都市：鄉村區 ; 非都市編定：乙種建築用地
RPUOMLKLKIMFFCH58CC,潛龍段,.59,非都市：鄉村區 ; 非都市編定：乙種建築用地
RPWOMLKLKIMFFCH78CC,潛龍段,28.27,非都市：鄉村區 ; 非都市編定：乙種建築用地
RPWOMLKLKIMFFCH78CC,潛龍段,.59,非都市：鄉村區 ; 非都市編定：乙種建築用地
RPVNMLKLKIMFFBH48CC,三座屋段三座屋小段,.00,都市：住
RPVNMLKLKIMFFBH48CC,三座屋段舊社小段,.00,都市：住
RPROMLLLKIMFFEH68DC,大新段,20.73,都市：住
RPPOMLPLKIMFFAH38CC,中埔段,10.31,都市：住
RPPNMLMLKIMFFFH48CC,豐德段,76.42,非都市：特定農業區 ; 非都市編定：甲種建築用地
RPSPMLLLKIMFFBH48CC,仁愛段,.00,都市：住
RPUNMLPLKIMFFGH76CC,平東段,32.03,都市：住
RPOSMLPLKIMFFBH88DC,青溪段,96.07,都市：住
RPOSMLPLKIMFFBH88DC,青溪段,19.98,都市：住
RPUNMLPLKIMFFBH88CC,復興段,.00,都市：工
RPWNMLQLKIMFFFH07DC,明智段,5.93,都市：住
RPWNMLPLKIMFFFH96DC,廣隆段,22.41,都市：住
RPTRMLPLKIMFFBH56CC,石頭段,4.00,都市：商
RPWNMLQLKIMFFGH07CC,平鎮段,.00,都市：商
RPTPMLLLKIMFFBH58CC,遠東段,.00,都市：住
RPUPMLLLKIMFFBH68CC,仁愛段,.00,都市：商
RPVPMLLLKIMFFBH78CC,忠孝段,.00,都市：住
RPQPMLLLKIMFFBH28CC,前寮段,.00,都市：住
RPWPMLLLKIMFFBH88CC,前寮段,.00,都市：住
RPPOMLQLKIMFFGH09CC,東安段,87.13,都市：住
RPPOMLQLKIMFFGH09CC,東安段,87.13,都市：其他
RPPOMLQLKIMFFGH09CC,東安段,25.69,都市：住
RPXNMLQLKIMFFFH17DC,明智段,7.51,都市：住
RPXNMLQLKIMFFGH17CC,平南段,.00,都市：工
RPQNMLQLKIMFFHH56CC,文化段,565.00,都市：住
RPQQMLQLKIMFFAH88DC,中德段,2.20,都市：住
RPQQMLQLKIMFFAH88DC,中德段,6.51,都市：住
RPQOMLQLKIMFFHH66CC,半嶺段,29.81,都市：住
RPXNMLQLKIMFFDH96DC,瑞上段,89.38,非都市：特定農業區 ; 非都市編定：甲種建築用地
RPUQMLQLKIMFFBH66CC,忠福段,.00,都市：住
RPWNMLQLKIMFFAH09CC,同安段,.00,都市：住
RPVNMLQLKIMFFAH98CC,春日段,.00,都市：住
RPRQMLQLKIMFFAH88CC,中埔段,327.00,都市：住
RPWNMLQLKIMFFDH76CC,大金山下段大金山下小段,.00,都市：住
RPVNMLQLKIMFFDH66CC,大金山下段大金山下小段,.00,都市：住
RPVNMLRLKIMFFDH76CC,大金山下段大金山下小段,.00,都市：住
RPQNMLRLKIMFFFH09CC,永福段,20.46,都市：住
RPSNMLRLKIMFFFH66CC,力行段,.00,都市：住
RPWNMLRLKIMFFAH56CC,東國段,.00,都市：住
RPTNMLRLKIMFFFH76CC,興豐段,.00,都市：住
RPXNMLRLKIMFFAH66CC,桃鶯段,.00,都市：住
RPVNMLRLKIMFFHH17CC,頂湖段,642.04,都市：工
RPRPMLSLKIMFFCH66DC,潛龍段,21.14,非都市：鄉村區 ; 非都市編定：乙種建築用地
RPPPMLSLKIMFFAH88DC,中德段,69.61,都市：工
RPTNMLSLKIMFFGH96CC,忠貞段,.00,都市：商
RPWNMLRLKIMFFBH66CC,自立段,.00,都市：住
RPOOMLRLKIMFFBH58CC,復興段,.00,都市：住
RPVOMLSLKIMFFGH37DC,湧豐段,10.70,都市：住
RPVOMLSLKIMFFGH37DC,湧豐段,72.33,都市：住
RPVOMLSLKIMFFGH37DC,湧豐段,18.08,都市：住
RPOPMLSLKIMFFBH78CC,興南段中壢老小段,.00,都市：商
RPOPMLSLKIMFFBH78CC,興南段中壢老小段,.00,都市：商
RPVOMLSLKIMFFBH76CC,石頭段,.00,都市：商
RPUOMLSLKIMFFBH66CC,中北段,.00,都市：住
RPVOMLSLKIMFFBH76CC,石頭段,.00,都市：商
RPOOMLSLKIMFFBH78DC,自立段,36.90,都市：住
RPTPMLTLKIMFFAH66CC,中埔段,16.99,都市：住
RPORMLTLKIMFFAH98CC,中路段,92.00,都市：住
RPUPMLSLKIMFFAH66CC,新埔段,.00,都市：住
RPRNMLTLKIMFFFH76CC,福興段,.00,都市：商
RPVNMLTLKIMFFBH76CC,環東段,.00,都市：住
RPWNMLTLKIMFFBH86CC,忠福段,.00,都市：住
RPWNMLTLKIMFFEH17CC,水尾段,.00,都市：工
RPROMLTLKIMFFFH86CC,大智段,149.84,都市：住
RPTNMLTLKIMFFBH56CC,健行段,.00,都市：商
RPSNMLTLKIMFFFH86CC,興豐段,.00,都市：住
RPTQMLTLKIMFFBH86CC,忠福段,.00,都市：住
RPOOMLTLKIMFFBH78CC,內壢段,.00,都市：農
RPPNMLKMKIMFFHH58CC,南崁頂段陳厝坑小段,958.67,都市：其他
RPQNMLKMKIMFFHH68CC,警大段,940.52,都市：農
RPOOMLTLKIMFFHH76CC,文化段,.00,都市：其他
RPQNMLKMKIMFFDH28CC,瑞上段,5057.85,非都市：特定農業區 ; 非都市編定：丁種建築用地
RPPNMLKMKIMFFFH38CC,永豐段,180.62,都市：工
RPPNMLKMKIMFFFH38CC,永豐段,904.52,都市：工
RPRNMLKMKIMFFDH38CC,瑞上段,1983.47,非都市：特定農業區 ; 非都市編定：丁種建築用地
RPSNMLKMKIMFFDH48CC,草湳坡段草湳坡小段,523.00,都市：工
RPPNMLKMKIMFFDH18CC,瑞上段,6926.71,非都市：特定農業區 ; 非都市編定：丁種建築用地
RPPNMLKMKIMFFDH18CC,瑞上段,5462.19,非都市：特定農業區 ; 非都市編定：丁種建築用地
RPTNMLMJJHNFFDH38CC,草湳坡段埔心小段,.00,都市：住
RPPOMLNJJHNFFHH58CC,興華段,63.75,都市：住
RPPOMLNJJHNFFHH58CC,興華段,64.00,都市：住
RPPOMLNJJHNFFHH58CC,興華段,203.00,都市：住
RPSNMLMJJHNFFDH28CC,頭重溪段,.00,都市：住
RPUNMLNJJHNFFBH38CC,後興段,.00,都市：住
RPWNMLMJJHNFFBH48CC,雙嶺段,21.90,都市：住
RPTNMLNJJHNFFBH28CC,復興段,17.95,都市：住
RPTNMLMJJHNFFBH18CC,普義段,.00,都市：住
RPVNMLOJJHNFFBH58CC,石頭段,23.15,都市：住
RPSNMLMJJHNFFBH08CC,普義段,.00,都市：住
RPRNMLOJJHNFFDH38CC,草湳坡段埔心小段,.00,都市：住
RPUNMLMJJHNFFBH28CC,後興段,.00,都市：住
RPTNMLOJJHNFFDH58CC,大金山下段大金山下小段,.00,都市：住
RPXPMLPJJHNFFBH56DC,榮民段,18.50,都市：住
RPQNMLOJJHNFFHH68CC,公華段,.00,都市：住
RPPNMLOJJHNFFHH68DC,中興段,40.25,都市：住
RPPQMLPJJHNFFBH48DC,自立段,19.85,都市：住
RPOOMLOJJHNFFHH68DC,興華段,13.58,都市：住
RPUNMLMJJHNFFGH88DC,平鎮段,30.29,都市：商
RPVNMLMJJHNFFGH98DC,平鎮段,13.13,都市：商
RPPNMLQJJHNFFHH78CC,半嶺段,1.70,都市：住
RPPNMLQJJHNFFHH78CC,半嶺段,.59,都市：住
RPPNMLQJJHNFFHH78CC,半嶺段,.64,都市：住
RPPNMLQJJHNFFHH78CC,半嶺段,17.30,都市：住
RPVNMLSJJHNFFBH98CC,工業區段二小段,.00,非都市：工業區 ; 非都市編定：丁種建築用地
RPUNMLPJJHNFFGH09CC,廣東段,.00,都市：住
RPUNMLPJJHNFFGH09CC,廣東段,.00,都市：住
RPXNMLSJJHNFFBH56CC,三座屋段舊社小段,.00,都市：其他
RPTOMLSJJHNFFBH88CC,工業區段二小段,.00,非都市：工業區 ; 非都市編定：丁種建築用地
RPVQMLSJJHNFFBH76DC,忠孝段,102.00,都市：住
RPTOMLSJJHNFFHH86CC,興華段,.00,都市：商
RPWPMLTJJHNFFBH86DC,培英段,24.91,都市：住
RPTOMLSJJHNFFGH86DC,新勢段,284.25,都市：商
RPTOMLSJJHNFFGH86DC,新勢段,263.38,都市：商
RPVNMLTJJHNFFBH09CC,後寮段,74.21,都市：工
RPTNMLOJJHNFFFH88DC,豐田段,109.71,都市：住
RPOOMLSJJHNFFFH78CC,豐田段,25.96,都市：住
RPQOMLQJJHNFFAH28CC,小檜溪段,31.95,都市：住
RPPOMLQJJHNFFAH18CC,忠義段,4.52,都市：住
RPQOMLTJJHNFFAH58CC,大有段,.00,都市：住
RPROMLQJJHNFFAH38CC,新埔段,8.07,都市：住
RPQOMLLKJHNFFAH87CC,鹽埕段,836.34,都市：住
RPOOMLQJJHNFFAH08CC,新埔段,35.05,都市：住
RPXNMLLKJHNFFAH48CC,富國段,.00,都市：住
RPVNMLSJJHNFFAH88CC,中埔段,23.17,都市：住
RPXOMLTJJHNFFAH66CC,同德段,43.63,都市：商
RPOPMLTJJHNFFEH98DC,青峰段,16.00,都市：住
RPUOMLLKJHNFFBH38CC,三座屋段舊社小段,.00,都市：住
RPXQMLLKJHNFFBH88CC,新街段,.00,都市：住
RPPOMLLKJHNFFBH87CC,崙尾段,.00,非都市：一般農業區 ; 非都市編定：甲種建築用地
RPTOMLLKJHNFFBH28CC,中興段,.00,都市：住
RPQOMLLKJHNFFBH97CC,中壢埔頂段,.00,都市：住
RPWRMLLKJHNFFBH88CC,新街段,.00,都市：住
RPSRMLLKJHNFFBH48CC,新街段,.00,都市：住
RPTRMLLKJHNFFBH58CC,新街段,.00,都市：住
RPURMLLKJHNFFBH68CC,興南段興南小段,.00,都市：商
RPWQMLLKJHNFFBH78CC,新街段,.00,都市：住
RPXRMLLKJHNFFBH98CC,新街段,.00,都市：住
RPSNMLMKJHNFFBH18CC,中北段,.00,都市：住
RPSNMLMKJHNFFBH18CC,中北段,.00,都市：住
RPSNMLMKJHNFFBH18CC,中北段,.00,都市：住
RPRNMLMKJHNFFDH28CC,二重溪段,.00,都市：其他
RPXNMLPKJHNFFDH56CC,田心段,59.08,非都市：特定農業區 ; 非都市編定：甲種建築用地
RPVNMLMKJHNFFBH48CC,後興段,.00,都市：住
RPQNMLPKJHNFFGH88DC,振平段,.00,非都市： ; 非都市編定：
RPRNMLPKJHNFFGH88CC,正義段,.00,非都市：鄉村區 ; 非都市編定：乙種建築用地
RPWNMLPKJHNFFEH56CC,五福段,.00,都市：住
RPTOMLPKJHNFFEH98CC,大興段,.00,非都市： ; 非都市編定：
RPQNMLPKJHNFFBH28CC,石頭段,.00,都市：商
RPQNMLPKJHNFFBH28CC,石頭段,.00,都市：商
RPRNMLPKJHNFFBH38CC,復興段,.00,都市：住
RPTNMLPKJHNFFBH58CC,榮民段,.00,都市：住
RPXNMLQKJHNFFBH09CC,忠福段,189.00,都市：住
RPUNMLPKJHNFFBH68CC,東寮段,.00,都市：商
RPUNMLPKJHNFFBH68CC,東寮段,.00,都市：其他
RPVOMLQKJHNFFAH88CC,龍鳳段,395.95,都市：工
RPOPMLQKJHNFFAH28CC,大有段,1.02,都市：住
RPPNMLRKJHNFFBH38CC,中工段,.00,都市：住
RPTNMLQKJHNFFAH58CC,慈文段,11.52,都市：住
RPQNMLRKJHNFFBH48CC,三座屋段舊社小段,.00,都市：商
RPUNMLMKJHNFFHH56EC,大同段,38.62,都市：住
RPTNMLMKJHNFFHH09EC,大同段,29.21,都市：住
RPOOMLQKJHNFFAH18CC,中路三段,.00,都市：住
RPQPMLPKJHNFFAH38CC,慈文段,12.81,都市：住
RPQNMLPKJHNFFAH18CC,國聖段,.00,都市：工
RPRPMLQKJHNFFAH58CC,大興段,29.23,都市：商
RPRNMLRKJHNFFBH58CC,石頭段,.00,都市：商
RPVNMLRKJHNFFHH07DC,龍華段,17.48,都市：住
RPWOMLSKJHNFFAH56CC,桃園段武陵小段,3.14,都市：商
RPSNMLSKJHNFFAH68CC,桃鶯段,.00,都市：住
RPUOMLSKJHNFFAH98CC,大興段,8.60,都市：住
RPSOMLSKJHNFFHH07EC,文化段,37.13,都市：商
RPQOMLSKJHNFFEH98CC,錦明段,16.83,都市：工
RPQNMLSKJHNFFGH09CC,廣豐段,.00,都市：住
RPQNMLRKJHNFFGH98CC,忠貞段,.00,都市：商
RPPNMLSKJHNFFDH68CC,草湳坡段草湳坡小段,.00,都市：住
RPQNMLSKJHNFFDH78CC,大金山下段大金山下小段,.00,都市：住
RPSOMLTKJHNFFBH98CC,復興段,.00,都市：住
RPSOMLTKJHNFFBH98CC,復興段,.00,都市：住
RPWNMLTKJHNFFBH66CC,仁愛段,.00,都市：住
RPRNMLSKJHNFFDH88CC,大金山下段大金山下小段,.00,都市：住
RPWRMLTKJHNFFBH07CC,老街溪段,.00,都市：其他
RPSNMLSKJHNFFDH98CC,草湳坡段埔心小段,.00,都市：住
RPOSMLTKJHNFFBH98CC,新街段,.00,都市：住
RPTOMLSKJHNFFEH66CC,南崁廟口段廟口小段,32.73,都市：住
RPXRMLTKJHNFFBH17CC,新街段,.00,都市：住
RPTOMLMLJHNFFBH48CC,中工段,.00,非都市：工業區 ; 非都市編定：丁種建築用地
RPXOMLMLJHNFFBH88CC,雙嶺段,23.78,都市：住
RPSQMLMLJHNFFBH58CC,新街段,.00,都市：住
RPTQMLMLJHNFFBH68CC,新街段,.00,都市：住
RPWQMLMLJHNFFBH98CC,新街段,.00,都市：住
RPQNMLMLJHNFFFH48CC,福興段,22.32,都市：住
RPWOMLNLJHNFFAH78CC,富國段,11.10,都市：住
RPOOMLNLJHNFFEH38CC,埔心段三塊厝小段,931.00,非都市：特定農業區 ; 非都市編定：丁種建築用地
RPOOMLNLJHNFFEH38CC,埔心段三塊厝小段,877.00,非都市：特定農業區 ; 非都市編定：丁種建築用地
RPTOMLNLJHNFFAH48CC,法政段,22.88,都市：住
RPUQMLNLJHNFFAH78CC,中正段,.00,都市：住
RPXOMLNLJHNFFBH98CC,青芝段,17.06,都市：商
RPVQMLNLJHNFFAH88CC,埔子段埔子小段,.00,都市：住
RPVQMLNLJHNFFAH88CC,埔子段埔子小段,.00,都市：其他
RPQPMLOLJHNFFBH68EC,忠福段,14.43,都市：住
RPUNMLNLJHNFFEH98DC,青峰段,25.22,都市：住
RPPPMLOLJHNFFAH28CC,鹽埕段,124.86,都市：住
RPTNMLRKJHNFFBH78CC,工業區段二小段,.00,非都市：工業區 ; 非都市編定：丁種建築用地
RPXNMLOLJHNFFBH98CC,新街段,6.23,都市：住
RPVNMLOLJHNFFEH09CC,南新段,1866.99,都市：住
RPVOMLOLJHNFFDH09CC,楊梅段,55.00,都市：商
RPSOMLQLJHNFFFH56CC,高城段,.00,都市：住
RPVPMLPLJHNFFAH98CC,大樹林段,.00,都市：住
RPVNMLQLJHNFFGH96DC,東豐段,1504.57,都市：住
RPXNMLQLJHNFFGH17DC,東豐段,2507.61,都市：住
RPUNMLPLJHNFFFH56CC,同福段,.00,都市：住
RPSNMLOLJHNFFFH98DC,大和段,23.43,都市：住
RPVNMLPLJHNFFFH66CC,同福段,.00,都市：住
RPVNMLPLJHNFFFH66CC,大忠段,.00,都市：住
RPWNMLQLJHNFFEH76CC,河底段,29.50,都市：商
RPXNMLQLJHNFFEH96DC,青山段,131.05,都市：住
RPXNMLQLJHNFFEH96DC,青山段,131.05,都市：住
RPQOMLQLJHNFFGH09CC,平東段,104.00,都市：住
RPUNMLQLJHNFFEH66DC,青山段,129.98,都市：住
RPXOMLTLJHNFFAH96DC,龍祥段,5246.94,都市：住
RPPPQLTLJHNFFBH66CC,仁美段,13.71,都市：其他
RPRNMLTLJHNFFAH88DC,和平段,29.80,都市：住
RPQNMLTLJHNFFFH56CC,興豐段,14.42,都市：商
RPQQMLTLJHNFFAH09DC,中路段,21.43,都市：住
RPQNMLKMJHNFFGH48CC,平鎮段,.00,都市：商
RPSNMLKMJHNFFFH68DC,永福段,24.04,都市：住
RPPOMLQLJHNFFEH78CC,大新段,79.20,非都市： ; 非都市編定：
RPPNMLSLJHNFFEH88CC,大新段,79.50,都市：住
RPOPMLKMJHNFFFH38CC,興仁段,18.90,都市：商
RPVNMLKMJHNFFAH38CC,延壽段,.00,都市：住
RPTNMLLMJHNFFAH28CC,富國段,.00,都市：住
RPRQMLLMJHNFFAH38CC,鹽埕段,914.60,都市：工
RPOQMLLMJHNFFEH48CC,文中段,300.03,都市：農
RPRNMLKMJHNFFBH08CC,永興段,.00,都市：商
RPPQMLLMJHNFFEH58CC,大竹圍段,1835.00,非都市：特定農業區 ; 非都市編定：農牧用地
RPTOMLKMJHNFFBH38CC,工業區段二小段,.00,非都市：工業區 ; 非都市編定：丁種建築用地
RPQNMLKMJHNFFBH97CC,永興段,.00,都市：商
RPSOMLKMJHNFFBH28CC,工業區段二小段,.00,非都市：工業區 ; 非都市編定：丁種建築用地
RPTPMLKMJHNFFBH48CC,石頭段,109.00,都市：商
RPROMLKMJHNFFBH18CC,後寮段,.00,都市：其他
RPXNMLKMJHNFFBH68CC,中北段,.00,都市：工
RPUNMLKMJHNFFBH38CC,中北段,.00,都市：住
RPXPMLLMJHNFFEH66CC,文中段,214.18,都市：工
RPWOMLLMJHNFFDH98CC,幼獅段,48.30,非都市：工業區 ; 非都市編定：丁種建築用地
RPWOMLLMJHNFFDH98CC,幼獅段,426.06,非都市：工業區 ; 非都市編定：丁種建築用地
RPRQMLLMJHNFFEH78CC,蘆興段,1652.90,都市：農
RPXNMLLMJHNFFBH78CC,中原段,.00,都市：住
RPSNMLLMJHNFFBH28CC,石頭段,.00,都市：商
RPOOMLLMJHNFFBH97CC,新興段,.00,都市：住
RPXOMLLMJHNFFDH09CC,清華段,940.00,非都市：特定農業區 ; 非都市編定：農牧用地
RPXOMLLMJHNFFDH09CC,清華段,690.00,非都市：特定農業區 ; 非都市編定：甲種建築用地
RPQNMLLMJHNFFGH58CC,新榮段,.00,都市：住
RPOOMLLMJHNFFGH48CC,鎮東段,4103.07,非都市：一般農業區 ; 非都市編定：丁種建築用地
RPTNMLLMJHNFFGH98DC,平鎮段,16.40,都市：商
RPSNMLLMJHNFFGH88DC,金鍊段,18.92,都市：住
RPPNMLLJKHNFFGH28CC,廣豐段,61.17,都市：住
RPUOMLLJKHNFFBH38CC,三座屋段三座屋小段,17.13,都市：住
RPPNMLMJKHNFFBH87CC,三座屋段三座屋小段,.00,都市：住
RPTNMLMJKHNFFBH28CC,培英段,.00,都市：住
RPTNMLLJKHNFFDH48DC,崁頭厝段下庄子小段,661.00,非都市：特定農業區 ; 非都市編定：特定目的事業用地
RPTNMLLJKHNFFDH48DC,崁頭厝段下庄子小段,627.00,非都市：特定農業區 ; 非都市編定：特定目的事業用地
RPTNMLLJKHNFFDH48DC,崁頭厝段下庄子小段,295.00,非都市：特定農業區 ; 非都市編定：特定目的事業用地
RPTNMLLJKHNFFDH48DC,崁頭厝段下庄子小段,441.00,非都市：特定農業區 ; 非都市編定：特定目的事業用地
RPTNMLLJKHNFFDH48DC,崁頭厝段下庄子小段,769.00,非都市：特定農業區 ; 非都市編定：農牧用地
RPSPMLLMJHNFFHH09CC,煉油段,67.65,都市：工
RPRPMLLMJHNFFHH98CC,煉油段,60.43,都市：工
RPRNMLLJKHNFFHH58CC,興華段,11.37,都市：住
RPWOMLLMJHNFFHH76CC,善捷段,15.29,都市：住
RPXNMLLMJHNFFHH76CC,興華段,29.39,都市：住
RPROMLMJKHNFFHH78CC,興華段,14.10,都市：住
RPUQMLMJKHNFFAH58CC,寶山段,.00,都市：住
RPXPMLMJKHNFFAH78CC,桃園段武陵小段,121.00,都市：其他
RPXPMLMJKHNFFAH78CC,桃園段武陵小段,28.00,都市：其他
RPWPMLMJKHNFFAH68CC,龍鳳段,7.87,都市：住
RPWPMLMJKHNFFAH68CC,龍鳳段,.33,都市：住
RPWPMLMJKHNFFAH68CC,龍鳳段,.07,都市：住
RPWPMLMJKHNFFAH68CC,龍鳳段,.16,都市：住
RPWPMLLMJHNFFHH86CC,煉油段,401.87,都市：工
RPUPMLMJKHNFFBH78EC,青溪段,31.30,都市：住
RPQNMLNJKHNFFHH68CC,精忠段,18.68,都市：住
RPSNMLPJKHNFFDH68CC,頭重溪段,.00,都市：住
RPPOMLMJKHNFFDH28DC,水美段,271.88,非都市：特定農業區 ; 非都市編定：丁種建築用地
RPPOMLMJKHNFFDH28DC,水美段,47.55,非都市：山坡地保育區 ; 非都市編定：丁種建築用地
RPPOMLMJKHNFFDH28DC,水美段,62.33,非都市：特定農業區 ; 非都市編定：丁種建築用地
RPPOMLMJKHNFFDH28DC,水美段,187.37,非都市：特定農業區 ; 非都市編定：丁種建築用地
RPVNMLPJKHNFFDH98CC,楊梅段,.00,都市：住
RPQOMLNJKHNFFAH08CC,福元段,14.06,都市：住
RPUNMLPJKHNFFDH88CC,大金山下段大金山下小段,.00,都市：住
RPUOMLMJKHNFFDH78DC,水美段,271.88,非都市：特定農業區 ; 非都市編定：丁種建築用地
RPUOMLMJKHNFFDH78DC,水美段,47.55,非都市：山坡地保育區 ; 非都市編定：丁種建築用地
RPUOMLMJKHNFFDH78DC,水美段,62.33,非都市：特定農業區 ; 非都市編定：丁種建築用地
RPTNMLPJKHNFFAH48CC,中路段,.00,都市：住
RPUOMLMJKHNFFDH78DC,水美段,187.37,非都市：特定農業區 ; 非都市編定：丁種建築用地
RPTNMLPJKHNFFAH48CC,玉山段,.00,都市：住
RPTNMLPJKHNFFDH78CC,大金山下段大金山下小段,.00,都市：住
RPQPMLPJKHNFFBH48CC,青平段,28.92,都市：住
RPVQMLPJKHNFFAH09DC,中德段,16.84,都市：住
RPTNMLPJKHNFFBH68DC,青昇段,15.02,都市：商
RPOSMLQJKHNFFBH88EC,興南段興南小段,3.99,都市：商
RPROMLPJKHNFFFH98DC,大勇段,20.13,都市：住
RPPNMLPJKHNFFFH68DC,大智段,49.81,都市：住
RPTOMLPJKHNFFFH56DC,大勇段,80.51,都市：住
RPWPMLQJKHNFFAH09CC,寶山段,161.61,都市：住
RPOOMLRJKHNFFBH38CC,榮民段,.00,都市：住
RPPNMLSJKHNFFHH09CC,興華段,.00,都市：住
RPSNMLSJKHNFFHH76CC,中興段,160.00,都市：商
RPOPMLSJKHNFFHH56CC,華亞段,1126.57,都市：工
RPQNMLSJKHNFFBH58CC,中工段,.00,非都市：工業區 ; 非都市編定：丁種建築用地
RPRNMLSJKHNFFBH68CC,興南段中壢老小段,.00,都市：商
RPRNMLSJKHNFFBH68CC,興南段中壢老小段,.00,都市：商
RPSNMLSJKHNFFBH78CC,成功段,.00,都市：住
RPQOMLRJKHNFFAH48CC,國聖段,7.14,都市：住
RPWPMLRJKHNFFAH66DC,中埔段,17.93,都市：住
RPSOMLRJKHNFFAH68CC,新埔段,10.11,都市：住
RPVPMLRJKHNFFAH56DC,埔子段埔子小段,114.00,都市：商
RPTPMLRJKHNFFAH88CC,寶山段,40.10,都市：住
RPUPMLRJKHNFFAH98CC,同德段,.00,都市：商
RPXPMLRJKHNFFAH66CC,富國段,214.68,都市：住
RPTNMLSJKHNFFFH66CC,永福段,.00,都市：住
RPVNMLSJKHNFFFH86CC,大華段,.00,都市：住
RPPNMLKKKHNFFBH77CC,新街段,.00,都市：住
RPXNMLTJKHNFFFH37EC,大忠段,133.42,都市：住
RPXNMLTJKHNFFFH37EC,大忠段,199.85,都市：住
RPWNMLTJKHNFFFH27EC,大竹段,83.11,非都市：特定農業區 ; 非都市編定：甲種建築用地
RPPPMLRJKHNFFAH48CC,富國段,12.61,都市：住
