﻿編號,土地區段位置,土地移轉面積平方公尺,使用分區或編定
The serial number,land sector position,land shifting area square meter,the use zoning or compiles and checks
RPUNMLPKJIMFFAI48CA,北社尾段保安小段,90.00,都市：住
RPRNMLPKJIMFFAI18CA,短竹段,4.76,都市：住
RPWNMLPKJIMFFAI68CA,盧厝段,12.04,都市：住
RPPNMLOKJIMFFAI87CA,白川段,70.00,都市：住
RPOOMLOKJIMFFAI87CA,下路頭段,123.00,都市：住
RPRNMLQKJIMFFAI28CA,下路頭段,61.00,都市：其他
RPQNMLQKJIMFFAI18CA,下路頭段,477.00,都市：其他
RPSNMLRKJIMFFAI48CA,北園段,68.00,都市：住
RPTNMLRKJIMFFAI58CA,竹圍子段,72.00,都市：住
RPQNMLRKJIMFFAI28CA,劉厝段劉厝小段,350.00,都市：住
RPSNMLRLJIMFFAI58CA,北社尾段保安小段,88.42,都市：住
RPTNMLSLJIMFFAI78CA,港子坪段港坪小段,309.00,都市：住
RPWNMLRKJIMFFAI09EA,短竹段,6.98,都市：住
RPVOMLNLJIMFFAI58CA,遠東段,14.18,都市：住
RPXNMLNLJIMFFAI68CA,埤子頭段,25.18,都市：住
RPOOMLNLJIMFFAI87CA,竹圍子段,97.00,都市：住
RPVNMLPKJIMFFAI78EA,台斗坑段,148.00,都市：住
RPVNMLPKJIMFFAI78EA,台斗坑段,148.00,都市：住
RPUNMLOJKIMFFAI38CA,盧厝段,598.00,都市：農
RPTNMLMJKIMFFAI08CA,東川段,12.44,都市：住
RPTNMLKKKIMFFAI97CA,興村段,.59,都市：其他
RPTNMLKKKIMFFAI97CA,興村段興村小段,15.27,都市：住
RPTNMLKKKIMFFAI97CA,興村段興村小段,.23,都市：住
RPTNMLKKKIMFFAI97CA,興村段興村小段,88.99,都市：住
RPTNMLKKKIMFFAI97CA,興村段興村小段,6.64,都市：住
RPPNMLKKKIMFFAI57CA,長竹段,132.00,都市：住
RPQNMLKKKIMFFAI67CA,竹圍子段中興小段,15.28,都市：商
RPWNMLRJKIMFFAI88CA,盧東段,32.12,都市：農
RPWNMLRJKIMFFAI88CA,盧東段,37.38,都市：農
RPWNMLRJKIMFFAI88CA,盧東段,12.96,都市：農
RPWNMLRJKIMFFAI88CA,盧東段,111.04,都市：農
RPWNMLRJKIMFFAI88CA,盧東段,.48,都市：農
RPWNMLRJKIMFFAI88CA,盧東段,.42,都市：農
RPWNMLRJKIMFFAI88CA,盧東段,4.80,都市：農
RPWNMLRJKIMFFAI88CA,盧東段,1.98,都市：農
RPPNMLPLJIMFFAI08CA,民族段二小段,14.67,都市：住
RPPNMLPLJIMFFAI08CA,民族段二小段,12.00,都市：住
RPPNMLPLJIMFFAI08CA,民族段二小段,32.00,都市：住
RPPNMLPLJIMFFAI08CA,民族段二小段,11.00,都市：住
RPPNMLPLJIMFFAI08CA,民族段二小段,3.00,都市：住
RPPNMLPLJIMFFAI08CA,民族段二小段,1.00,都市：住
RPPNMLSJKIMFFAI28CA,盧東段,32.12,都市：農
RPPNMLSJKIMFFAI28CA,盧東段,37.38,都市：農
RPPNMLSJKIMFFAI28CA,盧東段,12.96,都市：農
RPPNMLSJKIMFFAI28CA,盧東段,111.04,都市：農
RPPNMLSJKIMFFAI28CA,盧東段,.48,都市：農
RPPNMLSJKIMFFAI28CA,盧東段,.42,都市：農
RPPNMLSJKIMFFAI28CA,盧東段,4.80,都市：農
RPPNMLSJKIMFFAI28CA,盧東段,1.98,都市：農
RPXNMLPJKIMFFAI78CA,盧東段,29.66,都市：農
RPXNMLPJKIMFFAI78CA,盧東段,34.52,都市：農
RPQOMLLJKIMFFAI77CA,短竹段,14.95,都市：住
RPQOMLLJKIMFFAI77CA,短竹段,.18,都市：住
RPQOMLLJKIMFFAI77CA,短竹段,12.67,都市：住
RPXNMLPJKIMFFAI78CA,盧東段,11.97,都市：農
RPXNMLPJKIMFFAI78CA,盧東段,32.40,都市：農
RPXNMLPJKIMFFAI78CA,盧東段,102.92,都市：農
RPXNMLPJKIMFFAI78CA,盧東段,.44,都市：農
RPXNMLPJKIMFFAI78CA,盧東段,.39,都市：農
RPXNMLPJKIMFFAI78CA,盧東段,4.43,都市：農
RPXNMLPJKIMFFAI78CA,盧東段,1.83,都市：農
RPROMLLJKIMFFAI87CA,下路頭段,137.00,都市：住
RPROMLLJKIMFFAI87CA,下路頭段,6.00,都市：住
RPOOMLPJKIMFFAI97CA,盧東段,32.12,都市：農
RPOOMLPJKIMFFAI97CA,盧東段,37.38,都市：農
RPOOMLPJKIMFFAI97CA,盧東段,12.96,都市：農
RPOOMLPJKIMFFAI97CA,盧東段,111.04,都市：農
RPOOMLPJKIMFFAI97CA,盧東段,.48,都市：農
RPOOMLPJKIMFFAI97CA,盧東段,.42,都市：農
RPOOMLPJKIMFFAI97CA,盧東段,4.80,都市：農
RPOOMLPJKIMFFAI97CA,盧東段,1.98,都市：農
RPTNMLQKJIMFFAI48CA,南門段五小段,56.00,都市：商
RPVNMLQKJIMFFAI68CA,何庄段,40.78,都市：農
RPXNMLRKJIMFFAI98CA,下路頭段,21.65,都市：住
RPXNMLRKJIMFFAI98CA,下路頭段,13.05,都市：住
RPSNMLNLJIMFFAI18CA,車店段車店小段,25.82,都市：住
RPUNMLQKJIMFFAI58CA,東川段,99.00,都市：住
RPOOMLQKJIMFFAI08CA,竹圍子段二小段,18.66,都市：商
RPXNMLQKJIMFFAI88CA,湖內段,20.33,都市：商
RPVNMLPLJIMFFAI68CA,後庄段,95.00,都市：住
RPPOMLLKKIMFFAI77CA,竹圍子段,39.75,都市：住
RPUNMLSLJIMFFAI88CA,車店段車店小段,8.06,都市：住
RPROMLOJKIMFFAI18CA,竹圍子段,87.00,都市：住
RPQNMLKLJIMFFAI67CA,下路頭段,19.33,都市：住
RPQNMLKLJIMFFAI67CA,下路頭段,3.24,都市：住
RPPOMLOJKIMFFAI97CA,台斗坑段,14.00,都市：住
RPPOMLOJKIMFFAI97CA,台斗坑段,63.00,都市：住
RPQOMLOLJIMFFAI18CA,白川段,35.57,都市：住
RPXNMLKLJIMFFAI38CA,埤子頭段,81.00,都市：住
RPXNMLOLJIMFFAI78CA,短竹段,4.76,都市：住
RPVOMLOJKIMFFAI58CA,北社尾段,12.19,都市：住
RPWNMLLJKIMFFAI28CA,港子坪段,62.00,都市：住
RPTNMLLJKIMFFAI97CA,短竹段,170.00,都市：住
RPQNMLOLJIMFFAI28EA,新富段八小段,15.50,都市：商
RPPNMLKLJIMFFAI77EA,湖子內段湖美小段,240.01,都市：其他
RPVNMLTJKIMFFAI98CA,北園段,22.96,都市：住
RPQNMLQKJIMFFAI38EA,劉厝段,136.00,都市：住
RPXNMLRKJIMFFAI56EA,山下段,78.00,都市：住
RPOOMLNLJIMFFAI08EA,埤子頭段,4.18,都市：住
RPQOMLSLJIMFFAI78EA,湖內段,87.00,都市：住
RPSNMLTJKIMFFAI68CA,竹圍子段三小段,110.00,都市：住
RPTNMLTJKIMFFAI78CA,盧厝段,17.92,都市：住
RPUNMLTJKIMFFAI88CA,荖藤段,31.71,都市：住
RPUNMLTJKIMFFAI88CA,荖藤段,122.00,都市：住
RPQNMLSJKIMFFAI38CA,竹圍子段,62.00,都市：住
RPQNMLSJKIMFFAI38CA,竹圍子段,64.00,都市：住
RPUNMLLKKIMFFAI18CA,埤子頭段新厝小段,80.00,都市：住
RPPOMLLJKIMFFAI67CA,新厝段,13.08,都市：住
RPPOMLLJKIMFFAI67CA,新厝段,13.08,都市：住
RPPOMLLJKIMFFAI67CA,新厝段,.01,都市：住
RPPOMLLJKIMFFAI67CA,新厝段,.01,都市：住
RPRNMLPJKIMFFAI18CA,竹圍子段,96.00,都市：住
RPRNMLPJKIMFFAI18CA,竹圍子段,13.00,都市：住
RPPOMLQKJIMFFAI18CA,車店段車店小段,128.00,都市：住
RPRNMLMLJIMFFAI97CA,中山段一小段,59.00,都市：住
RPTNMLMLJIMFFAI18CA,北湖段,122.00,都市：住
RPQNMLSLJIMFFAI48CA,北社尾段保安小段,.00,都市：住
RPQNMLQKQHNFFAI88CA,竹圍子段,71.00,都市：住
RPQNMLQKQHNFFAI88CA,竹圍子段,20.00,都市：住
RPTNMLNLJIMFFAI28CA,白川段,6.62,都市：住
RPTNMLNLJIMFFAI28CA,白川段,18.12,都市：住
RPTNMLNLJIMFFAI28CA,白川段,7.83,都市：住
RPUNMLLLJIMFFAI18CA,興村段,23.25,都市：農
RPTNMLLLJIMFFAI08CA,湖子內段湖美小段,147.91,都市：商
RPQNMLLLJIMFFAI77CA,彌陀段,61.00,都市：其他
RPQOMLLLJIMFFAI87CA,溪東段,1331.28,都市：農
RPQOMLLLJIMFFAI87CA,溪東段,756.50,都市：農
RPQOMLLLJIMFFAI87CA,溪東段,66.45,都市：農
RPQOMLLLJIMFFAI87CA,溪東段,169.78,都市：農
RPQOMLLLJIMFFAI87CA,溪東段,58.45,都市：農
RPQOMLLLJIMFFAI87CA,溪東段,326.41,都市：農
RPQOMLLLJIMFFAI87CA,溪東段,9.04,都市：農
RPQOMLLLJIMFFAI87CA,溪東段,943.84,都市：農
RPQOMLLLJIMFFAI87CA,溪東段,742.34,都市：農
RPQOMLLLJIMFFAI87CA,溪東段,565.66,都市：農
RPOOMLLLJIMFFAI67CA,車店段車店小段,17.91,都市：住
RPXNMLLJKIMFFAI38CA,劉厝段劉厝小段,66.00,都市：住
RPUNMLKKKIMFFAI08CA,遠東段,114.00,都市：住
RPTNMLKLJIMFFAI97CA,竹圍子段二小段,4.08,都市：住
RPPNMLKMJIMFFAI67CA,後庄段,97.00,都市：住
RPPNMLKMJIMFFAI67CA,後庄段,5.00,都市：住
RPWNMLNLJIMFFAI78EA,北園段,481.00,都市：住
RPUNMLMLJIMFFAI48EA,榮段二小段,100.00,都市：工
RPUNMLMLJIMFFAI48EA,榮段二小段,2.65,都市：住
RPROMLNLJIMFFAI38EA,劉厝段玉山小段,952.39,都市：住
RPOOMLOJKIMFFAI87CA,短竹段,118.00,都市：住
RPPNMLNLJIMFFAI87CA,東門段七小段,6.50,都市：商
RPQNMLQLJIMFFAI28CA,遠東段,23.33,都市：住
RPRNMLQLJIMFFAI38CA,新厝段,19.30,都市：住
RPRNMLQLJIMFFAI38CA,新厝段,.01,都市：住
RPQNMLTJKIMFFAI48CA,台斗坑段,23.72,都市：住
RPUNMLQLJIMFFAI68CA,盧厝段,22.89,都市：住
RPUNMLQLJIMFFAI68CA,盧厝段,.01,都市：住
RPWNMLOLJIMFFAI68CA,下路頭段,36.00,都市：住
RPOOMLKLJIMFFAI57CA,埤子頭段,90.00,都市：住
RPOOMLKLJIMFFAI57CA,埤子頭段,22.67,都市：住
RPRNMLLLJIMFFAI87CA,下路頭段,7.82,都市：住
RPRNMLLLJIMFFAI87CA,下路頭段,.01,都市：住
RPXOMLNLJIMFFAI78CA,後庄段,118.00,都市：住
RPPOMLLLJIMFFAI77CA,竹圍子段二小段,13.72,都市：住
RPPNMLLLJIMFFAI67CA,長竹段,89.00,都市：住
RPQNMLMLJIMFFAI87CA,盧厝段,21.18,都市：住
RPXNMLMLJIMFFAI58CA,車店段車店小段,15.16,都市：住
RPUNMLLJKIMFFAI08CA,短竹段,163.00,都市：住
RPOOMLLKKIMFFAI67CA,西門段六小段,3.72,都市：商
RPOOMLLKKIMFFAI67CA,西門段六小段,1.16,都市：商
RPQOMLOJKIMFFAI08CA,彌陀段,11.22,都市：住
RPTNMLTLJIMFFAI88CA,車店段車店小段,10.10,都市：住
RPQNMLTLJIMFFAI58CA,湖子內段興安小段,1225.51,都市：住
RPSNMLKKKIMFFAI87CA,湖子內段湖美小段,1018.50,都市：住
RPQNMLOKKIMFFAI28EA,西門段七小段,.50,都市：住
RPQNMLOJKIMFFAI97CA,長竹段,24.54,都市：住
RPWNMLMLJIMFFAI48CA,白川段,36.76,都市：住
RPQNMLPLJIMFFAI18CA,太平段,15.59,都市：住
RPQNMLPLJIMFFAI18CA,盧厝段,6.41,都市：住
RPRNMLKKKIMFFAI77CA,竹圍子段,13.40,都市：住
RPVNMLTLJIMFFAI09CA,彌陀段,140.00,都市：住
RPVNMLTLJIMFFAI09CA,彌陀段,36.96,都市：住
RPUPMLNLJIMFFAI58CA,竹圍子段三小段,99.00,都市：住
RPVNMLTLJIMFFAI09CA,彌陀段,6.74,都市：住
RPPNMLOLJIMFFAI97CA,車店段,70.00,都市：住
RPPOMLSLJIMFFAI68EA,台斗坑段,13.18,都市：住
RPPOMLNLJIMFFAI18EA,港子坪段,93.00,都市：住
RPPOMLNLJIMFFAI18EA,港子坪段,6.40,都市：住
RPSNMLOLJIMFFAI28CA,中山段四小段,73.00,都市：住
RPWNMLSLJIMFFAI56DA,埤子頭段,.20,都市：住
RPWNMLSLJIMFFAI56DA,埤子頭段,3.40,都市：其他
RPWNMLSLJIMFFAI56DA,埤子頭段,6.40,都市：其他
RPWNMLSLJIMFFAI56DA,埤子頭段,600.96,都市：住
RPWNMLSLJIMFFAI56DA,埤子頭段,1.83,都市：其他
RPWNMLSLJIMFFAI56DA,埤子頭段,1.24,都市：其他
RPWNMLSLJIMFFAI56DA,埤子頭段,1.96,都市：住
RPWNMLSLJIMFFAI56DA,埤子頭段,1.24,都市：住
RPUNMLOKKIMFFAI48CA,湖子內段新民小段,2021.73,都市：商
RPPPMLNLJIMFFAI08CA,遠東段,14.46,都市：住
RPOOMLRLJIMFFAI48EA,下路頭段,94.00,都市：住
RPQNMLLLKIMFFAI08EA,下路頭段,82.00,都市：住
RPPOMLPKKIMFFAI18CA,新富段五小段,60.00,都市：商
RPQOMLTLKIMFFAI78CA,軍輝段,100.00,都市：住
RPQOMLTLKIMFFAI78CA,軍輝段,5.62,都市：住
RPROMLKLKIMFFAI97CA,盧東段,65.35,都市：農
RPROMLKLKIMFFAI97CA,盧東段,76.05,都市：農
RPROMLKLKIMFFAI97CA,盧東段,26.37,都市：農
RPROMLKLKIMFFAI97CA,盧東段,311.75,都市：農
RPROMLKLKIMFFAI97CA,盧東段,225.91,都市：農
RPROMLKLKIMFFAI97CA,盧東段,.97,都市：農
RPROMLKLKIMFFAI97CA,盧東段,.86,都市：農
RPROMLKLKIMFFAI97CA,盧東段,9.76,都市：農
RPROMLKLKIMFFAI97CA,盧東段,4.04,都市：農
RPUNMLPKKIMFFAI58CA,下埤段,70.65,都市：住
RPUNMLPKKIMFFAI58CA,下埤段,1.69,都市：住
RPSOMLTLKIMFFAI98CA,盧厝段,12.04,都市：住
RPSPMLNLJIMFFAI38CA,遠東段,21.05,都市：住
RPVNMLSLJIMFFAI98CA,白川段,70.00,都市：住
RPVNMLSLJIMFFAI98CA,白川段,18.00,都市：住
RPXNMLOJKIMFFAI68CA,湖子內段新民小段,246.78,都市：商
RPTNMLSJKIMFFAI68CA,湖子內段湖美小段,2038.86,都市：工
RPQOMLRLJIMFFAI48CA,短竹段,.31,都市：住
RPQOMLRLJIMFFAI48CA,短竹段,4.94,都市：住
RPRNMLTJKIMFFAI58CA,同興段,12.30,都市：住
RPPNMLRLJIMFFAI38DA,中山段五小段,41.00,都市：住
RPPNMLRLJIMFFAI38DA,中山段五小段,6.83,都市：住
RPPNMLRLJIMFFAI38DA,中山段五小段,4.29,都市：住
RPXOMLRLJIMFFAI56CA,遠東段,23.28,都市：住
RPSNMLMJKIMFFAI97CA,玉川段,56.00,都市：住
RPSNMLMJKIMFFAI97CA,玉川段,13.00,都市：其他
RPRNMLRLJIMFFAI68EA,下路頭段,113.00,都市：住
RPWNMLOJKIMFFAI58CA,竹圍子段,114.00,都市：住
RPWOMLRLJIMFFAI09CA,下路頭段,10.83,都市：住
RPOPMLRLJIMFFAI38CA,下路頭段,29.47,都市：住
RPTNMLRLJIMFFAI68CA,白川段,234.00,都市：住
RPTNMLRLJIMFFAI68CA,白川段,1.00,都市：其他
RPXOMLLKKIMFFAI58CA,竹圍子段,50.00,都市：住
RPOPMLLKKIMFFAI77CA,育人段,144.07,都市：農
RPOPMLLKKIMFFAI77CA,育人段,346.94,都市：農
RPRNMLSLJIMFFAI58CA,竹圍子段三小段,22.44,都市：住
RPWNMLTLJIMFFAI56CA,北社尾段,82.00,都市：住
RPWOMLTLKIMFFAI76CA,鳥岫段,266.15,都市：農
RPWOMLTLKIMFFAI76CA,鳥岫段,1168.69,都市：農
RPOOMLSLJIMFFAI48DA,埤子頭段,42.00,都市：住
RPOOMLSLJIMFFAI48DA,埤子頭段,6.26,都市：住
RPOOMLSLJIMFFAI48DA,埤子頭段,.50,都市：住
RPOOMLSLJIMFFAI48DA,埤子頭段,1.22,都市：住
RPOOMLSLJIMFFAI48DA,埤子頭段,4.08,都市：住
RPOOMLSLJIMFFAI48DA,埤子頭段,6.36,都市：住
RPROMLSLJIMFFAI78DA,埤子頭段,209.99,都市：住
RPROMLSLJIMFFAI78DA,埤子頭段,31.28,都市：住
RPROMLSLJIMFFAI78DA,埤子頭段,2.50,都市：住
RPROMLSLJIMFFAI78DA,埤子頭段,6.08,都市：住
RPROMLSLJIMFFAI78DA,埤子頭段,20.38,都市：住
RPROMLSLJIMFFAI78DA,埤子頭段,31.82,都市：住
RPSOMLSLJIMFFAI98EA,盧厝段,3.50,都市：其他
RPUOMLSLJIMFFAI56EA,盧厝段,3.80,都市：其他
RPXOMLTLKIMFFAI86CA,太平段,9.65,都市：住
RPTOMLOKKIMFFAI48CA,遠東段,775.00,都市：工
RPTOMLOKKIMFFAI48CA,遠東段,568.00,都市：農
RPSNMLSLJIMFFAI68CA,陳厝段,112.25,都市：住
RPPNMLRJKIMFFAI18CA,台斗坑段,22.63,都市：住
RPPNMLRJKIMFFAI18CA,台斗坑段,.01,都市：住
RPTNMLQKKIMFFAI58CA,太平段,99.00,都市：住
RPRNMLTKKIMFFAI68CA,短竹段,116.00,都市：其他
RPRNMLTKKIMFFAI68CA,短竹段,42.36,都市：其他
RPQOMLNKKIMFFAI08CA,湖子內段湖美小段,337.96,都市：住
RPOOMLQKKIMFFAI18CA,車店段車店小段,203.00,都市：住
RPXNMLTLJIMFFAI66CA,下路頭段,39.00,都市：住
RPSNMLRJKIMFFAI48CA,劉厝段,63.00,都市：住
RPSNMLRJKIMFFAI48CA,劉厝段,20.14,都市：住
RPVNMLKKKIMFFAI18CA,竹圍子段三小段,136.00,都市：住
RPTNMLOJKIMFFAI28CA,盧厝段,634.50,都市：農
RPPOMLKMJIMFFAI77CA,北社尾段保安小段,147.00,都市：住
RPPNMLPJKIMFFAI97CA,盧厝段,49.42,都市：住
RPSOMLOJKIMFFAI28CA,檜段一小段,134.00,都市：住
RPWNMLLKKIMFFAI38CA,彌陀段,149.00,都市：住
RPVNMLPLKIMFFAI78CA,台斗坑段,.20,都市：住
RPVNMLPLKIMFFAI78CA,台斗坑段,11.48,都市：住
RPVNMLPLKIMFFAI78CA,台斗坑段,7.74,都市：住
RPOOMLTLJIMFFAI48CA,興村段,66.00,都市：住
RPXNMLSLJIMFFAI56CA,長竹段,22.02,都市：住
RPVNMLRJKIMFFAI78CA,台斗坑段,39.00,都市：商
RPSOMLOKKIMFFAI38CA,遠東段,897.00,都市：工
RPSOMLOKKIMFFAI38CA,遠東段,922.00,都市：農
RPUOMLOJKIMFFAI48CA,北湖段,313.00,都市：住
RPPNMLOJKIMFFAI87CA,北園段,70.00,都市：住
RPWNMLQKKIMFFAI88CA,太平段,86.00,都市：住
RPRNMLQKKIMFFAI38CA,竹圍子段,12.51,都市：住
RPTOMLOJKIMFFAI38CA,民族段三小段,45.00,都市：住
RPTOMLOJKIMFFAI38CA,民族段三小段,18.00,都市：住
RPPNMLTLJIMFFAI58DA,北園段,312.00,都市：住
RPRQMLSKKIMFFAI88CA,車店段車店小段,34.52,都市：住
RPWNMLOKKIMFFAI68CA,埤子頭段,21.22,都市：住
RPWPMLPLKIMFFAI09CA,下路頭段,18.19,都市：住
RPSOMLKLKIMFFAI08CA,盧東段,.44,都市：農
RPSOMLKLKIMFFAI08CA,盧東段,.39,都市：農
RPSOMLKLKIMFFAI08CA,盧東段,4.43,都市：農
RPSOMLKLKIMFFAI08CA,盧東段,1.83,都市：農
RPSOMLKLKIMFFAI08CA,盧東段,29.66,都市：農
RPSOMLKLKIMFFAI08CA,盧東段,34.52,都市：農
RPSOMLKLKIMFFAI08CA,盧東段,11.97,都市：農
RPSOMLKLKIMFFAI08CA,盧東段,32.40,都市：農
RPSOMLKLKIMFFAI08CA,盧東段,102.92,都市：農
RPSNMLQKKIMFFAI48CA,車店段車店小段,25.82,都市：住
RPQNMLKMJIMFFAI77CA,白川段,111.00,都市：住
RPQNMLKMJIMFFAI77CA,白川段,22.69,都市：住
RPXNMLLKKIMFFAI48CA,彌陀段,123.00,都市：住
RPUNMLPJKIMFFAI48CA,北社尾段保安小段,85.00,都市：住
RPTNMLLKKIMFFAI28EA,白川段,34.83,都市：住
RPSNMLOJKIMFFAI18CA,埤子頭段,35.00,都市：住
RPSNMLOJKIMFFAI18CA,埤子頭段,79.00,都市：住
RPVNMLOJKIMFFAI48CA,中山段三小段,.14,都市：住
RPVNMLOJKIMFFAI48CA,中山段三小段,22.18,都市：住
RPQNMLQLKIMFFAI58EA,頂庄段,11.00,都市：農
RPQNMLQLKIMFFAI58EA,頂庄段,72.00,都市：住
RPQNMLQLKIMFFAI58EA,頂庄段,63.00,都市：住
RPRNMLRJKIMFFAI38CA,盧厝段,22.69,都市：住
RPRNMLRJKIMFFAI38CA,盧厝段,.01,都市：其他
RPQNMLLJKIMFFAI67CA,下路頭段,60.00,都市：住
RPROMLOKKIMFFAI28CA,遠東段,11.00,都市：工
RPROMLOKKIMFFAI28CA,遠東段,44.00,都市：工
RPRNMLKMJIMFFAI87CA,玉川段,126.00,都市：住
RPVNMLQKKIMFFAI78CA,短竹段,6.67,都市：住
RPXNMLKMJIMFFAI48CA,埤子頭段,31.32,都市：住
RPOOMLKMJIMFFAI67CA,短竹段,3.49,都市：住
RPRNMLLJKIMFFAI97EA,短竹段,14.95,都市：住
RPSQMLSKKIMFFAI98CA,北園段,12.64,都市：住
RPPQMLPLKIMFFAI48CA,遠東段,192.00,都市：工
RPPQMLPLKIMFFAI48CA,遠東段,131.00,都市：工
RPPQMLPLKIMFFAI48CA,遠東段,583.00,都市：工
RPPQMLPLKIMFFAI48CA,遠東段,230.00,都市：工
RPPQMLPLKIMFFAI48CA,遠東段,343.00,都市：工
RPPQMLPLKIMFFAI48CA,遠東段,19.00,都市：工
RPOQMLSKKIMFFAI58CA,竹圍子段,17.97,都市：住
RPXNMLOKKIMFFAI78CA,湖內段,466.00,都市：住
RPPOMLOKKIMFFAI08CA,湖內段,118.00,都市：住
RPSPMLPLKIMFFAI68CA,太平段,32.89,都市：住
RPPPMLSKKIMFFAI58CA,湖內段,466.00,都市：住
RPPPMLSKKIMFFAI58CA,湖內段,91.00,都市：其他
RPTOMLLKKIMFFAI18CA,興村段,65.00,都市：住
RPQPMLSKKIMFFAI68CA,湖內段,231.00,都市：住
RPQPMLSKKIMFFAI68CA,湖內段,3.50,都市：其他
RPRNMLNKKIMFFAI08CA,港子坪段港坪小段,20.02,都市：住
RPXNMLSKKIMFFAI56CA,竹圍子段,30.20,都市：住
RPXNMLSKKIMFFAI56CA,竹圍子段,.22,都市：住
RPPQMLOLKIMFFAI38CA,車店段車店小段,101.00,都市：住
RPPOMLSKKIMFFAI48CA,竹圍子段,63.42,都市：住
RPPOMLSKKIMFFAI48CA,竹圍子段,.22,都市：住
RPQOMLSKKIMFFAI58CA,竹圍子段,32.12,都市：住
RPQOMLSKKIMFFAI58CA,竹圍子段,.22,都市：住
RPOQMLOLKIMFFAI28CA,竹圍子段二小段,14.37,都市：住
RPOOMLSKKIMFFAI38CA,竹圍子段,39.64,都市：住
RPOOMLSKKIMFFAI38CA,竹圍子段,.22,都市：住
RPROMLSKKIMFFAI68CA,竹圍子段,32.12,都市：住
RPROMLSKKIMFFAI68CA,竹圍子段,.22,都市：住
RPQNMLMKKIMFFAI87CA,遠東段,16.47,都市：住
RPSOMLSKKIMFFAI78CA,竹圍子段,32.12,都市：住
RPSOMLSKKIMFFAI78CA,竹圍子段,.22,都市：住
RPVOMLSKKIMFFAI09CA,竹圍子段,23.28,都市：住
RPVOMLSKKIMFFAI09CA,竹圍子段,.22,都市：住
RPSNMLLJKIMFFAI87CA,下路頭段,98.00,都市：住
RPVNMLSJKIMFFAI88CA,竹圍子段,.28,都市：住
RPVNMLSJKIMFFAI88CA,竹圍子段,106.00,都市：住
RPVNMLSJKIMFFAI88CA,竹圍子段,.22,都市：住
RPWNMLSJKIMFFAI98CA,竹圍子段,.28,都市：住
RPWNMLSJKIMFFAI98CA,竹圍子段,99.00,都市：住
RPWNMLSJKIMFFAI98CA,竹圍子段,.22,都市：住
RPQNMLPJKIMFFAI08CA,竹圍子段友愛小段,36.00,都市：住
RPUOMLSKKIMFFAI98CA,竹圍子段,18.13,都市：住
RPUOMLSKKIMFFAI98CA,竹圍子段,.22,都市：住
RPXOMLSKKIMFFAI66CA,竹圍子段,31.65,都市：住
RPXOMLSKKIMFFAI66CA,竹圍子段,.22,都市：住
RPTOMLSKKIMFFAI88CA,竹圍子段,41.12,都市：住
RPTOMLSKKIMFFAI88CA,竹圍子段,.22,都市：住
RPWOMLSKKIMFFAI56CA,竹圍子段,31.54,都市：住
RPWOMLSKKIMFFAI56CA,竹圍子段,.22,都市：住
RPSOMLLKKIMFFAI08CA,竹圍子段,695.00,都市：住
RPQOMLQKKIMFFAI38CA,北社尾段保安小段,14.62,都市：住
RPOQMLPLKIMFFAI38CA,大溪段,3.91,都市：住
RPQQMLSKKIMFFAI78CA,頂庄段,21.49,都市：住
RPUOMLKLKIMFFAI28CA,短竹段,139.33,都市：住
RPXNMLLLKIMFFAI58CA,長竹段,4.40,都市：住
RPUNMLQKKIMFFAI68CA,同興段,84.00,都市：住
RPUNMLRJKIMFFAI88EA,堀川段,109.00,都市：住
RPTNMLQJKIMFFAI68EA,埤子頭段,2.00,都市：住
RPTNMLQJKIMFFAI68EA,埤子頭段,7.00,都市：住
RPTNMLQJKIMFFAI68EA,埤子頭段,12.00,都市：住
RPVNMLQJKIMFFAI68CA,盧厝段,72.00,都市：住
RPRNMLQJKIMFFAI28CA,長竹段,88.00,都市：住
RPPNMLQJKIMFFAI08CA,遠東段,16.80,都市：住
RPVQMLTLKIMFFAI86CA,短竹段,59.17,都市：住
RPTOMLSLKIMFFAI98CA,車店段車店小段,10.88,都市：住
RPROMLSLKIMFFAI78CA,埤子頭段,6.13,都市：住
RPROMLSLKIMFFAI78CA,埤子頭段,6.96,都市：住
RPSOMLSLKIMFFAI88CA,劉厝段劉厝小段,75.00,都市：住
RPXNMLOLKIMFFAI88CA,車店段,26.98,都市：住
RPXNMLOLKIMFFAI88CA,白川段,4.29,都市：住
RPWNMLOLKIMFFAI78CA,車店段,26.98,都市：住
RPWNMLOLKIMFFAI78CA,白川段,4.29,都市：住
RPOOMLOLKIMFFAI08CA,車店段,26.98,都市：住
RPOOMLOLKIMFFAI08CA,白川段,4.29,都市：住
RPXNMLPKKIMFFAI88CA,埤子頭段,28.00,都市：住
RPXNMLQKKIMFFAI98CA,下路頭段,23.47,都市：住
RPVNMLSKKIMFFAI98CA,下埤段,230.67,都市：住
RPVNMLSKKIMFFAI98CA,下埤段,38.14,都市：其他
RPVNMLSKKIMFFAI98CA,下埤段,3.66,都市：住
RPTNMLSKKIMFFAI78CA,下埤段,225.00,都市：住
RPTNMLSKKIMFFAI78CA,下埤段,14.60,都市：其他
RPTNMLSKKIMFFAI78CA,下埤段,.99,都市：其他
RPPOMLOLKIMFFAI18CA,車店段,26.98,都市：住
RPPOMLOLKIMFFAI18CA,白川段,4.29,都市：住
RPQNMLRJKIMFFAI28CA,湖子內段新民小段,243.71,都市：住
RPPOMLPJKIMFFAI08CA,同興段,24.60,都市：住
RPSPMLNJJHNFFAI18CA,下路頭段,898.00,都市：其他
RPSPMLNJJHNFFAI18CA,下路頭段,492.00,都市：其他
RPSPMLNJJHNFFAI18CA,下路頭段,482.00,都市：其他
RPSPMLNJJHNFFAI18CA,下路頭段,239.00,都市：其他
RPSPMLNJJHNFFAI18CA,下路頭段,787.00,都市：其他
RPSPMLNJJHNFFAI18CA,下路頭段,278.00,都市：其他
RPSPMLNJJHNFFAI18CA,下路頭段,1103.00,都市：其他
RPPPMLNJJHNFFAI87CA,下路頭段,204.00,都市：住
RPPPMLNJJHNFFAI87CA,下路頭段,841.00,都市：住
RPPPMLNJJHNFFAI87CA,下路頭段,3793.00,都市：住
RPVNMLOJJHNFFAI38CA,下路頭段,86.00,都市：商
RPVNMLOJJHNFFAI38CA,下路頭段,575.00,都市：商
RPVNMLOJJHNFFAI38CA,下路頭段,280.00,都市：其他
RPVNMLOJJHNFFAI38CA,下路頭段,1214.00,都市：其他
RPVNMLOJJHNFFAI38CA,下路頭段,430.00,都市：住
RPVNMLOJJHNFFAI38CA,下路頭段,5005.00,都市：住
RPVNMLOJJHNFFAI38CA,下路頭段,1382.00,都市：住
RPVNMLOJJHNFFAI38CA,下路頭段,2874.00,都市：商
RPVNMLOJJHNFFAI38CA,下路頭段,2.00,都市：商
RPQOMLPJKIMFFAI18CA,車店段車店小段,96.00,都市：住
RPROMLQKKIMFFAI48CA,同興段,20.50,都市：住
RPWNMLSKKIMFFAI09CA,遠東段,14.93,都市：住
RPVOMLLKKIMFFAI38CA,短竹段,60.00,都市：商
RPWOMLLKKIMFFAI48CA,短竹段,60.00,都市：商
RPROMLOLKIMFFAI38CA,車店段車店小段,34.52,都市：住
RPQOMLOLKIMFFAI28CA,車店段車店小段,34.52,都市：住
RPSOMLOLKIMFFAI48CA,車店段車店小段,32.27,都市：住
RPUOMLOLKIMFFAI68CA,車店段車店小段,32.22,都市：住
RPTOMLOLKIMFFAI58CA,車店段車店小段,32.27,都市：住
RPVOMLOLKIMFFAI78CA,車店段車店小段,32.27,都市：住
RPWOMLOLKIMFFAI88CA,車店段車店小段,32.22,都市：住
RPXOMLOLKIMFFAI98CA,車店段車店小段,32.27,都市：住
RPOPMLOLKIMFFAI18CA,車店段車店小段,32.22,都市：住
RPPPMLOLKIMFFAI28CA,車店段車店小段,32.22,都市：住
RPRPMLOLKIMFFAI48CA,車店段車店小段,32.22,都市：住
RPSPMLOLKIMFFAI58CA,車店段車店小段,30.69,都市：住
RPTPMLOLKIMFFAI68CA,車店段車店小段,30.69,都市：住
RPQPMLOLKIMFFAI38CA,車店段車店小段,32.22,都市：住
RPVPMLOLKIMFFAI88CA,車店段車店小段,30.69,都市：住
RPUPMLOLKIMFFAI78CA,車店段車店小段,30.69,都市：住
RPUNMLMJJHNFFAI08CA,車店段車店小段,116.00,都市：住
RPWPMLOLKIMFFAI98CA,車店段車店小段,30.69,都市：住
RPXPMLOLKIMFFAI09CA,車店段車店小段,30.69,都市：住
RPPQMLTLKIMFFAI88CA,盧厝段,1157.00,都市：農
RPSNMLOLKIMFFAI38CA,車店段,25.33,都市：住
RPSNMLOLKIMFFAI38CA,白川段,4.27,都市：住
RPRNMLOLKIMFFAI28CA,車店段,25.33,都市：住
RPRNMLOLKIMFFAI28CA,白川段,4.27,都市：住
RPQNMLOLKIMFFAI18CA,盧厝段,43.56,都市：住
RPVNMLOLKIMFFAI68CA,車店段,25.33,都市：住
RPVNMLOLKIMFFAI68CA,白川段,4.27,都市：住
RPTNMLOLKIMFFAI48CA,車店段,25.33,都市：住
RPTNMLOLKIMFFAI48CA,白川段,4.27,都市：住
RPTQMLSKKIMFFAI09CA,下路頭段,7.07,都市：住
RPUNMLOLKIMFFAI58CA,車店段,25.33,都市：住
RPUNMLOLKIMFFAI58CA,白川段,4.27,都市：住
RPSQMLTLKIMFFAI56CA,中山段三小段,23.45,都市：住
RPTNMLKLKIMFFAI08CA,下路頭段,28.00,都市：住
RPXOMLSLKIMFFAI76CA,下埤段,1808.87,都市：住
RPXOMLSLKIMFFAI76CA,下埤段,102.88,都市：其他
RPXOMLSLKIMFFAI76CA,下埤段,3.86,都市：住
RPXOMLSLKIMFFAI76CA,下埤段,276.58,都市：其他
RPRNMLSJKIMFFAI68EA,北園段,59.78,都市：住
RPPNMLNKKIMFFAI08EA,同興段,57.78,都市：住
RPPNMLMKKIMFFAI97EA,新富段四小段,14.80,都市：商
RPQQMLTLKIMFFAI98CA,下路頭段,418.00,都市：農
RPQQMLPLKIMFFAI58CA,竹圍子段,10.88,都市：住
RPPNMLLKKIMFFAI87EA,北社尾段保安小段,69.50,都市：住
RPOPMLTLKIMFFAI68CA,彌陀段,32.03,都市：住
RPPOMLNKKIMFFAI97CA,中庄段,42.64,都市：住
RPSOMLQKKIMFFAI58CA,埤子頭段,7.97,都市：住
RPSOMLQKKIMFFAI58CA,埤子頭段,7.02,都市：住
RPPNMLQKKIMFFAI18CA,車店段,33.00,都市：住
RPPNMLQKKIMFFAI18CA,車店段,8.00,都市：住
RPRNMLSJKIMFFAI48CA,興村段,264.00,都市：住
RPWNMLTLKIMFFAI66CA,新富段一小段,.59,都市：住
RPWNMLTLKIMFFAI66CA,南門段七小段,16.01,都市：住
RPUNMLSJKIMFFAI78CA,下路頭段,.02,都市：住
RPUNMLSJKIMFFAI78CA,下路頭段,3.11,都市：住
RPUNMLSJKIMFFAI78CA,下路頭段,118.00,都市：住
RPUNMLSJKIMFFAI78CA,下路頭段,26.40,都市：住
RPSNMLSJKIMFFAI58CA,車店段車店小段,41.50,都市：住
RPSNMLSJKIMFFAI58CA,車店段車店小段,41.50,都市：住
RPQOMLLKKIMFFAI87CA,湖子內段新民小段,470.19,都市：住
RPUOMLLKKIMFFAI28CA,育人段,7.67,都市：農
RPUOMLLKKIMFFAI28CA,育人段,20.89,都市：住
RPWNMLPKKIMFFAI78CA,盧厝段,12.55,都市：住
RPROMLLKKIMFFAI97CA,竹圍子段一小段,114.00,都市：住
RPSNMLNKKIMFFAI18CA,湖子內段興安小段,243.37,都市：住
RPPNMLTJKIMFFAI38CA,盧厝段,19.55,都市：住
RPVNMLLKKIMFFAI28CA,盧厝段,121.00,都市：住
RPOOMLNKKIMFFAI87CA,車店段車店小段,32.22,都市：住
RPSOMLLLKIMFFAI18CA,下路頭段,65.00,都市：商
RPROMLTLKIMFFAI88CA,下路頭段,21.00,都市：住
RPUQMLTLKIMFFAI76CA,埤子頭段新厝小段,149.00,都市：住
RPUNMLRLKIMFFAI88CA,下路頭段,54.00,都市：住
RPUNMLRLKIMFFAI88CA,下路頭段,70.00,都市：住
RPPNMLOLKIMFFAI08CA,西門段五小段,19.69,都市：商
RPPNMLOLKIMFFAI08CA,西門段五小段,8.12,都市：商
RPQNMLLKKIMFFAI77CA,湖子內段湖內小段,92.00,都市：住
RPVNMLKMKIMFFAI38CA,下路頭段,66.00,都市：住
RPTNMLSLKIMFFAI88CA,盧東段,28.28,都市：農
RPTNMLSLKIMFFAI88CA,盧東段,122.03,都市：農
RPQNMLKMKIMFFAI87CA,頂庄段,25.77,都市：住
RPUNMLKMKIMFFAI28CA,竹圍子段,23.69,都市：住
RPUNMLSLKIMFFAI98CA,玉川段,21.33,都市：住
RPUNMLKMKIMFFAI28CA,竹圍子段,7.61,都市：住
RPUNMLSLKIMFFAI98CA,下路頭段,8.70,都市：住
RPWNMLKMKIMFFAI48CA,湖內段,8.00,都市：住
RPWNMLKMKIMFFAI48CA,湖內段,82.00,都市：住
RPVOMLKLKIMFFAI38CA,北社尾段,142.00,都市：住
RPPNMLOKKIMFFAI97CA,埤子頭段,94.00,都市：其他
RPPNMLOKKIMFFAI97CA,埤子頭段,50.00,都市：住
RPUNMLNKKIMFFAI38CA,台斗坑段,62.00,都市：住
RPUNMLNKKIMFFAI38CA,台斗坑段,162.00,都市：住
RPTNMLOKKIMFFAI38CA,劉厝段劉厝小段,4.83,都市：商
RPRNMLMKKIMFFAI97CA,白川段,42.00,都市：住
RPRNMLMKKIMFFAI97CA,白川段,7.00,都市：住
RPQNMLQKKIMFFAI28CA,車店段,78.00,都市：住
RPQNMLQKKIMFFAI28CA,車店段,1.00,都市：住
RPRNMLPKKIMFFAI28CA,下路頭段,4.35,都市：住
RPQNMLNKKIMFFAI97CA,後庄段,87.00,都市：住
RPTNMLPKKIMFFAI48CA,北園段,17.06,都市：住
RPRNMLOKKIMFFAI18CA,白川段,35.62,都市：住
RPSNMLOKKIMFFAI28CA,劉厝段玉山小段,139.59,都市：住
RPWNMLKLKIMFFAI38CA,盧厝段,11.52,都市：住
RPVNMLKLKIMFFAI28CA,車店段,24.38,都市：住
RPPNMLMKJHNFFAI67CA,興村段,3.26,都市：住
RPPNMLMKJHNFFAI67CA,興村段,19.62,都市：住
RPSOMLSJJHNFFAI58CA,盧厝段,26.40,都市：住
RPSOMLSJJHNFFAI58CA,盧厝段,.29,都市：住
RPSOMLSJJHNFFAI58CA,盧厝段,93.00,都市：住
RPWPMLSKKIMFFAI66CA,埤子頭段,89.00,都市：住
RPWPMLSKKIMFFAI66CA,埤子頭段,19.92,都市：住
RPUNMLTKKIMFFAI98CA,彌陀段,22.71,都市：住
RPUNMLTKKIMFFAI98CA,彌陀段,108.00,都市：住
RPUNMLTKKIMFFAI98CA,彌陀段,.57,都市：住
RPXPMLSKKIMFFAI76CA,埤子頭段,87.00,都市：住
RPXPMLSKKIMFFAI76CA,埤子頭段,19.92,都市：住
RPWNMLTKKIMFFAI56CA,彌陀段,6.00,都市：住
RPWNMLTKKIMFFAI56CA,彌陀段,15.00,都市：住
RPWNMLTKKIMFFAI56CA,彌陀段,98.00,都市：住
RPWNMLTKKIMFFAI56CA,彌陀段,22.71,都市：住
RPWNMLTKKIMFFAI56CA,彌陀段,.57,都市：住
RPVNMLTKKIMFFAI09CA,彌陀段,22.71,都市：住
RPVNMLTKKIMFFAI09CA,彌陀段,117.00,都市：住
RPVNMLTKKIMFFAI09CA,彌陀段,.57,都市：住
RPVNMLTKKIMFFAI09CA,彌陀段,28.00,都市：住
RPPNMLPKKIMFFAI28EA,興村段,3.30,都市：住
RPPNMLPKKIMFFAI28EA,興村段,2.30,都市：住
RPPNMLPKKIMFFAI28EA,興村段,1.50,都市：住
RPPNMLPKKIMFFAI28EA,興村段,.80,都市：住
RPPNMLPKKIMFFAI28EA,興村段,.10,都市：住
RPPOMLTLKIMFFAI68CA,港子坪段港坪小段,11.59,都市：住
RPXNMLNKKIMFFAI88EA,下路頭段,65.16,都市：住
RPWNMLNKKIMFFAI78EA,車店段車店小段,75.00,都市：住
RPRNMLSJJHNFFAI38CA,竹圍子段,92.00,都市：住
RPXNMLKMKIMFFAI58CA,埤子頭段,160.00,都市：住
RPXNMLKMKIMFFAI58CA,埤子頭段,88.00,都市：住
RPXNMLKMKIMFFAI58CA,埤子頭段,2.00,都市：其他
RPROMLPLKIMFFAI48CA,頂庄段,84.00,都市：住
RPROMLPLKIMFFAI48CA,頂庄段,19.29,都市：農
RPROMLPLKIMFFAI48CA,頂庄段,1.69,都市：住
RPROMLPLKIMFFAI48CA,頂庄段,33.00,都市：農
RPUOMLPLKIMFFAI78CA,頂庄段,19.29,都市：農
RPUOMLPLKIMFFAI78CA,頂庄段,83.00,都市：住
RPUOMLPLKIMFFAI78CA,頂庄段,1.69,都市：住
RPUOMLPLKIMFFAI78CA,頂庄段,29.00,都市：農
RPPOMLKMKIMFFAI87CA,興村段,12.60,都市：住
RPTOMLPLKIMFFAI68CA,頂庄段,19.29,都市：農
RPTOMLPLKIMFFAI68CA,頂庄段,85.00,都市：住
RPTOMLPLKIMFFAI68CA,頂庄段,1.69,都市：住
RPTOMLPLKIMFFAI68CA,頂庄段,29.00,都市：農
RPPOMLMLKIMFFAI97CA,竹圍子段,75.00,都市：住
RPSOMLPLKIMFFAI58CA,頂庄段,19.29,都市：農
RPSOMLPLKIMFFAI58CA,頂庄段,84.00,都市：住
RPSOMLPLKIMFFAI58CA,頂庄段,1.69,都市：住
RPSOMLPLKIMFFAI58CA,頂庄段,21.00,都市：農
RPRPMLSKKIMFFAI78CA,竹圍子段,39.88,都市：住
RPRPMLSKKIMFFAI78CA,竹圍子段,.22,都市：住
RPPNMLTKKIMFFAI48CA,湖子內段興安小段,72.69,都市：住
RPQNMLTKKIMFFAI58CA,湖子內段興安小段,72.71,都市：住
RPOPMLSKKIMFFAI48CA,竹圍子段,.28,都市：住
RPOPMLSKKIMFFAI48CA,竹圍子段,127.00,都市：住
RPOPMLSKKIMFFAI48CA,竹圍子段,.22,都市：住
RPPNMLPKKIMFFAI08CA,遠東段,161.00,都市：工
RPPNMLPKKIMFFAI08CA,遠東段,115.00,都市：工
RPPNMLPKKIMFFAI08CA,遠東段,372.00,都市：工
RPPNMLPKKIMFFAI08CA,遠東段,215.00,都市：工
RPPNMLPKKIMFFAI08CA,遠東段,277.00,都市：工
RPPNMLPKKIMFFAI08CA,遠東段,28.00,都市：工
RPPNMLPKKIMFFAI08CA,遠東段,16.00,都市：工
RPPNMLPKKIMFFAI08CA,遠東段,8.00,都市：工
RPPNMLPKKIMFFAI08CA,遠東段,107.00,都市：工
RPSOMLPKKIMFFAI48CA,盧厝段,64.00,都市：住
RPVNMLPKKIMFFAI68CA,下路頭段,1.00,都市：住
RPVNMLPKKIMFFAI68CA,下路頭段,1.00,都市：住
RPVNMLPKKIMFFAI68CA,下路頭段,65.00,都市：住
RPVNMLPKKIMFFAI68CA,下路頭段,9.00,都市：住
RPTPMLPLKIMFFAI78CA,盧厝段,80.00,都市：住
RPXPMLPLKIMFFAI56CA,興村段,1.55,都市：住
RPXPMLPLKIMFFAI56CA,興村段,9.34,都市：住
RPXOMLPLKIMFFAI09CA,頂庄段,19.29,都市：農
RPXOMLPLKIMFFAI09CA,頂庄段,87.00,都市：住
RPXOMLPLKIMFFAI09CA,頂庄段,26.40,都市：住
RPXOMLPLKIMFFAI09CA,頂庄段,1.69,都市：住
RPXOMLPLKIMFFAI09CA,頂庄段,24.00,都市：農
RPWOMLPLKIMFFAI98CA,頂庄段,19.29,都市：農
RPWOMLPLKIMFFAI98CA,頂庄段,83.00,都市：住
RPWOMLPLKIMFFAI98CA,頂庄段,1.69,都市：住
RPWOMLPLKIMFFAI98CA,頂庄段,29.00,都市：農
RPOPMLPLKIMFFAI28CA,頂庄段,19.29,都市：農
RPOPMLPLKIMFFAI28CA,頂庄段,90.00,都市：住
RPOPMLPLKIMFFAI28CA,頂庄段,26.40,都市：住
RPOPMLPLKIMFFAI28CA,頂庄段,1.69,都市：住
RPPPMLPLKIMFFAI38CA,頂庄段,19.29,都市：農
RPPPMLPLKIMFFAI38CA,頂庄段,89.00,都市：住
RPPPMLPLKIMFFAI38CA,頂庄段,26.40,都市：住
RPPPMLPLKIMFFAI38CA,頂庄段,1.69,都市：住
RPRPMLPLKIMFFAI58CA,頂庄段,172.00,都市：住
RPRPMLPLKIMFFAI58CA,頂庄段,19.29,都市：農
RPRPMLPLKIMFFAI58CA,頂庄段,26.40,都市：住
RPRPMLPLKIMFFAI58CA,頂庄段,1.69,都市：住
RPQPMLPLKIMFFAI48CA,頂庄段,19.29,都市：農
RPQPMLPLKIMFFAI48CA,頂庄段,26.40,都市：住
RPQPMLPLKIMFFAI48CA,頂庄段,1.69,都市：住
RPQPMLPLKIMFFAI48CA,頂庄段,130.00,都市：住
RPVNMLLLKIMFFAI58EA,湖子內段湖美小段,239.98,都市：其他
RPWNMLLLKIMFFAI68EA,湖子內段新民小段,360.89,都市：其他
RPVNMLPKKIMFFAI88EA,湖子內段新民小段,300.67,都市：住
RPQOMLMJJHNFFAI77CA,車店段車店小段,11.40,都市：住
RPUNMLPLKIMFFAI78DA,竹圍子段,566.00,都市：工
RPVNMLMLKIMFFAI68EA,湖子內段湖美小段,1086.22,都市：其他
RPQOMLPKKIMFFAI48EA,劉厝段玉山小段,29.25,都市：住
RPQOMLPKKIMFFAI48EA,劉厝段玉山小段,128.42,都市：住
RPTOMLTJJHNFFAI78CA,長竹段,15.03,都市：住
RPTOMLTJJHNFFAI78CA,長竹段,189.21,都市：住
RPUOMLTJJHNFFAI88CA,長竹段,8.95,都市：住
RPUOMLTJJHNFFAI88CA,長竹段,94.01,都市：住
RPSNMLTKKIMFFAI98EA,下路頭段,73.00,都市：住
RPWOMLTJJHNFFAI09CA,長竹段,24.42,都市：住
RPWOMLTJJHNFFAI09CA,長竹段,2.13,都市：住
RPWOMLTJJHNFFAI09CA,長竹段,.40,都市：住
RPVOMLTJJHNFFAI98CA,長竹段,6.01,都市：住
RPVOMLTJJHNFFAI98CA,長竹段,70.78,都市：住
RPVNMLQJJHNFFAI58CA,下路頭段,104.00,都市：住
RPXPMLTLKIMFFAI96CA,湖子內段新民小段,750.29,都市：住
RPVNMLMJJHNFFAI28DA,西門段六小段,58.00,都市：住
RPVNMLRLKIMFFAI56EA,下路頭段,60.00,都市：住
RPVNMLRLKIMFFAI56EA,下路頭段,60.00,都市：住
RPVNMLRLKIMFFAI56EA,下路頭段,1.40,都市：住
RPVNMLRLKIMFFAI56EA,下路頭段,1.40,都市：住
RPWNMLSLKIMFFAI56CA,何庄段,35.38,都市：住
RPROMLNJJHNFFAI97CA,西門段四小段,8.58,都市：商
RPXOMLTJJHNFFAI56CA,長竹段,73.00,都市：住
RPSPMLSKKIMFFAI88CA,湖子內段湖內小段,2516.00,都市：農
RPUPMLPLKIMFFAI88CA,頂庄段,89.00,都市：住
RPPOMLPLKIMFFAI28CA,湖子內段湖美小段,147.91,都市：住
RPPQMLSKKIMFFAI68CA,大溪厝段,78.00,都市：住
RPUOMLSLKIMFFAI09CA,港子坪段港坪小段,30.63,都市：商
RPXNMLTKKIMFFAI66CA,車店段車店小段,5.72,都市：住
RPQNMLKLKIMFFAI77CA,埤子頭段,84.00,都市：住
RPROMLLLKIMFFAI08CA,同興段,16.00,都市：住
RPROMLLLKIMFFAI08CA,同興段,82.00,都市：住
RPSNMLKLKIMFFAI97CA,車店段,106.00,都市：住
RPSNMLKLKIMFFAI97CA,車店段,.74,都市：住
RPSNMLKLKIMFFAI97CA,車店段,1.11,都市：住
RPSNMLKLKIMFFAI97CA,車店段,.53,都市：住
RPSNMLKLKIMFFAI97CA,車店段,34.58,都市：住
RPRNMLKLKIMFFAI87CA,車店段,103.00,都市：住
RPRNMLKLKIMFFAI87CA,車店段,.74,都市：住
RPRNMLKLKIMFFAI87CA,車店段,1.11,都市：住
RPRNMLKLKIMFFAI87CA,車店段,.53,都市：住
RPRNMLKLKIMFFAI87CA,車店段,34.58,都市：住
RPTOMLKKJHNFFAI97CA,遠東段,1630.00,都市：工
RPTOMLKKJHNFFAI97CA,遠東段,50.00,都市：工
RPSNMLSJJHNFFAI48CA,湖子內段新民小段,256.20,都市：住
RPWNMLPLKIMFFAI88CA,盧厝段,17.92,都市：住
RPQOMLKLKIMFFAI08EA,湖子內段新民小段,567.72,都市：住
RPVNMLSJJHNFFAI78CA,短竹段,14.64,都市：住
RPVNMLTLKIMFFAI56CA,港子坪段,21.57,都市：住
RPVNMLTLKIMFFAI56CA,港子坪段,83.00,都市：住
RPQNMLMKJHNFFAI77CA,竹圍子段,8.20,都市：住
RPUNMLSJJHNFFAI68CA,湖內段,87.00,都市：住
RPUNMLSJJHNFFAI68CA,湖內段,8.00,都市：住
RPUNMLSJJHNFFAI68CA,湖內段,9.01,都市：其他
RPUNMLSJJHNFFAI68CA,湖內段,29.67,都市：住
RPTPMLTLKIMFFAI56CA,竹圍子段,85.00,都市：住
RPTNMLTKKIMFFAI09EA,竹圍子段,58.00,都市：住
RPTNMLTKKIMFFAI09EA,竹圍子段,7.00,都市：住
RPTNMLTKKIMFFAI09EA,竹圍子段,1.00,都市：住
RPQNMLRLKIMFFAI68EA,下路頭段,76.00,都市：住
RPROMLMJJHNFFAI87CA,下路頭段,53.00,都市：住
RPROMLMJJHNFFAI87CA,下路頭段,53.00,都市：住
RPPOMLKLKIMFFAI97EA,鹿寮段,23.33,都市：住
RPQOMLNJJHNFFAI87CA,埤子頭段,97.00,都市：住
RPXNMLKLKIMFFAI68EA,車店段,6.65,都市：住
RPXNMLKLKIMFFAI68EA,車店段,6.65,都市：住
RPXNMLKLKIMFFAI68EA,車店段,.45,都市：住
RPXNMLKLKIMFFAI68EA,車店段,.45,都市：住
RPXNMLKLKIMFFAI68EA,車店段,1.52,都市：住
RPXNMLKLKIMFFAI68EA,車店段,1.52,都市：住
RPWNMLLLKIMFFAI58DA,山下段,81.00,都市：住
RPWNMLLLKIMFFAI58DA,山下段,8.00,都市：住
RPXOMLNJJHNFFAI58CA,劉厝段,88.00,都市：住
RPRQMLTLKIMFFAI09CA,下路頭段,9.79,都市：住
RPVPMLPLKIMFFAI98CA,下路頭段,153.00,都市：其他
RPVPMLPLKIMFFAI98CA,下路頭段,194.00,都市：其他
RPVOMLKKJHNFFAI18CA,竹圍子段,45.00,都市：住
RPSNMLKMKIMFFAI08CA,埤子頭段,47.32,都市：住
RPSNMLKMKIMFFAI08CA,埤子頭段,10.84,都市：住
RPPNMLKLKIMFFAI67CA,下路頭段,55.00,都市：住
RPPNMLKLKIMFFAI67CA,下路頭段,55.00,都市：住
RPRNMLLLKIMFFAI97CA,湖子內段興安小段,148.77,都市：住
RPTNMLLLKIMFFAI18CA,南門段五小段,7.58,都市：商
RPTNMLLLKIMFFAI18CA,南門段五小段,2.84,都市：商
RPTNMLLLKIMFFAI18CA,南門段五小段,.37,都市：商
RPUNMLLLKIMFFAI28CA,白川段,61.00,都市：住
RPSNMLLLKIMFFAI08CA,湖子內段興安小段,157.69,都市：住
RPTOMLKLKIMFFAI18CA,短竹段,13.33,都市：住
RPWPMLTLKIMFFAI86CA,元段五小段,105.00,都市：商
RPPNMLLKJHNFFAI77EA,竹圍子段,42.00,都市：住
RPRNMLQLKIMFFAI48CA,彌陀段,18.45,都市：住
RPTOMLRKJHNFFAI68CA,北門段七小段,118.00,都市：商
RPTOMLRKJHNFFAI68CA,北門段七小段,52.00,都市：商
RPXNMLMLKIMFFAI68CA,台斗坑段,233.50,都市：住
RPXNMLMLKIMFFAI68CA,台斗坑段,233.50,都市：住
RPTNMLMLKIMFFAI28CA,中庄段,276.00,都市：住
RPTOMLLLKIMFFAI28CA,劉厝段,86.00,都市：住
RPQOMLLLKIMFFAI97CA,興村段,87.00,都市：住
RPRNMLMLKIMFFAI08CA,埤子頭段,14.56,都市：住
RPTNMLKMKIMFFAI18CA,港子坪段港坪小段,9.79,都市：住
RPOOMLLLKIMFFAI77CA,興村段,116.00,都市：住
RPRNMLKMKIMFFAI97CA,遠東段,79.80,都市：住
RPOQMLTLKIMFFAI78CA,育人段,3.69,都市：住
RPOQMLTLKIMFFAI78CA,育人段,82.36,都市：住
RPVNMLKKJHNFFAI08CA,劉厝段玉山小段,1774.06,都市：住
RPOOMLKKJHNFFAI47CA,八掌段,1093.50,都市：農
RPOOMLKKJHNFFAI47CA,八掌段,1093.50,都市：農
RPVOMLNJJHNFFAI38CA,車店段車店小段,8.28,都市：住
RPWOMLKKJHNFFAI28CA,湖內段,13.58,都市：商
RPOOMLMJJHNFFAI57CA,港子坪段,93.00,都市：住
RPXOMLKKJHNFFAI38CA,下路頭段,12.87,都市：住
RPUOMLKKJHNFFAI08CA,竹圍子段,46.00,都市：住
RPWNMLQJJHNFFAI68CA,軍輝段,73.00,都市：住
RPQNMLPLKIMFFAI48EA,湖子內段湖美小段,75.70,都市：工
RPPNMLMLKIMFFAI08EA,後庄段,50.00,都市：農
RPPNMLMLKIMFFAI08EA,後庄段,50.00,都市：農
RPVOMLTLKIMFFAI86EA,榮段三小段,3.00,都市：住
RPVNMLPLKIMFFAI98EA,下埤段,352.00,都市：農
RPQNMLMLKIMFFAI18EA,遠東段,1.74,都市：工
RPQNMLMLKIMFFAI18EA,遠東段,.62,都市：工
RPTOMLOJJHNFFAI28CA,荖藤段,102.00,都市：住
RPUNMLMLKIMFFAI58EA,下路頭段,41.72,都市：住
RPUNMLMLKIMFFAI58EA,下路頭段,157.00,都市：住
RPXNMLMKJHNFFAI48CA,長竹段,28.00,都市：農
RPPOMLMKJHNFFAI77CA,長竹段,30.00,都市：農
RPOOMLMKJHNFFAI67CA,長竹段,26.00,都市：農
RPWNMLMJJHNFFAI28CA,鳥岫段,63.85,都市：住
RPWNMLMJJHNFFAI28CA,鳥岫段,30.31,都市：住
RPWNMLMJJHNFFAI28CA,鳥岫段,1.60,都市：住
RPSOMLKKJHNFFAI87CA,遠東段,17.36,都市：住
RPTQMLTLKIMFFAI66CA,車店段車店小段,73.00,都市：商
RPOOMLNJJHNFFAI67CA,埤子頭段,69.00,都市：住
RPOOMLQKJHNFFAI08CA,軍輝段,47.97,都市：住
RPSNMLKKJHNFFAI77CA,育人段,188.13,都市：住
RPPOMLNJJHNFFAI77CA,同興段,46.00,都市：住
RPPOMLNJJHNFFAI77CA,同興段,12.00,都市：住
RPTOMLNJJHNFFAI18CA,新富段六小段,53.00,都市：商
RPSOMLNJJHNFFAI08CA,榮段二小段,9.30,都市：商
RPUPMLTLKIMFFAI66CA,劉厝段劉厝小段,76.00,都市：住
RPWNMLRLKIMFFAI09CA,竹村段,29.65,都市：農
RPWNMLRLKIMFFAI09CA,竹村段,66.49,都市：住
RPWNMLRLKIMFFAI09CA,竹村段,.16,都市：住
RPWNMLRLKIMFFAI09CA,竹村段,27.00,都市：住
RPXNMLRLKIMFFAI56CA,竹村段,59.30,都市：農
RPXNMLRLKIMFFAI56CA,竹村段,66.48,都市：住
RPXNMLRLKIMFFAI56CA,竹村段,66.40,都市：住
RPXNMLRLKIMFFAI56CA,竹村段,.33,都市：住
RPXNMLRLKIMFFAI56CA,竹村段,54.04,都市：住
RPOOMLRLKIMFFAI38CA,竹村段,29.65,都市：農
RPOOMLRLKIMFFAI38CA,竹村段,66.54,都市：住
RPOOMLRLKIMFFAI38CA,竹村段,.16,都市：住
RPOOMLRLKIMFFAI38CA,竹村段,27.00,都市：住
RPXNMLTLKIMFFAI76CA,竹圍子段二小段,4.74,都市：住
RPPOMLRLKIMFFAI48CA,竹村段,29.65,都市：農
RPPOMLRLKIMFFAI48CA,竹村段,66.61,都市：住
RPPOMLRLKIMFFAI48CA,竹村段,.16,都市：住
RPPOMLRLKIMFFAI48CA,竹村段,27.00,都市：住
RPQOMLRLKIMFFAI58CA,竹村段,29.65,都市：農
RPQOMLRLKIMFFAI58CA,竹村段,66.67,都市：住
RPQOMLRLKIMFFAI58CA,竹村段,.16,都市：住
RPQOMLRLKIMFFAI58CA,竹村段,27.00,都市：住
RPROMLRLKIMFFAI68CA,竹村段,66.74,都市：住
RPROMLRLKIMFFAI68CA,竹村段,.16,都市：住
RPROMLRLKIMFFAI68CA,竹村段,27.00,都市：住
RPROMLRLKIMFFAI68CA,竹村段,29.65,都市：農
RPSNMLMLKIMFFAI18CA,下路頭段,88.00,都市：住
RPSOMLRLKIMFFAI78CA,竹村段,29.65,都市：農
RPSOMLRLKIMFFAI78CA,竹村段,66.97,都市：住
RPSOMLRLKIMFFAI78CA,竹村段,.16,都市：住
RPSOMLRLKIMFFAI78CA,竹村段,27.00,都市：住
RPVOMLPLKIMFFAI88CA,港子坪段港坪小段,20.48,都市：住
RPTNMLNLJHNFFAI48EA,車店段車店小段,5.96,都市：住
RPOPMLSLKIMFFAI58CA,竹圍子段,39.72,都市：住
RPOPMLSLKIMFFAI58CA,竹圍子段,.22,都市：住
RPPPMLSLKIMFFAI68CA,竹圍子段,31.65,都市：住
RPPPMLSLKIMFFAI68CA,竹圍子段,.22,都市：住
RPSPMLSLKIMFFAI98CA,竹圍子段,.14,都市：住
RPSPMLSLKIMFFAI98CA,竹圍子段,37.05,都市：住
RPQPMLSLKIMFFAI78CA,竹圍子段,.14,都市：住
RPQPMLSLKIMFFAI78CA,竹圍子段,45.42,都市：住
RPRPMLSLKIMFFAI88CA,竹圍子段,.14,都市：住
RPRPMLSLKIMFFAI88CA,竹圍子段,37.05,都市：住
RPQPMLRLKIMFFAI68CA,竹圍子段,55.00,都市：住
RPWPMLSLKIMFFAI76CA,竹圍子段,.14,都市：住
RPWPMLSLKIMFFAI76CA,竹圍子段,45.15,都市：住
RPVPMLSLKIMFFAI66CA,竹圍子段,.14,都市：住
RPVPMLSLKIMFFAI66CA,竹圍子段,45.42,都市：住
RPTPMLSLKIMFFAI09CA,竹圍子段,.14,都市：住
RPTPMLSLKIMFFAI09CA,竹圍子段,47.14,都市：住
RPPNMLTLKIMFFAI58CA,竹圍子段,.14,都市：住
RPPNMLTLKIMFFAI58CA,竹圍子段,22.97,都市：住
RPOQMLSLKIMFFAI68CA,竹圍子段,.14,都市：住
RPOQMLSLKIMFFAI68CA,竹圍子段,38.11,都市：住
RPUPMLSLKIMFFAI56CA,竹圍子段,.14,都市：住
RPUPMLSLKIMFFAI56CA,竹圍子段,45.42,都市：住
RPWOMLRLKIMFFAI56CA,竹村段,29.65,都市：農
RPWOMLRLKIMFFAI56CA,竹村段,66.82,都市：住
RPWOMLRLKIMFFAI56CA,竹村段,.16,都市：住
RPWOMLRLKIMFFAI56CA,竹村段,27.00,都市：住
RPXPMLSLKIMFFAI86CA,竹圍子段,.14,都市：住
RPXPMLSLKIMFFAI86CA,竹圍子段,25.76,都市：住
RPPQMLSLKIMFFAI78CA,竹圍子段,.14,都市：住
RPPQMLSLKIMFFAI78CA,竹圍子段,38.11,都市：住
RPVNMLQLKIMFFAI88CA,港子坪段,95.00,都市：住
RPRQMLPLKIMFFAI68CA,竹圍子段,.14,都市：住
RPRQMLPLKIMFFAI68CA,竹圍子段,38.11,都市：住
RPTQMLPLKIMFFAI88CA,竹圍子段,37.05,都市：住
RPTQMLPLKIMFFAI88CA,竹圍子段,.14,都市：住
RPQNMLTLKIMFFAI68CA,竹圍子段,.14,都市：住
RPQNMLTLKIMFFAI68CA,竹圍子段,25.50,都市：住
RPRNMLTLKIMFFAI78CA,竹圍子段,.14,都市：住
RPRNMLTLKIMFFAI78CA,竹圍子段,49.93,都市：住
RPSQMLPLKIMFFAI78CA,竹圍子段,.14,都市：住
RPSQMLPLKIMFFAI78CA,竹圍子段,37.05,都市：住
RPOPMLNJJHNFFAI77CA,湖子內段湖美小段,1358.25,都市：住
RPTNMLTLKIMFFAI98CA,竹圍子段,.14,都市：住
RPTNMLTLKIMFFAI98CA,竹圍子段,48.34,都市：住
RPUNMLTLKIMFFAI09CA,竹圍子段,.14,都市：住
RPUNMLTLKIMFFAI09CA,竹圍子段,37.85,都市：住
RPQPMLTLKIMFFAI88CA,短竹段,6.07,都市：住
RPWOMLNJJHNFFAI48CA,北社尾段,82.00,都市：住
RPSNMLTLKIMFFAI88CA,竹圍子段,.14,都市：住
RPSNMLTLKIMFFAI88CA,竹圍子段,28.82,都市：住
RPUOMLOJJHNFFAI38CA,頂庄段,19.29,都市：農
RPUOMLOJJHNFFAI38CA,頂庄段,33.00,都市：農
RPSOMLMJJHNFFAI97CA,盧厝段,130.00,都市：農
RPQOMLSJJHNFFAI38CA,竹圍子段,29.39,都市：住
RPQOMLSJJHNFFAI38CA,竹圍子段,11.47,都市：其他
RPPNMLKMKIMFFAI77CA,北社尾段保安小段,2.58,都市：住
RPXOMLMJJHNFFAI48CA,軍輝段,98.00,都市：住
RPVNMLTJJHNFFAI09EA,南門段六小段,16.00,都市：住
RPRPMLTLKIMFFAI56EA,下路頭段,12.51,都市：住
RPPOMLRKJHNFFAI48EA,下路頭段,7.07,都市：住
RPQNMLSLKIMFFAI78EA,下路頭段,47.50,都市：住
RPOOMLRKJHNFFAI38EA,下路頭段,7.07,都市：住
RPVOMLOJJHNFFAI48CA,東川段,10.36,都市：住
RPVOMLOJJHNFFAI48CA,東川段,20.40,都市：住
RPQOMLPLKIMFFAI58EA,短竹段,129.00,都市：住
RPQOMLPLKIMFFAI58EA,短竹段,31.50,都市：住
RPTNMLRLKIMFFAI98EA,埤子頭段,32.00,都市：住
RPTNMLQLKIMFFAI68CA,下路頭段,83.66,都市：住
RPXNMLSLKIMFFAI66CA,短竹段,2.64,都市：其他
RPROMLTJJHNFFAI58CA,遠東段,19.60,都市：住
RPPOMLSLKIMFFAI58CA,新富段二小段,40.00,都市：商
RPWNMLQLKIMFFAI98CA,下路頭段,56.00,都市：住
RPUOMLRLKIMFFAI98CA,頂庄段,19.29,都市：農
RPUOMLRLKIMFFAI98CA,頂庄段,90.00,都市：住
RPUOMLRLKIMFFAI98CA,頂庄段,1.69,都市：住
RPUOMLRLKIMFFAI98CA,頂庄段,21.00,都市：農
RPOOMLSLKIMFFAI48CA,白川段,6.53,都市：住
RPTOMLRLKIMFFAI88CA,竹圍子段,107.00,都市：住
RPVOMLRLKIMFFAI09CA,頂庄段,19.29,都市：農
RPVOMLRLKIMFFAI09CA,頂庄段,83.00,都市：住
RPVOMLRLKIMFFAI09CA,頂庄段,1.69,都市：住
RPVOMLRLKIMFFAI09CA,頂庄段,24.00,都市：農
RPPPMLMKJHNFFAI87CA,竹圍子段二小段,8.33,都市：住
RPVNMLSLKIMFFAI09CA,新富段四小段,14.74,都市：商
RPOPMLRLKIMFFAI48CA,陳厝段,41.13,都市：住
RPOPMLRLKIMFFAI48CA,陳厝段,103.94,都市：住
RPSNMLMJJHNFFAI87CA,溪東段,71.84,都市：住
RPUNMLKKJHNFFAI97CA,同興段,79.00,都市：住
RPPPMLRLKIMFFAI58CA,車店段,88.00,都市：住
RPVNMLSKJHNFFAI88CA,盧東段,39.06,都市：農
RPVNMLSKJHNFFAI88CA,盧東段,39.06,都市：農
RPVNMLSKJHNFFAI88CA,盧東段,13.55,都市：農
RPVNMLSKJHNFFAI88CA,盧東段,13.55,都市：農
RPVNMLSKJHNFFAI88CA,盧東段,116.08,都市：農
RPVNMLSKJHNFFAI88CA,盧東段,116.08,都市：農
RPVNMLSKJHNFFAI88CA,盧東段,33.57,都市：農
RPVNMLSKJHNFFAI88CA,盧東段,33.57,都市：農
RPVNMLSKJHNFFAI88CA,盧東段,.50,都市：農
RPVNMLSKJHNFFAI88CA,盧東段,.50,都市：農
RPVNMLSKJHNFFAI88CA,盧東段,.44,都市：農
RPVNMLSKJHNFFAI88CA,盧東段,.44,都市：農
RPVNMLSKJHNFFAI88CA,盧東段,5.02,都市：農
RPVNMLSKJHNFFAI88CA,盧東段,5.02,都市：農
RPVNMLSKJHNFFAI88CA,盧東段,2.07,都市：農
RPVNMLSKJHNFFAI88CA,盧東段,2.07,都市：農
RPPNMLTJJHNFFAI28CA,車店段車店小段,29.67,都市：住
RPUNMLQJJHNFFAI48CA,台斗坑段,285.00,都市：住
RPOOMLQJJHNFFAI97CA,埤子頭段,79.00,都市：住
RPPNMLNJJHNFFAI87EA,長竹段,32.00,都市：住
RPRNMLNJJHNFFAI08EA,車店段,10.99,都市：住
RPQNMLNJJHNFFAI97EA,長竹段,31.70,都市：住
RPSNMLOJJHNFFAI28EA,埤子頭段,20.21,都市：住
RPWNMLSJJHNFFAI88CA,太平段,2557.00,都市：住
RPWNMLSJJHNFFAI88CA,太平段,17.00,都市：住
RPQNMLOKJHNFFAI97CA,北社尾段,89.00,都市：住
RPQNMLQKJHNFFAI18CA,新富段五小段,23.00,都市：商
RPXNMLSJJHNFFAI98CA,太平段,91.00,都市：其他
RPXNMLSJJHNFFAI98CA,太平段,166.00,都市：住
RPXOMLRLKIMFFAI66CA,劉厝段劉厝小段,62.00,都市：農
RPVOMLSLKIMFFAI56CA,下埤段,.99,都市：其他
RPVOMLSLKIMFFAI56CA,下埤段,1.00,都市：住
RPRNMLKKJHNFFAI67CA,車店段,14.52,都市：住
RPRNMLKKJHNFFAI67CA,車店段,.98,都市：住
RPRNMLKKJHNFFAI67CA,車店段,3.30,都市：住
RPWOMLSLKIMFFAI66CA,下埤段,192.45,都市：住
RPOOMLPJJHNFFAI87CA,新富段一小段,.28,都市：商
RPOOMLPJJHNFFAI87CA,南門段七小段,7.52,都市：商
RPPPMLTLKIMFFAI78CA,下路頭段,37.94,都市：住
RPPPMLTLKIMFFAI78CA,下路頭段,.35,都市：住
RPPNMLMJJHNFFAI57CA,下路頭段,4.00,都市：住
RPQNMLKLJHNFFAI67CA,中庄段,34.41,都市：住
RPOPMLMKJHNFFAI77CA,劉厝段,74.00,都市：住
RPSOMLKMKIMFFAI18CA,竹圍子段二小段,8.73,都市：住
RPVPMLTLKIMFFAI76CA,車店段車店小段,16.39,都市：住
RPROMLKMKIMFFAI08CA,湖子內段新民小段,489.57,都市：住
RPSPMLTLKIMFFAI09CA,彌陀段,5.00,都市：住
RPSPMLTLKIMFFAI09CA,彌陀段,40.00,都市：住
RPSPMLTLKIMFFAI09CA,彌陀段,62.00,都市：住
RPSPMLTLKIMFFAI09CA,彌陀段,22.71,都市：住
RPSPMLTLKIMFFAI09CA,彌陀段,.57,都市：住
RPTNMLNJJHNFFAI08CA,下路頭段,79.00,都市：住
RPRPMLMKJHNFFAI08CA,車店段車店小段,70.00,都市：住
RPVOMLLKJHNFFAI28CA,同興段,20.50,都市：住
RPSOMLLKJHNFFAI97CA,港子坪段,112.00,都市：住
RPWOMLMJJHNFFAI38CA,埤子頭段新厝小段,123.00,都市：住
RPVOMLMJJHNFFAI28CA,下路頭段,108.00,都市：住
RPROMLLKJHNFFAI87CA,同興段,104.00,都市：住
RPTNMLKKJHNFFAI87CA,民族段二小段,14.94,都市：住
RPRNMLMJJHNFFAI77CA,新厝段,65.00,都市：住
RPTNMLMJJHNFFAI97CA,何庄段,155.98,都市：住
RPRNMLTJJHNFFAI48CA,港子坪段,159.00,都市：住
RPRNMLTJJHNFFAI48CA,港子坪段,125.00,都市：住
RPROMLOJJHNFFAI08CA,埤子頭段,76.00,都市：住
RPTNMLQJJHNFFAI38CA,何庄段,567.52,都市：農
RPTNMLQJJHNFFAI38CA,何庄段,66.64,都市：農
RPQNMLPJJHNFFAI97CA,埤子頭段新厝小段,238.00,都市：住
RPSNMLQJJHNFFAI28CA,車店段,9.14,都市：住
RPOOMLSJJHNFFAI18CA,下路頭段,4.89,都市：住
RPRNMLQJJHNFFAI18CA,車店段,4.06,都市：住
RPRNMLQJJHNFFAI18CA,車店段,4.06,都市：住
RPXNMLNJJHNFFAI68EA,竹圍子段二小段,17.20,都市：商
RPSOMLTLKIMFFAI56EA,車店段,3.00,都市：住
RPQNMLQJJHNFFAI08CA,下路頭段,24.10,都市：住
RPQNMLQJJHNFFAI08CA,下路頭段,.02,都市：住
RPTOMLTLKIMFFAI66EA,車店段,3.00,都市：住
RPQNMLLKJHNFFAI67CA,彌陀段,6.34,都市：住
RPQNMLOJJHNFFAI08EA,新富段四小段,4.91,都市：住
RPOOMLLKJHNFFAI57CA,後庄段,74.00,都市：住
RPPPMLTLKIMFFAI98EA,長竹段,3.28,都市：住
RPPPMLTLKIMFFAI98EA,長竹段,16.13,都市：住
RPPPMLTLKIMFFAI98EA,長竹段,1.12,都市：住
RPQOMLOJJHNFFAI97CA,湖子內段湖美小段,1065.87,都市：住
RPPOMLPJJHNFFAI97CA,新富段三小段,.83,都市：其他
RPPOMLPJJHNFFAI97CA,新富段三小段,106.00,都市：住
RPUOMLMJJHNFFAI38EA,長竹段,111.00,都市：住
RPQNMLKKJHNFFAI57CA,港子坪段,5.64,都市：住
RPTOMLLKJHNFFAI08CA,車店段車店小段,44.57,都市：住
RPUOMLLKJHNFFAI18CA,北社尾段,55.00,都市：住
RPRNMLMKJHNFFAI87CA,竹圍子段,29.78,都市：住
RPRNMLMKJHNFFAI87CA,竹圍子段,11.62,都市：其他
RPTOMLMJJHNFFAI08CA,西門段三小段,3.50,都市：住
RPTOMLMJJHNFFAI08CA,西門段三小段,2.50,都市：住
RPTOMLMJJHNFFAI08CA,西門段三小段,68.00,都市：住
RPOPMLMLJHNFFAI87CA,下路頭段,8.70,都市：住
RPPPMLMJJHNFFAI77CA,東門段七小段,12.62,都市：商
RPUOMLNJJHNFFAI28CA,堀川段,53.00,都市：住
RPOPMLMJJHNFFAI67CA,劉厝段玉山小段,32.48,都市：住
RPOPMLMJJHNFFAI67CA,劉厝段玉山小段,98.44,都市：住
RPUOMLNLJHNFFAI48CA,湖內段,101.00,都市：住
RPWOMLMLJHNFFAI58CA,車店段車店小段,8.77,都市：住
RPUNMLSKJHNFFAI78CA,劉厝段劉厝小段,112.00,都市：住
RPXOMLLKJHNFFAI48CA,民族段四小段,72.00,都市：住
RPXNMLMJJHNFFAI38CA,車店段,17.30,都市：住
RPXNMLMJJHNFFAI38CA,車店段,.58,都市：住
RPPNMLOJJHNFFAI77CA,盧厝段,15.30,都市：住
RPPOMLTLJHNFFAI58CA,興村段,.12,都市：住
RPPOMLTLJHNFFAI58CA,興村段,.75,都市：住
RPXNMLOJJHNFFAI58CA,竹村段,226.98,都市：工
RPXNMLOJJHNFFAI58CA,竹村段,24.25,都市：工
RPVOMLSJJHNFFAI88CA,同興段,1139.00,都市：住
RPOOMLKMKIMFFAI77CA,湖子內段湖內小段,69.00,都市：住
RPUNMLOJJHNFFAI28CA,台斗坑段,65.00,都市：商
RPQPMLNJJHNFFAI97CA,下路頭段,4.89,都市：住
RPPOMLOJJHNFFAI87CA,車店段,2.00,都市：住
RPPOMLMJJHNFFAI67CA,下路頭段,80.00,都市：住
RPWNMLNJJHNFFAI38CA,白川段,42.00,都市：住
RPWNMLNJJHNFFAI38CA,白川段,7.00,都市：住
RPPOMLQJJHNFFAI08CA,台斗坑段,11.44,都市：住
RPVNMLLKJHNFFAI38EA,中庄段,36.00,都市：住
RPPPMLMLJHNFFAI97CA,竹圍子段一小段,16.30,都市：住
RPPNMLPJJHNFFAI08EA,興村段,8.02,都市：商
RPWOMLOJJHNFFAI58CA,湖內段,19.84,都市：住
RPUNMLOLJHNFFAI48CA,車店段車店小段,5.25,都市：住
RPPNMLPKJHNFFAI18EA,湖內段,21.68,都市：住
RPSOMLOJJHNFFAI18CA,湖東段,73.00,都市：住
RPVNMLPJJHNFFAI48CA,民族段五小段,49.83,都市：商
RPUOMLMJKHNFFAI28CA,同興段,864.00,都市：工
RPUOMLMJKHNFFAI28CA,同興段,60.25,都市：工
RPPOMLSJJHNFFAI28CA,中山段七小段,90.00,都市：住
RPPNMLQJJHNFFAI97CA,竹村段,29.65,都市：農
RPPNMLQJJHNFFAI97CA,竹村段,66.90,都市：住
RPPNMLQJJHNFFAI97CA,竹村段,.16,都市：住
RPPNMLQJJHNFFAI97CA,竹村段,27.00,都市：住
RPTNMLOJJHNFFAI38EA,榮段一小段,56.00,都市：住
RPTNMLOJJHNFFAI38EA,檜段七小段,17.00,都市：住
RPTNMLPJJHNFFAI28CA,竹村段,18.71,都市：住
RPQNMLTJJHNFFAI38CA,盧厝段,6.52,都市：住
RPRNMLLJKHNFFAI97EA,車店段,15.74,都市：住
RPRNMLLJKHNFFAI97EA,白川段,2.50,都市：住
RPPNMLSKJHNFFAI28CA,下埤段,668.58,都市：農
RPPNMLSKJHNFFAI28CA,下埤段,668.58,都市：農
RPSOMLTJJHNFFAI68CA,同興段,72.00,都市：住
RPSOMLTJJHNFFAI68CA,同興段,10.00,都市：其他
RPOOMLPKJHNFFAI97CA,何庄段,559.90,都市：農
RPOOMLPKJHNFFAI97CA,何庄段,48.14,都市：農
RPOOMLOJJHNFFAI77CA,竹村段,226.98,都市：工
RPOOMLOJJHNFFAI77CA,竹村段,24.25,都市：工
RPQPMLMKJHNFFAI97CA,港子坪段,2.09,都市：住
RPQPMLMKJHNFFAI97CA,港子坪段港坪小段,20.62,都市：住
RPRNMLOKJHNFFAI08CA,遠東段,4.67,都市：住
RPWNMLOJJHNFFAI48CA,溪東段,260.57,都市：住
RPSNMLOKJHNFFAI18CA,盧厝段,38.12,都市：住
RPTOMLSJJHNFFAI68CA,北湖段,162.00,都市：住
RPPNMLSJJHNFFAI18CA,盧厝段,114.00,都市：農
RPPNMLSJJHNFFAI18CA,盧厝段,114.00,都市：農
RPXOMLMKJHNFFAI58CA,同興段,12.30,都市：住
RPROMLKKJHNFFAI77CA,下路頭段,85.00,都市：住
RPQOMLLKJHNFFAI77CA,竹圍子段一小段,10.27,都市：住
RPPNMLOKJHNFFAI87CA,竹圍子段二小段,6.29,都市：住
RPPNMLOKJHNFFAI87CA,竹圍子段二小段,6.29,都市：住
RPTNMLSJJHNFFAI58CA,車店段,110.00,都市：住
RPTNMLSJJHNFFAI58CA,車店段,.74,都市：住
RPTNMLSJJHNFFAI58CA,車店段,1.11,都市：住
RPTNMLSJJHNFFAI58CA,車店段,.53,都市：住
RPTNMLSJJHNFFAI58CA,車店段,34.58,都市：住
RPQNMLSJJHNFFAI28CA,車店段,102.00,都市：住
RPQNMLSJJHNFFAI28CA,車店段,.74,都市：住
RPQNMLSJJHNFFAI28CA,車店段,1.11,都市：住
RPQNMLSJJHNFFAI28CA,車店段,.53,都市：住
RPQNMLSJJHNFFAI28CA,車店段,34.58,都市：住
RPUOMLMKJHNFFAI28CA,車店段車店小段,29.35,都市：住
RPUNMLPJJHNFFAI58EA,同興段,136.23,都市：住
RPXNMLPJJHNFFAI68CA,短竹段,17.55,都市：住
RPSNMLMKJHNFFAI18EA,榮段三小段,12.00,都市：住
RPSNMLMKJHNFFAI18EA,榮段三小段,45.00,都市：住
RPTNMLPLJHNFFAI68EA,湖子內段湖美小段,673.62,都市：住
RPPNMLKLJHNFFAI57CA,盧厝段,21.37,都市：住
RPPNMLKLJHNFFAI57CA,盧厝段,81.00,都市：住
RPPNMLKLJHNFFAI57CA,盧厝段,18.15,都市：住
RPROMLMLJHNFFAI08CA,同興段,19.14,都市：住
RPUNMLPLJHNFFAI78EA,湖子內段湖美小段,368.33,都市：住
RPROMLKLJHNFFAI87CA,檜段七小段,7.52,都市：住
RPXOMLMLJHNFFAI68CA,白川段,39.63,都市：住
RPROMLOLJHNFFAI28CA,台斗坑段,74.00,都市：住
RPOOMLSJJHNFFAI38EA,頂庄段,1049.00,都市：農
RPUNMLMKJHNFFAI18CA,港子坪段港坪小段,116.00,都市：住
RPVNMLLMJHNFFAI38CA,遠東段,319.00,都市：農
RPVNMLLMJHNFFAI38CA,遠東段,319.00,都市：農
RPVNMLLMJHNFFAI38CA,遠東段,638.00,都市：農
RPVNMLLMJHNFFAI38CA,遠東段,1149.00,都市：農
RPVNMLLMJHNFFAI38CA,遠東段,573.00,都市：農
RPVNMLLMJHNFFAI38CA,遠東段,573.00,都市：農
RPVNMLLMJHNFFAI38CA,遠東段,852.00,都市：農
RPVNMLLMJHNFFAI38CA,遠東段,1896.00,都市：其他
RPVNMLLMJHNFFAI38CA,遠東段,948.00,都市：其他
RPVNMLLMJHNFFAI38CA,遠東段,948.00,都市：其他
RPQNMLPLJHNFFAI18CA,盧東段,24.03,都市：農
RPQNMLPLJHNFFAI18CA,盧東段,103.71,都市：農
RPROMLSJJHNFFAI68EA,車店段,91.00,都市：住
RPPOMLLKJHNFFAI67CA,民族段三小段,23.00,都市：住
RPTNMLTJJHNFFAI88EA,白川段,70.00,都市：住
RPQNMLRKJHNFFAI28CA,劉厝段玉山小段,151.58,都市：住
RPRNMLPLJHNFFAI28CA,盧東段,24.03,都市：農
RPRNMLPLJHNFFAI28CA,盧東段,103.60,都市：農
RPVOMLMKJHNFFAI38CA,劉厝段玉山小段,100.12,都市：住
RPUOMLTLJHNFFAI09CA,下路頭段,24.18,都市：住
RPOOMLSKJHNFFAI28CA,竹圍子段,17.10,都市：住
RPOOMLSKJHNFFAI28CA,竹圍子段,88.00,都市：住
RPXNMLTKJHNFFAI56CA,港子坪段,245.00,都市：住
RPXNMLTKJHNFFAI56CA,港子坪段,278.00,都市：住
RPSNMLTJJHNFFAI78EA,竹圍子段友愛小段,35.00,都市：住
RPQNMLTKJHNFFAI48CA,堀川段,2.73,都市：住
RPQNMLTKJHNFFAI48CA,堀川段,64.82,都市：住
RPQNMLTKJHNFFAI48CA,堀川段,6.23,都市：住
RPPNMLTKJHNFFAI38CA,堀川段,2.73,都市：住
RPPNMLTKJHNFFAI38CA,堀川段,64.82,都市：住
RPPNMLTKJHNFFAI38CA,堀川段,6.23,都市：住
RPQOMLTJJHNFFAI68EA,埤子頭段,11.54,都市：住
RPQOMLTJJHNFFAI68EA,埤子頭段,48.00,都市：住
RPWNMLTJJHNFFAI98CA,竹圍子段,9.09,都市：住
RPWNMLTJJHNFFAI98CA,竹圍子段,12.38,都市：住
RPWNMLTJJHNFFAI98CA,竹圍子段,3.62,都市：住
RPUNMLPKJHNFFAI48CA,短竹段,5.83,都市：住
RPSPMLOLJHNFFAI48CA,短竹段,5.12,都市：住
RPUNMLLJKHNFFAI08CA,竹圍子段,61.00,都市：住
RPRNMLRKJHNFFAI38CA,埤子頭段,100.00,都市：住
RPPOMLOLJHNFFAI08CA,中庄段,23.46,都市：住
RPPOMLOLJHNFFAI08CA,中庄段,106.00,都市：住
RPPNMLKKJHNFFAI67EA,八掌段,1636.67,都市：農
RPPNMLKKJHNFFAI67EA,八掌段,68.83,都市：住
RPUNMLKLJHNFFAI08CA,車店段,8.13,都市：住
RPRNMLQLJHNFFAI38CA,中庄段,92.00,都市：住
RPPOMLKKJHNFFAI77EA,埤子頭段,40.00,都市：商
RPPOMLKKJHNFFAI77EA,埤子頭段,20.00,都市：商
RPPNMLPLJHNFFAI18DA,下路頭段,91.00,都市：住
RPWNMLKKJHNFFAI18CA,白川段,36.76,都市：住
RPTNMLQLJHNFFAI78EA,車店段車店小段,154.00,都市：住
RPWOMLPJKHNFFAI78CA,興村段,78.00,都市：住
RPSNMLPKJHNFFAI28CA,車店段車店小段,144.00,都市：住
RPUNMLLKJHNFFAI08CA,竹圍子段,.14,都市：住
RPUNMLLKJHNFFAI08CA,竹圍子段,38.11,都市：住
RPSNMLLKJHNFFAI87CA,竹圍子段,.14,都市：住
RPSNMLLKJHNFFAI87CA,竹圍子段,57.64,都市：住
RPRNMLLKJHNFFAI77CA,竹圍子段,.14,都市：住
RPRNMLLKJHNFFAI77CA,竹圍子段,37.05,都市：住
RPOPMLLKJHNFFAI67CA,長竹段,25.27,都市：住
RPTNMLLKJHNFFAI97CA,竹圍子段,.14,都市：住
RPTNMLLKJHNFFAI97CA,竹圍子段,37.85,都市：住
RPTOMLMKJHNFFAI18CA,埤子頭段,73.00,都市：住
RPRNMLPKJHNFFAI18CA,埤子頭段,85.00,都市：住
RPVNMLMKJHNFFAI28CA,興村段,90.00,都市：住
RPTNMLMKJHNFFAI28EA,榮段三小段,12.00,都市：住
RPTNMLMKJHNFFAI28EA,榮段三小段,45.00,都市：住
RPWNMLMKJHNFFAI38CA,興村段,102.00,都市：住
RPSNMLPJKHNFFAI28CA,北園段,89.00,都市：其他
RPSNMLPJKHNFFAI28CA,北園段,61.00,都市：其他
RPUNMLPJKHNFFAI48CA,北園段,106.00,都市：其他
RPUNMLPJKHNFFAI48CA,北園段,45.00,都市：其他
RPTNMLPJKHNFFAI38CA,北園段,40.00,都市：其他
RPTNMLPJKHNFFAI38CA,北園段,225.00,都市：其他
RPTNMLPJKHNFFAI38CA,北園段,6.00,都市：其他
RPVNMLPJKHNFFAI58CA,北園段,900.00,都市：其他
RPVNMLPJKHNFFAI58CA,北園段,138.00,都市：其他
RPPNMLPJKHNFFAI97CA,北園段,55.50,都市：其他
RPQNMLPJKHNFFAI08CA,北園段,388.50,都市：其他
RPSNMLQJKHNFFAI58EA,堀川段,10.00,都市：住
RPWPMLOLJHNFFAI88CA,台斗坑段,11.32,都市：住
RPWNMLLKJHNFFAI48EA,竹圍子段,9.25,都市：住
RPVNMLMJKHNFFAI28CA,下路頭段,142.00,都市：住
RPSNMLMJKHNFFAI18EA,民族段六小段,37.00,都市：住
RPSNMLMJKHNFFAI18EA,民族段六小段,29.00,都市：住
RPOOMLPJKHNFFAI97CA,玉川段,66.00,都市：住
RPWOMLTLJHNFFAI66CA,頂庄段,32.84,都市：住
RPPNMLOJKHNFFAI87CA,北社尾段,142.00,都市：住
RPVOMLTLJHNFFAI56CA,太平段,14.48,都市：住
RPPNMLRJKHNFFAI18CA,短竹段,8.21,都市：商
RPPNMLRJKHNFFAI18CA,短竹段,.10,都市：其他
RPPNMLRJKHNFFAI18CA,短竹段,6.96,都市：商
RPSOMLPLJHNFFAI48CA,末廣段五小段,.45,都市：商
RPSOMLPLJHNFFAI48CA,末廣段五小段,5.39,都市：商
RPSOMLPLJHNFFAI48CA,末廣段五小段,1.86,都市：商
RPSOMLPLJHNFFAI48CA,末廣段五小段,5.39,都市：商
RPWNMLKMJHNFFAI38CA,彌陀段,193.00,都市：住
RPTNMLTLJHNFFAI88CA,新富段八小段,3.36,都市：商
RPTNMLKLJHNFFAI97CA,西門段六小段,3.72,都市：商
RPTNMLKLJHNFFAI97CA,西門段六小段,1.16,都市：商
RPTNMLTLJHNFFAI88CA,末廣段一小段,.10,都市：商
RPVNMLOLJHNFFAI58CA,港子坪段港坪小段,20.25,都市：住
RPTOMLLLJHNFFAI18CA,大溪段,77.70,都市：住
RPTOMLLLJHNFFAI18CA,大溪段,19.58,都市：住
RPROMLLLJHNFFAI97CA,大溪段,78.26,都市：住
RPROMLLLJHNFFAI97CA,大溪段,1.99,都市：住
RPQOMLLLJHNFFAI87CA,大溪段,103.15,都市：住
RPQOMLLLJHNFFAI87CA,大溪段,19.58,都市：住
RPSOMLLLJHNFFAI08CA,大溪段,80.21,都市：住
RPSOMLLLJHNFFAI08CA,大溪段,19.58,都市：住
RPVOMLLLJHNFFAI38CA,大溪段,86.65,都市：住
RPVOMLLLJHNFFAI38CA,大溪段,19.58,都市：住
RPUOMLLLJHNFFAI28CA,大溪段,84.06,都市：住
RPUOMLLLJHNFFAI28CA,大溪段,19.58,都市：住
RPOPMLLLJHNFFAI77CA,大溪段,19.58,都市：住
RPOPMLLLJHNFFAI77CA,大溪段,116.64,都市：住
RPWOMLLLJHNFFAI48CA,大溪段,101.51,都市：住
RPWOMLLLJHNFFAI48CA,大溪段,19.58,都市：住
RPXOMLLLJHNFFAI58CA,大溪段,19.58,都市：住
RPXOMLLLJHNFFAI58CA,大溪段,97.08,都市：住
RPPPMLLLJHNFFAI87CA,大溪段,103.52,都市：住
RPPPMLLLJHNFFAI87CA,大溪段,19.58,都市：住
RPVNMLRJKHNFFAI78CA,北社尾段,9.00,都市：住
RPQNMLTJKHNFFAI48CA,北園段,477.00,都市：其他
RPRNMLTJKHNFFAI58CA,北園段,519.00,都市：其他
RPSNMLTJKHNFFAI68CA,北園段,120.00,都市：其他
RPSNMLTJKHNFFAI68CA,北園段,937.00,都市：其他
RPRPMLPJKHNFFAI38CA,北園段,18.00,都市：其他
RPQPMLLLJHNFFAI97CA,大溪段,129.91,都市：住
RPQPMLLLJHNFFAI97CA,大溪段,19.58,都市：住
RPOPMLPJKHNFFAI08CA,北園段,64.00,都市：其他
RPPPMLPJKHNFFAI18CA,北園段,129.00,都市：其他
RPSPMLPJKHNFFAI48CA,北園段,343.00,都市：其他
RPSPMLPJKHNFFAI48CA,北園段,88.00,都市：其他
RPSPMLPJKHNFFAI48CA,北園段,21.00,都市：其他
RPSPMLPJKHNFFAI48CA,北園段,28.00,都市：其他
RPSPMLPJKHNFFAI48CA,北園段,22.00,都市：其他
RPQOMLPJKHNFFAI18CA,北園段,47.00,都市：其他
RPQOMLPJKHNFFAI18CA,北園段,11.00,都市：其他
RPROMLPJKHNFFAI28CA,北園段,260.00,都市：其他
RPTOMLPJKHNFFAI48CA,北園段,100.00,都市：其他
RPSOMLPJKHNFFAI38CA,北園段,339.00,都市：其他
RPUOMLPJKHNFFAI58CA,北園段,1043.00,都市：其他
RPQOMLMKJHNFFAI87CA,民族段四小段,64.00,都市：住
RPTNMLRKJHNFFAI58CA,湖子內段新民小段,442.93,都市：住
RPROMLMKJHNFFAI97CA,北園段,139.00,都市：住
RPVNMLQKJHNFFAI88EA,竹圍子段二小段,7.08,都市：住
RPVNMLQKJHNFFAI68CA,湖內段,100.00,都市：住
RPVNMLQKJHNFFAI68CA,湖內段,9.01,都市：其他
RPVNMLQKJHNFFAI68CA,湖內段,29.67,都市：住
RPWNMLQKJHNFFAI78CA,湖內段,119.00,都市：住
RPWNMLQKJHNFFAI78CA,湖內段,9.01,都市：其他
RPWNMLQKJHNFFAI78CA,湖內段,29.67,都市：住
RPWOMLLKJHNFFAI38CA,榮段三小段,1.51,都市：住
RPWOMLLKJHNFFAI38CA,榮段三小段,.91,都市：住
RPWOMLLKJHNFFAI38CA,榮段三小段,12.90,都市：住
RPSOMLSKJHNFFAI68CA,車店段車店小段,558.00,都市：商
RPSOMLSKJHNFFAI68CA,車店段車店小段,785.00,都市：商
RPQOMLSKJHNFFAI48CA,竹圍子段,112.00,都市：商
RPUNMLQKJHNFFAI58CA,新富段三小段,2.20,都市：住
RPUNMLQKJHNFFAI58CA,新富段三小段,2.40,都市：商
RPRNMLKLJHNFFAI77CA,竹村段,586.00,都市：農
RPUNMLRKJHNFFAI68CA,湖子內段新民小段,2297.54,都市：住
RPSNMLKLJHNFFAI87CA,白川段,56.00,都市：住
RPSNMLQKJHNFFAI38CA,湖子內段新民小段,258.27,都市：其他
RPROMLQKJHNFFAI38CA,北門段五小段,22.00,都市：住
RPTNMLPKJHNFFAI38CA,新富段二小段,124.00,都市：商
RPPOMLQKJHNFFAI18CA,山下段,73.00,都市：住
RPSNMLMKKHNFFAI08CA,盧厝段,12.55,都市：住
RPTPMLTJKHNFFAI98CA,北園段,65.53,都市：住
RPTPMLTJKHNFFAI98CA,北園段,36.24,都市：住
RPSNMLRKJHNFFAI48CA,竹圍子段中興小段,30.95,都市：住
RPVNMLRKJHNFFAI78CA,竹圍子段二小段,11.05,都市：住
RPXNMLRKJHNFFAI98CA,中山段二小段,26.79,都市：住
RPVOMLPJKHNFFAI68CA,北園段,847.00,都市：農
RPVOMLPJKHNFFAI68CA,北園段,1132.00,都市：其他
RPROMLQJKHNFFAI38CA,遠東段,21.00,都市：農
RPROMLQJKHNFFAI38CA,遠東段,2927.00,都市：農
RPWNMLRKJHNFFAI88CA,短竹段,129.00,都市：住
RPQOMLQJKHNFFAI28CA,遠東段,20.00,都市：工
RPQOMLQJKHNFFAI28CA,遠東段,74.00,都市：工
RPQOMLQJKHNFFAI28CA,遠東段,2598.00,都市：工
RPQOMLQJKHNFFAI28CA,遠東段,1205.00,都市：工
RPQOMLQJKHNFFAI28CA,遠東段,1087.00,都市：工
RPQOMLQJKHNFFAI28CA,遠東段,1071.00,都市：工
RPQOMLQJKHNFFAI28CA,遠東段,111.00,都市：工
RPQOMLQJKHNFFAI28CA,遠東段,147.00,都市：工
RPQOMLQJKHNFFAI28CA,遠東段,234.00,都市：工
RPVNMLKLJHNFFAI18CA,遠東段,17.73,都市：住
RPWNMLKLJHNFFAI28CA,竹圍子段,28.19,都市：住
RPPNMLMLJHNFFAI77CA,竹圍子段,29.39,都市：住
RPPNMLMLJHNFFAI77CA,竹圍子段,11.47,都市：住
RPXNMLOLJHNFFAI78CA,下路頭段,58.00,都市：住
RPXOMLTLJHNFFAI76CA,後庄段,82.00,都市：住
RPSNMLQLJHNFFAI48CA,後庄段,148.00,都市：住
RPOPMLMJKHNFFAI77CA,興村段,462.00,都市：農
RPOPMLMJKHNFFAI77CA,興村段,16.07,都市：農
RPOPMLMJKHNFFAI77CA,興村段,45.76,都市：農
RPOPMLMJKHNFFAI77CA,興村段,24.77,都市：農
RPOPMLMJKHNFFAI77CA,興村段,1.46,都市：農
RPOPMLMJKHNFFAI77CA,興村段,1.85,都市：農
RPPOMLPLJHNFFAI18CA,竹圍子段二小段,9.14,都市：住
RPTNMLOLJHNFFAI38CA,車店段車店小段,1.55,都市：住
RPTNMLOLJHNFFAI38CA,車店段車店小段,4.08,都市：住
RPOPMLOLJHNFFAI08CA,車店段車店小段,451.00,都市：住
RPOPMLOLJHNFFAI08CA,車店段車店小段,485.00,都市：住
RPVNMLTLJHNFFAI09CA,遠東段,18.65,都市：住
RPSOMLOLJHNFFAI38CA,北園段,519.00,都市：農
RPRNMLOJKHNFFAI08CA,北社尾段,96.00,都市：住
RPQNMLOJKHNFFAI97CA,竹圍子段,27.37,都市：住
RPOOMLMLJHNFFAI77CA,崎頂段,2476.00,都市：農
RPXNMLKLJHNFFAI38CA,下路頭段,47.00,都市：住
RPXNMLKLJHNFFAI38CA,下路頭段,6.00,都市：住
RPXNMLKLJHNFFAI38CA,下路頭段,7.00,都市：住
RPTNMLLLJHNFFAI08CA,竹圍子段,.14,都市：住
RPTNMLLLJHNFFAI08CA,竹圍子段,37.05,都市：住
RPXNMLLLJHNFFAI48CA,竹圍子段,.14,都市：住
RPXNMLLLJHNFFAI48CA,竹圍子段,45.42,都市：住
RPVNMLLLJHNFFAI28CA,竹圍子段,.14,都市：住
RPVNMLLLJHNFFAI28CA,竹圍子段,28.82,都市：住
RPWNMLLLJHNFFAI38CA,竹圍子段,.14,都市：住
RPWNMLLLJHNFFAI38CA,竹圍子段,37.85,都市：住
RPPNMLLLJHNFFAI67CA,下路頭段,5.40,都市：住
RPUNMLLLJHNFFAI18CA,竹圍子段,22.97,都市：住
RPUNMLLLJHNFFAI18CA,竹圍子段,.14,都市：住
RPOOMLLLJHNFFAI67CA,竹圍子段,.14,都市：住
RPOOMLLLJHNFFAI67CA,竹圍子段,45.42,都市：住
RPPNMLQKJHNFFAI28EA,北園段,250.00,都市：住
RPROMLRKJHNFFAI68EA,北園段,4410.00,都市：農
RPQOMLSKJHNFFAI68EA,下路頭段,56.00,都市：住
RPXNMLQKJHNFFAI88CA,榮段四小段,19.00,都市：住
RPWNMLSKJHNFFAI56EA,東門段八小段,2.00,都市：住
RPRNMLNLJHNFFAI08CA,末廣段五小段,458.00,都市：商
RPRNMLNLJHNFFAI08CA,末廣段五小段,13.00,都市：商
RPSOMLRKJHNFFAI58CA,太平段,62.00,都市：住
RPOOMLKLJHNFFAI57CA,竹圍子段二小段,24.66,都市：住
RPTNMLQKJHNFFAI48CA,台斗坑段,14.96,都市：住
RPTNMLQKJHNFFAI48CA,台斗坑段,.01,都市：其他
RPPNMLRKJHNFFAI38EA,劉厝段,98.00,都市：住
RPWNMLRKJHNFFAI09EA,台斗坑段,30.55,都市：住
RPSNMLMLJHNFFAI28EA,下路頭段,135.00,都市：其他
RPQNMLMLJHNFFAI87CA,北社尾段保安小段,14.62,都市：住
RPXOMLOLJHNFFAI88CA,北社尾段保安小段,89.00,都市：住
RPUPMLOLJHNFFAI68CA,湖子內段湖美小段,668.36,都市：住
RPVPMLOLJHNFFAI78CA,同興段,531.00,都市：住
RPQNMLMKKHNFFAI87CA,檜段二小段,43.00,都市：住
RPSNMLRJKHNFFAI48CA,長竹段,129.00,都市：住
RPSNMLRJKHNFFAI48CA,長竹段,6.00,都市：住
RPUNMLPLJHNFFAI58CA,遠東段,75.00,都市：住
RPUNMLPLJHNFFAI58CA,遠東段,75.00,都市：住
RPUNMLPLJHNFFAI58CA,遠東段,34.40,都市：住
RPROMLNLJHNFFAI18CA,下路頭段,15.23,都市：住
RPQNMLOLJHNFFAI08CA,同興段,20.50,都市：住
RPOOMLSKJHNFFAI48EA,蘭潭段,1038.17,都市：農
RPOOMLSKJHNFFAI48EA,蘭潭段,30.75,都市：農
RPVNMLQJKHNFFAI68CA,長竹段,170.00,都市：住
RPVNMLQJKHNFFAI68CA,長竹段,6.00,都市：住
RPVNMLTJKHNFFAI56EA,北園段,21.50,都市：住
RPUNMLTJKHNFFAI09EA,北園段,150.50,都市：住
RPXOMLNKKHNFFAI78CA,遠東段,3.41,都市：住
RPXOMLNKKHNFFAI78CA,遠東段,42.35,都市：住
RPXOMLNKKHNFFAI78CA,遠東段,113.00,都市：住
RPXNMLKMJHNFFAI48CA,太平段,26.00,都市：住
RPTNMLSKJHNFFAI88EA,頭港段,225.64,都市：住
RPTNMLSKJHNFFAI88EA,頭港段,15.50,都市：住
RPWNMLTJKHNFFAI66EA,北園段,21.50,都市：住
RPSOMLOKKHNFFAI38CA,盧厝段,1.00,都市：農
RPSOMLOKKHNFFAI38CA,盧厝段,1127.00,都市：農
RPSOMLOKKHNFFAI38CA,盧厝段,1.00,都市：農
RPSOMLOKKHNFFAI38CA,盧厝段,1.00,都市：農
RPUNMLKMJHNFFAI18CA,埤子頭段,19.46,都市：住
RPPOMLTJKHNFFAI68EA,北園段,21.50,都市：住
RPXNMLTJKHNFFAI76EA,北園段,21.50,都市：住
RPUOMLKKKHNFFAI18CA,太平段,9.65,都市：住
RPOOMLTJKHNFFAI58EA,北園段,21.50,都市：住
RPPNMLTLJHNFFAI68EA,埤子頭段,8.96,都市：住
RPTOMLKKKHNFFAI08CA,台斗坑段,.20,都市：住
RPTOMLKKKHNFFAI08CA,台斗坑段,11.48,都市：住
RPTOMLKKKHNFFAI08CA,台斗坑段,7.74,都市：住
RPQOMLTJKHNFFAI78EA,北園段,21.50,都市：住
RPROMLTJKHNFFAI88EA,北園段,21.50,都市：住
RPSNMLTKJHNFFAI68CA,陳厝段,127.92,都市：住
RPXNMLSKJHNFFAI09CA,後庄段,1050.00,都市：農
RPXNMLSKJHNFFAI09CA,後庄段,1029.00,都市：農
RPXNMLNLJHNFFAI88EA,北園段,251.00,都市：農
RPPOMLTKJHNFFAI48CA,太平段,14.48,都市：住
RPVNMLTKJHNFFAI98CA,玉川段,106.00,都市：住
RPROMLSKJHNFFAI58CA,南門段六小段,2.67,都市：商
RPROMLSKJHNFFAI58CA,元段六小段,7.29,都市：商
RPROMLSKJHNFFAI58CA,元段六小段,10.56,都市：商
RPOPMLTLJHNFFAI58CA,港子坪段港坪小段,7.92,都市：住
RPWNMLNLJHNFFAI78EA,下路頭段,47.00,都市：住
RPPNMLKMJHNFFAI67CA,劉厝段玉山小段,106.54,都市：住
RPQNMLNLJHNFFAI97CA,下埤段,431.60,都市：農
RPWOMLMJKHNFFAI48CA,下路頭段,8.16,都市：住
RPXNMLMJKHNFFAI48CA,下路頭段,137.00,都市：住
RPRNMLKMJHNFFAI87CA,竹圍子段,20.13,都市：住
RPRNMLKMJHNFFAI87CA,竹圍子段,27.44,都市：住
RPRNMLKMJHNFFAI87CA,竹圍子段,8.03,都市：住
RPPOMLKLJHNFFAI67CA,港子坪段港坪小段,286.00,都市：住
RPPOMLKLJHNFFAI67CA,港子坪段港坪小段,7.00,都市：住
RPRNMLNJKHNFFAI97CA,東門段七小段,8.29,都市：住
RPOPMLTJKHNFFAI48CA,埤子頭段新厝小段,820.00,都市：住
RPQOMLSJKHNFFAI48CA,頂庄段,1249.00,都市：農
RPQOMLSJKHNFFAI48CA,頂庄段,525.00,都市：農
RPVOMLMLJHNFFAI48CA,北社尾段,10.00,都市：住
RPSNMLLKKHNFFAI97CA,白川段,37.01,都市：住
RPOOMLOLJHNFFAI97CA,盧東段,85.00,都市：住
RPQOMLOLJHNFFAI18CA,盧東段,100.00,都市：住
RPTNMLLKKHNFFAI08CA,下路頭段,19.93,都市：住
RPVNMLMLJHNFFAI38CA,新富段一小段,.29,都市：商
RPVNMLMLJHNFFAI38CA,南門段七小段,7.91,都市：商
RPTPMLOLJHNFFAI58CA,埤子頭段,515.00,都市：住
RPXNMLMLJHNFFAI58CA,仁義段,19.63,都市：住
RPWNMLOLJHNFFAI68CA,北社尾段保安小段,14.47,都市：住
RPTNMLOJKHNFFAI28CA,南門段三小段,23.52,都市：住
RPSNMLOLJHNFFAI48EA,山下段,30.00,都市：住
RPSNMLOLJHNFFAI48EA,山下段,1.00,都市：住
RPSOMLMLJHNFFAI38EA,短竹段,20.00,都市：住
RPTNMLPLJHNFFAI48CA,北社尾段保安小段,70.00,都市：住
RPTOMLMLJHNFFAI48EA,短竹段,14.00,都市：住
RPTOMLMLJHNFFAI48EA,短竹段,6.00,都市：住
RPWOMLOLJHNFFAI98EA,育人段,305.80,都市：住
RPWOMLOLJHNFFAI98EA,育人段,34.69,都市：住
RPQOMLMLJHNFFAI97CA,湖子內段湖美小段,609.85,都市：住
RPSOMLNLJHNFFAI48EA,短竹段,145.00,都市：住
RPOOMLKMJHNFFAI67CA,盧厝段,393.43,都市：農
RPSNMLLMJHNFFAI08CA,湖內段,87.00,都市：住
RPXNMLKKKHNFFAI38CA,南門段六小段,10.00,都市：住
RPUOMLMLJHNFFAI38CA,下路頭段,14.42,都市：住
RPPNMLKKKHNFFAI57CA,西門段四小段,7.78,都市：住
RPQNMLLLKHNFFAI08EA,新富段二小段,29.00,都市：住
RPQNMLLLKHNFFAI08EA,新富段二小段,27.00,都市：住
RPQNMLLLKHNFFAI08EA,新富段二小段,.50,都市：住
RPRNMLLLKHNFFAI18EA,新富段二小段,29.00,都市：住
RPRNMLLLKHNFFAI18EA,新富段二小段,27.00,都市：住
RPRNMLLLKHNFFAI18EA,新富段二小段,.50,都市：住
RPPNMLOLJHNFFAI97CA,同興段,88.00,都市：住
RPVOMLNLJHNFFAI58CA,東門段七小段,9.18,都市：商
RPPPMLNKKHNFFAI08CA,車店段車店小段,134.00,都市：住
RPOPMLNKKHNFFAI97CA,湖內段,54.00,都市：商
RPOPMLNKKHNFFAI97CA,湖內段,5.00,都市：商
RPRNMLKLKHNFFAI87CA,車店段,8.13,都市：住
RPQNMLKLKHNFFAI77CA,車店段車店小段,35.01,都市：住
RPQPMLNKKHNFFAI18CA,湖子內段湖美小段,439.24,都市：商
RPRPMLNKKHNFFAI28CA,湖子內段湖美小段,294.44,都市：商
RPPPMLOKKHNFFAI18CA,下路頭段,108.00,都市：住
RPPNMLLKKHNFFAI67CA,下路頭段,82.00,都市：住
RPUNMLLLKHNFFAI28CA,盧厝段,41.69,都市：住
RPQNMLLKKHNFFAI77CA,遠東段,94.00,都市：商
RPUOMLLLKHNFFAI38CA,下路頭段,21.37,都市：住
RPUOMLLLKHNFFAI38CA,下路頭段,3.58,都市：住
RPSNMLPLJHNFFAI38CA,下路頭段,64.00,都市：住
RPRPMLOLJHNFFAI38CA,北社尾段保安小段,80.00,都市：住
RPOOMLPLJHNFFAI08CA,檜段七小段,15.27,都市：商
RPOOMLTLJHNFFAI48CA,竹圍子段二小段,258.00,都市：住
RPUNMLTLJHNFFAI98CA,下路頭段,214.00,都市：其他
RPWNMLLKKHNFFAI38CA,車店段車店小段,22.05,都市：住
RPVNMLLKKHNFFAI28CA,車店段,15.00,都市：住
RPVNMLLKKHNFFAI28CA,車店段,5.00,都市：住
RPVNMLLKKHNFFAI28CA,車店段,122.00,都市：住
RPQOMLPLJHNFFAI28CA,竹圍子段,9.62,都市：住
RPUOMLPLJHNFFAI68CA,車店段,9.66,都市：住
RPUOMLPLJHNFFAI68CA,白川段,6.83,都市：住
RPQNMLTLJHNFFAI78EA,荖藤段,2706.00,都市：農
RPRNMLLMJHNFFAI97CA,湖內段,20.33,都市：住
RPPNMLQLJHNFFAI38EA,中山段三小段,11.38,都市：住
RPPNMLQLJHNFFAI38EA,中山段三小段,18.93,都市：住
RPPNMLQLJHNFFAI38EA,中山段三小段,.38,都市：住
RPRNMLOLJHNFFAI38EA,盧厝段,70.00,都市：住
RPTNMLQJKHNFFAI68EA,軍輝段,78.00,都市：住
RPPNMLQLJHNFFAI18CA,下路頭段,119.00,都市：住
RPSNMLKKKHNFFAI87CA,竹圍子段,18.42,都市：住
RPPOMLQJKHNFFAI18CA,埤子頭段,122.00,都市：住
RPPNMLLMJHNFFAI77CA,港子坪段港坪小段,5.70,都市：住
RPVNMLKMJHNFFAI28CA,湖內段,1.00,都市：住
RPVNMLKMJHNFFAI28CA,湖內段,108.00,都市：住
RPVNMLKMJHNFFAI28CA,湖內段,9.01,都市：其他
RPVNMLKMJHNFFAI28CA,湖內段,29.67,都市：住
RPSNMLNJKHNFFAI08CA,玉川段,77.00,都市：住
RPSNMLNJKHNFFAI08CA,玉川段,41.00,都市：其他
RPPNMLNJKHNFFAI77CA,下路頭段,43.00,都市：住
RPWOMLLLKHNFFAI58CA,車店段車店小段,27.77,都市：住
RPTNMLKLKHNFFAI08CA,竹圍子段二小段,9.14,都市：住
RPSOMLLLKHNFFAI18CA,下路頭段,37.14,都市：住
RPVNMLLLKHNFFAI38CA,彌陀段,21.41,都市：住
RPPNMLOKKHNFFAI97CA,竹村段,511.22,都市：住
RPPOMLKMJHNFFAI77CA,竹圍子段,139.00,都市：住
RPSPMLNKKHNFFAI38CA,彌陀段,140.00,都市：住
RPSPMLNKKHNFFAI38CA,彌陀段,36.96,都市：住
RPSPMLNKKHNFFAI38CA,彌陀段,6.74,都市：住
RPTNMLMJKHNFFAI08CA,湖子內段湖美小段,388.39,都市：住
RPQNMLNJKHNFFAI87CA,下路頭段,46.00,都市：住
RPQOMLKMJHNFFAI87CA,遠東段,14.93,都市：住
RPQOMLMJKHNFFAI87CA,下路頭段,121.00,都市：住
RPTOMLPLJHNFFAI58CA,車店段車店小段,5.18,都市：住
RPVNMLQLJHNFFAI78CA,北社尾段,54.00,都市：住
RPTOMLPLJHNFFAI58CA,車店段車店小段,5.01,都市：住
RPTNMLLMJHNFFAI18CA,興村段,64.17,都市：住
RPRNMLMJKHNFFAI87CA,溪厝段,663.18,都市：農
RPSOMLTLJHNFFAI88CA,下路頭段,12.87,都市：住
RPXNMLTLJHNFFAI66CA,遠東段,13.51,都市：住
RPWNMLTLJHNFFAI56CA,遠東段,19.48,都市：住
RPROMLMKKHNFFAI08CA,遠東段,1.79,都市：住
RPTPMLNKKHNFFAI48CA,劉厝段玉山小段,105.94,都市：住
RPXOMLMJKHNFFAI58CA,後庄段,87.00,都市：住
RPTNMLTJKHNFFAI98EA,竹圍子段,82.00,都市：其他
RPTNMLTJKHNFFAI98EA,竹圍子段,29.50,都市：其他
RPSNMLOJKHNFFAI18CA,遠東段,5.60,都市：住
RPPOMLLKKHNFFAI77CA,下路頭段,7.07,都市：住
RPSNMLKMJHNFFAI18EA,埤子頭段,27.76,都市：住
RPXNMLLKKHNFFAI48CA,短竹段,4.76,都市：住
RPQNMLLJKHNFFAI87EA,港子坪段港坪小段,129.00,都市：住
RPTOMLMKKHNFFAI28CA,中山段一小段,91.17,都市：住
RPRNMLLMJHNFFAI18EA,台斗坑段,51.00,都市：住
RPTPMLOKKHNFFAI58CA,新厝段,178.00,都市：農
RPTPMLOKKHNFFAI58CA,新厝段,215.00,都市：農
RPTPMLOKKHNFFAI58CA,新厝段,1393.00,都市：農
RPOOMLLKKHNFFAI67CA,車店段車店小段,5.96,都市：住
RPUNMLQJKHNFFAI78EA,長竹段,27.00,都市：住
RPUNMLQJKHNFFAI78EA,長竹段,73.00,都市：住
RPUPMLOKKHNFFAI68CA,新厝段,959.00,都市：工
RPROMLKMJHNFFAI97CA,北湖段,262.00,都市：住
RPTOMLTLJHNFFAI98CA,下埤段,207.24,都市：住
RPUNMLOJKHNFFAI38CA,溪東段,172.75,都市：住
RPSNMLTLJHNFFAI78CA,民族段五小段,49.25,都市：住
RPTOMLNLKHNFFAI48CA,車店段車店小段,30.69,都市：住
RPSOMLNLKHNFFAI38CA,車店段,26.98,都市：住
RPSOMLNLKHNFFAI38CA,白川段,4.29,都市：住
RPRNMLPJKHNFFAI18CA,港子坪段港坪小段,17.65,都市：商
RPUOMLNLKHNFFAI58CA,車店段車店小段,30.69,都市：住
RPVNMLLJKHNFFAI18CA,溪厝段,1329.59,都市：農
RPQPMLMJKHNFFAI97CA,遠東段,14.93,都市：住
RPTOMLKMJHNFFAI18CA,南門段二小段,21.37,都市：其他
RPSOMLKMJHNFFAI08CA,湖子內段湖美小段,99.62,都市：住
RPQOMLNLKHNFFAI18CA,港子坪段港坪小段,83.00,都市：住
RPXPMLNKKHNFFAI88CA,港子坪段港坪小段,12.74,都市：住
RPXPMLNKKHNFFAI88CA,港子坪段港坪小段,3.58,都市：住
RPTOMLOKKHNFFAI48CA,埤子頭段,77.00,都市：住
RPTOMLOKKHNFFAI48CA,埤子頭段,19.92,都市：住
RPXOMLOKKHNFFAI88CA,埤子頭段,78.00,都市：住
RPXOMLOKKHNFFAI88CA,埤子頭段,19.92,都市：住
RPSQMLNKKHNFFAI48CA,山下段,13.00,都市：住
RPSQMLNKKHNFFAI48CA,山下段,70.00,都市：住
RPSQMLNKKHNFFAI48CA,山下段,70.00,都市：住
RPSQMLNKKHNFFAI48CA,山下段,4.50,都市：住
RPSQMLNKKHNFFAI48CA,山下段,1.25,都市：住
RPSQMLNKKHNFFAI48CA,山下段,3.00,都市：住
RPSQMLNKKHNFFAI48CA,山下段,2.75,都市：住
RPSOMLQJKHNFFAI48CA,下路頭段,1.33,都市：住
RPSNMLLJKHNFFAI87CA,軍輝段,248.00,都市：住
RPPNMLMJKHNFFAI87EA,盧厝段,59.00,都市：住
RPTNMLLJKHNFFAI18EA,短竹段,13.93,都市：住
RPRPMLTJKHNFFAI78CA,劉厝段劉厝小段,13.35,都市：住
RPXNMLPJKHNFFAI78CA,湖子內段興安小段,56.54,都市：住
RPWNMLPJKHNFFAI68CA,湖子內段興安小段,86.58,都市：住
RPPOMLPJKHNFFAI08CA,竹圍子段中興小段,4.94,都市：商
RPQNMLLMJHNFFAI08EA,西門段三小段,10.00,都市：商
RPPOMLLLKHNFFAI87CA,劉厝段玉山小段,93.62,都市：住
RPSOMLMJKHNFFAI08CA,短竹段,91.00,都市：其他
RPSOMLMJKHNFFAI08CA,短竹段,18.20,都市：其他
RPQNMLKKKHNFFAI67CA,軍輝段,12.78,都市：住
RPWNMLLLKHNFFAI48CA,盧厝段,18.18,都市：住
RPROMLNLKHNFFAI28CA,埤子頭段,83.00,都市：住
RPOOMLMLKHNFFAI87CA,短竹段,14.64,都市：住
RPQPMLOKKHNFFAI28CA,下路頭段,12.87,都市：住
RPTNMLMLKHNFFAI28CA,中山段七小段,90.00,都市：住
RPVNMLOKKHNFFAI58CA,短竹段,29.29,都市：住
RPWNMLRLKHNFFAI09CA,西門段六小段,3.01,都市：住
RPWNMLRLKHNFFAI09CA,西門段六小段,3.01,都市：住
RPWNMLRLKHNFFAI09CA,西門段六小段,5.16,都市：住
RPWNMLRLKHNFFAI09CA,西門段六小段,5.16,都市：住
RPUPMLNKKHNFFAI58CA,元段五小段,105.00,都市：商
RPPOMLLJLHNFFAI97EA,港子坪段,36.33,都市：住
RPWNMLQJKHNFFAI78CA,竹圍子段三小段,17.34,都市：住
RPPOMLMJKHNFFAI77CA,港子坪段,33.00,都市：住
RPPOMLMJKHNFFAI77CA,港子坪段,133.00,都市：住
RPRNMLKKKHNFFAI77CA,竹圍子段二小段,13.03,都市：住
RPSOMLNKKHNFFAI48EA,湖子內段興安小段,369.51,都市：住
RPSOMLNKKHNFFAI48EA,湖子內段興安小段,124.68,都市：住
RPSOMLNKKHNFFAI48EA,湖子內段興安小段,124.68,都市：住
RPQNMLQLKHNFFAI38CA,東門段六小段,17.10,都市：其他
RPPNMLQJKHNFFAI08CA,下路頭段,.01,都市：住
RPPNMLQJKHNFFAI08CA,下路頭段,52.55,都市：住
RPQNMLLJLHNFFAI77CA,檜段三小段,93.00,都市：商
RPRNMLLJLHNFFAI87CA,檜段三小段,90.00,都市：商
RPRPMLMJKHNFFAI08CA,劉厝段玉山小段,136.80,都市：住
RPRPMLMJKHNFFAI08CA,劉厝段玉山小段,19.94,都市：住
RPTPMLPJKHNFFAI58CA,短竹段,100.00,都市：住
RPUPMLPJKHNFFAI68CA,玉川段,117.00,都市：住
RPXOMLPJKHNFFAI09EA,埤子頭段,.17,都市：住
RPXNMLQJKHNFFAI88CA,彌陀段,.25,都市：住
RPXNMLQJKHNFFAI88CA,彌陀段,109.00,都市：住
RPXNMLQJKHNFFAI88CA,彌陀段,21.50,都市：住
RPVNMLKKKHNFFAI18CA,下路頭段,95.00,都市：住
RPVNMLKKKHNFFAI18CA,下路頭段,79.00,都市：其他
RPRNMLRJKHNFFAI38CA,後庄段,67.00,都市：住
RPRNMLRJKHNFFAI38CA,後庄段,9.00,都市：住
RPROMLSJKHNFFAI58CA,同興段,217.00,都市：工
RPROMLSJKHNFFAI58CA,同興段,175.00,都市：工
RPROMLSJKHNFFAI58CA,同興段,6.00,都市：工
RPOOMLKKKHNFFAI57CA,下路頭段,26.36,都市：住
RPOOMLKKKHNFFAI57CA,下路頭段,109.00,都市：住
RPOOMLKKKHNFFAI57CA,下路頭段,3.11,都市：住
RPTNMLKKKHNFFAI97CA,竹圍子段,15.18,都市：住
RPPNMLMJLHNFFAI77CA,港子坪段港坪小段,67.00,都市：住
RPPNMLMJLHNFFAI77CA,港子坪段港坪小段,24.17,都市：住
RPRNMLQJKHNFFAI28CA,埤子頭段,13.47,都市：住
RPROMLOKKHNFFAI28CA,港子坪段港坪小段,11.42,都市：住
RPVOMLMJKHNFFAI38CA,湖子內段新民小段,579.34,都市：住
RPXNMLRLKHNFFAI56CA,港子坪段港坪小段,113.00,都市：商
RPWOMLOKKHNFFAI78CA,長竹段,29.42,都市：住
RPPNMLOLKHNFFAI08CA,車店段車店小段,18.33,都市：住
RPQNMLOLKHNFFAI18CA,竹村段,130.56,都市：農
RPXNMLLLKHNFFAI58CA,白川段,98.00,都市：住
RPQOMLMLKHNFFAI08CA,民族段三小段,63.00,都市：住
RPWNMLOKKHNFFAI68CA,下路頭段,7.07,都市：住
RPOPMLOKKHNFFAI08CA,下路頭段,102.00,都市：住
RPXNMLNKKHNFFAI68CA,長竹段,35.00,都市：住
RPXNMLNKKHNFFAI68CA,長竹段,35.00,都市：住
RPTOMLSJKHNFFAI78CA,港子坪段港坪小段,131.00,都市：住
RPQQMLNKKHNFFAI28CA,竹圍子段,13.40,都市：住
RPPQMLNKKHNFFAI18CA,下路頭段,4.89,都市：住
RPRNMLMKKHNFFAI97CA,竹圍子段,7.80,都市：住
RPRNMLMKKHNFFAI97CA,竹圍子段,10.63,都市：住
RPRNMLMKKHNFFAI97CA,竹圍子段,3.11,都市：住
RPTOMLQJKHNFFAI58CA,湖內段,75.00,都市：住
RPQNMLRJKHNFFAI48EA,榮段二小段,17.00,都市：住
RPQNMLRJKHNFFAI48EA,榮段二小段,56.00,都市：住
RPQNMLRJKHNFFAI48EA,榮段二小段,10.00,都市：住
RPPPMLTJKHNFFAI58CA,湖子內段新民小段,708.30,都市：住
RPSOMLMJLHNFFAI18CA,台斗坑段,73.00,都市：住
RPUNMLNKKHNFFAI38CA,下路頭段,7.07,都市：住
RPTOMLMJLHNFFAI28CA,下路頭段,22.97,都市：住
RPTNMLRJKHNFFAI78EA,劉厝段玉山小段,116.52,都市：住
RPTNMLRJKHNFFAI78EA,劉厝段玉山小段,6.95,都市：住
RPTNMLRJKHNFFAI78EA,劉厝段玉山小段,35.04,都市：住
RPSNMLQJLHNFFAI48CA,湖內段,25.61,都市：住
RPUNMLRJKHNFFAI68CA,盧厝段,95.00,都市：住
RPVPMLNKKHNFFAI68CA,遠東段,3.40,都市：住
RPVPMLNKKHNFFAI68CA,遠東段,42.24,都市：住
RPVPMLNKKHNFFAI68CA,遠東段,204.00,都市：住
RPPNMLSJKHNFFAI28CA,彌陀段,8.00,都市：住
RPPNMLSJKHNFFAI28CA,彌陀段,40.00,都市：住
RPPQMLOKKHNFFAI28CA,埤子頭段,69.00,都市：住
RPOOMLSJKHNFFAI48EA,溪東段,93.07,都市：住
RPOOMLSJKHNFFAI48EA,溪東段,2.00,都市：住
RPOOMLSJKHNFFAI48EA,溪東段,17.40,都市：住
RPOOMLSJKHNFFAI48EA,溪東段,.13,都市：住
RPOQMLNKKHNFFAI08CA,竹圍子段二小段,10.94,都市：住
RPROMLRLKHNFFAI68CA,東門段四小段,38.76,都市：住
RPWNMLSJKHNFFAI98CA,中庄段,390.00,都市：農
RPQPMLTJKHNFFAI68CA,下路頭段,20.90,都市：住
RPPNMLNKKHNFFAI87CA,湖子內段湖內小段,69.00,都市：住
RPUNMLMLKHNFFAI38CA,車店段車店小段,111.00,都市：住
RPUNMLMLKHNFFAI38CA,車店段車店小段,8.33,都市：住
RPSOMLMKKHNFFAI18CA,彌陀段,17.15,都市：住
RPWPMLOKKHNFFAI88CA,盧厝段,21.61,都市：住
RPUOMLSJKHNFFAI88CA,湖子內段興安小段,96.51,都市：住
RPUOMLSJKHNFFAI88CA,湖子內段興安小段,94.70,都市：住
RPVOMLSJKHNFFAI98CA,湖子內段興安小段,96.51,都市：住
RPVOMLSJKHNFFAI98CA,湖子內段興安小段,94.70,都市：住
RPRNMLLKKHNFFAI87CA,港子坪段,79.00,都市：住
RPRNMLLKKHNFFAI87CA,港子坪段,190.00,都市：住
RPRNMLLKKHNFFAI87CA,港子坪段,286.00,都市：住
RPPNMLTJKHNFFAI58EA,車店段車店小段,119.00,都市：住
RPRNMLOLKHNFFAI28CA,北社尾段保安小段,22.91,都市：住
RPQOMLKKKHNFFAI77CA,竹圍子段,32.12,都市：住
RPQOMLKKKHNFFAI77CA,竹圍子段,.22,都市：住
RPVPMLOKKHNFFAI78CA,軍輝段,33.08,都市：住
RPSOMLSJKHNFFAI68CA,長竹段,118.00,都市：住
RPXPMLOKKHNFFAI98CA,同興段,24.60,都市：住
RPPOMLSJKHNFFAI58EA,新富段八小段,73.00,都市：住
RPPOMLSJKHNFFAI58EA,新富段八小段,55.00,都市：住
RPPOMLSJKHNFFAI58EA,新富段八小段,82.00,都市：住
RPPOMLSJKHNFFAI58EA,末廣段一小段,3.00,都市：住
RPPOMLSJKHNFFAI58EA,末廣段一小段,3.00,都市：住
RPROMLKKKHNFFAI87CA,大溪段,88.86,都市：住
RPROMLKKKHNFFAI87CA,大溪段,19.58,都市：住
RPPNMLPLKHNFFAI18CA,西門段五小段,21.00,都市：商
RPQNMLMJLHNFFAI08EA,山下段,67.00,都市：住
RPOOMLMKKHNFFAI97EA,車店段,24.64,都市：住
RPOOMLMKKHNFFAI97EA,白川段,4.43,都市：住
RPQNMLNKKHNFFAI18EA,埤子頭段,5.28,都市：住
RPPOMLMKKHNFFAI08EA,民族段五小段,62.00,都市：住
RPPOMLMKKHNFFAI08EA,民族段五小段,58.00,都市：住
RPPOMLMKKHNFFAI08EA,民族段五小段,14.50,都市：住
RPPOMLMKKHNFFAI08EA,民族段五小段,172.00,都市：住
RPQNMLSJKHNFFAI58EA,短竹段,31.50,都市：住
RPQNMLSJKHNFFAI58EA,短竹段,120.00,都市：住
RPVNMLSJKHNFFAI09EA,軍輝段,22.61,都市：住
RPQNMLSJNHNFFAI68CA,竹圍子段三小段,22.46,都市：住
RPPNMLPJLHNFFAI08CA,盧厝段,95.00,都市：住
RPVNMLPJLHNFFAI68CA,新富段二小段,15.47,都市：商
RPXNMLSJKHNFFAI66EA,湖子內段興安小段,279.73,都市：住
RPTNMLSJKHNFFAI88EA,新富段二小段,8.53,都市：商
RPUNMLLKKHNFFAI18CA,軍輝段,262.00,都市：住
RPUOMLNKKHNFFAI68EA,元段五小段,7.67,都市：商
RPUOMLNKKHNFFAI68EA,元段五小段,6.83,都市：商
RPUOMLNKKHNFFAI68EA,元段五小段,1.17,都市：商
RPUOMLNKKHNFFAI68EA,元段五小段,2.00,都市：商
RPQNMLOKKHNFFAI28EA,元段六小段,1.94,都市：商
RPWNMLKKKHNFFAI28CA,盧東段,11.94,都市：農
RPWNMLKKKHNFFAI28CA,盧東段,128.72,都市：農
RPSPMLTJKHNFFAI88CA,竹圍子段,24.15,都市：住
RPSPMLTJKHNFFAI88CA,竹圍子段,8.88,都市：其他
RPUPMLTJKHNFFAI09CA,港子坪段港坪小段,7.92,都市：住
RPUNMLMKKHNFFAI28CA,竹圍子段,56.00,都市：住
RPQOMLMKKHNFFAI97CA,遠東段,19.48,都市：住
RPTNMLMKKHNFFAI18CA,下路頭段,109.00,都市：住
RPTNMLOKKHNFFAI38CA,太平段,2.41,都市：住
RPPNMLOKLHNFFAI08CA,興村段,388.00,都市：其他
RPPNMLOKLHNFFAI08CA,興村段,266.00,都市：其他
RPPNMLOKLHNFFAI08CA,興村段,88.00,都市：其他
RPPNMLOKLHNFFAI08CA,興村段,88.00,都市：其他
RPPNMLOKLHNFFAI08CA,興村段,13.00,都市：其他
RPPNMLOKLHNFFAI08CA,興村段,5.00,都市：其他
RPPNMLOKLHNFFAI08CA,興村段,41.00,都市：其他
RPPNMLOKLHNFFAI08CA,興村段,40.00,都市：其他
RPPNMLOKLHNFFAI08CA,興村段,8.00,都市：其他
RPPNMLOKLHNFFAI08CA,興村段,13.00,都市：其他
RPPNMLOKLHNFFAI08CA,興村段,5.00,都市：其他
RPOOMLNKKHNFFAI87CA,下路頭段,4.89,都市：住
RPVNMLNKKHNFFAI48CA,港子坪段港坪小段,431.75,都市：住
RPPNMLQLKHNFFAI48EA,湖子內段新民小段,1110.65,都市：其他
RPTNMLLLKHNFFAI18CA,遠東段,7.40,都市：住
RPVNMLMLKHNFFAI48CA,車店段,17.30,都市：住
RPQNMLOKLHNFFAI18CA,興村段,1088.00,都市：其他
RPQNMLOKLHNFFAI18CA,興村段,21.00,都市：其他
RPQNMLOKLHNFFAI18CA,興村段,332.00,都市：其他
RPQNMLOKLHNFFAI18CA,興村段,116.00,都市：其他
RPVNMLMLKHNFFAI48CA,車店段,.58,都市：住
RPVOMLLLKHNFFAI48CA,埤子頭段,6.95,都市：住
RPVOMLLLKHNFFAI48CA,埤子頭段,7.90,都市：住
RPVNMLMKKHNFFAI38CA,車店段車店小段,123.00,都市：住
RPPOMLNLKHNFFAI08CA,台斗坑段,.26,都市：住
RPPOMLNLKHNFFAI08CA,台斗坑段,14.95,都市：住
RPPOMLNLKHNFFAI08CA,台斗坑段,10.08,都市：住
RPVPMLTJKHNFFAI56CA,埤子頭段,8.96,都市：商
RPPNMLSJLHNFFAI38CA,南門段七小段,5.02,都市：住
RPPNMLSJLHNFFAI38CA,新富段一小段,.18,都市：住
RPPNMLQJLHNFFAI18CA,盧東段,32.12,都市：農
RPPNMLQJLHNFFAI18CA,盧東段,37.38,都市：農
RPPNMLQJLHNFFAI18CA,盧東段,12.96,都市：農
RPPNMLQJLHNFFAI18CA,盧東段,111.04,都市：農
RPPNMLQJLHNFFAI18CA,盧東段,.48,都市：農
RPPNMLQJLHNFFAI18CA,盧東段,.42,都市：農
RPPNMLQJLHNFFAI18CA,盧東段,4.80,都市：農
RPPNMLQJLHNFFAI18CA,盧東段,1.98,都市：農
