﻿編號,車位類別,車位價格,車位面積平方公尺
Serial number,berth category,berth price,berth area square meter
RPUNMLRKJIMFFAO86CC,坡道平面,0,
RPWOMLOLJIMFFAO96CC,坡道平面,0,33.07
RPXNMLPJKIMFFAO96CC,坡道平面,0,45.55
RPQPMLSJKIMFFAO76CC,坡道機械,0,
RPTOMLLLKIMFFAO09CC,坡道平面,0,
RPWOMLMJJHNFFAO56CC,坡道平面,0,
RPPPMLSJJHNFFAO56CC,坡道平面,0,15.54
RPROMLMJJHNFFAO68CC,坡道平面,0,
RPTNMLSKJHNFFAO96DC,坡道平面,0,
RPSPMLQLJHNFFAO86CC,升降平面,0,
RPUOMLTLJHNFFAO27CC,坡道平面,0,
