﻿鄉鎮市區,交易標的,土地區段位置建物區段門牌,土地移轉總面積平方公尺,都市土地使用分區,非都市土地使用分區,非都市土地使用編定,交易年月日,交易筆棟數,移轉層次,總樓層數,建物型態,主要用途,主要建材,建築完成年月,建物移轉總面積平方公尺,建物現況格局-房,建物現況格局-廳,建物現況格局-衛,建物現況格局-隔間,有無管理組織,總價元,單價元平方公尺,車位類別,車位移轉總面積平方公尺,車位總價元,備註,編號
The villages and towns urban district,transaction sign,land sector position building sector house number plate,land shifting total area square meter,the use zoning or compiles and checks,the non-metropolis land use district,non-metropolis land use,transaction year month and day,transaction pen number,shifting level,total floor number,building state,main use,main building materials,construction to complete the years,building shifting total area,Building present situation pattern - room,building present situation pattern - hall,building present situation pattern - health,building present situation pattern - compartmented,Whether there is manages the organization,total price NTD,the unit price (NTD / square meter),the berth category,berth shifting total area square meter,the berth total price NTD,the note,serial number
新竹市,房地(土地+建物)+車位,東橋段571~600地號,19.5,住,,,1060601,土地13建物1車位1,二層,22,住宅大樓(11層含以上有電梯),住家用,鋼筋混凝土造,,156.19,3,2,2,有,無,13110000,98844,坡道平面,37.72,1400000,,RPQNMLSLKIMFFAO66CB
新竹市,房地(土地+建物)+車位,東橋段571~600地號,19.5,住,,,1060602,土地13建物1車位1,三層,22,住宅大樓(11層含以上有電梯),住家用,鋼筋混凝土造,,156.19,3,2,2,有,無,13190000,100363,坡道平面,37.72,1300000,,RPRNMLSLKIMFFAO76CB
新竹市,房地(土地+建物)+車位,東橋段571~600地號,19.5,住,,,1060625,土地13建物1車位1,四層,22,住宅大樓(11層含以上有電梯),住家用,鋼筋混凝土造,,156.19,3,2,2,有,無,13280000,100279,坡道平面,37.72,1400000,,RPSNMLSLKIMFFAO86CB
新竹市,房地(土地+建物)+車位,東橋段571~600地號,19.5,住,,,1060622,土地13建物1車位1,五層,22,住宅大樓(11層含以上有電梯),住家用,鋼筋混凝土造,,156.19,3,2,2,有,無,13520000,102304,坡道平面,37.72,1400000,,RPTNMLSLKIMFFAO96CB
新竹市,房地(土地+建物)+車位,東橋段571~600地號,19.5,住,,,1060610,土地13建物1車位1,六層,22,住宅大樓(11層含以上有電梯),住家用,鋼筋混凝土造,,156.19,3,2,2,有,無,13610000,103064,坡道平面,37.72,1400000,,RPUNMLSLKIMFFAO07CB
新竹市,房地(土地+建物)+車位,東橋段571~600地號,19.5,住,,,1060621,土地13建物1車位1,七層,22,住宅大樓(11層含以上有電梯),住家用,鋼筋混凝土造,,156.19,3,2,2,有,無,13630000,104077,坡道平面,37.72,1300000,,RPVNMLSLKIMFFAO17CB
新竹市,房地(土地+建物)+車位,東橋段571~600地號,19.5,住,,,1060606,土地13建物1車位1,八層,22,住宅大樓(11層含以上有電梯),住家用,鋼筋混凝土造,,156.19,3,2,2,有,無,13670000,104415,坡道平面,37.72,1300000,,RPWNMLSLKIMFFAO27CB
新竹市,房地(土地+建物)+車位,東橋段571~600地號,19.5,住,,,1060610,土地13建物1車位1,二層,22,住宅大樓(11層含以上有電梯),住家用,鋼筋混凝土造,,156.75,3,2,2,有,無,12420000,93422,坡道平面,37.72,1300000,,RPXNMLSLKIMFFAO37CB
新竹市,房地(土地+建物)+車位,東橋段571~600地號,19.5,住,,,1060614,土地13建物1車位1,三層,22,住宅大樓(11層含以上有電梯),住家用,鋼筋混凝土造,,156.75,3,2,2,有,無,12520000,93842,坡道平面,37.72,1350000,,RPOOMLSLKIMFFAO56CB
新竹市,房地(土地+建物)+車位,東橋段571~600地號,19.5,住,,,1060611,土地13建物1車位1,四層,22,住宅大樓(11層含以上有電梯),住家用,鋼筋混凝土造,,156.75,3,2,2,有,無,12470000,93842,坡道平面,37.72,1300000,,RPPOMLSLKIMFFAO66CB
新竹市,房地(土地+建物)+車位,東橋段571~600地號,19.5,住,,,1061104,土地13建物1車位1,五層,22,住宅大樓(11層含以上有電梯),住家用,鋼筋混凝土造,,156.75,3,2,2,有,無,13100000,99135,坡道平面,37.72,1300000,,RPQOMLSLKIMFFAO76CB
新竹市,房地(土地+建物)+車位,東橋段571~600地號,19.5,住,,,1060610,土地13建物1車位1,六層,22,住宅大樓(11層含以上有電梯),住家用,鋼筋混凝土造,,156.75,3,2,2,有,無,12890000,96530,坡道平面,37.72,1400000,,RPROMLSLKIMFFAO86CB
新竹市,房地(土地+建物)+車位,東橋段571~600地號,19.5,住,,,1060612,土地13建物1車位1,七層,22,住宅大樓(11層含以上有電梯),住家用,鋼筋混凝土造,,156.75,3,2,2,有,無,12900000,97454,坡道平面,37.72,1300000,,RPSOMLSLKIMFFAO96CB
新竹市,房地(土地+建物)+車位,東橋段571~600地號,19.5,住,,,1060610,土地13建物1車位1,八層,22,住宅大樓(11層含以上有電梯),住家用,鋼筋混凝土造,,156.75,3,2,2,有,無,13010000,98379,坡道平面,37.72,1300000,,RPTOMLSLKIMFFAO07CB
新竹市,房地(土地+建物)+車位,東橋段571~600地號,19.5,住,,,1060611,土地13建物1車位1,九層,22,住宅大樓(11層含以上有電梯),住家用,鋼筋混凝土造,,156.75,3,2,2,有,無,13220000,99303,坡道平面,37.72,1400000,,RPUOMLSLKIMFFAO17CB
新竹市,房地(土地+建物)+車位,東橋段571~600地號,19.5,住,,,1060617,土地13建物1車位1,十層,22,住宅大樓(11層含以上有電梯),住家用,鋼筋混凝土造,,156.75,3,2,2,有,無,13750000,103755,坡道平面,37.72,1400000,,RPVOMLSLKIMFFAO27CB
新竹市,房地(土地+建物)+車位,東橋段571~600地號,19.5,住,,,1060608,土地13建物1車位1,十一層,22,住宅大樓(11層含以上有電梯),住家用,鋼筋混凝土造,,156.75,3,2,2,有,無,13850000,104595,坡道平面,37.72,1400000,,RPWOMLSLKIMFFAO37CB
新竹市,房地(土地+建物)+車位,東橋段571~600地號,19.5,住,,,1060609,土地13建物1車位1,十二層,22,住宅大樓(11層含以上有電梯),住家用,鋼筋混凝土造,,156.75,3,2,2,有,無,13450000,102075,坡道平面,37.72,1300000,,RPXOMLSLKIMFFAO47CB
新竹市,房地(土地+建物)+車位,東橋段571~600地號,19.5,住,,,1060731,土地13建物1車位1,十三層,22,住宅大樓(11層含以上有電梯),住家用,鋼筋混凝土造,,156.75,3,2,2,有,無,14070000,106444,坡道平面,37.72,1400000,,RPOPMLSLKIMFFAO66CB
新竹市,房地(土地+建物)+車位,東橋段571~600地號,19.5,住,,,1060608,土地13建物1車位1,十四層,22,住宅大樓(11層含以上有電梯),住家用,鋼筋混凝土造,,156.75,3,2,2,有,無,14180000,107368,坡道平面,37.72,1400000,,RPPPMLSLKIMFFAO76CB
新竹市,房地(土地+建物)+車位,東橋段571~600地號,19.5,住,,,1060717,土地13建物1車位1,十五層,22,住宅大樓(11層含以上有電梯),住家用,鋼筋混凝土造,,156.75,3,2,2,有,無,14280000,108208,坡道平面,37.72,1400000,,RPQPMLSLKIMFFAO86CB
新竹市,房地(土地+建物)+車位,東橋段571~600地號,19.5,住,,,1060731,土地13建物1車位1,十七層,22,住宅大樓(11層含以上有電梯),住家用,鋼筋混凝土造,,156.75,3,2,2,有,無,14400000,110056,坡道平面,37.72,1300000,,RPSPMLSLKIMFFAO07CB
新竹市,房地(土地+建物)+車位,東橋段571~600地號,19.5,住,,,1060805,土地13建物1車位1,十八層,22,住宅大樓(11層含以上有電梯),住家用,鋼筋混凝土造,,156.75,3,2,2,有,無,14610000,110980,坡道平面,37.72,1400000,,RPTPMLSLKIMFFAO17CB
新竹市,房地(土地+建物)+車位,東橋段571~600地號,19.5,住,,,1060608,土地13建物1車位1,十九層,22,住宅大樓(11層含以上有電梯),住家用,鋼筋混凝土造,,156.75,3,2,2,有,無,14620000,111905,坡道平面,37.72,1300000,,RPUPMLSLKIMFFAO27CB
新竹市,房地(土地+建物)+車位,東橋段571~600地號,19.5,住,,,1060607,土地13建物1車位1,三層,22,住宅大樓(11層含以上有電梯),住家用,鋼筋混凝土造,,156.75,3,2,2,有,無,13120000,98463,坡道平面,37.72,1400000,,RPVPMLSLKIMFFAO37CB
新竹市,房地(土地+建物)+車位,東橋段571~600地號,19.5,住,,,1060611,土地13建物1車位1,四層,22,住宅大樓(11層含以上有電梯),住家用,鋼筋混凝土造,,156.75,3,2,2,有,無,12470000,93842,坡道平面,37.72,1300000,,RPXPMLSLKIMFFAO57CB
新竹市,房地(土地+建物)+車位,東橋段571~600地號,19.5,住,,,1060617,土地13建物1車位1,五層,22,住宅大樓(11層含以上有電梯),住家用,鋼筋混凝土造,,156.75,3,2,2,有,無,12680000,95606,坡道平面,37.72,1300000,,RPOQMLSLKIMFFAO76CB
新竹市,房地(土地+建物)+車位,東橋段571~600地號,19.5,住,,,1060611,土地13建物1車位1,六層,22,住宅大樓(11層含以上有電梯),住家用,鋼筋混凝土造,,156.75,3,2,2,有,無,13190000,99891,坡道平面,37.72,1300000,,RPPQMLSLKIMFFAO86CB
新竹市,房地(土地+建物)+車位,東橋段571~600地號,19.5,住,,,1060924,土地13建物1車位1,七層,22,住宅大樓(11層含以上有電梯),住家用,鋼筋混凝土造,,156.75,3,2,2,有,無,13370000,100983,坡道平面,37.72,1350000,,RPQQMLSLKIMFFAO96CB
新竹市,房地(土地+建物)+車位,東橋段571~600地號,19.5,住,,,1060617,土地13建物1車位1,八層,22,住宅大樓(11層含以上有電梯),住家用,鋼筋混凝土造,,156.75,3,2,2,有,無,13110000,98379,坡道平面,37.72,1400000,,RPRQMLSLKIMFFAO07CB
新竹市,房地(土地+建物)+車位,東橋段571~600地號,19.5,住,,,1060610,土地13建物1車位1,九層,22,住宅大樓(11層含以上有電梯),住家用,鋼筋混凝土造,,156.75,3,2,2,有,無,13530000,102747,坡道平面,37.72,1300000,,RPSQMLSLKIMFFAO17CB
新竹市,房地(土地+建物)+車位,東橋段571~600地號,19.5,住,,,1060609,土地13建物1車位1,十層,22,住宅大樓(11層含以上有電梯),住家用,鋼筋混凝土造,,156.75,3,2,2,有,無,13650000,103755,坡道平面,37.72,1300000,,RPTQMLSLKIMFFAO27CB
新竹市,房地(土地+建物)+車位,東橋段571~600地號,19.5,住,,,1060624,土地13建物1車位1,十一層,22,住宅大樓(11層含以上有電梯),住家用,鋼筋混凝土造,,156.75,3,2,2,有,無,13750000,104595,坡道平面,37.72,1300000,,RPUQMLSLKIMFFAO37CB
新竹市,房地(土地+建物)+車位,東橋段571~600地號,19.5,住,,,1060818,土地13建物1車位1,十三層,22,住宅大樓(11層含以上有電梯),住家用,鋼筋混凝土造,,156.75,3,2,2,有,無,14070000,106444,坡道平面,37.72,1400000,,RPVQMLSLKIMFFAO47CB
新竹市,房地(土地+建物)+車位,東橋段571~600地號,19.5,住,,,1060815,土地13建物1車位1,十四層,22,住宅大樓(11層含以上有電梯),住家用,鋼筋混凝土造,,156.75,3,2,2,有,無,14180000,107368,坡道平面,37.72,1400000,,RPWQMLSLKIMFFAO57CB
新竹市,房地(土地+建物)+車位,東橋段571~600地號,19.5,住,,,1060910,土地13建物1車位1,十五層,22,住宅大樓(11層含以上有電梯),住家用,鋼筋混凝土造,,156.75,3,2,2,有,無,14290000,108292,坡道平面,37.72,1400000,,RPXQMLSLKIMFFAO67CB
新竹市,房地(土地+建物)+車位,東橋段571~600地號,19.5,住,,,1061007,土地13建物1車位1,十六層,22,住宅大樓(11層含以上有電梯),住家用,鋼筋混凝土造,,156.75,3,2,2,有,無,14270000,108964,坡道平面,37.72,1300000,,RPORMLSLKIMFFAO86CB
新竹市,房地(土地+建物)+車位,東橋段571~600地號,19.5,住,,,1061010,土地13建物1車位1,十七層,22,住宅大樓(11層含以上有電梯),住家用,鋼筋混凝土造,,156.75,3,2,2,有,無,14480000,109888,坡道平面,37.72,1400000,,RPPRMLSLKIMFFAO96CB
新竹市,房地(土地+建物)+車位,東橋段571~600地號,19.5,住,,,1060625,土地13建物1車位1,九層,22,住宅大樓(11層含以上有電梯),住家用,鋼筋混凝土造,,156.19,3,2,2,有,無,13890000,105428,坡道平面,37.72,1400000,,RPPSMLSLKIMFFAO07CB
新竹市,房地(土地+建物)+車位,東橋段571~600地號,19.5,住,,,1060623,土地13建物1車位1,十層,22,住宅大樓(11層含以上有電梯),住家用,鋼筋混凝土造,,156.19,3,2,2,有,無,13990000,106694,坡道平面,37.72,1350000,,RPQSMLSLKIMFFAO17CB
新竹市,房地(土地+建物)+車位,東橋段571~600地號,19.5,住,,,1060628,土地13建物1車位1,十一層,22,住宅大樓(11層含以上有電梯),住家用,鋼筋混凝土造,,156.19,3,2,2,有,無,14160000,107707,坡道平面,37.72,1400000,,RPRSMLSLKIMFFAO27CB
新竹市,房地(土地+建物)+車位,東橋段571~600地號,19.5,住,,,1060606,土地13建物1車位1,十二層,22,住宅大樓(11層含以上有電梯),住家用,鋼筋混凝土造,,156.19,3,2,2,有,無,14160000,108551,坡道平面,37.72,1300000,,RPSSMLSLKIMFFAO37CB
新竹市,房地(土地+建物)+車位,東橋段571~600地號,19.5,住,,,1060923,土地13建物1車位1,十三層,22,住宅大樓(11層含以上有電梯),住家用,鋼筋混凝土造,,156.19,3,2,2,有,無,14250000,109310,坡道平面,37.72,1300000,,RPTSMLSLKIMFFAO47CB
新竹市,房地(土地+建物)+車位,東橋段571~600地號,19.5,住,,,1061112,土地13建物1車位1,十四層,22,住宅大樓(11層含以上有電梯),住家用,鋼筋混凝土造,,156.19,3,2,2,有,無,14460000,110239,坡道平面,37.72,1400000,,RPUSMLSLKIMFFAO57CB
新竹市,房地(土地+建物)+車位,東橋段571~600地號,19.5,住,,,1061029,土地13建物1車位1,十五層,22,住宅大樓(11層含以上有電梯),住家用,鋼筋混凝土造,,156.19,3,2,2,有,無,14360000,111083,坡道平面,37.72,1200000,,RPVSMLSLKIMFFAO67CB
新竹市,房地(土地+建物)+車位,東橋段571~600地號,19.5,住,,,1061020,土地13建物1車位1,十八層,22,住宅大樓(11層含以上有電梯),住家用,鋼筋混凝土造,,156.19,3,2,2,有,無,14990000,113868,坡道平面,37.72,1500000,,RPWSMLSLKIMFFAO77CB
新竹市,房地(土地+建物)+車位,東橋段571~600地號,19.5,住,,,1060801,土地13建物1車位1,十九層,22,住宅大樓(11層含以上有電梯),住家用,鋼筋混凝土造,,156.19,3,2,2,有,無,14900000,114797,坡道平面,37.72,1300000,,RPXSMLSLKIMFFAO87CB
新竹市,房地(土地+建物)+車位,東橋段571~600地號,19.5,住,,,1061125,土地13建物1車位1,二十層,22,住宅大樓(11層含以上有電梯),住家用,鋼筋混凝土造,,156.19,3,2,2,有,無,15200000,115641,坡道平面,37.72,1500000,,RPOTMLSLKIMFFAO07CB
新竹市,房地(土地+建物)+車位,東橋段571~600地號,19.5,住,,,1060618,土地13建物1車位1,二十一層,22,住宅大樓(11層含以上有電梯),住家用,鋼筋混凝土造,,156.19,3,2,2,有,無,14720000,113278,坡道平面,37.72,1300000,,RPPTMLSLKIMFFAO17CB
新竹市,房地(土地+建物)+車位,東橋段571~600地號,19.5,住,,,1060622,土地13建物1車位1,三層,22,住宅大樓(11層含以上有電梯),住家用,鋼筋混凝土造,,156.19,3,2,2,有,無,12800000,97071,坡道平面,37.72,1300000,,RPQTMLSLKIMFFAO27CB
新竹市,房地(土地+建物)+車位,東橋段571~600地號,19.5,住,,,1060618,土地13建物1車位1,四層,22,住宅大樓(11層含以上有電梯),住家用,鋼筋混凝土造,,156.19,3,2,2,有,無,13190000,100363,坡道平面,37.72,1300000,,RPSTMLSLKIMFFAO47CB
新竹市,房地(土地+建物)+車位,東橋段571~600地號,19.5,住,,,1060610,土地13建物1車位1,五層,22,住宅大樓(11層含以上有電梯),住家用,鋼筋混凝土造,,156.19,3,2,2,有,無,13090000,98675,坡道平面,37.72,1400000,,RPTTMLSLKIMFFAO57CB
新竹市,房地(土地+建物)+車位,東橋段571~600地號,19.5,住,,,1060621,土地13建物1車位1,六層,22,住宅大樓(11層含以上有電梯),住家用,鋼筋混凝土造,,156.19,3,2,2,有,無,13090000,99519,坡道平面,37.72,1300000,,RPUTMLSLKIMFFAO67CB
新竹市,房地(土地+建物)+車位,東橋段571~600地號,19.5,住,,,1061110,土地13建物1車位1,七層,22,住宅大樓(11層含以上有電梯),住家用,鋼筋混凝土造,,156.19,3,2,2,有,無,13730000,104077,坡道平面,37.72,1400000,,RPWTMLSLKIMFFAO87CB
新竹市,房地(土地+建物)+車位,東橋段571~600地號,19.5,住,,,1060616,土地13建物1車位1,八層,22,住宅大樓(11層含以上有電梯),住家用,鋼筋混凝土造,,156.19,3,2,2,有,無,13730000,104921,坡道平面,37.72,1300000,,RPXTMLSLKIMFFAO97CB
新竹市,房地(土地+建物)+車位,東橋段571~600地號,19.5,住,,,1060610,土地13建物1車位1,九層,22,住宅大樓(11層含以上有電梯),住家用,鋼筋混凝土造,,156.19,3,2,2,有,無,13840000,105850,坡道平面,37.72,1300000,,RPPUMLSLKIMFFAO27CB
新竹市,房地(土地+建物)+車位,東橋段571~600地號,19.5,住,,,1060618,土地13建物1車位1,十層,22,住宅大樓(11層含以上有電梯),住家用,鋼筋混凝土造,,156.19,3,2,2,有,無,13930000,106609,坡道平面,37.72,1300000,,RPQUMLSLKIMFFAO37CB
新竹市,房地(土地+建物)+車位,東橋段571~600地號,19.5,住,,,1060825,土地13建物1車位1,十一層,22,住宅大樓(11層含以上有電梯),住家用,鋼筋混凝土造,,156.19,3,2,2,有,無,14160000,107707,坡道平面,37.72,1400000,,RPRUMLSLKIMFFAO47CB
新竹市,房地(土地+建物)+車位,東橋段571~600地號,19.5,住,,,1060909,土地13建物1車位1,十三層,22,住宅大樓(11層含以上有電梯),住家用,鋼筋混凝土造,,156.19,3,2,2,有,無,14300000,109310,坡道平面,37.72,1350000,,RPTUMLSLKIMFFAO67CB
新竹市,房地(土地+建物)+車位,東橋段571~600地號,19.5,住,,,1060818,土地13建物1車位1,二十一層,22,住宅大樓(11層含以上有電梯),住家用,鋼筋混凝土造,,156.19,3,2,2,有,無,15330000,116738,坡道平面,37.72,1500000,,RPUUMLSLKIMFFAO77CB
新竹市,房地(土地+建物)+車位,東橋段571~600地號,21.67,住,,,1060529,土地13建物1車位1,二層,22,住宅大樓(11層含以上有電梯),住家用,鋼筋混凝土造,,170.69,3,2,2,有,無,14180000,96112,坡道平面,37.72,1400000,,RPXUMLSLKIMFFAO08CB
新竹市,房地(土地+建物)+車位,東橋段571~600地號,21.67,住,,,1060714,土地13建物1車位1,三層,22,住宅大樓(11層含以上有電梯),住家用,鋼筋混凝土造,,170.69,3,2,2,有,無,14230000,95736,坡道平面,37.72,1500000,,RPPVMLSLKIMFFAO37CB
新竹市,房地(土地+建物)+車位,東橋段571~600地號,21.67,住,,,1060625,土地13建物1車位1,四層,22,住宅大樓(11層含以上有電梯),住家用,鋼筋混凝土造,,170.69,3,2,2,有,無,14030000,95736,坡道平面,37.72,1300000,,RPQVMLSLKIMFFAO47CB
新竹市,房地(土地+建物)+車位,東橋段571~600地號,21.67,住,,,1060617,土地13建物1車位1,六層,22,住宅大樓(11層含以上有電梯),住家用,鋼筋混凝土造,,170.69,3,2,2,有,無,13730000,93480,坡道平面,37.72,1300000,,RPRVMLSLKIMFFAO57CB
新竹市,房地(土地+建物)+車位,東橋段571~600地號,21.67,住,,,1060624,土地13建物1車位1,七層,22,住宅大樓(11層含以上有電梯),住家用,鋼筋混凝土造,,170.69,3,2,2,有,無,14580000,99496,坡道平面,37.72,1350000,,RPSVMLSLKIMFFAO67CB
新竹市,房地(土地+建物)+車位,東橋段571~600地號,21.67,住,,,1060616,土地13建物1車位1,八層,22,住宅大樓(11層含以上有電梯),住家用,鋼筋混凝土造,,170.69,3,2,2,有,無,14090000,95435,坡道平面,37.72,1400000,,RPTVMLSLKIMFFAO77CB
新竹市,房地(土地+建物)+車位,東橋段571~600地號,21.67,住,,,1060701,土地13建物1車位1,九層,22,住宅大樓(11層含以上有電梯),住家用,鋼筋混凝土造,,170.69,3,2,2,有,無,14860000,101226,坡道平面,37.72,1400000,,RPUVMLSLKIMFFAO87CB
新竹市,房地(土地+建物)+車位,東橋段571~600地號,21.67,住,,,1060715,土地13建物1車位1,十層,22,住宅大樓(11層含以上有電梯),住家用,鋼筋混凝土造,,170.69,3,2,2,有,無,14880000,102128,坡道平面,37.72,1300000,,RPWVMLSLKIMFFAO08CB
新竹市,房地(土地+建物)+車位,東橋段571~600地號,21.67,住,,,1061010,土地13建物1車位1,十一層,22,住宅大樓(11層含以上有電梯),住家用,鋼筋混凝土造,,170.69,3,2,2,有,無,15000000,103031,坡道平面,37.72,1300000,,RPOWMLSLKIMFFAO37CB
新竹市,房地(土地+建物)+車位,東橋段571~600地號,21.67,住,,,1061001,土地13建物1車位1,十二層,22,住宅大樓(11層含以上有電梯),住家用,鋼筋混凝土造,,170.69,3,2,2,有,無,15430000,105513,坡道平面,37.72,1400000,,RPPWMLSLKIMFFAO47CB
新竹市,房地(土地+建物)+車位,東橋段571~600地號,21.67,住,,,1061118,土地13建物1車位1,十三層,22,住宅大樓(11層含以上有電梯),住家用,鋼筋混凝土造,,170.69,3,2,2,有,無,15550000,106415,坡道平面,37.72,1400000,,RPQWMLSLKIMFFAO57CB
新竹市,房地(土地+建物)+車位,東橋段571~600地號,21.67,住,,,1060612,土地13建物1車位1,二十二層,22,住宅大樓(11層含以上有電梯),住家用,鋼筋混凝土造,,170.69,3,2,2,有,無,16080000,109649,坡道平面,37.72,1500000,,RPSWMLSLKIMFFAO77CB
新竹市,房地(土地+建物)+車位,東橋段571~600地號,21.67,住,,,1060708,土地13建物1車位1,二層,22,住宅大樓(11層含以上有電梯),住家用,鋼筋混凝土造,,170.36,3,2,2,有,無,14390000,98688,坡道平面,37.72,1300000,,RPTWMLSLKIMFFAO87CB
新竹市,房地(土地+建物)+車位,東橋段571~600地號,21.67,住,,,1060619,土地13建物1車位1,三層,22,住宅大樓(11層含以上有電梯),住家用,鋼筋混凝土造,,170.36,3,2,2,有,無,14150000,96879,坡道平面,37.72,1300000,,RPUWMLSLKIMFFAO97CB
新竹市,房地(土地+建物)+車位,東橋段571~600地號,21.67,住,,,1060708,土地13建物1車位1,四層,22,住宅大樓(11層含以上有電梯),住家用,鋼筋混凝土造,,170.36,3,2,2,有,無,14600000,100271,坡道平面,37.72,1300000,,RPWWMLSLKIMFFAO18CB
新竹市,房地(土地+建物)+車位,東橋段571~600地號,21.67,住,,,1060531,土地13建物1車位1,六層,22,住宅大樓(11層含以上有電梯),住家用,鋼筋混凝土造,,170.36,3,2,2,有,無,15100000,102533,坡道平面,37.72,1500000,,RPXWMLSLKIMFFAO28CB
新竹市,房地(土地+建物)+車位,東橋段571~600地號,21.67,住,,,1060724,土地13建物1車位1,七層,22,住宅大樓(11層含以上有電梯),住家用,鋼筋混凝土造,,170.36,3,2,2,有,無,15200000,104041,坡道平面,37.72,1400000,,RPONNLSLKIMFFAO56CB
新竹市,房地(土地+建物)+車位,東橋段571~600地號,21.67,住,,,1060831,土地13建物1車位1,八層,22,住宅大樓(11層含以上有電梯),住家用,鋼筋混凝土造,,170.36,3,2,2,有,無,15320000,104946,坡道平面,37.72,1400000,,RPPNNLSLKIMFFAO66CB
新竹市,房地(土地+建物)+車位,東橋段571~600地號,21.67,住,,,1060708,土地13建物1車位1,十層,22,住宅大樓(11層含以上有電梯),住家用,鋼筋混凝土造,,170.36,3,2,2,有,無,15080000,103136,坡道平面,37.72,1400000,,RPRNNLSLKIMFFAO86CB
新竹市,房地(土地+建物)+車位,東橋段571~600地號,21.67,住,,,1060617,土地13建物1車位1,十一層,22,住宅大樓(11層含以上有電梯),住家用,鋼筋混凝土造,,170.36,3,2,2,有,無,15670000,107584,坡道平面,37.72,1400000,,RPSNNLSLKIMFFAO96CB
新竹市,房地(土地+建物)+車位,東橋段571~600地號,21.67,住,,,1061014,土地13建物1車位1,十二層,22,住宅大樓(11層含以上有電梯),住家用,鋼筋混凝土造,,170.36,3,2,2,有,無,15700000,108565,坡道平面,37.72,1300000,,RPTNNLSLKIMFFAO07CB
新竹市,房地(土地+建物)+車位,東橋段571~600地號,21.67,住,,,1061206,土地13建物1車位1,十五層,22,住宅大樓(11層含以上有電梯),住家用,鋼筋混凝土造,,170.36,3,2,2,有,無,16180000,111429,坡道平面,37.72,1400000,,RPUNNLSLKIMFFAO17CB
新竹市,房地(土地+建物)+車位,東橋段571~600地號,21.67,住,,,1060617,土地13建物1車位1,十八層,22,住宅大樓(11層含以上有電梯),住家用,鋼筋混凝土造,,170.36,3,2,2,有,無,16630000,114068,坡道平面,37.72,1500000,,RPVNNLSLKIMFFAO27CB
新竹市,房地(土地+建物)+車位,東橋段571~600地號,21.67,住,,,1060605,土地13建物1車位1,二十一層,22,住宅大樓(11層含以上有電梯),住家用,鋼筋混凝土造,,170.36,3,2,2,有,無,16880000,116707,坡道平面,37.72,1400000,,RPWNNLSLKIMFFAO37CB
新竹市,房地(土地+建物)+車位,東橋段571~600地號,24.38,住,,,1060610,土地13建物1車位2,二十二層,22,住宅大樓(11層含以上有電梯),住家用,鋼筋混凝土造,,208.08,3,2,2,有,無,17850000,114219,坡道平面,75.44,2700000,,RPXNNLSLKIMFFAO47CB
新竹市,房地(土地+建物)+車位,東橋段571~600地號,21.67,住,,,1060614,土地13建物1車位1,三層,22,住宅大樓(11層含以上有電梯),住家用,鋼筋混凝土造,,170.69,3,2,2,有,無,14350000,98142,坡道平面,37.72,1300000,,RPPONLSLKIMFFAO76CB
新竹市,房地(土地+建物)+車位,東橋段571~600地號,21.67,住,,,1060610,土地13建物1車位1,四層,22,住宅大樓(11層含以上有電梯),住家用,鋼筋混凝土造,,170.69,3,2,2,有,無,13680000,93856,坡道平面,37.72,1200000,,RPQONLSLKIMFFAO86CB
新竹市,房地(土地+建物)+車位,東橋段571~600地號,21.67,住,,,1060609,土地13建物1車位1,五層,22,住宅大樓(11層含以上有電梯),住家用,鋼筋混凝土造,,170.69,3,2,2,有,無,14020000,95661,坡道平面,37.72,1300000,,RPRONLSLKIMFFAO96CB
新竹市,房地(土地+建物)+車位,東橋段571~600地號,21.67,住,,,1060609,土地13建物1車位1,六層,22,住宅大樓(11層含以上有電梯),住家用,鋼筋混凝土造,,170.69,3,2,2,有,無,14600000,100023,坡道平面,37.72,1300000,,RPTONLSLKIMFFAO17CB
新竹市,房地(土地+建物)+車位,東橋段571~600地號,21.67,住,,,1061119,土地13建物1車位1,七層,22,住宅大樓(11層含以上有電梯),住家用,鋼筋混凝土造,,170.69,3,2,2,有,無,14720000,100925,坡道平面,37.72,1300000,,RPUONLSLKIMFFAO27CB
新竹市,房地(土地+建物)+車位,東橋段571~600地號,21.67,住,,,1060620,土地13建物1車位1,八層,22,住宅大樓(11層含以上有電梯),住家用,鋼筋混凝土造,,170.69,3,2,2,有,無,14940000,101827,坡道平面,37.72,1400000,,RPVONLSLKIMFFAO37CB
新竹市,房地(土地+建物)+車位,東橋段571~600地號,21.67,住,,,1060617,土地13建物1車位1,九層,22,住宅大樓(11層含以上有電梯),住家用,鋼筋混凝土造,,170.69,3,2,2,有,無,14600000,99271,坡道平面,37.72,1400000,,RPWONLSLKIMFFAO47CB
新竹市,房地(土地+建物)+車位,東橋段571~600地號,21.67,住,,,1060614,土地13建物1車位1,十層,22,住宅大樓(11層含以上有電梯),住家用,鋼筋混凝土造,,170.69,3,2,2,有,無,15080000,103632,坡道平面,37.72,1300000,,RPXONLSLKIMFFAO57CB
新竹市,房地(土地+建物)+車位,東橋段571~600地號,21.67,住,,,1060725,土地13建物1車位1,十一層,22,住宅大樓(11層含以上有電梯),住家用,鋼筋混凝土造,,170.69,3,2,2,有,無,15300000,104535,坡道平面,37.72,1400000,,RPPPNLSLKIMFFAO86CB
新竹市,房地(土地+建物)+車位,東橋段571~600地號,19.5,住,,,1060609,土地13建物1車位1,十三層,22,住宅大樓(11層含以上有電梯),住家用,鋼筋混凝土造,,170.69,3,2,2,有,無,15450000,106415,坡道平面,37.72,1300000,,RPQPNLSLKIMFFAO96CB
新竹市,房地(土地+建物)+車位,東橋段571~600地號,21.67,住,,,1060914,土地13建物1車位1,十四層,22,住宅大樓(11層含以上有電梯),住家用,鋼筋混凝土造,,170.69,3,2,2,有,無,15660000,107242,坡道平面,37.72,1400000,,RPRPNLSLKIMFFAO07CB
新竹市,房地(土地+建物)+車位,東橋段571~600地號,21.67,住,,,1060820,土地13建物1車位1,十五層,22,住宅大樓(11層含以上有電梯),住家用,鋼筋混凝土造,,170.69,3,2,2,有,無,15800000,108295,坡道平面,37.72,1400000,,RPSPNLSLKIMFFAO17CB
新竹市,房地(土地+建物)+車位,東橋段571~600地號,21.67,住,,,1060924,土地13建物1車位1,十六層,22,住宅大樓(11層含以上有電梯),住家用,鋼筋混凝土造,,170.69,3,2,2,有,無,15970000,108822,坡道平面,37.72,1500000,,RPTPNLSLKIMFFAO27CB
新竹市,房地(土地+建物)+車位,東橋段571~600地號,21.67,住,,,1060611,土地13建物1車位1,十八層,22,住宅大樓(11層含以上有電梯),住家用,鋼筋混凝土造,,170.69,3,2,2,有,無,16150000,110927,坡道平面,37.72,1400000,,RPUPNLSLKIMFFAO37CB
新竹市,房地(土地+建物)+車位,東橋段571~600地號,21.67,住,,,1060818,土地13建物1車位1,二十一層,22,住宅大樓(11層含以上有電梯),住家用,鋼筋混凝土造,,170.69,3,2,2,有,無,16630000,113785,坡道平面,37.72,1500000,,RPVPNLSLKIMFFAO47CB
新竹市,房地(土地+建物)+車位,東橋段571~600地號,21.67,住,,,1060611,土地13建物1車位1,三層,22,住宅大樓(11層含以上有電梯),住家用,鋼筋混凝土造,,170.36,3,2,2,有,無,14170000,97030,坡道平面,37.72,1300000,,RPWPNLSLKIMFFAO57CB
新竹市,房地(土地+建物)+車位,東橋段571~600地號,21.67,住,,,1060608,土地13建物1車位1,四層,22,住宅大樓(11層含以上有電梯),住家用,鋼筋混凝土造,,170.36,3,2,2,有,無,14250000,96879,坡道平面,37.72,1400000,,RPXPNLSLKIMFFAO67CB
新竹市,房地(土地+建物)+車位,東橋段571~600地號,21.67,住,,,1060613,土地13建物1車位1,五層,22,住宅大樓(11層含以上有電梯),住家用,鋼筋混凝土造,,170.36,3,2,2,有,無,14390000,98688,坡道平面,37.72,1300000,,RPOQNLSLKIMFFAO86CB
新竹市,房地(土地+建物)+車位,東橋段571~600地號,21.67,住,,,1060610,土地13建物1車位1,六層,22,住宅大樓(11層含以上有電梯),住家用,鋼筋混凝土造,,170.36,3,2,2,有,無,14610000,99593,坡道平面,37.72,1400000,,RPPQNLSLKIMFFAO96CB
新竹市,房地(土地+建物)+車位,東橋段571~600地號,21.67,住,,,1061110,土地13建物1車位1,七層,22,住宅大樓(11層含以上有電梯),住家用,鋼筋混凝土造,,170.36,3,2,2,有,無,15150000,103664,坡道平面,37.72,1400000,,RPQQNLSLKIMFFAO07CB
新竹市,房地(土地+建物)+車位,東橋段571~600地號,21.67,住,,,1060621,土地13建物1車位1,八層,22,住宅大樓(11層含以上有電梯),住家用,鋼筋混凝土造,,170.36,3,2,2,有,無,14800000,101402,坡道平面,37.72,1350000,,RPXOMLTLKIMFFAO57CB
新竹市,房地(土地+建物)+車位,東橋段571~600地號,21.67,住,,,1060614,土地13建物1車位1,九層,22,住宅大樓(11層含以上有電梯),住家用,鋼筋混凝土造,,170.36,3,2,2,有,無,14870000,102307,坡道平面,37.72,1300000,,RPOPMLTLKIMFFAO76CB
新竹市,房地(土地+建物)+車位,東橋段571~600地號,21.67,住,,,1060701,土地13建物1車位1,十層,22,住宅大樓(11層含以上有電梯),住家用,鋼筋混凝土造,,170.36,3,2,2,有,無,15080000,103136,坡道平面,37.72,1400000,,RPPPMLTLKIMFFAO86CB
新竹市,房地(土地+建物)+車位,東橋段571~600地號,21.67,住,,,1060609,土地13建物1車位1,十一層,22,住宅大樓(11層含以上有電梯),住家用,鋼筋混凝土造,,170.36,3,2,2,有,無,15310000,104116,坡道平面,37.72,1500000,,RPQPMLTLKIMFFAO96CB
新竹市,房地(土地+建物)+車位,東橋段571~600地號,21.67,住,,,1061022,土地13建物1車位1,十二層,22,住宅大樓(11層含以上有電梯),住家用,鋼筋混凝土造,,170.36,3,2,2,有,無,15800000,108565,坡道平面,37.72,1400000,,RPSPMLTLKIMFFAO17CB
新竹市,房地(土地+建物)+車位,東橋段571~600地號,21.67,住,,,1060616,土地13建物1車位1,十三層,22,住宅大樓(11層含以上有電梯),住家用,鋼筋混凝土造,,170.36,3,2,2,有,無,15550000,105926,坡道平面,37.72,1500000,,RPTPMLTLKIMFFAO27CB
新竹市,房地(土地+建物)+車位,東橋段571~600地號,21.67,住,,,1061210,土地13建物1車位1,十四層,22,住宅大樓(11層含以上有電梯),住家用,鋼筋混凝土造,,170.36,3,2,2,有,無,16060000,110525,坡道平面,37.72,1400000,,RPVPMLTLKIMFFAO47CB
新竹市,房地(土地+建物)+車位,東橋段571~600地號,21.67,住,,,1060614,土地13建物1車位1,十五層,22,住宅大樓(11層含以上有電梯),住家用,鋼筋混凝土造,,170.36,3,2,2,有,無,16250000,111203,坡道平面,37.72,1500000,,RPWPMLTLKIMFFAO57CB
新竹市,房地(土地+建物)+車位,東橋段571~600地號,21.67,住,,,1060616,土地13建物1車位1,十六層,22,住宅大樓(11層含以上有電梯),住家用,鋼筋混凝土造,,170.36,3,2,2,有,無,15820000,108715,坡道平面,37.72,1400000,,RPXPMLTLKIMFFAO67CB
新竹市,房地(土地+建物)+車位,東橋段571~600地號,21.67,住,,,1060528,土地13建物1車位1,十七層,22,住宅大樓(11層含以上有電梯),住家用,鋼筋混凝土造,,170.36,3,2,2,有,無,16500000,113088,坡道平面,37.72,1500000,,RPOQMLTLKIMFFAO86CB
新竹市,房地(土地+建物)+車位,東橋段571~600地號,21.67,住,,,1060605,土地13建物1車位1,十八層,22,住宅大樓(11層含以上有電梯),住家用,鋼筋混凝土造,,170.36,3,2,2,有,無,16070000,110600,坡道平面,37.72,1400000,,RPPQMLTLKIMFFAO96CB
新竹市,房地(土地+建物)+車位,東橋段571~600地號,21.67,住,,,1060527,土地13建物1車位1,十九層,22,住宅大樓(11層含以上有電梯),住家用,鋼筋混凝土造,,170.36,3,2,2,有,無,16650000,114973,坡道平面,37.72,1400000,,RPRQMLTLKIMFFAO17CB
新竹市,房地(土地+建物)+車位,東橋段571~600地號,21.67,住,,,1060618,土地13建物1車位1,二十層,22,住宅大樓(11層含以上有電梯),住家用,鋼筋混凝土造,,170.36,3,2,2,有,無,16300000,112334,坡道平面,37.72,1400000,,RPSQMLTLKIMFFAO27CB
新竹市,房地(土地+建物)+車位,東橋段571~600地號,21.67,住,,,1060614,土地13建物1車位1,二十一層,22,住宅大樓(11層含以上有電梯),住家用,鋼筋混凝土造,,170.36,3,2,2,有,無,16520000,113239,坡道平面,37.72,1500000,,RPTQMLTLKIMFFAO37CB
新竹市,房地(土地+建物)+車位,東橋段571~600地號,21.67,住,,,1060930,土地13建物1車位1,二十二層,22,住宅大樓(11層含以上有電梯),住家用,鋼筋混凝土造,,170.36,3,2,2,有,無,16820000,117762,坡道平面,37.72,1200000,,RPUQMLTLKIMFFAO47CB
新竹市,房地(土地+建物)+車位,東橋段571~600地號,16.79,住,,,1060609,土地13建物1車位1,二層,22,住宅大樓(11層含以上有電梯),住家用,鋼筋混凝土造,,136.95,3,2,2,有,無,10370000,92412,坡道平面,37.72,1200000,,RPVQMLTLKIMFFAO57CB
新竹市,房地(土地+建物)+車位,東橋段571~600地號,16.79,住,,,1060603,土地13建物1車位1,三層,22,住宅大樓(11層含以上有電梯),住家用,鋼筋混凝土造,,136.95,3,2,2,有,無,10610000,93822,坡道平面,37.72,1300000,,RPWQMLTLKIMFFAO67CB
新竹市,房地(土地+建物)+車位,東橋段571~600地號,16.79,住,,,1060610,土地13建物1車位1,四層,22,住宅大樓(11層含以上有電梯),住家用,鋼筋混凝土造,,136.95,3,2,2,有,無,10510000,93822,坡道平面,37.72,1200000,,RPXQMLTLKIMFFAO77CB
新竹市,房地(土地+建物)+車位,東橋段571~600地號,16.79,住,,,1061123,土地13建物1車位1,五層,22,住宅大樓(11層含以上有電梯),住家用,鋼筋混凝土造,,136.95,3,2,2,有,無,11150000,99264,坡道平面,37.72,1300000,,RPORMLTLKIMFFAO96CB
新竹市,房地(土地+建物)+車位,東橋段571~600地號,16.79,住,,,1060618,土地13建物1車位1,六層,22,住宅大樓(11層含以上有電梯),住家用,鋼筋混凝土造,,136.95,3,2,2,有,無,11180000,100071,坡道平面,37.72,1250000,,RPPRMLTLKIMFFAO07CB
新竹市,房地(土地+建物)+車位,東橋段571~600地號,16.79,住,,,1060618,土地13建物1車位1,七層,22,住宅大樓(11層含以上有電梯),住家用,鋼筋混凝土造,,136.95,3,2,2,有,無,10980000,97551,坡道平面,37.72,1300000,,RPQRMLTLKIMFFAO17CB
新竹市,房地(土地+建物)+車位,東橋段571~600地號,16.79,住,,,1060706,土地13建物1車位1,八層,22,住宅大樓(11層含以上有電梯),住家用,鋼筋混凝土造,,136.95,3,2,2,有,無,11060000,98357,坡道平面,37.72,1300000,,RPRRMLTLKIMFFAO27CB
新竹市,房地(土地+建物)+車位,東橋段571~600地號,16.79,住,,,1060701,土地13建物1車位1,九層,22,住宅大樓(11層含以上有電梯),住家用,鋼筋混凝土造,,136.95,3,2,2,有,無,11110000,99365,坡道平面,37.72,1250000,,RPSRMLTLKIMFFAO37CB
新竹市,房地(土地+建物)+車位,東橋段571~600地號,16.79,住,,,1060607,土地13建物1車位1,十層,22,住宅大樓(11層含以上有電梯),住家用,鋼筋混凝土造,,136.95,3,2,2,有,無,11240000,100171,坡道平面,37.72,1300000,,RPTRMLTLKIMFFAO47CB
新竹市,房地(土地+建物)+車位,東橋段571~600地號,16.79,住,,,1060607,土地13建物1車位1,十一層,22,住宅大樓(11層含以上有電梯),住家用,鋼筋混凝土造,,136.95,3,2,2,有,無,11440000,101179,坡道平面,37.72,1400000,,RPURMLTLKIMFFAO57CB
新竹市,房地(土地+建物)+車位,東橋段571~600地號,16.79,住,,,1060609,土地13建物1車位1,十二層,22,住宅大樓(11層含以上有電梯),住家用,鋼筋混凝土造,,136.95,3,2,2,有,無,11420000,101985,坡道平面,37.72,1300000,,RPVRMLTLKIMFFAO67CB
新竹市,房地(土地+建物)+車位,東橋段571~600地號,16.79,住,,,1060617,土地13建物1車位1,十三層,22,住宅大樓(11層含以上有電梯),住家用,鋼筋混凝土造,,136.95,3,2,2,有,無,11620000,102993,坡道平面,37.72,1400000,,RPWRMLTLKIMFFAO77CB
新竹市,房地(土地+建物)+車位,東橋段571~600地號,16.79,住,,,1060607,土地13建物1車位1,十四層,22,住宅大樓(11層含以上有電梯),住家用,鋼筋混凝土造,,136.95,3,2,2,有,無,11700000,103799,坡道平面,37.72,1400000,,RPXRMLTLKIMFFAO87CB
新竹市,房地(土地+建物)+車位,東橋段571~600地號,16.79,住,,,1060614,土地13建物1車位1,十五層,22,住宅大樓(11層含以上有電梯),住家用,鋼筋混凝土造,,136.95,3,2,2,有,無,11800000,104807,坡道平面,37.72,1400000,,RPOSMLTLKIMFFAO07CB
新竹市,房地(土地+建物)+車位,東橋段571~600地號,16.79,住,,,1060617,土地13建物1車位1,十七層,22,住宅大樓(11層含以上有電梯),住家用,鋼筋混凝土造,,136.95,3,2,2,有,無,12220000,110047,坡道平面,37.72,1300000,,RPPSMLTLKIMFFAO17CB
新竹市,房地(土地+建物)+車位,東橋段571~600地號,16.79,住,,,1060528,土地13建物1車位1,十八層,22,住宅大樓(11層含以上有電梯),住家用,鋼筋混凝土造,,136.95,3,2,2,有,無,12420000,111055,坡道平面,37.72,1400000,,RPQSMLTLKIMFFAO27CB
新竹市,房地(土地+建物)+車位,東橋段571~600地號,16.79,住,,,1060610,土地13建物1車位1,二十二層,22,住宅大樓(11層含以上有電梯),住家用,鋼筋混凝土造,,136.95,3,2,2,有,無,12370000,111055,坡道平面,37.72,1350000,,RPRSMLTLKIMFFAO37CB
新竹市,房地(土地+建物)+車位,東橋段571~600地號,16.79,住,,,1060615,土地13建物1車位1,三層,22,住宅大樓(11層含以上有電梯),住家用,鋼筋混凝土造,,136.95,3,2,2,有,無,10670000,94427,坡道平面,37.72,1300000,,RPSSMLTLKIMFFAO47CB
新竹市,房地(土地+建物)+車位,東橋段571~600地號,16.79,住,,,1060607,土地13建物1車位1,五層,22,住宅大樓(11層含以上有電梯),住家用,鋼筋混凝土造,,136.95,3,2,2,有,無,11130000,99063,坡道平面,37.72,1300000,,RPUSMLTLKIMFFAO67CB
新竹市,房地(土地+建物)+車位,東橋段571~600地號,16.79,住,,,1060706,土地13建物1車位1,六層,22,住宅大樓(11層含以上有電梯),住家用,鋼筋混凝土造,,136.95,3,2,2,有,無,11230000,100071,坡道平面,37.72,1300000,,RPWSMLTLKIMFFAO87CB
新竹市,房地(土地+建物)+車位,東橋段571~600地號,16.79,住,,,1061107,土地13建物1車位1,七層,22,住宅大樓(11層含以上有電梯),住家用,鋼筋混凝土造,,136.95,3,2,2,有,無,11330000,101078,坡道平面,37.72,1300000,,RPRNMLLMKIMFFAO78CB
新竹市,房地(土地+建物)+車位,東橋段571~600地號,16.79,住,,,1060610,土地13建物1車位1,八層,22,住宅大樓(11層含以上有電梯),住家用,鋼筋混凝土造,,136.95,3,2,2,有,無,11410000,101885,坡道平面,37.72,1300000,,RPSNMLLMKIMFFAO88CB
新竹市,房地(土地+建物)+車位,東橋段571~600地號,16.79,住,,,1060611,土地13建物1車位1,九層,22,住宅大樓(11層含以上有電梯),住家用,鋼筋混凝土造,,136.95,3,2,2,有,無,11410000,102388,坡道平面,37.72,1250000,,RPTNMLLMKIMFFAO98CB
新竹市,房地(土地+建物)+車位,東橋段571~600地號,16.79,住,,,1060625,土地13建物1車位1,十層,22,住宅大樓(11層含以上有電梯),住家用,鋼筋混凝土造,,136.95,3,2,2,有,無,11590000,103698,坡道平面,37.72,1300000,,RPUNMLLMKIMFFAO09CB
新竹市,房地(土地+建物)+車位,東橋段571~600地號,16.79,住,,,1060617,土地13建物1車位1,十一層,22,住宅大樓(11層含以上有電梯),住家用,鋼筋混凝土造,,136.95,3,2,2,有,無,11690000,104706,坡道平面,37.72,1300000,,RPVNMLLMKIMFFAO56CB
新竹市,房地(土地+建物)+車位,東橋段571~600地號,16.79,住,,,1061102,土地13建物1車位1,十二層,22,住宅大樓(11層含以上有電梯),住家用,鋼筋混凝土造,,136.95,3,2,2,有,無,11900000,105815,坡道平面,37.72,1400000,,RPWNMLLMKIMFFAO66CB
新竹市,房地(土地+建物)+車位,東橋段571~600地號,16.79,住,,,1060613,土地13建物1車位1,四層,22,住宅大樓(11層含以上有電梯),住家用,鋼筋混凝土造,,136.95,3,2,2,有,無,10960000,97350,坡道平面,37.72,1300000,,RPXNMLLMKIMFFAO76CB
新竹市,房地(土地+建物)+車位,東橋段571~600地號,16.79,住,,,1060616,土地13建物1車位1,十三層,22,住宅大樓(11層含以上有電梯),住家用,鋼筋混凝土造,,136.95,3,2,2,有,無,11720000,102993,坡道平面,37.72,1500000,,RPOOMLLMKIMFFAO58CB
新竹市,房地(土地+建物)+車位,東橋段571~600地號,16.79,住,,,1060611,土地13建物1車位1,十四層,22,住宅大樓(11層含以上有電梯),住家用,鋼筋混凝土造,,136.95,3,2,2,有,無,11950000,107326,坡道平面,37.72,1300000,,RPPOMLLMKIMFFAO68CB
新竹市,房地(土地+建物)+車位,東橋段571~600地號,16.79,住,,,1060614,土地13建物1車位1,十五層,22,住宅大樓(11層含以上有電梯),住家用,鋼筋混凝土造,,136.95,3,2,2,有,無,11800000,104807,坡道平面,37.72,1400000,,RPQOMLLMKIMFFAO78CB
新竹市,房地(土地+建物)+車位,東橋段571~600地號,16.79,住,,,1060807,土地13建物1車位1,十六層,22,住宅大樓(11層含以上有電梯),住家用,鋼筋混凝土造,,136.95,3,2,2,有,無,12230000,109140,坡道平面,37.72,1400000,,RPROMLLMKIMFFAO88CB
新竹市,房地(土地+建物)+車位,東橋段571~600地號,16.79,住,,,1060906,土地13建物1車位1,十七層,22,住宅大樓(11層含以上有電梯),住家用,鋼筋混凝土造,,136.95,3,2,2,有,無,12320000,110047,坡道平面,37.72,1400000,,RPSOMLLMKIMFFAO98CB
新竹市,房地(土地+建物)+車位,東橋段571~600地號,16.79,住,,,1060712,土地13建物1車位1,十八層,22,住宅大樓(11層含以上有電梯),住家用,鋼筋混凝土造,,136.95,3,2,2,有,無,12320000,111055,坡道平面,37.72,1300000,,RPTOMLLMKIMFFAO09CB
新竹市,房地(土地+建物)+車位,東橋段571~600地號,16.79,住,,,1061102,土地13建物1車位1,十九層,22,住宅大樓(11層含以上有電梯),住家用,鋼筋混凝土造,,136.95,3,2,2,有,無,12510000,111962,坡道平面,37.72,1400000,,RPUOMLLMKIMFFAO56CB
新竹市,房地(土地+建物)+車位,東橋段571~600地號,16.79,住,,,1061007,土地13建物1車位1,二十層,22,住宅大樓(11層含以上有電梯),住家用,鋼筋混凝土造,,136.95,3,2,2,有,無,12610000,112970,坡道平面,37.72,1400000,,RPVOMLLMKIMFFAO66CB
新竹市,房地(土地+建物)+車位,東橋段571~600地號,16.79,住,,,1060613,土地13建物1車位1,二層,22,住宅大樓(11層含以上有電梯),住家用,鋼筋混凝土造,,137.13,3,2,2,有,無,10300000,91037,坡道平面,37.72,1250000,,RPWOMLLMKIMFFAO76CB
新竹市,房地(土地+建物)+車位,東橋段571~600地號,16.79,住,,,1060701,土地13建物1車位1,三層,22,住宅大樓(11層含以上有電梯),住家用,鋼筋混凝土造,,137.13,3,2,2,有,無,10430000,92345,坡道平面,37.72,1250000,,RPXOMLLMKIMFFAO86CB
新竹市,房地(土地+建物)+車位,東橋段571~600地號,16.79,住,,,1060610,土地13建物1車位1,四層,22,住宅大樓(11層含以上有電梯),住家用,鋼筋混凝土造,,137.13,3,2,2,有,無,10480000,92345,坡道平面,37.72,1300000,,RPOPMLLMKIMFFAO68CB
新竹市,房地(土地+建物)+車位,東橋段571~600地號,16.79,住,,,1060701,土地13建物1車位1,五層,22,住宅大樓(11層含以上有電梯),住家用,鋼筋混凝土造,,137.13,3,2,2,有,無,10560000,94156,坡道平面,37.72,1200000,,RPPPMLLMKIMFFAO78CB
新竹市,房地(土地+建物)+車位,東橋段571~600地號,16.79,住,,,1060624,土地13建物1車位1,六層,22,住宅大樓(11層含以上有電梯),住家用,鋼筋混凝土造,,137.13,3,2,2,有,無,10770000,95262,坡道平面,37.72,1300000,,RPQPMLLMKIMFFAO88CB
新竹市,房地(土地+建物)+車位,東橋段571~600地號,16.79,住,,,1060622,土地13建物1車位1,七層,22,住宅大樓(11層含以上有電梯),住家用,鋼筋混凝土造,,137.13,3,2,2,有,無,10850000,96067,坡道平面,37.72,1300000,,RPRPMLLMKIMFFAO98CB
新竹市,房地(土地+建物)+車位,東橋段571~600地號,16.79,住,,,1060610,土地13建物1車位1,九層,22,住宅大樓(11層含以上有電梯),住家用,鋼筋混凝土造,,137.13,3,2,2,有,無,11460000,102706,坡道平面,37.72,1250000,,RPSPMLLMKIMFFAO09CB
新竹市,房地(土地+建物)+車位,東橋段571~600地號,16.79,住,,,1060617,土地13建物1車位1,十層,22,住宅大樓(11層含以上有電梯),住家用,鋼筋混凝土造,,137.13,3,2,2,有,無,11120000,98783,坡道平面,37.72,1300000,,RPTPMLLMKIMFFAO56CB
新竹市,房地(土地+建物)+車位,東橋段571~600地號,16.79,住,,,1060707,土地13建物1車位1,十一層,22,住宅大樓(11層含以上有電梯),住家用,鋼筋混凝土造,,137.13,3,2,2,有,無,11360000,101197,坡道平面,37.72,1300000,,RPUPMLLMKIMFFAO66CB
新竹市,房地(土地+建物)+車位,東橋段571~600地號,16.79,住,,,1060617,土地13建物1車位1,十二層,22,住宅大樓(11層含以上有電梯),住家用,鋼筋混凝土造,,137.13,3,2,2,有,無,11440000,102002,坡道平面,37.72,1300000,,RPVPMLLMKIMFFAO76CB
新竹市,房地(土地+建物)+車位,東橋段571~600地號,16.79,住,,,1060608,土地13建物1車位1,十三層,22,住宅大樓(11層含以上有電梯),住家用,鋼筋混凝土造,,137.13,3,2,2,有,無,11980000,106428,坡道平面,37.72,1400000,,RPWPMLLMKIMFFAO86CB
新竹市,房地(土地+建物)+車位,東橋段571~600地號,16.79,住,,,1060813,土地13建物1車位1,十四層,22,住宅大樓(11層含以上有電梯),住家用,鋼筋混凝土造,,137.13,3,2,2,有,無,12070000,107333,坡道平面,37.72,1400000,,RPXPMLLMKIMFFAO96CB
新竹市,房地(土地+建物)+車位,東橋段571~600地號,16.79,住,,,1060719,土地13建物1車位1,十五層,22,住宅大樓(11層含以上有電梯),住家用,鋼筋混凝土造,,137.13,3,2,2,有,無,12060000,108239,坡道平面,37.72,1300000,,RPOQMLLMKIMFFAO78CB
新竹市,房地(土地+建物)+車位,東橋段571~600地號,16.79,住,,,1061029,土地13建物1車位1,十七層,22,住宅大樓(11層含以上有電梯),住家用,鋼筋混凝土造,,137.13,3,2,2,有,無,12170000,110351,坡道平面,37.72,1200000,,RPPQMLLMKIMFFAO88CB
新竹市,房地(土地+建物)+車位,東橋段571~600地號,16.79,住,,,1060611,土地13建物1車位1,十八層,22,住宅大樓(11層含以上有電梯),住家用,鋼筋混凝土造,,137.13,3,2,2,有,無,11840000,106026,坡道平面,37.72,1300000,,RPQQMLLMKIMFFAO98CB
新竹市,房地(土地+建物)+車位,東橋段571~600地號,16.79,住,,,1060611,土地13建物1車位1,十九層,22,住宅大樓(11層含以上有電梯),住家用,鋼筋混凝土造,,137.13,3,2,2,有,無,11930000,106931,坡道平面,37.72,1300000,,RPRQMLLMKIMFFAO09CB
新竹市,房地(土地+建物)+車位,東橋段571~600地號,16.79,住,,,1060611,土地13建物1車位1,三層,22,住宅大樓(11層含以上有電梯),住家用,鋼筋混凝土造,,137.13,3,2,2,有,無,10530000,92848,坡道平面,37.72,1300000,,RPSQMLLMKIMFFAO56CB
新竹市,房地(土地+建物)+車位,東橋段571~600地號,16.79,住,,,1060614,土地13建物1車位1,四層,22,住宅大樓(11層含以上有電梯),住家用,鋼筋混凝土造,,137.13,3,2,2,有,無,10480000,92345,坡道平面,37.72,1300000,,RPTQMLLMKIMFFAO66CB
新竹市,房地(土地+建物)+車位,東橋段571~600地號,16.79,住,,,1060617,土地13建物1車位1,五層,22,住宅大樓(11層含以上有電梯),住家用,鋼筋混凝土造,,137.13,3,2,2,有,無,10610000,94156,坡道平面,37.72,1250000,,RPUQMLLMKIMFFAO76CB
新竹市,房地(土地+建物)+車位,東橋段571~600地號,16.79,住,,,1060614,土地13建物1車位1,六層,22,住宅大樓(11層含以上有電梯),住家用,鋼筋混凝土造,,137.13,3,2,2,有,無,10770000,95262,坡道平面,37.72,1300000,,RPVQMLLMKIMFFAO86CB
新竹市,房地(土地+建物)+車位,東橋段571~600地號,16.79,住,,,1061123,土地13建物1車位1,七層,22,住宅大樓(11層含以上有電梯),住家用,鋼筋混凝土造,,137.13,3,2,2,有,無,11200000,99588,坡道平面,37.72,1300000,,RPWQMLLMKIMFFAO96CB
新竹市,房地(土地+建物)+車位,東橋段571~600地號,16.79,住,,,1060621,土地13建物1車位1,八層,22,住宅大樓(11層含以上有電梯),住家用,鋼筋混凝土造,,137.13,3,2,2,有,無,11130000,98380,坡道平面,37.72,1350000,,RPXQMLLMKIMFFAO07CB
新竹市,房地(土地+建物)+車位,東橋段571~600地號,16.79,住,,,1060611,土地13建物1車位1,九層,22,住宅大樓(11層含以上有電梯),住家用,鋼筋混凝土造,,137.13,3,2,2,有,無,11180000,99386,坡道平面,37.72,1300000,,RPORMLLMKIMFFAO88CB
新竹市,房地(土地+建物)+車位,東橋段571~600地號,16.79,住,,,1060602,土地13建物1車位1,十層,22,住宅大樓(11層含以上有電梯),住家用,鋼筋混凝土造,,137.13,3,2,2,有,無,11710000,103712,坡道平面,37.72,1400000,,RPPRMLLMKIMFFAO98CB
新竹市,房地(土地+建物)+車位,東橋段571~600地號,16.79,住,,,1060719,土地13建物1車位1,十一層,22,住宅大樓(11層含以上有電梯),住家用,鋼筋混凝土造,,137.13,3,2,2,有,無,11710000,104718,坡道平面,37.72,1300000,,RPQRMLLMKIMFFAO09CB
新竹市,房地(土地+建物)+車位,東橋段571~600地號,16.79,住,,,1060813,土地13建物1車位1,十三層,22,住宅大樓(11層含以上有電梯),住家用,鋼筋混凝土造,,137.13,3,2,2,有,無,11880000,106428,坡道平面,37.72,1300000,,RPRRMLLMKIMFFAO56CB
新竹市,房地(土地+建物)+車位,東橋段571~600地號,16.79,住,,,1060812,土地13建物1車位1,十五層,22,住宅大樓(11層含以上有電梯),住家用,鋼筋混凝土造,,137.13,3,2,2,有,無,12060000,108239,坡道平面,37.72,1300000,,RPSRMLLMKIMFFAO66CB
新竹市,房地(土地+建物)+車位,東橋段571~600地號,15.71,住,,,1060813,土地13建物1車位1,二層,22,住宅大樓(11層含以上有電梯),住家用,鋼筋混凝土造,,129.7,2,2,1,有,無,10450000,99478,坡道平面,37.72,1300000,,RPTRMLLMKIMFFAO76CB
新竹市,房地(土地+建物)+車位,東橋段571~600地號,15.71,住,,,1060926,土地13建物1車位1,三層,22,住宅大樓(11層含以上有電梯),住家用,鋼筋混凝土造,,129.7,2,2,1,有,無,10530000,100348,坡道平面,37.72,1300000,,RPURMLLMKIMFFAO86CB
新竹市,房地(土地+建物)+車位,東橋段571~600地號,15.71,住,,,1061209,土地13建物1車位1,四層,22,住宅大樓(11層含以上有電梯),住家用,鋼筋混凝土造,,129.7,2,2,1,有,無,10530000,100348,坡道平面,37.72,1300000,,RPVRMLLMKIMFFAO96CB
新竹市,房地(土地+建物)+車位,東橋段571~600地號,15.71,住,,,1060929,土地13建物1車位1,六層,22,住宅大樓(11層含以上有電梯),住家用,鋼筋混凝土造,,129.7,2,2,1,有,無,10830000,103066,坡道平面,37.72,1350000,,RPWRMLLMKIMFFAO07CB
新竹市,房地(土地+建物)+車位,東橋段571~600地號,15.71,住,,,1061004,土地13建物1車位1,七層,22,住宅大樓(11層含以上有電梯),住家用,鋼筋混凝土造,,129.7,2,2,1,有,無,10860000,103936,坡道平面,37.72,1300000,,RPXRMLLMKIMFFAO17CB
新竹市,房地(土地+建物)+車位,東橋段571~600地號,15.71,住,,,1061020,土地13建物1車位1,十八層,22,住宅大樓(11層含以上有電梯),住家用,鋼筋混凝土造,,129.7,2,2,1,有,無,12000000,114155,坡道平面,37.72,1500000,,RPOSMLLMKIMFFAO98CB
新竹市,房地(土地+建物)+車位,東橋段571~600地號,15.71,住,,,1061125,土地13建物1車位1,二十層,22,住宅大樓(11層含以上有電梯),住家用,鋼筋混凝土造,,129.7,2,2,1,有,無,12160000,115895,坡道平面,37.72,1500000,,RPPSMLLMKIMFFAO09CB
新竹市,房地(土地+建物)+車位,東橋段571~600地號,15.71,住,,,1060618,土地13建物1車位1,二十一層,22,住宅大樓(11層含以上有電梯),住家用,鋼筋混凝土造,,129.7,2,2,1,有,無,11730000,113394,坡道平面,37.72,1300000,,RPQSMLLMKIMFFAO56CB
新竹市,房地(土地+建物)+車位,東橋段571~600地號,15.71,住,,,1060730,土地13建物1車位1,三層,22,住宅大樓(11層含以上有電梯),住家用,鋼筋混凝土造,,129.7,2,2,1,有,無,10760000,101761,坡道平面,37.72,1400000,,RPRSMLLMKIMFFAO66CB
新竹市,房地(土地+建物)+車位,東橋段571~600地號,15.71,住,,,1060613,土地13建物1車位1,五層,22,住宅大樓(11層含以上有電梯),住家用,鋼筋混凝土造,,129.7,2,2,1,有,無,10380000,98717,坡道平面,37.72,1300000,,RPSSMLLMKIMFFAO76CB
新竹市,房地(土地+建物)+車位,東橋段571~600地號,15.71,住,,,1060621,土地13建物1車位1,六層,22,住宅大樓(11層含以上有電梯),住家用,鋼筋混凝土造,,129.7,2,2,1,有,無,10460000,99587,坡道平面,37.72,1300000,,RPTSMLLMKIMFFAO86CB
新竹市,房地(土地+建物)+車位,東橋段571~600地號,15.71,住,,,1060616,土地13建物1車位1,八層,22,住宅大樓(11層含以上有電梯),住家用,鋼筋混凝土造,,129.7,2,2,1,有,無,10950000,104914,坡道平面,37.72,1300000,,RPUSMLLMKIMFFAO96CB
新竹市,房地(土地+建物)+車位,東橋段571~600地號,15.71,住,,,1060825,土地13建物1車位1,十一層,22,住宅大樓(11層含以上有電梯),住家用,鋼筋混凝土造,,129.7,2,2,1,有,無,11300000,107632,坡道平面,37.72,1400000,,RPVSMLLMKIMFFAO07CB
新竹市,房地(土地+建物)+車位,東橋段571~600地號,15.71,住,,,1060818,土地13建物1車位1,二十一層,22,住宅大樓(11層含以上有電梯),住家用,鋼筋混凝土造,,129.7,2,2,1,有,無,12240000,116765,坡道平面,37.72,1500000,,RPWSMLLMKIMFFAO17CB
新竹市,房地(土地+建物)+車位,東橋段571~600地號,21.67,住,,,1061216,土地13建物1車位1,十八層,22,住宅大樓(11層含以上有電梯),住家用,鋼筋混凝土造,,170.69,3,2,2,有,無,16260000,111002,坡道平面,37.72,1500000,,RPUPMLPLJHNFFAO86CB
新竹市,房地(土地+建物)+車位,東橋段571~600地號,16.79,住,,,1061217,土地13建物1車位1,十九層,22,住宅大樓(11層含以上有電梯),住家用,鋼筋混凝土造,,136.95,3,2,2,有,無,12410000,111962,坡道平面,37.72,1300000,,RPVPMLPLJHNFFAO96CB
新竹市,房地(土地+建物)+車位,東橋段571~600地號,21.67,住,,,1061222,土地13建物1車位1,五層,22,住宅大樓(11層含以上有電梯),住家用,鋼筋混凝土造,,170.36,3,2,2,有,無,14900000,102156,坡道平面,37.72,1350000,,RPXPMLPLJHNFFAO17CB
新竹市,房地(土地+建物)+車位,東橋段571~600地號,21.67,住,,,1061216,土地13建物1車位1,九層,22,住宅大樓(11層含以上有電梯),住家用,鋼筋混凝土造,,170.36,3,2,2,有,無,15340000,105850,坡道平面,37.72,1300000,,RPOQMLPLJHNFFAO98CB
新竹市,房地(土地+建物)+車位,東橋段571~600地號,16.79,住,,,1061231,土地13建物1車位1,八層,22,住宅大樓(11層含以上有電梯),住家用,鋼筋混凝土造,,137.13,3,2,2,有,無,11650000,102102,坡道平面,37.72,1500000,,RPPQMLPLJHNFFAO09CB
新竹市,房地(土地+建物)+車位,東橋段571~600地號,19.5,住,,,1061222,土地13建物1車位1,二十層,22,住宅大樓(11層含以上有電梯),住家用,鋼筋混凝土造,,156.75,3,2,2,有,無,14890000,112493,坡道平面,37.72,1500000,,RPQQMLPLJHNFFAO56CB
新竹市,房地(土地+建物)+車位,東橋段571~600地號,15.71,住,,,1061224,土地13建物1車位1,四層,22,住宅大樓(11層含以上有電梯),住家用,鋼筋混凝土造,,129.7,2,2,1,有,無,10630000,100348,坡道平面,37.72,1400000,,RPRQMLPLJHNFFAO66CB
新竹市,房地(土地+建物)+車位,東橋段571~600地號,19.5,住,,,1061210,土地13建物1車位1,十五層,22,住宅大樓(11層含以上有電梯),住家用,鋼筋混凝土造,,156.19,3,2,2,有,無,14460000,111083,坡道平面,37.72,1300000,,RPSQMLPLJHNFFAO76CB
新竹市,房地(土地+建物)+車位,東橋段571~600地號,19.5,住,,,1061216,土地13建物1車位1,十二層,22,住宅大樓(11層含以上有電梯),住家用,鋼筋混凝土造,,156.75,3,2,2,有,無,13850000,105436,坡道平面,37.72,1300000,,RPUQMLPLJHNFFAO96CB
新竹市,房地(土地+建物)+車位,東橋段571~600地號,16.79,住,,,1061231,土地13建物1車位1,二十層,22,住宅大樓(11層含以上有電梯),住家用,鋼筋混凝土造,,136.95,3,2,2,有,無,12610000,112970,坡道平面,37.72,1400000,,RPVQMLPLJHNFFAO07CB
新竹市,房地(土地+建物)+車位,光武段1051~1080地號,10.38,商,,,1050628,土地2建物1車位1,十五層,22,住宅大樓(11層含以上有電梯),住家用,鋼筋混凝土造,,130.9,2,2,1,有,無,8650000,74513,坡道平面,26.22,850000,,RPTPMLTLJHNFFAO17CB
新竹市,房地(土地+建物)+車位,光武段1051~1080地號,10.83,商,,,1050613,土地2建物1車位1,八層,22,住宅大樓(11層含以上有電梯),住家用,鋼筋混凝土造,,136.08,2,2,1,有,無,8960000,71090,坡道平面,26.22,1150000,,RPUPMLTLJHNFFAO27CB
新竹市,房地(土地+建物)+車位,光武段1051~1080地號,10.83,商,,,1050802,土地2建物1車位1,十六層,22,住宅大樓(11層含以上有電梯),住家用,鋼筋混凝土造,,136.08,2,2,1,有,無,9420000,78008,坡道平面,26.22,850000,,RPVPMLTLJHNFFAO37CB
新竹市,房地(土地+建物)+車位,光武段1051~1080地號,15.34,商,,,1050705,土地2建物1車位1,十層,22,住宅大樓(11層含以上有電梯),住家用,鋼筋混凝土造,,183.76,3,2,2,有,無,11600000,66967,坡道平面,26.22,1050000,,RPWPMLTLJHNFFAO47CB
新竹市,房地(土地+建物)+車位,光武段1051~1080地號,14.43,商,,,1050719,土地2建物1車位1,三層,22,住宅大樓(11層含以上有電梯),住家用,鋼筋混凝土造,,172.39,3,2,2,有,無,10200000,63967,坡道平面,26.22,850000,,RPXPMLTLJHNFFAO57CB
新竹市,房地(土地+建物)+車位,光武段1051~1080地號,10.83,商,,,1050628,土地2建物1車位1,五層,22,住宅大樓(11層含以上有電梯),住家用,鋼筋混凝土造,,135.78,2,2,1,有,無,8500000,69825,坡道平面,26.22,850000,,RPOQMLTLJHNFFAO76CB
新竹市,房地(土地+建物)+車位,光武段1051~1080地號,10.83,商,,,1050719,土地2建物1車位1,十五層,22,住宅大樓(11層含以上有電梯),住家用,鋼筋混凝土造,,135.78,2,2,1,有,無,8880000,73293,坡道平面,26.22,850000,,RPPQMLTLJHNFFAO86CB
新竹市,房地(土地+建物)+車位,光武段1051~1080地號,10.83,商,,,1050809,土地2建物1車位1,十六層,22,住宅大樓(11層含以上有電梯),住家用,鋼筋混凝土造,,135.78,2,2,1,有,無,8700000,71650,坡道平面,26.22,850000,,RPQQMLTLJHNFFAO96CB
新竹市,房地(土地+建物)+車位,光武段1051~1080地號,10.83,商,,,1050809,土地2建物1車位1,十八層,22,住宅大樓(11層含以上有電梯),住家用,鋼筋混凝土造,,135.78,2,2,1,有,無,8690000,72472,坡道平面,26.22,750000,,RPRQMLTLJHNFFAO07CB
新竹市,房地(土地+建物)+車位,光武段1051~1080地號,10.83,商,,,1050726,土地2建物1車位1,十九層,22,住宅大樓(11層含以上有電梯),住家用,鋼筋混凝土造,,135.78,2,2,1,有,無,8700000,72563,坡道平面,26.22,750000,,RPSQMLTLJHNFFAO17CB
新竹市,房地(土地+建物)+車位,光武段1051~1080地號,10.38,商,,,1050705,土地2建物1車位1,六層,22,住宅大樓(11層含以上有電梯),住家用,鋼筋混凝土造,,130.9,2,2,1,有,無,8300000,72125,坡道平面,26.22,750000,,RPTQMLTLJHNFFAO27CB
新竹市,房地(土地+建物)+車位,光武段1051~1080地號,10.38,商,,,1050628,土地2建物1車位1,十一層,22,住宅大樓(11層含以上有電梯),住家用,鋼筋混凝土造,,130.9,2,2,1,有,無,8580000,73844,坡道平面,26.22,850000,,RPUQMLTLJHNFFAO37CB
新竹市,房地(土地+建物)+車位,光武段1051~1080地號,10.38,商,,,1050809,土地2建物1車位1,十五層,22,住宅大樓(11層含以上有電梯),住家用,鋼筋混凝土造,,130.9,2,2,1,有,無,8500000,73080,坡道平面,26.22,850000,,RPVQMLTLJHNFFAO47CB
新竹市,房地(土地+建物)+車位,光武段1051~1080地號,14.43,商,,,1050802,土地2建物1車位1,三層,22,住宅大樓(11層含以上有電梯),住家用,鋼筋混凝土造,,172.39,3,2,2,有,無,10500000,66703,坡道平面,26.22,750000,,RPWQMLTLJHNFFAO57CB
新竹市,房地(土地+建物)+車位,光武段1051~1080地號,14.89,商,,,1050602,土地2建物1車位2,九層,22,住宅大樓(11層含以上有電梯),住家用,鋼筋混凝土造,,194.35,3,2,2,有,無,11330000,64856,坡道平面,48.18,1850000,,RPXQMLTLJHNFFAO67CB
新竹市,房地(土地+建物)+車位,光武段1051~1080地號,14.89,商,,,1050615,土地2建物1車位1,十三層,22,住宅大樓(11層含以上有電梯),住家用,鋼筋混凝土造,,178.73,3,2,2,有,無,11000000,66553,坡道平面,26.22,850000,,RPORMLTLJHNFFAO86CB
新竹市,房地(土地+建物)+車位,光武段1051~1080地號,14.89,商,,,1050802,土地2建物1車位1,十層,22,住宅大樓(11層含以上有電梯),住家用,鋼筋混凝土造,,177.57,3,2,2,有,無,10830000,66601,坡道平面,26.22,750000,,RPPRMLTLJHNFFAO96CB
新竹市,房地(土地+建物)+車位,光武段1051~1080地號,14.89,商,,,1050613,土地2建物1車位1,十四層,22,住宅大樓(11層含以上有電梯),住家用,鋼筋混凝土造,,175.44,3,2,2,有,無,11480000,68913,坡道平面,24.09,1050000,,RPQRMLTLJHNFFAO07CB
新竹市,房地(土地+建物)+車位,光武段1051~1080地號,14.43,商,,,1050628,土地2建物1車位1,七層,22,住宅大樓(11層含以上有電梯),住家用,鋼筋混凝土造,,172.39,3,2,2,有,無,10500000,64651,坡道平面,26.22,1050000,,RPRRMLTLJHNFFAO17CB
新竹市,房地(土地+建物)+車位,光武段1051~1080地號,14.43,商,,,1050628,土地2建物1車位1,十層,22,住宅大樓(11層含以上有電梯),住家用,鋼筋混凝土造,,172.39,3,2,2,有,無,10650000,67045,坡道平面,26.22,850000,,RPSRMLTLJHNFFAO27CB
新竹市,房地(土地+建物)+車位,光武段1051~1080地號,10.38,商,,,1050705,土地2建物1車位1,七層,22,住宅大樓(11層含以上有電梯),住家用,鋼筋混凝土造,,130.9,2,2,1,有,無,8300000,71169,坡道平面,26.22,850000,,RPTRMLTLJHNFFAO37CB
新竹市,房地(土地+建物)+車位,光武段1051~1080地號,10.38,商,,,1050719,土地2建物1車位1,十一層,22,住宅大樓(11層含以上有電梯),住家用,鋼筋混凝土造,,128.77,2,2,1,有,無,8200000,70692,坡道平面,24.09,800000,,RPURMLTLJHNFFAO47CB
新竹市,房地(土地+建物)+車位,光武段1051~1080地號,10.38,商,,,1050602,土地2建物1車位1,十七層,22,住宅大樓(11層含以上有電梯),住家用,鋼筋混凝土造,,130.9,2,2,1,有,無,8800000,76901,坡道平面,26.22,750000,,RPVRMLTLJHNFFAO57CB
新竹市,房地(土地+建物)+車位,光武段1051~1080地號,14.43,商,,,1050802,土地2建物1車位1,三層,22,住宅大樓(11層含以上有電梯),住家用,鋼筋混凝土造,,172.39,3,2,2,有,無,10130000,63830,坡道平面,26.22,800000,,RPWRMLTLJHNFFAO67CB
新竹市,房地(土地+建物)+車位,光武段1051~1080地號,14.43,商,,,1050628,土地2建物1車位1,五層,22,住宅大樓(11層含以上有電梯),住家用,鋼筋混凝土造,,172.39,3,2,2,有,無,10200000,63967,坡道平面,26.22,850000,,RPXRMLTLJHNFFAO77CB
新竹市,房地(土地+建物)+車位,光武段1051~1080地號,14.43,商,,,1050628,土地2建物1車位1,六層,22,住宅大樓(11層含以上有電梯),住家用,鋼筋混凝土造,,172.39,3,2,2,有,無,10480000,65882,坡道平面,26.22,850000,,RPOSMLTLJHNFFAO96CB
新竹市,房地(土地+建物)+車位,光武段1051~1080地號,17.14,商,,,1050719,土地2建物1車位2,十七層,22,住宅大樓(11層含以上有電梯),住家用,鋼筋混凝土造,,222.25,4,2,2,有,無,14080000,73199,坡道平面,52.44,1650000,,RPPSMLTLJHNFFAO07CB
新竹市,房地(土地+建物)+車位,光武段751~780地號,17.14,商,,,1050615,土地2建物1車位2,十八層,22,住宅大樓(11層含以上有電梯),住家用,鋼筋混凝土造,,222.25,4,2,2,有,無,13700000,67428,坡道平面,52.44,2250000,,RPQSMLTLJHNFFAO17CB
