﻿編號,土地區段位置,土地移轉面積平方公尺,使用分區或編定
The serial number,land sector position,land shifting area square meter,the use zoning or compiles and checks
RPUNMLQKJIMFFAV27CA,台東段,121.00,都市：商
RPSNMLNKJIMFFAV86DA,北南王段,778.26,都市：農
RPSNMLNKJIMFFAV86DA,北南王段,333.59,都市：農
RPSNMLNKJIMFFAV86DA,北南王段,527.14,都市：農
RPQNMLKLJIMFFAV98CA,康樂段,10684.00,非都市：特定農業區 ; 非都市編定：農牧用地
RPSNMLQKJIMFFAV07CA,台東段,71.00,都市：住
RPSNMLQKJIMFFAV07CA,台東段,76.00,都市：住
RPSNMLKLJIMFFAV56CA,建本段,505.22,都市：其他
RPSNMLKLJIMFFAV56CA,建本段,759.33,都市：住
RPSNMLKLJIMFFAV56CA,建本段,49.28,都市：其他
RPSNMLKLJIMFFAV56CA,建本段,1903.64,都市：住
RPSNMLKLJIMFFAV56CA,建本段,722.13,都市：其他
RPSNMLKLJIMFFAV56CA,建本段,506.29,都市：其他
RPSNMLKLJIMFFAV56CA,建本段,316.29,都市：住
RPSNMLKLJIMFFAV56CA,建本段,2425.50,都市：住
RPSNMLKLJIMFFAV56CA,建本段,76.79,都市：住
RPSNMLKLJIMFFAV56CA,建本段,118.06,都市：住
RPSNMLKLJIMFFAV56CA,建本段,1001.12,都市：其他
RPSNMLKLJIMFFAV56CA,建本段,1062.55,都市：其他
RPSNMLKLJIMFFAV56CA,建本段,49.33,都市：其他
RPSNMLKLJIMFFAV56CA,建本段,561.45,都市：其他
RPSNMLKLJIMFFAV56CA,建本段,333.82,都市：住
RPSNMLKLJIMFFAV56CA,建本段,112.34,都市：其他
RPSNMLKLJIMFFAV56CA,建本段,13.16,都市：住
RPSNMLKLJIMFFAV56CA,建本段,779.46,都市：住
RPPNMLRKJIMFFAV86CA,光明段,5.88,都市：住
RPPNMLRKJIMFFAV86CA,光明段,30.98,都市：住
RPPNMLRKJIMFFAV86CA,光明段,.24,都市：住
RPPNMLRKJIMFFAV86CA,光明段,80.00,都市：住
RPUNMLRKJIMFFAV37CA,馬蘭段,428.00,都市：住
RPTNMLQKJIMFFAV27DA,常德段,90.47,都市：住
RPQNMLQJKIMFFAV86CA,永和段,100.27,都市：其他
RPQNMLQJKIMFFAV86CA,永和段,58.85,都市：其他
RPQNMLQJKIMFFAV86CA,永和段,93.66,都市：其他
RPQNMLQJKIMFFAV86CA,永和段,77.68,都市：其他
RPPNMLRKJIMFFDV17CA,荒野段,2003.50,非都市：一般農業區 ; 非都市編定：農牧用地
SPVNMLLLJIMFFAV17DA,普優瑪段,83.86,都市：其他
RPVNMLLLJIMFFAV07DA,普優瑪段,529.83,都市：其他
RPSNMLLLJIMFFBV76CA,東河段,31.51,都市：住
RPPNMLPKJIMFFCV96DA,中福段,40.95,都市：住
RPQNMLLLJIMFFBV56CA,東河段,84.47,都市：住
RPRNMLLLJIMFFBV66CA,東河段,11.32,都市：住
RPPNMLLLJIMFFBV09CA,東河段,77.32,都市：住
RPQNMLPKJIMFFCV96CA,大埔段,68.07,都市：住
RPQNMLPKJIMFFCV96CA,大埔段,46.81,都市：住
RPPNMLSLJIMFFCV27CA,龍田段,34.21,都市：其他
RPPNMLSLJIMFFCV27CA,龍田段,152.13,都市：住
RPPNMLKLJIMFFAV88CA,泰安段,5040.41,非都市：一般農業區 ; 非都市編定：農牧用地
RPPNMLLLJIMFFAV98CA,利吉段,7981.57,非都市：山坡地保育區 ; 非都市編定：農牧用地
RPWNMLLLJIMFFAV07CA,初鹿段,4317.00,非都市：特定農業區 ; 非都市編定：農牧用地
RPSNMLLLJIMFFCV86CA,錦富段,4962.46,非都市：特定農業區 ; 非都市編定：農牧用地
RPSNMLLLJIMFFCV86CA,錦富段,164.39,非都市：特定農業區 ; 非都市編定：水利用地
RPPNMLMLJIMFFCV66CA,海端段,311.00,非都市：山坡地保育區 ; 非都市編定：農牧用地
RPPNMLMLJIMFFCV66CA,海端段,294.00,非都市：山坡地保育區 ; 非都市編定：丙種建築用地
RPXNMLLLJIMFFAV27DA,新生段,2021.00,都市：農
RPXNMLLLJIMFFAV27DA,新生段,402.00,都市：農
RPUNMLLLJIMFFAV96DA,普優瑪段,38.13,都市：其他
SPUNMLLLJIMFFAV07DA,普優瑪段,7.10,都市：其他
RPRNMLLLJIMFFAV66DA,利家段,160.00,非都市：山坡地保育區 ; 非都市編定：丙種建築用地
RPQNMLLKKIMFFBV56CA,忠勇段,14.00,都市：住
RPSNMLLLJIMFFAV76DA,台東段,291.00,都市：住
RPSNMLLLJIMFFAV76DA,台東段,19.00,都市：其他
RPQNMLMLJIMFFAV56CA,建樂段,131.03,都市：住
RPPNMLMLJIMFFBV56CA,北都蘭段,1169.82,非都市：風景區 ; 非都市編定：農牧用地
RPRNMLLKKIMFFBV66CA,忠勇段,31.62,都市：住
RPRNMLLKKIMFFBV66CA,忠勇段,64.71,都市：住
RPRNMLSLJIMFFAV27CA,建和段,760.39,非都市：一般農業區 ; 非都市編定：農牧用地
RPPNMLNLJIMFFAV56CA,普優瑪段,154.32,都市：住
RPPNMLNLJIMFFAV56CA,普優瑪段,794.85,都市：住
RPUNMLNLJIMFFAV07CA,台東段,78.00,都市：住
RPPNMLNLJIMFFCV86DA,高台段,6392.50,非都市：山坡地保育區 ; 非都市編定：農牧用地
RPPNMLNLJIMFFCV86DA,高台段,5273.40,非都市：山坡地保育區 ; 非都市編定：農牧用地
RPSNMLMLJIMFFAV76CA,南榮段,7.80,都市：住
RPSNMLMLJIMFFAV76CA,南榮段,.45,都市：住
RPSNMLMLJIMFFAV76CA,南榮段,18.26,都市：住
RPSNMLMLJIMFFAV76CA,南榮段,82.33,都市：住
RPQNMLQJKIMFFCV07CA,大池段,3880.26,非都市：特定農業區 ; 非都市編定：農牧用地
RPQNMLNLJIMFFAV66CA,利吉段,6193.86,非都市：山坡地保育區 ; 非都市編定：農牧用地
RPPNMLRJKIMFFCV07CA,西莊段,3546.33,非都市：特定農業區 ; 非都市編定：農牧用地
RPPNMLRJKIMFFCV07CA,西莊段,2781.71,非都市：特定農業區 ; 非都市編定：農牧用地
RPOOMLNLJIMFFAV56CA,豐康段,92.61,都市：住
RPPOMLNLJIMFFAV66CA,豐谷段,52.98,都市：住
RPVNMLOJKIMFFAV27DA,常德段,12.53,都市：住
RPRNMLMLJIMFFAV66CA,利家段,141.00,非都市：鄉村區 ; 非都市編定：乙種建築用地
RPPNMLMLJIMFFAV09CA,豐年段,28.20,都市：住
RPTNMLNLJIMFFAV07DA,台東段,23.00,都市：住
RPTNMLNLJIMFFAV07DA,台東段,4.00,都市：住
RPTNMLNLJIMFFAV07DA,台東段,24.00,都市：住
RPQNMLQJKIMFFBV96CA,黃金橋段,3851.53,非都市：風景區 ; 非都市編定：農牧用地
RPQNMLQJKIMFFBV96CA,黃金橋段,984.67,非都市：風景區 ; 非都市編定：農牧用地
RPTNMLSLJIMFFAV57DA,豐富段,459.78,都市：其他
RPQNMLSLJIMFFAV27DA,北南王段,581.72,非都市：特定農業區 ; 非都市編定：水利用地
UPQNMLSLJIMFFAV57DA,北南王段,1152.25,都市：其他
TPQNMLSLJIMFFAV47DA,北南王段,3037.10,非都市：特定農業區 ; 非都市編定：水利用地
SPQNMLSLJIMFFAV37DA,北南王段,1568.67,非都市：特定農業區 ; 非都市編定：水利用地
RPPNMLTKJIMFFAV07CA,東谷段,126.01,非都市：特定農業區 ; 非都市編定：甲種建築用地
RPPNMLMLJIMFFDV76CA,荒野段,1988.77,非都市：一般農業區 ; 非都市編定：農牧用地
SPTNMLSLJIMFFAV67DA,豐富段,390.80,都市：其他
RPSNMLSLJIMFFAV47DA,下賓朗段,575.91,非都市：特定農業區 ; 非都市編定：水利用地
VPQNMLSLJIMFFAV67DA,北南王段,444.00,都市：其他
WPQNMLSLJIMFFAV77DA,北南王段,241.17,都市：其他
XPQNMLSLJIMFFAV87DA,北南王段,223.11,都市：其他
TPSNMLSLJIMFFAV67DA,下賓朗段,1010.74,非都市：一般農業區 ; 非都市編定：水利用地
SPSNMLSLJIMFFAV57DA,下賓朗段,5674.74,非都市：特定農業區 ; 非都市編定：水利用地
RPUNMLOLJIMFFAV17CA,豐源段,2655.65,非都市：特定農業區 ; 非都市編定：農牧用地
RPUNMLOLJIMFFAV17CA,豐源段,59.42,非都市：特定農業區 ; 非都市編定：甲種建築用地
RPSNMLTLJIMFFAV47CA,豐嘉段,1190.66,非都市：特定農業區 ; 非都市編定：農牧用地
RPRNMLRLJIMFFAV17CA,知本段,1016.00,非都市：特定農業區 ; 非都市編定：農牧用地
RPPNMLRLJIMFFAV96CA,台東段,40.22,都市：住
RPWNMLRLJIMFFAV67CA,建康段,106.82,都市：住
RPWNMLRLJIMFFAV67CA,建康段,101.67,都市：住
RPVNMLTLJIMFFAV77CA,台東段,10.08,都市：住
RPVNMLOLJIMFFAV27CA,豐源段,2655.65,非都市：特定農業區 ; 非都市編定：農牧用地
RPVNMLOLJIMFFAV27CA,豐源段,59.42,非都市：特定農業區 ; 非都市編定：甲種建築用地
RPQNMLRLJIMFFAV07CA,光明段,81.00,都市：住
RPQNMLOLJIMFFAV76CA,中心段,118.00,都市：住
RPSNMLSJKIMFFAV27CA,豐田段,1259.00,都市：住
RPSNMLSJKIMFFAV27CA,豐田段,14.00,都市：住
RPPNMLPKKIMFFCV07DA,廣原段,19300.00,非都市：山坡地保育區 ; 非都市編定：農牧用地
RPTNMLRLJIMFFAV37CA,利家段,111.87,非都市：鄉村區 ; 非都市編定：乙種建築用地
RPTNMLRLJIMFFAV37CA,利家段,19.61,非都市：鄉村區 ; 非都市編定：乙種建築用地
RPWNMLSLJIMFFAV87DA,光明段,324.00,都市：其他
SPWNMLSLJIMFFAV97DA,光明段,368.00,都市：其他
TPWNMLSLJIMFFAV08DA,光明段,247.00,都市：其他
RPRNMLOLJIMFFAV86CA,普優瑪段,200.77,都市：住
UPWNMLSLJIMFFAV18DA,光明段,275.00,都市：其他
VPWNMLSLJIMFFAV28DA,光明段,323.00,都市：其他
WPWNMLSLJIMFFAV38DA,光明段,3.00,都市：其他
XPWNMLSLJIMFFAV48DA,北南王段,388.73,都市：其他
YPWNMLSLJIMFFAV58DA,普優瑪段,120.58,都市：其他
QQWNMLSLJIMFFAV87DA,中清段,1.70,都市：其他
ZPWNMLSLJIMFFAV68DA,中清段,427.10,都市：其他
RQWNMLSLJIMFFAV97DA,中清段,785.83,都市：其他
RPRNMLSLJIMFFDV67DA,台拉段,3000.00,非都市：山坡地保育區 ; 非都市編定：林業用地
RPPNMLSJKIMFFCV17CA,中和段,1042.85,非都市：一般農業區 ; 非都市編定：農牧用地
RPPNMLTLJIMFFCV37CA,大池段,1081.83,非都市：特定農業區 ; 非都市編定：農牧用地
RPPNMLTLJIMFFCV37CA,大池段,146.80,非都市：特定農業區 ; 非都市編定：水利用地
RPPNMLTLJIMFFCV37CA,大池段,3028.98,非都市：特定農業區 ; 非都市編定：農牧用地
RPPNMLKMJIMFFBV56DA,三民段,103.37,都市：住
RPVNMLRLJIMFFAV57CA,利家段,3114.00,非都市：特定農業區 ; 非都市編定：農牧用地
RPVNMLSLJIMFFAV67CA,台東段,40.00,都市：住
RPRNMLPJKIMFFAV96DA,東海段,202.89,都市：住
RPPNMLSLJIMFFAV07CA,豐川段,53.62,非都市：特定農業區 ; 非都市編定：水利用地
RPPNMLSLJIMFFAV07CA,豐川段,3467.72,非都市：特定農業區 ; 非都市編定：農牧用地
RPRNMLQJKIMFFAV96CA,永和段,68.83,都市：其他
RPRNMLQJKIMFFAV96CA,永和段,109.53,都市：其他
RPRNMLQJKIMFFAV96CA,永和段,90.85,都市：其他
RPRNMLQJKIMFFAV96CA,永和段,117.27,都市：其他
RPWNMLTLJIMFFAV97DA,北南王段,241.52,都市：其他
SPWNMLTLJIMFFAV08DA,北南王段,26.80,都市：其他
RPQNMLTLJIMFFDV57CA,北橋段,48.51,都市：住
RPPNMLTLJIMFFDV47CA,北橋段,21.15,都市：住
RPPNMLLJKIMFFAV98DA,明峰段,272.39,非都市：山坡地保育區 ; 非都市編定：農牧用地
RPRNMLKMJIMFFAV56CA,富岡南段,44.11,非都市：鄉村區 ; 非都市編定：乙種建築用地
RPPNMLKMJIMFFDV76DA,復興段,34.68,都市：其他
RPWNMLQJKIMFFAV47CA,豐利段,300.11,都市：住
RPXNMLQJKIMFFAV57CA,新園段,65.00,非都市：鄉村區 ; 非都市編定：乙種建築用地
RPXNMLQJKIMFFAV57CA,新園段,122.00,非都市：鄉村區 ; 非都市編定：乙種建築用地
RPUNMLTLJIMFFAV67CA,上源段,72.61,非都市：山坡地保育區 ; 非都市編定：丙種建築用地
RPPNMLRLJIMFFBV07CA,高原段,4549.00,非都市：森林區 ; 非都市編定：農牧用地
RPQNMLOJKIMFFBV86DA,南八里段,100.12,非都市：風景區 ; 非都市編定：農牧用地
RPVNMLMKKIMFFAV07CA,公東段,55.44,都市：農
RPVNMLMKKIMFFAV07CA,公東段,59.63,都市：農
RPQNMLLKKIMFFAV09CA,利泰段,3145.11,非都市：一般農業區 ; 非都市編定：農牧用地
RPTNMLKMJIMFFAV76CA,德安段,1.96,都市：住
RPTNMLKMJIMFFAV76CA,德安段,21.26,都市：住
RPTNMLKMJIMFFAV76CA,德安段,.15,都市：住
RPTNMLKMJIMFFAV76CA,德安段,.04,都市：住
RPWNMLKMJIMFFAV07CA,東海段,22.69,都市：住
RPWNMLKMJIMFFAV07CA,東海段,1.46,都市：住
RPQNMLLJKIMFFAV98CA,建業段,65.58,都市：住
RPQNMLLJKIMFFAV98CA,建業段,21.86,都市：住
RPQNMLLJKIMFFAV98CA,建業段,21.86,都市：住
RPQNMLLJKIMFFAV98CA,建業段,21.86,都市：住
RPXNMLTLJIMFFAV97CA,富岡南段,92.07,非都市：鄉村區 ; 非都市編定：乙種建築用地
RPPNMLOLKIMFFAV76CA,德安段,21.26,都市：住
RPPNMLOLKIMFFAV76CA,德安段,.15,都市：住
RPPNMLOLKIMFFAV76CA,德安段,1.96,都市：住
RPPNMLOLKIMFFAV76CA,德安段,.04,都市：住
RPRNMLLJKIMFFAV09CA,豐年段,28.20,都市：住
RPQNMLKMJIMFFAV09CA,建業段,223.76,都市：住
RPQNMLKMJIMFFAV09CA,建業段,1.08,都市：農
RPVNMLPJKIMFFAV27CA,上岩灣段,81.96,都市：住
RPRNMLOJKIMFFAV76CA,台東段,19.29,都市：住
RPRNMLOJKIMFFAV76CA,台東段,8.25,都市：住
RPRNMLOJKIMFFAV76CA,台東段,7.60,都市：住
RPRNMLOJKIMFFAV76CA,台東段,5.79,都市：住
RPRNMLOJKIMFFAV76CA,台東段,1.02,都市：住
RPRNMLOJKIMFFAV76CA,台東段,.96,都市：住
RPPNMLKMJIMFFAV98CA,台東段,7.55,都市：住
RPPNMLKMJIMFFAV98CA,台東段,13.20,都市：住
RPPNMLKMJIMFFAV98CA,台東段,29.63,都市：住
RPPNMLOJKIMFFCV86DA,海端段,100.00,非都市：鄉村區 ; 非都市編定：乙種建築用地
RPPNMLLJKIMFFBV98CA,加走灣段,1700.00,非都市：風景區 ; 非都市編定：農牧用地
RPPNMLLJKIMFFBV98CA,加走灣段,850.00,非都市：風景區 ; 非都市編定：農牧用地
RPPNMLMJKIMFFBV09CA,濱海段,85.73,都市：住
RPUNMLMLKIMFFAV07CA,豐谷段,89.00,都市：住
RPQNMLSJKIMFFCV27CA,南山段,96.90,都市：住
RPPNMLPJKIMFFAV76DA,明峰段,2500.24,非都市：山坡地保育區 ; 非都市編定：農牧用地
RPQNMLRJKIMFFBV07CA,新美山段,504.84,非都市：鄉村區 ; 非都市編定：乙種建築用地
RPTNMLLJKIMFFAV66CA,泰安段,4.34,非都市：鄉村區 ; 非都市編定：乙種建築用地
RPTNMLLJKIMFFAV66CA,泰安段,4.34,非都市：鄉村區 ; 非都市編定：乙種建築用地
TPTNMLOJKIMFFAV27DA,豐富段,187.90,都市：其他
RPSNMLLJKIMFFAV56CA,豐年段,7.00,都市：住
RPQNMLOJKIMFFAV66CA,台東段,66.00,都市：住
RPQNMLPJKIMFFAV76CA,豐源段,3145.89,非都市：特定農業區 ; 非都市編定：農牧用地
RPQNMLPJKIMFFAV76CA,豐源段,1596.99,非都市：特定農業區 ; 非都市編定：農牧用地
RPWNMLPJKIMFFAV47DA,永清段,.67,都市：其他
SPTNMLOJKIMFFAV17DA,光明段,18.00,都市：其他
RPTNMLOJKIMFFAV07DA,光明段,1035.00,都市：其他
RPUNMLQLKIMFFAV57DA,馬蘭段,40.42,都市：住
RPPNMLOJKIMFFAV56CA,東海段,95.49,都市：住
RPUNMLOJKIMFFAV07CA,南王段,46.30,都市：住
RPUNMLOJKIMFFAV07CA,南王段,37.58,都市：住
RPUNMLPJKIMFFAV17CA,台東段,117.00,都市：商
RPUNMLPJKIMFFAV17CA,台東段,54.00,都市：商
RPTNMLPJKIMFFAV07CA,東海段,99.54,都市：住
RPQNMLRJKIMFFAV96CA,豐航段,73.02,都市：住
RPQNMLRJKIMFFAV96CA,豐航段,22.66,都市：住
RPQNMLSJKIMFFBV17CA,黃金橋段,502.09,非都市：鄉村區 ; 非都市編定：乙種建築用地
RPPNMLQJKIMFFBV86CA,八仙洞段,492.75,非都市：風景區 ; 非都市編定：交通用地
RPPNMLQJKIMFFBV86CA,八仙洞段,492.75,非都市：風景區 ; 非都市編定：交通用地
RPPNMLTKKIMFFCV37CA,溪埔段,266.49,都市：農
RPPNMLTKKIMFFCV37CA,溪埔段,1410.14,都市：農
RPPNMLTKKIMFFCV37CA,溪埔段,804.94,非都市：一般農業區 ; 非都市編定：農牧用地
RPQNMLTKKIMFFCV47CA,溪埔段,666.99,都市：農
RPQNMLTKKIMFFCV47CA,溪埔段,444.61,非都市：一般農業區 ; 非都市編定：農牧用地
RPQNMLTKKIMFFCV47CA,溪埔段,83.10,都市：農
RPQNMLTKKIMFFCV47CA,溪埔段,486.92,都市：農
RPQNMLTKKIMFFCV47CA,溪埔段,1343.46,都市：農
RPPNMLQJKIMFFCV96CA,大池段,2008.65,非都市：特定農業區 ; 非都市編定：農牧用地
RPPNMLQJKIMFFCV96CA,大池段,2008.65,非都市：特定農業區 ; 非都市編定：農牧用地
RPPNMLLKKIMFFCV66DA,新興段,1964.68,非都市：特定農業區 ; 非都市編定：農牧用地
RPPNMLLKKIMFFCV66DA,新興段,217.47,非都市：特定農業區 ; 非都市編定：農牧用地
RPPNMLLKKIMFFCV66DA,新興段,937.68,非都市：特定農業區 ; 非都市編定：農牧用地
RPPNMLLKKIMFFCV66DA,新興段,1028.28,非都市：特定農業區 ; 非都市編定：農牧用地
RPPNMLLKKIMFFCV66DA,新興段,2671.06,非都市：特定農業區 ; 非都市編定：農牧用地
RPPNMLRJKIMFFDV27DA,達人段,1031.49,非都市：山坡地保育區 ; 非都市編定：農牧用地
RPPNMLRJKIMFFDV27DA,達人段,1050.17,非都市：山坡地保育區 ; 非都市編定：農牧用地
RPPNMLLKKIMFFDV66CA,秀山段,10.39,都市：住
RPPNMLOJKIMFFBV66CA,南河段,97.42,都市：住
RPTNMLLKKIMFFAV76CA,利卡夢段,184.86,非都市：鄉村區 ; 非都市編定：乙種建築用地
RPTNMLLKKIMFFAV76CA,利卡夢段,14.85,非都市：鄉村區 ; 非都市編定：乙種建築用地
RPVNMLQJKIMFFAV37CA,知本段,1190.00,非都市：特定農業區 ; 非都市編定：農牧用地
RPUNMLQJKIMFFAV27CA,豐谷段,133.28,都市：住
RPSNMLQJKIMFFAV07CA,台東段,139.00,都市：住
RPPNMLQJKIMFFAV76CA,南榮段,1418.85,都市：農
RPOOMLQJKIMFFAV76CA,德安段,21.26,都市：住
RPOOMLQJKIMFFAV76CA,德安段,.15,都市：住
RPOOMLQJKIMFFAV76CA,德安段,1.96,都市：住
RPOOMLQJKIMFFAV76CA,德安段,.04,都市：住
RPPNMLLKKIMFFAV98CA,大業段,92.91,都市：住
RPXNMLPJKIMFFAV47CA,永清段,140.16,都市：住
RPTNMLQJKIMFFAV17CA,馬蘭段,24.25,都市：住
RPRNMLRJKIMFFAV07CA,利家段,12.18,非都市：鄉村區 ; 非都市編定：乙種建築用地
RPRNMLRJKIMFFAV07CA,利家段,124.00,非都市：鄉村區 ; 非都市編定：乙種建築用地
RPRNMLRJKIMFFAV07CA,利家段,20.09,非都市：鄉村區 ; 非都市編定：乙種建築用地
RPPNMLRJKIMFFAV86CA,豐里段,60.84,非都市：特定農業區 ; 非都市編定：甲種建築用地
RPPNMLRJKIMFFAV86CA,豐里段,60.84,非都市：特定農業區 ; 非都市編定：甲種建築用地
RPRNMLSJKIMFFAV17CA,公西段,32.06,都市：農
RPRNMLSJKIMFFAV17CA,公西段,233.18,都市：農
RPQNMLSJKIMFFAV07CA,利家段,50.00,非都市：鄉村區 ; 非都市編定：乙種建築用地
RPWNMLLKKIMFFAV07CA,台東段,57.00,都市：商
RPPNMLSJKIMFFAV96CA,利家段,35.43,非都市：鄉村區 ; 非都市編定：乙種建築用地
RPPNMLSJKIMFFAV96CA,利家段,31.46,非都市：鄉村區 ; 非都市編定：乙種建築用地
RPPNMLTJKIMFFDV37CA,蘭里段,557.68,非都市：鄉村區 ; 非都市編定：乙種建築用地
RPRNMLNKKIMFFAV76CA,豐榮段,96.00,都市：住
RPPNMLNKKIMFFAV56CA,台東段,16.72,都市：住
RPVNMLNKKIMFFAV17CA,康樂段,8466.00,非都市：特定農業區 ; 非都市編定：農牧用地
RPVNMLNKKIMFFAV17CA,康樂段,9206.00,非都市：特定農業區 ; 非都市編定：農牧用地
RPVNMLLKKIMFFAV96CA,中清段,113.09,都市：住
RPWNMLNKKIMFFAV27CA,康樂段,916.00,非都市：特定農業區 ; 非都市編定：農牧用地
RPWNMLNKKIMFFAV27CA,康樂段,1380.00,非都市：特定農業區 ; 非都市編定：農牧用地
RPPNMLSLKIMFFAV17CA,豐年段,18.03,都市：住
RPPNMLLKKIMFFBV09CA,濱海段,8.87,都市：住
RPPNMLMKKIMFFAV56DA,北南王段,11959.10,都市：其他
RPRNMLMKKIMFFAV76DA,光明段,107.67,都市：其他
SPPNMLMKKIMFFAV66DA,北南王段,4.60,都市：其他
RPQNMLMKKIMFFAV66DA,北南王段,166.14,都市：其他
TPPNMLMKKIMFFAV76DA,北南王段,2289.54,都市：其他
RPSNMLLKKIMFFBV76CA,濱海段,2451.85,都市：農
RPOOMLNKKIMFFAV56CA,豐康段,19.29,都市：農
RPOOMLNKKIMFFAV56CA,豐康段,103.47,都市：農
RPOOMLNKKIMFFAV56CA,豐康段,37.76,都市：農
RPOOMLNKKIMFFAV56CA,豐康段,6226.70,都市：農
RPTNMLNKKIMFFAV96CA,豐榮段,111.00,都市：住
RPPNMLTLKIMFFBV37CA,仰光段,75.16,都市：其他
RPPNMLTLKIMFFBV37CA,仰光段,63.68,都市：其他
RPPNMLTLKIMFFBV37CA,仰光段,136.11,都市：商
RPPNMLTLKIMFFBV37CA,仰光段,70.07,都市：商
RPSNMLRJKIMFFBV27CA,加走灣段,3326.88,非都市：風景區 ; 非都市編定：農牧用地
RPXNMLLKKIMFFAV17CA,自強段,164.00,都市：住
RPXNMLLKKIMFFAV17CA,自強段,55.00,都市：其他
RPPNMLKKKIMFFBV09DA,大俱來段,86.61,非都市：風景區 ; 非都市編定：農牧用地
RPSNMLMKKIMFFAV86DA,光明段,107.67,都市：其他
RPPNMLMKKIMFFCV76DA,萬朝段,4276.80,非都市：一般農業區 ; 非都市編定：農牧用地
RPPOMLMKKIMFFAV66DA,光明段,704.43,都市：其他
RPPOMLLKKIMFFAV09CA,興安段,274.64,都市：住
RPXNMLMKKIMFFAV27CA,和平段,1959.40,非都市：山坡地保育區 ; 非都市編定：農牧用地
RPQNMLLLKIMFFAV56CA,公東段,86.35,都市：其他
RPQNMLLLKIMFFAV56CA,公東段,134.96,都市：其他
RPQNMLLLKIMFFAV56CA,公東段,284.08,都市：其他
RPQNMLLLKIMFFAV56CA,公東段,352.06,都市：其他
RPQOMLMKKIMFFAV66CA,澱粉段,13.68,非都市：特定農業區 ; 非都市編定：交通用地
RPQOMLMKKIMFFAV66CA,澱粉段,8.28,非都市：特定農業區 ; 非都市編定：交通用地
RPQOMLMKKIMFFAV66CA,澱粉段,200.25,非都市：特定農業區 ; 非都市編定：農牧用地
RPPNMLOKKIMFFAV66CA,常德段,294.25,都市：住
RPPNMLOKKIMFFAV66CA,常德段,167.94,都市：其他
RPSNMLNKKIMFFAV86CA,台東段,7.92,都市：住
RPUNMLOKKIMFFAV17CA,自強段,89.00,都市：住
RPOOMLOKKIMFFAV66CA,豐年段,17.00,都市：住
RPTNMLOKKIMFFAV07CA,射馬干段,474.21,非都市：特定農業區 ; 非都市編定：甲種建築用地
RPTNMLOKKIMFFAV07CA,射馬干段,424.96,非都市：特定農業區 ; 非都市編定：甲種建築用地
RPUNMLNKKIMFFAV07CA,下賓朗段,103.35,非都市：一般農業區 ; 非都市編定：農牧用地
RPUNMLNKKIMFFAV07CA,下賓朗段,67.56,非都市：鄉村區 ; 非都市編定：交通用地
RPPNMLTKKIMFFDV47CA,秀山段,10.39,都市：住
RPSNMLTKKIMFFAV47CA,豐康段,14.84,都市：住
RPSNMLTKKIMFFAV47CA,豐康段,5.64,都市：住
RPXNMLNKKIMFFAV37CA,台東段,1.02,都市：商
RPWNMLOKKIMFFAV37CA,自強段,90.00,都市：住
RPRNMLOKKIMFFAV86CA,中山段,83.00,都市：住
RPQNMLRKKIMFFDV37CA,北橋段,144.70,都市：住
RPQNMLRKKIMFFDV37CA,北溪段,21.96,都市：其他
RPQNMLRKKIMFFDV37CA,北溪段,1.23,都市：住
RPPNMLOKKIMFFBV76CA,永福段,5618.59,非都市：風景區 ; 非都市編定：農牧用地
RPSNMLOKKIMFFAV96CA,普優瑪段,133.00,都市：住
RPQNMLPKKIMFFAV86CA,台東段,11.00,都市：住
RPQNMLPKKIMFFAV86CA,台東段,39.00,都市：住
RPPNMLNKKIMFFCV86DA,康源段,102.00,非都市：鄉村區 ; 非都市編定：乙種建築用地
RPQNMLNKKIMFFAV66CA,豐年段,20.65,都市：住
RPTNMLSKKIMFFAV47CA,上南寮段,103.13,都市：其他
RPPNMLSKKIMFFAV07CA,下南寮段,266.20,都市：其他
RPPNMLSKKIMFFAV07CA,下南寮段,106.91,都市：農
RPPNMLSKKIMFFAV07CA,下南寮段,176.57,都市：其他
RPPNMLSKKIMFFAV07CA,下南寮段,184.90,都市：其他
RPPNMLSKKIMFFAV07CA,下南寮段,148.58,都市：其他
RPPNMLSKKIMFFAV07CA,下南寮段,12.76,都市：其他
RPPNMLSKKIMFFAV07CA,下南寮段,85.36,都市：其他
RPPNMLSKKIMFFAV07CA,下南寮段,185.77,都市：其他
RPPNMLSKKIMFFAV07CA,下南寮段,142.00,都市：其他
RPPNMLSKKIMFFAV07CA,下南寮段,11.34,都市：其他
RPXNMLOKKIMFFAV47CA,新生段,13.65,都市：住
RPPNMLPLKIMFFBV96CA,忠勇段,111.91,都市：住
RPUNMLLLKIMFFAV96CA,上岩灣段,69.03,都市：住
RPQNMLTKKIMFFAV27CA,豐年段,27.73,都市：住
RPPNMLMJJHNFFBV98CA,忠智段,225.93,都市：住
RPQNMLMJJHNFFBV09CA,大俱來段,127.92,非都市：風景區 ; 非都市編定：農牧用地
RPPNMLNJJHNFFAV98CA,台東段,57.92,都市：住
RPPNMLOKKIMFFDV96CA,金星段,1395.00,非都市：山坡地保育區 ; 非都市編定：農牧用地
RPPNMLLLKIMFFDV76CA,蘭里段,450.00,非都市：鄉村區 ; 非都市編定：乙種建築用地
RPQNMLSKKIMFFAV27DA,新園段,2164.00,非都市：特定農業區 ; 非都市編定：農牧用地
RPQNMLTKKIMFFDV57CA,荒野段,107.42,非都市：一般農業區 ; 非都市編定：甲種建築用地
RPQNMLTKKIMFFBV37CA,和平南段,419.54,非都市：風景區 ; 非都市編定：丙種建築用地
SPPNMLPLKIMFFAV07DA,豐富段,203.39,都市：其他
RPPNMLPLKIMFFAV96DA,豐富段,275.69,都市：其他
RPWNMLSLKIMFFAV87CA,利家段,3429.00,非都市：特定農業區 ; 非都市編定：農牧用地
RPUNMLKLKIMFFAV96DA,東海段,11.35,都市：住
RPUNMLKLKIMFFAV96DA,東海段,.73,都市：住
RPSNMLSLKIMFFAV47CA,建樂段,182.62,都市：其他
RPSNMLSLKIMFFAV47CA,建樂段,5744.89,都市：其他
RPRNMLTKKIMFFAV37CA,豐榮段,81.99,都市：住
RPPOMLSKKIMFFAV17CA,豐樂段,151.00,都市：住
RPSNMLSKKIMFFAV37CA,馬蘭段,17.37,都市：住
RPSNMLMJJHNFFAV56CA,台東段,16.72,都市：住
RPVNMLSKKIMFFAV67CA,建業段,119.50,都市：住
RPQNMLPJJHNFFCV86CA,慶豐段,41.21,非都市：鄉村區 ; 非都市編定：乙種建築用地
RPPNMLMJJHNFFAV88CA,中心段,170.00,都市：住
RPPNMLMJJHNFFAV88CA,中心段,4.00,都市：住
RPRNMLKLKIMFFBV66CA,忠智段,106.94,都市：住
RPPNMLTKKIMFFBV37DA,沙泥灣段,2257.94,非都市：風景區 ; 非都市編定：農牧用地
RPPNMLTKKIMFFBV37DA,沙泥灣段,1565.03,非都市：風景區 ; 非都市編定：農牧用地
RPSNMLMLKIMFFAV96DA,台東段,6.00,都市：住
RPPNMLMJJHNFFDV66DA,笆札筏段,153.26,非都市：鄉村區 ; 非都市編定：乙種建築用地
RPPNMLKLKIMFFCV66DA,大池段,6802.65,非都市：特定農業區 ; 非都市編定：農牧用地
RPVOMLQLKIMFFAV67CA,豐康段,.75,都市：住
RPVOMLQLKIMFFAV67CA,豐康段,112.85,都市：住
RPVOMLQLKIMFFAV67CA,豐康段,.46,都市：住
RPVOMLQLKIMFFAV67CA,豐康段,.88,都市：住
RPVOMLQLKIMFFAV67CA,豐康段,3.98,都市：住
RPVOMLQLKIMFFAV67CA,豐康段,2.08,都市：住
RPOOMLLKJHNFFAV88CA,大業段,81.88,都市：住
RPQNMLKLKIMFFDV76CA,馬武段,40000.00,非都市：森林區 ; 非都市編定：林業用地
RPPNMLKLKIMFFAV98CA,煙草間段,27.88,非都市：鄉村區 ; 非都市編定：乙種建築用地
RPPNMLKLKIMFFAV98CA,煙草間段,261.06,非都市：鄉村區 ; 非都市編定：乙種建築用地
RPVNMLKLKIMFFAV96CA,中心段,104.00,都市：住
RPUOMLQLKIMFFAV57CA,東海段,14.93,都市：住
RPUOMLQLKIMFFAV57CA,東海段,.96,都市：住
RPXNMLSLKIMFFAV97CA,自強段,150.43,都市：住
RPVNMLLLKIMFFAV07CA,利家段,94.00,非都市：特定農業區 ; 非都市編定：甲種建築用地
RPUNMLSLKIMFFBV77CA,濱海段,53.65,都市：住
RPRNMLRLKIMFFCV47CA,福原段,196.67,都市：商
RPPNMLRLKIMFFCV27CA,里段,30.09,都市：住
RPPNMLRLKIMFFCV27CA,里段,120.07,都市：住
RPPNMLMLKIMFFAV56CA,知本段,752.00,非都市：特定農業區 ; 非都市編定：農牧用地
RPQNMLQLKIMFFAV07CA,豐康段,1060.61,都市：住
RPPNMLRLKIMFFAV07CA,建成段,112.06,都市：商
RPPNMLLLKIMFFCV76DA,萬朝段,234.71,非都市：鄉村區 ; 非都市編定：乙種建築用地
RPWNMLKLKIMFFAV07CA,中山段,74.00,都市：住
RPXOMLQLKIMFFAV87CA,常德段,115.34,都市：住
RPRNMLTLKIMFFAV47CA,合江段,87.45,非都市：鄉村區 ; 非都市編定：乙種建築用地
RPRNMLTLKIMFFAV47CA,合江段,530.91,非都市：鄉村區 ; 非都市編定：乙種建築用地
RPRNMLTLKIMFFAV47CA,合江段,21.91,非都市：鄉村區 ; 非都市編定：交通用地
RPSNMLRLKIMFFCV67DA,大池段,131.31,非都市：鄉村區 ; 非都市編定：乙種建築用地
RPSNMLRLKIMFFCV67DA,大池段,115.79,非都市：鄉村區 ; 非都市編定：乙種建築用地
RPXNMLKLKIMFFAV17CA,自強段,191.00,都市：住
RPQNMLTLKIMFFBV57DA,萬年段,61.00,非都市：鄉村區 ; 非都市編定：乙種建築用地
RPQNMLMLKIMFFAV66CA,豐年段,18.00,都市：住
RPTNMLMLKIMFFAV96CA,東海段,125.78,都市：住
RPRNMLMLKIMFFAV76CA,永樂段,95.00,都市：農
RPRNMLMLKIMFFAV76CA,永樂段,95.00,都市：農
RPQOMLQLKIMFFAV27DA,上岩灣段,79.30,都市：住
RPPNMLQLKIMFFBV07CA,八仙洞段,83.87,都市：農
RPUNMLTLKIMFFAV77CA,利卡夢段,23.08,非都市：鄉村區 ; 非都市編定：乙種建築用地
RPVNMLTLKIMFFAV87CA,上岩灣段,1890.77,非都市：特定農業區 ; 非都市編定：農牧用地
RPVNMLTLKIMFFAV87CA,上岩灣段,945.93,非都市：特定農業區 ; 非都市編定：農牧用地
RPTNMLRLKIMFFAV47CA,利家段,2769.00,非都市：山坡地保育區 ; 非都市編定：農牧用地
RPTNMLRLKIMFFAV47CA,利家段,2180.00,非都市：山坡地保育區 ; 非都市編定：農牧用地
RPTNMLRLKIMFFAV47CA,利家段,1106.00,非都市：山坡地保育區 ; 非都市編定：農牧用地
RPTNMLRLKIMFFAV47CA,利家段,4456.00,非都市：山坡地保育區 ; 非都市編定：農牧用地
RPTNMLRLKIMFFAV47CA,利家段,394.00,非都市：山坡地保育區 ; 非都市編定：農牧用地
RPTNMLRLKIMFFAV47CA,利家段,1218.00,非都市：山坡地保育區 ; 非都市編定：農牧用地
RPTNMLRLKIMFFAV47CA,利家段,1306.00,非都市：山坡地保育區 ; 非都市編定：農牧用地
RPSNMLQLKIMFFAV27CA,豐康段,49.78,都市：其他
RPSNMLQLKIMFFAV27CA,豐康段,577.40,都市：其他
RPSNMLQLKIMFFAV27CA,豐康段,392.86,都市：其他
RPQNMLPLKIMFFAV96CA,旭川段,3677.21,非都市：特定農業區 ; 非都市編定：農牧用地
RPVNMLPLKIMFFAV47CA,建業段,3.22,都市：住
RPVNMLPLKIMFFAV47CA,建業段,1.07,都市：住
RPVNMLPLKIMFFAV47CA,建業段,1.07,都市：住
RPVNMLPLKIMFFAV47CA,建業段,1.07,都市：住
RPOOMLQLKIMFFAV96CA,豐年段,141.31,都市：住
RPTNMLNJJHNFFAV76CA,東谷段,108.47,都市：住
RPRNMLQLKIMFFBV27CA,都豐段,2870.53,非都市：風景區 ; 非都市編定：農牧用地
RPRNMLQLKIMFFBV27CA,都豐段,236.16,非都市：風景區 ; 非都市編定：農牧用地
RPRNMLNJJHNFFAV56CA,利家段,102.00,非都市：鄉村區 ; 非都市編定：乙種建築用地
RPTNMLPLKIMFFAV27CA,自強段,102.00,都市：住
RPPNMLMLKIMFFBV66CA,高原段,4549.00,非都市：森林區 ; 非都市編定：農牧用地
RPQNMLPLKIMFFBV07CA,三仙段,2544.12,非都市：風景區 ; 非都市編定：農牧用地
RPQNMLPLKIMFFBV07CA,三仙段,1562.17,非都市：風景區 ; 非都市編定：農牧用地
RPQNMLPLKIMFFBV07CA,三仙段,934.93,非都市：風景區 ; 非都市編定：農牧用地
RPRNMLPJJHNFFAV76CA,合江段,209.66,非都市：鄉村區 ; 非都市編定：乙種建築用地
RPTNMLSLKIMFFBV67CA,八桑灣段,1005.02,非都市：風景區 ; 非都市編定：丙種建築用地
RPQNMLSLKIMFFDV57CA,西勢湖段,316.64,非都市：山坡地保育區 ; 非都市編定：農牧用地
RPQNMLSLKIMFFDV57CA,西勢湖段,43.73,非都市：山坡地保育區 ; 非都市編定：農牧用地
RPQNMLQLKIMFFBV17CA,忠智段,3.21,都市：住
RPPNMLRLKIMFFDV37CA,秀山段,10.39,都市：住
RPPNMLRLKIMFFDV37CA,秀山段,.00,都市：住
RPQNMLRLKIMFFDV57DA,秀山段,8.08,都市：商
RPQNMLRLKIMFFDV57DA,秀山段,.00,都市：商
RPPNMLMLKIMFFCV76CA,南山段,79.47,都市：住
RPPNMLQLKIMFFCV27DA,武陵段,1410.00,非都市：山坡地保育區 ; 非都市編定：農牧用地
RPPNMLPKJHNFFCV86CA,新福段,67.93,非都市：一般農業區 ; 非都市編定：水利用地
RPSOMLQLKIMFFAV37CA,豐康段,172.38,都市：住
RPSOMLQLKIMFFAV37CA,豐康段,10.59,都市：住
RPQNMLQLKIMFFCV37DA,錦富段,69.49,非都市：鄉村區 ; 非都市編定：乙種建築用地
RPQNMLQLKIMFFCV37DA,錦富段,409.58,非都市：鄉村區 ; 非都市編定：乙種建築用地
RPVNMLQLKIMFFAV57CA,台東段,74.00,都市：住
RPWNMLQLKIMFFAV67CA,台東段,243.50,都市：住
RPWNMLQLKIMFFAV67CA,台東段,243.50,都市：住
RPWNMLQLKIMFFAV67CA,台東段,27.00,都市：住
RPWNMLQLKIMFFAV67CA,台東段,27.00,都市：住
RPUNMLQLKIMFFDV77CA,秀山段,8.36,都市：住
RPTNMLQLKIMFFDV67CA,秀山段,7.08,都市：住
RPRNMLRLKIMFFAV27CA,公東段,197.93,都市：住
RPWOMLTKJHNFFAV87CA,康樂段,1181.00,非都市：特定農業區 ; 非都市編定：農牧用地
RPRNMLSLKIMFFAV37CA,台東段,21.32,都市：住
RPTNMLSLKIMFFAV57CA,豐康段,126.47,都市：住
RPXNMLQLKIMFFAV77CA,豐年段,139.29,都市：住
RPUNMLTKJHNFFAV57CA,豐年段,6.50,都市：住
RPPNMLTLKIMFFAV27CA,中清段,17.93,都市：其他
RPPNMLTLKIMFFAV27CA,中清段,142.83,都市：住
RPSNMLQKJHNFFAV07CA,馬蘭段,124.83,都市：住
RPTNMLQLKIMFFAV37CA,大業段,934.83,非都市：特定農業區 ; 非都市編定：甲種建築用地
RPPOMLQLKIMFFAV07CA,台東段,63.00,都市：住
RPOPMLQLKIMFFAV07CA,龍過脈段,3174.96,非都市：山坡地保育區 ; 非都市編定：農牧用地
RPUNMLRLKIMFFAV57CA,馬蘭段,115.00,都市：住
RPPPMLQLKIMFFAV17CA,台東段,56.00,都市：住
RPPNMLSLKIMFFCV37CA,溪埔段,88.50,都市：工
RPPNMLSLKIMFFCV37CA,溪埔段,232.51,都市：工
RPPNMLRLKIMFFBV27DA,永福段,3127.69,非都市：風景區 ; 非都市編定：農牧用地
RPQNMLSLKIMFFAV37DA,南王段,197.06,都市：住
RPPNMLKMKIMFFCV66CA,溪埔段,781.84,非都市：特定農業區 ; 非都市編定：農牧用地
RPPNMLSLKIMFFDV47CA,秀山段,475.04,非都市：一般農業區 ; 非都市編定：農牧用地
RPRNMLKMKIMFFCV86CA,新福段,2681.44,非都市：特定農業區 ; 非都市編定：農牧用地
RPSNMLKMKIMFFCV96CA,新福段,9096.84,非都市：特定農業區 ; 非都市編定：農牧用地
RPTNMLTLKIMFFAV77DA,自強段,79.00,都市：住
RPWNMLTLKIMFFAV97CA,新中寮段,378.78,都市：農
RPWNMLTLKIMFFAV97CA,新中寮段,18.80,都市：農
RPRNMLMJJHNFFAV09CA,馬蘭段,91.00,都市：住
RPQNMLMJJHNFFAV98CA,馬蘭段,91.00,都市：住
RPQNMLKMKIMFFCV76CA,溪埔段,3213.26,非都市：特定農業區 ; 非都市編定：農牧用地
RPQNMLKMKIMFFCV76CA,溪埔段,2535.68,非都市：特定農業區 ; 非都市編定：農牧用地
RPQOMLMKJHNFFAV56CA,永豐段,755.03,都市：農
RPQOMLMKJHNFFAV56CA,永豐段,2642.26,都市：農
RPQOMLMKJHNFFAV56CA,永豐段,2649.98,都市：農
RPQOMLMKJHNFFAV56CA,永豐段,2650.04,都市：農
RPQOMLMKJHNFFAV56CA,永豐段,3056.27,都市：農
RPPNMLNJJHNFFCV66DA,隆昌段,1037.01,非都市：特定農業區 ; 非都市編定：農牧用地
RPPNMLOJJHNFFCV76DA,中和段,5755.29,非都市：一般農業區 ; 非都市編定：農牧用地
RPPNMLOJJHNFFCV76DA,中和段,454.68,非都市：一般農業區 ; 非都市編定：農牧用地
RPPNMLOJJHNFFCV76DA,中和段,1139.43,非都市：一般農業區 ; 非都市編定：農牧用地
RPPNMLOJJHNFFCV76DA,中和段,3974.70,非都市：一般農業區 ; 非都市編定：農牧用地
RPPNMLOJJHNFFCV76DA,中和段,483.40,非都市：一般農業區 ; 非都市編定：礦業用地
RPPNMLOJJHNFFCV76DA,中和段,493.33,非都市：一般農業區 ; 非都市編定：農牧用地
RPPNMLOJJHNFFCV76DA,中和段,871.15,非都市：一般農業區 ; 非都市編定：農牧用地
RPPNMLOJJHNFFCV76DA,中和段,1773.40,非都市：一般農業區 ; 非都市編定：農牧用地
RPQNMLPJJHNFFAV66CA,普優瑪段,111.61,都市：住
RPXNMLTLKIMFFAV08CA,泰安段,3217.37,非都市：一般農業區 ; 非都市編定：農牧用地
RPPNMLOJJHNFFBV66DA,烏石鼻段,2221.84,非都市：風景區 ; 非都市編定：農牧用地
RPPNMLKLJHNFFBV98CA,南河段,1619.84,都市：其他
RPPNMLKLJHNFFBV98CA,南河段,813.22,都市：其他
RPXNMLNJJHNFFAV17CA,知本段,2103.00,非都市：特定農業區 ; 非都市編定：農牧用地
RPQOMLNJJHNFFAV56CA,建業段,125.95,都市：住
RPSOMLNJJHNFFAV76CA,利家段,60.00,非都市：鄉村區 ; 非都市編定：乙種建築用地
RPSNMLOJJHNFFAV76CA,豐谷段,103.00,都市：住
RPPNMLSJJHNFFCV17DA,武陵段,527.00,非都市：鄉村區 ; 非都市編定：乙種建築用地
RPPNMLMJJHNFFCV56DA,加拿段,899.00,非都市：山坡地保育區 ; 非都市編定：農牧用地
RPPNMLMJJHNFFCV56DA,加拿段,978.00,非都市：山坡地保育區 ; 非都市編定：農牧用地
RPUNMLNJJHNFFAV86CA,龍過脈段,380.97,非都市：山坡地保育區 ; 非都市編定：丙種建築用地
RPSNMLPKJHNFFAV07DA,豐富段,127.86,都市：住
RPSNMLKKJHNFFAV09CA,新生段,119.00,都市：住
RPPNMLPJJHNFFCV76CA,龍田段,20.81,都市：其他
RPPNMLPJJHNFFCV76CA,龍田段,6.41,都市：其他
RPPNMLPJJHNFFCV76CA,龍田段,396.56,都市：住
RPOOMLNJJHNFFAV09DA,初鹿段,740.00,非都市：特定農業區 ; 非都市編定：水利用地
RPWNMLNJJHNFFAV07CA,台東段,58.00,都市：住
RPPNMLOJJHNFFAV09CA,旭川段,2790.07,非都市：特定農業區 ; 非都市編定：農牧用地
RPROMLNJJHNFFAV66CA,東谷段,115.48,都市：住
RPROMLNJJHNFFAV66CA,東谷段,8.22,都市：住
RPVNMLKKJHNFFAV76CA,利家段,4.00,非都市：鄉村區 ; 非都市編定：乙種建築用地
RPQNMLQKJHNFFBV96CA,北八里段,484.00,非都市：風景區 ; 非都市編定：農牧用地
RPQNMLQKJHNFFBV96CA,北八里段,594.42,非都市：風景區 ; 非都市編定：農牧用地
RPQNMLQKJHNFFBV96CA,北八里段,1752.58,非都市：風景區 ; 非都市編定：農牧用地
RPPNMLPJJHNFFBV66CA,新港段八邊小段,2715.00,非都市：風景區 ; 非都市編定：農牧用地
RPPNMLSJJHNFFBV07DA,高原段,2788.00,非都市：森林區 ; 非都市編定：農牧用地
RPPNMLSJJHNFFBV07DA,高原段,2504.00,非都市：森林區 ; 非都市編定：農牧用地
RPQNMLQLJHNFFBV07CA,玉長段,437.98,非都市：鄉村區 ; 非都市編定：乙種建築用地
RPPNMLPLJHNFFBV86CA,玉港段,53.66,非都市：風景區 ; 非都市編定：農牧用地
RPPNMLPLJHNFFBV86CA,玉港段,2116.36,非都市：風景區 ; 非都市編定：農牧用地
RPPNMLPLJHNFFBV86CA,玉港段,393.93,非都市：風景區 ; 非都市編定：農牧用地
RPPNMLPLJHNFFBV86CA,玉港段,200.92,非都市：風景區 ; 非都市編定：農牧用地
RPQNMLPJJHNFFBV76CA,北佳里段,7117.33,非都市：風景區 ; 非都市編定：農牧用地
RPPNMLOLJHNFFBV76CA,大俱來段,109.42,非都市：鄉村區 ; 非都市編定：乙種建築用地
RPSNMLPJJHNFFAV86CA,光明段,123.00,都市：住
RPWNMLKKJHNFFAV86CA,利家段,16.00,非都市：鄉村區 ; 非都市編定：乙種建築用地
RPQNMLSKJHNFFBV17CA,大霸來段,817.22,非都市：風景區 ; 非都市編定：農牧用地
RPSNMLMKJHNFFAV66CA,台東段,146.00,都市：住
RPPNMLQJJHNFFBV76CA,北佳里段,2677.37,非都市：風景區 ; 非都市編定：農牧用地
RPPNMLQJJHNFFBV76CA,北佳里段,2500.00,非都市：風景區 ; 非都市編定：農牧用地
RPPNMLQJJHNFFBV76CA,北佳里段,3333.12,非都市：風景區 ; 非都市編定：農牧用地
RPQNMLTJJHNFFCV27CA,中和段,21.02,非都市：鄉村區 ; 非都市編定：乙種建築用地
RPQNMLTJJHNFFCV27CA,中和段,143.43,非都市：鄉村區 ; 非都市編定：乙種建築用地
RPPOMLPKJHNFFAV76CA,興安段,302.00,都市：住
RPWNMLPKJHNFFAV37CA,梅園段,197.61,非都市：特定農業區 ; 非都市編定：甲種建築用地
RPQNMLMLJHNFFBV66CA,高原段,1820.00,非都市：森林區 ; 非都市編定：農牧用地
RPVNMLTJJHNFFAV57CA,建國段,75.50,都市：住
RPVNMLTJJHNFFAV57CA,建國段,5.50,都市：其他
RPTNMLLKJHNFFDV96CA,秀山段,8.08,都市：住
RPTNMLLKJHNFFDV96CA,秀山段,.00,都市：住
RPQNMLKKJHNFFAV88CA,東海段,75.63,都市：住
RPXNMLLKJHNFFAV07CA,豐谷段,116.67,都市：住
RPXNMLLKJHNFFAV07CA,豐谷段,34.40,都市：住
RPRNMLRKJHNFFAV17DA,中心段,93.00,都市：住
RPWNMLLKJHNFFAV96CA,東海段,75.76,都市：農
RPWNMLLKJHNFFAV96CA,東海段,2.44,都市：其他
RPUNMLLKJHNFFAV76CA,利家段,112.67,非都市：鄉村區 ; 非都市編定：乙種建築用地
RPXNMLKKJHNFFAV96CA,馬蘭段,47.31,都市：住
RPUNMLLKJHNFFAV76CA,利家段,19.75,非都市：鄉村區 ; 非都市編定：乙種建築用地
RPQNMLTJJHNFFAV07CA,東農段,1047.91,非都市：特定農業區 ; 非都市編定：農牧用地
RPTNMLTKJHNFFAV47CA,利家段,50.00,非都市：鄉村區 ; 非都市編定：乙種建築用地
RPUNMLTJJHNFFAV47CA,台東段,3.87,都市：住
RPSNMLTJJHNFFAV27CA,北南王段,107.30,都市：住
RPRNMLTJJHNFFAV17CA,自強段,136.00,都市：住
RPPNMLMLJHNFFAV09CA,建業段,125.21,都市：住
RPQNMLMKJHNFFCV66CA,新興段,5599.93,非都市：特定農業區 ; 非都市編定：農牧用地
RPQNMLMKJHNFFCV66CA,新興段,2866.57,非都市：特定農業區 ; 非都市編定：農牧用地
RPQNMLMKJHNFFCV66CA,新興段,2536.00,非都市：特定農業區 ; 非都市編定：農牧用地
RPPNMLPKJHNFFAV66CA,豐利段,167.79,都市：住
RPPNMLPKJHNFFAV66CA,豐利段,69.32,都市：其他
RPPNMLPKJHNFFAV66CA,豐利段,47.60,都市：住
RPPNMLMJKHNFFCV56CA,慶福段,125.15,都市：商
RPPNMLMJKHNFFCV56CA,慶福段,123.49,都市：商
RPWNMLMKJHNFFAV07CA,豐榮段,44.00,都市：住
RPWNMLMKJHNFFAV07CA,豐榮段,37.00,都市：住
RPQNMLTLJHNFFCV47CA,慶福段,124.96,都市：商
RPQNMLLKJHNFFAV98CA,興安段,243.04,都市：住
RPSNMLLJKHNFFCV76CA,慶福段,125.37,都市：商
RPPNMLLKJHNFFBV98CA,高原段,2500.00,非都市：森林區 ; 非都市編定：農牧用地
RPPNMLLKJHNFFBV98CA,高原段,17350.00,非都市：森林區 ; 非都市編定：農牧用地
RPPNMLLKJHNFFBV98CA,高原段,16705.00,非都市：森林區 ; 非都市編定：農牧用地
RPPNMLLKJHNFFBV98CA,高原段,1490.00,非都市：森林區 ; 非都市編定：農牧用地
RPPNMLLKJHNFFBV98CA,高原段,10425.00,非都市：森林區 ; 非都市編定：農牧用地
RPUNMLLKJHNFFDV07CA,樂山段,341.50,非都市：山坡地保育區 ; 非都市編定：丙種建築用地
RPPNMLLKJHNFFDV56CA,泰王段,101.33,都市：其他
RPPNMLLKJHNFFDV56CA,泰王段,133.56,都市：其他
RPSNMLPLJHNFFBV27DA,高原段,1365.00,非都市：森林區 ; 非都市編定：農牧用地
RPPNMLMKJHNFFCV66DA,慶福段,69.81,都市：住
RPQNMLMKJHNFFDV76CA,秀山段,10.39,都市：住
RPQNMLMKJHNFFDV76CA,秀山段,.00,都市：住
RPPNMLQKJHNFFDV07CA,秀山段,10.39,都市：其他
RPPNMLQKJHNFFDV07CA,秀山段,.00,都市：其他
RPQNMLQKJHNFFDV17CA,秀山段,8.08,都市：其他
RPQNMLQKJHNFFDV17CA,秀山段,.00,都市：其他
RPQNMLPKJHNFFAV76CA,台東段,106.00,都市：住
RPQNMLPKJHNFFAV76CA,台東段,20.00,都市：住
RPSNMLOLJHNFFAV96CA,康樂段,3080.00,非都市：特定農業區 ; 非都市編定：農牧用地
RPSNMLOLJHNFFAV96CA,康樂段,7602.00,非都市：特定農業區 ; 非都市編定：農牧用地
RPOOMLMKJHNFFAV98CA,知本段,988.00,非都市：特定農業區 ; 非都市編定：農牧用地
RPOOMLMKJHNFFAV98CA,知本段,1800.00,非都市：特定農業區 ; 非都市編定：農牧用地
RPXNMLKMJHNFFAV17CA,台東段,11.09,都市：住
RPXNMLKMJHNFFAV17CA,台東段,1.26,都市：住
RPXNMLMKJHNFFAV17CA,台東段,154.00,都市：住
RPRNMLPKJHNFFAV86CA,富岡段,84.91,非都市：鄉村區 ; 非都市編定：乙種建築用地
RPRNMLOLJHNFFAV86CA,建康段,93.60,都市：住
RPPOMLMKJHNFFAV09CA,新園段,452.00,非都市：特定農業區 ; 非都市編定：農牧用地
RPQNMLMKJHNFFAV09CA,知本段,150.00,非都市：特定農業區 ; 非都市編定：甲種建築用地
RPXNMLPKJHNFFAV47CA,龍過脈段,2257.05,非都市：山坡地保育區 ; 非都市編定：農牧用地
RPXNMLPKJHNFFAV47CA,龍過脈段,5568.43,非都市：山坡地保育區 ; 非都市編定：農牧用地
RPPNMLRKJHNFFCV07CA,錦富段,3973.27,非都市：特定農業區 ; 非都市編定：農牧用地
RPPNMLRKJHNFFCV07CA,錦富段,8161.63,非都市：特定農業區 ; 非都市編定：農牧用地
RPPNMLRKJHNFFAV86CA,台東段,147.00,都市：住
RPPNMLRKJHNFFAV86CA,台東段,123.00,都市：住
RPPNMLMKJHNFFAV98CA,富岡段,69.91,非都市：鄉村區 ; 非都市編定：乙種建築用地
RPTNMLPKJHNFFAV07CA,自強段,54.03,都市：住
RPRNMLMKJHNFFAV56CA,台東段,111.00,都市：住
RPRNMLSKJHNFFBV27CA,田組段,4078.09,非都市：風景區 ; 非都市編定：農牧用地
RPPNMLTKJHNFFDV47DA,尚武段,77.03,都市：住
RPTNMLMKJHNFFAV76CA,豐年段,55.76,都市：住
RPPNMLQKJHNFFAV86DA,永清段,7.07,都市：商
RPPNMLMKJHNFFBV09CA,萬年段,84.00,非都市：鄉村區 ; 非都市編定：乙種建築用地
RPPNMLRJKHNFFAV86CA,台東段,166.00,都市：住
RPVNMLQJKHNFFAV37CA,自強段,68.88,都市：住
RPPNMLPKJHNFFDV96CA,秀山段,10.39,都市：其他
RPPNMLPKJHNFFDV96CA,秀山段,.00,都市：其他
RPPNMLLJKHNFFCV09CA,溪埔段,207.09,都市：工
RPQNMLQKJHNFFAV96DA,永清段,11.59,都市：商
RPTOMLRJKHNFFAV47DA,馬蘭段,5.05,都市：住
RPTOMLRJKHNFFAV47DA,馬蘭段,5.95,都市：住
RPRNMLSKJHNFFAV27DA,新生段,15.13,都市：住
RPWNMLQJKHNFFAV47CA,自強段,68.88,都市：住
RPQNMLRJKHNFFAV96CA,建和段,3115.53,非都市：特定農業區 ; 非都市編定：農牧用地
RPTNMLRKJHNFFAV27CA,知本段,479.50,非都市：特定農業區 ; 非都市編定：農牧用地
RPTNMLQKJHNFFAV27DA,永清段,57.68,都市：商
RPSNMLSKJHNFFAV27CA,上岩灣段,2346.50,非都市：特定農業區 ; 非都市編定：農牧用地
RPRNMLRJKHNFFAV07CA,德安段,28.26,都市：住
RPRNMLRJKHNFFAV07CA,德安段,.20,都市：住
RPRNMLRJKHNFFAV07CA,德安段,2.61,都市：住
RPRNMLRJKHNFFAV07CA,德安段,.05,都市：住
RPVNMLPKJHNFFAV27CA,永豐段,6712.37,都市：農
RPPNMLRJKHNFFCV07CA,里段,102.06,都市：商
RPPNMLRJKHNFFCV07CA,里段,20.82,都市：商
RPSNMLRKJHNFFAV17CA,建興段,99.00,都市：住
RPPNMLQKJHNFFBV86CA,高原段,8069.00,非都市：森林區 ; 非都市編定：農牧用地
RPQNMLRJKHNFFCV17CA,鸞山段,780.00,非都市：山坡地保育區 ; 非都市編定：農牧用地
RPQNMLRJKHNFFCV17CA,鸞山段,3150.00,非都市：山坡地保育區 ; 非都市編定：農牧用地
RPQNMLRJKHNFFCV17CA,鸞山段,3070.00,非都市：山坡地保育區 ; 非都市編定：農牧用地
RPTNMLSKJHNFFAV37CA,東谷段,79.19,都市：住
RPXNMLQJKHNFFAV57CA,自強段,68.88,都市：住
RPTNMLSKJHNFFAV37CA,東谷段,23.54,都市：住
RPPNMLTKJHNFFCV27CA,大原段,873.00,非都市：特定農業區 ; 非都市編定：甲種建築用地
RPRNMLLMJHNFFCV86CA,水井段,98.19,非都市：特定農業區 ; 非都市編定：水利用地
RPRNMLLMJHNFFCV86CA,水井段,911.23,非都市：特定農業區 ; 非都市編定：農牧用地
RPRNMLLMJHNFFCV86CA,水井段,278.69,非都市：特定農業區 ; 非都市編定：農牧用地
RPRNMLLMJHNFFCV86CA,水井段,3557.63,非都市：特定農業區 ; 非都市編定：農牧用地
RPRNMLLMJHNFFCV86CA,水井段,74.98,非都市：特定農業區 ; 非都市編定：水利用地
RPRNMLLMJHNFFCV86CA,水井段,2942.19,非都市：特定農業區 ; 非都市編定：農牧用地
RPRNMLLMJHNFFCV86CA,水井段,3061.30,非都市：特定農業區 ; 非都市編定：農牧用地
RPRNMLLMJHNFFCV86CA,水井段,3170.41,非都市：特定農業區 ; 非都市編定：農牧用地
RPPOMLRJKHNFFAV96CA,興安段,139.35,都市：住
RPUNMLNLJHNFFAV17DA,東興段,207.73,非都市：特定農業區 ; 非都市編定：特定目的事業用地
RPQNMLTKJHNFFAV17CA,台東段,220.00,都市：住
RPVNMLOLJHNFFAV27CA,利家段,115.00,非都市：特定農業區 ; 非都市編定：甲種建築用地
RPPNMLSKJHNFFBV07CA,南八里段,1086.44,非都市：風景區 ; 非都市編定：農牧用地
RPVNMLSKJHNFFAV57CA,東海段,118.10,都市：住
RPPNMLSKJHNFFAV96CA,豐康段,14.84,都市：住
RPPNMLSKJHNFFAV96CA,豐康段,5.64,都市：住
RPQNMLSKJHNFFAV07CA,南王段,87.68,都市：住
RPUNMLSKJHNFFAV47CA,豐年段,57.00,都市：住
RPTOMLTKJHNFFAV57CA,豐聖段,74.19,都市：住
RPSOMLTKJHNFFAV47CA,豐聖段,72.26,都市：住
RPPNMLTLJHNFFBV27CA,東河段,14.76,都市：住
RPPNMLTLJHNFFBV27CA,東河段,71.82,都市：住
RPPNMLMLJHNFFBV56CA,三民段,503.64,都市：其他
RPSNMLLJKHNFFAV56CA,台東段,79.00,都市：住
RPROMLTKJHNFFAV37CA,台東段,43.64,都市：住
RPRNMLMLJHNFFAV76DA,下賓朗段,471.18,非都市：一般農業區 ; 非都市編定：水利用地
RPPNMLMLJHNFFCV76DA,萬福段,1699.39,非都市：特定農業區 ; 非都市編定：農牧用地
RPOOMLTKJHNFFAV17DA,富岡段,144.86,非都市：鄉村區 ; 非都市編定：乙種建築用地
RPPOMLTKJHNFFAV17CA,澱粉段,12.16,非都市：特定農業區 ; 非都市編定：交通用地
RPPOMLTKJHNFFAV17CA,澱粉段,7.36,非都市：特定農業區 ; 非都市編定：交通用地
RPPOMLTKJHNFFAV17CA,澱粉段,178.00,非都市：特定農業區 ; 非都市編定：農牧用地
RPVOMLTKJHNFFAV77CA,梅園段,133.32,非都市：鄉村區 ; 非都市編定：乙種建築用地
RPPNMLNLJHNFFAV56CA,建華段,514.28,都市：農
RPPNMLNLJHNFFAV56CA,建華段,172.06,都市：農
RPWNMLOLJHNFFAV37CA,永清段,97.19,都市：住
RPWNMLOLJHNFFAV37CA,永清段,16.83,都市：住
RPWNMLNLJHNFFAV27CA,中正段,90.00,都市：住
RPQNMLMLJHNFFAV56CA,豐榮段,102.95,都市：住
RPTNMLNLJHNFFAV96CA,豐康段,117.82,都市：住
RPTNMLNLJHNFFAV96CA,豐康段,9.10,都市：住
RPUNMLNKKHNFFAV17DA,台東段,8.36,都市：住
RPSNMLNLJHNFFAV86CA,利家段,9400.00,非都市：特定農業區 ; 非都市編定：農牧用地
RPPNMLTLJHNFFCV37CA,水井段,389.29,非都市：一般農業區 ; 非都市編定：農牧用地
RPTNMLNKKHNFFAV96CA,台東段,48.00,都市：商
RPTNMLNKKHNFFAV96CA,台東段,44.00,都市：商
RPQNMLNLJHNFFAV76DA,大南段,2100.00,非都市：山坡地保育區 ; 非都市編定：農牧用地
RPPNMLMLJHNFFDV76CA,馬武段,21304.00,非都市：森林區 ; 非都市編定：林業用地
RPRNMLNLJHNFFAV76CA,台東段,49.00,都市：住
RPSNMLOKKHNFFAV96CA,豐利段,34.98,都市：住
RPSNMLOKKHNFFAV96CA,豐利段,807.31,都市：住
RPSNMLOKKHNFFAV96CA,豐利段,23.23,都市：住
RPSNMLOKKHNFFAV96CA,豐利段,657.00,都市：其他
RPSNMLOKKHNFFAV96CA,豐利段,672.18,都市：其他
RPSNMLOKKHNFFAV96CA,豐利段,46.73,都市：住
RPSNMLOKKHNFFAV96CA,豐利段,3.88,都市：其他
RPQNMLPLJHNFFAV86CA,泰安段,2520.21,非都市：一般農業區 ; 非都市編定：農牧用地
RPTNMLTLJHNFFBV67CA,阿都蘭段,1962.31,非都市：風景區 ; 非都市編定：農牧用地
RPPNMLQKQHNFFCV77DA,萬福段,2831.84,非都市：特定農業區 ; 非都市編定：農牧用地
RPQNMLOLJHNFFDV07CA,秀山段,7.72,都市：其他
RPPNMLQLJHNFFCV07CA,中福段,17.15,都市：其他
RPPNMLQLJHNFFCV07CA,里段,53.30,都市：商
RPPNMLQLJHNFFCV07CA,里段,123.38,都市：商
RPSNMLPLJHNFFAV17DA,台東段,74.00,都市：住
RPVNMLPLJHNFFAV37CA,利家段,79.00,非都市：鄉村區 ; 非都市編定：乙種建築用地
RPTNMLOLJHNFFAV07CA,東海段,133.27,都市：住
RPUNMLOLJHNFFAV17CA,岩灣段,184.76,都市：住
RPQNMLPLJHNFFBV96CA,南河段,29.04,都市：其他
RPQNMLPLJHNFFBV96CA,南河段,577.98,都市：住
RPQNMLPLJHNFFBV96CA,南河段,139.62,都市：住
RPRNMLMJKHNFFAV56CA,南清段,120.91,都市：住
RPPNMLOLJHNFFAV66CA,自強段,136.00,都市：住
RPRNMLOKKHNFFAV86CA,自強段,95.99,都市：住
RPPNMLQLJHNFFBV96CA,南都蘭段,1005.84,非都市：風景區 ; 非都市編定：農牧用地
RPUNMLOKKHNFFAV17CA,常德段,282.17,都市：住
RPPNMLLMJHNFFBV56CA,忠勇段,88.57,都市：商
RPQOMLNKKHNFFAV76CA,馬蘭段,40.42,都市：住
RPOOMLNKKHNFFAV56CA,台東段,44.00,都市：住
RPROMLRJKHNFFAV17CA,德安段,21.26,都市：住
RPROMLRJKHNFFAV17CA,德安段,.15,都市：住
RPROMLRJKHNFFAV17CA,德安段,1.96,都市：住
RPROMLRJKHNFFAV17CA,德安段,.04,都市：住
RPPNMLTLJHNFFAV17CA,知本段,1020.00,非都市：特定農業區 ; 非都市編定：農牧用地
RPSNMLRJKHNFFAV17CA,台東段,124.00,都市：住
RPSNMLRJKHNFFAV17CA,台東段,54.00,都市：住
RPPNMLRLJHNFFBV07CA,成功段,174.80,都市：住
RPPNMLRLJHNFFBV07CA,成功段,6.55,都市：其他
RPRNMLTLJHNFFBV47CA,成功段,82.58,都市：住
RPQNMLTLJHNFFBV37CA,成功段,2864.02,都市：住
RPQNMLTLJHNFFBV37CA,成功段,275.24,都市：住
RPQNMLTLJHNFFBV37CA,成功段,184.92,都市：住
RPQNMLKMJHNFFAV09CA,豐里段,2098.63,非都市：特定農業區 ; 非都市編定：農牧用地
RPQNMLKMJHNFFAV09CA,豐里段,2031.80,非都市：特定農業區 ; 非都市編定：農牧用地
RPWNMLTLJHNFFAV87CA,富岡南段,238.77,非都市：鄉村區 ; 非都市編定：乙種建築用地
RPRNMLQLJHNFFAV07CA,台東段,281.00,都市：住
RPPNMLQLJHNFFAV86CA,知本段,2500.00,非都市：特定農業區 ; 非都市編定：農牧用地
RPPNMLQLJHNFFAV86CA,知本段,2787.00,非都市：特定農業區 ; 非都市編定：農牧用地
RPPOMLKMJHNFFAV09CA,台東段,33.95,都市：住
RPSNMLTLJHNFFBV57CA,新美山段,174.13,非都市：風景區 ; 非都市編定：農牧用地
RPSNMLTLJHNFFBV57CA,新美山段,174.13,非都市：風景區 ; 非都市編定：農牧用地
RPSNMLTLJHNFFBV57CA,新美山段,174.13,非都市：風景區 ; 非都市編定：農牧用地
RPSNMLTLJHNFFBV57CA,新美山段,220.98,非都市：風景區 ; 非都市編定：農牧用地
RPSNMLTLJHNFFBV57CA,新美山段,220.98,非都市：風景區 ; 非都市編定：農牧用地
RPSNMLTLJHNFFBV57CA,新美山段,220.98,非都市：風景區 ; 非都市編定：農牧用地
RPPNMLSJKHNFFAV96CA,豐田段,501.00,都市：住
RPPNMLSJKHNFFAV96CA,豐田段,161.00,都市：住
RPPNMLSJKHNFFAV96CA,豐田段,473.00,都市：住
RPPNMLSJKHNFFAV96CA,豐田段,40.00,都市：住
RPPNMLSJKHNFFAV96CA,豐田段,1791.00,都市：住
RPPNMLSJKHNFFAV96CA,豐田段,69.00,都市：住
RPPNMLSJKHNFFAV96CA,豐田段,46.00,都市：住
RPPNMLSJKHNFFAV96CA,豐田段,55.00,都市：住
RPPNMLSJKHNFFAV96CA,豐田段,2.00,都市：其他
RPXNMLTLJHNFFAV97CA,台東段,28.00,都市：商
RPXNMLTLJHNFFAV97CA,台東段,110.00,都市：商
RPXNMLTLJHNFFAV97CA,台東段,26.00,都市：商
RPPNMLNKKHNFFBV66CA,高原段,4.00,非都市：鄉村區 ; 非都市編定：乙種建築用地
RPPNMLNKKHNFFBV66CA,高原段,5.00,非都市：鄉村區 ; 非都市編定：乙種建築用地
RPRNMLMKKHNFFBV76CA,忠智段,153.53,都市：住
RPQNMLNKKHNFFBV76CA,高原段,2.00,非都市：鄉村區 ; 非都市編定：乙種建築用地
RPOOMLRJKHNFFAV86CA,馬蘭段,125.00,都市：住
RPPNMLQJKHNFFBV86CA,三民段,201.25,都市：住
RPPNMLKMJHNFFCV56CA,武陵段,494.00,非都市：山坡地保育區 ; 非都市編定：農牧用地
RPRNMLLMJHNFFAV66CA,台東段,249.00,都市：住
RPQNMLLMJHNFFAV56CA,東海段,316.69,都市：農
RPTNMLLMJHNFFAV86CA,台東段,17.00,都市：住
RPTNMLLMJHNFFAV86CA,台東段,52.00,都市：住
RPQNMLLJKHNFFAV98CA,路頂段,1500.16,非都市：特定農業區 ; 非都市編定：農牧用地
RPQNMLLJKHNFFAV98CA,路頂段,1500.16,非都市：特定農業區 ; 非都市編定：農牧用地
RPUNMLTJKHNFFAV57CA,台東段,132.00,都市：商
RPUNMLKMJHNFFAV86CA,知本段,2046.00,非都市：特定農業區 ; 非都市編定：農牧用地
RPUNMLMJKHNFFAV86CA,台東段,72.00,都市：住
RPVNMLTLJHNFFAV77CA,利吉段,5657.65,非都市：山坡地保育區 ; 非都市編定：農牧用地
RPOOMLKMJHNFFAV98CA,利家段,20.52,非都市：鄉村區 ; 非都市編定：乙種建築用地
RPWNMLKMJHNFFAV07CA,中清段,116.55,都市：住
RPVNMLKMJHNFFAV96CA,台東段,86.00,都市：住
RPVNMLKMJHNFFAV96CA,台東段,86.00,都市：住
RPUNMLTLJHNFFAV67CA,利吉段,4022.28,非都市：山坡地保育區 ; 非都市編定：農牧用地
RPUNMLLMJHNFFAV96CA,自強段,88.00,都市：住
RPSNMLLMJHNFFAV76CA,梧州段,160.15,都市：住
RPVNMLLJKHNFFAV86CA,豐榮段,57.00,都市：住
RPVNMLLJKHNFFAV86CA,豐榮段,33.00,都市：其他
RPUNMLLJKHNFFAV76CA,東海段,29.97,都市：住
RPPNMLKMJHNFFDV66CA,秀山段,7.50,都市：商
RPWNMLLJKHNFFAV96CA,豐年段,52.16,都市：住
RPWNMLLJKHNFFAV96CA,豐年段,52.16,都市：住
RPROMLNKKHNFFAV86CA,建成段,94.33,都市：住
RPVNMLNKKHNFFAV17CA,永清段,151.70,都市：住
RPQNMLMJKHNFFBV56CA,中柄段,101.01,非都市：風景區 ; 非都市編定：交通用地
RPQNMLMJKHNFFBV56CA,中柄段,2949.37,非都市：風景區 ; 非都市編定：農牧用地
RPPNMLNLKHNFFBV76CA,高原段,127.00,非都市：鄉村區 ; 非都市編定：乙種建築用地
RPRNMLLJKHNFFAV09CA,中正段,139.00,都市：住
RPPNMLLJKHNFFBV98CA,新都威段,3059.02,非都市：風景區 ; 非都市編定：農牧用地
RPRNMLLJKHNFFCV66CA,東明段,702.32,非都市：特定農業區 ; 非都市編定：農牧用地
RPRNMLLJKHNFFCV66CA,東明段,4769.55,非都市：一般農業區 ; 非都市編定：農牧用地
RPQNMLLJKHNFFCV56CA,龍田段,51.32,都市：其他
RPQNMLLJKHNFFCV56CA,龍田段,228.20,都市：住
RPQNMLLJLHNFFCV66CA,豐泉段,148.98,都市：住
RPTNMLLJKHNFFAV66CA,中正段,154.00,都市：住
RPPNMLLMJHNFFAV09CA,新生段,13.65,都市：住
RPRNMLPJKHNFFAV86CA,馬蘭段,348.00,都市：住
RPQNMLQJKHNFFAV86CA,台東段,3.76,都市：住
RPQNMLQJKHNFFAV86CA,台東段,.02,都市：住
RPWNMLMJKHNFFAV07CA,豐榮段,97.22,都市：住
RPWNMLMJKHNFFAV07CA,豐榮段,37.72,都市：住
RPVNMLMJKHNFFAV96CA,豐年段,20.65,都市：住
RPQNMLPJKHNFFAV76CA,台東段,11.48,都市：住
RPPNMLLJKHNFFAV88CA,豐年段,90.28,都市：住
RPSNMLMJKHNFFAV76DA,台東段,53.00,都市：其他
RPSOMLRJKHNFFAV37DA,下賓朗段,71.00,非都市：特定農業區 ; 非都市編定：水利用地
RPQNMLMJKHNFFAV09CA,台東段,39.48,都市：住
RPRNMLQJKHNFFAV07DA,利家段,230.00,非都市：山坡地保育區 ; 非都市編定：丙種建築用地
RPRNMLQJKHNFFAV07DA,利家段,172.50,非都市：山坡地保育區 ; 非都市編定：農牧用地
RPTNMLMKKHNFFAV86CA,利家段,121.00,非都市：鄉村區 ; 非都市編定：乙種建築用地
RPTNMLRJKHNFFAV27CA,利泰段,39.84,非都市：特定農業區 ; 非都市編定：農牧用地
RPTNMLRJKHNFFAV27CA,利泰段,57.53,非都市：特定農業區 ; 非都市編定：農牧用地
RPTNMLRJKHNFFAV27CA,利泰段,4027.97,非都市：特定農業區 ; 非都市編定：農牧用地
RPQNMLPJKHNFFCV96CA,大原段,7215.00,非都市：特定農業區 ; 非都市編定：農牧用地
RPPNMLPJKHNFFCV96DA,豐泉段,110.66,都市：住
RPROMLTJKHNFFAV37CA,馬蘭段,76.00,都市：住
RPOOMLTJKHNFFAV07CA,台東段,15.00,都市：住
RPVNMLRJKHNFFAV47CA,馬蘭段,124.00,都市：住
RPUOMLRJKHNFFAV47CA,東海段,1954.24,都市：住
RPQOMLOKKHNFFAV86CA,台東段,85.00,都市：商
RPUNMLRJKHNFFAV37CA,豐年段,41.45,都市：住
RPUNMLRJKHNFFAV37CA,豐年段,73.04,都市：住
RPPNMLKLKHNFFAV98CA,康樂段,4865.00,非都市：特定農業區 ; 非都市編定：農牧用地
RPWNMLRJKHNFFAV57CA,馬蘭段,132.00,都市：住
RPPOMLTJKHNFFAV17CA,台東段,54.25,都市：住
RPRNMLSJKHNFFAV17CA,馬蘭段,132.00,都市：住
RPSNMLPJKHNFFAV96CA,永清段,570.30,都市：住
RPTNMLPJKHNFFAV07CA,永清段,43.30,都市：住
RPTNMLPJKHNFFAV07CA,永清段,73.48,都市：住
RPTNMLPJKHNFFAV07CA,永清段,385.71,都市：住
RPXNMLRJKHNFFAV67CA,合江段,203.89,非都市：鄉村區 ; 非都市編定：乙種建築用地
RPXNMLRJKHNFFAV67CA,合江段,5.66,非都市：鄉村區 ; 非都市編定：乙種建築用地
RPSNMLQJKHNFFAV07CA,北南王段,895.64,都市：農
RPSNMLQJKHNFFAV07CA,北南王段,84.45,都市：農
RPSNMLQJKHNFFAV07CA,北南王段,132.86,都市：其他
RPPNMLMJKHNFFBV09CA,萬年段,248.00,非都市：鄉村區 ; 非都市編定：乙種建築用地
RPPNMLMJKHNFFBV09CA,萬年段,62.00,非都市：鄉村區 ; 非都市編定：乙種建築用地
RPXOMLRJKHNFFAV77CA,馬蘭段,106.00,都市：住
RPQOMLRJKHNFFAV07CA,利家段,55.93,非都市：鄉村區 ; 非都市編定：乙種建築用地
RPQOMLRJKHNFFAV07CA,利家段,55.93,非都市：鄉村區 ; 非都市編定：乙種建築用地
RPQOMLRJKHNFFAV07CA,利家段,9.81,非都市：鄉村區 ; 非都市編定：乙種建築用地
RPQOMLRJKHNFFAV07CA,利家段,9.81,非都市：鄉村區 ; 非都市編定：乙種建築用地
RPVNMLTJKHNFFAV67CA,豐年段,59.82,都市：住
RPVNMLTJKHNFFAV67CA,豐年段,20.92,都市：其他
RPWNMLNKKHNFFAV27CA,利卡夢段,32.68,非都市：特定農業區 ; 非都市編定：甲種建築用地
RPWNMLNKKHNFFAV27CA,利卡夢段,32.68,非都市：特定農業區 ; 非都市編定：甲種建築用地
RPQNMLLLKHNFFAV56CA,豐利段,49.03,都市：住
RPPNMLKKKHNFFAV88CA,豐成段,84.56,非都市：特定農業區 ; 非都市編定：甲種建築用地
RPTNMLMJLHNFFAV86CA,台東段,18.00,都市：商
RPTNMLMJLHNFFAV86CA,台東段,20.00,都市：商
RPTNMLQJKHNFFAV17CA,普優瑪段,123.91,都市：住
RPQNMLMKKHNFFAV56CA,台東段,90.00,都市：住
RPUNMLQJKHNFFAV27CA,中心段,173.00,都市：住
RPUNMLQJKHNFFAV27CA,中心段,43.00,都市：住
RPUNMLQJKHNFFAV27CA,中心段,38.50,都市：住
RPPNMLSJKHNFFBV07CA,成功段,42.87,都市：住
RPPNMLSJKHNFFBV07CA,成功段,42.87,都市：住
RPPNMLSJKHNFFBV07CA,成功段,42.94,都市：住
RPPNMLSJKHNFFBV07CA,成功段,42.94,都市：住
RPRNMLSJKHNFFCV37CA,隆盛段,92.03,非都市：特定農業區 ; 非都市編定：甲種建築用地
RPQNMLNKKHNFFCV86CA,大埔段,75.54,都市：住
RPQNMLNKKHNFFCV86CA,大埔段,68.28,都市：住
RPQNMLSJKHNFFCV27CA,溪埔段,391.73,非都市：特定農業區 ; 非都市編定：農牧用地
RPQNMLSJKHNFFCV27CA,溪埔段,3.09,非都市：特定農業區 ; 非都市編定：交通用地
RPRNMLRJKHNFFCV27CA,新興段,4084.79,非都市：特定農業區 ; 非都市編定：農牧用地
RPSNMLRJKHNFFCV47DA,豐泉段,3.47,都市：住
RPRNMLTJKHNFFCV47CA,中和段,881.00,非都市：特定農業區 ; 非都市編定：農牧用地
SPVNMLMKKHNFFAV27DA,光明段,1102.00,都市：其他
RPVNMLMKKHNFFAV17DA,光明段,34.00,都市：其他
TPVNMLMKKHNFFAV37DA,光明段,10.00,都市：其他
VPVNMLMKKHNFFAV57DA,光明段,2368.00,都市：其他
RPPNMLRJKHNFFDV27DA,大竹段,4582.00,非都市：森林區 ; 非都市編定：林業用地
WPVNMLMKKHNFFAV67DA,光明段,384.00,都市：其他
RPQNMLRJKHNFFDV27CA,多良段,710.00,非都市：鄉村區 ; 非都市編定：乙種建築用地
UPVNMLMKKHNFFAV47DA,光明段,5.00,都市：其他
RPPNMLTJKHNFFDV47DA,嘉蘭段,144.00,非都市：山坡地保育區 ; 非都市編定：農牧用地
XPVNMLMKKHNFFAV77DA,光明段,1008.00,都市：其他
RPRNMLMKKHNFFAV66CA,台東段,133.00,都市：住
RPSNMLMKKHNFFAV76CA,豐年段,46.11,都市：住
RPUOMLTJKHNFFAV67CA,永豐段,220.17,都市：住
RPUOMLTJKHNFFAV67CA,永豐段,163.20,都市：住
RPQOMLTJKHNFFAV27CA,中心段,89.00,都市：住
RPWNMLOKKHNFFAV37CA,豐航段,72.13,都市：住
RPSOMLTJKHNFFAV47CA,豐航段,313.15,都市：農
RPSOMLTJKHNFFAV47CA,豐航段,699.20,都市：農
RPSOMLTJKHNFFAV47CA,豐航段,1397.45,都市：農
RPSOMLTJKHNFFAV47CA,豐航段,204.22,都市：農
RPSNMLTJKHNFFAV37CA,豐樂段,99.00,都市：住
RPWNMLTJKHNFFAV77CA,自強段,152.00,都市：住
RPPNMLOKKHNFFAV66CA,台東段,13.00,都市：住
RPPNMLOKKHNFFAV66CA,台東段,8.00,都市：住
RPPNMLOKKHNFFAV66CA,台東段,60.00,都市：住
RPPNMLMKKHNFFBV56CA,北八里段,7089.32,非都市：風景區 ; 非都市編定：農牧用地
RPPNMLMKKHNFFBV56CA,北八里段,460.21,非都市：風景區 ; 非都市編定：農牧用地
RPPNMLTJKHNFFCV27CA,里段,51.85,都市：商
RPRNMLNKKHNFFCV96CA,鹿野段,1068.00,非都市：特定農業區 ; 非都市編定：農牧用地
RPRNMLNKKHNFFCV96CA,鹿野段,920.00,非都市：特定農業區 ; 非都市編定：農牧用地
RPRNMLNKKHNFFCV96CA,鹿野段,593.00,非都市：特定農業區 ; 非都市編定：農牧用地
RPQNMLTJKHNFFAV17CA,豐榮段,20.00,都市：住
RPQNMLTJKHNFFAV17CA,豐榮段,20.00,都市：住
RPQNMLTJKHNFFAV17CA,豐榮段,25.00,都市：住
RPQNMLTJKHNFFAV17CA,豐榮段,25.00,都市：住
RPTNMLTJKHNFFAV47CA,常德段,79.90,都市：住
RPQNMLOKKHNFFCV96CA,南山段,99.32,都市：住
RPRNMLLJLHNFFAV56CA,豐康段,71.24,非都市：特定農業區 ; 非都市編定：甲種建築用地
RPPNMLMLKHNFFAV56CA,建樂段,14.31,都市：住
