﻿鄉鎮市區,交易標的,土地區段位置建物區段門牌,土地移轉總面積平方公尺,都市土地使用分區,非都市土地使用分區,非都市土地使用編定,交易年月日,交易筆棟數,移轉層次,總樓層數,建物型態,主要用途,主要建材,建築完成年月,建物移轉總面積平方公尺,建物現況格局-房,建物現況格局-廳,建物現況格局-衛,建物現況格局-隔間,有無管理組織,總價元,單價元平方公尺,車位類別,車位移轉總面積平方公尺,車位總價元,備註,編號
The villages and towns urban district,transaction sign,land sector position building sector house number plate,land shifting total area square meter,the use zoning or compiles and checks,the non-metropolis land use district,non-metropolis land use,transaction year month and day,transaction pen number,shifting level,total floor number,building state,main use,main building materials,construction to complete the years,building shifting total area,Building present situation pattern - room,building present situation pattern - hall,building present situation pattern - health,building present situation pattern - compartmented,Whether there is manages the organization,total price NTD,the unit price (NTD / square meter),the berth category,berth shifting total area square meter,the berth total price NTD,the note,serial number
東引鄉,土地,東引西段721~750地號,65.82,商,,,1061121,土地2建物0車位0,,,其他,,,,0.0,0,0,0,有,無,500000,7596,,0.0,0,,RPQNMLRJKIMFFAZ47DA
東引鄉,土地,東引西段751~780地號,62.21,其他,,,1061124,土地1建物0車位0,,,其他,,,,0.0,0,0,0,有,無,25000,402,,0.0,0,,RPPNMLRJKIMFFAZ37DA
東引鄉,土地,東引西段1231~1260地號,182.97,其他,,,1061220,土地2建物0車位0,,,其他,,,,0.0,0,0,0,有,無,70570,386,,0.0,0,,RPPNMLOJJHNFFAZ96DA
北竿鄉,土地,大坵段121~150地號,287.28,其他,,,1061129,土地2建物0車位0,,,其他,,,,0.0,0,0,0,有,無,101989,355,,0.0,0,,RPPNMLPKJHNFFAZ07CA
東引鄉,土地,東引西段1051~1080地號,30.73,其他,,,1061205,土地1建物0車位0,,,其他,,,,0.0,0,0,0,有,無,11370,370,,0.0,0,,RPPNMLMLJHNFFAZ96DA
北竿鄉,土地,橋仔段151~180地號,119.31,住,,,1061228,土地1建物0車位0,,,其他,,,,0.0,0,0,0,有,無,1500000,12572,,0.0,0,,RPPNMLRJKHNFFAZ37DA
南竿鄉,土地,介壽段661~690地號,14.54,其他,,,1070111,土地1建物0車位0,,,其他,,,,0.0,0,0,0,有,無,150000,10316,,0.0,0,,RPPNMLSJKHNFFAZ37CA
