﻿鄉鎮市區,交易標的,土地區段位置建物區段門牌,土地移轉總面積平方公尺,都市土地使用分區,非都市土地使用分區,非都市土地使用編定,交易年月日,交易筆棟數,移轉層次,總樓層數,建物型態,主要用途,主要建材,建築完成年月,建物移轉總面積平方公尺,建物現況格局-房,建物現況格局-廳,建物現況格局-衛,建物現況格局-隔間,有無管理組織,總價元,單價元平方公尺,車位類別,車位移轉總面積平方公尺,車位總價元,備註,編號
The villages and towns urban district,transaction sign,land sector position building sector house number plate,land shifting total area square meter,the use zoning or compiles and checks,the non-metropolis land use district,non-metropolis land use,transaction year month and day,transaction pen number,shifting level,total floor number,building state,main use,main building materials,construction to complete the years,building shifting total area,Building present situation pattern - room,building present situation pattern - hall,building present situation pattern - health,building present situation pattern - compartmented,Whether there is manages the organization,total price NTD,the unit price (NTD / square meter),the berth category,berth shifting total area square meter,the berth total price NTD,the note,serial number
中山區,房地(土地+建物),長安段一小段91~120地號,12.22,住,,,1020613,土地1建物1車位0,六層,6,套房(1房1廳1衛),住家用,鋼筋混凝土造,,69.19,1,1,1,有,無,20880000,301778,,0.0,0,,RPUQMLPLJIIFFCA08DB
中山區,房地(土地+建物)+車位,長安段一小段91~120地號,10.89,住,,,1020613,土地1建物1車位2,六層,6,套房(1房1廳1衛),住家用,鋼筋混凝土造,,71.53,1,1,1,有,無,18560000,233528,升降機械,4.9,3000000,,RPWQMLPLJIIFFCA28DB
中山區,房地(土地+建物),長安段一小段91~120地號,13.51,住,,,1020615,土地1建物1車位0,五層,6,套房(1房1廳1衛),住家用,鋼筋混凝土造,,62.64,1,1,1,有,無,20000000,319285,,0.0,0,,RPXQMLPLJIIFFCA38DB
中山區,房地(土地+建物),長安段一小段91~120地號,13.51,住,,,1020615,土地1建物1車位0,五層,6,套房(1房1廳1衛),住家用,鋼筋混凝土造,,62.64,1,1,1,有,無,19900000,317688,,0.0,0,,RPORMLPLJIIFFCA57DB
中山區,房地(土地+建物),長安段一小段91~120地號,14.23,住,,,1020616,土地1建物1車位0,二層,6,套房(1房1廳1衛),住家用,鋼筋混凝土造,,65.96,1,1,1,有,無,19000000,288053,,0.0,0,,RPPRMLPLJIIFFCA67DB
中山區,房地(土地+建物),長安段一小段91~120地號,12.22,住,,,1020617,土地1建物1車位0,一層,6,套房(1房1廳1衛),住家用,鋼筋混凝土造,,56.62,1,1,1,有,無,21000000,370894,,0.0,0,,RPQRMLPLJIIFFCA77DB
中山區,房地(土地+建物),長安段一小段91~120地號,14.23,住,,,1020621,土地1建物1車位0,二層,6,套房(1房1廳1衛),住家用,鋼筋混凝土造,,65.96,1,1,1,有,無,19140000,290176,,0.0,0,,RPRRMLPLJIIFFCA87DB
中山區,房地(土地+建物),長安段一小段91~120地號,14.23,住,,,1020624,土地1建物1車位0,三層,6,套房(1房1廳1衛),住家用,鋼筋混凝土造,,65.96,1,1,1,有,無,19550000,296392,,0.0,0,,RPSRMLPLJIIFFCA97DB
中山區,房地(土地+建物),長安段一小段91~120地號,14.23,住,,,1020712,土地1建物1車位0,三層,6,套房(1房1廳1衛),住家用,鋼筋混凝土造,,65.96,1,1,1,有,無,19350000,293360,,0.0,0,,RPTRMLPLJIIFFCA08DB
中山區,房地(土地+建物),長安段一小段91~120地號,14.23,住,,,1020717,土地1建物1車位0,四層,6,套房(1房1廳1衛),住家用,鋼筋混凝土造,,65.96,1,1,1,有,無,19250000,291844,,0.0,0,,RPURMLPLJIIFFCA18DB
中山區,房地(土地+建物),長安段一小段91~120地號,13.51,住,,,1020717,土地1建物1車位0,四層,6,套房(1房1廳1衛),住家用,鋼筋混凝土造,,62.64,1,1,1,有,無,18250000,291347,,0.0,0,,RPVRMLPLJIIFFCA28DB
中正區,房地(土地+建物),南海段三小段661~690地號,24.41,住,,,1010605,土地1建物1車位0,一層,6,華廈(10層含以下有電梯),住家用,鋼筋混凝土造,,106.69,3,2,2,有,無,35000000,328053,,0.0,0,,RPUNMLRLJIIFFAA67CB
中正區,房地(土地+建物)+車位,南海段三小段661~690地號,31.37,住,,,1010524,土地1建物1車位1,二層,6,華廈(10層含以下有電梯),住家用,鋼筋混凝土造,,137.19,3,2,2,有,無,32700000,238356,升降機械,11.99,0,,RPWNMLRLJIIFFAA87CB
中正區,房地(土地+建物)+車位,南海段三小段661~690地號,31.37,住,,,1010619,土地1建物1車位1,三層,6,華廈(10層含以下有電梯),住家用,鋼筋混凝土造,,137.19,3,2,2,有,無,30985400,225858,升降機械,11.99,0,,RPXNMLRLJIIFFAA97CB
中正區,房地(土地+建物)+車位,南海段三小段661~690地號,28.66,住,,,1010519,土地1建物1車位1,四層,6,華廈(10層含以下有電梯),住家用,鋼筋混凝土造,,125.33,3,2,2,有,無,30050000,239767,升降機械,11.99,0,,RPOOMLRLJIIFFAA17CB
中正區,房地(土地+建物)+車位,南海段三小段661~690地號,23.35,住,,,1001119,土地1建物1車位1,五層,6,華廈(10層含以下有電梯),住家用,鋼筋混凝土造,,102.89,2,2,2,有,無,25100000,243950,升降機械,11.99,0,,RPQOMLRLJIIFFAA37CB
中正區,房地(土地+建物)+車位,南海段三小段661~690地號,15.46,住,,,1001023,土地1建物1車位1,六層,6,華廈(10層含以下有電梯),住家用,鋼筋混凝土造,,67.62,1,1,1,有,無,17200000,254363,升降機械,11.99,0,,RPROMLRLJIIFFAA47CB
中正區,房地(土地+建物)+車位,南海段三小段661~690地號,31.14,住,,,1010804,土地1建物1車位1,二層,6,華廈(10層含以下有電梯),住家用,鋼筋混凝土造,,136.23,3,2,2,有,無,30800000,226088,升降機械,11.99,0,,RPSOMLRLJIIFFAA57CB
中正區,房地(土地+建物)+車位,南海段三小段661~690地號,31.14,住,,,1010404,土地1建物1車位1,三層,6,華廈(10層含以下有電梯),住家用,鋼筋混凝土造,,136.23,3,2,2,有,無,31600000,231961,升降機械,11.99,0,,RPTOMLRLJIIFFAA67CB
中正區,房地(土地+建物)+車位,南海段三小段661~690地號,28.43,住,,,1010326,土地1建物1車位1,四層,6,華廈(10層含以下有電梯),住家用,鋼筋混凝土造,,124.36,3,2,2,有,無,29760000,239305,升降機械,11.99,0,,RPUOMLRLJIIFFAA77CB
中正區,房地(土地+建物)+車位,南海段三小段661~690地號,23.22,住,,,1001109,土地1建物1車位1,五層,6,華廈(10層含以下有電梯),住家用,鋼筋混凝土造,,102.36,2,2,2,有,無,25000000,244236,升降機械,11.99,0,,RPVOMLRLJIIFFAA87CB
中正區,房地(土地+建物),南海段三小段661~690地號,12.45,住,,,1001101,土地1建物1車位0,六層,6,華廈(10層含以下有電梯),住家用,鋼筋混凝土造,,54.46,1,1,1,有,無,15000000,275432,,0.0,0,,RPXOMLRLJIIFFAA08CB
中正區,房地(土地+建物),永昌段三小段421~450地號,0.46,住,,,1020705,土地1建物1車位0,四層,11,住宅大樓(11層含以上有電梯),住家用,鋼筋混凝土造,,70.35,2,1,1,有,無,16700000,237385,,0.0,0,,RPTOMLMJKIIFFAA07CB
中正區,房地(土地+建物),永昌段三小段421~450地號,0.46,住,,,1020731,土地1建物1車位0,六層,11,住宅大樓(11層含以上有電梯),住家用,鋼筋混凝土造,,70.35,2,1,1,有,無,17090000,242928,,0.0,0,,RPWOMLMJKIIFFAA37CB
中正區,房地(土地+建物),永昌段三小段421~450地號,0.46,住,,,1020706,土地1建物1車位0,七層,11,住宅大樓(11層含以上有電梯),住家用,鋼筋混凝土造,,70.35,2,1,1,有,無,17300000,245913,,0.0,0,,RPXOMLMJKIIFFAA47CB
中正區,房地(土地+建物)+車位,永昌段三小段421~450地號,0.46,住,,,1020803,土地1建物1車位1,二層,11,住宅大樓(11層含以上有電梯),住家用,鋼筋混凝土造,,70.35,2,1,1,有,無,17580000,363424,坡道機械,27.48,2000000,,RPPPMLMJKIIFFAA76CB
中正區,房地(土地+建物)+車位,永昌段三小段421~450地號,0.46,住,,,1020730,土地1建物1車位1,三層,11,住宅大樓(11層含以上有電梯),住家用,鋼筋混凝土造,,70.35,2,1,1,有,無,18300000,260128,坡道機械,0.0,0,,RPQPMLMJKIIFFAA86CB
中正區,房地(土地+建物)+車位,永昌段三小段421~450地號,0.46,住,,,1020923,土地1建物1車位1,五層,11,住宅大樓(11層含以上有電梯),,鋼筋混凝土造,,70.35,2,1,1,有,無,19380000,275480,坡道平面,0.0,0,,RPRPMLMJKIIFFAA96CB
中正區,房地(土地+建物)+車位,永昌段三小段421~450地號,0.46,住,,,1021029,土地1建物1車位1,九層,11,住宅大樓(11層含以上有電梯),住家用,鋼筋混凝土造,,70.35,2,1,1,有,無,18930000,269083,坡道機械,0.0,0,,RPSPMLMJKIIFFAA07CB
中正區,房地(土地+建物)+車位,永昌段三小段421~450地號,0.46,住,,,1021005,土地1建物1車位1,十層,11,住宅大樓(11層含以上有電梯),住家用,鋼筋混凝土造,,70.35,2,1,1,有,無,19180000,272637,坡道機械,0.0,0,,RPTPMLMJKIIFFAA17CB
中正區,房地(土地+建物)+車位,永昌段三小段421~450地號,0.84,住,,,1020830,土地1建物1車位1,五層,11,住宅大樓(11層含以上有電梯),住家用,鋼筋混凝土造,,95.57,2,1,1,有,無,23500000,245893,坡道機械,0.0,0,,RPUPMLMJKIIFFAA27CB
中正區,房地(土地+建物),永昌段三小段421~450地號,0.84,住,,,1020830,土地1建物1車位0,六層,11,住宅大樓(11層含以上有電梯),住家用,鋼筋混凝土造,,95.57,2,1,1,有,無,22380000,234174,,0.0,0,,RPVPMLMJKIIFFAA37CB
中正區,房地(土地+建物)+車位,永昌段三小段421~450地號,0.84,住,,,1020816,土地1建物1車位1,七層,11,住宅大樓(11層含以上有電梯),住家用,鋼筋混凝土造,,95.57,2,1,1,有,無,24580000,257194,坡道機械,0.0,0,,RPWPMLMJKIIFFAA47CB
中正區,房地(土地+建物)+車位,永昌段三小段421~450地號,0.84,住,,,1021107,土地1建物1車位1,九層,11,住宅大樓(11層含以上有電梯),住家用,鋼筋混凝土造,,95.57,2,1,1,有,無,25430000,266088,坡道平面,0.0,0,,RPXPMLMJKIIFFAA57CB
北投區,房地(土地+建物)+車位,三合段31~60地號,76.75,住,,,1020905,土地1建物1車位1,四層,7,華廈(10層含以下有電梯),住家用,鋼筋混凝土造,,299.58,3,2,3,有,無,64000000,236254,坡道平面,39.69,2600000,,RPQRMLNLKIIFFEA77CB
北投區,房地(土地+建物)+車位,三合段31~60地號,75.86,住,,,1020906,土地1建物1車位2,六層,7,華廈(10層含以下有電梯),住家用,鋼筋混凝土造,,331.8,3,2,2,有,無,67500000,243047,坡道平面,79.38,6150000,,RPRRMLNLKIIFFEA87CB
北投區,房地(土地+建物)+車位,三合段31~60地號,75.22,住,,,1020906,土地1建物1車位2,五層,7,華廈(10層含以下有電梯),住家用,鋼筋混凝土造,,334.01,4,2,2,有,無,66000000,239563,坡道平面,79.38,5000000,,RPSRMLNLKIIFFEA97CB
北投區,房地(土地+建物)+車位,三合段31~60地號,71.88,住,,,1020907,土地1建物1車位2,七層,7,華廈(10層含以下有電梯),住家用,鋼筋混凝土造,,323.45,3,2,3,有,無,65500000,245831,坡道平面,79.38,5500000,,RPTRMLNLKIIFFEA08CB
北投區,房地(土地+建物)+車位,三合段31~60地號,60.35,住,,,1020908,土地1建物1車位1,四層,7,華廈(10層含以下有電梯),住家用,鋼筋混凝土造,,243.99,3,2,2,有,無,50600000,234459,坡道平面,39.69,2700000,,RPURMLNLKIIFFEA18CB
北投區,房地(土地+建物)+車位,三合段31~60地號,76.75,住,,,1020908,土地1建物1車位2,六層,7,華廈(10層含以下有電梯),住家用,鋼筋混凝土造,,339.27,4,2,3,有,無,67900000,240486,坡道平面,79.38,5400000,,RPVRMLNLKIIFFEA28CB
北投區,房地(土地+建物)+車位,三合段31~60地號,75.73,住,,,1020908,土地1建物1車位2,七層,7,華廈(10層含以下有電梯),住家用,鋼筋混凝土造,,335.8,4,2,3,有,無,67600000,242961,坡道平面,79.38,5300000,,RPWRMLNLKIIFFEA38CB
北投區,房地(土地+建物)+車位,三合段31~60地號,76.75,住,,,1020910,土地1建物1車位2,二層,7,華廈(10層含以下有電梯),住家用,鋼筋混凝土造,,339.27,4,2,3,有,無,63890000,227365,坡道平面,79.38,4800000,,RPXRMLNLKIIFFEA48CB
北投區,房地(土地+建物)+車位,三合段31~60地號,72.52,住,,,1020914,土地1建物1車位2,五層,7,華廈(10層含以下有電梯),住家用,鋼筋混凝土造,,325.13,3,2,2,有,無,64110000,237477,坡道平面,79.38,5750000,,RPOSMLNLKIIFFEA67CB
北投區,房地(土地+建物)+車位,三合段31~60地號,62.27,住,,,1020914,土地1建物1車位1,五層,7,華廈(10層含以下有電梯),住家用,鋼筋混凝土造,,250.71,3,2,2,有,無,52190000,235949,坡道平面,39.69,2400000,,RPPSMLNLKIIFFEA77CB
北投區,房地(土地+建物)+車位,三合段31~60地號,74.58,住,,,1020915,土地1建物1車位2,四層,7,華廈(10層含以下有電梯),住家用,鋼筋混凝土造,,331.8,3,2,2,有,無,64500000,235718,坡道平面,79.38,5000000,,RPQSMLNLKIIFFEA87CB
北投區,房地(土地+建物)+車位,三合段31~60地號,60.35,住,,,1020917,土地1建物1車位1,六層,7,華廈(10層含以下有電梯),住家用,鋼筋混凝土造,,243.99,3,2,2,有,無,51880000,240480,坡道平面,39.69,2750000,,RPRSMLNLKIIFFEA97CB
北投區,房地(土地+建物)+車位,三合段31~60地號,72.52,住,,,1020918,土地1建物1車位2,三層,7,華廈(10層含以下有電梯),住家用,鋼筋混凝土造,,325.13,3,2,3,有,無,63180000,236745,坡道平面,79.38,5000000,,RPSSMLNLKIIFFEA08CB
北投區,房地(土地+建物)+車位,三合段31~60地號,62.27,住,,,1020923,土地1建物1車位1,三層,7,華廈(10層含以下有電梯),住家用,鋼筋混凝土造,,250.71,3,2,2,有,無,52500000,236944,坡道平面,39.69,2500000,,RPTSMLNLKIIFFEA18CB
北投區,房地(土地+建物)+車位,三合段31~60地號,58.94,住,,,1020923,土地1建物1車位1,七層,7,華廈(10層含以下有電梯),住家用,鋼筋混凝土造,,239.7,0,0,0,有,無,51700000,245488,坡道平面,39.69,2600000,,RPUSMLNLKIIFFEA28CB
北投區,房地(土地+建物)+車位,三合段31~60地號,76.37,住,,,1020924,土地1建物1車位2,一層,7,華廈(10層含以下有電梯),住家用,鋼筋混凝土造,,338.56,4,2,3,有,無,73800000,264295,坡道平面,79.38,5300000,,RPVSMLNLKIIFFEA38CB
北投區,房地(土地+建物)+車位,三合段31~60地號,75.22,住,,,1020927,土地1建物1車位2,三層,7,華廈(10層含以下有電梯),住家用,鋼筋混凝土造,,334.01,4,2,3,有,無,63700000,230531,坡道平面,79.38,5000000,,RPWSMLNLKIIFFEA48CB
北投區,房地(土地+建物)+車位,大業段二小段421~450地號,22.15,住,,,1020912,土地3建物1車位1,七層,8,華廈(10層含以下有電梯),住家用,鋼筋混凝土造,,115.54,2,2,1,有,無,20450000,211801,坡道機械,28.43,2000000,,RPWNMLPLKIIFFEA18CB
北投區,房地(土地+建物),大業段二小段421~450地號,22.07,住,,,1020819,土地3建物1車位0,六層,8,華廈(10層含以下有電梯),住家用,鋼筋混凝土造,,87.13,2,2,1,有,無,17660000,202686,,0.0,0,,RPXNMLPLKIIFFEA28CB
北投區,房地(土地+建物)+車位,大業段二小段421~450地號,20.7,住,,,1020822,土地3建物1車位1,五層,8,華廈(10層含以下有電梯),住家用,鋼筋混凝土造,,109.74,2,2,1,有,無,16950000,187554,坡道機械,28.43,1700000,,RPOOMLPLKIIFFEA47CB
北投區,房地(土地+建物)+車位,大業段二小段421~450地號,37.14,住,,,1020801,土地3建物1車位1,八層,8,華廈(10層含以下有電梯),住家用,鋼筋混凝土造,,202.85,2,2,1,有,無,36750000,232550,坡道平面,56.86,2800000,,RPPOMLPLKIIFFEA57CB
北投區,房地(土地+建物),大業段二小段421~450地號,22.07,住,,,1020907,土地3建物1車位0,五層,8,華廈(10層含以下有電梯),住家用,鋼筋混凝土造,,87.11,2,2,1,有,無,17360000,199288,,0.0,0,,RPQOMLPLKIIFFEA67CB
北投區,房地(土地+建物)+車位,大業段二小段421~450地號,19.18,住,,,1020909,土地3建物1車位1,七層,8,華廈(10層含以下有電梯),住家用,鋼筋混凝土造,,103.78,2,2,1,有,無,17000000,199071,坡道機械,28.43,2000000,,RPROMLPLKIIFFEA77CB
北投區,房地(土地+建物)+車位,大業段二小段421~450地號,19.18,住,,,1020909,土地3建物1車位1,六層,8,華廈(10層含以下有電梯),住家用,鋼筋混凝土造,,103.78,2,2,1,有,無,16800000,196417,坡道機械,28.43,2000000,,RPSOMLPLKIIFFEA87CB
北投區,房地(土地+建物)+車位,大業段二小段421~450地號,21.46,住,,,1020812,土地3建物1車位1,七層,8,華廈(10層含以下有電梯),住家用,鋼筋混凝土造,,112.9,2,2,1,有,無,19600000,208358,坡道機械,28.43,2000000,,RPTOMLPLKIIFFEA97CB
北投區,房地(土地+建物)+車位,大業段二小段421~450地號,22.15,住,,,1020729,土地3建物1車位1,七層,8,華廈(10層含以下有電梯),住家用,鋼筋混凝土造,,115.56,2,2,1,有,無,20380000,210949,坡道機械,28.43,2000000,,RPUOMLPLKIIFFEA08CB
北投區,房地(土地+建物)+車位,大業段二小段421~450地號,19.18,住,,,1021104,土地3建物1車位1,六層,8,華廈(10層含以下有電梯),住家用,鋼筋混凝土造,,103.78,2,2,1,有,無,16800000,200398,坡道機械,28.43,1700000,,RPVOMLPLKIIFFEA18CB
北投區,房地(土地+建物)+車位,大業段二小段421~450地號,22.15,住,,,1020806,土地3建物1車位1,五層,8,華廈(10層含以下有電梯),住家用,鋼筋混凝土造,,115.56,2,2,1,有,無,20000000,206588,坡道機械,28.43,2000000,,RPXOMLPLKIIFFEA38CB
北投區,房地(土地+建物),大業段二小段421~450地號,22.07,住,,,1020807,土地3建物1車位0,六層,8,華廈(10層含以下有電梯),住家用,鋼筋混凝土造,,87.11,2,2,1,有,無,17390000,199633,,0.0,0,,RPOPMLPLKIIFFEA57CB
北投區,房地(土地+建物)+車位,大業段二小段421~450地號,21.46,住,,,1020803,土地3建物1車位1,六層,8,華廈(10層含以下有電梯),住家用,鋼筋混凝土造,,112.9,2,2,1,有,無,19310000,204925,坡道機械,28.43,2000000,,RPPPMLPLKIIFFEA67CB
北投區,房地(土地+建物),大業段二小段421~450地號,19.1,住,,,1020819,土地3建物1車位0,五層,8,華廈(10層含以下有電梯),住家用,鋼筋混凝土造,,75.35,2,2,1,有,無,13594200,180414,,0.0,0,,RPRPMLPLKIIFFEA87CB
北投區,房地(土地+建物)+車位,大業段二小段421~450地號,19.18,住,,,1021009,土地3建物1車位1,五層,8,華廈(10層含以下有電梯),住家用,鋼筋混凝土造,,103.78,2,2,1,有,無,16000000,189781,坡道機械,28.43,1700000,,RPQQMLPLKIIFFEA87CB
中山區,房地(土地+建物)+車位,正義段二小段241~270地號,12.0,,,,1020731,土地1建物1車位1,六層,8,華廈(10層含以下有電梯),住家用,鋼筋混凝土造,,82.03,1,1,1,有,無,16680000,218533,升降機械,15.77,2200000,,RPQPMLMJJHJFFCA96CB
中山區,房地(土地+建物),正義段二小段241~270地號,12.0,,,,1020729,土地1建物1車位0,三層,8,華廈(10層含以下有電梯),住家用,鋼筋混凝土造,,66.26,1,1,1,有,無,14300000,215816,,0.0,0,,RPRPMLMJJHJFFCA07CB
中山區,房地(土地+建物)+車位,正義段二小段241~270地號,11.61,,,,1021014,土地1建物1車位1,五層,8,華廈(10層含以下有電梯),住家用,鋼筋混凝土造,,79.84,1,1,1,有,無,15800000,223193,升降機械,15.77,1500000,,RPSPMLMJJHJFFCA17CB
中山區,房地(土地+建物)+車位,正義段二小段241~270地號,10.69,,,,1021024,土地1建物1車位1,四層,8,華廈(10層含以下有電梯),住家用,鋼筋混凝土造,,74.8,1,1,1,有,無,13920000,220227,升降機械,15.77,920000,,RPTPMLMJJHJFFCA27CB
中山區,房地(土地+建物)+車位,正義段二小段241~270地號,11.61,,,,1021008,土地1建物1車位1,六層,8,華廈(10層含以下有電梯),住家用,鋼筋混凝土造,,79.84,1,1,1,有,無,15770000,222725,升降機械,15.77,1500000,,RPUPMLMJJHJFFCA37CB
中山區,房地(土地+建物)+車位,正義段二小段241~270地號,10.69,,,,1020805,土地1建物1車位1,五層,8,華廈(10層含以下有電梯),住家用,鋼筋混凝土造,,74.8,1,1,1,有,無,14850000,251564,升降機械,15.77,200,,RPVPMLMJJHJFFCA47CB
中山區,房地(土地+建物)+車位,正義段二小段241~270地號,11.61,,,,1021129,土地1建物1車位1,二層,8,華廈(10層含以下有電梯),住家用,鋼筋混凝土造,,79.84,1,1,1,有,無,15570000,206337,升降機械,15.77,2350000,,RPWPMLMJJHJFFCA57CB
中山區,房地(土地+建物)+車位,正義段二小段241~270地號,12.0,,,,1021129,土地1建物1車位1,二層,8,華廈(10層含以下有電梯),住家用,鋼筋混凝土造,,82.03,1,1,1,有,無,16030000,206459,升降機械,15.77,2350000,,RPXPMLMJJHJFFCA67CB
中山區,房地(土地+建物)+車位,正義段二小段241~270地號,10.69,,,,1021129,土地1建物1車位1,二層,8,華廈(10層含以下有電梯),住家用,鋼筋混凝土造,,74.8,1,1,1,有,無,14200000,200745,升降機械,15.77,2350000,,RPOQMLMJJHJFFCA86CB
中山區,房地(土地+建物)+車位,正義段二小段241~270地號,11.61,,,,1020930,土地1建物1車位1,三層,8,華廈(10層含以下有電梯),住家用,鋼筋混凝土造,,79.84,1,1,1,有,無,15600000,227876,升降機械,15.77,1000000,,RPPQMLMJJHJFFCA96CB
中山區,房地(土地+建物)+車位,正義段二小段241~270地號,12.0,,,,1020906,土地1建物1車位1,五層,8,華廈(10層含以下有電梯),住家用,鋼筋混凝土造,,82.03,1,1,1,有,無,16200000,211742,升降機械,15.77,2170000,,RPQQMLMJJHJFFCA07CB
中山區,房地(土地+建物)+車位,正義段二小段241~270地號,10.69,,,,1021127,土地1建物1車位1,三層,8,華廈(10層含以下有電梯),住家用,鋼筋混凝土造,,74.8,1,1,1,有,無,13890000,199729,升降機械,15.77,2100000,,RPRQMLMJJHJFFCA17CB
中山區,房地(土地+建物)+車位,正義段二小段241~270地號,11.61,,,,1021203,土地1建物1車位1,四層,8,華廈(10層含以下有電梯),住家用,鋼筋混凝土造,,79.84,1,1,1,有,無,15100000,218511,升降機械,15.77,1100000,,RPSQMLMJJHJFFCA27CB
中山區,房地(土地+建物)+車位,正義段二小段241~270地號,11.61,,,,1021028,土地1建物1車位1,七層,8,華廈(10層含以下有電梯),住家用,鋼筋混凝土造,,79.84,1,1,1,有,無,14590000,227717,升降機械,15.77,160,,RPTQMLMJJHJFFCA37CB
中山區,房地(土地+建物),正義段二小段241~270地號,12.0,,,,1021028,土地1建物1車位0,七層,8,華廈(10層含以下有電梯),住家用,鋼筋混凝土造,,66.26,1,1,1,有,無,13430000,202686,,0.0,0,,RPUQMLMJJHJFFCA47CB
北投區,房地(土地+建物),大業段四小段541~570地號,7.65,工,,,1010929,土地1建物1車位0,一層,19,廠辦,工商用,鋼筋混凝土造,,46.51,0,0,0,無,無,6526000,140314,,0.0,0,,RPUPMLRJJHJFFEA08CB
北投區,房地(土地+建物),大業段四小段541~570地號,7.93,工,,,1010929,土地1建物1車位0,一層,19,廠辦,工商用,鋼筋混凝土造,,47.97,0,0,0,無,無,6680000,139254,,0.0,0,,RPOQMLRJJHJFFEA57CB
北投區,房地(土地+建物),大業段四小段541~570地號,10.28,工,,,1010830,土地1建物1車位0,一層,19,廠辦,工商用,鋼筋混凝土造,,92.47,0,0,0,無,無,12937000,139905,,0.0,0,,RPVQMLRJJHJFFEA28CB
北投區,房地(土地+建物),大業段四小段541~570地號,8.48,工,,,1010910,土地1建物1車位0,一層,19,廠辦,工商用,鋼筋混凝土造,,51.11,0,0,0,無,無,7107000,139053,,0.0,0,,RPORMLRJJHJFFEA67CB
北投區,房地(土地+建物),大業段四小段541~570地號,8.48,工,,,1010910,土地1建物1車位0,一層,19,廠辦,工商用,鋼筋混凝土造,,51.11,0,0,0,無,無,7107000,139053,,0.0,0,,RPRRMLRJJHJFFEA97CB
北投區,房地(土地+建物),大業段四小段541~570地號,8.28,工,,,1011005,土地1建物1車位0,一層,19,廠辦,工商用,鋼筋混凝土造,,49.92,0,0,0,無,無,6990000,140024,,0.0,0,,RPSRMLRJJHJFFEA08CB
北投區,房地(土地+建物),大業段四小段541~570地號,10.4,工,,,1010812,土地1建物1車位0,一層,19,廠辦,工商用,鋼筋混凝土造,,64.95,0,0,0,無,無,9166000,141124,,0.0,0,,RPWRMLRJJHJFFEA48CB
北投區,房地(土地+建物),大業段四小段541~570地號,8.48,工,,,1010825,土地1建物1車位0,一層,19,廠辦,工商用,鋼筋混凝土造,,51.11,0,0,0,無,無,7107000,139053,,0.0,0,,RPOSMLRJJHJFFEA77CB
北投區,房地(土地+建物),大業段四小段541~570地號,8.48,工,,,1010809,土地1建物1車位0,一層,19,廠辦,工商用,鋼筋混凝土造,,51.11,0,0,0,無,無,7107000,139053,,0.0,0,,RPPSMLRJJHJFFEA87CB
北投區,房地(土地+建物),大業段四小段541~570地號,17.26,工,,,1010809,土地1建物1車位0,一層,19,廠辦,工商用,鋼筋混凝土造,,100.92,0,0,0,無,無,14534000,144015,,0.0,0,,RPQSMLRJJHJFFEA97CB
北投區,房地(土地+建物),大業段四小段541~570地號,8.24,工,,,1020414,土地1建物1車位0,三層,19,廠辦,工商用,鋼筋混凝土造,,51.2,0,0,0,無,無,6009000,117363,,0.0,0,3F-3,RPSQMLKKJHJFFEA37CB
北投區,房地(土地+建物),大業段四小段541~570地號,8.55,工,,,1011218,土地1建物1車位0,三層,19,廠辦,工商用,鋼筋混凝土造,,53.11,0,0,0,無,無,6603000,124327,,0.0,0,3F-11,RPTQMLKKJHJFFEA47CB
北投區,房地(土地+建物),大業段四小段541~570地號,8.51,工,,,1020104,土地1建物1車位0,三層,19,廠辦,工商用,鋼筋混凝土造,,52.86,0,0,0,無,無,6348000,120091,,0.0,0,3F-19,RPPSMLKKJHJFFEA27CB
北投區,房地(土地+建物),大業段四小段541~570地號,8.16,工,,,1011025,土地1建物1車位0,四層,19,工廠,工商用,鋼筋混凝土造,,48.62,0,0,0,無,無,6177000,,,0.0,0,4F-6,RPSOMLOKJHJFFEA57CB
北投區,房地(土地+建物),大業段四小段541~570地號,8.2,工,,,1020104,土地1建物1車位0,四層,19,廠辦,工商用,鋼筋混凝土造,,51.05,0,0,0,無,無,6334000,124074,,0.0,0,4F-11,RPSPMLOKJHJFFEA67CB
北投區,房地(土地+建物),大業段四小段541~570地號,8.83,工,,,1011025,土地1建物1車位0,四層,19,廠辦,工商用,鋼筋混凝土造,,52.35,0,0,0,無,無,6303000,120401,,0.0,0,4F-15,RPRQMLOKJHJFFEA67CB
北投區,房地(土地+建物),大業段四小段541~570地號,8.44,工,,,1011105,土地1建物1車位0,四層,19,廠辦,工商用,鋼筋混凝土造,,52.53,0,0,0,無,無,6366000,121188,,0.0,0,4F-16,RPUQMLOKJHJFFEA97CB
北投區,房地(土地+建物),大業段四小段541~570地號,7.77,工,,,1011230,土地1建物1車位0,五層,19,廠辦,工商用,鋼筋混凝土造,,48.62,0,0,0,無,無,6192000,127355,,0.0,0,5F-8,RPXNMLPKJHJFFEA08CB
北投區,房地(土地+建物),大業段四小段541~570地號,8.2,工,,,1011102,土地1建物1車位0,五層,19,廠辦,工商用,鋼筋混凝土造,,51.05,0,0,0,無,無,6501000,127346,,0.0,0,5F-11,RPQPMLPKJHJFFEA57CB
北投區,房地(土地+建物),大業段四小段541~570地號,8.2,工,,,1010819,土地1建物1車位0,五層,19,廠辦,工商用,鋼筋混凝土造,,51.05,0,0,0,無,無,6069000,118883,,0.0,0,5F-02,RPSPMLPKJHJFFEA77CB
北投區,房地(土地+建物),大業段四小段541~570地號,8.44,工,,,1011114,土地1建物1車位0,五層,19,廠辦,工商用,鋼筋混凝土造,,52.35,0,0,0,無,無,6445000,123114,,0.0,0,5F-21,RPPRMLPKJHJFFEA67CB
北投區,房地(土地+建物),大業段四小段541~570地號,7.85,工,,,1020119,土地1建物1車位0,六層,19,廠辦,工商用,鋼筋混凝土造,,49.36,0,0,0,無,無,6361000,128870,,0.0,0,6F-4,RPRRMLRKJHJFFEA08CB
北投區,房地(土地+建物),大業段四小段541~570地號,8.48,工,,,1020124,土地1建物1車位0,十一層,19,廠辦,工商用,,,52.51,0,0,0,無,無,7418000,141268,,0.0,0,11F-19,RPTUMLRKJHJFFEA58CB
北投區,房地(土地+建物),大業段四小段541~570地號,8.16,工,,,1020103,土地1建物1車位0,十二層,19,廠辦,工商用,鋼筋混凝土造,,50.97,0,0,0,無,無,7355000,144301,,0.0,0,12F-3,RPXNNLRKJHJFFEA38CB
北投區,房地(土地+建物),大業段四小段541~570地號,8.48,工,,,1020105,土地1建物1車位0,十二層,19,廠辦,工商用,鋼筋混凝土造,,52.51,0,0,0,無,無,7577000,144296,,0.0,0,,RPOPMLKLJHJFFEA96CB
北投區,房地(土地+建物),大業段四小段541~570地號,8.44,工,,,970626,土地1建物1車位0,六層,19,廠辦,工商用,鋼筋混凝土造,,52.35,0,0,0,無,無,6746000,128863,,0.0,0,,RPOUMLKLJHJFFEA47CB
北投區,房地(土地+建物),大業段四小段541~570地號,8.44,工,,,1011227,土地1建物1車位0,六層,19,廠辦,工商用,,,52.35,0,0,0,無,無,6746000,128863,,0.0,0,,RPRUMLKLJHJFFEA77CB
北投區,房地(土地+建物),大業段四小段541~570地號,8.44,工,,,1011121,土地1建物1車位0,六層,19,廠辦,工商用,鋼筋混凝土造,,52.29,0,0,0,無,無,6802000,130082,,0.0,0,,RPVUMLKLJHJFFEA18CB
北投區,房地(土地+建物),大業段四小段541~570地號,7.81,工,,,1010929,土地1建物1車位0,七層,19,廠辦,工商用,鋼筋混凝土造,,48.71,0,0,0,無,無,6071000,124636,,0.0,0,,RPVOMLLLJHJFFEA67CB
北投區,房地(土地+建物),大業段四小段541~570地號,8.48,工,,,1020508,土地1建物1車位0,十三層,19,廠辦,工商用,鋼筋混凝土造,,52.51,0,0,0,無,無,8210000,156351,,0.0,0,,RPWOMLLLJHJFFEA77CB
北投區,房地(土地+建物),大業段四小段541~570地號,7.85,工,,,1010929,土地1建物1車位0,七層,19,廠辦,工商用,鋼筋混凝土造,,49.36,0,0,0,無,無,6092000,123420,,0.0,0,,RPOPMLLLJHJFFEA07CB
北投區,房地(土地+建物),大業段四小段541~570地號,8.44,工,,,1011103,土地1建物1車位0,十三層,19,廠辦,工商用,鋼筋混凝土造,,52.17,0,0,0,無,無,7686000,147326,,0.0,0,,RPQPMLLLJHJFFEA27CB
北投區,房地(土地+建物),大業段四小段541~570地號,8.16,工,,,1020708,土地1建物1車位0,十四層,19,廠辦,工商用,鋼筋混凝土造,,50.97,0,0,0,無,無,8435000,165490,,0.0,0,,RPPQMLLLJHJFFEA27CB
北投區,房地(土地+建物),大業段四小段541~570地號,8.44,工,,,1011110,土地1建物1車位0,七層,19,廠辦,工商用,鋼筋混凝土造,,52.35,0,0,0,無,無,6825000,130372,,0.0,0,,RPQQMLLLJHJFFEA37CB
北投區,房地(土地+建物),大業段四小段541~570地號,8.28,工,,,1011028,土地1建物1車位0,七層,19,廠辦,工商用,鋼筋混凝土造,,51.85,0,0,0,無,無,6823000,131591,,0.0,0,,RPTQMLLLJHJFFEA67CB
北投區,房地(土地+建物),大業段四小段541~570地號,7.85,工,,,1020531,土地1建物1車位0,十四層,19,其他,,,,49.36,0,0,0,無,無,8167000,165458,,0.0,0,,RPUQMLLLJHJFFEA77CB
北投區,房地(土地+建物),大業段四小段541~570地號,8.44,工,,,1010909,土地1建物1車位0,十四層,19,廠辦,工商用,鋼筋混凝土造,,48.22,0,0,0,無,無,7979000,165471,,0.0,0,,RPSSMLLLJHJFFEA77CB
北投區,房地(土地+建物),大業段四小段541~570地號,7.85,工,,,1010928,土地1建物1車位0,十四層,19,廠辦,工商用,鋼筋混凝土造,,49.36,0,0,0,無,無,8167000,165458,,0.0,0,,RPOTMLLLJHJFFEA47CB
北投區,房地(土地+建物),大業段四小段541~570地號,7.77,工,,,1011113,土地1建物1車位0,八層,19,廠辦,工商用,鋼筋混凝土造,,48.62,0,0,0,無,無,6545000,134615,,0.0,0,,RPSTMLLLJHJFFEA87CB
北投區,房地(土地+建物),大業段四小段541~570地號,8.44,工,,,1011001,土地1建物1車位0,十四層,19,廠辦,工商用,鋼筋混凝土造,,52.17,0,0,0,無,無,8632000,165459,,0.0,0,,RPSNMLMLJHJFFEA37CB
北投區,房地(土地+建物),大業段四小段541~570地號,8.44,工,,,1011001,土地1建物1車位0,十四層,19,廠辦,工商用,鋼筋混凝土造,,52.17,0,0,0,無,無,8632000,165459,,0.0,0,,RPTNMLMLJHJFFEA47CB
北投區,房地(土地+建物),大業段四小段541~570地號,8.28,工,,,1011105,土地1建物1車位0,九層,19,廠辦,工商用,鋼筋混凝土造,,51.85,0,0,0,無,無,7137000,137647,,0.0,0,,RPUTMLMLJHJFFEA18CB
北投區,房地(土地+建物),大業段四小段541~570地號,8.44,工,,,1020123,土地1建物1車位0,九層,19,廠辦,工商用,鋼筋混凝土造,,52.35,0,0,0,無,無,7079000,135224,,0.0,0,,RPRUMLMLJHJFFEA97CB
北投區,房地(土地+建物),大業段四小段541~570地號,7.85,工,,,1020508,土地1建物1車位0,十五層,19,廠辦,工商用,鋼筋混凝土造,,49.36,0,0,0,無,無,8331000,168780,,0.0,0,,RPROMLNLJHJFFEA47CB
北投區,房地(土地+建物),大業段四小段541~570地號,8.16,工,,,1011215,土地1建物1車位0,十五層,19,廠辦,工商用,鋼筋混凝土造,,50.97,0,0,0,無,無,8449000,165764,,0.0,0,,RPTOMLNLJHJFFEA67CB
北投區,房地(土地+建物),大業段四小段541~570地號,8.16,工,,,1011215,土地1建物1車位0,十五層,19,廠辦,工商用,鋼筋混凝土造,,50.97,0,0,0,無,無,8449000,165764,,0.0,0,,RPUOMLNLJHJFFEA77CB
北投區,房地(土地+建物),大業段四小段541~570地號,8.44,工,,,1020316,土地1建物1車位0,十層,19,廠辦,工商用,鋼筋混凝土造,,52.17,0,0,0,無,無,7385000,141556,,0.0,0,,RPTQMLNLJHJFFEA87CB
北投區,房地(土地+建物),大業段四小段541~570地號,8.44,工,,,1020205,土地1建物1車位0,十層,19,廠辦,工商用,鋼筋混凝土造,,52.11,0,0,0,無,無,7299000,140069,,0.0,0,,RPWQMLNLJHJFFEA18CB
北投區,房地(土地+建物),大業段四小段541~570地號,8.48,工,,,1011230,土地1建物1車位0,十層,19,廠辦,工商用,鋼筋混凝土造,,52.51,0,0,0,無,無,7275000,138545,,0.0,0,,RPXQMLNLJHJFFEA28CB
北投區,房地(土地+建物),大業段四小段541~570地號,8.28,工,,,1011018,土地1建物1車位0,十五層,19,廠辦,工商用,鋼筋混凝土造,,51.85,0,0,0,無,無,8721000,168197,,0.0,0,,RPOSMLNLJHJFFEA57CB
北投區,房地(土地+建物),大業段四小段541~570地號,8.28,工,,,1011007,土地1建物1車位0,十五層,19,廠辦,工商用,鋼筋混凝土造,,55.01,0,0,0,無,無,9119000,165770,,0.0,0,,RPSSMLNLJHJFFEA97CB
北投區,房地(土地+建物),大業段四小段541~570地號,8.44,工,,,1011215,土地1建物1車位0,十五層,19,廠辦,工商用,鋼筋混凝土造,,52.17,0,0,0,無,無,8648000,165766,,0.0,0,,RPUSMLNLJHJFFEA18CB
北投區,房地(土地+建物),大業段四小段541~570地號,7.85,工,,,1020927,土地1建物1車位0,十九層,19,廠辦,工商用,鋼筋混凝土造,,49.36,0,0,0,無,無,8317000,168497,,0.0,0,,RPPTMLNLJHJFFEA77CB
北投區,房地(土地+建物),大業段四小段541~570地號,7.77,工,,,1020927,土地1建物1車位0,十九層,19,廠辦,工商用,鋼筋混凝土造,,48.63,0,0,0,無,無,8311000,170903,,0.0,0,,RPQTMLNLJHJFFEA87CB
北投區,房地(土地+建物),大業段四小段541~570地號,8.16,工,,,1020816,土地1建物1車位0,十六層,19,廠辦,工商用,鋼筋混凝土造,,50.97,0,0,0,無,無,8550000,167746,,0.0,0,,RPTTMLNLJHJFFEA18CB
北投區,房地(土地+建物),大業段四小段541~570地號,7.73,工,,,1021017,土地1建物1車位0,十九層,19,廠辦,工商用,鋼筋混凝土造,,48.48,0,0,0,無,無,8290000,170998,,0.0,0,,RPVNMLOLJHJFFEA87CB
北投區,房地(土地+建物),大業段四小段541~570地號,7.73,工,,,1020126,土地1建物1車位0,十九層,19,廠辦,工商用,鋼筋混凝土造,,48.48,0,0,0,無,無,8213000,169410,,0.0,0,,RPXNMLOLJHJFFEA08CB
北投區,房地(土地+建物),大業段四小段541~570地號,7.77,工,,,1021105,土地1建物1車位0,十九層,19,廠辦,工商用,鋼筋混凝土造,,48.63,0,0,0,無,無,8356000,171828,,0.0,0,,RPOOMLOLJHJFFEA27CB
北投區,房地(土地+建物),大業段四小段541~570地號,7.85,工,,,1021029,土地1建物1車位0,十九層,19,廠辦,工商用,鋼筋混凝土造,,49.36,0,0,0,無,無,8361000,169388,,0.0,0,,RPQOMLOLJHJFFEA47CB
北投區,房地(土地+建物),大業段四小段541~570地號,8.28,工,,,1010916,土地1建物1車位0,十九層,19,廠辦,工商用,鋼筋混凝土造,,51.85,0,0,0,無,無,8909000,171823,,0.0,0,,RPWOMLOLJHJFFEA08CB
北投區,房地(土地+建物),大業段四小段541~570地號,8.44,工,,,1010916,土地1建物1車位0,十九層,19,廠辦,工商用,鋼筋混凝土造,,52.11,0,0,0,無,無,8954000,171829,,0.0,0,,RPOPMLOLJHJFFEA37CB
北投區,房地(土地+建物),大業段四小段541~570地號,8.28,工,,,1010903,土地1建物1車位0,十九層,19,廠辦,工商用,鋼筋混凝土造,,55.01,0,0,0,無,無,9452000,171823,,0.0,0,,RPRPMLOLJHJFFEA67CB
北投區,房地(土地+建物),大業段四小段541~570地號,7.85,工,,,1010822,土地1建物1車位0,十八層,19,廠辦,工商用,鋼筋混凝土造,,49.36,0,0,0,無,無,8302000,168193,,0.0,0,,RPTQMLOLJHJFFEA97CB
北投區,房地(土地+建物),大業段四小段541~570地號,7.77,工,,,1010822,土地1建物1車位0,十八層,19,廠辦,工商用,鋼筋混凝土造,,48.63,0,0,0,無,無,8297000,170615,,0.0,0,,RPVQMLOLJHJFFEA18CB
北投區,房地(土地+建物),大業段四小段541~570地號,7.73,工,,,1020819,土地1建物1車位0,十八層,19,廠辦,工商用,鋼筋混凝土造,,48.48,0,0,0,無,無,8271000,170606,,0.0,0,,RPWQMLOLJHJFFEA28CB
北投區,房地(土地+建物),大業段四小段541~570地號,7.65,工,,,1011028,土地1建物1車位0,十八層,19,廠辦,工商用,鋼筋混凝土造,,48.22,0,0,0,無,無,8110000,168187,,0.0,0,,RPORMLOLJHJFFEA57CB
北投區,房地(土地+建物),大業段四小段541~570地號,7.73,工,,,1020823,土地1建物1車位0,十八層,19,廠辦,工商用,鋼筋混凝土造,,48.48,0,0,0,無,無,8216000,169472,,0.0,0,,RPQRMLOLJHJFFEA77CB
北投區,房地(土地+建物),大業段四小段541~570地號,7.85,工,,,1020104,土地1建物1車位0,十六層,19,廠辦,工商用,鋼筋混凝土造,,49.36,0,0,0,無,無,8197000,166066,,0.0,0,,RPQNMLPLJHJFFEA47CB
北投區,房地(土地+建物),大業段四小段541~570地號,7.77,工,,,1020827,土地1建物1車位0,十六層,19,廠辦,工商用,鋼筋混凝土造,,48.63,0,0,0,無,無,8194000,168497,,0.0,0,,RPRNMLPLJHJFFEA57CB
北投區,房地(土地+建物),大業段四小段541~570地號,7.73,工,,,1020827,土地1建物1車位0,十六層,19,廠辦,工商用,鋼筋混凝土造,,48.48,0,0,0,無,無,8169000,168502,,0.0,0,,RPSNMLPLJHJFFEA67CB
北投區,房地(土地+建物),大業段四小段541~570地號,7.65,工,,,1010920,土地1建物1車位0,十六層,19,廠辦,工商用,鋼筋混凝土造,,48.22,0,0,0,無,無,8008000,166072,,0.0,0,,RPTNMLPLJHJFFEA77CB
北投區,房地(土地+建物),大業段四小段541~570地號,7.73,工,,,1010920,土地1建物1車位0,十六層,19,廠辦,工商用,鋼筋混凝土造,,48.48,0,0,0,無,無,8051000,166068,,0.0,0,,RPUNMLPLJHJFFEA87CB
北投區,房地(土地+建物),大業段四小段541~570地號,7.77,工,,,1010907,土地1建物1車位0,十六層,19,農舍,工商用,,,48.63,0,0,0,無,無,8194000,,,0.0,0,,RPVNMLPLJHJFFEA97CB
北投區,房地(土地+建物),大業段四小段541~570地號,7.85,工,,,1010831,土地1建物1車位0,十六層,19,廠辦,工商用,鋼筋混凝土造,,49.36,0,0,0,無,無,8197000,166066,,0.0,0,,RPWNMLPLJHJFFEA08CB
北投區,房地(土地+建物),大業段四小段541~570地號,8.16,工,,,1010902,土地1建物1車位0,十六層,19,廠辦,工商用,鋼筋混凝土造,,50.97,0,0,0,無,無,8465000,166078,,0.0,0,,RPXNMLPLJHJFFEA18CB
北投區,房地(土地+建物),大業段四小段541~570地號,8.44,工,,,1020622,土地1建物1車位0,十六層,19,廠辦,,鋼筋混凝土造,,52.11,0,0,0,無,無,8780000,168490,,0.0,0,,RPSOMLPLJHJFFEA77CB
北投區,房地(土地+建物),大業段四小段541~570地號,8.48,工,,,1020928,土地1建物1車位0,十六層,19,其他,,,,52.51,0,0,0,無,無,8720000,166064,,0.0,0,,RPTOMLPLJHJFFEA87CB
北投區,房地(土地+建物),大業段四小段541~570地號,8.28,工,,,1020905,土地1建物1車位0,十六層,19,廠辦,工商用,鋼筋混凝土造,,55.01,0,0,0,無,無,9285000,168787,,0.0,0,,RPUOMLPLJHJFFEA97CB
北投區,房地(土地+建物),大業段四小段541~570地號,8.44,工,,,1010924,土地1建物1車位0,十六層,19,廠辦,工商用,鋼筋混凝土造,,52.17,0,0,0,無,無,8663000,166053,,0.0,0,,RPVOMLPLJHJFFEA08CB
北投區,房地(土地+建物),大業段四小段541~570地號,7.85,工,,,1020717,土地1建物1車位0,十七層,19,廠辦,工商用,鋼筋混凝土造,,49.36,0,0,0,無,無,8287000,167889,,0.0,0,,RPOPMLPLJHJFFEA47CB
北投區,房地(土地+建物),大業段四小段541~570地號,7.77,工,,,1010923,土地1建物1車位0,十七層,19,廠辦,工商用,鋼筋混凝土造,,48.63,0,0,0,無,無,8282000,170306,,0.0,0,,RPPPMLPLJHJFFEA57CB
北投區,房地(土地+建物),大業段四小段541~570地號,7.73,工,,,1021024,土地1建物1車位0,十七層,19,廠辦,工商用,鋼筋混凝土造,,48.48,0,0,0,無,無,8288000,170957,,0.0,0,,RPQPMLPLJHJFFEA67CB
北投區,房地(土地+建物),大業段四小段541~570地號,7.65,工,,,1020726,土地1建物1車位0,十七層,19,廠辦,工商用,鋼筋混凝土造,,48.22,0,0,0,無,無,8096000,167897,,0.0,0,,RPRPMLPLJHJFFEA77CB
北投區,房地(土地+建物),大業段四小段541~570地號,7.73,工,,,1020817,土地1建物1車位0,十七層,19,廠辦,工商用,鋼筋混凝土造,,48.48,0,0,0,無,無,8142000,167946,,0.0,0,,RPSPMLPLJHJFFEA87CB
北投區,房地(土地+建物),大業段四小段541~570地號,7.77,工,,,1020829,土地1建物1車位0,十七層,19,廠辦,工商用,鋼筋混凝土造,,48.63,0,0,0,無,無,8194000,168497,,0.0,0,,RPTPMLPLJHJFFEA97CB
北投區,房地(土地+建物),大業段四小段541~570地號,7.85,工,,,1020826,土地1建物1車位0,十七層,19,廠辦,工商用,鋼筋混凝土造,,49.36,0,0,0,無,無,8316000,168476,,0.0,0,,RPUPMLPLJHJFFEA08CB
北投區,房地(土地+建物),大業段四小段541~570地號,8.28,工,,,1010825,土地1建物1車位0,十七層,19,廠辦,工商用,鋼筋混凝土造,,51.85,0,0,0,無,無,8783000,169392,,0.0,0,,RPXPMLPLJHJFFEA38CB
北投區,房地(土地+建物),大業段四小段541~570地號,8.44,工,,,1010901,土地1建物1車位0,十七層,19,廠辦,工商用,鋼筋混凝土造,,52.11,0,0,0,無,無,8875000,170313,,0.0,0,,RPOQMLPLJHJFFEA57CB
北投區,房地(土地+建物),大業段四小段541~570地號,8.48,工,,,1021024,土地1建物1車位0,十七層,19,廠辦,工商用,鋼筋混凝土造,,52.51,0,0,0,無,無,8972000,170863,,0.0,0,,RPPQMLPLJHJFFEA67CB
北投區,房地(土地+建物),大業段四小段541~570地號,8.28,工,,,1010831,土地1建物1車位0,十七層,19,廠辦,工商用,鋼筋混凝土造,,55.01,0,0,0,無,無,9185000,166970,,0.0,0,,RPQQMLPLJHJFFEA77CB
北投區,房地(土地+建物),大業段四小段541~570地號,7.85,工,,,1020812,土地1建物1車位0,十七層,19,廠辦,工商用,鋼筋混凝土造,,49.36,0,0,0,無,無,8302000,168193,,0.0,0,,RPSQMLPLJHJFFEA97CB
北投區,房地(土地+建物),大業段四小段541~570地號,8.28,工,,,1020702,土地1建物1車位0,十八層,19,廠辦,工商用,鋼筋混凝土造,,51.85,0,0,0,無,無,8846000,170608,,0.0,0,,RPVQMLPLJHJFFEA28CB
北投區,房地(土地+建物),大業段四小段541~570地號,8.44,工,,,1020702,土地1建物1車位0,十八層,19,其他,,,,52.11,0,0,0,無,無,8890000,170601,,0.0,0,,RPWQMLPLJHJFFEA38CB
北投區,房地(土地+建物),大業段四小段541~570地號,8.28,工,,,1010831,土地1建物1車位0,十八層,19,廠辦,工商用,鋼筋混凝土造,,55.01,0,0,0,無,無,9385000,170605,,0.0,0,,RPORMLPLJHJFFEA67CB
北投區,房地(土地+建物),大業段四小段541~570地號,8.44,工,,,1020809,土地1建物1車位0,十六層,19,廠辦,工商用,鋼筋混凝土造,,52.17,0,0,0,無,無,8836000,169369,,0.0,0,,RPTNMLRLJHJFFEA97CB
北投區,房地(土地+建物),大業段四小段541~570地號,7.85,工,,,1020114,土地1建物1車位0,十一層,19,廠辦,工商用,鋼筋混凝土造,,49.36,0,0,0,無,無,6973000,141268,,0.0,0,,RPRRMLRLJHJFFEA18CB
北投區,房地(土地+建物),大業段四小段541~570地號,8.28,工,,,1020909,土地1建物1車位0,十四層,19,廠辦,工商用,鋼筋混凝土造,,55.01,0,0,0,無,無,9120000,165788,,0.0,0,,RPPSMLRLJHJFFEA08CB
北投區,房地(土地+建物),大業段四小段541~570地號,7.65,工,,,1020603,土地1建物1車位0,十九層,19,廠辦,工商用,鋼筋混凝土造,,48.22,0,0,0,無,無,8125000,168499,,0.0,0,,RPXSMLRLJHJFFEA88CB
北投區,房地(土地+建物),大業段四小段541~570地號,8.44,工,,,1011223,土地1建物1車位0,四層,19,廠辦,工商用,鋼筋混凝土造,,52.35,0,0,0,無,無,6366000,121605,,0.0,0,,RPQPMLSLJHJFFEA97CB
北投區,房地(土地+建物),大業段四小段541~570地號,8.44,工,,,1011216,土地1建物1車位0,五層,19,廠辦,工商用,鋼筋混凝土造,,52.35,0,0,0,無,無,6445000,123114,,0.0,0,,RPTNMLTLJHJFFEA18CB
中正區,房地(土地+建物)+車位,河堤段四小段331~360地號,29.6,住,,,1021104,土地1建物1車位1,二層,6,華廈(10層含以下有電梯),住家用,鋼筋混凝土造,,151.37,2,1,2,有,無,34800000,239530,升降機械,13.6,1800000,售價包含裝潢不含家具,RPPQMLTLJHJFFAA67CB
中正區,房地(土地+建物)+車位,河堤段四小段331~360地號,29.6,住,,,1021120,土地1建物1車位1,三層,6,華廈(10層含以下有電梯),住家用,鋼筋混凝土造,,151.37,2,1,1,有,無,36000000,247514,升降機械,13.6,1900000,,RPQQMLTLJHJFFAA77CB
中正區,房地(土地+建物)+車位,河堤段四小段331~360地號,29.6,住,,,1021120,土地1建物1車位1,五層,6,華廈(10層含以下有電梯),住家用,鋼筋混凝土造,,151.37,2,1,1,有,無,36850000,253684,升降機械,13.6,1900000,,RPRQMLTLJHJFFAA87CB
