﻿編號,土地區段位置,土地移轉面積平方公尺,使用分區或編定
The serial number,land sector position,land shifting area square meter,the use zoning or compiles and checks
RPSPMLQJJIIFFGL09CB,美群段,33.86,都市：住
RPVPMLQJJIIFFGL76CB,美群段,31.56,都市：住
RPWPMLQJJIIFFGL86CB,美群段,31.56,都市：住
RPUPMLQJJIIFFGL66CB,美群段,33.86,都市：住
RPQPMLQJJIIFFGL88CB,美群段,33.86,都市：住
RPTPMLQJJIIFFGL56CB,美群段,33.86,都市：住
RPPPMLQJJIIFFGL78CB,美群段,33.86,都市：住
RPSOMLQJJIIFFGL98CB,美群段,33.86,都市：住
RPRPMLQJJIIFFGL98CB,美群段,33.86,都市：住
RPQQMLQJJIIFFGL98CB,美群段,31.56,都市：住
RPSQMLQJJIIFFGL56CB,美群段,30.80,都市：住
RPUQMLQJJIIFFGL76CB,美群段,30.61,非都市：鄉村區 ; 非都市編定：乙種建築用地
RPOQMLQJJIIFFGL78CB,美群段,31.56,都市：住
RPXPMLQJJIIFFGL96CB,美群段,31.56,都市：住
RPVQMLQJJIIFFGL86CB,美群段,24.34,都市：住
RPPQMLQJJIIFFGL88CB,美群段,31.56,都市：住
RPXQMLQJJIIFFGL07CB,美群段,30.61,都市：住
RPORMLQJJIIFFGL88CB,美群段,30.80,都市：住
RPQOMLQJJIIFFGL78CB,美群段,33.86,都市：住
RPSRMLQJJIIFFGL66CB,美群段,30.61,都市：住
RPURMLQJJIIFFGL86CB,美群段,31.02,非都市：鄉村區 ; 非都市編定：乙種建築用地
RPQNMLRJJIIFFGL78CB,美群段,29.92,都市：住
RPPOMLRJJIIFFGL78CB,美群段,24.94,都市：住
RPVNMLRJJIIFFGL66CB,美群段,29.92,都市：住
RPXNMLRJJIIFFGL86CB,美群段,29.92,都市：住
RPOOMLRJJIIFFGL68CB,美群段,30.23,都市：住
RPROMLRJJIIFFGL98CB,美群段,18.50,都市：住
RPSOMLRJJIIFFGL09CB,美群段,24.94,都市：住
RPTOMLRJJIIFFGL56CB,美群段,25.28,都市：住
RPWOMLRJJIIFFGL86CB,美群段,25.35,都市：住
RPUOMLRJJIIFFGL66CB,美群段,25.47,都市：住
RPVOMLRJJIIFFGL76CB,美群段,25.35,都市：住
RPTNMLRJJIIFFGL09CB,美群段,29.92,都市：住
RPQOMLRJJIIFFGL88CB,美群段,24.94,都市：住
RPWNMLRJJIIFFGL76CB,美群段,29.92,都市：住
RPSNMLRJJIIFFGL98CB,美群段,29.92,都市：住
RPRNMLRJJIIFFGL88CB,美群段,29.92,都市：住
RPXOMLRJJIIFFGL96CB,美群段,25.35,都市：住
RPQPMLRJJIIFFGL98CB,美群段,33.86,都市：住
RPRPMLRJJIIFFGL09CB,美群段,33.86,都市：住
RPPPMLRJJIIFFGL88CB,美群段,33.86,都市：住
RPSPMLRJJIIFFGL56CB,美群段,40.29,都市：住
RPUPMLRJJIIFFGL76CB,美群段,33.86,都市：住
RPOPMLRJJIIFFGL78CB,美群段,25.35,都市：住
RPWPMLRJJIIFFGL96CB,美群段,33.86,非都市：鄉村區 ; 非都市編定：乙種建築用地
RPTPMLRJJIIFFGL66CB,美群段,33.86,都市：住
RPVPMLRJJIIFFGL86CB,美群段,33.86,都市：住
RPPQMLRJJIIFFGL98CB,美群段,31.56,都市：住
RPQQMLRJJIIFFGL09CB,美群段,31.56,都市：住
RPXPMLRJJIIFFGL07CB,美群段,31.56,都市：住
RPRQMLRJJIIFFGL56CB,美群段,31.56,都市：住
RPSQMLRJJIIFFGL66CB,美群段,31.56,都市：住
RPWQMLRJJIIFFGL07CB,美群段,30.80,都市：住
RPTQMLRJJIIFFGL76CB,美群段,31.56,都市：住
RPVQMLRJJIIFFGL96CB,美群段,31.56,都市：住
RPPRMLRJJIIFFGL09CB,美群段,30.61,都市：住
RPQRMLRJJIIFFGL56CB,美群段,30.61,都市：住
RPXQMLRJJIIFFGL17CB,美群段,30.61,都市：住
RPSRMLRJJIIFFGL76CB,美群段,30.80,都市：住
RPORMLRJJIIFFGL98CB,美群段,30.80,都市：住
RPURMLRJJIIFFGL96CB,美群段,30.61,都市：住
RPXRMLRJJIIFFGL27CB,美群段,31.02,都市：住
RPQSMLRJJIIFFGL66CB,美群段,29.92,都市：住
RPVSMLRJJIIFFGL17CB,美群段,29.92,都市：住
RPWSMLRJJIIFFGL27CB,美群段,29.92,都市：住
RPTSMLRJJIIFFGL96CB,美群段,29.92,都市：住
RPRSMLRJJIIFFGL76CB,美群段,29.92,都市：住
RPSSMLRJJIIFFGL86CB,美群段,29.92,都市：住
RPUSMLRJJIIFFGL07CB,美群段,29.92,都市：住
RPOTMLRJJIIFFGL56CB,美群段,30.23,都市：住
RPPTMLRJJIIFFGL66CB,美群段,25.72,都市：住
RPXSMLRJJIIFFGL37CB,美群段,29.92,都市：住
RPQTMLRJJIIFFGL76CB,美群段,24.94,都市：住
RPSTMLRJJIIFFGL96CB,美群段,24.94,都市：住
RPTTMLRJJIIFFGL07CB,美群段,24.94,都市：住
RPRTMLRJJIIFFGL86CB,美群段,18.50,都市：住
RPXTMLRJJIIFFGL47CB,美群段,25.47,都市：住
RPUTMLRJJIIFFGL17CB,美群段,24.94,都市：住
RPOUMLRJJIIFFGL66CB,美群段,37.04,都市：住
RPPUMLRJJIIFFGL76CB,美群段,25.72,都市：住
RPVTMLRJJIIFFGL27CB,美群段,25.28,都市：住
RPQUMLRJJIIFFGL86CB,美群段,25.35,都市：住
RPRUMLRJJIIFFGL96CB,美群段,25.35,都市：住
RPTUMLRJJIIFFGL17CB,美群段,25.35,都市：住
RPUUMLRJJIIFFGL27CB,美群段,25.35,都市：住
RPSUMLRJJIIFFGL07CB,美群段,25.35,都市：住
RPPQMLMKJIIFFCB17CB,三塊厝段,40.48,都市：住
RPUPMLMKJIIFFCB57CB,三塊厝段,40.48,都市：住
RPOQMLMKJIIFFCB07CB,三塊厝段,40.48,都市：住
RPRPMLMKJIIFFCB27CB,三塊厝段,40.48,都市：住
RPTPMLMKJIIFFCB47CB,三塊厝段,40.48,都市：住
RPSPMLMKJIIFFCB37CB,三塊厝段,40.48,都市：住
RPXPMLMKJIIFFCB87CB,三塊厝段,40.48,都市：住
RPVPMLMKJIIFFCB67CB,三塊厝段,40.48,都市：住
RPTQMLMKJIIFFCB57CB,三塊厝段,37.89,都市：住
RPSQMLMKJIIFFCB47CB,三塊厝段,42.17,都市：住
RPUQMLMKJIIFFCB67CB,三塊厝段,41.90,都市：住
RPVQMLMKJIIFFCB77CB,三塊厝段,41.90,都市：住
RPWQMLMKJIIFFCB87CB,三塊厝段,41.90,都市：住
RPXQMLMKJIIFFCB97CB,三塊厝段,41.90,都市：住
RPSRMLMKJIIFFCB57CB,三塊厝段,22.95,都市：住
RPWRMLMKJIIFFCB97CB,三塊厝段,22.95,都市：住
RPRRMLMKJIIFFCB47CB,三塊厝段,42.83,都市：住
RPVRMLMKJIIFFCB87CB,三塊厝段,22.95,都市：住
RPTRMLMKJIIFFCB67CB,三塊厝段,22.95,都市：住
RPXRMLMKJIIFFCB08CB,三塊厝段,22.95,都市：住
RPQRMLMKJIIFFCB37CB,三塊厝段,42.83,都市：住
RPOSMLMKJIIFFCB27CB,三塊厝段,22.95,都市：住
RPORMLMKJIIFFCB17CB,三塊厝段,41.90,都市：住
RPPRMLMKJIIFFCB27CB,三塊厝段,41.90,都市：住
RPQSMLMKJIIFFCB47CB,三塊厝段,21.19,都市：住
RPTSMLMKJIIFFCB77CB,三塊厝段,22.86,都市：住
RPPSMLMKJIIFFCB37CB,三塊厝段,21.19,都市：住
RPUSMLMKJIIFFCB87CB,三塊厝段,22.86,都市：住
RPOTMLMKJIIFFCB37CB,三塊厝段,32.05,都市：住
RPXSMLMKJIIFFCB18CB,三塊厝段,32.05,都市：住
RPRSMLMKJIIFFCB57CB,三塊厝段,21.19,都市：住
RPWSMLMKJIIFFCB08CB,三塊厝段,32.05,都市：住
RPPTMLMKJIIFFCB47CB,三塊厝段,32.05,都市：住
RPVSMLMKJIIFFCB97CB,三塊厝段,22.86,都市：住
RPQTMLMKJIIFFCB57CB,三塊厝段,32.05,都市：住
RPRTMLMKJIIFFCB67CB,三塊厝段,32.05,都市：住
RPSTMLMKJIIFFCB77CB,三塊厝段,32.05,都市：住
RPUTMLMKJIIFFCB97CB,三塊厝段,32.05,都市：住
RPTTMLMKJIIFFCB87CB,三塊厝段,32.05,都市：住
RPVTMLMKJIIFFCB08CB,三塊厝段,32.05,都市：住
RPQUMLMKJIIFFCB67CB,三塊厝段,32.05,都市：住
RPRUMLMKJIIFFCB77CB,三塊厝段,32.05,都市：住
RPTUMLMKJIIFFCB97CB,三塊厝段,32.05,都市：住
RPXTMLMKJIIFFCB28CB,三塊厝段,32.05,都市：住
RPPUMLMKJIIFFCB57CB,三塊厝段,32.05,都市：住
RPSUMLMKJIIFFCB87CB,三塊厝段,32.05,都市：住
RPUUMLMKJIIFFCB08CB,三塊厝段,32.05,都市：住
RPWTMLMKJIIFFCB18CB,三塊厝段,32.05,都市：住
RPOUMLMKJIIFFCB47CB,三塊厝段,32.05,都市：住
RPOVMLMKJIIFFCB57CB,三塊厝段,32.05,都市：住
RPXUMLMKJIIFFCB38CB,三塊厝段,32.05,都市：住
RPWUMLMKJIIFFCB28CB,三塊厝段,32.05,都市：住
RPVUMLMKJIIFFCB18CB,三塊厝段,32.05,都市：住
RPQVMLMKJIIFFCB77CB,三塊厝段,32.05,都市：住
RPSVMLMKJIIFFCB97CB,三塊厝段,32.05,都市：住
RPPVMLMKJIIFFCB67CB,三塊厝段,32.05,都市：住
RPRVMLMKJIIFFCB87CB,三塊厝段,32.05,都市：住
RPOWMLMKJIIFFCB67CB,三塊厝段,40.48,都市：住
RPPSMLPKJIIFFCL78DB,龍目井段水裡社小段,80.00,都市：住
RPXSMLPKJIIFFCL96DB,龍目井段水裡社小段,67.00,都市：住
RPXSMLPKJIIFFCL96DB,龍目井段水裡社小段,18.36,都市：住
RPOTMLPKJIIFFCL78DB,龍目井段水裡社小段,67.00,都市：住
RPOTMLPKJIIFFCL78DB,龍目井段水裡社小段,18.36,都市：住
RPOSMLPKJIIFFCL68DB,龍目井段水裡社小段,83.00,都市：住
RPSSMLPKJIIFFCL09DB,龍目井段水裡社小段,80.00,都市：住
RPWSMLPKJIIFFCL86DB,龍目井段水裡社小段,67.00,都市：住
RPWSMLPKJIIFFCL86DB,龍目井段水裡社小段,18.36,都市：住
RPPTMLPKJIIFFCL88DB,龍目井段水裡社小段,67.00,都市：住
RPPTMLPKJIIFFCL88DB,龍目井段水裡社小段,18.36,都市：住
RPQSMLPKJIIFFCL88DB,龍目井段水裡社小段,80.00,都市：住
RPTSMLPKJIIFFCL56DB,龍目井段水裡社小段,80.00,都市：住
RPUSMLPKJIIFFCL66DB,龍目井段水裡社小段,80.00,都市：住
RPVSMLPKJIIFFCL76DB,龍目井段水裡社小段,72.00,都市：住
RPVSMLPKJIIFFCL76DB,龍目井段水裡社小段,18.36,都市：住
RPXRMLPKJIIFFCL86DB,龍目井段水裡社小段,64.00,都市：住
RPXRMLPKJIIFFCL86DB,龍目井段水裡社小段,18.36,都市：住
RPQTMLPKJIIFFCL98DB,龍目井段水裡社小段,67.00,都市：住
RPQTMLPKJIIFFCL98DB,龍目井段水裡社小段,18.36,都市：住
RPRTMLPKJIIFFCL09DB,龍目井段水裡社小段,86.00,都市：住
RPRTMLPKJIIFFCL09DB,龍目井段水裡社小段,18.36,都市：住
RPSTMLPKJIIFFCL56DB,龍目井段水裡社小段,80.00,都市：住
RPSTMLPKJIIFFCL56DB,龍目井段水裡社小段,18.36,都市：住
RPTTMLPKJIIFFCL66DB,龍目井段水裡社小段,65.00,都市：住
RPTTMLPKJIIFFCL66DB,龍目井段水裡社小段,18.36,都市：住
RPUTMLPKJIIFFCL76DB,龍目井段水裡社小段,68.00,都市：住
RPUTMLPKJIIFFCL76DB,龍目井段水裡社小段,18.36,都市：住
RPVTMLPKJIIFFCL86DB,龍目井段水裡社小段,69.00,都市：住
RPVTMLPKJIIFFCL86DB,龍目井段水裡社小段,18.36,都市：住
RPWTMLPKJIIFFCL96DB,龍目井段水裡社小段,72.00,都市：住
RPWTMLPKJIIFFCL96DB,龍目井段水裡社小段,18.36,都市：住
RPPNMLQKJIIFFCL38DB,龍目井段水裡社小段,67.00,都市：住
RPOOMLQKJIIFFCL38DB,龍目井段水裡社小段,134.00,都市：住
RPPOMLQKJIIFFCL48DB,龍目井段水裡社小段,103.00,都市：住
RPVNMLQKJIIFFCL98DB,龍目井段水裡社小段,74.00,都市：住
RPUNMLQKJIIFFCL88DB,龍目井段水裡社小段,74.00,都市：住
RPWNMLQKJIIFFCL09DB,龍目井段水裡社小段,75.00,都市：住
RPXNMLQKJIIFFCL56DB,龍目井段水裡社小段,89.00,都市：住
RPSNMLQKJIIFFCL68DB,龍目井段水裡社小段,69.00,都市：住
RPQNMLQKJIIFFCL48DB,龍目井段水裡社小段,68.00,都市：住
RPTNMLQKJIIFFCL78DB,龍目井段水裡社小段,71.00,都市：住
RPSOMLQKJIIFFCL78DB,龍目井段水裡社小段,104.00,都市：住
RPVOMLQKJIIFFCL09DB,龍目井段水裡社小段,149.00,都市：住
RPTOMLQKJIIFFCL88DB,龍目井段水裡社小段,98.00,都市：住
RPUOMLQKJIIFFCL98DB,龍目井段水裡社小段,129.00,都市：住
RPROMLQKJIIFFCL68DB,龍目井段水裡社小段,102.00,都市：住
RPQOMLQKJIIFFCL58DB,龍目井段水裡社小段,102.00,都市：住
RPQPMLQKJIIFFCL68DB,龍目井段水裡社小段,79.00,都市：住
RPWOMLQKJIIFFCL56DB,龍目井段水裡社小段,88.00,都市：住
RPXOMLQKJIIFFCL66DB,龍目井段水裡社小段,94.00,都市：住
RPOPMLQKJIIFFCL48DB,龍目井段水裡社小段,85.00,都市：住
RPSPMLQKJIIFFCL88DB,龍目井段水裡社小段,89.00,都市：住
RPRPMLQKJIIFFCL78DB,龍目井段水裡社小段,73.00,都市：住
RPTPMLQKJIIFFCL98DB,龍目井段水裡社小段,111.00,都市：住
RPSNMLSKJIIFFCL88DB,龍目井段水裡社小段,127.00,都市：住
RPTNMLSKJIIFFCL98DB,龍目井段水裡社小段,66.00,都市：住
RPTNMLSKJIIFFCL98DB,龍目井段水裡社小段,18.36,都市：住
RPUOMLTKJIIFFHL07CB,育賢段,13.52,都市：商
RPTOMLTKJIIFFHL96CB,育賢段,13.52,都市：商
RPVOMLTKJIIFFHL17CB,育賢段,13.81,都市：商
RPXOMLTKJIIFFHL37CB,育賢段,13.52,都市：商
RPWOMLTKJIIFFHL27CB,育賢段,13.52,都市：商
RPTPMLLLJIIFFHL98CB,育賢段,13.52,都市：商
RPUPMLLLJIIFFHL09CB,育賢段,13.52,都市：商
RPWPMLLLJIIFFHL66CB,育賢段,13.52,都市：商
RPSPMLLLJIIFFHL88CB,育賢段,13.52,都市：商
RPOPMLLLJIIFFHL48CB,育賢段,13.52,都市：商
RPRPMLLLJIIFFHL78CB,育賢段,13.81,都市：商
RPPQMLLLJIIFFHL68CB,育賢段,13.52,都市：商
RPOQMLLLJIIFFHL58CB,育賢段,13.52,都市：商
RPQPMLLLJIIFFHL68CB,育賢段,13.24,都市：商
RPPPMLLLJIIFFHL58CB,育賢段,13.81,都市：商
RPRQMLLLJIIFFHL88CB,育賢段,13.52,都市：商
RPQQMLLLJIIFFHL78CB,育賢段,13.52,都市：商
RPSQMLLLJIIFFHL98CB,育賢段,13.52,都市：商
RPUQMLLLJIIFFHL56CB,育賢段,13.81,都市：商
RPTQMLLLJIIFFHL09CB,育賢段,13.52,都市：商
RPVQMLLLJIIFFHL66CB,育賢段,13.52,都市：商
RPORMLLLJIIFFHL68CB,育賢段,13.52,都市：商
RPWQMLLLJIIFFHL76CB,育賢段,13.52,都市：商
RPUNMLMLJIIFFHL98CB,育賢段,13.52,都市：商
RPTNMLMLJIIFFHL88CB,育賢段,13.81,都市：商
RPSOMLMLJIIFFHL88CB,育賢段,13.52,都市：商
RPROMLMLJIIFFHL78CB,育賢段,13.81,都市：商
RPPOMLMLJIIFFHL58CB,育賢段,13.52,都市：商
RPVNMLMLJIIFFHL09CB,育賢段,13.52,都市：商
RPSNMLMLJIIFFHL78CB,育賢段,13.52,都市：商
RPTOMLMLJIIFFHL98CB,育賢段,13.52,都市：商
RPWOMLMLJIIFFHL66CB,育賢段,13.52,都市：商
RPUOMLMLJIIFFHL09CB,育賢段,13.81,都市：商
RPVOMLMLJIIFFHL56CB,育賢段,13.52,都市：商
RPXOMLMLJIIFFHL76CB,育賢段,13.52,都市：商
RPOQMLMLJIIFFHL68CB,育賢段,13.52,都市：商
RPXPMLMLJIIFFHL86CB,育賢段,13.81,都市：商
RPWPMLMLJIIFFHL76CB,育賢段,13.81,都市：商
RPPPMLMLJIIFFHL68CB,育賢段,13.52,都市：商
RPRPMLMLJIIFFHL88CB,育賢段,13.52,都市：商
RPPOMLPLJIIFFHL88CB,育賢段,13.52,都市：商
RPQOMLPLJIIFFHL98CB,育賢段,13.52,都市：商
RPWOMLPLJIIFFHL96CB,育賢段,12.68,都市：商
RPPPMLPLJIIFFHL98CB,育賢段,12.68,都市：商
RPOPMLPLJIIFFHL88CB,育賢段,12.68,都市：商
RPUOMLPLJIIFFHL76CB,育賢段,12.96,都市：商
RPXOMLPLJIIFFHL07CB,育賢段,12.68,都市：商
RPTOMLPLJIIFFHL66CB,育賢段,12.68,都市：商
RPROMLPLJIIFFHL09CB,育賢段,12.68,都市：商
RPVOMLPLJIIFFHL86CB,育賢段,12.68,都市：商
RPXPMLPLJIIFFHL17CB,育賢段,20.00,都市：商
RPTPMLPLJIIFFHL76CB,育賢段,20.29,都市：商
RPQPMLPLJIIFFHL09CB,育賢段,12.68,都市：商
RPSPMLPLJIIFFHL66CB,育賢段,12.68,都市：商
RPQQMLPLJIIFFHL56CB,育賢段,20.00,都市：商
RPUQMLPLJIIFFHL96CB,育賢段,20.00,都市：商
RPUPMLPLJIIFFHL86CB,育賢段,20.00,都市：商
RPWQMLPLJIIFFHL17CB,育賢段,20.00,都市：商
RPTQMLPLJIIFFHL86CB,育賢段,20.00,都市：商
RPWPMLPLJIIFFHL07CB,育賢段,20.00,都市：商
RPQRMLPLJIIFFHL66CB,育賢段,20.00,都市：商
RPRRMLPLJIIFFHL76CB,育賢段,20.00,都市：商
RPWNMLQLJIIFFHL96CB,育賢段,20.00,都市：商
RPUNMLQLJIIFFHL76CB,育賢段,20.29,都市：商
RPVNMLQLJIIFFHL86CB,育賢段,20.29,都市：商
RPQOMLQLJIIFFHL09CB,育賢段,24.23,都市：商
RPROMLQLJIIFFHL56CB,育賢段,24.51,都市：商
RPTOMLQLJIIFFHL76CB,育賢段,24.23,都市：商
RPWOMLQLJIIFFHL07CB,育賢段,24.51,都市：商
RPVOMLQLJIIFFHL96CB,育賢段,24.23,都市：商
RPXOMLQLJIIFFHL17CB,育賢段,24.51,都市：商
RPSOMLQLJIIFFHL66CB,育賢段,24.23,都市：商
RPPOMLQLJIIFFHL98CB,育賢段,24.23,都市：商
RPXNMLQLJIIFFHL07CB,育賢段,20.29,都市：商
RPUOMLQLJIIFFHL86CB,育賢段,24.51,都市：商
RPOPMLQLJIIFFHL98CB,育賢段,24.23,都市：商
RPPPMLQLJIIFFHL09CB,育賢段,24.23,都市：商
RPRPMLQLJIIFFHL66CB,育賢段,24.51,都市：商
RPQPMLQLJIIFFHL56CB,育賢段,24.51,都市：商
RPVPMLQLJIIFFHL07CB,育賢段,24.23,都市：商
RPUPMLQLJIIFFHL96CB,育賢段,24.23,都市：商
RPSPMLQLJIIFFHL76CB,育賢段,24.51,都市：商
RPTPMLQLJIIFFHL86CB,育賢段,24.51,都市：商
RPQOMLRLJIIFFHL56CB,育賢段,24.23,都市：商
RPUOMLRLJIIFFHL96CB,育賢段,24.23,都市：商
RPOOMLRLJIIFFHL98CB,育賢段,12.68,都市：商
RPVNMLRLJIIFFHL96CB,育賢段,27.61,都市：商
RPUNMLRLJIIFFHL86CB,育賢段,39.73,都市：商
RPWNMLRLJIIFFHL07CB,育賢段,12.68,都市：商
RPTOMLRLJIIFFHL86CB,育賢段,24.23,都市：商
RPPOMLRLJIIFFHL09CB,育賢段,12.68,都市：商
RPROMLRLJIIFFHL66CB,育賢段,24.23,都市：商
RPXNMLRLJIIFFHL17CB,育賢段,12.68,都市：商
RPVOMLRLJIIFFHL07CB,育賢段,24.23,都市：商
RPOPMLRLJIIFFHL09CB,育賢段,24.23,都市：商
RPPPMLRLJIIFFHL56CB,育賢段,24.23,都市：商
RPVPMLRLJIIFFHL17CB,育賢段,20.00,都市：商
RPUPMLRLJIIFFHL07CB,育賢段,20.29,都市：商
RPQPMLRLJIIFFHL66CB,育賢段,24.23,都市：商
RPSPMLRLJIIFFHL86CB,育賢段,24.51,都市：商
RPTPMLRLJIIFFHL96CB,育賢段,24.51,都市：商
RPWPMLRLJIIFFHL27CB,育賢段,20.00,都市：商
RPRPMLRLJIIFFHL76CB,育賢段,24.23,都市：商
RPOQMLRLJIIFFHL56CB,育賢段,20.29,都市：商
RPVQMLRLJIIFFHL27CB,育賢段,20.00,都市：商
RPPQMLRLJIIFFHL66CB,育賢段,20.00,都市：商
RPQQMLRLJIIFFHL76CB,育賢段,20.00,都市：商
RPWQMLRLJIIFFHL37CB,育賢段,20.29,都市：商
RPPRMLRLJIIFFHL76CB,育賢段,20.00,都市：商
RPORMLRLJIIFFHL66CB,育賢段,20.00,都市：商
RPQRMLRLJIIFFHL86CB,育賢段,20.00,都市：商
RPXQMLRLJIIFFHL47CB,育賢段,20.29,都市：商
RPRRMLRLJIIFFHL96CB,育賢段,20.29,都市：商
RPQNMLSLJIIFFHL56CB,育賢段,12.68,都市：商
RPUNMLSLJIIFFHL96CB,育賢段,12.40,都市：商
RPRNMLSLJIIFFHL66CB,育賢段,12.96,都市：商
RPSNMLSLJIIFFHL76CB,育賢段,12.68,都市：商
RPVNMLSLJIIFFHL07CB,育賢段,12.68,都市：商
RPQOMLSLJIIFFHL66CB,育賢段,12.68,都市：商
RPRPMLSLJIIFFHL86CB,育賢段,12.68,都市：商
RPROMLSLJIIFFHL76CB,育賢段,12.68,都市：商
RPPPMLSLJIIFFHL66CB,育賢段,12.68,都市：商
RPOPMLSLJIIFFHL56CB,育賢段,12.68,都市：商
RPQPMLSLJIIFFHL76CB,育賢段,12.68,都市：商
RPUOMLSLJIIFFHL07CB,育賢段,20.00,都市：商
RPSPMLSLJIIFFHL96CB,育賢段,12.68,都市：商
RPTPMLSLJIIFFHL07CB,育賢段,12.96,都市：商
RPSOMLSLJIIFFHL86CB,育賢段,12.68,都市：商
RPUPMLSLJIIFFHL17CB,育賢段,23.67,都市：商
RPUNMLTLJIIFFHL07CB,育賢段,12.68,都市：商
RPSNMLTLJIIFFHL86CB,育賢段,12.68,都市：商
RPSOMLTLJIIFFHL96CB,育賢段,12.68,都市：商
RPWNMLTLJIIFFHL27CB,育賢段,12.68,都市：商
RPXNMLTLJIIFFHL37CB,育賢段,12.68,都市：商
RPOOMLTLJIIFFHL56CB,育賢段,12.68,都市：商
RPQOMLTLJIIFFHL76CB,育賢段,12.96,都市：商
RPPOMLTLJIIFFHL66CB,育賢段,12.96,都市：商
RPVNMLTLJIIFFHL17CB,育賢段,12.68,都市：商
RPROMLTLJIIFFHL86CB,育賢段,12.96,都市：商
RPUOMLTLJIIFFHL17CB,育賢段,12.96,都市：商
RPOPMLTLJIIFFHL66CB,育賢段,25.36,都市：商
RPVOMLTLJIIFFHL27CB,育賢段,12.68,都市：商
RPRPMLTLJIIFFHL96CB,育賢段,25.08,都市：商
RPXOMLTLJIIFFHL47CB,育賢段,12.96,都市：商
RPWOMLTLJIIFFHL37CB,育賢段,12.68,都市：商
RPSPMLTLJIIFFHL07CB,育賢段,25.08,都市：商
RPQPMLTLJIIFFHL86CB,育賢段,25.08,都市：商
RPVPMLTLJIIFFHL37CB,育賢段,25.08,都市：商
RPOQMLTLJIIFFHL76CB,育賢段,25.36,都市：商
RPWPMLTLJIIFFHL47CB,育賢段,25.08,都市：商
RPQQMLTLJIIFFHL96CB,育賢段,25.08,都市：商
RPRQMLTLJIIFFHL07CB,育賢段,25.64,都市：商
RPSQMLTLJIIFFHL17CB,育賢段,25.08,都市：商
RPTPMLTLJIIFFHL17CB,育賢段,25.08,都市：商
RPXPMLTLJIIFFHL57CB,育賢段,25.08,都市：商
RPPQMLTLJIIFFHL86CB,育賢段,25.08,都市：商
RPUPMLTLJIIFFHL27CB,育賢段,25.08,都市：商
RPTQMLTLJIIFFHL27CB,育賢段,25.36,都市：商
RPWNMLMKKIIFFGL09CB,新甲段,96.96,非都市：鄉村區 ; 非都市編定：乙種建築用地
RPSOMLMKKIIFFGL78CB,新甲段,92.31,非都市：鄉村區 ; 非都市編定：乙種建築用地
RPOOMLMKKIIFFGL38CB,新甲段,92.31,非都市：鄉村區 ; 非都市編定：乙種建築用地
RPTOMLMKKIIFFGL88CB,新甲段,92.31,非都市：鄉村區 ; 非都市編定：乙種建築用地
RPQOMLMKKIIFFGL58CB,新甲段,92.31,非都市：鄉村區 ; 非都市編定：乙種建築用地
RPQPMLMKKIIFFGL68CB,新甲段,92.31,非都市：鄉村區 ; 非都市編定：乙種建築用地
RPVOMLMKKIIFFGL09CB,新甲段,103.84,非都市：鄉村區 ; 非都市編定：乙種建築用地
RPPOMLMKKIIFFGL48CB,新甲段,94.54,非都市：鄉村區 ; 非都市編定：乙種建築用地
RPXOMLMKKIIFFGL66CB,新甲段,100.45,非都市：鄉村區 ; 非都市編定：乙種建築用地
RPOPMLMKKIIFFGL48CB,新甲段,92.78,非都市：鄉村區 ; 非都市編定：乙種建築用地
RPSPMLMKKIIFFGL88CB,新甲段,92.31,非都市：鄉村區 ; 非都市編定：乙種建築用地
RPXPMLNKKIIFFCB08CB,下石碑段,27.03,都市：住
RPUPMLNKKIIFFCB77CB,下石碑段,27.03,都市：住
RPVPMLNKKIIFFCB87CB,下石碑段,27.03,都市：住
RPWPMLNKKIIFFCB97CB,下石碑段,27.03,都市：住
RPOQMLNKKIIFFCB27CB,下石碑段,27.03,都市：住
RPPQMLNKKIIFFCB37CB,下石碑段,27.03,都市：住
RPRQMLNKKIIFFCB57CB,下石碑段,27.03,都市：住
RPRPMLMKKIIFFGL78CB,新甲段,80.60,非都市：鄉村區 ; 非都市編定：乙種建築用地
RPQOMLQKKIIFFHL09CB,育賢段,29.62,都市：住
RPUOMLQKKIIFFHL86CB,育賢段,29.62,都市：住
RPPOMLQKKIIFFHL98CB,育賢段,29.62,都市：住
RPOOMLQKKIIFFHL88CB,育賢段,29.62,都市：住
RPXNMLQKKIIFFHL07CB,育賢段,29.62,都市：住
RPWNMLQKKIIFFHL96CB,育賢段,29.62,都市：住
RPTOMLQKKIIFFHL76CB,育賢段,29.62,都市：住
RPROMLQKKIIFFHL56CB,育賢段,29.62,都市：住
RPVNMLQKKIIFFHL86CB,育賢段,29.62,都市：住
RPSOMLQKKIIFFHL66CB,育賢段,29.62,都市：住
RPPPMLQKKIIFFHL09CB,育賢段,29.79,都市：住
RPXOMLQKKIIFFHL17CB,育賢段,29.83,都市：住
RPVOMLQKKIIFFHL96CB,育賢段,29.62,都市：住
RPWOMLQKKIIFFHL07CB,育賢段,29.83,都市：住
RPQPMLQKKIIFFHL56CB,育賢段,29.83,都市：住
RPOPMLQKKIIFFHL98CB,育賢段,29.79,都市：住
RPSPMLQKKIIFFHL76CB,育賢段,29.83,都市：住
RPUPMLQKKIIFFHL96CB,育賢段,29.83,都市：住
RPTPMLQKKIIFFHL86CB,育賢段,29.83,都市：住
RPRPMLQKKIIFFHL66CB,育賢段,29.83,都市：住
RPSQMLQKKIIFFHL86CB,育賢段,26.97,都市：住
RPTQMLQKKIIFFHL96CB,育賢段,26.97,都市：住
RPVQMLQKKIIFFHL17CB,育賢段,26.97,都市：住
RPUQMLQKKIIFFHL07CB,育賢段,26.97,都市：住
RPOQMLQKKIIFFHL09CB,育賢段,26.97,都市：住
RPWPMLQKKIIFFHL17CB,育賢段,29.83,都市：住
RPVPMLQKKIIFFHL07CB,育賢段,29.83,都市：住
RPPQMLQKKIIFFHL56CB,育賢段,26.97,都市：住
RPRQMLQKKIIFFHL76CB,育賢段,26.97,都市：住
RPQQMLQKKIIFFHL66CB,育賢段,26.97,都市：住
RPORMLQKKIIFFHL56CB,育賢段,26.97,都市：住
RPPRMLQKKIIFFHL66CB,育賢段,26.97,都市：住
RPWQMLQKKIIFFHL27CB,育賢段,26.97,都市：住
RPQRMLQKKIIFFHL76CB,育賢段,23.73,都市：住
RPSRMLQKKIIFFHL96CB,育賢段,23.73,都市：住
RPRRMLQKKIIFFHL86CB,育賢段,23.73,都市：住
RPXQMLQKKIIFFHL37CB,育賢段,26.97,都市：住
RPTRMLQKKIIFFHL07CB,育賢段,23.73,都市：住
RPURMLQKKIIFFHL17CB,育賢段,23.73,都市：住
RPVRMLQKKIIFFHL27CB,育賢段,23.73,都市：住
RPWRMLQKKIIFFHL37CB,育賢段,23.73,都市：住
RPOSMLQKKIIFFHL66CB,育賢段,23.73,都市：住
RPQSMLQKKIIFFHL86CB,育賢段,23.73,都市：住
RPXRMLQKKIIFFHL47CB,育賢段,23.73,都市：住
RPUSMLQKKIIFFHL27CB,育賢段,23.73,都市：住
RPWSMLQKKIIFFHL47CB,育賢段,23.73,都市：住
RPTSMLQKKIIFFHL17CB,育賢段,23.73,都市：住
RPPSMLQKKIIFFHL76CB,育賢段,23.73,都市：住
RPSSMLQKKIIFFHL07CB,育賢段,23.73,都市：住
RPXSMLQKKIIFFHL57CB,育賢段,23.73,都市：住
RPVSMLQKKIIFFHL37CB,育賢段,23.73,都市：住
RPPTMLQKKIIFFHL86CB,育賢段,23.73,都市：住
RPUTMLQKKIIFFHL37CB,育賢段,25.35,都市：住
RPXTMLQKKIIFFHL67CB,育賢段,25.35,都市：住
RPSTMLQKKIIFFHL17CB,育賢段,23.73,都市：住
RPVTMLQKKIIFFHL47CB,育賢段,25.35,都市：住
RPOTMLQKKIIFFHL76CB,育賢段,23.73,都市：住
RPQTMLQKKIIFFHL96CB,育賢段,23.73,都市：住
RPRTMLQKKIIFFHL07CB,育賢段,23.73,都市：住
RPWTMLQKKIIFFHL57CB,育賢段,25.35,都市：住
RPTTMLQKKIIFFHL27CB,育賢段,25.35,都市：住
RPOUMLQKKIIFFHL86CB,育賢段,25.35,都市：住
RPRUMLQKKIIFFHL17CB,育賢段,25.35,都市：住
RPPUMLQKKIIFFHL96CB,育賢段,25.35,都市：住
RPQUMLQKKIIFFHL07CB,育賢段,25.35,都市：住
RPXUMLQKKIIFFHL77CB,育賢段,29.62,都市：住
RPSVMLQKKIIFFHL37CB,育賢段,29.62,都市：住
RPQVMLQKKIIFFHL17CB,育賢段,29.62,都市：住
RPRVMLQKKIIFFHL27CB,育賢段,29.62,都市：住
RPVUMLQKKIIFFHL57CB,育賢段,29.62,都市：住
RPOVMLQKKIIFFHL96CB,育賢段,29.62,都市：住
RPSUMLQKKIIFFHL27CB,育賢段,25.35,都市：住
RPUVMLQKKIIFFHL57CB,育賢段,29.83,都市：住
RPPVMLQKKIIFFHL07CB,育賢段,29.62,都市：住
RPTVMLQKKIIFFHL47CB,育賢段,29.62,都市：住
RPWVMLQKKIIFFHL77CB,育賢段,29.83,都市：住
RPOWMLQKKIIFFHL07CB,育賢段,29.83,都市：住
RPXVMLQKKIIFFHL87CB,育賢段,29.83,都市：住
RPSWMLQKKIIFFHL47CB,育賢段,26.97,都市：住
RPUWMLQKKIIFFHL67CB,育賢段,26.97,都市：住
RPRWMLQKKIIFFHL37CB,育賢段,29.83,都市：住
RPVVMLQKKIIFFHL67CB,育賢段,29.83,都市：住
RPTWMLQKKIIFFHL57CB,育賢段,26.97,都市：住
RPPWMLQKKIIFFHL17CB,育賢段,29.83,都市：住
RPQWMLQKKIIFFHL27CB,育賢段,29.83,都市：住
RPQNNLQKKIIFFHL09CB,育賢段,23.73,都市：住
RPWWMLQKKIIFFHL87CB,育賢段,26.97,都市：住
RPXWMLQKKIIFFHL97CB,育賢段,26.97,都市：住
RPUNNLQKKIIFFHL86CB,育賢段,23.73,都市：住
RPPNNLQKKIIFFHL98CB,育賢段,26.97,都市：住
RPVWMLQKKIIFFHL77CB,育賢段,26.97,都市：住
RPONNLQKKIIFFHL88CB,育賢段,26.97,都市：住
RPSNNLQKKIIFFHL66CB,育賢段,23.73,都市：住
RPRNNLQKKIIFFHL56CB,育賢段,23.73,都市：住
RPTNNLQKKIIFFHL76CB,育賢段,23.73,都市：住
RPOONLQKKIIFFHL98CB,育賢段,23.73,都市：住
RPWNNLQKKIIFFHL07CB,育賢段,23.73,都市：住
RPXNNLQKKIIFFHL17CB,育賢段,23.73,都市：住
RPXONLQKKIIFFHL27CB,育賢段,23.73,都市：住
RPSONLQKKIIFFHL76CB,育賢段,23.73,都市：住
RPWONLQKKIIFFHL17CB,育賢段,23.73,都市：住
RPVONLQKKIIFFHL07CB,育賢段,23.73,都市：住
RPQONLQKKIIFFHL56CB,育賢段,23.73,都市：住
RPVNNLQKKIIFFHL96CB,育賢段,23.73,都市：住
RPRONLQKKIIFFHL66CB,育賢段,23.73,都市：住
RPPONLQKKIIFFHL09CB,育賢段,23.73,都市：住
RPOPNLQKKIIFFHL09CB,育賢段,23.73,都市：住
RPRPNLQKKIIFFHL76CB,育賢段,25.35,都市：住
RPSPNLQKKIIFFHL86CB,育賢段,25.35,都市：住
RPTPNLQKKIIFFHL96CB,育賢段,25.35,都市：住
RPPPNLQKKIIFFHL56CB,育賢段,23.73,都市：住
RPQPNLQKKIIFFHL66CB,育賢段,23.73,都市：住
RPUPNLQKKIIFFHL07CB,育賢段,25.35,都市：住
RPXPNLQKKIIFFHL37CB,育賢段,25.35,都市：住
RPQRNLQKKIIFFHL86CB,育賢段,39.82,都市：住
RPORNLQKKIIFFHL66CB,育賢段,39.39,都市：住
RPUQNLQKKIIFFHL17CB,育賢段,29.62,都市：住
RPSQNLQKKIIFFHL96CB,育賢段,25.35,都市：住
RPVQNLQKKIIFFHL27CB,育賢段,29.83,都市：住
RPXQNLQKKIIFFHL47CB,育賢段,39.39,都市：住
RPQVNLMJJHJFFCB77CB,豐業段,7.97,都市：住
RPQVNLMJJHJFFCB77CB,豐業段,3.30,都市：住
RPPVNLMJJHJFFCB67CB,豐業段,7.97,都市：住
RPQVNLMJJHJFFCB77CB,豐業段,.67,都市：住
RPPVNLMJJHJFFCB67CB,豐業段,3.30,都市：住
RPQVNLMJJHJFFCB77CB,豐業段,.45,都市：住
RPPVNLMJJHJFFCB67CB,豐業段,.67,都市：住
RPPVNLMJJHJFFCB67CB,豐業段,.45,都市：住
RPSVNLMJJHJFFCB97CB,豐業段,7.97,都市：住
RPSVNLMJJHJFFCB97CB,豐業段,3.30,都市：住
RPSVNLMJJHJFFCB97CB,豐業段,.67,都市：住
RPSVNLMJJHJFFCB97CB,豐業段,.45,都市：住
RPWVNLMJJHJFFCB38CB,豐業段,7.97,都市：住
RPWVNLMJJHJFFCB38CB,豐業段,3.30,都市：住
RPWVNLMJJHJFFCB38CB,豐業段,.67,都市：住
RPWVNLMJJHJFFCB38CB,豐業段,.45,都市：住
RPXVNLMJJHJFFCB48CB,豐業段,8.47,都市：住
RPXVNLMJJHJFFCB48CB,豐業段,3.51,都市：住
RPXVNLMJJHJFFCB48CB,豐業段,.72,都市：住
RPXVNLMJJHJFFCB48CB,豐業段,.53,都市：住
RPVVNLMJJHJFFCB28CB,豐業段,8.47,都市：住
RPVVNLMJJHJFFCB28CB,豐業段,3.51,都市：住
RPVVNLMJJHJFFCB28CB,豐業段,.72,都市：住
RPVVNLMJJHJFFCB28CB,豐業段,.53,都市：住
RPRVNLMJJHJFFCB87CB,豐業段,7.97,都市：住
RPRVNLMJJHJFFCB87CB,豐業段,3.30,都市：住
RPRVNLMJJHJFFCB87CB,豐業段,.67,都市：住
RPRVNLMJJHJFFCB87CB,豐業段,.45,都市：住
RPTVNLMJJHJFFCB08CB,豐業段,7.97,都市：住
RPTVNLMJJHJFFCB08CB,豐業段,3.30,都市：住
RPTVNLMJJHJFFCB08CB,豐業段,.67,都市：住
RPTVNLMJJHJFFCB08CB,豐業段,.45,都市：住
RPOWNLMJJHJFFCB67CB,豐業段,7.97,都市：住
RPOWNLMJJHJFFCB67CB,豐業段,3.30,都市：住
RPOWNLMJJHJFFCB67CB,豐業段,.67,都市：住
RPOWNLMJJHJFFCB67CB,豐業段,.45,都市：住
RPUVNLMJJHJFFCB18CB,豐業段,7.97,都市：住
RPUVNLMJJHJFFCB18CB,豐業段,3.30,都市：住
RPUVNLMJJHJFFCB18CB,豐業段,.67,都市：住
RPUVNLMJJHJFFCB18CB,豐業段,.45,都市：住
RPPWNLMJJHJFFCB77CB,豐業段,7.97,都市：住
RPPWNLMJJHJFFCB77CB,豐業段,3.30,都市：住
RPPWNLMJJHJFFCB77CB,豐業段,.67,都市：住
RPPWNLMJJHJFFCB77CB,豐業段,.45,都市：住
RPVWNLMJJHJFFCB38CB,豐業段,7.97,都市：住
RPVWNLMJJHJFFCB38CB,豐業段,3.30,都市：住
RPVWNLMJJHJFFCB38CB,豐業段,.67,都市：住
RPVWNLMJJHJFFCB38CB,豐業段,.45,都市：住
RPSWNLMJJHJFFCB08CB,豐業段,7.97,都市：住
RPSWNLMJJHJFFCB08CB,豐業段,3.30,都市：住
RPSWNLMJJHJFFCB08CB,豐業段,.67,都市：住
RPSWNLMJJHJFFCB08CB,豐業段,.45,都市：住
RPRWNLMJJHJFFCB97CB,豐業段,8.47,都市：住
RPRWNLMJJHJFFCB97CB,豐業段,3.51,都市：住
RPRWNLMJJHJFFCB97CB,豐業段,.72,都市：住
RPRWNLMJJHJFFCB97CB,豐業段,.53,都市：住
RPUWNLMJJHJFFCB28CB,豐業段,7.97,都市：住
RPUWNLMJJHJFFCB28CB,豐業段,3.30,都市：住
RPUWNLMJJHJFFCB28CB,豐業段,.67,都市：住
RPUWNLMJJHJFFCB28CB,豐業段,.45,都市：住
RPTWNLMJJHJFFCB18CB,豐業段,8.47,都市：住
RPTWNLMJJHJFFCB18CB,豐業段,3.51,都市：住
RPTWNLMJJHJFFCB18CB,豐業段,.72,都市：住
RPTWNLMJJHJFFCB18CB,豐業段,.53,都市：住
RPWWNLMJJHJFFCB48CB,豐業段,7.97,都市：住
RPWWNLMJJHJFFCB48CB,豐業段,3.30,都市：住
RPWWNLMJJHJFFCB48CB,豐業段,.67,都市：住
RPWWNLMJJHJFFCB48CB,豐業段,.45,都市：住
RPQWNLMJJHJFFCB87CB,豐業段,9.13,都市：住
RPQWNLMJJHJFFCB87CB,豐業段,3.73,都市：住
RPQWNLMJJHJFFCB87CB,豐業段,.76,都市：住
RPQWNLMJJHJFFCB87CB,豐業段,.57,都市：住
RPONOLMJJHJFFCB86CB,豐業段,8.47,都市：住
RPONOLMJJHJFFCB86CB,豐業段,3.51,都市：住
RPONOLMJJHJFFCB86CB,豐業段,.72,都市：住
RPONOLMJJHJFFCB86CB,豐業段,.53,都市：住
RPXWNLMJJHJFFCB58CB,豐業段,7.97,都市：住
RPXWNLMJJHJFFCB58CB,豐業段,3.30,都市：住
RPXWNLMJJHJFFCB58CB,豐業段,.67,都市：住
RPXWNLMJJHJFFCB58CB,豐業段,.45,都市：住
RPPNOLMJJHJFFCB96CB,豐業段,7.97,都市：住
RPPNOLMJJHJFFCB96CB,豐業段,3.30,都市：住
RPPNOLMJJHJFFCB96CB,豐業段,.67,都市：住
RPPNOLMJJHJFFCB96CB,豐業段,.45,都市：住
RPQNOLMJJHJFFCB07CB,豐業段,7.97,都市：住
RPQNOLMJJHJFFCB07CB,豐業段,3.30,都市：住
RPQNOLMJJHJFFCB07CB,豐業段,.67,都市：住
RPQNOLMJJHJFFCB07CB,豐業段,.45,都市：住
RPRNOLMJJHJFFCB17CB,豐業段,7.97,都市：住
RPRNOLMJJHJFFCB17CB,豐業段,3.30,都市：住
RPRNOLMJJHJFFCB17CB,豐業段,.67,都市：住
RPRNOLMJJHJFFCB17CB,豐業段,.45,都市：住
RPTNOLMJJHJFFCB37CB,豐業段,7.97,都市：住
RPTNOLMJJHJFFCB37CB,豐業段,3.30,都市：住
RPTNOLMJJHJFFCB37CB,豐業段,.67,都市：住
RPTNOLMJJHJFFCB37CB,豐業段,.45,都市：住
RPSNOLMJJHJFFCB27CB,豐業段,7.97,都市：住
RPSNOLMJJHJFFCB27CB,豐業段,3.30,都市：住
RPSNOLMJJHJFFCB27CB,豐業段,.67,都市：住
RPSNOLMJJHJFFCB27CB,豐業段,.45,都市：住
RPUNOLMJJHJFFCB47CB,豐業段,7.97,都市：住
RPUNOLMJJHJFFCB47CB,豐業段,3.30,都市：住
RPUNOLMJJHJFFCB47CB,豐業段,.67,都市：住
RPUNOLMJJHJFFCB47CB,豐業段,.45,都市：住
RPVNOLMJJHJFFCB57CB,豐業段,8.47,都市：住
RPVNOLMJJHJFFCB57CB,豐業段,3.51,都市：住
RPVNOLMJJHJFFCB57CB,豐業段,.72,都市：住
RPVNOLMJJHJFFCB57CB,豐業段,.53,都市：住
RPWNOLMJJHJFFCB67CB,豐業段,7.97,都市：住
RPWNOLMJJHJFFCB67CB,豐業段,3.30,都市：住
RPWNOLMJJHJFFCB67CB,豐業段,.67,都市：住
RPWNOLMJJHJFFCB67CB,豐業段,.45,都市：住
RPOOOLMJJHJFFCB96CB,豐業段,8.47,都市：住
RPOOOLMJJHJFFCB96CB,豐業段,3.51,都市：住
RPOOOLMJJHJFFCB96CB,豐業段,.72,都市：住
RPOOOLMJJHJFFCB96CB,豐業段,.53,都市：住
RPPOOLMJJHJFFCB07CB,豐業段,7.97,都市：住
RPPOOLMJJHJFFCB07CB,豐業段,3.30,都市：住
RPPOOLMJJHJFFCB07CB,豐業段,.67,都市：住
RPPOOLMJJHJFFCB07CB,豐業段,.45,都市：住
RPQOOLMJJHJFFCB17CB,豐業段,8.47,都市：住
RPQOOLMJJHJFFCB17CB,豐業段,3.51,都市：住
RPQOOLMJJHJFFCB17CB,豐業段,.72,都市：住
RPQOOLMJJHJFFCB17CB,豐業段,.53,都市：住
RPVOOLMJJHJFFCB67CB,豐業段,8.47,都市：住
RPVOOLMJJHJFFCB67CB,豐業段,3.51,都市：住
RPVOOLMJJHJFFCB67CB,豐業段,.72,都市：住
RPVOOLMJJHJFFCB67CB,豐業段,.53,都市：住
RPSOOLMJJHJFFCB37CB,豐業段,7.97,都市：住
RPSOOLMJJHJFFCB37CB,豐業段,3.30,都市：住
RPSOOLMJJHJFFCB37CB,豐業段,.67,都市：住
RPSOOLMJJHJFFCB37CB,豐業段,.45,都市：住
RPTOOLMJJHJFFCB47CB,豐業段,8.47,都市：住
RPTOOLMJJHJFFCB47CB,豐業段,3.51,都市：住
RPTOOLMJJHJFFCB47CB,豐業段,.72,都市：住
RPTOOLMJJHJFFCB47CB,豐業段,.53,都市：住
RPUOOLMJJHJFFCB57CB,豐業段,7.97,都市：住
RPUOOLMJJHJFFCB57CB,豐業段,3.30,都市：住
RPUOOLMJJHJFFCB57CB,豐業段,.67,都市：住
RPUOOLMJJHJFFCB57CB,豐業段,.45,都市：住
RPWOOLMJJHJFFCB77CB,豐業段,7.97,都市：住
RPWOOLMJJHJFFCB77CB,豐業段,3.30,都市：住
RPWOOLMJJHJFFCB77CB,豐業段,.67,都市：住
RPWOOLMJJHJFFCB77CB,豐業段,.45,都市：住
RPPPOLMJJHJFFCB17CB,豐業段,8.47,都市：住
RPPPOLMJJHJFFCB17CB,豐業段,3.51,都市：住
RPPPOLMJJHJFFCB17CB,豐業段,.72,都市：住
RPPPOLMJJHJFFCB17CB,豐業段,.53,都市：住
RPOPOLMJJHJFFCB07CB,豐業段,7.97,都市：住
RPOPOLMJJHJFFCB07CB,豐業段,3.30,都市：住
RPOPOLMJJHJFFCB07CB,豐業段,.67,都市：住
RPOPOLMJJHJFFCB07CB,豐業段,.45,都市：住
RPXOOLMJJHJFFCB87CB,豐業段,8.47,都市：住
RPXOOLMJJHJFFCB87CB,豐業段,3.51,都市：住
RPXOOLMJJHJFFCB87CB,豐業段,.72,都市：住
RPXOOLMJJHJFFCB87CB,豐業段,.53,都市：住
RPSPOLMJJHJFFCB47CB,豐業段,5.81,都市：住
RPSPOLMJJHJFFCB47CB,豐業段,2.34,都市：住
RPSPOLMJJHJFFCB47CB,豐業段,.48,都市：住
RPSPOLMJJHJFFCB47CB,豐業段,.36,都市：住
RPTPOLMJJHJFFCB57CB,豐業段,5.81,都市：住
RPTPOLMJJHJFFCB57CB,豐業段,2.34,都市：住
RPTPOLMJJHJFFCB57CB,豐業段,.48,都市：住
RPTPOLMJJHJFFCB57CB,豐業段,.36,都市：住
RPVPOLMJJHJFFCB77CB,豐業段,5.81,都市：住
RPVPOLMJJHJFFCB77CB,豐業段,2.34,都市：住
RPVPOLMJJHJFFCB77CB,豐業段,.48,都市：住
RPVPOLMJJHJFFCB77CB,豐業段,.36,都市：住
RPWPOLMJJHJFFCB87CB,豐業段,5.81,都市：住
RPWPOLMJJHJFFCB87CB,豐業段,2.34,都市：住
RPWPOLMJJHJFFCB87CB,豐業段,.48,都市：住
RPWPOLMJJHJFFCB87CB,豐業段,.36,都市：住
RPUPOLMJJHJFFCB67CB,豐業段,5.81,都市：住
RPUPOLMJJHJFFCB67CB,豐業段,2.34,都市：住
RPUPOLMJJHJFFCB67CB,豐業段,.48,都市：住
RPUPOLMJJHJFFCB67CB,豐業段,.36,都市：住
RPXPOLMJJHJFFCB97CB,豐業段,5.81,都市：住
RPXPOLMJJHJFFCB97CB,豐業段,2.34,都市：住
RPXPOLMJJHJFFCB97CB,豐業段,.48,都市：住
RPXPOLMJJHJFFCB97CB,豐業段,.36,都市：住
RPOQOLMJJHJFFCB17CB,豐業段,5.81,都市：住
RPOQOLMJJHJFFCB17CB,豐業段,2.34,都市：住
RPOQOLMJJHJFFCB17CB,豐業段,.48,都市：住
RPOQOLMJJHJFFCB17CB,豐業段,.36,都市：住
RPQQOLMJJHJFFCB37CB,豐業段,5.81,都市：住
RPQQOLMJJHJFFCB37CB,豐業段,2.34,都市：住
RPQQOLMJJHJFFCB37CB,豐業段,.48,都市：住
RPQQOLMJJHJFFCB37CB,豐業段,.36,都市：住
RPPQOLMJJHJFFCB27CB,豐業段,5.81,都市：住
RPPQOLMJJHJFFCB27CB,豐業段,2.34,都市：住
RPPQOLMJJHJFFCB27CB,豐業段,.48,都市：住
RPPQOLMJJHJFFCB27CB,豐業段,.36,都市：住
RPUQOLMJJHJFFCB77CB,豐業段,5.81,都市：住
RPUQOLMJJHJFFCB77CB,豐業段,2.34,都市：住
RPUQOLMJJHJFFCB77CB,豐業段,.48,都市：住
RPUQOLMJJHJFFCB77CB,豐業段,.36,都市：住
RPTQOLMJJHJFFCB67CB,豐業段,5.81,都市：住
RPTQOLMJJHJFFCB67CB,豐業段,2.34,都市：住
RPTQOLMJJHJFFCB67CB,豐業段,.48,都市：住
RPTQOLMJJHJFFCB67CB,豐業段,.36,都市：住
RPSQOLMJJHJFFCB57CB,豐業段,5.81,都市：住
RPSQOLMJJHJFFCB57CB,豐業段,2.34,都市：住
RPSQOLMJJHJFFCB57CB,豐業段,.48,都市：住
RPSQOLMJJHJFFCB57CB,豐業段,.36,都市：住
RPWQOLMJJHJFFCB97CB,豐業段,5.81,都市：住
RPWQOLMJJHJFFCB97CB,豐業段,2.34,都市：住
RPWQOLMJJHJFFCB97CB,豐業段,.48,都市：住
RPWQOLMJJHJFFCB97CB,豐業段,.36,都市：住
RPVQOLMJJHJFFCB87CB,豐業段,5.81,都市：住
RPVQOLMJJHJFFCB87CB,豐業段,2.34,都市：住
RPVQOLMJJHJFFCB87CB,豐業段,.48,都市：住
RPVQOLMJJHJFFCB87CB,豐業段,.36,都市：住
RPXQOLMJJHJFFCB08CB,豐業段,5.81,都市：住
RPXQOLMJJHJFFCB08CB,豐業段,2.34,都市：住
RPXQOLMJJHJFFCB08CB,豐業段,.48,都市：住
RPXQOLMJJHJFFCB08CB,豐業段,.36,都市：住
RPRQOLMJJHJFFCB47CB,豐業段,5.81,都市：住
RPRQOLMJJHJFFCB47CB,豐業段,2.34,都市：住
RPRQOLMJJHJFFCB47CB,豐業段,.48,都市：住
RPRQOLMJJHJFFCB47CB,豐業段,.36,都市：住
RPOROLMJJHJFFCB27CB,豐業段,5.81,都市：住
RPOROLMJJHJFFCB27CB,豐業段,2.34,都市：住
RPOROLMJJHJFFCB27CB,豐業段,.48,都市：住
RPOROLMJJHJFFCB27CB,豐業段,.36,都市：住
RPPROLMJJHJFFCB37CB,豐業段,5.81,都市：住
RPPROLMJJHJFFCB37CB,豐業段,2.34,都市：住
RPPROLMJJHJFFCB37CB,豐業段,.48,都市：住
RPPROLMJJHJFFCB37CB,豐業段,.36,都市：住
RPUROLMJJHJFFCB87CB,豐業段,5.81,都市：住
RPUROLMJJHJFFCB87CB,豐業段,2.45,都市：住
RPUROLMJJHJFFCB87CB,豐業段,.48,都市：住
RPUROLMJJHJFFCB87CB,豐業段,.36,都市：住
RPWROLMJJHJFFCB08CB,豐業段,5.81,都市：住
RPWROLMJJHJFFCB08CB,豐業段,2.45,都市：住
RPWROLMJJHJFFCB08CB,豐業段,.48,都市：住
RPWROLMJJHJFFCB08CB,豐業段,.36,都市：住
RPRROLMJJHJFFCB57CB,豐業段,5.81,都市：住
RPRROLMJJHJFFCB57CB,豐業段,2.34,都市：住
RPRROLMJJHJFFCB57CB,豐業段,.48,都市：住
RPRROLMJJHJFFCB57CB,豐業段,.36,都市：住
RPQROLMJJHJFFCB47CB,豐業段,5.81,都市：住
RPQROLMJJHJFFCB47CB,豐業段,2.34,都市：住
RPQROLMJJHJFFCB47CB,豐業段,.48,都市：住
RPQROLMJJHJFFCB47CB,豐業段,.36,都市：住
RPVROLMJJHJFFCB97CB,豐業段,5.81,都市：住
RPVROLMJJHJFFCB97CB,豐業段,2.45,都市：住
RPVROLMJJHJFFCB97CB,豐業段,.48,都市：住
RPVROLMJJHJFFCB97CB,豐業段,.36,都市：住
RPXROLMJJHJFFCB18CB,豐業段,5.81,都市：住
RPXROLMJJHJFFCB18CB,豐業段,2.45,都市：住
RPXROLMJJHJFFCB18CB,豐業段,.48,都市：住
RPXROLMJJHJFFCB18CB,豐業段,.36,都市：住
RPOSOLMJJHJFFCB37CB,豐業段,5.81,都市：住
RPOSOLMJJHJFFCB37CB,豐業段,2.45,都市：住
RPOSOLMJJHJFFCB37CB,豐業段,.48,都市：住
RPOSOLMJJHJFFCB37CB,豐業段,.36,都市：住
RPSROLMJJHJFFCB67CB,豐業段,5.81,都市：住
RPSROLMJJHJFFCB67CB,豐業段,2.34,都市：住
RPSROLMJJHJFFCB67CB,豐業段,.48,都市：住
RPSROLMJJHJFFCB67CB,豐業段,.36,都市：住
RPPSOLMJJHJFFCB47CB,豐業段,5.81,都市：住
RPPSOLMJJHJFFCB47CB,豐業段,2.45,都市：住
RPPSOLMJJHJFFCB47CB,豐業段,.48,都市：住
RPPSOLMJJHJFFCB47CB,豐業段,.36,都市：住
RPTROLMJJHJFFCB77CB,豐業段,5.81,都市：住
RPTROLMJJHJFFCB77CB,豐業段,2.34,都市：住
RPTROLMJJHJFFCB77CB,豐業段,.48,都市：住
RPTROLMJJHJFFCB77CB,豐業段,.36,都市：住
RPQSOLMJJHJFFCB57CB,豐業段,5.81,都市：住
RPQSOLMJJHJFFCB57CB,豐業段,2.45,都市：住
RPQSOLMJJHJFFCB57CB,豐業段,.48,都市：住
RPQSOLMJJHJFFCB57CB,豐業段,.36,都市：住
RPRSOLMJJHJFFCB67CB,豐業段,5.81,都市：住
RPRSOLMJJHJFFCB67CB,豐業段,2.45,都市：住
RPRSOLMJJHJFFCB67CB,豐業段,.48,都市：住
RPRSOLMJJHJFFCB67CB,豐業段,.36,都市：住
RPUSOLMJJHJFFCB97CB,豐業段,5.81,都市：住
RPUSOLMJJHJFFCB97CB,豐業段,2.45,都市：住
RPUSOLMJJHJFFCB97CB,豐業段,.48,都市：住
RPUSOLMJJHJFFCB97CB,豐業段,.36,都市：住
RPSSOLMJJHJFFCB77CB,豐業段,5.81,都市：住
RPSSOLMJJHJFFCB77CB,豐業段,2.45,都市：住
RPSSOLMJJHJFFCB77CB,豐業段,.48,都市：住
RPSSOLMJJHJFFCB77CB,豐業段,.36,都市：住
RPTSOLMJJHJFFCB87CB,豐業段,5.81,都市：住
RPTSOLMJJHJFFCB87CB,豐業段,2.45,都市：住
RPTSOLMJJHJFFCB87CB,豐業段,.48,都市：住
RPTSOLMJJHJFFCB87CB,豐業段,.36,都市：住
RPOTOLMJJHJFFCB47CB,豐業段,5.81,都市：住
RPOTOLMJJHJFFCB47CB,豐業段,2.45,都市：住
RPOTOLMJJHJFFCB47CB,豐業段,.48,都市：住
RPOTOLMJJHJFFCB47CB,豐業段,.36,都市：住
RPWSOLMJJHJFFCB18CB,豐業段,5.81,都市：住
RPWSOLMJJHJFFCB18CB,豐業段,2.45,都市：住
RPWSOLMJJHJFFCB18CB,豐業段,.48,都市：住
RPWSOLMJJHJFFCB18CB,豐業段,.36,都市：住
RPXSOLMJJHJFFCB28CB,豐業段,5.81,都市：住
RPXSOLMJJHJFFCB28CB,豐業段,2.45,都市：住
RPXSOLMJJHJFFCB28CB,豐業段,.48,都市：住
RPXSOLMJJHJFFCB28CB,豐業段,.36,都市：住
RPPTOLMJJHJFFCB57CB,豐業段,6.48,都市：住
RPPTOLMJJHJFFCB57CB,豐業段,2.66,都市：住
RPPTOLMJJHJFFCB57CB,豐業段,.53,都市：住
RPPTOLMJJHJFFCB57CB,豐業段,.41,都市：住
RPVSOLMJJHJFFCB08CB,豐業段,5.81,都市：住
RPVSOLMJJHJFFCB08CB,豐業段,2.45,都市：住
RPVSOLMJJHJFFCB08CB,豐業段,.48,都市：住
RPVSOLMJJHJFFCB08CB,豐業段,.36,都市：住
RPRTOLMJJHJFFCB77CB,豐業段,5.81,都市：住
RPRTOLMJJHJFFCB77CB,豐業段,2.45,都市：住
RPRTOLMJJHJFFCB77CB,豐業段,.48,都市：住
RPRTOLMJJHJFFCB77CB,豐業段,.36,都市：住
RPVTOLMJJHJFFCB18CB,豐業段,5.81,都市：住
RPVTOLMJJHJFFCB18CB,豐業段,2.45,都市：住
RPVTOLMJJHJFFCB18CB,豐業段,.48,都市：住
RPVTOLMJJHJFFCB18CB,豐業段,.36,都市：住
RPTTOLMJJHJFFCB97CB,豐業段,5.81,都市：住
RPTTOLMJJHJFFCB97CB,豐業段,2.45,都市：住
RPTTOLMJJHJFFCB97CB,豐業段,.48,都市：住
RPTTOLMJJHJFFCB97CB,豐業段,.36,都市：住
RPUTOLMJJHJFFCB08CB,豐業段,5.81,都市：住
RPUTOLMJJHJFFCB08CB,豐業段,2.45,都市：住
RPUTOLMJJHJFFCB08CB,豐業段,.48,都市：住
RPUTOLMJJHJFFCB08CB,豐業段,.36,都市：住
RPXTOLMJJHJFFCB38CB,豐業段,6.81,都市：住
RPXTOLMJJHJFFCB38CB,豐業段,2.87,都市：住
RPXTOLMJJHJFFCB38CB,豐業段,.57,都市：住
RPXTOLMJJHJFFCB38CB,豐業段,.41,都市：住
RPWTOLMJJHJFFCB28CB,豐業段,6.81,都市：住
RPWTOLMJJHJFFCB28CB,豐業段,2.87,都市：住
RPWTOLMJJHJFFCB28CB,豐業段,.57,都市：住
RPWTOLMJJHJFFCB28CB,豐業段,.41,都市：住
RPOUOLMJJHJFFCB57CB,豐業段,6.81,都市：住
RPOUOLMJJHJFFCB57CB,豐業段,2.87,都市：住
RPOUOLMJJHJFFCB57CB,豐業段,.57,都市：住
RPOUOLMJJHJFFCB57CB,豐業段,.41,都市：住
RPPUOLMJJHJFFCB67CB,豐業段,6.81,都市：住
RPPUOLMJJHJFFCB67CB,豐業段,2.87,都市：住
RPPUOLMJJHJFFCB67CB,豐業段,.57,都市：住
RPPUOLMJJHJFFCB67CB,豐業段,.41,都市：住
RPQTOLMJJHJFFCB67CB,豐業段,5.81,都市：住
RPQTOLMJJHJFFCB67CB,豐業段,2.45,都市：住
RPQTOLMJJHJFFCB67CB,豐業段,.48,都市：住
RPQTOLMJJHJFFCB67CB,豐業段,.36,都市：住
RPSTOLMJJHJFFCB87CB,豐業段,5.81,都市：住
RPSTOLMJJHJFFCB87CB,豐業段,2.45,都市：住
RPSTOLMJJHJFFCB87CB,豐業段,.48,都市：住
RPSTOLMJJHJFFCB87CB,豐業段,.36,都市：住
RPQUOLMJJHJFFCB77CB,豐業段,6.81,都市：住
RPQUOLMJJHJFFCB77CB,豐業段,2.87,都市：住
RPQUOLMJJHJFFCB77CB,豐業段,.57,都市：住
RPQUOLMJJHJFFCB77CB,豐業段,.41,都市：住
RPSUOLMJJHJFFCB97CB,豐業段,6.81,都市：住
RPSUOLMJJHJFFCB97CB,豐業段,2.87,都市：住
RPSUOLMJJHJFFCB97CB,豐業段,.57,都市：住
RPSUOLMJJHJFFCB97CB,豐業段,.41,都市：住
RPUUOLMJJHJFFCB18CB,豐業段,6.81,都市：住
RPUUOLMJJHJFFCB18CB,豐業段,2.87,都市：住
RPUUOLMJJHJFFCB18CB,豐業段,.57,都市：住
RPUUOLMJJHJFFCB18CB,豐業段,.41,都市：住
RPRUOLMJJHJFFCB87CB,豐業段,6.81,都市：住
RPRUOLMJJHJFFCB87CB,豐業段,2.87,都市：住
RPRUOLMJJHJFFCB87CB,豐業段,.57,都市：住
RPRUOLMJJHJFFCB87CB,豐業段,.41,都市：住
RPVUOLMJJHJFFCB28CB,豐業段,6.81,都市：住
RPVUOLMJJHJFFCB28CB,豐業段,2.87,都市：住
RPVUOLMJJHJFFCB28CB,豐業段,.57,都市：住
RPVUOLMJJHJFFCB28CB,豐業段,.41,都市：住
RPTUOLMJJHJFFCB08CB,豐業段,6.81,都市：住
RPTUOLMJJHJFFCB08CB,豐業段,2.87,都市：住
RPTUOLMJJHJFFCB08CB,豐業段,.57,都市：住
RPTUOLMJJHJFFCB08CB,豐業段,.41,都市：住
RPWUOLMJJHJFFCB38CB,豐業段,6.81,都市：住
RPWUOLMJJHJFFCB38CB,豐業段,2.87,都市：住
RPWUOLMJJHJFFCB38CB,豐業段,.57,都市：住
RPWUOLMJJHJFFCB38CB,豐業段,.41,都市：住
RPXUOLMJJHJFFCB48CB,豐業段,6.81,都市：住
RPXUOLMJJHJFFCB48CB,豐業段,2.87,都市：住
RPXUOLMJJHJFFCB48CB,豐業段,.57,都市：住
RPXUOLMJJHJFFCB48CB,豐業段,.41,都市：住
RPOVOLMJJHJFFCB67CB,豐業段,6.81,都市：住
RPOVOLMJJHJFFCB67CB,豐業段,2.87,都市：住
RPOVOLMJJHJFFCB67CB,豐業段,.57,都市：住
RPOVOLMJJHJFFCB67CB,豐業段,.41,都市：住
RPVVOLMJJHJFFCB38CB,豐業段,6.81,都市：住
RPVVOLMJJHJFFCB38CB,豐業段,2.87,都市：住
RPVVOLMJJHJFFCB38CB,豐業段,.57,都市：住
RPVVOLMJJHJFFCB38CB,豐業段,.41,都市：住
RPUVOLMJJHJFFCB28CB,豐業段,6.81,都市：住
RPUVOLMJJHJFFCB28CB,豐業段,2.87,都市：住
RPUVOLMJJHJFFCB28CB,豐業段,.57,都市：住
RPUVOLMJJHJFFCB28CB,豐業段,.41,都市：住
RPWVOLMJJHJFFCB48CB,豐業段,6.81,都市：住
RPWVOLMJJHJFFCB48CB,豐業段,2.87,都市：住
RPWVOLMJJHJFFCB48CB,豐業段,.57,都市：住
RPWVOLMJJHJFFCB48CB,豐業段,.41,都市：住
RPSVOLMJJHJFFCB08CB,豐業段,6.81,都市：住
RPSVOLMJJHJFFCB08CB,豐業段,2.87,都市：住
RPSVOLMJJHJFFCB08CB,豐業段,.57,都市：住
RPSVOLMJJHJFFCB08CB,豐業段,.41,都市：住
RPTVOLMJJHJFFCB18CB,豐業段,6.81,都市：住
RPTVOLMJJHJFFCB18CB,豐業段,2.87,都市：住
RPTVOLMJJHJFFCB18CB,豐業段,.57,都市：住
RPTVOLMJJHJFFCB18CB,豐業段,.41,都市：住
RPXVOLMJJHJFFCB58CB,豐業段,6.81,都市：住
RPXVOLMJJHJFFCB58CB,豐業段,2.87,都市：住
RPXVOLMJJHJFFCB58CB,豐業段,.57,都市：住
RPXVOLMJJHJFFCB58CB,豐業段,.41,都市：住
RPQVOLMJJHJFFCB87CB,豐業段,6.81,都市：住
RPQVOLMJJHJFFCB87CB,豐業段,2.87,都市：住
RPQVOLMJJHJFFCB87CB,豐業段,.57,都市：住
RPQVOLMJJHJFFCB87CB,豐業段,.41,都市：住
RPPVOLMJJHJFFCB77CB,豐業段,6.81,都市：住
RPPVOLMJJHJFFCB77CB,豐業段,2.87,都市：住
RPPVOLMJJHJFFCB77CB,豐業段,.57,都市：住
RPPVOLMJJHJFFCB77CB,豐業段,.41,都市：住
RPRVOLMJJHJFFCB97CB,豐業段,6.81,都市：住
RPRVOLMJJHJFFCB97CB,豐業段,2.87,都市：住
RPRVOLMJJHJFFCB97CB,豐業段,.57,都市：住
RPRVOLMJJHJFFCB97CB,豐業段,.41,都市：住
RPSNMLQKJHJFFHL09CB,新興段,16.49,都市：住
RPVONLNJJHJFFCB67CB,豐業段,13.95,都市：住
RPVONLNJJHJFFCB67CB,豐業段,5.75,都市：住
RPVONLNJJHJFFCB67CB,豐業段,1.15,都市：住
RPVONLNJJHJFFCB67CB,豐業段,.85,都市：住
RPTOMLKLJHJFFHL78CB,新興段,22.26,都市：住
RPWOMLKLJHJFFHL09CB,新興段,22.26,都市：住
RPOPMLKLJHJFFHL38CB,新興段,22.26,都市：住
RPQOMLKLJHJFFHL48CB,新興段,23.08,都市：住
RPVOMLKLJHJFFHL98CB,新興段,22.26,都市：住
RPXOMLKLJHJFFHL56CB,新興段,22.26,都市：住
RPSOMLKLJHJFFHL68CB,新興段,23.08,都市：住
RPPPMLKLJHJFFHL48CB,新興段,23.08,都市：住
RPUOMLKLJHJFFHL88CB,新興段,22.26,都市：住
RPROMLKLJHJFFHL58CB,新興段,23.08,都市：住
RPQPMLKLJHJFFHL58CB,新興段,22.26,都市：住
RPVPMLKLJHJFFHL09CB,新興段,11.54,都市：住
RPRPMLKLJHJFFHL68CB,新興段,16.49,都市：住
RPQQMLKLJHJFFHL68CB,新興段,21.44,都市：住
RPTPMLKLJHJFFHL88CB,新興段,21.44,都市：住
RPOQMLKLJHJFFHL48CB,新興段,21.44,都市：住
RPWPMLKLJHJFFHL56CB,新興段,23.08,都市：住
RPPQMLKLJHJFFHL58CB,新興段,21.44,都市：住
RPRQMLKLJHJFFHL78CB,新興段,21.44,都市：住
RPSQMLKLJHJFFHL88CB,新興段,21.44,都市：住
RPXPMLKLJHJFFHL66CB,新興段,21.44,都市：住
RPTQMLKLJHJFFHL98CB,新興段,22.26,都市：住
RPRRMLKLJHJFFHL88CB,新興段,21.44,都市：住
RPTRMLKLJHJFFHL09CB,新興段,16.49,都市：住
RPSRMLKLJHJFFHL98CB,新興段,21.44,都市：住
RPQRMLKLJHJFFHL78CB,新興段,21.44,都市：住
RPPRMLKLJHJFFHL68CB,新興段,21.44,都市：住
RPXQMLKLJHJFFHL76CB,新興段,21.44,都市：住
RPUQMLKLJHJFFHL09CB,新興段,21.44,都市：住
RPORMLKLJHJFFHL58CB,新興段,21.44,都市：住
RPVQMLKLJHJFFHL56CB,新興段,23.08,都市：住
RPWQMLKLJHJFFHL66CB,新興段,21.44,都市：住
RPURMLKLJHJFFHL56CB,新興段,12.37,都市：住
RPVRMLKLJHJFFHL66CB,新興段,21.44,都市：住
RPQSMLKLJHJFFHL88CB,新興段,21.44,都市：住
RPOSMLKLJHJFFHL68CB,新興段,21.44,都市：住
RPWRMLKLJHJFFHL76CB,新興段,16.49,都市：住
RPRSMLKLJHJFFHL98CB,新興段,21.44,都市：住
RPPSMLKLJHJFFHL78CB,新興段,21.44,都市：住
RPXRMLKLJHJFFHL86CB,新興段,12.37,都市：住
RPSSMLKLJHJFFHL09CB,新興段,21.44,都市：住
RPVSMLKLJHJFFHL76CB,新興段,21.44,都市：住
RPUSMLKLJHJFFHL66CB,新興段,21.44,都市：住
RPTSMLKLJHJFFHL56CB,新興段,21.44,都市：住
RPXSMLKLJHJFFHL96CB,新興段,21.44,都市：住
RPQTMLKLJHJFFHL98CB,新興段,23.08,都市：住
RPWSMLKLJHJFFHL86CB,新興段,21.44,都市：住
RPOTMLKLJHJFFHL78CB,新興段,22.26,都市：住
RPUTMLKLJHJFFHL76CB,新興段,22.26,都市：住
RPRTMLKLJHJFFHL09CB,新興段,22.26,都市：住
RPTTMLKLJHJFFHL66CB,新興段,22.26,都市：住
RPSTMLKLJHJFFHL56CB,新興段,22.26,都市：住
RPVTMLKLJHJFFHL86CB,新興段,22.26,都市：住
RPPTMLKLJHJFFHL88CB,新興段,22.26,都市：住
RPXTMLKLJHJFFHL07CB,新興段,22.26,都市：住
RPWTMLKLJHJFFHL96CB,新興段,22.26,都市：住
RPPUMLKLJHJFFHL98CB,新興段,16.49,都市：住
RPSUMLKLJHJFFHL66CB,新興段,23.08,都市：住
RPQUMLKLJHJFFHL09CB,新興段,22.26,都市：住
RPXUMLKLJHJFFHL17CB,新興段,22.26,都市：住
RPOUMLKLJHJFFHL88CB,新興段,23.08,都市：住
RPRUMLKLJHJFFHL56CB,新興段,16.49,都市：住
RPWUMLKLJHJFFHL07CB,新興段,22.26,都市：住
RPVUMLKLJHJFFHL96CB,新興段,22.26,都市：住
RPUUMLKLJHJFFHL86CB,新興段,22.26,都市：住
RPTUMLKLJHJFFHL76CB,新興段,22.26,都市：住
RPOVMLKLJHJFFHL98CB,新興段,22.26,都市：住
RPRVMLKLJHJFFHL66CB,新興段,21.44,都市：住
RPUVMLKLJHJFFHL96CB,新興段,21.44,都市：住
RPVVMLKLJHJFFHL07CB,新興段,21.44,都市：住
RPSVMLKLJHJFFHL76CB,新興段,23.08,都市：住
RPPVMLKLJHJFFHL09CB,新興段,22.26,都市：住
RPWVMLKLJHJFFHL17CB,新興段,21.44,都市：住
RPQVMLKLJHJFFHL56CB,新興段,21.44,都市：住
RPXVMLKLJHJFFHL27CB,新興段,21.44,都市：住
RPTVMLKLJHJFFHL86CB,新興段,21.44,都市：住
RPPWMLKLJHJFFHL56CB,新興段,21.44,都市：住
RPOWMLKLJHJFFHL09CB,新興段,21.44,都市：住
RPQWMLKLJHJFFHL66CB,新興段,16.49,都市：住
RPTWMLKLJHJFFHL96CB,新興段,23.08,都市：住
RPSWMLKLJHJFFHL86CB,新興段,21.44,都市：住
RPRWMLKLJHJFFHL76CB,新興段,21.44,都市：住
RPVWMLKLJHJFFHL17CB,新興段,21.44,都市：住
RPWWMLKLJHJFFHL27CB,新興段,21.44,都市：住
RPUWMLKLJHJFFHL07CB,新興段,21.44,都市：住
RPXWMLKLJHJFFHL37CB,新興段,21.44,都市：住
RPONNLKLJHJFFHL28CB,新興段,21.44,都市：住
RPPNNLKLJHJFFHL38CB,新興段,21.44,都市：住
RPRNNLKLJHJFFHL58CB,新興段,21.44,都市：住
RPOONLKLJHJFFHL38CB,新興段,21.44,都市：住
RPUNNLKLJHJFFHL88CB,新興段,23.08,都市：住
RPQNNLKLJHJFFHL48CB,新興段,22.26,都市：住
RPPONLKLJHJFFHL48CB,新興段,21.44,都市：住
RPSNNLKLJHJFFHL68CB,新興段,21.44,都市：住
RPTNNLKLJHJFFHL78CB,新興段,21.44,都市：住
RPVNNLKLJHJFFHL98CB,新興段,21.44,都市：住
RPXNNLKLJHJFFHL56CB,新興段,21.44,都市：住
RPWNNLKLJHJFFHL09CB,新興段,21.44,都市：住
RPQONLKLJHJFFHL58CB,新興段,21.44,都市：住
RPRONLKLJHJFFHL68CB,新興段,21.44,都市：住
RPTONLKLJHJFFHL88CB,新興段,16.49,都市：住
RPVONLKLJHJFFHL09CB,新興段,21.44,都市：住
RPUONLKLJHJFFHL98CB,新興段,21.44,都市：住
RPSONLKLJHJFFHL78CB,新興段,21.44,都市：住
RPWONLKLJHJFFHL56CB,新興段,21.44,都市：住
RPXONLKLJHJFFHL66CB,新興段,16.49,都市：住
RPPPNLKLJHJFFHL58CB,新興段,21.44,都市：住
RPOPNLKLJHJFFHL48CB,新興段,23.08,都市：住
RPRPNLKLJHJFFHL78CB,新興段,21.44,都市：住
RPQPNLKLJHJFFHL68CB,新興段,21.44,都市：住
RPUPNLKLJHJFFHL09CB,新興段,22.26,都市：住
RPVPNLKLJHJFFHL56CB,新興段,22.26,都市：住
RPSPNLKLJHJFFHL88CB,新興段,21.44,都市：住
RPTPNLKLJHJFFHL98CB,新興段,21.44,都市：住
RPRQNLKLJHJFFHL88CB,新興段,22.26,都市：住
RPPQNLKLJHJFFHL68CB,新興段,22.26,都市：住
RPUQNLKLJHJFFHL56CB,新興段,22.26,都市：住
RPQQNLKLJHJFFHL78CB,新興段,22.26,都市：住
RPVQNLKLJHJFFHL66CB,新興段,16.49,都市：住
RPWPNLKLJHJFFHL66CB,新興段,23.08,都市：住
RPTQNLKLJHJFFHL09CB,新興段,23.08,都市：住
RPXPNLKLJHJFFHL76CB,新興段,22.26,都市：住
RPSQNLKLJHJFFHL98CB,新興段,22.26,都市：住
RPOQNLKLJHJFFHL58CB,新興段,22.26,都市：住
RPWQNLKLJHJFFHL76CB,新興段,12.37,都市：住
RPPRNLKLJHJFFHL78CB,新興段,28.03,都市：住
RPVRNLKLJHJFFHL76CB,新興段,29.68,都市：住
RPRRNLKLJHJFFHL98CB,新興段,29.68,都市：住
RPORNLKLJHJFFHL68CB,新興段,29.68,都市：住
RPQRNLKLJHJFFHL88CB,新興段,29.68,都市：住
RPSRNLKLJHJFFHL09CB,新興段,29.68,都市：住
RPTRNLKLJHJFFHL56CB,新興段,29.68,都市：住
RPWRNLKLJHJFFHL86CB,新興段,29.68,都市：住
RPURNLKLJHJFFHL66CB,新興段,29.68,都市：住
RPXRNLKLJHJFFHL96CB,新興段,29.68,都市：住
RPOSNLKLJHJFFHL78CB,新興段,28.03,都市：住
RPPSNLKLJHJFFHL88CB,新興段,23.91,都市：住
RPTSNLKLJHJFFHL66CB,新興段,21.44,都市：住
RPSSNLKLJHJFFHL56CB,新興段,21.44,都市：住
RPRSNLKLJHJFFHL09CB,新興段,22.26,都市：住
RPUSNLKLJHJFFHL76CB,新興段,21.44,都市：住
RPQSNLKLJHJFFHL98CB,新興段,21.44,都市：住
RPVSNLKLJHJFFHL86CB,新興段,21.44,都市：住
RPWSNLKLJHJFFHL96CB,新興段,21.44,都市：住
RPXSNLKLJHJFFHL07CB,新興段,21.44,都市：住
RPOTNLKLJHJFFHL88CB,新興段,22.26,都市：住
RPPTNLKLJHJFFHL98CB,新興段,21.44,都市：住
RPXTNLKLJHJFFHL17CB,新興段,21.44,都市：住
RPTTNLKLJHJFFHL76CB,新興段,21.44,都市：住
RPQTNLKLJHJFFHL09CB,新興段,22.26,都市：住
RPUTNLKLJHJFFHL86CB,新興段,21.44,都市：住
RPRTNLKLJHJFFHL56CB,新興段,22.26,都市：住
RPWTNLKLJHJFFHL07CB,新興段,21.44,都市：住
RPVTNLKLJHJFFHL96CB,新興段,21.44,都市：住
RPOUNLKLJHJFFHL98CB,新興段,21.44,都市：住
RPSTNLKLJHJFFHL66CB,新興段,21.44,都市：住
RPPUNLKLJHJFFHL09CB,新興段,21.44,都市：住
RPQUNLKLJHJFFHL56CB,新興段,21.44,都市：住
RPRUNLKLJHJFFHL66CB,新興段,21.44,都市：住
RPVUNLKLJHJFFHL07CB,新興段,22.26,都市：住
RPSUNLKLJHJFFHL76CB,新興段,21.44,都市：住
RPUUNLKLJHJFFHL96CB,新興段,21.44,都市：住
RPWUNLKLJHJFFHL17CB,新興段,21.44,都市：住
RPOVNLKLJHJFFHL09CB,新興段,21.44,都市：住
RPXUNLKLJHJFFHL27CB,新興段,21.44,都市：住
RPPVNLKLJHJFFHL56CB,新興段,21.44,都市：住
RPQVNLKLJHJFFHL66CB,新興段,21.44,都市：住
RPSVNLKLJHJFFHL86CB,新興段,21.44,都市：住
RPRVNLKLJHJFFHL76CB,新興段,21.44,都市：住
RPTVNLKLJHJFFHL96CB,新興段,21.44,都市：住
RPUVNLKLJHJFFHL07CB,新興段,21.44,都市：住
RPXVNLKLJHJFFHL37CB,新興段,22.26,都市：住
RPVVNLKLJHJFFHL17CB,新興段,21.44,都市：住
RPWVNLKLJHJFFHL27CB,新興段,22.26,都市：住
RPRWNLKLJHJFFHL86CB,新興段,21.44,都市：住
RPQWNLKLJHJFFHL76CB,新興段,21.44,都市：住
RPOWNLKLJHJFFHL56CB,新興段,21.44,都市：住
RPSWNLKLJHJFFHL96CB,新興段,21.44,都市：住
RPPWNLKLJHJFFHL66CB,新興段,21.44,都市：住
RPTWNLKLJHJFFHL07CB,新興段,21.44,都市：住
RPUWNLKLJHJFFHL17CB,新興段,21.44,都市：住
RPVWNLKLJHJFFHL27CB,新興段,22.26,都市：住
RPONOLKLJHJFFHL38CB,新興段,28.03,都市：住
RPXWNLKLJHJFFHL47CB,新興段,29.68,都市：住
RPQNOLKLJHJFFHL58CB,新興段,29.68,都市：住
RPPNOLKLJHJFFHL48CB,新興段,29.68,都市：住
RPRNOLKLJHJFFHL68CB,新興段,29.68,都市：住
RPSNOLKLJHJFFHL78CB,新興段,29.68,都市：住
RPTNOLKLJHJFFHL88CB,新興段,29.68,都市：住
RPUNOLKLJHJFFHL98CB,新興段,29.68,都市：住
RPVNOLKLJHJFFHL09CB,新興段,29.68,都市：住
RPWNOLKLJHJFFHL56CB,新興段,29.68,都市：住
RPQOOLKLJHJFFHL68CB,新興段,27.21,都市：住
RPOOOLKLJHJFFHL48CB,新興段,24.73,都市：住
RPPOOLKLJHJFFHL58CB,新興段,29.68,都市：住
RPSOOLKLJHJFFHL88CB,新興段,29.68,都市：住
RPROOLKLJHJFFHL78CB,新興段,29.68,都市：住
RPXNOLKLJHJFFHL66CB,新興段,28.03,都市：住
RPTOOLKLJHJFFHL98CB,新興段,29.68,都市：住
RPUOOLKLJHJFFHL09CB,新興段,29.68,都市：住
RPVOOLKLJHJFFHL56CB,新興段,28.86,都市：住
RPWOOLKLJHJFFHL66CB,新興段,29.68,都市：住
RPXOOLKLJHJFFHL76CB,新興段,29.68,都市：住
RPQPOLKLJHJFFHL78CB,新興段,27.21,都市：住
RPPPOLKLJHJFFHL68CB,新興段,27.21,都市：住
RPSPOLKLJHJFFHL98CB,新興段,16.49,都市：住
RPOPOLKLJHJFFHL58CB,新興段,29.68,都市：住
RPUPOLKLJHJFFHL56CB,新興段,16.49,都市：住
RPVPOLKLJHJFFHL66CB,新興段,16.49,都市：住
RPTPOLKLJHJFFHL09CB,新興段,16.49,都市：住
RPWPOLKLJHJFFHL76CB,新興段,16.49,都市：住
RPXPOLKLJHJFFHL86CB,新興段,16.49,都市：住
RPOQOLKLJHJFFHL68CB,新興段,16.49,都市：住
RPPQOLKLJHJFFHL78CB,新興段,16.49,都市：住
RPTQOLKLJHJFFHL56CB,新興段,16.49,都市：住
RPSQOLKLJHJFFHL09CB,新興段,16.49,都市：住
RPUQOLKLJHJFFHL66CB,新興段,16.49,都市：住
RPRQOLKLJHJFFHL98CB,新興段,16.49,都市：住
RPPROLKLJHJFFHL88CB,新興段,16.49,都市：住
RPQROLKLJHJFFHL98CB,新興段,16.49,都市：住
RPOROLKLJHJFFHL78CB,新興段,16.49,都市：住
RPTROLKLJHJFFHL66CB,新興段,16.49,都市：住
RPRROLKLJHJFFHL09CB,新興段,16.49,都市：住
RPXQOLKLJHJFFHL96CB,新興段,16.49,都市：住
RPSROLKLJHJFFHL56CB,新興段,16.49,都市：住
RPUROLKLJHJFFHL76CB,新興段,16.49,都市：住
RPVROLKLJHJFFHL86CB,新興段,16.49,都市：住
RPXROLKLJHJFFHL07CB,新興段,16.49,都市：住
RPWROLKLJHJFFHL96CB,新興段,16.49,都市：住
RPRSOLKLJHJFFHL56CB,新興段,23.91,都市：住
RPPSOLKLJHJFFHL98CB,新興段,16.49,都市：住
RPOSOLKLJHJFFHL88CB,新興段,16.49,都市：住
RPUSOLKLJHJFFHL86CB,新興段,23.08,都市：住
RPTSOLKLJHJFFHL76CB,新興段,23.91,都市：住
RPSSOLKLJHJFFHL66CB,新興段,22.26,都市：住
RPVSOLKLJHJFFHL96CB,新興段,23.91,都市：住
RPWSOLKLJHJFFHL07CB,新興段,23.91,都市：住
RPXSOLKLJHJFFHL17CB,新興段,23.08,都市：住
RPPTOLKLJHJFFHL09CB,新興段,23.08,都市：住
RPOTOLKLJHJFFHL98CB,新興段,23.91,都市：住
RPQTOLKLJHJFFHL56CB,新興段,23.08,都市：住
RPRTOLKLJHJFFHL66CB,新興段,21.44,都市：住
RPSTOLKLJHJFFHL76CB,新興段,21.44,都市：住
RPQQOLKLJHJFFHL88CB,新興段,16.49,都市：住
RPTTOLKLJHJFFHL86CB,新興段,16.49,都市：住
RPSOMLOLJHJFFHL09CB,新興段,23.08,都市：住
RPPOMLOLJHJFFHL78CB,新興段,23.91,都市：住
RPUOMLOLJHJFFHL66CB,新興段,23.08,都市：住
RPROMLOLJHJFFHL98CB,新興段,21.44,都市：住
RPXOMLOLJHJFFHL96CB,新興段,23.08,都市：住
RPVOMLOLJHJFFHL76CB,新興段,23.08,都市：住
RPQOMLOLJHJFFHL88CB,新興段,22.26,都市：住
RPOPMLOLJHJFFHL78CB,新興段,23.08,都市：住
RPTOMLOLJHJFFHL56CB,新興段,23.08,都市：住
RPPPMLOLJHJFFHL88CB,新興段,21.44,都市：住
RPWOMLOLJHJFFHL86CB,新興段,23.08,都市：住
RPQPMLOLJHJFFHL98CB,新興段,16.49,都市：住
RPRPMLOLJHJFFHL09CB,新興段,23.08,都市：住
RPTPMLOLJHJFFHL66CB,新興段,16.49,都市：住
RPUPMLOLJHJFFHL76CB,新興段,16.49,都市：住
RPWPMLOLJHJFFHL96CB,新興段,16.49,都市：住
RPVPMLOLJHJFFHL86CB,新興段,16.49,都市：住
RPOQMLOLJHJFFHL88CB,新興段,16.49,都市：住
RPXPMLOLJHJFFHL07CB,新興段,16.49,都市：住
RPPQMLOLJHJFFHL98CB,新興段,16.49,都市：住
RPRQMLOLJHJFFHL56CB,新興段,16.49,都市：住
RPQQMLOLJHJFFHL09CB,新興段,16.49,都市：住
RPSQMLOLJHJFFHL66CB,新興段,16.49,都市：住
RPTQMLOLJHJFFHL76CB,新興段,16.49,都市：住
RPVQMLOLJHJFFHL96CB,新興段,16.49,都市：住
RPORMLOLJHJFFHL98CB,新興段,16.49,都市：住
RPUQMLOLJHJFFHL86CB,新興段,16.49,都市：住
RPWQMLOLJHJFFHL07CB,新興段,16.49,都市：住
RPPRMLOLJHJFFHL09CB,新興段,16.49,都市：住
RPOSMLOLJHJFFHL09CB,新興段,16.49,都市：住
RPURMLOLJHJFFHL96CB,新興段,16.49,都市：住
RPXRMLOLJHJFFHL27CB,新興段,16.49,都市：住
RPSRMLOLJHJFFHL76CB,新興段,16.49,都市：住
RPPSMLOLJHJFFHL56CB,新興段,16.49,都市：住
RPVRMLOLJHJFFHL07CB,新興段,16.49,都市：住
RPRRMLOLJHJFFHL66CB,新興段,16.49,都市：住
RPQRMLOLJHJFFHL56CB,新興段,16.49,都市：住
RPTRMLOLJHJFFHL86CB,新興段,16.49,都市：住
RPWRMLOLJHJFFHL17CB,新興段,16.49,都市：住
RPSSMLOLJHJFFHL86CB,新興段,22.26,都市：住
RPTSMLOLJHJFFHL96CB,新興段,23.08,都市：住
RPRSMLOLJHJFFHL76CB,新興段,23.91,都市：住
RPUSMLOLJHJFFHL07CB,新興段,23.08,都市：住
RPWSMLOLJHJFFHL27CB,新興段,23.08,都市：住
RPOTMLOLJHJFFHL56CB,新興段,23.08,都市：住
RPPTMLOLJHJFFHL66CB,新興段,23.08,都市：住
RPVSMLOLJHJFFHL17CB,新興段,23.08,都市：住
RPQNMLQLJHJFFHL98CB,新興段,23.08,都市：住
RPXSMLOLJHJFFHL37CB,新興段,23.08,都市：住
RPSNMLQLJHJFFHL56CB,新興段,23.08,都市：住
RPQTMLOLJHJFFHL76CB,新興段,23.08,都市：住
RPRNMLQLJHJFFHL09CB,新興段,23.08,都市：住
RPTTMLOLJHJFFHL07CB,新興段,16.49,都市：住
RPRTMLOLJHJFFHL86CB,新興段,21.44,都市：住
RPSTMLOLJHJFFHL96CB,新興段,21.44,都市：住
RPTNMLQLJHJFFHL66CB,新興段,23.08,都市：住
RPPNMLQLJHJFFHL88CB,新興段,23.08,都市：住
RPUNMLQLJHJFFHL76CB,新興段,23.08,都市：住
RPWNMLQLJHJFFHL96CB,新興段,23.08,都市：住
RPXNMLQLJHJFFHL07CB,新興段,21.44,都市：住
RPVNMLQLJHJFFHL86CB,新興段,23.08,都市：住
RPPOMLQLJHJFFHL98CB,新興段,16.49,都市：住
RPQOMLQLJHJFFHL09CB,新興段,16.49,都市：住
RPOOMLQLJHJFFHL88CB,新興段,16.49,都市：住
RPTOMLQLJHJFFHL76CB,新興段,16.49,都市：住
RPROMLQLJHJFFHL56CB,新興段,16.49,都市：住
RPSOMLQLJHJFFHL66CB,新興段,16.49,都市：住
RPUOMLQLJHJFFHL86CB,新興段,16.49,都市：住
RPVOMLQLJHJFFHL96CB,新興段,16.49,都市：住
RPPPMLQLJHJFFHL09CB,新興段,16.49,都市：住
RPWOMLQLJHJFFHL07CB,新興段,16.49,都市：住
RPXOMLQLJHJFFHL17CB,新興段,16.49,都市：住
RPOPMLQLJHJFFHL98CB,新興段,16.49,都市：住
RPRPMLQLJHJFFHL66CB,新興段,16.49,都市：住
RPQPMLQLJHJFFHL56CB,新興段,16.49,都市：住
RPSPMLQLJHJFFHL76CB,新興段,16.49,都市：住
RPUPMLQLJHJFFHL96CB,新興段,16.49,都市：住
RPTPMLQLJHJFFHL86CB,新興段,16.49,都市：住
RPVPMLQLJHJFFHL07CB,新興段,16.49,都市：住
RPPQMLQLJHJFFHL56CB,新興段,17.31,都市：住
RPXPMLQLJHJFFHL27CB,新興段,16.49,都市：住
RPOQMLQLJHJFFHL09CB,新興段,16.49,都市：住
RPWPMLQLJHJFFHL17CB,新興段,16.49,都市：住
RPXQMLQLJHJFFHL37CB,新興段,23.08,都市：住
RPTQMLQLJHJFFHL96CB,新興段,16.49,都市：住
RPWQMLQLJHJFFHL27CB,新興段,23.08,都市：住
RPUQMLQLJHJFFHL07CB,新興段,23.08,都市：住
RPPRMLQLJHJFFHL66CB,新興段,23.08,都市：住
RPVQMLQLJHJFFHL17CB,新興段,23.08,都市：住
RPRQMLQLJHJFFHL76CB,新興段,16.49,都市：住
RPQQMLQLJHJFFHL66CB,新興段,16.49,都市：住
RPSQMLQLJHJFFHL86CB,新興段,16.49,都市：住
RPORMLQLJHJFFHL56CB,新興段,23.08,都市：住
RPQRMLQLJHJFFHL76CB,新興段,23.08,都市：住
RPRRMLQLJHJFFHL86CB,新興段,23.08,都市：住
RPSRMLQLJHJFFHL96CB,新興段,23.08,都市：住
RPVRMLQLJHJFFHL27CB,新興段,21.44,都市：住
RPURMLQLJHJFFHL17CB,新興段,21.44,都市：住
RPWRMLQLJHJFFHL37CB,新興段,16.49,都市：住
RPTRMLQLJHJFFHL07CB,新興段,22.26,都市：住
RPSOMLRLJHJFFHL76CB,新興段,28.03,都市：住
RPXOMLRLJHJFFHL27CB,新興段,21.44,都市：住
RPQOMLRLJHJFFHL56CB,新興段,20.61,都市：住
RPOPMLRLJHJFFHL09CB,新興段,21.44,都市：住
RPPPMLRLJHJFFHL56CB,新興段,21.44,都市：住
