﻿鄉鎮市區,交易標的,土地區段位置建物區段門牌,土地面積平方公尺,都市土地使用分區,非都市土地使用分區,非都市土地使用編定,租賃年月日,租賃筆棟數,租賃層次,總樓層數,建物型態,主要用途,主要建材,建築完成年月,建物總面積平方公尺,建物現況格局-房,建物現況格局-廳,建物現況格局-衛,建物現況格局-隔間,有無管理組織,有無附傢俱,總額元,單價元平方公尺,車位類別,車位面積平方公尺,車位總額元,備註,編號
The villages and towns urban district,transaction sign,land sector position building sector house number plate,land shifting total area square meter,the use zoning or compiles and checks,the non-metropolis land use district,non-metropolis land use,transaction year month and day,transaction pen number,shifting level,total floor number,building state,main use,main building materials,construction to complete the years,building shifting total area,Building present situation pattern - room,building present situation pattern - hall,building present situation pattern - health,building present situation pattern - compartmented,Whether there is manages the organization,Whether there is attaches the furniture,total price NTD,the unit price (NTD / square meter),the berth category,berth shifting total area square meter,the berth total price NTD,the note,serial number
新市區,房地(土地+建物),臺南市新市區信義街1~30號,80.6,住,,,1021101,土地1建物1車位0,五層,4,公寓(5樓含以下無電梯),見其他登記事項,鋼筋混凝土造,1001107,223.93,8,1,9,有,無,有,5000,22,,0.0,0,,RPRNMLLJJIIFFER78CC
新市區,房地(土地+建物),臺南市新市區銘傳街61~90號,87.5,住,,,1021101,土地1建物1車位0,全,4,透天厝,見其他登記事項,鋼筋混凝土造,1020115,244.84,8,1,8,有,無,有,6000,25,,0.0,0,,RPSNMLLJJIIFFER88CC
新市區,房地(土地+建物),臺南市新市區華美街1~30號,93.47,住,,,1021101,土地1建物1車位0,四層,3,公寓(5樓含以下無電梯),住商用,鋼筋混凝土造,0890211,192.22,3,2,2,有,無,有,4700,24,,0.0,0,,RPVNMLLJJIIFFER56CC
善化區,房地(土地+建物),臺南市善化區光復路211~240號,91.38,住,,,1021101,土地1建物1車位0,全,4,透天厝,住商用,鋼筋混凝土造,1010203,214.04,4,2,4,有,無,無,28000,131,,0.0,0,,RPSOMLLJJIIFFER98CC
仁德區,房地(土地+建物),臺南市仁德區義林路200巷46弄1~30號,75.85,住,,,1021005,土地1建物1車位0,全,3,透天厝,住商用,加強磚造,0671207,101.36,3,2,2,有,無,無,10000,99,,0.0,0,,RPQOMLLJJIIFFFR88CC
東區,建物,臺南市東區東興路20巷1~30號,54.0,住,,,1021031,土地0建物1車位0,全,3,透天厝,住家用,加強磚造,0601106,71.78,5,2,2,有,無,有,10000,139,,0.0,0,,RPTPMLLJJIIFFCD67DC
永康區,建物,臺南市永康區中華路661~690號,216.0,商,,,1021024,土地0建物1車位0,一層,1,店面(店鋪),見其他登記事項,見其他登記事項,1020627,142.22,0,0,0,無,無,無,60000,422,,0.0,0,含增建或未登記建物。,RPXNMLLJJIIFFHR17DC
中西區,房地(土地+建物),臺南市中西區永福路一段1~30號,110.0,住,,,1021029,土地1建物1車位0,全,2,透天厝,住家用,磚造,0480101,183.16,4,2,2,有,無,無,23000,126,,0.0,0,,RPRNMLOJJIIFFAD27CC
佳里區,房地(土地+建物),臺南市佳里區林園街211~240號,21.18,住,,,1021104,土地6建物1車位0,五層,12,公寓(5樓含以下無電梯),住家用,鋼筋混凝土造,0850215,145.01,3,2,2,有,有,有,11000,76,,0.0,0,,RPWNMLPJJIIFFDR96CC
仁德區,建物,臺南市仁德區太子路190巷1~30號,0.0,住,,,1021105,土地0建物1車位0,全,5,透天厝,住家用,鋼筋混凝土造,0871208,185.64,4,2,4,有,無,有,13000,70,,0.0,0,,RPWNMLPJJIIFFFR17CC
仁德區,房地(土地+建物),臺南市仁德區臺南市仁德區太乙八街1~30號,541.54,住,,,1021009,土地1建物1車位0,見其他登記事項,1,工廠,住工用,加強磚造,0750808,173.25,0,0,0,無,無,無,34000,,,0.0,0,,RPVNMLQJJIIFFFR17CC
仁德區,房地(土地+建物),臺南市仁德區臺南市仁德區新田村31~60號,520.92,工,,,1021012,土地1建物1車位0,見其他登記事項,1,工廠,工業用,鐵造,0750915,201.77,0,0,0,無,無,無,35000,,,0.0,0,,RPXNMLQJJIIFFFR37CC
中西區,房地(土地+建物),臺南市中西區中華西路二段511~540號,11.14,住,,,1021015,土地1建物1車位0,十一層,15,住宅大樓(11層含以上有電梯),見其他登記事項,見其他登記事項,1020620,54.02,2,1,1,有,無,有,37000,685,,0.0,0,,RPOOMLQJJIIFFAD27CC
安平區,土地,新南段91~120地號,413.0,住,,,1021009,土地1建物0車位0,,,其他,,,,0.0,0,0,0,有,無,有,40000,97,,0.0,0,,RPVOMLQJJIIFFAD97CC
新市區,房地(土地+建物),臺南市新市區永福街16巷61~90號,153.84,住,,,1021106,土地1建物1車位0,全,4,透天厝,住家用,鋼筋混凝土造,1010405,365.02,15,0,15,有,無,有,11800,32,,0.0,0,,RPTNMLRJJIIFFER96CC
安平區,房地(土地+建物),臺南市安平區慶平路539行十一樓1~30號,10.33,商,,,1021106,土地1建物1車位0,十一層,24,住宅大樓(11層含以上有電梯),見其他登記事項,鋼筋混凝土構造,0880211,114.39,2,1,1,有,有,有,11150,97,,0.0,0,,RPSOMLSJJIIFFAD87CC
安平區,房地(土地+建物),臺南市安平區建平五街131巷1~30號,0.0,住,,,1021009,土地1建物1車位0,一層,5,店面(店鋪),住商用,鋼筋混凝土構造,0880315,68.34,0,1,1,有,無,無,10500,154,,0.0,0,,RPTOMLSJJIIFFAD97CC
中西區,建物,臺南市中西區民權路三段400巷1~30號,0.0,住,,,1021011,土地0建物1車位0,四層,10,華廈(10層含以下有電梯),見其他登記事項,鋼筋混凝土構造,0880730,113.58,3,2,2,有,有,有,14000,123,,0.0,0,,RPUOMLSJJIIFFAD08CC
安平區,房地(土地+建物),臺南市安平區建平八街372巷61~90號,0.0,住,,,1021020,土地1建物1車位0,全,5,透天厝,住商用,鋼筋混凝土構造,0811123,390.12,3,6,5,有,無,無,26000,67,,0.0,0,,RPVOMLSJJIIFFAD18CC
中西區,建物,臺南市中西區府前路一段359巷1~30號,0.0,商,,,1021019,土地0建物1車位0,七層,7,華廈(10層含以下有電梯),住家用,鋼筋混凝土構造,0840506,99.0,2,2,2,有,有,有,13500,136,,0.0,0,,RPXOMLSJJIIFFAD38CC
中西區,房地(土地+建物),臺南市中西區府前路二段61~90號,0.0,商,,,1021020,土地1建物1車位0,全,5,透天厝,住商用,鋼筋混凝土構造,0701024,26.79,1,0,1,有,有,有,5000,187,,0.0,0,,RPOPMLSJJIIFFAD57CC
中西區,建物,臺南市中西區永福路一段1~30號,0.0,住,,,1021024,土地0建物1車位0,五層,5,公寓(5樓含以下無電梯),住家用,鋼筋混凝土構造,0770405,85.57,3,1,1,有,無,有,5000,58,,0.0,0,,RPQPMLSJJIIFFAD77CC
南區,房地(土地+建物),臺南市南區金華路一段211~240號,0.0,住,,,1021008,土地1建物1車位0,全,4,透天厝,住商用,鋼筋混凝土構造,0720930,221.4,6,1,4,有,無,無,22000,99,,0.0,0,,RPPOMLSJJIIFFCD77CC
東區,建物,臺南市東區怡東路58巷1~30號,0.0,住,,,1021013,土地0建物1車位0,三層,9,華廈(10層含以下有電梯),住家用,鋼筋混凝土構造,0830122,108.73,3,2,2,有,有,有,14000,129,,0.0,0,,RPROMLSJJIIFFCD97CC
東區,建物,臺南市東區林森路一段151~180號,0.0,商,,,1021017,土地0建物1車位0,十層,12,住宅大樓(11層含以上有電梯),住家用,鋼筋混凝土構造,0790926,22.63,1,0,1,有,有,有,3500,155,,0.0,0,,RPSOMLSJJIIFFCD08CC
南區,建物,臺南市南區夏林路121~150號,0.0,住,,,1021021,土地0建物1車位0,一層,4,店面(店鋪),住商用,鋼筋混凝土構造,0660805,48.6,0,0,1,有,無,無,18000,370,,0.0,0,,RPVOMLSJJIIFFCD38CC
南區,房地(土地+建物),臺南市南區國民路217巷24弄1~30號,0.0,住,,,1021026,土地1建物1車位0,全,2,透天厝,住家用,加強磚造,0700716,79.36,3,2,2,有,無,無,8500,107,,0.0,0,,RPOPMLSJJIIFFCD77CC
東區,建物,臺南市東區長榮路一段211~240號,0.0,商,,,1021010,土地0建物1車位0,五層,12,住宅大樓(11層含以上有電梯),住家用,鋼筋混凝土構造,0880805,30.909999999999997,1,0,1,有,有,有,7000,226,,0.0,0,,RPPNMLTJJIIFFCD77CC
東區,建物,臺南市東區中華東路二段295巷31~60號,0.0,住,,,1021011,土地0建物1車位0,二層,8,華廈(10層含以下有電梯),住商用,鋼筋混凝土構造,0830801,100.74,2,1,2,有,無,無,5000,50,,0.0,0,,RPVOMLLKJIIFFCD77CC
東區,建物,臺南市東區崇善十二街6巷15弄1~30號,0.0,住,,,1021025,土地0建物1車位0,二層,6,華廈(10層含以下有電梯),住商用,鋼筋混凝土構造,0830330,146.28,2,2,2,有,無,有,10000,68,,0.0,0,,RPPPMLLKJIIFFCD27CC
安平區,房地(土地+建物),臺南市安平區慶平路181~210號,3.0,住,,,1021101,土地1建物1車位0,一層,13,住宅大樓(11層含以上有電梯),住家用,鋼筋混凝土構造,0841024,28.76,1,0,1,有,無,有,5500,191,,0.0,0,,RPUNMLLKJIIFFAD37CC
北區,建物,臺南市北區公園北路151~180號,0.0,商,,,1021015,土地0建物1車位0,十一層,14,住宅大樓(11層含以上有電梯),見其他登記事項,見其他登記事項,0951001,41.370000000000005,2,2,1,有,有,有,18000,435,,0.0,0,,RPVNMLLKJIIFFAD47CC
北區,建物,臺南市北區育德一街1~30號,0.0,住,,,1021011,土地0建物1車位0,八層,10,華廈(10層含以下有電梯),見其他登記事項,鋼筋混凝土構造,0930830,102.28,1,2,1,有,有,有,14000,137,,0.0,0,,RPWNMLLKJIIFFAD57CC
北區,建物,臺南市北區開元路333巷8弄1~30號,0.0,住,,,1021020,土地0建物0車位0,全,2,透天厝,住家用,加強磚造,0620421,38.95,1,0,1,有,無,有,5000,128,,0.0,0,,RPXNMLLKJIIFFAD67CC
安定區,建物,臺南市安定區蘇厝61~90號,102.75,,鄉村區,乙種建築用地,1021029,土地0建物1車位0,全,3,透天厝,住家用,鋼筋混凝土造,1010511,174.57,4,2,5,有,無,有,21000,120,,0.0,0,,RPUOMLLKJIIFFER66CC
安南區,建物,臺南市安南區樂安一街121~150號,0.0,住,,,1021021,土地0建物1車位0,全,3,透天厝,見其他登記事項,鋼筋混凝土構造,0840104,171.0,5,1,3,有,無,有,15000,88,,0.0,0,1.合約書無填具土地租賃面積.2.由所有權人提供出租資訊,RPOOMLLKJIIFFBD96CC
永康區,建物,臺南市永康區中山東路151~180號,0.0,住,,,1021011,土地0建物1車位0,七層,11,住宅大樓(11層含以上有電梯),住家用,鋼筋混凝土造,0900110,77.96000000000001,2,1,2,有,有,有,11363,146,,0.0,0,,RPWNMLLKJIIFFHR07CC
永康區,建物,臺南市永康區復華七街211~240號,0.0,住,,,1021021,土地0建物1車位0,全,4,透天厝,住商用,鋼筋混凝土造,0820809,213.5,6,3,4,有,無,無,23000,108,,0.0,0,,RPPOMLLKJIIFFHR09CC
永康區,房地(土地+建物),臺南市永康區復華六街81巷1~30號,74.51,住,,,1021105,土地1建物1車位0,全,3,透天厝,住家用,鋼筋混凝土造,0740115,100.47,2,2,2,有,無,無,10000,100,,0.0,0,,RPOOMLLKJIIFFHR09DC
佳里區,房地(土地+建物),臺南市佳里區營頂里營頂91~120號,119.0,,特定農業區,甲種建築用地,1021111,土地1建物1車位0,全,3,透天厝,住家用,鋼筋混凝土造,0801209,170.64,4,2,3,有,無,無,7000,41,,0.0,0,,RPTNMLMKJIIFFDR09CC
中西區,房地(土地+建物),臺南市中西區府前路二段271~300號,125.0,其他,,,1021112,土地1建物1車位0,見其他登記事項,5,店面(店鋪),住商用,鋼筋混凝土構造,0790307,508.1,9,2,10,有,無,無,33000,65,,0.0,0,,RPUOMLMKJIIFFAD57CC
中西區,建物,臺南市中西區大智街29巷1~30號,0.0,商,,,1021026,土地0建物0車位0,全,5,透天厝,商業用,鋼筋混凝土構造,0810113,279.11,0,0,0,無,無,無,15000,54,,0.0,0,,RPSOMLNKJIIFFAD47CC
將軍區,房地(土地+建物),臺南市將軍區將富村將富31~60號,110.0,,鄉村區,乙種建築用地,1021025,土地1建物1車位0,全,2,透天厝,住家用,鋼筋混凝土造,0770527,126.24,3,2,2,有,無,有,8000,63,,0.0,0,,RPPNMLNKJIIFFDR88DC
佳里區,土地,佳里段1051~1080地號,1705.0,商,,,1021111,土地2建物0車位0,,,其他,,,,0.0,1,0,0,有,無,無,26000,15,,0.0,0,鐵皮屋約30坪出租,RPRNMLNKJIIFFDR09DC
永康區,建物,臺南市永康區南工街267巷80弄1~30號,0.0,住,,,1021105,土地0建物1車位0,八層,11,住宅大樓(11層含以上有電梯),住家用,鋼筋混凝土造,0860926,75.64,3,2,2,有,有,有,10000,132,,0.0,0,,RPXNMLOKJIIFFHR47CC
仁德區,房地(土地+建物),臺南市仁德區大同路三段456巷26弄1~30號,0.0,住,,,1021029,土地1建物1車位0,全,2,透天厝,住家用,加強磚造,0650918,95.51,3,1,2,有,無,有,10000,105,,0.0,0,1.因合約書無填具土地租賃面積2.由所有權人提供出資料,RPSNMLOKJIIFFFR76CC
北區,房地(土地+建物),臺南市北區大港街91~120號,0.0,住,,,1021024,土地1建物1車位0,一層,3,店面(店鋪),住商用,鋼筋混凝土構造,0791108,49.39,5,2,4,有,無,有,53000,1073,,0.0,0,,RPOOMLOKJIIFFAD17CC
安平區,建物,臺南市安平區慶平路511~540號,0.0,商,,,1021030,土地0建物1車位0,七層,24,住宅大樓(11層含以上有電梯),見其他登記事項,鋼筋混凝土構造,0880211,76.62,2,1,2,有,有,有,13800,180,,0.0,0,,RPPOMLOKJIIFFAD27CC
安平區,建物,臺南市安平區府平路361~390號,0.0,商,,,1021103,土地0建物1車位0,四層,12,住宅大樓(11層含以上有電梯),住家用,鋼筋混凝土構造,0850427,108.94,2,1,2,有,有,有,14000,129,,0.0,0,,RPROMLOKJIIFFAD47CC
安平區,建物,臺南市安平區育平五街61~90號,0.0,住,,,1021105,土地0建物1車位0,七層,20,住宅大樓(11層含以上有電梯),住家用,鋼筋混凝土構造,0871121,113.36,3,2,2,有,有,有,16000,141,,0.0,0,,RPSOMLOKJIIFFAD57CC
東區,建物,臺南市東區林森路一段121~150號,0.0,商,,,1021025,土地0建物1車位0,十一層,22,套房(1房1廳1衛),住家用,鋼筋混凝土構造,0800111,38.04,1,0,1,有,有,有,7000,184,,0.0,0,,RPWNMLOKJIIFFCD08CC
東區,建物,臺南市東區東成街28巷1~30號,0.0,住,,,1021026,土地0建物1車位0,五層,5,公寓(5樓含以下無電梯),住家用,鋼筋混凝土構造,0770423,82.46000000000001,3,1,2,有,無,有,8000,97,,0.0,0,,RPXNMLOKJIIFFCD18CC
東區,建物,臺南市東區崇明路691~720號,0.0,其他,,,1021030,土地0建物1車位0,四層,5,辦公商業大樓,見其他登記事項,鋼筋混凝土構造,0960626,101.12,0,0,1,有,無,無,16000,158,,0.0,0,,RPQOMLOKJIIFFCD57CC
東區,建物,臺南市東區東寧路481~510號,0.0,商,,,1021031,土地0建物1車位0,四層,7,辦公商業大樓,商業用,鋼筋混凝土構造,0831206,111.13,0,0,1,有,無,無,13000,117,,0.0,0,,RPROMLOKJIIFFCD67CC
東區,房地(土地+建物),臺南市東區文化路1~30號,0.0,住,,,1021102,土地1建物1車位0,全,4,透天厝,見其他登記事項,鋼筋混凝土構造,1010522,266.26,5,2,3,有,無,無,43000,161,,0.0,0,,RPTOMLOKJIIFFCD87CC
南區,房地(土地+建物),臺南市南區中華南路二段361~390號,0.0,住,,,1021105,土地1建物1車位0,全,5,透天厝,見其他登記事項,鋼筋混凝土構造,0701126,145.19,3,1,3,有,無,無,23000,158,,0.0,0,,RPUOMLOKJIIFFCD97CC
東區,建物,臺南市東區崇學路1~30號,0.0,商,,,1021026,土地0建物1車位0,四層,14,住宅大樓(11層含以上有電梯),住家用,鋼筋混凝土構造,0830401,71.93,2,1,1,有,有,有,13000,181,,0.0,0,,RPRNMLPKJIIFFCD67CC
北區,建物,臺南市北區長榮路五段41巷1~30號,0.0,住,,,1021022,土地0建物1車位0,十三層,14,住宅大樓(11層含以上有電梯),國民住宅,鋼筋混凝土構造,0920916,168.17,4,2,2,有,有,有,13000,77,,0.0,0,,RPVNMLPKJIIFFAD87CC
北區,建物,臺南市北區開元路485巷1~30號,0.0,,,,1021015,土地0建物0車位0,五層,12,住宅大樓(11層含以上有電梯),住家用,鋼筋混凝土構造,0701228,19.85,1,0,1,有,無,有,4500,227,,0.0,0,,RPRPMLPKJIIFFAD67CC
安平區,建物,臺南市安平區建平七街661~690號,0.0,,,,1021101,土地0建物1車位0,九層,12,住宅大樓(11層含以上有電梯),住家用,鋼筋混凝土構造,0830914,96.28,3,2,2,有,無,有,13000,135,,0.0,0,,RPSPMLPKJIIFFAD77CC
善化區,土地,光華段1141~1170地號,344.62,其他,,,1021104,土地1建物0車位0,,,其他,,,,0.0,0,0,0,有,無,無,25000,73,,0.0,0,,RPUNMLPKJIIFFER96CC
永康區,房地(土地+建物),臺南市永康區中華路7巷1~30號,0.0,住,,,1021112,土地1建物1車位0,十九層,19,住宅大樓(11層含以上有電梯),見其他登記事項,見其他登記事項,1010817,54.97,2,1,1,有,無,有,18000,327,,0.0,0,租賃合約書無填寫土地租賃.含管理費、網路、第四台等費用。,RPUNMLRKJIIFFHR47CC
北區,房地(土地+建物),臺南市北區和緯路五段234巷4弄1~30號,0.0,住,,,1021104,土地2建物1車位0,全,4,透天厝,住家用,鋼筋混凝土構造,0821116,327.78,5,2,5,有,無,有,33000,101,,0.0,0,,RPRNMLRKJIIFFAD67CC
東區,房地(土地+建物),臺南市東區光明街61~90號,0.0,商,,,1021102,土地1建物1車位0,一層,5,店面(店鋪),商業用,見其他登記事項,0951016,7.06,0,0,0,無,無,無,30000,4249,,0.0,0,,RPVNMLRKJIIFFCD28CC
中西區,建物,臺南市中西區臨安路一段61~90號,148.0,住,,,1021018,土地0建物1車位0,一層,2,辦公商業大樓,住商用,加強磚造,0590202,150.0,0,1,1,有,無,有,35000,233,,0.0,0,,RPTNMLSKJIIFFAD97CC
北區,房地(土地+建物),臺南市北區北門路二段344巷1~30號,8.59,其他,,,1021111,土地1建物1車位0,九層,11,住宅大樓(11層含以上有電梯),國民住宅,鋼筋混凝土構造,0911115,39.13,3,2,2,有,無,無,15000,383,,0.0,0,,RPROMLTKJIIFFAD97CC
永康區,房地(土地+建物),臺南市永康區中華路7巷1~30號,0.0,住,,,1021116,土地1建物1車位0,十六層,19,住宅大樓(11層含以上有電梯),見其他登記事項,見其他登記事項,1010817,79.62,2,1,2,有,無,無,17000,214,,0.0,0,租賃契約書無填寫土地租賃.租金包含管理費用,RPPOMLTKJIIFFHR27CC
仁德區,房地(土地+建物),臺南市仁德區忠義一街38巷1~30號,376.48,工,,,1021101,土地1建物1車位0,一層,1,工廠,工業用,鋼造,0730808,52.16,0,0,0,無,無,無,42000,,,0.0,0,,RPOOMLTKJIIFFFR96CC
永康區,房地(土地+建物),臺南市永康區中華路7巷1~30號,14.4,住,,,1021111,土地1建物1車位0,十九層,19,住宅大樓(11層含以上有電梯),見其他登記事項,見其他登記事項,1010817,186.85,3,2,2,有,有,無,35000,187,,0.0,0,,RPSNMLKLJIIFFHR66CC
永康區,房地(土地+建物),臺南市永康區中山南路31~60號,95.0,住,,,1021107,土地1建物1車位0,全,4,透天厝,住家用,鋼筋混凝土造,0940720,59.34,1,1,1,有,無,有,23000,388,,0.0,0,,RPTNMLKLJIIFFHR76CC
東區,建物,臺南市東區長榮路二段151~180號,211.0,商,,,1021106,土地0建物1車位0,見其他登記事項,2,店面(店鋪),見其他登記事項,見其他登記事項,0850129,309.02,0,0,0,無,無,無,96591,313,,0.0,0,,RPPOMLLLJIIFFCD37DC
東區,建物,臺南市東區崇善路541~570號,346.0,住,,,1021104,土地0建物1車位0,見其他登記事項,2,店面(店鋪),住商用,見其他登記事項,0871216,282.9,0,0,0,無,無,無,50000,177,,0.0,0,,RPSOMLLLJIIFFCD67DC
安南區,房地(土地+建物),臺南市安南區海環街301~330號,211.68,住,,,1021111,土地1建物1車位0,全,3,透天厝,住家用,鋼筋混凝土構造,0811207,230.25,6,2,5,有,無,無,20000,87,,0.0,0,,RPVNMLLLJIIFFBD67CC
善化區,土地,光文段841~870地號,835.8,其他,,,1021120,土地4建物0車位0,,,其他,,,,0.0,0,0,0,有,無,有,50000,60,,0.0,0,,RPXNMLLLJIIFFER96CC
安平區,建物,臺南市安平區慶平路361~390號,929.0,住,,,1021102,土地0建物1車位0,一層,14,店面(店鋪),見其他登記事項,見其他登記事項,1011012,176.4,0,0,0,無,無,無,30000,170,,0.0,0,,RPVNMLLLJIIFFAD57CC
中西區,土地,永安段1861~1890地號,101.0,住,,,1021101,土地1建物0車位0,,,其他,,,,0.0,0,0,0,有,無,有,8000,79,,0.0,0,,RPOOMLLLJIIFFAD96CC
善化區,房地(土地+建物),臺南市善化區成功路151~180號,86.0,住,,,1021115,土地1建物1車位0,全,4,透天厝,住商用,鋼筋混凝土造,0960123,155.63,4,1,3,有,無,無,22000,141,,0.0,0,,RPWNMLPLJIIFFER27CC
關廟區,房地(土地+建物),臺南市關廟區東仁街76巷1~30號,158.0,住,,,1021110,土地1建物1車位0,全,3,透天厝,住家用,鋼筋混凝土造,0780828,149.17,3,2,3,有,無,有,9000,60,,0.0,0,,RPSNMLPLJIIFFFR96CC
中西區,房地(土地+建物),臺南市中西區正興街1~30號,355.0,其他,,,1021116,土地1建物1車位0,四層,7,華廈(10層含以下有電梯),住家用,鋼筋混凝土構造,0800729,17.55,1,1,1,有,無,無,6000,342,,0.0,0,,RPUPMLQLJIIFFAD18CC
安平區,房地(土地+建物),臺南市安平區平通路31~60號,82.0,住,,,1021121,土地1建物1車位0,見其他登記事項,4,店面(店鋪),住商用,鋼筋混凝土構造,0791108,233.96,6,2,4,有,無,無,20000,85,,0.0,0,,RPVPMLQLJIIFFAD28CC
新市區,土地,信義段271~300地號,106.04,住,,,1021124,土地1建物0車位0,,,其他,,,,0.0,0,0,0,有,無,無,37000,349,,0.0,0,,RPRNMLRLJIIFFER96CC
永康區,房地(土地+建物),臺南市永康區大橋二街61~90號,203.0,住,,,1021120,土地1建物1車位0,全,4,透天厝,見其他登記事項,鋼筋混凝土造,,104.18,0,0,0,無,無,無,15000,144,,0.0,0,,RPQNMLSLJIIFFHR27CC
中西區,房地(土地+建物),臺南市中西區康樂街151~180號,2.15,住,,,1021119,土地1建物1車位0,一層,12,住宅大樓(11層含以上有電梯),住家用,鋼筋混凝土構造,0781002,28.36,1,0,1,有,無,有,5000,176,,0.0,0,,RPQOMLSLJIIFFAD87CC
麻豆區,土地,埤頭段241~270地號,2947.0,其他,,,1021119,土地2建物0車位0,,,其他,,,,0.0,0,0,0,有,無,無,100000,34,,0.0,0,,RPSNMLKMJIIFFCR88CC
新市區,房地(土地+建物),臺南市新市區永華二街1~30號,11846.0,,特定專用區,甲種建築用地,1021201,土地1建物1車位0,一層,8,華廈(10層含以下有電梯),住家用,鋼筋混凝土造,0860825,95.46,3,2,2,有,無,有,10000,105,,0.0,0,有車位,RPQNMLMJKIIFFER88CC
安平區,房地(土地+建物),臺南市安平區慶平路511~540號,10.33,商,,,1021128,土地1建物1車位0,十一層,24,住宅大樓(11層含以上有電梯),見其他登記事項,鋼筋混凝土構造,0880211,114.39,1,1,1,有,有,有,9650,84,,0.0,0,,RPPOMLPJKIIFFAD37CC
中西區,房地(土地+建物),臺南市中西區民權路一段181~210號,0.0,商,,,1021107,土地1建物1車位0,全,2,透天厝,住家用,磚造,,124.15,3,2,2,有,無,有,27000,217,,0.0,0,,RPQNMLQJKIIFFAD47CC
北區,建物,臺南市北區北門路二段237巷1~30號,0.0,住,,,1021111,土地0建物1車位0,三層,5,公寓(5樓含以下無電梯),住家用,鋼筋混凝土構造,0720726,105.93,3,1,2,有,有,有,9000,85,,0.0,0,,RPWNMLQJKIIFFAD08CC
安平區,建物,臺南市安平區育平午街1~30號,0.0,住,,,1021114,土地0建物1車位0,十六層,22,住宅大樓(11層含以上有電梯),住家用,鋼筋混凝土構造,0861021,185.62,4,2,2,有,有,有,28000,151,,0.0,0,,RPXNMLQJKIIFFAD18CC
中西區,建物,臺南市中西區觀亭街61~90號,0.0,商,,,1021120,土地0建物0車位0,六層,7,華廈(10層含以下有電梯),住家用,鋼筋混凝土構造,0850117,96.61,2,1,1,有,有,有,14500,150,,0.0,0,,RPOOMLQJKIIFFAD37CC
安平區,建物,臺南市安平區永華八街1~30號,0.0,商,,,1021110,土地0建物0車位0,十四層,14,住宅大樓(11層含以上有電梯),見其他登記事項,鋼筋混凝土構造,0960719,73.25,2,2,1,有,有,有,20000,273,,0.0,0,,RPQOMLQJKIIFFAD57CC
北區,房地(土地+建物),臺南市北區大武街476巷1~30號,0.0,住,,,1021125,土地1建物1車位0,全,2,透天厝,住家用,加強磚造,0700513,108.84,4,2,3,有,無,無,12000,110,,0.0,0,,RPROMLQJKIIFFAD67CC
中西區,建物,臺南市中西區大同路一段121~150號,0.0,住,,,1021129,土地0建物1車位0,一層,3,店面(店鋪),住商用,鋼筋混凝土構造,0660429,37.7,0,0,1,有,無,無,23000,610,,0.0,0,,RPSOMLQJKIIFFAD77CC
中西區,建物,臺南市中西區西華南街31~60號,0.0,商,,,1021121,土地0建物1車位0,三層,15,住宅大樓(11層含以上有電梯),見其他登記事項,鋼筋混凝土構造,0971006,187.81,3,2,2,有,有,有,40000,213,,0.0,0,,RPTOMLQJKIIFFAD87CC
中西區,建物,臺南市中西區府緯街1~30號,0.0,住,,,1021130,土地0建物1車位0,七層,7,華廈(10層含以下有電梯),住家用,鋼筋混凝土構造,0800715,152.66,3,2,2,有,有,有,18000,118,,0.0,0,,RPUOMLQJKIIFFAD97CC
東區,建物,臺南市東區中華東路二段151~180號,0.0,商,,,1021110,土地0建物1車位0,五層,14,套房(1房1廳1衛),住家用,鋼筋混凝土構造,0970229,71.27000000000001,1,1,1,有,有,有,10000,140,,0.0,0,,RPROMLQJKIIFFCD87CC
東區,房地(土地+建物),臺南市東區大同路一段91~120號,0.0,商,,,1021120,土地1建物1車位0,全,4,透天厝,住商用,加強磚造,0600920,64.27,1,1,1,有,無,無,30000,467,,0.0,0,,RPTOMLQJKIIFFCD08CC
南區,房地(土地+建物),臺南市南區健康路二段421~450號,0.0,住,,,1021121,土地1建物1車位0,全,4,透天厝,住商用,鋼筋混凝土構造,0700715,265.71,5,2,4,有,無,無,28000,105,,0.0,0,,RPVOMLQJKIIFFCD28CC
南區,建物,臺南市南區健康路二段481~510號,0.0,住,,,1021121,土地0建物1車位0,三層,7,華廈(10層含以下有電梯),住家用,鋼筋混凝土構造,0820208,14.05,1,0,1,有,無,有,6000,427,,0.0,0,,RPOPMLQJKIIFFCD67CC
東區,建物,臺南市東區東寧路481~510號,0.0,商,,,1021122,土地0建物1車位0,六層,7,辦公商業大樓,商業用,鋼筋混凝土構造,0831206,111.13,0,1,1,有,無,無,13000,117,,0.0,0,,RPQPMLQJKIIFFCD87CC
東區,建物,臺南市東區東寧路481~510號,0.0,商,,,1021122,土地0建物1車位0,五層,7,辦公商業大樓,商業用,鋼筋混凝土構造,0831206,111.13,0,1,1,有,無,無,13000,117,,0.0,0,,RPUPMLQJKIIFFCD28CC
南區,房地(土地+建物),臺南市南區金華路一段484巷220弄1~30號,0.0,住,,,1021123,土地1建物1車位0,全,4,透天厝,住家用,鋼筋混凝土構造,0850210,16.4,1,0,1,有,無,有,4500,274,,0.0,0,,RPRQMLQJKIIFFCD08CC
東區,建物,臺南市東區中華東路一段1~30號,0.0,商,,,1021125,土地0建物1車位0,十三層,14,套房(1房1廳1衛),住家用,見其他登記事項,0930712,65.49000000000001,1,1,1,有,有,有,10000,153,,0.0,0,,RPSQMLQJKIIFFCD18CC
東區,建物,臺南市東區長榮路一段241~270號,0.0,商,,,1021127,土地0建物1車位0,四層,12,辦公商業大樓,商業用,鋼筋混凝土構造,0821216,31.59,0,0,1,有,有,無,6000,190,,0.0,0,,RPTQMLQJKIIFFCD28CC
南區,建物,臺南市南區中華南路二段300巷2弄1~30號,0.0,住,,,1021130,土地0建物1車位0,五層,5,公寓(5樓含以下無電梯),國民住宅,鋼筋混凝土構造,0711129,92.42,2,1,2,有,有,有,8500,92,,0.0,0,,RPVQMLQJKIIFFCD48CC
仁德區,房地(土地+建物),臺南市仁德區中正路二段679巷31~60號,0.0,住,,,1021122,土地1建物1車位0,全,4,透天厝,住家用,鋼筋混凝土造,0860527,187.27,4,2,4,有,無,有,15000,80,,0.0,0,,RPUOMLQJKIIFFFR27CC
永康區,建物,臺南市永康區勝學路89巷1~30號,0.0,住,,,1021108,土地0建物1車位0,全,4,透天厝,住家用,鋼筋混凝土造,0921221,186.29,5,2,4,有,無,有,19000,102,,0.0,0,,RPSNMLRJKIIFFHR27CC
永康區,房地(土地+建物),臺南市永康區中華路511~540號,118.38,住,,,1021122,土地1建物1車位0,見其他登記事項,2,店面(店鋪),見其他登記事項,見其他登記事項,1020625,163.37,0,0,0,無,無,無,20000,122,,0.0,0,,RPPNMLTJKIIFFHR17CC
永康區,房地(土地+建物),臺南市永康區東橋十街91~120號,260.65,住,,,1021126,土地2建物2車位0,見其他登記事項,4,店面(店鋪),見其他登記事項,見其他登記事項,1010619,559.5,0,0,21,有,無,無,20000,36,,0.0,0,,RPTNMLTJKIIFFHR57CC
北區,土地,北元段1~30地號,297.52,住,,,1021126,土地3建物0車位0,,,其他,,,,0.0,0,0,0,有,無,無,12000,40,,0.0,0,,RPUNMLTJKIIFFAD18CC
東區,房地(土地+建物),臺南市東區裕農路446巷90弄1~30號,81.02,住,,,1021201,土地1建物1車位0,全,2,透天厝,住家用,加強磚造,0670626,95.02,5,1,2,有,無,無,10000,105,,0.0,0,,RPQNMLKKKIIFFCD17CC
東區,房地(土地+建物),臺南市東區東榮街1~30號,6.01,住,,,1021116,土地1建物1車位0,四層,8,套房(1房1廳1衛),住家用,鋼筋混凝土構造,0830901,24.04,1,1,1,有,無,無,6000,250,,0.0,0,,RPQOMLKKKIIFFCD27CC
東區,建物,臺南市東區崇學路1~30號,0.0,住,,,1021121,土地0建物1車位0,一層,20,店面(店鋪),住商用,鋼筋混凝土構造,0800620,451.64,0,0,0,無,有,無,140000,310,,0.0,0,,RPROMLKKKIIFFCD37CC
東區,房地(土地+建物),臺南市東區林森路一段121~150號,2.33,住,,,1021126,土地2建物1車位0,十六層,22,套房(1房1廳1衛),住家用,鋼筋混凝土構造,0800111,29.93,1,0,1,有,無,有,9000,301,,0.0,0,,RPSOMLKKKIIFFCD47CC
學甲區,房地(土地+建物),臺南市學甲區大灣151~180號,53.0,,鄉村區,乙種建築用地,1021210,土地1建物1車位0,全,3,透天厝,住家用,鋼筋混凝土造,0840501,117.87,6,2,3,有,無,無,7500,64,,0.0,0,,RPVNMLKKKIIFFDR56CC
安南區,房地(土地+建物),臺南市安南區北安路三段121~150號,79.94,住,,,1021202,土地1建物1車位0,全,4,透天厝,住商用,鋼筋混凝土構造,0840816,219.92,6,1,4,有,無,有,19000,86,,0.0,0,,RPPNMLKKKIIFFBD96CC
安平區,房地(土地+建物),臺南市安平區國平路391~420號,34.64,住,,,1021209,土地1建物1車位0,一層,8,華廈(10層含以下有電梯),住商用,鋼筋混凝土構造,0840401,159.46,3,2,3,有,無,無,11078,69,,0.0,0,,RPRNMLLKKIIFFAD17CC
北區,建物,臺南市北區公園路321巷1~30號,0.0,住,,,1021115,土地0建物1車位0,三層,5,華廈(10層含以下有電梯),住家用,鋼筋混凝土構造,0810819,149.62,4,2,2,有,有,有,13500,90,,0.0,0,,RPXNMLMKKIIFFAD87CC
東區,建物,臺南市東區光明街102巷1~30號,0.0,住,,,1021128,土地0建物1車位0,二層,12,住宅大樓(11層含以上有電梯),國民住宅,鋼筋混凝土構造,0881116,138.97,3,3,2,有,有,有,14000,101,,0.0,0,,RPRNMLMKKIIFFCD47CC
東區,建物,臺南市東區崇德十五街61~90號,0.0,住,,,1021117,土地0建物1車位0,一層,7,住宅大樓(11層含以上有電梯),住家用,鋼筋混凝土構造,0820107,150.05,3,2,3,有,有,有,13500,90,,0.0,0,,RPSNMLMKKIIFFCD57CC
南區,建物,臺南市南區中華南路一段175巷25弄1~30號,0.0,住,,,1021115,土地0建物1車位0,全,2,透天厝,住家用,加強磚造,0721217,122.51,4,1,2,有,無,有,8000,65,,0.0,0,,RPTNMLMKKIIFFCD67CC
善化區,房地(土地+建物),臺南市善化區北子店124巷1~30號,94.99,,特定農業區,甲種建築用地,1021210,土地5建物1車位0,全,2,透天厝,住家用,加強磚造,0650514,96.71,2,2,2,有,無,無,8000,83,,0.0,0,,RPVNMLMKKIIFFER86CC
新市區,房地(土地+建物),臺南市新市區大營里121~150號,83.0,,特定農業區,甲種建築用地,1021201,土地1建物1車位0,全,4,透天厝,住商用,鋼筋混凝土造,0870812,198.27,5,1,3,有,無,無,17000,86,,0.0,0,,RPXNMLMKKIIFFER07CC
永康區,建物,臺南市永康區大橋一街211~240號,0.0,住,,,1021115,土地0建物1車位0,全,4,透天厝,住家用,鋼筋混凝土造,0901212,211.0,4,3,4,有,無,有,20000,95,,0.0,0,,RPTNMLMKKIIFFHR96CC
善化區,房地(土地+建物),臺南市善化區忠孝路1~30號,108.24,其他,,,1021211,土地1建物1車位0,全,4,透天厝,住家用,鋼筋混凝土造,1010817,61.78,1,0,1,有,無,有,7000,113,,0.0,0,,RPRNMLNKKIIFFER56CC
新市區,房地(土地+建物),臺南市新市區復興路62巷1~30號,14.75,其他,,,1021209,土地1建物1車位0,三層,8,華廈(10層含以下有電梯),住家用,鋼筋混凝土造,0840531,44.04,2,1,1,有,無,有,8000,182,,0.0,0,,RPSNMLNKKIIFFER66CC
北區,房地(土地+建物),臺南市北區大興街571~600號,99.83,住,,,1021205,土地1建物1車位0,全,3,透天厝,住商用,鋼筋混凝土構造,0830503,199.24,6,2,3,有,無,無,20000,100,,0.0,0,,RPXNMLNKKIIFFAD97CC
北區,建物,臺南市北區和緯路五段91~120號,82.65,住,,,1020920,土地0建物1車位0,見其他登記事項,4,店面(店鋪),住商用,鋼筋混凝土構造,0840722,209.56,6,3,7,有,無,無,23000,110,,0.0,0,,RPUPMLNKKIIFFAD87CC
中西區,建物,臺南市中西區金華路三段241~270號,1554.0,住,,,1021005,土地0建物1車位0,二十一層,21,住宅大樓(11層含以上有電梯),住家用,鋼筋混凝土構造,0870219,42.18,1,1,1,有,有,有,8000,190,,0.0,0,,RPXPMLNKKIIFFAD18CC
安平區,土地,石門段511~540地號,88.32,住,,,1021010,土地1建物0車位0,,,其他,,,,0.0,2,0,0,有,無,無,12000,136,,0.0,0,,RPOQMLNKKIIFFAD37CC
南區,房地(土地+建物),臺南市南區大成路二段28弄1~30號,69.0,住,,,1021212,土地1建物1車位0,全,3,透天厝,住家用,鋼筋混凝土構造,0710205,130.09,4,2,3,有,無,有,18000,138,,0.0,0,,RPUNMLQKKIIFFCD18CC
東區,房地(土地+建物),臺南市東區裕文路22巷1~30號,0.0,住,,,1021209,土地2建物1車位0,全,2,透天厝,住家用,加強磚造,0690115,106.39,4,2,2,有,無,無,10000,94,,0.0,0,,RPTPMLQKKIIFFCD28CC
東區,房地(土地+建物),臺南市東區臺南市東區東安路61~90號,35.08,其他,,,1021212,土地1建物1車位0,見其他登記事項,5,店面(店鋪),住商用,鋼筋混凝土構造,0730109,118.75,2,0,2,有,無,有,25000,211,,0.0,0,,RPUPMLSKKIIFFCD58CC
安平區,房地(土地+建物),臺南市安平區中華西路二段331~360號,667.0,商,,,1021201,土地3建物1車位0,一層,1,店面(店鋪),商業用,見其他登記事項,0771107,370.95,0,0,0,無,無,無,130000,350,,0.0,0,,RPPOMLSKKIIFFAD77CC
安平區,土地,新南段1~30地號,548.0,商,,,1021201,土地1建物0車位0,,,其他,,,,0.0,0,0,0,有,無,無,56000,102,,0.0,0,,RPROMLSKKIIFFAD97CC
安南區,建物,臺南市安南區長溪路一段168巷43弄1~30號,0.0,住,,,1021124,土地0建物1車位0,全,4,透天厝,住家用,鋼筋混凝土構造,0810213,180.28,7,2,3,有,無,無,13000,72,,0.0,0,1.合約書無填具土地租賃面積.2.由所有權人提供出租資訊,RPTPMLSKKIIFFBD38CC
永康區,建物,臺南市永康區中華西街127巷1~30號,0.0,住,,,1021119,土地0建物1車位0,二層,5,公寓(5樓含以下無電梯),住家用,鋼筋混凝土造,0701211,90.8,3,1,1,有,無,有,11000,121,,0.0,0,,RPSQMLSKKIIFFHR77CC
永康區,房地(土地+建物),臺南市永康區永中街1~30號,16.99,住,,,1021217,土地1建物1車位0,三層,6,華廈(10層含以下有電梯),住家用,鋼筋混凝土造,0821027,78.77,2,1,1,有,有,有,7000,89,,0.0,0,,RPQNMLTKKIIFFHR37CC
永康區,房地(土地+建物),臺南市永康區中華路1~30號,13.03,商,,,1021122,土地1建物1車位0,六層,24,辦公商業大樓,見其他登記事項,鋼造,0791205,198.95000000000002,0,0,0,無,有,無,13000,65,,0.0,0,,RPXNMLTKKIIFFHR08CC
永康區,房地(土地+建物),臺南市永康區中華路331~360號,3.37,住,,,1021207,土地1建物1車位0,十一層,17,住宅大樓(11層含以上有電梯),見其他登記事項,鋼筋混凝土造,0850129,37.53,1,1,1,有,有,有,5000,133,,0.0,0,,RPOOMLTKKIIFFHR27CC
安南區,房地(土地+建物),臺南市安南區安中路一段31~60號,171.11,住,,,1021128,土地1建物1車位0,見其他登記事項,4,店面(店鋪),住家用,鋼筋混凝土構造,0690911,397.14,13,2,4,有,無,無,21000,53,,0.0,0,,RPTNMLTKKIIFFBD28CC
安南區,土地,十字段91~120地號,826.45,其他,,,1021210,土地1建物0車位0,,,其他,,,,0.0,0,0,0,有,無,有,50000,60,,0.0,0,,RPVNMLTKKIIFFBD48CC
中西區,房地(土地+建物),臺南市中西區西門路一段451~480號,0.0,住,,,1021127,土地5建物1車位0,五層,7,華廈(10層含以下有電梯),住家用,鋼筋混凝土構造,0700605,20.54,1,0,1,有,無,有,4500,219,,0.0,0,,RPRNMLTKKIIFFAD97CC
北區,房地(土地+建物),臺南市北區開元路361~390號,93.0,商,,,1021214,土地1建物1車位0,一層,4,店面(店鋪),住商用,鋼筋混凝土構造,0690924,94.2,0,0,0,無,無,無,35000,372,,0.0,0,,RPUOMLTKKIIFFAD38CC
北區,房地(土地+建物),臺南市北區北園街8巷1~30號,6.6,住,,,1021201,土地1建物1車位0,十八層,18,住宅大樓(11層含以上有電梯),見其他登記事項,鋼筋混凝土構造,0961227,51.12,2,2,1,有,有,有,16000,313,,0.0,0,,RPWOMLTKKIIFFAD58CC
北區,房地(土地+建物),臺南市北區開元路66巷1~30號,914.0,住,,,1021207,土地2建物1車位0,二層,5,公寓(5樓含以下無電梯),住家用,鋼筋混凝土構造,0700529,78.42,3,2,2,有,無,有,7000,89,,0.0,0,,RPXNMLNLKIIFFAD08CC
中西區,房地(土地+建物),臺南市中西區臨安路一段61~90號,244.0,商,,,1021125,土地1建物1車位0,一層,4,辦公商業大樓,住商用,加強磚造,0590202,231.0,0,1,1,有,無,無,49000,212,,0.0,0,,RPOOMLNLKIIFFAD27CC
永康區,房地(土地+建物),臺南市永康區中山東路105巷1~30號,30.25,商,,,1021201,土地1建物1車位0,三層,3,店面(店鋪),住商用,鋼筋混凝土造,0831229,167.1,3,2,2,有,無,有,19600,117,,0.0,0,,RPOOMLNLKIIFFHR86DC
東區,建物,臺南市東區東門路一段135巷1~30號,0.0,商,,,1021205,土地0建物1車位0,全,3,透天厝,住家用,見其他登記事項,0500101,142.5,6,1,3,有,無,有,20000,140,,0.0,0,,RPWNMLOLKIIFFCD28CC
東區,房地(土地+建物),臺南市東區中華東路二段151~180號,0.0,住,,,1021224,土地1建物1車位0,十四層,14,住宅大樓(11層含以上有電梯),住家用,鋼筋混凝土構造,0970229,21.81,1,0,1,有,無,有,7500,344,,0.0,0,,RPQNMLPLKIIFFCD77CC
東區,房地(土地+建物),臺南市東區德光街15巷1~30號,0.0,住,,,1021210,土地1建物1車位0,四層,8,華廈(10層含以下有電梯),住家用,鋼筋混凝土構造,0850426,21.01,1,0,1,有,無,有,4000,190,,0.0,0,,RPRNMLPLKIIFFCD87CC
東區,建物,臺南市東區中華東路二段181~210號,0.0,商,,,1021129,土地0建物1車位0,六層,20,住宅大樓(11層含以上有電梯),住家用,鋼筋混凝土構造,0841106,94.5,2,1,1,有,有,有,13000,138,,0.0,0,,RPPOMLPLKIIFFCD77CC
北區,房地(土地+建物),臺南市北區林森路三段171巷1~30號,0.0,住,,,1021220,土地1建物1車位0,全,2,透天厝,住家用,加強磚造,0570508,92.44,2,2,2,有,無,無,12000,130,,0.0,0,,RPVNMLPLKIIFFAD08CC
安平區,房地(土地+建物),臺南市安平區安平路550巷17弄1~30號,13.95,住,,,1021224,土地1建物1車位0,四層,8,華廈(10層含以下有電梯),住家用,鋼筋混凝土構造,0821115,57.21,2,2,1,有,無,有,14500,253,,0.0,0,,RPSOMLPLKIIFFAD87CC
安平區,房地(土地+建物)+車位,臺南市安平區建平八街450巷1~30號,12.87,住,,,1021224,土地1建物1車位1,六層,9,華廈(10層含以下有電梯),住家用,鋼筋混凝土構造,0830330,82.59,3,2,2,有,有,有,20000,243,坡道平面,4.5,0,,RPUOMLPLKIIFFAD08CC
安平區,建物,臺南市安平區建平八街450巷1~30號,0.0,住,,,1021130,土地0建物1車位0,八層,9,華廈(10層含以下有電梯),住家用,鋼筋混凝土構造,0830330,125.69999999999999,3,1,2,有,有,有,15000,119,,0.0,0,,RPVOMLPLKIIFFAD18CC
安平區,房地(土地+建物),臺南市安平區建平七街241~270號,0.0,住,,,1021204,土地1建物1車位0,全,4,透天厝,住商用,鋼筋混凝土構造,0791109,245.12,8,2,4,有,無,無,28000,114,,0.0,0,,RPOPMLPLKIIFFAD57CC
善化區,房地(土地+建物),臺南市善化區光文路1~30號,242.62,住,,,1021223,土地1建物0車位0,全,3,透天厝,住家用,見其他登記事項,0700727,156.15,23,0,23,有,無,有,6500,42,,0.0,0,,RPWNMLPLKIIFFER37CC
永康區,房地(土地+建物)+車位,臺南市永康區中山南路151~180號,0.0,住,,,1021211,土地1建物1車位1,十六層,19,住宅大樓(11層含以上有電梯),住家用,鋼筋混凝土造,0810723,87.67,3,2,2,有,無,有,16000,183,坡道平面,5.11,0,,RPQNMLPLKIIFFHR07CC
永康區,建物,臺南市永康區中山南路541~570號,0.0,住,,,1021217,土地0建物1車位0,見其他登記事項,4,店面(店鋪),住商用,鋼筋混凝土造,0750524,204.04,5,3,3,有,無,無,20000,98,,0.0,0,,RPUNMLPLKIIFFHR47CC
永康區,建物,臺南市永康區四維街68巷1~30號,0.0,住,,,1021208,土地0建物1車位0,三層,4,公寓(5樓含以下無電梯),住家用,鋼筋混凝土造,0701025,81.56,3,2,2,有,有,有,9000,110,,0.0,0,,RPWOMLPLKIIFFHR77CC
永康區,房地(土地+建物),臺南市永康區新民街31~60號,86.65,住,,,1021213,土地1建物1車位0,全,1,透天厝,見其他登記事項,鋼筋混凝土造,1020205,50.62,0,0,0,無,無,無,12000,237,,0.0,0,,RPRNMLRLKIIFFHR37CC
東區,土地,新東段1141~1170地號,77.0,住,,,1021207,土地1建物0車位0,,,其他,,,,0.0,1,0,0,有,無,無,4500,58,,0.0,0,,RPWNMLRLKIIFFCD58CC
東區,房地(土地+建物),臺南市東區東門路三段295巷1~30號,0.0,住,,,1021201,土地1建物1車位0,十三層,15,住宅大樓(11層含以上有電梯),住家用,鋼筋混凝土構造,0851004,85.17,3,2,2,有,無,有,13000,153,,0.0,0,,RPTOMLRLKIIFFCD38CC
東區,房地(土地+建物),臺南市東區中華東路一段1~30號,0.0,住,,,1021201,土地1建物1車位0,六層,14,住宅大樓(11層含以上有電梯),住家用,見其他登記事項,0930712,38.63,1,1,1,有,無,有,8000,207,,0.0,0,,RPVOMLRLKIIFFCD58CC
東區,房地(土地+建物),臺南市東區榮譽街61~90號,107.69,住,,,1021223,土地1建物1車位0,全,2,透天厝,住家用,磚造,0530101,71.06,3,2,2,有,無,無,10000,141,,0.0,0,,RPSNMLKMKIIFFCD57CC
新市區,房地(土地+建物),臺南市新市區復興路6巷19弄1~30號,104.73,其他,,,1021229,土地1建物1車位0,全,1,透天厝,住家用,加強磚造,0700201,63.0,1,0,1,有,無,有,5500,87,,0.0,0,,RPRNMLKMKIIFFER09CC
善化區,房地(土地+建物),臺南市善化區蓮潭路121~150號,161.0,其他,,,1021226,土地1建物1車位0,全,3,透天厝,見其他登記事項,鋼筋混凝土造,1010406,201.16,5,2,4,有,無,無,23000,114,,0.0,0,,RPTNMLKMKIIFFER66CC
新市區,房地(土地+建物),臺南市新市區中正路92巷1~30號,11.27,住,,,1021227,土地1建物1車位0,三層,8,華廈(10層含以下有電梯),住家用,鋼筋混凝土造,0830806,71.12,3,2,2,有,無,有,8000,112,,0.0,0,,RPUNMLKMKIIFFER76CC
善化區,房地(土地+建物),臺南市善化區光復路121~150號,79.2,住,,,1021224,土地1建物1車位0,四層,4,店面(店鋪),住商用,鋼筋混凝土造,0850308,219.81,8,2,7,有,無,有,23000,105,,0.0,0,,RPXNMLKMKIIFFER07CC
仁德區,房地(土地+建物),臺南市仁德區中正路二段1111~1140號,109.14,住,,,1021220,土地1建物1車位0,見其他登記事項,2,店面(店鋪),住商用,加強磚造,0671212,135.5,2,2,3,有,無,無,18000,133,,0.0,0,,RPQOMLKMKIIFFFR56CC
仁德區,土地,義林段91~120地號,113.98,住,,,1021201,土地1建物0車位0,,,其他,,,,0.0,0,0,0,有,無,有,7000,61,,0.0,0,,RPROMLKMKIIFFFR66CC
南區,房地(土地+建物),臺南市南區新興路230巷1~30號,554.0,住,,,1021219,土地1建物1車位0,全,3,透天厝,住家用,加強磚造,0620607,545.58,3,2,5,有,無,無,65000,119,,0.0,0,,RPPPMLLMKIIFFCD67DC
北區,建物,臺南市北區成功路391~420號,0.0,商,,,1021202,土地0建物2車位0,見其他登記事項,5,店面(店鋪),見其他登記事項,見其他登記事項,1010522,1139.16,0,0,0,無,無,無,170000,149,,0.0,0,,RPWNMLLMKIIFFAD87CC
北區,土地,仁愛段421~450地號,208.0,商,,,1021213,土地1建物0車位0,,,其他,,,,0.0,0,0,0,有,無,無,18000,87,,0.0,0,,RPUOMLNJJHJFFAD57CC
永康區,房地(土地+建物),臺南市永康區中山南路781~810號,105.5,住,,,1021221,土地1建物1車位0,見其他登記事項,2,店面(店鋪),住家用,加強磚造,0630401,110.64,2,3,2,有,無,無,13000,117,,0.0,0,,RPUOMLNJJHJFFHR07CC
永康區,房地(土地+建物),臺南市永康區龍中街151~180號,73.0,住,,,1021221,土地1建物1車位0,全,5,透天厝,住商用,鋼筋混凝土造,0811104,16.6,1,0,1,有,無,有,4500,271,,0.0,0,僅承租4樓套房一間,RPWOMLNJJHJFFHR27CC
安南區,房地(土地+建物),臺南市安南區府安路五段230巷31~60號,0.0,住,,,1021212,土地1建物1車位0,全,4,透天厝,住家用,鋼筋混凝土構造,0850416,159.83,5,1,3,有,無,有,16000,100,,0.0,0,1.因合約書無填具土地租賃面積2.由所有權人提供出資料,RPQNMLOJJHJFFBD27CC
安南區,房地(土地+建物),臺南市安南區安和路一段15巷31~60號,0.0,住,,,1021221,土地1建物1車位0,全,2,透天厝,住家用,加強磚造,0660505,79.86,3,2,2,有,無,有,12000,150,,0.0,0,1.因合約書無填具土地租賃面積2.由所有權人提供出資料,RPRNMLOJJHJFFBD37CC
中西區,建物,臺南市中西區開山路122巷56弄1~30號,0.0,商,,,1021214,土地0建物1車位0,四層,5,公寓(5樓含以下無電梯),住家用,鋼筋混凝土構造,0820719,86.81,2,1,2,有,有,有,8000,92,,0.0,0,,RPOOMLOJJHJFFAD07CC
中西區,房地(土地+建物),臺南市中西區湖美街70巷1~30號,0.0,其他,,,1021218,土地1建物1車位0,全,14,透天厝,見其他登記事項,鋼筋混凝土構造,0871203,216.11,2,1,2,有,有,有,30000,139,,0.0,0,,RPPOMLOJJHJFFAD17CC
北區,建物,臺南市北區北忠街58巷31~60號,0.0,商,,,1021218,土地0建物1車位0,五層,5,公寓(5樓含以下無電梯),住家用,鋼筋混凝土構造,0700703,101.96,3,2,2,有,無,有,7500,74,,0.0,0,,RPQOMLOJJHJFFAD27CC
中西區,房地(土地+建物),臺南市中西區民權路二段121~150號,0.0,商,,,1021221,土地1建物1車位0,全,3,透天厝,見其他登記事項,鋼筋混凝土構造,0920521,311.8,4,3,4,有,無,無,45000,144,,0.0,0,,RPSOMLOJJHJFFAD47CC
北區,建物,臺南市北區北園街8巷1~30號,0.0,商,,,1021222,土地0建物1車位0,四層,19,住宅大樓(11層含以上有電梯),見其他登記事項,鋼筋混凝土構造,0961227,161.35,3,2,2,有,有,有,30000,186,,0.0,0,,RPTOMLOJJHJFFAD57CC
北區,房地(土地+建物),臺南市北區實踐街39巷91~120號,0.0,住,,,1021223,土地1建物1車位0,全,1,透天厝,住家用,加強磚造,0610206,31.5,3,1,1,有,無,有,7000,222,,0.0,0,,RPUOMLOJJHJFFAD67CC
南區,建物,臺南市南區賢南街1~30號,0.0,住,,,1021210,土地0建物1車位0,六層,6,華廈(10層含以下有電梯),住家用,鋼筋混凝土構造,0811121,129.32,2,1,2,有,有,有,15000,116,,0.0,0,,RPUOMLOJJHJFFCD87CC
東區,建物,臺南市東區中華東路二段133巷4弄1~30號,0.0,住,,,1021213,土地0建物1車位0,五層,5,公寓(5樓含以下無電梯),住家用,鋼筋混凝土構造,0701224,99.7,2,1,1,有,有,無,6500,65,,0.0,0,,RPVOMLOJJHJFFCD97CC
東區,建物,臺南市東區崇德路31~60號,0.0,住,,,1021219,土地0建物1車位0,三層,5,辦公商業大樓,住商用,鋼筋混凝土構造,0710511,120.76,0,0,0,無,無,無,14000,116,,0.0,0,,RPXOMLOJJHJFFCD18CC
東區,建物,臺南市東區林森路一段121~150號,0.0,商,,,1021224,土地0建物1車位0,一層,22,辦公商業大樓,商業用,鋼筋混凝土構造,0800111,225.01,0,0,1,有,有,無,20000,89,,0.0,0,,RPPPMLOJJHJFFCD47CC
東區,建物,臺南市東區中華東路二段151~180號,0.0,住,,,1021224,土地0建物1車位0,十三層,14,套房(1房1廳1衛),住家用,鋼筋混凝土構造,0970229,72.7,1,1,1,有,有,有,12000,165,,0.0,0,,RPQPMLOJJHJFFCD57CC
南區,房地(土地+建物),臺南市南區中華西路二段61~90號,545.0,工,,,1030101,土地1建物1車位0,見其他登記事項,1,廠辦,見其他登記事項,見其他登記事項,0680628,260.0,0,0,0,無,無,有,50000,192,,0.0,0,,RPROMLRJJHJFFCD97DC
安南區,房地(土地+建物),臺南市安南區安中路一段271~300號,68.07,其他,,,1030102,土地1建物1車位0,全,4,透天厝,住商用,鋼筋混凝土構造,0990701,129.75,4,1,3,有,無,有,25000,193,,0.0,0,,RPOOMLSJJHJFFBD57CC
新化區,房地(土地+建物),臺南市新化區北勢里金華街一段1~30號,43.95,,特定專用區,甲種建築用地,1030108,土地1建物1車位0,一層,7,華廈(10層含以下有電梯),住家用,鋼筋混凝土造,0860825,79.85,4,2,2,有,無,有,10000,125,,0.0,0,,RPUNMLSJJHJFFER17CC
南區,房地(土地+建物),臺南市南區中華西路二段61~90號,2175.0,工,,,1030101,土地1建物1車位0,見其他登記事項,2,廠辦,見其他登記事項,見其他登記事項,0680628,1035.0,0,0,0,無,無,無,180000,174,,0.0,0,,RPUNMLSJJHJFFCD38EC
東區,房地(土地+建物),臺南市東區東門路三段37巷63弄1~30號,75.0,其他,,,1021228,土地1建物1車位0,全,2,透天厝,住家用,加強磚造,0630920,98.99,6,2,3,有,無,無,9500,96,,0.0,0,,RPVOMLSJJHJFFCD38CC
東區,建物,臺南市東區中華東路二段331~360號,0.0,商,,,1021209,土地0建物1車位0,一層,5,店面(店鋪),住商用,鋼筋混凝土構造,0860213,53.8,0,1,0,有,無,無,25000,465,,0.0,0,,RPWOMLSJJHJFFCD48CC
東區,房地(土地+建物),臺南市東區東門路二段365巷1~30號,0.0,其他,,,1021227,土地1建物1車位0,見其他登記事項,2,店面(店鋪),見其他登記事項,鋼筋混凝土構造,0990915,190.81,3,2,4,有,無,無,62000,325,,0.0,0,,RPXOMLSJJHJFFCD58CC
東區,建物,臺南市東區慶東街162巷1~30號,0.0,住,,,1021212,土地0建物1車位0,全,2,透天厝,住家用,加強磚造,0641024,126.98,4,2,2,有,無,有,20000,158,,0.0,0,,RPOPMLSJJHJFFCD77CC
南區,建物,臺南市南區中華南路二段301~330號,0.0,住,,,1021229,土地0建物1車位0,全,5,透天厝,見其他登記事項,鋼筋混凝土構造,0701126,216.66,3,1,2,有,無,有,13000,60,,0.0,0,,RPQPMLSJJHJFFCD97CC
東區,房地(土地+建物)+車位,臺南市東區仁東街1~30號,0.0,住,,,1021215,土地1建物1車位1,十四層,14,住宅大樓(11層含以上有電梯),住家用,鋼筋混凝土構造,0871218,49.53,2,1,1,有,無,有,8500,172,升降機械,15.43,0,,RPUPMLSJJHJFFCD38CC
中西區,房地(土地+建物),臺南市中西區正興街1~30號,355.0,其他,,,1021214,土地1建物1車位0,四層,7,華廈(10層含以下有電梯),住家用,鋼筋混凝土構造,0800729,23.67,1,1,1,有,無,無,5800,245,,0.0,0,,RPROMLSJJHJFFAD77CC
中西區,房地(土地+建物),臺南市中西區五妃街1~30號,0.0,住,,,1021231,土地1建物1車位0,六層,8,華廈(10層含以下有電梯),住家用,鋼筋混凝土構造,0851016,46.86,2,1,1,有,無,有,10000,213,,0.0,0,,RPVPMLSJJHJFFAD28CC
南區,土地,新興段181~210地號,193.0,住,,,1021212,土地1建物0車位0,,,其他,,,,0.0,0,0,0,有,無,無,90000,466,,0.0,0,,RPPOMLTJJHJFFCD87CC
新市區,房地(土地+建物),臺南市新市區和平街208巷13弄1~30號,75.05,住,,,1030108,土地1建物1車位0,全,2,透天厝,住商用,加強磚造,0731221,98.0,4,2,2,有,無,有,10000,102,,0.0,0,,RPSNMLTJJHJFFER07CC
安南區,房地(土地+建物),臺南市安南區國安街151~180號,33.73,商,,,1021226,土地1建物1車位0,一層,1,其他,見其他登記事項,鋼筋混凝土構造,0730717,41.67,0,0,0,有,無,有,5000,120,,0.0,0,,RPRNMLTJJHJFFBD87CC
佳里區,房地(土地+建物),臺南市佳里區中山路31巷1~30號,72.0,住,,,1021226,土地1建物1車位0,全,3,透天厝,住商用,加強磚造,0660106,173.71,5,3,3,有,無,無,4500,26,,0.0,0,,RPOOMLTJJHJFFDR76DC
佳里區,土地,佳里段2311~2340地號,618.0,住,,,1021211,土地1建物0車位0,,,其他,,,,0.0,0,0,0,有,無,無,60000,97,,0.0,0,,RPXNMLTJJHJFFDR47CC
北區,房地(土地+建物),臺南市北區開元路451~480號,3447.0,商,,,1021216,土地0建物1車位0,見其他登記事項,4,店面(店鋪),見其他登記事項,見其他登記事項,0941011,6621.22,0,0,0,無,有,無,152500,23,,0.0,0,,RPXNMLTJJHJFFAD48DC
佳里區,房地(土地+建物),臺南市佳里區佳東路511~540號,103.39,住,,,1021228,土地1建物1車位0,見其他登記事項,4,店面(店鋪),見其他登記事項,鋼筋混凝土造,1010808,237.09,4,3,5,有,無,無,22000,93,,0.0,0,,RPVNMLKKJHJFFDR56DC
永康區,建物,臺南市永康區東橋三路430巷31~60號,0.0,住,,,1021214,土地0建物0車位0,全,5,透天厝,見其他登記事項,鋼筋混凝土造,0991230,38.58,5,0,5,有,無,有,5500,143,,0.0,0,,RPQQMLKKJHJFFHR66CC
安南區,建物,臺南市安南區鹽田五街61~90號,0.0,住,,,1021220,土地0建物1車位0,全,3,透天厝,國民住宅,鋼筋混凝土構造,0900528,183.12,6,2,4,有,無,無,18000,98,,0.0,0,1.合約書無填具土地租賃面積.2.由所有權人提供出租資訊3.租金以包含平面車位,RPTNMLKKJHJFFBD27CC
安南區,建物,臺南市安南區府安路三段289巷38弄1~30號,0.0,住,,,1021210,土地0建物1車位0,全,2,透天厝,住家用,加強磚造,0690219,91.64,3,2,2,有,無,有,10000,109,,0.0,0,,RPUNMLKKJHJFFBD37CC
善化區,房地(土地+建物),臺南市善化區光復路241~270號,1005.01,農,,,1030101,土地1建物1車位0,見其他登記事項,2,農舍,農舍,鋼筋混凝土造,0971113,228.94,4,2,3,有,無,無,60000,,,0.0,0,,RPXNMLKKJHJFFER76CC
安平區,房地(土地+建物),臺南市安平區華平路601~630號,160.0,其他,,,1021231,土地1建物1車位0,一層,1,店面(店鋪),見其他登記事項,見其他登記事項,1001107,63.54,0,0,0,無,無,有,70000,1102,,0.0,0,,RPSNMLKKJHJFFAD07CC
東區,房地(土地+建物),臺南市東區大同路二段631~660號,85.85,商,,,1030101,土地1建物1車位0,見其他登記事項,3,店面(店鋪),住商用,加強磚造,0630826,184.56,0,0,0,無,無,無,23000,125,,0.0,0,,RPOOMLNKJHJFFCD27CC
安南區,房地(土地+建物),臺南市安南區十二佃路181~210號,92.26,住,,,1030103,土地1建物1車位0,全,3,透天厝,見其他登記事項,鋼筋混凝土構造,0930901,189.13,4,1,3,有,無,有,12000,63,,0.0,0,,RPWNMLNKJHJFFBD87CC
永康區,建物,臺南市永康區永二街393巷16弄91~120號,0.0,住,,,1021216,土地0建物1車位0,全,4,透天厝,見其他登記事項,鋼筋混凝土造,0861110,189.13,4,2,3,有,無,有,15000,79,,0.0,0,,RPWNMLOKJHJFFHR37CC
永康區,建物,臺南市永康區中華路578巷1~30號,0.0,住,,,1021215,土地0建物1車位0,四層,8,華廈(10層含以下有電梯),住家用,鋼筋混凝土造,0851028,147.35000000000002,3,2,2,有,有,有,11000,75,,0.0,0,,RPXNMLOKJHJFFHR47CC
佳里區,房地(土地+建物),臺南市佳里區建中街91~120號,397.0,住,,,1030113,土地1建物4車位0,全,2,透天厝,住商用,加強磚造,0670120,375.77,5,0,2,有,無,無,25000,67,,0.0,0,,RPPNMLOKJHJFFDR88CC
東區,建物,臺南市東區中華東路三段452巷8弄31~60號,0.0,商,,,1021216,土地0建物1車位0,三層,5,公寓(5樓含以下無電梯),住家用,鋼筋混凝土構造,0770120,146.77,2,2,3,有,無,有,12000,82,,0.0,0,,RPSOMLOKJHJFFCD77CC
東區,房地(土地+建物),臺南市東區崇明路241~270號,0.0,住,,,1030115,土地1建物1車位0,一層,4,店面(店鋪),住商用,鋼筋混凝土構造,0771219,43.38,0,0,0,無,無,無,25000,576,,0.0,0,,RPXNMLQKJHJFFCD38CC
東區,房地(土地+建物)+車位,臺南市東區東寧路121~150號,0.0,住,,,1030114,土地1建物1車位1,三層,12,住宅大樓(11層含以上有電梯),住家用,鋼筋混凝土構造,0861008,94.18,3,2,2,有,無,無,15000,159,坡道平面,14.5,0,,RPPOMLQKJHJFFCD67CC
南區,建物,臺南市南區新興路481~510號,0.0,住,,,1021230,土地0建物0車位0,一層,3,店面(店鋪),住商用,鋼筋混凝土構造,0750129,56.63,0,1,1,有,無,無,19000,336,,0.0,0,,RPQNMLRKJHJFFCD77CC
中西區,土地,南寧段451~480地號,302.0,商,,,1030116,土地2建物0車位0,,,其他,,,,0.0,0,0,0,有,無,有,70000,232,,0.0,0,,RPXNMLRKJHJFFAD28CC
北區,建物,臺南市北區北門路二段511~540號,0.0,住,,,1030105,土地0建物1車位0,見其他登記事項,11,店面(店鋪),見其他登記事項,鋼筋混凝土構造,0930329,165.1,2,2,2,有,有,有,22000,133,,0.0,0,,RPOOMLRKJHJFFAD47CC
善化區,房地(土地+建物),臺南市善化區陽光大道358巷1~30號,111.0,住,,,1030115,土地1建物1車位0,見其他登記事項,3,其他,見其他登記事項,鋼筋混凝土造,1020709,185.4,4,2,4,有,無,有,18000,97,,0.0,0,有車位,RPXNMLRKJHJFFER47CC
善化區,房地(土地+建物),臺南市善化區光文路1~30號,242.62,住,,,1030114,土地1建物1車位0,全,3,透天厝,住家用,見其他登記事項,0700727,156.15,23,0,23,有,無,有,5000,32,,0.0,0,,RPPNMLSKJHJFFER76CC
善化區,房地(土地+建物),臺南市善化區光文路1~30號,242.62,住,,,1030112,土地1建物1車位0,全,3,透天厝,住家用,見其他登記事項,0700727,156.15,23,0,23,有,無,有,4500,29,,0.0,0,,RPQNMLSKJHJFFER86CC
新市區,房地(土地+建物),臺南市新市區忠孝街227巷1~30號,1390.14,住,,,1030118,土地1建物1車位0,二層,2,公寓(5樓含以下無電梯),住家用,鋼筋混凝土造,0810805,65.34,3,1,2,有,無,有,7000,107,,0.0,0,,RPOOMLLLJHJFFER78CC
新市區,土地,新北段151~180地號,540.0,商,,,1030105,土地1建物0車位0,,,其他,,,,0.0,0,0,0,有,無,無,18000,33,,0.0,0,,RPOPMLLLJHJFFER88CC
新市區,房地(土地+建物),臺南市新市區永華二街31~60號,61.32,,特定專用區,甲種建築用地,1030120,土地1建物1車位0,二層,8,華廈(10層含以下有電梯),住家用,鋼筋混凝土造,0860825,112.99,4,1,2,有,無,有,10000,89,,0.0,0,,RPRPMLLLJHJFFER56CC
永康區,房地(土地+建物),臺南市永康區東橋二街61~90號,168.99,住,,,1030101,土地1建物1車位0,全,2,透天厝,見其他登記事項,加強磚造,0720310,145.5,3,2,4,有,無,無,15000,103,,0.0,0,,RPRPMLLLJHJFFHR96DC
下營區,土地,地號151~180地號,4583.9,其他,,,1030110,土地3建物0車位0,,,其他,,,,0.0,0,0,0,有,無,有,15000,3,,0.0,0,,RPTNMLMLJHJFFDR66DC
永康區,房地(土地+建物),臺南市永康區中山路1~30號,316.23,商,,,1030110,土地1建物1車位0,見其他登記事項,5,店面(店鋪),住商用,鋼筋混凝土造,0691224,284.0,0,0,0,無,無,無,50000,176,,0.0,0,,RPUOMLMLJHJFFHR17CC
中西區,房地(土地+建物),臺南市中西區健康路一段121~150號,0.0,住,,,1021229,土地1建物1車位0,一層,5,店面(店鋪),商業用,鋼筋混凝土構造,0700204,118.47999999999999,0,0,1,有,無,無,30000,253,,0.0,0,,RPPOMLMLJHJFFAD17CC
北區,房地(土地+建物),臺南市北區公園南路370巷1~30號,13.6,住,,,1030115,土地1建物1車位0,二十層,23,住宅大樓(11層含以上有電梯),見其他登記事項,鋼筋混凝土構造,0890406,89.18,3,2,2,有,有,有,26000,292,,0.0,0,,RPQOMLMLJHJFFAD27CC
中西區,建物,臺南市中西區萬昌街121~150號,0.0,商,,,1030102,土地0建物1車位0,六層,11,套房(1房1廳1衛),見其他登記事項,見其他登記事項,0950713,43.120000000000005,1,1,1,有,無,有,9000,209,,0.0,0,,RPSOMLMLJHJFFAD47CC
中西區,房地(土地+建物),臺南市中西區民族路二段391~420號,84.86,商,,,1030113,土地9建物2車位0,見其他登記事項,2,店面(店鋪),商業用,磚造,,156.39,0,0,0,無,無,無,45000,288,,0.0,0,,RPVOMLMLJHJFFAD77CC
中西區,房地(土地+建物),臺南市中西區觀亭街1~30號,0.0,商,,,1030102,土地1建物1車位0,全,3,透天厝,住商用,鋼筋混凝土構造,0790317,104.5,2,3,2,有,無,有,19000,182,,0.0,0,,RPXOMLMLJHJFFAD97CC
中西區,房地(土地+建物),臺南市中西區青年路172巷1~30號,0.0,商,,,1030104,土地1建物1車位0,一層,1,店面(店鋪),住家用,木造,,57.85,0,1,1,有,無,無,8000,138,,0.0,0,,RPOPMLMLJHJFFAD17CC
北區,房地(土地+建物),臺南市北區長北街121~150號,43.09,住,,,1030105,土地2建物1車位0,見使用執照,8,店面(店鋪),住商用,鋼筋混凝土構造,0820603,159.55,1,3,3,有,有,無,21000,132,,0.0,0,,RPPPMLMLJHJFFAD27CC
中西區,房地(土地+建物),臺南市中西區新美街1~30號,50.23,商,,,1030101,土地1建物1車位0,見其他登記事項,2,店面(店鋪),住商用,磚造,0450101,82.82,1,1,1,有,無,無,10000,121,,0.0,0,,RPQPMLMLJHJFFAD37CC
安平區,房地(土地+建物),臺南市安平區郡平路181~210號,12.47,住,,,1030101,土地1建物1車位0,五層,17,住宅大樓(11層含以上有電梯),住家用,鋼筋混凝土構造,0850907,71.91,3,2,2,有,有,有,15000,209,,0.0,0,,RPRPMLMLJHJFFAD47CC
南區,建物,臺南市南區永春街31~60號,0.0,住,,,1021229,土地0建物1車位0,四層,8,套房(1房1廳1衛),商業用,鋼筋混凝土構造,0810319,42.379999999999995,1,1,1,有,有,有,6500,153,,0.0,0,,RPWNMLMLJHJFFCD97CC
南區,房地(土地+建物),臺南市南區公英四街1~30號,0.0,住,,,1021230,土地1建物1車位0,全,2,透天厝,住家用,見其他登記事項,0570130,68.4,2,1,1,有,無,無,8000,117,,0.0,0,,RPOOMLMLJHJFFCD27CC
東區,土地,裕東段31~60地號,329.95,住,,,1030101,土地1建物0車位0,,,其他,,,,0.0,0,0,0,有,無,無,30000,91,,0.0,0,,RPPOMLMLJHJFFCD37CC
南區,建物,臺南市南區金華路一段511~540號,0.0,住,,,1030106,土地0建物1車位0,五層,5,公寓(5樓含以下無電梯),住家用,鋼筋混凝土構造,0710430,89.13,3,1,2,有,無,有,6000,67,,0.0,0,,RPQOMLMLJHJFFCD47CC
南區,建物,臺南市南區中華西路一段91~120號,0.0,住,,,1021224,土地0建物1車位0,三層,7,華廈(10層含以下有電梯),住家用,鋼筋混凝土構造,0701226,71.63,2,1,1,有,有,有,7500,105,,0.0,0,,RPROMLMLJHJFFCD57CC
東區,房地(土地+建物),臺南市東區府東街181~210號,0.0,住,,,1030118,土地1建物1車位0,全,3,透天厝,住家用,鋼筋混凝土構造,0651230,44.73,1,0,1,有,無,無,11000,246,,0.0,0,,RPWNMLNLJHJFFCD08CC
南區,房地(土地+建物),臺南市南區西門路一段471巷1~30號,0.0,住,,,1030101,土地1建物1車位0,全,4,透天厝,住家用,鋼筋混凝土構造,0691230,13.95,1,0,1,有,無,有,5500,394,,0.0,0,,RPVOMLNLJHJFFCD08CC
東區,建物,臺南市東區東門路一段121~150號,0.0,住,,,1030104,土地0建物1車位0,五層,15,住宅大樓(11層含以上有電梯),住家用,鋼筋混凝土構造,0820809,117.03,3,1,2,有,有,有,10000,85,,0.0,0,,RPXOMLNLJHJFFCD28CC
東區,建物,臺南市東區東興路211~240號,0.0,住,,,1030108,土地0建物1車位0,三層,5,公寓(5樓含以下無電梯),住家用,鋼筋混凝土構造,0701219,130.78,3,2,2,有,無,有,11000,84,,0.0,0,,RPQPMLNLJHJFFCD67CC
東區,建物,臺南市東區崇德十九街1~30號,0.0,住,,,1030116,土地0建物1車位0,五層,8,華廈(10層含以下有電梯),住家用,鋼筋混凝土構造,0821122,121.88,3,2,2,有,有,有,10000,82,,0.0,0,,RPSPMLNLJHJFFCD87CC
東區,建物,臺南市東區怡東路31~60號,0.0,住,,,1030120,土地0建物1車位0,三層,9,華廈(10層含以下有電梯),住家用,鋼筋混凝土構造,0830122,108.68,3,1,2,有,有,有,11000,101,,0.0,0,,RPTPMLNLJHJFFCD97CC
中西區,房地(土地+建物),臺南市中西區青年路226巷61~90號,0.0,住,,,1030117,土地1建物1車位0,五層,5,華廈(10層含以下有電梯),住家用,鋼筋混凝土構造,0770401,42.0,2,1,1,有,無,有,6500,155,,0.0,0,,RPWNMLNLJHJFFAD87CC
北區,房地(土地+建物),臺南市北區大武街525巷1弄1~30號,0.0,住,,,1021224,土地1建物1車位0,全,2,透天厝,住家用,加強磚造,0700312,86.36,5,2,3,有,無,有,9000,104,,0.0,0,,RPSOMLNLJHJFFAD57CC
安平區,建物,臺南市安平區建平八街450巷31~60號,0.0,住,,,1021231,土地0建物1車位0,六層,7,華廈(10層含以下有電梯),住家用,鋼筋混凝土構造,0811007,79.28,2,1,2,有,有,有,10000,126,,0.0,0,,RPUOMLNLJHJFFAD77CC
北區,建物,臺南市北區育德一街1~30號,0.0,住,,,1030110,土地0建物1車位0,五層,10,華廈(10層含以下有電梯),見其他登記事項,鋼筋混凝土構造,0930830,80.00999999999999,2,1,1,有,無,有,17000,212,,0.0,0,,RPQPMLNLJHJFFAD47CC
中西區,建物,臺南市中西區北門路一段91~120號,0.0,商,,,1030119,土地0建物1車位0,六層,11,住宅大樓(11層含以上有電梯),住家用,鋼筋混凝土構造,0710831,198.89,3,1,4,有,有,有,10000,50,,0.0,0,,RPTPMLNLJHJFFAD77CC
中西區,土地,中正段751~780地號,43.29,商,,,1030110,土地1建物0車位0,,,其他,,,,0.0,0,0,0,有,無,無,25000,578,,0.0,0,,RPWPMLNLJHJFFAD08CC
安平區,房地(土地+建物),臺南市安平區建平十七街211~240號,76.24,商,,,1030120,土地1建物1車位0,全,4,透天厝,見其他登記事項,鋼筋混凝土構造,0960612,264.23,4,2,4,有,無,無,33000,125,,0.0,0,,RPOQMLNLJHJFFAD37CC
永康區,建物,臺南市永康區中華路578巷1~30號,0.0,住,,,1030110,土地0建物1車位0,七層,17,住宅大樓(11層含以上有電梯),住家用,鋼筋混凝土造,0810723,85.07,3,2,2,有,有,有,9000,106,,0.0,0,,RPOPMLNLJHJFFHR76CC
永康區,建物,臺南市永康區大橋一街31~60號,0.0,住,,,1030112,土地0建物1車位0,八層,14,住宅大樓(11層含以上有電梯),住家用,鋼筋混凝土造,0880824,22.21,2,1,1,有,有,有,6500,293,,0.0,0,,RPPPMLNLJHJFFHR86CC
安南區,房地(土地+建物),臺南市安南區仁安一街207巷1~30號,0.0,住,,,1030110,土地1建物1車位0,全,4,透天厝,住商用,鋼筋混凝土構造,0840729,154.23,4,2,4,有,無,有,12000,78,,0.0,0,1.因合約書無填具土地面積2.由所有權人提供出資料,RPPOMLNLJHJFFBD37CC
永康區,建物,臺南市永康區大橋一街31~60號,0.0,住,,,1030119,土地0建物1車位0,十二層,14,住宅大樓(11層含以上有電梯),住家用,鋼筋混凝土造,0880824,123.37,4,2,2,有,有,有,16000,130,,0.0,0,,RPQNMLPLJHJFFHR96CC
安平區,房地(土地+建物),臺南市安平區中華西路二段331~360號,1094.0,住,,,1021226,土地5建物1車位0,一層,1,廠辦,商業用,見其他登記事項,0781205,536.54,0,0,0,無,無,無,275000,513,,0.0,0,,RPWNMLPLJHJFFAD18DC
東區,建物,臺南市東區德東街189巷1~30號,0.0,住,,,1030117,土地0建物1車位0,全,2,透天厝,住家用,加強磚造,0730310,108.91,4,2,2,有,無,有,12000,110,,0.0,0,,RPPNMLPLJHJFFCD57CC
東區,建物,臺南市東區東安路31~60號,0.0,住,,,1021230,土地0建物1車位0,七層,7,華廈(10層含以下有電梯),住家用,鋼筋混凝土構造,0701224,85.49,3,1,2,有,有,有,11000,129,,0.0,0,,RPQNMLPLJHJFFCD67CC
東區,建物,臺南市東區裕農路621巷45弄1~30號,0.0,住,,,1030107,土地0建物1車位0,全,2,透天厝,住商用,加強磚造,0581005,73.9,4,1,2,有,無,有,9000,122,,0.0,0,,RPRNMLPLJHJFFCD77CC
北區,建物,臺南市北區東豐路227巷24弄1~30號,0.0,,,,1030101,土地0建物1車位0,三層,5,華廈(10層含以下有電梯),住家用,鋼筋混凝土構造,0790518,25.07,1,0,1,有,有,有,5000,199,,0.0,0,,RPROMLRLJHJFFAD87CC
安平區,房地(土地+建物),臺南市安平區國平路571~600號,7.61,住,,,1030115,土地1建物1車位0,八層,14,住宅大樓(11層含以上有電梯),見其他登記事項,見其他登記事項,0950406,55.1,2,1,1,有,有,有,14000,254,,0.0,0,,RPQOMLTLJHJFFAD97CC
北區,房地(土地+建物),臺南市北區公園南路370巷31~60號,21.73,住,,,1030103,土地1建物1車位0,五層,18,住宅大樓(11層含以上有電梯),住家用,鋼筋混凝土構造,0840912,82.6,2,1,1,有,有,有,14000,169,,0.0,0,,RPRQMLTLJHJFFAD28CC
柳營區,房地(土地+建物),臺南市大內區石城里石子瀨121~150號,80.25,其他,,,1030121,土地1建物1車位0,全,3,透天厝,住商用,鋼筋混凝土構造,0830829,36.83,1,0,1,有,無,有,4000,109,,0.0,0,,RPQOMLTLJHJFFCR96CC
