﻿編號,車位類別,車位價格,車位面積平方公尺
Serial number,berth category,berth price,berth area square meter
RPSNMLQJJIIFFEH48DC,坡道平面,0,20.00
RPUQMLRJJIIFFBH68CC,坡道平面,0,34.62
RPQNMLRJJIIFFEH48EC,坡道平面,0,27.15
RPTTMLRJJIIFFAH78CC,坡道平面,0,15.00
RPPSMLLJJIIFFAH87EC,坡道平面,0,
RPTQMLOKJIIFFAH38DC,坡道平面,0,26.03
RPQPMLPKJIIFFEH48DC,坡道平面,0,27.00
RPPTMLOKJIIFFBH28CC,坡道機械,0,22.34
RPSSMLSKJIIFFAH88DC,坡道平面,0,58.79
RPVQMLTKJIIFFAH98CC,坡道平面,0,
RPVQMLTKJIIFFAH98CC,坡道平面,0,
RPVQMLTKJIIFFAH98CC,坡道平面,0,
RPVQMLTKJIIFFAH98CC,坡道平面,0,
RPVQMLTKJIIFFAH98CC,坡道平面,0,
RPRRMLTKJIIFFAH68CC,坡道平面,0,.04
RPUNMLLLJIIFFEH28CC,坡道平面,0,35.83
RPPOMLQLJIIFFEH38CC,坡道平面,0,23.22
RPRRMLRLJIIFFAH58CC,坡道機械,0,
RPPOMLQLJIIFFCH18CC,坡道平面,0,36.44
RPQPMLMJKIIFFBH77CC,坡道平面,0,35.47
RPWQMLOJKIIFFBH68CC,坡道平面,0,17.01
RPPRMLOJKIIFFBH18DC,坡道平面,0,
RPPOMLQJKIIFFAH97DC,坡道平面,0,
RPPOMLRJKIIFFAH97CC,坡道平面,0,
RPUPMLTJKIIFFEH56CC,坡道平面,0,20.24
RPUNMLKKKIIFFFH48EC,坡道平面,0,
RPXOMLKKKIIFFAH18CC,坡道機械,0,10.90
RPXOMLMKKIIFFEH78CC,坡道平面,0,31.80
RPXSMLMKKIIFFEH56CC,坡道平面,0,4554.30
RPVNMLMKKIIFFAH08CC,坡道平面,0,33.31
RPPTMLQKKIIFFAH48CC,坡道機械,0,11.02
RPTTMLQKKIIFFAH88CC,坡道平面,0,
RPTTMLQKKIIFFAH88CC,坡道平面,0,
RPSNMLQKKIIFFFH68CC,坡道平面,0,
RPWOMLQKKIIFFFH56CC,坡道平面,0,
RPPTMLSKKIIFFAH68CC,坡道平面,0,
RPSRMLRKKIIFFAH68CC,坡道平面,0,67.53
RPURMLKLKIIFFAH28CC,坡道平面,1200,30.00
RPRPMLKLKIIFFAH97EC,坡道平面,0,
RPOOMLNLKIIFFBH77CC,坡道平面,0,
RPPQMLNLKIIFFEH38CC,其他,0,78.14
RPSOMLNLKIIFFEH58DC,坡道平面,0,33.42
RPQNMLNLKIIFFAH77CC,坡道平面,0,
RPRQMLTKKIIFFBH88DC,坡道平面,0,
RPRQMLTKKIIFFBH88DC,坡道平面,0,
RPTOMLKMKIIFFFH68EC,坡道平面,0,33.56
RPPPMLKMKIIFFEH08CC,坡道平面,0,
RPWNMLKMKIIFFEH68DC,坡道平面,0,
RPVPMLRLKIIFFAH98DC,坡道平面,0,
RPQRMLRLKIIFFAH58CC,坡道平面,0,
RPOPMLMJJHJFFEH77CC,坡道平面,0,23.22
RPXOMLQJJHJFFBH78DC,升降平面,0,30.83
RPRNMLQJJHJFFBH97CC,坡道平面,0,
RPTPMLRJJHJFFBH48CC,坡道平面,0,
RPRSMLNJJHJFFAH08CC,一樓平面,0,
RPUQMLNJJHJFFAH18CC,坡道平面,1000,35.83
RPPNMLRJJHJFFEH18CC,坡道平面,0,
RPURMLNKJHJFFAH38CC,坡道平面,0,18.35
RPPNMLKKJHJFFAH17CC,坡道平面,0,36.89
RPVQMLOKJHJFFAH68EC,一樓平面,0,2.55
RPWOMLOKJHJFFBH68EC,坡道平面,0,
RPTQMLOKJHJFFBH48DC,坡道平面,0,
RPQRMLOKJHJFFAH28EC,坡道平面,0,
RPRRMLOKJHJFFAH38EC,坡道平面,0,16.27
RPSRMLOKJHJFFAH48EC,坡道平面,0,
RPRQMLQKJHJFFAH38DC,坡道平面,0,35.01
RPSVMLRKJHJFFAH09DC,坡道平面,0,29.92
RPVQMLRKJHJFFBH98DC,坡道平面,0,
RPUWMLRKJHJFFAH66CC,坡道平面,2000,
RPWQMLRKJHJFFEH86EC,坡道平面,0,
RPUOMLSKJHJFFAH58CC,坡道平面,0,36.50
RPTOMLSKJHJFFAH48CC,坡道平面,0,32.44
RPWOMLSKJHJFFBH88CC,坡道平面,12000,45.23
RPQSMLMLJHJFFAH08CC,坡道平面,0,21.19
RPOPMLLLJHJFFAH47CC,坡道平面,0,19.21
RPPOMLMLJHJFFGH28DC,其他,0,
RPROMLMLJHJFFFH28CC,坡道平面,0,
RPSTMLNLJHJFFAH48CC,坡道平面,0,20.93
RPSNMLQLJHJFFBH28CC,坡道平面,0,
RPTNMLQLJHJFFBH38CC,坡道平面,0,
RPQOMLSLJHJFFBH48DC,坡道平面,3000,47.82
RPXNMLQLJHJFFCH88CC,坡道平面,0,40.33
RPRNMLQLJHJFFCH28CC,坡道平面,0,36.44
