﻿鄉鎮市區,交易標的,土地區段位置建物區段門牌,土地移轉總面積平方公尺,都市土地使用分區,非都市土地使用分區,非都市土地使用編定,交易年月日,交易筆棟數,移轉層次,總樓層數,建物型態,主要用途,主要建材,建築完成年月,建物移轉總面積平方公尺,建物現況格局-房,建物現況格局-廳,建物現況格局-衛,建物現況格局-隔間,有無管理組織,總價元,單價元平方公尺,車位類別,車位移轉總面積平方公尺,車位總價元,備註,編號
The villages and towns urban district,transaction sign,land sector position building sector house number plate,land shifting total area square meter,the use zoning or compiles and checks,the non-metropolis land use district,non-metropolis land use,transaction year month and day,transaction pen number,shifting level,total floor number,building state,main use,main building materials,construction to complete the years,building shifting total area,Building present situation pattern - room,building present situation pattern - hall,building present situation pattern - health,building present situation pattern - compartmented,Whether there is manages the organization,total price NTD,the unit price (NTD / square meter),the berth category,berth shifting total area square meter,the berth total price NTD,the note,serial number
竹北市,房地(土地+建物)+車位,家興段421~450地號,12.85,商,,,1020411,土地1建物1車位2,一層,15,店面(店鋪),商業用,鋼筋混凝土造,,74.54,0,0,0,無,無,9420000,126375,坡道平面,0.0,0,,RPTNMLOKJIIFFBJ18CB
竹北市,房地(土地+建物)+車位,家興段421~450地號,32.71,商,,,1020216,土地1建物1車位2,三層,15,住宅大樓(11層含以上有電梯),住家用,鋼筋混凝土造,,193.03,4,2,3,有,無,12160000,62995,坡道平面,0.0,0,,RPUNMLOKJIIFFBJ28CB
竹北市,房地(土地+建物)+車位,家興段421~450地號,32.71,商,,,1020421,土地1建物1車位2,四層,15,住宅大樓(11層含以上有電梯),住家用,鋼筋混凝土造,,194.43,4,2,3,有,無,12120000,62336,坡道平面,0.0,0,,RPVNMLOKJIIFFBJ38CB
竹北市,房地(土地+建物)+車位,家興段421~450地號,32.71,商,,,991123,土地1建物1車位2,五層,15,住宅大樓(11層含以上有電梯),住家用,鋼筋混凝土造,,194.43,4,2,3,有,無,12150000,62490,坡道平面,0.0,0,,RPWNMLOKJIIFFBJ48CB
竹北市,房地(土地+建物)+車位,家興段421~450地號,32.71,商,,,1010916,土地1建物1車位2,六層,15,住宅大樓(11層含以上有電梯),住家用,鋼筋混凝土造,,194.43,4,2,3,有,無,12100000,62233,坡道平面,0.0,0,,RPXNMLOKJIIFFBJ58CB
竹北市,房地(土地+建物)+車位,家興段421~450地號,32.71,商,,,1011207,土地1建物1車位2,七層,15,住宅大樓(11層含以上有電梯),住家用,鋼筋混凝土造,,194.43,4,2,3,有,無,12500000,64290,坡道平面,0.0,0,,RPOOMLOKJIIFFBJ77CB
竹北市,房地(土地+建物)+車位,家興段421~450地號,32.71,商,,,1011013,土地1建物1車位2,九層,15,住宅大樓(11層含以上有電梯),住家用,鋼筋混凝土造,,194.43,4,2,3,有,無,12350000,63519,坡道平面,0.0,0,,RPPOMLOKJIIFFBJ87CB
竹北市,房地(土地+建物)+車位,家興段421~450地號,32.71,商,,,1011019,土地1建物1車位2,九層,15,住宅大樓(11層含以上有電梯),住家用,鋼筋混凝土造,,194.43,4,2,3,有,無,12750000,65576,坡道平面,0.0,0,,RPQOMLOKJIIFFBJ97CB
竹北市,房地(土地+建物)+車位,家興段421~450地號,32.71,商,,,1020519,土地1建物1車位2,十層,15,住宅大樓(11層含以上有電梯),住家用,鋼筋混凝土造,,194.43,4,2,3,有,無,12950000,66605,坡道平面,0.0,0,,RPROMLOKJIIFFBJ08CB
竹北市,房地(土地+建物)+車位,家興段421~450地號,32.71,商,,,1011223,土地1建物1車位2,十一層,15,住宅大樓(11層含以上有電梯),住家用,鋼筋混凝土造,,194.43,4,2,3,有,無,12720000,65422,坡道平面,0.0,0,,RPTOMLOKJIIFFBJ28CB
竹北市,房地(土地+建物)+車位,家興段421~450地號,32.71,商,,,1011209,土地1建物1車位2,十二層,15,住宅大樓(11層含以上有電梯),住家用,鋼筋混凝土造,,194.43,4,2,3,有,無,12960000,66656,坡道平面,0.0,0,,RPUOMLOKJIIFFBJ38CB
竹北市,房地(土地+建物)+車位,家興段421~450地號,32.71,商,,,1020306,土地1建物1車位2,十三層,15,住宅大樓(11層含以上有電梯),住家用,鋼筋混凝土造,,194.43,4,2,3,有,無,12610000,64856,坡道平面,0.0,0,,RPVOMLOKJIIFFBJ48CB
竹北市,房地(土地+建物)+車位,家興段421~450地號,32.71,商,,,1020512,土地1建物1車位2,十四層,15,住宅大樓(11層含以上有電梯),住家用,鋼筋混凝土造,,194.43,4,2,3,有,無,12750000,65576,坡道平面,0.0,0,,RPWOMLOKJIIFFBJ58CB
竹北市,房地(土地+建物)+車位,家興段421~450地號,32.71,商,,,1020503,土地1建物1車位2,十五層,15,住宅大樓(11層含以上有電梯),住家用,鋼筋混凝土造,,194.43,4,2,3,有,無,12860000,66142,坡道平面,0.0,0,,RPXOMLOKJIIFFBJ68CB
竹北市,房地(土地+建物)+車位,家興段421~450地號,28.99,商,,,1020226,土地1建物1車位1,三層,15,住宅大樓(11層含以上有電梯),住家用,鋼筋混凝土造,,171.54,4,2,2,有,無,9850000,57421,坡道平面,0.0,0,,RPOPMLOKJIIFFBJ87CB
竹北市,房地(土地+建物)+車位,家興段421~450地號,28.99,商,,,1011229,土地1建物1車位1,四層,15,住宅大樓(11層含以上有電梯),住家用,鋼筋混凝土造,,172.97,4,2,2,有,無,10000000,57813,坡道平面,0.0,0,,RPPPMLOKJIIFFBJ97CB
竹北市,房地(土地+建物)+車位,家興段421~450地號,28.99,商,,,1010425,土地1建物1車位1,五層,15,住宅大樓(11層含以上有電梯),住家用,鋼筋混凝土造,,172.97,4,2,2,有,無,10050000,58103,坡道平面,0.0,0,,RPQPMLOKJIIFFBJ08CB
竹北市,房地(土地+建物)+車位,家興段421~450地號,28.99,商,,,1020124,土地1建物1車位2,六層,15,住宅大樓(11層含以上有電梯),住家用,鋼筋混凝土造,,172.97,4,2,2,有,無,11070000,64000,坡道平面,0.0,0,,RPRPMLOKJIIFFBJ18CB
竹北市,房地(土地+建物)+車位,家興段421~450地號,28.99,商,,,1011227,土地1建物1車位2,七層,15,住宅大樓(11層含以上有電梯),住家用,鋼筋混凝土造,,172.97,4,2,2,有,無,11300000,65329,坡道平面,0.0,0,,RPSPMLOKJIIFFBJ28CB
竹北市,房地(土地+建物)+車位,家興段421~450地號,28.99,商,,,1020102,土地1建物1車位2,八層,15,住宅大樓(11層含以上有電梯),住家用,鋼筋混凝土造,,172.97,4,2,2,有,無,11100000,64173,坡道平面,0.0,0,,RPTPMLOKJIIFFBJ38CB
竹北市,房地(土地+建物)+車位,家興段421~450地號,28.99,商,,,1020109,土地1建物1車位2,九層,15,住宅大樓(11層含以上有電梯),住家用,鋼筋混凝土造,,172.97,4,2,2,有,無,11100000,64173,坡道平面,0.0,0,,RPUPMLOKJIIFFBJ48CB
竹北市,房地(土地+建物)+車位,家興段421~450地號,28.99,商,,,1020504,土地1建物1車位2,十層,15,住宅大樓(11層含以上有電梯),住家用,鋼筋混凝土造,,172.97,4,2,2,有,無,11660000,67411,坡道平面,0.0,0,,RPVPMLOKJIIFFBJ58CB
竹北市,房地(土地+建物)+車位,家興段421~450地號,28.99,商,,,1020216,土地1建物1車位2,十一層,15,住宅大樓(11層含以上有電梯),住家用,鋼筋混凝土造,,172.97,4,2,2,有,無,11200000,64751,坡道平面,0.0,0,,RPWPMLOKJIIFFBJ68CB
竹北市,房地(土地+建物)+車位,家興段421~450地號,28.99,商,,,1020131,土地1建物1車位2,十二層,15,住宅大樓(11層含以上有電梯),住家用,鋼筋混凝土造,,172.97,4,2,2,有,無,11330000,65503,坡道平面,0.0,0,,RPXPMLOKJIIFFBJ78CB
竹北市,房地(土地+建物)+車位,家興段421~450地號,28.99,商,,,1020125,土地1建物1車位1,十三層,15,住宅大樓(11層含以上有電梯),住家用,鋼筋混凝土造,,172.97,4,2,2,有,無,10500000,60704,坡道平面,0.0,0,,RPOQMLOKJIIFFBJ97CB
竹北市,房地(土地+建物)+車位,家興段421~450地號,28.99,商,,,1011207,土地1建物1車位2,十四層,15,住宅大樓(11層含以上有電梯),住家用,鋼筋混凝土造,,172.97,4,2,2,有,無,11230000,64925,坡道平面,0.0,0,,RPPQMLOKJIIFFBJ08CB
竹北市,房地(土地+建物)+車位,家興段421~450地號,28.99,商,,,1020221,土地1建物1車位2,十五層,15,住宅大樓(11層含以上有電梯),住家用,鋼筋混凝土造,,172.97,4,2,2,有,無,11200000,64751,坡道平面,0.0,0,,RPQQMLOKJIIFFBJ18CB
竹北市,房地(土地+建物)+車位,家興段421~450地號,27.38,商,,,1011222,土地1建物1車位1,二層,15,住宅大樓(11層含以上有電梯),住家用,鋼筋混凝土造,,161.85,4,2,2,有,無,9350000,57770,坡道平面,0.0,0,,RPRQMLOKJIIFFBJ28CB
竹北市,房地(土地+建物)+車位,家興段421~450地號,27.38,商,,,1011228,土地1建物1車位1,三層,15,住宅大樓(11層含以上有電梯),住家用,鋼筋混凝土造,,161.85,4,2,2,有,無,9370000,57893,坡道平面,0.0,0,,RPSQMLOKJIIFFBJ38CB
竹北市,房地(土地+建物)+車位,家興段421~450地號,27.38,商,,,1011211,土地1建物1車位1,四層,15,住宅大樓(11層含以上有電梯),住家用,鋼筋混凝土造,,161.85,4,2,2,有,無,9380000,57955,坡道平面,0.0,0,,RPUQMLOKJIIFFBJ58CB
竹北市,房地(土地+建物)+車位,家興段421~450地號,27.38,商,,,1011109,土地1建物1車位1,五層,15,住宅大樓(11層含以上有電梯),住家用,鋼筋混凝土造,,161.85,4,2,2,有,無,9360000,57831,坡道平面,0.0,0,,RPVQMLOKJIIFFBJ68CB
竹北市,房地(土地+建物)+車位,家興段421~450地號,27.38,商,,,1011102,土地1建物1車位1,六層,15,住宅大樓(11層含以上有電梯),住家用,鋼筋混凝土造,,161.85,4,2,2,有,無,9620000,59438,坡道平面,0.0,0,,RPWQMLOKJIIFFBJ78CB
竹北市,房地(土地+建物)+車位,家興段421~450地號,27.38,商,,,1011101,土地1建物1車位1,七層,15,住宅大樓(11層含以上有電梯),住家用,鋼筋混凝土造,,161.85,4,2,2,有,無,9700000,59932,坡道平面,0.0,0,,RPORMLOKJIIFFBJ08CB
竹北市,房地(土地+建物)+車位,家興段421~450地號,27.38,商,,,1020307,土地1建物1車位2,八層,15,住宅大樓(11層含以上有電梯),住家用,鋼筋混凝土造,,161.85,4,2,2,有,無,10680000,65987,坡道平面,0.0,0,,RPPRMLOKJIIFFBJ18CB
竹北市,房地(土地+建物)+車位,家興段421~450地號,27.38,商,,,1020322,土地1建物1車位2,九層,15,住宅大樓(11層含以上有電梯),住家用,鋼筋混凝土造,,161.85,4,2,2,有,無,10700000,66111,坡道平面,0.0,0,,RPQRMLOKJIIFFBJ28CB
竹北市,房地(土地+建物)+車位,家興段421~450地號,27.38,商,,,1020508,土地1建物1車位2,十層,15,住宅大樓(11層含以上有電梯),住家用,鋼筋混凝土造,,161.85,4,2,2,有,無,10950000,67655,坡道平面,0.0,0,,RPRRMLOKJIIFFBJ38CB
竹北市,房地(土地+建物)+車位,家興段421~450地號,27.38,商,,,1011222,土地1建物1車位1,十一層,15,住宅大樓(11層含以上有電梯),住家用,鋼筋混凝土造,,161.85,4,2,2,有,無,9830000,60735,坡道平面,0.0,0,,RPSRMLOKJIIFFBJ48CB
竹北市,房地(土地+建物)+車位,家興段421~450地號,27.38,商,,,1020201,土地1建物1車位1,十二層,15,住宅大樓(11層含以上有電梯),住家用,鋼筋混凝土造,,161.85,4,2,2,有,無,9580000,59191,坡道平面,0.0,0,,RPTRMLOKJIIFFBJ58CB
竹北市,房地(土地+建物)+車位,家興段421~450地號,27.38,商,,,1020321,土地1建物1車位2,十三層,15,住宅大樓(11層含以上有電梯),住家用,鋼筋混凝土造,,161.85,4,2,2,有,無,10850000,67037,坡道平面,0.0,0,,RPVRMLOKJIIFFBJ78CB
竹北市,房地(土地+建物)+車位,家興段421~450地號,27.38,商,,,1021123,土地1建物1車位1,十四層,15,住宅大樓(11層含以上有電梯),住家用,鋼筋混凝土造,,161.85,4,2,2,有,無,10000000,61786,坡道平面,0.0,0,,RPWRMLOKJIIFFBJ88CB
竹北市,房地(土地+建物)+車位,家興段421~450地號,27.38,商,,,1020426,土地1建物1車位1,十五層,15,住宅大樓(11層含以上有電梯),住家用,鋼筋混凝土造,,161.85,4,2,2,有,無,10350000,63948,坡道平面,0.0,0,,RPXRMLOKJIIFFBJ98CB
竹北市,房地(土地+建物)+車位,家興段421~450地號,21.17,商,,,1010608,土地1建物1車位1,二層,15,住宅大樓(11層含以上有電梯),住家用,鋼筋混凝土造,,132.18,3,2,2,有,無,7730000,58481,坡道平面,0.0,0,,RPQTMLOKJIIFFBJ48CB
竹北市,房地(土地+建物)+車位,家興段421~450地號,21.9,商,,,1011227,土地1建物1車位1,三層,15,住宅大樓(11層含以上有電梯),住家用,鋼筋混凝土造,,136.57,3,2,2,有,無,9200000,67365,坡道平面,0.0,0,,RPRTMLOKJIIFFBJ58CB
竹北市,房地(土地+建物)+車位,家興段421~450地號,21.9,商,,,1010428,土地1建物1車位1,四層,15,住宅大樓(11層含以上有電梯),住家用,鋼筋混凝土造,,136.57,3,2,2,有,無,7980000,58432,坡道平面,0.0,0,,RPSTMLOKJIIFFBJ68CB
竹北市,房地(土地+建物)+車位,家興段421~450地號,21.9,商,,,1010608,土地1建物1車位1,五層,15,住宅大樓(11層含以上有電梯),住家用,鋼筋混凝土造,,136.57,3,2,2,有,無,8200000,60042,坡道平面,0.0,0,,RPTTMLOKJIIFFBJ78CB
竹北市,房地(土地+建物)+車位,家興段421~450地號,21.9,商,,,1020714,土地1建物1車位1,七層,15,住宅大樓(11層含以上有電梯),住家用,鋼筋混凝土造,,136.57,3,2,2,有,無,8560000,62678,坡道平面,0.0,0,,RPUTMLOKJIIFFBJ88CB
竹北市,房地(土地+建物)+車位,家興段421~450地號,21.9,商,,,1010516,土地1建物1車位1,七層,15,住宅大樓(11層含以上有電梯),住家用,鋼筋混凝土造,,136.57,3,2,2,有,無,8300000,60775,坡道平面,0.0,0,,RPVTMLOKJIIFFBJ98CB
竹北市,房地(土地+建物)+車位,家興段421~450地號,21.9,商,,,1010817,土地1建物1車位1,八層,15,住宅大樓(11層含以上有電梯),住家用,鋼筋混凝土造,,136.57,3,2,2,有,無,8380000,61360,坡道平面,0.0,0,,RPWTMLOKJIIFFBJ09CB
竹北市,房地(土地+建物)+車位,家興段421~450地號,21.9,商,,,1010804,土地1建物1車位1,九層,15,住宅大樓(11層含以上有電梯),住家用,鋼筋混凝土造,,136.57,3,2,2,有,無,8500000,62239,坡道平面,0.0,0,,RPXTMLOKJIIFFBJ56CB
竹北市,房地(土地+建物)+車位,家興段421~450地號,21.9,商,,,1010726,土地1建物1車位1,十層,15,住宅大樓(11層含以上有電梯),住家用,鋼筋混凝土造,,136.57,3,2,2,有,無,8460000,61946,坡道平面,0.0,0,,RPOUMLOKJIIFFBJ38CB
竹北市,房地(土地+建物)+車位,家興段421~450地號,21.9,商,,,1011015,土地1建物1車位1,十一層,15,住宅大樓(11層含以上有電梯),住家用,鋼筋混凝土造,,136.57,3,2,2,有,無,8450000,61873,坡道平面,0.0,0,,RPPUMLOKJIIFFBJ48CB
竹北市,房地(土地+建物)+車位,家興段421~450地號,21.9,商,,,1010826,土地1建物1車位1,十二層,15,住宅大樓(11層含以上有電梯),住家用,鋼筋混凝土造,,136.57,3,2,2,有,無,8460000,61946,坡道平面,0.0,0,,RPQUMLOKJIIFFBJ58CB
竹北市,房地(土地+建物)+車位,家興段421~450地號,21.9,商,,,1011215,土地1建物1車位1,十三層,15,住宅大樓(11層含以上有電梯),住家用,鋼筋混凝土造,,136.57,3,2,2,有,無,8500000,62239,坡道平面,0.0,0,,RPRUMLOKJIIFFBJ68CB
竹北市,房地(土地+建物)+車位,家興段421~450地號,21.9,商,,,1020408,土地1建物1車位1,十四層,15,住宅大樓(11層含以上有電梯),住家用,鋼筋混凝土造,,136.57,3,2,2,有,無,8700000,63704,坡道平面,0.0,0,,RPTUMLOKJIIFFBJ88CB
竹北市,房地(土地+建物)+車位,家興段421~450地號,21.9,商,,,1020408,土地1建物1車位1,十五層,15,住宅大樓(11層含以上有電梯),住家用,鋼筋混凝土造,,136.57,3,2,2,有,無,8570000,62752,坡道平面,0.0,0,,RPUUMLOKJIIFFBJ98CB
竹北市,房地(土地+建物)+車位,家興段421~450地號,26.77,商,,,1020220,土地1建物1車位1,三層,15,住宅大樓(11層含以上有電梯),住家用,鋼筋混凝土造,,166.72,4,2,2,有,無,11260000,67538,坡道平面,0.0,0,,RPVUMLOKJIIFFBJ09CB
竹北市,房地(土地+建物)+車位,家興段421~450地號,26.77,商,,,1010429,土地1建物1車位1,四層,15,住宅大樓(11層含以上有電梯),住家用,鋼筋混凝土造,,166.72,4,2,2,有,無,9750000,58481,坡道平面,0.0,0,,RPWUMLOKJIIFFBJ56CB
竹北市,房地(土地+建物)+車位,家興段421~450地號,26.77,商,,,1010610,土地1建物1車位2,五層,15,住宅大樓(11層含以上有電梯),住家用,鋼筋混凝土造,,166.72,4,2,2,有,無,10880000,65259,坡道平面,0.0,0,,RPXUMLOKJIIFFBJ66CB
竹北市,房地(土地+建物)+車位,家興段421~450地號,26.77,商,,,1010421,土地1建物1車位2,六層,15,住宅大樓(11層含以上有電梯),住家用,鋼筋混凝土造,,166.72,4,2,2,有,無,11000000,65979,坡道平面,0.0,0,,RPOVMLOKJIIFFBJ48CB
竹北市,房地(土地+建物)+車位,家興段421~450地號,26.77,商,,,1011005,土地1建物1車位2,七層,15,住宅大樓(11層含以上有電梯),住家用,鋼筋混凝土造,,166.72,4,2,2,有,無,10700000,64179,坡道平面,0.0,0,,RPPVMLOKJIIFFBJ58CB
竹北市,房地(土地+建物)+車位,家興段421~450地號,26.77,商,,,1020221,土地1建物1車位2,八層,15,住宅大樓(11層含以上有電梯),住家用,鋼筋混凝土造,,166.72,4,2,2,有,無,10890000,65319,坡道平面,0.0,0,,RPQVMLOKJIIFFBJ68CB
竹北市,房地(土地+建物)+車位,家興段421~450地號,26.77,商,,,1011001,土地1建物1車位2,九層,15,住宅大樓(11層含以上有電梯),住家用,鋼筋混凝土造,,166.72,4,2,2,有,無,10730000,64359,坡道平面,0.0,0,,RPRVMLOKJIIFFBJ78CB
竹北市,房地(土地+建物)+車位,家興段421~450地號,26.77,商,,,1020311,土地1建物1車位2,十層,15,住宅大樓(11層含以上有電梯),住家用,鋼筋混凝土造,,166.72,4,2,2,有,無,10780000,64659,坡道平面,0.0,0,,RPSVMLOKJIIFFBJ88CB
竹北市,房地(土地+建物)+車位,家興段421~450地號,26.77,商,,,1011204,土地1建物1車位2,十一層,15,住宅大樓(11層含以上有電梯),住家用,鋼筋混凝土造,,166.72,4,2,2,有,無,11060000,66339,坡道平面,0.0,0,,RPTVMLOKJIIFFBJ98CB
竹北市,房地(土地+建物)+車位,家興段421~450地號,26.77,商,,,1011117,土地1建物1車位2,十二層,15,住宅大樓(11層含以上有電梯),住家用,鋼筋混凝土造,,166.72,4,2,2,有,無,11080000,66459,坡道平面,0.0,0,,RPUVMLOKJIIFFBJ09CB
竹北市,房地(土地+建物)+車位,家興段421~450地號,26.77,商,,,1011129,土地1建物1車位2,十三層,15,住宅大樓(11層含以上有電梯),住家用,鋼筋混凝土造,,166.72,4,2,2,有,無,11250000,67478,坡道平面,0.0,0,,RPVVMLOKJIIFFBJ56CB
竹北市,房地(土地+建物)+車位,家興段421~450地號,26.77,商,,,1011218,土地1建物1車位1,十四層,15,住宅大樓(11層含以上有電梯),住家用,鋼筋混凝土造,,166.72,4,2,2,有,無,10700000,64179,坡道平面,0.0,0,,RPWVMLOKJIIFFBJ66CB
竹北市,房地(土地+建物)+車位,家興段421~450地號,26.77,商,,,1020218,土地1建物1車位1,十五層,15,住宅大樓(11層含以上有電梯),住家用,鋼筋混凝土造,,166.72,4,2,2,有,無,10200000,61180,坡道平面,0.0,0,,RPXVMLOKJIIFFBJ76CB
竹北市,房地(土地+建物)+車位,家興段421~450地號,32.71,商,,,1020614,土地1建物1車位2,三層,15,住宅大樓(11層含以上有電梯),住家用,鋼筋混凝土造,,191.81,4,2,3,有,無,12160000,63396,坡道平面,0.0,0,,RPQNMLQKJIIFFBJ08CB
竹北市,房地(土地+建物)+車位,家興段421~450地號,12.08,商,,,1020412,土地1建物1車位2,一層,15,店面(店鋪),商業用,鋼筋混凝土造,,69.92,0,0,0,無,無,8940000,127860,坡道平面,0.0,0,,RPRNMLQKJIIFFBJ18CB
竹北市,房地(土地+建物)+車位,家興段421~450地號,32.71,商,,,1020503,土地1建物1車位2,四層,15,住宅大樓(11層含以上有電梯),住家用,鋼筋混凝土造,,193.21,4,2,3,有,無,12230000,63299,坡道平面,0.0,0,,RPSNMLQKJIIFFBJ28CB
竹北市,房地(土地+建物)+車位,家興段421~450地號,32.71,商,,,1020312,土地1建物1車位2,五層,15,住宅大樓(11層含以上有電梯),住家用,鋼筋混凝土造,,193.21,4,2,3,有,無,12450000,64438,坡道平面,0.0,0,,RPTNMLQKJIIFFBJ38CB
竹北市,房地(土地+建物)+車位,家興段421~450地號,32.71,商,,,1020622,土地1建物1車位2,六層,15,住宅大樓(11層含以上有電梯),住家用,鋼筋混凝土造,,193.21,4,2,3,有,無,14160000,73288,坡道平面,0.0,0,,RPUNMLQKJIIFFBJ48CB
竹北市,房地(土地+建物)+車位,家興段421~450地號,32.71,商,,,1020410,土地1建物1車位2,七層,15,住宅大樓(11層含以上有電梯),住家用,鋼筋混凝土造,,193.21,4,2,3,有,無,12580000,65111,坡道平面,0.0,0,,RPVNMLQKJIIFFBJ58CB
竹北市,房地(土地+建物)+車位,家興段421~450地號,32.71,商,,,1011217,土地1建物1車位2,八層,15,住宅大樓(11層含以上有電梯),住家用,鋼筋混凝土造,,193.21,4,2,3,有,無,12530000,64852,坡道平面,0.0,0,,RPWNMLQKJIIFFBJ68CB
竹北市,房地(土地+建物)+車位,家興段421~450地號,32.71,商,,,1010408,土地1建物1車位3,九層,15,住宅大樓(11層含以上有電梯),住家用,鋼筋混凝土造,,193.21,4,2,3,有,無,14200000,73495,坡道平面,0.0,0,,RPXNMLQKJIIFFBJ78CB
竹北市,房地(土地+建物)+車位,家興段421~450地號,32.71,商,,,1020516,土地1建物1車位2,十層,15,住宅大樓(11層含以上有電梯),住家用,鋼筋混凝土造,,193.21,4,2,3,有,無,12800000,66249,坡道平面,0.0,0,,RPOOMLQKJIIFFBJ97CB
竹北市,房地(土地+建物)+車位,家興段421~450地號,32.71,商,,,1020328,土地1建物1車位2,十一層,15,住宅大樓(11層含以上有電梯),住家用,鋼筋混凝土造,,193.21,4,2,3,有,無,12700000,65732,坡道平面,0.0,0,,RPPOMLQKJIIFFBJ08CB
竹北市,房地(土地+建物)+車位,家興段421~450地號,32.71,商,,,1010902,土地1建物1車位2,十二層,15,住宅大樓(11層含以上有電梯),住家用,鋼筋混凝土造,,193.21,4,2,3,有,無,12500000,64696,坡道平面,0.0,0,,RPQOMLQKJIIFFBJ18CB
竹北市,房地(土地+建物)+車位,家興段421~450地號,32.71,商,,,1021104,土地1建物1車位2,十三層,15,住宅大樓(11層含以上有電梯),住家用,鋼筋混凝土造,,193.21,4,2,3,有,無,12750000,65990,坡道平面,0.0,0,,RPROMLQKJIIFFBJ28CB
竹北市,房地(土地+建物)+車位,家興段421~450地號,32.71,商,,,1020510,土地1建物1車位2,十四層,15,住宅大樓(11層含以上有電梯),住家用,鋼筋混凝土造,,193.21,4,2,3,有,無,12970000,67129,坡道平面,0.0,0,,RPSOMLQKJIIFFBJ38CB
竹北市,房地(土地+建物)+車位,家興段421~450地號,32.71,商,,,1020510,土地1建物1車位2,十五層,15,住宅大樓(11層含以上有電梯),住家用,鋼筋混凝土造,,193.21,4,2,3,有,無,12770000,66094,坡道平面,0.0,0,,RPTOMLQKJIIFFBJ48CB
竹北市,房地(土地+建物)+車位,家興段421~450地號,13.73,商,,,1020430,土地1建物1車位2,一層,15,店面(店鋪),商業用,鋼筋混凝土造,,79.32,0,0,0,無,無,10250000,129223,坡道平面,0.0,0,,RPUOMLQKJIIFFBJ58CB
竹北市,房地(土地+建物)+車位,家興段421~450地號,28.99,商,,,1011103,土地1建物1車位1,三層,15,住宅大樓(11層含以上有電梯),住家用,鋼筋混凝土造,,170.46,4,2,2,有,無,9820000,57609,坡道平面,0.0,0,,RPVOMLQKJIIFFBJ68CB
竹北市,房地(土地+建物)+車位,家興段421~450地號,28.99,商,,,1020111,土地1建物1車位2,四層,15,住宅大樓(11層含以上有電梯),住家用,鋼筋混凝土造,,171.89,4,2,2,有,無,11000000,63994,坡道平面,0.0,0,,RPWOMLQKJIIFFBJ78CB
竹北市,房地(土地+建物)+車位,家興段421~450地號,28.99,商,,,1010927,土地1建物1車位2,五層,15,住宅大樓(11層含以上有電梯),住家用,鋼筋混凝土造,,171.89,4,2,2,有,無,10700000,62249,坡道平面,0.0,0,,RPXOMLQKJIIFFBJ88CB
竹北市,房地(土地+建物)+車位,家興段421~450地號,28.99,商,,,1011229,土地1建物1車位2,六層,15,住宅大樓(11層含以上有電梯),住家用,鋼筋混凝土造,,171.89,4,2,2,有,無,12100000,70394,坡道平面,0.0,0,,RPOPMLQKJIIFFBJ08CB
竹北市,房地(土地+建物)+車位,家興段421~450地號,28.99,商,,,1011127,土地1建物1車位2,七層,15,住宅大樓(11層含以上有電梯),住家用,鋼筋混凝土造,,171.89,4,2,2,有,無,11300000,65740,坡道平面,0.0,0,,RPPPMLQKJIIFFBJ18CB
竹北市,房地(土地+建物)+車位,家興段421~450地號,28.99,商,,,1011129,土地1建物1車位2,八層,15,住宅大樓(11層含以上有電梯),住家用,鋼筋混凝土造,,171.89,4,2,2,有,無,11320000,65856,坡道平面,0.0,0,,RPQPMLQKJIIFFBJ28CB
竹北市,房地(土地+建物)+車位,家興段421~450地號,28.99,商,,,1011125,土地1建物1車位2,九層,15,住宅大樓(11層含以上有電梯),住家用,鋼筋混凝土造,,171.89,4,2,2,有,無,11280000,65623,坡道平面,0.0,0,,RPRPMLQKJIIFFBJ38CB
竹北市,房地(土地+建物)+車位,家興段421~450地號,28.99,商,,,1020507,土地1建物1車位2,十層,15,住宅大樓(11層含以上有電梯),住家用,鋼筋混凝土造,,171.89,4,2,2,有,無,11500000,66903,坡道平面,0.0,0,,RPTPMLQKJIIFFBJ58CB
竹北市,房地(土地+建物)+車位,家興段421~450地號,28.99,商,,,1011020,土地1建物1車位2,十一層,15,住宅大樓(11層含以上有電梯),住家用,鋼筋混凝土造,,171.89,4,2,2,有,無,11360000,66089,坡道平面,0.0,0,,RPVPMLQKJIIFFBJ78CB
竹北市,房地(土地+建物)+車位,家興段421~450地號,28.99,商,,,1010926,土地1建物1車位2,十二層,15,住宅大樓(11層含以上有電梯),住家用,鋼筋混凝土造,,171.89,4,2,2,有,無,11300000,65740,坡道平面,0.0,0,,RPXPMLQKJIIFFBJ98CB
竹北市,房地(土地+建物)+車位,家興段421~450地號,28.99,商,,,1011123,土地1建物1車位2,十三層,15,住宅大樓(11層含以上有電梯),住家用,鋼筋混凝土造,,171.89,4,2,2,有,無,11330000,65914,坡道平面,0.0,0,,RPPQMLQKJIIFFBJ28CB
竹北市,房地(土地+建物)+車位,家興段421~450地號,28.99,商,,,1020408,土地1建物1車位2,十四層,15,住宅大樓(11層含以上有電梯),住家用,鋼筋混凝土造,,171.89,4,2,2,有,無,11600000,67485,坡道平面,0.0,0,,RPQQMLQKJIIFFBJ38CB
竹北市,房地(土地+建物)+車位,家興段421~450地號,28.99,商,,,1020202,土地1建物1車位1,十五層,15,住宅大樓(11層含以上有電梯),住家用,鋼筋混凝土造,,171.89,4,2,2,有,無,10460000,60853,坡道平面,0.0,0,,RPRQMLQKJIIFFBJ48CB
竹北市,房地(土地+建物)+車位,家興段421~450地號,11.81,商,,,1020419,土地1建物1車位2,一層,15,店面(店鋪),商業用,鋼筋混凝土造,,68.31,0,0,0,無,無,8930000,130728,坡道平面,0.0,0,,RPTQMLQKJIIFFBJ68CB
竹北市,房地(土地+建物)+車位,家興段421~450地號,27.38,商,,,1020130,土地1建物1車位1,二層,15,住宅大樓(11層含以上有電梯),住家用,鋼筋混凝土造,,160.84,4,2,2,有,無,9080000,56454,坡道平面,0.0,0,,RPUQMLQKJIIFFBJ78CB
竹北市,房地(土地+建物)+車位,家興段421~450地號,27.38,商,,,1020129,土地1建物1車位1,四層,15,住宅大樓(11層含以上有電梯),住家用,鋼筋混凝土造,,160.84,4,2,2,有,無,9130000,56764,坡道平面,0.0,0,,RPVQMLQKJIIFFBJ88CB
竹北市,房地(土地+建物)+車位,家興段421~450地號,27.38,商,,,1011022,土地1建物1車位1,五層,15,住宅大樓(11層含以上有電梯),住家用,鋼筋混凝土造,,160.84,4,2,2,有,無,9100000,56578,坡道平面,0.0,0,,RPWQMLQKJIIFFBJ98CB
竹北市,房地(土地+建物)+車位,家興段421~450地號,27.38,商,,,1020228,土地1建物1車位1,六層,15,住宅大樓(11層含以上有電梯),住家用,鋼筋混凝土造,,160.84,4,2,2,有,無,10360000,64412,坡道平面,0.0,0,,RPXQMLQKJIIFFBJ09CB
竹北市,房地(土地+建物)+車位,家興段421~450地號,27.38,商,,,1011219,土地1建物1車位1,七層,15,住宅大樓(11層含以上有電梯),住家用,鋼筋混凝土造,,160.84,4,2,2,有,無,9380000,58319,坡道平面,0.0,0,,RPORMLQKJIIFFBJ28CB
竹北市,房地(土地+建物)+車位,家興段421~450地號,27.38,商,,,1020220,土地1建物1車位2,八層,15,住宅大樓(11層含以上有電梯),住家用,鋼筋混凝土造,,160.84,4,2,2,有,無,10030000,62360,坡道平面,0.0,0,,RPPRMLQKJIIFFBJ38CB
竹北市,房地(土地+建物)+車位,家興段421~450地號,27.38,商,,,1020309,土地1建物1車位1,九層,15,住宅大樓(11層含以上有電梯),住家用,鋼筋混凝土造,,160.84,4,2,2,有,無,10350000,64350,坡道平面,0.0,0,,RPQRMLQKJIIFFBJ48CB
竹北市,房地(土地+建物)+車位,家興段421~450地號,27.38,商,,,1020405,土地1建物1車位2,十層,15,住宅大樓(11層含以上有電梯),住家用,鋼筋混凝土造,,160.84,4,2,2,有,無,10500000,65282,坡道平面,0.0,0,,RPRRMLQKJIIFFBJ58CB
竹北市,房地(土地+建物)+車位,家興段421~450地號,27.38,商,,,1020222,土地1建物1車位1,十一層,15,住宅大樓(11層含以上有電梯),住家用,鋼筋混凝土造,,160.84,4,2,2,有,無,9550000,59376,坡道平面,0.0,0,,RPSRMLQKJIIFFBJ68CB
竹北市,房地(土地+建物)+車位,家興段421~450地號,27.38,商,,,1020103,土地1建物1車位1,十二層,15,住宅大樓(11層含以上有電梯),住家用,鋼筋混凝土造,,160.84,4,2,2,有,無,9580000,59562,坡道平面,0.0,0,,RPTRMLQKJIIFFBJ78CB
竹北市,房地(土地+建物)+車位,家興段421~450地號,27.38,商,,,1020308,土地1建物1車位1,十三層,15,住宅大樓(11層含以上有電梯),住家用,鋼筋混凝土造,,160.84,4,2,2,有,無,9580000,59562,坡道平面,0.0,0,,RPURMLQKJIIFFBJ88CB
竹北市,房地(土地+建物)+車位,家興段421~450地號,27.38,商,,,1020401,土地1建物1車位1,十四層,15,住宅大樓(11層含以上有電梯),住家用,鋼筋混凝土造,,160.84,4,2,2,有,無,9690000,60246,坡道平面,0.0,0,,RPVRMLQKJIIFFBJ98CB
竹北市,房地(土地+建物)+車位,家興段421~450地號,27.38,商,,,1020409,土地1建物1車位1,十五層,15,住宅大樓(11層含以上有電梯),住家用,鋼筋混凝土造,,160.84,4,2,2,有,無,9580000,59562,坡道平面,0.0,0,,RPWRMLQKJIIFFBJ09CB
竹北市,房地(土地+建物)+車位,家興段421~450地號,25.62,商,,,1020820,土地1建物1車位1,一層,15,住宅大樓(11層含以上有電梯),住家用,鋼筋混凝土造,,148.35,3,2,2,有,無,10250000,69093,坡道平面,0.0,0,,RPXRMLQKJIIFFBJ56CB
竹北市,房地(土地+建物)+車位,家興段421~450地號,20.1,商,,,1020523,土地1建物1車位1,一層,15,住宅大樓(11層含以上有電梯),住家用,鋼筋混凝土造,,121.22,3,2,2,有,無,8850000,73008,坡道平面,0.0,0,,RPOSMLQKJIIFFBJ38CB
竹北市,房地(土地+建物)+車位,家興段421~450地號,21.21,商,,,1020104,土地1建物1車位1,二層,15,住宅大樓(11層含以上有電梯),住家用,鋼筋混凝土造,,129.9,3,2,2,有,無,7600000,58507,坡道平面,0.0,0,,RPPSMLQKJIIFFBJ48CB
竹北市,房地(土地+建物)+車位,家興段421~450地號,21.9,商,,,1010516,土地1建物1車位1,三層,15,住宅大樓(11層含以上有電梯),住家用,鋼筋混凝土造,,134.26,3,2,2,有,無,7670000,57128,坡道平面,0.0,0,,RPQSMLQKJIIFFBJ58CB
竹北市,房地(土地+建物)+車位,家興段421~450地號,21.9,商,,,1010423,土地1建物1車位1,四層,15,住宅大樓(11層含以上有電梯),住家用,鋼筋混凝土造,,134.26,3,2,2,有,無,7550000,56234,坡道平面,0.0,0,,RPRSMLQKJIIFFBJ68CB
竹北市,房地(土地+建物)+車位,家興段421~450地號,21.9,商,,,1010905,土地1建物1車位1,五層,15,住宅大樓(11層含以上有電梯),住家用,鋼筋混凝土造,,134.26,3,2,2,有,無,8000000,59586,坡道平面,0.0,0,,RPSSMLQKJIIFFBJ78CB
竹北市,房地(土地+建物)+車位,家興段421~450地號,21.9,商,,,1010727,土地1建物1車位1,六層,15,住宅大樓(11層含以上有電梯),住家用,鋼筋混凝土造,,134.26,3,2,2,有,無,8100000,60331,坡道平面,0.0,0,,RPTSMLQKJIIFFBJ88CB
竹北市,房地(土地+建物)+車位,家興段421~450地號,21.9,商,,,1010831,土地1建物1車位1,七層,15,住宅大樓(11層含以上有電梯),住家用,鋼筋混凝土造,,134.26,3,2,2,有,無,7980000,59437,坡道平面,0.0,0,,RPUSMLQKJIIFFBJ98CB
竹北市,房地(土地+建物)+車位,家興段421~450地號,21.9,商,,,1010922,土地1建物1車位1,八層,15,住宅大樓(11層含以上有電梯),住家用,鋼筋混凝土造,,134.26,3,2,2,有,無,8000000,59586,坡道平面,0.0,0,,RPVSMLQKJIIFFBJ09CB
竹北市,房地(土地+建物)+車位,家興段421~450地號,21.9,商,,,1011005,土地1建物1車位1,九層,15,住宅大樓(11層含以上有電梯),住家用,鋼筋混凝土造,,134.26,3,2,2,有,無,8100000,60331,坡道平面,0.0,0,,RPWSMLQKJIIFFBJ56CB
竹北市,房地(土地+建物)+車位,家興段421~450地號,21.9,商,,,1020117,土地1建物1車位1,十層,15,住宅大樓(11層含以上有電梯),住家用,鋼筋混凝土造,,134.26,3,2,2,有,無,8250000,61448,坡道平面,0.0,0,,RPXSMLQKJIIFFBJ66CB
竹北市,房地(土地+建物)+車位,家興段421~450地號,21.9,商,,,1011101,土地1建物1車位1,十一層,15,住宅大樓(11層含以上有電梯),住家用,鋼筋混凝土造,,134.26,3,2,2,有,無,8500000,63310,坡道平面,0.0,0,,RPOTMLQKJIIFFBJ48CB
竹北市,房地(土地+建物)+車位,家興段421~450地號,21.9,商,,,1011125,土地1建物1車位1,十二層,15,住宅大樓(11層含以上有電梯),住家用,鋼筋混凝土造,,134.26,3,2,2,有,無,8550000,63682,坡道平面,0.0,0,,RPPTMLQKJIIFFBJ58CB
竹北市,房地(土地+建物)+車位,家興段421~450地號,21.9,商,,,1011220,土地1建物1車位1,十三層,15,住宅大樓(11層含以上有電梯),住家用,鋼筋混凝土造,,134.26,3,2,2,有,無,8250000,61448,坡道平面,0.0,0,,RPQTMLQKJIIFFBJ68CB
竹北市,房地(土地+建物)+車位,家興段421~450地號,21.9,商,,,1020110,土地1建物1車位1,十四層,15,住宅大樓(11層含以上有電梯),住家用,鋼筋混凝土造,,134.26,3,2,2,有,無,8250000,61448,坡道平面,0.0,0,,RPRTMLQKJIIFFBJ78CB
竹北市,房地(土地+建物)+車位,家興段421~450地號,21.9,商,,,1020202,土地1建物1車位1,十五層,15,住宅大樓(11層含以上有電梯),住家用,鋼筋混凝土造,,134.26,3,2,2,有,無,8260000,61522,坡道平面,0.0,0,,RPSTMLQKJIIFFBJ88CB
竹北市,房地(土地+建物)+車位,家興段421~450地號,26.77,商,,,1011209,土地1建物1車位1,三層,15,住宅大樓(11層含以上有電梯),住家用,鋼筋混凝土造,,163.88,4,2,2,有,無,9500000,57969,坡道平面,0.0,0,,RPVTMLQKJIIFFBJ56CB
竹北市,房地(土地+建物)+車位,家興段421~450地號,26.77,商,,,1020322,土地1建物1車位1,四層,15,住宅大樓(11層含以上有電梯),住家用,鋼筋混凝土造,,163.88,4,2,2,有,無,9520000,58091,坡道平面,0.0,0,,RPWTMLQKJIIFFBJ66CB
竹北市,房地(土地+建物)+車位,家興段421~450地號,26.77,商,,,1010815,土地1建物1車位1,六層,15,住宅大樓(11層含以上有電梯),住家用,鋼筋混凝土造,,163.88,4,2,2,有,無,9860000,60166,坡道平面,0.0,0,,RPXTMLQKJIIFFBJ76CB
竹北市,房地(土地+建物)+車位,家興段421~450地號,26.77,商,,,1011202,土地1建物1車位1,七層,15,住宅大樓(11層含以上有電梯),住家用,鋼筋混凝土造,,163.88,4,2,2,有,無,9720000,59312,坡道平面,0.0,0,,RPOUMLQKJIIFFBJ58CB
竹北市,房地(土地+建物)+車位,家興段421~450地號,26.77,住,,,1010623,土地1建物1車位1,五層,15,住宅大樓(11層含以上有電梯),住家用,鋼筋混凝土造,,163.88,4,2,2,有,無,9600000,58579,坡道平面,0.0,0,,RPPUMLQKJIIFFBJ68CB
竹北市,房地(土地+建物)+車位,家興段421~450地號,26.77,商,,,1011202,土地1建物1車位1,八層,15,住宅大樓(11層含以上有電梯),住家用,鋼筋混凝土造,,163.88,4,2,2,有,無,9850000,60105,坡道平面,0.0,0,,RPQUMLQKJIIFFBJ78CB
竹北市,房地(土地+建物)+車位,家興段421~450地號,26.77,商,,,1020305,土地1建物1車位2,九層,15,住宅大樓(11層含以上有電梯),住家用,鋼筋混凝土造,,163.88,4,2,2,有,無,10640000,64926,坡道平面,0.0,0,,RPRUMLQKJIIFFBJ88CB
竹北市,房地(土地+建物)+車位,家興段421~450地號,26.77,商,,,1020411,土地1建物1車位2,十層,15,住宅大樓(11層含以上有電梯),住家用,鋼筋混凝土造,,163.88,4,2,2,有,無,11000000,67122,坡道平面,0.0,0,,RPSUMLQKJIIFFBJ98CB
竹北市,房地(土地+建物)+車位,家興段421~450地號,26.77,商,,,1020311,土地1建物1車位1,十一層,15,住宅大樓(11層含以上有電梯),住家用,鋼筋混凝土造,,163.88,4,2,2,有,無,9850000,60105,坡道平面,0.0,0,,RPTUMLQKJIIFFBJ09CB
竹北市,房地(土地+建物)+車位,家興段421~450地號,26.77,商,,,1020102,土地1建物1車位1,十二層,15,住宅大樓(11層含以上有電梯),住家用,鋼筋混凝土造,,163.88,4,2,2,有,無,10800000,65902,坡道平面,0.0,0,,RPUUMLQKJIIFFBJ56CB
竹北市,房地(土地+建物)+車位,家興段421~450地號,26.77,商,,,1020202,土地1建物1車位1,十三層,15,住宅大樓(11層含以上有電梯),住家用,鋼筋混凝土造,,163.88,4,2,2,有,無,9940000,60654,坡道平面,0.0,0,,RPVUMLQKJIIFFBJ66CB
竹北市,房地(土地+建物)+車位,家興段421~450地號,26.77,商,,,1020517,土地1建物1車位1,十四層,15,住宅大樓(11層含以上有電梯),住家用,鋼筋混凝土造,,163.88,4,2,2,有,無,10810000,65963,坡道平面,0.0,0,,RPWUMLQKJIIFFBJ76CB
竹北市,房地(土地+建物)+車位,家興段421~450地號,26.77,商,,,1020512,土地1建物1車位1,十五層,15,住宅大樓(11層含以上有電梯),住家用,鋼筋混凝土造,,163.88,4,2,2,有,無,9960000,60776,坡道平面,0.0,0,,RPXUMLQKJIIFFBJ86CB
