﻿編號,土地區段位置,土地移轉面積平方公尺,使用分區或編定
The serial number,land sector position,land shifting area square meter,the use zoning or compiles and checks
RPQNMLPJJIIFFAX09CA,四維段,621.66,都市：農
RPTNMLQJJIIFFAX86CA,北極段,135.71,都市：農
RPSNMLQJJIIFFAX86DA,安宅段,289.04,非都市：一般農業區 ; 非都市編定：農牧用地
RPOOMLKLJIIFFAX68CA,內垵三段,311.52,非都市：一般農業區 ; 非都市編定：農牧用地
RPPNMLQJJIIFFAX09CA,埕東段,6.46,都市：住
RPPNMLQJJIIFFAX09CA,埕東段,.10,都市：住
RPPNMLQJJIIFFAX09CA,埕東段,1.97,都市：住
RPPNMLQJJIIFFAX09CA,埕東段,15.51,都市：住
RPOOMLKLJIIFFAX88EA,吉貝西段,301.80,非都市：一般農業區 ; 非都市編定：農牧用地
RPSOMLRKJIIFFAX07CA,山水北段,419.35,非都市：一般農業區 ; 非都市編定：農牧用地
RPOOMLRKJIIFFAX66CA,五福段,38.16,非都市：一般農業區 ; 非都市編定：交通用地
RPOOMLRKJIIFFAX66CA,五福段,203.46,非都市：一般農業區 ; 非都市編定：甲種建築用地
RPOOMLRKJIIFFAX66CA,五福段,19.19,非都市：一般農業區 ; 非都市編定：交通用地
RPTNMLPKJIIFFAX86CA,五福段,433.05,非都市：一般農業區 ; 非都市編定：農牧用地
RPTNMLPKJIIFFAX86CA,五福段,1358.54,非都市：一般農業區 ; 非都市編定：農牧用地
RPTNMLPKJIIFFAX86CA,五福段,928.67,非都市：一般農業區 ; 非都市編定：農牧用地
RPTNMLPKJIIFFAX86CA,五福段,542.98,非都市：一般農業區 ; 非都市編定：農牧用地
RPSNMLRJJIIFFAX86CA,鐵線段,921.72,非都市：一般農業區 ; 非都市編定：農牧用地
RPSNMLRJJIIFFAX86CA,鐵線段,921.72,非都市：一般農業區 ; 非都市編定：農牧用地
RPPNMLSJJIIFFAX66CA,五福段,2419.90,非都市：一般農業區 ; 非都市編定：農牧用地
RPRNMLSJJIIFFAX86CA,興仁段,105.14,非都市：鄉村區 ; 非都市編定：乙種建築用地
RPSNMLMKJIIFFAX09CA,竹篙灣段,218.00,非都市：風景區 ; 非都市編定：農牧用地
RPQOMLRKJIIFFAX86CA,五福段,239.41,非都市：一般農業區 ; 非都市編定：農牧用地
RPTOMLRKJIIFFAX17CA,文東段,565.83,非都市：一般農業區 ; 非都市編定：農牧用地
RPVNMLRKJIIFFAX27CA,許家段,763.58,非都市：一般農業區 ; 非都市編定：農牧用地
RPVNMLRKJIIFFAX27CA,許家段,763.58,非都市：一般農業區 ; 非都市編定：農牧用地
RPVNMLRKJIIFFAX27CA,許家段,763.58,非都市：一般農業區 ; 非都市編定：農牧用地
RPVNMLRKJIIFFAX27CA,許家段,763.58,非都市：一般農業區 ; 非都市編定：農牧用地
RPVNMLRKJIIFFAX27CA,許家段,763.58,非都市：一般農業區 ; 非都市編定：農牧用地
RPVNMLRKJIIFFAX27CA,許家段,763.58,非都市：一般農業區 ; 非都市編定：農牧用地
RPVNMLRKJIIFFAX27CA,許家段,763.58,非都市：一般農業區 ; 非都市編定：農牧用地
RPVNMLRKJIIFFAX27CA,許家段,763.58,非都市：一般農業區 ; 非都市編定：農牧用地
RPVNMLRKJIIFFAX27CA,許家段,763.58,非都市：一般農業區 ; 非都市編定：農牧用地
RPQNMLKLJIIFFAX78CA,五德東段,1037.91,非都市：一般農業區 ; 非都市編定：農牧用地
RPPOMLRKJIIFFAX76CA,馬公段,3.50,都市：住
RPPOMLRKJIIFFAX76CA,馬公段,75.00,都市：住
RPQNMLNKJIIFFAX09DA,文石段,96.33,非都市：一般農業區 ; 非都市編定：甲種建築用地
RPQNMLNKJIIFFAX09DA,文石段,16.98,非都市：一般農業區 ; 非都市編定：交通用地
RPVOMLRKJIIFFAX37CA,四維段,1440.87,非都市：一般農業區 ; 非都市編定：農牧用地
RPVOMLRKJIIFFAX37CA,四維段,1212.20,非都市：一般農業區 ; 非都市編定：農牧用地
RPSNMLLKJIIFFAX98CA,興崁段,165.66,非都市：一般農業區 ; 非都市編定：甲種建築用地
RPSNMLLKJIIFFAX98CA,興崁段,67.39,非都市：一般農業區 ; 非都市編定：交通用地
RPRNMLMKJIIFFAX09DA,春暉段,55.00,都市：其他
RPQNMLMKJIIFFAX98DA,雙湖段,307.34,非都市：一般農業區 ; 非都市編定：農牧用地
RPWOMLRKJIIFFAX47CA,五福段,19.79,非都市：一般農業區 ; 非都市編定：農牧用地
RPWOMLRKJIIFFAX47CA,五福段,176.38,非都市：一般農業區 ; 非都市編定：農牧用地
RPWOMLRKJIIFFAX47CA,五福段,1308.33,非都市：一般農業區 ; 非都市編定：農牧用地
RPPNMLOKJIIFFAX98CA,望安段,215.00,非都市：鄉村區 ; 非都市編定：乙種建築用地
RPQOMLNKJIIFFAX09CA,國宅段,233.43,都市：住
RPQOMLNKJIIFFAX09CA,國宅段,391.90,都市：住
RPPNMLMJKIIFFAX78CA,林投南段,205.51,非都市：一般農業區 ; 非都市編定：甲種建築用地
RPTNMLNKJIIFFAX76DA,文澳段,53.63,都市：住
RPQNMLOKJIIFFAX09CA,潭邊新段,345.07,非都市：一般農業區 ; 非都市編定：農牧用地
RPPNMLNKJIIFFAX88CA,四維段,56.01,非都市：鄉村區 ; 非都市編定：乙種建築用地
RPTNMLPJKIIFFAX86CA,六合段,257.04,非都市：一般農業區 ; 非都市編定：農牧用地
RPTNMLPJKIIFFAX86CA,六合段,282.95,非都市：一般農業區 ; 非都市編定：農牧用地
RPTNMLPJKIIFFAX86CA,六合段,282.95,非都市：一般農業區 ; 非都市編定：農牧用地
RPSNMLNKJIIFFAX66DA,國宅段,100.67,都市：住
RPOOMLNKJIIFFAX88CA,湖西南段,2397.11,非都市：一般農業區 ; 非都市編定：農牧用地
RPXOMLRKJIIFFAX57CA,興仁段,363.99,非都市：一般農業區 ; 非都市編定：農牧用地
RPPOMLNKJIIFFAX98CA,後寮段,1055.00,非都市：一般農業區 ; 非都市編定：農牧用地
RPRNMLPKJIIFFAX66CA,東石新段,539.19,非都市：風景區 ; 非都市編定：農牧用地
RPRNMLPKJIIFFAX66CA,東石新段,340.60,非都市：風景區 ; 非都市編定：農牧用地
RPUOMLRKJIIFFAX27CA,小池角段,219.50,非都市：一般農業區 ; 非都市編定：農牧用地
RPUOMLRKJIIFFAX27CA,小池角段,28.33,非都市：一般農業區 ; 非都市編定：甲種建築用地
RPUOMLRKJIIFFAX27CA,二崁南段,241.13,都市：其他
RPWNMLKLJIIFFAX76CA,許家段,1785.09,非都市：一般農業區 ; 非都市編定：農牧用地
RPWNMLKLJIIFFAX76CA,湖西南段,654.36,非都市：一般農業區 ; 非都市編定：農牧用地
RPTNMLMJKIIFFAX56CA,西澳段,148.91,都市：住
RPQNMLQLJIIFFAX76CA,安宅段,31.75,非都市：一般農業區 ; 非都市編定：交通用地
RPQNMLQLJIIFFAX76CA,安宅段,31.75,非都市：一般農業區 ; 非都市編定：交通用地
RPQNMLQLJIIFFAX76CA,安宅段,31.75,非都市：一般農業區 ; 非都市編定：交通用地
RPQNMLQLJIIFFAX76CA,安宅段,31.75,非都市：一般農業區 ; 非都市編定：交通用地
RPQNMLQLJIIFFAX76CA,安宅段,189.05,非都市：一般農業區 ; 非都市編定：農牧用地
RPQNMLQLJIIFFAX76CA,安宅段,189.05,非都市：一般農業區 ; 非都市編定：農牧用地
RPQNMLQLJIIFFAX76CA,安宅段,189.05,非都市：一般農業區 ; 非都市編定：農牧用地
RPQNMLQLJIIFFAX76CA,安宅段,189.05,非都市：一般農業區 ; 非都市編定：農牧用地
RPQNMLPKJIIFFAX56CA,六合段,105.34,都市：農
RPQNMLPKJIIFFAX56CA,六合段,180.50,都市：農
RPQNMLPKJIIFFAX56CA,六合段,344.90,都市：農
RPQNMLKMJIIFFAX88CA,文石段,112.89,非都市：一般農業區 ; 非都市編定：甲種建築用地
RPQNMLKMJIIFFAX88CA,文石段,17.01,非都市：一般農業區 ; 非都市編定：交通用地
RPSNMLKLJIIFFAX09DA,五福段,83.00,非都市：一般農業區 ; 非都市編定：甲種建築用地
RPQOMLKLJIIFFAX88CA,馬公段,72.00,都市：商
RPRNMLSKJIIFFAX96CA,文石段,2050.86,非都市：一般農業區 ; 非都市編定：農牧用地
RPPNMLTKJIIFFAX86CA,五福段,16.76,非都市：一般農業區 ; 非都市編定：交通用地
RPPNMLTKJIIFFAX86CA,五福段,218.09,非都市：一般農業區 ; 非都市編定：甲種建築用地
RPPNMLSKJIIFFAX76CA,通梁東段,664.27,非都市：風景區 ; 非都市編定：農牧用地
RPVNMLSLJIIFFAX47CA,雙湖段,1321.17,非都市：一般農業區 ; 非都市編定：農牧用地
RPVNMLPJKIIFFAX07CA,五福段,1062.29,非都市：一般農業區 ; 非都市編定：農牧用地
RPVNMLPJKIIFFAX07CA,五福段,246.18,非都市：一般農業區 ; 非都市編定：交通用地
RPVNMLPJKIIFFAX07CA,五福段,199.33,非都市：一般農業區 ; 非都市編定：交通用地
RPSNMLRLJIIFFAX17DA,東衛段,184.42,非都市：鄉村區 ; 非都市編定：乙種建築用地
RPPNMLLLJIIFFAX88DA,文澳段,108.00,都市：住
RPSNMLPLJIIFFAX96DA,安宅段,171.01,非都市：一般農業區 ; 非都市編定：甲種建築用地
RPSNMLPLJIIFFAX96DA,安宅段,51.12,非都市：一般農業區 ; 非都市編定：交通用地
RPUNMLLLJIIFFAX66CA,文東段,88.17,非都市：一般農業區 ; 非都市編定：農牧用地
RPVNMLLLJIIFFAX76CA,東衛段,204.29,非都市：一般農業區 ; 非都市編定：農牧用地
RPQNMLLLJIIFFAX98DA,城北段,587.02,非都市：一般農業區 ; 非都市編定：農牧用地
RPQNMLLLJIIFFAX98DA,城北段,383.01,非都市：一般農業區 ; 非都市編定：農牧用地
RPTNMLRLJIIFFAX37EA,埕西段,39.52,都市：住
RPPNMLKMJIIFFAX78CA,文光段,27.09,都市：住
RPPNMLKMJIIFFAX78CA,文光段,3.51,都市：住
RPPNMLPLJIIFFAX66DA,四維段,75.33,非都市：鄉村區 ; 非都市編定：乙種建築用地
RPQNMLPLJIIFFAX66CA,埕中段,50.46,都市：住
RPQNMLPLJIIFFAX66CA,埕中段,13.97,都市：其他
RPRNMLSLJIIFFAX07CA,鐵線段,605.72,非都市：一般農業區 ; 非都市編定：農牧用地
RPPNMLMLJIIFFAX88CA,城北段,582.04,非都市：一般農業區 ; 非都市編定：農牧用地
RPPNMLMLJIIFFAX88CA,城北段,582.04,非都市：一般農業區 ; 非都市編定：農牧用地
RPPNMLTLJIIFFAX07DA,文光段,27.04,都市：住
RPSNMLQLJIIFFAX96CA,鐵線段,694.75,非都市：一般農業區 ; 非都市編定：農牧用地
RPSNMLQLJIIFFAX96CA,鐵線段,884.32,非都市：一般農業區 ; 非都市編定：農牧用地
RPRNMLQLJIIFFAX07EA,將軍澳段,178.00,非都市：鄉村區 ; 非都市編定：遊憩用地
RPQNMLRLJIIFFAX86CA,海堤段,330.05,非都市：一般農業區 ; 非都市編定：農牧用地
RPSNMLSLJIIFFAX17CA,鐵線段,233.05,非都市：一般農業區 ; 非都市編定：農牧用地
RPSNMLSLJIIFFAX17CA,鐵線段,601.36,非都市：一般農業區 ; 非都市編定：農牧用地
RPRNMLRLJIIFFAX96CA,五福段,1101.58,非都市：一般農業區 ; 非都市編定：農牧用地
RPWNMLRLJIIFFAX47CA,後寮段,669.00,非都市：一般農業區 ; 非都市編定：農牧用地
RPPNMLLKKIIFFAX78CA,尖山南段,1282.40,非都市：一般農業區 ; 非都市編定：農牧用地
RPVNMLRLJIIFFAX47DA,光華段,81.64,非都市：鄉村區 ; 非都市編定：乙種建築用地
RPVNMLRLJIIFFAX47DA,光華段,85.98,非都市：鄉村區 ; 非都市編定：乙種建築用地
RPPNMLNKKIIFFAX98CA,赤崁西段,48.55,非都市：鄉村區 ; 非都市編定：乙種建築用地
RPRNMLLKKIIFFAX09DA,光華段,47.53,非都市：鄉村區 ; 非都市編定：乙種建築用地
RPSNMLQJKIIFFAX86CA,五福段,263.94,非都市：一般農業區 ; 非都市編定：農牧用地
RPSNMLQJKIIFFAX86CA,五福段,152.21,非都市：一般農業區 ; 非都市編定：農牧用地
RPSNMLQJKIIFFAX86CA,五福段,68.07,非都市：一般農業區 ; 非都市編定：交通用地
RPSNMLQJKIIFFAX86CA,五福段,38.29,非都市：一般農業區 ; 非都市編定：交通用地
RPVNMLTJKIIFFAX57DA,成功南段,1030.30,非都市：一般農業區 ; 非都市編定：農牧用地
RPQNMLQJKIIFFAX66CA,山水北段,1116.80,非都市：一般農業區 ; 非都市編定：農牧用地
RPVNMLQJKIIFFAX17CA,東澳段,33.10,都市：住
RPVNMLQJKIIFFAX17CA,東澳段,51.44,都市：住
RPTNMLQJKIIFFAX96CA,山水北段,558.40,非都市：一般農業區 ; 非都市編定：農牧用地
RPTNMLQJKIIFFAX96CA,山水北段,558.40,非都市：一般農業區 ; 非都市編定：農牧用地
RPUNMLQJKIIFFAX07CA,東石新段,1064.26,非都市：風景區 ; 非都市編定：農牧用地
RPRNMLQJKIIFFAX76CA,文石段,168.17,非都市：一般農業區 ; 非都市編定：甲種建築用地
RPRNMLQJKIIFFAX76CA,文石段,58.36,非都市：一般農業區 ; 非都市編定：交通用地
RPQNMLTLJIIFFAX07CA,六合段,1670.50,非都市：一般農業區 ; 非都市編定：農牧用地
RPWNMLQJKIIFFAX27CA,東澳段,117.28,都市：住
RPUNMLSLJIIFFAX57EA,大倉段,89.00,非都市：鄉村區 ; 非都市編定：乙種建築用地
RPQNMLMJKIIFFAX09EA,國宅段,965.56,非都市：一般農業區 ; 非都市編定：農牧用地
RPUNMLNLKIIFFAX17EA,許家段,2.14,非都市：一般農業區 ; 非都市編定：交通用地
RPUNMLNLKIIFFAX17EA,許家段,1.48,非都市：一般農業區 ; 非都市編定：交通用地
RPUNMLNLKIIFFAX17EA,許家段,90.09,非都市：一般農業區 ; 非都市編定：交通用地
RPUNMLNLKIIFFAX17EA,許家段,2.53,非都市：一般農業區 ; 非都市編定：交通用地
RPUNMLNLKIIFFAX17EA,許家段,17.60,非都市：一般農業區 ; 非都市編定：交通用地
RPPNMLNJKIIFFAX88CA,文東段,90.59,非都市：一般農業區 ; 非都市編定：農牧用地
RPVNMLOLKIIFFAX37EA,埕西段,5.02,都市：住
RPPNMLRJKIIFFAX66CA,北極段,66.69,都市：商
RPQNMLPJKIIFFAX56CA,東衛段,754.24,非都市：一般農業區 ; 非都市編定：農牧用地
RPQNMLNKKIIFFAX09CA,興崁段,759.50,非都市：一般農業區 ; 非都市編定：農牧用地
RPPNMLSJKIIFFAX76CA,五福段,38.16,非都市：一般農業區 ; 非都市編定：交通用地
RPPNMLSJKIIFFAX76CA,五福段,194.15,非都市：一般農業區 ; 非都市編定：甲種建築用地
RPPNMLSJKIIFFAX76CA,五福段,19.19,非都市：一般農業區 ; 非都市編定：交通用地
RPQNMLSJKIIFFAX86CA,五福段,38.16,非都市：一般農業區 ; 非都市編定：交通用地
RPQNMLSJKIIFFAX86CA,五福段,181.84,非都市：一般農業區 ; 非都市編定：甲種建築用地
RPQNMLSJKIIFFAX86CA,五福段,19.19,非都市：一般農業區 ; 非都市編定：交通用地
RPQNMLTJKIIFFAX96CA,東澳段,356.94,都市：住
RPQNMLTJKIIFFAX96CA,東澳段,84.59,都市：住
RPRNMLPJKIIFFAX66CA,紅羅段,434.45,非都市：一般農業區 ; 非都市編定：農牧用地
RPRNMLPJKIIFFAX66CA,紅羅段,434.45,非都市：一般農業區 ; 非都市編定：農牧用地
RPTNMLSJKIIFFAX17CA,五福段,38.29,非都市：一般農業區 ; 非都市編定：交通用地
RPTNMLSJKIIFFAX17CA,五福段,151.30,非都市：一般農業區 ; 非都市編定：甲種建築用地
RPSNMLSJKIIFFAX07CA,五福段,38.29,非都市：一般農業區 ; 非都市編定：交通用地
RPSNMLSJKIIFFAX07CA,五福段,151.30,非都市：一般農業區 ; 非都市編定：甲種建築用地
RPVNMLSJKIIFFAX37CA,小池角段,499.00,非都市：鄉村區 ; 非都市編定：乙種建築用地
RPUNMLSJKIIFFAX27CA,興崁段,615.04,非都市：一般農業區 ; 非都市編定：農牧用地
RPUNMLSJKIIFFAX27CA,興崁段,615.04,非都市：一般農業區 ; 非都市編定：農牧用地
RPPNMLOLKIIFFAX56CA,沙港北段,201.22,非都市：一般農業區 ; 非都市編定：農牧用地
RPPNMLOLKIIFFAX56CA,沙港北段,349.73,非都市：一般農業區 ; 非都市編定：農牧用地
RPPNMLOLKIIFFAX56CA,沙港南段,299.47,非都市：一般農業區 ; 非都市編定：農牧用地
RPPNMLOLKIIFFAX56CA,沙港南段,411.75,非都市：一般農業區 ; 非都市編定：農牧用地
RPRNMLSJKIIFFAX96CA,五德東段,22.69,非都市：一般農業區 ; 非都市編定：交通用地
RPRNMLSJKIIFFAX96CA,五德東段,81.46,非都市：一般農業區 ; 非都市編定：交通用地
RPRNMLSJKIIFFAX96CA,五德東段,883.56,非都市：一般農業區 ; 非都市編定：農牧用地
RPPNMLQJKIIFFAX66DA,許家段,1605.92,非都市：一般農業區 ; 非都市編定：農牧用地
RPWNMLPJKIIFFAX27DA,鎖港西段,271.44,都市：農
RPWNMLKKKIIFFAX86DA,中衛段,75.04,都市：其他
RPXNMLKKKIIFFAX96DA,中衛段,587.27,都市：其他
RPUNMLTJKIIFFAX37CA,文化段,66.73,都市：住
RPSNMLTJKIIFFAX17CA,文東段,92.30,非都市：鄉村區 ; 非都市編定：乙種建築用地
RPUNMLKKKIIFFAX66DA,中衛段,160.01,都市：其他
RPVNMLKKKIIFFAX76DA,中衛段,160.01,都市：其他
RPRNMLQLKIIFFAX17EA,山水北段,485.22,非都市：一般農業區 ; 非都市編定：農牧用地
RPRNMLQLKIIFFAX17EA,山水北段,475.51,非都市：一般農業區 ; 非都市編定：農牧用地
RPPNMLTJKIIFFAX86CA,鐵線段,780.84,非都市：一般農業區 ; 非都市編定：農牧用地
RPSNMLKKKIIFFAX09DA,興仁段,1734.84,非都市：一般農業區 ; 非都市編定：農牧用地
RPSNMLKKKIIFFAX09DA,興仁段,1402.21,非都市：一般農業區 ; 非都市編定：農牧用地
RPSNMLKKKIIFFAX09DA,興仁段,213.52,非都市：一般農業區 ; 非都市編定：農牧用地
RPQNMLKKKIIFFAX78CA,春暉段,64.70,都市：住
RPRNMLOLKIIFFAX76CA,許家段,167.54,非都市：一般農業區 ; 非都市編定：農牧用地
RPRNMLOLKIIFFAX76CA,許家段,722.50,非都市：一般農業區 ; 非都市編定：農牧用地
RPRNMLOLKIIFFAX76CA,許家段,640.65,非都市：一般農業區 ; 非都市編定：農牧用地
RPQNMLLMKIIFFAX56DA,湖西北段,659.81,非都市：一般農業區 ; 非都市編定：農牧用地
RPPNMLKKKIIFFAX68CA,春暉段,79.05,都市：住
RPTNMLTJKIIFFAX27CA,埕中段,.59,都市：住
RPTNMLTJKIIFFAX27CA,埕中段,29.44,都市：住
RPPOMLKKKIIFFAX88DA,中衛段,75.04,都市：其他
RPRNMLKKKIIFFAX98DA,興仁段,2081.02,非都市：一般農業區 ; 非都市編定：農牧用地
RPQNMLMKKIIFFAX09DA,橫礁段,126.00,非都市：一般農業區 ; 非都市編定：農牧用地
RPQNMLMKKIIFFAX09DA,合界頭段,161.67,非都市：風景區 ; 非都市編定：農牧用地
RPQNMLMKKIIFFAX09DA,合界頭段,23.33,非都市：風景區 ; 非都市編定：農牧用地
RPQNMLMKKIIFFAX09DA,合界頭段,85.67,非都市：一般農業區 ; 非都市編定：農牧用地
RPQNMLMKKIIFFAX09DA,合界頭段,36.67,非都市：風景區 ; 非都市編定：農牧用地
RPQNMLMKKIIFFAX09DA,合界頭段,3.33,非都市：風景區 ; 非都市編定：農牧用地
RPRNMLMKKIIFFAX56DA,橫礁段,126.00,非都市：一般農業區 ; 非都市編定：農牧用地
RPQNMLMKKIIFFAX09DA,合界頭段,43.67,非都市：一般農業區 ; 非都市編定：農牧用地
RPRNMLMKKIIFFAX56DA,合界頭段,161.67,非都市：風景區 ; 非都市編定：農牧用地
RPRNMLMKKIIFFAX56DA,合界頭段,23.33,非都市：風景區 ; 非都市編定：農牧用地
RPRNMLMKKIIFFAX56DA,合界頭段,85.67,非都市：一般農業區 ; 非都市編定：農牧用地
RPRNMLMKKIIFFAX56DA,合界頭段,36.67,非都市：風景區 ; 非都市編定：農牧用地
RPRNMLMKKIIFFAX56DA,合界頭段,3.33,非都市：風景區 ; 非都市編定：農牧用地
RPRNMLMKKIIFFAX56DA,合界頭段,43.67,非都市：一般農業區 ; 非都市編定：農牧用地
RPTNMLKKKIIFFAX56DA,文化段,9.87,都市：住
RPTNMLKKKIIFFAX56DA,文化段,12.25,都市：住
RPOOMLKKKIIFFAX68CA,六合段,180.13,非都市：鄉村區 ; 非都市編定：乙種建築用地
RPQNMLLKKIIFFAX98DA,埕東段,54.35,都市：住
RPPNMLMKKIIFFAX88CA,鐵線段,412.31,非都市：一般農業區 ; 非都市編定：農牧用地
RPTNMLMKKIIFFAX66CA,竹篙灣段,994.00,非都市：一般農業區 ; 非都市編定：農牧用地
RPUNMLMKKIIFFAX76CA,山水北段,1155.96,非都市：一般農業區 ; 非都市編定：農牧用地
RPUNMLMKKIIFFAX76CA,山水北段,38.93,非都市：一般農業區 ; 非都市編定：農牧用地
RPPNMLQKKIIFFAX66CA,五福段,227.68,非都市：一般農業區 ; 非都市編定：甲種建築用地
RPPNMLQKKIIFFAX66CA,五福段,67.95,非都市：一般農業區 ; 非都市編定：交通用地
RPQNMLNLKIIFFAX66DA,竹篙灣段,7263.00,非都市：一般農業區 ; 非都市編定：農牧用地
RPQNMLNLKIIFFAX66DA,竹篙灣段,3785.00,非都市：一般農業區 ; 非都市編定：農牧用地
RPTNMLNLKIIFFAX96DA,安宅段,178.65,非都市：一般農業區 ; 非都市編定：甲種建築用地
RPTNMLNLKIIFFAX96DA,安宅段,51.12,非都市：一般農業區 ; 非都市編定：交通用地
RPROMLPLKIIFFAX96CA,五德東段,519.78,非都市：一般農業區 ; 非都市編定：農牧用地
RPROMLPLKIIFFAX96CA,五德東段,114.82,非都市：一般農業區 ; 非都市編定：交通用地
RPROMLPLKIIFFAX96CA,五德東段,33.26,非都市：一般農業區 ; 非都市編定：交通用地
RPWNMLPLKIIFFAX37CA,成功南段,493.06,非都市：一般農業區 ; 非都市編定：農牧用地
RPTNMLOLKIIFFAX17EA,馬公段,36.25,都市：住
RPTNMLPLKIIFFAX07CA,馬公段,28.00,都市：商
RPTNMLPLKIIFFAX07CA,馬公段,26.00,都市：商
RPVNMLKMKIIFFAX96DA,東衛段,80.02,非都市：一般農業區 ; 非都市編定：農牧用地
RPQNMLKMKIIFFAX09DA,東衛段,56.10,非都市：一般農業區 ; 非都市編定：農牧用地
RPWNMLSJJHJFFAX47DA,許家段,24.28,非都市：一般農業區 ; 非都市編定：交通用地
RPXNMLSJJHJFFAX57DA,許家段,29.12,非都市：一般農業區 ; 非都市編定：交通用地
RPXNMLSJJHJFFAX57DA,許家段,.98,非都市：風景區 ; 非都市編定：農牧用地
RPVNMLSJJHJFFAX47EA,許家段,6.85,非都市：一般農業區 ; 非都市編定：交通用地
RPPNMLNLJHJFFAX09DA,文石段,2050.86,非都市：一般農業區 ; 非都市編定：農牧用地
RPVNMLMKKIIFFAX86CA,林投南段,1923.68,非都市：風景區 ; 非都市編定：農牧用地
RPQNMLQKKIIFFAX76CA,外垵二段,327.66,非都市：鄉村區 ; 非都市編定：乙種建築用地
RPPNMLMJJHJFFAX68CA,馬公段,44.00,都市：商
RPXNMLPLKIIFFAX57DA,文石段,58.19,非都市：鄉村區 ; 非都市編定：乙種建築用地
RPXNMLPLKIIFFAX57DA,文石段,38.29,非都市：鄉村區 ; 非都市編定：乙種建築用地
RPUNMLPLKIIFFAX17CA,北澳段,68.19,非都市：鄉村區 ; 非都市編定：乙種建築用地
RPPNMLTLKIIFFAX07CA,沙港北段,274.51,非都市：一般農業區 ; 非都市編定：農牧用地
RPQNMLTLKIIFFAX17CA,五福段,38.29,非都市：一般農業區 ; 非都市編定：交通用地
RPQNMLTLKIIFFAX17CA,五福段,151.30,非都市：一般農業區 ; 非都市編定：甲種建築用地
RPVNMLTJJHJFFAX47DA,文寮段,498.14,非都市：一般農業區 ; 非都市編定：農牧用地
RPVNMLTJJHJFFAX47DA,文寮段,140.62,非都市：一般農業區 ; 非都市編定：交通用地
RPWNMLKLKIIFFAX07EA,興仁段,116.67,非都市：鄉村區 ; 非都市編定：乙種建築用地
RPTNMLKMKIIFFAX76DA,東衛段,28.05,非都市：一般農業區 ; 非都市編定：農牧用地
RPUNMLKMKIIFFAX86DA,東衛段,28.05,非都市：一般農業區 ; 非都市編定：農牧用地
RPRNMLKMKIIFFAX56DA,東衛段,56.10,非都市：一般農業區 ; 非都市編定：農牧用地
RPSNMLRKKIIFFAX17DA,東澳段,.66,都市：住
RPSNMLRKKIIFFAX17DA,東澳段,29.08,都市：住
RPUNMLKLKIIFFAX76DA,興仁段,23.21,非都市：一般農業區 ; 非都市編定：農牧用地
RPUNMLKLKIIFFAX76DA,興仁段,48.36,非都市： ; 非都市編定：
RPPNMLTKKIIFFAX07DA,文澳段,16.64,都市：住
RPPNMLTKKIIFFAX07DA,文澳段,38.09,都市：住
RPVNMLRLKIIFFAX57DA,北寮新段,240.56,非都市：鄉村區 ; 非都市編定：乙種建築用地
RPQNMLNKJHJFFAX98CA,竹篙灣段,438.00,非都市：一般農業區 ; 非都市編定：農牧用地
RPQNMLNKJHJFFAX98CA,通梁南段,57.03,都市：商
RPPOMLPLKIIFFAX76CA,國宅段,443.78,非都市：一般農業區 ; 非都市編定：農牧用地
RPPOMLPLKIIFFAX76CA,國宅段,443.78,非都市：一般農業區 ; 非都市編定：農牧用地
RPVNMLPLKIIFFAX27CA,文光段,28.83,都市：住
RPRNMLRKKIIFFAX96CA,山水西段,683.79,非都市：一般農業區 ; 非都市編定：農牧用地
RPSNMLTLKIIFFAX37CA,東石新段,997.12,非都市：風景區 ; 非都市編定：農牧用地
RPUNMLNJJHJFFAX66CA,東衛段,1905.76,非都市：一般農業區 ; 非都市編定：農牧用地
RPOOMLNJJHJFFAX88DA,山水西段,396.79,非都市：一般農業區 ; 非都市編定：農牧用地
RPWNMLNJJHJFFAX86CA,安宅段,1334.28,非都市：一般農業區 ; 非都市編定：農牧用地
RPWNMLNJJHJFFAX86CA,安宅段,237.84,非都市：一般農業區 ; 非都市編定：交通用地
RPTNMLNJJHJFFAX56CA,山水北段,1240.02,非都市：一般農業區 ; 非都市編定：農牧用地
RPTNMLRJJHJFFAX96CA,鐵線段,645.31,非都市：一般農業區 ; 非都市編定：農牧用地
RPXNMLNJJHJFFAX07DA,山水西段,209.57,非都市：一般農業區 ; 非都市編定：農牧用地
RPPOMLNJJHJFFAX98DA,山水西段,192.74,非都市：一般農業區 ; 非都市編定：農牧用地
RPTOMLNJJHJFFAX66CA,文光段,25.35,都市：住
RPTOMLNJJHJFFAX66CA,文光段,3.28,都市：住
RPUNMLRJJHJFFAX07CA,雙湖段,158.22,非都市：鄉村區 ; 非都市編定：乙種建築用地
SPUNMLRJJHJFFAX17CA,雙湖段,178.89,非都市：鄉村區 ; 非都市編定：乙種建築用地
RPUNMLTLKIIFFAX57CA,下瓦硐段,335.10,非都市： ; 非都市編定：
RPRNMLNLKIIFFAX66CA,望安段,71.00,非都市：鄉村區 ; 非都市編定：乙種建築用地
RPVNMLKLKIIFFAX96EA,興仁段,23.21,非都市：一般農業區 ; 非都市編定：農牧用地
RPVNMLKLKIIFFAX96EA,興仁段,48.36,非都市： ; 非都市編定：
RPOOMLPLKIIFFAX66CA,中屯段,1043.00,非都市：一般農業區 ; 非都市編定：農牧用地
RPSNMLKMKIIFFAX66DA,東衛段,56.10,非都市：一般農業區 ; 非都市編定：農牧用地
RPTNMLTLKIIFFAX47CA,尖山南段,111.54,非都市：一般農業區 ; 非都市編定：農牧用地
RPTNMLTLKIIFFAX47CA,尖山南段,569.80,非都市：一般農業區 ; 非都市編定：農牧用地
RPRNMLTLKIIFFAX27CA,五福段,568.19,非都市：一般農業區 ; 非都市編定：農牧用地
RPRNMLTLKIIFFAX27CA,五福段,568.19,非都市：一般農業區 ; 非都市編定：農牧用地
RPRNMLTLKIIFFAX27CA,五福段,227.60,非都市：一般農業區 ; 非都市編定：農牧用地
RPRNMLTLKIIFFAX27CA,五福段,227.60,非都市：一般農業區 ; 非都市編定：農牧用地
RPRNMLTLKIIFFAX27CA,五福段,257.36,非都市：一般農業區 ; 非都市編定：農牧用地
RPRNMLTLKIIFFAX27CA,五福段,257.36,非都市：一般農業區 ; 非都市編定：農牧用地
RPRNMLTLKIIFFAX27CA,五福段,103.09,非都市：一般農業區 ; 非都市編定：農牧用地
RPRNMLTLKIIFFAX27CA,五福段,103.09,非都市：一般農業區 ; 非都市編定：農牧用地
RPRNMLTLKIIFFAX27CA,五福段,506.78,非都市：一般農業區 ; 非都市編定：農牧用地
RPRNMLTLKIIFFAX27CA,五福段,506.78,非都市：一般農業區 ; 非都市編定：農牧用地
RPRNMLTLKIIFFAX27CA,五福段,34.69,非都市：一般農業區 ; 非都市編定：農牧用地
RPRNMLTLKIIFFAX27CA,五福段,34.69,非都市：一般農業區 ; 非都市編定：農牧用地
RPQNMLKLKIIFFAX98DA,鐵線段,19.81,非都市：一般農業區 ; 非都市編定：水利用地
RPRNMLPLKIIFFAX86CA,山水北段,76.49,非都市：鄉村區 ; 非都市編定：乙種建築用地
RPPNMLPLKIIFFAX66CA,山水東段,209.14,非都市：一般農業區 ; 非都市編定：農牧用地
RPVNMLNLKIIFFAX07CA,望安段,252.00,非都市：鄉村區 ; 非都市編定：乙種建築用地
RPTNMLKLKIIFFAX56CA,安宅段,1053.48,非都市：一般農業區 ; 非都市編定：農牧用地
RPRNMLTJJHJFFAX96CA,潭邊新段,367.69,非都市：一般農業區 ; 非都市編定：農牧用地
RPRNMLTJJHJFFAX96CA,潭邊新段,33.45,非都市： ; 非都市編定：
RPSNMLTJJHJFFAX07CA,潭邊新段,155.43,非都市：一般農業區 ; 非都市編定：甲種建築用地
RPQNMLPLKIIFFAX76CA,許家段,2953.10,非都市：一般農業區 ; 非都市編定：農牧用地
RPWNMLNLKIIFFAX27DA,北極段,1608.93,非都市：一般農業區 ; 非都市編定：農牧用地
RPSOMLNJJHJFFAX56CA,文東段,89.05,非都市：一般農業區 ; 非都市編定：甲種建築用地
RPXNMLQLKIIFFAX67DA,東澳段,486.14,都市：其他
RPXNMLQLKIIFFAX67DA,東澳段,52.75,都市：其他
RPXNMLQLKIIFFAX67DA,東澳段,126.26,都市：其他
RPOOMLLMKIIFFAX98CA,鐵線段,694.75,非都市：一般農業區 ; 非都市編定：農牧用地
RPOOMLLMKIIFFAX98CA,鐵線段,884.32,非都市：一般農業區 ; 非都市編定：農牧用地
RPQNMLRLKIIFFAX96CA,林投北段,64.58,非都市：鄉村區 ; 非都市編定：乙種建築用地
RPXNMLNLKIIFFAX27CA,馬公段,.79,都市：住
RPXNMLNLKIIFFAX27CA,馬公段,2.43,都市：住
RPXNMLNLKIIFFAX27CA,馬公段,5.50,都市：住
RPXNMLNLKIIFFAX27CA,馬公段,9.57,都市：住
RPRNMLRJJHJFFAX86DA,興崁段,835.22,非都市：一般農業區 ; 非都市編定：農牧用地
RPRNMLRJJHJFFAX86DA,興崁段,835.37,非都市：一般農業區 ; 非都市編定：農牧用地
RPSNMLQLKIIFFAX17DA,烏崁新段,863.13,非都市：一般農業區 ; 非都市編定：農牧用地
RPQNMLKKJHJFFAX68CA,五福段,1213.90,非都市：一般農業區 ; 非都市編定：農牧用地
RPVNMLTLKIIFFAX67CA,許家段,167.54,非都市：一般農業區 ; 非都市編定：農牧用地
RPVNMLTLKIIFFAX67CA,許家段,722.50,非都市：一般農業區 ; 非都市編定：農牧用地
RPVNMLTLKIIFFAX67CA,許家段,640.65,非都市：一般農業區 ; 非都市編定：農牧用地
RPWNMLTLKIIFFAX77CA,許家段,41.88,非都市：一般農業區 ; 非都市編定：農牧用地
RPWNMLTLKIIFFAX77CA,許家段,41.88,非都市：一般農業區 ; 非都市編定：農牧用地
RPWNMLTLKIIFFAX77CA,許家段,41.88,非都市：一般農業區 ; 非都市編定：農牧用地
RPWNMLTLKIIFFAX77CA,許家段,41.88,非都市：一般農業區 ; 非都市編定：農牧用地
RPWNMLTLKIIFFAX77CA,許家段,180.62,非都市：一般農業區 ; 非都市編定：農牧用地
RPWNMLTLKIIFFAX77CA,許家段,180.62,非都市：一般農業區 ; 非都市編定：農牧用地
RPWNMLTLKIIFFAX77CA,許家段,180.62,非都市：一般農業區 ; 非都市編定：農牧用地
RPWNMLTLKIIFFAX77CA,許家段,180.62,非都市：一般農業區 ; 非都市編定：農牧用地
RPWNMLTLKIIFFAX77CA,許家段,160.16,非都市：一般農業區 ; 非都市編定：農牧用地
RPWNMLTLKIIFFAX77CA,許家段,160.16,非都市：一般農業區 ; 非都市編定：農牧用地
RPWNMLTLKIIFFAX77CA,許家段,160.16,非都市：一般農業區 ; 非都市編定：農牧用地
RPWNMLTLKIIFFAX77CA,許家段,160.16,非都市：一般農業區 ; 非都市編定：農牧用地
RPQNMLSJJHJFFAX76CA,埕中段,98.53,都市：住
RPPNMLRLKIIFFAX96DA,光榮段,811.17,都市：其他
RPUNMLQLKIIFFAX47EA,城前段,466.00,非都市：風景區 ; 非都市編定：農牧用地
RPSNMLNJJHJFFAX09CA,興仁南段,1271.00,非都市：風景區 ; 非都市編定：農牧用地
RPQOMLNJJHJFFAX98CA,下瓦硐段,364.00,非都市：一般農業區 ; 非都市編定：農牧用地
RPQOMLNJJHJFFAX98CA,下瓦硐段,404.10,非都市： ; 非都市編定：
RPRNMLMLJHJFFAX66EA,埕東段,112.78,都市：住
RPRNMLRLKIIFFAX17DA,林投南段,227.39,非都市：一般農業區 ; 非都市編定：農牧用地
RPVNMLQLKIIFFAX47DA,埕中段,89.28,都市：住
RPTNMLRLKIIFFAX27CA,春暉段,73.99,都市：其他
RPUNMLRKJHJFFAX17CA,五福段,361.34,非都市：一般農業區 ; 非都市編定：農牧用地
RPUNMLRKJHJFFAX17CA,五福段,347.16,非都市：一般農業區 ; 非都市編定：農牧用地
RPWNMLQLKIIFFAX47CA,光榮段,12.51,都市：商
RPWNMLQLKIIFFAX47CA,光榮段,20.71,都市：商
RPWNMLQLKIIFFAX47CA,光榮段,281.30,都市：商
RPUNMLRLKIIFFAX37CA,埕西段,136.47,都市：其他
RPXNMLTLKIIFFAX87CA,六合段,200.03,非都市：一般農業區 ; 非都市編定：農牧用地
RPXNMLTLKIIFFAX87CA,六合段,200.03,非都市：一般農業區 ; 非都市編定：農牧用地
RPXNMLTLKIIFFAX87CA,六合段,200.03,非都市：一般農業區 ; 非都市編定：農牧用地
RPXNMLTLKIIFFAX87CA,六合段,200.03,非都市：一般農業區 ; 非都市編定：農牧用地
RPXNMLTLKIIFFAX87CA,六合段,200.03,非都市：一般農業區 ; 非都市編定：農牧用地
RPXNMLTLKIIFFAX87CA,六合段,242.91,非都市：一般農業區 ; 非都市編定：農牧用地
RPXNMLTLKIIFFAX87CA,六合段,242.71,非都市：一般農業區 ; 非都市編定：農牧用地
RPWNMLKMKIIFFAX07DA,葉新段,330.07,非都市：一般農業區 ; 非都市編定：農牧用地
RPWNMLKMKIIFFAX07DA,葉新段,30.23,非都市：一般農業區 ; 非都市編定：交通用地
RPRNMLNJJHJFFAX98CA,文光段,27.09,都市：住
RPRNMLNJJHJFFAX98CA,文光段,3.51,都市：住
RPPNMLLLJHJFFAX98EA,西澳段,66.03,都市：住
RPPNMLLLJHJFFAX98EA,西澳段,110.10,都市：住
RPQNMLNLJHJFFAX09CA,水垵段,194.00,非都市：鄉村區 ; 非都市編定：乙種建築用地
RPPOMLTLKIIFFAX17CA,埕東段,9.05,都市：住
RPPOMLTLKIIFFAX17CA,埕東段,.15,都市：住
RPPOMLTLKIIFFAX17CA,埕東段,2.76,都市：住
RPPOMLTLKIIFFAX17CA,埕東段,21.73,都市：住
RPPNMLRJJHJFFAX56CA,五德西段,446.94,非都市：一般農業區 ; 非都市編定：農牧用地
RPSNMLRLKIIFFAX27DA,馬公段,35.00,都市：住
RPSNMLRLKIIFFAX27DA,馬公段,21.00,都市：住
RPPNMLLMKIIFFAX09DA,烏崁新段,761.05,非都市：一般農業區 ; 非都市編定：農牧用地
RPWNMLRJJHJFFAX27CA,二崁北段,747.01,非都市：一般農業區 ; 非都市編定：農牧用地
RPSNMLQJJHJFFAX76CA,文光段,73.03,都市：住
RPQOMLTLKIIFFAX27CA,東衛段,543.56,非都市：一般農業區 ; 非都市編定：農牧用地
RPROMLTLKIIFFAX37CA,赤崁南段,211.77,非都市：一般農業區 ; 非都市編定：甲種建築用地
RPROMLTLKIIFFAX37CA,赤崁南段,60.06,非都市：一般農業區 ; 非都市編定：交通用地
RPWNMLTJJHJFFAX47CA,四維段,175.34,非都市：一般農業區 ; 非都市編定：甲種建築用地
RPWNMLTJJHJFFAX47CA,四維段,63.11,非都市：一般農業區 ; 非都市編定：交通用地
RPXNMLLMKIIFFAX17CA,烏崁新段,1679.35,非都市：一般農業區 ; 非都市編定：農牧用地
RPPNMLNJJHJFFAX88DA,文光段,93.73,都市：住
RPRNMLQJJHJFFAX66CA,興仁段,67.50,非都市：一般農業區 ; 非都市編定：農牧用地
RPOOMLTJJHJFFAX76CA,安宅段,822.12,非都市：一般農業區 ; 非都市編定：農牧用地
RPOOMLTJJHJFFAX76CA,安宅段,822.12,非都市：一般農業區 ; 非都市編定：農牧用地
RPSNMLSJJHJFFAX07DA,成功南段,1030.30,非都市：一般農業區 ; 非都市編定：農牧用地
RPXNMLTJJHJFFAX57CA,雙湖段,1334.13,非都市：一般農業區 ; 非都市編定：農牧用地
RPQOMLTJJHJFFAX96CA,成功南段,480.26,非都市：一般農業區 ; 非都市編定：農牧用地
RPOOMLKMKIIFFAX98DA,興仁段,132.30,非都市：一般農業區 ; 非都市編定：農牧用地
RPPNMLKMKIIFFAX09EA,小池角段,1135.00,非都市：一般農業區 ; 非都市編定：農牧用地
RPROMLTJJHJFFAX07CA,湖西北段,203.84,非都市：一般農業區 ; 非都市編定：農牧用地
RPROMLTJJHJFFAX07CA,湖西北段,334.56,非都市：一般農業區 ; 非都市編定：農牧用地
RPROMLTJJHJFFAX07CA,湖西北段,249.80,非都市：一般農業區 ; 非都市編定：農牧用地
RPROMLTJJHJFFAX07CA,湖西北段,329.78,非都市：一般農業區 ; 非都市編定：農牧用地
RPROMLTJJHJFFAX07CA,湖西北段,32.76,非都市：一般農業區 ; 非都市編定：農牧用地
RPROMLTJJHJFFAX07CA,湖西北段,95.77,非都市：一般農業區 ; 非都市編定：農牧用地
RPROMLTJJHJFFAX07CA,湖西北段,178.18,非都市：一般農業區 ; 非都市編定：農牧用地
RPROMLTJJHJFFAX07CA,湖西北段,93.22,非都市：一般農業區 ; 非都市編定：農牧用地
RPROMLTJJHJFFAX07CA,青螺新段,129.86,非都市：一般農業區 ; 非都市編定：殯葬用地
RPROMLTJJHJFFAX07CA,白坑段,8.78,非都市：一般農業區 ; 非都市編定：農牧用地
RPROMLTJJHJFFAX07CA,白坑段,139.92,非都市：一般農業區 ; 非都市編定：農牧用地
RPROMLTJJHJFFAX07CA,白坑段,1.90,非都市：一般農業區 ; 非都市編定：交通用地
RPROMLTJJHJFFAX07CA,白坑段,1.94,非都市：一般農業區 ; 非都市編定：交通用地
RPROMLTJJHJFFAX07CA,白坑段,143.53,非都市：一般農業區 ; 非都市編定：農牧用地
RPROMLTJJHJFFAX07CA,白坑段,235.70,非都市：一般農業區 ; 非都市編定：農牧用地
RPROMLTJJHJFFAX07CA,白坑段,288.46,非都市：一般農業區 ; 非都市編定：農牧用地
RPROMLTJJHJFFAX07CA,白坑段,161.44,非都市：一般農業區 ; 非都市編定：農牧用地
RPPOMLKMKIIFFAX09DA,馬公段,95.00,都市：商
RPUNMLQJJHJFFAX96CA,興仁段,363.99,非都市：一般農業區 ; 非都市編定：農牧用地
RPVNMLRKJHJFFAX27CA,沙港北段,41.07,非都市：鄉村區 ; 非都市編定：乙種建築用地
RPTNMLQJJHJFFAX86CA,東衛段,511.32,非都市：一般農業區 ; 非都市編定：農牧用地
RPPNMLTJJHJFFAX76CA,竹篙灣段,1362.00,非都市：一般農業區 ; 非都市編定：農牧用地
RPPNMLQJJHJFFAX09CA,埕東段,80.48,都市：住
RPUOMLNJJHJFFAX76CA,埕東段,86.34,都市：住
RPROMLNJJHJFFAX09CA,東衛段,104.34,非都市：鄉村區 ; 非都市編定：乙種建築用地
RPPNMLOLJHJFFAX09CA,安宅段,1053.48,非都市：一般農業區 ; 非都市編定：農牧用地
RPQNMLRJJHJFFAX86EA,虎井段,61.00,非都市：鄉村區 ; 非都市編定：乙種建築用地
RPQNMLQJJHJFFAX56CA,山水南段,420.93,非都市：鄉村區 ; 非都市編定：乙種建築用地
RPRNMLSJJHJFFAX96DA,城前段,1503.00,非都市：風景區 ; 非都市編定：農牧用地
RPRNMLOLJHJFFAX66CA,文石段,50.31,非都市： ; 非都市編定：
RPSNMLRJJHJFFAX86CA,文寮段,2462.52,非都市：一般農業區 ; 非都市編定：農牧用地
RPQNMLOLJHJFFAX56CA,四維段,191.29,非都市：一般農業區 ; 非都市編定：農牧用地
RPQNMLOLJHJFFAX56CA,四維段,188.10,非都市：一般農業區 ; 非都市編定：農牧用地
RPQNMLOLJHJFFAX56CA,四維段,186.78,非都市：一般農業區 ; 非都市編定：農牧用地
RPQNMLOLJHJFFAX56CA,四維段,187.57,非都市：一般農業區 ; 非都市編定：農牧用地
RPQNMLOLJHJFFAX56CA,四維段,185.71,非都市：一般農業區 ; 非都市編定：農牧用地
RPQNMLOLJHJFFAX56CA,四維段,187.84,非都市：一般農業區 ; 非都市編定：農牧用地
RPQNMLOLJHJFFAX56CA,四維段,186.51,非都市：一般農業區 ; 非都市編定：農牧用地
RPQNMLOLJHJFFAX56CA,四維段,186.78,非都市：一般農業區 ; 非都市編定：農牧用地
RPQNMLOLJHJFFAX56CA,四維段,191.02,非都市：一般農業區 ; 非都市編定：農牧用地
RPQNMLOLJHJFFAX56CA,四維段,188.90,非都市：一般農業區 ; 非都市編定：農牧用地
RPQNMLOLJHJFFAX56CA,四維段,186.51,非都市：一般農業區 ; 非都市編定：農牧用地
RPQNMLOLJHJFFAX56CA,四維段,199.78,非都市：一般農業區 ; 非都市編定：農牧用地
RPQNMLOLJHJFFAX56CA,四維段,187.31,非都市：一般農業區 ; 非都市編定：農牧用地
RPQNMLOLJHJFFAX56CA,四維段,198.98,非都市：一般農業區 ; 非都市編定：農牧用地
RPVNMLSJJHJFFAX37DA,文寮段,2426.02,非都市：一般農業區 ; 非都市編定：農牧用地
RPUNMLTJJHJFFAX37DA,文寮段,154.52,非都市：一般農業區 ; 非都市編定：甲種建築用地
RPUNMLTJJHJFFAX37DA,文寮段,46.87,非都市：一般農業區 ; 非都市編定：交通用地
RPPNMLKKJHJFFAX58CA,埕中段,132.25,都市：住
RPRNMLOKJHJFFAX66DA,中衛段,24.34,都市：農
RPRNMLOKJHJFFAX66DA,中衛段,17.07,都市：農
RPPNMLKLJHJFFAX78DA,興崁段,2278.30,非都市：一般農業區 ; 非都市編定：農牧用地
RPOOMLSJJHJFFAX66CA,鐵線段,1840.68,非都市：一般農業區 ; 非都市編定：農牧用地
RPSNMLOLJHJFFAX76CA,五福段,203.25,非都市：一般農業區 ; 非都市編定：農牧用地
RPSNMLOLJHJFFAX76CA,五福段,203.25,非都市：一般農業區 ; 非都市編定：農牧用地
RPSNMLOLJHJFFAX76CA,五福段,203.25,非都市：一般農業區 ; 非都市編定：農牧用地
RPSNMLOLJHJFFAX76CA,五福段,207.73,非都市：一般農業區 ; 非都市編定：農牧用地
RPSNMLOLJHJFFAX76CA,五福段,218.84,非都市：一般農業區 ; 非都市編定：農牧用地
RPSNMLOLJHJFFAX76CA,五福段,218.84,非都市：一般農業區 ; 非都市編定：農牧用地
RPSNMLOLJHJFFAX76CA,五福段,218.84,非都市：一般農業區 ; 非都市編定：農牧用地
RPSNMLOLJHJFFAX76CA,五福段,219.05,非都市：一般農業區 ; 非都市編定：農牧用地
RPSNMLOLJHJFFAX76CA,五福段,218.84,非都市：一般農業區 ; 非都市編定：農牧用地
RPSNMLOLJHJFFAX76CA,五福段,223.11,非都市：一般農業區 ; 非都市編定：農牧用地
RPWNMLPKJHJFFAX17CA,鎮海段,21.00,非都市：鄉村區 ; 非都市編定：乙種建築用地
RPWNMLPKJHJFFAX17CA,鎮海段,30.67,非都市：鄉村區 ; 非都市編定：乙種建築用地
RPRNMLPKJHJFFAX66CA,四維段,338.18,都市：農
RPTNMLKKJHJFFAX09DA,五福段,105.61,非都市：一般農業區 ; 非都市編定：甲種建築用地
RPTNMLKKJHJFFAX09DA,五福段,48.80,非都市：一般農業區 ; 非都市編定：交通用地
RPQNMLPKJHJFFAX66DA,瓦硐段,272.00,非都市：一般農業區 ; 非都市編定：農牧用地
RPQNMLPKJHJFFAX66DA,瓦硐段,664.00,非都市：一般農業區 ; 非都市編定：農牧用地
RPSNMLKKJHJFFAX88CA,五福段,189.56,非都市：鄉村區 ; 非都市編定：乙種建築用地
RPSNMLKKJHJFFAX88CA,五福段,187.12,非都市：鄉村區 ; 非都市編定：乙種建築用地
RPTNMLOKJHJFFAX86DA,光華段,23.33,非都市：一般農業區 ; 非都市編定：交通用地
RPTNMLOKJHJFFAX86DA,光華段,98.59,非都市：一般農業區 ; 非都市編定：甲種建築用地
RPVNMLOKJHJFFAX96CA,後寮段,660.00,非都市：一般農業區 ; 非都市編定：農牧用地
RPVNMLOKJHJFFAX96CA,後寮段,514.00,非都市：一般農業區 ; 非都市編定：農牧用地
RPVNMLOKJHJFFAX96CA,後寮段,301.00,非都市：一般農業區 ; 非都市編定：農牧用地
RPVNMLOKJHJFFAX96CA,後寮段,485.00,非都市：一般農業區 ; 非都市編定：農牧用地
RPVNMLOKJHJFFAX96CA,後寮段,378.00,非都市：一般農業區 ; 非都市編定：農牧用地
RPVNMLOKJHJFFAX96CA,後寮段,800.00,非都市：一般農業區 ; 非都市編定：農牧用地
RPVNMLOKJHJFFAX96CA,後寮段,446.00,非都市：一般農業區 ; 非都市編定：農牧用地
RPQNMLSLJHJFFAX96CA,城北段,1484.49,非都市：一般農業區 ; 非都市編定：農牧用地
RPPNMLSLJHJFFAX86CA,埕中段,.56,都市：住
RPPNMLSLJHJFFAX86CA,埕中段,28.18,都市：住
RPUNMLRLJHJFFAX27CA,馬公段,20.00,都市：商
RPUNMLRLJHJFFAX27CA,馬公段,20.00,都市：商
RPTNMLNKJHJFFAX66CA,五福段,1000.21,非都市：一般農業區 ; 非都市編定：農牧用地
RPPNMLRLJHJFFAX76CA,紅羅段,679.24,非都市：一般農業區 ; 非都市編定：農牧用地
RPUNMLOKJHJFFAX86CA,東衛段,1232.15,非都市：一般農業區 ; 非都市編定：農牧用地
RPSNMLSLJHJFFAX17CA,國宅段,58.53,都市：住
RPRNMLSLJHJFFAX07CA,五福段,38.16,非都市：一般農業區 ; 非都市編定：交通用地
RPRNMLSLJHJFFAX07CA,五福段,181.72,非都市：一般農業區 ; 非都市編定：甲種建築用地
RPRNMLSLJHJFFAX07CA,五福段,19.19,非都市：一般農業區 ; 非都市編定：交通用地
RPRNMLNKJHJFFAX09CA,湖東新段,873.00,非都市：一般農業區 ; 非都市編定：農牧用地
RPOOMLOKJHJFFAX98CA,五福段,298.77,非都市：一般農業區 ; 非都市編定：農牧用地
RPOOMLOKJHJFFAX98CA,五福段,88.97,非都市：一般農業區 ; 非都市編定：交通用地
RPVNMLSLJHJFFAX47CA,林投北段,2348.54,非都市：一般農業區 ; 非都市編定：農牧用地
RPXNMLOKJHJFFAX17CA,龍門南段,1038.41,非都市：一般農業區 ; 非都市編定：農牧用地
RPPNMLPKJHJFFAX09CA,南澳段,266.28,都市：商
RPPNMLPKJHJFFAX09CA,南澳段,8.41,都市：商
RPUNMLSLJHJFFAX37CA,馬公段,100.00,都市：住
RPTNMLSLJHJFFAX27CA,馬公段,133.00,都市：住
RPRNMLNLJHJFFAX56CA,東澳段,6.30,都市：其他
RPRNMLNLJHJFFAX56CA,東澳段,42.60,都市：其他
RPRNMLNLJHJFFAX56CA,東澳段,61.87,都市：其他
RPXOMLSLJHJFFAX87DA,下瓦硐段,708.42,非都市：一般農業區 ; 非都市編定：農牧用地
RPTNMLNLJHJFFAX86DA,城北段,1513.05,非都市：一般農業區 ; 非都市編定：農牧用地
RPOOMLOLJHJFFAX66EA,烏崁新段,615.44,非都市：一般農業區 ; 非都市編定：農牧用地
RPVNMLNLJHJFFAX96CA,合界頭段,141.70,非都市：鄉村區 ; 非都市編定：乙種建築用地
RPVNMLNLJHJFFAX96CA,合界頭段,261.95,非都市：鄉村區 ; 非都市編定：乙種建築用地
RPPNMLQKJHJFFAX56CA,沙港北段,395.72,非都市：一般農業區 ; 非都市編定：農牧用地
RPPNMLQKJHJFFAX56CA,沙港北段,394.57,非都市：一般農業區 ; 非都市編定：農牧用地
RPSNMLNKJHJFFAX56CA,中西段,179.09,非都市：一般農業區 ; 非都市編定：農牧用地
RPWNMLOKJHJFFAX07CA,沙港北段,462.17,非都市：一般農業區 ; 非都市編定：農牧用地
RPWNMLOKJHJFFAX07CA,沙港北段,60.80,非都市：一般農業區 ; 非都市編定：交通用地
RPWNMLSLJHJFFAX57CA,五福段,569.06,非都市：一般農業區 ; 非都市編定：農牧用地
RPUNMLPKJHJFFAX07DA,南澳段,244.75,都市：商
RPXNMLPKJHJFFAX37DA,鳥嶼段,40.00,非都市：一般農業區 ; 非都市編定：農牧用地
RPUNMLMLJHJFFAX76CA,埕東段,90.34,都市：住
RPOOMLPKJHJFFAX09CA,五福段,212.13,非都市：一般農業區 ; 非都市編定：農牧用地
RPOOMLPKJHJFFAX09CA,五福段,180.57,非都市：一般農業區 ; 非都市編定：農牧用地
RPXNMLSLJHJFFAX67CA,沙港南段,131.26,非都市：一般農業區 ; 非都市編定：農牧用地
RPXNMLSLJHJFFAX67CA,沙港南段,30.64,非都市：一般農業區 ; 非都市編定：甲種建築用地
RPXNMLSLJHJFFAX67CA,中西段,210.18,非都市：森林區 ; 非都市編定：殯葬用地
RPXNMLSLJHJFFAX67CA,中西段,206.00,非都市：一般農業區 ; 非都市編定：農牧用地
RPSNMLOKJHJFFAX76DA,馬公段,36.25,都市：住
RPOPMLSLJHJFFAX07DA,五福段,147.93,非都市：一般農業區 ; 非都市編定：農牧用地
RPOOMLSLJHJFFAX86CA,南澳段,422.62,都市：住
RPPNMLRKJHJFFAX66CA,湖東新段,394.63,非都市：一般農業區 ; 非都市編定：農牧用地
RPPNMLRKJHJFFAX66CA,湖東新段,4.86,非都市：一般農業區 ; 非都市編定：交通用地
RPPNMLRKJHJFFAX66CA,湖東新段,995.19,非都市：一般農業區 ; 非都市編定：農牧用地
RPSNMLMLJHJFFAX56CA,許家段,2953.10,非都市：一般農業區 ; 非都市編定：農牧用地
RPVNMLLLJHJFFAX76CA,興崁段,229.03,非都市：一般農業區 ; 非都市編定：農牧用地
RPQNMLKLJHJFFAX98EA,青螺新段,125.84,非都市：鄉村區 ; 非都市編定：乙種建築用地
RPQNMLLLJHJFFAX98DA,四維段,297.02,都市：農
RPVNMLMLJHJFFAX96DA,南澳段,603.23,都市：商
RPRNMLKLJHJFFAX09EA,青螺新段,269.96,非都市：一般農業區 ; 非都市編定：農牧用地
RPQNMLTLJHJFFAX17DA,光榮段,.11,都市：其他
RPQNMLTLJHJFFAX17DA,光榮段,3.84,都市：其他
RPQNMLTLJHJFFAX17DA,光榮段,.20,都市：其他
RPQNMLTLJHJFFAX17DA,光榮段,.90,都市：其他
RPQNMLTLJHJFFAX17DA,光榮段,.82,都市：其他
RPQNMLTLJHJFFAX17DA,光榮段,4.41,都市：其他
RPQNMLTLJHJFFAX17DA,光榮段,.45,都市：其他
RPQNMLTLJHJFFAX17DA,光榮段,1.43,都市：其他
RPQNMLTLJHJFFAX17DA,光榮段,.33,都市：其他
RPQNMLTLJHJFFAX17DA,光榮段,.04,都市：其他
RPUNMLKLJHJFFAX76EA,大倉段,22.00,非都市：鄉村區 ; 非都市編定：乙種建築用地
RPUNMLKLJHJFFAX76EA,大倉段,111.00,非都市：鄉村區 ; 非都市編定：乙種建築用地
RPTNMLMLJHJFFAX66CA,林投南段,1923.68,非都市：風景區 ; 非都市編定：農牧用地
RPPOMLSLJHJFFAX96CA,許家段,335.07,非都市：一般農業區 ; 非都市編定：農牧用地
RPPOMLSLJHJFFAX96CA,許家段,481.67,非都市：一般農業區 ; 非都市編定：農牧用地
RPPOMLSLJHJFFAX96CA,許家段,1281.29,非都市：一般農業區 ; 非都市編定：農牧用地
RPSNMLRJKHJFFAX07DA,東衛段,14.03,非都市：一般農業區 ; 非都市編定：農牧用地
RPSNMLKKKHJFFAX98CA,四維段,119.73,都市：農
RPSNMLKKKHJFFAX98CA,四維段,85.46,都市：農
RPSNMLKKKHJFFAX98CA,四維段,32.56,都市：農
RPVNMLKLJHJFFAX76DA,光榮段,1520.71,都市：其他
RPSNMLKLJHJFFAX98CA,七美一段,1201.97,非都市：風景區 ; 非都市編定：農牧用地
RPSNMLKLJHJFFAX98CA,七美二段,315.00,非都市：一般農業區 ; 非都市編定：農牧用地
RPSNMLKLJHJFFAX98CA,七美二段,402.99,非都市：一般農業區 ; 非都市編定：農牧用地
RPSNMLKLJHJFFAX98CA,七美二段,820.00,非都市：一般農業區 ; 非都市編定：農牧用地
RPQNMLMKKHJFFAX56EA,西澳段,5.79,都市：住
RPQNMLMKKHJFFAX56EA,西澳段,88.82,都市：住
RPRNMLLLJHJFFAX98CA,鼎灣新段,1512.24,非都市：一般農業區 ; 非都市編定：農牧用地
RPRNMLRJKHJFFAX96DA,東衛段,14.03,非都市：一般農業區 ; 非都市編定：農牧用地
RPQOMLSLJHJFFAX07CA,西澳段,107.67,都市：住
RPTNMLRLJHJFFAX27DA,五福段,25.46,非都市：一般農業區 ; 非都市編定：交通用地
RPTNMLRLJHJFFAX27DA,五福段,301.79,非都市：一般農業區 ; 非都市編定：甲種建築用地
RPTNMLKLJHJFFAX09CA,七美二段,475.00,非都市：一般農業區 ; 非都市編定：甲種建築用地
RPUNMLTLJHJFFAX57DA,光榮段,165.61,都市：住
RPWNMLLLJHJFFAX96DA,興崁段,2560.28,非都市：一般農業區 ; 非都市編定：農牧用地
RPVNMLLLJHJFFAX96EA,林投南段,196.13,非都市：一般農業區 ; 非都市編定：甲種建築用地
RPPNMLMLJHJFFAX98DA,尖山北段,638.00,非都市：一般農業區 ; 非都市編定：農牧用地
RPWNMLMLJHJFFAX07DA,文化段,26.93,都市：住
RPUNMLOLJHJFFAX07DA,安宅段,586.45,非都市：鄉村區 ; 非都市編定：乙種建築用地
RPUNMLOLJHJFFAX07DA,安宅段,328.06,非都市：鄉村區 ; 非都市編定：乙種建築用地
RPUNMLOLJHJFFAX07DA,安宅段,10.69,非都市：一般農業區 ; 非都市編定：交通用地
RPQNMLMLJHJFFAX56EA,文寮段,9.38,非都市：鄉村區 ; 非都市編定：乙種建築用地
RPTNMLLLJHJFFAX66DA,東澳段,.09,都市：其他
RPTNMLLLJHJFFAX66DA,東澳段,330.90,都市：住
RPXOMLOLJHJFFAX47DA,吉貝西段,150.85,非都市：一般農業區 ; 非都市編定：農牧用地
RPOPMLOLJHJFFAX66DA,吉貝西段,189.10,非都市：一般農業區 ; 非都市編定：農牧用地
RPOPMLOLJHJFFAX66DA,吉貝西段,323.20,非都市：一般農業區 ; 非都市編定：農牧用地
RPUNMLLLJHJFFAX76DA,馬公段,28.00,都市：商
RPUNMLLLJHJFFAX76DA,馬公段,4.00,都市：商
RPUOMLSLJHJFFAX47CA,烏崁新段,1820.31,非都市：一般農業區 ; 非都市編定：農牧用地
RPSNMLNLJHJFFAX76DA,葉新段,330.07,非都市：一般農業區 ; 非都市編定：農牧用地
RPSNMLNLJHJFFAX76DA,葉新段,30.23,非都市：一般農業區 ; 非都市編定：交通用地
RPVOMLSLJHJFFAX57CA,四維段,293.50,非都市：一般農業區 ; 非都市編定：農牧用地
RPVOMLOLJHJFFAX17CA,通梁中段,378.78,都市：住
RPSOMLSLJHJFFAX27CA,馬公段,52.75,都市：商
RPSOMLSLJHJFFAX27CA,馬公段,52.75,都市：商
RPSOMLSLJHJFFAX27CA,馬公段,52.75,都市：商
RPSOMLSLJHJFFAX27CA,馬公段,52.75,都市：商
RPTOMLSLJHJFFAX37CA,馬公段,42.00,都市：商
RPROMLSLJHJFFAX17CA,春暉段,66.60,都市：住
RPUNMLOKKHJFFAX17EA,東澳段,22.75,都市：住
RPPOMLOLJHJFFAX76EA,城前段,205.50,非都市：一般農業區 ; 非都市編定：農牧用地
RPPOMLOLJHJFFAX76EA,城前段,205.50,非都市：一般農業區 ; 非都市編定：農牧用地
RPPOMLOLJHJFFAX76EA,城前段,5.50,非都市：一般農業區 ; 非都市編定：交通用地
RPPOMLOLJHJFFAX76EA,城前段,5.50,非都市：一般農業區 ; 非都市編定：交通用地
RPPOMLOLJHJFFAX76EA,城前段,152.00,非都市：一般農業區 ; 非都市編定：農牧用地
RPPOMLOLJHJFFAX76EA,城前段,152.00,非都市：一般農業區 ; 非都市編定：農牧用地
RPPOMLOLJHJFFAX76EA,城前段,22.50,非都市：一般農業區 ; 非都市編定：交通用地
RPPOMLOLJHJFFAX76EA,城前段,22.50,非都市：一般農業區 ; 非都市編定：交通用地
RPVNMLRLJHJFFAX47DA,吉貝東段,1368.01,非都市：一般農業區 ; 非都市編定：農牧用地
RPQNMLOLJHJFFAX76EA,合界頭段,577.00,非都市：一般農業區 ; 非都市編定：農牧用地
RPPNMLTLJHJFFAX07DA,文東段,173.91,非都市：一般農業區 ; 非都市編定：農牧用地
RPPNMLTLJHJFFAX07DA,雙湖段,20.86,非都市：一般農業區 ; 非都市編定：農牧用地
RPPNMLTLJHJFFAX07DA,雙湖段,138.62,非都市：一般農業區 ; 非都市編定：農牧用地
RPPNMLTLJHJFFAX07DA,雙湖段,48.13,非都市：一般農業區 ; 非都市編定：農牧用地
RPQNMLRLJHJFFAX86CA,鐵線段,835.34,非都市：一般農業區 ; 非都市編定：農牧用地
RPPNMLPJKHJFFAX56DA,春暉段,43.71,都市：住
RPSOMLOLJHJFFAX86CA,赤崁南段,30.93,非都市：一般農業區 ; 非都市編定：農牧用地
RPPPMLSLJHJFFAX17DA,埕中段,37.73,都市：住
RPWNMLRLJHJFFAX47CA,四維段,242.06,非都市：一般農業區 ; 非都市編定：農牧用地
RPWOMLSLJHJFFAX67CA,許家段,335.07,非都市：一般農業區 ; 非都市編定：農牧用地
RPWOMLSLJHJFFAX67CA,許家段,1445.00,非都市：一般農業區 ; 非都市編定：農牧用地
RPWOMLSLJHJFFAX67CA,許家段,1281.29,非都市：一般農業區 ; 非都市編定：農牧用地
RPOOMLRKKHJFFAX86DA,文石段,86.27,非都市：一般農業區 ; 非都市編定：交通用地
RPOOMLRKKHJFFAX86DA,文石段,211.14,非都市：一般農業區 ; 非都市編定：甲種建築用地
RPXNMLRLJHJFFAX67DA,文化段,39.11,都市：住
RPXNMLRLJHJFFAX67DA,文化段,28.65,都市：住
RPSOMLRKKHJFFAX17CA,五福段,239.41,非都市：一般農業區 ; 非都市編定：農牧用地
RPPNMLRKKHJFFAX76CA,海堤段,781.33,非都市：一般農業區 ; 非都市編定：農牧用地
RPRNMLRKKHJFFAX96CA,六合段,70.41,都市：農
RPTNMLPJKHJFFAX86CA,風櫃東段,1032.22,非都市：一般農業區 ; 非都市編定：農牧用地
RPUNMLPJKHJFFAX96CA,北澳段,53.25,非都市：一般農業區 ; 非都市編定：交通用地
RPUNMLPJKHJFFAX96CA,北澳段,145.65,非都市：一般農業區 ; 非都市編定：甲種建築用地
RPQNMLLKKHJFFAX88CA,埕東段,169.52,都市：其他
RPQOMLRKKHJFFAX96CA,文石段,121.26,非都市：一般農業區 ; 非都市編定：甲種建築用地
RPQNMLSKKHJFFAX96CA,水垵段,266.50,非都市：鄉村區 ; 非都市編定：乙種建築用地
RPXNMLRKKHJFFAX57CA,二崁南段,1381.81,都市：農
RPXNMLRKKHJFFAX57CA,二崁南段,18.43,都市：其他
RPQNMLPJKHJFFAX66DA,春暉段,2.94,都市：住
RPRNMLTLJHJFFAX27DA,機場段,389.12,非都市：一般農業區 ; 非都市編定：農牧用地
RPRNMLTLJHJFFAX27DA,機場段,375.93,非都市：一般農業區 ; 非都市編定：甲種建築用地
RPRNMLTLJHJFFAX27DA,機場段,506.99,非都市：一般農業區 ; 非都市編定：農牧用地
RPTNMLTLJHJFFAX57EA,大倉段,22.00,非都市：鄉村區 ; 非都市編定：乙種建築用地
RPTNMLTLJHJFFAX57EA,大倉段,111.00,非都市：鄉村區 ; 非都市編定：乙種建築用地
RPPNMLSKKHJFFAX86CA,文光段,102.55,都市：住
SPPNMLSKKHJFFAX96CA,文光段,127.12,都市：住
RPPNMLLLKHJFFAX09EA,東澳段,50.31,都市：住
RPPNMLLLKHJFFAX09EA,東澳段,47.96,都市：住
RPRNMLPJKHJFFAX76DA,紅羅段,1320.10,非都市：一般農業區 ; 非都市編定：農牧用地
RPRNMLPJKHJFFAX76DA,湖西南段,458.27,非都市：一般農業區 ; 非都市編定：農牧用地
RPSNMLPJKHJFFAX76CA,城北段,836.61,非都市：一般農業區 ; 非都市編定：農牧用地
RPPNMLLKKHJFFAX88DA,興崁段,1944.04,非都市：一般農業區 ; 非都市編定：農牧用地
RPQNMLRKKHJFFAX86CA,海堤段,1234.52,非都市：一般農業區 ; 非都市編定：農牧用地
RPRNMLTKKHJFFAX37EA,山水東段,432.13,非都市：一般農業區 ; 非都市編定：農牧用地
RPUNMLKKKHJFFAX76EA,文東段,57.34,非都市：鄉村區 ; 非都市編定：乙種建築用地
