﻿編號,土地區段位置,土地移轉面積平方公尺,使用分區或編定
The serial number,land sector position,land shifting area square meter,the use zoning or compiles and checks
RPPNMLTKKIIFFAZ17CA,大坪段,54.64,都市：商
RPPNMLPKJHJFFAZ76DA,橋仔段,3.42,都市：住
RPPNMLKLJIIFFAZ98DA,復興段,178.36,都市：住
RPPNMLSKJIIFFAZ07DA,清水段,150.42,都市：其他
RPPNMLNJJHJFFAZ98CA,大坪段,15.54,都市：其他
RPQNMLRKKHJFFAZ17DA,復興段,47.92,都市：其他
