﻿編號,屋齡,建物移轉面積平方公尺,主要用途,主要建材,建築完成日期,總層數,建物分層
The serial number,room age,building shifting area square meter,the main use,main building materials,construction completes the date,total layer,building lamination
RPUQMLLJQHJFFBB18CC,32,84.70,住家用,鋼筋混凝土造,71年2月8日,五層,
RPQPMLLJQHJFFAB57CC,22,92.96,住家用,鋼筋混凝土造,81年2月13日,五層,
RPXPMLLJQHJFFAB28CC,8,138.05,見其他登記事項,鋼筋混凝土造,95年12月22日,十五層,
RPXPMLLJQHJFFAB28CC,8,28.48,見其他登記事項,鋼筋混凝土造,95年12月22日,十五層,
RPXPMLLJQHJFFAB28CC,8,24.26,見其他登記事項,鋼筋混凝土造,95年12月22日,十五層,
RPXOMLLJQHJFFBB38DC,15,138.80,住家用,鋼筋混凝土造,88年8月16日,十四層,
RPSNMLLJQHJFFBB77DC,19,20.58,住家用,鋼筋混凝土造,84年1月27日,八層,
RPSNMLLJQHJFFBB77DC,19,8.21,共有部份,鋼筋混凝土造,84年1月27日,八層,
RPQNMLLJQHJFFBB57DC,6,19.12,住家用,鋼筋混凝土造,97年11月28日,十七層,
RPQNMLLJQHJFFBB57DC,6,18.83,共有部份,鋼筋混凝土造,97年11月28日,十七層,
RPQNMLLJQHJFFBB57DC,6,7.76,共有部份,鋼筋混凝土造,97年11月28日,十七層,
RPWPMLLJQHJFFCB38CC,7,89.79,住家用,鋼筋混凝土造,96年6月12日,二十三層,
RPWPMLLJQHJFFCB38CC,7,47.83,見其他登記事項,鋼筋混凝土造,96年6月12日,二十三層,
RPXNMLLJQHJFFCB28CC,5,32.01,住家用,鋼筋混凝土造,98年8月13日,二十六層,
RPXNMLLJQHJFFCB28CC,5,22.26,見其他登記事項,鋼筋混凝土造,98年8月13日,二十六層,
RPXNMLLJQHJFFCB28CC,5,15.60,見其他登記事項,鋼筋混凝土造,98年8月13日,二十六層,
RPWNMLMJQHJFFCB28CC,6,163.64,住家用,鋼筋混凝土造,97年9月26日,十九層,
RPWNMLMJQHJFFCB28CC,6,78.72,見其他登記事項,鋼筋混凝土造,97年9月26日,十九層,
RPWNMLMJQHJFFCB28CC,6,.52,見其他登記事項,鋼筋混凝土造,97年9月26日,十九層,
RPVNMLMJQHJFFCB18CC,20,306.27,住商用,鋼筋混凝土造,83年10月24日,十六層,
RPXQMLLJQHJFFCB58CC,8,86.01,住家用,鋼筋混凝土造,95年2月22日,十四層,
RPXQMLLJQHJFFCB58CC,8,57.12,見其他登記事項,鋼筋混凝土造,95年2月22日,十四層,
RPOQMLLJQHJFFCB67CC,6,163.03,住家用,鋼筋混凝土造,97年9月26日,十九層,
RPOQMLLJQHJFFCB67CC,6,120.06,見其他登記事項,鋼筋混凝土造,97年9月26日,十九層,
RPOQMLLJQHJFFCB67CC,6,.52,見其他登記事項,鋼筋混凝土造,97年9月26日,十九層,
RPRQMLLJQHJFFCB97CC,21,15.15,住家用,鋼筋混凝土造,82年12月21日,十二層,
RPORMLLJQHJFFCB77CC,1,94.23,住家用,鋼筋混凝土造,102年11月5日,十二層,
RPORMLLJQHJFFCB77CC,1,92.23,見其他登記事項,鋼筋混凝土造,102年11月5日,十二層,
RPORMLLJQHJFFCB77CC,1,23.02,見其他登記事項,鋼筋混凝土造,102年11月5日,十二層,
RPSPMLLJQHJFFCB97CC,7,83.79,住家用,鋼筋混凝土造,96年9月7日,十五層,
RPSPMLLJQHJFFCB97CC,7,57.00,見其他登記事項,鋼筋混凝土造,96年9月7日,十五層,
RPSNMLMJQHJFFAB67CC,18,19.17,見其他登記事項,鋼筋混凝土造,85年5月6日,十八層,
RPSNMLMJQHJFFAB67CC,18,3.30,見其他登記事項,鋼筋混凝土造,85年5月6日,十八層,
RPSNMLMJQHJFFAB67CC,18,3.72,見其他登記事項,鋼筋混凝土造,85年5月6日,十八層,
RPSNMLMJQHJFFAB67CC,18,.89,見其他登記事項,鋼筋混凝土造,85年5月6日,十八層,
RPSNMLMJQHJFFAB67CC,18,1.46,見其他登記事項,鋼筋混凝土造,85年5月6日,十八層,
RPOOMLMJQHJFFAB37CC,18,20.27,見其他登記事項,鋼筋混凝土造,85年5月6日,十八層,
RPOOMLMJQHJFFAB37CC,18,3.78,見其他登記事項,鋼筋混凝土造,85年5月6日,十八層,
RPOOMLMJQHJFFAB37CC,18,4.24,見其他登記事項,鋼筋混凝土造,85年5月6日,十八層,
RPOOMLMJQHJFFAB37CC,18,1.01,見其他登記事項,鋼筋混凝土造,85年5月6日,十八層,
RPOOMLMJQHJFFAB37CC,18,1.51,見其他登記事項,鋼筋混凝土造,85年5月6日,十八層,
RPXNMLMJQHJFFAB18CC,28,38.30,住工用,鋼筋混凝土造,75年4月25日,三層,
RPUNMLMJQHJFFAB87CC,18,19.27,見其他登記事項,鋼筋混凝土造,85年5月6日,十八層,
RPUNMLMJQHJFFAB87CC,18,3.30,見其他登記事項,鋼筋混凝土造,85年5月6日,十八層,
RPUNMLMJQHJFFAB87CC,18,3.72,見其他登記事項,鋼筋混凝土造,85年5月6日,十八層,
RPUNMLMJQHJFFAB87CC,18,.89,見其他登記事項,鋼筋混凝土造,85年5月6日,十八層,
RPUNMLMJQHJFFAB87CC,18,1.31,見其他登記事項,鋼筋混凝土造,85年5月6日,十八層,
RPVNMLMJQHJFFAB97CC,18,38.43,見其他登記事項,鋼筋混凝土造,85年5月6日,十八層,
RPVNMLMJQHJFFAB97CC,18,6.60,見其他登記事項,鋼筋混凝土造,85年5月6日,十八層,
RPVNMLMJQHJFFAB97CC,18,7.43,見其他登記事項,鋼筋混凝土造,85年5月6日,十八層,
RPVNMLMJQHJFFAB97CC,18,1.78,見其他登記事項,鋼筋混凝土造,85年5月6日,十八層,
RPVNMLMJQHJFFAB97CC,18,2.63,見其他登記事項,鋼筋混凝土造,85年5月6日,十八層,
RPPOMLMJQHJFFAB47CC,16,189.46,住家用,鋼筋混凝土造,87年10月30日,二十四層,
RPPOMLMJQHJFFAB47CC,16,31.91,共有部份,鋼筋混凝土造,87年10月30日,二十四層,
RPPOMLMJQHJFFAB47CC,16,43.17,共有部份,鋼筋混凝土造,87年10月30日,二十四層,
RPQNMLNJQHJFFAB57CC,18,19.27,見其他登記事項,鋼筋混凝土造,85年5月6日,十八層,
RPQNMLNJQHJFFAB57CC,18,3.30,見其他登記事項,鋼筋混凝土造,85年5月6日,十八層,
RPQNMLNJQHJFFAB57CC,18,3.72,見其他登記事項,鋼筋混凝土造,85年5月6日,十八層,
RPQNMLNJQHJFFAB57CC,18,.89,見其他登記事項,鋼筋混凝土造,85年5月6日,十八層,
RPQNMLNJQHJFFAB57CC,18,1.31,見其他登記事項,鋼筋混凝土造,85年5月6日,十八層,
RPSQMLOJQHJFFAB18CC,24,18.90,商業用,鋼筋混凝土造,79年11月10日,十四層,
RPSQMLOJQHJFFAB18CC,24,.86,見其他登記事項,鋼筋混凝土造,79年11月10日,十四層,
RPSQMLOJQHJFFAB18CC,24,3.71,見其他登記事項,鋼筋混凝土造,79年11月10日,十四層,
RPSQMLOJQHJFFAB18CC,24,2.97,見其他登記事項,鋼筋混凝土造,79年11月10日,十四層,
RPRNMLNJQHJFFAB67CC,18,75.55,見其他登記事項,鋼筋混凝土造,85年5月6日,十八層,
RPRNMLNJQHJFFAB67CC,18,12.77,見其他登記事項,鋼筋混凝土造,85年5月6日,十八層,
RPRNMLNJQHJFFAB67CC,18,4.74,見其他登記事項,鋼筋混凝土造,85年5月6日,十八層,
RPRNMLNJQHJFFAB67CC,18,3.44,見其他登記事項,鋼筋混凝土造,85年5月6日,十八層,
RPRNMLNJQHJFFAB67CC,18,5.09,見其他登記事項,鋼筋混凝土造,85年5月6日,十八層,
RPQQMLOJQHJFFAB97CC,24,170.74,商業用,鋼筋混凝土造,79年11月10日,十四層,
RPQQMLOJQHJFFAB97CC,24,7.81,見其他登記事項,鋼筋混凝土造,79年11月10日,十四層,
RPQQMLOJQHJFFAB97CC,24,33.49,見其他登記事項,鋼筋混凝土造,79年11月10日,十四層,
RPQQMLOJQHJFFAB97CC,24,26.88,見其他登記事項,鋼筋混凝土造,79年11月10日,十四層,
RPVQMLPJQHJFFCB78CC,,272.14,見其他登記事項,鋼骨鋼筋混凝土造,103年4月3日,三十六層,
RPPQMLPJQHJFFCB18CC,2,176.16,見其他登記事項,鋼骨鋼筋混凝土造,101年12月19日,二十九層,
RPXTMLOJQHJFFCB56CC,24,207.56,商業用,鋼筋混凝土造,79年4月21日,十二層,
RPXTMLOJQHJFFCB56CC,24,38.20,共有部分,鋼筋混凝土造,79年4月21日,十二層,
RPOUMLOJQHJFFCB38CC,22,115.34,見其他登記事項,見其他登記事項,81年7月1日,二十八層,
RPOUMLOJQHJFFCB38CC,22,51.66,共有部分,見其他登記事項,81年7月1日,二十八層,
RPPUMLOJQHJFFCB48CC,4,187.64,見其他登記事項,見其他登記事項,99年6月4日,三十八層,
RPPUMLOJQHJFFCB48CC,4,239.65,見其他登記事項,見其他登記事項,99年6月4日,三十八層,
RPPUMLOJQHJFFCB48CC,4,176.13,見其他登記事項,見其他登記事項,99年6月4日,三十八層,
RPPUMLOJQHJFFCB48CC,4,36.97,見其他登記事項,見其他登記事項,99年6月4日,三十八層,
RPPUMLOJQHJFFCB48CC,4,35.06,見其他登記事項,見其他登記事項,99年6月4日,三十八層,
RPPUMLOJQHJFFCB48CC,4,102.04,見其他登記事項,見其他登記事項,99年6月4日,三十八層,
RPOTMLPJQHJFFAB18CC,18,19.27,見其他登記事項,鋼筋混凝土造,85年5月6日,十八層,
RPOTMLPJQHJFFAB18CC,18,3.30,見其他登記事項,鋼筋混凝土造,85年5月6日,十八層,
RPOTMLPJQHJFFAB18CC,18,3.72,見其他登記事項,鋼筋混凝土造,85年5月6日,十八層,
RPOTMLPJQHJFFAB18CC,18,.89,見其他登記事項,鋼筋混凝土造,85年5月6日,十八層,
RPOTMLPJQHJFFAB18CC,18,1.31,見其他登記事項,鋼筋混凝土造,85年5月6日,十八層,
RPTNMLMJQHJFFBB87CC,33,113.74,住商用,加強磚造,70年5月21日,二層,
RPWQMLPJQHJFFCB88CC,13,380.48,見其他登記事項,見其他登記事項,91年1月8日,六層,
RPRQMLPJQHJFFBB28CC,14,309.00,見其它登記事項,鋼骨鋼筋混凝土造,89年6月3日,二十八層,
RPXOMLPJQHJFFBB68CC,1,67.17,住家用,鋼筋混凝土造,102年7月25日,二十二層,
RPXOMLPJQHJFFBB68CC,1,18.00,見其它登記事項,鋼筋混凝土造,102年7月25日,二十二層,
RPXOMLPJQHJFFBB68CC,1,4.65,見其它登記事項,鋼筋混凝土造,102年7月25日,二十二層,
RPUOMLOJQHJFFBB28CC,23,24.60,商業用,鋼筋混凝土造,80年5月1日,十二層,
RPVPMLPJQHJFFBB58CC,7,168.23,住家用,鋼筋混凝土造,96年11月15日,十四層,
RPUPMLRJQHJFFAB58CC,3,75.07,見其他登記事項,鋼筋混凝土造,100年11月30日,十五層,
RPUPMLRJQHJFFAB58CC,3,15.17,見其他登記事項,鋼筋混凝土造,100年11月30日,十五層,
RPUPMLRJQHJFFAB58CC,3,48.06,見其他登記事項,鋼筋混凝土造,100年11月30日,十五層,
RPUPMLRJQHJFFAB58CC,3,.13,見其他登記事項,鋼筋混凝土造,100年11月30日,十五層,
RPWQMLRJQHJFFBB98CC,28,105.61,住家用,加強磚造,76年1月26日,二層,
RPOOMLOJQHJFFHL66CC,2,195.36,見其他登記事項,鋼筋混凝土造,102年1月7日,004,
RPRNMLLJQHJFFHL66DC,31,79.45,見其他登記事項,鋼筋混凝土造,72年10月21日,005,
RPPOMLSJQHJFFBB28DC,19,146.95,住家用,鋼筋混凝土造,85年1月8日,三層,
RPSOMLSJQHJFFBB48CC,9,60.12,住家用,鋼筋混凝土造,94年12月8日,十八層,
RPSOMLSJQHJFFBB48CC,9,55.93,共有部份,鋼筋混凝土造,94年12月8日,十八層,
RPSNMLTJQHJFFCB58CC,22,218.03,住家用,鋼筋混凝土造,81年5月30日,四層,
RPSNMLTJQHJFFCB58CC,22,22.09,共有部分,鋼筋混凝土造,81年5月30日,四層,
RPPRMLQJQHJFFCB38CC,20,109.63,住商用,鋼筋混凝土造,83年9月3日,二十層,
RPPRMLQJQHJFFCB38CC,20,7.88,商業用,鋼筋混凝土造,83年9月3日,二十四層,
RPQRMLQJQHJFFCB48CC,27,753.11,見其他登記事項,鋼筋混凝土造,76年12月3日,二層,
RPUPMLRJQHJFFCB78CC,19,152.04,住家用,鋼筋混凝土造,84年10月24日,二十五層,
RPRNMLTJQHJFFCB48CC,22,219.64,見其他登記事項,見其他登記事項,81年7月1日,二十八層,
RPRNMLTJQHJFFCB48CC,22,103.33,共有部分,見其他登記事項,81年7月1日,二十八層,
RPPPMLLKQHJFFCB77CC,20,82.05,見其他登記事項,見其他登記事項,83年4月14日,一層,
RPSQMLLKQHJFFCB18CC,28,326.58,住商用,鋼筋混凝土造,75年6月24日,四層,
RPSNMLLKQHJFFCB87CC,4,226.84,住家用,鋼筋混凝土造,100年1月21日,三十五層,
RPSNMLLKQHJFFCB87CC,4,65.54,見其他登記事項,鋼筋混凝土造,100年1月21日,三十五層,
RPSNMLLKQHJFFCB87CC,4,86.23,見其他登記事項,鋼筋混凝土造,100年1月21日,三十五層,
RPTQMLLKQHJFFAB08CC,15,168.11,住家用,鋼筋混凝土造,88年12月8日,二十五層,
RPTQMLLKQHJFFAB08CC,15,73.79,共有部份,鋼筋混凝土造,88年12月8日,二十五層,
RPUPMLLKQHJFFBB28DC,18,64.44,住家用,鋼筋混凝土造,85年7月15日,十四層,
RPQQMLLKQHJFFBB97DC,22,202.51,住家用,鋼骨混凝土造,81年11月26日,二十五層,
RPQQMLLKQHJFFBB97DC,22,79.11,共有部份,鋼骨混凝土造,81年11月26日,二十五層,
RPWPMLLKQHJFFBB48DC,22,178.90,住家用,鋼骨混凝土造,81年11月26日,二十五層,
RPWPMLLKQHJFFBB48DC,22,53.32,共有部份,鋼骨混凝土造,81年11月26日,二十五層,
RPORMLMKQHJFFBB87CC,9,48.56,住家用,鋼筋混凝土造,94年12月8日,十八層,
RPORMLMKQHJFFBB87CC,9,19.53,共有部份,鋼筋混凝土造,94年12月8日,十八層,
RPVQMLMKQHJFFBB48CC,9,50.55,住家用,鋼筋混凝土造,94年12月8日,十八層,
RPVQMLMKQHJFFBB48CC,9,20.99,共有部份,鋼筋混凝土造,94年12月8日,十八層,
RPVRMLMKQHJFFGL57DC,1,77.15,見其他登記事項,鋼筋混凝土造,102年5月27日,012,
RPRUNLSJQHJFFGL08DC,15,235.96,見其他登記事項,鋼筋混凝土造,88年2月12日,005,
RPVRMLMKQHJFFGL57DC,1,77.48,見其他登記事項,鋼筋混凝土造,102年5月27日,012,
RPORMLLKQHJFFGL66CC,3,280.81,見其他登記事項,鋼筋混凝土造,101年1月11日,004,
RPRPMLNKQHJFFCB18CC,20,120.94,住家用,鋼筋混凝土造,83年7月21日,二十四層,
RPRPMLNKQHJFFCB18CC,20,43.09,共有部分,鋼筋混凝土造,83年7月21日,二十四層,
RPVNMLMKQHJFFHL17CC,1,69.90,見其他登記事項,鋼筋混凝土造,103年1月6日,014,
RPVNMLMKQHJFFHL17CC,1,64.80,見其他登記事項,鋼筋混凝土造,103年1月6日,014,
RPXOMLMKQHJFFCB58CC,20,123.75,住家用,鋼筋混凝土造,83年7月21日,二十四層,
RPXOMLMKQHJFFCB58CC,20,44.29,共有部分,鋼筋混凝土造,83年7月21日,二十四層,
RPQRMLMKQHJFFCB18CC,20,122.06,住家用,鋼筋混凝土造,83年10月21日,十五層,
RPSQMLMKQHJFFCB28CC,5,38.36,住家用,鋼筋混凝土造,98年8月13日,二十六層,
RPSQMLMKQHJFFCB28CC,5,3.45,見其他登記事項,鋼筋混凝土造,98年8月13日,二十六層,
RPSQMLMKQHJFFCB28CC,5,16.54,見其他登記事項,鋼筋混凝土造,98年8月13日,二十六層,
RPXQMLNKQHJFFCB88CC,3,352.36,見其他登記事項,鋼筋混凝土造,100年5月21日,十層,
RPXQMLNKQHJFFCB88CC,3,200.00,見其他登記事項,鋼筋混凝土造,100年5月21日,十層,
RPXQMLNKQHJFFCB88CC,3,353.94,見其他登記事項,鋼筋混凝土造,100年5月21日,十層,
RPXQMLNKQHJFFCB88CC,3,200.00,見其他登記事項,鋼筋混凝土造,100年5月21日,十層,
RPQRMLMKQHJFFBB08CC,1,11.52,見其它登記事項,鋼筋混凝土造,102年7月25日,二十二層,
RPQRMLMKQHJFFBB08CC,1,22.83,見其它登記事項,鋼筋混凝土造,102年7月25日,二十二層,
RPPUMLNKQHJFFCB48CC,22,192.77,住商用,鋼筋混凝土造,81年12月8日,七層,
RPPUMLNKQHJFFCB48CC,22,44.29,共有部分,鋼筋混凝土造,81年12月8日,七層,
RPSUMLNKQHJFFCB78CC,33,125.28,住商用,鋼筋混凝土造,70年8月5日,三層,
RPXQMLNKQHJFFBB78CC,24,284.09,商業用,鋼骨混凝土造,79年12月15日,十七層,
RPXQMLNKQHJFFBB78CC,24,113.64,共有部份,鋼骨混凝土造,79年12月15日,十七層,
RPROMLOKQHJFFBB08CC,14,61.12,住家用,鋼筋混凝土造,89年2月18日,十四層,
RPROMLOKQHJFFBB08CC,14,21.64,共有部份,鋼筋混凝土造,89年2月18日,十四層,
RPOUMLRJQHJFFGL47CC,16,56.24,見其他登記事項,鋼筋混凝土造,87年9月25日,003,
RPURMLOJQHJFFGL47CC,20,187.26,見其他登記事項,鋼筋混凝土造,83年7月8日,016,
RPURMLOJQHJFFGL47CC,20,43.98,共有部分,鋼筋混凝土造,83年7月8日,016,
RPXNMLOKQHJFFCB68CC,22,90.00,工業用,鋼筋混凝土造,81年10月30日,四層,
RPSPMLOKQHJFFCB38CC,21,13.37,住家用,鋼筋混凝土造,82年10月14日,十二層,
RPSPMLOKQHJFFCB38CC,21,8.43,共有部分,鋼筋混凝土造,82年10月14日,十二層,
RPTNMLPKQHJFFCB48DC,20,28.30,住家用,鋼筋混凝土造,83年5月9日,十二層,
RPWNMLOKQHJFFAB38CC,38,196.23,住商用,見其他登記事項,65年4月2日,三層,
RPPOMLOKQHJFFCB97CC,19,118.21,見其他登記事項,見其他登記事項,84年6月23日,十二層,
RPSPMLNKQHJFFAB08CC,2,369.45,見其他登記事項,鋼筋混凝土造,101年11月26日,二十六層,
RPUOMLPKQHJFFCB58CC,9,90.29,住家用,鋼筋混凝土造,94年11月10日,二十三層,
RPUOMLPKQHJFFCB58CC,9,56.98,見其他登記事項,鋼筋混凝土造,94年11月10日,二十三層,
RPVNMLPKQHJFFCB68DC,19,90.13,住家用,鋼筋混凝土造,84年7月28日,十四層,
RPWOMLPKQHJFFCB78CC,1,92.44,住家用,鋼筋混凝土造,102年11月5日,十二層,
RPWOMLPKQHJFFCB78CC,1,91.88,見其他登記事項,鋼筋混凝土造,102年11月5日,十二層,
RPWOMLPKQHJFFCB78CC,1,22.65,見其他登記事項,鋼筋混凝土造,102年11月5日,十二層,
RPQPMLPKQHJFFCB28CC,1,64.21,住家用,鋼筋混凝土造,102年8月14日,十二層,
RPQPMLPKQHJFFCB28CC,1,56.57,見其他登記事項,鋼筋混凝土造,102年8月14日,十二層,
RPQPMLPKQHJFFCB28CC,1,13.04,見其他登記事項,鋼筋混凝土造,102年8月14日,十二層,
RPSOMLSKQHJFFBB58CC,22,309.64,商業用,鋼筋混凝土造,81年11月10日,十九層,
RPSOMLSKQHJFFBB58CC,22,33.12,共有部份,鋼筋混凝土造,81年11月10日,十九層,
RPXNMLSKQHJFFAB98DC,18,33.75,見其他登記事項,鋼骨鋼筋混凝土造,85年5月20日,十九層,
RPRNMLRKQHJFFAB18CC,18,19.27,見其他登記事項,鋼筋混凝土造,85年5月6日,十八層,
RPRNMLRKQHJFFAB18CC,18,3.30,見其他登記事項,鋼筋混凝土造,85年5月6日,十八層,
RPRNMLRKQHJFFAB18CC,18,3.72,見其他登記事項,鋼筋混凝土造,85年5月6日,十八層,
RPRNMLRKQHJFFAB18CC,18,.89,見其他登記事項,鋼筋混凝土造,85年5月6日,十八層,
RPRNMLRKQHJFFAB18CC,18,1.31,見其他登記事項,鋼筋混凝土造,85年5月6日,十八層,
RPQNMLRKQHJFFAB08CC,18,20.41,見其他登記事項,鋼筋混凝土造,85年5月6日,十八層,
RPQNMLRKQHJFFAB08CC,18,3.81,見其他登記事項,鋼筋混凝土造,85年5月6日,十八層,
RPQNMLRKQHJFFAB08CC,18,4.28,見其他登記事項,鋼筋混凝土造,85年5月6日,十八層,
RPQNMLRKQHJFFAB08CC,18,1.02,見其他登記事項,鋼筋混凝土造,85年5月6日,十八層,
RPQNMLRKQHJFFAB08CC,18,1.52,見其他登記事項,鋼筋混凝土造,85年5月6日,十八層,
RPPNMLRKQHJFFAB97CC,18,20.27,見其他登記事項,鋼筋混凝土造,85年5月6日,十八層,
RPPNMLRKQHJFFAB97CC,18,3.78,見其他登記事項,鋼筋混凝土造,85年5月6日,十八層,
RPPNMLRKQHJFFAB97CC,18,4.24,見其他登記事項,鋼筋混凝土造,85年5月6日,十八層,
RPPNMLRKQHJFFAB97CC,18,1.01,見其他登記事項,鋼筋混凝土造,85年5月6日,十八層,
RPPNMLRKQHJFFAB97CC,18,1.51,見其他登記事項,鋼筋混凝土造,85年5月6日,十八層,
RPXNMLTKQHJFFAB09DC,27,207.98,住商用,鋼筋混凝土造,76年7月28日,三層,
RPUNMLTKQHJFFCB98DC,20,110.91,住家用,鋼筋混凝土造,83年8月25日,十五層,
RPUOMLLKQHJFFFL96DC,33,139.29,見其他登記事項,加強磚造,70年1月16日,002,
RPUNMLTKQHJFFBB78CC,9,166.85,見其它登記事項,鋼筋混凝土造,94年10月11日,四層,
RPQOMLTKQHJFFFL27CC,20,95.17,住家用,鋼筋混凝土造,83年6月10日,016,
RPQNMLTKQHJFFFL27DC,20,187.28,見其他登記事項,鋼筋混凝土造,83年8月20日,004,
RPWNMLTKQHJFFAB88CC,8,33.36,見其他登記事項,鋼筋混凝土造,95年12月22日,十五層,
RPWNMLTKQHJFFAB88CC,8,14.07,見其他登記事項,鋼筋混凝土造,95年12月22日,十五層,
RPWNMLTKQHJFFAB88CC,8,9.58,見其他登記事項,鋼筋混凝土造,95年12月22日,十五層,
RPVTMLTKQHJFFCB96CC,35,6857.95,工業用,鋼筋混凝土造,68年11月30日,二層,
RPRUMLTKQHJFFCB66CC,5,53.18,住家用,鋼筋混凝土造,99年1月12日,二十六層,
RPRUMLTKQHJFFCB66CC,5,25.10,見其他登記事項,鋼筋混凝土造,99年1月12日,二十六層,
RPOPMLKLQHJFFAB47CC,43,155.68,住家用,見其他登記事項,60年5月28日,二層,
RPUPMLKLQHJFFCB38DC,3,32.99,見其他登記事項,見其他登記事項,100年9月28日,一層,
RPTTMLTKQHJFFBB66CC,2,130.17,住家用,鋼筋混凝土造,101年2月22日,十層,
RPTPMLLLQHJFFAB08CC,8,25.00,見其他登記事項,鋼筋混凝土造,95年10月26日,三十二層,
RPTPMLLLQHJFFAB08CC,8,3.97,見其他登記事項,鋼筋混凝土造,95年6月22日,三十二層,
RPTPMLLLQHJFFAB08CC,8,10.61,見其他登記事項,鋼筋混凝土造,95年10月26日,三十二層,
RPOQMLLLQHJFFAB67CC,8,138.05,見其他登記事項,鋼筋混凝土造,95年12月22日,十五層,
RPOQMLLLQHJFFAB67CC,8,28.48,見其他登記事項,鋼筋混凝土造,95年12月22日,十五層,
RPOQMLLLQHJFFAB67CC,8,49.72,見其他登記事項,鋼筋混凝土造,95年12月22日,十五層,
RPRQMLLLQHJFFAB97CC,4,307.97,見其他登記事項,見其他登記事項,99年2月2日,三十四層,
RPWOMLLLQHJFFCB48CC,5,107.48,住家用,鋼筋混凝土造,98年8月25日,十五層,
RPWOMLLLQHJFFCB48CC,5,45.71,見其他登記事項,鋼筋混凝土造,98年8月25日,十五層,
RPQQMLLLQHJFFCB08CC,29,364.00,住商用,鋼筋混凝土造,74年6月21日,四層,
RPRQMLLLQHJFFCB18CC,29,364.00,住商用,鋼筋混凝土造,74年6月21日,四層,
RPXNMLPKQHJFFCL17CC,34,184.00,住商用,鋼筋混凝土造,69年6月12日,004,
RPXNMLPKQHJFFCL17CC,34,184.00,住商用,鋼筋混凝土造,69年6月12日,004,
RPUQMLLLQHJFFCB48CC,29,364.00,住商用,鋼筋混凝土造,74年6月21日,四層,
RPVQMLLLQHJFFCB58CC,29,364.00,住商用,鋼筋混凝土造,74年6月21日,四層,
RPROMLMLQHJFFCB08CC,33,56.54,住商用,鋼筋混凝土造,70年8月5日,三層,
RPUOMLMLQHJFFCB38CC,5,53.18,住家用,鋼筋混凝土造,99年1月12日,二十六層,
RPUOMLMLQHJFFCB38CC,5,38.96,見其他登記事項,鋼筋混凝土造,99年1月12日,二十六層,
RPPQMLMLQHJFFBB97CC,12,138.35,見其它登記事項,見其它登記事項,91年8月28日,一層,
RPPQMLMLQHJFFBB97CC,12,96.12,見其它登記事項,見其它登記事項,91年8月28日,一層,
RPPQMLMLQHJFFBB97CC,12,43.75,見其它登記事項,見其它登記事項,91年8月28日,一層,
RPOQMLMLQHJFFBB87CC,12,138.35,見其它登記事項,見其它登記事項,91年8月28日,一層,
RPOQMLMLQHJFFBB87CC,12,96.12,見其它登記事項,見其它登記事項,91年8月28日,一層,
RPOQMLMLQHJFFBB87CC,12,43.75,見其它登記事項,見其它登記事項,91年8月28日,一層,
RPWNMLMLQHJFFFL17CC,19,145.01,見其他登記事項,鋼筋混凝土造,84年11月15日,004,
RPQNMLNLQHJFFAB77CC,6,375.63,見其他登記事項,鋼筋混凝土造,97年7月30日,十四層,
RPQNMLNLQHJFFAB77CC,6,96.85,見其他登記事項,鋼筋混凝土造,97年7月30日,十四層,
RPQNMLNLQHJFFCB97CC,20,247.40,住家用,鋼筋混凝土造,83年5月31日,七層,
RPTOMLPLQHJFFCB58CC,20,147.29,住家用,鋼筋混凝土造,83年7月21日,二十四層,
RPTOMLPLQHJFFCB58CC,20,49.08,共有部分,鋼筋混凝土造,83年7月21日,二十四層,
RPQOMLPLQHJFFAB08CC,16,147.66,住家用,鋼筋混凝土造,87年10月30日,二十四層,
RPQOMLPLQHJFFAB08CC,16,24.89,共有部份,鋼筋混凝土造,87年10月30日,二十四層,
RPQOMLPLQHJFFAB08CC,16,56.12,共有部份,鋼筋混凝土造,87年10月30日,二十四層,
RPRNMLPLQHJFFCB28CC,5,53.07,住家用,鋼筋混凝土造,98年8月13日,二十六層,
RPRNMLPLQHJFFCB28CC,5,40.73,見其他登記事項,鋼筋混凝土造,98年8月13日,二十六層,
RPRNMLPLQHJFFCB28CC,5,23.14,見其他登記事項,鋼筋混凝土造,98年8月13日,二十六層,
RPVNMLPLQHJFFCL07CC,35,124.53,住商用,加強磚造,68年8月17日,002,
RPXNMLPLQHJFFBB78CC,9,63.68,住家用,鋼筋混凝土造,94年12月8日,十八層,
RPXNMLPLQHJFFBB78CC,9,25.51,共有部份,鋼筋混凝土造,94年12月8日,十八層,
RPVOMLSKQHJFFAL27DC,18,33.91,住家用,鋼筋混凝土造,85年7月4日,005,
RPQPMLKLQHJFFAL68CC,18,154.42,見使用執照,鋼筋混凝土造,85年6月24日,008,
RPUOMLSKQHJFFAL17DC,13,46.21,住家用,鋼筋混凝土造,90年10月18日,014,
RPUOMLSKQHJFFAL17DC,13,16.30,共用部份,鋼筋混凝土造,90年10月18日,014,
RPQOMLQLQHJFFCB48DC,7,125.39,住家用,鋼筋混凝土造,96年6月1日,十二層,
RPVNMLQLQHJFFAB58CC,28,354.43,住商用,鋼筋混凝土造,75年10月4日,四層,
RPUOMLQLQHJFFBB68CC,7,195.04,見其它登記事項,鋼筋混凝土造,96年7月30日,五層,
RPXNMLLLQHJFFAL66CC,37,30.00,住商用,加強磚造,66年1月4日,004,
RPOOMLLLQHJFFAL48CC,37,28.00,住商用,加強磚造,66年1月4日,004,
RPUNMLQLQHJFFCB68CC,21,64.58,住商用,鋼筋混凝土造,82年12月14日,十四層,
RPSNMLLLQHJFFAL78CC,21,121.40,住商用,鋼筋混凝土造,82年10月12日,003,
RPTOMLQLQHJFFCB68CC,20,310.50,住商用,鋼筋混凝土造,83年7月1日,四層,
RPURMLRLQHJFFCB56CC,4,44.65,住家用,鋼筋混凝土造,99年11月19日,二十四層,
RPURMLRLQHJFFCB56CC,4,20.18,見其他登記事項,鋼筋混凝土造,99年11月19日,二十四層,
RPUNMLRLQHJFFAB58CC,8,83.49,見其他登記事項,鋼筋混凝土造,95年12月22日,十五層,
RPUNMLRLQHJFFAB58CC,8,17.61,見其他登記事項,鋼筋混凝土造,95年12月22日,十五層,
RPUNMLRLQHJFFAB58CC,8,12.50,見其他登記事項,鋼筋混凝土造,95年12月22日,十五層,
RPXRMLRLQHJFFBB76CC,7,203.89,見其它登記事項,鋼筋混凝土造,96年7月30日,四層,
RPRNMLQLQHJFFHL27CC,7,195.73,見其他登記事項,鋼筋混凝土造,96年7月30日,004,
RPTNMLPLQHJFFHL37CC,1,66.80,見其他登記事項,鋼筋混凝土造,102年7月18日,014,
RPTNMLPLQHJFFHL37CC,1,65.80,見其他登記事項,鋼筋混凝土造,102年7月18日,014,
RPUNMLQLQHJFFHL67DC,19,84.75,見其他登記事項,鋼筋混凝土造,84年3月15日,009,
RPUNMLQLQHJFFHL67DC,19,29.50,見其他登記事項,鋼筋混凝土造,84年3月15日,009,
RPRNMLSLQHJFFCB58CC,5,58.49,住家用,鋼筋混凝土造,98年8月13日,二十六層,
RPTNMLSLQHJFFCB78CC,5,61.72,住家用,鋼筋混凝土造,98年8月13日,二十六層,
RPQOMLSLQHJFFBB58DC,37,98.55,商業用,鋼筋混凝土造,66年6月1日,四層,
RPUPMLRLQHJFFBB98DC,34,43.58,住商用,鋼筋混凝土造,69年7月26日,一層,
RPUPMLRLQHJFFBB98DC,34,59.21,住家用,鋼筋混凝土造,69年7月26日,四層,
RPROMLSLQHJFFBB58CC,22,445.16,住商用,鋼造,81年5月20日,三層,
RPSNMLPLQHJFFHL27CC,,67.33,見其他登記事項,鋼筋混凝土造,103年2月21日,014,
RPSNMLPLQHJFFHL27CC,,65.32,見其他登記事項,鋼筋混凝土造,103年2月21日,014,
RPPNMLLMQHJFFCB77CC,,103.48,見其他登記事項,鋼筋混凝土造,103年5月20日,十四層,
RPTNMLTLQHJFFGL67CC,3,181.03,見其他登記事項,鋼筋混凝土造,100年5月26日,003,
RPQQMLLJRHJFFCB97CC,2,159.38,見其他登記事項,鋼骨鋼筋混凝土造,101年12月19日,二十九層,
RPQQMLLJRHJFFCB97CC,2,104.95,見其他登記事項,鋼骨鋼筋混凝土造,101年12月19日,二十九層,
RPRNMLTLQHJFFBB58CC,,132.46,住家用,鋼筋混凝土加強磚造,,二層,
RPWNMLTLQHJFFBB09CC,22,309.64,商業用,鋼筋混凝土造,81年11月10日,十九層,
RPWNMLTLQHJFFBB09CC,22,34.88,共有部份,鋼筋混凝土造,81年11月10日,十九層,
RPWNMLLMQHJFFBB38CC,19,38.60,住家用,鋼筋混凝土造,84年8月14日,十六層,
RPQNMLLJRHJFFAB47CC,19,156.24,見其他登記事項,鋼筋混凝土造,85年1月29日,十三層,
RPQNMLLJRHJFFAB47CC,19,31.39,見其他登記事項,鋼筋混凝土造,85年1月29日,十三層,
RPQPMLLJRHJFFGL66CC,4,99.97,見其他登記事項,見其他登記事項,99年9月2日,019,
RPVOMLLJRHJFFAB18DC,19,119.83,見其他登記事項,鋼筋混凝土造,84年11月30日,十七層,
RPSNMLMJRHJFFCB97CC,8,75.28,住家用,鋼筋混凝土造,95年12月13日,五層,
RPVNMLLJRHJFFHL07CC,1,21.15,見其他登記事項,鋼筋混凝土造,103年1月6日,014,
RPSNMLMJRHJFFCB97CC,8,19.66,見其他登記事項,鋼筋混凝土造,95年12月13日,五層,
RPVNMLLJRHJFFHL07CC,1,20.24,見其他登記事項,鋼筋混凝土造,103年1月6日,014,
RPTQMLLJRHJFFBB18CC,23,130.23,住家用,鋼筋混凝土造,80年6月3日,六層,
RPRPMLLJRHJFFBB87CC,1,30.09,住家用,鋼筋混凝土造,102年9月27日,十四層,
RPRPMLLJRHJFFBB87CC,1,18.89,見其它登記事項,鋼筋混凝土造,102年9月27日,十四層,
RPRPMLLJRHJFFBB87CC,1,5.62,見其它登記事項,鋼筋混凝土造,102年9月27日,十四層,
RPXPMLLJRHJFFBB48CC,18,152.90,住家用,鋼筋混凝土造,85年3月25日,十四層,
RPPQMLLJRHJFFBB77CC,7,69.09,住家用,鋼筋混凝土造,96年12月31日,十四層,
RPUNMLMJRHJFFGL07DC,13,3066.17,見其他登記事項,見其他登記事項,90年10月4日,004,
RPRNMLMJRHJFFGL66CC,8,1421.49,農舍,鋼造,95年10月12日,001,
RPTOMLMJRHJFFCB18CC,32,85.69,住家用,鋼筋混凝土造,71年7月27日,五層,
RPROMLNJRHJFFCB08CC,5,52.20,住家用,鋼筋混凝土造,98年8月13日,十八層,
RPROMLNJRHJFFCB08CC,5,4.83,見其他登記事項,鋼筋混凝土造,98年8月13日,二十六層,
RPROMLNJRHJFFCB08CC,5,20.94,見其他登記事項,鋼筋混凝土造,98年8月13日,二十六層,
RPQOMLNJRHJFFCB97CC,,355.34,見其他登記事項,鋼骨鋼筋混凝土造,103年4月3日,三十六層,
RPQOMLNJRHJFFCB97CC,1,105.84,住家用,鋼骨鋼筋混凝土造,102年5月2日,二十三層,
RPQOMLNJRHJFFCB97CC,1,193.60,住家用,鋼骨鋼筋混凝土造,102年5月2日,二十三層,
RPSNMLNJRHJFFAB97DC,,133.48,住家用,見其他登記事項,,二層,
RPXOMLNJRHJFFBB58CC,47,182.40,見其它登記事項,加強磚造,56年12月22日,三層,
RPVQMLNJRHJFFCB68CC,4,205.36,住家用,鋼筋混凝土造,100年1月12日,二十五層,
RPVQMLNJRHJFFCB68CC,4,48.76,見其他登記事項,鋼筋混凝土造,100年1月12日,二十五層,
RPVQMLNJRHJFFCB68CC,4,54.72,見其他登記事項,鋼筋混凝土造,100年1月12日,二十五層,
RPUOMLNJRHJFFBB28CC,9,49.46,住家用,鋼筋混凝土造,94年12月8日,十八層,
RPUOMLNJRHJFFBB28CC,9,35.74,共有部份,鋼筋混凝土造,94年12月8日,十八層,
RPUNMLNJRHJFFHL17CC,1,136.80,見其他登記事項,鋼筋混凝土造,103年1月6日,014,
RPXNMLLJRHJFFAL56CC,33,82.17,住家用,鋼筋混凝土造,70年7月8日,005,
RPTNMLOJRHJFFFL96CC,19,39.40,見其他登記事項,鋼筋混凝土造,84年7月1日,004,
RPRPMLOJRHJFFCB28CC,32,85.69,住家用,鋼筋混凝土造,71年7月27日,五層,
RPSNMLNJRHJFFHL07DC,19,156.63,見其他登記事項,鋼筋混凝土造,85年1月4日,003,
RPSNMLNJRHJFFHL07DC,19,46.84,共有部份,鋼筋混凝土造,85年1月4日,005,
RPUPMLPJRHJFFCB68CC,20,69.29,住家用,鋼筋混凝土造,83年4月8日,十四層,
RPUPMLPJRHJFFCB68CC,20,26.56,共有部分,鋼筋混凝土造,83年4月8日,十四層,
RPQNMLPJRHJFFCB08CC,6,21.40,住家用,鋼筋混凝土造,98年1月21日,十層,
RPTPMLPJRHJFFAB38CC,27,243.97,住商用,鋼筋混凝土造,77年2月3日,四層,
RPSPMLPJRHJFFAB28CC,5,202.69,見其他登記事項,見其他登記事項,99年2月2日,三十四層,
RPSPMLPJRHJFFAB28CC,5,68.24,見其他登記事項,見其他登記事項,99年2月2日,三十四層,
RPSPMLPJRHJFFAB28CC,5,37.04,見其他登記事項,見其他登記事項,99年2月2日,三十四層,
RPXPMLPJRHJFFAB78CC,,61.20,住家用,加強磚造,,二層,
RPPOMLPJRHJFFBB08DC,36,155.30,,鋼筋混凝土造,67年10月27日,三層,
RPUNMLPJRHJFFBB38CC,40,90.48,商業用,鋼筋混凝土加強磚造,63年9月26日,二層,
RPPNMLPJRHJFFHL96DC,23,103.13,見其他登記事項,鋼筋混凝土造,80年10月7日,013,
RPPNMLPJRHJFFHL96DC,23,81.27,見其他登記事項,鋼筋混凝土造,80年10月7日,013,
RPWNMLPJRHJFFAL96DC,10,35.36,住家用,鋼筋混凝土造,93年3月11日,014,
RPWNMLPJRHJFFAL96DC,10,5.28,共用部份,鋼筋混凝土造,93年3月11日,014,
RPWNMLPJRHJFFAL96DC,10,12.30,共用部份,鋼筋混凝土造,93年3月11日,014,
RPTPMLOJRHJFFAB28CC,8,96.34,見其他登記事項,鋼筋混凝土造,95年5月1日,十三層,
RPTPMLOJRHJFFAB28CC,8,15.83,見其他登記事項,鋼筋混凝土造,95年5月1日,十三層,
RPTPMLOJRHJFFAB28CC,8,51.27,見其他登記事項,鋼筋混凝土造,95年5月1日,十四層,
RPPNMLSJRHJFFAB08CC,18,40.88,見其他登記事項,鋼筋混凝土造,85年5月6日,十八層,
RPPNMLSJRHJFFAB08CC,18,8.26,見其他登記事項,鋼筋混凝土造,85年5月6日,十八層,
RPPNMLSJRHJFFAB08CC,18,9.31,見其他登記事項,鋼筋混凝土造,85年5月6日,十八層,
RPPNMLSJRHJFFAB08CC,18,2.22,見其他登記事項,鋼筋混凝土造,85年5月6日,十八層,
RPPNMLSJRHJFFAB08CC,18,3.29,見其他登記事項,鋼筋混凝土造,85年5月6日,十八層,
RPXNMLSJRHJFFAB88CC,23,172.78,商業用,鋼筋混凝土造,80年5月27日,二十七層,
RPXNMLSJRHJFFAB88CC,23,74.47,見其他登記事項,鋼筋混凝土造,80年5月27日,二十七層,
RPQNMLSJRHJFFAB18CC,18,54.59,見其他登記事項,鋼筋混凝土造,85年5月6日,十八層,
RPQNMLSJRHJFFAB18CC,18,11.39,見其他登記事項,鋼筋混凝土造,85年5月6日,十八層,
RPQNMLSJRHJFFAB18CC,18,4.76,見其他登記事項,鋼筋混凝土造,85年5月6日,十八層,
RPQNMLSJRHJFFAB18CC,18,3.07,見其他登記事項,鋼筋混凝土造,85年5月6日,十八層,
RPQNMLSJRHJFFAB18CC,18,4.54,見其他登記事項,鋼筋混凝土造,85年5月6日,十八層,
RPOOMLSJRHJFFAB08CC,23,382.37,商業用,鋼骨混凝土造,80年6月28日,二十八層,
RPOOMLSJRHJFFAB08CC,23,16.76,見其他登記事項,鋼骨混凝土造,80年6月28日,二十八層,
RPOOMLSJRHJFFAB08CC,23,22.22,見其他登記事項,鋼骨混凝土造,80年6月28日,二十八層,
RPOOMLSJRHJFFAB08CC,23,22.22,見其他登記事項,鋼骨混凝土造,80年6月28日,二十八層,
RPRNMLPJRHJFFHL17DC,13,157.73,見其他登記事項,加強磚造,90年11月23日,002,
RPQNMLQJRHJFFBB08CC,1,153.25,住家用,鋼筋混凝土造,102年9月27日,十四層,
RPTNMLQJRHJFFBB38CC,9,199.40,見其它登記事項,鋼筋混凝土造,94年12月27日,三層,
RPPNMLQJRHJFFBB97CC,3,110.97,住家用,鋼筋混凝土造,100年11月11日,十二層,
RPSNMLQJRHJFFBB28CC,9,117.81,見其它登記事項,鋼筋混凝土造,94年12月27日,三層,
RPSNMLSJRHJFFCB58CC,20,179.90,商業用,鋼筋混凝土造,83年10月24日,十四層,
RPSNMLSJRHJFFCB58CC,20,84.56,共有部分,鋼筋混凝土造,83年10月24日,十四層,
RPXQMLNJRHJFFCB98DC,22,651.83,商業用,鋼筋混凝土造,81年3月26日,十一層,
RPTNMLSJRHJFFCB68CC,2,159.22,見其他登記事項,鋼骨鋼筋混凝土造,101年12月19日,二十九層,
RPTNMLSJRHJFFCB68CC,2,104.95,見其他登記事項,鋼骨鋼筋混凝土造,101年12月19日,二十九層,
RPRPMLTJRHJFFCB78CC,9,83.49,住家用,鋼筋混凝土造,94年11月10日,二十三層,
RPRPMLTJRHJFFCB78CC,9,38.59,見其他登記事項,鋼筋混凝土造,94年11月10日,二十三層,
RPXOMLKKRHJFFAB28CC,8,82.33,見其他登記事項,鋼筋混凝土造,95年12月22日,十五層,
RPXOMLKKRHJFFAB28CC,8,17.61,見其他登記事項,鋼筋混凝土造,95年12月22日,十五層,
RPXOMLKKRHJFFAB28CC,8,41.80,見其他登記事項,鋼筋混凝土造,95年12月22日,十五層,
RPTQMLKKRHJFFCB28CC,20,271.34,見其他登記事項,鋼筋混凝土造,83年7月1日,四層,
RPVPMLTJRHJFFBB09CC,9,117.81,見其它登記事項,鋼筋混凝土造,94年12月27日,三層,
RPQRMLKKRHJFFCB08CC,,27.00,住家用,鋼筋混凝土造,103年7月4日,十二層,
RPVPMLKKRHJFFBB28CC,24,22.49,住家用,鋼筋混凝土造,79年11月30日,十二層,
RPVNMLKKRHJFFBB08CC,24,137.69,商業用,鋼筋混凝土造,80年1月28日,十二層,
RPVNMLKKRHJFFBB08CC,24,5.98,共有部份,鋼筋混凝土造,80年1月28日,十二層,
RPRRMLKKRHJFFCB18CC,,27.00,住家用,鋼筋混凝土造,103年7月4日,十二層,
RPORMLKKRHJFFCB87CC,,27.00,住家用,鋼筋混凝土造,103年7月4日,十二層,
RPSRMLKKRHJFFCB28CC,5,70.46,住家用,鋼筋混凝土造,98年8月13日,二十六層,
RPTRMLKKRHJFFCB38CC,20,572.18,商業用,鋼筋混凝土造,82年10月21日,十一層,
RPTRMLKKRHJFFCB38CC,20,73.18,商業用,鋼筋混凝土造,82年10月21日,十一層,
RPTRMLKKRHJFFCB38CC,20,131.62,共有部分,鋼筋混凝土造,82年10月21日,十一層,
RPVRMLKKRHJFFCB58CC,4,190.30,住家用,鋼筋混凝土造,100年1月21日,三十五層,
RPVRMLKKRHJFFCB58CC,4,54.81,見其他登記事項,鋼筋混凝土造,100年1月21日,三十五層,
RPVRMLKKRHJFFCB58CC,4,86.23,見其他登記事項,鋼筋混凝土造,100年1月21日,三十五層,
RPQNMLSJRHJFFHL37DC,21,22.06,見其他登記事項,鋼筋混凝土造,82年12月31日,012,
RPQNMLSJRHJFFHL37DC,21,9.45,共有部份,鋼筋混凝土造,82年12月31日,012,
RPRNMLSJRHJFFHL47DC,21,22.18,見其他登記事項,鋼筋混凝土造,82年12月31日,012,
RPRNMLSJRHJFFHL47DC,21,9.45,共有部份,鋼筋混凝土造,82年12月31日,012,
RPPNMLSJRHJFFHL27DC,23,97.36,見其他登記事項,鋼筋混凝土造,80年12月27日,007,
RPPNMLSJRHJFFHL27DC,23,17.36,共有部份,鋼筋混凝土造,80年12月27日,007,
RPRSMLKKRHJFFCB28CC,23,94.17,商業用,鋼筋混凝土造,80年11月16日,七層,
RPSQMLKKRHJFFCB28DC,22,43.33,住家用,鋼筋混凝土造,82年1月12日,十六層,
RPSQMLKKRHJFFCB28DC,22,18.98,共有部分,鋼筋混凝土造,82年1月12日,十六層,
RPSPMLLKRHJFFCB18CC,6,126.59,住家用,鋼筋混凝土造,97年9月26日,十九層,
RPSPMLLKRHJFFCB18CC,6,102.14,見其他登記事項,鋼筋混凝土造,97年9月26日,十九層,
RPSPMLLKRHJFFCB18CC,6,.40,見其他登記事項,鋼筋混凝土造,97年9月26日,十九層,
RPTPMLKKRHJFFCB28DC,22,62.90,住家用,鋼筋混凝土造,82年1月12日,十六層,
RPVOMLLKRHJFFCB38CC,4,196.77,住家用,鋼筋混凝土造,99年10月21日,二十六層,
RPVOMLLKRHJFFCB38CC,4,10.61,見其他登記事項,鋼筋混凝土造,99年10月21日,二十八層,
RPVOMLLKRHJFFCB38CC,4,44.85,見其他登記事項,鋼筋混凝土造,99年10月21日,二十八層,
RPVOMLLKRHJFFCB38CC,4,91.69,見其他登記事項,鋼筋混凝土造,99年10月21日,二十八層,
RPPQMLKKRHJFFCB97DC,22,47.30,住家用,鋼筋混凝土造,82年1月12日,十六層,
RPPQMLKKRHJFFCB97DC,22,20.73,共有部分,鋼筋混凝土造,82年1月12日,十六層,
RPTVMLLKRHJFFBB88DC,22,85.04,住家用,鋼筋混凝土造,81年8月26日,七層,
RPTVMLLKRHJFFBB88DC,22,16.82,共有部份,鋼筋混凝土造,81年8月26日,七層,
RPUVMLLKRHJFFBB98DC,22,184.21,住家用,鋼骨混凝土造,81年11月26日,二十五層,
RPUVMLLKRHJFFBB98DC,22,53.32,共有部份,鋼骨混凝土造,81年11月26日,二十五層,
RPXPMLLKRHJFFCB68CC,15,186.57,見其他登記事項,鋼筋混凝土造,88年4月29日,十四層,
RPXPMLLKRHJFFCB68CC,15,75.57,共有部分,鋼筋混凝土造,88年4月29日,十四層,
RPRQMLLKRHJFFCB28DC,7,645.33,見其他登記事項,鋼筋混凝土造,95年10月20日,五層,
RPTPMLLKRHJFFCB38DC,22,143.83,住商用,鋼筋混凝土造,81年6月8日,十二層,
RPQRMLLKRHJFFAB97CC,8,99.93,見其他登記事項,鋼筋混凝土造,95年12月22日,十五層,
RPQRMLLKRHJFFAB97CC,8,21.07,見其他登記事項,鋼筋混凝土造,95年12月22日,十五層,
RPQRMLLKRHJFFAB97CC,8,14.97,見其他登記事項,鋼筋混凝土造,95年12月22日,十五層,
RPTSMLLKRHJFFAB38CC,8,83.53,見其他登記事項,鋼筋混凝土造,95年12月22日,十五層,
RPTSMLLKRHJFFAB38CC,8,17.62,見其他登記事項,鋼筋混凝土造,95年12月22日,十五層,
RPTSMLLKRHJFFAB38CC,8,26.57,見其他登記事項,鋼筋混凝土造,95年12月22日,十五層,
RPPRMLLKRHJFFAB87CC,18,136.05,住家用,鋼筋混凝土造,85年11月8日,十七層,
RPPRMLLKRHJFFAB87CC,18,72.44,見其他登記事項,鋼筋混凝土造,85年11月8日,十七層,
RPWTMLLKRHJFFAB78CC,18,64.07,見其他登記事項,鋼筋混凝土造,85年5月6日,十八層,
RPWTMLLKRHJFFAB78CC,18,11.56,見其他登記事項,鋼筋混凝土造,85年5月6日,十八層,
RPWTMLLKRHJFFAB78CC,18,3.72,見其他登記事項,鋼筋混凝土造,85年5月6日,十八層,
RPWTMLLKRHJFFAB78CC,18,3.12,見其他登記事項,鋼筋混凝土造,85年5月6日,十八層,
RPWTMLLKRHJFFAB78CC,18,4.61,見其他登記事項,鋼筋混凝土造,85年5月6日,十八層,
RPPQMLLKRHJFFCB97CC,15,186.57,見其他登記事項,鋼筋混凝土造,88年4月29日,十四層,
RPPQMLLKRHJFFCB97CC,15,75.57,共有部分,鋼筋混凝土造,88年4月29日,十四層,
RPORMLLKRHJFFAB77CC,16,109.60,住商用,鋼筋混凝土造,87年5月1日,十四層,
RPORMLLKRHJFFAB77CC,16,52.04,共有部份,鋼筋混凝土造,87年5月1日,十四層,
RPWNMLLKRHJFFAB18CC,1,95.12,見其他登記事項,鋼筋混凝土造,102年6月25日,十五層,
RPWNMLLKRHJFFAB18CC,1,43.43,見其他登記事項,鋼筋混凝土造,102年6月25日,十五層,
RPUTMLLKRHJFFAB58CC,18,71.30,見其他登記事項,鋼筋混凝土造,85年5月6日,十八層,
RPUTMLLKRHJFFAB58CC,18,14.92,見其他登記事項,鋼筋混凝土造,85年5月6日,十八層,
RPUTMLLKRHJFFAB58CC,18,4.42,見其他登記事項,鋼筋混凝土造,85年5月6日,十八層,
RPUTMLLKRHJFFAB58CC,18,4.01,見其他登記事項,鋼筋混凝土造,85年5月6日,十八層,
RPUTMLLKRHJFFAB58CC,18,5.93,見其他登記事項,鋼筋混凝土造,85年5月6日,十八層,
RPXQMLLKRHJFFAB58CC,8,83.49,見其他登記事項,鋼筋混凝土造,95年12月22日,十五層,
RPXQMLLKRHJFFAB58CC,8,17.61,見其他登記事項,鋼筋混凝土造,95年12月22日,十五層,
RPXQMLLKRHJFFAB58CC,8,26.55,見其他登記事項,鋼筋混凝土造,95年12月22日,十五層,
RPOQMLMKRHJFFAB77CC,21,173.28,商業用,鋼筋混凝土造,82年6月30日,十二層,
RPOQMLMKRHJFFAB77CC,21,46.89,商業用,鋼筋混凝土造,82年6月30日,十二層,
RPOQMLMKRHJFFAB77CC,21,77.27,見其他登記事項,鋼筋混凝土造,82年6月30日,十二層,
RPSOMLMKRHJFFAB97CC,,185.32,住家用,見其他登記事項,,三層,
RPRQMLMKRHJFFAB08CC,20,24.02,住家用,鋼筋混凝土造,84年1月13日,十九層,
RPRQMLMKRHJFFAB08CC,20,3.71,共有部份,鋼筋混凝土造,84年1月13日,十九層,
RPRQMLMKRHJFFAB08CC,20,9.08,見其他登記事項,鋼筋混凝土造,84年1月13日,十九層,
RPSQMLMKRHJFFAB18CC,20,21.34,住家用,鋼筋混凝土造,84年1月13日,十九層,
RPSQMLMKRHJFFAB18CC,20,3.57,共有部份,鋼筋混凝土造,84年1月13日,十九層,
RPSQMLMKRHJFFAB18CC,20,9.27,見其他登記事項,鋼筋混凝土造,84年1月13日,十九層,
RPSRMLMKRHJFFAB28CC,18,19.52,見其他登記事項,鋼筋混凝土造,85年5月6日,十八層,
RPSRMLMKRHJFFAB28CC,18,3.36,見其他登記事項,鋼筋混凝土造,85年5月6日,十八層,
RPSRMLMKRHJFFAB28CC,18,3.78,見其他登記事項,鋼筋混凝土造,85年5月6日,十八層,
RPSRMLMKRHJFFAB28CC,18,.91,見其他登記事項,鋼筋混凝土造,85年5月6日,十八層,
RPSRMLMKRHJFFAB28CC,18,1.34,見其他登記事項,鋼筋混凝土造,85年5月6日,十八層,
RPWRMLMKRHJFFAB68CC,18,19.27,見其他登記事項,鋼筋混凝土造,85年5月6日,十八層,
RPWRMLMKRHJFFAB68CC,18,3.30,見其他登記事項,鋼筋混凝土造,85年5月6日,十八層,
RPWRMLMKRHJFFAB68CC,18,3.72,見其他登記事項,鋼筋混凝土造,85年5月6日,十八層,
RPWRMLMKRHJFFAB68CC,18,.89,見其他登記事項,鋼筋混凝土造,85年5月6日,十八層,
RPWRMLMKRHJFFAB68CC,18,1.31,見其他登記事項,鋼筋混凝土造,85年5月6日,十八層,
RPURMLMKRHJFFAB48CC,18,19.27,見其他登記事項,鋼筋混凝土造,85年5月6日,十八層,
RPURMLMKRHJFFAB48CC,18,3.30,見其他登記事項,鋼筋混凝土造,85年5月6日,十八層,
RPURMLMKRHJFFAB48CC,18,3.72,見其他登記事項,鋼筋混凝土造,85年5月6日,十八層,
RPURMLMKRHJFFAB48CC,18,.89,見其他登記事項,鋼筋混凝土造,85年5月6日,十八層,
RPURMLMKRHJFFAB48CC,18,1.31,見其他登記事項,鋼筋混凝土造,85年5月6日,十八層,
RPTRMLMKRHJFFAB38CC,18,19.27,見其他登記事項,鋼筋混凝土造,85年5月6日,十八層,
RPTRMLMKRHJFFAB38CC,18,3.30,見其他登記事項,鋼筋混凝土造,85年5月6日,十八層,
RPTRMLMKRHJFFAB38CC,18,3.72,見其他登記事項,鋼筋混凝土造,85年5月6日,十八層,
RPTRMLMKRHJFFAB38CC,18,.89,見其他登記事項,鋼筋混凝土造,85年5月6日,十八層,
RPTRMLMKRHJFFAB38CC,18,1.31,見其他登記事項,鋼筋混凝土造,85年5月6日,十八層,
RPTNMLMKRHJFFBB08CC,1,67.28,住家用,鋼筋混凝土造,102年7月25日,二十二層,
RPTNMLMKRHJFFBB08CC,1,18.08,見其它登記事項,鋼筋混凝土造,102年7月25日,二十二層,
RPTNMLMKRHJFFBB08CC,1,14.42,見其它登記事項,鋼筋混凝土造,102年7月25日,二十二層,
RPUNMLMKRHJFFCB28CC,5,68.22,住家用,鋼筋混凝土造,98年8月13日,十八層,
RPUNMLMKRHJFFCB28CC,5,43.33,見其他登記事項,鋼筋混凝土造,98年8月13日,二十六層,
RPUNMLMKRHJFFCB28CC,5,23.77,見其他登記事項,鋼筋混凝土造,98年8月13日,二十六層,
RPWNMLMKRHJFFBB38CC,9,49.46,住家用,鋼筋混凝土造,94年12月8日,十八層,
RPWNMLMKRHJFFBB38CC,9,19.80,共有部份,鋼筋混凝土造,94年12月8日,十八層,
RPVNMLMKRHJFFBB28CC,1,67.28,住家用,鋼筋混凝土造,102年7月25日,二十二層,
RPVNMLMKRHJFFBB28CC,1,18.08,見其它登記事項,鋼筋混凝土造,102年7月25日,二十二層,
RPVNMLMKRHJFFBB28CC,1,14.42,見其它登記事項,鋼筋混凝土造,102年7月25日,二十二層,
RPXPMLMKRHJFFBB68CC,18,20.46,住家用,鋼筋混凝土造,85年7月15日,十四層,
RPXPMLMKRHJFFBB68CC,18,6.58,共有部份,鋼筋混凝土造,85年7月15日,十四層,
RPXPMLMKRHJFFBB68CC,18,4.93,共有部份,鋼筋混凝土造,85年7月15日,十四層,
RPOOMLMKRHJFFCB77CC,11,133.38,見其他登記事項,見其他登記事項,92年12月30日,十四層,
RPOOMLMKRHJFFCB77CC,11,42.85,見其他登記事項,見其他登記事項,92年12月30日,十四層,
RPVNMLMKRHJFFCB38CC,5,32.01,住家用,鋼筋混凝土造,98年8月13日,二十六層,
RPVNMLMKRHJFFCB38CC,5,3.27,見其他登記事項,鋼筋混凝土造,98年8月13日,二十六層,
RPVNMLMKRHJFFCB38CC,5,15.60,見其他登記事項,鋼筋混凝土造,98年8月13日,二十六層,
RPOOMLMKRHJFFCL78CC,22,104.41,國民住宅,鋼筋混凝土造,81年8月11日,005,
RPRNMLPKRHJFFCB28CC,22,27.00,工業用,鋼筋混凝土造,81年10月30日,四層,
RPQOMLPKRHJFFGL07CC,,301.02,見其他登記事項,鋼筋混凝土造,,004,
RPUPMLPKRHJFFCB78CC,4,222.24,見其他登記事項,見其他登記事項,99年6月4日,三十八層,
RPUPMLPKRHJFFCB78CC,4,93.13,見其他登記事項,見其他登記事項,99年6月4日,三十八層,
RPUPMLPKRHJFFCB78CC,4,19.55,見其他登記事項,見其他登記事項,99年6月4日,三十八層,
RPUPMLPKRHJFFCB78CC,4,31.16,見其他登記事項,見其他登記事項,99年6月4日,三十八層,
RPTNMLPKRHJFFBB38CC,21,151.96,商業用,鋼筋混凝土造,82年10月4日,十三層,
RPTNMLMKRHJFFAL98CC,46,129.91,商業用,加強磚造,57年5月7日,002,
RPVNMLPKRHJFFBB58CC,14,196.40,見其它登記事項,鋼骨鋼筋混凝土造,89年6月3日,二十八層,
RPUNMLPKRHJFFBB48CC,14,332.46,見其它登記事項,鋼骨鋼筋混凝土造,89年6月3日,二十八層,
RPXNMLQKRHJFFBB88CC,19,19.14,住家用,鋼筋混凝土造,84年8月14日,十六層,
RPWNMLQKRHJFFBB78CC,16,113.49,見其它登記事項,鋼筋混凝土造,87年4月13日,九層,
RPOOMLPKRHJFFBB97CC,4,90.08,住家用,鋼筋混凝土造,99年9月9日,十八層,
RPOOMLPKRHJFFBB97CC,4,42.38,見其它登記事項,鋼筋混凝土造,99年9月9日,十八層,
RPOOMLPKRHJFFBB97CC,4,18.33,見其它登記事項,鋼筋混凝土造,99年9月9日,十八層,
RPTNMLPKRHJFFFL17CC,7,234.64,見其他登記事項,鋼筋混凝土造,96年12月11日,004,
RPTPMLQKRHJFFCL17CC,20,150.98,住家用,鋼筋混凝土造,83年7月11日,003,
RPUPMLQKRHJFFCB88CC,10,161.26,見其他登記事項,見其他登記事項,93年7月5日,十四層,
RPWOMLRKRHJFFBB09DC,20,64.80,住家用,鋼筋混凝土造,83年12月10日,十六層,
RPWPMLQKRHJFFCB09CC,1,149.39,住家用,鋼筋混凝土造,102年10月16日,十五層,
RPWPMLQKRHJFFCB09CC,1,25.26,見其他登記事項,鋼筋混凝土造,102年10月16日,十五層,
RPWPMLQKRHJFFCB09CC,1,82.00,見其他登記事項,鋼筋混凝土造,102年10月16日,十五層,
RPWPMLQKRHJFFCB09CC,1,18.37,見其他登記事項,鋼筋混凝土造,102年10月16日,十五層,
RPVQMLQKRHJFFCB09CC,20,47.12,商業用,鋼筋混凝土造,83年6月27日,七層,
RPSUMLRKRHJFFBB66DC,34,75.70,住家用,鋼筋混凝土造,69年11月10日,五層,
RPXOMLRKRHJFFHL18DC,20,119.97,見其他登記事項,鋼筋混凝土造,84年1月25日,008,
RPRQMLSKRHJFFBB78CC,31,18.37,住商用,鋼筋混凝土造,72年5月13日,三層,
RPORMLSKRHJFFBB58CC,41,175.74,住家用,鋼筋混凝土加強磚造,62年5月10日,二層,
RPSOMLRKRHJFFFL47DC,27,529.00,見其他登記事項,加強磚造,76年6月19日,002,
RPRNMLQKRHJFFFL07CC,21,71.66,住家用,鋼筋混凝土造,82年12月31日,014,
RPRPMLTKRHJFFCB88CC,28,258.83,見其他登記事項,鋼筋混凝土造,75年12月24日,四層,
RPOPMLRKRHJFFCB38CC,,155.73,見其他登記事項,鋼骨鋼筋混凝土造,103年4月3日,三十六層,
RPOPMLRKRHJFFCB38CC,,46.38,見其他登記事項,鋼骨鋼筋混凝土造,103年4月3日,三十六層,
RPOPMLRKRHJFFCB38CC,,49.72,見其他登記事項,鋼骨鋼筋混凝土造,103年4月3日,三十六層,
RPQQMLTKRHJFFCB88CC,16,19.43,住家用,鋼筋混凝土造,87年4月28日,十四層,
RPSSMLTKRHJFFCB66CC,6,129.27,住家用,鋼筋混凝土造,97年11月27日,二十二層,
RPSSMLTKRHJFFCB66CC,6,77.40,見其他登記事項,鋼筋混凝土造,97年11月27日,二十二層,
RPSNMLSKRHJFFCB68CC,20,155.52,住家用,鋼筋混凝土造,83年7月21日,二十四層,
RPOPMLRKRHJFFAB18CC,23,286.15,商業用,鋼筋混凝土造,80年7月25日,七層,
RPOPMLRKRHJFFAB18CC,23,50.41,見其他登記事項,鋼筋混凝土造,80年7月25日,七層,
RPQPMLRKRHJFFAB48DC,38,102.39,商業用,鋼筋混凝土造,65年5月31日,四層,
RPPPMLRKRHJFFCB48CC,,136.79,見其他登記事項,鋼骨鋼筋混凝土造,103年4月3日,三十六層,
RPPPMLRKRHJFFCB48CC,,40.74,見其他登記事項,鋼骨鋼筋混凝土造,103年4月3日,三十六層,
RPPPMLRKRHJFFCB48CC,,43.73,見其他登記事項,鋼骨鋼筋混凝土造,103年4月3日,三十六層,
RPWNMLKLRHJFFCB38CC,43,70.30,住家用,見其他登記事項,60年12月1日,二層,
RPXSMLTKRHJFFCB17CC,14,85.94,見其他登記事項,鋼筋混凝土造,89年3月24日,十四層,
RPXSMLTKRHJFFCB17CC,14,51.00,見其他登記事項,鋼筋混凝土造,89年3月24日,十四層,
RPXSMLTKRHJFFCB17CC,14,41.75,共有部分,鋼筋混凝土造,89年3月24日,十四層,
RPPNMLMLRHJFFHL86DC,24,206.36,見其他登記事項,鋼筋混凝土造,79年7月10日,007,
RPXNMLMLRHJFFAB58DC,20,19.09,住家用,鋼筋混凝土造,84年1月13日,十九層,
RPXNMLMLRHJFFAB58DC,20,3.14,共有部份,鋼筋混凝土造,84年1月13日,十九層,
RPXNMLMLRHJFFAB58DC,20,6.87,見其他登記事項,鋼筋混凝土造,84年1月13日,十九層,
RPSOMLNLRHJFFGL17CC,19,191.91,見其他登記事項,鋼筋混凝土造,85年2月17日,004,
RPQTMLMLRHJFFCB68DC,24,313.42,住商用,鋼筋混凝土造,79年5月10日,四層,
RPTOMLOLRHJFFBB58DC,21,63.84,住家用,鋼筋混凝土造,82年8月3日,八層,
RPTOMLOLRHJFFBB58DC,21,19.05,共有部份,鋼筋混凝土造,82年8月3日,八層,
RPWRMLMLRHJFFCB98CC,17,120.10,住家用,鋼筋混凝土造,86年7月28日,十九層,
RPTRMLMLRHJFFCB78DC,23,27.17,住家用,鋼筋混凝土造,80年12月11日,七層,
RPTRMLMLRHJFFCB78DC,23,7.85,共有部分,鋼筋混凝土造,80年12月11日,七層,
RPRVMLOLRHJFFCB56DC,22,28.31,住商用,鋼筋混凝土造,81年12月8日,七層,
RPUOMLOLRHJFFBB68DC,22,185.00,住家用,鋼骨混凝土造,81年11月26日,二十五層,
RPUOMLOLRHJFFBB68DC,22,53.59,共有部份,鋼骨混凝土造,81年11月26日,二十五層,
RPVOMLOLRHJFFBB78DC,24,30.31,住家用,鋼筋混凝土造,79年6月21日,五層,
RPVOMLOLRHJFFBB78DC,24,10.14,共有部份,鋼筋混凝土造,79年6月21日,五層,
RPPPMLOLRHJFFCB28CC,6,55.51,住家用,鋼筋混凝土造,98年1月21日,十層,
RPPPMLOLRHJFFCB28CC,6,57.65,見其他登記事項,鋼筋混凝土造,98年1月21日,十層,
RPTQMLOLRHJFFCB78CC,8,78.59,住家用,鋼筋混凝土造,95年8月16日,二十二層,
RPTQMLOLRHJFFCB78CC,8,49.08,見其他登記事項,鋼筋混凝土造,95年8月16日,二十二層,
RPUNMLPLRHJFFAB48CC,18,19.27,見其他登記事項,鋼筋混凝土造,85年5月6日,十八層,
RPUNMLPLRHJFFAB48CC,18,3.30,見其他登記事項,鋼筋混凝土造,85年5月6日,十八層,
RPUNMLPLRHJFFAB48CC,18,3.72,見其他登記事項,鋼筋混凝土造,85年5月6日,十八層,
RPUNMLPLRHJFFAB48CC,18,.89,見其他登記事項,鋼筋混凝土造,85年5月6日,十八層,
RPUNMLPLRHJFFAB48CC,18,1.31,見其他登記事項,鋼筋混凝土造,85年5月6日,十八層,
RPRPMLOLRHJFFBB38CC,29,164.26,住商用,加強磚造,74年4月3日,二層,
RPTNMLOLRHJFFHL47DC,20,28.26,住家用,鋼筋混凝土造,83年10月18日,012,
RPSOMLOLRHJFFAB28CC,8,27.99,見其他登記事項,鋼筋混凝土造,95年10月26日,三十二層,
RPSOMLOLRHJFFAB28CC,8,4.86,見其他登記事項,鋼筋混凝土造,95年6月22日,三十二層,
RPSOMLOLRHJFFAB28CC,8,11.54,見其他登記事項,鋼筋混凝土造,95年10月26日,三十二層,
RPXNMLPLRHJFFAB78CC,18,38.59,見其他登記事項,鋼筋混凝土造,85年5月6日,十八層,
RPXNMLPLRHJFFAB78CC,18,6.60,見其他登記事項,鋼筋混凝土造,85年5月6日,十八層,
RPXNMLPLRHJFFAB78CC,18,7.43,見其他登記事項,鋼筋混凝土造,85年5月6日,十八層,
RPXNMLPLRHJFFAB78CC,18,1.78,見其他登記事項,鋼筋混凝土造,85年5月6日,十八層,
RPXNMLPLRHJFFAB78CC,18,2.63,見其他登記事項,鋼筋混凝土造,85年5月6日,十八層,
RPVNMLPLRHJFFAB58CC,18,20.41,見其他登記事項,鋼筋混凝土造,85年5月6日,十八層,
RPVNMLPLRHJFFAB58CC,18,3.81,見其他登記事項,鋼筋混凝土造,85年5月6日,十八層,
RPVNMLPLRHJFFAB58CC,18,4.28,見其他登記事項,鋼筋混凝土造,85年5月6日,十八層,
RPVNMLPLRHJFFAB58CC,18,1.02,見其他登記事項,鋼筋混凝土造,85年5月6日,十八層,
RPVNMLPLRHJFFAB58CC,18,1.52,見其他登記事項,鋼筋混凝土造,85年5月6日,十八層,
RPUOMLPLRHJFFAB58CC,20,991.74,工商用,見其他登記事項,83年6月10日,二層,
RPOOMLPLRHJFFAB97CC,18,20.27,見其他登記事項,鋼筋混凝土造,85年5月6日,十八層,
RPOOMLPLRHJFFAB97CC,18,3.78,見其他登記事項,鋼筋混凝土造,85年5月6日,十八層,
RPOOMLPLRHJFFAB97CC,18,4.24,見其他登記事項,鋼筋混凝土造,85年5月6日,十八層,
RPOOMLPLRHJFFAB97CC,18,1.01,見其他登記事項,鋼筋混凝土造,85年5月6日,十八層,
RPOOMLPLRHJFFAB97CC,18,1.51,見其他登記事項,鋼筋混凝土造,85年5月6日,十八層,
RPWNMLMLRHJFFFL37DC,23,168.56,見其他登記事項,鋼筋混凝土造,80年12月26日,010,
RPVPMLPLRHJFFCB98CC,7,528.93,見其他登記事項,見其他登記事項,96年3月29日,一層,
RPUOMLPLRHJFFCB78CC,22,214.69,見其他登記事項,見其他登記事項,81年7月1日,二十八層,
RPUOMLPLRHJFFCB78CC,22,95.77,共有部分,見其他登記事項,81年7月1日,二十八層,
RPTOMLPLRHJFFBB58CC,8,297.84,見其它登記事項,鋼筋混凝土造,95年10月19日,四層,
RPPOMLPLRHJFFCL66CC,6,2002.24,見其他登記事項,見其他登記事項,98年1月16日,001,
RPVNMLQLRHJFFCL27CC,13,10.00,見其他登記事項,鋼筋混凝土造,90年6月29日,004,
RPTSMLQLRHJFFCB66DC,34,251.66,住商用,鋼筋混凝土造,69年10月8日,三層,
RPQOMLQLRHJFFAB38DC,31,107.10,住商用,鋼筋混凝土造,72年6月23日,七層,
RPOQMLQLRHJFFAB28CC,42,83.58,住家用,見其他登記事項,61年3月31日,二層,
RPTOMLQLRHJFFBB78DC,7,56.77,住家用,鋼筋混凝土造,96年12月31日,十四層,
RPTOMLQLRHJFFBB78DC,7,8.90,住家用,鋼筋混凝土造,96年12月31日,十四層,
RPTOMLQLRHJFFBB78DC,7,.57,住家用,鋼筋混凝土造,96年12月31日,十四層,
RPTOMLQLRHJFFBB78DC,7,44.52,共有部份,鋼筋混凝土造,96年12月31日,十四層,
RPPQMLQLRHJFFBB48CC,22,100.75,住家用,鋼筋混凝土造,81年11月13日,七層,
RPPQMLQLRHJFFBB48CC,22,18.08,共有部份,鋼筋混凝土造,81年11月13日,七層,
RPSOMLTLRHJFFAB78CC,44,146.39,住家用,見其他登記事項,59年10月1日,二層,
RPOPMLTLRHJFFAB48CC,17,70.31,商業用,鋼筋混凝土造,86年9月25日,十八層,
RPOPMLTLRHJFFAB48CC,17,21.86,見其他登記事項,鋼筋混凝土造,86年9月25日,十八層,
RPRRMLTLRHJFFCB56CC,19,26.31,住家用,鋼筋混凝土造,84年6月26日,七層,
RPXNMLQLRHJFFGL97DC,9,213.17,見其他登記事項,鋼筋混凝土造,94年4月21日,004,
RPQSMLTLRHJFFCB56CC,28,202.48,住商用,鋼筋混凝土造,75年9月2日,三層,
RPTPMLTLRHJFFCB56CC,41,118.79,見其他登記事項,見其他登記事項,62年5月31日,二層,
RPVOMLTLRHJFFBB56CC,36,90.72,住家用,加強磚造,67年8月29日,二層,
RPOOMLTLRHJFFCL96CC,38,705.16,見其他登記事項,見其他登記事項,65年4月12日,001,
RPXOMLKMRHJFFCB68CC,17,53.83,見其他登記事項,鋼筋混凝土造,86年11月21日,十二層,
RPTOMLKMRHJFFCB28CC,11,163.36,見其他登記事項,見其他登記事項,93年2月19日,四層,
RPTOMLKMRHJFFCB28CC,10,26.65,見其他登記事項,見其他登記事項,93年7月16日,四層,
RPPRMLKMRHJFFCB18CC,5,52.20,住家用,鋼筋混凝土造,98年8月13日,十八層,
RPPRMLKMRHJFFCB18CC,5,42.64,見其他登記事項,鋼筋混凝土造,98年8月13日,二十六層,
RPPRMLKMRHJFFCB18CC,5,20.94,見其他登記事項,鋼筋混凝土造,98年8月13日,二十六層,
RPXNMLPLRHJFFAL27DC,30,112.91,住家用,加強磚造,73年10月15日,002,
RPVNMLKMRHJFFGL27DC,4,403.57,見其他登記事項,鋼筋混凝土造,100年3月11日,004,
RPSPMLKMRHJFFBB18CC,9,48.14,住家用,鋼筋混凝土造,94年12月8日,十八層,
RPSPMLKMRHJFFBB18CC,9,19.26,共有部份,鋼筋混凝土造,94年12月8日,十八層,
RPWOMLKMRHJFFBB48CC,12,253.67,見其它登記事項,鋼筋混凝土造,91年12月17日,五層,
RPVPMLKMRHJFFBB48CC,9,47.37,住家用,鋼筋混凝土造,94年12月8日,十八層,
RPVPMLKMRHJFFBB48CC,9,19.00,共有部份,鋼筋混凝土造,94年12月8日,十八層,
RPRPMLKMRHJFFBB08CC,9,47.39,住家用,鋼筋混凝土造,94年12月8日,十八層,
RPRPMLKMRHJFFBB08CC,9,19.00,共有部份,鋼筋混凝土造,94年12月8日,十八層,
RPVOMLKMRHJFFAB28CC,20,305.04,商業用,鋼筋混凝土造,83年12月7日,十三層,
RPTOMLKMRHJFFAB08CC,17,71.57,住商用,鋼筋混凝土造,87年3月9日,四層,
RPQPMLKMRHJFFAB87CC,20,135.84,商業用,鋼筋混凝土造,83年12月7日,十三層,
RPORMLKMRHJFFAB87CC,4,57.34,見其他登記事項,鋼筋混凝土造,99年8月12日,十三層,
RPORMLKMRHJFFAB87CC,4,14.72,見其他登記事項,鋼筋混凝土造,99年8月12日,十三層,
RPORMLKMRHJFFAB87CC,4,12.12,見其他登記事項,鋼筋混凝土造,99年8月12日,十三層,
RPWOMLLJIIJFFAB47DC,43,198.54,商業用,見其他登記事項,60年11月23日,三層,
RPSQMLKMRHJFFAB18CC,24,14.00,住家用,鋼筋混凝土造,79年4月16日,十二層,
RPTNMLQLRHJFFAL86CC,22,50.83,住工用,鋼筋混凝土造,81年9月29日,003,
RPPOMLMJIIJFFCB07DC,24,124.37,商業用,鋼筋混凝土造,79年6月29日,六層,
RPPOMLMJIIJFFCB07DC,24,110.88,商業用,鋼筋混凝土造,79年6月29日,六層,
RPSPMLKMRHJFFAL09CC,20,166.42,見其他登記事項,鋼筋混凝土造,83年7月25日,012,
RPWOMLMJIIJFFAB47CC,27,323.82,住商用,鋼筋混凝土造,76年10月29日,五層,
RPVPMLMJIIJFFBB57CC,29,213.72,住商用,鋼筋混凝土造,74年6月25日,三層,
RPPQMLMJIIJFFBB07CC,3,151.52,見其它登記事項,鋼筋混凝土造,100年4月13日,四層,
RPXOMLMJIIJFFCB77CC,8,37.90,住家用,鋼筋混凝土造,95年11月24日,十四層,
RPXOMLMJIIJFFCB77CC,8,17.00,見其他登記事項,鋼筋混凝土造,95年11月24日,十四層,
RPPPMLMJIIJFFCB07CC,7,53.60,住家用,鋼筋混凝土造,96年3月13日,十五層,
RPPPMLMJIIJFFCB07CC,7,56.88,見其他登記事項,鋼筋混凝土造,96年3月13日,十五層,
RPQPMLMJIIJFFCB17CC,9,79.67,住家用,鋼筋混凝土造,94年11月10日,二十三層,
RPQPMLMJIIJFFCB17CC,9,50.71,見其他登記事項,鋼筋混凝土造,94年11月10日,二十三層,
RPTPMLMJIIJFFCB47CC,5,61.55,住家用,鋼筋混凝土造,98年8月13日,二十六層,
RPSPMLMJIIJFFCB37CC,5,122.67,住家用,鋼筋混凝土造,98年8月13日,十八層,
RPVPMLMJIIJFFCB67CC,5,124.34,住家用,鋼筋混凝土造,98年8月13日,二十六層,
RPXQMLMJIIJFFCB97CC,20,152.82,住家用,鋼筋混凝土造,83年7月21日,二十四層,
RPXQMLMJIIJFFCB97CC,20,49.08,共有部分,鋼筋混凝土造,83年7月21日,二十四層,
RPSRMLMJIIJFFCB57CC,43,79.96,住家用,加強磚造,60年12月1日,二層,
RPPRMLMJIIJFFCB27CC,20,149.81,住家用,鋼筋混凝土造,83年7月21日,二十四層,
RPPRMLMJIIJFFCB27CC,20,47.88,共有部分,鋼筋混凝土造,83年7月21日,二十四層,
RPQQMLNJIIJFFCB47DC,19,119.19,住家用,鋼筋混凝土造,84年5月26日,六層,
RPQNMLNJIIJFFBB96CC,6,19.38,見其它登記事項,鋼筋混凝土造,97年6月13日,五層,
RPUNMLOJIIJFFBB47CC,1,161.40,住家用,鋼筋混凝土造,103年2月24日,四層,
RPTNMLOJIIJFFBB37CC,30,215.29,住商用,鋼筋混凝土造,73年3月16日,三層,
RPVNMLTLRHJFFBL47CC,21,172.71,見其他登記事項,鋼筋混凝土造,82年10月27日,003,
RPRNMLOJIIJFFAB07CC,,255.00,住商用,鋼筋混凝土造,,四層,
RPUNMLOJIIJFFAB37CC,52,214.51,住家用,見其他登記事項,52年3月20日,三層,
RPXNMLOJIIJFFAB67CC,,192.72,商業用,見其他登記事項,,三十二層,
RPXNMLOJIIJFFAB67CC,24,66.94,見其他登記事項,見其他登記事項,79年9月26日,三十二層,
RPQNMLOJIIJFFCB17CC,8,30.90,住家用,鋼筋混凝土造,95年11月24日,十四層,
RPQNMLOJIIJFFCB17CC,8,13.93,見其他登記事項,鋼筋混凝土造,95年11月24日,十四層,
RPPNMLOJIIJFFAL87CC,43,127.80,商業用,加強磚造,61年3月1日,002,
RPOOMLOJIIJFFAB86CC,,123.66,商業用,見其他登記事項,,三十二層,
RPOOMLOJIIJFFAB86CC,24,42.96,見其他登記事項,見其他登記事項,79年9月26日,三十二層,
RPXNMLOJIIJFFBB77CC,23,215.86,商業用,鋼骨鋼筋混凝土造,81年1月28日,二十四層,
RPXNMLOJIIJFFBB77CC,23,10.62,共有部份,鋼骨混凝土造,81年1月28日,二十四層,
RPXNMLOJIIJFFBB77CC,23,52.86,共有部份,鋼骨混凝土造,81年1月28日,二十四層,
RPXNMLOJIIJFFBB77CC,23,40.54,見其它登記事項,鋼骨鋼筋混凝土造,81年1月28日,二十四層,
RPVNMLOJIIJFFBB57CC,23,215.86,商業用,鋼骨混凝土造,81年1月28日,二十四層,
RPVNMLOJIIJFFBB57CC,23,10.62,共有部份,鋼骨混凝土造,81年1月28日,二十四層,
RPVNMLOJIIJFFBB57CC,23,52.86,共有部份,鋼骨鋼筋混凝土造,81年1月28日,二十四層,
RPVNMLOJIIJFFBB57CC,23,40.54,見其它登記事項,鋼骨鋼筋混凝土造,81年1月28日,二十四層,
RPWNMLOJIIJFFBB67CC,23,215.86,商業用,鋼骨混凝土造,81年1月28日,二十四層,
RPWNMLOJIIJFFBB67CC,23,10.62,共有部份,鋼骨混凝土造,81年1月28日,二十四層,
RPWNMLOJIIJFFBB67CC,23,52.86,共有部份,鋼骨鋼筋混凝土造,81年1月28日,二十四層,
RPWNMLOJIIJFFBB67CC,23,40.54,見其它登記事項,鋼骨鋼筋混凝土造,81年1月28日,二十四層,
RPUNMLOJIIJFFCB57CC,8,61.00,住家用,鋼筋混凝土造,95年8月16日,二十二層,
RPUNMLOJIIJFFCB57CC,8,23.61,見其他登記事項,鋼筋混凝土造,95年8月16日,二十二層,
RPTNMLOJIIJFFCB47CC,20,79.26,住家用,鋼筋混凝土造,83年5月9日,十二層,
RPTNMLOJIIJFFCB47CC,20,22.16,共有部分,鋼筋混凝土造,83年5月9日,十二層,
RPTNMLOJIIJFFCB47CC,20,14.40,共有部分,鋼筋混凝土造,83年5月9日,十二層,
RPVNMLOJIIJFFCB67CC,14,126.82,住家用,鋼筋混凝土造,89年11月4日,十四層,
RPVNMLOJIIJFFCB67CC,14,82.70,共有部分,鋼筋混凝土造,89年11月4日,十四層,
RPWNMLOJIIJFFCB77CC,13,163.00,住家用,鋼筋混凝土造,90年9月12日,二十七層,
RPWNMLOJIIJFFCB77CC,13,76.61,共有部分,鋼筋混凝土造,90年9月12日,二十七層,
RPXNMLOJIIJFFCB87CC,5,146.62,住家用,鋼筋混凝土造,98年11月25日,十五層,
RPXNMLOJIIJFFCB87CC,5,126.53,見其他登記事項,鋼筋混凝土造,98年11月25日,十五層,
RPOOMLOJIIJFFCB07CC,22,347.14,見其他登記事項,見其他登記事項,81年7月1日,二十八層,
RPOOMLOJIIJFFCB07CC,22,156.27,共有部分,見其他登記事項,81年7月1日,二十八層,
RPPOMLOJIIJFFCB17CC,22,347.14,見其他登記事項,見其他登記事項,81年7月1日,二十八層,
RPPOMLOJIIJFFCB17CC,22,156.27,共有部分,見其他登記事項,81年7月1日,二十八層,
RPQOMLOJIIJFFCB27CC,22,347.14,見其他登記事項,見其他登記事項,81年7月1日,二十八層,
RPQOMLOJIIJFFCB27CC,22,156.27,共有部分,見其他登記事項,81年7月1日,二十八層,
RPSNMLPJIIJFFCB47CC,4,136.76,見其他登記事項,鋼筋混凝土造,99年9月30日,二十三層,
RPSNMLPJIIJFFCB47CC,4,49.28,見其他登記事項,鋼筋混凝土造,99年9月30日,二十三層,
RPSNMLPJIIJFFCB47CC,4,24.39,見其他登記事項,鋼筋混凝土造,99年9月30日,二十三層,
RPSNMLPJIIJFFCB47CC,4,20.00,見其他登記事項,鋼筋混凝土造,99年9月30日,二十三層,
RPQNMLPJIIJFFAB07CC,41,111.80,住家用,見其他登記事項,62年11月6日,二層,
RPUNMLPJIIJFFCB67CC,2,115.53,見其他登記事項,鋼骨鋼筋混凝土造,101年12月19日,二十九層,
RPUNMLPJIIJFFCB67CC,2,104.36,見其他登記事項,鋼骨鋼筋混凝土造,101年12月19日,二十九層,
RPRNMLPJIIJFFAB17CC,21,64.66,見其他登記事項,見其他登記事項,82年12月18日,四十二層,
RPRNMLPJIIJFFAB17CC,21,31.21,見其他登記事項,見其他登記事項,82年12月18日,四十二層,
RPTNMLPJIIJFFCB57CC,2,106.57,見其他登記事項,鋼骨鋼筋混凝土造,101年12月19日,二十九層,
RPTNMLPJIIJFFCB57CC,2,90.23,見其他登記事項,鋼骨鋼筋混凝土造,101年12月19日,二十九層,
RPUOMLQJIIJFFCB87CC,5,6.04,見其他登記事項,鋼筋混凝土造,98年8月13日,二十六層,
RPUOMLQJIIJFFCB87CC,5,26.07,見其他登記事項,鋼筋混凝土造,98年8月13日,二十六層,
RPUOMLQJIIJFFCB87CC,5,73.96,住家用,鋼筋混凝土造,98年8月13日,十八層,
RPUNMLQJIIJFFAB57CC,41,111.80,住家用,見其他登記事項,62年11月6日,二層,
RPVNMLPJIIJFFCB77CC,,159.24,見其他登記事項,鋼骨鋼筋混凝土造,103年4月3日,三十六層,
RPVNMLPJIIJFFCB77CC,,47.53,見其他登記事項,鋼骨鋼筋混凝土造,103年4月3日,三十六層,
RPVNMLPJIIJFFCB77CC,,50.78,見其他登記事項,鋼骨鋼筋混凝土造,103年4月3日,三十六層,
RPVOMLQJIIJFFCB97CC,5,6.04,見其他登記事項,鋼筋混凝土造,98年8月13日,二十六層,
RPVOMLQJIIJFFCB97CC,5,26.07,見其他登記事項,鋼筋混凝土造,98年8月13日,二十六層,
RPVOMLQJIIJFFCB97CC,5,73.96,住家用,鋼筋混凝土造,98年8月13日,十八層,
RPVOMLRJIIJFFCB08CC,17,171.21,見其他登記事項,鋼筋混凝土造,87年1月8日,十四層,
RPVOMLRJIIJFFCB08CC,17,108.54,共有部分,鋼筋混凝土造,87年1月8日,十四層,
RPVOMLRJIIJFFCB08CC,17,28.25,共有部分,鋼筋混凝土造,87年1月8日,十四層,
RPROMLRJIIJFFCB67CC,28,96.86,住家用,鋼筋混凝土造,75年3月10日,五層,
RPRPMLRJIIJFFCB77CC,19,47.95,見其他登記事項,鋼筋混凝土造,84年8月7日,五層,
RPWPMLRJIIJFFCB28CC,14,239.93,見其他登記事項,鋼筋混凝土造,89年8月24日,二十五層,
RPWPMLRJIIJFFCB28CC,14,121.69,共有部分,鋼筋混凝土造,89年8月24日,二十五層,
RPXNMLRJIIJFFHL17DC,32,102.78,見其他登記事項,加強磚造,71年5月20日,002,
RPSPMLRJIIJFFCB87CC,19,263.56,見其他登記事項,鋼筋混凝土造,84年8月7日,五層,
RPQNMLRJIIJFFAB37DC,30,109.35,住家用,鋼筋混凝土造,74年1月21日,五層,
RPTPMLRJIIJFFCB08DC,7,63.55,見其他登記事項,鋼筋混凝土造,96年9月27日,五層,
RPPNMLRJIIJFFAB27DC,15,77.26,住家用,鋼筋混凝土造,88年4月13日,九層,
RPPNMLRJIIJFFAB27DC,15,45.25,共有部份,鋼筋混凝土造,88年4月13日,九層,
RPPPMLSJIIJFFCB77DC,4,343.05,住家用,鋼筋混凝土造,100年1月21日,三十五層,
RPTPMLSJIIJFFCB18DC,19,33.49,住家用,鋼筋混凝土造,84年10月30日,十三層,
RPWPMLRJIIJFFBB18CC,8,274.11,見其它登記事項,鋼筋混凝土造,95年7月27日,四層,
RPQOMLRJIIJFFBB57DC,15,133.45,住家用,鋼筋混凝土造,88年8月16日,十四層,
RPQOMLRJIIJFFBB57DC,15,86.27,共有部份,鋼筋混凝土造,88年8月16日,十四層,
RPQPMLRJIIJFFBB57CC,17,185.49,見其它登記事項,鋼筋混凝土造,86年8月21日,十四層,
RPQPMLRJIIJFFBB57CC,17,42.14,共有部份,鋼筋混凝土造,86年8月21日,十四層,
RPPOMLSJIIJFFAB37CC,38,173.28,商業用,見其他登記事項,66年1月5日,四層,
RPSPMLSJIIJFFCB97CC,22,411.28,商業用,鋼筋混凝土造,82年2月26日,二十三層,
RPSPMLSJIIJFFCB97CC,22,233.78,共有部分,鋼筋混凝土造,82年2月26日,二十三層,
RPSPMLSJIIJFFCB97CC,22,64.08,共有部分,鋼筋混凝土造,82年2月26日,二十三層,
RPQOMLSJIIJFFAB47CC,18,350.39,見其他登記事項,鋼筋混凝土造,85年8月29日,十四層,
RPQOMLSJIIJFFAB47CC,18,63.85,見其他登記事項,鋼筋混凝土造,85年8月29日,十四層,
RPRQMLSJIIJFFCB97CC,28,218.74,見其他登記事項,鋼筋混凝土造,76年2月11日,四層,
RPVPMLSJIIJFFCB28CC,19,95.48,住家用,鋼筋混凝土造,84年10月24日,二十五層,
RPVPMLSJIIJFFCB28CC,19,26.47,共有部分,鋼筋混凝土造,84年10月24日,二十五層,
RPVPMLSJIIJFFCB28CC,19,5.53,共有部分,鋼筋混凝土造,84年10月24日,二十五層,
RPVPMLSJIIJFFCB28CC,19,1.41,共有部分,鋼筋混凝土造,84年10月24日,二十五層,
RPVPMLSJIIJFFCB28CC,19,14.77,共有部分,鋼筋混凝土造,84年10月24日,二十五層,
RPOOMLTJIIJFFAB37CC,16,101.66,住家用,鋼筋混凝土造,87年10月30日,二十四層,
RPOOMLTJIIJFFAB37CC,16,14.48,住家用,鋼筋混凝土造,87年10月30日,二十四層,
RPOOMLTJIIJFFAB37CC,16,19.55,共有部份,鋼筋混凝土造,87年10月30日,二十四層,
RPOOMLTJIIJFFAB37CC,16,48.96,共有部份,鋼筋混凝土造,87年10月30日,二十四層,
RPXOMLTJIIJFFCB48CC,4,48.77,住家用,鋼筋混凝土造,99年11月19日,二十四層,
RPXOMLTJIIJFFCB48CC,4,22.01,見其他登記事項,鋼筋混凝土造,99年11月19日,二十四層,
RPPPMLTJIIJFFAB57CC,8,158.83,見其他登記事項,鋼筋混凝土造,95年10月19日,二十七層,
RPPPMLTJIIJFFAB57CC,8,43.57,見其他登記事項,鋼筋混凝土造,95年10月19日,二十七層,
RPPPMLTJIIJFFAB57CC,8,35.94,見其他登記事項,鋼筋混凝土造,95年10月19日,二十七層,
RPWOMLTJIIJFFCB38CC,17,54.81,見其他登記事項,鋼筋混凝土造,86年11月15日,九層,
RPWOMLTJIIJFFCB38CC,17,65.87,共有部分,鋼筋混凝土造,86年11月15日,九層,
RPWOMLTJIIJFFCB38CC,17,58.58,見其他登記事項,鋼筋混凝土造,86年11月15日,九層,
RPWOMLTJIIJFFCB38CC,17,86.97,見其他登記事項,鋼筋混凝土造,86年11月15日,九層,
RPUOMLTJIIJFFCB18CC,10,89.63,住家用,鋼筋混凝土造,94年2月15日,十三層,
RPUOMLTJIIJFFCB18CC,10,54.62,見其他登記事項,鋼筋混凝土造,94年2月15日,十三層,
RPQPMLTJIIJFFAB67CC,34,260.60,住商用,鋼筋混凝土造,69年7月31日,四層,
RPORMLTJIIJFFBB77CC,23,27.11,商業用,鋼筋混凝土造,80年5月1日,十二層,
RPVPMLTJIIJFFBB28CC,19,100.25,住家用,鋼筋混凝土造,84年5月15日,十三層,
RPQNMLTJIIJFFHL66DC,35,14.74,住家用,加強磚造,68年11月27日,002,
RPSNMLKKIIJFFCB07CC,5,87.92,住家用,鋼筋混凝土造,98年8月13日,二十六層,
RPXNMLLKIIJFFBB57CC,29,205.48,住商用,鋼筋混凝土造,74年7月19日,三層,
RPQNMLMKIIJFFHL68DC,22,21.31,見其他登記事項,鋼筋混凝土造,82年2月15日,007,
RPQNMLMKIIJFFHL68DC,22,6.61,共有部份,鋼筋混凝土造,82年2月15日,007,
RPPNMLMKIIJFFHL58DC,38,20.76,見其他登記事項,加強磚造,66年2月28日,002,
RPPNMLMKIIJFFHL58DC,21,8.37,共有部份,鋼筋混凝土造,82年4月15日,007,
RPSOMLRJIIJFFCL78CC,14,147.27,見其他登記事項,鋼筋混凝土造,89年10月16日,003,
RPROMLRJIIJFFCL68CC,21,154.07,住家用,鋼筋混凝土造,83年3月30日,004,
RPQNMLNKIIJFFHL78DC,28,67.69,見其他登記事項,鋼筋混凝土造,75年5月23日,004,
RPSNMLTJIIJFFFL56CC,11,131.31,見其他登記事項,鋼造,92年3月11日,001,
RPSNMLNKIIJFFFL68CC,20,132.53,住家用,鋼筋混凝土造,84年1月13日,007,
RPSNMLNKIIJFFFL68CC,20,12.63,共有部份,鋼筋混凝土造,84年1月13日,007,
RPSNMLNKIIJFFFL68CC,20,37.91,共有部份,鋼筋混凝土造,84年1月13日,007,
RPUNMLNKIIJFFBB47CC,23,24.60,商業用,鋼筋混凝土造,80年5月1日,十二層,
RPROMLNKIIJFFBB37DC,11,205.74,住家用,鋼筋混凝土造,92年4月28日,四層,
RPSPMLNKIIJFFCB67DC,33,129.86,住家用,鋼筋混凝土造,70年12月29日,五層,
RPSPMLNKIIJFFCB67DC,2,21.34,見其他登記事項,鋼筋混凝土造,101年8月8日,十五層,
RPSPMLNKIIJFFCB67DC,2,9.80,見其他登記事項,鋼筋混凝土造,101年8月8日,十五層,
RPXNMLNKIIJFFBB77CC,23,1.48,商業用,鋼筋混凝土造,80年5月1日,十二層,
RPXOMLNKIIJFFAB77CC,25,138.24,商業用,鋼造,78年6月1日,一層,
RPRNMLMKIIJFFHL78DC,21,18.49,見其他登記事項,鋼筋混凝土造,82年12月31日,012,
RPRNMLMKIIJFFHL78DC,21,8.07,共有部份,鋼筋混凝土造,82年12月31日,012,
RPWNMLTJIIJFFAL09CC,9,131.66,見其他登記事項,鋼筋混凝土造,94年12月27日,004,
RPRRMLNKIIJFFCB67CC,5,39.66,住家用,鋼筋混凝土造,98年8月13日,二十六層,
RPRRMLNKIIJFFCB67CC,5,39.19,見其他登記事項,鋼筋混凝土造,98年8月13日,二十六層,
RPRRMLNKIIJFFCB67CC,5,15.60,見其他登記事項,鋼筋混凝土造,98年8月13日,二十六層,
RPORMLNKIIJFFCB37CC,5,37.23,住家用,鋼筋混凝土造,98年8月13日,二十六層,
RPORMLNKIIJFFCB37CC,5,40.91,見其他登記事項,鋼筋混凝土造,98年8月13日,二十六層,
RPORMLNKIIJFFCB37CC,5,14.66,見其他登記事項,鋼筋混凝土造,98年8月13日,二十六層,
RPTRMLNKIIJFFCB87CC,5,61.98,住家用,鋼筋混凝土造,99年2月1日,十二層,
RPTRMLNKIIJFFCB87CC,5,22.85,見其他登記事項,鋼筋混凝土造,99年2月1日,十二層,
RPTRMLNKIIJFFCB87CC,5,8.52,見其他登記事項,鋼筋混凝土造,99年2月1日,十二層,
RPTOMLOKIIJFFCB67CC,6,85.16,住家用,鋼筋混凝土造,97年7月11日,十二層,
RPUOMLOKIIJFFCB77CC,22,142.15,見其他登記事項,見其他登記事項,81年7月1日,二十八層,
RPWRMLNKIIJFFCB18CC,4,177.89,住家用,鋼筋混凝土造,99年10月21日,二十八層,
RPWRMLNKIIJFFCB18CC,4,9.60,見其他登記事項,鋼筋混凝土造,99年10月21日,二十八層,
RPWRMLNKIIJFFCB18CC,4,40.54,見其他登記事項,鋼筋混凝土造,99年10月21日,二十八層,
RPWRMLNKIIJFFCB18CC,4,56.32,見其他登記事項,鋼筋混凝土造,99年10月21日,二十八層,
RPXOMLOKIIJFFAB97DC,16,73.28,住家用,鋼筋混凝土造,87年12月19日,九層,
RPXOMLOKIIJFFAB97DC,16,9.93,共有部份,鋼筋混凝土造,87年12月19日,九層,
RPXOMLOKIIJFFAB97DC,16,16.38,共有部份,鋼筋混凝土造,87年12月19日,九層,
RPOPMLOKIIJFFAB17DC,8,93.01,見其他登記事項,鋼筋混凝土造,95年6月22日,三十二層,
RPOPMLOKIIJFFAB17DC,8,14.35,見其他登記事項,鋼筋混凝土造,95年6月22日,三十二層,
RPOPMLOKIIJFFAB17DC,8,33.51,見其他登記事項,鋼筋混凝土造,95年6月22日,三十二層,
RPVOMLPKIIJFFBB97DC,20,116.34,住商用,鋼筋混凝土造,84年1月27日,八層,
RPVOMLPKIIJFFBB97DC,20,11.36,共有部份,鋼筋混凝土造,84年1月27日,八層,
RPRPMLPKIIJFFCB67CC,16,231.68,見其他登記事項,鋼筋混凝土造,87年9月11日,十九層,
RPRPMLPKIIJFFCB67CC,16,39.74,共有部分,鋼筋混凝土造,87年9月11日,十九層,
RPUPMLPKIIJFFCB97CC,21,118.37,商業用,鋼筋混凝土造,83年1月13日,五層,
RPUPMLPKIIJFFCB97CC,21,6.54,共有部分,鋼筋混凝土造,83年1月13日,五層,
RPVPMLPKIIJFFCB08CC,,12.58,見其他登記事項,鋼筋混凝土造,103年7月4日,十二層,
RPVPMLPKIIJFFCB08CC,,58.51,住家用,鋼筋混凝土造,103年7月4日,十二層,
RPVPMLPKIIJFFCB08CC,,19.20,見其他登記事項,鋼筋混凝土造,103年7月4日,十二層,
RPWPMLPKIIJFFCB18CC,,59.60,住家用,鋼筋混凝土造,103年7月4日,十二層,
RPWPMLPKIIJFFCB18CC,,12.58,見其他登記事項,鋼筋混凝土造,103年7月4日,十二層,
RPWPMLPKIIJFFCB18CC,,17.41,見其他登記事項,鋼筋混凝土造,103年7月4日,十二層,
RPPOMLOKIIJFFGL78DC,22,56.85,見其他登記事項,鋼筋混凝土造,81年6月25日,007,
RPPOMLOKIIJFFGL78DC,22,26.29,共有部分,鋼筋混凝土造,81年6月25日,007,
RPQOMLPKIIJFFAB27CC,17,123.07,住家用,鋼骨鋼筋混凝土造,87年1月20日,二十九層,
RPQOMLPKIIJFFAB27CC,17,54.39,共有部份,鋼骨鋼筋混凝土造,87年1月20日,二十九層,
RPQOMLPKIIJFFAB27CC,17,7.63,共有部份,鋼骨鋼筋混凝土造,87年1月20日,二十九層,
RPQOMLPKIIJFFAB27CC,17,23.76,共有部份,鋼骨鋼筋混凝土造,87年1月20日,二十九層,
RPQOMLPKIIJFFAB27CC,17,.07,見其他登記事項,鋼骨鋼筋混凝土造,87年1月20日,二十九層,
RPQOMLPKIIJFFAB27CC,17,1.60,見其他登記事項,鋼骨鋼筋混凝土造,87年1月20日,二十九層,
RPXOMLQKIIJFFAB08CC,29,97.83,住家用,鋼筋混凝土造,74年7月23日,五層,
RPXOMLQKIIJFFAB08CC,29,10.43,共有部份,鋼筋混凝土造,74年7月23日,五層,
RPWOMLPKIIJFFBB97CC,1,154.64,住家用,鋼筋混凝土造,102年9月10日,二十一層,
RPWOMLPKIIJFFBB97CC,1,45.81,見其它登記事項,鋼筋混凝土造,102年9月10日,二十一層,
RPWOMLPKIIJFFBB97CC,1,91.07,見其它登記事項,鋼筋混凝土造,102年9月10日,二十一層,
RPOPMLPKIIJFFBB27CC,9,263.27,見其它登記事項,鋼筋混凝土造,94年4月15日,四層,
RPOPMLPKIIJFFBB27CC,9,4.17,共有部份,鋼筋混凝土造,94年4月15日,四層,
RPROMLQKIIJFFBB57CC,32,65.29,住家用,鋼筋混凝土造,71年12月9日,五層,
RPWPMLQKIIJFFBB18CC,27,57.17,住家用,鋼筋混凝土造,76年5月12日,五層,
RPWPMLQKIIJFFBB18CC,27,9.68,共有部份,鋼筋混凝土造,76年5月12日,五層,
RPVPMLQKIIJFFBB08CC,30,73.65,住家用,鋼筋混凝土造,73年11月2日,五層,
RPQRMLQKIIJFFCB87CC,5,48.91,住家用,鋼筋混凝土造,99年2月1日,十一層,
RPQRMLQKIIJFFCB87CC,5,18.05,見其他登記事項,鋼筋混凝土造,99年2月1日,十二層,
RPQRMLQKIIJFFCB87CC,5,6.73,見其他登記事項,鋼筋混凝土造,99年2月1日,十二層,
RPXOMLQKIIJFFBB28DC,20,23.55,住家用,鋼筋混凝土造,83年9月7日,八層,
RPXOMLQKIIJFFBB28DC,20,19.16,共有部份,鋼筋混凝土造,83年9月7日,八層,
RPRNMLOKIIJFFAL28DC,13,76.54,見其他登記事項,鋼骨鋼筋混凝土造,90年10月17日,014,
RPRNMLOKIIJFFAL28DC,13,43.11,共用部份,鋼骨鋼筋混凝土造,90年10月17日,014,
RPRNMLOKIIJFFAL28DC,13,72.40,見其他登記事項,鋼骨鋼筋混凝土造,90年10月17日,014,
RPRNMLOKIIJFFAL28DC,13,25.46,共用部份,鋼骨鋼筋混凝土造,90年10月17日,014,
RPVOMLRKIIJFFHL17DC,35,103.20,住商用,加強磚造,68年4月25日,002,
RPSPMLRKIIJFFHL96DC,1,234.62,見其他登記事項,鋼筋混凝土造,102年4月16日,003,
RPPQMLRKIIJFFBB67CC,41,119.60,住家用,鋼筋混凝土加強磚造,62年5月21日,二層,
RPPPMLRKIIJFFBB57CC,9,47.70,住家用,鋼筋混凝土造,94年12月8日,十八層,
RPPPMLRKIIJFFBB57CC,9,19.13,共有部份,鋼筋混凝土造,94年12月8日,十八層,
RPQOMLRKIIJFFCB77DC,6,131.97,住家用,鋼筋混凝土造,97年7月24日,二十一層,
RPQOMLRKIIJFFCB77DC,6,67.71,見其他登記事項,鋼筋混凝土造,97年7月24日,二十一層,
RPWPMLSKIIJFFBB38CC,27,165.04,商業用,鋼筋混凝土造,77年1月16日,十二層,
RPWPMLSKIIJFFBB38CC,27,63.05,共有部份,鋼筋混凝土造,77年1月16日,十二層,
RPWPMLSKIIJFFBB38CC,27,8.04,見其它登記事項,鋼筋混凝土造,77年1月16日,十二層,
RPWPMLSKIIJFFBB38CC,27,2.29,共有部份,鋼筋混凝土造,77年1月16日,十二層,
RPWOMLRKIIJFFCB28CC,5,63.30,住家用,鋼筋混凝土造,99年2月1日,十二層,
RPWOMLRKIIJFFCB28CC,5,23.32,見其他登記事項,鋼筋混凝土造,99年2月1日,十二層,
RPWOMLRKIIJFFCB28CC,5,41.09,見其他登記事項,鋼筋混凝土造,99年2月1日,十二層,
RPQPMLRKIIJFFBB67CC,1,73.76,住家用,鋼筋混凝土造,102年7月25日,二十二層,
RPQPMLRKIIJFFBB67CC,1,19.59,見其它登記事項,鋼筋混凝土造,102年7月25日,二十二層,
RPQPMLRKIIJFFBB67CC,1,29.51,見其它登記事項,鋼筋混凝土造,102年7月25日,二十二層,
RPRNMLPKIIJFFFL88DC,21,207.72,見其他登記事項,鋼筋混凝土造,82年6月11日,010,
RPQNMLSKIIJFFAL48CC,27,338.33,住家用,鋼筋混凝土造,76年10月1日,002,
RPUOMLKLIIJFFBB37CC,30,52.57,住家用,鋼筋混凝土造,73年4月30日,五層,
RPRNMLTKIIJFFAB67CC,18,19.15,見其他登記事項,鋼筋混凝土造,85年5月6日,十八層,
RPRNMLTKIIJFFAB67CC,18,3.92,見其他登記事項,鋼筋混凝土造,85年5月6日,十八層,
RPRNMLTKIIJFFAB67CC,18,4.42,見其他登記事項,鋼筋混凝土造,85年5月6日,十八層,
RPRNMLTKIIJFFAB67CC,18,1.06,見其他登記事項,鋼筋混凝土造,85年5月6日,十八層,
RPRNMLTKIIJFFAB67CC,18,1.66,見其他登記事項,鋼筋混凝土造,85年5月6日,十八層,
RPUNMLKLIIJFFBB27CC,30,104.84,住家用,鋼筋混凝土造,73年6月23日,五層,
RPTPMLKLIIJFFAB27CC,43,157.64,住家用,加強磚造,60年7月24日,二層,
RPPNMLTKIIJFFAB47CC,18,40.88,見其他登記事項,鋼筋混凝土造,85年5月6日,十八層,
RPPNMLTKIIJFFAB47CC,18,8.26,見其他登記事項,鋼筋混凝土造,85年5月6日,十八層,
RPPNMLTKIIJFFAB47CC,18,9.31,見其他登記事項,鋼筋混凝土造,85年5月6日,十八層,
RPPNMLTKIIJFFAB47CC,18,2.22,見其他登記事項,鋼筋混凝土造,85年5月6日,十八層,
RPPNMLTKIIJFFAB47CC,18,3.29,見其他登記事項,鋼筋混凝土造,85年5月6日,十八層,
RPQNMLKLIIJFFAB76CC,17,56.94,見其他登記事項,鋼筋混凝土造,86年7月14日,八層,
RPQNMLKLIIJFFAB76CC,17,9.14,共有部份,鋼筋混凝土造,86年7月14日,八層,
RPRPMLKLIIJFFBB17CC,30,122.40,商業用,鋼筋混凝土造,73年10月8日,五層,
RPQNMLTKIIJFFAB57CC,18,19.27,見其他登記事項,鋼筋混凝土造,85年5月6日,十八層,
RPQNMLTKIIJFFAB57CC,18,3.30,見其他登記事項,鋼筋混凝土造,85年5月6日,十八層,
RPQNMLTKIIJFFAB57CC,18,3.72,見其他登記事項,鋼筋混凝土造,85年5月6日,十八層,
RPQNMLTKIIJFFAB57CC,18,.89,見其他登記事項,鋼筋混凝土造,85年5月6日,十八層,
RPQNMLTKIIJFFAB57CC,18,1.31,見其他登記事項,鋼筋混凝土造,85年5月6日,十八層,
RPOOMLKLIIJFFCB86CC,2,101.16,住家用,鋼筋混凝土造,101年8月8日,十五層,
RPOOMLKLIIJFFCB86CC,2,47.14,見其他登記事項,鋼筋混凝土造,101年8月8日,十五層,
RPOOMLKLIIJFFCB86CC,2,30.78,見其他登記事項,鋼筋混凝土造,101年8月8日,十五層,
RPXOMLKLIIJFFCB77CC,14,363.61,見其他登記事項,鋼筋混凝土造,89年8月24日,二十五層,
RPXOMLKLIIJFFCB77CC,14,87.31,共有部分,鋼筋混凝土造,89年8月24日,二十五層,
RPOPMLKLIIJFFCB96CC,15,276.64,見其他登記事項,鋼筋混凝土造,89年1月31日,十九層,
RPOPMLKLIIJFFCB96CC,15,212.70,共有部分,鋼筋混凝土造,89年1月31日,十九層,
RPTOMLKLIIJFFCB47DC,2,191.78,見其他登記事項,鋼骨鋼筋混凝土造,101年12月19日,二十九層,
RPPNMLLLIIJFFCL97CC,22,171.51,見其他登記事項,鋼筋混凝土造,82年1月15日,004,
RPQNMLLLIIJFFAB96DC,43,73.80,商業用,見其他登記事項,60年5月25日,三層,
RPOOMLKLIIJFFFL18CC,27,470.76,見其他登記事項,加強磚造,77年1月26日,002,
RPTNMLLLIIJFFBB37DC,5,84.98,住家用,鋼筋混凝土造,98年6月26日,十五層,
RPTNMLLLIIJFFBB37DC,5,52.62,共有部份,鋼筋混凝土造,98年6月26日,十五層,
RPTNMLLLIIJFFBB37DC,5,17.15,共有部份,鋼筋混凝土造,98年6月26日,十五層,
RPVNMLLLIIJFFBB57DC,6,117.88,見其它登記事項,鋼筋混凝土造,97年11月28日,十七層,
RPVNMLLLIIJFFBB57DC,6,24.63,共有部份,鋼筋混凝土造,97年11月28日,十七層,
RPVNMLLLIIJFFBB57DC,6,13.01,共有部份,鋼筋混凝土造,97年11月28日,十七層,
RPUNMLLLIIJFFAB27CC,8,66.76,見其他登記事項,鋼筋混凝土造,95年12月22日,十五層,
RPUNMLLLIIJFFAB27CC,8,14.08,見其他登記事項,鋼筋混凝土造,95年12月22日,十五層,
RPUNMLLLIIJFFAB27CC,8,10.00,見其他登記事項,鋼筋混凝土造,95年12月22日,十五層,
RPWOMLLLIIJFFAB57CC,19,23.85,見其他登記事項,鋼骨鋼筋混凝土造,85年1月19日,二十二層,
RPWOMLLLIIJFFAB57CC,19,2.24,見其他登記事項,鋼骨鋼筋混凝土造,85年1月19日,二十二層,
RPWOMLLLIIJFFAB57CC,19,2.53,見其他登記事項,鋼骨鋼筋混凝土造,85年1月19日,二十二層,
RPWOMLLLIIJFFAB57CC,19,6.52,見其他登記事項,鋼骨鋼筋混凝土造,85年1月19日,二十二層,
RPWOMLLLIIJFFAB57CC,19,8.17,見其他登記事項,鋼筋混凝土造,85年1月19日,二十二層,
RPXNMLMLIIJFFAB67CC,18,20.04,見其他登記事項,鋼筋混凝土造,85年5月6日,十八層,
RPXNMLMLIIJFFAB67CC,18,3.58,見其他登記事項,鋼筋混凝土造,85年5月6日,十八層,
RPXNMLMLIIJFFAB67CC,18,4.05,見其他登記事項,鋼筋混凝土造,85年5月6日,十八層,
RPXNMLMLIIJFFAB67CC,18,.93,見其他登記事項,鋼筋混凝土造,85年5月6日,十八層,
RPXNMLMLIIJFFAB67CC,18,1.48,見其他登記事項,鋼筋混凝土造,85年5月6日,十八層,
RPOOMLMLIIJFFAB86CC,18,19.87,見其他登記事項,鋼筋混凝土造,85年5月6日,十八層,
RPOOMLMLIIJFFAB86CC,18,4.20,見其他登記事項,鋼筋混凝土造,85年5月6日,十八層,
RPOOMLMLIIJFFAB86CC,18,4.74,見其他登記事項,鋼筋混凝土造,85年5月6日,十八層,
RPOOMLMLIIJFFAB86CC,18,1.13,見其他登記事項,鋼筋混凝土造,85年5月6日,十八層,
RPOOMLMLIIJFFAB86CC,18,1.52,見其他登記事項,鋼筋混凝土造,85年5月6日,十八層,
RPTNMLLLIIJFFCB37CC,15,166.71,見其他登記事項,鋼筋混凝土造,88年4月29日,十四層,
RPQQMLLLIIJFFCB37CC,8,61.00,住家用,鋼筋混凝土造,95年8月16日,二十二層,
RPQQMLLLIIJFFCB37CC,8,23.61,見其他登記事項,鋼筋混凝土造,95年8月16日,二十二層,
RPXOMLLLIIJFFCB87CC,2,86.79,住家用,鋼筋混凝土造,101年4月27日,九層,
RPXOMLLLIIJFFCB87CC,2,48.49,見其他登記事項,鋼筋混凝土造,101年4月27日,九層,
RPXOMLLLIIJFFCB87CC,2,18.34,見其他登記事項,鋼筋混凝土造,101年4月27日,九層,
RPVNMLLLIIJFFCB57CC,17,108.68,見其他登記事項,鋼筋混凝土造,86年11月15日,九層,
RPVNMLLLIIJFFCB57CC,17,85.20,見其他登記事項,鋼筋混凝土造,86年11月15日,九層,
RPVNMLLLIIJFFCB57CC,17,76.15,共有部分,鋼筋混凝土造,86年11月15日,九層,
RPXQMLLLIIJFFCB08CC,8,30.90,住家用,鋼筋混凝土造,95年11月24日,十四層,
RPXQMLLLIIJFFCB08CC,8,13.94,見其他登記事項,鋼筋混凝土造,95年11月24日,十四層,
RPWSMLLLIIJFFCB18CC,7,20.10,住家用,鋼筋混凝土造,96年5月22日,十五層,
RPWSMLLLIIJFFCB18CC,7,16.10,見其他登記事項,鋼筋混凝土造,96年5月22日,十五層,
RPRPMLLLIIJFFCB37CC,6,87.28,住家用,鋼筋混凝土造,97年11月27日,二十二層,
RPRPMLLLIIJFFCB37CC,6,59.23,見其他登記事項,鋼筋混凝土造,97年11月27日,二十二層,
RPWOMLLLIIJFFCB77CC,8,80.16,住家用,鋼筋混凝土造,96年3月13日,十五層,
RPWOMLLLIIJFFCB77CC,8,72.10,見其他登記事項,鋼筋混凝土造,96年3月13日,十五層,
RPUOMLMLIIJFFAB47CC,40,196.68,住家用,加強磚造,63年5月13日,三層,
RPPOMLMLIIJFFAB96CC,18,20.41,見其他登記事項,鋼筋混凝土造,85年5月6日,十八層,
RPPOMLMLIIJFFAB96CC,18,3.81,見其他登記事項,鋼筋混凝土造,85年5月6日,十八層,
RPPOMLMLIIJFFAB96CC,18,4.28,見其他登記事項,鋼筋混凝土造,85年5月6日,十八層,
RPPOMLMLIIJFFAB96CC,18,1.02,見其他登記事項,鋼筋混凝土造,85年5月6日,十八層,
RPPOMLMLIIJFFAB96CC,18,1.52,見其他登記事項,鋼筋混凝土造,85年5月6日,十八層,
RPVOMLMLIIJFFCB77CC,3,216.20,住家用,鋼筋混凝土造,100年12月28日,二十四層,
RPSQMLMLIIJFFCB67CC,20,67.61,住家用,鋼筋混凝土造,83年10月7日,七層,
RPSQMLMLIIJFFCB67CC,20,11.66,住家用,鋼筋混凝土造,83年10月7日,七層,
RPSQMLMLIIJFFCB67CC,20,18.37,共有部分,鋼筋混凝土造,83年10月7日,七層,
RPVSMLMLIIJFFCB18CC,4,40.51,住家用,鋼筋混凝土造,100年3月18日,十二層,
RPVSMLMLIIJFFCB18CC,4,11.31,見其他登記事項,鋼筋混凝土造,100年3月18日,十二層,
RPXTMLMLIIJFFCB48CC,18,95.56,見其他登記事項,鋼筋混凝土造,85年9月3日,十五層,
RPTOMLMLIIJFFCB57CC,3,196.31,住家用,鋼筋混凝土造,100年12月28日,二十四層,
RPUTMLMLIIJFFCB18CC,34,91.36,住商用,加強磚造,70年1月20日,二層,
RPXNMLNLIIJFFAB77CC,1,204.58,見其他登記事項,鋼筋混凝土造,103年4月7日,二十一層,
RPXNMLNLIIJFFAB77CC,1,64.43,見其他登記事項,鋼筋混凝土造,103年4月7日,二十一層,
RPXNMLNLIIJFFAB77CC,1,42.31,見其他登記事項,鋼筋混凝土造,103年4月7日,二十一層,
RPXSMLMLIIJFFCB38CC,18,96.53,見其他登記事項,鋼筋混凝土造,85年9月3日,十五層,
RPXSMLMLIIJFFCB38CC,18,52.33,共有部分,鋼筋混凝土造,85年9月3日,十五層,
RPVNMLNLIIJFFAB57CC,1,263.12,見其他登記事項,鋼筋混凝土造,103年4月7日,二十一層,
RPVNMLNLIIJFFAB57CC,1,81.80,見其他登記事項,鋼筋混凝土造,103年4月7日,二十一層,
RPVNMLNLIIJFFAB57CC,1,57.47,見其他登記事項,鋼筋混凝土造,103年4月7日,二十一層,
RPVNMLNLIIJFFAB57CC,1,66.13,見其他登記事項,鋼筋混凝土造,103年4月7日,二十一層,
RPOOMLNLIIJFFAB96CC,7,159.29,見其他登記事項,鋼筋混凝土造,96年7月5日,十五層,
RPWOMLOLIIJFFAB87CC,17,83.99,商業用,鋼筋混凝土造,86年9月25日,十八層,
RPWOMLOLIIJFFAB87CC,17,26.20,見其他登記事項,鋼筋混凝土造,86年9月25日,十八層,
RPQNMLOLIIJFFCB37CC,20,132.21,住家用,鋼筋混凝土造,83年7月21日,二十四層,
RPQNMLOLIIJFFCB37CC,20,44.29,共有部分,鋼筋混凝土造,83年7月21日,二十四層,
RPXNMLOLIIJFFCB08CC,20,49.08,共有部分,鋼筋混凝土造,83年7月21日,二十四層,
RPXNMLOLIIJFFCB08CC,20,152.16,住家用,鋼筋混凝土造,83年7月21日,二十四層,
RPQNMLOLIIJFFAB17CC,18,19.87,見其他登記事項,鋼筋混凝土造,85年5月6日,十八層,
RPQNMLOLIIJFFAB17CC,18,4.20,見其他登記事項,鋼筋混凝土造,85年5月6日,十八層,
RPQNMLOLIIJFFAB17CC,18,4.74,見其他登記事項,鋼筋混凝土造,85年5月6日,十八層,
RPQNMLOLIIJFFAB17CC,18,1.13,見其他登記事項,鋼筋混凝土造,85年5月6日,十八層,
RPQNMLOLIIJFFAB17CC,18,1.52,見其他登記事項,鋼筋混凝土造,85年5月6日,十八層,
RPWSMLOLIIJFFCB48CC,33,136.26,住商用,鋼筋混凝土造,70年10月21日,四層,
RPPNMLOLIIJFFCB27CC,20,113.62,住家用,鋼筋混凝土造,83年7月21日,二十四層,
RPPNMLOLIIJFFCB27CC,20,41.90,共有部分,鋼筋混凝土造,83年7月21日,二十四層,
RPRNMLOLIIJFFCB47CC,20,123.75,住家用,鋼筋混凝土造,83年7月21日,二十四層,
RPRNMLOLIIJFFCB47CC,20,44.29,共有部分,鋼筋混凝土造,83年7月21日,二十四層,
RPQQMLOLIIJFFBB57CC,24,92.29,見其它登記事項,見其它登記事項,79年11月13日,一層,
RPQOMLOLIIJFFBB37CC,9,48.22,住家用,鋼筋混凝土造,94年12月8日,十八層,
RPQOMLOLIIJFFBB37CC,9,19.40,共有部份,鋼筋混凝土造,94年12月8日,十八層,
RPWPMLRLIIJFFCB58DC,5,136.92,住家用,鋼筋混凝土造,99年2月1日,十一層,
RPUNMLOLIIJFFFL09CC,2,190.76,見其他登記事項,見其他登記事項,101年12月5日,003,
RPSNMLOLIIJFFBB57DC,33,70.34,住家用,鋼筋混凝土造,70年10月30日,五層,
RPUNMLRLIIJFFBB08DC,6,18.50,住家用,鋼筋混凝土造,97年11月28日,十七層,
RPUNMLRLIIJFFBB08DC,6,3.86,共有部份,鋼筋混凝土造,97年11月28日,十七層,
RPUNMLRLIIJFFBB08DC,6,7.76,共有部份,鋼筋混凝土造,97年11月28日,十七層,
RPUNMLRLIIJFFHL96CC,23,244.23,見其他登記事項,鋼筋混凝土造,81年4月16日,004,
RPPNMLQLIIJFFAB37DC,23,133.44,住家用,鋼筋混凝土造,80年7月25日,十四層,
RPPNMLQLIIJFFAB37DC,23,49.46,住家用,鋼筋混凝土造,80年7月25日,十四層,
RPVNMLRLIIJFFBB18DC,6,18.63,住家用,鋼筋混凝土造,97年11月28日,十七層,
RPVNMLRLIIJFFBB18DC,6,3.86,共有部份,鋼筋混凝土造,97年11月28日,十七層,
RPVNMLRLIIJFFBB18DC,6,7.86,共有部份,鋼筋混凝土造,97年11月28日,十七層,
RPWNMLRLIIJFFBB28DC,6,30.27,住家用,鋼筋混凝土造,97年11月28日,十七層,
RPWNMLRLIIJFFBB28DC,6,6.33,共有部份,鋼筋混凝土造,97年11月28日,十七層,
RPWNMLRLIIJFFBB28DC,6,13.89,共有部份,鋼筋混凝土造,97年11月28日,十七層,
RPPOMLRLIIJFFBB67DC,6,18.63,住家用,鋼筋混凝土造,97年11月28日,十七層,
RPPOMLRLIIJFFBB67DC,6,3.86,共有部份,鋼筋混凝土造,97年11月28日,十七層,
RPPOMLRLIIJFFBB67DC,6,7.86,共有部份,鋼筋混凝土造,97年11月28日,十七層,
RPXNMLRLIIJFFBB38DC,6,17.36,住家用,鋼筋混凝土造,97年11月28日,十七層,
RPXNMLRLIIJFFBB38DC,6,3.65,共有部份,鋼筋混凝土造,97年11月28日,十七層,
RPXNMLRLIIJFFBB38DC,6,7.30,共有部份,鋼筋混凝土造,97年11月28日,十七層,
RPSOMLRLIIJFFCB97CC,1,155.73,見其他登記事項,鋼骨鋼筋混凝土造,103年4月3日,三十六層,
RPSOMLRLIIJFFCB97CC,1,46.38,見其他登記事項,鋼骨鋼筋混凝土造,103年4月3日,三十六層,
RPSOMLRLIIJFFCB97CC,1,49.73,見其他登記事項,鋼骨鋼筋混凝土造,103年4月3日,三十六層,
RPOOMLRLIIJFFGL98CC,35,264.18,住商用,鋼筋混凝土造,68年12月25日,004,
RPPOMLOLIIJFFGL88DC,16,212.31,見其他登記事項,鋼筋混凝土造,88年3月24日,004,
RPSPMLRLIIJFFAB87CC,23,422.70,商業用,鋼筋混凝土造,80年5月27日,二十七層,
RPOQMLRLIIJFFCB77CC,30,152.41,住家用,加強磚造,73年9月26日,二層,
RPSPMLRLIIJFFAB87CC,23,181.19,見其他登記事項,鋼筋混凝土造,80年5月27日,二十七層,
RPVOMLRLIIJFFCB28CC,1,136.79,見其他登記事項,鋼骨鋼筋混凝土造,103年4月3日,三十六層,
RPVOMLRLIIJFFCB28CC,1,40.74,見其他登記事項,鋼骨鋼筋混凝土造,103年4月3日,三十六層,
RPVOMLRLIIJFFCB28CC,1,63.83,見其他登記事項,鋼骨鋼筋混凝土造,103年4月3日,三十六層,
RPVSMLSLIIJFFAB58CC,7,63.25,見其他登記事項,鋼筋混凝土造,96年7月5日,十四層,
RPVSMLSLIIJFFAB58CC,7,38.89,見其他登記事項,鋼筋混凝土造,96年7月5日,十五層,
RPVSMLSLIIJFFAB58CC,7,8.80,見其他登記事項,鋼筋混凝土造,96年7月5日,十五層,
RPQNMLSLIIJFFCB77CC,4,1775.00,見其他登記事項,鋼筋混凝土造,99年10月20日,四層,
RPSNMLSLIIJFFCB97CC,4,1392.00,見其他登記事項,鋼筋混凝土造,99年10月20日,四層,
RPTNMLSLIIJFFBB97CC,27,290.91,商業用,鋼筋混凝土造,77年1月16日,十二層,
RPWOMLSLIIJFFCB48CC,28,60.63,住家用,鋼筋混凝土造,75年5月9日,二層,
RPVNMLSLIIJFFCB28CC,5,45.25,住家用,鋼筋混凝土造,98年8月13日,二十六層,
RPVNMLSLIIJFFCB28CC,5,41.60,見其他登記事項,鋼筋混凝土造,98年8月13日,二十六層,
RPVNMLSLIIJFFCB28CC,5,17.91,見其他登記事項,鋼筋混凝土造,98年8月13日,二十六層,
RPURMLSLIIJFFCB58CC,20,266.60,住商用,鋼筋混凝土造,83年11月24日,三層,
RPORMLSLIIJFFCB97CC,27,1484.13,住家用,鋼筋混凝土造,76年9月9日,五層,
RPQQMLSLIIJFFCB08CC,8,64.07,住家用,鋼筋混凝土造,95年11月24日,十四層,
RPQQMLSLIIJFFCB08CC,8,28.80,見其他登記事項,鋼筋混凝土造,95年11月24日,十四層,
RPSNMLSLIIJFFBB97DC,5,64.65,住家用,鋼筋混凝土造,98年6月26日,十三層,
RPSNMLSLIIJFFBB97DC,5,47.79,共有部份,鋼筋混凝土造,98年6月26日,十五層,
RPSNMLSLIIJFFBB97DC,5,13.05,共有部份,鋼筋混凝土造,98年6月26日,十五層,
RPXNMLSLIIJFFHL37CC,2,40.22,見其他登記事項,鋼筋混凝土造,102年1月7日,003,
RPUOMLTLIIJFFBB38DC,18,120.70,商業用,鋼筋混凝土造,85年5月20日,九層,
RPUOMLTLIIJFFBB38DC,18,57.76,共有部份,鋼筋混凝土造,85年5月20日,九層,
RPRPMLTLIIJFFCB18CC,5,136.92,住家用,鋼筋混凝土造,99年1月12日,二十六層,
RPOQMLTLIIJFFCB97CC,17,106.00,見其他登記事項,鋼筋混凝土造,87年1月8日,十四層,
RPOQMLTLIIJFFCB97CC,17,88.06,共有部分,鋼筋混凝土造,87年1月8日,十四層,
RPOQMLTLIIJFFCB97CC,9,14.92,住家用,鋼筋混凝土造,94年7月4日,十四層,
RPPPMLTLIIJFFBB87CC,9,48.22,住家用,鋼筋混凝土造,94年12月8日,十八層,
RPPPMLTLIIJFFBB87CC,9,19.40,共有部份,鋼筋混凝土造,94年12月8日,十八層,
RPQQMLTLIIJFFCB18CC,5,38.36,住家用,鋼筋混凝土造,98年8月13日,二十六層,
RPQQMLTLIIJFFCB18CC,5,3.45,見其他登記事項,鋼筋混凝土造,98年8月13日,二十六層,
RPQQMLTLIIJFFCB18CC,5,16.44,見其他登記事項,鋼筋混凝土造,98年8月13日,二十六層,
RPRNMLTLIIJFFGL76CC,20,50.30,見其他登記事項,鋼筋混凝土造,83年11月4日,012,
RPRNMLTLIIJFFGL76CC,20,9.80,停車空間,鋼筋混凝土造,83年11月4日,012,
RPRNMLTLIIJFFGL76CC,20,17.43,共有部份,鋼筋混凝土造,83年11月4日,012,
RPWNMLTLIIJFFAB28CC,17,92.63,住家用,鋼骨鋼筋混凝土造,87年1月20日,二十九層,
RPWNMLTLIIJFFAB28CC,17,53.28,共有部份,鋼骨鋼筋混凝土造,87年1月20日,二十九層,
RPWNMLTLIIJFFAB28CC,17,5.72,共有部份,鋼骨鋼筋混凝土造,87年1月20日,二十九層,
RPWNMLTLIIJFFAB28CC,17,17.82,共有部份,鋼骨鋼筋混凝土造,87年1月20日,二十九層,
RPWNMLTLIIJFFAB28CC,17,.08,見其他登記事項,鋼骨鋼筋混凝土造,87年1月20日,二十九層,
RPWNMLTLIIJFFAB28CC,17,1.20,見其他登記事項,鋼骨鋼筋混凝土造,87年1月20日,二十九層,
RPUOMLKMIIJFFAB47DC,20,23.56,住家用,鋼筋混凝土造,84年1月13日,十九層,
RPUOMLKMIIJFFAB47DC,20,3.63,共有部份,鋼筋混凝土造,84年1月13日,十九層,
RPUOMLKMIIJFFAB47DC,20,8.91,見其他登記事項,鋼筋混凝土造,84年1月13日,十九層,
RPVNMLLMIIJFFFL98CC,20,96.27,住家用,鋼筋混凝土造,83年8月12日,014,
RPRRMLTLIIJFFCB38CC,1,79.51,見其他登記事項,鋼筋混凝土造,102年9月4日,十二層,
RPRRMLTLIIJFFCB38CC,1,96.78,見其他登記事項,鋼筋混凝土造,102年9月4日,十二層,
RPQRMLLMIIJFFCB67DC,5,86.54,住家用,鋼筋混凝土造,98年8月13日,二十六層,
RPWOMLKMIIJFFCB77CC,22,73.04,商業用,鋼筋混凝土造,82年2月26日,二十三層,
RPWOMLKMIIJFFCB77CC,22,43.75,共有部分,鋼筋混凝土造,82年2月26日,二十三層,
RPUOMLKMIIJFFCB57CC,6,100.95,住家用,鋼筋混凝土造,98年1月21日,十層,
RPVOMLKMIIJFFCB67CC,1,141.72,住家用,鋼筋混凝土造,102年10月24日,十五層,
RPTNMLLMIIJFFCB57DC,6,253.28,住家用,鋼筋混凝土造,97年6月30日,二十三層,
RPSNMLLMIIJFFHL98DC,35,102.60,住商用,加強磚造,68年6月10日,002,
RPXNMLLMIIJFFCL88CC,7,211.91,見其他登記事項,鋼筋混凝土造,96年10月11日,004,
