﻿編號,屋齡,建物移轉面積平方公尺,主要用途,主要建材,建築完成日期,總層數,建物分層
The serial number,room age,building shifting area square meter,the main use,main building materials,construction completes the date,total layer,building lamination
RPPOMLLJQHJFFIE48CC,8,223.04,見其他登記事項,鋼筋混凝土造,95年9月7日,四層,
RPWOMLLJQHJFFBE48CC,42,519.31,住商用,鋼筋混凝土造,61年10月26日,四層,
RPWOMLLJQHJFFBE48CC,42,265.16,,鋼筋混凝土造,61年10月26日,四層,
RPXNMLLJQHJFFDE78DC,1,50.13,住家用,鋼筋混凝土造,102年10月23日,十五層,
RPXNMLLJQHJFFDE78DC,1,31.24,共有部分,鋼筋混凝土造,102年10月23日,十五層,
RPTNMLOJQHJFFDE58CC,20,120.95,住商用,鋼筋混凝土造,83年6月11日,十六層,
RPTNMLOJQHJFFDE58CC,20,13.70,見使用執照,鋼筋混凝土造,83年6月11日,十六層,
RPQNMLMJQHJFFDE08CC,22,348.23,見使用執照,鋼筋混凝土造,81年3月5日,七層,
RPRNMLMJQHJFFDE18CC,9,71.12,住家用,鋼筋混凝土造,94年12月2日,十五層,
RPWNMLOJQHJFFBE68CC,26,112.14,,鋼筋混凝土造,77年12月16日,七層,
RPWNMLOJQHJFFBE68CC,26,19.19,,鋼筋混凝土造,77年12月16日,七層,
RPQOMLLJQHJFFEE18CC,24,164.04,住商用,鋼筋混凝土造,79年1月22日,一層,
RPQOMLLJQHJFFEE18CC,24,1104.37,住家用,鋼筋混凝土造,79年1月22日,二層,
RPPNMLMJQHJFFEE08CC,19,59.57,住家用,鋼筋混凝土造,84年3月2日,十七層,
RPPNMLMJQHJFFEE08CC,19,18.51,見使用執照,鋼筋混凝土造,84年3月2日,十七層,
RPUNMLOJQHJFFEE78CC,3,366.89,住商用,鋼筋混凝土造,100年10月28日,五層,
RPOPMLOJQHJFFBE08CC,37,322.50,,鋼筋混凝土造,66年9月10日,四層,
RPQOMLOJQHJFFBE18CC,22,93.08,商業用,鋼筋混凝土造,81年9月15日,二十五層,
RPTOMLOJQHJFFEE78CC,9,166.38,住商用,鋼筋混凝土造,94年11月14日,十五層,
RPPOMLOJQHJFFEE38CC,15,69.60,住家用,見使用執照,89年1月13日,九層,
RPPOMLOJQHJFFEE38CC,15,17.75,見使用執照,見使用執照,89年1月13日,九層,
RPROMLOJQHJFFEE58CC,15,68.31,住家用,見其它登記事項,89年1月13日,九層,
RPROMLOJQHJFFEE58CC,15,17.38,見使用執照,見使用執照,89年1月13日,九層,
RPVNMLPJQHJFFDE98DC,45,72.07,住家用,加強磚造,58年5月15日,四層,
RPOPMLPJQHJFFGE68CC,35,66.26,住商用,鋼筋混凝土造,69年1月7日,四層,
RPWOMLOJQHJFFCE88CC,19,140.58,工業用,鋼筋混凝土造,84年7月27日,十四層,
RPQOMLPJQHJFFBE28CC,25,59.54,,鋼筋混凝土造,78年11月9日,十二層,
RPPPMLOJQHJFFCE28CC,8,117.26,住家用,鋼筋混凝土造,95年6月14日,十五層,
RPPPMLOJQHJFFCE28CC,8,78.90,共有部份,鋼筋混凝土造,95年6月14日,十五層,
RPTOMLOJQHJFFCE58CC,45,109.96,,加強磚造,58年9月1日,二層,
RPSPMLPJQHJFFBE58CC,37,233.36,,鋼筋混凝土造,66年8月2日,四層,
RPTNMLQJQHJFFBE58CC,7,126.28,住家用,鋼筋混凝土造,96年5月15日,十五層,
RPXNMLRJQHJFFBE09CC,28,142.61,,鋼筋混凝土造,75年8月13日,十二層,
RPXNMLRJQHJFFBE09CC,28,40.61,,鋼筋混凝土造,75年8月13日,十二層,
RPXNMLRJQHJFFBE09CC,28,24.55,,鋼筋混凝土造,75年8月13日,十二層,
RPRNMLQJQHJFFDE58CC,8,146.01,住家用,鋼筋混凝土造,95年3月3日,十五層,
RPXOMLRJQHJFFDE76CC,41,48.42,,加強磚造,62年10月18日,三層,
RPXPMLRJQHJFFEE96CC,7,247.08,商業用,鋼筋混凝土造,96年4月16日,一層,
RPRQMLRJQHJFFEE09CC,,121.19,住家用,鋼筋混凝土造,103年2月27日,十五層,
RPRQMLRJQHJFFEE09CC,,74.95,見其它登記事項,鋼筋混凝土造,103年2月27日,十五層,
RPQOMLPJQHJFFEE58CC,8,323.24,住家用,鋼筋混凝土造,95年8月17日,五層,
RPPNMLTJQHJFFBE48CC,44,75.18,,加強磚造,59年6月15日,二層,
RPSOMLOJQHJFFFE88DC,20,83.25,住家用,鋼筋混凝土造,83年12月30日,十一層,
RPTNMLOJQHJFFFE78CC,,68.49,工業用,加強磚造,,一層,
RPSNMLTJQHJFFBE78CC,17,281.85,住家用,鋼筋混凝土造,86年4月21日,三十五層,
RPXOMLRJQHJFFGE07CC,2,112.30,見其他登記事項,鋼筋混凝土造,101年6月5日,十四層,
RPXOMLRJQHJFFGE07CC,2,67.90,見其他登記事項,鋼筋混凝土造,101年6月5日,十四層,
RPPNMLTJQHJFFEE78CC,17,140.13,住商用,鋼筋混凝土造,86年10月29日,十四層,
RPPNMLTJQHJFFEE78CC,17,136.36,住商用,鋼筋混凝土造,86年10月29日,十四層,
RPROMLLKQHJFFEE38CC,10,148.30,住商用,鋼筋混凝土造,94年1月18日,四層,
RPSOMLLKQHJFFBE18CC,39,222.04,,鋼筋混凝土造,64年8月25日,四層,
RPVOMLLKQHJFFCE58CC,18,105.08,住商用,鋼筋混凝土造,85年11月5日,四層,
RPQNMLMKQHJFFCE08CC,18,105.08,住商用,鋼筋混凝土造,85年11月5日,四層,
RPRNMLMKQHJFFCE18CC,18,105.08,住商用,鋼筋混凝土造,85年11月5日,四層,
RPUNMLLKQHJFFCE38CC,43,43.99,住商用,加強磚造,60年7月14日,二層,
RPQOMLMKQHJFFGE58CC,16,184.10,見使用執照,鋼筋混凝土造,87年5月12日,五層,
RPPNMLRJQHJFFLE76DC,34,105.96,住商用,鋼筋混凝土造,69年8月1日,三層,
RPWNMLMKQHJFFCE68CC,7,190.83,住家用,鋼筋混凝土造,96年11月16日,四層,
RPVOMLMKQHJFFFE98CC,34,104.00,住家用,加強磚造,69年11月6日,二層,
RPSNMLMKQHJFFFE68DC,20,96.00,住家用,鋼筋混凝土造,84年1月15日,十六層,
RPTNMLNKQHJFFEE68CC,8,82.93,住家用,鋼筋混凝土造,95年4月10日,十五層,
RPTNMLNKQHJFFEE68CC,8,55.80,見使用執照,鋼筋混凝土造,95年4月10日,十五層,
RPPNMLTJQHJFFAE38CC,16,56.27,住家用,鋼筋混凝土造,87年8月4日,十四層,
RPTNMLLKQHJFFAE08CC,9,449.20,住家用,鋼筋混凝土造,94年6月14日,五層,
RPTOMLPJQHJFFAE48CC,49,114.79,,加強磚造,54年8月5日,三層,
RPXNMLSJQHJFFAE09CC,28,118.56,,鋼筋混凝土造,75年9月10日,四層,
RPQOMLOKQHJFFGE88DC,41,112.70,住商用,加強磚造,62年3月12日,二層,
RPWNMLOKQHJFFBE78CC,35,66.15,,鋼筋混凝土造,68年10月11日,五層,
RPROMLPKQHJFFBE48CC,56,126.50,,加強磚造,47年5月3日,二層,
RPROMLPKQHJFFCE58CC,8,81.88,住家用,見其它登記事項,96年1月26日,十五層,
RPXNMLOKQHJFFAE78CC,9,68.59,住家用,鋼筋混凝土造,94年8月2日,十四層,
RPXNMLOKQHJFFAE78CC,9,48.84,共有部分,鋼筋混凝土造,94年8月2日,十四層,
RPPOMLPKQHJFFBE28CC,17,102.33,住家用,鋼筋混凝土造,86年4月21日,三十五層,
RPPOMLPKQHJFFBE28CC,17,35.29,見使用執照,鋼筋混凝土造,86年4月21日,三十五層,
RPVOMLOKQHJFFAE68CC,44,153.20,,鋼筋混凝土造,59年7月6日,二層,
RPRNMLOKQHJFFAE18CC,12,199.74,住家用,鋼筋混凝土造,91年10月30日,十四層,
RPTNMLOKQHJFFAE38CC,9,84.76,住家用,鋼筋混凝土造,94年8月2日,十四層,
RPWPMLPKQHJFFEE76CC,5,106.58,見其它登記事項,見其它登記事項,98年4月10日,二層,
RPPOMLOKQHJFFBE18CC,33,92.28,,鋼筋混凝土造,70年12月31日,七層,
RPWNMLOKQHJFFAE68CC,18,51.15,住商用,鋼筋混凝土造,85年11月20日,十三層,
RPWNMLSKQHJFFEE86CC,9,118.80,住家用,鋼筋混凝土造,94年11月25日,十四層,
RPRNMLQKQHJFFIE56CC,17,107.19,住家用,鋼筋混凝土造,86年12月20日,十三層,
RPSNMLSKQHJFFCE88CC,15,23.84,住家用,見其它登記事項,88年2月9日,三十九層,
RPSNMLSKQHJFFCE88CC,15,3.08,住家用,見其它登記事項,88年2月9日,三十九層,
RPTOMLTKQHJFFCE56CC,16,350.37,商業用,鋼筋混凝土造,87年7月14日,二十八層,
RPQNMLTKQHJFFDE88CC,20,120.69,住商用,鋼筋混凝土造,83年12月29日,十三層,
RPQNMLTKQHJFFDE88CC,20,22.22,住商用,鋼筋混凝土造,83年12月29日,十三層,
RPSNMLTKQHJFFCE98CC,29,83.06,,鋼筋混凝土造,74年12月27日,五層,
RPWNMLTKQHJFFGE17CC,9,62.00,見其他登記事項,見其他登記事項,94年10月27日,二層,
RPWNMLTKQHJFFGE17CC,9,698.54,見其他登記事項,見其他登記事項,94年10月27日,二層,
RPTOMLTKQHJFFDE66CC,22,348.23,見使用執照,鋼筋混凝土造,81年3月5日,七層,
RPRNMLKLQHJFFGE48CC,19,319.00,住商用,鋼筋混凝土造,85年1月10日,十六層,
RPPOMLKLQHJFFGE38CC,44,60.48,住家用,鋼筋混凝土加強磚造,60年1月10日,二層,
RPTNMLRKQHJFFBE78CC,17,147.11,住家用,鋼筋混凝土造,86年4月21日,三十五層,
RPPNMLRKQHJFFBE38CC,17,137.59,住家用,鋼筋混凝土造,86年4月21日,三十五層,
RPQNMLRKQHJFFBE48CC,17,94.55,住家用,鋼筋混凝土造,86年4月21日,三十五層,
RPRNMLRKQHJFFBE58CC,17,145.12,住家用,鋼筋混凝土造,86年4月21日,三十五層,
RPSNMLRKQHJFFBE68CC,17,147.11,住家用,鋼筋混凝土造,86年4月21日,三十五層,
RPOPMLLLQHJFFEE28CC,25,174.89,住商用,鋼筋混凝土造,78年9月8日,五層,
RPTQMLLLQHJFFDE78CC,22,129.92,,鋼筋混凝土造,81年3月12日,七層,
RPUQMLLLQHJFFDE88CC,14,131.07,住商用,鋼筋混凝土造,89年11月24日,十四層,
RPQPMLKLQHJFFDE28CC,23,296.47,,鋼筋混凝土造,80年12月19日,十八層,
RPOOMLKLQHJFFBE77CC,22,94.94,商業用,鋼筋混凝土造,81年6月29日,二十五層,
RPRNMLLLQHJFFBE08CC,38,43.21,,鋼筋混凝土造,65年11月24日,十層,
RPQOMLMLQHJFFBE18CC,20,319.91,住商用,鋼筋混凝土造,83年3月2日,八層,
RPRNMLMLQHJFFBE18CC,6,56.20,住家用,鋼筋混凝土造,97年9月19日,十三層,
RPVOMLMLQHJFFDE88CC,17,96.44,住家用,鋼筋混凝土造,86年7月29日,二十二層,
RPPOMLMLQHJFFBE08CC,20,29.41,住商用,鋼筋混凝土造,83年3月2日,八層,
RPXNMLMLQHJFFBE88DC,2,93.11,住家用,鋼筋混凝土造,101年10月30日,五層,
RPUNMLMLQHJFFBE58DC,36,168.60,,鋼筋混凝土造,67年9月16日,五層,
RPWNMLMLQHJFFBE78DC,21,64.18,商業用,鋼筋混凝土造,82年4月1日,二十層,
RPWNMLMLQHJFFBE78DC,21,9.34,見使用執照,鋼筋混凝土造,82年4月1日,二十層,
RPVNMLMLQHJFFBE68DC,26,152.01,,鋼筋混凝土造,77年10月27日,二十層,
RPVNMLMLQHJFFBE68DC,26,16.66,,鋼筋混凝土造,77年10月27日,二十層,
RPQOMLTKQHJFFAE68CC,18,145.40,住商用,鋼筋混凝土造,85年11月20日,十三層,
RPOOMLMLQHJFFBE08DC,20,103.56,住家用,鋼筋混凝土造,84年1月27日,二十五層,
RPOOMLMLQHJFFBE08DC,20,30.05,見使用執照,鋼筋混凝土造,84年1月27日,二十五層,
RPTOMLMLQHJFFDE78DC,8,8.66,商業用,鋼筋混凝土造,95年7月26日,十層,
RPTOMLMLQHJFFDE78DC,,7.09,見其它登記事項,鋼筋混凝土造,,十層,
RPUOMLMLQHJFFDE88DC,46,19.84,住商用,加強磚造,57年9月17日,二層,
RPWOMLMLQHJFFDE09DC,33,27.97,,鋼筋混凝土造,70年12月31日,五層,
RPPPMLKLQHJFFAE97DC,15,77.70,住家用,鋼筋混凝土造,88年9月30日,十四層,
RPOOMLKLQHJFFAE77DC,15,77.70,住家用,鋼筋混凝土造,88年9月30日,十四層,
RPQNMLQLQHJFFCE58CC,15,50.03,住家用,鋼筋混凝土造,88年10月28日,九層,
RPUNMLPLQHJFFBE78CC,21,189.47,商業用,鋼筋混凝土造,82年3月4日,二十八層,
RPQNMLNLQHJFFEE48CC,7,92.47,住商用,鋼筋混凝土造,96年7月6日,五層,
RPSNMLQLQHJFFCE78CC,18,105.08,住商用,鋼筋混凝土造,85年11月5日,四層,
RPPOMLQLQHJFFGE98CC,33,76.74,住家用,鋼筋混凝土造,70年4月27日,五層,
RPXOMLRLQHJFFFE17CC,8,551.00,住商用,鋼筋混凝土造,95年5月12日,十二層,
RPOPMLRLQHJFFFE98CC,8,162.34,住商用,鋼筋混凝土造,95年5月12日,十三層,
RPVNMLQLQHJFFCE09CC,16,61.60,商業用,鋼筋混凝土造,87年11月23日,二十三層,
RPOOMLRLQHJFFLE86CC,42,2700.00,工業用,見其他登記事項,61年5月3日,一層,
RPUNMLRLQHJFFCE09CC,23,156.33,住商用,鋼筋混凝土造,80年9月26日,七層,
RPUNMLRLQHJFFCE09CC,23,92.31,,鋼筋混凝土造,80年9月26日,七層,
RPUNMLRLQHJFFCE09CC,23,142.82,住商用,鋼筋混凝土造,80年9月26日,七層,
RPUPMLRLQHJFFDE76CC,2,187.50,商業用,見其它登記事項,101年12月11日,二層,
RPUPMLRLQHJFFDE76CC,2,35.65,商業用,見其它登記事項,101年12月11日,二層,
RPUQMLRLQHJFFDE86CC,8,91.96,商業用,鋼筋混凝土造,96年1月26日,二層,
RPQNMLRLQHJFFBE58CC,18,166.78,商業用,鋼造,86年2月12日,二十七層,
RPPOMLRLQHJFFAE48CC,26,163.78,住家用,鋼筋混凝土造,78年2月10日,十二層,
RPXOMLSLQHJFFDE07CC,20,59.21,商業用,鋼筋混凝土造,83年11月1日,十二層,
RPPNMLRLQHJFFAE38CC,9,28.45,住家用,鋼筋混凝土造,94年6月24日,十五層,
RPPNMLRLQHJFFAE38CC,9,2.50,共有部分,鋼筋混凝土造,94年6月24日,十五層,
RPPNMLRLQHJFFAE38CC,9,5.70,共有部分,鋼筋混凝土造,94年6月24日,十五層,
RPPNMLRLQHJFFAE38CC,9,9.59,共有部分,鋼筋混凝土造,94年6月24日,十五層,
RPWNMLSLQHJFFAE56CC,2,69.47,住家用,鋼筋混凝土造,101年10月22日,五層,
RPWNMLSLQHJFFAE56CC,2,6.15,住家用,鋼筋混凝土造,101年10月22日,五層,
RPWNMLSLQHJFFAE56CC,2,15.42,見其它登記事項,鋼筋混凝土造,101年10月22日,五層,
RPOPMLSLQHJFFDE88CC,20,45.98,商業用,鋼筋混凝土造,83年11月1日,十二層,
RPQOMLSLQHJFFAE68CC,3,41.57,住家用,鋼筋混凝土造,100年10月7日,十五層,
RPQOMLSLQHJFFAE68CC,3,7.77,住家用,鋼筋混凝土造,100年10月7日,十五層,
RPQOMLSLQHJFFAE68CC,3,26.99,見其它登記事項,鋼筋混凝土造,100年10月7日,十五層,
RPROMLSLQHJFFAE78CC,2,58.09,住家用,鋼筋混凝土造,101年11月7日,十五層,
RPROMLSLQHJFFAE78CC,2,6.73,住家用,鋼筋混凝土造,101年11月7日,十五層,
RPROMLSLQHJFFAE78CC,2,57.61,見其它登記事項,鋼筋混凝土造,101年11月7日,十五層,
RPQPMLSLQHJFFDE09CC,20,74.25,商業用,鋼筋混凝土造,83年11月1日,十二層,
RPPPMLSLQHJFFDE98CC,20,70.94,商業用,鋼筋混凝土造,83年11月1日,十二層,
RPPOMLSLQHJFFAE58CC,9,137.30,住家用,鋼筋混凝土造,94年11月21日,二十層,
RPPOMLSLQHJFFAE58CC,9,14.42,住家用,鋼筋混凝土造,94年11月21日,二十層,
RPPOMLSLQHJFFAE58CC,9,144.69,住家用,鋼筋混凝土造,94年11月21日,二十層,
RPRPMLSLQHJFFDE56CC,20,72.66,商業用,鋼筋混凝土造,83年11月1日,十二層,
RPTNMLSLQHJFFCE09CC,4,31.32,住家用,鋼筋混凝土造,100年1月25日,十五層,
RPTNMLSLQHJFFCE09CC,4,2.84,住家用,鋼筋混凝土造,100年1月25日,十五層,
RPTNMLSLQHJFFCE09CC,4,18.41,見其它登記事項,鋼筋混凝土造,100年1月25日,十五層,
RPSOMLSLQHJFFGE86CC,26,104.49,住家用,鋼筋混凝土造,77年3月10日,四層,
RPSNMLSLQHJFFIE96CC,6,348.03,見其他登記事項,鋼筋混凝土造,98年1月15日,四層,
RPQNMLKLQHJFFJE68CC,30,125.42,住家用,加強磚造,73年5月2日,二層,
RPVNMLKLQHJFFJE56CC,34,89.04,住家用,加強磚造,69年8月11日,二層,
RPTOMLSLQHJFFGE96CC,2,99.64,見其他登記事項,鋼筋混凝土造,101年5月30日,十五層,
RPTOMLSLQHJFFGE96CC,2,18.86,見其他登記事項,鋼筋混凝土造,101年5月30日,十五層,
RPTOMLSLQHJFFGE96CC,2,81.75,共有部份,鋼筋混凝土造,101年5月30日,十五層,
RPRNMLTLQHJFFGE76CC,4,119.00,見其他登記事項,鋼筋混凝土造,99年10月31日,五層,
RPRNMLTLQHJFFGE76CC,4,32.21,見其他登記事項,鋼筋混凝土造,99年10月31日,五層,
RPPOMLTLQHJFFEE56DC,24,315.94,見使用執照,鋼筋混凝土造,79年3月26日,十九層,
RPPOMLTLQHJFFEE56DC,24,128.55,見使用執照,鋼筋混凝土造,79年3月26日,十九層,
RPSNMLTLQHJFFEE66CC,2,75.00,商業用,見其它登記事項,101年7月18日,一層,
RPSNMLTLQHJFFBE98CC,8,207.75,住家用,鋼筋混凝土造,96年2月8日,十五層,
RPTNMLLJRHJFFCE28CC,5,53.84,住家用,鋼筋混凝土造,98年12月24日,十九層,
RPQNMLKMQHJFFFE38CC,23,227.49,住工用,鋼筋混凝土造,80年10月15日,三層,
RPRNMLLJRHJFFBE97CC,25,61.79,,鋼筋混凝土造,78年11月9日,十二層,
RPXNMLLJRHJFFBE58CC,26,71.19,,鋼筋混凝土造,77年8月3日,十層,
RPXNMLLJRHJFFBE58CC,26,74.36,,鋼筋混凝土造,77年8月3日,十層,
RPXNMLLJRHJFFBE58CC,26,77.08,,鋼筋混凝土造,77年8月3日,十層,
RPXNMLLJRHJFFBE58CC,26,75.57,,鋼筋混凝土造,77年8月3日,十層,
RPQNMLLMQHJFFBE08CC,17,137.59,住家用,鋼筋混凝土造,86年4月21日,三十五層,
RPPNMLLJRHJFFBE77CC,39,145.54,,鋼筋混凝土造,64年10月13日,四層,
RPUNMLLJRHJFFDE48CC,2,156.94,住商用,鋼筋混凝土造,102年2月6日,五層,
RPVOMLLJRHJFFAE38CC,5,142.69,商業用,鋼筋混凝土造,98年8月18日,十三層,
RPUOMLLJRHJFFDE68DC,22,348.23,見使用執照,鋼筋混凝土造,81年3月5日,七層,
RPWNMLKMQHJFFJE76CC,20,165.92,住家用,鋼筋混凝土造,84年1月18日,三層,
RPVOMLLJRHJFFDE78DC,27,94.14,,鋼筋混凝土造,76年10月30日,五層,
RPSNMLLJRHJFFDE28CC,21,103.06,住家用,鋼筋混凝土造,82年9月24日,八層,
RPWOMLLJRHJFFDE88DC,20,81.57,住家用,鋼筋混凝土造,83年2月4日,九層,
RPPNMLMJRHJFFLE88CC,26,125.34,見其他登記事項,見其他登記事項,77年10月3日,一層,
RPWOMLLJRHJFFGE56DC,20,158.02,住家用,鋼筋混凝土造,83年4月20日,十六層,
RPXOMLLJRHJFFGE66DC,17,121.64,住家用,鋼筋混凝土造,86年12月15日,十三層,
RPTNMLMJRHJFFAE18CC,8,59.56,見其它登記事項,鋼筋混凝土造,96年2月8日,十五層,
RPTNMLMJRHJFFAE18CC,8,89.52,住家用,鋼筋混凝土造,96年2月8日,十五層,
RPOOMLNJRHJFFAE87CC,9,80.05,住家用,鋼筋混凝土造,94年8月25日,十五層,
RPQNMLMJRHJFFCE08CC,49,99.06,,加強磚造,54年4月19日,二層,
RPVNMLMJRHJFFCE58CC,16,31.89,住家用,見其它登記事項,88年2月9日,三十九層,
RPVNMLMJRHJFFCE58CC,16,15.58,共有部份,見其它登記事項,88年2月9日,三十九層,
RPTNMLMJRHJFFCE38CC,8,84.22,住家用,鋼筋混凝土造,95年3月14日,十四層,
RPTNMLMJRHJFFCE38CC,8,36.63,共有部份,鋼筋混凝土造,95年3月14日,十四層,
RPPPMLNJRHJFFEE48CC,18,51.87,住家用,鋼筋混凝土造,85年10月28日,二十三層,
RPUNMLNJRHJFFCE58CC,33,155.06,,鋼筋混凝土造,70年11月3日,四層,
RPQNMLNJRHJFFCE18CC,16,113.27,住家用,見其它登記事項,88年2月9日,三十九層,
RPQNMLNJRHJFFCE18CC,16,41.55,共有部份,見其它登記事項,88年2月9日,三十九層,
RPQPMLMJRHJFFEE48CC,19,240.81,住商用,鋼筋混凝土造,85年1月6日,五層,
RPTNMLNJRHJFFIE09CC,22,282.80,工業用,鋼筋混凝土造,81年12月6日,二層,
RPTNMLNJRHJFFFE78CC,28,71.88,農舍,鋼造,75年8月22日,一層,
RPUNMLMJRHJFFBE38CC,17,237.26,住家用,鋼筋混凝土造,86年4月21日,三十五層,
RPOOMLNJRHJFFBE97CC,1,56.20,住家用,鋼筋混凝土造,102年5月17日,十四層,
RPPPMLOJRHJFFCE38CC,33,155.06,,鋼筋混凝土造,70年11月3日,四層,
RPSNMLNJRHJFFDE58DC,19,89.31,住家用,鋼筋混凝土造,84年10月20日,十層,
RPUOMLNJRHJFFDE78CC,2,156.94,住商用,鋼筋混凝土造,102年2月6日,五層,
RPUOMLPJRHJFFEE09CC,20,113.33,住家用,鋼筋混凝土造,83年5月21日,八層,
RPUOMLPJRHJFFEE09CC,20,62.51,見使用執照,鋼筋混凝土造,83年5月21日,八層,
RPTNMLPJRHJFFEE88CC,18,131.87,住家用,鋼筋混凝土造,85年8月30日,二十二層,
RPTNMLPJRHJFFEE88CC,18,46.21,見使用執照,鋼筋混凝土造,85年8月30日,二十二層,
RPPNMLOJRHJFFAE97CC,8,47.00,住家用,鋼筋混凝土造,96年2月8日,十五層,
RPQNMLOJRHJFFAE08CC,8,52.00,住家用,鋼筋混凝土造,96年2月8日,十五層,
RPVNMLPJRHJFFAE68CC,9,46.20,住家用,鋼筋混凝土造,94年6月24日,十五層,
RPUOMLOJRHJFFAE58CC,9,85.80,住家用,鋼筋混凝土造,94年8月2日,十四層,
RPPPMLPJRHJFFEE68CC,20,94.72,住商用,鋼筋混凝土造,84年1月19日,十二層,
RPPPMLPJRHJFFEE68CC,20,29.83,見使用執照,鋼筋混凝土造,84年1月19日,十二層,
RPXOMLPJRHJFFDE76DC,7,60.88,住家用,鋼筋混凝土造,96年6月4日,十五層,
RPXOMLPJRHJFFDE76DC,7,22.64,見其它登記事項,鋼筋混凝土造,96年6月4日,十五層,
RPUNMLOJRHJFFBE58CC,17,144.27,住家用,鋼筋混凝土造,86年4月21日,三十五層,
RPXOMLTJRHJFFEE17CC,3,31.06,住家用,鋼筋混凝土造,100年10月28日,十五層,
RPXOMLTJRHJFFEE17CC,3,18.08,見其它登記事項,鋼筋混凝土造,100年10月28日,十五層,
RPQNMLQJRHJFFEE68CC,8,55.12,住家用,鋼筋混凝土造,95年4月10日,十五層,
RPQNMLQJRHJFFEE68CC,8,23.93,見使用執照,鋼筋混凝土造,95年4月10日,十五層,
RPSOMLTJRHJFFAE88CC,35,120.71,,鋼筋混凝土造,68年8月4日,七層,
RPRNMLQJRHJFFEE78CC,15,135.60,住家用,鋼筋混凝土造,88年11月17日,二十三層,
RPWNMLTJRHJFFAE56CC,1,229.56,商業用,見其它登記事項,102年8月30日,二層,
RPWNMLTJRHJFFAE56CC,1,8.13,商業用,見其它登記事項,102年8月30日,二層,
RPWNMLTJRHJFFAE56CC,1,8.13,商業用,見其它登記事項,102年8月30日,二層,
RPWNMLTJRHJFFAE56CC,1,274.01,商業用,見其它登記事項,102年8月30日,二層,
RPWNMLTJRHJFFAE56CC,1,550.11,見其它登記事項,見其它登記事項,102年8月30日,二層,
RPSOMLKKRHJFFGE68CC,18,220.92,住商用,鋼筋混凝土造,86年1月17日,十四層,
RPSOMLKKRHJFFGE68CC,18,16.01,共有部份,鋼筋混凝土造,86年1月17日,十四層,
RPSOMLKKRHJFFGE68CC,18,41.91,共有部份,鋼筋混凝土造,86年1月17日,十四層,
RPPPMLKKRHJFFEE28CC,20,35.36,住商用,鋼筋混凝土造,84年1月19日,十二層,
RPUOMLTJRHJFFFE96CC,22,28.66,住商用,鋼筋混凝土造,81年7月6日,五層,
RPXOMLKKRHJFFCE78CC,4,39.06,住家用,鋼筋混凝土造,100年1月25日,十五層,
RPXOMLKKRHJFFCE78CC,4,7.16,住家用,鋼筋混凝土造,100年1月25日,十五層,
RPXOMLKKRHJFFCE78CC,4,24.90,見其它登記事項,鋼筋混凝土造,100年1月25日,十五層,
RPWOMLKKRHJFFCE68CC,4,39.06,住家用,鋼筋混凝土造,100年1月25日,十五層,
RPWOMLKKRHJFFCE68CC,4,7.16,住家用,鋼筋混凝土造,100年1月25日,十五層,
RPWOMLKKRHJFFCE68CC,4,24.90,見其它登記事項,鋼筋混凝土造,100年1月25日,十五層,
RPTOMLTJRHJFFBE09CC,40,125.40,,鋼筋混凝土造,63年8月22日,三層,
RPSOMLTJRHJFFBE98CC,32,95.35,,鋼筋混凝土造,72年2月9日,五層,
RPPOMLTJRHJFFBE68CC,35,83.26,,鋼筋混凝土造,68年11月19日,七層,
RPXOMLTJRHJFFBE86CC,31,123.25,,鋼筋混凝土造,72年9月24日,五層,
RPQPMLKKRHJFFCE18CC,17,157.43,見使用執照,鋼筋混凝土造,86年5月27日,二十七層,
RPOPMLKKRHJFFCE97CC,3,151.71,住家用,見其它登記事項,100年6月22日,二十七層,
RPOPMLKKRHJFFCE97CC,3,22.63,住家用,見其它登記事項,100年6月22日,二十七層,
RPOPMLKKRHJFFCE97CC,3,120.90,見其它登記事項,見其它登記事項,100年6月22日,二十七層,
RPTOMLKKRHJFFFE68CC,8,345.63,住商用,鋼筋混凝土造,95年5月12日,十三層,
RPTOMLKKRHJFFFE68CC,8,205.73,見其他登記事項,鋼筋混凝土造,95年5月12日,十三層,
RPQNMLLKRHJFFBE97CC,24,59.04,,鋼筋混凝土造,79年11月10日,十二層,
RPQNMLTJRHJFFBE68CC,29,92.24,,鋼筋混凝土造,74年3月5日,十二層,
RPPOMLLKRHJFFBE97CC,11,175.58,住商用,鋼筋混凝土造,92年11月28日,十四層,
RPRNMLLKRHJFFBE08CC,32,37.65,,鋼筋混凝土造,72年3月5日,十二層,
RPVNMLLKRHJFFFE88CC,20,171.35,住商用,鋼筋混凝土造,83年7月2日,三層,
RPTNMLLKRHJFFIE98CC,22,222.53,見使用執照,鋼筋混凝土造,81年5月1日,四層,
RPTNMLLKRHJFFIE98CC,22,51.30,見其他登記事項,鋼筋混凝土造,81年5月1日,地下層,
RPSOMLMKRHJFFAE28CC,1,158.34,住家用,鋼筋混凝土造,102年4月9日,二十四層,
RPSOMLMKRHJFFAE28CC,1,33.29,住家用,鋼筋混凝土造,102年4月9日,二十四層,
RPSOMLMKRHJFFAE28CC,1,89.86,見其它登記事項,鋼筋混凝土造,102年4月9日,二十四層,
RPWNMLLKRHJFFIE66CC,41,5109.80,工業用,見其他登記事項,62年6月30日,一層,
RPWNMLLKRHJFFIE66CC,41,692.32,住家用,加強磚造,62年6月30日,二層,
RPWNMLLKRHJFFIE66CC,41,22.79,見其他登記事項,磚造,62年6月30日,一層,
RPWNMLLKRHJFFIE66CC,41,320.76,工業用,加強磚造,62年6月30日,二層,
RPORMLKKRHJFFDE28CC,19,141.54,住家用,鋼筋混凝土造,84年12月19日,二十六層,
RPTOMLMKRHJFFAE38CC,8,65.96,住家用,鋼筋混凝土造,95年3月3日,十五層,
RPTOMLMKRHJFFAE38CC,8,34.35,共有部分,鋼筋混凝土造,95年3月3日,十五層,
RPTOMLMKRHJFFCE58CC,4,42.95,住家用,鋼筋混凝土造,100年1月25日,十五層,
RPTOMLMKRHJFFCE58CC,4,7.10,住家用,鋼筋混凝土造,100年1月25日,十五層,
RPTOMLMKRHJFFCE58CC,4,26.92,住家用,鋼筋混凝土造,100年1月25日,十五層,
RPUOMLMKRHJFFCE68CC,4,56.72,住家用,鋼筋混凝土造,100年1月25日,十五層,
RPUOMLMKRHJFFCE68CC,4,8.77,住家用,鋼筋混凝土造,100年1月25日,十五層,
RPUOMLMKRHJFFCE68CC,4,56.11,住家用,鋼筋混凝土造,100年1月25日,十五層,
RPUNMLNKRHJFFEE88CC,5,214.94,商業用,見其它登記事項,98年12月14日,一層,
RPVNMLNKRHJFFGE56CC,41,76.35,住家用,加強磚造,62年7月1日,二層,
RPSQMLMKRHJFFEE88CC,1,122.90,住家用,鋼筋混凝土造,102年11月11日,十五層,
RPSQMLMKRHJFFEE88CC,1,44.13,住家用,鋼筋混凝土造,102年11月11日,十五層,
RPWOMLMKRHJFFCE88CC,12,88.53,住家用,鋼筋混凝土造,91年6月19日,十四層,
RPWOMLMKRHJFFCE88CC,12,12.48,住家用,鋼筋混凝土造,91年6月19日,十四層,
RPWOMLMKRHJFFCE88CC,12,38.99,住家用,鋼筋混凝土造,91年6月19日,十四層,
RPWNMLPKRHJFFAE88CC,12,265.29,住家用,鋼筋混凝土造,91年4月3日,十四層,
RPPNMLMKRHJFFBE97CC,46,142.80,住商用,加強磚造,57年11月14日,三層,
RPXOMLMKRHJFFBE88CC,38,82.75,,鋼筋混凝土造,65年9月25日,四層,
RPVOMLMKRHJFFBE68CC,18,31.92,住家用,鋼筋混凝土造,85年9月3日,十二層,
RPPOMLPKRHJFFDE58CC,38,295.73,住商用,鋼筋混凝土造,66年2月8日,四層,
RPSOMLPKRHJFFDE88CC,19,16.13,住商用,鋼筋混凝土造,84年11月15日,十五層,
RPSOMLPKRHJFFDE88CC,19,51.06,住商用,鋼筋混凝土造,84年11月15日,十五層,
RPWNMLPKRHJFFBE98CC,22,49.50,商業用,鋼筋混凝土造,81年12月8日,四層,
RPRNMLOKRHJFFBE38CC,17,145.12,住家用,鋼筋混凝土造,86年4月21日,三十五層,
RPRNMLPKRHJFFEE78CC,13,127.60,住家用,見其它登記事項,90年6月26日,十四層,
RPSNMLOKRHJFFBE48CC,32,30.95,,鋼筋混凝土造,71年12月2日,十二層,
RPQOMLPKRHJFFGE98CC,9,201.18,見其他登記事項,見其他登記事項,94年6月15日,三層,
RPVNMLPKRHJFFGE76CC,3,82.34,見其他登記事項,鋼筋混凝土造,100年9月12日,十五層,
RPUNMLPKRHJFFEE09CC,17,318.38,住商用,鋼筋混凝土造,86年10月29日,五層,
RPSNMLQKRHJFFAE58CC,29,34.78,,鋼筋混凝土造,75年2月17日,十六層,
RPSNMLPKRHJFFEE88CC,18,357.10,住家用,鋼筋混凝土造,85年2月16日,二十三層,
RPQNMLQKRHJFFCE68DC,39,394.59,,鋼筋混凝土造,64年5月5日,四層,
RPUPMLRKRHJFFDE76CC,34,87.08,,鋼筋混凝土造,69年8月7日,五層,
RPROMLRKRHJFFCE88CC,7,154.07,住家用,鋼筋混凝土造,96年5月9日,二十七層,
RPWNMLQKRHJFFEE86DC,4,109.88,住家用,鋼筋混凝土造,99年11月26日,十四層,
RPWNMLQKRHJFFEE86DC,4,74.16,見其它登記事項,鋼筋混凝土造,99年11月26日,十四層,
RPTNMLSKRHJFFDE56CC,45,74.16,,加強磚造,58年8月20日,二層,
RPUOMLSKRHJFFEE86CC,6,79.12,住家用,鋼筋混凝土造,97年11月5日,十四層,
RPOPMLSKRHJFFEE98CC,19,86.16,住商用,鋼筋混凝土造,85年3月4日,七層,
RPROMLSKRHJFFBE88CC,43,11.37,,加強磚造,60年7月31日,一層,
RPOOMLQKRHJFFBE38CC,35,71.39,,鋼筋混凝土造,68年8月16日,五層,
RPTNMLSKRHJFFBE98CC,17,120.60,住家用,鋼筋混凝土造,86年4月21日,三十五層,
RPVNMLQKRHJFFBE98CC,11,54.61,住家用,鋼筋混凝土造,93年3月3日,十四層,
RPQNMLSKRHJFFBE68CC,38,639.92,,鋼筋混凝土造,65年8月28日,四層,
RPTNMLQKRHJFFBE78CC,21,78.78,商業用,鋼筋混凝土造,82年4月1日,二十層,
RPPOMLSKRHJFFBE68CC,34,100.40,,鋼筋混凝土造,69年12月1日,四層,
RPUNMLSKRHJFFAE98CC,11,57.66,住家用,鋼筋混凝土造,92年9月4日,十四層,
RPTOMLTKRHJFFCE66CC,16,123.00,商業用,鋼筋混凝土造,87年7月14日,二十八層,
RPVPMLTKRHJFFGE37CC,38,68.64,住家用,加強磚造,65年3月25日,二層,
RPRNMLMLRHJFFAE18CC,8,223.90,住家用,鋼筋混凝土造,95年10月30日,二十七層,
RPWNMLTKRHJFFAE66CC,8,70.91,住家用,鋼筋混凝土造,95年3月16日,十五層,
RPWNMLTKRHJFFAE66CC,8,41.04,共有部分,鋼筋混凝土造,95年3月16日,十五層,
RPPNMLKLRHJFFAE77CC,57,244.86,商業用,見使用執照,46年12月31日,三層,
RPPNMLKLRHJFFAE77CC,91,119.01,商業用,見使用執照,,二層,
RPSNMLKLRHJFFAE08CC,30,70.72,,鋼筋混凝土造,73年12月12日,五層,
RPQNMLKLRHJFFEE28CC,9,169.55,住家用,鋼筋混凝土造,94年11月14日,十五層,
RPTNMLMLRHJFFEE78CC,10,189.85,見使用執照,見使用執照,93年7月19日,四層,
RPWNMLMLRHJFFFE56CC,8,172.82,住商用,鋼筋混凝土造,95年5月12日,十三層,
RPROMLNLRHJFFGE98CC,2,126.24,見其他登記事項,見其他登記事項,101年12月10日,十五層,
RPROMLNLRHJFFGE98CC,2,19.79,見其他登記事項,見其他登記事項,101年12月10日,十五層,
RPROMLNLRHJFFGE98CC,2,84.27,見其他登記事項,見其他登記事項,101年12月10日,十五層,
RPRNMLMLRHJFFIE98CC,15,170.76,見使用執照,鋼筋混凝土造,89年2月2日,三層,
RPVOMLNLRHJFFAE88DC,9,127.09,商業用,鋼筋混凝土造,94年9月21日,十五層,
RPURMLNLRHJFFEE76CC,19,26.62,住家用,鋼筋混凝土造,84年10月19日,二十一層,
RPURMLNLRHJFFEE76CC,19,5.57,住家用,鋼筋混凝土造,84年10月19日,二十一層,
RPURMLNLRHJFFEE76CC,19,14.94,見使用執照,鋼筋混凝土造,84年10月19日,二十一層,
RPWQMLNLRHJFFEE86CC,,46.98,住家用,鋼筋混凝土造,103年3月27日,十五層,
RPWQMLNLRHJFFEE86CC,,8.44,住家用,鋼筋混凝土造,103年3月27日,十五層,
RPWQMLNLRHJFFEE86CC,,57.91,見其它登記事項,鋼筋混凝土造,103年3月27日,十五層,
RPOOMLTKRHJFFBE68CC,7,90.89,住家用,鋼筋混凝土造,96年5月8日,十五層,
RPTOMLTKRHJFFBE56CC,22,155.08,商業用,鋼筋混凝土造,81年6月29日,二十五層,
RPXNMLMLRHJFFBE88CC,46,132.00,,加強磚造,57年7月30日,三層,
RPOOMLMLRHJFFBE08CC,26,132.14,,鋼筋混凝土造,78年3月10日,七層,
RPROMLMLRHJFFBE38CC,46,132.00,,加強磚造,57年7月30日,三層,
RPSOMLTKRHJFFBE09CC,34,68.84,,鋼筋混凝土造,69年12月8日,七層,
RPSOMLTKRHJFFBE09CC,31,14.31,,鋼筋混凝土造,72年8月19日,五層,
RPTNMLMLRHJFFBE48CC,25,56.86,,鋼筋混凝土造,78年11月9日,十二層,
RPSNMLNLRHJFFHE56DC,33,229.32,住商用,鋼筋混凝土加強磚造,70年11月28日,四層,
RPVRMLNLRHJFFEE86CC,10,182.49,住家用,鋼筋混凝土造,93年11月9日,四層,
RPQOMLNLRHJFFCE48CC,4,42.95,住家用,鋼筋混凝土造,100年1月25日,十五層,
RPQOMLNLRHJFFCE48CC,4,7.10,住家用,鋼筋混凝土造,100年1月25日,十五層,
RPQOMLNLRHJFFCE48CC,4,26.92,見其它登記事項,鋼筋混凝土造,100年1月25日,十五層,
RPSOMLNLRHJFFCE68CC,16,63.50,住家用,鋼筋混凝土造,87年11月23日,二十三層,
RPSOMLNLRHJFFCE68CC,16,10.72,住家用,鋼筋混凝土造,87年11月23日,二十三層,
RPSOMLNLRHJFFCE68CC,16,58.58,共有部份,鋼筋混凝土造,87年11月23日,二十三層,
RPRNMLNLRHJFFDE58CC,21,75.29,住家用,鋼筋混凝土造,82年6月25日,十八層,
RPRNMLNLRHJFFDE58CC,21,6.12,見使用執照,鋼筋混凝土造,82年6月25日,十八層,
RPQOMLNLRHJFFDE58CC,23,348.23,見使用執照,鋼筋混凝土造,81年3月5日,七層,
RPWOMLNLRHJFFAE88CC,8,47.68,住家用,鋼筋混凝土造,95年6月26日,十五層,
RPWOMLNLRHJFFAE88CC,8,6.91,住家用,鋼筋混凝土造,95年6月26日,十五層,
RPOOMLOLRHJFFAE18CC,9,89.35,住家用,鋼筋混凝土造,94年9月29日,十五層,
RPWOMLNLRHJFFAE88CC,8,26.14,共有部分,鋼筋混凝土造,95年6月26日,十五層,
RPOOMLOLRHJFFAE18CC,9,38.92,共有部分,鋼筋混凝土造,94年9月29日,十五層,
RPUOMLNLRHJFFAE68CC,8,34.24,住家用,鋼筋混凝土造,96年2月8日,十五層,
RPUOMLNLRHJFFAE68CC,8,14.64,住家用,鋼筋混凝土造,96年2月8日,十五層,
RPUOMLNLRHJFFAE68CC,8,30.78,見其它登記事項,鋼筋混凝土造,96年2月8日,十五層,
RPUPMLOLRHJFFDE56CC,22,120.05,見使用執照,鋼筋混凝土造,81年6月29日,五層,
RPPOMLOLRHJFFDE58CC,20,119.25,住家用,鋼筋混凝土造,83年11月14日,二十三層,
RPPOMLOLRHJFFDE58CC,20,25.67,見使用執照,鋼筋混凝土造,83年11月14日,二十三層,
RPPOMLOLRHJFFDE58CC,20,9.30,見使用執照,鋼筋混凝土造,83年11月14日,二十三層,
RPPOMLOLRHJFFDE58CC,20,12.45,見使用執照,鋼筋混凝土造,83年11月14日,二十三層,
RPOOMLPLRHJFFIE09CC,1,96.08,見其他登記事項,鋼筋混凝土造,102年7月5日,四層,
RPTOMLPLRHJFFDE09CC,30,207.43,,鋼筋混凝土造,73年8月30日,四層,
RPOOMLOLRHJFFCE48DC,18,88.84,住家用,鋼筋混凝土造,85年7月8日,十一層,
RPPOMLPLRHJFFIE56CC,1,168.49,見其他登記事項,鋼筋混凝土造,102年7月5日,四層,
RPOPMLPLRHJFFEE78CC,16,141.64,住商用,鋼筋混凝土造,87年11月13日,十四層,
RPTNMLNLRHJFFBE58CC,24,27.77,,鋼筋混凝土造,79年11月30日,十二層,
RPTNMLNLRHJFFBE58CC,24,10.57,,鋼筋混凝土造,79年11月30日,十二層,
RPSNMLNLRHJFFBE48CC,1,53.85,住家用,鋼筋混凝土造,102年5月17日,十四層,
RPSNMLNLRHJFFBE48CC,1,9.85,住家用,鋼筋混凝土造,102年5月17日,十四層,
RPSNMLNLRHJFFBE48CC,1,30.50,共有部分,鋼筋混凝土造,102年5月17日,十四層,
RPVNMLNLRHJFFBE78CC,5,226.79,住家用,鋼筋混凝土造,98年10月5日,二十四層,
RPVNMLNLRHJFFBE78CC,5,21.08,住家用,鋼筋混凝土造,98年10月5日,二十四層,
RPVNMLNLRHJFFBE78CC,5,139.90,見其他登記事項,鋼筋混凝土造,98年10月5日,二十四層,
RPQNMLNLRHJFFBE28CC,17,94.21,住家用,鋼筋混凝土造,86年4月21日,三十五層,
RPUNMLNLRHJFFBE68CC,1,56.20,住家用,鋼筋混凝土造,102年5月17日,十四層,
RPUNMLNLRHJFFBE68CC,1,4.78,住家用,鋼筋混凝土造,102年5月17日,十四層,
RPUNMLNLRHJFFBE68CC,1,29.40,共有部分,鋼筋混凝土造,102年5月17日,十四層,
RPSNMLPLRHJFFBE68CC,28,93.92,,鋼筋混凝土造,75年10月16日,五層,
RPPNMLNLRHJFFBE18CC,25,100.40,,鋼筋混凝土造,78年11月9日,十二層,
RPTNMLQLRHJFFAE78CC,1,75.52,住家用,鋼筋混凝土造,102年6月4日,十五層,
RPTNMLQLRHJFFAE78CC,1,7.75,住家用,鋼筋混凝土造,102年6月4日,十五層,
RPTNMLQLRHJFFAE78CC,1,62.20,見其它登記事項,鋼筋混凝土造,102年6月4日,十五層,
RPXNMLPLRHJFFCE66CC,8,59.08,住家用,鋼筋混凝土造,95年3月14日,十四層,
RPXNMLPLRHJFFCE66CC,8,25.70,共有部份,鋼筋混凝土造,95年3月14日,十四層,
RPVOMLQLRHJFFAE09CC,17,26.09,住家用,鋼筋混凝土造,86年9月17日,十二層,
RPVOMLQLRHJFFAE09CC,17,15.44,見使用執照,鋼筋混凝土造,86年9月17日,十二層,
RPWQMLQLRHJFFEE17CC,11,230.47,住商用,見使用執照,93年2月19日,四層,
RPTRMLQLRHJFFEE96CC,3,206.00,住商用,鋼筋混凝土造,100年4月11日,四層,
RPTNMLPLRHJFFCE88CC,18,89.40,住家用,鋼筋混凝土造,85年7月8日,十五層,
RPTNMLPLRHJFFCE88CC,18,15.67,住家用,鋼筋混凝土造,85年7月8日,十五層,
RPTNMLPLRHJFFCE88CC,18,62.53,見使用執照,鋼筋混凝土造,85年7月8日,十五層,
RPTPMLQLRHJFFAE98CC,25,124.50,住家用,鋼筋混凝土造,78年6月14日,十二層,
RPTPMLQLRHJFFAE98CC,25,35.15,見使用執照,鋼筋混凝土造,78年6月14日,十二層,
RPXNMLRLRHJFFEE07CC,20,267.11,商業用,見使用執照,83年4月6日,一層,
RPXNMLRLRHJFFEE07CC,20,342.33,見使用執照,見使用執照,83年4月6日,一層,
RPWPMLQLRHJFFDE96CC,43,107.34,,加強磚造,60年8月21日,四層,
RPURMLQLRHJFFEE07CC,2,106.29,住家用,鋼筋混凝土造,101年5月30日,十五層,
RPURMLQLRHJFFEE07CC,2,83.54,見其它登記事項,鋼筋混凝土造,101年5月30日,十五層,
RPQNMLRLRHJFFGE56CC,8,110.77,見其他登記事項,見其他登記事項,95年7月15日,四層,
RPSNMLQLRHJFFCE88CC,8,48.29,住家用,鋼筋混凝土造,95年6月14日,十五層,
RPSNMLQLRHJFFCE88CC,8,9.51,住家用,鋼筋混凝土造,95年6月14日,十五層,
RPSNMLQLRHJFFCE88CC,8,22.57,共有部份,鋼筋混凝土造,95年6月14日,十五層,
RPSNMLTLRHJFFAE98CC,53,123.64,住家用,加強磚造,50年6月30日,三層,
RPWNMLQLRHJFFIE27CC,20,211.29,住商用,鋼筋混凝土造,84年1月26日,四層,
RPUNMLTLRHJFFAE56CC,2,58.09,住家用,鋼筋混凝土造,101年11月7日,十五層,
RPUNMLTLRHJFFAE56CC,2,6.73,住家用,鋼筋混凝土造,101年11月7日,十五層,
RPUNMLTLRHJFFAE56CC,2,57.61,見其它登記事項,鋼筋混凝土造,101年11月7日,十五層,
RPRNMLTLRHJFFEE66CC,1,250.96,商業用,見其它登記事項,102年7月4日,一層,
RPTNMLTLRHJFFEE86CC,7,78.54,住家用,鋼筋混凝土造,96年5月30日,十五層,
RPTNMLTLRHJFFEE86CC,7,56.24,共有部分,鋼筋混凝土造,96年5月30日,十五層,
RPRNMLRLRHJFFBE78CC,52,170.88,住家用,加強磚造,51年10月3日,三層,
RPWNMLTLRHJFFBE86CC,6,28.48,住家用,鋼筋混凝土造,97年9月19日,十三層,
RPWNMLTLRHJFFBE86CC,6,2.59,住家用,鋼筋混凝土造,97年9月19日,十三層,
RPWNMLTLRHJFFBE86CC,6,8.41,共有部分,鋼筋混凝土造,97年9月19日,十三層,
RPQNMLRLRHJFFBE68CC,17,120.60,住家用,鋼筋混凝土造,86年4月21日,三十五層,
RPOOMLTLRHJFFBE78CC,17,234.12,住家用,鋼筋混凝土造,86年4月21日,三十五層,
RPROMLTLRHJFFBE09CC,35,387.17,,鋼筋混凝土造,69年1月18日,十一層,
RPROMLTLRHJFFBE09CC,35,33.23,,鋼筋混凝土造,69年1月18日,十一層,
RPPOMLTLRHJFFBE88CC,26,53.70,,鋼筋混凝土造,77年6月23日,十二層,
RPQNMLTLRHJFFCE98CC,9,55.50,住家用,鋼筋混凝土造,94年12月28日,十五層,
RPQNMLTLRHJFFCE98CC,9,6.41,住家用,鋼筋混凝土造,94年12月28日,十五層,
RPQNMLTLRHJFFCE98CC,9,54.10,共有部份,鋼筋混凝土造,94年12月28日,十五層,
RPSNMLTLRHJFFFE86CC,9,516.72,住商用,鋼筋混凝土造,95年3月6日,十三層,
RPPOMLTLRHJFFDE09CC,39,159.99,,加強磚造,64年6月11日,三層,
RPPOMLTLRHJFFDE09CC,39,154.20,,加強磚造,64年6月11日,三層,
RPPOMLKMRHJFFGE58CC,18,132.51,住商用,鋼筋混凝土造,85年6月28日,十四層,
RPSOMLKMRHJFFGE88CC,,162.75,見其他登記事項,見其他登記事項,103年6月29日,一層,
RPUOMLKMRHJFFDE78CC,46,71.25,住家用,加強磚造,57年5月7日,二層,
RPWNMLKMRHJFFCE78CC,39,460.32,住商用,鋼筋混凝土造,64年7月26日,三層,
RPQNMLTLRHJFFDE09CC,9,116.41,住商用,鋼筋混凝土造,94年7月13日,十二層,
RPQNMLTLRHJFFDE09CC,9,30.29,見其它登記事項,鋼筋混凝土造,94年7月13日,十二層,
RPVOMLLJIIJFFCE77CC,17,182.76,住商用,鋼筋混凝土造,86年5月27日,二十七層,
RPXNMLLJIIJFFDE97CC,24,60.70,,鋼筋混凝土造,80年2月27日,七層,
RPXOMLLJIIJFFDE08CC,19,224.21,住商用,鋼筋混凝土造,84年12月19日,二十六層,
RPXNMLKMRHJFFBE78CC,37,307.00,,鋼筋混凝土造,66年9月10日,四層,
RPQNMLKMRHJFFBE08CC,33,133.47,,鋼筋混凝土造,70年12月29日,七層,
RPQNMLKMRHJFFBE08CC,33,134.60,,鋼筋混凝土造,70年12月29日,七層,
RPUNMLLJIIJFFEE77CC,3,25.98,住家用,鋼筋混凝土造,100年10月28日,十五層,
RPOOMLLJIIJFFFE37CC,20,62.28,住家用,鋼筋混凝土造,84年1月16日,七層,
RPRNMLLJIIJFFLE18CC,37,77.20,住家用,加強磚造,67年2月20日,二層,
RPSNMLMJIIJFFJE18CC,14,164.35,見使用執照,見使用執照,90年1月16日,一層,
RPWNMLLJIIJFFAE57CC,19,52.13,住家用,鋼筋混凝土造,85年3月13日,十二層,
RPOOMLLJIIJFFAE86CC,29,37.37,,鋼筋混凝土造,75年2月17日,十六層,
RPWNMLLJIIJFFAE57CC,19,27.22,見使用執照,鋼筋混凝土造,85年3月13日,十二層,
RPSNMLLJIIJFFAE17CC,2,35.00,住商用,鋼筋混凝土造,101年11月7日,十五層,
RPPOMLMJIIJFFCE27CC,18,104.27,住家用,鋼筋混凝土造,85年9月24日,十六層,
RPPOMLMJIIJFFCE27CC,18,73.58,見使用執照,鋼筋混凝土造,85年9月24日,十六層,
RPVNMLMJIIJFFCE77CC,24,499.99,商業用,鋼筋混凝土造,80年2月12日,一層,
RPVNMLMJIIJFFAE57CC,10,88.79,住家用,鋼筋混凝土造,94年1月18日,十三層,
RPWOMLNJIIJFFAE87CC,30,102.53,,鋼筋混凝土造,73年9月5日,五層,
RPVOMLNJIIJFFAE77CC,10,245.86,住商用,鋼筋混凝土造,94年3月22日,九層,
RPTOMLNJIIJFFAE57CC,8,206.48,住商用,鋼筋混凝土造,95年5月25日,五層,
RPXOMLNJIIJFFAE97CC,1,73.70,見其它登記事項,鋼筋混凝土造,102年6月4日,十五層,
RPXNMLMJIIJFFAE77CC,8,78.09,住家用,鋼筋混凝土造,95年6月26日,十五層,
RPPNMLOJIIJFFDE47CC,20,59.21,商業用,鋼筋混凝土造,83年11月1日,十二層,
RPSNMLNJIIJFFIE18CC,27,855.80,商業用,鋼筋混凝土造,76年5月5日,二層,
RPQOMLNJIIJFFDE57CC,35,207.36,,鋼筋混凝土造,68年9月25日,四層,
RPPNMLOJIIJFFAE17CC,25,150.74,商業用,鋼筋混凝土造,79年2月16日,十二層,
RPSPMLOJIIJFFEE08CC,30,78.64,,鋼筋混凝土造,73年8月21日,五層,
RPSPMLOJIIJFFEE08CC,30,13.02,,鋼筋混凝土造,73年8月21日,五層,
RPSNMLOJIIJFFEE87CC,25,70.15,見其它登記事項,鋼筋混凝土造,79年3月26日,十九層,
RPRNMLMJIIJFFDE47CC,40,171.92,,加強磚造,63年4月4日,二層,
RPRNMLMJIIJFFDE47CC,40,180.81,,加強磚造,63年4月4日,二層,
RPQNMLQJIIJFFAE47CC,13,53.31,住家用,鋼筋混凝土造,90年10月8日,十四層,
RPQNMLQJIIJFFAE47CC,13,18.73,共有部分,鋼筋混凝土造,90年10月8日,十四層,
RPTNMLMJIIJFFDE67CC,44,226.64,住商用,鋼筋混凝土造,60年3月13日,四層,
RPQNMLOJIIJFFAE27CC,6,101.31,商業用,鋼筋混凝土造,97年11月4日,十九層,
RPPNMLPJIIJFFEE67CC,8,49.55,見其它登記事項,鋼筋混凝土造,95年3月29日,四層,
RPSNMLQJIIJFFAE67CC,13,115.96,住家用,鋼筋混凝土造,90年10月8日,十四層,
RPWNMLQJIIJFFAE08CC,9,83.88,住家用,鋼筋混凝土造,94年5月13日,十五層,
RPWNMLQJIIJFFAE08CC,9,32.90,共有部分,鋼筋混凝土造,94年5月13日,十五層,
RPOOMLKMRHJFFBE97CC,39,105.20,,鋼筋混凝土造,64年12月8日,三層,
RPPNMLOJIIJFFBE27CC,25,50.21,,鋼筋混凝土造,78年11月9日,十二層,
RPVOMLRJIIJFFAE18CC,,94.37,商業用,見其它登記事項,103年6月27日,一層,
RPQPMLRJIIJFFAE77CC,20,63.17,住家用,鋼筋混凝土造,83年11月9日,十三層,
RPQPMLRJIIJFFAE77CC,20,28.58,見使用執照,鋼筋混凝土造,83年11月9日,十三層,
RPTNMLRJIIJFFEE28CC,19,102.18,住家用,鋼筋混凝土造,84年5月11日,十六層,
RPPPMLRJIIJFFDE97CC,2,132.23,商業用,見其它登記事項,101年12月11日,二層,
RPVNMLRJIIJFFEE48CC,6,112.40,住家用,鋼筋混凝土造,97年11月5日,十四層,
RPUNMLRJIIJFFCE18CC,42,74.00,住家用,加強磚造,61年5月10日,二層,
RPVOMLSJIIJFFDE58CC,37,255.97,,鋼筋混凝土造,66年6月30日,四層,
RPVPMLRJIIJFFDE58CC,28,97.00,,鋼筋混凝土造,75年12月9日,十二層,
RPVPMLRJIIJFFDE58CC,28,168.52,,鋼筋混凝土造,75年12月9日,十二層,
RPVNMLRJIIJFFCE28CC,42,74.00,住家用,加強磚造,61年5月10日,二層,
RPOSMLRJIIJFFEE28CC,2,75.00,商業用,見其它登記事項,101年7月18日,一層,
RPOOMLRJIIJFFDE77CC,18,86.75,住家用,鋼筋混凝土造,85年8月15日,十四層,
RPOOMLRJIIJFFDE77CC,18,58.95,見使用執照,鋼筋混凝土造,85年8月15日,十四層,
RPSNMLSJIIJFFEE28CC,29,246.29,,鋼筋混凝土造,74年12月13日,四層,
RPWOMLSJIIJFFEE78CC,8,197.33,住商用,鋼筋混凝土造,95年8月18日,四層,
RPUOMLSJIIJFFEE58CC,9,162.27,商業用,鋼筋混凝土造,95年3月6日,十五層,
RPUOMLSJIIJFFEE58CC,9,38.75,見其它登記事項,鋼筋混凝土造,95年3月6日,十五層,
RPVNMLSJIIJFFGE78CC,22,145.38,住商用,鋼筋混凝土造,81年11月10日,十三層,
RPUNMLTJIIJFFFE68CC,17,234.72,住商用,鋼筋混凝土造,86年7月1日,五層,
RPXNMLTJIIJFFEE98DC,45,199.52,,加強磚造,59年2月27日,二層,
RPROMLTJIIJFFIE78CC,27,178.01,住商用,鋼筋混凝土造,76年11月20日,四層,
RPUOMLSJIIJFFAE18CC,60,176.47,住商用,加強磚造,43年9月1日,五層,
RPPOMLTJIIJFFCE97CC,39,40.13,,鋼筋混凝土造,64年5月5日,四層,
RPQOMLSJIIJFFAE77CC,6,163.74,住家用,鋼筋混凝土造,98年3月25日,十五層,
RPWNMLTJIIJFFAE38CC,1,41.89,住家用,鋼筋混凝土造,102年5月27日,十五層,
RPWNMLTJIIJFFAE38CC,1,7.61,住家用,鋼筋混凝土造,102年5月27日,十五層,
RPWNMLTJIIJFFAE38CC,1,31.25,見其它登記事項,鋼筋混凝土造,102年5月27日,十五層,
RPTOMLTJIIJFFAE18CC,4,75.82,住家用,鋼筋混凝土造,100年1月20日,十九層,
RPQOMLTJIIJFFCE08CC,17,143.30,住商用,鋼筋混凝土造,86年5月5日,五層,
RPQNMLKKIIJFFDE27CC,10,329.82,住商用,鋼筋混凝土造,93年8月4日,五層,
RPSNMLKKIIJFFGE77CC,7,246.62,見其他登記事項,見其他登記事項,97年3月10日,四層,
RPRNMLLKIIJFFDE47CC,35,80.62,,鋼筋混凝土造,69年2月6日,五層,
RPROMLSJIIJFFAE97DC,12,38.68,住家用,鋼筋混凝土造,91年6月18日,二十二層,
RPPNMLSJIIJFFLE68CC,42,114.08,住家用,加強磚造,61年9月19日,二層,
RPTNMLOKIIJFFDE97CC,20,297.52,見其它登記事項,見其它登記事項,83年6月9日,一層,
RPUNMLOKIIJFFDE08CC,29,270.20,,鋼筋混凝土造,74年5月7日,五層,
RPTOMLPKIIJFFDE18CC,24,39.27,,鋼筋混凝土造,80年3月14日,十九層,
RPPNMLNKIIJFFJE08CC,22,356.50,住商用,鋼筋混凝土造,81年8月27日,四層,
RPSOMLSJIIJFFAE08DC,12,38.68,住家用,鋼筋混凝土造,91年6月18日,二十二層,
RPVNMLOKIIJFFEE28CC,7,209.38,住商用,鋼筋混凝土造,96年12月5日,四層,
RPPOMLNKIIJFFAE27CC,28,171.30,,鋼筋混凝土造,75年7月2日,四層,
RPQOMLPKIIJFFEE97CC,19,439.33,住商用,鋼筋混凝土造,84年9月27日,十二層,
RPQOMLPKIIJFFEE97CC,19,64.91,見使用執照,鋼筋混凝土造,84年9月27日,十二層,
RPROMLPKIIJFFBE77CC,25,69.55,,鋼筋混凝土造,78年11月9日,十二層,
RPPOMLPKIIJFFEE87CC,17,35.06,住家用,鋼筋混凝土造,87年2月17日,二十六層,
RPPNMLLKIIJFFAE96CC,51,274.45,住商用,加強磚造,52年5月13日,三層,
RPUNMLQKIIJFFAE97CC,8,87.40,住商用,鋼筋混凝土造,95年5月25日,四層,
RPRNMLQKIIJFFBE77CC,17,137.59,住家用,鋼筋混凝土造,86年4月21日,三十五層,
RPTNMLQKIIJFFBE97CC,41,187.10,,加強磚造,62年5月11日,三層,
RPUOMLPKIIJFFGE58CC,2,66.68,見其他登記事項,見其他登記事項,101年9月1日,十五層,
RPUOMLPKIIJFFGE58CC,2,38.29,見其他登記事項,見其他登記事項,101年9月1日,十五層,
RPPPMLPKIIJFFGE18CC,6,313.33,見其他登記事項,見其他登記事項,97年9月12日,二層,
RPQOMLQKIIJFFEE08CC,33,89.12,,鋼筋混凝土造,70年12月24日,五層,
RPQNMLLKIIJFFAE07CC,4,42.72,商業用,見其它登記事項,99年6月1日,一層,
RPTNMLRKIIJFFDE28CC,35,240.44,,鋼筋混凝土造,68年7月28日,四層,
RPUNMLRKIIJFFCE28CC,5,186.64,住家用,鋼筋混凝土造,99年4月12日,四層,
RPROMLRKIIJFFDE18CC,40,182.40,,加強磚造,63年9月2日,三層,
RPSNMLRKIIJFFDE18CC,32,55.68,,鋼筋混凝土造,71年7月5日,十二層,
RPSNMLRKIIJFFDE18CC,32,256.99,,鋼筋混凝土造,71年7月5日,十二層,
RPSNMLRKIIJFFDE18CC,32,311.42,,鋼筋混凝土造,71年7月5日,十二層,
RPQNMLRKIIJFFBE77CC,26,130.21,,鋼筋混凝土造,77年8月5日,十二層,
RPPQMLPKIIJFFCE97DC,36,37.66,住商用,鋼筋混凝土造,67年7月27日,三層,
RPRNMLRKIIJFFCE97CC,25,143.71,住家用,鋼筋混凝土造,79年3月23日,二十二層,
RPXNMLRKIIJFFCE68DC,19,144.14,國民住宅,鋼筋混凝土造,85年1月17日,十六層,
RPVNMLRKIIJFFCE48DC,20,298.84,住商用,鋼筋混凝土造,83年8月9日,十二層,
RPQNMLSKIIJFFBE87CC,38,72.59,,鋼筋混凝土造,66年2月26日,二層,
RPOOMLRKIIJFFCE87DC,21,122.34,住家用,鋼筋混凝土造,82年5月7日,八層,
RPPNMLSKIIJFFCE87CC,24,208.31,商業用,鋼筋混凝土造,79年7月23日,十六層,
RPXNMLKLIIJFFBE87CC,25,49.61,,鋼筋混凝土造,78年11月9日,十二層,
RPOOMLKLIIJFFIE77CC,2,159.64,見其他登記事項,鋼筋混凝土造,101年12月21日,四層,
RPSNMLKLIIJFFAE27CC,44,153.20,,鋼筋混凝土造,59年7月6日,二層,
RPTNMLLLIIJFFBE57CC,42,142.21,住商用,加強磚造,61年5月26日,三層,
RPSOMLLLIIJFFCE67CC,5,65.30,見其它登記事項,鋼筋混凝土造,98年12月24日,十九層,
RPRNMLLLIIJFFBE37CC,48,158.07,,加強磚造,55年4月11日,三層,
RPXOMLLLIIJFFBE08CC,35,207.05,,鋼筋混凝土造,68年11月14日,五層,
RPSNMLLLIIJFFBE47CC,48,168.72,,加強磚造,55年12月26日,三層,
RPTNMLMLIIJFFCE77CC,7,154.07,住家用,鋼筋混凝土造,96年5月9日,二十七層,
RPSOMLMLIIJFFCE77CC,4,42.95,住家用,鋼筋混凝土造,100年1月25日,十五層,
RPSOMLMLIIJFFCE77CC,4,7.10,住家用,鋼筋混凝土造,100年1月25日,十五層,
RPSOMLMLIIJFFCE77CC,4,26.92,見其它登記事項,鋼筋混凝土造,100年1月25日,十五層,
RPUNMLMLIIJFFDE97CC,18,91.05,住商用,鋼筋混凝土造,85年6月26日,二十層,
RPVNMLMLIIJFFBE87CC,7,71.35,住家用,鋼筋混凝土造,96年5月8日,十五層,
RPVNMLMLIIJFFBE87CC,7,52.88,共有部分,鋼筋混凝土造,96年5月8日,十五層,
RPXNMLMLIIJFFDE28CC,18,97.46,住家用,鋼筋混凝土造,85年7月19日,二十四層,
RPXNMLMLIIJFFDE28CC,18,45.53,見使用執照,鋼筋混凝土造,85年7月19日,二十四層,
RPOOMLMLIIJFFDE47CC,1,145.95,住家用,鋼骨鋼筋混凝土造,102年11月12日,二十九層,
RPOOMLMLIIJFFDE47CC,1,32.90,住家用,鋼骨鋼筋混凝土造,102年11月12日,二十九層,
RPOOMLMLIIJFFDE47CC,1,109.66,共有部分,鋼骨鋼筋混凝土造,102年11月12日,二十九層,
RPWNMLMLIIJFFBE97CC,6,28.48,住家用,鋼筋混凝土造,97年9月19日,十三層,
RPWNMLMLIIJFFBE97CC,6,2.59,住家用,鋼筋混凝土造,97年9月19日,十三層,
RPWNMLMLIIJFFBE97CC,6,8.41,共有部分,鋼筋混凝土造,97年9月19日,十三層,
RPRPMLMLIIJFFEE97CC,3,123.21,住商用,鋼筋混凝土造,100年10月3日,十三層,
RPRPMLMLIIJFFEE97CC,3,41.16,共有部分,鋼筋混凝土造,100年10月3日,十三層,
RPXNMLNLIIJFFIE88CC,23,136.67,住商用,鋼筋混凝土造,80年7月5日,三層,
RPPQMLMLIIJFFEE87CC,8,5.50,住家用,鋼筋混凝土造,95年5月5日,十三層,
RPPQMLMLIIJFFEE87CC,8,47.07,住家用,鋼筋混凝土造,95年5月5日,十三層,
RPPQMLMLIIJFFEE87CC,8,.40,住家用,鋼筋混凝土造,95年5月5日,十三層,
RPPQMLMLIIJFFEE87CC,8,22.41,見使用執照,鋼筋混凝土造,95年5月5日,十三層,
RPTNMLMLIIJFFHE38DC,21,240.67,住商用,鋼筋混凝土造,83年1月8日,四層,
RPROMLMLIIJFFBE57CC,25,132.67,,鋼筋混凝土造,78年6月30日,七層,
RPQOMLMLIIJFFAE37CC,9,302.89,住商用,鋼筋混凝土造,94年12月8日,五層,
RPVOMLMLIIJFFAE87CC,1,114.38,住家用,鋼筋混凝土造,102年6月4日,十五層,
RPVOMLMLIIJFFAE87CC,1,17.45,住家用,鋼筋混凝土造,102年6月4日,十五層,
RPVOMLMLIIJFFAE87CC,1,84.85,見其它登記事項,鋼筋混凝土造,102年6月4日,十五層,
RPVNMLMLIIJFFAE77CC,52,78.09,,加強磚造,51年4月11日,二層,
RPVNMLNLIIJFFGE48CC,3,97.79,見其他登記事項,鋼筋混凝土造,100年9月12日,十五層,
RPWOMLMLIIJFFAE97CC,9,54.67,住家用,鋼筋混凝土造,94年9月9日,十四層,
RPWOMLMLIIJFFAE97CC,9,4.68,住家用,鋼筋混凝土造,94年9月9日,十四層,
RPWOMLMLIIJFFAE97CC,9,24.93,共有部分,鋼筋混凝土造,94年9月9日,十四層,
RPROMLNLIIJFFAE57CC,8,131.78,住商用,鋼筋混凝土造,95年10月13日,十五層,
RPROMLNLIIJFFAE57CC,8,34.86,見其它登記事項,鋼筋混凝土造,95年10月13日,十五層,
RPTOMLNLIIJFFBE87CC,6,58.14,住家用,鋼筋混凝土造,97年9月19日,十三層,
RPUOMLNLIIJFFBE97CC,38,75.88,,鋼筋混凝土造,66年3月19日,十一層,
RPUOMLNLIIJFFBE97CC,38,15.24,見其他登記事項,鋼筋混凝土造,66年3月19日,十一層,
RPQOMLNLIIJFFBE57CC,2,75.80,住家用,鋼筋混凝土造,102年1月10日,十五層,
RPVOMLNLIIJFFBE08CC,62,76.68,,鋼筋混凝土造,42年2月21日,二層,
RPTNMLNLIIJFFEE08CC,18,125.20,住家用,鋼筋混凝土造,85年4月24日,二十層,
RPXOMLNLIIJFFDE48CC,36,36.64,,鋼筋混凝土造,68年3月19日,二層,
RPXQMLNLIIJFFEE78CC,18,129.38,住家用,鋼筋混凝土造,86年1月7日,二十一層,
RPROMLNLIIJFFCE77CC,31,86.92,,鋼筋混凝土造,72年6月3日,十二層,
RPROMLNLIIJFFCE77CC,31,14.28,見使用執照,鋼筋混凝土造,72年6月3日,000,
RPOOMLNLIIJFFCE47CC,38,82.28,住家用,加強磚造,66年3月9日,二層,
RPWOMLNLIIJFFDE38CC,21,45.36,住家用,鋼筋混凝土造,82年6月4日,十九層,
RPWOMLNLIIJFFDE38CC,21,13.99,見使用執照,鋼筋混凝土造,82年6月4日,十九層,
RPQOMLOLIIJFFBE67CC,35,363.19,,鋼筋混凝土造,68年8月29日,六層,
RPROMLOLIIJFFBE77CC,47,121.66,,加強磚造,56年11月9日,二層,
RPPNMLOLIIJFFEE77CC,19,551.00,見使用執照,鋼筋混凝土造,84年5月10日,十五層,
RPPOMLOLIIJFFBE57CC,30,162.13,,鋼筋混凝土造,73年8月9日,七層,
RPSOMLOLIIJFFBE87CC,37,305.06,,鋼筋混凝土造,66年11月10日,五層,
RPUOMLOLIIJFFGE58CC,20,145.52,住家用,鋼筋混凝土造,83年8月27日,二十三層,
RPPNMLPLIIJFFGE08CC,19,23.50,住商用,鋼筋混凝土造,85年4月17日,七層,
RPPNMLPLIIJFFGE08CC,19,38.20,住商用,鋼筋混凝土造,85年4月17日,七層,
RPPNMLPLIIJFFGE08CC,19,14.40,住商用,鋼筋混凝土造,85年4月17日,七層,
RPPNMLPLIIJFFGE08CC,19,12.00,住商用,鋼筋混凝土造,85年4月17日,七層,
RPPNMLPLIIJFFGE08CC,19,18.94,共有部份,鋼筋混凝土造,85年4月17日,七層,
RPQNMLRLIIJFFBE87CC,5,148.57,住家用,鋼筋混凝土造,98年10月5日,十五層,
RPQNMLRLIIJFFBE87CC,5,25.48,住家用,鋼筋混凝土造,98年10月5日,十五層,
RPQNMLRLIIJFFBE87CC,,97.33,見其他登記事項,鋼筋混凝土造,,十五層,
RPPNMLQLIIJFFBE67CC,17,145.45,住家用,鋼筋混凝土造,86年4月21日,三十五層,
RPPNMLRLIIJFFAE67CC,8,82.08,住家用,鋼筋混凝土造,96年1月3日,十五層,
RPPNMLRLIIJFFAE67CC,8,11.62,住家用,鋼筋混凝土造,96年1月3日,十五層,
RPPNMLRLIIJFFAE67CC,8,51.51,見其它登記事項,鋼筋混凝土造,96年1月3日,十五層,
RPXNMLRLIIJFFAE48CC,19,808.53,商業用,鋼筋混凝土造,84年10月23日,四層,
RPQNMLPLIIJFFDE87CC,3,97.55,住商用,鋼筋混凝土造,101年2月8日,十五層,
RPQNMLPLIIJFFDE87CC,3,23.45,共有部分,鋼筋混凝土造,101年2月8日,十五層,
RPROMLSLIIJFFAE08CC,44,500.30,住商用,鋼筋混凝土造,59年4月27日,四層,
RPWNMLTLIIJFFDE88CC,36,168.24,,鋼筋混凝土造,67年10月2日,三層,
RPQOMLSLIIJFFEE38CC,7,27.87,住商用,鋼筋混凝土造,96年7月6日,五層,
RPRNMLTLIIJFFEE48CC,3,68.73,住家用,鋼筋混凝土造,100年5月27日,十一層,
RPRNMLTLIIJFFEE48CC,3,33.97,見其它登記事項,鋼筋混凝土造,100年5月27日,十一層,
RPXNMLSLIIJFFFE09CC,35,34.45,住商用,鋼筋混凝土造,68年4月22日,三層,
RPSOMLKMIIJFFAE47CC,25,115.67,商業用,鋼筋混凝土造,79年2月16日,十二層,
RPPOMLKMIIJFFCE37CC,37,78.85,,鋼筋混凝土造,66年5月21日,四層,
RPSOMLLMIIJFFCE77CC,9,90.78,住家用,鋼筋混凝土造,94年12月28日,十五層,
RPUOMLLMIIJFFCE97CC,9,146.82,住家用,鋼筋混凝土造,95年3月14日,十四層,
RPWOMLSLIIJFFBE68CC,11,97.51,住家用,鋼筋混凝土造,93年3月3日,十四層,
RPOPMLSLIIJFFBE97CC,17,231.53,商業用,鋼筋混凝土造,86年4月21日,三十五層,
RPTNMLSLIIJFFBE28CC,18,142.87,住家用,鋼筋混凝土造,86年1月20日,二十四層,
RPTNMLSLIIJFFBE28CC,18,51.81,見使用執照,鋼筋混凝土造,86年1月20日,二十四層,
RPRNMLTLIIJFFAE08CC,18,61.86,住家用,鋼筋混凝土造,86年2月15日,十三層,
RPRNMLTLIIJFFAE08CC,18,19.92,見使用執照,鋼筋混凝土造,86年2月15日,十四層,
RPPNMLTLIIJFFAE87CC,10,51.04,住家用,鋼筋混凝土造,93年11月4日,十四層,
RPUOMLLMIIJFFAE77CC,1,90.46,住家用,鋼筋混凝土造,102年5月27日,十五層,
RPROMLLMIIJFFDE77CC,21,343.52,住家用,鋼筋混凝土造,83年1月11日,十九層,
RPWNMLLMIIJFFAE87CC,2,102.65,住商用,鋼筋混凝土造,101年7月10日,十四層,
RPPOMLLMIIJFFGE87CC,19,119.12,住家用,鋼筋混凝土造,84年4月26日,十三層,
RPOPMLLMIIJFFAE27CC,31,109.70,,鋼筋混凝土造,73年2月29日,十二層,
RPVOMLLMIIJFFAE87CC,8,362.83,住商用,鋼筋混凝土造,95年10月16日,五層,
RPSNMLKMIIJFFBE47CC,18,113.39,住家用,鋼筋混凝土造,86年4月21日,三十五層,
