﻿編號,土地區段位置,土地移轉面積平方公尺,使用分區或編定
The serial number,land sector position,land shifting area square meter,the use zoning or compiles and checks
RPPOMLLJQHJFFIE48CC,北屋段,76.05,都市：住
RPWOMLLJQHJFFBE48CC,過田子段,118.00,都市：商
RPWOMLLJQHJFFBE48CC,過田子段,74.00,都市：商
RPXNMLLJQHJFFDE78DC,金獅段,6.07,都市：商
RPTNMLOJQHJFFDE58CC,鼎泰段,17.81,都市：住
RPRNMLMJQHJFFDE18CC,建豐段,12.26,都市：住
RPQNMLMJQHJFFDE08CC,大順段,9.23,都市：住
RPQNMLMJQHJFFDE08CC,大順段,20.33,都市：住
RPQNMLMJQHJFFDE08CC,大順段,33.86,都市：住
RPQNMLMJQHJFFDE08CC,大順段,18.49,都市：住
RPXQMLLJQHJFFGE66CC,新甲段,99.50,都市：其他
RPROMLLJQHJFFBE97CC,意誠段,.00,都市：商
RPWNMLOJQHJFFBE68CC,大統段二小段,.00,都市：商
RPQOMLLJQHJFFEE18CC,新庄段八小段,611.00,都市：住
RPQOMLLJQHJFFEE18CC,新庄段八小段,383.00,都市：住
RPPNMLMJQHJFFEE08CC,福山段,6.19,都市：商
RPUNMLOJQHJFFEE78CC,新庄段十三小段,111.00,都市：住
RPOPMLOJQHJFFBE08CC,新興段一小段,92.00,都市：商
RPQOMLOJQHJFFBE18CC,新興段一小段,7.19,都市：其他
RPTOMLOJQHJFFEE78CC,新福段七小段,20.69,都市：住
RPPOMLOJQHJFFEE38CC,福山段,11.74,都市：住
RPROMLOJQHJFFEE58CC,福山段,11.52,都市：住
RPVNMLPJQHJFFDE98DC,凱歌段,28.49,都市：住
RPOPMLPJQHJFFGE68CC,赤山段,88.00,都市：住
RPWOMLOJQHJFFCE88CC,新生段,39.69,都市：工
RPQOMLPJQHJFFBE28CC,過田子段,.00,非都市： ; 非都市編定：
RPPPMLOJQHJFFCE28CC,憲德段二小段,17.64,都市：商
RPTOMLOJQHJFFCE58CC,新生段,45.00,都市：住
RPTOMLOJQHJFFCE58CC,新生段,10.00,都市：住
RPTOMLOJQHJFFCE58CC,新生段,1.00,都市：住
RPWNMLOJQHJFFIE76CC,烏林段,1857.85,非都市：一般農業區 ; 非都市編定：農牧用地
RPPOMLOJQHJFFIE78CC,仁新段,991.74,都市：農
RPSPMLPJQHJFFBE58CC,林德官段,69.00,都市：商
RPTNMLQJQHJFFBE58CC,成功段,.00,都市：商
RPXNMLRJQHJFFBE09CC,林德官段二小段,.00,都市：住
RPRNMLQJQHJFFDE58CC,灣和段,20.18,都市：住
RPXOMLRJQHJFFDE76CC,大港段二小段,.00,都市：商
RPXPMLRJQHJFFEE96CC,高昌段,465.10,都市：其他
RPRQMLRJQHJFFEE09CC,新光段,16.47,都市：商
RPQOMLPJQHJFFEE58CC,新庄段一小段,127.00,都市：住
RPUNMLSJQHJFFDE09CC,覆鼎金段覆鼎金小段,99.00,都市：住
RPPNMLTJQHJFFBE48CC,林德官段一小段,56.00,都市：住
RPSOMLOJQHJFFFE88DC,下竹圍段,21.90,都市：住
RPTNMLOJQHJFFFE78CC,瓊安段,1652.89,都市：工
RPSNMLTJQHJFFBE78CC,意誠段,.00,都市：商
RPXOMLRJQHJFFGE07CC,埤頂段,.00,都市：住
RPPNMLTJQHJFFEE78CC,福民段,49.59,都市：住
RPROMLLKQHJFFEE38CC,藍田中段,81.53,都市：商
RPSOMLLKQHJFFBE18CC,五權段,81.00,都市：住
RPVOMLLKQHJFFCE58CC,草衙段二小段,181.04,都市：住
RPQNMLMKQHJFFCE08CC,草衙段二小段,181.04,都市：住
RPRNMLMKQHJFFCE18CC,草衙段二小段,181.04,都市：住
RPROMLPJQHJFFCE48CC,憲德段,106.00,都市：住
RPUNMLLKQHJFFCE38CC,瑞崗段四小段,39.00,都市：住
RPUNMLLKQHJFFCE38CC,瑞崗段四小段,20.00,都市：住
RPQOMLMKQHJFFGE58CC,新甲段,304.00,都市：住
RPPNMLRJQHJFFLE76DC,林子邊段,57.00,都市：住
RPWNMLMKQHJFFCE68CC,中安段,82.65,都市：住
RPVOMLMKQHJFFFE98CC,大仁段,80.00,都市：住
RPWOMLMKQHJFFFE09CC,台安段,2832.85,非都市：一般農業區 ; 非都市編定：農牧用地
RPSNMLMKQHJFFFE68DC,大紅段,2917.00,都市：住
RPTNMLNKQHJFFEE68CC,福山段,.00,都市：住
RPPNMLTJQHJFFAE38CC,前金段,378.00,都市：商
RPTNMLLKQHJFFAE08CC,龍華段八小段,148.75,都市：商
RPTOMLPJQHJFFAE48CC,鼓南段三小段,21.00,都市：商
RPXNMLSJQHJFFAE09CC,龍水段一小段,100.00,都市：住
RPQOMLOKQHJFFGE88DC,竹子腳段,78.00,都市：其他
RPWNMLOKQHJFFBE78CC,正言段,21.10,都市：商
RPROMLPKQHJFFBE48CC,新興段四小段,80.00,都市：商
RPROMLPKQHJFFCE58CC,憲德段二小段,13.62,都市：其他
RPXNMLOKQHJFFAE78CC,龍華段八小段,8.67,都市：商
RPPOMLPKQHJFFBE28CC,意誠段,5.85,都市：商
RPVOMLOKQHJFFAE68CC,龍華段二小段,92.00,都市：住
RPRNMLOKQHJFFAE18CC,青海段,24.95,都市：其他
RPTNMLOKQHJFFAE38CC,龍華段八小段,1294.00,都市：住
RPWPMLPKQHJFFEE76CC,新庄段十三小段,.00,都市：住
RPPOMLOKQHJFFBE18CC,林德官段二小段,30.90,都市：住
RPWNMLOKQHJFFAE68CC,龍華段二小段,68.12,都市：住
RPWNMLSKQHJFFEE86CC,新民段,18.70,都市：住
RPRNMLQKQHJFFIE56CC,北屋段,12.57,都市：其他
RPSNMLSKQHJFFCE88CC,獅甲段,17920.00,都市：住
RPTOMLTKQHJFFCE56CC,愛群段,13.76,都市：商
RPQNMLTKQHJFFDE88CC,三塊厝段四小段,14.77,都市：住
RPSNMLTKQHJFFCE98CC,瑞隆段一小段,775.00,都市：住
RPSNMLTKQHJFFCE98CC,瑞隆段一小段,17.00,都市：其他
RPSNMLTKQHJFFCE98CC,瑞隆段一小段,1.00,都市：住
RPSNMLTKQHJFFCE98CC,瑞隆段一小段,3.00,都市：其他
RPWNMLTKQHJFFGE17CC,大貝湖段,374.15,都市：住
RPWNMLTKQHJFFGE17CC,大貝湖段,.00,都市：住
RPTOMLTKQHJFFDE66CC,大順段,9.23,都市：住
RPTOMLTKQHJFFDE66CC,大順段,20.33,都市：住
RPTOMLTKQHJFFDE66CC,大順段,33.86,都市：住
RPTOMLTKQHJFFDE66CC,大順段,18.49,都市：住
RPRNMLKLQHJFFGE48CC,竹子腳段,39.10,都市：住
RPPOMLKLQHJFFGE38CC,埤頂段,77.00,都市：住
RPTNMLRKQHJFFBE78CC,意誠段,.00,都市：商
RPPNMLRKQHJFFBE38CC,意誠段,.00,都市：商
RPQNMLRKQHJFFBE48CC,意誠段,.00,都市：商
RPRNMLRKQHJFFBE58CC,意誠段,.00,都市：商
RPSNMLRKQHJFFBE68CC,意誠段,.00,都市：商
RPOPMLLLQHJFFEE28CC,新庄段十二小段,76.00,都市：住
RPTQMLLLQHJFFDE78CC,鼎中段,25.66,都市：其他
RPQPMLKLQHJFFDE28CC,大港段二小段,1170.00,都市：商
RPUQMLLLQHJFFDE88CC,鼎泰段,16.02,都市：住
RPOOMLKLQHJFFBE77CC,林德官段,15.62,都市：商
RPOOMLKLQHJFFBE77CC,林德官段,7.47,都市：商
RPRNMLLLQHJFFBE08CC,新興段四小段,.00,非都市： ; 非都市編定：
RPRNMLLLQHJFFBE08CC,新興段四小段,.00,非都市： ; 非都市編定：
RPQOMLMLQHJFFBE18CC,衛武段,38.80,都市：住
RPRNMLMLQHJFFBE18CC,苓洲段,.00,都市：商
RPVOMLMLQHJFFDE88CC,獅頭段,12.75,都市：住
RPPOMLMLQHJFFBE08CC,衛武段,17.60,都市：住
RPPOMLMLQHJFFBE08CC,衛武段,8.95,都市：住
RPQNMLMLQHJFFBE08CC,意誠段,.00,都市：商
RPXNMLMLQHJFFBE88DC,大統段二小段,.00,都市：商
RPUNMLMLQHJFFBE58DC,過田子段,.00,都市：商
RPWNMLMLQHJFFBE78DC,苓洲段,5.35,都市：商
RPVNMLMLQHJFFBE68DC,大統段一小段,14.63,都市：商
RPQOMLTKQHJFFAE68CC,龍華段二小段,23.93,都市：住
RPOOMLMLQHJFFBE08DC,林德官段一小段,2.06,都市：住
RPTOMLMLQHJFFDE78DC,灣華段,.00,都市：住
RPUOMLMLQHJFFDE88DC,大港段二小段,.00,都市：商
RPWOMLMLQHJFFDE09DC,大港段二小段,.00,都市：商
RPWOMLMLQHJFFDE09DC,大港段二小段,.00,都市：商
RPPPMLKLQHJFFAE97DC,龍華段八小段,7.68,都市：住
RPOOMLKLQHJFFAE77DC,龍華段八小段,7.68,都市：住
RPQNMLQLQHJFFCE58CC,瑞隆段一小段,879.00,都市：住
RPUNMLPLQHJFFBE78CC,大統段一小段,.00,非都市： ; 非都市編定：
RPQNMLNLQHJFFEE48CC,新庄段一小段,.00,都市：住
RPSNMLQLQHJFFCE78CC,草衙段二小段,181.04,都市：住
RPPOMLQLQHJFFGE98CC,五甲段,476.00,都市：住
RPXOMLRLQHJFFFE17CC,岡山段,109.35,都市：住
RPOPMLRLQHJFFFE98CC,岡山段,107.70,都市：住
RPVNMLQLQHJFFCE09CC,愛群段,16.49,都市：商
RPOOMLRLQHJFFLE86CC,大寮段,762.00,都市：工
RPOOMLRLQHJFFLE86CC,大寮段,108.00,都市：工
RPOOMLRLQHJFFLE86CC,大寮段,870.00,都市：工
RPOOMLRLQHJFFLE86CC,大寮段,976.00,都市：工
RPUNMLRLQHJFFCE09CC,愛群段,50.15,都市：商
RPUPMLRLQHJFFDE76CC,澄東段,.00,都市：住
RPQNMLOLQHJFFBE28CC,意誠段,.00,都市：商
RPUQMLRLQHJFFDE86CC,灣和段,.00,都市：住
RPRNMLQLQHJFFBE58CC,意誠段,.00,都市：商
RPPNMLOLQHJFFBE18CC,意誠段,.00,都市：商
RPQNMLRLQHJFFBE58CC,成功段,.00,非都市： ; 非都市編定：
RPPOMLRLQHJFFAE48CC,龍華段八小段,15.53,都市：商
RPXOMLSLQHJFFDE07CC,中華段二小段,.00,非都市： ; 非都市編定：
RPPNMLRLQHJFFAE38CC,文東段,3.54,都市：商
RPWNMLSLQHJFFAE56CC,前金段,214.00,都市：商
RPOPMLSLQHJFFDE88CC,中華段二小段,.00,非都市： ; 非都市編定：
RPQOMLSLQHJFFAE68CC,龍中段,803.84,都市：商
RPROMLSLQHJFFAE78CC,青海段,703.21,都市：住
RPQPMLSLQHJFFDE09CC,中華段二小段,.00,非都市： ; 非都市編定：
RPPPMLSLQHJFFDE98CC,中華段二小段,.00,非都市： ; 非都市編定：
RPPOMLSLQHJFFAE58CC,青海段,1445.28,都市：商
RPRPMLSLQHJFFDE56CC,中華段二小段,.00,非都市： ; 非都市編定：
RPTNMLSLQHJFFCE09CC,愛群段,891.00,都市：商
RPSOMLSLQHJFFGE86CC,五甲段,115.00,都市：住
RPSNMLSLQHJFFIE96CC,澄清段,191.14,都市：商
RPQNMLKLQHJFFJE68CC,智仁段,137.52,都市：住
RPVNMLKLQHJFFJE56CC,智仁段,75.35,都市：住
RPTOMLSLQHJFFGE96CC,文福段,2477.09,都市：住
RPRNMLTLQHJFFGE76CC,文福段,257.23,都市：住
RPRNMLTLQHJFFGE76CC,文福段,6.45,都市：住
RPPOMLTLQHJFFEE56DC,新庄段十三小段,.00,都市：商
RPPOMLTLQHJFFEE56DC,新庄段十三小段,.00,都市：商
RPSNMLTLQHJFFEE66CC,新民段,.00,都市：住
RPSNMLTLQHJFFEE66CC,新民段,.00,都市：住
RPSNMLTLQHJFFBE98CC,林聖段一小段,.00,非都市： ; 非都市編定：
RPTNMLLJRHJFFCE28CC,愛群段,6.11,都市：其他
RPQNMLKMQHJFFFE38CC,富貴段,184.00,都市：工
RPXNMLSLQHJFFEE07CC,福山段,330.53,都市：其他
RPRNMLLJRHJFFBE97CC,過田子段,.00,非都市： ; 非都市編定：
RPXNMLLJRHJFFBE58CC,大統段二小段,54.36,都市：商
RPQNMLLMQHJFFBE08CC,意誠段,.00,都市：商
RPPNMLLMQHJFFBE97CC,意誠段,.00,都市：商
RPPNMLLJRHJFFBE77CC,成功段,90.00,都市：商
RPUNMLLJRHJFFDE48CC,澄東段,161.35,都市：住
RPVOMLLJRHJFFAE38CC,龍水段一小段,32.06,都市：其他
RPUOMLLJRHJFFDE68DC,大順段,9.23,都市：住
RPUOMLLJRHJFFDE68DC,大順段,20.33,都市：住
RPUOMLLJRHJFFDE68DC,大順段,33.86,都市：住
RPUOMLLJRHJFFDE68DC,大順段,18.49,都市：住
RPWNMLKMQHJFFJE76CC,正義段,74.22,非都市：一般農業區 ; 非都市編定：甲種建築用地
RPWNMLKMQHJFFJE76CC,正義段,7.95,非都市：一般農業區 ; 非都市編定：甲種建築用地
RPWNMLKMQHJFFJE76CC,正義段,16.47,非都市：一般農業區 ; 非都市編定：甲種建築用地
RPVOMLLJRHJFFDE78DC,大豐段三小段,25.88,都市：住
RPSNMLLJRHJFFDE28CC,大裕段一小段,20.13,都市：住
RPWOMLLJRHJFFDE88DC,陽明段二小段,4.83,都市：住
RPPNMLMJRHJFFLE88CC,赤崁段潮州寮小段,1305.00,都市：農
RPWOMLLJRHJFFGE56DC,文山段,23.70,都市：住
RPXOMLLJRHJFFGE66DC,鳳山段大老衙小段,14.20,都市：商
RPTNMLMJRHJFFAE18CC,鹽壽段,9.57,都市：住
RPOOMLNJRHJFFAE87CC,龍中段,14.74,都市：商
RPQNMLMJRHJFFCE08CC,愛群段,47.00,都市：住
RPQNMLMJRHJFFCE08CC,愛群段,11.00,都市：住
RPQNMLMJRHJFFCE08CC,愛群段,10.00,都市：住
RPVNMLMJRHJFFCE58CC,獅甲段,.31,都市：住
RPVNMLMJRHJFFCE58CC,獅甲段,.97,都市：住
RPTNMLMJRHJFFCE38CC,獅甲段二小段,13.98,都市：住
RPPPMLNJRHJFFEE48CC,和平段五小段,3.43,都市：住
RPUNMLNJRHJFFCE58CC,盛興段,64.00,都市：住
RPQNMLNJRHJFFCE18CC,獅甲段,1.75,都市：住
RPQNMLNJRHJFFCE18CC,獅甲段,5.50,都市：住
RPQPMLMJRHJFFEE48CC,福民段,68.32,都市：住
RPTNMLNJRHJFFIE09CC,竹園段,206.00,都市：工
RPTNMLMJRHJFFBE28CC,意誠段,.00,都市：商
RPTNMLNJRHJFFFE78CC,程香段,1487.60,都市：農
RPUNMLMJRHJFFBE38CC,意誠段,.00,都市：商
RPOOMLNJRHJFFBE97CC,大統段一小段,11.72,都市：商
RPPPMLOJRHJFFCE38CC,盛興段,64.00,都市：住
RPQNMLOJRHJFFGE68CC,七老爺段,66.12,都市：住
RPQNMLOJRHJFFGE68CC,七老爺段,216.00,都市：住
RPQNMLOJRHJFFGE68CC,七老爺段,67.00,都市：住
RPQNMLOJRHJFFGE68CC,七老爺段,27.50,都市：住
RPSNMLNJRHJFFDE58DC,獅頭段,10.41,都市：商
RPUOMLNJRHJFFDE78CC,澄東段,161.35,都市：住
RPUOMLPJRHJFFEE09CC,菜公段一小段,28.88,都市：其他
RPTNMLPJRHJFFEE88CC,新光段,8.37,都市：其他
RPPNMLOJRHJFFAE97CC,博孝段,5.80,都市：住
RPQNMLOJRHJFFAE08CC,博孝段,5.40,都市：住
RPVNMLPJRHJFFAE68CC,文東段,3.54,都市：商
RPUOMLOJRHJFFAE58CC,龍華段八小段,9.18,都市：住
RPPPMLPJRHJFFEE68CC,和平段四小段,.00,都市：住
RPXOMLPJRHJFFDE76DC,建民段,.00,非都市： ; 非都市編定：
RPVNMLOJRHJFFBE68CC,意誠段,.00,都市：商
RPOOMLOJRHJFFBE08CC,意誠段,.00,都市：商
RPPOMLOJRHJFFBE18CC,意誠段,.00,都市：商
RPUNMLOJRHJFFBE58CC,意誠段,.00,都市：商
RPXOMLTJRHJFFEE17CC,新庄段十三小段,3.58,都市：商
RPQNMLQJRHJFFEE68CC,福山段,7.19,都市：其他
RPSOMLTJRHJFFAE88CC,前金段,24.00,都市：住
RPRNMLQJRHJFFEE78CC,新庄段七小段,11.73,都市：住
RPWNMLTJRHJFFAE56CC,前金段,970.49,都市：商
RPSOMLKKRHJFFGE68CC,新甲段,36.65,都市：住
RPPPMLKKRHJFFEE28CC,和平段四小段,.00,都市：住
RPUOMLTJRHJFFFE96CC,富貴段,83.00,非都市： ; 非都市編定：
RPXOMLKKRHJFFCE78CC,愛群段,891.00,都市：商
RPVNMLTJRHJFFIE37DC,仁龍段,1554.05,非都市：特定農業區 ; 非都市編定：農牧用地
RPVNMLTJRHJFFIE37DC,仁龍段,1290.25,非都市：特定農業區 ; 非都市編定：農牧用地
RPWOMLKKRHJFFCE68CC,愛群段,891.00,都市：商
RPTOMLTJRHJFFBE09CC,五塊厝段,53.00,都市：商
RPSOMLTJRHJFFBE98CC,林德官段,148.00,都市：住
RPPOMLTJRHJFFBE68CC,林德官段,.00,都市：住
RPXOMLTJRHJFFBE86CC,五塊厝段,34.80,都市：住
RPQPMLKKRHJFFCE18CC,憲德段一小段,1.04,都市：住
RPQPMLKKRHJFFCE18CC,憲德段一小段,13.88,都市：商
RPOPMLKKRHJFFCE97CC,獅甲段一小段,5616.07,都市：住
RPTOMLKKRHJFFFE68CC,岡山段,.00,都市：住
RPQNMLLKRHJFFBE97CC,苓洲段,.00,非都市： ; 非都市編定：
RPQNMLTJRHJFFBE68CC,新興段一小段,3.56,都市：住
RPQNMLTJRHJFFBE68CC,新興段一小段,3.73,都市：住
RPQNMLTJRHJFFBE68CC,新興段一小段,.25,都市：住
RPPOMLLKRHJFFBE97CC,意誠段,24.98,都市：商
RPRNMLLKRHJFFBE08CC,過田子段,.00,非都市： ; 非都市編定：
RPVNMLLKRHJFFFE88CC,頂蚵子寮段,116.00,都市：商
RPTNMLLKRHJFFIE98CC,大腿段,77.00,都市：工
RPTNMLLKRHJFFIE98CC,大腿段,3.06,都市：工
RPSOMLMKRHJFFAE28CC,龍中段,1171.25,都市：商
RPWNMLLKRHJFFIE66CC,萬金段,9011.72,都市：其他
RPWNMLLKRHJFFIE66CC,萬金段,534.97,都市：其他
RPORMLKKRHJFFDE28CC,大港段,15.70,都市：商
RPTOMLMKRHJFFAE38CC,前金段,.00,都市：住
RPTOMLMKRHJFFCE58CC,愛群段,891.00,都市：商
RPUOMLMKRHJFFCE68CC,愛群段,891.00,都市：商
RPUNMLNKRHJFFEE88CC,新庄段十三小段,392.00,都市：住
RPVNMLNKRHJFFGE56CC,鳳山段大老衙小段,48.00,都市：商
RPSQMLMKRHJFFEE88CC,福山段,1562.72,都市：商
RPWOMLMKRHJFFCE88CC,獅甲段二小段,30265.13,都市：其他
RPVNMLPKRHJFFAE78CC,內惟段一小段,544.00,都市：住
RPVNMLPKRHJFFAE78CC,內惟段一小段,16.00,都市：住
RPVNMLPKRHJFFAE78CC,內惟段一小段,8.00,都市：住
RPWNMLPKRHJFFAE88CC,青海段,30.60,都市：住
RPPNMLMKRHJFFBE97CC,過田子段,56.00,都市：其他
RPXOMLMKRHJFFBE88CC,林聖段,170.00,都市：住
RPVOMLMKRHJFFBE68CC,新興段四小段,5.47,非都市： ; 非都市編定：
RPPOMLPKRHJFFDE58CC,灣中段,84.45,都市：商
RPSOMLPKRHJFFDE88CC,鼎泰段,.00,都市：商
RPWNMLPKRHJFFBE98CC,五塊厝段三小段,.00,都市：商
RPRNMLOKRHJFFBE38CC,意誠段,.00,都市：商
RPRNMLPKRHJFFEE78CC,新光段,8.72,都市：商
RPQNMLOKRHJFFBE28CC,意誠段,.00,都市：商
RPSNMLOKRHJFFBE48CC,新興段二小段,.00,都市：商
RPQOMLPKRHJFFGE98CC,灣頭段,106.52,都市：住
RPVNMLPKRHJFFGE76CC,文山段,11.66,都市：住
RPUNMLPKRHJFFEE09CC,新民段,103.30,都市：住
RPSNMLQKRHJFFAE58CC,鹽壽段,.00,都市：商
RPSNMLPKRHJFFEE88CC,新庄段五小段,19.30,都市：住
RPQNMLQKRHJFFCE68DC,愛群段,117.00,都市：商
RPUPMLRKRHJFFDE76CC,灣立段,30.33,都市：住
RPROMLRKRHJFFCE88CC,憲德段二小段,4878.79,都市：商
RPWNMLQKRHJFFEE86DC,後段,.00,都市：住
RPTNMLSKRHJFFDE56CC,灣華段,58.24,都市：住
RPTNMLRKRHJFFJE07CC,三爺段,3718.00,非都市：一般農業區 ; 非都市編定：農牧用地
RPUOMLSKRHJFFEE86CC,新庄段七小段,2831.00,都市：住
RPOPMLSKRHJFFEE98CC,楠都段二小段,19.43,都市：其他
RPUNMLRKRHJFFLE37CC,會結南段,628.10,都市：農
RPROMLSKRHJFFBE88CC,武聖段,13.00,都市：住
RPOOMLQKRHJFFBE38CC,林德官段一小段,44.96,都市：住
RPTNMLSKRHJFFBE98CC,意誠段,.00,都市：商
RPPOMLRKRHJFFBE58CC,意誠段,.00,都市：商
RPVNMLQKRHJFFBE98CC,意誠段,9.80,都市：其他
RPQNMLSKRHJFFBE68CC,新興段四小段,177.00,都市：商
RPTNMLQKRHJFFBE78CC,苓洲段,.00,非都市： ; 非都市編定：
RPPOMLSKRHJFFBE68CC,正憲段,62.22,都市：商
RPUNMLSKRHJFFAE98CC,青海段,2076.96,都市：住
RPTOMLTKRHJFFCE66CC,愛群段,.00,非都市： ; 非都市編定：
RPVPMLTKRHJFFGE37CC,新庄子段,.00,都市：住
RPRNMLMLRHJFFAE18CC,青海段,18.93,都市：商
RPWNMLTKRHJFFAE66CC,龍中段,.00,都市：住
RPPNMLKLRHJFFAE77CC,大榮段,18.00,都市：商
RPPNMLKLRHJFFAE77CC,大榮段,3.00,都市：商
RPPNMLKLRHJFFAE77CC,大榮段,40.00,都市：商
RPPNMLKLRHJFFAE77CC,大榮段,64.00,都市：商
RPSNMLKLRHJFFAE08CC,府北段五小段,18.26,都市：住
RPQNMLKLRHJFFEE28CC,新福段七小段,18.45,都市：住
RPQNMLMLRHJFFEE48CC,新庄段九小段,297.00,都市：住
RPTNMLMLRHJFFEE78CC,藍田中段,.00,都市：住
RPWNMLMLRHJFFFE56CC,岡山段,109.35,都市：住
RPROMLNLRHJFFGE98CC,道爺段,3525.00,都市：住
RPRNMLMLRHJFFIE98CC,大德段一小段,81.59,都市：住
RPVOMLNLRHJFFGE76CC,大貝湖段,1519.11,都市：住
RPVOMLNLRHJFFAE88DC,龍華段八小段,20.11,都市：商
RPURMLNLRHJFFEE76CC,新庄段十三小段,1094.00,都市：商
RPWQMLNLRHJFFEE86CC,新庄段十三小段,1392.00,都市：商
RPOOMLTKRHJFFBE68CC,成功段,7.91,都市：住
RPTOMLTKRHJFFBE56CC,林德官段,.00,非都市： ; 非都市編定：
RPXNMLMLRHJFFBE88CC,苓洲段,55.00,都市：商
RPOOMLMLRHJFFBE08CC,林興段,142.00,都市：住
RPOOMLMLRHJFFBE08CC,林興段,28.00,都市：住
RPOOMLMLRHJFFBE08CC,林興段,66.00,都市：住
RPROMLMLRHJFFBE38CC,苓洲段,55.00,都市：商
RPSOMLTKRHJFFBE09CC,林德官段二小段,.00,都市：住
RPTNMLMLRHJFFBE48CC,過田子段,.00,非都市： ; 非都市編定：
RPSNMLNLRHJFFHE56DC,永和段,87.76,都市：住
RPVRMLNLRHJFFEE86CC,藍田中段,76.53,都市：住
RPQOMLNLRHJFFCE48CC,愛群段,891.00,都市：商
RPSOMLNLRHJFFCE68CC,愛群段,3367.00,都市：商
RPRNMLNLRHJFFDE58CC,建民段,9.20,都市：商
RPQOMLNLRHJFFDE58CC,大順段,9.23,都市：住
RPQOMLNLRHJFFDE58CC,大順段,20.33,都市：住
RPQOMLNLRHJFFDE58CC,大順段,33.86,都市：住
RPQOMLNLRHJFFDE58CC,大順段,18.49,都市：住
RPWOMLNLRHJFFAE88CC,龍中段,2246.32,都市：商
RPOOMLOLRHJFFAE18CC,龍中段,12.98,非都市： ; 非都市編定：
RPUOMLNLRHJFFAE68CC,博孝段,1029.00,都市：商
RPUPMLOLRHJFFDE56CC,灣華段,.00,都市：商
RPUPMLOLRHJFFDE56CC,灣華段,.00,都市：商
RPPOMLOLRHJFFDE58CC,大順段,.00,都市：商
RPOOMLPLRHJFFIE09CC,草潭段,105.56,都市：住
RPTOMLPLRHJFFDE09CC,獅頭段,72.00,都市：住
RPOOMLOLRHJFFCE48DC,瑞隆段二小段,15.84,都市：住
RPPOMLPLRHJFFIE56CC,草潭段,105.56,都市：住
RPOPMLPLRHJFFEE78CC,菜公段六小段,14.17,都市：其他
RPTNMLNLRHJFFBE58CC,苓雅寮段,7.34,都市：商
RPSNMLNLRHJFFBE48CC,大統段一小段,1047.00,都市：商
RPVNMLNLRHJFFBE78CC,新興段一小段,1287.00,都市：商
RPQNMLNLRHJFFBE28CC,意誠段,.00,都市：商
RPUNMLNLRHJFFBE68CC,大統段一小段,1047.00,都市：商
RPSNMLPLRHJFFBE68CC,五塊厝段,27.72,都市：住
RPPNMLNLRHJFFBE18CC,過田子段,.00,非都市： ; 非都市編定：
RPTNMLQLRHJFFAE78CC,龍華段八小段,1511.50,都市：商
RPXNMLPLRHJFFCE66CC,獅甲段二小段,8.50,都市：住
RPVOMLQLRHJFFAE09CC,龍華段八小段,5.94,都市：其他
RPWQMLQLRHJFFEE17CC,福山段,81.21,都市：其他
RPTRMLQLRHJFFEE96CC,福山段,.00,都市：住
RPTNMLPLRHJFFCE88CC,獅甲段,1854.00,都市：住
RPTPMLQLRHJFFAE98CC,龍華段八小段,.00,都市：住
RPXNMLRLRHJFFEE07CC,福山段,1099.85,都市：商
RPWPMLQLRHJFFDE96CC,大港段三小段,.00,都市：商
RPURMLQLRHJFFEE07CC,福山段,.00,都市：住
RPQNMLRLRHJFFGE56CC,竹子腳段,346.00,都市：住
RPQOMLQLRHJFFGE56CC,曹公段,330.00,非都市：一般農業區 ; 非都市編定：農牧用地
RPSNMLQLRHJFFCE88CC,憲德段二小段,4793.84,都市：商
RPSNMLTLRHJFFAE98CC,鹽府段,49.00,都市：商
RPSNMLTLRHJFFAE98CC,鹽府段,12.00,都市：其他
RPSNMLTLRHJFFAE98CC,鹽府段,3.00,都市：商
RPWNMLQLRHJFFIE27CC,萬金段,64.94,都市：住
RPPNMLRLRHJFFLE96CC,大寮段,2002.00,都市：農
RPPNMLRLRHJFFLE96CC,大寮段,252.00,都市：農
RPPNMLRLRHJFFLE96CC,大寮段,482.00,都市：農
RPPNMLRLRHJFFLE96CC,大寮段,105.00,都市：農
RPUNMLTLRHJFFAE56CC,青海段,703.21,都市：住
RPRNMLTLRHJFFEE66CC,新民段,254.73,都市：住
RPTNMLTLRHJFFEE86CC,新福段九小段,6.13,都市：商
RPRNMLRLRHJFFBE78CC,過田子段,87.00,都市：商
RPWNMLTLRHJFFBE86CC,苓洲段,596.00,都市：商
RPQNMLRLRHJFFBE68CC,意誠段,.00,都市：商
RPOOMLTLRHJFFBE78CC,意誠段,.00,都市：商
RPROMLTLRHJFFBE09CC,林德官段,.00,都市：商
RPPOMLTLRHJFFBE88CC,苓雅寮段,.00,非都市： ; 非都市編定：
RPQNMLTLRHJFFCE98CC,憲德段二小段,3313.74,都市：商
RPSNMLTLRHJFFFE86CC,岡山段,92.40,都市：住
RPPOMLTLRHJFFDE09CC,灣立段,85.94,都市：商
RPPOMLTLRHJFFDE09CC,灣立段,74.59,都市：商
RPPOMLKMRHJFFGE58CC,竹子腳段,22.15,都市：住
RPSOMLKMRHJFFGE88CC,牛潮埔段,235.00,都市：工
RPUOMLKMRHJFFDE78CC,大港段三小段,.00,非都市： ; 非都市編定：
RPWNMLKMRHJFFCE78CC,瑞隆段四小段,189.00,都市：商
RPQNMLTLRHJFFDE09CC,灣內段,63.37,都市：住
RPVOMLLJIIJFFCE77CC,憲德段一小段,2.72,都市：住
RPXNMLLJIIJFFDE97CC,獅頭段,12.84,都市：住
RPXOMLLJIIJFFDE08CC,大港段,18.84,都市：商
RPXNMLKMRHJFFBE78CC,新興段一小段,92.00,都市：商
RPSNMLKMRHJFFBE28CC,新興段一小段,261.00,都市：其他
RPQNMLKMRHJFFBE08CC,過田子段,69.42,都市：其他
RPQNMLKMRHJFFBE08CC,過田子段,2.56,都市：其他
RPXOMLLJIIJFFEE18CC,福民段,395.93,都市：住
RPUNMLLJIIJFFEE77CC,新庄段十三小段,1.91,都市：商
RPOOMLLJIIJFFFE37CC,大智段協和小段,18.27,都市：住
RPRNMLLJIIJFFLE18CC,內厝段,68.00,都市：其他
RPPNMLLJIIJFFIE67CC,美德段,578.03,都市：其他
RPXNMLMJIIJFFGE38CC,牛潮埔段,396.69,都市：工
RPUNMLMJIIJFFEE87CC,高昌段,528.93,都市：住
RPQNMLMJIIJFFJE97CC,九鬮段,1157.02,非都市：一般農業區 ; 非都市編定：農牧用地
RPSNMLMJIIJFFJE18CC,大仁段,958.68,都市：工
RPSOMLMJIIJFFEE77CC,福山段,1388.65,都市：住
RPWNMLLJIIJFFAE57CC,龍華段八小段,6.27,都市：其他
RPOOMLLJIIJFFAE86CC,鹽壽段,.00,都市：商
RPSNMLLJIIJFFAE17CC,龍華段八小段,2.82,都市：商
RPPOMLMJIIJFFCE27CC,盛興段,15.52,都市：商
RPVNMLMJIIJFFCE77CC,瑞隆段三小段,499.99,都市：住
RPVNMLMJIIJFFAE57CC,龍中段,11.98,都市：住
RPWOMLNJIIJFFAE87CC,龍華段二小段,25.76,都市：商
RPVOMLNJIIJFFAE77CC,龍華段八小段,30.58,都市：住
RPTOMLNJIIJFFAE57CC,青海段,78.00,都市：住
RPXOMLNJIIJFFAE97CC,龍華段八小段,10.74,都市：住
RPXNMLMJIIJFFAE77CC,龍中段,8.31,都市：住
RPPNMLOJIIJFFDE47CC,中華段二小段,.00,非都市： ; 非都市編定：
RPSNMLNJIIJFFIE18CC,長庚段,1073.00,都市：其他
RPSNMLNJIIJFFIE18CC,長庚段,976.00,都市：其他
RPQOMLNJIIJFFDE57CC,水源段,75.58,都市：其他
RPPNMLOJIIJFFAE17CC,龍華段八小段,.00,非都市： ; 非都市編定：
RPSPMLOJIIJFFEE08CC,楠都段一小段,26.93,都市：商
RPSNMLOJIIJFFEE87CC,新庄段十三小段,.00,非都市： ; 非都市編定：
RPSNMLOJIIJFFEE87CC,新庄段十三小段,.00,非都市： ; 非都市編定：
RPRNMLMJIIJFFDE47CC,灣內段,50.29,都市：其他
RPRNMLMJIIJFFDE47CC,灣內段,4.44,都市：其他
RPRNMLMJIIJFFDE47CC,灣內段,22.46,都市：其他
RPRNMLMJIIJFFDE47CC,灣內段,248.66,都市：其他
RPPNMLPJIIJFFAE27CC,龍華段八小段,120.50,都市：農
RPPNMLPJIIJFFAE27CC,龍華段八小段,120.50,都市：農
RPQNMLQJIIJFFAE47CC,龍華段八小段,6.70,都市：商
RPTNMLMJIIJFFDE67CC,大港段三小段,66.00,都市：商
RPQNMLOJIIJFFAE27CC,龍中段,.00,非都市： ; 非都市編定：
RPPNMLPJIIJFFEE67CC,清豐段,82.56,都市：住
RPSNMLQJIIJFFAE67CC,龍華段八小段,10.32,都市：住
RPWNMLQJIIJFFAE08CC,龍中段,11.87,都市：其他
RPOOMLKMRHJFFBE97CC,林聖段,87.00,都市：住
RPPNMLOJIIJFFBE27CC,過田子段,.00,非都市： ; 非都市編定：
RPVOMLRJIIJFFAE18CC,龍華段三小段,151.00,都市：住
RPQPMLRJIIJFFAE77CC,龍華段八小段,6.87,都市：住
RPTNMLRJIIJFFEE28CC,福民段,10.94,都市：住
RPPPMLRJIIJFFDE97CC,澄東段,132.23,都市：住
RPVNMLRJIIJFFEE48CC,新庄段七小段,14.30,都市：住
RPUNMLRJIIJFFCE18CC,瑞隆段三小段,37.00,都市：商
RPVOMLSJIIJFFDE58CC,建安段,195.00,都市：商
RPVPMLRJIIJFFDE58CC,大港段二小段,28.60,都市：商
RPROMLSJIIJFFDE18CC,三塊厝段三小段,222.00,都市：住
RPVNMLRJIIJFFCE28CC,瑞隆段三小段,37.00,都市：商
RPOSMLRJIIJFFEE28CC,新民段,.00,都市：住
RPOSMLRJIIJFFEE28CC,新民段,.00,都市：住
RPOOMLRJIIJFFDE77CC,鼎泰段,19.24,都市：住
RPSNMLSJIIJFFEE28CC,新庄段四小段,85.00,都市：其他
RPWOMLSJIIJFFEE78CC,福山段,.00,都市：住
RPUOMLSJIIJFFEE58CC,新博段,.00,都市：住
RPVNMLSJIIJFFGE78CC,新甲段,.00,都市：商
RPUNMLTJIIJFFFE68CC,大仁段,62.00,都市：住
RPXNMLTJIIJFFEE98DC,左西段,118.00,都市：商
RPROMLTJIIJFFIE78CC,青雲段,67.52,非都市： ; 非都市編定：
RPUOMLSJIIJFFAE18CC,鹽新段,90.00,非都市： ; 非都市編定：
RPPOMLTJIIJFFCE97CC,愛群段,.00,非都市： ; 非都市編定：
RPQOMLSJIIJFFAE77CC,青海段,.00,都市：住
RPWNMLTJIIJFFAE38CC,龍華段八小段,657.00,都市：商
RPTOMLTJIIJFFAE18CC,鼓中段五小段,16.12,都市：住
RPQOMLTJIIJFFCE08CC,盛興段,170.00,都市：商
RPQNMLKKIIJFFDE27CC,大港段,86.00,都市：商
RPSNMLKKIIJFFGE77CC,五甲段,75.00,都市：住
RPRNMLLKIIJFFDE47CC,建德段,23.60,都市：住
RPROMLSJIIJFFAE97DC,博孝段,2124.00,都市：住
RPPNMLSJIIJFFLE68CC,會社段,81.00,都市：商
RPTNMLOKIIJFFDE97CC,建豐段,297.52,都市：住
RPUNMLOKIIJFFDE08CC,大順段,35.03,都市：商
RPTOMLPKIIJFFDE18CC,三塊厝段一小段,3.44,都市：商
RPPNMLNKIIJFFJE08CC,崎漏段,136.00,都市：住
RPSNMLKKIIJFFAE17CC,龍華段八小段,302.25,都市：商
RPSOMLSJIIJFFAE08DC,博孝段,2124.00,都市：住
RPVNMLOKIIJFFEE28CC,菜公段六小段,72.80,都市：住
RPPOMLNKIIJFFAE27CC,內惟段四小段,85.00,都市：住
RPQOMLPKIIJFFEE97CC,福山段,.00,都市：住
RPROMLPKIIJFFBE77CC,過田子段,.00,非都市： ; 非都市編定：
RPPOMLPKIIJFFEE87CC,新庄段十三小段,2.77,都市：住
RPPNMLLKIIJFFAE96CC,大勇段,82.00,都市：商
RPPNMLLKIIJFFAE96CC,大勇段,20.00,都市：商
RPUNMLQKIIJFFAE97CC,青海段,229.84,都市：住
RPVNMLQKIIJFFBE18CC,意誠段,.00,都市：商
RPRNMLQKIIJFFBE77CC,意誠段,.00,都市：商
RPTNMLQKIIJFFBE97CC,林德官段,27.00,都市：商
RPTNMLQKIIJFFBE97CC,林德官段,47.00,都市：商
RPUOMLPKIIJFFGE58CC,赤山段,.00,都市：住
RPWNMLQKIIJFFBE28CC,苓洲段,61.00,都市：其他
RPPPMLPKIIJFFGE18CC,大貝湖段,244.30,都市：住
RPQOMLQKIIJFFEE08CC,加昌段,775.00,都市：其他
RPQNMLLKIIJFFAE07CC,龍華段九小段,295.00,都市：住
RPTNMLRKIIJFFDE28CC,澄清段一小段,90.00,都市：住
RPUNMLRKIIJFFCE28CC,中安段,85.91,都市：住
RPROMLRKIIJFFDE18CC,大港段四小段,80.00,都市：商
RPTNMLRKIIJFFBE08CC,新興段一小段,22.00,都市：住
RPTNMLRKIIJFFBE08CC,新興段一小段,22.00,都市：住
RPSNMLRKIIJFFDE18CC,大港段二小段,.00,都市：商
RPSNMLRKIIJFFDE18CC,大港段二小段,.00,都市：商
RPQNMLRKIIJFFBE77CC,過田子段,.00,非都市： ; 非都市編定：
RPPQMLPKIIJFFCE97DC,青島段二小段,104.00,都市：住
RPRNMLRKIIJFFCE97CC,愛群段,.00,非都市： ; 非都市編定：
RPXNMLRKIIJFFCE68DC,光華段一小段,.00,非都市： ; 非都市編定：
RPVNMLRKIIJFFCE48DC,獅甲段二小段,.00,非都市： ; 非都市編定：
RPQNMLSKIIJFFBE87CC,林聖段,56.99,都市：住
RPOOMLRKIIJFFCE87DC,鎮昌段一小段,.00,非都市： ; 非都市編定：
RPPNMLSKIIJFFCE87CC,盛興段一小段,.00,非都市： ; 非都市編定：
RPXNMLKLIIJFFBE87CC,過田子段,.00,非都市： ; 非都市編定：
RPOOMLKLIIJFFIE77CC,林內段,70.00,都市：住
RPSNMLKLIIJFFAE27CC,龍華段二小段,92.00,都市：住
RPTNMLLLIIJFFBE57CC,過田子段,59.00,都市：住
RPSOMLLLIIJFFCE67CC,愛群段,6.83,都市：住
RPRNMLLLIIJFFBE37CC,苓東段,82.00,都市：商
RPXOMLLLIIJFFBE08CC,大統段二小段,25.00,都市：商
RPSNMLLLIIJFFBE47CC,苓洲段,44.00,都市：商
RPSNMLLLIIJFFBE47CC,苓洲段,26.00,都市：商
RPSNMLLLIIJFFBE47CC,苓洲段,2.00,都市：商
RPTNMLMLIIJFFCE77CC,憲德段二小段,.00,都市：住
RPSOMLMLIIJFFCE77CC,愛群段,891.00,都市：商
RPUNMLMLIIJFFDE97CC,灣華段,8.44,都市：住
RPVNMLMLIIJFFBE87CC,成功段,.00,都市：住
RPXNMLMLIIJFFDE28CC,覆鼎金段覆鼎金小段,.00,都市：住
RPOOMLMLIIJFFDE47CC,中華段二小段,1632.00,都市：商
RPWNMLMLIIJFFBE97CC,苓洲段,596.00,都市：商
RPOOMLMLIIJFFEE57CC,福民段,228.10,都市：其他
RPRPMLMLIIJFFEE97CC,新光段,.00,都市：住
RPRNMLMLIIJFFLE48CC,翁公園段,83.00,都市：其他
RPRNMLMLIIJFFLE48CC,翁公園段,1417.00,都市：農
RPXNMLNLIIJFFIE88CC,澄清段,73.88,都市：住
RPPQMLMLIIJFFEE87CC,新庄段七小段,7.82,都市：住
RPTNMLMLIIJFFHE38DC,旗南段,79.58,都市：住
RPROMLMLIIJFFBE57CC,過田子段,76.12,都市：其他
RPQOMLMLIIJFFAE37CC,青海段,.00,都市：住
RPVOMLMLIIJFFAE87CC,龍華段八小段,1511.50,都市：商
RPVNMLMLIIJFFAE77CC,前金段,56.00,都市：商
RPVNMLNLIIJFFGE48CC,文山段,23.87,都市：住
RPWOMLMLIIJFFAE97CC,龍中段,4968.49,都市：住
RPROMLNLIIJFFAE57CC,青海段,22.95,都市：其他
RPROMLNLIIJFFAE57CC,龍水段,6.32,都市：其他
RPTOMLNLIIJFFBE87CC,苓洲段,.00,都市：住
RPUOMLNLIIJFFBE97CC,林德官段,10.03,都市：商
RPQOMLNLIIJFFBE57CC,新興段四小段,.00,都市：住
RPVOMLNLIIJFFBE08CC,新興段四小段,.00,都市：商
RPTNMLNLIIJFFEE08CC,福山段,9.37,都市：住
RPXOMLNLIIJFFDE48CC,大豐段三小段,74.00,都市：住
RPXQMLNLIIJFFEE78CC,和平段五小段,.00,都市：住
RPROMLNLIIJFFCE77CC,盛興段,11.21,都市：住
RPOOMLNLIIJFFCE47CC,孔宅段,.00,都市：住
RPWOMLNLIIJFFDE38CC,建德段,4.59,都市：商
RPQOMLOLIIJFFBE67CC,林德官段,199.00,都市：商
RPROMLOLIIJFFBE77CC,苓東段,83.00,都市：住
RPPNMLOLIIJFFEE77CC,新庄段十二小段,66.31,都市：住
RPPOMLOLIIJFFBE57CC,林德官段二小段,30.58,都市：住
RPSOMLOLIIJFFBE87CC,意誠段,82.38,都市：商
RPUOMLOLIIJFFGE58CC,文英段,3044.00,都市：住
RPSOMLOLIIJFFIE58CC,綠園段,462.50,都市：農
RPSOMLOLIIJFFIE58CC,綠園段,462.50,非都市：特定農業區 ; 非都市編定：農牧用地
RPPNMLPLIIJFFGE08CC,新甲段,17.35,都市：住
RPQNMLRLIIJFFBE87CC,苓洲段,1101.00,都市：商
RPPNMLQLIIJFFBE67CC,意誠段,.00,都市：商
RPPNMLRLIIJFFAE67CC,興福段,2494.00,都市：商
RPXNMLRLIIJFFAE48CC,東金段,484.00,都市：商
RPQNMLPLIIJFFDE87CC,澄東段,27.86,都市：住
RPROMLSLIIJFFAE08CC,鹽新段,120.00,都市：商
RPROMLSLIIJFFAE08CC,鹽新段,13.00,都市：商
RPWNMLTLIIJFFDE88CC,寶國段,68.46,都市：商
RPQOMLSLIIJFFEE38CC,新庄段一小段,.00,都市：住
RPRNMLTLIIJFFEE48CC,新夏段,15.88,都市：住
RPXNMLSLIIJFFFE09CC,橋北段,66.00,都市：商
RPRNMLRLIIJFFLE98CC,赤崁段潮州寮小段,1487.60,都市：農
RPSOMLKMIIJFFAE47CC,龍華段八小段,.00,都市：商
RPPOMLKMIIJFFCE37CC,光華段,52.69,都市：住
RPSOMLLMIIJFFCE77CC,憲德段二小段,.00,都市：住
RPUOMLLMIIJFFCE97CC,獅甲段二小段,.00,都市：住
RPWOMLSLIIJFFBE68CC,意誠段,9.80,都市：商
RPOPMLSLIIJFFBE97CC,意誠段,7.50,都市：商
RPTNMLSLIIJFFBE28CC,新興段一小段,13.08,都市：商
RPRNMLTLIIJFFAE08CC,龍華段八小段,.00,都市：住
RPPNMLTLIIJFFAE87CC,龍中段,2225.13,都市：住
RPUOMLLMIIJFFAE77CC,龍華段八小段,7.68,都市：住
RPROMLLMIIJFFDE77CC,灣復段,.00,都市：住
RPWNMLLMIIJFFAE87CC,龍華段一小段,2995.00,都市：住
RPPOMLLMIIJFFGE87CC,竹子腳段,.00,都市：住
RPOPMLLMIIJFFAE27CC,民生段,.00,都市：商
RPOPMLLMIIJFFAE27CC,民生段,.00,都市：商
RPOPMLLMIIJFFAE27CC,民生段,.00,都市：商
RPOPMLLMIIJFFAE27CC,民生段,.00,都市：商
RPVOMLLMIIJFFAE87CC,青海段,112.39,都市：住
RPSNMLKMIIJFFBE47CC,意誠段,.00,都市：商
