﻿編號,屋齡,建物移轉面積平方公尺,主要用途,主要建材,建築完成日期,總層數,建物分層
The serial number,room age,building shifting area square meter,the main use,main building materials,construction completes the date,total layer,building lamination
RPVNMLSJQHJFFAM86CA,21,148.78,住家用,鋼筋混凝土造,82年10月2日,三層,一層 二層 三層
RPWNMLLKQHJFFCM56CA,40,41.59,住家用,鋼筋混凝土加強磚造,63年6月12日,一層,
RPQNMLSJQHJFFCM56CA,18,66.03,見其他登記事項,鋼筋混凝土造,85年2月9日,十五層,二層
RPQNMLSJQHJFFCM56CA,18,8.51,見其他登記事項,鋼筋混凝土造,85年2月9日,十五層,
RPQNMLQJQHJFFAM88DA,20,74.28,住商用,鋼筋混凝土造,83年6月8日,八層,一層 二層
RPQNMLQJQHJFFAM88DA,20,18.17,見其他登記事項,鋼筋混凝土造,83年6月8日,八層,
RPTNMLQJQHJFFCM66CA,12,61.32,住家用,鋼筋混凝土造,91年3月29日,三層,一層 二層 三層
RPTNMLQJQHJFFCM66CA,12,61.32,住家用,鋼筋混凝土造,91年3月29日,三層,一層 二層 三層
RPXNMLLKQHJFFCM66CA,28,41.63,住商用,鋼筋混凝土造,75年11月29日,三層,一層 二層 三層 騎樓
RPQNMLPJQHJFFBM78CA,19,87.31,住家用,鋼筋混凝土造,84年9月27日,十二層,九層
RPQNMLPJQHJFFBM78CA,19,33.54,見其他登記事項,鋼筋混凝土造,84年9月27日,十二層,
RPTNMLLJQHJFFDM88CA,18,30.07,見其他登記事項,鋼筋混凝土造,85年3月9日,七層,三層
RPTNMLLJQHJFFDM88CA,18,3.36,見其他登記事項,鋼筋混凝土造,85年3月9日,七層,
RPTNMLLJQHJFFDM88CA,18,6.43,見其他登記事項,鋼筋混凝土造,85年3月9日,七層,
RPXNMLSJQHJFFAM07CA,34,100.29,住商用,鋼筋混凝土加強磚造,69年1月23日,二層,一層 二層 騎樓
RPOOMLNKQHJFFAM48CA,35,89.36,住家用,鋼筋混凝土加強磚造,68年2月19日,二層,一層 二層
RPTNMLLKQHJFFBM78CA,1,193.46,見其他登記事項,鋼筋混凝土造,102年12月24日,三層,一層 二層 三層 屋頂突出物
RPSNMLQJQHJFFAM98CA,,313.10,見其他登記事項,鋼筋混凝土造,103年6月4日,三層,一層 二層 三層 屋頂突出物
RPPNMLQJQHJFFAM68CA,23,139.41,住家用,鋼筋混凝土造,80年10月17日,三層,一層 二層 三層
RPUNMLQJQHJFFAM56CA,,246.63,見其他登記事項,鋼筋混凝土造,103年6月4日,三層,二層 三層 屋頂突出物 一層
RPRNMLQJQHJFFAM88CA,,453.25,見其他登記事項,鋼筋混凝土造,103年6月4日,四層,四層 屋頂突出物 一層 二層 三層 騎樓
RPUNMLLKQHJFFBM88CA,20,20.25,見其他登記事項,鋼筋混凝土造,83年4月11日,八層,
RPUNMLLKQHJFFBM88CA,20,90.41,住家用,鋼筋混凝土造,83年4月11日,八層,七層
RPVNMLRJQHJFFCM96CA,54,113.40,住家用,磚造,49年12月12日,二層,一層 二層
RPPNMLQLQHJFFBM98CA,17,163.45,住家用,鋼筋混凝土造,86年12月24日,三層,一層 二層 三層 電梯樓梯間
RPRNMLSJQHJFFCM76DA,15,88.80,見其他登記事項,見其他登記事項,88年8月7日,一層,一層
RPPOMLTKQHJFFCM76CA,25,197.19,住商用,鋼筋混凝土造,78年6月29日,七層,一層 二層 三層 騎樓
RPTNMLOKQHJFFCM56CA,20,103.69,住家用,鋼筋混凝土造,83年8月13日,十五層,九層
RPSOMLRLQHJFFCM96CA,20,117.60,住家用,鋼筋混凝土造,83年8月1日,三層,一層 二層 三層
RPPNMLNKQHJFFAM48CA,34,86.61,住家用,鋼筋混凝土加強磚造,69年5月6日,二層,一層 二層
RPPNMLMKQHJFFAM38CA,24,144.59,住家用,鋼筋混凝土造,79年4月26日,八層,六層
RPPNMLMKQHJFFAM38CA,24,16.62,共有部份,鋼筋混凝土造,79年4月26日,見其他登記事項,
RPVNMLLKQHJFFAM88CA,20,88.89,住家用,鋼筋混凝土造,83年10月7日,十一層,二層
RPVNMLLKQHJFFAM88CA,20,35.19,見其他登記事項,鋼筋混凝土造,83年10月7日,十一層,
RPXNMLLKQHJFFBM56CA,1,158.85,見其他登記事項,鋼筋混凝土造,102年6月26日,三層,三層 見其他登記事項 一層 二層
RPRNMLOKQHJFFAM78CA,21,9.73,見其他登記事項,鋼筋混凝土造,82年11月10日,十四層,
RPRNMLOKQHJFFAM78CA,21,103.51,住家用,鋼筋混凝土造,82年11月10日,十四層,六層
RPRNMLOKQHJFFAM78CA,21,8.97,見其他登記事項,鋼筋混凝土造,82年11月10日,十四層,
RPRNMLOKQHJFFAM78CA,21,.50,見其他登記事項,鋼筋混凝土造,82年11月10日,十四層,
RPRNMLOKQHJFFAM78CA,21,7.50,見其他登記事項,鋼筋混凝土造,82年11月10日,十四層,
RPWNMLTKQHJFFAM17CA,34,99.45,見其他登記事項,鋼筋混凝土造,69年2月17日,二層,一層 二層 騎樓
RPWNMLSJQHJFFCM17CA,20,89.96,見其他登記事項,鋼筋混凝土造,83年12月31日,十二層,二層
RPPNMLQKQHJFFBM88CA,2,162.31,住家用,鋼筋混凝土造,101年7月19日,四層,一層 二層 三層 四層
RPPNMLQKQHJFFBM88CA,2,12.88,住家用,見其他登記事項,101年12月13日,一層,
RPPNMLSJQHJFFDM56CA,15,238.03,住家用,鋼筋混凝土造,88年7月9日,四層,一層 二層 三層 四層 電梯樓梯間
RPOOMLSLQHJFFCM66CA,35,109.97,住商用,加強磚造,68年10月30日,二層,一層 二層 騎樓
RPPNMLLKQHJFFBM48DA,16,182.64,住商用,鋼筋混凝土造,87年7月31日,四層,四層 一層 二層 三層
RPQOMLKLQHJFFCM68CA,7,201.76,住家用,鋼筋混凝土造,96年10月24日,四層,二層 三層 一層 四層
RPQNMLLKQHJFFBM58DA,,208.54,住家用,鋼筋混凝土造,103年2月20日,四層,一層 二層 三層 四層
RPSNMLLKQHJFFBM78DA,21,189.32,住商用,鋼筋混凝土造,82年10月29日,十層,一層 騎樓 地下一層
RPSNMLLKQHJFFBM78DA,21,37.08,見其他登記事項,鋼筋混凝土造,82年10月29日,十層,
RPPNMLKLQHJFFEM78DA,20,44.67,住商用,鋼筋混凝土造,82年12月24日,三層,騎樓 一層 二層 三層
RPOOMLNKQHJFFDM78CA,15,197.97,住家用,鋼筋混凝土造,88年5月31日,三層,一層 二層 三層 電梯樓梯間
RPROMLTKQHJFFCM96CA,20,98.18,見其他登記事項,鋼筋混凝土造,83年7月7日,十三層,五層
RPQNMLNJRHJFFDM98DA,34,169.40,住家用,鋼筋混凝土加強磚造,69年8月1日,二層,二層 一層
RPQNMLMKQHJFFBM58CA,6,15.00,農舍,見其他登記事項,97年4月23日,一層,一層
RPQNMLMLQHJFFCM78CA,29,27.08,住家用,鋼筋混凝土造,74年10月16日,三層,一層 二層 三層 騎樓
RPTNMLSKQHJFFCM96CA,2,199.76,住家用,鋼筋混凝土造,101年4月26日,三層,一層 二層 三層
RPVNMLQLQHJFFCM07CA,20,110.99,見其他登記事項,鋼筋混凝土造,83年7月7日,十三層,二層
RPVNMLQLQHJFFCM07CA,20,49.15,見其他登記事項,鋼筋混凝土造,83年7月7日,十三層,
RPQNMLOKQHJFFAM68CA,19,90.15,住家用,鋼筋混凝土造,84年2月16日,十三層,十三層
RPRNMLLLQHJFFBM68CA,40,100.44,住商用,鋼筋混凝土加強磚造,63年11月7日,二層,一層 二層 騎樓
RPPOMLNKQHJFFAM58CA,,89.66,住商用,鋼筋混凝土加強磚造,,二層,一層 二層
RPQNMLMKQHJFFAM48CA,43,66.73,住家用,加強磚造,60年12月29日,三層,一層 二層 三層
RPRNMLNKQHJFFCM88CA,25,327.93,住家用,鋼筋混凝土造,79年1月4日,二層,一層 二層
RPSOMLTKQHJFFCM07CA,25,197.19,住商用,鋼筋混凝土造,78年6月29日,七層,一層 二層 三層 騎樓
RPROMLKLQHJFFCM78CA,20,104.45,見其他登記事項,鋼筋混凝土造,83年5月26日,五層,一層
RPROMLKLQHJFFCM78CA,20,35.23,見其他登記事項,鋼筋混凝土造,83年5月26日,五層,
RPUNMLMLQHJFFDM66CA,,198.70,見其他登記事項,鋼筋混凝土造,103年6月26日,三層,一層 二層 三層 屋頂突出物
RPROMLMLQHJFFDM09CA,,198.31,見其他登記事項,鋼筋混凝土造,103年6月26日,三層,一層 二層 三層 屋頂突出物
RPWNMLMLQHJFFDM86CA,,198.31,見其他登記事項,鋼筋混凝土造,103年6月26日,三層,一層 二層 三層 屋頂突出物
RPOOMLMLQHJFFDM78CA,,198.73,見其他登記事項,鋼筋混凝土造,103年6月26日,三層,一層 二層 三層 屋頂突出物
RPXPMLMLQHJFFDM17CA,,198.31,見其他登記事項,鋼筋混凝土造,103年6月26日,三層,一層 二層 三層 屋頂突出物
RPUQMLMLQHJFFDM96CA,,198.31,見其他登記事項,鋼筋混凝土造,103年6月26日,三層,一層 二層 三層 屋頂突出物
RPRQMLMLQHJFFDM66CA,,198.73,見其他登記事項,鋼筋混凝土造,103年6月26日,三層,三層 屋頂突出物 一層 二層
RPRPMLMLQHJFFDM56CA,,198.73,見其他登記事項,鋼筋混凝土造,103年6月26日,三層,一層 二層 三層 屋頂突出物
RPVOMLMLQHJFFDM86CA,,198.73,見其他登記事項,鋼筋混凝土造,103年6月26日,三層,一層 二層 三層 屋頂突出物
RPUPMLMLQHJFFDM86CA,,198.73,見其他登記事項,鋼筋混凝土造,103年6月26日,三層,一層 二層 三層 屋頂突出物
RPVNMLNKQHJFFDM76CA,12,374.33,住家用,鋼筋混凝土造,91年5月7日,三層,
RPSNMLQLQHJFFDM86CA,,198.31,見其他登記事項,鋼筋混凝土造,103年6月26日,三層,一層 二層 三層 屋頂突出物
RPWNMLNKQHJFFBM76DA,12,130.52,住家用,鋼骨鋼筋混凝土造,91年12月2日,三層,
RPPNMLLKQHJFFEM68CA,30,133.76,住家用,鋼筋混凝土加強磚造,73年10月29日,二層,一層 二層
RPSNMLOKQHJFFCM09CA,19,223.11,住商用,鋼筋混凝土造,84年8月10日,四層,一層 二層 三層 四層 騎樓
RPQNMLNKQHJFFBM68CA,19,135.44,住家用,鋼筋混凝土造,84年11月21日,三層,
RPWNMLKLQHJFFAM98CA,7,12.00,農舍,見使用執照,96年3月28日,一層,一層
RPVNMLKLQHJFFAM88CA,22,115.01,住商用,鋼筋混凝土造,81年11月11日,三層,一層 二層 三層 騎樓
RPOOMLKLQHJFFAM28CA,20,104.49,住家用,鋼筋混凝土造,83年6月17日,八層,七層
RPOOMLKLQHJFFAM28CA,20,40.63,見其他登記事項,鋼筋混凝土造,83年6月17日,八層,
RPQOMLKLQHJFFAM48CA,19,227.72,住家用,鋼筋混凝土造,84年1月19日,四層,一層 二層 三層 四層 屋頂突出物 地下層
RPQOMLKLQHJFFAM48CA,19,23.24,見其他登記事項,鋼筋混凝土造,84年1月19日,四層,
RPUNMLTKQHJFFAM96CA,20,35.19,見其他登記事項,鋼筋混凝土造,83年10月7日,十一層,
RPUNMLTKQHJFFAM96CA,20,88.89,住家用,鋼筋混凝土造,83年10月7日,十一層,九層
RPSNMLSKQHJFFAM66CA,1,343.71,住家用,鋼筋混凝土造,101年12月27日,四層,一層 二層 三層 四層
RPPNMLKLQHJFFBM38CA,25,228.04,住商用,鋼筋混凝土造,78年4月15日,四層,一層 二層 三層 四層 騎樓
RPSNMLKLQHJFFBM68CA,19,193.72,住家用,鋼筋混凝土造,84年8月2日,四層,二層 三層 四層 一層
RPSNMLSKQHJFFCM86CA,34,81.80,住家用,鋼筋混凝土加強磚造,69年4月28日,二層,一層 二層
RPXNMLLLQHJFFAM56CA,15,134.25,住家用,鋼筋混凝土造,88年2月12日,十二層,十二層
RPPNMLMJRHJFFEM78CA,2,174.69,住家用,見其他登記事項,101年5月30日,三層,一層 二層 三層
RPRNMLKLQHJFFCM68CA,28,112.20,住家用,加強磚造,75年12月1日,二層,一層 二層
RPSNMLPKQHJFFCM56CA,20,146.07,住商用,鋼筋混凝土造,83年4月30日,四層,一層 二層 三層 四層
RPVNMLLLQHJFFCM56CA,19,412.78,住家用,鋼筋混凝土造,84年12月30日,四層,一層 二層 三層 四層
RPUNMLPKQHJFFBM76DA,36,66.37,住家用,鋼筋混凝土加強磚造,68年1月6日,二層,一層 二層
RPPNMLLLQHJFFBM48CA,46,161.76,住家用,鋼筋混凝土加強磚造,57年9月5日,四層,一層 二層 三層 四層
RPUNMLMLQHJFFCM56CA,18,66.80,見其他登記事項,鋼筋混凝土造,85年2月9日,十五層,八層
RPUNMLMLQHJFFCM56CA,18,14.30,見其他登記事項,鋼筋混凝土造,85年2月9日,十五層,
RPRNMLPKQHJFFBM98CA,22,182.11,住家用,鋼筋混凝土造,81年10月30日,三層,一層 二層 三層
RPWNMLSKQHJFFAM07CA,16,170.02,住家用,鋼筋混凝土造,87年6月9日,三層,一層 二層 三層
RPUNMLPLQHJFFBM76CA,1,180.39,見其他登記事項,鋼筋混凝土造,102年2月18日,三層,一層 二層 三層 見其他登記事項
RPXNMLPLQHJFFBM07CA,22,4439.88,農業用,鋼筋混凝土加強磚造,81年4月21日,二層,一層 二層 電梯樓梯間
RPXNMLMJRHJFFBM66CA,13,440.96,農舍,鋼筋混凝土造,90年12月27日,三層,一層 二層 三層
RPOOMLMJRHJFFBM48CA,17,120.01,住家用,鋼筋混凝土造,86年6月30日,三層,一層 二層 三層
RPOOMLMJRHJFFBM48CA,17,.17,見其他登記事項,鋼筋混凝土造,86年6月30日,一層,
RPOOMLMJRHJFFBM48CA,17,35.47,停車空間,鋼筋混凝土造,86年6月30日,地下層,
RPVNMLSKQHJFFAM96CA,16,142.91,住家用,鋼筋混凝土造,87年12月16日,三層,三層 一層 二層
RPPOMLKLQHJFFAM38CA,17,81.32,住家用,鋼筋混凝土造,86年5月29日,五層,三層
RPPOMLKLQHJFFAM38CA,17,1.60,見其他登記事項,鋼筋混凝土造,86年5月29日,五層,
RPXNMLKLQHJFFAM09CA,,311.52,住家用,鋼筋混凝土造,103年5月13日,四層,一層 二層 三層 四層
RPTNMLPKQHJFFDM76CA,44,226.47,見其他登記事項,鋼筋混凝土加強磚造,59年9月5日,三層,一層 二層 三層 見其他登記事項
RPRNMLMLQHJFFCM88CA,3,96.12,見其他登記事項,鋼筋混凝土造,100年7月6日,三層,二層 三層 一層 見其他登記事項
RPRNMLMLQHJFFCM88CA,3,96.12,見其他登記事項,鋼筋混凝土造,100年7月6日,三層,一層 二層 三層 見其他登記事項
RPRNMLKLQHJFFBM68DA,23,173.10,住家用,鋼筋混凝土造,80年9月6日,三層,一層 二層 三層
RPTNMLPKRHJFFCM76CA,33,86.13,住商用,鋼筋混凝土造,70年11月11日,三層,一層 二層 三層
RPOOMLMLQHJFFCM68CA,19,178.30,住家用,鋼筋混凝土造,84年9月14日,四層,一層 二層 三層 四層
RPXNMLRLQHJFFCM37CA,25,102.36,住商用,鋼筋混凝土造,78年8月14日,三層,一層 二層 三層 騎樓
RPPOMLRKRHJFFCM66CA,20,14.26,見其他登記事項,鋼筋混凝土造,83年7月8日,十二層,
RPPOMLRKRHJFFCM66CA,20,103.83,見其他登記事項,鋼筋混凝土造,83年7月8日,十二層,四層
RPWNMLTLQHJFFCM47CA,19,118.02,住家用,鋼筋混凝土造,84年7月13日,三層,一層 二層 三層
RPVNMLPLQHJFFCM96CA,35,82.65,住商用,加強磚造,68年10月29日,二層,一層 二層 騎樓
RPTNMLLJRHJFFCM88CA,6,166.50,見其他登記事項,鋼筋混凝土造,97年11月18日,三層,一層 二層 三層 見其他登記事項
RPSOMLLLQHJFFCM98CA,19,284.46,住家用,鋼筋混凝土造,84年2月27日,五層,屋頂突出物 騎樓 一層 二層 三層 四層 五層
RPXNMLLKRHJFFBM66CA,35,88.40,住家用,鋼筋混凝土加強磚造,68年3月14日,二層,一層 二層
RPQNMLSLQHJFFAM56CA,7,173.26,住商用,鋼筋混凝土造,96年9月18日,三層,二層 三層 屋頂突出物 一層
RPSNMLMKRHJFFAM78CA,37,83.73,住家用,鋼筋混凝土加強磚造,67年1月15日,二層,一層 二層
RPQNMLSLQHJFFBM66CA,19,97.45,住商用,鋼筋混凝土造,84年5月12日,八層,一層 二層
RPQNMLSLQHJFFBM66CA,19,21.22,見其他登記事項,鋼筋混凝土造,84年5月12日,八層,
RPPOMLPLQHJFFCM09CA,35,112.62,住商用,鋼筋混凝土造,68年7月24日,二層,二層 騎樓 一層
RPXNMLSKRHJFFCM47CA,3,209.83,見其他登記事項,鋼筋混凝土造,100年11月10日,四層,一層 二層 三層 四層
RPPNMLKLQHJFFCM48CA,33,108.61,住家用,加強磚造,70年12月26日,二層,一層 二層
RPQOMLMJRHJFFBM68CA,1,310.38,見其他登記事項,鋼筋混凝土造,102年2月21日,三層,一層 二層 三層 見其他登記事項
RPPNMLSLQHJFFDM76CA,36,120.70,住商用,鋼筋混凝土加強磚造,67年7月11日,二層,一層 二層 騎樓
RPPOMLSLQHJFFCM86DA,21,77.76,見其他登記事項,鋼筋混凝土造,83年1月14日,十一層,三層
RPPOMLSLQHJFFCM86DA,21,18.18,見其他登記事項,鋼筋混凝土造,83年1月14日,十一層,
RPSNMLMJRHJFFDM98CA,16,141.32,住商用,鋼筋混凝土造,87年9月8日,三層,一層 二層 三層
RPPPMLLLQHJFFCM78CA,34,132.45,住家用,鋼筋混凝土加強磚造,70年1月15日,三層,一層 二層 三層
RPRNMLLLQHJFFCM78CA,16,247.81,見其他登記事項,見其他登記事項,87年8月12日,一層,一層
RPOOMLQLQHJFFDM56CA,23,205.39,住商用,鋼筋混凝土造,80年12月4日,三層,三層 屋頂突出物 騎樓 一層 二層
RPQNMLMLQHJFFBM68CA,35,65.75,住家用,鋼筋混凝土加強磚造,68年7月28日,一層,
RPPNMLPLQHJFFBM88CA,34,138.72,住家用,鋼筋混凝土加強磚造,69年12月1日,二層,一層 二層
RPQNMLPLQHJFFBM98CA,34,138.72,住家用,鋼筋混凝土加強磚造,69年12月1日,二層,一層 二層
RPPNMLTLQHJFFCM76CA,37,71.63,住家用,鋼筋混凝土加強磚造,66年3月15日,一層,一層 騎樓
RPQNMLQLQHJFFBM09CA,19,31.41,住家用,鋼筋混凝土造,84年9月27日,十二層,五層
RPQNMLQLQHJFFBM09CA,19,9.53,見其他登記事項,鋼筋混凝土造,84年9月27日,十二層,
RPTNMLPJRHJFFCM66CA,,2396.94,見其他登記事項,鋼筋混凝土造,103年4月17日,六層,一層 二層 三層 四層 五層 六層 見其他登記事項
RPRNMLQLQHJFFBM56CA,1,229.46,住家用,鋼筋混凝土造,102年3月8日,四層,一層 二層 三層 四層
RPTOMLOJRHJFFAM09CA,,156.08,住家用,鋼筋混凝土造,103年1月22日,三層,一層 二層 三層
RPVNMLSLQHJFFDM37CA,,198.31,見其他登記事項,鋼筋混凝土造,103年6月26日,三層,一層 二層 三層 屋頂突出物
RPOOMLTLQHJFFCM76CA,2,199.76,住家用,鋼筋混凝土造,101年4月26日,三層,一層 二層 三層
RPUNMLLKRHJFFAM88CA,26,119.43,住家用,加強磚造,77年9月8日,二層,一層 二層
RPOOMLMLRHJFFCM78CA,,97.80,農舍,見其他登記事項,103年6月3日,二層,一層 二層
RPUNMLTLQHJFFDM37CA,5,410.27,見其他登記事項,見其他登記事項,99年1月5日,二層,一層 二層
RPVNMLRLQHJFFAM96CA,34,92.84,住家用,鋼筋混凝土加強磚造,69年5月3日,二層,一層 二層
RPSNMLPLQHJFFBM56CA,18,.10,見其他登記事項,鋼筋混凝土造,85年6月13日,九層,
RPSNMLPLQHJFFBM56CA,18,109.30,住家用,鋼筋混凝土造,85年6月13日,九層,六層
RPSNMLPLQHJFFBM56CA,18,37.17,見其他登記事項,鋼筋混凝土造,85年6月13日,九層,
RPSNMLPLQHJFFBM56CA,18,23.26,見其他登記事項,鋼筋混凝土造,85年6月13日,九層,
RPQNMLLJRHJFFCM58CA,19,127.17,住商用,鋼筋混凝土造,84年4月14日,三層,一層 二層 三層 騎樓
RPVNMLSLQHJFFBM27DA,36,99.86,住家用,鋼筋混凝土加強磚造,67年9月8日,二層,一層 二層
RPROMLKKRHJFFCM78CA,21,86.58,見其他登記事項,鋼筋混凝土造,83年1月14日,十一層,七層
RPROMLKKRHJFFCM78CA,21,23.73,見其他登記事項,鋼筋混凝土造,83年1月14日,十一層,
RPPNMLQJRHJFFDM09CA,18,25.62,見其他登記事項,鋼筋混凝土造,85年3月9日,七層,七層
RPPNMLQJRHJFFDM09CA,18,3.12,見其他登記事項,鋼筋混凝土造,85年3月9日,七層,
RPPNMLQJRHJFFDM09CA,18,7.14,見其他登記事項,鋼筋混凝土造,85年3月9日,七層,
RPSNMLRLQHJFFBM76CA,33,168.92,住商用,鋼筋混凝土造,70年8月21日,三層,一層 二層 三層 騎樓
RPSOMLKKRHJFFCM88CA,20,106.69,見其他登記事項,鋼筋混凝土造,83年5月30日,七層,三層
RPSOMLKKRHJFFCM88CA,20,16.52,見其他登記事項,鋼筋混凝土造,83年5月30日,七層,
RPSOMLKKRHJFFCM88CA,20,12.14,見其他登記事項,鋼筋混凝土造,83年5月30日,七層,
RPUNMLLJRHJFFAM78CA,3,14.50,農舍,見其他登記事項,100年10月26日,一層,一層
RPTNMLRLQHJFFCM96CA,9,200.47,住家用,鋼筋混凝土造,94年5月12日,四層,一層 二層 三層 四層
RPRNMLMKRHJFFBM78CA,,270.11,見其他登記事項,鋼筋混凝土造,103年4月18日,三層,一層 二層 三層 見其他登記事項
RPTOMLRLQHJFFCM07CA,10,97.67,住商用,鋼筋混凝土造,93年11月16日,九層,二層 三層 一層 騎樓
RPTOMLRLQHJFFCM07CA,10,27.52,見其他登記事項,鋼筋混凝土造,93年11月16日,九層,
RPTOMLRLQHJFFCM07CA,10,97.67,住商用,鋼筋混凝土造,93年11月16日,九層,一層 二層 三層 騎樓
RPTOMLRLQHJFFCM07CA,10,27.52,見其他登記事項,鋼筋混凝土造,93年11月16日,九層,
RPVNMLSLQHJFFCM27CA,20,103.83,見其他登記事項,鋼筋混凝土造,83年7月8日,十二層,十二層
RPWNMLLJRHJFFCM56CA,35,118.79,住商用,鋼筋混凝土加強磚造,68年5月17日,二層,一層 二層 騎樓
RPWNMLRLQHJFFDM37CA,13,123.03,住商用,鋼筋混凝土造,90年10月31日,二層,一層 二層 騎樓
RPRNMLLKRHJFFDM88CA,10,192.71,住家用,鋼筋混凝土造,94年1月17日,三層,
RPSOMLRKRHJFFCM96CA,38,64.82,住家用,加強磚造,65年10月1日,二層,一層 二層
RPRNMLLJRHJFFCM68CA,35,82.50,住家用,鋼筋混凝土造,68年10月10日,三層,一層 二層 三層
RPRNMLTLQHJFFCM96CA,19,123.95,見其他登記事項,鋼筋混凝土造,83年12月31日,十二層,十二層
RPRNMLTLQHJFFCM96CA,19,27.40,見其他登記事項,鋼筋混凝土造,83年12月31日,十二層,
RPRNMLTLQHJFFCM96CA,19,.26,見其他登記事項,鋼筋混凝土造,83年12月31日,十二層,
RPRNMLTLQHJFFCM96CA,19,12.10,見其他登記事項,鋼筋混凝土造,83年12月31日,十二層,
RPTNMLTLQHJFFDM27CA,25,180.58,住家用,鋼筋混凝土造,78年11月28日,三層,一層 二層 三層
RPSNMLTLQHJFFDM17CA,20,85.06,住家用,鋼筋混凝土造,83年5月24日,五層,五層
RPSNMLTLQHJFFDM17CA,20,23.76,見其他登記事項,鋼筋混凝土造,83年5月24日,五層,
RPSNMLTJRHJFFCM96CA,16,93.54,見其他登記事項,鋼筋混凝土造,87年12月31日,八層,三層
RPSNMLTJRHJFFCM96CA,16,59.72,見其他登記事項,鋼筋混凝土造,87年12月31日,八層,
RPPNMLPJRHJFFBM78CA,35,89.54,住家用,鋼筋混凝土加強磚造,68年3月14日,二層,一層 二層
RPTNMLTLQHJFFAM96CA,21,143.54,住家用,鋼筋混凝土造,82年11月20日,三層,一層 二層 三層
RPUNMLSLQHJFFBM07CA,,241.08,住家用,鋼筋混凝土造,103年5月13日,四層,一層 二層 三層 四層
RPSNMLSLQHJFFBM86CA,,241.84,住家用,鋼筋混凝土造,103年5月13日,四層,一層 二層 三層 四層
RPTNMLSLQHJFFBM96CA,,241.84,住家用,鋼筋混凝土造,103年5月13日,四層,一層 二層 三層 四層
RPSNMLLJRHJFFAM58CA,20,99.53,住家用,鋼筋混凝土造,83年4月28日,三層,一層 二層 三層
RPSNMLTJRHJFFAM76CA,24,122.88,農舍,鋼筋混凝土造,79年12月5日,二層,一層 二層
RPSNMLTJRHJFFAM76CA,24,122.88,農舍,鋼筋混凝土造,79年12月5日,二層,一層 二層
RPVNMLPKRHJFFCM96CA,30,120.68,住商用,鋼筋混凝土造,73年10月13日,二層,一層 二層 騎樓
RPPOMLOJRHJFFAM68CA,22,133.65,住家用,鋼筋混凝土造,81年9月23日,二層,一層 二層
RPQNMLTJRHJFFAM56CA,24,122.88,農舍,鋼筋混凝土造,79年12月5日,二層,一層 二層
RPQNMLTJRHJFFAM56CA,24,122.88,農舍,鋼筋混凝土造,79年12月5日,二層,一層 二層
RPTOMLMJRHJFFCM09CA,41,158.29,住家用,鋼筋混凝土加強磚造,62年11月20日,二層,一層 二層 騎樓
RPRNMLSLQHJFFBM76CA,1,229.46,住家用,鋼筋混凝土造,102年3月8日,四層,一層 二層 三層 四層
RPQNMLTLQHJFFCM86CA,19,83.59,見其他登記事項,鋼筋混凝土造,83年12月31日,十二層,八層
RPQNMLTLQHJFFCM86CA,19,18.26,見其他登記事項,鋼筋混凝土造,83年12月31日,十二層,
RPPNMLLJRHJFFDM58CA,16,197.17,住家用,鋼筋混凝土造,87年8月1日,三層,一層 二層 三層
RPPNMLLJRHJFFEM68CA,18,179.66,住家用,鋼筋混凝土造,85年1月30日,四層,一層 二層 三層 四層 屋頂突出物
RPXNMLLJRHJFFCM76DA,40,186.57,住商用,鋼筋混凝土加強磚造,63年6月24日,三層,一層 二層 三層 騎樓
RPXNMLMLRHJFFCM96CA,38,72.73,住家用,加強磚造,65年12月10日,一層,一層 騎樓
RPVNMLMLRHJFFCM76CA,34,72.95,住商用,見其他登記事項,70年1月16日,二層,一層 二層
RPUNMLTLQHJFFCM27CA,41,211.31,住家用,鋼筋混凝土加強磚造,62年6月19日,三層,一層 二層 三層 騎樓
RPOOMLLJRHJFFCM48CA,26,117.81,住商用,鋼筋混凝土造,77年11月18日,二層,一層 二層 騎樓
RPVNMLTKRHJFFCM37CA,22,89.15,住家用,加強磚造,81年7月1日,一層,一層
RPWNMLTKRHJFFCM47CA,19,155.65,住家用,鋼筋混凝土造,84年4月6日,三層,二層 三層 一層
RPUNMLMJRHJFFBM98CA,2,182.08,住家用,鋼筋混凝土造,101年10月23日,四層,一層 二層 三層 四層
RPPNMLNJRHJFFBM58CA,20,74.51,住家用,鋼筋混凝土造,83年3月16日,九層,四層
RPPNMLNJRHJFFBM58CA,20,8.16,見其他登記事項,鋼筋混凝土造,83年3月16日,九層,
RPPNMLNJRHJFFBM58CA,20,12.70,見其他登記事項,鋼筋混凝土造,83年3月16日,九層,
RPPNMLTLQHJFFBM66CA,46,80.96,住家用,鋼筋混凝土加強磚造,57年8月17日,二層,一層 二層
RPUNMLTLQHJFFBM17CA,1,204.60,見其他登記事項,鋼筋混凝土造,103年1月17日,三層,見其他登記事項 一層 二層 三層
RPQNMLLKRHJFFAM48CA,16,127.22,住家用,鋼筋混凝土造,87年4月20日,三層,三層 一層 二層
RPRNMLLMQHJFFAM68CA,35,102.80,住商用,鋼筋混凝土加強磚造,68年9月1日,二層,一層 二層 騎樓
RPWNMLTJRHJFFAM17CA,43,156.38,住家用,鋼筋混凝土加強磚造,60年10月6日,二層,一層 二層 騎樓
RPSOMLOJRHJFFAM98CA,20,83.91,住家用,鋼筋混凝土造,83年6月17日,八層,三層
RPSOMLOJRHJFFAM98CA,20,35.25,見其他登記事項,鋼筋混凝土造,83年6月17日,八層,
RPTNMLRKRHJFFAM76CA,36,53.80,住家用,鋼筋混凝土加強磚造,67年9月22日,三層,一層 二層 三層
RPPNMLLMQHJFFBM58CA,1,229.46,住家用,鋼筋混凝土造,102年3月8日,四層,一層 二層 三層 四層
RPSNMLPKRHJFFAM09CA,43,157.66,住家用,鋼筋混凝土加強磚造,60年8月12日,二層,一層 二層
RPTOMLRKRHJFFBM96CA,17,121.71,住家用,鋼筋混凝土造,86年6月30日,三層,一層 二層 三層
RPTOMLRKRHJFFBM96CA,17,.17,見其他登記事項,鋼筋混凝土造,86年6月30日,一層,
RPTOMLRKRHJFFBM96CA,17,35.47,停車空間,鋼筋混凝土造,86年6月30日,地下層,
RPTNMLMJRHJFFBM88CA,19,193.72,住家用,鋼筋混凝土造,84年8月2日,四層,一層 二層 三層 四層
RPXNMLSKRHJFFBM37CA,8,179.53,住家用,鋼筋混凝土造,96年1月16日,四層,一層 二層 三層 四層
RPSNMLTLQHJFFAM96DA,35,95.25,住家用,鋼筋混凝土加強磚造,68年10月17日,二層,一層 二層
RPTNMLPLRHJFFCM86CA,16,94.03,見其他登記事項,鋼筋混凝土造,87年12月31日,八層,五層
RPTNMLPLRHJFFCM86CA,16,58.83,見其他登記事項,鋼筋混凝土造,87年12月31日,八層,
RPPOMLMJRHJFFCM68CA,24,198.37,住商用,鋼筋混凝土造,79年5月30日,三層,一層 二層 三層 騎樓
RPRNMLMJRHJFFCM78CA,,215.11,住家用,鋼筋混凝土造,103年5月12日,四層,一層 二層 三層 四層
RPSNMLMJRHJFFCM88CA,,216.17,住家用,鋼筋混凝土造,103年5月13日,四層,一層 二層 三層 四層
RPVNMLNLRHJFFBM76CA,19,193.72,住家用,鋼筋混凝土造,84年8月2日,四層,一層 二層 三層 四層
RPUNMLNLRHJFFBM66CA,40,105.51,住家用,鋼筋混凝土加強磚造,64年1月21日,三層,一層 二層 三層
RPUNMLLKRHJFFCM09CA,21,163.98,住商用,鋼筋混凝土造,82年8月24日,三層,一層 二層 三層 騎樓
RPSOMLRKRHJFFBM86CA,15,99.12,住家用,鋼筋混凝土造,88年2月12日,九層,四層
RPSOMLRKRHJFFBM86CA,15,48.58,見其他登記事項,鋼筋混凝土造,88年2月12日,九層,
RPSNMLNLRHJFFBM09CA,40,86.91,住家用,鋼筋混凝土加強磚造,63年12月24日,二層,一層 二層
RPPNMLMJRHJFFBM48CA,19,31.14,住家用,鋼筋混凝土造,84年9月27日,十二層,十層
RPPNMLMJRHJFFBM48CA,19,11.12,見其他登記事項,鋼筋混凝土造,84年9月27日,十二層,
RPOOMLKKRHJFFCM48CA,,218.53,住家用,鋼筋混凝土造,103年5月13日,四層,一層 二層 三層 四層
RPTNMLOLRHJFFAM56CA,34,102.52,住家用,加強磚造,69年5月12日,二層,二層 一層
RPOOMLOJRHJFFAM58CA,21,161.92,住家用,鋼筋混凝土造,82年12月4日,三層,一層 二層 三層 屋頂突出物
RPWNMLOJRHJFFAM66CA,7,65.33,住家用,鋼筋混凝土造,96年8月9日,五層,二層
RPWNMLOJRHJFFAM66CA,7,6.49,住家用,鋼筋混凝土造,96年8月9日,五層,
RPQNMLTLRHJFFAM76CA,12,146.42,住商用,鋼筋混凝土造,91年5月17日,四層,一層 二層 三層 四層 騎樓
RPXNMLOJRHJFFAM76CA,25,186.45,住家用,鋼筋混凝土造,78年5月19日,三層,一層 二層 三層
RPRNMLNJRHJFFCM88CA,20,86.95,見其他登記事項,鋼筋混凝土造,83年12月31日,十二層,四層
RPQOMLTLRHJFFBM96CA,20,96.81,住家用,鋼筋混凝土造,83年4月11日,八層,三層
RPQOMLTLRHJFFBM96CA,20,34.23,見其他登記事項,鋼筋混凝土造,83年4月11日,八層,
RPVNMLMKRHJFFCM66CA,22,190.50,住家用,鋼筋混凝土造,81年10月23日,三層,一層 二層 三層
RPOOMLLKRHJFFCM58CA,20,26.32,見其他登記事項,鋼筋混凝土造,83年10月13日,十二層,五層
RPOOMLLKRHJFFCM58CA,20,13.74,見其他登記事項,鋼筋混凝土造,83年10月13日,十二層,
RPTNMLLKRHJFFBM88CA,15,86.46,住家用,鋼筋混凝土造,88年5月29日,四層,一層 二層 三層 四層
RPTNMLLKRHJFFBM88CA,15,86.46,住家用,鋼筋混凝土造,88年5月29日,四層,一層 二層 三層 四層
RPQNMLPJRHJFFDM09CA,1,155.56,住家用,鋼筋混凝土造,102年5月7日,三層,一層 二層 三層
RPRNMLSKRHJFFCM86CA,40,139.40,住商用,鋼筋混凝土加強磚造,63年7月3日,二層,一層 二層 騎樓
RPSNMLTKRHJFFDM17CA,40,89.38,住家用,鋼筋混凝土加強磚造,63年5月31日,二層,一層 二層
RPSNMLTKRHJFFDM17CA,40,80.78,住家用,見其他登記事項,63年6月15日,二層,一層 二層 騎樓
RPUNMLLKRHJFFBM98CA,47,171.18,住家用,鋼筋混凝土加強磚造,56年1月31日,三層,一層 二層 三層
RPUNMLLKRHJFFBM98CA,22,334.29,住商用,鋼筋混凝土造,81年12月11日,五層,一層 二層 三層 四層 五層 騎樓 夾層
RPPNMLQJRHJFFBM88CA,1,190.48,住家用,鋼筋混凝土造,102年9月18日,四層,一層 二層 三層 四層
RPQNMLMKRHJFFAM58CA,8,184.82,住家用,鋼筋混凝土造,96年1月3日,三層,一層 二層 三層 屋頂突出物
RPRNMLMKRHJFFAM68CA,8,184.82,住家用,鋼筋混凝土造,96年1月3日,三層,一層 二層 三層 屋頂突出物
RPSNMLNLRHJFFAM98CA,1,194.26,見其他登記事項,鋼筋混凝土造,103年1月28日,四層,一層 二層 三層 四層
RPSNMLPJRHJFFBM09CA,20,178.46,住家用,鋼筋混凝土造,83年10月19日,三層,電梯樓梯間 一層 二層 三層
RPUNMLQKRHJFFAM76CA,20,131.48,住家用,鋼筋混凝土造,83年7月19日,三層,一層 二層 三層 夾層
RPTNMLKMRHJFFAM88CA,18,195.23,住商用,鋼筋混凝土造,86年1月5日,三層,一層 二層 三層 屋頂突出物 騎樓
RPPNMLRKRHJFFAM98CA,11,160.17,住家用,鋼筋混凝土造,92年4月22日,三層,一層 二層 三層 屋頂突出物
RPRNMLQJRHJFFBM09CA,1,209.95,住家用,鋼筋混凝土造,103年1月17日,三層,一層 二層 三層 見其他登記事項
RPQNMLKKRHJFFCM58CA,35,134.98,住商用,加強磚造,68年4月10日,二層,一層 二層
RPWNMLKKRHJFFCM56CA,20,240.59,住商用,鋼筋混凝土造,83年5月24日,四層,一層 二層 三層 四層 騎樓
RPRNMLQKRHJFFDM76CA,21,217.57,住商用,鋼筋混凝土造,83年1月12日,四層,一層 二層 三層 四層 騎樓
RPTNMLMKRHJFFDM56CA,,105.60,商業用,鋼造,,一層,一層
RPVNMLTLRHJFFAM27CA,,288.35,住家用,鋼筋混凝土造,102年12月3日,四層,一層 二層 三層 四層
RPSNMLTJRHJFFDM07CA,37,76.50,住家用,加強磚造,66年4月6日,二層,一層 二層
RPQNMLPJRHJFFAM78CA,35,85.65,住家用,鋼筋混凝土加強磚造,68年10月22日,二層,一層 二層
RPPNMLSKRHJFFDM76CA,18,23.16,見其他登記事項,鋼筋混凝土造,85年3月9日,七層,二層
RPPNMLSKRHJFFDM76CA,18,3.84,見其他登記事項,鋼筋混凝土造,85年3月9日,七層,
RPPOMLTLRHJFFCM96CA,18,.07,見其他登記事項,鋼筋混凝土造,85年2月9日,十五層,
RPPOMLTLRHJFFCM96CA,18,139.06,見其他登記事項,鋼筋混凝土造,85年2月9日,十五層,八層
RPPOMLTLRHJFFCM96CA,18,31.34,見其他登記事項,鋼筋混凝土造,85年2月9日,十五層,
RPPOMLTLRHJFFCM96CA,18,18.19,見其他登記事項,鋼筋混凝土造,85年2月9日,十五層,
RPPNMLLKRHJFFCM58CA,22,161.62,住家用,鋼筋混凝土造,81年7月14日,十層,九層 十層
RPPNMLLKRHJFFCM58CA,22,49.76,共有部分,鋼筋混凝土造,81年7月14日,地下層,
RPWNMLNLIIJFFAM58CA,21,810.19,見其他登記事項,鋼筋混凝土造,82年6月29日,二層,一層 二層 屋頂突出物
RPRNMLLKRHJFFCM78CA,22,150.01,住家用,鋼筋混凝土造,81年7月14日,十層,九層 十層
RPRNMLLKRHJFFCM78CA,22,50.81,共有部分,鋼筋混凝土造,81年7月14日,地下層,
RPQNMLNLRHJFFBM88CA,,175.22,見其他登記事項,鋼筋混凝土造,103年2月17日,三層,一層 二層 三層 見其他登記事項
RPQNMLTJRHJFFBM66CA,35,86.94,住家用,鋼筋混凝土加強磚造,67年6月30日,二層,二層 一層
RPQNMLMKRHJFFBM68CA,2,338.56,住家用,鋼筋混凝土造,101年12月10日,五層,一層 二層 三層 四層 五層
RPPOMLKKRHJFFAM38CA,16,76.63,住家用,鋼筋混凝土造,88年2月12日,十二層,十一層
RPSNMLPKRHJFFCM66CA,40,84.24,住家用,鋼筋混凝土加強磚造,63年4月24日,二層,一層 二層
RPXNMLRKRHJFFAM17CA,7,229.23,農舍,鋼筋混凝土造,96年12月18日,三層,一層 二層 三層 屋頂突出物
RPTNMLLKRHJFFCM98CA,,109.26,住家用,鋼筋混凝土造,103年5月13日,四層,一層 二層 四層 三層
RPTNMLLKRHJFFCM98CA,,109.26,住家用,鋼筋混凝土造,103年5月13日,四層,一層 二層 三層 四層
RPWNMLNLRHJFFCM96CA,40,78.48,住家用,鋼筋混凝土加強磚造,63年11月19日,二層,一層 二層
RPTNMLTJRHJFFDM17CA,16,71.85,見其他登記事項,鋼筋混凝土造,87年11月17日,八層,七層
RPQNMLLKRHJFFDM78CA,20,193.36,住家用,鋼筋混凝土造,83年7月18日,四層,一層 二層 三層 四層 電梯樓梯間
RPPOMLTJIIJFFCM58CA,21,273.00,工業用,鋼筋混凝土造,83年2月2日,三層,一層 二層 三層 屋頂突出物 騎樓
RPUNMLLJIIJFFCM18CA,12,99.83,住家用,鋼筋混凝土造,91年3月29日,三層,一層 二層 三層
RPQOMLKKRHJFFAM48CA,37,80.12,住商用,鋼筋混凝土加強磚造,66年7月25日,二層,一層 二層
RPOOMLSKRHJFFCM66CA,20,100.86,見其他登記事項,鋼筋混凝土造,83年5月26日,五層,二層
RPOOMLSKRHJFFCM66CA,20,19.09,見其他登記事項,鋼筋混凝土造,83年5月26日,五層,
RPQOMLTJIIJFFCM68CA,21,273.00,工業用,鋼筋混凝土造,83年2月2日,三層,一層 二層 三層 屋頂突出物 騎樓
RPOOMLTJIIJFFCM48CA,21,273.00,工業用,鋼筋混凝土造,83年2月2日,三層,一層 二層 三層 屋頂突出物 騎樓
RPROMLKKRHJFFAM58CA,20,145.03,住家用,鋼筋混凝土造,83年10月19日,四層,一層 二層 三層 四層
RPQNMLQKRHJFFBM09CA,33,93.84,住家用,加強磚造,71年1月24日,二層,一層 二層
RPQNMLLKRHJFFBM58CA,16,178.58,住家用,鋼筋混凝土造,87年11月6日,三層,一層 二層 三層 屋頂突出物
RPSNMLQKRHJFFAM56CA,6,217.95,見其他登記事項,鋼筋混凝土造,97年4月22日,四層,一層 二層 三層 四層
RPVNMLPKRHJFFBM86CA,19,159.59,住家用,鋼筋混凝土造,84年11月17日,三層,一層 二層 三層 電梯樓梯間
RPWNMLQKRHJFFAM96CA,18,131.92,住商用,鋼筋混凝土造,85年4月10日,七層,一層 二層 騎樓
RPUNMLRKRHJFFAM86CA,19,91.77,住家用,鋼筋混凝土造,84年2月16日,十三層,六層
RPUNMLRKRHJFFAM86CA,19,23.87,見其他登記事項,鋼筋混凝土造,84年2月16日,十三層,
RPUNMLRKRHJFFAM86CA,19,20.24,停車空間,鋼筋混凝土造,84年2月16日,十三層,
RPWNMLLKRHJFFCM66CA,33,145.20,住家用,加強磚造,70年10月15日,二層,一層 二層 騎樓
RPRNMLTKRHJFFCM96CA,2,439.24,見其他登記事項,鋼筋混凝土造,101年8月13日,四層,一層 二層 三層 四層 騎樓 見其他登記事項
RPRNMLKMRHJFFCM88CA,16,56.52,見其他登記事項,鋼筋混凝土造,87年12月31日,八層,七層
RPRNMLKMRHJFFCM88CA,16,24.07,見其他登記事項,鋼筋混凝土造,87年12月31日,八層,
RPQNMLRKRHJFFDM76CA,18,59.10,商業用,鋼筋混凝土造,85年3月9日,七層,一層
RPPNMLQLRHJFFBM09CA,20,90.24,住家用,鋼筋混凝土造,83年10月29日,八層,七層
RPPNMLQLRHJFFBM09CA,20,34.49,見其他登記事項,鋼筋混凝土造,83年10月29日,八層,
RPRNMLMKRHJFFDM98CA,16,88.23,見其他登記事項,鋼筋混凝土造,87年11月17日,八層,八層
RPOOMLQLRHJFFBM09CA,22,142.12,住家用,鋼筋混凝土造,81年8月27日,三層,一層 二層 三層 騎樓
RPQNMLOJIIJFFBM97CA,,202.71,見其他登記事項,鋼筋混凝土造,103年5月22日,三層,一層 二層 三層 見其他登記事項
RPPNMLQKRHJFFCM09CA,13,245.05,住商用,鋼筋混凝土造,90年6月21日,三層,一層 二層 三層 屋頂突出物
RPWNMLOLRHJFFCM07CA,8,1383.42,見其他登記事項,見其他登記事項,95年8月17日,一層,一層
RPWNMLOLRHJFFCM07CA,8,162.72,農舍,見其他登記事項,95年8月8日,一層,一層
RPPNMLTKRHJFFDM86CA,20,178.20,住家用,加強磚造,83年7月27日,二層,一層 二層 騎樓
RPWOMLPLRHJFFCM27CA,,96.19,見其他登記事項,鋼筋混凝土造,103年5月5日,三層,一層 二層 三層 見其他登記事項
RPWOMLPLRHJFFCM27CA,,96.19,見其他登記事項,鋼筋混凝土造,103年5月5日,三層,一層 二層 三層 見其他登記事項
RPVNMLPLRHJFFBM96CA,41,109.00,住家用,鋼筋混凝土加強磚造,62年5月4日,二層,一層 二層
RPPNMLSJIIJFFBM28CA,36,222.75,住商用,鋼筋混凝土加強磚造,67年1月19日,三層,一層 二層 三層 騎樓
RPPOMLNLRHJFFCM98CA,22,174.93,農舍,見其他登記事項,81年3月12日,一層,一層
RPSNMLSKRHJFFCM96CA,33,110.82,住家用,鋼筋混凝土加強磚造,70年3月25日,三層,一層 二層 三層
RPWNMLPKRHJFFBM96CA,20,105.95,住家用,鋼筋混凝土造,83年11月7日,十三層,八層
RPRNMLQLRHJFFAM56CA,8,120.58,住家用,鋼筋混凝土造,95年11月16日,三層,一層 二層 三層
RPRNMLQLRHJFFAM56CA,8,40.34,停車空間,鋼筋混凝土造,95年11月16日,一層,
RPXNMLNLRHJFFCM07CA,22,130.76,住家用,鋼筋混凝土造,81年12月14日,二層,一層 二層
RPPOMLNLRHJFFBM88CA,20,154.79,住家用,鋼筋混凝土造,83年9月3日,三層,一層 二層 三層 騎樓 電梯樓梯間
RPPNMLRKRHJFFBM56DA,23,23.45,住家用,鋼筋混凝土造,80年9月20日,九層,五層
RPPNMLRKRHJFFBM56DA,23,8.66,見其他登記事項,鋼筋混凝土造,80年9月20日,九層,
RPPNMLRKRHJFFBM56DA,23,4.71,見其他登記事項,鋼筋混凝土造,80年9月20日,十一層,
RPQNMLPLRHJFFDM66CA,18,180.59,住家用,鋼筋混凝土造,86年1月10日,四層,三層 四層 一層 二層
RPWNMLMLRHJFFAM76DA,19,135.00,住家用,鋼筋混凝土造,84年3月15日,三層,一層 二層 三層
RPTNMLQKRHJFFDM96CA,35,92.40,住商用,鋼筋混凝土加強磚造,69年2月11日,二層,一層 二層 騎樓
RPSNMLNLRHJFFDM66CA,19,172.06,住商用,鋼筋混凝土造,85年2月10日,四層,一層 二層 三層 四層 地下層
RPTNMLMJIIJFFAM97CA,1,254.60,見其他登記事項,鋼筋混凝土造,102年10月15日,三層,一層 二層 三層 屋頂突出物
RPQOMLTLRHJFFCM07CA,20,11.68,見其他登記事項,鋼筋混凝土造,83年11月28日,九層,
RPQOMLTLRHJFFCM07CA,20,30.29,見其他登記事項,鋼筋混凝土造,83年11月28日,九層,七層
RPTNMLOLRHJFFDM86CA,23,107.74,住家用,鋼筋混凝土造,80年6月28日,三層,一層 二層 三層 屋頂突出物
RPTNMLOLRHJFFDM86CA,23,107.74,住家用,鋼筋混凝土造,80年6月28日,三層,一層 二層 三層 屋頂突出物
RPVOMLRKRHJFFCM27CA,19,175.01,住家用,鋼筋混凝土造,84年12月30日,四層,一層 二層 三層 四層
RPSOMLTJIIJFFCM88CA,2,8.00,見其他登記事項,鋼筋混凝土造,101年8月13日,四層,
RPXNMLQLRHJFFAM17CA,36,105.32,住商用,鋼筋混凝土加強磚造,67年9月20日,二層,一層 二層 騎樓
RPPNMLRJIIJFFAM08CA,13,38.61,住家用,鋼筋混凝土造,90年8月16日,五層,三層
RPPNMLRJIIJFFAM08CA,13,7.73,見其他登記事項,鋼筋混凝土造,90年8月16日,五層,
RPRNMLMJIIJFFCM97CA,18,170.87,見其他登記事項,鋼筋混凝土造,85年4月20日,三層,三層 屋頂突出物 騎樓 一層 二層
RPVNMLSKRHJFFBM17CA,2,200.98,見其他登記事項,鋼筋混凝土造,102年1月29日,三層,一層 二層 三層
RPTOMLTLRHJFFCM37CA,19,83.54,見其他登記事項,鋼筋混凝土造,84年10月2日,七層,三層
RPXNMLTLRHJFFCM67CA,42,96.44,住家用,鋼筋混凝土加強磚造,62年2月10日,二層,一層 二層
RPTNMLTKRHJFFCM17CA,,218.53,住家用,鋼筋混凝土造,103年5月13日,四層,一層 二層 三層 四層
RPQNMLTKRHJFFCM86CA,20,26.05,見其他登記事項,鋼筋混凝土造,83年10月13日,十二層,八層
RPQNMLTKRHJFFCM86CA,20,25.91,見其他登記事項,鋼筋混凝土造,83年10月13日,十二層,八層
RPQNMLTKRHJFFCM86CA,20,13.85,見其他登記事項,鋼筋混凝土造,83年10月13日,十二層,
RPQNMLTKRHJFFCM86CA,20,13.88,見其他登記事項,鋼筋混凝土造,83年10月13日,十二層,
RPQNMLRLRHJFFCM76CA,1,12.00,農舍,見其他登記事項,102年7月3日,一層,一層
RPSNMLMJIIJFFAM87CA,6,187.05,住家用,鋼筋混凝土造,97年4月10日,四層,一層 二層 三層 四層
RPRNMLNLRHJFFDM56CA,38,106.83,住家用,加強磚造,65年6月26日,二層,一層 二層 騎樓
RPVNMLOLRHJFFDM07CA,37,76.72,住家用,鋼筋混凝土加強磚造,67年1月1日,一層,一層
RPWNMLSKRHJFFBM37DA,31,79.20,國民住宅,鋼筋混凝土造,72年4月12日,四層,二層
RPWNMLSKRHJFFBM37DA,31,5.40,國民住宅,鋼筋混凝土造,72年4月12日,四層,
RPWNMLSKRHJFFBM37DA,31,1.68,國民住宅,鋼筋混凝土造,72年4月12日,四層,
RPWNMLSKRHJFFBM37DA,31,.84,國民住宅,鋼筋混凝土造,72年4月12日,四層,
RPSNMLLJIIJFFDM08CA,44,80.49,住商用,鋼筋混凝土加強磚造,59年10月15日,三層,一層 二層 三層
RPPNMLMLRHJFFBM78DA,20,33.69,住家用,鋼筋混凝土造,83年3月16日,七層,三層
RPPNMLMLRHJFFBM78DA,20,10.52,見其他登記事項,鋼筋混凝土造,83年3月16日,七層,
RPSOMLNLRHJFFCM66CA,19,131.17,見其他登記事項,鋼筋混凝土造,84年4月6日,三層,一層 二層 三層 騎樓
RPRNMLOLRHJFFCM56CA,33,124.32,見其他登記事項,加強磚造,70年6月1日,二層,一層 二層 騎樓 電梯樓梯間
RPXNMLOKIIJFFCM98DA,25,4.63,商業用,鋼筋混凝土造,78年6月29日,七層,一層
RPXNMLOKIIJFFCM98DA,25,4.63,商業用,鋼筋混凝土造,78年6月29日,七層,一層
RPTNMLKMRHJFFCM09CA,42,94.25,住家用,鋼筋混凝土加強磚造,61年5月5日,二層,一層 二層
RPPOMLLJIIJFFCM77CA,23,57.15,農舍,加強磚造,80年7月24日,一層,一層
RPTNMLTJIIJFFDM98CA,1,249.36,見其他登記事項,鋼筋混凝土造,102年8月23日,三層,一層 二層 三層 屋頂突出物
RPRNMLTKRHJFFAM76CA,21,69.95,住家用,鋼筋混凝土造,83年2月17日,五層,二層
RPTNMLLJIIJFFBM97CA,30,88.77,住家用,鋼筋混凝土造,73年9月1日,三層,一層 二層 三層
RPQNMLPJJIJFFBM18CA,10,188.25,農舍,見其他登記事項,94年2月3日,一層,一層
RPPNMLPLRHJFFAM88CA,14,121.19,住家用,見其他登記事項,89年10月12日,二層,一層 二層 屋頂突出物
RPQNMLNJIIJFFAM77CA,,95.94,住家用,鋼筋混凝土造,,二層,一層 二層
RPWNMLNJIIJFFAM38CA,35,106.70,住家用,鋼筋混凝土加強磚造,68年8月14日,二層,一層 二層
RPPNMLRJIIJFFCM28CA,10,98.08,見其他登記事項,鋼筋混凝土造,93年11月16日,九層,九層
RPPNMLRJIIJFFCM28CA,10,40.27,見其他登記事項,鋼筋混凝土造,93年11月16日,九層,
RPSNMLKMRHJFFCM98CA,19,157.42,住家用,鋼筋混凝土造,84年12月30日,四層,一層 二層 三層 四層
RPSNMLMLRHJFFCM09CA,34,94.20,住家用,鋼筋混凝土加強磚造,70年1月13日,二層,一層 二層
RPQOMLOLRHJFFCM56CA,37,70.13,住家用,加強磚造,66年5月4日,二層,一層 二層
RPWNMLOKIIJFFCM88DA,25,8.33,商業用,鋼筋混凝土造,78年6月29日,七層,一層
RPWNMLOKIIJFFCM88DA,25,8.33,商業用,鋼筋混凝土造,78年6月29日,七層,一層
RPQNMLOLRHJFFCM56DA,19,157.12,住家用,鋼筋混凝土造,84年12月30日,四層,一層 二層 三層 四層
RPQNMLKLIIJFFEM08CA,19,119.29,農舍,木造,84年8月2日,一層,一層
RPQNMLMKIIJFFEM18CA,5,179.50,見其他登記事項,見其他登記事項,98年9月8日,三層,一層 二層 三層 見其他登記事項
RPQNMLPLRHJFFEM86DA,21,182.60,住家用,鋼筋混凝土造,82年8月2日,三層,一層 二層 三層
RPTNMLQKIIJFFCM68CA,19,86.80,見其他登記事項,鋼筋混凝土造,85年2月9日,十五層,十二層
RPTNMLQKIIJFFCM68CA,19,20.94,見其他登記事項,鋼筋混凝土造,85年2月9日,十五層,
RPRNMLOLRHJFFBM09CA,1,251.93,住家用,鋼筋混凝土造,102年5月28日,四層,一層 二層 三層 四層
RPQOMLNLRHJFFCM09CA,15,165.21,商業用,鋼筋混凝土造,88年12月2日,七層,一層 二層 三層 騎樓
RPQOMLNLRHJFFCM09CA,15,12.10,見其他登記事項,鋼筋混凝土造,88年12月2日,七層,
RPQOMLNLRHJFFCM09CA,15,54.84,見其他登記事項,鋼筋混凝土造,88年12月2日,七層,
RPWNMLNLRHJFFAM76CA,25,145.68,住商用,鋼筋混凝土造,78年9月20日,三層,一層 二層 三層 騎樓
RPTNMLNLRHJFFBM56CA,20,150.06,住家用,鋼筋混凝土造,83年6月28日,四層,
RPPNMLKMRHJFFAM48CA,33,84.00,住家用,加強磚造,70年4月1日,二層,一層 二層
RPWNMLNLRHJFFBM86CA,32,103.83,住商用,鋼筋混凝土造,71年9月15日,二層,一層 二層
RPTNMLRJIIJFFCM68CA,20,31.99,見其他登記事項,鋼筋混凝土造,83年10月13日,十二層,六層
RPTNMLRJIIJFFCM68CA,20,18.89,見其他登記事項,鋼筋混凝土造,83年10月13日,十二層,
RPRNMLLLIIJFFCM08CA,33,380.19,住商用,鋼筋混凝土造,70年7月15日,四層,一層 二層 三層 四層 騎樓
RPXNMLOLRHJFFCM17CA,10,154.70,住家用,鋼筋混凝土造,93年10月13日,四層,一層 二層 三層 四層
RPTNMLTLRHJFFCM27CA,20,24.76,見其他登記事項,鋼筋混凝土造,83年10月13日,十二層,八層
RPTNMLTLRHJFFCM27CA,20,13.00,見其他登記事項,鋼筋混凝土造,83年10月13日,十二層,
RPPNMLPLRHJFFBM98CA,20,61.73,住家用,鋼筋混凝土造,83年4月11日,八層,七層
RPPNMLPLRHJFFBM98CA,20,30.23,見其他登記事項,鋼筋混凝土造,83年4月11日,八層,
RPQOMLQLRHJFFBM66CA,10,157.04,住家用,鋼筋混凝土造,93年10月18日,四層,一層 二層 三層 四層
RPWNMLNKIIJFFAM48CA,39,107.10,商業用,鋼筋混凝土加強磚造,64年7月1日,二層,一層 二層 騎樓
RPUNMLLJIIJFFBM08CA,21,89.50,住家用,鋼筋混凝土造,82年12月21日,十二層,六層
RPUNMLLJIIJFFBM08CA,21,13.80,見其他登記事項,鋼筋混凝土造,82年12月21日,十二層,
RPRNMLPLRHJFFDM76CA,15,181.33,住家用,鋼筋混凝土造,88年5月12日,三層,一層 二層 三層 電梯樓梯間
RPUNMLMLIIJFFCM48CA,34,87.62,住家用,加強磚造,69年5月21日,二層,一層 二層
RPSNMLNJIIJFFCM28DA,36,73.88,住家用,加強磚造,67年10月1日,一層,一層
RPPNMLQKIIJFFCM28CA,35,149.65,住家用,見其他登記事項,68年8月10日,二層,一層 二層 騎樓
RPPNMLQKIIJFFCM28CA,35,149.65,住家用,見其他登記事項,68年8月10日,二層,一層 二層 騎樓
RPPNMLPLRHJFFCM09CA,26,141.42,住家用,鋼筋混凝土造,77年5月26日,二層,一層 二層
RPQNMLQLRHJFFAM09CA,11,64.09,住家用,鋼筋混凝土造,92年8月21日,四層,二層
RPPNMLOKIIJFFAM87CA,7,213.36,住家用,鋼筋混凝土造,96年5月11日,四層,一層 二層 三層 四層 屋頂突出物
RPRNMLKMRHJFFAM68CA,20,94.61,住家用,鋼筋混凝土造,83年11月9日,十六層,四層
RPRNMLKMRHJFFAM68CA,20,14.11,見其他登記事項,鋼筋混凝土造,83年11月9日,十六層,
RPPNMLRLRHJFFAM09CA,21,84.71,住家用,鋼筋混凝土造,82年8月28日,六層,五層
RPUOMLPLRHJFFCM07CA,33,59.20,住家用,加強磚造,70年8月10日,二層,一層 二層
RPTOMLPLRHJFFCM96CA,34,75.74,住家用,加強磚造,69年5月22日,一層,一層 騎樓
RPXNMLQLRHJFFBM27CA,43,403.48,工商用,,60年6月21日,一層,
RPUNMLQLRHJFFCM07CA,19,154.72,住家用,鋼筋混凝土造,84年12月30日,三層,一層 二層 三層
RPRNMLOKIIJFFBM18CA,,165.64,見其他登記事項,鋼筋混凝土造,103年4月18日,三層,一層 二層 三層 見其他登記事項
RPPNMLQLRHJFFDM66CA,16,190.61,住家用,鋼筋混凝土造,87年10月1日,三層,一層 二層 三層
RPQNMLQLRHJFFDM76CA,21,218.59,住商用,鋼筋混凝土造,83年1月12日,三層,一層 二層 三層 騎樓 電梯樓梯間
RPSNMLQLRHJFFBM86DA,26,151.22,住家用,加強磚造,77年12月13日,二層,一層 二層 騎樓 電梯樓梯間
RPSNMLQLRHJFFBM86DA,26,151.22,住家用,加強磚造,77年12月13日,二層,一層 二層 騎樓 電梯樓梯間
RPTNMLQKIIJFFBM58CA,2,310.42,見其他登記事項,鋼筋混凝土造,102年2月21日,三層,一層 二層 三層 見其他登記事項
RPQNMLQKIIJFFBM28CA,46,75.64,住家用,鋼筋混凝土加強磚造,57年4月5日,二層,一層 二層
RPWNMLQKIIJFFCM98CA,20,18.29,見其他登記事項,鋼筋混凝土造,83年11月28日,九層,
RPWNMLQKIIJFFCM98CA,20,47.46,見其他登記事項,鋼筋混凝土造,83年11月28日,九層,四層
RPVNMLQKIIJFFBM78CA,10,105.09,見其他登記事項,鋼筋混凝土造,93年3月22日,七層,七層
RPVNMLQKIIJFFBM78CA,10,57.99,見其他登記事項,鋼筋混凝土造,93年3月22日,七層,
RPSNMLTJIIJFFDM88CA,33,159.48,住商用,鋼筋混凝土加強磚造,70年11月25日,三層,一層 二層 三層 騎樓
RPQOMLKLIIJFFCM97CA,24,222.81,住家用,鋼筋混凝土造,79年7月4日,四層,一層 二層 三層 四層
RPQNMLSKIIJFFBM48CA,1,234.87,見其他登記事項,鋼筋混凝土造,102年12月5日,三層,見其他登記事項 一層 二層 三層 騎樓
RPPNMLSLIIJFFDM68CA,,120.00,農舍,見其他登記事項,103年7月21日,一層,
RPQNMLLJIIJFFBM67CA,21,55.04,住家用,鋼筋混凝土造,82年5月27日,七層,三層
RPQNMLLJIIJFFBM67CA,21,11.08,見其他登記事項,鋼筋混凝土造,82年5月27日,七層,
RPQNMLLJIIJFFBM67CA,21,8.95,見其他登記事項,鋼筋混凝土造,82年5月27日,七層,
RPQNMLMJIIJFFCM87CA,3,485.44,住家用,鋼筋混凝土造,100年12月28日,四層,一層 二層 三層 四層
RPPNMLSLRHJFFCM76CA,23,194.93,住商用,鋼筋混凝土造,80年5月14日,三層,一層 二層 三層 騎樓
RPVNMLQLRHJFFAM96CA,17,86.72,住家用,鋼筋混凝土造,86年9月19日,十四層,五層
RPRNMLKMRHJFFBM78CA,36,98.18,住家用,鋼筋混凝土加強磚造,68年2月22日,二層,一層 二層
RPQNMLLJIIJFFAM57CA,46,1101.55,見其他登記事項,鋼筋混凝土加強磚造,57年8月31日,四層,一層 二層 三層 四層 騎樓 地下層
RPPNMLTLRHJFFAM66CA,12,158.18,住家用,鋼筋混凝土造,91年7月10日,三層,一層 二層 三層 屋頂突出物
RPTNMLRJIIJFFAM48CA,34,115.20,住商用,鋼筋混凝土加強磚造,69年10月1日,二層,一層 二層 騎樓
RPQNMLRLRHJFFAM56CA,14,82.66,住家用,鋼筋混凝土造,90年3月2日,三層,一層 二層 三層 屋頂突出物
RPQNMLRLRHJFFAM56CA,14,82.66,住家用,鋼筋混凝土造,90年3月2日,三層,三層 屋頂突出物 一層 二層
RPQNMLTJIIJFFAM38CA,40,831.89,住工用,見其他登記事項,63年6月1日,二層,
RPROMLTLRHJFFCM17CA,20,103.69,住家用,鋼筋混凝土造,83年8月13日,十五層,十一層
RPOOMLOKIIJFFCM08CA,34,80.44,住家用,鋼筋混凝土加強磚造,70年1月9日,二層,一層 二層
RPUOMLRKIIJFFBM88CA,19,88.59,住家用,鋼筋混凝土造,84年7月19日,八層,五層
RPUOMLRKIIJFFBM88CA,19,42.89,見其他登記事項,鋼筋混凝土造,84年7月19日,八層,
RPRNMLRKIIJFFBM48CA,20,137.58,住家用,鋼筋混凝土造,84年3月8日,三層,一層 二層 三層
RPWNMLRKIIJFFAM88CA,25,151.04,住家用,加強磚造,78年7月7日,二層,一層 二層
RPTNMLSJIIJFFBM68CA,2,229.46,住家用,鋼筋混凝土造,102年3月8日,四層,一層 二層 三層 四層
RPRNMLLJIIJFFDM97CA,17,204.70,見其他登記事項,鋼筋混凝土造,86年12月23日,二層,一層 二層 騎樓 電梯樓梯間
RPSOMLMLIIJFFCM38CA,19,144.97,住家用,鋼筋混凝土造,85年1月24日,三層,一層 二層 三層 屋頂突出物
RPSOMLMLIIJFFCM38CA,19,163.66,住家用,鋼筋混凝土造,85年1月24日,三層,一層 二層 三層 屋頂突出物
RPSOMLMLIIJFFCM38CA,19,240.99,住家用,鋼筋混凝土造,85年1月24日,三層,一層 二層 三層 屋頂突出物
RPQNMLPKIIJFFDM38CA,5,92.16,農舍,見其他登記事項,98年5月21日,一層,一層
RPRNMLNJIIJFFDM28DA,13,104.33,住商用,鋼筋混凝土造,90年7月17日,三層,一層 二層 三層 屋頂突出物 騎樓
RPTNMLKMRHJFFDM66DA,7,133.13,住家用,鋼筋混凝土造,96年4月13日,二層,一層 二層
RPWNMLKLIIJFFCM48CA,35,129.50,住商用,鋼筋混凝土造,68年10月22日,二層,二層 騎樓 一層
RPXNMLOKIIJFFBM78CA,1,229.46,住家用,鋼筋混凝土造,102年3月8日,四層,四層 一層 二層 三層
RPVNMLRLIIJFFCM09CA,13,209.02,見其他登記事項,鋼筋混凝土造,90年12月26日,二層,二層 屋頂突出物 一層
RPSNMLNJIIJFFBM18DA,35,85.47,住家用,鋼筋混凝土加強磚造,68年7月28日,一層,
RPWNMLSJIIJFFCM09CA,42,54.83,住家用,鋼筋混凝土加強磚造,61年9月7日,一層,一層
RPQNMLQJIIJFFCM28CA,96,45.46,住商用,木造,7年1月1日,一層,一層 騎樓
RPSOMLRKIIJFFAM58CA,40,173.27,住商用,鋼筋混凝土加強磚造,63年8月15日,三層,一層 二層 三層 騎樓
RPTOMLRJIIJFFAM58CA,34,140.80,,鋼筋混凝土加強磚造,70年1月1日,二層,一層 二層 騎樓
RPUOMLRJIIJFFAM68CA,21,130.27,住家用,鋼筋混凝土造,82年6月23日,二層,一層 二層 騎樓
RPPNMLSJIIJFFAM18CA,23,155.20,住商用,鋼筋混凝土造,80年9月26日,三層,一層 二層 三層 騎樓
RPQNMLTJIIJFFBM48CA,15,206.98,見其他登記事項,鋼筋混凝土造,88年7月23日,三層,一層 二層 三層
RPSNMLNLIIJFFAM18CA,,237.62,住家用,鋼筋混凝土造,102年12月3日,四層,一層 二層 三層 四層
RPVOMLNJIIJFFCM58CA,15,431.25,農舍,見其他登記事項,88年6月15日,二層,一層 二層
RPVNMLNJIIJFFCM48CA,19,122.13,住家用,鋼筋混凝土造,84年7月13日,三層,一層 二層 三層
RPTNMLPKIIJFFCM58CA,37,138.49,住家用,鋼筋混凝土加強磚造,66年5月2日,二層,一層 二層 騎樓
RPQOMLSJIIJFFCM58CA,3,193.79,住家用,鋼筋混凝土造,101年1月16日,三層,一層 二層 三層
RPROMLRKIIJFFBM58CA,20,173.59,住家用,鋼筋混凝土造,83年10月19日,三層,一層 二層 三層 電梯樓梯間
RPUNMLTJIIJFFDM09CA,7,214.89,住家用,鋼筋混凝土造,96年7月2日,四層,一層 二層 三層 四層 屋頂突出物
RPROMLKLIIJFFCM08CA,19,157.32,住家用,鋼筋混凝土造,84年11月14日,三層,一層 二層 三層
RPPOMLKLIIJFFCM87CA,19,151.12,見其他登記事項,鋼筋混凝土造,84年10月2日,七層,一層 二層 三層 騎樓
RPPOMLKLIIJFFCM87CA,19,32.85,見其他登記事項,鋼筋混凝土造,84年10月2日,七層,
RPUNMLRKIIJFFBM78CA,2,309.98,見其他登記事項,鋼筋混凝土造,102年2月21日,三層,一層 二層 三層 見其他登記事項
RPWNMLKLIIJFFBM38CA,2,229.46,住家用,鋼筋混凝土造,102年3月8日,四層,一層 二層 三層 四層
RPPNMLNJIIJFFBM77CA,34,118.65,住家用,加強磚造,69年12月18日,二層,一層 二層
RPTNMLTLIIJFFDM56CA,,225.11,見其他登記事項,鋼筋混凝土造,103年6月26日,三層,一層 二層 三層 見其他登記事項
RPQNMLNJIIJFFBM87CA,34,118.65,住家用,加強磚造,69年12月18日,二層,一層 二層
RPRNMLQJIIJFFBM28CA,3,441.88,住家用,鋼筋混凝土造,100年12月5日,五層,一層 二層 三層 四層 五層
RPPNMLQJIIJFFCM18CA,34,76.80,住家用,加強磚造,69年5月22日,一層,一層 騎樓
RPUNMLNJIIJFFCM38CA,42,50.02,住家用,鋼筋混凝土加強磚造,62年3月14日,一層,一層
RPTNMLQJIIJFFCM58CA,2,199.76,住家用,鋼筋混凝土造,101年4月26日,三層,二層 三層 一層
RPVNMLNJIIJFFBM38CA,13,175.32,住家用,鋼筋混凝土造,90年3月26日,三層,三層 一層 二層
RPVNMLRJIIJFFCM88CA,35,89.78,住家用,加強磚造,68年9月29日,二層,一層 二層
RPVOMLTJIIJFFCM56CA,34,65.60,住家用,鋼筋混凝土造,69年10月21日,四層,二層
RPTNMLOLIIJFFAM38CA,24,195.39,住商用,鋼筋混凝土造,79年5月14日,三層,二層 三層 騎樓 一層
RPPOMLRKIIJFFBM38CA,33,71.27,住商用,鋼筋混凝土造,70年10月5日,三層,一層 二層 三層 騎樓
RPPNMLLKIIJFFBM67CA,27,92.03,見其他登記事項,加強磚造,76年11月19日,一層,一層 見其他登記事項
RPRNMLTLIIJFFCM88CA,25,159.58,住商用,鋼筋混凝土造,78年11月3日,三層,一層 二層 三層 騎樓
RPSNMLRJIIJFFBM48CA,7,15.00,農舍,見其他登記事項,97年3月10日,一層,一層
RPPNMLLMIIJFFEM18CA,19,123.10,住家用,鋼筋混凝土造,85年1月30日,四層,一層 二層 三層 四層 屋頂突出物
RPPNMLRJIIJFFDM38CA,19,179.62,住家用,鋼筋混凝土造,84年9月26日,四層,一層 二層 三層 四層 電梯樓梯間
RPQNMLSJIIJFFEM68CA,27,105.21,住商用,鋼筋混凝土造,76年4月8日,二層,一層 二層 騎樓
RPQNMLLMIIJFFEM28CA,62,68.41,商業用,見其他登記事項,41年7月1日,二層,一層 二層 騎樓
RPRNMLRLIIJFFCM68CA,20,75.73,見其他登記事項,鋼筋混凝土造,83年12月31日,十二層,七層
RPRNMLRLIIJFFCM68CA,20,17.94,見其他登記事項,鋼筋混凝土造,83年12月31日,十二層,
RPQNMLNLIIJFFCM18CA,9,59.59,住家用,見其他登記事項,95年1月27日,一層,一層
RPPNMLSLIIJFFEM88DA,35,143.91,住商用,鋼筋混凝土加強磚造,68年11月23日,三層,一層 二層 三層 騎樓
RPTNMLRJIIJFFBM58CA,20,19.01,住家用,鋼筋混凝土造,83年7月21日,十三層,十三層
RPTNMLRJIIJFFBM58CA,20,10.67,見其他登記事項,鋼筋混凝土造,83年7月21日,十三層,
RPPNMLNKIIJFFBM87CA,24,118.39,住家用,加強磚造,79年4月4日,二層,一層 二層 電梯樓梯間 夾層
RPQNMLKMIIJFFCM97CA,20,438.52,農舍,鋼筋混凝土造,83年7月2日,二層,二層 一層
RPUOMLKLIIJFFCM38CA,24,222.81,住家用,鋼筋混凝土造,79年7月4日,四層,一層 二層 三層 四層
RPQNMLNLIIJFFAM97CA,43,147.15,商業用,鋼筋混凝土加強磚造,60年6月3日,三層,一層 二層 三層 騎樓
RPROMLNKIIJFFAM08CA,5,12.00,農舍,見其他登記事項,98年10月2日,一層,一層
RPSNMLTJIIJFFAM58CA,20,76.49,住家用,鋼筋混凝土造,83年9月8日,五層,三層
RPSNMLTJIIJFFAM58CA,20,4.34,見其他登記事項,鋼筋混凝土造,83年9月8日,五層,
RPQOMLNKIIJFFAM97CA,18,45.55,住家用,鋼筋混凝土造,85年11月30日,七層,一層
RPQOMLNKIIJFFAM97CA,18,9.90,,鋼筋混凝土造,85年11月30日,七層,
RPTNMLRLIIJFFAM68CA,20,99.53,住家用,鋼筋混凝土造,83年4月28日,三層,一層 二層 三層
RPUNMLSJIIJFFAM68CA,21,68.44,住家用,鋼筋混凝土造,82年3月22日,八層,六層
RPUNMLSJIIJFFAM68CA,21,32.91,見其他登記事項,鋼筋混凝土造,82年3月22日,八層,
RPUNMLTJIIJFFBM88CA,34,107.95,住家用,鋼筋混凝土加強磚造,69年3月17日,二層,二層 一層 騎樓
RPTOMLRKIIJFFBM78CA,21,82.26,住家用,鋼筋混凝土造,82年5月27日,七層,五層
RPTOMLRKIIJFFBM78CA,21,17.77,見其他登記事項,鋼筋混凝土造,82年5月27日,七層,
RPTOMLRKIIJFFBM78CA,21,9.38,見其他登記事項,鋼筋混凝土造,82年5月27日,七層,
RPSNMLRKIIJFFBM58CA,,228.86,見其他登記事項,鋼筋混凝土造,103年4月18日,三層,一層 二層 三層 見其他登記事項
RPSNMLOKIIJFFCM38CA,13,182.50,住家用,鋼筋混凝土造,90年9月13日,三層,一層 二層 三層
RPVOMLKLIIJFFCM48CA,36,91.86,住商用,鋼筋混凝土加強磚造,67年12月25日,二層,一層 二層 騎樓
RPVNMLNLIIJFFCM68CA,39,90.29,住商用,鋼筋混凝土加強磚造,64年4月1日,二層,一層 二層 騎樓
RPPNMLKLIIJFFDM87CA,43,71.78,住家用,磚造,60年8月25日,一層,一層
RPVNMLOKIIJFFBM58CA,20,176.63,住家用,鋼筋混凝土造,83年11月5日,三層,一層 二層 三層
RPSNMLSJIIJFFDM88DA,7,98.36,住家用,鋼筋混凝土造,96年4月13日,三層,一層 二層 三層
RPUOMLLMIIJFFCM58CA,39,71.28,住家用,加強磚造,65年3月17日,一層,一層
RPSNMLPKIIJFFCM48CA,39,61.92,住家用,鋼筋混凝土加強磚造,64年7月12日,二層,一層 二層
RPRNMLOKIIJFFCM28CA,12,14.35,住家用,見其他登記事項,91年5月23日,一層,
RPQNMLNKIIJFFCM08CA,28,153.00,住家用,鋼筋混凝土造,75年7月14日,二層,一層 二層
RPQOMLSJIIJFFBM48CA,44,91.02,住家用,鋼筋混凝土加強磚造,59年9月12日,二層,一層 二層
RPVNMLKLIIJFFBM28CA,16,151.27,住家用,鋼筋混凝土造,87年5月2日,三層,一層 二層 三層 電梯樓梯間
RPQQMLKLIIJFFAM97CA,19,151.18,住家用,鋼筋混凝土造,84年6月15日,三層,一層 二層 三層 屋頂突出物
RPQNMLQJJIJFFAM18CA,21,154.51,住家用,鋼筋混凝土造,82年11月20日,三層,一層 二層 三層 屋頂突出物
RPQNMLQJJIJFFAM18CA,21,.68,見其他登記事項,鋼筋混凝土造,82年11月20日,三層,
RPUNMLQKIIJFFAM58CA,18,23.47,住家用,鋼筋混凝土造,85年4月10日,七層,七層
RPOOMLRLIIJFFDM58CA,35,82.82,住商用,加強磚造,68年8月8日,二層,一層 二層 騎樓
RPRNMLOKIIJFFAM08CA,35,180.39,住商用,鋼筋混凝土加強磚造,68年4月13日,四層,一層 二層 三層 四層 騎樓
RPRNMLNKIIJFFBM08CA,39,91.14,住商用,鋼筋混凝土加強磚造,64年7月8日,二層,一層 二層 騎樓
RPWNMLOKIIJFFBM68CA,8,71.70,住家用,鋼筋混凝土造,95年12月13日,三層,一層 二層 三層 屋頂突出物
RPQNMLNKIIJFFBM97CA,1,190.48,住家用,鋼筋混凝土造,102年9月18日,四層,四層 一層 二層 三層
RPSNMLPKIIJFFAM28CA,38,90.40,住家用,鋼筋混凝土加強磚造,65年10月18日,二層,一層 二層 騎樓
RPPNMLMLIIJFFAM77CA,1,254.60,見其他登記事項,鋼筋混凝土造,102年10月15日,三層,三層 屋頂突出物 一層 二層
RPQNMLNKIIJFFDM18CA,41,35.26,住家用,見其他登記事項,62年7月1日,一層,一層
RPQNMLOLIIJFFAM08CA,17,85.48,住家用,鋼筋混凝土造,86年9月19日,十四層,六層
RPQNMLOLIIJFFAM08CA,17,21.20,見其他登記事項,鋼筋混凝土造,86年9月19日,十四層,
RPPNMLPJJIJFFCM28DA,14,116.09,住家用,鋼筋混凝土造,89年12月28日,二層,一層 二層 屋頂突出物
RPXNMLLMIIJFFBM68CA,26,113.05,住家用,加強磚造,77年12月31日,二層,一層 二層
RPWOMLRKIIJFFAM98CA,35,102.61,住家用,鋼筋混凝土加強磚造,69年2月1日,二層,一層 二層
RPSOMLNKIIJFFAM18CA,22,207.70,住商用,鋼筋混凝土造,82年1月11日,四層,一層 二層 三層 四層 騎樓
RPPNMLQKIIJFFAM08CA,11,180.68,住商用,鋼筋混凝土造,92年4月22日,三層,一層 二層 三層 屋頂突出物
RPVNMLNLIIJFFAM48CA,21,126.00,住家用,鋼筋混凝土造,83年2月4日,三層,一層 二層 三層
RPUNMLQJJIJFFBM68CA,7,429.65,農舍,鋼骨鋼筋混凝土造,96年4月3日,二層,一層 二層
RPPNMLRKIIJFFEM58CA,8,118.34,住家用,見其他登記事項,96年1月10日,一層,一層
RPPNMLPKIIJFFEM38CA,33,110.56,住家用,鋼筋混凝土加強磚造,70年8月1日,二層,一層 二層
RPVNMLMLIIJFFAM48DA,12,91.14,住家用,鋼筋混凝土造,91年8月15日,四層,一層 二層 三層 四層
RPVNMLMLIIJFFAM48DA,12,91.14,住家用,鋼筋混凝土造,91年8月15日,四層,一層 二層 三層 四層
RPSNMLRKIIJFFCM68CA,47,111.26,住家用,磚造,56年4月27日,二層,一層 二層 騎樓
RPPNMLQJJIJFFEM48CA,50,105.10,住家用,見其他登記事項,53年7月1日,一層,一層
RPROMLMLIIJFFCM28CA,19,62.37,見其他登記事項,鋼筋混凝土造,84年7月17日,七層,一層
RPQPMLKLIIJFFCM08CA,14,313.25,住商用,鋼骨鋼筋混凝土造,89年11月17日,三層,一層 二層 三層 屋頂突出物 騎樓
RPPNMLRKIIJFFCM48DA,33,65.15,商業用,鋼筋混凝土造,70年11月5日,一層,
RPPNMLRKIIJFFCM48DA,33,65.15,商業用,鋼筋混凝土造,70年11月5日,一層,
RPRNMLPLIIJFFDM58CA,29,139.61,住商用,鋼筋混凝土加強磚造,75年3月5日,三層,一層 二層 三層 騎樓
RPPNMLPLIIJFFDM38CA,37,287.82,住家用,鋼筋混凝土加強磚造,66年12月1日,二層,騎樓 一層 二層
RPXOMLRKIIJFFBM56CA,25,196.39,住家用,鋼筋混凝土造,78年5月11日,二層,
RPVNMLNKJIJFFCM68CA,38,64.82,住家用,加強磚造,65年10月1日,二層,一層 二層
RPUNMLRJJIJFFBM78CA,11,199.38,見其他登記事項,鋼筋混凝土造,92年3月3日,四層,一層 二層 三層 四層
RPRNMLKKJIJFFBM87CA,21,137.03,住商用,鋼筋混凝土造,83年3月16日,九層,一層 二層 三層
RPRNMLKKJIJFFBM87CA,21,49.01,見其他登記事項,鋼筋混凝土造,83年3月16日,九層,
RPRNMLQJJIJFFAM28CA,20,253.63,住商用,鋼筋混凝土造,83年8月3日,四層,一層 二層 三層 四層 屋頂突出物 騎樓
RPTNMLLMIIJFFAM18CA,1,210.78,住家用,鋼筋混凝土造,103年1月14日,四層,一層 二層 三層 四層
RPSNMLMLIIJFFAM08CA,20,199.30,住家用,鋼筋混凝土造,83年7月19日,四層,一層 二層 三層 地下層 四層
RPSNMLMLIIJFFAM08CA,20,18.44,住家用,鋼筋混凝土造,83年7月19日,四層,
RPRNMLKLIIJFFBM87CA,16,101.61,住家用,鋼筋混凝土造,88年2月12日,九層,九層
RPRNMLKLIIJFFBM87CA,16,49.14,見其他登記事項,鋼筋混凝土造,88年2月12日,九層,
RPPNMLRKIIJFFBM38DA,,233.01,見其他登記事項,鋼筋混凝土造,103年5月12日,三層,一層 二層 三層 騎樓 見其他登記事項
RPQNMLLKJIJFFBM87CA,25,113.22,住家用,鋼筋混凝土造,79年3月9日,二層,一層 二層 屋頂突出物
RPSNMLLLIIJFFCM18CA,28,120.11,見其他登記事項,鋼筋混凝土造,75年10月29日,二層,一層 二層 騎樓
RPXNMLMLIIJFFCM78CA,19,191.72,住家用,鋼筋混凝土造,84年12月30日,三層,一層 二層 三層 屋頂突出物
RPRNMLLKJIJFFCM08CA,24,222.81,住家用,鋼筋混凝土造,79年7月4日,四層,一層 二層 三層 四層
RPWNMLOJJIJFFCM78CA,2,192.12,住家用,鋼筋混凝土造,101年4月26日,三層,一層 二層 三層
RPPNMLLLIIJFFCM87CA,17,177.51,住家用,鋼筋混凝土造,87年1月3日,四層,一層 二層 三層 四層
RPUNMLRJJIJFFCM88CA,19,67.25,見其他登記事項,鋼筋混凝土造,85年2月9日,十五層,三層
RPUNMLRJJIJFFCM88CA,19,14.30,見其他登記事項,鋼筋混凝土造,85年2月9日,十五層,
RPPNMLTLIIJFFBM58CA,19,201.79,住家用,鋼筋混凝土造,85年1月12日,三層,夾層 地下層 一層 二層 三層
RPSOMLKLIIJFFCM18CA,24,224.86,住家用,鋼筋混凝土造,79年7月4日,四層,一層 二層 三層 四層
RPTNMLMLIIJFFAM18CA,2,14.40,農舍,見其他登記事項,101年10月8日,一層,一層
RPSNMLMLIIJFFBM18CA,24,157.86,見其他登記事項,鋼筋混凝土造,79年11月22日,三層,一層 二層 三層
RPSNMLRLIIJFFAM58CA,33,91.35,住家用,鋼筋混凝土加強磚造,70年10月15日,二層,一層 二層
RPUNMLMKJIJFFBM38CA,34,116.16,住家用,鋼筋混凝土加強磚造,69年12月18日,二層,一層 二層
RPTOMLNLIIJFFAM38CA,20,117.13,住家用,鋼筋混凝土造,84年1月18日,三層,一層 二層 三層
RPSNMLTLIIJFFBM88CA,,202.71,見其他登記事項,鋼筋混凝土造,103年5月22日,三層,一層 二層 三層 見其他登記事項
RPPNMLNJJIJFFBM87CA,53,97.35,住家用,見其他登記事項,,三層,一層 二層 三層
RPRNMLPJJIJFFBM28CA,20,87.56,住商用,鋼筋混凝土造,83年4月11日,八層,一層 二層 騎樓
RPRNMLPJJIJFFBM28CA,20,10.84,見其他登記事項,鋼筋混凝土造,83年4月11日,八層,
RPRNMLLLIIJFFBM97CA,36,116.58,住家用,鋼筋混凝土加強磚造,68年3月14日,二層,一層 二層
RPQNMLMLIIJFFAM87CA,35,37.84,住家用,鋼筋混凝土加強磚造,69年1月9日,二層,一層 二層
RPRNMLLLIIJFFAM97DA,25,108.36,住家用,鋼筋混凝土造,78年9月22日,二層,一層 二層
RPRNMLLLIIJFFAM97DA,25,108.36,住家用,鋼筋混凝土造,78年9月22日,二層,一層 二層
RPQNMLPLIIJFFDM48CA,20,289.25,住家用,鋼筋混凝土造,83年6月14日,四層,一層 二層 三層 四層 電梯樓梯間
RPSNMLLLIIJFFBM18DA,22,160.88,住家用,鋼筋混凝土造,82年2月9日,三層,一層 二層 三層
RPPNMLNLIIJFFEM28CA,3,205.84,見其他登記事項,見其他登記事項,100年8月2日,三層,一層 二層 三層 見其他登記事項
RPVNMLNKJIJFFBM58CA,1,173.40,見其他登記事項,鋼筋混凝土造,102年6月26日,三層,一層 二層 三層 見其他登記事項
RPXNMLRKJIJFFAM09CA,19,212.28,住家用,鋼筋混凝土造,84年9月15日,三層,一層 二層 三層 屋頂突出物 地下層
RPTNMLSLIIJFFCM98CA,20,78.54,見其他登記事項,鋼筋混凝土造,83年7月7日,十三層,十一層
RPRNMLMLIIJFFCM18CA,35,51.13,住家用,鋼筋混凝土加強磚造,68年7月6日,一層,一層 騎樓
RPWOMLLLIIJFFCM68CA,20,81.71,見其他登記事項,鋼筋混凝土造,83年12月31日,十二層,三層
RPWOMLLLIIJFFCM68CA,20,21.84,見其他登記事項,鋼筋混凝土造,83年12月31日,十二層,
RPWNMLMLIIJFFCM68CA,18,35.52,農舍,木造,85年11月30日,一層,一層
RPWNMLMLIIJFFCM68CA,18,35.52,農舍,木造,85年11月30日,一層,一層
RPVNMLMLIIJFFCM58CA,20,83.59,見其他登記事項,鋼筋混凝土造,83年12月31日,十二層,五層
RPUNMLMKJIJFFCM48CA,35,95.56,住商用,鋼筋混凝土加強磚造,68年7月6日,二層,一層 二層 騎樓
RPQNMLMLIIJFFBM08DA,33,124.65,住商用,加強磚造,70年10月27日,二層,一層 二層 騎樓
RPOOMLMLIIJFFCM08DA,40,73.98,住家用,鋼筋混凝土加強磚造,63年4月22日,二層,一層 二層
RPROMLQJJIJFFBM48CA,13,233.95,住家用,鋼筋混凝土造,90年12月13日,三層,一層 二層 三層
RPPNMLPJJIJFFBM08CA,23,86.06,住家用,鋼筋混凝土造,80年9月20日,十一層,五層
RPPNMLPJJIJFFBM08CA,23,14.67,見其他登記事項,鋼筋混凝土造,80年9月20日,十一層,
RPPNMLPJJIJFFBM08CA,23,9.42,見其他登記事項,鋼筋混凝土造,80年9月20日,十一層,
RPPNMLPJJIJFFBM08CA,23,12.18,見其他登記事項,鋼筋混凝土造,80年9月20日,十一層,
RPPNMLPJJIJFFBM08CA,23,10.19,見其他登記事項,鋼筋混凝土造,80年9月20日,十一層,
RPTNMLOLIIJFFBM48CA,,216.00,農舍,鋼筋混凝土造,103年8月21日,二層,一層 二層
RPPNMLPLIIJFFAM08CA,20,65.82,住家用,鋼筋混凝土造,84年2月16日,十三層,六層
RPPNMLPLIIJFFAM08CA,20,16.91,見其他登記事項,鋼筋混凝土造,84年2月16日,十三層,
RPQNMLLKJIJFFEM18CA,58,406.12,商業用,鋼筋混凝土加強磚造,46年3月15日,二層,一層 二層
RPPNMLSLIIJFFBM48CA,34,116.16,住家用,鋼筋混凝土加強磚造,69年12月18日,二層,一層 二層
RPWNMLQJJIJFFAM78CA,21,203.27,住家用,鋼筋混凝土造,82年4月26日,三層,一層 二層 三層
RPPOMLTLIIJFFAM58CA,20,95.07,住家用,鋼筋混凝土造,84年2月16日,十三層,十層
RPPOMLTLIIJFFAM58CA,20,16.41,見其他登記事項,鋼筋混凝土造,84年2月16日,十三層,
RPQNMLRKJIJFFAM38CA,20,105.03,住家用,鋼筋混凝土造,83年6月11日,五層,五層 夾層
RPQNMLRKJIJFFAM38CA,20,15.80,見其他登記事項,鋼筋混凝土造,83年6月11日,五層,
RPRNMLPLIIJFFBM38CA,6,15.75,農舍,見其他登記事項,97年8月14日,一層,一層
RPRNMLKMIIJFFCM08CA,41,88.97,住家用,鋼筋混凝土加強磚造,63年1月6日,三層,一層 二層 三層
RPVNMLRLIIJFFDM56CA,15,149.31,住家用,鋼筋混凝土造,89年2月2日,三層,一層 二層 三層
RPPNMLMKJIJFFBM87CA,40,126.00,住商用,鋼筋混凝土加強磚造,63年12月15日,二層,一層 二層 騎樓
RPTNMLRLIIJFFCM88CA,21,87.86,見其他登記事項,鋼筋混凝土造,83年1月14日,十一層,九層
RPQNMLOLJIJFFCM38CA,34,81.20,見其他登記事項,鋼筋混凝土造,69年7月31日,二層,一層 二層 騎樓
RPPNMLTKJIJFFCM68CA,19,218.32,住家用,鋼筋混凝土造,85年1月19日,三層,一層 二層 三層 屋頂突出物 地下層
RPTNMLQJJIJFFAM48CA,22,65.56,住家用,鋼筋混凝土造,82年3月22日,八層,一層
RPTNMLQJJIJFFAM48CA,22,7.68,見其他登記事項,鋼筋混凝土造,82年3月22日,八層,
RPVNMLSLIIJFFCM66DA,,54.88,農舍,見其他登記事項,103年8月26日,一層,一層
RPTNMLTLIIJFFBM98CA,22,64.39,住家用,鋼筋混凝土造,82年3月12日,七層,一層
RPTNMLTLIIJFFBM98CA,22,7.54,見其他登記事項,鋼筋混凝土造,82年3月12日,七層,
RPRNMLNJJIJFFCM28DA,,54.88,農舍,見其他登記事項,103年8月26日,一層,一層
RPQNMLSLIIJFFAM48CA,25,1708.58,見其他登記事項,見其他登記事項,78年9月7日,一層,一層 地下層
RPPNMLNJJIJFFAM77CA,20,102.85,住家用,鋼筋混凝土造,83年11月9日,十六層,八層
RPPNMLNJJIJFFAM77CA,20,15.69,見其他登記事項,鋼筋混凝土造,83年11月9日,十六層,
RPQOMLPJJIJFFAM18CA,30,46.53,住家用,鋼筋混凝土造,73年11月23日,二層,一層 二層
RPRNMLRLIIJFFBM58CA,20,150.06,住家用,鋼筋混凝土造,83年6月28日,四層,
RPRNMLKMIIJFFDM18CA,21,69.82,住商用,鋼筋混凝土造,82年7月20日,四層,一層 二層 三層 四層 騎樓 電梯樓梯間
RPTNMLOJJIJFFEM68CA,33,174.51,住商用,鋼筋混凝土加強磚造,70年4月8日,三層,一層 二層 三層 騎樓
RPPNMLKLJIJFFAM67CA,36,82.94,住家用,鋼筋混凝土加強磚造,68年1月26日,二層,一層 二層
RPUNMLSLIIJFFCM09CA,40,106.40,住家用,鋼筋混凝土加強磚造,63年6月15日,二層,一層 二層
RPPOMLRLIIJFFDM68CA,28,151.80,住商用,鋼筋混凝土加強磚造,75年8月14日,三層,一層 二層 三層 騎樓
RPOOMLRLIIJFFCM48CA,10,154.70,住家用,鋼筋混凝土造,93年10月1日,四層,一層 二層 三層 四層
RPRNMLSLIIJFFBM68CA,20,150.06,住家用,鋼筋混凝土造,83年6月28日,四層,
RPPNMLKKJIJFFCM77CA,34,122.85,住商用,加強磚造,69年5月29日,二層,一層 二層 騎樓
RPUNMLQJJIJFFAM58CA,34,49.56,住家用,鋼筋混凝土加強磚造,69年12月25日,二層,一層 二層
RPUNMLQJJIJFFAM58CA,34,49.56,住家用,鋼筋混凝土加強磚造,69年12月25日,二層,一層 二層
RPUOMLPJJIJFFAM58CA,17,209.74,住家用,鋼筋混凝土造,86年11月3日,四層,一層 二層 三層 四層
RPWNMLTLIIJFFAM56CA,5,171.49,住家用,鋼筋混凝土造,99年1月22日,四層,一層 二層 三層 四層 屋頂突出物
RPROMLNKJIJFFAM18CA,,202.25,住家用,鋼筋混凝土造,103年7月4日,四層,一層 二層 三層 四層
RPSOMLNKJIJFFAM28CA,,202.24,住家用,鋼筋混凝土造,103年7月4日,四層,一層 二層 三層 四層
RPQNMLLMIIJFFAM87CA,34,81.00,住家用,鋼筋混凝土加強磚造,69年12月1日,二層,一層 二層
RPRNMLSLIIJFFAM58CA,22,229.25,住商用,鋼筋混凝土造,82年3月25日,三層,一層 二層 三層
RPPNMLOKJIJFFAM97CA,20,12.67,停車空間,鋼筋混凝土造,84年2月16日,十三層,
RPWNMLRKJIJFFAM98CA,34,85.35,住商用,鋼筋混凝土加強磚造,69年12月31日,二層,一層 二層 騎樓
RPTOMLPJJIJFFAM48CA,20,133.89,住家用,鋼筋混凝土造,83年9月30日,三層,三層 夾層 一層 二層
RPPNMLNJJIJFFCM08DA,47,20.29,住家用,鋼筋混凝土加強磚造,56年5月15日,二層,一層 二層
RPTNMLLKJIJFFBM18CA,12,44.50,住家用,見其他登記事項,91年12月20日,一層,一層
RPWNMLLMIIJFFCM68CA,27,262.99,住家用,鋼筋混凝土造,76年11月23日,三層,一層 二層 三層 騎樓
RPPOMLOJJIJFFCM18CA,54,345.92,見其他登記事項,見其他登記事項,49年4月30日,三層,一層 二層 三層 騎樓
RPXNMLLMIIJFFDM88CA,23,185.12,住家用,鋼筋混凝土造,80年6月29日,三層,一層 二層 三層
RPRNMLLMIIJFFEM38CA,6,15.28,農舍,見其他登記事項,97年8月25日,一層,一層
RPPNMLMJJIJFFCM87CA,40,102.00,住商用,鋼筋混凝土加強磚造,63年6月8日,二層,一層 二層 騎樓
RPPNMLRJJIJFFEM58CA,4,181.50,住家用,見其他登記事項,99年6月1日,三層,一層 二層 三層 見其他登記事項
RPSNMLKMIIJFFDM38DA,34,97.61,住商用,鋼筋混凝土加強磚造,70年2月2日,二層,一層 二層 騎樓
RPTNMLRKJIJFFDM98CA,27,105.00,住商用,鋼筋混凝土加強磚造,76年6月29日,二層,一層 二層
RPPNMLOKJIJFFCM28DA,17,132.83,住家用,鋼筋混凝土造,86年7月7日,三層,一層 二層 三層
RPSNMLQJJIJFFBM48CA,9,181.79,住商用,鋼筋混凝土造,94年11月30日,三層,一層 二層 三層 屋頂突出物 騎樓
RPVNMLLMIIJFFBM48CA,19,82.78,住商用,鋼筋混凝土造,85年3月12日,八層,一層 二層
RPVNMLLMIIJFFBM48CA,19,20.58,見其他登記事項,鋼筋混凝土造,85年3月12日,八層,
RPQNMLRKJIJFFBM48CA,17,93.28,住家用,鋼筋混凝土造,86年7月12日,七層,七層
RPQNMLRKJIJFFBM48CA,17,38.15,見其他登記事項,鋼筋混凝土造,86年7月12日,七層,
RPSNMLOKJIJFFBM38CA,35,109.78,住家用,鋼筋混凝土加強磚造,68年7月28日,一層,
RPOOMLKKJIJFFAM57CA,19,171.26,住家用,鋼筋混凝土造,85年1月5日,四層,一層 二層 三層 四層 屋頂突出物
RPWNMLNJJIJFFAM48CA,34,92.65,住家用,鋼筋混凝土加強磚造,69年6月13日,二層,一層 二層
RPXNMLNJJIJFFAM58CA,22,81.58,住家用,鋼筋混凝土造,81年7月13日,五層,四層
RPXNMLNJJIJFFAM58CA,22,5.15,共有部份,鋼筋混凝土造,81年7月13日,五層,
RPVNMLNJJIJFFAM38CA,11,154.09,住家用,鋼筋混凝土造,92年12月9日,四層,一層 二層 三層 四層
RPPNMLNJJIJFFDM08CA,17,182.77,住家用,鋼筋混凝土造,86年11月6日,三層,一層 二層 三層
RPSOMLLLJIJFFAM18CA,14,65.99,住家用,見其他登記事項,90年1月9日,一層,一層
RPWNMLOKJIJFFBM78CA,,156.72,農舍,見其他登記事項,103年8月21日,三層,一層 二層 三層 見其他登記事項
RPTNMLTKJIJFFBM98CA,,218.01,住家用,鋼筋混凝土造,103年8月27日,四層,一層 二層 三層 四層
RPRNMLTKJIJFFBM78CA,,197.50,見其他登記事項,鋼筋混凝土造,103年8月27日,四層,一層 二層 三層 四層
RPTNMLNJJIJFFCM38CA,40,89.53,住家用,鋼筋混凝土加強磚造,64年2月3日,二層,一層 二層
RPSNMLTKJIJFFBM88CA,,200.54,見其他登記事項,鋼筋混凝土造,103年8月27日,四層,一層 二層 三層 四層
RPRNMLPLJIJFFCM58CA,20,73.35,見其他登記事項,鋼筋混凝土造,83年11月28日,九層,九層
RPRNMLPLJIJFFCM58CA,20,19.68,見其他登記事項,鋼筋混凝土造,83年11月28日,九層,
RPXNMLNJJIJFFCM78CA,41,66.79,住家用,鋼筋混凝土加強磚造,62年10月5日,二層,一層 二層
RPXNMLNJJIJFFCM78CA,41,66.79,住家用,鋼筋混凝土加強磚造,62年10月5日,二層,一層 二層
RPOOMLLMIIJFFCM97CA,26,141.42,住家用,鋼筋混凝土造,77年5月26日,二層,一層 二層
RPQOMLLMIIJFFCM18CA,10,144.36,住家用,鋼骨鋼筋混凝土造,94年1月31日,三層,一層 二層 三層
RPTNMLMKJIJFFCM38CA,37,93.80,住家用,加強磚造,66年7月4日,二層,一層 二層
RPQNMLKKJIJFFCM97DA,20,163.54,住家用,鋼筋混凝土造,83年4月12日,四層,一層 二層 三層 四層 屋頂突出物
RPTNMLPLJIJFFCM78CA,45,197.04,住家用,見其他登記事項,58年8月15日,二層,一層 二層 騎樓
RPWNMLOJJIJFFAM58CA,21,192.22,住家用,鋼筋混凝土造,83年3月31日,四層,一層 二層 三層 屋頂突出物
RPWNMLOJJIJFFAM58CA,21,1.39,見其他登記事項,鋼筋混凝土造,83年3月31日,四層,
RPPNMLPJJIJFFAM97CA,43,309.88,住商用,見其他登記事項,60年8月30日,三層,一層 二層 三層 騎樓 地下層
RPTNMLRJJIJFFAM58CA,20,90.30,住家用,鋼筋混凝土造,83年11月9日,十六層,十五層
RPTNMLKLJIJFFAM08CA,8,107.07,住家用,見其他登記事項,95年12月12日,一層,一層
RPXNMLLLJIJFFAM58CA,,177.59,住家用,鋼筋混凝土造,103年5月30日,四層,一層 二層 三層 四層
