﻿鄉鎮市區,交易標的,土地區段位置建物區段門牌,土地移轉總面積平方公尺,都市土地使用分區,非都市土地使用分區,非都市土地使用編定,交易年月日,交易筆棟數,移轉層次,總樓層數,建物型態,主要用途,主要建材,建築完成年月,建物移轉總面積平方公尺,建物現況格局-房,建物現況格局-廳,建物現況格局-衛,建物現況格局-隔間,有無管理組織,總價元,單價元平方公尺,車位類別,車位移轉總面積平方公尺,車位總價元,備註,編號
The villages and towns urban district,transaction sign,land sector position building sector house number plate,land shifting total area square meter,the use zoning or compiles and checks,the non-metropolis land use district,non-metropolis land use,transaction year month and day,transaction pen number,shifting level,total floor number,building state,main use,main building materials,construction to complete the years,building shifting total area,Building present situation pattern - room,building present situation pattern - hall,building present situation pattern - health,building present situation pattern - compartmented,Whether there is manages the organization,total price NTD,the unit price (NTD / square meter),the berth category,berth shifting total area square meter,the berth total price NTD,the note,serial number
金湖鎮,土地,中四劃段121~150地號,683.81,農,,,1030718,土地1建物0車位0,,,其他,,,,0.0,0,0,0,有,無,2600000,3802,,0.0,0,,RPQNMLLJQHJFFAW66CA
金城鎮,土地,中一段481~510地號,603.24,住,,,1030722,土地1建物0車位0,,,其他,,,,0.0,0,0,0,有,無,8000000,13262,,0.0,0,,RPWNMLOJQHJFFAW57CA
金寧鄉,土地,寧湖三劃段1~30地號,800.0,農,,,1030729,土地1建物0車位0,,,其他,,,,0.0,0,0,0,有,無,7200000,9000,,0.0,0,,RPXNMLOJQHJFFAW67CA
金沙鎮,土地,沙宅劃段601~630地號,1055.0,農,,,1030714,土地1建物0車位0,,,其他,,,,0.0,0,0,0,有,無,3800000,3602,,0.0,0,,RPPNMLSJQHJFFAW27CA
金寧鄉,土地,西山段511~540地號,707.2,農,,,1030730,土地1建物0車位0,,,其他,,,,0.0,0,0,0,有,無,3100000,4383,,0.0,0,,RPTNMLSJQHJFFAW77DA
金寧鄉,土地,寧湖三劃段1~30地號,1278.61,農,,,1030729,土地1建物0車位0,,,其他,,,,0.0,0,0,0,有,無,11500000,8994,,0.0,0,,RPOOMLOJQHJFFAW86CA
金湖鎮,土地,峰上段661~690地號,1133.0,其他,,,1030719,土地1建物0車位0,,,其他,,,,0.0,0,0,0,有,無,18128000,16000,,0.0,0,,RPTNMLPJQHJFFAW37CA
金城鎮,土地,祥瑞段961~990地號,367.21,其他,,,1030729,土地4建物0車位0,,,其他,,,,0.0,0,0,0,有,無,13000000,35402,,0.0,0,,RPUNMLPJQHJFFAW47CA
金寧鄉,土地,寧北一劃段121~150地號,500.0,農,,,1030612,土地1建物0車位0,,,其他,,,,0.0,0,0,0,有,無,1700000,3400,,0.0,0,,RPTNMLSKQHJFFAW77CA
金城鎮,房地(土地+建物),金門縣金城鎮金城新莊3巷1~30號,26.61,其他,,,1030703,土地1建物1車位0,一層,四層,公寓(5樓含以下無電梯),見其他登記事項,鋼筋混凝土造,0990204,73.39,3,1,2,有,無,6200000,84480,,0.0,0,二等親間買賣,RPPNMLTKQHJFFAW47CA
金寧鄉,土地,寧安五劃段31~60地號,200.0,農,,,1030627,土地1建物0車位0,,,其他,,,,0.0,0,0,0,有,無,500000,2500,,0.0,0,,RPWNMLLLQHJFFAW47CA
金城鎮,土地,歐厝段31~60地號,1006.0,其他,,,1030710,土地1建物0車位0,,,其他,,,,0.0,0,0,0,有,無,9000000,8946,,0.0,0,,RPQNMLTKQHJFFAW57CA
金城鎮,房地(土地+建物),金門縣金城鎮小西門31~60號,25.58,住,,,1030730,土地1建物1車位0,一層,三層,公寓(5樓含以下無電梯),見其他登記事項,鋼筋混凝土造,1030110,43.95,1,1,1,有,無,2600000,59158,,0.0,0,,RPQNMLLKQHJFFAW86DA
金城鎮,房地(土地+建物),金門縣金城鎮民族路31~60號,109.0,住,,,1030626,土地2建物1車位0,全,三層,透天厝,住家用,鋼筋混凝土加強磚造,0921215,147.4,7,1,3,有,無,3850000,26119,,0.0,0,兄弟過戶買賣,RPOOMLLKQHJFFAW76DA
金城鎮,房地(土地+建物),金門縣金城鎮小西門31~60號,51.15,住,,,1030801,土地1建物1車位0,三層,三層,公寓(5樓含以下無電梯),見其他登記事項,鋼筋混凝土造,1030110,91.15,3,2,2,有,有,3900000,42787,,0.0,0,,RPPNMLPKQHJFFAW17DA
金城鎮,房地(土地+建物),金門縣金城鎮小西門31~60號,25.58,住,,,1030801,土地1建物1車位0,三層,三層,公寓(5樓含以下無電梯),見其他登記事項,鋼筋混凝土造,1030110,45.55,1,1,1,有,有,2050000,45005,,0.0,0,,RPQNMLPKQHJFFAW27DA
金湖鎮,土地,尚義段901~930地號,695.0,其他,,,1030717,土地1建物0車位0,,,其他,,,,0.0,0,0,0,有,無,6950000,10000,,0.0,0,,RPQNMLSJQHJFFAW37CA
金寧鄉,土地,后沙劃測段571~600地號,170.17,住,,,1030721,土地1建物0車位0,,,其他,,,,0.0,0,0,0,有,無,1360000,7992,,0.0,0,朋友間過戶,RPPNMLOKQHJFFAW07DA
金寧鄉,土地,后沙劃測段601~630地號,187.84,住,,,1030721,土地1建物0車位0,,,其他,,,,0.0,0,0,0,有,無,1500000,7986,,0.0,0,朋友間過戶,RPQNMLOKQHJFFAW17DA
金寧鄉,土地,后沙劃測段571~600地號,53.39,住,,,1030721,土地1建物0車位0,,,其他,,,,0.0,0,0,0,有,無,424000,7942,,0.0,0,朋支間過戶,RPRNMLOKQHJFFAW27DA
金寧鄉,土地,后沙劃測段571~600地號,36.95,住,,,1030721,土地1建物0車位0,,,其他,,,,0.0,0,0,0,有,無,292000,7903,,0.0,0,朋友間過戶,RPSNMLOKQHJFFAW37DA
金寧鄉,土地,后沙劃測段601~630地號,18.58,住,,,1030721,土地1建物0車位0,,,其他,,,,0.0,0,0,0,有,無,144000,7750,,0.0,0,朋友間過戶,RPTNMLOKQHJFFAW47DA
金寧鄉,土地,后沙劃測段601~630地號,71.01,住,,,1030721,土地1建物0車位0,,,其他,,,,0.0,0,0,0,有,無,568000,7999,,0.0,0,朋友間過戶,RPUNMLOKQHJFFAW57DA
金寧鄉,土地,后沙劃測段601~630地號,62.48,住,,,1030721,土地1建物0車位0,,,其他,,,,0.0,0,0,0,有,無,496000,7939,,0.0,0,朋友間過戶,RPVNMLOKQHJFFAW67DA
金寧鄉,房地(土地+建物),金門縣金寧鄉湖南31~60號,111.5,住,,,1030729,土地1建物1車位0,全,三層,透天厝,見其他登記事項,鋼筋混凝土造,1030702,175.95,5,2,5,有,無,7100000,40352,,0.0,0,,RPPNMLRKQHJFFAW27CA
金寧鄉,房地(土地+建物),金門縣金寧鄉湖南31~60號,111.5,住,,,1030729,土地1建物1車位0,全,三層,透天厝,見其他登記事項,鋼筋混凝土造,1030702,173.43,5,2,5,有,無,7000000,40362,,0.0,0,,RPPNMLOLQHJFFAW07CA
金寧鄉,房地(土地+建物),金門縣金寧鄉湖南31~60號,111.5,住,,,1030729,土地1建物1車位0,全,三層,透天厝,見其他登記事項,鋼筋混凝土造,1030702,173.43,5,2,5,有,無,6500000,37479,,0.0,0,,RPQNMLOLQHJFFAW17CA
金寧鄉,房地(土地+建物),金門縣金寧鄉湖南31~60號,111.5,住,,,1030729,土地1建物1車位0,全,三層,透天厝,見其他登記事項,鋼筋混凝土造,1030702,173.43,5,2,5,有,無,7000000,40362,,0.0,0,,RPRNMLOLQHJFFAW27CA
金寧鄉,房地(土地+建物),金門縣金寧鄉湖南31~60號,111.5,住,,,1030729,土地1建物1車位0,全,三層,透天厝,見其他登記事項,鋼筋混凝土造,1030702,173.43,5,2,5,有,無,6700000,38632,,0.0,0,,RPSNMLOLQHJFFAW37CA
金寧鄉,房地(土地+建物),金門縣金寧鄉湖南31~60號,111.5,住,,,1030729,土地1建物1車位0,全,三層,透天厝,見其他登記事項,鋼筋混凝土造,1030702,173.43,5,2,5,有,無,6700000,38632,,0.0,0,,RPTNMLOLQHJFFAW47CA
金湖鎮,土地,尚義段241~270地號,692.24,農,,,1030708,土地1建物0車位0,,,其他,,,,0.0,0,0,0,有,無,2200000,3178,,0.0,0,,RPUNMLOLQHJFFAW57CA
金湖鎮,土地,新頭段211~240地號,1668.52,農,,,1030717,土地2建物0車位0,,,其他,,,,0.0,0,0,0,有,無,8000000,4795,,0.0,0,,RPVNMLTKQHJFFAW08CA
金寧鄉,土地,寧古劃段211~240地號,500.0,農,,,1030720,土地2建物0車位0,,,其他,,,,0.0,0,0,0,有,無,1550000,3100,,0.0,0,,RPWNMLOLQHJFFAW77CA
金沙鎮,土地,北九十劃段211~240地號,2245.7,農,,,1030717,土地4建物0車位0,,,其他,,,,0.0,0,0,0,有,無,5700000,2538,,0.0,0,,RPVNMLOLQHJFFAW67CA
金沙鎮,土地,北九劃段751~780地號,500.0,農,,,1030620,土地1建物0車位0,,,其他,,,,0.0,0,0,0,有,無,1510000,3020,,0.0,0,,RPVNMLLLQHJFFAW37CA
金寧鄉,土地,寧安四劃段121~150地號,666.67,農,,,1030730,土地1建物0車位0,,,其他,,,,0.0,0,0,0,有,無,2580000,3870,,0.0,0,,RPRNMLMKQHJFFAW96CA
金沙鎮,土地,官嶼劃段301~330地號,360.0,農,,,1030807,土地1建物0車位0,,,其他,,,,0.0,0,0,0,有,無,432000,1200,,0.0,0,,RPQOMLLKQHJFFAW96DA
金寧鄉,土地,長寮段991~1020地號,146.82,住,,,1030804,土地2建物0車位0,,,其他,,,,0.0,0,0,0,有,無,1000000,6811,,0.0,0,,RPROMLMKQHJFFAW17DA
金沙鎮,土地,北九劃段1051~1080地號,500.0,農,,,1030714,土地1建物0車位0,,,其他,,,,0.0,0,0,0,有,無,2050000,4100,,0.0,0,,RPRNMLNKQHJFFAW17DA
金沙鎮,土地,沙碧劃段151~180地號,3015.0,農,,,1030801,土地1建物0車位0,,,其他,,,,0.0,0,0,0,有,無,8400000,2786,,0.0,0,,RPSNMLNKQHJFFAW27DA
金沙鎮,土地,北九劃段1021~1050地號,1000.0,農,,,1030901,土地1建物0車位0,,,其他,,,,0.0,0,0,0,有,無,4000000,4000,,0.0,0,,RPTNMLPJRHJFFAW57DA
金城鎮,房地(土地+建物),金門縣金城鎮官裡61~90號,468.26,農,,,1030716,土地3建物1車位0,一層，二層，三層,三層,農舍,農舍,鋼筋混凝土造,0980417,283.85,6,3,4,有,無,14000000,,,0.0,0,,RPTNMLNKQHJFFAW27CA
烈嶼鄉,土地,青岐段181~210地號,1003.0,其他,,,1030804,土地2建物0車位0,,,其他,,,,0.0,0,0,0,有,無,3000000,2991,,0.0,0,,RPOOMLKLQHJFFAW66CA
金沙鎮,土地,東珩段751~780地號,252.04,其他,,,1030811,土地1建物0車位0,,,其他,,,,0.0,0,0,0,有,無,500000,1984,,0.0,0,,RPPNMLLLQHJFFAW76CA
金湖鎮,土地,湖前段841~870地號,80.2,其他,,,1030730,土地1建物0車位0,,,其他,,,,0.0,0,0,0,有,無,750000,9352,,0.0,0,,RPSNMLKLQHJFFAW96CA
金湖鎮,房地(土地+建物),金門縣金湖鎮塔后121~150號,108.6,住,,,1030730,土地1建物1車位0,全,三層,透天厝,見其他登記事項,鋼筋混凝土造,0991129,219.1,4,2,5,有,無,15000000,68462,,0.0,0,,RPWNMLKLQHJFFAW37CA
金湖鎮,土地,湖東劃段451~480地號,1021.0,農,,,1030729,土地1建物0車位0,,,其他,,,,0.0,0,0,0,有,無,3700000,3624,,0.0,0,,RPSNMLPKQHJFFAW37CA
金湖鎮,土地,后壟段1~30地號,619.2,其他,,,1030709,土地1建物0車位0,,,其他,,,,0.0,0,0,0,有,無,18330000,29603,,0.0,0,,RPPNMLSKQHJFFAW37CA
烈嶼鄉,土地,東坑段361~390地號,1274.48,農,,,1030724,土地4建物0車位0,,,其他,,,,0.0,0,0,0,有,無,5000000,3923,,0.0,0,,RPRNMLTKQHJFFAW67CA
金湖鎮,土地,新頭段121~150地號,686.79,其他,,,1030801,土地1建物0車位0,,,其他,,,,0.0,0,0,0,有,無,1500000,2184,,0.0,0,,RPTNMLKKRHJFFAW17DA
金寧鄉,土地,安西劃段691~720地號,795.92,農,,,1030805,土地1建物0車位0,,,其他,,,,0.0,0,0,0,有,無,4300000,5403,,0.0,0,,RPSNMLSKQHJFFAW77DA
金沙鎮,土地,陽宅段1051~1080地號,2530.0,其他,,,1030813,土地3建物0車位0,,,其他,,,,0.0,0,0,0,有,無,45540000,18000,,0.0,0,,RPQNMLLLQHJFFAW86CA
金沙鎮,土地,陽宅段1051~1080地號,2530.0,其他,,,1030813,土地3建物0車位0,,,其他,,,,0.0,0,0,0,有,無,45540000,18000,,0.0,0,,RPRNMLLLQHJFFAW96CA
金沙鎮,土地,陽宅段1051~1080地號,90.0,其他,,,1030813,土地1建物0車位0,,,其他,,,,0.0,0,0,0,有,無,1620000,18000,,0.0,0,,RPSNMLLLQHJFFAW07CA
金寧鄉,土地,后垵段901~930地號,474.07,住,,,1030724,土地2建物0車位0,,,其他,,,,0.0,0,0,0,有,無,5688000,11998,,0.0,0,,RPRNMLKLQHJFFAW86CA
金沙鎮,土地,榮湖段151~180地號,596.58,農,,,1030804,土地1建物0車位0,,,其他,,,,0.0,0,0,0,有,無,700000,1173,,0.0,0,,RPQNMLSKQHJFFAW57DA
金沙鎮,土地,英坑段1111~1140地號,746.47,農,,,1030804,土地2建物0車位0,,,其他,,,,0.0,0,0,0,有,無,980000,1313,,0.0,0,,RPRNMLSKQHJFFAW67DA
金城鎮,房地(土地+建物),金門縣金城鎮西海路三段72巷1弄1~30號,122.24,農,,,1030814,土地2建物1車位0,全,三層,透天厝,住家用,鋼筋混凝土加強磚造,0840418,195.86,5,1,3,有,無,6250000,31911,,0.0,0,,RPTNMLTKQHJFFAW97DA
金寧鄉,土地,寧湖二劃測段721~750地號,707.16,其他,,,1030806,土地5建物0車位0,,,其他,,,,0.0,0,0,0,有,無,11500000,16262,,0.0,0,,RPUNMLTKQHJFFAW97CA
金湖鎮,土地,庵邊段211~240地號,429.0,其他,,,1030807,土地1建物0車位0,,,其他,,,,0.0,0,0,0,有,無,5570000,12984,,0.0,0,,RPUNMLSKQHJFFAW87CA
金沙鎮,土地,蔡厝劃測段631~660地號,800.0,農,,,1030805,土地1建物0車位0,,,其他,,,,0.0,0,0,0,有,無,2600000,3250,,0.0,0,,RPVNMLSKQHJFFAW97CA
金沙鎮,土地,陽宅段1051~1080地號,463.0,其他,,,1030818,土地1建物0車位0,,,其他,,,,0.0,0,0,0,有,無,8330000,17991,,0.0,0,,RPUNMLLLQHJFFAW27CA
金城鎮,土地,庵前劃測段1141~1170地號,675.02,農,,,1030807,土地2建物0車位0,,,其他,,,,0.0,0,0,0,有,無,7200000,10666,,0.0,0,,RPXNMLKLQHJFFAW47CA
金寧鄉,土地,寧劃段1051~1080地號,490.23,農,,,1030715,土地1建物0車位0,,,其他,,,,0.0,0,0,0,有,無,1850000,3774,,0.0,0,,RPWNMLTKQHJFFAW18CA
金湖鎮,房地(土地+建物),金門縣金湖鎮市港路2巷1~30號,107.57,住,,,1030721,土地1建物1車位0,全,三層,透天厝,住家用,鋼筋混凝土造,1000620,225.27,5,2,5,有,無,13000000,57709,,0.0,0,,RPXNMLOLQHJFFAW87CA
金城鎮,房地(土地+建物),金門縣金城鎮環島北路一段38巷16弄1~30號,35.07,農,,,1030801,土地2建物1車位0,二層,三層,公寓(5樓含以下無電梯),住家用,鋼筋混凝土加強磚造,0841103,100.95,3,2,2,有,無,4800000,47548,,0.0,0,,RPPNMLPLQHJFFAW17CA
金沙鎮,土地,北八劃段91~120地號,1000.0,農,,,1030802,土地1建物0車位0,,,其他,,,,0.0,0,0,0,有,無,5000000,5000,,0.0,0,,RPQNMLMLQHJFFAW96CA
金沙鎮,土地,英坑段1~30地號,748.95,其他,,,1030603,土地1建物0車位0,,,其他,,,,0.0,0,0,0,有,無,2680000,3578,,0.0,0,,RPTNMLTLQHJFFAW97CA
金寧鄉,土地,青山段961~990地號,565.28,其他,,,1030720,土地1建物0車位0,,,其他,,,,0.0,0,0,0,有,無,19500000,34496,,0.0,0,,RPQNMLPLQHJFFAW27CA
金湖鎮,土地,山外段91~120地號,137.01,其他,,,1030818,土地2建物0車位0,,,其他,,,,0.0,0,0,0,有,無,3600000,26275,,0.0,0,,RPUNMLMKRHJFFAW37CA
金湖鎮,土地,陳坑段121~150地號,707.17,農,,,1030815,土地1建物0車位0,,,其他,,,,0.0,0,0,0,有,無,6000000,8485,,0.0,0,,RPPNMLMLRHJFFAW96CA
金湖鎮,土地,夏興段1231~1260地號,71.0,住,,,1030820,土地1建物0車位0,,,其他,,,,0.0,0,0,0,有,無,600000,8451,,0.0,0,,RPVNMLOLRHJFFAW87DA
烈嶼鄉,房地(土地+建物),金門縣烈嶼鄉西口村西方1~30號,389.0,住,,,1030730,土地1建物1車位0,全,一層,透天厝,住家用,見其他登記事項,0560228,19.44,0,0,0,無,無,783900,40324,,0.0,0,親戚間交易,RPWNMLOLRHJFFAW97DA
金寧鄉,土地,寧湖三劃段91~120地號,1000.0,農,,,1030728,土地1建物0車位0,,,其他,,,,0.0,0,0,0,有,無,3700000,3700,,0.0,0,,RPPNMLLJRHJFFAW76DA
金沙鎮,土地,洋山段1051~1080地號,3455.21,農,,,1030821,土地7建物0車位0,,,其他,,,,0.0,0,0,0,有,無,5000000,1447,,0.0,0,,RPOOMLRKRHJFFAW37CA
金湖鎮,土地,湖后劃段421~450地號,737.0,農,,,1030520,土地1建物0車位0,,,其他,,,,0.0,0,0,0,有,無,4269288,5793,,0.0,0,,RPQNMLRKRHJFFAW47CA
金寧鄉,土地,寧湖三劃段601~630地號,240.0,其他,,,1030823,土地1建物0車位0,,,其他,,,,0.0,0,0,0,有,無,1200000,5000,,0.0,0,,RPQNMLMKRHJFFAW96CA
金寧鄉,土地,寧湖三劃段601~630地號,454.24,其他,,,1030823,土地2建物0車位0,,,其他,,,,0.0,0,0,0,有,無,1830000,4029,,0.0,0,,RPRNMLMKRHJFFAW07CA
金寧鄉,土地,長寮段601~630地號,330.4,其他,,,1030823,土地2建物0車位0,,,其他,,,,0.0,0,0,0,有,無,5530000,16737,,0.0,0,,RPSNMLMKRHJFFAW17CA
金城鎮,房地(土地+建物),金門縣金城鎮珠浦西路6巷2弄1~30號,15.96,住,,,1030729,土地1建物1車位0,五層,七層,公寓(5樓含以下無電梯),見其他登記事項,鋼筋混凝土造,1010823,81.49000000000001,3,2,2,有,無,6150000,75469,,0.0,0,,RPSNMLRLQHJFFAW67CA
金湖鎮,土地,太湖劃測段1651~1680地號,1000.04,農,,,1030725,土地1建物0車位0,,,其他,,,,0.0,0,0,0,有,無,7000000,7000,,0.0,0,,RPQNMLMJRHJFFAW86CA
金沙鎮,土地,浯坑劃測段631~660地號,537.16,農,,,1030813,土地2建物0車位0,,,其他,,,,0.0,0,0,0,有,無,3000000,5585,,0.0,0,,RPRNMLMJRHJFFAW96CA
金寧鄉,土地,東洲段91~120地號,2868.33,農,,,1030815,土地2建物0車位0,,,其他,,,,0.0,0,0,0,有,無,30000000,10459,,0.0,0,,RPPNMLSLQHJFFAW47CA
金湖鎮,土地,庵邊段511~540地號,247.0,其他,,,1030815,土地1建物0車位0,,,其他,,,,0.0,0,0,0,有,無,1050000,4251,,0.0,0,,RPRNMLNJRHJFFAW07CA
金湖鎮,土地,庵邊段151~180地號,654.0,其他,,,1030813,土地2建物0車位0,,,其他,,,,0.0,0,0,0,有,無,9156000,14000,,0.0,0,,RPPNMLMJRHJFFAW76CA
金沙鎮,土地,浦邊段1171~1200地號,178.0,住,,,1030815,土地2建物0車位0,,,其他,,,,0.0,0,0,0,有,無,3916000,22000,,0.0,0,,RPPNMLPKRHJFFAW17CA
金沙鎮,土地,蔡厝劃測段211~240地號,2277.93,農,,,1030812,土地3建物0車位0,,,其他,,,,0.0,0,0,0,有,無,8300000,3644,,0.0,0,,RPUNMLTLQHJFFAW08CA
金寧鄉,土地,西堡劃測段271~300地號,840.01,農,,,1030825,土地1建物0車位0,,,其他,,,,0.0,0,0,0,有,無,2800000,3333,,0.0,0,,RPSNMLLKRHJFFAW17DA
金寧鄉,土地,后沙劃測段151~180地號,320.89,住,,,1030825,土地1建物0車位0,,,其他,,,,0.0,0,0,0,有,無,4000000,12465,,0.0,0,,RPPNMLTLQHJFFAW67DA
金沙鎮,土地,浯坑劃測段811~840地號,201.33,住,,,1030827,土地1建物0車位0,,,其他,,,,0.0,0,0,0,有,無,3600000,17881,,0.0,0,,RPQNMLTLQHJFFAW77DA
金寧鄉,土地,寧湖三劃段511~540地號,1500.0,農,,,1030808,土地2建物0車位0,,,其他,,,,0.0,0,0,0,有,無,15000000,10000,,0.0,0,,RPSNMLTLQHJFFAW97DA
金寧鄉,房地(土地+建物),金門縣金寧鄉湖南31~60號,114.38,住,,,1030827,土地1建物1車位0,全,三層,透天厝,見其他登記事項,鋼筋混凝土造,1030702,173.43,5,1,5,有,無,6600000,38056,,0.0,0,親友、員工或其他特殊關係間之交易。,RPPNMLNJRHJFFAW96DA
金沙鎮,土地,斗門劃測段481~510地號,400.02,農,,,1030818,土地1建物0車位0,,,其他,,,,0.0,0,0,0,有,無,1650000,4125,,0.0,0,,RPTNMLMJRHJFFAW17CA
烈嶼鄉,土地,龍骨山測段1081~1110地號,72.65,其他,,,1030822,土地1建物0車位0,,,其他,,,,0.0,0,0,0,有,無,100000,1376,,0.0,0,,RPUNMLMJRHJFFAW27CA
金城鎮,房地(土地+建物),金門縣金城鎮環島北路一段38巷16弄1~30號,35.07,農,,,1030722,土地2建物1車位0,一層,三層,公寓(5樓含以下無電梯),住家用,鋼筋混凝土加強磚造,0841103,104.84,3,2,2,有,無,6200000,59138,,0.0,0,,RPVNMLMJRHJFFAW37CA
金湖鎮,房地(土地+建物),金門縣金湖鎮夏興61~90號,22.71,住,,,1030822,土地3建物1車位0,三層,三層,套房(1房1廳1衛),見其他登記事項,鋼筋混凝土造,0880827,39.730000000000004,0,0,0,無,無,600000,15102,,0.0,0,,RPQNMLNJRHJFFAW96CA
金沙鎮,土地,高坑劃測段661~690地號,3011.15,農,,,1030722,土地3建物0車位0,,,其他,,,,0.0,0,0,0,有,無,13800000,4583,,0.0,0,,RPPNMLNLRHJFFAW07CA
金城鎮,土地,東紅山段541~570地號,773.41,其他,,,1030814,土地1建物0車位0,,,其他,,,,0.0,0,0,0,有,無,1100000,1422,,0.0,0,,RPQNMLPLRHJFFAW37CA
金湖鎮,土地,庵邊段601~630地號,1002.0,其他,,,1030816,土地1建物0車位0,,,其他,,,,0.0,0,0,0,有,無,17034000,17000,,0.0,0,,RPUNMLNJRHJFFAW37CA
金寧鄉,土地,古寧頭段361~390地號,10.0,住,,,1030827,土地1建物0車位0,,,其他,,,,0.0,0,0,0,有,無,80000,8000,,0.0,0,親友間之交易。,RPSNMLNJRHJFFAW27DA
烈嶼鄉,土地,西方劃測段61~90地號,1120.0,農,,,1030820,土地1建物0車位0,,,其他,,,,0.0,0,0,0,有,無,10000000,8929,,0.0,0,,RPVNMLMKRHJFFAW57DA
金湖鎮,土地,湖前段1231~1260地號,677.0,其他,,,1030827,土地1建物0車位0,,,其他,,,,0.0,0,0,0,有,無,27080000,40000,,0.0,0,,RPPNMLOJRHJFFAW96CA
金城鎮,土地,賢厝段721~750地號,1508.0,農,,,1030822,土地1建物0車位0,,,其他,,,,0.0,0,0,0,有,無,3250000,2155,,0.0,0,,RPQNMLOJRHJFFAW07CA
金寧鄉,房地(土地+建物),金門縣金寧鄉前厝31~60號,41.67,其他,,,1030822,土地1建物1車位0,二層,三層,公寓(5樓含以下無電梯),見其他登記事項,鋼筋混凝土造,1030722,72.67,2,1,2,有,無,4500000,61924,,0.0,0,,RPSNMLTJRHJFFAW77CA
金寧鄉,房地(土地+建物),金門縣金寧鄉前厝31~60號,41.67,其他,,,1030822,土地1建物1車位0,一層,三層,公寓(5樓含以下無電梯),見其他登記事項,鋼筋混凝土造,1030722,71.36,2,1,2,有,無,4500000,63061,,0.0,0,,RPTNMLTJRHJFFAW87CA
金寧鄉,房地(土地+建物),金門縣金寧鄉前厝31~60號,41.67,其他,,,1030822,土地1建物1車位0,三層,三層,公寓(5樓含以下無電梯),見其他登記事項,鋼筋混凝土造,1030722,72.67,2,1,2,有,無,3500000,48163,,0.0,0,,RPVNMLTJRHJFFAW08CA
金寧鄉,房地(土地+建物),金門縣金寧鄉前厝31~60號,41.67,其他,,,1030822,土地1建物1車位0,一層,三層,公寓(5樓含以下無電梯),見其他登記事項,鋼筋混凝土造,1030722,71.36,2,1,2,有,無,3150000,44142,,0.0,0,,RPXNMLTJRHJFFAW28CA
金寧鄉,房地(土地+建物),金門縣金寧鄉前厝31~60號,41.67,其他,,,1030822,土地1建物1車位0,二層,三層,公寓(5樓含以下無電梯),見其他登記事項,鋼筋混凝土造,1030722,72.67,2,1,2,有,無,3300000,45411,,0.0,0,,RPQNMLKKRHJFFAW76CA
金寧鄉,房地(土地+建物),金門縣金寧鄉前厝31~60號,41.67,其他,,,1030822,土地1建物1車位0,三層,三層,公寓(5樓含以下無電梯),見其他登記事項,鋼筋混凝土造,1030722,72.67,2,1,2,有,無,3500000,48163,,0.0,0,,RPSNMLKKRHJFFAW96CA
金沙鎮,土地,浦邊測段421~450地號,1289.39,其他,,,1030826,土地2建物0車位0,,,其他,,,,0.0,0,0,0,有,無,6000000,4653,,0.0,0,,RPPNMLLKRHJFFAW76CA
金寧鄉,房地(土地+建物),金門縣金寧鄉安岐181~210號,132.5,其他,,,1030903,土地1建物1車位0,全,三層,透天厝,見其他登記事項,鋼筋混凝土造,1030805,204.98,5,2,5,有,無,5600000,27320,,0.0,0,,RPRNMLOJRHJFFAW17CA
金沙鎮,土地,斗門劃測段421~450地號,1600.03,農,,,1030726,土地1建物0車位0,,,其他,,,,0.0,0,0,0,有,無,7000000,4375,,0.0,0,,RPSNMLOJRHJFFAW27CA
金寧鄉,房地(土地+建物),金門縣金寧鄉下后垵31~60號,66.0,住,,,1030827,土地1建物1車位0,二層,三層,公寓(5樓含以下無電梯),見其他登記事項,鋼筋混凝土造,1030217,104.51,3,2,2,有,無,7000000,66979,,0.0,0,,RPSNMLRKRHJFFAW67CA
金沙鎮,土地,汶沙段361~390地號,33.0,其他,,,1030901,土地1建物0車位0,,,其他,,,,0.0,0,0,0,有,無,1200000,36364,,0.0,0,,RPSNMLPJRHJFFAW47DA
金寧鄉,土地,寧湖一劃段151~180地號,1000.02,農,,,1030825,土地1建物0車位0,,,其他,,,,0.0,0,0,0,有,無,13500000,13500,,0.0,0,,RPUNMLLKRHJFFAW37DA
金湖鎮,土地,湖高劃段31~60地號,1669.0,農,,,1030828,土地1建物0車位0,,,其他,,,,0.0,0,0,0,有,無,8000000,4793,,0.0,0,,RPTNMLRKRHJFFAW77CA
金湖鎮,房地(土地+建物),金門縣金湖鎮信義新村91~120號,74.8,其他,,,1030904,土地1建物1車位0,三層,三層,公寓(5樓含以下無電梯),住家用,鋼筋混凝土造,0940420,77.06,2,2,1,有,無,4200000,54503,,0.0,0,,RPTNMLMKRHJFFAW27CA
金寧鄉,土地,北二三劃測段691~720地號,1000.0,農,,,1030826,土地1建物0車位0,,,其他,,,,0.0,0,0,0,有,無,8000000,8000,,0.0,0,,RPQNMLLKRHJFFAW86CA
金湖鎮,土地,漁村段451~480地號,427.92,其他,,,1030818,土地1建物0車位0,,,其他,,,,0.0,0,0,0,有,無,300000,701,,0.0,0,,RPRNMLLKRHJFFAW96CA
金寧鄉,土地,安西劃段181~210地號,87.03,其他,,,1030813,土地1建物0車位0,,,其他,,,,0.0,0,0,0,有,無,1600000,18384,,0.0,0,,RPTNMLLKRHJFFAW17CA
金沙鎮,土地,大山段901~930地號,591.0,其他,,,1030022,土地1建物0車位0,,,其他,,,,0.0,0,0,0,有,無,591000,1000,,0.0,0,,RPQOMLRJIIJFFAW66CA
金湖鎮,土地,漁村段391~420地號,115.36,其他,,,1030902,土地1建物0車位0,,,其他,,,,0.0,0,0,0,有,無,1500000,13003,,0.0,0,,RPSNMLSKRHJFFAW77CA
金湖鎮,土地,湖前段691~720地號,1116.45,農,,,1030905,土地3建物0車位0,,,其他,,,,0.0,0,0,0,有,無,3500000,3135,,0.0,0,,RPPNMLMKRHJFFAW96DA
金寧鄉,房地(土地+建物),金門縣金寧鄉下堡151~180號,81.22,其他,,,1030901,土地1建物1車位0,全,三層,透天厝,見其他登記事項,鋼筋混凝土造,1010625,193.61,5,3,4,有,無,12500000,64563,,0.0,0,,RPRNMLSKRHJFFAW67CA
金湖鎮,土地,漁村段451~480地號,95.29,其他,,,1030823,土地1建物0車位0,,,其他,,,,0.0,0,0,0,有,無,20000,210,,0.0,0,,RPPNMLSKRHJFFAW47CA
金寧鄉,土地,寧湖三劃段841~870地號,1387.0,農,,,1030902,土地1建物0車位0,,,其他,,,,0.0,0,0,0,有,無,11000000,7931,,0.0,0,,RPWNMLMKRHJFFAW57CA
金寧鄉,土地,湖南村段1~30地號,362.0,其他,,,1030903,土地1建物0車位0,,,其他,,,,0.0,0,0,0,有,無,9412000,26000,,0.0,0,,RPXNMLMKRHJFFAW67CA
金湖鎮,土地,中五劃段211~240地號,348.24,農,,,1030904,土地2建物0車位0,,,其他,,,,0.0,0,0,0,有,無,1680000,4824,,0.0,0,,RPQNMLSKRHJFFAW57CA
金湖鎮,土地,中四劃段1~30地號,630.0,農,,,1030902,土地2建物0車位0,,,其他,,,,0.0,0,0,0,有,無,6000000,9524,,0.0,0,,RPPNMLMJIIJFFAW68DA
金城鎮,土地,山前段1051~1080地號,731.18,農,,,1030909,土地2建物0車位0,,,其他,,,,0.0,0,0,0,有,無,6000000,8206,,0.0,0,,RPPNMLQJIIJFFAW09DA
金寧鄉,土地,寧北一劃段331~360地號,227.0,農,,,1030912,土地1建物0車位0,,,其他,,,,0.0,0,0,0,有,無,430000,1894,,0.0,0,,RPTNMLTKRHJFFAW97CA
金寧鄉,房地(土地+建物),金門縣金寧鄉湖南31~60號,111.5,住,,,1030825,土地1建物1車位0,全,三層,透天厝,見其他登記事項,鋼筋混凝土造,1030702,173.43,5,2,5,有,無,6800000,39209,,0.0,0,,RPPNMLLLRHJFFAW86CA
金寧鄉,土地,寧湖三劃段211~240地號,1000.0,農,,,1030905,土地1建物0車位0,,,其他,,,,0.0,0,0,0,有,無,10500000,10500,,0.0,0,,RPQNMLLLRHJFFAW96CA
金城鎮,土地,賢厝段721~750地號,1508.0,農,,,1030911,土地1建物0車位0,,,其他,,,,0.0,0,0,0,有,無,8000000,5305,,0.0,0,,RPPNMLQKRHJFFAW27CA
金沙鎮,土地,官澳段1501~1530地號,127.0,其他,,,1030903,土地2建物0車位0,,,其他,,,,0.0,0,0,0,有,無,1450000,11417,,0.0,0,,RPPNMLRKRHJFFAW47DA
金城鎮,土地,舊金城段211~240地號,225.0,農,,,1030905,土地1建物0車位0,,,其他,,,,0.0,0,0,0,有,無,260000,1156,,0.0,0,,RPTNMLSKRHJFFAW97DA
金寧鄉,房地(土地+建物),金門縣金寧鄉湖南31~60號,111.5,住,,,1030825,土地1建物1車位0,全,三層,透天厝,見其他登記事項,鋼筋混凝土造,1030702,173.43,5,2,5,有,無,6800000,39209,,0.0,0,,RPRNMLLLRHJFFAW07CA
金寧鄉,土地,西堡劃測段271~300地號,840.01,農,,,1030901,土地1建物0車位0,,,其他,,,,0.0,0,0,0,有,無,2900000,3452,,0.0,0,,RPRNMLTKRHJFFAW77CA
烈嶼鄉,土地,東坑段391~420地號,156.0,住,,,1030905,土地3建物0車位0,,,其他,,,,0.0,0,0,0,有,無,400000,2564,,0.0,0,親友、員工或其他特殊關係間之交易。,RPPNMLRLRHJFFAW47CA
金湖鎮,土地,碧山段1021~1050地號,541.84,其他,,,1030910,土地2建物0車位0,,,其他,,,,0.0,0,0,0,有,無,760000,1403,,0.0,0,,RPWNMLRKRHJFFAW08CA
金寧鄉,土地,中三劃測段451~480地號,366.52,農,,,1030904,土地1建物0車位0,,,其他,,,,0.0,0,0,0,有,無,3460000,9440,,0.0,0,,RPXNMLRKRHJFFAW18CA
金寧鄉,土地,榜林村段121~150地號,49.78,其他,,,1030818,土地1建物0車位0,,,其他,,,,0.0,0,0,0,有,無,477867,9600,,0.0,0,二等親間買賣視同贈與，已依贈與稅法申報贈與稅。,RPUNMLKMRHJFFAW37CA
金寧鄉,房地(土地+建物),金門縣金寧鄉榜林31~60號,129.0,其他,,,1030818,土地1建物1車位0,全,一層,透天厝,住家用,見其他登記事項,0560413,91.82,3,2,1,有,無,1281600,13958,,0.0,0,二等親間買賣視同贈與，已依贈與稅法申報贈與稅。,RPVNMLKMRHJFFAW47CA
金沙鎮,土地,沙港劃段481~510地號,1000.03,農,,,1030915,土地1建物0車位0,,,其他,,,,0.0,0,0,0,有,無,3600000,3600,,0.0,0,,RPUNMLPLRHJFFAW77CA
金寧鄉,土地,寧安四劃段481~510地號,860.0,農,,,1030902,土地1建物0車位0,,,其他,,,,0.0,0,0,0,有,無,3800000,4419,,0.0,0,,RPSNMLTKRHJFFAW87CA
金寧鄉,土地,寧安二劃段361~390地號,1000.0,農,,,1030901,土地1建物0車位0,,,其他,,,,0.0,0,0,0,有,無,7300000,7300,,0.0,0,,RPPNMLTKRHJFFAW57CA
金湖鎮,土地,湖后劃段1~30地號,360.0,其他,,,1030911,土地1建物0車位0,,,其他,,,,0.0,0,0,0,有,無,7200000,20000,,0.0,0,,RPQNMLTKRHJFFAW67CA
金寧鄉,土地,長寮段61~90地號,536.68,其他,,,1030910,土地1建物0車位0,,,其他,,,,0.0,0,0,0,有,無,11806960,22000,,0.0,0,,RPQNMLMLRHJFFAW07CA
金寧鄉,土地,西堡劃測段91~120地號,1200.05,農,,,1030910,土地1建物0車位0,,,其他,,,,0.0,0,0,0,有,無,4500000,3750,,0.0,0,,RPRNMLOLRHJFFAW37CA
金寧鄉,土地,寧湖一劃段421~450地號,96.95,住,,,1030721,土地1建物0車位0,,,其他,,,,0.0,0,0,0,有,無,700000,7220,,0.0,0,早期親戚間交易,RPRNMLNLRHJFFAW37DA
金湖鎮,土地,中四劃段1~30地號,135.2,農,,,1030918,土地1建物0車位0,,,其他,,,,0.0,0,0,0,有,無,676000,5000,,0.0,0,,RPSNMLOLRHJFFAW57DA
金寧鄉,土地,北四劃段361~390地號,101.21,農,,,1030918,土地1建物0車位0,,,其他,,,,0.0,0,0,0,有,無,506050,5000,,0.0,0,,RPTNMLOLRHJFFAW67DA
金寧鄉,土地,北四劃段361~390地號,105.2,農,,,1030918,土地1建物0車位0,,,其他,,,,0.0,0,0,0,有,無,526000,5000,,0.0,0,,RPUNMLOLRHJFFAW77DA
金沙鎮,土地,山后段391~420地號,419.05,農,,,1030915,土地1建物0車位0,,,其他,,,,0.0,0,0,0,有,無,544765,1300,,0.0,0,,RPTNMLPLRHJFFAW77DA
金寧鄉,土地,西山段331~360地號,2023.9,農,,,1030915,土地3建物0車位0,,,其他,,,,0.0,0,0,0,有,無,2700000,1334,,0.0,0,,RPRNMLPLRHJFFAW57DA
金湖鎮,土地,夏興段1321~1350地號,97.0,住,,,1030523,土地1建物0車位0,,,其他,,,,0.0,0,0,0,有,無,2200000,22680,,0.0,0,,RPQNMLNLRHJFFAW27DA
金寧鄉,土地,湖尾段541~570地號,792.31,農,,,1030910,土地1建物0車位0,,,其他,,,,0.0,0,0,0,有,無,1800000,2272,,0.0,0,,RPPNMLPLRHJFFAW27CA
金湖鎮,土地,北五劃段211~240地號,1000.0,農,,,1030910,土地2建物0車位0,,,其他,,,,0.0,0,0,0,有,無,7200000,7200,,0.0,0,,RPPNMLOLRHJFFAW17CA
金寧鄉,土地,西堡劃測段181~210地號,1019.59,農,,,1030915,土地1建物0車位0,,,其他,,,,0.0,0,0,0,有,無,4000000,3923,,0.0,0,,RPQNMLOLRHJFFAW27CA
金寧鄉,土地,東洲段571~600地號,542.58,其他,,,1030905,土地1建物0車位0,,,其他,,,,0.0,0,0,0,有,無,4250000,7833,,0.0,0,,RPRNMLLJIIJFFAW68CA
金寧鄉,土地,煙墩段751~780地號,853.59,農,,,1030915,土地1建物0車位0,,,其他,,,,0.0,0,0,0,有,無,5200000,6092,,0.0,0,,RPTNMLRJIIJFFAW86CA
金城鎮,土地,天后宮段241~270地號,130.21,住,,,1030731,土地1建物0車位0,,,其他,,,,0.0,0,0,0,有,無,2300000,17664,,0.0,0,,RPRNMLQLRHJFFAW57CA
金沙鎮,土地,沙宅劃段691~720地號,310.0,農,,,1030918,土地1建物0車位0,,,其他,,,,0.0,0,0,0,有,無,1300000,4194,,0.0,0,,RPRNMLPJIIJFFAW09CA
烈嶼鄉,土地,烈濱劃測段1111~1140地號,3759.99,農,,,1030519,土地8建物0車位0,,,其他,,,,0.0,0,0,0,有,無,12500000,3324,,0.0,0,,RPQNMLSKIIJFFAW76CA
金沙鎮,土地,蔡厝劃測段691~720地號,995.54,農,,,1030916,土地2建物0車位0,,,其他,,,,0.0,0,0,0,有,無,1000000,1004,,0.0,0,,RPTOMLRJIIJFFAW07DA
烈嶼鄉,土地,陵水湖測段451~480地號,3010.38,農,,,1030906,土地7建物0車位0,,,其他,,,,0.0,0,0,0,有,無,4150000,1379,,0.0,0,,RPPNMLKMRHJFFAW96DA
金湖鎮,土地,太湖劃測段1651~1680地號,1000.04,農,,,1030905,土地1建物0車位0,,,其他,,,,0.0,0,0,0,有,無,7200000,7200,,0.0,0,,RPSNMLLJIIJFFAW78CA
金沙鎮,土地,斗門劃測段31~60地號,980.11,農,,,1030911,土地2建物0車位0,,,其他,,,,0.0,0,0,0,有,無,7000000,7142,,0.0,0,,RPPNMLQLRHJFFAW37CA
金沙鎮,土地,東店段151~180地號,891.7,其他,,,1030916,土地1建物0車位0,,,其他,,,,0.0,0,0,0,有,無,3600000,4037,,0.0,0,,RPQNMLQLRHJFFAW47CA
金湖鎮,土地,塔后段1081~1110地號,44.0,住,,,1030924,土地1建物0車位0,,,其他,,,,0.0,0,0,0,有,無,347600,7900,,0.0,0,,RPTNMLLJIIJFFAW88CA
金寧鄉,土地,湖尾段151~180地號,138.54,農,,,1030916,土地1建物0車位0,,,其他,,,,0.0,0,0,0,有,無,276000,1992,,0.0,0,,RPPNMLLJIIJFFAW48CA
金湖鎮,土地,料羅段1441~1470地號,150.33,其他,,,1030925,土地1建物0車位0,,,其他,,,,0.0,0,0,0,有,無,1500000,9978,,0.0,0,,RPRNMLKMRHJFFAW07CA
烈嶼鄉,土地,后頭段151~180地號,310.0,其他,,,1030519,土地1建物0車位0,,,其他,,,,0.0,0,0,0,有,無,3800000,12258,,0.0,0,,RPRNMLSKIIJFFAW86CA
金沙鎮,土地,沙港劃段361~390地號,533.87,農,,,1030801,土地3建物0車位0,,,其他,,,,0.0,0,0,0,有,無,2135480,4000,,0.0,0,,RPTNMLSKIIJFFAW07CA
金寧鄉,土地,后湖村段211~240地號,713.0,其他,,,1030915,土地1建物0車位0,,,其他,,,,0.0,0,0,0,有,無,1300000,1823,,0.0,0,親友、員工或其他特殊關係間之交易。,RPSOMLRJIIJFFAW86CA
金寧鄉,土地,北二三劃測段541~570地號,972.68,農,,,1030925,土地1建物0車位0,,,其他,,,,0.0,0,0,0,有,無,5200000,5346,,0.0,0,姊弟間交易,RPQNMLKMRHJFFAW07DA
金沙鎮,土地,官澳段1471~1500地號,217.0,住,,,1030922,土地1建物0車位0,,,其他,,,,0.0,0,0,0,有,無,3472000,16000,,0.0,0,,RPRNMLMJIIJFFAW88DA
金寧鄉,土地,寧湖三劃段241~270地號,482.14,農,,,1030924,土地1建物0車位0,,,其他,,,,0.0,0,0,0,有,無,1500000,3111,,0.0,0,兄妹間交易過戶,RPPNMLNJIIJFFAW78DA
金城鎮,土地,祥和段421~450地號,5.71,住,,,1030920,土地1建物0車位0,,,其他,,,,0.0,0,0,0,有,無,220000,38529,,0.0,0,,RPQNMLRJIIJFFAW66DA
金寧鄉,土地,寧湖三劃段331~360地號,2052.71,農,,,1030922,土地2建物0車位0,,,其他,,,,0.0,0,0,0,有,無,2540000,1237,,0.0,0,,RPUNMLMJIIJFFAW09CA
金寧鄉,土地,長寮段811~840地號,1989.34,農,,,1030922,土地3建物0車位0,,,其他,,,,0.0,0,0,0,有,無,2460000,1237,,0.0,0,,RPVNMLMJIIJFFAW56CA
金城鎮,土地,小西門劃測段271~300地號,1215.06,農,,,1030908,土地2建物0車位0,,,其他,,,,0.0,0,0,0,有,無,8400000,6913,,0.0,0,,RPXNMLMJIIJFFAW76CA
金城鎮,房地(土地+建物),金門縣金城鎮中興路173巷1~30號,31.49,商,,,1030923,土地2建物1車位0,一層，二層，三層,三層,店面(店鋪),住家用,鋼筋混凝土加強磚造,0510810,88.92,2,2,2,有,無,4650000,52294,,0.0,0,,RPQNMLNJIIJFFAW78CA
金湖鎮,房地(土地+建物),金門縣金湖鎮信義新村91~120號,81.76,其他,,,1030929,土地1建物1車位0,一層,三層,公寓(5樓含以下無電梯),住家用,鋼筋混凝土造,0940420,95.67999999999999,2,2,2,有,無,4500000,47032,,0.0,0,,RPSNMLKMRHJFFAW17CA
金城鎮,土地,祥安段121~150地號,34.29,住,,,1030903,土地1建物0車位0,,,其他,,,,0.0,0,0,0,有,無,1875000,54681,,0.0,0,含未登記建物,RPTNMLMJIIJFFAW98CA
金沙鎮,土地,沙宅劃段691~720地號,1096.25,其他,,,1030924,土地1建物0車位0,,,其他,,,,0.0,0,0,0,有,無,6400000,5838,,0.0,0,,RPWNMLMJIIJFFAW66CA
金寧鄉,土地,寧湖二劃測段751~780地號,429.52,其他,,,1030915,土地1建物0車位0,,,其他,,,,0.0,0,0,0,有,無,8880000,20674,,0.0,0,,RPQNMLQJIIJFFAW09CA
金湖鎮,土地,湖尚劃段1~30地號,1000.0,其他,,,1030910,土地1建物0車位0,,,其他,,,,0.0,0,0,0,有,無,3200000,3200,,0.0,0,,RPPNMLPJIIJFFAW88CA
金沙鎮,土地,北九十劃段211~240地號,976.72,農,,,1030919,土地1建物0車位0,,,其他,,,,0.0,0,0,0,有,無,3400000,3481,,0.0,0,,RPQNMLPJIIJFFAW98CA
金城鎮,土地,舊金城段811~840地號,268.0,農,,,1030925,土地1建物0車位0,,,其他,,,,0.0,0,0,0,有,無,390000,1455,,0.0,0,,RPQNMLNKIIJFFAW98DA
金寧鄉,土地,煙墩段361~390地號,1493.03,農,,,1030926,土地2建物0車位0,,,其他,,,,0.0,0,0,0,有,無,4926999,3300,,0.0,0,,RPQNMLMJIIJFFAW78DA
金寧鄉,土地,寧山段1051~1080地號,576.62,農,,,1030923,土地1建物0車位0,,,其他,,,,0.0,0,0,0,有,無,12000000,20811,,0.0,0,,RPPNMLOLIIJFFAW98CA
金沙鎮,土地,保生段1~30地號,83.95,住,,,1030903,土地1建物0車位0,,,其他,,,,0.0,0,0,0,有,無,2800000,33353,,0.0,0,,RPQNMLOLIIJFFAW09CA
金寧鄉,土地,東洲段601~630地號,1016.7,其他,,,1030902,土地1建物0車位0,,,其他,,,,0.0,0,0,0,有,無,12200000,12000,,0.0,0,,RPWNMLLMIIJFFAW86CA
金沙鎮,土地,沙宅劃段691~720地號,957.0,其他,,,1030924,土地1建物0車位0,,,其他,,,,0.0,0,0,0,有,無,5600000,5852,,0.0,0,,RPRNMLNJIIJFFAW88CA
金寧鄉,土地,盤山村段511~540地號,103.0,其他,,,1030905,土地2建物0車位0,,,其他,,,,0.0,0,0,0,有,無,2500000,24272,,0.0,0,,RPXNMLRJIIJFFAW27CA
烈嶼鄉,土地,西方劃測段361~390地號,500.0,農,,,1030923,土地1建物0車位0,,,其他,,,,0.0,0,0,0,有,無,3000000,6000,,0.0,0,,RPOOMLRJIIJFFAW09CA
烈嶼鄉,土地,九宮測段931~960地號,482.8,其他,,,1030918,土地1建物0車位0,,,其他,,,,0.0,0,0,0,有,無,600000,1243,,0.0,0,,RPWNMLRJIIJFFAW17CA
金城鎮,房地(土地+建物),金門縣金城鎮小西門31~60號,132.67,住,,,1030922,土地3建物1車位0,全,三層,透天厝,住家用,鋼筋混凝土造,1030311,187.78,5,2,5,有,無,8500000,45266,,0.0,0,,RPVNMLSKIIJFFAW27CA
金城鎮,房地(土地+建物),金門縣金城鎮小西門31~60號,143.19,住,,,1030922,土地3建物1車位0,全,三層,透天厝,住家用,鋼筋混凝土造,1030311,193.69,5,2,5,有,無,8500000,43885,,0.0,0,,SPVNMLSKIIJFFAW37CA
金寧鄉,房地(土地+建物),金門縣金寧鄉下后垵31~60號,100.0,住,,,1030922,土地1建物1車位0,全,三層,透天厝,見其他登記事項,鋼筋混凝土造,1030217,169.57,4,2,5,有,無,10950000,64575,,0.0,0,,RPWNMLSKIIJFFAW37CA
金湖鎮,土地,夏興段1231~1260地號,127.0,其他,,,1030923,土地1建物0車位0,,,其他,,,,0.0,0,0,0,有,無,2540000,20000,,0.0,0,,RPPNMLNKIIJFFAW78CA
金城鎮,土地,奎星樓段421~450地號,1721.95,農,,,1030924,土地6建物0車位0,,,其他,,,,0.0,0,0,0,有,無,5698153,3309,,0.0,0,含地上未登記建物,RPVNMLOKIIJFFAW86CA
金寧鄉,土地,后沙劃測段541~570地號,656.01,其他,,,1030911,土地1建物0車位0,,,其他,,,,0.0,0,0,0,有,無,4960000,7561,,0.0,0,,RPUNMLRJIIJFFAW96CA
烈嶼鄉,土地,西方劃測段751~780地號,975.02,農,,,1030918,土地2建物0車位0,,,其他,,,,0.0,0,0,0,有,無,4900000,5026,,0.0,0,,RPVNMLRJIIJFFAW07CA
金寧鄉,土地,后湖段481~510地號,1770.33,其他,,,1030915,土地3建物0車位0,,,其他,,,,0.0,0,0,0,有,無,300000,169,,0.0,0,親友、員工或其他特殊關係間之交易。,RPROMLRJIIJFFAW76CA
金沙鎮,土地,蔡厝劃測段571~600地號,1297.93,農,,,1031001,土地1建物0車位0,,,其他,,,,0.0,0,0,0,有,無,1600000,1233,,0.0,0,,RPWNMLTJIIJFFAW47DA
金湖鎮,土地,夏興段361~390地號,753.76,住,,,1031006,土地1建物0車位0,,,其他,,,,0.0,0,0,0,有,無,8600000,11409,,0.0,0,,RPPNMLLLIIJFFAW78DA
金寧鄉,土地,埔后村段1~30地號,26.0,住,,,1030919,土地1建物0車位0,,,其他,,,,0.0,0,0,0,有,無,982800,37800,,0.0,0,,RPQNMLSJIIJFFAW76DA
金湖鎮,房地(土地+建物),金門縣金湖鎮湖前271~300號,126.36,住,,,1030929,土地2建物1車位0,全,三層,透天厝,見其他登記事項,鋼筋混凝土造,1030127,145.75,4,2,4,有,無,7200000,49400,,0.0,0,,RPQNMLKMIIJFFAW78CA
金湖鎮,土地,中四劃段121~150地號,683.81,農,,,1030925,土地1建物0車位0,,,其他,,,,0.0,0,0,0,有,無,3000000,4387,,0.0,0,,RPUNMLSJIIJFFAW07CA
金寧鄉,房地(土地+建物),金門縣金寧鄉下后垵31~60號,96.0,住,,,1030919,土地1建物1車位0,全,三層,透天厝,見其他登記事項,鋼筋混凝土造,1030217,170.64,4,2,5,有,無,11000000,64463,,0.0,0,,RPPOMLSKIIJFFAW76CA
金寧鄉,土地,寧劃段1231~1260地號,489.94,農,,,1030925,土地1建物0車位0,,,其他,,,,0.0,0,0,0,有,無,1770000,3613,,0.0,0,,RPTNMLTJIIJFFAW07CA
金湖鎮,土地,石牌段31~60地號,500.55,農,,,1030826,土地2建物0車位0,,,其他,,,,0.0,0,0,0,有,無,1200000,2397,,0.0,0,,RPRNMLRKIIJFFAW76CA
金湖鎮,土地,石牌段31~60地號,500.55,其他,,,1030826,土地2建物0車位0,,,其他,,,,0.0,0,0,0,有,無,1200000,2397,,0.0,0,親友、員工或其他特殊關係間之交易。買受人共5位,RPRNMLPKIIJFFAW56CA
金湖鎮,土地,夏興段1141~1170地號,155.33,其他,,,1031008,土地1建物0車位0,,,其他,,,,0.0,0,0,0,有,無,790000,5086,,0.0,0,,RPSNMLOLIIJFFAW66CA
金湖鎮,房地(土地+建物),金門縣金湖鎮塔后481~510號,96.01,住,,,1030930,土地1建物1車位0,全,三層,透天厝,見其他登記事項,鋼筋混凝土造,1030623,222.88,5,2,5,有,無,15800000,70890,,0.0,0,,RPXNMLTLIIJFFAW67CA
烈嶼鄉,土地,青岐段451~480地號,132.0,其他,,,1030926,土地1建物0車位0,,,其他,,,,0.0,0,0,0,有,無,490000,3712,,0.0,0,,RPPNMLOKIIJFFAW98DA
金湖鎮,土地,中五劃段211~240地號,49.75,農,,,1031007,土地2建物0車位0,,,其他,,,,0.0,0,0,0,有,無,175000,3518,,0.0,0,親戚間交易,RPPNMLRKIIJFFAW66DA
金寧鄉,土地,湖尾村段271~300地號,582.5,其他,,,1031006,土地3建物0車位0,,,其他,,,,0.0,0,0,0,有,無,2370000,4069,,0.0,0,,RPTNMLNKIIJFFAW56CA
金寧鄉,土地,中山林段121~150地號,979.76,農,,,1030924,土地2建物0車位0,,,其他,,,,0.0,0,0,0,有,無,14503400,14803,,0.0,0,,RPWNMLOKIIJFFAW96CA
金寧鄉,土地,中山林段121~150地號,685.44,農,,,1030924,土地1建物0車位0,,,其他,,,,0.0,0,0,0,有,無,10146600,14803,,0.0,0,,RPXNMLOKIIJFFAW07CA
金寧鄉,土地,西堡劃測段301~330地號,1250.0,農,,,1030929,土地1建物0車位0,,,其他,,,,0.0,0,0,0,有,無,4800000,3840,,0.0,0,,RPOOMLOKIIJFFAW88CA
金城鎮,土地,賢厝段691~720地號,447.0,農,,,1030926,土地1建物0車位0,,,其他,,,,0.0,0,0,0,有,無,2050000,4586,,0.0,0,,RPQNMLOKIIJFFAW09DA
金城鎮,土地,祥安段931~960地號,1901.0,其他,,,1031013,土地3建物0車位0,,,其他,,,,0.0,0,0,0,有,無,38841669,20432,,0.0,0,有民情風俗因素之交易。,RPRNMLLLIIJFFAW98DA
金沙鎮,土地,北九十劃段151~180地號,1465.45,農,,,1030829,土地2建物0車位0,,,其他,,,,0.0,0,0,0,有,無,5600000,3821,,0.0,0,,RPPNMLQJJIJFFAW09CA
金湖鎮,房地(土地+建物),金門縣金湖鎮塔后481~510號,96.03,住,,,1030930,土地1建物1車位0,全,三層,透天厝,見其他登記事項,鋼筋混凝土造,1030623,222.88,5,2,5,有,無,15000000,67301,,0.0,0,,RPPNMLRJJIJFFAW56CA
金寧鄉,土地,寧湖六劃段1~30地號,800.0,農,,,1030929,土地1建物0車位0,,,其他,,,,0.0,0,0,0,有,無,2000000,2500,,0.0,0,,RPQNMLLLIIJFFAW78CA
金沙鎮,土地,東店段151~180地號,891.7,其他,,,1030929,土地1建物0車位0,,,其他,,,,0.0,0,0,0,有,無,4720000,5293,,0.0,0,,RPSNMLQKIIJFFAW76CA
金沙鎮,土地,大山段541~570地號,910.63,農,,,1031014,土地1建物0車位0,,,其他,,,,0.0,0,0,0,有,無,1700000,1867,,0.0,0,,RPVNMLPKIIJFFAW07DA
金寧鄉,土地,后垵段991~1020地號,1478.13,農,,,1030925,土地1建物0車位0,,,其他,,,,0.0,0,0,0,有,無,6000000,4059,,0.0,0,,RPRNMLOJJIJFFAW09CA
金寧鄉,土地,北二三劃測段151~180地號,618.12,其他,,,1031003,土地1建物0車位0,,,其他,,,,0.0,0,0,0,有,無,23000000,37210,,0.0,0,,RPQNMLRKIIJFFAW66CA
金城鎮,土地,后豐港段541~570地號,886.0,其他,,,1031004,土地1建物0車位0,,,其他,,,,0.0,0,0,0,有,無,3150000,3555,,0.0,0,,RPQNMLMLIIJFFAW88CA
金寧鄉,土地,中三劃測段721~750地號,259.85,其他,,,1030930,土地1建物0車位0,,,其他,,,,0.0,0,0,0,有,無,4090819,15743,,0.0,0,縣府價購,RPSNMLKMIIJFFAW98CA
金湖鎮,土地,新頭段211~240地號,1016.0,其他,,,1031003,土地1建物0車位0,,,其他,,,,0.0,0,0,0,有,無,4165600,4100,,0.0,0,,RPQNMLLMIIJFFAW88CA
金城鎮,土地,北一段151~180地號,2000.76,農,,,1031002,土地2建物0車位0,,,其他,,,,0.0,0,0,0,有,無,23000000,11496,,0.0,0,,RPUNMLMLIIJFFAW66CA
金寧鄉,土地,山灶村段1~30地號,308.35,其他,,,1031007,土地2建物0車位0,,,其他,,,,0.0,0,0,0,有,無,1600000,5189,,0.0,0,,RPTNMLLLIIJFFAW09CA
金城鎮,土地,水頭段331~360地號,402.58,農,,,1030923,土地1建物0車位0,,,其他,,,,0.0,0,0,0,有,無,1200000,2981,,0.0,0,,RPUNMLLLIIJFFAW56CA
金湖鎮,土地,湖前段1381~1410地號,348.0,其他,,,1031013,土地2建物0車位0,,,其他,,,,0.0,0,0,0,有,無,1500000,4310,,0.0,0,,RPVNMLLLIIJFFAW66CA
金寧鄉,土地,機場段391~420地號,421.56,住,,,1031014,土地2建物0車位0,,,其他,,,,0.0,0,0,0,有,無,9000000,21349,,0.0,0,,RPSNMLMLIIJFFAW09CA
金沙鎮,土地,蔡厝劃測段271~300地號,1000.04,農,,,1031017,土地1建物0車位0,,,其他,,,,0.0,0,0,0,有,無,4150000,4150,,0.0,0,,RPPNMLSLIIJFFAW76CA
金城鎮,土地,城東段121~150地號,32.84,住,,,1030929,土地2建物0車位0,,,其他,,,,0.0,0,0,0,有,無,2250000,68514,,0.0,0,含未辦保存登記之建物,RPQNMLLJJIJFFAW68CA
金寧鄉,土地,盤山村段391~420地號,58.0,住,,,1030930,土地1建物0車位0,,,其他,,,,0.0,0,0,0,有,無,900000,15517,,0.0,0,,RPRNMLLJJIJFFAW78CA
金沙鎮,土地,北九劃段751~780地號,475.18,農,,,1030903,土地1建物0車位0,,,其他,,,,0.0,0,0,0,有,無,1000000,2104,,0.0,0,,RPSNMLLLIIJFFAW98CA
金湖鎮,房地(土地+建物),金門縣金湖鎮湖前31~60號,70.17,住,,,1031005,土地2建物1車位0,一層,三層,公寓(5樓含以下無電梯),見其他登記事項,鋼筋混凝土造,1020205,113.47,3,2,2,有,無,7460000,65744,,0.0,0,,RPSNMLLJJIJFFAW88CA
金湖鎮,土地,湖前段931~960地號,458.29,其他,,,1030930,土地2建物0車位0,,,其他,,,,0.0,0,0,0,有,無,20500000,44732,,0.0,0,,RPVNMLRLIIJFFAW27CA
金城鎮,土地,金門城段691~720地號,198.06,住,,,1031002,土地3建物0車位0,,,其他,,,,0.0,0,0,0,有,無,3000000,15147,,0.0,0,,RPPNMLLJJIJFFAW58CA
金湖鎮,土地,士校段91~120地號,316.39,其他,,,1030924,土地2建物0車位0,,,其他,,,,0.0,0,0,0,有,無,4306900,13613,,0.0,0,,RPRNMLLMIIJFFAW98CA
烈嶼鄉,土地,東園劃段241~270地號,912.39,農,,,1031008,土地1建物0車位0,,,其他,,,,0.0,0,0,0,有,無,5500000,6028,,0.0,0,,RPQNMLNLIIJFFAW98CA
金城鎮,房地(土地+建物),金門縣金城鎮小西門31~60號,136.67,住,,,1030925,土地3建物1車位0,全,三層,透天厝,住家用,鋼筋混凝土造,1030311,190.78,5,2,5,有,無,8000000,41933,,0.0,0,,RPQNMLNJJIJFFAW88CA
金寧鄉,土地,鎮西段151~180地號,79.79,農,,,1030926,土地1建物0車位0,,,其他,,,,0.0,0,0,0,有,無,616808,7730,,0.0,0,,RPPNMLLKJIJFFAW78DA
金沙鎮,土地,山后段901~930地號,438.09,農,,,1030908,土地1建物0車位0,,,其他,,,,0.0,0,0,0,有,無,1200000,2739,,0.0,0,,RPXNMLSKJIJFFAW67DA
金寧鄉,土地,東洲段961~990地號,239.58,農,,,1031021,土地1建物0車位0,,,其他,,,,0.0,0,0,0,有,無,700000,2922,,0.0,0,,RPTNMLTLIIJFFAW37DA
金城鎮,土地,小西門劃測段301~330地號,1012.89,農,,,1031009,土地2建物0車位0,,,其他,,,,0.0,0,0,0,有,無,5000000,4936,,0.0,0,,RPPNMLOKJIJFFAW98CA
金寧鄉,土地,大園段691~720地號,1002.92,農,,,1031015,土地2建物0車位0,,,其他,,,,0.0,0,0,0,有,無,2005800,2000,,0.0,0,,RPUNMLOLIIJFFAW86CA
金寧鄉,土地,盤山村段151~180地號,99.0,住,,,1031016,土地1建物0車位0,,,其他,,,,0.0,0,0,0,有,無,4200000,42424,,0.0,0,,RPRNMLSLIIJFFAW07DA
金城鎮,土地,山前段391~420地號,268.0,農,,,1031021,土地1建物0車位0,,,其他,,,,0.0,0,0,0,有,無,800000,2985,,0.0,0,,RPSNMLTLIIJFFAW27DA
金城鎮,土地,城南段751~780地號,177.0,住,,,1031022,土地2建物0車位0,,,其他,,,,0.0,0,0,0,有,無,6190000,34972,,0.0,0,,RPQNMLSLIIJFFAW96DA
金沙鎮,土地,榮湖段241~270地號,1142.29,其他,,,1031016,土地2建物0車位0,,,其他,,,,0.0,0,0,0,有,無,1700000,1488,,0.0,0,,RPUNMLSLIIJFFAW27CA
金城鎮,土地,小西門劃測段571~600地號,787.52,農,,,1031017,土地1建物0車位0,,,其他,,,,0.0,0,0,0,有,無,5650000,7174,,0.0,0,,RPVNMLSLIIJFFAW37CA
金城鎮,土地,小西門劃測段571~600地號,787.52,農,,,1031017,土地1建物0車位0,,,其他,,,,0.0,0,0,0,有,無,5650000,7174,,0.0,0,,RPWNMLSLIIJFFAW47CA
金城鎮,土地,小西門劃測段571~600地號,750.02,農,,,1031014,土地1建物0車位0,,,其他,,,,0.0,0,0,0,有,無,4800000,6400,,0.0,0,,RPXNMLSLIIJFFAW57CA
金湖鎮,土地,湖前段1411~1440地號,293.0,其他,,,1031012,土地1建物0車位0,,,其他,,,,0.0,0,0,0,有,無,5000000,17065,,0.0,0,,RPPNMLTLIIJFFAW86CA
金沙鎮,土地,沙港劃段481~510地號,1000.05,農,,,1031006,土地2建物0車位0,,,其他,,,,0.0,0,0,0,有,無,6000000,6000,,0.0,0,,RPVNMLTLIIJFFAW47CA
金寧鄉,土地,寧湖三劃段331~360地號,1000.0,農,,,1031005,土地1建物0車位0,,,其他,,,,0.0,0,0,0,有,無,8500000,8500,,0.0,0,,RPWNMLTLIIJFFAW57CA
金寧鄉,房地(土地+建物),金門縣金寧鄉下后垵31~60號,124.0,住,,,1031013,土地1建物1車位0,全,三層,透天厝,見其他登記事項,鋼筋混凝土造,1030217,171.52,4,2,5,有,無,10950000,63841,,0.0,0,,RPXNMLLJJIJFFAW76CA
金沙鎮,土地,官嶼劃段241~270地號,1500.0,農,,,1031023,土地4建物0車位0,,,其他,,,,0.0,0,0,0,有,無,4500000,3000,,0.0,0,,RPQNMLRKJIJFFAW76CA
金寧鄉,土地,寧湖三劃段1~30地號,2078.61,農,,,1031027,土地2建物0車位0,,,其他,,,,0.0,0,0,0,有,無,22860000,10998,,0.0,0,,RPPNMLKLJIJFFAW68CA
金寧鄉,土地,中山林段361~390地號,2018.28,農,,,1031016,土地1建物0車位0,,,其他,,,,0.0,0,0,0,有,無,5000000,2477,,0.0,0,,RPPNMLKKJIJFFAW58CA
金湖鎮,土地,陳坑段301~330地號,124.2,住,,,1031014,土地1建物0車位0,,,其他,,,,0.0,0,0,0,有,無,2099900,16907,,0.0,0,,RPQOMLKMIIJFFAW98DA
金湖鎮,土地,陳坑段391~420地號,116.93,住,,,1031014,土地1建物0車位0,,,其他,,,,0.0,0,0,0,有,無,1999900,17103,,0.0,0,,RPROMLKMIIJFFAW09DA
金湖鎮,土地,多年段661~690地號,312.65,農,,,1031024,土地1建物0車位0,,,其他,,,,0.0,0,0,0,有,無,437710,1400,,0.0,0,,RPPNMLOJJIJFFAW98DA
金城鎮,土地,北一段1~30地號,143.95,農,,,1031015,土地1建物0車位0,,,其他,,,,0.0,0,0,0,有,無,1475000,10247,,0.0,0,,RPRNMLLLJIJFFAW98CA
金城鎮,土地,北一段1~30地號,125.09,農,,,1031015,土地1建物0車位0,,,其他,,,,0.0,0,0,0,有,無,1285000,10273,,0.0,0,,RPSNMLLLJIJFFAW09CA
金城鎮,土地,北一段151~180地號,120.98,其他,,,1031015,土地1建物0車位0,,,其他,,,,0.0,0,0,0,有,無,1240000,10250,,0.0,0,,RPTNMLLLJIJFFAW56CA
金寧鄉,土地,后湖村段301~330地號,426.0,其他,,,1031020,土地1建物0車位0,,,其他,,,,0.0,0,0,0,有,無,2640000,6197,,0.0,0,,RPOOMLLJJIJFFAW58CA
金城鎮,土地,水頭段121~150地號,1220.56,農,,,1030930,土地4建物0車位0,,,其他,,,,0.0,0,0,0,有,無,6500000,5325,,0.0,0,,RPPNMLNJJIJFFAW78CA
金沙鎮,土地,西園測段511~540地號,365.73,農,,,1031028,土地1建物0車位0,,,其他,,,,0.0,0,0,0,有,無,548595,1500,,0.0,0,,RPUNMLOJJIJFFAW86DA
烈嶼鄉,土地,青岐段91~120地號,201.0,住,,,1031016,土地1建物0車位0,,,其他,,,,0.0,0,0,0,有,無,3015000,15000,,0.0,0,,RPRNMLNJJIJFFAW09DA
