﻿鄉鎮市區,交易標的,土地區段位置建物區段門牌,土地移轉總面積平方公尺,都市土地使用分區,非都市土地使用分區,非都市土地使用編定,交易年月日,交易筆棟數,移轉層次,總樓層數,建物型態,主要用途,主要建材,建築完成年月,建物移轉總面積平方公尺,建物現況格局-房,建物現況格局-廳,建物現況格局-衛,建物現況格局-隔間,有無管理組織,總價元,單價元平方公尺,車位類別,車位移轉總面積平方公尺,車位總價元,備註,編號
The villages and towns urban district,transaction sign,land sector position building sector house number plate,land shifting total area square meter,the use zoning or compiles and checks,the non-metropolis land use district,non-metropolis land use,transaction year month and day,transaction pen number,shifting level,total floor number,building state,main use,main building materials,construction to complete the years,building shifting total area,Building present situation pattern - room,building present situation pattern - hall,building present situation pattern - health,building present situation pattern - compartmented,Whether there is manages the organization,total price NTD,the unit price (NTD / square meter),the berth category,berth shifting total area square meter,the berth total price NTD,the note,serial number
馬公市,土地,文石段841~870地號,1782.05,,一般農業區,農牧用地,1030728,土地3建物0車位0,,,其他,,,,0.0,0,0,0,有,無,3200000,1796,,0.0,0,,RPQNMLQJQHJFFAX27CA
馬公市,房地(土地+建物),澎湖縣馬公巿朝陽路121~150號,87.16,住,,,1030721,土地2建物1車位0,全,四層,透天厝,住家用,鋼筋混凝土造,0691211,189.44,4,2,3,有,無,3200000,16892,,0.0,0,親友間之交易。,RPQNMLPJQHJFFAX27DA
西嶼鄉,土地,外垵一段241~270地號,0.61,,一般農業區,農牧用地,1030721,土地1建物0車位0,,,其他,,,,0.0,0,0,0,有,無,4270,0,,0.0,0,"外垵地區排水系統治理工程協議價購7,000元/m2",RPUNMLPJQHJFFAX67DA
西嶼鄉,土地,外垵一段271~300地號,0.02,,鄉村區,乙種建築用地,1030721,土地1建物0車位0,,,其他,,,,0.0,0,0,0,有,無,206,0,,0.0,0,"外垵地區排水系統治理工程協議價購10,000元/m2",RPQNMLSJQHJFFAX57DA
馬公市,房地(土地+建物),澎湖縣馬公巿大賢街61~90號,133.41,住,,,1030716,土地1建物1車位0,全,四層,透天厝,住商用,鋼筋混凝土造,1030516,301.08,6,2,7,有,無,13700000,45503,,0.0,0,,RPVNMLLLQHJFFAX57DA
馬公市,房地(土地+建物),澎湖縣馬公巿大賢街61~90號,101.88,住,,,1030716,土地1建物1車位0,全,三層,透天厝,住商用,鋼筋混凝土造,1030516,229.7,5,2,5,有,無,12000000,52242,,0.0,0,,RPQOMLLLQHJFFAX17DA
馬公市,房地(土地+建物),澎湖縣馬公巿大賢街91巷1~30號,176.18,住,,,1030716,土地2建物1車位0,全,四層,透天厝,住家用,鋼筋混凝土造,1030516,286.82,6,2,7,有,無,13200000,46022,,0.0,0,,RPROMLLLQHJFFAX27DA
馬公市,房地(土地+建物),澎湖縣馬公巿大賢街91巷1~30號,176.17,住,,,1030716,土地2建物1車位0,全,四層,透天厝,住家用,鋼筋混凝土造,1030516,286.82,6,2,7,有,無,13500000,47068,,0.0,0,,RPWNMLLLQHJFFAX67DA
馬公市,房地(土地+建物),澎湖縣馬公巿大賢街61~90號,110.58,住,,,1030716,土地1建物1車位0,全,三層,透天厝,住商用,鋼筋混凝土造,1030516,239.49,5,2,5,有,無,13000000,54282,,0.0,0,,RPUNMLLLQHJFFAX47DA
西嶼鄉,土地,外垵一段271~300地號,0.02,,鄉村區,乙種建築用地,1030721,土地1建物0車位0,,,其他,,,,0.0,0,0,0,有,無,206,0,,0.0,0,"外垵地區排水系統治理工程協議價購10,000元/m2",RPRNMLSJQHJFFAX67DA
馬公市,房地(土地+建物),澎湖縣馬公巿五福路78巷17弄1~30號,345.73,,一般農業區,甲種建築用地,1030613,土地2建物1車位0,全,三層,透天厝,住家用,鋼筋混凝土造,0990528,388.82,4,1,6,有,無,16000000,41150,,0.0,0,總價包含經營民宿所需設備、傢俱,RPRNMLMKQHJFFAX17DA
馬公市,土地,五福段481~510地號,27.71,,一般農業區,水利用地,1030731,土地1建物0車位0,全,,透天厝,,,,0.0,0,0,5,有,無,74817,2700,,0.0,0,畸零地或有合併使用之交易。,RPQNMLMJRHJFFAX17EA
七美鄉,土地,大嶼段4981~5010地號,750.0,,一般農業區,農牧用地,1030701,土地1建物0車位0,,,其他,,,,0.0,0,0,0,有,無,547500,730,,0.0,0,,RPVNMLRLQHJFFAX28EA
馬公市,土地,興仁段691~720地號,2253.63,,一般農業區,農牧用地,1030721,土地2建物0車位0,,,其他,,,,0.0,0,0,0,有,無,4000000,1775,,0.0,0,親友、員工或其他特殊關係間之交易。,RPRNMLLLQHJFFAX17DA
西嶼鄉,土地,外垵一段271~300地號,0.02,,鄉村區,乙種建築用地,1030721,土地1建物0車位0,,,其他,,,,0.0,0,0,0,有,無,206,0,,0.0,0,"外垵地區排水系統治理工程協議價購10,000元/m2",RPSNMLSJQHJFFAX77DA
西嶼鄉,土地,外垵一段271~300地號,0.12,,鄉村區,乙種建築用地,1030721,土地1建物0車位0,,,其他,,,,0.0,0,0,0,有,無,1233,0,,0.0,0,,RPTNMLSJQHJFFAX87DA
湖西鄉,土地,南寮北段1021~1050地號,335.49,,一般農業區,農牧用地,1030729,土地1建物0車位0,,,其他,,,,0.0,0,0,0,有,無,400000,1192,,0.0,0,,RPRNMLRJQHJFFAX57DA
馬公市,房地(土地+建物),澎湖縣馬公巿大賢街61~90號,109.18,住,,,1030716,土地1建物1車位0,全,三層,透天厝,住商用,鋼筋混凝土造,1030516,236.21,2,2,5,有,無,11400000,48262,,0.0,0,,RPPOMLLLQHJFFAX07DA
馬公市,房地(土地+建物),澎湖縣馬公巿大賢街91巷1~30號,182.99,住,,,1030716,土地2建物1車位0,全,四層,透天厝,住家用,鋼筋混凝土造,1030516,286.54,6,2,7,有,無,13500000,47114,,0.0,0,,RPXNMLLLQHJFFAX77DA
馬公市,土地,北澳段541~570地號,137.5,,一般農業區,農牧用地,1030728,土地3建物0車位0,,,其他,,,,0.0,0,0,0,有,無,1247700,9074,,0.0,0,,RPPOMLPLQHJFFAX47DA
馬公市,土地,風櫃西段301~330地號,895.2,,一般農業區,農牧用地,1030721,土地1建物0車位0,,,其他,,,,0.0,0,0,0,有,無,4500000,5027,,0.0,0,,RPRNMLQJQHJFFAX37CA
西嶼鄉,房地(土地+建物),澎湖縣西嶼鄉181~210號,372.93,,風景區,農牧用地,1030525,土地5建物1車位0,全,一層,透天厝,住家用,見其他登記事項,,12.57,3,1,1,有,無,410000,32617,,0.0,0,,RPPNMLMLQHJFFAX96CA
湖西鄉,土地,沙港北段151~180地號,615.14,,一般農業區,農牧用地,1030721,土地6建物0車位0,,,其他,,,,0.0,0,0,0,有,無,660000,1073,,0.0,0,,RPWOMLSJQHJFFAX18CA
白沙鄉,房地(土地+建物),澎湖縣白沙鄉澎湖縣白沙鄉大赤崁241~270號,77.04,,鄉村區,乙種建築用地,1030716,土地1建物1車位0,全,一層,透天厝,住家用,見其他登記事項,0110101,27.72,0,0,0,無,無,400000,14430,,0.0,0,,RPPNMLKKQHJFFAX66CA
馬公市,房地(土地+建物),澎湖縣馬公巿朝陽路61~90號,22.17,住,,,1030731,土地2建物1車位0,五層,五層,公寓(5樓含以下無電梯),住家用,鋼筋混凝土造,0840715,57.87,2,1,1,有,無,1820000,31450,,0.0,0,,RPSNMLMLQHJFFAX37DA
西嶼鄉,土地,外垵一段271~300地號,0.12,,鄉村區,乙種建築用地,1030721,土地1建物0車位0,,,其他,,,,0.0,0,0,0,有,無,1233,0,,0.0,0,"外垵地區排水系統治理工程協議價購10,000元/m2",RPUNMLSJQHJFFAX97DA
西嶼鄉,土地,外垵一段271~300地號,0.06,,鄉村區,乙種建築用地,1030721,土地1建物0車位0,,,其他,,,,0.0,0,0,0,有,無,617,0,,0.0,0,"外垵地區排水系統治理工程協議價購10,000元/m2",RPVNMLSJQHJFFAX08DA
馬公市,房地(土地+建物),澎湖縣馬公巿石泉1~30號,111.64,,一般農業區,甲種建築用地,1030728,土地1建物1車位0,全,三層,透天厝,住家用,鋼筋混凝土造,0870702,203.33,4,2,3,有,無,5620000,27640,,0.0,0,,RPTOMLSJQHJFFAX97DA
馬公市,土地,山水西段91~120地號,508.52,,一般農業區,農牧用地,1030717,土地3建物0車位0,,,其他,,,,0.0,0,0,0,有,無,1900000,3736,,0.0,0,,RPQNMLSKQHJFFAX67DA
湖西鄉,土地,白坑段151~180地號,84.16,,鄉村區,乙種建築用地,1030804,土地1建物0車位0,,,其他,,,,0.0,0,0,0,有,無,200000,2376,,0.0,0,,RPQNMLLLQHJFFAX07DA
馬公市,土地,鐵線段451~480地號,132.86,,一般農業區,農牧用地,1030730,土地1建物0車位0,,,其他,,,,0.0,0,0,0,有,無,803800,6050,,0.0,0,,RPRNMLLKQHJFFAX96CA
白沙鄉,土地,吉貝西段1081~1110地號,1150.34,,一般農業區,遊憩用地,1030804,土地1建物0車位0,,,其他,,,,0.0,0,0,0,有,無,8700000,7563,,0.0,0,,RPSNMLRJQHJFFAX57CA
馬公市,土地,光榮段121~150地號,192.4,其他,,,1030730,土地1建物0車位0,,,其他,,,,0.0,0,0,0,有,無,2790000,14501,,0.0,0,,RPPNMLSJQHJFFAX37CA
湖西鄉,土地,湖西北段961~990地號,2277.88,,一般農業區,農牧用地,1030804,土地5建物0車位0,,,其他,,,,0.0,0,0,0,有,無,1350000,593,,0.0,0,賣方賣清價,RPQOMLSJQHJFFAX57CA
馬公市,土地,五福段301~330地號,77.86,,一般農業區,農牧用地,1030620,土地1建物0車位0,,,其他,,,,0.0,0,0,0,有,無,893000,11469,,0.0,0,賣方賣清價,RPPNMLRLQHJFFAX47CA
馬公市,土地,文寮段691~720地號,187.58,,一般農業區,農牧用地,1030730,土地1建物0車位0,,,其他,,,,0.0,0,0,0,有,無,1400000,7463,,0.0,0,,RPVOMLSJQHJFFAX08CA
馬公市,土地,四維段1111~1140地號,254.44,,一般農業區,農牧用地,1030806,土地1建物0車位0,,,其他,,,,0.0,0,0,0,有,無,2310000,9079,,0.0,0,賣方賣清價,RPROMLSJQHJFFAX67CA
白沙鄉,土地,中屯段661~690地號,83.0,,一般農業區,交通用地,1030730,土地2建物0車位0,,,其他,,,,0.0,0,0,0,有,無,100000,1205,,0.0,0,,RPUOMLSJQHJFFAX97CA
湖西鄉,土地,白坑段751~780地號,1078.93,,一般農業區,農牧用地,1030805,土地2建物0車位0,,,其他,,,,0.0,0,0,0,有,無,500000,463,,0.0,0,,RPPNMLLLQHJFFAX96DA
馬公市,土地,裡新段691~720地號,50.81,,鄉村區,乙種建築用地,1030722,土地1建物0車位0,,,其他,,,,0.0,0,0,0,有,無,1200000,23617,,0.0,0,親友、員工或其他特殊關係間之交易。,RPSNMLLKQHJFFAX17DA
馬公市,房地(土地+建物),澎湖縣馬公巿大賢街91巷1~30號,153.14,住,,,1030716,土地2建物1車位0,全,四層,透天厝,住家用,鋼筋混凝土造,1030516,217.8,6,2,7,有,無,12500000,57392,,0.0,0,,RPOOMLLLQHJFFAX96DA
馬公市,土地,五福段751~780地號,863.15,,一般農業區,農牧用地,1030801,土地1建物0車位0,,,其他,,,,0.0,0,0,0,有,無,34600000,40086,,0.0,0,含未來興建房屋之價款;權利人為4人,RPRNMLMJRHJFFAX17DA
馬公市,土地,鎖港南段871~900地號,220.9,住,,,1030806,土地1建物0車位0,,,其他,,,,0.0,0,0,0,有,無,2670000,12087,,0.0,0,向政府機關承購之案件。,RPPNMLOKQHJFFAX27EA
湖西鄉,土地,東石新段481~510地號,261.6,,一般農業區,農牧用地,1030731,土地2建物0車位0,,,其他,,,,0.0,0,0,0,有,無,732014,2798,,0.0,0,向政府機關承購之案件。,RPPNMLMKQHJFFAX07EA
馬公市,房地(土地+建物),澎湖縣馬公巿林森路31~60號,24.24,住,,,1030721,土地1建物1車位0,四層,七層,華廈(10層含以下有電梯),住家用,鋼筋混凝土造,0840904,125.78,4,2,2,有,有,3770000,29973,,0.0,0,,RPTNMLLKQHJFFAX27DA
馬公市,房地(土地+建物),澎湖縣馬公巿朝陽路105巷1~30號,78.21,住,,,1030725,土地1建物1車位0,全,二層,透天厝,住家用,鋼筋混凝土加強磚造,0660708,87.5,4,1,2,有,無,2420000,27657,,0.0,0,親友間之交易。,RPQNMLMKQHJFFAX07DA
西嶼鄉,土地,竹篙灣段1561~1590地號,693.0,,一般農業區,農牧用地,1030801,土地1建物0車位0,,,其他,,,,0.0,0,0,0,有,無,773000,1115,,0.0,0,,RPQNMLRLQHJFFAX57CA
馬公市,土地,馬公段1741~1770地號,52.0,住,,,1030726,土地1建物0車位0,,,其他,,,,0.0,0,0,0,有,無,5350000,102885,,0.0,0,,RPVNMLOJRHJFFAX67CA
湖西鄉,土地,湖東新段451~480地號,459.33,,一般農業區,農牧用地,1030802,土地1建物0車位0,,,其他,,,,0.0,0,0,0,有,無,1100000,2395,,0.0,0,,RPQNMLNKQHJFFAX07CA
馬公市,房地(土地+建物)+車位,澎湖縣馬公巿三多路391~420號,12.23,商,,,1030724,土地1建物1車位1,九層,十層,華廈(10層含以下有電梯),住家用,鋼筋混凝土造,0850308,108.02,3,1,2,有,有,4300000,39807,坡道平面,0.0,0,,RPTNMLNKQHJFFAX37CA
馬公市,房地(土地+建物),澎湖縣馬公巿成功街1~30號,111.4,住,,,1030725,土地1建物1車位0,全,四層,透天厝,住商用,鋼筋混凝土造,1030613,326.12,4,2,5,有,無,16500000,50595,,0.0,0,,RPRNMLSKQHJFFAX67CA
馬公市,房地(土地+建物),澎湖縣馬公巿成功街1~30號,111.84,住,,,1030725,土地1建物1車位0,全,四層,透天厝,住商用,鋼筋混凝土造,1030613,325.89,4,2,5,有,無,16500000,50631,,0.0,0,,RPSNMLSKQHJFFAX87DA
馬公市,土地,埕東段181~210地號,7.56,其他,,,1030804,土地1建物0車位0,,,其他,,,,0.0,0,0,0,有,無,150000,19841,,0.0,0,,RPPNMLNKQHJFFAX07DA
馬公市,土地,東衛段1471~1500地號,55.46,,鄉村區,乙種建築用地,1030731,土地1建物0車位0,,,其他,,,,0.0,0,0,0,有,無,288888,5209,,0.0,0,向政府機關承購之案件。,RPPNMLKLQHJFFAX96EA
湖西鄉,土地,成功南段241~270地號,244.01,,一般農業區,甲種建築用地,1030725,土地3建物0車位0,,,其他,,,,0.0,0,0,0,有,無,6000000,24589,,0.0,0,交易總價含未建築之建物,RPQNMLLJRHJFFAX96DA
馬公市,房地(土地+建物)+車位,澎湖縣馬公巿朝陽路61~90號,28.51,住,,,1030806,土地4建物1車位1,七層,七層,華廈(10層含以下有電梯),住家用,鋼筋混凝土造,0830509,168.41000000000003,3,1,2,有,有,4500000,26721,坡道平面,0.0,0,含坡道平面車位1個,RPTNMLSKQHJFFAX87CA
馬公市,土地,五德西段631~660地號,1086.33,,一般農業區,農牧用地,1030727,土地2建物0車位0,,,其他,,,,0.0,0,0,0,有,無,2957000,2722,,0.0,0,,RPRNMLRLQHJFFAX67CA
白沙鄉,土地,港尾段1621~1650地號,601.0,,風景區,農牧用地,1030620,土地1建物0車位0,,,其他,,,,0.0,0,0,0,有,無,909000,1512,,0.0,0,,RPSNMLRLQHJFFAX77CA
馬公市,房地(土地+建物),澎湖縣馬公巿三多路301~330號,266.02,住,,,1030728,土地1建物1車位0,全,四層,透天厝,住商用,鋼筋混凝土造,1000504,705.55,8,1,13,有,無,31000000,43937,,0.0,0,,RPRNMLTLQHJFFAX87CA
馬公市,房地(土地+建物),澎湖縣馬公巿西衛361~390號,295.94,,一般農業區,甲種建築用地,1030801,土地2建物1車位0,全,三層,透天厝,住家用,鋼筋混凝土造,1030609,282.54,5,2,4,有,無,8460000,29943,,0.0,0,,RPQNMLSLQHJFFAX67CA
馬公市,房地(土地+建物),澎湖縣馬公巿西衛361~390號,327.46,,一般農業區,甲種建築用地,1030801,土地2建物1車位0,全,三層,透天厝,住家用,鋼筋混凝土造,1030609,264.54,5,2,4,有,無,8500000,32131,,0.0,0,,RPRNMLSLQHJFFAX77CA
西嶼鄉,土地,小池角段1591~1620地號,267.0,,鄉村區,乙種建築用地,1030709,土地2建物0車位0,,,其他,,,,0.0,0,0,0,有,無,700000,2622,,0.0,0,,RPUNMLSKQHJFFAX97CA
馬公市,土地,雙湖段931~960地號,289.31,,鄉村區,乙種建築用地,1030731,土地2建物0車位0,,,其他,,,,0.0,0,0,0,有,無,2625000,9073,,0.0,0,,RPPNMLTKQHJFFAX57CA
馬公市,土地,雙湖段1051~1080地號,694.77,,一般農業區,農牧用地,1030731,土地1建物0車位0,,,其他,,,,0.0,0,0,0,有,無,2500000,3598,,0.0,0,,RPQNMLTKQHJFFAX67CA
馬公市,房地(土地+建物),澎湖縣馬公巿中華路181~210號,40.26,住,,,1030801,土地1建物1車位0,三層,四層,公寓(5樓含以下無電梯),住家用,鋼筋混凝土造,0690726,109.75,7,1,2,有,無,3500000,31891,,0.0,0,,RPQNMLQLQHJFFAX47CA
馬公市,土地,中山段31~60地號,659.44,,一般農業區,農牧用地,1030717,土地1建物0車位0,,,其他,,,,0.0,0,0,0,有,無,6981821,10588,,0.0,0,,RPRNMLKKRHJFFAX96CA
西嶼鄉,土地,內垵一段91~120地號,1677.28,,一般農業區,農牧用地,1030725,土地3建物0車位0,,,其他,,,,0.0,0,0,0,有,無,3048110,1817,,0.0,0,,RPRNMLMKRHJFFAX17CA
馬公市,房地(土地+建物),澎湖縣馬公巿民福路1~30號,74.0,商,,,1030725,土地1建物1車位0,全,四層,透天厝,住商用,鋼筋混凝土加強磚造,0540810,208.54,4,1,4,有,無,10000000,47952,,0.0,0,親友、員工或其他特殊關係間之交易。,RPRNMLPJRHJFFAX47DA
湖西鄉,土地,湖東新段121~150地號,17.87,,,,1030805,土地1建物0車位0,,,其他,,,,0.0,0,0,0,有,無,80058,4480,,0.0,0,向政府機關承購之案件。,RPSNMLPLQHJFFAX67DA
馬公市,土地,文石段151~180地號,31.96,,,,1030815,土地1建物0車位0,,,其他,,,,0.0,0,0,0,有,無,350000,10951,,0.0,0,,RPTNMLTLQHJFFAX28EA
西嶼鄉,土地,竹篙灣段3481~3510地號,1560.0,,風景區,農牧用地,1030812,土地1建物0車位0,,,其他,,,,0.0,0,0,0,有,無,3000000,1923,,0.0,0,,RPPNMLPKRHJFFAX37DA
白沙鄉,土地,通梁中段451~480地號,275.42,住,,,1030728,土地2建物0車位0,,,其他,,,,0.0,0,0,0,有,無,1600000,5809,,0.0,0,,RPUNMLMLQHJFFAX47CA
西嶼鄉,土地,小池角段2311~2340地號,296.83,,一般農業區,農牧用地,1030728,土地1建物0車位0,,,其他,,,,0.0,0,0,0,有,無,516484,1740,,0.0,0,向政府機關承購之案件。,RPXNMLPLQHJFFAX08CA
西嶼鄉,土地,橫礁段451~480地號,107.0,,一般農業區,農牧用地,1030807,土地1建物0車位0,,,其他,,,,0.0,0,0,0,有,無,93000,869,,0.0,0,向政府機關承購之案件。,RPQNMLMLQHJFFAX27EA
馬公市,土地,五福段151~180地號,239.73,,一般農業區,農牧用地,1030811,土地2建物0車位0,,,其他,,,,0.0,0,0,0,有,無,1812900,7562,,0.0,0,親友、員工或其他特殊關係間之交易。,RPTNMLRLQHJFFAX87CA
馬公市,房地(土地+建物),澎湖縣馬公巿水源路1~30號,14.13,商,,,1030811,土地1建物1車位0,五層,十二層,住宅大樓(11層含以上有電梯),住家用,鋼筋混凝土造,0850828,146.01,4,2,2,有,有,4880000,33422,,0.0,0,,RPUNMLRLQHJFFAX97CA
湖西鄉,土地,東石新段481~510地號,261.6,,一般農業區,農牧用地,1030814,土地2建物0車位0,,,其他,,,,0.0,0,0,0,有,無,910000,3479,,0.0,0,,RPRNMLMLQHJFFAX17CA
白沙鄉,土地,港尾段1171~1200地號,161.5,,一般農業區,農牧用地,1030806,土地1建物0車位0,,,其他,,,,0.0,0,0,0,有,無,200000,1238,,0.0,0,,RPRNMLLKRHJFFAX07CA
馬公市,土地,山水北段511~540地號,387.78,,一般農業區,農牧用地,1030815,土地1建物0車位0,,,其他,,,,0.0,0,0,0,有,無,410563,1059,,0.0,0,,RPTNMLMLQHJFFAX47DA
馬公市,土地,山水南段601~630地號,18.14,,,,1030813,土地2建物0車位0,,,其他,,,,0.0,0,0,0,有,無,225118,12410,,0.0,0,,RPPNMLPLQHJFFAX37DA
馬公市,土地,中衛段601~630地號,204.8,農,,,1030812,土地1建物0車位0,,,其他,,,,0.0,0,0,0,有,無,2961408,14460,,0.0,0,,RPQNMLPLQHJFFAX47DA
馬公市,房地(土地+建物)+車位,澎湖縣馬公巿三多路391~420號,14.23,商,,,1030808,土地1建物1車位1,四層,十層,華廈(10層含以下有電梯),住家用,鋼筋混凝土造,0850308,125.83,3,2,2,有,有,4200000,33378,坡道機械,0.0,0,,RPPNMLQLQHJFFAX47DA
馬公市,房地(土地+建物)+車位,澎湖縣馬公巿貿商街121~150號,31.4,住,,,1030804,土地1建物1車位1,十三層,十三層,住宅大樓(11層含以上有電梯),見其他登記事項,鋼筋混凝土造,0950629,211.2,4,1,2,有,有,4400000,20833,坡道平面,0.0,0,,RPSNMLQLQHJFFAX77DA
湖西鄉,土地,湖東新段811~840地號,1203.07,,一般農業區,農牧用地,1030812,土地1建物0車位0,,,其他,,,,0.0,0,0,0,有,無,2729400,2269,,0.0,0,,RPTNMLQLQHJFFAX87DA
馬公市,土地,鐵線段661~690地號,989.47,,一般農業區,農牧用地,1030729,土地1建物0車位0,,,其他,,,,0.0,0,0,0,有,無,3760000,3800,,0.0,0,,RPVNMLPLQHJFFAX97DA
馬公市,房地(土地+建物),澎湖縣馬公巿自強路20巷1~30號,75.32,住,,,1030811,土地3建物1車位0,全,二層,透天厝,住家用,鋼筋混凝土加強磚造,0701027,88.7,3,1,1,有,無,1400000,15784,,0.0,0,,RPOOMLPLQHJFFAX37DA
馬公市,土地,光榮段121~150地號,192.4,其他,,,1030811,土地1建物0車位0,,,其他,,,,0.0,0,0,0,有,無,2790000,14501,,0.0,0,,RPRNMLPLQHJFFAX47CA
白沙鄉,土地,通梁中段1201~1230地號,330.15,住,,,1030812,土地2建物0車位0,,,其他,,,,0.0,0,0,0,有,無,2500000,7572,,0.0,0,賣方賣清價,RPRNMLLJRHJFFAX96CA
馬公市,房地(土地+建物),澎湖縣馬公巿西文澳31~60號,151.31,住,,,1030729,土地1建物1車位0,全,二層,透天厝,住家用,見其他登記事項,0610102,125.82,8,3,2,有,無,6630000,52694,,0.0,0,,RPPNMLMJRHJFFAX86CA
馬公市,土地,鐵線段391~420地號,813.73,,一般農業區,農牧用地,1030820,土地4建物0車位0,,,其他,,,,0.0,0,0,0,有,無,2604000,3200,,0.0,0,,RPTNMLPJRHJFFAX67DA
馬公市,土地,安宅段721~750地號,1017.16,,一般農業區,農牧用地,1030818,土地1建物0車位0,,,其他,,,,0.0,0,0,0,有,無,7980000,7845,,0.0,0,,RPUNMLPJRHJFFAX77DA
馬公市,房地(土地+建物)+車位,澎湖縣馬公巿三多路331~360號,28.83,住,,,1030814,土地1建物1車位1,八層,十四層,住宅大樓(11層含以上有電梯),見其他登記事項,鋼筋混凝土造,0950629,193.94,4,1,2,有,有,3760000,19387,坡道平面,0.0,0,,RPWNMLRLQHJFFAX28DA
馬公市,房地(土地+建物),澎湖縣馬公巿中華路91~120號,75.0,住,,,1030701,土地1建物1車位0,全,五層,透天厝,住商用,鋼筋混凝土造,0710622,281.0,7,2,5,有,無,9955000,35427,,0.0,0,親友、員工或其他特殊關係間之交易。,RPPNMLOKRHJFFAX27DA
馬公市,土地,東澳段61~90地號,148.99,住,,,1030822,土地1建物0車位0,,,其他,,,,0.0,0,0,0,有,無,7740000,51950,,0.0,0,,RPPNMLSLQHJFFAX67DA
馬公市,土地,五福段691~720地號,221.52,,一般農業區,甲種建築用地,1030710,土地2建物0車位0,,,其他,,,,0.0,0,0,0,有,無,8380000,37830,,0.0,0,農變建起造人變更含未來興建房屋價款,RPQNMLTLQHJFFAX87DA
馬公市,土地,案山段661~690地號,170.2,住,,,1030717,土地2建物0車位0,,,其他,,,,0.0,0,0,0,有,無,1800000,10576,,0.0,0,,RPXNMLRLQHJFFAX28CA
馬公市,土地,海堤段61~90地號,1736.38,,一般農業區,農牧用地,1030821,土地1建物0車位0,,,其他,,,,0.0,0,0,0,有,無,8400000,4838,,0.0,0,,RPOOMLRLQHJFFAX47CA
馬公市,房地(土地+建物),澎湖縣馬公巿林森路85巷1~30號,62.71,住,,,1030808,土地1建物1車位0,全,二層,透天厝,住家用,鋼筋混凝土加強空心磚造,0640912,71.4,4,2,2,有,無,2700000,37815,,0.0,0,,RPPOMLRLQHJFFAX57CA
馬公市,房地(土地+建物),澎湖縣馬公巿西衛361~390號,298.66,,一般農業區,甲種建築用地,1030805,土地2建物1車位0,全,三層,透天厝,住家用,鋼筋混凝土造,1030609,282.54,5,2,4,有,無,8500000,30084,,0.0,0,,RPSNMLSLQHJFFAX87CA
馬公市,土地,山水東段691~720地號,330.25,,一般農業區,農牧用地,1030825,土地1建物0車位0,,,其他,,,,0.0,0,0,0,有,無,2000000,6056,,0.0,0,,RPUNMLSLQHJFFAX08CA
馬公市,土地,五德東段391~420地號,296.77,,一般農業區,農牧用地,1030815,土地2建物0車位0,,,其他,,,,0.0,0,0,0,有,無,1800000,6065,,0.0,0,,RPTNMLTLQHJFFAX08CA
西嶼鄉,土地,內垵一段241~270地號,342.42,,森林區,農牧用地,1030816,土地1建物0車位0,,,其他,,,,0.0,0,0,0,有,無,621500,1815,,0.0,0,,RPSNMLMKRHJFFAX27CA
馬公市,土地,東澳段931~960地號,7.27,住,,,1030820,土地1建物0車位0,,,其他,,,,0.0,0,0,0,有,無,277096,38115,,0.0,0,,RPRNMLRKRHJFFAX67CA
馬公市,房地(土地+建物),澎湖縣馬公巿成功街1~30號,112.67,住,,,1030725,土地1建物1車位0,全,四層,透天厝,住商用,鋼筋混凝土造,1030613,326.66,4,2,5,有,無,16200000,49593,,0.0,0,,RPTNMLSLQHJFFAX08DA
馬公市,土地,安宅段1081~1110地號,46.2,,一般農業區,農牧用地,1030825,土地1建物0車位0,,,其他,,,,0.0,0,0,0,有,無,139700,3024,,0.0,0,,RPPNMLTLQHJFFAX77DA
白沙鄉,土地,下瓦硐段1321~1350地號,1228.57,,一般農業區,農牧用地,1030811,土地4建物0車位0,,,其他,,,,0.0,0,0,0,有,無,4600000,3744,,0.0,0,,RPQNMLOKRHJFFAX37DA
西嶼鄉,土地,大池角段2071~2100地號,320.0,,一般農業區,農牧用地,1030808,土地1建物0車位0,,,其他,,,,0.0,0,0,0,有,無,275200,860,,0.0,0,向政府機關承購之案件。,RPPNMLLJRHJFFAX96EA
湖西鄉,土地,龍門段421~450地號,635.0,,一般農業區,農牧用地,1030820,土地1建物0車位0,,,其他,,,,0.0,0,0,0,有,無,400000,630,,0.0,0,,RPPNMLQJIIJFFAX66EA
馬公市,土地,東澳段61~90地號,8.78,住,,,1030819,土地1建物0車位0,,,其他,,,,0.0,0,0,0,有,無,265000,30182,,0.0,0,,RPUNMLTLQHJFFAX28DA
白沙鄉,土地,吉貝西段1081~1110地號,2070.79,,一般農業區,遊憩用地,1030822,土地3建物0車位0,,,其他,,,,0.0,0,0,0,有,無,11324800,5469,,0.0,0,向縣政府承購土地,RPPNMLKKRHJFFAX86DA
西嶼鄉,土地,竹篙灣段2761~2790地號,533.0,,一般農業區,農牧用地,1030826,土地2建物0車位0,,,其他,,,,0.0,0,0,0,有,無,1191000,2235,,0.0,0,包含交通用地之交易。,RPPOMLRKRHJFFAX57CA
白沙鄉,土地,中屯段721~750地號,1160.0,,一般農業區,農牧用地,1030811,土地2建物0車位0,,,其他,,,,0.0,0,0,0,有,無,1500000,1293,,0.0,0,,RPQNMLPJRHJFFAX27CA
白沙鄉,土地,赤崁西段571~600地號,889.4,,一般農業區,農牧用地,1030808,土地3建物0車位0,,,其他,,,,0.0,0,0,0,有,無,1500000,1687,,0.0,0,,RPQNMLMKRHJFFAX07CA
馬公市,土地,東澳段871~900地號,98.34,住,,,1030820,土地2建物0車位0,,,其他,,,,0.0,0,0,0,有,無,3748229,38115,,0.0,0,,RPQNMLRKRHJFFAX57CA
馬公市,房地(土地+建物),澎湖縣馬公巿菜園1~30號,275.73,,一般農業區,甲種建築用地,1030805,土地1建物1車位0,全,二層,透天厝,住家用,加強磚造,0881007,157.76,4,1,2,有,無,1800000,11410,,0.0,0,親友、員工或其他特殊關係間之交易。,RPQNMLKKRHJFFAX96DA
湖西鄉,土地,隘門新段931~960地號,13754.92,,一般農業區,農牧用地,1030730,土地2建物0車位0,,,其他,,,,0.0,0,0,0,有,無,28000000,2036,,0.0,0,,RPPNMLNJRHJFFAX07DA
馬公市,土地,山水南段961~990地號,63.43,,鄉村區,乙種建築用地,1030807,土地1建物0車位0,,,其他,,,,0.0,0,0,0,有,無,818000,12896,,0.0,0,向政府機關承購之案件。,RPPNMLQLRHJFFAX67EA
馬公市,土地,山水南段241~270地號,214.96,,一般農業區,農牧用地,1030718,土地1建物0車位0,,,其他,,,,0.0,0,0,0,有,無,975300,4537,,0.0,0,,RPQNMLKMRHJFFAX07CA
馬公市,房地(土地+建物),澎湖縣馬公巿東文澳91~120號,51.17,,鄉村區,乙種建築用地,1030812,土地2建物1車位0,全,二層,透天厝,住家用,鋼筋混凝土加強磚造,0731211,97.6,2,1,1,有,無,618500,6337,,0.0,0,親友、員工或其他特殊關係間之交易。,RPSNMLNJIIJFFAX09CA
馬公市,房地(土地+建物)+車位,澎湖縣馬公巿三多路31~60號,54.15,住,,,1030712,土地2建物1車位2,六層,十層,華廈(10層含以下有電梯),住家用,鋼筋混凝土造,0850215,367.06,5,2,4,有,有,9100000,24792,坡道平面,0.0,0,,RPPNMLMKRHJFFAX96CA
馬公市,房地(土地+建物),澎湖縣馬公巿石泉361~390號,163.37,,一般農業區,甲種建築用地,1030820,土地2建物1車位0,全,三層,透天厝,住家用,鋼筋混凝土造,1020306,235.36,4,1,5,有,無,7620000,32376,,0.0,0,,RPQNMLOJRHJFFAX17CA
湖西鄉,土地,北寮新段91~120地號,903.12,,風景區,農牧用地,1030821,土地1建物0車位0,,,其他,,,,0.0,0,0,0,有,無,9828000,10882,,0.0,0,,RPPNMLNLRHJFFAX17CA
湖西鄉,土地,林投南段991~1020地號,238.6,,一般農業區,農牧用地,1030830,土地1建物0車位0,,,其他,,,,0.0,0,0,0,有,無,3000000,12573,,0.0,0,,RPTNMLOJRHJFFAX47CA
白沙鄉,土地,港子段541~570地號,429.0,,一般農業區,農牧用地,1030829,土地1建物0車位0,,,其他,,,,0.0,0,0,0,有,無,1816780,4235,,0.0,0,,RPUNMLOJRHJFFAX57CA
西嶼鄉,土地,竹篙灣段1351~1380地號,989.0,,一般農業區,農牧用地,1030821,土地1建物0車位0,,,其他,,,,0.0,0,0,0,有,無,2850000,2882,,0.0,0,,RPPNMLOJRHJFFAX07CA
馬公市,房地(土地+建物)+車位,澎湖縣馬公巿三多路451~480號,33.28,住,,,1030812,土地1建物1車位1,三層,七層,華廈(10層含以下有電梯),住家用,鋼筋混凝土造,0860710,180.42000000000002,4,1,2,有,有,4300000,23833,坡道平面,0.0,0,,RPUNMLKKRHJFFAX27CA
馬公市,土地,五福段541~570地號,203.34,,一般農業區,甲種建築用地,1030715,土地2建物0車位0,,,其他,,,,0.0,0,0,0,有,無,7600000,37376,,0.0,0,"農變建專案核准變更起造人,交易總價包括未興建房屋建築費用。",RPSNMLKMRHJFFAX27CA
湖西鄉,土地,湖東新段871~900地號,292.0,,一般農業區,農牧用地,1030828,土地1建物0車位0,,,其他,,,,0.0,0,0,0,有,無,1800000,6164,,0.0,0,,RPRNMLOJRHJFFAX37DA
湖西鄉,土地,成功南段931~960地號,1141.7,,一般農業區,農牧用地,1030901,土地1建物0車位0,,,其他,,,,0.0,0,0,0,有,無,2760000,2417,,0.0,0,,RPPNMLTJRHJFFAX67DA
馬公市,土地,中衛段961~990地號,912.0,農,,,1030826,土地1建物0車位0,,,其他,,,,0.0,0,0,0,有,無,8500000,9320,,0.0,0,,RPQNMLTJRHJFFAX77DA
西嶼鄉,土地,二崁南段1231~1260地號,791.54,,風景區,農牧用地,1030828,土地2建物0車位0,,,其他,,,,0.0,0,0,0,有,無,838000,1059,,0.0,0,,RPSNMLPJRHJFFAX57DA
馬公市,土地,東澳段571~600地號,1595.35,住,,,1030829,土地2建物0車位0,,,其他,,,,0.0,0,0,0,有,無,53000000,33222,,0.0,0,,RPSNMLKKRHJFFAX17DA
馬公市,土地,五福段511~540地號,2419.9,,一般農業區,農牧用地,1030825,土地1建物0車位0,,,其他,,,,0.0,0,0,0,有,無,185600000,76697,,0.0,0,權利人共10人含未來興建10戶之房屋價款,RPPNMLPJRHJFFAX17CA
湖西鄉,土地,白坑段721~750地號,699.04,,一般農業區,農牧用地,1030828,土地1建物0車位0,,,其他,,,,0.0,0,0,0,有,無,949000,1358,,0.0,0,,RPVNMLKKRHJFFAX37CA
馬公市,土地,五福段31~60地號,329.75,,一般農業區,農牧用地,1030829,土地1建物0車位0,,,其他,,,,0.0,0,0,0,有,無,6260000,18984,,0.0,0,,RPQNMLLJIIJFFAX78DA
馬公市,土地,東衛段721~750地號,167.99,,一般農業區,甲種建築用地,1030826,土地1建物0車位0,,,其他,,,,0.0,0,0,0,有,無,1270000,7560,,0.0,0,,RPXNMLSKRHJFFAX48DA
馬公市,土地,六合段601~630地號,920.51,農,,,1030820,土地1建物0車位0,,,其他,,,,0.0,0,0,0,有,無,15310000,16632,,0.0,0,,RPQOMLRKRHJFFAX67CA
西嶼鄉,土地,竹篙灣段1561~1590地號,34.33,,一般農業區,農牧用地,1030722,土地1建物0車位0,,,其他,,,,0.0,0,0,0,有,無,100000,2913,,0.0,0,賣方賣清價,RPRNMLKMRHJFFAX17CA
馬公市,房地(土地+建物),澎湖縣馬公巿西文澳91~120號,73.66,住,,,1030901,土地1建物1車位0,全,二層,透天厝,住家用,鋼筋混凝土加強磚造,0680606,77.88,3,2,2,有,無,3350000,43015,,0.0,0,賣清價格,RPQNMLLKRHJFFAX17EA
馬公市,土地,光華段271~300地號,1089.55,,一般農業區,農牧用地,1030830,土地1建物0車位0,,,其他,,,,0.0,0,0,0,有,無,2636000,2419,,0.0,0,,RPTNMLLKRHJFFAX27CA
馬公市,土地,中衛段391~420地號,196.12,工,,,1030829,土地1建物0車位0,,,其他,,,,0.0,0,0,0,有,無,9600000,48950,,0.0,0,,RPUNMLLKRHJFFAX37CA
馬公市,土地,四維段541~570地號,524.72,農,,,1030822,土地1建物0車位0,,,其他,,,,0.0,0,0,0,有,無,8100000,15437,,0.0,0,,RPTNMLMKRHJFFAX37CA
馬公市,土地,文化段361~390地號,146.59,住,,,1030826,土地1建物0車位0,,,其他,,,,0.0,0,0,0,有,無,2931800,20000,,0.0,0,親友、員工或其他特殊關係間之交易。,RPXNMLRKRHJFFAX38DA
馬公市,土地,鐵線段751~780地號,696.99,,一般農業區,農牧用地,1030901,土地2建物0車位0,,,其他,,,,0.0,0,0,0,有,無,2580000,3702,,0.0,0,,RPRNMLLJIIJFFAX88DA
白沙鄉,土地,鳥嶼段211~240地號,42.0,,鄉村區,乙種建築用地,1030903,土地1建物0車位0,,,其他,,,,0.0,0,0,0,有,無,176400,4200,,0.0,0,向政府機關承購之案件。,RPSNMLLKRHJFFAX27DA
白沙鄉,土地,通梁東段1~30地號,1018.2,,風景區,農牧用地,1030826,土地1建物0車位0,,,其他,,,,0.0,0,0,0,有,無,2360000,2318,,0.0,0,,RPVNMLLKRHJFFAX57DA
馬公市,土地,安宅段451~480地號,330.58,,一般農業區,農牧用地,1030812,土地1建物0車位0,,,其他,,,,0.0,0,0,0,有,無,500000,1512,,0.0,0,,RPWNMLLJIIJFFAX76DA
湖西鄉,土地,沙港北段1351~1380地號,1003.64,,一般農業區,農牧用地,1030829,土地1建物0車位0,,,其他,,,,0.0,0,0,0,有,無,7590000,7562,,0.0,0,,RPUNMLRKRHJFFAX97CA
馬公市,土地,井垵西段421~450地號,595.39,,一般農業區,農牧用地,1030903,土地1建物0車位0,,,其他,,,,0.0,0,0,0,有,無,2500000,4199,,0.0,0,,RPTNMLKMRHJFFAX37CA
馬公市,土地,安宅段751~780地號,217.18,,一般農業區,甲種建築用地,1030901,土地2建物0車位0,,,其他,,,,0.0,0,0,0,有,無,7500000,34534,,0.0,0,變更起造人，含未來興建房屋之費用。,RPVNMLRKRHJFFAX08CA
西嶼鄉,土地,竹篙灣段3481~3510地號,1234.0,,風景區,農牧用地,1030911,土地1建物0車位0,,,其他,,,,0.0,0,0,0,有,無,2350000,1904,,0.0,0,,RPRNMLOLRHJFFAX57DA
湖西鄉,土地,沙港南段631~660地號,310.09,,一般農業區,農牧用地,1030904,土地1建物0車位0,,,其他,,,,0.0,0,0,0,有,無,2680000,8643,,0.0,0,,RPWNMLRKRHJFFAX28DA
馬公市,土地,山水西段541~570地號,993.38,,一般農業區,農牧用地,1030802,土地1建物0車位0,,,其他,,,,0.0,0,0,0,有,無,3500000,3523,,0.0,0,,RPPNMLQKRHJFFAX47DA
湖西鄉,房地(土地+建物),澎湖縣湖西鄉港底121~150號,307.65,,一般農業區,甲種建築用地,1030818,土地2建物1車位0,全,三層,透天厝,住家用,鋼筋混凝土造,1011001,342.45,5,2,6,有,無,8960000,26164,,0.0,0,,RPUNMLTKRHJFFAX28DA
湖西鄉,土地,南寮北段121~150地號,755.18,,一般農業區,農牧用地,1030829,土地1建物0車位0,,,其他,,,,0.0,0,0,0,有,無,1500000,1986,,0.0,0,,RPTNMLRKRHJFFAX87CA
馬公市,房地(土地+建物)+車位,澎湖縣馬公巿文光路61~90號,16.98,其他,,,1030829,土地10建物1車位1,七層,十層,華廈(10層含以下有電梯),住家用,鋼筋混凝土造,0870723,176.75,4,2,2,有,有,5360000,30325,坡道平面,0.0,0,,RPTNMLMLRHJFFAX47CA
馬公市,房地(土地+建物),澎湖縣馬公巿漁隆路31~60號,41.0,商,,,1030909,土地1建物1車位0,全,四層,透天厝,住商用,鋼筋混凝土造,0660708,137.92,3,2,2,有,無,9800000,71056,,0.0,0,,RPQNMLPKRHJFFAX57EA
馬公市,土地,風櫃東段721~750地號,11.15,,一般農業區,甲種建築用地,1030911,土地1建物0車位0,,,其他,,,,0.0,0,0,0,有,無,50175,4500,,0.0,0,向政府機關承購之案件。,RPPNMLRKRHJFFAX67EA
馬公市,土地,山水東段91~120地號,946.2,,一般農業區,農牧用地,1030820,土地2建物0車位0,,,其他,,,,0.0,0,0,0,有,無,2600000,2748,,0.0,0,,RPUNMLKMRHJFFAX47CA
七美鄉,土地,七美二段931~960地號,22.52,,一般農業區,農牧用地,1030912,土地1建物0車位0,,,其他,,,,0.0,0,0,0,有,無,50000,2220,,0.0,0,全部費用由雙方各半分擔。土地增值稅＄5615元。,RPQNMLMJIIJFFAX78CA
馬公市,房地(土地+建物),澎湖縣馬公巿西文里西文澳91~120號,116.04,住,,,1030911,土地1建物1車位0,全,四層,透天厝,住家用,鋼筋混凝土造,1030731,331.18,5,2,6,有,無,13500000,40763,,0.0,0,,RPSNMLSKRHJFFAX87CA
馬公市,土地,六合段121~150地號,256.96,,一般農業區,甲種建築用地,1030815,土地2建物0車位0,,,其他,,,,0.0,0,0,0,有,無,12000000,46700,,0.0,0,農變建之起造人變更案件含未來興建房屋價款,RPRNMLNLRHJFFAX37CA
馬公市,房地(土地+建物),澎湖縣馬公巿西文里西文澳91~120號,121.72,住,,,1030911,土地1建物1車位0,全,四層,透天厝,住家用,鋼筋混凝土造,1030731,332.07,5,2,6,有,無,12880000,38787,,0.0,0,,RPUNMLSKRHJFFAX08CA
馬公市,土地,五福段811~840地號,227.64,,一般農業區,農牧用地,1030825,土地1建物0車位0,,,其他,,,,0.0,0,0,0,有,無,8980000,39448,,0.0,0,含未來興建1戶之房屋價款,RPSNMLMLRHJFFAX47DA
馬公市,房地(土地+建物),澎湖縣馬公巿信義路1~30號,55.0,住,,,1030813,土地1建物1車位0,全,二層,透天厝,住家用,鋼筋混凝土加強磚造,0660829,76.38,3,1,1,有,無,4800000,62844,,0.0,0,,RPVNMLSKRHJFFAX28DA
馬公市,土地,文寮段721~750地號,197.75,,一般農業區,甲種建築用地,1030828,土地2建物0車位0,,,其他,,,,0.0,0,0,0,有,無,7000000,35398,,0.0,0,農地變更為建地案件含未完成建築物價格,RPQNMLOLRHJFFAX47DA
湖西鄉,土地,隘門新段1171~1200地號,788.94,,一般農業區,農牧用地,1030909,土地3建物0車位0,,,其他,,,,0.0,0,0,0,有,無,749494,950,,0.0,0,,RPQNMLSJIIJFFAX86DA
西嶼鄉,土地,小池角段2101~2130地號,627.33,,一般農業區,農牧用地,1030906,土地1建物0車位0,,,其他,,,,0.0,0,0,0,有,無,1230000,1961,,0.0,0,,RPRNMLTKRHJFFAX97DA
馬公市,房地(土地+建物)+車位,澎湖縣馬公巿三多路331~360號,30.98,住,,,1030910,土地2建物1車位1,十三層,十四層,住宅大樓(11層含以上有電梯),見其他登記事項,鋼筋混凝土造,0950710,190.31,3,2,2,有,有,3860000,20283,坡道平面,0.0,0,,RPSNMLTKRHJFFAX97CA
馬公市,房地(土地+建物),澎湖縣馬公巿西文里西文澳91~120號,118.76,住,,,1030911,土地1建物1車位0,全,四層,透天厝,住家用,鋼筋混凝土造,1030731,350.2,6,2,7,有,無,12800000,36551,,0.0,0,,RPTNMLSKRHJFFAX97CA
馬公市,土地,四維段871~900地號,217.94,,鄉村區,乙種建築用地,1030827,土地1建物0車位0,,,其他,,,,0.0,0,0,0,有,無,7580000,34780,,0.0,0,,RPPNMLSKRHJFFAX57CA
馬公市,土地,五德西段91~120地號,946.41,,一般農業區,農牧用地,1030821,土地2建物0車位0,,,其他,,,,0.0,0,0,0,有,無,4290000,4533,,0.0,0,,RPPNMLMLRHJFFAX07CA
湖西鄉,房地(土地+建物),澎湖縣湖西鄉鼎灣61~90號,246.7,,一般農業區,甲種建築用地,1030903,土地3建物1車位0,全,三層,透天厝,住家用,鋼筋混凝土造,0900817,192.58,4,3,2,有,無,5200000,27002,,0.0,0,,RPPNMLTKRHJFFAX67CA
白沙鄉,土地,瓦硐段1591~1620地號,2034.0,,一般農業區,農牧用地,1030903,土地1建物0車位0,,,其他,,,,0.0,0,0,0,有,無,4960000,2439,,0.0,0,,RPVNMLKMRHJFFAX57CA
馬公市,土地,井垵西段1291~1320地號,611.02,,一般農業區,農牧用地,1030909,土地1建物0車位0,,,其他,,,,0.0,0,0,0,有,無,2000000,3273,,0.0,0,,RPRNMLQLRHJFFAX67CA
湖西鄉,土地,隘門新段1171~1200地號,1267.06,,一般農業區,農牧用地,1030909,土地3建物0車位0,,,其他,,,,0.0,0,0,0,有,無,1203708,950,,0.0,0,,RPPNMLSJIIJFFAX76DA
望安鄉,土地,望安段1081~1110地號,48.75,,鄉村區,乙種建築用地,1030901,土地1建物0車位0,,,其他,,,,0.0,0,0,0,有,無,78000,1600,,0.0,0,,RPPNMLNKIIJFFAX09EA
西嶼鄉,土地,二崁南段1321~1350地號,585.7,,風景區,農牧用地,1030909,土地1建物0車位0,,,其他,,,,0.0,0,0,0,有,無,1564942,2672,,0.0,0,,RPPNMLPLRHJFFAX37CA
七美鄉,土地,大嶼段5461~5490地號,553.0,,一般農業區,農牧用地,1030826,土地1建物0車位0,,,其他,,,,0.0,0,0,0,有,無,380000,687,,0.0,0,畸零地或有合併使用之交易。,RPXNMLLJIIJFFAX76CA
湖西鄉,土地,湖西北段961~990地號,354.11,,一般農業區,農牧用地,1030915,土地1建物0車位0,,,其他,,,,0.0,0,0,0,有,無,420000,1186,,0.0,0,,RPRNMLMLRHJFFAX27CA
湖西鄉,土地,城北段1111~1140地號,611.66,,一般農業區,農牧用地,1030912,土地1建物0車位0,,,其他,,,,0.0,0,0,0,有,無,850000,1390,,0.0,0,,RPTNMLNLRHJFFAX57CA
馬公市,土地,光華段271~300地號,1089.55,,一般農業區,農牧用地,1030912,土地1建物0車位0,,,其他,,,,0.0,0,0,0,有,無,4600000,4222,,0.0,0,,RPVNMLNLRHJFFAX77CA
馬公市,房地(土地+建物)+車位,澎湖縣馬公巿三多路391~420號,15.64,商,,,1030904,土地1建物1車位1,六層,十層,華廈(10層含以下有電梯),住家用,鋼筋混凝土造,0850308,138.45,3,2,2,有,有,4200000,30336,坡道機械,0.0,0,,RPPNMLOLRHJFFAX27CA
馬公市,土地,海堤段1171~1200地號,69.13,住,,,1030826,土地1建物0車位0,,,其他,,,,0.0,0,0,0,有,無,918300,13284,,0.0,0,,RPSNMLOLRHJFFAX57CA
馬公市,土地,文東段1831~1860地號,3364.76,,一般農業區,農牧用地,1021230,土地1建物0車位0,,,其他,,,,0.0,0,0,0,有,無,43246280,12853,,0.0,0,,RPPNMLMJIIJFFAX68CA
馬公市,房地(土地+建物),澎湖縣馬公巿三多路391~420號,6.12,商,,,1030909,土地1建物1車位0,四層,十層,華廈(10層含以下有電梯),住家用,鋼筋混凝土造,0850308,54.17999999999999,1,1,1,有,有,1880000,34699,,0.0,0,,RPQNMLQLRHJFFAX57CA
馬公市,土地,五福段541~570地號,203.28,,一般農業區,甲種建築用地,1030910,土地2建物0車位0,,,其他,,,,0.0,0,0,0,有,無,8260000,40634,,0.0,0,"農變建專案核准變更起造人,交易總價包括未興建房屋建築費用。",RPWNMLKMRHJFFAX67CA
馬公市,房地(土地+建物),澎湖縣馬公巿樂群街17巷1~30號,71.21,住,,,1030912,土地1建物1車位0,全,二層,透天厝,住家用,鋼筋混凝土加強磚造,0701103,85.6,3,1,2,有,無,4420000,51636,,0.0,0,,RPXNMLKMRHJFFAX77CA
湖西鄉,土地,南寮南段901~930地號,805.8,,一般農業區,農牧用地,1030915,土地1建物0車位0,,,其他,,,,0.0,0,0,0,有,無,1000000,1241,,0.0,0,,RPQNMLNLRHJFFAX37DA
湖西鄉,房地(土地+建物),澎湖縣湖西鄉西溪村6鄰西溪1~30號,54.4,,鄉村區,乙種建築用地,1030915,土地1建物1車位0,全,一層,透天厝,住家用,見其他登記事項,0280101,12.18,3,1,2,有,無,160000,13136,,0.0,0,,RPUNMLNLRHJFFAX77DA
馬公市,土地,東衛段331~360地號,701.6,,一般農業區,農牧用地,1030911,土地1建物0車位0,,,其他,,,,0.0,0,0,0,有,無,4600000,6556,,0.0,0,,RPPNMLOJIIJFFAX98DA
西嶼鄉,土地,外垵二段661~690地號,703.09,,一般農業區,農牧用地,1030915,土地1建物0車位0,,,其他,,,,0.0,0,0,0,有,無,520000,740,,0.0,0,,RPSNMLLJIIJFFAX98DA
馬公市,土地,光榮段121~150地號,384.79,其他,,,1030827,土地1建物0車位0,,,其他,,,,0.0,0,0,0,有,無,6169094,16032,,0.0,0,,RPQNMLPLRHJFFAX47CA
馬公市,土地,海堤段31~60地號,781.33,,一般農業區,農牧用地,1030919,土地1建物0車位0,,,其他,,,,0.0,0,0,0,有,無,2600000,3328,,0.0,0,,RPWNMLNKIIJFFAX96CA
馬公市,土地,文東段1771~1800地號,631.93,,一般農業區,農牧用地,1030907,土地1建物0車位0,,,其他,,,,0.0,0,0,0,有,無,2293800,3630,,0.0,0,,RPUNMLNKIIJFFAX76CA
馬公市,土地,興仁段751~780地號,991.72,,一般農業區,農牧用地,1030910,土地1建物0車位0,,,其他,,,,0.0,0,0,0,有,無,2999000,3024,,0.0,0,,RPQNMLTLRHJFFAX87CA
馬公市,房地(土地+建物),澎湖縣馬公巿成功街1~30號,112.28,住,,,1030729,土地1建物1車位0,全,四層,透天厝,住商用,鋼筋混凝土造,1030613,325.89,4,2,5,有,無,16600000,50937,,0.0,0,,RPOOMLLJIIJFFAX58CA
湖西鄉,土地,湖西南段1201~1230地號,366.9,,一般農業區,農牧用地,1030919,土地1建物0車位0,,,其他,,,,0.0,0,0,0,有,無,990000,2698,,0.0,0,,RPQNMLTJIIJFFAX07EA
馬公市,土地,山水東段481~510地號,1226.32,,一般農業區,農牧用地,1030918,土地1建物0車位0,,,其他,,,,0.0,0,0,0,有,無,3600000,2936,,0.0,0,,RPQOMLKLIIJFFAX98DA
馬公市,土地,中衛段1201~1230地號,38.85,其他,,,1030923,土地1建物0車位0,,,其他,,,,0.0,0,0,0,有,無,330225,8500,,0.0,0,,RPSNMLTJIIJFFAX17DA
馬公市,土地,埕東段811~840地號,107.71,住,,,1030915,土地1建物0車位0,,,其他,,,,0.0,0,0,0,有,無,3231300,30000,,0.0,0,,RPTNMLMLIIJFFAX76DA
馬公市,土地,山水西段91~120地號,266.05,,鄉村區,乙種建築用地,1030918,土地1建物0車位0,,,其他,,,,0.0,0,0,0,有,無,3211000,12069,,0.0,0,親友、員工或其他特殊關係間之交易。,RPSNMLTLRHJFFAX28EA
馬公市,土地,山水東段421~450地號,875.86,,一般農業區,農牧用地,1030918,土地1建物0車位0,,,其他,,,,0.0,0,0,0,有,無,5880000,6713,,0.0,0,,RPPOMLKLIIJFFAX88DA
馬公市,土地,山水東段481~510地號,1542.07,,一般農業區,農牧用地,1030915,土地1建物0車位0,,,其他,,,,0.0,0,0,0,有,無,2880000,1868,,0.0,0,,RPPNMLLJIIJFFAX58CA
馬公市,土地,鐵線段571~600地號,417.44,,一般農業區,農牧用地,1030812,土地2建物0車位0,,,其他,,,,0.0,0,0,0,有,無,1638000,3924,,0.0,0,,RPTNMLQLRHJFFAX87CA
白沙鄉,土地,後寮段1801~1830地號,572.0,,一般農業區,農牧用地,1030915,土地1建物0車位0,,,其他,,,,0.0,0,0,0,有,無,690000,1206,,0.0,0,,RPRNMLPLRHJFFAX57CA
馬公市,房地(土地+建物),澎湖縣馬公巿石泉里1~30號,178.86,,一般農業區,甲種建築用地,1030917,土地2建物1車位0,全,三層,透天厝,住家用,鋼筋混凝土造,0950105,171.9,4,1,3,有,無,6535500,38019,,0.0,0,,RPTNMLRJIIJFFAX07DA
馬公市,房地(土地+建物),澎湖縣馬公巿朝陽路61~90號,127.54,住,,,1030919,土地4建物1車位0,六層,七層,華廈(10層含以下有電梯),住家用,鋼筋混凝土造,0830509,140.65,3,1,2,有,有,3200000,22752,,0.0,0,,RPVNMLLJIIJFFAX66DA
馬公市,土地,烏崁新段31~60地號,1412.85,,一般農業區,礦業用地,1030922,土地1建物0車位0,,,其他,,,,0.0,0,0,0,有,無,2260000,1600,,0.0,0,,RPPNMLKMRHJFFAX07DA
白沙鄉,房地(土地+建物),澎湖縣白沙鄉瓦硐61~90號,48.98,,鄉村區,乙種建築用地,1030915,土地1建物1車位0,全,一層,透天厝,住家用,見其他登記事項,,26.03,3,1,1,有,無,100000,3842,,0.0,0,親友、員工或其他特殊關係間之交易。,RPVNMLRJIIJFFAX17CA
馬公市,房地(土地+建物),澎湖縣馬公巿?頭掛61~90號,260.0,,鄉村區,乙種建築用地,1030917,土地1建物1車位0,全,二層,透天厝,住家用,加強磚造,0770523,95.7,3,2,2,有,無,2000000,20899,,0.0,0,,RPSNMLPKIIJFFAX96EA
馬公市,土地,北澳段721~750地號,230.48,住,,,1030826,土地3建物0車位0,,,其他,,,,0.0,0,0,0,有,無,8820470,38270,,0.0,0,向政府機關承購之案件。,RPRNMLTLRHJFFAX18EA
馬公市,土地,中衛段1201~1230地號,7.77,其他,,,1030923,土地1建物0車位0,,,其他,,,,0.0,0,0,0,有,無,66045,8500,,0.0,0,,RPTNMLTJIIJFFAX27DA
馬公市,土地,中衛段1201~1230地號,1.94,其他,,,1030923,土地1建物0車位0,,,其他,,,,0.0,0,0,0,有,無,16511,8511,,0.0,0,,RPUNMLTJIIJFFAX37DA
白沙鄉,土地,下瓦硐段871~900地號,511.88,,一般農業區,農牧用地,1030919,土地1建物0車位0,,,其他,,,,0.0,0,0,0,有,無,2680000,5236,,0.0,0,,RPTNMLLJIIJFFAX98CA
馬公市,房地(土地+建物),澎湖縣馬公巿西文澳31~60號,106.3,住,,,1030917,土地3建物1車位0,全,五層,透天厝,住家用,鋼筋混凝土造,0870327,207.17,4,2,2,有,無,6500000,31375,,0.0,0,,RPQNMLRLIIJFFAX86CA
白沙鄉,房地(土地+建物),澎湖縣白沙鄉大赤崁1~30號,173.92,,一般農業區,甲種建築用地,1030924,土地1建物1車位0,全,三層,透天厝,住商用,鋼筋混凝土造,1030415,240.14,4,2,2,有,無,6680000,27817,,0.0,0,,RPRNMLRLIIJFFAX96CA
白沙鄉,土地,鳥嶼段241~270地號,53.0,,鄉村區,乙種建築用地,1030926,土地1建物0車位0,,,其他,,,,0.0,0,0,0,有,無,243800,4600,,0.0,0,,RPUNMLLJIIJFFAX56DA
馬公市,土地,文寮段781~810地號,160.91,,一般農業區,農牧用地,1030919,土地1建物0車位0,,,其他,,,,0.0,0,0,0,有,無,210000,1305,,0.0,0,,RPPNMLNJIIJFFAX78CA
馬公市,土地,文石段481~510地號,829.23,,一般農業區,甲種建築用地,1030924,土地1建物0車位0,,,其他,,,,0.0,0,0,0,有,無,21068900,25408,,0.0,0,,RPOOMLKMRHJFFAX96CA
馬公市,土地,北澳段571~600地號,1559.82,,一般農業區,農牧用地,1030916,土地1建物0車位0,,,其他,,,,0.0,0,0,0,有,無,21700000,13912,,0.0,0,,RPPOMLKMRHJFFAX07CA
馬公市,房地(土地+建物),澎湖縣馬公巿石泉1~30號,122.38,,一般農業區,甲種建築用地,1030915,土地2建物1車位0,全,三層,透天厝,住家用,鋼筋混凝土造,0851018,185.11,4,1,4,有,無,6200000,33494,,0.0,0,,RPWOMLTJIIJFFAX57CA
馬公市,土地,中衛段1201~1230地號,1.94,其他,,,1030923,土地1建物0車位0,,,其他,,,,0.0,0,0,0,有,無,16511,8511,,0.0,0,,RPVNMLTJIIJFFAX47DA
馬公市,土地,中衛段1201~1230地號,1.94,其他,,,1030923,土地1建物0車位0,,,其他,,,,0.0,0,0,0,有,無,16511,8511,,0.0,0,,RPWNMLTJIIJFFAX57DA
馬公市,土地,北澳段661~690地號,0.74,住,,,1030912,土地1建物0車位0,,,其他,,,,0.0,0,0,0,有,無,130000,0,,0.0,0,1.買賣標的物為空地2.增值稅由買方支付,RPQNMLQKIIJFFAX66CA
湖西鄉,房地(土地+建物),澎湖縣湖西鄉龍門村良文港1~30號,191.29,,鄉村區,乙種建築用地,1030926,土地1建物1車位0,全,一層,透天厝,住家用,見其他登記事項,,122.31,4,1,1,有,無,1200000,9811,,0.0,0,,RPRNMLKLIIJFFAX88CA
湖西鄉,土地,隘門新段781~810地號,422.68,,一般農業區,農牧用地,1030915,土地2建物0車位0,,,其他,,,,0.0,0,0,0,有,無,1278600,3025,,0.0,0,,RPQNMLNJIIJFFAX88CA
馬公市,土地,鐵線段511~540地號,338.87,,一般農業區,農牧用地,1030924,土地1建物0車位0,,,其他,,,,0.0,0,0,0,有,無,920000,2715,,0.0,0,,RPRNMLNJIIJFFAX98CA
馬公市,土地,風櫃西段301~330地號,617.62,,一般農業區,農牧用地,1030922,土地1建物0車位0,,,其他,,,,0.0,0,0,0,有,無,1750000,2833,,0.0,0,,RPTNMLNJIIJFFAX56CA
馬公市,土地,五福段91~120地號,225.89,,一般農業區,甲種建築用地,1030924,土地2建物0車位0,,,其他,,,,0.0,0,0,0,有,無,7460000,33025,,0.0,0,,RPWNMLSLIIJFFAX57CA
馬公市,土地,山水西段301~330地號,1210.24,,一般農業區,殯葬用地,1030921,土地3建物0車位0,,,其他,,,,0.0,0,0,0,有,無,3660000,3024,,0.0,0,,RPPNMLTJIIJFFAX76CA
馬公市,土地,文寮段151~180地號,1149.25,,一般農業區,農牧用地,1030923,土地1建物0車位0,,,其他,,,,0.0,0,0,0,有,無,3470000,3019,,0.0,0,,RPROMLKLIIJFFAX98CA
白沙鄉,土地,通梁中段1021~1050地號,266.75,住,,,1030806,土地1建物0車位0,,,其他,,,,0.0,0,0,0,有,無,2000000,7498,,0.0,0,,RPSNMLPKIIJFFAX76CA
馬公市,土地,中衛段1201~1230地號,1.94,其他,,,1030923,土地1建物0車位0,,,其他,,,,0.0,0,0,0,有,無,16511,8511,,0.0,0,,RPXNMLTJIIJFFAX67DA
馬公市,土地,中衛段1201~1230地號,7.77,其他,,,1030923,土地1建物0車位0,,,其他,,,,0.0,0,0,0,有,無,66045,8500,,0.0,0,,RPOOMLTJIIJFFAX86DA
馬公市,土地,中衛段1201~1230地號,38.85,其他,,,1030923,土地1建物0車位0,,,其他,,,,0.0,0,0,0,有,無,330225,8500,,0.0,0,,RPPOMLTJIIJFFAX96DA
馬公市,土地,中衛段1201~1230地號,7.77,其他,,,1030923,土地1建物0車位0,,,其他,,,,0.0,0,0,0,有,無,66045,8500,,0.0,0,,RPQOMLTJIIJFFAX07DA
馬公市,土地,中衛段1201~1230地號,7.77,其他,,,1030923,土地1建物0車位0,,,其他,,,,0.0,0,0,0,有,無,66045,8500,,0.0,0,,RPROMLTJIIJFFAX17DA
馬公市,土地,馬公段2401~2430地號,10.0,商,,,1030813,土地1建物0車位0,,,其他,,,,0.0,0,0,0,有,無,1121100,112110,,0.0,0,向政府機關承購之案件。,RPRNMLLLIIJFFAX56EA
馬公市,房地(土地+建物),澎湖縣馬公巿光復路211~240號,34.31,住,,,1030901,土地1建物1車位0,七層,七層,華廈(10層含以下有電梯),住家用,鋼筋混凝土造,0811128,143.28,3,2,2,有,無,6800000,47460,,0.0,0,,RPSOMLKLIIJFFAX09CA
馬公市,土地,文澳段2401~2430地號,414.0,住,,,1030916,土地1建物0車位0,,,其他,,,,0.0,0,0,0,有,無,16654120,40227,,0.0,0,,RPTNMLSJIIJFFAX17DA
馬公市,土地,文澳段2401~2430地號,100.0,住,,,1030917,土地1建物0車位0,,,其他,,,,0.0,0,0,0,有,無,3993000,39930,,0.0,0,,RPVNMLSJIIJFFAX37DA
馬公市,土地,東衛段1471~1500地號,55.46,,鄉村區,乙種建築用地,1030930,土地1建物0車位0,,,其他,,,,0.0,0,0,0,有,無,251600,4537,,0.0,0,,RPQNMLQJIIJFFAX66DA
白沙鄉,土地,鳥嶼段241~270地號,70.0,,,,1030918,土地1建物0車位0,,,其他,,,,0.0,0,0,0,有,無,245000,3500,,0.0,0,向政府機關承購之案件。,RPQNMLRJIIJFFAX76DA
白沙鄉,土地,鳥嶼段211~240地號,56.0,,,,1030929,土地1建物0車位0,,,其他,,,,0.0,0,0,0,有,無,257600,4600,,0.0,0,向政府機關承購之案件。,RPRNMLRJIIJFFAX86DA
馬公市,土地,東衛段721~750地號,166.95,,一般農業區,甲種建築用地,1030826,土地1建物0車位0,,,其他,,,,0.0,0,0,0,有,無,1270000,7607,,0.0,0,,RPUNMLRJIIJFFAX17DA
馬公市,土地,光華段511~540地號,242.6,,一般農業區,甲種建築用地,1030915,土地2建物0車位0,,,其他,,,,0.0,0,0,0,有,無,7660000,31575,,0.0,0,變更起造人，含未來興建房屋之費用。,RPQNMLMLIIJFFAX98CA
湖西鄉,土地,沙港北段181~210地號,790.29,,一般農業區,農牧用地,1030930,土地2建物0車位0,,,其他,,,,0.0,0,0,0,有,無,8900000,11262,,0.0,0,,RPRNMLNKIIJFFAX09CA
馬公市,房地(土地+建物)+車位,澎湖縣馬公巿貿商街121~150號,30.6,住,,,1030923,土地2建物1車位1,二層,十四層,住宅大樓(11層含以上有電梯),見其他登記事項,鋼筋混凝土造,0950710,187.96,3,1,2,有,有,4260000,22664,坡道平面,0.0,0,,RPVOMLTJIIJFFAX47CA
馬公市,土地,五福段691~720地號,221.84,,一般農業區,甲種建築用地,1030902,土地2建物0車位0,,,其他,,,,0.0,0,0,0,有,無,8500000,38316,,0.0,0,農變建之起造人變更含未來興建房屋價款,RPPNMLRJIIJFFAX56CA
馬公市,土地,中衛段1201~1230地號,38.85,其他,,,1030926,土地1建物0車位0,,,其他,,,,0.0,0,0,0,有,無,330225,8500,,0.0,0,,RPSOMLTJIIJFFAX27DA
馬公市,土地,文光段991~1020地號,93.94,住,,,1030919,土地1建物0車位0,,,其他,,,,0.0,0,0,0,有,無,3183645,33890,,0.0,0,親友、員工或其他特殊關係間之交易。,RPPNMLPKIIJFFAX56DA
馬公市,土地,中衛段1201~1230地號,38.85,其他,,,1030926,土地1建物0車位0,,,其他,,,,0.0,0,0,0,有,無,330225,8500,,0.0,0,,RPTOMLTJIIJFFAX37DA
湖西鄉,房地(土地+建物),澎湖縣湖西鄉隘門1~30號,54.84,,鄉村區,乙種建築用地,1030818,土地1建物1車位0,全,一層,透天厝,住家用,見其他登記事項,,31.22,2,1,1,有,無,420000,13453,,0.0,0,共有人承購親友、員工或其他特殊關係間之交易。親友、員工或其他特殊關係間之交易。,RPSNMLNKIIJFFAX66DA
馬公市,房地(土地+建物),澎湖縣馬公巿石泉151~180號,171.38,,一般農業區,甲種建築用地,1030926,土地3建物1車位0,全,三層,透天厝,住家用,鋼筋混凝土造,0961015,204.79,4,2,3,有,無,7800000,38088,,0.0,0,,RPQNMLOKIIJFFAX56DA
馬公市,土地,山水東段361~390地號,444.02,,一般農業區,農牧用地,1031007,土地1建物0車位0,,,其他,,,,0.0,0,0,0,有,無,671580,1512,,0.0,0,親友、員工或其他特殊關係間之交易。,RPOOMLSJIIJFFAX86EA
白沙鄉,土地,港子段541~570地號,145.0,,一般農業區,農牧用地,1030923,土地1建物0車位0,,,其他,,,,0.0,0,0,0,有,無,614000,4234,,0.0,0,,RPUOMLTJIIJFFAX37CA
西嶼鄉,土地,小池角段3421~3450地號,306.0,,鄉村區,乙種建築用地,1030922,土地1建物0車位0,,,其他,,,,0.0,0,0,0,有,無,200000,654,,0.0,0,親友關係間之交易。含未登記建物。,RPXNMLNLIIJFFAX17CA
馬公市,土地,鎖港西段991~1020地號,399.18,住,,,1030912,土地1建物0車位0,,,其他,,,,0.0,0,0,0,有,無,4650000,11649,,0.0,0,,RPTNMLLLIIJFFAX56CA
馬公市,土地,四維段151~180地號,689.92,農,,,1030930,土地1建物0車位0,,,其他,,,,0.0,0,0,0,有,無,12180000,17654,,0.0,0,,RPTNMLNKIIJFFAX66CA
馬公市,土地,文東段1771~1800地號,174.8,,一般農業區,農牧用地,1030922,土地1建物0車位0,,,其他,,,,0.0,0,0,0,有,無,2253720,12893,,0.0,0,,RPQNMLNKIIJFFAX98CA
湖西鄉,土地,隘門新段1051~1080地號,596.47,,一般農業區,農牧用地,1030922,土地1建物0車位0,,,其他,,,,0.0,0,0,0,有,無,956000,1603,,0.0,0,,RPVNMLNKIIJFFAX86CA
湖西鄉,土地,林投南段1261~1290地號,1923.68,,風景區,農牧用地,1031006,土地1建物0車位0,,,其他,,,,0.0,0,0,0,有,無,30840000,16032,,0.0,0,,RPPNMLOKIIJFFAX98CA
馬公市,土地,四維段391~420地號,308.06,農,,,1031007,土地1建物0車位0,,,其他,,,,0.0,0,0,0,有,無,5123800,16632,,0.0,0,,RPSNMLQKIIJFFAX86CA
馬公市,土地,鐵線段511~540地號,338.87,,一般農業區,農牧用地,1031002,土地1建物0車位0,,,其他,,,,0.0,0,0,0,有,無,1230000,3630,,0.0,0,,RPVNMLKLIIJFFAX66CA
馬公市,土地,中衛段1651~1680地號,1271.08,,一般農業區,農牧用地,1030926,土地1建物0車位0,,,其他,,,,0.0,0,0,0,有,無,6920000,5444,,0.0,0,,RPPNMLSKIIJFFAX86DA
馬公市,房地(土地+建物),澎湖縣馬公巿鎖管港931~960號,63.81,商,,,1030922,土地1建物1車位0,全,二層,透天厝,住家用,鋼筋混凝土加強磚造,0730417,117.92,4,2,2,有,無,500000,4240,,0.0,0,親友、員工或其他特殊關係間之交易。共有人2人,RPQNMLPKIIJFFAX66DA
馬公市,土地,山水東段571~600地號,1658.76,,一般農業區,農牧用地,1030906,土地2建物0車位0,,,其他,,,,0.0,0,0,0,有,無,10035000,6050,,0.0,0,,RPPNMLQKIIJFFAX66DA
馬公市,房地(土地+建物),澎湖縣馬公巿林森路61~90號,30.89,住,,,1030925,土地1建物1車位0,二層,七層,華廈(10層含以下有電梯),住家用,鋼筋混凝土造,0870925,154.62,3,2,2,有,無,4380000,28328,,0.0,0,,RPTOMLKLIIJFFAX56CA
馬公市,土地,山水北段721~750地號,465.45,,一般農業區,農牧用地,1031007,土地1建物0車位0,,,其他,,,,0.0,0,0,0,有,無,2190000,4705,,0.0,0,,RPPNMLLLIIJFFAX78CA
馬公市,土地,中衛段781~810地號,169.9,農,,,1030903,土地1建物0車位0,,,其他,,,,0.0,0,0,0,有,無,475724,2800,,0.0,0,原因：1.親屬間買賣。2.權利人有兩人。,RPRNMLRKIIJFFAX86CA
湖西鄉,土地,葉新段391~420地號,383.11,,風景區,農牧用地,1030820,土地1建物0車位0,,,其他,,,,0.0,0,0,0,有,無,1700000,4437,,0.0,0,,RPRNMLQKIIJFFAX76CA
馬公市,土地,東衛段1651~1680地號,708.26,,一般農業區,農牧用地,1031007,土地1建物0車位0,,,其他,,,,0.0,0,0,0,有,無,22590000,31895,,0.0,0,"含未興建完成之建物,權利人有三人",RPVNMLRLIIJFFAX37CA
馬公市,房地(土地+建物)+車位,澎湖縣馬公巿五福路3巷31~60號,73.87,,鄉村區,乙種建築用地,1030929,土地5建物1車位1,二層,五層,公寓(5樓含以下無電梯),住家用,鋼筋混凝土造,0850423,148.61999999999998,4,2,2,有,無,4190000,28193,一樓平面,0.0,0,,RPQNMLQJJIJFFAX66CA
馬公市,房地(土地+建物),澎湖縣馬公巿西衛271~300號,34.29,,一般農業區,甲種建築用地,1030910,土地1建物1車位0,三層,五層,華廈(10層含以下有電梯),住家用,鋼筋混凝土造,0841230,83.41,3,1,2,有,無,2600000,31171,,0.0,0,,RPTNMLSJJIJFFAX17CA
白沙鄉,土地,港尾段1051~1080地號,480.0,,,,1031013,土地1建物0車位0,,,其他,,,,0.0,0,0,0,有,無,650000,1354,,0.0,0,親友、員工或其他特殊關係間之交易。,RPWNMLKKJIJFFAX76CA
西嶼鄉,土地,竹篙灣段2941~2970地號,1052.5,,一般農業區,農牧用地,1030915,土地1建物0車位0,,,其他,,,,0.0,0,0,0,有,無,1270000,1207,,0.0,0,,RPSNMLRLIIJFFAX07CA
湖西鄉,土地,林投北段661~690地號,2090.09,,一般農業區,農牧用地,1031013,土地1建物0車位0,,,其他,,,,0.0,0,0,0,有,無,3300000,1579,,0.0,0,,RPPNMLKLIIJFFAX68CA
馬公市,土地,雙湖段211~240地號,183.28,,鄉村區,乙種建築用地,1031007,土地1建物0車位0,,,其他,,,,0.0,0,0,0,有,無,3000000,16368,,0.0,0,,RPWNMLKLIIJFFAX76CA
馬公市,土地,興仁段361~390地號,271.0,,鄉村區,乙種建築用地,1031008,土地2建物0車位0,,,其他,,,,0.0,0,0,0,有,無,2180000,8044,,0.0,0,,RPPNMLRKIIJFFAX76DA
馬公市,土地,東衛段961~990地號,203.98,,一般農業區,甲種建築用地,1031001,土地2建物0車位0,,,其他,,,,0.0,0,0,0,有,無,7880000,38631,,0.0,0,含未來興建房屋之建築費用,RPPNMLLKJIJFFAX88DA
馬公市,土地,鎖港西段91~120地號,43.54,住,,,1031004,土地1建物0車位0,,,其他,,,,0.0,0,0,0,有,無,354140,8134,,0.0,0,,RPSNMLMLIIJFFAX66DA
馬公市,土地,文寮段721~750地號,209.2,,一般農業區,農牧用地,1031009,土地1建物0車位0,,,其他,,,,0.0,0,0,0,有,無,504000,2409,,0.0,0,,RPXNMLKLIIJFFAX86CA
馬公市,土地,文寮段721~750地號,453.56,,一般農業區,農牧用地,1031007,土地1建物0車位0,,,其他,,,,0.0,0,0,0,有,無,1644000,3625,,0.0,0,,RPOOMLKLIIJFFAX68CA
馬公市,土地,烏崁新段1501~1530地號,1027.09,,鄉村區,遊憩用地,1031007,土地2建物0車位0,,,其他,,,,0.0,0,0,0,有,無,10000000,9736,,0.0,0,,RPQNMLLLIIJFFAX88CA
馬公市,土地,中衛段1591~1620地號,454.61,,一般農業區,農牧用地,1031009,土地1建物0車位0,,,其他,,,,0.0,0,0,0,有,無,3090000,6797,,0.0,0,,RPUNMLKLIIJFFAX56CA
馬公市,土地,四維段181~210地號,89.71,,一般農業區,農牧用地,1031013,土地1建物0車位0,,,其他,,,,0.0,0,0,0,有,無,1356900,15125,,0.0,0,,RPVNMLLLIIJFFAX76CA
馬公市,土地,安宅段1081~1110地號,323.42,,一般農業區,農牧用地,1031002,土地1建物0車位0,,,其他,,,,0.0,0,0,0,有,無,1381960,4273,,0.0,0,,RPQNMLKLIIJFFAX78CA
七美鄉,土地,七美二段811~840地號,57.93,,鄉村區,乙種建築用地,1030923,土地1建物0車位0,,,其他,,,,0.0,0,0,0,有,無,637230,11000,,0.0,0,,RPPNMLOJJIJFFAX98CA
馬公市,土地,馬公段1081~1110地號,61.0,商,,,1031009,土地1建物0車位0,,,其他,,,,0.0,0,0,0,有,無,6100000,100000,,0.0,0,向政府機關承購之案件。,RPWNMLOJJIJFFAX07CA
馬公市,土地,五福段271~300地號,189.59,,一般農業區,甲種建築用地,1030919,土地2建物0車位0,,,其他,,,,0.0,0,0,0,有,無,7880000,41563,,0.0,0,"農變建專案核准變更起造人,交易總價包括未興建房屋建築費用。",RPPNMLKKJIJFFAX68CA
馬公市,房地(土地+建物),澎湖縣馬公巿文光路25巷1~30號,46.7,住,,,1031001,土地1建物1車位0,全,二層,透天厝,住家用,鋼筋混凝土加強磚造,0680728,61.59,3,1,1,有,無,1700000,27602,,0.0,0,親友、員工或其他特殊關係間之交易。,RPPNMLPLIIJFFAX56CA
馬公市,房地(土地+建物),澎湖縣馬公巿三多路146巷1~30號,37.59,住,,,1031006,土地1建物1車位0,全,二層,透天厝,住家用,鋼筋混凝土加強空心磚造,0640617,55.44,3,2,1,有,無,3200000,57720,,0.0,0,,RPUNMLNLIIJFFAX86CA
馬公市,土地,埕東段1~30地號,0.52,住,,,1031008,土地1建物0車位0,,,其他,,,,0.0,0,0,0,有,無,15700,0,,0.0,0,,RPSNMLKLIIJFFAX98CA
馬公市,土地,五福段541~570地號,363.67,,一般農業區,甲種建築用地,1030925,土地3建物0車位0,,,其他,,,,0.0,0,0,0,有,無,15800000,43446,,0.0,0,含未來興建房屋價款,RPTNMLKLIIJFFAX09CA
馬公市,土地,文寮段31~60地號,1938.17,,一般農業區,農牧用地,1030910,土地1建物0車位0,,,其他,,,,0.0,0,0,0,有,無,13800000,7120,,0.0,0,,RPWNMLLLIIJFFAX86CA
馬公市,房地(土地+建物),澎湖縣馬公巿陽明路61~90號,22.26,住,,,1030929,土地2建物1車位0,四層,七層,華廈(10層含以下有電梯),住家用,鋼筋混凝土造,0880515,128.66,3,1,2,有,無,4500000,34976,,0.0,0,,RPXNMLLLIIJFFAX96CA
白沙鄉,土地,吉貝東段781~810地號,747.34,,一般農業區,農牧用地,1031001,土地1建物0車位0,,,其他,,,,0.0,0,0,0,有,無,800000,1070,,0.0,0,,RPPNMLMLIIJFFAX88CA
馬公市,土地,四維段391~420地號,1610.24,,一般農業區,農牧用地,1030908,土地1建物0車位0,,,其他,,,,0.0,0,0,0,有,無,70500000,43782,,0.0,0,"共有人8人。6戶總價。農變建專案核准,交易總價包括未興建房屋建築費用。",RPUOMLKLIIJFFAX66CA
馬公市,土地,雙湖段961~990地號,345.0,,一般農業區,農牧用地,1030910,土地1建物0車位0,,,其他,,,,0.0,0,0,0,有,無,2600000,7536,,0.0,0,,RPUNMLLLIIJFFAX66CA
馬公市,房地(土地+建物)+車位,澎湖縣馬公巿三多路391~420號,16.46,商,,,1030929,土地1建物1車位1,十層,十層,華廈(10層含以下有電梯),住家用,鋼筋混凝土造,0850308,146.38,3,2,2,有,有,3880000,26506,坡道機械,0.0,0,,RPOOMLOJJIJFFAX98CA
馬公市,土地,文東段1771~1800地號,664.83,,一般農業區,農牧用地,1031008,土地1建物0車位0,,,其他,,,,0.0,0,0,0,有,無,13600000,20456,,0.0,0,,RPPNMLSLIIJFFAX86CA
馬公市,土地,東衛段961~990地號,207.51,,一般農業區,甲種建築用地,1031001,土地2建物0車位0,,,其他,,,,0.0,0,0,0,有,無,7580000,36528,,0.0,0,包含未來興建房屋之建築費用,RPQNMLLKJIJFFAX98DA
馬公市,土地,虎井段1531~1560地號,100.0,,一般農業區,甲種建築用地,1031014,土地1建物0車位0,,,其他,,,,0.0,0,0,0,有,無,320000,3200,,0.0,0,,RPPNMLNLIIJFFAX09DA
馬公市,土地,虎井段1531~1560地號,100.0,,一般農業區,甲種建築用地,1031014,土地1建物0車位0,,,其他,,,,0.0,0,0,0,有,無,320000,3200,,0.0,0,,RPQNMLNLIIJFFAX56DA
馬公市,土地,安宅段31~60地號,5783.84,,一般農業區,農牧用地,1031007,土地56建物0車位0,,,其他,,,,0.0,0,0,0,有,無,7900000,1366,,0.0,0,親友、員工或其他特殊關係間之交易。,RPTNMLRLIIJFFAX27DA
湖西鄉,土地,許家段91~120地號,1193.96,,一般農業區,農牧用地,1031013,土地3建物0車位0,,,其他,,,,0.0,0,0,0,有,無,1500000,1256,,0.0,0,,RPRNMLMLIIJFFAX56DA
馬公市,房地(土地+建物),澎湖縣馬公巿西文澳61~90號,116.02,住,,,1030911,土地1建物1車位0,全,二層,透天厝,住家用,鋼筋混凝土造,0681224,117.64,3,1,2,有,無,5000000,42503,,0.0,0,,RPQNMLNJJIJFFAX56EA
西嶼鄉,土地,大池角段751~780地號,718.0,,一般農業區,農牧用地,1031009,土地1建物0車位0,,,其他,,,,0.0,0,0,0,有,無,651500,907,,0.0,0,,RPVNMLNLIIJFFAX96CA
馬公市,土地,安宅段751~780地號,215.84,,一般農業區,甲種建築用地,1031011,土地2建物0車位0,,,其他,,,,0.0,0,0,0,有,無,7450000,34516,,0.0,0,變更起造人，含未來興建房屋之費用。,RPWNMLNLIIJFFAX07CA
馬公市,房地(土地+建物),澎湖縣馬公巿三多路331~360號,27.0,住,,,1030904,土地1建物1車位0,一層,十四層,住宅大樓(11層含以上有電梯),商業用,鋼筋混凝土造,0950629,181.64,0,0,0,無,有,6600000,36336,,0.0,0,,RPVNMLRKJIJFFAX37CA
白沙鄉,房地(土地+建物),澎湖縣白沙鄉大赤崁361~390號,115.08,,鄉村區,乙種建築用地,1031008,土地1建物1車位0,全,三層,透天厝,住家用,鋼筋混凝土加強磚造,0750726,224.49,5,1,5,有,無,1000000,4455,,0.0,0,親友、員工或其他特殊關係間之交易。二等親買賣,RPQNMLSJJIJFFAX86CA
望安鄉,土地,望安段1381~1410地號,210.0,,一般農業區,農牧用地,1031009,土地1建物0車位0,,,其他,,,,0.0,0,0,0,有,無,600000,2857,,0.0,0,,RPRNMLNLIIJFFAX56CA
西嶼鄉,土地,二崁南段1321~1350地號,340.0,,風景區,丙種建築用地,1031008,土地1建物0車位0,,,其他,,,,0.0,0,0,0,有,無,1545000,4544,,0.0,0,,RPSNMLNLIIJFFAX66CA
白沙鄉,土地,後寮段1471~1500地號,699.0,,一般農業區,農牧用地,1030927,土地1建物0車位0,,,其他,,,,0.0,0,0,0,有,無,3170000,4535,,0.0,0,,RPTNMLNLIIJFFAX76CA
西嶼鄉,土地,內垵二段301~330地號,302.94,,一般農業區,農牧用地,1031002,土地6建物0車位0,,,其他,,,,0.0,0,0,0,有,無,313873,1036,,0.0,0,,RPQOMLRLIIJFFAX96CA
馬公市,土地,四維段361~390地號,182.9,農,,,1031016,土地1建物0車位0,,,其他,,,,0.0,0,0,0,有,無,2766438,15125,,0.0,0,,RPQNMLSLIIJFFAX07DA
馬公市,房地(土地+建物),澎湖縣馬公巿西文澳361~390號,311.73,農,,,1031009,土地1建物1車位0,一層，二層,二層,農舍,農舍,加強磚造,0950428,38.64,5,1,5,有,無,5500000,,,0.0,0,,RPPNMLTLIIJFFAX07DA
馬公市,土地,五福段1291~1320地號,727.69,,一般農業區,農牧用地,1030821,土地1建物0車位0,,,其他,,,,0.0,0,0,1,有,無,4000000,5497,,0.0,0,含增建或未登記建物。親友、員工或其他特殊關係間之交易。,RPQNMLPLIIJFFAX66CA
湖西鄉,土地,紅羅段901~930地號,131.25,,鄉村區,乙種建築用地,1031022,土地1建物0車位0,,,其他,,,,0.0,0,0,0,有,無,200000,1524,,0.0,0,土地總登記時，因同名同姓之關係，後代子孫請求返還登記之交易。,RPSNMLTLIIJFFAX27CA
白沙鄉,土地,通梁南段361~390地號,504.46,農,,,1031018,土地7建物0車位0,,,其他,,,,0.0,0,0,0,有,無,650000,1289,,0.0,0,,RPSNMLSLIIJFFAX17CA
馬公市,房地(土地+建物),澎湖縣馬公巿忠孝路79巷1~30號,161.0,住,,,1031013,土地2建物1車位0,全,一層,透天厝,住家用,見其他登記事項,0491101,54.91,1,1,1,有,無,5300000,96522,,0.0,0,親友、員工或其他特殊關係間之交易。,RPPNMLRLIIJFFAX76CA
馬公市,房地(土地+建物)+車位,澎湖縣馬公巿文光路61~90號,16.45,其他,,,1031003,土地10建物1車位0,十層,十層,華廈(10層含以下有電梯),住家用,鋼筋混凝土造,0870723,194.47,3,1,2,有,有,4360000,22420,升降機械,0.0,0,共有部分面積含停車位面積,RPPNMLTKJIJFFAX96CA
馬公市,房地(土地+建物),澎湖縣馬公巿石泉1~30號,59.99,,鄉村區,乙種建築用地,1031009,土地1建物1車位0,全,三層,透天厝,住家用,鋼筋混凝土造,0730621,127.41,3,2,2,有,無,2000000,15697,,0.0,0,親友、員工或其他特殊關係間之交易。,RPQNMLNKJIJFFAX09CA
馬公市,土地,文石段121~150地號,2082.97,,一般農業區,農牧用地,1031013,土地1建物0車位0,,,其他,,,,0.0,0,0,0,有,無,66200000,31782,,0.0,0,"共有人8人。農變建專案核准,交易總價包括未興建房屋建築費用。",RPPNMLRKJIJFFAX86DA
白沙鄉,房地(土地+建物),澎湖縣白沙鄉岐頭村31~60號,4517.74,,一般農業區,農牧用地,1031027,土地22建物1車位0,一層,一層,其他,住家用,見其他登記事項,0180101,17.86,1,1,1,有,無,3964000,221948,,0.0,0,,RPVNMLKLJIJFFAX86DA
馬公市,房地(土地+建物),澎湖縣馬公巿三多路391~420號,19.17,商,,,1030929,土地1建物1車位0,一層，二層，三層,十層,華廈(10層含以下有電梯),住商用,鋼筋混凝土造,0850308,169.47,3,2,2,有,有,6600000,38945,,0.0,0,,RPQNMLPJJIJFFAX66DA
馬公市,房地(土地+建物),澎湖縣馬公巿西文澳31~60號,73.43,住,,,1031014,土地2建物1車位0,全,二層,透天厝,住家用,鋼筋混凝土加強磚造,0701229,84.12,3,1,2,有,無,3500000,41607,,0.0,0,親友、員工或其他特殊關係間之交易。,RPPNMLRJJIJFFAX86EA
馬公市,土地,井垵西段781~810地號,654.53,,一般農業區,甲種建築用地,1031023,土地1建物0車位0,,,其他,,,,0.0,0,0,0,有,無,3599915,5500,,0.0,0,向政府機關承購之案件。,RPQNMLSLIIJFFAX17EA
馬公市,土地,山水西段451~480地號,165.0,,一般農業區,農牧用地,1031020,土地1建物0車位0,,,其他,,,,0.0,0,0,0,有,無,500000,3030,,0.0,0,,RPTNMLSLIIJFFAX37DA
湖西鄉,房地(土地+建物),澎湖縣湖西鄉港子尾61~90號,370.26,,一般農業區,甲種建築用地,1031009,土地2建物1車位0,全,三層,透天厝,住家用,鋼筋混凝土造,0970709,319.97,4,3,5,有,無,11000000,34378,,0.0,0,,RPUNMLSLIIJFFAX47DA
湖西鄉,土地,成功南段31~60地號,890.6,,一般農業區,農牧用地,1031016,土地1建物0車位0,,,其他,,,,0.0,0,0,0,有,無,900000,1011,,0.0,0,,RPVNMLSLIIJFFAX57DA
馬公市,房地(土地+建物),澎湖縣馬公巿光復路121~150號,74.0,住,,,1031009,土地1建物1車位0,全,四層,透天厝,住商用,鋼筋混凝土造,0750306,184.92,3,2,3,有,無,17500000,94636,,0.0,0,,RPXNMLSLIIJFFAX77DA
馬公市,土地,文寮段361~390地號,418.74,,一般農業區,農牧用地,1031013,土地1建物0車位0,,,其他,,,,0.0,0,0,0,有,無,3230000,7714,,0.0,0,,RPQNMLQKJIJFFAX76CA
馬公市,土地,五福段1~30地號,918.44,,一般農業區,農牧用地,1030918,土地1建物0車位0,,,其他,,,,0.0,0,0,0,有,無,14167800,15426,,0.0,0,,RPSNMLQKJIJFFAX96CA
馬公市,房地(土地+建物),澎湖縣馬公巿文明路91~120號,25.86,住,,,1031018,土地1建物1車位0,七層,七層,華廈(10層含以下有電梯),住家用,鋼筋混凝土造,0860430,120.07,3,1,2,有,有,3930000,32731,,0.0,0,,RPPNMLNKJIJFFAX98CA
馬公市,房地(土地+建物),澎湖縣馬公巿光復路148巷1~30號,8.28,住,,,1031020,土地2建物1車位0,一層,七層,華廈(10層含以下有電梯),住商用,鋼筋混凝土造,0830303,42.16,0,0,1,無,無,1800000,42694,,0.0,0,,RPSNMLLMIIJFFAX56CA
湖西鄉,土地,林投南段1~30地號,3433.14,,一般農業區,農牧用地,1031021,土地9建物0車位0,,,其他,,,,0.0,0,0,0,有,無,2920000,851,,0.0,0,,RPSOMLRLIIJFFAX17CA
白沙鄉,土地,城前段301~330地號,528.0,,,,1031023,土地2建物0車位0,,,其他,,,,0.0,0,0,0,有,無,1000000,1894,,0.0,0,,RPQNMLTLIIJFFAX07CA
湖西鄉,土地,紅羅段451~480地號,175.28,,鄉村區,乙種建築用地,1031020,土地1建物0車位0,,,其他,,,,0.0,0,0,0,有,無,656000,3743,,0.0,0,,RPRNMLTLIIJFFAX17CA
馬公市,土地,山水北段691~720地號,170.73,,鄉村區,乙種建築用地,1031012,土地2建物0車位0,,,其他,,,,0.0,0,0,0,有,無,1446000,8470,,0.0,0,,RPQNMLKMIIJFFAX88CA
馬公市,土地,山水西段451~480地號,490.0,,一般農業區,農牧用地,1031012,土地1建物0車位0,,,其他,,,,0.0,0,0,0,有,無,1482200,3025,,0.0,0,,RPPNMLKMIIJFFAX78CA
湖西鄉,土地,白坑段151~180地號,263.86,,鄉村區,乙種建築用地,1031024,土地1建物0車位0,,,其他,,,,0.0,0,0,0,有,無,350000,1326,,0.0,0,,RPRNMLSJJIJFFAX96CA
馬公市,土地,山水東段271~300地號,1987.98,,一般農業區,農牧用地,1031022,土地4建物0車位0,,,其他,,,,0.0,0,0,0,有,無,3500000,1761,,0.0,0,,RPUOMLQKJIJFFAX37DA
馬公市,土地,虎井段1201~1230地號,45.0,,鄉村區,乙種建築用地,1031008,土地1建物0車位0,,,其他,,,,0.0,0,0,0,有,無,144000,3200,,0.0,0,向政府機關承購之案件。,RPSNMLTLIIJFFAX47EA
馬公市,土地,鎖港南段901~930地號,30.8,住,,,1031027,土地1建物0車位0,,,其他,,,,0.0,0,0,0,有,無,369600,12000,,0.0,0,向政府機關承購之案件。,RPRNMLKMIIJFFAX56EA
湖西鄉,土地,機場段1471~1500地號,652.0,,一般農業區,農牧用地,1031016,土地1建物0車位0,,,其他,,,,0.0,0,0,0,有,無,2000000,3067,,0.0,0,,RPPNMLLMIIJFFAX98DA
馬公市,土地,雙湖段901~930地號,11.65,,鄉村區,乙種建築用地,1031023,土地1建物0車位0,,,其他,,,,0.0,0,0,0,有,無,100000,8584,,0.0,0,,RPPNMLNJJIJFFAX98DA
馬公市,房地(土地+建物),澎湖縣馬公巿西衛361~390號,336.93,,一般農業區,甲種建築用地,1031013,土地2建物1車位0,全,三層,透天厝,住家用,鋼筋混凝土造,1030804,435.79,8,2,6,有,無,12200000,27995,,0.0,0,,RPTNMLQKJIJFFAX07CA
馬公市,土地,山水南段391~420地號,370.48,,一般農業區,農牧用地,1031020,土地1建物0車位0,,,其他,,,,0.0,0,0,0,有,無,8000000,21594,,0.0,0,,RPPNMLNLJIJFFAX09CA
馬公市,土地,五福段751~780地號,452.37,,一般農業區,農牧用地,1031020,土地1建物0車位0,,,其他,,,,0.0,0,0,0,有,無,3009800,6653,,0.0,0,,RPSNMLKMIIJFFAX09CA
馬公市,土地,東衛段1501~1530地號,187.36,,一般農業區,甲種建築用地,1031020,土地2建物0車位0,,,其他,,,,0.0,0,0,0,有,無,5700000,30423,,0.0,0,變更起造人，含未來興建房屋之費用。,RPQNMLLMIIJFFAX98CA
馬公市,房地(土地+建物),澎湖縣馬公巿林森路61~90號,30.0,住,,,1031015,土地1建物1車位0,三層,七層,華廈(10層含以下有電梯),住家用,鋼筋混凝土造,0870925,154.74,3,1,2,有,有,4200000,27142,,0.0,0,,RPRNMLLMIIJFFAX09CA
馬公市,土地,安宅段511~540地號,1309.25,,一般農業區,農牧用地,1031007,土地1建物0車位0,,,其他,,,,0.0,0,0,0,有,無,5940000,4537,,0.0,0,,RPQNMLRKJIJFFAX86CA
西嶼鄉,土地,外垵一段451~480地號,42.77,,鄉村區,乙種建築用地,1030910,土地1建物0車位0,,,其他,,,,0.0,0,0,0,有,無,800000,18705,,0.0,0,,RPRNMLOKJIJFFAX76DA
西嶼鄉,建物,澎湖縣西嶼鄉外垵村151~180號,0.0,,,,1030910,土地0建物1車位0,全,二層,透天厝,住家用,鋼筋混凝土加強磚造,0660601,109.94,2,1,1,有,無,2000,18,,0.0,0,返還,RPSNMLOKJIJFFAX86DA
湖西鄉,土地,白坑段241~270地號,517.35,,一般農業區,農牧用地,1031027,土地1建物0車位0,,,其他,,,,0.0,0,0,0,有,無,547750,1059,,0.0,0,,RPOOMLRKJIJFFAX86DA
白沙鄉,土地,赤崁中段1201~1230地號,40.02,,一般農業區,甲種建築用地,1031030,土地1建物0車位0,,,其他,,,,0.0,0,0,0,有,無,280140,7000,,0.0,0,向政府機關承購之案件。,RPRNMLOJJIJFFAX76EA
馬公市,房地(土地+建物),澎湖縣馬公巿東文里文山路27巷1~30號,71.6,住,,,1031023,土地1建物1車位0,全,四層,透天厝,住家用,鋼筋混凝土造,0850314,171.39,5,2,4,有,無,5000000,29173,,0.0,0,,RPRNMLNJJIJFFAX56DA
馬公市,土地,風櫃西段151~180地號,1206.03,,一般農業區,農牧用地,1031015,土地1建物0車位0,,,其他,,,,0.0,0,0,0,有,無,2736150,2269,,0.0,0,,RPTNMLOJJIJFFAX86DA
湖西鄉,土地,成功南段301~330地號,403.04,,一般農業區,農牧用地,1031007,土地1建物0車位0,,,其他,,,,0.0,0,0,0,有,無,1200000,2977,,0.0,0,,RPPNMLPJJIJFFAX56DA
湖西鄉,土地,潭邊新段211~240地號,307.68,,一般農業區,農牧用地,1031013,土地1建物0車位0,,,其他,,,,0.0,0,0,0,有,無,880000,2860,,0.0,0,親友、員工或其他特殊關係間之交易。,RPRNMLRJJIJFFAX86CA
馬公市,土地,文東段1771~1800地號,3539.56,,一般農業區,農牧用地,1031016,土地2建物0車位0,,,其他,,,,0.0,0,0,0,有,無,55740000,15748,,0.0,0,,RPSNMLOJJIJFFAX66CA
馬公市,土地,四維段1171~1200地號,66.28,農,,,1031009,土地1建物0車位0,,,其他,,,,0.0,0,0,0,有,無,980000,14786,,0.0,0,,RPUNMLOJJIJFFAX86CA
馬公市,土地,鐵線段481~510地號,1181.02,,一般農業區,農牧用地,1031027,土地1建物0車位0,,,其他,,,,0.0,0,0,0,有,無,8060000,6825,,0.0,0,,RPVNMLOJJIJFFAX96CA
