﻿編號,土地區段位置,土地移轉面積平方公尺,使用分區或編定
The serial number,land sector position,land shifting area square meter,the use zoning or compiles and checks
RPOPMLNJJIJFFCA96CB,榮星段七小段,18.79,都市：住
RPRPMLNJJIJFFCA27CB,榮星段七小段,18.62,都市：住
RPQPMLNJJIJFFCA17CB,榮星段七小段,29.26,都市：住
RPTPMLNJJIJFFCA47CB,榮星段七小段,.17,都市：住
RPUQMLNJJIJFFCA67CB,榮星段七小段,18.79,都市：住
RPQQMLNJJIJFFCA27CB,榮星段七小段,18.93,都市：住
RPOQMLNJJIJFFCA07CB,榮星段七小段,18.65,都市：住
RPUPMLNJJIJFFCA57CB,榮星段七小段,18.56,都市：住
RPRQMLNJJIJFFCA37CB,榮星段七小段,18.51,都市：住
RPWPMLNJJIJFFCA77CB,榮星段七小段,18.79,都市：住
RPVQMLNJJIJFFCA77CB,榮星段七小段,18.51,都市：住
RPWQMLNJJIJFFCA87CB,榮星段七小段,18.82,都市：住
RPPQMLNJJIJFFCA17CB,榮星段七小段,18.65,都市：住
RPXQMLNJJIJFFCA97CB,榮星段七小段,.34,都市：住
RPORMLNJJIJFFCA17CB,榮星段七小段,28.72,都市：住
RPPRMLNJJIJFFCA27CB,榮星段七小段,18.71,都市：住
RPRRMLNJJIJFFCA47CB,榮星段七小段,.17,都市：住
RPTOMLNJJIJFFDA47CB,南港段一小段,32.08,都市：住
RPSOMLPJJIJFFCA47CB,潭美段五小段,24.16,都市：其他
RPXNMLPJJIJFFCA87CB,潭美段五小段,26.60,都市：其他
RPOOMLPJJIJFFCA07CB,潭美段五小段,24.16,都市：其他
RPUOMLPJJIJFFCA67CB,潭美段五小段,24.16,都市：其他
RPWNMLPJJIJFFCA77CB,潭美段五小段,26.60,都市：其他
RPPOMLPJJIJFFCA17CB,潭美段五小段,24.16,都市：其他
RPTOMLPJJIJFFCA57CB,潭美段五小段,24.16,都市：其他
RPQOMLPJJIJFFCA27CB,潭美段五小段,24.16,都市：其他
RPROMLPJJIJFFCA37CB,潭美段五小段,24.16,都市：其他
RPVOMLPJJIJFFCA77CB,潭美段五小段,24.16,都市：其他
RPWOMLPJJIJFFCA87CB,潭美段五小段,24.16,都市：其他
RPXOMLPJJIJFFCA97CB,潭美段五小段,26.11,都市：其他
RPPPMLPJJIJFFCA27CB,潭美段五小段,26.11,都市：其他
RPQQMLPJJIJFFCA47CB,潭美段五小段,26.60,都市：其他
RPWPMLPJJIJFFCA97CB,潭美段五小段,26.11,都市：其他
RPXPMLPJJIJFFCA08CB,潭美段五小段,26.11,都市：其他
RPVPMLPJJIJFFCA87CB,潭美段五小段,26.11,都市：其他
RPRPMLPJJIJFFCA47CB,潭美段五小段,26.11,都市：其他
RPOPMLPJJIJFFCA17CB,潭美段五小段,26.11,都市：其他
RPUPMLPJJIJFFCA77CB,潭美段五小段,26.11,都市：其他
RPSPMLPJJIJFFCA57CB,潭美段五小段,26.11,都市：其他
RPRQMLPJJIJFFCA57CB,潭美段五小段,26.60,都市：其他
RPUQMLPJJIJFFCA87CB,潭美段五小段,23.91,都市：其他
RPQPMLPJJIJFFCA37CB,潭美段五小段,26.11,都市：其他
RPTQMLPJJIJFFCA77CB,潭美段五小段,26.60,都市：其他
RPSQMLPJJIJFFCA67CB,潭美段五小段,26.60,都市：其他
RPTPMLPJJIJFFCA67CB,潭美段五小段,26.11,都市：其他
RPPRMLPJJIJFFCA47CB,潭美段五小段,24.16,都市：其他
RPWQMLPJJIJFFCA08CB,潭美段五小段,24.16,都市：其他
RPORMLPJJIJFFCA37CB,潭美段五小段,24.16,都市：其他
RPXQMLPJJIJFFCA18CB,潭美段五小段,24.16,都市：其他
RPSRMLPJJIJFFCA77CB,潭美段五小段,24.16,都市：其他
RPWRMLPJJIJFFCA18CB,潭美段五小段,41.48,都市：其他
RPXRMLPJJIJFFCA28CB,潭美段五小段,41.48,都市：其他
RPURMLPJJIJFFCA97CB,潭美段五小段,61.98,都市：其他
RPVRMLPJJIJFFCA08CB,潭美段五小段,41.48,都市：其他
RPSSMLPJJIJFFCA87CB,潭美段五小段,41.48,都市：其他
RPOSMLPJJIJFFCA47CB,潭美段五小段,41.48,都市：其他
RPPSMLPJJIJFFCA57CB,潭美段五小段,41.48,都市：其他
RPQSMLPJJIJFFCA67CB,潭美段五小段,41.48,都市：其他
RPUSMLPJJIJFFCA08CB,潭美段五小段,41.48,都市：其他
RPVSMLPJJIJFFCA18CB,潭美段五小段,33.43,都市：其他
RPRRMLPJJIJFFCA67CB,潭美段五小段,24.16,都市：其他
RPWSMLPJJIJFFCA28CB,潭美段五小段,40.99,都市：其他
RPTSMLPJJIJFFCA97CB,潭美段五小段,41.48,都市：其他
RPXSMLPJJIJFFCA38CB,潭美段五小段,40.99,都市：其他
RPOTMLPJJIJFFCA57CB,潭美段五小段,40.99,都市：其他
RPPTMLPJJIJFFCA67CB,潭美段五小段,40.99,都市：其他
RPSTMLPJJIJFFCA97CB,潭美段五小段,40.99,都市：其他
RPUTMLPJJIJFFCA18CB,潭美段五小段,40.99,都市：其他
RPTTMLPJJIJFFCA08CB,潭美段五小段,40.99,都市：其他
RPVTMLPJJIJFFCA28CB,潭美段五小段,40.99,都市：其他
RPRTMLPJJIJFFCA87CB,潭美段五小段,40.99,都市：其他
RPWTMLPJJIJFFCA38CB,潭美段五小段,40.99,都市：其他
RPXTMLPJJIJFFCA48CB,潭美段五小段,40.99,都市：其他
RPOUMLPJJIJFFCA67CB,潭美段五小段,38.80,都市：其他
RPQUMLPJJIJFFCA87CB,潭美段五小段,23.91,都市：其他
RPPUMLPJJIJFFCA77CB,潭美段五小段,23.91,都市：其他
RPOPMLQJJIJFFCA27CB,潭美段五小段,26.60,都市：其他
RPPPMLQJJIJFFCA37CB,潭美段五小段,26.60,都市：其他
RPTUMLPJJIJFFCA18CB,潭美段五小段,23.91,都市：其他
RPUUMLPJJIJFFCA28CB,潭美段五小段,23.91,都市：其他
RPRUMLPJJIJFFCA97CB,潭美段五小段,23.91,都市：其他
RPSUMLPJJIJFFCA08CB,潭美段五小段,23.91,都市：其他
RPRPMLQJJIJFFCA57CB,潭美段五小段,24.16,都市：其他
RPQPMLQJJIJFFCA47CB,潭美段五小段,23.91,都市：其他
RPWUMLPJJIJFFCA48CB,潭美段五小段,23.91,都市：其他
RPVUMLPJJIJFFCA38CB,潭美段五小段,23.91,都市：其他
RPUPMLKLJIJFFDA57CB,虎林段四小段,10.84,都市：住
RPUPMLKLJIJFFDA57CB,虎林段四小段,2.76,都市：住
RPUPMLKLJIJFFDA57CB,虎林段四小段,.52,都市：住
RPUPMLKLJIJFFDA57CB,虎林段四小段,.04,都市：住
RPUPMLKLJIJFFDA57CB,虎林段四小段,.64,都市：住
RPUPMLKLJIJFFDA57CB,虎林段四小段,3.51,都市：住
RPUPMLKLJIJFFDA57CB,虎林段四小段,4.31,都市：住
RPUPMLKLJIJFFDA57CB,虎林段四小段,1.03,都市：住
RPUPMLKLJIJFFDA57CB,虎林段四小段,5.85,都市：住
RPUPMLKLJIJFFDA57CB,虎林段四小段,.84,都市：住
RPUPMLKLJIJFFDA57CB,虎林段四小段,.13,都市：住
RPUPMLKLJIJFFDA57CB,虎林段四小段,2.55,都市：住
RPXPMLKLJIJFFDA87CB,虎林段四小段,10.84,都市：住
RPXPMLKLJIJFFDA87CB,虎林段四小段,2.76,都市：住
RPXPMLKLJIJFFDA87CB,虎林段四小段,.52,都市：住
RPXPMLKLJIJFFDA87CB,虎林段四小段,.04,都市：住
RPXPMLKLJIJFFDA87CB,虎林段四小段,.64,都市：住
RPXPMLKLJIJFFDA87CB,虎林段四小段,3.51,都市：住
RPXPMLKLJIJFFDA87CB,虎林段四小段,4.31,都市：住
RPXPMLKLJIJFFDA87CB,虎林段四小段,1.03,都市：住
RPXPMLKLJIJFFDA87CB,虎林段四小段,5.85,都市：住
RPXPMLKLJIJFFDA87CB,虎林段四小段,.84,都市：住
RPXPMLKLJIJFFDA87CB,虎林段四小段,.13,都市：住
RPXPMLKLJIJFFDA87CB,虎林段四小段,2.55,都市：住
RPVOMLKLJIJFFDA57CB,虎林段四小段,9.58,都市：住
RPVOMLKLJIJFFDA57CB,虎林段四小段,2.44,都市：住
RPVOMLKLJIJFFDA57CB,虎林段四小段,.46,都市：住
RPVOMLKLJIJFFDA57CB,虎林段四小段,.03,都市：住
RPVOMLKLJIJFFDA57CB,虎林段四小段,.56,都市：住
RPVOMLKLJIJFFDA57CB,虎林段四小段,3.10,都市：住
RPVOMLKLJIJFFDA57CB,虎林段四小段,3.81,都市：住
RPVOMLKLJIJFFDA57CB,虎林段四小段,.91,都市：住
RPVOMLKLJIJFFDA57CB,虎林段四小段,5.17,都市：住
RPVOMLKLJIJFFDA57CB,虎林段四小段,.75,都市：住
RPVOMLKLJIJFFDA57CB,虎林段四小段,.12,都市：住
RPVOMLKLJIJFFDA57CB,虎林段四小段,2.25,都市：住
RPTPMLKLJIJFFDA47CB,虎林段四小段,10.26,都市：住
RPTPMLKLJIJFFDA47CB,虎林段四小段,2.61,都市：住
RPTPMLKLJIJFFDA47CB,虎林段四小段,.50,都市：住
RPTPMLKLJIJFFDA47CB,虎林段四小段,.04,都市：住
RPTPMLKLJIJFFDA47CB,虎林段四小段,.60,都市：住
RPTPMLKLJIJFFDA47CB,虎林段四小段,3.32,都市：住
RPTPMLKLJIJFFDA47CB,虎林段四小段,4.08,都市：住
RPTPMLKLJIJFFDA47CB,虎林段四小段,.98,都市：住
RPTPMLKLJIJFFDA47CB,虎林段四小段,5.54,都市：住
RPTPMLKLJIJFFDA47CB,虎林段四小段,.80,都市：住
RPTPMLKLJIJFFDA47CB,虎林段四小段,.12,都市：住
RPTPMLKLJIJFFDA47CB,虎林段四小段,2.41,都市：住
RPQPMLKLJIJFFDA17CB,虎林段四小段,8.99,都市：住
RPQPMLKLJIJFFDA17CB,虎林段四小段,2.29,都市：住
RPQPMLKLJIJFFDA17CB,虎林段四小段,.44,都市：住
RPQPMLKLJIJFFDA17CB,虎林段四小段,.03,都市：住
RPQPMLKLJIJFFDA17CB,虎林段四小段,.53,都市：住
RPQPMLKLJIJFFDA17CB,虎林段四小段,2.91,都市：住
RPQPMLKLJIJFFDA17CB,虎林段四小段,3.58,都市：住
RPQPMLKLJIJFFDA17CB,虎林段四小段,.86,都市：住
RPQPMLKLJIJFFDA17CB,虎林段四小段,4.85,都市：住
RPQPMLKLJIJFFDA17CB,虎林段四小段,.70,都市：住
RPQPMLKLJIJFFDA17CB,虎林段四小段,.11,都市：住
RPQPMLKLJIJFFDA17CB,虎林段四小段,2.12,都市：住
RPWPMLKLJIJFFDA77CB,虎林段四小段,10.84,都市：住
RPWPMLKLJIJFFDA77CB,虎林段四小段,2.76,都市：住
RPWPMLKLJIJFFDA77CB,虎林段四小段,.52,都市：住
RPWPMLKLJIJFFDA77CB,虎林段四小段,.04,都市：住
RPWPMLKLJIJFFDA77CB,虎林段四小段,.64,都市：住
RPWPMLKLJIJFFDA77CB,虎林段四小段,3.51,都市：住
RPWPMLKLJIJFFDA77CB,虎林段四小段,4.31,都市：住
RPWPMLKLJIJFFDA77CB,虎林段四小段,1.03,都市：住
RPWPMLKLJIJFFDA77CB,虎林段四小段,5.85,都市：住
RPWPMLKLJIJFFDA77CB,虎林段四小段,.84,都市：住
RPWPMLKLJIJFFDA77CB,虎林段四小段,.13,都市：住
RPWPMLKLJIJFFDA77CB,虎林段四小段,2.55,都市：住
RPOPMLKLJIJFFDA96CB,虎林段四小段,9.58,都市：住
RPOPMLKLJIJFFDA96CB,虎林段四小段,2.44,都市：住
RPOPMLKLJIJFFDA96CB,虎林段四小段,.46,都市：住
RPOPMLKLJIJFFDA96CB,虎林段四小段,.03,都市：住
RPOPMLKLJIJFFDA96CB,虎林段四小段,.56,都市：住
RPOPMLKLJIJFFDA96CB,虎林段四小段,3.10,都市：住
RPOPMLKLJIJFFDA96CB,虎林段四小段,3.81,都市：住
RPOPMLKLJIJFFDA96CB,虎林段四小段,.91,都市：住
RPOPMLKLJIJFFDA96CB,虎林段四小段,5.17,都市：住
RPOPMLKLJIJFFDA96CB,虎林段四小段,.75,都市：住
RPOPMLKLJIJFFDA96CB,虎林段四小段,.12,都市：住
RPOPMLKLJIJFFDA96CB,虎林段四小段,2.25,都市：住
RPVPMLKLJIJFFDA67CB,虎林段四小段,9.68,都市：住
RPVPMLKLJIJFFDA67CB,虎林段四小段,2.46,都市：住
RPVPMLKLJIJFFDA67CB,虎林段四小段,.47,都市：住
RPVPMLKLJIJFFDA67CB,虎林段四小段,.03,都市：住
RPVPMLKLJIJFFDA67CB,虎林段四小段,.57,都市：住
RPVPMLKLJIJFFDA67CB,虎林段四小段,3.13,都市：住
RPVPMLKLJIJFFDA67CB,虎林段四小段,3.85,都市：住
RPVPMLKLJIJFFDA67CB,虎林段四小段,.92,都市：住
RPVPMLKLJIJFFDA67CB,虎林段四小段,5.23,都市：住
RPVPMLKLJIJFFDA67CB,虎林段四小段,.75,都市：住
RPVPMLKLJIJFFDA67CB,虎林段四小段,.12,都市：住
RPVPMLKLJIJFFDA67CB,虎林段四小段,2.28,都市：住
RPPPMLKLJIJFFDA07CB,虎林段四小段,5.17,都市：住
RPPPMLKLJIJFFDA07CB,虎林段四小段,.75,都市：住
RPPPMLKLJIJFFDA07CB,虎林段四小段,.12,都市：住
RPPPMLKLJIJFFDA07CB,虎林段四小段,2.25,都市：住
RPPPMLKLJIJFFDA07CB,虎林段四小段,9.62,都市：住
RPPPMLKLJIJFFDA07CB,虎林段四小段,2.43,都市：住
RPPPMLKLJIJFFDA07CB,虎林段四小段,.46,都市：住
RPPPMLKLJIJFFDA07CB,虎林段四小段,.03,都市：住
RPPPMLKLJIJFFDA07CB,虎林段四小段,.56,都市：住
RPPPMLKLJIJFFDA07CB,虎林段四小段,3.10,都市：住
RPPPMLKLJIJFFDA07CB,虎林段四小段,3.81,都市：住
RPPPMLKLJIJFFDA07CB,虎林段四小段,.91,都市：住
RPSPMLKLJIJFFDA37CB,虎林段四小段,10.26,都市：住
RPSPMLKLJIJFFDA37CB,虎林段四小段,2.61,都市：住
RPSPMLKLJIJFFDA37CB,虎林段四小段,.50,都市：住
RPSPMLKLJIJFFDA37CB,虎林段四小段,.04,都市：住
RPSPMLKLJIJFFDA37CB,虎林段四小段,.60,都市：住
RPSPMLKLJIJFFDA37CB,虎林段四小段,3.32,都市：住
RPSPMLKLJIJFFDA37CB,虎林段四小段,4.08,都市：住
RPSPMLKLJIJFFDA37CB,虎林段四小段,.98,都市：住
RPSPMLKLJIJFFDA37CB,虎林段四小段,5.54,都市：住
RPSPMLKLJIJFFDA37CB,虎林段四小段,.80,都市：住
RPSPMLKLJIJFFDA37CB,虎林段四小段,.12,都市：住
RPSPMLKLJIJFFDA37CB,虎林段四小段,2.41,都市：住
RPQQMLKLJIJFFDA27CB,虎林段四小段,9.68,都市：住
RPQQMLKLJIJFFDA27CB,虎林段四小段,2.46,都市：住
RPQQMLKLJIJFFDA27CB,虎林段四小段,.47,都市：住
RPQQMLKLJIJFFDA27CB,虎林段四小段,.03,都市：住
RPQQMLKLJIJFFDA27CB,虎林段四小段,.57,都市：住
RPQQMLKLJIJFFDA27CB,虎林段四小段,3.13,都市：住
RPQQMLKLJIJFFDA27CB,虎林段四小段,3.85,都市：住
RPQQMLKLJIJFFDA27CB,虎林段四小段,.92,都市：住
RPQQMLKLJIJFFDA27CB,虎林段四小段,5.23,都市：住
RPQQMLKLJIJFFDA27CB,虎林段四小段,.75,都市：住
RPQQMLKLJIJFFDA27CB,虎林段四小段,.12,都市：住
RPQQMLKLJIJFFDA27CB,虎林段四小段,2.28,都市：住
RPPQMLKLJIJFFDA17CB,虎林段四小段,5.54,都市：住
RPPQMLKLJIJFFDA17CB,虎林段四小段,.80,都市：住
RPPQMLKLJIJFFDA17CB,虎林段四小段,.12,都市：住
RPPQMLKLJIJFFDA17CB,虎林段四小段,2.41,都市：住
RPPQMLKLJIJFFDA17CB,虎林段四小段,10.26,都市：住
RPPQMLKLJIJFFDA17CB,虎林段四小段,2.61,都市：住
RPPQMLKLJIJFFDA17CB,虎林段四小段,.50,都市：住
RPPQMLKLJIJFFDA17CB,虎林段四小段,.04,都市：住
RPPQMLKLJIJFFDA17CB,虎林段四小段,.60,都市：住
RPPQMLKLJIJFFDA17CB,虎林段四小段,3.32,都市：住
RPPQMLKLJIJFFDA17CB,虎林段四小段,4.08,都市：住
RPPQMLKLJIJFFDA17CB,虎林段四小段,.98,都市：住
RPOQMLKLJIJFFDA07CB,虎林段四小段,.60,都市：住
RPOQMLKLJIJFFDA07CB,虎林段四小段,3.32,都市：住
RPOQMLKLJIJFFDA07CB,虎林段四小段,4.08,都市：住
RPOQMLKLJIJFFDA07CB,虎林段四小段,.98,都市：住
RPOQMLKLJIJFFDA07CB,虎林段四小段,.55,都市：住
RPOQMLKLJIJFFDA07CB,虎林段四小段,.80,都市：住
RPOQMLKLJIJFFDA07CB,虎林段四小段,.12,都市：住
RPOQMLKLJIJFFDA07CB,虎林段四小段,2.41,都市：住
RPOQMLKLJIJFFDA07CB,虎林段四小段,10.26,都市：住
RPOQMLKLJIJFFDA07CB,虎林段四小段,2.61,都市：住
RPOQMLKLJIJFFDA07CB,虎林段四小段,.50,都市：住
RPOQMLKLJIJFFDA07CB,虎林段四小段,.04,都市：住
RPTQMLKLJIJFFDA57CB,虎林段四小段,.58,都市：住
RPTQMLKLJIJFFDA57CB,虎林段四小段,.15,都市：住
RPTQMLKLJIJFFDA57CB,虎林段四小段,.03,都市：住
RPTQMLKLJIJFFDA57CB,虎林段四小段,.00,都市：住
RPTQMLKLJIJFFDA57CB,虎林段四小段,.03,都市：住
RPTQMLKLJIJFFDA57CB,虎林段四小段,.19,都市：住
RPTQMLKLJIJFFDA57CB,虎林段四小段,.23,都市：住
RPTQMLKLJIJFFDA57CB,虎林段四小段,.06,都市：住
RPTQMLKLJIJFFDA57CB,虎林段四小段,.31,都市：住
RPTQMLKLJIJFFDA57CB,虎林段四小段,.04,都市：住
RPTQMLKLJIJFFDA57CB,虎林段四小段,.01,都市：住
RPTQMLKLJIJFFDA57CB,虎林段四小段,.14,都市：住
RPQNMLPLKIJFFCA57DB,文德段二小段,1.82,都市：住
RPQNMLPLKIJFFCA57DB,文德段二小段,4.07,都市：住
RPQNMLPLKIJFFCA57DB,文德段二小段,2.76,都市：住
RPQNMLPLKIJFFCA57DB,文德段二小段,2.44,都市：住
RPQNMLPLKIJFFCA57DB,文德段二小段,2.40,都市：住
RPQNMLPLKIJFFCA57DB,文德段二小段,6.46,都市：住
RPQNMLPLKIJFFCA57DB,文德段二小段,4.72,都市：住
RPQNMLPLKIJFFCA57DB,文德段二小段,.04,都市：住
RPUQMLKLJIJFFDA67CB,虎林段四小段,.58,都市：住
RPUQMLKLJIJFFDA67CB,虎林段四小段,.15,都市：住
RPUQMLKLJIJFFDA67CB,虎林段四小段,.03,都市：住
RPUQMLKLJIJFFDA67CB,虎林段四小段,.00,都市：住
RPUQMLKLJIJFFDA67CB,虎林段四小段,.03,都市：住
RPUQMLKLJIJFFDA67CB,虎林段四小段,.19,都市：住
RPUQMLKLJIJFFDA67CB,虎林段四小段,.23,都市：住
RPUQMLKLJIJFFDA67CB,虎林段四小段,.06,都市：住
RPUQMLKLJIJFFDA67CB,虎林段四小段,.31,都市：住
RPUQMLKLJIJFFDA67CB,虎林段四小段,.04,都市：住
RPUQMLKLJIJFFDA67CB,虎林段四小段,.01,都市：住
RPUQMLKLJIJFFDA67CB,虎林段四小段,.14,都市：住
RPWQMLKLJIJFFDA87CB,虎林段四小段,1.16,都市：住
RPWQMLKLJIJFFDA87CB,虎林段四小段,.29,都市：住
RPWQMLKLJIJFFDA87CB,虎林段四小段,.06,都市：住
RPWQMLKLJIJFFDA87CB,虎林段四小段,.00,都市：住
RPWQMLKLJIJFFDA87CB,虎林段四小段,.07,都市：住
RPWQMLKLJIJFFDA87CB,虎林段四小段,.37,都市：住
RPWQMLKLJIJFFDA87CB,虎林段四小段,.46,都市：住
RPWQMLKLJIJFFDA87CB,虎林段四小段,.11,都市：住
RPWQMLKLJIJFFDA87CB,虎林段四小段,.62,都市：住
RPWQMLKLJIJFFDA87CB,虎林段四小段,.09,都市：住
RPWQMLKLJIJFFDA87CB,虎林段四小段,.01,都市：住
RPWQMLKLJIJFFDA87CB,虎林段四小段,.27,都市：住
RPTNMLPLKIJFFCA87DB,文德段二小段,1.37,都市：住
RPTNMLPLKIJFFCA87DB,文德段二小段,3.07,都市：住
RPTNMLPLKIJFFCA87DB,文德段二小段,2.08,都市：住
RPTNMLPLKIJFFCA87DB,文德段二小段,1.84,都市：住
RPTNMLPLKIJFFCA87DB,文德段二小段,1.81,都市：住
RPTNMLPLKIJFFCA87DB,文德段二小段,4.87,都市：住
RPTNMLPLKIJFFCA87DB,文德段二小段,3.56,都市：住
RPTNMLPLKIJFFCA87DB,文德段二小段,.03,都市：住
RPVQMLKLJIJFFDA77CB,虎林段四小段,.58,都市：住
RPVQMLKLJIJFFDA77CB,虎林段四小段,.15,都市：住
RPVQMLKLJIJFFDA77CB,虎林段四小段,.03,都市：住
RPVQMLKLJIJFFDA77CB,虎林段四小段,.00,都市：住
RPVQMLKLJIJFFDA77CB,虎林段四小段,.03,都市：住
RPVQMLKLJIJFFDA77CB,虎林段四小段,.19,都市：住
RPVQMLKLJIJFFDA77CB,虎林段四小段,.23,都市：住
RPVQMLKLJIJFFDA77CB,虎林段四小段,.06,都市：住
RPVQMLKLJIJFFDA77CB,虎林段四小段,.31,都市：住
RPVQMLKLJIJFFDA77CB,虎林段四小段,.04,都市：住
RPVQMLKLJIJFFDA77CB,虎林段四小段,.01,都市：住
RPVQMLKLJIJFFDA77CB,虎林段四小段,.14,都市：住
RPOOMLPLKIJFFCA47DB,文德段二小段,1.37,都市：住
RPOOMLPLKIJFFCA47DB,文德段二小段,3.07,都市：住
RPOOMLPLKIJFFCA47DB,文德段二小段,2.08,都市：住
RPOOMLPLKIJFFCA47DB,文德段二小段,1.84,都市：住
RPOOMLPLKIJFFCA47DB,文德段二小段,1.81,都市：住
RPOOMLPLKIJFFCA47DB,文德段二小段,4.87,都市：住
RPOOMLPLKIJFFCA47DB,文德段二小段,3.56,都市：住
RPOOMLPLKIJFFCA47DB,文德段二小段,.03,都市：住
RPRQMLKLJIJFFDA37CB,虎林段四小段,.58,都市：住
RPRQMLKLJIJFFDA37CB,虎林段四小段,.15,都市：住
RPRQMLKLJIJFFDA37CB,虎林段四小段,.03,都市：住
RPRQMLKLJIJFFDA37CB,虎林段四小段,.00,都市：住
RPRQMLKLJIJFFDA37CB,虎林段四小段,.03,都市：住
RPRQMLKLJIJFFDA37CB,虎林段四小段,.19,都市：住
RPRQMLKLJIJFFDA37CB,虎林段四小段,.23,都市：住
RPRQMLKLJIJFFDA37CB,虎林段四小段,.06,都市：住
RPRQMLKLJIJFFDA37CB,虎林段四小段,.31,都市：住
RPRQMLKLJIJFFDA37CB,虎林段四小段,.04,都市：住
RPRQMLKLJIJFFDA37CB,虎林段四小段,.01,都市：住
RPRQMLKLJIJFFDA37CB,虎林段四小段,.14,都市：住
RPQOMLPLKIJFFCA67DB,文德段二小段,1.37,都市：住
RPQOMLPLKIJFFCA67DB,文德段二小段,3.07,都市：住
RPQOMLPLKIJFFCA67DB,文德段二小段,2.08,都市：住
RPQOMLPLKIJFFCA67DB,文德段二小段,1.84,都市：住
RPQOMLPLKIJFFCA67DB,文德段二小段,1.81,都市：住
RPQOMLPLKIJFFCA67DB,文德段二小段,4.87,都市：住
RPQOMLPLKIJFFCA67DB,文德段二小段,3.56,都市：住
RPQOMLPLKIJFFCA67DB,文德段二小段,.03,都市：住
RPUOMLPLKIJFFCA08DB,文德段二小段,1.82,都市：住
RPUOMLPLKIJFFCA08DB,文德段二小段,4.07,都市：住
RPUOMLPLKIJFFCA08DB,文德段二小段,2.76,都市：住
RPUOMLPLKIJFFCA08DB,文德段二小段,2.44,都市：住
RPUOMLPLKIJFFCA08DB,文德段二小段,2.40,都市：住
RPUOMLPLKIJFFCA08DB,文德段二小段,6.46,都市：住
RPUOMLPLKIJFFCA08DB,文德段二小段,4.72,都市：住
RPUOMLPLKIJFFCA08DB,文德段二小段,.04,都市：住
RPROMLPLKIJFFCA77DB,文德段二小段,1.37,都市：住
RPROMLPLKIJFFCA77DB,文德段二小段,3.07,都市：住
RPROMLPLKIJFFCA77DB,文德段二小段,2.08,都市：住
RPROMLPLKIJFFCA77DB,文德段二小段,1.84,都市：住
RPROMLPLKIJFFCA77DB,文德段二小段,1.81,都市：住
RPROMLPLKIJFFCA77DB,文德段二小段,4.87,都市：住
RPROMLPLKIJFFCA77DB,文德段二小段,3.56,都市：住
RPROMLPLKIJFFCA77DB,文德段二小段,.03,都市：住
RPWOMLPLKIJFFCA28DB,文德段二小段,1.45,都市：住
RPWOMLPLKIJFFCA28DB,文德段二小段,3.25,都市：住
RPWOMLPLKIJFFCA28DB,文德段二小段,2.20,都市：住
RPWOMLPLKIJFFCA28DB,文德段二小段,1.95,都市：住
RPWOMLPLKIJFFCA28DB,文德段二小段,1.91,都市：住
RPWOMLPLKIJFFCA28DB,文德段二小段,5.15,都市：住
RPWOMLPLKIJFFCA28DB,文德段二小段,3.76,都市：住
RPWOMLPLKIJFFCA28DB,文德段二小段,.03,都市：住
RPSQMLPLKIJFFCA08DB,文德段二小段,1.82,都市：住
RPSQMLPLKIJFFCA08DB,文德段二小段,4.07,都市：住
RPSQMLPLKIJFFCA08DB,文德段二小段,2.76,都市：住
RPSQMLPLKIJFFCA08DB,文德段二小段,2.44,都市：住
RPSQMLPLKIJFFCA08DB,文德段二小段,2.40,都市：住
RPSQMLPLKIJFFCA08DB,文德段二小段,6.46,都市：住
RPSQMLPLKIJFFCA08DB,文德段二小段,4.72,都市：住
RPSQMLPLKIJFFCA08DB,文德段二小段,.04,都市：住
RPOPMLPLKIJFFCA57DB,文德段二小段,1.79,都市：住
RPOPMLPLKIJFFCA57DB,文德段二小段,4.00,都市：住
RPOPMLPLKIJFFCA57DB,文德段二小段,2.70,都市：住
RPOPMLPLKIJFFCA57DB,文德段二小段,2.40,都市：住
RPOPMLPLKIJFFCA57DB,文德段二小段,2.35,都市：住
RPOPMLPLKIJFFCA57DB,文德段二小段,6.33,都市：住
RPOPMLPLKIJFFCA57DB,文德段二小段,4.63,都市：住
RPOPMLPLKIJFFCA57DB,文德段二小段,.04,都市：住
RPRPMLKMKIJFFDA47CB,虎林段四小段,1.16,都市：住
RPRPMLKMKIJFFDA47CB,虎林段四小段,.29,都市：住
RPRPMLKMKIJFFDA47CB,虎林段四小段,.06,都市：住
RPRPMLKMKIJFFDA47CB,虎林段四小段,.00,都市：住
RPRPMLKMKIJFFDA47CB,虎林段四小段,.07,都市：住
RPRPMLKMKIJFFDA47CB,虎林段四小段,.37,都市：住
RPRPMLKMKIJFFDA47CB,虎林段四小段,.46,都市：住
RPRPMLKMKIJFFDA47CB,虎林段四小段,.11,都市：住
RPRPMLKMKIJFFDA47CB,虎林段四小段,.62,都市：住
RPRPMLKMKIJFFDA47CB,虎林段四小段,.09,都市：住
RPRPMLKMKIJFFDA47CB,虎林段四小段,.01,都市：住
RPRPMLKMKIJFFDA47CB,虎林段四小段,.27,都市：住
RPPPMLPLKIJFFCA67DB,文德段二小段,1.37,都市：住
RPPPMLPLKIJFFCA67DB,文德段二小段,3.07,都市：住
RPPPMLPLKIJFFCA67DB,文德段二小段,2.08,都市：住
RPPPMLPLKIJFFCA67DB,文德段二小段,1.84,都市：住
RPPPMLPLKIJFFCA67DB,文德段二小段,1.81,都市：住
RPPPMLPLKIJFFCA67DB,文德段二小段,4.87,都市：住
RPPPMLPLKIJFFCA67DB,文德段二小段,3.56,都市：住
RPPPMLPLKIJFFCA67DB,文德段二小段,.03,都市：住
RPRPMLPLKIJFFCA87DB,文德段二小段,1.37,都市：住
RPRPMLPLKIJFFCA87DB,文德段二小段,3.07,都市：住
RPRPMLPLKIJFFCA87DB,文德段二小段,2.08,都市：住
RPRPMLPLKIJFFCA87DB,文德段二小段,1.84,都市：住
RPRPMLPLKIJFFCA87DB,文德段二小段,1.81,都市：住
RPRPMLPLKIJFFCA87DB,文德段二小段,4.87,都市：住
RPRPMLPLKIJFFCA87DB,文德段二小段,3.56,都市：住
RPRPMLPLKIJFFCA87DB,文德段二小段,.03,都市：住
RPQPMLPLKIJFFCA77DB,文德段二小段,1.37,都市：住
RPQPMLPLKIJFFCA77DB,文德段二小段,3.07,都市：住
RPQPMLPLKIJFFCA77DB,文德段二小段,2.08,都市：住
RPQPMLPLKIJFFCA77DB,文德段二小段,1.84,都市：住
RPQPMLPLKIJFFCA77DB,文德段二小段,1.81,都市：住
RPQPMLPLKIJFFCA77DB,文德段二小段,4.87,都市：住
RPQPMLPLKIJFFCA77DB,文德段二小段,3.56,都市：住
RPQPMLPLKIJFFCA77DB,文德段二小段,.03,都市：住
RPOPMLPJJHKFFDA27CB,吳興段二小段,6.53,都市：住
RPOPMLPJJHKFFDA27CB,吳興段二小段,6.53,都市：住
RPOPMLPJJHKFFDA27CB,吳興段二小段,6.53,都市：住
RPOPMLPJJHKFFDA27CB,吳興段二小段,6.53,都市：住
RPUPMLPJJHKFFDA87CB,吳興段二小段,4.74,都市：住
RPUPMLPJJHKFFDA87CB,吳興段二小段,4.74,都市：住
RPUPMLPJJHKFFDA87CB,吳興段二小段,4.74,都市：住
RPUPMLPJJHKFFDA87CB,吳興段二小段,4.74,都市：住
RPWOMLPJJHKFFDA97CB,吳興段二小段,6.53,都市：住
RPWOMLPJJHKFFDA97CB,吳興段二小段,6.53,都市：住
RPWOMLPJJHKFFDA97CB,吳興段二小段,6.53,都市：住
RPWOMLPJJHKFFDA97CB,吳興段二小段,6.53,都市：住
RPPPMLPJJHKFFDA37CB,吳興段二小段,6.53,都市：住
RPPPMLPJJHKFFDA37CB,吳興段二小段,6.53,都市：住
RPPPMLPJJHKFFDA37CB,吳興段二小段,6.53,都市：住
RPPPMLPJJHKFFDA37CB,吳興段二小段,6.53,都市：住
RPQPMLPJJHKFFDA47CB,吳興段二小段,6.92,都市：住
RPQPMLPJJHKFFDA47CB,吳興段二小段,6.92,都市：住
RPQPMLPJJHKFFDA47CB,吳興段二小段,6.92,都市：住
RPQPMLPJJHKFFDA47CB,吳興段二小段,6.92,都市：住
RPVOMLPJJHKFFDA87CB,吳興段二小段,8.72,都市：住
RPVOMLPJJHKFFDA87CB,吳興段二小段,8.72,都市：住
RPVOMLPJJHKFFDA87CB,吳興段二小段,8.72,都市：住
RPVOMLPJJHKFFDA87CB,吳興段二小段,8.72,都市：住
RPTPMLPJJHKFFDA77CB,吳興段二小段,4.74,都市：住
RPTPMLPJJHKFFDA77CB,吳興段二小段,4.74,都市：住
RPTPMLPJJHKFFDA77CB,吳興段二小段,4.74,都市：住
RPTPMLPJJHKFFDA77CB,吳興段二小段,4.74,都市：住
RPSPMLPJJHKFFDA67CB,吳興段二小段,4.68,都市：住
RPSPMLPJJHKFFDA67CB,吳興段二小段,4.68,都市：住
RPSPMLPJJHKFFDA67CB,吳興段二小段,4.68,都市：住
RPSPMLPJJHKFFDA67CB,吳興段二小段,4.68,都市：住
RPRPMLPJJHKFFDA57CB,吳興段二小段,4.68,都市：住
RPRPMLPJJHKFFDA57CB,吳興段二小段,4.68,都市：住
RPRPMLPJJHKFFDA57CB,吳興段二小段,4.68,都市：住
RPRPMLPJJHKFFDA57CB,吳興段二小段,4.68,都市：住
RPVPMLPJJHKFFDA97CB,吳興段二小段,4.74,都市：住
RPVPMLPJJHKFFDA97CB,吳興段二小段,4.74,都市：住
RPVPMLPJJHKFFDA97CB,吳興段二小段,4.74,都市：住
RPVPMLPJJHKFFDA97CB,吳興段二小段,4.74,都市：住
RPWPMLPJJHKFFDA08CB,吳興段二小段,4.74,都市：住
RPWPMLPJJHKFFDA08CB,吳興段二小段,4.74,都市：住
RPWPMLPJJHKFFDA08CB,吳興段二小段,4.74,都市：住
RPWPMLPJJHKFFDA08CB,吳興段二小段,4.74,都市：住
RPPQMLPJJHKFFDA47CB,吳興段二小段,4.74,都市：住
RPPQMLPJJHKFFDA47CB,吳興段二小段,4.74,都市：住
RPPQMLPJJHKFFDA47CB,吳興段二小段,4.74,都市：住
RPPQMLPJJHKFFDA47CB,吳興段二小段,4.74,都市：住
RPQQMLPJJHKFFDA57CB,吳興段二小段,5.13,都市：住
RPQQMLPJJHKFFDA57CB,吳興段二小段,5.13,都市：住
RPQQMLPJJHKFFDA57CB,吳興段二小段,5.13,都市：住
RPQQMLPJJHKFFDA57CB,吳興段二小段,5.13,都市：住
RPXPMLPJJHKFFDA18CB,吳興段二小段,4.74,都市：住
RPXPMLPJJHKFFDA18CB,吳興段二小段,4.74,都市：住
RPXPMLPJJHKFFDA18CB,吳興段二小段,4.74,都市：住
RPXPMLPJJHKFFDA18CB,吳興段二小段,4.74,都市：住
RPOQMLPJJHKFFDA37CB,吳興段二小段,4.74,都市：住
RPOQMLPJJHKFFDA37CB,吳興段二小段,4.74,都市：住
RPOQMLPJJHKFFDA37CB,吳興段二小段,4.74,都市：住
RPOQMLPJJHKFFDA37CB,吳興段二小段,4.74,都市：住
RPUQMLPJJHKFFDA97CB,吳興段二小段,4.74,都市：住
RPUQMLPJJHKFFDA97CB,吳興段二小段,4.74,都市：住
RPUQMLPJJHKFFDA97CB,吳興段二小段,4.74,都市：住
RPUQMLPJJHKFFDA97CB,吳興段二小段,4.74,都市：住
RPTQMLPJJHKFFDA87CB,吳興段二小段,4.74,都市：住
RPTQMLPJJHKFFDA87CB,吳興段二小段,4.74,都市：住
RPTQMLPJJHKFFDA87CB,吳興段二小段,4.74,都市：住
RPTQMLPJJHKFFDA87CB,吳興段二小段,4.74,都市：住
RPVQMLPJJHKFFDA08CB,吳興段二小段,4.74,都市：住
RPVQMLPJJHKFFDA08CB,吳興段二小段,4.74,都市：住
RPVQMLPJJHKFFDA08CB,吳興段二小段,4.74,都市：住
RPVQMLPJJHKFFDA08CB,吳興段二小段,4.74,都市：住
RPRQMLPJJHKFFDA67CB,吳興段二小段,4.74,都市：住
RPRQMLPJJHKFFDA67CB,吳興段二小段,4.74,都市：住
RPRQMLPJJHKFFDA67CB,吳興段二小段,4.74,都市：住
RPRQMLPJJHKFFDA67CB,吳興段二小段,4.74,都市：住
RPSQMLPJJHKFFDA77CB,吳興段二小段,4.74,都市：住
RPSQMLPJJHKFFDA77CB,吳興段二小段,4.74,都市：住
RPSQMLPJJHKFFDA77CB,吳興段二小段,4.74,都市：住
RPSQMLPJJHKFFDA77CB,吳興段二小段,4.74,都市：住
RPXQMLPJJHKFFDA28CB,吳興段二小段,4.74,都市：住
RPXQMLPJJHKFFDA28CB,吳興段二小段,4.74,都市：住
RPXQMLPJJHKFFDA28CB,吳興段二小段,4.74,都市：住
RPXQMLPJJHKFFDA28CB,吳興段二小段,4.74,都市：住
RPWQMLPJJHKFFDA18CB,吳興段二小段,4.74,都市：住
RPWQMLPJJHKFFDA18CB,吳興段二小段,4.74,都市：住
RPWQMLPJJHKFFDA18CB,吳興段二小段,4.74,都市：住
RPWQMLPJJHKFFDA18CB,吳興段二小段,4.74,都市：住
RPORMLPJJHKFFDA47CB,吳興段二小段,6.55,都市：住
RPORMLPJJHKFFDA47CB,吳興段二小段,6.55,都市：住
RPORMLPJJHKFFDA47CB,吳興段二小段,6.55,都市：住
RPORMLPJJHKFFDA47CB,吳興段二小段,6.55,都市：住
RPPRMLPJJHKFFDA57CB,吳興段二小段,6.55,都市：住
RPPRMLPJJHKFFDA57CB,吳興段二小段,6.55,都市：住
RPPRMLPJJHKFFDA57CB,吳興段二小段,6.55,都市：住
RPPRMLPJJHKFFDA57CB,吳興段二小段,6.55,都市：住
RPQRMLPJJHKFFDA67CB,吳興段二小段,6.55,都市：住
RPQRMLPJJHKFFDA67CB,吳興段二小段,6.55,都市：住
RPQRMLPJJHKFFDA67CB,吳興段二小段,6.55,都市：住
RPQRMLPJJHKFFDA67CB,吳興段二小段,6.55,都市：住
RPRRMLPJJHKFFDA77CB,吳興段二小段,8.14,都市：住
RPRRMLPJJHKFFDA77CB,吳興段二小段,8.14,都市：住
RPRRMLPJJHKFFDA77CB,吳興段二小段,8.14,都市：住
RPRRMLPJJHKFFDA77CB,吳興段二小段,8.14,都市：住
RPSRMLPJJHKFFDA87CB,吳興段二小段,5.90,都市：住
RPSRMLPJJHKFFDA87CB,吳興段二小段,5.90,都市：住
RPSRMLPJJHKFFDA87CB,吳興段二小段,5.90,都市：住
RPSRMLPJJHKFFDA87CB,吳興段二小段,5.90,都市：住
RPWOMLQJJHKFFDA08CB,永吉段一小段,1.14,都市：住
RPWOMLQJJHKFFDA08CB,永吉段一小段,24.90,都市：住
RPRNMLRLJHKFFCA67CB,吉林段三小段,10.15,都市：其他
RPRNMLRLJHKFFCA67CB,吉林段三小段,10.71,都市：其他
RPUNMLRLJHKFFCA97CB,吉林段三小段,13.80,都市：其他
RPUNMLRLJHKFFCA97CB,吉林段三小段,14.56,都市：其他
RPTNMLRLJHKFFCA87CB,吉林段三小段,10.28,都市：其他
RPTNMLRLJHKFFCA87CB,吉林段三小段,10.85,都市：其他
RPVNMLRLJHKFFCA08CB,吉林段三小段,13.80,都市：其他
RPVNMLRLJHKFFCA08CB,吉林段三小段,14.56,都市：其他
RPVNMLQKJHKFFEA08CB,百齡段六小段,13.60,都市：住
RPVNMLQKJHKFFEA08CB,百齡段六小段,.23,都市：住
RPVNMLQKJHKFFEA08CB,百齡段六小段,8.67,都市：住
RPXNMLRLJHKFFCA28CB,吉林段三小段,10.28,都市：其他
RPXNMLRLJHKFFCA28CB,吉林段三小段,10.85,都市：其他
RPWOMLRLJHKFFCA28CB,吉林段三小段,10.15,都市：其他
RPWOMLRLJHKFFCA28CB,吉林段三小段,10.71,都市：其他
RPVOMLRLJHKFFCA18CB,吉林段三小段,10.15,都市：其他
RPVOMLRLJHKFFCA18CB,吉林段三小段,10.71,都市：其他
RPROMLRLJHKFFCA77CB,吉林段三小段,10.28,都市：其他
RPROMLRLJHKFFCA77CB,吉林段三小段,10.85,都市：其他
RPOOMLRLJHKFFCA47CB,吉林段三小段,10.28,都市：其他
RPOOMLRLJHKFFCA47CB,吉林段三小段,10.85,都市：其他
RPPOMLRLJHKFFCA57CB,吉林段三小段,10.15,都市：其他
RPPOMLRLJHKFFCA57CB,吉林段三小段,10.71,都市：其他
RPSOMLRLJHKFFCA87CB,吉林段三小段,10.28,都市：其他
RPSOMLRLJHKFFCA87CB,吉林段三小段,10.85,都市：其他
RPQOMLRLJHKFFCA67CB,吉林段三小段,10.28,都市：其他
RPQOMLRLJHKFFCA67CB,吉林段三小段,10.85,都市：其他
RPXOMLRLJHKFFCA38CB,吉林段三小段,10.41,都市：其他
RPXOMLRLJHKFFCA38CB,吉林段三小段,10.99,都市：其他
RPOPMLRLJHKFFCA57CB,吉林段三小段,10.28,都市：其他
RPOPMLRLJHKFFCA57CB,吉林段三小段,10.85,都市：其他
RPSPMLRLJHKFFCA97CB,吉林段三小段,22.91,都市：其他
RPSPMLRLJHKFFCA97CB,吉林段三小段,24.17,都市：其他
RPPPMLRLJHKFFCA67CB,吉林段三小段,13.15,都市：其他
RPPPMLRLJHKFFCA67CB,吉林段三小段,13.87,都市：其他
RPRPMLRLJHKFFCA87CB,吉林段三小段,13.28,都市：其他
RPRPMLRLJHKFFCA87CB,吉林段三小段,14.01,都市：其他
