﻿編號,土地區段位置,土地移轉面積平方公尺,使用分區或編定
The serial number,land sector position,land shifting area square meter,the use zoning or compiles and checks
RPUNMLOKJIJFFCC77CB,暖暖段暖暖小段,42.58,都市：住
RPXNMLOKJIJFFCC08CB,暖暖段暖暖小段,36.70,都市：住
RPOOMLOKJIJFFCC27CB,暖暖段暖暖小段,36.70,都市：住
RPROMLOKJIJFFCC57CB,暖暖段暖暖小段,42.60,都市：住
RPVNMLOKJIJFFCC87CB,暖暖段暖暖小段,42.58,都市：住
RPQOMLOKJIJFFCC47CB,暖暖段暖暖小段,36.70,都市：住
RPSOMLOKJIJFFCC67CB,暖暖段暖暖小段,36.72,都市：住
