﻿鄉鎮市區,交易標的,土地區段位置建物區段門牌,土地移轉總面積平方公尺,都市土地使用分區,非都市土地使用分區,非都市土地使用編定,交易年月日,交易筆棟數,移轉層次,總樓層數,建物型態,主要用途,主要建材,建築完成年月,建物移轉總面積平方公尺,建物現況格局-房,建物現況格局-廳,建物現況格局-衛,建物現況格局-隔間,有無管理組織,總價元,單價元平方公尺,車位類別,車位移轉總面積平方公尺,車位總價元,備註,編號
The villages and towns urban district,transaction sign,land sector position building sector house number plate,land shifting total area square meter,the use zoning or compiles and checks,the non-metropolis land use district,non-metropolis land use,transaction year month and day,transaction pen number,shifting level,total floor number,building state,main use,main building materials,construction to complete the years,building shifting total area,Building present situation pattern - room,building present situation pattern - hall,building present situation pattern - health,building present situation pattern - compartmented,Whether there is manages the organization,total price NTD,the unit price (NTD / square meter),the berth category,berth shifting total area square meter,the berth total price NTD,the note,serial number
北區,房地(土地+建物)+車位,北元段601~630地號,24.41,住,,,1030614,土地1建物1車位1,四層,24,住宅大樓(11層含以上有電梯),住家用,鋼筋混凝土造,,209.27,3,2,2,有,無,14480000,77918,坡道平面,37.55,1100000,,RPQOMLRKKIJFFAD87DB
北區,房地(土地+建物)+車位,北元段601~630地號,24.41,住,,,1030606,土地1建物1車位1,三層,24,住宅大樓(11層含以上有電梯),住家用,鋼筋混凝土造,,209.27,3,2,2,有,無,14890000,80305,坡道平面,37.55,1100000,,RPROMLRKKIJFFAD97DB
北區,房地(土地+建物)+車位,北元段601~630地號,24.41,住,,,1030526,土地1建物1車位1,六層,24,住宅大樓(11層含以上有電梯),住家用,鋼筋混凝土造,,209.27,3,2,2,有,無,14900000,79781,坡道平面,37.55,1200000,,RPSOMLRKKIJFFAD08DB
北區,房地(土地+建物)+車位,北元段601~630地號,24.41,住,,,1030621,土地1建物1車位1,七層,24,住宅大樓(11層含以上有電梯),住家用,鋼筋混凝土造,,209.27,3,2,2,有,無,14920000,80480,坡道平面,37.55,1100000,,RPTOMLRKKIJFFAD18DB
北區,房地(土地+建物)+車位,北元段601~630地號,24.41,住,,,1030624,土地1建物1車位1,八層,24,住宅大樓(11層含以上有電梯),住家用,鋼筋混凝土造,,209.27,3,2,2,有,無,15460000,83042,坡道平面,37.55,1200000,,RPUOMLRKKIJFFAD28DB
北區,房地(土地+建物)+車位,北元段601~630地號,24.41,住,,,1030527,土地1建物1車位1,九層,24,住宅大樓(11層含以上有電梯),住家用,鋼筋混凝土造,,209.27,3,2,2,有,無,15490000,83799,坡道平面,37.55,1100000,,RPVOMLRKKIJFFAD38DB
北區,房地(土地+建物)+車位,北元段601~630地號,31.41,住,,,1030606,土地1建物1車位2,一層,24,住宅大樓(11層含以上有電梯),住家用,鋼筋混凝土造,,197.3,0,0,1,有,無,38500000,292144,坡道平面,75.1,2800000,,RPWOMLRKKIJFFAD48DB
北區,房地(土地+建物)+車位,北元段601~630地號,24.41,住,,,1030606,土地1建物1車位1,十層,24,住宅大樓(11層含以上有電梯),住家用,鋼筋混凝土造,,209.27,3,2,2,有,無,15410000,82751,坡道平面,37.55,1200000,,RPXOMLRKKIJFFAD58DB
北區,房地(土地+建物)+車位,北元段601~630地號,18.5,住,,,1030515,土地1建物1車位1,一層,24,住宅大樓(11層含以上有電梯),住家用,鋼筋混凝土造,,123.16,0,0,1,有,無,22930000,251489,坡道平面,37.55,1400000,,RPOPMLRKKIJFFAD77DB
北區,房地(土地+建物)+車位,北元段601~630地號,32.24,住,,,1030825,土地1建物1車位2,五層,24,住宅大樓(11層含以上有電梯),住家用,鋼筋混凝土造,,265.35,4,2,3,有,無,20310000,91958,坡道平面,69.5,2300000,,RPQPMLRKKIJFFAD97DB
北區,房地(土地+建物)+車位,北元段601~630地號,24.41,住,,,1030602,土地1建物1車位1,十三層,24,住宅大樓(11層含以上有電梯),住家用,鋼筋混凝土造,,209.27,3,2,2,有,無,16100000,86769,坡道平面,37.55,1200000,,RPRPMLRKKIJFFAD08DB
北區,房地(土地+建物)+車位,北元段601~630地號,32.57,住,,,1030612,土地1建物1車位2,六層,24,住宅大樓(11層含以上有電梯),住家用,鋼筋混凝土造,,265.76,4,2,3,有,無,20590000,95405,坡道平面,75.1,2400000,,RPSPMLRKKIJFFAD18DB
北區,房地(土地+建物)+車位,北元段601~630地號,32.57,住,,,1030618,土地1建物1車位2,七層,24,住宅大樓(11層含以上有電梯),住家用,鋼筋混凝土造,,265.35,4,2,3,有,無,20730000,96347,坡道平面,75.1,2400000,,RPTPMLRKKIJFFAD28DB
北區,房地(土地+建物)+車位,北元段601~630地號,26.58,住,,,1030608,土地1建物1車位2,十四層,24,住宅大樓(11層含以上有電梯),住家用,鋼筋混凝土造,,209.27,3,2,2,有,無,17540000,109752,坡道平面,69.5,2200000,,RPUPMLRKKIJFFAD38DB
北區,房地(土地+建物)+車位,北元段601~630地號,32.24,住,,,1030613,土地1建物1車位2,八層,24,住宅大樓(11層含以上有電梯),住家用,鋼筋混凝土造,,265.76,4,2,3,有,無,20020000,90288,坡道平面,69.5,2300000,,RPVPMLRKKIJFFAD48DB
北區,房地(土地+建物)+車位,北元段601~630地號,24.41,住,,,1030614,土地1建物1車位1,十五層,24,住宅大樓(11層含以上有電梯),住家用,鋼筋混凝土造,,209.27,3,2,2,有,無,16030000,86362,坡道平面,37.55,1200000,,RPWPMLRKKIJFFAD58DB
北區,房地(土地+建物)+車位,北元段601~630地號,31.91,住,,,1030715,土地1建物1車位2,九層,24,住宅大樓(11層含以上有電梯),住家用,鋼筋混凝土造,,265.35,4,2,3,有,無,20050000,88608,坡道平面,63.9,2200000,,RPXPMLRKKIJFFAD68DB
北區,房地(土地+建物)+車位,北元段601~630地號,26.58,住,,,1030630,土地1建物1車位2,十六層,24,住宅大樓(11層含以上有電梯),住家用,鋼筋混凝土造,,209.27,3,2,2,有,無,17900000,111612,坡道平面,69.5,2300000,,RPOQMLRKKIJFFAD87DB
北區,房地(土地+建物)+車位,北元段601~630地號,32.57,住,,,1030530,土地1建物1車位2,十層,24,住宅大樓(11層含以上有電梯),住家用,鋼筋混凝土造,,265.76,4,2,3,有,無,21030000,96664,坡道平面,75.1,2600000,,RPPQMLRKKIJFFAD97DB
北區,房地(土地+建物)+車位,北元段601~630地號,30.08,住,,,1030605,土地1建物1車位1,十一層,24,住宅大樓(11層含以上有電梯),住家用,鋼筋混凝土造,,265.35,4,2,3,有,無,20080000,83319,坡道平面,37.55,1100000,,RPQQMLRKKIJFFAD08DB
北區,房地(土地+建物)+車位,北元段601~630地號,26.91,住,,,1030526,土地1建物1車位2,十七層,24,住宅大樓(11層含以上有電梯),住家用,鋼筋混凝土造,,209.27,3,2,2,有,無,17290000,112469,坡道平面,75.1,2200000,,RPRQMLRKKIJFFAD18DB
北區,房地(土地+建物)+車位,北元段601~630地號,32.24,住,,,1030528,土地1建物1車位2,十二層,24,住宅大樓(11層含以上有電梯),住家用,鋼筋混凝土造,,265.76,4,2,3,有,無,20750000,93498,坡道平面,69.5,2400000,,RPSQMLRKKIJFFAD28DB
北區,房地(土地+建物)+車位,北元段601~630地號,32.57,住,,,1030611,土地1建物1車位2,十三層,24,住宅大樓(11層含以上有電梯),住家用,鋼筋混凝土造,,265.35,4,2,3,有,無,20880000,97135,坡道平面,75.1,2400000,,RPTQMLRKKIJFFAD38DB
北區,房地(土地+建物)+車位,北元段601~630地號,30.08,住,,,1030617,土地1建物1車位1,十四層,24,住宅大樓(11層含以上有電梯),住家用,鋼筋混凝土造,,265.76,4,2,3,有,無,20680000,85360,坡道平面,37.55,1200000,,RPUQMLRKKIJFFAD48DB
北區,房地(土地+建物)+車位,北元段601~630地號,24.24,住,,,1030615,土地1建物1車位1,十九層,24,住宅大樓(11層含以上有電梯),住家用,鋼筋混凝土造,,209.78,3,2,2,有,無,17190000,89917,坡道平面,31.95,1200000,,RPVQMLRKKIJFFAD58DB
北區,房地(土地+建物)+車位,北元段601~630地號,32.24,住,,,1030613,土地1建物1車位2,十五層,24,住宅大樓(11層含以上有電梯),住家用,鋼筋混凝土造,,265.35,4,2,3,有,無,21510000,98085,坡道平面,69.5,2300000,,RPWQMLRKKIJFFAD68DB
北區,房地(土地+建物)+車位,北元段601~630地號,32.57,住,,,1030516,土地1建物1車位2,十六層,24,住宅大樓(11層含以上有電梯),住家用,鋼筋混凝土造,,265.49,4,2,3,有,無,21600000,99795,坡道平面,75.1,2600000,,RPXQMLRKKIJFFAD78DB
北區,房地(土地+建物)+車位,北元段601~630地號,32.57,住,,,1030526,土地1建物1車位2,十七層,24,住宅大樓(11層含以上有電梯),住家用,鋼筋混凝土造,,265.35,4,2,3,有,無,21530000,100552,坡道平面,75.1,2400000,,RPORMLRKKIJFFAD97DB
北區,房地(土地+建物)+車位,北元段601~630地號,24.24,住,,,1030614,土地1建物1車位1,二十層,24,住宅大樓(11層含以上有電梯),住家用,鋼筋混凝土造,,209.78,3,2,2,有,無,16750000,87443,坡道平面,31.95,1200000,,RPPRMLRKKIJFFAD08DB
北區,房地(土地+建物)+車位,北元段601~630地號,32.24,住,,,1030618,土地1建物1車位2,十八層,24,住宅大樓(11層含以上有電梯),住家用,鋼筋混凝土造,,265.59,4,2,3,有,無,22600000,102504,坡道平面,69.5,2500000,,RPQRMLRKKIJFFAD18DB
北區,房地(土地+建物)+車位,北元段601~630地號,24.58,住,,,1030826,土地1建物1車位1,二十一層,24,住宅大樓(11層含以上有電梯),住家用,鋼筋混凝土造,,209.78,3,2,2,有,無,17760000,94989,坡道平面,37.55,1400000,,RPRRMLRKKIJFFAD28DB
北區,房地(土地+建物)+車位,北元段601~630地號,32.57,住,,,1030606,土地1建物1車位2,十九層,24,住宅大樓(11層含以上有電梯),住家用,鋼筋混凝土造,,265.18,4,2,3,有,無,22840000,106481,坡道平面,75.1,2600000,,RPSRMLRKKIJFFAD38DB
北區,房地(土地+建物)+車位,北元段601~630地號,32.57,住,,,1030526,土地1建物1車位2,二十層,24,住宅大樓(11層含以上有電梯),住家用,鋼筋混凝土造,,265.59,4,2,3,有,無,22310000,103470,坡道平面,75.1,2600000,,RPTRMLRKKIJFFAD48DB
北區,房地(土地+建物)+車位,北元段601~630地號,24.58,住,,,1030525,土地1建物1車位1,二十二層,24,住宅大樓(11層含以上有電梯),住家用,鋼筋混凝土造,,209.78,3,2,2,有,無,17220000,92435,坡道平面,37.55,1300000,,RPURMLRKKIJFFAD58DB
北區,房地(土地+建物)+車位,北元段601~630地號,32.57,住,,,1030604,土地1建物1車位2,二十一層,24,住宅大樓(11層含以上有電梯),住家用,鋼筋混凝土造,,265.18,4,2,3,有,無,22720000,106902,坡道平面,75.1,2400000,,RPVRMLRKKIJFFAD68DB
北區,房地(土地+建物)+車位,北元段601~630地號,32.57,住,,,1030528,土地1建物1車位2,二十二層,24,住宅大樓(11層含以上有電梯),住家用,鋼筋混凝土造,,265.59,4,2,3,有,無,22780000,105937,坡道平面,75.1,2600000,,RPWRMLRKKIJFFAD78DB
北區,房地(土地+建物)+車位,北元段601~630地號,32.57,住,,,1030601,土地1建物1車位2,二十三層,24,住宅大樓(11層含以上有電梯),住家用,鋼筋混凝土造,,265.18,4,2,3,有,無,23400000,109428,坡道平面,75.1,2600000,,RPXRMLRKKIJFFAD88DB
北區,房地(土地+建物)+車位,北元段601~630地號,29.58,住,,,1030619,土地1建物1車位2,三層,24,住宅大樓(11層含以上有電梯),住家用,鋼筋混凝土造,,235.84,4,2,3,有,無,17800000,94385,坡道平面,69.5,2100000,,RPOSMLRKKIJFFAD08DB
北區,房地(土地+建物)+車位,北元段601~630地號,31.41,住,,,1030625,土地1建物1車位2,四層,24,住宅大樓(11層含以上有電梯),住家用,鋼筋混凝土造,,249.21,4,2,3,有,無,18400000,90702,坡道平面,69.5,2100000,,RPPSMLRKKIJFFAD18DB
北區,房地(土地+建物)+車位,北元段601~630地號,31.74,住,,,1030609,土地1建物1車位2,五層,24,住宅大樓(11層含以上有電梯),住家用,鋼筋混凝土造,,249.62,4,2,3,有,無,19130000,97009,坡道平面,75.1,2200000,,RPQSMLRKKIJFFAD28DB
北區,房地(土地+建物)+車位,北元段601~630地號,29.91,住,,,1030609,土地1建物1車位2,四層,24,住宅大樓(11層含以上有電梯),住家用,鋼筋混凝土造,,235.84,4,2,3,有,無,17720000,95931,坡道平面,75.1,2300000,,RPRSMLRKKIJFFAD38DB
北區,房地(土地+建物)+車位,北元段601~630地號,31.41,住,,,1030625,土地1建物1車位2,六層,24,住宅大樓(11層含以上有電梯),住家用,鋼筋混凝土造,,249.21,4,2,3,有,無,19350000,94875,坡道平面,69.5,2300000,,RPSSMLRKKIJFFAD48DB
北區,房地(土地+建物)+車位,北元段601~630地號,31.41,住,,,1030528,土地1建物1車位2,七層,24,住宅大樓(11層含以上有電梯),住家用,鋼筋混凝土造,,249.62,4,2,3,有,無,18590000,91550,坡道平面,69.5,2100000,,RPTSMLRKKIJFFAD58DB
北區,房地(土地+建物)+車位,北元段601~630地號,31.74,住,,,1030603,土地1建物1車位2,八層,24,住宅大樓(11層含以上有電梯),住家用,鋼筋混凝土造,,249.21,4,2,3,有,無,19590000,97582,坡道平面,75.1,2600000,,RPUSMLRKKIJFFAD68DB
北區,房地(土地+建物)+車位,北元段601~630地號,27.41,住,,,1030601,土地1建物1車位1,五層,24,住宅大樓(11層含以上有電梯),住家用,鋼筋混凝土造,,235.84,4,2,3,有,無,16400000,77160,坡道平面,37.55,1100000,,RPVSMLRKKIJFFAD78DB
北區,房地(土地+建物)+車位,北元段601~630地號,31.74,住,,,1030612,土地1建物1車位2,九層,24,住宅大樓(11層含以上有電梯),住家用,鋼筋混凝土造,,249.62,4,2,3,有,無,19560000,98327,坡道平面,75.1,2400000,,RPWSMLRKKIJFFAD88DB
北區,房地(土地+建物)+車位,北元段601~630地號,31.41,住,,,1030531,土地1建物1車位2,十層,24,住宅大樓(11層含以上有電梯),住家用,鋼筋混凝土造,,249.21,4,2,3,有,無,19200000,94025,坡道平面,69.47,2300000,,RPXSMLRKKIJFFAD98DB
北區,房地(土地+建物)+車位,北元段601~630地號,29.91,住,,,1030602,土地1建物1車位2,六層,24,住宅大樓(11層含以上有電梯),住家用,鋼筋混凝土造,,235.84,4,2,3,有,無,18170000,98109,坡道平面,75.1,2400000,,RPOTMLRKKIJFFAD18DB
北區,房地(土地+建物)+車位,北元段601~630地號,31.41,住,,,1030604,土地1建物1車位2,十一層,24,住宅大樓(11層含以上有電梯),住家用,鋼筋混凝土造,,249.62,4,2,3,有,無,19380000,94810,坡道平面,69.47,2300000,,RPPTMLRKKIJFFAD28DB
北區,房地(土地+建物)+車位,北元段601~630地號,31.41,住,,,1030531,土地1建物1車位2,十二層,24,住宅大樓(11層含以上有電梯),住家用,鋼筋混凝土造,,249.21,4,2,3,有,無,19710000,95749,坡道平面,69.47,2500000,,RPQTMLRKKIJFFAD38DB
北區,房地(土地+建物)+車位,北元段601~630地號,27.08,住,,,1030608,土地1建物1車位1,七層,24,住宅大樓(11層含以上有電梯),住家用,鋼筋混凝土造,,235.84,4,2,3,有,無,16920000,78081,坡道平面,31.95,1000000,,RPRTMLRKKIJFFAD48DB
北區,房地(土地+建物)+車位,北元段601~630地號,31.74,住,,,1030531,土地1建物1車位2,十三層,24,住宅大樓(11層含以上有電梯),住家用,鋼筋混凝土造,,249.62,4,2,3,有,無,19980000,99587,坡道平面,75.1,2600000,,RPSTMLRKKIJFFAD58DB
北區,房地(土地+建物)+車位,北元段601~630地號,31.74,住,,,1030605,土地1建物1車位2,十四層,24,住宅大樓(11層含以上有電梯),住家用,鋼筋混凝土造,,249.21,4,2,3,有,無,20460000,104876,坡道平面,75.1,2200000,,RPTTMLRKKIJFFAD68DB
北區,房地(土地+建物)+車位,北元段601~630地號,32.41,住,,,1030614,土地1建物1車位3,八層,24,住宅大樓(11層含以上有電梯),住家用,鋼筋混凝土造,,235.84,4,2,3,有,無,20120000,133290,坡道平面,112.65,3700000,,RPUTMLRKKIJFFAD78DB
北區,房地(土地+建物)+車位,北元段601~630地號,31.41,住,,,1030528,土地1建物1車位2,十五層,24,住宅大樓(11層含以上有電梯),住家用,鋼筋混凝土造,,249.62,4,2,3,有,無,20360000,100266,坡道平面,69.5,2300000,,RPVTMLRKKIJFFAD88DB
北區,房地(土地+建物)+車位,北元段601~630地號,31.74,住,,,1030609,土地1建物1車位2,十六層,24,住宅大樓(11層含以上有電梯),住家用,鋼筋混凝土造,,249.21,4,2,3,有,無,20210000,102292,坡道平面,75.1,2400000,,RPWTMLRKKIJFFAD98DB
北區,房地(土地+建物)+車位,北元段601~630地號,29.58,住,,,1030624,土地1建物1車位2,九層,24,住宅大樓(11層含以上有電梯),住家用,鋼筋混凝土造,,235.84,4,2,3,有,無,18860000,99555,坡道平面,69.5,2300000,,RPXTMLRKKIJFFAD09DB
北區,房地(土地+建物)+車位,北元段601~630地號,29.24,住,,,1030605,土地1建物1車位1,十七層,24,住宅大樓(11層含以上有電梯),住家用,鋼筋混凝土造,,249.62,4,2,3,有,無,19290000,84830,坡道平面,37.55,1300000,,RPOUMLRKKIJFFAD28DB
北區,房地(土地+建物)+車位,北元段601~630地號,31.49,住,,,1030620,土地1建物1車位2,十八層,24,住宅大樓(11層含以上有電梯),住家用,鋼筋混凝土造,,249.59,4,2,3,有,無,21380000,104836,坡道平面,69.5,2500000,,RPPUMLRKKIJFFAD38DB
北區,房地(土地+建物)+車位,北元段601~630地號,31.82,住,,,1030528,土地1建物1車位2,十九層,24,住宅大樓(11層含以上有電梯),住家用,鋼筋混凝土造,,249.99,4,2,3,有,無,21100000,106924,坡道平面,75.1,2400000,,RPQUMLRKKIJFFAD48DB
北區,房地(土地+建物)+車位,北元段601~630地號,27.41,住,,,1030613,土地1建物1車位1,十一層,24,住宅大樓(11層含以上有電梯),住家用,鋼筋混凝土造,,235.84,4,2,3,有,無,17690000,83161,坡道平面,37.55,1200000,,RPRUMLRKKIJFFAD58DB
北區,房地(土地+建物)+車位,北元段601~630地號,31.82,住,,,1030609,土地1建物1車位2,二十層,24,住宅大樓(11層含以上有電梯),住家用,鋼筋混凝土造,,249.59,4,2,3,有,無,21480000,108201,坡道平面,75.1,2600000,,RPSUMLRKKIJFFAD68DB
北區,房地(土地+建物)+車位,北元段601~630地號,27.41,住,,,1030613,土地1建物1車位1,十層,24,住宅大樓(11層含以上有電梯),住家用,鋼筋混凝土造,,235.84,4,2,3,有,無,17550000,82455,坡道平面,37.55,1200000,,RPTUMLRKKIJFFAD78DB
北區,房地(土地+建物)+車位,北元段601~630地號,31.49,住,,,1030524,土地1建物1車位2,二十一層,24,住宅大樓(11層含以上有電梯),住家用,鋼筋混凝土造,,249.99,4,2,3,有,無,21260000,103939,坡道平面,69.5,2500000,,RPUUMLRKKIJFFAD88DB
北區,房地(土地+建物)+車位,北元段601~630地號,31.82,住,,,1030604,土地1建物1車位2,二十二層,24,住宅大樓(11層含以上有電梯),住家用,鋼筋混凝土造,,249.59,4,2,3,有,無,22320000,113015,坡道平面,75.1,2600000,,RPVUMLRKKIJFFAD98DB
北區,房地(土地+建物)+車位,北元段601~630地號,29.58,住,,,1030613,土地1建物1車位2,十二層,24,住宅大樓(11層含以上有電梯),住家用,鋼筋混凝土造,,235.84,4,2,3,有,無,19300000,102200,坡道平面,69.5,2300000,,RPWUMLRKKIJFFAD09DB
北區,房地(土地+建物)+車位,北元段601~630地號,31.82,住,,,1030605,土地1建物1車位2,二十三層,24,住宅大樓(11層含以上有電梯),住家用,鋼筋混凝土造,,249.99,4,2,3,有,無,22570000,114186,坡道平面,75.1,2600000,,RPXUMLRKKIJFFAD56DB
北區,房地(土地+建物)+車位,北元段601~630地號,29.91,住,,,1030528,土地1建物1車位2,十三層,24,住宅大樓(11層含以上有電梯),住家用,鋼筋混凝土造,,235.84,4,2,3,有,無,19180000,104392,坡道平面,75.1,2400000,,RPOVMLRKKIJFFAD38DB
北區,房地(土地+建物)+車位,北元段601~630地號,27.24,住,,,1030620,土地1建物1車位2,二層,24,住宅大樓(11層含以上有電梯),住家用,鋼筋混凝土造,,206.33,3,2,2,有,無,15610000,98736,坡道平面,69.5,2100000,,RPPVMLRKKIJFFAD48DB
北區,房地(土地+建物)+車位,北元段601~630地號,29.24,住,,,1030530,土地1建物1車位2,十四層,24,住宅大樓(11層含以上有電梯),住家用,鋼筋混凝土造,,235.84,4,2,3,有,無,18970000,96371,坡道平面,63.9,2400000,,RPQVMLRKKIJFFAD58DB
北區,房地(土地+建物)+車位,北元段601~630地號,27.58,住,,,1030605,土地1建物1車位2,三層,24,住宅大樓(11層含以上有電梯),住家用,鋼筋混凝土造,,207.02,3,2,2,有,無,15570000,101349,坡道平面,75.1,2200000,,RPRVMLRKKIJFFAD68DB
北區,房地(土地+建物)+車位,北元段601~630地號,25.08,住,,,1030603,土地1建物1車位1,四層,24,住宅大樓(11層含以上有電梯),住家用,鋼筋混凝土造,,207.02,3,2,2,有,無,14530000,79247,坡道平面,37.55,1100000,,RPSVMLRKKIJFFAD78DB
北區,房地(土地+建物)+車位,北元段601~630地號,25.08,住,,,1030606,土地1建物1車位1,五層,24,住宅大樓(11層含以上有電梯),住家用,鋼筋混凝土造,,207.02,3,2,2,有,無,14600000,79660,坡道平面,37.55,1100000,,RPTVMLRKKIJFFAD88DB
北區,房地(土地+建物)+車位,北元段601~630地號,29.58,住,,,1030608,土地1建物1車位2,十五層,24,住宅大樓(11層含以上有電梯),住家用,鋼筋混凝土造,,235.84,4,2,3,有,無,19210000,100457,坡道平面,69.5,2500000,,RPUVMLRKKIJFFAD98DB
北區,房地(土地+建物)+車位,北元段601~630地號,25.08,住,,,1030611,土地1建物1車位1,六層,24,住宅大樓(11層含以上有電梯),住家用,鋼筋混凝土造,,207.02,3,2,2,有,無,15160000,82965,坡道平面,37.55,1100000,,RPVVMLRKKIJFFAD09DB
北區,房地(土地+建物)+車位,北元段601~630地號,25.08,住,,,1030609,土地1建物1車位1,七層,24,住宅大樓(11層含以上有電梯),住家用,鋼筋混凝土造,,207.02,3,2,2,有,無,14960000,81784,坡道平面,37.55,1100000,,RPWVMLRKKIJFFAD56DB
北區,房地(土地+建物)+車位,北元段601~630地號,29.91,住,,,1030606,土地1建物1車位2,十六層,24,住宅大樓(11層含以上有電梯),住家用,鋼筋混凝土造,,235.84,4,2,3,有,無,19260000,104890,坡道平面,75.1,2400000,,RPXVMLRKKIJFFAD66DB
北區,房地(土地+建物)+車位,北元段601~630地號,27.24,住,,,1030524,土地1建物1車位2,八層,24,住宅大樓(11層含以上有電梯),住家用,鋼筋混凝土造,,207.02,3,2,2,有,無,16500000,101803,坡道平面,69.5,2500000,,RPOWMLRKKIJFFAD48DB
北區,房地(土地+建物)+車位,北元段601~630地號,26.91,住,,,1030529,土地1建物1車位2,九層,24,住宅大樓(11層含以上有電梯),住家用,鋼筋混凝土造,,207.02,3,2,2,有,無,16410000,98589,坡道平面,63.9,2300000,,RPPWMLRKKIJFFAD58DB
北區,房地(土地+建物)+車位,北元段601~630地號,29.58,住,,,1030527,土地1建物1車位2,十七層,24,住宅大樓(11層含以上有電梯),住家用,鋼筋混凝土造,,235.84,4,2,3,有,無,19640000,104244,坡道平面,69.5,2300000,,RPQWMLRKKIJFFAD68DB
北區,房地(土地+建物)+車位,北元段601~630地號,27.58,住,,,1030605,土地1建物1車位2,十層,24,住宅大樓(11層含以上有電梯),住家用,鋼筋混凝土造,,207.02,3,2,2,有,無,16730000,107868,坡道平面,75.1,2500000,,RPRWMLRKKIJFFAD78DB
北區,房地(土地+建物)+車位,北元段601~630地號,25.08,住,,,1030606,土地1建物1車位1,十一層,24,住宅大樓(11層含以上有電梯),住家用,鋼筋混凝土造,,207.02,3,2,2,有,無,15770000,86564,坡道平面,37.55,1100000,,RPSWMLRKKIJFFAD88DB
北區,房地(土地+建物)+車位,北元段601~630地號,29.58,住,,,1030521,土地1建物1車位2,十八層,24,住宅大樓(11層含以上有電梯),住家用,鋼筋混凝土造,,235.84,4,2,3,有,無,19440000,103042,坡道平面,69.5,2300000,,RPTWMLRKKIJFFAD98DB
北區,房地(土地+建物)+車位,北元段601~630地號,25.08,住,,,1030602,土地1建物1車位1,十二層,24,住宅大樓(11層含以上有電梯),住家用,鋼筋混凝土造,,207.02,3,2,2,有,無,15780000,85443,坡道平面,37.55,1300000,,RPUWMLRKKIJFFAD09DB
北區,房地(土地+建物)+車位,北元段601~630地號,25.08,住,,,1030530,土地1建物1車位1,十三層,24,住宅大樓(11層含以上有電梯),住家用,鋼筋混凝土造,,207.02,3,2,2,有,無,16120000,88039,坡道平面,37.55,1200000,,RPVWMLRKKIJFFAD56DB
北區,房地(土地+建物)+車位,北元段601~630地號,29.58,住,,,1030603,土地1建物1車位2,二十層,24,住宅大樓(11層含以上有電梯),住家用,鋼筋混凝土造,,235.84,4,2,3,有,無,20500000,109414,坡道平面,69.5,2300000,,RPWWMLRKKIJFFAD66DB
北區,房地(土地+建物)+車位,北元段601~630地號,24.74,住,,,1030611,土地1建物1車位1,十四層,24,住宅大樓(11層含以上有電梯),住家用,鋼筋混凝土造,,207.02,3,2,2,有,無,15840000,84195,坡道平面,31.95,1100000,,RPXWMLRKKIJFFAD76DB
北區,房地(土地+建物)+車位,北元段601~630地號,25.08,住,,,1030530,土地1建物1車位1,十五層,24,住宅大樓(11層含以上有電梯),住家用,鋼筋混凝土造,,207.02,3,2,2,有,無,16160000,87685,坡道平面,37.55,1300000,,RPONNLRKKIJFFAD67DB
北區,房地(土地+建物)+車位,北元段601~630地號,29.58,住,,,1030608,土地1建物1車位2,二十一層,24,住宅大樓(11層含以上有電梯),住家用,鋼筋混凝土造,,235.84,4,2,3,有,無,20650000,108513,坡道平面,69.5,2600000,,RPPNNLRKKIJFFAD77DB
北區,房地(土地+建物)+車位,北元段601~630地號,25.08,住,,,1030609,土地1建物1車位1,十六層,24,住宅大樓(11層含以上有電梯),住家用,鋼筋混凝土造,,207.02,3,2,2,有,無,16180000,88393,坡道平面,37.55,1200000,,RPQNNLRKKIJFFAD87DB
北區,房地(土地+建物)+車位,北元段601~630地號,25.08,住,,,1030531,土地1建物1車位1,十七層,24,住宅大樓(11層含以上有電梯),住家用,鋼筋混凝土造,,207.02,3,2,2,有,無,16420000,89219,坡道平面,37.55,1300000,,RPRNNLRKKIJFFAD97DB
北區,房地(土地+建物)+車位,北元段601~630地號,29.58,住,,,1030606,土地1建物1車位2,二十二層,24,住宅大樓(11層含以上有電梯),住家用,鋼筋混凝土造,,235.84,4,2,3,有,無,20420000,107731,坡道平面,69.5,2500000,,RPSNNLRKKIJFFAD08DB
北區,房地(土地+建物)+車位,北元段601~630地號,25.08,住,,,1030609,土地1建物1車位1,十八層,24,住宅大樓(11層含以上有電梯),住家用,鋼筋混凝土造,,207.02,3,2,2,有,無,16450000,89986,坡道平面,37.55,1200000,,RPTNNLRKKIJFFAD18DB
北區,房地(土地+建物)+車位,北元段601~630地號,29.91,住,,,1030614,土地1建物1車位2,二十三層,24,住宅大樓(11層含以上有電梯),住家用,鋼筋混凝土造,,235.84,4,2,3,有,無,21540000,117208,坡道平面,75.1,2700000,,RPUNNLRKKIJFFAD28DB
北區,房地(土地+建物)+車位,北元段601~630地號,25.08,住,,,1030609,土地1建物1車位1,十九層,24,住宅大樓(11層含以上有電梯),住家用,鋼筋混凝土造,,207.02,3,2,2,有,無,16580000,90754,坡道平面,37.55,1200000,,RPVNNLRKKIJFFAD38DB
北區,房地(土地+建物)+車位,北元段601~630地號,25.08,住,,,1030611,土地1建物1車位1,二十層,24,住宅大樓(11層含以上有電梯),住家用,鋼筋混凝土造,,207.02,3,2,2,有,無,17380000,95474,坡道平面,37.55,1200000,,RPWNNLRKKIJFFAD48DB
北區,房地(土地+建物)+車位,北元段601~630地號,25.08,住,,,1030526,土地1建物1車位1,二十一層,24,住宅大樓(11層含以上有電梯),住家用,鋼筋混凝土造,,207.02,3,2,2,有,無,17360000,94766,坡道平面,37.55,1300000,,RPXNNLRKKIJFFAD58DB
北區,房地(土地+建物)+車位,北元段601~630地號,25.08,住,,,1030527,土地1建物1車位1,二十二層,24,住宅大樓(11層含以上有電梯),住家用,鋼筋混凝土造,,207.02,3,2,2,有,無,17220000,93940,坡道平面,37.55,1300000,,RPOONLRKKIJFFAD77DB
北區,房地(土地+建物)+車位,北元段601~630地號,27.58,住,,,1030602,土地1建物1車位1,二十三層,24,住宅大樓(11層含以上有電梯),住家用,鋼筋混凝土造,,207.02,3,2,2,有,無,18630000,122271,坡道平面,75.1,2500000,,RPPONLRKKIJFFAD87DB
北區,房地(土地+建物)+車位,北元段601~630地號,25.08,住,,,1030529,土地1建物1車位1,二十四層,24,住宅大樓(11層含以上有電梯),住家用,鋼筋混凝土造,,207.02,3,2,2,有,無,17960000,97716,坡道平面,37.55,1400000,,RPSONLRKKIJFFAD18DB
北區,房地(土地+建物)+車位,北元段601~630地號,24.08,住,,,1030608,土地1建物1車位1,五層,24,住宅大樓(11層含以上有電梯),住家用,鋼筋混凝土造,,209.27,3,2,2,有,無,14880000,78277,坡道平面,31.95,1000000,,RPTONLRKKIJFFAD28DB
北區,房地(土地+建物)+車位,北元段601~630地號,24.58,住,,,1030614,土地1建物1車位1,十八層,24,住宅大樓(11層含以上有電梯),住家用,鋼筋混凝土造,,209.78,3,2,2,有,無,17170000,92144,坡道平面,37.55,1300000,,RPUONLRKKIJFFAD38DB
北區,房地(土地+建物)+車位,北元段601~630地號,24.41,住,,,1030611,土地1建物1車位1,十二層,24,住宅大樓(11層含以上有電梯),住家用,鋼筋混凝土造,,209.27,3,2,2,有,無,15970000,86012,坡道平面,37.55,1200000,,RPWONLRKKIJFFAD58DB
北區,房地(土地+建物)+車位,北元段601~630地號,24.41,住,,,1030604,土地1建物1車位1,十一層,24,住宅大樓(11層含以上有電梯),住家用,鋼筋混凝土造,,209.27,3,2,2,有,無,16060000,87119,坡道平面,37.55,1100000,,RPOPNLRKKIJFFAD87DB
北區,房地(土地+建物)+車位,北元段601~630地號,29.91,住,,,1030530,土地1建物1車位2,十九層,24,住宅大樓(11層含以上有電梯),住家用,鋼筋混凝土造,,235.84,4,2,3,有,無,20020000,109618,坡道平面,75.1,2400000,,RPPPNLRKKIJFFAD97DB
