﻿鄉鎮市區,交易標的,土地區段位置建物區段門牌,土地面積平方公尺,都市土地使用分區,非都市土地使用分區,非都市土地使用編定,租賃年月日,租賃筆棟數,租賃層次,總樓層數,建物型態,主要用途,主要建材,建築完成年月,建物總面積平方公尺,建物現況格局-房,建物現況格局-廳,建物現況格局-衛,建物現況格局-隔間,有無管理組織,有無附傢俱,總額元,單價元平方公尺,車位類別,車位面積平方公尺,車位總額元,備註,編號
The villages and towns urban district,transaction sign,land sector position building sector house number plate,land shifting total area square meter,the use zoning or compiles and checks,the non-metropolis land use district,non-metropolis land use,transaction year month and day,transaction pen number,shifting level,total floor number,building state,main use,main building materials,construction to complete the years,building shifting total area,Building present situation pattern - room,building present situation pattern - hall,building present situation pattern - health,building present situation pattern - compartmented,Whether there is manages the organization,Whether there is attaches the furniture,total price NTD,the unit price (NTD / square meter),the berth category,berth shifting total area square meter,the berth total price NTD,the note,serial number
草屯鎮,房地(土地+建物),南投縣草屯鎮新富路61~90號,281.47,其他,,,1031110,土地2建物1車位0,一層,4,店面(店鋪),見其他登記事項,鋼筋混凝土造,1020703,160.23,0,0,0,無,無,有,18000,112,,0.0,0,,RPQNMLNKJIJFFBM28CC
草屯鎮,房地(土地+建物),南投縣草屯鎮中正路1621~1650號,176.27,,鄉村區,乙種建築用地,1031101,土地2建物2車位0,見其他登記事項,4,店面(店鋪),住商用,鋼筋混凝土造,0870611,384.87,6,2,6,有,無,無,30000,78,,0.0,0,,RPPNMLRKJIJFFBM68DC
草屯鎮,房地(土地+建物),南投縣草屯鎮碧山路331~360號,113.0,住,,,1031128,土地1建物1車位0,全,4,透天厝,住家用,鋼筋混凝土造,0841102,258.44,7,2,3,有,無,無,14000,54,,0.0,0,,RPWNMLKKKIJFFBM78DC
草屯鎮,房地(土地+建物),南投縣草屯鎮育英街31~60號,85.95,住,,,1031115,土地1建物1車位0,見其他登記事項,3,店面(店鋪),住家用,鋼筋混凝土加強磚造,0620718,170.1,4,4,3,有,無,無,20000,118,,0.0,0,,RPTNMLPKKIJFFBM98DC
草屯鎮,土地,草屯段451~480地號,1043.0,農,,,1031210,土地1建物0車位0,,,其他,,,,0.0,0,0,0,有,無,無,35000,34,,0.0,0,,RPSNMLQKKIJFFBM98DC
草屯鎮,房地(土地+建物),南投縣草屯鎮草溪路60巷9弄1~30號,143.6,,鄉村區,乙種建築用地,1031210,土地4建物1車位0,全,4,透天厝,住家用,鋼筋混凝土造,0970116,170.28,5,2,3,有,無,無,15000,88,,0.0,0,,RPVNMLTKKIJFFBM86CC
草屯鎮,房地(土地+建物),南投縣草屯鎮中正路1111~1140號,21.71,住,,,1031219,土地1建物1車位0,三層,12,住宅大樓(11層含以上有電梯),住商用,鋼筋混凝土造,0841215,180.57000000000002,4,2,3,有,無,有,15000,83,,0.0,0,租賃樓層1~3樓，附傢俱：沙發、冷氣,RPTNMLTLKIJFFBM86DC
