﻿鄉鎮市區,交易標的,土地區段位置建物區段門牌,土地面積平方公尺,都市土地使用分區,非都市土地使用分區,非都市土地使用編定,租賃年月日,租賃筆棟數,租賃層次,總樓層數,建物型態,主要用途,主要建材,建築完成年月,建物總面積平方公尺,建物現況格局-房,建物現況格局-廳,建物現況格局-衛,建物現況格局-隔間,有無管理組織,有無附傢俱,總額元,單價元平方公尺,車位類別,車位面積平方公尺,車位總額元,備註,編號
The villages and towns urban district,transaction sign,land sector position building sector house number plate,land shifting total area square meter,the use zoning or compiles and checks,the non-metropolis land use district,non-metropolis land use,transaction year month and day,transaction pen number,shifting level,total floor number,building state,main use,main building materials,construction to complete the years,building shifting total area,Building present situation pattern - room,building present situation pattern - hall,building present situation pattern - health,building present situation pattern - compartmented,Whether there is manages the organization,Whether there is attaches the furniture,total price NTD,the unit price (NTD / square meter),the berth category,berth shifting total area square meter,the berth total price NTD,the note,serial number
朴子市,建物,嘉義縣朴子市仁和二路121~150號,5.87,住,,,1031101,土地0建物0車位0,八層,8,套房(1房1廳1衛),住家用,鋼筋混凝土造,0950828,24.98,1,0,1,有,有,有,1500,60,,0.0,0,,RPVOMLKLJIJFFBQ09CC
太保市,房地(土地+建物),嘉義縣太保市祥和二路東段61~90號,176.75,住,,,1031115,土地1建物1車位0,全,4,透天厝,見其他登記事項,鋼筋混凝土造,0960208,114.78,4,2,1,有,無,有,7500,65,,0.0,0,,RPUNMLKLJIJFFDQ09CC
民雄鄉,房地(土地+建物),嘉義縣大林鎮建國路二段151~180號,64.78,住,,,1031229,土地1建物1車位0,全,2,透天厝,住家用,鋼筋混凝土加強磚造,0700407,106.96,8,1,3,有,無,無,7000,65,,0.0,0,,RPPNMLLMKIJFFCQ88DC
朴子市,房地(土地+建物),嘉義縣朴子市朴子工業四街1~30號,82.5,,工業區,丁種建築用地,1040110,土地1建物1車位0,全,2,透天厝,住家用,鋼造,0860607,98.16,2,2,2,有,無,無,6000,61,,0.0,0,,RPQNMLNLJHKFFBQ78CC
朴子市,房地(土地+建物),嘉義縣朴子市大?榔241~270號,234.41,住,,,1040101,土地1建物1車位0,全,4,透天厝,見其他登記事項,鋼筋混凝土加強磚造,0591013,363.0,4,3,3,有,無,無,10000,28,,0.0,0,,RPPOMLRLJHKFFBQ56CC
民雄鄉,房地(土地+建物),嘉義縣民雄鄉建國路二段91~120號,150.8,住,,,1040108,土地1建物1車位0,一層,1,店面(店鋪),住家用,加強磚造,0650101,100.43,0,0,0,無,無,無,13000,129,,0.0,0,,RPSNMLRLJHKFFCQ86CC
