﻿鄉鎮市區,交易標的,土地區段位置建物區段門牌,土地移轉總面積平方公尺,都市土地使用分區,非都市土地使用分區,非都市土地使用編定,交易年月日,交易筆棟數,移轉層次,總樓層數,建物型態,主要用途,主要建材,建築完成年月,建物移轉總面積平方公尺,建物現況格局-房,建物現況格局-廳,建物現況格局-衛,建物現況格局-隔間,有無管理組織,總價元,單價元平方公尺,車位類別,車位移轉總面積平方公尺,車位總價元,備註,編號
The villages and towns urban district,transaction sign,land sector position building sector house number plate,land shifting total area square meter,the use zoning or compiles and checks,the non-metropolis land use district,non-metropolis land use,transaction year month and day,transaction pen number,shifting level,total floor number,building state,main use,main building materials,construction to complete the years,building shifting total area,Building present situation pattern - room,building present situation pattern - hall,building present situation pattern - health,building present situation pattern - compartmented,Whether there is manages the organization,total price NTD,the unit price (NTD / square meter),the berth category,berth shifting total area square meter,the berth total price NTD,the note,serial number
金沙鎮,土地,鵲山段391~420地號,5115.26,其他,,,1031017,土地4建物0車位0,,,其他,,,,0.0,0,0,0,有,無,8861483,1732,,0.0,0,,RPUNMLOLJIJFFAW96CA
金寧鄉,土地,北二三劃測段601~630地號,301.79,其他,,,1031030,土地3建物0車位0,,,其他,,,,0.0,0,0,0,有,無,1297697,4300,,0.0,0,,RPQNMLLKJIJFFAW78CA
金寧鄉,土地,后湖段1141~1170地號,25001.03,其他,,,1030601,土地3建物0車位0,,,其他,,,,0.0,0,0,0,有,無,217500000,8700,,0.0,0,,RPQNMLOKJIJFFAW09CA
金寧鄉,土地,寧古劃段961~990地號,725.0,其他,,,1031029,土地1建物0車位0,,,其他,,,,0.0,0,0,0,有,無,3200000,4414,,0.0,0,,RPQNMLPJJIJFFAW56DA
金湖鎮,土地,中五劃段751~780地號,467.0,其他,,,1031024,土地1建物0車位0,,,其他,,,,0.0,0,0,0,有,無,934000,2000,,0.0,0,,RPPOMLSKJIJFFAW96DA
金沙鎮,土地,蔡厝劃測段391~420地號,600.02,農,,,1031022,土地1建物0車位0,,,其他,,,,0.0,0,0,0,有,無,2400000,4000,,0.0,0,,RPSNMLPJJIJFFAW66CA
金寧鄉,土地,東洲村段1~30地號,476.0,其他,,,1030903,土地1建物0車位0,,,其他,,,,0.0,0,0,0,有,無,15402000,32357,,0.0,0,,RPRNMLKKJIJFFAW78CA
金寧鄉,房地(土地+建物),金門縣金寧鄉前厝31~60號,62.11,其他,,,1031020,土地1建物1車位0,一層,三層,公寓(5樓含以下無電梯),見其他登記事項,鋼筋混凝土造,1030916,96.5,3,2,2,有,無,4000000,41451,,0.0,0,,RPUNMLKKJIJFFAW09CA
金寧鄉,房地(土地+建物),金門縣金寧鄉前厝31~60號,62.11,其他,,,1031020,土地1建物1車位0,二層,三層,公寓(5樓含以下無電梯),見其他登記事項,鋼筋混凝土造,1030916,96.5,3,2,2,有,無,3900000,40415,,0.0,0,,RPWNMLKKJIJFFAW66CA
金寧鄉,房地(土地+建物),金門縣金寧鄉前厝31~60號,62.11,其他,,,1031020,土地1建物1車位0,三層,三層,公寓(5樓含以下無電梯),見其他登記事項,鋼筋混凝土造,1030916,96.5,3,2,2,有,無,4700000,48705,,0.0,0,,RPOOMLKKJIJFFAW58CA
金寧鄉,房地(土地+建物),金門縣金寧鄉前厝31~60號,49.67,其他,,,1031020,土地1建物1車位0,一層,三層,公寓(5樓含以下無電梯),見其他登記事項,鋼筋混凝土造,1030916,77.14999999999999,2,1,2,有,無,3000000,38885,,0.0,0,,RPQOMLKKJIJFFAW78CA
金寧鄉,房地(土地+建物),金門縣金寧鄉前厝31~60號,49.67,其他,,,1031020,土地1建物1車位0,二層,三層,公寓(5樓含以下無電梯),見其他登記事項,鋼筋混凝土造,1030916,77.14999999999999,2,1,2,有,無,3550000,46014,,0.0,0,,RPSOMLKKJIJFFAW98CA
金寧鄉,房地(土地+建物),金門縣金寧鄉前厝31~60號,49.67,其他,,,1031020,土地1建物1車位0,三層,三層,公寓(5樓含以下無電梯),見其他登記事項,鋼筋混凝土造,1030916,77.14999999999999,2,1,2,有,無,3350000,43422,,0.0,0,,RPUOMLKKJIJFFAW56CA
金寧鄉,房地(土地+建物),金門縣金寧鄉前厝31~60號,60.75,其他,,,1031020,土地1建物1車位0,一層,三層,公寓(5樓含以下無電梯),見其他登記事項,鋼筋混凝土造,1030916,94.55,4,2,2,有,無,4300000,45479,,0.0,0,,RPWOMLKKJIJFFAW76CA
金寧鄉,房地(土地+建物),金門縣金寧鄉下后垵31~60號,66.0,住,,,1031026,土地1建物1車位0,三層,三層,公寓(5樓含以下無電梯),見其他登記事項,鋼筋混凝土造,1030217,104.51,3,2,2,有,無,7550000,72242,,0.0,0,,RPSNMLOKJIJFFAW66CA
金寧鄉,房地(土地+建物),金門縣金寧鄉前厝31~60號,63.37,其他,,,1031020,土地1建物1車位0,三層,三層,公寓(5樓含以下無電梯),見其他登記事項,鋼筋混凝土造,1030916,98.64,4,2,2,有,無,5000000,50689,,0.0,0,,RPVNMLLKJIJFFAW66CA
金寧鄉,土地,赤岑段841~870地號,347.6,農,,,1031103,土地1建物0車位0,,,其他,,,,0.0,0,0,0,有,無,480000,1381,,0.0,0,,RPRNMLRKJIJFFAW86CA
金寧鄉,土地,龍潭段871~900地號,440.38,農,,,1031103,土地1建物0車位0,,,其他,,,,0.0,0,0,0,有,無,660000,1499,,0.0,0,,RPSNMLRKJIJFFAW96CA
金湖鎮,土地,后壟段1~30地號,154.8,其他,,,1031017,土地1建物0車位0,,,其他,,,,0.0,0,0,0,有,無,5616000,36279,,0.0,0,,RPROMLOKJIJFFAW66CA
金湖鎮,土地,后壟段1~30地號,154.8,其他,,,1031017,土地1建物0車位0,,,其他,,,,0.0,0,0,0,有,無,5616000,36279,,0.0,0,,RPSOMLOKJIJFFAW76CA
金寧鄉,土地,寧湖三劃段481~510地號,913.0,農,,,1031028,土地1建物0車位0,,,其他,,,,0.0,0,0,0,有,無,9130000,10000,,0.0,0,,RPQNMLKKJIJFFAW78DA
金城鎮,土地,舊金城段91~120地號,870.3,農,,,1031106,土地2建物0車位0,,,其他,,,,0.0,0,0,0,有,無,4000000,4596,,0.0,0,,RPRNMLOJKIJFFAW66DA
金沙鎮,土地,沙港劃段451~480地號,1000.04,農,,,1031029,土地1建物0車位0,,,其他,,,,0.0,0,0,0,有,無,5000000,5000,,0.0,0,,RPVNMLOKJIJFFAW96CA
金寧鄉,土地,安西劃段961~990地號,939.92,農,,,1031028,土地1建物0車位0,,,其他,,,,0.0,0,0,0,有,無,6500000,6915,,0.0,0,,RPPNMLNKJIJFFAW88CA
金寧鄉,土地,寧安四劃段61~90地號,1000.0,農,,,1031028,土地1建物0車位0,,,其他,,,,0.0,0,0,0,有,無,3770000,3770,,0.0,0,,RPTNMLLKJIJFFAW09CA
金城鎮,土地,烏土段1~30地號,1081.0,農,,,1031020,土地1建物0車位0,,,其他,,,,0.0,0,0,0,有,無,6299800,5828,,0.0,0,,RPSNMLLKJIJFFAW09DA
金寧鄉,土地,寧湖三劃段631~660地號,99.08,農,,,1031031,土地2建物0車位0,,,其他,,,,0.0,0,0,0,有,無,1981600,20000,,0.0,0,,RPUNMLMKJIJFFAW76DA
金寧鄉,房地(土地+建物),金門縣金寧鄉下后垵31~60號,66.0,住,,,1031028,土地1建物1車位0,一層,三層,公寓(5樓含以下無電梯),見其他登記事項,鋼筋混凝土造,1030217,96.23,3,2,2,有,無,7550000,78458,,0.0,0,,RPWNMLOKJIJFFAW07CA
金湖鎮,房地(土地+建物),金門縣金湖鎮環島南路塔后段5巷1~30號,52.78,住,,,1031031,土地1建物1車位0,二層,三層,公寓(5樓含以下無電梯),見其他登記事項,鋼筋混凝土造,1000308,102.95,3,2,2,有,無,6350000,61680,,0.0,0,,RPOOMLSKJIJFFAW76CA
金湖鎮,土地,新頭段211~240地號,480.0,農,,,1021230,土地1建物0車位0,,,其他,,,,0.0,0,0,0,有,無,1800000,3750,,0.0,0,,RPUNMLMJKIJFFAW66CA
金湖鎮,土地,陳坑段541~570地號,129.46,其他,,,1031030,土地3建物0車位0,,,其他,,,,0.0,0,0,0,有,無,1000000,7724,,0.0,0,,RPTOMLOKJIJFFAW86CA
金沙鎮,土地,后宅測段481~510地號,827.01,其他,,,1031103,土地1建物0車位0,,,其他,,,,0.0,0,0,0,有,無,2500000,3023,,0.0,0,,RPPOMLOKJIJFFAW09CA
金沙鎮,土地,浦邊測段511~540地號,2620.53,農,,,1031103,土地3建物0車位0,,,其他,,,,0.0,0,0,0,有,無,10500000,4007,,0.0,0,,RPQOMLOKJIJFFAW56CA
金城鎮,土地,東沙段61~90地號,412.59,其他,,,1031030,土地2建物0車位0,,,其他,,,,0.0,0,0,0,有,無,1655000,4011,,0.0,0,,RPPNMLRKJIJFFAW76DA
烈嶼鄉,土地,西方劃測段721~750地號,1675.03,農,,,1031023,土地3建物0車位0,,,其他,,,,0.0,0,0,0,有,無,10050000,6000,,0.0,0,,RPQNMLSKJIJFFAW86CA
金沙鎮,土地,英坑段1231~1260地號,671.86,農,,,1031105,土地1建物0車位0,,,其他,,,,0.0,0,0,0,有,無,700000,1042,,0.0,0,,RPTNMLSKJIJFFAW17CA
金寧鄉,土地,寧湖一劃段481~510地號,1666.55,農,,,1031107,土地2建物0車位0,,,其他,,,,0.0,0,0,0,有,無,23800000,14281,,0.0,0,,RPUNMLSKJIJFFAW27CA
金寧鄉,土地,寧湖二劃測段1231~1260地號,1349.98,農,,,1031023,土地1建物0車位0,,,其他,,,,0.0,0,0,0,有,無,8500000,6296,,0.0,0,,RPRNMLTKJIJFFAW07CA
金城鎮,土地,金城劃段241~270地號,150.0,農,,,1031015,土地3建物0車位0,,,其他,,,,0.0,0,0,0,有,無,8000000,53333,,0.0,0,集村農舍。土地登記收件字號：金登資三48650~48760、48780~48870,RPPNMLPKKIJFFAW56CA
金城鎮,土地,金城劃段241~270地號,156.52,農,,,1031015,土地3建物0車位0,,,其他,,,,0.0,0,0,0,有,無,8000000,51112,,0.0,0,集村農舍。土地登記收件字號：金登資三48650~48760、48780~48870,RPQNMLPKKIJFFAW66CA
金城鎮,土地,金城劃段241~270地號,167.35,農,,,1031015,土地3建物0車位0,,,其他,,,,0.0,0,0,0,有,無,8000000,47804,,0.0,0,集村農舍。土地登記收件字號：金登資三48650~48760、48780~48870,RPRNMLPKKIJFFAW76CA
金城鎮,土地,金城劃段241~270地號,174.94,農,,,1031015,土地3建物0車位0,,,其他,,,,0.0,0,0,0,有,無,8000000,45730,,0.0,0,集村農舍。土地登記收件字號：金登資三48650~48760、48780~48870,RPSNMLPKKIJFFAW86CA
金城鎮,土地,金城劃段241~270地號,150.86,農,,,1031015,土地3建物0車位0,,,其他,,,,0.0,0,0,0,有,無,8000000,53029,,0.0,0,集村農舍。土地登記收件字號：金登資三48650~48760、48780~48870,RPTNMLPKKIJFFAW96CA
金城鎮,土地,金城劃段241~270地號,149.99,農,,,1031015,土地3建物0車位0,,,其他,,,,0.0,0,0,0,有,無,8000000,53337,,0.0,0,集村農舍。土地登記收件字號：金登資三48650~48760、48780~48870,RPUNMLPKKIJFFAW07CA
金城鎮,土地,金城劃段241~270地號,150.32,農,,,1031015,土地3建物0車位0,,,其他,,,,0.0,0,0,0,有,無,8000000,53220,,0.0,0,集村農舍。土地登記收件字號：金登資三48650~48760、48780~48870,RPVNMLPKKIJFFAW17CA
金城鎮,土地,金城劃段241~270地號,164.76,農,,,1031015,土地3建物0車位0,,,其他,,,,0.0,0,0,0,有,無,8980000,54504,,0.0,0,集村農舍。土地登記收件字號：金登資三48650~48760、48780~48870,RPWNMLPKKIJFFAW27CA
金城鎮,土地,金城劃段241~270地號,305.27,農,,,1031015,土地4建物0車位0,,,其他,,,,0.0,0,0,0,有,無,14800000,48482,,0.0,0,集村農舍。土地登記收件字號：金登資三48650~48760、48780~48870,RPXNMLPKKIJFFAW37CA
金城鎮,土地,金城劃段241~270地號,304.96,農,,,1031015,土地4建物0車位0,,,其他,,,,0.0,0,0,0,有,無,14800000,48531,,0.0,0,集村農舍。土地登記收件字號：金登資三48650~48760、48780~48870,RPOOMLPKKIJFFAW56CA
金城鎮,土地,金城劃段241~270地號,171.78,農,,,1031015,土地4建物0車位0,,,其他,,,,0.0,0,0,0,有,無,3500000,20375,,0.0,0,親友、員工或其他特殊關係間之交易。集村農舍。土地登記收件字號：金登資三48650~48760、48780~48870,RPPPMLPKKIJFFAW76CA
金城鎮,土地,金城劃段241~270地號,153.77,農,,,1031015,土地3建物0車位0,,,其他,,,,0.0,0,0,0,有,無,3100000,20160,,0.0,0,親友、員工或其他特殊關係間之交易。集村農舍。土地登記收件字號：金登資三48650~48760、48780~48870,RPQPMLPKKIJFFAW86CA
金城鎮,土地,金城劃段241~270地號,153.9,農,,,1031015,土地3建物0車位0,,,其他,,,,0.0,0,0,0,有,無,3100000,20143,,0.0,0,親友、員工或其他特殊關係間之交易。集村農舍。土地登記收件字號：金登資三48650~48760、48780~48870,RPRPMLPKKIJFFAW96CA
金城鎮,土地,金城劃段241~270地號,174.23,農,,,1031015,土地3建物0車位0,,,其他,,,,0.0,0,0,0,有,無,3500000,20088,,0.0,0,親友、員工或其他特殊關係間之交易。集村農舍。土地登記收件字號：金登資三48650~48760、48780~48870,RPSPMLPKKIJFFAW07CA
金寧鄉,土地,寧安二劃段331~360地號,953.0,農,,,1031110,土地1建物0車位0,,,其他,,,,0.0,0,0,0,有,無,6800000,7135,,0.0,0,,RPRNMLPLJIJFFAW76CA
金城鎮,土地,金門城段421~450地號,497.0,住,,,1031027,土地1建物0車位0,,,其他,,,,0.0,0,0,0,有,無,14000000,28169,,0.0,0,,RPSNMLTKJIJFFAW17CA
金寧鄉,房地(土地+建物),金門縣金寧鄉榜林91~120號,125.0,其他,,,1031107,土地1建物1車位0,全,二層,透天厝,住家用,鋼筋混凝土造,0740210,231.4,7,3,2,有,無,7550000,32627,,0.0,0,,RPTNMLTKJIJFFAW27CA
金沙鎮,土地,沙田劃段91~120地號,1660.0,其他,,,1031104,土地2建物0車位0,,,其他,,,,0.0,0,0,0,有,無,5150000,3102,,0.0,0,,RPUNMLTKJIJFFAW37CA
金沙鎮,土地,北九劃段1021~1050地號,1000.0,農,,,1031117,土地1建物0車位0,,,其他,,,,0.0,0,0,0,有,無,4000000,4000,,0.0,0,,RPQNMLKLJIJFFAW78CA
金沙鎮,土地,浦邊測段631~660地號,753.01,農,,,1031022,土地1建物0車位0,,,其他,,,,0.0,0,0,0,有,無,750000,996,,0.0,0,,RPPNMLLLJIJFFAW78CA
金湖鎮,土地,中四劃段301~330地號,2709.58,農,,,1031031,土地3建物0車位0,,,其他,,,,0.0,0,0,0,有,無,3900000,1439,,0.0,0,,RPQNMLTKJIJFFAW96CA
金寧鄉,土地,寧湖三劃段601~630地號,685.78,其他,,,1031107,土地1建物0車位0,,,其他,,,,0.0,0,0,0,有,無,6300000,9187,,0.0,0,,RPVNMLRKKIJFFAW37CA
金寧鄉,土地,西堡劃測段451~480地號,987.82,農,,,1031110,土地1建物0車位0,,,其他,,,,0.0,0,0,0,有,無,5000000,5062,,0.0,0,,RPPNMLTKJIJFFAW96DA
金湖鎮,土地,瓊林段511~540地號,1215.47,其他,,,1031113,土地1建物0車位0,,,其他,,,,0.0,0,0,0,有,無,2795581,2300,,0.0,0,,RPVNMLTKJIJFFAW57DA
金城鎮,土地,蜈蚣山段151~180地號,718.36,其他,,,1031107,土地3建物0車位0,,,其他,,,,0.0,0,0,0,有,無,1599682,2227,,0.0,0,,RPQNMLOLJIJFFAW66DA
金城鎮,土地,蜈蚣山段91~120地號,555.72,其他,,,1031107,土地1建物0車位0,,,其他,,,,0.0,0,0,0,有,無,778008,1400,,0.0,0,,RPSNMLOLJIJFFAW86DA
烈嶼鄉,土地,黃埔段211~240地號,70.0,其他,,,1031118,土地1建物0車位0,,,其他,,,,0.0,0,0,0,有,無,500000,7143,,0.0,0,受債權債務影響或債務抵償之交易。,RPSNMLOJKIJFFAW66CA
金沙鎮,土地,中蘭劃測段181~210地號,1320.02,農,,,1031110,土地1建物0車位0,,,其他,,,,0.0,0,0,0,有,無,7500000,5682,,0.0,0,,RPSNMLPLJIJFFAW86CA
金城鎮,土地,蜈蚣山段361~390地號,1349.69,其他,,,1031114,土地3建物0車位0,,,其他,,,,0.0,0,0,0,有,無,2000000,1482,,0.0,0,,RPQNMLOJKIJFFAW56DA
金城鎮,土地,水頭段331~360地號,359.54,其他,,,1031031,土地1建物0車位0,,,其他,,,,0.0,0,0,0,有,無,1890000,5257,,0.0,0,,RPTNMLLJKIJFFAW09CA
金城鎮,房地(土地+建物),金門縣金城鎮民權路70巷4弄1~30號,59.0,其他,,,1031017,土地1建物1車位0,全,三層,透天厝,住家用,鋼筋混凝土造,0940217,164.2,4,3,4,有,無,13800000,84044,,0.0,0,,RPPNMLOLJIJFFAW09CA
金城鎮,土地,水頭段571~600地號,233.34,農,,,1031114,土地1建物0車位0,,,其他,,,,0.0,0,0,0,有,無,1500000,6428,,0.0,0,,RPRNMLOLJIJFFAW66CA
金寧鄉,土地,寧劃段1201~1230地號,489.91,農,,,1031113,土地1建物0車位0,,,其他,,,,0.0,0,0,0,有,無,1980000,4042,,0.0,0,,RPRNMLTJKIJFFAW07CA
金城鎮,土地,庵前劃測段1141~1170地號,337.51,農,,,1030930,土地1建物0車位0,,,其他,,,,0.0,0,0,0,有,無,3700000,10963,,0.0,0,,RPQNMLPLJIJFFAW66CA
金湖鎮,土地,湖前段631~660地號,193.36,住,,,1031104,土地1建物0車位0,,,其他,,,,0.0,0,0,0,有,無,8700000,44994,,0.0,0,,RPTNMLPLJIJFFAW96CA
金湖鎮,土地,湖前段631~660地號,200.1,住,,,1031104,土地1建物0車位0,,,其他,,,,0.0,0,0,0,有,無,5000000,24988,,0.0,0,,RPUNMLPLJIJFFAW07CA
烈嶼鄉,土地,紅山測段61~90地號,619.07,其他,,,1031117,土地2建物0車位0,,,其他,,,,0.0,0,0,0,有,無,800000,1292,,0.0,0,,RPPNMLQLJIJFFAW76DA
金城鎮,房地(土地+建物),金門縣金城鎮民族路93巷5弄31~60號,66.65,其他,,,1031117,土地1建物1車位0,全,三層,透天厝,住家用,鋼筋混凝土造,0701115,174.2,5,1,3,有,無,14500000,83238,,0.0,0,,RPQNMLQLJIJFFAW86DA
金湖鎮,土地,漁村段661~690地號,1921.47,其他,,,1031118,土地2建物0車位0,,,其他,,,,0.0,0,0,0,有,無,3300000,1717,,0.0,0,,RPUNMLQLJIJFFAW27DA
金湖鎮,房地(土地+建物),金門縣金湖鎮塔后511~540號,102.94,住,,,1031112,土地1建物1車位0,全,三層,透天厝,住家用,鋼筋混凝土造,1031007,163.53,4,2,4,有,無,11450000,70018,,0.0,0,,RPWNMLPLJIJFFAW27CA
金湖鎮,房地(土地+建物),金門縣金湖鎮塔后511~540號,102.15,住,,,1031112,土地1建物1車位0,全,三層,透天厝,住家用,鋼筋混凝土造,1031007,163.53,4,2,4,有,無,11450000,70018,,0.0,0,,RPXNMLPLJIJFFAW37CA
金沙鎮,土地,浯坑劃測段151~180地號,1110.02,農,,,1031105,土地1建物0車位0,,,其他,,,,0.0,0,0,0,有,無,4980000,4486,,0.0,0,,RPRNMLQLJIJFFAW86CA
金城鎮,土地,北一段541~570地號,503.31,農,,,1031112,土地1建物0車位0,,,其他,,,,0.0,0,0,0,有,無,7500000,14901,,0.0,0,,RPVNMLTJKIJFFAW47CA
金沙鎮,土地,官嶼劃段271~300地號,2000.0,農,,,1031107,土地4建物0車位0,,,其他,,,,0.0,0,0,0,有,無,4900000,2450,,0.0,0,,RPSNMLLJKIJFFAW98CA
金寧鄉,房地(土地+建物),金門縣金寧鄉上后垵1~30號,122.27,住,,,1031117,土地3建物1車位0,全,三層,透天厝,住家用,鋼筋混凝土造,1030508,186.31,5,2,5,有,無,12200000,65482,,0.0,0,,RPTNMLQLJIJFFAW17DA
金沙鎮,土地,官嶼劃段601~630地號,1033.0,農,,,1031114,土地2建物0車位0,,,其他,,,,0.0,0,0,0,有,無,2600000,2517,,0.0,0,,RPQNMLRLJIJFFAW96DA
金寧鄉,土地,安西劃段541~570地號,192.84,農,,,1031125,土地1建物0車位0,,,其他,,,,0.0,0,0,0,有,無,597804,3100,,0.0,0,,RPQNMLNLKIJFFAW66DA
金寧鄉,土地,西山段991~1020地號,1163.62,農,,,1031118,土地1建物0車位0,,,其他,,,,0.0,0,0,0,有,無,4600000,3953,,0.0,0,,RPSNMLTJKIJFFAW17CA
金湖鎮,土地,士校段1~30地號,2786.42,農,,,1031114,土地2建物0車位0,,,其他,,,,0.0,0,0,0,有,無,20000000,7178,,0.0,0,,RPTNMLTJKIJFFAW27CA
金城鎮,房地(土地+建物),金門縣金城鎮莒光路144巷1~30號,56.42,其他,,,1031105,土地2建物1車位0,全,三層,透天厝,見其他登記事項,鋼筋混凝土造,0950404,165.6,4,4,5,有,無,13000000,78502,,0.0,0,,RPPNMLNJKIJFFAW88CA
金城鎮,土地,賢厝段871~900地號,2466.0,農,,,1031114,土地3建物0車位0,,,其他,,,,0.0,0,0,0,有,無,3452400,1400,,0.0,0,,RPQNMLLJKIJFFAW78CA
金城鎮,土地,舊金城段901~930地號,1863.0,農,,,1031114,土地3建物0車位0,,,其他,,,,0.0,0,0,0,有,無,2608200,1400,,0.0,0,,RPRNMLLJKIJFFAW88CA
金城鎮,土地,水頭段301~330地號,200.07,其他,,,1031031,土地1建物0車位0,,,其他,,,,0.0,0,0,0,有,無,1050000,5248,,0.0,0,,RPUNMLLJKIJFFAW56CA
金沙鎮,土地,汶沙段31~60地號,647.0,住,,,1031105,土地1建物0車位0,,,其他,,,,0.0,0,0,0,有,無,9350000,14451,,0.0,0,,RPVNMLLJKIJFFAW66CA
金沙鎮,土地,斗門劃測段31~60地號,200.0,農,,,1031118,土地1建物0車位0,,,其他,,,,0.0,0,0,0,有,無,1530000,7650,,0.0,0,,RPWNMLLJKIJFFAW76CA
金湖鎮,土地,市港段31~60地號,166.11,住,,,1030919,土地1建物0車位0,,,其他,,,,0.0,0,0,0,有,無,15500000,93312,,0.0,0,,RPPNMLTJKIJFFAW96DA
金城鎮,土地,祥安段481~510地號,996.03,其他,,,1031114,土地3建物0車位0,,,其他,,,,0.0,0,0,0,有,無,27000000,27108,,0.0,0,,RPVNMLMJKIJFFAW76CA
金城鎮,土地,山前段361~390地號,372.0,農,,,1031119,土地2建物0車位0,,,其他,,,,0.0,0,0,0,有,無,800000,2151,,0.0,0,,RPSNMLNJKIJFFAW56CA
金沙鎮,土地,斗門劃測段31~60地號,780.2,農,,,1031118,土地2建物0車位0,,,其他,,,,0.0,0,0,0,有,無,6020000,7716,,0.0,0,,RPPNMLPJKIJFFAW09CA
金湖鎮,土地,中四劃段181~210地號,462.0,農,,,1031121,土地1建物0車位0,,,其他,,,,0.0,0,0,0,有,無,1750000,3788,,0.0,0,,RPPNMLKKKIJFFAW68CA
金湖鎮,土地,市港段31~60地號,26.58,住,,,1031113,土地1建物0車位0,,,其他,,,,0.0,0,0,0,有,無,2500000,94056,,0.0,0,,RPQNMLTJKIJFFAW07DA
金城鎮,土地,庵前劃測段391~420地號,623.52,其他,,,1031118,土地1建物0車位0,,,其他,,,,0.0,0,0,0,有,無,2000000,3208,,0.0,0,,RPRNMLMJKIJFFAW09DA
金城鎮,土地,庵前劃測段451~480地號,806.41,其他,,,1031118,土地1建物0車位0,,,其他,,,,0.0,0,0,0,有,無,2480000,3075,,0.0,0,,RPSNMLMJKIJFFAW56DA
金寧鄉,房地(土地+建物)+車位,金門縣金寧鄉安岐121~150號,108.16,住,,,1031125,土地1建物1車位1,全,三層,透天厝,見其他登記事項,鋼筋混凝土造,1030829,285.71000000000004,5,3,5,有,無,13000000,45501,坡道平面,0.0,0,,RPTNMLRKKIJFFAW27DA
金沙鎮,土地,沙田劃段1~30地號,1147.0,其他,,,1031112,土地1建物0車位0,,,其他,,,,0.0,0,0,0,有,無,5300000,4621,,0.0,0,,RPTNMLNJKIJFFAW66CA
金寧鄉,土地,后盤村段121~150地號,123.0,住,,,1031120,土地1建物0車位0,,,其他,,,,0.0,0,0,0,有,無,4000000,32520,,0.0,0,,RPUNMLTJKIJFFAW37CA
金湖鎮,土地,多年段91~120地號,889.0,其他,,,1031202,土地2建物0車位0,,,其他,,,,0.0,0,0,0,有,無,16000000,17998,,0.0,0,,RPTNMLOJKIJFFAW76CA
金沙鎮,土地,斗門劃測段241~270地號,563.68,農,,,1031203,土地1建物0車位0,,,其他,,,,0.0,0,0,0,有,無,1200000,2129,,0.0,0,,RPPNMLSJKIJFFAW86DA
金寧鄉,土地,寧安二劃段61~90地號,980.73,農,,,1031204,土地1建物0車位0,,,其他,,,,0.0,0,0,0,有,無,2942190,3000,,0.0,0,,RPTNMLSKKIJFFAW27CA
金寧鄉,土地,西堡劃測段481~510地號,900.0,農,,,1031006,土地1建物0車位0,,,其他,,,,0.0,0,0,0,有,無,3000000,3333,,0.0,0,,RPXNMLOLKIJFFAW37CA
金湖鎮,房地(土地+建物),金門縣金湖鎮士校路1471~1500號,102.62,住,,,1031203,土地1建物1車位0,全,三層,透天厝,住家用,鋼筋混凝土造,1030924,176.05,4,2,4,有,無,7500000,42602,,0.0,0,,RPRNMLTLKIJFFAW27CA
金湖鎮,房地(土地+建物),金門縣金湖鎮士校路1471~1500號,70.75,住,,,1031203,土地1建物1車位0,全,三層,透天厝,住家用,鋼筋混凝土造,1030924,168.45,4,2,4,有,無,7500000,44524,,0.0,0,,RPSNMLTLKIJFFAW37CA
金湖鎮,房地(土地+建物),金門縣金湖鎮士校路1471~1500號,70.75,住,,,1031203,土地1建物1車位0,全,三層,透天厝,住家用,鋼筋混凝土造,1030924,168.45,4,2,4,有,無,7500000,44524,,0.0,0,,RPTNMLTLKIJFFAW47CA
金湖鎮,房地(土地+建物),金門縣金湖鎮士校路1471~1500號,70.75,住,,,1031203,土地1建物1車位0,全,三層,透天厝,住家用,鋼筋混凝土造,1030924,168.45,4,2,4,有,無,7500000,44524,,0.0,0,,RPWNMLTLKIJFFAW77CA
金湖鎮,房地(土地+建物),金門縣金湖鎮士校路1471~1500號,70.75,住,,,1031203,土地1建物1車位0,全,三層,透天厝,住家用,鋼筋混凝土造,1030924,168.45,4,2,4,有,無,7500000,44524,,0.0,0,,RPXNMLTLKIJFFAW87CA
金湖鎮,房地(土地+建物),金門縣金湖鎮士校路1471~1500號,70.75,住,,,1031203,土地1建物1車位0,全,三層,透天厝,住家用,鋼筋混凝土造,1030924,168.45,4,2,4,有,無,7500000,44524,,0.0,0,,RPTOMLTLKIJFFAW57CA
金湖鎮,土地,湖后劃段61~90地號,1000.0,其他,,,1031112,土地1建物0車位0,,,其他,,,,0.0,0,0,0,有,無,25000000,25000,,0.0,0,,RPVNMLLKKIJFFAW76CA
金湖鎮,土地,湖后劃段61~90地號,1000.0,其他,,,1031112,土地1建物0車位0,,,其他,,,,0.0,0,0,0,有,無,25000000,25000,,0.0,0,,RPWNMLLKKIJFFAW86CA
金湖鎮,土地,湖后劃段61~90地號,2000.0,其他,,,1031112,土地2建物0車位0,,,其他,,,,0.0,0,0,0,有,無,50000000,25000,,0.0,0,,RPXNMLLKKIJFFAW96CA
金湖鎮,房地(土地+建物),金門縣金湖鎮士校路1471~1500號,42.29,住,,,1031203,土地1建物1車位0,三層,三層,公寓(5樓含以下無電梯),見其他登記事項,鋼筋混凝土造,1030924,83.13,3,2,2,有,無,4500000,54132,,0.0,0,,RPROMLTLKIJFFAW37CA
金湖鎮,房地(土地+建物),金門縣金湖鎮士校路1471~1500號,42.29,住,,,1031203,土地1建物1車位0,二層,三層,公寓(5樓含以下無電梯),見其他登記事項,鋼筋混凝土造,1030924,83.13,3,2,2,有,無,4500000,54132,,0.0,0,,RPPOMLTLKIJFFAW17CA
金湖鎮,房地(土地+建物),金門縣金湖鎮黃海路91~120號,56.56,住,,,1031203,土地1建物1車位0,一層，二層，三層，四層，屋頂突出物，地下層,四層,其他,見其他登記事項,鋼筋混凝土造,0850509,245.12,40,1,40,有,無,13500000,55075,,0.0,0,,RPWNMLRKKIJFFAW47CA
金寧鄉,土地,寧安五劃段121~150地號,3153.35,農,,,1031105,土地4建物0車位0,,,其他,,,,0.0,0,0,0,有,無,4000000,1268,,0.0,0,,RPPOMLSKKIJFFAW96CA
金寧鄉,土地,寧湖二劃測段241~270地號,500.0,農,,,1031126,土地1建物0車位0,,,其他,,,,0.0,0,0,0,有,無,6000000,12000,,0.0,0,,RPPNMLOKKIJFFAW09CA
金城鎮,土地,天后宮段241~270地號,130.21,住,,,1031201,土地1建物0車位0,,,其他,,,,0.0,0,0,0,有,無,10000000,76799,,0.0,0,含地上未辦建物保存之建物,RPVPMLPKKIJFFAW37CA
金湖鎮,土地,峰上段721~750地號,1204.0,其他,,,1031202,土地3建物0車位0,,,其他,,,,0.0,0,0,0,有,無,5070000,4211,,0.0,0,,RPWPMLPKKIJFFAW47CA
金湖鎮,房地(土地+建物),金門縣金湖鎮武德新莊1~30號,73.14,其他,,,1031118,土地2建物1車位0,全,二層,透天厝,商業用,鋼筋混凝土造,0660701,128.0,0,0,3,無,無,15300000,119531,,0.0,0,,RPXPMLPKKIJFFAW57CA
金沙鎮,土地,蔡厝劃測段301~330地號,762.56,農,,,1031201,土地1建物0車位0,,,其他,,,,0.0,0,0,0,有,無,3200000,4196,,0.0,0,,RPUOMLTLKIJFFAW67CA
金城鎮,房地(土地+建物),金門縣金城鎮西海路三段22巷6弄61~90號,126.24,農,,,1031117,土地3建物1車位0,全,三層,透天厝,住家用,鋼筋混凝土加強磚造,0840906,207.82,6,2,5,有,無,7200000,34645,,0.0,0,,RPPNMLTLKIJFFAW07CA
金湖鎮,土地,瓊林段361~390地號,549.51,農,,,1031122,土地1建物0車位0,,,其他,,,,0.0,0,0,0,有,無,1950000,3549,,0.0,0,,RPUNMLMLKIJFFAW86CA
金沙鎮,土地,高坑劃測段811~840地號,464.22,農,,,1031116,土地1建物0車位0,,,其他,,,,0.0,0,0,0,有,無,1800000,3877,,0.0,0,,RPTPMLPKKIJFFAW17CA
金寧鄉,土地,北四劃段511~540地號,627.0,農,,,1031125,土地1建物0車位0,,,其他,,,,0.0,0,0,0,有,無,2550000,4067,,0.0,0,,RPSNMLPJJHKFFAW66CA
金寧鄉,房地(土地+建物)+車位,金門縣金寧鄉安岐121~150號,56.01,住,,,1031203,土地1建物1車位0,三層,三層,公寓(5樓含以下無電梯),見其他登記事項,鋼筋混凝土造,1030829,164.94,3,1,2,有,無,6630000,40196,坡道平面,0.0,0,,RPUNMLRKKIJFFAW37DA
金湖鎮,土地,湖前段841~870地號,111.43,農,,,1031205,土地1建物0車位0,,,其他,,,,0.0,0,0,0,有,無,750000,6731,,0.0,0,,RPWOMLMKKIJFFAW17DA
烈嶼鄉,土地,東坑段481~510地號,41.29,住,,,1031128,土地3建物0車位0,,,其他,,,,0.0,0,0,0,有,無,443867,10750,,0.0,0,,RPXOMLPKKIJFFAW57DA
金寧鄉,土地,西堡劃測段301~330地號,1959.0,農,,,1031126,土地1建物0車位0,,,其他,,,,0.0,0,0,0,有,無,8000000,4084,,0.0,0,,RPOPMLPKKIJFFAW76DA
金寧鄉,土地,鎮西段301~330地號,866.73,農,,,1031205,土地1建物0車位0,,,其他,,,,0.0,0,0,0,有,無,8700000,10038,,0.0,0,,RPPNMLQKKIJFFAW76DA
金寧鄉,房地(土地+建物),金門縣金寧鄉安岐121~150號,52.54,住,,,1031203,土地1建物1車位0,二層,三層,公寓(5樓含以下無電梯),見其他登記事項,鋼筋混凝土造,1030829,137.28,3,1,2,有,無,5450000,39700,,0.0,0,,RPRNMLRKKIJFFAW07DA
金寧鄉,房地(土地+建物),金門縣金寧鄉安岐121~150號,56.01,住,,,1031203,土地1建物1車位0,二層,三層,公寓(5樓含以下無電梯),見其他登記事項,鋼筋混凝土造,1030829,153.01,3,1,2,有,無,6130000,40063,,0.0,0,,RPSNMLRKKIJFFAW17DA
金寧鄉,土地,中二劃段271~300地號,1067.0,農,,,1031209,土地2建物0車位0,,,其他,,,,0.0,0,0,0,有,無,16500000,15464,,0.0,0,,RPSNMLKMKIJFFAW66DA
金城鎮,土地,庵前劃測段1141~1170地號,675.02,農,,,1031127,土地2建物0車位0,,,其他,,,,0.0,0,0,0,有,無,4700000,6963,,0.0,0,,RPUPMLPKKIJFFAW27CA
烈嶼鄉,土地,后頭段1~30地號,2078.0,其他,,,1031114,土地2建物0車位0,,,其他,,,,0.0,0,0,0,有,無,10000000,4812,,0.0,0,,RPPNMLMLKIJFFAW98CA
金寧鄉,房地(土地+建物),金門縣金寧鄉下堡91~120號,12.91,其他,,,1031125,土地1建物1車位0,二層,三層,套房(1房1廳1衛),見其他登記事項,鋼筋混凝土造,1031020,23.45,1,0,1,有,無,1450000,61834,,0.0,0,,RPPNMLRKKIJFFAW76CA
金寧鄉,房地(土地+建物),金門縣金寧鄉下堡91~120號,12.91,其他,,,1031125,土地1建物1車位0,三層,三層,套房(1房1廳1衛),見其他登記事項,鋼筋混凝土造,1031020,23.45,1,0,1,有,無,1700000,72495,,0.0,0,,RPQNMLRKKIJFFAW86CA
金寧鄉,房地(土地+建物),金門縣金寧鄉下堡91~120號,12.91,其他,,,1031125,土地1建物1車位0,三層,三層,套房(1房1廳1衛),見其他登記事項,鋼筋混凝土造,1031020,23.45,1,0,1,有,無,1700000,72495,,0.0,0,,RPXNMLRKKIJFFAW57CA
金寧鄉,房地(土地+建物),金門縣金寧鄉下堡91~120號,66.67,其他,,,1031125,土地1建物1車位0,三層,三層,公寓(5樓含以下無電梯),見其他登記事項,鋼筋混凝土造,1031020,110.49,3,1,3,有,無,5650000,51136,,0.0,0,,RPRNMLSKKIJFFAW07CA
金寧鄉,房地(土地+建物),金門縣金寧鄉下堡91~120號,12.91,其他,,,1031125,土地1建物1車位0,二層,三層,套房(1房1廳1衛),見其他登記事項,鋼筋混凝土造,1031020,23.45,1,0,1,有,無,1450000,61834,,0.0,0,,RPWNMLTKKIJFFAW67CA
金寧鄉,房地(土地+建物),金門縣金寧鄉下堡91~120號,66.67,其他,,,1031125,土地1建物1車位0,三層,三層,公寓(5樓含以下無電梯),見其他登記事項,鋼筋混凝土造,1031020,111.36,3,1,2,有,無,5220000,46875,,0.0,0,,RPXNMLTKKIJFFAW77CA
金寧鄉,房地(土地+建物),金門縣金寧鄉下堡91~120號,15.18,其他,,,1031125,土地1建物1車位0,二層,三層,套房(1房1廳1衛),見其他登記事項,鋼筋混凝土造,1031020,30.770000000000003,1,0,1,有,無,1550000,50374,,0.0,0,,RPOOMLTKKIJFFAW96CA
金寧鄉,房地(土地+建物),金門縣金寧鄉下堡91~120號,15.18,其他,,,1031125,土地1建物1車位0,二層,三層,套房(1房1廳1衛),見其他登記事項,鋼筋混凝土造,1031020,30.770000000000003,1,0,1,有,無,1550000,50374,,0.0,0,,SPOOMLTKKIJFFAW07CA
烈嶼鄉,土地,南塘段61~90地號,208.0,住,,,1031031,土地2建物0車位0,,,其他,,,,0.0,0,0,0,有,無,1573000,7563,,0.0,0,,RPVNMLOLKIJFFAW17CA
金城鎮,土地,東沙段901~930地號,403.28,農,,,1031125,土地1建物0車位0,,,其他,,,,0.0,0,0,0,有,無,780000,1934,,0.0,0,,RPSNMLRLKIJFFAW17CA
金寧鄉,土地,寧湖二劃測段1531~1560地號,668.27,農,,,1031211,土地1建物0車位0,,,其他,,,,0.0,0,0,0,有,無,5500000,8230,,0.0,0,,RPVNMLSJJHKFFAW37DA
金沙鎮,土地,斗門劃測段1081~1110地號,540.01,農,,,1031204,土地2建物0車位0,,,其他,,,,0.0,0,0,0,有,無,2300000,4259,,0.0,0,,RPQNMLMLKIJFFAW56DA
金沙鎮,土地,斗門劃測段1051~1080地號,500.03,農,,,1031125,土地1建物0車位0,,,其他,,,,0.0,0,0,0,有,無,2200000,4400,,0.0,0,,RPRNMLMLKIJFFAW66DA
金城鎮,土地,前水頭段541~570地號,56.0,住,,,1031208,土地1建物0車位0,,,其他,,,,0.0,0,0,0,有,無,1848000,33000,,0.0,0,,RPOOMLRKKIJFFAW86DA
金城鎮,土地,前水頭段541~570地號,343.0,住,,,1031208,土地1建物0車位0,,,其他,,,,0.0,0,0,0,有,無,11319000,33000,,0.0,0,,RPPOMLRKKIJFFAW96DA
金寧鄉,房地(土地+建物)+車位,金門縣金寧鄉安岐121~150號,49.97,住,,,1031203,土地1建物1車位1,一層,三層,公寓(5樓含以下無電梯),見其他登記事項,鋼筋混凝土造,1030829,142.21,3,1,2,有,無,5483000,38556,坡道平面,0.0,0,,RPRNMLMJJHKFFAW88CA
金城鎮,土地,舊金城段91~120地號,1173.0,農,,,1031212,土地1建物0車位0,,,其他,,,,0.0,0,0,0,有,無,2000000,1705,,0.0,0,,RPQNMLTKKIJFFAW17DA
金寧鄉,土地,寧湖三劃段451~480地號,2173.33,農,,,1031128,土地3建物0車位0,,,其他,,,,0.0,0,0,0,有,無,17000000,7822,,0.0,0,,RPXNMLSKKIJFFAW67CA
金寧鄉,房地(土地+建物),金門縣金寧鄉下堡91~120號,61.26,其他,,,1031125,土地1建物1車位0,一層,三層,公寓(5樓含以下無電梯),見其他登記事項,鋼筋混凝土造,1031020,106.0,3,2,3,有,無,4980000,46981,,0.0,0,,RPPOMLTKKIJFFAW07CA
金寧鄉,房地(土地+建物),金門縣金寧鄉下堡91~120號,66.67,其他,,,1031125,土地1建物1車位0,二層,三層,公寓(5樓含以下無電梯),見其他登記事項,鋼筋混凝土造,1031020,111.36,3,1,2,有,無,4880000,43822,,0.0,0,,RPQOMLTKKIJFFAW17CA
金湖鎮,土地,峰上段841~870地號,80.0,其他,,,1031210,土地1建物0車位0,,,其他,,,,0.0,0,0,0,有,無,320000,4000,,0.0,0,有民情風俗因素之交易。,RPPNMLTKKIJFFAW96CA
金沙鎮,土地,中蘭劃測段91~120地號,450.0,農,,,1031205,土地1建物0車位0,,,其他,,,,0.0,0,0,0,有,無,1850000,4111,,0.0,0,,RPSNMLTKKIJFFAW27CA
金寧鄉,房地(土地+建物),金門縣金寧鄉下堡91~120號,66.67,其他,,,1031125,土地1建物1車位0,二層,三層,公寓(5樓含以下無電梯),見其他登記事項,鋼筋混凝土造,1031020,110.49,3,1,3,有,無,5670000,51317,,0.0,0,,RPSNMLSKKIJFFAW17CA
金寧鄉,房地(土地+建物),金門縣金寧鄉下堡91~120號,15.18,其他,,,1031125,土地1建物1車位0,三層,三層,套房(1房1廳1衛),見其他登記事項,鋼筋混凝土造,1031020,36.550000000000004,1,0,1,有,無,1700000,46512,,0.0,0,,RPQNMLSKKIJFFAW96CA
金寧鄉,土地,中三劃測段421~450地號,700.0,農,,,1031208,土地1建物0車位0,,,其他,,,,0.0,0,0,0,有,無,10000000,14286,,0.0,0,,RPUNMLTKKIJFFAW47CA
金寧鄉,土地,鎮西段421~450地號,1005.38,農,,,1031217,土地1建物0車位0,,,其他,,,,0.0,0,0,0,有,無,11500000,11438,,0.0,0,,RPVNMLTKKIJFFAW57CA
金城鎮,房地(土地+建物),金門縣金城鎮小西門31~60號,51.15,住,,,1031211,土地1建物1車位0,一層,三層,公寓(5樓含以下無電梯),見其他登記事項,鋼筋混凝土造,1030110,92.2,3,2,2,有,有,4900000,53145,,0.0,0,,RPRNMLTKKIJFFAW27DA
金寧鄉,土地,長寮段31~60地號,602.59,住,,,1031212,土地1建物0車位0,,,其他,,,,0.0,0,0,0,有,無,4037333,6700,,0.0,0,,RPTNMLNLKIJFFAW96DA
金寧鄉,房地(土地+建物)+車位,金門縣金寧鄉安岐121~150號,142.2,住,,,1031208,土地1建物1車位1,全,三層,透天厝,見其他登記事項,鋼筋混凝土造,1030829,346.85,5,1,4,有,無,14230000,41026,坡道平面,0.0,0,,RPQNMLOJJHKFFAW98CA
金寧鄉,房地(土地+建物)+車位,金門縣金寧鄉安岐121~150號,108.29,住,,,1031203,土地1建物1車位2,全,三層,透天厝,見其他登記事項,鋼筋混凝土造,1030829,297.8,5,1,4,有,無,11750000,39456,坡道平面,0.0,0,,RPSNMLOJJHKFFAW56CA
金城鎮,房地(土地+建物),金門縣金城鎮環島西路一段1~30號,16.73,住,,,1031217,土地3建物1車位0,七層,七層,華廈(10層含以下有電梯),見使用執照,鋼筋混凝土造,0860913,98.80000000000001,3,2,2,有,無,5800000,58704,,0.0,0,,RPQNMLQKJHKFFAW66CA
金寧鄉,土地,寧湖一劃段421~450地號,1000.04,農,,,1031211,土地1建物0車位0,,,其他,,,,0.0,0,0,0,有,無,12000000,12000,,0.0,0,,RPPNMLPJJHKFFAW09DA
金寧鄉,土地,后垵段811~840地號,819.9,農,,,1031122,土地1建物0車位0,,,其他,,,,0.0,0,0,0,有,無,3300000,4025,,0.0,0,,RPXNMLNLKIJFFAW27CA
金城鎮,土地,城南段691~720地號,79.18,住,,,1031209,土地1建物0車位0,,,其他,,,,0.0,0,0,0,有,無,3450000,43572,,0.0,0,,RPRNMLNLKIJFFAW66CA
金寧鄉,土地,寧古劃段451~480地號,500.0,其他,,,1031121,土地1建物0車位0,,,其他,,,,0.0,0,0,0,有,無,1500000,3000,,0.0,0,,RPUNMLNLKIJFFAW96CA
金寧鄉,土地,湖尾段931~960地號,693.32,其他,,,1031027,土地1建物0車位0,,,其他,,,,0.0,0,0,0,有,無,8000000,11539,,0.0,0,,RPVNMLNLKIJFFAW07CA
金寧鄉,土地,寧湖二劃測段1381~1410地號,507.97,農,,,1031206,土地1建物0車位0,,,其他,,,,0.0,0,0,0,有,無,3500000,6890,,0.0,0,,RPWNMLNLKIJFFAW17CA
金沙鎮,土地,北九劃段1081~1110地號,1350.35,農,,,1031215,土地2建物0車位0,,,其他,,,,0.0,0,0,0,有,無,4000000,2962,,0.0,0,,RPRNMLOLKIJFFAW76CA
金沙鎮,土地,汶沙段1921~1950地號,348.0,其他,,,1031215,土地2建物0車位0,,,其他,,,,0.0,0,0,0,有,無,7000000,20115,,0.0,0,,RPSNMLOLKIJFFAW86CA
金寧鄉,房地(土地+建物),金門縣金寧鄉下堡91~120號,61.56,其他,,,1031125,土地1建物1車位0,一層,三層,公寓(5樓含以下無電梯),見其他登記事項,鋼筋混凝土造,1031016,108.97,3,2,2,有,無,5000000,45884,,0.0,0,,RPRNMLPLKIJFFAW86CA
金寧鄉,土地,寧湖三劃段481~510地號,913.0,農,,,1031126,土地1建物0車位0,,,其他,,,,0.0,0,0,0,有,無,12800000,14020,,0.0,0,,RPQNMLTLKIJFFAW17CA
金城鎮,土地,東沙段541~570地號,456.16,農,,,1031216,土地2建物0車位0,,,其他,,,,0.0,0,0,0,有,無,1140400,2500,,0.0,0,,RPPNMLNKJHKFFAW88CA
金沙鎮,土地,沙田劃段571~600地號,1653.0,其他,,,1031213,土地2建物0車位0,,,其他,,,,0.0,0,0,0,有,無,9000000,5445,,0.0,0,,RPSNMLPLKIJFFAW96CA
金寧鄉,房地(土地+建物),金門縣金寧鄉下堡91~120號,61.26,其他,,,1031125,土地1建物1車位0,一層,三層,公寓(5樓含以下無電梯),見其他登記事項,鋼筋混凝土造,1031020,106.87,3,2,3,有,無,5180000,48470,,0.0,0,,RPPNMLPLKIJFFAW66CA
金寧鄉,房地(土地+建物),金門縣金寧鄉下堡91~120號,60.9,其他,,,1031125,土地1建物1車位0,一層,三層,公寓(5樓含以下無電梯),見其他登記事項,鋼筋混凝土造,1031016,108.80999999999999,3,2,2,有,無,5580000,51282,,0.0,0,,RPQNMLPLKIJFFAW76CA
金湖鎮,房地(土地+建物),金門縣金湖鎮環島南路塔后段5巷1~30號,25.69,其他,,,1031218,土地1建物1車位0,二層,三層,公寓(5樓含以下無電梯),見其他登記事項,鋼筋混凝土造,1000308,50.08,2,1,1,有,無,3400000,67891,,0.0,0,,RPQNMLQLKIJFFAW86CA
金城鎮,土地,祥瑞段871~900地號,99.87,住,,,1031017,土地1建物0車位0,,,其他,,,,0.0,0,0,0,有,無,8000000,80104,,0.0,0,,RPRNMLQLKIJFFAW96CA
金城鎮,土地,延平段691~720地號,347.09,農,,,1031127,土地1建物0車位0,,,其他,,,,0.0,0,0,0,有,無,2300000,6627,,0.0,0,,RPSNMLQLKIJFFAW07CA
金寧鄉,土地,寧湖三劃段661~690地號,493.0,其他,,,1031202,土地1建物0車位0,,,其他,,,,0.0,0,0,0,有,無,5000000,10142,,0.0,0,,RPQNMLRLKIJFFAW96CA
金寧鄉,土地,寧北一劃段271~300地號,978.57,農,,,1031201,土地1建物0車位0,,,其他,,,,0.0,0,0,0,有,無,2500000,2555,,0.0,0,,RPTNMLRLKIJFFAW27CA
金寧鄉,土地,寧劃段1051~1080地號,490.23,農,,,1031116,土地1建物0車位0,,,其他,,,,0.0,0,0,0,有,無,2200000,4488,,0.0,0,,RPVNMLRLKIJFFAW47CA
金沙鎮,土地,斗門劃測段421~450地號,1360.01,農,,,1031119,土地2建物0車位0,,,其他,,,,0.0,0,0,0,有,無,5500000,4044,,0.0,0,,RPWNMLRLKIJFFAW57CA
金沙鎮,土地,中蘭劃測段691~720地號,979.98,農,,,1031215,土地1建物0車位0,,,其他,,,,0.0,0,0,0,有,無,6000000,6123,,0.0,0,,RPTNMLNKJHKFFAW66CA
金城鎮,土地,舊金城段391~420地號,753.0,農,,,1031206,土地1建物0車位0,,,其他,,,,0.0,0,0,0,有,無,5800000,7703,,0.0,0,,RPSNMLNKJHKFFAW56CA
金寧鄉,土地,寧劃段121~150地號,490.5,農,,,1031223,土地1建物0車位0,,,其他,,,,0.0,0,0,0,有,無,1950000,3976,,0.0,0,,RPSOMLTLKIJFFAW47CA
金沙鎮,土地,陽宅段1081~1110地號,263.0,其他,,,1031128,土地1建物0車位0,,,其他,,,,0.0,0,0,0,有,無,5200000,19772,,0.0,0,,RPUNMLRLKIJFFAW37CA
金城鎮,土地,山前段601~630地號,1937.38,農,,,1031202,土地2建物0車位0,,,其他,,,,0.0,0,0,0,有,無,17000000,8775,,0.0,0,,RPVOMLTLKIJFFAW77CA
金城鎮,土地,東沙段931~960地號,1304.68,其他,,,1031125,土地1建物0車位0,,,其他,,,,0.0,0,0,0,有,無,2600000,1993,,0.0,0,,RPRNMLRLKIJFFAW07CA
烈嶼鄉,土地,東園劃段31~60地號,1651.22,農,,,1031028,土地5建物0車位0,,,其他,,,,0.0,0,0,0,有,無,7000000,4239,,0.0,0,,RPRNMLKMKIJFFAW09CA
金城鎮,土地,祥安段961~990地號,1237.04,其他,,,1031107,土地3建物0車位0,,,其他,,,,0.0,0,0,0,有,無,29000000,23443,,0.0,0,,RPOOMLTLKIJFFAW07CA
金寧鄉,土地,寧安二劃段361~390地號,1000.0,農,,,1031209,土地1建物0車位0,,,其他,,,,0.0,0,0,0,有,無,8000000,8000,,0.0,0,,RPVNMLTLKIJFFAW67CA
金城鎮,土地,蜈蚣山段361~390地號,1042.98,其他,,,1031205,土地2建物0車位0,,,其他,,,,0.0,0,0,0,有,無,3980000,3816,,0.0,0,,RPRNMLNKJHKFFAW09CA
金寧鄉,土地,寧湖二劃測段1471~1500地號,1360.16,農,,,1031226,土地2建物0車位0,,,其他,,,,0.0,0,0,0,有,無,6200000,4558,,0.0,0,,RPUNMLTLKIJFFAW67DA
金寧鄉,土地,北二三劃測段751~780地號,1169.71,農,,,1031224,土地1建物0車位0,,,其他,,,,0.0,0,0,0,有,無,4913000,4200,,0.0,0,,RPQNMLSJJHKFFAW76CA
烈嶼鄉,土地,東面山測段1111~1140地號,1600.26,其他,,,1031224,土地5建物0車位0,,,其他,,,,0.0,0,0,0,有,無,15000000,9373,,0.0,0,,RPTNMLPJJHKFFAW76CA
烈嶼鄉,土地,東面山測段1081~1110地號,113.68,其他,,,1031224,土地1建物0車位0,,,其他,,,,0.0,0,0,0,有,無,170520,1500,,0.0,0,,RPUNMLPJJHKFFAW86CA
烈嶼鄉,土地,東面山測段1021~1050地號,374.72,農,,,1031224,土地1建物0車位0,,,其他,,,,0.0,0,0,0,有,無,562080,1500,,0.0,0,,RPVNMLPJJHKFFAW96CA
金城鎮,土地,祥瑞段661~690地號,33.16,其他,,,1031222,土地4建物0車位0,,,其他,,,,0.0,0,0,0,有,無,2305600,69530,,0.0,0,,RPPNMLQJJHKFFAW09CA
金城鎮,土地,后豐港段811~840地號,705.0,其他,,,1031111,土地3建物0車位0,,,其他,,,,0.0,0,0,0,有,無,18500000,26241,,0.0,0,,RPQNMLQJJHKFFAW56CA
金湖鎮,土地,后壟段181~210地號,1000.0,農,,,1031218,土地1建物0車位0,,,其他,,,,0.0,0,0,0,有,無,5500000,5500,,0.0,0,,RPSNMLQJJHKFFAW76CA
金寧鄉,土地,古寧頭段841~870地號,45.0,住,,,1031215,土地1建物0車位0,,,其他,,,,0.0,0,0,0,有,無,300000,6667,,0.0,0,,RPSNMLRJJHKFFAW86CA
金城鎮,土地,旗牌段121~150地號,630.0,農,,,1031216,土地1建物0車位0,,,其他,,,,0.0,0,0,0,有,無,3500000,5556,,0.0,0,,RPPNMLLJJHKFFAW58CA
金寧鄉,土地,寧湖三劃段571~600地號,1000.0,農,,,1031121,土地1建物0車位0,,,其他,,,,0.0,0,0,0,有,無,12000000,12000,,0.0,0,,RPQNMLLJJHKFFAW68CA
金寧鄉,土地,寧湖三劃段541~570地號,700.0,農,,,1031210,土地1建物0車位0,,,其他,,,,0.0,0,0,0,有,無,7000000,10000,,0.0,0,,RPRNMLPKJHKFFAW76DA
金沙鎮,土地,浯坑劃測段481~510地號,1020.0,農,,,1031219,土地1建物0車位0,,,其他,,,,0.0,0,0,0,有,無,5000000,4902,,0.0,0,,RPQNMLKMJHKFFAW98DA
金沙鎮,土地,后宅測段1081~1110地號,1873.18,農,,,1031225,土地4建物0車位0,,,其他,,,,0.0,0,0,0,有,無,2000000,1068,,0.0,0,,RPSNMLSJJHKFFAW96CA
金湖鎮,土地,太湖劃測段1471~1500地號,269.85,住,,,1031227,土地1建物0車位0,,,其他,,,,0.0,0,0,0,有,無,2698500,10000,,0.0,0,,RPRNMLSJJHKFFAW86CA
金城鎮,房地(土地+建物),金門縣金城鎮環島西路一段1~30號,11.27,住,,,1040106,土地1建物1車位0,七層,七層,華廈(10層含以下有電梯),見使用執照,鋼筋混凝土造,0860913,82.82000000000001,2,2,2,有,無,4700000,56750,,0.0,0,,RPPNMLQKJHKFFAW56CA
金城鎮,土地,小西門劃測段1111~1140地號,59.26,其他,,,1031226,土地1建物0車位0,,,其他,,,,0.0,0,0,0,有,無,250000,4219,,0.0,0,急買急賣。,RPXNMLSJJHKFFAW47CA
金城鎮,土地,賢厝村段91~120地號,373.0,其他,,,1031223,土地1建物0車位0,,,其他,,,,0.0,0,0,0,有,無,11000000,29491,,0.0,0,,RPPNMLMKJHKFFAW78CA
金城鎮,土地,祥瑞段721~750地號,112.0,住,,,1031225,土地2建物0車位0,,,其他,,,,0.0,0,0,0,有,無,6000000,53571,,0.0,0,,RPRNMLQKJHKFFAW76CA
金寧鄉,土地,北二三劃測段451~480地號,500.02,農,,,1031202,土地1建物0車位0,,,其他,,,,0.0,0,0,0,有,無,1970000,3940,,0.0,0,,RPQNMLTKJHKFFAW96CA
金城鎮,土地,山前段1051~1080地號,731.18,農,,,1031226,土地2建物0車位0,,,其他,,,,0.0,0,0,0,有,無,8500000,11625,,0.0,0,,RPQNMLMKJHKFFAW88CA
金城鎮,土地,燕南山段1~30地號,712.34,農,,,1031228,土地3建物0車位0,,,其他,,,,0.0,0,0,0,有,無,1000000,1404,,0.0,0,,RPRNMLOKJHKFFAW56CA
金城鎮,土地,庵前劃測段901~930地號,864.02,農,,,1031216,土地2建物0車位0,,,其他,,,,0.0,0,0,0,有,無,1512000,1750,,0.0,0,,RPQNMLOKJHKFFAW09CA
金沙鎮,土地,青嶼段931~960地號,584.0,其他,,,1040103,土地1建物0車位0,,,其他,,,,0.0,0,0,0,有,無,4924872,8433,,0.0,0,,RPPNMLPKJHKFFAW09CA
金沙鎮,土地,英坑段1~30地號,748.95,農,,,1031226,土地1建物0車位0,,,其他,,,,0.0,0,0,0,有,無,3500000,4673,,0.0,0,,RPQNMLPKJHKFFAW56CA
金寧鄉,土地,煙墩段961~990地號,1019.17,其他,,,1031229,土地2建物0車位0,,,其他,,,,0.0,0,0,0,有,無,30065000,29499,,0.0,0,,RPUNMLOKJHKFFAW86CA
金寧鄉,房地(土地+建物),金門縣金寧鄉埔邊31~60號,56.48,其他,,,1031226,土地1建物1車位0,二層,三層,公寓(5樓含以下無電梯),見其他登記事項,鋼筋混凝土造,1021227,101.39,2,2,2,有,無,6300000,62136,,0.0,0,,RPVNMLOKJHKFFAW96CA
金城鎮,土地,小西門劃測段181~210地號,392.96,其他,,,1031216,土地1建物0車位0,,,其他,,,,0.0,0,0,0,有,無,688000,1751,,0.0,0,,RPPNMLOKJHKFFAW98CA
金寧鄉,房地(土地+建物)+車位,金門縣金寧鄉安岐121~150號,52.54,住,,,1031230,土地1建物1車位1,三層,三層,公寓(5樓含以下無電梯),見其他登記事項,鋼筋混凝土造,1030829,145.8,3,1,2,有,無,5880000,40329,坡道平面,0.0,0,,RPPOMLRLJHKFFAW86CA
金寧鄉,土地,后湖段211~240地號,809.92,農,,,1040112,土地1建物0車位0,,,其他,,,,0.0,0,0,0,有,無,2400000,2963,,0.0,0,,RPSNMLOKJHKFFAW76DA
金寧鄉,土地,機場段541~570地號,1817.89,農,,,1031202,土地1建物0車位0,,,其他,,,,0.0,0,0,0,有,無,5800000,3191,,0.0,0,,RPPNMLQLJHKFFAW76DA
金城鎮,土地,中一段421~450地號,148.37,工,,,1040105,土地2建物0車位0,,,其他,,,,0.0,0,0,0,有,無,7670000,51695,,0.0,0,,RPVNMLNJKHKFFAW86CA
金沙鎮,土地,沙田劃段361~390地號,1000.0,農,,,1031226,土地1建物0車位0,,,其他,,,,0.0,0,0,0,有,無,3800000,3800,,0.0,0,,RPOOMLRLJHKFFAW76CA
金沙鎮,土地,后宅測段481~510地號,827.01,農,,,1040105,土地1建物0車位0,,,其他,,,,0.0,0,0,0,有,無,3200000,3869,,0.0,0,,RPRNMLKLJHKFFAW88CA
金湖鎮,土地,太武段961~990地號,6859.56,農,,,1040107,土地12建物0車位0,,,其他,,,,0.0,0,0,0,有,無,35000000,5102,,0.0,0,,RPSNMLKLJHKFFAW98CA
金湖鎮,土地,太武段1231~1260地號,1036.15,農,,,1040107,土地4建物0車位0,,,其他,,,,0.0,0,0,0,有,無,10360000,9999,,0.0,0,,RPTNMLKLJHKFFAW09CA
金寧鄉,土地,東洲段1~30地號,10300.0,其他,,,1021231,土地1建物0車位0,,,其他,,,,0.0,0,0,0,有,無,55000000,5340,,0.0,0,,RPSNMLQKJHKFFAW86CA
金寧鄉,土地,寧湖三劃段481~510地號,627.0,農,,,1031217,土地2建物0車位0,,,其他,,,,0.0,0,0,0,有,無,8700000,13876,,0.0,0,,RPTNMLOKJHKFFAW76CA
金寧鄉,土地,后垵段811~840地號,737.56,農,,,1031227,土地1建物0車位0,,,其他,,,,0.0,0,0,0,有,無,5100000,6915,,0.0,0,,RPSNMLKMJHKFFAW09CA
金城鎮,土地,中一段271~300地號,680.18,農,,,1031227,土地1建物0車位0,,,其他,,,,0.0,0,0,0,有,無,8000000,11762,,0.0,0,,RPRNMLKKKHKFFAW88CA
金寧鄉,房地(土地+建物),金門縣金寧鄉下埔下301~330號,55.79,農,,,1040110,土地1建物1車位0,一層,三層,公寓(5樓含以下無電梯),見其他登記事項,鋼筋混凝土造,1011207,105.0,3,2,2,有,有,7900000,75238,,0.0,0,,RPSNMLMLJHKFFAW66DA
金湖鎮,土地,士校段571~600地號,646.56,其他,,,1040112,土地1建物0車位0,,,其他,,,,0.0,0,0,0,有,無,3000000,4640,,0.0,0,,RPWNMLQKJHKFFAW37DA
金寧鄉,房地(土地+建物),金門縣金寧鄉上后垵1~30號,133.27,其他,,,1031224,土地3建物1車位0,全,三層,透天厝,住家用,鋼筋混凝土造,1030508,182.86,4,2,2,有,無,12500000,68358,,0.0,0,,RPPNMLLLJHKFFAW88DA
金城鎮,土地,祥瑞段931~960地號,58.12,住,,,1031203,土地1建物0車位0,,,其他,,,,0.0,0,0,0,有,無,1200000,20647,,0.0,0,含未登記建物。二等親買賣。,RPRNMLNJKHKFFAW56DA
金沙鎮,土地,大洋段631~660地號,2885.05,農,,,1031211,土地3建物0車位0,,,其他,,,,0.0,0,0,0,有,無,3900000,1352,,0.0,0,,RPSNMLTJKHKFFAW27DA
金城鎮,房地(土地+建物),金門縣金城鎮民權路226巷4弄1~30號,15.16,住,,,1040114,土地1建物1車位0,二層,七層,華廈(10層含以下有電梯),見其他登記事項,鋼筋混凝土造,1030926,66.43,1,1,1,有,無,4950000,74515,,0.0,0,,RPQNMLRLJHKFFAW86CA
金城鎮,房地(土地+建物),金門縣金城鎮民權路226巷4弄1~30號,15.16,住,,,1040114,土地1建物1車位0,三層,七層,華廈(10層含以下有電梯),見其他登記事項,鋼筋混凝土造,1030926,66.43,1,1,1,有,無,4800000,72257,,0.0,0,,RPRNMLRLJHKFFAW96CA
金城鎮,房地(土地+建物),金門縣金城鎮民權路226巷4弄1~30號,15.16,住,,,1040114,土地1建物1車位0,五層,七層,華廈(10層含以下有電梯),見其他登記事項,鋼筋混凝土造,1030926,66.43,1,1,1,有,無,4500000,67740,,0.0,0,,RPTNMLRLJHKFFAW17CA
金城鎮,房地(土地+建物),金門縣金城鎮民權路226巷4弄1~30號,15.16,住,,,1040114,土地1建物1車位0,四層,七層,華廈(10層含以下有電梯),見其他登記事項,鋼筋混凝土造,1030926,66.43,1,1,1,有,無,4300000,64730,,0.0,0,,RPUNMLRLJHKFFAW27CA
金城鎮,房地(土地+建物),金門縣金城鎮民權路226巷4弄1~30號,15.16,住,,,1040114,土地1建物1車位0,一層,七層,華廈(10層含以下有電梯),見其他登記事項,鋼筋混凝土造,1030926,106.19999999999999,1,1,1,有,無,10500000,98870,,0.0,0,,RPSNMLQLJHKFFAW96CA
金沙鎮,土地,沙碧劃段31~60地號,1000.0,農,,,1040116,土地1建物0車位0,,,其他,,,,0.0,0,0,0,有,無,2000000,2000,,0.0,0,,RPXNMLRLJHKFFAW57CA
金寧鄉,房地(土地+建物)+車位,金門縣金寧鄉安岐121~150號,140.27,住,,,1031230,土地1建物1車位2,全,三層,透天厝,見其他登記事項,鋼筋混凝土造,1030829,353.88,5,1,4,有,無,14080000,39787,坡道平面,0.0,0,,RPQOMLRLJHKFFAW96CA
金寧鄉,土地,后湖村段61~90地號,167.0,其他,,,1040113,土地1建物0車位0,,,其他,,,,0.0,0,0,0,有,無,2250000,13473,,0.0,0,,RPUNMLTLJHKFFAW47CA
金沙鎮,土地,沙港劃段451~480地號,1000.04,農,,,1040119,土地1建物0車位0,,,其他,,,,0.0,0,0,0,有,無,5500000,5500,,0.0,0,,RPWNMLRLJHKFFAW47CA
金湖鎮,土地,太湖劃測段1771~1800地號,6710.38,農,,,1040108,土地7建物0車位0,,,其他,,,,0.0,0,0,0,有,無,21400000,3189,,0.0,0,,RPPNMLMLJHKFFAW88CA
金寧鄉,房地(土地+建物),金門縣金寧鄉下埔下301~330號,55.79,農,,,1040109,土地1建物1車位0,二層,三層,公寓(5樓含以下無電梯),見其他登記事項,鋼筋混凝土造,1011207,120.18,3,2,2,有,有,6600000,54918,,0.0,0,,RPRNMLMLJHKFFAW56DA
金寧鄉,房地(土地+建物),金門縣金寧鄉伯玉路二段184至198181~210號,37.33,農,,,1031230,土地1建物2車位0,一層,三層,公寓(5樓含以下無電梯),住家用,鋼筋混凝土造,,129.31,3,2,2,有,無,4000000,30933,,0.0,0,,RPQNMLMJKHKFFAW98DA
金城鎮,土地,小西門劃測段1021~1050地號,540.04,農,,,1031229,土地1建物0車位0,,,其他,,,,0.0,0,0,0,有,無,2400000,4444,,0.0,0,,RPPNMLNLJHKFFAW98CA
金城鎮,土地,賢厝段631~660地號,1939.0,農,,,1040109,土地3建物0車位0,,,其他,,,,0.0,0,0,0,有,無,5500000,2837,,0.0,0,,RPQNMLQLJHKFFAW76CA
烈嶼鄉,土地,庵下測段511~540地號,327.58,農,,,1040102,土地1建物0車位0,,,其他,,,,0.0,0,0,0,有,無,360000,1099,,0.0,0,,RPTNMLQLJHKFFAW07CA
金湖鎮,土地,中五劃段31~60地號,2846.0,農,,,1040119,土地4建物0車位0,,,其他,,,,0.0,0,0,0,有,無,19600000,6887,,0.0,0,,RPVNMLRLJHKFFAW37CA
金寧鄉,土地,后湖段631~660地號,514.88,農,,,1040109,土地1建物0車位0,,,其他,,,,0.0,0,0,0,有,無,1600000,3108,,0.0,0,,RPWNMLSLJHKFFAW57CA
金湖鎮,房地(土地+建物),金門縣金湖鎮太湖路二段3巷1~30號,97.7,商,,,1031230,土地1建物1車位0,全,三層,透天厝,見其他登記事項,鋼筋混凝土造,0890626,203.66,4,2,3,有,無,6500000,31916,,0.0,0,,RPSOMLNJKHKFFAW66CA
金寧鄉,房地(土地+建物),金門縣金寧鄉下堡1~30號,54.33,其他,,,1031226,土地1建物1車位0,一層,三層,公寓(5樓含以下無電梯),見其他登記事項,鋼筋混凝土造,1031124,100.83000000000001,3,2,3,有,無,4212000,41773,,0.0,0,,RPQPMLNJKHKFFAW56CA
金寧鄉,房地(土地+建物),金門縣金寧鄉下堡1~30號,54.33,其他,,,1031226,土地1建物1車位0,一層,三層,公寓(5樓含以下無電梯),見其他登記事項,鋼筋混凝土造,1031124,96.22000000000001,3,2,3,有,無,4440000,46144,,0.0,0,,SPQPMLNJKHKFFAW66CA
金寧鄉,房地(土地+建物),金門縣金寧鄉下堡1~30號,54.33,其他,,,1031226,土地1建物1車位0,三層,三層,公寓(5樓含以下無電梯),見其他登記事項,鋼筋混凝土造,1031124,94.71000000000001,2,2,4,有,無,4112000,43417,,0.0,0,,TPQPMLNJKHKFFAW76CA
金寧鄉,房地(土地+建物),金門縣金寧鄉下堡1~30號,54.33,其他,,,1031226,土地1建物1車位0,二層,三層,公寓(5樓含以下無電梯),見其他登記事項,鋼筋混凝土造,1031124,100.83000000000001,2,2,4,有,無,4673000,46345,,0.0,0,,RPRPMLNJKHKFFAW66CA
金寧鄉,房地(土地+建物),金門縣金寧鄉下堡1~30號,54.33,其他,,,1031226,土地1建物1車位0,二層,三層,公寓(5樓含以下無電梯),見其他登記事項,鋼筋混凝土造,1031124,99.19000000000001,2,2,4,有,無,4596000,46335,,0.0,0,,RPSPMLNJKHKFFAW76CA
金寧鄉,房地(土地+建物),金門縣金寧鄉下堡1~30號,54.33,其他,,,1031226,土地1建物1車位0,三層,三層,公寓(5樓含以下無電梯),見其他登記事項,鋼筋混凝土造,1031124,96.35000000000001,2,2,4,有,無,4607000,47815,,0.0,0,,RPTPMLNJKHKFFAW86CA
金湖鎮,房地(土地+建物),金門縣金湖鎮塔后181~210號,100.67,其他,,,1031225,土地1建物1車位0,全,二層,透天厝,住家用,鋼筋混凝土加強磚造,0840302,175.26,5,2,3,有,無,8000000,45646,,0.0,0,,RPQNMLNLJHKFFAW09CA
金寧鄉,土地,中山林段91~120地號,1205.94,其他,,,1031229,土地1建物0車位0,,,其他,,,,0.0,0,0,0,有,無,1500000,1244,,0.0,0,,RPTNMLMLJHKFFAW66CA
金城鎮,土地,吳厝村段121~150地號,154.0,其他,,,1040115,土地1建物0車位0,,,其他,,,,0.0,0,0,0,有,無,1100000,7143,,0.0,0,,RPPNMLSLJHKFFAW86CA
金城鎮,土地,賢厝段721~750地號,1508.0,農,,,1040115,土地1建物0車位0,,,其他,,,,0.0,0,0,0,有,無,9000000,5968,,0.0,0,,RPQNMLSLJHKFFAW96CA
金寧鄉,土地,東洲段601~630地號,760.05,其他,,,1040109,土地1建物0車位0,,,其他,,,,0.0,0,0,0,有,無,10260000,13499,,0.0,0,,RPRNMLSLJHKFFAW07CA
金湖鎮,房地(土地+建物),金門縣金湖鎮前港路31~60號,94.98,住,,,1040121,土地1建物1車位0,全,三層,透天厝,住家用,鋼筋混凝土造,1031215,159.18,4,3,4,有,無,10600000,66591,,0.0,0,,RPTNMLSLJHKFFAW27CA
金湖鎮,房地(土地+建物),金門縣金湖鎮前港路31~60號,94.98,住,,,1040121,土地1建物1車位0,全,三層,透天厝,住家用,鋼筋混凝土造,1031215,159.1,4,3,4,有,無,8500000,53426,,0.0,0,,RPVNMLSLJHKFFAW47CA
金城鎮,土地,東紅山段901~930地號,858.02,其他,,,1040108,土地4建物0車位0,,,其他,,,,0.0,0,0,0,有,無,978000,1140,,0.0,0,,RPWNMLTLJHKFFAW67CA
金湖鎮,房地(土地+建物),金門縣金湖鎮前港路31~60號,94.98,住,,,1040121,土地1建物1車位0,全,三層,透天厝,住家用,鋼筋混凝土造,1031215,156.6,4,3,4,有,無,7600000,48531,,0.0,0,,RPOOMLSLJHKFFAW86CA
金湖鎮,房地(土地+建物),金門縣金湖鎮前港路31~60號,94.98,住,,,1040121,土地1建物1車位0,全,三層,透天厝,住家用,鋼筋混凝土造,1031215,156.6,4,3,4,有,無,9776000,62427,,0.0,0,,RPQOMLSLJHKFFAW07CA
金寧鄉,土地,東洲村段1~30地號,142.0,住,,,1031124,土地1建物0車位0,,,其他,,,,0.0,0,0,0,有,無,3750000,26408,,0.0,0,,RPPNMLLMJHKFFAW88CA
金湖鎮,房地(土地+建物),金門縣金湖鎮菜市場31~60號,45.93,商,,,1031214,土地1建物1車位0,一層，二層,二層,店面(店鋪),住商用,鋼筋混凝土造,0541015,83.0,0,0,0,無,無,8000000,96386,,0.0,0,,RPWNMLNJKHKFFAW96CA
金沙鎮,土地,鵲山段301~330地號,1285.19,其他,,,1031221,土地1建物0車位0,,,其他,,,,0.0,0,0,0,有,無,2520000,1961,,0.0,0,,RPUOMLSLJHKFFAW47CA
金城鎮,土地,東紅山段661~690地號,369.81,其他,,,1040108,土地1建物0車位0,,,其他,,,,0.0,0,0,0,有,無,422000,1141,,0.0,0,,RPUOMLMJLHKFFAW86CA
金城鎮,土地,北一段91~120地號,1000.29,農,,,1040107,土地1建物0車位0,,,其他,,,,0.0,0,0,0,有,無,14000000,13996,,0.0,0,,RPRNMLTLJHKFFAW17CA
金湖鎮,土地,中四劃段301~330地號,1181.0,農,,,1031225,土地2建物0車位0,,,其他,,,,0.0,0,0,0,有,無,3500000,2964,,0.0,0,,RPRNMLLKKHKFFAW98CA
金寧鄉,土地,北四劃段181~210地號,888.42,農,,,1040110,土地1建物0車位0,,,其他,,,,0.0,0,0,0,有,無,4500000,5065,,0.0,0,,RPSNMLLKKHKFFAW09CA
金湖鎮,土地,多年段721~750地號,600.52,農,,,1040110,土地1建物0車位0,,,其他,,,,0.0,0,0,0,有,無,730000,1216,,0.0,0,,RPPOMLSLJHKFFAW96CA
金寧鄉,土地,寧湖二劃測段571~600地號,1953.08,農,,,1040118,土地1建物0車位0,,,其他,,,,0.0,0,0,0,有,無,17000000,8704,,0.0,0,,RPOOMLTLJHKFFAW96CA
金湖鎮,土地,多年段1231~1260地號,220.18,農,,,1040110,土地1建物0車位0,,,其他,,,,0.0,0,0,0,有,無,255000,1158,,0.0,0,,RPXNMLSLJHKFFAW67CA
金湖鎮,土地,太湖劃測段721~750地號,828.82,其他,,,1040121,土地4建物0車位0,,,其他,,,,0.0,0,0,0,有,無,2900000,3499,,0.0,0,,RPROMLSLJHKFFAW17CA
金寧鄉,土地,北二三劃測段541~570地號,1000.01,農,,,1040114,土地1建物0車位0,,,其他,,,,0.0,0,0,0,有,無,7300000,7300,,0.0,0,,RPVOMLNJKHKFFAW96CA
金城鎮,土地,延平段721~750地號,451.03,農,,,1040113,土地1建物0車位0,,,其他,,,,0.0,0,0,0,有,無,5300000,11751,,0.0,0,,RPQNMLLMJHKFFAW98CA
金寧鄉,房地(土地+建物),金門縣金寧鄉下埔下301~330號,55.79,農,,,1040116,土地1建物1車位0,三層,三層,公寓(5樓含以下無電梯),見其他登記事項,鋼筋混凝土造,1011207,111.25,3,2,2,有,無,7000000,62921,,0.0,0,,RPQNMLNJKHKFFAW98CA
金寧鄉,土地,后垵段601~630地號,541.3,農,,,1040120,土地1建物0車位0,,,其他,,,,0.0,0,0,0,有,無,1300000,2402,,0.0,0,,RPPNMLTLJHKFFAW07DA
金寧鄉,土地,后沙劃測段271~300地號,265.51,農,,,1040123,土地1建物0車位0,,,其他,,,,0.0,0,0,0,有,無,600000,2260,,0.0,0,,RPSNMLTLJHKFFAW37DA
金湖鎮,土地,陳坑段271~300地號,462.02,住,,,1031208,土地2建物0車位0,,,其他,,,,0.0,0,0,0,有,無,9450000,20454,,0.0,0,,RPRNMLMJKHKFFAW09DA
金湖鎮,房地(土地+建物),金門縣金湖鎮漁村31~60號,48.33,其他,,,1040122,土地2建物1車位0,一層,三層,公寓(5樓含以下無電梯),見其他登記事項,鋼筋混凝土造,1010808,85.71000000000001,1,1,1,有,無,4200000,49002,,0.0,0,,RPPNMLNJKHKFFAW98DA
金沙鎮,土地,榮湖段1~30地號,800.0,農,,,1040126,土地2建物0車位0,,,其他,,,,0.0,0,0,0,有,無,3000000,3750,,0.0,0,,RPRNMLKMJHKFFAW09DA
金寧鄉,土地,北四劃段511~540地號,653.0,農,,,1040108,土地2建物0車位0,,,其他,,,,0.0,0,0,0,有,無,6380000,9770,,0.0,0,,RPSNMLNJKHKFFAW56CA
金湖鎮,土地,湖后劃段31~60地號,3000.0,農,,,1040104,土地3建物0車位0,,,其他,,,,0.0,0,0,0,有,無,18000000,6000,,0.0,0,,RPUNMLNJKHKFFAW76CA
金城鎮,土地,庵前劃測段901~930地號,659.01,農,,,1040114,土地1建物0車位0,,,其他,,,,0.0,0,0,0,有,無,3000000,4552,,0.0,0,,RPPNMLOJKHKFFAW98CA
金沙鎮,土地,北九劃段1081~1110地號,500.0,農,,,1040126,土地1建物0車位0,,,其他,,,,0.0,0,0,0,有,無,2250000,4500,,0.0,0,,RPWOMLNJKHKFFAW07CA
金寧鄉,土地,寧湖一劃段151~180地號,333.34,其他,,,1031210,土地1建物0車位0,,,其他,,,,0.0,0,0,0,有,無,3800000,11400,,0.0,0,,RPTNMLPLKHKFFAW07CA
金寧鄉,房地(土地+建物),金門縣金寧鄉下堡91~120號,15.18,其他,,,1031231,土地1建物1車位0,一層,三層,套房(1房1廳1衛),見其他登記事項,鋼筋混凝土造,1031020,28.869999999999997,1,1,1,有,無,1880000,65120,,0.0,0,,RPQOMLTLJHKFFAW17CA
金湖鎮,房地(土地+建物),金門縣金湖鎮湖前271~300號,67.86,住,,,1040123,土地2建物1車位0,全,三層,透天厝,住家用,鋼筋混凝土造,1031113,153.33,5,2,4,有,無,5500000,35870,,0.0,0,,RPPNMLNKKHKFFAW98CA
金湖鎮,房地(土地+建物),金門縣金湖鎮湖前271~300號,66.23,住,,,1040123,土地2建物1車位0,全,三層,透天厝,住家用,鋼筋混凝土造,1031113,150.7,5,2,4,有,無,5500000,36496,,0.0,0,,RPQNMLNKKHKFFAW09CA
金湖鎮,土地,湖前段241~270地號,477.86,農,,,1040121,土地1建物0車位0,,,其他,,,,0.0,0,0,0,有,無,9500000,19880,,0.0,0,,RPRNMLNKKHKFFAW56CA
金寧鄉,土地,中二劃段361~390地號,773.39,住,,,1040119,土地6建物0車位0,,,其他,,,,0.0,0,0,0,有,無,35000000,45255,,0.0,0,,RPRNMLOJKHKFFAW56CA
金寧鄉,土地,龍潭段421~450地號,232.38,農,,,1040119,土地2建物0車位0,,,其他,,,,0.0,0,0,0,有,無,180000,775,,0.0,0,,RPPNMLPJKHKFFAW09CA
金城鎮,房地(土地+建物),金門縣金城鎮民權路226巷4弄1~30號,15.16,住,,,1040128,土地1建物1車位0,六層,七層,華廈(10層含以下有電梯),見其他登記事項,鋼筋混凝土造,1030926,66.43,1,1,1,有,無,4550000,68493,,0.0,0,,RPQOMLNJKHKFFAW09CA
金城鎮,房地(土地+建物),金門縣金城鎮民權路226巷4弄1~30號,15.16,住,,,1040128,土地1建物1車位0,六層,七層,華廈(10層含以下有電梯),見其他登記事項,鋼筋混凝土造,1030926,66.43,1,1,1,有,無,4550000,68493,,0.0,0,,RPROMLNJKHKFFAW56CA
