﻿鄉鎮市區,交易標的,土地區段位置建物區段門牌,土地移轉總面積平方公尺,都市土地使用分區,非都市土地使用分區,非都市土地使用編定,交易年月日,交易筆棟數,移轉層次,總樓層數,建物型態,主要用途,主要建材,建築完成年月,建物移轉總面積平方公尺,建物現況格局-房,建物現況格局-廳,建物現況格局-衛,建物現況格局-隔間,有無管理組織,總價元,單價元平方公尺,車位類別,車位移轉總面積平方公尺,車位總價元,備註,編號
The villages and towns urban district,transaction sign,land sector position building sector house number plate,land shifting total area square meter,the use zoning or compiles and checks,the non-metropolis land use district,non-metropolis land use,transaction year month and day,transaction pen number,shifting level,total floor number,building state,main use,main building materials,construction to complete the years,building shifting total area,Building present situation pattern - room,building present situation pattern - hall,building present situation pattern - health,building present situation pattern - compartmented,Whether there is manages the organization,total price NTD,the unit price (NTD / square meter),the berth category,berth shifting total area square meter,the berth total price NTD,the note,serial number
馬公市,土地,鐵線段451~480地號,1591.0,,風景區,農牧用地,1031029,土地1建物0車位0,,,其他,,,,0.0,0,0,0,有,無,7000000,4400,,0.0,0,,RPXNMLOJJIJFFAX17CA
湖西鄉,土地,鼎灣新段751~780地號,984.6,,一般農業區,農牧用地,1031023,土地1建物0車位0,,,其他,,,,0.0,0,0,0,有,無,2382000,2419,,0.0,0,,RPPNMLQJJIJFFAX56CA
馬公市,土地,五福段1021~1050地號,168.56,,一般農業區,農牧用地,1030603,土地2建物0車位0,,,其他,,,,0.0,0,0,0,有,無,1800000,10679,,0.0,0,,RPUNMLQKJIJFFAX17CA
馬公市,土地,四維段361~390地號,664.63,農,,,1031015,土地1建物0車位0,,,其他,,,,0.0,0,0,0,有,無,10653000,16028,,0.0,0,,RPQNMLOLJIJFFAX66CA
白沙鄉,房地(土地+建物),澎湖縣白沙鄉通梁1~30號,1763.04,,一般農業區,農牧用地,1030924,土地4建物1車位0,全,一層,透天厝,住家用,見其他登記事項,,29.96,2,2,1,有,無,1500000,50067,,0.0,0,,RPVNMLPLJIJFFAX27CA
馬公市,土地,安宅段1141~1170地號,1445.18,,一般農業區,農牧用地,1031025,土地1建物0車位0,,,其他,,,,0.0,0,0,0,有,無,6555000,4536,,0.0,0,,RPSNMLNJJIJFFAX66DA
馬公市,土地,文東段1441~1470地號,565.83,,一般農業區,農牧用地,1031028,土地1建物0車位0,,,其他,,,,0.0,0,0,0,有,無,30000000,53019,,0.0,0,"共有人2人,農變建專案核准,交易總價包括未興建房屋建築費用。",RPVOMLQKJIJFFAX47DA
馬公市,土地,馬公段1801~1830地號,6.0,住,,,1031031,土地1建物0車位0,,,其他,,,,0.0,0,0,0,有,無,320000,53333,,0.0,0,,RPRNMLMKJIJFFAX66EA
湖西鄉,土地,南寮北段1291~1320地號,690.65,,鄉村區,乙種建築用地,1031022,土地2建物0車位0,,,其他,,,,0.0,0,0,0,有,無,2000000,2896,,0.0,0,,RPRNMLQJJIJFFAX86DA
白沙鄉,土地,中屯新1591~1620地號,570.91,,一般農業區,農牧用地,1031016,土地1建物0車位0,,,其他,,,,0.0,0,0,0,有,無,2000000,3503,,0.0,0,,RPQNMLRJJIJFFAX86DA
白沙鄉,土地,鎮海新段661~690地號,661.07,,一般農業區,農牧用地,1031028,土地2建物0車位0,,,其他,,,,0.0,0,0,0,有,無,3800000,5748,,0.0,0,,RPSNMLSLJIJFFAX37DA
馬公市,土地,五福段811~840地號,1245.42,,一般農業區,農牧用地,1031009,土地1建物0車位0,,,其他,,,,0.0,0,0,0,有,無,39200000,31475,,0.0,0,"農變建專案核准,交易總價包括未興建房屋建築費用。共有人4人",RPRNMLSLJIJFFAX17CA
馬公市,土地,五福段931~960地號,130.38,,鄉村區,乙種建築用地,1031029,土地1建物0車位0,,,其他,,,,0.0,0,0,0,有,無,2000000,15340,,0.0,0,,RPSNMLQJJIJFFAX86CA
馬公市,土地,五福段931~960地號,55.67,,鄉村區,乙種建築用地,1031020,土地1建物0車位0,,,其他,,,,0.0,0,0,0,有,無,1100000,19759,,0.0,0,,RPTNMLQJJIJFFAX96CA
白沙鄉,土地,中屯新241~270地號,446.01,,風景區,林業用地,1031027,土地1建物0車位0,,,其他,,,,0.0,0,0,0,有,無,1822500,4086,,0.0,0,,RPUNMLQJJIJFFAX07CA
馬公市,房地(土地+建物),澎湖縣馬公巿馬公市西衛里211~240號,327.77,,一般農業區,甲種建築用地,1031015,土地2建物1車位0,全,三層,透天厝,住家用,鋼筋混凝土造,0970509,280.36,4,2,3,有,無,9600000,34242,,0.0,0,,RPTNMLRLJIJFFAX37DA
馬公市,土地,五福段691~720地號,214.42,,一般農業區,甲種建築用地,1031025,土地3建物0車位0,,,其他,,,,0.0,0,0,0,有,無,11000000,51301,,0.0,0,農變建之起造人變更   含未來興建房屋之價款,RPQNMLKKJIJFFAX88DA
馬公市,房地(土地+建物),澎湖縣馬公巿文光路168巷31~60號,65.67,住,,,1031017,土地1建物1車位0,全,二層,透天厝,住家用,鋼筋混凝土加強磚造,0670615,82.24,3,1,3,有,無,5800000,70525,,0.0,0,,RPRNMLKKJIJFFAX98DA
馬公市,土地,五福段691~720地號,215.44,,一般農業區,甲種建築用地,1031016,土地3建物0車位0,,,其他,,,,0.0,0,0,0,有,無,12000000,55700,,0.0,0,農變建之起造人變更   含未來興建房屋之價款,RPTNMLKKJIJFFAX56DA
馬公市,土地,山水東段481~510地號,1542.07,,一般農業區,農牧用地,1031024,土地1建物0車位0,,,其他,,,,0.0,0,0,0,有,無,3560000,2309,,0.0,0,,RPUNMLKKJIJFFAX66DA
馬公市,房地(土地+建物),澎湖縣馬公巿中華路184巷1~30號,10.1,住,,,1031024,土地2建物1車位0,四層,五層,公寓(5樓含以下無電梯),住家用,鋼筋混凝土造,0820422,38.39,1,1,1,有,無,500000,13024,,0.0,0,親友關係間之交易。,RPPOMLKKJIJFFAX88DA
湖西鄉,土地,沙港東段211~240地號,862.21,,一般農業區,農牧用地,1031031,土地6建物0車位0,,,其他,,,,0.0,0,0,0,有,無,1385135,1606,,0.0,0,,RPPNMLSJJIJFFAX76CA
馬公市,土地,春暉段271~300地號,42.83,住,,,1031031,土地1建物0車位0,,,其他,,,,0.0,0,0,0,有,無,3700000,86388,,0.0,0,未登記建物。未辦理保存登記,RPSNMLSJJIJFFAX07CA
馬公市,土地,五福段691~720地號,238.04,,一般農業區,甲種建築用地,1031016,土地2建物0車位0,,,其他,,,,0.0,0,0,0,有,無,13000000,54613,,0.0,0,農變建之起造人變更   含未來興建房屋之價款,RPSNMLKKJIJFFAX98CA
馬公市,房地(土地+建物),澎湖縣馬公巿文山路31~60號,113.94,住,,,1031028,土地1建物1車位0,全,五層,透天厝,住家用,鋼筋混凝土造,0840808,311.87,6,2,7,有,無,13000000,41684,,0.0,0,,RPVNMLKKJIJFFAX66CA
馬公市,土地,東衛段901~930地號,124.73,,一般農業區,農牧用地,1031020,土地1建物0車位0,,,其他,,,,0.0,0,0,0,有,無,420429,3371,,0.0,0,,RPOOMLKKJIJFFAX68CA
馬公市,土地,五德東段511~540地號,809.6,,一般農業區,農牧用地,1031029,土地1建物0車位0,,,其他,,,,0.0,0,0,0,有,無,1224495,1512,,0.0,0,,RPQNMLLLJIJFFAX98CA
七美鄉,土地,大嶼段4681~4710地號,172.0,,一般農業區,甲種建築用地,1031023,土地1建物0車位0,,,其他,,,,0.0,0,0,0,有,無,880000,5116,,0.0,0,"本案土地上有一未保存登記建物隨同移轉,總價款為新台幣捌拾捌萬元正。",RPSNMLSKJIJFFAX17CA
馬公市,土地,山水西段511~540地號,211.43,,一般農業區,農牧用地,1031031,土地2建物0車位0,,,其他,,,,0.0,0,0,0,有,無,730000,3453,,0.0,0,,RPROMLKKJIJFFAX09DA
湖西鄉,土地,潭邊新段511~540地號,599.0,,一般農業區,農牧用地,1031103,土地1建物0車位0,,,其他,,,,0.0,0,0,0,有,無,2050000,3422,,0.0,0,,RPRNMLLKJIJFFAX09DA
馬公市,房地(土地+建物),澎湖縣馬公巿文光路61~90號,10.84,其他,,,1031016,土地10建物1車位0,四層,十層,華廈(10層含以下有電梯),住家用,鋼筋混凝土造,0870723,111.99,2,1,2,有,有,3700000,33039,,0.0,0,,RPVNMLOLJIJFFAX27DA
馬公市,房地(土地+建物)+車位,澎湖縣馬公巿三多路121~150號,32.03,住,,,1031029,土地1建物1車位1,二層,七層,華廈(10層含以下有電梯),住家用,鋼筋混凝土造,0811230,120.64,4,1,2,有,有,5068000,42009,坡道平面,0.0,0,,RPSNMLMKJIJFFAX66DA
馬公市,房地(土地+建物),澎湖縣馬公巿文化路1~30號,47.0,商,,,1031027,土地1建物1車位0,全,三層,透天厝,住商用,鋼筋混凝土造,0650713,119.25,0,0,3,有,無,8000000,67086,,0.0,0,,RPTNMLMKJIJFFAX76DA
湖西鄉,土地,沙港北段1381~1410地號,597.66,,一般農業區,農牧用地,1031031,土地2建物0車位0,,,其他,,,,0.0,0,0,0,有,無,3017200,5048,,0.0,0,,RPUNMLRLJIJFFAX47DA
湖西鄉,土地,沙港北段1381~1410地號,559.32,,一般農業區,農牧用地,1031031,土地2建物0車位0,,,其他,,,,0.0,0,0,0,有,無,2832800,5065,,0.0,0,,RPVNMLRLJIJFFAX57DA
馬公市,房地(土地+建物),澎湖縣馬公巿臨海路1~30號,140.0,商,,,1031101,土地2建物1車位0,全,四層,透天厝,住商用,鋼筋混凝土造,0800118,576.73,12,1,13,有,無,28000000,48550,,0.0,0,,RPTNMLOJKIJFFAX96DA
馬公市,土地,文東段1441~1470地號,565.83,,一般農業區,農牧用地,1031105,土地1建物0車位0,,,其他,,,,0.0,0,0,0,有,無,30000000,53019,,0.0,0,"換興建起造人,共有人2人,農變建專案核准,交易總價包括未興建房屋建築費用。",RPXNMLRKJIJFFAX57CA
馬公市,土地,四維段571~600地號,64.12,農,,,1031030,土地1建物0車位0,,,其他,,,,0.0,0,0,0,有,無,967500,15089,,0.0,0,,RPPNMLSKJIJFFAX86CA
西嶼鄉,土地,竹篙灣段1381~1410地號,43.5,,鄉村區,遊憩用地,1031027,土地1建物0車位0,,,其他,,,,0.0,0,0,0,有,無,394500,9069,,0.0,0,,RPRNMLOLJIJFFAX76CA
馬公市,土地,風櫃西段301~330地號,895.2,,一般農業區,農牧用地,1031008,土地1建物0車位0,,,其他,,,,0.0,0,0,0,有,無,5200000,5809,,0.0,0,,RPPNMLMKJIJFFAX88CA
馬公市,土地,六合段541~570地號,112.22,農,,,1031028,土地1建物0車位0,,,其他,,,,0.0,0,0,0,有,無,1697000,15122,,0.0,0,,RPRNMLMKJIJFFAX09CA
西嶼鄉,土地,竹篙灣段3601~3630地號,2584.0,,風景區,農牧用地,1031015,土地2建物0車位0,,,其他,,,,0.0,0,0,0,有,無,3908000,1512,,0.0,0,,RPOOMLQKJIJFFAX66CA
馬公市,土地,井垵西段421~450地號,595.39,,一般農業區,農牧用地,1031009,土地1建物0車位0,,,其他,,,,0.0,0,0,0,有,無,4100000,6886,,0.0,0,,RPPOMLQKJIJFFAX76CA
馬公市,土地,安宅段1081~1110地號,1386.07,,一般農業區,農牧用地,1031020,土地1建物0車位0,,,其他,,,,0.0,0,0,0,有,無,6490000,4682,,0.0,0,,RPROMLQKJIJFFAX96CA
馬公市,房地(土地+建物),澎湖縣馬公巿雙頭掛91~120號,88.64,,鄉村區,乙種建築用地,1031016,土地1建物1車位0,全,一層,透天厝,住家用,見其他登記事項,0150101,52.7,3,1,1,有,無,600000,11385,,0.0,0,,RPWNMLQKJIJFFAX37CA
湖西鄉,土地,葉新段541~570地號,262.05,,鄉村區,乙種建築用地,1031110,土地3建物0車位0,,,其他,,,,0.0,0,0,0,有,無,1010000,3854,,0.0,0,,RPPNMLOKJIJFFAX09CA
馬公市,土地,五福段91~120地號,225.45,,一般農業區,甲種建築用地,1031104,土地2建物0車位0,,,其他,,,,0.0,0,0,0,有,無,7600000,33710,,0.0,0,含未來興建房屋價款,RPPNMLOJKIJFFAX09CA
馬公市,土地,五福段91~120地號,227.08,,一般農業區,甲種建築用地,1031104,土地2建物0車位0,,,其他,,,,0.0,0,0,0,有,無,7500000,33028,,0.0,0,含未來興建房屋價款,RPRNMLOJKIJFFAX66CA
西嶼鄉,土地,外垵一段841~870地號,310.91,,風景區,農牧用地,1031013,土地6建物0車位0,,,其他,,,,0.0,0,0,0,有,無,267383,860,,0.0,0,親友間之交易。,RPSNMLSKKIJFFAX37DA
馬公市,房地(土地+建物),澎湖縣馬公巿文山路36巷1~30號,70.81,住,,,1031021,土地1建物1車位0,全,三層,透天厝,住家用,鋼筋混凝土造,1030707,179.26,4,3,3,有,無,7300000,40723,,0.0,0,,RPRNMLNKJIJFFAX66DA
馬公市,房地(土地+建物),澎湖縣馬公巿文山路36巷1~30號,70.81,住,,,1031021,土地1建物1車位0,全,三層,透天厝,住家用,鋼筋混凝土造,1030707,179.26,4,3,3,有,無,7300000,40723,,0.0,0,,SPRNMLNKJIJFFAX76DA
西嶼鄉,土地,竹篙灣段2851~2880地號,438.0,,一般農業區,農牧用地,1031028,土地1建物0車位0,,,其他,,,,0.0,0,0,0,有,無,1250000,2854,,0.0,0,,RPSNMLNKJIJFFAX76DA
馬公市,房地(土地+建物),澎湖縣馬公巿自強路20巷1~30號,75.32,住,,,1031030,土地3建物1車位0,全,二層,透天厝,住家用,鋼筋混凝土加強磚造,0701027,88.7,3,1,1,有,無,2950000,33258,,0.0,0,,RPTNMLNKJIJFFAX86DA
白沙鄉,土地,鳥嶼新段511~540地號,113.57,,一般農業區,農牧用地,1031016,土地3建物0車位0,,,其他,,,,0.0,0,0,0,有,無,132800,1169,,0.0,0,親友間之交易。,RPRNMLRKJIJFFAX07DA
馬公市,房地(土地+建物),澎湖縣馬公巿石泉1~30號,53.12,,鄉村區,乙種建築用地,1030918,土地1建物1車位0,全,三層,透天厝,住家用,鋼筋混凝土造,0730621,122.8,4,3,3,有,無,3900000,31759,,0.0,0,,RPTNMLSKJIJFFAX37DA
馬公市,土地,山水東段661~690地號,1009.45,,一般農業區,農牧用地,1031110,土地1建物0車位0,,,其他,,,,0.0,0,0,0,有,無,6107172,6050,,0.0,0,,RPQNMLOKJIJFFAX66DA
馬公市,土地,五福段871~900地號,507.55,,一般農業區,農牧用地,1031006,土地1建物0車位0,,,其他,,,,0.0,0,0,0,有,無,5500000,10836,,0.0,0,,RPTNMLSLJIJFFAX47DA
馬公市,土地,五福段91~120地號,227.31,,一般農業區,甲種建築用地,1031104,土地2建物0車位0,,,其他,,,,0.0,0,0,0,有,無,7400000,32555,,0.0,0,含未來興建房屋價款,RPSNMLOJKIJFFAX76CA
馬公市,土地,井垵西段61~90地號,447.59,,一般農業區,農牧用地,1031020,土地11建物0車位0,,,其他,,,,0.0,0,0,0,有,無,600000,1341,,0.0,0,,RPSNMLMJKIJFFAX56CA
西嶼鄉,土地,橫礁段661~690地號,530.0,,一般農業區,農牧用地,1031021,土地1建物0車位0,,,其他,,,,0.0,0,0,0,有,無,2100000,3962,,0.0,0,,RPXNMLQKJIJFFAX47CA
湖西鄉,土地,龍門南段601~630地號,979.16,,一般農業區,農牧用地,1031105,土地1建物0車位0,,,其他,,,,0.0,0,0,0,有,無,2072000,2116,,0.0,0,,RPSOMLQKJIJFFAX07CA
馬公市,土地,四維段1201~1230地號,660.43,,一般農業區,農牧用地,1031017,土地1建物0車位0,,,其他,,,,0.0,0,0,0,有,無,7390000,11190,,0.0,0,,RPWNMLRKJIJFFAX47CA
馬公市,土地,光華段421~450地號,310.12,,一般農業區,農牧用地,1031104,土地1建物0車位0,,,其他,,,,0.0,0,0,0,有,無,1000000,3225,,0.0,0,,RPSNMLOLJIJFFAX86CA
湖西鄉,土地,湖東新段451~480地號,554.82,,一般農業區,農牧用地,1031021,土地2建物0車位0,,,其他,,,,0.0,0,0,0,有,無,1638700,2954,,0.0,0,,RPVNMLQKJIJFFAX27CA
白沙鄉,土地,鳥嶼新段481~510地號,117.27,,一般農業區,甲種建築用地,1031016,土地1建物0車位0,,,其他,,,,0.0,0,0,0,有,無,175500,1497,,0.0,0,親友間之交易。,RPSNMLRKJIJFFAX17DA
馬公市,房地(土地+建物),澎湖縣馬公巿林森路61~90號,17.56,住,,,1031024,土地1建物1車位0,七層,七層,華廈(10層含以下有電梯),住家用,鋼筋混凝土造,0870925,90.53999999999999,2,1,1,有,有,2600000,28717,,0.0,0,,RPTNMLOLJIJFFAX96CA
馬公市,土地,東衛段331~360地號,1232.15,,一般農業區,農牧用地,1031011,土地1建物0車位0,,,其他,,,,0.0,0,0,0,有,無,9670000,7848,,0.0,0,,RPQNMLSKJIJFFAX96CA
馬公市,土地,鐵線段1291~1320地號,572.63,,一般農業區,農牧用地,1031110,土地1建物0車位0,,,其他,,,,0.0,0,0,0,有,無,1100000,1921,,0.0,0,,RPRNMLSKJIJFFAX07CA
馬公市,土地,山水南段1081~1110地號,173.25,,一般農業區,甲種建築用地,1031113,土地1建物0車位0,,,其他,,,,0.0,0,0,0,有,無,1732500,10000,,0.0,0,,RPUNMLSKJIJFFAX37CA
馬公市,土地,山水南段481~510地號,170.0,,鄉村區,乙種建築用地,1031106,土地2建物0車位0,,,其他,,,,0.0,0,0,0,有,無,100000,588,,0.0,0,親友、員工或其他特殊關係間之交易。,RPRNMLNJKIJFFAX56CA
馬公市,房地(土地+建物),澎湖縣馬公巿光華91~120號,224.46,,一般農業區,甲種建築用地,1031013,土地2建物1車位0,全,三層,透天厝,住家用,鋼筋混凝土造,0891108,245.56,5,2,4,有,無,4200000,17104,,0.0,0,親友、員工或其他特殊關係間之交易。,RPPNMLKKKIJFFAX78CA
西嶼鄉,土地,橫礁段601~630地號,470.0,,風景區,農牧用地,1031017,土地1建物0車位0,,,其他,,,,0.0,0,0,0,有,無,1560000,3319,,0.0,0,,RPUNMLSLJIJFFAX47CA
馬公市,土地,四維段571~600地號,23.16,農,,,1031021,土地1建物0車位0,,,其他,,,,0.0,0,0,0,有,無,336000,14508,,0.0,0,,RPVNMLSLJIJFFAX57CA
七美鄉,房地(土地+建物),澎湖縣七美鄉三塊厝31~60號,181.0,,鄉村區,乙種建築用地,1031028,土地2建物1車位0,全,一層,透天厝,住家用,加強磚造,0650701,128.04,3,2,2,有,無,1900000,14839,,0.0,0,,RPWOMLPLJIJFFAX47CA
馬公市,土地,井垵西段781~810地號,438.86,,一般農業區,甲種建築用地,1031110,土地2建物0車位0,,,其他,,,,0.0,0,0,0,有,無,2325958,5300,,0.0,0,向政府機關承購之案件。,RPSNMLRKJIJFFAX27EA
馬公市,土地,埕東段541~570地號,28.32,住,,,1031103,土地1建物0車位0,,,其他,,,,0.0,0,0,0,有,無,500000,17655,,0.0,0,,RPTNMLKLJIJFFAX56CA
湖西鄉,土地,林投南段91~120地號,587.36,,一般農業區,農牧用地,1031104,土地1建物0車位0,,,其他,,,,0.0,0,0,0,有,無,2310000,3933,,0.0,0,,RPVNMLSKJIJFFAX47CA
湖西鄉,土地,林投南段91~120地號,587.37,,一般農業區,農牧用地,1031104,土地1建物0車位0,,,其他,,,,0.0,0,0,0,有,無,2310000,3933,,0.0,0,,RPWNMLSKJIJFFAX67DA
馬公市,房地(土地+建物),澎湖縣馬公巿三多路391~420號,13.05,商,,,1031103,土地1建物1車位0,八層,十層,華廈(10層含以下有電梯),住家用,鋼筋混凝土造,0850308,115.25,3,2,2,有,有,3900000,33839,,0.0,0,,RPPNMLPLJIJFFAX76DA
馬公市,房地(土地+建物),澎湖縣馬公巿西衛路211~240號,270.34,,一般農業區,甲種建築用地,1031106,土地2建物1車位0,全,二層,透天厝,住家用,加強磚造,1000704,217.37,4,2,5,有,無,7760000,35699,,0.0,0,親友間買賣移轉含未登記建物,RPPNMLLLJIJFFAX98DA
馬公市,房地(土地+建物),澎湖縣馬公巿文光路61~90號,34.25,住,,,1031110,土地1建物1車位0,一層,四層,公寓(5樓含以下無電梯),住家用,鋼筋混凝土造,0710507,94.0,1,1,1,有,無,4860000,51702,,0.0,0,,RPWNMLPLJIJFFAX47DA
湖西鄉,土地,隘門新段601~630地號,62.48,,鄉村區,乙種建築用地,1031105,土地1建物0車位0,,,其他,,,,0.0,0,0,0,有,無,850000,13604,,0.0,0,親友、員工或其他特殊關係間之交易。急買急賣。,RPUNMLKLJIJFFAX76DA
馬公市,土地,國宅段271~300地號,1028.52,,一般農業區,農牧用地,1031106,土地1建物0車位0,,,其他,,,,0.0,0,0,0,有,無,3800000,3695,,0.0,0,,RPWNMLSLJIJFFAX77DA
馬公市,土地,山水東段271~300地號,737.32,,一般農業區,農牧用地,1031113,土地2建物0車位0,,,其他,,,,0.0,0,0,0,有,無,1918000,2601,,0.0,0,,RPXNMLSLJIJFFAX87DA
白沙鄉,房地(土地+建物),澎湖縣白沙鄉大赤崁361~390號,65.56,,鄉村區,乙種建築用地,1031029,土地0建物1車位0,全,三層,透天厝,住家用,鋼筋混凝土加強磚造,0760209,129.69,3,1,3,有,無,2000000,15421,,0.0,0,,RPQNMLKLJIJFFAX88CA
馬公市,土地,烏崁新段1771~1800地號,1222.07,,一般農業區,農牧用地,1031106,土地1建物0車位0,,,其他,,,,0.0,0,0,0,有,無,8500000,6955,,0.0,0,,RPRNMLKLJIJFFAX98CA
湖西鄉,土地,許家段1081~1110地號,1447.25,,一般農業區,農牧用地,1031118,土地1建物0車位0,,,其他,,,,0.0,0,0,0,有,無,9700000,6702,,0.0,0,,RPSNMLKLJIJFFAX09CA
馬公市,土地,埕東段211~240地號,641.37,住,,,1031114,土地2建物0車位0,,,其他,,,,0.0,0,0,0,有,無,58203000,90748,,0.0,0,,RPRNMLLLJIJFFAX09CA
白沙鄉,土地,後寮段451~480地號,385.4,,一般農業區,農牧用地,1031029,土地19建物0車位0,,,其他,,,,0.0,0,0,0,有,無,120000,311,,0.0,0,,RPSNMLLLJIJFFAX56CA
馬公市,土地,鐵線段811~840地號,329.15,農,,,1031117,土地2建物0車位0,,,其他,,,,0.0,0,0,0,有,無,1980000,6015,,0.0,0,,RPOOMLLLJIJFFAX88CA
馬公市,房地(土地+建物),澎湖縣馬公巿文山路61~90號,28.39,住,,,1031104,土地5建物1車位0,七層,七層,華廈(10層含以下有電梯),住家用,鋼筋混凝土造,0840804,154.94,3,1,2,有,有,4380000,28269,,0.0,0,,RPQNMLKKKIJFFAX88CA
湖西鄉,土地,葉新段1471~1500地號,360.3,,一般農業區,農牧用地,1031003,土地2建物0車位0,,,其他,,,,0.0,0,0,0,有,無,1400000,3886,,0.0,0,,RPSNMLKKKIJFFAX09CA
馬公市,土地,井垵西段841~870地號,640.0,,一般農業區,甲種建築用地,1031117,土地2建物0車位0,,,其他,,,,0.0,0,0,0,有,無,3392000,5300,,0.0,0,向政府機關承購之案件。,RPPNMLKLJIJFFAX98EA
馬公市,土地,光華段511~540地號,272.34,,一般農業區,農牧用地,1031110,土地2建物0車位0,,,其他,,,,0.0,0,0,0,有,無,8360000,30697,,0.0,0,變更起造人，含未來興建房屋之費用。,RPWNMLKKKIJFFAX86CA
白沙鄉,土地,鎮海新段241~270地號,466.14,,風景區,遊憩用地,1031111,土地11建物0車位0,,,其他,,,,0.0,0,0,0,有,無,500000,1073,,0.0,0,親友、員工或其他特殊關係間之交易。權利人六人。,RPSNMLRKKIJFFAX17CA
馬公市,房地(土地+建物),澎湖縣馬公巿文山路331~360號,78.0,住,,,1031114,土地1建物1車位0,全,三層,透天厝,住家用,鋼筋混凝土造,0820302,134.81,4,2,3,有,無,6850000,50812,,0.0,0,,RPXNMLLLJIJFFAX07CA
馬公市,土地,風櫃西段871~900地號,308.86,,一般農業區,農牧用地,1031117,土地1建物0車位0,,,其他,,,,0.0,0,0,0,有,無,1340000,4339,,0.0,0,,RPUNMLLLJIJFFAX76CA
馬公市,土地,五福段121~150地號,344.78,,一般農業區,甲種建築用地,1031027,土地2建物0車位0,,,其他,,,,0.0,0,0,0,有,無,14800000,42926,,0.0,0,農變建之起造人變更含未來興建房屋之價款,RPSNMLPLJIJFFAX96CA
湖西鄉,土地,鼎灣新段601~630地號,188.93,,一般農業區,農牧用地,1031027,土地1建物0車位0,,,其他,,,,0.0,0,0,0,有,無,770000,4076,,0.0,0,,RPUNMLPLJIJFFAX27DA
馬公市,房地(土地+建物)+車位,澎湖縣馬公巿西衛211~240號,251.18,,一般農業區,甲種建築用地,1031110,土地2建物1車位1,全,三層,透天厝,住家用,鋼筋混凝土造,0980309,252.55,4,2,4,有,無,7600000,30093,一樓平面,0.0,0,,RPQNMLPLJIJFFAX86DA
馬公市,土地,光榮段661~690地號,12.12,住,,,1031107,土地1建物0車位0,,,其他,,,,0.0,0,0,0,有,無,660055,54460,,0.0,0,向政府機關承購之案件。,RPTNMLPLJIJFFAX17DA
湖西鄉,土地,葉新段511~540地號,49.23,,鄉村區,乙種建築用地,1031106,土地1建物0車位0,,,其他,,,,0.0,0,0,0,有,無,50000,1016,,0.0,0,,RPVNMLLLJIJFFAX86CA
馬公市,土地,鐵線段571~600地號,168.58,,一般農業區,農牧用地,1031117,土地1建物0車位0,,,其他,,,,0.0,0,0,0,有,無,500000,2966,,0.0,0,,RPROMLPLJIJFFAX96CA
白沙鄉,土地,港子段421~450地號,369.0,,一般農業區,農牧用地,1031117,土地1建物0車位0,,,其他,,,,0.0,0,0,0,有,無,1116000,3024,,0.0,0,,RPQOMLLKKIJFFAX09CA
湖西鄉,土地,湖東新段451~480地號,554.82,,一般農業區,農牧用地,1031118,土地2建物0車位0,,,其他,,,,0.0,0,0,0,有,無,2340000,4218,,0.0,0,,RPWNMLMKKIJFFAX07CA
馬公市,土地,井垵西段781~810地號,489.44,,一般農業區,甲種建築用地,1031119,土地1建物0車位0,,,其他,,,,0.0,0,0,0,有,無,2594032,5300,,0.0,0,向政府機關承購之案件。,RPPNMLOLJIJFFAX76EA
馬公市,土地,井垵西段781~810地號,290.0,,一般農業區,甲種建築用地,1031119,土地1建物0車位0,,,其他,,,,0.0,0,0,0,有,無,1537000,5300,,0.0,0,向政府機關承購之案件。,RPUNMLOLJIJFFAX27EA
馬公市,房地(土地+建物),澎湖縣馬公巿?頭掛181~210號,203.27,,一般農業區,甲種建築用地,1031118,土地4建物1車位0,全,一層,透天厝,住家用,鋼筋混凝土造,1030922,77.71,1,2,1,有,無,2380000,30627,,0.0,0,,RPXNMLSKKIJFFAX87DA
白沙鄉,土地,鎮海新段151~180地號,163.62,,一般農業區,農牧用地,1031119,土地1建物0車位0,,,其他,,,,0.0,0,0,0,有,無,500000,3056,,0.0,0,,RPSOMLLKKIJFFAX66CA
馬公市,土地,五福段271~300地號,192.05,,一般農業區,甲種建築用地,1031117,土地2建物0車位0,,,其他,,,,0.0,0,0,0,有,無,8080000,42072,,0.0,0,"農變建專案核准變更起造人,交易總價包括未興建房屋建築費用。",RPRNMLMLKIJFFAX66CA
馬公市,土地,安宅段751~780地號,217.09,,一般農業區,甲種建築用地,1031112,土地2建物0車位0,,,其他,,,,0.0,0,0,0,有,無,7100000,32705,,0.0,0,變更起造人，含未來興建房屋之費用。,RPSOMLPLJIJFFAX07CA
馬公市,土地,安宅段721~750地號,369.64,,一般農業區,甲種建築用地,1031112,土地2建物0車位0,,,其他,,,,0.0,0,0,0,有,無,9600000,25971,,0.0,0,變更起造人，含未來興建房屋之費用。,RPTOMLPLJIJFFAX17CA
馬公市,土地,風櫃東段271~300地號,1032.22,,一般農業區,農牧用地,1031107,土地1建物0車位0,,,其他,,,,0.0,0,0,0,有,無,4215000,4083,,0.0,0,,RPQOMLPLJIJFFAX86CA
馬公市,土地,東衛段781~810地號,257.13,,一般農業區,甲種建築用地,1031111,土地2建物0車位0,,,其他,,,,0.0,0,0,0,有,無,7000000,27224,,0.0,0,變更起造人，含未來興建房屋之費用。,RPOOMLPLJIJFFAX66CA
湖西鄉,土地,許家段751~780地號,306.63,,一般農業區,農牧用地,1031115,土地2建物0車位0,,,其他,,,,0.0,0,0,0,有,無,3400000,11088,,0.0,0,,RPQNMLRLJIJFFAX96CA
湖西鄉,土地,沙港北段151~180地號,797.16,,一般農業區,農牧用地,1031118,土地1建物0車位0,,,其他,,,,0.0,0,0,0,有,無,1291399,1620,,0.0,0,向政府機關承購之案件。,RPQNMLSLJIJFFAX07CA
馬公市,土地,文東段451~480地號,47.51,,,,1031107,土地1建物0車位0,,,其他,,,,0.0,0,0,0,有,無,581522,12240,,0.0,0,,RPRNMLKKKIJFFAX98CA
湖西鄉,土地,葉新段2191~2220地號,1285.9,,一般農業區,農牧用地,1031121,土地1建物0車位0,,,其他,,,,0.0,0,0,0,有,無,2050000,1594,,0.0,0,向政府機關承購之案件。,RPSNMLPJKIJFFAX86CA
馬公市,土地,山水東段571~600地號,1178.08,,一般農業區,農牧用地,1031110,土地1建物0車位0,,,其他,,,,0.0,0,0,0,有,無,7120000,6044,,0.0,0,,RPXNMLPLJIJFFAX57DA
馬公市,土地,安宅段991~1020地號,2871.84,,一般農業區,農牧用地,1031117,土地2建物0車位0,,,其他,,,,0.0,0,0,0,有,無,10620000,3698,,0.0,0,,RPOOMLSLJIJFFAX07DA
湖西鄉,土地,東石新段601~630地號,705.86,,一般農業區,農牧用地,1031119,土地3建物0車位0,,,其他,,,,0.0,0,0,0,有,無,3000000,4250,,0.0,0,,RPPOMLPLJIJFFAX76CA
馬公市,土地,井垵西段811~840地號,263.85,,一般農業區,甲種建築用地,1031117,土地1建物0車位0,,,其他,,,,0.0,0,0,0,有,無,1451175,5500,,0.0,0,向政府機關承購之案件。權利人3人。,RPPNMLQLJIJFFAX96EA
馬公市,土地,馬公段1771~1800地號,196.0,住,,,1031110,土地1建物0車位0,,,其他,,,,0.0,0,0,0,有,無,27800000,141837,,0.0,0,含興建房屋價款,RPSNMLMLKIJFFAX86DA
馬公市,土地,馬公段1771~1800地號,96.0,住,,,1031110,土地1建物0車位0,,,其他,,,,0.0,0,0,0,有,無,13620000,141875,,0.0,0,含興建房屋價款,RPUNMLMLKIJFFAX07DA
馬公市,土地,馬公段1771~1800地號,100.0,住,,,1031110,土地1建物0車位0,,,其他,,,,0.0,0,0,0,有,無,13620000,136200,,0.0,0,含興建房屋價款,RPVNMLMLKIJFFAX17DA
馬公市,土地,馬公段1771~1800地號,105.0,住,,,1031110,土地1建物0車位0,,,其他,,,,0.0,0,0,0,有,無,14000000,133333,,0.0,0,含興建房屋價款,RPWNMLMLKIJFFAX27DA
馬公市,土地,馬公段1771~1800地號,110.0,住,,,1031110,土地1建物0車位0,,,其他,,,,0.0,0,0,0,有,無,13860000,126000,,0.0,0,含興建房屋價款,RPVOMLMLKIJFFAX27DA
湖西鄉,土地,許家段301~330地號,1941.7,,一般農業區,農牧用地,1031120,土地2建物0車位0,,,其他,,,,0.0,0,0,0,有,無,17840000,9188,,0.0,0,,RPXOMLMLKIJFFAX47DA
馬公市,土地,馬公段1771~1800地號,114.0,住,,,1031110,土地1建物0車位0,,,其他,,,,0.0,0,0,0,有,無,13916000,122070,,0.0,0,含興建房屋價款,RPPNMLNLKIJFFAX66DA
馬公市,土地,馬公段1771~1800地號,113.0,住,,,1031110,土地1建物0車位0,,,其他,,,,0.0,0,0,0,有,無,15760000,139469,,0.0,0,含興建房屋價款,RPQNMLNLKIJFFAX76DA
馬公市,土地,馬公段1771~1800地號,103.0,住,,,1031110,土地1建物0車位0,,,其他,,,,0.0,0,0,0,有,無,14000000,135922,,0.0,0,含興建房屋價款,RPUNMLNLKIJFFAX17DA
馬公市,土地,馬公段1771~1800地號,109.0,住,,,1031110,土地1建物0車位0,,,其他,,,,0.0,0,0,0,有,無,14360000,131743,,0.0,0,含興建房屋價款,RPVNMLNLKIJFFAX27DA
馬公市,土地,馬公段1771~1800地號,118.0,住,,,1031110,土地1建物0車位0,,,其他,,,,0.0,0,0,0,有,無,14360000,121695,,0.0,0,含興建房屋價款,RPWNMLNLKIJFFAX37DA
馬公市,土地,馬公段1771~1800地號,110.0,住,,,1031110,土地1建物0車位0,,,其他,,,,0.0,0,0,0,有,無,13800000,125455,,0.0,0,含興建房屋價款,RPXNMLNLKIJFFAX47DA
馬公市,土地,馬公段1771~1800地號,127.0,住,,,1031110,土地1建物0車位0,,,其他,,,,0.0,0,0,0,有,無,15760000,124094,,0.0,0,含興建房屋價款,RPSOMLMLKIJFFAX96DA
白沙鄉,土地,岐頭段1231~1260地號,1083.25,,一般農業區,農牧用地,1031112,土地2建物0車位0,,,其他,,,,0.0,0,0,0,有,無,1950000,1800,,0.0,0,,RPQNMLMJKIJFFAX98CA
馬公市,土地,四維段601~630地號,919.24,,一般農業區,農牧用地,1031115,土地1建物0車位0,,,其他,,,,0.0,0,0,0,有,無,61600000,67012,,0.0,0,權利人共5人   含未來興建5戶之房屋價款,RPQNMLTJKIJFFAX07CA
白沙鄉,土地,港子段421~450地號,4545.18,,一般農業區,農牧用地,1031120,土地2建物0車位0,,,其他,,,,0.0,0,0,0,有,無,9715000,2137,,0.0,0,,RPTOMLLKKIJFFAX76CA
湖西鄉,土地,許家段271~300地號,429.52,,一般農業區,農牧用地,1031120,土地2建物0車位0,,,其他,,,,0.0,0,0,0,有,無,1430000,3329,,0.0,0,,RPPOMLSLJIJFFAX17DA
馬公市,房地(土地+建物),澎湖縣馬公巿?頭掛181~210號,237.47,,一般農業區,甲種建築用地,1031113,土地4建物1車位0,全,三層,透天厝,住家用,鋼筋混凝土造,1030922,277.85,5,2,5,有,無,6800000,24474,,0.0,0,,RPUNMLSKKIJFFAX57DA
馬公市,房地(土地+建物),澎湖縣馬公巿?頭掛181~210號,248.54,,一般農業區,甲種建築用地,1031113,土地4建物1車位0,全,三層,透天厝,住家用,鋼筋混凝土造,1030922,310.91,5,2,5,有,無,7900000,25409,,0.0,0,,RPVNMLSKKIJFFAX67DA
馬公市,房地(土地+建物),澎湖縣馬公巿東文澳91~120號,50.21,,鄉村區,乙種建築用地,1031119,土地1建物1車位0,全,二層,透天厝,住家用,鋼筋混凝土加強磚造,0750111,96.0,3,2,2,有,無,3500000,36458,,0.0,0,,RPTNMLRKKIJFFAX37DA
馬公市,房地(土地+建物)+車位,澎湖縣馬公巿朝陽路61~90號,24.04,住,,,1031118,土地4建物1車位1,七層,七層,華廈(10層含以下有電梯),住家用,鋼筋混凝土造,0830509,134.55,3,2,2,有,有,4000000,29729,坡道平面,0.0,0,,RPPNMLRLJIJFFAX96DA
馬公市,房地(土地+建物),澎湖縣馬公巿西衛里西衛241~270號,318.3,,一般農業區,甲種建築用地,1031113,土地2建物1車位0,全,三層,透天厝,住家用,鋼筋混凝土造,1030804,280.05,6,1,7,有,無,13500000,48206,,0.0,0,,RPWNMLLKKIJFFAX07DA
馬公市,土地,安宅段991~1020地號,2871.84,,一般農業區,農牧用地,1031125,土地2建物0車位0,,,其他,,,,0.0,0,0,0,有,無,15630000,5443,,0.0,0,,RPXNMLLKKIJFFAX17DA
馬公市,房地(土地+建物),澎湖縣馬公巿東文澳121~150號,86.42,,鄉村區,乙種建築用地,1031119,土地1建物1車位0,全,三層,透天厝,住家用,鋼筋混凝土加強磚造,0720111,110.04,3,2,2,有,無,4200000,38168,,0.0,0,,RPPNMLSLJIJFFAX07DA
馬公市,土地,四維段571~600地號,64.12,農,,,1031120,土地1建物0車位0,,,其他,,,,0.0,0,0,0,有,無,1027670,16027,,0.0,0,,RPQOMLSLJIJFFAX17CA
湖西鄉,土地,尖山南段841~870地號,473.74,,一般農業區,農牧用地,1031118,土地1建物0車位0,,,其他,,,,0.0,0,0,0,有,無,2149650,4538,,0.0,0,向政府機關承購之案件。,RPSNMLMKKIJFFAX86EA
湖西鄉,土地,紅羅段1501~1530地號,556.46,,一般農業區,農牧用地,1031118,土地1建物0車位0,,,其他,,,,0.0,0,0,0,有,無,500814,900,,0.0,0,向政府機關承購之案件。,RPTNMLMKKIJFFAX96EA
湖西鄉,土地,成功南段781~810地號,1826.68,,一般農業區,殯葬用地,1031118,土地2建物0車位0,,,其他,,,,0.0,0,0,0,有,無,3060000,1675,,0.0,0,向政府機關承購之案件。,RPPNMLQKKIJFFAX96EA
馬公市,土地,風櫃西段301~330地號,617.62,,一般農業區,農牧用地,1031120,土地1建物0車位0,,,其他,,,,0.0,0,0,0,有,無,4100000,6638,,0.0,0,,RPSNMLTJKIJFFAX47EA
白沙鄉,土地,後寮西段301~330地號,306.3,,一般農業區,農牧用地,1031118,土地1建物0車位0,,,其他,,,,0.0,0,0,0,有,無,275700,900,,0.0,0,向政府機關承購之案件。,RPUNMLNLKIJFFAX27EA
西嶼鄉,土地,橫礁段601~630地號,470.0,,風景區,農牧用地,1031119,土地1建物0車位0,,,其他,,,,0.0,0,0,0,有,無,2260000,4809,,0.0,0,,RPPNMLMJKIJFFAX88CA
馬公市,土地,北澳段241~270地號,912.04,,鄉村區,乙種建築用地,1031103,土地1建物0車位0,,,其他,,,,0.0,0,0,0,有,無,27589000,30250,,0.0,0,,RPUNMLPJKIJFFAX07CA
白沙鄉,土地,岐頭段301~330地號,422.38,,一般農業區,農牧用地,1031203,土地2建物0車位0,,,其他,,,,0.0,0,0,0,有,無,330000,781,,0.0,0,,RPQNMLNJKIJFFAX56DA
馬公市,土地,安宅段721~750地號,1017.16,,一般農業區,農牧用地,1031113,土地1建物0車位0,,,其他,,,,0.0,0,0,0,有,無,7980000,7845,,0.0,0,,RPUNMLRKKIJFFAX47DA
馬公市,土地,馬公段241~270地號,95.0,商,,,1031126,土地1建物0車位0,,,其他,,,,0.0,0,0,0,有,無,5225000,55000,,0.0,0,,RPUNMLQKKIJFFAX37DA
湖西鄉,土地,沙港北段1351~1380地號,334.55,,一般農業區,農牧用地,1031127,土地1建物0車位0,,,其他,,,,0.0,0,0,0,有,無,2530000,7562,,0.0,0,,RPTNMLMJKIJFFAX66CA
馬公市,土地,山水北段151~180地號,564.17,,一般農業區,農牧用地,1031126,土地1建物0車位0,,,其他,,,,0.0,0,0,0,有,無,2900000,5140,,0.0,0,,RPRNMLMJKIJFFAX09CA
馬公市,土地,鐵線段811~840地號,329.15,農,,,1031126,土地2建物0車位0,,,其他,,,,0.0,0,0,0,有,無,1980000,6015,,0.0,0,買賣契約解除，恢復原所有權人,RPPNMLNJKIJFFAX98CA
馬公市,土地,文石段391~420地號,120.76,,鄉村區,乙種建築用地,1031113,土地1建物0車位0,,,其他,,,,0.0,0,0,0,有,無,1825000,15113,,0.0,0,含未登記建物石泉里24-3號。賣方賣清價。,RPTNMLLKKIJFFAX66CA
馬公市,土地,東衛段331~360地號,701.56,,,,1031120,土地1建物0車位0,,,其他,,,,0.0,0,0,0,有,無,7000000,9978,,0.0,0,,RPPNMLTKKIJFFAX17DA
湖西鄉,土地,許家段1051~1080地號,2953.1,,一般農業區,農牧用地,1031127,土地1建物0車位0,,,其他,,,,0.0,0,0,0,有,無,17350000,5875,,0.0,0,,RPUNMLOJKIJFFAX96CA
馬公市,土地,興崁段1051~1080地號,1670.59,,一般農業區,農牧用地,1031125,土地1建物0車位0,,,其他,,,,0.0,0,0,0,有,無,61700000,36933,,0.0,0,本價款包含未來興建8戶房屋之價款權利人共8人,RPRNMLPKKIJFFAX96DA
馬公市,土地,文化段211~240地號,2.76,其他,,,1031203,土地1建物0車位0,,,其他,,,,0.0,0,0,0,有,無,110400,40000,,0.0,0,"馬公都市計畫生活博物館後側8米道路開闢工程協議價購（40,000元/m2）",RPPNMLTJKIJFFAX07DA
馬公市,土地,井垵西段841~870地號,403.69,,一般農業區,甲種建築用地,1031201,土地1建物0車位0,,,其他,,,,0.0,0,0,0,有,無,2139557,5300,,0.0,0,向政府機關承購之案件。,RPWNMLPJKIJFFAX37DA
馬公市,土地,井垵西段841~870地號,681.3,,一般農業區,甲種建築用地,1031127,土地1建物0車位0,,,其他,,,,0.0,0,0,0,有,無,3610890,5300,,0.0,0,向政府機關承購之案件。,RPXNMLPJKIJFFAX47DA
馬公市,土地,井垵西段781~810地號,467.39,,一般農業區,甲種建築用地,1031127,土地1建物0車位0,,,其他,,,,0.0,0,0,0,有,無,2477167,5300,,0.0,0,,RPOOMLPJKIJFFAX66DA
湖西鄉,土地,許家段271~300地號,767.39,,一般農業區,農牧用地,1031202,土地1建物0車位0,,,其他,,,,0.0,0,0,0,有,無,2320000,3023,,0.0,0,,RPUNMLLKKIJFFAX86DA
白沙鄉,土地,通梁東段481~510地號,1178.05,,一般農業區,農牧用地,1031115,土地2建物0車位0,,,其他,,,,0.0,0,0,0,有,無,2490000,2114,,0.0,0,,RPPNMLPJKIJFFAX56CA
馬公市,土地,五德東段511~540地號,457.6,,一般農業區,農牧用地,1031201,土地1建物0車位0,,,其他,,,,0.0,0,0,0,有,無,692105,1512,,0.0,0,,RPQNMLPJKIJFFAX66CA
馬公市,土地,四維段571~600地號,128.24,農,,,1031126,土地1建物0車位0,,,其他,,,,0.0,0,0,0,有,無,2055870,16031,,0.0,0,,RPPNMLSJKIJFFAX86CA
湖西鄉,土地,湖西南段1501~1530地號,643.75,,一般農業區,農牧用地,1031128,土地1建物0車位0,,,其他,,,,0.0,0,0,0,有,無,2130000,3309,,0.0,0,,RPSNMLSJKIJFFAX17CA
馬公市,土地,案山段91~120地號,103.46,住,,,1031113,土地3建物0車位0,,,其他,,,,0.0,0,0,0,有,無,2458500,23763,,0.0,0,,RPUNMLTJKIJFFAX47CA
馬公市,土地,井垵西段781~810地號,484.51,,一般農業區,甲種建築用地,1031201,土地1建物0車位0,,,其他,,,,0.0,0,0,0,有,無,2567903,5300,,0.0,0,向政府機關承購之案件。,RPRNMLPJKIJFFAX96EA
湖西鄉,房地(土地+建物),澎湖縣湖西鄉121~150號,131.39,,鄉村區,乙種建築用地,1031126,土地3建物1車位0,全,一層,透天厝,住家用,見其他登記事項,0550818,26.69,4,1,0,有,無,286000,10716,,0.0,0,親友、員工或其他特殊關係間之交易。,RPVNMLPJKIJFFAX37EA
馬公市,土地,文石段1141~1170地號,187.67,,一般農業區,農牧用地,1031202,土地1建物0車位0,,,其他,,,,0.0,0,0,0,有,無,851537,4537,,0.0,0,,RPQNMLSJKIJFFAX96CA
西嶼鄉,土地,竹篙灣段1021~1050地號,790.0,,一般農業區,農牧用地,1031202,土地1建物0車位0,,,其他,,,,0.0,0,0,0,有,無,1433000,1814,,0.0,0,,RPRNMLSJKIJFFAX07CA
馬公市,土地,興仁段721~750地號,1576.06,,一般農業區,農牧用地,1031128,土地1建物0車位0,,,其他,,,,0.0,0,0,0,有,無,5290000,3356,,0.0,0,,RPVNMLLKKIJFFAX86CA
馬公市,土地,海堤段601~630地號,88.54,住,,,1031121,土地1建物0車位0,,,其他,,,,0.0,0,0,0,有,無,1200000,13553,,0.0,0,,RPVNMLKKKIJFFAX76CA
馬公市,土地,興仁段181~210地號,183.63,,,,1031120,土地1建物0車位0,,,其他,,,,0.0,0,0,0,有,無,2029112,11050,,0.0,0,,RPUOMLLKKIJFFAX86CA
馬公市,土地,文寮段571~600地號,248.56,,一般農業區,甲種建築用地,1031116,土地2建物0車位0,,,其他,,,,0.0,0,0,0,有,無,8300000,33392,,0.0,0,含未來興建房屋價款,RPOOMLNLKIJFFAX56CA
馬公市,房地(土地+建物),澎湖縣馬公巿西衛1~30號,85.17,,鄉村區,乙種建築用地,1031118,土地1建物1車位0,全,五層,透天厝,住家用,鋼筋混凝土造,0850425,175.06,5,1,3,有,無,6500000,37130,,0.0,0,,RPPNMLOLKIJFFAX66CA
馬公市,土地,六合段421~450地號,291.54,,一般農業區,農牧用地,1031112,土地1建物0車位0,,,其他,,,,0.0,0,0,0,有,無,2640000,9055,,0.0,0,,RPPNMLPKKIJFFAX76DA
馬公市,土地,東衛段991~1020地號,79.34,,一般農業區,農牧用地,1031101,土地1建物0車位0,,,其他,,,,0.0,0,0,0,有,無,300000,3781,,0.0,0,,RPUNMLMKKIJFFAX96DA
馬公市,房地(土地+建物)+車位,澎湖縣馬公巿西文澳61~90號,41.4,住,,,1031126,土地1建物1車位1,四層,六層,華廈(10層含以下有電梯),住家用,鋼筋混凝土造,0840317,142.04,4,1,2,有,有,4560000,32104,坡道平面,0.0,0,,RPXNMLKKKIJFFAX07DA
西嶼鄉,土地,竹篙灣段1441~1470地號,71.25,,鄉村區,乙種建築用地,1031202,土地1建物0車位0,,,其他,,,,0.0,0,0,0,有,無,240000,3368,,0.0,0,,RPVNMLTJKIJFFAX67DA
馬公市,房地(土地+建物),澎湖縣馬公巿五福路3巷32弄1~30號,80.63,,鄉村區,乙種建築用地,1031125,土地1建物1車位0,全,三層,透天厝,住家用,鋼筋混凝土加強磚造,0740809,132.7,4,1,3,有,無,5880000,44310,,0.0,0,,RPVNMLMKKIJFFAX07DA
馬公市,房地(土地+建物),澎湖縣馬公巿光復路91~120號,416.0,住,,,1031119,土地2建物1車位0,一層,一層,店面(店鋪),見其他登記事項,見其他登記事項,0941103,258.82,0,0,0,無,無,75140000,290318,,0.0,0,"土地及建物分次登記案件。前案土地登記收件字號：58120,總計3筆土地,1筆建物",RPXNMLSJJHKFFAX57CA
馬公市,土地,山水南段121~150地號,324.71,,一般農業區,農牧用地,1031011,土地1建物0車位0,,,其他,,,,0.0,0,0,0,有,無,3300000,10163,,0.0,0,,RPVOMLLKKIJFFAX96CA
馬公市,土地,五德東段31~60地號,933.44,農,,,1031201,土地1建物0車位0,,,其他,,,,0.0,0,0,0,有,無,2823000,3024,,0.0,0,,RPRNMLQKKIJFFAX96CA
馬公市,土地,五德東段31~60地號,342.31,,一般農業區,農牧用地,1031201,土地3建物0車位0,,,其他,,,,0.0,0,0,0,有,無,957000,2796,,0.0,0,,RPSNMLQKKIJFFAX07CA
馬公市,土地,裡新段271~300地號,25.04,,一般農業區,交通用地,1031110,土地1建物0車位0,,,其他,,,,0.0,0,0,0,有,無,237630,9490,,0.0,0,,RPTOMLMLKIJFFAX07DA
馬公市,土地,興崁段1021~1050地號,241.26,,一般農業區,甲種建築用地,1031125,土地2建物0車位0,,,其他,,,,0.0,0,0,0,有,無,7300000,30258,,0.0,0,農變建之起造人變更含未來興建房屋價款,RPQNMLPJJHKFFAX66DA
湖西鄉,土地,成功南段1021~1050地號,144.53,,一般農業區,特定目的事業用地,1031127,土地1建物0車位0,,,其他,,,,0.0,0,0,0,有,無,1027608,7110,,0.0,0,向政府機關承購之案件。,RPTNMLTJKIJFFAX57EA
馬公市,房地(土地+建物),澎湖縣馬公巿西衛361~390號,301.39,,一般農業區,甲種建築用地,1031126,土地2建物1車位0,全,三層,透天厝,住家用,鋼筋混凝土造,1030609,282.54,5,2,5,有,無,9680000,34261,,0.0,0,,RPQNMLMKKIJFFAX09CA
白沙鄉,土地,通梁中段1141~1170地號,1015.58,,一般農業區,農牧用地,1031125,土地4建物0車位0,,,其他,,,,0.0,0,0,0,有,無,2333300,2298,,0.0,0,,RPRNMLLKKIJFFAX09CA
湖西鄉,土地,許家段751~780地號,522.5,,一般農業區,農牧用地,1031203,土地1建物0車位0,,,其他,,,,0.0,0,0,0,有,無,5500000,10526,,0.0,0,,RPTNMLKKKIJFFAX56CA
馬公市,土地,文東段481~510地號,88.17,,一般農業區,農牧用地,1031204,土地1建物0車位0,,,其他,,,,0.0,0,0,0,有,無,640000,7259,,0.0,0,,RPUNMLKKKIJFFAX66CA
白沙鄉,土地,講美段1561~1590地號,818.76,,一般農業區,農牧用地,1031203,土地1建物0車位0,,,其他,,,,0.0,0,0,0,有,無,1480000,1808,,0.0,0,,RPPNMLOKKIJFFAX66DA
白沙鄉,土地,講美段1531~1560地號,810.05,,一般農業區,農牧用地,1031204,土地1建物0車位0,,,其他,,,,0.0,0,0,0,有,無,1225000,1512,,0.0,0,,RPQNMLPKKIJFFAX86DA
馬公市,房地(土地+建物),澎湖縣馬公巿文光路162巷1~30號,224.81,住,,,1031120,土地5建物1車位0,全,二層,透天厝,住家用,鋼筋混凝土加強磚造,0790315,417.58,4,1,2,有,無,16800000,40232,,0.0,0,親友間買賣,RPQNMLLKKIJFFAX98CA
湖西鄉,土地,隘門新段871~900地號,1741.59,,一般農業區,農牧用地,1031118,土地1建物0車位0,,,其他,,,,0.0,0,0,0,有,無,4780000,2745,,0.0,0,,RPQNMLKMKIJFFAX09CA
馬公市,房地(土地+建物),澎湖縣馬公巿文明路61~90號,26.88,住,,,1031127,土地3建物1車位0,三層,七層,華廈(10層含以下有電梯),住家用,鋼筋混凝土造,0841208,105.62,3,1,2,有,有,3880000,36735,,0.0,0,,RPSNMLLMKIJFFAX76CA
七美鄉,房地(土地+建物),澎湖1~30號,1623.25,,一般農業區,農牧用地,1031119,土地4建物1車位0,一層，電梯樓梯間,一層,農舍,農舍,加強磚造,0860224,126.64,3,2,1,有,無,1200000,,,0.0,0,本案件乃買賣雙方協議以98年買賣標的之返還.,RPOOMLPJJHKFFAX09CA
湖西鄉,土地,葉新段1771~1800地號,406.05,,一般農業區,農牧用地,1031205,土地1建物0車位0,,,其他,,,,0.0,0,0,0,有,無,600000,1478,,0.0,0,,RPTNMLPKKIJFFAX07CA
馬公市,土地,風櫃西段871~900地號,308.86,,一般農業區,農牧用地,1031208,土地1建物0車位0,,,其他,,,,0.0,0,0,0,有,無,1800000,5828,,0.0,0,,RPQNMLQKKIJFFAX86CA
馬公市,房地(土地+建物),澎湖縣馬公巿興仁里?頭掛31~60號,214.94,,鄉村區,乙種建築用地,1031127,土地1建物1車位0,全,一層,透天厝,住家用,加強磚造,0700701,119.36,5,1,1,有,無,2200000,18432,,0.0,0,,RPQNMLRKKIJFFAX07DA
馬公市,土地,井垵西段841~870地號,351.06,,一般農業區,甲種建築用地,1031201,土地1建物0車位0,,,其他,,,,0.0,0,0,0,有,無,1860618,5300,,0.0,0,向政府機關承購之案件。,RPRNMLMKKIJFFAX76EA
白沙鄉,土地,中屯新1711~1740地號,583.46,,一般農業區,農牧用地,1031206,土地1建物0車位0,,,其他,,,,0.0,0,0,0,有,無,2200000,3771,,0.0,0,,RPXNMLQKKIJFFAX67DA
馬公市,房地(土地+建物),澎湖縣馬公巿文光路151~180號,79.83,住,,,1031130,土地1建物1車位0,全,二層,透天厝,住家用,鋼筋混凝土加強磚造,0671009,79.07,2,1,2,有,無,3880000,49070,,0.0,0,親友、員工或其他特殊關係間之交易。,RPSNMLPKKIJFFAX96CA
馬公市,土地,鎖港南段871~900地號,249.56,住,,,1031029,土地1建物0車位0,,,其他,,,,0.0,0,0,0,有,無,2280000,9136,,0.0,0,親友、員工或其他特殊關係間之交易。,RPRNMLSKKIJFFAX17CA
馬公市,土地,五福段931~960地號,633.8,,一般農業區,農牧用地,1031208,土地2建物0車位0,,,其他,,,,0.0,0,0,0,有,無,600000,947,,0.0,0,權利人數:3人親友、員工或其他特殊關係間之交易。,RPTOMLSKKIJFFAX47CA
馬公市,土地,山水東段391~420地號,1607.98,,一般農業區,農牧用地,1031121,土地1建物0車位0,,,其他,,,,0.0,0,0,0,有,無,12920000,8035,,0.0,0,,RPPNMLRKKIJFFAX86CA
馬公市,土地,六合段421~450地號,938.79,,一般農業區,農牧用地,1031124,土地2建物0車位0,,,其他,,,,0.0,0,0,0,有,無,8511000,9066,,0.0,0,,RPPNMLKLKIJFFAX88CA
馬公市,房地(土地+建物),澎湖縣馬公巿文昌街1~30號,37.26,住,,,1031205,土地1建物1車位0,二層,五層,公寓(5樓含以下無電梯),見其他登記事項,鋼筋混凝土造,0890111,123.7,3,2,2,有,有,3800000,30719,,0.0,0,,RPVNMLQKKIJFFAX47DA
馬公市,房地(土地+建物),澎湖縣馬公巿北辰街1~30號,44.31,住,,,1031118,土地1建物1車位0,五層，電梯樓梯間,五層,公寓(5樓含以下無電梯),國民住宅,鋼筋混凝土造,0730629,107.11,3,1,2,有,無,3000000,28009,,0.0,0,親友、員工或其他特殊關係間之交易。,RPWNMLQKKIJFFAX57DA
馬公市,土地,五福段121~150地號,322.64,,一般農業區,農牧用地,1031210,土地2建物0車位0,,,其他,,,,0.0,0,0,0,有,無,4392000,13613,,0.0,0,,RPQOMLMLKIJFFAX76DA
馬公市,土地,馬公段2071~2100地號,9.0,住,,,1031128,土地2建物0車位0,,,其他,,,,0.0,0,0,0,有,無,856440,95160,,0.0,0,向政府機關承購之案件。,RPQNMLSKKIJFFAX27EA
馬公市,土地,風櫃西段751~780地號,1048.36,,一般農業區,農牧用地,1031208,土地2建物0車位0,,,其他,,,,0.0,0,0,0,有,無,1258032,1200,,0.0,0,親友、員工或其他特殊關係間之交易。,RPRNMLRKKIJFFAX07CA
白沙鄉,土地,後寮段2551~2580地號,116.0,,鄉村區,乙種建築用地,1031210,土地1建物0車位0,,,其他,,,,0.0,0,0,0,有,無,500000,4310,,0.0,0,,RPPNMLSKKIJFFAX96CA
白沙鄉,土地,通梁西段181~210地號,504.46,農,,,1031208,土地7建物0車位0,,,其他,,,,0.0,0,0,0,有,無,650000,1289,,0.0,0,,RPVNMLTKKIJFFAX67CA
湖西鄉,土地,鼎灣新段1291~1320地號,1652.88,,一般農業區,農牧用地,1031203,土地1建物0車位0,,,其他,,,,0.0,0,0,0,有,無,2000000,1210,,0.0,0,,RPQNMLTKKIJFFAX17CA
西嶼鄉,土地,小池角段2071~2100地號,1135.0,,一般農業區,農牧用地,1031210,土地1建物0車位0,,,其他,,,,0.0,0,0,0,有,無,2450000,2159,,0.0,0,,RPROMLSKKIJFFAX27CA
馬公市,房地(土地+建物),澎湖縣馬公巿陽明路121~150號,63.62,住,,,1031201,土地1建物1車位0,全,四層,透天厝,住商用,鋼筋混凝土造,0860126,160.83,4,2,3,有,無,13500000,83940,,0.0,0,,RPQNMLMLKIJFFAX56CA
馬公市,房地(土地+建物),澎湖縣馬公巿水源路1~30號,31.96,商,,,1031210,土地1建物1車位0,四層,十二層,住宅大樓(11層含以上有電梯),住家用,鋼筋混凝土造,0850828,69.77,1,1,1,有,有,9200000,131862,,0.0,0,住宅大樓第4層有6間小套房移轉總價920萬,RPPOMLSKKIJFFAX27EA
白沙鄉,土地,中屯新1351~1380地號,815.39,,一般農業區,農牧用地,1031211,土地1建物0車位0,,,其他,,,,0.0,0,0,0,有,無,2950000,3618,,0.0,0,,RPRNMLTKKIJFFAX37DA
馬公市,土地,五德西段631~660地號,525.64,,一般農業區,農牧用地,1031210,土地2建物0車位0,,,其他,,,,0.0,0,0,0,有,無,2030000,3862,,0.0,0,,RPTNMLTKKIJFFAX57DA
馬公市,土地,中山段31~60地號,2221.05,,一般農業區,農牧用地,1031104,土地1建物0車位0,,,其他,,,,0.0,0,0,0,有,無,16796000,7562,,0.0,0,,RPOOMLTKKIJFFAX17DA
馬公市,土地,馬公段2581~2610地號,253.0,住,,,1031027,土地1建物0車位0,,,其他,,,,0.0,0,0,0,有,無,7402000,29257,,0.0,0,,RPSNMLQJJHKFFAX96DA
湖西鄉,土地,潭邊新段571~600地號,25.37,,鄉村區,乙種建築用地,1031203,土地1建物0車位0,,,其他,,,,0.0,0,0,0,有,無,10444,412,,0.0,0,親友、員工或其他特殊關係間之交易。,RPUNMLTKKIJFFAX77EA
馬公市,土地,鎖港西段91~120地號,7.03,住,,,1031209,土地1建物0車位0,,,其他,,,,0.0,0,0,0,有,無,80634,11470,,0.0,0,向政府機關承購之案件。,RPROMLMLKIJFFAX96EA
白沙鄉,土地,講美段901~930地號,170.53,,鄉村區,乙種建築用地,1031215,土地1建物0車位0,,,其他,,,,0.0,0,0,0,有,無,850000,4984,,0.0,0,親友、員工或其他特殊關係間之交易。,RPSNMLNLKIJFFAX86CA
馬公市,土地,東衛段781~810地號,255.83,,一般農業區,甲種建築用地,1031208,土地2建物0車位0,,,其他,,,,0.0,0,0,0,有,無,8300000,32443,,0.0,0,變更起造人，含未來興建房屋之費用。,RPSOMLSKKIJFFAX37CA
馬公市,房地(土地+建物),澎湖縣馬公巿朝陽路100巷1~30號,100.15,住,,,1031209,土地0建物1車位0,全,三層,透天厝,住家用,鋼筋混凝土造,0820316,172.95,4,1,5,有,無,11800000,68228,,0.0,0,,RPSNMLTKKIJFFAX37CA
馬公市,房地(土地+建物),澎湖縣馬公巿五福路201巷10弄1~30號,110.61,,一般農業區,甲種建築用地,1031203,土地1建物1車位0,全,三層,透天厝,住家用,鋼筋混凝土造,0870509,167.66,4,1,3,有,無,4500000,26840,,0.0,0,賣清,RPTNMLMLKIJFFAX86CA
馬公市,土地,中衛段91~120地號,988.33,,一般農業區,農牧用地,1031204,土地1建物0車位0,,,其他,,,,0.0,0,0,0,有,無,8000000,8094,,0.0,0,,RPWOMLMLKIJFFAX27CA
湖西鄉,土地,林投南段1~30地號,1085.83,,一般農業區,農牧用地,1031202,土地1建物0車位0,,,其他,,,,0.0,0,0,0,有,無,2000000,1842,,0.0,0,,RPRNMLNLKIJFFAX76CA
馬公市,土地,文東段481~510地號,88.17,,一般農業區,農牧用地,1031210,土地1建物0車位0,,,其他,,,,0.0,0,0,0,有,無,800000,9073,,0.0,0,,RPWNMLTKKIJFFAX77CA
馬公市,土地,六合段541~570地號,188.47,農,,,1031204,土地1建物0車位0,,,其他,,,,0.0,0,0,0,有,無,2850000,15122,,0.0,0,,RPXNMLTKKIJFFAX87CA
馬公市,土地,文寮段571~600地號,253.44,,一般農業區,甲種建築用地,1031215,土地2建物0車位0,,,其他,,,,0.0,0,0,0,有,無,8350000,32947,,0.0,0,含未來興建房屋價款,RPPOMLNLKIJFFAX66CA
白沙鄉,土地,通梁中段421~450地號,194.02,住,,,1031111,土地1建物0車位0,,,其他,,,,0.0,0,0,0,有,無,1526000,7865,,0.0,0,,RPSNMLPLKIJFFAX07CA
馬公市,土地,文寮段601~630地號,334.66,,一般農業區,農牧用地,1031114,土地1建物0車位0,,,其他,,,,0.0,0,0,0,有,無,5560000,16614,,0.0,0,,RPTNMLNLKIJFFAX07DA
馬公市,房地(土地+建物)+車位,澎湖縣馬公巿四維路121~150號,28.83,住,,,1031208,土地2建物1車位1,二層,七層,華廈(10層含以下有電梯),住家用,鋼筋混凝土造,0830831,132.22,3,1,2,有,無,4020000,30404,一樓平面,0.0,0,,RPQNMLQJJHKFFAX76DA
馬公市,房地(土地+建物),澎湖縣馬公巿後窟潭1~30號,40.71,,鄉村區,乙種建築用地,1031202,土地2建物1車位0,一層,五層,公寓(5樓含以下無電梯),住家用,鋼筋混凝土造,0870401,94.19,3,1,2,有,無,3600000,38221,,0.0,0,,RPROMLSJJHKFFAX17DA
馬公市,土地,興仁段751~780地號,305.14,,一般農業區,農牧用地,1031210,土地1建物0車位0,,,其他,,,,0.0,0,0,0,有,無,2030000,6653,,0.0,0,,RPQNMLRLKIJFFAX17DA
馬公市,土地,興崁段871~900地號,225.12,,一般農業區,甲種建築用地,1031208,土地2建物0車位0,,,其他,,,,0.0,0,0,0,有,無,9990000,44376,,0.0,0,含未來興建房屋價款,RPPNMLSJJHKFFAX76CA
西嶼鄉,土地,合界頭段301~330地號,818.0,,鄉村區,乙種建築用地,1031111,土地1建物0車位0,,,其他,,,,0.0,0,0,0,有,無,36880000,45086,,0.0,0,,RPOOMLSJJHKFFAX76CA
湖西鄉,土地,東石新段211~240地號,34.19,,風景區,農牧用地,1031216,土地1建物0車位0,,,其他,,,,0.0,0,0,0,有,無,124794,3650,,0.0,0,"102年度各鄉市排水雜項修建第二期工程東石工區用地協議價購3,650元/m2",RPPNMLKMKIJFFAX09DA
馬公市,土地,山水東段481~510地號,1226.32,,一般農業區,農牧用地,1031201,土地1建物0車位0,,,其他,,,,0.0,0,0,0,有,無,4748000,3872,,0.0,0,,RPSOMLSJJHKFFAX27DA
馬公市,房地(土地+建物),澎湖縣馬公巿大勇街1~30號,76.0,商,,,1031210,土地2建物1車位0,全,四層,透天厝,住商用,鋼筋混凝土造,0770715,268.25,4,3,4,有,無,12800000,47717,,0.0,0,,RPUNMLPJJHKFFAX07DA
馬公市,土地,五福段511~540地號,258.28,,一般農業區,甲種建築用地,1031215,土地2建物0車位0,,,其他,,,,0.0,0,0,0,有,無,18800000,72789,,0.0,0,農變建之起造人變更含未來興建房屋價款,RPPNMLRLKIJFFAX07DA
馬公市,土地,中山段31~60地號,542.41,,一般農業區,農牧用地,1031129,土地1建物0車位0,,,其他,,,,0.0,0,0,0,有,無,7875360,14519,,0.0,0,,RPTNMLPLKIJFFAX27DA
湖西鄉,土地,許家段721~750地號,522.5,,一般農業區,農牧用地,1031211,土地1建物0車位0,,,其他,,,,0.0,0,0,0,有,無,5500000,10526,,0.0,0,,RPPOMLSJJHKFFAX86CA
馬公市,房地(土地+建物),澎湖縣馬公巿仁愛路61~90號,12.57,住,,,1031214,土地1建物1車位0,全,二層,透天厝,住家用,見其他登記事項,0600506,25.14,2,1,1,有,無,1200000,47733,,0.0,0,,RPQNMLPLKIJFFAX86CA
西嶼鄉,土地,小池角段871~900地號,143.0,,一般農業區,農牧用地,1031112,土地1建物0車位0,,,其他,,,,0.0,0,0,0,有,無,142490,996,,0.0,0,,RPVNMLPLKIJFFAX37CA
西嶼鄉,土地,二崁南段1411~1440地號,503.28,,風景區,農牧用地,1031112,土地1建物0車位0,,,其他,,,,0.0,0,0,0,有,無,501480,996,,0.0,0,,RPWNMLPLKIJFFAX47CA
馬公市,土地,文寮段571~600地號,244.06,,一般農業區,甲種建築用地,1031218,土地2建物0車位0,,,其他,,,,0.0,0,0,0,有,無,8300000,34008,,0.0,0,含未來興建房屋價款,RPQNMLRKJHKFFAX86CA
西嶼鄉,土地,二崁南段1021~1050地號,457.52,,一般農業區,農牧用地,1031112,土地1建物0車位0,,,其他,,,,0.0,0,0,0,有,無,456030,997,,0.0,0,,RPUNMLPLKIJFFAX37DA
馬公市,土地,五福段1051~1080地號,1460.25,,一般農業區,農牧用地,1031119,土地1建物0車位0,,,其他,,,,0.0,0,0,0,有,無,15902000,10890,,0.0,0,,RPTOMLSJJHKFFAX37DA
馬公市,土地,山水東段271~300地號,390.62,,一般農業區,農牧用地,1031211,土地1建物0車位0,,,其他,,,,0.0,0,0,0,有,無,1200000,3072,,0.0,0,,RPUOMLSJJHKFFAX47DA
馬公市,土地,安宅段361~390地號,1202.2,,一般農業區,農牧用地,1031201,土地1建物0車位0,,,其他,,,,0.0,0,0,0,有,無,3880000,3227,,0.0,0,,RPWNMLPJJHKFFAX27DA
馬公市,房地(土地+建物),澎湖縣馬公巿文明路61~90號,26.88,住,,,1031218,土地3建物1車位0,二層,七層,華廈(10層含以下有電梯),住家用,鋼筋混凝土造,0841208,130.48,3,1,2,有,無,3860000,29583,,0.0,0,親友、員工或其他特殊關係間之交易。,RPSNMLTLKIJFFAX57DA
馬公市,土地,埕中段211~240地號,97.61,住,,,1031222,土地1建物0車位0,,,其他,,,,0.0,0,0,0,有,無,17500000,179285,,0.0,0,含興建中房屋建築費用,RPXNMLPKJHKFFAX37CA
馬公市,土地,四維段571~600地號,244.84,,一般農業區,農牧用地,1031215,土地1建物0車位0,,,其他,,,,0.0,0,0,0,有,無,11160000,45581,,0.0,0,"買受人二人共同申報    含未來興建房屋之價款    土地分次登記案件,後案土地登記收件字號:062120號",RPVNMLMLJHKFFAX96CA
西嶼鄉,土地,二崁北段601~630地號,883.08,,一般農業區,農牧用地,1031222,土地1建物0車位0,,,其他,,,,0.0,0,0,0,有,無,1738000,1968,,0.0,0,,RPRNMLRLKIJFFAX17CA
馬公市,土地,山水東段421~450地號,875.86,,一般農業區,農牧用地,1031215,土地1建物0車位0,,,其他,,,,0.0,0,0,0,有,無,6700000,7650,,0.0,0,,RPRNMLTLKIJFFAX37CA
馬公市,土地,文石段181~210地號,269.51,,一般農業區,甲種建築用地,1031218,土地2建物0車位0,,,其他,,,,0.0,0,0,0,有,無,11000000,40815,,0.0,0,含未來興建房屋價款,RPQNMLLMKIJFFAX56CA
西嶼鄉,土地,小池角段3331~3360地號,1023.0,,一般農業區,農牧用地,1031222,土地2建物0車位0,,,其他,,,,0.0,0,0,0,有,無,585650,572,,0.0,0,,RPRNMLPJJHKFFAX66CA
馬公市,土地,山水北段421~450地號,63.71,,一般農業區,農牧用地,1030718,土地1建物0車位0,,,其他,,,,0.0,0,0,0,有,無,231200,3629,,0.0,0,,RPQOMLSJJHKFFAX96CA
湖西鄉,土地,龍門西段31~60地號,311.48,,一般農業區,農牧用地,1031215,土地1建物0車位0,,,其他,,,,0.0,0,0,0,有,無,1180000,3788,,0.0,0,親友、員工或其他特殊關係間之交易。,RPRNMLQKJHKFFAX86CA
西嶼鄉,土地,小池角段2071~2100地號,815.0,,一般農業區,農牧用地,1031222,土地1建物0車位0,,,其他,,,,0.0,0,0,0,有,無,466610,573,,0.0,0,,RPPNMLPJJHKFFAX56DA
馬公市,土地,東澳段481~510地號,637.92,住,,,1031204,土地1建物0車位0,,,其他,,,,0.0,0,0,0,有,無,22191550,34787,,0.0,0,,RPTNMLLMKIJFFAX96DA
馬公市,土地,五福段1051~1080地號,1460.25,,一般農業區,農牧用地,1031226,土地1建物0車位0,,,其他,,,,0.0,0,0,0,有,無,23000000,15751,,0.0,0,,RPUOMLOKJHKFFAX07CA
湖西鄉,房地(土地+建物),澎湖縣湖西鄉尖山1~30號,1110.65,,一般農業區,農牧用地,1031202,土地5建物1車位0,一層，電梯樓梯間,一層,其他,住家用,鋼筋混凝土造,0800826,142.5,5,2,2,有,無,1000000,7018,,0.0,0,親友、員工或其他特殊關係間之交易。,RPXNMLPJJHKFFAX27CA
馬公市,房地(土地+建物),澎湖縣馬公巿五福路3巷32弄1~30號,270.74,,一般農業區,甲種建築用地,1031222,土地2建物1車位0,全,三層,透天厝,住家用,鋼筋混凝土造,1031105,348.23,5,2,6,有,無,10143700,29129,,0.0,0,,RPOOMLPKJHKFFAX56CA
馬公市,房地(土地+建物),澎湖縣馬公巿五福路3巷32弄1~30號,272.61,,一般農業區,甲種建築用地,1031222,土地2建物1車位0,全,三層,透天厝,住家用,鋼筋混凝土造,1031105,349.92,4,2,5,有,無,9947850,28429,,0.0,0,,RPPOMLPKJHKFFAX66CA
馬公市,土地,文化段421~450地號,188.05,住,,,1031125,土地1建物0車位0,,,其他,,,,0.0,0,0,0,有,無,9600000,51050,,0.0,0,,RPRNMLKMKIJFFAX56CA
馬公市,土地,鎖港西段811~840地號,1086.03,農,,,1031225,土地1建物0車位0,,,其他,,,,0.0,0,0,0,有,無,2628000,2420,,0.0,0,,RPPNMLLMKIJFFAX09CA
湖西鄉,土地,南寮北段1171~1200地號,1718.31,,一般農業區,農牧用地,1031210,土地2建物0車位0,,,其他,,,,0.0,0,0,0,有,無,1390000,809,,0.0,0,,RPUNMLLMKIJFFAX96CA
湖西鄉,土地,成功南段751~780地號,348.23,,一般農業區,農牧用地,1031226,土地1建物0車位0,,,其他,,,,0.0,0,0,0,有,無,1158735,3327,,0.0,0,,RPSNMLPJJHKFFAX76CA
馬公市,房地(土地+建物),澎湖縣馬公巿五福路3巷32弄1~30號,269.81,,一般農業區,甲種建築用地,1031220,土地2建物1車位0,全,三層,透天厝,住家用,鋼筋混凝土造,1031105,348.47,4,2,5,有,無,9840200,28238,,0.0,0,,RPQOMLPKJHKFFAX76CA
馬公市,土地,文石段121~150地號,267.87,,一般農業區,甲種建築用地,1031219,土地2建物0車位0,,,其他,,,,0.0,0,0,0,有,無,9000000,33598,,0.0,0,"農變建專案核准變更起造人,交易總價包括未興建房屋建築費用。",RPROMLPKJHKFFAX86CA
馬公市,土地,馬公段2551~2580地號,50.0,住,,,1031211,土地2建物0車位0,,,其他,,,,0.0,0,0,0,有,無,243702,4874,,0.0,0,向政府機關承購之案件。,RPSNMLMLJHKFFAX86EA
湖西鄉,土地,龍門北段211~240地號,3245.72,,一般農業區,農牧用地,1031219,土地6建物0車位0,,,其他,,,,0.0,0,0,0,有,無,2000000,616,,0.0,0,,RPVNMLPJJHKFFAX17DA
馬公市,房地(土地+建物)+車位,澎湖縣馬公巿貿商街121~150號,28.82,住,,,1031216,土地2建物1車位1,八層,十四層,住宅大樓(11層含以上有電梯),見其他登記事項,鋼筋混凝土造,0950710,177.19,3,1,2,有,有,4280000,24155,坡道平面,0.0,0,,RPPNMLKKJHKFFAX78DA
馬公市,土地,文東段1921~1950地號,483.29,,一般農業區,農牧用地,1031224,土地3建物0車位0,,,其他,,,,0.0,0,0,0,有,無,8770000,18146,,0.0,0,,RPPNMLSKJHKFFAX96DA
望安鄉,土地,水垵段1951~1980地號,95.33,,鄉村區,乙種建築用地,1031209,土地1建物0車位0,,,其他,,,,0.0,0,0,0,有,無,170000,1783,,0.0,0,親友、員工或其他特殊關係間之交易。,RPUNMLSJJHKFFAX27CA
馬公市,房地(土地+建物),澎湖縣馬公巿林森路31~60號,18.55,其他,,,1031127,土地2建物1車位0,七層,八層,華廈(10層含以下有電梯),住家用,鋼筋混凝土造,0850202,126.8,2,2,2,有,有,3500000,27603,,0.0,0,,RPPNMLQJJHKFFAX56CA
馬公市,土地,雙湖段721~750地號,15.35,,鄉村區,乙種建築用地,1031219,土地1建物0車位0,,,其他,,,,0.0,0,0,0,有,無,348906,22730,,0.0,0,,RPUNMLQJJHKFFAX07CA
馬公市,土地,海堤段1201~1230地號,2121.2,工,,,1031224,土地1建物0車位0,,,其他,,,,0.0,0,0,0,有,無,15440000,7279,,0.0,0,,RPTNMLSJJHKFFAX17CA
馬公市,建物,澎湖縣馬公巿西文澳91~120號,0.0,,,,1031226,土地0建物1車位0,全,四層,透天厝,住家用,鋼筋混凝土造,1030731,331.18,6,2,5,有,無,4640000,14011,,0.0,0,,RPRNMLQJJHKFFAX76CA
白沙鄉,土地,中屯新1741~1770地號,1408.26,,風景區,農牧用地,1031231,土地4建物0車位0,,,其他,,,,0.0,0,0,0,有,無,1690800,1201,,0.0,0,受債權債務影響或債務抵償之交易。,RPUNMLTKJHKFFAX47CA
白沙鄉,土地,後寮南段61~90地號,388.02,,一般農業區,農牧用地,1031225,土地1建物0車位0,,,其他,,,,0.0,0,0,0,有,無,680000,1752,,0.0,0,,RPRNMLKKJHKFFAX98DA
馬公市,土地,興仁段301~330地號,2392.92,,一般農業區,農牧用地,1031219,土地1建物0車位0,,,其他,,,,0.0,0,0,0,有,無,11580000,4839,,0.0,0,,RPTNMLQJJHKFFAX07DA
馬公市,土地,海堤段601~630地號,536.13,住,,,1031215,土地1建物0車位0,,,其他,,,,0.0,0,0,0,有,無,6466600,12062,,0.0,0,向政府機關承購之案件。,RPRNMLLLJHKFFAX66EA
馬公市,土地,馬公段2011~2040地號,38.0,商,,,1031217,土地3建物0車位0,,,其他,,,,0.0,0,0,0,有,無,344020,9053,,0.0,0,向政府機關承購之案件。,RPVNMLSJJHKFFAX57EA
馬公市,土地,西澳段871~900地號,382.4,住,,,1031016,土地1建物0車位0,,,其他,,,,0.0,0,0,0,有,無,8900000,23274,,0.0,0,,RPSOMLPKJHKFFAX96CA
湖西鄉,土地,南寮北段751~780地號,409.5,,鄉村區,乙種建築用地,1031201,土地1建物0車位0,,,其他,,,,0.0,0,0,0,有,無,500000,1221,,0.0,0,,RPQOMLNJKHKFFAX56CA
馬公市,房地(土地+建物),澎湖縣馬公巿西文澳151~180號,268.54,,一般農業區,甲種建築用地,1031216,土地2建物1車位0,全,三層,透天厝,住家用,鋼筋混凝土造,1011107,318.08,7,3,5,有,無,9860000,30998,,0.0,0,,RPQNMLRJJHKFFAX76CA
西嶼鄉,土地,竹篙灣段1021~1050地號,790.0,,一般農業區,農牧用地,1031229,土地1建物0車位0,,,其他,,,,0.0,0,0,0,有,無,2780000,3519,,0.0,0,,RPUNMLTJJHKFFAX37CA
西嶼鄉,土地,大池角段811~840地號,244.21,,一般農業區,農牧用地,1031230,土地1建物0車位0,,,其他,,,,0.0,0,0,0,有,無,147740,605,,0.0,0,,RPVNMLTJJHKFFAX47CA
西嶼鄉,土地,小池角段2791~2820地號,950.0,,一般農業區,農牧用地,1031216,土地3建物0車位0,,,其他,,,,0.0,0,0,0,有,無,1110000,1168,,0.0,0,,RPVNMLOKJHKFFAX07CA
馬公市,土地,馬公段1951~1980地號,21.0,住,,,1031222,土地1建物0車位0,,,其他,,,,0.0,0,0,0,有,無,2098320,99920,,0.0,0,,RPPNMLTJJHKFFAX86CA
馬公市,土地,文石段1381~1410地號,176.64,住,,,1031231,土地3建物0車位0,,,其他,,,,0.0,0,0,0,有,無,5610086,31760,,0.0,0,向政府機關承購之案件。,RPQNMLSJJHKFFAX07EA
馬公市,土地,烏崁新段1171~1200地號,18.09,,一般農業區,甲種建築用地,1031226,土地1建物0車位0,,,其他,,,,0.0,0,0,0,有,無,102751,5680,,0.0,0,向政府機關承購之案件。,RPRNMLSJJHKFFAX17EA
馬公市,房地(土地+建物),澎湖縣馬公巿鎖管港61~90號,78.92,住,,,1031225,土地1建物1車位0,全,二層,透天厝,國民住宅,鋼筋混凝土加強磚造,0700216,80.56,4,2,2,有,無,2200000,27309,,0.0,0,,RPQNMLKKJHKFFAX88DA
馬公市,房地(土地+建物),澎湖縣馬公巿東衛1~30號,178.94,,鄉村區,乙種建築用地,1031223,土地2建物1車位0,全,三層,透天厝,住家用,鋼筋混凝土造,0830525,195.51,4,2,4,有,無,5300000,27109,,0.0,0,,RPXNMLNKJHKFFAX27DA
馬公市,土地,五福段1081~1110地號,519.24,,鄉村區,交通用地,1031222,土地1建物0車位0,,,其他,,,,0.0,0,0,0,有,無,417307,804,,0.0,0,,RPOOMLNKJHKFFAX09DA
馬公市,土地,興崁段1081~1110地號,1128.11,,一般農業區,農牧用地,1031112,土地1建物0車位0,,,其他,,,,0.0,0,0,0,有,無,9515000,8434,,0.0,0,,RPRNMLTJJHKFFAX17DA
馬公市,土地,文石段1141~1170地號,249.88,,一般農業區,甲種建築用地,1031229,土地3建物0車位0,,,其他,,,,0.0,0,0,0,有,無,7860000,31455,,0.0,0,"變更起造人,含未來新建房屋之費用。",RPTNMLTJJHKFFAX27CA
白沙鄉,土地,鎮海新段151~180地號,727.2,,一般農業區,農牧用地,1031224,土地1建物0車位0,,,其他,,,,0.0,0,0,0,有,無,1737000,2389,,0.0,0,,RPTOMLPKJHKFFAX07CA
馬公市,土地,東澳段1171~1200地號,39.83,其他,,,1031223,土地1建物0車位0,,,其他,,,,0.0,0,0,0,有,無,637280,16000,,0.0,0,,RPXNMLLLJHKFFAX07CA
馬公市,土地,山水北段601~630地號,277.61,,鄉村區,乙種建築用地,1031230,土地1建物0車位0,,,其他,,,,0.0,0,0,0,有,無,2180000,7853,,0.0,0,,RPQNMLPLJHKFFAX76CA
湖西鄉,土地,許家段271~300地號,2215.76,,一般農業區,農牧用地,1031223,土地2建物0車位0,,,其他,,,,0.0,0,0,0,有,無,17420000,7862,,0.0,0,,RPUNMLLLJHKFFAX76CA
馬公市,土地,文寮段1141~1170地號,567.67,,一般農業區,農牧用地,1031229,土地1建物0車位0,,,其他,,,,0.0,0,0,0,有,無,2050000,3611,,0.0,0,,RPSNMLNKJHKFFAX66CA
湖西鄉,土地,林投北段121~150地號,278.53,,一般農業區,農牧用地,1031227,土地1建物0車位0,,,其他,,,,0.0,0,0,0,有,無,1160000,4165,,0.0,0,,RPUNMLNKJHKFFAX86CA
馬公市,土地,興崁段1111~1140地號,1174.17,,一般農業區,農牧用地,1031231,土地1建物0車位0,,,其他,,,,0.0,0,0,0,有,無,3820000,3253,,0.0,0,,RPVNMLNKJHKFFAX96CA
馬公市,房地(土地+建物),澎湖縣馬公巿中華路151~180號,22.45,住,,,1031218,土地3建物1車位0,三層,六層,華廈(10層含以下有電梯),住家用,鋼筋混凝土造,0810801,151.8,4,0,4,有,無,4850000,31950,,0.0,0,,RPWNMLNKJHKFFAX07CA
馬公市,房地(土地+建物),澎湖縣馬公巿林森路87巷23弄1~30號,106.05,住,,,1031224,土地1建物1車位0,一層,二層,公寓(5樓含以下無電梯),住家用,鋼筋混凝土加強磚造,0770808,138.68,5,1,3,有,無,5500000,39660,,0.0,0,,RPPOMLNKJHKFFAX09CA
馬公市,土地,山水西段541~570地號,463.0,,一般農業區,農牧用地,1031215,土地1建物0車位0,,,其他,,,,0.0,0,0,0,有,無,1400000,3024,,0.0,0,,RPPNMLOKJHKFFAX09CA
馬公市,土地,馬公段1831~1860地號,6.0,其他,,,1040108,土地1建物0車位0,,,其他,,,,0.0,0,0,0,有,無,304920,50820,,0.0,0,"協議價購（50,820/m2）",RPQNMLMKJHKFFAX09DA
馬公市,房地(土地+建物),澎湖縣馬公巿馬公市朝陽里35鄰三多路12巷1~30號,116.01,住,,,1031218,土地2建物1車位0,全,二層,透天厝,住家用,鋼筋混凝土加強磚造,0770722,133.1,3,1,3,有,無,7360000,55297,,0.0,0,,RPQNMLSKJHKFFAX07DA
馬公市,土地,光華段451~480地號,163.93,,一般農業區,農牧用地,1031222,土地1建物0車位0,,,其他,,,,0.0,0,0,0,有,無,1735000,10584,,0.0,0,,RPRNMLSKJHKFFAX17DA
馬公市,房地(土地+建物),澎湖縣馬公巿治平路1~30號,28.82,住,,,1031211,土地1建物1車位0,一層，二層,七層,華廈(10層含以下有電梯),住商用,鋼筋混凝土造,0820512,165.44,1,2,2,有,無,10400000,62863,,0.0,0,,RPSNMLTKJHKFFAX37DA
馬公市,土地,文寮段331~360地號,593.53,,一般農業區,農牧用地,1031230,土地1建物0車位0,,,其他,,,,0.0,0,0,0,有,無,24180000,40739,,0.0,0,買受人為3人。含未來興建3戶房屋價款。,RPPNMLNLJHKFFAX56DA
馬公市,房地(土地+建物),澎湖縣馬公巿中華路291巷1~30號,29.15,住,,,1031208,土地1建物1車位0,一層，地下層,五層,華廈(10層含以下有電梯),住家用,鋼筋混凝土造,0800531,140.51,4,1,2,有,無,4800000,34161,,0.0,0,,RPUNMLQLJHKFFAX37DA
湖西鄉,土地,沙港北段691~720地號,48.54,,鄉村區,乙種建築用地,1031229,土地1建物0車位0,,,其他,,,,0.0,0,0,0,有,無,140000,2884,,0.0,0,,RPUNMLMJKHKFFAX86DA
馬公市,土地,馬公段121~150地號,125.0,住,,,1031215,土地1建物0車位0,,,其他,,,,0.0,0,0,0,有,無,14250000,114000,,0.0,0,,RPSOMLOKJHKFFAX07EA
湖西鄉,土地,許家段91~120地號,594.96,,風景區,農牧用地,1031208,土地2建物0車位0,,,其他,,,,0.0,0,0,0,有,無,3500000,5883,,0.0,0,,RPRNMLTKJHKFFAX27DA
馬公市,土地,山水西段91~120地號,470.07,,一般農業區,農牧用地,1031230,土地1建物0車位0,,,其他,,,,0.0,0,0,0,有,無,2268000,4825,,0.0,0,,RPSNMLRKJHKFFAX17DA
馬公市,房地(土地+建物)+車位,澎湖縣馬公巿西文澳1~30號,31.28,住,,,1031231,土地3建物1車位1,二層,七層,華廈(10層含以下有電梯),住家用,鋼筋混凝土造,0820831,149.85,3,2,2,有,無,4900000,32699,坡道平面,0.0,0,,RPTNMLOKJHKFFAX96DA
馬公市,土地,文光段991~1020地號,403.54,住,,,1031226,土地2建物0車位0,,,其他,,,,0.0,0,0,0,有,無,17450000,43242,,0.0,0,,RPXNMLOKJHKFFAX37DA
馬公市,房地(土地+建物),澎湖縣馬公巿民裕街36巷1~30號,53.31,住,,,1031210,土地1建物1車位0,三層,五層,公寓(5樓含以下無電梯),國民住宅,鋼筋混凝土造,0840119,109.02,3,1,2,有,無,3850000,35315,,0.0,0,,RPTNMLPKJHKFFAX07DA
望安鄉,土地,水垵段2101~2130地號,155.33,,一般農業區,農牧用地,1031216,土地1建物0車位0,,,其他,,,,0.0,0,0,0,有,無,400000,2575,,0.0,0,,RPVNMLQKJHKFFAX27CA
馬公市,土地,安宅段721~750地號,230.26,,一般農業區,甲種建築用地,1031230,土地2建物0車位0,,,其他,,,,0.0,0,0,0,有,無,7600000,33006,,0.0,0,變更起造人，含未來興建房屋之費用。,RPPNMLPKJHKFFAX56CA
馬公市,土地,文東段481~510地號,176.33,,一般農業區,農牧用地,1031225,土地1建物0車位0,,,其他,,,,0.0,0,0,0,有,無,1173498,6655,,0.0,0,,RPOOMLOKJHKFFAX09CA
馬公市,土地,五福段271~300地號,686.32,,一般農業區,農牧用地,1031224,土地1建物0車位0,,,其他,,,,0.0,0,0,0,有,無,11000000,16028,,0.0,0,,RPRNMLPLJHKFFAX86CA
白沙鄉,土地,後寮段451~480地號,553.0,,一般農業區,農牧用地,1031220,土地1建物0車位0,,,其他,,,,0.0,0,0,0,有,無,1842000,3331,,0.0,0,,RPSNMLPLJHKFFAX96CA
馬公市,土地,馬公段121~150地號,470.0,住,,,1031225,土地1建物0車位0,,,其他,,,,0.0,0,0,0,有,無,62556718,133099,,0.0,0,,RPPNMLPLJHKFFAX66CA
馬公市,房地(土地+建物),澎湖縣馬公巿大案山31~60號,142.5,住,,,1031226,土地1建物1車位0,全,二層,透天厝,住家用,見其他登記事項,0650715,112.14,4,1,1,有,無,3500000,31211,,0.0,0,,RPOOMLNJKHKFFAX98CA
馬公市,土地,安宅段91~120地號,345.19,,一般農業區,農牧用地,1031231,土地1建物0車位0,,,其他,,,,0.0,0,0,0,有,無,1155000,3346,,0.0,0,賣方賣清價,RPTNMLPLJHKFFAX07CA
馬公市,土地,光榮段241~270地號,58.08,住,,,1031210,土地1建物0車位0,,,其他,,,,0.0,0,0,0,有,無,2196000,37810,,0.0,0,賣方賣清價,RPUNMLPLJHKFFAX17CA
馬公市,土地,六合段151~180地號,2827.32,,一般農業區,農牧用地,1031230,土地2建物0車位0,,,其他,,,,0.0,0,0,0,有,無,30780000,10887,,0.0,0,,RPPNMLMLJHKFFAX98CA
白沙鄉,土地,下瓦硐段1141~1170地號,708.42,,一般農業區,農牧用地,1031231,土地1建物0車位0,,,其他,,,,0.0,0,0,0,有,無,2000000,2823,,0.0,0,,RPROMLOKJHKFFAX76CA
馬公市,土地,文石段181~210地號,231.09,,一般農業區,甲種建築用地,1031231,土地2建物0車位0,,,其他,,,,0.0,0,0,0,有,無,8800000,38080,,0.0,0,含未來興建房屋價款,RPQNMLPKJHKFFAX66CA
白沙鄉,土地,大倉段121~150地號,805.0,,風景區,農牧用地,1031210,土地1建物0車位0,,,其他,,,,0.0,0,0,0,有,無,1700000,2112,,0.0,0,,RPWNMLPKJHKFFAX27CA
馬公市,土地,文石段1141~1170地號,200.14,,一般農業區,甲種建築用地,1031231,土地3建物0車位0,,,其他,,,,0.0,0,0,0,有,無,7860000,39273,,0.0,0,變更起造人，含未來興建房屋之費用。,RPPNMLTKJHKFFAX96CA
湖西鄉,土地,沙港東段211~240地號,518.24,,一般農業區,農牧用地,1031229,土地3建物0車位0,,,其他,,,,0.0,0,0,0,有,無,1880000,3628,,0.0,0,,RPQNMLOKJHKFFAX56CA
馬公市,房地(土地+建物),澎湖縣馬公巿陽明路31~60號,69.26,住,,,1031217,土地1建物1車位0,全,四層,透天厝,住商用,鋼筋混凝土造,0830118,256.62,5,3,6,有,無,12200000,47541,,0.0,0,,RPSNMLOKJHKFFAX76CA
西嶼鄉,房地(土地+建物),澎湖縣西嶼鄉竹篙灣31~60號,627.0,,鄉村區,遊憩用地,1030828,土地3建物1車位0,全,一層,透天厝,住家用,見其他登記事項,0760701,108.29,2,1,1,有,無,3000000,27703,,0.0,0,親友、員工或其他特殊關係間之交易。,RPTNMLQKJHKFFAX17DA
白沙鄉,土地,吉貝東段961~990地號,32.93,,鄉村區,乙種建築用地,1031230,土地1建物0車位0,,,其他,,,,0.0,0,0,0,有,無,307788,9347,,0.0,0,親友、員工或其他特殊關係間之交易。,RPRNMLRKJHKFFAX07DA
馬公市,土地,東衛段991~1020地號,484.96,,一般農業區,農牧用地,1031231,土地1建物0車位0,,,其他,,,,0.0,0,0,0,有,無,2100000,4330,,0.0,0,,RPPNMLQLJHKFFAX86DA
馬公市,土地,國宅段571~600地號,205.7,住,,,1031224,土地1建物0車位0,,,其他,,,,0.0,0,0,0,有,無,3006660,14617,,0.0,0,向政府機關標售之案件。,RPUNMLPKJHKFFAX27EA
馬公市,房地(土地+建物),澎湖縣馬公巿石泉1~30號,57.07,,鄉村區,乙種建築用地,1031230,土地1建物1車位0,全,二層,透天厝,住家用,鋼筋混凝土造,0720118,82.4,4,1,3,有,無,2600000,31553,,0.0,0,,RPVNMLRLJHKFFAX57DA
馬公市,土地,六合段451~480地號,409.1,,一般農業區,農牧用地,1031231,土地1建物0車位0,,,其他,,,,0.0,0,0,0,有,無,2460000,6013,,0.0,0,,RPTNMLMJKHKFFAX76DA
馬公市,房地(土地+建物),澎湖縣馬公巿水源路1~30號,12.48,商,,,1031230,土地1建物1車位0,五層,十二層,住宅大樓(11層含以上有電梯),住家用,鋼筋混凝土造,0850828,129.66,3,2,2,有,有,3980000,30696,,0.0,0,,RPQNMLTKJHKFFAX07CA
馬公市,土地,五德東段1351~1380地號,773.66,,一般農業區,農牧用地,1031228,土地1建物0車位0,,,其他,,,,0.0,0,0,0,有,無,2106000,2722,,0.0,0,,RPPNMLQKJHKFFAX66CA
馬公市,土地,山水東段481~510地號,1039.49,,一般農業區,農牧用地,1031231,土地1建物0車位0,,,其他,,,,0.0,0,0,0,有,無,2000000,1924,,0.0,0,,RPTNMLTKJHKFFAX37CA
馬公市,土地,五德東段631~660地號,956.7,,一般農業區,農牧用地,1031219,土地2建物0車位0,,,其他,,,,0.0,0,0,0,有,無,4110000,4296,,0.0,0,,RPPNMLNJKHKFFAX98CA
馬公市,土地,馬公段1771~1800地號,105.0,住,,,1031114,土地1建物0車位0,,,其他,,,,0.0,0,0,0,有,無,10890000,103714,,0.0,0,,RPRNMLKMJHKFFAX56DA
湖西鄉,房地(土地+建物),澎湖縣湖西鄉湖西9211~9240號,228.74,,一般農業區,甲種建築用地,1031231,土地1建物1車位0,全,三層,透天厝,住家用,鋼筋混凝土造,0850910,409.32,4,2,4,有,無,7600000,18567,,0.0,0,,RPVNMLTKJHKFFAX67DA
馬公市,土地,鐵線段1201~1230地號,1067.28,,一般農業區,農牧用地,1040106,土地2建物0車位0,,,其他,,,,0.0,0,0,0,有,無,3150000,2951,,0.0,0,,RPSNMLSKJHKFFAX27DA
馬公市,房地(土地+建物)+車位,澎湖縣馬公巿貿商街121~150號,31.27,住,,,1031228,土地1建物1車位1,四層,十三層,住宅大樓(11層含以上有電梯),見其他登記事項,鋼筋混凝土造,0950629,210.3,4,1,2,有,有,4760000,22634,坡道平面,0.0,0,,RPPNMLRKJHKFFAX86DA
馬公市,房地(土地+建物),澎湖縣馬公巿東衛1~30號,125.62,,一般農業區,甲種建築用地,1031224,土地3建物1車位0,全,三層,透天厝,住家用,鋼筋混凝土造,0930630,205.17,5,2,4,有,無,5500000,26807,,0.0,0,,RPQNMLKLJHKFFAX98DA
馬公市,土地,文光段241~270地號,9.81,住,,,1031230,土地1建物0車位0,,,其他,,,,0.0,0,0,0,有,無,432719,44110,,0.0,0,,RPQNMLMLJHKFFAX56DA
白沙鄉,土地,瓦硐段1681~1710地號,1357.0,,一般農業區,農牧用地,1031225,土地3建物0車位0,,,其他,,,,0.0,0,0,0,有,無,1640000,1209,,0.0,0,,RPTNMLMLJHKFFAX86DA
白沙鄉,土地,瓦硐段1651~1680地號,1193.0,,一般農業區,農牧用地,1031225,土地1建物0車位0,,,其他,,,,0.0,0,0,0,有,無,1440000,1207,,0.0,0,,RPUNMLMLJHKFFAX96DA
馬公市,土地,鐵線段571~600地號,95.3,,一般農業區,農牧用地,1040109,土地1建物0車位0,,,其他,,,,0.0,0,0,0,有,無,300000,3148,,0.0,0,賣方賣清價,RPTNMLQLJHKFFAX27DA
望安鄉,土地,花宅段1171~1200地號,92.0,,鄉村區,乙種建築用地,1031229,土地1建物0車位0,,,其他,,,,0.0,0,0,0,有,無,277000,3011,,0.0,0,,RPPOMLNJKHKFFAX56DA
馬公市,房地(土地+建物)+車位,澎湖縣馬公巿貿商街121~150號,31.4,住,,,1031231,土地1建物1車位1,五層,十三層,住宅大樓(11層含以上有電梯),見其他登記事項,鋼筋混凝土造,0950629,211.2,4,2,3,有,有,5100000,24148,坡道平面,0.0,0,,RPSNMLOJKHKFFAX86DA
馬公市,土地,馬公段1831~1860地號,19.0,住,,,1040109,土地1建物0車位0,,,其他,,,,0.0,0,0,0,有,無,937270,49330,,0.0,0,向政府機關承購之案件。,RPSNMLKLJHKFFAX66EA
馬公市,房地(土地+建物),澎湖縣馬公巿東文澳10801~10830號,59.06,,鄉村區,乙種建築用地,1031224,土地1建物1車位0,全,二層,透天厝,住家用,鋼筋混凝土加強磚造,0751024,114.28,3,2,2,有,無,4150000,36314,,0.0,0,,RPPNMLKLJHKFFAX88DA
白沙鄉,土地,大倉段121~150地號,805.0,,風景區,農牧用地,1040115,土地1建物0車位0,,,其他,,,,0.0,0,0,0,有,無,3500000,4348,,0.0,0,,RPQNMLNJKHKFFAX09CA
白沙鄉,房地(土地+建物),澎湖縣白沙鄉大赤崁1~30號,238.58,,一般農業區,甲種建築用地,1031220,土地2建物1車位0,全,三層,透天厝,住家用,鋼筋混凝土造,1031014,223.56,5,2,3,有,無,7800000,34890,,0.0,0,,RPRNMLNJKHKFFAX56CA
馬公市,土地,東衛段991~1020地號,634.74,,一般農業區,農牧用地,1031208,土地1建物0車位0,,,其他,,,,0.0,0,0,0,有,無,2800000,4411,,0.0,0,,RPVNMLPLJHKFFAX27CA
馬公市,土地,五福段811~840地號,165.63,,一般農業區,甲種建築用地,1031230,土地1建物0車位0,,,其他,,,,0.0,0,0,0,有,無,8800000,53130,,0.0,0,含未來興建房屋價款,RPRNMLKLJHKFFAX98CA
馬公市,房地(土地+建物)+車位,澎湖縣馬公巿貿商街91~120號,28.82,住,,,1040105,土地2建物1車位1,三層,十層,華廈(10層含以下有電梯),見其他登記事項,鋼筋混凝土造,0950710,177.14999999999998,3,1,2,有,有,4160000,23483,坡道平面,0.0,0,,RPSNMLLLJHKFFAX56CA
白沙鄉,土地,講美段1981~2010地號,1479.04,,一般農業區,農牧用地,1031128,土地1建物0車位0,,,其他,,,,0.0,0,0,0,有,無,8055000,5446,,0.0,0,,RPTNMLLLJHKFFAX66CA
馬公市,土地,山水西段481~510地號,936.0,,一般農業區,農牧用地,1031229,土地1建物0車位0,,,其他,,,,0.0,0,0,0,有,無,3450000,3686,,0.0,0,,RPVNMLLLJHKFFAX86CA
湖西鄉,土地,鼎灣新段421~450地號,155.96,,鄉村區,乙種建築用地,1031228,土地1建物0車位0,,,其他,,,,0.0,0,0,0,有,無,1280000,8207,,0.0,0,,RPTNMLRLJHKFFAX27CA
白沙鄉,土地,瓦硐段1651~1680地號,1862.12,,一般農業區,農牧用地,1031228,土地3建物0車位0,,,其他,,,,0.0,0,0,0,有,無,2360000,1267,,0.0,0,,RPSNMLNLJHKFFAX86DA
白沙鄉,土地,下瓦硐段1021~1050地號,1950.01,,一般農業區,農牧用地,1031231,土地2建物0車位0,,,其他,,,,0.0,0,0,0,有,無,4500000,2308,,0.0,0,,RPRNMLQLJHKFFAX07DA
馬公市,土地,文寮段331~360地號,229.2,,一般農業區,農牧用地,1031230,土地1建物0車位0,,,其他,,,,0.0,0,0,0,有,無,8500000,37086,,0.0,0,含未來興建房屋價款,RPQNMLNLJHKFFAX66DA
馬公市,土地,安宅段721~750地號,228.15,,一般農業區,甲種建築用地,1031220,土地2建物0車位0,,,其他,,,,0.0,0,0,0,有,無,7760000,34013,,0.0,0,變更起造人，含未來興建房屋之費用。,RPXNMLMLJHKFFAX17CA
馬公市,土地,興崁段1141~1170地號,1898.44,,一般農業區,農牧用地,1040114,土地2建物0車位0,,,其他,,,,0.0,0,0,0,有,無,3438000,1811,,0.0,0,,RPRNMLNLJHKFFAX66CA
馬公市,土地,東衛段901~930地號,170.02,,鄉村區,乙種建築用地,1031231,土地1建物0車位0,,,其他,,,,0.0,0,0,0,有,無,850075,5000,,0.0,0,親友、員工或其他特殊關係間之交易。,RPTNMLKMJHKFFAX66CA
馬公市,土地,東衛段691~720地號,302.85,,一般農業區,農牧用地,1031231,土地5建物0車位0,,,其他,,,,0.0,0,0,0,有,無,994067,3282,,0.0,0,親友、員工或其他特殊關係間之交易。,RPUNMLKMJHKFFAX76CA
湖西鄉,土地,許家段1171~1200地號,2046.25,,一般農業區,農牧用地,1030522,土地1建物0車位0,,,其他,,,,0.0,0,0,0,有,無,5260000,2571,,0.0,0,,RPSNMLNJKHKFFAX66CA
馬公市,房地(土地+建物),澎湖縣馬公巿三多路330巷6弄1~30號,102.83,住,,,1031120,土地1建物1車位0,全,二層,透天厝,住家用,鋼筋混凝土加強磚造,0710618,96.3,3,2,2,有,無,6380000,66251,,0.0,0,,RPTNMLNJKHKFFAX76CA
馬公市,土地,東衛段931~960地號,107.01,,一般農業區,農牧用地,1031230,土地1建物0車位0,,,其他,,,,0.0,0,0,0,有,無,171212,1600,,0.0,0,親友、員工或其他特殊關係間之交易。,RPPOMLRLJHKFFAX96CA
馬公市,土地,四維段361~390地號,108.84,農,,,1040101,土地1建物0車位0,,,其他,,,,0.0,0,0,0,有,無,1820000,16722,,0.0,0,,RPVNMLPJKHKFFAX17CA
馬公市,土地,山水北段781~810地號,1116.8,,一般農業區,農牧用地,1031201,土地1建物0車位0,,,其他,,,,0.0,0,0,0,有,無,10100000,9044,,0.0,0,,RPSNMLQLJHKFFAX17DA
馬公市,房地(土地+建物)+車位,澎湖縣馬公巿東文澳151~180號,48.85,,鄉村區,乙種建築用地,1031217,土地1建物1車位1,五層,六層,華廈(10層含以下有電梯),住家用,鋼筋混凝土造,0890219,153.9,4,2,2,有,無,4760000,30929,坡道平面,0.0,0,,RPUNMLRLJHKFFAX47DA
馬公市,房地(土地+建物),澎湖縣馬公巿石泉1231~1260號,63.42,,一般農業區,甲種建築用地,1031231,土地1建物1車位0,全,二層,透天厝,住家用,鋼筋混凝土加強磚造,0791201,81.6,3,2,2,有,無,3500000,42892,,0.0,0,,RPRNMLOJKHKFFAX76DA
馬公市,房地(土地+建物),澎湖縣馬公巿仁愛路61~90號,169.0,商,,,1031205,土地3建物1車位0,全,四層,透天厝,商業用,見其他登記事項,0510101,569.99,4,4,4,有,無,39000000,68422,,0.0,0,,RPPNMLMJKHKFFAX98DA
馬公市,建物,澎湖縣馬公巿信義路31~60號,0.0,,,,1031214,土地0建物1車位0,全,四層,透天厝,住商用,鋼筋混凝土造,1031023,296.91,10,2,12,有,無,3086000,10394,,0.0,0,,RPSNMLKMJHKFFAX66DA
馬公市,土地,鐵線段481~510地號,473.86,,一般農業區,農牧用地,1040119,土地1建物0車位0,,,其他,,,,0.0,0,0,0,有,無,2500000,5276,,0.0,0,,RPWNMLRLJHKFFAX67DA
白沙鄉,土地,講美段421~450地號,407.52,,鄉村區,乙種建築用地,1031231,土地1建物0車位0,,,其他,,,,0.0,0,0,0,有,無,3070000,7533,,0.0,0,,RPPNMLSLJHKFFAX07DA
馬公市,房地(土地+建物),澎湖縣馬公巿石泉里石泉931~960號,125.67,,鄉村區,乙種建築用地,1031231,土地1建物1車位0,全,四層,透天厝,住家用,鋼筋混凝土造,1010817,248.65,6,2,5,有,無,9200000,37000,,0.0,0,,RPRNMLSLJHKFFAX27DA
馬公市,土地,五福段301~330地號,155.71,,一般農業區,農牧用地,1031230,土地1建物0車位0,,,其他,,,,0.0,0,0,0,有,無,2120000,13615,,0.0,0,,RPQNMLQLJHKFFAX96DA
馬公市,土地,東澳段571~600地號,395.28,住,,,1040108,土地1建物0車位0,,,其他,,,,0.0,0,0,0,有,無,17200000,43513,,0.0,0,,RPSNMLRLJHKFFAX17CA
湖西鄉,土地,尖山中段1261~1290地號,279.43,,一般農業區,甲種建築用地,1031231,土地1建物0車位0,,,其他,,,,0.0,0,0,0,有,無,750000,2684,,0.0,0,,RPVNMLQLJHKFFAX37CA
馬公市,房地(土地+建物),澎湖縣馬公巿鐵線尾1~30號,119.7,,鄉村區,乙種建築用地,1031230,土地1建物1車位0,全,三層,透天厝,住家用,鋼筋混凝土造,0850328,150.15,3,1,4,有,無,4000000,26640,,0.0,0,,RPXNMLQLJHKFFAX57CA
馬公市,土地,文寮段571~600地號,250.9,,一般農業區,甲種建築用地,1031230,土地2建物0車位0,,,其他,,,,0.0,0,0,0,有,無,8260000,32921,,0.0,0,含未來興建房屋價款,RPPNMLRLJHKFFAX86CA
馬公市,土地,文寮段571~600地號,257.5,,一般農業區,甲種建築用地,1031230,土地2建物0車位0,,,其他,,,,0.0,0,0,0,有,無,8300000,32233,,0.0,0,含未來興建房屋價款,RPQNMLRLJHKFFAX96CA
馬公市,土地,文寮段571~600地號,258.12,,一般農業區,甲種建築用地,1031230,土地2建物0車位0,,,其他,,,,0.0,0,0,0,有,無,8200000,31768,,0.0,0,含未來興建房屋價款,RPRNMLRLJHKFFAX07CA
馬公市,土地,馬公段2431~2460地號,1.0,住,,,1040112,土地1建物0車位0,,,其他,,,,0.0,0,0,0,有,無,66470,0,,0.0,0,,RPRNMLTLJHKFFAX37DA
馬公市,土地,埕西段781~810地號,9.38,住,,,1040115,土地1建物0車位0,,,其他,,,,0.0,0,0,0,有,無,621144,66220,,0.0,0,,RPROMLRLJHKFFAX37EA
湖西鄉,土地,許家段1141~1170地號,168.88,,一般農業區,特定目的事業用地,1040116,土地1建物0車位0,,,其他,,,,0.0,0,0,0,有,無,1464190,8670,,0.0,0,向政府機關承購之案件。,RPQNMLSLJHKFFAX27EA
馬公市,土地,東衛段901~930地號,249.46,,一般農業區,農牧用地,1031230,土地1建物0車位0,,,其他,,,,0.0,0,0,0,有,無,1131900,4537,,0.0,0,,RPPNMLTLJHKFFAX17DA
馬公市,房地(土地+建物),澎湖縣馬公巿三多路421~450號,32.22,商,,,1031229,土地1建物1車位0,一層，二層，三層,十層,華廈(10層含以下有電梯),住商用,鋼筋混凝土造,0850308,283.12,0,0,0,無,無,10500000,37087,,0.0,0,,RPROMLNJKHKFFAX76DA
馬公市,房地(土地+建物),澎湖縣馬公巿民裕街36巷1~30號,60.65,住,,,1040106,土地1建物1車位0,三層,五層,公寓(5樓含以下無電梯),國民住宅,鋼筋混凝土造,0840119,110.82,3,1,2,有,無,3800000,34290,,0.0,0,,RPUNMLQJKHKFFAX27DA
馬公市,土地,文東段1171~1200地號,1606.75,,一般農業區,農牧用地,1031225,土地1建物0車位0,,,其他,,,,0.0,0,0,0,有,無,10692900,6655,,0.0,0,,RPPNMLQKKHKFFAX86DA
湖西鄉,土地,城北段811~840地號,1303.18,,一般農業區,農牧用地,1031230,土地1建物0車位0,,,其他,,,,0.0,0,0,0,有,無,2759400,2117,,0.0,0,,RPSNMLSLJHKFFAX27CA
西嶼鄉,土地,小池角段3181~3210地號,233.0,,一般農業區,農牧用地,1031231,土地1建物0車位0,,,其他,,,,0.0,0,0,0,有,無,420000,1803,,0.0,0,,RPSNMLTLJHKFFAX37CA
湖西鄉,土地,湖西北段151~180地號,2940.8,,一般農業區,農牧用地,1031231,土地6建物0車位0,,,其他,,,,0.0,0,0,0,有,無,700000,238,,0.0,0,急買急賣。,RPWNMLPJKHKFFAX27CA
馬公市,土地,文石段1141~1170地號,198.1,,一般農業區,甲種建築用地,1031231,土地3建物0車位0,,,其他,,,,0.0,0,0,0,有,無,9000000,45432,,0.0,0,變更起造人，含未來興建房屋之費用。,RPPNMLKMJHKFFAX88CA
馬公市,土地,馬公段1951~1980地號,125.0,商,,,1031230,土地1建物0車位0,,,其他,,,,0.0,0,0,0,有,無,20800000,166400,,0.0,0,含未保存登記建物。,RPQNMLKMJHKFFAX98CA
馬公市,土地,北極段1051~1080地號,99.66,住,,,1031230,土地1建物0車位0,,,其他,,,,0.0,0,0,0,有,無,600000,6020,,0.0,0,親友、員工或其他特殊關係間之交易。共有人2人。賣方賣清價。,RPUNMLNJKHKFFAX86CA
馬公市,土地,鐵線段571~600地號,95.3,,一般農業區,農牧用地,1040122,土地1建物0車位0,,,其他,,,,0.0,0,0,0,有,無,300000,3148,,0.0,0,賣方賣清價,RPVNMLNJKHKFFAX96CA
湖西鄉,房地(土地+建物),澎湖縣湖西鄉鼎灣1~30號,94.58,,鄉村區,乙種建築用地,1031225,土地1建物1車位0,全,三層,透天厝,住家用,鋼筋混凝土造,0940801,192.09,5,3,4,有,無,4200000,21865,,0.0,0,,RPUNMLTLJHKFFAX67DA
白沙鄉,土地,鳥嶼新段601~630地號,203.66,,鄉村區,乙種建築用地,1040122,土地1建物0車位0,,,其他,,,,0.0,0,0,0,有,無,855372,4200,,0.0,0,向政府機關承購之案件。,RPTNMLTLJHKFFAX67EA
馬公市,土地,埕西段781~810地號,36.01,住,,,1040203,土地1建物0車位0,,,其他,,,,0.0,0,0,0,有,無,2265400,62910,,0.0,0,向政府機關承購之案件。,RPOOMLNJKHKFFAX56EA
馬公市,房地(土地+建物),澎湖縣馬公巿文山路151巷1~30號,101.64,,一般農業區,農牧用地,1031231,土地1建物1車位0,全,二層,透天厝,農舍,鋼筋混凝土加強磚造,0800111,117.92,3,2,2,有,無,1660000,14077,,0.0,0,親友、員工或其他特殊關係間之交易。,RPSNMLTJKHKFFAX47EA
馬公市,土地,埕西段301~330地號,42.41,住,,,1031230,土地1建物0車位0,,,其他,,,,0.0,0,0,0,有,無,1200000,28295,,0.0,0,,RPPOMLKMJHKFFAX09DA
馬公市,建物,澎湖縣馬公巿新明路1~30號,0.0,,,,1040113,土地0建物1車位0,一層，二層,二層,店面(店鋪),見其他登記事項,見其他登記事項,1011101,496.69,0,0,0,無,無,1200000,2416,,0.0,0,受債權債務影響或債務抵償之交易。,RPXNMLNJKHKFFAX17CA
湖西鄉,土地,南寮北段1171~1200地號,923.07,,一般農業區,農牧用地,1031230,土地1建物0車位0,,,其他,,,,0.0,0,0,0,有,無,1160000,1257,,0.0,0,,RPVNMLKMJHKFFAX86CA
馬公市,土地,安宅段751~780地號,218.08,,一般農業區,甲種建築用地,1031231,土地2建物0車位0,,,其他,,,,0.0,0,0,0,有,無,7800000,35767,,0.0,0,變更起造人，含未來興建房屋之費用。,RPWNMLKMJHKFFAX96CA
湖西鄉,土地,北寮新段121~150地號,274.46,,一般農業區,農牧用地,1031231,土地2建物0車位0,,,其他,,,,0.0,0,0,0,有,無,830000,3024,,0.0,0,,RPXNMLKMJHKFFAX07CA
馬公市,土地,五福段811~840地號,1075.3,,一般農業區,農牧用地,1031230,土地2建物0車位0,,,其他,,,,0.0,0,0,0,有,無,12000000,11160,,0.0,0,,RPOOMLKMJHKFFAX88CA
馬公市,土地,五福段931~960地號,659.09,,一般農業區,農牧用地,1040122,土地1建物0車位0,,,其他,,,,0.0,0,0,0,有,無,11560000,17539,,0.0,0,,RPSOMLNJKHKFFAX76CA
馬公市,土地,馬公段2131~2160地號,250.0,住,,,1031229,土地1建物0車位0,,,其他,,,,0.0,0,0,0,有,無,16050000,64200,,0.0,0,含增建或未登記建物。,RPTOMLNJKHKFFAX86CA
馬公市,房地(土地+建物),澎湖縣馬公巿民裕街36巷1~30號,50.75,住,,,1031231,土地1建物1車位0,五層,五層,公寓(5樓含以下無電梯),國民住宅,鋼筋混凝土造,0840119,96.17,3,1,1,有,無,2800000,29115,,0.0,0,,RPTNMLMKKHKFFAX76CA
馬公市,土地,雙湖段901~930地號,113.76,,鄉村區,乙種建築用地,1031230,土地3建物0車位0,,,其他,,,,0.0,0,0,0,有,無,1000000,8790,,0.0,0,親友、員工或其他特殊關係間之交易。,RPTNMLPJKHKFFAX96CA
馬公市,房地(土地+建物),澎湖縣馬公巿三多路390巷1~30號,104.79,住,,,1040105,土地1建物1車位0,全,四層,透天厝,住家用,鋼筋混凝土造,1011130,274.43,8,0,7,有,無,16100000,58667,,0.0,0,,RPXNMLMJKHKFFAX07CA
馬公市,土地,井垵西段721~750地號,27.86,,鄉村區,乙種建築用地,1040123,土地1建物0車位0,,,其他,,,,0.0,0,0,0,有,無,280000,10050,,0.0,0,親友交易,RPRNMLPJKHKFFAX86DA
西嶼鄉,土地,外垵一段1231~1260地號,271.78,,鄉村區,乙種建築用地,1031231,土地1建物0車位0,,,其他,,,,0.0,0,0,0,有,無,2400000,8831,,0.0,0,,RPQNMLMJKHKFFAX09DA
湖西鄉,房地(土地+建物),澎湖縣湖西鄉?葉村1801~1830號,149.21,,鄉村區,乙種建築用地,1031231,土地1建物1車位0,全,二層,透天厝,住家用,加強磚造,0951124,184.78,5,3,3,有,無,3500000,18941,,0.0,0,親友、員工或其他特殊關係間之交易。,RPSNMLMJKHKFFAX66DA
馬公市,土地,文石段751~780地號,263.72,,一般農業區,農牧用地,1040202,土地9建物0車位0,,,其他,,,,0.0,0,0,0,有,無,504931,1915,,0.0,0,,RPWNMLMJKHKFFAX17EA
