﻿鄉鎮市區,交易標的,土地區段位置建物區段門牌,土地移轉總面積平方公尺,都市土地使用分區,非都市土地使用分區,非都市土地使用編定,交易年月日,交易筆棟數,移轉層次,總樓層數,建物型態,主要用途,主要建材,建築完成年月,建物移轉總面積平方公尺,建物現況格局-房,建物現況格局-廳,建物現況格局-衛,建物現況格局-隔間,有無管理組織,總價元,單價元平方公尺,車位類別,車位移轉總面積平方公尺,車位總價元,備註,編號
The villages and towns urban district,transaction sign,land sector position building sector house number plate,land shifting total area square meter,the use zoning or compiles and checks,the non-metropolis land use district,non-metropolis land use,transaction year month and day,transaction pen number,shifting level,total floor number,building state,main use,main building materials,construction to complete the years,building shifting total area,Building present situation pattern - room,building present situation pattern - hall,building present situation pattern - health,building present situation pattern - compartmented,Whether there is manages the organization,total price NTD,the unit price (NTD / square meter),the berth category,berth shifting total area square meter,the berth total price NTD,the note,serial number
西屯區,房地(土地+建物)+車位,下石碑段931~960地號,27.03,住,,,1020110,土地1建物1車位2,九層,12,住宅大樓(11層含以上有電梯),住家用,鋼筋混凝土造,,209.01,4,2,2,有,無,9560000,50040,坡道平面,71.92,2700000,,RPRPMLMKKHJFFCB37CB
西屯區,房地(土地+建物)+車位,下石碑段931~960地號,27.03,住,,,1020102,土地1建物1車位2,十層,12,住宅大樓(11層含以上有電梯),住家用,鋼筋混凝土造,,209.01,4,2,2,有,無,9660000,50770,坡道平面,71.92,2700000,,RPSPMLMKKHJFFCB47CB
西屯區,房地(土地+建物)+車位,下石碑段931~960地號,27.03,住,,,1011011,土地1建物1車位2,十一層,12,住宅大樓(11層含以上有電梯),住家用,鋼筋混凝土造,,204.89,4,2,2,有,無,9300000,51061,坡道平面,67.8,2300000,,RPVPMLMKKHJFFCB77CB
西屯區,房地(土地+建物)+車位,下石碑段931~960地號,27.03,住,,,1020308,土地1建物1車位1,二層,12,住宅大樓(11層含以上有電梯),住家用,鋼筋混凝土造,,173.49,4,2,2,有,無,8080000,48929,坡道平面,33.9,1250000,,RPXPMLMKKHJFFCB97CB
西屯區,房地(土地+建物)+車位,下石碑段931~960地號,27.81,住,,,1020218,土地1建物1車位2,四層,12,住宅大樓(11層含以上有電梯),住家用,鋼筋混凝土造,,207.39,4,2,2,有,無,8660000,46995,坡道平面,67.8,2100000,,RPRQMLMKKHJFFCB47CB
西屯區,房地(土地+建物)+車位,下石碑段931~960地號,27.81,住,,,1020305,土地1建物1車位2,五層,12,住宅大樓(11層含以上有電梯),住家用,鋼筋混凝土造,,209.45,4,2,2,有,無,9330000,48213,坡道平面,69.86,2600000,,RPUQMLMKKHJFFCB77CB
西屯區,房地(土地+建物)+車位,下石碑段931~960地號,27.81,住,,,1020218,土地1建物1車位2,六層,12,住宅大樓(11層含以上有電梯),住家用,鋼筋混凝土造,,139.59,4,2,2,有,無,9200000,101965,坡道平面,71.92,2300000,,RPVQMLMKKHJFFCB87CB
西屯區,房地(土地+建物)+車位,下石碑段931~960地號,26.24,住,,,1020322,土地1建物1車位1,三層,12,住宅大樓(11層含以上有電梯),住家用,鋼筋混凝土造,,173.49,4,2,2,有,無,8200000,49789,坡道平面,33.9,1250000,,RPQOMLNKKHJFFCB27CB
西屯區,房地(土地+建物)+車位,下石碑段931~960地號,27.81,住,,,1020114,土地1建物1車位2,八層,12,住宅大樓(11層含以上有電梯),住家用,鋼筋混凝土造,,209.45,4,2,2,有,無,9500000,50863,坡道平面,69.86,2400000,,RPSOMLNKKHJFFCB47CB
西屯區,房地(土地+建物)+車位,下石碑段931~960地號,27.81,住,,,1020102,土地1建物1車位2,九層,12,住宅大樓(11層含以上有電梯),住家用,鋼筋混凝土造,,209.45,4,2,2,有,無,8840000,46135,坡道平面,69.86,2400000,,RPTOMLNKKHJFFCB57CB
西屯區,房地(土地+建物)+車位,下石碑段931~960地號,27.81,住,,,1020102,土地1建物1車位1,十層,12,住宅大樓(11層含以上有電梯),住家用,鋼筋混凝土造,,211.51,4,2,2,有,無,9660000,51293,坡道平面,71.92,2500000,,RPUOMLNKKHJFFCB67CB
西屯區,房地(土地+建物)+車位,下石碑段931~960地號,27.81,住,,,1011011,土地1建物1車位2,十一層,12,住宅大樓(11層含以上有電梯),住家用,鋼筋混凝土造,,209.45,4,2,2,有,無,9400000,50147,坡道平面,69.86,2400000,,RPVOMLNKKHJFFCB77CB
西屯區,房地(土地+建物)+車位,下石碑段931~960地號,23.11,住,,,1020204,土地1建物1車位1,二層,12,住宅大樓(11層含以上有電梯),住家用,鋼筋混凝土造,,158.22,3,2,2,有,無,6850000,46622,坡道平面,35.96,1150000,,RPWOMLNKKHJFFCB87CB
西屯區,房地(土地+建物)+車位,下石碑段931~960地號,23.11,住,,,1020301,土地1建物1車位1,三層,12,住宅大樓(11層含以上有電梯),住家用,鋼筋混凝土造,,156.16,3,2,2,有,無,6900000,46213,坡道平面,33.9,1250000,,RPOPMLNKKHJFFCB17CB
西屯區,房地(土地+建物)+車位,下石碑段931~960地號,27.81,住,,,1020114,土地1建物1車位2,七層,12,住宅大樓(11層含以上有電梯),住家用,鋼筋混凝土造,,207.39,4,2,2,有,無,9400000,49430,坡道平面,67.8,2500000,,RPPPMLNKKHJFFCB27CB
西屯區,房地(土地+建物)+車位,下石碑段931~960地號,23.11,住,,,1020129,土地1建物1車位1,四層,12,住宅大樓(11層含以上有電梯),住家用,鋼筋混凝土造,,158.22,3,2,2,有,無,6950000,46622,坡道平面,35.96,1250000,,RPRPMLNKKHJFFCB47CB
西屯區,房地(土地+建物)+車位,下石碑段931~960地號,23.11,住,,,1020128,土地1建物1車位1,五層,12,住宅大樓(11層含以上有電梯),住家用,鋼筋混凝土造,,158.22,3,2,2,有,無,7200000,47849,坡道平面,35.96,1350000,,RPSPMLNKKHJFFCB57CB
西屯區,房地(土地+建物)+車位,下石碑段931~960地號,23.11,住,,,1020114,土地1建物1車位1,七層,12,住宅大樓(11層含以上有電梯),住家用,鋼筋混凝土造,,158.22,3,2,2,有,無,7380000,49321,坡道平面,35.96,1350000,,RPOQMLNKKHJFFCB27CB
西屯區,房地(土地+建物)+車位,下石碑段931~960地號,23.11,住,,,1020114,土地1建物1車位1,六層,12,住宅大樓(11層含以上有電梯),住家用,鋼筋混凝土造,,156.16,3,2,2,有,無,7400000,51121,坡道平面,33.9,1150000,,RPQQMLNKKHJFFCB47CB
西屯區,房地(土地+建物)+車位,下石碑段931~960地號,23.89,住,,,1020327,土地1建物1車位2,八層,12,住宅大樓(11層含以上有電梯),住家用,鋼筋混凝土造,,192.12,3,2,2,有,無,8650000,52756,坡道平面,69.86,2200000,,RPRQMLNKKHJFFCB57CB
西屯區,房地(土地+建物)+車位,下石碑段931~960地號,23.11,住,,,1020318,土地1建物1車位1,九層,12,住宅大樓(11層含以上有電梯),住家用,鋼筋混凝土造,,158.22,3,2,2,有,無,7410000,50384,坡道平面,35.96,1250000,,RPSQMLNKKHJFFCB67CB
西屯區,房地(土地+建物)+車位,下石碑段931~960地號,23.89,住,,,1020304,土地1建物1車位2,十層,12,住宅大樓(11層含以上有電梯),住家用,鋼筋混凝土造,,194.18,3,2,2,有,無,8230000,45231,坡道平面,71.92,2700000,,RPWQMLNKKHJFFCB08CB
西屯區,房地(土地+建物)+車位,下石碑段931~960地號,23.11,住,,,1011121,土地1建物1車位1,十一層,12,住宅大樓(11層含以上有電梯),住家用,鋼筋混凝土造,,158.22,3,2,2,有,無,7270000,48421,坡道平面,35.96,1350000,,RPPRMLNKKHJFFCB47CB
西屯區,房地(土地+建物)+車位,下石碑段931~960地號,21.94,住,,,1020305,土地1建物1車位1,二層,12,住宅大樓(11層含以上有電梯),住家用,鋼筋混凝土造,,148.93,3,2,2,有,無,6680000,48944,坡道平面,33.9,1050000,,RPRRMLNKKHJFFCB67CB
西屯區,房地(土地+建物)+車位,下石碑段931~960地號,21.94,住,,,1020102,土地1建物1車位1,三層,12,住宅大樓(11層含以上有電梯),住家用,鋼筋混凝土造,,150.99,3,2,2,有,無,7000000,49118,坡道平面,35.96,1350000,,RPSRMLNKKHJFFCB77CB
西屯區,房地(土地+建物)+車位,下石碑段931~960地號,22.72,住,,,1010808,土地1建物1車位2,五層,12,住宅大樓(11層含以上有電梯),住家用,鋼筋混凝土造,,184.89,3,2,2,有,無,7750000,48248,坡道平面,69.86,2200000,,RPURMLNKKHJFFCB97CB
西屯區,房地(土地+建物)+車位,下石碑段931~960地號,21.94,住,,,1020114,土地1建物1車位1,六層,12,住宅大樓(11層含以上有電梯),住家用,鋼筋混凝土造,,150.99,3,2,2,有,無,7100000,51726,坡道平面,35.96,1150000,,RPVRMLNKKHJFFCB08CB
西屯區,房地(土地+建物)+車位,下石碑段931~960地號,21.94,住,,,1011211,土地1建物1車位1,七層,12,住宅大樓(11層含以上有電梯),住家用,鋼筋混凝土造,,150.99,3,2,2,有,無,7050000,51291,坡道平面,35.96,1150000,,RPXRMLNKKHJFFCB28CB
西屯區,房地(土地+建物)+車位,下石碑段931~960地號,22.72,住,,,1020219,土地1建物1車位2,八層,12,住宅大樓(11層含以上有電梯),住家用,鋼筋混凝土造,,186.95,3,2,2,有,無,8050000,48248,坡道平面,71.92,2500000,,RPPSMLNKKHJFFCB57CB
西屯區,房地(土地+建物)+車位,下石碑段931~960地號,22.72,住,,,1020107,土地1建物1車位2,九層,12,住宅大樓(11層含以上有電梯),住家用,鋼筋混凝土造,,186.95,3,2,2,有,無,8020000,47987,坡道平面,71.92,2500000,,RPQSMLNKKHJFFCB67CB
西屯區,房地(土地+建物)+車位,下石碑段931~960地號,22.72,住,,,1020102,土地1建物1車位2,十層,12,住宅大樓(11層含以上有電梯),住家用,鋼筋混凝土造,,182.83,3,2,2,有,無,8020000,47987,坡道平面,67.8,2500000,,RPSSMLNKKHJFFCB87CB
西屯區,房地(土地+建物)+車位,下石碑段931~960地號,21.94,住,,,1011211,土地1建物1車位1,十一層,12,住宅大樓(11層含以上有電梯),住家用,鋼筋混凝土造,,150.99,3,2,2,有,無,6900000,49987,坡道平面,35.96,1150000,,RPUSMLNKKHJFFCB08CB
西屯區,房地(土地+建物)+車位,下石碑段931~960地號,22.72,住,,,1020128,土地1建物1車位1,二層,12,住宅大樓(11層含以上有電梯),住家用,鋼筋混凝土造,,155.72,3,2,2,有,無,6500000,44673,坡道平面,35.96,1150000,,RPPOMLOKKHJFFCB27CB
西屯區,房地(土地+建物)+車位,下石碑段931~960地號,22.72,住,,,1020128,土地1建物1車位1,三層,12,住宅大樓(11層含以上有電梯),住家用,鋼筋混凝土造,,155.72,3,2,2,有,無,6700000,46343,坡道平面,35.96,1150000,,RPQOMLOKKHJFFCB37CB
西屯區,房地(土地+建物)+車位,下石碑段931~960地號,22.72,住,,,1020222,土地1建物1車位1,四層,12,住宅大樓(11層含以上有電梯),住家用,鋼筋混凝土造,,153.78,3,2,2,有,無,6800000,46296,坡道平面,33.9,1250000,,RPROMLOKKHJFFCB47CB
西屯區,房地(土地+建物)+車位,下石碑段931~960地號,22.72,住,,,1011217,土地1建物1車位1,五層,12,住宅大樓(11層含以上有電梯),住家用,鋼筋混凝土造,,155.84,3,2,2,有,無,6880000,47798,坡道平面,35.96,1150000,,RPUOMLOKKHJFFCB77CB
西屯區,房地(土地+建物)+車位,下石碑段931~960地號,22.72,住,,,1020205,土地1建物1車位1,六層,12,住宅大樓(11層含以上有電梯),住家用,鋼筋混凝土造,,153.78,3,2,2,有,無,6950000,49216,坡道平面,33.9,1050000,,RPVOMLOKKHJFFCB87CB
西屯區,房地(土地+建物)+車位,下石碑段931~960地號,22.72,住,,,1020219,土地1建物1車位1,七層,12,住宅大樓(11層含以上有電梯),住家用,鋼筋混凝土造,,153.78,3,2,2,有,無,7070000,48549,坡道平面,33.9,1250000,,RPWOMLOKKHJFFCB97CB
西屯區,房地(土地+建物)+車位,下石碑段931~960地號,22.72,住,,,1020301,土地1建物1車位1,八層,12,住宅大樓(11層含以上有電梯),住家用,鋼筋混凝土造,,155.84,1,1,1,有,無,7260000,49299,坡道平面,35.96,1350000,,RPPPMLOKKHJFFCB37CB
西屯區,房地(土地+建物)+車位,下石碑段931~960地號,23.5,住,,,1020225,土地1建物1車位2,九層,12,住宅大樓(11層含以上有電梯),住家用,鋼筋混凝土造,,187.68,1,1,2,有,無,8150000,47130,坡道平面,67.8,2500000,,RPQPMLOKKHJFFCB47CB
西屯區,房地(土地+建物)+車位,下石碑段931~960地號,22.72,住,,,1020304,土地1建物1車位1,十層,12,住宅大樓(11層含以上有電梯),住家用,鋼筋混凝土造,,153.78,3,2,2,有,無,7400000,51301,坡道平面,33.9,1250000,,RPRPMLOKKHJFFCB57CB
西屯區,房地(土地+建物)+車位,下石碑段931~960地號,23.5,住,,,1020129,土地1建物1車位2,十一層,12,住宅大樓(11層含以上有電梯),住家用,鋼筋混凝土造,,191.8,3,2,2,有,無,7850000,44628,坡道平面,71.92,2500000,,RPTPMLOKKHJFFCB77CB
西屯區,房地(土地+建物)+車位,下石碑段931~960地號,22.72,住,,,1011105,土地1建物1車位1,二層,12,住宅大樓(11層含以上有電梯),住家用,鋼筋混凝土造,,153.34,3,2,2,有,無,6970000,48727,坡道平面,33.9,1150000,,RPVPMLOKKHJFFCB97CB
西屯區,房地(土地+建物)+車位,下石碑段931~960地號,22.72,住,,,1010910,土地1建物1車位1,三層,12,住宅大樓(11層含以上有電梯),住家用,鋼筋混凝土造,,155.4,3,2,2,有,無,7300000,50653,坡道平面,35.96,1250000,,RPRQMLOKKHJFFCB67CB
西屯區,房地(土地+建物)+車位,下石碑段931~960地號,22.72,住,,,1011029,土地1建物1車位1,四層,12,住宅大樓(11層含以上有電梯),住家用,鋼筋混凝土造,,153.34,3,2,2,有,無,7080000,49648,坡道平面,33.9,1150000,,RPUQMLOKKHJFFCB97CB
西屯區,房地(土地+建物)+車位,下石碑段931~960地號,23.5,住,,,1010813,土地1建物1車位2,五層,12,住宅大樓(11層含以上有電梯),住家用,鋼筋混凝土造,,189.3,3,2,2,有,無,8180000,48392,坡道平面,69.86,2400000,,RPPTMLSKKHJFFCB18CB
西屯區,房地(土地+建物)+車位,下石碑段931~960地號,22.72,住,,,1011203,土地1建物1車位1,六層,12,住宅大樓(11層含以上有電梯),住家用,鋼筋混凝土造,,153.34,3,2,2,有,無,7250000,51072,坡道平面,33.9,1150000,,RPQTMLSKKHJFFCB28CB
西屯區,房地(土地+建物)+車位,下石碑段931~960地號,22.72,住,,,1020204,土地1建物1車位1,七層,12,住宅大樓(11層含以上有電梯),住家用,鋼筋混凝土造,,153.34,3,2,2,有,無,7420000,52495,坡道平面,33.9,1150000,,RPRTMLSKKHJFFCB38CB
西屯區,房地(土地+建物)+車位,下石碑段931~960地號,23.5,住,,,1020318,土地1建物1車位2,八層,12,住宅大樓(11層含以上有電梯),住家用,鋼筋混凝土造,,187.24,3,2,2,有,無,8500000,50234,坡道平面,67.8,2500000,,RPSTMLSKKHJFFCB48CB
西屯區,房地(土地+建物)+車位,下石碑段931~960地號,23.5,住,,,1020218,土地1建物1車位2,九層,12,住宅大樓(11層含以上有電梯),住家用,鋼筋混凝土造,,191.36,3,2,2,有,無,8310000,50318,坡道平面,71.92,2300000,,RPTTMLSKKHJFFCB58CB
西屯區,房地(土地+建物)+車位,下石碑段931~960地號,23.5,住,,,1020207,土地1建物1車位2,十層,12,住宅大樓(11層含以上有電梯),住家用,鋼筋混凝土造,,187.24,3,2,2,有,無,8240000,49732,坡道平面,67.8,2300000,,RPXNMLTKKHJFFCB48CB
西屯區,房地(土地+建物)+車位,下石碑段931~960地號,22.72,住,,,1020207,土地1建物1車位1,十一層,12,住宅大樓(11層含以上有電梯),住家用,鋼筋混凝土造,,155.4,3,2,2,有,無,7360000,51155,坡道平面,35.96,1250000,,RPOOMLTKKHJFFCB67CB
西屯區,房地(土地+建物)+車位,下石碑段931~960地號,22.72,住,,,1020204,土地1建物1車位1,二層,12,住宅大樓(11層含以上有電梯),住家用,鋼筋混凝土造,,151.79,3,2,2,有,無,6900000,49623,坡道平面,33.9,1050000,,RPQOMLTKKHJFFCB87CB
西屯區,房地(土地+建物)+車位,下石碑段931~960地號,22.72,住,,,1020301,土地1建物1車位1,三層,12,住宅大樓(11層含以上有電梯),住家用,鋼筋混凝土造,,155.8,3,2,2,有,無,7180000,50317,坡道平面,35.96,1150000,,RPSOMLTKKHJFFCB08CB
西屯區,房地(土地+建物)+車位,下石碑段931~960地號,22.72,住,,,1020304,土地1建物1車位1,四層,12,住宅大樓(11層含以上有電梯),住家用,鋼筋混凝土造,,153.74,3,2,2,有,無,7080000,50317,坡道平面,33.9,1050000,,RPWOMLTKKHJFFCB48CB
西屯區,房地(土地+建物)+車位,下石碑段931~960地號,22.72,住,,,1020221,土地1建物1車位1,五層,12,住宅大樓(11層含以上有電梯),住家用,鋼筋混凝土造,,153.74,3,2,2,有,無,7280000,50317,坡道平面,33.9,1250000,,RPXOMLTKKHJFFCB58CB
西屯區,房地(土地+建物)+車位,下石碑段931~960地號,22.72,住,,,1020311,土地1建物1車位1,六層,12,住宅大樓(11層含以上有電梯),住家用,鋼筋混凝土造,,155.8,3,2,2,有,無,7480000,52820,坡道平面,35.96,1150000,,RPOSMLTKKHJFFCB08CB
西屯區,房地(土地+建物)+車位,下石碑段931~960地號,22.72,住,,,1020124,土地1建物1車位1,七層,12,住宅大樓(11層含以上有電梯),住家用,鋼筋混凝土造,,155.8,3,2,2,有,無,7480000,52820,坡道平面,35.96,1150000,,RPTSMLTKKHJFFCB58CB
西屯區,房地(土地+建物)+車位,下石碑段931~960地號,23.5,住,,,1020320,土地1建物1車位2,八層,12,住宅大樓(11層含以上有電梯),住家用,鋼筋混凝土造,,191.76,3,2,2,有,無,8650000,49650,坡道平面,71.92,2700000,,RPUOMLKLKHJFFCB47CB
西屯區,房地(土地+建物)+車位,下石碑段931~960地號,23.5,住,,,1020218,土地1建物1車位2,九層,12,住宅大樓(11層含以上有電梯),住家用,鋼筋混凝土造,,189.7,3,2,2,有,無,8400000,48398,坡道平面,69.86,2600000,,RPVOMLKLKHJFFCB57CB
西屯區,房地(土地+建物)+車位,下石碑段931~960地號,23.5,住,,,1020218,土地1建物1車位2,十層,12,住宅大樓(11層含以上有電梯),住家用,鋼筋混凝土造,,189.7,3,2,2,有,無,8440000,48732,坡道平面,69.86,2600000,,RPWOMLKLKHJFFCB67CB
西屯區,房地(土地+建物)+車位,下石碑段931~960地號,22.72,住,,,1011119,土地1建物1車位1,十一層,12,住宅大樓(11層含以上有電梯),住家用,鋼筋混凝土造,,155.8,3,2,2,有,無,7500000,51318,坡道平面,35.96,1350000,,RPXOMLKLKHJFFCB77CB
西屯區,房地(土地+建物)+車位,下石碑段931~960地號,22.33,住,,,1010806,土地1建物1車位1,二層,12,住宅大樓(11層含以上有電梯),住家用,鋼筋混凝土造,,150.61,3,2,2,有,無,6850000,49696,坡道平面,33.9,1050000,,RPPPMLKLKHJFFCB07CB
西屯區,房地(土地+建物)+車位,下石碑段931~960地號,22.33,住,,,1020204,土地1建物1車位1,三層,12,住宅大樓(11層含以上有電梯),住家用,鋼筋混凝土造,,154.62,3,2,2,有,無,6880000,48289,坡道平面,35.96,1150000,,RPSPMLKLKHJFFCB37CB
西屯區,房地(土地+建物)+車位,下石碑段931~960地號,22.33,住,,,1020219,土地1建物1車位1,五層,12,住宅大樓(11層含以上有電梯),住家用,鋼筋混凝土造,,154.62,3,2,2,有,無,7000000,48458,坡道平面,35.96,1250000,,RPTPMLKLKHJFFCB47CB
西屯區,房地(土地+建物)+車位,下石碑段931~960地號,23.11,住,,,1020205,土地1建物1車位2,六層,12,住宅大樓(11層含以上有電梯),住家用,鋼筋混凝土造,,188.52,3,2,2,有,無,8100000,49722,坡道平面,69.86,2200000,,RPWPMLKLKHJFFCB77CB
西屯區,房地(土地+建物)+車位,下石碑段931~960地號,22.33,住,,,1020320,土地1建物1車位1,七層,12,住宅大樓(11層含以上有電梯),住家用,鋼筋混凝土造,,154.62,3,2,2,有,無,7350000,51407,坡道平面,35.96,1250000,,RPOQMLKLKHJFFCB07CB
西屯區,房地(土地+建物)+車位,下石碑段931~960地號,22.33,住,,,1020312,土地1建物1車位1,八層,12,住宅大樓(11層含以上有電梯),住家用,鋼筋混凝土造,,152.56,3,2,2,有,無,7420000,52840,坡道平面,33.9,1150000,,RPQQMLKLKHJFFCB27CB
西屯區,房地(土地+建物)+車位,下石碑段931~960地號,23.11,住,,,1020218,土地1建物1車位2,十一層,12,住宅大樓(11層含以上有電梯),住家用,鋼筋混凝土造,,190.58,3,2,2,有,無,7850000,46772,坡道平面,71.92,2300000,,RPSQMLKLKHJFFCB47CB
西屯區,房地(土地+建物)+車位,下石碑段931~960地號,22.33,住,,,1020219,土地1建物1車位1,四層,12,住宅大樓(11層含以上有電梯),住家用,鋼筋混凝土造,,154.62,3,2,2,有,無,6850000,48036,坡道平面,35.96,1150000,,RPUQMLKLKHJFFCB67CB
西屯區,房地(土地+建物)+車位,下石碑段931~960地號,22.33,住,,,1020325,土地1建物1車位1,九層,12,住宅大樓(11層含以上有電梯),住家用,鋼筋混凝土造,,154.62,3,2,2,有,無,7580000,53346,坡道平面,35.96,1250000,,RPXQMLKLKHJFFCB97CB
西屯區,房地(土地+建物)+車位,下石碑段931~960地號,22.33,住,,,1020327,土地1建物1車位1,十層,12,住宅大樓(11層含以上有電梯),住家用,鋼筋混凝土造,,154.62,3,2,2,有,無,7630000,53767,坡道平面,35.96,1250000,,RPPRMLKLKHJFFCB27CB
西屯區,房地(土地+建物)+車位,下石碑段931~960地號,17.63,住,,,1011220,土地1建物1車位1,二層,12,住宅大樓(11層含以上有電梯),住家用,鋼筋混凝土造,,122.41,2,2,2,有,無,5360000,48699,坡道平面,35.96,1150000,,RPRRMLKLKHJFFCB47CB
西屯區,房地(土地+建物)+車位,下石碑段931~960地號,17.63,住,,,1011029,土地1建物1車位1,三層,12,住宅大樓(11層含以上有電梯),住家用,鋼筋混凝土造,,120.35,2,2,2,有,無,5300000,49161,坡道平面,33.9,1050000,,RPSRMLKLKHJFFCB57CB
西屯區,房地(土地+建物)+車位,下石碑段931~960地號,17.63,住,,,1010806,土地1建物1車位1,四層,12,住宅大樓(11層含以上有電梯),住家用,鋼筋混凝土造,,120.35,2,2,2,有,無,5440000,50781,坡道平面,33.9,1050000,,RPXOMLLLKHJFFCB87CB
西屯區,房地(土地+建物)+車位,下石碑段931~960地號,17.63,住,,,1010725,土地1建物1車位1,五層,12,住宅大樓(11層含以上有電梯),住家用,鋼筋混凝土造,,120.35,2,2,2,有,無,5610000,52747,坡道平面,33.9,1050000,,RPOPMLLLKHJFFCB07CB
西屯區,房地(土地+建物)+車位,下石碑段931~960地號,17.63,住,,,1011022,土地1建物1車位1,六層,12,住宅大樓(11層含以上有電梯),住家用,鋼筋混凝土造,,120.35,2,2,2,有,無,5650000,50896,坡道平面,33.9,1250000,,RPPPMLLLKHJFFCB17CB
西屯區,房地(土地+建物)+車位,下石碑段931~960地號,17.63,住,,,1011203,土地1建物1車位1,七層,12,住宅大樓(11層含以上有電梯),住家用,鋼筋混凝土造,,120.35,2,2,2,有,無,5600000,52632,坡道平面,33.9,1050000,,RPQPMLLLKHJFFCB27CB
西屯區,房地(土地+建物)+車位,下石碑段931~960地號,17.63,住,,,1011211,土地1建物1車位1,八層,12,住宅大樓(11層含以上有電梯),住家用,鋼筋混凝土造,,120.35,2,2,2,有,無,5750000,52053,坡道平面,33.9,1250000,,RPVPMLLLKHJFFCB77CB
西屯區,房地(土地+建物)+車位,下石碑段931~960地號,17.63,住,,,1011217,土地1建物1車位1,九層,12,住宅大樓(11層含以上有電梯),住家用,鋼筋混凝土造,,122.41,2,2,2,有,無,5760000,52169,坡道平面,35.96,1250000,,RPXPMLLLKHJFFCB97CB
西屯區,房地(土地+建物)+車位,下石碑段931~960地號,18.41,住,,,1011119,土地1建物1車位2,十層,12,住宅大樓(11層含以上有電梯),住家用,鋼筋混凝土造,,156.31,2,2,2,有,無,6750000,50318,坡道平面,69.86,2400000,,RPPQMLLLKHJFFCB27CB
西屯區,房地(土地+建物)+車位,下石碑段931~960地號,17.63,住,,,1010917,土地1建物1車位1,十一層,12,住宅大樓(11層含以上有電梯),住家用,鋼筋混凝土造,,122.41,2,2,2,有,無,5800000,52632,坡道平面,35.96,1250000,,RPQQMLLLKHJFFCB37CB
西屯區,房地(土地+建物)+車位,下石碑段931~960地號,18.02,住,,,1010726,土地1建物1車位1,十二層,12,住宅大樓(11層含以上有電梯),住家用,鋼筋混凝土造,,121.48,2,2,2,有,無,5750000,53665,坡道平面,33.9,1050000,,RPRQMLLLKHJFFCB47CB
西屯區,房地(土地+建物)+車位,下石碑段931~960地號,28.59,住,,,1020327,土地1建物1車位1,一層,12,住宅大樓(11層含以上有電梯),住家用,鋼筋混凝土造,,176.7,0,0,0,無,無,9400000,57198,坡道平面,35.96,1350000,,RPWQMLLLKHJFFCB97CB
西屯區,房地(土地+建物)+車位,下石碑段931~960地號,21.54,住,,,1020121,土地1建物1車位1,二層,12,住宅大樓(11層含以上有電梯),住家用,鋼筋混凝土造,,140.0,3,2,2,有,無,6000000,46654,坡道平面,33.9,1050000,,RPPRMLLLKHJFFCB37CB
西屯區,房地(土地+建物)+車位,下石碑段931~960地號,21.54,住,,,1020102,土地1建物1車位1,三層,12,住宅大樓(11層含以上有電梯),住家用,鋼筋混凝土造,,140.0,3,2,2,有,無,6300000,48539,坡道平面,33.9,1150000,,RPRRMLLLKHJFFCB57CB
西屯區,房地(土地+建物)+車位,下石碑段931~960地號,21.54,住,,,1011218,土地1建物1車位1,四層,12,住宅大樓(11層含以上有電梯),住家用,鋼筋混凝土造,,142.06,3,2,2,有,無,6250000,47125,坡道平面,35.96,1250000,,RPSRMLLLKHJFFCB67CB
西屯區,房地(土地+建物)+車位,下石碑段931~960地號,21.54,住,,,1010927,土地1建物1車位1,五層,12,住宅大樓(11層含以上有電梯),住家用,鋼筋混凝土造,,140.05,3,2,2,有,無,6300000,49458,坡道平面,33.9,1050000,,RPXNMLOLKHJFFCB08CB
西屯區,房地(土地+建物)+車位,下石碑段931~960地號,21.54,住,,,1011126,土地1建物1車位1,六層,12,住宅大樓(11層含以上有電梯),住家用,鋼筋混凝土造,,140.05,3,2,2,有,無,6380000,50212,坡道平面,33.9,1050000,,RPOOMLOLKHJFFCB27CB
西屯區,房地(土地+建物)+車位,下石碑段931~960地號,21.54,住,,,1011119,土地1建物1車位1,七層,12,住宅大樓(11層含以上有電梯),住家用,鋼筋混凝土造,,142.11,3,2,2,有,無,6500000,50400,坡道平面,35.96,1150000,,RPWOMLOLKHJFFCB08CB
西屯區,房地(土地+建物)+車位,下石碑段931~960地號,22.33,住,,,1020107,土地1建物1車位2,八層,12,住宅大樓(11層含以上有電梯),住家用,鋼筋混凝土造,,176.01,3,2,2,有,無,7380000,45031,坡道平面,69.86,2600000,,RPOPMLOLKHJFFCB37CB
西屯區,房地(土地+建物)+車位,下石碑段931~960地號,22.33,住,,,1011105,土地1建物1車位2,九層,12,住宅大樓(11層含以上有電梯),住家用,鋼筋混凝土造,,176.01,3,2,2,有,無,7380000,48799,坡道平面,69.86,2200000,,RPPPMLOLKHJFFCB47CB
西屯區,房地(土地+建物)+車位,下石碑段931~960地號,22.33,住,,,1020102,土地1建物1車位2,十層,12,住宅大樓(11層含以上有電梯),住家用,鋼筋混凝土造,,178.07,3,2,2,有,無,7550000,47574,坡道平面,71.92,2500000,,RPQPMLOLKHJFFCB57CB
西屯區,房地(土地+建物)+車位,下石碑段931~960地號,21.54,住,,,1020108,土地1建物1車位1,十一層,12,住宅大樓(11層含以上有電梯),住家用,鋼筋混凝土造,,142.11,3,2,2,有,無,6710000,52379,坡道平面,35.96,1150000,,RPRPMLOLKHJFFCB67CB
西屯區,房地(土地+建物)+車位,下石碑段931~960地號,21.54,住,,,1020102,土地1建物1車位1,十二層,12,住宅大樓(11層含以上有電梯),住家用,鋼筋混凝土造,,142.11,3,2,2,有,無,6550000,49929,坡道平面,35.96,1250000,,RPTPMLOLKHJFFCB87CB
西屯區,房地(土地+建物)+車位,下石碑段931~960地號,30.16,住,,,1020327,土地1建物1車位2,一層,12,住宅大樓(11層含以上有電梯),住家用,鋼筋混凝土造,,215.69,0,0,0,無,無,10600000,55544,坡道平面,69.86,2500000,,RPUPMLOLKHJFFCB97CB
西屯區,房地(土地+建物)+車位,下石碑段931~960地號,23.5,住,,,1020311,土地1建物1車位1,二層,12,住宅大樓(11層含以上有電梯),住家用,鋼筋混凝土造,,150.58,3,2,2,有,無,6620000,46023,坡道平面,33.9,1250000,,RPOQMLPLKHJFFCB57CB
西屯區,房地(土地+建物)+車位,下石碑段931~960地號,23.5,住,,,1020107,土地1建物1車位1,三層,12,住宅大樓(11層含以上有電梯),住家用,鋼筋混凝土造,,152.64,3,2,2,有,無,6950000,49709,坡道平面,35.96,1150000,,RPPQMLPLKHJFFCB67CB
西屯區,房地(土地+建物)+車位,下石碑段931~960地號,23.5,住,,,1011016,土地1建物1車位1,四層,12,住宅大樓(11層含以上有電梯),住家用,鋼筋混凝土造,,150.58,3,2,2,有,無,7020000,50309,坡道平面,33.9,1150000,,RPRQMLPLKHJFFCB87CB
西屯區,房地(土地+建物)+車位,下石碑段931~960地號,24.29,住,,,1010924,土地1建物1車位2,五層,12,住宅大樓(11層含以上有電梯),住家用,鋼筋混凝土造,,184.48,3,2,2,有,無,7650000,46709,坡道平面,67.8,2200000,,RPTQMLPLKHJFFCB08CB
西屯區,房地(土地+建物)+車位,下石碑段931~960地號,23.5,住,,,1011217,土地1建物1車位1,六層,12,住宅大樓(11層含以上有電梯),住家用,鋼筋混凝土造,,150.58,3,2,2,有,無,7080000,49966,坡道平面,33.9,1250000,,RPVQMLPLKHJFFCB28CB
西屯區,房地(土地+建物)+車位,下石碑段931~960地號,23.5,住,,,1020312,土地1建物1車位1,七層,12,住宅大樓(11層含以上有電梯),住家用,鋼筋混凝土造,,150.58,3,2,2,有,無,7280000,52537,坡道平面,33.9,1150000,,RPXQMLPLKHJFFCB48CB
西屯區,房地(土地+建物)+車位,下石碑段931~960地號,24.29,住,,,1020304,土地1建物1車位2,八層,12,住宅大樓(11層含以上有電梯),住家用,鋼筋混凝土造,,186.54,3,2,2,有,無,8080000,46966,坡道平面,69.86,2600000,,RPORMLPLKHJFFCB67CB
西屯區,房地(土地+建物)+車位,下石碑段931~960地號,24.29,住,,,1011121,土地1建物1車位2,九層,12,住宅大樓(11層含以上有電梯),住家用,鋼筋混凝土造,,188.6,3,2,2,有,無,8140000,48337,坡道平面,71.92,2500000,,RPPRMLPLKHJFFCB77CB
西屯區,房地(土地+建物)+車位,下石碑段931~960地號,24.29,住,,,1010910,土地1建物1車位2,十層,12,住宅大樓(11層含以上有電梯),住家用,鋼筋混凝土造,,186.54,3,2,2,有,無,8100000,50566,坡道平面,69.86,2200000,,RPQRMLPLKHJFFCB87CB
西屯區,房地(土地+建物)+車位,下石碑段931~960地號,24.29,住,,,1010813,土地1建物1車位2,十一層,12,住宅大樓(11層含以上有電梯),住家用,鋼筋混凝土造,,188.6,3,2,2,有,無,7320000,39595,坡道平面,71.92,2700000,,RPTRMLPLKHJFFCB18CB
西屯區,房地(土地+建物)+車位,下石碑段931~960地號,23.5,住,,,1011203,土地1建物1車位1,十二層,12,住宅大樓(11層含以上有電梯),住家用,鋼筋混凝土造,,152.64,3,2,2,有,無,7100000,50137,坡道平面,35.96,1250000,,RPURMLPLKHJFFCB28CB
西屯區,房地(土地+建物)+車位,下石碑段931~960地號,30.55,住,,,1020325,土地1建物1車位2,一層,12,住宅大樓(11層含以上有電梯),住家用,鋼筋混凝土造,,215.32,0,0,0,無,無,10300000,52936,坡道平面,69.86,2600000,,RPPSMLPLKHJFFCB87CB
西屯區,房地(土地+建物)+車位,下石碑段931~960地號,23.5,住,,,1020318,土地1建物1車位1,二層,12,住宅大樓(11層含以上有電梯),住家用,鋼筋混凝土造,,152.43,3,2,2,有,無,6760000,46450,坡道平面,35.96,1350000,,RPQSMLPLKHJFFCB97CB
西屯區,房地(土地+建物)+車位,下石碑段931~960地號,23.5,住,,,1020128,土地1建物1車位1,三層,12,住宅大樓(11層含以上有電梯),住家用,鋼筋混凝土造,,152.43,3,2,2,有,無,6900000,48510,坡道平面,35.96,1250000,,RPRSMLPLKHJFFCB08CB
西屯區,房地(土地+建物)+車位,下石碑段931~960地號,23.5,住,,,1020312,土地1建物1車位1,四層,12,住宅大樓(11層含以上有電梯),住家用,鋼筋混凝土造,,150.37,3,2,2,有,無,6950000,50657,坡道平面,33.9,1050000,,RPSSMLPLKHJFFCB18CB
西屯區,房地(土地+建物)+車位,下石碑段931~960地號,23.5,住,,,1011015,土地1建物1車位1,五層,12,住宅大樓(11層含以上有電梯),住家用,鋼筋混凝土造,,150.37,3,2,2,有,無,7000000,51086,坡道平面,33.9,1050000,,RPTSMLPLKHJFFCB28CB
西屯區,房地(土地+建物)+車位,下石碑段931~960地號,23.5,住,,,1011119,土地1建物1車位1,六層,12,住宅大樓(11層含以上有電梯),住家用,鋼筋混凝土造,,152.43,3,2,2,有,無,7050000,50657,坡道平面,35.96,1150000,,RPUSMLPLKHJFFCB38CB
西屯區,房地(土地+建物)+車位,下石碑段931~960地號,23.5,住,,,1010827,土地1建物1車位1,七層,12,住宅大樓(11層含以上有電梯),住家用,鋼筋混凝土造,,150.37,3,2,2,有,無,7320000,52975,坡道平面,33.9,1150000,,RPVSMLPLKHJFFCB48CB
西屯區,房地(土地+建物)+車位,下石碑段931~960地號,24.29,住,,,1020116,土地1建物1車位2,九層,12,住宅大樓(11層含以上有電梯),住家用,鋼筋混凝土造,,184.27,3,2,2,有,無,8120000,48253,坡道平面,67.8,2500000,,RPOTMLPLKHJFFCB87CB
西屯區,房地(土地+建物)+車位,下石碑段931~960地號,24.29,住,,,1011009,土地1建物1車位2,十層,12,住宅大樓(11層含以上有電梯),住家用,鋼筋混凝土造,,186.33,3,2,2,有,無,8090000,50571,坡道平面,69.86,2200000,,RPRTMLPLKHJFFCB18CB
西屯區,房地(土地+建物)+車位,下石碑段931~960地號,23.5,住,,,1011112,土地1建物1車位1,十一層,12,住宅大樓(11層含以上有電梯),住家用,鋼筋混凝土造,,150.37,3,2,2,有,無,7250000,52374,坡道平面,33.9,1150000,,RPSTMLPLKHJFFCB28CB
西屯區,房地(土地+建物)+車位,下石碑段931~960地號,23.5,住,,,1011119,土地1建物1車位1,十二層,12,住宅大樓(11層含以上有電梯),住家用,鋼筋混凝土造,,152.43,3,2,2,有,無,7000000,50228,坡道平面,35.96,1150000,,RPTTMLPLKHJFFCB38CB
西屯區,房地(土地+建物)+車位,下石碑段931~960地號,29.77,住,,,1020327,土地1建物1車位1,一層,12,住宅大樓(11層含以上有電梯),住家用,鋼筋混凝土造,,181.01,0,0,0,無,無,9300000,55498,坡道平面,35.96,1250000,,RPUTMLPLKHJFFCB48CB
西屯區,房地(土地+建物)+車位,下石碑段931~960地號,22.33,住,,,1011205,土地1建物1車位1,二層,12,住宅大樓(11層含以上有電梯),住家用,鋼筋混凝土造,,146.08,3,2,2,有,無,5090000,35779,坡道平面,35.96,1150000,,RPVTMLPLKHJFFCB58CB
西屯區,房地(土地+建物)+車位,下石碑段931~960地號,22.33,住,,,1011105,土地1建物1車位1,三層,12,住宅大樓(11層含以上有電梯),住家用,鋼筋混凝土造,,146.08,3,2,2,有,無,6300000,46767,坡道平面,35.96,1150000,,RPWTMLPLKHJFFCB68CB
西屯區,房地(土地+建物)+車位,下石碑段931~960地號,22.33,住,,,1011015,土地1建物1車位1,四層,12,住宅大樓(11層含以上有電梯),住家用,鋼筋混凝土造,,144.02,3,2,2,有,無,6300000,47675,坡道平面,33.9,1050000,,RPXTMLPLKHJFFCB78CB
西屯區,房地(土地+建物)+車位,下石碑段931~960地號,24.29,住,,,1020114,土地1建物1車位2,八層,12,住宅大樓(11層含以上有電梯),住家用,鋼筋混凝土造,,186.33,3,2,2,有,無,8000000,48081,坡道平面,69.86,2400000,,RPVNMLQLKHJFFCB08CB
西屯區,房地(土地+建物)+車位,下石碑段931~960地號,22.33,住,,,1010827,土地1建物1車位1,五層,12,住宅大樓(11層含以上有電梯),住家用,鋼筋混凝土造,,144.02,3,2,2,有,無,6530000,49764,坡道平面,33.9,1050000,,RPXNMLQLKHJFFCB28CB
西屯區,房地(土地+建物)+車位,下石碑段931~960地號,22.33,住,,,1010903,土地1建物1車位1,七層,12,住宅大樓(11層含以上有電梯),住家用,鋼筋混凝土造,,144.02,3,2,2,有,無,6950000,52670,坡道平面,33.9,1150000,,RPROMLQLKHJFFCB77CB
西屯區,房地(土地+建物)+車位,下石碑段931~960地號,23.11,住,,,1011112,土地1建物1車位2,八層,12,住宅大樓(11層含以上有電梯),住家用,鋼筋混凝土造,,177.92,3,2,2,有,無,7680000,48856,坡道平面,67.8,2300000,,RPSOMLQLKHJFFCB87CB
西屯區,房地(土地+建物)+車位,下石碑段931~960地號,23.11,住,,,1020102,土地1建物1車位2,九層,12,住宅大樓(11層含以上有電梯),住家用,鋼筋混凝土造,,177.92,3,2,2,有,無,7610000,46404,坡道平面,67.8,2500000,,RPTOMLQLKHJFFCB97CB
西屯區,房地(土地+建物)+車位,下石碑段931~960地號,23.11,住,,,1011219,土地1建物1車位2,十層,12,住宅大樓(11層含以上有電梯),住家用,鋼筋混凝土造,,182.04,3,2,2,有,無,7620000,48311,坡道平面,71.92,2300000,,RPTQMLQLKHJFFCB18CB
西屯區,房地(土地+建物)+車位,下石碑段931~960地號,23.11,住,,,1020129,土地1建物1車位2,十一層,12,住宅大樓(11層含以上有電梯),住家用,鋼筋混凝土造,,177.92,3,2,2,有,無,7620000,47403,坡道平面,67.8,2400000,,RPVQMLQLKHJFFCB38CB
西屯區,房地(土地+建物)+車位,下石碑段931~960地號,22.33,住,,,1011024,土地1建物1車位1,十二層,12,住宅大樓(11層含以上有電梯),住家用,鋼筋混凝土造,,144.02,3,2,2,有,無,6600000,50400,坡道平面,33.9,1050000,,RPXQMLQLKHJFFCB58CB
西屯區,房地(土地+建物)+車位,下石碑段931~960地號,17.63,住,,,1011210,土地1建物1車位1,二層,12,住宅大樓(11層含以上有電梯),住家用,鋼筋混凝土造,,120.14,2,2,2,有,無,5250000,48701,坡道平面,33.9,1050000,,RPORMLQLKHJFFCB77CB
西屯區,房地(土地+建物)+車位,下石碑段931~960地號,18.41,住,,,1011008,土地1建物1車位2,三層,12,住宅大樓(11層含以上有電梯),住家用,鋼筋混凝土造,,158.16,2,2,2,有,無,6150000,44643,坡道平面,71.92,2300000,,RPTRMLQLKHJFFCB28CB
西屯區,房地(土地+建物)+車位,下石碑段931~960地號,17.63,住,,,1011007,土地1建物1車位1,四層,12,住宅大樓(11層含以上有電梯),住家用,鋼筋混凝土造,,120.14,2,2,2,有,無,5250000,48701,坡道平面,33.9,1050000,,RPXRMLQLKHJFFCB68CB
西屯區,房地(土地+建物)+車位,下石碑段931~960地號,17.63,住,,,1010725,土地1建物1車位1,五層,12,住宅大樓(11層含以上有電梯),住家用,鋼筋混凝土造,,120.14,2,2,2,有,無,5600000,52760,坡道平面,33.9,1050000,,RPRSMLQLKHJFFCB18CB
西屯區,房地(土地+建物)+車位,下石碑段931~960地號,17.63,住,,,1010805,土地1建物1車位1,六層,12,住宅大樓(11層含以上有電梯),住家用,鋼筋混凝土造,,120.14,2,2,2,有,無,5600000,51600,坡道平面,33.9,1150000,,RPXSMLQLKHJFFCB78CB
西屯區,房地(土地+建物)+車位,下石碑段931~960地號,17.63,住,,,1010910,土地1建物1車位1,十一層,12,住宅大樓(11層含以上有電梯),住家用,鋼筋混凝土造,,120.14,2,2,2,有,無,5750000,53340,坡道平面,33.9,1150000,,RPXTMLQLKHJFFCB88CB
西屯區,房地(土地+建物)+車位,下石碑段931~960地號,17.63,住,,,1011112,土地1建物1車位1,十二層,12,住宅大樓(11層含以上有電梯),住家用,鋼筋混凝土造,,122.2,2,2,2,有,無,5580000,50209,坡道平面,35.96,1250000,,RPPUMLQLKHJFFCB18CB
西屯區,房地(土地+建物)+車位,下石碑段931~960地號,22.33,住,,,1020128,土地1建物1車位1,二層,12,住宅大樓(11層含以上有電梯),住家用,鋼筋混凝土造,,152.5,3,2,2,有,無,6650000,46374,坡道平面,33.9,1150000,,RPRUMLQLKHJFFCB38CB
西屯區,房地(土地+建物)+車位,下石碑段931~960地號,22.33,住,,,1010813,土地1建物1車位1,三層,12,住宅大樓(11層含以上有電梯),住家用,鋼筋混凝土造,,152.5,3,2,2,有,無,7280000,51686,坡道平面,33.9,1150000,,RPSUMLQLKHJFFCB48CB
西屯區,房地(土地+建物)+車位,下石碑段931~960地號,22.33,住,,,1020204,土地1建物1車位1,四層,12,住宅大樓(11層含以上有電梯),住家用,鋼筋混凝土造,,152.5,3,2,2,有,無,6750000,46374,坡道平面,33.9,1250000,,RPTUMLQLKHJFFCB58CB
西屯區,房地(土地+建物)+車位,下石碑段931~960地號,22.33,住,,,1020204,土地1建物1車位1,五層,12,住宅大樓(11層含以上有電梯),住家用,鋼筋混凝土造,,152.5,3,2,2,有,無,6900000,47639,坡道平面,33.9,1250000,,RPXUMLQLKHJFFCB98CB
西屯區,房地(土地+建物)+車位,下石碑段931~960地號,22.33,住,,,1011105,土地1建物1車位1,六層,12,住宅大樓(11層含以上有電梯),住家用,鋼筋混凝土造,,154.61,3,2,2,有,無,7100000,49305,坡道平面,35.96,1250000,,RPOVMLQLKHJFFCB18CB
西屯區,房地(土地+建物)+車位,下石碑段931~960地號,27.03,住,,,1020128,土地1建物1車位1,七層,12,住宅大樓(11層含以上有電梯),住家用,鋼筋混凝土造,,122.2,2,2,2,有,無,5500000,53803,坡道平面,35.96,860000,,RPQOMLRLKHJFFCB77CB
西屯區,房地(土地+建物)+車位,下石碑段931~960地號,22.33,住,,,1010924,土地1建物1車位1,六層,12,住宅大樓(11層含以上有電梯),住家用,鋼筋混凝土造,,146.08,3,2,2,有,無,6650000,49037,坡道平面,35.96,1250000,,RPROMLRLKHJFFCB87CB
西屯區,房地(土地+建物)+車位,下石碑段931~960地號,18.41,住,,,1020128,土地1建物1車位2,八層,12,住宅大樓(11層含以上有電梯),住家用,鋼筋混凝土造,,156.1,2,2,2,有,無,6380000,54615,坡道平面,69.86,1670000,,RPVOMLRLKHJFFCB28CB
西屯區,房地(土地+建物)+車位,下石碑段931~960地號,18.41,住,,,1020129,土地1建物1車位2,九層,12,住宅大樓(11層含以上有電梯),住家用,鋼筋混凝土造,,156.1,2,2,2,有,無,6480000,55775,坡道平面,69.86,1670000,,RPWOMLRLKHJFFCB38CB
西屯區,房地(土地+建物)+車位,下石碑段931~960地號,18.41,住,,,1020129,土地1建物1車位2,十層,12,住宅大樓(11層含以上有電梯),住家用,鋼筋混凝土造,,158.16,2,2,2,有,無,6500000,55427,坡道平面,71.92,1720000,,RPXOMLRLKHJFFCB48CB
西屯區,房地(土地+建物)+車位,下石碑段931~960地號,23.11,住,,,1020128,土地1建物1車位2,七層,12,住宅大樓(11層含以上有電梯),住家用,鋼筋混凝土造,,190.57,3,2,2,有,無,7800000,46355,坡道平面,71.92,2300000,,RPOPMLRLKHJFFCB67CB
西屯區,房地(土地+建物)+車位,下石碑段931~960地號,23.11,住,,,1020305,土地1建物1車位2,八層,12,住宅大樓(11層含以上有電梯),住家用,鋼筋混凝土造,,188.51,3,2,2,有,無,8280000,47872,坡道平面,69.86,2600000,,RPUPMLRLKHJFFCB28CB
西屯區,房地(土地+建物)+車位,下石碑段931~960地號,23.11,住,,,1020221,土地1建物1車位2,九層,12,住宅大樓(11層含以上有電梯),住家用,鋼筋混凝土造,,190.57,3,2,2,有,無,8100000,48883,坡道平面,71.92,2300000,,RPVPMLRLKHJFFCB38CB
西屯區,房地(土地+建物)+車位,下石碑段931~960地號,23.11,住,,,1020320,土地1建物1車位2,十層,12,住宅大樓(11層含以上有電梯),住家用,鋼筋混凝土造,,190.57,3,2,2,有,無,8500000,48883,坡道平面,71.92,2700000,,RPXPMLRLKHJFFCB58CB
西屯區,房地(土地+建物)+車位,下石碑段931~960地號,22.33,住,,,1020108,土地1建物1車位1,十一層,12,住宅大樓(11層含以上有電梯),住家用,鋼筋混凝土造,,152.55,3,2,2,有,無,7450000,52255,坡道平面,33.9,1250000,,RPPQMLRLKHJFFCB87CB
西屯區,房地(土地+建物)+車位,下石碑段931~960地號,22.33,住,,,1011121,土地1建物1車位1,十二層,12,住宅大樓(11層含以上有電梯),住家用,鋼筋混凝土造,,154.61,3,2,2,有,無,7090000,48378,坡道平面,35.96,1350000,,RPQQMLRLKHJFFCB97CB
西屯區,房地(土地+建物)+車位,下石碑段931~960地號,22.72,住,,,1020223,土地1建物1車位1,二層,12,住宅大樓(11層含以上有電梯),住家用,鋼筋混凝土造,,155.83,3,2,2,有,無,7000000,48803,坡道平面,35.96,1150000,,RPVQMLRLKHJFFCB48CB
西屯區,房地(土地+建物)+車位,下石碑段931~960地號,22.72,住,,,1020124,土地1建物1車位1,三層,12,住宅大樓(11層含以上有電梯),住家用,鋼筋混凝土造,,155.83,3,2,2,有,無,7250000,50054,坡道平面,35.96,1250000,,RPXQMLRLKHJFFCB68CB
西屯區,房地(土地+建物)+車位,下石碑段931~960地號,22.72,住,,,1011114,土地1建物1車位1,四層,12,住宅大樓(11層含以上有電梯),住家用,鋼筋混凝土造,,155.83,3,2,2,有,無,7050000,49220,坡道平面,35.96,1150000,,RPORMLRLKHJFFCB87CB
西屯區,房地(土地+建物)+車位,下石碑段931~960地號,22.72,住,,,1020204,土地1建物1車位1,五層,12,住宅大樓(11層含以上有電梯),住家用,鋼筋混凝土造,,153.77,3,2,2,有,無,7150000,49220,坡道平面,33.9,1250000,,RPPRMLRLKHJFFCB97CB
西屯區,房地(土地+建物)+車位,下石碑段931~960地號,23.5,住,,,1010827,土地1建物1車位2,六層,12,住宅大樓(11層含以上有電梯),住家用,鋼筋混凝土造,,191.79,3,2,2,有,無,8580000,49053,坡道平面,71.92,2700000,,RPRRMLRLKHJFFCB18CB
西屯區,房地(土地+建物)+車位,下石碑段931~960地號,22.72,住,,,1010917,土地1建物1車位1,七層,12,住宅大樓(11層含以上有電梯),住家用,鋼筋混凝土造,,155.83,3,2,2,有,無,7650000,53391,坡道平面,35.96,1250000,,RPSRMLRLKHJFFCB28CB
西屯區,房地(土地+建物)+車位,下石碑段931~960地號,23.5,住,,,1020218,土地1建物1車位2,八層,12,住宅大樓(11層含以上有電梯),住家用,鋼筋混凝土造,,187.67,3,2,2,有,無,8150000,50471,坡道平面,67.8,2100000,,RPTRMLRLKHJFFCB38CB
西屯區,房地(土地+建物)+車位,下石碑段931~960地號,23.5,住,,,1020114,土地1建物1車位2,九層,12,住宅大樓(11層含以上有電梯),住家用,鋼筋混凝土造,,187.67,3,2,2,有,無,8300000,48386,坡道平面,67.8,2500000,,RPVRMLRLKHJFFCB58CB
西屯區,房地(土地+建物)+車位,下石碑段931~960地號,23.5,住,,,1020201,土地1建物1車位2,十層,12,住宅大樓(11層含以上有電梯),住家用,鋼筋混凝土造,,187.67,3,2,2,有,無,8350000,48803,坡道平面,67.8,2500000,,RPOSMLRLKHJFFCB97CB
西屯區,房地(土地+建物)+車位,下石碑段931~960地號,22.72,住,,,1020124,土地1建物1車位1,十一層,12,住宅大樓(11層含以上有電梯),住家用,鋼筋混凝土造,,155.83,3,2,2,有,無,7480000,51973,坡道平面,35.96,1250000,,RPPSMLRLKHJFFCB08CB
北屯區,房地(土地+建物)+車位,太順段1~30地號,21.37,住,,,1020414,土地1建物1車位1,二層,13,住宅大樓(11層含以上有電梯),住家用,鋼筋混凝土造,,190.33,4,2,2,有,無,8030000,42975,坡道平面,31.4,1200000,,RPVNMLLJMHJFFBB47CB
北屯區,房地(土地+建物)+車位,太順段1~30地號,21.39,住,,,1020410,土地1建物1車位1,二層,13,住宅大樓(11層含以上有電梯),住家用,鋼筋混凝土造,,190.44,4,2,2,有,無,7680000,42316,坡道平面,31.4,950000,,RPWNMLLJMHJFFBB57CB
北屯區,房地(土地+建物)+車位,太順段1~30地號,19.87,住,,,1020505,土地1建物1車位1,二層,13,住宅大樓(11層含以上有電梯),住家用,鋼筋混凝土造,,177.57,3,2,2,有,無,6760000,39305,坡道平面,29.75,950000,,RPXNMLLJMHJFFBB67CB
北屯區,房地(土地+建物)+車位,太順段1~30地號,19.85,住,,,1020504,土地1建物1車位1,二層,13,住宅大樓(11層含以上有電梯),住家用,鋼筋混凝土造,,179.06,3,2,2,有,無,6860000,38331,坡道平面,31.4,1200000,,RPOOMLLJMHJFFBB86CB
北屯區,房地(土地+建物)+車位,太順段1~30地號,21.37,住,,,1020410,土地1建物1車位1,二層,13,住宅大樓(11層含以上有電梯),住家用,鋼筋混凝土造,,190.33,4,2,2,有,無,7500000,41213,坡道平面,31.4,950000,,RPPOMLLJMHJFFBB96CB
北屯區,房地(土地+建物)+車位,太順段1~30地號,21.39,住,,,1020426,土地1建物1車位1,二層,13,住宅大樓(11層含以上有電梯),住家用,鋼筋混凝土造,,190.44,4,2,2,有,無,7680000,41688,坡道平面,31.4,1050000,,RPQOMLLJMHJFFBB07CB
北屯區,房地(土地+建物)+車位,太順段1~30地號,19.87,住,,,1020504,土地1建物1車位1,二層,13,住宅大樓(11層含以上有電梯),住家用,鋼筋混凝土造,,179.22,3,2,2,有,無,6950000,38899,坡道平面,31.4,1200000,,RPROMLLJMHJFFBB17CB
北屯區,房地(土地+建物)+車位,太順段1~30地號,19.85,住,,,1020507,土地1建物1車位1,二層,13,住宅大樓(11層含以上有電梯),住家用,鋼筋混凝土造,,179.06,3,2,2,有,無,6910000,38670,坡道平面,31.4,1200000,,RPSOMLLJMHJFFBB27CB
北屯區,房地(土地+建物)+車位,太順段1~30地號,21.35,住,,,1020412,土地1建物1車位1,三層,13,住宅大樓(11層含以上有電梯),住家用,鋼筋混凝土造,,190.33,4,2,2,有,無,7330000,38570,坡道平面,31.4,1200000,,RPTOMLLJMHJFFBB37CB
北屯區,房地(土地+建物)+車位,太順段1~30地號,21.37,住,,,1020413,土地1建物1車位1,三層,13,住宅大樓(11層含以上有電梯),住家用,鋼筋混凝土造,,190.44,4,2,2,有,無,7040000,37663,坡道平面,31.4,1050000,,RPUOMLLJMHJFFBB47CB
北屯區,房地(土地+建物)+車位,太順段1~30地號,19.85,住,,,1020410,土地1建物1車位1,三層,13,住宅大樓(11層含以上有電梯),住家用,鋼筋混凝土造,,179.22,3,2,2,有,無,6500000,37546,坡道平面,31.4,950000,,RPVOMLLJMHJFFBB57CB
北屯區,房地(土地+建物)+車位,太順段1~30地號,19.83,住,,,1020414,土地1建物1車位1,三層,13,住宅大樓(11層含以上有電梯),住家用,鋼筋混凝土造,,179.06,3,2,2,有,無,6670000,38738,坡道平面,31.4,950000,,RPWOMLLJMHJFFBB67CB
北屯區,房地(土地+建物)+車位,太順段1~30地號,21.35,住,,,1020416,土地1建物1車位1,三層,13,住宅大樓(11層含以上有電梯),住家用,鋼筋混凝土造,,190.33,4,2,2,有,無,7180000,38570,坡道平面,31.4,1050000,,RPXOMLLJMHJFFBB77CB
北屯區,房地(土地+建物)+車位,太順段1~30地號,21.37,住,,,1020418,土地1建物1車位2,三層,13,住宅大樓(11層含以上有電梯),住家用,鋼筋混凝土造,,221.84,4,2,2,有,無,7880000,35400,坡道平面,62.8,2250000,,RPOPMLLJMHJFFBB96CB
北屯區,房地(土地+建物)+車位,太順段1~30地號,19.85,住,,,1020409,土地1建物1車位1,三層,13,住宅大樓(11層含以上有電梯),住家用,鋼筋混凝土造,,179.22,3,2,2,有,無,6550000,37884,坡道平面,31.4,950000,,RPPPMLLJMHJFFBB07CB
北屯區,房地(土地+建物)+車位,太順段1~30地號,19.83,住,,,1020418,土地1建物1車位2,三層,13,住宅大樓(11層含以上有電梯),住家用,鋼筋混凝土造,,208.81,3,2,2,有,無,7280000,37112,坡道平面,61.15,1800000,,RPQPMLLJMHJFFBB17CB
北屯區,房地(土地+建物)+車位,太順段1~30地號,21.35,住,,,1020413,土地1建物1車位1,四層,13,住宅大樓(11層含以上有電梯),住家用,鋼筋混凝土造,,188.68,4,2,2,有,無,6800000,37438,坡道平面,29.75,850000,,RPRPMLLJMHJFFBB27CB
北屯區,房地(土地+建物)+車位,太順段1~30地號,21.37,住,,,1020403,土地1建物1車位1,四層,13,住宅大樓(11層含以上有電梯),住家用,鋼筋混凝土造,,190.44,4,2,2,有,無,6610000,36217,坡道平面,31.4,850000,,RPSPMLLJMHJFFBB37CB
北屯區,房地(土地+建物)+車位,太順段1~30地號,19.85,住,,,1020407,土地1建物1車位1,四層,13,住宅大樓(11層含以上有電梯),住家用,鋼筋混凝土造,,179.22,3,2,2,有,無,6100000,34840,坡道平面,31.4,950000,,RPTPMLLJMHJFFBB47CB
北屯區,房地(土地+建物)+車位,太順段1~30地號,19.83,住,,,1020416,土地1建物1車位1,四層,13,住宅大樓(11層含以上有電梯),住家用,鋼筋混凝土造,,177.41,3,2,2,有,無,6390000,37519,坡道平面,29.75,850000,,RPUPMLLJMHJFFBB57CB
北屯區,房地(土地+建物)+車位,太順段1~30地號,21.35,住,,,1020415,土地1建物1車位1,四層,13,住宅大樓(11層含以上有電梯),住家用,鋼筋混凝土造,,190.33,4,2,2,有,無,6860000,37186,坡道平面,31.4,950000,,RPVPMLLJMHJFFBB67CB
北屯區,房地(土地+建物)+車位,太順段1~30地號,21.37,住,,,1020416,土地1建物1車位1,四層,13,住宅大樓(11層含以上有電梯),住家用,鋼筋混凝土造,,190.44,4,2,2,有,無,6720000,35651,坡道平面,31.4,1050000,,RPWPMLLJMHJFFBB77CB
北屯區,房地(土地+建物)+車位,太順段1~30地號,19.85,住,,,1020410,土地1建物1車位1,四層,13,住宅大樓(11層含以上有電梯),住家用,鋼筋混凝土造,,179.22,3,2,2,有,無,6200000,35516,坡道平面,31.4,950000,,RPXPMLLJMHJFFBB87CB
北屯區,房地(土地+建物)+車位,太順段1~30地號,19.83,住,,,1020403,土地1建物1車位1,四層,13,住宅大樓(11層含以上有電梯),住家用,鋼筋混凝土造,,179.06,3,2,2,有,無,6510000,36977,坡道平面,31.4,1050000,,RPOQMLLJMHJFFBB07CB
北屯區,房地(土地+建物)+車位,太順段1~30地號,21.35,住,,,1020408,土地1建物1車位1,五層,13,住宅大樓(11層含以上有電梯),住家用,鋼筋混凝土造,,190.33,4,2,2,有,無,7530000,39829,坡道平面,31.4,1200000,,RPPQMLLJMHJFFBB17CB
北屯區,房地(土地+建物)+車位,太順段1~30地號,21.37,住,,,1020416,土地1建物1車位1,五層,13,住宅大樓(11層含以上有電梯),住家用,鋼筋混凝土造,,190.44,4,2,2,有,無,6840000,37035,坡道平面,31.4,950000,,RPQQMLLJMHJFFBB27CB
北屯區,房地(土地+建物)+車位,太順段1~30地號,19.85,住,,,1020418,土地1建物1車位1,五層,13,住宅大樓(11層含以上有電梯),住家用,鋼筋混凝土造,,179.22,3,2,2,有,無,6610000,37613,坡道平面,31.4,1050000,,RPRQMLLJMHJFFBB37CB
北屯區,房地(土地+建物)+車位,太順段1~30地號,19.83,住,,,1020418,土地1建物1車位1,五層,13,住宅大樓(11層含以上有電梯),住家用,鋼筋混凝土造,,179.06,3,2,2,有,無,6890000,39550,坡道平面,31.4,1050000,,RPSQMLLJMHJFFBB47CB
北屯區,房地(土地+建物)+車位,太順段1~30地號,21.35,住,,,1020416,土地1建物1車位1,六層,13,住宅大樓(11層含以上有電梯),住家用,鋼筋混凝土造,,190.33,4,2,2,有,無,7560000,40961,坡道平面,31.4,1050000,,RPTQMLLJMHJFFBB57CB
北屯區,房地(土地+建物)+車位,太順段1~30地號,21.35,住,,,1020406,土地1建物1車位1,五層,13,住宅大樓(11層含以上有電梯),住家用,鋼筋混凝土造,,190.33,4,2,2,有,無,7330000,40143,坡道平面,31.4,950000,,RPUQMLLJMHJFFBB67CB
北屯區,房地(土地+建物)+車位,太順段1~30地號,21.37,住,,,1020418,土地1建物1車位1,五層,13,住宅大樓(11層含以上有電梯),住家用,鋼筋混凝土造,,190.44,4,2,2,有,無,6900000,37412,坡道平面,31.4,950000,,RPVQMLLJMHJFFBB77CB
北屯區,房地(土地+建物)+車位,太順段1~30地號,19.83,住,,,1020421,土地1建物1車位1,五層,13,住宅大樓(11層含以上有電梯),住家用,鋼筋混凝土造,,177.41,3,2,2,有,無,6850000,40634,坡道平面,29.75,850000,,RPWQMLLJMHJFFBB87CB
北屯區,房地(土地+建物)+車位,太順段1~30地號,21.37,住,,,1020411,土地1建物1車位1,六層,13,住宅大樓(11層含以上有電梯),住家用,鋼筋混凝土造,,190.44,4,2,2,有,無,7190000,38607,坡道平面,31.4,1050000,,RPORMLLJMHJFFBB17CB
北屯區,房地(土地+建物)+車位,太順段1~30地號,19.85,住,,,1020412,土地1建物1車位1,六層,13,住宅大樓(11層含以上有電梯),住家用,鋼筋混凝土造,,179.22,3,2,2,有,無,6670000,38019,坡道平面,31.4,1050000,,RPPRMLLJMHJFFBB27CB
北屯區,房地(土地+建物)+車位,太順段1~30地號,19.83,住,,,1020416,土地1建物1車位1,六層,13,住宅大樓(11層含以上有電梯),住家用,鋼筋混凝土造,,177.41,3,2,2,有,無,7070000,41447,坡道平面,29.75,950000,,RPQRMLLJMHJFFBB37CB
北屯區,房地(土地+建物)+車位,太順段1~30地號,21.35,住,,,1020415,土地1建物1車位1,六層,13,住宅大樓(11層含以上有電梯),住家用,鋼筋混凝土造,,190.33,4,2,2,有,無,7390000,39892,坡道平面,31.4,1050000,,RPRRMLLJMHJFFBB47CB
北屯區,房地(土地+建物)+車位,太順段1~30地號,21.37,住,,,1020412,土地1建物1車位1,六層,13,住宅大樓(11層含以上有電梯),住家用,鋼筋混凝土造,,190.44,4,2,2,有,無,7040000,38292,坡道平面,31.4,950000,,RPSRMLLJMHJFFBB57CB
北屯區,房地(土地+建物)+車位,太順段1~30地號,19.85,住,,,1020416,土地1建物1車位1,六層,13,住宅大樓(11層含以上有電梯),住家用,鋼筋混凝土造,,179.22,3,2,2,有,無,6670000,38019,坡道平面,31.4,1050000,,RPTRMLLJMHJFFBB67CB
北屯區,房地(土地+建物)+車位,太順段1~30地號,21.35,住,,,1020405,土地1建物1車位1,七層,13,住宅大樓(11層含以上有電梯),住家用,鋼筋混凝土造,,190.33,4,2,2,有,無,7390000,40521,坡道平面,31.4,950000,,RPURMLLJMHJFFBB77CB
北屯區,房地(土地+建物)+車位,太順段1~30地號,21.37,住,,,1020411,土地1建物1車位1,七層,13,住宅大樓(11層含以上有電梯),住家用,鋼筋混凝土造,,190.44,4,2,2,有,無,7190000,39235,坡道平面,31.4,950000,,RPVRMLLJMHJFFBB87CB
北屯區,房地(土地+建物)+車位,太順段1~30地號,19.85,住,,,1020419,土地1建物1車位1,七層,13,住宅大樓(11層含以上有電梯),住家用,鋼筋混凝土造,,179.22,3,2,2,有,無,6760000,38628,坡道平面,31.4,1050000,,RPWRMLLJMHJFFBB97CB
北屯區,房地(土地+建物)+車位,太順段1~30地號,19.83,住,,,1020414,土地1建物1車位1,七層,13,住宅大樓(11層含以上有電梯),住家用,鋼筋混凝土造,,179.06,3,2,2,有,無,7160000,42056,坡道平面,31.4,950000,,RPXRMLLJMHJFFBB08CB
北屯區,房地(土地+建物)+車位,太順段1~30地號,21.35,住,,,1020420,土地1建物1車位1,八層,13,住宅大樓(11層含以上有電梯),住家用,鋼筋混凝土造,,190.33,4,2,2,有,無,7530000,40773,坡道平面,31.4,1050000,,RPOSMLLJMHJFFBB27CB
北屯區,房地(土地+建物)+車位,太順段1~30地號,19.83,住,,,1020417,土地1建物1車位1,八層,13,住宅大樓(11層含以上有電梯),住家用,鋼筋混凝土造,,179.06,3,2,2,有,無,7170000,41447,坡道平面,31.4,1050000,,RPPSMLLJMHJFFBB37CB
北屯區,房地(土地+建物)+車位,太順段1~30地號,21.35,住,,,1020421,土地1建物1車位2,八層,13,住宅大樓(11層含以上有電梯),住家用,鋼筋混凝土造,,221.73,4,2,2,有,無,8350000,39011,坡道平面,62.8,2150000,,RPQSMLLJMHJFFBB47CB
北屯區,房地(土地+建物)+車位,太順段1~30地號,19.85,住,,,1020416,土地1建物1車位1,八層,13,住宅大樓(11層含以上有電梯),住家用,鋼筋混凝土造,,179.22,3,2,2,有,無,7070000,40725,坡道平面,31.4,1050000,,RPRSMLLJMHJFFBB57CB
北屯區,房地(土地+建物)+車位,太順段1~30地號,21.35,住,,,1020414,土地1建物1車位1,九層,13,住宅大樓(11層含以上有電梯),住家用,鋼筋混凝土造,,190.33,4,2,2,有,無,7500000,41213,坡道平面,31.4,950000,,RPSSMLLJMHJFFBB67CB
北屯區,房地(土地+建物)+車位,太順段1~30地號,19.85,住,,,1020419,土地1建物1車位1,九層,13,住宅大樓(11層含以上有電梯),住家用,鋼筋混凝土造,,179.22,3,2,2,有,無,6810000,38966,坡道平面,31.4,1050000,,RPTSMLLJMHJFFBB77CB
北屯區,房地(土地+建物)+車位,太順段1~30地號,19.83,住,,,1020412,土地1建物1車位1,九層,13,住宅大樓(11層含以上有電梯),住家用,鋼筋混凝土造,,177.41,3,2,2,有,無,7260000,42733,坡道平面,29.75,950000,,RPUSMLLJMHJFFBB87CB
北屯區,房地(土地+建物)+車位,太順段1~30地號,21.35,住,,,1020416,土地1建物1車位2,九層,13,住宅大樓(11層含以上有電梯),住家用,鋼筋混凝土造,,220.08,4,2,2,有,無,8240000,40521,坡道平面,61.15,1800000,,RPVSMLLJMHJFFBB97CB
北屯區,房地(土地+建物)+車位,太順段1~30地號,19.85,住,,,1020419,土地1建物1車位1,九層,13,住宅大樓(11層含以上有電梯),住家用,鋼筋混凝土造,,179.22,3,2,2,有,無,6890000,38493,坡道平面,31.4,1200000,,RPWSMLLJMHJFFBB08CB
北屯區,房地(土地+建物)+車位,太順段1~30地號,21.35,住,,,1020411,土地1建物1車位1,十層,13,住宅大樓(11層含以上有電梯),住家用,鋼筋混凝土造,,188.68,4,2,2,有,無,8000000,43415,坡道平面,29.75,1100000,,RPXSMLLJMHJFFBB18CB
北屯區,房地(土地+建物)+車位,太順段1~30地號,19.85,住,,,1020419,土地1建物1車位1,十層,13,住宅大樓(11層含以上有電梯),住家用,鋼筋混凝土造,,179.22,3,2,2,有,無,6890000,39508,坡道平面,31.4,1050000,,RPOTMLLJMHJFFBB37CB
北屯區,房地(土地+建物)+車位,太順段1~30地號,19.83,住,,,1020405,土地1建物1車位1,十層,13,住宅大樓(11層含以上有電梯),住家用,鋼筋混凝土造,,179.06,3,2,2,有,無,7320000,42462,坡道平面,31.4,1050000,,RPPTMLLJMHJFFBB47CB
北屯區,房地(土地+建物)+車位,太順段1~30地號,19.85,住,,,1020419,土地1建物1車位1,十層,13,住宅大樓(11層含以上有電梯),住家用,鋼筋混凝土造,,179.22,3,2,2,有,無,6890000,39508,坡道平面,31.4,1050000,,RPQTMLLJMHJFFBB57CB
北屯區,房地(土地+建物)+車位,太順段1~30地號,21.35,住,,,1020409,土地1建物1車位1,十一層,13,住宅大樓(11層含以上有電梯),住家用,鋼筋混凝土造,,190.33,4,2,2,有,無,7900000,43101,坡道平面,31.4,1050000,,RPRTMLLJMHJFFBB67CB
北屯區,房地(土地+建物)+車位,太順段1~30地號,21.37,住,,,1020416,土地1建物1車位2,十一層,13,住宅大樓(11層含以上有電梯),住家用,鋼筋混凝土造,,220.19,4,2,2,有,無,8730000,40430,坡道平面,61.15,2300000,,RPSTMLLJMHJFFBB77CB
北屯區,房地(土地+建物)+車位,太順段1~30地號,19.85,住,,,1020417,土地1建物1車位1,十一層,13,住宅大樓(11層含以上有電梯),住家用,鋼筋混凝土造,,179.22,3,2,2,有,無,7200000,42281,坡道平面,31.4,950000,,RPUTMLLJMHJFFBB97CB
北屯區,房地(土地+建物)+車位,太順段1~30地號,19.83,住,,,1020419,土地1建物1車位1,十一層,13,住宅大樓(11層含以上有電梯),住家用,鋼筋混凝土造,,179.06,3,2,2,有,無,7290000,42936,坡道平面,31.4,950000,,RPVTMLLJMHJFFBB08CB
北屯區,房地(土地+建物)+車位,太順段1~30地號,21.35,住,,,1020405,土地1建物1車位2,十一層,13,住宅大樓(11層含以上有電梯),住家用,鋼筋混凝土造,,221.73,4,2,2,有,無,8990000,42094,坡道平面,62.8,2300000,,RPWTMLLJMHJFFBB18CB
北屯區,房地(土地+建物)+車位,太順段1~30地號,21.37,住,,,1020407,土地1建物1車位1,十一層,13,住宅大樓(11層含以上有電梯),住家用,鋼筋混凝土造,,190.44,4,2,2,有,無,7340000,40179,坡道平面,31.4,950000,,RPXTMLLJMHJFFBB28CB
北屯區,房地(土地+建物)+車位,太順段1~30地號,19.85,住,,,1020406,土地1建物1車位1,十一層,13,住宅大樓(11層含以上有電梯),住家用,鋼筋混凝土造,,177.57,3,2,2,有,無,7220000,43093,坡道平面,29.75,850000,,RPOUMLLJMHJFFBB47CB
北屯區,房地(土地+建物)+車位,太順段1~30地號,19.83,住,,,1020406,土地1建物1車位1,十一層,13,住宅大樓(11層含以上有電梯),住家用,鋼筋混凝土造,,179.06,3,2,2,有,無,7370000,43478,坡道平面,31.4,950000,,RPPUMLLJMHJFFBB57CB
北屯區,房地(土地+建物)+車位,太順段1~30地號,21.35,住,,,1020416,土地1建物1車位2,十二層,13,住宅大樓(11層含以上有電梯),住家用,鋼筋混凝土造,,221.73,4,2,2,有,無,9020000,41654,坡道平面,62.8,2400000,,RPQUMLLJMHJFFBB67CB
北屯區,房地(土地+建物)+車位,太順段1~30地號,21.37,住,,,1020420,土地1建物1車位1,十二層,13,住宅大樓(11層含以上有電梯),住家用,鋼筋混凝土造,,190.44,4,2,2,有,無,7590000,41122,坡道平面,31.4,1050000,,RPRUMLLJMHJFFBB77CB
北屯區,房地(土地+建物)+車位,太順段1~30地號,19.85,住,,,1020409,土地1建物1車位1,十二層,13,住宅大樓(11層含以上有電梯),住家用,鋼筋混凝土造,,177.57,3,2,2,有,無,7230000,43161,坡道平面,29.75,850000,,RPSUMLLJMHJFFBB87CB
北屯區,房地(土地+建物)+車位,太順段1~30地號,19.83,住,,,1020406,土地1建物1車位2,十二層,13,住宅大樓(11層含以上有電梯),住家用,鋼筋混凝土造,,208.81,3,2,2,有,無,8380000,43207,坡道平面,61.15,2000000,,RPTUMLLJMHJFFBB97CB
北屯區,房地(土地+建物)+車位,太順段1~30地號,21.37,住,,,1020404,土地1建物1車位1,十二層,13,住宅大樓(11層含以上有電梯),住家用,鋼筋混凝土造,,190.44,4,2,2,有,無,7440000,40807,坡道平面,31.4,950000,,RPUUMLLJMHJFFBB08CB
北屯區,房地(土地+建物)+車位,太順段1~30地號,19.85,住,,,1020412,土地1建物1車位1,十二層,13,住宅大樓(11層含以上有電梯),住家用,鋼筋混凝土造,,179.22,3,2,2,有,無,7270000,42078,坡道平面,31.4,1050000,,RPVUMLLJMHJFFBB18CB
北屯區,房地(土地+建物)+車位,太順段1~30地號,19.83,住,,,1020404,土地1建物1車位1,十二層,13,住宅大樓(11層含以上有電梯),住家用,鋼筋混凝土造,,179.06,3,2,2,有,無,7480000,43546,坡道平面,31.4,1050000,,RPWUMLLJMHJFFBB28CB
北屯區,房地(土地+建物)+車位,太順段1~30地號,21.35,住,,,1020420,土地1建物1車位2,十三層,13,住宅大樓(11層含以上有電梯),住家用,鋼筋混凝土造,,220.08,4,2,2,有,無,8840000,42094,坡道平面,61.15,2150000,,RPXUMLLJMHJFFBB38CB
北屯區,房地(土地+建物)+車位,太順段1~30地號,21.37,住,,,1020409,土地1建物1車位1,十三層,13,住宅大樓(11層含以上有電梯),住家用,鋼筋混凝土造,,190.44,4,2,2,有,無,8030000,42945,坡道平面,31.4,1200000,,RPOVMLLJMHJFFBB57CB
北屯區,房地(土地+建物)+車位,太順段1~30地號,19.85,住,,,1020410,土地1建物1車位1,十三層,13,住宅大樓(11層含以上有電梯),住家用,鋼筋混凝土造,,179.22,3,2,2,有,無,7280000,42822,坡道平面,31.4,950000,,RPPVMLLJMHJFFBB67CB
北屯區,房地(土地+建物)+車位,太順段1~30地號,19.83,住,,,1020419,土地1建物1車位1,十三層,13,住宅大樓(11層含以上有電梯),住家用,鋼筋混凝土造,,179.06,3,2,2,有,無,7500000,43681,坡道平面,31.4,1050000,,RPQVMLLJMHJFFBB77CB
北屯區,房地(土地+建物)+車位,太順段1~30地號,21.35,住,,,1020404,土地1建物1車位1,十三層,13,住宅大樓(11層含以上有電梯),住家用,鋼筋混凝土造,,190.33,4,2,2,有,無,8290000,44611,坡道平面,31.4,1200000,,RPRVMLLJMHJFFBB87CB
北屯區,房地(土地+建物)+車位,太順段1~30地號,21.37,住,,,1020417,土地1建物1車位1,十三層,13,住宅大樓(11層含以上有電梯),住家用,鋼筋混凝土造,,190.44,4,2,2,有,無,7820000,42568,坡道平面,31.4,1050000,,RPSVMLLJMHJFFBB97CB
北屯區,房地(土地+建物)+車位,太順段1~30地號,19.85,住,,,1020417,土地1建物1車位1,十三層,13,住宅大樓(11層含以上有電梯),住家用,鋼筋混凝土造,,179.22,3,2,2,有,無,7210000,42349,坡道平面,31.4,950000,,RPTVMLLJMHJFFBB08CB
北屯區,房地(土地+建物)+車位,太順段1~30地號,19.83,住,,,1020420,土地1建物1車位1,十三層,13,住宅大樓(11層含以上有電梯),住家用,鋼筋混凝土造,,179.06,3,2,2,有,無,7580000,43207,坡道平面,31.4,1200000,,RPUVMLLJMHJFFBB18CB
北屯區,房地(土地+建物)+車位,太順段1~30地號,23.32,住,,,1020410,土地1建物1車位4,一層,13,住宅大樓(11層含以上有電梯),住商用,鋼筋混凝土造,,298.86,0,0,0,無,無,16020000,68798,坡道平面,125.6,4100000,1樓店鋪-店1,RPVVMLLJMHJFFBB28CB
北屯區,房地(土地+建物)+車位,太順段1~30地號,23.3,住,,,1020406,土地1建物1車位2,一層,13,住宅大樓(11層含以上有電梯),住商用,鋼筋混凝土造,,236.05,0,0,0,無,無,14350000,71861,坡道平面,62.8,1900000,1樓店鋪-店2,RPWVMLLJMHJFFBB38CB
太平區,房地(土地+建物)+車位,育賢段151~180地號,39.86,商,,,1020313,土地1建物1車位1,一層,14,住宅大樓(11層含以上有電梯),商業用,鋼筋混凝土造,,176.93,0,0,0,無,無,13500000,83361,坡道平面,28.18,1100000,,RPPNMLSKMHJFFHL66CB
