﻿編號,屋齡,建物移轉面積平方公尺,主要用途,主要建材,建築完成日期,總層數,建物分層
The serial number,room age,building shifting area square meter,the main use,main building materials,construction completes the date,total layer,building lamination
RPPOMLPJKHJFFDE77CC,13,53.62,住家用,鋼筋混凝土造,90年3月8日,十三層,
RPPOMLPJKHJFFDE77CC,13,23.62,見使用執照,鋼筋混凝土造,90年3月8日,十三層,
RPQOMLPJKHJFFEE97CC,20,89.48,住家用,鋼筋混凝土造,82年12月31日,二十層,
RPQOMLPJKHJFFEE97CC,20,28.79,見使用執照,鋼筋混凝土造,82年12月31日,二十層,
RPPOMLPJKHJFFAE47CC,1,212.91,住家用,鋼筋混凝土造,102年6月4日,十五層,
RPTOMLPJKHJFFAE87CC,10,138.85,住家用,鋼筋混凝土造,93年2月24日,十四層,
RPSNMLPJKHJFFAE67CC,22,356.97,商業用,鋼筋混凝土造,81年1月20日,十二層,
RPXQMLPJKHJFFGE09CC,2,95.89,見其他登記事項,見其他登記事項,101年6月1日,十五層,
RPXQMLPJKHJFFGE09CC,2,67.27,共有部份,見其他登記事項,101年6月1日,十五層,
RPPOMLPJKHJFFIE28CC,18,62.69,住家用,鋼筋混凝土造,84年8月17日,十層,
RPVOMLQJKHJFFGE88DC,25,109.86,住家用,鋼筋混凝土造,78年4月20日,五層,
RPQOMLQJKHJFFCE87CC,8,110.60,住家用,鋼筋混凝土造,94年10月28日,十層,
RPPNMLRJKHJFFDE87CC,23,165.08,,鋼筋混凝土造,79年9月27日,十七層,
RPPNMLRJKHJFFDE87CC,23,5.16,,鋼筋混凝土造,79年9月27日,十八層,
RPUNMLRJKHJFFAE08CC,28,24.30,,鋼筋混凝土造,75年2月17日,十六層,
RPPNMLSJKHJFFAE67CC,9,86.89,住家用,鋼筋混凝土造,94年4月21日,十五層,
RPPNMLSJKHJFFAE67CC,9,36.61,共有部分,鋼筋混凝土造,94年4月21日,十五層,
RPRNMLSJKHJFFEE28CC,14,205.67,住家用,見其他登記事項,88年12月27日,二十八層,
RPRNMLSJKHJFFEE28CC,14,122.21,見使用執照,見使用執照,88年12月27日,二十八層,
RPSNMLKKKHJFFAE27CC,45,90.02,,加強磚造,57年10月2日,二層,
RPVNMLRJKHJFFBE28CC,33,189.71,住商用,鋼筋混凝土造,69年9月12日,四層,
RPWNMLRJKHJFFBE38CC,38,310.92,,鋼筋混凝土造,64年9月25日,四層,
RPUNMLKKKHJFFAE47CC,8,97.30,住家用,鋼筋混凝土造,95年6月26日,十五層,
RPUNMLKKKHJFFAE47CC,8,70.93,共有部份,鋼筋混凝土造,95年6月26日,十五層,
RPPNMLLKKHJFFBE17CC,23,254.58,,鋼筋混凝土造,80年1月24日,十二層,
RPRNMLLKKHJFFBE37CC,17,120.60,住家用,鋼筋混凝土造,86年4月21日,三十五層,
RPWNMLKKKHJFFEE18DC,8,182.52,住商用,鋼筋混凝土造,94年11月28日,五層,
RPVNMLLKKHJFFBE77CC,34,149.57,,鋼筋混凝土造,68年10月18日,十一層,
RPVNMLLKKHJFFBE77CC,34,54.88,,鋼筋混凝土造,68年10月18日,十一層,
RPVNMLLKKHJFFBE77CC,34,74.58,,鋼筋混凝土造,68年10月18日,十一層,
RPVNMLLKKHJFFBE77CC,34,154.22,,鋼筋混凝土造,68年10月18日,十一層,
RPVNMLLKKHJFFBE77CC,34,115.49,,鋼筋混凝土造,68年10月18日,十一層,
RPUNMLKKKHJFFBE57CC,34,121.60,,鋼筋混凝土造,69年4月2日,十二層,
RPQNMLSJKHJFFBE87CC,33,36.98,,鋼筋混凝土造,69年11月25日,十二層,
RPXNMLMKKHJFFEE38CC,21,165.29,見使用執照,鋼筋混凝土造,81年11月11日,二十四層,
RPTNMLKKKHJFFDE67CC,20,158.07,住家用,鋼筋混凝土造,82年12月11日,六層,
RPSOMLLKKHJFFDE77CC,6,309.10,住商用,鋼筋混凝土造,96年9月19日,五層,
RPSNMLLKKHJFFDE67CC,29,333.12,,鋼筋混凝土造,74年3月8日,五層,
RPRNMLKKKHJFFDE47CC,30,96.87,,鋼筋混凝土造,73年7月31日,五層,
RPUNMLLKKHJFFDE87CC,5,93.80,住家用,鋼筋混凝土造,98年4月30日,十五層,
RPUNMLLKKHJFFDE87CC,5,61.49,見其他登記事項,鋼筋混凝土造,98年4月30日,十五層,
RPRQMLNKKHJFFGE38CC,4,150.55,見其他登記事項,鋼筋混凝土造,99年1月10日,十五層,
RPTOMLNKKHJFFBE87CC,17,145.45,住家用,鋼筋混凝土造,86年4月21日,三十五層,
RPOOMLLKKHJFFEE47CC,7,175.98,住家用,鋼筋混凝土造,96年5月24日,十五層,
RPQQMLLKKHJFFEE87CC,8,336.06,住商用,鋼筋混凝土造,95年4月21日,五層,
RPROMLNKKHJFFAE57CC,26,174.35,,鋼筋混凝土造,77年4月29日,十二層,
RPPOMLOKKHJFFAE47CC,8,160.26,住家用,鋼筋混凝土造,95年2月20日,十五層,
RPRQMLOKKHJFFEE28CC,16,139.27,住家用,鋼筋混凝土造,87年7月21日,十三層,
RPRQMLOKKHJFFEE28CC,16,52.64,見使用執照,鋼筋混凝土造,87年7月21日,十三層,
RPPNMLRKKHJFFGE28CC,18,42.84,住家用,鋼筋混凝土造,85年5月15日,二十層,
RPPNMLRKKHJFFGE28CC,18,6.72,住家用,鋼筋混凝土造,85年5月15日,二十層,
RPPNMLRKKHJFFGE28CC,18,6.72,住家用,鋼筋混凝土造,85年5月15日,二十層,
RPTPMLRKKHJFFGE88CC,21,103.92,住家用,鋼筋混凝土造,81年11月10日,十三層,
RPRPMLRKKHJFFGE68CC,40,143.60,住商用,加強磚造,63年5月24日,三層,
RPQPMLRKKHJFFGE58CC,40,143.60,住商用,加強磚造,63年5月24日,三層,
RPPPMLRKKHJFFGE48CC,35,62.07,住家用,鋼筋混凝土造,68年7月7日,五層,
RPXNMLMKKHJFFFE48CC,7,232.77,住商用,鋼筋混凝土造,96年2月2日,四層,
RPWNMLMKKHJFFFE38CC,7,232.77,住商用,鋼筋混凝土造,96年2月2日,四層,
RPQNMLSKKHJFFBE97CC,27,126.40,,鋼筋混凝土造,75年10月23日,七層,
RPTNMLSKKHJFFBE28CC,32,218.45,,鋼筋混凝土造,70年9月11日,十二層,
RPTNMLSKKHJFFBE28CC,32,198.32,,鋼筋混凝土造,70年9月11日,十二層,
RPTNMLSKKHJFFBE28CC,32,116.76,,鋼筋混凝土造,70年9月11日,十二層,
RPTNMLSKKHJFFBE28CC,32,269.75,,鋼筋混凝土造,70年9月11日,十二層,
RPRNMLLKKHJFFCE47CC,16,54.75,住商用,鋼筋混凝土造,87年3月30日,九層,
RPRNMLLKKHJFFCE47CC,16,12.17,共有部份,鋼筋混凝土造,87年3月30日,九層,
RPVNMLLKKHJFFCE87CC,8,88.33,住家用,鋼筋混凝土造,94年12月28日,十五層,
RPVNMLLKKHJFFCE87CC,8,66.08,共有部份,鋼筋混凝土造,94年12月28日,十五層,
RPUNMLRKKHJFFBE28CC,26,399.09,,鋼筋混凝土造,77年5月2日,五層,
RPUNMLSKKHJFFDE58CC,35,250.45,,鋼筋混凝土造,68年5月14日,四層,
RPROMLRKKHJFFCE18CC,25,97.58,住家用,鋼筋混凝土造,77年9月23日,五層,
RPWNMLSKKHJFFDE78CC,8,16.14,商業用,鋼筋混凝土造,95年7月26日,十層,
RPOOMLSKKHJFFDE08CC,20,133.38,住家用,鋼筋混凝土造,82年10月16日,四層,
RPXOMLSKKHJFFDE98CC,19,1397.84,住商用,鋼筋混凝土造,84年5月9日,二十一層,
RPXOMLSKKHJFFDE98CC,19,34.72,見使用執照,鋼筋混凝土造,84年5月9日,二十一層,
RPTOMLSKKHJFFEE68CC,8,179.91,見使用執照,鋼筋混凝土造,94年12月20日,四層,
RPUNMLRKKHJFFAE18CC,23,169.57,住家用,鋼筋混凝土造,79年8月16日,十二層,
RPPPMLRKKHJFFAE87CC,7,85.50,住家用,鋼筋混凝土造,95年8月23日,十五層,
RPPPMLRKKHJFFAE87CC,7,31.45,共有部分,鋼筋混凝土造,95年8月23日,十五層,
RPUNMLSKKHJFFCE48CC,15,27.30,住家用,見其它登記事項,88年2月9日,三十九層,
RPUNMLSKKHJFFCE48CC,15,12.98,共有部份,見其它登記事項,88年2月9日,三十九層,
RPTPMLSKKHJFFCE58CC,4,108.64,住家用,鋼筋混凝土造,98年9月28日,五層,
RPTPMLSKKHJFFCE58CC,4,21.10,見其它登記事項,鋼筋混凝土造,98年9月28日,五層,
RPPNMLTKKHJFFFE38CC,33,289.05,住家用,鋼筋混凝土造,69年11月6日,三層,
RPSOMLTKKHJFFGE88CC,30,78.59,住家用,鋼筋混凝土造,73年3月6日,五層,
RPTOMLTKKHJFFEE78CC,34,163.41,,鋼筋混凝土造,69年5月13日,三層,
RPQNMLTKKHJFFEE38CC,20,383.11,住商用,鋼筋混凝土造,83年3月21日,五層,
RPQPMLTKKHJFFEE58CC,17,71.99,住家用,鋼筋混凝土造,85年9月21日,二十層,
RPROMLTKKHJFFDE48CC,20,124.26,商業用,鋼筋混凝土造,83年5月23日,十八層,
RPXNMLTKKHJFFAE68CC,84,134.71,,磚造,19年6月16日,二層,
RPPNMLSKKHJFFAE77CC,85,160.45,住商用,加強磚造,17年11月5日,二層,
RPRNMLSKKHJFFAE97CC,2,58.49,住家用,鋼筋混凝土造,101年7月10日,十五層,
RPRNMLSKKHJFFAE97CC,2,33.25,見其它登記事項,鋼筋混凝土造,101年7月10日,十五層,
RPVNMLKLKHJFFBE77CC,17,120.66,住家用,鋼筋混凝土造,86年4月21日,三十五層,
RPUNMLKLKHJFFBE67CC,17,94.55,住家用,鋼筋混凝土造,86年4月21日,三十五層,
RPSNMLTKKHJFFBE28CC,18,23.38,住家用,鋼筋混凝土造,85年6月3日,十三層,
RPSNMLTKKHJFFBE28CC,18,10.19,見使用執照,鋼筋混凝土造,85年6月3日,十三層,
RPTNMLTKKHJFFBE38CC,36,53.84,,鋼筋混凝土造,66年11月18日,四層,
RPTNMLKLKHJFFAE47CC,7,269.49,住商用,鋼筋混凝土造,96年7月20日,五層,
RPVOMLLLKHJFFGE48CC,23,339.09,住商用,鋼筋混凝土造,79年11月16日,五層,
RPWNMLLLKHJFFBE97CC,33,89.11,,鋼筋混凝土造,70年8月15日,十二層,
RPRPMLKLKHJFFEE87CC,17,171.15,住商用,鋼筋混凝土造,85年8月30日,二十二層,
RPRPMLKLKHJFFEE87CC,17,33.89,見使用執照,鋼筋混凝土造,85年8月30日,二十二層,
RPPPMLKLKHJFFEE67CC,1,96.87,商業用,鋼筋混凝土造,102年8月8日,十五層,
RPPPMLKLKHJFFEE67CC,1,29.93,見其它登記事項,鋼筋混凝土造,102年8月8日,十五層,
RPTNMLOLKHJFFBE97CC,32,327.12,,鋼筋混凝土造,71年2月27日,五層,
RPOPMLLLKHJFFEE67CC,3,124.91,住家用,鋼筋混凝土造,99年11月24日,十四層,
RPOPMLLLKHJFFEE67CC,3,81.69,見其它登記事項,鋼筋混凝土造,99年11月24日,十四層,
RPTNMLTKKHJFFCE48CC,39,176.13,,鋼筋混凝土造,64年8月9日,三層,
RPVOMLOLKHJFFGE88DC,19,96.39,住家用,鋼筋混凝土造,83年8月27日,二十三層,
RPQOMLLLKHJFFCE57CC,15,146.31,住家用,見其它登記事項,88年2月9日,三十九層,
RPOOMLTKKHJFFCE08CC,15,23.84,住家用,見其它登記事項,88年2月9日,三十九層,
RPOOMLTKKHJFFCE08CC,15,3.08,住家用,見其它登記事項,88年2月9日,三十九層,
RPOOMLTKKHJFFCE08CC,15,12.98,住家用,見其它登記事項,88年2月9日,三十九層,
RPSNMLOLKHJFFCE97CC,42,74.00,住家用,加強磚造,61年5月10日,二層,
RPVOMLOLKHJFFIE98CC,15,192.92,見其他登記事項,鋼筋混凝土造,88年3月24日,十三層,
RPRNMLQLKHJFFBE97CC,17,142.15,住家用,鋼筋混凝土造,86年4月21日,三十五層,
RPOOMLPLKHJFFGE18CC,30,93.11,見使用執照,鋼筋混凝土造,73年3月25日,五層,
RPPOMLPLKHJFFGE28CC,32,279.91,住商用,鋼筋混凝土造,70年11月10日,五層,
RPSNMLQLKHJFFBE08CC,17,165.29,住商用,鋼筋混凝土造,86年4月21日,三十五層,
RPOOMLPLKHJFFDE87CC,35,119.39,,鋼筋混凝土造,68年6月26日,五層,
RPSOMLOLKHJFFDE28DC,42,107.86,,加強磚造,60年8月21日,二層,
RPSNMLOLKHJFFDE08CC,23,80.00,,鋼筋混凝土造,79年9月13日,十二層,
RPXNMLPLKHJFFDE78DC,42,107.86,,加強磚造,60年8月21日,二層,
RPTOMLLLKHJFFDE97CC,13,96.97,住商用,鋼筋混凝土造,89年10月9日,二十八層,
RPTOMLLLKHJFFDE97CC,13,34.27,見使用執照,鋼筋混凝土造,89年10月9日,二十八層,
RPRPMLQLKHJFFGE68CC,19,239.04,住商用,鋼筋混凝土造,83年8月27日,二十三層,
RPRPMLQLKHJFFGE68CC,19,20.51,共有部份,鋼筋混凝土造,83年8月27日,二十三層,
RPSNMLQLKHJFFEE38CC,2,295.49,商業用,鋼筋混凝土造,101年5月30日,十五層,
RPSNMLQLKHJFFEE38CC,2,21.78,見其它登記事項,鋼筋混凝土造,101年5月30日,十五層,
RPQNMLRLKHJFFGE48CC,13,52.62,見其他登記事項,鋼筋混凝土造,90年6月22日,十二層,
RPQNMLRLKHJFFGE48CC,13,3.39,見其他登記事項,鋼筋混凝土造,90年6月22日,十二層,
RPQNMLRLKHJFFGE48CC,13,18.66,見其他登記事項,鋼筋混凝土造,90年6月22日,十二層,
RPTNMLPLKHJFFLE09CC,42,108.31,住商用,加強磚造,61年7月6日,二層,
RPPOMLPLKHJFFDE97CC,35,115.93,,鋼筋混凝土造,68年6月26日,五層,
RPQOMLRLKHJFFBE08CC,22,230.70,商業用,鋼筋混凝土造,80年12月19日,十八層,
RPVOMLRLKHJFFBE58CC,48,251.30,,加強磚造,54年11月26日,二層,
RPPOMLRLKHJFFDE18CC,23,125.70,,鋼筋混凝土造,80年3月1日,十二層,
RPWPMLQLKHJFFGE56CC,24,180.45,住家用,鋼筋混凝土造,79年7月27日,十二層,
RPVOMLRLKHJFFEE88CC,15,183.15,住商用,鋼筋混凝土造,87年8月19日,十四層,
RPSPMLRLKHJFFEE68CC,38,47.26,,加強磚造,64年10月2日,四層,
RPUPMLRLKHJFFEE88CC,16,92.73,住商用,鋼筋混凝土造,87年7月24日,九層,
RPUPMLRLKHJFFEE88CC,16,19.74,見使用執照,鋼筋混凝土造,87年7月24日,九層,
RPVQMLRLKHJFFEE09CC,17,167.48,商業用,鋼筋混凝土造,86年1月22日,十九層,
RPVQMLRLKHJFFEE09CC,17,36.71,見使用執照,鋼筋混凝土造,86年1月22日,十九層,
RPPNMLRLKHJFFAE77CC,7,142.40,住家用,鋼筋混凝土造,95年11月1日,十五層,
RPTOMLRLKHJFFAE28CC,7,133.73,住家用,鋼筋混凝土造,95年8月16日,十五層,
RPTOMLRLKHJFFAE28CC,7,56.85,共有部分,鋼筋混凝土造,95年8月16日,十五層,
RPRNMLSLKHJFFAE08CC,31,106.65,,鋼筋混凝土造,72年3月18日,五層,
RPQNMLSLKHJFFGE58CC,6,172.63,見其他登記事項,見其他登記事項,97年6月18日,一層,
RPQNMLSLKHJFFGE58CC,6,172.63,見其他登記事項,見其他登記事項,97年6月18日,一層,
RPRNMLLJLHJFFAE27CC,6,92.33,住家用,鋼筋混凝土造,97年4月25日,十五層,
RPSNMLRLKHJFFFE58CC,8,181.58,住家用,鋼筋混凝土造,95年3月6日,十四層,
RPVOMLRLKHJFFFE98CC,18,127.64,住家用,鋼筋混凝土造,85年2月20日,十六層,
RPSNMLLJLHJFFAE37CC,1,83.64,住家用,鋼筋混凝土造,102年5月27日,十五層,
RPWOMLNJLHJFFGE68CC,13,530.06,見使用執照,鋼筋混凝土造,89年12月16日,四層,
RPOOMLNJLHJFFFE77CC,2,242.24,見其他登記事項,見其他登記事項,101年3月29日,一層,
RPPOMLNJLHJFFFE87CC,2,242.24,見其他登記事項,見其他登記事項,101年3月29日,一層,
RPQNMLLJLHJFFCE37CC,6,349.32,住家用,鋼筋混凝土造,97年3月7日,二十九層,
RPWOMLNJLHJFFDE38CC,18,114.00,住家用,鋼筋混凝土造,84年12月22日,十層,
RPXOMLNJLHJFFDE48CC,13,104.80,商業用,見使用執照,89年9月21日,一層,
RPQNMLSLKHJFFDE28CC,16,102.03,住商用,鋼筋混凝土造,86年9月27日,九層,
RPROMLOJLHJFFDE08DC,16,156.26,住商用,鋼筋混凝土造,86年10月3日,九層,
RPRNMLOJLHJFFGE18CC,41,40.76,住商用,加強磚造,61年12月30日,三層,
RPRNMLOJLHJFFGE18CC,41,54.80,住商用,加強磚造,61年12月30日,三層,
RPRNMLOJLHJFFGE18CC,41,54.80,住商用,加強磚造,61年12月30日,三層,
RPRNMLOJLHJFFGE18CC,41,14.04,住商用,加強磚造,61年12月30日,三層,
RPPPMLPJLHJFFBE77CC,43,176.82,,加強磚造,59年11月27日,三層,
RPRNMLOJLHJFFBE67CC,7,149.66,住家用,鋼筋混凝土造,96年8月13日,十五層,
RPRNMLOJLHJFFBE67CC,7,53.93,,鋼筋混凝土造,96年8月13日,十五層,
RPPQMLOJLHJFFEE08CC,21,165.28,見使用執照,鋼筋混凝土造,81年11月11日,二十四層,
RPSNMLOJLHJFFAE67CC,28,36.00,,鋼筋混凝土造,75年2月17日,十六層,
RPXNMLOJLHJFFAE18CC,24,235.14,商業用,鋼筋混凝土造,79年2月16日,十二層,
RPUOMLPJLHJFFGE68CC,33,78.66,住家用,鋼筋混凝土造,70年7月18日,五層,
RPRQMLPJLHJFFEE38CC,15,158.72,住商用,鋼筋混凝土造,88年7月3日,二十二層,
RPRQMLPJLHJFFEE38CC,15,161.84,住商用,見其它登記事項,88年7月3日,二十二層,
RPSNMLPJLHJFFDE08CC,20,269.11,工業用,鋼筋混凝土造,83年2月8日,十三層,
RPSNMLPJLHJFFDE08CC,20,67.45,見使用執照,鋼筋混凝土造,83年2月8日,十三層,
RPSNMLQJLHJFFGE48CC,9,157.43,見其他登記事項,見其他登記事項,94年2月18日,四層,
RPVOMLQJLHJFFGE88CC,11,252.80,見其他登記事項,見其他登記事項,91年10月14日,一層,
RPVNMLPJLHJFFFE58CC,8,362.65,住商用,鋼筋混凝土造,95年3月6日,十三層,
RPXNMLQJLHJFFFE98DC,17,221.51,住商用,鋼筋混凝土造,86年5月1日,五層,
RPTNMLQJLHJFFCE18CC,37,101.92,,鋼筋混凝土造,66年6月23日,五層,
RPWNMLQJLHJFFCE48CC,8,87.17,住家用,見其它登記事項,95年2月27日,九層,
RPXNMLQJLHJFFBE48CC,17,122.31,住家用,鋼筋混凝土造,86年4月21日,三十五層,
RPWOMLQJLHJFFDE68CC,47,83.07,住家用,加強磚造,56年5月22日,二層,
RPVOMLPJLHJFFDE48CC,33,109.57,,鋼筋混凝土造,70年4月24日,五層,
RPPOMLQJLHJFFEE08CC,25,155.04,住商用,鋼筋混凝土造,77年12月29日,四層,
RPXOMLPJLHJFFDE68CC,21,107.20,住商用,鋼筋混凝土造,82年6月19日,九層,
RPRPMLPJLHJFFDE28DC,34,29.03,,鋼筋混凝土造,69年6月5日,十層,
RPUNMLPJLHJFFDE28CC,19,164.52,住商用,鋼筋混凝土造,84年6月12日,八層,
RPUNMLPJLHJFFDE28CC,19,25.73,見使用執照,鋼筋混凝土造,84年6月12日,八層,
RPUQMLQJLHJFFEE78CC,2,54.70,住家用,鋼筋混凝土造,100年10月28日,十五層,
RPUQMLQJLHJFFEE78CC,2,36.57,見其它登記事項,鋼筋混凝土造,100年10月28日,十五層,
RPOOMLQJLHJFFBE67CC,17,132.23,住家用,鋼筋混凝土造,86年4月21日,三十五層,
RPPOMLQJLHJFFBE77CC,17,120.60,住家用,鋼筋混凝土造,86年4月21日,三十五層,
RPROMLRJLHJFFBE08CC,34,93.98,,鋼筋混凝土造,68年12月17日,五層,
RPVOMLRJLHJFFEE78CC,17,106.75,住家用,鋼筋混凝土造,85年11月25日,二十四層,
RPSOMLQJLHJFFBE08CC,37,45.20,,鋼筋混凝土造,65年11月24日,十層,
RPSPMLRJLHJFFEE58CC,9,51.32,住商用,見其它登記事項,93年10月8日,四層,
RPUNMLRJLHJFFAE18CC,8,194.66,住家用,鋼筋混凝土造,95年2月20日,十五層,
RPXOMLRJLHJFFGE56CC,35,213.83,住商用,鋼筋混凝土造,67年12月29日,三層,
RPVNMLRJLHJFFAE28CC,10,77.50,商業用,鋼筋混凝土造,93年5月10日,十四層,
RPVNMLRJLHJFFAE28CC,10,49.97,商業用,鋼筋混凝土造,93年5月10日,十四層,
RPVNMLRJLHJFFAE28CC,10,5.71,商業用,鋼筋混凝土造,93年5月10日,十四層,
RPVNMLRJLHJFFAE28CC,10,1.65,商業用,鋼筋混凝土造,93年5月10日,十四層,
RPVNMLRJLHJFFAE28CC,10,24.79,共有部分,鋼筋混凝土造,93年5月10日,十四層,
RPVNMLRJLHJFFAE28CC,10,28.96,共有部分,鋼筋混凝土造,93年5月10日,十四層,
RPSNMLSJLHJFFIE88CC,28,148.58,商業用,鋼筋混凝土造,75年5月18日,十四層,
RPVNMLRJLHJFFEE78DC,7,53.94,住家用,鋼筋混凝土造,96年7月16日,十五層,
RPVNMLRJLHJFFEE78DC,7,27.00,共有部分,鋼筋混凝土造,96年7月16日,十五層,
RPPNMLSJLHJFFEE18CC,8,185.66,住商用,鋼筋混凝土造,94年9月7日,三層,
RPTNMLSJLHJFFDE58DC,42,161.76,住商用,加強磚造,61年4月6日,三層,
RPSNMLRJLHJFFDE28CC,4,187.84,住商用,鋼筋混凝土造,99年4月1日,十五層,
RPSNMLRJLHJFFDE28CC,4,43.19,見其它登記事項,鋼筋混凝土造,99年4月1日,十五層,
RPXNMLRJLHJFFDE78CC,40,91.40,,加強磚造,63年2月28日,二層,
RPROMLSJLHJFFAE08CC,8,87.71,住家用,鋼筋混凝土造,95年8月23日,十五層,
RPROMLSJLHJFFAE08CC,8,32.78,共有部分,鋼筋混凝土造,95年8月23日,十五層,
RPWNMLRJLHJFFFE98DC,22,12.50,住商用,鋼筋混凝土造,81年8月20日,四層,
RPOOMLRJLHJFFFE28DC,22,25.00,住商用,鋼筋混凝土造,81年8月20日,四層,
RPUNMLKKLHJFFAE57CC,32,16.70,,鋼筋混凝土造,70年11月24日,十二層,
RPTNMLSJLHJFFBE28CC,52,165.75,住商用,加強磚造,50年12月20日,三層,
RPVNMLKKLHJFFBE77CC,10,54.76,住家用,鋼筋混凝土造,93年3月3日,十四層,
RPUNMLSJLHJFFBE38CC,17,129.59,住家用,鋼筋混凝土造,86年4月21日,三十五層,
RPXNMLKKLHJFFBE97CC,31,362.77,,鋼筋混凝土造,71年8月26日,五層,
RPXNMLKKLHJFFBE97CC,31,376.55,,鋼筋混凝土造,71年8月26日,五層,
RPQPMLKKLHJFFEE77CC,3,63.62,住家用,鋼筋混凝土造,100年6月28日,十五層,
RPQPMLKKLHJFFEE77CC,3,27.88,見其它登記事項,鋼筋混凝土造,100年6月28日,十五層,
RPVNMLMKLHJFFDE18CC,25,142.72,,鋼筋混凝土造,77年10月26日,十一層,
RPUNMLMKLHJFFBE87CC,34,27.83,,鋼筋混凝土造,68年9月15日,十二層,
RPRNMLLKLHJFFBE47CC,30,39.55,,鋼筋混凝土造,72年12月27日,十二層,
RPRNMLLKLHJFFBE47CC,30,12.16,,鋼筋混凝土造,72年12月27日,十二層,
RPXNMLMKLHJFFBE18CC,33,50.20,,鋼筋混凝土造,69年11月5日,五層,
RPPPMLMKLHJFFGE08CC,23,99.22,住家用,鋼筋混凝土造,80年3月30日,十層,
RPRNMLLKLHJFFGE97CC,21,89.98,住商用,鋼筋混凝土造,82年8月30日,八層,
RPPOMLMKLHJFFBE47CC,37,39.17,,鋼筋混凝土造,65年11月24日,十層,
RPXNMLNKLHJFFGE78CC,18,109.97,住家用,鋼筋混凝土造,85年2月15日,十二層,
RPSNMLNKLHJFFDE97CC,20,261.00,工業用,鋼筋混凝土造,83年2月8日,十三層,
RPOPMLNKLHJFFGE08CC,33,605.58,住商用,鋼筋混凝土造,69年11月3日,五層,
RPXOMLNKLHJFFGE88CC,33,605.58,住商用,鋼筋混凝土造,69年11月3日,五層,
RPTNMLNKLHJFFDE08CC,20,261.00,工業用,鋼筋混凝土造,83年2月8日,十三層,
RPXOMLNKLHJFFDE58CC,27,618.63,,鋼骨混凝土造,75年12月9日,四層,
RPXOMLNKLHJFFBE38CC,23,99.68,,鋼筋混凝土造,80年5月22日,十六層,
RPXOMLNKLHJFFBE38CC,23,32.85,,鋼筋混凝土造,80年5月22日,十六層,
RPOPMLNKLHJFFAE47CC,8,50.42,住家用,鋼筋混凝土造,95年3月3日,十五層,
RPOPMLNKLHJFFAE47CC,8,27.20,共有部分,鋼筋混凝土造,95年3月3日,十五層,
RPPQMLNKLHJFFAE67CC,5,52.04,住家用,鋼筋混凝土造,97年10月21日,十五層,
RPPQMLNKLHJFFAE67CC,5,33.26,共有部分,鋼筋混凝土造,97年10月21日,十五層,
RPUQMLMKLHJFFEE48CC,24,47.20,見其它登記事項,鋼筋混凝土造,79年3月26日,十九層,
RPXOMLMKLHJFFEE58CC,14,95.03,住家用,鋼筋混凝土造,89年5月3日,十四層,
RPTSMLNKLHJFFEE68CC,14,91.67,住商用,見其它登記事項,88年12月27日,十四層,
RPTSMLNKLHJFFEE68CC,14,18.81,見使用執照,見使用執照,88年12月27日,十四層,
RPVPMLNKLHJFFBE28CC,49,98.58,,加強磚造,54年5月10日,二層,
RPQPMLNKLHJFFBE77CC,17,78.56,住家用,鋼筋混凝土造,86年4月21日,三十五層,
RPQPMLNKLHJFFBE77CC,17,18.22,住家用,鋼筋混凝土造,86年4月21日,三十五層,
RPQPMLNKLHJFFBE77CC,17,1.28,住家用,鋼筋混凝土造,86年4月21日,三十五層,
RPQPMLNKLHJFFBE77CC,17,28.62,住家用,鋼筋混凝土造,86年4月21日,三十五層,
RPQPMLNKLHJFFBE77CC,17,14.64,住家用,鋼筋混凝土造,86年4月21日,三十五層,
RPTOMLOKLHJFFIE88DC,23,136.67,住商用,鋼筋混凝土造,80年7月5日,三層,
RPXSMLPKLHJFFGE86CC,39,102.06,住家用,加強磚造,64年9月2日,四層,
RPUPMLOKLHJFFEE58CC,20,271.52,住商用,鋼筋混凝土造,82年12月31日,二十層,
RPRNMLOKLHJFFDE97CC,15,140.83,住商用,鋼筋混凝土造,87年10月2日,十四層,
RPOOMLMKLHJFFCE47CC,33,62.76,,鋼筋混凝土造,69年12月15日,五層,
RPWNMLOKLHJFFCE38CC,15,16.54,住家用,見其它登記事項,88年2月9日,三十九層,
RPWNMLOKLHJFFCE38CC,15,32.60,住家用,見其它登記事項,88年2月9日,三十九層,
RPWNMLOKLHJFFCE38CC,15,44.20,住家用,見其它登記事項,88年2月9日,三十九層,
RPWNMLOKLHJFFCE38CC,15,52.45,住家用,見其它登記事項,88年2月9日,三十九層,
RPPOMLPKLHJFFCE87CC,18,202.55,住家用,鋼筋混凝土造,84年12月12日,二十七層,
RPOOMLOKLHJFFCE67CC,39,223.50,,加強磚造,63年11月29日,三層,
RPPNMLPKLHJFFDE87CC,32,360.43,,鋼筋混凝土造,70年9月23日,五層,
RPPNMLPKLHJFFBE67CC,55,426.21,,加強磚造,47年12月31日,三層,
RPSNMLPKLHJFFBE97CC,20,169.10,住商用,鋼筋混凝土造,82年9月22日,八層,
RPPNMLQKLHJFFDE97CC,19,143.56,住商用,鋼筋混凝土造,84年8月23日,十三層,
RPTOMLSKLHJFFGE98CC,8,202.10,見其他登記事項,見其他登記事項,95年7月25日,四層,
RPOOMLRKLHJFFEE18CC,10,192.15,住家用,見其它登記事項,93年4月20日,五層,
RPPOMLKKLHJFFCE37CC,19,170.04,住家用,鋼筋混凝土造,84年6月29日,十一層,
RPTNMLSKLHJFFFE78CC,17,68.92,見其他登記事項,鋼筋混凝土造,85年11月8日,十六層,
RPROMLKKLHJFFCE57CC,30,207.85,,鋼筋混凝土造,72年12月15日,十二層,
RPUNMLRKLHJFFIE09CC,7,163.61,見其他登記事項,見其他登記事項,96年9月6日,一層,
RPUNMLRKLHJFFIE09CC,7,163.17,見其他登記事項,見其他登記事項,96年9月6日,一層,
RPUNMLRKLHJFFIE09CC,7,169.98,見其他登記事項,見其他登記事項,96年9月6日,一層,
RPUOMLSKLHJFFGE09CC,5,43.17,見其他登記事項,見其他登記事項,98年3月30日,十四層,
RPUNMLSKLHJFFCE58CC,15,25.02,住家用,見其它登記事項,88年2月9日,三十九層,
RPUNMLSKLHJFFCE58CC,15,3.24,住家用,見其它登記事項,88年2月9日,三十九層,
RPUNMLSKLHJFFCE58CC,15,12.95,住家用,見其它登記事項,88年2月9日,三十九層,
RPUPMLSKLHJFFEE98CC,37,80.22,,鋼筋混凝土造,66年2月26日,四層,
RPRPMLSKLHJFFEE68CC,20,214.43,住家用,鋼筋混凝土造,82年11月20日,十四層,
RPRPMLSKLHJFFEE68CC,20,48.45,見使用執照,鋼筋混凝土造,82年11月20日,十四層,
RPSPMLSKLHJFFEE78CC,37,83.26,,鋼筋混凝土造,66年2月26日,四層,
RPVOMLSKLHJFFDE88CC,3,54.08,商業用,鋼筋混凝土造,100年5月27日,十五層,
RPVOMLSKLHJFFDE88CC,3,100.44,商業用,鋼筋混凝土造,100年5月27日,十五層,
RPVOMLSKLHJFFDE88CC,3,58.32,共有部分,鋼筋混凝土造,100年5月27日,十五層,
RPPOMLTKLHJFFBE18CC,41,103.14,,加強磚造,62年5月19日,三層,
RPXOMLSKLHJFFBE88CC,17,90.15,住家用,鋼筋混凝土造,86年4月21日,三十五層,
RPXOMLSKLHJFFBE88CC,17,9.28,住家用,鋼筋混凝土造,86年4月21日,三十五層,
RPXOMLSKLHJFFBE88CC,17,2.90,住家用,鋼筋混凝土造,86年4月21日,三十五層,
RPXOMLSKLHJFFBE88CC,17,33.28,住家用,鋼筋混凝土造,86年4月21日,三十五層,
RPVOMLSKLHJFFBE68CC,36,53.35,,鋼筋混凝土造,66年10月28日,九層,
RPVOMLSKLHJFFBE68CC,36,7.90,,鋼筋混凝土造,66年10月28日,九層,
RPQOMLTKLHJFFBE28CC,27,105.34,,鋼筋混凝土造,76年4月22日,七層,
RPQOMLTKLHJFFBE28CC,27,26.07,,鋼筋混凝土造,76年4月22日,七層,
RPUOMLSKLHJFFBE58CC,36,52.06,,鋼筋混凝土造,66年11月10日,五層,
RPUOMLSKLHJFFBE58CC,36,7.91,,鋼筋混凝土造,66年11月10日,五層,
RPVOMLTKLHJFFGE66CC,42,90.80,住家用,加強磚造,61年8月10日,二層,
RPOOMLSKLHJFFAE87CC,35,229.14,住商用,鋼筋混凝土造,68年3月16日,四層,
RPPPMLTKLHJFFAE18CC,18,23.14,住家用,鋼筋混凝土造,85年5月6日,十二層,
RPPPMLTKLHJFFAE18CC,18,38.65,住家用,鋼筋混凝土造,85年5月6日,十二層,
RPPPMLTKLHJFFAE18CC,18,22.90,見使用執照,鋼筋混凝土造,85年5月6日,十二層,
RPSPMLSKLHJFFAE38CC,18,30.83,住家用,鋼筋混凝土造,84年12月19日,二十層,
RPSPMLSKLHJFFAE38CC,18,9.98,住家用,鋼筋混凝土造,84年12月19日,二十層,
RPSPMLSKLHJFFAE38CC,18,4.82,住家用,鋼筋混凝土造,84年12月19日,二十層,
RPUPMLTKLHJFFAE68CC,58,197.55,,鋼筋混凝土造,44年10月1日,三層,
RPTNMLSKLHJFFAE28CC,85,160.45,住商用,加強磚造,17年11月5日,二層,
RPOPMLTKLHJFFAE08CC,1,209.33,商業用,鋼筋混凝土造,102年5月22日,二十四層,
RPWOMLTKLHJFFGE76CC,29,92.93,見其他登記事項,見其他登記事項,74年3月10日,三層,
RPXNMLKLLHJFFGE58CC,35,125.13,住家用,加強磚造,68年5月29日,三層,
RPOPMLTKLHJFFGE68CC,40,165.00,住商用,加強磚造,63年7月2日,三層,
RPUNMLKLLHJFFAE67CC,7,141.16,住家用,鋼筋混凝土造,95年11月1日,十五層,
RPUPMLKLLHJFFAE87CC,1,217.73,住商用,鋼筋混凝土造,102年8月5日,二十四層,
RPTPMLKLLHJFFEE18CC,,415.63,住商用,鋼筋混凝土造,102年11月6日,十五層,
RPTNMLKLLHJFFFE08CC,19,157.27,住家用,鋼筋混凝土造,84年4月10日,十一層,
RPWPMLKLLHJFFEE48CC,10,163.18,住家用,見其它登記事項,93年2月24日,四層,
RPXNMLTKLHJFFDE09CC,36,160.50,,鋼筋混凝土造,67年5月3日,三層,
RPSNMLTKLHJFFDE58CC,16,271.34,住商用,鋼筋混凝土造,87年6月26日,十四層,
RPSNMLKLLHJFFBE57CC,17,237.26,住家用,鋼筋混凝土造,86年4月21日,三十五層,
RPOPMLKLLHJFFBE37CC,49,38.74,,加強磚造,54年6月9日,三層,
RPSNMLLLLHJFFAE57CC,8,92.26,住家用,鋼筋混凝土造,95年1月26日,十五層,
RPVOMLTKLHJFFDE98CC,14,106.46,住商用,鋼筋混凝土造,89年8月30日,十二層,
RPXOMLLLLHJFFAE18CC,24,67.40,商業用,鋼筋混凝土造,79年2月16日,十二層,
RPVOMLTKLHJFFDE98CC,14,114.76,住商用,鋼筋混凝土造,89年8月30日,十二層,
RPPNMLLLLHJFFAE27CC,25,101.96,見使用執照,鋼筋混凝土造,78年3月22日,十二層,
RPPNMLLLLHJFFAE27CC,25,29.34,見使用執照,鋼筋混凝土造,78年3月22日,十二層,
RPPNMLLLLHJFFAE27CC,25,7.67,見使用執照,鋼筋混凝土造,78年3月22日,十二層,
RPPNMLLLLHJFFAE27CC,25,10.84,見使用執照,鋼筋混凝土造,78年3月22日,十二層,
RPRPMLLLLHJFFAE67CC,31,293.18,,鋼筋混凝土造,72年5月23日,十二層,
RPWOMLLLLHJFFEE48CC,7,261.06,住商用,鋼筋混凝土造,96年2月5日,四層,
RPRPMLLLLHJFFBE77CC,37,42.75,,鋼筋混凝土造,65年12月27日,三層,
RPTNMLLLLHJFFBE77CC,36,56.55,,鋼筋混凝土造,67年4月22日,五層,
RPWOMLLLLHJFFBE18CC,35,277.93,,鋼筋混凝土造,67年9月24日,五層,
RPUOMLLLLHJFFBE97CC,36,110.44,,鋼筋混凝土造,67年8月21日,十四層,
RPXOMLLLLHJFFBE28CC,41,319.35,,鋼筋混凝土造,62年3月21日,五層,
RPPPMLLLLHJFFBE57CC,27,98.96,,鋼筋混凝土造,76年4月22日,七層,
RPPPMLLLLHJFFBE57CC,27,24.44,,鋼筋混凝土造,76年4月22日,七層,
RPUNMLLLLHJFFCE97CC,15,46.18,住家用,見其它登記事項,88年2月9日,三十九層,
RPUNMLLLLHJFFCE97CC,15,4.88,住家用,見其它登記事項,88年2月9日,三十九層,
RPUNMLLLLHJFFCE97CC,15,23.37,住家用,見其它登記事項,88年2月9日,三十九層,
RPQNMLLLLHJFFCE57CC,15,23.33,住家用,見其它登記事項,88年2月9日,三十九層,
RPQNMLLLLHJFFCE57CC,15,3.14,住家用,見其它登記事項,88年2月9日,三十九層,
RPQNMLLLLHJFFCE57CC,15,12.95,住家用,見其它登記事項,88年2月9日,三十九層,
RPTNMLLLLHJFFCE87CC,15,46.18,住家用,見其它登記事項,88年2月9日,三十九層,
RPTNMLLLLHJFFCE87CC,15,4.88,住家用,見其它登記事項,88年2月9日,三十九層,
RPTNMLLLLHJFFCE87CC,15,23.37,住家用,見其它登記事項,88年2月9日,三十九層,
RPPNMLMLLHJFFEE77CC,20,297.03,住商用,鋼筋混凝土造,83年2月21日,五層,
RPTNMLOLLHJFFBE08CC,31,46.08,,鋼筋混凝土造,72年3月5日,十二層,
RPUNMLOLLHJFFBE18CC,24,307.61,,鋼筋混凝土造,79年9月14日,十七層,
RPUNMLOLLHJFFBE18CC,24,59.84,,鋼筋混凝土造,79年9月14日,十七層,
RPUNMLOLLHJFFBE18CC,24,91.41,,鋼筋混凝土造,79年9月14日,十七層,
RPQNMLMLLHJFFBE57CC,30,142.53,,鋼筋混凝土造,72年11月11日,五層,
RPPOMLOLLHJFFBE77CC,24,460.44,,鋼筋混凝土造,79年5月30日,十九層,
RPOOMLOLLHJFFBE67CC,34,98.29,,鋼筋混凝土造,69年2月22日,七層,
RPWNMLOLLHJFFDE68DC,48,117.60,,加強磚造,55年4月5日,二層,
RPOQMLOLLHJFFEE28DC,17,106.21,住商用,鋼筋混凝土造,85年10月30日,十二層,
RPSPMLOLLHJFFEE58DC,8,81.12,住家用,鋼筋混凝土造,95年8月16日,十五層,
RPWPMLOLLHJFFEE98DC,8,79.24,住家用,鋼筋混凝土造,95年8月16日,十五層,
RPPNMLOLLHJFFAE57CC,32,24.73,,鋼筋混凝土造,70年11月27日,十二層,
RPQNMLPLLHJFFAE77CC,16,49.77,住家用,鋼筋混凝土造,87年8月4日,十四層,
RPQNMLPLLHJFFAE77CC,16,16.21,共有部分,鋼筋混凝土造,87年8月4日,十四層,
RPSNMLQLLHJFFBE18CC,36,161.98,,鋼筋混凝土造,67年8月21日,十四層,
RPTNMLOLLHJFFAE97CC,6,377.22,住商用,鋼筋混凝土造,97年9月8日,五層,
RPTNMLQLLHJFFBE28CC,23,94.08,,鋼筋混凝土造,79年11月10日,十二層,
RPTNMLQLLHJFFBE28CC,23,20.51,,鋼筋混凝土造,79年11月10日,十二層,
RPQOMLQLLHJFFBE08CC,24,231.40,,鋼筋混凝土造,79年7月13日,十二層,
RPWOMLLLLHJFFCE28CC,37,213.12,,鋼筋混凝土造,65年12月18日,四層,
RPVNMLLLLHJFFCE08CC,15,108.82,住家用,見其它登記事項,88年2月9日,三十九層,
RPVNMLLLLHJFFCE08CC,15,17.98,住家用,見其它登記事項,88年2月9日,三十九層,
RPVNMLLLLHJFFCE08CC,15,41.55,住家用,見其它登記事項,88年2月9日,三十九層,
RPXOMLQLLHJFFBE78CC,22,177.00,商業用,鋼筋混凝土造,81年6月29日,二十五層,
RPWNMLPLLHJFFDE68CC,27,78.32,,鋼筋混凝土造,76年8月14日,五層,
RPQNMLQLLHJFFGE48CC,13,74.95,見其他登記事項,鋼筋混凝土造,90年6月22日,十二層,
RPQNMLQLLHJFFGE48CC,13,9.99,見其他登記事項,鋼筋混凝土造,90年6月22日,十二層,
RPQNMLQLLHJFFGE48CC,13,28.63,見其他登記事項,鋼筋混凝土造,90年6月22日,十二層,
RPOPMLQLLHJFFDE18CC,15,140.83,住商用,鋼筋混凝土造,87年10月2日,十四層,
RPUNMLQLLHJFFDE58CC,22,159.70,,鋼筋混凝土造,80年11月8日,十八層,
RPUNMLQLLHJFFDE58CC,22,11.11,,鋼筋混凝土造,80年11月8日,十八層,
RPUNMLQLLHJFFDE58CC,22,133.75,,鋼筋混凝土造,80年11月8日,十八層,
RPRNMLQLLHJFFAE97CC,11,348.26,住商用,鋼筋混凝土造,92年6月10日,四層,
RPRNMLQLLHJFFAE97CC,11,169.84,住商用,鋼筋混凝土造,92年6月10日,四層,
RPXNMLRLLHJFFDE98CC,26,254.58,,鋼筋混凝土造,76年11月7日,四層,
RPQQMLRLLHJFFDE58CC,17,220.60,住商用,鋼筋混凝土造,86年4月19日,十四層,
RPQOMLRLLHJFFDE38CC,16,133.73,住家用,鋼筋混凝土造,87年1月22日,十四層,
RPRQMLRLLHJFFDE68CC,35,127.56,,鋼筋混凝土造,68年2月20日,五層,
RPPNMLLLLHJFFJE28DC,44,140.20,住商用,加強磚造,59年8月1日,三層,
RPPNMLLLLHJFFJE28DC,44,167.68,住商用,加強磚造,59年9月1日,三層,
RPXOMLRLLHJFFFE76DC,19,164.97,工業用,鋼造,84年1月20日,一層,
RPVOMLRLLHJFFBE68CC,33,277.55,,鋼筋混凝土造,69年12月5日,五層,
RPTNMLSLLHJFFBE48CC,27,43.14,,鋼筋混凝土造,76年1月6日,十二層,
RPOOMLSLLHJFFDE28CC,17,34.07,住家用,鋼筋混凝土造,86年1月8日,七層,
RPPPMLSLLHJFFDE48CC,19,193.62,住商用,鋼筋混凝土造,83年11月23日,十六層,
RPPPMLSLLHJFFDE48CC,19,31.02,見使用執照,鋼筋混凝土造,83年11月23日,十六層,
RPPPMLSLLHJFFDE48CC,19,24.55,見使用執照,鋼筋混凝土造,83年11月23日,十六層,
RPROMLSLLHJFFGE88CC,23,218.71,見使用執照,鋼筋混凝土造,79年11月17日,四層,
RPVNMLSLLHJFFBE68CC,28,165.95,,鋼筋混凝土造,75年8月13日,十二層,
RPVOMLSLLHJFFGE66CC,32,73.65,國民住宅,鋼筋混凝土造,71年4月30日,五層,
RPQOMLRLLHJFFCE28CC,35,282.20,,鋼筋混凝土造,68年4月14日,五層,
RPTPMLLMLHJFFDE28CC,18,33.93,住家用,鋼筋混凝土造,85年7月29日,十六層,
RPRNMLTLLHJFFAE28CC,26,92.47,,鋼筋混凝土造,77年1月22日,十二層,
RPQQMLLMLHJFFDE08CC,31,57.68,,鋼筋混凝土造,72年8月20日,五層,
RPPPMLLMLHJFFAE57CC,28,80.28,,鋼筋混凝土造,75年8月1日,五層,
RPRPMLLMLHJFFAE77CC,10,42.07,住家用,鋼筋混凝土造,92年10月22日,十四層,
RPVOMLLMLHJFFGE68CC,40,123.60,住商用,加強磚造,63年9月16日,三層,
RPQNMLLJMHJFFDE67DC,42,161.76,住商用,加強磚造,61年4月6日,三層,
RPUNMLLJMHJFFDE08DC,38,173.86,,鋼筋混凝土造,65年2月5日,四層,
RPOPMLLMLHJFFBE57CC,45,90.14,,加強磚造,58年3月12日,四層,
RPTNMLLJMHJFFGE18CC,15,103.34,住家用,鋼筋混凝土造,88年6月25日,十三層,
RPVPMLLMLHJFFBE28CC,40,36.99,,加強磚造,63年9月19日,三層,
RPVOMLLMLHJFFDE48DC,41,339.31,,加強磚造,61年11月15日,三層,
RPSOMLLMLHJFFEE18CC,16,123.14,住家用,鋼筋混凝土造,87年4月3日,十四層,
RPSRMLSLLHJFFEE09CC,14,95.56,住家用,見使用執照,89年1月13日,九層,
RPSRMLSLLHJFFEE09CC,14,24.77,見使用執照,見使用執照,89年1月13日,九層,
RPWNMLLJMHJFFEE28CC,16,303.34,見其它登記事項,見其它登記事項,86年12月6日,二層,
RPRNMLLJMHJFFAE37CC,9,89.87,住家用,鋼筋混凝土造,93年10月6日,十四層,
RPXOMLMJMHJFFAE18CC,9,325.95,住商用,鋼筋混凝土造,94年3月22日,九層,
RPUOMLMJMHJFFBE97CC,45,158.62,,加強磚造,58年1月13日,三層,
RPVNMLMJMHJFFBE97CC,37,48.93,,鋼筋混凝土造,65年11月24日,十層,
RPTNMLSLLHJFFCE58CC,25,43.44,住家用,鋼筋混凝土造,77年12月12日,十六層,
RPROMLLMLHJFFCE87CC,34,152.40,,鋼筋混凝土造,69年1月24日,三層,
RPWOMLQLLHJFFCE78CC,37,226.38,,鋼筋混凝土造,66年8月20日,四層,
RPSNMLNJMHJFFFE18CC,18,304.36,工業用,鋼筋混凝土造,84年10月21日,四層,
RPUOMLNJMHJFFCE18CC,8,81.09,商業用,鋼筋混凝土造,95年3月14日,十四層,
RPUNMLMJMHJFFFE28CC,32,151.88,住商用,鋼筋混凝土造,70年11月20日,三層,
RPSNMLMJMHJFFFE08CC,27,199.96,工商用,鋼造,76年1月23日,一層,
RPSNMLMJMHJFFFE08CC,27,101.88,住工用,加強磚造,76年8月8日,二層,
RPSQMLNJMHJFFAE97CC,9,150.09,住家用,鋼筋混凝土造,94年1月18日,十三層,
RPOOMLNJMHJFFBE47CC,27,134.55,,鋼筋混凝土造,76年4月22日,七層,
RPRNMLNJMHJFFBE67CC,24,105.29,,鋼筋混凝土造,79年4月20日,七層,
RPTNMLNJMHJFFBE87CC,38,49.59,,鋼筋混凝土造,65年6月5日,三層,
RPQNMLNJMHJFFBE57CC,21,366.20,商業用,鋼筋混凝土造,82年2月2日,十六層,
RPQPMLNJMHJFFEE08CC,32,68.23,,鋼筋混凝土造,70年12月3日,五層,
RPXOMLNJMHJFFEE68CC,14,101.36,住家用,見使用執照,89年3月1日,十四層,
RPTPMLNJMHJFFEE38CC,17,37.50,商業用,鋼筋混凝土造,86年1月28日,七層,
RPTPMLNJMHJFFEE38CC,17,83.11,住家用,鋼筋混凝土造,86年1月28日,七層,
RPORMLNJMHJFFAE67CC,10,90.97,商業用,鋼筋混凝土造,93年4月23日,十四層,
RPPNMLOJMHJFFIE28CC,6,403.00,工業用,見其他登記事項,97年5月1日,一層,
RPOPMLRJMHJFFGE48CC,10,214.69,見其他登記事項,見其他登記事項,93年1月28日,四層,
RPQPMLMJMHJFFLE68CC,32,89.45,住商用,鋼筋混凝土造,70年12月12日,五層,
RPVOMLNJMHJFFDE38CC,19,147.95,住商用,鋼筋混凝土造,84年2月15日,八層,
RPUOMLNJMHJFFDE28CC,14,306.00,住商用,鋼筋混凝土造,89年9月4日,四層,
RPSNMLRJMHJFFBE18CC,34,78.99,,鋼筋混凝土造,69年7月30日,五層,
RPRNMLOJMHJFFBE77CC,47,37.43,,加強磚造,56年2月23日,三層,
RPSNMLOJMHJFFBE87CC,43,67.68,,加強磚造,60年5月12日,二層,
RPVNMLRJMHJFFBE48CC,26,124.59,,鋼筋混凝土造,77年8月5日,十二層,
RPWNMLRJMHJFFBE58CC,56,124.00,,加強磚造,46年10月15日,二層,
RPOPMLRJMHJFFAE87CC,24,86.18,商業用,鋼筋混凝土造,79年2月16日,十二層,
RPPOMLRJMHJFFBE97CC,36,52.48,,鋼筋混凝土造,66年11月10日,五層,
RPPOMLRJMHJFFBE97CC,36,66.88,,鋼筋混凝土造,66年11月10日,五層,
RPQOMLSJMHJFFBE18CC,17,137.59,住家用,鋼筋混凝土造,86年4月21日,三十五層,
RPVNMLSJMHJFFBE58CC,17,94.55,住家用,鋼筋混凝土造,86年4月21日,三十五層,
RPPOMLSJMHJFFBE08CC,17,137.59,住家用,鋼筋混凝土造,86年4月21日,三十五層,
RPXNMLSJMHJFFBE78CC,17,126.68,住家用,鋼筋混凝土造,86年4月21日,三十五層,
RPWNMLTJMHJFFBE78CC,54,267.18,,加強磚造,49年3月29日,三層,
RPWOMLTJMHJFFAE78CC,45,674.12,,加強磚造,57年12月26日,四層,
RPPNMLTJMHJFFBE08CC,23,594.13,,鋼筋混凝土造,79年11月30日,十二層,
RPVNMLTJMHJFFBE68CC,37,307.00,,鋼筋混凝土造,66年9月10日,四層,
RPSOMLTJMHJFFGE98CC,38,157.75,住家用,加強磚造,65年8月30日,二層,
RPVNMLTJMHJFFCE78CC,19,38.50,住家用,鋼筋混凝土造,83年10月1日,二十層,
RPTPMLTJMHJFFAE58CC,9,53.27,住商用,鋼筋混凝土造,94年4月4日,十四層,
RPRPMLTJMHJFFEE78CC,21,64.08,住家用,鋼筋混凝土造,82年6月1日,七層,
RPTNMLKKMHJFFEE97CC,3,98.19,住家用,鋼筋混凝土造,99年12月28日,十五層,
RPTNMLKKMHJFFEE97CC,3,62.74,見其它登記事項,鋼筋混凝土造,99年12月28日,十五層,
RPPOMLKKMHJFFIE08CC,10,165.36,住家用,鋼筋混凝土造,93年2月20日,四層,
RPRNMLKKMHJFFBE47CC,34,92.82,,鋼筋混凝土造,69年2月22日,五層,
RPQPMLRJMHJFFEE48CC,10,180.41,住商用,見使用執照,93年7月13日,五層,
RPQNMLKKMHJFFAE27CC,1,94.94,住家用,鋼筋混凝土造,101年10月25日,十五層,
RPQNMLKKMHJFFAE27CC,1,67.73,見其它登記事項,鋼筋混凝土造,101年10月25日,十五層,
RPVNMLKKMHJFFBE87CC,33,74.42,,鋼筋混凝土造,69年12月1日,八層,
RPVNMLKKMHJFFBE87CC,33,88.78,,鋼筋混凝土造,69年12月1日,八層,
RPVNMLKKMHJFFBE87CC,33,25.04,,鋼筋混凝土造,69年12月1日,八層,
RPXOMLLKMHJFFBE28CC,30,106.97,,鋼筋混凝土造,72年11月11日,五層,
RPXNMLKKMHJFFBE08CC,17,67.79,住家用,鋼筋混凝土造,86年4月21日,三十五層,
RPSNMLKKMHJFFBE57CC,44,268.95,住商用,加強磚造,58年12月5日,三層,
RPVOMLKKMHJFFBE97CC,24,287.80,,鋼筋混凝土造,79年9月14日,十七層,
RPWPMLLKMHJFFEE58CC,7,85.41,住家用,鋼筋混凝土造,95年11月24日,十五層,
RPWPMLLKMHJFFEE58CC,7,37.47,見其它登記事項,鋼筋混凝土造,95年11月24日,十五層,
RPXPMLLKMHJFFGE88CC,35,176.40,住商用,鋼筋混凝土造,68年8月10日,三層,
RPQPMLOKMHJFFGE48CC,32,91.17,住家用,鋼筋混凝土造,71年2月12日,七層,
RPXPMLLKMHJFFEE68CC,7,97.71,住家用,鋼筋混凝土造,95年11月24日,十五層,
RPXPMLLKMHJFFEE68CC,7,46.00,住家用,鋼筋混凝土造,95年11月24日,十五層,
RPPNMLOKMHJFFEE97CC,40,66.52,,加強磚造,63年9月3日,二層,
RPSOMLOKMHJFFEE38CC,15,57.56,住家用,見使用執照,88年4月14日,十三層,
RPSOMLOKMHJFFEE38CC,15,19.44,見使用執照,見使用執照,88年4月14日,十三層,
RPROMLLKMHJFFDE87CC,21,462.80,見使用執照,鋼造,82年7月21日,一層,
RPQPMLKKMHJFFDE77CC,22,262.90,,鋼筋混凝土造,80年12月19日,十八層,
RPRNMLTJMHJFFDE48CC,46,71.68,,加強磚造,57年5月10日,三層,
RPROMLOKMHJFFFE38CC,1,383.73,住商用,鋼筋混凝土造,102年2月23日,四層,
RPVOMLTJMHJFFDE98CC,47,299.04,,加強磚造,56年7月14日,三層,
RPVOMLOKMHJFFEE68CC,19,119.00,見使用執照,鋼筋混凝土造,84年3月10日,十二層,
RPTOMLTJMHJFFDE78CC,19,75.93,住商用,鋼筋混凝土造,84年6月6日,十一層,
RPTOMLTJMHJFFDE78CC,19,113.75,住商用,鋼筋混凝土造,84年6月6日,十一層,
RPTOMLTJMHJFFDE78CC,19,29.59,住商用,鋼筋混凝土造,84年6月6日,十一層,
RPTOMLTJMHJFFDE78CC,19,34.42,住商用,鋼筋混凝土造,84年6月6日,十一層,
RPTOMLTJMHJFFDE78CC,19,17.93,住商用,鋼筋混凝土造,84年6月6日,十一層,
RPTOMLTJMHJFFDE78CC,19,6.77,住商用,鋼筋混凝土造,84年6月6日,十一層,
RPTOMLTJMHJFFDE78CC,19,1.75,住商用,鋼筋混凝土造,84年6月6日,十一層,
RPPPMLOKMHJFFEE18CC,3,47.20,商業用,鋼筋混凝土造,100年9月27日,十五層,
RPPPMLOKMHJFFEE18CC,3,15.83,共有部分,鋼筋混凝土造,100年9月27日,十五層,
RPROMLOKMHJFFGE58DC,25,109.86,住家用,鋼筋混凝土造,78年4月20日,五層,
RPWNMLOKMHJFFAE28CC,32,40.66,,鋼筋混凝土造,71年4月7日,七層,
RPSNMLOKMHJFFAE87CC,1,124.68,住家用,鋼筋混凝土造,102年6月4日,十五層,
RPRNMLPKMHJFFAE87CC,8,206.48,住商用,鋼筋混凝土造,95年5月25日,五層,
RPXNMLOKMHJFFAE38CC,32,40.66,,鋼筋混凝土造,71年4月7日,七層,
RPRNMLOKMHJFFDE08CC,29,127.11,,鋼筋混凝土造,74年5月13日,三層,
RPTOMLPKMHJFFEE58CC,11,41.31,住商用,見使用執照,92年4月3日,四層,
RPVNMLQKMHJFFFE88CC,46,114.78,住家用,鋼筋混凝土造,57年3月1日,二層,
RPWNMLQKMHJFFDE88DC,37,211.40,,鋼筋混凝土造,65年11月22日,四層,
RPSOMLQKMHJFFAE18CC,8,149.85,住家用,鋼筋混凝土造,95年8月23日,十五層,
RPWOMLQKMHJFFAE58CC,9,83.25,住家用,鋼筋混凝土造,94年9月9日,十四層,
RPWOMLQKMHJFFAE58CC,9,35.17,共有部分,鋼筋混凝土造,94年9月9日,十四層,
RPPOMLOKMHJFFLE88DC,20,283.24,住商用,鋼筋混凝土造,82年11月11日,四層,
RPROMLOKMHJFFLE09DC,20,94.33,住家用,鋼筋混凝土造,83年1月25日,五層,
RPRNMLQKMHJFFDE28CC,60,130.52,住商用,加強磚造,43年5月2日,三層,
RPSNMLRKMHJFFDE48CC,32,81.19,,鋼筋混凝土造,70年11月13日,五層,
RPWNMLRKMHJFFBE68CC,31,87.90,,鋼筋混凝土造,72年7月27日,七層,
RPROMLRKMHJFFBE28CC,17,126.67,住家用,鋼筋混凝土造,86年4月21日,三十五層,
RPTOMLRKMHJFFGE98CC,18,118.07,住家用,鋼筋混凝土造,85年2月15日,十二層,
RPWNMLSKMHJFFCE88CC,15,82.18,住家用,見其它登記事項,88年2月9日,三十九層,
RPWNMLSKMHJFFCE88CC,15,9.66,住家用,見其它登記事項,88年2月9日,三十九層,
RPWNMLSKMHJFFCE88CC,15,31.16,住家用,見其它登記事項,88年2月9日,三十九層,
RPRNMLSKMHJFFLE66CC,8,811.51,見其他登記事項,鋼筋混凝土造,95年2月24日,三層,
RPPNMLRKMHJFFFE38CC,23,84.59,住商用,鋼筋混凝土造,80年9月18日,四層,
RPVNMLRKMHJFFCE68CC,9,129.61,住家用,鋼筋混凝土造,94年5月4日,十四層,
RPPOMLRKMHJFFCE18CC,1,60.74,住家用,鋼筋混凝土造,102年5月20日,十五層,
RPPOMLRKMHJFFCE18CC,1,29.99,見其它登記事項,鋼筋混凝土造,102年5月20日,十五層,
RPSNMLQKMHJFFDE38CC,14,119.40,住家用,鋼筋混凝土造,88年10月14日,十四層,
RPWNMLSKMHJFFDE98CC,18,163.16,住商用,鋼筋混凝土造,85年3月6日,十四層,
RPTOMLRKMHJFFIE56CC,8,1357.14,見其他登記事項,見其他登記事項,95年3月1日,三層,
RPXOMLSKMHJFFDE56CC,33,236.13,,鋼筋混凝土造,70年1月28日,四層,
RPQPMLSKMHJFFDE58CC,42,48.36,,加強磚造,61年7月26日,三層,
RPOPMLSKMHJFFDE38CC,33,95.39,,鋼筋混凝土造,70年6月10日,五層,
RPSOMLSKMHJFFDE68CC,4,203.93,見其它登記事項,鋼筋混凝土造,99年1月15日,四層,
RPWNMLSKMHJFFBE78CC,17,158.28,住家用,鋼筋混凝土造,86年4月21日,三十五層,
RPWNMLSKMHJFFBE78CC,17,23.47,住家用,鋼筋混凝土造,86年4月21日,三十五層,
RPWNMLSKMHJFFBE78CC,17,5.64,住家用,鋼筋混凝土造,86年4月21日,三十五層,
RPWNMLSKMHJFFBE78CC,17,91.22,住家用,鋼筋混凝土造,86年4月21日,三十五層,
RPVNMLSKMHJFFBE68CC,40,179.28,,加強磚造,63年8月12日,三層,
RPVNMLSKMHJFFBE68CC,40,179.28,,加強磚造,63年8月12日,三層,
RPQPMLSKMHJFFBE38CC,10,120.24,住家用,鋼筋混凝土造,92年11月28日,十四層,
RPOOMLSKMHJFFBE08CC,,176.10,住商用,鋼筋混凝土造,103年1月10日,三層,
RPOOMLSKMHJFFBE08CC,,172.27,住商用,鋼筋混凝土造,103年1月10日,三層,
RPOOMLSKMHJFFBE08CC,,174.82,住商用,鋼筋混凝土造,103年1月10日,三層,
RPVNMLLLMHJFFAE97CC,29,106.33,,鋼筋混凝土造,74年2月26日,五層,
RPROMLLLMHJFFAE67CC,5,146.55,住家用,鋼筋混凝土造,98年1月14日,十五層,
RPROMLLLMHJFFAE67CC,5,87.40,共有部分,鋼筋混凝土造,98年1月14日,十五層,
RPQOMLLLMHJFFAE57CC,6,125.25,商業用,鋼筋混凝土造,97年10月1日,二十四層,
RPQOMLLLMHJFFAE57CC,6,131.38,商業用,鋼筋混凝土造,97年10月1日,二十四層,
RPQOMLLLMHJFFAE57CC,6,68.58,共有部分,鋼筋混凝土造,97年10月1日,二十四層,
RPQOMLLLMHJFFAE57CC,6,118.48,商業用,鋼筋混凝土造,97年10月1日,二十四層,
RPQOMLLLMHJFFAE57CC,6,117.56,商業用,鋼筋混凝土造,97年10月1日,二十四層,
RPQOMLLLMHJFFAE57CC,6,63.83,共有部分,鋼筋混凝土造,97年10月1日,二十四層,
RPTNMLLLMHJFFAE77CC,7,89.52,住家用,鋼筋混凝土造,96年2月8日,十五層,
RPTNMLLLMHJFFAE77CC,7,33.82,見其它登記事項,鋼筋混凝土造,96年2月8日,十五層,
RPQOMLLLMHJFFBE67CC,31,33.72,,鋼筋混凝土造,72年3月5日,十二層,
RPUNMLMLMHJFFGE58CC,35,121.44,住商用,鋼筋混凝土造,68年6月14日,三層,
RPVNMLMLMHJFFGE68CC,44,65.33,住家用,加強磚造,59年3月5日,二層,
RPOPMLMLMHJFFGE18CC,14,81.29,國民住宅,鋼筋混凝土造,89年5月20日,十二層,
RPXNMLMLMHJFFCE48CC,4,63.08,住家用,鋼筋混凝土造,98年12月24日,十九層,
RPXNMLMLMHJFFCE48CC,4,39.22,見其它登記事項,鋼筋混凝土造,98年12月24日,十九層,
RPRNMLTKMHJFFDE58CC,15,443.75,商業用,鋼筋混凝土造,87年12月23日,十四層,
RPRNMLMLMHJFFBE77CC,47,88.87,住商用,加強磚造,56年6月8日,二層,
RPOOMLMLMHJFFBE57CC,5,141.35,住家用,鋼筋混凝土造,98年10月5日,二十四層,
RPOOMLMLMHJFFBE57CC,5,66.45,見其他登記事項,鋼筋混凝土造,98年10月5日,二十四層,
RPSOMLMLMHJFFCE08CC,7,227.18,住商用,鋼筋混凝土造,96年3月12日,四層,
RPROMLMLMHJFFCE97CC,39,197.60,,鋼筋混凝土造,64年5月5日,四層,
RPQOMLMLMHJFFCE87CC,15,93.23,住家用,見其它登記事項,88年2月9日,三十九層,
RPQOMLMLMHJFFCE87CC,15,44.15,共有部份,見其它登記事項,88年2月9日,三十九層,
RPTOMLLLMHJFFAE87CC,24,218.11,商業用,鋼筋混凝土造,79年1月22日,十三層,
RPRNMLMLMHJFFAE67CC,24,124.44,商業用,鋼筋混凝土造,79年1月4日,十二層,
RPRNMLMLMHJFFAE67CC,24,41.04,見使用執照,鋼筋混凝土造,79年1月4日,十二層,
RPTNMLMLMHJFFAE87CC,5,52.32,住家用,鋼筋混凝土造,98年2月17日,十五層,
RPTNMLMLMHJFFAE87CC,5,37.44,共有部份,鋼筋混凝土造,98年2月17日,十五層,
RPTOMLLLMHJFFDE18CC,19,125.38,住商用,鋼筋混凝土造,84年8月23日,十三層,
RPVPMLLLMHJFFEE58CC,27,101.14,,加強磚造,76年8月24日,二層,
RPPPMLLLMHJFFEE97CC,15,193.44,住家用,見使用執照,88年6月24日,十四層,
RPUOMLMLMHJFFEE48CC,16,103.04,住商用,鋼筋混凝土造,87年1月22日,十三層,
RPUOMLMLMHJFFEE48CC,16,20.59,見使用執照,鋼筋混凝土造,87年1月22日,十三層,
RPRNMLNLMHJFFBE87CC,47,53.39,,加強磚造,56年9月20日,二層,
RPVNMLNLMHJFFBE28CC,56,72.00,,加強磚造,46年12月3日,四層,
RPXNMLNLMHJFFBE48CC,32,113.36,,鋼筋混凝土造,71年2月26日,十二層,
RPXNMLNLMHJFFBE48CC,32,5.47,,鋼筋混凝土造,71年2月26日,十二層,
RPQOMLNLMHJFFBE87CC,27,51.27,,鋼筋混凝土造,76年5月1日,十二層,
RPQOMLNLMHJFFBE87CC,27,14.11,,鋼筋混凝土造,76年5月1日,十二層,
RPSNMLMLMHJFFDE08CC,47,30.00,住商用,加強磚造,56年8月16日,二層,
RPTNMLMLMHJFFDE18CC,36,72.00,,鋼筋混凝土造,67年6月23日,四層,
RPQOMLMLMHJFFDE97CC,51,249.51,,鋼筋混凝土造,52年4月30日,四層,
RPPOMLNLMHJFFDE97CC,37,25.45,見使用執照,鋼筋混凝土造,66年9月14日,五層,
RPPOMLNLMHJFFDE97CC,37,5.46,見使用執照,鋼筋混凝土造,66年9月14日,五層,
RPWPMLMLMHJFFDE68CC,37,107.53,住家用,鋼筋混凝土造,66年9月14日,五層,
RPWPMLMLMHJFFDE68CC,37,21.84,見使用執照,鋼筋混凝土造,66年9月14日,五層,
RPQOMLNLMHJFFDE08CC,9,27.00,商業用,見使用執照,94年8月18日,一層,
RPQOMLNLMHJFFDE08CC,9,27.00,商業用,見使用執照,94年8月18日,一層,
RPPOMLMLMHJFFDE87CC,15,443.75,商業用,鋼筋混凝土造,87年12月23日,十四層,
RPQOMLNLMHJFFGE38CC,41,52.80,住商用,加強磚造,62年5月10日,二層,
RPRNMLNLMHJFFCE97CC,15,128.31,住家用,見其它登記事項,88年2月9日,三十九層,
RPRNMLNLMHJFFCE97CC,15,41.55,共有部份,見其它登記事項,88年2月9日,三十九層,
RPVOMLOLMHJFFBE48CC,7,56.23,共有部分,鋼筋混凝土造,96年4月13日,十五層,
RPVOMLOLMHJFFBE48CC,7,122.90,住家用,鋼筋混凝土造,96年4月13日,十五層,
RPWOMLOLMHJFFBE58CC,8,138.47,住家用,鋼筋混凝土造,94年12月6日,十四層,
RPWOMLOLMHJFFBE58CC,8,48.44,見其他登記事項,鋼筋混凝土造,94年12月6日,十四層,
RPOOMLOLMHJFFDE97CC,18,139.34,住商用,鋼筋混凝土造,85年2月6日,十三層,
RPWNMLMLMHJFFDE48CC,52,48.03,住家用,加強磚造,51年8月4日,二層,
RPOOMLSLMHJFFBE18CC,32,153.17,,鋼筋混凝土造,71年4月30日,十二層,
RPOOMLSLMHJFFBE18CC,32,9.27,,鋼筋混凝土造,71年4月30日,十二層,
RPOOMLOLMHJFFAE67CC,24,204.79,商業用,鋼筋混凝土造,79年1月22日,十三層,
RPOOMLPLMHJFFAE77CC,8,88.89,住家用,鋼筋混凝土造,95年3月16日,十五層,
RPOOMLPLMHJFFAE77CC,8,39.17,共有部分,鋼筋混凝土造,95年3月16日,十五層,
RPPOMLSLMHJFFDE48CC,22,136.99,,鋼筋混凝土造,80年11月19日,十六層,
RPPOMLSLMHJFFDE48CC,22,43.58,,鋼筋混凝土造,80年11月19日,十六層,
RPUOMLPLMHJFFEE78CC,7,92.47,住商用,鋼筋混凝土造,96年7月6日,五層,
RPSPMLSLMHJFFEE98CC,8,130.44,住家用,鋼筋混凝土造,95年5月5日,十三層,
RPPNMLQLMHJFFFE38CC,33,173.88,住商用,鋼筋混凝土造,70年10月23日,三層,
RPOPMLKMMHJFFGE08CC,10,222.77,見其他登記事項,鋼筋混凝土造,92年10月28日,四層,
RPRPMLKMMHJFFGE38CC,36,72.55,住家用,鋼筋混凝土造,67年8月8日,四層,
RPSOMLTLMHJFFDE88CC,16,27.62,商業用,鋼骨鋼筋混凝土造,87年9月29日,二十五層,
RPWNMLTLMHJFFDE56CC,42,216.53,,加強磚造,61年8月7日,三層,
RPWNMLTLMHJFFDE56CC,42,216.53,,加強磚造,61年8月7日,三層,
RPROMLTLMHJFFDE78CC,33,108.98,,鋼筋混凝土造,70年4月24日,五層,
RPROMLKMMHJFFAE67CC,24,79.40,見使用執照,鋼筋混凝土造,79年2月16日,十二層,
RPSNMLOLMHJFFHE78DC,19,128.32,住商用,鋼筋混凝土造,84年2月22日,四層,
RPPNMLTLMHJFFEE58CC,9,114.83,住家用,鋼筋混凝土造,94年2月2日,十四層,
RPPNMLTLMHJFFEE58CC,9,43.53,住家用,鋼筋混凝土造,94年2月2日,十四層,
RPOOMLKMMHJFFDE67CC,42,68.80,,加強磚造,61年3月10日,三層,
RPROMLTLMHJFFBE58CC,27,249.40,,鋼筋混凝土造,76年5月15日,十五層,
RPVOMLTLMHJFFBE98CC,43,88.40,,加強磚造,60年8月30日,二層,
RPPOMLKMMHJFFEE87CC,15,346.16,見使用執照,見使用執照,88年1月20日,十四層,
RPXNMLKMMHJFFBE28CC,17,126.67,住家用,鋼筋混凝土造,86年4月21日,三十五層,
RPOOMLKMMHJFFBE47CC,17,166.74,住商用,鋼筋混凝土造,86年4月21日,三十五層,
RPXOMLKMMHJFFBE38CC,37,39.97,,鋼筋混凝土造,65年11月24日,十層,
RPTPMLKMMHJFFBE08CC,37,32.03,,鋼筋混凝土造,65年11月24日,十層,
RPQPMLKMMHJFFBE77CC,37,48.89,,鋼筋混凝土造,65年11月24日,十層,
