﻿編號,土地區段位置,土地移轉面積平方公尺,使用分區或編定
The serial number,land sector position,land shifting area square meter,the use zoning or compiles and checks
RPQNMLOJKHJFFBF57DB,力行段,41.26,都市：住
RPSNMLOJKHJFFBF77DB,力行段,42.03,都市：住
RPRNMLOJKHJFFBF67DB,力行段,42.03,都市：住
RPPNMLOJKHJFFBF47DB,力行段,33.83,都市：住
RPUNMLOJKHJFFBF97DB,力行段,47.59,都市：住
RPOOMLOJKHJFFBF47DB,力行段,46.82,都市：住
RPVNMLOJKHJFFBF08DB,力行段,42.03,都市：住
RPWNMLOJKHJFFBF18DB,力行段,42.03,都市：住
RPTNMLOJKHJFFBF87DB,力行段,42.03,都市：住
RPXNMLOJKHJFFBF28DB,力行段,42.03,都市：住
RPPOMLOJKHJFFBF57DB,力行段,46.82,都市：住
RPQOMLOJKHJFFBF67DB,力行段,34.85,都市：住
RPUOMLOJKHJFFBF08DB,力行段,34.88,都市：住
RPROMLOJKHJFFBF77DB,力行段,32.85,都市：住
RPTOMLOJKHJFFBF97DB,力行段,40.44,都市：住
RPRPMLOJKHJFFBF87DB,力行段,34.88,都市：住
RPQPMLOJKHJFFBF77DB,力行段,34.12,都市：住
RPWOMLOJKHJFFBF28DB,力行段,34.88,都市：住
RPXOMLOJKHJFFBF38DB,力行段,34.88,都市：住
RPOPMLOJKHJFFBF57DB,力行段,34.88,都市：住
RPTPMLOJKHJFFBF08DB,力行段,34.12,都市：住
RPSPMLOJKHJFFBF97DB,力行段,33.93,都市：住
RPWPMLOJKHJFFBF38DB,力行段,34.92,都市：住
RPPPMLOJKHJFFBF67DB,力行段,34.88,都市：住
RPXPMLOJKHJFFBF48DB,力行段,34.92,都市：住
RPSQMLOJKHJFFBF08DB,力行段,35.68,都市：住
RPTQMLOJKHJFFBF18DB,力行段,35.68,都市：住
RPVOMLOJKHJFFBF18DB,力行段,34.88,都市：住
RPPRMLOJKHJFFBF87DB,力行段,35.68,都市：住
RPVQMLOJKHJFFBF38DB,力行段,35.68,都市：住
RPVRMLOJKHJFFBF48DB,力行段,35.68,都市：住
RPWQMLOJKHJFFBF48DB,力行段,35.68,都市：住
RPURMLOJKHJFFBF38DB,力行段,35.68,都市：住
RPSRMLOJKHJFFBF18DB,力行段,35.50,都市：住
RPORMLOJKHJFFBF77DB,力行段,34.92,都市：住
RPQRMLOJKHJFFBF97DB,力行段,34.31,都市：住
RPTRMLOJKHJFFBF28DB,力行段,35.68,都市：住
RPXQMLOJKHJFFBF58DB,力行段,34.92,都市：住
RPOSMLOJKHJFFBF87DB,力行段,35.50,都市：住
RPXRMLOJKHJFFBF68DB,力行段,34.74,都市：住
RPQSMLOJKHJFFBF08DB,力行段,35.50,都市：住
RPTSMLOJKHJFFBF38DB,力行段,34.74,都市：住
RPOTMLOJKHJFFBF97DB,力行段,34.89,都市：住
RPVSMLOJKHJFFBF58DB,力行段,35.50,都市：住
RPWSMLOJKHJFFBF68DB,力行段,35.50,都市：住
RPSSMLOJKHJFFBF28DB,力行段,35.50,都市：住
RPWRMLOJKHJFFBF58DB,力行段,35.68,都市：住
RPQTMLOJKHJFFBF18DB,力行段,41.32,都市：住
RPUSMLOJKHJFFBF48DB,力行段,34.74,都市：住
RPPTMLOJKHJFFBF08DB,力行段,42.09,都市：住
RPRSMLOJKHJFFBF18DB,力行段,35.50,都市：住
RPTTMLOJKHJFFBF48DB,力行段,42.09,都市：住
RPSTMLOJKHJFFBF38DB,力行段,35.50,都市：住
RPRTMLOJKHJFFBF28DB,力行段,42.09,都市：住
RPSUMLOJKHJFFBF48DB,力行段,34.93,都市：住
RPPUMLOJKHJFFBF18DB,力行段,42.09,都市：住
RPQUMLOJKHJFFBF28DB,力行段,42.09,都市：住
RPRUMLOJKHJFFBF38DB,力行段,34.89,都市：住
RPUUMLOJKHJFFBF68DB,力行段,34.93,都市：住
RPWTMLOJKHJFFBF78DB,力行段,47.65,都市：住
RPXTMLOJKHJFFBF88DB,力行段,42.09,都市：住
RPTUMLOJKHJFFBF58DB,力行段,39.73,都市：住
RPOUMLOJKHJFFBF08DB,力行段,42.09,都市：住
RPWUMLOJKHJFFBF88DB,力行段,34.93,都市：住
RPVUMLOJKHJFFBF78DB,力行段,34.93,都市：住
RPOVMLOJKHJFFBF18DB,力行段,34.93,都市：住
RPXUMLOJKHJFFBF98DB,力行段,34.93,都市：住
RPPVMLOJKHJFFBF28DB,力行段,34.93,都市：住
RPSVMLOJKHJFFBF58DB,力行段,34.93,都市：住
RPQVMLOJKHJFFBF38DB,力行段,34.93,都市：住
RPTVMLOJKHJFFBF68DB,力行段,34.93,都市：住
RPRVMLOJKHJFFBF48DB,力行段,34.17,都市：住
RPVTMLOJKHJFFBF68DB,力行段,42.09,都市：住
RPVVMLOJKHJFFBF88DB,力行段,33.98,都市：住
RPUVMLOJKHJFFBF78DB,力行段,34.93,都市：住
RPSPMLRJKHJFFEF48CB,新巿段,28.01,都市：住
RPQPMLRJKHJFFEF28CB,新巿段,23.61,都市：住
RPRPMLRJKHJFFEF38CB,新巿段,33.37,都市：住
RPWPMLRJKHJFFEF88CB,新巿段,33.60,都市：住
RPOQMLRJKHJFFEF18CB,新巿段,16.39,都市：住
RPTPMLRJKHJFFEF58CB,新巿段,23.61,都市：住
RPPQMLRJKHJFFEF28CB,新巿段,33.37,都市：住
RPXPMLRJKHJFFEF98CB,新巿段,33.00,都市：住
RPVPMLRJKHJFFEF78CB,新巿段,23.61,都市：住
RPUPMLRJKHJFFEF68CB,新巿段,23.61,都市：住
RPQQMLRJKHJFFEF38CB,新巿段,23.61,都市：住
RPRQMLRJKHJFFEF48CB,新巿段,23.61,都市：住
RPUQMLRJKHJFFEF78CB,新巿段,33.60,都市：住
RPVQMLRJKHJFFEF88CB,新巿段,28.90,都市：住
RPXQMLRJKHJFFEF09CB,新巿段,34.12,都市：住
RPWQMLRJKHJFFEF98CB,新巿段,24.51,都市：住
RPSQMLRJKHJFFEF58CB,新巿段,19.89,都市：住
RPTQMLRJKHJFFEF68CB,新巿段,17.21,都市：住
RPORMLRJKHJFFEF28CB,新巿段,16.91,都市：住
RPPRMLRJKHJFFEF38CB,新巿段,28.01,都市：住
RPWRMLRJKHJFFEF09CB,新巿段,33.37,都市：住
RPVRMLRJKHJFFEF98CB,新巿段,28.01,都市：住
RPSRMLRJKHJFFEF68CB,新巿段,23.61,都市：住
RPRRMLRJKHJFFEF58CB,新巿段,28.61,都市：住
RPQRMLRJKHJFFEF48CB,新巿段,27.86,都市：住
RPTRMLRJKHJFFEF78CB,新巿段,23.91,都市：住
RPOSMLRJKHJFFEF38CB,新巿段,16.39,都市：住
RPQSMLRJKHJFFEF58CB,新巿段,16.39,都市：住
RPURMLRJKHJFFEF88CB,新巿段,19.89,都市：住
RPPSMLRJKHJFFEF48CB,新巿段,23.61,都市：住
RPSSMLRJKHJFFEF78CB,新巿段,33.60,都市：住
RPXRMLRJKHJFFEF56CB,新巿段,23.61,都市：住
RPUSMLRJKHJFFEF98CB,新巿段,23.61,都市：住
RPTSMLRJKHJFFEF88CB,新巿段,23.61,都市：住
RPVSMLRJKHJFFEF09CB,新巿段,33.37,都市：住
RPRSMLRJKHJFFEF68CB,新巿段,23.61,都市：住
RPQTMLRJKHJFFEF68CB,新巿段,23.61,都市：住
RPWSMLRJKHJFFEF56CB,新巿段,23.61,都市：住
RPOTMLRJKHJFFEF48CB,新巿段,23.61,都市：住
RPXSMLRJKHJFFEF66CB,新巿段,28.01,都市：住
RPSTMLRJKHJFFEF88CB,新巿段,33.60,都市：住
RPPTMLRJKHJFFEF58CB,新巿段,23.61,都市：住
RPRTMLRJKHJFFEF78CB,新巿段,27.86,都市：住
RPTTMLRJKHJFFEF98CB,新巿段,28.01,都市：住
RPUTMLRJKHJFFEF09CB,新巿段,23.61,都市：住
RPVTMLRJKHJFFEF56CB,新巿段,23.61,都市：住
RPWTMLRJKHJFFEF66CB,新巿段,16.91,都市：住
RPXTMLRJKHJFFEF76CB,新巿段,15.72,都市：住
RPOUMLRJKHJFFEF58CB,新巿段,16.39,都市：住
RPWUMLRJKHJFFEF76CB,新巿段,23.61,都市：住
RPQUMLRJKHJFFEF78CB,新巿段,23.61,都市：住
RPSUMLRJKHJFFEF98CB,新巿段,33.37,都市：住
RPTUMLRJKHJFFEF09CB,新巿段,23.61,都市：住
RPVUMLRJKHJFFEF66CB,新巿段,23.61,都市：住
RPUUMLRJKHJFFEF56CB,新巿段,23.61,都市：住
RPXUMLRJKHJFFEF86CB,新巿段,24.51,都市：住
RPPUMLRJKHJFFEF68CB,新巿段,30.24,都市：住
RPOVMLRJKHJFFEF68CB,新巿段,28.61,都市：住
RPRUMLRJKHJFFEF88CB,新巿段,17.21,都市：住
RPSVMLRJKHJFFEF09CB,新巿段,28.01,都市：住
RPQVMLRJKHJFFEF88CB,新巿段,12.44,都市：住
RPPVMLRJKHJFFEF78CB,新巿段,27.86,都市：住
RPTVMLRJKHJFFEF56CB,新巿段,17.21,都市：住
RPRVMLRJKHJFFEF98CB,新巿段,23.61,都市：住
RPUVMLRJKHJFFEF66CB,新巿段,17.21,都市：住
RPWVMLRJKHJFFEF86CB,新巿段,23.61,都市：住
RPVVMLRJKHJFFEF76CB,新巿段,23.61,都市：住
RPXVMLRJKHJFFEF96CB,新巿段,17.21,都市：住
RPPWMLRJKHJFFEF88CB,新巿段,23.61,都市：住
RPOWMLRJKHJFFEF78CB,新巿段,33.37,都市：住
RPQWMLRJKHJFFEF98CB,新巿段,23.61,都市：住
RPRWMLRJKHJFFEF09CB,新巿段,33.60,都市：住
RPSWMLRJKHJFFEF56CB,新巿段,23.61,都市：住
RPTWMLRJKHJFFEF66CB,新巿段,23.61,都市：住
RPUWMLRJKHJFFEF76CB,新巿段,23.61,都市：住
RPVWMLRJKHJFFEF86CB,新巿段,15.27,都市：住
RPWWMLRJKHJFFEF96CB,新巿段,33.00,都市：住
RPXWMLRJKHJFFEF07CB,新巿段,23.61,都市：住
RPONNLRJKHJFFEF97CB,新巿段,24.51,都市：住
RPRNNLRJKHJFFEF28CB,新巿段,16.84,都市：住
RPVNNLRJKHJFFEF68CB,新巿段,28.90,都市：住
RPQNNLRJKHJFFEF18CB,新巿段,27.86,都市：住
RPPNNLRJKHJFFEF08CB,新巿段,19.89,都市：住
RPUNNLRJKHJFFEF58CB,新巿段,23.61,都市：住
RPTNNLRJKHJFFEF48CB,新巿段,14.97,都市：住
RPSNNLRJKHJFFEF38CB,新巿段,23.61,都市：住
RPQONLRJKHJFFEF28CB,新巿段,16.91,都市：住
RPRONLRJKHJFFEF38CB,新巿段,16.91,都市：住
RPWNNLRJKHJFFEF78CB,新巿段,28.01,都市：住
RPTONLRJKHJFFEF58CB,新巿段,33.00,都市：住
RPPONLRJKHJFFEF18CB,新巿段,16.91,都市：住
RPXNNLRJKHJFFEF88CB,新巿段,19.89,都市：住
RPOONLRJKHJFFEF08CB,新巿段,33.37,都市：住
RPSONLRJKHJFFEF48CB,新巿段,28.01,都市：住
RPWONLRJKHJFFEF88CB,新巿段,33.37,都市：住
RPVONLRJKHJFFEF78CB,新巿段,33.00,都市：住
RPUONLRJKHJFFEF68CB,新巿段,27.86,都市：住
RPSPNLRJKHJFFEF58CB,新巿段,19.44,都市：住
RPTPNLRJKHJFFEF68CB,新巿段,16.91,都市：住
RPPPNLRJKHJFFEF28CB,新巿段,33.60,都市：住
RPOPNLRJKHJFFEF18CB,新巿段,36.06,都市：住
RPQPNLRJKHJFFEF38CB,新巿段,16.39,都市：住
RPXONLRJKHJFFEF98CB,新巿段,16.39,都市：住
RPRPNLRJKHJFFEF48CB,新巿段,23.61,都市：住
RPUPNLRJKHJFFEF78CB,新巿段,33.37,都市：住
RPVPNLRJKHJFFEF88CB,新巿段,23.61,都市：住
RPXPNLRJKHJFFEF09CB,新巿段,23.61,都市：住
RPWPNLRJKHJFFEF98CB,新巿段,23.61,都市：住
RPOQNLRJKHJFFEF28CB,新巿段,28.01,都市：住
RPUQNLRJKHJFFEF88CB,新巿段,16.39,都市：住
RPWQNLRJKHJFFEF09CB,新巿段,33.00,都市：住
RPQQNLRJKHJFFEF48CB,新巿段,27.86,都市：住
RPXQNLRJKHJFFEF56CB,新巿段,28.90,都市：住
RPORNLRJKHJFFEF38CB,新巿段,28.90,都市：住
RPPRNLRJKHJFFEF48CB,新巿段,23.61,都市：住
RPPQNLRJKHJFFEF38CB,新巿段,23.61,都市：住
RPQRNLRJKHJFFEF58CB,新巿段,23.61,都市：住
RPRRNLRJKHJFFEF68CB,新巿段,27.86,都市：住
RPSRNLRJKHJFFEF78CB,新巿段,17.21,都市：住
RPTRNLRJKHJFFEF88CB,新巿段,23.61,都市：住
RPURNLRJKHJFFEF98CB,新巿段,23.61,都市：住
RPVRNLRJKHJFFEF09CB,新巿段,33.37,都市：住
RPRQNLRJKHJFFEF58CB,新巿段,27.86,都市：住
RPTQNLRJKHJFFEF78CB,新巿段,28.01,都市：住
RPSQNLRJKHJFFEF68CB,新巿段,33.00,都市：住
RPWRNLRJKHJFFEF56CB,新巿段,23.61,都市：住
RPXRNLRJKHJFFEF66CB,新巿段,19.89,都市：住
RPVQNLRJKHJFFEF98CB,新巿段,28.61,都市：住
RPOSNLRJKHJFFEF48CB,新巿段,23.61,都市：住
RPPSNLRJKHJFFEF58CB,新巿段,28.16,都市：住
RPQSNLRJKHJFFEF68CB,新巿段,24.36,都市：住
RPUSNLRJKHJFFEF09CB,新巿段,28.90,都市：住
RPSSNLRJKHJFFEF88CB,新巿段,16.39,都市：住
RPRSNLRJKHJFFEF78CB,新巿段,17.21,非都市： ; 非都市編定：
RPVSNLRJKHJFFEF56CB,新巿段,28.90,都市：住
RPTSNLRJKHJFFEF98CB,新巿段,19.44,都市：住
RPXSNLRJKHJFFEF76CB,新巿段,16.02,都市：住
RPOTNLRJKHJFFEF58CB,新巿段,28.61,都市：住
RPWSNLRJKHJFFEF66CB,新巿段,23.61,都市：住
RPPTNLRJKHJFFEF68CB,新巿段,23.61,都市：住
RPQTNLRJKHJFFEF78CB,新巿段,23.61,都市：住
RPRTNLRJKHJFFEF88CB,新巿段,16.39,都市：住
RPSTNLRJKHJFFEF98CB,新巿段,23.61,都市：住
RPTTNLRJKHJFFEF09CB,新巿段,23.61,都市：住
RPUTNLRJKHJFFEF56CB,新巿段,33.60,都市：住
RPVTNLRJKHJFFEF66CB,新巿段,23.61,都市：住
RPOUNLRJKHJFFEF68CB,新巿段,23.61,都市：住
RPWTNLRJKHJFFEF76CB,新巿段,23.61,都市：住
RPXTNLRJKHJFFEF86CB,新巿段,19.89,都市：住
RPQUNLRJKHJFFEF88CB,新巿段,23.61,都市：住
RPSUNLRJKHJFFEF09CB,新巿段,23.61,都市：住
RPTUNLRJKHJFFEF56CB,新巿段,16.91,都市：住
RPRUNLRJKHJFFEF98CB,新巿段,16.39,都市：住
RPWUNLRJKHJFFEF86CB,新巿段,27.86,都市：住
RPOVNLRJKHJFFEF78CB,新巿段,33.37,都市：住
RPPVNLRJKHJFFEF88CB,新巿段,27.86,都市：住
RPXUNLRJKHJFFEF96CB,新巿段,16.39,都市：住
RPRVNLRJKHJFFEF09CB,新巿段,33.00,都市：住
RPQVNLRJKHJFFEF98CB,新巿段,23.61,都市：住
RPSVNLRJKHJFFEF56CB,新巿段,23.61,都市：住
RPUUNLRJKHJFFEF66CB,新巿段,16.39,都市：住
RPPUNLRJKHJFFEF78CB,新巿段,23.61,都市：住
RPUVNLRJKHJFFEF76CB,新巿段,25.10,都市：住
RPVVNLRJKHJFFEF86CB,新巿段,23.61,都市：住
RPVUNLRJKHJFFEF76CB,新巿段,28.90,都市：住
RPWVNLRJKHJFFEF96CB,新巿段,23.61,都市：住
RPTVNLRJKHJFFEF66CB,新巿段,16.39,都市：住
RPOWNLRJKHJFFEF88CB,新巿段,16.39,都市：住
RPXVNLRJKHJFFEF07CB,新巿段,17.21,都市：住
RPRWNLRJKHJFFEF56CB,新巿段,27.86,都市：住
RPQWNLRJKHJFFEF09CB,新巿段,23.61,都市：住
RPSWNLRJKHJFFEF66CB,新巿段,16.39,都市：住
RPUWNLRJKHJFFEF86CB,新巿段,23.61,都市：住
RPVWNLRJKHJFFEF96CB,新巿段,27.86,都市：住
RPTWNLRJKHJFFEF76CB,新巿段,17.21,都市：住
RPWWNLRJKHJFFEF07CB,新巿段,23.61,都市：住
RPPNOLRJKHJFFEF18CB,新巿段,23.61,都市：住
RPXWNLRJKHJFFEF17CB,新巿段,28.61,都市：住
RPQNOLRJKHJFFEF28CB,新巿段,23.61,都市：住
RPSNOLRJKHJFFEF48CB,新巿段,28.01,都市：住
RPTNOLRJKHJFFEF58CB,新巿段,28.61,都市：住
RPONOLRJKHJFFEF08CB,新巿段,23.61,都市：住
RPRNOLRJKHJFFEF38CB,新巿段,16.39,都市：住
RPUNOLRJKHJFFEF68CB,新巿段,17.21,都市：住
RPVNOLRJKHJFFEF78CB,新巿段,23.61,都市：住
RPWNOLRJKHJFFEF88CB,新巿段,16.39,都市：住
RPPWNLRJKHJFFEF98CB,新巿段,17.21,都市：住
RPXNOLRJKHJFFEF98CB,新巿段,23.61,都市：住
RPPOOLRJKHJFFEF28CB,新巿段,19.89,都市：住
RPQOOLRJKHJFFEF38CB,新巿段,23.61,都市：住
RPOOOLRJKHJFFEF18CB,新巿段,33.60,都市：住
RPROOLRJKHJFFEF48CB,新巿段,16.39,都市：住
RPUOOLRJKHJFFEF78CB,新巿段,19.89,都市：住
RPTOOLRJKHJFFEF68CB,新巿段,33.00,都市：住
RPSOOLRJKHJFFEF58CB,新巿段,27.86,都市：住
RPXOOLRJKHJFFEF09CB,新巿段,28.16,都市：住
RPWOOLRJKHJFFEF98CB,新巿段,33.00,都市：住
RPVOOLRJKHJFFEF88CB,新巿段,33.60,都市：住
RPUPOLRJKHJFFEF88CB,新巿段,16.39,都市：住
RPSPOLRJKHJFFEF68CB,新巿段,26.59,都市：住
RPOPOLRJKHJFFEF28CB,新巿段,30.84,都市：住
RPWPOLRJKHJFFEF09CB,新巿段,28.90,都市：住
RPOQOLRJKHJFFEF38CB,新巿段,23.61,都市：住
RPVPOLRJKHJFFEF98CB,新巿段,16.39,都市：住
RPRPOLRJKHJFFEF58CB,新巿段,16.91,都市：住
RPXPOLRJKHJFFEF56CB,新巿段,23.61,都市：住
RPPPOLRJKHJFFEF38CB,新巿段,23.61,都市：住
RPTPOLRJKHJFFEF78CB,新巿段,28.90,都市：住
RPPQOLRJKHJFFEF48CB,新巿段,23.61,都市：住
RPVQOLRJKHJFFEF09CB,新巿段,23.61,都市：住
RPTQOLRJKHJFFEF88CB,新巿段,27.86,都市：住
RPRQOLRJKHJFFEF68CB,新巿段,23.61,都市：住
RPSQOLRJKHJFFEF78CB,新巿段,16.91,都市：住
RPWQOLRJKHJFFEF56CB,新巿段,23.61,都市：住
RPXQOLRJKHJFFEF66CB,新巿段,23.61,都市：住
RPQQOLRJKHJFFEF58CB,新巿段,16.39,都市：住
RPOROLRJKHJFFEF48CB,新巿段,27.86,都市：住
RPUQOLRJKHJFFEF98CB,新巿段,33.60,都市：住
RPPROLRJKHJFFEF58CB,新巿段,23.61,都市：住
RPUROLRJKHJFFEF09CB,新巿段,16.91,都市：住
RPVROLRJKHJFFEF56CB,新巿段,24.36,都市：住
RPQROLRJKHJFFEF68CB,新巿段,23.61,都市：住
RPWROLRJKHJFFEF66CB,新巿段,23.61,都市：住
RPXROLRJKHJFFEF76CB,新巿段,28.01,都市：住
RPTROLRJKHJFFEF98CB,新巿段,23.61,都市：住
RPSROLRJKHJFFEF88CB,新巿段,19.44,都市：住
RPOSOLRJKHJFFEF58CB,新巿段,23.61,都市：住
RPRROLRJKHJFFEF78CB,新巿段,23.61,都市：住
RPPSOLRJKHJFFEF68CB,新巿段,23.61,都市：住
RPSSOLRJKHJFFEF98CB,新巿段,19.89,都市：住
RPQSOLRJKHJFFEF78CB,新巿段,16.91,都市：住
RPTSOLRJKHJFFEF09CB,新巿段,27.86,都市：住
RPOTOLRJKHJFFEF68CB,新巿段,19.89,都市：住
RPVSOLRJKHJFFEF66CB,新巿段,23.84,都市：住
RPUSOLRJKHJFFEF56CB,新巿段,33.60,都市：住
RPXSOLRJKHJFFEF86CB,新巿段,28.90,都市：住
RPWSOLRJKHJFFEF76CB,新巿段,23.61,都市：住
RPRSOLRJKHJFFEF88CB,新巿段,23.61,都市：住
RPRTOLRJKHJFFEF98CB,新巿段,23.61,都市：住
RPQTOLRJKHJFFEF88CB,新巿段,23.61,都市：住
RPPTOLRJKHJFFEF78CB,新巿段,28.61,都市：住
RPSTOLRJKHJFFEF09CB,新巿段,23.61,都市：住
RPUTOLRJKHJFFEF66CB,新巿段,28.61,都市：住
RPTTOLRJKHJFFEF56CB,新巿段,27.86,都市：住
RPXTOLRJKHJFFEF96CB,新巿段,16.39,都市：住
RPVTOLRJKHJFFEF76CB,新巿段,16.39,都市：住
RPWTOLRJKHJFFEF86CB,新巿段,23.61,都市：住
RPOUOLRJKHJFFEF78CB,新巿段,27.86,都市：住
RPPUOLRJKHJFFEF88CB,新巿段,23.61,都市：住
RPRUOLRJKHJFFEF09CB,新巿段,28.61,都市：住
RPQUOLRJKHJFFEF98CB,新巿段,16.39,都市：住
RPSUOLRJKHJFFEF56CB,新巿段,27.86,都市：住
RPVUOLRJKHJFFEF86CB,新巿段,16.91,都市：住
RPUUOLRJKHJFFEF76CB,新巿段,17.21,非都市： ; 非都市編定：
RPXUOLRJKHJFFEF07CB,新巿段,23.61,都市：住
RPWUOLRJKHJFFEF96CB,新巿段,23.61,都市：住
RPTUOLRJKHJFFEF66CB,新巿段,27.86,都市：住
RPPVOLRJKHJFFEF98CB,新巿段,28.61,都市：住
RPOVOLRJKHJFFEF88CB,新巿段,33.00,都市：住
RPQVOLRJKHJFFEF09CB,新巿段,27.86,都市：住
RPRVOLRJKHJFFEF56CB,新巿段,27.86,都市：住
RPTVOLRJKHJFFEF76CB,新巿段,23.61,都市：住
RPSVOLRJKHJFFEF66CB,新巿段,33.60,都市：住
RPUVOLRJKHJFFEF86CB,新巿段,23.61,都市：住
RPXVOLRJKHJFFEF17CB,新巿段,28.90,都市：住
RPVVOLRJKHJFFEF96CB,新巿段,17.21,都市：住
RPOWOLRJKHJFFEF98CB,新巿段,27.86,都市：住
RPPWOLRJKHJFFEF09CB,新巿段,33.00,都市：住
RPQWOLRJKHJFFEF56CB,新巿段,28.01,都市：住
RPRWOLRJKHJFFEF66CB,新巿段,23.61,都市：住
RPWVOLRJKHJFFEF07CB,新巿段,19.89,都市：住
RPSWOLRJKHJFFEF76CB,新巿段,23.61,都市：住
RPUWOLRJKHJFFEF96CB,新巿段,16.39,都市：住
RPTWOLRJKHJFFEF86CB,新巿段,23.61,都市：住
RPWWOLRJKHJFFEF17CB,新巿段,23.61,都市：住
RPVWOLRJKHJFFEF07CB,新巿段,23.61,都市：住
RPXWOLRJKHJFFEF27CB,新巿段,28.61,都市：住
RPONPLRJKHJFFEF18CB,新巿段,28.61,都市：住
RPPNPLRJKHJFFEF28CB,新巿段,28.90,都市：住
RPQNPLRJKHJFFEF38CB,新巿段,28.90,都市：住
RPRNPLRJKHJFFEF48CB,新巿段,27.86,都市：住
RPSNPLRJKHJFFEF58CB,新巿段,28.61,都市：住
RPTNPLRJKHJFFEF68CB,新巿段,23.61,都市：住
RPUNPLRJKHJFFEF78CB,新巿段,22.13,都市：住
RPWNPLRJKHJFFEF98CB,新巿段,23.61,都市：住
RPXNPLRJKHJFFEF09CB,新巿段,16.39,都市：住
RPROPLRJKHJFFEF58CB,新巿段,33.00,都市：住
RPOOPLRJKHJFFEF28CB,新巿段,23.61,都市：住
RPVNPLRJKHJFFEF88CB,新巿段,23.61,都市：住
RPQOPLRJKHJFFEF48CB,新巿段,23.61,都市：住
RPSOPLRJKHJFFEF68CB,新巿段,23.61,都市：住
RPTOPLRJKHJFFEF78CB,新巿段,23.61,都市：住
RPUOPLRJKHJFFEF88CB,新巿段,33.37,都市：住
RPVOPLRJKHJFFEF98CB,新巿段,22.13,都市：住
RPWOPLRJKHJFFEF09CB,新巿段,19.89,都市：住
RPXOPLRJKHJFFEF56CB,新巿段,33.37,都市：住
RPOPPLRJKHJFFEF38CB,新巿段,23.61,都市：住
RPRPPLRJKHJFFEF68CB,新巿段,33.00,都市：住
RPPPPLRJKHJFFEF48CB,新巿段,16.91,都市：住
RPQPPLRJKHJFFEF58CB,新巿段,19.44,都市：住
RPSPPLRJKHJFFEF78CB,新巿段,23.61,都市：住
RPUQMLMKKHJFFBF18DB,力行段,47.65,都市：住
RPWQMLMKKHJFFBF38DB,力行段,35.50,都市：住
RPVQMLMKKHJFFBF28DB,力行段,35.50,都市：住
RPWNMLSKKHJFFBF58CB,副都心段一小段,19.66,都市：商
RPVPPLRJKHJFFEF09CB,新巿段,23.61,都市：住
RPTPPLRJKHJFFEF88CB,新巿段,27.86,都市：住
RPUPPLRJKHJFFEF98CB,新巿段,27.86,都市：住
RPOOMLSKKHJFFBF87CB,副都心段一小段,19.66,都市：商
RPRPMLSKKHJFFBF28CB,副都心段一小段,17.28,都市：商
RPVPMLSKKHJFFBF68CB,副都心段一小段,17.28,都市：商
RPVOMLSKKHJFFBF58CB,副都心段一小段,19.79,都市：商
RPSPMLSKKHJFFBF38CB,副都心段一小段,17.28,都市：商
RPQPMLSKKHJFFBF18CB,副都心段一小段,17.28,都市：商
RPUPMLSKKHJFFBF58CB,副都心段一小段,17.28,都市：商
RPXQMLSKKHJFFBF98CB,副都心段一小段,15.57,都市：商
RPWQMLSKKHJFFBF88CB,副都心段一小段,15.57,都市：商
RPPRMLSKKHJFFBF28CB,副都心段一小段,15.57,都市：商
RPQRMLSKKHJFFBF38CB,副都心段一小段,15.57,都市：商
RPOPMLLLKHJFFBF37CB,芳洲段,16.46,都市：住
RPSPMLLLKHJFFBF77CB,芳洲段,16.46,都市：住
RPTPMLLLKHJFFBF87CB,芳洲段,16.46,都市：住
RPTOMLLLKHJFFBF77CB,芳洲段,16.46,都市：住
RPPPMLLLKHJFFBF47CB,芳洲段,16.46,都市：住
RPXOMLLLKHJFFBF18CB,芳洲段,16.46,都市：住
RPVPMLLLKHJFFBF08CB,芳洲段,16.46,都市：住
RPRPMLLLKHJFFBF67CB,芳洲段,16.46,都市：住
RPUPMLLLKHJFFBF97CB,芳洲段,16.46,都市：住
RPXQMLLLKHJFFBF38CB,芳洲段,18.52,都市：住
RPWPMLLLKHJFFBF18CB,芳洲段,16.46,都市：住
RPPQMLLLKHJFFBF57CB,芳洲段,16.46,都市：住
RPXPMLLLKHJFFBF28CB,芳洲段,16.46,都市：住
RPOQMLLLKHJFFBF47CB,芳洲段,16.46,都市：住
RPPRMLLLKHJFFBF67CB,芳洲段,12.69,都市：住
RPQRMLLLKHJFFBF77CB,芳洲段,25.38,都市：住
RPRRMLLLKHJFFBF87CB,芳洲段,16.46,都市：住
RPVRMLLLKHJFFBF28CB,芳洲段,12.69,都市：住
RPPSMLLLKHJFFBF77CB,芳洲段,12.69,都市：住
RPQSMLLLKHJFFBF87CB,芳洲段,12.69,都市：住
RPTSMLLLKHJFFBF18CB,芳洲段,12.69,都市：住
RPUSMLLLKHJFFBF28CB,芳洲段,12.69,都市：住
RPXRMLLLKHJFFBF48CB,芳洲段,12.69,都市：住
RPWSMLLLKHJFFBF48CB,芳洲段,12.69,都市：住
RPUPMLKKKHJFFCF08EB,中央段,47.91,都市：住
RPXSMLLLKHJFFBF58CB,芳洲段,12.69,都市：住
RPVSMLLLKHJFFBF38CB,芳洲段,12.69,都市：住
RPOTMLLLKHJFFBF77CB,芳洲段,12.69,都市：住
RPQTMLLLKHJFFBF97CB,芳洲段,12.69,都市：住
RPPTMLLLKHJFFBF87CB,芳洲段,12.69,都市：住
RPRPMLOLKHJFFBF97CB,芳洲段,18.18,都市：住
RPTPMLOLKHJFFBF18CB,芳洲段,18.18,都市：住
RPUPMLOLKHJFFBF28CB,芳洲段,18.18,都市：住
RPSPMLOLKHJFFBF08CB,芳洲段,18.18,都市：住
RPPPMLOLKHJFFBF77CB,芳洲段,18.18,都市：住
RPPQMLOLKHJFFBF87CB,芳洲段,18.18,都市：住
RPOQMLOLKHJFFBF77CB,芳洲段,18.18,都市：住
RPVPMLOLKHJFFBF38CB,芳洲段,18.18,都市：住
RPWPMLOLKHJFFBF48CB,芳洲段,18.18,都市：住
RPXPMLOLKHJFFBF58CB,芳洲段,18.18,都市：住
RPQQMLOLKHJFFBF97CB,芳洲段,18.18,都市：住
RPUQMLOLKHJFFBF38CB,芳洲段,19.55,都市：住
RPVQMLOLKHJFFBF48CB,芳洲段,19.55,都市：住
RPWQMLOLKHJFFBF58CB,芳洲段,19.55,都市：住
RPPOMLPLKHJFFBF77CB,芳洲段,19.55,都市：住
RPROMLPLKHJFFBF97CB,芳洲段,19.55,都市：住
RPSOMLPLKHJFFBF08CB,芳洲段,19.55,都市：住
RPXNMLPLKHJFFBF48CB,芳洲段,19.55,都市：住
RPQRMLPLKHJFFBF18CB,芳洲段,15.43,都市：住
RPSRMLPLKHJFFBF38CB,芳洲段,15.43,都市：住
RPTRMLPLKHJFFBF48CB,芳洲段,15.43,都市：住
RPURMLPLKHJFFBF58CB,芳洲段,15.43,都市：住
RPORMLPLKHJFFBF97CB,芳洲段,15.43,都市：住
RPWOMLPLKHJFFBF48CB,芳洲段,19.55,都市：住
RPUOMLPLKHJFFBF28CB,芳洲段,19.55,都市：住
RPVOMLPLKHJFFBF38CB,芳洲段,19.55,都市：住
RPUOMLQLKHJFFBF38CB,芳洲段,15.43,都市：住
RPPPMLQLKHJFFBF97CB,芳洲段,15.43,都市：住
RPOPMLQLKHJFFBF87CB,芳洲段,15.43,都市：住
RPTPMLQLKHJFFBF38CB,芳洲段,15.43,都市：住
RPWOMLQLKHJFFBF58CB,芳洲段,15.43,都市：住
RPTOMLQLKHJFFBF28CB,芳洲段,15.43,都市：住
RPRPMLQLKHJFFBF18CB,芳洲段,15.43,都市：住
RPSPMLQLKHJFFBF28CB,芳洲段,15.43,都市：住
RPUPMLQLKHJFFBF48CB,芳洲段,15.43,都市：住
RPSQMLQLKHJFFBF38CB,芳洲段,15.43,都市：住
RPPRMLQLKHJFFBF18CB,芳洲段,15.43,都市：住
RPVQMLQLKHJFFBF68CB,芳洲段,15.43,都市：住
RPUQMLQLKHJFFBF58CB,芳洲段,15.43,都市：住
RPTQMLQLKHJFFBF48CB,芳洲段,15.43,都市：住
RPWQMLQLKHJFFBF78CB,芳洲段,15.43,都市：住
RPQRMLQLKHJFFBF28CB,芳洲段,15.43,都市：住
RPPQMLQLKHJFFBF08CB,芳洲段,23.66,都市：住
RPPTMLQLKHJFFBF38CB,芳洲段,15.43,都市：住
RPXQMLQLKHJFFBF88CB,芳洲段,15.43,都市：住
RPQTMLQLKHJFFBF48CB,芳洲段,15.43,都市：住
RPXTMLQLKHJFFBF56CB,芳洲段,27.78,都市：住
RPTTMLQLKHJFFBF78CB,芳洲段,15.43,都市：住
RPUTMLQLKHJFFBF88CB,芳洲段,15.43,都市：住
RPVUMLQLKHJFFBF09CB,芳洲段,18.52,都市：住
RPVVMLQLKHJFFBF56CB,芳洲段,18.86,都市：住
RPWTMLQLKHJFFBF09CB,芳洲段,15.43,都市：住
RPWVMLQLKHJFFBF66CB,芳洲段,18.86,都市：住
RPTUMLQLKHJFFBF88CB,芳洲段,18.52,都市：住
RPQVMLQLKHJFFBF68CB,芳洲段,18.52,都市：住
RPSVMLQLKHJFFBF88CB,芳洲段,18.86,都市：住
RPWUMLQLKHJFFBF56CB,芳洲段,19.55,都市：住
RPXVMLQLKHJFFBF76CB,芳洲段,18.86,都市：住
RPRWMLQLKHJFFBF88CB,芳洲段,18.86,都市：住
RPPWMLQLKHJFFBF68CB,芳洲段,18.86,都市：住
RPSWMLQLKHJFFBF98CB,芳洲段,18.86,都市：住
RPVWMLQLKHJFFBF66CB,芳洲段,18.86,都市：住
RPUWMLQLKHJFFBF56CB,芳洲段,18.86,都市：住
RPWWMLQLKHJFFBF76CB,芳洲段,18.86,都市：住
RPXWMLQLKHJFFBF86CB,芳洲段,18.86,都市：住
RPSPMLRLKHJFFBF38CB,芳洲段,18.18,都市：住
RPROMLRLKHJFFBF18CB,芳洲段,18.18,都市：住
RPPOMLRLKHJFFBF97CB,芳洲段,18.18,都市：住
RPTOMLRLKHJFFBF38CB,芳洲段,18.18,都市：住
RPQOMLRLKHJFFBF08CB,芳洲段,18.18,都市：住
RPUOMLRLKHJFFBF48CB,芳洲段,18.18,都市：住
RPWOMLRLKHJFFBF68CB,芳洲段,18.18,都市：住
RPTPMLRLKHJFFBF48CB,芳洲段,18.18,都市：住
RPXOMLRLKHJFFBF78CB,芳洲段,18.18,都市：住
RPXPMLRLKHJFFBF88CB,芳洲段,18.18,都市：住
RPUPMLRLKHJFFBF58CB,芳洲段,18.18,都市：住
RPVPMLRLKHJFFBF68CB,芳洲段,18.18,都市：住
RPWPMLRLKHJFFBF78CB,芳洲段,18.18,都市：住
RPPPMLRLKHJFFBF08CB,芳洲段,18.18,都市：住
RPOQMLRLKHJFFBF08CB,芳洲段,12.69,都市：住
RPPQMLRLKHJFFBF18CB,芳洲段,12.69,都市：住
RPOSMLRLKHJFFBF28CB,芳洲段,12.69,都市：住
RPQSMLRLKHJFFBF48CB,芳洲段,12.69,都市：住
RPRSMLRLKHJFFBF58CB,芳洲段,12.69,都市：住
RPXSMLRLKHJFFBF56CB,芳洲段,12.69,都市：住
RPSSMLRLKHJFFBF68CB,芳洲段,12.69,都市：住
RPTQMLRLKHJFFBF58CB,芳洲段,12.69,都市：住
RPUSMLRLKHJFFBF88CB,芳洲段,12.69,都市：住
RPPTMLRLKHJFFBF48CB,芳洲段,12.69,都市：住
RPSTMLRLKHJFFBF78CB,芳洲段,12.69,都市：住
RPTTMLRLKHJFFBF88CB,芳洲段,12.69,都市：住
RPUQMLRLKHJFFBF68CB,芳洲段,12.69,都市：住
RPOUMLRLKHJFFBF48CB,芳洲段,16.46,都市：住
RPUTMLRLKHJFFBF98CB,芳洲段,12.69,都市：住
RPPUMLRLKHJFFBF58CB,芳洲段,16.46,都市：住
RPQUMLRLKHJFFBF68CB,芳洲段,16.46,都市：住
RPSUMLRLKHJFFBF88CB,芳洲段,16.46,都市：住
RPTUMLRLKHJFFBF98CB,芳洲段,16.46,都市：住
RPVUMLRLKHJFFBF56CB,芳洲段,16.46,都市：住
RPWUMLRLKHJFFBF66CB,芳洲段,16.46,都市：住
RPXUMLRLKHJFFBF76CB,芳洲段,16.46,都市：住
RPUUMLRLKHJFFBF09CB,芳洲段,16.46,都市：住
RPQVMLRLKHJFFBF78CB,芳洲段,16.46,都市：住
RPOVMLRLKHJFFBF58CB,芳洲段,16.46,都市：住
RPSVMLRLKHJFFBF98CB,芳洲段,16.46,都市：住
RPRVMLRLKHJFFBF88CB,芳洲段,16.46,都市：住
RPTVMLRLKHJFFBF09CB,芳洲段,18.86,都市：住
RPWVMLRLKHJFFBF76CB,芳洲段,18.86,都市：住
RPUVMLRLKHJFFBF56CB,芳洲段,18.86,都市：住
RPXVMLRLKHJFFBF86CB,芳洲段,18.86,都市：住
RPRWMLRLKHJFFBF98CB,芳洲段,18.86,都市：住
RPQWMLRLKHJFFBF88CB,芳洲段,18.86,都市：住
RPSWMLRLKHJFFBF09CB,芳洲段,18.86,都市：住
RPOPMLNJLHJFFBF47CB,芳洲段,18.86,都市：住
RPUOMLNJLHJFFBF97CB,芳洲段,18.86,都市：住
RPVOMLNJLHJFFBF08CB,芳洲段,18.86,都市：住
RPPPMLNJLHJFFBF57CB,芳洲段,18.86,都市：住
RPPWMLRLKHJFFBF78CB,芳洲段,18.86,都市：住
RPORMLNJLHJFFBF67CB,芳洲段,24.35,都市：住
RPOWMLRLKHJFFBF68CB,芳洲段,18.86,都市：住
RPPRMLNJLHJFFBF77CB,芳洲段,15.43,都市：住
RPQRMLNJLHJFFBF87CB,芳洲段,15.43,都市：住
RPURMLNJLHJFFBF28CB,芳洲段,15.43,都市：住
RPRRMLNJLHJFFBF97CB,芳洲段,15.43,都市：住
RPXRMLNJLHJFFBF58CB,芳洲段,15.43,都市：住
RPPSMLNJLHJFFBF87CB,芳洲段,15.43,都市：住
RPUSMLNJLHJFFBF38CB,芳洲段,15.43,都市：住
RPRSMLNJLHJFFBF08CB,芳洲段,15.43,都市：住
RPSSMLNJLHJFFBF18CB,芳洲段,15.43,都市：住
RPWSMLNJLHJFFBF58CB,芳洲段,15.43,都市：住
RPXSMLNJLHJFFBF68CB,芳洲段,15.43,都市：住
RPUTMLNJLHJFFBF48CB,芳洲段,15.43,都市：住
RPOTMLNJLHJFFBF87CB,芳洲段,15.43,都市：住
RPPTMLNJLHJFFBF97CB,芳洲段,15.43,都市：住
RPTTMLNJLHJFFBF38CB,芳洲段,15.43,都市：住
RPRTMLNJLHJFFBF18CB,芳洲段,22.98,都市：住
RPQUMLNJLHJFFBF18CB,芳洲段,15.43,都市：住
RPWTMLNJLHJFFBF68CB,芳洲段,15.43,都市：住
RPPUMLNJLHJFFBF08CB,芳洲段,15.43,都市：住
RPXTMLNJLHJFFBF78CB,芳洲段,15.43,都市：住
RPRUMLNJLHJFFBF28CB,芳洲段,15.43,都市：住
RPWUMLNJLHJFFBF78CB,芳洲段,15.43,都市：住
RPVUMLNJLHJFFBF68CB,芳洲段,15.43,都市：住
RPTUMLNJLHJFFBF48CB,芳洲段,15.43,都市：住
RPXUMLNJLHJFFBF88CB,芳洲段,15.43,都市：住
RPOVMLNJLHJFFBF08CB,芳洲段,15.43,都市：住
RPPVMLNJLHJFFBF18CB,芳洲段,15.43,都市：住
RPRVMLNJLHJFFBF38CB,芳洲段,19.55,都市：住
RPQVMLNJLHJFFBF28CB,芳洲段,15.43,都市：住
RPXVMLNJLHJFFBF98CB,芳洲段,19.55,都市：住
RPVVMLNJLHJFFBF78CB,芳洲段,19.55,都市：住
RPQWMLNJLHJFFBF38CB,芳洲段,19.55,都市：住
RPPWMLNJLHJFFBF28CB,芳洲段,19.55,都市：住
RPOWMLNJLHJFFBF18CB,芳洲段,19.55,都市：住
RPWWMLNJLHJFFBF98CB,芳洲段,19.55,都市：住
RPSWMLNJLHJFFBF58CB,芳洲段,19.55,都市：住
RPRWMLNJLHJFFBF48CB,芳洲段,19.55,都市：住
RPTWMLNJLHJFFBF68CB,芳洲段,19.55,都市：住
RPXWMLNJLHJFFBF09CB,芳洲段,19.55,都市：住
RPQNNLNJLHJFFBF57CB,芳洲段,19.55,都市：住
RPUWMLNJLHJFFBF78CB,芳洲段,19.55,都市：住
RPTNNLNJLHJFFBF87CB,芳洲段,19.55,都市：住
RPSNNLNJLHJFFBF77CB,芳洲段,19.55,都市：住
RPUNNLNJLHJFFBF97CB,芳洲段,18.18,都市：住
RPWNNLNJLHJFFBF18CB,芳洲段,19.55,都市：住
RPVNNLNJLHJFFBF08CB,芳洲段,18.18,都市：住
RPRPMLOJLHJFFBF97DB,國宅段,36.88,都市：住
RPSPMLOJLHJFFBF08DB,國宅段,36.88,都市：住
RPQOMLOJLHJFFBF77DB,國宅段,36.88,都市：住
RPTPMLOJLHJFFBF18DB,國宅段,36.88,都市：住
RPXOMLOJLHJFFBF48DB,國宅段,36.88,都市：住
RPTOMLOJLHJFFBF08DB,國宅段,36.88,都市：住
RPPPMLOJLHJFFBF77DB,國宅段,36.88,都市：住
RPOOMLOJLHJFFBF57DB,國宅段,36.88,都市：住
RPOPMLOJLHJFFBF67DB,國宅段,36.88,都市：住
RPQPMLOJLHJFFBF87DB,國宅段,36.88,都市：住
RPOQMLOJLHJFFBF77DB,國宅段,37.40,都市：住
RPQQMLOJLHJFFBF97DB,國宅段,37.40,都市：住
RPSQMLOJLHJFFBF18DB,國宅段,27.14,都市：住
RPRQMLOJLHJFFBF08DB,國宅段,37.40,都市：住
RPUPMLOJLHJFFBF28DB,國宅段,36.88,都市：住
RPWPMLOJLHJFFBF48DB,國宅段,36.88,都市：住
RPVQMLOJLHJFFBF48DB,國宅段,27.14,都市：住
RPVPMLOJLHJFFBF38DB,國宅段,36.88,都市：住
RPTQMLOJLHJFFBF28DB,國宅段,27.14,都市：住
RPPQMLOJLHJFFBF87DB,國宅段,37.40,都市：住
RPXQMLOJLHJFFBF68DB,國宅段,27.14,都市：住
RPPRMLOJLHJFFBF97DB,國宅段,27.14,都市：住
RPURMLOJLHJFFBF48DB,國宅段,27.14,都市：住
RPORMLOJLHJFFBF87DB,國宅段,27.14,都市：住
RPQRMLOJLHJFFBF08DB,國宅段,27.14,都市：住
RPRRMLOJLHJFFBF18DB,國宅段,27.14,都市：住
RPXTMLPJLHJFFBF98CB,芳洲段,22.98,都市：住
RPPUMLPJLHJFFBF28CB,芳洲段,16.46,都市：住
RPQUMLPJLHJFFBF38CB,芳洲段,18.86,都市：住
RPOUMLPJLHJFFBF18CB,芳洲段,19.55,都市：住
RPRUMLPJLHJFFBF48CB,芳洲段,15.43,都市：住
RPWONLPJLHJFFBF48CB,芳洲段,15.43,都市：住
RPWPMLQJLHJFFGF09CB,長壽段,8.86,都市：住
RPPRMLQJLHJFFGF58CB,長壽段,8.86,都市：住
RPRRMLQJLHJFFGF78CB,長壽段,9.84,都市：住
RPXQMLQJLHJFFGF66CB,長壽段,8.86,都市：住
RPPQMLQJLHJFFGF48CB,長壽段,8.86,都市：住
RPORMLQJLHJFFGF48CB,長壽段,8.86,都市：住
RPOQMLQJLHJFFGF38CB,長壽段,8.86,都市：住
RPVQMLQJLHJFFGF09CB,長壽段,8.86,都市：住
RPQQMLQJLHJFFGF58CB,長壽段,8.86,都市：住
RPXPMLQJLHJFFGF56CB,長壽段,8.86,都市：住
RPTRMLQJLHJFFGF98CB,長壽段,9.84,都市：住
RPSRMLQJLHJFFGF88CB,長壽段,9.84,都市：住
RPQSMLQJLHJFFGF78CB,長壽段,9.84,都市：住
RPPSMLQJLHJFFGF68CB,長壽段,9.31,都市：住
RPSUMLQJLHJFFGF56CB,長壽段,9.43,都市：住
RPRVMLQJLHJFFGF56CB,長壽段,9.43,都市：住
RPWTMLQJLHJFFGF86CB,長壽段,13.83,都市：住
RPPVMLQJLHJFFGF98CB,長壽段,9.43,都市：住
RPWVMLQJLHJFFGF07CB,長壽段,9.43,都市：住
RPUUMLQJLHJFFGF76CB,長壽段,9.43,都市：住
RPVUMLQJLHJFFGF86CB,長壽段,9.43,都市：住
RPOVMLQJLHJFFGF88CB,長壽段,9.43,都市：住
RPUVMLQJLHJFFGF86CB,長壽段,9.43,都市：住
RPSVMLQJLHJFFGF66CB,長壽段,9.43,都市：住
RPQWMLQJLHJFFGF56CB,長壽段,9.43,都市：住
RPWWMLQJLHJFFGF17CB,長壽段,9.43,都市：住
RPUWMLQJLHJFFGF96CB,長壽段,9.43,都市：住
RPPWMLQJLHJFFGF09CB,長壽段,9.43,都市：住
RPVWMLQJLHJFFGF07CB,長壽段,9.43,都市：住
RPTWMLQJLHJFFGF86CB,長壽段,9.43,都市：住
RPOWMLQJLHJFFGF98CB,長壽段,9.43,都市：住
RPPNNLQJLHJFFGF28CB,長壽段,14.53,都市：住
RPSPNLQJLHJFFGF78CB,長壽段,10.81,都市：住
RPONNLQJLHJFFGF18CB,長壽段,9.43,都市：住
RPSQNLQJLHJFFGF88CB,長壽段,9.00,都市：住
RPVPNLQJLHJFFGF09CB,長壽段,9.00,都市：住
RPQQNLQJLHJFFGF68CB,長壽段,9.00,都市：住
RPOQNLQJLHJFFGF48CB,長壽段,9.00,都市：住
RPVQNLQJLHJFFGF56CB,長壽段,9.00,都市：住
RPTQNLQJLHJFFGF98CB,長壽段,9.00,都市：住
RPUQNLQJLHJFFGF09CB,長壽段,9.00,都市：住
RPWPNLQJLHJFFGF56CB,長壽段,9.00,都市：住
RPXPNLQJLHJFFGF66CB,長壽段,9.00,都市：住
RPPQNLQJLHJFFGF58CB,長壽段,9.00,都市：住
RPRPMLRJLHJFFGF68CB,正義段,17.36,都市：住
RPWPMLRJLHJFFGF56CB,正義段,17.13,都市：住
RPSPMLRJLHJFFGF78CB,正義段,17.28,都市：住
RPVPMLRJLHJFFGF09CB,正義段,23.90,都市：住
RPXPMLRJLHJFFGF66CB,正義段,17.28,都市：住
RPUPMLRJLHJFFGF98CB,正義段,17.36,都市：住
RPTPMLRJLHJFFGF88CB,正義段,17.36,都市：住
RPOQMLRJLHJFFGF48CB,正義段,23.67,都市：住
RPPQMLRJLHJFFGF58CB,正義段,23.90,都市：住
RPQQMLRJLHJFFGF68CB,正義段,20.25,都市：住
RPSQMLRJLHJFFGF88CB,正義段,23.83,都市：住
RPRQMLRJLHJFFGF78CB,正義段,17.13,都市：住
RPVQMLRJLHJFFGF56CB,正義段,17.28,都市：住
RPUQMLRJLHJFFGF09CB,正義段,17.36,都市：住
RPTQMLRJLHJFFGF98CB,正義段,23.83,都市：住
RPSRMLRJLHJFFGF98CB,正義段,17.36,都市：住
RPQRMLRJLHJFFGF78CB,正義段,17.36,都市：住
RPTRMLRJLHJFFGF09CB,正義段,23.90,都市：住
RPPRMLRJLHJFFGF68CB,正義段,17.36,都市：住
RPURMLRJLHJFFGF56CB,正義段,17.28,都市：住
RPVRMLRJLHJFFGF66CB,正義段,23.90,都市：住
RPWRMLRJLHJFFGF76CB,正義段,23.83,都市：住
RPXQNLQJLHJFFGF76CB,長壽段,9.00,都市：住
RPWQNLQJLHJFFGF66CB,長壽段,9.00,都市：住
RPXRMLRJLHJFFGF86CB,正義段,23.90,都市：住
RPPSMLRJLHJFFGF78CB,正義段,23.83,都市：住
RPOSMLRJLHJFFGF68CB,正義段,23.90,都市：住
RPSSMLRJLHJFFGF09CB,正義段,23.67,都市：住
RPTSMLRJLHJFFGF56CB,正義段,17.13,都市：住
RPXSMLRJLHJFFGF96CB,正義段,17.36,都市：住
RPXQMLRJLHJFFGF76CB,正義段,17.13,都市：住
RPWQMLRJLHJFFGF66CB,正義段,23.90,都市：住
RPORMLRJLHJFFGF58CB,正義段,17.36,都市：住
RPQUNLQJLHJFFGF09CB,長壽段,8.86,都市：住
RPVOMLNKLHJFFAF08CB,和平段,14.94,都市：住
RPWNMLNKLHJFFAF08CB,和平段,14.57,都市：住
RPPOMLNKLHJFFAF47CB,和平段,14.94,都市：住
RPXNMLNKLHJFFAF18CB,和平段,14.94,都市：住
RPQOMLNKLHJFFAF57CB,和平段,14.57,都市：住
RPOOMLNKLHJFFAF37CB,和平段,14.94,都市：住
RPTNMLNKLHJFFAF77CB,和平段,14.97,都市：住
RPXOMLNKLHJFFAF28CB,和平段,14.57,都市：住
RPOPMLNKLHJFFAF47CB,和平段,14.94,都市：住
RPSNMLNKLHJFFAF67CB,和平段,14.61,都市：住
RPVPMLRKLHJFFBF68CB,芳洲段,18.18,都市：住
RPQPMLNKLHJFFAF67CB,和平段,14.57,都市：住
RPPPMLNKLHJFFAF57CB,和平段,14.57,都市：住
RPRPMLNKLHJFFAF77CB,和平段,14.94,都市：住
RPTPMLNKLHJFFAF97CB,和平段,14.94,都市：住
RPQPMLSKLHJFFAF18CB,員和段,40.44,都市：住
RPUPMLSKLHJFFAF58CB,員和段,31.00,都市：住
RPTPMLSKLHJFFAF48CB,員和段,30.93,都市：住
RPXPMLSKLHJFFAF88CB,員和段,30.93,都市：住
RPQQMLSKLHJFFAF28CB,員和段,37.41,都市：住
RPPQMLSKLHJFFAF18CB,員和段,40.44,都市：住
RPOQMLSKLHJFFAF08CB,員和段,30.93,都市：住
RPRPMLSKLHJFFAF28CB,員和段,31.14,都市：住
RPWPMLSKLHJFFAF78CB,員和段,30.73,都市：住
RPSPMLSKLHJFFAF38CB,員和段,51.53,都市：住
RPRQMLSKLHJFFAF38CB,員和段,30.93,都市：住
RPUQMLSKLHJFFAF68CB,員和段,40.03,都市：住
RPTQMLSKLHJFFAF58CB,員和段,40.44,都市：住
RPVQMLSKLHJFFAF78CB,員和段,40.44,都市：住
RPPRMLSKLHJFFAF28CB,員和段,31.00,都市：住
RPRRMLSKLHJFFAF48CB,員和段,31.00,都市：住
RPSRMLSKLHJFFAF58CB,員和段,30.93,都市：住
RPTRMLSKLHJFFAF68CB,員和段,30.93,都市：住
RPURMLSKLHJFFAF78CB,員和段,30.93,都市：住
RPWQMLSKLHJFFAF88CB,員和段,30.93,都市：住
RPWRMLSKLHJFFAF98CB,員和段,40.44,都市：住
RPXRMLSKLHJFFAF09CB,員和段,31.14,都市：住
RPVRMLSKLHJFFAF88CB,員和段,31.21,都市：住
RPSQMLSKLHJFFAF48CB,員和段,40.44,都市：住
RPQRMLSKLHJFFAF38CB,員和段,40.44,都市：住
RPXQMLSKLHJFFAF98CB,員和段,37.41,都市：住
RPORMLSKLHJFFAF18CB,員和段,31.00,都市：住
RPPSMLSKLHJFFAF38CB,員和段,31.00,都市：住
RPQSMLSKLHJFFAF48CB,員和段,31.00,都市：住
RPSSMLSKLHJFFAF68CB,員和段,30.93,都市：住
RPTSMLSKLHJFFAF78CB,員和段,40.03,都市：住
RPRSMLSKLHJFFAF58CB,員和段,30.73,都市：住
RPUSMLSKLHJFFAF88CB,員和段,40.44,都市：住
RPVSMLSKLHJFFAF98CB,員和段,30.93,都市：住
RPXSMLSKLHJFFAF56CB,員和段,40.44,都市：住
RPWSMLSKLHJFFAF09CB,員和段,30.93,都市：住
RPPTMLSKLHJFFAF48CB,員和段,40.03,都市：住
RPOTMLSKLHJFFAF38CB,員和段,40.44,都市：住
RPQTMLSKLHJFFAF58CB,員和段,40.03,都市：住
RPRTMLSKLHJFFAF68CB,員和段,30.66,都市：住
RPTTMLSKLHJFFAF88CB,員和段,31.00,都市：住
RPSTMLSKLHJFFAF78CB,員和段,31.21,都市：住
RPUTMLSKLHJFFAF98CB,員和段,30.93,都市：住
RPUUMLSKLHJFFAF09CB,員和段,30.93,都市：住
RPRUMLSKLHJFFAF78CB,員和段,31.00,都市：住
RPVTMLSKLHJFFAF09CB,員和段,40.44,都市：住
RPTUMLSKLHJFFAF98CB,員和段,31.00,都市：住
RPQQMLKLLHJFFGF18CB,長壽段,9.43,都市：住
RPXQMLSLLHJFFBF56CB,建林段,6.11,都市：住
RPXQMLSLLHJFFBF56CB,建林段,8.43,都市：住
RPXQMLSLLHJFFBF56CB,建林段,9.03,都市：住
RPORMLSLLHJFFBF38CB,建林段,6.11,都市：住
RPORMLSLLHJFFBF38CB,建林段,8.43,都市：住
RPORMLSLLHJFFBF38CB,建林段,9.03,都市：住
RPSRMLSLLHJFFBF78CB,建林段,6.11,都市：住
RPSRMLSLLHJFFBF78CB,建林段,8.43,都市：住
RPSRMLSLLHJFFBF78CB,建林段,9.03,都市：住
RPQRMLSLLHJFFBF58CB,建林段,6.09,都市：住
RPQRMLSLLHJFFBF58CB,建林段,8.39,都市：住
RPQRMLSLLHJFFBF58CB,建林段,8.99,都市：住
RPURMLSLLHJFFBF98CB,建林段,6.11,都市：住
RPURMLSLLHJFFBF98CB,建林段,8.43,都市：住
RPURMLSLLHJFFBF98CB,建林段,9.03,都市：住
RPRRMLSLLHJFFBF68CB,建林段,5.50,都市：住
RPRRMLSLLHJFFBF68CB,建林段,7.59,都市：住
RPRRMLSLLHJFFBF68CB,建林段,8.13,都市：住
RPWQMLSLLHJFFBF09CB,建林段,6.11,都市：住
RPWQMLSLLHJFFBF09CB,建林段,8.43,都市：住
RPWQMLSLLHJFFBF09CB,建林段,9.03,都市：住
RPOSMLSLLHJFFBF48CB,建林段,6.11,都市：住
RPOSMLSLLHJFFBF48CB,建林段,8.43,都市：住
RPOSMLSLLHJFFBF48CB,建林段,9.03,都市：住
RPVRMLSLLHJFFBF09CB,建林段,6.11,都市：住
RPVRMLSLLHJFFBF09CB,建林段,8.43,都市：住
RPVRMLSLLHJFFBF09CB,建林段,9.03,都市：住
RPWRMLSLLHJFFBF56CB,建林段,6.11,都市：住
RPWRMLSLLHJFFBF56CB,建林段,8.43,都市：住
RPWRMLSLLHJFFBF56CB,建林段,9.03,都市：住
RPQSMLSLLHJFFBF68CB,建林段,6.11,都市：住
RPQSMLSLLHJFFBF68CB,建林段,8.43,都市：住
RPQSMLSLLHJFFBF68CB,建林段,9.03,都市：住
RPPSMLSLLHJFFBF58CB,建林段,6.11,都市：住
RPPSMLSLLHJFFBF58CB,建林段,8.43,都市：住
RPPSMLSLLHJFFBF58CB,建林段,9.03,都市：住
RPRSMLSLLHJFFBF78CB,建林段,4.45,都市：住
RPRSMLSLLHJFFBF78CB,建林段,6.13,都市：住
RPRSMLSLLHJFFBF78CB,建林段,6.57,都市：住
RPSSMLSLLHJFFBF88CB,建林段,4.45,都市：住
RPSSMLSLLHJFFBF88CB,建林段,6.13,都市：住
RPSSMLSLLHJFFBF88CB,建林段,6.57,都市：住
RPUSMLSLLHJFFBF09CB,建林段,4.45,都市：住
RPUSMLSLLHJFFBF09CB,建林段,6.13,都市：住
RPUSMLSLLHJFFBF09CB,建林段,6.57,都市：住
RPTSMLSLLHJFFBF98CB,建林段,4.45,都市：住
RPTSMLSLLHJFFBF98CB,建林段,6.13,都市：住
RPVSMLSLLHJFFBF56CB,建林段,4.45,都市：住
RPTSMLSLLHJFFBF98CB,建林段,6.57,都市：住
RPVSMLSLLHJFFBF56CB,建林段,6.13,都市：住
RPVSMLSLLHJFFBF56CB,建林段,6.57,都市：住
RPUTMLSLLHJFFBF56CB,建林段,4.45,都市：住
RPUTMLSLLHJFFBF56CB,建林段,6.13,都市：住
RPUTMLSLLHJFFBF56CB,建林段,6.57,都市：住
RPWSMLSLLHJFFBF66CB,建林段,4.45,都市：住
RPWSMLSLLHJFFBF66CB,建林段,6.13,都市：住
RPWSMLSLLHJFFBF66CB,建林段,6.57,都市：住
RPRTMLSLLHJFFBF88CB,建林段,3.45,都市：住
RPRTMLSLLHJFFBF88CB,建林段,4.76,都市：住
RPRTMLSLLHJFFBF88CB,建林段,5.10,都市：住
RPVTMLSLLHJFFBF66CB,建林段,3.84,都市：住
RPVTMLSLLHJFFBF66CB,建林段,5.29,都市：住
RPVTMLSLLHJFFBF66CB,建林段,5.67,都市：住
RPSTMLSLLHJFFBF98CB,建林段,3.84,都市：住
RPSTMLSLLHJFFBF98CB,建林段,5.29,都市：住
RPSTMLSLLHJFFBF98CB,建林段,5.67,都市：住
RPWTMLSLLHJFFBF76CB,建林段,4.67,都市：住
RPWTMLSLLHJFFBF76CB,建林段,6.44,都市：住
RPWTMLSLLHJFFBF76CB,建林段,6.90,都市：住
RPXSMLSLLHJFFBF76CB,建林段,3.45,都市：住
RPXSMLSLLHJFFBF76CB,建林段,4.76,都市：住
RPXSMLSLLHJFFBF76CB,建林段,5.10,都市：住
RPQTMLSLLHJFFBF78CB,建林段,4.45,都市：住
RPQTMLSLLHJFFBF78CB,建林段,6.13,都市：住
RPQTMLSLLHJFFBF78CB,建林段,6.57,都市：住
RPRUMLSLLHJFFBF98CB,建林段,5.28,都市：住
RPRUMLSLLHJFFBF98CB,建林段,7.29,都市：住
RPRUMLSLLHJFFBF98CB,建林段,7.81,都市：住
RPSUMLSLLHJFFBF09CB,建林段,5.28,都市：住
RPSUMLSLLHJFFBF09CB,建林段,7.29,都市：住
RPSUMLSLLHJFFBF09CB,建林段,7.81,都市：住
RPOUMLSLLHJFFBF68CB,建林段,5.28,都市：住
RPOUMLSLLHJFFBF68CB,建林段,7.29,都市：住
RPOUMLSLLHJFFBF68CB,建林段,7.81,都市：住
RPPUMLSLLHJFFBF78CB,建林段,5.28,都市：住
RPPUMLSLLHJFFBF78CB,建林段,7.29,都市：住
RPPUMLSLLHJFFBF78CB,建林段,7.81,都市：住
RPQUMLSLLHJFFBF88CB,建林段,5.28,都市：住
RPQUMLSLLHJFFBF88CB,建林段,7.29,都市：住
RPQUMLSLLHJFFBF88CB,建林段,7.81,都市：住
RPVUMLSLLHJFFBF76CB,建林段,5.28,都市：住
RPVUMLSLLHJFFBF76CB,建林段,7.29,都市：住
RPVUMLSLLHJFFBF76CB,建林段,7.81,都市：住
RPPVMLSLLHJFFBF88CB,建林段,5.28,都市：住
RPPVMLSLLHJFFBF88CB,建林段,7.29,都市：住
RPPVMLSLLHJFFBF88CB,建林段,7.81,都市：住
RPSVMLSLLHJFFBF56CB,建林段,4.83,都市：住
RPSVMLSLLHJFFBF56CB,建林段,6.66,都市：住
RPSVMLSLLHJFFBF56CB,建林段,7.14,都市：住
RPWVMLSLLHJFFBF96CB,建林段,5.44,都市：住
RPWVMLSLLHJFFBF96CB,建林段,7.50,都市：住
RPWVMLSLLHJFFBF96CB,建林段,8.04,都市：住
RPUVMLSLLHJFFBF76CB,建林段,4.83,都市：住
RPUVMLSLLHJFFBF76CB,建林段,6.66,都市：住
RPUVMLSLLHJFFBF76CB,建林段,7.14,都市：住
RPQVMLSLLHJFFBF98CB,建林段,4.42,都市：住
RPQVMLSLLHJFFBF98CB,建林段,6.10,都市：住
RPQVMLSLLHJFFBF98CB,建林段,6.53,都市：住
RPTUMLSLLHJFFBF56CB,建林段,4.67,都市：住
RPTUMLSLLHJFFBF56CB,建林段,6.44,都市：住
RPTUMLSLLHJFFBF56CB,建林段,6.90,都市：住
RPXUMLSLLHJFFBF96CB,建林段,5.28,都市：住
RPXUMLSLLHJFFBF96CB,建林段,7.29,都市：住
RPXUMLSLLHJFFBF96CB,建林段,7.81,都市：住
RPOVMLSLLHJFFBF78CB,建林段,5.28,都市：住
RPOVMLSLLHJFFBF78CB,建林段,7.29,都市：住
RPOVMLSLLHJFFBF78CB,建林段,7.81,都市：住
RPTVMLSLLHJFFBF66CB,建林段,4.83,都市：住
RPTVMLSLLHJFFBF66CB,建林段,6.66,都市：住
RPTVMLSLLHJFFBF66CB,建林段,7.14,都市：住
RPOWMLSLLHJFFBF88CB,建林段,5.44,都市：住
RPOWMLSLLHJFFBF88CB,建林段,7.50,都市：住
RPOWMLSLLHJFFBF88CB,建林段,8.04,都市：住
RPRWMLSLLHJFFBF56CB,建林段,5.44,都市：住
RPRWMLSLLHJFFBF56CB,建林段,7.50,都市：住
RPRWMLSLLHJFFBF56CB,建林段,8.04,都市：住
RPQWMLSLLHJFFBF09CB,建林段,5.44,都市：住
RPQWMLSLLHJFFBF09CB,建林段,7.50,都市：住
RPQWMLSLLHJFFBF09CB,建林段,8.04,都市：住
RPPWMLSLLHJFFBF98CB,建林段,5.44,都市：住
RPPWMLSLLHJFFBF98CB,建林段,7.50,都市：住
RPPWMLSLLHJFFBF98CB,建林段,8.04,都市：住
RPTWMLSLLHJFFBF76CB,建林段,4.83,都市：住
RPTWMLSLLHJFFBF76CB,建林段,6.66,都市：住
RPTWMLSLLHJFFBF76CB,建林段,7.14,都市：住
RPUWMLSLLHJFFBF86CB,建林段,5.44,都市：住
RPUWMLSLLHJFFBF86CB,建林段,7.50,都市：住
RPUWMLSLLHJFFBF86CB,建林段,8.04,都市：住
RPVWMLSLLHJFFBF96CB,建林段,4.57,都市：住
RPVWMLSLLHJFFBF96CB,建林段,6.31,都市：住
RPVWMLSLLHJFFBF96CB,建林段,6.76,都市：住
RPSWMLSLLHJFFBF66CB,建林段,5.44,都市：住
RPSWMLSLLHJFFBF66CB,建林段,7.50,都市：住
RPSWMLSLLHJFFBF66CB,建林段,8.04,都市：住
RPWWMLSLLHJFFBF07CB,建林段,5.12,都市：住
RPWWMLSLLHJFFBF07CB,建林段,7.06,都市：住
RPWWMLSLLHJFFBF07CB,建林段,7.56,都市：住
RPXWMLSLLHJFFBF17CB,建林段,4.57,都市：住
RPXWMLSLLHJFFBF17CB,建林段,6.30,都市：住
RPXWMLSLLHJFFBF17CB,建林段,6.75,都市：住
RPPNNLSLLHJFFBF18CB,建林段,2.95,都市：住
RPPNNLSLLHJFFBF18CB,建林段,4.07,都市：住
RPPNNLSLLHJFFBF18CB,建林段,4.36,都市：住
RPQNNLSLLHJFFBF28CB,建林段,4.07,都市：住
RPQNNLSLLHJFFBF28CB,建林段,5.61,都市：住
RPQNNLSLLHJFFBF28CB,建林段,6.01,都市：住
RPONNLSLLHJFFBF08CB,建林段,3.01,都市：住
RPONNLSLLHJFFBF08CB,建林段,4.15,都市：住
RPONNLSLLHJFFBF08CB,建林段,4.45,都市：住
RPPQMLLJMHJFFBF57CB,副都心段一小段,19.66,都市：商
RPTQMLLJMHJFFBF97CB,副都心段一小段,20.98,都市：商
RPSQMLLJMHJFFBF87CB,副都心段一小段,20.98,都市：商
RPUQMLLJMHJFFBF08CB,副都心段一小段,20.98,都市：商
RPVQMLLJMHJFFBF18CB,副都心段一小段,20.98,都市：商
RPRQMLLJMHJFFBF77CB,副都心段一小段,19.66,都市：商
RPQQMLLJMHJFFBF67CB,副都心段一小段,19.66,都市：商
RPOQMLLJMHJFFBF47CB,副都心段一小段,19.66,都市：商
RPXQMLLJMHJFFBF38CB,副都心段一小段,18.21,都市：商
RPWQMLLJMHJFFBF28CB,副都心段一小段,18.21,都市：商
RPSRMLLJMHJFFBF97CB,副都心段一小段,18.21,都市：商
RPRRMLLJMHJFFBF87CB,副都心段一小段,18.21,都市：商
RPXRMLLJMHJFFBF48CB,副都心段一小段,18.21,都市：商
RPWRMLLJMHJFFBF38CB,副都心段一小段,18.21,都市：商
RPTRMLLJMHJFFBF08CB,副都心段一小段,18.21,都市：商
RPQSMLLJMHJFFBF87CB,副都心段一小段,18.21,都市：商
RPTSMLLJMHJFFBF18CB,副都心段一小段,15.57,都市：商
RPRSMLLJMHJFFBF97CB,副都心段一小段,15.57,都市：商
RPVSMLLJMHJFFBF38CB,副都心段一小段,15.57,都市：商
RPWSMLLJMHJFFBF48CB,副都心段一小段,15.57,都市：商
RPUSMLLJMHJFFBF28CB,副都心段一小段,15.57,都市：商
RPOSMLLJMHJFFBF67CB,副都心段一小段,18.21,都市：商
RPXSMLLJMHJFFBF58CB,副都心段一小段,15.57,都市：商
RPOTMLLJMHJFFBF77CB,副都心段一小段,15.57,都市：商
RPPTMLLJMHJFFBF87CB,副都心段一小段,15.57,都市：商
RPWPMLLJMHJFFBF18CB,副都心段一小段,19.66,都市：商
RPSPMLLJMHJFFBF77CB,副都心段一小段,19.66,都市：商
RPUPMLLJMHJFFEF28CB,公司田段,18.08,都市：住
RPVPMLLJMHJFFEF38CB,公司田段,34.71,都市：住
RPWPMLLJMHJFFEF48CB,公司田段,34.67,都市：住
RPSQMLLJMHJFFEF18CB,公司田段,15.31,都市：住
RPTQMLLJMHJFFEF28CB,公司田段,27.64,都市：住
RPPQMLLJMHJFFEF87CB,公司田段,35.71,都市：住
RPUQMLLJMHJFFEF38CB,公司田段,15.31,都市：住
RPXQMLLJMHJFFEF68CB,公司田段,28.46,都市：住
RPRQMLLJMHJFFEF08CB,公司田段,15.31,都市：住
RPVQMLLJMHJFFEF48CB,公司田段,15.31,都市：住
RPQQMLLJMHJFFEF97CB,公司田段,25.78,都市：住
RPORMLLJMHJFFEF87CB,公司田段,17.21,都市：住
RPOQMLLJMHJFFEF77CB,公司田段,36.04,都市：住
RPXPMLLJMHJFFEF58CB,公司田段,36.04,都市：住
RPPRMLLJMHJFFEF97CB,公司田段,22.63,都市：住
RPWQMLLJMHJFFEF58CB,公司田段,34.71,都市：住
RPRRMLLJMHJFFEF18CB,公司田段,17.21,都市：住
RPSRMLLJMHJFFEF28CB,公司田段,17.21,都市：住
RPTRMLLJMHJFFEF38CB,公司田段,15.31,都市：住
RPVRMLLJMHJFFEF58CB,公司田段,25.78,都市：住
RPURMLLJMHJFFEF48CB,公司田段,25.78,都市：住
RPQRMLLJMHJFFEF08CB,公司田段,15.31,都市：住
RPWRMLLJMHJFFEF68CB,公司田段,25.78,都市：住
RPXRMLLJMHJFFEF78CB,公司田段,15.31,都市：住
RPOSMLLJMHJFFEF97CB,公司田段,17.21,都市：住
RPPSMLLJMHJFFEF08CB,公司田段,17.21,都市：住
RPSSMLLJMHJFFEF38CB,公司田段,27.64,都市：住
RPTSMLLJMHJFFEF48CB,公司田段,27.64,都市：住
RPRSMLLJMHJFFEF28CB,公司田段,34.71,都市：住
RPUSMLLJMHJFFEF58CB,公司田段,34.30,都市：住
RPQSMLLJMHJFFEF18CB,公司田段,15.31,都市：住
RPVSMLLJMHJFFEF68CB,公司田段,25.78,都市：住
RPOTMLLJMHJFFEF08CB,公司田段,15.31,都市：住
RPXSMLLJMHJFFEF88CB,公司田段,17.21,都市：住
RPSTMLLJMHJFFEF48CB,公司田段,27.64,都市：住
RPRTMLLJMHJFFEF38CB,公司田段,15.31,都市：住
RPWSMLLJMHJFFEF78CB,公司田段,17.21,都市：住
RPPTMLLJMHJFFEF18CB,公司田段,17.21,都市：住
RPQTMLLJMHJFFEF28CB,公司田段,17.21,都市：住
RPVTMLLJMHJFFEF78CB,公司田段,27.64,都市：住
RPUTMLLJMHJFFEF68CB,公司田段,15.31,都市：住
RPOUMLLJMHJFFEF18CB,公司田段,22.63,都市：住
RPTTMLLJMHJFFEF58CB,公司田段,27.64,都市：住
RPWTMLLJMHJFFEF88CB,公司田段,22.63,都市：住
RPPUMLLJMHJFFEF28CB,公司田段,25.78,都市：住
RPSUMLLJMHJFFEF58CB,公司田段,34.71,都市：住
RPWUMLLJMHJFFEF98CB,公司田段,27.64,都市：住
RPVUMLLJMHJFFEF88CB,公司田段,22.63,都市：住
RPUUMLLJMHJFFEF78CB,公司田段,15.31,都市：住
RPXTMLLJMHJFFEF98CB,公司田段,27.64,都市：住
RPRUMLLJMHJFFEF48CB,公司田段,27.64,都市：住
RPTUMLLJMHJFFEF68CB,公司田段,17.21,都市：住
RPQUMLLJMHJFFEF38CB,公司田段,15.31,都市：住
RPXUMLLJMHJFFEF09CB,公司田段,14.89,都市：住
RPQVMLLJMHJFFEF48CB,公司田段,27.64,都市：住
RPPVMLLJMHJFFEF38CB,公司田段,15.31,都市：住
RPOVMLLJMHJFFEF28CB,公司田段,15.31,都市：住
RPTVMLLJMHJFFEF78CB,公司田段,34.71,都市：住
RPVVMLLJMHJFFEF98CB,公司田段,17.21,都市：住
RPUVMLLJMHJFFEF88CB,公司田段,34.71,都市：住
RPSVMLLJMHJFFEF68CB,公司田段,15.31,都市：住
RPRVMLLJMHJFFEF58CB,公司田段,22.63,都市：住
RPWVMLLJMHJFFEF09CB,公司田段,15.31,都市：住
RPXVMLLJMHJFFEF56CB,公司田段,27.64,都市：住
RPPWMLLJMHJFFEF48CB,公司田段,27.64,都市：住
RPSWMLLJMHJFFEF78CB,公司田段,34.71,都市：住
RPOWMLLJMHJFFEF38CB,公司田段,34.71,都市：住
RPQWMLLJMHJFFEF58CB,公司田段,15.31,都市：住
RPRWMLLJMHJFFEF68CB,公司田段,17.21,都市：住
RPRNNLLJMHJFFEF87CB,公司田段,29.38,都市：住
RPQNNLLJMHJFFEF77CB,公司田段,27.47,都市：住
RPSNNLLJMHJFFEF97CB,公司田段,27.47,都市：住
RPWWMLLJMHJFFEF56CB,公司田段,29.38,都市：住
RPVWMLLJMHJFFEF09CB,公司田段,29.38,都市：住
RPXWMLLJMHJFFEF66CB,公司田段,25.78,都市：住
RPTNNLLJMHJFFEF08CB,公司田段,25.78,都市：住
RPONNLLJMHJFFEF57CB,公司田段,22.63,都市：住
RPUWMLLJMHJFFEF98CB,公司田段,27.47,都市：住
RPUNNLLJMHJFFEF18CB,公司田段,25.78,都市：住
RPVNNLLJMHJFFEF28CB,公司田段,27.64,都市：住
RPSONLLJMHJFFEF08CB,公司田段,25.78,都市：住
RPXNNLLJMHJFFEF48CB,公司田段,15.31,都市：住
RPWNNLLJMHJFFEF38CB,公司田段,27.47,都市：住
RPPONLLJMHJFFEF77CB,公司田段,17.21,都市：住
RPQONLLJMHJFFEF87CB,公司田段,29.38,都市：住
RPOONLLJMHJFFEF67CB,公司田段,29.38,都市：住
RPRONLLJMHJFFEF97CB,公司田段,17.21,都市：住
RPTONLLJMHJFFEF18CB,公司田段,25.78,都市：住
RPUONLLJMHJFFEF28CB,公司田段,27.64,都市：住
RPVONLLJMHJFFEF38CB,公司田段,25.78,都市：住
RPWONLLJMHJFFEF48CB,公司田段,29.38,都市：住
RPPPNLLJMHJFFEF87CB,公司田段,27.47,都市：住
RPXONLLJMHJFFEF58CB,公司田段,15.31,都市：住
RPOPNLLJMHJFFEF77CB,公司田段,29.38,都市：住
RPRPNLLJMHJFFEF08CB,公司田段,25.78,都市：住
RPQPNLLJMHJFFEF97CB,公司田段,23.50,都市：住
RPSPNLLJMHJFFEF18CB,公司田段,27.47,都市：住
RPSQNLLJMHJFFEF28CB,公司田段,25.78,都市：住
RPOQNLLJMHJFFEF87CB,公司田段,29.38,都市：住
RPPQNLLJMHJFFEF97CB,公司田段,29.38,都市：住
RPWPNLLJMHJFFEF58CB,公司田段,29.38,都市：住
RPXPNLLJMHJFFEF68CB,公司田段,29.38,都市：住
RPQQNLLJMHJFFEF08CB,公司田段,27.47,都市：住
RPUPNLLJMHJFFEF38CB,公司田段,27.64,都市：住
RPVPNLLJMHJFFEF48CB,公司田段,27.47,都市：住
RPRQNLLJMHJFFEF18CB,公司田段,27.47,都市：住
RPTPNLLJMHJFFEF28CB,公司田段,25.78,都市：住
RPUQNLLJMHJFFEF48CB,公司田段,17.21,都市：住
RPWQNLLJMHJFFEF68CB,公司田段,17.21,都市：住
RPVQNLLJMHJFFEF58CB,公司田段,27.64,都市：住
RPTQNLLJMHJFFEF38CB,公司田段,25.78,都市：住
RPQRNLLJMHJFFEF18CB,公司田段,27.64,都市：住
RPXQNLLJMHJFFEF78CB,公司田段,27.47,都市：住
RPORNLLJMHJFFEF97CB,公司田段,17.21,都市：住
RPRRNLLJMHJFFEF28CB,公司田段,17.21,都市：住
RPSRNLLJMHJFFEF38CB,公司田段,17.21,都市：住
RPPRNLLJMHJFFEF08CB,公司田段,17.21,都市：住
RPURNLLJMHJFFEF58CB,公司田段,25.78,都市：住
RPTRNLLJMHJFFEF48CB,公司田段,17.21,都市：住
RPWRNLLJMHJFFEF78CB,公司田段,27.64,都市：住
RPOSNLLJMHJFFEF08CB,公司田段,29.38,都市：住
RPXRNLLJMHJFFEF88CB,公司田段,27.64,都市：住
RPVRNLLJMHJFFEF68CB,公司田段,25.78,都市：住
RPPSNLLJMHJFFEF18CB,公司田段,27.47,都市：住
RPQSNLLJMHJFFEF28CB,公司田段,17.21,都市：住
RPRSNLLJMHJFFEF38CB,公司田段,27.47,都市：住
RPSSNLLJMHJFFEF48CB,公司田段,27.64,都市：住
RPTSNLLJMHJFFEF58CB,公司田段,27.64,都市：住
RPUSNLLJMHJFFEF68CB,公司田段,25.78,都市：住
RPXSNLLJMHJFFEF98CB,公司田段,17.21,都市：住
RPWSNLLJMHJFFEF88CB,公司田段,27.64,都市：住
RPVSNLLJMHJFFEF78CB,公司田段,27.64,都市：住
RPQNMLRJMHJFFGF48CB,正義段,2.92,都市：商
RPQNMLRJMHJFFGF48CB,正義段,2.14,都市：商
RPQNMLRJMHJFFGF48CB,正義段,3.28,都市：商
RPUNMLRJMHJFFGF88CB,正義段,2.92,都市：商
RPUNMLRJMHJFFGF88CB,正義段,2.14,都市：商
RPUNMLRJMHJFFGF88CB,正義段,3.28,都市：商
RPXNMLRJMHJFFGF56CB,正義段,3.08,都市：商
RPXNMLRJMHJFFGF56CB,正義段,2.25,都市：商
RPXNMLRJMHJFFGF56CB,正義段,3.45,都市：商
RPOOMLRJMHJFFGF38CB,正義段,4.47,都市：商
RPOOMLRJMHJFFGF38CB,正義段,3.27,都市：商
RPOOMLRJMHJFFGF38CB,正義段,5.02,都市：商
RPTNMLRJMHJFFGF78CB,正義段,4.73,都市：商
RPTNMLRJMHJFFGF78CB,正義段,3.47,都市：商
RPTNMLRJMHJFFGF78CB,正義段,5.31,都市：商
RPRNMLRJMHJFFGF58CB,正義段,4.73,都市：商
RPRNMLRJMHJFFGF58CB,正義段,3.47,都市：商
RPRNMLRJMHJFFGF58CB,正義段,5.31,都市：商
RPQOMLRJMHJFFGF58CB,正義段,4.49,都市：商
RPQOMLRJMHJFFGF58CB,正義段,3.29,都市：商
RPQOMLRJMHJFFGF58CB,正義段,5.05,都市：商
RPVNMLRJMHJFFGF98CB,正義段,3.08,都市：商
RPVNMLRJMHJFFGF98CB,正義段,2.25,都市：商
RPVNMLRJMHJFFGF98CB,正義段,3.45,都市：商
RPWNMLRJMHJFFGF09CB,正義段,2.92,都市：商
RPWNMLRJMHJFFGF09CB,正義段,2.14,都市：商
RPWNMLRJMHJFFGF09CB,正義段,3.28,都市：商
RPPOMLRJMHJFFGF48CB,正義段,4.49,都市：商
RPPOMLRJMHJFFGF48CB,正義段,3.29,都市：商
RPPOMLRJMHJFFGF48CB,正義段,5.05,都市：商
RPTOMLRJMHJFFGF88CB,正義段,4.49,都市：商
RPTOMLRJMHJFFGF88CB,正義段,3.29,都市：商
RPTOMLRJMHJFFGF88CB,正義段,5.05,都市：商
RPWOMLRJMHJFFGF56CB,正義段,4.49,都市：商
RPWOMLRJMHJFFGF56CB,正義段,3.29,都市：商
RPWOMLRJMHJFFGF56CB,正義段,5.05,都市：商
RPROMLRJMHJFFGF68CB,正義段,4.49,都市：商
RPROMLRJMHJFFGF68CB,正義段,3.29,都市：商
RPROMLRJMHJFFGF68CB,正義段,5.05,都市：商
RPPPMLRJMHJFFGF58CB,正義段,4.49,都市：商
RPPPMLRJMHJFFGF58CB,正義段,3.29,都市：商
RPPPMLRJMHJFFGF58CB,正義段,5.05,都市：商
RPUOMLRJMHJFFGF98CB,正義段,4.49,都市：商
RPUOMLRJMHJFFGF98CB,正義段,3.29,都市：商
RPUOMLRJMHJFFGF98CB,正義段,5.05,都市：商
RPQPMLRJMHJFFGF68CB,正義段,4.49,都市：商
RPQPMLRJMHJFFGF68CB,正義段,3.29,都市：商
RPQPMLRJMHJFFGF68CB,正義段,5.05,都市：商
RPOQMLRJMHJFFGF58CB,正義段,4.47,都市：商
RPOQMLRJMHJFFGF58CB,正義段,3.27,都市：商
RPOQMLRJMHJFFGF58CB,正義段,5.02,都市：商
RPPQMLRJMHJFFGF68CB,正義段,4.73,都市：商
RPPQMLRJMHJFFGF68CB,正義段,3.47,都市：商
RPSPMLRJMHJFFGF88CB,正義段,4.73,都市：商
RPPQMLRJMHJFFGF68CB,正義段,5.31,都市：商
RPSPMLRJMHJFFGF88CB,正義段,3.47,都市：商
RPSPMLRJMHJFFGF88CB,正義段,5.31,都市：商
RPQQMLRJMHJFFGF78CB,正義段,4.47,都市：商
RPQQMLRJMHJFFGF78CB,正義段,3.27,都市：商
RPQQMLRJMHJFFGF78CB,正義段,5.02,都市：商
RPRPMLRJMHJFFGF78CB,正義段,4.73,都市：商
RPRPMLRJMHJFFGF78CB,正義段,3.47,都市：商
RPRPMLRJMHJFFGF78CB,正義段,5.31,都市：商
RPUPMLRJMHJFFGF09CB,正義段,4.73,都市：商
RPUPMLRJMHJFFGF09CB,正義段,3.47,都市：商
RPUPMLRJMHJFFGF09CB,正義段,5.31,都市：商
RPXPMLRJMHJFFGF76CB,正義段,2.72,都市：商
RPXPMLRJMHJFFGF76CB,正義段,2.00,都市：商
RPXPMLRJMHJFFGF76CB,正義段,3.06,都市：商
RPTPMLRJMHJFFGF98CB,正義段,4.73,都市：商
RPTPMLRJMHJFFGF98CB,正義段,3.47,都市：商
RPTPMLRJMHJFFGF98CB,正義段,5.31,都市：商
RPWQMLRJMHJFFGF76CB,正義段,2.40,都市：商
RPWQMLRJMHJFFGF76CB,正義段,1.76,都市：商
RPWQMLRJMHJFFGF76CB,正義段,2.70,都市：商
RPXQMLRJMHJFFGF86CB,正義段,2.92,都市：商
RPXQMLRJMHJFFGF86CB,正義段,2.14,都市：商
RPXQMLRJMHJFFGF86CB,正義段,3.28,都市：商
RPVQMLRJMHJFFGF66CB,正義段,3.40,都市：商
RPVQMLRJMHJFFGF66CB,正義段,2.49,都市：商
RPVQMLRJMHJFFGF66CB,正義段,3.82,都市：商
RPTQMLRJMHJFFGF09CB,正義段,4.70,都市：商
RPTQMLRJMHJFFGF09CB,正義段,3.45,都市：商
RPTQMLRJMHJFFGF09CB,正義段,5.28,都市：商
RPORMLRJMHJFFGF68CB,正義段,4.73,都市：商
RPORMLRJMHJFFGF68CB,正義段,3.47,都市：商
RPORMLRJMHJFFGF68CB,正義段,5.31,都市：商
RPUQMLRJMHJFFGF56CB,正義段,2.40,都市：商
RPUQMLRJMHJFFGF56CB,正義段,1.76,都市：商
RPUQMLRJMHJFFGF56CB,正義段,2.70,都市：商
RPSQMLRJMHJFFGF98CB,正義段,4.47,都市：商
RPSQMLRJMHJFFGF98CB,正義段,3.27,都市：商
RPSQMLRJMHJFFGF98CB,正義段,5.02,都市：商
RPPRMLRJMHJFFGF78CB,正義段,3.08,都市：商
RPPRMLRJMHJFFGF78CB,正義段,2.25,都市：商
RPPRMLRJMHJFFGF78CB,正義段,3.45,都市：商
RPRRMLRJMHJFFGF98CB,正義段,4.70,都市：商
RPRRMLRJMHJFFGF98CB,正義段,3.45,都市：商
RPRRMLRJMHJFFGF98CB,正義段,5.28,都市：商
RPQRMLRJMHJFFGF88CB,正義段,4.47,都市：商
RPQRMLRJMHJFFGF88CB,正義段,3.27,都市：商
RPQRMLRJMHJFFGF88CB,正義段,5.02,都市：商
RPURMLRJMHJFFGF66CB,正義段,2.40,都市：商
RPURMLRJMHJFFGF66CB,正義段,1.76,都市：商
RPURMLRJMHJFFGF66CB,正義段,2.70,都市：商
RPTRMLRJMHJFFGF56CB,正義段,4.73,都市：商
RPTRMLRJMHJFFGF56CB,正義段,3.47,都市：商
RPTRMLRJMHJFFGF56CB,正義段,5.31,都市：商
RPVRMLRJMHJFFGF76CB,正義段,4.49,都市：商
RPVRMLRJMHJFFGF76CB,正義段,3.29,都市：商
RPVRMLRJMHJFFGF76CB,正義段,5.05,都市：商
RPOSMLRJMHJFFGF78CB,正義段,4.70,都市：商
RPOSMLRJMHJFFGF78CB,正義段,3.45,都市：商
RPOSMLRJMHJFFGF78CB,正義段,5.28,都市：商
RPSRMLRJMHJFFGF09CB,正義段,4.73,都市：商
RPSRMLRJMHJFFGF09CB,正義段,3.47,都市：商
RPSRMLRJMHJFFGF09CB,正義段,5.31,都市：商
RPXRMLRJMHJFFGF96CB,正義段,4.70,都市：商
RPXRMLRJMHJFFGF96CB,正義段,3.45,都市：商
RPXRMLRJMHJFFGF96CB,正義段,5.28,都市：商
RPWRMLRJMHJFFGF86CB,正義段,4.70,都市：商
RPWRMLRJMHJFFGF86CB,正義段,3.45,都市：商
RPWRMLRJMHJFFGF86CB,正義段,5.28,都市：商
RPPSMLRJMHJFFGF88CB,正義段,4.47,都市：商
RPPSMLRJMHJFFGF88CB,正義段,3.27,都市：商
RPPSMLRJMHJFFGF88CB,正義段,5.02,都市：商
RPRSMLRJMHJFFGF09CB,正義段,4.70,都市：商
RPRSMLRJMHJFFGF09CB,正義段,3.45,都市：商
RPRSMLRJMHJFFGF09CB,正義段,5.28,都市：商
RPQSMLRJMHJFFGF98CB,正義段,4.73,都市：商
RPQSMLRJMHJFFGF98CB,正義段,3.46,都市：商
RPQSMLRJMHJFFGF98CB,正義段,5.31,都市：商
RPSOMLSJMHJFFBF38CB,副都心段一小段,15.57,都市：商
RPSOMLNLMHJFFIF78CB,民生段,19.65,都市：住
RPOOMLNLMHJFFIF38CB,民生段,32.97,都市：住
RPVNMLNLMHJFFIF98CB,民生段,26.11,都市：住
RPUNMLNLMHJFFIF88CB,民生段,32.97,都市：住
RPXNMLNLMHJFFIF56CB,民生段,26.28,都市：住
RPTOMLNLMHJFFIF88CB,民生段,28.80,都市：住
RPWNMLNLMHJFFIF09CB,民生段,19.65,都市：住
RPXOMLNLMHJFFIF66CB,民生段,19.65,都市：住
RPROMLNLMHJFFIF68CB,民生段,19.62,都市：住
RPVOMLNLMHJFFIF09CB,民生段,26.11,都市：住
RPPPMLNLMHJFFIF58CB,民生段,19.48,都市：住
RPPOMLNLMHJFFIF48CB,民生段,32.81,都市：住
RPWOMLNLMHJFFIF56CB,民生段,19.65,都市：住
RPQOMLNLMHJFFIF58CB,民生段,28.80,都市：住
RPQPMLNLMHJFFIF68CB,民生段,32.81,都市：住
RPRPMLNLMHJFFIF78CB,民生段,26.11,都市：住
RPTPMLNLMHJFFIF98CB,民生段,32.97,都市：住
RPQQMLNLMHJFFIF78CB,民生段,28.80,都市：住
RPRQMLNLMHJFFIF88CB,民生段,32.97,都市：住
RPUPMLNLMHJFFIF09CB,民生段,19.82,都市：住
RPWPMLNLMHJFFIF66CB,民生段,19.48,都市：住
RPPQMLNLMHJFFIF68CB,民生段,26.11,都市：住
RPSQMLNLMHJFFIF98CB,民生段,19.48,都市：住
RPXPMLNLMHJFFIF76CB,民生段,28.80,都市：住
RPVPMLNLMHJFFIF56CB,民生段,32.81,都市：住
RPXQMLNLMHJFFIF86CB,民生段,26.11,都市：住
RPVQMLNLMHJFFIF66CB,民生段,19.65,都市：住
RPORMLNLMHJFFIF68CB,民生段,19.62,都市：住
RPUQMLNLMHJFFIF56CB,民生段,26.44,都市：住
RPWQMLNLMHJFFIF76CB,民生段,32.97,都市：住
RPPRMLNLMHJFFIF78CB,民生段,32.97,都市：住
RPRRMLNLMHJFFIF98CB,民生段,28.63,都市：住
RPURMLNLMHJFFIF66CB,民生段,26.28,都市：住
RPTRMLNLMHJFFIF56CB,民生段,28.80,都市：住
RPSRMLNLMHJFFIF09CB,民生段,28.63,都市：住
RPVRMLNLMHJFFIF76CB,民生段,19.65,都市：住
RPXRMLNLMHJFFIF96CB,民生段,19.48,都市：住
RPWRMLNLMHJFFIF86CB,民生段,26.44,都市：住
RPRSMLNLMHJFFIF09CB,民生段,19.48,都市：住
RPQSMLNLMHJFFIF98CB,民生段,28.53,都市：住
RPOSMLNLMHJFFIF78CB,民生段,19.65,都市：住
RPSSMLNLMHJFFIF56CB,民生段,32.97,都市：住
RPTSMLNLMHJFFIF66CB,民生段,26.44,都市：住
RPUSMLNLMHJFFIF76CB,民生段,32.81,都市：住
RPVSMLNLMHJFFIF86CB,民生段,26.28,都市：住
RPWSMLNLMHJFFIF96CB,民生段,26.44,都市：住
RPXSMLNLMHJFFIF07CB,民生段,19.48,都市：住
RPOTMLNLMHJFFIF88CB,民生段,19.48,都市：住
RPRTMLNLMHJFFIF56CB,民生段,19.48,都市：住
RPPTMLNLMHJFFIF98CB,民生段,28.80,都市：住
RPTTMLNLMHJFFIF76CB,民生段,28.63,都市：住
RPSTMLNLMHJFFIF66CB,民生段,19.48,都市：住
RPVTMLNLMHJFFIF96CB,民生段,19.48,都市：住
RPUTMLNLMHJFFIF86CB,民生段,19.65,都市：住
RPWTMLNLMHJFFIF07CB,民生段,26.44,都市：住
RPOUMLNLMHJFFIF98CB,民生段,19.48,都市：住
RPUUMLNLMHJFFIF96CB,民生段,19.65,都市：住
RPQUMLNLMHJFFIF56CB,民生段,32.97,都市：住
RPXTMLNLMHJFFIF17CB,民生段,28.80,都市：住
RPRUMLNLMHJFFIF66CB,民生段,26.44,都市：住
RPOVMLNLMHJFFIF09CB,民生段,28.37,都市：住
RPXUMLNLMHJFFIF27CB,民生段,19.65,都市：住
RPSUMLNLMHJFFIF76CB,民生段,32.97,都市：住
RPPVMLNLMHJFFIF56CB,民生段,19.65,都市：住
RPTUMLNLMHJFFIF86CB,民生段,28.63,都市：住
RPWVMLNLMHJFFIF27CB,民生段,19.48,都市：住
RPOWMLNLMHJFFIF56CB,民生段,32.97,都市：住
RPQWMLNLMHJFFIF76CB,民生段,19.65,都市：住
RPTVMLNLMHJFFIF96CB,民生段,19.65,都市：住
RPUVMLNLMHJFFIF07CB,民生段,19.65,都市：住
RPQVMLNLMHJFFIF66CB,民生段,28.80,都市：住
RPRVMLNLMHJFFIF76CB,民生段,26.44,都市：住
RPSWMLNLMHJFFIF96CB,民生段,32.97,都市：住
RPRWMLNLMHJFFIF86CB,民生段,19.65,都市：住
RPXVMLNLMHJFFIF37CB,民生段,28.80,都市：住
RPTWMLNLMHJFFIF07CB,民生段,19.65,都市：住
RPUWMLNLMHJFFIF17CB,民生段,19.65,都市：住
RPVWMLNLMHJFFIF27CB,民生段,32.81,都市：住
RPXWMLNLMHJFFIF47CB,民生段,19.65,都市：住
RPWWMLNLMHJFFIF37CB,民生段,26.28,都市：住
RPPNNLNLMHJFFIF48CB,民生段,19.65,都市：住
RPONNLNLMHJFFIF38CB,民生段,32.97,都市：住
RPQNNLNLMHJFFIF58CB,民生段,28.63,都市：住
RPRNNLNLMHJFFIF68CB,民生段,19.48,都市：住
RPSNNLNLMHJFFIF78CB,民生段,19.65,都市：住
RPTNNLNLMHJFFIF88CB,民生段,32.97,都市：住
RPXNNLNLMHJFFIF66CB,民生段,19.65,都市：住
RPUNNLNLMHJFFIF98CB,民生段,26.11,都市：住
RPOONLNLMHJFFIF48CB,民生段,28.80,都市：住
RPRONLNLMHJFFIF78CB,民生段,19.65,都市：住
RPPONLNLMHJFFIF58CB,民生段,32.81,都市：住
RPQONLNLMHJFFIF68CB,民生段,19.65,都市：住
RPWNNLNLMHJFFIF56CB,民生段,26.11,都市：住
RPTONLNLMHJFFIF98CB,民生段,32.97,都市：住
RPUONLNLMHJFFIF09CB,民生段,19.65,都市：住
RPVONLNLMHJFFIF56CB,民生段,19.65,都市：住
RPWONLNLMHJFFIF66CB,民生段,26.28,都市：住
RPQPNLNLMHJFFIF78CB,民生段,19.65,都市：住
RPOPNLNLMHJFFIF58CB,民生段,32.64,都市：住
RPXONLNLMHJFFIF76CB,民生段,28.63,都市：住
RPXPNLNLMHJFFIF86CB,民生段,28.46,都市：住
RPRPNLNLMHJFFIF88CB,民生段,26.28,都市：住
RPSPNLNLMHJFFIF98CB,民生段,28.63,都市：住
RPUPNLNLMHJFFIF56CB,民生段,19.82,都市：住
RPTPNLNLMHJFFIF09CB,民生段,28.63,都市：住
RPOQNLNLMHJFFIF68CB,民生段,26.28,都市：住
RPWPNLNLMHJFFIF76CB,民生段,28.46,都市：住
RPSQNLNLMHJFFIF09CB,民生段,19.48,都市：住
RPRQNLNLMHJFFIF98CB,民生段,32.81,都市：住
RPTQNLNLMHJFFIF56CB,民生段,19.65,都市：住
RPWQNLNLMHJFFIF86CB,民生段,19.65,都市：住
RPUQNLNLMHJFFIF66CB,民生段,19.65,都市：住
RPQRNLNLMHJFFIF98CB,民生段,29.13,都市：住
RPORNLNLMHJFFIF78CB,民生段,32.97,都市：住
RPPRNLNLMHJFFIF88CB,民生段,32.97,都市：住
RPSRNLNLMHJFFIF56CB,民生段,19.48,都市：住
RPXQNLNLMHJFFIF96CB,民生段,19.65,都市：住
RPXRNLNLMHJFFIF07CB,民生段,26.44,都市：住
RPURNLNLMHJFFIF76CB,民生段,32.81,都市：住
RPWRNLNLMHJFFIF96CB,民生段,19.65,都市：住
RPTRNLNLMHJFFIF66CB,民生段,26.11,都市：住
RPVRNLNLMHJFFIF86CB,民生段,19.48,都市：住
RPOSNLNLMHJFFIF88CB,民生段,26.11,都市：住
RPQSNLNLMHJFFIF09CB,民生段,32.97,都市：住
RPPSNLNLMHJFFIF98CB,民生段,19.65,都市：住
RPUSNLNLMHJFFIF86CB,民生段,28.63,都市：住
RPSSNLNLMHJFFIF66CB,民生段,19.65,都市：住
RPOTNLNLMHJFFIF98CB,民生段,26.28,都市：住
RPTSNLNLMHJFFIF76CB,民生段,28.80,都市：住
RPRNMLKMMHJFFCF77CB,雙城段,33.47,都市：住
RPVNMLKMMHJFFCF18CB,雙城段,36.30,都市：住
RPTNMLKMMHJFFCF97CB,雙城段,36.77,都市：住
RPSNMLKMMHJFFCF87CB,雙城段,33.47,都市：住
RPWNMLKMMHJFFCF28CB,雙城段,36.30,都市：住
RPXNMLKMMHJFFCF38CB,雙城段,36.30,都市：住
RPOOMLKMMHJFFCF57CB,雙城段,36.30,都市：住
RPPOMLKMMHJFFCF67CB,雙城段,33.47,都市：住
RPWQMLKMMHJFFBF48CB,力行段,34.88,都市：住
RPPOMLQLMHJFFBF08CB,力行段,42.09,都市：住
RPXQMLKMMHJFFBF58CB,力行段,34.88,都市：住
RPQOMLKMMHJFFCF77CB,雙城段,36.30,都市：住
RPROMLKMMHJFFCF87CB,雙城段,33.47,都市：住
RPSOMLKMMHJFFCF97CB,雙城段,33.47,都市：住
RPUOMLKMMHJFFCF18CB,雙城段,36.77,都市：住
RPTOMLKMMHJFFCF08CB,雙城段,33.47,都市：住
RPVOMLKMMHJFFCF28CB,雙城段,33.47,都市：住
RPWOMLKMMHJFFCF38CB,雙城段,33.47,都市：住
RPXOMLKMMHJFFCF48CB,雙城段,33.47,都市：住
RPPPMLKMMHJFFCF77CB,雙城段,36.30,都市：住
RPOPMLKMMHJFFCF67CB,雙城段,36.30,都市：住
RPSPMLKMMHJFFCF08CB,雙城段,36.30,都市：住
RPTPMLKMMHJFFCF18CB,雙城段,36.30,都市：住
RPRPMLKMMHJFFCF97CB,雙城段,36.30,都市：住
RPQPMLKMMHJFFCF87CB,雙城段,36.77,都市：住
RPUPMLKMMHJFFCF28CB,雙城段,36.30,都市：住
RPVPMLKMMHJFFCF38CB,雙城段,36.77,都市：住
RPWPMLKMMHJFFCF48CB,雙城段,33.47,都市：住
RPPQMLKMMHJFFCF87CB,雙城段,36.77,都市：住
RPXPMLKMMHJFFCF58CB,雙城段,33.47,都市：住
RPOQMLKMMHJFFCF77CB,雙城段,33.47,都市：住
RPQQMLKMMHJFFCF97CB,雙城段,33.47,都市：住
RPRQMLKMMHJFFCF08CB,雙城段,36.77,都市：住
RPTPNLPLMHJFFBF58CB,建林段,15.77,都市：住
RPQNNLPLMHJFFBF08CB,建林段,16.50,都市：住
RPSWMLPLMHJFFBF09CB,建林段,15.53,都市：住
RPSQMLKMMHJFFCF18CB,雙城段,36.30,都市：住
RPTQMLKMMHJFFCF28CB,雙城段,33.47,都市：住
RPUQMLKMMHJFFCF38CB,雙城段,36.30,都市：住
RPXQMLKMMHJFFCF68CB,雙城段,33.47,都市：住
RPWQMLKMMHJFFCF58CB,雙城段,36.30,都市：住
RPORMLKMMHJFFCF87CB,雙城段,33.47,都市：住
RPQRMLKMMHJFFCF08CB,雙城段,36.77,都市：住
RPPRMLKMMHJFFCF97CB,雙城段,33.47,都市：住
RPRRMLKMMHJFFCF18CB,雙城段,36.77,都市：住
RPVQMLKMMHJFFCF48CB,雙城段,36.30,都市：住
RPSRMLKMMHJFFCF28CB,雙城段,33.47,都市：住
RPTRMLKMMHJFFCF38CB,雙城段,36.30,都市：住
RPQSMLKMMHJFFCF18CB,雙城段,33.47,都市：住
RPXRMLKMMHJFFCF78CB,雙城段,36.30,都市：住
RPVRMLKMMHJFFCF58CB,雙城段,36.30,都市：住
RPTSMLKMMHJFFCF48CB,雙城段,33.47,都市：住
RPRSMLKMMHJFFCF28CB,雙城段,36.30,都市：住
RPOSMLKMMHJFFCF97CB,雙城段,33.47,都市：住
RPSSMLKMMHJFFCF38CB,雙城段,36.30,都市：住
RPPSMLKMMHJFFCF08CB,雙城段,33.47,都市：住
RPURMLKMMHJFFCF48CB,雙城段,36.30,都市：住
RPWRMLKMMHJFFCF68CB,雙城段,33.47,都市：住
RPVSMLKMMHJFFCF68CB,雙城段,33.47,都市：住
RPUSMLKMMHJFFCF58CB,雙城段,33.47,都市：住
RPXSMLKMMHJFFCF88CB,雙城段,33.47,都市：住
RPPTMLKMMHJFFCF18CB,雙城段,33.47,都市：住
RPWSMLKMMHJFFCF78CB,雙城段,36.77,都市：住
RPOTMLKMMHJFFCF08CB,雙城段,36.77,都市：住
RPQTMLKMMHJFFCF28CB,雙城段,36.30,都市：住
RPSTMLKMMHJFFCF48CB,雙城段,36.30,都市：住
RPTTMLKMMHJFFCF58CB,雙城段,36.30,都市：住
RPVTMLKMMHJFFCF78CB,雙城段,36.77,都市：住
RPUTMLKMMHJFFCF68CB,雙城段,36.30,都市：住
RPSUMLKMMHJFFCF58CB,雙城段,50.91,都市：住
RPUUMLKMMHJFFCF78CB,雙城段,54.22,都市：住
RPRUMLKMMHJFFCF48CB,雙城段,70.72,都市：住
RPTUMLKMMHJFFCF68CB,雙城段,53.74,都市：住
RPOUMLKMMHJFFCF18CB,雙城段,54.69,都市：住
RPPUMLKMMHJFFCF28CB,雙城段,54.69,都市：住
RPUWMLKMMHJFFCF98CB,雙城段,54.69,都市：住
RPVWMLKMMHJFFCF09CB,雙城段,54.69,都市：住
RPTWMLKMMHJFFCF88CB,雙城段,54.22,都市：住
RPVUMLKMMHJFFCF88CB,雙城段,70.72,都市：住
