﻿編號,土地區段位置,土地移轉面積平方公尺,使用分區或編定
The serial number,land sector position,land shifting area square meter,the use zoning or compiles and checks
RPRQMLPJKHJFFBH18CB,三座屋段三座屋小段,23.49,都市：住
RPQQMLPJKHJFFBH08CB,三座屋段三座屋小段,23.49,都市：住
RPUOMLPJKHJFFBH28CB,三座屋段三座屋小段,24.04,都市：住
RPWQMLPJKHJFFBH68CB,三座屋段三座屋小段,23.49,都市：住
RPTQMLPJKHJFFBH38CB,三座屋段三座屋小段,23.49,都市：住
RPVQMLPJKHJFFBH58CB,三座屋段三座屋小段,23.49,都市：住
RPPQMLPJKHJFFBH97CB,三座屋段三座屋小段,23.49,都市：住
RPXQMLPJKHJFFBH78CB,三座屋段三座屋小段,23.76,都市：住
RPOQMLPJKHJFFBH87CB,三座屋段三座屋小段,23.49,都市：住
RPSQMLPJKHJFFBH28CB,三座屋段三座屋小段,23.49,都市：住
RPUQMLQJKHJFFAH48CB,桃鶯段,23.90,都市：住
RPUPMLQJKHJFFAH38CB,桃鶯段,24.09,都市：住
RPTPMLQJKHJFFAH28CB,桃鶯段,24.28,都市：住
RPPQMLQJKHJFFAH97CB,桃鶯段,24.09,都市：住
RPWPMLQJKHJFFAH58CB,桃鶯段,24.09,都市：住
RPVPMLQJKHJFFAH48CB,桃鶯段,24.09,都市：住
RPXPMLQJKHJFFAH68CB,桃鶯段,24.09,都市：住
RPQQMLQJKHJFFAH08CB,桃鶯段,24.09,都市：住
RPRQMLQJKHJFFAH18CB,桃鶯段,24.09,都市：住
RPSQMLQJKHJFFAH28CB,桃鶯段,24.09,都市：住
RPORMLQJKHJFFAH97CB,桃鶯段,24.09,都市：住
RPPRMLQJKHJFFAH08CB,桃鶯段,23.90,都市：住
RPTRMLQJKHJFFAH48CB,桃鶯段,23.90,都市：住
RPXQMLQJKHJFFAH78CB,桃鶯段,23.90,都市：住
RPQRMLQJKHJFFAH18CB,桃鶯段,23.90,都市：住
RPVRMLQJKHJFFAH68CB,桃鶯段,24.09,都市：住
RPOSMLQJKHJFFAH08CB,桃鶯段,24.09,都市：住
RPWRMLQJKHJFFAH78CB,桃鶯段,24.09,都市：住
RPRSMLQJKHJFFAH38CB,桃鶯段,23.90,都市：住
RPPSMLQJKHJFFAH18CB,桃鶯段,23.90,都市：住
RPTSMLQJKHJFFAH58CB,桃鶯段,23.90,都市：住
RPTTMLQJKHJFFAH68CB,桃鶯段,24.09,都市：住
RPVSMLQJKHJFFAH78CB,桃鶯段,24.09,都市：住
RPUSMLQJKHJFFAH68CB,桃鶯段,24.09,都市：住
RPXSMLQJKHJFFAH98CB,桃鶯段,24.09,都市：住
RPWTMLQJKHJFFAH98CB,桃鶯段,24.09,都市：住
RPRUMLQJKHJFFAH58CB,桃鶯段,24.09,都市：住
RPOUMLQJKHJFFAH28CB,桃鶯段,24.09,都市：住
RPTUMLQJKHJFFAH78CB,桃鶯段,24.28,都市：住
RPWSMLQJKHJFFAH88CB,桃鶯段,24.09,都市：住
RPQTMLQJKHJFFAH38CB,桃鶯段,24.09,都市：住
RPOTMLQJKHJFFAH18CB,桃鶯段,24.09,都市：住
RPSTMLQJKHJFFAH58CB,桃鶯段,24.09,都市：住
RPUUMLQJKHJFFAH88CB,桃鶯段,23.90,都市：住
RPOVMLQJKHJFFAH38CB,桃鶯段,23.90,都市：住
RPQVMLQJKHJFFAH58CB,桃鶯段,23.90,都市：住
RPUVMLQJKHJFFAH98CB,桃鶯段,23.90,都市：住
RPVVMLQJKHJFFAH09CB,桃鶯段,23.90,都市：住
RPRVMLQJKHJFFAH68CB,桃鶯段,23.90,都市：住
RPTVMLQJKHJFFAH88CB,桃鶯段,24.09,都市：住
RPOWMLQJKHJFFAH48CB,桃鶯段,23.90,都市：住
RPWVMLQJKHJFFAH56CB,桃鶯段,23.90,都市：住
RPQWMLQJKHJFFAH68CB,桃鶯段,23.90,都市：住
RPRWMLQJKHJFFAH78CB,桃鶯段,23.90,都市：住
RPSWMLQJKHJFFAH88CB,桃鶯段,25.03,都市：住
RPTWMLQJKHJFFAH98CB,桃鶯段,24.84,都市：住
RPUWMLQJKHJFFAH09CB,桃鶯段,24.84,都市：住
RPXWMLQJKHJFFAH76CB,桃鶯段,24.84,都市：住
RPXNNLQJKHJFFAH58CB,桃鶯段,25.03,都市：住
RPPNNLQJKHJFFAH77CB,桃鶯段,24.84,都市：住
RPVWMLQJKHJFFAH56CB,桃鶯段,24.84,都市：住
RPRNNLQJKHJFFAH97CB,桃鶯段,24.84,都市：住
RPWNNLQJKHJFFAH48CB,桃鶯段,24.84,都市：住
RPQNNLQJKHJFFAH87CB,桃鶯段,25.03,都市：住
RPTNNLQJKHJFFAH18CB,桃鶯段,24.84,都市：住
RPQONLQJKHJFFAH97CB,桃鶯段,24.84,都市：住
RPPONLQJKHJFFAH87CB,桃鶯段,25.03,都市：住
RPRONLQJKHJFFAH08CB,桃鶯段,24.84,都市：住
RPSONLQJKHJFFAH18CB,桃鶯段,24.84,都市：住
RPTQMLRJKHJFFBH58CB,復興段,15.43,都市：商
RPUQMLRJKHJFFBH68CB,復興段,15.43,都市：商
RPQQMLRJKHJFFBH28CB,復興段,15.43,都市：商
RPSQMLRJKHJFFBH48CB,復興段,15.43,都市：商
RPROMLRJKHJFFBH18CB,復興段,15.43,都市：商
RPRNMLTJKHJFFBH28CB,復興段,16.99,都市：商
RPSOMLSJKHJFFBH38CB,復興段,16.74,都市：商
RPPNMLTJKHJFFBH08CB,復興段,16.99,都市：商
RPSNMLSJKHJFFBH28CB,復興段,16.55,都市：商
RPUNMLSJKHJFFBH48CB,復興段,16.74,都市：商
RPTNMLSJKHJFFBH38CB,復興段,16.74,都市：商
RPVNMLSJKHJFFBH58CB,復興段,16.74,都市：商
RPXNMLSJKHJFFBH78CB,復興段,16.74,都市：商
RPPOMLSJKHJFFBH08CB,復興段,16.74,都市：商
RPVNMLTJKHJFFBH68CB,復興段,16.99,都市：商
RPWNMLSJKHJFFBH68CB,復興段,16.74,都市：商
RPOOMLTJKHJFFBH08CB,復興段,16.99,都市：商
RPWNMLTJKHJFFBH78CB,復興段,16.99,都市：商
RPVOMLTJKHJFFBH78CB,復興段,16.99,都市：商
RPVQMLMKKHJFFBH38CB,復興段,16.45,都市：商
RPUOMLTJKHJFFBH68CB,復興段,16.99,都市：商
RPSOMLTJKHJFFBH48CB,復興段,16.99,都市：商
RPQOMLTJKHJFFBH28CB,復興段,16.99,都市：商
RPRQMLMKKHJFFBH97CB,復興段,15.33,都市：商
RPTOMLTJKHJFFBH58CB,復興段,16.99,都市：商
RPORMLMKKHJFFBH77CB,復興段,16.45,都市：商
RPXQMLMKKHJFFBH58CB,復興段,16.45,都市：商
RPPQMLMKKHJFFBH77CB,復興段,15.33,都市：商
RPOSMLMKKHJFFBH87CB,復興段,16.26,都市：商
RPOTMLMKKHJFFBH97CB,復興段,16.45,都市：商
RPOQMLOKKHJFFBH87CB,復興段,16.90,都市：商
RPQSMLMKKHJFFBH08CB,復興段,16.26,都市：商
RPSRMLMKKHJFFBH18CB,復興段,26.31,都市：住
RPQQMLOKKHJFFBH08CB,復興段,16.90,都市：商
RPTQMLOKKHJFFBH38CB,復興段,15.43,都市：商
RPVQMLOKKHJFFBH58CB,復興段,15.43,都市：商
RPWQMLOKKHJFFBH68CB,復興段,15.43,都市：商
RPORMLOKKHJFFBH97CB,復興段,15.43,都市：商
RPXQMLOKKHJFFBH78CB,復興段,15.43,都市：商
RPPRMLOKKHJFFBH08CB,復興段,15.43,都市：商
RPOSMLMKKHJFFAH77CB,江南段,19.95,都市：住
RPPNMLPKKHJFFBH77CB,復興段,16.80,都市：商
RPRNMLPKKHJFFBH97CB,復興段,16.74,都市：商
RPSNMLPKKHJFFBH08CB,復興段,16.74,都市：商
RPQNMLPKKHJFFBH87CB,復興段,16.55,都市：商
RPUNMLPKKHJFFBH28CB,復興段,16.90,都市：商
RPUNMLMKKHJFFEH28CB,大興段,19.95,都市：住
RPTNMLMKKHJFFEH18CB,大興段,23.34,都市：住
RPSNMLMKKHJFFEH08CB,大興段,21.99,都市：住
RPRNMLMKKHJFFEH97CB,大興段,21.99,都市：住
RPVPMLKLKHJFFAH08CB,江南段,19.95,都市：住
RPUPMLKLKHJFFAH97CB,江南段,19.95,都市：住
RPPPMLKLKHJFFAH47CB,江南段,19.95,都市：住
RPRPMLKLKHJFFAH67CB,江南段,19.95,都市：住
RPSPMLKLKHJFFAH77CB,江南段,19.95,都市：住
RPWPMLKLKHJFFAH18CB,江南段,19.95,都市：住
RPOQMLKLKHJFFAH47CB,江南段,19.95,都市：住
RPXPMLKLKHJFFAH28CB,江南段,19.95,都市：住
RPTPMLKLKHJFFAH87CB,江南段,19.95,都市：住
RPPQMLKLKHJFFAH57CB,江南段,19.95,都市：住
RPSQMLKLKHJFFAH87CB,江南段,19.95,都市：住
RPQQMLKLKHJFFAH67CB,江南段,16.26,都市：住
RPSWMLKLKHJFFAH48CB,江南段,22.09,都市：住
RPWTMLKLKHJFFAH58CB,江南段,29.46,都市：住
RPSTMLKLKHJFFAH18CB,江南段,19.95,都市：住
RPXTMLKLKHJFFAH68CB,江南段,29.46,都市：住
RPXNMLKLKHJFFGH68CB,平鎮段,9.91,都市：住
RPWNMLKLKHJFFGH58CB,平鎮段,17.59,都市：住
RPROMLKLKHJFFGH18CB,平鎮段,9.98,都市：住
RPTOMLKLKHJFFGH38CB,平鎮段,9.88,都市：住
RPSOMLKLKHJFFGH28CB,平鎮段,14.13,都市：住
RPUOMLKLKHJFFGH48CB,平鎮段,16.99,都市：住
RPOOMLKLKHJFFGH87CB,平鎮段,14.14,都市：住
RPSNMLKLKHJFFGH18CB,平鎮段,13.54,都市：住
RPPOMLKLKHJFFGH97CB,平鎮段,9.96,都市：住
RPRNMLKLKHJFFGH08CB,平鎮段,9.98,都市：住
RPVNMLKLKHJFFGH48CB,平鎮段,17.59,都市：住
RPQNMLKLKHJFFGH97CB,平鎮段,9.99,都市：住
RPVOMLKLKHJFFGH58CB,平鎮段,14.14,都市：住
RPWOMLKLKHJFFGH68CB,平鎮段,14.14,都市：住
RPXOMLKLKHJFFGH78CB,平鎮段,9.61,都市：住
RPUPMLKLKHJFFGH58CB,平鎮段,9.99,都市：住
RPQPMLKLKHJFFGH18CB,平鎮段,17.59,都市：住
RPRPMLKLKHJFFGH28CB,平鎮段,14.07,都市：住
RPOPMLKLKHJFFGH97CB,平鎮段,9.96,都市：住
RPWPMLKLKHJFFGH78CB,平鎮段,17.59,都市：住
RPPPMLKLKHJFFGH08CB,平鎮段,9.99,都市：住
RPTPMLKLKHJFFGH48CB,平鎮段,14.07,都市：住
RPSPMLKLKHJFFGH38CB,平鎮段,9.96,都市：住
RPXPMLKLKHJFFGH88CB,平鎮段,13.43,都市：住
RPVPMLKLKHJFFGH68CB,平鎮段,9.96,都市：住
RPOQMLKLKHJFFGH08CB,平鎮段,9.98,都市：住
RPPQMLKLKHJFFGH18CB,平鎮段,9.96,都市：住
RPSQMLKLKHJFFGH48CB,平鎮段,9.98,都市：住
RPTQMLKLKHJFFGH58CB,平鎮段,14.07,都市：住
RPQQMLKLKHJFFGH28CB,平鎮段,9.88,都市：住
RPRQMLKLKHJFFGH38CB,平鎮段,9.99,都市：住
RPWQMLKLKHJFFGH88CB,平鎮段,16.99,都市：住
RPVQMLKLKHJFFGH78CB,平鎮段,9.98,都市：住
RPUQMLKLKHJFFGH68CB,平鎮段,14.14,都市：住
RPXQMLKLKHJFFGH98CB,平鎮段,17.59,都市：住
RPORMLKLKHJFFGH18CB,平鎮段,9.98,都市：住
RPPRMLKLKHJFFGH28CB,平鎮段,9.99,都市：住
RPRRMLKLKHJFFGH48CB,平鎮段,14.14,都市：住
RPSRMLKLKHJFFGH58CB,平鎮段,14.13,都市：住
RPQRMLKLKHJFFGH38CB,平鎮段,14.07,都市：住
RPURMLKLKHJFFGH78CB,平鎮段,9.96,都市：住
RPOSMLKLKHJFFGH28CB,平鎮段,9.96,都市：住
RPTRMLKLKHJFFGH68CB,平鎮段,9.98,都市：住
RPPSMLKLKHJFFGH38CB,平鎮段,16.99,都市：住
RPTSMLKLKHJFFGH78CB,平鎮段,17.59,都市：住
RPWRMLKLKHJFFGH98CB,平鎮段,16.99,都市：住
RPRSMLKLKHJFFGH58CB,平鎮段,9.99,都市：住
RPXRMLKLKHJFFGH09CB,平鎮段,9.99,都市：住
RPSSMLKLKHJFFGH68CB,平鎮段,9.96,都市：住
RPVRMLKLKHJFFGH88CB,平鎮段,9.99,都市：住
RPWSMLKLKHJFFGH09CB,平鎮段,14.43,都市：住
RPUSMLKLKHJFFGH88CB,平鎮段,17.59,都市：住
RPXSMLKLKHJFFGH56CB,平鎮段,14.13,都市：住
RPOTMLKLKHJFFGH38CB,平鎮段,17.59,都市：住
RPOTMLKLKHJFFGH38CB,平鎮段,16.99,都市：住
RPVSMLKLKHJFFGH98CB,平鎮段,9.96,都市：住
RPUTMLKLKHJFFGH98CB,平鎮段,17.59,都市：住
RPQTMLKLKHJFFGH58CB,平鎮段,14.14,都市：住
RPSTMLKLKHJFFGH78CB,平鎮段,9.98,都市：住
RPPTMLKLKHJFFGH48CB,平鎮段,14.14,都市：住
RPRTMLKLKHJFFGH68CB,平鎮段,17.59,都市：住
RPOUMLKLKHJFFGH48CB,平鎮段,13.43,都市：住
RPPUMLKLKHJFFGH58CB,平鎮段,13.52,都市：住
RPTUMLKLKHJFFGH98CB,平鎮段,9.98,都市：住
RPSUMLKLKHJFFGH88CB,平鎮段,14.11,都市：住
RPWUMLKLKHJFFGH66CB,平鎮段,9.98,都市：住
RPRUMLKLKHJFFGH78CB,平鎮段,17.59,都市：住
RPXUMLKLKHJFFGH76CB,平鎮段,9.96,都市：住
RPQUMLKLKHJFFGH68CB,平鎮段,14.11,都市：住
RPVUMLKLKHJFFGH56CB,平鎮段,9.98,都市：住
RPXTMLKLKHJFFGH66CB,平鎮段,9.99,都市：住
RPWTMLKLKHJFFGH56CB,平鎮段,9.98,都市：住
RPUUMLKLKHJFFGH09CB,平鎮段,14.13,都市：住
RPSVMLKLKHJFFGH98CB,平鎮段,14.11,都市：住
RPQVMLKLKHJFFGH78CB,平鎮段,9.96,都市：住
RPRVMLKLKHJFFGH88CB,平鎮段,13.55,都市：住
RPOVMLKLKHJFFGH58CB,平鎮段,13.43,都市：住
RPPVMLKLKHJFFGH68CB,平鎮段,16.99,都市：住
RPWVMLKLKHJFFGH76CB,平鎮段,9.99,都市：住
RPVVMLKLKHJFFGH66CB,平鎮段,9.96,都市：住
RPUVMLKLKHJFFGH56CB,平鎮段,14.14,都市：住
RPXVMLKLKHJFFGH86CB,平鎮段,17.59,都市：住
RPTVMLKLKHJFFGH09CB,平鎮段,14.11,都市：住
RPRWMLKLKHJFFGH98CB,平鎮段,13.52,都市：住
RPPWMLKLKHJFFGH78CB,平鎮段,9.96,都市：住
RPOWMLKLKHJFFGH68CB,平鎮段,13.43,都市：住
RPSWMLKLKHJFFGH09CB,平鎮段,9.96,都市：住
RPQWMLKLKHJFFGH88CB,平鎮段,9.96,都市：住
RPWWMLKLKHJFFGH86CB,平鎮段,14.14,都市：住
RPUWMLKLKHJFFGH66CB,平鎮段,14.07,都市：住
RPXWMLKLKHJFFGH96CB,平鎮段,9.96,都市：住
RPVWMLKLKHJFFGH76CB,平鎮段,16.99,都市：住
RPTWMLKLKHJFFGH56CB,平鎮段,13.77,都市：住
RPONNLKLKHJFFGH87CB,平鎮段,13.52,都市：住
RPPNNLKLKHJFFGH97CB,平鎮段,9.99,都市：住
RPOOMLLLKHJFFGH97CB,平鎮段,9.98,都市：住
RPRNNLKLKHJFFGH18CB,平鎮段,14.13,都市：住
RPVNMLLLKHJFFGH58CB,平鎮段,9.98,都市：住
RPUNMLLLKHJFFGH48CB,平鎮段,9.98,都市：住
RPRNMLLLKHJFFGH18CB,平鎮段,17.59,都市：住
RPQNNLKLKHJFFGH08CB,平鎮段,9.96,都市：住
RPQNMLLLKHJFFGH08CB,平鎮段,13.55,都市：住
RPPOMLLLKHJFFGH08CB,平鎮段,9.98,都市：住
RPSNMLLLKHJFFGH28CB,平鎮段,16.99,都市：住
RPXNMLLLKHJFFGH78CB,平鎮段,14.14,都市：住
RPTNMLLLKHJFFGH38CB,平鎮段,17.59,都市：住
RPSOMLLLKHJFFGH38CB,平鎮段,9.98,都市：住
RPQOMLLLKHJFFGH18CB,平鎮段,9.99,都市：住
RPWOMLLLKHJFFGH78CB,平鎮段,14.14,都市：住
RPOPMLLLKHJFFGH08CB,平鎮段,14.14,都市：住
RPUOMLLLKHJFFGH58CB,平鎮段,18.89,都市：住
RPXOMLLLKHJFFGH88CB,平鎮段,16.99,都市：住
RPVOMLLLKHJFFGH68CB,平鎮段,18.89,都市：住
RPXOMLLLKHJFFAH28CB,桃鶯段,23.90,都市：住
RPVOMLLLKHJFFAH08CB,桃鶯段,24.09,都市：住
RPOPMLLLKHJFFAH47CB,桃鶯段,24.84,都市：住
RPRPMLLLKHJFFAH77CB,桃鶯段,24.84,都市：住
RPQPMLLLKHJFFAH67CB,桃鶯段,25.03,都市：住
RPWPMLLLKHJFFAH28CB,桃鶯段,24.84,都市：住
RPUPMLLLKHJFFAH08CB,桃鶯段,25.03,都市：住
RPSPMLLLKHJFFAH87CB,桃鶯段,24.84,都市：住
RPTPMLLLKHJFFAH97CB,桃鶯段,25.03,都市：住
RPPPMLLLKHJFFAH57CB,桃鶯段,24.09,都市：住
RPOQMLLLKHJFFAH57CB,桃鶯段,24.84,都市：住
RPVPMLLLKHJFFAH18CB,桃鶯段,25.03,都市：住
RPPQMLLLKHJFFAH67CB,桃鶯段,25.03,都市：住
RPRQMLQLKHJFFAH38CB,江南段,27.92,都市：住
RPTVMLQLKHJFFAH09CB,江南段,15.04,都市：住
RPWNMLOJLHJFFAH28CB,桃鶯段,24.09,都市：住
RPOOMLOJLHJFFAH57CB,桃鶯段,24.84,都市：住
RPXNMLOJLHJFFAH38CB,桃鶯段,23.90,都市：住
RPUNMLOJLHJFFAH08CB,桃鶯段,23.90,都市：住
RPVNMLOJLHJFFAH18CB,桃鶯段,24.09,都市：住
RPTQMLOJLHJFFBH38CB,培英段,24.91,都市：住
RPSPMLOJLHJFFBH18CB,培英段,24.91,都市：住
RPORMLOJLHJFFBH97CB,培英段,25.25,都市：住
RPPQMLOJLHJFFBH97CB,培英段,24.91,都市：住
RPXPMLOJLHJFFBH68CB,培英段,25.25,都市：住
RPQRMLOJLHJFFBH18CB,培英段,25.25,都市：住
RPRQMLOJLHJFFBH18CB,培英段,24.91,都市：住
RPTRMLOJLHJFFBH48CB,培英段,25.25,都市：住
RPSRMLOJLHJFFBH38CB,培英段,25.25,都市：住
RPWPMLOJLHJFFBH58CB,培英段,24.91,都市：住
RPTPMLOJLHJFFBH28CB,培英段,24.91,都市：住
RPUPMLOJLHJFFBH38CB,培英段,24.91,都市：住
RPXNMLPJLHJFFBH58CB,培英段,24.57,都市：住
RPVNMLPJLHJFFBH38CB,培英段,24.57,都市：住
RPTOMLPJLHJFFBH28CB,培英段,30.71,都市：住
RPQOMLPJLHJFFBH97CB,培英段,24.57,都市：住
RPUOMLPJLHJFFBH38CB,培英段,30.71,都市：住
RPOOMLPJLHJFFBH77CB,培英段,24.57,都市：住
RPSOMLPJLHJFFBH18CB,培英段,24.57,都市：住
RPPOMLPJLHJFFBH87CB,培英段,24.57,都市：住
RPROMLPJLHJFFBH08CB,培英段,24.57,都市：住
RPWNMLPJLHJFFBH48CB,培英段,24.57,都市：住
RPVOMLPJLHJFFBH48CB,培英段,30.71,都市：住
RPXOMLPJLHJFFBH68CB,培英段,24.57,都市：住
RPRPMLPJLHJFFBH18CB,培英段,24.57,都市：住
RPRQMLPJLHJFFBH28CB,培英段,23.55,都市：住
RPSPMLPJLHJFFBH28CB,培英段,24.57,都市：住
RPXRMLPJLHJFFBH98CB,培英段,23.55,都市：住
RPRRMLPJLHJFFBH38CB,培英段,23.55,都市：住
RPOSMLPJLHJFFBH18CB,培英段,23.55,都市：住
RPPSMLPJLHJFFBH28CB,培英段,23.55,都市：住
RPRTMLPJLHJFFBH58CB,培英段,18.43,都市：住
RPUSMLPJLHJFFBH78CB,培英段,23.55,都市：住
RPSSMLPJLHJFFBH58CB,培英段,23.55,都市：住
RPVSMLPJLHJFFBH88CB,培英段,23.89,都市：住
RPWTMLPJLHJFFBH09CB,培英段,18.43,都市：住
RPSUMLPJLHJFFBH78CB,培英段,18.43,都市：住
RPSTMLPJLHJFFBH68CB,培英段,18.43,都市：住
RPOUMLPJLHJFFBH38CB,培英段,18.43,都市：住
RPPUMLPJLHJFFBH48CB,培英段,18.43,都市：住
RPTTMLPJLHJFFBH78CB,培英段,18.43,都市：住
RPWNMLQJLHJFFBH58CB,培英段,18.43,都市：住
RPTNMLQJLHJFFBH28CB,培英段,18.43,都市：住
RPQOMLQJLHJFFBH08CB,培英段,31.05,都市：住
RPUOMLQJLHJFFBH48CB,培英段,31.05,都市：住
RPSOMLQJLHJFFBH28CB,培英段,31.05,都市：住
RPQQMLQJLHJFFBH28CB,培英段,24.57,都市：住
RPUPMLQJLHJFFBH58CB,培英段,24.57,都市：住
RPTPMLQJLHJFFBH48CB,培英段,24.57,都市：住
RPOPMLQJLHJFFBH97CB,培英段,24.57,都市：住
RPXPMLQJLHJFFBH88CB,培英段,24.57,都市：住
RPWPMLQJLHJFFBH78CB,培英段,24.57,都市：住
RPRRMLQJLHJFFBH48CB,培英段,23.55,都市：住
RPVOMLQJLHJFFBH58CB,培英段,24.57,都市：住
RPQPMLQJLHJFFBH18CB,培英段,24.57,都市：住
RPWQMLQJLHJFFBH88CB,培英段,23.55,都市：住
RPSRMLQJLHJFFBH58CB,培英段,23.55,都市：住
RPQTMLQJLHJFFBH58CB,培英段,23.55,都市：住
RPOTMLQJLHJFFBH38CB,培英段,23.55,都市：住
RPSTMLQJLHJFFBH78CB,培英段,23.55,都市：住
RPUTMLQJLHJFFBH98CB,培英段,23.55,都市：住
RPTTMLQJLHJFFBH88CB,培英段,23.55,都市：住
RPRTMLQJLHJFFBH68CB,培英段,23.55,都市：住
RPWTMLQJLHJFFBH56CB,培英段,23.55,都市：住
RPPUMLQJLHJFFBH58CB,培英段,23.89,都市：住
RPVTMLQJLHJFFBH09CB,培英段,23.89,都市：住
RPSNMLRJLHJFFBH28CB,培英段,18.43,都市：住
RPOOMLRJLHJFFBH97CB,培英段,24.57,都市：住
RPPOMLRJLHJFFBH08CB,培英段,23.89,都市：住
RPUNMLRJLHJFFBH48CB,培英段,23.89,都市：住
RPWNMLRJLHJFFBH68CB,培英段,23.55,都市：住
RPSOMLRJLHJFFBH38CB,培英段,18.09,都市：住
RPUOMLRJLHJFFBH58CB,培英段,18.09,都市：住
RPTOMLRJLHJFFBH48CB,培英段,18.09,都市：住
RPVNMLRJLHJFFBH58CB,培英段,23.55,都市：住
RPTNMLRJLHJFFBH38CB,培英段,23.55,都市：住
RPRPMLRJLHJFFBH38CB,培英段,18.09,都市：住
RPOPMLRJLHJFFBH08CB,培英段,18.09,都市：住
RPXRMLRJLHJFFBH56CB,培英段,18.09,都市：住
RPPQMLRJLHJFFBH28CB,培英段,18.09,都市：住
RPXOMLRJLHJFFBH88CB,培英段,18.09,都市：住
RPUPMLRJLHJFFBH68CB,培英段,18.09,都市：住
RPXPMLRJLHJFFBH98CB,培英段,18.09,都市：住
RPVRMLRJLHJFFBH98CB,培英段,18.09,都市：住
RPOQMLRJLHJFFBH18CB,培英段,18.09,都市：住
RPSNMLMKLHJFFBH87CB,培英段,18.43,都市：住
RPQNMLMKLHJFFBH67CB,培英段,23.89,都市：住
RPUNMLMKLHJFFBH08CB,培英段,23.55,都市：住
RPTNMLMKLHJFFBH97CB,培英段,24.57,都市：住
RPUPMLMKLHJFFBH28CB,培英段,18.43,都市：住
RPWNMLMKLHJFFBH28CB,培英段,18.43,都市：住
RPSOMLLKLHJFFFH28CB,明智段,11.17,都市：住
RPOOMLLKLHJFFFH87CB,明智段,11.17,都市：住
RPWOMLNKLHJFFFH88CB,明智段,11.91,都市：住
RPQOMLLKLHJFFFH08CB,明智段,11.17,都市：住
RPTOMLLKLHJFFFH38CB,明智段,11.17,都市：住
RPUOMLNKLHJFFFH68CB,明智段,11.91,都市：住
RPTOMLNKLHJFFFH58CB,明智段,13.61,都市：住
RPUOMLLKLHJFFFH48CB,明智段,11.17,都市：住
RPVOMLNKLHJFFFH78CB,明智段,11.91,都市：住
RPPOMLLKLHJFFFH97CB,明智段,11.17,都市：住
RPPPMLNKLHJFFFH28CB,明智段,11.91,都市：住
RPXOMLNKLHJFFFH98CB,明智段,11.91,都市：住
RPQPMLNKLHJFFFH38CB,明智段,11.91,都市：住
RPRPMLNKLHJFFFH48CB,明智段,11.91,都市：住
RPRNMLOKLHJFFFH38CB,明智段,11.91,都市：住
RPOPMLNKLHJFFFH18CB,明智段,11.91,都市：住
RPSNMLOKLHJFFFH48CB,明智段,11.91,都市：住
RPTNMLOKLHJFFFH58CB,明智段,11.91,都市：住
RPUUMLNKLHJFFAH78CB,桃鶯段,24.09,都市：住
RPUNMLPKLHJFFFH78CB,明智段,11.17,都市：住
RPQNMLPKLHJFFFH38CB,明智段,14.37,都市：住
RPRNMLPKLHJFFFH48CB,明智段,11.17,都市：住
RPPNMLPKLHJFFFH28CB,明智段,10.45,都市：住
RPTNMLPKLHJFFFH68CB,明智段,11.17,都市：住
RPSNMLPKLHJFFFH58CB,明智段,11.17,都市：住
RPOOMLPKLHJFFFH28CB,明智段,13.77,都市：住
RPVNMLPKLHJFFFH88CB,明智段,13.15,都市：住
RPXNMLPKLHJFFFH09CB,明智段,13.15,都市：住
RPWNMLPKLHJFFFH98CB,明智段,12.01,都市：住
RPPOMLPKLHJFFFH38CB,明智段,12.01,都市：住
RPSOMLPKLHJFFFH68CB,明智段,12.01,都市：住
RPUOMLPKLHJFFFH88CB,明智段,12.01,都市：住
RPQOMLPKLHJFFFH48CB,明智段,12.01,都市：住
RPTOMLPKLHJFFFH78CB,明智段,12.01,都市：住
RPROMLPKLHJFFFH58CB,明智段,12.01,都市：住
RPPPMLPKLHJFFFH48CB,明智段,12.01,都市：住
RPWOMLPKLHJFFFH09CB,明智段,12.01,都市：住
RPXOMLPKLHJFFFH56CB,明智段,12.01,都市：住
RPVOMLPKLHJFFFH98CB,明智段,12.01,都市：住
RPSPMLPKLHJFFFH78CB,明智段,12.01,都市：住
RPUPMLPKLHJFFFH98CB,明智段,12.01,都市：住
RPOPMLPKLHJFFFH38CB,明智段,12.01,都市：住
RPVPMLPKLHJFFFH09CB,明智段,12.01,都市：住
RPTPMLPKLHJFFFH88CB,明智段,12.01,都市：住
RPRPMLPKLHJFFFH68CB,明智段,12.01,都市：住
RPWPMLPKLHJFFFH56CB,明智段,12.01,都市：住
RPOQMLPKLHJFFFH48CB,明智段,12.01,都市：住
RPXPMLPKLHJFFFH66CB,明智段,12.01,都市：住
RPQQMLPKLHJFFFH68CB,明智段,12.01,都市：住
RPPQMLPKLHJFFFH58CB,明智段,12.01,都市：住
RPRQMLPKLHJFFFH78CB,明智段,11.17,都市：住
RPSQMLPKLHJFFFH88CB,明智段,11.17,都市：住
RPTQMLPKLHJFFFH98CB,明智段,11.17,都市：住
RPORMLPKLHJFFFH58CB,明智段,13.77,都市：住
RPXQMLPKLHJFFFH76CB,明智段,14.35,都市：住
RPURMLPKLHJFFFH56CB,明智段,11.05,都市：住
RPWRMLPKLHJFFFH76CB,明智段,11.17,都市：住
RPTRMLPKLHJFFFH09CB,明智段,11.17,都市：住
RPUQMLPKLHJFFFH09CB,明智段,11.17,都市：住
RPVRMLPKLHJFFFH66CB,明智段,11.17,都市：住
RPWQMLPKLHJFFFH66CB,明智段,11.17,都市：住
RPVQMLPKLHJFFFH56CB,明智段,11.17,都市：住
RPQSMLPKLHJFFFH88CB,明智段,11.17,都市：住
RPRSMLPKLHJFFFH98CB,明智段,11.17,都市：住
RPXRMLPKLHJFFFH86CB,明智段,11.17,都市：住
RPOSMLPKLHJFFFH68CB,明智段,11.17,都市：住
RPUSMLPKLHJFFFH66CB,明智段,13.03,都市：住
RPVSMLPKLHJFFFH76CB,明智段,11.91,都市：住
RPPSMLPKLHJFFFH78CB,明智段,11.17,都市：住
RPSSMLPKLHJFFFH09CB,明智段,11.17,都市：住
RPTSMLPKLHJFFFH56CB,明智段,11.17,都市：住
RPPTMLPKLHJFFFH88CB,明智段,11.91,都市：住
RPRTMLPKLHJFFFH09CB,明智段,11.91,都市：住
RPQTMLPKLHJFFFH98CB,明智段,11.91,都市：住
RPSTMLPKLHJFFFH56CB,明智段,11.91,都市：住
RPTTMLPKLHJFFFH66CB,明智段,11.91,都市：住
RPUTMLPKLHJFFFH76CB,明智段,11.91,都市：住
RPVTMLPKLHJFFFH86CB,明智段,11.91,都市：住
RPQUMLPKLHJFFFH09CB,明智段,11.21,都市：住
RPWTMLPKLHJFFFH96CB,明智段,11.91,都市：住
RPTUMLPKLHJFFFH76CB,明智段,11.21,都市：住
RPVUMLPKLHJFFFH96CB,明智段,11.21,都市：住
RPRUMLPKLHJFFFH56CB,明智段,10.61,都市：住
RPPVMLPKLHJFFFH09CB,明智段,11.21,都市：住
RPSUMLPKLHJFFFH66CB,明智段,11.15,都市：住
RPOVMLPKLHJFFFH98CB,明智段,11.21,都市：住
RPXUMLPKLHJFFFH17CB,明智段,11.21,都市：住
RPRVMLPKLHJFFFH66CB,明智段,11.21,都市：住
RPWUMLPKLHJFFFH07CB,明智段,11.21,都市：住
RPSVMLPKLHJFFFH76CB,明智段,11.21,都市：住
RPPNMLPKLHJFFAH77CB,中德段,14.78,都市：住
RPQNMLPKLHJFFAH87CB,中德段,15.47,都市：住
RPVNMLPKLHJFFAH38CB,中德段,14.64,都市：住
RPTNMLPKLHJFFAH18CB,中德段,15.47,都市：住
RPQNMLQKLHJFFFH48CB,明智段,14.03,都市：住
RPRNMLQKLHJFFFH58CB,明智段,16.77,都市：住
RPUNMLQKLHJFFFH88CB,明智段,13.99,都市：住
RPVNMLQKLHJFFFH98CB,明智段,13.99,都市：住
RPSNMLQKLHJFFFH68CB,明智段,13.99,都市：住
RPXNMLQKLHJFFFH56CB,明智段,13.99,都市：住
RPQOMLQKLHJFFFH58CB,明智段,13.99,都市：住
RPPOMLQKLHJFFFH48CB,明智段,14.59,都市：住
RPROMLQKLHJFFFH68CB,明智段,13.99,都市：住
RPSOMLQKLHJFFFH78CB,明智段,13.99,都市：住
RPUOMLQKLHJFFFH98CB,明智段,13.99,都市：住
RPTOMLQKLHJFFFH88CB,明智段,13.99,都市：住
RPRNMLNLLHJFFFH38CB,明智段,13.99,都市：住
RPTNMLNLLHJFFFH58CB,明智段,13.99,都市：住
RPSNMLNLLHJFFFH48CB,明智段,14.59,都市：住
RPUPMLQKLHJFFFH09CB,明智段,11.17,都市：住
RPVPMLQKLHJFFFH56CB,明智段,11.17,都市：住
RPWPMLQKLHJFFFH66CB,明智段,13.73,都市：住
RPWNMLNLLHJFFFH88CB,明智段,13.99,都市：住
RPUNMLNLLHJFFFH68CB,明智段,14.59,都市：住
RPQNMLQKLHJFFAH97CB,中德段,18.85,都市：住
RPPNMLQKLHJFFAH87CB,中德段,15.77,都市：住
RPXNMLNLLHJFFFH98CB,明智段,13.99,都市：住
RPPOMLNLLHJFFFH28CB,明智段,13.99,都市：住
RPVOMLNLLHJFFFH88CB,明智段,11.21,都市：住
RPROMLNLLHJFFFH48CB,明智段,13.99,都市：住
RPSOMLNLLHJFFFH58CB,明智段,11.15,都市：住
RPQOMLNLLHJFFFH38CB,明智段,14.59,都市：住
RPUOMLNLLHJFFFH78CB,明智段,11.21,都市：住
RPTOMLNLLHJFFFH68CB,明智段,11.21,都市：住
RPWOMLNLLHJFFFH98CB,明智段,11.21,都市：住
RPXOMLNLLHJFFFH09CB,明智段,11.21,都市：住
RPOPMLNLLHJFFFH28CB,明智段,11.21,都市：住
RPPPMLNLLHJFFFH38CB,明智段,11.21,都市：住
RPQPMLNLLHJFFFH48CB,明智段,11.21,都市：住
RPRPMLNLLHJFFFH58CB,明智段,11.21,都市：住
RPVPMLNLLHJFFFH98CB,明智段,11.91,都市：住
RPUPMLNLLHJFFFH88CB,明智段,11.91,都市：住
RPSPMLNLLHJFFFH68CB,明智段,11.21,都市：住
RPTPMLNLLHJFFFH78CB,明智段,12.51,都市：住
RPXPMLMJMHJFFBH58CB,永興段,18.94,都市：商
RPOQMLMJMHJFFBH77CB,永興段,17.00,都市：商
RPSOMLNJMHJFFBH08CB,永興段,20.88,都市：商
RPPPMLNJMHJFFBH87CB,永興段,20.88,都市：商
RPWNMLNJMHJFFBH38CB,永興段,11.65,都市：商
RPUOMLNJMHJFFBH28CB,永興段,20.88,都市：商
RPTOMLNJMHJFFBH18CB,永興段,20.88,都市：商
RPXOMLNJMHJFFBH58CB,永興段,17.00,都市：商
RPXNMLNJMHJFFBH48CB,永興段,11.65,都市：商
RPQOMLNJMHJFFBH87CB,永興段,11.65,都市：商
RPSPMLNJMHJFFBH18CB,永興段,20.88,都市：商
RPQPMLNJMHJFFBH97CB,永興段,20.88,都市：商
RPVPMLNJMHJFFBH48CB,永興段,20.88,都市：商
RPRQMLNJMHJFFBH18CB,永興段,20.88,都市：商
RPOQMLNJMHJFFBH87CB,永興段,20.88,都市：商
RPTQMLNJMHJFFBH38CB,永興段,20.88,都市：商
RPQQMLNJMHJFFBH08CB,永興段,20.88,都市：商
RPPQMLNJMHJFFBH97CB,永興段,20.88,都市：商
RPUQMLNJMHJFFBH48CB,永興段,20.88,都市：商
RPORMLNJMHJFFBH97CB,永興段,16.19,都市：商
RPWQMLNJMHJFFBH68CB,永興段,16.19,都市：商
RPXQMLNJMHJFFBH78CB,永興段,16.19,都市：商
RPVQMLNJMHJFFBH58CB,永興段,20.88,都市：商
RPTRMLNJMHJFFBH48CB,永興段,16.19,都市：商
RPSRMLNJMHJFFBH38CB,永興段,16.19,都市：商
RPPRMLNJMHJFFBH08CB,永興段,16.19,都市：商
RPOSMLNJMHJFFBH08CB,永興段,16.19,都市：商
RPWRMLNJMHJFFBH78CB,永興段,16.19,都市：商
RPURMLNJMHJFFBH58CB,永興段,16.19,都市：商
RPVRMLNJMHJFFBH68CB,永興段,16.19,都市：商
RPXRMLNJMHJFFBH88CB,永興段,16.19,都市：商
RPRRMLNJMHJFFBH28CB,永興段,16.19,都市：商
RPQRMLNJMHJFFBH18CB,永興段,16.19,都市：商
RPTTMLNJMHJFFBH68CB,永興段,16.51,都市：商
RPOUMLNJMHJFFBH28CB,永興段,16.51,都市：商
RPVTMLNJMHJFFBH88CB,永興段,16.51,都市：商
RPPSMLNJMHJFFBH18CB,永興段,16.19,都市：商
RPXTMLNJMHJFFBH09CB,永興段,16.51,都市：商
RPQUMLNJMHJFFBH48CB,永興段,16.51,都市：商
RPUTMLNJMHJFFBH78CB,永興段,16.51,都市：商
RPSTMLNJMHJFFBH58CB,永興段,16.51,都市：商
RPWTMLNJMHJFFBH98CB,永興段,16.51,都市：商
RPPUMLNJMHJFFBH38CB,永興段,16.51,都市：商
RPUUMLNJMHJFFBH88CB,永興段,16.35,都市：商
RPRUMLNJMHJFFBH58CB,永興段,16.51,都市：商
RPSVMLNJMHJFFBH78CB,永興段,11.65,都市：商
RPPVMLNJMHJFFBH48CB,永興段,11.65,都市：商
RPOVMLNJMHJFFBH38CB,永興段,16.51,都市：商
RPRVMLNJMHJFFBH68CB,永興段,11.65,都市：商
RPVUMLNJMHJFFBH98CB,永興段,16.51,都市：商
RPXUMLNJMHJFFBH56CB,永興段,16.51,都市：商
RPQVMLNJMHJFFBH58CB,永興段,11.65,都市：商
RPTVMLNJMHJFFBH88CB,永興段,11.65,都市：商
RPVVMLNJMHJFFBH09CB,永興段,11.65,都市：商
RPWVMLNJMHJFFBH56CB,永興段,11.65,都市：商
RPPWMLNJMHJFFBH58CB,永興段,11.65,都市：商
RPTWMLNJMHJFFBH98CB,永興段,11.65,都市：商
RPRWMLNJMHJFFBH78CB,永興段,11.65,都市：商
RPXVMLNJMHJFFBH66CB,永興段,11.65,都市：商
RPXWMLNJMHJFFBH76CB,永興段,12.30,都市：商
RPWWMLNJMHJFFBH66CB,永興段,12.30,都市：商
RPONNLNJMHJFFBH67CB,永興段,12.30,都市：商
RPSNNLNJMHJFFBH08CB,永興段,12.30,都市：商
RPQNNLNJMHJFFBH87CB,永興段,12.30,都市：商
RPRNNLNJMHJFFBH97CB,永興段,12.30,都市：商
RPXNNLNJMHJFFBH58CB,永興段,12.30,都市：商
RPUNNLNJMHJFFBH28CB,永興段,12.30,都市：商
RPVNNLNJMHJFFBH38CB,永興段,12.30,都市：商
RPWNNLNJMHJFFBH48CB,永興段,12.30,都市：商
RPSONLNJMHJFFBH18CB,永興段,12.30,都市：商
RPXONLNJMHJFFBH68CB,永興段,16.83,都市：商
RPTNNLNJMHJFFBH18CB,永興段,12.30,都市：商
RPRONLNJMHJFFBH08CB,永興段,12.30,都市：商
RPQONLNJMHJFFBH97CB,永興段,12.30,都市：商
RPWONLNJMHJFFBH58CB,永興段,16.83,都市：商
RPOPNLNJMHJFFBH87CB,永興段,16.83,都市：商
RPRPNLNJMHJFFBH18CB,永興段,16.83,都市：商
RPPPNLNJMHJFFBH97CB,永興段,16.83,都市：商
RPSPNLNJMHJFFBH28CB,永興段,16.83,都市：商
RPUPNLNJMHJFFBH48CB,永興段,16.83,都市：商
RPXPNLNJMHJFFBH78CB,永興段,16.83,都市：商
RPRQNLNJMHJFFBH28CB,永興段,16.83,都市：商
RPQQNLNJMHJFFBH18CB,永興段,16.83,都市：商
RPSQNLNJMHJFFBH38CB,永興段,16.83,都市：商
RPOQNLNJMHJFFBH97CB,永興段,16.83,都市：商
RPVPNLNJMHJFFBH58CB,永興段,16.83,都市：商
RPUQNLNJMHJFFBH58CB,永興段,17.48,都市：商
RPPQNLNJMHJFFBH08CB,永興段,16.83,都市：商
RPVQNLNJMHJFFBH68CB,永興段,17.48,都市：商
RPXQNLNJMHJFFBH88CB,永興段,17.48,都市：商
RPWQNLNJMHJFFBH78CB,永興段,17.48,都市：商
RPTRNLNJMHJFFBH58CB,永興段,17.48,都市：商
RPORNLNJMHJFFBH08CB,永興段,17.48,都市：商
RPRRNLNJMHJFFBH38CB,永興段,17.48,都市：商
RPSRNLNJMHJFFBH48CB,永興段,17.48,都市：商
RPPRNLNJMHJFFBH18CB,永興段,17.48,都市：商
RPURNLNJMHJFFBH68CB,永興段,17.48,都市：商
RPQRNLNJMHJFFBH28CB,永興段,17.48,都市：商
RPPNMLOJMHJFFFH18CB,明智段,11.91,都市：住
RPQNMLOJMHJFFFH28CB,明智段,11.91,都市：住
RPRNMLOJMHJFFFH38CB,明智段,11.91,都市：住
RPSNMLOJMHJFFFH48CB,明智段,11.91,都市：住
RPVRNLNJMHJFFBH78CB,永興段,17.48,都市：商
RPTNMLOJMHJFFFH58CB,明智段,11.91,都市：住
RPWRNLNJMHJFFBH88CB,永興段,17.48,都市：商
RPVNMLOJMHJFFFH78CB,明智段,13.75,都市：住
RPXRNLNJMHJFFBH98CB,永興段,17.48,都市：商
RPUNMLOJMHJFFFH68CB,明智段,11.91,都市：住
RPOOMLOJMHJFFFH18CB,明智段,13.99,都市：住
RPXNMLOJMHJFFFH98CB,明智段,11.91,都市：住
RPPOMLOJMHJFFFH28CB,明智段,11.17,都市：住
RPRRMLRJMHJFFFH09CB,明智段,11.17,都市：住
RPPSMLRJMHJFFFH98CB,明智段,11.17,都市：住
RPVRMLRJMHJFFFH86CB,明智段,11.17,都市：住
RPSRMLRJMHJFFFH56CB,明智段,13.99,都市：住
RPURMLRJMHJFFFH76CB,明智段,11.17,都市：住
RPWRMLRJMHJFFFH96CB,明智段,11.17,都市：住
RPOSMLRJMHJFFFH88CB,明智段,11.17,都市：住
RPXRMLRJMHJFFFH07CB,明智段,11.17,都市：住
RPTRMLRJMHJFFFH66CB,明智段,11.17,都市：住
RPQSMLRJMHJFFFH09CB,明智段,11.17,都市：住
RPSSMLRJMHJFFFH66CB,明智段,11.17,都市：住
RPUSMLRJMHJFFFH86CB,明智段,11.17,都市：住
RPVSMLRJMHJFFFH96CB,明智段,13.99,都市：住
RPTSMLRJMHJFFFH76CB,明智段,11.17,都市：住
RPRSMLRJMHJFFFH56CB,明智段,11.17,都市：住
RPUUMLTJMHJFFAH76CB,會稽段,16.16,都市：住
RPXUMLTJMHJFFAH07CB,會稽段,16.16,都市：住
RPPVMLTJMHJFFAH98CB,會稽段,16.16,都市：住
RPSVMLTJMHJFFAH66CB,會稽段,16.16,都市：住
RPRVMLTJMHJFFAH56CB,會稽段,16.16,都市：住
RPOVMLTJMHJFFAH88CB,會稽段,16.16,都市：住
RPQVMLTJMHJFFAH09CB,會稽段,16.16,都市：住
RPVUMLTJMHJFFAH86CB,會稽段,16.16,都市：住
RPWUMLTJMHJFFAH96CB,會稽段,16.16,都市：住
RPTUMLTJMHJFFAH66CB,會稽段,16.16,都市：住
RPTVMLTJMHJFFAH76CB,會稽段,16.16,都市：住
RPUVMLTJMHJFFAH86CB,會稽段,16.16,都市：住
RPPSMLKKMHJFFAH87CB,會稽段,15.61,都市：住
RPWRMLKKMHJFFAH48CB,會稽段,15.61,都市：住
RPTQMLKKMHJFFAH08CB,會稽段,15.61,都市：住
RPSRMLKKMHJFFAH08CB,會稽段,15.61,都市：住
RPURMLKKMHJFFAH28CB,會稽段,15.61,都市：住
RPRSMLKKMHJFFAH08CB,會稽段,15.61,都市：住
RPXRMLKKMHJFFAH58CB,會稽段,15.61,都市：住
RPWQMLKKMHJFFAH38CB,會稽段,15.61,都市：住
RPOSMLKKMHJFFAH77CB,會稽段,16.16,都市：住
RPTRMLKKMHJFFAH18CB,會稽段,15.61,都市：住
RPTSMLKKMHJFFAH28CB,會稽段,15.61,都市：住
RPXSMLKKMHJFFAH68CB,會稽段,16.16,都市：住
RPSSMLKKMHJFFAH18CB,會稽段,15.61,都市：住
RPWSMLKKMHJFFAH58CB,會稽段,16.16,都市：住
RPUSMLKKMHJFFAH38CB,會稽段,16.16,都市：住
RPOTMLKKMHJFFAH87CB,會稽段,16.16,都市：住
RPVSMLKKMHJFFAH48CB,會稽段,16.16,都市：住
RPWTMLKKMHJFFAH68CB,會稽段,16.16,都市：住
RPTTMLKKMHJFFAH38CB,會稽段,16.16,都市：住
RPRTMLKKMHJFFAH18CB,會稽段,16.16,都市：住
RPVNNLKKMHJFFAH08CB,會稽段,16.16,都市：住
RPXTMLKKMHJFFAH78CB,會稽段,16.16,都市：住
RPUNNLKKMHJFFAH97CB,會稽段,16.16,都市：住
RPSTMLKKMHJFFAH28CB,會稽段,16.16,都市：住
RPTNNLKKMHJFFAH87CB,會稽段,16.16,都市：住
RPPTMLKKMHJFFAH97CB,會稽段,16.16,都市：住
RPUTMLKKMHJFFAH48CB,會稽段,16.16,都市：住
RPPONLKKMHJFFAH57CB,會稽段,16.16,都市：住
RPOONLKKMHJFFAH47CB,會稽段,16.16,都市：住
RPQONLKKMHJFFAH67CB,會稽段,16.16,都市：住
RPRONLKKMHJFFAH77CB,會稽段,16.16,都市：住
RPTONLKKMHJFFAH97CB,會稽段,16.16,都市：住
RPUONLKKMHJFFAH08CB,會稽段,16.16,都市：住
RPSONLKKMHJFFAH87CB,會稽段,16.16,都市：住
RPWNNLKKMHJFFAH18CB,會稽段,16.16,都市：住
RPVONLKKMHJFFAH18CB,會稽段,16.16,都市：住
RPTTMLPKMHJFFAH98DB,埔子段埔子小段,20.34,都市：住
RPQTMLPKMHJFFAH68DB,埔子段埔子小段,19.93,都市：住
RPOTMLPKMHJFFAH48DB,埔子段埔子小段,20.34,都市：住
RPVSMLPKMHJFFAH09DB,埔子段埔子小段,20.61,都市：住
RPWSMLPKMHJFFAH56DB,埔子段埔子小段,25.12,都市：住
RPXTMLPKMHJFFAH76DB,埔子段埔子小段,20.34,都市：住
RPWTMLPKMHJFFAH66DB,埔子段埔子小段,20.34,都市：住
RPVTMLPKMHJFFAH56DB,埔子段埔子小段,20.34,都市：住
RPRTMLPKMHJFFAH78DB,埔子段埔子小段,20.34,都市：住
RPUSMLPKMHJFFAH98DB,埔子段埔子小段,25.12,都市：住
RPRUMLPKMHJFFAH88DB,埔子段埔子小段,28.12,都市：住
RPOUMLPKMHJFFAH58DB,埔子段埔子小段,20.34,都市：住
RPPUMLPKMHJFFAH68DB,埔子段埔子小段,20.34,都市：住
RPSOMLQKMHJFFAH38CB,龍祥段,19.28,都市：住
RPPPMLQKMHJFFAH18CB,龍祥段,19.28,都市：住
RPSPMLQKMHJFFAH48CB,龍祥段,19.28,都市：住
RPTPMLQKMHJFFAH58CB,龍祥段,19.28,都市：住
RPOPMLQKMHJFFAH08CB,龍祥段,19.28,都市：住
RPPOMLQKMHJFFAH08CB,龍祥段,19.28,都市：住
RPVOMLQKMHJFFAH68CB,龍祥段,19.28,都市：住
RPWOMLQKMHJFFAH78CB,龍祥段,19.28,都市：住
RPUOMLQKMHJFFAH58CB,龍祥段,19.28,都市：住
RPROMLQKMHJFFAH28CB,龍祥段,19.28,都市：住
RPUPMLQKMHJFFAH68CB,龍祥段,19.28,都市：住
RPWPMLQKMHJFFAH88CB,龍祥段,20.40,都市：住
RPPQMLQKMHJFFAH28CB,龍祥段,20.40,都市：住
RPVPMLQKMHJFFAH78CB,龍祥段,19.28,都市：住
RPOQMLQKMHJFFAH18CB,龍祥段,20.40,都市：住
RPQQMLQKMHJFFAH38CB,龍祥段,20.40,都市：住
RPPRMLQKMHJFFAH38CB,龍祥段,20.40,都市：住
RPVQMLQKMHJFFAH88CB,龍祥段,20.40,都市：住
RPORMLQKMHJFFAH28CB,龍祥段,20.40,都市：住
RPSQMLQKMHJFFAH58CB,龍祥段,20.40,都市：住
RPWQMLQKMHJFFAH98CB,龍祥段,20.40,都市：住
RPUQMLQKMHJFFAH78CB,龍祥段,20.40,都市：住
RPTQMLQKMHJFFAH68CB,龍祥段,20.40,都市：住
RPRRMLQKMHJFFAH58CB,龍祥段,16.52,都市：住
RPRQMLQKMHJFFAH48CB,龍祥段,20.40,都市：住
RPQRMLQKMHJFFAH48CB,龍祥段,16.52,都市：住
RPURMLQKMHJFFAH88CB,龍祥段,16.52,都市：住
RPXRMLQKMHJFFAH56CB,龍祥段,16.52,都市：住
RPOSMLQKMHJFFAH38CB,龍祥段,16.52,都市：住
RPPSMLQKMHJFFAH48CB,龍祥段,16.52,都市：住
RPRSMLQKMHJFFAH68CB,龍祥段,16.52,都市：住
RPUSMLQKMHJFFAH98CB,龍祥段,16.52,都市：住
RPTSMLQKMHJFFAH88CB,龍祥段,16.52,都市：住
RPQSMLQKMHJFFAH58CB,龍祥段,16.52,都市：住
RPVRMLQKMHJFFAH98CB,龍祥段,16.52,都市：住
RPSRMLQKMHJFFAH68CB,龍祥段,16.52,都市：住
RPOTMLQKMHJFFAH48CB,龍祥段,15.68,都市：住
RPXSMLQKMHJFFAH66CB,龍祥段,15.68,都市：住
RPWTMLQKMHJFFAH66CB,龍祥段,15.68,都市：住
RPRTMLQKMHJFFAH78CB,龍祥段,15.68,都市：住
RPPTMLQKMHJFFAH58CB,龍祥段,15.68,都市：住
RPUTMLQKMHJFFAH09CB,龍祥段,15.68,都市：住
RPSTMLQKMHJFFAH88CB,龍祥段,15.68,都市：住
RPVTMLQKMHJFFAH56CB,龍祥段,15.68,都市：住
RPQTMLQKMHJFFAH68CB,龍祥段,15.68,都市：住
RPTTMLQKMHJFFAH98CB,龍祥段,15.68,都市：住
RPRUMLQKMHJFFAH88CB,龍祥段,15.68,都市：住
RPXTMLQKMHJFFAH76CB,龍祥段,15.68,都市：住
RPQVMLQKMHJFFAH88CB,龍祥段,25.53,都市：住
RPPVMLQKMHJFFAH78CB,龍祥段,25.53,都市：住
RPUUMLQKMHJFFAH56CB,龍祥段,25.53,都市：住
RPWUMLQKMHJFFAH76CB,龍祥段,25.53,都市：住
RPTUMLQKMHJFFAH09CB,龍祥段,25.53,都市：住
RPXUMLQKMHJFFAH86CB,龍祥段,25.81,都市：住
RPRVMLQKMHJFFAH98CB,龍祥段,25.53,都市：住
RPSVMLQKMHJFFAH09CB,龍祥段,25.53,都市：住
RPTVMLQKMHJFFAH56CB,龍祥段,25.53,都市：住
RPWVMLQKMHJFFAH86CB,龍祥段,21.95,都市：住
RPUVMLQKMHJFFAH66CB,龍祥段,25.53,都市：住
RPXVMLQKMHJFFAH96CB,龍祥段,21.95,都市：住
RPVVMLQKMHJFFAH76CB,龍祥段,25.53,都市：住
RPUWMLQKMHJFFAH76CB,龍祥段,21.95,都市：住
RPSWMLQKMHJFFAH56CB,龍祥段,21.95,都市：住
RPVWMLQKMHJFFAH86CB,龍祥段,21.95,都市：住
RPXWMLQKMHJFFAH07CB,龍祥段,21.95,都市：住
RPWWMLQKMHJFFAH96CB,龍祥段,21.95,都市：住
RPPNNLQKMHJFFAH08CB,龍祥段,25.53,都市：住
RPRNNLQKMHJFFAH28CB,龍祥段,25.53,都市：住
RPPWMLQKMHJFFAH88CB,龍祥段,21.95,都市：住
RPOWMLQKMHJFFAH78CB,龍祥段,21.95,都市：住
RPQWMLQKMHJFFAH98CB,龍祥段,21.95,都市：住
RPTWMLQKMHJFFAH66CB,龍祥段,21.95,都市：住
RPUNNLQKMHJFFAH58CB,龍祥段,25.53,都市：住
RPWNNLQKMHJFFAH78CB,龍祥段,25.53,都市：住
RPSONLQKMHJFFAH48CB,龍祥段,25.53,都市：住
RPOONLQKMHJFFAH08CB,龍祥段,25.53,都市：住
RPUONLQKMHJFFAH68CB,龍祥段,25.53,都市：住
RPQONLQKMHJFFAH28CB,龍祥段,25.53,都市：住
RPTPNLQKMHJFFAH68CB,龍祥段,25.53,都市：住
RPSPNLQKMHJFFAH58CB,龍祥段,25.53,都市：住
RPUPNLQKMHJFFAH78CB,龍祥段,25.53,都市：住
RPXPNLQKMHJFFAH09CB,龍祥段,21.95,都市：住
RPWPNLQKMHJFFAH98CB,龍祥段,21.95,都市：住
RPOQNLQKMHJFFAH28CB,龍祥段,21.95,都市：住
RPRQNLQKMHJFFAH58CB,龍祥段,21.95,都市：住
RPPQNLQKMHJFFAH38CB,龍祥段,21.95,都市：住
RPQQNLQKMHJFFAH48CB,龍祥段,21.95,都市：住
RPSQNLQKMHJFFAH68CB,龍祥段,21.95,都市：住
RPXQNLQKMHJFFAH56CB,龍祥段,21.95,都市：住
RPUQNLQKMHJFFAH88CB,龍祥段,21.95,都市：住
RPTQNLQKMHJFFAH78CB,龍祥段,21.95,都市：住
RPPRNLQKMHJFFAH48CB,龍祥段,21.95,都市：住
RPRRNLQKMHJFFAH68CB,龍祥段,19.28,都市：住
RPSRNLQKMHJFFAH78CB,龍祥段,19.28,都市：住
RPOSNLQKMHJFFAH48CB,法政段,24.21,都市：住
RPTRNLQKMHJFFAH88CB,龍祥段,19.28,都市：住
RPRSNLQKMHJFFAH78CB,龍祥段,19.28,都市：住
RPPSNLQKMHJFFAH58CB,法政段,25.57,都市：住
RPSSNLQKMHJFFAH88CB,龍祥段,19.28,都市：住
RPQSNLQKMHJFFAH68CB,法政段,25.57,都市：住
RPTSNLQKMHJFFAH98CB,龍祥段,19.28,都市：住
RPXSNLQKMHJFFAH76CB,龍祥段,19.28,都市：住
RPWSNLQKMHJFFAH66CB,龍祥段,19.28,都市：住
RPVSNLQKMHJFFAH56CB,龍祥段,19.28,都市：住
RPOTNLQKMHJFFAH58CB,龍祥段,19.28,都市：住
RPPTNLQKMHJFFAH68CB,龍祥段,19.28,都市：住
RPRTNLQKMHJFFAH88CB,龍祥段,19.28,都市：住
RPTTNLQKMHJFFAH09CB,龍祥段,20.40,都市：住
RPWTNLQKMHJFFAH76CB,龍祥段,20.40,都市：住
RPXTNLQKMHJFFAH86CB,龍祥段,20.40,都市：住
RPRUNLQKMHJFFAH98CB,龍祥段,20.40,都市：住
RPUTNLQKMHJFFAH56CB,龍祥段,20.40,都市：住
RPSTNLQKMHJFFAH98CB,龍祥段,20.40,都市：住
RPSUNLQKMHJFFAH09CB,龍祥段,20.40,都市：住
RPOUNLQKMHJFFAH68CB,龍祥段,20.40,都市：住
RPPUNLQKMHJFFAH78CB,龍祥段,20.40,都市：住
RPTUNLQKMHJFFAH56CB,龍祥段,20.40,都市：住
RPVUNLQKMHJFFAH76CB,龍祥段,20.40,都市：住
RPUUNLQKMHJFFAH66CB,龍祥段,20.40,都市：住
RPXUNLQKMHJFFAH96CB,龍祥段,16.52,都市：住
RPPVNLQKMHJFFAH88CB,龍祥段,16.52,都市：住
RPQVNLQKMHJFFAH98CB,龍祥段,16.52,都市：住
RPWVNLQKMHJFFAH96CB,龍祥段,16.52,都市：住
RPOVNLQKMHJFFAH78CB,龍祥段,16.52,都市：住
RPWUNLQKMHJFFAH86CB,龍祥段,16.52,都市：住
RPUVNLQKMHJFFAH76CB,龍祥段,16.52,都市：住
RPVVNLQKMHJFFAH86CB,龍祥段,16.52,都市：住
RPTVNLQKMHJFFAH66CB,龍祥段,16.52,都市：住
RPSVNLQKMHJFFAH56CB,龍祥段,16.52,都市：住
RPRVNLQKMHJFFAH09CB,龍祥段,16.52,都市：住
RPXVNLQKMHJFFAH07CB,龍祥段,16.52,都市：住
RPOWNLQKMHJFFAH88CB,龍祥段,15.68,都市：住
RPQWNLQKMHJFFAH09CB,龍祥段,15.68,都市：住
RPPWNLQKMHJFFAH98CB,龍祥段,15.68,都市：住
RPTWNLQKMHJFFAH76CB,龍祥段,15.68,都市：住
RPRWNLQKMHJFFAH56CB,龍祥段,15.68,都市：住
RPUWNLQKMHJFFAH86CB,龍祥段,15.68,都市：住
RPSWNLQKMHJFFAH66CB,龍祥段,15.68,都市：住
RPVWNLQKMHJFFAH96CB,龍祥段,15.68,都市：住
RPWWNLQKMHJFFAH07CB,龍祥段,15.68,都市：住
RPXWNLQKMHJFFAH17CB,龍祥段,15.68,都市：住
RPONOLQKMHJFFAH08CB,龍祥段,15.68,都市：住
RPQNOLQKMHJFFAH28CB,龍祥段,16.15,都市：住
RPRNOLQKMHJFFAH38CB,龍祥段,17.42,都市：住
RPVNOLQKMHJFFAH78CB,法政段,25.57,都市：住
RPWNOLQKMHJFFAH88CB,法政段,25.57,都市：住
RPSNOLQKMHJFFAH48CB,龍祥段,10.89,都市：住
RPPNOLQKMHJFFAH18CB,龍祥段,15.68,都市：住
RPUNOLQKMHJFFAH68CB,法政段,25.57,都市：住
RPXNOLQKMHJFFAH98CB,法政段,25.57,都市：住
RPPOOLQKMHJFFAH28CB,法政段,25.57,都市：住
RPQOOLQKMHJFFAH38CB,法政段,25.57,都市：住
RPSOOLQKMHJFFAH58CB,法政段,25.57,都市：住
RPXOOLQKMHJFFAH09CB,法政段,25.57,都市：住
RPOPOLQKMHJFFAH28CB,法政段,22.71,都市：住
RPUOOLQKMHJFFAH78CB,法政段,25.57,都市：住
RPWOOLQKMHJFFAH98CB,法政段,25.57,都市：住
RPROOLQKMHJFFAH48CB,法政段,25.57,都市：住
RPPPOLQKMHJFFAH38CB,法政段,22.71,都市：住
RPVOOLQKMHJFFAH88CB,法政段,25.57,都市：住
RPQPOLQKMHJFFAH48CB,法政段,22.71,都市：住
RPTPOLQKMHJFFAH78CB,法政段,22.71,都市：住
RPRPOLQKMHJFFAH58CB,法政段,22.71,都市：住
RPSPOLQKMHJFFAH68CB,法政段,22.71,都市：住
RPUPOLQKMHJFFAH88CB,法政段,22.71,都市：住
RPXPOLQKMHJFFAH56CB,法政段,22.71,都市：住
RPWPOLQKMHJFFAH09CB,法政段,22.71,都市：住
RPVPOLQKMHJFFAH98CB,法政段,22.71,都市：住
RPPQOLQKMHJFFAH48CB,法政段,22.71,都市：住
RPOQOLQKMHJFFAH38CB,法政段,22.71,都市：住
RPQQOLQKMHJFFAH58CB,法政段,22.71,都市：住
RPTQOLQKMHJFFAH88CB,法政段,26.92,都市：住
RPSQOLQKMHJFFAH78CB,法政段,17.60,都市：住
RPRQOLQKMHJFFAH68CB,法政段,22.71,都市：住
RPVQOLQKMHJFFAH09CB,法政段,26.92,都市：住
RPUQOLQKMHJFFAH98CB,法政段,26.92,都市：住
RPWQOLQKMHJFFAH56CB,法政段,26.92,都市：住
RPXQOLQKMHJFFAH66CB,法政段,26.92,都市：住
RPSROLQKMHJFFAH88CB,法政段,26.92,都市：住
RPQROLQKMHJFFAH68CB,法政段,26.92,都市：住
RPTROLQKMHJFFAH98CB,法政段,26.92,都市：住
RPRROLQKMHJFFAH78CB,法政段,26.92,都市：住
RPVROLQKMHJFFAH56CB,法政段,26.92,都市：住
RPUROLQKMHJFFAH09CB,法政段,26.92,都市：住
RPOROLQKMHJFFAH48CB,法政段,26.92,都市：住
RPPROLQKMHJFFAH58CB,法政段,26.92,都市：住
RPOSOLQKMHJFFAH58CB,法政段,27.67,都市：住
RPQSOLQKMHJFFAH78CB,法政段,27.67,都市：住
RPWROLQKMHJFFAH66CB,法政段,26.92,都市：住
RPPSOLQKMHJFFAH68CB,法政段,27.67,都市：住
RPRSOLQKMHJFFAH88CB,法政段,27.67,都市：住
RPUSOLQKMHJFFAH56CB,法政段,27.67,都市：住
RPTSOLQKMHJFFAH09CB,法政段,27.67,都市：住
RPVSOLQKMHJFFAH66CB,法政段,27.67,都市：住
RPSSOLQKMHJFFAH98CB,法政段,27.67,都市：住
RPWSOLQKMHJFFAH76CB,法政段,27.67,都市：住
RPXSOLQKMHJFFAH86CB,法政段,27.67,都市：住
RPRTOLQKMHJFFAH98CB,法政段,27.67,都市：住
RPQTOLQKMHJFFAH88CB,法政段,27.67,都市：住
RPPTOLQKMHJFFAH78CB,法政段,27.67,都市：住
RPOTOLQKMHJFFAH68CB,法政段,27.67,都市：住
RPSVMLSKMHJFFAH66CB,會稽段,38.46,都市：住
RPSNNLSKMHJFFAH58CB,會稽段,24.52,都市：住
RPQQNLSKMHJFFAH68CB,會稽段,20.62,都市：住
RPWPNLSKMHJFFAH56CB,會稽段,20.62,都市：住
RPTQNLSKMHJFFAH98CB,會稽段,20.62,都市：住
RPTPNLSKMHJFFAH88CB,會稽段,20.62,都市：住
RPRQNLSKMHJFFAH78CB,會稽段,20.62,都市：住
RPXPNLSKMHJFFAH66CB,會稽段,20.62,都市：住
RPVPNLSKMHJFFAH09CB,會稽段,20.62,都市：住
RPOPNLSKMHJFFAH38CB,會稽段,20.06,都市：住
RPWQNLSKMHJFFAH66CB,會稽段,20.62,都市：住
RPRRNLSKMHJFFAH88CB,會稽段,20.62,都市：住
RPORNLSKMHJFFAH58CB,會稽段,20.62,都市：住
RPPRNLSKMHJFFAH68CB,會稽段,20.62,都市：住
RPUQNLSKMHJFFAH09CB,會稽段,20.62,都市：住
RPQRNLSKMHJFFAH78CB,會稽段,20.62,都市：住
RPRNMLOLMHJFFFH78EB,明智段,11.91,都市：住
RPWNMLOLMHJFFFH66EB,明智段,11.17,都市：住
RPQOMLOLMHJFFFH78EB,明智段,11.17,都市：住
RPPOMLOLMHJFFFH68EB,明智段,11.17,都市：住
RPUNMLOLMHJFFFH09EB,明智段,14.95,都市：住
RPTNMLOLMHJFFFH98EB,明智段,11.91,都市：住
RPQNMLOLMHJFFFH68EB,明智段,11.91,都市：住
RPVNMLOLMHJFFFH56EB,明智段,10.45,都市：住
RPOOMLOLMHJFFFH58EB,明智段,11.17,都市：住
RPXNMLOLMHJFFFH76EB,明智段,11.17,都市：住
RPROMLOLMHJFFFH88EB,明智段,11.17,都市：住
RPSOMLOLMHJFFFH98EB,明智段,11.17,都市：住
RPTOMLOLMHJFFFH09EB,明智段,11.17,都市：住
RPRPMLTLMHJFFFH66CB,大興段,35.64,都市：住
RPQPMLTLMHJFFFH56CB,大興段,35.26,都市：住
RPOPMLTLMHJFFFH98CB,大興段,41.03,都市：住
RPWOMLTLMHJFFFH07CB,大興段,41.02,都市：住
RPXOMLTLMHJFFFH17CB,大興段,5440.78,都市：住
RPPPMLTLMHJFFFH09CB,大興段,35.64,都市：住
RPTOMLTLMHJFFFH76CB,大興段,41.62,都市：住
RPUOMLTLMHJFFFH86CB,大興段,41.02,都市：住
RPSPMLTLMHJFFFH76CB,大興段,35.26,都市：住
RPVOMLTLMHJFFFH96CB,大興段,41.02,都市：住
RPTPMLTLMHJFFFH86CB,大興段,35.26,都市：住
RPVPMLTLMHJFFFH07CB,大興段,35.26,都市：住
RPXPMLTLMHJFFFH27CB,大興段,35.26,都市：住
RPQQMLTLMHJFFFH66CB,大興段,41.02,都市：住
RPTQMLTLMHJFFFH96CB,大興段,35.26,都市：住
RPUQMLTLMHJFFFH07CB,大興段,35.69,都市：住
RPSQMLTLMHJFFFH86CB,大興段,41.02,都市：住
RPWPMLTLMHJFFFH17CB,大興段,35.64,都市：住
RPOQMLTLMHJFFFH09CB,大興段,35.26,都市：住
RPRQMLTLMHJFFFH76CB,大興段,41.62,都市：住
RPUPMLTLMHJFFFH96CB,大興段,35.64,都市：住
RPPQMLTLMHJFFFH56CB,大興段,41.02,都市：住
RPVQMLTLMHJFFFH17CB,大興段,35.26,都市：住
RPORMLTLMHJFFFH56CB,大興段,28.02,都市：住
RPURMLTLMHJFFFH17CB,大興段,28.07,都市：住
RPTRMLTLMHJFFFH07CB,大興段,28.02,都市：住
RPQRMLTLMHJFFFH76CB,大興段,28.07,都市：住
RPXQMLTLMHJFFFH37CB,大興段,35.26,都市：住
RPRRMLTLMHJFFFH86CB,大興段,28.07,都市：住
RPWQMLTLMHJFFFH27CB,大興段,35.69,都市：住
RPQSMLTLMHJFFFH86CB,大興段,35.26,都市：住
RPOSMLTLMHJFFFH66CB,大興段,28.02,都市：住
RPPSMLTLMHJFFFH76CB,大興段,28.07,都市：住
RPRSMLTLMHJFFFH96CB,大興段,35.69,都市：住
RPWRMLTLMHJFFFH37CB,大興段,28.02,都市：住
RPXRMLTLMHJFFFH47CB,大興段,28.07,都市：住
RPTSMLTLMHJFFFH17CB,大興段,35.26,都市：住
RPVRMLTLMHJFFFH27CB,大興段,28.02,都市：住
RPUSMLTLMHJFFFH27CB,大興段,35.69,都市：住
RPSSMLTLMHJFFFH07CB,大興段,35.26,都市：住
RPXSMLTLMHJFFFH57CB,大興段,28.02,都市：住
RPVSMLTLMHJFFFH37CB,大興段,35.26,都市：住
RPWSMLTLMHJFFFH47CB,大興段,35.26,都市：住
RPQTMLTLMHJFFFH96CB,大興段,28.07,都市：住
RPPTMLTLMHJFFFH86CB,大興段,28.02,都市：住
RPRTMLTLMHJFFFH07CB,大興段,28.02,都市：住
RPOTMLTLMHJFFFH76CB,大興段,28.07,都市：住
RPTTMLTLMHJFFFH27CB,大興段,28.07,都市：住
RPSTMLTLMHJFFFH17CB,大興段,28.07,都市：住
RPWTMLTLMHJFFFH57CB,大興段,28.02,都市：住
RPQUMLTLMHJFFFH07CB,大興段,35.26,都市：住
RPUTMLTLMHJFFFH37CB,大興段,28.02,都市：住
RPPUMLTLMHJFFFH96CB,大興段,35.26,都市：住
RPOUMLTLMHJFFFH86CB,大興段,28.07,都市：住
RPXTMLTLMHJFFFH67CB,大興段,28.07,都市：住
RPUNMLKMMHJFFFH58CB,大興段,28.08,都市：住
RPVNMLKMMHJFFFH68CB,大興段,28.02,都市：住
RPSNMLKMMHJFFFH38CB,大興段,35.26,都市：住
RPTNMLKMMHJFFFH48CB,大興段,28.08,都市：住
