﻿編號,土地區段位置,土地移轉面積平方公尺,使用分區或編定
The serial number,land sector position,land shifting area square meter,the use zoning or compiles and checks
RPUNMLSJKHJFFAI38CA,中庄段,.69,都市：其他
RPUNMLSJKHJFFAI38CA,中庄段,2.39,都市：其他
RPUNMLSJKHJFFAI38CA,中庄段,2.48,都市：住
RPUNMLSJKHJFFAI38CA,中庄段,28.80,都市：住
RPUNMLSJKHJFFAI38CA,中庄段,4.90,都市：住
RPQNMLOKKHJFFAI67CA,西門段四小段,6.00,都市：商
RPQNMLOKKHJFFAI67CA,西門段四小段,38.00,都市：商
RPQNMLOKKHJFFAI67CA,西門段四小段,64.00,都市：商
RPVNMLQJKHJFFAI28CA,短竹段,91.00,都市：其他
RPVNMLQJKHJFFAI28CA,短竹段,18.20,都市：其他
RPWNMLLKKHJFFAI18EA,劉厝段劉厝小段,30.90,都市：商
RPQOMLLKKHJFFAI47CA,興村段,25.05,都市：住
RPUNMLQJKHJFFAI18CA,西門段五小段,117.00,都市：住
RPPNMLKKKHJFFAI17CA,劉厝段,251.00,都市：住
RPTOMLLLKHJFFAI87CA,北社尾段,12.36,都市：住
RPRNMLLKKHJFFAI47CA,興村段,28.20,都市：住
RPSNMLLLKHJFFAI67CA,下路頭段,57.00,都市：住
RPTNMLLLKHJFFAI77CA,下路頭段,19.93,都市：住
RPOOMLMKKHJFFAI37CA,車店段車店小段,8.87,都市：住
RPSNMLMKKHJFFAI67CA,後庄段,30.86,都市：住
RPVNMLLKKHJFFAI08EA,同興段,22.00,都市：住
RPPNMLLKKHJFFAI47EA,同興段,20.50,都市：住
RPQNMLLKKHJFFAI57EA,車店段車店小段,72.00,都市：住
RPQNMLLKKHJFFAI57EA,車店段車店小段,6.00,都市：住
RPRNMLKLKHJFFAI57DA,東門段五小段,88.00,都市：住
RPRNMLKLKHJFFAI57DA,東門段五小段,17.67,都市：住
RPSNMLSLKHJFFAI38CA,車店段,25.33,都市：住
RPSNMLSLKHJFFAI38CA,白川段,4.27,都市：住
RPPNMLSLKHJFFAI08CA,竹圍子段中興小段,12.25,都市：住
RPQNMLMLKHJFFAI57CA,下路頭段,29.06,都市：住
RPQOMLRLKHJFFAI38EA,西門段八小段,244.56,都市：商
RPUNMLLJLHJFFAI77CA,竹圍子段一小段,67.00,都市：住
RPRNMLRLKHJFFAI18CA,竹圍子段三小段,96.00,都市：住
RPSNMLLJLHJFFAI57CA,西門段四小段,6.29,都市：住
RPOOMLRLKHJFFAI97CA,下路頭段,12.80,都市：住
RPOOMLRLKHJFFAI97CA,下路頭段,58.00,都市：住
RPOOMLRLKHJFFAI97CA,下路頭段,14.76,都市：住
RPQOMLNKKHJFFAI67CA,同興段,161.00,都市：農
RPQOMLNKKHJFFAI67CA,同興段,2362.00,都市：工
RPUNMLMKKHJFFAI87CA,湖內段,13.45,都市：住
RPTNMLMKKHJFFAI77CA,短竹段,12.98,都市：其他
RPRNMLPKKHJFFAI87CA,埤子頭段,3.00,都市：住
RPRNMLPKKHJFFAI87CA,埤子頭段,70.00,都市：住
RPXNMLMKKHJFFAI18CA,下路頭段,88.00,都市：住
RPPOMLLKKHJFFAI37CA,興村段,33.36,都市：住
RPSNMLOKKHJFFAI87CA,溪東段,1680.14,都市：農
RPXNMLNKKHJFFAI28CA,台斗坑段,39.00,都市：其他
RPOOMLNKKHJFFAI47CA,下路頭段,9.24,都市：住
RPWNMLPLKHJFFAI48CA,車店段車店小段,203.00,都市：住
RPXNMLPLKHJFFAI58CA,車店段車店小段,32.22,都市：住
RPOOMLPLKHJFFAI77CA,太平段,15.28,都市：住
RPTNMLNLKHJFFAI97CA,中山段五小段,6.98,都市：住
RPTNMLNLKHJFFAI97CA,山下段,21.95,都市：住
RPQNMLNLKHJFFAI67CA,新厝段,30.30,都市：住
RPQNMLNLKHJFFAI67CA,新厝段,.02,都市：住
RPRNMLNLKHJFFAI77CA,下路頭段,100.00,都市：住
RPWNMLMKKHJFFAI28EA,民族段五小段,39.00,都市：住
RPUNMLNJLHJFFAI97CA,大溪段,370.24,都市：住
RPUNMLNJLHJFFAI97CA,大溪段,14.90,都市：農
RPRNMLMKKHJFFAI77EA,車店段車店小段,59.00,都市：住
RPOOMLSKKHJFFAI18EA,同興段,86.00,都市：住
RPQNMLSKKHJFFAI28EA,太平段,18.50,都市：住
RPPNMLRLKHJFFAI97CA,南門段四小段,121.00,都市：商
RPPNMLRLKHJFFAI97CA,南門段四小段,48.00,都市：商
RPPNMLRLKHJFFAI97CA,南門段四小段,123.00,都市：商
RPRNMLMLKHJFFAI67CA,車店段,61.00,都市：住
RPRNMLQJLHJFFAI18EA,榮段一小段,20.00,都市：商
RPRNMLQJLHJFFAI18EA,榮段一小段,56.00,都市：商
RPRNMLQJLHJFFAI18EA,檜段七小段,17.00,都市：商
RPPNMLQJLHJFFAI77CA,盧厝段,96.00,都市：住
RPQNMLLJLHJFFAI37CA,中山段五小段,26.88,都市：住
RPPOMLMKKHJFFAI47CA,遠東段,15.86,都市：住
RPSNMLQJLHJFFAI28EA,檜段七小段,17.00,都市：商
RPSNMLQJLHJFFAI28EA,榮段一小段,21.00,都市：商
RPTNMLLJLHJFFAI67CA,竹村段,110.89,都市：住
RPQNMLQJLHJFFAI87CA,埤子頭段,26.85,都市：住
RPVNMLSKKHJFFAI58CA,興村段,17.01,都市：住
RPQOMLSKKHJFFAI18CA,仁義段,13.55,都市：住
RPTNMLSKKHJFFAI38CA,車店段車店小段,97.00,都市：住
RPPNMLKKLHJFFAI27CA,下路頭段,1.33,都市：住
RPTNMLQJLHJFFAI18CA,劉厝段,20.43,都市：住
RPTNMLQJLHJFFAI18CA,劉厝段,90.00,都市：住
RPTNMLQJLHJFFAI18CA,劉厝段,4.00,都市：住
RPRNMLSLKHJFFAI28CA,港子坪段港坪小段,15.92,都市：住
RPRNMLSLKHJFFAI28CA,港子坪段港坪小段,4.48,都市：住
RPRNMLLJLHJFFAI47CA,下路頭段,32.78,都市：住
RPTOMLPLKHJFFAI28CA,竹圍子段三小段,22.64,都市：住
RPUNMLSKKHJFFAI48CA,竹圍子段,8.00,都市：住
RPUNMLSKKHJFFAI48CA,竹圍子段,31.00,都市：住
RPUNMLSKKHJFFAI48CA,竹圍子段,18.00,都市：住
RPUNMLNLKHJFFAI08CA,劉厝段劉厝小段,11.69,都市：住
RPQNMLKKLHJFFAI37CA,劉厝段劉厝小段,5.22,都市：住
RPVNMLNLKHJFFAI18CA,同興段,15.03,都市：住
RPRNMLTKKHJFFAI28CA,車店段車店小段,12.25,都市：住
RPTNMLTKKHJFFAI48CA,興村段,21.28,都市：住
RPUNMLNKLHJFFAI08CA,北湖段,199.00,都市：住
RPUNMLNKLHJFFAI08CA,北湖段,68.00,都市：住
RPSNMLNLKHJFFAI87CA,新厝段,1060.00,都市：農
RPUOMLKKLHJFFAI87CA,興村段,9.40,都市：住
RPVOMLKKLHJFFAI97CA,元段五小段,36.60,都市：住
RPUNMLLLKHJFFAI08EA,港子坪段港坪小段,11.59,都市：住
RPRNMLOLKHJFFAI87CA,何庄段,33.06,都市：住
RPTNMLRKKHJFFAI28CA,玉川段,71.00,都市：商
RPXNMLRKKHJFFAI68CA,軍輝段,4.84,都市：住
RPROMLRKKHJFFAI18CA,長竹段,100.00,都市：住
RPPOMLRKKHJFFAI18EA,短竹段,261.90,都市：農
RPTNMLOLKHJFFAI28EA,劉厝段玉山小段,84.87,都市：住
RPTNMLOLKHJFFAI28EA,劉厝段玉山小段,34.95,都市：住
RPPOMLOLKHJFFAI97EA,北社尾段,9.19,都市：住
RPOOMLRKKHJFFAI08EA,下路頭段,52.00,都市：住
RPQOMLRKKHJFFAI28EA,台斗坑段,24.16,都市：住
RPQOMLRKKHJFFAI28EA,台斗坑段,.01,都市：住
RPPNMLSKKHJFFAI18EA,東門段七小段,8.29,都市：商
RPSNMLSKKHJFFAI28CA,劉厝段玉山小段,83.98,都市：住
RPUNMLTKKHJFFAI78EA,中庄段,22.20,都市：住
RPQOMLQJLHJFFAI08DA,竹圍子段一小段,17.40,都市：住
RPSNMLTKKHJFFAI38CA,短竹段,14.64,都市：住
RPOOMLQJLHJFFAI87DA,竹圍子段一小段,9.81,都市：住
RPUOMLRJLHJFFAI68EA,竹圍子段,36.00,都市：住
RPUOMLRJLHJFFAI68EA,竹圍子段,66.00,都市：住
RPVNMLNKLHJFFAI18CA,北湖段,675.00,都市：住
RPVNMLNKLHJFFAI18CA,北湖段,194.00,都市：住
RPPOMLSKKHJFFAI08CA,新富段二小段,18.44,都市：商
RPSNMLNKLHJFFAI87CA,車店段車店小段,5.18,都市：其他
RPSNMLNKLHJFFAI87CA,車店段車店小段,5.01,都市：其他
RPOOMLNKLHJFFAI57CA,西門段八小段,24.67,都市：商
RPXNMLNKLHJFFAI38CA,竹圍子段,11.49,都市：住
RPXNMLNKLHJFFAI38CA,竹圍子段,8.04,都市：住
RPTNMLMLKHJFFAI87CA,東川段,71.00,都市：其他
RPTNMLMLKHJFFAI87CA,東川段,275.00,都市：住
RPWPMLRKLHJFFAI88CA,車店段,80.00,都市：住
RPSOMLMKLHJFFAI08EA,西門段四小段,2.88,都市：商
RPSOMLMKLHJFFAI08EA,西門段四小段,3.89,都市：商
RPVPMLRKLHJFFAI78CA,車店段,78.00,都市：住
RPSOMLMKLHJFFAI08EA,西門段四小段,1.43,都市：商
RPSOMLPLKHJFFAI18CA,盧厝段,110.00,都市：住
RPSOMLPLKHJFFAI18CA,盧厝段,3.00,都市：住
RPPNMLMLKHJFFAI47CA,台斗坑段,26.48,都市：住
RPWNMLNLKHJFFAI28CA,新富段二小段,16.46,都市：住
RPPNMLMKLHJFFAI67EA,埤子頭段,7.00,都市：住
RPQNMLSLKHJFFAI18CA,北社尾段保安小段,16.62,都市：住
RPPOMLLLKHJFFAI47CA,湖子內段湖內小段,95.22,都市：住
RPPOMLQJLHJFFAI97DA,北社尾段保安小段,9.96,都市：住
RPPOMLQJLHJFFAI97DA,北社尾段保安小段,.30,都市：住
RPPOMLQJLHJFFAI97DA,北社尾段保安小段,4.50,都市：住
RPPOMLQJLHJFFAI97DA,北社尾段保安小段,3.36,都市：住
RPPOMLQJLHJFFAI97DA,北社尾段保安小段,.13,都市：住
RPPOMLQJLHJFFAI97DA,北社尾段保安小段,7.50,都市：住
RPPOMLQJLHJFFAI97DA,北社尾段保安小段,.27,都市：住
RPRNMLRLKHJFFAI38EA,劉厝段,85.00,都市：住
RPWNMLLJLHJFFAI97CA,西門段六小段,114.00,都市：商
SPWNMLLJLHJFFAI08CA,西門段六小段,14.00,都市：商
SPWNMLLJLHJFFAI08CA,西門段六小段,47.00,都市：商
RPROMLPLKHJFFAI08CA,東門段四小段,14.00,都市：住
RPROMLPLKHJFFAI08CA,東門段四小段,78.00,都市：住
RPRNMLKLLHJFFAI57CA,西門段三小段,2.73,都市：住
RPRNMLKLLHJFFAI57CA,西門段三小段,.69,都市：住
RPWNMLNKLHJFFAI28CA,湖內段,32.34,都市：住
RPOOMLMKLHJFFAI47CA,盧東段,19.84,都市：住
RPOOMLMKLHJFFAI47CA,盧東段,30.13,都市：住
RPOOMLMKLHJFFAI47CA,盧東段,169.03,都市：住
RPOOMLMKLHJFFAI47CA,盧東段,31.39,都市：住
RPOOMLMKLHJFFAI47CA,盧東段,.07,都市：農
RPPNMLNLKHJFFAI57CA,台斗坑段,12.58,都市：住
RPWNMLLKMHJFFAI38EA,車店段車店小段,6.06,都市：住
RPXNMLOLKHJFFAI48CA,榮段二小段,9.30,都市：住
RPUNMLOLKHJFFAI18CA,長竹段,30.51,都市：住
RPRNMLQLKHJFFAI08CA,竹圍子段,18.00,都市：住
RPPNMLLLKHJFFAI37CA,車店段,80.00,都市：住
RPRNMLLLKHJFFAI57CA,劉厝段玉山小段,105.41,都市：住
RPRNMLPLKHJFFAI97CA,竹圍子段,8.20,都市：其他
RPXNMLNLKHJFFAI38CA,北社尾段保安小段,14.62,都市：住
RPTOMLQLKHJFFAI38CA,下路頭段,92.00,都市：住
RPPOMLPLKHJFFAI87CA,下路頭段,69.00,都市：住
RPVNMLPLKHJFFAI38CA,堀川段,20.20,都市：住
RPQOMLQLKHJFFAI08CA,頂庄段,90.00,都市：住
RPQOMLQLKHJFFAI08CA,頂庄段,42.50,都市：住
RPQOMLPLKHJFFAI97CA,竹圍子段二小段,13.72,都市：住
RPQOMLLLKHJFFAI57CA,港子坪段港坪小段,360.00,都市：住
RPPNMLOLKHJFFAI67CA,元段六小段,68.00,都市：商
RPSPMLRKLHJFFAI48CA,西門段六小段,4.94,都市：住
RPSPMLRKLHJFFAI48CA,西門段六小段,1.54,都市：住
RPQNMLPKLHJFFAI87CA,短竹段,29.29,都市：住
RPOPMLRKLHJFFAI08CA,車店段車店小段,18.88,都市：住
RPOPMLRKLHJFFAI08CA,車店段車店小段,62.00,都市：住
RPOOMLLLKHJFFAI37CA,下路頭段,223.00,都市：住
RPQNMLNJLHJFFAI67DA,盧厝段,84.00,都市：住
RPVNMLLLKHJFFAI18EA,下路頭段,49.00,都市：住
RPQNMLPLKHJFFAI08EA,竹圍子段,96.00,都市：住
RPQOMLOLKHJFFAI08EA,興村段,198.00,都市：住
RPQOMLOLKHJFFAI08EA,興村段,197.00,都市：住
RPPNMLMJLHJFFAI37CA,盧厝段,396.00,都市：住
RPPNMLMJLHJFFAI37CA,盧厝段,392.00,都市：住
RPVNMLLJLHJFFAI87CA,下路頭段,255.00,都市：住
RPPNMLNKLHJFFAI67DA,車店段,72.00,都市：住
RPTNMLNKLHJFFAI18EA,陳厝段,42.14,都市：住
RPTNMLNKLHJFFAI18EA,陳厝段,95.06,都市：住
RPOOMLRJLHJFFAI87CA,車店段車店小段,15.16,都市：住
RPTNMLRLKHJFFAI38CA,遠東段,5.60,都市：住
RPROMLRLKHJFFAI28CA,車店段,96.00,都市：住
RPUNMLRLKHJFFAI48CA,遠東段,13.06,都市：住
RPVNMLRLKHJFFAI58CA,車店段車店小段,8.72,都市：住
RPSNMLPLKHJFFAI08CA,下路頭段,86.00,都市：住
RPSNMLPJLHJFFAI97CA,下路頭段,43.00,都市：住
RPWNMLQLKHJFFAI78EA,車店段車店小段,108.00,都市：住
RPVOMLRJLHJFFAI58CA,竹圍子段一小段,9.67,都市：住
RPPNMLPLKHJFFAI77CA,北園段,94.00,都市：住
RPVNMLQLKHJFFAI68EA,短竹段,.58,都市：其他
RPVNMLQLKHJFFAI68EA,短竹段,82.00,都市：其他
RPVNMLQLKHJFFAI68EA,短竹段,23.74,都市：其他
RPROMLQJLHJFFAI08CA,車店段車店小段,100.00,都市：住
RPTNMLPJLHJFFAI08CA,盧厝段,76.00,都市：住
RPPNMLQLKHJFFAI87CA,埤子頭段新厝小段,72.00,都市：住
RPVOMLQLKHJFFAI58CA,盧厝段,295.00,都市：農
RPSNMLOJLHJFFAI97DA,元段二小段,3.55,都市：住
RPSNMLOJLHJFFAI97DA,元段二小段,3.83,都市：住
RPSNMLOJLHJFFAI97DA,元段二小段,1.87,都市：住
RPSNMLOJLHJFFAI97DA,元段二小段,1.01,都市：住
RPRPMLRKLHJFFAI38CA,竹圍子段三小段,17.34,都市：住
RPUNMLPJLHJFFAI18CA,劉厝段玉山小段,100.20,都市：住
RPROMLKKLHJFFAI57CA,車店段車店小段,33.16,都市：住
RPVNMLPJLHJFFAI28CA,埤子頭段,559.00,都市：住
RPTNMLMKLHJFFAI87CA,劉厝段,87.00,都市：住
RPWNMLPJLHJFFAI38CA,短竹段,13.33,都市：住
RPSOMLKLLHJFFAI77CA,山下段,83.00,都市：住
RPROMLOLKHJFFAI18EA,新富段四小段,7.64,都市：商
RPQNMLQLKHJFFAI18EA,後庄段,76.00,都市：商
RPUOMLQLKHJFFAI48CA,堀川段,11.50,都市：住
RPUOMLQLKHJFFAI48CA,堀川段,11.50,都市：住
RPUOMLQLKHJFFAI48CA,堀川段,18.00,都市：住
RPUOMLQLKHJFFAI48CA,堀川段,18.00,都市：住
RPSNMLRLKHJFFAI28CA,竹圍子段二小段,13.72,都市：住
RPVNMLNJLHJFFAI08CA,大溪段,431.94,都市：住
RPVNMLNJLHJFFAI08CA,大溪段,17.38,都市：農
RPSOMLRLKHJFFAI38CA,彌陀段,10.61,都市：住
RPPNMLPJLHJFFAI67CA,下埤段,1002.26,都市：農
RPTNMLOJLHJFFAI08DA,溪東段,84.12,都市：住
RPSOMLQLKHJFFAI28CA,台斗坑段,37.75,都市：住
RPXNMLPJLHJFFAI48CA,短竹段,6.07,都市：住
RPRPMLQLLHJFFAI38CA,盧東段,179.18,都市：農
RPQPMLQLLHJFFAI28CA,竹圍子段,6.81,都市：住
RPTNMLPKLHJFFAI18CA,港子坪段港坪小段,17.31,都市：住
RPTNMLPKLHJFFAI18CA,港子坪段港坪小段,4.87,都市：住
RPUNMLLLLHJFFAI18EA,頂庄段,21.00,都市：住
RPUNMLLLLHJFFAI18EA,頂庄段,75.00,都市：住
RPXNMLPLLHJFFAI68CA,竹圍子段,118.00,都市：住
RPOOMLPLLHJFFAI87CA,竹圍子段,116.00,都市：其他
RPQOMLPLLHJFFAI08CA,竹圍子段,1746.00,都市：住
RPQOMLPLLHJFFAI08CA,竹圍子段,476.00,都市：住
RPQOMLPLLHJFFAI08CA,竹圍子段,266.00,都市：其他
RPWNMLPLLHJFFAI58CA,竹圍子段,1251.00,都市：住
RPWNMLPLLHJFFAI58CA,竹圍子段,53.00,都市：住
RPOPMLOLLHJFFAI87CA,下路頭段,39.66,都市：住
RPPOMLPLLHJFFAI97CA,竹圍子段,532.00,都市：住
RPSOMLPLLHJFFAI28CA,竹圍子段,221.00,都市：其他
RPSOMLPLLHJFFAI28CA,竹圍子段,163.00,都市：其他
RPROMLPLLHJFFAI18CA,竹圍子段,1011.00,都市：住
RPPOMLRLKHJFFAI08CA,港子坪段港坪小段,13.90,都市：住
RPQNMLRLKHJFFAI28EA,下路頭段,24.59,都市：住
RPPNMLNJLHJFFAI67EA,下路頭段,1.00,都市：住
RPRNMLNJLHJFFAI87EA,盧厝段,263.00,都市：農
RPSOMLRJLHJFFAI38DA,車店段車店小段,7.99,都市：住
RPRNMLPJLHJFFAI97DA,中庄段,75.00,都市：住
RPSNMLQLKHJFFAI38EA,榮段一小段,30.62,都市：商
RPROMLQLKHJFFAI38EA,東川段,146.00,都市：住
RPQOMLRJLHJFFAI08CA,港子坪段港坪小段,9.79,都市：商
RPVNMLOJLHJFFAI18CA,後庄段,487.00,都市：住
RPXNMLOJLHJFFAI38CA,新富段八小段,84.00,都市：商
RPXNMLOJLHJFFAI38CA,新富段八小段,4.71,都市：商
RPWNMLQJLHJFFAI58DA,埤子頭段新厝小段,58.00,都市：住
RPPNMLOJLHJFFAI77EA,新富段一小段,.28,都市：商
RPPNMLOJLHJFFAI77EA,南門段七小段,7.72,都市：商
RPUNMLOJLHJFFAI08CA,台斗坑段,24.93,都市：住
RPUNMLOJLHJFFAI08CA,台斗坑段,.01,都市：其他
RPWNMLOJLHJFFAI48EA,興村段,16.52,都市：住
RPQNMLPJLHJFFAI77CA,興村段興村小段,154.47,都市：住
RPQNMLOJLHJFFAI87EA,短竹段,6.07,都市：住
RPXNMLKKLHJFFAI08CA,竹圍子段一小段,71.00,都市：住
RPWOMLQLLHJFFAI78CA,鳥岫段,132.99,都市：其他
RPWOMLQLLHJFFAI78CA,鳥岫段,1135.12,都市：農
RPWOMLQLLHJFFAI78CA,鳥岫段,434.79,都市：農
RPWOMLQLLHJFFAI78CA,榮段四小段,.50,都市：商
RPWOMLQLLHJFFAI78CA,榮段四小段,2.39,都市：商
RPSNMLPKLHJFFAI08CA,同興段,21.87,都市：住
RPVOMLOLLHJFFAI48CA,頂庄段,117.00,都市：住
RPTNMLOLLHJFFAI18CA,下路頭段,96.00,都市：住
RPRNMLOJLHJFFAI77CA,下路頭段,12.51,都市：住
RPSNMLMKLHJFFAI77CA,荖藤段,430.75,都市：農
RPSNMLMKLHJFFAI77CA,荖藤段,430.75,都市：農
RPSNMLMKLHJFFAI77CA,荖藤段,153.00,都市：農
RPSNMLMKLHJFFAI77CA,荖藤段,153.00,都市：農
RPUNMLMKLHJFFAI97CA,竹圍子段,11.02,都市：住
RPPNMLPKLHJFFAI77CA,車店段,93.00,都市：住
RPPNMLPKLHJFFAI77CA,車店段,14.00,都市：住
RPVOMLQJLHJFFAI48CA,後庄段,760.00,都市：農
RPTOMLQJLHJFFAI28CA,北門段四小段,29.35,都市：商
RPUNMLQJLHJFFAI28CA,仁義段,6.62,都市：住
RPUOMLQJLHJFFAI58EA,元段三小段,127.00,都市：商
RPPOMLKKLHJFFAI37CA,玉川段,110.00,都市：住
RPUOMLTKLHJFFAI78CA,港子坪段港坪小段,25.65,都市：住
RPTNMLNJLHJFFAI87CA,劉厝段,20.43,都市：住
RPTNMLNJLHJFFAI87CA,劉厝段,82.00,都市：住
RPTNMLNJLHJFFAI87CA,劉厝段,4.00,都市：住
RPVOMLRJLHJFFAI78EA,下路頭段,61.00,都市：住
RPRNMLRJLHJFFAI08CA,下路頭段,269.00,都市：住
RPRNMLRJLHJFFAI08CA,下路頭段,6.00,都市：住
RPSOMLQJLHJFFAI18CA,頂庄段,90.00,都市：住
RPSOMLQJLHJFFAI18CA,頂庄段,42.50,都市：住
RPTOMLKKLHJFFAI77CA,白川段,34.93,都市：住
RPQNMLRJLHJFFAI97CA,盧厝段,16.12,都市：住
RPXNMLOLLHJFFAI58CA,八掌段,213.00,都市：農
RPWNMLRJLHJFFAI58CA,竹圍子段,566.00,都市：工
RPRNMLKKLHJFFAI47CA,白川段,32.98,都市：住
RPROMLRLLHJFFAI58EA,新富段三小段,203.00,都市：商
RPXNMLRJLHJFFAI68CA,北門段六小段,38.00,都市：住
RPXNMLRJLHJFFAI68CA,北門段六小段,14.00,都市：住
RPRNMLPKLHJFFAI97CA,埤子頭段,45.00,都市：住
RPSOMLKKLHJFFAI67CA,劉厝段,87.00,都市：住
RPSOMLKKLHJFFAI67CA,劉厝段,2.72,都市：其他
RPWNMLMKLHJFFAI18CA,竹圍子段一小段,8.88,都市：住
RPROMLRJLHJFFAI18CA,新厝段,1662.00,都市：農
RPWOMLKKLHJFFAI08CA,北社尾段,25.98,都市：住
RPQOMLOLLHJFFAI97CA,盧東段,91.10,都市：農
RPQPMLRLLHJFFAI38CA,竹圍子段二小段,104.00,都市：住
RPQPMLRLLHJFFAI38CA,竹圍子段二小段,13.80,都市：住
RPVOMLRLLHJFFAI78CA,下路頭段,16.09,都市：住
RPPNMLRJLHJFFAI87CA,盧厝段,3493.66,都市：農
RPPOMLRJLHJFFAI97CA,埤子頭段,97.00,都市：住
RPQOMLOKLHJFFAI87CA,劉厝段玉山小段,20.00,都市：住
RPQOMLOKLHJFFAI87CA,劉厝段玉山小段,72.21,都市：住
RPSNMLRJLHJFFAI18CA,北園段,16.01,都市：住
RPTNMLOKLHJFFAI08CA,後庄段,87.00,都市：住
RPTNMLRJLHJFFAI28CA,西門段六小段,1.09,都市：住
RPTNMLRJLHJFFAI28CA,新富段六小段,3.66,都市：住
RPTOMLRJLHJFFAI38CA,竹圍子段,25.71,都市：住
RPUNMLRJLHJFFAI58EA,民族段三小段,5.00,都市：住
RPUNMLRJLHJFFAI58EA,民族段三小段,12.33,都市：住
RPUNMLRJLHJFFAI58EA,民族段三小段,56.00,都市：住
RPUNMLRJLHJFFAI58EA,民族段三小段,4.83,都市：住
RPVNMLRJLHJFFAI48CA,北社尾段,86.00,都市：住
RPPNMLTKLHJFFAI18CA,港子坪段港坪小段,17.67,都市：住
RPQNMLTKLHJFFAI28CA,車店段車店小段,10.88,都市：住
RPUNMLLMLHJFFAI28EA,白川段,6.53,都市：住
RPPNMLLKLHJFFAI37CA,北園段,97.00,都市：住
RPSNMLKKLHJFFAI77EA,南門段四小段,66.00,都市：商
RPWNMLKKLHJFFAI97CA,盧厝段,66.00,都市：住
RPQOMLKKLHJFFAI67EA,盧厝段,41.69,都市：住
RPTNMLKKLHJFFAI87EA,車店段車店小段,6.24,都市：住
RPWOMLRLLHJFFAI88CA,榮段三小段,61.00,都市：商
RPWOMLRLLHJFFAI88CA,榮段三小段,1.00,都市：商
RPWOMLRLLHJFFAI88CA,榮段三小段,3.00,都市：商
RPWOMLRLLHJFFAI88CA,榮段三小段,40.00,都市：商
RPWOMLRLLHJFFAI88CA,榮段三小段,39.00,都市：商
RPXNMLRLLHJFFAI98DA,劉厝段,132.00,都市：住
RPXOMLRLLHJFFAI09DA,下路頭段,81.00,都市：住
RPXNMLMKLHJFFAI28CA,竹圍子段,9.45,都市：住
RPUNMLRKLHJFFAI68EA,玉川段,51.00,都市：住
RPQNMLLKLHJFFAI47CA,下路頭段,34.14,都市：住
RPVNMLRKLHJFFAI58CA,竹圍子段中興小段,27.79,都市：住
RPVNMLLMLHJFFAI38EA,竹圍子段,86.00,都市：住
RPOOMLKKLHJFFAI27CA,劉厝段玉山小段,89.29,都市：住
RPSOMLRLLHJFFAI48CA,車店段,34.51,都市：住
RPSOMLRLLHJFFAI48CA,白川段,3.27,都市：住
RPWNMLRLLHJFFAI88DA,八掌段,2530.63,都市：農
RPWNMLRLLHJFFAI88DA,八掌段,3.04,都市：農
RPWNMLRLLHJFFAI88DA,八掌段,22.33,都市：農
RPWNMLRLLHJFFAI88DA,八掌段,11.56,都市：農
RPWNMLRLLHJFFAI88DA,八掌段,89.41,都市：農
RPVNMLKKLHJFFAI08EA,山下段,2.00,都市：住
RPVNMLKKLHJFFAI08EA,山下段,24.50,都市：住
RPUNMLKKLHJFFAI97EA,下路頭段,16.39,都市：住
RPSNMLSLLHJFFAI48CA,軍輝段,33.08,都市：住
RPVNMLLKLHJFFAI18EA,竹圍子段,20.18,都市：住
RPROMLMKLHJFFAI77CA,下路頭段,19.93,都市：住
RPPNMLLMLHJFFAI57CA,北社尾段保安小段,7.68,都市：住
RPWNMLTLLHJFFAI98CA,埤子頭段,24.33,都市：住
RPWNMLNJMHJFFAI28CA,車店段,91.54,都市：住
RPTNMLNJMHJFFAI97CA,短竹段,3.49,都市：住
RPXNMLNJMHJFFAI38CA,港子坪段港坪小段,14.43,都市：住
RPXNMLNJMHJFFAI38CA,港子坪段港坪小段,4.06,都市：住
RPOOMLNJMHJFFAI57CA,北門段七小段,7.59,都市：住
RPSOMLNKLHJFFAI97CA,埤子頭段,77.00,都市：住
RPSOMLNKLHJFFAI97CA,埤子頭段,22.67,都市：住
RPROMLNKLHJFFAI87CA,埤子頭段,85.00,都市：住
RPROMLNKLHJFFAI87CA,埤子頭段,22.67,都市：住
RPTOMLNKLHJFFAI08CA,埤子頭段,77.00,都市：住
RPTOMLNKLHJFFAI08CA,埤子頭段,22.67,都市：住
RPVOMLNKLHJFFAI28CA,埤子頭段,130.00,都市：住
RPVOMLNKLHJFFAI28CA,埤子頭段,22.67,都市：住
RPTQMLRKLHJFFAI68CA,竹圍子段,83.00,都市：住
RPQQMLRKLHJFFAI38CA,盧厝段,21.16,都市：住
RPXNMLLJMHJFFAI18CA,荖藤段,403.00,都市：農
RPXNMLLJMHJFFAI18CA,荖藤段,609.00,都市：住
RPXNMLLJMHJFFAI18CA,荖藤段,30.00,都市：住
RPPNMLQKLHJFFAI87CA,車店段,76.00,都市：住
RPQNMLQKLHJFFAI97CA,車店段,75.00,都市：住
RPRQMLRKLHJFFAI48CA,盧厝段,9.00,都市：住
RPRQMLRKLHJFFAI48CA,盧厝段,25.72,都市：住
RPRQMLRKLHJFFAI48CA,盧厝段,6.76,都市：住
RPQOMLNKLHJFFAI77CA,埤子頭段,90.00,都市：住
RPQOMLNKLHJFFAI77CA,埤子頭段,22.67,都市：住
RPUNMLTKLHJFFAI68CA,劉厝段劉厝小段,66.00,都市：住
RPQNMLRKLHJFFAI08CA,下路頭段,60.01,都市：其他
RPXNMLLKLHJFFAI18CA,下路頭段,58.00,都市：住
RPSNMLLKLHJFFAI67CA,西門段六小段,.98,都市：商
RPSNMLLKLHJFFAI67CA,新富段六小段,3.27,都市：商
RPWNMLKLLHJFFAI08CA,竹圍子段一小段,299.00,都市：住
RPQNMLMKLHJFFAI57CA,末廣段五小段,.15,都市：住
RPQNMLMKLHJFFAI57CA,末廣段五小段,1.79,都市：住
RPQNMLMKLHJFFAI57CA,末廣段五小段,.62,都市：住
RPQNMLMKLHJFFAI57CA,末廣段五小段,1.79,都市：住
RPSNMLKLLHJFFAI67CA,新富段三小段,19.17,都市：商
RPTOMLOLLHJFFAI28CA,新厝段,468.00,都市：農
RPTOMLOLLHJFFAI28CA,新厝段,57.43,都市：農
RPXOMLRKLHJFFAI88CA,白川段,32.98,都市：住
RPVNMLMKLHJFFAI08CA,湖內段,14.00,都市：住
RPPOMLOKLHJFFAI77CA,堀川段,41.00,都市：住
RPRNMLNKLHJFFAI77CA,劉厝段玉山小段,93.60,都市：住
RPRNMLNKLHJFFAI77CA,劉厝段玉山小段,19.94,都市：住
RPVNMLOKLHJFFAI28CA,下路頭段,2.72,都市：住
RPPNMLMLLHJFFAI57CA,新富段三小段,1.67,都市：其他
RPPNMLMLLHJFFAI57CA,新富段三小段,209.00,都市：住
RPRNMLMLLHJFFAI77CA,遠東段,103.00,都市：住
RPRNMLMLLHJFFAI77CA,遠東段,28.00,都市：住
RPQNMLMLLHJFFAI67CA,長竹段,55.99,都市：住
RPPOMLMKLHJFFAI77EA,太平段,23.00,都市：住
RPPOMLMKLHJFFAI77EA,太平段,31.00,都市：住
RPPOMLMKLHJFFAI77EA,太平段,30.00,都市：住
RPPOMLMKLHJFFAI77EA,太平段,9.00,都市：住
RPOOMLOLLHJFFAI87DA,大溪段,85.42,都市：住
RPOOMLOLLHJFFAI87DA,大溪段,3.30,都市：住
RPOOMLOLLHJFFAI87DA,大溪段,10.57,都市：住
RPOOMLOLLHJFFAI87DA,大溪段,2.38,都市：住
RPOOMLOLLHJFFAI87DA,大溪段,1.28,都市：住
RPOOMLOLLHJFFAI87DA,大溪段,.25,都市：住
RPVNMLOLLHJFFAI58EA,遠東段,14.00,都市：住
RPWNMLOKLHJFFAI38CA,盧厝段,1157.00,都市：農
RPXNMLOKLHJFFAI58DA,港子坪段港坪小段,18.20,都市：住
RPUQMLRKLHJFFAI78CA,短竹段,10.94,都市：住
RPUQMLRKLHJFFAI78CA,短竹段,9.15,都市：住
RPROMLOKLHJFFAI18EA,台斗坑段,8.09,都市：住
RPWNMLLKLHJFFAI08CA,盧厝段,86.00,都市：住
RPVQMLRKLHJFFAI88CA,荖藤段,441.00,都市：農
RPRNMLSLLHJFFAI38CA,北社尾段保安小段,5.80,都市：住
RPUNMLMLLHJFFAI08CA,下路頭段,51.00,都市：住
RPXNMLTKLHJFFAI98CA,埤子頭段新厝小段,67.00,都市：住
RPVNMLLLLHJFFAI08CA,北社尾段保安小段,67.00,都市：住
RPQOMLRKLHJFFAI18CA,遠東段,60.00,都市：住
RPROMLRKLHJFFAI28CA,遠東段,62.00,都市：住
RPSOMLRKLHJFFAI38CA,遠東段,63.00,都市：住
RPUOMLRKLHJFFAI58CA,遠東段,102.00,都市：住
RPTOMLRKLHJFFAI48CA,遠東段,64.00,都市：住
RPTOMLRKLHJFFAI48CA,遠東段,64.00,都市：住
RPTOMLRKLHJFFAI48CA,遠東段,66.00,都市：住
RPSNMLOKLHJFFAI97CA,同興段,23.24,都市：住
RPVOMLRKLHJFFAI68CA,遠東段,118.00,都市：住
RPWOMLRKLHJFFAI78CA,遠東段,63.00,都市：住
RPWOMLRKLHJFFAI78CA,遠東段,57.00,都市：住
RPTNMLRKLHJFFAI38CA,遠東段,47.00,都市：住
RPWNMLRKLHJFFAI68CA,遠東段,49.00,都市：住
RPXNMLRKLHJFFAI78CA,遠東段,54.00,都市：住
RPOOMLRKLHJFFAI97CA,遠東段,58.00,都市：住
RPTNMLSKLHJFFAI48CA,堀川段,29.00,都市：住
RPVNMLSKLHJFFAI78DA,埤子頭段,146.20,都市：住
RPVNMLSKLHJFFAI78DA,埤子頭段,39.60,都市：住
RPOOMLOKLHJFFAI67CA,竹圍子段,3.74,都市：商
RPPOMLSKLHJFFAI18CA,下路頭段,45.00,都市：住
RPRNMLPLLHJFFAI28EA,後庄段,96.00,都市：住
RPRNMLPLLHJFFAI28EA,後庄段,161.00,都市：住
RPQNMLOKMHJFFAI87CA,車店段車店小段,34.94,都市：住
RPWNMLOKMHJFFAI48CA,短竹段,3.39,都市：住
RPTNMLOKLHJFFAI28EA,白川段,35.57,都市：住
RPRNMLRKLHJFFAI38EA,軍輝段,13.05,都市：住
RPQNMLOKLHJFFAI97EA,北社尾段,9.19,都市：住
RPWNMLSKLHJFFAI98EA,遠東段,200.00,都市：住
RPXNMLSKLHJFFAI09EA,遠東段,57.00,都市：住
RPPNMLRKLHJFFAI18EA,埤子頭段,33.33,都市：住
RPPNMLRKLHJFFAI18EA,埤子頭段,8.67,都市：住
RPPNMLRKLHJFFAI18EA,埤子頭段,5.67,都市：住
RPPNMLRKLHJFFAI18EA,埤子頭段,7.00,都市：住
RPVNMLRLLHJFFAI78DA,竹圍子段,77.18,都市：住
RPVNMLQLLHJFFAI78EA,湖子內段湖內小段,135.94,都市：住
RPXNMLTKLHJFFAI56EA,盧厝段,16.12,都市：住
RPSOMLOKLHJFFAI08CA,北社尾段保安小段,5.77,都市：住
RPSOMLOKLHJFFAI08CA,北社尾段保安小段,7.49,都市：住
RPPOMLRKLHJFFAI08CA,玉川段,22.34,都市：住
RPWOMLSJMHJFFAI88CA,竹圍子段,13.00,都市：住
RPPNMLKMLHJFFAI47CA,北社尾段保安小段,14.25,都市：住
RPPNMLQLLHJFFAI97CA,埤子頭段,79.00,都市：住
RPPNMLQLLHJFFAI97CA,埤子頭段,.33,都市：住
RPXOMLSJMHJFFAI98CA,玉川段,71.00,都市：住
RPXNMLTJMHJFFAI98CA,劉厝段劉厝小段,18.69,都市：商
RPPNMLSKLHJFFAI08CA,荖藤段,877.00,都市：農
RPPNMLLKMHJFFAI47CA,下路頭段,91.00,都市：住
RPPQMLRKLHJFFAI28CA,竹圍子段,23.33,都市：其他
RPVOMLQLLHJFFAI68CA,車店段,8.88,都市：住
RPVOMLQLLHJFFAI68CA,白川段,17.51,都市：住
RPROMLKLLHJFFAI67CA,下路頭段,7.07,都市：住
RPPOMLKLLHJFFAI47CA,南門段二小段,3.59,都市：商
RPVNMLKLLHJFFAI97CA,港子坪段港坪小段,12.40,都市：商
RPTOMLRJMHJFFAI48CA,竹圍子段,22.44,都市：住
RPTOMLRJMHJFFAI48CA,竹圍子段,84.00,都市：住
RPOPMLRJMHJFFAI08CA,湖內段,48.51,都市：住
RPWOMLRJMHJFFAI78CA,同興段,19.14,都市：住
RPOOMLTKLHJFFAI18CA,竹圍子段一小段,23.01,都市：住
RPVNMLTKLHJFFAI78CA,台斗坑段,28.76,都市：住
RPSNMLKLLHJFFAI87EA,盧東段,696.87,都市：農
RPTNMLLLLHJFFAI87CA,埤子頭段,28.64,都市：住
RPPOMLTKLHJFFAI48EA,下路頭段,93.00,都市：住
RPQOMLTKLHJFFAI58EA,下路頭段,144.00,都市：住
RPROMLTKLHJFFAI68EA,下路頭段,99.00,都市：住
RPSOMLTKLHJFFAI78EA,下路頭段,16.34,都市：住
RPOOMLSKLHJFFAI28EA,民族段四小段,54.00,都市：住
RPUNMLSKLHJFFAI78EA,玉川段,108.00,都市：住
RPSOMLQLLHJFFAI58EA,台斗坑段,21.87,都市：住
RPXNMLKLLHJFFAI38EA,台斗坑段,79.00,都市：住
RPUNMLOLLHJFFAI48EA,台斗坑段,19.56,都市：住
RPUNMLOLLHJFFAI48EA,台斗坑段,.01,都市：住
RPWNMLSJMHJFFAI98EA,盧厝段,2942.00,都市：農
RPXNMLSJMHJFFAI09EA,盧厝段,128.00,都市：農
RPXNMLSJMHJFFAI09EA,盧厝段,491.00,都市：農
RPXNMLSJMHJFFAI09EA,盧厝段,88.00,都市：農
RPXNMLSJMHJFFAI09EA,盧厝段,166.00,都市：農
RPSNMLMLLHJFFAI87CA,溪東段,1680.14,都市：農
RPQOMLKLLHJFFAI57CA,竹圍子段,42.00,都市：住
RPXNMLMLLHJFFAI38CA,竹圍子段,23.40,都市：住
RPUNMLOLLHJFFAI28CA,車店段,12.47,都市：住
RPUNMLOLLHJFFAI28CA,車店段,.85,都市：住
RPUNMLOLLHJFFAI28CA,車店段,2.88,都市：住
RPWNMLTKLHJFFAI88CA,湖內段,19.48,都市：住
RPPOMLTJMHJFFAI28CA,竹村段,19.59,都市：住
RPROMLTJMHJFFAI48CA,民族段四小段,43.00,都市：住
RPRNMLTKLHJFFAI38CA,竹圍子段,69.00,都市：住
RPOOMLKKMHJFFAI57EA,短竹段,5.12,都市：住
RPQNMLKMLHJFFAI57CA,竹圍子段三小段,15.10,都市：住
RPVNMLMLLHJFFAI18CA,劉厝段劉厝小段,66.00,都市：住
RPSNMLTKLHJFFAI68EA,盧厝段,20.91,都市：住
RPTOMLPKNHJFFAI68EA,中山段一小段,24.00,都市：住
RPWNMLMLLHJFFAI28CA,車店段車店小段,14.65,都市：住
RPTNMLKLLHJFFAI77CA,西門段五小段,7.33,都市：住
RPQNMLLLLHJFFAI57CA,車店段,4.05,都市：住
RPQNMLLLLHJFFAI57CA,白川段,42.09,都市：住
RPWOMLOLLHJFFAI58CA,埤子頭段,77.00,都市：住
RPWOMLOLLHJFFAI58CA,埤子頭段,22.67,都市：住
RPUNMLKLLHJFFAI87CA,北門段六小段,230.00,都市：商
RPPOMLSLLHJFFAI28CA,榮段三小段,49.00,都市：住
RPTOMLTKLHJFFAI88EA,北社尾段,12.32,都市：住
RPRNMLLJMHJFFAI57CA,短竹段,13.93,都市：住
RPXNMLSLLHJFFAI98CA,盧東段,119.06,都市：住
RPXNMLSLLHJFFAI98CA,盧東段,13.22,都市：住
RPXNMLSLLHJFFAI98CA,盧東段,.07,都市：農
RPTNMLQLLHJFFAI38CA,頂庄段,89.00,都市：住
RPPNMLOJMHJFFAI67CA,遠東段,21.00,都市：農
RPPNMLOJMHJFFAI67CA,遠東段,2927.00,都市：農
RPPNMLOJMHJFFAI67CA,遠東段,2598.00,都市：工
RPPNMLOJMHJFFAI67CA,遠東段,350.67,都市：工
RPOOMLLLLHJFFAI67EA,車店段車店小段,5.18,都市：住
RPOOMLLLLHJFFAI67EA,車店段車店小段,5.01,都市：住
RPVNMLMJMHJFFAI28EA,檜段四小段,45.25,都市：商
RPWNMLLLLHJFFAI18CA,東門段四小段,55.00,都市：住
RPSNMLNJMHJFFAI08EA,民族段五小段,103.00,都市：住
RPPPMLQLLHJFFAI28DA,下埤段,75.29,都市：住
RPPPMLQLLHJFFAI28DA,下埤段,1.80,都市：住
RPOOMLOLLHJFFAI97EA,西門段三小段,22.11,都市：商
RPPOMLOLLHJFFAI97DA,短竹段,174.00,都市：住
RPRNMLLLLHJFFAI87EA,下路頭段,166.00,都市：住
RPQOMLSLLHJFFAI38CA,西門段三小段,5.72,都市：住
RPQOMLSLLHJFFAI38CA,西門段三小段,1.44,都市：住
RPPNMLOLLHJFFAI77CA,育人段,1015.66,都市：農
RPQNMLOLLHJFFAI87CA,何庄段,1000.54,都市：農
RPPPMLRLLHJFFAI28CA,中庄段,.69,都市：其他
RPPPMLRLLHJFFAI28CA,中庄段,2.39,都市：其他
RPPPMLRLLHJFFAI28CA,中庄段,2.48,都市：住
RPPPMLRLLHJFFAI28CA,中庄段,4.90,都市：住
RPPPMLRLLHJFFAI28CA,中庄段,33.60,都市：住
RPUOMLRLLHJFFAI68CA,盧厝段,25.10,都市：住
RPXOMLOLLHJFFAI68CA,同興段,83.00,都市：住
RPPNMLLLLHJFFAI47CA,車店段車店小段,29.50,都市：住
RPRNMLOJMHJFFAI87CA,北社尾段保安小段,7.89,都市：住
RPSNMLOKMHJFFAI08CA,東川段,21.38,都市：住
RPUOMLRJMHJFFAI58CA,竹圍子段,365.00,都市：住
RPQNMLOLLHJFFAI08EA,興村段,108.00,都市：住
RPWNMLOLLHJFFAI68EA,車店段車店小段,29.72,都市：住
RPSNMLOLLHJFFAI28EA,湖子內段湖內小段,399.50,都市：工
RPOPMLQLLHJFFAI08CA,何庄段,89.08,都市：住
RPUNMLOJMHJFFAI18CA,下路頭段,7.07,都市：住
RPUNMLRLLHJFFAI58CA,太平段,14.48,都市：住
RPOOMLPKMHJFFAI87CA,遠東段,15.86,都市：住
RPSNMLPLLHJFFAI38EA,竹圍子段,91.00,都市：住
RPPNMLTLLHJFFAI28CA,竹圍子段中興小段,12.32,都市：住
RPOOMLRLLHJFFAI18DA,興村段,83.00,都市：住
RPWNMLQLLHJFFAI88EA,西門段三小段,43.00,都市：商
RPSNMLLKMHJFFAI87DA,下路頭段,21.31,都市：住
RPSNMLLJMHJFFAI87EA,車店段,14.90,都市：住
RPSNMLLJMHJFFAI87EA,車店段,.50,都市：住
RPPOMLQLLHJFFAI28EA,埤子頭段,43.00,都市：住
RPTPMLRLLHJFFAI78DA,興村段,2.17,都市：商
RPTPMLRLLHJFFAI78DA,興村段,13.08,都市：商
RPOOMLQLLHJFFAI18EA,檜段五小段,67.00,都市：商
RPVNMLPLLHJFFAI68EA,湖內段,53.00,都市：商
RPTOMLQLLHJFFAI48CA,南門段六小段,25.00,都市：商
RPTOMLQLLHJFFAI48CA,南門段六小段,47.00,都市：商
RPQNMLTLLHJFFAI38CA,埤子頭段,85.00,都市：住
RPQNMLTLLHJFFAI38CA,埤子頭段,4.00,都市：住
RPUNMLOKMHJFFAI48EA,盧厝段,43.56,都市：住
RPSNMLOJMHJFFAI97CA,竹圍子段二小段,86.00,都市：住
RPSNMLOJMHJFFAI97CA,竹圍子段二小段,13.80,都市：住
RPTOMLRLLHJFFAI58CA,竹圍子段,99.00,都市：住
RPQNMLOJMHJFFAI77CA,竹圍子段三小段,17.80,都市：住
RPUNMLSLLHJFFAI68CA,竹圍子段友愛小段,24.00,都市：住
RPVNMLOJMHJFFAI28CA,竹圍子段三小段,11.05,都市：住
RPTNMLRLLHJFFAI48CA,遠東段,17.73,都市：住
RPUNMLQLLHJFFAI48CA,新富段八小段,38.00,都市：商
RPUOMLQLLHJFFAI78EA,中庄段,81.00,都市：住
RPUNMLNKMHJFFAI18CA,盧厝段,13.58,都市：住
RPQOMLQLLHJFFAI38EA,盧厝段,8.59,都市：住
RPQOMLQLLHJFFAI38EA,盧厝段,10.53,都市：住
RPQOMLQLLHJFFAI38EA,盧厝段,90.00,都市：住
RPQOMLQLLHJFFAI38EA,盧厝段,.21,都市：住
RPQOMLQLLHJFFAI38EA,盧厝段,.21,都市：住
RPQOMLQLLHJFFAI38EA,盧厝段,.07,都市：住
RPQOMLQLLHJFFAI38EA,盧厝段,.47,都市：住
RPQOMLQLLHJFFAI38EA,盧厝段,.24,都市：住
RPQNMLQLLHJFFAI18DA,東川段,48.00,都市：其他
RPQNMLQLLHJFFAI18DA,東川段,.20,都市：其他
RPSPMLRLLHJFFAI58CA,竹圍子段,22.44,都市：住
RPSPMLRLLHJFFAI58CA,竹圍子段,85.00,都市：住
RPPOMLRLLHJFFAI28DA,南門段五小段,2.39,都市：商
RPPOMLRLLHJFFAI28DA,南門段五小段,.90,都市：商
RPPOMLRLLHJFFAI28DA,南門段五小段,.12,都市：商
RPQNMLLJMHJFFAI47CA,盧厝段,131.00,都市：住
RPRNMLTLLHJFFAI48CA,湖內段,62.00,都市：住
RPRNMLTLLHJFFAI48CA,湖內段,6.00,都市：住
RPPNMLRJMHJFFAI18EA,竹圍子段,85.00,都市：住
RPPNMLRJMHJFFAI18EA,竹圍子段,16.00,都市：住
RPSNMLMJMHJFFAI97EA,遠東段,89.00,都市：住
RPXOMLQLLHJFFAI09EA,同興段,12.30,都市：住
RPSNMLRLLHJFFAI38CA,車店段,10.72,都市：住
RPSNMLRLLHJFFAI38CA,車店段,.65,都市：住
RPXNMLRJMHJFFAI78CA,白川段,44.56,都市：其他
RPUOMLSKMHJFFAI78CA,湖內段,19.04,都市：住
RPPNMLRLLHJFFAI18DA,下路頭段,60.00,都市：住
RPSNMLSKMHJFFAI68EA,西門段七小段,148.00,都市：商
RPSNMLSKMHJFFAI68EA,西門段七小段,107.00,都市：商
RPSNMLSKMHJFFAI68EA,西門段七小段,1.00,都市：商
RPSNMLSKMHJFFAI58DA,下路頭段,16.93,都市：住
RPRPMLRLLHJFFAI48CA,竹圍子段,26.21,都市：住
RPUNMLTLLHJFFAI78CA,玉川段,86.00,都市：住
RPPNMLQJMHJFFAI87CA,遠東段,20.53,都市：住
RPQNMLQJMHJFFAI97CA,榮段三小段,1.20,都市：住
RPQNMLQJMHJFFAI97CA,榮段三小段,.73,都市：住
RPQNMLQJMHJFFAI97CA,榮段三小段,10.20,都市：住
RPWNMLRJMHJFFAI68CA,車店段,25.33,都市：其他
RPWNMLRJMHJFFAI68CA,白川段,4.27,都市：其他
RPUNMLLJMHJFFAI87CA,盧厝段,25.24,都市：住
RPUNMLLLMHJFFAI08CA,車店段車店小段,10.79,都市：住
RPXNMLMKMHJFFAI38CA,湖內段,38.00,都市：住
RPXNMLMKMHJFFAI38CA,湖內段,22.00,都市：住
RPUNMLMJMHJFFAI97CA,下路頭段,103.00,都市：住
RPTNMLNKMHJFFAI08CA,榮段三小段,16.21,都市：商
RPVNMLLLMHJFFAI18CA,台斗坑段,18.22,都市：住
RPROMLMLMHJFFAI97CA,太平段,12.05,都市：住
RPROMLMLMHJFFAI97CA,盧厝段,4.95,都市：住
RPTOMLRKMHJFFAI58CA,太平段,18.50,都市：住
RPQOMLMLMHJFFAI87CA,劉厝段,41.05,都市：住
RPXQMLKLMHJFFAI58CA,頭港段,91.99,都市：住
RPXQMLKLMHJFFAI58CA,頭港段,19.84,都市：住
RPRQMLKLMHJFFAI97CA,頭港段,79.43,都市：住
RPRQMLKLMHJFFAI97CA,頭港段,21.57,都市：住
RPUQMLKLMHJFFAI28CA,頭港段,79.43,都市：住
RPUQMLKLMHJFFAI28CA,頭港段,21.57,都市：住
RPTOMLKLMHJFFAI97CA,頭港段,85.95,都市：住
RPQRMLKLMHJFFAI97CA,頭港段,80.61,都市：住
RPQRMLKLMHJFFAI97CA,頭港段,19.84,都市：住
RPWQMLKLMHJFFAI48CA,頭港段,89.54,都市：住
RPWQMLKLMHJFFAI48CA,頭港段,19.84,都市：住
RPVQMLKLMHJFFAI38CA,頭港段,87.09,都市：住
RPVQMLKLMHJFFAI38CA,頭港段,19.84,都市：住
RPTQMLKLMHJFFAI18CA,頭港段,79.43,都市：住
RPTQMLKLMHJFFAI18CA,頭港段,21.57,都市：住
RPPPMLKLMHJFFAI67CA,頭港段,85.95,都市：住
RPPPMLKLMHJFFAI67CA,頭港段,21.57,都市：住
RPQQMLKLMHJFFAI87CA,頭港段,79.43,都市：住
RPQQMLKLMHJFFAI87CA,頭港段,21.57,都市：住
RPVPMLKLMHJFFAI28CA,頭港段,76.81,都市：住
RPVPMLKLMHJFFAI28CA,頭港段,21.57,都市：住
RPUPMLKLMHJFFAI18CA,頭港段,78.40,都市：住
RPUPMLKLMHJFFAI18CA,頭港段,21.57,都市：住
RPTPMLKLMHJFFAI08CA,頭港段,80.00,都市：住
RPTPMLKLMHJFFAI08CA,頭港段,21.57,都市：住
RPRRMLKLMHJFFAI08CA,頭港段,90.64,都市：住
RPRRMLKLMHJFFAI08CA,頭港段,19.84,都市：住
RPRPMLKLMHJFFAI87CA,頭港段,81.00,都市：住
RPRPMLKLMHJFFAI87CA,頭港段,21.57,都市：住
RPSPMLKLMHJFFAI97CA,頭港段,81.14,都市：住
RPSPMLKLMHJFFAI97CA,頭港段,21.57,都市：住
RPVNMLSLLHJFFAI78CA,盧厝段,39.98,都市：住
RPVNMLTLLHJFFAI88CA,北社尾段,86.00,都市：住
RPTNMLLMLHJFFAI97CA,榮段四小段,.20,都市：商
RPTNMLLMLHJFFAI97CA,榮段四小段,1.34,都市：商
RPSNMLLMLHJFFAI87CA,榮段四小段,5.05,都市：商
RPSNMLLMLHJFFAI87CA,榮段四小段,33.12,都市：商
RPWPMLKLMHJFFAI38CA,頭港段,69.58,都市：住
RPWPMLKLMHJFFAI38CA,頭港段,21.57,都市：住
RPVNMLKLMHJFFAI08CA,頭港段,85.95,都市：住
RPTNMLKLMHJFFAI87CA,頭港段,112.68,都市：住
RPROMLKLMHJFFAI77CA,頭港段,85.95,都市：住
RPXPMLKLMHJFFAI48CA,頭港段,84.80,都市：住
RPXPMLKLMHJFFAI48CA,頭港段,21.57,都市：住
RPQOMLKLMHJFFAI67CA,頭港段,85.95,都市：住
RPRNMLQJMHJFFAI08CA,後庄段,75.00,都市：住
RPPOMLLMLHJFFAI67CA,湖內段,95.00,都市：農
RPQOMLLMLHJFFAI77CA,竹村段,1080.69,都市：農
RPTNMLLJMHJFFAI77CA,竹圍子段,996.00,都市：住
RPTNMLLJMHJFFAI77CA,竹圍子段,886.00,都市：住
RPTNMLLJMHJFFAI77CA,竹圍子段,4.00,都市：其他
RPTNMLLJMHJFFAI77CA,竹圍子段,12.00,都市：其他
RPTNMLLJMHJFFAI77CA,竹圍子段,165.00,都市：其他
RPSOMLLMLHJFFAI97CA,車店段車店小段,11.40,都市：住
RPSNMLQJMHJFFAI18CA,中山段六小段,14.15,都市：住
RPWNMLLJMHJFFAI08CA,盧厝段,9.25,都市：住
RPWNMLOJMHJFFAI38CA,竹圍子段三小段,37.35,都市：住
RPXNMLOJMHJFFAI48CA,竹圍子段,11.80,都市：住
RPPOMLMJMHJFFAI77EA,玉川段,50.00,都市：住
RPPOMLMJMHJFFAI77EA,玉川段,2.50,都市：住
RPWNMLMJMHJFFAI38EA,白川段,35.86,都市：住
RPROMLMJMHJFFAI77CA,竹圍子段,18.42,都市：住
RPPOMLRJMHJFFAI08CA,下路頭段,23.12,都市：其他
RPTNMLTLLHJFFAI68CA,車店段車店小段,96.00,都市：住
RPRNMLMJMHJFFAI67CA,短竹段,17.55,都市：住
RPSNMLTLLHJFFAI58CA,白川段,34.83,都市：住
RPPNMLSLLHJFFAI38EA,下路頭段,24.29,都市：住
RPTNMLSLLHJFFAI78EA,湖東段,30.40,都市：住
RPVNMLSKMHJFFAI88DA,檜段三小段,36.00,都市：住
RPVNMLSKMHJFFAI88DA,檜段三小段,27.00,都市：住
RPQNMLLMLHJFFAI77DA,末廣段二小段,51.00,都市：住
RPQNMLLMLHJFFAI77DA,末廣段二小段,1.00,都市：住
RPOOMLSLLHJFFAI38EA,下路頭段,70.00,都市：住
RPWNMLSKMHJFFAI98DA,何庄段,141.14,都市：住
RPOOMLLMLHJFFAI77EA,白川段,39.63,都市：住
RPTNMLMLMHJFFAI28EA,車店段車店小段,142.50,都市：住
RPQOMLNLMHJFFAI97CA,港子坪段港坪小段,152.00,都市：住
RPOOMLTLLHJFFAI28CA,港子坪段,107.00,都市：住
RPXNMLTLLHJFFAI09CA,盧厝段,43.56,都市：住
RPROMLRJMHJFFAI28CA,盧厝段,43.56,都市：住
RPPNMLSJMHJFFAI28EA,北園段,19.00,都市：住
RPWNMLSLLHJFFAI88CA,盧厝段,25.70,都市：住
RPQOMLSJMHJFFAI28CA,台斗坑段,206.00,都市：住
RPUNMLSJMHJFFAI58CA,短竹段,.31,都市：其他
RPUNMLSJMHJFFAI58CA,短竹段,4.94,都市：其他
RPOOMLRJMHJFFAI97CA,車店段車店小段,23.39,都市：其他
RPPOMLKLMHJFFAI57CA,榮段七小段,38.00,都市：商
RPSNMLMJMHJFFAI77CA,彌陀段,182.00,都市：住
RPWNMLLLMHJFFAI28CA,太平段,14.14,都市：住
RPWNMLLLMHJFFAI28CA,太平段,69.00,都市：住
RPWOMLKLMHJFFAI28CA,西門段七小段,25.00,都市：商
RPWOMLKLMHJFFAI28CA,西門段七小段,29.00,都市：商
RPWOMLKLMHJFFAI28CA,西門段七小段,112.00,都市：商
RPTOMLNLMHJFFAI28CA,遠東段,738.50,都市：工
RPTOMLNLMHJFFAI28CA,遠東段,738.50,都市：工
RPUOMLNLMHJFFAI38CA,遠東段,1541.00,都市：工
RPUOMLNLMHJFFAI38CA,遠東段,1541.00,都市：工
RPSNMLNKMHJFFAI97CA,短竹段,13.81,都市：住
RPQOMLMKMHJFFAI77CA,北社尾段,14.52,都市：住
RPVNMLOLMHJFFAI48CA,短竹段,31.67,都市：住
RPVNMLOLMHJFFAI48CA,短竹段,88.83,都市：住
RPVNMLOLMHJFFAI48CA,短竹段,36.67,都市：住
RPTNMLMJMHJFFAI87CA,港子坪段港坪小段,206.00,都市：住
RPQOMLRKMHJFFAI28CA,太平段,12.75,都市：住
RPQOMLRKMHJFFAI28CA,盧厝段,5.25,都市：住
RPXNMLMJMHJFFAI28CA,玉川段,116.00,都市：住
RPXNMLMJMHJFFAI28CA,玉川段,6.75,都市：住
RPOOMLMLMHJFFAI67CA,盧厝段,43.56,都市：住
RPPOMLMLMHJFFAI77CA,湖子內段湖內小段,381.00,都市：住
RPPOMLMLMHJFFAI77CA,湖子內段湖內小段,64.00,都市：住
RPPNMLPJMHJFFAI77CA,竹圍子段,100.00,都市：住
RPSOMLMJMHJFFAI87CA,車店段車店小段,11.40,都市：住
RPQNMLMJMHJFFAI57CA,元段五小段,105.00,都市：商
RPQNMLMJMHJFFAI57CA,元段五小段,108.00,都市：商
RPPNMLMJMHJFFAI47CA,下路頭段,61.00,都市：住
RPPNMLMJMHJFFAI47CA,下路頭段,1.00,都市：住
RPTNMLTJMHJFFAI58CA,埤子頭段,79.00,都市：住
RPTNMLQJMHJFFAI28CA,竹圍子段二小段,8.12,都市：住
RPOOMLOJMHJFFAI67CA,榮段五小段,9.64,都市：商
RPPNMLNKMHJFFAI67CA,檜段一小段,17.35,都市：住
RPPNMLNKMHJFFAI67CA,檜段二小段,26.24,都市：住
RPQOMLTJMHJFFAI38CA,軍輝段,83.00,都市：住
RPSNMLPJMHJFFAI08CA,北社尾段保安小段,173.00,都市：住
RPQNMLRJMHJFFAI08CA,同興段,52.00,都市：住
RPQNMLRJMHJFFAI08CA,同興段,11.00,都市：住
RPVOMLRJMHJFFAI68CA,軍輝段,8.34,都市：其他
RPSPMLRJMHJFFAI48CA,檜段一小段,13.42,都市：住
RPSPMLRJMHJFFAI48CA,檜段二小段,20.30,都市：住
RPVOMLSKMHJFFAI88CA,長竹段,27.00,都市：住
RPVOMLSKMHJFFAI88CA,長竹段,73.00,都市：住
RPRNMLLKMHJFFAI67CA,太平段,18.50,都市：住
RPOPMLLLMHJFFAI67CA,東川段,19.64,都市：住
RPQNMLLKMHJFFAI57CA,白川段,23.98,都市：住
RPPNMLTJMHJFFAI18CA,堀川段,52.75,都市：住
RPQNMLTJMHJFFAI28CA,榮段二小段,40.75,都市：商
RPSNMLTJMHJFFAI48CA,下路頭段,30.49,都市：住
RPRNMLNKMHJFFAI87CA,短竹段,12.38,都市：住
RPVNMLMKMHJFFAI18CA,竹圍子段,17.00,都市：住
RPVNMLMKMHJFFAI18CA,竹圍子段,449.00,都市：住
RPVNMLMKMHJFFAI18CA,竹圍子段,13.00,都市：住
RPVNMLMKMHJFFAI18CA,竹圍子段,206.00,都市：住
RPVNMLMKMHJFFAI18CA,竹圍子段,53.00,都市：住
RPPNMLTKMHJFFAI28CA,軍輝段,33.64,都市：住
RPRNMLPJMHJFFAI97CA,下路頭段,28.94,都市：住
RPPPMLRJMHJFFAI18CA,劉厝段劉厝小段,26.81,都市：住
RPPPMLRJMHJFFAI18CA,劉厝段劉厝小段,1.00,都市：住
RPPPMLRJMHJFFAI18CA,劉厝段劉厝小段,8.40,都市：住
RPUNMLQJMHJFFAI38CA,民族段三小段,5.10,都市：住
RPUNMLQJMHJFFAI38CA,民族段三小段,17.34,都市：住
RPTNMLSJMHJFFAI68EA,民族段四小段,9.31,都市：住
RPUOMLKKMHJFFAI97CA,劉厝段劉厝小段,4.26,都市：住
RPUOMLKKMHJFFAI97CA,劉厝段劉厝小段,4.26,都市：住
RPUOMLKKMHJFFAI97CA,劉厝段劉厝小段,.16,都市：住
RPUOMLKKMHJFFAI97CA,劉厝段劉厝小段,.16,都市：住
RPUOMLKKMHJFFAI97CA,劉厝段劉厝小段,1.33,都市：住
RPUOMLKKMHJFFAI97CA,劉厝段劉厝小段,1.33,都市：住
RPQNMLNJMHJFFAI87EA,竹圍子段二小段,8.96,都市：住
RPVNMLPKMHJFFAI58DA,玉川段,76.00,都市：住
RPVNMLPKMHJFFAI58DA,玉川段,29.00,都市：住
RPRNMLRJMHJFFAI28DA,白川段,32.98,都市：住
RPXNMLSKMHJFFAI09DA,下路頭段,9.79,都市：住
RPTNMLRKMHJFFAI68EA,車店段車店小段,13.40,都市：住
RPQNMLNLMHJFFAI87CA,竹圍子段,90.00,都市：住
RPQNMLNLMHJFFAI87CA,竹圍子段,12.00,都市：住
RPSNMLRKMHJFFAI48DA,玉川段,105.00,都市：住
RPSNMLRKMHJFFAI48DA,玉川段,29.00,都市：住
RPROMLMKMHJFFAI87CA,西門段五小段,19.69,都市：商
RPROMLMKMHJFFAI87CA,西門段五小段,8.12,都市：商
RPPNMLMKMHJFFAI57CA,劉厝段玉山小段,129.18,都市：住
RPSNMLSJMHJFFAI38CA,彌陀段,496.00,都市：住
RPRNMLSJMHJFFAI28CA,彌陀段,108.00,都市：住
RPSNMLTKMHJFFAI58CA,盧厝段,18.98,都市：住
RPQNMLSJMHJFFAI18CA,彌陀段,21.74,都市：住
RPTNMLTKMHJFFAI68CA,車店段車店小段,87.00,都市：住
RPQNMLPKMHJFFAI97CA,下路頭段,41.63,都市：住
RPUNMLTKMHJFFAI78CA,劉厝段劉厝小段,9.92,都市：住
RPXNMLTKMHJFFAI09CA,北社尾段保安小段,15.67,都市：住
RPPNMLOLMHJFFAI87CA,堀川段,21.63,都市：住
RPQNMLNKMHJFFAI77CA,盧厝段,96.30,都市：住
RPQNMLNKMHJFFAI77CA,盧厝段,9.70,都市：農
RPXNMLLLMHJFFAI38CA,遠東段,15.86,都市：住
RPVNMLTJMHJFFAI78CA,荖藤段,1000.00,都市：農
RPOOMLTJMHJFFAI18CA,竹圍子段,50.00,都市：住
RPVOMLSJMHJFFAI78CA,車店段車店小段,32.22,都市：住
RPQNMLKLMHJFFAI57CA,車店段車店小段,7.68,都市：住
RPVNMLNKMHJFFAI28CA,新厝段,63.00,都市：住
RPUNMLTJMHJFFAI88EA,湖內段,77.00,都市：住
SPQPMLRJMHJFFAI38CA,北社尾段,21.14,都市：住
RPXOMLRJMHJFFAI88CA,興村段,65.00,都市：住
RPPOMLSJMHJFFAI18CA,湖內段,15.33,都市：住
RPPOMLSJMHJFFAI18CA,湖內段,12.13,都市：住
RPROMLSJMHJFFAI58EA,湖內段,91.25,都市：住
RPROMLSJMHJFFAI58EA,湖內段,16.48,都市：其他
RPROMLSJMHJFFAI58EA,湖內段,.02,都市：住
RPSOMLTLMHJFFAI78CA,竹圍子段,40.18,都市：住
RPSNMLMKMHJFFAI87CA,盧厝段,67.00,都市：住
RPTNMLKKMHJFFAI77CA,車店段車店小段,29.76,都市：住
RPPNMLKKMHJFFAI47DA,太平段,81.00,都市：住
RPQOMLKKMHJFFAI57CA,檜段七小段,7.52,都市：其他
RPPOMLMJNHJFFAI67CA,東門段七小段,9.18,都市：住
RPQOMLMJNHJFFAI77CA,玉川段,102.00,都市：住
RPUNMLMKMHJFFAI08CA,竹圍子段三小段,33.50,都市：住
RPSOMLKLMHJFFAI87CA,盧厝段,28.50,都市：住
RPSOMLKLMHJFFAI87CA,盧厝段,48.00,都市：住
RPOOMLLLMHJFFAI57CA,遠東段,142.00,都市：住
RPWNMLKLMHJFFAI18CA,頭港段,85.95,都市：住
RPRNMLRLMHJFFAI38CA,末廣段一小段,419.00,都市：住
RPRNMLMKMHJFFAI77CA,民族段三小段,27.00,都市：住
RPRNMLMKMHJFFAI77CA,民族段三小段,100.00,都市：住
RPRNMLMKMHJFFAI77CA,民族段三小段,17.00,都市：住
RPSNMLKLMHJFFAI77CA,頭港段,110.18,都市：住
RPUNMLKLMHJFFAI97CA,頭港段,114.28,都市：住
RPSOMLMLMHJFFAI08CA,車店段車店小段,112.00,都市：住
RPOQMLKLMHJFFAI67CA,頭港段,113.99,都市：住
RPOQMLKLMHJFFAI67CA,頭港段,21.57,都市：住
RPPQMLKLMHJFFAI77CA,頭港段,73.80,都市：住
RPPQMLKLMHJFFAI77CA,頭港段,21.57,都市：住
RPXOMLKLMHJFFAI38CA,頭港段,85.95,都市：住
RPXOMLKLMHJFFAI38CA,頭港段,21.57,都市：住
RPSQMLKLMHJFFAI08CA,頭港段,79.43,都市：住
RPSQMLKLMHJFFAI08CA,頭港段,21.57,都市：住
RPVNMLTKMHJFFAI88CA,榮段五小段,8.75,都市：商
RPPOMLTKMHJFFAI38CA,車店段,26.80,都市：住
RPPOMLTKMHJFFAI38CA,車店段,1.63,都市：住
RPQPMLKLMHJFFAI77CA,頭港段,92.00,都市：住
RPQPMLKLMHJFFAI77CA,頭港段,19.84,都市：住
RPUNMLLKMHJFFAI97CA,埤子頭段,70.00,都市：住
RPUNMLLKMHJFFAI97CA,埤子頭段,70.00,都市：住
RPUNMLLKMHJFFAI97CA,埤子頭段,12.40,都市：住
RPUNMLLKMHJFFAI97CA,埤子頭段,8.32,都市：住
RPUNMLLKMHJFFAI97CA,埤子頭段,5.52,都市：住
RPQNMLTKMHJFFAI38CA,港子坪段港坪小段,75.00,都市：住
RPWNMLNKMHJFFAI38CA,車店段車店小段,83.00,都市：住
RPUNMLLJNHJFFAI97CA,竹圍子段,17.42,都市：住
RPPRMLKLMHJFFAI87CA,頭港段,101.74,都市：住
RPPRMLKLMHJFFAI87CA,頭港段,19.84,都市：住
RPOOMLMKMHJFFAI57CA,下路頭段,82.00,都市：住
RPQNMLMKMHJFFAI67CA,遠東段,7.46,都市：住
RPORMLKLMHJFFAI77CA,頭港段,98.94,都市：住
RPORMLKLMHJFFAI77CA,頭港段,19.84,都市：住
RPROMLKKMHJFFAI67CA,車店段車店小段,16.90,都市：住
RPVNMLLKMHJFFAI08CA,湖內段,13.20,都市：住
RPTNMLOKMHJFFAI18CA,興村段興村小段,165.37,都市：住
RPTNMLOKMHJFFAI18CA,興村段興村小段,47.89,都市：住
RPTNMLOKMHJFFAI18CA,興村段興村小段,.23,都市：住
RPTNMLOKMHJFFAI18CA,興村段興村小段,3.63,都市：住
RPTNMLOKMHJFFAI18CA,興村段興村小段,6.68,都市：住
RPTNMLOKMHJFFAI18CA,興村段,17.00,都市：其他
RPTNMLOKMHJFFAI18CA,興村段,.59,都市：其他
RPTNMLOKMHJFFAI18CA,興村段,28.00,都市：其他
RPOOMLSKMHJFFAI28DA,竹圍子段,2032.07,都市：住
RPOOMLSKMHJFFAI28DA,竹圍子段,309.13,都市：住
RPSOMLRKMHJFFAI48CA,竹圍子段三小段,100.00,都市：住
RPOOMLMJNHJFFAI77EA,中山段二小段,11.40,都市：住
RPOOMLMJNHJFFAI77EA,中山段二小段,5.74,都市：住
RPSNMLNLMHJFFAI28EA,埤子頭段,190.00,都市：住
RPSNMLNLMHJFFAI28EA,埤子頭段,3.00,都市：住
RPSNMLNLMHJFFAI28EA,埤子頭段,1.00,都市：住
RPSNMLKKMHJFFAI87EA,興村段,77.00,都市：住
RPRNMLKKMHJFFAI57CA,港子坪段,61.00,都市：住
RPQNMLKKMHJFFAI47CA,劉厝段劉厝小段,86.00,都市：住
RPXNMLKKMHJFFAI38EA,下路頭段,129.00,都市：住
RPPOMLSKMHJFFAI38DA,新厝段,112.00,都市：住
RPPOMLKKMHJFFAI67EA,車店段車店小段,29.72,都市：住
RPSOMLKKMHJFFAI87DA,後庄段,100.00,都市：住
RPOOMLTKMHJFFAI28CA,車店段,21.60,都市：住
RPWNMLMKMHJFFAI28CA,下路頭段,4.89,都市：住
RPPOMLMKMHJFFAI67CA,短竹段,6.67,都市：住
RPTNMLQJNHJFFAI38CA,車店段車店小段,108.00,都市：住
RPUNMLNLMHJFFAI28CA,軍輝段,13.05,都市：住
RPVNMLRJNHJFFAI68CA,遠東段,7.46,都市：住
RPRNMLRJNHJFFAI28CA,盧厝段,8.88,都市：住
RPXNMLPKMHJFFAI68CA,台斗坑段,8.00,都市：住
RPTNMLPKMHJFFAI28CA,新富段二小段,21.73,都市：住
RPTNMLPKMHJFFAI28CA,新富段二小段,.07,都市：住
RPRNMLOKMHJFFAI97CA,興村段興村小段,145.35,都市：住
RPRNMLOKMHJFFAI97CA,興村段興村小段,7.65,都市：住
RPSNMLPKMHJFFAI38EA,竹圍子段二小段,7.53,都市：住
RPWOMLSKMHJFFAI98CA,興村段,32.90,都市：住
RPSNMLPLMHJFFAI28CA,南門段五小段,13.16,都市：商
RPSNMLPLMHJFFAI28CA,南門段五小段,4.93,都市：住
RPSNMLPLMHJFFAI28CA,南門段五小段,.64,都市：住
RPVNMLPKMHJFFAI68EA,頂庄段,69.00,都市：住
RPRNMLRKMHJFFAI48EA,竹圍子段,100.00,都市：住
RPUNMLPLMHJFFAI68EA,中山段三小段,9.25,都市：住
RPOOMLSJNHJFFAI18CA,港子坪段港坪小段,12.74,都市：住
RPOOMLSJNHJFFAI18CA,港子坪段港坪小段,3.58,都市：住
RPPNMLOKMHJFFAI77CA,港子坪段港坪小段,20.48,都市：住
RPVNMLOKMHJFFAI38CA,頂庄段,103.00,都市：住
RPVNMLPLMHJFFAI78EA,車店段車店小段,189.00,都市：住
RPPOMLRKMHJFFAI18CA,盧厝段,82.00,都市：住
RPSNMLRJNHJFFAI58EA,下路頭段,89.00,都市：住
RPWNMLPKMHJFFAI58CA,北社尾段,77.00,都市：住
RPUOMLKLMHJFFAI08CA,新厝段,100.00,都市：農
RPUOMLKLMHJFFAI08CA,新厝段,96.00,都市：農
RPOOMLRJNHJFFAI28EA,下路頭段,72.00,都市：住
RPRNMLSKMHJFFAI48DA,末廣段五小段,22.36,都市：商
RPWNMLQLMHJFFAI78CA,車店段,32.33,都市：住
RPTRMLKLMHJFFAI28CA,竹圍子段中興小段,8.27,都市：住
RPWNMLTKMHJFFAI98CA,竹圍子段三小段,33.86,都市：住
RPTOMLLLMHJFFAI08CA,南門段五小段,9.97,都市：商
RPTOMLLLMHJFFAI08CA,南門段五小段,3.73,都市：住
RPTOMLLLMHJFFAI08CA,南門段五小段,.49,都市：商
RPROMLTKMHJFFAI58CA,新富段二小段,109.00,都市：住
RPVNMLNJNHJFFAI28CA,劉厝段,104.00,都市：住
RPXNMLQLMHJFFAI88CA,遠東段,678.00,都市：工
RPOPMLSKMHJFFAI38DA,北社尾段保安小段,219.00,都市：商
RPOPMLSKMHJFFAI38DA,北社尾段保安小段,985.00,都市：商
RPOPMLSKMHJFFAI38DA,北社尾段保安小段,754.00,都市：商
RPOOMLQLMHJFFAI08CA,車店段,54.86,都市：住
RPRNMLPKMHJFFAI08CA,西門段六小段,2.64,都市：商
RPRNMLPKMHJFFAI08CA,新富段六小段,8.85,都市：商
RPQOMLSKMHJFFAI48DA,中山段一小段,40.25,都市：住
RPTNMLQKMHJFFAI38CA,車店段,34.51,都市：住
RPTNMLQKMHJFFAI38CA,白川段,3.27,都市：住
RPQNMLSKMHJFFAI28CA,興村段,2.26,都市：商
RPQNMLSKMHJFFAI28CA,興村段,13.64,都市：商
RPQNMLQKMHJFFAI28EA,白川段,62.00,都市：其他
RPQNMLQKMHJFFAI28EA,白川段,45.00,都市：其他
RPQNMLQKMHJFFAI28EA,白川段,155.00,都市：其他
RPQNMLQKMHJFFAI28EA,竹圍子段,15.87,都市：其他
RPQNMLQKMHJFFAI28EA,竹圍子段,43.13,都市：其他
RPSNMLMLMHJFFAI97CA,盧厝段,15.04,都市：住
RPVNMLSKMHJFFAI98EA,中山段五小段,10.00,都市：商
RPSNMLRKMHJFFAI58EA,下路頭段,318.00,都市：住
RPQOMLLLMHJFFAI97EA,台斗坑段,8.58,都市：住
RPTNMLTLMHJFFAI98EA,台斗坑段,21.73,都市：住
RPVNMLRKMHJFFAI68CA,竹圍子段,87.00,都市：住
RPVNMLRKMHJFFAI68CA,竹圍子段,8.00,都市：住
RPWOMLPKNHJFFAI78CA,盧厝段,87.00,都市：住
RPTOMLSKMHJFFAI68CA,彌陀段,64.00,都市：住
RPWNMLRKMHJFFAI78CA,車店段,21.84,都市：住
RPWNMLRKMHJFFAI78CA,車店段,1.33,都市：住
RPSOMLSKMHJFFAI58CA,彌陀段,84.50,都市：住
RPRNMLQKMHJFFAI18CA,山下段,.33,都市：住
RPRNMLQKMHJFFAI18CA,山下段,69.00,都市：住
RPRNMLQKMHJFFAI18CA,山下段,25.46,都市：住
RPRNMLQKMHJFFAI18CA,山下段,.66,都市：住
RPROMLSKMHJFFAI48CA,東川段,18.00,都市：住
RPROMLSKMHJFFAI48CA,東川段,49.00,都市：住
RPUNMLOLMHJFFAI38CA,白川段,34.29,都市：住
RPQOMLTKMHJFFAI48CA,長竹段,25.27,都市：住
RPVOMLTKMHJFFAI98CA,竹圍子段,1209.00,都市：商
RPTOMLTKMHJFFAI78CA,下路頭段,61.00,都市：住
RPTOMLTKMHJFFAI78CA,下路頭段,28.00,都市：住
RPSOMLTKMHJFFAI68CA,北園段,990.00,都市：住
RPSOMLTKMHJFFAI68CA,北園段,205.69,都市：住
RPQNMLNKNHJFFAI87CA,埤子頭段新厝小段,76.00,都市：住
RPTNMLNLMHJFFAI18CA,車店段,70.00,都市：住
RPTNMLNLMHJFFAI18CA,車店段,.25,都市：其他
RPSOMLLLMHJFFAI97CA,太平段,18.50,都市：住
RPVNMLNKNHJFFAI38CA,港子坪段,2.22,都市：住
RPVNMLNKNHJFFAI38CA,港子坪段港坪小段,21.97,都市：住
RPURMLKLMHJFFAI38CA,北園段,35.50,都市：住
RPURMLKLMHJFFAI38CA,北園段,35.50,都市：住
RPXNMLRKMHJFFAI88CA,長竹段,94.00,都市：住
RPPNMLSKMHJFFAI28DA,中山段七小段,6.80,都市：商
RPSNMLMJNHJFFAI87CA,太平段,66.00,都市：住
RPPOMLNLMHJFFAI87CA,台斗坑段,20.88,都市：住
RPXNMLMLMHJFFAI58DA,太平段,97.00,都市：住
RPXNMLMLMHJFFAI58DA,太平段,19.00,都市：住
RPXNMLRJNHJFFAI88CA,湖內段,19.94,都市：商
RPROMLRJNHJFFAI38CA,下路頭段,86.00,都市：住
RPUOMLRJNHJFFAI68CA,太平段,12.05,都市：住
RPUOMLRJNHJFFAI68CA,盧厝段,4.95,都市：住
RPSNMLQJNHJFFAI48EA,湖內段,72.00,都市：住
RPQOMLNJNHJFFAI87CA,湖內段,44.49,都市：住
RPOOMLNJNHJFFAI67CA,太平段,12.05,都市：住
RPOOMLNJNHJFFAI67CA,盧厝段,4.95,都市：住
RPUNMLSKMHJFFAI78DA,湖內段,23.89,都市：住
RPQNMLLLMHJFFAI87EA,下路頭段,3.64,都市：住
RPWNMLLLMHJFFAI48EA,中庄段,19.83,都市：住
RPVNMLTLMHJFFAI56EA,港子坪段港坪小段,9.79,都市：住
RPPOMLLLMHJFFAI87EA,台斗坑段,.22,都市：住
RPPOMLLLMHJFFAI87EA,台斗坑段,12.56,都市：住
RPPOMLLLMHJFFAI87EA,台斗坑段,8.46,都市：住
RPPPMLPKNHJFFAI28DA,太平段,18.50,都市：住
RPRNMLMLMHJFFAI08EA,竹圍子段中興小段,1.11,都市：商
RPQNMLMLMHJFFAI97EA,北門段六小段,94.00,都市：商
RPWNMLMLMHJFFAI48DA,民族段二小段,81.80,都市：住
RPRNMLNLMHJFFAI97CA,盧東段,53.80,都市：住
RPRNMLNLMHJFFAI97CA,盧東段,3.12,都市：住
RPRNMLNLMHJFFAI97CA,盧東段,25.48,都市：住
RPRNMLNLMHJFFAI97CA,盧東段,4.34,都市：住
RPPNMLSLMHJFFAI38DA,北門段四小段,87.00,都市：商
RPSOMLNLMHJFFAI18CA,竹圍子段,41.50,都市：住
RPUNMLPLMHJFFAI48CA,興村段,19.80,都市：商
RPROMLNLMHJFFAI08CA,劉厝段劉厝小段,9.78,都市：住
RPROMLNLMHJFFAI08CA,劉厝段劉厝小段,.37,都市：住
RPROMLNLMHJFFAI08CA,劉厝段劉厝小段,3.06,都市：住
RPPNMLQLMHJFFAI08CA,竹圍子段二小段,19.76,都市：住
RPTOMLNJNHJFFAI18CA,盧厝段,12.81,都市：住
RPQNMLTLMHJFFAI48CA,遠東段,96.00,都市：住
RPQNMLTLMHJFFAI48CA,遠東段,53.00,都市：住
RPWNMLMKNHJFFAI38CA,北社尾段保安小段,14.53,都市：住
RPWNMLMKNHJFFAI38CA,北社尾段保安小段,52.00,都市：住
RPVRMLKLMHJFFAI48CA,末廣段一小段,38.00,都市：住
RPRNMLMKNHJFFAI87CA,短竹段,268.73,都市：住
RPROMLLLMHJFFAI87CA,盧東段,89.27,都市：住
RPROMLLLMHJFFAI87CA,盧東段,5.73,都市：農
RPROMLLLMHJFFAI87CA,盧東段,27.23,都市：住
RPROMLLLMHJFFAI87CA,盧東段,.01,都市：住
RPXOMLLLMHJFFAI48CA,下路頭段,81.00,都市：住
RPPNMLPKNHJFFAI97CA,竹圍子段,69.00,都市：住
RPWOMLLLMHJFFAI38CA,下路頭段,78.00,都市：住
RPUOMLTKMHJFFAI88CA,下路頭段,67.00,都市：住
RPUOMLLLMHJFFAI18CA,短竹段,3.55,都市：其他
RPUOMLLLMHJFFAI18CA,短竹段,107.00,都市：其他
RPUOMLLLMHJFFAI18CA,短竹段,35.24,都市：其他
RPUOMLLLMHJFFAI18CA,短竹段,2.31,都市：其他
RPUOMLLLMHJFFAI18CA,短竹段,.38,都市：其他
RPTNMLOLMHJFFAI28CA,竹圍子段二小段,23.22,都市：住
RPRNMLTKMHJFFAI48CA,長竹段,21.00,都市：住
RPRNMLPLMHJFFAI18CA,港子坪段港坪小段,101.00,都市：住
RPSNMLMKNHJFFAI08DA,車店段車店小段,15.25,都市：住
RPWNMLNLMHJFFAI68EA,育人段,729.04,都市：農
RPPNMLNLMHJFFAI97EA,劉厝段玉山小段,100.86,都市：住
RPQNMLPLMHJFFAI28EA,竹圍子段二小段,9.56,都市：住
RPWNMLNKNHJFFAI48CA,埤子頭段,12.28,都市：住
RPQPMLNKNHJFFAI08CA,埤子頭段,4.75,都市：住
RPQNMLOLMHJFFAI97CA,竹圍子段中興小段,6.48,都市：住
RPUNMLQLMHJFFAI58CA,北社尾段,98.00,都市：住
RPSNMLLJNHJFFAI77CA,頭港段,254.18,都市：農
RPWNMLMJNHJFFAI28CA,中庄段,178.00,都市：其他
RPUNMLMKNHJFFAI28DA,下路頭段,14.68,都市：住
RPVNMLLJNHJFFAI08CA,北社尾段保安小段,4.25,都市：住
RPVNMLQLMHJFFAI68CA,埤子頭段,47.00,都市：住
RPPNMLRJNHJFFAI18DA,竹圍子段,22.80,都市：住
RPRNMLQLMHJFFAI28CA,下路頭段,34.62,都市：住
RPTOMLTLMHJFFAI88CA,竹圍子段中興小段,20.81,都市：商
RPUOMLKMMHJFFAI18CA,埤子頭段,230.50,都市：商
RPUOMLKMMHJFFAI18CA,埤子頭段,230.50,都市：商
RPPNMLRLMHJFFAI18CA,頭港段,137.15,都市：住
RPQNMLRLMHJFFAI28CA,頭港段,111.42,都市：住
RPTNMLPLMHJFFAI38CA,西門段一小段,25.00,都市：商
RPWNMLOLMHJFFAI78EA,檜段三小段,42.00,都市：住
RPWNMLOLMHJFFAI78EA,檜段三小段,17.00,都市：住
RPRNMLOLMHJFFAI28EA,榮段五小段,48.00,都市：住
RPSNMLOLMHJFFAI38EA,長竹段,25.27,都市：住
RPPNMLPLMHJFFAI18EA,興村段,59.00,都市：住
RPUNMLSJNHJFFAI68CA,遠東段,15.86,都市：住
RPXNMLTLMHJFFAI76EA,下路頭段,134.07,都市：其他
RPUOMLNJNHJFFAI28CA,竹圍子段,20.90,都市：住
RPUNMLRJNHJFFAI78EA,新富段二小段,4.72,都市：商
RPUNMLTLMHJFFAI09EA,短竹段,6.55,都市：住
RPRPMLNKNHJFFAI18CA,末廣段一小段,8.97,都市：住
RPXNMLNJNHJFFAI48CA,竹圍子段三小段,2.60,都市：住
RPSNMLQLMHJFFAI38CA,玉川段,44.00,都市：住
RPQNMLQLMHJFFAI18CA,下路頭段,4.89,都市：住
RPTNMLQLMHJFFAI48CA,檜段三小段,55.00,都市：住
RPRNMLOKNHJFFAI08CA,竹圍子段,82.00,都市：住
RPWNMLSLMHJFFAI98CA,彌陀段,1.12,都市：住
RPWNMLSLMHJFFAI98CA,彌陀段,19.39,都市：住
RPWNMLSLMHJFFAI98CA,彌陀段,63.00,都市：住
RPTNMLRLMHJFFAI58CA,下路頭段,56.00,都市：住
RPTNMLSLMHJFFAI68CA,西門段八小段,73.00,都市：商
RPTNMLSLMHJFFAI68CA,西門段八小段,110.00,都市：商
RPSNMLRLMHJFFAI48CA,南門段五小段,69.00,都市：住
RPQNMLNJNHJFFAI77CA,竹圍子段,33.80,都市：住
RPPNMLNJNHJFFAI67CA,竹圍子段一小段,9.81,都市：住
RPSOMLNJNHJFFAI08CA,仁義段,19.63,都市：住
RPPNMLKMMHJFFAI57CA,太平段,337.00,都市：住
RPPNMLKMMHJFFAI57CA,太平段,92.00,都市：其他
RPQNMLMJNHJFFAI67CA,下路頭段,52.55,都市：住
RPQNMLMJNHJFFAI67CA,下路頭段,.01,都市：住
RPQOMLTLMHJFFAI58CA,白川段,36.14,都市：住
RPTOMLTKNHJFFAI88CA,台斗坑段,8.00,都市：住
RPTOMLTKNHJFFAI88CA,台斗坑段,147.00,都市：住
RPTOMLTKNHJFFAI88CA,台斗坑段,680.00,都市：住
RPTOMLTKNHJFFAI88CA,台斗坑段,470.00,都市：住
RPXNMLNLNHJFFAI68CA,南門段五小段,2.79,都市：住
RPXNMLNLNHJFFAI68CA,南門段五小段,1.05,都市：住
RPXNMLNLNHJFFAI68CA,南門段五小段,.14,都市：住
RPTOMLMLNHJFFAI48EA,竹圍子段一小段,10.27,都市：住
RPPNMLLJNHJFFAI47CA,興村段,58.00,都市：住
RPQNMLSLMHJFFAI38CA,白川段,34.88,都市：住
RPRNMLSLMHJFFAI68EA,東川段,25.07,都市：住
RPPNMLKLNHJFFAI77EA,鹿寮段,122.48,都市：住
RPPNMLKLNHJFFAI77EA,鹿寮段,33.15,都市：住
RPUNMLKMMHJFFAI28EA,興村段,1.64,都市：住
RPUNMLKMMHJFFAI28EA,興村段,9.91,都市：住
RPUNMLNLNHJFFAI58EA,竹圍子段二小段,11.76,都市：住
RPOOMLSLMHJFFAI48EA,後庄段,64.00,都市：住
RPWNMLKLNHJFFAI28CA,車店段,29.46,都市：住
RPXNMLKLNHJFFAI38CA,竹圍子段二小段,10.39,都市：商
RPPNMLTLMHJFFAI58EA,民族段三小段,75.00,都市：住
RPSNMLTLMHJFFAI88EA,中庄段,20.48,都市：住
RPWOMLMKNHJFFAI48CA,北社尾段,25.17,都市：住
RPWNMLTLMHJFFAI66EA,下路頭段,5.98,都市：住
RPROMLKMMHJFFAI08EA,短竹段,8.01,都市：住
RPROMLKMMHJFFAI08EA,短竹段,6.71,都市：住
RPTNMLPJNHJFFAI28CA,堀川段,4.29,都市：住
RPTNMLPJNHJFFAI28CA,堀川段,9.73,都市：住
RPOOMLTLMHJFFAI48DA,榮段一小段,20.61,都市：商
RPPNMLPJNHJFFAI97DA,太平段,116.00,都市：住
RPPOMLTLMHJFFAI48CA,下路頭段,200.00,都市：住
RPXNMLMLNHJFFAI58CA,盧厝段,165.00,都市：住
RPXNMLMLNHJFFAI58CA,盧厝段,9.00,都市：住
RPVNMLMKNHJFFAI38DA,港子坪段港坪小段,20.70,都市：住
RPVNMLMKNHJFFAI38DA,港子坪段港坪小段,5.82,都市：住
RPTNMLQKNHJFFAI68EA,玉川段,75.00,都市：住
RPTNMLQKNHJFFAI68EA,玉川段,5.33,都市：住
RPSOMLKMMHJFFAI97CA,荖藤段,99.00,都市：住
RPOOMLKMMHJFFAI57CA,竹圍子段二小段,51.51,都市：住
RPXNMLMKNHJFFAI58DA,同興段,20.50,都市：住
RPUNMLKMMHJFFAI08CA,車店段,101.00,都市：住
RPUNMLTJNHJFFAI78CA,竹圍子段中興小段,95.00,都市：商
RPTNMLTJNHJFFAI68CA,竹圍子段,86.00,都市：住
RPTNMLTJNHJFFAI68CA,竹圍子段,8.00,都市：住
SPPNMLLKNHJFFAI67CA,車店段車店小段,13.95,都市：住
RPRNMLMJNHJFFAI77CA,白川段,36.96,都市：住
RPTNMLNJNHJFFAI08CA,下路頭段,79.00,都市：住
RPRNMLNJNHJFFAI87CA,下路頭段,1.33,都市：住
RPSNMLNJNHJFFAI97CA,軍輝段,47.97,都市：住
RPROMLNJNHJFFAI97CA,竹圍子段,79.00,都市：住
RPRNMLPJNHJFFAI28EA,遠東段,168.00,都市：農
RPXNMLKMMHJFFAI58EA,竹村段,864.71,都市：農
RPTNMLKMMHJFFAI18EA,軍輝段,79.00,都市：住
RPQNMLLKNHJFFAI67CA,頂庄段,44.00,都市：住
RPTNMLLJNHJFFAI08EA,軍輝段,89.00,都市：住
RPWNMLLJNHJFFAI18CA,埤子頭段新厝小段,123.00,都市：住
RPVNMLOKNHJFFAI48CA,盧厝段,356.00,都市：農
RPRNMLLKNHJFFAI77CA,盧厝段,80.97,都市：住
RPXNMLLJNHJFFAI28CA,北園段,83.00,都市：住
RPTNMLOKNHJFFAI28CA,下路頭段,239.00,都市：住
RPVOMLRJNHJFFAI78CA,中山段二小段,24.40,都市：住
RPSNMLSKNHJFFAI58CA,竹圍子段一小段,8.88,都市：住
RPUNMLKKNHJFFAI97CA,白川段,62.00,都市：住
