﻿編號,土地區段位置,土地移轉面積平方公尺,使用分區或編定
The serial number,land sector position,land shifting area square meter,the use zoning or compiles and checks
RPWNMLKKKHJFFAV66DA,大業段,277.09,非都市：特定農業區 ; 非都市編定：甲種建築用地
RPWNMLKKKHJFFAV66DA,大業段,717.14,非都市：特定農業區 ; 非都市編定：農牧用地
RPVNMLKKKHJFFAV56DA,大業段,226.73,非都市：特定農業區 ; 非都市編定：甲種建築用地
RPVNMLKKKHJFFAV56DA,大業段,344.13,非都市：特定農業區 ; 非都市編定：甲種建築用地
RPXNMLQJKHJFFAV17CA,光明段,2374.00,都市：農
RPXNMLQJKHJFFAV17CA,光明段,350.00,都市：其他
RPPNMLRJKHJFFAV56DA,下南寮段,222.68,都市：農
RPPNMLLKKHJFFBV68CA,三民段,484.22,都市：農
RPWNMLMKKHJFFAV86DA,建成段,772.97,都市：住
RPSNMLKKKHJFFAV78CA,豐源段,2580.00,非都市：特定農業區 ; 非都市編定：農牧用地
RPPNMLNKKHJFFCV98CA,萬朝段,1913.63,非都市：一般農業區 ; 非都市編定：農牧用地
RPPOMLKLKHJFFAV78DA,利卡夢段,115.82,非都市：特定農業區 ; 非都市編定：特定目的事業用地
RPRNMLKKKHJFFCV88CA,鹿寮段,1167.73,非都市：山坡地保育區 ; 非都市編定：農牧用地
RPRNMLSKKHJFFDV27DA,笆札筏段,204.28,非都市：鄉村區 ; 非都市編定：乙種建築用地
RPPNMLKKKHJFFDV78CA,樂山段,22310.01,非都市：山坡地保育區 ; 非都市編定：農牧用地
RPQNMLKKKHJFFDV88CA,樂山段,3730.00,非都市：山坡地保育區 ; 非都市編定：農牧用地
RPQNMLRKKHJFFDV07DA,金崙段,9050.00,非都市：山坡地保育區 ; 非都市編定：農牧用地
RPQNMLRKKHJFFDV07DA,金崙段,12130.00,非都市：山坡地保育區 ; 非都市編定：林業用地
RPQNMLSKKHJFFBV86CA,新港段八邊小段,1146.00,非都市：風景區 ; 非都市編定：農牧用地
RPSNMLSKKHJFFAV96CA,常德段,141.49,都市：住
RPRNMLSKKHJFFBV96CA,新港段新港小段,795.00,非都市：風景區 ; 非都市編定：農牧用地
RPQNMLMKKHJFFBV88CA,黃金橋段,2394.66,非都市：風景區 ; 非都市編定：農牧用地
RPPNMLMKKHJFFBV78CA,小馬東段,504.09,非都市：風景區 ; 非都市編定：丙種建築用地
RPUNMLOLKHJFFAV86CA,下賓朗段,734.13,非都市：一般農業區 ; 非都市編定：農牧用地
RPPNMLMKKHJFFAV68CA,中正段,99.00,都市：住
RPUNMLMKKHJFFAV56CA,台東段,77.00,都市：住
RPQNMLMKKHJFFAV88DA,新生段,115.00,都市：住
RPPOMLMKKHJFFAV78CA,豐成段,128.45,非都市：特定農業區 ; 非都市編定：甲種建築用地
RPPNMLOJLHJFFBV98CA,新港段新港小段,8327.00,非都市：風景區 ; 非都市編定：農牧用地
RPUNMLSKKHJFFBV27CA,新竹湖段,102.25,非都市：鄉村區 ; 非都市編定：乙種建築用地
RPUNMLSKKHJFFBV27CA,新竹湖段,64.73,非都市：鄉村區 ; 非都市編定：乙種建築用地
RPPNMLKKLHJFFBV68CA,忠仁段,52.08,都市：住
RPVNMLSKKHJFFBV37CA,烏石鼻段,1168.00,非都市：風景區 ; 非都市編定：農牧用地
RPOOMLMKKHJFFAV68CA,東海段,25.08,都市：住
RPOOMLMKKHJFFAV68CA,東海段,1.62,都市：住
RPSNMLQJLHJFFDV17DA,金灣段,748.40,非都市：山坡地保育區 ; 非都市編定：農牧用地
RPRNMLTKKHJFFAV96CA,岩灣段,156.65,都市：住
RPQNMLRKKHJFFCV86CA,中福段,25.37,都市：住
RPQNMLRKKHJFFCV86CA,中福段,55.40,都市：住
RPQNMLRKKHJFFCV86CA,中福段,17.72,都市：其他
RPQNMLRKKHJFFCV86CA,中福段,13.57,都市：其他
RPQNMLRKKHJFFCV86CA,中福段,1.07,都市：住
RPQOMLKLKHJFFAV78CA,岩灣段,176.10,都市：住
RPROMLKLKHJFFAV88CA,岩灣段,165.52,都市：住
RPSNMLTKKHJFFAV07CA,岩灣段,159.88,都市：住
RPTNMLTKKHJFFAV17CA,岩灣段,178.92,都市：住
RPPNMLOKKHJFFCV56DA,龍田段,3139.38,都市：農
RPPNMLPKKHJFFCV56CA,南山段,103.69,都市：住
RPUNMLTKKHJFFAV27CA,岩灣段,166.71,都市：住
RPPNMLTKKHJFFBV86CA,城仔埔段,2501.14,非都市：風景區 ; 非都市編定：農牧用地
RPRNMLNKLHJFFCV76DA,龍田段,2832.00,都市：農
RPRNMLNKLHJFFCV76DA,龍田段,449.88,都市：農
RPRNMLNKLHJFFCV76DA,龍田段,220.16,都市：農
RPRNMLNKLHJFFCV76DA,龍田段,4.40,都市：農
RPRNMLNKLHJFFCV76DA,龍田段,63.41,都市：農
RPQNMLKKLHJFFBV88DA,三間屋段,57.29,非都市：風景區 ; 非都市編定：農牧用地
RPQNMLKKLHJFFBV88DA,三間屋段,6342.84,非都市：風景區 ; 非都市編定：農牧用地
RPPNMLNKKHJFFAV88DA,興安段,115.69,都市：住
RPQNMLLLKHJFFCV09DA,海端段,11670.00,非都市：山坡地保育區 ; 非都市編定：農牧用地
RPPNMLOJLHJFFCV09CA,鹿寮段,8911.40,非都市：山坡地保育區 ; 非都市編定：農牧用地
RPPNMLOJLHJFFCV09CA,鹿寮段,733.17,非都市：山坡地保育區 ; 非都市編定：林業用地
RPPNMLNKLHJFFCV09CA,高台段,3412.20,非都市：山坡地保育區 ; 非都市編定：農牧用地
RPRNMLPLKHJFFCV86CA,大埔段,6949.87,都市：農
RPRNMLPLKHJFFCV86CA,大埔段,437.31,都市：農
RPQNMLRLKHJFFCV96CA,和平段,462.17,非都市：一般農業區 ; 非都市編定：農牧用地
RPQNMLRLKHJFFCV96CA,和平段,1371.56,非都市：一般農業區 ; 非都市編定：農牧用地
RPPNMLOKKHJFFAV88CA,建國段,93.90,都市：住
RPPNMLOKKHJFFAV88CA,建國段,8.10,都市：其他
RPPNMLQKKHJFFAV09CA,馬蘭段,104.00,都市：住
RPTNMLOKKHJFFAV66CA,豐里段,3475.95,非都市：特定農業區 ; 非都市編定：農牧用地
RPSNMLOKKHJFFAV56CA,永清段,4514.94,都市：農
RPSNMLOKKHJFFAV56CA,永清段,277.67,都市：農
RPSNMLOKKHJFFAV56CA,永清段,43.40,都市：其他
RPRNMLOKKHJFFAV09CA,中清段,140.84,都市：住
RPQNMLOKKHJFFAV98CA,新生段,117.00,都市：住
RPQNMLOKKHJFFAV98CA,新生段,13.00,都市：其他
RPVNMLOJLHJFFAV86CA,射馬干段,785.89,非都市：特定農業區 ; 非都市編定：農牧用地
RPUNMLOJLHJFFAV76CA,射馬干段,405.29,非都市：特定農業區 ; 非都市編定：農牧用地
RPUNMLOJLHJFFAV76CA,射馬干段,401.20,非都市：特定農業區 ; 非都市編定：農牧用地
RPPNMLRKKHJFFAV56CA,利家段,89.00,非都市：特定農業區 ; 非都市編定：甲種建築用地
RPRNMLRKKHJFFCV96CA,牧野段,2804.10,非都市：一般農業區 ; 非都市編定：農牧用地
RPUNMLQJLHJFFAV96CA,馬蘭段,140.00,都市：住
RPPNMLLKLHJFFBV88DA,三間屋段,4199.02,非都市：風景區 ; 非都市編定：農牧用地
RPQNMLTKKHJFFBV96CA,新竹湖段,2881.23,非都市：風景區 ; 非都市編定：農牧用地
RPQNMLTKKHJFFBV96CA,新竹湖段,2008.17,非都市：風景區 ; 非都市編定：農牧用地
RPTNMLSKKHJFFBV17CA,忠智段,64.81,都市：住
RPSNMLSKKHJFFBV07CA,忠智段,64.85,都市：住
RPRNMLLLKHJFFBV98CA,忠勇段,76.80,都市：住
RPPNMLKLKHJFFCV88DA,水井段,95.32,非都市：山坡地保育區 ; 非都市編定：丙種建築用地
RPPNMLSKKHJFFDV07DA,正興段,110.59,都市：住
RPSNMLLLKHJFFBV09CA,忠勇段,1.07,都市：住
RPSNMLLLKHJFFBV09CA,忠勇段,117.36,都市：住
RPPNMLOLKHJFFDV76DA,森永段,1531.00,非都市：山坡地保育區 ; 非都市編定：交通用地
RPVNMLTKKHJFFAV37CA,大業段,107.18,都市：住
RPWNMLLLKHJFFBV86CA,忠智段,51.42,都市：住
RPWNMLLLKHJFFBV86CA,忠智段,51.42,都市：住
RPPNMLLLKHJFFBV78CA,富民段,3828.63,非都市：風景區 ; 非都市編定：農牧用地
RPQNMLLLKHJFFBV88CA,新港段新港小段,1911.00,非都市：風景區 ; 非都市編定：農牧用地
RPQNMLLLKHJFFBV88CA,新港段新港小段,210.00,非都市：風景區 ; 非都市編定：農牧用地
RPQNMLLLKHJFFBV88CA,新港段新港小段,1070.00,非都市：風景區 ; 非都市編定：農牧用地
RPQNMLLLKHJFFBV88CA,新港段新港小段,1070.00,非都市：風景區 ; 非都市編定：農牧用地
RPOOMLKLKHJFFAV58CA,馬蘭段,144.00,都市：住
RPPNMLOJLHJFFAV88CA,南王段,165.34,都市：住
RPVNMLQLKHJFFAV17CA,上原段,2631.00,非都市：山坡地保育區 ; 非都市編定：丙種建築用地
RPQNMLPLKHJFFCV76CA,福文段,79.21,都市：住
RPRNMLKLKHJFFBV88CA,坪頂段,379.80,非都市：風景區 ; 非都市編定：農牧用地
RPRNMLKLKHJFFBV88CA,坪頂段,104.46,非都市：風景區 ; 非都市編定：農牧用地
RPRNMLKLKHJFFBV88CA,坪頂段,4539.24,非都市：風景區 ; 非都市編定：農牧用地
RPRNMLKLKHJFFBV88CA,坪頂段,13574.65,非都市：風景區 ; 非都市編定：農牧用地
RPRNMLKLKHJFFBV88CA,坪頂段,2272.66,非都市：風景區 ; 非都市編定：農牧用地
RPRNMLKLKHJFFBV88CA,坪頂段,38147.05,非都市：風景區 ; 非都市編定：農牧用地
RPTNMLKLKHJFFAV09DA,富山段,282.40,非都市：風景區 ; 非都市編定：農牧用地
RPTNMLKLKHJFFAV09DA,富山段,123.50,非都市：風景區 ; 非都市編定：丙種建築用地
RPPNMLKLKHJFFAV58CA,永豐段,6651.27,都市：農
RPQNMLKKLHJFFDV98CA,北橋段,103.62,都市：住
RPQNMLNKLHJFFCV56CA,高台段,3127.60,非都市：山坡地保育區 ; 非都市編定：農牧用地
RPUNMLLLKHJFFBV76DA,南都歷段,895.98,非都市：風景區 ; 非都市編定：農牧用地
RPUNMLLLKHJFFBV76DA,北都歷段,1194.22,非都市：風景區 ; 非都市編定：農牧用地
RPUNMLLLKHJFFBV76DA,北都歷段,218.48,非都市：風景區 ; 非都市編定：丙種建築用地
RPPNMLSKLHJFFBV86CA,長濱段,2521.00,非都市：風景區 ; 非都市編定：農牧用地
RPPNMLSKLHJFFBV86CA,長濱段,4232.00,非都市：風景區 ; 非都市編定：農牧用地
RPPNMLSKLHJFFBV86CA,長濱段,1942.00,非都市：風景區 ; 非都市編定：農牧用地
RPPNMLSKLHJFFBV86CA,長濱段,1683.00,非都市：風景區 ; 非都市編定：農牧用地
RPPNMLSKLHJFFBV86CA,長濱段,2042.00,非都市：風景區 ; 非都市編定：農牧用地
RPPNMLOLKHJFFCV66DA,牧野段,1038.10,非都市：一般農業區 ; 非都市編定：農牧用地
RPPNMLOLKHJFFCV66DA,牧野段,1054.27,非都市：一般農業區 ; 非都市編定：農牧用地
RPPNMLOLKHJFFCV66DA,牧野段,1589.70,非都市：一般農業區 ; 非都市編定：農牧用地
RPRNMLKLKHJFFAV78CA,豐年段,54.00,都市：住
RPXNMLSKKHJFFBV67DA,都豐段,7883.97,非都市：風景區 ; 非都市編定：農牧用地
RPWNMLSKKHJFFBV57DA,都豐段,1179.11,非都市：風景區 ; 非都市編定：農牧用地
RPWNMLSKKHJFFBV57DA,都豐段,252.21,非都市：風景區 ; 非都市編定：農牧用地
RPSNMLLKLHJFFBV56DA,新竹湖段,967.23,非都市：風景區 ; 非都市編定：農牧用地
RPUNMLPLKHJFFAV96CA,富岡南段,43.41,非都市：鄉村區 ; 非都市編定：乙種建築用地
RPQNMLPLKHJFFAV56CA,台東段,139.00,都市：商
RPWNMLPLKHJFFAV17CA,東海段,26.98,都市：住
RPUNMLLKLHJFFBV76DA,真柄段,781.00,非都市：風景區 ; 非都市編定：農牧用地
RPUNMLLKLHJFFBV76DA,真柄段,1644.00,非都市：風景區 ; 非都市編定：農牧用地
RPPNMLKLKHJFFBV68CA,坪頂段,44278.62,非都市：風景區 ; 非都市編定：農牧用地
RPQNMLKLKHJFFBV78CA,坪頂段,641.83,非都市：風景區 ; 非都市編定：農牧用地
RPQNMLKLKHJFFBV78CA,坪頂段,686.64,非都市：風景區 ; 非都市編定：農牧用地
RPQNMLKLKHJFFBV78CA,坪頂段,1614.11,非都市：風景區 ; 非都市編定：農牧用地
RPQNMLKLKHJFFBV78CA,坪頂段,933.26,非都市：風景區 ; 非都市編定：農牧用地
RPQNMLKLKHJFFBV78CA,坪頂段,899.53,非都市：風景區 ; 非都市編定：農牧用地
RPQNMLKLKHJFFBV78CA,坪頂段,1119.11,非都市：風景區 ; 非都市編定：農牧用地
RPQNMLKLKHJFFBV78CA,坪頂段,1722.85,非都市：風景區 ; 非都市編定：農牧用地
RPQNMLKLKHJFFBV78CA,坪頂段,1413.34,非都市：風景區 ; 非都市編定：農牧用地
RPQNMLKLKHJFFBV78CA,坪頂段,4379.28,非都市：風景區 ; 非都市編定：農牧用地
RPQNMLKLKHJFFBV78CA,坪頂段,1455.39,非都市：風景區 ; 非都市編定：農牧用地
RPQNMLKLKHJFFBV78CA,坪頂段,10985.69,非都市：風景區 ; 非都市編定：農牧用地
RPQNMLKLKHJFFBV78CA,坪頂段,12580.04,非都市：風景區 ; 非都市編定：農牧用地
RPQNMLKLKHJFFBV78CA,坪頂段,1535.95,非都市：風景區 ; 非都市編定：農牧用地
RPQNMLKLKHJFFBV78CA,坪頂段,2210.28,非都市：風景區 ; 非都市編定：農牧用地
RPQNMLKLKHJFFBV78CA,坪頂段,2887.63,非都市：風景區 ; 非都市編定：農牧用地
RPQNMLKLKHJFFBV78CA,坪頂段,1156.97,非都市：風景區 ; 非都市編定：農牧用地
RPQNMLKLKHJFFBV78CA,坪頂段,942.61,非都市：風景區 ; 非都市編定：農牧用地
RPQNMLKLKHJFFBV78CA,坪頂段,930.47,非都市：風景區 ; 非都市編定：農牧用地
RPQNMLKLKHJFFBV78CA,坪頂段,4322.01,非都市：風景區 ; 非都市編定：農牧用地
RPPNMLMKLHJFFBV98DA,忠仁段,653.80,都市：住
RPVNMLKLKHJFFAV66DA,台東段,157.00,都市：商
RPQOMLPLKHJFFAV66CA,中正段,25.00,都市：住
RPQOMLPLKHJFFAV66CA,中正段,43.00,都市：住
RPQOMLPLKHJFFAV66CA,中正段,232.00,都市：住
RPRNMLPJLHJFFCV76CA,中福段,65.71,都市：商
RPRNMLPJLHJFFCV76CA,中福段,7.44,都市：商
RPRNMLLLKHJFFAV88CA,青林段,2052.19,非都市：山坡地保育區 ; 非都市編定：農牧用地
RPRNMLLLKHJFFAV88CA,青林段,3864.24,非都市：山坡地保育區 ; 非都市編定：農牧用地
RPRNMLOKLHJFFCV86DA,高台段,2825.00,非都市：山坡地保育區 ; 非都市編定：農牧用地
RPSNMLOKLHJFFCV96DA,高台段,8554.70,非都市：山坡地保育區 ; 非都市編定：農牧用地
RPSNMLOKLHJFFCV96DA,高台段,5504.20,非都市：山坡地保育區 ; 非都市編定：農牧用地
RPQNMLOLKHJFFCV76DA,南山段,155.73,都市：住
RPQNMLPJLHJFFCV66CA,中福段,56.01,都市：商
RPTNMLOLKHJFFAV76CA,南榮段,68.54,都市：住
RPTNMLOLKHJFFAV76CA,南榮段,40.63,都市：住
RPQNMLRKLHJFFCV96CA,福原段,25.78,都市：住
RPVNMLLLKHJFFAV66CA,台東段,204.00,都市：住
RPWNMLOKLHJFFCV37DA,高台段,5384.30,非都市：山坡地保育區 ; 非都市編定：農牧用地
RPSOMLKLKHJFFAV98CA,興安段,133.31,都市：住
RPVNMLLKLHJFFAV66CA,台東段,2746.00,都市：農
RPPNMLMLKHJFFAV78CA,東海段,121.54,都市：住
RPPNMLMLKHJFFAV78CA,東海段,17.22,都市：住
RPSNMLQLKHJFFBV96CA,小馬東段,4306.07,非都市：風景區 ; 非都市編定：農牧用地
RPQNMLLLKHJFFAV78CA,豐利段,2.22,都市：住
RPQNMLLLKHJFFAV78CA,豐利段,104.21,都市：住
RPPNMLOLKHJFFAV98CA,大業段,106.94,都市：住
RPTNMLLLKHJFFBV56CA,玉港段,47.91,非都市：風景區 ; 非都市編定：特定目的事業用地
RPSNMLLLKHJFFAV09DA,台東段,17.00,都市：住
RPUNMLQLKHJFFAV17DA,中山段,166.00,都市：住
RPRNMLLKLHJFFBV09DA,玉港段,3033.11,非都市：風景區 ; 非都市編定：農牧用地
RPRNMLNKLHJFFAV09CA,台東段,880.00,都市：住
RPRNMLLJLHJFFAV88DA,建業段,127.75,都市：住
RPQNMLOLKHJFFDV86DA,秀山段,8.08,都市：商
RPQNMLOLKHJFFDV86DA,秀山段,.00,都市：商
RPRNMLLLKHJFFCV56DA,加拿段,7956.00,非都市：山坡地保育區 ; 非都市編定：農牧用地
RPRNMLLLKHJFFCV56DA,加拿段,1454.00,非都市：山坡地保育區 ; 非都市編定：農牧用地
RPRNMLLLKHJFFCV56DA,加拿段,3180.00,非都市：山坡地保育區 ; 非都市編定：林業用地
RPXNMLOLKHJFFAV17CA,興安段,122.11,都市：住
RPPNMLLLKHJFFCV88CA,大原段,175.00,非都市：山坡地保育區 ; 非都市編定：丙種建築用地
RPRNMLPLKHJFFAV66CA,東谷段,123.62,都市：住
RPVNMLPLKHJFFAV07CA,常德段,12.59,都市：住
RPSNMLPLKHJFFAV76CA,南清段,140.72,都市：住
RPQNMLRKLHJFFAV76CA,馬蘭段,1189.00,都市：住
RPQNMLRKLHJFFAV76CA,馬蘭段,1.00,都市：其他
RPTNMLKLLHJFFBV66DA,北八里段,3099.90,非都市：風景區 ; 非都市編定：農牧用地
RPPOMLPLKHJFFAV56CA,中清段,121.17,都市：住
RPVNMLLLKHJFFBV76CA,高台段,222.76,非都市：鄉村區 ; 非都市編定：乙種建築用地
RPRNMLQLKHJFFBV86CA,新港段八邊小段,4390.00,非都市：風景區 ; 非都市編定：農牧用地
RPQNMLQLKHJFFBV76CA,新港段八邊小段,2300.00,非都市：風景區 ; 非都市編定：農牧用地
RPQNMLQLKHJFFBV76CA,新港段八邊小段,14240.00,非都市：風景區 ; 非都市編定：農牧用地
RPQNMLQLKHJFFBV76CA,新港段八邊小段,3940.00,非都市：風景區 ; 非都市編定：農牧用地
RPQNMLOJLHJFFBV09CA,南都歷段,503.93,非都市：風景區 ; 非都市編定：農牧用地
RPQNMLOJLHJFFBV09CA,南都歷段,1002.64,非都市：風景區 ; 非都市編定：農牧用地
RPPNMLNJLHJFFCV98CA,慶豐段,211.21,非都市：鄉村區 ; 非都市編定：乙種建築用地
RPWNMLLKLHJFFAV76CA,豐年段,4.18,都市：住
RPTNMLNJLHJFFAV56CA,北南王段,151.25,都市：農
RPTNMLNJLHJFFAV56CA,北南王段,212.84,都市：農
RPQNMLKKLHJFFCV88CA,慶福段,30.55,都市：住
RPPNMLQJLHJFFAV56DA,建成段,110.32,都市：商
RPPNMLQLKHJFFBV76DA,城山段八桑安小段,7000.00,非都市：風景區 ; 非都市編定：農牧用地
RPRNMLRLKHJFFAV96DA,台東段,63.00,都市：住
RPSNMLQLKHJFFAV86CA,台東段,105.00,都市：商
RPPNMLPLKHJFFDV76CA,樂山段,17955.00,非都市：山坡地保育區 ; 非都市編定：農牧用地
RPPNMLPLKHJFFDV76CA,樂山段,24125.58,非都市：山坡地保育區 ; 非都市編定：林業用地
RPPNMLRLKHJFFAV76DA,豐川段,2599.12,非都市：特定農業區 ; 非都市編定：農牧用地
SPSNMLQLKHJFFAV96CA,台東段,106.00,都市：商
RPPNMLRLKHJFFDV96CA,復興段,327.11,都市：住
RPPNMLNJLHJFFDV09CA,泰王段,3389.49,都市：農
RPPNMLQLKHJFFAV56CA,德安段,5.35,都市：住
RPQNMLQLKHJFFAV66CA,豐成段,584.06,非都市：特定農業區 ; 非都市編定：農牧用地
RPQNMLQLKHJFFAV66CA,豐成段,445.70,非都市：特定農業區 ; 非都市編定：甲種建築用地
RPPNMLOJLHJFFDV66DA,尚武段,144.65,都市：住
RPPNMLOJLHJFFDV66DA,尚武段,1.68,都市：住
RPPNMLQLKHJFFCV76CA,龍田段,226.30,都市：住
RPSNMLQJLHJFFBV86CA,小湊段小港小段,7720.00,非都市：風景區 ; 非都市編定：農牧用地
RPSNMLQJLHJFFBV86CA,小湊段小港小段,2640.00,非都市：風景區 ; 非都市編定：農牧用地
RPSNMLQJLHJFFBV86CA,小湊段小港小段,12040.00,非都市：風景區 ; 非都市編定：農牧用地
RPSNMLQJLHJFFBV86CA,小湊段小港小段,7150.00,非都市：風景區 ; 非都市編定：農牧用地
RPSNMLQJLHJFFBV86CA,小湊段小港小段,2260.00,非都市：風景區 ; 非都市編定：農牧用地
RPUNMLPJLHJFFCV07CA,鹿野段,1384.00,非都市：特定農業區 ; 非都市編定：農牧用地
RPUNMLPJLHJFFCV07CA,鹿野段,1407.00,非都市：特定農業區 ; 非都市編定：農牧用地
RPSNMLPJLHJFFCV86CA,鹿野段,1401.00,非都市：特定農業區 ; 非都市編定：農牧用地
RPSNMLPJLHJFFCV86CA,鹿野段,1329.00,非都市：特定農業區 ; 非都市編定：農牧用地
RPQNMLLKLHJFFBV98DA,中柄段,2515.00,非都市：風景區 ; 非都市編定：農牧用地
RPTNMLLKLHJFFBV66DA,真柄段,2076.00,非都市：風景區 ; 非都市編定：農牧用地
RPTNMLLKLHJFFBV66DA,真柄段,2289.00,非都市：風景區 ; 非都市編定：農牧用地
RPPNMLRLKHJFFCV96DA,隆昌段,209.01,非都市：特定農業區 ; 非都市編定：甲種建築用地
RPPNMLQJLHJFFBV56CA,長濱段,845.00,非都市：風景區 ; 非都市編定：農牧用地
RPTNMLPJLHJFFCV96CA,鹿野段,1396.00,非都市：特定農業區 ; 非都市編定：農牧用地
RPTNMLPJLHJFFCV96CA,鹿野段,1324.00,非都市：特定農業區 ; 非都市編定：農牧用地
RPRNMLQJLHJFFCV86CA,鹿野段,155.00,非都市：特定農業區 ; 非都市編定：農牧用地
RPRNMLQJLHJFFCV86CA,鹿野段,4026.00,非都市：特定農業區 ; 非都市編定：農牧用地
RPRNMLQJLHJFFCV86CA,鹿野段,3517.00,非都市：特定農業區 ; 非都市編定：農牧用地
RPSNMLQJLHJFFAV76CA,建國段,126.00,都市：住
RPSNMLNJLHJFFAV09CA,明峰段,3000.00,非都市：山坡地保育區 ; 非都市編定：農牧用地
RPQNMLRLKHJFFAV86DA,北南王段,3877.35,都市：農
RPWNMLQJLHJFFAV17CA,台東段,12.76,都市：住
RPXNMLPLKHJFFAV27CA,豐年段,154.02,都市：住
RPQNMLNJLHJFFAV88CA,下賓朗段,72.74,非都市：一般農業區 ; 非都市編定：甲種建築用地
RPSNMLOJLHJFFAV66DA,台東段,99.00,都市：住
RPRNMLQJLHJFFBV76CA,新都威段,58.29,非都市：鄉村區 ; 非都市編定：乙種建築用地
RPPOMLKLLHJFFAV78CA,自強段,1126.00,都市：住
RPTNMLOJLHJFFAV66CA,台東段,52.28,都市：住
RPQNMLOJLHJFFAV98CA,台東段,12.81,都市：住
RPTNMLNKLHJFFAV66CA,台東段,73.00,都市：住
RPPNMLKKLHJFFDV88CA,金華段,279.86,非都市：山坡地保育區 ; 非都市編定：丙種建築用地
RPPNMLLLLHJFFDV56DA,嘉新段,1045.96,非都市：山坡地保育區 ; 非都市編定：交通用地
RPVNMLPJLHJFFAV96CA,興安段,159.03,都市：住
RPRNMLLKLHJFFAV88CA,岩灣段,145.61,都市：住
RPPNMLMKLHJFFAV78CA,興安段,540.00,都市：住
RPUNMLPJLHJFFAV96DA,豐榮段,136.00,都市：住
RPOOMLKKLHJFFAV58CA,興航段,216.70,都市：住
RPWNMLPJLHJFFAV07CA,岩灣段,152.12,都市：住
RPPNMLQJLHJFFDV86DA,正興段,922.33,都市：商
RPTNMLQJLHJFFDV27DA,復興段,6.28,都市：住
RPTNMLQJLHJFFDV27DA,復興段,12.38,都市：住
RPTNMLQJLHJFFDV27DA,復興段,62.74,都市：住
RPTNMLMKLHJFFAV56CA,台東段,46.00,都市：商
RPUNMLNKLHJFFAV76CA,興安段,187.08,都市：住
RPRNMLQJLHJFFDV07DA,正興段,922.32,都市：商
RPQNMLQJLHJFFDV96DA,正興段,922.32,都市：商
RPSNMLSKLHJFFAV17DA,台東段,68.00,都市：住
RPSNMLSKLHJFFAV17DA,台東段,20.00,都市：住
RPWNMLMKLHJFFAV86CA,豐利段,69.13,都市：住
RPRNMLLLLHJFFDV66CA,北太麻里段,133.00,非都市：山坡地保育區 ; 非都市編定：丙種建築用地
RPOOMLNKLHJFFAV88CA,旭川段,2649.19,非都市：特定農業區 ; 非都市編定：農牧用地
RPPNMLPJLHJFFCV66DA,康源段,13000.00,非都市：山坡地保育區 ; 非都市編定：農牧用地
RPQNMLRJLHJFFBV76CA,新美山段,697.08,非都市：風景區 ; 非都市編定：農牧用地
RPPNMLRJLHJFFBV66CA,中濱段掃別小段,2400.00,非都市：風景區 ; 非都市編定：農牧用地
RPQNMLOKLHJFFAV09CA,台東段,222.00,都市：住
RPPNMLRJLHJFFDV86CA,樂山段,20000.11,非都市：山坡地保育區 ; 非都市編定：農牧用地
RPRNMLRKLHJFFBV96CA,玉港段,11211.03,非都市：風景區 ; 非都市編定：農牧用地
RPTNMLRJLHJFFAV07DA,下南寮段,134.24,都市：住
RPUNMLKKLHJFFAV56DA,建和段,760.39,非都市：一般農業區 ; 非都市編定：農牧用地
RPPNMLRJLHJFFCV76CA,水井段,2653.47,非都市：特定農業區 ; 非都市編定：農牧用地
RPQNMLQJLHJFFBV66CA,三民段,2219.98,非都市：風景區 ; 非都市編定：農牧用地
RPQNMLMKLHJFFAV98DA,豐榮段,1.00,都市：住
RPQNMLRJLHJFFCV86CA,水井段,921.57,非都市：鄉村區 ; 非都市編定：乙種建築用地
RPRNMLSKLHJFFCV27DA,牧野段,230.71,非都市：特定農業區 ; 非都市編定：農牧用地
RPRNMLSKLHJFFCV27DA,牧野段,213.24,非都市：特定農業區 ; 非都市編定：甲種建築用地
RPRNMLSKLHJFFCV27DA,牧野段,250.91,非都市：特定農業區 ; 非都市編定：農牧用地
RPPNMLRJLHJFFAV66DA,常德段,104.61,都市：住
RPSNMLSKLHJFFCV27CA,大同段,4468.41,都市：農
RPSNMLSKLHJFFCV27CA,大同段,179.15,都市：農
RPUNMLMKLHJFFAV66CA,利家段,3033.00,非都市：特定農業區 ; 非都市編定：農牧用地
RPXNMLMKLHJFFAV96CA,豐樂段,105.00,都市：住
RPWNMLOKLHJFFAV07CA,德安段,21.26,都市：住
RPTNMLQJLHJFFAV86CA,煙草間段,5.17,非都市：特定農業區 ; 非都市編定：甲種建築用地
RPTNMLQJLHJFFAV86CA,煙草間段,2.78,非都市：特定農業區 ; 非都市編定：甲種建築用地
RPTNMLQJLHJFFAV86CA,煙草間段,21.30,非都市：特定農業區 ; 非都市編定：甲種建築用地
RPTNMLQJLHJFFAV86CA,煙草間段,93.29,非都市：特定農業區 ; 非都市編定：甲種建築用地
RPUOMLNKLHJFFAV86CA,常德段,114.19,都市：住
RPPOMLNKLHJFFAV98CA,常德段,125.67,都市：住
RPVOMLNKLHJFFAV96CA,常德段,119.94,都市：住
RPTOMLNKLHJFFAV76CA,常德段,112.54,都市：住
RPROMLNKLHJFFAV56CA,東海段,158.71,都市：住
RPQOMLNKLHJFFAV09CA,常德段,109.20,都市：住
RPPNMLOKLHJFFDV66CA,金富段,2070.40,非都市：山坡地保育區 ; 非都市編定：農牧用地
RPPNMLOKLHJFFDV66CA,金富段,4787.38,非都市：山坡地保育區 ; 非都市編定：農牧用地
RPPNMLOKLHJFFDV66CA,金富段,14.41,非都市：山坡地保育區 ; 非都市編定：農牧用地
RPPNMLOKLHJFFDV66CA,金富段,321.87,非都市：山坡地保育區 ; 非都市編定：農牧用地
RPQNMLKKLHJFFAV68CA,知本段,2.00,非都市：特定農業區 ; 非都市編定：甲種建築用地
RPXNMLKKLHJFFAV76CA,岩灣段,622.71,都市：住
RPRNMLKKLHJFFAV78CA,台東段,20.10,都市：住
RPSNMLKKLHJFFAV88CA,台東段,107.00,都市：住
RPWNMLKKLHJFFAV66CA,豐年段,20.34,都市：住
RPPNMLKKLHJFFCV78CA,德高段,275.53,非都市：特定農業區 ; 非都市編定：甲種建築用地
RPVNMLLKLHJFFBV76CA,忠智段,60.60,都市：住
RPPNMLRKLHJFFBV86DA,萬年段,165.00,非都市：鄉村區 ; 非都市編定：乙種建築用地
RPVNMLMKLHJFFAV76CA,上岩灣段,73.36,都市：住
RPVNMLMKLHJFFAV76CA,上岩灣段,73.92,都市：住
RPSNMLLKLHJFFAV98CA,台東段,3.41,都市：住
RPPNMLLKLHJFFAV68CA,豐源段,5866.72,非都市：特定農業區 ; 非都市編定：農牧用地
RPPNMLLKLHJFFAV68CA,豐源段,187.79,非都市：特定農業區 ; 非都市編定：農牧用地
RPQNMLLKLHJFFAV78CA,青林段,43.35,都市：住
RPQNMLLKLHJFFAV78CA,青林段,230.66,都市：住
RPUNMLLKLHJFFAV56CA,台東段,96.00,都市：住
RPXNMLSKLHJFFAV57CA,常德段,55.44,都市：住
RPXNMLSKLHJFFAV57CA,常德段,55.44,都市：住
RPQOMLMKLHJFFAV98CA,上南寮段,94.28,都市：住
RPQOMLMKLHJFFAV98CA,上南寮段,94.28,都市：住
RPQOMLMKLHJFFAV98CA,上南寮段,43.16,都市：其他
RPQOMLMKLHJFFAV98CA,上南寮段,43.16,都市：其他
RPQOMLMKLHJFFAV98CA,上南寮段,7.86,都市：住
RPQOMLMKLHJFFAV98CA,上南寮段,7.86,都市：住
RPQOMLLLLHJFFAV98CA,利家段,114.00,非都市：特定農業區 ; 非都市編定：甲種建築用地
RPQOMLLLLHJFFAV98CA,利家段,7.00,非都市：特定農業區 ; 非都市編定：甲種建築用地
RPQNMLPKLHJFFAV56CA,豐年段,96.75,都市：住
RPSNMLOKLHJFFAV66CA,豐年段,91.86,都市：住
RPSNMLOKLHJFFAV66CA,豐年段,480.59,都市：住
RPVNMLNKLHJFFAV86CA,北南王段,3374.55,都市：農
RPVNMLNKLHJFFAV86CA,北南王段,1758.69,都市：農
RPVNMLNKLHJFFAV86CA,北南王段,15.85,都市：農
RPVNMLNKLHJFFAV86CA,北南王段,2224.52,都市：農
RPVNMLNKLHJFFAV86CA,北南王段,20.48,都市：農
RPTOMLKKMHJFFAV56CA,新生段,165.00,都市：住
RPPNMLOKLHJFFAV98CA,中清段,.60,都市：住
RPPNMLOKLHJFFAV98CA,中清段,58.94,都市：其他
RPPNMLOKLHJFFAV98CA,中清段,.29,都市：住
RPPNMLOKLHJFFAV98CA,中清段,352.61,都市：住
RPSNMLNKLHJFFAV56CA,建業段,108.00,都市：住
RPPOMLMKLHJFFAV98DA,班鳩段,2822.52,非都市：山坡地保育區 ; 非都市編定：農牧用地
RPPNMLNKLHJFFBV98CA,大馬段,2064.00,非都市：風景區 ; 非都市編定：農牧用地
RPPNMLNKLHJFFBV98CA,大馬段,2064.00,非都市：風景區 ; 非都市編定：農牧用地
RPPNMLNKLHJFFBV98CA,大馬段,2064.00,非都市：風景區 ; 非都市編定：農牧用地
RPUNMLOLLHJFFAV07DA,建樂段,9.11,都市：住
RPPOMLRLLHJFFAV86CA,馬蘭段,50.84,都市：住
RPQNMLNJMHJFFBV09CA,仰光段,159.34,都市：住
RPPNMLQKLHJFFAV56CA,岩灣段,145.55,都市：住
RPQNMLLMLHJFFCV66DA,牧野段,222.68,非都市：特定農業區 ; 非都市編定：農牧用地
RPQNMLLMLHJFFCV66DA,牧野段,1252.70,非都市：特定農業區 ; 非都市編定：農牧用地
RPRNMLTKLHJFFDV37CA,秀山段,15.00,都市：住
RPRNMLTKLHJFFDV37CA,秀山段,.00,都市：其他
RPTNMLNJMHJFFAV66CA,大業段,92.91,都市：住
RPSOMLNJMHJFFAV66CA,東谷段,114.54,都市：住
RPPNMLNKLHJFFAV88CA,青林段,5551.91,非都市：山坡地保育區 ; 非都市編定：農牧用地
RPTOMLNJMHJFFAV76CA,東谷段,89.03,都市：住
RPQNMLQLLHJFFBV86CA,玉港段,130.95,非都市：風景區 ; 非都市編定：農牧用地
RPSNMLRKLHJFFBV07CA,都蘭段,994.00,非都市：風景區 ; 非都市編定：農牧用地
RPSNMLQLLHJFFAV96CA,台東段,150.00,都市：商
RPRNMLRKLHJFFAV86CA,建康段,5770.43,非都市：特定農業區 ; 非都市編定：農牧用地
RPPNMLOKLHJFFCV66DA,加拿段,777.00,非都市：山坡地保育區 ; 非都市編定：農牧用地
RPQOMLRLLHJFFAV96CA,豐利段,104.60,都市：住
RPQNMLOLLHJFFBV66CA,忠智段,165.91,都市：住
RPPNMLNKLHJFFDV66DA,泰王段,213.43,都市：住
RPTNMLRKLHJFFAV07CA,常德段,127.80,都市：住
RPUOMLNJMHJFFAV86CA,馬蘭段,6.81,都市：住
RPUOMLNJMHJFFAV86CA,馬蘭段,8.01,都市：住
RPSNMLRKLHJFFAV96CA,豐康段,144.68,都市：住
RPSNMLRKLHJFFAV96CA,豐康段,13.44,都市：其他
RPSNMLRKLHJFFAV96CA,豐康段,.73,都市：其他
RPUNMLOKLHJFFAV86CA,豐谷段,132.00,都市：住
RPUNMLOKLHJFFAV86CA,豐谷段,515.68,都市：住
RPUNMLOKLHJFFAV86CA,豐谷段,73.00,都市：其他
RPUNMLOKLHJFFAV86CA,豐谷段,16.26,都市：其他
RPQNMLOLLHJFFAV56CA,利家段,2299.50,非都市：特定農業區 ; 非都市編定：農牧用地
RPQNMLOLLHJFFAV56CA,利家段,2299.50,非都市：特定農業區 ; 非都市編定：農牧用地
RPTNMLOLLHJFFAV86CA,興安段,123.03,都市：住
RPUNMLOKLHJFFDV27DA,泰和段,398.00,非都市：山坡地保育區 ; 非都市編定：丙種建築用地
RPSNMLLLLHJFFAV09CA,中心段,51.00,都市：其他
RPSNMLLLLHJFFAV09CA,中心段,168.00,都市：住
RPRNMLOKLHJFFAV56CA,豐源段,2580.00,非都市：特定農業區 ; 非都市編定：農牧用地
RPSOMLKKMHJFFAV09CA,南王段,82.93,都市：住
RPWNMLOLLHJFFAV17CA,興安段,122.26,都市：住
RPXNMLOLLHJFFAV27CA,興安段,139.61,都市：住
RPOOMLOLLHJFFAV09CA,興安段,124.75,都市：住
RPXNMLRKLHJFFAV47CA,建康段,2740.86,都市：農
RPXNMLRKLHJFFAV47CA,建康段,2941.15,都市：農
RPXNMLRKLHJFFAV47CA,建康段,3391.69,都市：農
RPWNMLRKLHJFFAV37CA,明峰段,11284.18,非都市：山坡地保育區 ; 非都市編定：農牧用地
RPPNMLRKLHJFFAV66CA,台東段,52.28,都市：住
RPQNMLTKLHJFFAV96CA,台東段,14.93,都市：住
RPRNMLSKLHJFFAV96CA,利家段,61.00,非都市：鄉村區 ; 非都市編定：乙種建築用地
RPPNMLTKLHJFFAV86CA,富岡段,71.77,非都市：鄉村區 ; 非都市編定：乙種建築用地
RPRNMLSKLHJFFBV07CA,忠仁段,68.44,都市：住
RPVNMLRKLHJFFAV27CA,馬蘭段,9.50,都市：住
RPVNMLSKLHJFFAV37CA,利家段,107.00,非都市：特定農業區 ; 非都市編定：甲種建築用地
RPQNMLOKLHJFFCV66CA,萬朝段,930.60,非都市：一般農業區 ; 非都市編定：農牧用地
RPQNMLOKLHJFFCV66CA,萬朝段,930.60,非都市：一般農業區 ; 非都市編定：農牧用地
RPRNMLTKLHJFFCV27CA,里段,11.66,都市：商
RPRNMLTKLHJFFCV27CA,里段,65.12,都市：其他
RPQNMLOKLHJFFBV56CA,北都歷段,140.92,非都市：鄉村區 ; 非都市編定：乙種建築用地
RPPNMLRKLHJFFDV96CA,秀山段,9.39,都市：住
RPPNMLRKLHJFFDV96CA,秀山段,.32,都市：住
RPPNMLRKLHJFFCV86CA,大埔段,349.25,都市：住
RPPNMLSKLHJFFCV96CA,慶福段,1.52,都市：住
RPPNMLSKLHJFFCV96CA,慶福段,48.28,都市：住
RPPNMLSKLHJFFCV96CA,慶福段,222.04,都市：住
RPPNMLSKLHJFFCV96CA,慶福段,10.96,都市：住
RPPNMLSKLHJFFCV96CA,慶福段,34.78,都市：住
RPPNMLSKLHJFFCV96CA,慶福段,140.85,都市：住
RPPNMLSKLHJFFAV86DA,台東段,82.00,都市：住
RPUNMLRKLHJFFAV17CA,煙草間段,489.59,非都市：鄉村區 ; 非都市編定：乙種建築用地
RPUNMLRKLHJFFAV17CA,煙草間段,2.70,非都市：鄉村區 ; 非都市編定：交通用地
RPTNMLSKLHJFFCV47DA,南山段,143.94,都市：住
RPSNMLTJMHJFFCV37CA,豐泉段,147.95,都市：住
RPVNMLTJMHJFFCV67CA,豐泉段,120.65,都市：住
RPQNMLKLLHJFFCV98CA,龍田段,59.01,都市：其他
RPQNMLKLLHJFFCV98CA,龍田段,3000.00,都市：農
RPPNMLTKLHJFFDV27DA,泰和段,18.00,非都市：山坡地保育區 ; 非都市編定：丙種建築用地
RPPNMLTKLHJFFDV27DA,泰和段,181.00,非都市：山坡地保育區 ; 非都市編定：丙種建築用地
RPSNMLMJMHJFFAV56DA,馬蘭段,6.49,都市：住
RPSNMLMJMHJFFAV56DA,馬蘭段,7.64,都市：住
RPXNMLQLLHJFFAV47CA,馬蘭段,21.35,都市：住
RPPOMLLKMHJFFAV88CA,建樂段,258.05,都市：農
RPPOMLLKMHJFFAV88CA,建樂段,258.05,都市：農
RPPOMLLKMHJFFAV88CA,建樂段,258.05,都市：農
RPPNMLKLLHJFFCV88CA,瑞豐段,535.60,非都市：鄉村區 ; 非都市編定：乙種建築用地
RPROMLRLLHJFFAV07CA,豐榮段,89.00,都市：住
RPUNMLKLLHJFFAV56CA,南王段,4.72,都市：住
RPQNMLSKLHJFFBV96CA,富民段,2805.02,非都市：風景區 ; 非都市編定：農牧用地
RPQNMLTKLHJFFDV27CA,金崙段,5560.00,非都市：山坡地保育區 ; 非都市編定：林業用地
RPTNMLTKLHJFFCV47CA,豐泉段,12.05,都市：住
RPRNMLQLLHJFFBV96CA,都豐段,2991.69,非都市：風景區 ; 非都市編定：農牧用地
RPRNMLQLLHJFFBV96CA,都豐段,1370.73,非都市：風景區 ; 非都市編定：農牧用地
RPVNMLRLLHJFFBV47CA,玉港段,4995.36,非都市：風景區 ; 非都市編定：農牧用地
RPQNMLKLLHJFFAV78CA,馬蘭段,44.23,都市：住
RPQOMLTKLHJFFAV07CA,南榮段,1342.23,都市：農
RPQOMLTKLHJFFAV07CA,南榮段,364.97,都市：農
RPQOMLTKLHJFFAV07CA,南榮段,1128.12,都市：農
RPROMLKLLHJFFAV98CA,台東段,32.00,都市：商
RPROMLTKLHJFFAV17CA,石山段,5013.00,非都市：風景區 ; 非都市編定：農牧用地
RPTNMLLLLHJFFAV66DA,常德段,94.16,都市：住
RPRNMLKLLHJFFBV98CA,萬年段,613.00,非都市：鄉村區 ; 非都市編定：乙種建築用地
RPSNMLSJMHJFFCV27CA,福原段,23.68,都市：住
RPSOMLRLLHJFFAV17CA,台東段,295.00,都市：住
RPTOMLRLLHJFFAV27CA,永和段,3384.16,非都市：一般農業區 ; 非都市編定：農牧用地
RPTOMLRLLHJFFAV27CA,永和段,6024.52,非都市：一般農業區 ; 非都市編定：農牧用地
RPTOMLKLLHJFFAV56CA,豐年段,18.50,都市：住
RPPNMLLLLHJFFAV78CA,利泰段,430.00,非都市：鄉村區 ; 非都市編定：乙種建築用地
RPPNMLKLLHJFFAV78DA,南王段,11.51,都市：住
RPQNMLLLLHJFFAV88CA,知本段,69.00,非都市：特定農業區 ; 非都市編定：農牧用地
RPPNMLOLLHJFFCV66CA,月野段,946.00,非都市：鄉村區 ; 非都市編定：乙種建築用地
RPPNMLLJMHJFFDV98CA,德其段,1312.90,都市：農
RPPNMLLJMHJFFDV98CA,德其段,823.44,都市：農
RPXOMLOLLHJFFAV37CA,東海段,22.69,都市：住
RPXOMLOLLHJFFAV37CA,東海段,1.46,都市：住
RPQNMLSLLHJFFAV96CA,興安段,69.05,都市：住
RPQNMLSLLHJFFAV96CA,興安段,27.62,都市：住
RPQNMLSLLHJFFAV96CA,興安段,27.62,都市：住
RPQNMLSLLHJFFAV96CA,興安段,13.81,都市：住
RPPNMLPLLHJFFCV76CA,萬安段水墜小段,7260.00,非都市：一般農業區 ; 非都市編定：農牧用地
RPQNMLNJMHJFFCV56CA,新興段,6912.76,非都市：特定農業區 ; 非都市編定：農牧用地
RPQNMLNJMHJFFCV56CA,新興段,964.52,非都市：特定農業區 ; 非都市編定：農牧用地
RPPNMLNLLHJFFCV66DA,中華段,20.46,都市：住
RPSNMLNJMHJFFCV76CA,大同段,189.56,都市：住
RPTNMLRLLHJFFBV27CA,長濱段,4887.00,非都市：風景區 ; 非都市編定：農牧用地
RPQNMLLLLHJFFCV56DA,龍田段,720.20,都市：住
RPQNMLLLLHJFFCV56DA,龍田段,46.97,都市：其他
RPQNMLKLLHJFFDV56DA,秀山段,7.50,都市：住
RPRNMLPKMHJFFAV76CA,南清段,32.40,都市：住
RPTOMLOLLHJFFAV07DA,建樂段,8.35,都市：住
RPTOMLOLLHJFFAV07DA,建樂段,.85,都市：住
RPQOMLKLLHJFFAV88CA,台東段,78.00,都市：住
RPWNMLLLLHJFFAV96DA,煙草間段,115.71,非都市：特定農業區 ; 非都市編定：甲種建築用地
RPWNMLLLLHJFFAV96DA,煙草間段,524.51,非都市：特定農業區 ; 非都市編定：農牧用地
RPQNMLPLLHJFFCV96DA,鹿寮段,368.64,非都市：山坡地保育區 ; 非都市編定：農牧用地
RPQNMLLLLHJFFDV56CA,大武段,3919.50,非都市：山坡地保育區 ; 非都市編定：農牧用地
RPQNMLLLLHJFFDV56CA,大武段,3919.50,非都市：山坡地保育區 ; 非都市編定：農牧用地
RPUNMLRLLHJFFDV57CA,秀山段,8.08,都市：商
RPUNMLRLLHJFFDV57CA,秀山段,.00,都市：商
RPVOMLLLLHJFFAV86CA,建康段,1346.92,都市：農
RPUNMLQLLHJFFAV17CA,煙草間段,119.76,非都市：特定農業區 ; 非都市編定：甲種建築用地
RPPNMLMLLHJFFAV88CA,馬蘭段,39.90,都市：住
RPWNMLQLLHJFFAV37CA,豐富段,2661.55,都市：農
RPWNMLQLLHJFFAV37CA,豐富段,28.12,都市：其他
RPWNMLKLLHJFFAV76CA,興航段,220.50,都市：住
RPUNMLRKMHJFFAV27CA,台東段,173.00,都市：商
RPUOMLOLLHJFFAV07CA,台東段,53.60,都市：住
RPPOMLLLLHJFFAV88CA,梧州段,757.21,都市：住
RPQNMLKLLHJFFBV88CA,都蘭段,987.00,非都市：風景區 ; 非都市編定：農牧用地
RPWOMLOLLHJFFAV27CA,台東段,281.00,都市：住
RPPNMLLLLHJFFBV98DA,三仙段,3782.55,非都市：鄉村區 ; 非都市編定：乙種建築用地
RPPNMLLLLHJFFBV98DA,三仙段,254.75,非都市：鄉村區 ; 非都市編定：交通用地
RPXNMLLJMHJFFAV86CA,南王段,24.53,都市：其他
RPXNMLLJMHJFFAV86CA,南王段,145.00,都市：住
RPXNMLLJMHJFFAV86CA,南王段,1.97,都市：其他
RPXNMLLJMHJFFAV86CA,南王段,39.61,都市：住
RPXNMLLJMHJFFAV86CA,南王段,67.54,都市：住
RPSNMLPLLHJFFAV86CA,台東段,3.00,都市：住
RPTNMLRLLHJFFAV17CA,新田段,104.45,非都市：鄉村區 ; 非都市編定：乙種建築用地
RPTNMLRLLHJFFAV17CA,新田段,104.44,非都市：鄉村區 ; 非都市編定：乙種建築用地
RPOPMLRLLHJFFAV86CA,馬蘭段,299.00,都市：住
RPVOMLOLLHJFFAV17CA,利家段,3000.00,非都市：特定農業區 ; 非都市編定：農牧用地
RPXNMLSLLHJFFAV67CA,台東段,99.00,都市：住
RPQNMLMLLHJFFAV98CA,馬蘭段,12.75,都市：住
RPPNMLQLLHJFFCV86CA,瑞豐段,1188.17,非都市：特定農業區 ; 非都市編定：農牧用地
RPPNMLQLLHJFFCV86CA,瑞豐段,493.31,非都市：特定農業區 ; 非都市編定：農牧用地
RPQNMLTJMHJFFBV07CA,長濱段,575.00,非都市：鄉村區 ; 非都市編定：乙種建築用地
RPRNMLRKMHJFFAV96CA,台東段,15.14,都市：住
SPRNMLRKMHJFFAV07CA,台東段,15.14,都市：住
RPPNMLOLLHJFFAV56DA,北南王段,119.24,都市：住
RPPNMLOLLHJFFAV56DA,北南王段,26.48,都市：住
RPQNMLSJMHJFFCV07CA,慶豐段,1.57,非都市：鄉村區 ; 非都市編定：乙種建築用地
RPQNMLSJMHJFFCV07CA,慶豐段,10.08,非都市：鄉村區 ; 非都市編定：乙種建築用地
RPQNMLSJMHJFFCV07CA,慶豐段,68.69,非都市：鄉村區 ; 非都市編定：乙種建築用地
RPQNMLSJMHJFFCV07CA,慶豐段,122.21,非都市：鄉村區 ; 非都市編定：乙種建築用地
RPQNMLSJMHJFFCV07CA,慶豐段,228.52,非都市：鄉村區 ; 非都市編定：乙種建築用地
RPQNMLSJMHJFFCV07CA,慶豐段,118.94,非都市：鄉村區 ; 非都市編定：乙種建築用地
RPRNMLLLLHJFFAV98CA,岩灣段,65.06,都市：住
RPRNMLLLLHJFFAV98CA,岩灣段,65.06,都市：住
RPXNMLLLLHJFFAV96CA,常德段,12.91,都市：住
RPPNMLQLLHJFFDV96CA,復興段,84.74,都市：住
RPQNMLLMLHJFFBV56DA,小湊段美山小段,1122.00,非都市：風景區 ; 非都市編定：農牧用地
RPQNMLLMLHJFFBV56DA,小湊段美山小段,151.00,非都市：風景區 ; 非都市編定：暫未編定
RPQNMLLMLHJFFBV56DA,小湊段美山小段,4400.00,非都市：風景區 ; 非都市編定：農牧用地
RPQNMLLMLHJFFBV56DA,小湊段美山小段,4880.00,非都市：風景區 ; 非都市編定：農牧用地
RPQNMLLMLHJFFBV56DA,小湊段美山小段,40930.00,非都市：風景區 ; 非都市編定：林業用地
RPQNMLLMLHJFFBV56DA,小湊段美山小段,1245.00,非都市：風景區 ; 非都市編定：農牧用地
RPQNMLLMLHJFFBV56DA,小湊段美山小段,588.00,非都市：風景區 ; 非都市編定：暫未編定
RPQNMLLMLHJFFBV56DA,小湊段美山小段,1095.00,非都市：風景區 ; 非都市編定：暫未編定
RPQNMLQLLHJFFDV07CA,介達段,5767.00,非都市：山坡地保育區 ; 非都市編定：林業用地
RPQNMLQLLHJFFDV07CA,介達段,13952.00,非都市：山坡地保育區 ; 非都市編定：林業用地
RPQNMLQLLHJFFDV07CA,介達段,22825.00,非都市：山坡地保育區 ; 非都市編定：農牧用地
RPOOMLLLLHJFFAV78CA,台東段,22.41,都市：住
RPTNMLQLLHJFFAV17DA,明峰段,2789.19,非都市：山坡地保育區 ; 非都市編定：農牧用地
RPPOMLOLLHJFFAV66DA,利家段,3285.00,非都市：山坡地保育區 ; 非都市編定：農牧用地
RPSNMLRLLHJFFAV07CA,常德段,102.94,都市：住
RPPNMLTLLHJFFBV17DA,成功段,1.06,都市：住
RPPNMLTLLHJFFBV17DA,成功段,5.92,都市：住
RPRNMLOLLHJFFBV76CA,大俱來段,2686.41,非都市：風景區 ; 非都市編定：農牧用地
RPRNMLLLMHJFFBV56CA,八仙洞段,141.31,非都市：鄉村區 ; 非都市編定：乙種建築用地
RPRNMLPLLHJFFAV76CA,東海段,141.67,都市：住
RPQNMLPLLHJFFAV66CA,豐航段,1291.83,都市：農
RPPNMLPLLHJFFAV56CA,豐航段,1289.58,都市：農
RPOOMLQLLHJFFAV66CA,建和段,531.03,非都市：特定農業區 ; 非都市編定：農牧用地
RPOOMLQLLHJFFAV66CA,建和段,3888.38,非都市：特定農業區 ; 非都市編定：農牧用地
RPOOMLQLLHJFFAV66CA,建和段,2217.71,非都市：特定農業區 ; 非都市編定：農牧用地
RPWNMLRLLHJFFAV47CA,南榮段,261.37,都市：住
RPWNMLRLLHJFFAV47CA,南榮段,261.37,都市：住
RPWNMLRLLHJFFAV47CA,南榮段,261.37,都市：住
RPWNMLRLLHJFFAV47CA,南榮段,261.37,都市：住
RPWNMLRLLHJFFAV47CA,南榮段,261.37,都市：住
RPWNMLRLLHJFFAV47CA,南榮段,261.37,都市：住
RPQNMLQLLHJFFAV76CA,豐榮段,105.00,都市：住
RPUOMLRLLHJFFAV37CA,台東段,120.00,都市：住
RPRNMLLJMHJFFAV88CA,下賓朗段,2291.86,非都市：一般農業區 ; 非都市編定：遊憩用地
RPRNMLLJMHJFFAV88CA,下賓朗段,15.00,非都市：一般農業區 ; 非都市編定：特定目的事業用地
RPRNMLLJMHJFFAV88CA,下賓朗段,193.19,非都市：一般農業區 ; 非都市編定：國土保安用地
RPRNMLLJMHJFFAV88CA,下賓朗段,2247.62,非都市：一般農業區 ; 非都市編定：遊憩用地
RPRNMLLJMHJFFAV88CA,下賓朗段,184.53,非都市：一般農業區 ; 非都市編定：國土保安用地
RPRNMLLJMHJFFAV88CA,下賓朗段,1367.53,非都市：一般農業區 ; 非都市編定：國土保安用地
RPRNMLLJMHJFFAV88CA,下賓朗段,137.14,非都市：一般農業區 ; 非都市編定：交通用地
RPRNMLLJMHJFFAV88CA,下賓朗段,614.24,非都市：一般農業區 ; 非都市編定：遊憩用地
RPRNMLLJMHJFFAV88CA,下賓朗段,139.53,非都市：一般農業區 ; 非都市編定：甲種建築用地
RPRNMLLJMHJFFAV88CA,下賓朗段,68.97,非都市：一般農業區 ; 非都市編定：國土保安用地
RPPOMLQLLHJFFAV76CA,知本段,2146.00,非都市：特定農業區 ; 非都市編定：農牧用地
RPTNMLPLLHJFFAV96CA,常德段,52.54,都市：住
RPTNMLPLLHJFFAV96CA,常德段,52.54,都市：住
RPSNMLLMLHJFFAV56CA,大業段,93.29,都市：住
RPVOMLRLLHJFFAV57DA,豐工段,1620.27,都市：工
RPQNMLLJMHJFFAV78CA,常德段,102.94,都市：住
RPPNMLLJMHJFFAV68CA,常德段,117.24,都市：住
RPQOMLSLLHJFFAV07CA,常德段,61.78,都市：住
RPUNMLRLLHJFFBV37CA,玉港段,2653.64,非都市：風景區 ; 非都市編定：農牧用地
RPUNMLRLLHJFFBV37CA,玉港段,1333.99,非都市：風景區 ; 非都市編定：農牧用地
RPRNMLLMLHJFFBV56CA,北佳里段,182.72,非都市：鄉村區 ; 非都市編定：乙種建築用地
RPRNMLLMLHJFFBV56CA,北佳里段,182.72,非都市：鄉村區 ; 非都市編定：乙種建築用地
RPRNMLRLLHJFFBV07CA,忠智段,29.71,都市：住
RPQNMLRLLHJFFBV96CA,真柄段,1280.00,非都市：風景區 ; 非都市編定：農牧用地
RPQNMLSKMHJFFBV07CA,南佳里段,3723.99,非都市：風景區 ; 非都市編定：農牧用地
RPSNMLSLLHJFFAV27DA,東興段,152.34,非都市：山坡地保育區 ; 非都市編定：丙種建築用地
RPPNMLRLLHJFFBV86CA,北佳里段,126.29,非都市：鄉村區 ; 非都市編定：乙種建築用地
RPPNMLLJMHJFFBV78CA,南佳里段,560.18,非都市：風景區 ; 非都市編定：丙種建築用地
RPSNMLSLLHJFFBV27CA,小湊段美山小段,737.00,非都市：風景區 ; 非都市編定：農牧用地
RPXNMLRLLHJFFAV57CA,利家段,2360.50,非都市：特定農業區 ; 非都市編定：農牧用地
RPXNMLRLLHJFFAV57CA,利家段,2360.50,非都市：特定農業區 ; 非都市編定：農牧用地
RPPNMLSKMHJFFBV96CA,萬年段,4184.00,非都市：風景區 ; 非都市編定：農牧用地
RPPNMLSLLHJFFCV07CA,大埔段,6830.58,都市：農
RPPNMLSLLHJFFCV07CA,大池段,223.57,非都市：特定農業區 ; 非都市編定：農牧用地
RPPNMLSLLHJFFCV07CA,大池段,139.46,非都市：特定農業區 ; 非都市編定：農牧用地
RPUNMLSLLHJFFAV37CA,建和段,275.49,非都市：特定農業區 ; 非都市編定：農牧用地
RPVNMLSLLHJFFAV47CA,豐成段,66.64,非都市：特定農業區 ; 非都市編定：農牧用地
RPVNMLSLLHJFFAV47CA,豐成段,1913.23,非都市：特定農業區 ; 非都市編定：農牧用地
RPOOMLLJMHJFFAV68CA,南清段,189.00,都市：住
RPRNMLRLLHJFFDV37DA,金灣段,3325.00,非都市：山坡地保育區 ; 非都市編定：農牧用地
RPQNMLQLLHJFFCV07DA,福原段,3.46,都市：住
RPQNMLQLLHJFFCV07DA,福原段,33.27,都市：住
RPUNMLQKMHJFFAV17CA,明峰段,2138.74,非都市：山坡地保育區 ; 非都市編定：農牧用地
RPUNMLQKMHJFFAV17CA,明峰段,2138.74,非都市：山坡地保育區 ; 非都市編定：農牧用地
RPPOMLSLLHJFFAV96CA,北南王段,88.18,都市：住
RPSNMLRLLHJFFDV47DA,金灣段,3325.00,非都市：山坡地保育區 ; 非都市編定：農牧用地
RPTNMLRLLHJFFDV57DA,森永段,180.00,非都市：鄉村區 ; 非都市編定：乙種建築用地
RPPNMLLMLHJFFCV56DA,海端段,11388.00,非都市：山坡地保育區 ; 非都市編定：農牧用地
RPPNMLLMLHJFFCV56DA,海端段,725.00,非都市：山坡地保育區 ; 非都市編定：農牧用地
RPRNMLNJMHJFFBV66DA,中濱段掃別小段,2142.00,非都市：風景區 ; 非都市編定：農牧用地
RPRNMLNJMHJFFBV66DA,中濱段掃別小段,1089.33,非都市：風景區 ; 非都市編定：農牧用地
RPRNMLNJMHJFFBV66DA,中濱段掃別小段,27.00,非都市：風景區 ; 非都市編定：交通用地
RPSNMLMLMHJFFBV86DA,烏心石段,1605.00,非都市：森林區 ; 非都市編定：農牧用地
RPRNMLOJMHJFFCV86DA,中華段,67.74,都市：住
RPSNMLNJMHJFFBV76DA,大俱來段,4774.97,非都市：風景區 ; 非都市編定：農牧用地
RPQNMLLMLHJFFAV98CA,豐年段,64.54,都市：住
RPTNMLNJMHJFFCV86CA,慶福段,608.88,都市：住
RPTNMLNJMHJFFCV86CA,福原段,105.80,都市：住
RPOOMLKKMHJFFAV68CA,新生段,149.00,都市：住
RPRNMLSLLHJFFAV07CA,台東段,200.00,都市：住
RPPNMLKKMHJFFCV88CA,里段,24.17,都市：商
RPPNMLKKMHJFFCV88CA,里段,7.43,都市：商
RPPNMLKKMHJFFCV88CA,里段,51.74,都市：商
RPROMLSLLHJFFAV27DA,台東段,131.00,都市：住
RPROMLSLLHJFFAV27DA,台東段,12.00,都市：住
RPVNMLMJMHJFFCV96CA,大原段,2532.00,非都市：特定農業區 ; 非都市編定：農牧用地
RPVNMLMJMHJFFCV96CA,大原段,1258.00,非都市：特定農業區 ; 非都市編定：農牧用地
RPVNMLMJMHJFFCV96CA,大原段,1222.00,非都市：特定農業區 ; 非都市編定：農牧用地
RPVNMLMJMHJFFCV96CA,大原段,1250.00,非都市：特定農業區 ; 非都市編定：農牧用地
RPVNMLMJMHJFFCV96CA,大原段,1195.00,非都市：特定農業區 ; 非都市編定：農牧用地
RPOOMLTJMHJFFBV96CA,和平南段,20435.91,非都市：風景區 ; 非都市編定：農牧用地
RPXNMLSJMHJFFAV67DA,鎮樂段,13467.00,非都市：山坡地保育區 ; 非都市編定：農牧用地
RPPNMLLMLHJFFAV98DA,富山段,7.81,非都市：風景區 ; 非都市編定：農牧用地
RPPNMLLMLHJFFAV98DA,富山段,56.15,非都市：風景區 ; 非都市編定：農牧用地
RPWNMLRJMHJFFAV37CA,自強段,24.48,都市：住
RPWNMLMJMHJFFAV86CA,新生段,13.65,都市：住
RPVNMLMJMHJFFAV76CA,台東段,112.00,都市：住
RPSNMLTJMHJFFAV17CA,台東段,185.71,都市：住
RPTNMLTJMHJFFAV27CA,豐年段,113.88,都市：住
RPRNMLTJMHJFFCV27CA,鹿野段,670.00,非都市：特定農業區 ; 非都市編定：農牧用地
RPRNMLTJMHJFFCV27CA,鹿野段,725.00,非都市：特定農業區 ; 非都市編定：農牧用地
RPRNMLTJMHJFFCV27CA,鹿野段,1180.00,非都市：特定農業區 ; 非都市編定：農牧用地
RPRNMLTJMHJFFCV27CA,鹿野段,1040.00,非都市：特定農業區 ; 非都市編定：農牧用地
RPRNMLTJMHJFFCV27CA,鹿野段,960.00,非都市：特定農業區 ; 非都市編定：農牧用地
RPRNMLTJMHJFFCV27CA,鹿寮段,1211.32,非都市：山坡地保育區 ; 非都市編定：農牧用地
RPQNMLOJMHJFFCV76DA,紅葉段,34290.00,非都市：山坡地保育區 ; 非都市編定：農牧用地
RPQNMLLJMHJFFDV56DA,森永段,965.00,非都市： ; 非都市編定：
RPRNMLSKMHJFFCV27CA,永安段,8764.00,非都市：特定農業區 ; 非都市編定：農牧用地
RPPNMLMJMHJFFBV98DA,北都歷段,120.97,非都市：鄉村區 ; 非都市編定：乙種建築用地
RPUNMLMJMHJFFCV96DA,萬福段,3402.35,非都市：特定農業區 ; 非都市編定：農牧用地
RPTNMLMJMHJFFCV86DA,慶福段,69.81,都市：住
RPPNMLMJMHJFFDV09CA,秀山段,9.65,都市：住
RPPNMLOJMHJFFCV66DA,康源段,6290.00,非都市：山坡地保育區 ; 非都市編定：農牧用地
RPUNMLTJMHJFFCV57CA,鹿野段,2590.50,非都市：一般農業區 ; 非都市編定：農牧用地
RPUNMLTJMHJFFCV57CA,鹿野段,2590.50,非都市：一般農業區 ; 非都市編定：農牧用地
RPTNMLTJMHJFFCV47CA,西莊段,202.65,非都市：特定農業區 ; 非都市編定：甲種建築用地
RPRNMLOLMHJFFAV76CA,馬蘭段,100.00,都市：住
RPTNMLTJMHJFFBV37CA,高台段,217.60,非都市：鄉村區 ; 非都市編定：乙種建築用地
RPSNMLNJMHJFFAV56CA,自強段,77.00,都市：住
RPPNMLNJMHJFFDV56CA,大武段,128.00,非都市：山坡地保育區 ; 非都市編定：丙種建築用地
RPPNMLNJMHJFFDV56CA,大武段,41.00,非都市：山坡地保育區 ; 非都市編定：丙種建築用地
RPPNMLNJMHJFFAV88CA,豐里段,3982.39,非都市：特定農業區 ; 非都市編定：農牧用地
RPPNMLOJMHJFFAV98CA,台東段,315.00,都市：住
RPVNMLNJMHJFFAV86CA,常德段,107.64,都市：住
RPVNMLOLMHJFFAV17CA,豐工段,4147.78,都市：工
RPVNMLOLMHJFFAV17CA,豐工段,2598.34,都市：工
RPVNMLOLMHJFFAV17CA,豐工段,1554.21,都市：工
RPQNMLLLMHJFFDV66CA,秀山段,7.72,都市：商
RPWNMLNJMHJFFAV96CA,常德段,102.94,都市：住
RPOOMLNJMHJFFAV88CA,常德段,102.94,都市：住
RPSNMLMLMHJFFAV66CA,中正段,111.00,都市：住
RPRNMLMLMHJFFAV56CA,建業段,168.00,都市：住
RPWNMLLKMHJFFAV86CA,台東段,110.00,都市：住
RPPNMLPKMHJFFBV66CA,高原段,2071.00,非都市：森林區 ; 非都市編定：農牧用地
RPUNMLLKMHJFFAV66CA,岩灣段,154.56,都市：住
RPTNMLMLMHJFFBV96DA,忠仁段,69.23,都市：住
RPPNMLLKMHJFFAV78CA,馬蘭段,151.00,都市：住
RPSOMLLKMHJFFAV56CA,豐成段,2611.09,非都市：特定農業區 ; 非都市編定：農牧用地
RPPNMLRJMHJFFAV66CA,建康段,2500.00,非都市：特定農業區 ; 非都市編定：農牧用地
RPPNMLRJMHJFFAV66CA,建康段,2853.41,非都市：特定農業區 ; 非都市編定：農牧用地
RPQOMLNJMHJFFAV09CA,常德段,108.48,都市：住
RPROMLNJMHJFFAV56CA,常德段,109.31,都市：住
RPOOMLMLMHJFFAV98CA,永和段,715.24,都市：住
RPOOMLMLMHJFFAV98CA,永和段,362.40,都市：住
RPPNMLSJMHJFFAV76CA,豐年段,5.50,都市：住
RPUNMLLLMHJFFAV76CA,豐康段,9.85,都市：住
RPUNMLLLMHJFFAV76CA,豐康段,9.85,都市：住
RPUNMLLLMHJFFAV76CA,豐康段,3.74,都市：住
RPUNMLLLMHJFFAV76CA,豐康段,3.74,都市：住
RPXNMLTJMHJFFBV77CA,大馬段,4001.00,非都市：風景區 ; 非都市編定：農牧用地
RPRNMLNJMHJFFAV09CA,青林段,2770.02,非都市：山坡地保育區 ; 非都市編定：農牧用地
RPRNMLNJMHJFFAV09CA,青林段,2388.66,非都市：山坡地保育區 ; 非都市編定：農牧用地
RPVNMLTJMHJFFBV57CA,新竹湖段,2924.72,非都市：風景區 ; 非都市編定：農牧用地
RPQOMLTJMHJFFBV17CA,中濱段掃別小段,660.00,非都市：鄉村區 ; 非都市編定：乙種建築用地
RPROMLRJMHJFFAV96CA,豐年段,18.00,都市：住
RPPOMLRJMHJFFAV76CA,豐年段,23.75,都市：住
RPVOMLRJMHJFFAV37CA,台東段,3.64,都市：住
RPUOMLRJMHJFFAV37DA,台東段,37.75,都市：住
RPUNMLTJMHJFFBV47CA,忠仁段,229.22,都市：住
RPSOMLRJMHJFFAV07CA,馬蘭段,118.00,都市：住
RPPNMLRJMHJFFBV76CA,北八里段,4443.21,非都市：風景區 ; 非都市編定：農牧用地
RPPNMLRJMHJFFBV76CA,北八里段,5032.24,非都市：風景區 ; 非都市編定：農牧用地
RPPNMLRJMHJFFBV76CA,北八里段,688.46,非都市：風景區 ; 非都市編定：農牧用地
RPPNMLNJMHJFFBV09DA,坪頂段,5159.59,非都市：風景區 ; 非都市編定：農牧用地
RPPNMLTJMHJFFBV07DA,真柄段,3414.00,非都市：風景區 ; 非都市編定：農牧用地
RPXNMLMLMHJFFAV17CA,東海段,101.01,都市：住
RPOOMLMJMHJFFAV78CA,自強段,101.00,都市：住
RPQNMLRJMHJFFCV07DA,大原段,1056.00,非都市：特定農業區 ; 非都市編定：農牧用地
RPQNMLRJMHJFFCV07DA,大原段,1220.00,非都市：特定農業區 ; 非都市編定：農牧用地
RPQNMLRJMHJFFCV07DA,大原段,679.00,非都市：特定農業區 ; 非都市編定：農牧用地
RPVOMLNJMHJFFAV07DA,馬蘭段,168.00,都市：住
RPPNMLRJMHJFFCV86CA,中華東段,9359.26,非都市：一般農業區 ; 非都市編定：農牧用地
RPQNMLLKMHJFFAV88CA,利泰段,2774.60,非都市：特定農業區 ; 非都市編定：農牧用地
RPOOMLRJMHJFFAV66CA,豐川段,1737.18,非都市：特定農業區 ; 非都市編定：農牧用地
RPRNMLLKMHJFFAV98CA,富岡段,128.34,非都市：鄉村區 ; 非都市編定：乙種建築用地
RPSNMLLKMHJFFAV09CA,豐年段,5.50,都市：住
RPWOMLRJMHJFFAV47CA,南王段,132.15,都市：住
RPROMLSJMHJFFAV17DA,新園段,4000.00,非都市：特定農業區 ; 非都市編定：農牧用地
RPQNMLTJMHJFFAV96CA,台東段,36.00,都市：住
RPQNMLTJMHJFFAV96CA,台東段,63.00,都市：住
RPTNMLMLMHJFFAV76CA,東海段,37.73,都市：住
RPTOMLLKMHJFFAV66CA,永和段,189.04,都市：住
RPTOMLLKMHJFFAV66CA,永和段,60.95,都市：其他
RPROMLTJMHJFFAV17CA,光明段,105.00,都市：住
RPXNMLOKMHJFFAV27CA,台東段,63.00,都市：住
RPRNMLTJMHJFFAV07CA,台東段,10.59,都市：住
RPSNMLTJMHJFFBV27CA,新竹湖段,667.07,非都市：風景區 ; 非都市編定：農牧用地
RPSNMLTJMHJFFBV27CA,新竹湖段,450.64,非都市：風景區 ; 非都市編定：農牧用地
RPWNMLTJMHJFFBV67CA,長濱段,9137.00,非都市：風景區 ; 非都市編定：農牧用地
RPPNMLQLMHJFFAV76CA,馬蘭段,84.00,都市：住
RPQNMLQLMHJFFAV86CA,馬蘭段,87.00,都市：住
RPPNMLSJMHJFFCV96CA,慶福段,7.43,都市：住
RPTNMLSJMHJFFAV17CA,豐川段,366.66,非都市：特定農業區 ; 非都市編定：農牧用地
RPUNMLSJMHJFFAV27CA,公東段,525.74,都市：住
RPPOMLSJMHJFFAV86CA,利泰段,2566.55,非都市：一般農業區 ; 非都市編定：農牧用地
RPQOMLSJMHJFFAV96CA,豐里段,4874.67,非都市：特定農業區 ; 非都市編定：農牧用地
RPPNMLSKMHJFFCV07CA,大原段,9168.00,非都市：山坡地保育區 ; 非都市編定：農牧用地
RPQNMLSJMHJFFAV86CA,常德段,112.44,都市：住
RPRNMLSJMHJFFAV96CA,豐年段,15.00,都市：住
RPPOMLTJMHJFFBV07CA,忠智段,596.50,都市：住
RPROMLTJMHJFFBV27CA,忠智段,240.34,都市：住
RPROMLTJMHJFFBV27CA,忠智段,117.99,都市：住
RPPNMLTJMHJFFCV07CA,鹿野段,1743.00,非都市：特定農業區 ; 非都市編定：農牧用地
RPPNMLTJMHJFFCV07CA,鹿野段,1796.00,非都市：特定農業區 ; 非都市編定：農牧用地
RPQNMLSLMHJFFBV17CA,新竹湖段,5188.86,非都市：風景區 ; 非都市編定：農牧用地
RPXNMLTJMHJFFAV77DA,建華段,3270.56,都市：農
RPQNMLKKMHJFFAV78CA,台東段,25.00,都市：其他
RPPNMLTJMHJFFDV17CA,金崙段,5320.00,非都市：山坡地保育區 ; 非都市編定：農牧用地
RPPNMLLKMHJFFDV09CA,華源段,7890.00,非都市：山坡地保育區 ; 非都市編定：農牧用地
RPQNMLOKMHJFFBV76DA,忠仁段,100.09,都市：住
RPPNMLPKMHJFFDV86CA,秀山段,6.53,都市：住
RPPOMLTJMHJFFAV07DA,中山段,77.00,都市：住
RPPNMLPKMHJFFAV56CA,豐工段,1304.34,都市：工
RPPNMLPKMHJFFAV56CA,豐工段,3880.98,都市：工
RPPNMLOLMHJFFBV66CA,三仙段,2024.91,非都市：風景區 ; 非都市編定：農牧用地
RPPOMLSLMHJFFAV07CA,煙草間段,46.56,非都市：特定農業區 ; 非都市編定：甲種建築用地
RPPOMLSLMHJFFAV07CA,煙草間段,46.56,非都市：特定農業區 ; 非都市編定：甲種建築用地
RPVNMLTJMHJFFAV47CA,德安段,48.72,都市：住
RPVNMLTJMHJFFAV47CA,德安段,4.34,都市：住
RPVNMLTJMHJFFAV47CA,德安段,36.66,都市：住
RPXNMLPLMHJFFAV47CA,岩灣段,54.00,都市：住
RPUOMLMLMHJFFAV96CA,興安段,335.00,都市：住
RPUOMLMLMHJFFAV96CA,興安段,335.00,都市：住
RPVNMLMLMHJFFAV96CA,南榮段,2487.46,都市：農
RPRNMLKKMHJFFCV56DA,慶福段,165.21,都市：住
RPQNMLSKMHJFFCV17CA,鹿野段,1052.00,非都市：特定農業區 ; 非都市編定：農牧用地
RPQNMLSKMHJFFCV17CA,鹿野段,1364.00,非都市：特定農業區 ; 非都市編定：農牧用地
RPQNMLSKMHJFFCV17CA,鹿野段,1424.00,非都市：特定農業區 ; 非都市編定：農牧用地
RPQNMLSJNHJFFCV27DA,牧野段,2135.22,非都市：特定農業區 ; 非都市編定：農牧用地
RPSNMLPLMHJFFBV17DA,新都威段,1559.55,非都市：風景區 ; 非都市編定：農牧用地
RPWNMLKKMHJFFAV76CA,岩灣段,120.89,都市：住
RPPNMLLLMHJFFBV98CA,北佳里段,3071.51,非都市：風景區 ; 非都市編定：農牧用地
RPPNMLLKMHJFFCV09DA,豐泉段,128.96,都市：住
RPXNMLKKMHJFFAV86CA,馬蘭段,93.00,都市：住
RPPNMLOKMHJFFBV56CA,萬年段,78.00,非都市：鄉村區 ; 非都市編定：乙種建築用地
RPQNMLOKMHJFFDV96DA,森永段,950.00,非都市：山坡地保育區 ; 非都市編定：農牧用地
RPPNMLRKMHJFFAV86DA,明峰段,4140.00,非都市：山坡地保育區 ; 非都市編定：農牧用地
RPPNMLRKMHJFFAV86DA,明峰段,2772.00,非都市：山坡地保育區 ; 非都市編定：農牧用地
RPVOMLKKMHJFFAV76CA,南王段,99.62,都市：住
RPRNMLQJNHJFFCV17DA,慶豐段,6930.00,非都市：特定農業區 ; 非都市編定：農牧用地
RPQNMLPKMHJFFDV07DA,秀山段,10.39,都市：其他
RPQNMLPKMHJFFDV07DA,秀山段,.00,都市：其他
RPQNMLMLMHJFFBV56CA,小湊段美山小段,4110.00,非都市：風景區 ; 非都市編定：農牧用地
RPRNMLMLMHJFFBV66CA,都豐段,888.49,非都市：風景區 ; 非都市編定：農牧用地
RPRNMLMLMHJFFBV66CA,都豐段,1254.47,非都市： ; 非都市編定：
RPRNMLMLMHJFFBV66CA,都豐段,336.02,非都市： ; 非都市編定：
RPPNMLKMMHJFFBV09DA,南都歷段,265.05,非都市：風景區 ; 非都市編定：農牧用地
RPPNMLKMMHJFFBV09DA,南都歷段,95.52,非都市：風景區 ; 非都市編定：農牧用地
RPRNMLOKMHJFFBV86DA,黃金橋段,126.03,非都市：鄉村區 ; 非都市編定：乙種建築用地
RPWNMLRKMHJFFAV47CA,興安段,187.07,都市：住
RPQNMLPKMHJFFAV66CA,豐工段,4733.85,都市：工
RPQNMLPKMHJFFAV66CA,豐工段,1242.63,都市：工
RPQNMLPKMHJFFAV66CA,豐工段,1500.03,都市：工
RPTNMLOKMHJFFAV86CA,知本段,150.00,非都市：特定農業區 ; 非都市編定：農牧用地
RPWNMLOKMHJFFAV17CA,富山段,10075.07,非都市：風景區 ; 非都市編定：農牧用地
RPOOMLOKMHJFFAV09CA,岩灣段,603.48,都市：商
RPSNMLPKMHJFFAV86CA,南王段,19.61,都市：住
RPTNMLPKMHJFFAV96CA,富岡南段,1539.79,非都市：風景區 ; 非都市編定：農牧用地
RPPQMLPJNHJFFAV86CA,豐田段,4189.00,都市：其他
RPUNMLOKMHJFFAV96CA,馬蘭段,11.54,都市：住
RPPNMLOKMHJFFAV09CA,豐富段,78.96,都市：住
RPPNMLOKMHJFFAV09CA,豐富段,23.07,都市：住
RPRPMLPJNHJFFAV96CA,豐田段,3009.00,都市：其他
RPPPMLPJNHJFFAV76CA,豐田段,1966.00,都市：其他
RPTPMLPJNHJFFAV17CA,豐田段,2560.00,都市：住
RPTPMLPJNHJFFAV17CA,豐田段,1076.00,都市：其他
RPTPMLPJNHJFFAV17CA,豐田段,184.00,都市：其他
RPTNMLPKMHJFFBV07CA,中濱段掃別小段,5401.00,非都市：風景區 ; 非都市編定：農牧用地
RPSNMLPKMHJFFBV96CA,中濱段掃別小段,655.00,非都市：風景區 ; 非都市編定：農牧用地
RPPNMLRKMHJFFCV96CA,月野段,2627.00,非都市：特定農業區 ; 非都市編定：農牧用地
RPPNMLRKMHJFFCV96CA,月野段,185.33,非都市：特定農業區 ; 非都市編定：農牧用地
RPPOMLMLMHJFFAV09CA,永和段,1584.38,都市：住
RPPOMLMLMHJFFAV09CA,永和段,1101.73,都市：住
RPPOMLMLMHJFFAV09CA,永和段,596.52,都市：住
RPPOMLMLMHJFFAV09CA,永和段,607.59,都市：住
RPPOMLMLMHJFFAV09CA,永和段,605.66,都市：住
RPPOMLMLMHJFFAV09CA,永和段,608.77,都市：住
RPPOMLMLMHJFFAV09CA,永和段,453.29,都市：住
RPPOMLMLMHJFFAV09CA,永和段,453.10,都市：住
RPPOMLMLMHJFFAV09CA,永和段,453.48,都市：住
RPPOMLMLMHJFFAV09CA,永和段,453.30,都市：住
RPUNMLMLMHJFFAV86CA,普優瑪段,3.72,都市：住
RPUNMLMLMHJFFAV86CA,普優瑪段,10.22,都市：住
RPUNMLMLMHJFFAV86CA,普優瑪段,62.46,都市：住
RPVNMLPLMHJFFAV27CA,岩灣段,167.20,都市：住
RPPNMLKLMHJFFAV78CA,知本段,2160.00,非都市：特定農業區 ; 非都市編定：農牧用地
RPTNMLOKMHJFFBV96CA,中濱段掃別小段,3250.00,非都市：風景區 ; 非都市編定：農牧用地
RPUNMLOKMHJFFBV07CA,中濱段掃別小段,2880.00,非都市：風景區 ; 非都市編定：農牧用地
RPUNMLOKMHJFFBV07CA,中濱段掃別小段,12140.00,非都市：風景區 ; 非都市編定：農牧用地
RPUNMLPKMHJFFAV07CA,豐年段,20.14,都市：住
RPVNMLPKMHJFFAV17CA,大業段,182.96,都市：住
RPVNMLPKMHJFFAV17CA,常德段,15.68,都市：住
RPXNMLPKMHJFFAV37CA,大業段,506.65,都市：住
RPWNMLPKMHJFFAV27CA,大業段,123.03,都市：其他
RPRNMLSKMHJFFBV17CA,都蘭段,1536.00,非都市：風景區 ; 非都市編定：農牧用地
RPSNMLRJNHJFFAV07CA,順天段,44.91,都市：住
RPUOMLPKMHJFFAV17CA,青林段,2060.15,非都市：山坡地保育區 ; 非都市編定：農牧用地
RPSOMLPKMHJFFAV96CA,興安段,184.39,都市：住
RPWOMLPKMHJFFAV37CA,建興段,2758.00,非都市：一般農業區 ; 非都市編定：農牧用地
RPTOMLPKMHJFFAV07CA,豐嘉段,500.00,非都市： ; 非都市編定：
RPVOMLPKMHJFFAV27CA,興航段,220.42,都市：住
RPVPMLPJNHJFFAV37CA,豐田段,5807.00,都市：其他
RPTQMLPJNHJFFAV27CA,豐田段,1818.00,都市：其他
RPWNMLPJNHJFFAV27CA,富岡南段,43.41,非都市：鄉村區 ; 非都市編定：乙種建築用地
RPPNMLOKMHJFFDV76CA,秀山段,2729.80,非都市：一般農業區 ; 非都市編定：農牧用地
RPPNMLQKMHJFFAV76DA,中正段,123.00,都市：住
RPTNMLQKMHJFFAV07CA,新生段,11.41,都市：住
RPRNMLQKMHJFFAV86CA,常德段,106.80,都市：住
RPOOMLQKMHJFFAV66CA,建康段,25.96,都市：住
RPOOMLQKMHJFFAV66CA,建康段,159.90,都市：住
RPQNMLQKMHJFFAV76CA,常德段,105.97,都市：住
RPVNMLQKMHJFFAV27CA,東海段,80.84,都市：住
RPSNMLMLMHJFFCV86CA,大埔段,492.48,都市：住
RPSNMLMLMHJFFCV86CA,大埔段,23.45,都市：住
RPSNMLMLMHJFFCV86CA,大埔段,72.54,都市：住
RPPNMLSKMHJFFAV96DA,東海段,22.69,都市：住
RPPNMLSKMHJFFAV96DA,東海段,1.46,都市：住
RPPNMLLLMHJFFDV56CA,介達段,6596.00,非都市：山坡地保育區 ; 非都市編定：林業用地
RPROMLMLMHJFFAV66CA,鎮樂段,6699.00,非都市：山坡地保育區 ; 非都市編定：農牧用地
RPPNMLQJNHJFFCV96DA,慶豐段,17081.51,非都市：特定農業區 ; 非都市編定：農牧用地
RPSNMLSKMHJFFAV17CA,新生段,122.00,都市：住
RPXNMLRKMHJFFAV67DA,大豐段,602.70,非都市：特定農業區 ; 非都市編定：甲種建築用地
RPQNMLRKMHJFFCV17DA,大原段,1369.00,非都市：特定農業區 ; 非都市編定：農牧用地
RPQNMLRKMHJFFCV17DA,大原段,956.00,非都市：特定農業區 ; 非都市編定：農牧用地
RPQNMLRKMHJFFCV17DA,大原段,1150.00,非都市：特定農業區 ; 非都市編定：農牧用地
RPPNMLMLMHJFFCV66DA,慶福段,40.15,都市：住
RPQNMLRKMHJFFBV96CA,南八里段,2500.89,非都市：風景區 ; 非都市編定：農牧用地
RPQNMLRKMHJFFBV96CA,南八里段,2754.92,非都市：風景區 ; 非都市編定：農牧用地
RPQNMLRKMHJFFBV96CA,南八里段,49.11,非都市：風景區 ; 非都市編定：農牧用地
RPPNMLNLMHJFFCV76DA,南山段,122.12,都市：住
RPRNMLNLMHJFFCV96DA,南山段,116.67,都市：住
RPQNMLRKMHJFFAV86CA,興安段,132.49,都市：住
RPPOMLQKMHJFFAV76CA,常德段,55.25,都市：住
RPPOMLQKMHJFFAV76CA,常德段,55.25,都市：住
RPSNMLNLMHJFFCV07DA,南山段,113.90,都市：住
RPPNMLMLMHJFFDV76DA,泰和段,140.00,非都市：山坡地保育區 ; 非都市編定：交通用地
RPQNMLSKMHJFFAV96CA,利泰段,904.17,非都市：特定農業區 ; 非都市編定：農牧用地
RPQNMLSKMHJFFAV96CA,利泰段,1705.51,非都市：特定農業區 ; 非都市編定：農牧用地
RPQNMLSKMHJFFAV96CA,利泰段,603.37,非都市：特定農業區 ; 非都市編定：農牧用地
RPPNMLMLMHJFFBV09CA,北都歷段,3153.80,非都市：風景區 ; 非都市編定：農牧用地
RPRNMLSKMHJFFAV07CA,利家段,3167.00,非都市：特定農業區 ; 非都市編定：農牧用地
RPPOMLRJNHJFFAV86CA,明峰段,1250.13,非都市：山坡地保育區 ; 非都市編定：農牧用地
RPPOMLRJNHJFFAV86CA,明峰段,3036.30,非都市：山坡地保育區 ; 非都市編定：農牧用地
RPPNMLSLMHJFFAV96CA,新生段,1694.00,都市：農
RPPNMLOLMHJFFCV76CA,南山段,84.20,都市：住
RPPNMLOLMHJFFCV76CA,南山段,84.20,都市：住
RPPNMLOLMHJFFCV76CA,南山段,34.88,都市：住
RPPNMLOLMHJFFCV76CA,南山段,34.88,都市：住
RPTOMLMLMHJFFAV86CA,台東段,135.00,都市：住
RPQOMLMLMHJFFAV56CA,馬蘭段,92.00,都市：住
RPPNMLMJNHJFFBV98CA,北八里段,7089.32,非都市：風景區 ; 非都市編定：農牧用地
RPPNMLMJNHJFFBV98CA,北八里段,431.27,非都市：風景區 ; 非都市編定：農牧用地
RPPNMLNLMHJFFBV56CA,玉港段,3135.46,非都市：風景區 ; 非都市編定：農牧用地
RPQNMLLLMHJFFBV09CA,玉港段,125.29,非都市：鄉村區 ; 非都市編定：乙種建築用地
RPPNMLPKNHJFFDV07DA,金富段,115.82,非都市：鄉村區 ; 非都市編定：乙種建築用地
RPVNMLMKNHJFFAV96CA,豐年段,79.58,都市：住
RPVNMLMKNHJFFAV96CA,豐年段,1.32,都市：其他
RPVNMLNLMHJFFAV07CA,建康段,402.96,都市：農
RPVNMLNLMHJFFAV07CA,建康段,549.75,都市：農
RPQNMLLLMHJFFAV98CA,新生段,13.15,都市：住
RPVOMLMLMHJFFAV17DA,明峰段,2773.00,非都市：山坡地保育區 ; 非都市編定：農牧用地
RPTNMLLLMHJFFAV66CA,台東段,83.00,都市：商
RPWOMLMLMHJFFAV27DA,明峰段,5393.56,非都市：山坡地保育區 ; 非都市編定：農牧用地
RPTNMLNKNHJFFCV07CA,南山段,54.65,都市：住
RPTNMLNKNHJFFCV07CA,南山段,148.95,都市：住
RPUOMLNLMHJFFAV07CA,知本段,2575.00,非都市：特定農業區 ; 非都市編定：農牧用地
RPQOMLNLMHJFFAV66CA,台東段,12.68,都市：住
RPRNMLNLMHJFFAV76DA,旭川段,390.55,非都市：特定農業區 ; 非都市編定：農牧用地
RPSOMLNLMHJFFAV86CA,台東段,50.25,都市：住
RPROMLNLMHJFFAV76CA,台東段,67.00,都市：住
RPQNMLMLMHJFFAV56DA,馬蘭段,23.50,都市：住
RPXOMLNLMHJFFAV37CA,台東段,3.12,都市：住
RPOOMLNLMHJFFAV09CA,常德段,801.52,都市：住
RPPNMLRLMHJFFCV17DA,大原段,342.75,非都市：特定農業區 ; 非都市編定：農牧用地
RPPNMLRLMHJFFCV17DA,大原段,355.75,非都市：特定農業區 ; 非都市編定：農牧用地
RPPNMLRLMHJFFCV17DA,大原段,264.00,非都市：特定農業區 ; 非都市編定：農牧用地
RPPNMLRLMHJFFCV17DA,大原段,369.50,非都市：特定農業區 ; 非都市編定：農牧用地
RPPNMLRLMHJFFCV17DA,大原段,369.50,非都市：特定農業區 ; 非都市編定：農牧用地
RPPNMLRLMHJFFCV17DA,大原段,379.75,非都市：特定農業區 ; 非都市編定：農牧用地
RPPNMLRLMHJFFCV17DA,大原段,352.50,非都市：特定農業區 ; 非都市編定：農牧用地
RPPNMLRLMHJFFCV17DA,大原段,365.25,非都市：特定農業區 ; 非都市編定：農牧用地
RPPNMLRLMHJFFCV17DA,大原段,275.75,非都市：特定農業區 ; 非都市編定：農牧用地
RPPNMLTLMHJFFDV47DA,秀山段,10.39,都市：商
RPPNMLTLMHJFFDV47DA,秀山段,.00,都市：商
RPRNMLLLMHJFFDV76CA,金崙段,2500.00,非都市：山坡地保育區 ; 非都市編定：農牧用地
RPPNMLPLMHJFFCV07EA,海端段,198.00,非都市：山坡地保育區 ; 非都市編定：農牧用地
RPQNMLLLNHJFFCV66CA,龍田段,207.15,都市：住
RPSNMLOLMHJFFAV86CA,豐年段,5.50,都市：住
RPWNMLOLMHJFFAV27CA,岩灣段,78.74,都市：住
RPOOMLOLMHJFFAV56CA,台東段,8.00,都市：住
RPOOMLOLMHJFFAV56CA,台東段,108.00,都市：住
RPPNMLNKNHJFFBV56CA,高原段,18.00,非都市：鄉村區 ; 非都市編定：乙種建築用地
RPPNMLNKNHJFFBV56CA,高原段,68.00,非都市：鄉村區 ; 非都市編定：乙種建築用地
RPPNMLNKNHJFFBV56CA,高原段,3.00,非都市：鄉村區 ; 非都市編定：乙種建築用地
RPPNMLMKNHJFFBV09CA,北佳里段,2500.00,非都市：風景區 ; 非都市編定：農牧用地
RPXNMLNLMHJFFAV27CA,德安段,460.80,都市：住
RPXNMLNLMHJFFAV27CA,德安段,62.77,都市：其他
RPUNMLPLMHJFFAV17CA,豐年段,18.50,都市：住
RPQNMLPLMHJFFAV76CA,馬蘭段,72.69,都市：住
RPSNMLNLMHJFFAV76CA,新生段,10.42,都市：住
RPRNMLPLMHJFFCV17DA,鹿野段,1841.00,非都市：特定農業區 ; 非都市編定：農牧用地
RPRNMLPLMHJFFCV17DA,鹿野段,1401.00,非都市：特定農業區 ; 非都市編定：農牧用地
RPRNMLPLMHJFFCV17DA,鹿野段,1445.00,非都市：特定農業區 ; 非都市編定：農牧用地
RPRNMLPLMHJFFCV17DA,鹿野段,1255.00,非都市：特定農業區 ; 非都市編定：農牧用地
RPSNMLPLMHJFFCV27DA,萬福段,5184.39,非都市：特定農業區 ; 非都市編定：農牧用地
RPPOMLNLMHJFFAV56CA,光明段,125.00,都市：住
RPPNMLOLMHJFFDV96DA,森永段,1020.00,非都市：山坡地保育區 ; 非都市編定：農牧用地
RPUNMLNLMHJFFAV07DA,台東段,141.00,都市：住
RPUNMLOLMHJFFAV07CA,光明段,127.00,都市：住
RPRNMLQLMHJFFAV96CA,台東段,17.37,都市：住
RPPNMLOKNHJFFDV86CA,秀山段,10.39,都市：住
RPPNMLOKNHJFFDV86CA,秀山段,.00,都市：住
RPRNMLTLMHJFFCV47CA,大原段,1138.00,非都市：特定農業區 ; 非都市編定：農牧用地
RPRNMLTLMHJFFCV47CA,大原段,1137.00,非都市：特定農業區 ; 非都市編定：農牧用地
RPRNMLTLMHJFFCV47CA,大原段,1164.00,非都市：特定農業區 ; 非都市編定：農牧用地
RPRNMLTLMHJFFCV47CA,大原段,1175.00,非都市：特定農業區 ; 非都市編定：農牧用地
RPQNMLSLMHJFFCV27CA,高台段,1083.53,非都市：山坡地保育區 ; 非都市編定：農牧用地
RPQNMLSLMHJFFCV27CA,高台段,1083.53,非都市：山坡地保育區 ; 非都市編定：農牧用地
RPQNMLSLMHJFFCV27CA,高台段,1083.53,非都市：山坡地保育區 ; 非都市編定：農牧用地
RPQNMLSLMHJFFCV27CA,高台段,1066.67,非都市：山坡地保育區 ; 非都市編定：農牧用地
RPQNMLSLMHJFFCV27CA,高台段,1066.67,非都市：山坡地保育區 ; 非都市編定：農牧用地
RPQNMLSLMHJFFCV27CA,高台段,1066.67,非都市：山坡地保育區 ; 非都市編定：農牧用地
RPQNMLSLMHJFFCV27CA,高台段,1083.53,非都市：山坡地保育區 ; 非都市編定：農牧用地
RPQNMLSLMHJFFCV27CA,高台段,1083.53,非都市：山坡地保育區 ; 非都市編定：農牧用地
RPQNMLSLMHJFFCV27CA,高台段,1083.53,非都市：山坡地保育區 ; 非都市編定：農牧用地
RPSNMLOLMHJFFBV96CA,長濱段,4054.00,非都市：風景區 ; 非都市編定：農牧用地
RPRNMLSLMHJFFDV47CA,金富段,67.07,非都市：鄉村區 ; 非都市編定：乙種建築用地
RPSNMLOKNHJFFAV96DA,馬蘭段,47.31,都市：住
RPPNMLOKNHJFFCV76CA,鹿寮段,10.54,非都市：鄉村區 ; 非都市編定：交通用地
RPPNMLOKNHJFFCV76CA,鹿寮段,80.29,非都市：鄉村區 ; 非都市編定：乙種建築用地
RPRNMLMJNHJFFAV09CA,泰安段,101.97,非都市：鄉村區 ; 非都市編定：乙種建築用地
RPWNMLSLMHJFFDV97CA,秀山段,153.28,都市：其他
RPQNMLOLMHJFFDV96CA,金星段,4285.00,非都市：山坡地保育區 ; 非都市編定：農牧用地
RPPNMLPLMHJFFBV76CA,南佳里段,560.18,非都市：風景區 ; 非都市編定：丙種建築用地
RPQNMLMJNHJFFBV09CA,北八里段,5724.09,非都市：風景區 ; 非都市編定：農牧用地
RPPNMLTLMHJFFBV17CA,南八里段,119.21,非都市：鄉村區 ; 非都市編定：乙種建築用地
RPQNMLSLMHJFFDV37CA,荖花段,152.84,非都市：鄉村區 ; 非都市編定：乙種建築用地
RPQNMLSLMHJFFDV37CA,荖花段,486.18,非都市：鄉村區 ; 非都市編定：乙種建築用地
RPQNMLSLMHJFFDV37CA,荖花段,2.51,非都市：鄉村區 ; 非都市編定：乙種建築用地
RPUNMLSLMHJFFDV77CA,秀山段,10.39,都市：住
RPUNMLSLMHJFFDV77CA,秀山段,.00,都市：住
RPPNMLSLMHJFFBV07CA,三民段,93.32,都市：住
RPRNMLPLMHJFFBV96CA,北八里段,2968.67,非都市：風景區 ; 非都市編定：農牧用地
RPRNMLPLMHJFFBV96CA,北八里段,3117.10,非都市：風景區 ; 非都市編定：農牧用地
RPRNMLPLMHJFFBV96CA,北八里段,2500.12,非都市：風景區 ; 非都市編定：農牧用地
RPRNMLPLMHJFFBV96CA,北八里段,185.96,非都市：風景區 ; 非都市編定：農牧用地
RPRNMLPLMHJFFBV96CA,北八里段,510.43,非都市：風景區 ; 非都市編定：農牧用地
RPRNMLPLMHJFFBV96CA,北八里段,761.94,非都市：風景區 ; 非都市編定：農牧用地
RPRNMLPLMHJFFBV96CA,北八里段,631.01,非都市：風景區 ; 非都市編定：農牧用地
RPQNMLRLMHJFFAV96CA,建和段,2715.58,非都市：山坡地保育區 ; 非都市編定：農牧用地
RPPNMLMLNHJFFAV09CA,豐康段,24.14,都市：其他
RPPNMLMLNHJFFAV09CA,豐康段,162.51,都市：住
RPPNMLMLNHJFFAV09CA,豐康段,23.68,都市：其他
RPPNMLMLNHJFFAV09CA,豐康段,282.38,都市：住
RPPNMLMLNHJFFAV09CA,豐康段,348.84,都市：住
RPPNMLMLNHJFFAV09CA,豐康段,185.58,都市：住
RPPNMLMLNHJFFAV09CA,豐康段,1212.75,都市：其他
RPPNMLMLNHJFFAV09CA,豐康段,57.49,都市：其他
RPPNMLMLNHJFFAV09CA,豐康段,103.47,都市：住
RPUNMLTLMHJFFAV57CA,馬蘭段,5.43,都市：住
RPPNMLOJNHJFFAV09CA,台東段,2746.00,都市：農
RPVNMLTLMHJFFAV67CA,豐年段,5.00,都市：住
RPRNMLPLMHJFFAV86CA,利家段,10998.00,非都市：特定農業區 ; 非都市編定：農牧用地
RPPNMLPLMHJFFAV66CA,利家段,3264.00,非都市：特定農業區 ; 非都市編定：農牧用地
RPQNMLPLMHJFFCV17EA,鹿寮段,502.15,非都市：特定農業區 ; 非都市編定：農牧用地
RPQNMLTLMHJFFDV47CA,秀山段,8.08,都市：住
RPQNMLTLMHJFFDV47CA,秀山段,.00,都市：住
RPTNMLPLMHJFFCV37DA,大埔段,2233.34,都市：農
RPTNMLPLMHJFFCV37DA,新興段,3682.15,非都市：特定農業區 ; 非都市編定：農牧用地
RPTNMLOLMHJFFAV07DA,台東段,81.00,都市：住
RPQNMLPLMHJFFBV96DA,玉港段,1470.15,非都市：風景區 ; 非都市編定：農牧用地
RPSPMLPJNHJFFAV17DA,新生段,115.00,都市：住
RPSPMLPJNHJFFAV17DA,新生段,16.00,都市：住
RPWPMLPJNHJFFAV57DA,新生段,138.00,都市：住
RPWPMLPJNHJFFAV57DA,新生段,8.00,都市：住
RPPNMLSLMHJFFCV27DA,大同段,66.71,都市：住
RPUNMLPLMHJFFCV47DA,新興段,690.87,非都市：特定農業區 ; 非都市編定：農牧用地
RPUNMLPLMHJFFCV47DA,新興段,2889.91,非都市：特定農業區 ; 非都市編定：農牧用地
RPUNMLPLMHJFFCV47DA,新興段,215.98,非都市：特定農業區 ; 非都市編定：農牧用地
RPUNMLPLMHJFFCV47DA,新興段,1392.51,非都市：特定農業區 ; 非都市編定：農牧用地
RPUNMLSLMHJFFAV57DA,台東段,99.00,都市：住
RPUNMLRJNHJFFAV27CA,台東段,83.00,都市：住
RPTNMLMJNHJFFAV66CA,台東段,104.00,都市：住
RPPOMLNKNHJFFAV56CA,岩灣段,376.00,都市：住
RPOOMLNKNHJFFAV09CA,南清段,97.63,都市：住
RPWNMLPLMHJFFAV37CA,台東段,748.00,都市：住
RPQNMLTLMHJFFAV17CA,康樂段,3514.00,非都市：特定農業區 ; 非都市編定：農牧用地
RPRNMLQJNHJFFAV86CA,明峰段,311.32,非都市：山坡地保育區 ; 非都市編定：農牧用地
RPPNMLTLMHJFFAV07CA,建康段,1526.82,非都市：特定農業區 ; 非都市編定：農牧用地
RPROMLNLNHJFFAV86CA,興安段,370.75,都市：住
RPROMLNLNHJFFAV86CA,興安段,354.72,都市：住
RPSNMLQJNHJFFAV96CA,永清段,115.61,都市：住
RPTNMLQJNHJFFAV07CA,豐樂段,1200.00,非都市：特定農業區 ; 非都市編定：農牧用地
RPTNMLQJNHJFFAV07CA,豐樂段,1200.00,非都市：特定農業區 ; 非都市編定：農牧用地
RPTNMLQJNHJFFAV07CA,豐樂段,1200.00,非都市：特定農業區 ; 非都市編定：農牧用地
RPTNMLQJNHJFFAV07CA,豐樂段,1216.00,非都市：特定農業區 ; 非都市編定：農牧用地
RPXNMLTLMHJFFAV87CA,台東段,82.00,都市：住
RPQOMLMJNHJFFAV09CA,下賓朗段,105.54,非都市：一般農業區 ; 非都市編定：甲種建築用地
RPSNMLSLMHJFFAV27CA,光明段,141.00,都市：住
RPVNMLSLMHJFFBV67CA,黃金橋段,111.68,非都市：風景區 ; 非都市編定：農牧用地
RPVNMLSLMHJFFBV67CA,黃金橋段,111.68,非都市：風景區 ; 非都市編定：農牧用地
RPVNMLSLMHJFFBV67CA,黃金橋段,111.68,非都市：風景區 ; 非都市編定：農牧用地
RPUNMLSLMHJFFBV57CA,黃金橋段,111.68,非都市：風景區 ; 非都市編定：農牧用地
RPUNMLSLMHJFFBV57CA,黃金橋段,111.68,非都市：風景區 ; 非都市編定：農牧用地
RPUNMLSLMHJFFBV57CA,黃金橋段,111.68,非都市：風景區 ; 非都市編定：農牧用地
RPRNMLLJNHJFFCV56CA,加拿段,5010.00,非都市：山坡地保育區 ; 非都市編定：農牧用地
RPUNMLMJNHJFFAV76CA,豐年段,385.91,都市：住
RPROMLPJNHJFFAV86CA,澱粉段,1350.29,非都市：特定農業區 ; 非都市編定：農牧用地
RPSNMLTLMHJFFAV37CA,中清段,23.25,都市：住
RPTNMLRJNHJFFAV17CA,豐年段,15.23,都市：住
RPTNMLTLMHJFFAV47CA,中清段,4.35,都市：住
RPPOMLTLMHJFFAV17CA,富岡段,123.40,非都市：鄉村區 ; 非都市編定：乙種建築用地
RPWNMLTLMHJFFAV77CA,建和段,7415.04,非都市：山坡地保育區 ; 非都市編定：農牧用地
RPVNMLSLMHJFFAV57CA,光明段,65.00,都市：住
RPVNMLSLMHJFFAV57CA,光明段,65.00,都市：住
RPPNMLTLMHJFFCV37DA,福原段,86.40,都市：住
RPOOMLMJNHJFFAV98DA,普優瑪段,36.87,都市：住
RPPNMLKMMHJFFCV56DA,大埔段,1019.08,都市：住
RPPNMLKMMHJFFCV56DA,大埔段,13.54,都市：住
RPRNMLPJNHJFFBV86CA,高原段,349.00,非都市：森林區 ; 非都市編定：丙種建築用地
RPQNMLKMMHJFFBV56DA,新美山段,129.98,非都市：風景區 ; 非都市編定：丙種建築用地
RPQNMLPKNHJFFCV07DA,高台段,9321.40,非都市：山坡地保育區 ; 非都市編定：農牧用地
RPRNMLPKNHJFFCV17DA,紅葉段,31320.00,非都市：山坡地保育區 ; 非都市編定：林業用地
RPRNMLPKNHJFFCV17DA,康源段,2800.00,非都市：山坡地保育區 ; 非都市編定：林業用地
RPRNMLPKNHJFFCV17DA,康源段,440.00,非都市：山坡地保育區 ; 非都市編定：林業用地
RPQOMLTLMHJFFAV27CA,龍過脈段,578.89,非都市：鄉村區 ; 非都市編定：乙種建築用地
RPROMLMJNHJFFAV56CA,豐富段,57.10,都市：住
RPROMLMJNHJFFAV56CA,豐富段,14.35,都市：住
RPROMLMJNHJFFAV56CA,豐富段,7.08,都市：其他
RPTOMLNLNHJFFAV07CA,中正段,79.00,都市：住
RPUOMLNLNHJFFAV17CA,興安段,158.61,都市：住
RPSOMLNLNHJFFAV96CA,中山段,85.00,都市：住
RPQOMLPJNHJFFAV76CA,台東段,43.74,都市：住
RPOOMLPJNHJFFAV56CA,利家段,105.00,非都市：鄉村區 ; 非都市編定：乙種建築用地
RPPNMLKMMHJFFAV88CA,東海段,1972.50,都市：農
RPROMLLJNHJFFAV56DA,青林段,3012.52,非都市：山坡地保育區 ; 非都市編定：農牧用地
RPRNMLMJNHJFFBV56CA,北佳里段,226.73,非都市：鄉村區 ; 非都市編定：乙種建築用地
RPPNMLLJNHJFFAV88DA,台東段,128.00,都市：住
RPPNMLPJNHJFFBV66CA,八仙洞段,2289.72,非都市：風景區 ; 非都市編定：農牧用地
RPPNMLPJNHJFFBV66CA,八仙洞段,2289.72,非都市：風景區 ; 非都市編定：農牧用地
RPPNMLPJNHJFFBV66CA,八仙洞段,1343.44,非都市：風景區 ; 非都市編定：農牧用地
RPPNMLPJNHJFFBV66CA,八仙洞段,1343.44,非都市：風景區 ; 非都市編定：農牧用地
RPRNMLKMMHJFFAV09CA,光明段,125.00,都市：住
RPSNMLLJNHJFFAV09CA,富岡段,4857.98,非都市：風景區 ; 非都市編定：農牧用地
RPOOMLLJNHJFFAV78CA,大豐段,234.74,非都市：特定農業區 ; 非都市編定：甲種建築用地
RPPNMLLJNHJFFCV09DA,中華段,95.69,都市：商
RPQNMLLJNHJFFCV56DA,中和段,31.53,非都市：一般農業區 ; 非都市編定：甲種建築用地
RPQNMLLJNHJFFCV56DA,中和段,53.44,非都市：一般農業區 ; 非都市編定：甲種建築用地
RPQNMLLJNHJFFCV56DA,中和段,53.08,非都市：一般農業區 ; 非都市編定：甲種建築用地
RPQNMLLJNHJFFCV56DA,中和段,29.07,非都市：一般農業區 ; 非都市編定：甲種建築用地
RPQNMLLKNHJFFBV09CA,新港段新港小段,210.00,非都市：風景區 ; 非都市編定：農牧用地
RPVOMLNLNHJFFAV27CA,岩灣段,119.85,都市：住
RPRNMLLKNHJFFBV56CA,北都歷段,458.59,非都市：鄉村區 ; 非都市編定：乙種建築用地
RPPNMLRJNHJFFBV86CA,南佳里段,5962.92,非都市：風景區 ; 非都市編定：農牧用地
RPPNMLTKNHJFFBV27DA,沙泥灣段,3002.95,非都市：風景區 ; 非都市編定：農牧用地
RPPNMLTKNHJFFBV27DA,沙泥灣段,1330.98,非都市：風景區 ; 非都市編定：農牧用地
RPPNMLTKNHJFFBV27DA,沙泥灣段,1161.92,非都市：風景區 ; 非都市編定：農牧用地
RPPNMLTKNHJFFBV27DA,沙泥灣段,1096.00,非都市：風景區 ; 非都市編定：農牧用地
RPRNMLQJNHJFFBV96CA,忠智段,78.18,都市：住
RPWNMLQJNHJFFAV37CA,建成段,705.56,都市：住
RPQNMLQJNHJFFAV86DA,東農段,1607.25,非都市：特定農業區 ; 非都市編定：農牧用地
RPVNMLMJNHJFFAV96DA,富岡南段,43.41,非都市：鄉村區 ; 非都市編定：乙種建築用地
RPPNMLTJNHJFFDV27CA,秀山段,10.39,都市：住
RPPNMLTJNHJFFDV27CA,秀山段,.00,都市：住
RPVNMLLJNHJFFAV86DA,大業段,151.40,都市：住
RPWNMLLJNHJFFAV96DA,大業段,31.74,非都市：特定農業區 ; 非都市編定：農牧用地
RPWNMLLJNHJFFAV96DA,大業段,16.99,非都市：特定農業區 ; 非都市編定：農牧用地
RPWNMLLJNHJFFAV96DA,大業段,5.29,非都市：特定農業區 ; 非都市編定：農牧用地
