﻿鄉鎮市區,交易標的,土地區段位置建物區段門牌,土地移轉總面積平方公尺,都市土地使用分區,非都市土地使用分區,非都市土地使用編定,交易年月日,交易筆棟數,移轉層次,總樓層數,建物型態,主要用途,主要建材,建築完成年月,建物移轉總面積平方公尺,建物現況格局-房,建物現況格局-廳,建物現況格局-衛,建物現況格局-隔間,有無管理組織,總價元,單價元平方公尺,車位類別,車位移轉總面積平方公尺,車位總價元,備註,編號
The villages and towns urban district,transaction sign,land sector position building sector house number plate,land shifting total area square meter,the use zoning or compiles and checks,the non-metropolis land use district,non-metropolis land use,transaction year month and day,transaction pen number,shifting level,total floor number,building state,main use,main building materials,construction to complete the years,building shifting total area,Building present situation pattern - room,building present situation pattern - hall,building present situation pattern - health,building present situation pattern - compartmented,Whether there is manages the organization,total price NTD,the unit price (NTD / square meter),the berth category,berth shifting total area square meter,the berth total price NTD,the note,serial number
湖西鄉,土地,許家段631~660地號,1049.02,,一般農業區,農牧用地,1021211,土地3建物0車位0,,,其他,,,,0.0,0,0,0,有,無,2353000,2243,,0.0,0,,RPPOMLRKKHJFFAX86CA
馬公市,土地,六合段391~420地號,278.42,,一般農業區,農牧用地,1021231,土地1建物0車位0,,,其他,,,,0.0,0,0,0,有,無,2947700,10587,,0.0,0,,RPQNMLOLKHJFFAX66CA
馬公市,土地,五福段301~330地號,231.26,,一般農業區,甲種建築用地,1021230,土地2建物0車位0,,,其他,,,,0.0,0,0,0,有,無,9300000,40214,,0.0,0,"農變建專案核准變更起造人,交易總價包括未興建房屋建築費用。",RPRNMLOLKHJFFAX76CA
馬公市,房地(土地+建物),澎湖縣馬公巿文光路79巷1~30號,85.07,住,,,1021231,土地1建物1車位0,全,一層,透天厝,住家用,鋼筋混凝土加強磚造,0611114,57.35,2,1,1,有,無,3000000,52310,,0.0,0,親友、員工或其他特殊關係間之交易。,RPTNMLKLKHJFFAX56CA
馬公市,房地(土地+建物),澎湖縣馬公巿林森路61~90號,17.56,住,,,1021231,土地1建物1車位0,五層,七層,華廈(10層含以下有電梯),住家用,鋼筋混凝土造,0870925,87.82,3,1,2,有,有,3860000,43954,,0.0,0,,RPTOMLRKKHJFFAX27CA
湖西鄉,土地,紅羅段2071~2100地號,1843.95,,一般農業區,農牧用地,1021231,土地1建物0車位0,,,其他,,,,0.0,0,0,0,有,無,1560000,846,,0.0,0,,RPTNMLKKKHJFFAX09CA
望安鄉,土地,望安段901~930地號,669.0,,一般農業區,農牧用地,1030113,土地3建物0車位0,,,其他,,,,0.0,0,0,0,有,無,800000,1196,,0.0,0,,RPUNMLNKKHJFFAX86CA
馬公市,土地,鎖港西段91~120地號,38.05,住,,,1030116,土地1建物0車位0,,,其他,,,,0.0,0,0,0,有,無,345300,9075,,0.0,0,,RPQNMLOKKHJFFAX66DA
湖西鄉,房地(土地+建物),澎湖縣馬公巿港子尾1~30號,111.47,,一般農業區,甲種建築用地,1021230,土地1建物1車位0,全,四層,透天厝,住家用,鋼筋混凝土造,1021213,203.91,5,2,6,有,無,6000000,29425,,0.0,0,,RPSNMLTKKHJFFAX37DA
湖西鄉,房地(土地+建物),澎湖縣湖西鄉港子尾1~30號,110.41,,一般農業區,甲種建築用地,1021230,土地1建物1車位0,全,四層,透天厝,住家用,鋼筋混凝土造,1021213,194.5,5,2,6,有,無,5600000,28792,,0.0,0,,RPTNMLTKKHJFFAX47DA
馬公市,土地,四維段61~90地號,901.11,,鄉村區,乙種建築用地,1021230,土地1建物0車位0,,,其他,,,,0.0,0,0,0,有,無,18753500,20812,,0.0,0,,RPUNMLTKKHJFFAX57DA
馬公市,土地,興仁段871~900地號,132.3,,一般農業區,農牧用地,1030122,土地1建物0車位0,,,其他,,,,0.0,0,0,0,有,無,600000,4535,,0.0,0,,RPOOMLOLKHJFFAX66DA
馬公市,房地(土地+建物),澎湖縣馬公巿金龍路1~30號,51.0,住,,,1021230,土地1建物1車位0,全,二層,透天厝,住家用,見其他登記事項,0660420,70.94,6,4,3,有,無,3800000,53566,,0.0,0,,RPQNMLRJKHJFFAX86DA
馬公市,土地,五福段121~150地號,593.0,,一般農業區,農牧用地,1021128,土地1建物0車位0,,,其他,,,,0.0,0,0,0,有,無,4606800,7769,,0.0,0,向政府機關承購之案件。,RPQNMLOJLHJFFAX76EA
馬公市,房地(土地+建物)+車位,澎湖縣馬公巿三多路331~360號,28.92,住,,,1030127,土地2建物1車位1,一層,十四層,住宅大樓(11層含以上有電梯),商業用,鋼筋混凝土造,0950710,177.49,0,0,0,無,有,4566000,25725,坡道平面,0.0,0,向政府機關承購之案件。,RPUNMLSKKHJFFAX57EA
湖西鄉,土地,南寮北段121~150地號,755.18,,一般農業區,農牧用地,1030124,土地1建物0車位0,,,其他,,,,0.0,0,0,0,有,無,570000,755,,0.0,0,,RPXNMLOLKHJFFAX47DA
馬公市,土地,東衛段91~120地號,250.1,,一般農業區,甲種建築用地,1021231,土地1建物0車位0,,,其他,,,,0.0,0,0,0,有,無,7600000,30388,,0.0,0,含未來興建房屋之價款,RPWNMLKKKHJFFAX76CA
馬公市,土地,文東段541~570地號,181.08,,一般農業區,甲種建築用地,1021230,土地2建物0車位0,,,其他,,,,0.0,0,0,0,有,無,13200000,72896,,0.0,0,"農變建之起造人變更,包含未來興建房屋之價款",RPRNMLNKKHJFFAX56CA
馬公市,土地,井垵西段1531~1560地號,713.03,,一般農業區,農牧用地,1021231,土地1建物0車位0,,,其他,,,,0.0,0,0,0,有,無,1600000,2244,,0.0,0,,RPRNMLMKKHJFFAX09CA
白沙鄉,土地,下瓦硐段1141~1170地號,708.42,,一般農業區,農牧用地,1030204,土地1建物0車位0,,,其他,,,,0.0,0,0,0,有,無,2080000,2936,,0.0,0,,RPPNMLNKKHJFFAX98CA
湖西鄉,土地,龍門南段451~480地號,625.82,,一般農業區,農牧用地,1030204,土地1建物0車位0,,,其他,,,,0.0,0,0,0,有,無,1200000,1917,,0.0,0,,RPQNMLNKKHJFFAX09CA
馬公市,土地,馬公段931~960地號,46.0,其他,,,1021222,土地1建物0車位0,,,其他,,,,0.0,0,0,0,有,無,556400,12096,,0.0,0,包含公共設施保留地之交易。,RPVNMLRKKHJFFAX37CA
馬公市,房地(土地+建物)+車位,澎湖縣馬公巿三多路331~360號,29.1,住,,,1030113,土地2建物1車位1,一層,十四層,住宅大樓(11層含以上有電梯),商業用,鋼筋混凝土造,0950710,178.48000000000002,0,0,1,無,有,5678000,31813,坡道平面,0.0,0,,RPWNMLPJLHJFFAX27CA
西嶼鄉,土地,外垵一段121~150地號,222.06,,一般農業區,農牧用地,1021220,土地1建物0車位0,,,其他,,,,0.0,0,0,0,有,無,6000000,27020,,0.0,0,含未來興建房屋之價款,RPSNMLRJLHJFFAX17DA
馬公市,房地(土地+建物),澎湖縣馬公巿光復里21鄰光復路1~30號,58.0,商,,,1021230,土地1建物1車位0,全,四層,透天厝,住商用,鋼筋混凝土造,0681204,212.05,3,1,3,有,無,9980000,47064,,0.0,0,,RPXNMLNKKHJFFAX27DA
湖西鄉,土地,西溪新段91~120地號,1112.25,,一般農業區,農牧用地,1021231,土地1建物0車位0,,,其他,,,,0.0,0,0,0,有,無,700000,629,,0.0,0,,RPPNMLOKKHJFFAX56DA
湖西鄉,土地,成功南段61~90地號,321.23,,一般農業區,農牧用地,1021231,土地1建物0車位0,,,其他,,,,0.0,0,0,0,有,無,1750000,5448,,0.0,0,,RPSNMLOKKHJFFAX76CA
湖西鄉,土地,許家段691~720地號,42.0,,一般農業區,交通用地,1030207,土地2建物0車位0,,,其他,,,,0.0,0,0,0,有,無,160000,3810,,0.0,0,,RPTNMLOKKHJFFAX86CA
馬公市,土地,五德東段661~690地號,1341.04,,一般農業區,農牧用地,1021230,土地3建物0車位0,,,其他,,,,0.0,0,0,0,有,無,7850000,5854,,0.0,0,,RPOOMLNKKHJFFAX98CA
白沙鄉,土地,港子段1321~1350地號,732.0,,一般農業區,農牧用地,1030127,土地1建物0車位0,,,其他,,,,0.0,0,0,0,有,無,1060000,1448,,0.0,0,,RPPNMLKKLHJFFAX78CA
西嶼鄉,土地,大池角段1981~2010地號,34.0,,鄉村區,乙種建築用地,1030210,土地1建物0車位0,,,其他,,,,0.0,0,0,0,有,無,60000,1765,,0.0,0,親友、員工或其他特殊關係間之交易。,RPQNMLRLKHJFFAX96CA
湖西鄉,土地,尖山南段331~360地號,1362.69,,一般農業區,農牧用地,1021225,土地2建物0車位0,,,其他,,,,0.0,0,0,0,有,無,2885400,2117,,0.0,0,賣方賣清價,RPTNMLOLKHJFFAX96CA
湖西鄉,土地,紅羅段451~480地號,265.15,,鄉村區,乙種建築用地,1030210,土地1建物0車位0,,,其他,,,,0.0,0,0,0,有,無,2100000,7920,,0.0,0,,RPWNMLRKKHJFFAX47CA
馬公市,土地,光華段511~540地號,230.45,,一般農業區,甲種建築用地,1030210,土地2建物0車位0,,,其他,,,,0.0,0,0,0,有,無,7760000,33673,,0.0,0,變更起造人，含未來興建房屋之費用。,RPXNMLSKKHJFFAX77DA
湖西鄉,土地,許家段631~660地號,1005.22,,一般農業區,農牧用地,1030207,土地1建物0車位0,,,其他,,,,0.0,0,0,0,有,無,6380000,6347,,0.0,0,,RPOOMLSKKHJFFAX96DA
馬公市,土地,六合段631~660地號,407.51,農,,,1030206,土地2建物0車位0,,,其他,,,,0.0,0,0,0,有,無,6600000,16196,,0.0,0,,RPPNMLTKKHJFFAX07DA
馬公市,土地,馬公段1831~1860地號,36.0,其他,,,1030218,土地1建物0車位0,,,其他,,,,0.0,0,0,0,有,無,1829520,50820,,0.0,0,"馬公都市計畫忠孝路108巷8米計畫道路開闢工程協議價購（50,820元/m2）",RPPNMLPLKHJFFAX76DA
湖西鄉,房地(土地+建物),澎湖縣湖西鄉鼎灣61~90號,245.7,,一般農業區,甲種建築用地,1021230,土地3建物1車位0,全,三層,透天厝,住家用,鋼筋混凝土造,0900817,192.58,5,2,3,有,無,6000000,31156,,0.0,0,,RPQNMLKLKHJFFAX98DA
馬公市,土地,國宅段121~150地號,904.21,,一般農業區,農牧用地,1030206,土地1建物0車位0,,,其他,,,,0.0,0,0,0,有,無,7800000,8626,,0.0,0,,RPVNMLOLKHJFFAX17CA
白沙鄉,土地,岐頭段1051~1080地號,140.0,,鄉村區,乙種建築用地,1030127,土地1建物0車位0,,,其他,,,,0.0,0,0,0,有,無,921688,6583,,0.0,0,向政府機關承購之案件。,RPQNMLTKKHJFFAX27EA
馬公市,土地,國宅段271~300地號,622.98,,一般農業區,農牧用地,1030212,土地3建物0車位0,,,其他,,,,0.0,0,0,0,有,無,4850000,7785,,0.0,0,,RPWNMLOLKHJFFAX27CA
馬公市,土地,鐵線段511~540地號,1212.0,,一般農業區,農牧用地,1030109,土地1建物0車位0,,,其他,,,,0.0,0,0,0,有,無,2930000,2417,,0.0,0,,RPUNMLOLKHJFFAX07CA
馬公市,房地(土地+建物),澎湖縣馬公巿光華241~270號,100.15,,一般農業區,甲種建築用地,1030211,土地1建物1車位0,全,三層,透天厝,住家用,鋼筋混凝土造,0920514,184.39,6,2,3,有,無,6000000,32540,,0.0,0,受債權債務影響或債務抵償之交易。,RPRNMLRLKHJFFAX07CA
白沙鄉,土地,後寮段721~750地號,1290.51,,一般農業區,農牧用地,1030213,土地3建物0車位0,,,其他,,,,0.0,0,0,0,有,無,650000,504,,0.0,0,,RPRNMLKLKHJFFAX98CA
馬公市,房地(土地+建物),澎湖縣馬公巿仁愛路68巷1~30號,29.75,住,,,1030206,土地2建物1車位0,四層，電梯樓梯間,四層,公寓(5樓含以下無電梯),住家用,鋼筋混凝土造,0700820,86.81,1,1,1,有,無,2100000,24191,,0.0,0,,RPPNMLOLKHJFFAX56CA
馬公市,土地,五福段481~510地號,1367.85,,一般農業區,農牧用地,1021230,土地1建物0車位0,,,其他,,,,0.0,0,0,0,有,無,11151000,8152,,0.0,0,,RPSNMLOLKHJFFAX86CA
湖西鄉,房地(土地+建物),澎湖縣湖西鄉港底31~60號,260.2,,鄉村區,乙種建築用地,1021230,土地1建物1車位0,全,一層,透天厝,住家用,見其他登記事項,0170101,69.78,2,1,1,有,無,372480,5338,,0.0,0,親友、員工或其他特殊關係間之交易。共有人3人,RPVNMLRLKHJFFAX57DA
馬公市,房地(土地+建物)+車位,澎湖縣馬公巿林森路61~90號,31.15,住,,,1030205,土地1建物1車位1,五層,七層,華廈(10層含以下有電梯),住家用,鋼筋混凝土造,0870925,160.76,3,2,2,有,有,5060000,31475,坡道平面,0.0,0,,RPRNMLQLKHJFFAX96CA
馬公市,土地,五福段121~150地號,242.45,,一般農業區,甲種建築用地,1021230,土地2建物0車位0,,,其他,,,,0.0,0,0,0,有,無,9600000,39596,,0.0,0,農變建之起造人變更含未來興建房屋之價款,RPQNMLOKLHJFFAX76DA
馬公市,房地(土地+建物)+車位,澎湖縣馬公巿貿商街121~150號,28.45,住,,,1030124,土地2建物1車位1,三層,十四層,住宅大樓(11層含以上有電梯),見其他登記事項,鋼筋混凝土造,0950710,174.91000000000003,3,1,2,有,有,4700000,26871,坡道平面,0.0,0,,RPSNMLQLKHJFFAX07CA
白沙鄉,土地,港子段1771~1800地號,237.7,,一般農業區,農牧用地,1030213,土地1建物0車位0,,,其他,,,,0.0,0,0,0,有,無,460000,1935,,0.0,0,,RPXNMLQLKHJFFAX57CA
湖西鄉,土地,許家段571~600地號,757.13,,一般農業區,農牧用地,1021230,土地1建物0車位0,,,其他,,,,0.0,0,0,0,有,無,2060000,2721,,0.0,0,,RPSNMLRLKHJFFAX17CA
馬公市,土地,東衛段991~1020地號,84.47,,一般農業區,農牧用地,1021230,土地1建物0車位0,,,其他,,,,0.0,0,0,0,有,無,100000,1184,,0.0,0,,RPRNMLRKLHJFFAX07CA
馬公市,房地(土地+建物),澎湖縣馬公巿鐵線尾1~30號,195.91,,鄉村區,乙種建築用地,1030212,土地1建物1車位0,全,三層,透天厝,住家用,鋼筋混凝土造,0901116,181.93,3,2,4,有,無,5800000,31880,,0.0,0,,RPUNMLQLKHJFFAX37DA
湖西鄉,土地,龍門南段901~930地號,1687.61,,一般農業區,農牧用地,1021225,土地2建物0車位0,,,其他,,,,0.0,0,0,0,有,無,10200000,6044,,0.0,0,,RPVNMLQLKHJFFAX47DA
馬公市,土地,鐵線段331~360地號,592.0,,一般農業區,農牧用地,1030212,土地1建物0車位0,,,其他,,,,0.0,0,0,0,有,無,3580000,6047,,0.0,0,,RPPNMLQLKHJFFAX76CA
馬公市,土地,東衛段901~930地號,92.21,,鄉村區,乙種建築用地,1021230,土地1建物0車位0,,,其他,,,,0.0,0,0,0,有,無,322735,3500,,0.0,0,親友、員工或其他特殊關係間之交易。,RPQNMLMKLHJFFAX56DA
馬公市,房地(土地+建物)+車位,澎湖縣馬公巿貿商街121~150號,28.65,住,,,1030218,土地1建物1車位1,五層,十二層,住宅大樓(11層含以上有電梯),見其他登記事項,鋼筋混凝土造,0950629,192.67000000000002,3,1,2,有,有,4200000,21799,坡道平面,0.0,0,,RPSNMLLKLHJFFAX66DA
馬公市,土地,馬公段2581~2610地號,25.2,住,,,1030116,土地1建物0車位0,,,其他,,,,0.0,0,0,0,有,無,409000,16230,,0.0,0,逾期未辦繼承標售,RPTNMLQLKHJFFAX37EA
望安鄉,土地,花宅段811~840地號,407.0,,一般農業區,農牧用地,1030221,土地3建物0車位0,,,其他,,,,0.0,0,0,0,有,無,810000,1990,,0.0,0,,RPSNMLOJLHJFFAX96EA
馬公市,土地,安宅段661~690地號,1629.26,,一般農業區,農牧用地,1030220,土地1建物0車位0,,,其他,,,,0.0,0,0,0,有,無,11800000,7243,,0.0,0,,RPUNMLRLKHJFFAX37CA
白沙鄉,土地,通梁東段1~30地號,330.0,,風景區,農牧用地,1030219,土地1建物0車位0,,,其他,,,,0.0,0,0,0,有,無,1600000,4848,,0.0,0,,RPPNMLPJLHJFFAX56CA
馬公市,房地(土地+建物),澎湖縣馬公巿西文澳301~330號,105.38,農,,,1030222,土地1建物1車位0,全,三層,透天厝,住商用,鋼筋混凝土造,0940630,205.9,3,2,4,有,無,8000000,38854,,0.0,0,,RPPNMLNJLHJFFAX09DA
西嶼鄉,土地,外垵一段241~270地號,3.31,,一般農業區,農牧用地,1030226,土地2建物0車位0,,,其他,,,,0.0,0,0,0,有,無,23170,7000,,0.0,0,"外垵地區排水系統治理工程協議價購7,000元/m2",RPRNMLPJLHJFFAX86DA
西嶼鄉,土地,外垵一段271~300地號,18.89,,一般農業區,農牧用地,1030226,土地1建物0車位0,,,其他,,,,0.0,0,0,0,有,無,132230,7000,,0.0,0,"外垵地區排水系統治理工程協議價購7,000元/m2",RPVNMLPJLHJFFAX27DA
西嶼鄉,土地,外垵一段241~270地號,1.18,,一般農業區,農牧用地,1030226,土地1建物0車位0,,,其他,,,,0.0,0,0,0,有,無,8260,7000,,0.0,0,"外垵地區排水系統治理工程協議價購7,000元/m2",RPUNMLPJLHJFFAX17DA
西嶼鄉,土地,外垵一段271~300地號,7.35,,一般農業區,農牧用地,1030226,土地2建物0車位0,,,其他,,,,0.0,0,0,0,有,無,51450,7000,,0.0,0,"外垵地區排水系統治理工程協議價購7,000元/m2",RPSNMLPJLHJFFAX96DA
馬公市,房地(土地+建物),澎湖縣馬公巿石泉里石泉1~30號,176.64,,鄉村區,乙種建築用地,1030215,土地2建物1車位0,全,四層,透天厝,住家用,鋼筋混凝土造,1010817,251.81,6,2,5,有,無,9200000,36535,,0.0,0,,RPRNMLOJLHJFFAX76DA
西嶼鄉,土地,外垵一段241~270地號,3.31,,一般農業區,農牧用地,1030226,土地2建物0車位0,,,其他,,,,0.0,0,0,0,有,無,23170,7000,,0.0,0,"外垵地區排水系統治理工程協議價購7,000元/m2",RPQNMLPJLHJFFAX76DA
湖西鄉,土地,許家段991~1020地號,1228.56,,一般農業區,農牧用地,1030207,土地1建物0車位0,,,其他,,,,0.0,0,0,0,有,無,1400000,1140,,0.0,0,,RPQNMLSKLHJFFAX07CA
馬公市,土地,興仁段1261~1290地號,703.37,,一般農業區,農牧用地,1030211,土地1建物0車位0,,,其他,,,,0.0,0,0,0,有,無,1000000,1422,,0.0,0,,RPRNMLSKLHJFFAX17CA
馬公市,土地,六合段691~720地號,285.85,農,,,1030123,土地2建物0車位0,,,其他,,,,0.0,0,0,0,有,無,5449500,19064,,0.0,0,,RPSNMLSKLHJFFAX27CA
馬公市,房地(土地+建物)+車位,澎湖縣馬公巿中華路311巷1~30號,61.68,住,,,1030219,土地1建物1車位0,全,三層,透天厝,住家用,鋼筋混凝土加強磚造,0671206,121.12,3,2,3,有,無,2066500,17062,一樓平面,0.0,0,親友關係間之交易。,RPSNMLQJLHJFFAX96CA
西嶼鄉,土地,外垵一段271~300地號,7.35,,一般農業區,農牧用地,1030226,土地2建物0車位0,,,其他,,,,0.0,0,0,0,有,無,51450,7000,,0.0,0,"外垵地區排水系統治理工程協議價購7,000元/m2",RPTNMLPJLHJFFAX07DA
馬公市,房地(土地+建物),澎湖縣馬公巿信義路33巷1~30號,56.0,住,,,1030222,土地2建物1車位0,全,二層,透天厝,住家用,見其他登記事項,0580414,94.6,4,2,2,有,無,3910000,41332,,0.0,0,,RPRNMLNKLHJFFAX76DA
馬公市,土地,馬公段1831~1860地號,17.0,其他,,,1030303,土地1建物0車位0,,,其他,,,,0.0,0,0,0,有,無,863940,50820,,0.0,0,"馬公都市計畫忠孝路101巷8米計畫道路開闢工程協議價購（50,820元/m2）",RPTNMLLKLHJFFAX76DA
馬公市,土地,馬公段1831~1860地號,81.0,其他,,,1030303,土地3建物0車位0,,,其他,,,,0.0,0,0,0,有,無,4116420,50820,,0.0,0,"馬公都市計畫忠孝路101巷8米計畫道路開闢工程協議價購（50,820元/m2）",RPVNMLLKLHJFFAX96DA
馬公市,土地,馬公段1831~1860地號,19.0,其他,,,1030303,土地1建物0車位0,,,其他,,,,0.0,0,0,0,有,無,965580,50820,,0.0,0,"馬公都市計畫忠孝路101巷8米計畫道路開闢工程協議價購（50,820元/m2）",RPWNMLLKLHJFFAX07DA
馬公市,土地,馬公段1831~1860地號,138.0,其他,,,1030303,土地3建物0車位0,,,其他,,,,0.0,0,0,0,有,無,7013160,50820,,0.0,0,"馬公都市計畫忠孝路101巷8米計畫道路開闢工程協議價購（50,820元/m2）",RPOOMLLKLHJFFAX98DA
馬公市,土地,馬公段1831~1860地號,17.0,其他,,,1030303,土地1建物0車位0,,,其他,,,,0.0,0,0,0,有,無,863940,50820,,0.0,0,"馬公都市計畫忠孝路101巷8米計畫道路開闢工程協議價購（50,820元/m2）",RPPNMLLKLHJFFAX98DA
馬公市,土地,馬公段1831~1860地號,26.0,其他,,,1030303,土地1建物0車位0,,,其他,,,,0.0,0,0,0,有,無,1321320,50820,,0.0,0,"馬公都市計畫忠孝路101巷8米計畫道路開闢工程協議價購（50,820元/m2）",RPQNMLLKLHJFFAX09DA
馬公市,土地,馬公段1831~1860地號,124.0,其他,,,1030303,土地1建物0車位0,,,其他,,,,0.0,0,0,0,有,無,6301680,50820,,0.0,0,"馬公都市計畫忠孝路101巷8米計畫道路開闢工程協議價購（50,820元/m2）",RPRNMLLKLHJFFAX56DA
馬公市,土地,西澳段571~600地號,49.37,住,,,1030219,土地2建物0車位0,,,其他,,,,0.0,0,0,0,有,無,1331015,26960,,0.0,0,向政府機關承購之案件。,RPXNMLPJLHJFFAX57EA
馬公市,土地,山水北段151~180地號,564.18,,一般農業區,農牧用地,1030219,土地1建物0車位0,,,其他,,,,0.0,0,0,0,有,無,2300000,4077,,0.0,0,,RPRNMLQJLHJFFAX96DA
馬公市,房地(土地+建物),澎湖縣馬公巿鎖管港361~390號,240.94,住,,,1030224,土地2建物2車位0,全,四層,透天厝,住家用,鋼筋混凝土造,0940202,514.24,10,2,10,有,無,16000000,31114,,0.0,0,,RPRNMLKKLHJFFAX09DA
馬公市,土地,六合段211~240地號,211.72,,一般農業區,甲種建築用地,1021230,土地2建物0車位0,,,其他,,,,0.0,0,0,0,有,無,7400000,34952,,0.0,0,含未來興建房屋價款,RPPNMLSJLHJFFAX86CA
湖西鄉,土地,許家段1~30地號,1580.75,,一般農業區,農牧用地,1030131,土地5建物0車位0,,,其他,,,,0.0,0,0,0,有,無,5260000,3328,,0.0,0,,RPTNMLSKLHJFFAX37CA
馬公市,土地,文石段181~210地號,2153.32,,一般農業區,農牧用地,1030226,土地9建物0車位0,,,其他,,,,0.0,0,0,0,有,無,81120000,37672,,0.0,0,"共有人9。農變建專案核准,交易總價包括未興建房屋建築費用。",RPPNMLRLLHJFFAX96CA
馬公市,房地(土地+建物),澎湖縣馬公巿案山里31~60號,225.27,住,,,1030213,土地2建物1車位0,全,一層,透天厝,住家用,鋼筋混凝土加強磚造,0560101,90.2,3,1,1,有,無,3424950,37971,,0.0,0,親友關係間之交易。,RPRNMLQLLHJFFAX17DA
馬公市,房地(土地+建物),澎湖縣馬公巿經國路151~180號,110.0,住,,,1030213,土地1建物1車位0,全,三層,透天厝,住家用,鋼筋混凝土造,0810630,189.84,5,1,5,有,無,2389600,12587,,0.0,0,親友關係間之交易。,RPSNMLQLLHJFFAX27DA
馬公市,土地,鐵線段511~540地號,1212.0,,一般農業區,農牧用地,1030221,土地1建物0車位0,,,其他,,,,0.0,0,0,0,有,無,4580000,3779,,0.0,0,,RPUNMLSKLHJFFAX47CA
馬公市,房地(土地+建物),澎湖縣馬公巿文山路151巷31~60號,140.13,,鄉村區,乙種建築用地,1030210,土地1建物1車位0,全,三層,透天厝,住家用,鋼筋混凝土加強磚造,0730925,115.15,3,1,2,有,無,4200000,36474,,0.0,0,,RPQNMLRJLHJFFAX96DA
湖西鄉,土地,南寮北段1141~1170地號,562.03,,一般農業區,農牧用地,1021231,土地1建物0車位0,,,其他,,,,0.0,0,0,0,有,無,1700000,3025,,0.0,0,,RPSNMLKKLHJFFAX56DA
馬公市,土地,文東段1801~1830地號,12.93,,一般農業區,水利用地,1030219,土地1建物0車位0,,,其他,,,,0.0,0,0,0,有,無,197699,15290,,0.0,0,,RPTNMLKKLHJFFAX66DA
馬公市,土地,春暉段721~750地號,10.37,住,,,1030221,土地1建物0車位0,,,其他,,,,0.0,0,0,0,有,無,629252,60680,,0.0,0,,RPQNMLKKLHJFFAX98DA
馬公市,土地,興仁段331~360地號,470.1,,一般農業區,農牧用地,1030303,土地1建物0車位0,,,其他,,,,0.0,0,0,0,有,無,1600000,3404,,0.0,0,,RPPNMLRKLHJFFAX96DA
馬公市,土地,馬公段1831~1860地號,25.0,其他,,,1030307,土地1建物0車位0,,,其他,,,,0.0,0,0,0,有,無,1270500,50820,,0.0,0,"馬公都市計畫忠孝路101巷8米計畫道路開闢工程協議價購（50,820元/m2）",RPQOMLLKLHJFFAX56DA
馬公市,土地,馬公段1831~1860地號,40.0,其他,,,1030307,土地1建物0車位0,,,其他,,,,0.0,0,0,0,有,無,2032800,50820,,0.0,0,"馬公都市計畫忠孝路101巷8米計畫道路開闢工程協議價購（50,820元/m2）",RPROMLLKLHJFFAX66DA
馬公市,土地,馬公段1831~1860地號,17.5,其他,,,1030307,土地1建物0車位0,,,其他,,,,0.0,0,0,0,有,無,889350,50820,,0.0,0,"馬公都市計畫忠孝路101巷8米計畫道路開闢工程協議價購（50,820元/m2）",RPSOMLLKLHJFFAX76DA
馬公市,房地(土地+建物)+車位,澎湖縣馬公巿東衛121~150號,174.8,,鄉村區,乙種建築用地,1030304,土地1建物1車位1,全,四層,透天厝,住家用,鋼筋混凝土造,1021217,325.51,5,2,5,有,無,8860000,27219,一樓平面,0.0,0,,RPSOMLSKLHJFFAX47DA
馬公市,房地(土地+建物),澎湖縣馬公巿文明路121~150號,29.41,住,,,1030219,土地1建物1車位0,一層，夾層,五層,華廈(10層含以下有電梯),住家用,鋼筋混凝土造,0890126,116.93,3,1,2,有,有,4398000,37612,,0.0,0,,RPTOMLLKLHJFFAX76CA
馬公市,建物,澎湖縣馬公巿四維路31~60號,0.0,,,,1030218,土地0建物1車位0,全,二層,透天厝,見其他登記事項,鋼筋混凝土造,0930909,1398.49,6,2,3,有,無,3103500,2219,,0.0,0,親友、員工或其他特殊關係間之交易。,RPQNMLNKLHJFFAX56CA
馬公市,土地,山水北段361~390地號,233.66,,一般農業區,農牧用地,1011231,土地1建物0車位0,,,其他,,,,0.0,0,0,0,有,無,6100000,26106,,0.0,0,"農變建專案核准,交易總價包括未興建房屋建築費用。",RPQNMLRLLHJFFAX07CA
馬公市,土地,山水北段361~390地號,468.02,,一般農業區,農牧用地,1030305,土地1建物0車位0,,,其他,,,,0.0,0,0,0,有,無,12200000,26067,,0.0,0,"共有人2人。農變建專案核准,交易總價包括未興建房屋建築費用。",RPRNMLRLLHJFFAX17CA
馬公市,土地,四維段331~360地號,157.19,,鄉村區,乙種建築用地,1030305,土地1建物0車位0,,,其他,,,,0.0,0,0,0,有,無,10300000,65526,,0.0,0,交易總價包括未興建房屋建築費用。,RPVNMLRLLHJFFAX67DA
馬公市,房地(土地+建物),澎湖縣馬公巿貿商街121~150號,28.35,住,,,1030304,土地2建物1車位0,六層,七層,華廈(10層含以下有電梯),見其他登記事項,鋼筋混凝土造,0950710,174.32,3,1,2,有,有,3700000,21225,,0.0,0,,RPQNMLSLLHJFFAX27DA
馬公市,房地(土地+建物),澎湖縣馬公巿光復路121~150號,66.36,住,,,1030305,土地2建物1車位0,全,四層,透天厝,住商用,鋼筋混凝土造,0691008,103.18,3,1,4,有,無,8880000,86063,,0.0,0,,RPPNMLMKLHJFFAX09DA
馬公市,房地(土地+建物)+車位,澎湖縣馬公巿三多路31~60號,11.87,住,,,1030225,土地2建物1車位1,二層,十層,華廈(10層含以下有電梯),住家用,鋼筋混凝土造,0850215,76.51,1,1,1,有,有,2300000,30061,坡道平面,0.0,0,,RPPNMLNKLHJFFAX56DA
馬公市,土地,光榮段541~570地號,26.96,商,,,1030218,土地1建物0車位0,,,其他,,,,0.0,0,0,0,有,無,2936000,108902,,0.0,0,畸零地或有合併使用之交易。,RPPNMLOLLHJFFAX76DA
馬公市,土地,東衛段901~930地號,46.11,,鄉村區,乙種建築用地,1021231,土地1建物0車位0,,,其他,,,,0.0,0,0,0,有,無,161369,3500,,0.0,0,親友、員工或其他特殊關係間之交易。,RPRNMLMKLHJFFAX66DA
馬公市,房地(土地+建物),澎湖縣馬公巿水源路1~30號,41.0,商,,,1030301,土地1建物1車位0,全,三層,透天厝,住商用,鋼筋混凝土加強磚造,0660627,113.92,4,1,2,有,無,11880000,104284,,0.0,0,,RPROMLSKLHJFFAX27CA
馬公市,土地,中衛段751~780地號,317.42,農,,,1030226,土地1建物0車位0,,,其他,,,,0.0,0,0,0,有,無,5100000,16067,,0.0,0,,RPWNMLSKLHJFFAX67CA
馬公市,土地,烏崁新段721~750地號,688.32,,一般農業區,農牧用地,1021129,土地1建物0車位0,,,其他,,,,0.0,0,0,0,有,無,1665000,2419,,0.0,0,,RPXNMLSKLHJFFAX77CA
白沙鄉,土地,中屯段901~930地號,1043.0,,一般農業區,農牧用地,1030228,土地1建物0車位0,,,其他,,,,0.0,0,0,0,有,無,4120000,3950,,0.0,0,,RPPOMLSKLHJFFAX07CA
馬公市,土地,山水北段721~750地號,1240.02,,一般農業區,農牧用地,1030310,土地1建物0車位0,,,其他,,,,0.0,0,0,0,有,無,4300000,3468,,0.0,0,,RPVNMLSKLHJFFAX57CA
白沙鄉,土地,通梁中段691~720地號,1067.56,住,,,1030301,土地4建物0車位0,,,其他,,,,0.0,0,0,0,有,無,6460000,6051,,0.0,0,,RPPNMLPKLHJFFAX66CA
湖西鄉,土地,鼎灣新段601~630地號,452.26,,一般農業區,農牧用地,1030312,土地4建物0車位0,,,其他,,,,0.0,0,0,0,有,無,1000000,2211,,0.0,0,,RPQNMLRKLHJFFAX07DA
西嶼鄉,土地,竹篙灣段2251~2280地號,497.0,,一般農業區,農牧用地,1030306,土地2建物0車位0,,,其他,,,,0.0,0,0,0,有,無,1530000,3078,,0.0,0,,RPPNMLSKLHJFFAX07DA
湖西鄉,土地,葉新段781~810地號,124.26,,鄉村區,乙種建築用地,1030312,土地1建物0車位0,,,其他,,,,0.0,0,0,0,有,無,486000,3911,,0.0,0,,RPRNMLTKLHJFFAX47EA
湖西鄉,土地,湖西北段661~690地號,929.1,,一般農業區,農牧用地,1030312,土地1建物0車位0,,,其他,,,,0.0,0,0,0,有,無,3099999,3337,,0.0,0,,RPTOMLSKLHJFFAX57DA
湖西鄉,土地,南寮南段481~510地號,1275.13,,一般農業區,農牧用地,1030312,土地1建物0車位0,,,其他,,,,0.0,0,0,0,有,無,2648888,2077,,0.0,0,向政府機關承購之案件。,RPUOMLSKLHJFFAX67DA
馬公市,土地,安宅段841~870地號,1499.0,,一般農業區,農牧用地,1021230,土地1建物0車位0,,,其他,,,,0.0,0,0,0,有,無,8150000,5437,,0.0,0,,RPOOMLSKLHJFFAX96CA
馬公市,土地,五德東段1291~1320地號,1037.91,,一般農業區,農牧用地,1030311,土地1建物0車位0,,,其他,,,,0.0,0,0,0,有,無,4288888,4132,,0.0,0,,RPPNMLTKLHJFFAX17DA
湖西鄉,土地,隘門新段601~630地號,62.48,,鄉村區,乙種建築用地,1030312,土地1建物0車位0,,,其他,,,,0.0,0,0,0,有,無,588000,9411,,0.0,0,向政府機關承購之案件。,RPQNMLTKLHJFFAX27DA
湖西鄉,土地,沙港北段181~210地號,341.05,,一般農業區,農牧用地,1030312,土地1建物0車位0,,,其他,,,,0.0,0,0,0,有,無,581000,1704,,0.0,0,澎湖縣政府代為標售地籍清理土地,RPSNMLTKLHJFFAX47DA
馬公市,土地,安宅段1381~1410地號,1074.2,,一般農業區,農牧用地,1030310,土地2建物0車位0,,,其他,,,,0.0,0,0,0,有,無,3300000,3072,,0.0,0,,RPRNMLLJMHJFFAX56DA
湖西鄉,土地,沙港北段211~240地號,234.13,,一般農業區,農牧用地,1030312,土地1建物0車位0,,,其他,,,,0.0,0,0,0,有,無,466000,1990,,0.0,0,未辦繼承標售,RPPNMLQLLHJFFAX07EA
馬公市,土地,興仁段871~900地號,163.04,,一般農業區,甲種建築用地,1030306,土地1建物0車位0,全,,透天厝,,,,0.0,0,0,0,有,無,937480,5750,,0.0,0,向政府機關承購之案件。,RPQNMLKLLHJFFAX56EA
湖西鄉,土地,南寮北段421~450地號,264.88,,鄉村區,乙種建築用地,1030312,土地1建物0車位0,,,其他,,,,0.0,0,0,0,有,無,953568,3600,,0.0,0,未辦繼承標售，權利人4位,RPSNMLKLLHJFFAX76EA
馬公市,土地,山水東段391~420地號,1607.98,,一般農業區,農牧用地,1030310,土地1建物0車位0,,,其他,,,,0.0,0,0,0,有,無,8300000,5162,,0.0,0,,RPTNMLRLLHJFFAX37CA
湖西鄉,土地,東石新段121~150地號,436.01,,一般農業區,農牧用地,1030314,土地1建物0車位0,,,其他,,,,0.0,0,0,0,有,無,600000,1376,,0.0,0,,RPXNMLQLLHJFFAX67CA
馬公市,房地(土地+建物)+車位,澎湖縣馬公巿貿商街121~150號,30.6,住,,,1030306,土地2建物1車位1,七層,十四層,住宅大樓(11層含以上有電梯),見其他登記事項,鋼筋混凝土造,0950710,188.19,3,2,2,有,有,3900000,20724,坡道平面,0.0,0,,RPRNMLKKMHJFFAX09CA
馬公市,土地,山水南段181~210地號,292.85,,鄉村區,乙種建築用地,1030313,土地1建物0車位0,,,其他,,,,0.0,0,0,0,有,無,2480000,8468,,0.0,0,,RPWNMLQLLHJFFAX57CA
七美鄉,土地,大嶼段4111~4140地號,150.33,,一般農業區,農牧用地,1030120,土地1建物0車位0,,,其他,,,,0.0,0,0,0,有,無,235000,1563,,0.0,0,承買國有地,RPQNMLOLLHJFFAX76CA
馬公市,土地,文光段241~270地號,11.34,住,,,1030313,土地1建物0車位0,,,其他,,,,0.0,0,0,0,有,無,500207,44110,,0.0,0,向政府機關承購之案件。,RPPNMLLLLHJFFAX56EA
馬公市,土地,五德東段841~870地號,781.24,,一般農業區,農牧用地,1030315,土地1建物0車位0,,,其他,,,,0.0,0,0,0,有,無,26040000,33332,,0.0,0,"共有人3人。農變建專案核准,交易總價包括未興建房屋建築費用。",RPWNMLRLLHJFFAX77DA
馬公市,房地(土地+建物),澎湖縣馬公巿鎖管港241~270號,59.87,住,,,1030310,土地1建物1車位0,全,二層,透天厝,住商用,鋼筋混凝土加強磚造,0701117,72.0,3,1,2,有,無,2520000,35000,,0.0,0,,RPQNMLLLLHJFFAX56DA
馬公市,土地,五福段1081~1110地號,538.27,,一般農業區,農牧用地,1021226,土地1建物0車位0,,,其他,,,,0.0,0,0,0,有,無,2600000,4830,,0.0,0,,RPRNMLLLLHJFFAX66DA
湖西鄉,土地,湖西北段841~870地號,643.92,,一般農業區,農牧用地,1030317,土地1建物0車位0,,,其他,,,,0.0,0,0,0,有,無,555000,862,,0.0,0,親友、員工或其他特殊關係間之交易。,RPRNMLPKMHJFFAX07DA
馬公市,土地,興仁段61~90地號,311.16,,鄉村區,乙種建築用地,1030225,土地1建物0車位0,,,其他,,,,0.0,0,0,0,有,無,3000000,9641,,0.0,0,,RPRNMLOLLHJFFAX86CA
湖西鄉,土地,葉新段421~450地號,168.85,,一般農業區,農牧用地,1030318,土地3建物0車位0,,,其他,,,,0.0,0,0,0,有,無,275000,1629,,0.0,0,,RPPNMLPKMHJFFAX76CA
馬公市,土地,雙湖段1051~1080地號,259.84,,一般農業區,甲種建築用地,1030318,土地2建物0車位0,,,其他,,,,0.0,0,0,0,有,無,6980000,26863,,0.0,0,變更起造人，含未來興建房屋之費用。,RPUNMLQLLHJFFAX37CA
白沙鄉,土地,港子段1321~1350地號,1353.0,,一般農業區,農牧用地,1030311,土地1建物0車位0,,,其他,,,,0.0,0,0,0,有,無,1700000,1256,,0.0,0,,RPVNMLQLLHJFFAX47CA
馬公市,土地,國宅段541~570地號,176.21,住,,,1030305,土地1建物0車位0,,,其他,,,,0.0,0,0,0,有,無,2451800,13914,,0.0,0,向政府機關承購之案件。國有土地標售,RPQNMLQLLHJFFAX17EA
湖西鄉,土地,林投北段661~690地號,1628.76,,一般農業區,農牧用地,1030317,土地2建物0車位0,,,其他,,,,0.0,0,0,0,有,無,3000000,1842,,0.0,0,受債權債務影響或債務抵償之交易。,RPTNMLNJMHJFFAX86CA
馬公市,土地,案山段1~30地號,156.87,工,,,1030317,土地1建物0車位0,,,其他,,,,0.0,0,0,0,有,無,2800000,17849,,0.0,0,,RPPNMLLMLHJFFAX09CA
馬公市,土地,文光段241~270地號,10.28,住,,,1030317,土地1建物0車位0,,,其他,,,,0.0,0,0,0,有,無,453451,44110,,0.0,0,向政府機關承購之案件。,RPWOMLKKMHJFFAX27EA
白沙鄉,土地,赤崁中段781~810地號,61.71,,一般農業區,農牧用地,1030324,土地2建物0車位0,,,其他,,,,0.0,0,0,0,有,無,240000,3889,,0.0,0,,RPPNMLSKMHJFFAX27EA
馬公市,土地,文光段151~180地號,235.69,其他,,,1030324,土地1建物0車位0,,,其他,,,,0.0,0,0,0,有,無,6127940,26000,,0.0,0,,RPPNMLRJMHJFFAX96DA
馬公市,土地,四維段181~210地號,134.57,,一般農業區,農牧用地,1030324,土地1建物0車位0,,,其他,,,,0.0,0,0,0,有,無,2035000,15122,,0.0,0,,RPQNMLLMLHJFFAX56CA
白沙鄉,土地,小赤段481~510地號,218.0,,鄉村區,乙種建築用地,1030325,土地1建物0車位0,,,其他,,,,0.0,0,0,0,有,無,960000,4404,,0.0,0,,RPPNMLSLLHJFFAX07CA
馬公市,房地(土地+建物),澎湖縣馬公巿五福路61巷3弄1~30號,85.57,,鄉村區,乙種建築用地,1030313,土地1建物1車位0,全,三層,透天厝,住家用,鋼筋混凝土造,0830502,175.09,4,1,3,有,無,5250000,29985,,0.0,0,,RPSNMLQKMHJFFAX17CA
馬公市,土地,山水北段601~630地號,277.61,,鄉村區,乙種建築用地,1030326,土地1建物0車位0,,,其他,,,,0.0,0,0,0,有,無,1472000,5302,,0.0,0,,RPPNMLTJMHJFFAX17DA
馬公市,土地,山水南段601~630地號,108.52,,鄉村區,乙種建築用地,1030320,土地1建物0車位0,,,其他,,,,0.0,0,0,0,有,無,943039,8690,,0.0,0,,RPQNMLNJMHJFFAX66DA
馬公市,土地,東衛段901~930地號,184.42,,鄉村區,乙種建築用地,1030321,土地1建物0車位0,,,其他,,,,0.0,0,0,0,有,無,922100,5000,,0.0,0,親友、員工或其他特殊關係間之交易。,RPSNMLMLMHJFFAX96DA
馬公市,土地,鎖港南段1441~1470地號,544.0,農,,,1030327,土地1建物0車位0,,,其他,,,,0.0,0,0,0,有,無,1000000,1838,,0.0,0,,RPQNMLLJMHJFFAX56EA
白沙鄉,土地,鎮海段841~870地號,642.0,,一般農業區,農牧用地,1030312,土地2建物0車位0,,,其他,,,,0.0,0,0,0,有,無,2210000,3442,,0.0,0,,RPXNMLTJMHJFFAX97DA
馬公市,房地(土地+建物)+車位,澎湖縣馬公巿五福路3巷31~60號,35.31,,鄉村區,乙種建築用地,1030313,土地1建物1車位1,一層,四層,公寓(5樓含以下無電梯),住家用,鋼筋混凝土造,0840530,103.8,2,2,3,有,有,3800000,36609,一樓平面,0.0,0,,RPQNMLQKMHJFFAX07DA
馬公市,房地(土地+建物),澎湖縣馬公巿珠江121~150號,83.98,,鄉村區,乙種建築用地,1030311,土地1建物1車位0,全,三層,透天厝,住家用,鋼筋混凝土加強磚造,0681220,135.75,4,2,2,有,無,2400000,17680,,0.0,0,,RPSNMLLJMHJFFAX56CA
馬公市,土地,五德西段241~270地號,165.47,,一般農業區,農牧用地,1030326,土地1建物0車位0,,,其他,,,,0.0,0,0,0,有,無,380000,2296,,0.0,0,,RPTNMLLJMHJFFAX66CA
馬公市,土地,安宅段601~630地號,974.27,,一般農業區,農牧用地,1030226,土地1建物0車位0,,,其他,,,,0.0,0,0,0,有,無,1679800,1724,,0.0,0,,RPSNMLTJMHJFFAX37CA
白沙鄉,土地,瓦硐段871~900地號,839.0,,風景區,農牧用地,1021231,土地1建物0車位0,,,其他,,,,0.0,0,0,0,有,無,750000,894,,0.0,0,賣方賣清價,RPTNMLTJMHJFFAX47CA
馬公市,土地,西澳段481~510地號,126.6,其他,,,1030331,土地2建物0車位0,,,其他,,,,0.0,0,0,0,有,無,3798000,30000,,0.0,0,馬公都市計畫公兒5東側8米計畫道路協議價購30000元/M2,RPTNMLKKMHJFFAX76DA
馬公市,土地,西澳段481~510地號,10.21,其他,,,1030331,土地1建物0車位0,,,其他,,,,0.0,0,0,0,有,無,306400,30010,,0.0,0,馬公都市計畫公兒5東側8米計畫道路協議價購30000元/M2,RPUNMLKKMHJFFAX86DA
馬公市,土地,西澳段481~510地號,61.89,其他,,,1030331,土地3建物0車位0,,,其他,,,,0.0,0,0,0,有,無,1856625,29999,,0.0,0,馬公都市計畫公兒5東側8米計畫道路協議價購30000元/M2,RPWNMLKKMHJFFAX07DA
馬公市,房地(土地+建物),澎湖縣馬公巿文山路358巷31~60號,54.73,住,,,1030317,土地2建物1車位0,二層，三層,五層,公寓(5樓含以下無電梯),住家用,鋼筋混凝土造,0801012,119.52,2,1,2,有,無,3200000,26774,,0.0,0,,RPUNMLLJMHJFFAX86DA
馬公市,土地,北極段1141~1170地號,44.26,住,,,1030328,土地1建物0車位0,,,其他,,,,0.0,0,0,0,有,無,300000,6778,,0.0,0,,RPPNMLNJMHJFFAX56DA
馬公市,土地,雙湖段1051~1080地號,186.0,,一般農業區,農牧用地,1030331,土地3建物0車位0,,,其他,,,,0.0,0,0,0,有,無,850000,4570,,0.0,0,親友關係之交易,RPPNMLMJMHJFFAX56EA
馬公市,房地(土地+建物),澎湖縣馬公巿東文澳151~180號,70.32,,一般農業區,甲種建築用地,1021230,土地1建物1車位0,全,三層,透天厝,住家用,鋼筋混凝土加強磚造,0760328,124.7,3,2,2,有,無,5700000,45710,,0.0,0,,RPOOMLKKMHJFFAX09EA
馬公市,土地,西澳段481~510地號,169.89,其他,,,1030331,土地2建物0車位0,,,其他,,,,0.0,0,0,0,有,無,5096700,30000,,0.0,0,馬公都市計畫公兒5東側8米計畫道路協議價購30000元/M2,RPXNMLKKMHJFFAX17DA
馬公市,土地,西澳段481~510地號,81.02,其他,,,1030401,土地1建物0車位0,,,其他,,,,0.0,0,0,0,有,無,2430600,30000,,0.0,0,馬公都市計畫公兒5東側8米計畫道路協議價購30000元/M2,RPOOMLKKMHJFFAX98DA
馬公市,土地,鐵線段1201~1230地號,1067.28,,一般農業區,農牧用地,1030327,土地2建物0車位0,,,其他,,,,0.0,0,0,0,有,無,3067000,2874,,0.0,0,,RPOOMLTJMHJFFAX17DA
馬公市,土地,興崁段991~1020地號,2294.59,,一般農業區,農牧用地,1030312,土地2建物0車位0,,,其他,,,,0.0,0,0,0,有,無,17353000,7563,,0.0,0,,RPSNMLLKMHJFFAX76DA
白沙鄉,土地,下瓦硐段1081~1110地號,499.69,,一般農業區,農牧用地,1030320,土地2建物0車位0,,,其他,,,,0.0,0,0,0,有,無,1721000,3444,,0.0,0,,RPTNMLQKMHJFFAX27CA
白沙鄉,土地,下瓦硐段1081~1110地號,603.51,,一般農業區,農牧用地,1030320,土地1建物0車位0,,,其他,,,,0.0,0,0,0,有,無,2079000,3445,,0.0,0,,RPUNMLQKMHJFFAX37CA
馬公市,房地(土地+建物)+車位,澎湖縣馬公巿朝陽路91~120號,33.9,住,,,1030321,土地1建物1車位1,四層,七層,華廈(10層含以下有電梯),住家用,鋼筋混凝土造,0840426,132.02,4,2,2,有,無,4500000,34086,坡道機械,0.0,0,,RPQNMLKKMHJFFAX98CA
馬公市,土地,五福段91~120地號,1809.98,,一般農業區,農牧用地,1030325,土地1建物0車位0,,,其他,,,,0.0,0,0,0,有,無,59040000,32619,,0.0,0,"共有人8人,農變建專案核准,交易總價包括未興建房屋建築費用。",RPUNMLTJMHJFFAX57CA
馬公市,土地,六合段691~720地號,344.9,農,,,1030210,土地1建物0車位0,,,其他,,,,0.0,0,0,0,有,無,5552000,16097,,0.0,0,,RPVNMLTJMHJFFAX67CA
馬公市,土地,五福段421~450地號,32.92,,鄉村區,乙種建築用地,1030331,土地2建物0車位0,,,其他,,,,0.0,0,0,0,有,無,350000,10632,,0.0,0,親友、員工或其他特殊關係間之交易。,RPQNMLSJMHJFFAX07CA
湖西鄉,土地,許家段151~180地號,30.1,,一般農業區,交通用地,1030314,土地2建物0車位0,,,其他,,,,0.0,0,0,0,有,無,130174,4325,,0.0,0,公共設施保留地之交易。協議價購,RPPNMLNLMHJFFAX86EA
馬公市,土地,風櫃東段571~600地號,262.26,,一般農業區,農牧用地,1030327,土地1建物0車位0,,,其他,,,,0.0,0,0,0,有,無,1626000,6200,,0.0,0,,RPSNMLSKMHJFFAX47DA
馬公市,土地,馬公段1801~1830地號,206.0,住,,,1030331,土地1建物0車位0,,,其他,,,,0.0,0,0,0,有,無,15580000,75631,,0.0,0,,RPRNMLLKMHJFFAX66DA
馬公市,土地,春暉段601~630地號,324.25,住,,,1030326,土地1建物0車位0,,,其他,,,,0.0,0,0,0,有,無,22000000,67849,,0.0,0,,RPQNMLTJMHJFFAX27DA
馬公市,土地,春暉段601~630地號,851.45,住,,,1030305,土地1建物0車位0,,,其他,,,,0.0,0,0,0,有,無,50400000,59193,,0.0,0,,RPRNMLTJMHJFFAX37DA
馬公市,土地,西澳段361~390地號,139.11,其他,,,1030407,土地1建物0車位0,,,其他,,,,0.0,0,0,0,有,無,4173300,30000,,0.0,0,馬公都市計畫公兒5東側8米計畫道路協議價購30000元/M2,RPQOMLKKMHJFFAX56DA
馬公市,土地,西澳段781~810地號,160.54,其他,,,1030407,土地4建物0車位0,,,其他,,,,0.0,0,0,0,有,無,4816100,29999,,0.0,0,馬公都市計畫公兒5東側8米計畫道路協議價購30000元/M2,RPROMLKKMHJFFAX66DA
馬公市,土地,西澳段361~390地號,31.98,其他,,,1030407,土地1建物0車位0,,,其他,,,,0.0,0,0,0,有,無,959400,30000,,0.0,0,馬公都市計畫公兒5東側8米計畫道路協議價購30000元/M2,RPSOMLKKMHJFFAX76DA
馬公市,土地,西澳段481~510地號,30.94,其他,,,1030408,土地3建物0車位0,,,其他,,,,0.0,0,0,0,有,無,928313,30004,,0.0,0,"馬公都市計畫公兒5東側8米計畫道路協議價購30,000元/M2",RPTOMLKKMHJFFAX86DA
馬公市,房地(土地+建物),澎湖縣馬公巿石泉里石泉1~30號,419.3,,一般農業區,甲種建築用地,1030331,土地5建物1車位0,一層，二層,二層,工廠,見其他登記事項,見其他登記事項,0930427,162.42,2,2,2,有,無,16000000,,,0.0,0,"建物為作業廠房,住宅",RPQNMLLKMHJFFAX56DA
馬公市,土地,山水南段301~330地號,23.78,,一般農業區,農牧用地,1030324,土地1建物0車位0,,,其他,,,,0.0,0,0,0,有,無,706890,29726,,0.0,0,向政府機關承購之案件。,RPUOMLKKMHJFFAX07EA
馬公市,土地,烏崁新段1171~1200地號,166.47,,鄉村區,乙種建築用地,1030319,土地2建物0車位0,,,其他,,,,0.0,0,0,0,有,無,1105361,6640,,0.0,0,,RPVOMLKKMHJFFAX17EA
白沙鄉,土地,鎮海段841~870地號,642.0,,一般農業區,農牧用地,1030401,土地2建物0車位0,,,其他,,,,0.0,0,0,0,有,無,2380000,3707,,0.0,0,,RPPNMLKMMHJFFAX56DA
馬公市,土地,風櫃西段961~990地號,410.28,,鄉村區,乙種建築用地,1030315,土地1建物0車位0,,,其他,,,,0.0,0,0,0,有,無,1200000,2925,,0.0,0,,RPWNMLTJMHJFFAX77CA
馬公市,房地(土地+建物)+車位,澎湖縣馬公巿五福路61巷3弄1~30號,87.86,,鄉村區,乙種建築用地,1030310,土地1建物1車位1,全,三層,透天厝,住家用,鋼筋混凝土造,0830502,172.49,5,2,4,有,無,5000000,28987,一樓平面,0.0,0,,RPSNMLKKMHJFFAX56CA
湖西鄉,土地,潭邊新段421~450地號,2381.24,,一般農業區,農牧用地,1030327,土地1建物0車位0,,,其他,,,,0.0,0,0,0,有,無,2160000,907,,0.0,0,,RPUNMLMJNHJFFAX96CA
馬公市,土地,海堤段121~150地號,633.48,農,,,1030402,土地1建物0車位0,,,其他,,,,0.0,0,0,0,有,無,2100000,3315,,0.0,0,,RPQNMLKMMHJFFAX66DA
馬公市,土地,西澳段481~510地號,30.94,其他,,,1030408,土地3建物0車位0,,,其他,,,,0.0,0,0,0,有,無,928313,30004,,0.0,0,馬公都市計畫公兒5東側8米計畫道路協議價購30000元/M2,RPVNMLKKMHJFFAX96DA
馬公市,房地(土地+建物)+車位,澎湖縣馬公巿林森路87巷61~90號,38.03,住,,,1021231,土地2建物1車位1,三層,六層,華廈(10層含以下有電梯),住家用,鋼筋混凝土造,0820402,109.85,4,1,2,有,無,3880000,35321,坡道平面,0.0,0,,RPQNMLLLMHJFFAX66DA
湖西鄉,土地,鼎灣新段601~630地號,566.78,,一般農業區,農牧用地,1030328,土地1建物0車位0,,,其他,,,,0.0,0,0,0,有,無,2310000,4076,,0.0,0,,RPRNMLQKMHJFFAX17DA
馬公市,土地,馬公段421~450地號,83.0,商,,,1030401,土地2建物0車位0,,,其他,,,,0.0,0,0,0,有,無,5700000,68675,,0.0,0,,RPPNMLTLMHJFFAX37DA
馬公市,土地,北極段1321~1350地號,854.66,農,,,1030221,土地3建物0車位0,,,其他,,,,0.0,0,0,0,有,無,3510000,4107,,0.0,0,,RPROMLKMMHJFFAX86DA
馬公市,土地,海堤段121~150地號,26.53,農,,,1030402,土地1建物0車位0,,,其他,,,,0.0,0,0,0,有,無,120000,4523,,0.0,0,,RPVOMLKMMHJFFAX17CA
馬公市,房地(土地+建物)+車位,澎湖縣馬公巿五福路31~60號,142.87,,一般農業區,甲種建築用地,1030316,土地4建物1車位1,全,三層,透天厝,住家用,鋼筋混凝土造,0961018,209.61,4,3,5,有,無,6400000,30533,坡道平面,0.0,0,親友、員工或其他特殊關係間之交易。,RPQNMLRKMHJFFAX07CA
馬公市,土地,安宅段721~750地號,1017.16,,一般農業區,農牧用地,1030325,土地1建物0車位0,,,其他,,,,0.0,0,0,0,有,無,5600000,5506,,0.0,0,,RPTNMLRKMHJFFAX37CA
湖西鄉,土地,林投北段1~30地號,1096.2,,一般農業區,農牧用地,1030407,土地1建物0車位0,,,其他,,,,0.0,0,0,0,有,無,986584,900,,0.0,0,親友、員工或其他特殊關係間之交易。,RPPNMLLKMHJFFAX98CA
馬公市,土地,鐵線段481~510地號,473.86,,一般農業區,農牧用地,1030408,土地1建物0車位0,,,其他,,,,0.0,0,0,0,有,無,860000,1815,,0.0,0,,RPPNMLOKMHJFFAX66CA
馬公市,土地,光榮段121~150地號,174.68,其他,,,1030401,土地2建物0車位0,,,其他,,,,0.0,0,0,0,有,無,2560000,14655,,0.0,0,,RPQNMLPKMHJFFAX86CA
白沙鄉,土地,鎮海段151~180地號,325.0,,一般農業區,農牧用地,1030326,土地1建物0車位0,,,其他,,,,0.0,0,0,0,有,無,300000,923,,0.0,0,,RPTNMLOLMHJFFAX17CA
馬公市,土地,五德西段631~660地號,1086.33,,一般農業區,農牧用地,1030401,土地2建物0車位0,,,其他,,,,0.0,0,0,0,有,無,2628000,2419,,0.0,0,,RPWOMLKMMHJFFAX27CA
馬公市,土地,五德東段571~600地號,611.31,,一般農業區,農牧用地,1030325,土地1建物0車位0,,,其他,,,,0.0,0,0,0,有,無,3496000,5719,,0.0,0,,RPXOMLKMMHJFFAX37CA
馬公市,房地(土地+建物),澎湖縣馬公巿東衛里9鄰東衛181~210號,100.98,,鄉村區,乙種建築用地,1030408,土地1建物1車位0,全,四層,透天厝,住家用,鋼筋混凝土造,0850112,187.74,4,3,3,有,無,4150000,22105,,0.0,0,,RPVNMLMJNHJFFAX17DA
湖西鄉,土地,紅羅段1621~1650地號,268.7,,鄉村區,乙種建築用地,1030408,土地1建物0車位0,,,其他,,,,0.0,0,0,0,有,無,528320,1966,,0.0,0,,RPRNMLOKMHJFFAX96DA
馬公市,土地,馬公段1831~1860地號,17.5,其他,,,1030410,土地1建物0車位0,,,其他,,,,0.0,0,0,0,有,無,889350,50820,,0.0,0,"馬公都市計畫忠孝路101巷8米計畫道路開闢工程協議價購（50,820元/m2）",RPPNMLQKMHJFFAX96DA
湖西鄉,土地,沙港北段181~210地號,157.01,,一般農業區,農牧用地,1030408,土地1建物0車位0,,,其他,,,,0.0,0,0,0,有,無,500000,3185,,0.0,0,,RPOPMLKMMHJFFAX56CA
湖西鄉,土地,尖山南段331~360地號,681.34,,一般農業區,農牧用地,1030330,土地2建物0車位0,,,其他,,,,0.0,0,0,0,有,無,1442700,2117,,0.0,0,,RPRNMLRKMHJFFAX17CA
白沙鄉,土地,鎮海段841~870地號,642.0,,一般農業區,農牧用地,1030411,土地2建物0車位0,,,其他,,,,0.0,0,0,0,有,無,2500000,3894,,0.0,0,,RPSNMLRKMHJFFAX27CA
馬公市,房地(土地+建物),澎湖縣馬公巿雙頭掛1~30號,143.29,,一般農業區,甲種建築用地,1030325,土地2建物1車位0,全,二層,透天厝,住家用,加強磚造,0890705,163.94,3,1,3,有,無,4200000,25619,,0.0,0,,RPWNMLKMMHJFFAX27DA
馬公市,土地,西澳段781~810地號,3.55,其他,,,1030416,土地2建物0車位0,,,其他,,,,0.0,0,0,0,有,無,106500,30000,,0.0,0,馬公都市計畫公兒5東側8米計畫道路協議價購30000元/M2,RPSNMLMJNHJFFAX86DA
馬公市,房地(土地+建物),澎湖縣馬公巿鎖管港301~330號,93.77,農,,,1030407,土地2建物1車位0,全,三層,透天厝,住家用,鋼筋混凝土造,0780527,31.23,4,1,2,有,無,885000,28338,,0.0,0,親友、員工或其他特殊關係間之交易。,RPPNMLTKMHJFFAX27DA
馬公市,土地,文寮段1141~1170地號,393.7,,一般農業區,農牧用地,1030410,土地1建物0車位0,,,其他,,,,0.0,0,0,0,有,無,900000,2286,,0.0,0,,RPQNMLSKMHJFFAX17CA
湖西鄉,土地,成功南段1321~1350地號,1792.29,,一般農業區,農牧用地,1030411,土地1建物0車位0,,,其他,,,,0.0,0,0,0,有,無,13000000,7253,,0.0,0,,RPQPMLKMMHJFFAX76CA
馬公市,土地,山水西段301~330地號,1005.34,,一般農業區,農牧用地,1030409,土地1建物0車位0,,,其他,,,,0.0,0,0,0,有,無,2675200,2661,,0.0,0,,RPWNMLMKNHJFFAX27CA
馬公市,土地,山水西段451~480地號,533.01,,一般農業區,農牧用地,1030409,土地1建物0車位0,,,其他,,,,0.0,0,0,0,有,無,1600000,3002,,0.0,0,,RPXNMLMKNHJFFAX37CA
湖西鄉,土地,成功南段1081~1110地號,405.21,,一般農業區,農牧用地,1030407,土地1建物0車位0,,,其他,,,,0.0,0,0,0,有,無,2000000,4936,,0.0,0,,RPTNMLSKMHJFFAX57DA
馬公市,土地,西澳段781~810地號,3.55,其他,,,1030416,土地2建物0車位0,,,其他,,,,0.0,0,0,0,有,無,106500,30000,,0.0,0,馬公都市計畫公兒5東側8米計畫道路協議價購30000元/M2,RPTNMLMJNHJFFAX96DA
馬公市,土地,四維段691~720地號,729.27,,一般農業區,農牧用地,1030414,土地1建物0車位0,,,其他,,,,0.0,0,0,0,有,無,2200000,3017,,0.0,0,,RPRNMLMJNHJFFAX76DA
馬公市,土地,馬公段2011~2040地號,36.5,商,,,1021231,土地1建物0車位0,,,其他,,,,0.0,0,0,0,有,無,13100000,358904,,0.0,0,,RPPNMLSLMHJFFAX27DA
馬公市,土地,鐵線段691~720地號,228.77,,一般農業區,農牧用地,1030410,土地3建物0車位0,,,其他,,,,0.0,0,0,0,有,無,357259,1562,,0.0,0,親友、員工或其他特殊關係間之交易。,RPQNMLMLMHJFFAX86EA
馬公市,土地,東衛段901~930地號,23.05,,鄉村區,乙種建築用地,1030414,土地1建物0車位0,,,其他,,,,0.0,0,0,0,有,無,115250,5000,,0.0,0,親友、員工或其他特殊關係間之交易。,RPRNMLMLMHJFFAX86DA
馬公市,房地(土地+建物)+車位,澎湖縣馬公巿貿商街121~150號,31.27,住,,,1030415,土地1建物1車位1,六層,十三層,住宅大樓(11層含以上有電梯),見其他登記事項,鋼筋混凝土造,0950629,210.3,4,1,2,有,有,3800000,18069,坡道平面,0.0,0,,RPOOMLKMMHJFFAX09CA
七美鄉,土地,大嶼段5521~5550地號,55.67,,一般農業區,農牧用地,1030414,土地1建物0車位0,,,其他,,,,0.0,0,0,0,有,無,12000,216,,0.0,0,親友、員工或其他特殊關係間公祖產分配之交易。,RPRNMLTJNHJFFAX37CA
馬公市,房地(土地+建物),澎湖縣馬公巿文山路27巷1~30號,17.51,住,,,1030330,土地2建物1車位0,二層,八層,華廈(10層含以下有電梯),住家用,鋼筋混凝土造,0860628,93.66,3,1,2,有,無,2920000,31177,,0.0,0,,RPRNMLMKNHJFFAX76CA
馬公市,土地,鐵線段481~510地號,473.86,,一般農業區,農牧用地,1030415,土地1建物0車位0,,,其他,,,,0.0,0,0,0,有,無,1700000,3588,,0.0,0,,RPPNMLMLMHJFFAX56CA
馬公市,土地,興仁段1531~1560地號,1617.59,,一般農業區,農牧用地,1030410,土地1建物0車位0,,,其他,,,,0.0,0,0,0,有,無,3914000,2420,,0.0,0,,RPPNMLOLMHJFFAX76CA
白沙鄉,土地,瓦硐段871~900地號,839.0,,風景區,農牧用地,1030414,土地1建物0車位0,,,其他,,,,0.0,0,0,0,有,無,2600000,3099,,0.0,0,,RPQNMLOLMHJFFAX86CA
馬公市,房地(土地+建物)+車位,澎湖縣馬公巿朝陽路61~90號,28.51,住,,,1030411,土地4建物1車位1,五層,七層,華廈(10層含以下有電梯),住家用,鋼筋混凝土造,0830509,169.63,3,2,2,有,有,4300000,25349,坡道平面,0.0,0,,RPWNMLOLMHJFFAX47CA
湖西鄉,土地,南寮北段901~930地號,131.84,,鄉村區,乙種建築用地,1030414,土地1建物0車位0,,,其他,,,,0.0,0,0,0,有,無,350000,2655,,0.0,0,,RPVNMLKMMHJFFAX07CA
馬公市,房地(土地+建物)+車位,澎湖縣馬公巿光復路121~150號,29.26,住,,,1030414,土地2建物1車位1,七層,七層,華廈(10層含以下有電梯),住家用,鋼筋混凝土造,0830303,145.37,2,2,2,有,有,3600000,24764,坡道平面,0.0,0,,RPXNMLOLMHJFFAX57CA
西嶼鄉,土地,二崁南段271~300地號,292.32,其他,,,1030415,土地1建物0車位0,,,其他,,,,0.0,0,0,0,有,無,2210000,7560,,0.0,0,,RPVNMLOLMHJFFAX37CA
白沙鄉,土地,後寮段721~750地號,1290.51,,一般農業區,農牧用地,1030411,土地3建物0車位0,,,其他,,,,0.0,0,0,0,有,無,650000,504,,0.0,0,,RPSNMLOLMHJFFAX07CA
七美鄉,土地,大嶼段4381~4410地號,971.0,,一般農業區,農牧用地,1030421,土地3建物0車位0,,,其他,,,,0.0,0,0,0,有,無,708830,730,,0.0,0,,RPVNMLRJNHJFFAX77EA
馬公市,房地(土地+建物),澎湖縣馬公巿五福路61~90號,153.99,,一般農業區,甲種建築用地,1021216,土地2建物1車位0,全,三層,透天厝,住家用,鋼筋混凝土造,0860623,189.86,3,3,3,有,無,5420000,28547,,0.0,0,,RPQNMLNLMHJFFAX86DA
馬公市,土地,文寮段571~600地號,2462.52,,一般農業區,農牧用地,1030410,土地1建物0車位0,,,其他,,,,0.0,0,0,0,有,無,16000000,6497,,0.0,0,,RPSNMLRJNHJFFAX37DA
馬公市,土地,文寮段721~750地號,197.4,,一般農業區,甲種建築用地,1030407,土地2建物0車位0,,,其他,,,,0.0,0,0,0,有,無,6500000,32928,,0.0,0,農變建案件包含未完成建築物0,RPPNMLTJNHJFFAX27DA
馬公市,土地,文寮段721~750地號,197.9,,一般農業區,甲種建築用地,1030416,土地2建物0車位0,,,其他,,,,0.0,0,0,0,有,無,6500000,32845,,0.0,0,農變建案件包含未建築完成建築物0,RPQNMLTJNHJFFAX37DA
馬公市,土地,風櫃西段91~120地號,871.48,,風景區,林業用地,1030417,土地1建物0車位0,,,其他,,,,0.0,0,0,0,有,無,1045776,1200,,0.0,0,親友關係間之交易。,RPQNMLSLMHJFFAX37DA
馬公市,土地,風櫃西段31~60地號,29.5,,風景區,林業用地,1030417,土地1建物0車位0,,,其他,,,,0.0,0,0,0,有,無,35400,1200,,0.0,0,親友關係間之交易。,RPRNMLSLMHJFFAX47DA
湖西鄉,土地,許家段271~300地號,859.02,,一般農業區,農牧用地,1030417,土地2建物0車位0,,,其他,,,,0.0,0,0,0,有,無,2260000,2631,,0.0,0,,RPRNMLLJNHJFFAX66DA
七美鄉,土地,大嶼段4801~4830地號,673.0,,森林區,農牧用地,1030421,土地1建物0車位0,,,其他,,,,0.0,0,0,0,有,無,491290,730,,0.0,0,,RPWNMLRJNHJFFAX87EA
馬公市,土地,案山段271~300地號,88.24,住,,,1030411,土地2建物0車位0,,,其他,,,,0.0,0,0,0,有,無,5566,63,,0.0,0,,RPUNMLQKNHJFFAX57DA
湖西鄉,土地,西溪新段601~630地號,27.01,,鄉村區,乙種建築用地,1030414,土地1建物0車位0,,,其他,,,,0.0,0,0,0,有,無,82000,3036,,0.0,0,親友關係間之交易。,RPTNMLTLMHJFFAX77DA
白沙鄉,土地,港子段1681~1710地號,1700.0,,一般農業區,農牧用地,1030311,土地1建物0車位0,,,其他,,,,0.0,0,0,0,有,無,2350000,1382,,0.0,0,,RPRPMLKMMHJFFAX86CA
白沙鄉,土地,中屯段1171~1200地號,77.0,,鄉村區,乙種建築用地,1030311,土地1建物0車位0,,,其他,,,,0.0,0,0,0,有,無,660000,8571,,0.0,0,,RPSPMLKMMHJFFAX96CA
馬公市,土地,五福段511~540地號,446.51,,一般農業區,農牧用地,1030403,土地1建物0車位0,,,其他,,,,0.0,0,0,0,有,無,3850000,8622,,0.0,0,,RPTPMLKMMHJFFAX07CA
馬公市,土地,安宅段871~900地號,582.4,,一般農業區,農牧用地,1030323,土地1建物0車位0,,,其他,,,,0.0,0,0,0,有,無,4960000,8516,,0.0,0,,RPUPMLKMMHJFFAX17CA
西嶼鄉,土地,小池角段3811~3840地號,499.0,,鄉村區,乙種建築用地,1030411,土地1建物0車位0,,,其他,,,,0.0,0,0,0,有,無,1725000,3457,,0.0,0,,RPPOMLKMMHJFFAX56CA
湖西鄉,土地,成功南段931~960地號,937.73,,一般農業區,農牧用地,1030418,土地1建物0車位0,,,其他,,,,0.0,0,0,0,有,無,2200000,2346,,0.0,0,,RPPNMLSJNHJFFAX07CA
馬公市,土地,馬公段121~150地號,30.0,住,,,1030421,土地1建物0車位0,,,其他,,,,0.0,0,0,0,有,無,3302000,110067,,0.0,0,,RPQNMLTLMHJFFAX47DA
馬公市,土地,文澳段2311~2340地號,1806.0,住,,,1030416,土地1建物0車位0,,,其他,,,,0.0,0,0,0,有,無,134389000,74413,,0.0,0,含未保存登記建物乙棟,RPPNMLMKNHJFFAX66DA
湖西鄉,土地,龍門西段61~90地號,87.1,,一般農業區,農牧用地,1030421,土地1建物0車位0,,,其他,,,,0.0,0,0,0,有,無,130000,1493,,0.0,0,,RPPNMLRJNHJFFAX07DA
馬公市,房地(土地+建物),澎湖縣馬公巿光復路31~60號,42.0,商,,,1030324,土地1建物1車位0,全,三層,透天厝,住商用,鋼筋混凝土造,0670615,89.76,4,2,3,有,無,4500000,50134,,0.0,0,,RPQNMLPJNHJFFAX86CA
湖西鄉,土地,許家段1081~1110地號,570.8,,一般農業區,農牧用地,1030411,土地1建物0車位0,,,其他,,,,0.0,0,0,0,有,無,6500000,11388,,0.0,0,,RPTNMLMKNHJFFAX96CA
馬公市,土地,案山段511~540地號,115.04,住,,,1030424,土地2建物0車位0,,,其他,,,,0.0,0,0,0,有,無,1500000,13039,,0.0,0,親友、員工或其他特殊關係間之交易。包含公共設施保留地之交易。,RPUNMLMKNHJFFAX07CA
馬公市,土地,安宅段361~390地號,305.61,,一般農業區,農牧用地,1030421,土地1建物0車位0,,,其他,,,,0.0,0,0,0,有,無,920000,3010,,0.0,0,,RPXNMLKMMHJFFAX27CA
湖西鄉,土地,湖東新段61~90地號,396.71,,鄉村區,乙種建築用地,1030415,土地1建物0車位0,,,其他,,,,0.0,0,0,0,有,無,2000000,5041,,0.0,0,,RPQNMLLJNHJFFAX09CA
馬公市,土地,五福段751~780地號,863.15,,一般農業區,農牧用地,1030418,土地1建物0車位0,,,其他,,,,0.0,0,0,0,有,無,7088000,8212,,0.0,0,,RPPPMLKMMHJFFAX66CA
湖西鄉,土地,許家段1141~1170地號,18.36,,一般農業區,農牧用地,1030422,土地1建物0車位0,,,其他,,,,0.0,0,0,0,有,無,97125,5290,,0.0,0,,RPVPMLKMMHJFFAX37DA
西嶼鄉,土地,二崁南段1171~1200地號,347.96,,風景區,農牧用地,1030425,土地2建物0車位0,,,其他,,,,0.0,0,0,0,有,無,630000,1811,,0.0,0,,RPPNMLLJNHJFFAX09DA
馬公市,土地,埕中段781~810地號,3.93,住,,,1030428,土地1建物0車位0,,,其他,,,,0.0,0,0,0,有,無,100000,25445,,0.0,0,有民情風俗因素之交易。,RPQNMLMJNHJFFAX66DA
馬公市,土地,文石段1441~1470地號,336.83,,一般農業區,農牧用地,1030418,土地7建物0車位0,,,其他,,,,0.0,0,0,0,有,無,451310,1340,,0.0,0,親友、員工或其他特殊關係間之交易。,RPWPMLKMMHJFFAX57EA
