﻿編號,車位類別,車位價格,車位面積平方公尺
Serial number,berth category,berth price,berth area square meter
RPXOMLLJQHLFFAD58CC,坡道平面,0,12.06
RPWNMLPJRHLFFCD09CC,坡道平面,0,
RPUNMLRJRHLFFCD09CC,坡道機械,0,
RPTOMLMKRHLFFAD48CC,坡道平面,0,30.48
RPTOMLMKRHLFFAD48CC,坡道平面,0,30.48
RPPNMLQKRHLFFHR87CC,坡道機械,0,
RPUNMLNKRHLFFCD88DC,坡道平面,0,31.20
RPPNMLLLRHLFFER17CC,其他,0,
RPPNMLLLRHLFFER17CC,其他,0,
RPUNMLMLRHLFFER77CC,坡道平面,0,33.21
RPPNMLMJIILFFBD17CC,坡道平面,0,34.10
RPSNMLRKIILFFCD18CC,坡道平面,0,24.85
