﻿鄉鎮市區,交易標的,土地區段位置建物區段門牌,土地移轉總面積平方公尺,都市土地使用分區,非都市土地使用分區,非都市土地使用編定,交易年月日,交易筆棟數,移轉層次,總樓層數,建物型態,主要用途,主要建材,建築完成年月,建物移轉總面積平方公尺,建物現況格局-房,建物現況格局-廳,建物現況格局-衛,建物現況格局-隔間,有無管理組織,總價元,單價元平方公尺,車位類別,車位移轉總面積平方公尺,車位總價元,備註,編號
The villages and towns urban district,transaction sign,land sector position building sector house number plate,land shifting total area square meter,the use zoning or compiles and checks,the non-metropolis land use district,non-metropolis land use,transaction year month and day,transaction pen number,shifting level,total floor number,building state,main use,main building materials,construction to complete the years,building shifting total area,Building present situation pattern - room,building present situation pattern - hall,building present situation pattern - health,building present situation pattern - compartmented,Whether there is manages the organization,total price NTD,the unit price (NTD / square meter),the berth category,berth shifting total area square meter,the berth total price NTD,the note,serial number
新興區,房地(土地+建物)+車位,新興段二小段511~540地號,9.7,商,,,1031107,土地1建物1車位1,十二層,14,住宅大樓(11層含以上有電梯),住家用,鋼筋混凝土造,,110.66,2,1,1,有,無,8100000,74113,坡道機械,14.86,1000000,,RPRNMLQKQHLFFBE58CB
新興區,房地(土地+建物),新興段二小段511~540地號,8.23,商,,,1031026,土地1建物1車位0,三層,14,住宅大樓(11層含以上有電梯),住家用,鋼筋混凝土造,,93.06,2,1,1,有,無,6530000,70170,,0.0,0,,RPVNMLQKQHLFFBE98CB
新興區,房地(土地+建物),新興段二小段511~540地號,8.23,商,,,1040105,土地1建物1車位0,四層,14,住宅大樓(11層含以上有電梯),住家用,鋼筋混凝土造,,93.06,2,1,1,有,無,6620000,71137,,0.0,0,,RPWNMLQKQHLFFBE09CB
新興區,房地(土地+建物),新興段二小段511~540地號,8.23,商,,,1031019,土地1建物1車位0,五層,14,住宅大樓(11層含以上有電梯),住家用,鋼筋混凝土造,,93.06,2,1,1,有,無,6470000,69525,,0.0,0,,RPXNMLQKQHLFFBE56CB
新興區,房地(土地+建物),新興段二小段511~540地號,8.23,商,,,1031204,土地1建物1車位0,六層,14,住宅大樓(11層含以上有電梯),住家用,鋼筋混凝土造,,93.06,2,1,1,有,無,6700000,71997,,0.0,0,,RPOOMLQKQHLFFBE38CB
新興區,房地(土地+建物)+車位,新興段二小段511~540地號,8.51,商,,,1030912,土地1建物1車位1,七層,14,住宅大樓(11層含以上有電梯),住家用,鋼筋混凝土造,,107.92,2,1,1,有,無,8000000,74146,坡道機械,14.86,1100000,,RPPOMLQKQHLFFBE48CB
新興區,房地(土地+建物)+車位,新興段二小段511~540地號,8.51,商,,,1031012,土地1建物1車位1,八層,14,住宅大樓(11層含以上有電梯),住家用,鋼筋混凝土造,,107.92,2,1,1,有,無,8000000,74146,坡道機械,14.86,1100000,,RPQOMLQKQHLFFBE58CB
新興區,房地(土地+建物)+車位,新興段二小段511~540地號,8.51,商,,,1031017,土地1建物1車位1,十層,14,住宅大樓(11層含以上有電梯),住家用,鋼筋混凝土造,,107.92,2,1,1,有,無,7880000,73931,坡道機械,14.86,1000000,,RPSOMLQKQHLFFBE78CB
新興區,房地(土地+建物)+車位,新興段二小段511~540地號,8.51,商,,,1031101,土地1建物1車位1,十一層,14,住宅大樓(11層含以上有電梯),住家用,鋼筋混凝土造,,107.92,2,1,1,有,無,7780000,72856,坡道機械,14.86,1000000,,RPTOMLQKQHLFFBE88CB
新興區,房地(土地+建物)+車位,新興段二小段511~540地號,8.51,商,,,1040409,土地1建物1車位1,十二層,14,住宅大樓(11層含以上有電梯),住家用,鋼筋混凝土造,,107.92,2,1,1,有,無,7610000,71029,坡道機械,14.86,1000000,,RPUOMLQKQHLFFBE98CB
新興區,房地(土地+建物)+車位,新興段二小段511~540地號,8.51,商,,,1031118,土地1建物1車位1,十三層,14,住宅大樓(11層含以上有電梯),住家用,鋼筋混凝土造,,107.92,2,1,1,有,無,8800000,83817,坡道機械,14.86,1000000,,RPVOMLQKQHLFFBE09CB
新興區,房地(土地+建物)+車位,新興段二小段511~540地號,8.51,商,,,1040418,土地1建物1車位1,十四層,14,住宅大樓(11層含以上有電梯),住家用,鋼筋混凝土造,,107.92,2,1,1,有,無,7750000,72534,坡道機械,14.86,1000000,,RPWOMLQKQHLFFBE56CB
新興區,房地(土地+建物),新興段二小段511~540地號,8.94,商,,,1040424,土地1建物1車位0,三層,14,住宅大樓(11層含以上有電梯),住家用,鋼筋混凝土造,,92.17,2,1,1,有,無,6400000,69437,,0.0,0,,RPXOMLQKQHLFFBE66CB
新興區,房地(土地+建物),新興段二小段511~540地號,8.94,商,,,1031010,土地1建物1車位0,四層,14,住宅大樓(11層含以上有電梯),住家用,鋼筋混凝土造,,92.17,2,1,1,有,無,6300000,68352,,0.0,0,,RPOPMLQKQHLFFBE48CB
新興區,房地(土地+建物)+車位,新興段二小段511~540地號,9.22,商,,,1040113,土地1建物1車位1,五層,14,住宅大樓(11層含以上有電梯),住家用,鋼筋混凝土造,,107.03,2,1,1,有,無,7200000,69437,坡道機械,14.86,800000,,RPPPMLQKQHLFFBE58CB
新興區,房地(土地+建物)+車位,新興段二小段511~540地號,9.22,商,,,1030628,土地1建物1車位1,七層,14,住宅大樓(11層含以上有電梯),住家用,鋼筋混凝土造,,107.03,2,1,1,有,無,7200000,69437,坡道機械,14.86,800000,,RPQPMLQKQHLFFBE68CB
新興區,房地(土地+建物)+車位,新興段二小段511~540地號,9.22,商,,,1030620,土地1建物1車位1,十層,14,住宅大樓(11層含以上有電梯),住家用,鋼筋混凝土造,,107.03,2,1,1,有,無,7400000,70522,坡道機械,14.86,900000,,RPRPMLQKQHLFFBE78CB
新興區,房地(土地+建物)+車位,新興段二小段511~540地號,9.22,商,,,1030704,土地1建物1車位1,十一層,14,住宅大樓(11層含以上有電梯),住家用,鋼筋混凝土造,,107.03,2,1,1,有,無,7900000,73777,坡道機械,14.86,1100000,,RPSPMLQKQHLFFBE88CB
新興區,房地(土地+建物)+車位,新興段二小段511~540地號,9.22,商,,,1030616,土地1建物1車位1,十二層,14,住宅大樓(11層含以上有電梯),住家用,鋼筋混凝土造,,107.03,2,1,1,有,無,7500000,72692,坡道機械,14.86,800000,,RPTPMLQKQHLFFBE98CB
新興區,房地(土地+建物)+車位,新興段二小段511~540地號,9.22,商,,,1030715,土地1建物1車位1,十三層,14,住宅大樓(11層含以上有電梯),住家用,鋼筋混凝土造,,107.03,2,1,1,有,無,7900000,73777,坡道機械,14.86,1100000,,RPUPMLQKQHLFFBE09CB
新興區,房地(土地+建物)+車位,新興段二小段511~540地號,9.22,商,,,1040421,土地1建物1車位1,十四層,14,住宅大樓(11層含以上有電梯),住家用,鋼筋混凝土造,,107.03,2,1,1,有,無,7950000,74319,坡道機械,14.86,1100000,,RPVPMLQKQHLFFBE56CB
新興區,房地(土地+建物),新興段二小段511~540地號,9.42,商,,,1030830,土地1建物1車位0,三層,14,住宅大樓(11層含以上有電梯),住家用,鋼筋混凝土造,,95.8,2,1,1,有,無,6850000,71503,,0.0,0,,RPWPMLQKQHLFFBE66CB
新興區,房地(土地+建物),新興段二小段511~540地號,9.42,商,,,1040412,土地1建物1車位0,四層,14,住宅大樓(11層含以上有電梯),住家用,鋼筋混凝土造,,95.8,2,1,1,有,無,7100000,74113,,0.0,0,,RPXPMLQKQHLFFBE76CB
新興區,房地(土地+建物),新興段二小段511~540地號,9.42,商,,,1031021,土地1建物1車位0,五層,14,住宅大樓(11層含以上有電梯),住家用,鋼筋混凝土造,,95.8,2,1,1,有,無,7100000,74113,,0.0,0,,RPOQMLQKQHLFFBE58CB
新興區,房地(土地+建物),新興段二小段511~540地號,9.42,商,,,1040410,土地1建物1車位0,六層,14,住宅大樓(11層含以上有電梯),住家用,鋼筋混凝土造,,95.8,2,1,1,有,無,6950000,72547,,0.0,0,,RPPQMLQKQHLFFBE68CB
新興區,房地(土地+建物)+車位,新興段二小段511~540地號,9.7,商,,,1030625,土地1建物1車位1,七層,14,住宅大樓(11層含以上有電梯),住家用,鋼筋混凝土造,,110.66,2,1,1,有,無,7580000,69729,坡道機械,14.86,900000,,RPQQMLQKQHLFFBE78CB
新興區,房地(土地+建物)+車位,新興段二小段511~540地號,9.7,商,,,1030621,土地1建物1車位1,八層,14,住宅大樓(11層含以上有電梯),住家用,鋼筋混凝土造,,110.66,2,1,1,有,無,7470000,69624,坡道機械,14.86,800000,,RPRQMLQKQHLFFBE88CB
新興區,房地(土地+建物)+車位,新興段二小段511~540地號,9.7,商,,,1030630,土地1建物1車位1,九層,14,住宅大樓(11層含以上有電梯),住家用,鋼筋混凝土造,,110.66,2,1,1,有,無,7470000,69624,坡道機械,14.86,800000,,RPSQMLQKQHLFFBE98CB
新興區,房地(土地+建物)+車位,新興段二小段511~540地號,9.7,商,,,1040203,土地1建物1車位1,十一層,14,住宅大樓(11層含以上有電梯),住家用,鋼筋混凝土造,,110.66,2,1,1,有,無,8300000,76200,坡道機械,14.86,1000000,,RPTQMLQKQHLFFBE09CB
新興區,房地(土地+建物)+車位,新興段二小段511~540地號,9.7,商,,,1030822,土地1建物1車位1,十三層,14,住宅大樓(11層含以上有電梯),住家用,鋼筋混凝土造,,110.66,2,1,1,有,無,8260000,74739,坡道機械,14.86,1100000,,RPUQMLQKQHLFFBE56CB
新興區,房地(土地+建物)+車位,新興段二小段511~540地號,9.7,商,,,1031223,土地1建物1車位1,十四層,14,住宅大樓(11層含以上有電梯),住家用,鋼筋混凝土造,,110.66,2,1,1,有,無,8350000,75678,坡道機械,14.86,1100000,,RPVQMLQKQHLFFBE66CB
新興區,房地(土地+建物)+車位,新興段二小段511~540地號,13.93,商,,,1040506,土地1建物1車位1,三層,14,住宅大樓(11層含以上有電梯),住家用,鋼筋混凝土造,,163.89,3,2,2,有,無,10500000,65981,坡道平面,29.76,1650000,,RPWQMLQKQHLFFBE76CB
新興區,房地(土地+建物)+車位,新興段二小段511~540地號,13.93,商,,,1040412,土地1建物1車位1,四層,14,住宅大樓(11層含以上有電梯),住家用,鋼筋混凝土造,,163.89,3,2,2,有,無,11900000,75300,坡道平面,29.76,1800000,,RPXQMLQKQHLFFBE86CB
新興區,房地(土地+建物)+車位,新興段二小段511~540地號,13.93,商,,,1040203,土地1建物1車位1,五層,14,住宅大樓(11層含以上有電梯),住家用,鋼筋混凝土造,,163.89,3,2,2,有,無,10900000,72318,坡道平面,29.76,1200000,,RPORMLQKQHLFFBE68CB
新興區,房地(土地+建物)+車位,新興段二小段511~540地號,13.93,商,,,1031031,土地1建物1車位1,六層,14,住宅大樓(11層含以上有電梯),住家用,鋼筋混凝土造,,163.89,3,2,2,有,無,11300000,69708,坡道平面,29.76,1950000,,RPPRMLQKQHLFFBE78CB
新興區,房地(土地+建物)+車位,新興段二小段511~540地號,13.93,商,,,1031025,土地1建物1車位1,七層,14,住宅大樓(11層含以上有電梯),住家用,鋼筋混凝土造,,163.89,3,2,2,有,無,11300000,70827,坡道平面,29.76,1800000,,RPQRMLQKQHLFFBE88CB
新興區,房地(土地+建物)+車位,新興段二小段511~540地號,13.93,商,,,1031029,土地1建物1車位1,八層,14,住宅大樓(11層含以上有電梯),住家用,鋼筋混凝土造,,163.89,3,2,2,有,無,11640000,74107,坡道平面,29.76,1700000,,RPSRMLQKQHLFFBE09CB
新興區,房地(土地+建物)+車位,新興段二小段511~540地號,13.93,商,,,1031117,土地1建物1車位1,九層,14,住宅大樓(11層含以上有電梯),住家用,鋼筋混凝土造,,163.89,3,2,2,有,無,11280000,70678,坡道平面,29.76,1800000,,RPTRMLQKQHLFFBE56CB
新興區,房地(土地+建物)+車位,新興段二小段511~540地號,13.93,商,,,1040412,土地1建物1車位1,十層,14,住宅大樓(11層含以上有電梯),住家用,鋼筋混凝土造,,163.89,3,2,2,有,無,11900000,75300,坡道平面,29.76,1800000,,RPURMLQKQHLFFBE66CB
新興區,房地(土地+建物)+車位,新興段二小段511~540地號,13.93,商,,,1031203,土地1建物1車位1,十一層,14,住宅大樓(11層含以上有電梯),住家用,鋼筋混凝土造,,163.89,3,2,2,有,無,12300000,79401,坡道平面,29.76,1650000,,RPVRMLQKQHLFFBE76CB
新興區,房地(土地+建物)+車位,新興段二小段511~540地號,13.93,商,,,1030902,土地1建物1車位1,十二層,14,住宅大樓(11層含以上有電梯),住家用,鋼筋混凝土造,,163.89,3,2,2,有,無,11600000,71945,坡道平面,29.76,1950000,,RPWRMLQKQHLFFBE86CB
新興區,房地(土地+建物)+車位,新興段二小段511~540地號,13.93,商,,,1031014,土地1建物1車位1,十三層,14,住宅大樓(11層含以上有電梯),住家用,鋼筋混凝土造,,163.89,3,2,2,有,無,11650000,72318,坡道平面,29.76,1950000,,RPXRMLQKQHLFFBE96CB
新興區,房地(土地+建物)+車位,新興段二小段511~540地號,13.93,商,,,1031023,土地1建物1車位1,十四層,14,住宅大樓(11層含以上有電梯),住家用,鋼筋混凝土造,,163.89,3,2,2,有,無,12000000,74927,坡道平面,29.76,1950000,,RPOSMLQKQHLFFBE78CB
新興區,房地(土地+建物),新興段二小段511~540地號,11.06,商,,,1030726,土地1建物1車位0,三層,14,住宅大樓(11層含以上有電梯),住家用,鋼筋混凝土造,,122.65,3,2,2,有,無,8400000,68488,,0.0,0,,RPPSMLQKQHLFFBE88CB
新興區,房地(土地+建物)+車位,新興段二小段511~540地號,11.62,商,,,1030817,土地1建物1車位1,四層,14,住宅大樓(11層含以上有電梯),住家用,鋼筋混凝土造,,152.41,3,2,2,有,無,10700000,72564,坡道平面,29.76,1800000,,RPQSMLQKQHLFFBE98CB
新興區,房地(土地+建物)+車位,新興段二小段511~540地號,11.62,商,,,1030610,土地1建物1車位1,五層,14,住宅大樓(11層含以上有電梯),住家用,鋼筋混凝土造,,152.41,3,2,2,有,無,10450000,73380,坡道平面,29.76,1450000,,RPRSMLQKQHLFFBE09CB
新興區,房地(土地+建物)+車位,新興段二小段511~540地號,11.62,商,,,1030815,土地1建物1車位1,七層,14,住宅大樓(11層含以上有電梯),住家用,鋼筋混凝土造,,152.41,3,2,2,有,無,10500000,70934,坡道平面,29.76,1800000,,RPSSMLQKQHLFFBE56CB
新興區,房地(土地+建物)+車位,新興段二小段511~540地號,11.62,商,,,1030724,土地1建物1車位1,八層,14,住宅大樓(11層含以上有電梯),住家用,鋼筋混凝土造,,152.41,3,2,2,有,無,9670000,67428,坡道平面,29.76,1400000,,RPTSMLQKQHLFFBE66CB
新興區,房地(土地+建物)+車位,新興段二小段511~540地號,11.62,商,,,1030921,土地1建物1車位1,九層,14,住宅大樓(11層含以上有電梯),住家用,鋼筋混凝土造,,152.41,3,2,2,有,無,10620000,71912,坡道平面,29.76,1800000,,RPUSMLQKQHLFFBE76CB
新興區,房地(土地+建物)+車位,新興段二小段511~540地號,11.62,商,,,1031018,土地1建物1車位1,十層,14,住宅大樓(11層含以上有電梯),住家用,鋼筋混凝土造,,152.41,3,2,2,有,無,10600000,70526,坡道平面,29.76,1950000,,RPVSMLQKQHLFFBE86CB
楠梓區,房地(土地+建物)+車位,藍昌段三小段481~510地號,9.98,商,,,1030909,土地1建物1車位1,六層,15,住宅大樓(11層含以上有電梯),住家用,鋼筋混凝土造,,130.47,3,2,2,有,無,6500000,45969,坡道機械,7.56,850000,,RPWNMLKKRHLFFEE88CB
楠梓區,房地(土地+建物)+車位,藍昌段三小段481~510地號,10.58,商,,,1030628,土地1建物1車位1,十二層,15,住宅大樓(11層含以上有電梯),住家用,鋼筋混凝土造,,139.21,3,2,2,有,無,7450000,51664,坡道平面,16.3,1100000,,RPXNMLKKRHLFFEE98CB
楠梓區,房地(土地+建物)+車位,藍昌段三小段481~510地號,10.73,商,,,1031012,土地1建物1車位1,十一層,15,住宅大樓(11層含以上有電梯),住家用,鋼筋混凝土造,,144.21,3,2,2,有,無,7700000,51599,坡道平面,16.3,1100000,,RPOOMLKKRHLFFEE18CB
楠梓區,房地(土地+建物),藍昌段三小段481~510地號,6.61,商,,,1030623,土地1建物1車位0,三層,15,住宅大樓(11層含以上有電梯),住家用,鋼筋混凝土造,,80.41,2,1,1,有,無,3620000,45019,,0.0,0,,RPPOMLKKRHLFFEE28CB
楠梓區,房地(土地+建物)+車位,藍昌段三小段481~510地號,11.15,商,,,1030623,土地1建物1車位1,三層,15,住宅大樓(11層含以上有電梯),住家用,鋼筋混凝土造,,136.71,3,2,2,有,無,6620000,45843,坡道平面,16.3,1100000,,RPQOMLKKRHLFFEE38CB
楠梓區,房地(土地+建物)+車位,藍昌段三小段481~510地號,11.15,商,,,1031018,土地1建物1車位1,四層,15,住宅大樓(11層含以上有電梯),住家用,鋼筋混凝土造,,136.71,3,2,2,有,無,6900000,48169,坡道平面,16.3,1100000,,RPROMLKKRHLFFEE48CB
楠梓區,房地(土地+建物),藍昌段三小段481~510地號,7.32,商,,,1030827,土地1建物1車位0,四層,15,住宅大樓(11層含以上有電梯),住家用,鋼筋混凝土造,,85.95,2,1,1,有,無,3750000,43630,,0.0,0,,RPSOMLKKRHLFFEE58CB
楠梓區,房地(土地+建物),藍昌段三小段481~510地號,7.38,商,,,1030715,土地1建物1車位0,二層,15,住宅大樓(11層含以上有電梯),住家用,鋼筋混凝土造,,86.63,2,1,1,有,無,3660000,42249,,0.0,0,,RPTOMLKKRHLFFEE68CB
楠梓區,房地(土地+建物),藍昌段三小段481~510地號,7.38,商,,,1030805,土地1建物1車位0,五層,15,住宅大樓(11層含以上有電梯),住家用,鋼筋混凝土造,,86.63,2,1,1,有,無,3980000,45943,,0.0,0,,RPUOMLKKRHLFFEE78CB
楠梓區,房地(土地+建物),藍昌段三小段481~510地號,7.38,商,,,1031012,土地1建物1車位0,七層,15,住宅大樓(11層含以上有電梯),住家用,鋼筋混凝土造,,86.63,2,1,1,有,無,4150000,47905,,0.0,0,,RPVOMLKKRHLFFEE88CB
楠梓區,房地(土地+建物),藍昌段三小段481~510地號,7.32,商,,,1030622,土地1建物1車位0,二層,15,住宅大樓(11層含以上有電梯),住家用,鋼筋混凝土造,,85.95,2,1,1,有,無,3790000,44095,,0.0,0,,RPWOMLKKRHLFFEE98CB
楠梓區,房地(土地+建物)+車位,藍昌段三小段481~510地號,7.68,商,,,1030618,土地1建物1車位1,七層,15,住宅大樓(11層含以上有電梯),住家用,鋼筋混凝土造,,93.51,2,1,1,有,無,4910000,47237,坡道機械,7.56,850000,,RPXOMLKKRHLFFEE09CB
楠梓區,房地(土地+建物)+車位,藍昌段三小段481~510地號,7.68,商,,,1030801,土地1建物1車位1,九層,15,住宅大樓(11層含以上有電梯),住家用,鋼筋混凝土造,,93.51,2,1,1,有,無,5000000,48284,坡道機械,7.56,850000,,RPOPMLKKRHLFFEE28CB
楠梓區,房地(土地+建物)+車位,藍昌段三小段481~510地號,8.08,商,,,1030705,土地1建物1車位1,八層,15,住宅大樓(11層含以上有電梯),住家用,鋼筋混凝土造,,101.42,2,1,1,有,無,5250000,48476,坡道機械,7.56,700000,,RPPPMLKKRHLFFEE38CB
楠梓區,房地(土地+建物)+車位,藍昌段三小段481~510地號,8.69,商,,,1031012,土地1建物1車位1,十層,15,住宅大樓(11層含以上有電梯),住家用,鋼筋混凝土造,,110.16,2,1,1,有,無,5600000,49009,坡道平面,16.3,1000000,,RPQPMLKKRHLFFEE48CB
楠梓區,房地(土地+建物)+車位,藍昌段三小段481~510地號,6.81,商,,,1030622,土地1建物1車位1,三層,15,住宅大樓(11層含以上有電梯),住家用,鋼筋混凝土造,,84.37,2,1,1,有,無,4000000,41010,坡道機械,7.56,850000,,RPRPMLKKRHLFFEE58CB
楠梓區,房地(土地+建物),藍昌段三小段481~510地號,5.89,商,,,1030621,土地1建物1車位0,九層,15,住宅大樓(11層含以上有電梯),住家用,鋼筋混凝土造,,70.24,2,1,1,有,無,3480000,49544,,0.0,0,,RPSPMLKKRHLFFEE68CB
楠梓區,房地(土地+建物)+車位,藍昌段三小段481~510地號,6.25,商,,,1030622,土地1建物1車位1,六層,15,住宅大樓(11層含以上有電梯),住家用,鋼筋混凝土造,,77.8,2,1,1,有,無,3960000,44277,坡道機械,7.56,850000,,RPTPMLKKRHLFFEE78CB
楠梓區,房地(土地+建物),藍昌段三小段481~510地號,6.45,商,,,1030831,土地1建物1車位0,五層,15,住宅大樓(11層含以上有電梯),住家用,鋼筋混凝土造,,77.77,2,1,1,有,無,3720000,47833,,0.0,0,,RPUPMLKKRHLFFEE88CB
楠梓區,房地(土地+建物)+車位,藍昌段三小段481~510地號,8.08,商,,,1030607,土地1建物1車位1,十二層,15,住宅大樓(11層含以上有電梯),住家用,鋼筋混凝土造,,101.22,2,1,1,有,無,5270000,49327,坡道機械,7.56,650000,,RPVPMLKKRHLFFEE98CB
楠梓區,房地(土地+建物)+車位,藍昌段三小段481~510地號,10.0,商,,,1030716,土地1建物1車位1,二層,15,住宅大樓(11層含以上有電梯),住家用,鋼筋混凝土造,,130.06,3,2,2,有,無,6300000,45306,坡道機械,7.56,750000,,RPWPMLKKRHLFFEE09CB
楠梓區,房地(土地+建物)+車位,藍昌段三小段481~510地號,10.6,商,,,1030611,土地1建物1車位1,十三層,15,住宅大樓(11層含以上有電梯),住家用,鋼筋混凝土造,,138.79,3,2,2,有,無,7550000,52657,坡道平面,16.3,1100000,,RPXPMLKKRHLFFEE56CB
楠梓區,房地(土地+建物),藍昌段三小段481~510地號,6.98,商,,,1031013,土地1建物1車位0,二層,15,住宅大樓(11層含以上有電梯),住家用,鋼筋混凝土造,,82.38,2,1,1,有,無,3550000,43093,,0.0,0,,RPOQMLKKRHLFFEE38CB
楠梓區,房地(土地+建物)+車位,藍昌段三小段481~510地號,6.39,商,,,1030709,土地1建物1車位1,二層,15,住宅大樓(11層含以上有電梯),住家用,鋼筋混凝土造,,81.62,2,1,1,有,無,3750000,41183,坡道機械,7.56,700000,,RPPQMLKKRHLFFEE48CB
楠梓區,房地(土地+建物),藍昌段三小段481~510地號,4.62,商,,,1030620,土地1建物1車位0,六層,15,住宅大樓(11層含以上有電梯),住家用,鋼筋混凝土造,,73.63,2,1,1,有,無,3800000,51609,,0.0,0,,RPQQMLKKRHLFFEE58CB
楠梓區,房地(土地+建物),藍昌段三小段481~510地號,6.29,商,,,1031010,土地1建物1車位0,二層,15,住宅大樓(11層含以上有電梯),住家用,鋼筋混凝土造,,77.43,2,1,1,有,無,3300000,42619,,0.0,0,,RPRQMLKKRHLFFEE68CB
楠梓區,房地(土地+建物)+車位,藍昌段三小段481~510地號,6.65,商,,,1030622,土地1建物1車位1,三層,15,住宅大樓(11層含以上有電梯),住家用,鋼筋混凝土造,,84.98,2,1,1,有,無,4090000,41850,坡道機械,7.56,850000,,RPSQMLKKRHLFFEE78CB
楠梓區,房地(土地+建物),藍昌段三小段481~510地號,5.89,商,,,1031009,土地1建物1車位0,三層,15,住宅大樓(11層含以上有電梯),住家用,鋼筋混凝土造,,70.24,2,1,1,有,無,3000000,42711,,0.0,0,,RPTQMLKKRHLFFEE88CB
楠梓區,房地(土地+建物)+車位,藍昌段三小段481~510地號,10.12,商,,,1030705,土地1建物1車位1,十二層,15,住宅大樓(11層含以上有電梯),住家用,鋼筋混凝土造,,135.47,3,2,2,有,無,7370000,52146,坡道機械,7.56,700000,,RPUQMLKKRHLFFEE98CB
楠梓區,房地(土地+建物),藍昌段三小段481~510地號,6.98,商,,,1031013,土地1建物1車位0,三層,15,住宅大樓(11層含以上有電梯),住家用,鋼筋混凝土造,,82.38,2,1,1,有,無,3650000,44307,,0.0,0,,RPVQMLKKRHLFFEE09CB
