﻿鄉鎮市區,交易標的,土地區段位置建物區段門牌,土地移轉總面積平方公尺,都市土地使用分區,非都市土地使用分區,非都市土地使用編定,交易年月日,交易筆棟數,移轉層次,總樓層數,建物型態,主要用途,主要建材,建築完成年月,建物移轉總面積平方公尺,建物現況格局-房,建物現況格局-廳,建物現況格局-衛,建物現況格局-隔間,有無管理組織,總價元,單價元平方公尺,車位類別,車位移轉總面積平方公尺,車位總價元,備註,編號
The villages and towns urban district,transaction sign,land sector position building sector house number plate,land shifting total area square meter,the use zoning or compiles and checks,the non-metropolis land use district,non-metropolis land use,transaction year month and day,transaction pen number,shifting level,total floor number,building state,main use,main building materials,construction to complete the years,building shifting total area,Building present situation pattern - room,building present situation pattern - hall,building present situation pattern - health,building present situation pattern - compartmented,Whether there is manages the organization,total price NTD,the unit price (NTD / square meter),the berth category,berth shifting total area square meter,the berth total price NTD,the note,serial number
淡水區,房地(土地+建物)+車位,海天段271~300地號,27.62,住,,,1030830,土地1建物1車位1,三層,23,住宅大樓(11層含以上有電梯),住家用,鋼骨鋼筋混凝土造,,194.61,4,2,2,有,無,16700000,99185,坡道平面,36.32,1000000,,RPQPMLSJQHLFFEF56CB
淡水區,房地(土地+建物)+車位,海天段271~300地號,21.59,住,,,1030926,土地1建物1車位1,十層,23,住宅大樓(11層含以上有電梯),住家用,鋼骨鋼筋混凝土造,,158.77,3,2,2,有,無,14880000,108044,坡道平面,36.32,1650000,,RPRPMLSJQHLFFEF66CB
淡水區,房地(土地+建物)+車位,海天段271~300地號,15.71,住,,,1030902,土地1建物1車位1,三層,23,住宅大樓(11層含以上有電梯),住家用,鋼骨鋼筋混凝土造,,108.7,2,1,1,有,無,10360000,102827,坡道機械,18.16,1050000,,RPTPMLSJQHLFFEF86CB
淡水區,房地(土地+建物)+車位,海天段271~300地號,15.71,住,,,1030902,土地1建物1車位1,四層,23,住宅大樓(11層含以上有電梯),住家用,鋼骨鋼筋混凝土造,,108.7,2,1,1,有,無,10150000,102717,坡道機械,18.16,850000,,RPUPMLSJQHLFFEF96CB
淡水區,房地(土地+建物)+車位,海天段271~300地號,15.71,住,,,1030915,土地1建物1車位1,六層,23,住宅大樓(11層含以上有電梯),住家用,鋼骨鋼筋混凝土造,,108.7,2,1,1,有,無,10490000,104263,坡道機械,18.16,1050000,,RPVPMLSJQHLFFEF07CB
淡水區,房地(土地+建物)+車位,海天段271~300地號,15.71,住,,,1031020,土地1建物1車位1,七層,23,住宅大樓(11層含以上有電梯),住家用,鋼骨鋼筋混凝土造,,108.7,2,1,1,有,無,10580000,105810,坡道機械,18.16,1000000,,RPWPMLSJQHLFFEF17CB
淡水區,房地(土地+建物)+車位,海天段271~300地號,15.71,住,,,1030830,土地1建物1車位1,八層,23,住宅大樓(11層含以上有電梯),住家用,鋼骨鋼筋混凝土造,,108.7,2,1,1,有,無,10880000,108571,坡道機械,18.16,1050000,,RPXPMLSJQHLFFEF27CB
淡水區,房地(土地+建物)+車位,海天段271~300地號,15.86,住,,,1030915,土地1建物1車位1,九層,23,住宅大樓(11層含以上有電梯),住家用,鋼骨鋼筋混凝土造,,109.67,2,1,1,有,無,10650000,107092,坡道機械,18.16,850000,,RPOQMLSJQHLFFEF09CB
淡水區,房地(土地+建物)+車位,海天段271~300地號,15.86,住,,,1031002,土地1建物1車位1,十層,23,住宅大樓(11層含以上有電梯),住家用,鋼骨鋼筋混凝土造,,109.67,2,1,1,有,無,10730000,107966,坡道機械,18.16,850000,,RPPQMLSJQHLFFEF56CB
淡水區,房地(土地+建物)+車位,海天段271~300地號,15.86,住,,,1031029,土地1建物1車位1,二層,23,住宅大樓(11層含以上有電梯),住家用,鋼骨鋼筋混凝土造,,109.71,2,1,1,有,無,10300000,101038,坡道機械,18.16,1050000,,RPQQMLSJQHLFFEF66CB
淡水區,房地(土地+建物)+車位,海天段271~300地號,15.86,住,,,1031026,土地1建物1車位1,三層,23,住宅大樓(11層含以上有電梯),住家用,鋼骨鋼筋混凝土造,,109.71,2,1,1,有,無,10200000,101584,坡道機械,18.16,900000,,RPRQMLSJQHLFFEF76CB
淡水區,房地(土地+建物)+車位,海天段271~300地號,15.86,住,,,1030910,土地1建物1車位1,四層,23,住宅大樓(11層含以上有電梯),住家用,鋼骨鋼筋混凝土造,,109.71,2,1,1,有,無,10250000,102676,坡道機械,18.16,850000,,RPSQMLSJQHLFFEF86CB
淡水區,房地(土地+建物)+車位,海天段271~300地號,15.86,住,,,1030906,土地1建物1車位1,五層,23,住宅大樓(11層含以上有電梯),住家用,鋼骨鋼筋混凝土造,,109.71,2,1,1,有,無,10450000,104315,坡道機械,18.16,900000,,RPTQMLSJQHLFFEF96CB
淡水區,房地(土地+建物)+車位,海天段271~300地號,15.86,住,,,1030913,土地1建物1車位1,六層,23,住宅大樓(11層含以上有電梯),住家用,鋼骨鋼筋混凝土造,,109.71,2,1,1,有,無,10500000,105407,坡道機械,18.16,850000,,RPUQMLSJQHLFFEF07CB
淡水區,房地(土地+建物)+車位,海天段271~300地號,15.86,住,,,1030905,土地1建物1車位1,八層,23,住宅大樓(11層含以上有電梯),住家用,鋼骨鋼筋混凝土造,,109.71,2,1,1,有,無,10730000,106827,坡道機械,18.16,950000,,RPVQMLSJQHLFFEF17CB
淡水區,房地(土地+建物)+車位,海天段271~300地號,16.07,住,,,1030926,土地1建物1車位1,九層,23,住宅大樓(11層含以上有電梯),住家用,鋼骨鋼筋混凝土造,,110.81,2,1,1,有,無,11000000,107393,坡道機械,18.16,1050000,,RPXQMLSJQHLFFEF37CB
淡水區,房地(土地+建物)+車位,海天段271~300地號,16.07,住,,,1031007,土地1建物1車位1,十層,23,住宅大樓(11層含以上有電梯),住家用,鋼骨鋼筋混凝土造,,110.81,2,1,1,有,無,10700000,107933,坡道機械,18.16,700000,,RPORMLSJQHLFFEF56CB
淡水區,房地(土地+建物)+車位,海天段271~300地號,16.07,住,,,1030912,土地1建物1車位1,十三層,23,住宅大樓(11層含以上有電梯),住家用,鋼骨鋼筋混凝土造,,110.81,2,1,1,有,無,11700000,114949,坡道機械,18.16,1050000,,RPPRMLSJQHLFFEF66CB
淡水區,房地(土地+建物)+車位,海天段271~300地號,21.95,住,,,1030921,土地1建物1車位1,三層,23,住宅大樓(11層含以上有電梯),住家用,鋼骨鋼筋混凝土造,,160.98,3,2,2,有,無,13400000,97064,坡道平面,36.32,1300000,,RPQRMLSJQHLFFEF76CB
淡水區,房地(土地+建物)+車位,海天段271~300地號,21.43,住,,,1031114,土地1建物1車位1,四層,23,住宅大樓(11層含以上有電梯),住家用,鋼骨鋼筋混凝土造,,142.82,3,2,2,有,無,13140000,97385,坡道機械,18.16,1000000,,RPRRMLSJQHLFFEF86CB
淡水區,房地(土地+建物)+車位,海天段271~300地號,21.95,住,,,1031030,土地1建物1車位1,五層,23,住宅大樓(11層含以上有電梯),住家用,鋼骨鋼筋混凝土造,,160.98,3,2,2,有,無,13830000,99310,坡道平面,36.32,1450000,,RPSRMLSJQHLFFEF96CB
淡水區,房地(土地+建物)+車位,海天段271~300地號,21.95,住,,,1031005,土地1建物1車位1,六層,23,住宅大樓(11層含以上有電梯),住家用,鋼骨鋼筋混凝土造,,160.98,3,2,2,有,無,13500000,99069,坡道平面,36.32,1150000,,RPTRMLSJQHLFFEF07CB
淡水區,房地(土地+建物)+車位,海天段271~300地號,21.95,住,,,1031025,土地1建物1車位1,七層,23,住宅大樓(11層含以上有電梯),住家用,鋼骨鋼筋混凝土造,,160.98,3,2,2,有,無,14150000,101476,坡道平面,36.32,1500000,,RPURMLSJQHLFFEF17CB
淡水區,房地(土地+建物)+車位,海天段271~300地號,21.95,住,,,1031005,土地1建物1車位1,八層,23,住宅大樓(11層含以上有電梯),住家用,鋼骨鋼筋混凝土造,,160.98,3,2,2,有,無,14050000,100674,坡道平面,36.32,1500000,,RPVRMLSJQHLFFEF27CB
淡水區,房地(土地+建物)+車位,海天段271~300地號,22.05,住,,,1031030,土地1建物1車位1,九層,23,住宅大樓(11層含以上有電梯),住家用,鋼骨鋼筋混凝土造,,161.47,3,2,2,有,無,14380000,102917,坡道平面,36.32,1500000,,RPWRMLSJQHLFFEF37CB
淡水區,房地(土地+建物)+車位,海天段271~300地號,22.05,住,,,1031022,土地1建物1車位1,十層,23,住宅大樓(11層含以上有電梯),住家用,鋼骨鋼筋混凝土造,,161.47,3,2,2,有,無,14450000,103875,坡道平面,36.32,1450000,,RPXRMLSJQHLFFEF47CB
淡水區,房地(土地+建物)+車位,海天段271~300地號,22.05,住,,,1031004,土地1建物1車位1,十一層,23,住宅大樓(11層含以上有電梯),住家用,鋼骨鋼筋混凝土造,,161.47,3,2,2,有,無,14460000,103955,坡道平面,36.32,1450000,,RPOSMLSJQHLFFEF66CB
淡水區,房地(土地+建物)+車位,海天段271~300地號,21.95,住,,,1031004,土地1建物1車位1,十七層,23,住宅大樓(11層含以上有電梯),住家用,鋼骨鋼筋混凝土造,,160.98,3,2,2,有,無,15120000,109658,坡道平面,36.32,1450000,,RPPSMLSJQHLFFEF76CB
淡水區,房地(土地+建物)+車位,海天段271~300地號,21.95,住,,,1030830,土地1建物1車位1,十八層,23,住宅大樓(11層含以上有電梯),住家用,鋼骨鋼筋混凝土造,,160.98,3,2,2,有,無,16000000,115113,坡道平面,36.32,1650000,,RPQSMLSJQHLFFEF86CB
淡水區,房地(土地+建物)+車位,海天段271~300地號,21.95,住,,,1030928,土地1建物1車位1,二十層,23,住宅大樓(11層含以上有電梯),住家用,鋼骨鋼筋混凝土造,,160.98,3,2,2,有,無,16000000,115113,坡道平面,36.32,1650000,,RPRSMLSJQHLFFEF96CB
淡水區,房地(土地+建物)+車位,海天段271~300地號,20.29,住,,,1031031,土地1建物1車位1,二十二層,23,住宅大樓(11層含以上有電梯),住家用,鋼骨鋼筋混凝土造,,150.89,3,2,2,有,無,15580000,121585,坡道平面,36.32,1650000,,RPSSMLSJQHLFFEF07CB
淡水區,房地(土地+建物)+車位,海天段271~300地號,22.63,住,,,1030906,土地1建物1車位1,七層,23,住宅大樓(11層含以上有電梯),住家用,鋼骨鋼筋混凝土造,,164.89,3,2,2,有,無,14500000,101112,坡道平面,36.32,1500000,,RPTSMLSJQHLFFEF17CB
淡水區,房地(土地+建物)+車位,海天段271~300地號,21.43,住,,,1030905,土地1建物1車位1,三層,23,住宅大樓(11層含以上有電梯),住家用,鋼骨鋼筋混凝土造,,157.5,3,2,2,有,無,13300000,99026,坡道平面,36.32,1300000,,RPUSMLSJQHLFFEF27CB
淡水區,房地(土地+建物)+車位,海天段271~300地號,21.43,住,,,1031003,土地1建物1車位1,四層,23,住宅大樓(11層含以上有電梯),住家用,鋼骨鋼筋混凝土造,,157.5,3,2,2,有,無,13570000,99604,坡道平面,36.32,1500000,,RPVSMLSJQHLFFEF37CB
淡水區,房地(土地+建物)+車位,海天段271~300地號,21.43,住,,,1031031,土地1建物1車位1,五層,23,住宅大樓(11層含以上有電梯),住家用,鋼骨鋼筋混凝土造,,157.5,3,2,2,有,無,13290000,100099,坡道平面,36.32,1160000,,RPWSMLSJQHLFFEF47CB
淡水區,房地(土地+建物)+車位,海天段271~300地號,21.43,住,,,1030819,土地1建物1車位1,六層,23,住宅大樓(11層含以上有電梯),住家用,鋼骨鋼筋混凝土造,,157.5,3,2,2,有,無,13820000,103317,坡道平面,36.32,1300000,,RPXSMLSJQHLFFEF57CB
淡水區,房地(土地+建物)+車位,海天段271~300地號,21.43,住,,,1030830,土地1建物1車位1,七層,23,住宅大樓(11層含以上有電梯),住家用,鋼骨鋼筋混凝土造,,157.5,3,2,2,有,無,13890000,103895,坡道平面,36.32,1300000,,RPOTMLSJQHLFFEF76CB
淡水區,房地(土地+建物)+車位,海天段271~300地號,25.64,住,,,1031003,土地1建物1車位1,三層,23,住宅大樓(11層含以上有電梯),住家用,鋼骨鋼筋混凝土造,,182.88,4,2,2,有,無,16390000,101597,坡道平面,36.32,1500000,,RPQTMLSJQHLFFEF96CB
淡水區,房地(土地+建物)+車位,海天段271~300地號,15.6,住,,,1030830,土地1建物1車位1,十三層,23,住宅大樓(11層含以上有電梯),住家用,鋼骨鋼筋混凝土造,,108.1,2,1,1,有,無,10700000,107850,坡道機械,18.16,1000000,,RPQUMLSJQHLFFEF07CB
淡水區,房地(土地+建物)+車位,海天段271~300地號,16.12,住,,,1030901,土地1建物1車位1,三層,23,住宅大樓(11層含以上有電梯),住家用,鋼骨鋼筋混凝土造,,125.97,2,1,1,有,無,9840000,98606,坡道平面,36.32,1000000,,RPTUMLSJQHLFFEF37CB
淡水區,房地(土地+建物)+車位,海天段271~300地號,15.6,住,,,1030830,土地1建物1車位1,七層,23,住宅大樓(11層含以上有電梯),住家用,鋼骨鋼筋混凝土造,,107.81,2,1,1,有,無,10250000,103179,坡道機械,18.16,1000000,,RPXUMLSJQHLFFEF77CB
淡水區,房地(土地+建物)+車位,海天段271~300地號,15.6,住,,,1030830,土地1建物1車位1,十二層,23,住宅大樓(11層含以上有電梯),住家用,鋼骨鋼筋混凝土造,,108.1,2,1,1,有,無,10600000,106738,坡道機械,18.16,1000000,,RPRVMLSJQHLFFEF27CB
淡水區,房地(土地+建物)+車位,海天段271~300地號,15.6,住,,,1030830,土地1建物1車位1,十三層,23,住宅大樓(11層含以上有電梯),住家用,鋼骨鋼筋混凝土造,,108.1,2,1,1,有,無,10700000,107850,坡道機械,18.16,1000000,,RPSVMLSJQHLFFEF37CB
淡水區,房地(土地+建物)+車位,海天段271~300地號,22.57,住,,,1030830,土地1建物1車位1,七層,23,住宅大樓(11層含以上有電梯),住家用,鋼骨鋼筋混凝土造,,164.36,3,2,2,有,無,14550000,103874,坡道平面,36.32,1250000,,RPUVMLSJQHLFFEF57CB
淡水區,房地(土地+建物)+車位,海天段271~300地號,22.57,住,,,1030902,土地1建物1車位1,八層,23,住宅大樓(11層含以上有電梯),住家用,鋼骨鋼筋混凝土造,,164.36,3,2,2,有,無,14810000,105904,坡道平面,36.32,1250000,,RPVVMLSJQHLFFEF67CB
淡水區,房地(土地+建物)+車位,海天段271~300地號,21.53,住,,,1031026,土地1建物1車位1,三層,23,住宅大樓(11層含以上有電梯),住家用,鋼骨鋼筋混凝土造,,158.29,3,2,2,有,無,13260000,98057,坡道平面,36.32,1300000,,RPXVMLSJQHLFFEF87CB
淡水區,房地(土地+建物)+車位,海天段271~300地號,21.53,住,,,1031111,土地1建物1車位1,六層,23,住宅大樓(11層含以上有電梯),住家用,鋼骨鋼筋混凝土造,,158.29,3,2,2,有,無,13500000,101254,坡道平面,36.32,1150000,,RPOWMLSJQHLFFEF07CB
淡水區,房地(土地+建物)+車位,海天段271~300地號,21.53,住,,,1030829,土地1建物1車位1,八層,23,住宅大樓(11層含以上有電梯),住家用,鋼骨鋼筋混凝土造,,158.29,3,2,2,有,無,14080000,103140,坡道平面,36.32,1500000,,RPPWMLSJQHLFFEF17CB
三峽區,房地(土地+建物)+車位,橫溪段頂寮小段91~120地號,28.36,,一般農業區,甲種建築用地,1040921,土地2建物1車位1,五層,7,華廈(10層含以下有電梯),住家用,鋼筋混凝土造,,124.46,2,2,1,有,無,7850000,62371,坡道機械,13.03,900000,,RPUNMLKKQHLFFIF66EB
三峽區,房地(土地+建物)+車位,橫溪段頂寮小段91~120地號,23.93,,一般農業區,甲種建築用地,1041106,土地2建物1車位1,一層,7,華廈(10層含以下有電梯),住家用,鋼筋混凝土造,,106.42,2,2,1,有,無,9100000,87268,坡道機械,13.03,950000,,RPVNMLKKQHLFFIF76EB
三峽區,房地(土地+建物)+車位,橫溪段頂寮小段91~120地號,28.36,,一般農業區,甲種建築用地,1040915,土地2建物1車位1,五層,7,華廈(10層含以下有電梯),住家用,鋼筋混凝土造,,123.66,2,2,1,有,無,7720000,61647,坡道機械,13.03,900000,,RPWNMLKKQHLFFIF86EB
三峽區,房地(土地+建物)+車位,橫溪段頂寮小段91~120地號,24.73,,一般農業區,甲種建築用地,1040826,土地2建物1車位1,四層,11,住宅大樓(11層含以上有電梯),住家用,鋼筋混凝土造,,109.76,2,2,1,有,無,5800000,51690,坡道機械,13.03,800000,,RPXNMLKKQHLFFIF96EB
三峽區,房地(土地+建物)+車位,橫溪段頂寮小段91~120地號,24.79,,一般農業區,甲種建築用地,1040907,土地2建物1車位1,九層,11,住宅大樓(11層含以上有電梯),住家用,鋼筋混凝土造,,109.99,2,2,1,有,無,6650000,60334,坡道機械,13.03,800000,,RPOOMLKKQHLFFIF78EB
三峽區,房地(土地+建物)+車位,橫溪段頂寮小段91~120地號,24.96,,一般農業區,甲種建築用地,1041002,土地2建物1車位1,七層,11,住宅大樓(11層含以上有電梯),住家用,鋼筋混凝土造,,110.63,2,2,1,有,無,6900000,62500,坡道機械,13.03,800000,,RPPOMLKKQHLFFIF88EB
三重區,房地(土地+建物),永安段2191~2220地號,14.01,住,,,1041010,土地1建物1車位0,二層,12,住宅大樓(11層含以上有電梯),住家用,鋼筋混凝土造,,108.23,2,2,1,有,無,14000000,129354,,0.0,0,,RPUOMLOLQHLFFGF86CB
三重區,房地(土地+建物),永安段2191~2220地號,14.32,住,,,1040424,土地1建物1車位0,六層,12,住宅大樓(11層含以上有電梯),住家用,鋼筋混凝土造,,110.6,2,2,1,有,無,13890000,125588,,0.0,0,,RPVOMLOLQHLFFGF96CB
三重區,房地(土地+建物),永安段2191~2220地號,15.42,住,,,1040704,土地1建物1車位0,八層,11,住宅大樓(11層含以上有電梯),住家用,鋼筋混凝土造,,107.68,2,2,1,有,無,13480000,125186,,0.0,0,,RPWOMLOLQHLFFGF07CB
三重區,房地(土地+建物),永安段2191~2220地號,15.42,住,,,1040711,土地1建物1車位0,九層,11,住宅大樓(11層含以上有電梯),住家用,鋼筋混凝土造,,107.68,2,2,1,有,無,13500000,125371,,0.0,0,,RPXOMLOLQHLFFGF17CB
三重區,房地(土地+建物)+車位,永安段2191~2220地號,22.26,住,,,1040613,土地1建物1車位1,三層,11,住宅大樓(11層含以上有電梯),住家用,鋼筋混凝土造,,152.98,3,3,2,有,無,18430000,117004,升降機械,5.72,1200000,,RPOPMLOLQHLFFGF98CB
三重區,房地(土地+建物)+車位,永安段2191~2220地號,22.26,住,,,1040523,土地1建物1車位1,十層,11,住宅大樓(11層含以上有電梯),住家用,鋼筋混凝土造,,152.98,3,3,2,有,無,19500000,122912,升降機械,5.72,1400000,,RPPPMLOLQHLFFGF09CB
三重區,房地(土地+建物)+車位,永安段2191~2220地號,22.26,住,,,1040524,土地1建物1車位1,九層,11,住宅大樓(11層含以上有電梯),住家用,鋼筋混凝土造,,152.98,3,3,2,有,無,19000000,119517,升降機械,5.72,1400000,,RPQPMLOLQHLFFGF56CB
三重區,房地(土地+建物),永安段2191~2220地號,15.42,住,,,1040615,土地1建物1車位0,十層,11,住宅大樓(11層含以上有電梯),住家用,鋼筋混凝土造,,107.68,2,2,1,有,無,13300000,123514,,0.0,0,,RPRPMLOLQHLFFGF66CB
三重區,房地(土地+建物),永安段2191~2220地號,15.42,住,,,1040614,土地1建物1車位0,七層,11,住宅大樓(11層含以上有電梯),住家用,鋼筋混凝土造,,107.68,2,2,1,有,無,14500000,134658,,0.0,0,,RPSPMLOLQHLFFGF76CB
三重區,房地(土地+建物)+車位,永安段2191~2220地號,22.26,住,,,1040607,土地1建物1車位1,七層,11,住宅大樓(11層含以上有電梯),住家用,鋼筋混凝土造,,152.98,3,3,2,有,無,18550000,117819,升降機械,5.72,1200000,,RPTPMLOLQHLFFGF86CB
三重區,房地(土地+建物)+車位,永安段2191~2220地號,22.26,住,,,1040711,土地1建物1車位1,八層,11,住宅大樓(11層含以上有電梯),住家用,鋼筋混凝土造,,152.98,3,3,2,有,無,18850000,118498,升降機械,5.72,1400000,,RPUPMLOLQHLFFGF96CB
三重區,房地(土地+建物)+車位,永安段2191~2220地號,22.78,住,,,1041021,土地1建物1車位1,四層,12,住宅大樓(11層含以上有電梯),住家用,鋼筋混凝土造,,185.93,3,2,2,有,無,20050000,116490,坡道平面,31.41,2050000,,RPOOMLLMQHLFFGF68CB
三重區,房地(土地+建物)+車位,永安段2191~2220地號,17.21,住,,,1040920,土地1建物1車位1,八層,12,住宅大樓(11層含以上有電梯),住家用,鋼筋混凝土造,,142.95,2,2,1,有,無,15150000,118791,坡道平面,31.41,1900000,,RPPOMLLMQHLFFGF78CB
三重區,房地(土地+建物)+車位,永安段2191~2220地號,26.23,住,,,1040902,土地1建物1車位1,六層,12,住宅大樓(11層含以上有電梯),住家用,鋼筋混凝土造,,212.62,4,2,2,有,無,22480000,111914,坡道平面,31.41,2200000,,RPQOMLLMQHLFFGF88CB
三重區,房地(土地+建物)+車位,永安段2191~2220地號,17.21,住,,,1040425,土地1建物1車位1,六層,12,住宅大樓(11層含以上有電梯),住家用,鋼筋混凝土造,,142.95,2,2,1,有,無,15600000,125516,坡道平面,31.41,1600000,,RPROMLLMQHLFFGF98CB
三重區,房地(土地+建物)+車位,永安段2191~2220地號,26.23,住,,,1041015,土地1建物1車位1,五層,12,住宅大樓(11層含以上有電梯),住家用,鋼筋混凝土造,,212.62,4,2,2,有,無,22320000,111031,坡道平面,31.41,2200000,,RPSOMLLMQHLFFGF09CB
三重區,房地(土地+建物)+車位,永安段2191~2220地號,17.21,住,,,1041018,土地1建物1車位1,四層,12,住宅大樓(11層含以上有電梯),住家用,鋼筋混凝土造,,142.95,2,2,1,有,無,14700000,114757,坡道平面,31.41,1900000,,RPTOMLLMQHLFFGF56CB
三重區,房地(土地+建物)+車位,永安段2191~2220地號,23.64,住,,,1041107,土地1建物1車位1,十一層,12,住宅大樓(11層含以上有電梯),住家用,鋼筋混凝土造,,192.55,3,2,2,有,無,21150000,119461,坡道平面,31.41,1900000,,RPUOMLLMQHLFFGF66CB
三重區,房地(土地+建物)+車位,永安段2191~2220地號,17.21,住,,,1040802,土地1建物1車位1,九層,12,住宅大樓(11層含以上有電梯),住家用,鋼筋混凝土造,,142.95,2,2,1,有,無,15300000,120136,坡道平面,31.41,1900000,,RPVOMLLMQHLFFGF76CB
三重區,房地(土地+建物)+車位,永安段2191~2220地號,17.21,住,,,1040711,土地1建物1車位1,五層,12,住宅大樓(11層含以上有電梯),住家用,鋼筋混凝土造,,143.95,2,2,1,有,無,14630000,113115,坡道平面,31.41,1900000,,RPWOMLLMQHLFFGF86CB
三重區,房地(土地+建物)+車位,永安段2191~2220地號,17.09,住,,,1041004,土地1建物1車位1,三層,12,住宅大樓(11層含以上有電梯),住家用,鋼筋混凝土造,,142.05,2,2,1,有,無,14500000,113883,坡道平面,31.41,1900000,,RPXOMLLMQHLFFGF96CB
三重區,房地(土地+建物),永安段2191~2220地號,14.32,住,,,1040725,土地1建物1車位0,四層,12,住宅大樓(11層含以上有電梯),住家用,鋼筋混凝土造,,110.6,2,2,1,有,無,13680000,123689,,0.0,0,,RPRPMLLMQHLFFGF09CB
五股區,房地(土地+建物),成蘆段31~60地號,10.21,工,,,1041013,土地1建物1車位0,一層,13,廠辦,工業用,鋼筋混凝土造,,108.09,0,0,0,無,無,13500000,124896,,0.0,0,,RPTOMLLJRHLFFBF58DB
五股區,房地(土地+建物)+車位,成蘆段31~60地號,25.18,工,,,1040527,土地1建物1車位1,二層,13,廠辦,工業用,鋼筋混凝土造,,266.55,0,0,0,無,無,20180000,80226,坡道平面,36.2,1700000,,RPPPMLMJRHLFFBF38DB
五股區,房地(土地+建物)+車位,成蘆段31~60地號,25.18,工,,,1040622,土地1建物1車位1,三層,13,廠辦,工業用,鋼筋混凝土造,,266.55,0,0,0,無,無,20410000,81224,坡道平面,36.2,1700000,,RPVPMLMJRHLFFBF98DB
五股區,房地(土地+建物)+車位,成蘆段31~60地號,25.18,工,,,1040427,土地1建物1車位1,四層,13,廠辦,工業用,鋼筋混凝土造,,266.55,0,0,0,無,無,20480000,81528,坡道平面,36.2,1700000,,RPXPMLMJRHLFFBF56DB
五股區,房地(土地+建物)+車位,成蘆段31~60地號,25.43,工,,,1040512,土地1建物1車位1,八層,13,廠辦,工業用,鋼筋混凝土造,,269.15,0,0,0,無,無,21580000,85769,坡道平面,36.2,1600000,,RPWQMLMJRHLFFBF56DB
五股區,房地(土地+建物)+車位,成蘆段31~60地號,25.33,工,,,1040420,土地1建物1車位1,二層,13,廠辦,工業用,鋼筋混凝土造,,268.17,0,0,0,無,無,18540000,72596,坡道平面,36.2,1700000,,RPPRMLMJRHLFFBF58DB
新莊區,房地(土地+建物)+車位,副都心段一小段61~90地號,8.39,商,,,1040508,土地1建物1車位1,三層,15,其他,見其他登記事項,鋼筋混凝土造,,120.37,0,0,1,有,無,14950000,124200,坡道平面,36.99,0,"1層:公益設施警察局-備勤室.衛生局-辦公室.公共空間,2層:公益設施警察局-備勤室.公共空間,3層:店舖,4層~15層:一般事務所",RPWOMLMJRHLFFBF88CB
新莊區,房地(土地+建物)+車位,副都心段一小段61~90地號,8.85,商,,,1031214,土地1建物1車位1,六層,15,其他,見其他登記事項,鋼筋混凝土造,,121.1,0,0,0,無,無,15800000,130471,坡道平面,31.93,0,1層:公益設施警察局-備勤室.衛生局-辦公室.公共空間2層:公益設施警察局-備勤室.公共空間3層:店舖4層~15層:一般事務所,RPXOMLMJRHLFFBF98CB
新莊區,房地(土地+建物)+車位,副都心段一小段61~90地號,8.85,商,,,1040129,土地1建物1車位1,十層,15,其他,見其他登記事項,鋼筋混凝土造,,126.16,0,0,0,無,無,15770000,125000,坡道平面,36.99,0,1層:公益設施警察局-備勤室.衛生局-辦公室.公共空間2層:公益設施警察局-備勤室.公共空間3層:店舖4層~15層:一般事務所,RPOQMLMJRHLFFBF28CB
五股區,房地(土地+建物)+車位,成蘆段31~60地號,25.33,工,,,1040421,土地1建物1車位1,三層,13,廠辦,工業用,鋼筋混凝土造,,268.17,0,0,0,無,無,18790000,73673,坡道平面,36.2,1700000,,RPSNMLNJRHLFFBF58DB
五股區,房地(土地+建物)+車位,成蘆段31~60地號,25.33,工,,,1040502,土地1建物1車位1,四層,13,廠辦,工業用,鋼筋混凝土造,,268.17,0,0,0,無,無,18540000,73027,坡道平面,36.2,1600000,,RPTNMLNJRHLFFBF68DB
五股區,房地(土地+建物)+車位,成蘆段31~60地號,25.33,工,,,1040430,土地1建物1車位1,五層,13,廠辦,工業用,鋼筋混凝土造,,268.17,0,0,0,無,無,19190000,75398,坡道平面,36.2,1700000,,RPUNMLNJRHLFFBF78DB
五股區,房地(土地+建物)+車位,成蘆段31~60地號,25.33,工,,,1040606,土地1建物1車位1,六層,13,廠辦,工業用,鋼筋混凝土造,,268.17,0,0,0,無,無,19100000,75225,坡道平面,36.2,1650000,,RPVNMLNJRHLFFBF88DB
五股區,房地(土地+建物)+車位,成蘆段31~60地號,25.33,工,,,1040606,土地1建物1車位1,七層,13,廠辦,工業用,鋼筋混凝土造,,268.17,0,0,0,無,無,19400000,76519,坡道平面,36.2,1650000,,RPXNMLNJRHLFFBF09DB
五股區,房地(土地+建物)+車位,成蘆段31~60地號,25.33,工,,,1040512,土地1建物1車位1,八層,13,廠辦,工業用,鋼筋混凝土造,,268.17,0,0,0,無,無,19990000,78631,坡道平面,36.2,1750000,,RPOOMLNJRHLFFBF28DB
五股區,房地(土地+建物)+車位,成蘆段31~60地號,27.81,工,,,1040711,土地1建物1車位2,十層,13,廠辦,工業用,鋼筋混凝土造,,294.41,0,0,0,無,無,22250000,81692,坡道平面,62.44,3300000,,RPPOMLNJRHLFFBF38DB
五股區,房地(土地+建物)+車位,成蘆段31~60地號,25.24,工,,,1040419,土地1建物1車位1,二層,13,廠辦,工業用,鋼筋混凝土造,,267.14,0,0,0,無,無,19680000,77856,坡道平面,36.2,1700000,,RPQOMLNJRHLFFBF48DB
五股區,房地(土地+建物)+車位,成蘆段31~60地號,25.24,工,,,1040501,土地1建物1車位1,三層,13,廠辦,工業用,鋼筋混凝土造,,267.14,0,0,0,無,無,19380000,76557,坡道平面,36.2,1700000,,RPROMLNJRHLFFBF58DB
五股區,房地(土地+建物)+車位,成蘆段31~60地號,25.24,工,,,1040713,土地1建物1車位1,五層,13,廠辦,工業用,鋼筋混凝土造,,267.14,0,0,0,無,無,19760000,78202,坡道平面,36.2,1700000,,RPSOMLNJRHLFFBF68DB
五股區,房地(土地+建物)+車位,成蘆段31~60地號,25.48,工,,,1040424,土地1建物1車位1,六層,13,廠辦,工業用,鋼筋混凝土造,,269.73,0,0,0,無,無,19790000,78534,坡道平面,36.2,1450000,,RPTOMLNJRHLFFBF78DB
五股區,房地(土地+建物)+車位,成蘆段31~60地號,25.48,工,,,1040424,土地1建物1車位1,八層,13,廠辦,工業用,鋼筋混凝土造,,269.73,0,0,0,無,無,20200000,80289,坡道平面,36.2,1450000,,RPUOMLNJRHLFFBF88DB
五股區,房地(土地+建物)+車位,成蘆段31~60地號,28.23,工,,,1040512,土地1建物1車位1,三層,13,廠辦,工業用,鋼筋混凝土造,,298.79,0,0,0,無,無,21580000,76659,坡道平面,36.2,1450000,,RPVOMLNJRHLFFBF98DB
五股區,房地(土地+建物)+車位,成蘆段31~60地號,28.47,工,,,1040521,土地1建物1車位1,七層,13,廠辦,工業用,鋼筋混凝土造,,301.35,0,0,0,無,無,23210000,80558,坡道平面,36.2,1850000,,RPWOMLNJRHLFFBF09DB
五股區,房地(土地+建物)+車位,成蘆段31~60地號,28.47,工,,,1040706,土地1建物1車位1,八層,13,廠辦,工業用,鋼筋混凝土造,,301.35,0,0,0,無,無,23500000,81652,坡道平面,36.2,1850000,,RPXOMLNJRHLFFBF56DB
五股區,房地(土地+建物)+車位,成蘆段31~60地號,27.76,工,,,1040531,土地1建物1車位1,三層,13,廠辦,工業用,鋼筋混凝土造,,293.81,0,0,0,無,無,20150000,70262,坡道平面,31.22,1700000,,RPPPMLNJRHLFFBF48DB
五股區,房地(土地+建物)+車位,成蘆段31~60地號,28.23,工,,,1040624,土地1建物1車位1,四層,13,廠辦,工業用,鋼筋混凝土造,,298.79,0,0,0,無,無,20400000,71214,坡道平面,36.2,1700000,,RPQPMLNJRHLFFBF58DB
五股區,房地(土地+建物),成蘆段31~60地號,10.93,工,,,1040711,土地1建物1車位0,四層,13,廠辦,工業用,鋼筋混凝土造,,115.69,0,0,0,無,無,10450000,90328,,0.0,0,,RPPNMLOJRHLFFBF38DB
五股區,房地(土地+建物)+車位,成蘆段31~60地號,14.32,工,,,1040923,土地1建物1車位1,九層,13,廠辦,工業用,鋼筋混凝土造,,151.62,0,0,0,無,無,12500000,90947,坡道平面,31.22,1550000,,RPQNMLOJRHLFFBF48DB
五股區,房地(土地+建物)+車位,成蘆段31~60地號,14.79,工,,,1040916,土地1建物1車位1,十三層,13,廠辦,工業用,鋼筋混凝土造,,156.6,0,0,0,無,無,12500000,91777,坡道平面,36.2,1450000,,RPRNMLOJRHLFFBF58DB
五股區,房地(土地+建物),成蘆段31~60地號,4.28,工,,,1040702,土地1建物1車位0,二層,13,廠辦,工業用,鋼筋混凝土造,,45.34,0,0,0,無,無,4000000,88222,,0.0,0,,RPSNMLOJRHLFFBF68DB
五股區,房地(土地+建物),成蘆段31~60地號,4.28,工,,,1040904,土地1建物1車位0,三層,13,廠辦,工業用,鋼筋混凝土造,,45.34,0,0,0,無,無,4000000,88222,,0.0,0,,RPTNMLOJRHLFFBF78DB
五股區,房地(土地+建物),成蘆段31~60地號,4.35,工,,,1040904,土地1建物1車位0,四層,13,廠辦,工業用,鋼筋混凝土造,,46.02,0,0,0,無,無,4100000,89092,,0.0,0,,RPUNMLOJRHLFFBF88DB
五股區,房地(土地+建物),成蘆段31~60地號,4.35,工,,,1041003,土地1建物1車位0,五層,13,廠辦,工業用,鋼筋混凝土造,,46.02,0,0,0,無,無,4100000,89092,,0.0,0,,RPVNMLOJRHLFFBF98DB
五股區,房地(土地+建物),成蘆段31~60地號,4.26,工,,,1050424,土地1建物1車位0,八層,13,廠辦,工業用,鋼筋混凝土造,,45.03,0,0,0,無,無,3980000,88386,,0.0,0,,RPOOMLOJRHLFFBF38DB
五股區,房地(土地+建物),成蘆段31~60地號,4.26,工,,,1050424,土地1建物1車位0,七層,13,廠辦,工業用,鋼筋混凝土造,,45.03,0,0,0,無,無,3950000,87719,,0.0,0,,RPPOMLOJRHLFFBF48DB
五股區,房地(土地+建物),成蘆段31~60地號,4.26,工,,,1040721,土地1建物1車位0,十一層,13,廠辦,工業用,鋼筋混凝土造,,45.03,0,0,0,無,無,4150000,92161,,0.0,0,,RPQOMLOJRHLFFBF58DB
五股區,房地(土地+建物),成蘆段31~60地號,4.26,工,,,1041129,土地1建物1車位0,十二層,13,廠辦,工業用,鋼筋混凝土造,,45.03,0,0,0,無,無,3950000,87719,,0.0,0,,RPSOMLOJRHLFFBF78DB
五股區,房地(土地+建物),成蘆段31~60地號,4.28,工,,,1040906,土地1建物1車位0,二層,13,廠辦,工業用,鋼筋混凝土造,,45.34,0,0,0,無,無,3850000,84914,,0.0,0,,RPUOMLPJRHLFFBF09DB
五股區,房地(土地+建物),成蘆段31~60地號,4.28,工,,,1050507,土地1建物1車位0,三層,13,廠辦,工業用,鋼筋混凝土造,,45.34,0,0,0,無,無,3670000,80944,,0.0,0,,RPOPMLPJRHLFFBF58DB
五股區,房地(土地+建物),成蘆段31~60地號,4.35,工,,,1040708,土地1建物1車位0,四層,13,廠辦,工業用,鋼筋混凝土造,,46.02,0,0,0,無,無,4020000,87353,,0.0,0,,RPQPMLPJRHLFFBF78DB
五股區,房地(土地+建物),成蘆段31~60地號,4.26,工,,,1041212,土地1建物1車位0,十二層,13,廠辦,工業用,鋼筋混凝土造,,45.03,0,0,0,無,無,3800000,84388,,0.0,0,,RPRPMLPJRHLFFBF88DB
五股區,房地(土地+建物),成蘆段31~60地號,4.26,工,,,1041212,土地1建物1車位0,十三層,13,廠辦,工業用,鋼筋混凝土造,,45.03,0,0,0,無,無,3750000,83278,,0.0,0,,RPWPMLPJRHLFFBF76DB
五股區,房地(土地+建物),成蘆段31~60地號,9.64,工,,,1050106,土地1建物1車位0,六層,13,廠辦,工業用,鋼筋混凝土造,,102.06,0,0,0,無,無,8100000,79365,,0.0,0,,RPXPMLPJRHLFFBF86DB
五股區,房地(土地+建物),成蘆段31~60地號,9.64,工,,,1050106,土地1建物1車位0,七層,13,廠辦,工業用,鋼筋混凝土造,,102.06,0,0,0,無,無,8130000,79659,,0.0,0,,RPPQMLPJRHLFFBF78DB
五股區,房地(土地+建物),成蘆段31~60地號,5.24,工,,,1040518,土地1建物1車位0,二層,13,廠辦,工業用,鋼筋混凝土造,,55.48,0,0,0,無,無,4190000,75523,,0.0,0,,RPQQMLPJRHLFFBF88DB
五股區,房地(土地+建物),成蘆段31~60地號,5.24,工,,,1040419,土地1建物1車位0,三層,13,廠辦,工業用,鋼筋混凝土造,,55.48,0,0,0,無,無,4220000,76063,,0.0,0,,RPRQMLPJRHLFFBF98DB
五股區,房地(土地+建物),成蘆段31~60地號,5.32,工,,,1040502,土地1建物1車位0,四層,13,廠辦,工業用,鋼筋混凝土造,,56.32,0,0,0,無,無,4220000,74929,,0.0,0,,RPTQMLPJRHLFFBF56DB
五股區,房地(土地+建物),成蘆段31~60地號,5.32,工,,,1040420,土地1建物1車位0,五層,13,廠辦,工業用,鋼筋混凝土造,,56.32,0,0,0,無,無,4260000,75639,,0.0,0,,RPUQMLPJRHLFFBF66DB
五股區,房地(土地+建物),成蘆段31~60地號,5.21,工,,,1040502,土地1建物1車位0,六層,13,廠辦,工業用,鋼筋混凝土造,,55.11,0,0,0,無,無,4250000,77118,,0.0,0,,RPVQMLPJRHLFFBF76DB
五股區,房地(土地+建物),成蘆段31~60地號,5.21,工,,,1050715,土地1建物1車位0,八層,13,廠辦,工業用,鋼筋混凝土造,,55.11,0,0,0,無,無,3900000,70768,,0.0,0,,RPXQMLPJRHLFFBF96DB
五股區,房地(土地+建物),成蘆段31~60地號,4.34,工,,,1040424,土地1建物1車位0,七層,13,廠辦,工業用,鋼筋混凝土造,,45.93,0,0,0,無,無,3300000,71848,,0.0,0,,RPORMLPJRHLFFBF78DB
五股區,房地(土地+建物),成蘆段31~60地號,4.34,工,,,1040602,土地1建物1車位0,八層,13,廠辦,工業用,鋼筋混凝土造,,45.93,0,0,0,無,無,3400000,74026,,0.0,0,,RPPRMLPJRHLFFBF88DB
五股區,房地(土地+建物),成蘆段31~60地號,4.37,工,,,1040812,土地1建物1車位0,二層,13,廠辦,工業用,鋼筋混凝土造,,46.25,0,0,0,無,無,2880000,62270,,0.0,0,,RPSRMLPJRHLFFBF56DB
五股區,房地(土地+建物),成蘆段31~60地號,8.92,工,,,1040422,土地1建物1車位0,二層,13,廠辦,工業用,鋼筋混凝土造,,94.37,0,0,0,無,無,5490000,58175,,0.0,0,,RPOOMLQJRHLFFBF58DB
五股區,房地(土地+建物),成蘆段31~60地號,8.92,工,,,1040425,土地1建物1車位0,三層,13,廠辦,工業用,鋼筋混凝土造,,94.37,0,0,0,無,無,5690000,60295,,0.0,0,,RPQOMLQJRHLFFBF78DB
五股區,房地(土地+建物),成蘆段31~60地號,9.05,工,,,1040501,土地1建物1車位0,四層,13,廠辦,工業用,鋼筋混凝土造,,95.79,0,0,0,無,無,5840000,60967,,0.0,0,,RPROMLQJRHLFFBF88DB
五股區,房地(土地+建物),成蘆段31~60地號,9.05,工,,,1040501,土地1建物1車位0,五層,13,廠辦,工業用,鋼筋混凝土造,,95.79,0,0,0,無,無,6000000,62637,,0.0,0,,RPVOMLQJRHLFFBF66DB
五股區,房地(土地+建物),成蘆段31~60地號,9.36,工,,,1040830,土地1建物1車位0,八層,13,廠辦,工業用,鋼筋混凝土造,,99.09,0,0,0,無,無,6220000,62771,,0.0,0,,RPXOMLQJRHLFFBF86DB
五股區,房地(土地+建物),成蘆段31~60地號,4.28,工,,,1040713,土地1建物1車位0,二層,13,廠辦,工業用,鋼筋混凝土造,,45.34,0,0,0,無,無,2490000,54918,,0.0,0,,RPRPMLQJRHLFFBF98DB
五股區,房地(土地+建物),成蘆段31~60地號,4.28,工,,,1040425,土地1建物1車位0,三層,13,廠辦,工業用,鋼筋混凝土造,,45.34,0,0,0,無,無,2520000,55580,,0.0,0,,RPUPMLQJRHLFFBF66DB
五股區,房地(土地+建物),成蘆段31~60地號,4.26,工,,,1050415,土地1建物1車位0,八層,13,廠辦,工業用,鋼筋混凝土造,,45.03,0,0,0,無,無,2520000,55963,,0.0,0,,RPTQMLQJRHLFFBF66DB
五股區,房地(土地+建物),成蘆段31~60地號,4.28,工,,,1040502,土地1建物1車位0,二層,13,廠辦,工業用,鋼筋混凝土造,,45.34,0,0,0,無,無,2590000,57124,,0.0,0,,RPUQMLQJRHLFFBF76DB
五股區,房地(土地+建物),成蘆段31~60地號,4.26,工,,,1050420,土地1建物1車位0,八層,13,廠辦,工業用,鋼筋混凝土造,,45.03,0,0,0,無,無,2540000,56407,,0.0,0,,RPVQMLQJRHLFFBF86DB
五股區,房地(土地+建物),成蘆段31~60地號,11.17,工,,,1040503,土地1建物1車位0,三層,13,廠辦,工業用,鋼筋混凝土造,,118.25,0,0,0,無,無,6550000,55391,,0.0,0,,RPWQMLQJRHLFFBF96DB
新莊區,房地(土地+建物)+車位,副都心段一小段61~90地號,8.85,商,,,1031215,土地1建物1車位1,十一層,15,其他,見其他登記事項,鋼筋混凝土造,,121.1,0,0,0,無,無,16000000,132122,坡道平面,31.93,0,1層:公益設施警察局-備勤室.衛生局-辦公室.公共空間2層:公益設施警察局-備勤室.公共空間3層:店舖4層~15層:一般事務所,RPQPMLQJRHLFFBF78CB
新莊區,房地(土地+建物)+車位,副都心段一小段61~90地號,8.85,商,,,1031207,土地1建物1車位1,十三層,15,其他,見其他登記事項,鋼筋混凝土造,,126.16,0,0,0,無,無,16070000,127378,坡道平面,36.99,0,1層:公益設施警察局-備勤室.衛生局-辦公室.公共空間2層:公益設施警察局-備勤室.公共空間3層:店舖4層~15層:一般事務所,RPSPMLQJRHLFFBF98CB
新莊區,房地(土地+建物)+車位,副都心段一小段61~90地號,9.0,商,,,1040713,土地1建物1車位1,三層,15,其他,見其他登記事項,鋼筋混凝土造,,127.24,0,0,1,有,無,16000000,125747,坡道平面,36.99,0,1層:公益設施警察局-備勤室.衛生局-辦公室.公共空間2層:公益設施警察局-備勤室.公共空間3層:店舖4層~15層:一般事務所,RPWPMLQJRHLFFBF76CB
新莊區,房地(土地+建物),副都心段一小段61~90地號,5.03,商,,,1031206,土地1建物1車位0,十層,15,其他,見其他登記事項,鋼筋混凝土造,,51.4,0,0,0,無,無,8300000,161479,,0.0,0,1層:公益設施警察局-備勤室.衛生局-辦公室.公共空間2層:公益設施警察局-備勤室.公共空間3層:店舖4層~15層:一般事務所,RPXQMLQJRHLFFBF96CB
新莊區,房地(土地+建物)+車位,副都心段一小段61~90地號,5.19,商,,,1040430,土地1建物1車位1,三層,15,其他,見其他登記事項,鋼筋混凝土造,,88.21,0,0,1,有,無,9600000,108831,坡道平面,36.99,0,1層:公益設施警察局-備勤室.衛生局-辦公室.公共空間2層:公益設施警察局-備勤室.公共空間3層:店舖4層~15層:一般事務所,RPPRMLQJRHLFFBF88CB
新莊區,房地(土地+建物),副都心段一小段61~90地號,5.03,商,,,1031220,土地1建物1車位0,五層,15,其他,見其他登記事項,鋼筋混凝土造,,51.23,0,0,0,無,無,8380000,163576,,0.0,0,1層:公益設施警察局-備勤室.衛生局-辦公室.公共空間2層:公益設施警察局-備勤室.公共空間3層:店舖4層~15層:一般事務所,RPQRMLQJRHLFFBF98CB
新莊區,房地(土地+建物),副都心段一小段61~90地號,5.03,商,,,1031224,土地1建物1車位0,七層,15,其他,見其他登記事項,鋼筋混凝土造,,51.23,0,0,0,無,無,8340000,162795,,0.0,0,1層:公益設施警察局-備勤室.衛生局-辦公室.公共空間2層:公益設施警察局-備勤室.公共空間3層:店舖4層~15層:一般事務所,RPRRMLQJRHLFFBF09CB
新莊區,房地(土地+建物),副都心段一小段61~90地號,5.03,商,,,1040618,土地1建物1車位0,九層,15,其他,見其他登記事項,鋼筋混凝土造,,51.22,0,0,0,無,無,8220000,160484,,0.0,0,1層:公益設施警察局-備勤室.衛生局-辦公室.公共空間2層:公益設施警察局-備勤室.公共空間3層:店舖4層~15層:一般事務所,RPTRMLQJRHLFFBF66CB
新莊區,房地(土地+建物),副都心段一小段61~90地號,5.03,商,,,1031217,土地1建物1車位0,十層,15,其他,見其他登記事項,鋼筋混凝土造,,51.23,0,0,0,無,無,8340000,162795,,0.0,0,1層:公益設施警察局-備勤室.衛生局-辦公室.公共空間2層:公益設施警察局-備勤室.公共空間3層:店舖4層~15層:一般事務所,RPURMLQJRHLFFBF76CB
新莊區,房地(土地+建物),副都心段一小段61~90地號,5.03,商,,,1031205,土地1建物1車位0,十一層,15,其他,見其他登記事項,鋼筋混凝土造,,51.23,0,0,0,無,無,8340000,162795,,0.0,0,1層:公益設施警察局-備勤室.衛生局-辦公室.公共空間2層:公益設施警察局-備勤室.公共空間3層:店舖4層~15層:一般事務所,RPVRMLQJRHLFFBF86CB
新莊區,房地(土地+建物),副都心段一小段61~90地號,5.03,商,,,1031207,土地1建物1車位0,十二層,15,其他,見其他登記事項,鋼筋混凝土造,,51.23,0,0,0,無,無,8190000,159867,,0.0,0,1層:公益設施警察局-備勤室.衛生局-辦公室.公共空間2層:公益設施警察局-備勤室.公共空間3層:店舖4層~15層:一般事務所,RPXRMLQJRHLFFBF07CB
新莊區,房地(土地+建物)+車位,副都心段一小段61~90地號,8.39,商,,,1040108,土地1建物1車位1,五層,15,其他,見其他登記事項,鋼筋混凝土造,,121.36,0,0,0,無,無,13660000,112558,坡道平面,36.99,0,1層:公益設施警察局-備勤室.衛生局-辦公室.公共空間2層:公益設施警察局-備勤室.公共空間3層:店舖4層~15層:一般事務所,RPPSMLQJRHLFFBF98CB
新莊區,房地(土地+建物)+車位,副都心段一小段61~90地號,10.22,商,,,1040107,土地1建物1車位1,五層,15,其他,見其他登記事項,鋼筋混凝土造,,140.26,0,0,0,無,無,16350000,116569,坡道平面,36.99,0,1層:公益設施警察局-備勤室.衛生局-辦公室.公共空間2層:公益設施警察局-備勤室.公共空間3層:店舖4層~15層:一般事務所,RPQSMLQJRHLFFBF09CB
新莊區,房地(土地+建物)+車位,副都心段一小段61~90地號,10.22,商,,,1031219,土地1建物1車位1,七層,15,其他,見其他登記事項,鋼筋混凝土造,,140.25,0,0,0,無,無,17000000,121212,坡道平面,36.99,0,1層:公益設施警察局-備勤室.衛生局-辦公室.公共空間2層:公益設施警察局-備勤室.公共空間3層:店舖4層~15層:一般事務所,RPSSMLQJRHLFFBF66CB
新莊區,房地(土地+建物),副都心段一小段61~90地號,5.03,商,,,1031213,土地1建物1車位0,八層,15,其他,見其他登記事項,鋼筋混凝土造,,50.95,0,0,0,無,無,8150000,159961,,0.0,0,1層:公益設施警察局-備勤室.衛生局-辦公室.公共空間2層:公益設施警察局-備勤室.公共空間3層:店舖4層~15層:一般事務所,RPXSMLQJRHLFFBF17CB
新莊區,房地(土地+建物)+車位,副都心段一小段61~90地號,5.19,商,,,1031231,土地1建物1車位1,六層,15,其他,見其他登記事項,鋼筋混凝土造,,88.3,0,0,0,無,無,9380000,106229,坡道平面,36.99,0,1層:公益設施警察局-備勤室.衛生局-辦公室.公共空間2層:公益設施警察局-備勤室.公共空間3層:店舖4層~15層:一般事務所,RPOTMLQJRHLFFBF98CB
新莊區,房地(土地+建物)+車位,副都心段一小段61~90地號,5.19,商,,,1031212,土地1建物1車位1,七層,15,其他,見其他登記事項,鋼筋混凝土造,,88.3,0,0,0,無,無,10100000,114383,坡道平面,36.99,0,1層:公益設施警察局-備勤室.衛生局-辦公室.公共空間2層:公益設施警察局-備勤室.公共空間3層:店舖4層~15層:一般事務所,RPPTMLQJRHLFFBF09CB
新莊區,房地(土地+建物)+車位,副都心段一小段61~90地號,5.19,商,,,1040108,土地1建物1車位1,十一層,15,其他,見其他登記事項,鋼筋混凝土造,,88.3,0,0,0,無,無,9650000,109287,坡道平面,36.99,0,1層:公益設施警察局-備勤室.衛生局-辦公室.公共空間2層:公益設施警察局-備勤室.公共空間3層:店舖4層~15層:一般事務所,RPQTMLQJRHLFFBF56CB
淡水區,房地(土地+建物)+車位,海天段271~300地號,15.71,住,,,1030825,土地1建物1車位1,二層,23,住宅大樓(11層含以上有電梯),住家用,鋼骨鋼筋混凝土造,,108.7,2,1,1,有,無,10050000,101613,坡道機械,18.16,850000,,RPOQMLTJRHLFFEF66CB
淡水區,房地(土地+建物)+車位,海天段271~300地號,21.07,住,,,1030914,土地1建物1車位1,九層,23,住宅大樓(11層含以上有電梯),住家用,鋼骨鋼筋混凝土造,,140.68,3,2,2,有,無,13550000,104473,坡道機械,18.16,750000,,RPPQMLTJRHLFFEF76CB
淡水區,房地(土地+建物)+車位,海天段271~300地號,15.6,住,,,1030821,土地1建物1車位1,二層,23,住宅大樓(11層含以上有電梯),住家用,鋼骨鋼筋混凝土造,,107.81,2,1,1,有,無,9750000,98717,坡道機械,18.16,900000,,RPQQMLTJRHLFFEF86CB
淡水區,房地(土地+建物)+車位,海天段271~300地號,15.6,住,,,1030901,土地1建物1車位1,三層,23,住宅大樓(11層含以上有電梯),住家用,鋼骨鋼筋混凝土造,,107.81,2,1,1,有,無,9390000,98606,坡道機械,18.16,550000,,RPRQMLTJRHLFFEF96CB
淡水區,房地(土地+建物)+車位,海天段271~300地號,15.6,住,,,1030831,土地1建物1車位1,六層,23,住宅大樓(11層含以上有電梯),住家用,鋼骨鋼筋混凝土造,,107.81,2,1,1,有,無,9850000,101506,坡道機械,18.16,750000,,RPUQMLTJRHLFFEF27CB
淡水區,房地(土地+建物)+車位,海天段271~300地號,15.6,住,,,1030830,土地1建物1車位1,七層,23,住宅大樓(11層含以上有電梯),住家用,鋼骨鋼筋混凝土造,,107.81,2,1,1,有,無,10000000,103179,坡道機械,18.16,750000,,RPVQMLTJRHLFFEF37CB
淡水區,房地(土地+建物)+車位,海天段271~300地號,15.6,住,,,1030906,土地1建物1車位1,八層,23,住宅大樓(11層含以上有電梯),住家用,鋼骨鋼筋混凝土造,,107.81,2,1,1,有,無,9950000,103179,坡道機械,18.16,700000,,RPWQMLTJRHLFFEF47CB
淡水區,房地(土地+建物)+車位,海天段271~300地號,15.6,住,,,1031215,土地1建物1車位1,九層,23,住宅大樓(11層含以上有電梯),住家用,鋼骨鋼筋混凝土造,,108.1,2,1,1,有,無,10280000,105960,坡道機械,18.16,750000,,RPORMLTJRHLFFEF76CB
淡水區,房地(土地+建物)+車位,海天段271~300地號,15.6,住,,,1030912,土地1建物1車位1,十一層,23,住宅大樓(11層含以上有電梯),住家用,鋼骨鋼筋混凝土造,,108.1,2,1,1,有,無,10450000,106182,坡道機械,18.16,900000,,RPPRMLTJRHLFFEF86CB
淡水區,房地(土地+建物)+車位,海天段271~300地號,15.6,住,,,1030826,土地1建物1車位1,十二層,23,住宅大樓(11層含以上有電梯),住家用,鋼骨鋼筋混凝土造,,108.1,2,1,1,有,無,10500000,106738,坡道機械,18.16,900000,,RPQRMLTJRHLFFEF96CB
淡水區,房地(土地+建物)+車位,海天段271~300地號,15.6,住,,,1030902,土地1建物1車位1,十四層,23,住宅大樓(11層含以上有電梯),住家用,鋼骨鋼筋混凝土造,,107.81,2,1,1,有,無,10500000,109314,坡道機械,18.16,700000,,RPRRMLTJRHLFFEF07CB
淡水區,房地(土地+建物)+車位,海天段271~300地號,15.6,住,,,1030902,土地1建物1車位1,二層,23,住宅大樓(11層含以上有電梯),住家用,鋼骨鋼筋混凝土造,,107.81,2,1,1,有,無,9500000,97936,坡道機械,18.16,720000,,RPSRMLTJRHLFFEF17CB
淡水區,房地(土地+建物)+車位,海天段271~300地號,15.6,住,,,1030810,土地1建物1車位1,四層,23,住宅大樓(11層含以上有電梯),住家用,鋼骨鋼筋混凝土造,,107.81,2,1,1,有,無,9670000,99498,坡道機械,18.16,750000,,RPTRMLTJRHLFFEF27CB
淡水區,房地(土地+建物)+車位,海天段271~300地號,15.6,住,,,1030912,土地1建物1車位1,五層,23,住宅大樓(11層含以上有電梯),住家用,鋼骨鋼筋混凝土造,,107.81,2,1,1,有,無,9900000,101506,坡道機械,18.16,800000,,RPURMLTJRHLFFEF37CB
五股區,房地(土地+建物),成蘆段31~60地號,5.21,工,,,1040424,土地1建物1車位0,七層,13,廠辦,工業用,鋼筋混凝土造,,55.11,0,0,0,無,無,4320000,78389,,0.0,0,,RPTNMLTJRHLFFBF66DB
新莊區,房地(土地+建物),副都心段一小段61~90地號,5.8,商,,,1040426,土地1建物1車位0,三層,15,其他,見其他登記事項,鋼筋混凝土造,,58.93,0,0,1,有,無,9300000,157814,,0.0,0,1層:公益設施警察局-備勤室.衛生局-辦公室.公共空間2層:公益設施警察局-備勤室.公共空間3層:店舖4層~15層:一般事務所,RPSNMLMKRHLFFBF48CB
新莊區,房地(土地+建物)+車位,副都心段一小段61~90地號,5.19,商,,,1040109,土地1建物1車位1,十二層,15,其他,見其他登記事項,鋼筋混凝土造,,84.39,0,0,0,無,無,9520000,112810,坡道平面,33.08,0,1層:公益設施警察局-備勤室.衛生局-辦公室.公共空間2層:公益設施警察局-備勤室.公共空間3層:店舖4層~15層:一般事務所,RPUNMLMKRHLFFBF68CB
新莊區,房地(土地+建物)+車位,副都心段一小段61~90地號,8.08,商,,,1040125,土地1建物1車位1,三層,15,其他,見其他登記事項,鋼筋混凝土造,,119.72,0,0,1,有,無,15400000,128633,坡道平面,38.24,0,1層:公益設施警察局-備勤室.衛生局-辦公室.公共空間2層:公益設施警察局-備勤室.公共空間3層:店舖4層~15層:一般事務所,RPVNMLMKRHLFFBF78CB
新莊區,房地(土地+建物),副都心段一小段61~90地號,5.03,商,,,1040521,土地1建物1車位0,三層,15,其他,見其他登記事項,鋼筋混凝土造,,51.4,0,0,1,有,無,8000000,155642,,0.0,0,1層:公益設施警察局-備勤室.衛生局-辦公室.公共空間2層:公益設施警察局-備勤室.公共空間3層:店舖4層~15層:一般事務所,RPXNMLMKRHLFFBF98CB
新莊區,房地(土地+建物)+車位,副都心段一小段61~90地號,9.46,商,,,1031228,土地1建物1車位1,六層,15,其他,見其他登記事項,鋼筋混凝土造,,131.35,0,0,0,無,無,16500000,125619,坡道平面,36.99,0,1層:公益設施警察局-備勤室.衛生局-辦公室.公共空間2層:公益設施警察局-備勤室.公共空間3層:店舖4層~15層:一般事務所,RPPOMLMKRHLFFBF28CB
新莊區,房地(土地+建物)+車位,副都心段一小段61~90地號,9.46,商,,,1040426,土地1建物1車位1,十二層,15,其他,見其他登記事項,鋼筋混凝土造,,131.35,0,0,0,無,無,16630000,126608,坡道平面,36.99,0,1層:公益設施警察局-備勤室.衛生局-辦公室.公共空間2層:公益設施警察局-備勤室.公共空間3層:店舖4層~15層:一般事務所,RPQOMLMKRHLFFBF38CB
新莊區,房地(土地+建物)+車位,副都心段一小段61~90地號,5.95,商,,,1040310,土地1建物1車位1,十五層,15,其他,見其他登記事項,鋼筋混凝土造,,95.92,0,0,0,無,無,10480000,109258,坡道平面,36.99,0,1層:公益設施警察局-備勤室.衛生局-辦公室.公共空間2層:公益設施警察局-備勤室.公共空間3層:店舖4層~15層:一般事務所,RPPQMLNKRHLFFBF58CB
新莊區,房地(土地+建物),副都心段一小段61~90地號,5.03,商,,,1040118,土地1建物1車位0,十四層,15,其他,見其他登記事項,鋼筋混凝土造,,51.41,0,0,0,無,無,8320000,161836,,0.0,0,1層:公益設施警察局-備勤室.衛生局-辦公室.公共空間2層:公益設施警察局-備勤室.公共空間3層:店舖4層~15層:一般事務所,RPQQMLNKRHLFFBF68CB
淡水區,房地(土地+建物)+車位,海天段271~300地號,15.6,住,,,1030809,土地1建物1車位1,四層,23,住宅大樓(11層含以上有電梯),住家用,鋼骨鋼筋混凝土造,,107.81,2,1,1,有,無,9670000,99498,坡道機械,18.16,750000,,RPTNMLNKRHLFFEF98CB
淡水區,房地(土地+建物)+車位,海天段271~300地號,15.6,住,,,1030912,土地1建物1車位1,十一層,23,住宅大樓(11層含以上有電梯),住家用,鋼骨鋼筋混凝土造,,108.1,2,1,1,有,無,10450000,106182,坡道機械,18.16,900000,,RPXNMLNKRHLFFEF76CB
淡水區,房地(土地+建物)+車位,海天段271~300地號,15.6,住,,,1030902,土地1建物1車位1,十四層,23,住宅大樓(11層含以上有電梯),住家用,鋼骨鋼筋混凝土造,,107.81,2,1,1,有,無,10500000,109314,坡道機械,18.16,700000,,RPOOMLNKRHLFFEF58CB
淡水區,房地(土地+建物)+車位,海天段271~300地號,21.01,住,,,1031024,土地1建物1車位1,二層,23,住宅大樓(11層含以上有電梯),住家用,鋼骨鋼筋混凝土造,,140.13,3,2,2,有,無,12670000,97729,坡道機械,18.16,750000,,RPPOMLNKRHLFFEF68CB
淡水區,房地(土地+建物)+車位,海天段271~300地號,15.6,住,,,1030830,土地1建物1車位1,六層,23,住宅大樓(11層含以上有電梯),住家用,鋼骨鋼筋混凝土造,,107.81,2,1,1,有,無,10100000,102621,坡道機械,18.16,900000,,RPTQMLNKRHLFFEF66CB
淡水區,房地(土地+建物)+車位,海天段271~300地號,15.6,住,,,1030829,土地1建物1車位1,九層,23,住宅大樓(11層含以上有電梯),住家用,鋼骨鋼筋混凝土造,,108.1,2,1,1,有,無,10200000,104069,坡道機械,18.16,840000,,RPWQMLNKRHLFFEF96CB
淡水區,房地(土地+建物)+車位,海天段271~300地號,15.6,住,,,1030829,土地1建物1車位1,十層,23,住宅大樓(11層含以上有電梯),住家用,鋼骨鋼筋混凝土造,,108.1,2,1,1,有,無,10300000,106738,坡道機械,18.16,700000,,RPXQMLNKRHLFFEF07CB
汐止區,房地(土地+建物)+車位,北山段421~450地號,19.45,住,,,1041206,土地1建物1車位1,五層,15,住宅大樓(11層含以上有電梯),住家用,鋼筋混凝土造,,155.45,3,2,2,有,無,20040000,128916,坡道平面,27.21,0,,RPVPMLNLRHLFFDF76CB
汐止區,房地(土地+建物)+車位,北山段421~450地號,11.21,住,,,1040822,土地1建物1車位1,十一層,15,住宅大樓(11層含以上有電梯),住家用,鋼筋混凝土造,,99.65,2,2,1,有,無,12500000,125439,坡道平面,27.21,0,,RPQNMLQLRHLFFDF98CB
汐止區,房地(土地+建物)+車位,北山段421~450地號,11.54,住,,,1040712,土地1建物1車位1,十四層,15,住宅大樓(11層含以上有電梯),住家用,鋼筋混凝土造,,98.88,2,2,1,有,無,12780000,129248,坡道平面,24.33,0,,RPRNMLQLRHLFFDF09CB
汐止區,房地(土地+建物)+車位,北山段421~450地號,11.54,住,,,1041228,土地1建物1車位1,十層,15,住宅大樓(11層含以上有電梯),住家用,鋼筋混凝土造,,101.0,2,2,1,有,無,12380000,122574,坡道平面,27.21,0,,RPSNMLQLRHLFFDF56CB
汐止區,房地(土地+建物)+車位,北山段421~450地號,8.24,住,,,1041102,土地1建物1車位1,四層,15,住宅大樓(11層含以上有電梯),住家用,鋼筋混凝土造,,76.88,1,1,1,有,無,9200000,119667,坡道平面,24.33,0,,RPTNMLQLRHLFFDF66CB
五股區,房地(土地+建物)+車位,成蘆段31~60地號,28.85,工,,,1050427,土地1建物1車位2,六層,13,廠辦,工業用,鋼筋混凝土造,,305.35,0,0,0,無,無,20700000,72118,坡道平面,72.4,3900000,,RPTQMLTLRHLFFBF17DB
汐止區,房地(土地+建物)+車位,北山段421~450地號,11.54,住,,,1050506,土地1建物1車位1,九層,15,住宅大樓(11層含以上有電梯),住家用,鋼筋混凝土造,,101.01,2,2,1,有,無,12100000,119790,坡道平面,27.22,0,,RPUOMLNJIILFFDF18CB
汐止區,房地(土地+建物)+車位,北山段421~450地號,15.83,住,,,1050506,土地1建物1車位1,三層,15,住宅大樓(11層含以上有電梯),住家用,鋼筋混凝土造,,127.63,3,2,1,有,無,16000000,125362,坡道平面,24.33,0,,RPTNMLOJIILFFDF08CB
汐止區,房地(土地+建物)+車位,北山段421~450地號,11.21,住,,,1050507,土地1建物1車位1,三層,15,住宅大樓(11層含以上有電梯),住家用,鋼筋混凝土造,,99.66,2,2,1,有,無,13000000,130444,坡道平面,27.22,0,,RPVNMLOJIILFFDF28CB
新莊區,房地(土地+建物)+車位,新豐段1~30地號,8.76,商,,,1040822,土地1建物1車位1,七層,18,住宅大樓(11層含以上有電梯),住商用,鋼筋混凝土造,,101.9,0,0,0,無,無,8330000,81747,坡道平面,26.94,0,,RPVNMLOJIILFFBF08CB
新莊區,房地(土地+建物)+車位,新豐段1~30地號,7.22,商,,,1050416,土地1建物1車位1,五層,18,住宅大樓(11層含以上有電梯),住商用,鋼筋混凝土造,,87.5,1,1,1,有,無,8330000,95200,坡道平面,26.94,0,,RPROMLOJIILFFBF77CB
新莊區,房地(土地+建物)+車位,新豐段1~30地號,7.22,商,,,1040821,土地1建物1車位1,六層,18,住宅大樓(11層含以上有電梯),住商用,鋼筋混凝土造,,87.5,1,1,1,有,無,8130000,92914,坡道平面,26.94,0,,RPTOMLOJIILFFBF97CB
新莊區,房地(土地+建物)+車位,新豐段1~30地號,7.22,商,,,1040821,土地1建物1車位1,七層,18,住宅大樓(11層含以上有電梯),住商用,鋼筋混凝土造,,87.5,1,1,1,有,無,8150000,93143,坡道平面,26.94,0,,RPUOMLOJIILFFBF08CB
新莊區,房地(土地+建物)+車位,新豐段1~30地號,11.7,商,,,1040920,土地1建物1車位1,七層,18,住宅大樓(11層含以上有電梯),住商用,鋼筋混凝土造,,129.72,3,2,1,有,無,11680000,90040,坡道平面,26.94,0,,RPVOMLOJIILFFBF18CB
新莊區,房地(土地+建物)+車位,新豐段1~30地號,6.28,商,,,1050227,土地1建物1車位1,九層,18,住宅大樓(11層含以上有電梯),住商用,鋼筋混凝土造,,78.63,1,1,1,有,無,7270000,92458,坡道平面,26.94,0,,RPXOMLOJIILFFBF38CB
新莊區,房地(土地+建物)+車位,新豐段1~30地號,6.28,商,,,1040715,土地1建物1車位1,十五層,18,住宅大樓(11層含以上有電梯),住商用,鋼筋混凝土造,,74.86,1,1,1,有,無,7100000,94844,坡道平面,23.17,0,,RPQPMLOJIILFFBF77CB
新莊區,房地(土地+建物)+車位,新豐段1~30地號,7.32,商,,,1050509,土地1建物1車位1,七層,18,住宅大樓(11層含以上有電梯),住商用,鋼筋混凝土造,,88.45,0,0,0,無,無,7200000,81402,坡道平面,26.94,0,,RPVPMLOJIILFFBF28CB
新莊區,房地(土地+建物)+車位,新豐段1~30地號,7.32,商,,,1050424,土地1建物1車位1,九層,18,住宅大樓(11層含以上有電梯),住商用,鋼筋混凝土造,,88.45,0,0,0,無,無,7220000,81628,坡道平面,26.94,0,,RPXPMLOJIILFFBF48CB
汐止區,房地(土地+建物)+車位,北山段421~450地號,8.57,住,,,1040915,土地1建物1車位2,三層,15,住宅大樓(11層含以上有電梯),住家用,鋼筋混凝土造,,108.3,1,1,1,有,無,11670000,107756,坡道平面,54.42,0,,RPOOMLPJIILFFDF77CB
汐止區,房地(土地+建物)+車位,北山段421~450地號,11.21,住,,,1040928,土地1建物1車位1,十層,15,住宅大樓(11層含以上有電梯),住家用,鋼筋混凝土造,,99.65,2,2,1,有,無,12500000,125439,坡道平面,27.21,0,,RPRPMLPJIILFFDF18CB
新莊區,房地(土地+建物)+車位,新豐段1~30地號,7.22,商,,,1050407,土地1建物1車位1,十一層,18,住宅大樓(11層含以上有電梯),住商用,鋼筋混凝土造,,83.72,1,1,1,有,無,8350000,99737,坡道平面,23.17,0,,RPWPMLQJIILFFBF58CB
新莊區,房地(土地+建物)+車位,新豐段1~30地號,7.32,商,,,1050918,土地1建物1車位1,十五層,18,住宅大樓(11層含以上有電梯),住商用,鋼筋混凝土造,,88.44,0,0,0,無,無,7600000,85934,坡道平面,26.94,0,,RPQQMLQJIILFFBF08CB
新莊區,房地(土地+建物)+車位,新豐段1~30地號,7.22,商,,,1050917,土地1建物1車位1,九層,18,住宅大樓(11層含以上有電梯),住商用,鋼筋混凝土造,,87.5,1,1,1,有,無,8550000,97714,坡道平面,26.94,0,,RPSQMLQJIILFFBF28CB
新莊區,房地(土地+建物)+車位,新豐段1~30地號,7.22,商,,,1050327,土地1建物1車位1,十五層,18,住宅大樓(11層含以上有電梯),住商用,鋼筋混凝土造,,87.49,1,1,1,有,無,8280000,94639,坡道平面,26.94,0,,RPROMLRJIILFFBF08CB
新莊區,房地(土地+建物)+車位,新豐段1~30地號,7.32,商,,,1050603,土地1建物1車位1,六層,18,住宅大樓(11層含以上有電梯),住商用,鋼筋混凝土造,,88.45,0,0,0,無,無,7150000,80837,坡道平面,26.94,0,,RPSOMLRJIILFFBF18CB
新莊區,房地(土地+建物)+車位,新豐段1~30地號,7.22,商,,,1050307,土地1建物1車位1,四層,18,住宅大樓(11層含以上有電梯),商業用,鋼筋混凝土造,,87.48,0,0,0,無,無,6960000,79561,坡道平面,26.94,0,,RPWOMLMKIILFFBF18CB
新莊區,房地(土地+建物),新豐段1~30地號,9.16,商,,,1041031,土地1建物1車位0,二層,18,住宅大樓(11層含以上有電梯),商業用,鋼筋混凝土造,,86.11,0,0,1,有,無,7830000,90930,,0.0,0,,RPPQMLMKIILFFBF67CB
新莊區,房地(土地+建物)+車位,新豐段1~30地號,7.32,商,,,1050825,土地1建物1車位1,四層,18,住宅大樓(11層含以上有電梯),商業用,鋼筋混凝土造,,84.67,0,0,0,無,無,7120000,84091,坡道平面,23.17,0,,RPQQMLMKIILFFBF77CB
新莊區,房地(土地+建物)+車位,新豐段1~30地號,7.32,商,,,1050907,土地1建物1車位1,四層,18,住宅大樓(11層含以上有電梯),商業用,鋼筋混凝土造,,88.45,0,0,0,無,無,7100000,80271,坡道平面,26.94,0,,RPRQMLMKIILFFBF87CB
新莊區,房地(土地+建物)+車位,新豐段1~30地號,9.75,商,,,1041206,土地1建物1車位1,四層,18,住宅大樓(11層含以上有電梯),商業用,鋼筋混凝土造,,107.45,0,0,0,無,無,8920000,83015,坡道平面,23.17,0,,RPSQMLMKIILFFBF97CB
五股區,房地(土地+建物)+車位,芳洲段31~60地號,12.11,住,,,1040711,土地1建物1車位1,五層,19,住宅大樓(11層含以上有電梯),住家用,鋼筋混凝土造,,84.13,2,1,1,有,無,8250000,98063,坡道平面,20.53,0,,RPVRMLMKIILFFBF38CB
五股區,房地(土地+建物)+車位,芳洲段31~60地號,20.29,住,,,1040604,土地1建物1車位1,九層,19,住宅大樓(11層含以上有電梯),住家用,鋼筋混凝土造,,130.95,3,2,2,有,無,13500000,103093,坡道平面,22.35,0,,RPOSMLMKIILFFBF77CB
五股區,房地(土地+建物)+車位,芳洲段31~60地號,20.29,住,,,1040531,土地1建物1車位1,十三層,19,住宅大樓(11層含以上有電梯),住家用,鋼筋混凝土造,,130.95,3,2,2,有,無,13650000,104238,坡道平面,22.35,0,,RPPSMLMKIILFFBF87CB
五股區,房地(土地+建物)+車位,芳洲段31~60地號,15.04,住,,,1040712,土地1建物1車位1,十一層,19,住宅大樓(11層含以上有電梯),住家用,鋼筋混凝土造,,102.04,2,2,1,有,無,10300000,100941,坡道平面,22.35,0,,RPROMLRKIILFFBF18CB
五股區,房地(土地+建物)+車位,芳洲段31~60地號,15.04,住,,,1040802,土地1建物1車位1,十三層,19,住宅大樓(11層含以上有電梯),住家用,鋼筋混凝土造,,102.04,2,2,1,有,無,10330000,101235,坡道平面,22.35,0,,RPTOMLRKIILFFBF38CB
五股區,房地(土地+建物)+車位,芳洲段31~60地號,15.04,住,,,1040611,土地1建物1車位1,十九層,19,住宅大樓(11層含以上有電梯),住家用,鋼筋混凝土造,,102.04,2,2,1,有,無,10450000,102411,坡道平面,22.35,0,,RPUOMLRKIILFFBF48CB
五股區,房地(土地+建物)+車位,芳洲段31~60地號,20.28,住,,,1040621,土地1建物1車位1,十七層,19,住宅大樓(11層含以上有電梯),住家用,鋼筋混凝土造,,130.86,3,2,2,有,無,13990000,106908,坡道平面,22.35,0,,RPPPMLRKIILFFBF08CB
五股區,房地(土地+建物)+車位,芳洲段31~60地號,15.03,住,,,1040604,土地1建物1車位1,九層,19,住宅大樓(11層含以上有電梯),住家用,鋼筋混凝土造,,102.03,3,2,2,有,無,10300000,100951,坡道平面,22.35,0,,RPQPMLRKIILFFBF18CB
五股區,房地(土地+建物)+車位,芳洲段31~60地號,15.03,住,,,1040605,土地1建物1車位1,十層,19,住宅大樓(11層含以上有電梯),住家用,鋼筋混凝土造,,102.03,3,2,2,有,無,10300000,100951,坡道平面,22.35,0,,RPRPMLRKIILFFBF28CB
五股區,房地(土地+建物)+車位,芳洲段31~60地號,15.03,住,,,1040607,土地1建物1車位1,十四層,19,住宅大樓(11層含以上有電梯),住家用,鋼筋混凝土造,,102.03,3,2,2,有,無,10350000,101441,坡道平面,22.35,0,,RPTPMLRKIILFFBF48CB
五股區,房地(土地+建物)+車位,芳洲段31~60地號,20.85,住,,,1040606,土地1建物1車位1,六層,19,住宅大樓(11層含以上有電梯),住家用,鋼筋混凝土造,,134.02,3,2,2,有,無,13750000,102597,坡道平面,22.35,0,,RPVPMLRKIILFFBF68CB
五股區,房地(土地+建物)+車位,芳洲段31~60地號,20.64,住,,,1040606,土地1建物1車位1,六層,19,住宅大樓(11層含以上有電梯),住家用,鋼筋混凝土造,,132.85,3,2,2,有,無,13650000,102747,坡道平面,22.35,0,,RPXPMLRKIILFFBF88CB
五股區,房地(土地+建物)+車位,芳洲段31~60地號,21.18,住,,,1040626,土地1建物1車位2,十二層,19,住宅大樓(11層含以上有電梯),住家用,鋼筋混凝土造,,155.2,3,2,2,有,無,14670000,94523,坡道平面,44.7,0,,RPPQMLRKIILFFBF18CB
五股區,房地(土地+建物)+車位,芳洲段31~60地號,15.22,住,,,1040803,土地1建物1車位1,十八層,19,住宅大樓(11層含以上有電梯),住家用,鋼筋混凝土造,,103.02,2,2,1,有,無,10800000,104834,坡道平面,22.35,0,,RPXQMLSKIILFFBF09CB
五股區,房地(土地+建物)+車位,芳洲段31~60地號,12.11,住,,,1040619,土地1建物1車位1,八層,19,住宅大樓(11層含以上有電梯),住家用,鋼筋混凝土造,,85.95,2,1,1,有,無,8300000,96568,坡道平面,22.35,0,,RPPRMLSKIILFFBF38CB
五股區,房地(土地+建物)+車位,芳洲段31~60地號,15.03,住,,,1040810,土地1建物1車位1,十二層,19,住宅大樓(11層含以上有電梯),住家用,鋼筋混凝土造,,102.03,3,2,2,有,無,10360000,101539,坡道平面,22.35,0,,RPQRMLSKIILFFBF48CB
蘆洲區,房地(土地+建物)+車位,正義段181~210地號,675.37,住,,,1040501,土地1建物1車位1,三層,10,華廈(10層含以下有電梯),住家用,鋼筋混凝土造,,71.72,2,2,1,有,無,16100000,224484,坡道平面,38.9,0,,RPQOMLSKIILFFGF68CB
蘆洲區,房地(土地+建物)+車位,正義段181~210地號,675.37,住,,,1040617,土地1建物1車位1,三層,10,華廈(10層含以下有電梯),住家用,鋼筋混凝土造,,66.97,2,2,1,有,無,15300000,228461,坡道平面,38.9,0,,RPROMLSKIILFFGF78CB
蘆洲區,房地(土地+建物)+車位,正義段181~210地號,675.37,住,,,1040715,土地1建物1車位1,二層,10,華廈(10層含以下有電梯),住家用,鋼筋混凝土造,,61.6,2,2,1,有,無,13760000,223377,坡道平面,38.9,0,,RPSOMLSKIILFFGF88CB
蘆洲區,房地(土地+建物)+車位,正義段181~210地號,675.37,住,,,1041025,土地1建物1車位1,二層,10,華廈(10層含以下有電梯),住家用,鋼筋混凝土造,,67.05,2,2,1,有,無,14980000,223415,坡道平面,38.9,0,,RPUOMLSKIILFFGF09CB
蘆洲區,房地(土地+建物)+車位,正義段181~210地號,675.37,住,,,1041205,土地1建物1車位1,四層,10,華廈(10層含以下有電梯),住家用,鋼筋混凝土造,,71.72,2,2,1,有,無,14100000,196598,坡道平面,38.9,0,,RPXOMLSKIILFFGF76CB
蘆洲區,房地(土地+建物)+車位,正義段181~210地號,675.37,住,,,1050323,土地1建物1車位1,四層,10,華廈(10層含以下有電梯),住家用,鋼筋混凝土造,,66.97,2,1,1,有,無,13800000,206062,升降平面,38.9,0,,RPOPMLSKIILFFGF58CB
蘆洲區,房地(土地+建物)+車位,正義段181~210地號,675.37,住,,,1050424,土地1建物1車位1,四層,10,華廈(10層含以下有電梯),住家用,鋼筋混凝土造,,68.69,2,1,1,有,無,13920000,202650,升降平面,38.9,0,,RPPPMLSKIILFFGF68CB
蘆洲區,房地(土地+建物)+車位,正義段181~210地號,675.37,住,,,1050612,土地1建物1車位1,七層,10,華廈(10層含以下有電梯),住家用,鋼筋混凝土造,,99.54,3,2,2,有,無,20000000,200924,升降平面,38.9,0,,RPQPMLSKIILFFGF78CB
蘆洲區,房地(土地+建物)+車位,正義段181~210地號,675.37,住,,,1050731,土地1建物1車位1,二層,10,華廈(10層含以下有電梯),住家用,鋼筋混凝土造,,66.85,2,2,1,有,無,13700000,204936,升降平面,38.9,0,,RPRPMLSKIILFFGF88CB
蘆洲區,房地(土地+建物)+車位,正義段181~210地號,675.37,住,,,1041025,土地1建物1車位1,三層,10,華廈(10層含以下有電梯),住家用,鋼筋混凝土造,,71.95,2,2,1,有,無,14700000,204309,坡道平面,38.9,0,,RPVPMLSKIILFFGF66CB
五股區,房地(土地+建物)+車位,芳洲段31~60地號,20.28,住,,,1040623,土地1建物1車位1,十四層,19,住宅大樓(11層含以上有電梯),住家用,鋼筋混凝土造,,130.86,3,2,2,有,無,13660000,104386,坡道平面,22.35,0,,RPXNMLTKIILFFBF88CB
新莊區,房地(土地+建物)+車位,新豐段1~30地號,17.34,商,,,1050709,土地1建物1車位1,八層,15,住宅大樓(11層含以上有電梯),住商用,鋼筋混凝土造,,151.97,0,0,0,無,無,12900000,84885,坡道平面,26.26,0,,RPSSMLOLIILFFBF48CB
新莊區,房地(土地+建物)+車位,新豐段1~30地號,17.34,商,,,1050801,土地1建物1車位1,十四層,15,住宅大樓(11層含以上有電梯),住商用,鋼筋混凝土造,,151.97,0,0,0,無,無,13210000,86925,坡道平面,26.26,0,,RPXSMLOLIILFFBF98CB
新莊區,房地(土地+建物)+車位,新豐段1~30地號,15.69,商,,,1050103,土地1建物1車位1,五層,15,住宅大樓(11層含以上有電梯),住商用,鋼筋混凝土造,,139.99,0,0,0,無,無,11400000,81434,坡道平面,26.26,0,,RPOTMLOLIILFFBF18CB
新莊區,房地(土地+建物)+車位,新豐段1~30地號,15.69,商,,,1050824,土地1建物1車位1,九層,15,住宅大樓(11層含以上有電梯),住商用,鋼筋混凝土造,,139.99,0,0,0,無,無,11900000,85006,坡道平面,26.26,0,,RPQTMLOLIILFFBF38CB
新莊區,房地(土地+建物)+車位,新豐段1~30地號,15.69,商,,,1050826,土地1建物1車位1,十層,15,住宅大樓(11層含以上有電梯),住商用,鋼筋混凝土造,,139.99,0,0,0,無,無,11900000,85006,坡道平面,26.26,0,,RPSTMLOLIILFFBF58CB
新莊區,房地(土地+建物)+車位,新豐段1~30地號,15.69,商,,,1050610,土地1建物1車位1,十一層,15,住宅大樓(11層含以上有電梯),住商用,鋼筋混凝土造,,139.99,0,0,0,無,無,11850000,84649,坡道平面,26.26,0,,RPTTMLOLIILFFBF68CB
新莊區,房地(土地+建物)+車位,新豐段1~30地號,15.69,商,,,1050402,土地1建物1車位1,十三層,15,住宅大樓(11層含以上有電梯),住商用,鋼筋混凝土造,,139.99,0,0,0,無,無,11900000,85006,坡道平面,26.26,0,,RPUTMLOLIILFFBF78CB
新莊區,房地(土地+建物)+車位,新豐段1~30地號,15.69,商,,,1050716,土地1建物1車位1,十五層,15,住宅大樓(11層含以上有電梯),住商用,鋼筋混凝土造,,139.99,0,0,0,無,無,11650000,83220,坡道平面,26.26,0,,RPVTMLOLIILFFBF88CB
新莊區,房地(土地+建物),新豐段1~30地號,9.24,商,,,1050421,土地1建物1車位0,十三層,15,住宅大樓(11層含以上有電梯),住商用,鋼筋混凝土造,,69.67,0,0,0,無,無,6060000,86981,,0.0,0,,RPWTMLOLIILFFBF98CB
新莊區,房地(土地+建物)+車位,新豐段1~30地號,9.87,商,,,1050223,土地1建物1車位1,四層,15,住宅大樓(11層含以上有電梯),住商用,鋼筋混凝土造,,95.66,0,0,0,無,無,7340000,76730,坡道平面,26.26,0,,RPPUMLOLIILFFBF38CB
新莊區,房地(土地+建物)+車位,新豐段1~30地號,16.01,商,,,1041227,土地1建物1車位1,五層,15,住宅大樓(11層含以上有電梯),住商用,鋼筋混凝土造,,142.31,0,0,0,無,無,11660000,81934,坡道平面,26.26,0,,RPRUMLOLIILFFBF58CB
新莊區,房地(土地+建物)+車位,新豐段1~30地號,16.07,商,,,1041229,土地1建物1車位1,十二層,15,住宅大樓(11層含以上有電梯),住商用,鋼筋混凝土造,,142.65,0,0,0,無,無,11740000,82299,坡道平面,26.26,0,,RPSUMLOLIILFFBF68CB
新莊區,房地(土地+建物)+車位,新豐段1~30地號,16.07,商,,,1050605,土地1建物1車位1,十五層,15,住宅大樓(11層含以上有電梯),住商用,鋼筋混凝土造,,142.65,0,0,0,無,無,11450000,80266,坡道平面,26.26,0,,RPUUMLOLIILFFBF88CB
林口區,房地(土地+建物)+車位,建林段481~510地號,46.43,住,,,1050202,土地2建物1車位2,十一層,41,住宅大樓(11層含以上有電梯),住家用,鋼骨混凝土造,,411.54,0,0,0,無,無,50300000,125229,坡道平面,41.02,3900000,,RPWUMLOLIILFFBF09CB
林口區,房地(土地+建物)+車位,建林段481~510地號,46.43,住,,,1050318,土地2建物1車位2,二十五層,41,住宅大樓(11層含以上有電梯),住家用,鋼骨混凝土造,,411.54,0,0,0,無,無,54460000,135917,坡道平面,41.02,4100000,,RPXUMLOLIILFFBF56CB
林口區,房地(土地+建物)+車位,建林段481~510地號,51.32,住,,,1050316,土地2建物1車位2,十七層,41,住宅大樓(11層含以上有電梯),住家用,鋼骨混凝土造,,457.55,0,0,0,無,無,56280000,124313,坡道平面,41.02,4500000,,RPOVMLOLIILFFBF38CB
林口區,房地(土地+建物)+車位,建林段481~510地號,46.43,住,,,1050316,土地2建物1車位2,十七層,41,住宅大樓(11層含以上有電梯),住家用,鋼骨混凝土造,,411.54,0,0,0,無,無,50700000,124690,坡道平面,41.02,4500000,,RPPVMLOLIILFFBF48CB
林口區,房地(土地+建物)+車位,建林段481~510地號,53.77,住,,,1050102,土地2建物1車位3,三十六層,41,住宅大樓(11層含以上有電梯),住家用,鋼骨混凝土造,,479.8,0,0,0,無,無,65000000,139264,坡道平面,61.53,6750000,,RPRVMLOLIILFFBF68CB
新莊區,房地(土地+建物)+車位,新豐段1~30地號,11.83,商,,,1050626,土地1建物1車位1,十三層,15,住宅大樓(11層含以上有電梯),住商用,鋼筋混凝土造,,110.55,0,0,0,無,無,8930000,80778,坡道平面,26.26,0,,RPTNMLQLIILFFBF28CB
新莊區,房地(土地+建物)+車位,新豐段1~30地號,17.34,商,,,1050625,土地1建物1車位1,四層,15,住宅大樓(11層含以上有電梯),住商用,鋼筋混凝土造,,151.97,0,0,0,無,無,12250000,80608,坡道平面,26.26,0,,RPUNMLQLIILFFBF38CB
新莊區,房地(土地+建物)+車位,新豐段1~30地號,17.34,商,,,1050612,土地1建物1車位1,十一層,15,住宅大樓(11層含以上有電梯),住商用,鋼筋混凝土造,,151.97,0,0,0,無,無,12700000,83569,坡道平面,26.26,0,,RPVNMLQLIILFFBF48CB
新莊區,房地(土地+建物)+車位,新豐段1~30地號,9.87,商,,,1050612,土地1建物1車位1,三層,15,住宅大樓(11層含以上有電梯),住商用,鋼筋混凝土造,,95.93,0,0,0,無,無,7600000,79224,坡道平面,26.26,0,,RPQOMLQLIILFFBF08CB
新莊區,房地(土地+建物)+車位,新豐段1~30地號,9.87,商,,,1050512,土地1建物1車位1,五層,15,住宅大樓(11層含以上有電梯),住商用,鋼筋混凝土造,,95.93,0,0,0,無,無,7570000,78912,坡道平面,26.26,0,,RPTOMLQLIILFFBF38CB
新莊區,房地(土地+建物)+車位,新豐段1~30地號,9.87,商,,,1050225,土地1建物1車位1,六層,15,住宅大樓(11層含以上有電梯),住商用,鋼筋混凝土造,,92.32,0,0,0,無,無,7500000,81239,坡道平面,22.65,0,,RPVOMLQLIILFFBF58CB
新莊區,房地(土地+建物)+車位,新豐段1~30地號,9.87,商,,,1050806,土地1建物1車位1,十二層,15,住宅大樓(11層含以上有電梯),住商用,鋼筋混凝土造,,92.32,0,0,0,無,無,7900000,85572,坡道平面,22.65,0,,RPPPMLQLIILFFBF08CB
新莊區,房地(土地+建物)+車位,新豐段1~30地號,9.87,商,,,1050729,土地1建物1車位1,十五層,15,住宅大樓(11層含以上有電梯),住商用,鋼筋混凝土造,,95.93,0,0,0,無,無,7750000,80788,坡道平面,26.26,0,,RPUPMLQLIILFFBF58CB
新莊區,房地(土地+建物),新豐段1~30地號,7.97,商,,,1041212,土地1建物1車位0,十三層,15,住宅大樓(11層含以上有電梯),住商用,鋼筋混凝土造,,59.89,0,0,0,無,無,5580000,93171,,0.0,0,,RPVPMLQLIILFFBF68CB
新莊區,房地(土地+建物)+車位,新豐段1~30地號,9.87,商,,,1050507,土地1建物1車位1,三層,15,住宅大樓(11層含以上有電梯),住商用,鋼筋混凝土造,,95.66,0,0,0,無,無,7610000,79553,坡道平面,26.26,0,,RPXPMLQLIILFFBF88CB
新莊區,房地(土地+建物)+車位,新豐段1~30地號,9.87,商,,,1050321,土地1建物1車位1,五層,15,住宅大樓(11層含以上有電梯),住商用,鋼筋混凝土造,,95.66,0,0,0,無,無,7600000,79448,坡道平面,26.26,0,,RPOQMLQLIILFFBF08CB
新莊區,房地(土地+建物)+車位,新豐段1~30地號,9.87,商,,,1050611,土地1建物1車位1,七層,15,住宅大樓(11層含以上有電梯),住商用,鋼筋混凝土造,,95.66,0,0,0,無,無,7650000,79971,坡道平面,26.26,0,,RPPQMLQLIILFFBF18CB
新莊區,房地(土地+建物)+車位,新豐段1~30地號,9.87,商,,,1050410,土地1建物1車位1,八層,15,住宅大樓(11層含以上有電梯),住商用,鋼筋混凝土造,,95.66,0,0,0,無,無,7650000,79971,坡道平面,26.26,0,,RPQQMLQLIILFFBF28CB
新莊區,房地(土地+建物)+車位,新豐段1~30地號,9.87,商,,,1050717,土地1建物1車位1,九層,15,住宅大樓(11層含以上有電梯),住商用,鋼筋混凝土造,,95.66,0,0,0,無,無,7750000,81016,坡道平面,26.26,0,,RPRQMLQLIILFFBF38CB
新莊區,房地(土地+建物)+車位,新豐段1~30地號,9.87,商,,,1050828,土地1建物1車位1,十一層,15,住宅大樓(11層含以上有電梯),住商用,鋼筋混凝土造,,95.66,0,0,0,無,無,7800000,81539,坡道平面,26.26,0,,RPSQMLQLIILFFBF48CB
新莊區,房地(土地+建物)+車位,新豐段1~30地號,16.01,商,,,1050709,土地1建物1車位1,六層,15,住宅大樓(11層含以上有電梯),住商用,鋼筋混凝土造,,142.31,0,0,0,無,無,11700000,82215,坡道平面,26.26,0,,RPVQMLQLIILFFBF78CB
新莊區,房地(土地+建物)+車位,新豐段1~30地號,16.07,商,,,1050902,土地1建物1車位1,六層,15,住宅大樓(11層含以上有電梯),住商用,鋼筋混凝土造,,142.65,0,0,0,無,無,11900000,83421,坡道平面,26.26,0,,RPWQMLQLIILFFBF88CB
新莊區,房地(土地+建物)+車位,新豐段1~30地號,11.83,商,,,1050615,土地1建物1車位1,十一層,15,住宅大樓(11層含以上有電梯),住商用,鋼筋混凝土造,,110.55,0,0,0,無,無,9030000,81682,坡道平面,26.26,0,,RPORMLQLIILFFBF18CB
永和區,房地(土地+建物),得林段721~750地號,13.45,住,,,1030630,土地1建物1車位0,八層,15,住宅大樓(11層含以上有電梯),住家用,鋼筋混凝土造,,114.46,2,2,1,有,無,21930000,191595,,0.0,0,,RPQOMLSLIILFFHF09EB
永和區,房地(土地+建物)+車位,得林段721~750地號,13.45,住,,,1050404,土地1建物1車位1,五層,15,住宅大樓(11層含以上有電梯),住家用,鋼筋混凝土造,,114.46,2,2,1,有,無,19110000,177562,坡道機械,14.72,1400000,,RPROMLSLIILFFHF56EB
永和區,房地(土地+建物),得林段721~750地號,16.72,住,,,1050322,土地1建物1車位0,十五層,15,住宅大樓(11層含以上有電梯),住家用,鋼筋混凝土造,,142.08,2,2,2,有,無,28620000,201436,,0.0,0,,RPSOMLSLIILFFHF66EB
永和區,房地(土地+建物),得林段721~750地號,9.18,住,,,1030715,土地1建物1車位0,十三層,15,住宅大樓(11層含以上有電梯),住家用,鋼筋混凝土造,,78.28,0,0,0,無,無,15350000,196091,,0.0,0,,RPTOMLSLIILFFHF76EB
永和區,房地(土地+建物),得林段721~750地號,9.18,住,,,1050424,土地1建物1車位0,五層,15,住宅大樓(11層含以上有電梯),住家用,鋼筋混凝土造,,78.28,0,0,0,無,無,12000000,153296,,0.0,0,,RPUOMLSLIILFFHF86EB
永和區,房地(土地+建物),得林段721~750地號,16.72,住,,,1050514,土地1建物1車位0,四層,15,住宅大樓(11層含以上有電梯),住家用,鋼筋混凝土造,,142.08,2,2,2,有,無,21920000,154279,,0.0,0,,RPVOMLSLIILFFHF96EB
永和區,房地(土地+建物)+車位,得林段721~750地號,16.72,住,,,1040214,土地1建物1車位1,十三層,15,住宅大樓(11層含以上有電梯),住家用,鋼筋混凝土造,,142.08,2,2,2,有,無,29550000,251552,坡道平面,32.56,2000000,,RPWOMLSLIILFFHF07EB
永和區,房地(土地+建物),得林段721~750地號,12.45,住,,,1050606,土地1建物1車位0,五層,15,住宅大樓(11層含以上有電梯),住家用,鋼筋混凝土造,,106.72,2,2,1,有,無,16160000,151424,,0.0,0,,RPXOMLSLIILFFHF17EB
永和區,房地(土地+建物),得林段721~750地號,12.45,住,,,1041214,土地1建物1車位0,四層,15,住宅大樓(11層含以上有電梯),住家用,鋼筋混凝土造,,106.72,2,2,1,有,無,16800000,157421,,0.0,0,,RPOPMLSLIILFFHF98EB
淡水區,房地(土地+建物)+車位,淡海段1~30地號,16.24,住,,,1030608,土地1建物1車位1,九層,14,住宅大樓(11層含以上有電梯),住家用,鋼筋混凝土造,,127.59,2,2,2,有,無,7650000,61155,坡道機械,15.58,800000,,RPRNMLTLIILFFEF68CB
淡水區,房地(土地+建物)+車位,淡海段1~30地號,20.76,住,,,1030618,土地1建物1車位1,五層,14,住宅大樓(11層含以上有電梯),住家用,鋼筋混凝土造,,168.33,3,2,2,有,無,9530000,57865,坡道平面,23.51,1150000,,RPSNMLTLIILFFEF78CB
淡水區,房地(土地+建物)+車位,淡海段1~30地號,30.59,住,,,1030618,土地1建物1車位2,十四層,14,住宅大樓(11層含以上有電梯),住家用,鋼筋混凝土造,,255.09,4,2,3,有,無,16650000,68487,坡道平面,47.02,2400000,,RPTNMLTLIILFFEF88CB
淡水區,房地(土地+建物)+車位,淡海段1~30地號,20.76,住,,,1030622,土地1建物1車位1,十三層,14,住宅大樓(11層含以上有電梯),住家用,鋼筋混凝土造,,168.33,3,2,2,有,無,10100000,61110,坡道平面,23.51,1250000,,RPXNMLLMIILFFEF58CB
淡水區,房地(土地+建物)+車位,淡海段1~30地號,23.54,住,,,1030624,土地1建物1車位1,一層,14,住宅大樓(11層含以上有電梯),商業用,鋼筋混凝土造,,162.66,0,0,1,有,無,19100000,128279,坡道平面,23.51,1250000,店舖,RPOOMLLMIILFFEF77CB
淡水區,房地(土地+建物)+車位,淡海段1~30地號,13.78,住,,,1020703,土地1建物1車位1,八層,14,住宅大樓(11層含以上有電梯),住家用,鋼筋混凝土造,,111.96,2,1,1,有,無,6500000,59141,坡道平面,15.58,800000,,RPPOMLLMIILFFEF87CB
淡水區,房地(土地+建物)+車位,淡海段1~30地號,14.83,住,,,1020707,土地1建物1車位1,一層,14,住宅大樓(11層含以上有電梯),住家用,鋼筋混凝土造,,109.96,2,1,1,有,無,7910000,77617,坡道平面,23.51,1200000,,RPSOMLLMIILFFEF18CB
新莊區,房地(土地+建物)+車位,新豐段1~30地號,11.83,商,,,1040919,土地1建物1車位1,十層,15,住宅大樓(11層含以上有電梯),住商用,鋼筋混凝土造,,110.55,0,0,0,無,無,8960000,81049,坡道平面,26.26,0,,RPXOMLLMIILFFBF38CB
新莊區,房地(土地+建物)+車位,新豐段1~30地號,9.87,商,,,1050423,土地1建物1車位1,九層,15,住宅大樓(11層含以上有電梯),住商用,鋼筋混凝土造,,95.93,0,0,0,無,無,7820000,81518,坡道平面,26.26,0,,RPOPMLLMIILFFBF57CB
新莊區,房地(土地+建物)+車位,新豐段1~30地號,9.87,商,,,1050904,土地1建物1車位1,七層,15,住宅大樓(11層含以上有電梯),住商用,鋼筋混凝土造,,95.93,0,0,0,無,無,7850000,81831,坡道平面,26.26,0,,RPPPMLLMIILFFBF67CB
新莊區,房地(土地+建物)+車位,新豐段1~30地號,16.01,商,,,1050424,土地1建物1車位1,四層,15,住宅大樓(11層含以上有電梯),住商用,鋼筋混凝土造,,142.31,0,0,0,無,無,11400000,80107,坡道平面,26.26,0,,RPQPMLLMIILFFBF77CB
新莊區,房地(土地+建物)+車位,新豐段1~30地號,9.87,商,,,1050801,土地1建物1車位1,十三層,15,住宅大樓(11層含以上有電梯),住商用,鋼筋混凝土造,,95.66,0,0,0,無,無,7850000,82061,坡道平面,26.26,0,,RPRPMLLMIILFFBF87CB
新莊區,房地(土地+建物)+車位,新豐段1~30地號,9.87,商,,,1050609,土地1建物1車位1,八層,15,住宅大樓(11層含以上有電梯),住商用,鋼筋混凝土造,,95.93,0,0,0,無,無,7700000,80267,坡道平面,26.26,0,,RPSPMLLMIILFFBF97CB
新莊區,房地(土地+建物)+車位,新豐段1~30地號,9.87,商,,,1050718,土地1建物1車位1,十四層,15,住宅大樓(11層含以上有電梯),住商用,鋼筋混凝土造,,95.93,0,0,0,無,無,7820000,81518,坡道平面,26.26,0,,RPTPMLLMIILFFBF08CB
新莊區,房地(土地+建物)+車位,新豐段1~30地號,11.83,商,,,1050410,土地1建物1車位1,十二層,15,住宅大樓(11層含以上有電梯),住商用,鋼筋混凝土造,,110.55,0,0,0,無,無,9130000,82587,坡道平面,26.26,0,,RPVPMLLMIILFFBF28CB
新莊區,房地(土地+建物)+車位,新豐段1~30地號,11.83,商,,,1050703,土地1建物1車位1,十四層,15,住宅大樓(11層含以上有電梯),住商用,鋼筋混凝土造,,110.55,0,0,0,無,無,9150000,82768,坡道平面,26.26,0,,RPXPMLLMIILFFBF48CB
新莊區,房地(土地+建物)+車位,新豐段1~30地號,17.85,商,,,1050627,土地1建物1車位1,四層,15,住宅大樓(11層含以上有電梯),住商用,鋼筋混凝土造,,154.39,3,2,2,有,無,14550000,94242,坡道平面,26.6,0,,RPPQMLLMIILFFBF77CB
新莊區,房地(土地+建物),新豐段1~30地號,17.21,商,,,1050213,土地1建物1車位0,五層,15,住宅大樓(11層含以上有電梯),住商用,鋼筋混凝土造,,127.79,3,2,2,有,無,13000000,101729,,0.0,0,,RPRQMLLMIILFFBF97CB
新莊區,房地(土地+建物)+車位,新豐段1~30地號,17.85,商,,,1050610,土地1建物1車位1,十五層,15,住宅大樓(11層含以上有電梯),住商用,鋼筋混凝土造,,154.05,3,2,2,有,無,14900000,96722,坡道平面,26.26,0,,RPTQMLLMIILFFBF18CB
新莊區,房地(土地+建物)+車位,新豐段1~30地號,17.72,商,,,1050730,土地1建物1車位1,五層,15,住宅大樓(11層含以上有電梯),住商用,鋼筋混凝土造,,153.09,3,2,2,有,無,14650000,95695,坡道平面,26.26,0,,RPUQMLLMIILFFBF28CB
新莊區,房地(土地+建物)+車位,新豐段1~30地號,17.72,商,,,1050626,土地1建物1車位1,六層,15,住宅大樓(11層含以上有電梯),住商用,鋼筋混凝土造,,149.48,3,2,2,有,無,14600000,97672,坡道平面,22.65,0,,RPVQMLLMIILFFBF38CB
新莊區,房地(土地+建物)+車位,新豐段1~30地號,13.54,商,,,1050816,土地1建物1車位1,五層,15,住宅大樓(11層含以上有電梯),住商用,鋼筋混凝土造,,121.99,3,2,1,有,無,11200000,91811,坡道平面,26.26,0,,RPWQMLLMIILFFBF48CB
