﻿編號,土地區段位置,土地移轉面積平方公尺,使用分區或編定
The serial number,land sector position,land shifting area square meter,the use zoning or compiles and checks
RPQNMLLJQHLFFDF28CC,智興段,.00,都市：商
RPWOMLLJQHLFFHF76CC,得林段,205.33,都市：住
RPUOMLLJQHLFFHF56CC,保健段,1.30,都市：住
RPUOMLLJQHLFFHF56CC,保健段,13.82,都市：住
RPUOMLLJQHLFFHF56CC,保健段,9.32,都市：住
RPPOMLLJQHLFFEF38CC,仁愛段,6.11,都市：住
RPUOMLLJQHLFFEF88CC,公司田段,.00,都市：住
RPSPMLLJQHLFFEF78CC,新興段,.00,都市：住
RPTPMLLJQHLFFEF98DC,新興段,.00,非都市： ; 非都市編定：
RPVNMLLJQHLFFHF56CC,瓦段,.00,都市：住
RPTPMLLJQHLFFAF48CC,公館段,.00,都市：住
RPTPMLLJQHLFFAF48CC,公館段,.00,都市：住
RPTNMLMJQHLFFAF58EC,和平段,.00,都市：住
RPPOMLLJQHLFFHF88EC,板南段,34.59,都市：工
RPPOMLLJQHLFFHF88EC,板南段,.37,都市：工
RPTOMLMJQHLFFEF88CC,埤頭段,668.42,都市：工
RPVQMLMJQHLFFEF66CC,竹圍段,13658.50,非都市： ; 非都市編定：
RPPSMLLJQHLFFBF48CC,安泰段,.00,都市：工
RPRQMLMJQHLFFBF58CC,南勢埔段過崙子小段,1652.00,都市：農
RPTQMLLJQHLFFBF68CC,榮富段,.00,都市：住
RPUQMLMJQHLFFBF09EC,榮富段,8.60,都市：住
RPSRMLMJQHLFFBF98EC,國宅段,135.11,都市：住
RPTNMLLJQHLFFBF38CC,建林段,57.13,都市：住
RPOOMLLJQHLFFBF97CC,國宅段,17.29,都市：住
RPWPMLNJQHLFFEF76CC,長興段,.00,都市：商
RPTOMLNJQHLFFEF98CC,淡海段,13.78,都市：住
RPPQMLNJQHLFFEF88DC,關渡段,.00,都市：住
RPQNMLMJQHLFFDF38CC,智興段,.00,都市：商
RPUNMLNJQHLFFHF86EC,新民段,.00,都市：工
RPSNMLNJQHLFFHF66EC,中原段,.00,都市：工
RPTNMLNJQHLFFHF76EC,健康段,.00,都市：工
RPWNMLNJQHLFFDF09CC,智興段,.00,都市：商
RPQOMLOJQHLFFEF78CC,淡海段,20.60,都市：住
RPRQMLNJQHLFFAF78EC,新興段,82.00,都市：住
RPUOMLOJQHLFFHF86CC,保健段,39.48,都市：住
RPOOMLOJQHLFFHF88CC,健康段,.00,都市：工
RPPPMLOJQHLFFAF38CC,樂利段,8.10,都市：住
RPROMLOJQHLFFAF48CC,中山段,17.67,都市：住
RPPNMLMJQHLFFGF58CC,仁興段,25.20,都市：住
RPPNMLPJQHLFFDF58CC,智興段,.00,都市：住
RPPNMLPJQHLFFDF58CC,智興段,.00,都市：住
RPVOMLPJQHLFFDF66CC,崇德段,601.02,都市：住
RPXOMLPJQHLFFDF86CC,智興段,.00,都市：住
RPUOMLOJQHLFFIF96CC,安溪段,10.74,都市：住
RPQOMLMJQHLFFIF98CC,民族段,155.72,都市：住
RPPOMLNJQHLFFIF98CC,大埔段大埔小段,38.33,非都市：一般農業區 ; 非都市編定：甲種建築用地
RPQPMLPJQHLFFDF88CC,昊天段,33.40,都市：工
RPQPMLPJQHLFFDF88CC,同新段,1.04,都市：工
RPRPMLPJQHLFFDF98CC,北山段,41.59,都市：工
RPSPMLPJQHLFFDF09CC,昊天段,53.41,都市：工
RPPPMLPJQHLFFCF68CC,寶元段,.00,都市：工
RPTOMLPJQHLFFCF98CC,北宜段,.00,都市：住
RPQOMLOJQHLFFCF68DC,文山段,16.18,都市：住
RPRNMLNJQHLFFCF48CC,順安段,.00,都市：住
RPROMLPJQHLFFCF88DC,寶橋段,35.72,都市：工
RPUNMLQJQHLFFEF76DC,中正段,3.42,都市：商
RPPNMLQJQHLFFBF48CC,榮富段,.00,都市：住
RPSPMLPJQHLFFBF88CC,副都心段一小段,.00,都市：商
RPSOMLPJQHLFFBF78CC,黎明段,34.41,都市：住
RPPPMLPJQHLFFBF58CC,中原段,.00,都市：住
RPTPMLPJQHLFFBF98CC,泰山段二小段,.00,都市：住
RPTPMLPJQHLFFBF98CC,泰山段二小段,.00,都市：住
RPWOMLPJQHLFFBF56CC,黎明段,19.31,都市：住
RPQNMLQJQHLFFBF58CC,榮富段,29.33,都市：住
RPSNMLQJQHLFFBF78CC,光明段,15.34,都市：住
RPPOMLQJQHLFFBF58CC,榮富段,12.20,都市：住
RPTNMLQJQHLFFBF88CC,榮富段,5.61,都市：住
RPUNMLQJQHLFFBF98CC,光榮段,40.26,都市：工
RPWNMLQJQHLFFBF56CC,中原段,17.87,都市：商
RPOOMLQJQHLFFBF48CC,榮富段,16.09,都市：住
RPRNMLQJQHLFFBF68CC,雙鳳段,9.14,都市：住
RPROMLQJQHLFFBF78CC,忠孝段,10.90,都市：住
RPOPMLQJQHLFFBF58CC,同興段,11.54,都市：商
RPWOMLSJQHLFFEF17CC,海天段,12.71,都市：住
RPWNMLQJQHLFFEF86CC,淡海段,14.72,都市：住
RPORMLSJQHLFFBF98CC,立德段,.00,都市：住
RPVNMLSJQHLFFCF96EC,行政段,25.76,都市：住
RPXQMLSJQHLFFBF17CC,雙鳳段,.00,都市：住
RPRNMLTJQHLFFCF66EC,寶元段,74.91,都市：工
RPUNMLTJQHLFFCF96EC,寶強段,.90,都市：住
RPUNMLTJQHLFFCF96EC,寶強段,15.65,都市：住
RPUNMLTJQHLFFCF96EC,寶強段,18.35,都市：其他
RPVPMLTJQHLFFEF27CC,海天段,15.31,都市：住
RPUPMLTJQHLFFEF17CC,公司田段,14.16,都市：住
RPWPMLTJQHLFFEF37CC,公司田段,23.92,都市：住
RPXPMLTJQHLFFEF47CC,新巿段,44.21,都市：住
RPOQMLTJQHLFFEF66CC,水仙段,34.29,都市：住
RPPQMLTJQHLFFEF76CC,公司田段,15.55,都市：住
RPPNMLRJQHLFFDF78CC,智興段,3.44,都市：住
RPPNMLRJQHLFFDF78CC,智興段,.03,都市：住
RPQNMLQJQHLFFDF78CC,智興段,.00,都市：住
RPQNMLQJQHLFFDF78CC,智興段,.00,都市：其他
RPSOMLTJQHLFFIF27CC,三鶯段,462.02,非都市：一般農業區 ; 非都市編定：丁種建築用地
RPWOMLTJQHLFFHF57CC,林森段,.00,都市：住
RPVPMLTJQHLFFHF57CC,公園段,.00,都市：住
RPVNMLSJQHLFFDF86CC,智興段,5.44,都市：商
RPROMLTJQHLFFDF86EC,厚德段,31.76,都市：住
RPQOMLTJQHLFFDF76EC,厚德段,28.40,都市：住
RPQPMLSJQHLFFDF76EC,保長段,5.36,都市：住
RPRNMLSJQHLFFDF66EC,保長段,5.21,都市：住
RPRPMLSJQHLFFDF86EC,保長段,5.53,都市：住
RPUOMLTJQHLFFDF96CC,環河段,.00,都市：工
RPXOMLTJQHLFFDF27CC,同新段,.00,都市：工
RPOPMLTJQHLFFDF09CC,昊天段,.00,都市：工
RPPOMLTJQHLFFCF98CC,寶強段,.00,都市：其他
RPXRMLTJQHLFFBF37CC,立言段,21.71,都市：住
RPPOMLTJQHLFFBF88CC,中原段,.00,都市：住
RPOSMLTJQHLFFBF56CC,復興段,14.78,都市：住
RPTOMLTJQHLFFBF66CC,副都心段一小段,12.61,都市：住
RPRSMLTJQHLFFBF86CC,成蘆段,.00,都市：住
RPPSMLTJQHLFFBF66CC,恒安段,24.86,都市：住
RPQSMLTJQHLFFBF76CC,榮和段,9.17,都市：住
RPTRMLTJQHLFFBF96CC,榮富段,7.03,都市：住
RPUNMLKKQHLFFDF68CC,智興段,.00,都市：住
RPUNMLKKQHLFFDF68CC,智興段,.00,都市：其他
RPXNMLTJQHLFFCF07CC,寶強段,.00,都市：住
RPXNMLTJQHLFFCF07CC,寶強段,.00,都市：其他
RPXNMLKKQHLFFHF76CC,連城段,.00,都市：住
RPPOMLKKQHLFFHF68CC,台貿段,.00,都市：住
RPWOMLKKQHLFFHF76CC,安邦段,17.01,都市：住
RPTOMLKKQHLFFHF09CC,興南段,.00,都市：住
RPXOMLKKQHLFFHF86CC,中安段,.00,都市：商
RPOOMLKKQHLFFHF58CC,永利段,.00,都市：住
RPUOMLKKQHLFFHF56CC,華中段,47.94,都市：住
RPPPMLKKQHLFFHF78CC,台貿段,.00,都市：住
RPRPMLKKQHLFFHF98CC,大同段,.00,都市：住
RPQQMLKKQHLFFBF38CC,建林段,17.94,都市：住
RPPQMLKKQHLFFBF28CC,力行段,18.70,都市：商
RPSNMLKKQHLFFIF98CC,大學段一小段,14.47,都市：住
RPVOMLTJQHLFFAF76CC,頂福段,.00,都市：住
RPSNMLKKQHLFFGF78CC,和平段,.00,都市：住
RPROMLKKQHLFFEF58CC,中正段,4.63,都市：其他
RPSPMLKKQHLFFHF09CC,南工段,.00,都市：住
RPTOMLKKQHLFFEF78CC,新巿段,23.62,都市：住
RPSNMLKKQHLFFAF38EC,府中段,21.00,都市：商
RPSNMLKKQHLFFAF38EC,府中段,2.50,都市：其他
RPQOMLKKQHLFFAF28EC,光環段,.00,都市：住
RPROMLKKQHLFFAF38EC,光環段,.00,都市：住
RPSNMLLKQHLFFAF48EC,員和段,20.29,都市：商
RPSNMLLKQHLFFAF48EC,員和段,.10,都市：住
RPSOMLLKQHLFFDF88EC,保長段,1704.00,都市：住
RPQOMLLKQHLFFBF38DC,榮富段,29.06,都市：住
RPTPMLKKQHLFFHF56CC,大智段,.00,都市：住
RPOQMLKKQHLFFHF78CC,永利段,15.24,都市：住
RPWPMLKKQHLFFHF86CC,大仁段,.00,都市：住
RPXPMLKKQHLFFHF96CC,大同段,.00,都市：住
RPQRMLKKQHLFFHF09CC,永平段,9.30,都市：住
RPQRMLKKQHLFFHF09CC,永平段,.01,都市：其他
RPVPMLKKQHLFFHF76CC,華中段,26.89,都市：住
RPVOMLLKQHLFFGF66CC,重新段壹小段,33.05,都市：商
RPWOMLLKQHLFFBF88CC,福基段,.00,都市：工
RPWOMLLKQHLFFBF88CC,福基段,.00,都市：其他
RPRPMLLKQHLFFBF48CC,力行段,.00,都市：住
RPSNMLMKQHLFFDF68CC,大同段,826.45,都市：工
RPTPMLMKQHLFFAF68CC,大安段,56.55,都市：工
RPOPMLMKQHLFFBF28CC,信華段二小段,.00,都市：住
RPOPMLMKQHLFFBF28CC,信華段二小段,.00,都市：住
RPOOMLMKQHLFFBF18CC,榮富段,14.00,都市：住
RPTNMLLKQHLFFAF38CC,力行段,.00,都市：住
RPTNMLLKQHLFFAF38CC,新雅段,.00,都市：住
RPVPMLMKQHLFFBF98CC,富國段,.00,都市：商
RPTNMLMKQHLFFCF68CC,行政段,.00,都市：住
RPSOMLLKQHLFFHF09CC,民治段,.00,都市：住
RPRPMLLKQHLFFHF09CC,仁和段,28.24,都市：住
RPWQMLMKQHLFFEF86CC,海天段,.00,都市：住
RPWQMLMKQHLFFEF86CC,海天段,.00,都市：其他
RPWQMLMKQHLFFEF86CC,海天段,.00,都市：商
RPWQMLMKQHLFFEF86CC,海天段,.00,都市：其他
RPWQMLMKQHLFFEF86CC,海天段,.00,都市：其他
RPPNMLMKQHLFFCF48EC,民安段,40.60,都市：住
RPPNMLNKQHLFFDF48CC,智興段,.00,都市：商
RPQNMLNKQHLFFDF58CC,智興段,.00,都市：住
RPXOMLMKQHLFFHF07CC,民有段,.00,都市：工
RPVOMLMKQHLFFHF86CC,健康段,.00,都市：工
RPVOMLMKQHLFFHF86CC,健康段,.00,都市：工
RPWNMLMKQHLFFHF86CC,東南段,18.20,都市：住
RPWNMLMKQHLFFHF86CC,東南段,14.44,都市：住
RPPNMLOKQHLFFEF68CC,新巿段,22.18,都市：住
RPQNMLOKQHLFFEF78CC,新巿段,22.18,都市：住
RPRNMLOKQHLFFEF88CC,公司田段,23.61,都市：住
RPOOMLPKQHLFFEF78CC,正德段,26.32,都市：住
RPQOMLPKQHLFFEF98CC,臺北港段,5187.65,都市：其他
RPTNMLOKQHLFFEF09CC,公司田段,15.12,都市：住
RPPOMLMKQHLFFGF78CC,富貴段,.00,都市：住
RPPOMLPKQHLFFEF88CC,大義段,32.67,都市：住
RPPOMLPKQHLFFEF88CC,大義段,11.21,都市：住
RPPOMLPKQHLFFEF88CC,大義段,.72,都市：住
RPUOMLPKQHLFFEF76CC,海鷗段,16.94,都市：住
RPTOMLMKQHLFFGF56CC,正義段,.00,都市：住
RPQNMLPKQHLFFHF56CC,健康段,24.77,都市：工
RPOPMLPKQHLFFHF56CC,四維段,19.04,都市：住
RPTOMLPKQHLFFHF96CC,健康段,36.68,都市：工
RPOPMLPKQHLFFDF78CC,北山段,.00,都市：商
RPOPMLPKQHLFFDF78CC,北山段,.00,都市：商
RPSPMLPKQHLFFHF96CC,福和段,.00,都市：商
RPQPMLPKQHLFFHF76CC,興南段,.00,都市：住
RPTPMLPKQHLFFHF07CC,中安段,.00,都市：商
RPTPMLPKQHLFFHF07CC,中安段,.00,都市：住
RPSOMLPKQHLFFBF88CC,麗林段,15.17,都市：商
RPPPMLPKQHLFFDF09EC,保長段,3.91,都市：住
RPXNMLPKQHLFFEF07DC,海天段,36.15,都市：工
RPUNMLPKQHLFFCF09CC,中央段,189.97,都市：住
RPTNMLPKQHLFFCF98CC,惠國段,11.09,都市：住
RPPOMLQKQHLFFAF68DC,江子翠段第三崁小段,13.00,都市：住
RPPOMLQKQHLFFAF68DC,江子翠段第三崁小段,4.19,都市：住
RPWOMLQKQHLFFIF47CC,安溪段,72.52,都市：住
RPWOMLQKQHLFFIF47CC,安溪段,44.47,都市：住
RPPQMLRKQHLFFEF66CC,紅毛城段,5.59,都市：住
RPVPMLPKQHLFFBF66CC,建林段,14.84,都市：住
RPSPMLPKQHLFFBF98CC,建林段,29.49,都市：住
RPTNMLQKQHLFFDF56CC,工建段,259.24,都市：工
RPVNMLRKQHLFFEF96CC,正德段,.00,都市：住
RPVNMLRKQHLFFEF96CC,正德段,.00,都市：住
RPOPMLRKQHLFFAF68CC,大庭段,38.50,都市：住
RPPNMLRKQHLFFAF78EC,振興段,25.34,都市：住
RPUNMLSKQHLFFAF76EC,埔墘段,.00,都市：住
RPROMLRKQHLFFAF88CC,新板段二小段,4.51,都市：其他
RPOOMLSKQHLFFAF88EC,員和段,20.29,都市：商
RPOOMLSKQHLFFAF88EC,員和段,.10,都市：住
RPPOMLRKQHLFFDF98CC,崇德段,.00,都市：住
RPQNMLQKQHLFFDF88CC,中正段,30.63,都市：住
RPWNMLRKQHLFFDF96CC,昊天段,.00,都市：工
RPQPMLSKQHLFFEF86DC,海天段,.00,非都市： ; 非都市編定：
RPSNMLSKQHLFFCF66DC,莊敬段,.00,都市：住
RPTNMLSKQHLFFCF66CC,莊敬段,.00,都市：住
RPPOMLSKQHLFFBF88CC,光榮段,22.71,都市：住
RPUPMLSKQHLFFBF86CC,中原段,22.69,都市：商
RPPQMLSKQHLFFBF09CC,中誠段,22.30,都市：住
RPQQMLSKQHLFFBF56CC,中原段,11.37,都市：商
RPSNMLRKQHLFFGF96DC,中興段,.00,都市：工
RPOQMLSKQHLFFBF98CC,興化段,46.05,都市：工
RPWNMLSKQHLFFEF17CC,新興段,11.15,都市：住
RPXNMLSKQHLFFEF27CC,公司田段,22.93,都市：住
RPROMLSKQHLFFGF96CC,幸福段,.00,都市：住
RPXNMLSKQHLFFHF57CC,永安段,.00,都市：住
RPSNMLTKQHLFFHF17CC,永安段,.00,都市：商
RPSNMLTKQHLFFHF17CC,永安段,.00,都市：住
RPROMLTKQHLFFHF17CC,及人段,.00,都市：住
RPROMLTKQHLFFHF17CC,及人段,.00,都市：其他
RPROMLTKQHLFFHF17CC,及人段,.00,都市：住
RPROMLTKQHLFFHF17CC,及人段,.00,都市：住
RPTPMLTKQHLFFGF37CC,永安段,.00,都市：住
RPVQMLSKQHLFFBF07CC,榮富段,15.77,都市：住
RPRPMLTKQHLFFEF96CC,公司田段,20.02,都市：住
RPRPMLTKQHLFFEF96CC,公司田段,20.02,都市：住
RPSOMLTKQHLFFBF66CC,建林段,.09,都市：商
RPSOMLTKQHLFFBF66CC,建林段,11.69,都市：商
RPVNMLTKQHLFFCF96CC,禾豐一段,225.09,都市：住
RPSOMLTKQHLFFDF86CC,保安段,90.59,都市：工
RPSNMLKLQHLFFEF78DC,鄧公段,.00,非都市： ; 非都市編定：
RPPNMLKLQHLFFEF38CC,仁愛段,3.27,都市：住
RPXOMLMLQHLFFEF86CC,米倉段,6.91,都市：商
RPXOMLMLQHLFFEF86CC,米倉段,23.04,都市：商
RPXOMLMLQHLFFEF86CC,米倉段,4.37,都市：商
RPPNMLKLQHLFFDF28CC,智興段,.00,都市：商
RPROMLMLQHLFFHF56CC,文化段,4.68,都市：商
RPVOMLTKQHLFFIF67CC,圳福段,13.07,都市：住
RPXOMLTKQHLFFIF87CC,中華段,36.50,都市：住
RPPPMLTKQHLFFIF17CC,民生段,15.31,都市：住
RPPPMLTKQHLFFIF17CC,民生段,.03,都市：其他
RPWOMLTKQHLFFIF77CC,中華段,19.02,都市：住
RPXOMLMLQHLFFHF17CC,健康段,32.73,都市：工
RPRPMLMLQHLFFHF66CC,安邦段,.00,都市：住
RPPPMLMLQHLFFHF09CC,台貿段,.00,都市：住
RPQNMLMLQHLFFIF09CC,大學段一小段,771.51,都市：住
RPOPMLTKQHLFFIF17DC,中山段,119.75,都市：工
RPQOMLTKQHLFFIF17CC,大學段一小段,5.88,都市：住
RPSNMLMLQHLFFCF68CC,莊敬段,.00,都市：住
RPROMLTKQHLFFIF27CC,大學段一小段,5.88,都市：住
RPQNMLMLQHLFFCF48CC,順安段,32.71,都市：住
RPXNMLMLQHLFFBF09CC,自強段,101.32,都市：住
RPRNMLMLQHLFFDF68CC,中正段,.00,都市：住
RPPNMLMLQHLFFAF38EC,江子翠段第二崁小段,11.00,都市：其他
RPPNMLMLQHLFFAF38EC,江子翠段第二崁小段,96.00,都市：住
RPQNMLMLQHLFFDF58CC,智興段,.00,都市：商
RPOOMLMLQHLFFBF28CC,國宅段,11.09,都市：住
RPSNMLNLQHLFFAF58CC,公館段,.00,都市：住
RPPOMLNLQHLFFBF48CC,自立段,9.90,都市：住
RPRPMLNLQHLFFBF78CC,國宅段,72.91,都市：住
RPWOMLNLQHLFFBF56CC,麗林段,9.37,都市：商
RPOQMLOLQHLFFGF56CC,大同南段,.00,都市：商
RPOQMLOLQHLFFGF56CC,大同南段,.00,都市：商
RPOQMLOLQHLFFGF56CC,大同南段,.00,都市：商
RPOQMLOLQHLFFGF56CC,大同南段,.00,都市：商
RPOQMLOLQHLFFGF56CC,大同南段,.00,都市：商
RPSNMLOLQHLFFAF88EC,金城段,57.43,都市：住
RPSOMLOLQHLFFAF98EC,介壽段,.00,都市：商
RPROMLOLQHLFFAF88EC,介壽段,.00,都市：商
RPXNMLOLQHLFFEF96CC,公司田段,24.70,都市：住
RPWQMLNLQHLFFEF07CC,樹林口段樹林口小段,.81,非都市：山坡地保育區 ; 非都市編定：丙種建築用地
RPWQMLNLQHLFFEF07CC,興福寮段,8.49,非都市：山坡地保育區 ; 非都市編定：丙種建築用地
RPXNMLNLQHLFFDF76CC,工建段,595.04,都市：工
RPPOMLPLQHLFFDF09EC,智興段,4.98,都市：住
RPPOMLPLQHLFFCF88DC,中央段,28.24,都市：住
RPOOMLNLQHLFFDF58CC,昊天段,7.64,都市：工
RPUNMLNLQHLFFDF09CC,福德段,30.00,都市：住
RPUNMLNLQHLFFDF09CC,福德段,3.05,都市：住
RPQNMLNLQHLFFDF68CC,保長段,13026.01,都市：住
RPQPMLOLQHLFFDF56EC,智興段,.01,都市：住
RPWNMLPLQHLFFCF76CC,福園段,26.16,都市：住
RPOOMLOLQHLFFIF76EC,和平段,95.02,都市：住
RPUPMLPLQHLFFIF37CC,大學段二小段,8.22,都市：商
RPUOMLPLQHLFFIF27CC,大學段二小段,10.22,都市：商
RPQOMLPLQHLFFIF86CC,大學段一小段,41.62,都市：住
RPSOMLPLQHLFFIF17DC,大學段二小段,16.79,都市：商
RPSOMLQLQHLFFCF56CC,土庫段賴仲坑小段,42.33,非都市：一般農業區 ; 非都市編定：甲種建築用地
RPPPMLQLQHLFFEF56CC,公司田段,25.01,都市：住
RPROMLPLQHLFFAF78CC,頂福段,.00,都市：住
RPOQMLQLQHLFFDF66EC,保長段,6.71,都市：住
RPRNMLPLQHLFFAF68CC,江子翠段第二崁小段,12.67,都市：住
RPVOMLQLQHLFFAF66CC,江子翠段第三崁小段,.00,都市：住
RPTOMLQLQHLFFEF07EC,公司田段,18.33,都市：住
RPUOMLQLQHLFFEF17EC,公司田段,23.89,都市：住
RPVOMLQLQHLFFHF37CC,樂華段,.00,都市：住
RPVOMLQLQHLFFEF27EC,公司田段,18.93,都市：住
RPTOMLTLQHLFFBF86CC,雙鳳段,31.03,都市：住
RPQQMLTLQHLFFBF76CC,行政段,87.76,都市：商
RPSNMLTLQHLFFEF96CC,公司田段,24518.28,都市：住
RPXNMLTLQHLFFEF47CC,天生段,8.58,都市：住
RPQNMLSLQHLFFDF56CC,智興段,.00,都市：商
RPPNMLRLQHLFFDF98CC,智興段,.00,都市：商
RPPNMLSLQHLFFDF09CC,智興段,.00,都市：商
RPPNMLSLQHLFFDF09CC,智興段,.00,都市：住
RPPOMLTLQHLFFIF17CC,大學段一小段,21.32,都市：住
RPPPMLTLQHLFFEF86CC,公司田段,32.36,都市：住
RPXNMLQLQHLFFHF47CC,中興段,.00,都市：商
RPROMLTLQHLFFIF37CC,大埔段大埔小段,843.00,非都市：一般農業區 ; 非都市編定：甲種建築用地
RPTNMLTLQHLFFDF17EC,保長段,6.64,都市：住
RPWNMLTLQHLFFEF47DC,公司田段,15.63,都市：住
RPQOMLTLQHLFFEF96DC,正德段,13.75,都市：住
RPUNMLTLQHLFFDF27EC,保長段,7.56,都市：住
RPRNMLTLQHLFFDF96EC,保長段,6.77,都市：住
RPOOMLTLQHLFFDF76EC,保長段,8.87,都市：住
RPVNMLTLQHLFFDF37EC,保長段,6.71,都市：住
RPQNMLKMQHLFFDF48CC,智興段,.00,都市：商
RPQOMLKMQHLFFAF48EC,中山段,195.00,都市：其他
RPWQMLLMQHLFFAF56CC,江子翠段溪頭小段,16.46,都市：住
RPXPMLLMQHLFFAF56CC,江子翠段新埔小段,48.50,都市：住
RPROMLLMQHLFFCF68CC,安坑段下五十六分小段,263.00,非都市：山坡地保育區 ; 非都市編定：丙種建築用地
RPROMLLMQHLFFCF68CC,安坑段下五十六分小段,3.00,非都市：山坡地保育區 ; 非都市編定：丙種建築用地
RPROMLLMQHLFFCF68CC,安坑段下五十六分小段,3.00,非都市：山坡地保育區 ; 非都市編定：丙種建築用地
RPROMLLMQHLFFCF68CC,安坑段下五十六分小段,3.00,非都市：山坡地保育區 ; 非都市編定：丙種建築用地
RPRQMLLMQHLFFBF78CC,自強段,.00,都市：住
RPOQMLLMQHLFFBF48CC,和平段,110.63,都市：住
RPQQMLLMQHLFFBF68CC,昌隆段,16.09,都市：其他
RPROMLLMQHLFFBF58CC,建林段,61.44,都市：住
RPWPMLLMQHLFFBF56CC,泰林段,20.70,都市：住
RPQNMLLMQHLFFDF58CC,智興段,.00,都市：商
RPTNMLLMQHLFFDF88CC,智興段,.00,都市：商
RPRNMLLMQHLFFDF68CC,中正段,.00,都市：住
RPTRMLLMQHLFFBF09CC,立言段,22.24,都市：住
RPSQMLLMQHLFFBF88CC,自立段,17.81,都市：商
RPRRMLLMQHLFFBF88CC,建林段,13.11,都市：住
RPURMLLMQHLFFBF56CC,中原段,33.56,都市：住
RPQRMLLMQHLFFBF78CC,中泰段,25.70,都市：其他
RPXRMLLMQHLFFBF86CC,丹鳳段,15.86,都市：住
RPWRMLLMQHLFFBF76CC,自立段,24.73,都市：商
RPPSMLLMQHLFFBF78CC,榮富段,29.13,都市：住
RPUPMLLMQHLFFDF76EC,北山段,7.91,都市：住
RPXNMLLMQHLFFEF76CC,新興段,.49,都市：其他
RPXNMLLMQHLFFEF76CC,新興段,8.01,都市：其他
RPXNMLLMQHLFFEF76CC,新興段,1.13,都市：其他
RPPPMLLMQHLFFGF98CC,雙園段,.00,都市：住
RPPOMLLJRHLFFGF68CC,幸福段,.00,都市：住
RPUOMLLJRHLFFEF98CC,新興段,.00,都市：住
RPUOMLLJRHLFFEF98CC,新興段,.00,都市：其他
RPSOMLLMQHLFFHF66CC,中和段,23.42,都市：住
RPUOMLLMQHLFFHF86CC,圓通段,20.90,都市：住
RPVNMLLJRHLFFDF98DC,厚德段,10.15,都市：住
RPVPMLLMQHLFFDF86EC,保長段,8.53,都市：住
RPWNMLLJRHLFFDF98CC,昊天段,29.69,都市：工
RPWNMLLJRHLFFDF98CC,同新段,.93,都市：工
RPPOMLLJRHLFFHF78CC,健康段,.00,都市：工
RPPPMLLJRHLFFHF88CC,健康段,.00,都市：工
RPWNMLLJRHLFFHF76CC,復興段,52.72,都市：商
RPROMLLJRHLFFHF98CC,健康段,.00,都市：工
RPQPMLLJRHLFFHF98CC,信和段,.00,都市：住
RPRPMLLJRHLFFHF09CC,板南段,.00,都市：工
RPRPMLLJRHLFFHF09CC,板南段,.00,都市：其他
RPXNMLLJRHLFFDF09CC,昊天段,23.75,都市：工
RPXNMLLJRHLFFDF09CC,同新段,.74,都市：工
RPROMLMJRHLFFCF58CC,寶橋段,23.68,都市：工
RPPOMLLJRHLFFDF38CC,昊天段,22.86,都市：工
RPPOMLLJRHLFFDF38CC,同新段,.71,都市：工
RPOOMLLJRHLFFDF28CC,昊天段,23.30,都市：工
RPOOMLLJRHLFFDF28CC,同新段,.73,都市：工
RPSNMLMJRHLFFHF09CC,安樂段,18.40,都市：住
RPSPMLMJRHLFFHF66CC,中原段,.00,都市：工
RPQNMLNJRHLFFDF58CC,昊天段,6674.07,都市：住
RPQNMLNJRHLFFDF58CC,昊天段,29.61,都市：住
RPQNMLNJRHLFFDF58CC,昊天段,1.02,都市：其他
RPPNMLOJRHLFFDF58CC,智興段,.00,都市：商
RPPNMLOJRHLFFDF58CC,智興段,.00,都市：住
RPRNMLLJRHLFFIF98CC,永安段,16.27,都市：住
RPQNMLOJRHLFFDF68CC,智興段,.00,都市：商
RPVPMLMJRHLFFAF88CC,府中段,.00,都市：商
RPSNMLMJRHLFFAF38CC,中山段,6.51,都市：其他
RPSPMLMJRHLFFAF78EC,金城段,2845.56,都市：住
RPPNMLMJRHLFFAF08CC,江子翠段第二崁小段,9.09,都市：商
RPRPMLMJRHLFFAF68EC,金城段,3.55,都市：住
RPTOMLPJRHLFFCF09CC,寶強段,.00,都市：其他
RPSNMLKMQHLFFHF09CC,橋和段,.00,都市：工
RPQNMLKMQHLFFHF88CC,永平段,7.82,都市：住
RPQNMLKMQHLFFHF88CC,永平段,.01,都市：其他
RPTOMLPJRHLFFGF86CC,仁愛段,.00,都市：商
RPUOMLPJRHLFFGF96CC,中興段,.00,都市：工
RPWRMLPJRHLFFAF86CC,大庭段,48.50,都市：住
RPWQMLPJRHLFFAF76CC,國光段,23.00,都市：住
RPWOMLPJRHLFFAF56CC,光環段,.00,都市：住
RPTNMLPJRHLFFIF96CC,民生段,31.45,都市：住
RPTRMLPJRHLFFIF37CC,大學段二小段,8.94,都市：商
RPUOMLPJRHLFFEF76CC,海天段,4.68,都市：住
RPUOMLPJRHLFFCF66DC,中正段,14.60,都市：其他
RPUOMLPJRHLFFCF66DC,中正段,.00,都市：住
RPUOMLPJRHLFFCF66DC,中華段,2.98,都市：其他
RPVOMLPJRHLFFEF86CC,海天段,5.09,都市：住
RPTOMLQJRHLFFCF56CC,復興段,54.98,都市：工
RPWOMLPJRHLFFEF17EC,新小基隆段埔頭坑小段,3.72,都市：住
RPROMLQJRHLFFCF98CC,寶元段,93.64,都市：工
RPROMLQJRHLFFCF98CC,寶元段,.18,都市：其他
RPTPMLPJRHLFFAF56EC,沛陂段,2554.19,都市：工
RPRQMLPJRHLFFAF88CC,光華段,38.25,都市：住
RPSQMLPJRHLFFAF56EC,成功段,15.75,都市：住
RPROMLPJRHLFFAF88EC,新板段二小段,.00,都市：其他
RPVNMLPJRHLFFIF17CC,大學段二小段,11.60,都市：住
RPVPMLRJRHLFFAF76CC,中山段,.00,都市：住
RPUNMLRJRHLFFEF86CC,新巿段,17.98,都市：住
RPTSMLRJRHLFFEF27CC,海天段,.00,都市：住
RPRNMLQJRHLFFBF78CC,力行段,24.84,都市：商
RPXTMLQJRHLFFBF37CC,同興段,9.70,都市：商
RPWRMLQJRHLFFBF07CC,中泰段,.00,都市：住
RPPOMLRJRHLFFGF66CC,興德段,.00,都市：工
RPPNMLQJRHLFFBF58CC,麗林段,7.24,都市：商
RPWTMLQJRHLFFBF27CC,同榮段,58.01,都市：住
RPPNMLRJRHLFFGF56CC,中興段,.00,都市：工
RPSNMLQJRHLFFBF88CC,力行段,24.84,都市：商
RPXPMLQJRHLFFBF96CC,國宅段,38.06,都市：住
RPOQMLQJRHLFFBF78CC,國宅段,69.24,都市：住
RPVPMLRJRHLFFGF37CC,德新段,.00,都市：住
RPTOMLRJRHLFFGF07CC,正義段,.00,都市：住
RPRPMLRJRHLFFEF86DC,中興段,10.00,都市：住
RPXQMLRJRHLFFAF27EC,江子翠段第二崁小段,13.76,都市：住
RPTQMLRJRHLFFIF47CC,博愛段,.00,都市：商
RPWOMLSJRHLFFAF07EC,中山段,17.26,都市：住
RPRPMLSJRHLFFCF76DC,中正段,17.66,都市：其他
RPRPMLSJRHLFFCF76DC,中正段,.00,都市：其他
RPRPMLSJRHLFFCF76DC,中華段,3.60,都市：其他
RPROMLRJRHLFFHF96CC,安邦段,17.01,都市：住
RPXOMLRJRHLFFHF57CC,景福段,.00,都市：住
RPUOMLRJRHLFFHF27CC,保福段,.00,都市：住
RPWOMLRJRHLFFHF47CC,保平段,.00,都市：商
RPSOMLRJRHLFFHF07CC,景華段,.00,都市：住
RPOPMLRJRHLFFHF76CC,中正段,.00,都市：住
RPPOMLSJRHLFFAF78CC,樂利段,28.62,都市：住
RPPNMLSJRHLFFDF98CC,智興段,.00,都市：商
RPQNMLSJRHLFFHF86CC,板南段,62.33,都市：工
RPQOMLSJRHLFFHF96CC,永利段,14.50,都市：其他
RPQOMLSJRHLFFHF96CC,永利段,5.00,都市：其他
RPQOMLSJRHLFFHF96CC,永利段,7.00,都市：其他
RPSNMLSJRHLFFDF66CC,智興段,.00,都市：商
RPSNMLTJRHLFFDF76CC,智興段,.00,都市：商
RPOOMLTJRHLFFDF09CC,智興段,.00,都市：住
RPOOMLTJRHLFFDF09CC,智興段,.00,都市：其他
RPUNMLTJRHLFFHF37CC,南山段,.00,都市：其他
RPOOMLTJRHLFFHF86CC,華中段,26.94,都市：住
RPXNMLTJRHLFFHF67CC,南工段,.00,都市：住
RPTNMLTJRHLFFHF27CC,錦和段,.00,都市：住
RPWNMLTJRHLFFHF57CC,樂華段,.00,都市：住
RPQOMLTJRHLFFHF07CC,東南段,28.84,都市：其他
RPROMLTJRHLFFHF17CC,連城段,.00,都市：住
RPSOMLTJRHLFFHF27CC,公園段,.00,都市：住
RPPOMLTJRHLFFCF09CC,大豐段,.00,都市：其他
RPPOMLTJRHLFFCF09CC,大豐段,.00,都市：其他
RPPNMLTJRHLFFIF96CC,大仁段,3.75,都市：住
RPPNMLKKRHLFFAF18EC,府中段,24.25,都市：住
RPPNMLKKRHLFFAF18EC,府中段,.75,都市：其他
RPQPMLTJRHLFFHF27DC,林森段,.00,都市：住
RPRQMLTJRHLFFHF37CC,大華段,37.64,都市：商
RPRQMLTJRHLFFHF37CC,大華段,29.47,都市：商
RPPQMLTJRHLFFHF17CC,永安段,.00,都市：商
RPWPMLSJRHLFFBF07CC,中原段,.00,都市：住
RPPOMLTJRHLFFBF09DC,忠孝段,23.08,都市：住
RPQNMLKKRHLFFHF98EC,福祥段,3.83,都市：住
RPPNMLKKRHLFFHF88EC,新和段,23.89,都市：住
RPRNMLKKRHLFFHF09EC,雙和段,1.23,都市：住
RPRNMLKKRHLFFHF09EC,雙和段,2.44,都市：商
RPPOMLKKRHLFFHF78CC,永福段,42.00,都市：商
RPPOMLKKRHLFFHF78CC,永福段,36.00,都市：商
RPOPMLKKRHLFFHF78CC,保生段,24.22,都市：住
RPRRMLKKRHLFFAF58CC,中山段,.00,都市：住
RPRPMLKKRHLFFAF38CC,員和段,.00,都市：商
RPSPMLKKRHLFFBF58CC,新工段一小段,117.26,非都市：工業區 ; 非都市編定：丁種建築用地
RPPPMLKKRHLFFBF28CC,公正段,637.11,都市：工
RPPPMLKKRHLFFBF28CC,公正段,27.42,都市：其他
RPRPMLKKRHLFFBF48CC,新工段一小段,76.22,非都市：工業區 ; 非都市編定：丁種建築用地
RPUNMLKKRHLFFIF66CC,大湖段大竹圍小段,86.00,非都市：山坡地保育區 ; 非都市編定：丙種建築用地
RPQNMLLKRHLFFIF98CC,大學段二小段,18.59,都市：住
RPPPMLMKRHLFFEF78CC,海天段,12.72,都市：住
RPQQMLKKRHLFFEF78CC,公司田段,44.62,都市：住
RPUNMLTJRHLFFEF07CC,海天段,.00,都市：住
RPXNMLTJRHLFFEF47DC,三空泉段,41.17,非都市：山坡地保育區 ; 非都市編定：丙種建築用地
RPXNMLTJRHLFFEF47DC,興福寮段,21.11,非都市：山坡地保育區 ; 非都市編定：丙種建築用地
RPQRMLKKRHLFFEF88CC,紅毛城段,59.45,都市：住
RPWPMLMKRHLFFBF56CC,國宅段,.00,都市：住
RPWNMLMKRHLFFIF07CC,圳民段,79.92,都市：工
RPRNMLNKRHLFFDF78CC,智興段,.00,都市：商
RPQNMLNKRHLFFDF68CC,智興段,.00,都市：商
RPQPMLNKRHLFFDF09EC,保長段,3.91,都市：住
RPPPMLNKRHLFFDF98EC,保長段,3.91,都市：住
RPSOMLNKRHLFFHF76CC,永平段,.00,都市：住
RPUOMLNKRHLFFHF96CC,南山段,.00,都市：其他
RPVOMLNKRHLFFHF07CC,公園段,.00,都市：住
RPWNMLMKRHLFFEF86EC,新興段,38.25,都市：住
RPQOMLNKRHLFFEF88CC,正德段,15.19,都市：住
RPPRMLNKRHLFFEF09CC,海天段,.02,都市：住
RPPRMLNKRHLFFEF09CC,海天段,.00,都市：住
RPPRMLNKRHLFFEF09CC,海天段,2.91,都市：住
RPPRMLNKRHLFFEF09CC,海天段,.21,都市：住
RPPRMLNKRHLFFEF09CC,海天段,.01,都市：住
RPUOMLOKRHLFFHF07CC,公園段,.00,都市：住
RPPNMLOKRHLFFHF09CC,永安段,.00,都市：商
RPPNMLOKRHLFFHF09CC,永安段,.00,都市：商
RPPNMLOKRHLFFHF09CC,永安段,.00,都市：商
RPOPMLOKRHLFFHF56CC,橋和段,39.49,都市：工
RPOPMLOKRHLFFEF88CC,海鷗段,2.62,都市：住
RPXNMLMKRHLFFGF96CC,正義北段,.00,都市：住
RPSPMLOKRHLFFIF07CC,介壽段,29.90,都市：住
RPTPMLOKRHLFFIF17CC,大學段二小段,13.70,都市：商
RPWPMLOKRHLFFIF47CC,民生段,2.63,都市：住
RPVPMLOKRHLFFIF37CC,大學段一小段,5.34,都市：住
RPVNMLOKRHLFFDF66CC,智興段,.00,都市：商
RPUOMLOKRHLFFBF09CC,德音段,13.84,都市：住
RPSNMLOKRHLFFBF78CC,行政段,.00,都市：商
RPPNMLOKRHLFFDF88EC,保長段,12.63,都市：住
RPRQMLOKRHLFFBF98CC,力行段,35.29,都市：商
RPQNMLOKRHLFFDF98EC,保長段,3.97,都市：住
RPRNMLOKRHLFFDF09EC,保長段,6.64,都市：住
RPSNMLOKRHLFFDF56EC,保長段,5.35,都市：住
RPRNMLQKRHLFFHF86CC,永福段,.00,都市：住
RPPNMLSKRHLFFEF56CC,公司田段,25.67,都市：住
RPUPMLTKRHLFFEF37CC,公司田段,59.09,都市：住
RPUOMLTKRHLFFEF27CC,海天段,.00,都市：工
RPWOMLNKRHLFFGF07CC,光興段,.00,都市：商
RPVNMLNKRHLFFGF86CC,永德段,.00,都市：住
RPVOMLNKRHLFFGF07DC,集美段,.00,都市：商
RPPNMLQKRHLFFGF56CC,集美段,48.59,都市：住
RPPNMLQKRHLFFGF56CC,集美段,3.02,都市：住
RPQNMLPKRHLFFGF56CC,大有段,24.43,都市：工
RPXOMLOKRHLFFGF27CC,大安段,.00,都市：住
RPXOMLOKRHLFFGF27CC,大安段,.00,都市：住
RPXOMLOKRHLFFGF27CC,大安段,.00,都市：住
RPXOMLOKRHLFFGF27CC,大安段,.00,都市：住
RPXOMLOKRHLFFGF27CC,大安段,.00,都市：其他
RPVPMLTKRHLFFHF77CC,捷運段,13.08,都市：其他
RPSQMLTKRHLFFEF27CC,海天段,20.71,都市：住
RPUNMLTKRHLFFHF47CC,中信段,.00,都市：其他
RPVPMLTKRHLFFBF17CC,忠孝段,22.88,都市：住
RPRPMLTKRHLFFBF76CC,黎明段,154.79,都市：商
RPXRMLTKRHLFFBF57CC,力行段,9.26,都市：商
RPPNMLTKRHLFFDF56CC,智興段,.00,都市：其他
RPVOMLTKRHLFFAF96CC,埔墘段,47.50,都市：住
RPWOMLTKRHLFFAF07CC,江子翠段第二崁小段,10.48,都市：住
RPVPMLTKRHLFFAF17DC,延吉段,31.02,都市：住
RPTOMLTKRHLFFAF96EC,仁愛段,.00,都市：其他
RPTOMLKLRHLFFAF78EC,文化段,2.10,都市：住
RPXNMLKLRHLFFDF56CC,工建段,1836.69,都市：工
RPROMLKLRHLFFDF68CC,同新段,3.83,都市：工
RPSOMLKLRHLFFDF78CC,同新段,2.39,都市：工
RPTOMLKLRHLFFDF88CC,同新段,2.39,都市：工
RPUOMLKLRHLFFDF98CC,同新段,2.39,都市：工
RPVOMLKLRHLFFDF09CC,同新段,17.45,都市：工
RPWOMLKLRHLFFDF56CC,同新段,17.45,都市：工
RPWQMLTKRHLFFBF37CC,忠孝段,.00,都市：住
RPWPMLKLRHLFFBF09CC,五工段,.00,非都市：工業區 ; 非都市編定：丁種建築用地
RPTQMLKLRHLFFBF88CC,雙鳳段,.00,都市：住
RPXNMLKLRHLFFHF96CC,民樂段,.00,都市：住
RPXNMLKLRHLFFHF96CC,民樂段,.00,都市：住
RPVOMLTKRHLFFCF17CC,寶強段,.00,都市：其他
RPXPMLKLRHLFFCF76DC,行政段,.00,都市：住
RPSOMLKLRHLFFHF56CC,台貿段,.00,都市：住
RPROMLKLRHLFFHF09CC,華中段,24.96,都市：住
RPPPMLKLRHLFFGF88CC,重陽段,35.34,都市：住
RPWOMLLLRHLFFIF17CC,大學段二小段,10.99,都市：住
RPUOMLLLRHLFFIF96CC,大學段一小段,22.50,都市：商
RPVOMLLLRHLFFIF07CC,大學段二小段,15.57,都市：商
RPUNMLKLRHLFFIF76CC,介壽段,34.22,都市：住
RPPNMLKLRHLFFIF88CC,圳福段,11.94,都市：住
RPXOMLLLRHLFFIF27CC,大學段一小段,13.09,都市：住
RPQPMLKLRHLFFEF78CC,新巿段,.00,都市：住
RPQNMLLLRHLFFGF88CC,富貴段,.00,都市：住
RPWOMLLLRHLFFEF76CC,海天段,.02,都市：住
RPWOMLLLRHLFFEF76CC,海天段,.00,都市：住
RPWOMLLLRHLFFEF76CC,海天段,2.62,都市：住
RPWOMLLLRHLFFEF76CC,海天段,.19,都市：住
RPWOMLLLRHLFFEF76CC,海天段,.01,都市：住
RPXOMLLLRHLFFBF56CC,公館段,.00,都市：工
RPSNMLLLRHLFFDF78CC,大同段,.00,都市：住
RPVOMLLLRHLFFDF56CC,昊天段,41.89,都市：工
RPWOMLLLRHLFFDF66CC,北山段,.00,都市：工
RPPPMLLLRHLFFBF48CC,建林段,19.41,都市：住
RPRNMLMLRHLFFDF78CC,智興段,.00,都市：住
RPRNMLMLRHLFFDF78CC,智興段,.00,都市：住
RPUNMLMLRHLFFDF09CC,智興段,.00,都市：商
RPXNMLLLRHLFFCF56CC,安和段,.00,都市：住
RPROMLLLRHLFFCF68CC,環河段,.00,都市：住
RPWOMLMLRHLFFCF66CC,北新段,.00,都市：住
RPVNMLMLRHLFFDF56CC,建成段,.00,都市：住
RPXQMLMLRHLFFBF86CC,泰山段三小段,98.00,都市：住
RPUNMLMLRHLFFIF96CC,大學段一小段,43.96,都市：住
RPVOMLMLRHLFFDF86EC,保長段,6.90,都市：住
RPVPMLMLRHLFFIF27CC,國慶段,.00,都市：住
RPWOMLMLRHLFFDF96EC,保長段,8.86,都市：住
RPQQMLNLRHLFFDF66EC,保長段,4.03,都市：住
RPQNMLMLRHLFFHF09CC,秀峰段,27.43,都市：住
RPUOMLMLRHLFFEF66CC,公司田段,.00,都市：住
RPXNMLNLRHLFFCF96EC,寶強段,.00,都市：住
RPPOMLNLRHLFFCF88EC,寶強段,.00,都市：其他
RPOOMLNLRHLFFCF78EC,寶強段,.00,都市：其他
RPTQMLNLRHLFFDF96EC,保長段,5.38,都市：住
RPXNMLNLRHLFFHF27CC,瓦段,.00,都市：商
RPWNMLNLRHLFFHF17CC,永平段,84.94,都市：住
RPRQMLNLRHLFFDF76EC,保長段,6.64,都市：住
RPUOMLNLRHLFFGF96CC,中興段,4.10,都市：其他
RPSRMLNLRHLFFHF17CC,福和段,6.33,都市：商
RPSRMLNLRHLFFHF17CC,福和段,1.17,都市：商
RPSRMLNLRHLFFHF17CC,福和段,6.17,都市：商
RPOOMLNLRHLFFHF09CC,保健段,.00,都市：住
RPSNMLNLRHLFFBF78CC,芳洲段,12.69,都市：住
RPTNMLNLRHLFFBF88CC,德音段,18.47,都市：住
RPUNMLNLRHLFFBF98CC,思源段,36.85,都市：住
RPWOMLNLRHLFFBF66CC,復興段,45.45,都市：住
RPUOMLNLRHLFFBF09CC,副都心段一小段,23.03,都市：商
RPXOMLNLRHLFFBF76CC,中原段,39.35,都市：住
RPQPMLNLRHLFFBF78CC,副都心段一小段,26.68,都市：商
RPOPMLNLRHLFFBF58CC,福營段,5.80,都市：工
RPWPMLNLRHLFFBF76CC,思賢段,93.97,都市：住
RPRPMLNLRHLFFBF88CC,榮富段,.00,都市：住
RPTPMLNLRHLFFBF09CC,副都心段一小段,5.29,都市：商
RPXPMLNLRHLFFBF86CC,泰山段三小段,10.74,都市：工
RPOQMLNLRHLFFBF68CC,榮富段,22.23,都市：住
RPPRMLNLRHLFFBF88CC,光榮段,23.64,都市：住
RPORMLNLRHLFFBF78CC,雙鳳段,11.29,都市：住
RPVQMLNLRHLFFBF76CC,自立段,24.73,都市：商
RPQQMLNLRHLFFBF88CC,思源段,13.18,都市：住
RPSQMLNLRHLFFBF09CC,副都心段一小段,5.92,都市：商
RPPNMLOLRHLFFHF56CC,盛昌段,.00,都市：住
RPPNMLOLRHLFFAF48CC,大庭段,23.25,都市：住
RPQNMLOLRHLFFAF58CC,大觀段,34.21,都市：住
RPQNMLOLRHLFFAF58CC,大觀段,34.11,都市：住
RPOPMLNLRHLFFAF48CC,新板段三小段,3.45,都市：其他
RPXOMLNLRHLFFAF66CC,海山段,.00,都市：住
RPRNMLPLRHLFFBF88CC,力行段,16.75,都市：住
RPQNMLPLRHLFFBF78CC,建林段,32.12,都市：住
RPTPMLQLRHLFFBF76CC,副都心段一小段,10.18,都市：住
RPXPMLQLRHLFFBF17CC,復興段,45.45,都市：住
RPVQMLQLRHLFFBF07CC,昌隆段,.00,都市：住
RPUPMLQLRHLFFBF86CC,中原段,31.80,都市：住
RPPQMLQLRHLFFBF09CC,國宅段,22.60,都市：住
RPVPMLQLRHLFFBF96CC,副都心段一小段,9.58,都市：住
RPPNMLQLRHLFFAF68CC,港子嘴段,30.68,都市：住
RPTPMLQLRHLFFAF66CC,文化段,22.00,都市：住
RPUNMLQLRHLFFDF86CC,智興段,.00,都市：商
RPWOMLQLRHLFFGF47CC,永安段,.00,都市：住
RPUOMLQLRHLFFIF47CC,福德段,17.38,都市：住
RPUOMLQLRHLFFIF47CC,福德段,1.64,都市：其他
RPURMLQLRHLFFDF47EC,保長段,3.91,都市：住
RPSNMLQLRHLFFHF07CC,橋和段,.00,都市：工
RPSNMLQLRHLFFHF07CC,橋和段,.00,都市：工
RPVOMLQLRHLFFHF47CC,華新段,18.46,都市：住
RPVOMLQLRHLFFHF47CC,華新段,9.59,都市：其他
RPSPMLQLRHLFFHF27CC,圓通段,.00,都市：住
RPTPMLQLRHLFFHF37CC,得和段,.00,都市：商
RPOPMLQLRHLFFHF86CC,南工段,9.82,都市：住
RPPPMLQLRHLFFHF96CC,南山段,.00,都市：住
RPQPMLQLRHLFFHF07CC,圓通段,.00,都市：住
RPXOMLQLRHLFFHF67CC,中和段,.00,都市：住
RPSNMLQLRHLFFEF76CC,公司田段,20.54,都市：住
RPXOMLQLRHLFFAF17EC,信義段,37.47,都市：工
RPTOMLTLRHLFFGF47CC,仁興段,.00,都市：住
RPROMLTLRHLFFAF66CC,瑞興段,22.14,都市：商
RPWOMLTLRHLFFAF17CC,成功段,11.71,都市：住
RPSPMLTLRHLFFBF96CC,國宅段,.00,都市：住
RPVOMLTLRHLFFBF17CC,忠孝段,9.05,都市：住
RPPNMLSLRHLFFEF66CC,公司田段,15.87,都市：住
RPQQMLTLRHLFFBF86CC,光明段,.00,都市：住
RPTOMLTLRHLFFHF57CC,保生段,.00,都市：住
RPXNMLTLRHLFFHF87CC,南山段,.00,都市：住
RPVNMLKMRHLFFHF07EC,民富段,.00,都市：工
RPVNMLKMRHLFFHF07EC,民富段,.00,都市：工
RPVNMLKMRHLFFHF07EC,民富段,.00,都市：工
RPUNMLKMRHLFFHF96EC,民有段,.00,都市：工
RPTNMLKMRHLFFHF86EC,民富段,.00,都市：工
RPTNMLKMRHLFFHF86EC,民富段,.00,都市：工
RPTNMLKMRHLFFHF86EC,民富段,.00,都市：工
RPTPMLTLRHLFFEF47DC,馬偕段,.00,非都市： ; 非都市編定：
RPQOMLKMRHLFFBF48CC,建林段,33.38,都市：住
RPXPMLTLRHLFFEF87DC,新興段,.00,非都市： ; 非都市編定：
RPXPMLTLRHLFFEF87DC,新興段,.00,非都市： ; 非都市編定：
RPSOMLTLRHLFFEF37EC,新巿段,17.18,都市：住
RPVNMLKMRHLFFDF09CC,昊天段,116.36,都市：工
RPVPMLKMRHLFFIF17CC,鳳祥段,24.42,都市：住
RPSPMLKMRHLFFEF09CC,海天段,25.32,都市：住
RPRNMLLJIILFFEF77CC,竹圍段,82.83,都市：商
RPPNMLMJIILFFHF97CC,秀山段,4.65,都市：住
RPPNMLMJIILFFHF97CC,秀山段,20.43,都市：住
RPSPMLNJIILFFHF58CC,連城段,.00,都市：住
RPXNMLNJIILFFEF58CC,公司田段,18.03,都市：住
RPQPMLNJIILFFIF48CC,鳳福段,18.90,都市：住
RPTNMLNJIILFFDF08CC,智興段,.00,都市：住
RPUNMLNJIILFFDF18CC,智興段,7.44,都市：住
RPUNMLNJIILFFDF18CC,智興段,.07,都市：住
RPOOMLNJIILFFDF67CC,智興段,.00,都市：商
RPXTMLNJIILFFBF88CC,富國段,.00,都市：商
RPSPMLNJIILFFDF38EC,保長段,6.71,都市：住
RPPRMLTLRHLFFBF86CC,建林段,42.68,都市：住
RPTNMLNJIILFFEF38EC,公司田段,28.09,都市：住
RPXOMLNJIILFFAF28CC,文化段,26.00,都市：住
RPSOMLKMRHLFFAF58CC,文化段,.00,都市：住
RPSPMLOJIILFFHF78DC,南工段,8.78,都市：住
RPTOMLOJIILFFHF88EC,信義段,28.09,都市：商
RPWNMLOJIILFFDF48CC,同新段,17.45,都市：工
RPROMLNJIILFFCF97DC,香坡段,26.47,非都市：山坡地保育區 ; 非都市編定：丙種建築用地
RPROMLNJIILFFCF97DC,香坡段,20.87,非都市：山坡地保育區 ; 非都市編定：丙種建築用地
RPUUMLOJIILFFBF78CC,頭興段,171.22,都市：工
RPXUMLOJIILFFBF09CC,新工段一小段,1073.01,非都市：工業區 ; 非都市編定：丁種建築用地
RPRQMLOJIILFFBF08CC,佳林段,.00,都市：住
RPVNMLOJIILFFAF08CC,文化段,2.18,都市：住
RPRNMLOJIILFFGF28CC,成功段,.00,都市：商
RPQPMLOJIILFFGF38CC,頂崁段,556.13,都市：工
RPVOMLNJIILFFGF78DC,永安段,.00,都市：住
RPSPMLOJIILFFGF58CC,興德段,.00,都市：工
RPUNMLOJIILFFEF38CC,新興段,2.60,都市：住
RPSNMLOJIILFFEF18CC,大義段,26.95,都市：住
RPWNMLOJIILFFEF58CC,鄧公段,9.44,都市：住
RPWNMLOJIILFFEF58CC,鄧公段,16.24,都市：住
RPWNMLOJIILFFEF58CC,鄧公段,12.27,都市：住
RPOQMLOJIILFFEF08CC,新興段,38.12,都市：住
RPQPMLOJIILFFHF48CC,中和段,.00,都市：住
RPQPMLOJIILFFHF48CC,中和段,.00,都市：住
RPXPMLOJIILFFHF56CC,保福段,.00,都市：住
RPVPMLOJIILFFHF98CC,保福段,19.71,都市：住
RPSNMLPJIILFFHF58CC,健康段,.00,都市：工
RPVNMLPJIILFFHF88CC,南工段,.00,都市：商
RPRNMLPJIILFFHF48CC,板南段,26.73,都市：工
RPWNMLPJIILFFHF98CC,竹林段,.00,都市：住
RPPOMLPJIILFFHF38CC,保福段,.00,都市：住
RPOOMLPJIILFFHF28CC,民治段,.00,都市：住
RPOOMLPJIILFFHF28CC,民治段,.00,都市：商
RPQOMLPJIILFFHF48CC,華中段,42.75,都市：住
RPQPMLPJIILFFHF58CC,得林段,.00,都市：住
RPXOMLPJIILFFHF56CC,信義段,14.08,都市：住
RPTPMLPJIILFFHF88CC,捷運段,.00,都市：其他
RPUOMLPJIILFFHF88CC,圓通段,17.79,都市：住
RPVPMLPJIILFFHF09CC,得林段,.00,都市：住
RPPPMLPJIILFFHF48CC,捷運段,.00,都市：其他
RPUPMLPJIILFFHF98CC,南工段,.00,都市：住
RPOQMLPJIILFFHF48CC,民權段,.00,都市：住
RPOQMLPJIILFFHF48CC,民權段,.00,都市：住
RPXPMLPJIILFFHF66CC,圓通段,.00,都市：住
RPSPMLPJIILFFHF78CC,竹林段,.00,都市：住
RPPQMLPJIILFFHF58CC,大華段,.00,都市：住
RPTOMLPJIILFFEF48CC,海鷗段,.00,都市：住
RPQOMLPJIILFFGF38CC,正民段,.00,都市：住
RPPPMLPJIILFFBF87CC,中原段,36.21,都市：住
RPWPMLPJIILFFBF58CC,全安段,20.95,都市：住
RPRNMLPJIILFFBF87CC,復興段,22.56,都市：住
RPOOMLPJIILFFBF67CC,全安段,20.95,都市：住
RPPPMLPJIILFFDF18DC,厚德段,25.12,都市：住
RPSPMLPJIILFFBF18CC,復興段,17.57,都市：住
RPVOMLPJIILFFBF38CC,榮富段,15.84,都市：住
RPQNMLQJIILFFGF38CC,富貴段,.00,都市：住
RPQPMLQJIILFFGF58CC,福德南段,.00,都市：商
RPPPMLQJIILFFGF48CC,富貴段,.00,都市：住
RPOQMLPJIILFFBF87CC,思源段,12.01,都市：其他
RPOQMLPJIILFFAF77CC,新興段,.00,都市：住
RPVOMLQJIILFFBF48CC,中原段,.00,都市：住
RPSNMLRJIILFFDF38CC,智興段,5.09,都市：住
RPSNMLRJIILFFDF38CC,智興段,.04,都市：住
RPWNMLRJIILFFBF58CC,力行段,13.99,都市：住
RPQOMLRJIILFFBF28EC,和平段,24.12,都市：住
RPSOMLQJIILFFCF28CC,寶強段,.00,非都市： ; 非都市編定：
RPROMLQJIILFFCF18CC,寶橋段,.00,都市：工
RPPOMLQJIILFFCF97CC,惠國段,20.35,都市：住
RPROMLQJIILFFHF68CC,橋和段,.00,都市：住
RPTPMLQJIILFFHF98CC,林森段,20.77,都市：住
RPUOMLRJIILFFHF56DC,台貿段,141.05,都市：其他
RPUOMLRJIILFFHF56DC,台貿段,7.57,都市：其他
RPVOMLLKIILFFDF28CC,智興段,.00,都市：商
RPWOMLLKIILFFDF38CC,智興段,.00,都市：商
RPOOMLLKIILFFHF97CC,秀山段,.00,都市：住
RPOPMLLKIILFFAF37CC,幸福段,.00,都市：住
RPWNMLRJIILFFAF48CC,江子翠段第二崁小段,9.06,都市：商
RPPPMLQJIILFFAF87CC,江子翠段第二崁小段,.00,都市：商
RPQPMLRJIILFFAF28EC,城林段,143.38,都市：工
RPUOMLLKIILFFBF97CC,光榮段,.00,都市：住
RPRNMLLKIILFFIF28CC,東豐段,452.11,都市：工
RPSNMLLKIILFFIF38CC,大學段一小段,10.97,都市：商
RPVNMLLKIILFFIF68CC,大學段一小段,10.68,都市：商
RPQNMLLKIILFFCF57CC,寶強段,.00,都市：住
RPQNMLLKIILFFCF57CC,寶強段,.00,都市：其他
RPSOMLMKIILFFHF48CC,板南段,92.05,都市：工
RPXNMLLKIILFFIF88CC,陶瓷段,34.62,都市：住
RPQPMLLKIILFFIF38CC,大學段二小段,16.48,都市：住
RPOOMLLKIILFFIF08CC,和平段,77.77,都市：住
RPOOMLLKIILFFIF08CC,和平段,27.43,都市：住
RPWNMLLKIILFFIF78CC,大學段二小段,13.70,都市：商
RPUOMLMKIILFFHF68CC,板南段,24.34,都市：工
RPPOMLMKIILFFDF77CC,昊天段,23.75,都市：工
RPPOMLMKIILFFDF77CC,同新段,.74,都市：工
RPOOMLMKIILFFDF67CC,昊天段,23.75,都市：工
RPOOMLMKIILFFDF67CC,同新段,.74,都市：工
RPORMLMKIILFFBF77CC,中原段,.00,都市：住
RPQRMLMKIILFFBF97CC,幸福段,.00,都市：工
RPTRMLMKIILFFBF28CC,泰山段二小段,.00,都市：住
RPVPMLMKIILFFEF58CC,水仙段,.00,都市：住
RPPRMLNKIILFFBF97CC,行政段,31.66,都市：住
RPPRMLNKIILFFBF97CC,佳林段,10.89,都市：住
RPWNMLNKIILFFDF68EC,金龍段,43.50,非都市：山坡地保育區 ; 非都市編定：丙種建築用地
RPTNMLNKIILFFDF18CC,福德段,2382.23,都市：其他
RPSNMLNKIILFFHF48CC,景福段,.00,都市：住
RPROMLMKIILFFCF08EC,寶元段,.00,都市：工
RPSOMLMKIILFFCF18EC,蘭溪段,82.69,都市：其他
RPSOMLMKIILFFCF18EC,蘭溪段,14.01,都市：住
RPSOMLMKIILFFCF18EC,蘭溪段,1.26,都市：住
RPTNMLNKIILFFHF58CC,竹林段,.00,都市：住
RPTOMLNKIILFFHF68CC,大智段,.00,都市：住
RPUNMLNKIILFFHF68CC,南山段,.00,都市：其他
RPWPMLOKIILFFIF66CC,大學段二小段,34.27,都市：住
RPSNMLNKIILFFEF18CC,仁愛段,44.81,都市：其他
RPSNMLNKIILFFEF18CC,仁愛段,11.29,都市：其他
RPPNMLOKIILFFIF38CC,大學段一小段,.00,都市：商
RPQNMLOKIILFFDF97CC,智興段,.00,都市：商
RPOPMLOKIILFFGF28CC,富貴段,.00,都市：住
RPOOMLOKIILFFGF18CC,福德北段,.00,都市：商
RPTOMLOKIILFFDF38CC,北山段,.00,都市：工
RPPOMLOKIILFFDF97CC,同新段,.00,都市：工
RPPOMLOKIILFFDF97CC,昊天段,.00,都市：工
RPXNMLOKIILFFDF68CC,環河段,.00,都市：工
RPVNMLLKIILFFEF28CC,中興段,5.27,都市：住
RPQNMLLKIILFFEF77CC,紅毛城段,7.05,都市：其他
RPQNMLLKIILFFEF77CC,紅毛城段,97.48,都市：其他
RPROMLLKIILFFEF08DC,公司田段,22.97,都市：住
RPPOMLLKIILFFEF77CC,正德段,6.54,都市：住
RPQNMLOKIILFFBF77CC,榮和段,.00,都市：住
RPUPMLOKIILFFBF38CC,文明段,132.12,都市：工
RPUPMLOKIILFFBF38CC,文明段,131.29,都市：工
RPUPMLOKIILFFBF38CC,文明段,145.10,都市：工
RPUPMLOKIILFFBF38CC,文明段,165.45,都市：工
RPUPMLOKIILFFBF38CC,文明段,184.26,都市：工
RPPNMLQKIILFFDF08CC,智興段,.00,都市：商
RPSNMLRKIILFFDF48CC,保長段,.00,都市：住
RPSNMLRKIILFFDF48CC,保長段,.00,都市：住
RPSNMLRKIILFFDF48CC,保長段,.00,都市：住
RPOPMLPKIILFFEF18CC,中正段,3.81,都市：商
RPXOMLPKIILFFEF98CC,長興段,7.82,都市：住
RPXOMLPKIILFFEF98CC,長興段,.26,都市：其他
RPWOMLPKIILFFEF88CC,水仙段,1.99,都市：商
RPWOMLPKIILFFEF88CC,水仙段,.37,都市：住
RPUNMLRKIILFFEF78CC,新興段,8.10,都市：住
RPPPMLPKIILFFEF28CC,馬偕段,5.67,都市：工
RPQNMLOKIILFFAF67CC,中山段,17.67,都市：住
RPTPMLRKIILFFIF66CC,復興段,.00,都市：住
RPROMLRKIILFFEF68DC,天生段,.00,非都市： ; 非都市編定：
RPPPMLRKIILFFGF68CC,正義段,.00,都市：商
RPQQMLSKIILFFAF58EC,員和段,.00,非都市： ; 非都市編定：
RPTOMLRKIILFFGF98CC,富貴段,222.58,都市：住
RPVQMLSKIILFFDF56CC,保安段,12.07,都市：住
RPORMLSKIILFFDF58CC,同新段,22.29,都市：工
RPPNMLOKIILFFCF87DC,寶強段,40.07,都市：住
RPPOMLRKIILFFCF28DC,香坡段,63.56,非都市：山坡地保育區 ; 非都市編定：丙種建築用地
RPSNMLOKIILFFCF28EC,雙城段,436.07,都市：其他
RPSNMLOKIILFFCF28EC,雙城段,1878.53,都市：其他
RPSNMLOKIILFFCF28EC,雙城段,9.39,都市：其他
RPORMLSKIILFFGF09EC,中興段,.00,都市：其他
RPXNMLSKIILFFAF78CC,文化段,.00,都市：住
RPXSMLSKIILFFBF76CC,頭興段,198.69,都市：工
RPOOMLSKIILFFBF08CC,國宅段,15.63,都市：住
RPTPMLSKIILFFBF68CC,建林段,16.45,都市：住
RPPUMLSKIILFFBF78CC,中原段,.00,都市：商
RPSPMLTKIILFFBF68CC,國宅段,22.74,都市：住
RPVPMLTKIILFFBF98CC,建林段,7.08,都市：商
RPSQMLTKIILFFBF78CC,行政段,41.39,都市：商
RPXQMLTKIILFFBF66CC,力行段,31.64,都市：商
RPQNMLTKIILFFDF48CC,新峰段,.00,都市：住
RPUNMLTKIILFFAF58CC,頂福段,.00,都市：住
RPPOMLTKIILFFCF38CC,復興段,64.93,都市：工
RPVOMLRKIILFFHF66CC,仁愛段,.00,都市：其他
RPTOMLSKIILFFCF68CC,順安段,.00,都市：住
RPOOMLTKIILFFCF28CC,復興段,.00,都市：工
RPQNMLTKIILFFCF58EC,中正段,17.66,都市：其他
RPQNMLTKIILFFCF58EC,中正段,.00,都市：其他
RPQNMLTKIILFFCF58EC,中華段,3.60,都市：其他
RPUOMLSKIILFFEF98CC,新興段,41.81,都市：住
RPVNMLTKIILFFEF09CC,公司田段,20.16,都市：住
RPUPMLSKIILFFEF09CC,關渡段,.00,都市：住
RPUPMLSKIILFFEF09CC,關渡段,.00,都市：商
RPRQMLSKIILFFEF88CC,新巿段,24.14,都市：住
RPWOMLKLIILFFIF88CC,大學段一小段,5.34,都市：住
RPXNMLKLIILFFDF38CC,智興段,6.75,都市：住
RPOQMLKLIILFFDF77CC,工建段,.00,都市：工
RPOOMLKLIILFFHF97CC,健康段,.00,都市：工
RPXSMLKLIILFFBF68CC,中誠段,29.63,都市：住
RPXNMLKLIILFFBF18CC,同興段,9.70,都市：商
RPXQMLTKIILFFHF27CC,公園段,27.86,都市：住
RPRRMLTKIILFFHF76CC,雙和段,8.65,都市：商
RPQPMLTKIILFFHF09CC,保生段,13.08,都市：住
RPOQMLTKIILFFHF98CC,長堤段,13.91,都市：住
RPXNMLTKIILFFHF17EC,信義段,16.47,都市：住
RPUQMLLLIILFFBF28CC,榮富段,13.64,都市：住
RPVNMLKLIILFFAF87CC,新板段三小段,6.11,都市：其他
RPVQMLLLIILFFBF38CC,榮富段,10.97,都市：住
RPQRMLLLIILFFBF97CC,復興段,45.45,都市：住
RPXQMLLLIILFFBF58CC,信華段一小段,3.12,都市：住
RPORMLLLIILFFBF77CC,榮富段,14.86,都市：住
RPPRMLLLIILFFBF87CC,副都心段一小段,11.64,都市：住
RPURMLLLIILFFBF38CC,中原段,15.15,都市：住
RPRRMLLLIILFFBF08CC,信華段一小段,27.89,都市：住
RPPOMLKLIILFFAF37CC,江子翠段第二崁小段,8.90,都市：商
RPVOMLKLIILFFAF97CC,新板段二小段,16.53,都市：其他
RPVRMLLLIILFFBF48CC,榮富段,10.80,都市：住
RPTRMLLLIILFFBF28CC,榮富段,15.80,都市：住
RPWRMLLLIILFFBF58CC,榮富段,9.54,都市：住
RPUOMLLLIILFFCF18CC,莊敬段,.00,都市：住
RPVOMLLLIILFFCF28CC,莊敬段,.00,都市：住
RPRNMLMLIILFFDF97CC,智興段,.00,都市：商
RPRNMLMLIILFFBF77CC,建林段,16.88,都市：商
RPRNMLMLIILFFBF77CC,建林段,.03,都市：商
RPRNMLLLIILFFCF87DC,建國段,68.51,都市：住
RPSQMLOLIILFFBF38CC,建林段,.00,都市：住
RPTSMLOLIILFFBF68CC,國宅段,16.16,都市：住
RPOQMLOLIILFFBF18EC,自強段,24.18,都市：住
RPRTMLOLIILFFBF58CC,國宅段,25.30,都市：住
RPRNMLNLIILFFEF18CC,正德段,19.29,都市：住
RPSNMLPLIILFFEF48CC,紅毛城段,9.58,都市：住
RPOOMLPLIILFFEF18CC,公司田段,8450.67,都市：住
RPTNMLOLIILFFCF48EC,寶強段,.00,都市：其他
RPUNMLOLIILFFCF58EC,寶強段,.00,都市：其他
RPSNMLOLIILFFCF38EC,寶元段,.00,都市：工
RPWNMLLLIILFFHF78CC,永平段,.00,都市：住
RPWNMLLLIILFFHF78CC,永平段,.00,都市：其他
RPOSMLQLIILFFBF38CC,民安段,20.64,都市：住
RPPOMLQLIILFFEF38CC,飛歌段,.00,都市：工
RPXOMLPLIILFFEF09CC,新興段,2.61,都市：住
RPXOMLPLIILFFEF09CC,新興段,.06,都市：住
RPOPMLPLIILFFEF28CC,新巿段,30.31,都市：住
RPQQMLQLIILFFEF68CC,新巿段,20.11,都市：住
RPPSMLQLIILFFBF48CC,和平段,23.47,都市：住
RPTOMLQLIILFFDF68CC,福德段,38.45,都市：住
RPQNMLQLIILFFDF28CC,昊天段,.00,都市：住
RPQNMLQLIILFFDF28CC,昊天段,.00,都市：住
RPQSMLQLIILFFBF58CC,信華段一小段,13.58,都市：住
RPUOMLQLIILFFDF78CC,同新段,.00,都市：工
RPUOMLQLIILFFDF78CC,昊天段,.00,都市：工
RPVOMLQLIILFFDF88CC,環河段,.00,都市：工
RPRPMLLLIILFFHF48CC,大新段,.00,都市：商
RPVOMLLLIILFFHF78CC,四維段,12.39,都市：住
RPOPMLLLIILFFHF18CC,保生段,35.28,都市：住
RPXOMLQLIILFFDF09CC,同新段,.00,都市：工
RPVNMLRLIILFFDF88CC,智興段,.00,都市：商
RPVNMLRLIILFFDF88CC,智興段,.00,都市：住
RPPOMLRLIILFFIF88CC,永昌段,865.00,都市：工
RPQOMLQLIILFFCF28CC,安德段,13.76,都市：住
RPPPMLOLIILFFAF97DC,新興段,20.40,都市：商
RPWOMLRLIILFFAF78CC,新板段二小段,5.04,都市：其他
RPQQMLRLIILFFAF38CC,仁愛段,.00,都市：其他
RPUPMLRLIILFFCF88CC,光明段,5.71,都市：商
RPWOMLRLIILFFCF98CC,雙城段,54.69,都市：其他
RPROMLRLIILFFIF09CC,永昌段,817.00,都市：工
RPRQMLRLIILFFCF68CC,寶元段,.00,都市：工
RPSQMLRLIILFFCF78CC,寶元段,.00,都市：工
RPRNMLRLIILFFAF38EC,忠義段,888.09,都市：工
RPUQMLRLIILFFAF98EC,府中段,.00,都市：商
RPVNMLRLIILFFHF66CC,圓通段,.00,都市：住
RPOOMLRLIILFFHF68CC,南山段,.00,都市：住
RPWNMLRLIILFFHF76CC,大同段,.00,都市：住
RPRNMLRLIILFFHF88CC,大同段,.00,都市：住
RPSOMLSLIILFFEF88CC,蕃薯寮段水碓小段,.00,非都市：山坡地保育區 ; 非都市編定：丙種建築用地
RPWOMLSLIILFFEF66CC,公司田段,20.37,都市：住
RPWOMLSLIILFFEF66CC,公司田段,12.51,都市：住
RPSOMLRLIILFFHF09CC,瓦段,.00,都市：商
RPSOMLRLIILFFHF09CC,瓦段,.00,都市：商
RPXNMLRLIILFFHF86CC,錦和段,.00,都市：商
RPVOMLRLIILFFHF76CC,中和段,.00,都市：住
RPVOMLRLIILFFHF76CC,中和段,.00,都市：住
RPOOMLSLIILFFHF78CC,中原段,249.62,都市：工
RPXNMLSLIILFFHF96CC,員山段,.00,都市：住
RPTNMLRLIILFFHF09CC,大仁段,.00,都市：住
RPPPMLRLIILFFHF88CC,圓通段,.00,都市：住
RPPOMLSLIILFFHF88CC,信和段,259.83,都市：住
RPUNMLSLIILFFCF88DC,寶強段,5.00,都市：住
RPXNMLSLIILFFDF56CC,智興段,.00,都市：商
RPXNMLSLIILFFDF56CC,智興段,.00,都市：住
RPQNMLTLIILFFIF09CC,大學段一小段,17.76,都市：住
RPVNMLTLIILFFIF96CC,大學段二小段,5.80,都市：住
RPVNMLTLIILFFIF96CC,大學段二小段,.59,都市：住
RPVNMLTLIILFFIF96CC,大學段二小段,.45,都市：住
RPPNMLKMIILFFDF67CC,智興段,.00,都市：商
RPPNMLKMIILFFDF67CC,智興段,.00,都市：住
RPPNMLLMIILFFDF77CC,智興段,10.36,都市：住
RPQNMLLMIILFFDF87CC,智興段,10.36,都市：住
RPRNMLLMIILFFAF67CC,光仁段,18.00,都市：住
RPTOMLLMIILFFEF38CC,公司田段,26.73,都市：住
RPWNMLLMIILFFAF18CC,學成段,27.76,都市：住
RPXNMLSLIILFFCF09CC,莊敬段,.00,都市：工
RPOOMLSLIILFFCF28CC,復興段,.00,都市：工
RPQNMLTLIILFFCF58DC,香坡段,109.12,非都市：山坡地保育區 ; 非都市編定：丙種建築用地
RPRNMLTLIILFFCF58CC,民權段,.00,都市：住
RPOOMLLMIILFFCF77DC,寶強段,.00,都市：其他
RPPOMLLMIILFFCF87DC,寶強段,.00,都市：其他
RPXNMLLMIILFFHF98CC,雙和段,17.64,都市：商
RPVNMLLMIILFFHF78CC,健康段,.00,都市：工
RPQOMLLMIILFFHF38CC,南勢段,15.55,都市：住
RPROMLLMIILFFHF48CC,保平段,18.64,都市：商
RPUNMLLMIILFFHF88EC,健康段,.00,都市：工
