﻿鄉鎮市區,交易標的,土地區段位置建物區段門牌,土地移轉總面積平方公尺,都市土地使用分區,非都市土地使用分區,非都市土地使用編定,交易年月日,交易筆棟數,移轉層次,總樓層數,建物型態,主要用途,主要建材,建築完成年月,建物移轉總面積平方公尺,建物現況格局-房,建物現況格局-廳,建物現況格局-衛,建物現況格局-隔間,有無管理組織,總價元,單價元平方公尺,車位類別,車位移轉總面積平方公尺,車位總價元,備註,編號
The villages and towns urban district,transaction sign,land sector position building sector house number plate,land shifting total area square meter,the use zoning or compiles and checks,the non-metropolis land use district,non-metropolis land use,transaction year month and day,transaction pen number,shifting level,total floor number,building state,main use,main building materials,construction to complete the years,building shifting total area,Building present situation pattern - room,building present situation pattern - hall,building present situation pattern - health,building present situation pattern - compartmented,Whether there is manages the organization,total price NTD,the unit price (NTD / square meter),the berth category,berth shifting total area square meter,the berth total price NTD,the note,serial number
新竹市,房地(土地+建物)+車位,光武段751~780地號,17.14,商,,,1031230,土地2建物1車位2,四層,23,住宅大樓(11層含以上有電梯),住家用,鋼筋混凝土造,,222.25,3,2,2,有,無,14100000,70962,坡道平面,52.44,2050000,,RPSNMLLJQHLFFAO98CB
新竹市,房地(土地+建物)+車位,光武段751~780地號,17.14,商,,,1040528,土地2建物1車位2,七層,23,住宅大樓(11層含以上有電梯),住家用,鋼筋混凝土造,,222.25,3,2,2,有,無,14320000,71374,坡道平面,52.44,2200000,,RPTNMLLJQHLFFAO09CB
新竹市,房地(土地+建物)+車位,光武段751~780地號,17.14,商,,,1040515,土地2建物1車位2,八層,23,住宅大樓(11層含以上有電梯),住家用,鋼筋混凝土造,,222.25,3,2,2,有,無,14400000,71845,坡道平面,52.44,2200000,,RPVNMLLJQHLFFAO66CB
新竹市,房地(土地+建物)+車位,光武段751~780地號,16.69,商,,,1050518,土地2建物1車位1,十二層,23,住宅大樓(11層含以上有電梯),住家用,鋼筋混凝土造,,196.03,3,2,2,有,無,13390000,72669,坡道平面,26.22,1050000,,RPWNMLLJQHLFFAO76CB
新竹市,房地(土地+建物)+車位,光武段751~780地號,17.14,商,,,1041218,土地2建物1車位2,十四層,23,住宅大樓(11層含以上有電梯),住家用,鋼筋混凝土造,,222.25,3,2,2,有,無,12400000,64778,坡道平面,52.44,1400000,,RPXNMLLJQHLFFAO86CB
新竹市,房地(土地+建物)+車位,光武段751~780地號,17.14,商,,,1040925,土地2建物1車位2,十六層,23,住宅大樓(11層含以上有電梯),住家用,鋼筋混凝土造,,222.25,3,2,2,有,無,14500000,73023,坡道平面,52.44,2100000,,RPPOMLLJQHLFFAO78CB
新竹市,房地(土地+建物)+車位,光武段751~780地號,10.83,商,,,1040210,土地2建物1車位1,二層,23,住宅大樓(11層含以上有電梯),住家用,鋼筋混凝土造,,133.94,2,2,1,有,無,9100000,73737,坡道平面,24.09,1000000,,RPQOMLLJQHLFFAO88CB
新竹市,房地(土地+建物)+車位,光武段751~780地號,10.83,商,,,1040201,土地2建物1車位1,三層,23,住宅大樓(11層含以上有電梯),住家用,鋼筋混凝土造,,133.94,2,2,1,有,無,9200000,74647,坡道平面,24.09,1000000,,RPSOMLLJQHLFFAO09CB
新竹市,房地(土地+建物)+車位,光武段751~780地號,10.83,商,,,1040225,土地2建物1車位1,四層,23,住宅大樓(11層含以上有電梯),住家用,鋼筋混凝土造,,133.94,2,2,1,有,無,8970000,73464,坡道平面,24.09,900000,,RPTOMLLJQHLFFAO56CB
新竹市,房地(土地+建物)+車位,光武段751~780地號,10.83,商,,,1040407,土地2建物1車位1,五層,23,住宅大樓(11層含以上有電梯),住家用,鋼筋混凝土造,,133.94,2,2,1,有,無,9340000,75011,坡道平面,24.09,1100000,,RPUOMLLJQHLFFAO66CB
新竹市,房地(土地+建物)+車位,光武段751~780地號,10.83,商,,,1040301,土地2建物1車位1,六層,23,住宅大樓(11層含以上有電梯),住家用,鋼筋混凝土造,,136.08,2,2,1,有,無,9500000,76461,坡道平面,26.22,1100000,,RPVOMLLJQHLFFAO76CB
新竹市,房地(土地+建物)+車位,光武段751~780地號,10.83,商,,,1040119,土地2建物1車位1,七層,23,住宅大樓(11層含以上有電梯),住家用,鋼筋混凝土造,,133.94,2,2,1,有,無,9360000,77014,坡道平面,24.09,900000,,RPWOMLLJQHLFFAO86CB
新竹市,房地(土地+建物)+車位,光武段751~780地號,10.83,商,,,1040210,土地2建物1車位1,八層,23,住宅大樓(11層含以上有電梯),住家用,鋼筋混凝土造,,136.08,2,2,1,有,無,9550000,77371,坡道平面,26.22,1050000,,RPXOMLLJQHLFFAO96CB
新竹市,房地(土地+建物)+車位,光武段751~780地號,10.83,商,,,1050407,土地2建物1車位1,九層,23,住宅大樓(11層含以上有電梯),住家用,鋼筋混凝土造,,136.08,2,2,1,有,無,8500000,67814,坡道平面,26.22,1050000,,RPOPMLLJQHLFFAO78CB
新竹市,房地(土地+建物)+車位,光武段751~780地號,10.83,商,,,1050524,土地2建物1車位1,十層,23,住宅大樓(11層含以上有電梯),住家用,鋼筋混凝土造,,136.08,2,2,1,有,無,8400000,68724,坡道平面,26.22,850000,,RPPPMLLJQHLFFAO88CB
新竹市,房地(土地+建物)+車位,光武段751~780地號,10.83,商,,,1040314,土地2建物1車位1,十一層,23,住宅大樓(11層含以上有電梯),住家用,鋼筋混凝土造,,136.08,2,2,1,有,無,9580000,77644,坡道平面,26.22,1050000,,RPQPMLLJQHLFFAO98CB
新竹市,房地(土地+建物)+車位,光武段751~780地號,10.83,商,,,1040511,土地2建物1車位1,十二層,23,住宅大樓(11層含以上有電梯),住家用,鋼筋混凝土造,,136.08,2,2,1,有,無,9670000,77098,坡道平面,26.22,1200000,,RPRPMLLJQHLFFAO09CB
新竹市,房地(土地+建物)+車位,光武段751~780地號,10.83,商,,,1040207,土地2建物1車位1,十三層,23,住宅大樓(11層含以上有電梯),住家用,鋼筋混凝土造,,136.08,2,2,1,有,無,9620000,78463,坡道平面,26.22,1000000,,RPSPMLLJQHLFFAO56CB
新竹市,房地(土地+建物)+車位,光武段751~780地號,10.83,商,,,1040307,土地2建物1車位1,十四層,23,住宅大樓(11層含以上有電梯),住家用,鋼筋混凝土造,,136.08,2,2,1,有,無,9600000,78737,坡道平面,26.22,950000,,RPTPMLLJQHLFFAO66CB
新竹市,房地(土地+建物)+車位,光武段751~780地號,10.83,商,,,1040307,土地2建物1車位1,十五層,23,住宅大樓(11層含以上有電梯),住家用,鋼筋混凝土造,,133.94,2,2,1,有,無,9800000,80109,坡道平面,24.09,1000000,,RPUPMLLJQHLFFAO76CB
新竹市,房地(土地+建物)+車位,光武段751~780地號,10.83,商,,,1040304,土地2建物1車位1,十六層,23,住宅大樓(11層含以上有電梯),住家用,鋼筋混凝土造,,136.08,2,2,1,有,無,9930000,80375,坡道平面,26.22,1100000,,RPQQMLLJQHLFFAO09CB
新竹市,房地(土地+建物)+車位,光武段751~780地號,10.83,商,,,1040128,土地2建物1車位1,二十二層,23,住宅大樓(11層含以上有電梯),住家用,鋼筋混凝土造,,133.94,2,2,1,有,無,9100000,76013,坡道平面,24.09,750000,,RPSQMLLJQHLFFAO66CB
新竹市,房地(土地+建物)+車位,光武段751~780地號,10.83,商,,,1040721,土地2建物1車位1,二十三層,23,住宅大樓(11層含以上有電梯),住家用,鋼筋混凝土造,,136.4,2,2,1,有,無,8960000,73607,坡道平面,26.22,850000,,RPTQMLLJQHLFFAO76CB
新竹市,房地(土地+建物)+車位,光武段751~780地號,10.38,商,,,1040216,土地2建物1車位1,二層,23,住宅大樓(11層含以上有電梯),住家用,鋼筋混凝土造,,128.76,2,2,1,有,無,9050000,76908,坡道平面,24.09,1000000,,RPUQMLLJQHLFFAO86CB
新竹市,房地(土地+建物)+車位,光武段751~780地號,10.38,商,,,1050527,土地2建物1車位1,三層,23,住宅大樓(11層含以上有電梯),住家用,鋼筋混凝土造,,128.76,2,2,1,有,無,8500000,72131,坡道平面,24.09,950000,,RPPRMLLJQHLFFAO09CB
新竹市,房地(土地+建物)+車位,光武段751~780地號,10.38,商,,,1040121,土地2建物1車位1,四層,23,住宅大樓(11層含以上有電梯),住家用,鋼筋混凝土造,,128.76,2,2,1,有,無,8690000,73469,坡道平面,24.09,1000000,,RPQRMLLJQHLFFAO56CB
新竹市,房地(土地+建物)+車位,光武段751~780地號,10.38,商,,,1040109,土地2建物1車位1,五層,23,住宅大樓(11層含以上有電梯),住家用,鋼筋混凝土造,,128.76,2,2,1,有,無,8910000,75571,坡道平面,24.09,1000000,,RPSRMLLJQHLFFAO76CB
新竹市,房地(土地+建物)+車位,光武段751~780地號,10.38,商,,,1040116,土地2建物1車位1,六層,23,住宅大樓(11層含以上有電梯),住家用,鋼筋混凝土造,,128.76,2,2,1,有,無,9060000,77004,坡道平面,24.09,1000000,,RPTRMLLJQHLFFAO86CB
新竹市,房地(土地+建物)+車位,光武段1051~1080地號,10.38,商,,,1040117,土地2建物1車位1,七層,23,住宅大樓(11層含以上有電梯),住家用,鋼筋混凝土造,,130.9,2,2,1,有,無,9070000,77092,坡道平面,26.22,1000000,,RPQNMLMJQHLFFAO88CB
新竹市,房地(土地+建物)+車位,光武段1051~1080地號,10.38,商,,,1050527,土地2建物1車位1,十一層,23,住宅大樓(11層含以上有電梯),住家用,鋼筋混凝土造,,130.9,2,2,1,有,無,8800000,74035,坡道平面,26.22,1050000,,RPRNMLMJQHLFFAO98CB
新竹市,房地(土地+建物)+車位,光武段1051~1080地號,10.38,商,,,1040116,土地2建物1車位1,十四層,23,住宅大樓(11層含以上有電梯),住家用,鋼筋混凝土造,,127.71,2,2,1,有,無,9250000,81065,坡道平面,24.09,850000,,RPSNMLMJQHLFFAO09CB
新竹市,房地(土地+建物)+車位,光武段1051~1080地號,10.38,商,,,1050504,土地2建物1車位1,十六層,23,住宅大樓(11層含以上有電梯),住家用,鋼筋混凝土造,,130.9,2,2,1,有,無,8780000,75755,坡道平面,26.22,850000,,RPTNMLMJQHLFFAO56CB
新竹市,房地(土地+建物)+車位,光武段1051~1080地號,10.38,商,,,1050504,土地2建物1車位1,二十二層,23,住宅大樓(11層含以上有電梯),住家用,鋼筋混凝土造,,130.9,2,2,1,有,無,8950000,75468,坡道平面,26.22,1050000,,RPUNMLMJQHLFFAO66CB
新竹市,房地(土地+建物)+車位,光武段1051~1080地號,10.83,商,,,1040917,土地2建物1車位1,十四層,23,住宅大樓(11層含以上有電梯),住家用,鋼筋混凝土造,,136.08,2,2,1,有,無,9260000,75642,坡道平面,26.22,950000,,RPVNMLMJQHLFFAO76CB
新竹市,房地(土地+建物)+車位,光武段1051~1080地號,10.83,商,,,1050504,土地2建物1車位1,十五層,23,住宅大樓(11層含以上有電梯),住家用,鋼筋混凝土造,,136.08,2,2,1,有,無,8800000,72365,坡道平面,26.22,850000,,RPWNMLMJQHLFFAO86CB
新竹市,房地(土地+建物)+車位,光武段1051~1080地號,10.83,商,,,1050419,土地2建物1車位1,十七層,23,住宅大樓(11層含以上有電梯),住家用,鋼筋混凝土造,,135.78,2,2,1,有,無,8660000,71285,坡道平面,26.22,850000,,RPPOMLMJQHLFFAO88CB
新竹市,房地(土地+建物)+車位,光武段1051~1080地號,10.83,商,,,1050613,土地2建物1車位1,二十一層,23,住宅大樓(11層含以上有電梯),住家用,鋼筋混凝土造,,135.78,2,2,1,有,無,10600000,85798,坡道平面,26.22,1200000,,RPQOMLMJQHLFFAO98CB
新竹市,房地(土地+建物)+車位,光武段1051~1080地號,10.83,商,,,1050527,土地2建物1車位1,二十二層,23,住宅大樓(11層含以上有電梯),住家用,鋼筋混凝土造,,135.78,2,2,1,有,無,8280000,68729,坡道平面,26.22,750000,,RPROMLMJQHLFFAO09CB
新竹市,房地(土地+建物)+車位,光武段1051~1080地號,15.34,商,,,1031230,土地2建物1車位3,二層,23,住宅大樓(11層含以上有電梯),住家用,鋼筋混凝土造,,220.56,3,2,2,有,無,13980000,74439,坡道平面,74.4,3100000,,RPTOMLMJQHLFFAO66CB
新竹市,房地(土地+建物)+車位,光武段1051~1080地號,14.89,商,,,1040415,土地2建物1車位2,四層,23,住宅大樓(11層含以上有電梯),住家用,鋼筋混凝土造,,196.48,3,2,2,有,無,12000000,70466,坡道平面,50.31,1700000,,RPUOMLMJQHLFFAO76CB
新竹市,房地(土地+建物)+車位,光武段1051~1080地號,10.83,商,,,1050413,土地2建物1車位1,八層,23,住宅大樓(11層含以上有電梯),住家用,鋼筋混凝土造,,135.78,2,2,1,有,無,8500000,70737,坡道平面,26.22,750000,,RPVOMLMJQHLFFAO86CB
新竹市,房地(土地+建物)+車位,信義段721~750地號,29.63,住,,,1050406,土地1建物1車位1,二層,13,住宅大樓(11層含以上有電梯),住家用,鋼筋混凝土造,,161.3,4,2,2,有,無,10380000,64352,坡道平面,0.28,0,,RPSOMLPJIILFFAO78CB
新竹市,房地(土地+建物)+車位,信義段721~750地號,29.63,住,,,1050406,土地1建物1車位1,三層,13,住宅大樓(11層含以上有電梯),住家用,鋼筋混凝土造,,161.3,4,2,2,有,無,9300000,57657,坡道平面,0.28,0,,RPTOMLPJIILFFAO88CB
