﻿編號,屋齡,建物移轉面積平方公尺,主要用途,主要建材,建築完成日期,總層數,建物分層
The serial number,room age,building shifting area square meter,the main use,main building materials,construction completes the date,total layer,building lamination
RPROMLOJQHLFFAU17CA,18,134.76,住家用,鋼筋混凝土造,87年10月26日,二層,一層 二層 騎樓
RPWOMLSKQHLFFAU18CA,22,74.44,住家用,鋼筋混凝土造,83年10月26日,九層,四層
RPWOMLSKQHLFFAU18CA,22,9.60,共有部份,鋼筋混凝土造,83年10月26日,九層,
RPWOMLSKQHLFFAU18CA,22,18.81,共有部份,鋼筋混凝土造,83年10月26日,九層,
RPVNMLNJQHLFFAU37CA,38,65.38,住家用,鋼筋混凝土加強磚造,67年4月3日,一層,一層
RPUNMLNJQHLFFAU27CA,20,49.93,住家用,鋼筋混凝土造,85年10月29日,十六層,十層
RPUNMLNJQHLFFAU27CA,20,8.46,共有部份,鋼筋混凝土造,85年10月29日,十六層,
RPUNMLNJQHLFFAU27CA,20,13.21,共有部份,鋼筋混凝土造,85年10月29日,十六層,
RPROMLNJQHLFFAU07CA,23,21.88,住家用,鋼筋混凝土造,82年6月22日,七層,四層
RPROMLNJQHLFFAU07CA,23,8.90,共有部份,鋼筋混凝土造,82年6月22日,七層,
RPPOMLNJQHLFFAU86CA,18,155.59,住家用,鋼筋混凝土造,87年7月10日,三層,一層 二層 三層
RPROMLMJQHLFFAU96CA,22,20.09,住家用,鋼筋混凝土造,83年11月15日,十二層,六層
RPROMLMJQHLFFAU96CA,22,6.23,共有部份,鋼筋混凝土造,83年11月15日,十二層,
RPROMLMJQHLFFAU96CA,22,3.38,共有部份,鋼筋混凝土造,83年11月15日,十二層,
RPWNMLMJQHLFFAU37CA,2,222.31,住家用,鋼筋混凝土造,103年11月19日,四層,一層 二層 三層 四層
RPOOMLOJQHLFFAU96DA,1,212.19,住家用,鋼筋混凝土造,104年5月25日,三層,一層 二層 三層 屋頂突出物
RPSNMLPLQHLFFAU47CA,47,39.37,住家用,見其他登記事項,,一層,一層 騎樓
RPUPMLOLQHLFFAU77CA,31,142.16,住家用,鋼筋混凝土造,74年12月11日,二層,一層 二層 屋頂突出物
RPVNMLPJQHLFFAU67DA,18,89.17,住家用,鋼筋混凝土造,87年4月3日,十層,三層
RPVNMLPJQHLFFAU67DA,18,17.00,共有部份,鋼筋混凝土造,87年4月3日,十層,
RPVNMLPJQHLFFAU67DA,18,9.58,共有部份,鋼筋混凝土造,87年4月3日,十層,
RPQNMLPLQHLFFAU37DA,17,102.98,住家用,鋼筋混凝土造,88年5月20日,五層,二層 三層
RPQNMLPLQHLFFAU37DA,17,13.40,停車空間,鋼筋混凝土造,88年5月20日,五層,
RPQNMLPLQHLFFAU37DA,17,22.58,共有部份,鋼筋混凝土造,88年5月20日,五層,
RPQNMLPLQHLFFAU37DA,17,113.78,住家用,鋼筋混凝土造,88年5月20日,五層,四層 五層 見其他登記事項
RPQNMLPLQHLFFAU37DA,17,13.40,停車空間,鋼筋混凝土造,88年5月20日,五層,
RPQNMLPLQHLFFAU37DA,17,25.67,共有部份,鋼筋混凝土造,88年5月20日,五層,
RPQNMLPLQHLFFAU37DA,17,104.45,住家用,鋼筋混凝土造,88年5月20日,五層,二層 三層
RPQNMLPLQHLFFAU37DA,17,13.50,停車空間,鋼筋混凝土造,88年5月20日,五層,
RPQNMLPLQHLFFAU37DA,17,23.33,共有部份,鋼筋混凝土造,88年5月20日,五層,
RPQNMLPLQHLFFAU37DA,17,115.40,住家用,鋼筋混凝土造,88年5月20日,五層,四層 五層 見其他登記事項
RPQNMLPLQHLFFAU37DA,17,13.50,停車空間,鋼筋混凝土造,88年5月20日,五層,
RPQNMLPLQHLFFAU37DA,17,25.75,共有部份,鋼筋混凝土造,88年5月20日,五層,
RPQNMLPLQHLFFAU37DA,17,102.98,住家用,鋼筋混凝土造,88年5月20日,四層,一層 二層
RPQNMLPLQHLFFAU37DA,17,16.52,共有部份,鋼筋混凝土造,88年5月20日,四層,
RPQNMLPLQHLFFAU37DA,17,14.25,停車空間,鋼筋混凝土造,88年5月20日,四層,
RPQNMLPLQHLFFAU37DA,17,18.48,共有部份,鋼筋混凝土造,88年5月20日,四層,
RPRNMLNJQHLFFAU96CA,,132.03,見其他登記事項,鋼筋混凝土造,105年5月18日,六層,六層
RPRNMLNJQHLFFAU96CA,,51.54,共有部份,鋼筋混凝土造,105年5月18日,六層,
RPPPMLNJQHLFFAU96CA,,132.53,見其他登記事項,鋼筋混凝土造,105年5月18日,六層,四層
RPPPMLNJQHLFFAU96CA,,51.54,共有部份,鋼筋混凝土造,105年5月18日,六層,
RPXNMLPJQHLFFAU77CA,32,100.03,住家用,鋼筋混凝土造,73年9月19日,五層,四層
RPXNMLPJQHLFFAU77CA,32,10.20,共有部份,鋼筋混凝土造,73年9月19日,五層,
RPXNMLPJQHLFFAU77CA,32,10.85,共有部份,鋼筋混凝土造,73年9月19日,五層,
RPTNMLPJQHLFFAU37CA,2,174.38,住家用,鋼筋混凝土造,103年3月11日,三層,一層 二層 三層
RPPNMLMJQHLFFCU86CA,37,116.17,住商用,鋼筋混凝土造,68年7月11日,二層,一層 二層 騎樓
RPRNMLNJQHLFFCU17CA,19,146.67,住家用,鋼筋混凝土造,86年6月30日,三層,一層 二層 三層
RPQNMLOJQHLFFAU96CA,21,98.04,住家用,鋼筋混凝土造,84年3月13日,九層,二層
RPQNMLOJQHLFFAU96CA,21,43.31,共有部份,鋼筋混凝土造,84年3月13日,九層,
RPUNMLSJQHLFFAU77CA,37,126.28,住家用,鋼筋混凝土造,68年7月30日,二層,一層 二層
RPQNMLSJQHLFFAU37CA,17,95.45,住家用,鋼筋混凝土造,88年4月14日,五層,四層
RPQNMLSJQHLFFAU37CA,17,9.87,共有部份,鋼筋混凝土造,88年4月14日,五層,
RPQNMLSJQHLFFAU37CA,17,6.40,共有部份,鋼筋混凝土造,88年4月14日,五層,
RPTNMLQKQHLFFAU57CA,14,281.50,住商用,鋼筋混凝土造,91年9月3日,三層,一層 二層 三層 見其他登記事項
RPTNMLQKQHLFFAU57CA,14,281.51,住商用,鋼筋混凝土造,91年9月3日,三層,一層 二層 三層 見其他登記事項
RPQOMLPKQHLFFAU27CA,22,172.77,住家用,鋼筋混凝土造,83年9月29日,三層,一層 二層 三層
RPOOMLOJQHLFFAU07EA,32,68.85,住家用,鋼筋混凝土造,73年6月8日,二層,一層 二層
RPPNMLSJQHLFFAU47EA,23,104.77,住家用,鋼筋混凝土造,82年11月9日,八層,五層
RPPNMLSJQHLFFAU47EA,23,35.02,共有部份,鋼筋混凝土造,82年11月9日,八層,
RPPNMLTKQHLFFAU47CA,30,22.84,住家用,鋼筋混凝土造,75年7月12日,五層,五層
RPPNMLTKQHLFFAU47CA,30,5.30,共有部份,鋼筋混凝土造,75年7月12日,五層,
RPPOMLMLQHLFFAU17EA,29,44.75,住家用,鋼筋混凝土造,76年11月4日,七層,五層
RPPOMLMLQHLFFAU17EA,29,11.47,共有部份,鋼筋混凝土造,76年11月4日,七層,
RPUNMLPJQHLFFCU87EA,35,107.50,住商用,鋼筋混凝土加強磚造,70年12月28日,二層,一層 二層 騎樓
RPRNMLLJRHLFFCU17DA,32,124.80,住家用,鋼筋混凝土加強磚造,73年6月30日,二層,一層 二層
RPRNMLRKQHLFFCU67CA,23,198.60,住商用,鋼筋混凝土造,82年2月22日,三層,一層 二層 三層 屋頂突出物 騎樓
RPRNMLRKQHLFFCU67CA,23,198.60,住商用,鋼筋混凝土造,82年2月22日,三層,一層 二層 三層 屋頂突出物 騎樓
RPXPMLOLQHLFFAU08CA,13,92.35,住家用,鋼筋混凝土造,92年8月18日,三層,一層 二層 三層 屋頂突出物
RPQNMLMKQHLFFAU96DA,35,51.06,住家用,鋼筋混凝土加強磚造,70年8月27日,二層,一層 二層
RPVNMLPLQHLFFAU77CA,21,57.48,住家用,鋼筋混凝土造,84年6月28日,六層,六層 夾層
RPVNMLPLQHLFFAU77CA,21,13.92,共有部份,鋼筋混凝土造,84年6月28日,六層,
RPTOMLKKQHLFFAU07CA,23,355.05,見其他登記事項,見其他登記事項,82年2月16日,二層,一層 二層
RPTNMLRKQHLFFAU67CA,20,32.71,住家用,見其他登記事項,85年11月1日,五層,二層 夾層
RPTNMLRKQHLFFAU67CA,20,15.69,共有部份,鋼筋混凝土造,85年11月1日,五層,
RPPNMLPJQHLFFAU96CA,17,120.96,住家用,鋼筋混凝土造,88年4月14日,五層,五層
RPPNMLPJQHLFFAU96CA,17,12.91,共有部份,鋼筋混凝土造,88年4月14日,五層,
RPPNMLPJQHLFFAU96CA,17,8.26,共有部份,鋼筋混凝土造,88年4月14日,五層,
RPWNMLPKQHLFFAU77CA,28,9.37,共有部份,鋼筋混凝土造,76年12月31日,五層,
RPWNMLPKQHLFFAU77CA,28,34.04,住家用,鋼筋混凝土造,76年12月31日,五層,四層
RPPNMLSJQHLFFBU37CA,,136.04,住家用,見其他登記事項,,二層,一層 二層
RPWNMLLKQHLFFAU37CA,10,173.86,住家用,鋼筋混凝土造,95年10月23日,四層,一層 二層 三層 四層
RPWNMLMKQHLFFAU47CA,11,254.37,見其他登記事項,鋼筋混凝土造,94年10月11日,三層,一層 二層 三層 屋頂突出物
RPROMLSJQHLFFAU57CA,20,83.70,住家用,鋼筋混凝土造,85年10月29日,十六層,十五層
RPROMLSJQHLFFAU57CA,20,14.81,共有部份,鋼筋混凝土造,85年10月29日,十六層,
RPROMLSJQHLFFAU57CA,20,23.03,共有部份,鋼筋混凝土造,85年10月29日,十六層,
RPPNMLRKLHMFFBU96CA,29,94.21,住家用,鋼筋混凝土加強磚造,76年12月24日,二層,一層 二層 騎樓
RPUNMLKMQHLFFAU27CA,22,121.22,住家用,鋼筋混凝土造,83年10月6日,七層,三層
RPUNMLKMQHLFFAU27CA,22,46.69,共有部份,鋼筋混凝土造,83年10月6日,七層,
RPVNMLKMQHLFFAU37CA,21,29.40,住家用,鋼筋混凝土造,84年8月19日,十一層,九層
RPVNMLKMQHLFFAU37CA,21,8.60,共有部份,鋼筋混凝土造,84年8月19日,十一層,
RPSOMLTJQHLFFAU77CA,43,50.81,住家用,見其他登記事項,62年5月29日,一層,一層 騎樓
RPRNMLNLQHLFFAU17CA,,461.13,住家用,鋼筋混凝土造,105年6月7日,五層,一層 二層 三層 四層 五層 屋頂突出物
RPUNMLMLQHLFFAU37CA,35,96.77,住家用,鋼筋混凝土加強磚造,70年4月21日,二層,一層 二層
RPVNMLTJQHLFFAU97CA,21,81.85,住家用,鋼筋混凝土造,84年12月28日,六層,二層
RPVNMLTJQHLFFAU97CA,21,25.77,共有部份,鋼筋混凝土造,84年12月28日,六層,
RPXNMLTJQHLFFAU18CA,21,41.16,住家用,鋼筋混凝土造,84年7月1日,五層,二層
RPXNMLTJQHLFFAU18CA,21,13.85,共有部份,鋼筋混凝土造,84年7月1日,五層,
RPPNMLKKQHLFFCU76CA,4,232.33,住家用,鋼筋混凝土造,101年9月19日,四層,一層 二層 三層 四層
RPUOMLTJQHLFFAU97CA,20,90.55,住家用,鋼筋混凝土造,85年1月19日,九層,五層
RPUOMLTJQHLFFAU97CA,20,22.16,共有部份,鋼筋混凝土造,85年1月19日,九層,
RPTNMLTJQHLFFAU77CA,14,106.35,住家用,鋼筋混凝土造,91年12月2日,14,六層
RPTNMLTJQHLFFAU77CA,14,61.92,共有部份,鋼筋混凝土造,91年12月2日,十四層,
RPSOMLKKQHLFFAU96CA,49,133.81,住家用,鋼筋混凝土加強磚造,56年12月6日,二層,一層 二層
RPXNMLPLQHLFFAU97CA,21,104.28,住家用,鋼筋混凝土造,84年3月21日,十三層,十二層
RPXNMLPLQHLFFAU97CA,21,11.53,共有部份,鋼筋混凝土造,84年3月21日,十三層,
RPXNMLPLQHLFFAU97CA,21,12.20,共有部份,鋼筋混凝土造,84年3月21日,十三層,
RPRNMLNKQHLFFAU07CA,31,110.35,住家用,鋼筋混凝土加強磚造,74年12月12日,二層,一層 二層 屋頂突出物
RPROMLMJRHLFFAU07CA,16,86.90,住家用,鋼筋混凝土造,89年8月7日,十五層,二層
RPROMLMJRHLFFAU07CA,16,22.48,共有部份,鋼筋混凝土造,89年8月7日,十五層,
RPROMLMJRHLFFAU07CA,16,.75,共有部份,鋼筋混凝土造,89年8月7日,十五層,
RPROMLMJRHLFFAU07CA,16,16.74,共有部份,鋼筋混凝土造,89年8月7日,十五層,
RPQNMLPJRHLFFAU17CA,38,68.54,住家用,鋼筋混凝土加強磚造,67年5月22日,二層,一層 二層
RPQOMLPJRHLFFAU27CA,33,131.25,住家用,鋼筋混凝土造,72年8月9日,二層,騎樓 一層 二層 屋頂突出物
RPSNMLTJQHLFFAU67CA,14,106.35,住家用,鋼筋混凝土造,91年12月2日,14,四層
RPSNMLTJQHLFFAU67CA,14,61.92,共有部份,鋼筋混凝土造,91年12月2日,十四層,
RPPOMLPKQHLFFAU17CA,28,25.60,住家用,鋼筋混凝土造,77年10月14日,五層,五層
RPPOMLPKQHLFFAU17CA,28,5.43,共有部份,鋼筋混凝土造,77年10月14日,五層,
RPSNMLNKQHLFFAU17CA,21,37.08,住家用,鋼筋混凝土造,84年12月6日,五層,四層
RPSNMLNKQHLFFAU17CA,21,9.84,共有部份,鋼筋混凝土造,84年12月6日,五層,
RPVOMLKKQHLFFAU27CA,22,86.36,住家用,鋼筋混凝土造,83年4月1日,十層,九層
RPVOMLKKQHLFFAU27CA,22,29.84,共有部份,鋼筋混凝土造,83年4月1日,十層,
RPRNMLMKQHLFFAU96CA,22,27.46,住家用,鋼筋混凝土造,83年11月15日,十二層,十二層
RPRNMLMKQHLFFAU96CA,22,8.47,共有部份,鋼筋混凝土造,83年11月15日,十二層,
RPRNMLMKQHLFFAU96CA,22,4.58,共有部份,鋼筋混凝土造,83年11月15日,十二層,
RPTOMLPKQHLFFAU57CA,19,53.08,住家用,鋼筋混凝土造,86年3月10日,七層,七層
RPTOMLPKQHLFFAU57CA,19,10.74,共有部份,鋼筋混凝土造,86年3月10日,七層,
RPTOMLPKQHLFFAU57CA,19,8.99,共有部份,鋼筋混凝土造,86年3月10日,七層,
RPTOMLPKQHLFFAU57CA,19,9.92,共有部份,鋼筋混凝土造,86年3月10日,七層,
RPWNMLPLQHLFFAU87CA,22,23.76,住家用,鋼筋混凝土造,83年11月15日,十二層,十二層
RPWNMLPLQHLFFAU87CA,22,7.56,共有部份,鋼筋混凝土造,83年11月15日,十二層,
RPWNMLPLQHLFFAU87CA,22,3.98,共有部份,鋼筋混凝土造,83年11月15日,十二層,
RPUNMLPKQHLFFAU57CA,38,103.20,住商用,鋼筋混凝土加強磚造,67年12月27日,二層,一層 二層 騎樓
RPOQMLOLQHLFFAU27CA,20,16.71,住家用,鋼筋混凝土造,85年5月13日,五層,四層
RPOQMLOLQHLFFAU27CA,20,7.47,共有部份,鋼筋混凝土造,85年5月13日,五層,
RPUNMLLKQHLFFAU17CA,17,19.51,住家用,鋼筋混凝土造,88年11月25日,六層,一層
RPUNMLLKQHLFFAU17CA,17,16.38,共有部份,鋼筋混凝土造,88年11月25日,六層,
RPWNMLKKQHLFFAU27CA,22,90.77,農舍,鋼筋混凝土造,83年9月6日,一層,一層 屋頂突出物 見其他登記事項
RPROMLTJQHLFFAU67CA,4,208.58,住家用,鋼筋混凝土造,101年4月26日,四層,一層 二層 三層 四層 見其他登記事項
RPROMLKMQHLFFAU07CA,37,91.14,住家用,鋼筋混凝土加強磚造,68年12月10日,二層,一層 二層
RPRNMLLKQHLFFAU86CA,23,87.92,見其他登記事項,鋼筋混凝土造,82年6月22日,七層,七層 屋頂突出物
RPRNMLLKQHLFFAU86CA,23,19.51,共有部份,鋼筋混凝土造,82年6月22日,七層,
RPQNMLKKQHLFFBU76CA,80,42.84,住家用,見其他登記事項,26年1月15日,一層,一層 騎樓
RPPNMLTJQHLFFBU47CA,19,224.50,住商用,鋼筋混凝土造,86年5月23日,三層,一層 二層 三層 屋頂突出物
RPROMLLKQHLFFAU17EA,20,56.39,住家用,鋼筋混凝土造,85年3月9日,七層,六層
RPROMLLKQHLFFAU17EA,20,24.12,共有部份,鋼筋混凝土造,85年3月9日,七層,
RPQPMLKKQHLFFAU07EA,30,28.34,住家用,鋼筋混凝土造,75年5月31日,九層,四層
RPQPMLKKQHLFFAU07EA,30,6.78,共有部份,鋼筋混凝土造,75年5月31日,九層,
RPVOMLLKQHLFFAU37CA,44,90.58,住家用,鋼筋混凝土加強磚造,61年5月4日,二層,一層 二層
RPUOMLPKQHLFFAU67CA,10,203.38,住家用,鋼筋混凝土造,95年6月19日,四層,一層 二層 三層 四層
RPVNMLPKQHLFFAU67CA,45,86.80,住家用,見其他登記事項,61年1月1日,一層,一層
RPVNMLMKQHLFFAU37CA,36,12.09,住家用,鋼筋混凝土造,69年11月3日,五層,屋頂突出物
RPTOMLQKQHLFFAU67CA,35,105.40,住家用,鋼筋混凝土加強磚造,70年3月16日,二層,一層 二層
RPUNMLMKQHLFFAU27CA,34,85.41,住家用,鋼筋混凝土加強磚造,71年2月27日,一層,一層 夾層
RPSNMLMKQHLFFAU07CA,1,229.22,住家用,鋼筋混凝土造,104年11月24日,三層,一層 二層 三層 屋頂突出物
RPPOMLLKQHLFFAU76CA,1,229.52,住家用,鋼筋混凝土造,104年12月21日,四層,一層 二層 三層 四層
RPTNMLMKQHLFFAU17CA,17,20.55,住家用,鋼筋混凝土造,88年11月25日,六層,三層
RPTNMLMKQHLFFAU17CA,17,14.60,共有部份,鋼筋混凝土造,88年11月25日,六層,
RPUOMLPJRHLFFAU67CA,34,90.04,住家用,鋼筋混凝土加強磚造,71年8月2日,二層,一層 二層
RPWOMLPJRHLFFAU87CA,9,251.04,住家用,鋼筋混凝土造,96年5月17日,四層,一層 二層 三層 四層 騎樓 見其他登記事項
RPWNMLQLQHLFFAU97CA,55,27.27,住家用,木造,50年1月26日,一層,一層
RPQOMLNLQHLFFAU17CA,17,102.98,住家用,鋼筋混凝土造,88年5月20日,五層,二層 三層
RPQOMLNLQHLFFAU17CA,17,13.40,停車空間,鋼筋混凝土造,88年5月20日,五層,
RPQOMLNLQHLFFAU17CA,17,22.58,共有部份,鋼筋混凝土造,88年5月20日,五層,
RPTNMLSKQHLFFAU77CA,31,142.96,住家用,鋼筋混凝土造,74年2月11日,二層,一層 二層 屋頂突出物
RPTOMLMLQHLFFAU37CA,18,37.78,住家用,鋼筋混凝土造,87年5月7日,十層,十層
RPTOMLMLQHLFFAU37CA,18,8.96,共有部份,鋼筋混凝土造,87年5月7日,十層,
RPVNMLSKQHLFFAU18EA,22,81.02,住家用,鋼筋混凝土造,83年10月28日,十四層,十四層
RPVNMLSKQHLFFAU18EA,22,22.07,共有部份,鋼筋混凝土造,83年10月28日,十四層,
RPQNMLPKQHLFFBU27CA,33,90.48,住家用,鋼筋混凝土加強磚造,72年12月1日,二層,一層 二層
RPTOMLOLQHLFFAU57CA,22,41.86,住家用,鋼筋混凝土造,83年4月25日,五層,四層
RPTOMLOLQHLFFAU57CA,22,6.26,共有部份,鋼筋混凝土造,83年4月25日,五層,
RPUOMLOLQHLFFAU67CA,22,46.18,住家用,鋼筋混凝土造,83年8月11日,八層,七層
RPUOMLOLQHLFFAU67CA,22,18.34,共有部份,鋼筋混凝土造,83年8月11日,八層,
RPSNMLKLRHLFFAU07CA,20,77.87,住家用,鋼筋混凝土造,86年1月6日,七層,一層
RPSNMLKLRHLFFAU07CA,20,17.80,共有部份,鋼筋混凝土造,86年1月6日,七層,
RPSNMLKLRHLFFAU07CA,20,11.77,共有部份,鋼筋混凝土造,86年1月16日,七層,
RPSNMLKLRHLFFAU07CA,20,87.11,住家用,鋼筋混凝土造,86年1月6日,七層,一層
RPSNMLKLRHLFFAU07CA,20,2.03,共有部份,鋼筋混凝土造,86年1月6日,七層,
RPSNMLKLRHLFFAU07CA,20,13.50,共有部份,鋼筋混凝土造,86年1月16日,七層,
RPROMLMLQHLFFAU17CA,10,199.02,住家用,鋼筋混凝土造,95年8月1日,三層,夾層 一層 二層 三層
RPWNMLSKQHLFFAU08CA,,345.14,住家用,鋼筋混凝土造,105年3月16日,四層,一層 二層 三層 四層 見其他登記事項
RPTOMLPJRHLFFAU57CA,20,29.85,住家用,鋼筋混凝土造,85年10月29日,十六層,五層
RPTOMLPJRHLFFAU57CA,20,4.94,共有部份,鋼筋混凝土造,85年10月29日,十六層,
RPTOMLPJRHLFFAU57CA,20,7.55,共有部份,鋼筋混凝土造,85年10月29日,十六層,
RPQNMLKMQHLFFAU86CA,23,388.06,住商用,鋼筋混凝土造,82年12月13日,二層,二層 屋頂突出物 一層 騎樓
RPUNMLTKQHLFFAU97CA,21,67.42,住家用,鋼筋混凝土造,84年11月4日,十層,十層
RPUNMLTKQHLFFAU97CA,21,10.36,共有部份,鋼筋混凝土造,84年11月4日,十層,
RPUNMLTKQHLFFAU97CA,21,15.11,共有部份,鋼筋混凝土造,84年11月4日,十層,
RPSNMLQKQHLFFAU47CA,37,70.84,住家用,鋼筋混凝土加強磚造,68年2月12日,二層,一層 二層
RPXNMLQKQHLFFAU97CA,,17.69,住家用,見其他登記事項,,一層,一層
RPPNMLQKQHLFFAU17CA,17,120.96,住家用,鋼筋混凝土造,88年4月14日,五層,三層
RPPNMLQKQHLFFAU17CA,17,12.91,共有部份,鋼筋混凝土造,88年4月14日,五層,
RPPNMLQKQHLFFAU17CA,17,8.14,共有部份,鋼筋混凝土造,88年4月14日,五層,
RPWOMLPLQHLFFAU18EA,22,29.04,住家用,鋼筋混凝土造,83年11月15日,十二層,三層
RPWOMLPLQHLFFAU18EA,22,30.11,住家用,鋼筋混凝土造,83年11月15日,十二層,
RPWOMLPLQHLFFAU18EA,22,9.02,共有部份,鋼筋混凝土造,83年11月15日,十二層,
RPWOMLPLQHLFFAU18EA,22,4.77,共有部份,鋼筋混凝土造,83年11月15日,十二層,
RPWOMLPLQHLFFAU18EA,22,9.35,共有部份,鋼筋混凝土造,83年11月15日,十二層,
RPWOMLPLQHLFFAU18EA,22,4.97,共有部份,鋼筋混凝土造,83年11月15日,十二層,
RPWOMLMLQHLFFAU67CA,39,93.10,住家用,鋼筋混凝土加強磚造,66年2月9日,二層,一層 二層
RPQOMLMLQHLFFAU07CA,21,28.53,住家用,鋼筋混凝土造,84年8月31日,六層,三層
RPQOMLMLQHLFFAU07CA,21,13.91,共有部份,鋼筋混凝土造,84年8月31日,六層,
RPPPMLMLQHLFFAU07CA,20,53.16,住家用,鋼筋混凝土造,85年7月26日,五層,五層
RPPPMLMLQHLFFAU07CA,20,8.35,共有部份,鋼筋混凝土造,85年7月26日,五層,
RPXNMLSKQHLFFAU18CA,39,146.84,住家用,鋼筋混凝土加強磚造,66年5月1日,二層,一層 二層
RPRNMLMLQHLFFAU07CA,35,3.75,共有部份,鋼筋混凝土造,70年1月30日,四層,
RPRNMLMLQHLFFAU07CA,35,98.82,住家用,鋼筋混凝土造,70年1月30日,四層,三層
RPUOMLQKQHLFFAU77CA,4,233.12,住家用,鋼筋混凝土造,101年5月18日,三層,一層 二層 三層 屋頂突出物
RPUNMLRKQHLFFAU77CA,39,97.50,住商用,鋼筋混凝土加強磚造,66年7月19日,二層,一層 二層 騎樓
RPQNMLSKQHLFFAU47CA,32,43.84,住家用,鋼筋混凝土造,73年6月25日,五層,四層
RPQNMLSKQHLFFAU47CA,32,5.70,共有部份,鋼筋混凝土造,73年6月25日,五層,
RPQNMLSKQHLFFAU47CA,32,4.00,共有部份,鋼筋混凝土造,73年6月25日,五層,
RPXNMLTKQHLFFAU28CA,32,78.98,住家用,鋼筋混凝土加強磚造,73年6月18日,二層,一層 二層
RPQNMLMLQHLFFAU96CA,24,103.04,住家用,鋼筋混凝土造,82年1月9日,七層,七層
RPQNMLMLQHLFFAU96CA,24,10.36,共有部份,鋼筋混凝土造,82年1月9日,七層,
RPQNMLMLQHLFFAU96CA,24,11.85,共有部份,鋼筋混凝土造,82年1月9日,七層,
RPPQMLOLQHLFFAU37CA,1,201.41,住家用,鋼筋混凝土造,104年12月9日,四層,三層 四層 一層 二層
RPPNMLNLQHLFFCU27DA,,75.04,住家用,木造,,一層,一層
RPSNMLRKQHLFFBU87EA,22,110.00,見其他登記事項,見其他登記事項,83年6月27日,二層,一層 二層
RPRNMLRKQHLFFBU77EA,22,94.88,見其他登記事項,見其他登記事項,83年6月27日,二層,一層 二層
RPXNMLTJRHLFFAU28CA,23,22.24,住家用,鋼筋混凝土造,82年6月15日,五層,四層
RPXNMLTJRHLFFAU28CA,23,4.35,共有部份,鋼筋混凝土造,82年6月15日,五層,
RPWNMLMKRHLFFAU57CA,35,75.70,住家用,鋼筋混凝土造,70年9月7日,四層,一層
RPWNMLMKRHLFFAU57CA,35,10.87,共有部份,鋼筋混凝土造,70年9月7日,四層,
RPSPMLOLQHLFFAU57CA,14,100.48,住家用,鋼筋混凝土造,91年11月21日,十一層,二層
RPSPMLOLQHLFFAU57CA,14,66.88,共有部份,鋼筋混凝土造,91年11月21日,十一層,
RPSOMLMKRHLFFAU27CA,,288.72,農舍,鋼筋混凝土造,105年6月4日,三層,一層 二層 三層 屋頂突出物
RPVOMLOLQHLFFAU77CA,40,94.79,住商用,鋼筋混凝土加強磚造,66年1月1日,二層,一層 二層 騎樓
RPPOMLTKQHLFFAU57CA,39,106.56,住家用,加強磚造,66年4月1日,二層,一層 二層
RPOOMLTKQHLFFAU47CA,22,144.06,住家用,鋼筋混凝土造,83年3月15日,十二層,四層
RPOOMLTKQHLFFAU47CA,22,35.01,共有部份,鋼筋混凝土造,83年3月15日,十二層,
RPTNMLTKQHLFFAU87CA,38,98.76,住商用,鋼筋混凝土加強磚造,67年5月29日,二層,一層 二層 騎樓
RPSNMLTJRHLFFAU77CA,,224.87,住家用,鋼筋混凝土造,105年2月2日,三層,一層 二層 三層 屋頂突出物
RPSNMLNKRHLFFCU47CA,,231.78,農舍,鋼筋混凝土造,105年5月2日,三層,一層 二層 三層
RPOPMLMLQHLFFAU96CA,,220.17,住家用,鋼筋混凝土造,105年2月2日,三層,一層 二層 三層 屋頂突出物
RPRNMLSJRHLFFAU57CA,27,175.96,住商用,鋼筋混凝土造,78年4月18日,四層,一層 二層 三層 四層 騎樓
RPTOMLPLQHLFFAU67CA,35,107.20,住商用,鋼筋混凝土加強磚造,70年7月3日,二層,一層 二層 騎樓
RPTNMLKMQHLFFAU17CA,21,70.36,住家用,鋼筋混凝土造,84年11月4日,十一層,八層
RPTNMLKMQHLFFAU17CA,21,10.30,共有部份,鋼筋混凝土造,84年11月4日,十一層,
RPTNMLKMQHLFFAU17CA,21,15.52,共有部份,鋼筋混凝土造,84年11月4日,十層,
RPQOMLKMQHLFFAU96CA,,21.20,住家用,木造,,一層,一層
RPTOMLMKRHLFFAU37CA,20,30.92,住家用,鋼筋混凝土造,85年3月6日,五層,五層
RPTOMLMKRHLFFAU37CA,20,7.02,共有部份,鋼筋混凝土造,85年3月6日,五層,
RPPNMLNLQHLFFAU96CA,19,107.96,住家用,鋼筋混凝土造,86年7月18日,十二層,九層
RPPNMLNLQHLFFAU96CA,19,28.95,共有部份,鋼筋混凝土造,86年7月18日,十二層,
RPTNMLQLQHLFFAU67CA,43,33.58,住家用,鋼筋混凝土加強磚造,62年9月1日,一層,一層
RPXNMLNLQHLFFAU77CA,24,44.63,住家用,鋼筋混凝土造,81年6月16日,五層,五層
RPXNMLNLQHLFFAU77CA,24,10.80,共有部份,鋼筋混凝土造,81年6月16日,五層,
RPRNMLLJRHLFFAU86CA,8,149.20,住家用,鋼筋混凝土造,97年6月19日,二層,一層 二層 騎樓
RPXNMLOLQHLFFAU87CA,,85.22,住家用,木造,,一層,一層 騎樓
RPRNMLRJRHLFFAU57DA,22,25.92,商業用,鋼筋混凝土造,83年6月30日,十二層,七層
RPRNMLRJRHLFFAU57DA,22,4.09,共有部份,鋼筋混凝土造,83年6月30日,十二層,
RPRNMLRJRHLFFAU57DA,22,5.69,共有部份,鋼筋混凝土造,83年6月30日,十二層,
RPRNMLRJRHLFFAU57DA,22,26.24,商業用,鋼筋混凝土造,83年6月30日,十二層,七層
RPRNMLRJRHLFFAU57DA,22,4.20,共有部份,鋼筋混凝土造,83年6月30日,十二層,
RPRNMLRJRHLFFAU57DA,22,5.75,共有部份,鋼筋混凝土造,83年6月30日,十二層,
RPQNMLOLQHLFFCU37CA,37,82.48,住家用,鋼筋混凝土造,68年3月1日,二層,一層 二層
RPRNMLKLRHLFFAU96CA,42,240.72,住商用,鋼筋混凝土加強磚造,64年1月15日,三層,一層 二層 三層
RPWNMLOLQHLFFAU77CA,23,86.61,住家用,鋼筋混凝土造,82年12月20日,六層,三層
RPWNMLOLQHLFFAU77CA,23,25.41,共有部份,鋼筋混凝土造,82年12月20日,六層,
RPWNMLNLQHLFFAU67CA,37,156.07,住商用,鋼筋混凝土造,68年3月16日,二層,一層 二層 屋頂突出物 騎樓
RPQPMLMLQHLFFAU17CA,,22.48,住家用,鋼筋混凝土造,,二層,一層 二層
RPOOMLNLQHLFFAU96CA,23,95.90,住家用,鋼筋混凝土造,82年12月20日,六層,二層
RPOOMLNLQHLFFAU96CA,23,30.73,共有部份,鋼筋混凝土造,82年12月20日,六層,
RPQNMLQLQHLFFAU37CA,38,116.20,住商用,鋼筋混凝土加強磚造,67年2月21日,二層,一層 二層 騎樓
RPWNMLKMQHLFFAU47CA,50,122.70,住家用,見其他登記事項,56年1月1日,二層,一層 二層
RPOPMLOLQHLFFAU17CA,56,102.96,住家用,見其他登記事項,,一層,一層
RPSOMLPLQHLFFAU57CA,15,175.91,住家用,鋼筋混凝土造,90年11月9日,三層,一層 二層 三層 屋頂突出物
RPUNMLQLQHLFFAU77CA,4,233.12,住家用,鋼筋混凝土造,101年5月18日,三層,一層 二層 三層 屋頂突出物
RPQNMLTLQHLFFAU67CA,34,91.86,住家用,鋼筋混凝土加強磚造,71年6月15日,二層,一層 二層
RPWOMLKMQHLFFAU57CA,22,24.12,住家用,鋼筋混凝土造,83年11月15日,十二層,十層
RPWOMLKMQHLFFAU57CA,22,7.56,共有部份,鋼筋混凝土造,83年11月15日,十二層,
RPWOMLKMQHLFFAU57CA,22,3.98,共有部份,鋼筋混凝土造,83年11月15日,十二層,
RPXNMLLMQHLFFAU67CA,,222.16,住家用,鋼筋混凝土造,105年2月2日,三層,一層 二層 三層 屋頂突出物
RPUOMLKMQHLFFAU37CA,44,78.76,住家用,鋼筋混凝土加強磚造,61年6月6日,二層,一層 二層 騎樓
RPOOMLLMQHLFFAU86CA,29,117.48,住家用,鋼筋混凝土造,76年12月30日,三層,一層 二層 三層
RPQOMLTJRHLFFAU67CA,38,318.31,住商用,鋼筋混凝土造,67年3月31日,四層,地下層 一層 二層 三層 四層 屋頂突出物 騎樓
RPRPMLOLQHLFFAU47CA,23,81.76,住家用,鋼筋混凝土造,82年10月15日,五層,三層
RPRPMLOLQHLFFAU47CA,23,28.95,共有部份,鋼筋混凝土造,82年10月15日,五層,
RPTPMLOLQHLFFAU67CA,23,24.35,住家用,鋼筋混凝土造,82年11月29日,五層,二層
RPTPMLOLQHLFFAU67CA,23,5.39,共有部份,鋼筋混凝土造,82年11月29日,五層,
RPQPMLOLQHLFFAU37CA,21,111.15,住家用,鋼筋混凝土造,84年4月13日,二層,一層 二層 屋頂突出物
RPSOMLTJJILFFAU17CA,20,83.70,住家用,鋼筋混凝土造,85年10月29日,十六層,十三層
RPSOMLTJJILFFAU17CA,20,14.93,共有部份,鋼筋混凝土造,85年10月29日,十六層,
RPSOMLTJJILFFAU17CA,20,23.40,共有部份,鋼筋混凝土造,85年10月29日,十六層,
RPTOMLNLQHLFFAU47CA,4,222.98,住家用,鋼筋混凝土造,101年5月18日,三層,一層 二層 三層 屋頂突出物
RPVNMLMJRHLFFAU37CA,21,83.69,住家用,鋼筋混凝土造,84年5月8日,五層,五層
RPVNMLMJRHLFFAU37CA,21,14.47,共有部份,鋼筋混凝土造,84年5月8日,五層,
RPVOMLNLQHLFFAU67CA,4,220.15,住家用,鋼筋混凝土造,101年5月18日,三層,一層 二層 三層 屋頂突出物
RPUOMLNLQHLFFAU57CA,4,220.15,住家用,鋼筋混凝土造,101年5月18日,三層,一層 二層 三層 屋頂突出物
RPVOMLPJRHLFFAU77CA,21,105.33,見其他登記事項,鋼筋混凝土造,84年4月17日,六層,四層
RPVOMLPJRHLFFAU77CA,21,20.37,共有部份,鋼筋混凝土造,84年4月17日,六層,
RPVOMLPJRHLFFAU77CA,21,13.37,共有部份,鋼筋混凝土造,84年4月17日,六層,
RPWOMLNLQHLFFAU77CA,4,222.98,住家用,鋼筋混凝土造,101年5月18日,三層,一層 二層 三層 屋頂突出物
RPROMLQJRHLFFAU47CA,22,230.32,見其他登記事項,鋼筋混凝土造,83年10月17日,四層,一層 二層 三層 四層 地下層
RPVNMLQJRHLFFAU77CA,20,36.26,商業用,鋼筋混凝土造,85年5月13日,五層,一層 騎樓
RPVNMLQJRHLFFAU77CA,20,16.55,共有部份,鋼筋混凝土造,85年5月13日,五層,
RPVNMLQJRHLFFAU77CA,20,51.69,停車空間,鋼筋混凝土造,85年5月13日,五層,
RPPNMLPLQHLFFAU17CA,23,103.95,住家用,鋼筋混凝土造,82年10月15日,六層,三層
RPPNMLPLQHLFFAU17CA,23,39.36,共有部份,鋼筋混凝土造,82年10月15日,六層,
RPRNMLPLQHLFFAU37CA,31,100.08,住家用,鋼筋混凝土造,74年4月24日,二層,一層 二層
RPUOMLPLQHLFFAU77CA,30,72.45,住家用,鋼筋混凝土造,75年9月12日,二層,一層 二層
RPRNMLTLQHLFFAU77CA,1,330.14,住家用,鋼筋混凝土造,104年7月28日,四層,一層 二層 三層 四層
RPQOMLPLQHLFFAU37CA,21,79.54,住家用,鋼筋混凝土造,84年3月20日,六層,六層
RPQOMLPLQHLFFAU37CA,21,32.08,共有部份,鋼筋混凝土造,84年3月20日,六層,
RPPNMLKMQHLFFAU76CA,10,141.04,住家用,鋼筋混凝土造,95年6月23日,三層,一層 二層 三層
RPPPMLTKRHLFFAU77CA,,335.26,農舍,鋼筋混凝土造,105年4月25日,三層,一層 二層 三層
RPQNMLTLQHLFFBU77CA,21,180.66,住家用,鋼筋混凝土造,84年11月21日,三層,一層 二層 三層
RPPNMLRLQHLFFAU37CA,51,124.10,住商用,鋼筋混凝土造,54年4月30日,二層,一層 二層
RPRNMLRLQHLFFAU57CA,17,19.16,住家用,鋼筋混凝土造,88年11月25日,六層,三層
RPRNMLRLQHLFFAU57CA,17,16.23,共有部份,鋼筋混凝土造,88年11月25日,六層,
RPSNMLRLQHLFFAU67CA,17,19.16,住家用,鋼筋混凝土造,88年11月25日,六層,三層
RPSNMLRLQHLFFAU67CA,17,16.23,共有部份,鋼筋混凝土造,88年11月25日,六層,
RPOOMLTKRHLFFAU57CA,20,76.25,住家用,鋼筋混凝土造,85年6月25日,八層,七層
RPOOMLTKRHLFFAU57CA,20,48.07,共有部份,鋼筋混凝土造,85年6月25日,八層,
RPOOMLTKRHLFFAU57CA,20,14.13,停車空間,鋼筋混凝土造,85年6月25日,八層,
RPQNMLLJRHLFFCU96CA,23,259.60,住商用,鋼筋混凝土造,82年6月15日,三層,三層 屋頂突出物 騎樓 一層 二層
RPXNMLTKRHLFFAU38CA,38,114.14,住商用,鋼筋混凝土加強磚造,67年9月9日,二層,一層 二層 騎樓
RPVPMLTKRHLFFAU38CA,14,37.09,商業用,鋼筋混凝土造,91年11月21日,十一層,一層
RPVPMLTKRHLFFAU38CA,14,24.72,共有部份,鋼筋混凝土造,91年11月21日,十一層,
RPSNMLSJRHLFFAU67CA,13,41.89,共有部份,鋼筋混凝土造,92年9月8日,六層,
RPSNMLSJRHLFFAU67CA,13,88.11,住家用,鋼筋混凝土造,92年9月8日,六層,二層
RPPNMLLJRHLFFAU66CA,35,95.54,住商用,鋼筋混凝土加強磚造,70年12月4日,二層,一層 二層 騎樓
RPQNMLLMQHLFFAU96CA,22,22.23,住家用,鋼筋混凝土造,83年11月15日,十二層,十二層
RPQNMLLMQHLFFAU96CA,22,6.16,共有部份,鋼筋混凝土造,83年11月15日,十二層,
RPQNMLLMQHLFFAU96CA,22,6.19,共有部份,鋼筋混凝土造,83年11月15日,十二層,
RPSNMLTLQHLFFAU87CA,22,24.63,見其他登記事項,鋼筋混凝土造,83年5月18日,七層,
RPPOMLRJRHLFFAU37CA,39,96.95,住商用,鋼筋混凝土加強磚造,66年2月22日,二層,一層 二層 騎樓
RPSNMLTLQHLFFAU87CA,22,84.53,住家用,鋼筋混凝土造,83年5月18日,七層,五層
RPSNMLTLQHLFFAU87CA,22,24.81,共有部份,鋼筋混凝土造,83年5月18日,七層,
RPUOMLRJRHLFFAU87CA,35,107.49,住家用,鋼筋混凝土加強磚造,70年1月30日,二層,二層 屋頂突出物 一層
RPSOMLQJRHLFFAU57CA,22,21.94,住家用,鋼筋混凝土造,83年4月14日,六層,二層
RPSOMLQJRHLFFAU57CA,22,6.95,共有部份,鋼筋混凝土造,83年4月14日,六層,
RPQNMLRJRHLFFAU37CA,21,80.13,住家用,鋼筋混凝土造,84年3月21日,十三層,十一層
RPQNMLRJRHLFFAU37CA,21,8.42,共有部份,鋼筋混凝土造,84年3月21日,十三層,
RPQNMLRJRHLFFAU37CA,21,10.60,共有部份,鋼筋混凝土造,84年3月21日,十三層,
RPWOMLQJRHLFFAU97CA,16,152.72,住家用,鋼筋混凝土造,89年3月28日,三層,一層 二層 三層
RPVNMLLJRHLFFAU27CA,21,103.77,住家用,鋼筋混凝土造,84年4月22日,六層,三層
RPVNMLLJRHLFFAU27CA,21,36.10,共有部份,鋼筋混凝土造,84年4月22日,六層,
RPQNMLKMRHLFFAU96CA,33,64.69,住家用,鋼筋混凝土造,72年11月17日,五層,四層
RPQNMLKMRHLFFAU96CA,33,5.48,共有部份,鋼筋混凝土造,72年11月17日,五層,
RPQOMLQJRHLFFAU37CA,22,33.56,住家用,鋼筋混凝土造,83年7月22日,五層,四層
RPQOMLQJRHLFFAU37CA,22,10.03,共有部份,鋼筋混凝土造,83年7月22日,五層,
RPTOMLKMQHLFFAU27CA,21,22.54,住家用,鋼筋混凝土造,84年4月14日,五層,五層
RPTOMLKMQHLFFAU27CA,21,11.53,共有部份,鋼筋混凝土造,84年4月14日,五層,
RPOOMLKMQHLFFAU76CA,33,76.76,住家用,鋼筋混凝土造,72年8月9日,五層,二層
RPOOMLKMQHLFFAU76CA,33,17.78,共有部份,鋼筋混凝土造,72年8月9日,五層,
RPSNMLLMQHLFFCU37CA,3,207.60,住家用,鋼筋混凝土造,102年7月3日,四層,一層 二層 三層 四層 見其他登記事項
RPPNMLLMQHLFFAU86CA,23,74.85,住家用,鋼筋混凝土造,82年3月5日,六層,二層
RPPNMLLMQHLFFAU86CA,23,25.30,共有部份,鋼筋混凝土造,82年3月5日,六層,
RPUNMLLMQHLFFAU37CA,23,89.66,住家用,鋼筋混凝土造,82年12月15日,六層,四層
RPUNMLLMQHLFFAU37CA,23,14.66,共有部份,鋼筋混凝土造,82年12月15日,六層,
RPUNMLLMQHLFFAU37CA,23,13.98,共有部份,鋼筋混凝土造,82年12月15日,七層,
RPTOMLTJRHLFFAU97CA,23,217.80,住家用,鋼筋混凝土造,82年9月7日,四層,一層 二層 三層 四層
RPWNMLTKRHLFFAU28CA,22,59.43,住家用,鋼筋混凝土造,83年5月16日,五層,五層
RPWNMLTKRHLFFAU28CA,22,11.37,共有部份,鋼筋混凝土造,83年5月16日,五層,
RPOOMLRJRHLFFAU27CA,19,191.29,見其他登記事項,鋼筋混凝土造,86年3月27日,四層,停車場 一層 二層 三層 四層 屋頂突出物
RPXNMLPJRHLFFAU87CA,16,83.05,住家用,鋼筋混凝土造,89年8月7日,十五層,八層
RPXNMLPJRHLFFAU87CA,16,21.38,共有部份,鋼筋混凝土造,89年8月7日,十五層,
RPXNMLPJRHLFFAU87CA,16,.72,共有部份,鋼筋混凝土造,89年8月7日,十五層,
RPXNMLPJRHLFFAU87CA,16,16.01,共有部份,鋼筋混凝土造,89年8月7日,十五層,
RPXNMLMKRHLFFAU67CA,22,29.42,住家用,鋼筋混凝土造,83年11月17日,五層,四層
RPXNMLMKRHLFFAU67CA,22,6.68,共有部份,鋼筋混凝土造,83年11月17日,五層,
RPPOMLLLRHLFFAU96CA,22,13.94,見其他登記事項,鋼筋混凝土造,83年6月30日,十二層,
RPPOMLLLRHLFFAU96CA,22,56.80,住家用,鋼筋混凝土造,83年6月30日,十二層,九層
RPPOMLLLRHLFFAU96CA,22,7.90,共有部份,鋼筋混凝土造,83年6月30日,十二層,
RPPOMLLLRHLFFAU96CA,22,14.01,共有部份,鋼筋混凝土造,83年6月30日,十二層,
RPPOMLLLRHLFFAU96CA,22,.94,共有部份,鋼筋混凝土造,83年6月30日,十二層,
RPOPMLQJRHLFFAU27CA,20,80.29,住家用,鋼筋混凝土造,85年3月9日,七層,五層
RPOPMLQJRHLFFAU27CA,20,29.74,共有部份,鋼筋混凝土造,85年3月9日,七層,
RPTOMLQJRHLFFAU67CA,25,26.18,住家用,鋼筋混凝土造,81年1月28日,四層,屋頂突出物
RPTOMLQJRHLFFAU67CA,25,7.78,共有部份,鋼筋混凝土造,81年1月28日,四層,
RPUOMLQJRHLFFAU77CA,20,23.40,住家用,鋼筋混凝土造,85年1月30日,五層,五層
RPUOMLQJRHLFFAU77CA,20,8.29,共有部份,鋼筋混凝土造,85年1月30日,五層,
RPTNMLMJRHLFFAU17CA,35,99.93,住商用,鋼筋混凝土造,70年8月6日,二層,一層 二層 騎樓
RPSNMLPJRHLFFAU37CA,,215.84,住家用,鋼筋混凝土造,105年7月6日,四層,一層 二層 三層 四層
RPXOMLKMQHLFFAU67CA,12,199.88,住家用,鋼筋混凝土造,93年2月2日,四層,一層 二層 三層 四層
RPXNMLLJRHLFFAU47CA,22,18.63,住家用,鋼筋混凝土造,83年11月15日,十二層,五層
RPXNMLLJRHLFFAU47CA,22,5.94,共有部份,鋼筋混凝土造,83年11月15日,十二層,
RPXNMLLJRHLFFAU47CA,22,3.18,共有部份,鋼筋混凝土造,83年11月15日,十二層,
RPOOMLLJRHLFFAU66CA,22,33.71,住家用,鋼筋混凝土造,83年8月11日,八層,八層
RPOOMLLJRHLFFAU66CA,22,20.41,共有部份,鋼筋混凝土造,83年8月11日,八層,
RPPOMLTLRHLFFAU77CA,32,95.56,住家用,鋼筋混凝土造,73年5月11日,二層,一層 二層
RPQOMLLJRHLFFAU86CA,23,119.22,住家用,鋼筋混凝土造,82年8月31日,七層,五層
RPQOMLLJRHLFFAU86CA,23,44.48,共有部份,鋼筋混凝土造,82年8月31日,七層,
RPXNMLKMQHLFFAU57CA,38,107.44,住商用,鋼筋混凝土加強磚造,67年1月25日,二層,一層 二層 騎樓
RPVNMLQLRHLFFAU97CA,,159.48,農舍,鋼筋混凝土造,105年4月26日,三層,一層 二層 三層
RPQNMLLMQHLFFCU27DA,34,109.66,住家用,鋼筋混凝土加強磚造,71年12月21日,二層,一層 二層
RPPNMLMKRHLFFBU96CA,29,125.37,住商用,鋼筋混凝土造,76年5月22日,二層,一層 二層 屋頂突出物 騎樓
RPQOMLLMQHLFFAU07CA,18,68.40,農舍,鋼筋混凝土造,87年8月3日,一層,一層
RPROMLPJRHLFFAU37CA,22,45.26,住家用,鋼筋混凝土造,83年4月14日,六層,六層
RPROMLPJRHLFFAU37CA,22,12.24,共有部份,鋼筋混凝土造,83年4月14日,六層,
RPQNMLMKRHLFFAU96CA,32,133.19,住家用,鋼筋混凝土加強磚造,73年8月15日,二層,一層 二層 屋頂突出物
RPPNMLTLRHLFFAU67CA,22,48.33,住家用,鋼筋混凝土造,83年8月11日,八層,七層
RPPNMLTLRHLFFAU67CA,22,19.22,共有部份,鋼筋混凝土造,83年8月11日,八層,
RPQOMLTLRHLFFAU87CA,20,49.93,住家用,鋼筋混凝土造,85年10月29日,十六層,四層
RPQOMLTLRHLFFAU87CA,20,21.70,停車空間,鋼筋混凝土造,85年10月29日,十六層,
RPQOMLTLRHLFFAU87CA,20,8.46,共有部份,鋼筋混凝土造,85年10月29日,十六層,
RPQOMLTLRHLFFAU87CA,20,13.21,共有部份,鋼筋混凝土造,85年10月29日,十六層,
RPXNMLQLRHLFFAU18CA,1,242.09,住家用,鋼筋混凝土造,104年11月10日,三層,一層 二層 三層 屋頂突出物
RPQOMLLLRHLFFAU07CA,18,110.09,住家用,鋼筋混凝土造,87年4月3日,十層,五層
RPQOMLLLRHLFFAU07CA,18,13.96,共有部份,鋼筋混凝土造,87年4月3日,十層,
RPQOMLLLRHLFFAU07CA,18,17.25,共有部份,鋼筋混凝土造,87年4月3日,十層,
RPQOMLLLRHLFFAU07CA,18,16.90,共有部份,鋼筋混凝土造,87年4月3日,十層,
RPPNMLSKRHLFFAU47CA,,229.66,住家用,鋼筋混凝土造,105年2月4日,三層,三層 屋頂突出物 一層 二層
RPWPMLTKRHLFFAU48CA,18,58.98,住家用,鋼筋混凝土造,87年2月18日,十四層,七層
RPWPMLTKRHLFFAU48CA,18,10.37,共有部份,鋼筋混凝土造,87年2月18日,十四層,
RPWPMLTKRHLFFAU48CA,18,11.63,共有部份,鋼筋混凝土造,87年2月18日,十四層,
RPVNMLRJRHLFFAU87CA,22,246.81,見其他登記事項,鋼筋混凝土造,83年6月24日,四層,一層 二層 三層 四層 地下層
RPTOMLRJRHLFFAU77CA,1,190.08,住家用,鋼筋混凝土造,105年2月2日,三層,一層 二層 三層 屋頂突出物
RPSNMLNKRHLFFAU27CA,44,95.00,住家用,鋼筋混凝土加強磚造,61年11月20日,二層,一層 二層
RPPOMLMJRHLFFAU86CA,21,190.88,住家用,鋼筋混凝土造,84年8月19日,十一層,十一層
RPPOMLMJRHLFFAU86CA,21,66.46,共有部份,鋼筋混凝土造,84年8月19日,十一層,
RPWNMLLJRHLFFAU37CA,4,249.15,住家用,鋼筋混凝土造,101年5月18日,三層,一層 二層 三層 屋頂突出物
RPWNMLPJRHLFFAU97EA,36,115.47,住商用,鋼筋混凝土加強磚造,69年2月19日,二層,一層 二層 騎樓
RPUNMLPJRHLFFAU57CA,,215.84,住家用,鋼筋混凝土造,105年7月6日,四層,一層 二層 三層 四層
RPWOMLRJRHLFFAU08CA,13,66.61,住家用,見其他登記事項,92年2月21日,十二層,六層
RPWOMLRJRHLFFAU08CA,13,9.21,共有部份,見其他登記事項,92年2月21日,十二層,
RPWOMLRJRHLFFAU08CA,13,12.28,共有部份,見其他登記事項,92年2月21日,十二層,
RPWOMLRJRHLFFAU08CA,13,.27,住家用,見其他登記事項,92年2月21日,十二層,
RPWOMLRJRHLFFAU08CA,13,.27,住家用,見其他登記事項,92年2月21日,十二層,
RPOPMLKLRHLFFAU86CA,31,96.80,住家用,鋼筋混凝土造,74年10月14日,二層,一層 二層
RPPNMLRJRHLFFAU27CA,16,104.12,住家用,鋼筋混凝土造,89年8月7日,十層,四層
RPPNMLRJRHLFFAU27CA,16,26.91,共有部份,鋼筋混凝土造,89年8月7日,十五層,
RPPNMLRJRHLFFAU27CA,16,.89,共有部份,鋼筋混凝土造,89年8月7日,十五層,
RPPNMLRJRHLFFAU27CA,16,15.83,共有部份,鋼筋混凝土造,89年8月7日,十層,
RPUNMLTJRHLFFAU97CA,31,148.14,住家用,鋼筋混凝土加強磚造,74年12月19日,二層,一層 二層 屋頂突出物
RPQNMLSJRHLFFCU67CA,23,167.67,住家用,鋼筋混凝土造,82年10月2日,三層,一層 二層 三層 騎樓
RPUOMLNLRHLFFAU67CA,35,79.35,住家用,鋼筋混凝土造,70年6月11日,四層,三層
RPUOMLNLRHLFFAU67CA,35,16.32,共有部份,鋼筋混凝土造,70年6月11日,四層,
RPROMLLLRHLFFAU17CA,23,137.66,住家用,鋼筋混凝土造,82年10月18日,三層,二層 三層 屋頂突出物 一層
RPVOMLKLRHLFFAU47CA,46,70.88,住家用,鋼筋混凝土加強磚造,59年12月7日,二層,一層 二層
RPROMLNLRHLFFAU37CA,21,22.60,住家用,鋼筋混凝土造,85年1月30日,五層,四層
RPROMLNLRHLFFAU37CA,21,8.00,共有部份,鋼筋混凝土造,85年1月30日,五層,
RPOOMLNLRHLFFAU07CA,37,50.12,住家用,鋼筋混凝土加強磚造,68年3月10日,一層,一層
RPSOMLSJRHLFFAU77CA,16,224.66,住家用,鋼筋混凝土造,89年9月27日,四層,一層 二層 三層 四層 騎樓
RPTOMLKMRHLFFAU37CA,,215.84,住家用,鋼筋混凝土造,105年7月6日,四層,一層 二層 三層 四層
RPVOMLKMRHLFFAU57CA,,218.61,住家用,鋼筋混凝土造,105年7月6日,四層,一層 二層 三層 四層
RPQOMLMKRHLFFAU07CA,,215.84,住家用,鋼筋混凝土造,105年7月6日,四層,一層 二層 三層 四層
RPUOMLKMRHLFFAU47CA,,219.42,住家用,鋼筋混凝土造,105年7月6日,四層,一層 二層 三層 四層
RPOOMLQJRHLFFAU17CA,,229.62,見其他登記事項,鐵造,,一層,一層
RPVOMLQJRHLFFAU87CA,20,55.68,住家用,鋼筋混凝土造,85年5月17日,六層,六層
RPVOMLQJRHLFFAU87CA,20,14.22,共有部份,鋼筋混凝土造,85年5月17日,六層,
RPPNMLQJRHLFFAU17CA,43,165.16,住家用,鋼筋混凝土加強磚造,62年8月20日,二層,一層 二層 騎樓
RPTNMLSJRHLFFAU77CA,39,71.86,住家用,鋼筋混凝土加強磚造,66年9月1日,二層,一層 二層
RPXNMLKKRHLFFAU67EA,48,68.68,住家用,鋼筋混凝土加強磚造,57年12月23日,二層,一層 二層
RPQNMLKKRHLFFAU96EA,2,232.27,農舍,鋼筋混凝土造,103年8月12日,四層,一層 二層 三層 四層 屋頂突出物
RPQOMLRJRHLFFAU47CA,42,76.04,住商用,鋼筋混凝土造,64年1月27日,二層,一層 二層 騎樓
RPSOMLOLRHLFFAU57CA,23,66.09,住家用,鋼筋混凝土造,82年9月25日,八層,二層
RPSOMLOLRHLFFAU57CA,23,17.09,共有部份,鋼筋混凝土造,82年9月25日,八層,
RPUOMLLLRHLFFAU47CA,4,172.50,住家用,鋼筋混凝土造,102年2月7日,三層,一層 二層 三層
RPROMLKMRHLFFAU17CA,38,130.89,住商用,鋼筋混凝土加強磚造,67年4月24日,二層,
RPPNMLLLRHLFFAU86CA,22,48.33,住家用,鋼筋混凝土造,83年11月17日,五層,四層
RPPNMLLLRHLFFAU86CA,22,10.81,共有部份,鋼筋混凝土造,83年11月17日,五層,
RPQPMLLLRHLFFAU17CA,21,65.69,住家用,鋼筋混凝土造,84年11月4日,十一層,八層
RPQPMLLLRHLFFAU17CA,21,10.03,共有部份,鋼筋混凝土造,84年11月4日,十一層,
RPQPMLLLRHLFFAU17CA,21,15.11,共有部份,鋼筋混凝土造,84年11月4日,十層,
RPWOMLTKRHLFFAU38CA,1,262.53,住家用,鋼筋混凝土造,104年7月8日,四層,一層 二層 三層 四層 屋頂突出物
RPPNMLSJRHLFFAU37CA,18,221.93,住家用,鋼筋混凝土造,87年4月28日,三層,一層 二層 三層 屋頂突出物
RPPOMLNJIILFFAU78CA,1,266.00,住家用,鋼筋混凝土造,104年4月29日,四層,一層 二層 三層 四層
RPPOMLNLRHLFFAU17CA,19,141.57,住家用,鋼筋混凝土造,86年10月14日,二層,一層 二層
RPPNMLOJIILFFAU78CA,20,182.37,見其他登記事項,鋼筋混凝土造,85年3月6日,五層,一層 二層 三層
RPPNMLOJIILFFAU78CA,20,22.62,共有部份,鋼筋混凝土造,85年3月6日,五層,
RPOOMLSJRHLFFAU37CA,21,169.29,住家用,鋼筋混凝土造,84年8月25日,二層,一層 二層 屋頂突出物 見其他登記事項
RPRNMLNLRHLFFAU27CA,35,67.58,住家用,鋼筋混凝土造,70年12月4日,五層,五層
RPRNMLNLRHLFFAU27CA,35,47.85,住家用,鋼筋混凝土造,70年12月4日,五層,四層
RPRNMLNLRHLFFAU27CA,35,1.56,共有部份,鋼筋混凝土造,70年12月4日,五層,
RPRNMLNLRHLFFAU27CA,35,.99,共有部份,鋼筋混凝土造,70年12月4日,,
RPRNMLNLRHLFFAU27CA,35,12.13,共有部份,鋼筋混凝土造,70年12月4日,五層,
RPRNMLNLRHLFFAU27CA,35,1.64,共有部份,鋼筋混凝土造,70年12月4日,,
RPSOMLRJRHLFFAU67CA,21,48.78,住家用,鋼筋混凝土造,85年1月30日,五層,三層
RPSOMLRJRHLFFAU67CA,21,12.91,共有部份,鋼筋混凝土造,85年1月30日,五層,
RPRNMLKKRHLFFAU86CA,22,73.93,住家用,鋼筋混凝土造,83年3月15日,十二層,十一層
RPRNMLKKRHLFFAU86CA,22,61.20,共有部份,鋼筋混凝土造,83年3月15日,十二層,
RPTOMLSJRHLFFAU87CA,16,108.43,住家用,鋼筋混凝土造,89年6月9日,七層,三層
RPTOMLSJRHLFFAU87CA,16,55.37,共有部份,鋼筋混凝土造,89年6月9日,七層,
RPTOMLSJRHLFFAU87CA,16,21.86,共有部份,鋼筋混凝土造,89年6月9日,七層,
RPQOMLPJIILFFAU09CA,21,29.40,住家用,鋼筋混凝土造,84年8月19日,十一層,九層
RPQOMLPJIILFFAU09CA,21,8.60,共有部份,鋼筋混凝土造,84年8月19日,十一層,
RPWNMLTJRHLFFAU18CA,,215.84,住家用,鋼筋混凝土造,105年7月6日,四層,一層 二層 三層 四層
RPPNMLKKRHLFFAU66CA,36,118.46,住商用,鋼筋混凝土加強磚造,70年1月10日,二層,一層 二層 騎樓
RPWNMLOLRHLFFAU87CA,24,94.44,住家用,鋼筋混凝土造,81年11月30日,二層,一層 二層 見其他登記事項
RPPPMLLLRHLFFAU07CA,39,146.70,住商用,鋼筋混凝土造,66年11月18日,二層,一層 二層 騎樓 地下層
RPTOMLLLRHLFFAU37CA,19,93.81,住家用,鋼筋混凝土造,86年8月27日,九層,八層 九層
RPTOMLLLRHLFFAU37CA,19,15.47,共有部份,鋼筋混凝土造,86年8月27日,九層,
RPTOMLLLRHLFFAU37CA,19,12.64,共有部份,鋼筋混凝土造,86年8月27日,九層,
RPTOMLLLRHLFFAU37CA,19,4.42,共有部份,鋼筋混凝土造,86年8月27日,九層,
RPUNMLKMRHLFFAU37CA,35,98.22,住家用,鋼筋混凝土加強磚造,70年7月3日,二層,一層 二層
RPXNMLKMRHLFFAU67CA,21,56.92,住家用,鋼筋混凝土造,84年4月6日,五層,一層 夾層
RPXNMLKMRHLFFAU67CA,21,8.04,共有部份,鋼筋混凝土造,84年4月6日,五層,
RPROMLOLRHLFFAU47CA,23,82.12,住家用,鋼筋混凝土造,83年1月22日,十二層,四層
RPROMLOLRHLFFAU47CA,23,22.35,共有部份,鋼筋混凝土造,83年1月22日,十二層,
RPTNMLRJIILFFAU07EA,34,90.63,住家用,鋼筋混凝土加強磚造,71年2月27日,一層,一層 夾層
RPPNMLOLRHLFFAU17CA,28,37.06,住家用,鋼筋混凝土造,77年10月19日,五層,二層
RPPNMLOLRHLFFAU17CA,28,10.31,共有部份,鋼筋混凝土造,77年10月19日,五層,
RPTOMLNLRHLFFAU57CA,23,87.83,住家用,鋼筋混凝土造,82年10月6日,六層,五層
RPTOMLNLRHLFFAU57CA,23,33.65,共有部份,鋼筋混凝土造,82年10月6日,六層,
RPUNMLKKRHLFFAU17CA,,325.39,住家用,鋼筋混凝土造,105年7月14日,四層,一層 二層 三層 四層
RPWOMLTJRHLFFAU28CA,18,43.47,住家用,鋼筋混凝土造,87年5月7日,十層,五層
RPWOMLTJRHLFFAU28CA,18,10.29,共有部份,鋼筋混凝土造,87年5月7日,十層,
RPROMLTJRHLFFAU77CA,29,107.74,住家用,見其他登記事項,76年5月7日,二層,一層 二層
RPPOMLKKRHLFFAU76CA,22,126.33,見其他登記事項,鋼筋混凝土造,83年4月12日,七層,一層 二層 防空避難室 騎樓
RPPOMLKKRHLFFAU76CA,22,37.28,共有部份,鋼筋混凝土造,83年4月23日,七層,
RPXOMLTKRHLFFAU48CA,19,58.17,住家用,鋼筋混凝土造,87年2月18日,十四層,九層
RPXOMLTKRHLFFAU48CA,19,8.85,共有部份,鋼筋混凝土造,87年2月18日,十四層,
RPXOMLTKRHLFFAU48CA,19,10.22,共有部份,鋼筋混凝土造,87年2月18日,十四層,
RPTNMLNKRHLFFCU57CA,,221.03,住家用,鋼筋混凝土造,105年7月29日,三層,一層 二層 三層 屋頂突出物
RPWNMLNKRHLFFCU87CA,,221.03,住家用,鋼筋混凝土造,105年7月29日,三層,一層 二層 三層 屋頂突出物
RPXNMLNKRHLFFCU97CA,,221.03,住家用,鋼筋混凝土造,105年7月29日,三層,一層 二層 三層 屋頂突出物
RPUNMLNKRHLFFCU67CA,,221.03,住家用,鋼筋混凝土造,105年7月29日,三層,一層 二層 三層 屋頂突出物
RPVNMLNKRHLFFCU77CA,,221.03,住家用,鋼筋混凝土造,105年7月29日,三層,一層 二層 三層 屋頂突出物
RPOOMLNKRHLFFCU17CA,,221.03,住家用,鋼筋混凝土造,105年7月29日,三層,一層 二層 三層 屋頂突出物
RPQOMLNKRHLFFCU37CA,,232.69,住家用,鋼筋混凝土造,105年7月29日,三層,一層 二層 三層 屋頂突出物
RPPOMLNKRHLFFCU27CA,,236.33,住家用,鋼筋混凝土造,105年7月29日,三層,一層 二層 三層 屋頂突出物
RPROMLNKRHLFFCU47CA,,232.69,住家用,鋼筋混凝土造,105年7月29日,三層,一層 二層 三層 屋頂突出物
RPSOMLNKRHLFFCU57CA,,232.69,住家用,鋼筋混凝土造,105年7月29日,三層,一層 二層 三層 屋頂突出物
RPTOMLNKRHLFFCU67CA,,232.69,住家用,鋼筋混凝土造,105年7月29日,三層,一層 二層 三層 屋頂突出物
RPUOMLNKRHLFFCU77CA,,236.19,住家用,鋼筋混凝土造,105年7月29日,三層,一層 二層 三層 屋頂突出物
RPRNMLNKRHLFFAU17CA,23,21.88,住家用,鋼筋混凝土造,82年6月22日,七層,五層
RPRNMLNKRHLFFAU17CA,23,8.90,共有部份,鋼筋混凝土造,82年6月22日,七層,
RPXNMLNKRHLFFAU77CA,38,87.00,住家用,鋼筋混凝土加強磚造,67年12月18日,一層,一層
RPPNMLNKRHLFFAU96CA,16,162.34,住家用,鋼筋混凝土造,90年1月17日,三層,一層 二層 三層
RPPNMLKLRHLFFAU76CA,46,109.98,住家用,鋼筋混凝土造,59年5月18日,二層,一層 二層 騎樓
RPWOMLKMRHLFFAU67CA,20,126.76,住家用,鋼筋混凝土造,85年10月3日,三層,一層 二層 三層
RPPNMLKMRHLFFAU86CA,17,113.78,住家用,鋼筋混凝土造,88年5月20日,五層,四層 五層 見其他登記事項
RPPNMLKMRHLFFAU86CA,17,13.40,停車空間,鋼筋混凝土造,88年5月20日,五層,
RPPNMLKMRHLFFAU86CA,17,25.67,共有部份,鋼筋混凝土造,88年5月20日,五層,
RPSOMLKMRHLFFAU27CA,22,35.20,住家用,鋼筋混凝土造,83年11月15日,十二層,十層
RPSOMLKMRHLFFAU27CA,22,5.77,共有部份,鋼筋混凝土造,83年11月15日,十二層,
RPSOMLKMRHLFFAU27CA,22,10.99,共有部份,鋼筋混凝土造,83年11月15日,十二層,
RPXOMLKMRHLFFAU77CA,,225.57,住家用,鋼筋混凝土造,105年4月14日,四層,一層 二層 三層 四層
RPQOMLTKRHLFFAU77CA,23,69.14,住家用,鋼筋混凝土造,82年4月12日,六層,四層
RPQOMLTKRHLFFAU77CA,23,16.74,停車空間,鋼筋混凝土造,82年4月12日,六層,
RPQOMLTKRHLFFAU77CA,23,12.24,共有部份,鋼筋混凝土造,82年4月12日,六層,
RPVOMLNLRHLFFAU77CA,32,143.28,住家用,鋼筋混凝土造,73年4月17日,五層,三層
RPVOMLNLRHLFFAU77CA,32,37.69,共有部份,鋼筋混凝土造,73年4月17日,五層,
RPOOMLOJIILFFAU78CA,20,56.39,住家用,鋼筋混凝土造,85年3月9日,七層,六層
RPOOMLOJIILFFAU78CA,20,24.12,共有部份,鋼筋混凝土造,85年3月9日,七層,
RPOPMLPJIILFFAU98CA,30,117.30,住家用,鋼筋混凝土造,75年4月2日,五層,四層
RPOPMLPJIILFFAU98CA,30,14.79,共有部份,鋼筋混凝土造,75年4月2日,五層,
RPOPMLPJIILFFAU98CA,30,7.70,共有部份,鋼筋混凝土造,75年4月2日,五層,
RPQPMLQJIILFFAU66CA,22,10.98,見其他登記事項,鋼筋混凝土造,83年6月11日,九層,
RPQPMLQJIILFFAU66CA,22,10.19,共有部份,鋼筋混凝土造,83年6月11日,九層,
RPQPMLQJIILFFAU66CA,22,11.66,共有部份,鋼筋混凝土造,83年6月11日,九層,
RPQPMLQJIILFFAU66CA,22,106.01,住家用,鋼筋混凝土造,83年6月11日,九層,一層
RPXOMLQJIILFFAU27CA,23,75.26,住家用,鋼筋混凝土造,82年12月8日,七層,七層
RPXOMLQJIILFFAU27CA,23,32.15,共有部份,鋼筋混凝土造,82年12月8日,七層,
SPSNMLNKRHLFFCU77EA,21,143.77,住家用,鋼筋混凝土造,85年1月22日,四層,一層 二層 三層 四層
RPSNMLNKRHLFFCU67EA,21,143.77,住家用,鋼筋混凝土造,85年1月22日,四層,一層 二層 三層 四層
RPQNMLNKRHLFFCU47EA,18,147.71,住商用,鋼筋混凝土加強磚造,87年5月13日,二層,一層 二層 屋頂突出物 騎樓
RPQNMLLLRHLFFAU96CA,37,199.04,住商用,鋼筋混凝土加強磚造,68年4月24日,二層,一層 二層 騎樓
RPWNMLLKIILFFAU66CA,,389.76,農舍,鋼筋混凝土造,105年6月27日,四層,一層 二層 三層 四層 見其他登記事項
RPTOMLTKRHLFFAU08CA,25,214.65,住家用,鋼筋混凝土造,80年9月3日,三層,一層 二層 三層
RPROMLTKRHLFFAU87CA,19,53.08,住家用,鋼筋混凝土造,86年3月10日,七層,七層
RPROMLTKRHLFFAU87CA,19,10.74,共有部份,鋼筋混凝土造,86年3月10日,七層,
RPROMLTKRHLFFAU87CA,19,8.99,共有部份,鋼筋混凝土造,86年3月10日,七層,
RPROMLTKRHLFFAU87CA,19,9.92,共有部份,鋼筋混凝土造,86年3月10日,七層,
RPOOMLNJIILFFAU68CA,9,244.74,住商用,鋼筋混凝土造,96年2月1日,四層,一層 二層 三層 四層 騎樓
RPQNMLOJIILFFAU88CA,21,35.39,住家用,鋼筋混凝土造,85年1月4日,六層,六層
RPQNMLOJIILFFAU88CA,21,13.40,共有部份,鋼筋混凝土造,85年1月4日,六層,
RPOOMLQLRHLFFAU37CA,24,23.97,住家用,鋼筋混凝土造,82年1月20日,五層,三層
RPOOMLQLRHLFFAU37CA,24,4.61,共有部份,鋼筋混凝土造,82年1月20日,五層,
RPUNMLKLRHLFFAU27CA,19,67.43,住家用,鋼筋混凝土造,86年8月27日,九層,八層 九層
RPUNMLKLRHLFFAU27CA,19,11.40,共有部份,鋼筋混凝土造,86年8月27日,九層,
RPUNMLKLRHLFFAU27CA,19,8.81,共有部份,鋼筋混凝土造,86年8月27日,九層,
RPUNMLKLRHLFFAU27CA,19,3.04,共有部份,鋼筋混凝土造,86年8月27日,九層,
RPUNMLKLRHLFFAU27CA,19,40.54,共有部份,鋼筋混凝土造,86年8月27日,九層,
RPWOMLKLRHLFFAU57CA,24,87.75,住家用,鋼筋混凝土造,81年11月17日,六層,五層
RPWOMLKLRHLFFAU57CA,24,11.48,停車空間,鋼筋混凝土造,81年11月17日,六層,
RPWOMLKLRHLFFAU57CA,24,13.58,共有部份,鋼筋混凝土造,81年11月17日,六層,
RPRPMLLLRHLFFAU27CA,23,96.28,住家用,鋼筋混凝土造,82年8月19日,二層,一層 二層
RPPOMLLLRHLFFAU17EA,24,121.40,住家用,鋼筋混凝土造,81年10月9日,三層,一層 二層 三層
RPPOMLLLRHLFFAU17EA,24,1.73,停車空間,鋼筋混凝土造,81年10月9日,三層,
RPTNMLMLRHLFFAU57EA,23,88.98,住家用,鋼筋混凝土造,82年10月14日,六層,六層 夾層
RPTNMLMLRHLFFAU57EA,23,27.58,共有部份,鋼筋混凝土造,82年10月14日,六層,
RPWOMLLLRHLFFAU67CA,23,240.48,住家用,鋼筋混凝土造,83年1月6日,四層,一層 二層 三層 四層 屋頂突出物 見其他登記事項
RPVNMLMKIILFFAU66CA,,216.17,住家用,鋼筋混凝土造,105年7月6日,四層,一層 二層 三層 四層
RPPNMLMLRHLFFCU17CA,4,196.27,住家用,鋼筋混凝土造,101年6月19日,三層,一層 二層 三層 見其他登記事項
RPOOMLOJIILFFAU98EA,21,121.80,見其他登記事項,鋼筋混凝土造,84年11月3日,五層,一層 二層 三層 四層 五層 見其他登記事項
RPXNMLLJJILFFAU76CA,18,68.50,住家用,鋼筋混凝土造,87年11月30日,八層,八層
RPXNMLLJJILFFAU76CA,18,27.21,見其他登記事項,鋼筋混凝土造,87年11月30日,八層,
RPXNMLLJJILFFAU76CA,18,4.14,停車空間,鋼筋混凝土造,87年11月30日,八層,
RPXNMLNKIILFFAU96CA,5,190.87,住家用,鋼筋混凝土造,100年12月6日,三層,一層 二層 三層 見其他登記事項
RPOOMLNKIILFFAU78CA,16,201.43,工業用,見其他登記事項,89年5月12日,一層,一層
RPOOMLNKIILFFAU78CA,11,533.11,工業用,鋼筋混凝土造,94年5月25日,二層,一層 二層 屋頂突出物
RPQOMLQJIILFFAU56CA,27,16.97,住家用,鋼筋混凝土造,78年11月4日,六層,六層
RPQOMLQJIILFFAU56CA,27,5.31,共有部份,鋼筋混凝土造,78年11月4日,六層,
SPQOMLQJIILFFAU66CA,27,16.98,住家用,鋼筋混凝土造,78年11月4日,六層,六層
SPQOMLQJIILFFAU66CA,27,5.31,共有部份,鋼筋混凝土造,78年11月4日,六層,
RPQNMLOLRHLFFAU27CA,1,319.61,住家用,鋼筋混凝土造,104年6月2日,四層,一層 二層 三層 四層
RPQNMLRJIILFFAU56CA,1,384.42,住家用,鋼筋混凝土造,104年6月29日,四層,見其他登記事項 一層 二層 三層 四層 屋頂突出物
RPRPMLPJIILFFAU66CA,21,46.35,住家用,鋼筋混凝土造,84年9月19日,六層,四層
RPRPMLPJIILFFAU66CA,21,22.56,共有部份,鋼筋混凝土造,84年9月19日,六層,
RPUOMLOKIILFFAU86CA,39,96.75,住商用,鋼筋混凝土加強磚造,66年12月30日,二層,一層 二層 騎樓
RPXOMLLLRHLFFAU77CA,17,95.45,住家用,鋼筋混凝土造,88年4月14日,五層,三層
RPXOMLLLRHLFFAU77CA,17,10.45,共有部份,鋼筋混凝土造,88年4月14日,五層,
RPXOMLLLRHLFFAU77CA,17,6.75,共有部份,鋼筋混凝土造,88年4月14日,五層,
RPSPMLLLRHLFFAU37CA,42,74.10,住商用,鋼筋混凝土造,64年1月27日,二層,一層 二層 騎樓
RPUNMLQLRHLFFAU87CA,32,142.63,住家用,鋼筋混凝土造,73年12月31日,二層,屋頂突出物 一層 二層
RPTOMLOLRHLFFAU67CA,6,113.24,見其他登記事項,鋼筋混凝土造,100年1月21日,十二層,四層
RPTOMLOLRHLFFAU67CA,6,49.04,共有部份,鋼筋混凝土造,100年1月21日,十二層,
RPXOMLKLRHLFFAU67CA,20,73.00,住家用,鋼筋混凝土造,85年7月16日,七層,三層
RPXOMLKLRHLFFAU67CA,20,24.27,共有部份,鋼筋混凝土造,85年7月16日,七層,
RPPNMLQLRHLFFAU37CA,21,113.38,住家用,鋼筋混凝土造,85年2月2日,十層,八層
RPPNMLQLRHLFFAU37CA,21,15.70,共有部份,鋼筋混凝土造,85年2月2日,十層,
RPPNMLQLRHLFFAU37CA,21,15.23,共有部份,鋼筋混凝土造,85年2月2日,十層,
RPPNMLQLRHLFFAU37CA,21,2.94,共有部份,鋼筋混凝土造,85年2月2日,十層,
RPPNMLQLRHLFFAU37CA,21,5.57,停車空間,鋼筋混凝土造,85年2月2日,十層,
RPPNMLNJIILFFAU68CA,24,33.89,住家用,鋼筋混凝土造,81年4月22日,五層,五層
RPPNMLNJIILFFAU68CA,24,5.19,共有部份,鋼筋混凝土造,81年4月22日,五層,
RPSNMLQLRHLFFAU67CA,10,234.70,住家用,鋼筋混凝土造,95年5月15日,三層,一層 二層 三層
RPQNMLQLRHLFFAU47CA,21,64.95,住家用,鋼筋混凝土造,84年6月30日,七層,五層
RPQNMLQLRHLFFAU47CA,21,12.61,共有部份,鋼筋混凝土造,84年6月30日,七層,
RPQNMLQLRHLFFAU47CA,21,6.05,共有部份,鋼筋混凝土造,84年6月30日,七層,
RPQNMLQLRHLFFAU47CA,21,9.79,共有部份,鋼筋混凝土造,84年6月30日,七層,
RPWNMLQLRHLFFAU08CA,14,167.27,住家用,鋼筋混凝土造,91年11月8日,三層,一層 二層 三層 屋頂突出物
RPOPMLLLRHLFFAU96CA,20,39.23,住家用,鋼筋混凝土造,85年3月6日,五層,三層
RPOPMLLLRHLFFAU96CA,20,8.91,共有部份,鋼筋混凝土造,85年3月6日,五層,
RPOPMLQJIILFFAU09CA,36,81.60,住家用,鋼筋混凝土加強磚造,69年12月23日,二層,一層 二層
RPRNMLMLRHLFFAU17CA,30,93.16,住家用,鋼筋混凝土造,75年9月16日,二層,一層 二層
RPRPMLQJIILFFAU76CA,36,110.18,住商用,鋼筋混凝土加強磚造,69年5月19日,二層,一層 二層 騎樓
RPWNMLMLRHLFFAU67CA,11,250.69,住家用,鋼筋混凝土造,94年12月27日,四層,一層 二層 三層 四層
RPQOMLNKIILFFAU98CA,31,79.73,住家用,鋼筋混凝土造,74年3月19日,五層,三層
RPQOMLNKIILFFAU98CA,31,12.03,共有部份,鋼筋混凝土造,74年3月19日,五層,
RPRNMLLKIILFFAU78CA,17,102.98,住家用,鋼筋混凝土造,88年5月20日,五層,二層 三層
RPRNMLLKIILFFAU78CA,17,22.58,共有部份,鋼筋混凝土造,88年5月20日,五層,
RPRNMLLKIILFFAU78CA,17,13.40,停車空間,鋼筋混凝土造,88年5月20日,五層,
RPVOMLOKIILFFAU96CA,20,54.83,住家用,鋼筋混凝土造,85年6月11日,八層,一層
RPVOMLOKIILFFAU96CA,22,13.29,停車空間,鋼筋混凝土造,83年6月11日,八層,
RPVOMLOKIILFFAU96CA,20,54.66,共有部份,鋼筋混凝土造,85年6月11日,八層,
RPSOMLMKIILFFAU09CA,7,53.31,農舍,鋼筋混凝土造,98年7月10日,三層,一層 二層 三層 見使用執照
RPQOMLMKIILFFAU88CA,24,148.37,住商用,鋼筋混凝土造,82年1月7日,三層,一層 二層 三層 見其他登記事項
RPPNMLMKIILFFAU68CA,1,299.95,農舍,鋼筋混凝土造,105年1月13日,三層,一層 二層 三層 屋頂突出物 見其他登記事項
RPWOMLOKIILFFAU07CA,22,26.74,住家用,鋼筋混凝土造,83年11月17日,五層,二層
RPWOMLOKIILFFAU07CA,22,6.06,共有部份,鋼筋混凝土造,83年11月17日,五層,
RPQPMLPJIILFFAU76EA,43,100.54,商業用,鋼筋混凝土造,62年3月27日,二層,一層 二層 騎樓
RPXNMLTLRHLFFAU48CA,20,27.99,住家用,鋼筋混凝土造,85年10月29日,十六層,三層
RPXNMLTLRHLFFAU48CA,20,4.94,共有部份,鋼筋混凝土造,85年10月29日,十六層,
RPXNMLTLRHLFFAU48CA,20,7.55,共有部份,鋼筋混凝土造,85年10月29日,十六層,
RPRNMLSKIILFFAU86CA,,207.70,住家用,鋼筋混凝土造,105年4月19日,四層,一層 二層 三層 四層
RPSOMLOJIILFFAU56CA,22,22.41,住家用,鋼筋混凝土造,83年8月4日,五層,三層
RPSOMLOJIILFFAU56CA,22,5.51,共有部份,鋼筋混凝土造,83年8月4日,五層,
RPSNMLSKIILFFAU96CA,14,126.12,住家用,鋼筋混凝土造,91年12月2日,十四層,三層
RPSNMLSKIILFFAU96CA,14,73.42,共有部份,鋼筋混凝土造,91年12月2日,十四層,
RPSOMLQJIILFFAU76CA,28,109.44,住商用,鋼筋混凝土造,77年2月11日,三層,一層 二層 三層 屋頂突出物 騎樓
RPSOMLQJIILFFAU76CA,28,96.70,住商用,鋼筋混凝土造,77年2月11日,三層,一層 二層 三層 屋頂突出物 騎樓
RPROMLNKIILFFAU09CA,11,186.12,住家用,鋼筋混凝土造,94年1月31日,三層,一層 二層 三層 見其他登記事項
RPPOMLRKIILFFAU66CA,38,88.41,住商用,鋼筋混凝土加強磚造,67年9月18日,二層,一層 二層 騎樓
RPPNMLRLRHLFFAU47CA,15,80.61,住家用,鋼筋混凝土造,90年3月15日,十四層,六層
RPPNMLRLRHLFFAU47CA,15,23.79,見其他登記事項,鋼筋混凝土造,90年3月15日,十四層,
RPPNMLRLRHLFFAU47CA,15,4.42,見其他登記事項,鋼筋混凝土造,90年3月15日,十四層,
RPPNMLRLRHLFFAU47CA,15,.90,住家用,鋼筋混凝土造,90年3月15日,十四層,
RPSPMLQJIILFFAU86CA,23,122.55,住商用,鋼筋混凝土造,82年10月29日,二層,一層 二層 騎樓
RPQOMLSLRHMFFAU87CA,21,35.07,住家用,鋼筋混凝土造,85年3月6日,五層,四層
RPQOMLSLRHMFFAU87CA,21,7.98,共有部份,鋼筋混凝土造,85年3月6日,五層,
RPSOMLSKIILFFAU07CA,23,54.16,住家用,鋼筋混凝土造,82年10月29日,五層,二層
RPXNMLOJIILFFAU96CA,22,127.43,住家用,鋼筋混凝土造,83年7月27日,四層,四層
RPXNMLOJIILFFAU96CA,22,40.04,共有部份,鋼筋混凝土造,83年7月27日,四層,
RPXNMLOJIILFFAU96CA,22,12.00,共有部份,鋼筋混凝土造,83年7月27日,四層,
RPPNMLLLIILFFAU68CA,43,111.36,住家用,鋼筋混凝土加強磚造,62年8月27日,二層,一層 二層
RPUNMLOJIILFFAU86EA,12,216.18,住家用,鋼筋混凝土造,93年9月15日,三層,一層 二層 三層 屋頂突出物 見其他登記事項
RPQNMLPJIILFFAU98CA,35,198.65,住商用,鋼筋混凝土造,70年6月22日,四層,一層 二層 三層 四層 防空避難室 屋頂突出物 騎樓
RPSNMLTLRHLFFAU97CA,22,41.16,住家用,鋼筋混凝土造,83年7月29日,九層,四層
RPSNMLTLRHLFFAU97CA,22,15.98,共有部份,鋼筋混凝土造,83年7月29日,九層,
RPTNMLKMRHLFFAU27CA,24,348.74,住商用,鋼筋混凝土造,82年1月20日,三層,一層 二層 三層 屋頂突出物 騎樓
RPTNMLLLIILFFBU56CA,35,120.70,住商用,鋼筋混凝土加強磚造,70年12月31日,二層,一層 二層 騎樓
RPTNMLTLRHLFFAU08CA,21,101.57,住家用,鋼筋混凝土造,84年3月28日,七層,七層
RPTNMLTLRHLFFAU08CA,21,28.63,共有部份,鋼筋混凝土造,84年3月28日,七層,
RPTNMLTLRHLFFAU08CA,21,7.65,共有部份,鋼筋混凝土造,84年3月28日,七層,
RPUOMLNJIILFFAU66CA,37,94.73,住家用,鋼筋混凝土加強磚造,68年10月16日,二層,一層 二層
RPRNMLKMRHLFFAU07CA,20,85.98,住家用,鋼筋混凝土造,85年2月8日,十二層,八層
RPRNMLKMRHLFFAU07CA,20,22.10,共有部份,鋼筋混凝土造,85年2月8日,十二層,
RPVNMLKMRHLFFAU47CA,23,70.77,住家用,鋼筋混凝土造,82年11月8日,六層,五層
RPVNMLKMRHLFFAU47CA,23,28.28,共有部份,鋼筋混凝土造,82年11月8日,六層,
RPRNMLNJIILFFAU88CA,23,100.37,住家用,鋼筋混凝土造,83年1月22日,十二層,五層
RPRNMLNJIILFFAU88CA,23,28.15,共有部份,鋼筋混凝土造,83年1月22日,十二層,
RPSNMLPJIILFFAU56CA,22,74.08,住家用,鋼筋混凝土造,83年10月28日,十四層,十四層
RPSNMLPJIILFFAU56CA,22,22.07,共有部份,鋼筋混凝土造,83年10月28日,十四層,
RPROMLPJIILFFAU56CA,22,137.97,住商用,鋼筋混凝土造,83年7月5日,五層,一層 二層 騎樓
RPROMLPJIILFFAU56CA,22,15.13,共有部份,鋼筋混凝土造,83年7月5日,五層,
RPXNMLQJIILFFAU17CA,35,75.72,住商用,鋼筋混凝土加強磚造,70年10月5日,二層,一層 二層
RPWNMLPJIILFFBU07CA,42,79.38,住家用,鋼筋混凝土造,63年5月31日,二層,一層 二層
RPPNMLOJIILFFCU98CA,31,115.88,住家用,鋼筋混凝土加強磚造,74年10月1日,二層,一層 二層
RPQNMLNKIILFFBU56EA,35,124.10,住商用,鋼筋混凝土加強磚造,70年12月31日,二層,一層 二層 騎樓
RPTNMLNKIILFFAU56CA,1,362.66,住家用,鋼筋混凝土造,104年5月18日,四層,一層 二層 三層 四層 屋頂突出物 見其他登記事項
RPPOMLMKIILFFAU78CA,,215.84,住家用,鋼筋混凝土造,105年7月6日,四層,一層 二層 三層 四層
RPOOMLPJIILFFAU88CA,23,107.56,住家用,鋼筋混凝土造,82年12月15日,六層,三層
RPOOMLPJIILFFAU88CA,23,37.26,共有部份,鋼筋混凝土造,82年12月15日,六層,
RPSNMLOJIILFFAU66EA,22,199.40,見其他登記事項,鋼筋混凝土造,83年10月17日,四層,一層 二層 三層 四層 地下層
RPTNMLQJIILFFAU76CA,21,103.89,住商用,鋼筋混凝土造,84年3月21日,十三層,一層 二層 騎樓
RPTNMLQJIILFFAU76CA,21,11.31,共有部份,鋼筋混凝土造,84年3月21日,十三層,
RPTNMLQJIILFFAU76CA,21,13.83,共有部份,鋼筋混凝土造,84年3月21日,十三層,
RPTNMLQJIILFFAU76CA,21,.18,商業用,鋼筋混凝土造,84年3月21日,十三層,
RPTNMLQJIILFFAU76CA,21,7.50,共有部份,鋼筋混凝土造,84年3月21日,十三層,
RPRNMLPJIILFFAU09CA,21,31.68,商業用,鋼筋混凝土造,84年10月17日,一層,一層 騎樓
RPPNMLLKIILFFAU58CA,23,102.64,住家用,鋼筋混凝土造,82年10月15日,六層,四層
RPPNMLLKIILFFAU58CA,23,39.36,共有部份,鋼筋混凝土造,82年10月15日,六層,
RPUNMLSKIILFFAU17CA,19,58.77,見其他登記事項,鋼筋混凝土造,86年8月1日,七層,六層
RPUNMLSKIILFFAU17CA,19,21.20,共有部份,鋼筋混凝土造,86年8月1日,七層,
RPROMLQLIILFFAU86CA,17,115.80,住家用,鋼筋混凝土造,88年4月14日,五層,一層
RPROMLQLIILFFAU86CA,17,6.40,共有部份,鋼筋混凝土造,88年4月14日,五層,
RPROMLQLIILFFAU86CA,17,10.59,共有部份,鋼筋混凝土造,88年4月14日,五層,
RPROMLQLIILFFAU86CA,17,120.96,住家用,鋼筋混凝土造,88年4月14日,五層,一層
RPTNMLNJIILFFAU09CA,33,76.35,住商用,鋼筋混凝土造,72年9月10日,四層,一層 二層 騎樓
RPTNMLNJIILFFAU09CA,33,7.70,共有部份,鋼筋混凝土造,72年9月10日,四層,
RPUNMLOKIILFFAU76CA,21,319.24,住家用,鋼筋混凝土造,84年6月16日,五層,一層 二層 三層 四層 五層 屋頂突出物 夾層
RPQOMLKMRHLFFAU07CA,22,29.32,住家用,鋼筋混凝土造,83年6月10日,五層,四層
RPQOMLKMRHLFFAU07CA,22,4.14,共有部份,鋼筋混凝土造,83年6月10日,五層,
RPPNMLPJIILFFAU88CA,6,175.51,住家用,鋼筋混凝土造,99年11月12日,三層,一層 二層 三層
RPTOMLOJIILFFAU66CA,49,29.40,住家用,見其他登記事項,,一層,
RPTOMLOJIILFFAU66CA,49,29.40,住家用,見其他登記事項,,一層,
RPVNMLNJIILFFAU66CA,24,88.71,住家用,鋼筋混凝土造,82年1月9日,七層,五層
RPVNMLNJIILFFAU66CA,24,9.81,共有部份,鋼筋混凝土造,82年1月9日,七層,
RPVNMLNJIILFFAU66CA,24,10.03,共有部份,鋼筋混凝土造,82年1月9日,七層,
RPVNMLNJIILFFAU66CA,24,15.02,共有部份,鋼筋混凝土造,82年1月9日,七層,
RPVNMLNJIILFFAU66CA,24,.28,商業用,鋼筋混凝土造,82年1月9日,七層,
RPTOMLNJIILFFAU56CA,35,213.05,見其他登記事項,鋼筋混凝土造,70年6月18日,三層,一層 二層 三層 防空避難室 騎樓
RPTNMLOJIILFFAU56CA,37,105.08,住商用,鋼筋混凝土加強磚造,68年6月11日,二層,一層 二層 騎樓
RPTNMLLKIILFFAU98CA,24,73.83,住家用,鋼筋混凝土造,82年3月5日,六層,三層
RPTNMLLKIILFFAU98CA,24,25.30,共有部份,鋼筋混凝土造,82年3月5日,六層,
RPVNMLQJIILFFAU96CA,25,70.14,住家用,鋼筋混凝土造,81年1月21日,六層,四層
RPVNMLQJIILFFAU96CA,25,34.93,共有部份,鋼筋混凝土造,81年1月21日,六層,
RPQOMLOJIILFFAU98CA,21,177.42,住家用,鋼筋混凝土造,84年9月14日,三層,一層 二層 三層 屋頂突出物 見其他登記事項
RPSOMLNJIILFFAU09CA,1,459.48,住家用,鋼筋混凝土造,105年1月20日,四層,一層 二層 三層 四層 屋頂突出物 見其他登記事項
RPSNMLQJIILFFAU66CA,19,68.56,住家用,鋼筋混凝土造,86年8月27日,九層,八層 九層
RPSNMLQJIILFFAU66CA,19,9.74,共有部份,鋼筋混凝土造,86年8月27日,九層,
RPSNMLQJIILFFAU66CA,19,8.98,共有部份,鋼筋混凝土造,86年8月27日,九層,
RPSNMLQJIILFFAU66CA,19,2.76,共有部份,鋼筋混凝土造,86年8月27日,九層,
RPVOMLPJIILFFAU96CA,31,110.35,住家用,鋼筋混凝土加強磚造,74年12月12日,二層,一層 二層 屋頂突出物
RPWNMLPJIILFFAU96CA,27,42.66,住家用,鋼筋混凝土造,78年6月3日,五層,四層
RPWNMLPJIILFFAU96CA,27,4.06,共有部份,鋼筋混凝土造,78年6月3日,五層,
RPWNMLPJIILFFAU96CA,27,4.49,共有部份,鋼筋混凝土造,78年6月3日,五層,
RPTOMLPJIILFFAU76CA,21,104.28,住家用,鋼筋混凝土造,84年3月21日,十三層,十二層
RPTOMLPJIILFFAU76CA,21,11.53,共有部份,鋼筋混凝土造,84年3月21日,十三層,
RPTOMLPJIILFFAU76CA,21,12.20,共有部份,鋼筋混凝土造,84年3月21日,十三層,
RPROMLOJIILFFAU56DA,22,93.83,住家用,鋼筋混凝土造,83年4月1日,十層,三層
RPROMLOJIILFFAU56DA,22,24.05,共有部份,鋼筋混凝土造,83年4月1日,十層,
RPWNMLNKIILFFAU07EA,24,81.01,住家用,鋼筋混凝土造,82年1月9日,七層,七層
RPWNMLNKIILFFAU07EA,24,8.17,共有部份,鋼筋混凝土造,82年1月9日,七層,
RPWNMLNKIILFFAU07EA,24,12.77,共有部份,鋼筋混凝土造,82年1月9日,七層,
RPWNMLNKIILFFAU07EA,24,.28,商業用,鋼筋混凝土造,82年1月9日,七層,
RPWNMLNKIILFFAU07EA,24,15.02,共有部份,鋼筋混凝土造,82年1月9日,七層,
RPPNMLPJIILFFCU09CA,34,17.50,住家用,鋼筋混凝土加強磚造,71年3月27日,二層,一層 二層
RPOOMLQJIILFFAU98CA,34,106.68,住商用,鋼筋混凝土造,71年10月21日,二層,一層 二層 騎樓
RPWNMLQJIILFFAU27EA,9,210.84,住家用,鋼筋混凝土造,96年3月27日,三層,一層 二層 三層
RPUNMLQJIILFFAU86CA,21,53.41,住家用,鋼筋混凝土造,84年11月4日,十層,十層
RPUNMLQJIILFFAU86CA,21,9.61,共有部份,鋼筋混凝土造,84年11月4日,十層,
RPUNMLQJIILFFAU86CA,21,11.84,共有部份,鋼筋混凝土造,84年11月4日,十層,
RPPNMLQJIILFFAU09DA,35,358.68,住商用,鋼筋混凝土造,70年2月28日,三層,一層 二層 三層 防空避難室 屋頂突出物 騎樓
RPXNMLLMIILFFAU96CA,,215.84,住家用,鋼筋混凝土造,105年7月6日,四層,一層 二層 三層 四層
RPUOMLPJIILFFAU86CA,34,201.63,住商用,鋼筋混凝土造,71年4月23日,三層,一層 二層 三層 防空避難室 屋頂突出物 騎樓
RPQNMLNKIILFFAU88CA,18,33.71,住家用,鋼筋混凝土造,87年10月6日,五層,四層
RPQNMLNKIILFFAU88CA,18,17.53,共有部份,鋼筋混凝土造,87年10月6日,五層,
RPTNMLSKIILFFAU07CA,20,51.62,住家用,鋼筋混凝土造,85年10月5日,五層,一層
RPTNMLSKIILFFAU07CA,20,7.55,共有部份,鋼筋混凝土造,85年10月5日,五層,
RPQNMLSKIILFFAU76CA,40,103.04,住家用,鋼筋混凝土加強磚造,65年10月21日,二層,一層 二層 騎樓
RPWNMLKLIILFFAU66CA,21,67.42,住家用,鋼筋混凝土造,84年11月4日,十層,二層
RPWNMLKLIILFFAU66CA,21,10.36,共有部份,鋼筋混凝土造,84年11月4日,十層,
RPWNMLKLIILFFAU66CA,21,15.11,共有部份,鋼筋混凝土造,84年11月4日,十層,
SPSPMLTKIILFFAU37CA,23,55.35,住家用,鋼筋混凝土造,82年11月29日,五層,二層
SPSPMLTKIILFFAU37CA,23,12.48,共有部份,鋼筋混凝土造,82年11月29日,五層,
RPSPMLTKIILFFAU27CA,23,24.55,住家用,鋼筋混凝土造,82年11月29日,五層,二層
RPSPMLTKIILFFAU27CA,23,6.02,共有部份,鋼筋混凝土造,82年11月29日,五層,
RPXOMLTKIILFFAU67CA,39,173.09,住商用,鋼筋混凝土加強磚造,66年5月6日,二層,一層 二層 騎樓
RPOPMLTKIILFFAU86CA,33,84.41,住商用,鋼筋混凝土加強磚造,72年9月5日,二層,一層 二層 屋頂突出物 騎樓
RPQNMLMKIILFFAU78CA,32,74.34,住家用,鋼筋混凝土造,73年12月20日,五層,四層
RPQNMLMKIILFFAU78CA,32,3.93,共有部份,鋼筋混凝土造,73年12月20日,五層,
RPQNMLMKIILFFAU78CA,32,13.11,共有部份,鋼筋混凝土造,73年12月20日,五層,
RPRNMLQJIILFFAU56CA,21,25.43,住家用,鋼筋混凝土造,84年8月19日,十一層,十層
RPRNMLQJIILFFAU56CA,21,7.12,共有部份,鋼筋混凝土造,84年8月19日,十一層,
RPPNMLQKIILFFAU09CA,17,115.80,住家用,鋼筋混凝土造,88年4月14日,五層,一層
RPPNMLQKIILFFAU09CA,17,10.59,共有部份,鋼筋混凝土造,88年4月14日,五層,
RPRNMLRJIILFFAU66CA,46,68.04,住家用,鋼筋混凝土加強磚造,60年1月13日,二層,一層 二層
RPTPMLQJIILFFAU96CA,,273.73,農舍,鋼筋混凝土造,105年7月19日,三層,一層 二層 三層 見其他登記事項
RPPOMLLMIILFFAU88CA,21,146.83,住家用,鋼筋混凝土造,84年12月21日,三層,一層 二層 三層
RPQNMLLMIILFFCU09CA,1,236.61,住家用,鋼筋混凝土造,105年1月22日,三層,一層 二層 三層 屋頂突出物
RPQNMLNJJILFFBU98CA,40,69.89,住家用,磚造,65年10月4日,一層,一層
RPVOMLPLIILFFAU17CA,12,225.25,住家用,鋼筋混凝土造,93年7月13日,三層,一層 二層 三層
RPQOMLPLIILFFAU66CA,,358.36,住家用,鋼筋混凝土造,105年8月2日,五層,一層 二層 三層 四層 五層 屋頂突出物
RPROMLPLIILFFAU76CA,,337.66,住家用,鋼筋混凝土造,105年8月2日,五層,五層 屋頂突出物 一層 二層 三層 四層
RPUNMLLMIILFFAU66CA,40,63.97,住家用,鋼筋混凝土加強磚造,65年10月30日,一層,一層
RPQNMLRLIILFFAU76CA,20,45.58,住家用,鋼筋混凝土造,86年1月13日,七層,四層
RPQNMLRLIILFFAU76CA,20,19.09,共有部份,鋼筋混凝土造,86年1月13日,七層,
RPVNMLLMIILFFAU76CA,28,62.71,住家用,鋼筋混凝土造,77年11月25日,五層,一層
RPVNMLLMIILFFAU76CA,28,4.54,共有部份,鋼筋混凝土造,77年11月25日,五層,
RPVNMLLMIILFFAU76CA,28,69.91,住家用,鋼筋混凝土造,77年11月25日,五層,二層
RPVNMLLMIILFFAU76CA,28,4.54,共有部份,鋼筋混凝土造,77年11月25日,五層,
RPXNMLOKIILFFAU27EA,39,94.77,住商用,鋼筋混凝土加強磚造,67年1月24日,二層,一層 二層 騎樓
RPTNMLMKIILFFAU09CA,30,96.30,住家用,鋼筋混凝土造,75年4月2日,五層,三層
RPTNMLMKIILFFAU09CA,30,9.62,共有部份,鋼筋混凝土造,75年4月2日,五層,
RPTNMLMKIILFFAU09CA,30,6.45,共有部份,鋼筋混凝土造,75年4月2日,五層,
RPQNMLOKIILFFAU98CA,39,119.30,住商用,鋼筋混凝土造,67年2月17日,二層,一層 二層 騎樓
RPVNMLRJIILFFAU07CA,1,362.52,住家用,鋼筋混凝土造,104年8月31日,四層,一層 二層 三層 四層 屋頂突出物 見其他登記事項
RPPNMLPKIILFFAU98CA,29,42.05,住家用,鋼筋混凝土造,77年2月8日,六層,三層
RPPNMLPKIILFFAU98CA,29,12.48,共有部份,鋼筋混凝土造,77年2月8日,六層,
RPQNMLPKIILFFAU09CA,22,46.18,住家用,鋼筋混凝土造,83年8月11日,八層,四層
RPQNMLPKIILFFAU09CA,22,18.34,共有部份,鋼筋混凝土造,83年8月11日,八層,
RPUOMLTKIILFFAU37CA,13,176.34,住家用,鋼筋混凝土造,92年11月21日,三層,一層 二層 三層
RPRPMLTKIILFFAU17CA,23,55.89,住商用,鋼筋混凝土造,82年11月29日,五層,一層 夾層
RPRPMLTKIILFFAU17CA,23,13.90,共有部份,鋼筋混凝土造,82年11月29日,五層,
RPTPMLTKIILFFAU37CA,30,108.44,住商用,鋼筋混凝土造,75年4月2日,五層,一層 二層 騎樓
RPTPMLTKIILFFAU37CA,30,7.80,共有部份,鋼筋混凝土造,75年4月2日,五層,
RPQNMLLKIILFFAU68CA,21,215.55,住家用,鋼筋混凝土造,84年5月13日,四層,見其他登記事項 一層 二層 三層 四層
RPWNMLLMIILFFAU86CA,,198.76,住家用,鋼筋混凝土造,105年4月13日,四層,一層 二層 三層 四層
RPSOMLPLIILFFAU86CA,22,24.01,住家用,鋼筋混凝土造,83年4月14日,六層,五層
RPSOMLPLIILFFAU86CA,22,8.48,共有部份,鋼筋混凝土造,83年4月14日,六層,
RPQOMLQLIILFFAU76CA,,38.27,住家用,木造,,一層,一層
RPOPMLSKIILFFAU76CA,38,106.14,住商用,鋼筋混凝土加強磚造,67年5月26日,二層,一層 二層 騎樓
RPSNMLTKIILFFAU07CA,21,26.81,住家用,鋼筋混凝土造,84年8月25日,七層,三層
RPSNMLTKIILFFAU07CA,21,14.30,共有部份,鋼筋混凝土造,84年8月25日,七層,
RPPNMLTKIILFFAU76CA,18,112.98,住家用,鋼筋混凝土造,87年10月9日,五層,一層
RPPNMLTKIILFFAU76CA,18,15.99,共有部份,鋼筋混凝土造,87年10月9日,五層,
RPPNMLTKIILFFAU76CA,18,37.00,共有部份,鋼筋混凝土造,87年10月9日,五層,
RPPNMLTKIILFFAU76CA,18,.56,住家用,鋼筋混凝土造,87年10月9日,五層,
RPPNMLTKIILFFAU76CA,18,14.21,共有部份,鋼筋混凝土造,87年10月9日,五層,
RPPNMLTKIILFFAU76CA,18,26.59,共有部份,鋼筋混凝土造,87年10月9日,五層,
RPXNMLMKIILFFAU07EA,19,207.70,住商用,鋼骨鋼筋混凝土造,86年5月10日,三層,一層 二層 三層 見其他登記事項
RPRNMLLJJILFFAU98EA,,592.65,住家用,鋼筋混凝土造,105年6月30日,五層,一層 二層 三層 四層 五層 騎樓
RPUNMLMKIILFFAU56CA,17,95.45,住家用,鋼筋混凝土造,88年4月14日,五層,一層
RPUNMLMKIILFFAU56CA,17,6.75,共有部份,鋼筋混凝土造,88年4月14日,五層,
RPRNMLNKIILFFAU98CA,23,84.60,住家用,鋼筋混凝土造,82年6月18日,七層,二層
RPRNMLNKIILFFAU98CA,23,10.59,共有部份,鋼筋混凝土造,82年6月18日,七層,
RPRNMLNKIILFFAU98CA,23,13.13,共有部份,鋼筋混凝土造,82年6月18日,七層,
RPRNMLNKIILFFAU98CA,23,1.05,共有部份,鋼筋混凝土造,82年6月18日,七層,
RPUNMLNKIILFFAU66CA,22,66.48,住家用,鋼筋混凝土造,83年10月7日,九層,八層
RPUNMLNKIILFFAU66CA,22,24.68,共有部份,鋼筋混凝土造,83年10月7日,九層,
RPXNMLTKIILFFAU57CA,22,198.67,住家用,鋼筋混凝土造,83年10月21日,三層,一層 二層 三層 屋頂突出物
RPWNMLTKIILFFAU47CA,,268.20,住家用,鋼筋混凝土造,105年5月23日,三層,一層 二層 三層
RPQNMLTKIILFFAU86CA,21,56.70,住家用,鋼筋混凝土造,84年11月4日,十層,六層
RPQNMLTKIILFFAU86CA,21,9.32,共有部份,鋼筋混凝土造,84年11月4日,十層,
RPQNMLTKIILFFAU86CA,21,12.25,共有部份,鋼筋混凝土造,84年11月4日,十層,
RPUOMLSKIILFFAU27CA,33,81.17,住商用,鋼筋混凝土造,72年9月10日,四層,一層 二層 騎樓
RPUOMLSKIILFFAU27CA,33,7.70,共有部份,鋼筋混凝土造,72年9月10日,四層,
RPSNMLNKIILFFAU09CA,23,82.41,住家用,鋼筋混凝土造,82年9月9日,六層,五層
RPSNMLNKIILFFAU09CA,23,33.37,共有部份,鋼筋混凝土造,82年9月9日,六層,
RPPNMLOKIILFFAU88CA,22,93.72,住家用,鋼筋混凝土造,83年2月2日,七層,四層
RPPNMLOKIILFFAU88CA,,27.96,共有部份,鋼筋混凝土造,,七層,
RPPOMLSKIILFFAU76CA,13,211.05,住家用,鋼筋混凝土造,92年11月26日,三層,一層 二層 三層
RPVNMLNJJILFFAU76CA,26,131.64,住家用,鋼筋混凝土造,79年3月31日,四層,四層
RPVNMLNJJILFFAU76CA,26,8.83,共有部份,鋼筋混凝土造,79年3月31日,四層,
RPQNMLRKIILFFAU66CA,22,97.55,住家用,鋼筋混凝土造,83年9月8日,五層,五層
RPQNMLRKIILFFAU66CA,22,24.87,共有部份,鋼筋混凝土造,83年9月8日,五層,
RPROMLMKIILFFAU98CA,1,366.18,住家用,鋼筋混凝土造,104年11月18日,四層,一層 二層 三層 四層 屋頂突出物 見其他登記事項
RPRNMLRKIILFFAU76CA,17,95.45,住家用,鋼筋混凝土造,88年4月14日,五層,一層
RPRNMLRKIILFFAU76CA,17,5.82,共有部份,鋼筋混凝土造,88年4月14日,五層,
RPOPMLPLIILFFAU56CA,6,75.15,見其他登記事項,鋼筋混凝土造,100年1月21日,十二層,十一層
RPOPMLPLIILFFAU56CA,6,36.90,共有部份,鋼筋混凝土造,100年1月21日,十二層,
RPPNMLSKIILFFAU66CA,43,137.08,住家用,鋼筋混凝土加強磚造,62年7月3日,二層,一層 二層
RPPNMLRJJILFFAU56CA,21,80.29,住家用,鋼筋混凝土造,85年3月9日,七層,五層
RPPNMLRJJILFFAU56CA,21,29.74,共有部份,鋼筋混凝土造,85年3月9日,七層,
RPRNMLPLIILFFBU76CA,,89.13,住家用,見其他登記事項,,二層,一層 二層
RPQOMLOKIILFFAU66EA,32,62.75,住家用,鋼筋混凝土加強磚造,73年5月5日,一層,一層
RPWNMLRKIILFFAU37DA,22,61.39,住家用,鋼筋混凝土造,83年4月1日,十層,十層
RPWNMLRKIILFFAU37DA,22,19.70,共有部份,鋼筋混凝土造,83年4月1日,十層,
RPROMLTJJILFFAU07CA,17,113.78,住家用,鋼筋混凝土造,88年5月20日,五層,四層 五層 見其他登記事項
RPROMLTJJILFFAU07CA,17,13.40,停車空間,鋼筋混凝土造,88年5月20日,五層,
RPROMLTJJILFFAU07CA,17,25.67,共有部份,鋼筋混凝土造,88年5月20日,五層,
RPVOMLSKIILFFAU37CA,8,205.32,住家用,鋼筋混凝土造,97年3月10日,三層,一層 二層 三層
RPPOMLKLIILFFAU68CA,,123.62,住商用,鋼筋混凝土加強磚造,,二層,一層 二層 騎樓
RPPNMLRKIILFFAU56CA,23,81.21,住家用,鋼筋混凝土造,83年3月18日,七層,七層
RPPNMLRKIILFFAU56CA,23,22.04,共有部份,鋼筋混凝土造,83年3月18日,七層,
RPPNMLOKJILFFCU76EA,40,80.30,住家用,鋼筋混凝土加強磚造,65年7月1日,一層,一層
RPROMLSJJILFFAU96CA,,213.69,住家用,鋼筋混凝土造,105年3月3日,四層,一層 二層 三層 四層
RPRNMLKLIILFFAU78CA,42,101.64,住家用,鋼筋混凝土加強磚造,63年3月6日,二層,一層 二層 騎樓
RPSNMLLKJILFFAU98CA,10,252.00,住家用,鋼筋混凝土造,95年7月31日,四層,四層 騎樓 一層 二層 三層
RPVNMLRKIILFFAU17CA,39,108.90,住商用,鋼筋混凝土加強磚造,66年11月28日,二層,一層 二層 騎樓
RPXOMLSKIILFFAU57CA,22,30.19,住家用,鋼筋混凝土造,83年8月22日,五層,五層
RPXOMLSKIILFFAU57CA,22,5.09,共有部份,鋼筋混凝土造,83年8月22日,五層,
RPVNMLSKIILFFAU27CA,24,34.19,住家用,鋼筋混凝土造,81年11月5日,五層,一層
RPVNMLSKIILFFAU27CA,24,8.69,共有部份,鋼筋混凝土造,81年11月5日,五層,
RPPNMLRKIILFFBU86EA,20,163.88,住家用,鋼筋混凝土造,85年8月14日,三層,一層 二層 三層 屋頂突出物
RPQOMLSJJILFFAU86CA,,225.57,住家用,鋼筋混凝土造,105年4月19日,四層,一層 二層 三層 四層
RPUOMLPLIILFFAU07CA,38,132.00,住家用,鋼筋混凝土加強磚造,67年4月24日,二層,一層 二層 陽台
RPTOMLSJJILFFAU17CA,,213.30,住家用,鋼筋混凝土造,105年4月19日,四層,一層 二層 三層 四層
RPSOMLSJJILFFAU07CA,,227.45,住家用,鋼筋混凝土造,105年4月19日,四層,一層 二層 三層 四層
RPQNMLLKJILFFAU78CA,,226.84,住家用,鋼筋混凝土造,105年4月14日,四層,一層 二層 三層 四層
RPTOMLPLIILFFAU96CA,36,99.57,住商用,鋼筋混凝土加強磚造,69年4月21日,二層,一層 二層 騎樓
RPWOMLPLIILFFAU27CA,35,25.86,住商用,鋼筋混凝土加強磚造,70年8月28日,二層,一層 二層 騎樓
RPQOMLSKIILFFAU86CA,14,175.89,住家用,鋼筋混凝土造,91年5月17日,三層,一層 二層 三層 屋頂突出物 見其他登記事項
RPROMLTKIILFFAU07CA,36,84.48,住家用,鋼筋混凝土加強磚造,69年12月23日,二層,一層 二層
RPTOMLTKIILFFAU27CA,9,222.27,住家用,鋼筋混凝土造,96年11月6日,三層,一層 二層 三層
RPSNMLOLIILFFAU66CA,,132.03,見其他登記事項,鋼筋混凝土造,105年5月18日,六層,六層
RPSNMLOLIILFFAU66CA,,51.54,共有部份,鋼筋混凝土造,105年5月18日,六層,
RPPOMLTKIILFFAU86CA,16,109.36,住家用,鋼筋混凝土造,89年6月9日,七層,五層
RPPOMLTKIILFFAU86CA,16,56.21,共有部份,鋼筋混凝土造,89年6月9日,七層,
RPPOMLTKIILFFAU86CA,16,22.10,共有部份,鋼筋混凝土造,89年6月9日,七層,
RPTNMLNJJILFFAU56CA,21,14.18,停車空間,鋼筋混凝土造,84年9月19日,六層,
RPTNMLNJJILFFAU56CA,21,34.18,共有部份,鋼筋混凝土造,84年9月19日,六層,
RPTNMLNJJILFFAU56CA,21,69.02,住家用,鋼筋混凝土造,84年9月19日,六層,六層
RPTNMLNJJILFFAU56CA,21,.69,共有部份,鋼筋混凝土造,84年9月19日,六層,
RPTNMLOJJILFFAU66CA,19,192.33,住家用,鋼筋混凝土造,87年1月15日,三層,一層 二層 三層 屋頂突出物
RPQNMLLLIILFFAU78CA,34,112.48,住家用,鋼筋混凝土造,71年11月9日,二層,一層 二層 屋頂突出物
RPUNMLKLIILFFAU09CA,35,176.71,住家用,鋼筋混凝土加強磚造,70年12月29日,二層,一層 二層 屋頂突出物 夾層
RPQOMLTKIILFFAU96CA,37,183.88,住商用,鋼筋混凝土造,68年4月12日,三層,一層 二層 三層 屋頂突出物 騎樓
RPXNMLLLIILFFAU86CA,22,28.44,住家用,鋼筋混凝土造,83年11月15日,十二層,六層
RPXNMLLLIILFFAU86CA,22,9.02,共有部份,鋼筋混凝土造,83年11月15日,十二層,
RPXNMLLLIILFFAU86CA,22,4.77,共有部份,鋼筋混凝土造,83年11月15日,十二層,
RPOOMLLLIILFFAU68CA,27,34.85,住家用,鋼筋混凝土造,78年11月4日,六層,五層
RPOOMLLLIILFFAU68CA,27,9.92,共有部份,鋼筋混凝土造,78年11月4日,六層,
RPXNMLKLIILFFAU76CA,23,74.56,住家用,鋼筋混凝土造,82年6月18日,六層,六層
RPXNMLKLIILFFAU76CA,23,34.40,共有部份,鋼筋混凝土造,82年6月18日,六層,
RPVOMLTKIILFFAU47CA,19,113.16,住家用,鋼筋混凝土造,87年3月9日,四層,三層 四層
RPVOMLTKIILFFAU47CA,19,8.97,共有部份,鋼筋混凝土造,87年3月9日,五層,
RPVOMLTKIILFFAU47CA,19,13.26,共有部份,鋼筋混凝土造,87年3月9日,四層,
RPPNMLPJJILFFAU98CA,37,100.84,住家用,鋼筋混凝土加強磚造,68年7月3日,二層,一層 二層
RPSNMLOJJILFFAU56CA,19,203.58,住家用,鋼筋混凝土造,86年10月17日,四層,四層 一層 二層 三層
RPSNMLRLIILFFAU96CA,37,61.74,住家用,鋼筋混凝土加強磚造,68年4月6日,二層,一層 二層
RPVNMLOLIILFFAU96CA,19,67.23,住家用,鋼筋混凝土造,86年8月27日,九層,四層 五層
RPVNMLOLIILFFAU96CA,19,10.76,共有部份,鋼筋混凝土造,86年8月27日,九層,
RPVNMLOLIILFFAU96CA,19,8.82,共有部份,鋼筋混凝土造,86年8月27日,九層,
RPVNMLOLIILFFAU96CA,19,3.04,共有部份,鋼筋混凝土造,86年8月27日,九層,
RPPNMLOLIILFFBU09CA,38,77.24,住家用,鋼筋混凝土造,67年6月30日,二層,一層 二層
RPRNMLLLIILFFAU88CA,23,86.61,住家用,鋼筋混凝土造,82年12月20日,六層,三層
RPRNMLLLIILFFAU88CA,23,25.41,共有部份,鋼筋混凝土造,82年12月20日,六層,
RPQNMLLMIILFFAU88CA,21,195.05,住商用,鋼筋混凝土造,84年12月27日,四層,一層 二層 三層 四層
RPQNMLLMIILFFAU88CA,21,75.60,見其他登記事項,鋼筋混凝土造,84年12月27日,四層,
RPQPMLTKIILFFAU07CA,24,57.77,住家用,鋼筋混凝土造,81年11月17日,六層,六層
RPQPMLTKIILFFAU07CA,24,11.48,停車空間,鋼筋混凝土造,81年11月17日,六層,
RPQPMLTKIILFFAU07CA,24,12.15,共有部份,鋼筋混凝土造,81年11月17日,六層,
RPPOMLLLIILFFAU78CA,5,173.86,見其他登記事項,鋼筋混凝土造,100年12月29日,三層,一層 二層 三層 屋頂突出物
RPPNMLTLIILFFAU86CA,23,102.38,住家用,鋼筋混凝土造,83年4月1日,十層,十層
RPPNMLTLIILFFAU86CA,23,25.78,共有部份,鋼筋混凝土造,83年4月1日,十層,
RPQOMLSKJILFFAU96CA,71,72.52,住家用,見其他登記事項,,一層,一層 騎樓
RPPNMLPKJILFFAU09CA,25,47.74,商業用,鋼筋混凝土造,81年1月21日,六層,一層
RPPNMLPKJILFFAU09CA,25,23.28,共有部份,鋼筋混凝土造,81年1月21日,六層,
RPXOMLPLIILFFAU37CA,22,23.46,住家用,鋼筋混凝土造,83年11月15日,十二層,十二層
RPXOMLPLIILFFAU37CA,22,5.95,共有部份,鋼筋混凝土造,83年11月15日,十二層,
RPXOMLPLIILFFAU37CA,22,6.14,共有部份,鋼筋混凝土造,83年11月15日,十二層,
RPPOMLOLIILFFAU09CA,,275.23,農舍,見其他登記事項,105年5月19日,三層,一層 二層 三層 屋頂突出物
RPUNMLNJJILFFAU66CA,9,380.34,住家用,鋼筋混凝土造,96年11月13日,四層,一層 二層 三層 四層 騎樓 見其他登記事項
RPSNMLOLIILFFAU86EA,4,222.98,住家用,鋼筋混凝土造,101年5月18日,三層,屋頂突出物 一層 二層 三層
RPSNMLLMIILFFAU66EA,30,65.42,住家用,鋼筋混凝土造,75年3月18日,五層,四層
RPSNMLLMIILFFAU66EA,30,10.07,共有部份,鋼筋混凝土造,75年3月18日,五層,
RPOPMLKKJILFFAU68CA,23,48.65,住家用,鋼筋混凝土造,83年3月26日,六層,三層
RPOPMLKKJILFFAU68CA,23,26.74,共有部份,鋼筋混凝土造,83年3月26日,六層,
RPVOMLSJJILFFAU37CA,18,192.57,住家用,鋼筋混凝土造,87年5月15日,四層,一層 二層 三層 四層
RPSOMLOLIILFFAU76CA,2,212.13,住家用,鋼筋混凝土造,103年11月27日,四層,一層 二層 三層 四層
RPSNMLQLIILFFAU86CA,1,256.84,住家用,鋼筋混凝土造,104年4月22日,三層,一層 二層 三層 屋頂突出物
RPRNMLTLIILFFAU07CA,,219.21,農舍,鋼筋混凝土造,105年7月21日,三層,一層 二層 三層 見其他登記事項
RPQNMLPKJILFFAU56CA,21,77.44,住家用,鋼筋混凝土造,85年1月23日,七層,三層
RPQNMLPKJILFFAU56CA,21,38.05,共有部份,鋼筋混凝土造,85年1月23日,七層,
RPQNMLPLIILFFBU66CA,37,115.43,住商用,鋼筋混凝土加強磚造,68年3月27日,二層,一層 二層 騎樓
RPOPMLLMIILFFAU88CA,13,204.47,住家用,鋼筋混凝土造,92年6月3日,三層,一層 二層 三層 屋頂突出物
RPQNMLQLIILFFAU66CA,9,178.84,住家用,鋼筋混凝土造,96年8月2日,四層,一層 二層 三層 四層 騎樓
RPPNMLPLIILFFCU66CA,31,124.16,住商用,鋼筋混凝土加強磚造,74年12月7日,二層,二層 一層
RPPOMLPLIILFFAU56CA,24,85.99,住家用,鋼筋混凝土造,81年4月22日,五層,一層
RPPOMLPLIILFFAU56CA,24,15.71,共有部份,鋼筋混凝土造,81年4月22日,五層,
RPWOMLSJJILFFAU47CA,28,111.81,住商用,鋼筋混凝土造,77年9月14日,二層,一層 二層 屋頂突出物 騎樓
RPQNMLLJJILFFAU68CA,14,126.12,住家用,鋼筋混凝土造,91年12月2日,十四層,四層
RPQNMLLJJILFFAU68CA,14,73.42,共有部份,鋼筋混凝土造,91年12月2日,十四層,
RPPNMLLMIILFFAU78CA,21,105.33,見其他登記事項,鋼筋混凝土造,84年4月17日,六層,四層
RPPNMLLMIILFFAU78CA,21,19.99,共有部份,鋼筋混凝土造,84年4月17日,六層,
RPPNMLLMIILFFAU78CA,21,13.26,共有部份,鋼筋混凝土造,84年4月17日,六層,
RPWOMLTJJILFFAU57CA,28,69.91,住家用,鋼筋混凝土造,77年11月25日,五層,三層
RPWOMLTJJILFFAU57CA,28,4.54,共有部份,鋼筋混凝土造,77年11月25日,五層,
RPUNMLPLIILFFAU96CA,1,315.55,住家用,鋼筋混凝土造,104年7月28日,四層,一層 二層 三層 四層
RPPNMLTJJILFFAU76CA,12,330.49,住家用,鋼筋混凝土造,93年5月17日,三層,一層 二層 三層 屋頂突出物 見其他登記事項
RPPPMLSJJILFFAU86CA,,389.76,農舍,鋼筋混凝土造,105年6月27日,四層,一層 二層 三層 四層 見其他登記事項
RPOOMLNJJILFFAU78CA,24,79.72,住家用,鋼筋混凝土造,81年5月23日,五層,三層
RPOOMLNJJILFFAU78CA,24,9.78,共有部份,鋼筋混凝土造,81年5月23日,五層,
RPXNMLOJJILFFAU07CA,,219.38,住家用,鋼筋混凝土造,105年4月14日,四層,一層 二層 三層 四層
RPWNMLQLIILFFAU47EA,22,109.50,住家用,鋼筋混凝土造,83年7月5日,五層,四層
RPWNMLQLIILFFAU47EA,22,49.27,共有部份,鋼筋混凝土造,83年7月5日,五層,
RPPNMLPLIILFFBU76EA,8,212.21,住家用,鋼筋混凝土造,97年5月13日,三層,一層 二層 三層 騎樓
RPRPMLSJJILFFAU07CA,16,83.05,住家用,鋼筋混凝土造,89年8月7日,十五層,五層
RPRPMLSJJILFFAU07CA,16,21.38,共有部份,鋼筋混凝土造,89年8月7日,十五層,
RPRPMLSJJILFFAU07CA,16,.72,共有部份,鋼筋混凝土造,89年8月7日,十五層,
RPRPMLSJJILFFAU07CA,16,16.01,共有部份,鋼筋混凝土造,89年8月7日,十五層,
RPTNMLRLIILFFAU07CA,33,121.32,住商用,鋼筋混凝土加強磚造,72年10月28日,二層,一層 二層 騎樓
RPWNMLQLIILFFAU27CA,36,62.91,住家用,鋼筋混凝土造,69年10月8日,四層,四層
RPWNMLQLIILFFAU27CA,36,5.53,共有部份,鋼筋混凝土造,69年10月27日,四層,
RPVNMLQLIILFFAU17CA,12,231.33,住家用,鋼筋混凝土造,93年9月7日,三層,一層 二層 三層
RPSNMLKKJILFFAU88CA,38,32.12,住家用,鋼筋混凝土加強磚造,67年11月21日,一層,一層 屋頂突出物
RPXNMLRLIILFFAU47CA,14,106.35,住家用,鋼筋混凝土造,91年12月2日,十三層,十層
RPXNMLRLIILFFAU47CA,14,60.91,共有部份,鋼筋混凝土造,91年12月2日,十三層,
RPRNMLKMIILFFAU88CA,23,97.66,住商用,鋼筋混凝土造,82年11月29日,五層,一層 夾層
RPRNMLKMIILFFAU88CA,23,23.23,共有部份,鋼筋混凝土造,82年11月29日,五層,
RPQNMLKMIILFFAU78CA,23,72.06,住商用,鋼筋混凝土造,82年11月29日,五層,一層 夾層
RPQNMLKMIILFFAU78CA,23,18.23,共有部份,鋼筋混凝土造,82年11月29日,五層,
RPVNMLMJJILFFAU66CA,22,93.41,住家用,鋼筋混凝土造,84年1月28日,五層,四層
RPVNMLMJJILFFAU66CA,22,21.70,共有部份,鋼筋混凝土造,84年1月28日,五層,
RPPPMLLMIILFFAU98CA,23,80.97,住家用,鋼筋混凝土造,82年4月12日,六層,二層
RPPPMLLMIILFFAU98CA,23,16.74,停車空間,鋼筋混凝土造,82年4月12日,六層,
RPPPMLLMIILFFAU98CA,23,14.11,共有部份,鋼筋混凝土造,82年4月12日,六層,
RPRNMLQLIILFFCU96CA,38,189.36,住商用,鋼筋混凝土造,68年3月5日,三層,一層 二層 三層 騎樓
RPQNMLRLIILFFBU86CA,,183.96,住家用,鋼筋混凝土造,105年6月16日,二層,一層 二層
RPQNMLRLIILFFCU96CA,35,66.12,住家用,見其他登記事項,70年8月31日,一層,一層
RPTNMLLMIILFFAU56CA,1,232.86,住家用,鋼筋混凝土造,104年11月24日,三層,三層 屋頂突出物 一層 二層
RPRNMLRLIILFFAU86CA,21,70.36,住商用,鋼筋混凝土造,84年11月4日,十一層,一層
RPRNMLRLIILFFAU86CA,21,10.30,共有部份,鋼筋混凝土造,84年11月4日,十一層,
RPRNMLRLIILFFAU86CA,21,15.52,共有部份,鋼筋混凝土造,84年11月4日,十層,
RPOOMLLJJILFFAU58CA,29,119.06,住家用,鋼筋混凝土造,76年9月10日,三層,一層 二層 三層 屋頂突出物 騎樓
RPSOMLLMIILFFAU56CA,27,50.55,住家用,鋼筋混凝土造,78年6月30日,十層,六層
RPSOMLLMIILFFAU56CA,29,.94,共有部份,鋼筋混凝土造,76年6月30日,十層,
RPVNMLOJJILFFAU86CA,38,94.36,住商用,鋼筋混凝土加強磚造,68年1月8日,二層,一層 二層 騎樓
RPPNMLKMIILFFAU68CA,36,40.80,住家用,鋼筋混凝土加強磚造,69年12月23日,二層,一層 二層
RPRNMLOJJILFFAU09CA,28,19.68,住家用,磚造,77年8月24日,一層,一層
RPUOMLLMIILFFAU76CA,30,135.48,住家用,鋼筋混凝土造,75年4月19日,五層,四層 五層
RPUOMLLMIILFFAU76CA,30,34.69,共有部份,鋼筋混凝土造,75年4月19日,五層,
RPTNMLSLIILFFAU17CA,35,47.85,住家用,鋼筋混凝土造,70年12月4日,五層,二層
RPTNMLSLIILFFAU17CA,35,9.39,共有部份,鋼筋混凝土造,70年12月4日,五層,
RPTNMLSLIILFFAU17CA,35,1.18,共有部份,鋼筋混凝土造,70年12月4日,,
RPQOMLLKJILFFAU88CA,1,389.98,農舍,鋼筋混凝土造,105年1月7日,三層,一層 二層 三層 屋頂突出物 見其他登記事項
RPVNMLMLJILFFAU86CA,18,256.85,住家用,鋼筋混凝土造,87年5月7日,四層,一層 二層 三層 四層 屋頂突出物 停車場
RPXOMLLMIILFFAU07CA,26,210.95,住家用,鋼筋混凝土造,80年3月7日,三層,一層 二層 三層 夾層
RPQOMLLMIILFFAU98CA,21,61.71,住家用,鋼筋混凝土造,85年2月5日,十二層,七層
RPQOMLLMIILFFAU98CA,21,9.56,共有部份,鋼筋混凝土造,85年2月5日,十二層,
RPQOMLLMIILFFAU98CA,21,8.84,共有部份,鋼筋混凝土造,85年2月5日,十二層,
RPVNMLLJJILFFAU56CA,1,362.66,住家用,鋼筋混凝土造,104年5月18日,四層,一層 二層 三層 四層 屋頂突出物 見其他登記事項
RPWNMLMLJILFFAU96CA,23,26.75,住家用,鋼筋混凝土造,82年12月15日,六層,二層
RPWNMLMLJILFFAU96CA,23,4.08,共有部份,鋼筋混凝土造,82年12月15日,七層,
RPWNMLMLJILFFAU96CA,23,6.45,共有部份,,82年12月15日,六層,
RPQNMLMJJILFFAU78CA,24,67.61,商業用,鋼筋混凝土造,81年12月17日,六層,三層
RPQNMLMJJILFFAU78CA,24,28.09,共有部份,鋼筋混凝土造,81年12月17日,六層,
RPVNMLOKJILFFAU96CA,22,19.33,住家用,鋼筋混凝土造,83年11月15日,十二層,三層
RPVNMLOKJILFFAU96CA,22,6.12,共有部份,鋼筋混凝土造,83年11月15日,十二層,
RPVNMLOKJILFFAU96CA,22,3.18,共有部份,鋼筋混凝土造,83年11月15日,十二層,
RPTOMLKKJILFFAU09CA,47,114.48,住家用,鋼筋混凝土加強磚造,58年10月28日,二層,一層 二層 騎樓
RPUNMLOKJILFFAU86CA,,159.48,農舍,鋼筋混凝土造,105年4月26日,三層,一層 二層 三層
RPRNMLTLJILFFAU17CA,36,177.79,住商用,鋼筋混凝土造,69年6月23日,三層,一層 二層 三層 騎樓
RPQNMLNJJILFFAU88CA,6,217.05,住家用,鋼筋混凝土造,99年8月25日,三層,一層 二層 三層
RPPNMLNJJILFFAU78CA,20,83.70,住家用,鋼筋混凝土造,85年10月29日,十六層,八層
RPPNMLNJJILFFAU78CA,20,14.93,共有部份,鋼筋混凝土造,85年10月29日,十六層,
RPPNMLNJJILFFAU78CA,20,7.23,停車空間,鋼筋混凝土造,85年10月29日,十六層,
RPPNMLNJJILFFAU78CA,20,23.40,共有部份,鋼筋混凝土造,85年10月29日,十六層,
RPVOMLTJJILFFAU47CA,40,96.00,住家用,鋼筋混凝土加強磚造,65年6月9日,二層,一層 二層 騎樓
RPUOMLTJJILFFAU37CA,23,27.32,住家用,鋼筋混凝土造,82年8月2日,七層,五層
RPUOMLTJJILFFAU37CA,23,8.46,共有部份,鋼筋混凝土造,82年8月2日,七層,
RPOOMLOJJILFFAU88CA,25,182.46,住家用,鋼筋混凝土造,80年12月31日,三層,一層 二層 三層
RPPNMLOKJILFFAU98CA,17,113.78,住家用,鋼筋混凝土造,88年5月20日,四層,三層 四層 見其他登記事項
RPPNMLOKJILFFAU98CA,17,18.77,共有部份,鋼筋混凝土造,88年5月20日,四層,
RPPNMLOKJILFFAU98CA,17,14.25,停車空間,鋼筋混凝土造,88年5月20日,四層,
RPPNMLOKJILFFAU98CA,17,21.05,共有部份,鋼筋混凝土造,88年5月20日,四層,
RPUNMLMJJILFFAU56CA,17,95.45,住家用,鋼筋混凝土造,88年4月14日,五層,四層
RPUNMLMJJILFFAU56CA,17,10.45,共有部份,鋼筋混凝土造,88年4月14日,五層,
RPUNMLMJJILFFAU56CA,17,6.75,共有部份,鋼筋混凝土造,88年4月14日,五層,
RPPOMLLJJILFFAU68CA,21,168.51,住家用,鋼筋混凝土造,84年8月2日,三層,二層 三層 一層
RPQNMLLLJILFFAU88CA,36,88.13,住商用,鋼筋混凝土加強磚造,69年5月13日,二層,二層 騎樓 一層
RPPNMLQJJILFFAU09CA,32,78.17,住家用,鋼筋混凝土造,73年6月25日,五層,二層
RPPNMLQJJILFFAU09CA,32,5.70,共有部份,鋼筋混凝土造,73年6月25日,五層,
RPPNMLQJJILFFAU09CA,32,7.70,共有部份,鋼筋混凝土造,73年6月25日,五層,
RPROMLSLJILFFAU17CA,19,202.27,住家用,鋼筋混凝土造,86年9月8日,四層,一層 二層 三層 四層
