﻿編號,車位類別,車位價格,車位面積平方公尺
Serial number,berth category,berth price,berth area square meter
RPVNMLLKQHLFFAW47CA,坡道機械,0,9.94
RPVNMLLKQHLFFAW47CA,坡道機械,0,9.94
RPPNMLSKQHLFFAW67DA,坡道平面,0,
SPUNMLLLRHLFFAW67CA,坡道平面,0,15.17
RPVNMLMKRHLFFAW67CA,一樓平面,0,21.00
RPVNMLKMRHLFFAW67CA,坡道平面,0,15.32
RPWNMLKMRHLFFAW77CA,坡道平面,0,13.19
RPWNMLMKIILFFAW96CA,坡道平面,0,28.69
RPWNMLMKIILFFAW96CA,坡道平面,0,28.69
RPXNMLNJJILFFAW17CA,坡道平面,600000,32.40
