﻿鄉鎮市區,交易標的,土地區段位置建物區段門牌,土地移轉總面積平方公尺,都市土地使用分區,非都市土地使用分區,非都市土地使用編定,交易年月日,交易筆棟數,移轉層次,總樓層數,建物型態,主要用途,主要建材,建築完成年月,建物移轉總面積平方公尺,建物現況格局-房,建物現況格局-廳,建物現況格局-衛,建物現況格局-隔間,有無管理組織,總價元,單價元平方公尺,車位類別,車位移轉總面積平方公尺,車位總價元,備註,編號
The villages and towns urban district,transaction sign,land sector position building sector house number plate,land shifting total area square meter,the use zoning or compiles and checks,the non-metropolis land use district,non-metropolis land use,transaction year month and day,transaction pen number,shifting level,total floor number,building state,main use,main building materials,construction to complete the years,building shifting total area,Building present situation pattern - room,building present situation pattern - hall,building present situation pattern - health,building present situation pattern - compartmented,Whether there is manages the organization,total price NTD,the unit price (NTD / square meter),the berth category,berth shifting total area square meter,the berth total price NTD,the note,serial number
馬公市,土地,六合段421~450地號,60.96,,一般農業區,農牧用地,1050724,土地1建物0車位0,,,其他,,,,0.0,0,0,0,有,無,1550000,25427,,0.0,0,,RPWNMLMJQHLFFAX67CA
湖西鄉,土地,沙港東段361~390地號,331.77,,一般農業區,農牧用地,1050725,土地2建物0車位0,,,其他,,,,0.0,0,0,0,有,無,900000,2713,,0.0,0,,RPWNMLSJQHLFFAX28CA
白沙鄉,土地,城前新段31~60地號,440.91,,鄉村區,乙種建築用地,1050720,土地4建物0車位0,,,其他,,,,0.0,0,0,0,有,無,855000,1939,,0.0,0,,RPPNMLOJQHLFFAX17CA
湖西鄉,房地(土地+建物),澎湖縣湖西鄉隘門61~90號,111.81,,鄉村區,乙種建築用地,1050717,土地1建物1車位0,全,四層,透天厝,住家用,鋼筋混凝土造,0830409,227.78,6,2,5,有,無,4000000,17561,,0.0,0,,RPQNMLSJQHLFFAX67CA
馬公市,土地,文東段961~990地號,670.3,,一般農業區,農牧用地,1050722,土地2建物0車位0,,,其他,,,,0.0,0,0,0,有,無,7491226,11176,,0.0,0,含整地及相關費用,RPQNMLQLQHLFFAX67CA
馬公市,土地,五福段511~540地號,239.18,,一般農業區,農牧用地,1050714,土地1建物0車位0,,,其他,,,,0.0,0,0,0,有,無,6330000,26465,,0.0,0,,RPPNMLSLQHLFFAX87DA
馬公市,土地,光榮段661~690地號,3.78,住,,,1050722,土地1建物0車位0,,,其他,,,,0.0,0,0,0,有,無,239425,63340,,0.0,0,向政府機關承購之案件。,RPRNMLPJQHLFFAX57DA
馬公市,土地,馬公段691~720地號,104.0,商,,,1050722,土地1建物0車位0,,,其他,,,,0.0,0,0,0,有,無,10400000,100000,,0.0,0,向政府機關承購之案件。,RPSNMLPJQHLFFAX67DA
七美鄉,土地,大嶼段4411~4440地號,1038.42,,一般農業區,農牧用地,1050630,土地3建物0車位0,,,其他,,,,0.0,0,0,0,有,無,2333000,2247,,0.0,0,向政府機關承購之案件。,RPWNMLNJQHLFFAX87DA
湖西鄉,土地,成功南段1051~1080地號,6.44,,,,1050701,土地1建物0車位0,,,其他,,,,0.0,0,0,0,有,無,48700,7562,,0.0,0,,RPQNMLKKQHLFFAX96CA
馬公市,土地,北澳段1~30地號,1426.0,,一般農業區,農牧用地,1050728,土地1建物0車位0,,,其他,,,,0.0,0,0,0,有,無,71200000,49930,,0.0,0,權利人數：8人變更起造人，含未來興建房屋之費用。,RPQNMLMKQHLFFAX17CA
馬公市,土地,埕西段421~450地號,68.88,住,,,1050715,土地2建物0車位0,,,其他,,,,0.0,0,0,0,有,無,7719382,112070,,0.0,0,,RPPNMLPJQHLFFAX37DA
西嶼鄉,土地,竹篙灣段3661~3690地號,8117.5,,一般農業區,農牧用地,1050727,土地3建物0車位0,,,其他,,,,0.0,0,0,0,有,無,10000000,1232,,0.0,0,,RPRNMLQLQHLFFAX87DA
馬公市,土地,中衛段1411~1440地號,2051.1,,一般農業區,農牧用地,1050719,土地1建物0車位0,,,其他,,,,0.0,0,0,0,有,無,42500000,20721,,0.0,0,權利人等9人，農變建專案核准含9戶未興建房屋之費用。,RPTNMLTLQHLFFAX38DA
湖西鄉,土地,成功南段1261~1290地號,327.78,,一般農業區,農牧用地,1050728,土地1建物0車位0,,,其他,,,,0.0,0,0,0,有,無,3900000,11898,,0.0,0,,RPPNMLLMQHLFFAX27DA
馬公市,土地,四維段1081~1110地號,548.27,,一般農業區,農牧用地,1030330,土地1建物0車位0,,,其他,,,,0.0,0,0,0,有,無,1330000,2426,,0.0,0,,RPTNMLMKQHLFFAX47CA
馬公市,土地,國宅段241~270地號,1096.22,,一般農業區,農牧用地,1050728,土地1建物0車位0,,,其他,,,,0.0,0,0,0,有,無,6000000,5473,,0.0,0,,RPPNMLMKQHLFFAX07CA
馬公市,土地,文東段751~780地號,15.62,,鄉村區,乙種建築用地,1050802,土地1建物0車位0,,,其他,,,,0.0,0,0,0,有,無,120000,7682,,0.0,0,畸零地或有合併使用之交易。,RPPNMLKKQHLFFAX86CA
馬公市,土地,鎖港南段361~390地號,140.7,,一般農業區,農牧用地,1050801,土地3建物0車位0,,,其他,,,,0.0,0,0,0,有,無,845000,6006,,0.0,0,,RPSNMLNLQHLFFAX57CA
馬公市,房地(土地+建物)+車位,澎湖縣馬公巿貿商街121~150號,28.04,住,,,1050717,土地1建物1車位1,十二層,十二層,住宅大樓(11層含以上有電梯),見其他登記事項,鋼筋混凝土造,0950629,188.66,3,1,2,有,有,4370000,23163,坡道平面,0.0,0,,RPPNMLPLQHLFFAX57DA
白沙鄉,土地,赤崁西段1171~1200地號,800.92,,一般農業區,農牧用地,1050623,土地1建物0車位0,,,其他,,,,0.0,0,0,0,有,無,3800000,4745,,0.0,0,,RPPNMLRKQHLFFAX67DA
白沙鄉,土地,中屯新421~450地號,987.38,,一般農業區,農牧用地,1050803,土地1建物0車位0,,,其他,,,,0.0,0,0,0,有,無,1800000,1823,,0.0,0,,RPUNMLMKQHLFFAX67DA
湖西鄉,土地,隘門新段991~1020地號,690.13,,一般農業區,農牧用地,1050706,土地1建物0車位0,,,其他,,,,0.0,0,0,0,有,無,2700000,3912,,0.0,0,,RPXNMLKKQHLFFAX67CA
馬公市,土地,文寮段481~510地號,830.16,,一般農業區,農牧用地,1050802,土地1建物0車位0,,,其他,,,,0.0,0,0,0,有,無,3012000,3628,,0.0,0,親友、員工或其他特殊關係間之交易。,RPRNMLLKQHLFFAX17CA
西嶼鄉,土地,緝馬灣段31~60地號,156.33,,一般農業區,農牧用地,1050707,土地9建物0車位0,,,其他,,,,0.0,0,0,0,有,無,500000,3198,,0.0,0,,RPPNMLNKQHLFFAX17CA
七美鄉,土地,大嶼段3991~4020地號,160.0,,鄉村區,乙種建築用地,1050730,土地1建物0車位0,,,其他,,,,0.0,0,0,0,有,無,150000,938,,0.0,0,該筆土地上有他人所蓋之未保存建物,RPSNMLTLQHLFFAX18CA
馬公市,土地,山水南段211~240地號,342.73,,一般農業區,農牧用地,1050623,土地1建物0車位0,,,其他,,,,0.0,0,0,0,有,無,3200000,9337,,0.0,0,,RPPNMLMJRHLFFAX07CA
馬公市,土地,文石段361~390地號,810.3,,鄉村區,乙種建築用地,1050805,土地2建物0車位0,,,其他,,,,0.0,0,0,0,有,無,28000000,34555,,0.0,0,,RPRNMLMKQHLFFAX37DA
望安鄉,土地,水垵段1171~1200地號,70.0,,鄉村區,乙種建築用地,1050711,土地1建物0車位0,,,其他,,,,0.0,0,0,0,有,無,129555,1851,,0.0,0,,RPPNMLMLQHLFFAX27DA
馬公市,土地,埕東段301~330地號,13.88,其他,,,1050701,土地1建物0車位0,,,其他,,,,0.0,0,0,0,有,無,134065,9659,,0.0,0,包含公共設施保留地之交易。協議價購,RPPNMLQKRHLFFAX77EA
馬公市,土地,埕東段301~330地號,13.88,其他,,,1050701,土地1建物0車位0,,,其他,,,,0.0,0,0,0,有,無,134065,9659,,0.0,0,包含公共設施保留地之交易。協議價購,RPRNMLQKRHLFFAX97EA
馬公市,土地,烏崁新段1501~1530地號,12.46,,鄉村區,乙種建築用地,1050722,土地1建物0車位0,,,其他,,,,0.0,0,0,0,有,無,85476,6860,,0.0,0,向政府機關承購之案件。,RPVNMLMKQHLFFAX87EA
望安鄉,土地,水垵段1171~1200地號,70.0,,鄉村區,乙種建築用地,1050711,土地1建物0車位0,,,其他,,,,0.0,0,0,0,有,無,129556,1851,,0.0,0,,RPQNMLMLQHLFFAX37DA
望安鄉,土地,水垵段1171~1200地號,70.0,,鄉村區,乙種建築用地,1050711,土地1建物0車位0,,,其他,,,,0.0,0,0,0,有,無,129555,1851,,0.0,0,向政府機關承購之案件。,RPRNMLMLQHLFFAX47DA
湖西鄉,土地,白坑段421~450地號,699.17,,一般農業區,農牧用地,1050801,土地1建物0車位0,,,其他,,,,0.0,0,0,0,有,無,300000,429,,0.0,0,,RPWNMLMKQHLFFAX87DA
馬公市,土地,埕東段301~330地號,13.88,其他,,,1050701,土地1建物0車位0,,,其他,,,,0.0,0,0,0,有,無,134065,9659,,0.0,0,,RPPOMLQJRHLFFAX67DA
馬公市,房地(土地+建物),澎湖縣馬公巿中正路71巷7弄1~30號,59.0,商,,,1050803,土地1建物1車位0,全,一層,透天厝,住家用,見其他登記事項,0510508,40.71,1,1,1,有,無,2000000,49128,,0.0,0,,RPTNMLPLQHLFFAX87CA
湖西鄉,土地,青螺新段1081~1110地號,307.96,,鄉村區,乙種建築用地,1050801,土地1建物0車位0,,,其他,,,,0.0,0,0,0,有,無,1500000,4871,,0.0,0,,RPPNMLQKQHLFFAX47CA
白沙鄉,房地(土地+建物),澎湖縣白沙鄉吉貝181~210號,147.25,,一般農業區,甲種建築用地,1050801,土地2建物1車位0,全,三層,透天厝,住家用,鋼筋混凝土造,0930210,171.05,4,1,5,有,無,4380000,25607,,0.0,0,,RPOOMLMKQHLFFAX07CA
馬公市,房地(土地+建物),澎湖縣馬公巿自強街1~30號,61.43,住,,,1050622,土地3建物1車位0,全,三層,透天厝,住商用,鋼筋混凝土造,0720125,144.52,4,2,3,有,無,8800000,60891,,0.0,0,,RPQNMLTKQHLFFAX87CA
西嶼鄉,土地,大池角段781~810地號,279.0,,一般農業區,甲種建築用地,1050812,土地1建物0車位0,,,其他,,,,0.0,0,0,0,有,無,959760,3440,,0.0,0,向政府機關承購之案件。,RPPNMLPJRHLFFAX37CA
馬公市,土地,五福段751~780地號,226.15,,一般農業區,甲種建築用地,1050804,土地2建物0車位0,,,其他,,,,0.0,0,0,0,有,無,8950000,39576,,0.0,0,"此為起造人變更之案件,含未來興建房屋價款",RPVNMLTJRHLFFAX38CA
湖西鄉,房地(土地+建物),澎湖縣湖西鄉北寮村1~30號,16.36,,鄉村區,乙種建築用地,1050727,土地1建物1車位0,全,三層,透天厝,住家用,鋼筋混凝土造,0780831,28.79,4,1,2,有,無,500000,17367,,0.0,0,親友、員工或其他特殊關係間之交易。,RPPNMLPKQHLFFAX47DA
馬公市,土地,興仁段691~720地號,103.31,,一般農業區,農牧用地,1050809,土地1建物0車位0,,,其他,,,,0.0,0,0,0,有,無,144634,1400,,0.0,0,,RPXNMLMKQHLFFAX08EA
馬公市,土地,埕東段301~330地號,27.76,其他,,,1050701,土地1建物0車位0,,,其他,,,,0.0,0,0,0,有,無,268129,9659,,0.0,0,包含公共設施保留地之交易。協議價購,RPSNMLQKRHLFFAX08EA
馬公市,土地,埕東段301~330地號,13.88,其他,,,1050701,土地1建物0車位0,,,其他,,,,0.0,0,0,0,有,無,134065,9659,,0.0,0,包含公共設施保留地之交易。協議價購,RPTNMLQKRHLFFAX18EA
馬公市,土地,埕東段301~330地號,13.88,其他,,,1050701,土地1建物0車位0,,,其他,,,,0.0,0,0,0,有,無,134065,9659,,0.0,0,包含公共設施保留地之交易。協議價購,RPUNMLQKRHLFFAX28EA
馬公市,土地,四維段571~600地號,1811.06,,一般農業區,農牧用地,1050809,土地1建物0車位0,,,其他,,,,0.0,0,0,0,有,無,21250000,11733,,0.0,0,,RPVOMLTJRHLFFAX48CA
馬公市,房地(土地+建物),澎湖縣馬公巿東文澳91~120號,90.49,,鄉村區,乙種建築用地,1050705,土地1建物1車位0,全,三層,透天厝,住家用,鋼筋混凝土加強磚造,0741120,159.98,6,3,2,有,無,5000000,31254,,0.0,0,,RPSNMLSKQHLFFAX97CA
馬公市,房地(土地+建物),澎湖縣馬公巿林森路100巷1~30號,100.61,住,,,1050728,土地1建物1車位0,全,二層,透天厝,住家用,鋼筋混凝土加強磚造,0740725,113.48,4,2,3,有,無,5780000,50934,,0.0,0,,RPTNMLSKQHLFFAX08CA
馬公市,土地,案山段811~840地號,1180.33,住,,,1050720,土地3建物0車位0,,,其他,,,,0.0,0,0,0,有,無,23200000,19656,,0.0,0,,RPVNMLNLQHLFFAX87CA
馬公市,土地,雙湖段1081~1110地號,974.07,,一般農業區,農牧用地,1050809,土地1建物0車位0,,,其他,,,,0.0,0,0,0,有,無,37370000,38365,,0.0,0,"權利人為4人,含未來興建4戶房屋價款",RPUOMLTJRHLFFAX38CA
馬公市,房地(土地+建物),澎湖縣馬公巿東衛1~30號,175.99,,一般農業區,甲種建築用地,1050727,土地2建物1車位0,全,三層,透天厝,住家用,鋼筋混凝土造,1020422,264.63,7,1,8,有,無,14300000,54038,,0.0,0,,RPQOMLQJRHLFFAX67CA
馬公市,土地,井垵西段961~990地號,1318.02,,一般農業區,農牧用地,1050805,土地2建物0車位0,,,其他,,,,0.0,0,0,0,有,無,1990000,1510,,0.0,0,,RPTNMLQKQHLFFAX97DA
湖西鄉,土地,沙港南段211~240地號,617.74,,一般農業區,農牧用地,1050809,土地3建物0車位0,,,其他,,,,0.0,0,0,0,有,無,2200000,3561,,0.0,0,,RPQNMLRKQHLFFAX77DA
馬公市,土地,光榮段541~570地號,170.74,商,,,1050812,土地1建物0車位0,,,其他,,,,0.0,0,0,0,有,無,17500000,102495,,0.0,0,,RPPNMLSKQHLFFAX77DA
馬公市,土地,烏崁新段1231~1260地號,142.93,,鄉村區,乙種建築用地,1050805,土地1建物0車位0,,,其他,,,,0.0,0,0,0,有,無,2000000,13993,,0.0,0,,RPQNMLSKQHLFFAX87DA
白沙鄉,土地,赤崁中段781~810地號,249.04,,一般農業區,農牧用地,1050801,土地2建物0車位0,,,其他,,,,0.0,0,0,0,有,無,6800000,27305,,0.0,0,包含未來興建房屋建築費用,RPQNMLMKRHLFFAX37DA
馬公市,土地,埕東段301~330地號,27.76,其他,,,1050701,土地1建物0車位0,,,其他,,,,0.0,0,0,0,有,無,268129,9659,,0.0,0,包含公共設施保留地之交易。協議價購,RPVNMLQKRHLFFAX38EA
馬公市,土地,埕東段301~330地號,13.88,其他,,,1050701,土地1建物0車位0,,,其他,,,,0.0,0,0,0,有,無,134065,9659,,0.0,0,包含公共設施保留地之交易。協議價購,RPWNMLQKRHLFFAX48EA
湖西鄉,土地,隘門新段811~840地號,335.77,,一般農業區,農牧用地,1050815,土地1建物0車位0,,,其他,,,,0.0,0,0,0,有,無,2040000,6076,,0.0,0,,RPSNMLTKQHLFFAX18DA
白沙鄉,土地,中屯新1801~1830地號,2169.83,,一般農業區,農牧用地,1050804,土地3建物0車位0,,,其他,,,,0.0,0,0,0,有,無,10000000,4609,,0.0,0,,RPQNMLSLQHLFFAX97DA
馬公市,土地,東衛段1471~1500地號,305.79,,一般農業區,農牧用地,1050812,土地1建物0車位0,,,其他,,,,0.0,0,0,0,有,無,500000,1635,,0.0,0,親友、員工或其他特殊關係間之交易。,RPRNMLSLQHLFFAX97CA
馬公市,土地,山水東段421~450地號,310.33,,一般農業區,農牧用地,1050816,土地1建物0車位0,,,其他,,,,0.0,0,0,0,有,無,1000000,3222,,0.0,0,親友、員工或其他特殊關係間之交易。,RPPNMLTKQHLFFAX97EA
馬公市,土地,東澳段721~750地號,487.0,住,,,1050802,土地1建物0車位0,,,其他,,,,0.0,0,0,0,有,無,17677200,36298,,0.0,0,,RPRNMLNLQHLFFAX47CA
馬公市,土地,鎖港南段781~810地號,314.76,住,,,1050729,土地2建物0車位0,,,其他,,,,0.0,0,0,0,有,無,3800000,12073,,0.0,0,,RPRNMLPLQHLFFAX67CA
馬公市,房地(土地+建物),澎湖縣馬公巿大賢街91巷1~30號,153.14,住,,,1050810,土地2建物1車位0,全,四層,透天厝,住家用,鋼筋混凝土造,1030516,217.8,5,1,6,有,無,15000000,68871,,0.0,0,,RPSNMLPLQHLFFAX77CA
湖西鄉,土地,城北段1141~1170地號,1067.01,,一般農業區,農牧用地,1050819,土地1建物0車位0,,,其他,,,,0.0,0,0,0,有,無,1500000,1406,,0.0,0,,RPSNMLSLQHLFFAX08CA
馬公市,土地,六合段451~480地號,1440.26,,一般農業區,農牧用地,1050721,土地1建物0車位0,,,其他,,,,0.0,0,0,0,有,無,15248000,10587,,0.0,0,,RPPNMLTLQHLFFAX87CA
馬公市,土地,光榮段361~390地號,922.81,其他,,,1050811,土地2建物0車位0,,,其他,,,,0.0,0,0,0,有,無,15500000,16797,,0.0,0,,RPWNMLQJRHLFFAX18CA
西嶼鄉,土地,二崁南段481~510地號,970.2,其他,,,1050815,土地1建物0車位0,,,其他,,,,0.0,0,0,0,有,無,2500000,2577,,0.0,0,,RPRNMLLMQHLFFAX47DA
馬公市,土地,鎖港西段991~1020地號,55.61,,一般農業區,農牧用地,1050815,土地1建物0車位0,,,其他,,,,0.0,0,0,0,有,無,269000,4837,,0.0,0,,RPQNMLLMQHLFFAX37DA
湖西鄉,土地,成功南段781~810地號,1315.06,,一般農業區,農牧用地,1050801,土地1建物0車位0,,,其他,,,,0.0,0,0,0,有,無,6350000,4829,,0.0,0,,RPVNMLQJRHLFFAX08CA
馬公市,土地,北澳段91~120地號,14.84,,鄉村區,乙種建築用地,1050823,土地1建物0車位0,,,其他,,,,0.0,0,0,0,有,無,179600,12102,,0.0,0,,RPPNMLQLQHLFFAX57CA
湖西鄉,土地,南寮北段2101~2130地號,146.6,,一般農業區,農牧用地,1050810,土地1建物0車位0,,,其他,,,,0.0,0,0,0,有,無,200000,1364,,0.0,0,親友、員工或其他特殊關係間之交易。,RPUNMLTLQHLFFAX38CA
馬公市,土地,西澳段1081~1110地號,403.9,住,,,1050819,土地1建物0車位0,,,其他,,,,0.0,0,0,0,有,無,24500000,60659,,0.0,0,,RPQNMLKMQHLFFAX17CA
馬公市,土地,文寮段1~30地號,870.59,住,,,1050810,土地3建物0車位0,,,其他,,,,0.0,0,0,0,有,無,42100000,48358,,0.0,0,,RPPNMLKMQHLFFAX07CA
西嶼鄉,土地,內垵三段661~690地號,335.87,,鄉村區,乙種建築用地,1050812,土地1建物0車位0,,,其他,,,,0.0,0,0,0,有,無,500000,1489,,0.0,0,親友、員工或其他特殊關係間之交易。,RPPNMLSJRHLFFAX67CA
湖西鄉,土地,東石新段541~570地號,194.61,,一般農業區,農牧用地,1050824,土地5建物0車位0,,,其他,,,,0.0,0,0,0,有,無,739518,3800,,0.0,0,"澎11號線（鼎灣-成功）道路拓寬工程協議價購3,800/m2",RPSOMLTJRHLFFAX28DA
湖西鄉,土地,東石新段481~510地號,206.6,,一般農業區,交通用地,1050824,土地4建物0車位0,,,其他,,,,0.0,0,0,0,有,無,785080,3800,,0.0,0,"澎11號線（鼎灣-成功）道路拓寬工程協議價購3,800/m2",RPTOMLTJRHLFFAX38DA
湖西鄉,土地,東石新段481~510地號,56.89,,一般農業區,交通用地,1050824,土地2建物0車位0,,,其他,,,,0.0,0,0,0,有,無,216182,3800,,0.0,0,"澎11號線（鼎灣-成功）道路拓寬工程協議價購3,800/m2",RPWOMLTJRHLFFAX68DA
湖西鄉,土地,東石新段451~480地號,358.68,,一般農業區,交通用地,1050824,土地7建物0車位0,,,其他,,,,0.0,0,0,0,有,無,1362984,3800,,0.0,0,"澎11號線（鼎灣-成功）道路拓寬工程協議價購3,800/m2",RPXOMLTJRHLFFAX78DA
湖西鄉,土地,東石新段91~120地號,219.96,,一般農業區,交通用地,1050824,土地3建物0車位0,,,其他,,,,0.0,0,0,0,有,無,835848,3800,,0.0,0,"澎11號線（鼎灣-成功）道路拓寬工程協議價購3,800/m2",RPOPMLTJRHLFFAX97DA
湖西鄉,土地,成功北段31~60地號,13.06,,風景區,林業用地,1050824,土地2建物0車位0,,,其他,,,,0.0,0,0,0,有,無,66714,5108,,0.0,0,"澎11號線（鼎灣-成功）道路拓寬工程協議價購林業用地3,800/m2、建築用地7,000/m2",RPPOMLTJRHLFFAX97DA
湖西鄉,土地,東石新段91~120地號,91.43,,一般農業區,農牧用地,1050824,土地4建物0車位0,,,其他,,,,0.0,0,0,0,有,無,347434,3800,,0.0,0,"澎11號線（鼎灣-成功）道路拓寬工程協議價購3,800/m2",RPQOMLTJRHLFFAX08DA
湖西鄉,土地,鼎灣新段781~810地號,4.13,,一般農業區,農牧用地,1050825,土地1建物0車位0,,,其他,,,,0.0,0,0,0,有,無,15688,3799,,0.0,0,"澎11號線（鼎灣-成功）道路拓寬工程協議價購3,800/m2",RPQQMLTJRHLFFAX28DA
湖西鄉,土地,成功北段241~270地號,14.81,,鄉村區,乙種建築用地,1050825,土地5建物0車位0,,,其他,,,,0.0,0,0,0,有,無,85141,5749,,0.0,0,"澎11號線（鼎灣-成功）道路拓寬工程協議價購交通用地3,800/m2、建築用地7,000/m2",RPSQMLTJRHLFFAX48DA
湖西鄉,土地,東石新段481~510地號,215.09,,一般農業區,交通用地,1050825,土地3建物0車位0,,,其他,,,,0.0,0,0,0,有,無,817342,3800,,0.0,0,"澎11號線（鼎灣-成功）道路拓寬工程協議價購3,800/m2",RPTQMLTJRHLFFAX58DA
湖西鄉,土地,東石新段121~150地號,0.03,,一般農業區,農牧用地,1050825,土地1建物0車位0,,,其他,,,,0.0,0,0,0,有,無,114,0,,0.0,0,"澎11號線（鼎灣-成功）道路拓寬工程協議價購3,800/m2",RPUQMLTJRHLFFAX68DA
湖西鄉,土地,成功北段271~300地號,10.01,,鄉村區,交通用地,1050825,土地2建物0車位0,,,其他,,,,0.0,0,0,0,有,無,51528,5148,,0.0,0,"澎11號線（鼎灣-成功）道路拓寬工程協議價購交通用地3,800/m2、建築用地7,000/m2",RPVQMLTJRHLFFAX78DA
湖西鄉,土地,東石新段481~510地號,41.82,,一般農業區,交通用地,1050825,土地6建物0車位0,,,其他,,,,0.0,0,0,0,有,無,158903,3800,,0.0,0,"澎11號線（鼎灣-成功）道路拓寬工程協議價購3,800/m2",RPWQMLTJRHLFFAX88DA
湖西鄉,土地,東石新段511~540地號,41.82,,一般農業區,交通用地,1050825,土地6建物0車位0,,,其他,,,,0.0,0,0,0,有,無,158903,3800,,0.0,0,"澎11號線（鼎灣-成功）道路拓寬工程協議價購3,800/m2",RPXQMLTJRHLFFAX98DA
湖西鄉,土地,鼎灣新段781~810地號,4.13,,一般農業區,農牧用地,1050825,土地1建物0車位0,,,其他,,,,0.0,0,0,0,有,無,15688,3799,,0.0,0,"澎11號線（鼎灣-成功）道路拓寬工程協議價購3,800/m2",RPRQMLTJRHLFFAX38DA
湖西鄉,土地,鼎灣新段1081~1110地號,91.43,,一般農業區,農牧用地,1050824,土地4建物0車位0,,,其他,,,,0.0,0,0,0,有,無,347434,3800,,0.0,0,"澎11號線（鼎灣-成功）道路拓寬工程協議價購3,800/m2",RPROMLTJRHLFFAX18DA
湖西鄉,土地,東石新段91~120地號,125.84,,一般農業區,農牧用地,1050825,土地3建物0車位0,,,其他,,,,0.0,0,0,0,有,無,478192,3800,,0.0,0,"澎11號線（鼎灣-成功）道路拓寬工程協議價購3,800/m2",RPUPMLTJRHLFFAX58DA
湖西鄉,土地,成功北段31~60地號,24.18,,鄉村區,乙種建築用地,1050825,土地1建物0車位0,,,其他,,,,0.0,0,0,0,有,無,169295,7001,,0.0,0,"澎11號線（鼎灣-成功）道路拓寬工程協議價購7,000/m2",RPVPMLTJRHLFFAX68DA
湖西鄉,土地,東石新段421~450地號,47.0,,一般農業區,交通用地,1050825,土地5建物0車位0,,,其他,,,,0.0,0,0,0,有,無,178600,3800,,0.0,0,"澎11號線（鼎灣-成功）道路拓寬工程協議價購3,800/m2",RPWPMLTJRHLFFAX78DA
湖西鄉,土地,成功北段31~60地號,34.83,,風景區,林業用地,1050825,土地2建物0車位0,,,其他,,,,0.0,0,0,0,有,無,177904,5108,,0.0,0,"澎11號線（鼎灣-成功）道路拓寬工程協議價購林業用地3,800/m2、建築用地7,000/m2",RPXPMLTJRHLFFAX88DA
湖西鄉,土地,紅羅段2341~2370地號,2044.79,,一般農業區,農牧用地,1050602,土地2建物0車位0,,,其他,,,,0.0,0,0,0,有,無,3987500,1950,,0.0,0,,RPPPMLTJRHLFFAX08DA
湖西鄉,土地,成功北段241~270地號,12.46,,風景區,林業用地,1050825,土地4建物0車位0,,,其他,,,,0.0,0,0,0,有,無,66540,5340,,0.0,0,"澎11號線（鼎灣-成功）道路拓寬工程協議價購林業用地3,800/m2、建築用地7,000/m2",RPQPMLTJRHLFFAX18DA
湖西鄉,土地,東石新段61~90地號,63.01,,一般農業區,農牧用地,1050824,土地2建物0車位0,,,其他,,,,0.0,0,0,0,有,無,239438,3800,,0.0,0,"澎11號線（鼎灣-成功）道路拓寬工程協議價購3,800/m2",RPPNMLTJRHLFFAX87DA
湖西鄉,土地,東石新段511~540地號,46.57,,一般農業區,交通用地,1050825,土地1建物0車位0,,,其他,,,,0.0,0,0,0,有,無,176966,3800,,0.0,0,"澎11號線（鼎灣-成功）道路拓寬工程協議價購3,800/m2",RPPQMLTJRHLFFAX18DA
馬公市,土地,山水西段151~180地號,2.7,,一般農業區,交通用地,1050823,土地1建物0車位0,,,其他,,,,0.0,0,0,0,有,無,27540,10200,,0.0,0,"山水30高地聯外道路拓寬工程協議價購10,200元/M2",RPQNMLPJRHLFFAX57DA
馬公市,土地,山水北段931~960地號,19.24,,鄉村區,交通用地,1050823,土地2建物0車位0,,,其他,,,,0.0,0,0,0,有,無,188253,9784,,0.0,0,"山水30高地聯外道路拓寬工程協議價購建築用地10,200元/M2、農牧用地3,700元/M2",RPRNMLPJRHLFFAX67DA
馬公市,土地,山水西段121~150地號,4.64,,鄉村區,交通用地,1050624,土地1建物0車位0,,,其他,,,,0.0,0,0,0,有,無,17150,3696,,0.0,0,"山水30高地聯外道路拓寬工程協議價購3,700元/M2",RPPNMLRJRHLFFAX67DA
馬公市,土地,山水西段121~150地號,35.97,,鄉村區,交通用地,1050823,土地2建物0車位0,,,其他,,,,0.0,0,0,0,有,無,287952,8005,,0.0,0,"山水30高地聯外道路拓寬工程協議價購建築用地10,200元/M2、農牧用地3,700元/M2",RPUNMLPJRHLFFAX97DA
馬公市,土地,山水西段151~180地號,30.35,,一般農業區,交通用地,1050823,土地1建物0車位0,,,其他,,,,0.0,0,0,0,有,無,112295,3700,,0.0,0,"山水30高地聯外道路拓寬工程協議價購3,700元/M2",RPXNMLPJRHLFFAX28DA
馬公市,土地,山水西段121~150地號,16.57,,一般農業區,交通用地,1050823,土地1建物0車位0,,,其他,,,,0.0,0,0,0,有,無,61309,3700,,0.0,0,"山水30高地聯外道路拓寬工程協議價購3,700元/M2",RPOOMLPJRHLFFAX47DA
湖西鄉,土地,東石新段331~360地號,107.05,,,,1050824,土地1建物0車位0,,,其他,,,,0.0,0,0,0,有,無,260000,2429,,0.0,0,,RPPNMLKLRHLFFAX07CA
湖西鄉,土地,成功南段1261~1290地號,206.35,,一般農業區,甲種建築用地,1050728,土地1建物0車位0,,,其他,,,,0.0,0,0,0,有,無,5678000,27516,,0.0,0,農變建專案核准變更起造人,RPPNMLLLRHLFFAX17CA
馬公市,土地,五德西段181~210地號,836.36,,鄉村區,乙種建築用地,1050824,土地3建物0車位0,,,其他,,,,0.0,0,0,0,有,無,9000000,10761,,0.0,0,,RPPNMLLJRHLFFAX96CA
馬公市,房地(土地+建物),澎湖縣馬公巿林森路31~60號,24.24,住,,,1050815,土地1建物1車位0,四層,七層,華廈(10層含以下有電梯),住家用,鋼筋混凝土造,0840904,129.36,4,2,2,有,有,3980000,30767,,0.0,0,,RPQNMLLJRHLFFAX07CA
馬公市,土地,山水西段121~150地號,61.63,,一般農業區,交通用地,1050823,土地3建物0車位0,,,其他,,,,0.0,0,0,0,有,無,228031,3700,,0.0,0,"山水30高地聯外道路拓寬工程協議價購3,700元/M2",RPVNMLPJRHLFFAX08DA
馬公市,土地,山水西段151~180地號,42.39,,一般農業區,交通用地,1050823,土地2建物0車位0,,,其他,,,,0.0,0,0,0,有,無,293018,6912,,0.0,0,"山水30高地聯外道路拓寬工程協議價購建築用地10,200元/M2、農牧用地3,700元/M2",RPWNMLPJRHLFFAX18DA
馬公市,土地,山水西段361~390地號,41.7,,一般農業區,交通用地,1050724,土地1建物0車位0,,,其他,,,,0.0,0,0,0,有,無,154290,3700,,0.0,0,"山水30高地聯外道路拓寬工程協議價購3,700元/M2",RPSNMLPJRHLFFAX77DA
馬公市,土地,山水西段151~180地號,35.97,,鄉村區,交通用地,1050823,土地2建物0車位0,,,其他,,,,0.0,0,0,0,有,無,287951,8005,,0.0,0,"山水30高地聯外道路拓寬工程協議價購建築用地10,200元/M2、農牧用地3,700元/M2",RPTNMLPJRHLFFAX87DA
湖西鄉,土地,東石新段421~450地號,77.34,,一般農業區,交通用地,1050824,土地1建物0車位0,,,其他,,,,0.0,0,0,0,有,無,293892,3800,,0.0,0,"澎11號線（鼎灣-成功）道路拓寬工程協議價購3,800/m2",RPQNMLTJRHLFFAX97DA
湖西鄉,土地,成功北段91~120地號,8.41,,鄉村區,乙種建築用地,1050824,土地3建物0車位0,,,其他,,,,0.0,0,0,0,有,無,58836,6996,,0.0,0,"澎11號線（鼎灣-成功）道路拓寬工程協議價購7,000/m2",RPRNMLTJRHLFFAX08DA
湖西鄉,土地,成功北段181~210地號,361.82,,一般農業區,農牧用地,1050824,土地5建物0車位0,,,其他,,,,0.0,0,0,0,有,無,1374916,3800,,0.0,0,"澎11號線（鼎灣-成功）道路拓寬工程協議價購3,800/m2",RPSNMLTJRHLFFAX18DA
湖西鄉,土地,鼎灣新段781~810地號,12.38,,一般農業區,農牧用地,1050824,土地1建物0車位0,,,其他,,,,0.0,0,0,0,有,無,47062,3801,,0.0,0,"澎11號線（鼎灣-成功）道路拓寬工程協議價購3,800/m2",RPTNMLTJRHLFFAX28DA
湖西鄉,土地,鼎灣新段91~120地號,48.32,,一般農業區,農牧用地,1050824,土地1建物0車位0,,,其他,,,,0.0,0,0,0,有,無,183616,3800,,0.0,0,"澎11號線（鼎灣-成功）道路拓寬工程協議價購3,800/m2",RPUNMLTJRHLFFAX38DA
湖西鄉,土地,成功北段181~210地號,124.32,,一般農業區,交通用地,1050824,土地1建物0車位0,,,其他,,,,0.0,0,0,0,有,無,472416,3800,,0.0,0,"澎11號線（鼎灣-成功）道路拓寬工程協議價購3,800/m2",RPWNMLTJRHLFFAX58DA
湖西鄉,土地,成功北段241~270地號,14.81,,鄉村區,乙種建築用地,1050824,土地5建物0車位0,,,其他,,,,0.0,0,0,0,有,無,85141,5749,,0.0,0,"澎11號線（鼎灣-成功）道路拓寬工程協議價購交通用地3,800/m2、建築用地7,000/m2",RPXNMLTJRHLFFAX68DA
湖西鄉,土地,成功北段211~240地號,91.78,,一般農業區,農牧用地,1050824,土地5建物0車位0,,,其他,,,,0.0,0,0,0,有,無,403484,4396,,0.0,0,"澎11號線（鼎灣-成功）道路拓寬工程協議價購交通用地3,800/m2、建築用地7,000/m2",RPOOMLTJRHLFFAX87DA
湖西鄉,土地,成功北段241~270地號,12.46,,風景區,林業用地,1050825,土地4建物0車位0,,,其他,,,,0.0,0,0,0,有,無,66540,5340,,0.0,0,"澎11號線（鼎灣-成功）道路拓寬工程協議價購林業用地3,800/m2、建築用地7,000/m2",RPRPMLTJRHLFFAX28DA
湖西鄉,土地,東石新段601~630地號,20.03,,一般農業區,交通用地,1050825,土地2建物0車位0,,,其他,,,,0.0,0,0,0,有,無,76114,3800,,0.0,0,"澎11號線（鼎灣-成功）道路拓寬工程協議價購3,800/m2",RPOQMLTJRHLFFAX08DA
湖西鄉,土地,東石新段121~150地號,41.82,,一般農業區,交通用地,1050825,土地6建物0車位0,,,其他,,,,0.0,0,0,0,有,無,158903,3800,,0.0,0,"澎11號線（鼎灣-成功）道路拓寬工程協議價購3,800/m2",RPORMLTJRHLFFAX18DA
湖西鄉,土地,東石新段121~150地號,41.82,,一般農業區,交通用地,1050825,土地6建物0車位0,,,其他,,,,0.0,0,0,0,有,無,158903,3800,,0.0,0,"澎11號線（鼎灣-成功）道路拓寬工程協議價購3,800/m2",RPPRMLTJRHLFFAX28DA
湖西鄉,土地,成功北段31~60地號,12.46,,風景區,林業用地,1050825,土地4建物0車位0,,,其他,,,,0.0,0,0,0,有,無,66540,5340,,0.0,0,"澎11號線（鼎灣-成功）道路拓寬工程協議價購林業用地3,800/m2、建築用地7,000/m2",RPSPMLTJRHLFFAX38DA
湖西鄉,土地,成功北段31~60地號,12.46,,風景區,林業用地,1050825,土地4建物0車位0,,,其他,,,,0.0,0,0,0,有,無,66540,5340,,0.0,0,"澎11號線（鼎灣-成功）道路拓寬工程協議價購林業用地3,800/m2、建築用地7,000/m2",RPTPMLTJRHLFFAX48DA
白沙鄉,土地,後寮段1141~1170地號,524.0,,一般農業區,農牧用地,1050828,土地1建物0車位0,,,其他,,,,0.0,0,0,0,有,無,500000,954,,0.0,0,,RPQNMLMJRHLFFAX27DA
馬公市,土地,山水北段931~960地號,24.41,,一般農業區,交通用地,1050826,土地1建物0車位0,,,其他,,,,0.0,0,0,0,有,無,90317,3700,,0.0,0,"山水30高地聯外道路拓寬工程協議價購3,700元/M2",RPPNMLQJRHLFFAX57DA
馬公市,土地,山水北段931~960地號,15.4,,一般農業區,交通用地,1050826,土地1建物0車位0,,,其他,,,,0.0,0,0,0,有,無,56980,3700,,0.0,0,"山水30高地聯外道路拓寬工程協議價購3,700元/M2",RPQNMLQJRHLFFAX67DA
馬公市,土地,文東段961~990地號,670.3,,一般農業區,農牧用地,1050817,土地2建物0車位0,,,其他,,,,0.0,0,0,0,有,無,11150000,16634,,0.0,0,,RPSNMLQJRHLFFAX77CA
湖西鄉,土地,成功南段1261~1290地號,179.22,,一般農業區,甲種建築用地,1050728,土地1建物0車位0,,,其他,,,,0.0,0,0,0,有,無,5508000,30733,,0.0,0,農變建專案核准變更起造人,RPQNMLLLRHLFFAX27CA
馬公市,土地,興仁段1411~1440地號,17103.92,,一般農業區,礦業用地,1050801,土地16建物0車位0,,,其他,,,,0.0,0,0,0,有,無,108652200,6352,,0.0,0,,RPQNMLKLRHLFFAX17CA
馬公市,土地,興仁段1381~1410地號,2848.3,,一般農業區,農牧用地,1050801,土地2建物0車位0,,,其他,,,,0.0,0,0,0,有,無,18093800,6352,,0.0,0,,RPRNMLKLRHLFFAX27CA
馬公市,土地,興仁段1261~1290地號,703.37,,一般農業區,農牧用地,1050818,土地1建物0車位0,,,其他,,,,0.0,0,0,0,有,無,2000000,2843,,0.0,0,,RPRNMLQJRHLFFAX67CA
馬公市,土地,案山段271~300地號,101.65,住,,,1050816,土地2建物0車位0,,,其他,,,,0.0,0,0,0,有,無,3594344,35360,,0.0,0,向政府機關承購之案件。,RPQNMLTLRHLFFAX28EA
西嶼鄉,土地,小池角段871~900地號,22.0,,一般農業區,農牧用地,1050826,土地1建物0車位0,,,其他,,,,0.0,0,0,0,有,無,86600,3936,,0.0,0,,RPTNMLQJRHLFFAX87CA
白沙鄉,土地,城前新段151~180地號,1141.44,,一般農業區,農牧用地,1050820,土地1建物0車位0,,,其他,,,,0.0,0,0,0,有,無,1726000,1512,,0.0,0,,RPUNMLQJRHLFFAX97CA
白沙鄉,土地,吉貝東段961~990地號,58.9,,一般農業區,農牧用地,1050818,土地1建物0車位0,,,其他,,,,0.0,0,0,0,有,無,142000,2411,,0.0,0,,RPPNMLMKRHLFFAX17CA
西嶼鄉,房地(土地+建物),澎湖縣西嶼鄉合界頭1~30號,501.23,,一般農業區,甲種建築用地,1050817,土地2建物1車位0,全,二層,透天厝,國民住宅,鋼筋混凝土加強磚造,0860801,179.37,5,2,3,有,無,5000000,27875,,0.0,0,,RPOOMLQJRHLFFAX47CA
馬公市,土地,五福段961~990地號,224.43,,一般農業區,甲種建築用地,1041230,土地2建物0車位0,,,其他,,,,0.0,0,0,0,有,無,7890000,35156,,0.0,0,農變建專案核准變更起造人,RPQNMLPLRHLFFAX67CA
馬公市,土地,鎖港西段991~1020地號,778.52,,一般農業區,農牧用地,1050815,土地1建物0車位0,,,其他,,,,0.0,0,0,0,有,無,3766000,4837,,0.0,0,,RPXNMLQJRHLFFAX38DA
馬公市,房地(土地+建物),澎湖縣馬公巿永安街5巷1~30號,75.0,住,,,1050821,土地1建物1車位0,全,二層,透天厝,住家用,鋼筋混凝土加強磚造,0640901,97.0,6,3,4,有,無,8000000,82474,,0.0,0,,RPPNMLNKRHLFFAX27CA
馬公市,土地,山水南段181~210地號,182.59,,鄉村區,乙種建築用地,1050821,土地1建物0車位0,,,其他,,,,0.0,0,0,0,有,無,2270000,12432,,0.0,0,,RPROMLQJRHLFFAX77CA
馬公市,土地,興仁段751~780地號,827.3,,一般農業區,農牧用地,1050811,土地1建物0車位0,,,其他,,,,0.0,0,0,0,有,無,24330000,29409,,0.0,0,權利人為四人;含未來興建四戶房屋價款,RPPNMLOJIILFFAX09CA
西嶼鄉,土地,大池角段991~1020地號,283.0,,鄉村區,乙種建築用地,1050825,土地1建物0車位0,,,其他,,,,0.0,0,0,0,有,無,854500,3019,,0.0,0,,RPQNMLOJIILFFAX56CA
馬公市,房地(土地+建物),澎湖縣馬公巿西衛61~90號,509.12,,一般農業區,農牧用地,1050830,土地1建物1車位0,一層，二層，電梯樓梯間,二層,農舍,農舍,鋼筋混凝土加強磚造,0801023,131.3,4,1,3,有,無,8600000,,,0.0,0,親友、員工或其他特殊關係間之交易。含增建或未登記建物。,RPQNMLSJRHLFFAX87DA
白沙鄉,土地,赤崁北段121~150地號,136.65,,鄉村區,乙種建築用地,1050819,土地1建物0車位0,,,其他,,,,0.0,0,0,0,有,無,1240000,9074,,0.0,0,,RPPNMLTKRHLFFAX97DA
馬公市,房地(土地+建物),澎湖縣馬公市宅腳嶼151~180號,217.97,,一般農業區,甲種建築用地,1050826,土地4建物1車位0,全,三層,透天厝,住家用,鋼筋混凝土造,1050622,256.29,5,2,6,有,無,9000000,35116,,0.0,0,,RPTNMLPLRHLFFAX97CA
湖西鄉,土地,成功南段691~720地號,184.54,,一般農業區,農牧用地,1050830,土地1建物0車位0,,,其他,,,,0.0,0,0,0,有,無,600000,3251,,0.0,0,,RPPNMLKKRHLFFAX96CA
湖西鄉,土地,葉新段1501~1530地號,3269.07,,一般農業區,農牧用地,1050902,土地5建物0車位0,,,其他,,,,0.0,0,0,0,有,無,10360000,3169,,0.0,0,,RPQNMLKKRHLFFAX07CA
馬公市,房地(土地+建物),澎湖縣馬公巿民裕街36巷31~60號,50.75,住,,,1050817,土地1建物1車位0,五層,五層,公寓(5樓含以下無電梯),見其他登記事項,鋼筋混凝土造,0840119,105.10999999999999,3,1,2,有,無,2970000,28256,,0.0,0,,RPUNMLMKRHLFFAX67CA
湖西鄉,土地,湖西北段541~570地號,2969.43,,一般農業區,農牧用地,1050901,土地3建物0車位0,,,其他,,,,0.0,0,0,0,有,無,10200000,3435,,0.0,0,,RPRNMLMKRHLFFAX37CA
馬公市,房地(土地+建物)+車位,澎湖縣馬公市三多路331~360號,28.83,住,,,1050810,土地1建物1車位1,十一層,十四層,住宅大樓(11層含以上有電梯),見其他登記事項,鋼筋混凝土造,0950629,193.94,3,2,2,有,有,6390000,32948,坡道平面,0.0,0,,RPPNMLMLRHLFFAX27CA
馬公市,房地(土地+建物),澎湖縣馬公市宅腳嶼151~180號,213.26,,一般農業區,甲種建築用地,1050826,土地4建物1車位0,全,三層,透天厝,住家用,鋼筋混凝土造,1050622,256.29,5,2,6,有,無,9000000,35116,,0.0,0,,RPSNMLPLRHLFFAX87CA
西嶼鄉,土地,竹篙灣段3781~3810地號,1940.0,,風景區,農牧用地,1050728,土地1建物0車位0,,,其他,,,,0.0,0,0,0,有,無,3410400,1758,,0.0,0,,RPQNMLTKRHLFFAX08DA
湖西鄉,土地,東石新段601~630地號,24.28,,一般農業區,交通用地,1050908,土地2建物0車位0,,,其他,,,,0.0,0,0,0,有,無,92264,3800,,0.0,0,"澎11號線（鼎灣-成功）道路拓寬工程協議價購3,800/m2",RPRNMLTKRHLFFAX18DA
湖西鄉,土地,東石新段601~630地號,3.25,,一般農業區,交通用地,1050908,土地1建物0車位0,,,其他,,,,0.0,0,0,0,有,無,12350,3800,,0.0,0,"澎11號線（鼎灣-成功）道路拓寬工程協議價購3,800/m2",RPPOMLTKRHLFFAX08DA
馬公市,房地(土地+建物),澎湖縣馬公市民福路31~60號,144.0,商,,,1050906,土地2建物1車位0,全,三層,透天厝,住商用,見其他登記事項,0500630,283.08,0,0,0,無,無,9000000,31793,,0.0,0,,RPQOMLOJIILFFAX76DA
馬公市,房地(土地+建物),澎湖縣馬公市西文澳1~30號,31.64,住,,,1050902,土地1建物1車位0,三層,七層,華廈(10層含以下有電梯),住家用,鋼筋混凝土造,0820113,151.19,3,2,2,有,無,4400000,29102,,0.0,0,,RPQNMLKLOHOFFAX37EA
白沙鄉,土地,鳥嶼新段241~270地號,97.0,,鄉村區,乙種建築用地,1050901,土地1建物0車位0,,,其他,,,,0.0,0,0,0,有,無,1266600,13058,,0.0,0,向政府機關承購之案件。,RPWOMLTKRHLFFAX88EA
馬公市,土地,四維段571~600地號,288.56,,一般農業區,農牧用地,1050905,土地2建物0車位0,,,其他,,,,0.0,0,0,0,有,無,4600000,15941,,0.0,0,,RPPNMLPJIILFFAX66DA
湖西鄉,土地,鼎灣新段781~810地號,4.7,,一般農業區,交通用地,1050908,土地2建物0車位0,,,其他,,,,0.0,0,0,0,有,無,17860,3800,,0.0,0,"澎11號線（鼎灣-成功）道路拓寬工程協議價購3,800/m2",RPQOMLTKRHLFFAX18DA
湖西鄉,土地,鼎灣新段661~690地號,5.6,,一般農業區,交通用地,1050908,土地1建物0車位0,,,其他,,,,0.0,0,0,0,有,無,21269,3798,,0.0,0,"澎11號線（鼎灣-成功）道路拓寬工程協議價購3,800/m2",RPROMLTKRHLFFAX28DA
湖西鄉,土地,東石新段421~450地號,53.94,,一般農業區,交通用地,1050908,土地3建物0車位0,,,其他,,,,0.0,0,0,0,有,無,204972,3800,,0.0,0,"澎11號線（鼎灣-成功）道路拓寬工程協議價購3,800/m2",RPSOMLTKRHLFFAX38DA
湖西鄉,土地,東石新段121~150地號,16.88,,一般農業區,交通用地,1050908,土地1建物0車位0,,,其他,,,,0.0,0,0,0,有,無,64144,3800,,0.0,0,"澎11號線（鼎灣-成功）道路拓寬工程協議價購3,800/m2",RPTOMLTKRHLFFAX48DA
湖西鄉,土地,鼎灣新段1081~1110地號,113.73,,一般農業區,交通用地,1050908,土地4建物0車位0,,,其他,,,,0.0,0,0,0,有,無,432174,3800,,0.0,0,"澎11號線（鼎灣-成功）道路拓寬工程協議價購3,800/m2",RPUOMLTKRHLFFAX58DA
湖西鄉,土地,鼎灣新段781~810地號,64.01,,一般農業區,農牧用地,1050908,土地5建物0車位0,,,其他,,,,0.0,0,0,0,有,無,243237,3800,,0.0,0,"澎11號線（鼎灣-成功）道路拓寬工程協議價購3,800/m2",RPVOMLTKRHLFFAX68DA
湖西鄉,土地,鼎灣新段721~750地號,15.12,,一般農業區,農牧用地,1050908,土地1建物0車位0,,,其他,,,,0.0,0,0,0,有,無,57475,3801,,0.0,0,"澎11號線（鼎灣-成功）道路拓寬工程協議價購3,800/m2",RPTNMLTKRHLFFAX38DA
湖西鄉,土地,鼎灣新段721~750地號,15.12,,一般農業區,農牧用地,1050908,土地1建物0車位0,,,其他,,,,0.0,0,0,0,有,無,57475,3801,,0.0,0,"澎11號線（鼎灣-成功）道路拓寬工程協議價購3,800/m2",RPUNMLTKRHLFFAX48DA
湖西鄉,土地,成功北段61~90地號,15.67,,鄉村區,乙種建築用地,1050908,土地1建物0車位0,,,其他,,,,0.0,0,0,0,有,無,109667,6999,,0.0,0,"澎11號線（鼎灣-成功）道路拓寬工程協議價購建築用地7,000/m2",RPVNMLTKRHLFFAX58DA
湖西鄉,土地,成功北段61~90地號,15.67,,鄉村區,乙種建築用地,1050908,土地1建物0車位0,,,其他,,,,0.0,0,0,0,有,無,109667,6999,,0.0,0,"澎11號線（鼎灣-成功）道路拓寬工程協議價購建築用地7,000/m2",RPWNMLTKRHLFFAX68DA
湖西鄉,土地,東石新段31~60地號,1.13,,一般農業區,農牧用地,1050908,土地1建物0車位0,,,其他,,,,0.0,0,0,0,有,無,4294,3800,,0.0,0,"澎11號線（鼎灣-成功）道路拓寬工程協議價購3,800/m2",RPXNMLTKRHLFFAX78DA
湖西鄉,土地,鼎灣新段781~810地號,4.13,,一般農業區,農牧用地,1050908,土地1建物0車位0,,,其他,,,,0.0,0,0,0,有,無,15688,3799,,0.0,0,"澎11號線（鼎灣-成功）道路拓寬工程協議價購3,800/m2",RPOOMLTKRHLFFAX97DA
馬公市,土地,文東段301~330地號,2383.14,,一般農業區,農牧用地,1050906,土地1建物0車位0,,,其他,,,,0.0,0,0,0,有,無,30500000,12798,,0.0,0,含稅金及相關費用。,RPSNMLMKRHLFFAX47CA
西嶼鄉,土地,赤馬一段301~330地號,669.59,,一般農業區,農牧用地,1050828,土地1建物0車位0,,,其他,,,,0.0,0,0,0,有,無,607600,907,,0.0,0,,RPTNMLMKRHLFFAX57CA
馬公市,土地,鐵線段1351~1380地號,543.09,,一般農業區,農牧用地,1050903,土地1建物0車位0,,,其他,,,,0.0,0,0,0,有,無,1314000,2419,,0.0,0,,RPRNMLPJIILFFAX76CA
湖西鄉,土地,東石新段601~630地號,24.28,,一般農業區,交通用地,1050908,土地2建物0車位0,,,其他,,,,0.0,0,0,0,有,無,92264,3800,,0.0,0,"澎11號線（鼎灣-成功）道路拓寬工程協議價購3,800/m2",RPSNMLTKRHLFFAX28DA
馬公市,房地(土地+建物),澎湖縣馬公市朝陽路41巷1~30號,63.48,住,,,1050903,土地2建物1車位0,全,三層,透天厝,住商用,鋼筋混凝土加強磚造,0710226,129.34,4,5,3,有,無,5800000,44843,,0.0,0,,RPSNMLLLRHLFFAX57DA
馬公市,房地(土地+建物),澎湖縣馬公市馬公市六合路511~540號,200.1,,一般農業區,甲種建築用地,1050828,土地2建物1車位0,全,三層,透天厝,住家用,鋼筋混凝土造,1050408,262.69,5,2,6,有,無,10900000,41494,,0.0,0,,RPRNMLPLRHLFFAX87DA
湖西鄉,土地,成功北段241~270地號,14.81,,鄉村區,乙種建築用地,1050908,土地5建物0車位0,,,其他,,,,0.0,0,0,0,有,無,85141,5749,,0.0,0,"澎11號線（鼎灣-成功）道路拓寬工程協議價購交通用地3,800/m2、建築用地7,000/m2",RPRNMLQLRHLFFAX97DA
湖西鄉,土地,成功北段241~270地號,18.51,,鄉村區,乙種建築用地,1050908,土地5建物0車位0,,,其他,,,,0.0,0,0,0,有,無,106427,5750,,0.0,0,"澎11號線（鼎灣-成功）道路拓寬工程協議價購交通用地3,800/m2、建築用地7,000/m2",RPSNMLQLRHLFFAX08DA
湖西鄉,土地,成功北段241~270地號,18.51,,鄉村區,乙種建築用地,1050908,土地5建物0車位0,,,其他,,,,0.0,0,0,0,有,無,106427,5750,,0.0,0,"澎11號線（鼎灣-成功）道路拓寬工程協議價購交通用地3,800/m2、建築用地7,000/m2",RPTNMLQLRHLFFAX18DA
七美鄉,土地,七美二段541~570地號,313.76,,一般農業區,農牧用地,1050901,土地1建物0車位0,,,其他,,,,0.0,0,0,0,有,無,1500000,4781,,0.0,0,含土地上未辦建物第一次登記建物,RPOOMLOJIILFFAX09CA
七美鄉,土地,大嶼段781~810地號,1210.22,,一般農業區,農牧用地,1050901,土地3建物0車位0,,,其他,,,,0.0,0,0,0,有,無,2196000,1815,,0.0,0,,RPPOMLOJIILFFAX56CA
七美鄉,土地,大嶼段3781~3810地號,33.58,,一般農業區,甲種建築用地,1050727,土地1建物0車位0,,,其他,,,,0.0,0,0,0,有,無,100000,2978,,0.0,0,親友、員工或其他特殊關係間之交易。,RPRNMLLLRHLFFAX37CA
馬公市,土地,五福段961~990地號,224.37,,一般農業區,甲種建築用地,1050820,土地2建物0車位0,,,其他,,,,0.0,0,0,0,有,無,8290000,36948,,0.0,0,農變建專案核准變更起造人,RPUNMLPLRHLFFAX08CA
馬公市,土地,興仁段1381~1410地號,1799.24,,一般農業區,農牧用地,1050820,土地2建物0車位0,,,其他,,,,0.0,0,0,0,有,無,4352000,2419,,0.0,0,,RPPNMLTLRHLFFAX97CA
白沙鄉,土地,講美段811~840地號,45.01,,鄉村區,乙種建築用地,1050906,土地1建物0車位0,,,其他,,,,0.0,0,0,0,有,無,1200000,26661,,0.0,0,,RPPNMLNLRHLFFAX37CA
湖西鄉,土地,鼎灣新段631~660地號,2227.99,,一般農業區,農牧用地,1050908,土地3建物0車位0,,,其他,,,,0.0,0,0,0,有,無,8424375,3781,,0.0,0,,RPWNMLOJIILFFAX17CA
馬公市,土地,興仁段1411~1440地號,1303.31,,一般農業區,農牧用地,1050902,土地1建物0車位0,,,其他,,,,0.0,0,0,0,有,無,3950000,3031,,0.0,0,,RPVOMLMKIILFFAX07CA
湖西鄉,土地,成功北段241~270地號,14.81,,鄉村區,乙種建築用地,1050908,土地5建物0車位0,,,其他,,,,0.0,0,0,0,有,無,85141,5749,,0.0,0,"澎11號線（鼎灣-成功）道路拓寬工程協議價購交通用地3,800/m2、建築用地7,000/m2",RPUNMLQLRHLFFAX28DA
湖西鄉,土地,成功北段31~60地號,2.61,,風景區,林業用地,1050920,土地2建物0車位0,,,其他,,,,0.0,0,0,0,有,無,13342,5112,,0.0,0,"澎11號線（鼎灣-成功）道路拓寬工程協議價購林業用地3,800/m2、建築用地7,000/m2",RPVNMLQLRHLFFAX38DA
湖西鄉,土地,東石新段451~480地號,19.54,,鄉村區,乙種建築用地,1050920,土地1建物0車位0,,,其他,,,,0.0,0,0,0,有,無,136757,6999,,0.0,0,"澎11號線（鼎灣-成功）道路拓寬工程協議價購7,000/m2",RPPOMLQLRHLFFAX87DA
湖西鄉,土地,成功北段61~90地號,10.06,,鄉村區,交通用地,1050920,土地1建物0車位0,,,其他,,,,0.0,0,0,0,有,無,38209,3798,,0.0,0,"澎11號線（鼎灣-成功）道路拓寬工程協議價購3,800/m2",RPQOMLQLRHLFFAX97DA
湖西鄉,土地,東石新段481~510地號,6.49,,一般農業區,農牧用地,1050920,土地1建物0車位0,,,其他,,,,0.0,0,0,0,有,無,24662,3800,,0.0,0,"澎11號線（鼎灣-成功）道路拓寬工程協議價購3,800/m2",RPROMLQLRHLFFAX08DA
湖西鄉,土地,東石新段571~600地號,3.05,,一般農業區,交通用地,1050920,土地1建物0車位0,,,其他,,,,0.0,0,0,0,有,無,11587,3799,,0.0,0,"澎11號線（鼎灣-成功）道路拓寬工程協議價購3,800/m2",RPSOMLQLRHLFFAX18DA
湖西鄉,土地,成功北段31~60地號,2.61,,風景區,林業用地,1050920,土地2建物0車位0,,,其他,,,,0.0,0,0,0,有,無,13342,5112,,0.0,0,"澎11號線（鼎灣-成功）道路拓寬工程協議價購林業用地3,800/m2、建築用地7,000/m2",RPWNMLQLRHLFFAX48DA
湖西鄉,土地,成功北段31~60地號,2.61,,風景區,林業用地,1050920,土地2建物0車位0,,,其他,,,,0.0,0,0,0,有,無,13342,5112,,0.0,0,"澎11號線（鼎灣-成功）道路拓寬工程協議價購林業用地3,800/m2、建築用地7,000/m2",RPXNMLQLRHLFFAX58DA
湖西鄉,土地,成功北段31~60地號,2.61,,風景區,林業用地,1050920,土地2建物0車位0,,,其他,,,,0.0,0,0,0,有,無,13342,5112,,0.0,0,"澎11號線（鼎灣-成功）道路拓寬工程協議價購林業用地3,800/m2、建築用地7,000/m2",RPOOMLQLRHLFFAX77DA
馬公市,土地,東澳段811~840地號,80.92,住,,,1050817,土地2建物0車位0,,,其他,,,,0.0,0,0,0,有,無,4864000,60109,,0.0,0,,RPSNMLTLRHLFFAX38DA
白沙鄉,土地,中屯新1861~1890地號,291.35,,鄉村區,乙種建築用地,1050902,土地1建物0車位0,,,其他,,,,0.0,0,0,0,有,無,763000,2619,,0.0,0,親友、員工或其他特殊關係間之交易。375承租方購買,RPPNMLPLRHLFFAX67DA
馬公市,土地,鐵線段811~840地號,75.35,農,,,1050909,土地2建物0車位0,,,其他,,,,0.0,0,0,0,有,無,273000,3623,,0.0,0,,RPRNMLNLRHLFFAX57CA
馬公市,土地,東澳段691~720地號,44.39,住,,,1050810,土地1建物0車位0,,,其他,,,,0.0,0,0,0,有,無,1650000,37171,,0.0,0,,RPSNMLNLRHLFFAX67CA
湖西鄉,土地,湖西北段631~660地號,1029.0,,一般農業區,農牧用地,1050901,土地1建物0車位0,,,其他,,,,0.0,0,0,0,有,無,4669050,4537,,0.0,0,,RPQNMLMLRHLFFAX37CA
馬公市,土地,井垵西段511~540地號,105.03,,一般農業區,農牧用地,1050921,土地1建物0車位0,,,其他,,,,0.0,0,0,0,有,無,35000,333,,0.0,0,出賣人急賣。,RPQNMLNLRHLFFAX67EA
馬公市,土地,文光段331~360地號,2.35,住,,,1050901,土地1建物0車位0,,,其他,,,,0.0,0,0,0,有,無,132893,56550,,0.0,0,向政府機關承購之案件。,RPQNMLQLRHLFFAX97EA
西嶼鄉,土地,二崁南段1441~1470地號,766.45,,一般農業區,農牧用地,1050816,土地1建物0車位0,,,其他,,,,0.0,0,0,0,有,無,1971000,2572,,0.0,0,,RPSNMLOJIILFFAX76CA
西嶼鄉,土地,小池角段781~810地號,1891.0,,一般農業區,農牧用地,1050816,土地2建物0車位0,,,其他,,,,0.0,0,0,0,有,無,2518280,1332,,0.0,0,,RPTNMLOJIILFFAX86CA
馬公市,房地(土地+建物),澎湖縣馬公市東文澳181~210號,92.39,,一般農業區,甲種建築用地,1050819,土地1建物1車位0,全,二層,透天厝,住家用,鋼筋混凝土加強磚造,0701230,131.39,3,2,2,有,無,3500000,26638,,0.0,0,,RPXNMLOJIILFFAX27CA
馬公市,土地,西澳段301~330地號,260.01,住,,,1050906,土地1建物0車位0,,,其他,,,,0.0,0,0,0,有,無,10000000,38460,,0.0,0,,RPPNMLPKIILFFAX66CA
馬公市,土地,光榮段331~360地號,66.33,其他,,,1050906,土地3建物0車位0,,,其他,,,,0.0,0,0,0,有,無,1000000,15076,,0.0,0,包含公共設施保留地之交易。,RPSNMLSKIILFFAX27CA
湖西鄉,土地,青螺新段1081~1110地號,307.96,,鄉村區,乙種建築用地,1050823,土地1建物0車位0,,,其他,,,,0.0,0,0,0,有,無,1720000,5585,,0.0,0,,RPVNMLOJIILFFAX07CA
馬公市,房地(土地+建物),澎湖縣馬公市六合路571~600號,217.61,,一般農業區,甲種建築用地,1050902,土地3建物1車位0,全,三層,透天厝,住家用,鋼筋混凝土造,0880730,181.24,4,1,4,有,無,7600000,41933,,0.0,0,,RPRNMLTLRHLFFAX18CA
馬公市,土地,裡新段151~180地號,104.36,,鄉村區,乙種建築用地,1050829,土地2建物0車位0,,,其他,,,,0.0,0,0,0,有,無,236800,2269,,0.0,0,親友特殊關係間之交易。,RPPNMLNJIILFFAX98CA
馬公市,土地,國宅段271~300地號,312.16,,一般農業區,農牧用地,1050904,土地1建物0車位0,,,其他,,,,0.0,0,0,0,有,無,1038620,3327,,0.0,0,,RPUNMLOJIILFFAX96CA
白沙鄉,土地,上瓦硐段361~390地號,323.61,,一般農業區,農牧用地,1050920,土地2建物0車位0,,,其他,,,,0.0,0,0,0,有,無,1000000,3090,,0.0,0,,RPRNMLQJIILFFAX86CA
湖西鄉,土地,成功北段241~270地號,14.81,,鄉村區,乙種建築用地,1050825,土地5建物0車位0,,,其他,,,,0.0,0,0,0,有,無,85141,5749,,0.0,0,"澎11號線（鼎灣-成功）道路拓寬工程協議價購交通用地3,800/m2、建築用地7,000/m2",RPPNMLKMRHLFFAX27DA
湖西鄉,土地,東石新段121~150地號,23.58,,一般農業區,交通用地,1050922,土地1建物0車位0,,,其他,,,,0.0,0,0,0,有,無,89604,3800,,0.0,0,"澎11號線（鼎灣-成功）道路拓寬工程協議價購3,800/m2",RPQNMLKMRHLFFAX37DA
馬公市,土地,四維段571~600地號,500.13,,一般農業區,農牧用地,1050909,土地1建物0車位0,,,其他,,,,0.0,0,0,0,有,無,6350000,12697,,0.0,0,,RPPNMLPLIILFFAX76CA
望安鄉,土地,望安段181~210地號,170.0,,一般農業區,農牧用地,1050824,土地2建物0車位0,,,其他,,,,0.0,0,0,0,有,無,660000,3882,,0.0,0,,RPVNMLPLIILFFAX37CA
望安鄉,土地,望安段1411~1440地號,177.0,,一般農業區,農牧用地,1050824,土地1建物0車位0,,,其他,,,,0.0,0,0,0,有,無,660000,3729,,0.0,0,,RPWNMLPLIILFFAX47CA
馬公市,土地,井垵西段541~570地號,256.09,,鄉村區,乙種建築用地,1050817,土地1建物0車位0,,,其他,,,,0.0,0,0,0,有,無,1880000,7341,,0.0,0,,RPROMLOJIILFFAX76CA
湖西鄉,土地,東石新段481~510地號,36.15,,一般農業區,交通用地,1050930,土地2建物0車位0,,,其他,,,,0.0,0,0,0,有,無,137370,3800,,0.0,0,"澎11號線（鼎灣-成功）道路拓寬工程協議價購3,800/m2",RPSNMLMKIILFFAX76DA
湖西鄉,土地,東石新段451~480地號,19.54,,鄉村區,乙種建築用地,1050930,土地1建物0車位0,,,其他,,,,0.0,0,0,0,有,無,136757,6999,,0.0,0,"澎11號線（鼎灣-成功）道路拓寬工程協議價購7,000/m2",RPTNMLMKIILFFAX86DA
馬公市,土地,海堤段1051~1080地號,117.52,住,,,1050922,土地1建物0車位0,,,其他,,,,0.0,0,0,0,有,無,1422000,12100,,0.0,0,,RPSNMLLKIILFFAX66DA
湖西鄉,土地,成功北段31~60地號,4.35,,風景區,林業用地,1050930,土地2建物0車位0,,,其他,,,,0.0,0,0,0,有,無,22238,5112,,0.0,0,"澎11號線（鼎灣-成功）道路拓寬工程協議價購林業用地3,800/m2、建築用地7,000/m2",RPQNMLMKIILFFAX56DA
湖西鄉,土地,成功北段31~60地號,4.35,,風景區,林業用地,1050930,土地2建物0車位0,,,其他,,,,0.0,0,0,0,有,無,22238,5112,,0.0,0,"澎11號線（鼎灣-成功）道路拓寬工程協議價購林業用地3,800/m2、建築用地7,000/m2",RPRNMLMKIILFFAX66DA
馬公市,房地(土地+建物),澎湖縣馬公市三多路391~420號,20.7,商,,,1050919,土地1建物1車位0,六層,十層,華廈(10層含以下有電梯),住家用,鋼筋混凝土造,0850308,186.11,4,2,2,有,有,5450000,29284,,0.0,0,,RPPNMLOKIILFFAX66DA
馬公市,土地,井垵西段361~390地號,84.31,,一般農業區,農牧用地,1050926,土地1建物0車位0,,,其他,,,,0.0,0,0,0,有,無,30000,356,,0.0,0,出賣人急賣。,RPSNMLPJIILFFAX07EA
馬公市,土地,山水西段121~150地號,55.83,,鄉村區,交通用地,1050926,土地1建物0車位0,,,其他,,,,0.0,0,0,0,有,無,569466,10200,,0.0,0,"山水30高地聯外道路拓寬工程協議價購10,200元/M2",RPSOMLOJIILFFAX86CA
馬公市,土地,山水西段151~180地號,19.35,,一般農業區,交通用地,1050926,土地1建物0車位0,,,其他,,,,0.0,0,0,0,有,無,71595,3700,,0.0,0,"山水30高地聯外道路拓寬工程協議價購3,700元/M2",RPTOMLOJIILFFAX96CA
馬公市,土地,山水北段931~960地號,7.36,,一般農業區,交通用地,1050929,土地1建物0車位0,,,其他,,,,0.0,0,0,0,有,無,27232,3700,,0.0,0,"山水30高地聯外道路拓寬工程協議價購3,700元/M2",RPUNMLQJIILFFAX17CA
馬公市,土地,山水西段361~390地號,4.42,,一般農業區,交通用地,1050930,土地1建物0車位0,,,其他,,,,0.0,0,0,0,有,無,16342,3697,,0.0,0,"山水30高地聯外道路拓寬工程協議價購3,700元/M2",RPVNMLQJIILFFAX27CA
馬公市,土地,山水西段361~390地號,4.42,,一般農業區,交通用地,1050929,土地1建物0車位0,,,其他,,,,0.0,0,0,0,有,無,16342,3697,,0.0,0,"山水30高地聯外道路拓寬工程協議價購3,700元/M2",RPWNMLQJIILFFAX37CA
馬公市,土地,山水西段361~390地號,8.52,,一般農業區,交通用地,1050929,土地1建物0車位0,,,其他,,,,0.0,0,0,0,有,無,31506,3698,,0.0,0,"山水30高地聯外道路拓寬工程協議價購3,700元/M2",RPXNMLQJIILFFAX47CA
馬公市,土地,山水西段151~180地號,34.77,,一般農業區,交通用地,1050922,土地1建物0車位0,,,其他,,,,0.0,0,0,0,有,無,128649,3700,,0.0,0,"山水30高地聯外道路拓寬工程協議價購3,700元/M2",RPOOMLQJIILFFAX66CA
馬公市,土地,山水西段1~30地號,25.84,,鄉村區,交通用地,1050930,土地1建物0車位0,,,其他,,,,0.0,0,0,0,有,無,263568,10200,,0.0,0,"山水30高地聯外道路拓寬工程協議價購10,200元/M2",RPXNMLPLIILFFAX57CA
馬公市,土地,四維段1261~1290地號,210.84,,一般農業區,農牧用地,1050920,土地1建物0車位0,,,其他,,,,0.0,0,0,0,有,無,1900000,9012,,0.0,0,,RPQNMLPLIILFFAX86CA
馬公市,土地,西澳段1051~1080地號,279.83,住,,,1050904,土地1建物0車位0,,,其他,,,,0.0,0,0,0,有,無,13119000,46882,,0.0,0,,RPSNMLQJIILFFAX96CA
馬公市,土地,安宅段361~390地號,1155.5,,一般農業區,農牧用地,1050922,土地1建物0車位0,,,其他,,,,0.0,0,0,0,有,無,9800000,8481,,0.0,0,,RPTNMLQJIILFFAX07CA
馬公市,土地,國宅段241~270地號,538.65,,一般農業區,農牧用地,1050920,土地1建物0車位0,,,其他,,,,0.0,0,0,0,有,無,650000,1207,,0.0,0,親友、員工或其他特殊關係間之交易。,RPRNMLLKIILFFAX56DA
馬公市,土地,山水西段121~150地號,53.67,,鄉村區,交通用地,1050830,土地2建物0車位0,,,其他,,,,0.0,0,0,0,有,無,467614,8713,,0.0,0,"山水30高地聯外道路拓寬工程協議價購農牧用地3,700元/M2、建築用地10,200元/M2",RPUNMLPLIILFFAX27CA
湖西鄉,土地,成功南段601~630地號,675.7,,一般農業區,農牧用地,1050926,土地1建物0車位0,,,其他,,,,0.0,0,0,0,有,無,988000,1462,,0.0,0,向政府機關承購之案件。,RPQNMLQJIILFFAX96EA
湖西鄉,土地,東石新段121~150地號,10.11,,一般農業區,交通用地,1051004,土地2建物0車位0,,,其他,,,,0.0,0,0,0,有,無,38418,3800,,0.0,0,"澎11號線（鼎灣-成功）道路拓寬工程協議價購3,800/m2",RPROMLMKIILFFAX76DA
湖西鄉,土地,成功北段31~60地號,2.61,,風景區,林業用地,1051004,土地2建物0車位0,,,其他,,,,0.0,0,0,0,有,無,13342,5112,,0.0,0,"澎11號線（鼎灣-成功）道路拓寬工程協議價購林業用地3,800/m2、建築用地7,000/m2",RPSOMLMKIILFFAX86DA
湖西鄉,土地,東石新段121~150地號,1.26,,一般農業區,交通用地,1050930,土地2建物0車位0,,,其他,,,,0.0,0,0,0,有,無,4802,3811,,0.0,0,"澎11號線（鼎灣-成功）道路拓寬工程協議價購3,800/m2",RPUNMLMKIILFFAX96DA
湖西鄉,土地,東石新段571~600地號,1.52,,一般農業區,交通用地,1050930,土地1建物0車位0,,,其他,,,,0.0,0,0,0,有,無,5793,3811,,0.0,0,"澎11號線（鼎灣-成功）道路拓寬工程協議價購3,800/m2",RPVNMLMKIILFFAX07DA
湖西鄉,土地,東石新段571~600地號,1.52,,一般農業區,交通用地,1050930,土地1建物0車位0,,,其他,,,,0.0,0,0,0,有,無,5793,3811,,0.0,0,"澎11號線（鼎灣-成功）道路拓寬工程協議價購3,800/m2",RPWNMLMKIILFFAX17DA
湖西鄉,土地,東石新段481~510地號,35.8,,一般農業區,交通用地,1051004,土地2建物0車位0,,,其他,,,,0.0,0,0,0,有,無,136040,3800,,0.0,0,"澎11號線（鼎灣-成功）道路拓寬工程協議價購3,800/m2",RPXNMLMKIILFFAX27DA
湖西鄉,土地,東石新段571~600地號,3.05,,一般農業區,交通用地,1051004,土地1建物0車位0,,,其他,,,,0.0,0,0,0,有,無,11587,3799,,0.0,0,"澎11號線（鼎灣-成功）道路拓寬工程協議價購3,800/m2",RPOOMLMKIILFFAX09DA
湖西鄉,土地,成功北段31~60地號,20.91,,風景區,林業用地,1051004,土地2建物0車位0,,,其他,,,,0.0,0,0,0,有,無,79458,3800,,0.0,0,"澎11號線（鼎灣-成功）道路拓寬工程協議價購3,800/m2",RPPOMLMKIILFFAX56DA
湖西鄉,土地,鼎灣新段661~690地號,67.76,,一般農業區,交通用地,1051004,土地6建物0車位0,,,其他,,,,0.0,0,0,0,有,無,257507,3800,,0.0,0,"澎11號線（鼎灣-成功）道路拓寬工程協議價購3,800/m2",RPQOMLMKIILFFAX66DA
馬公市,土地,四維段571~600地號,288.74,,一般農業區,農牧用地,1050919,土地2建物0車位0,,,其他,,,,0.0,0,0,0,有,無,4600000,15931,,0.0,0,,RPPNMLRJIILFFAX86DA
馬公市,房地(土地+建物),澎湖縣馬公市石泉1~30號,53.12,,鄉村區,乙種建築用地,1050907,土地1建物1車位0,全,三層,透天厝,住家用,鋼筋混凝土造,0720118,102.68,3,2,3,有,無,3000000,29217,,0.0,0,,RPRNMLPLIILFFAX96CA
七美鄉,土地,大嶼段781~810地號,601.03,,一般農業區,農牧用地,1050923,土地3建物0車位0,,,其他,,,,0.0,0,0,0,有,無,1090000,1814,,0.0,0,,RPUOMLPLIILFFAX37CA
馬公市,土地,烏崁新段1441~1470地號,742.43,,一般農業區,農牧用地,1050930,土地1建物0車位0,,,其他,,,,0.0,0,0,0,有,無,3180000,4283,,0.0,0,,RPSOMLPLIILFFAX17CA
湖西鄉,土地,紅羅段1771~1800地號,1277.15,,一般農業區,農牧用地,1050920,土地3建物0車位0,,,其他,,,,0.0,0,0,0,有,無,7726400,6050,,0.0,0,,RPQNMLRJIILFFAX86CA
馬公市,土地,鎖港西段991~1020地號,665.62,,一般農業區,農牧用地,1050824,土地1建物0車位0,,,其他,,,,0.0,0,0,0,有,無,3221000,4839,,0.0,0,,RPRNMLRJIILFFAX96CA
湖西鄉,土地,葉新段661~690地號,69.04,,鄉村區,乙種建築用地,1050924,土地1建物0車位0,,,其他,,,,0.0,0,0,0,有,無,360000,5214,,0.0,0,,RPPNMLLKIILFFAX88CA
湖西鄉,土地,鼎灣新段751~780地號,94.52,,一般農業區,交通用地,1051004,土地3建物0車位0,,,其他,,,,0.0,0,0,0,有,無,359176,3800,,0.0,0,"澎11號線（鼎灣-成功）道路拓寬工程協議價購3,800/m2",RPUOMLMKIILFFAX07DA
馬公市,土地,山水北段661~690地號,3.8,,鄉村區,交通用地,1050930,土地2建物0車位0,,,其他,,,,0.0,0,0,0,有,無,21530,5666,,0.0,0,"山水30高地聯外道路拓寬工程協議價購3,700元/M2及10,200元/M2",RPTOMLMKIILFFAX86CA
馬公市,土地,東衛段1681~1710地號,599.69,,一般農業區,農牧用地,1050930,土地2建物0車位0,,,其他,,,,0.0,0,0,0,有,無,6550000,10922,,0.0,0,,RPSNMLPLIILFFAX07CA
馬公市,土地,鐵線段661~690地號,2798.51,,一般農業區,農牧用地,1050930,土地1建物0車位0,,,其他,,,,0.0,0,0,0,有,無,19470000,6957,,0.0,0,,RPQNMLOKIILFFAX66CA
馬公市,土地,文化段331~360地號,44.6,住,,,1050919,土地1建物0車位0,,,其他,,,,0.0,0,0,0,有,無,4166086,93410,,0.0,0,向政府機關承購之案件。,RPQNMLSJJILFFAX07CA
馬公市,土地,五福段511~540地號,231.45,,一般農業區,甲種建築用地,1050912,土地2建物0車位0,,,其他,,,,0.0,0,0,0,有,無,17800000,76906,,0.0,0,農變建之起造人變更含未來興建房屋價款,RPPNMLOJJILFFAX56CA
馬公市,土地,四維段601~630地號,231.83,,一般農業區,甲種建築用地,1051003,土地2建物0車位0,,,其他,,,,0.0,0,0,0,有,無,13500000,58232,,0.0,0,農變建之起造人變更含未來興建房屋價款,RPRNMLOJJILFFAX76CA
西嶼鄉,土地,二崁南段1201~1230地號,505.44,,風景區,農牧用地,1051007,土地1建物0車位0,,,其他,,,,0.0,0,0,0,有,無,761250,1506,,0.0,0,,RPQOMLPLIILFFAX96CA
馬公市,土地,國宅段451~480地號,438.78,住,,,1050929,土地1建物0車位0,,,其他,,,,0.0,0,0,0,有,無,9000000,20511,,0.0,0,,RPROMLPLIILFFAX07CA
湖西鄉,土地,成功北段241~270地號,2.77,,鄉村區,乙種建築用地,1050908,土地1建物0車位0,,,其他,,,,0.0,0,0,0,有,無,19413,7008,,0.0,0,"澎11號線（鼎灣-成功）道路拓寬工程協議價購建築用地7,000/m2",RPPNMLKLIILFFAX88CA
湖西鄉,土地,成功北段271~300地號,48.61,,鄉村區,交通用地,1051004,土地4建物0車位0,,,其他,,,,0.0,0,0,0,有,無,237824,4892,,0.0,0,"澎11號線（鼎灣-成功）道路拓寬工程協議價購交通用地3,800/m2、建築用地7,000/m2",RPPNMLNKIILFFAX56DA
馬公市,土地,山水西段121~150地號,26.62,,一般農業區,交通用地,1050930,土地1建物0車位0,,,其他,,,,0.0,0,0,0,有,無,98494,3700,,0.0,0,"山水30高地聯外道路拓寬工程協議價購3,700元/M2",RPQNMLNKIILFFAX66DA
白沙鄉,房地(土地+建物),澎湖縣白沙鄉大赤崁1~30號,220.42,,一般農業區,甲種建築用地,1050920,土地2建物1車位0,全,三層,透天厝,住家用,鋼筋混凝土造,1011115,202.52,5,2,5,有,無,6500000,32096,,0.0,0,,RPTNMLLMIILFFAX96DA
馬公市,土地,山水北段661~690地號,10.6,,鄉村區,交通用地,1051003,土地1建物0車位0,,,其他,,,,0.0,0,0,0,有,無,39202,3698,,0.0,0,"山水30高地聯外道路拓寬工程協議價購3,700元/M2",RPRNMLSKIILFFAX27DA
馬公市,土地,山水西段361~390地號,8.83,,一般農業區,交通用地,1051006,土地1建物0車位0,,,其他,,,,0.0,0,0,0,有,無,32683,3701,,0.0,0,"山水30高地聯外道路拓寬工程協議價購3,700元/M2",RPPNMLSKIILFFAX07DA
湖西鄉,土地,成功北段241~270地號,2.77,,鄉村區,乙種建築用地,1050908,土地1建物0車位0,,,其他,,,,0.0,0,0,0,有,無,19413,7008,,0.0,0,"澎11號線（鼎灣-成功）道路拓寬工程協議價購建築用地7,000/m2",RPQNMLKLIILFFAX98CA
湖西鄉,土地,城北段121~150地號,455.6,,鄉村區,乙種建築用地,1050929,土地1建物0車位0,,,其他,,,,0.0,0,0,0,有,無,2050000,4500,,0.0,0,向政府機關承購之案件。,RPTOMLPLIILFFAX27CA
馬公市,土地,馬公段91~120地號,63.0,商,,,1051005,土地1建物0車位0,,,其他,,,,0.0,0,0,0,有,無,10680000,169524,,0.0,0,,RPTNMLRLIILFFAX37CA
湖西鄉,房地(土地+建物),澎湖縣湖西鄉良文港31~60號,64.78,,鄉村區,乙種建築用地,1050923,土地1建物1車位0,全,一層,透天厝,住家用,見其他登記事項,0140101,33.51,3,2,1,有,無,250000,7460,,0.0,0,親友、員工或其他特殊關係間之交易。,RPTNMLRJJILFFAX27CA
湖西鄉,土地,東石新段1~30地號,44.86,,一般農業區,農牧用地,1051011,土地1建物0車位0,,,其他,,,,0.0,0,0,0,有,無,170468,3800,,0.0,0,"澎11號線（鼎灣-成功）道路拓寬工程協議價購3,800/m2",RPRNMLKLIILFFAX09CA
湖西鄉,土地,鼎灣新段661~690地號,115.92,,一般農業區,交通用地,1051011,土地13建物0車位0,,,其他,,,,0.0,0,0,0,有,無,440501,3800,,0.0,0,"澎11號線（鼎灣-成功）道路拓寬工程協議價購3,800/m2",RPSNMLKLIILFFAX56CA
馬公市,土地,山水西段361~390地號,8.52,,一般農業區,交通用地,1051011,土地1建物0車位0,,,其他,,,,0.0,0,0,0,有,無,31505,3698,,0.0,0,"山水30高地聯外道路拓寬工程協議價購3,700元/M2",RPQNMLSKIILFFAX17DA
湖西鄉,土地,鼎灣新段691~720地號,115.92,,一般農業區,交通用地,1051011,土地13建物0車位0,,,其他,,,,0.0,0,0,0,有,無,440502,3800,,0.0,0,"澎11號線（鼎灣-成功）道路拓寬工程協議價購3,800/m2",RPTNMLKLIILFFAX66CA
馬公市,房地(土地+建物)+車位,澎湖縣馬公市文光路61~90號,31.44,住,,,1051004,土地2建物1車位1,五層,七層,華廈(10層含以下有電梯),住家用,鋼筋混凝土造,0820601,144.82999999999998,4,2,2,有,有,4860000,33557,坡道平面,0.0,0,,RPWNMLLJJILFFAX96CA
馬公市,土地,興仁南段211~240地號,755.81,,一般農業區,農牧用地,1050820,土地19建物0車位0,,,其他,,,,0.0,0,0,0,有,無,2200000,2911,,0.0,0,,RPVNMLLJJILFFAX86CA
馬公市,房地(土地+建物),澎湖縣馬公市光復路301~330號,57.22,住,,,1051008,土地1建物1車位0,全,二層,透天厝,住家用,鋼筋混凝土加強磚造,0651023,68.6,2,1,2,有,無,4000000,58309,,0.0,0,,RPUNMLLKJILFFAX86CA
湖西鄉,土地,鼎灣新段661~690地號,18.13,,一般農業區,農牧用地,1051011,土地3建物0車位0,,,其他,,,,0.0,0,0,0,有,無,68894,3800,,0.0,0,"澎11號線（鼎灣-成功）道路拓寬工程協議價購3,800/m2",RPUNMLKLIILFFAX76CA
湖西鄉,土地,東石新段601~630地號,20.03,,一般農業區,交通用地,1051011,土地2建物0車位0,,,其他,,,,0.0,0,0,0,有,無,76114,3800,,0.0,0,"澎11號線（鼎灣-成功）道路拓寬工程協議價購3,800/m2",RPVNMLKLIILFFAX86CA
湖西鄉,土地,成功北段241~270地號,2.77,,鄉村區,乙種建築用地,1051011,土地1建物0車位0,,,其他,,,,0.0,0,0,0,有,無,19413,7008,,0.0,0,"澎11號線（鼎灣-成功）道路拓寬工程協議價購建築用地7,000/m2",RPWNMLKLIILFFAX96CA
湖西鄉,土地,鼎灣新段781~810地號,155.11,,一般農業區,交通用地,1051011,土地3建物0車位0,,,其他,,,,0.0,0,0,0,有,無,589418,3800,,0.0,0,"澎11號線（鼎灣-成功）道路拓寬工程協議價購3,800/m2",RPXNMLKLIILFFAX07CA
湖西鄉,土地,東石新段421~450地號,21.18,,一般農業區,交通用地,1051011,土地3建物0車位0,,,其他,,,,0.0,0,0,0,有,無,88932,4199,,0.0,0,"澎11號線（鼎灣-成功）道路拓寬工程協議價購交通用地3,800/m2、建築用地7,000/m2",RPOOMLKLIILFFAX88CA
湖西鄉,土地,成功北段31~60地號,24.18,,鄉村區,乙種建築用地,1051011,土地1建物0車位0,,,其他,,,,0.0,0,0,0,有,無,169295,7001,,0.0,0,"澎11號線（鼎灣-成功）道路拓寬工程協議價購建築用地7,000/m2",RPPOMLKLIILFFAX98CA
湖西鄉,土地,東石新段91~120地號,55.74,,一般農業區,農牧用地,1051011,土地1建物0車位0,,,其他,,,,0.0,0,0,0,有,無,211812,3800,,0.0,0,"澎11號線（鼎灣-成功）道路拓寬工程協議價購3,800/m2",RPQOMLKLIILFFAX09CA
湖西鄉,土地,東石新段571~600地號,4.59,,一般農業區,交通用地,1051011,土地2建物0車位0,,,其他,,,,0.0,0,0,0,有,無,17458,3803,,0.0,0,"澎11號線（鼎灣-成功）道路拓寬工程協議價購3,800/m2",RPROMLKLIILFFAX56CA
湖西鄉,土地,東石新段121~150地號,1.26,,一般農業區,交通用地,1051011,土地2建物0車位0,,,其他,,,,0.0,0,0,0,有,無,4802,3811,,0.0,0,"澎11號線（鼎灣-成功）道路拓寬工程協議價購3,800/m2",RPSOMLKLIILFFAX66CA
湖西鄉,土地,東石新段1~30地號,37.89,,一般農業區,交通用地,1051011,土地1建物0車位0,,,其他,,,,0.0,0,0,0,有,無,143982,3800,,0.0,0,"澎11號線（鼎灣-成功）道路拓寬工程協議價購3,800/m2",RPTOMLKLIILFFAX76CA
湖西鄉,土地,成功北段211~240地號,34.41,,一般農業區,農牧用地,1051011,土地4建物0車位0,,,其他,,,,0.0,0,0,0,有,無,151254,4396,,0.0,0,"澎11號線（鼎灣-成功）道路拓寬工程協議價購交通、農牧用地3,800/m2、建築用地7,000/m2",RPUOMLKLIILFFAX86CA
馬公市,土地,文澳段2311~2340地號,113.0,住,,,1050926,土地1建物0車位0,,,其他,,,,0.0,0,0,0,有,無,4000000,35398,,0.0,0,,RPPNMLTKIILFFAX07CA
湖西鄉,土地,北寮新段151~180地號,434.23,,鄉村區,乙種建築用地,1050822,土地2建物0車位0,,,其他,,,,0.0,0,0,0,有,無,1310000,3017,,0.0,0,,RPSPMLKLIILFFAX86DA
白沙鄉,土地,上瓦硐段31~60地號,368.56,,一般農業區,農牧用地,1051004,土地3建物0車位0,,,其他,,,,0.0,0,0,0,有,無,210000,570,,0.0,0,親友、員工或其他特殊關係間之交易。,RPSNMLKLIILFFAX76EA
湖西鄉,土地,成功北段211~240地號,34.41,,一般農業區,農牧用地,1051011,土地4建物0車位0,,,其他,,,,0.0,0,0,0,有,無,151254,4396,,0.0,0,"澎11號線（鼎灣-成功）道路拓寬工程協議價購交通、農牧用地3,800/m2、建築用地7,000/m2",RPVOMLKLIILFFAX96CA
湖西鄉,土地,鼎灣新段661~690地號,25.68,,一般農業區,交通用地,1051014,土地2建物0車位0,,,其他,,,,0.0,0,0,0,有,無,97584,3800,,0.0,0,"澎11號線（鼎灣-成功）道路拓寬工程協議價購3,800/m2",RPWOMLKLIILFFAX07CA
湖西鄉,土地,鼎灣新段661~690地號,115.92,,一般農業區,交通用地,1051018,土地13建物0車位0,,,其他,,,,0.0,0,0,0,有,無,440501,3800,,0.0,0,"澎11號線（鼎灣-成功）道路拓寬工程協議價購3,800/m2",RPXOMLKLIILFFAX17CA
湖西鄉,土地,成功北段61~90地號,15.67,,鄉村區,乙種建築用地,1051018,土地1建物0車位0,,,其他,,,,0.0,0,0,0,有,無,109667,6999,,0.0,0,"澎11號線（鼎灣-成功）道路拓寬工程協議價購建築用地7,000/m2",RPOPMLKLIILFFAX98CA
馬公市,土地,山水西段121~150地號,22.36,,鄉村區,交通用地,1051018,土地1建物0車位0,,,其他,,,,0.0,0,0,0,有,無,228072,10200,,0.0,0,"山水30高地聯外道路拓寬工程協議價購10,200元/M2",RPPPMLKLIILFFAX09CA
馬公市,土地,山水西段361~390地號,8.83,,一般農業區,交通用地,1051014,土地1建物0車位0,,,其他,,,,0.0,0,0,0,有,無,32683,3701,,0.0,0,"山水30高地聯外道路拓寬工程協議價購3,700元/M2",RPQPMLKLIILFFAX56CA
馬公市,土地,山水西段1~30地號,20.46,,鄉村區,交通用地,1051011,土地3建物0車位0,,,其他,,,,0.0,0,0,0,有,無,208658,10198,,0.0,0,"山水30高地聯外道路拓寬工程協議價購10,200元/M2",RPRPMLKLIILFFAX66CA
馬公市,房地(土地+建物),澎湖縣馬公市石泉1~30號,57.34,,鄉村區,乙種建築用地,1051006,土地1建物1車位0,全,三層,透天厝,住家用,鋼筋混凝土造,0730621,132.01,3,1,3,有,無,3200000,24241,,0.0,0,,RPPNMLOLIILFFAX66CA
馬公市,房地(土地+建物),澎湖縣馬公市西文澳61~90號,41.4,住,,,1050826,土地1建物1車位0,六層,六層,華廈(10層含以下有電梯),住家用,鋼筋混凝土造,0840317,206.0,4,1,2,有,無,4000000,19417,,0.0,0,,RPRNMLKLOHOFFAX27CA
馬公市,房地(土地+建物),澎湖縣馬公市林森路87巷23弄1~30號,99.05,住,,,1050830,土地1建物1車位0,全,二層,透天厝,住家用,鋼筋混凝土加強磚造,0770808,128.94,4,2,3,有,無,6200000,48084,,0.0,0,,RPRNMLTJJILFFAX27CA
西嶼鄉,土地,外垵一段121~150地號,445.71,,一般農業區,交通用地,1050827,土地1建物0車位0,,,其他,,,,0.0,0,0,0,有,無,3119970,7000,,0.0,0,,RPSNMLRJJILFFAX17CA
馬公市,房地(土地+建物),澎湖縣馬公市光榮街61巷1~30號,107.34,住,,,1050926,土地2建物1車位0,全,四層,透天厝,住家用,鋼筋混凝土造,0951026,179.86,5,2,3,有,無,9880000,54932,,0.0,0,,RPPNMLQLIILFFAX86CA
湖西鄉,土地,東石新段571~600地號,3.05,,一般農業區,交通用地,1050920,土地1建物0車位0,,,其他,,,,0.0,0,0,0,有,無,11587,3799,,0.0,0,"澎11號線（鼎灣-成功）道路拓寬工程協議價購3,800/m2",RPTNMLPLIILFFAX17CA
馬公市,土地,文寮段451~480地號,543.69,,一般農業區,農牧用地,1051004,土地1建物0車位0,,,其他,,,,0.0,0,0,0,有,無,5260000,9675,,0.0,0,土地增值稅買賣雙方各半負擔,RPOOMLPLIILFFAX76CA
馬公市,房地(土地+建物),澎湖縣馬公市林森路86巷1~30號,37.56,住,,,1050920,土地1建物1車位0,四層,七層,華廈(10層含以下有電梯),住家用,鋼筋混凝土造,0810827,173.08,3,1,2,有,有,4200000,24266,,0.0,0,親友、員工或其他特殊關係間之交易。,RPWNMLTJJILFFAX87DA
白沙鄉,土地,港子段871~900地號,795.0,,一般農業區,農牧用地,1051018,土地1建物0車位0,,,其他,,,,0.0,0,0,0,有,無,1500000,1887,,0.0,0,,RPRNMLSLIILFFAX37DA
馬公市,房地(土地+建物),澎湖縣馬公市新生路91~120號,5.39,住,,,1050923,土地3建物1車位0,一層,九層,華廈(10層含以下有電梯),見其他登記事項,鋼筋混凝土造,0840116,31.75,0,1,1,有,無,322162,10150,,0.0,0,,RPVNMLLMIILFFAX17DA
馬公市,土地,五福段931~960地號,727.88,,一般農業區,農牧用地,1051008,土地1建物0車位0,,,其他,,,,0.0,0,0,0,有,無,4000000,5495,,0.0,0,,RPQNMLQLIILFFAX96CA
白沙鄉,土地,後寮段1021~1050地號,725.0,,一般農業區,農牧用地,1050808,土地2建物0車位0,,,其他,,,,0.0,0,0,0,有,無,2000000,2759,,0.0,0,,RPPNMLRLIILFFAX96CA
湖西鄉,土地,青螺新段1111~1140地號,291.02,,一般農業區,農牧用地,1051011,土地1建物0車位0,,,其他,,,,0.0,0,0,0,有,無,1320000,4536,,0.0,0,,RPRNMLMJJILFFAX56CA
馬公市,土地,中衛段91~120地號,380.92,農,,,1051018,土地1建物0車位0,,,其他,,,,0.0,0,0,0,有,無,1800000,4725,,0.0,0,,RPQNMLRLIILFFAX07CA
馬公市,土地,馬公段1411~1440地號,78.0,商,,,1051013,土地1建物0車位0,,,其他,,,,0.0,0,0,0,有,無,6370000,81667,,0.0,0,,RPSNMLRLIILFFAX27CA
馬公市,房地(土地+建物),澎湖縣馬公市新生路91~120號,5.39,住,,,1050923,土地3建物1車位0,二層,九層,華廈(10層含以下有電梯),見其他登記事項,鋼筋混凝土造,0840116,37.55,0,1,1,有,無,332487,8855,,0.0,0,,RPXNMLLMIILFFAX37DA
湖西鄉,土地,青螺新段1081~1110地號,80.02,,鄉村區,乙種建築用地,1051024,土地1建物0車位0,,,其他,,,,0.0,0,0,0,有,無,90000,1125,,0.0,0,,RPSNMLLMIILFFAX86DA
馬公市,房地(土地+建物),澎湖縣馬公市新生路91~120號,21.56,住,,,1050923,土地3建物1車位0,四層,九層,華廈(10層含以下有電梯),住家用,鋼筋混凝土造,0840116,157.79000000000002,1,1,1,有,無,1332745,8446,,0.0,0,,RPOOMLLMIILFFAX56DA
馬公市,土地,烏崁新段1501~1530地號,3.38,,鄉村區,交通用地,1051011,土地2建物0車位0,,,其他,,,,0.0,0,0,0,有,無,22038,6520,,0.0,0,向政府機關承購之案件。,RPTNMLOJJILFFAX07DA
白沙鄉,土地,大倉段61~90地號,133.0,,鄉村區,乙種建築用地,1051015,土地1建物0車位0,,,其他,,,,0.0,0,0,0,有,無,1350000,10150,,0.0,0,,RPPNMLLMIILFFAX09CA
湖西鄉,土地,東石新段571~600地號,4.59,,一般農業區,交通用地,1051024,土地2建物0車位0,,,其他,,,,0.0,0,0,0,有,無,17458,3803,,0.0,0,"澎11號線（鼎灣-成功）道路拓寬工程協議價購3,800/m2",RPRNMLQLIILFFAX07CA
湖西鄉,土地,鼎灣新段631~660地號,50.67,,一般農業區,交通用地,1051020,土地2建物0車位0,,,其他,,,,0.0,0,0,0,有,無,192546,3800,,0.0,0,"澎11號線（鼎灣-成功）道路拓寬工程協議價購3,800/m2",RPSNMLQLIILFFAX17CA
七美鄉,土地,七美二段1021~1050地號,95.87,,鄉村區,乙種建築用地,1050921,土地2建物0車位0,,,其他,,,,0.0,0,0,0,有,無,3360000,35047,,0.0,0,"土地上有一未保存建物,該房屋不計價隨同土地一併交付買方屋受到風災,修理價超過殘值",RPRNMLRJJILFFAX07CA
馬公市,土地,安宅段91~120地號,215.2,,一般農業區,甲種建築用地,1051018,土地2建物0車位0,,,其他,,,,0.0,0,0,0,有,無,8820000,40985,,0.0,0,"農變建專案核准變更起造人,交易總價包括未興建房屋建築費用。",RPTNMLTJJILFFAX47CA
馬公市,土地,北極段511~540地號,3007.0,農,,,1051020,土地2建物0車位0,,,其他,,,,0.0,0,0,0,有,無,20450000,6801,,0.0,0,,RPRNMLLJJILFFAX09CA
馬公市,土地,五福段481~510地號,561.82,,一般農業區,農牧用地,1051013,土地1建物0車位0,,,其他,,,,0.0,0,0,0,有,無,9687150,17242,,0.0,0,,RPSNMLLJJILFFAX56CA
馬公市,房地(土地+建物),澎湖縣馬公市珠江31~60號,79.06,,鄉村區,乙種建築用地,1051005,土地1建物1車位0,全,二層,透天厝,住家用,鋼筋混凝土加強磚造,0681101,93.6,2,2,2,有,無,2820000,30128,,0.0,0,,RPTNMLLJJILFFAX66CA
西嶼鄉,房地(土地+建物),澎湖縣西嶼鄉大池角61~90號,156.0,,,,1051005,土地1建物1車位0,,,農舍,,,,126.04,12,4,8,有,無,1500000,,,0.0,0,親友、員工或其他特殊關係間之交易。,RPQNMLTLIILFFAX27CA
馬公市,土地,光榮段271~300地號,379.44,其他,,,1051006,土地1建物0車位0,,,其他,,,,0.0,0,0,0,有,無,7800000,20557,,0.0,0,包含公共設施保留地之交易。,RPROMLLMIILFFAX76CA
馬公市,土地,五福段781~810地號,1120.84,,一般農業區,農牧用地,1051014,土地2建物0車位0,,,其他,,,,0.0,0,0,0,有,無,10680000,9529,,0.0,0,,RPPNMLLJJILFFAX88CA
湖西鄉,土地,城北段1111~1140地號,587.56,,一般農業區,農牧用地,1051005,土地1建物0車位0,,,其他,,,,0.0,0,0,0,有,無,1200000,2042,,0.0,0,,RPQNMLLJJILFFAX98CA
湖西鄉,土地,東石新段121~150地號,1.26,,一般農業區,交通用地,1051024,土地2建物0車位0,,,其他,,,,0.0,0,0,0,有,無,4802,3811,,0.0,0,"澎11號線（鼎灣-成功）道路拓寬工程協議價購3,800/m2",RPQNMLMJJILFFAX09CA
馬公市,土地,安宅段91~120地號,205.94,,一般農業區,甲種建築用地,1051018,土地2建物0車位0,,,其他,,,,0.0,0,0,0,有,無,8820000,42828,,0.0,0,"農變建專案核准變更起造人,交易總價包括未興建房屋建築費用。",RPSNMLTJJILFFAX37CA
望安鄉,房地(土地+建物),澎湖縣望安鄉中社91~120號,590.33,,一般農業區,農牧用地,1051012,土地6建物1車位0,一層,一層,其他,住家用,見其他登記事項,0200101,19.33,0,0,0,無,無,1000000,51733,,0.0,0,,RPPNMLNJJILFFAX09CA
馬公市,土地,虎井段1231~1260地號,165.0,,鄉村區,乙種建築用地,1051015,土地2建物0車位0,,,其他,,,,0.0,0,0,0,有,無,1600000,9697,,0.0,0,,RPQNMLLMIILFFAX56CA
馬公市,土地,山水東段571~600地號,1658.76,,一般農業區,農牧用地,1051017,土地2建物0車位0,,,其他,,,,0.0,0,0,0,有,無,11060000,6668,,0.0,0,,RPUNMLLMIILFFAX96CA
馬公市,房地(土地+建物),澎湖縣馬公市新生路91~120號,21.56,住,,,1050923,土地3建物1車位0,五層,九層,華廈(10層含以下有電梯),住家用,鋼筋混凝土造,0840116,157.79000000000002,2,1,1,有,無,1332745,8446,,0.0,0,,RPPOMLLMIILFFAX66DA
湖西鄉,土地,鼎灣新段721~750地號,15.75,,一般農業區,農牧用地,1051024,土地1建物0車位0,,,其他,,,,0.0,0,0,0,有,無,10000,635,,0.0,0,賣方賣清價,RPQOMLLMIILFFAX76DA
馬公市,房地(土地+建物),澎湖縣馬公市西衛241~270號,329.81,,一般農業區,甲種建築用地,1051011,土地2建物1車位0,全,三層,透天厝,住家用,鋼筋混凝土造,0970425,292.14,6,1,6,有,無,10000000,34230,,0.0,0,,RPSNMLSJJILFFAX37DA
白沙鄉,房地(土地+建物),澎湖縣白沙鄉通梁31~60號,380.45,住,,,1051015,土地1建物1車位0,全,二層,透天厝,住家用,鋼筋混凝土加強磚造,0700409,150.88,6,2,2,有,無,4800000,31813,,0.0,0,,RPUNMLTJJILFFAX67DA
馬公市,房地(土地+建物),澎湖縣馬公市鎖管港31~60號,244.32,,一般農業區,甲種建築用地,1050910,土地2建物1車位0,全,三層,透天厝,住家用,鋼筋混凝土造,1010913,282.03,4,2,4,有,無,7050000,24997,,0.0,0,,RPWNMLLMIILFFAX17CA
西嶼鄉,土地,小池角段3421~3450地號,665.0,,鄉村區,乙種建築用地,1051011,土地1建物0車位0,,,其他,,,,0.0,0,0,0,有,無,2129849,3203,,0.0,0,,RPPNMLSJJILFFAX96CA
湖西鄉,土地,湖西南段721~750地號,59.55,,鄉村區,乙種建築用地,1050913,土地1建物0車位0,,,其他,,,,0.0,0,0,0,有,無,1000000,16793,,0.0,0,,RPQNMLKKJILFFAX98CA
湖西鄉,土地,鼎灣新段661~690地號,115.92,,一般農業區,交通用地,1051020,土地13建物0車位0,,,其他,,,,0.0,0,0,0,有,無,440502,3800,,0.0,0,"澎11號線（鼎灣-成功）道路拓寬工程協議價購3,800/m2",RPPNMLMJJILFFAX98CA
馬公市,土地,文東段1351~1380地號,2677.0,,一般農業區,農牧用地,1050924,土地1建物0車位0,,,其他,,,,0.0,0,0,0,有,無,9960000,3721,,0.0,0,,RPXNMLLJJILFFAX07CA
湖西鄉,土地,隘門新段1081~1110地號,247.78,,一般農業區,農牧用地,1051021,土地1建物0車位0,,,其他,,,,0.0,0,0,0,有,無,1500000,6054,,0.0,0,,RPSOMLLMIILFFAX86CA
馬公市,土地,國宅段121~150地號,904.21,,一般農業區,農牧用地,1051012,土地1建物0車位0,,,其他,,,,0.0,0,0,0,有,無,9300000,10285,,0.0,0,,RPUNMLLJJILFFAX76CA
馬公市,土地,國宅段451~480地號,40.07,住,,,1050926,土地1建物0車位0,,,其他,,,,0.0,0,0,0,有,無,630301,15730,,0.0,0,,RPSNMLOJJILFFAX86CA
