﻿鄉鎮市區,交易標的,土地區段位置建物區段門牌,土地移轉總面積平方公尺,都市土地使用分區,非都市土地使用分區,非都市土地使用編定,交易年月日,交易筆棟數,移轉層次,總樓層數,建物型態,主要用途,主要建材,建築完成年月,建物移轉總面積平方公尺,建物現況格局-房,建物現況格局-廳,建物現況格局-衛,建物現況格局-隔間,有無管理組織,總價元,單價元平方公尺,車位類別,車位移轉總面積平方公尺,車位總價元,備註,編號
The villages and towns urban district,transaction sign,land sector position building sector house number plate,land shifting total area square meter,the use zoning or compiles and checks,the non-metropolis land use district,non-metropolis land use,transaction year month and day,transaction pen number,shifting level,total floor number,building state,main use,main building materials,construction to complete the years,building shifting total area,Building present situation pattern - room,building present situation pattern - hall,building present situation pattern - health,building present situation pattern - compartmented,Whether there is manages the organization,total price NTD,the unit price (NTD / square meter),the berth category,berth shifting total area square meter,the berth total price NTD,the note,serial number
楠梓區,房地(土地+建物)+車位,藍田西段91~120地號,14.69,商,,,1040316,土地1建物1車位1,三層,15,住宅大樓(11層含以上有電梯),商業用,鋼筋混凝土造,,166.02,3,2,2,有,無,6400000,40669,坡道平面,35.7,1100000,,RPWOMLPJNHMFFEE09CB
楠梓區,房地(土地+建物)+車位,藍田西段91~120地號,14.69,商,,,1040406,土地1建物1車位1,四層,15,住宅大樓(11層含以上有電梯),商業用,鋼筋混凝土造,,166.02,3,2,2,有,無,6420000,40823,坡道平面,35.7,1100000,,RPXOMLPJNHMFFEE56CB
楠梓區,房地(土地+建物)+車位,藍田西段91~120地號,14.69,商,,,1040419,土地1建物1車位1,五層,15,住宅大樓(11層含以上有電梯),商業用,鋼筋混凝土造,,166.02,3,2,2,有,無,6600000,42204,坡道平面,35.7,1100000,,RPOPMLPJNHMFFEE38CB
小港區,房地(土地+建物),桂林段61~90地號,10.87,商,,,1050619,土地1建物1車位0,二層,15,住宅大樓(11層含以上有電梯),商業用,鋼筋混凝土造,,79.02,2,1,1,有,無,3580000,45305,,0.0,0,,RPRNMLLKNHMFFCE97CB
小港區,房地(土地+建物),桂林段61~90地號,10.87,商,,,1050904,土地1建物1車位0,五層,15,住宅大樓(11層含以上有電梯),商業用,鋼筋混凝土造,,79.02,2,1,1,有,無,3380000,42774,,0.0,0,,RPWNMLLKNHMFFCE48CB
小港區,房地(土地+建物)+車位,桂林段61~90地號,10.94,商,,,1050820,土地1建物1車位1,七層,15,住宅大樓(11層含以上有電梯),商業用,鋼筋混凝土造,,142.02,2,1,1,有,無,4380000,42774,坡道平面,63.0,1000000,,RPOOMLLKNHMFFCE77CB
小港區,房地(土地+建物),桂林段61~90地號,10.87,商,,,1050911,土地1建物1車位0,八層,15,住宅大樓(11層含以上有電梯),商業用,鋼筋混凝土造,,79.02,2,1,1,有,無,3420000,43280,,0.0,0,,RPQOMLLKNHMFFCE97CB
小港區,房地(土地+建物),桂林段61~90地號,10.87,商,,,1051011,土地1建物1車位0,十一層,15,住宅大樓(11層含以上有電梯),商業用,鋼筋混凝土造,,79.02,2,1,1,有,無,3250000,41129,,0.0,0,,RPUOMLRKNHMFFCE98CB
小港區,房地(土地+建物),桂林段61~90地號,10.87,商,,,1051008,土地1建物1車位0,十三層,15,住宅大樓(11層含以上有電梯),商業用,鋼筋混凝土造,,79.02,2,1,1,有,無,3410000,43154,,0.0,0,,RPVOMLRKNHMFFCE09CB
小港區,房地(土地+建物)+車位,桂林段61~90地號,10.94,商,,,1051006,土地1建物1車位1,十四層,15,住宅大樓(11層含以上有電梯),商業用,鋼筋混凝土造,,142.02,2,1,1,有,無,4150000,39863,坡道平面,63.0,1000000,,RPWOMLRKNHMFFCE56CB
小港區,房地(土地+建物),桂林段61~90地號,12.61,商,,,1050714,土地1建物1車位0,二層,15,住宅大樓(11層含以上有電梯),商業用,鋼筋混凝土造,,92.35,2,1,1,有,無,3780000,40931,,0.0,0,,RPXOMLRKNHMFFCE66CB
小港區,房地(土地+建物),桂林段61~90地號,12.28,商,,,1050820,土地1建物1車位0,五層,15,住宅大樓(11層含以上有電梯),商業用,鋼筋混凝土造,,89.49,2,1,1,有,無,3900000,43580,,0.0,0,,RPOPMLRKNHMFFCE48CB
小港區,房地(土地+建物),桂林段61~90地號,12.28,商,,,1051015,土地1建物1車位0,九層,15,住宅大樓(11層含以上有電梯),商業用,鋼筋混凝土造,,89.49,2,1,1,有,無,3730000,41681,,0.0,0,,RPVNMLSKNHMFFCE09CB
小港區,房地(土地+建物)+車位,桂林段61~90地號,12.95,商,,,1050730,土地1建物1車位1,二層,15,住宅大樓(11層含以上有電梯),商業用,鋼筋混凝土造,,157.02,2,1,1,有,無,4910000,39460,坡道平面,63.0,1200000,,RPXNMLSKNHMFFCE66CB
小港區,房地(土地+建物)+車位,桂林段61~90地號,12.95,商,,,1050920,土地1建物1車位1,四層,15,住宅大樓(11層含以上有電梯),商業用,鋼筋混凝土造,,157.02,2,1,1,有,無,4700000,38290,坡道平面,63.0,1100000,,RPOOMLSKNHMFFCE48CB
小港區,房地(土地+建物),桂林段61~90地號,12.88,商,,,1050809,土地1建物1車位0,五層,15,住宅大樓(11層含以上有電梯),商業用,鋼筋混凝土造,,94.02,2,1,1,有,無,4070000,43289,,0.0,0,,RPPOMLSKNHMFFCE58CB
小港區,房地(土地+建物)+車位,桂林段61~90地號,12.95,商,,,1050829,土地1建物1車位1,六層,15,住宅大樓(11層含以上有電梯),商業用,鋼筋混凝土造,,157.02,2,1,1,有,無,4850000,40949,坡道平面,63.0,1000000,,RPQOMLSKNHMFFCE68CB
小港區,房地(土地+建物)+車位,桂林段61~90地號,12.95,商,,,1050618,土地1建物1車位1,七層,15,住宅大樓(11層含以上有電梯),商業用,鋼筋混凝土造,,157.02,2,1,1,有,無,4870000,41161,坡道平面,63.0,1000000,,RPVOMLSKNHMFFCE56CB
小港區,房地(土地+建物),桂林段61~90地號,12.88,商,,,1050902,土地1建物1車位0,十一層,15,住宅大樓(11層含以上有電梯),商業用,鋼筋混凝土造,,94.02,2,1,1,有,無,4000000,42544,,0.0,0,,RPWOMLSKNHMFFCE66CB
小港區,房地(土地+建物),桂林段61~90地號,10.6,商,,,1050501,土地1建物1車位0,四層,15,住宅大樓(11層含以上有電梯),商業用,鋼筋混凝土造,,77.32,2,1,1,有,無,3250000,42033,,0.0,0,,RPQPMLSKNHMFFCE78CB
小港區,房地(土地+建物),桂林段61~90地號,10.87,商,,,1050820,土地1建物1車位0,九層,15,住宅大樓(11層含以上有電梯),商業用,鋼筋混凝土造,,79.02,2,1,1,有,無,3600000,45558,,0.0,0,含家電2萬,RPXNMLTKNHMFFCE76CB
小港區,房地(土地+建物)+車位,桂林段61~90地號,10.67,商,,,1050620,土地1建物1車位1,二層,15,住宅大樓(11層含以上有電梯),商業用,鋼筋混凝土造,,140.32,2,1,1,有,無,4780000,47594,坡道平面,63.0,1100000,含裝潢47萬+冷氣6萬,RPPOMLTKNHMFFCE68CB
小港區,房地(土地+建物),桂林段61~90地號,10.6,商,,,1051009,土地1建物1車位0,三層,15,住宅大樓(11層含以上有電梯),商業用,鋼筋混凝土造,,77.32,2,1,1,有,無,3500000,45266,,0.0,0,含裝潢25萬,RPQOMLTKNHMFFCE78CB
小港區,房地(土地+建物),桂林段61~90地號,10.6,商,,,1050707,土地1建物1車位0,五層,15,住宅大樓(11層含以上有電梯),商業用,鋼筋混凝土造,,77.32,2,1,1,有,無,3600000,46560,,0.0,0,含裝潢23萬,RPROMLTKNHMFFCE88CB
小港區,房地(土地+建物)+車位,桂林段61~90地號,12.35,商,,,1050716,土地1建物1車位1,六層,15,住宅大樓(11層含以上有電梯),商業用,鋼筋混凝土造,,151.39,2,1,1,有,無,4880000,42798,坡道平面,61.9,1050000,含家電5萬,RPSOMLTKNHMFFCE98CB
小港區,房地(土地+建物),桂林段61~90地號,10.6,商,,,1050619,土地1建物1車位0,二層,15,住宅大樓(11層含以上有電梯),商業用,鋼筋混凝土造,,77.32,2,1,1,有,無,3400000,43973,,0.0,0,,RPVOMLTKNHMFFCE66CB
小港區,房地(土地+建物),桂林段61~90地號,10.6,商,,,1050913,土地1建物1車位0,七層,15,住宅大樓(11層含以上有電梯),商業用,鋼筋混凝土造,,77.32,2,1,1,有,無,3360000,43456,,0.0,0,,RPWOMLTKNHMFFCE76CB
小港區,房地(土地+建物)+車位,桂林段61~90地號,10.67,商,,,1050626,土地1建物1車位1,十層,15,住宅大樓(11層含以上有電梯),商業用,鋼筋混凝土造,,140.32,2,1,1,有,無,4550000,44620,坡道平面,63.0,1100000,,RPXOMLTKNHMFFCE86CB
小港區,房地(土地+建物),桂林段61~90地號,10.6,商,,,1050902,土地1建物1車位0,十一層,15,住宅大樓(11層含以上有電梯),商業用,鋼筋混凝土造,,77.32,2,1,1,有,無,3200000,41386,,0.0,0,,RPPPMLTKNHMFFCE78CB
小港區,房地(土地+建物)+車位,桂林段61~90地號,16.17,商,,,1050619,土地1建物1車位1,一層,15,住宅大樓(11層含以上有電梯),商業用,鋼筋混凝土造,,181.5,2,1,1,有,無,6410000,43966,坡道平面,63.0,1200000,,RPQPMLTKNHMFFCE88CB
前鎮區,房地(土地+建物)+車位,瑞崗段五小段121~150地號,34.87,住,,,1040813,土地1建物1車位1,十層,15,住宅大樓(11層含以上有電梯),住家用,鋼筋混凝土造,,247.12,4,2,2,有,無,13500000,54629,坡道平面,23.14,0,,RPPOMLPLNHMFFCE38CB
楠梓區,房地(土地+建物)+車位,藍田西段91~120地號,14.69,商,,,1040623,土地1建物1車位1,六層,15,住宅大樓(11層含以上有電梯),商業用,鋼筋混凝土造,,166.02,3,2,2,有,無,6500000,41436,坡道平面,35.7,1100000,,RPVOMLMJOHMFFEE78CB
楠梓區,房地(土地+建物)+車位,藍田西段91~120地號,14.69,商,,,1041014,土地1建物1車位1,十層,15,住宅大樓(11層含以上有電梯),商業用,鋼筋混凝土造,,166.02,3,2,2,有,無,7140000,45964,坡道平面,35.7,1150000,,RPPPMLQJOHMFFEE68CB
楠梓區,房地(土地+建物)+車位,藍田西段91~120地號,14.69,商,,,1040523,土地1建物1車位1,十一層,15,住宅大樓(11層含以上有電梯),商業用,鋼筋混凝土造,,166.02,3,2,2,有,無,6650000,42587,坡道平面,35.7,1100000,,RPQPMLQJOHMFFEE78CB
楠梓區,房地(土地+建物)+車位,藍田西段91~120地號,14.69,商,,,1040531,土地1建物1車位1,十三層,15,住宅大樓(11層含以上有電梯),商業用,鋼筋混凝土造,,166.02,3,2,2,有,無,6680000,42434,坡道平面,35.7,1150000,,RPRPMLQJOHMFFEE88CB
楠梓區,房地(土地+建物)+車位,藍田西段91~120地號,14.69,商,,,1040125,土地1建物1車位1,十五層,15,住宅大樓(11層含以上有電梯),商業用,鋼筋混凝土造,,166.02,3,2,2,有,無,6700000,42587,坡道平面,35.7,1150000,,RPTPMLQJOHMFFEE09CB
楠梓區,房地(土地+建物),藍田西段91~120地號,13.81,商,,,1030705,土地1建物1車位0,二層,15,住宅大樓(11層含以上有電梯),商業用,鋼筋混凝土造,,124.42,3,2,2,有,無,5000000,40186,,0.0,0,,RPWOMLRJOHMFFEE76CB
楠梓區,房地(土地+建物)+車位,藍田西段91~120地號,14.03,商,,,1030707,土地1建物1車位1,三層,15,住宅大樓(11層含以上有電梯),商業用,鋼筋混凝土造,,158.09,3,2,2,有,無,6180000,41633,坡道平面,33.67,1000000,,RPOPMLRJOHMFFEE68CB
楠梓區,房地(土地+建物)+車位,藍田西段91~120地號,14.03,商,,,1030726,土地1建物1車位1,四層,15,住宅大樓(11層含以上有電梯),商業用,鋼筋混凝土造,,160.12,3,2,2,有,無,6280000,41231,坡道平面,35.7,1150000,,RPPPMLRJOHMFFEE78CB
楠梓區,房地(土地+建物)+車位,藍田西段91~120地號,14.03,商,,,1031025,土地1建物1車位1,五層,15,住宅大樓(11層含以上有電梯),商業用,鋼筋混凝土造,,160.12,3,2,2,有,無,6440000,42919,坡道平面,35.7,1100000,,RPQPMLRJOHMFFEE88CB
楠梓區,房地(土地+建物)+車位,藍田西段91~120地號,14.03,商,,,1030928,土地1建物1車位1,七層,15,住宅大樓(11層含以上有電梯),商業用,鋼筋混凝土造,,158.09,3,2,2,有,無,6590000,44527,坡道平面,33.67,1050000,,RPSPMLRJOHMFFEE09CB
楠梓區,房地(土地+建物)+車位,藍田西段91~120地號,14.03,商,,,1040507,土地1建物1車位1,八層,15,住宅大樓(11層含以上有電梯),商業用,鋼筋混凝土造,,160.12,3,2,2,有,無,6550000,43401,坡道平面,35.7,1150000,,RPTPMLRJOHMFFEE56CB
楠梓區,房地(土地+建物)+車位,藍田西段91~120地號,14.03,商,,,1040525,土地1建物1車位1,十一層,15,住宅大樓(11層含以上有電梯),商業用,鋼筋混凝土造,,160.12,3,2,2,有,無,7290000,49751,坡道平面,35.7,1100000,,RPUPMLRJOHMFFEE66CB
楠梓區,房地(土地+建物)+車位,藍田西段91~120地號,14.03,商,,,1040429,土地1建物1車位1,十三層,15,住宅大樓(11層含以上有電梯),商業用,鋼筋混凝土造,,160.12,3,2,2,有,無,6800000,45411,坡道平面,35.7,1150000,,RPVPMLRJOHMFFEE76CB
楠梓區,房地(土地+建物)+車位,藍田西段91~120地號,14.03,商,,,1040124,土地1建物1車位1,十五層,15,住宅大樓(11層含以上有電梯),商業用,鋼筋混凝土造,,160.12,3,2,2,有,無,6500000,43000,坡道平面,35.7,1150000,,RPWPMLRJOHMFFEE86CB
楠梓區,房地(土地+建物),藍田西段91~120地號,9.43,商,,,1040426,土地1建物1車位0,三層,15,住宅大樓(11層含以上有電梯),商業用,鋼筋混凝土造,,85.3,3,2,2,有,無,3620000,42438,,0.0,0,,RPOOMLSJOHMFFEE68CB
楠梓區,房地(土地+建物),藍田西段91~120地號,9.43,商,,,1040920,土地1建物1車位0,四層,15,住宅大樓(11層含以上有電梯),商業用,鋼筋混凝土造,,85.3,3,2,2,有,無,3600000,42204,,0.0,0,,RPPOMLSJOHMFFEE78CB
楠梓區,房地(土地+建物),藍田西段91~120地號,9.43,商,,,1040802,土地1建物1車位0,五層,15,住宅大樓(11層含以上有電梯),商業用,鋼筋混凝土造,,85.3,3,2,2,有,無,3680000,43142,,0.0,0,,RPQOMLSJOHMFFEE88CB
楠梓區,房地(土地+建物),藍田西段91~120地號,9.43,商,,,1040906,土地1建物1車位0,六層,15,住宅大樓(11層含以上有電梯),商業用,鋼筋混凝土造,,85.3,3,2,2,有,無,3700000,43376,,0.0,0,,RPROMLSJOHMFFEE98CB
楠梓區,房地(土地+建物),藍田西段91~120地號,9.43,商,,,1040920,土地1建物1車位0,七層,15,住宅大樓(11層含以上有電梯),商業用,鋼筋混凝土造,,85.3,3,2,2,有,無,3680000,43142,,0.0,0,,RPSOMLSJOHMFFEE09CB
楠梓區,房地(土地+建物)+車位,藍田西段91~120地號,9.65,商,,,1031002,土地1建物1車位1,九層,15,住宅大樓(11層含以上有電梯),商業用,鋼筋混凝土造,,114.6,3,2,2,有,無,4500000,43611,坡道機械,29.3,780000,,RPTOMLSJOHMFFEE56CB
楠梓區,房地(土地+建物)+車位,藍田西段91~120地號,12.72,商,,,1040921,土地1建物1車位1,十層,15,住宅大樓(11層含以上有電梯),商業用,鋼筋混凝土造,,114.6,3,2,2,有,無,4500000,45955,坡道機械,29.3,580000,,RPUOMLSJOHMFFEE66CB
楠梓區,房地(土地+建物),藍田西段91~120地號,8.99,商,,,1030824,土地1建物1車位0,三層,15,住宅大樓(11層含以上有電梯),商業用,鋼筋混凝土造,,80.04,2,2,2,有,無,3380000,42229,,0.0,0,,RPVOMLSJOHMFFEE76CB
楠梓區,房地(土地+建物)+車位,藍田西段91~120地號,9.21,商,,,1030627,土地1建物1車位1,四層,15,住宅大樓(11層含以上有電梯),商業用,鋼筋混凝土造,,109.34,2,2,2,有,無,3700000,38981,坡道機械,29.3,580000,,RPWOMLSJOHMFFEE86CB
三民區,房地(土地+建物)+車位,金獅段121~150地號,11.98,商,,,1020930,土地1建物1車位1,十四層,15,住宅大樓(11層含以上有電梯),住家用,鋼筋混凝土造,,154.85,3,2,2,有,無,8800000,56829,坡道平面,15.93,0,,RPOOMLMKOHMFFDE08CB
三民區,房地(土地+建物)+車位,金獅段121~150地號,11.98,商,,,1021014,土地1建物1車位1,十五層,15,住宅大樓(11層含以上有電梯),住家用,鋼筋混凝土造,,155.26,3,2,2,有,無,8350000,53781,坡道平面,15.93,0,,RPQOMLMKOHMFFDE28CB
三民區,房地(土地+建物)+車位,金獅段121~150地號,13.54,商,,,1020902,土地1建物1車位1,四層,15,住宅大樓(11層含以上有電梯),住家用,鋼筋混凝土造,,177.3,4,2,2,有,無,9930000,56007,坡道平面,14.25,0,,RPROMLMKOHMFFDE38CB
三民區,房地(土地+建物)+車位,金獅段121~150地號,13.71,商,,,1020813,土地1建物1車位1,八層,15,住宅大樓(11層含以上有電梯),住家用,鋼筋混凝土造,,178.98,4,2,2,有,無,10460000,58442,坡道平面,15.93,0,,RPSOMLMKOHMFFDE48CB
三民區,房地(土地+建物)+車位,金獅段121~150地號,13.71,商,,,1020911,土地1建物1車位1,九層,15,住宅大樓(11層含以上有電梯),住家用,鋼筋混凝土造,,178.98,4,2,2,有,無,11500000,64253,坡道平面,15.93,0,,RPTOMLMKOHMFFDE58CB
三民區,房地(土地+建物)+車位,金獅段121~150地號,13.71,商,,,1021010,土地1建物1車位1,十二層,15,住宅大樓(11層含以上有電梯),住家用,鋼筋混凝土造,,178.71,4,2,2,有,無,10650000,59594,坡道平面,15.93,0,,RPUOMLMKOHMFFDE68CB
三民區,房地(土地+建物)+車位,金獅段121~150地號,13.71,商,,,1020927,土地1建物1車位1,十三層,15,住宅大樓(11層含以上有電梯),住家用,鋼筋混凝土造,,178.71,4,2,2,有,無,10500000,58754,坡道平面,15.93,0,,RPVOMLMKOHMFFDE78CB
三民區,房地(土地+建物)+車位,金獅段121~150地號,13.89,商,,,1020930,土地1建物1車位1,十四層,15,住宅大樓(11層含以上有電梯),住家用,鋼筋混凝土造,,179.84,4,2,2,有,無,11080000,61610,坡道平面,15.93,0,,RPWOMLMKOHMFFDE88CB
三民區,房地(土地+建物)+車位,金獅段121~150地號,13.37,商,,,1021006,土地1建物1車位1,十五層,15,住宅大樓(11層含以上有電梯),住家用,鋼筋混凝土造,,173.94,4,2,2,有,無,10000000,57491,坡道平面,15.93,0,,RPXOMLMKOHMFFDE98CB
三民區,房地(土地+建物)+車位,金獅段121~150地號,7.81,商,,,1020817,土地1建物1車位1,五層,15,住宅大樓(11層含以上有電梯),住家用,鋼筋混凝土造,,103.27,2,1,1,有,無,6180000,59843,坡道機械,5.93,0,,RPOPMLMKOHMFFDE18CB
三民區,房地(土地+建物)+車位,金獅段121~150地號,8.68,商,,,1021016,土地1建物1車位1,十層,15,住宅大樓(11層含以上有電梯),住家用,鋼筋混凝土造,,114.74,2,1,1,有,無,6850000,59700,坡道平面,15.93,0,,RPPPMLMKOHMFFDE28CB
三民區,房地(土地+建物)+車位,金獅段121~150地號,8.68,商,,,1020930,土地1建物1車位1,十四層,15,住宅大樓(11層含以上有電梯),住家用,鋼筋混凝土造,,114.48,2,1,1,有,無,7300000,63767,坡道平面,15.93,0,,RPQPMLMKOHMFFDE38CB
三民區,房地(土地+建物)+車位,金獅段121~150地號,10.42,商,,,1020929,土地1建物1車位1,三層,15,住宅大樓(11層含以上有電梯),住家用,鋼筋混凝土造,,137.43,3,2,2,有,無,8000000,58211,坡道機械,5.93,0,,RPRPMLMKOHMFFDE48CB
三民區,房地(土地+建物)+車位,金獅段121~150地號,11.28,商,,,1020920,土地1建物1車位1,九層,15,住宅大樓(11層含以上有電梯),住家用,鋼筋混凝土造,,147.43,3,2,2,有,無,8680000,58875,坡道平面,15.93,0,,RPSPMLMKOHMFFDE58CB
三民區,房地(土地+建物)+車位,金獅段121~150地號,11.28,商,,,1020824,土地1建物1車位1,十一層,15,住宅大樓(11層含以上有電梯),住家用,鋼筋混凝土造,,147.43,3,2,2,有,無,9450000,64098,坡道平面,15.93,0,,RPTPMLMKOHMFFDE68CB
三民區,房地(土地+建物)+車位,金獅段121~150地號,6.08,商,,,1020929,土地1建物1車位1,六層,15,住宅大樓(11層含以上有電梯),住家用,鋼筋混凝土造,,81.6,2,1,1,有,無,4850000,59436,坡道機械,5.93,0,,RPWPMLMKOHMFFDE98CB
三民區,房地(土地+建物)+車位,金獅段121~150地號,7.81,商,,,1021013,土地1建物1車位1,七層,15,住宅大樓(11層含以上有電梯),住家用,鋼筋混凝土造,,103.72,2,1,1,有,無,6330000,61030,坡道機械,5.93,0,,RPXPMLMKOHMFFDE09CB
三民區,房地(土地+建物)+車位,金獅段121~150地號,7.81,商,,,1020919,土地1建物1車位1,八層,15,住宅大樓(11層含以上有電梯),住家用,鋼筋混凝土造,,103.72,2,1,1,有,無,6330000,61030,坡道機械,5.93,0,,RPOQMLMKOHMFFDE28CB
三民區,房地(土地+建物)+車位,金獅段121~150地號,7.81,商,,,1020819,土地1建物1車位1,九層,15,住宅大樓(11層含以上有電梯),住家用,鋼筋混凝土造,,103.72,2,1,1,有,無,6420000,61897,坡道機械,5.93,0,,RPPQMLMKOHMFFDE38CB
三民區,房地(土地+建物)+車位,金獅段121~150地號,7.29,商,,,1021017,土地1建物1車位1,七層,15,住宅大樓(11層含以上有電梯),住家用,鋼筋混凝土造,,95.17,2,1,1,有,無,5550000,58317,坡道平面,15.93,0,,RPQQMLMKOHMFFDE48CB
三民區,房地(土地+建物)+車位,金獅段121~150地號,6.42,商,,,1020905,土地1建物1車位1,十層,15,住宅大樓(11層含以上有電梯),住家用,鋼筋混凝土造,,85.17,2,1,1,有,無,4950000,58119,坡道機械,5.93,0,,RPRQMLMKOHMFFDE58CB
三民區,房地(土地+建物)+車位,金獅段121~150地號,6.42,商,,,1021023,土地1建物1車位1,十一層,15,住宅大樓(11層含以上有電梯),住家用,鋼筋混凝土造,,85.17,2,1,1,有,無,5550000,65164,坡道機械,5.93,0,,RPTQMLMKOHMFFDE78CB
三民區,房地(土地+建物)+車位,金獅段121~150地號,6.42,商,,,1021015,土地1建物1車位1,十二層,15,住宅大樓(11層含以上有電梯),住家用,鋼筋混凝土造,,85.17,2,1,1,有,無,5000000,58706,坡道機械,5.93,0,,RPUQMLMKOHMFFDE88CB
三民區,房地(土地+建物)+車位,金獅段121~150地號,6.42,商,,,1020923,土地1建物1車位1,十三層,15,住宅大樓(11層含以上有電梯),住家用,鋼筋混凝土造,,85.17,2,1,1,有,無,5000000,58706,坡道機械,5.93,0,,RPVQMLMKOHMFFDE98CB
三民區,房地(土地+建物)+車位,金獅段121~150地號,6.42,商,,,1020817,土地1建物1車位1,十四層,15,住宅大樓(11層含以上有電梯),住家用,鋼筋混凝土造,,85.17,2,1,1,有,無,5250000,61641,坡道機械,5.93,0,,RPXQMLMKOHMFFDE56CB
三民區,房地(土地+建物)+車位,金獅段121~150地號,6.42,商,,,1020920,土地1建物1車位1,十五層,15,住宅大樓(11層含以上有電梯),住家用,鋼筋混凝土造,,85.17,2,1,1,有,無,5000000,58706,坡道機械,5.93,0,,RPORMLMKOHMFFDE38CB
三民區,房地(土地+建物),金獅段121~150地號,5.9,商,,,1021012,土地1建物1車位0,三層,15,住宅大樓(11層含以上有電梯),住家用,鋼筋混凝土造,,78.27,2,1,1,有,無,4750000,60687,,0.0,0,,RPSRMLMKOHMFFDE78CB
三民區,房地(土地+建物)+車位,金獅段121~150地號,7.12,商,,,1021006,土地1建物1車位1,十層,15,住宅大樓(11層含以上有電梯),住家用,鋼筋混凝土造,,94.2,2,1,1,有,無,5750000,61040,坡道平面,15.93,0,,RPTRMLMKOHMFFDE88CB
三民區,房地(土地+建物)+車位,金獅段121~150地號,10.59,商,,,1020815,土地1建物1車位1,六層,15,住宅大樓(11層含以上有電梯),住家用,鋼筋混凝土造,,140.87,3,2,2,有,無,8300000,58920,坡道機械,5.93,0,,RPURMLMKOHMFFDE98CB
三民區,房地(土地+建物)+車位,金獅段121~150地號,11.46,商,,,1020919,土地1建物1車位1,七層,15,住宅大樓(11層含以上有電梯),住家用,鋼筋混凝土造,,149.7,3,2,2,有,無,9550000,63794,坡道平面,15.93,0,,RPVRMLMKOHMFFDE09CB
三民區,房地(土地+建物)+車位,金獅段121~150地號,11.46,商,,,1020817,土地1建物1車位1,九層,15,住宅大樓(11層含以上有電梯),住家用,鋼筋混凝土造,,149.7,3,2,2,有,無,8800000,58784,坡道平面,15.93,0,,RPWRMLMKOHMFFDE56CB
三民區,房地(土地+建物)+車位,金獅段121~150地號,10.59,商,,,1020817,土地1建物1車位1,十層,15,住宅大樓(11層含以上有電梯),住家用,鋼筋混凝土造,,140.87,3,2,2,有,無,8580000,60907,坡道機械,5.93,0,,RPXRMLMKOHMFFDE66CB
三民區,房地(土地+建物)+車位,金獅段121~150地號,11.46,商,,,1020819,土地1建物1車位1,十一層,15,住宅大樓(11層含以上有電梯),住家用,鋼筋混凝土造,,151.7,3,2,2,有,無,8710000,57416,坡道平面,15.93,0,,RPOSMLMKOHMFFDE48CB
三民區,房地(土地+建物)+車位,金獅段121~150地號,11.28,商,,,1020815,土地1建物1車位1,十二層,15,住宅大樓(11層含以上有電梯),住家用,鋼筋混凝土造,,150.02,3,2,2,有,無,9750000,64991,坡道平面,14.25,0,,RPPSMLMKOHMFFDE58CB
三民區,房地(土地+建物)+車位,金獅段121~150地號,11.46,商,,,1020819,土地1建物1車位1,十三層,15,住宅大樓(11層含以上有電梯),住家用,鋼筋混凝土造,,151.7,3,2,2,有,無,8770000,57811,坡道平面,15.93,0,,RPQSMLMKOHMFFDE68CB
三民區,房地(土地+建物)+車位,金獅段121~150地號,11.28,商,,,1020821,土地1建物1車位1,十五層,15,住宅大樓(11層含以上有電梯),住家用,鋼筋混凝土造,,149.13,3,2,2,有,無,8800000,59009,坡道平面,15.93,0,,RPSSMLMKOHMFFDE88CB
三民區,房地(土地+建物)+車位,金獅段121~150地號,6.42,商,,,1020815,土地1建物1車位1,七層,15,住宅大樓(11層含以上有電梯),住家用,鋼筋混凝土造,,86.53,2,1,1,有,無,5950000,68762,坡道機械,5.93,0,,RPTSMLMKOHMFFDE98CB
三民區,房地(土地+建物)+車位,金獅段121~150地號,6.42,商,,,1020817,土地1建物1車位1,九層,15,住宅大樓(11層含以上有電梯),住家用,鋼筋混凝土造,,86.53,2,1,1,有,無,6000000,69340,坡道機械,5.93,0,,RPUSMLMKOHMFFDE09CB
三民區,房地(土地+建物)+車位,金獅段121~150地號,6.42,商,,,1020924,土地1建物1車位1,十五層,15,住宅大樓(11層含以上有電梯),住家用,鋼筋混凝土造,,86.53,2,1,1,有,無,5200000,60095,坡道機械,5.93,0,,RPVSMLMKOHMFFDE56CB
三民區,房地(土地+建物)+車位,金獅段121~150地號,7.64,商,,,1021014,土地1建物1車位1,二層,15,住宅大樓(11層含以上有電梯),住家用,鋼筋混凝土造,,100.92,2,1,1,有,無,5650000,55985,坡道平面,14.25,0,,RPWSMLMKOHMFFDE66CB
三民區,房地(土地+建物)+車位,金獅段121~150地號,6.94,商,,,1020923,土地1建物1車位1,五層,15,住宅大樓(11層含以上有電梯),住家用,鋼筋混凝土造,,92.6,2,1,1,有,無,6050000,65335,坡道機械,5.93,0,,RPXSMLMKOHMFFDE76CB
三民區,房地(土地+建物)+車位,金獅段121~150地號,6.94,商,,,1020907,土地1建物1車位1,六層,15,住宅大樓(11層含以上有電梯),住家用,鋼筋混凝土造,,92.6,2,1,1,有,無,5600000,60475,坡道機械,5.93,0,,RPOTMLMKOHMFFDE58CB
三民區,房地(土地+建物)+車位,金獅段121~150地號,6.94,商,,,1021028,土地1建物1車位1,七層,15,住宅大樓(11層含以上有電梯),住家用,鋼筋混凝土造,,92.6,2,1,1,有,無,5600000,60475,坡道機械,5.93,0,,RPQTMLMKOHMFFDE78CB
三民區,房地(土地+建物)+車位,金獅段121~150地號,6.94,商,,,1020908,土地1建物1車位1,九層,15,住宅大樓(11層含以上有電梯),住家用,鋼筋混凝土造,,92.6,2,1,1,有,無,5570000,60151,坡道機械,5.93,0,,RPRTMLMKOHMFFDE88CB
三民區,房地(土地+建物)+車位,金獅段121~150地號,6.94,商,,,1020914,土地1建物1車位1,十五層,15,住宅大樓(11層含以上有電梯),住家用,鋼筋混凝土造,,92.6,2,1,1,有,無,5880000,63499,坡道機械,5.93,0,,RPSTMLMKOHMFFDE98CB
三民區,房地(土地+建物)+車位,金獅段121~150地號,6.94,商,,,1020924,土地1建物1車位1,三層,15,住宅大樓(11層含以上有電梯),住家用,鋼筋混凝土造,,91.99,2,1,1,有,無,5600000,60876,坡道機械,5.93,0,,RPTTMLMKOHMFFDE09CB
三民區,房地(土地+建物)+車位,金獅段121~150地號,6.94,商,,,1020815,土地1建物1車位1,五層,15,住宅大樓(11層含以上有電梯),住家用,鋼筋混凝土造,,91.99,2,1,1,有,無,5480000,59572,坡道機械,5.93,0,,RPUTMLMKOHMFFDE56CB
三民區,房地(土地+建物)+車位,金獅段121~150地號,6.94,商,,,1020815,土地1建物1車位1,六層,15,住宅大樓(11層含以上有電梯),住家用,鋼筋混凝土造,,91.99,2,1,1,有,無,5470000,59463,坡道機械,5.93,0,,RPVTMLMKOHMFFDE66CB
三民區,房地(土地+建物)+車位,金獅段121~150地號,6.94,商,,,1020824,土地1建物1車位1,七層,15,住宅大樓(11層含以上有電梯),住家用,鋼筋混凝土造,,91.99,2,1,1,有,無,5370000,58376,坡道機械,5.93,0,,RPWTMLMKOHMFFDE76CB
三民區,房地(土地+建物)+車位,金獅段121~150地號,6.94,商,,,1020824,土地1建物1車位1,八層,15,住宅大樓(11層含以上有電梯),住家用,鋼筋混凝土造,,91.99,2,1,1,有,無,5620000,61094,坡道機械,5.93,0,,RPXTMLMKOHMFFDE86CB
三民區,房地(土地+建物)+車位,金獅段121~150地號,6.94,商,,,1020827,土地1建物1車位1,九層,15,住宅大樓(11層含以上有電梯),住家用,鋼筋混凝土造,,91.99,2,1,1,有,無,5620000,61094,坡道機械,5.93,0,,RPPUMLMKOHMFFDE78CB
三民區,房地(土地+建物)+車位,金獅段121~150地號,6.94,商,,,1020826,土地1建物1車位1,十層,15,住宅大樓(11層含以上有電梯),住家用,鋼筋混凝土造,,91.99,2,1,1,有,無,6120000,66529,坡道機械,5.93,0,,RPQUMLMKOHMFFDE88CB
三民區,房地(土地+建物)+車位,金獅段121~150地號,6.94,商,,,1020814,土地1建物1車位1,十一層,15,住宅大樓(11層含以上有電梯),住家用,鋼筋混凝土造,,91.99,2,1,1,有,無,5690000,61855,坡道機械,5.93,0,,RPRUMLMKOHMFFDE98CB
三民區,房地(土地+建物)+車位,金獅段121~150地號,6.94,商,,,1020903,土地1建物1車位1,十二層,15,住宅大樓(11層含以上有電梯),住家用,鋼筋混凝土造,,91.99,2,1,1,有,無,5650000,61420,坡道機械,5.93,0,,RPSUMLMKOHMFFDE09CB
三民區,房地(土地+建物)+車位,金獅段121~150地號,7.81,商,,,1020908,土地1建物1車位1,十三層,15,住宅大樓(11層含以上有電梯),住家用,鋼筋混凝土造,,101.99,2,1,1,有,無,6100000,59810,坡道平面,15.93,0,,RPTUMLMKOHMFFDE56CB
三民區,房地(土地+建物)+車位,金獅段121~150地號,6.94,商,,,1020821,土地1建物1車位1,十四層,15,住宅大樓(11層含以上有電梯),住家用,鋼筋混凝土造,,91.99,2,1,1,有,無,5800000,63050,坡道機械,5.93,0,,RPUUMLMKOHMFFDE66CB
三民區,房地(土地+建物)+車位,金獅段121~150地號,6.94,商,,,1020906,土地1建物1車位1,十五層,15,住宅大樓(11層含以上有電梯),住家用,鋼筋混凝土造,,91.99,2,1,1,有,無,6500000,70660,坡道機械,5.93,0,,RPVUMLMKOHMFFDE76CB
三民區,房地(土地+建物)+車位,金獅段121~150地號,6.08,商,,,1020821,土地1建物1車位1,四層,15,住宅大樓(11層含以上有電梯),住家用,鋼筋混凝土造,,81.38,2,1,1,有,無,4880000,59966,坡道機械,5.93,0,,RPWUMLMKOHMFFDE86CB
三民區,房地(土地+建物)+車位,金獅段121~150地號,6.08,商,,,1020823,土地1建物1車位1,五層,15,住宅大樓(11層含以上有電梯),住家用,鋼筋混凝土造,,81.38,2,1,1,有,無,4880000,59966,坡道機械,5.93,0,,RPXUMLMKOHMFFDE96CB
三民區,房地(土地+建物)+車位,金獅段121~150地號,6.08,商,,,1020929,土地1建物1車位1,九層,15,住宅大樓(11層含以上有電梯),住家用,鋼筋混凝土造,,81.38,2,1,1,有,無,4880000,59966,坡道機械,5.93,0,,RPOVMLMKOHMFFDE78CB
三民區,房地(土地+建物)+車位,金獅段121~150地號,6.08,商,,,1020915,土地1建物1車位1,十二層,15,住宅大樓(11層含以上有電梯),住家用,鋼筋混凝土造,,81.38,2,1,1,有,無,5100000,62669,坡道機械,5.93,0,,RPQVMLMKOHMFFDE98CB
楠梓區,房地(土地+建物)+車位,藍田西段91~120地號,9.21,商,,,1040304,土地1建物1車位1,五層,15,住宅大樓(11層含以上有電梯),商業用,鋼筋混凝土造,,109.34,2,2,2,有,無,4200000,45227,坡道機械,29.3,580000,,RPUPMLOKOHMFFEE09CB
楠梓區,房地(土地+建物),藍田西段91~120地號,8.99,商,,,1040329,土地1建物1車位0,六層,15,住宅大樓(11層含以上有電梯),商業用,鋼筋混凝土造,,80.04,2,2,2,有,無,3520000,43978,,0.0,0,,RPWPMLOKOHMFFEE66CB
楠梓區,房地(土地+建物)+車位,藍田西段91~120地號,9.21,商,,,1031005,土地1建物1車位1,七層,15,住宅大樓(11層含以上有電梯),商業用,鋼筋混凝土造,,109.34,2,2,2,有,無,4180000,44978,坡道機械,29.3,580000,,RPXPMLOKOHMFFEE76CB
楠梓區,房地(土地+建物),藍田西段91~120地號,8.99,商,,,1040608,土地1建物1車位0,八層,15,住宅大樓(11層含以上有電梯),商業用,鋼筋混凝土造,,80.04,2,2,2,有,無,3700000,46227,,0.0,0,,RPOQMLOKOHMFFEE58CB
楠梓區,房地(土地+建物),藍田西段91~120地號,8.99,商,,,1040501,土地1建物1車位0,九層,15,住宅大樓(11層含以上有電梯),商業用,鋼筋混凝土造,,80.04,2,2,2,有,無,3500000,43728,,0.0,0,,RPPQMLOKOHMFFEE68CB
楠梓區,房地(土地+建物),藍田西段91~120地號,8.99,商,,,1040728,土地1建物1車位0,十層,15,住宅大樓(11層含以上有電梯),商業用,鋼筋混凝土造,,80.04,2,2,2,有,無,4230000,52849,,0.0,0,,RPTQMLOKOHMFFEE09CB
楠梓區,房地(土地+建物),藍田西段91~120地號,8.99,商,,,1040805,土地1建物1車位0,十一層,15,住宅大樓(11層含以上有電梯),商業用,鋼筋混凝土造,,80.04,2,2,2,有,無,3650000,45602,,0.0,0,,RPOOMLQKOHMFFEE58CB
楠梓區,房地(土地+建物),藍田西段91~120地號,8.99,商,,,1040704,土地1建物1車位0,十二層,15,住宅大樓(11層含以上有電梯),商業用,鋼筋混凝土造,,80.04,2,2,2,有,無,3600000,44978,,0.0,0,,RPROMLQKOHMFFEE88CB
楠梓區,房地(土地+建物),藍田西段91~120地號,8.99,商,,,1040626,土地1建物1車位0,十三層,15,住宅大樓(11層含以上有電梯),商業用,鋼筋混凝土造,,80.04,2,2,2,有,無,3600000,44978,,0.0,0,,RPTOMLQKOHMFFEE09CB
楠梓區,房地(土地+建物),藍田西段91~120地號,8.99,商,,,1040625,土地1建物1車位0,十四層,15,住宅大樓(11層含以上有電梯),商業用,鋼筋混凝土造,,80.04,2,2,2,有,無,3630000,45352,,0.0,0,,RPPPMLQKOHMFFEE78CB
楠梓區,房地(土地+建物),藍田西段91~120地號,8.99,商,,,1040613,土地1建物1車位0,十五層,15,住宅大樓(11層含以上有電梯),商業用,鋼筋混凝土造,,80.04,2,2,2,有,無,3680000,45977,,0.0,0,,RPTPMLQKOHMFFEE56CB
楠梓區,房地(土地+建物),藍田西段91~120地號,9.43,商,,,1040314,土地1建物1車位0,二層,15,住宅大樓(11層含以上有電梯),商業用,鋼筋混凝土造,,85.33,2,2,2,有,無,4130000,48400,,0.0,0,,RPWPMLQKOHMFFEE86CB
楠梓區,房地(土地+建物)+車位,藍田西段91~120地號,9.65,商,,,1031228,土地1建物1車位1,三層,15,住宅大樓(11層含以上有電梯),商業用,鋼筋混凝土造,,114.63,2,2,2,有,無,4020000,40314,坡道機械,29.3,580000,,RPXPMLQKOHMFFEE96CB
楠梓區,房地(土地+建物),藍田西段91~120地號,9.43,商,,,1031025,土地1建物1車位0,六層,15,住宅大樓(11層含以上有電梯),商業用,鋼筋混凝土造,,85.33,2,2,2,有,無,3700000,43361,,0.0,0,,RPOQMLQKOHMFFEE78CB
鳳山區,房地(土地+建物),五甲段271~300地號,8.95,商,,,1040224,土地1建物1車位0,一層,15,住宅大樓(11層含以上有電梯),住商用,鋼筋混凝土造,,85.31,0,0,0,無,無,7500000,87915,,0.0,0,,RPWNMLMLOHMFFGE56CB
鳳山區,房地(土地+建物),五甲段271~300地號,8.8,商,,,1040706,土地1建物1車位0,一層,15,住宅大樓(11層含以上有電梯),住商用,鋼筋混凝土造,,84.0,0,0,0,無,無,7980000,95000,,0.0,0,,RPXNMLMLOHMFFGE66CB
鳳山區,房地(土地+建物)+車位,五甲段271~300地號,14.62,商,,,1040310,土地1建物1車位1,三層,15,住宅大樓(11層含以上有電梯),住家用,鋼筋混凝土造,,139.85,3,2,2,有,無,7980000,57061,坡道機械,15.67,0,,RPOOMLMLOHMFFGE48CB
鳳山區,房地(土地+建物)+車位,五甲段271~300地號,15.37,商,,,1031228,土地1建物1車位1,四層,15,住宅大樓(11層含以上有電梯),住家用,鋼筋混凝土造,,149.78,3,2,2,有,無,8230000,54947,坡道平面,25.6,0,,RPPOMLMLOHMFFGE58CB
鳳山區,房地(土地+建物),五甲段271~300地號,12.83,商,,,1040419,土地1建物1車位0,六層,15,住宅大樓(11層含以上有電梯),住家用,鋼筋混凝土造,,124.18,3,2,2,有,無,7260000,58464,,0.0,0,,RPQOMLMLOHMFFGE68CB
鳳山區,房地(土地+建物)+車位,五甲段271~300地號,15.37,商,,,1031110,土地1建物1車位1,七層,15,住宅大樓(11層含以上有電梯),住家用,鋼筋混凝土造,,149.78,3,2,2,有,無,8470000,56550,坡道平面,25.6,0,,RPROMLMLOHMFFGE78CB
鳳山區,房地(土地+建物)+車位,五甲段271~300地號,15.37,商,,,1031209,土地1建物1車位1,八層,15,住宅大樓(11層含以上有電梯),住家用,鋼筋混凝土造,,149.78,3,2,2,有,無,8760000,58486,坡道平面,25.6,0,,RPSOMLMLOHMFFGE88CB
鳳山區,房地(土地+建物)+車位,五甲段271~300地號,15.37,商,,,1040317,土地1建物1車位1,九層,15,住宅大樓(11層含以上有電梯),住家用,鋼筋混凝土造,,149.78,3,2,2,有,無,8700000,58085,坡道平面,25.6,0,,RPTOMLMLOHMFFGE98CB
鳳山區,房地(土地+建物)+車位,五甲段271~300地號,15.37,商,,,1031109,土地1建物1車位1,十三層,15,住宅大樓(11層含以上有電梯),住家用,鋼筋混凝土造,,149.78,3,2,2,有,無,8770000,58553,坡道平面,25.6,0,,RPVOMLMLOHMFFGE56CB
鳳山區,房地(土地+建物)+車位,五甲段271~300地號,14.32,商,,,1040526,土地1建物1車位1,十五層,15,住宅大樓(11層含以上有電梯),住家用,鋼筋混凝土造,,136.42,3,2,2,有,無,8020000,58789,坡道機械,15.67,0,,RPWOMLMLOHMFFGE66CB
鳳山區,房地(土地+建物),五甲段271~300地號,12.83,商,,,1040624,土地1建物1車位0,五層,15,住宅大樓(11層含以上有電梯),住家用,鋼筋混凝土造,,123.96,3,2,2,有,無,6980000,56308,,0.0,0,,RPPPMLMLOHMFFGE68CB
鳳山區,房地(土地+建物)+車位,五甲段271~300地號,11.04,商,,,1031207,土地1建物1車位1,六層,15,住宅大樓(11層含以上有電梯),住家用,鋼筋混凝土造,,105.75,2,1,1,有,無,6080000,57494,坡道機械,15.67,0,,RPQPMLMLOHMFFGE78CB
鳳山區,房地(土地+建物)+車位,五甲段271~300地號,11.04,商,,,1031109,土地1建物1車位1,八層,15,住宅大樓(11層含以上有電梯),住家用,鋼筋混凝土造,,105.75,2,1,1,有,無,6100000,57683,坡道機械,15.67,0,,RPRPMLMLOHMFFGE88CB
鳳山區,房地(土地+建物)+車位,五甲段271~300地號,11.04,商,,,1040326,土地1建物1車位1,十一層,15,住宅大樓(11層含以上有電梯),住家用,鋼筋混凝土造,,105.75,2,1,1,有,無,6100000,57683,坡道機械,15.67,0,,RPSPMLMLOHMFFGE98CB
鳳山區,房地(土地+建物),五甲段271~300地號,9.25,商,,,1040125,土地1建物1車位0,四層,15,住宅大樓(11層含以上有電梯),住家用,鋼筋混凝土造,,90.29,2,1,1,有,無,5100000,56485,,0.0,0,,RPUPMLMLOHMFFGE56CB
鳳山區,房地(土地+建物),五甲段271~300地號,9.25,商,,,1031130,土地1建物1車位0,五層,15,住宅大樓(11層含以上有電梯),住家用,鋼筋混凝土造,,90.29,2,1,1,有,無,5360000,59364,,0.0,0,,RPVPMLMLOHMFFGE66CB
鳳山區,房地(土地+建物)+車位,五甲段271~300地號,11.04,商,,,1040106,土地1建物1車位1,九層,15,住宅大樓(11層含以上有電梯),住家用,鋼筋混凝土造,,105.96,2,1,1,有,無,6150000,58041,坡道機械,15.67,0,,RPWPMLMLOHMFFGE76CB
鳳山區,房地(土地+建物)+車位,五甲段271~300地號,11.04,商,,,1031111,土地1建物1車位1,十一層,15,住宅大樓(11層含以上有電梯),住家用,鋼筋混凝土造,,105.96,2,1,1,有,無,6280000,59268,坡道機械,15.67,0,,RPPQMLMLOHMFFGE78CB
鳳山區,房地(土地+建物)+車位,五甲段271~300地號,11.04,商,,,1031123,土地1建物1車位1,十三層,15,住宅大樓(11層含以上有電梯),住家用,鋼筋混凝土造,,105.96,2,1,1,有,無,6280000,59268,坡道機械,15.67,0,,RPQQMLMLOHMFFGE88CB
鳳山區,房地(土地+建物)+車位,五甲段271~300地號,14.62,商,,,1040516,土地1建物1車位1,四層,15,住宅大樓(11層含以上有電梯),住家用,鋼筋混凝土造,,139.85,3,2,2,有,無,7750000,55417,坡道機械,15.67,0,,RPRQMLMLOHMFFGE98CB
鳳山區,房地(土地+建物)+車位,五甲段271~300地號,15.37,商,,,1040428,土地1建物1車位1,六層,15,住宅大樓(11層含以上有電梯),住家用,鋼筋混凝土造,,149.78,3,2,2,有,無,8100000,54079,坡道平面,25.6,0,,RPSQMLMLOHMFFGE09CB
鳳山區,房地(土地+建物)+車位,五甲段271~300地號,15.37,商,,,1040517,土地1建物1車位1,九層,15,住宅大樓(11層含以上有電梯),住家用,鋼筋混凝土造,,149.78,3,2,2,有,無,8500000,56750,坡道平面,25.6,0,,RPTQMLMLOHMFFGE56CB
鳳山區,房地(土地+建物)+車位,五甲段271~300地號,15.07,商,,,1040405,土地1建物1車位1,十五層,15,住宅大樓(11層含以上有電梯),住家用,鋼筋混凝土造,,146.35,3,2,2,有,無,8700000,59447,坡道平面,25.6,0,,RPUQMLMLOHMFFGE66CB
鳳山區,房地(土地+建物),五甲段271~300地號,12.83,商,,,1040505,土地1建物1車位0,十三層,15,住宅大樓(11層含以上有電梯),住家用,鋼筋混凝土造,,123.96,3,2,2,有,無,7380000,59535,,0.0,0,,RPVQMLMLOHMFFGE76CB
鳳山區,房地(土地+建物),五甲段271~300地號,12.38,商,,,1040510,土地1建物1車位0,十五層,15,住宅大樓(11層含以上有電梯),住家用,鋼筋混凝土造,,120.47,3,2,2,有,無,8080000,67071,,0.0,0,,RPWQMLMLOHMFFGE86CB
鳳山區,房地(土地+建物),五甲段271~300地號,9.25,商,,,1040701,土地1建物1車位0,八層,15,住宅大樓(11層含以上有電梯),住家用,鋼筋混凝土造,,89.92,2,1,1,有,無,5500000,61165,,0.0,0,,RPXQMLMLOHMFFGE96CB
鳳山區,房地(土地+建物),五甲段271~300地號,9.25,商,,,1040517,土地1建物1車位0,九層,15,住宅大樓(11層含以上有電梯),住家用,鋼筋混凝土造,,89.92,2,1,1,有,無,5300000,58941,,0.0,0,,RPORMLMLOHMFFGE78CB
鳳山區,房地(土地+建物),五甲段271~300地號,9.25,商,,,1040502,土地1建物1車位0,十層,15,住宅大樓(11層含以上有電梯),住家用,鋼筋混凝土造,,89.92,2,1,1,有,無,5180000,57607,,0.0,0,,RPPRMLMLOHMFFGE88CB
楠梓區,房地(土地+建物),藍田西段91~120地號,9.43,商,,,1040623,土地1建物1車位0,九層,15,住宅大樓(11層含以上有電梯),商業用,鋼筋混凝土造,,85.33,2,2,2,有,無,3750000,43947,,0.0,0,,RPPOMLPJPHMFFEE58CB
楠梓區,房地(土地+建物),藍田西段91~120地號,9.43,商,,,1040704,土地1建物1車位0,十層,15,住宅大樓(11層含以上有電梯),商業用,鋼筋混凝土造,,85.33,2,2,2,有,無,4330000,50744,,0.0,0,,RPQOMLPJPHMFFEE68CB
楠梓區,房地(土地+建物),藍田西段91~120地號,9.43,商,,,1040628,土地1建物1車位0,十一層,15,住宅大樓(11層含以上有電梯),商業用,鋼筋混凝土造,,85.33,2,2,2,有,無,3800000,44533,,0.0,0,,RPROMLPJPHMFFEE78CB
楠梓區,房地(土地+建物)+車位,藍田西段91~120地號,9.65,商,,,1030705,土地1建物1車位1,十三層,15,住宅大樓(11層含以上有電梯),商業用,鋼筋混凝土造,,114.63,2,2,2,有,無,4400000,42424,坡道機械,29.3,780000,,RPSOMLPJPHMFFEE88CB
楠梓區,房地(土地+建物),藍田西段91~120地號,9.43,商,,,1040627,土地1建物1車位0,十四層,15,住宅大樓(11層含以上有電梯),商業用,鋼筋混凝土造,,85.33,2,2,2,有,無,3770000,44181,,0.0,0,,RPTOMLPJPHMFFEE98CB
楠梓區,房地(土地+建物)+車位,藍田西段91~120地號,9.21,商,,,1030908,土地1建物1車位1,二層,15,住宅大樓(11層含以上有電梯),商業用,鋼筋混凝土造,,110.14,2,2,2,有,無,3960000,41811,坡道機械,29.3,580000,,RPWOMLPJPHMFFEE66CB
楠梓區,房地(土地+建物),藍田西段91~120地號,8.99,商,,,1030816,土地1建物1車位0,四層,15,住宅大樓(11層含以上有電梯),商業用,鋼筋混凝土造,,80.84,2,2,2,有,無,3300000,40821,,0.0,0,,RPXOMLPJPHMFFEE76CB
楠梓區,房地(土地+建物),藍田西段91~120地號,8.99,商,,,1031014,土地1建物1車位0,五層,15,住宅大樓(11層含以上有電梯),商業用,鋼筋混凝土造,,80.84,2,2,2,有,無,3400000,42058,,0.0,0,,RPOPMLPJPHMFFEE58CB
楠梓區,房地(土地+建物)+車位,藍田西段91~120地號,9.21,商,,,1040125,土地1建物1車位1,六層,15,住宅大樓(11層含以上有電梯),商業用,鋼筋混凝土造,,110.14,2,2,2,有,無,3960000,41811,坡道機械,29.3,580000,,RPQPMLPJPHMFFEE78CB
楠梓區,房地(土地+建物)+車位,藍田西段91~120地號,8.99,商,,,1030720,土地1建物1車位1,七層,15,住宅大樓(11層含以上有電梯),商業用,鋼筋混凝土造,,110.14,2,2,2,有,無,4150000,44161,坡道機械,29.3,580000,,RPRPMLPJPHMFFEE88CB
楠梓區,房地(土地+建物),藍田西段91~120地號,8.99,商,,,1040331,土地1建物1車位0,八層,15,住宅大樓(11層含以上有電梯),商業用,鋼筋混凝土造,,80.84,2,2,2,有,無,3600000,44532,,0.0,0,,RPSPMLPJPHMFFEE98CB
楠梓區,房地(土地+建物),藍田西段91~120地號,8.99,商,,,1040606,土地1建物1車位0,九層,15,住宅大樓(11層含以上有電梯),商業用,鋼筋混凝土造,,80.84,2,2,2,有,無,3560000,44038,,0.0,0,,RPTPMLPJPHMFFEE09CB
楠梓區,房地(土地+建物),藍田西段91~120地號,8.99,商,,,1040822,土地1建物1車位0,十層,15,住宅大樓(11層含以上有電梯),商業用,鋼筋混凝土造,,80.84,2,2,2,有,無,4180000,51707,,0.0,0,,RPUPMLPJPHMFFEE56CB
楠梓區,房地(土地+建物),藍田西段91~120地號,8.99,商,,,1040302,土地1建物1車位0,十一層,15,住宅大樓(11層含以上有電梯),商業用,鋼筋混凝土造,,80.84,2,2,2,有,無,3750000,46388,,0.0,0,,RPVPMLPJPHMFFEE66CB
楠梓區,房地(土地+建物),藍田西段91~120地號,8.99,商,,,1040614,土地1建物1車位0,十三層,15,住宅大樓(11層含以上有電梯),商業用,鋼筋混凝土造,,80.84,2,2,2,有,無,3610000,44656,,0.0,0,,RPWPMLPJPHMFFEE76CB
楠梓區,房地(土地+建物),藍田西段91~120地號,8.99,商,,,1031013,土地1建物1車位0,二層,15,住宅大樓(11層含以上有電梯),商業用,鋼筋混凝土造,,81.21,2,2,2,有,無,3360000,41374,,0.0,0,,RPXPMLPJPHMFFEE86CB
楠梓區,房地(土地+建物)+車位,藍田西段91~120地號,9.21,商,,,1031005,土地1建物1車位1,三層,15,住宅大樓(11層含以上有電梯),商業用,鋼筋混凝土造,,110.51,2,2,2,有,無,3830000,40020,坡道機械,29.3,580000,,RPOQMLPJPHMFFEE68CB
楠梓區,房地(土地+建物),藍田西段91~120地號,8.99,商,,,1030702,土地1建物1車位0,四層,15,住宅大樓(11層含以上有電梯),商業用,鋼筋混凝土造,,81.21,2,2,2,有,無,3330000,41005,,0.0,0,,RPRNMLQJPHMFFEE78CB
楠梓區,房地(土地+建物),藍田西段91~120地號,8.99,商,,,1031012,土地1建物1車位0,五層,15,住宅大樓(11層含以上有電梯),商業用,鋼筋混凝土造,,81.21,2,2,2,有,無,3500000,43098,,0.0,0,,RPSNMLQJPHMFFEE88CB
楠梓區,房地(土地+建物),藍田西段91~120地號,8.99,商,,,1031116,土地1建物1車位0,六層,15,住宅大樓(11層含以上有電梯),商業用,鋼筋混凝土造,,81.21,2,2,2,有,無,3400000,41867,,0.0,0,,RPTNMLQJPHMFFEE98CB
楠梓區,房地(土地+建物)+車位,藍田西段91~120地號,9.21,商,,,1040421,土地1建物1車位1,七層,15,住宅大樓(11層含以上有電梯),商業用,鋼筋混凝土造,,110.51,2,2,2,有,無,4680000,50486,坡道機械,29.3,580000,,RPWNMLQJPHMFFEE66CB
楠梓區,房地(土地+建物),藍田西段91~120地號,8.99,商,,,1040501,土地1建物1車位0,八層,15,住宅大樓(11層含以上有電梯),商業用,鋼筋混凝土造,,81.21,2,2,2,有,無,3580000,44083,,0.0,0,,RPXNMLQJPHMFFEE76CB
楠梓區,房地(土地+建物),藍田西段91~120地號,8.99,商,,,1040518,土地1建物1車位0,九層,15,住宅大樓(11層含以上有電梯),商業用,鋼筋混凝土造,,81.21,2,2,2,有,無,3600000,44330,,0.0,0,,RPOOMLQJPHMFFEE58CB
楠梓區,房地(土地+建物),藍田西段91~120地號,8.99,商,,,1040516,土地1建物1車位0,十一層,15,住宅大樓(11層含以上有電梯),商業用,鋼筋混凝土造,,81.21,2,2,2,有,無,3500000,43098,,0.0,0,,RPROMLQJPHMFFEE88CB
楠梓區,房地(土地+建物),藍田西段91~120地號,8.99,商,,,1040606,土地1建物1車位0,十二層,15,住宅大樓(11層含以上有電梯),商業用,鋼筋混凝土造,,81.21,2,2,2,有,無,4050000,49871,,0.0,0,,RPSOMLQJPHMFFEE98CB
楠梓區,房地(土地+建物),藍田西段91~120地號,8.99,商,,,1040503,土地1建物1車位0,十四層,15,住宅大樓(11層含以上有電梯),商業用,鋼筋混凝土造,,81.21,2,2,2,有,無,3500000,43098,,0.0,0,,RPTOMLQJPHMFFEE09CB
楠梓區,房地(土地+建物),藍田西段91~120地號,8.99,商,,,1040510,土地1建物1車位0,十五層,15,住宅大樓(11層含以上有電梯),商業用,鋼筋混凝土造,,81.21,2,2,2,有,無,3500000,43098,,0.0,0,,RPXOMLQJPHMFFEE86CB
楠梓區,房地(土地+建物),藍田西段91~120地號,8.99,商,,,1031109,土地1建物1車位0,二層,15,住宅大樓(11層含以上有電梯),商業用,鋼筋混凝土造,,81.21,2,2,2,有,無,3940000,48516,,0.0,0,,RPVOMLRLPHMFFEE96CB
楠梓區,房地(土地+建物),藍田西段91~120地號,8.99,商,,,1031005,土地1建物1車位0,三層,15,住宅大樓(11層含以上有電梯),商業用,鋼筋混凝土造,,81.21,2,2,2,有,無,3250000,40020,,0.0,0,,RPWOMLRLPHMFFEE07CB
楠梓區,房地(土地+建物),藍田西段91~120地號,8.99,商,,,1030703,土地1建物1車位0,四層,15,住宅大樓(11層含以上有電梯),商業用,鋼筋混凝土造,,81.21,2,2,2,有,無,3330000,41005,,0.0,0,,RPXOMLRLPHMFFEE17CB
楠梓區,房地(土地+建物),藍田西段91~120地號,8.99,商,,,1031109,土地1建物1車位0,五層,15,住宅大樓(11層含以上有電梯),商業用,鋼筋混凝土造,,81.21,2,2,2,有,無,3480000,42852,,0.0,0,,RPVQMLRLPHMFFEE17CB
楠梓區,房地(土地+建物),藍田西段91~120地號,8.99,商,,,1031110,土地1建物1車位0,六層,15,住宅大樓(11層含以上有電梯),商業用,鋼筋混凝土造,,81.21,2,2,2,有,無,3400000,41867,,0.0,0,,RPORMLRLPHMFFEE56CB
