﻿編號,屋齡,建物移轉面積平方公尺,主要用途,主要建材,建築完成日期,總層數,建物分層
The serial number,room age,building shifting area square meter,the main use,main building materials,construction completes the date,total layer,building lamination
RPVPMLMJNHMFFAH78CC,22,111.91,住家用,鋼筋混凝土造,84年8月31日,十二層,
RPVPMLMJNHMFFAH78CC,22,4.33,共有部份,鋼筋混凝土造,84年8月31日,十二層,
RPVPMLMJNHMFFAH78CC,22,.16,共有部份,鋼筋混凝土造,84年8月31日,十二層,
RPUOMLMJNHMFFAH58CC,22,113.33,住家用,鋼筋混凝土造,84年5月6日,七層,
RPUOMLMJNHMFFAH58CC,22,21.39,共有部份,鋼筋混凝土造,84年5月6日,七層,
RPUOMLMJNHMFFAH58CC,22,7.89,共有部份,鋼筋混凝土造,84年5月6日,七層,
RPXOMLLJNHMFFAH78CC,21,30.40,住家用,鋼筋混凝土造,85年1月18日,十七層,
RPXOMLLJNHMFFAH78CC,21,12.56,共有部份,鋼筋混凝土造,85年1月18日,十七層,
RPOPMLLJNHMFFAH97CC,28,170.43,見其他登記事項,鋼筋混凝土造,78年2月28日,三層,
RPPPMLLJNHMFFAH08CC,21,71.08,住家用,鋼筋混凝土造,85年4月12日,二十一層,
RPPPMLLJNHMFFAH08CC,21,44.30,共有部份,鋼筋混凝土造,85年4月12日,十三層,
RPPPMLLJNHMFFAH08CC,21,10.30,共有部份,鋼筋混凝土造,85年4月12日,二十一層,
RPRNMLMJNHMFFFH88EC,21,73.96,住家用,鋼筋混凝土造,84年12月1日,十五層,
RPRNMLMJNHMFFFH88EC,21,24.82,共有部分,鋼筋混凝土造,84年12月1日,十五層,
RPPOMLMJNHMFFGH68CC,2,130.63,住家用,鋼筋混凝土造,104年9月30日,二十層,
RPPOMLMJNHMFFGH68CC,2,20.58,共有部份,鋼筋混凝土造,104年9月30日,二十層,
RPPOMLMJNHMFFGH68CC,2,38.94,共有部份,鋼筋混凝土造,104年9月30日,二十層,
RPPOMLMJNHMFFGH68CC,2,41.90,共有部份,鋼筋混凝土造,104年9月30日,二十層,
RPRNMLNJNHMFFGH98DC,37,63.05,住家用,加強磚造,69年1月14日,二層,
RPOOMLMJNHMFFEH48DC,3,59.28,住家用,鋼筋混凝土造,103年3月7日,十層,
RPTNMLMJNHMFFGH98CC,12,234.14,見其他登記事項,鋼筋混凝土造,94年4月7日,四層,
RPTNMLMJNHMFFGH98CC,12,23.91,共有部份,鋼筋混凝土造,94年4月7日,四層,
RPUPMLMJNHMFFBH78CC,27,110.90,住家用,鋼筋混凝土造,79年10月17日,八層,
RPUPMLMJNHMFFBH78CC,27,19.91,住家用,鋼筋混凝土造,79年10月17日,八層,
RPQQMLMJNHMFFBH48CC,16,35.16,住家用,鋼筋混凝土造,90年8月30日,二十二層,
RPQQMLMJNHMFFBH48CC,16,1.21,共有部分,鋼筋混凝土造,90年8月30日,二十二層,
RPQQMLMJNHMFFBH48CC,16,8.45,共有部分,鋼筋混凝土造,90年8月30日,二十二層,
RPQQMLMJNHMFFBH48CC,16,.95,共有部分,鋼筋混凝土造,90年8月30日,二十二層,
RPSPMLMJNHMFFBH58CC,19,70.02,住家用,鋼筋混凝土造,87年8月4日,十五層,
RPSNMLNJNHMFFBH58DC,26,272.76,商業用,鋼筋混凝土造,80年7月29日,十四層,
RPTNMLMJNHMFFBH48CC,8,64.05,住商用,鋼筋混凝土造,98年4月15日,十四層,
RPXOMLMJNHMFFBH98CC,39,85.32,住家用,加強磚造,67年8月18日,二層,
RPPQMLMJNHMFFBH38CC,20,33.66,住家用,鋼筋混凝土造,86年10月13日,十八層,
RPPQMLMJNHMFFBH38CC,20,11.34,共有部分,鋼筋混凝土造,86年10月13日,十八層,
RPPQMLMJNHMFFBH38CC,20,6.00,共有部分,鋼筋混凝土造,86年10月13日,十八層,
RPQPMLNJNHMFFAH48DC,2,117.89,住家用,鋼筋混凝土造,103年12月11日,十層,
RPQQMLNJNHMFFAH58DC,16,59.57,住家用,鋼筋混凝土造,90年6月20日,九層,
RPQQMLNJNHMFFAH58DC,16,2.12,共有部份,鋼筋混凝土造,90年6月20日,九層,
RPQQMLNJNHMFFAH58DC,16,11.64,共有部份,鋼筋混凝土造,90年6月20日,九層,
RPQQMLNJNHMFFAH58DC,16,.27,住家用,鋼筋混凝土造,90年6月20日,九層,
RPQQMLNJNHMFFAH58DC,16,36.75,共有部份,鋼筋混凝土造,90年6月20日,九層,
RPQQMLNJNHMFFAH58DC,16,.40,住家用,鋼筋混凝土造,90年6月20日,九層,
RPQQMLNJNHMFFAH58DC,16,6.60,共有部份,鋼筋混凝土造,90年6月20日,九層,
RPQQMLNJNHMFFAH58DC,16,2.37,共有部份,鋼筋混凝土造,90年6月20日,九層,
RPOPMLOJNHMFFAH38DC,11,464.61,見其他登記事項,見其他登記事項,94年11月1日,二層,
RPRNMLOJNHMFFAH38CC,24,70.12,住家用,鋼筋混凝土造,82年5月13日,七層,
RPRNMLOJNHMFFAH38CC,24,24.56,共有部份,鋼筋混凝土造,82年5月13日,七層,
RPPQMLNJNHMFFAH48DC,9,68.59,商業用,鋼筋混凝土造,96年12月23日,九層,
RPPQMLNJNHMFFAH48DC,9,58.50,見其他登記事項,鋼筋混凝土造,96年12月23日,九層,
RPPQMLNJNHMFFAH48DC,9,82.00,商業用,鋼筋混凝土造,96年12月23日,九層,
RPPQMLNJNHMFFAH48DC,9,66.55,見其他登記事項,鋼筋混凝土造,96年12月23日,九層,
RPTNMLNJNHMFFGH56DC,2,59.57,住家用,鋼筋混凝土造,104年10月6日,十五層,
RPUNMLNJNHMFFGH66DC,2,81.35,住家用,鋼筋混凝土造,104年4月16日,十四層,
RPWNMLPJNHMFFFH96DC,2,130.23,住家用,鋼筋混凝土造,104年6月17日,二十四層,
RPOPMLSJNHMFFAH78DC,42,53.25,住家用,加強磚造,63年12月14日,二層,
RPUNMLSJNHMFFAH09CC,24,66.53,住家用,鋼筋混凝土造,82年5月13日,七層,
RPUNMLSJNHMFFAH09CC,24,23.32,共有部份,鋼筋混凝土造,82年5月13日,七層,
RPSPMLSJNHMFFBH56CC,4,88.04,見其他登記事項,鋼筋混凝土造,102年5月25日,十五層,
RPSPMLSJNHMFFBH56CC,4,70.82,見其他登記事項,鋼筋混凝土造,102年5月25日,十五層,
RPSPMLOJNHMFFEH09CC,5,133.48,見其他登記事項,鋼筋混凝土造,101年9月18日,十四層,
RPSPMLOJNHMFFEH09CC,5,31.03,共有部份,鋼筋混凝土造,101年9月18日,十四層,
RPSPMLOJNHMFFEH09CC,5,20.46,共有部份,鋼筋混凝土造,101年9月18日,十四層,
RPSNMLSJNHMFFEH66CC,2,110.03,見其他登記事項,鋼筋混凝土造,103年12月5日,三層,
RPSNMLSJNHMFFEH66CC,2,57.53,見其他登記事項,鋼筋混凝土造,103年12月5日,三層,
RPQNMLOJNHMFFEH68CC,5,236.47,見其他登記事項,見其他登記事項,101年8月20日,二層,
RPRNMLSJNHMFFEH56CC,22,439.58,住家用,鋼筋混凝土造,84年2月11日,八層,
RPRNMLSJNHMFFEH56CC,22,23.78,共有部份,鋼筋混凝土造,84年2月11日,八層,
RPRNMLSJNHMFFEH56CC,22,51.13,共有部份,鋼筋混凝土造,84年2月11日,四層,
RPUNMLSJNHMFFEH86CC,13,152.54,見其他登記事項,鋼筋混凝土造,93年3月25日,十四層,
RPUNMLSJNHMFFEH86CC,13,21.92,共有部份,鋼筋混凝土造,93年3月25日,十四層,
RPUNMLSJNHMFFEH86CC,13,33.80,共有部份,鋼筋混凝土造,93年3月25日,十四層,
RPTOMLSJNHMFFFH07DC,1,235.72,見其他登記事項,鋼筋混凝土造,105年6月22日,十三層,
RPVSMLSJNHMFFBH27DC,5,153.78,見其他登記事項,鋼筋混凝土造,101年4月9日,十四層,
RPVSMLSJNHMFFBH27DC,5,33.82,見其他登記事項,鋼筋混凝土造,101年4月9日,十四層,
RPVSMLSJNHMFFBH27DC,5,16.63,見其他登記事項,鋼筋混凝土造,101年4月9日,十四層,
RPVSMLSJNHMFFBH27DC,5,91.05,見其他登記事項,鋼筋混凝土造,101年4月9日,十四層,
RPTNMLPJNHMFFHH76CC,2,101.31,住家用,鋼筋混凝土造,104年6月18日,九層,
RPTNMLPJNHMFFHH76CC,2,55.74,見其他登記事項,鋼筋混凝土造,104年6月18日,九層,
RPTNMLPJNHMFFHH76CC,2,15.29,見其他登記事項,鋼筋混凝土造,104年6月18日,九層,
RPXPMLTJNHMFFBH17CC,5,1976.85,見其他登記事項,見其他登記事項,100年12月29日,二層,
RPQPMLTJNHMFFAH98CC,15,18.61,共有部份,鋼筋混凝土造,90年11月5日,五層,
RPOOMLTJNHMFFAH68CC,9,265.87,見其他登記事項,鋼筋混凝土造,97年3月5日,四層,
RPQNMLQJNHMFFGH09CC,20,75.69,住家用,鋼筋混凝土造,85年11月25日,七層,
RPQNMLQJNHMFFGH09CC,20,16.93,共有部份,鋼筋混凝土造,85年11月25日,七層,
RPQNMLQJNHMFFGH09CC,20,7.87,共有部份,鋼筋混凝土造,85年11月25日,七層,
RPSQMLTJNHMFFAH66CC,25,158.20,見其他登記事項,見其他登記事項,81年3月23日,二十二層,
RPPPMLTJNHMFFEH66CC,10,112.69,見其他登記事項,鋼筋混凝土造,96年7月19日,十四層,
RPPPMLTJNHMFFEH66CC,10,38.01,見其他登記事項,鋼筋混凝土造,96年7月19日,十四層,
RPPPMLTJNHMFFEH66CC,10,17.46,見其他登記事項,鋼筋混凝土造,96年7月19日,十四層,
RPPPMLTJNHMFFEH66CC,10,26.98,共有部份,鋼筋混凝土造,96年7月19日,十四層,
RPPPMLTJNHMFFEH66CC,10,5.45,共有部份,鋼筋混凝土造,96年7月19日,十四層,
RPQOMLTJNHMFFAH98DC,5,162.89,住家用,鋼筋混凝土造,101年10月19日,十二層,
RPUNMLKKNHMFFBH48CC,8,217.06,農舍,見其他登記事項,97年12月29日,二層,
RPOOMLKKNHMFFBH97CC,8,217.06,農舍,見其他登記事項,97年12月29日,二層,
RPTOMLKKNHMFFBH48CC,3,251.45,見其他登記事項,鋼筋混凝土造,103年9月29日,五層,
RPTOMLKKNHMFFBH48CC,3,.32,見其他登記事項,鋼筋混凝土造,103年9月29日,五層,
RPTOMLTJNHMFFDH86CC,3,60.90,住家用,鋼筋混凝土造,102年11月15日,十二層,
RPTOMLTJNHMFFDH86CC,3,66.61,共同使用部份,鋼筋混凝土造,102年11月15日,十二層,
RPTNMLKKNHMFFDH58CC,2,63.46,住家用,鋼筋混凝土造,104年5月25日,十五層,
RPTNMLKKNHMFFDH58CC,2,63.92,見其他登記事項,鋼筋混凝土造,104年5月25日,十五層,
RPVOMLKKNHMFFBH68CC,33,23.65,住家用,鋼筋混凝土造,73年5月29日,四層,
RPOPMLKKNHMFFBH08CC,40,46.56,住家用,加強磚造,65年11月18日,二層,
RPWOMLKKNHMFFBH78CC,39,49.28,住家用,加強磚造,67年1月19日,二層,
RPRQMLKKNHMFFBH48CC,16,80.16,住家用,鋼筋混凝土造,90年10月26日,二十一層,
RPRQMLKKNHMFFBH48CC,16,2.88,共有部分,鋼筋混凝土造,90年10月26日,二十一層,
RPRQMLKKNHMFFBH48CC,16,18.64,共有部分,鋼筋混凝土造,90年10月26日,二十一層,
RPRQMLKKNHMFFBH48CC,16,1.89,共有部分,鋼筋混凝土造,90年10月26日,二十一層,
RPRQMLKKNHMFFBH48CC,16,.57,共有部分,鋼筋混凝土造,90年10月26日,二十一層,
RPTOMLKKNHMFFAH58EC,29,52.15,住家用,鋼筋混凝土造,77年3月12日,四層,
RPQOMLKKNHMFFGH88EC,12,64.99,見其他登記事項,鋼筋混凝土造,94年1月30日,十二層,
RPQOMLKKNHMFFGH88EC,12,38.90,共有部份,鋼筋混凝土造,94年1月30日,十二層,
RPQOMLKKNHMFFGH88EC,12,26.12,共有部份,鋼筋混凝土造,94年1月30日,十二層,
RPQOMLKKNHMFFGH88EC,12,75.89,見其他登記事項,鋼筋混凝土造,94年1月30日,十二層,
RPQOMLKKNHMFFGH88EC,12,32.24,共有部份,鋼筋混凝土造,94年1月30日,十二層,
RPQOMLKKNHMFFGH88EC,12,.26,共有部份,鋼筋混凝土造,94年1月30日,十二層,
RPQPMLKKNHMFFBH48EC,5,57.48,見其他登記事項,鋼筋混凝土造,100年6月28日,十五層,
RPQPMLKKNHMFFBH48EC,5,18.96,見其他登記事項,鋼筋混凝土造,100年6月28日,十五層,
RPQPMLKKNHMFFBH48EC,5,7.50,見其他登記事項,鋼筋混凝土造,100年6月28日,十五層,
RPVNMLKKNHMFFEH09EC,13,74.96,住家用,鋼筋混凝土造,93年3月18日,九層,
RPVNMLKKNHMFFEH09EC,13,9.29,共有部份,鋼筋混凝土造,93年3月18日,九層,
RPVNMLKKNHMFFEH09EC,13,4.37,共有部份,鋼筋混凝土造,93年3月18日,九層,
RPVNMLKKNHMFFEH09EC,13,16.10,共有部份,鋼筋混凝土造,93年3月18日,九層,
RPWNMLKKNHMFFEH56EC,33,1035.38,見其他登記事項,鋼筋混凝土造,72年11月11日,三層,
RPTNMLTJNHMFFHH17CC,2,101.31,住家用,鋼筋混凝土造,104年6月18日,九層,
RPTNMLTJNHMFFHH17CC,2,55.74,見其他登記事項,鋼筋混凝土造,104年6月18日,九層,
RPTNMLTJNHMFFHH17CC,2,15.29,見其他登記事項,鋼筋混凝土造,104年6月18日,九層,
RPPNMLLKNHMFFDH48EC,37,80.88,住家用,鋼筋混凝土造,68年10月3日,四層,
RPQQMLMKNHMFFBH68DC,15,112.40,住家用,鋼筋混凝土造,91年9月20日,十四層,
RPQQMLMKNHMFFBH68DC,15,24.80,共有部分,鋼筋混凝土造,91年9月20日,十四層,
RPQQMLMKNHMFFBH68DC,15,53.59,共有部分,鋼筋混凝土造,91年9月20日,十四層,
RPPOMLMKNHMFFBH38DC,3,77.46,見其他登記事項,鋼筋混凝土造,103年4月2日,五層,
RPPOMLMKNHMFFBH38DC,3,24.88,見其他登記事項,鋼筋混凝土造,103年4月2日,五層,
RPPPMLMKNHMFFEH78DC,26,158.84,工業用,鋼筋混凝土造,80年10月8日,九層,
RPVOMLMKNHMFFBH88CC,20,46.80,住家用,鋼筋混凝土造,85年10月29日,四層,
RPVOMLMKNHMFFBH88CC,20,16.65,共有部分,鋼筋混凝土造,85年10月29日,四層,
RPXPMLTJNHMFFFH67DC,1,95.97,見其他登記事項,鋼筋混凝土造,105年4月12日,二十三層,
RPXPMLTJNHMFFFH67DC,1,10.28,見其他登記事項,鋼筋混凝土造,105年4月12日,二十三層,
RPXPMLTJNHMFFFH67DC,1,7.98,見其他登記事項,鋼筋混凝土造,105年4月12日,二十三層,
RPXPMLTJNHMFFFH67DC,1,48.90,見其他登記事項,鋼筋混凝土造,105年4月12日,二十三層,
RPXPMLTJNHMFFFH67DC,1,.06,見其他登記事項,鋼筋混凝土造,105年4月12日,二十三層,
RPXPMLTJNHMFFFH67DC,1,39.97,見其他登記事項,鋼筋混凝土造,105年4月12日,二十三層,
RPXQMLMKNHMFFBH76DC,3,204.06,見其他登記事項,鋼筋混凝土造,103年6月28日,十四層,
RPSNMLKKNHMFFFH68CC,2,67.20,住家用,鋼筋混凝土造,104年6月17日,二十四層,
RPSNMLKKNHMFFFH68CC,2,31.12,見其他登記事項,鋼筋混凝土造,104年6月17日,二十四層,
RPSNMLKKNHMFFFH68CC,2,37.11,見其他登記事項,鋼筋混凝土造,104年6月17日,二十四層,
RPSOMLKKNHMFFFH88DC,33,96.11,住家用,鋼筋混凝土造,73年1月10日,四層,
RPXOMLTJNHMFFFH67EC,21,124.01,商業用,鋼筋混凝土造,84年11月14日,七層,
RPUOMLKKNHMFFFH09DC,4,223.61,見其他登記事項,鋼筋混凝土造,102年5月3日,十七層,
RPUNMLKKNHMFFFH09EC,10,474.81,工業用,見其他登記事項,95年8月11日,一層,
RPPOMLMKNHMFFAH18CC,19,64.88,住家用,鋼筋混凝土造,87年5月27日,十八層,
RPPOMLMKNHMFFAH18CC,19,1.30,共有部份,鋼筋混凝土造,87年5月27日,十八層,
RPSPMLMKNHMFFBH68CC,26,19.47,住家用,鋼筋混凝土造,80年2月6日,十二層,
RPSPMLMKNHMFFBH68CC,26,3.41,共有部分,鋼筋混凝土造,80年2月6日,十二層,
RPROMLMKNHMFFAH38CC,36,86.80,見其他登記事項,鋼筋混凝土造,70年8月14日,五層,
RPROMLMKNHMFFAH38CC,36,1.23,共有部份,鋼筋混凝土造,70年8月14日,五層,
RPXNMLMKNHMFFFH76CC,20,50.32,商業用,鋼筋混凝土造,85年11月28日,八層,
RPXNMLMKNHMFFFH76CC,20,6.32,共有部分,鋼筋混凝土造,85年11月28日,八層,
RPXNMLPKNHMFFAH56CC,23,110.61,住家用,鋼筋混凝土造,83年7月13日,十八層,
RPXNMLPKNHMFFAH56CC,23,16.98,共有部份,鋼筋混凝土造,83年7月13日,十七層,
RPRNMLPKNHMFFAH68DC,17,39.42,共有部份,鋼筋混凝土造,89年7月28日,七層,
RPRNMLPKNHMFFAH68DC,17,110.70,住家用,鋼筋混凝土造,89年7月28日,七層,
RPVNMLPKNHMFFFH86CC,24,60.41,住家用,鋼筋混凝土造,82年8月13日,四層,
RPVNMLPKNHMFFFH86CC,24,5.97,共有部分,鋼筋混凝土造,82年8月13日,四層,
RPSNMLMKNHMFFDH68CC,2,68.52,住家用,鋼筋混凝土造,104年5月25日,十五層,
RPSNMLMKNHMFFDH68CC,2,64.20,見其他登記事項,鋼筋混凝土造,104年5月25日,十五層,
RPTPMLMKNHMFFBH78CC,24,84.23,見其他登記事項,鋼筋混凝土造,81年11月16日,六層,
RPTPMLMKNHMFFBH78CC,24,33.46,共有部分,鋼筋混凝土造,81年11月16日,六層,
RPOOMLPKNHMFFAH38CC,3,86.32,住家用,鋼筋混凝土造,103年2月26日,十五層,
RPOOMLPKNHMFFAH38CC,3,71.95,見其他登記事項,鋼筋混凝土造,103年2月26日,十五層,
RPVQMLQKNHMFFBH86CC,32,94.26,住家用,鋼筋混凝土造,74年10月21日,五層,
RPSTMLQKNHMFFBH86CC,23,538.70,工業用,鋼筋混凝土造,83年9月26日,八層,
RPXQMLQKNHMFFBH07CC,22,27.10,見其他登記事項,見其他登記事項,84年4月22日,二十層,
RPXQMLQKNHMFFBH07CC,22,49.37,見其他登記事項,見其他登記事項,84年4月22日,二十層,
RPXQMLQKNHMFFBH07CC,22,17.67,共有部分,見其他登記事項,84年4月22日,二十層,
RPXQMLQKNHMFFBH07CC,22,9.12,共有部分,見其他登記事項,84年4月22日,二十層,
RPXQMLQKNHMFFBH07CC,22,26.33,共有部分,見其他登記事項,84年4月22日,二十層,
RPRPMLPKNHMFFBH88CC,39,109.14,住家用,加強磚造,67年1月19日,二層,
RPWPMLPKNHMFFBH76CC,24,87.03,住家用,鋼筋混凝土造,82年6月30日,七層,
RPWPMLPKNHMFFBH76CC,24,5.46,共有部分,鋼筋混凝土造,82年6月30日,七層,
RPTQMLQKNHMFFAH56CC,6,68.10,商業用,鋼筋混凝土造,100年5月6日,十二層,
RPTQMLQKNHMFFAH56CC,6,13.80,見其他登記事項,鋼筋混凝土造,100年5月6日,十二層,
RPTQMLQKNHMFFAH56CC,6,14.90,見其他登記事項,鋼筋混凝土造,100年5月6日,十二層,
RPTPMLQKNHMFFAH09CC,40,114.22,住商用,鋼筋混凝土造,66年7月21日,三層,
RPVPMLQKNHMFFAH76DC,6,619.77,見其他登記事項,鋼筋混凝土造,99年12月10日,五層,
RPPNMLKKNHMFFCH18DC,37,183.33,住家用,加強磚造,69年10月23日,二層,
RPWNMLRKNHMFFEH07CC,16,52.87,住家用,鋼筋混凝土造,90年10月3日,十三層,
RPRNMLRKNHMFFAH78CC,23,97.00,住家用,鋼筋混凝土造,83年9月5日,十四層,
RPRNMLRKNHMFFAH78CC,23,26.85,共有部份,鋼筋混凝土造,83年9月5日,十四層,
RPXNMLQKNHMFFCH86CC,13,1258.70,見其他登記事項,見其他登記事項,92年12月4日,2,
RPSNMLQKNHMFFFH66CC,2,62.71,住家用,鋼筋混凝土造,104年1月23日,十五層,
RPSNMLQKNHMFFFH66CC,2,41.21,見其他登記事項,鋼筋混凝土造,104年1月23日,十五層,
RPSNMLQKNHMFFFH66CC,2,10.14,見其他登記事項,鋼筋混凝土造,104年1月23日,十五層,
RPSOMLRKNHMFFAH98CC,14,80.58,住家用,鋼筋混凝土造,91年11月29日,十層,
RPSOMLRKNHMFFAH98CC,14,8.51,共有部份,鋼筋混凝土造,91年11月29日,十層,
RPSOMLRKNHMFFAH98CC,14,18.94,共有部份,鋼筋混凝土造,91年11月29日,十層,
RPVNMLQKNHMFFFH96CC,4,109.44,住家用,鋼筋混凝土造,102年5月3日,十七層,
RPVNMLQKNHMFFFH96CC,4,18.39,見其他登記事項,鋼筋混凝土造,102年5月3日,十九層,
RPVNMLQKNHMFFFH96CC,4,35.87,見其他登記事項,鋼筋混凝土造,102年5月3日,十九層,
RPVNMLQKNHMFFFH96CC,4,33.87,見其他登記事項,鋼筋混凝土造,102年5月3日,十七層,
RPROMLSKNHMFFBH09CC,17,320.26,見其他登記事項,鋼筋混凝土造,89年7月27日,五層,
RPQSMLSKNHMFFBH76CC,10,144.40,見其他登記事項,鋼筋混凝土造,95年11月15日,五層,
RPRPMLSKNHMFFAH56DC,39,43.36,住家用,鋼筋混凝土造,67年6月23日,四層,
RPWNMLSKNHMFFAH86DC,36,103.65,住家用,鋼筋混凝土造,70年4月17日,四層,
RPVSMLSKNHMFFBH37DC,19,214.83,住家用,鋼筋混凝土造,87年8月5日,七層,
RPSPMLSKNHMFFAH66DC,20,91.18,住家用,鋼筋混凝土造,86年9月25日,十四層,
RPWNMLTKNHMFFGH47CC,23,90.65,見其他登記事項,鋼筋混凝土造,82年12月2日,五層,
RPWNMLTKNHMFFGH47CC,24,8.35,共有部份,鋼筋混凝土造,82年10月16日,五層,
RPUNMLRKNHMFFFH17EC,2,129.25,住家用,鋼筋混凝土造,104年6月9日,十五層,
RPWPMLTKNHMFFFH57CC,36,29.00,見其他登記事項,鋼筋混凝土造,70年9月2日,二層,
RPQPMLTKNHMFFBH56CC,13,70.18,住商用,鋼筋混凝土造,93年5月11日,三層,
RPXOMLTKNHMFFBH17CC,23,105.19,住家用,鋼筋混凝土造,83年3月4日,十二層,
RPXOMLTKNHMFFBH17CC,23,21.77,共有部分,鋼筋混凝土造,83年3月4日,十二層,
RPSPMLRKNHMFFFH17EC,24,50.14,見其他登記事項,鋼筋混凝土造,82年2月15日,七層,
RPXOMLTKNHMFFBH17CC,23,15.63,共有部分,鋼筋混凝土造,83年3月4日,十二層,
RPRPMLTKNHMFFBH66CC,18,29.78,見其他登記事項,鋼筋混凝土造,88年7月2日,十四層,
RPRPMLTKNHMFFBH66CC,18,9.54,共有部分,鋼筋混凝土造,88年7月2日,十四層,
RPRPMLTKNHMFFBH66CC,18,7.27,共有部分,鋼筋混凝土造,88年7月2日,十四層,
RPVPMLTKNHMFFFH57DC,14,40.22,見其他登記事項,鋼筋混凝土造,92年4月14日,五層,
RPVPMLTKNHMFFFH57DC,14,38.99,見其他登記事項,鋼筋混凝土造,92年4月14日,五層,
RPVPMLTKNHMFFFH57DC,14,28.67,見其他登記事項,鋼筋混凝土造,92年4月14日,五層,
RPVPMLTKNHMFFFH57DC,14,34.41,見其他登記事項,鋼筋混凝土造,92年4月14日,五層,
RPVPMLTKNHMFFFH57DC,14,18.63,見其他登記事項,鋼筋混凝土造,92年4月14日,五層,
RPVPMLTKNHMFFFH57DC,14,18.96,見其他登記事項,鋼筋混凝土造,92年4月14日,五層,
RPVPMLTKNHMFFFH57DC,14,55.14,見其他登記事項,鋼筋混凝土造,92年4月14日,五層,
RPVPMLTKNHMFFFH57DC,14,.86,見其他登記事項,鋼筋混凝土造,92年4月14日,五層,
RPXNMLTKNHMFFAH96CC,13,237.94,住家用,鋼筋混凝土造,93年8月1日,五層,
RPXOMLMLNHMFFAH09CC,36,142.00,工業用,鋼筋混凝土造,70年10月29日,二層,
RPUPMLTKNHMFFBH96CC,33,24.83,住家用,鋼筋混凝土造,73年5月28日,五層,
RPTPMLTKNHMFFBH86CC,33,24.39,住家用,鋼筋混凝土造,73年5月28日,五層,
RPXNMLMLNHMFFBH09CC,23,98.15,住家用,鋼筋混凝土造,83年5月26日,十二層,
RPXNMLMLNHMFFBH09CC,23,19.69,共有部分,鋼筋混凝土造,83年5月26日,十一層,
RPVNMLMLNHMFFBH88CC,9,28.15,住家用,鋼筋混凝土造,97年4月6日,二十二層,
RPVNMLMLNHMFFBH88CC,9,1.47,共有部分,鋼筋混凝土造,97年4月6日,二十二層,
RPVNMLMLNHMFFBH88CC,9,1.33,共有部分,鋼筋混凝土造,97年4月6日,二十二層,
RPVNMLMLNHMFFBH88CC,9,5.68,共有部分,鋼筋混凝土造,97年4月6日,二十二層,
RPVNMLMLNHMFFBH88CC,9,.31,共有部分,鋼筋混凝土造,97年4月6日,二十二層,
RPVNMLMLNHMFFBH88CC,9,.70,共有部分,鋼筋混凝土造,97年4月6日,二十二層,
RPOOMLMLNHMFFBH28CC,15,95.17,住家用,鋼筋混凝土造,91年5月16日,十二層,
RPOOMLMLNHMFFBH28CC,15,10.69,共有部分,鋼筋混凝土造,91年5月16日,十二層,
RPOOMLMLNHMFFBH28CC,15,47.17,共有部分,鋼筋混凝土造,91年5月16日,十二層,
RPTNMLSKNHMFFEH96DC,9,330.88,見其他登記事項,鋼筋混凝土造,97年1月29日,五層,
RPUNMLMLNHMFFGH66CC,3,85.77,住家用,鋼筋混凝土造,103年10月21日,十二層,
RPUNMLMLNHMFFGH66CC,3,60.65,共有部份,鋼筋混凝土造,103年10月21日,十二層,
RPUNMLMLNHMFFGH66CC,3,.14,共有部份,鋼筋混凝土造,103年10月21日,十二層,
RPUNMLMLNHMFFGH66CC,3,21.60,共有部份,鋼筋混凝土造,103年10月21日,十二層,
RPVNMLMLNHMFFGH76CC,2,65.85,住家用,鋼筋混凝土造,104年4月8日,五層,
RPVNMLMLNHMFFGH76CC,2,33.65,共有部份,鋼筋混凝土造,104年4月8日,五層,
RPVNMLMLNHMFFGH76CC,2,13.17,共有部份,鋼筋混凝土造,104年4月8日,五層,
RPXRMLMLNHMFFAH86DC,39,76.30,住家用,鋼筋混凝土造,67年1月26日,四層,
RPWRMLMLNHMFFAH76DC,8,162.82,住家用,鋼筋混凝土造,98年10月30日,十二層,
RPUOMLMLNHMFFBH88CC,26,120.70,住家用,鋼筋混凝土造,80年2月6日,十二層,
RPUOMLMLNHMFFBH88CC,26,13.53,共有部分,鋼筋混凝土造,80年2月6日,十二層,
RPPQMLMLNHMFFBH58CC,18,91.57,見其他登記事項,鋼筋混凝土造,88年9月14日,十五層,
RPPQMLMLNHMFFBH58CC,18,10.87,共有部分,鋼筋混凝土造,88年9月14日,十五層,
RPPQMLMLNHMFFBH58CC,18,2.79,共有部分,鋼筋混凝土造,88年9月14日,十五層,
RPPQMLMLNHMFFBH58CC,18,4.36,共有部分,鋼筋混凝土造,88年9月14日,十五層,
RPPQMLMLNHMFFBH58CC,18,.50,共有部分,鋼筋混凝土造,88年9月14日,十五層,
RPOOMLSKNHMFFEH09CC,29,913.82,工業用,鋼筋混凝土造,77年10月18日,二層,
RPTPMLMLNHMFFBH98DC,6,97.61,見其他登記事項,鋼筋混凝土造,100年8月31日,四層,
RPQPMLNLNHMFFBH78DC,2,153.38,見其他登記事項,鋼筋混凝土造,104年3月10日,二十層,
RPQPMLNLNHMFFBH78DC,2,95.91,見其他登記事項,鋼筋混凝土造,104年3月10日,二十層,
RPXNMLNLNHMFFGH17DC,19,73.07,住家用,鋼筋混凝土造,87年5月1日,十層,
RPTNMLNLNHMFFGH66CC,9,184.61,見其他登記事項,鋼筋混凝土造,97年2月15日,五層,
RPTNMLNLNHMFFGH66CC,9,.25,見其他登記事項,鋼筋混凝土造,97年2月15日,一層,
RPTOMLNLNHMFFDH56DC,37,66.92,國民住宅,鋼筋混凝土造,69年4月2日,四層,
RPPNMLNLNHMFFGH98DC,22,78.23,住家用,鋼筋混凝土造,84年2月27日,五層,
RPQPMLNLNHMFFAH68DC,10,87.80,見其他登記事項,鋼筋混凝土造,96年4月11日,五層,
RPVNMLNLNHMFFGH86CC,29,89.20,住家用,加強磚造,76年12月28日,二層,
RPRNMLNLNHMFFFH98CC,21,95.59,住家用,鋼筋混凝土造,85年3月12日,八層,
RPRNMLNLNHMFFFH98CC,21,20.51,共有部分,鋼筋混凝土造,85年3月12日,八層,
RPRNMLNLNHMFFFH98CC,21,5.49,見其他登記事項,鋼筋混凝土造,85年3月12日,八層,
RPXPMLNLNHMFFEH17DC,17,73.85,商業用,鋼筋混凝土造,88年11月23日,九層,
RPXPMLNLNHMFFEH17DC,17,9.70,商業用,鋼筋混凝土造,88年11月23日,九層,
RPXPMLNLNHMFFEH17DC,17,10.95,共有部份,鋼筋混凝土造,88年11月23日,九層,
RPXPMLNLNHMFFEH17DC,17,43.02,共有部份,鋼筋混凝土造,88年11月23日,九層,
RPSNMLNLNHMFFFH09CC,2,86.93,住家用,鋼筋混凝土造,104年6月9日,十五層,
RPSNMLNLNHMFFFH09CC,2,69.63,見其他登記事項,鋼筋混凝土造,104年6月9日,十五層,
RPROMLNLNHMFFBH88EC,1,58.15,見其他登記事項,鋼筋混凝土造,104年12月8日,十一層,
RPTOMLNLNHMFFEH56CC,16,149.05,住家用,鋼筋混凝土造,90年6月18日,十層,
RPTOMLNLNHMFFEH56CC,4,61.00,共有部份,鋼筋混凝土造,102年9月18日,二十一層,
RPUPMLNLNHMFFEH76CC,12,131.02,住家用,鋼筋混凝土造,94年2月1日,八層,
RPUPMLNLNHMFFEH76CC,22,31.00,住家用,鋼筋混凝土造,84年6月5日,八層,
RPUPMLNLNHMFFEH76CC,22,20.00,住家用,鋼筋混凝土造,84年6月5日,八層,
RPTPMLNLNHMFFEH66CC,4,127.30,住家用,鋼筋混凝土造,101年11月5日,十三層,
RPTPMLNLNHMFFEH66CC,16,25.00,住家用,鋼筋混凝土造,90年6月18日,九層,
RPTPMLNLNHMFFEH66CC,4,50.00,共有部份,鋼筋混凝土造,101年11月5日,十二層,
RPTOMLNLNHMFFBH88CC,1,64.48,見其他登記事項,鋼筋混凝土造,104年12月30日,十五層,
RPTOMLNLNHMFFBH88CC,1,31.67,見其他登記事項,鋼筋混凝土造,104年12月30日,十五層,
RPQNMLNLNHMFFBH48CC,21,37.13,住家用,鋼筋混凝土造,85年8月29日,十三層,
RPRQMLNLNHMFFEH56CC,16,134.19,住家用,鋼筋混凝土造,90年6月18日,十層,
RPRQMLNLNHMFFEH56CC,4,81.00,共有部份,鋼筋混凝土造,102年9月18日,二十一層,
RPSOMLNLNHMFFBH78CC,24,83.81,住家用,鋼筋混凝土造,82年1月13日,五層,
RPSOMLNLNHMFFBH78CC,24,2.43,共有部分,鋼筋混凝土造,82年1月13日,五層,
RPUNMLNLNHMFFFH66CC,1,113.42,見其他登記事項,鋼筋混凝土造,105年4月12日,二十三層,
RPUNMLNLNHMFFFH66CC,1,48.57,見其他登記事項,鋼筋混凝土造,105年4月12日,二十三層,
RPVOMLNLNHMFFBH09CC,1,64.48,見其他登記事項,鋼筋混凝土造,104年12月30日,十五層,
RPVOMLNLNHMFFBH09CC,1,57.52,見其他登記事項,鋼筋混凝土造,104年12月30日,十五層,
RPUOMLNLNHMFFBH98CC,21,44.08,住家用,鋼筋混凝土造,85年2月6日,十一層,
RPUOMLNLNHMFFBH98CC,21,6.32,共有部分,鋼筋混凝土造,85年2月6日,十一層,
RPUOMLNLNHMFFBH98CC,21,8.77,共有部分,鋼筋混凝土造,85年2月6日,十一層,
RPXQMLNLNHMFFAH76CC,4,129.02,住家用,鋼筋混凝土造,102年1月28日,二十九層,
RPXQMLNLNHMFFAH76CC,4,12.37,住家用,鋼筋混凝土造,102年1月28日,二十九層,
RPXQMLNLNHMFFAH76CC,4,5.11,住家用,鋼筋混凝土造,102年1月28日,二十九層,
RPOOMLOLNHMFFGH09DC,29,86.25,住家用,鋼筋混凝土造,77年1月26日,五層,
RPTOMLOLNHMFFFH86DC,11,233.87,見其他登記事項,鋼筋混凝土造,95年11月1日,五層,
RPQNMLPLNHMFFAH58CC,8,164.87,見其他登記事項,鋼筋混凝土造,98年2月23日,五層,
RPQNMLPLNHMFFCH78CC,24,137.84,商業用,鋼筋混凝土造,81年11月30日,七層,
RPSNMLPLNHMFFEH56CC,2,99.70,見其他登記事項,鋼筋混凝土造,104年7月13日,十八層,
RPSNMLOLNHMFFEH56DC,9,146.52,見其他登記事項,鋼筋混凝土造,97年4月1日,十層,
RPRNMLPLNHMFFAH68CC,22,25.64,住家用,鋼筋混凝土造,84年4月19日,二十層,
RPRNMLPLNHMFFAH68CC,22,4.63,住家用,鋼筋混凝土造,84年6月10日,十四層,
RPRNMLPLNHMFFAH68CC,22,.56,共有部份,鋼筋混凝土造,84年4月19日,二十層,
RPUNMLQLNHMFFAH09CC,15,88.36,住家用,鋼筋混凝土造,91年6月12日,九層,
RPUNMLQLNHMFFAH09CC,15,29.97,共有部份,鋼筋混凝土造,91年6月12日,九層,
RPSNMLRLNHMFFAH98CC,2,194.37,住家用,鋼筋混凝土造,104年7月6日,十五層,
RPTNMLRLNHMFFAH09CC,45,262.60,住家用,加強磚造,61年10月28日,二層,
RPPNMLKMNHMFFEH48CC,11,55.46,住家用,鋼筋混凝土造,95年11月5日,十二層,
RPWPMLLMNHMFFAH09CC,6,340.51,工業用,鋼筋混凝土造,100年7月13日,四層,
RPPNMLTLNHMFFAH88CC,21,41.13,見其他登記事項,鋼筋混凝土造,85年1月27日,八層,
RPRPMLLMNHMFFBH68CC,19,80.92,住家用,鋼筋混凝土造,87年7月1日,七層,
RPRPMLLMNHMFFBH68CC,19,13.58,共有部分,鋼筋混凝土造,87年7月1日,七層,
RPRPMLLMNHMFFBH68CC,19,16.27,共有部分,鋼筋混凝土造,87年7月1日,七層,
RPSPMLLMNHMFFBH78CC,15,125.30,住家用,鋼筋混凝土造,91年9月20日,十四層,
RPSPMLLMNHMFFBH78CC,15,29.20,共有部份,鋼筋混凝土造,91年9月20日,十四層,
RPSPMLLMNHMFFBH78CC,15,55.92,共有部份,鋼筋混凝土造,91年9月20日,十四層,
RPXPMLLJOHMFFBH56DC,26,80.42,住家用,鋼筋混凝土造,80年2月6日,十二層,
RPSOMLLJOHMFFAH38CC,20,75.54,住家用,鋼筋混凝土造,86年8月15日,九層,
RPSOMLLJOHMFFAH38CC,20,11.00,共有部份,鋼筋混凝土造,86年8月15日,九層,
RPSOMLLJOHMFFAH38CC,20,17.69,共有部份,鋼筋混凝土造,86年8月15日,九層,
RPSOMLLJOHMFFAH38CC,20,30.36,共有部份,鋼筋混凝土造,86年8月15日,九層,
RPVRMLLJOHMFFAH98CC,7,383.54,商業用,鋼筋混凝土造,99年4月22日,二十五層,
RPSNMLLJOHMFFGH88CC,24,142.78,商業用,鋼筋混凝土造,82年4月12日,二十一層,
RPSNMLLJOHMFFGH88CC,24,39.17,共有部份,鋼筋混凝土造,82年4月12日,二十五層,
RPSNMLLJOHMFFGH88CC,24,14.59,共有部份,鋼筋混凝土造,82年4月12日,二十五層,
RPSNMLLJOHMFFGH88CC,24,1.01,共有部份,鋼筋混凝土造,82年4月12日,二十五層,
RPSNMLLJOHMFFGH88CC,24,34.50,共有部份,鋼筋混凝土造,82年4月12日,二十五層,
RPSOMLMJOHMFFCH68CC,6,.00,見其他登記事項,鋼筋混凝土造,100年9月19日,十三層,
RPSOMLMJOHMFFCH68CC,6,30.90,見其他登記事項,鋼筋混凝土造,100年9月19日,一層,
RPSOMLLMNHMFFEH98CC,1,56.69,住家用,鋼筋混凝土造,105年5月12日,十一層,
RPVNMLMJOHMFFEH09CC,22,74.64,見其他登記事項,鋼筋混凝土造,84年9月25日,二十層,
RPVNMLMJOHMFFEH09CC,22,105.98,見其他登記事項,鋼筋混凝土造,84年9月25日,二十層,
RPWOMLLMNHMFFEH76CC,1,56.69,住家用,鋼筋混凝土造,105年5月12日,十一層,
RPQOMLMJOHMFFEH68CC,15,40.96,住家用,鋼筋混凝土造,91年5月23日,十七層,
RPQOMLMJOHMFFEH68CC,15,2.31,共有部份,鋼筋混凝土造,91年5月23日,十七層,
RPQOMLMJOHMFFEH68CC,15,13.29,共有部份,鋼筋混凝土造,91年5月23日,十七層,
RPSNMLNJOHMFFAH48CC,7,53.83,見其他登記事項,鋼筋混凝土造,99年9月24日,五層,
RPSQMLMJOHMFFBH78CC,6,57.23,見其他登記事項,鋼筋混凝土造,100年6月28日,十五層,
RPSQMLMJOHMFFBH78CC,6,31.50,見其他登記事項,鋼筋混凝土造,100年6月28日,十五層,
RPSQMLMJOHMFFBH78CC,6,10.35,見其他登記事項,鋼筋混凝土造,100年6月28日,十五層,
RPROMLMJOHMFFEH88DC,22,32.91,住家用,鋼筋混凝土造,84年8月11日,二十層,
RPROMLMJOHMFFEH88DC,22,8.31,共有部份,鋼筋混凝土造,84年8月11日,二十層,
RPROMLMJOHMFFEH88DC,22,4.69,共有部份,鋼筋混凝土造,84年8月11日,二十層,
RPSOMLMJOHMFFEH98DC,9,100.50,住家用,鋼筋混凝土造,97年4月1日,十層,
RPSOMLMJOHMFFEH98DC,9,12.91,共有部份,鋼筋混凝土造,97年4月1日,十層,
RPSOMLMJOHMFFEH98DC,9,25.71,共有部份,鋼筋混凝土造,97年4月1日,十層,
RPRNMLNJOHMFFFH88CC,35,84.00,住家用,加強磚造,71年2月18日,四層,
RPWNMLNJOHMFFEH76DC,26,103.65,住家用,鋼筋混凝土造,80年4月25日,五層,
RPSNMLNJOHMFFFH98CC,2,62.71,住家用,鋼筋混凝土造,104年1月23日,十五層,
RPSNMLNJOHMFFFH98CC,2,41.22,見其他登記事項,鋼筋混凝土造,104年1月23日,十五層,
RPSNMLNJOHMFFFH98CC,2,10.13,見其他登記事項,鋼筋混凝土造,104年1月23日,十五層,
RPTNMLNJOHMFFFH09CC,2,93.40,住家用,鋼筋混凝土造,104年4月20日,十五層,
RPTNMLNJOHMFFFH09CC,2,70.14,見其他登記事項,鋼筋混凝土造,104年4月20日,十五層,
RPQPMLMJOHMFFAH38CC,10,55.00,見其他登記事項,鋼筋混凝土造,96年4月19日,五層,
RPPNMLOJOHMFFEH68CC,18,173.48,住家用,鋼筋混凝土造,88年9月23日,十一層,
RPTOMLMJOHMFFAH58CC,38,117.06,商業用,鋼筋混凝土造,68年9月6日,四層,
RPTOMLMJOHMFFAH58CC,38,10.38,共有部份,鋼筋混凝土造,68年9月6日,四層,
RPUPMLMJOHMFFAH78CC,14,46.54,住家用,鋼筋混凝土造,92年7月28日,十四層,
RPUPMLMJOHMFFAH78CC,14,6.71,共有部份,鋼筋混凝土造,92年7月28日,十四層,
RPUPMLMJOHMFFAH78CC,14,10.02,共有部份,鋼筋混凝土造,92年7月28日,十四層,
RPTPMLMJOHMFFAH68CC,24,75.45,住商用,鋼筋混凝土造,82年8月2日,七層,
RPTPMLMJOHMFFAH68CC,24,16.43,共有部份,鋼筋混凝土造,82年8月2日,七層,
RPXOMLMJOHMFFAH98CC,3,87.41,住家用,鋼筋混凝土造,103年4月18日,十層,
RPXOMLMJOHMFFAH98CC,3,67.45,見其他登記事項,鋼筋混凝土造,103年4月18日,十層,
RPXOMLMJOHMFFAH98CC,3,16.68,見其他登記事項,鋼筋混凝土造,103年4月18日,十層,
RPTOMLPJOHMFFEH66CC,13,194.88,見其他登記事項,鋼筋混凝土造,93年2月5日,五層,
RPRNMLPJOHMFFHH66CC,24,190.91,見其他登記事項,鋼筋混凝土造,82年1月12日,十一層,
RPRNMLPJOHMFFHH66CC,24,80.64,共有部份,鋼筋混凝土造,82年1月12日,十一層,
RPPOMLPJOHMFFHH56CC,34,85.93,住家用,鋼筋混凝土造,72年6月30日,五層,
RPPOMLPJOHMFFHH56CC,34,1.25,共有部份,鋼筋混凝土造,72年6月30日,五層,
RPOOMLPJOHMFFHH09CC,3,78.43,住商用,鋼筋混凝土造,103年2月24日,十八層,
RPOOMLPJOHMFFHH09CC,3,21.46,見其他登記事項,鋼筋混凝土造,103年2月24日,十八層,
RPOOMLPJOHMFFHH09CC,3,44.15,見其他登記事項,鋼筋混凝土造,103年2月24日,十九層,
RPSNMLPJOHMFFHH76CC,21,30.23,住家用,鋼筋混凝土造,85年3月13日,八層,
RPSNMLPJOHMFFHH76CC,21,6.54,共有部份,鋼筋混凝土造,85年3月13日,八層,
RPSNMLPJOHMFFHH76CC,21,4.47,共有部份,鋼筋混凝土造,85年3月13日,八層,
RPPPMLPJOHMFFAH58CC,19,27.27,見其他登記事項,鋼筋混凝土造,86年12月24日,十七層,
RPPPMLPJOHMFFAH58CC,19,3.24,共有部份,鋼筋混凝土造,86年12月24日,十七層,
RPPPMLPJOHMFFAH58CC,19,8.34,共有部份,鋼筋混凝土造,86年12月24日,十七層,
RPWNMLPJOHMFFAH09CC,26,86.13,見其他登記事項,鋼筋混凝土造,80年5月22日,五層,
RPWNMLPJOHMFFAH09CC,26,13.78,見其他登記事項,鋼筋混凝土造,80年5月22日,五層,
RPRPMLPJOHMFFAH78CC,6,43.64,住家用,鋼筋混凝土造,100年8月29日,十三層,
RPRPMLPJOHMFFAH78CC,6,67.22,見其他登記事項,鋼筋混凝土造,100年8月29日,十三層,
RPQPMLPJOHMFFAH68CC,20,49.87,住家用,鋼筋混凝土造,86年4月19日,二十三層,
RPQPMLPJOHMFFAH68CC,20,3.31,共有部份,鋼筋混凝土造,86年4月19日,二十八層,
RPQPMLPJOHMFFAH68CC,20,.09,共有部份,鋼筋混凝土造,86年4月19日,二十三層,
RPQPMLPJOHMFFAH68CC,20,7.98,共有部份,鋼筋混凝土造,86年4月19日,二十三層,
RPRQMLPJOHMFFBH98CC,37,165.67,住家用,鋼筋混凝土造,69年6月10日,三層,
RPSPMLPJOHMFFAH88CC,47,72.95,住家用,加強磚造,59年6月7日,三層,
RPVPMLPJOHMFFAH56CC,21,30.00,住家用,鋼筋混凝土造,85年1月18日,十七層,
RPVPMLPJOHMFFAH56CC,21,12.56,共有部份,鋼筋混凝土造,85年1月18日,十七層,
RPWPMLPJOHMFFAH66CC,22,75.02,見其他登記事項,鋼筋混凝土造,84年4月14日,十七層,
RPWPMLPJOHMFFAH66CC,22,5.04,共有部份,鋼筋混凝土造,84年4月14日,十七層,
RPWPMLPJOHMFFAH66CC,22,4.01,共有部份,鋼筋混凝土造,84年4月14日,十七層,
RPTPMLPJOHMFFAH98CC,22,68.42,住家用,鋼筋混凝土造,84年5月20日,十二層,
RPTPMLPJOHMFFAH98CC,22,12.15,共有部份,鋼筋混凝土造,84年5月20日,十二層,
RPTPMLPJOHMFFAH98CC,22,6.77,共有部份,鋼筋混凝土造,84年5月20日,十三層,
RPTPMLPJOHMFFAH98CC,22,16.99,共有部份,鋼筋混凝土造,84年5月20日,十三層,
RPXPMLPJOHMFFAH76CC,23,25.09,住家用,鋼筋混凝土造,83年3月18日,十二層,
RPXPMLPJOHMFFAH76CC,23,10.77,共有部份,鋼筋混凝土造,83年3月18日,十二層,
RPSRMLPJOHMFFBH56CC,11,36.58,商業用,鋼筋混凝土造,95年3月21日,二十一層,
RPSRMLPJOHMFFBH56CC,11,2.48,共有部份,鋼筋混凝土造,95年3月21日,二十一層,
RPSRMLPJOHMFFBH56CC,11,2.11,共有部份,鋼筋混凝土造,95年3月21日,二十一層,
RPSRMLPJOHMFFBH56CC,11,.45,共有部份,鋼筋混凝土造,95年3月21日,二十一層,
RPOQMLPJOHMFFAH58CC,22,87.02,住家用,鋼筋混凝土造,84年4月19日,十九層,
RPOQMLPJOHMFFAH58CC,22,15.30,共有部份,鋼筋混凝土造,84年4月19日,二十層,
RPOQMLPJOHMFFAH58CC,22,3.36,共有部份,鋼筋混凝土造,84年4月19日,十九層,
RPQQMLPJOHMFFAH78CC,20,55.09,住家用,鋼筋混凝土造,86年9月18日,十二層,
RPQQMLPJOHMFFAH78CC,20,42.89,共有部份,鋼筋混凝土造,86年9月18日,十二層,
RPQQMLPJOHMFFAH78CC,20,7.94,共有部份,鋼筋混凝土造,86年9月18日,十二層,
RPPRMLPJOHMFFBH98DC,1,169.05,見其他登記事項,鋼筋混凝土造,105年1月22日,十三層,
RPPQMLPJOHMFFBH88DC,36,106.86,住家用,鋼筋混凝土造,69年12月11日,五層,
RPQNMLPJOHMFFEH98DC,22,184.69,住家用,鋼筋混凝土造,84年3月1日,四層,
RPXQMLPJOHMFFBH07DC,8,48.25,住家用,鋼筋混凝土造,98年7月3日,十五層,
RPXQMLPJOHMFFBH07DC,8,18.60,共有部分,鋼筋混凝土造,98年7月3日,十五層,
RPQOMLPJOHMFFGH66DC,12,178.82,見其他登記事項,鋼筋混凝土造,94年6月20日,五層,
RPRNMLQJOHMFFCH98DC,3,81.39,見其他登記事項,鋼筋混凝土造,103年2月7日,六層,
RPXNMLPJOHMFFGH27DC,7,184.36,見其他登記事項,鋼筋混凝土造,99年10月5日,四層,
RPPQMLPJOHMFFAH68CC,21,51.85,住家用,鋼筋混凝土造,85年1月18日,十七層,
RPPQMLPJOHMFFAH68CC,21,18.14,共有部份,鋼筋混凝土造,85年1月18日,十七層,
RPSQMLPJOHMFFAH98CC,22,51.94,住家用,鋼筋混凝土造,84年7月4日,十三層,
RPSQMLPJOHMFFAH98CC,22,3.27,共有部份,鋼筋混凝土造,84年7月4日,十三層,
RPSQMLPJOHMFFAH98CC,22,36.35,共有部份,鋼筋混凝土造,84年7月4日,十三層,
RPSQMLPJOHMFFAH98CC,22,1.45,共有部份,鋼筋混凝土造,84年7月4日,十三層,
RPSQMLPJOHMFFAH98CC,22,4.82,共有部份,鋼筋混凝土造,84年7月4日,十三層,
RPTNMLQJOHMFFCH56DC,33,3561.20,見其他登記事項,見其他登記事項,72年12月3日,三層,
RPOOMLQJOHMFFEH98DC,4,9.98,住家用,鋼筋混凝土造,102年5月28日,十層,
RPTPMLQJOHMFFBH56CC,2,29.42,見其他登記事項,鋼筋混凝土造,104年6月15日,六層,
RPTPMLQJOHMFFBH56CC,2,17.38,見其他登記事項,鋼筋混凝土造,104年6月15日,六層,
RPQOMLQJOHMFFBH78CC,13,85.13,住家用,鋼筋混凝土造,93年7月1日,九層,
RPQOMLQJOHMFFBH78CC,13,13.98,共有部份,鋼筋混凝土造,93年7月1日,九層,
RPQOMLQJOHMFFBH78CC,13,46.76,共有部份,鋼筋混凝土造,93年7月1日,九層,
RPROMLQJOHMFFAH78CC,28,119.00,住家用,鋼筋混凝土造,78年10月28日,五層,
RPROMLQJOHMFFAH78CC,28,17.15,共有部份,鋼筋混凝土造,78年10月28日,五層,
RPUPMLQJOHMFFBH66CC,34,105.01,商業用,鋼筋混凝土造,72年2月7日,五層,
RPPQMLQJOHMFFAH78CC,45,106.52,住商用,加強磚造,61年3月7日,三層,
RPPQMLQJOHMFFAH78CC,45,54.72,住商用,加強磚造,61年3月7日,三層,
RPPNMLQJOHMFFFH98CC,37,92.01,住家用,鋼筋混凝土造,69年9月24日,五層,
RPQNMLQJOHMFFFH09CC,4,94.62,住家用,鋼筋混凝土造,102年7月20日,十二層,
RPQNMLQJOHMFFFH09CC,4,89.43,見其他登記事項,鋼筋混凝土造,102年7月20日,十三層,
RPQNMLQJOHMFFFH09CC,4,18.93,見其他登記事項,鋼筋混凝土造,102年7月20日,十二層,
RPOOMLRJOHMFFAH58CC,13,149.12,見其他登記事項,鋼筋混凝土造,93年2月24日,九層,
RPQQMLSJOHMFFBH56CC,44,56.80,住家用,加強磚造,62年9月20日,二層,
RPXNMLSJOHMFFBH96CC,8,109.48,住家用,鋼筋混凝土造,98年6月29日,二十二層,
RPXNMLSJOHMFFBH96CC,8,4.76,共有部分,鋼筋混凝土造,98年6月29日,二十二層,
RPXNMLSJOHMFFBH96CC,8,5.30,共有部分,鋼筋混凝土造,98年6月29日,二十二層,
RPXNMLSJOHMFFBH96CC,8,11.91,共有部分,鋼筋混凝土造,98年6月29日,二十二層,
RPXNMLSJOHMFFBH96CC,8,2.04,共有部分,鋼筋混凝土造,98年6月29日,二十二層,
RPXTMLSJOHMFFBH57CC,30,184.41,見其他登記事項,加強磚造,76年3月4日,二層,
RPOPMLSJOHMFFAH78CC,22,67.21,住家用,鋼筋混凝土造,84年6月10日,十四層,
RPOPMLSJOHMFFAH78CC,22,33.37,共有部份,鋼筋混凝土造,84年6月10日,十四層,
RPOPMLSJOHMFFAH78CC,22,24.49,共有部份,鋼筋混凝土造,84年6月10日,十四層,
RPQOMLSJOHMFFFH76CC,3,100.00,住家用,鋼筋混凝土造,103年5月26日,十四層,
RPQOMLSJOHMFFFH76CC,3,74.23,見其他登記事項,鋼筋混凝土造,103年5月26日,十四層,
RPRPMLSJOHMFFEH86CC,41,106.76,住家用,見其他登記事項,65年3月17日,二層,
RPSOMLQJOHMFFDH56CC,13,109.15,住家用,鋼筋混凝土造,93年4月21日,十二層,
RPSOMLQJOHMFFDH56CC,13,12.05,見其他登記事項,鋼筋混凝土造,93年4月21日,十二層,
RPTQMLSJOHMFFDH07CC,25,86.72,住商用,鋼筋混凝土造,81年1月7日,七層,
RPTQMLSJOHMFFDH07CC,25,17.66,共有部份,鋼筋混凝土造,81年1月7日,七層,
RPWOMLSJOHMFFDH17CC,2,63.56,住家用,鋼筋混凝土造,104年5月25日,十五層,
RPWOMLSJOHMFFDH17CC,2,61.91,見其他登記事項,鋼筋混凝土造,104年5月25日,十五層,
RPOPMLSJOHMFFEH56CC,35,130.20,住商用,加強磚造,70年12月26日,二層,
RPUPMLSJOHMFFEH17CC,2,91.99,見其他登記事項,鋼筋混凝土造,103年12月23日,六層,
RPVNMLSJOHMFFGH27CC,18,33.38,住家用,鋼筋混凝土造,88年7月26日,十八層,
RPVNMLSJOHMFFGH27CC,18,7.40,共有部份,鋼筋混凝土造,88年7月26日,十八層,
RPVNMLSJOHMFFGH27CC,18,3.04,共有部份,鋼筋混凝土造,88年7月26日,十八層,
RPVNMLSJOHMFFGH27CC,18,4.54,共有部份,鋼筋混凝土造,88年7月26日,十八層,
RPSNMLTJOHMFFGH07CC,2,63.36,住家用,鋼筋混凝土造,104年10月6日,十五層,
RPSNMLTJOHMFFGH07CC,2,51.75,共有部份,鋼筋混凝土造,104年10月6日,十五層,
RPSNMLTJOHMFFGH07CC,2,16.16,共有部份,鋼筋混凝土造,104年10月6日,十五層,
RPPNMLQJOHMFFDH88DC,12,226.87,見其他登記事項,鋼筋混凝土造,94年8月4日,四層,
RPROMLSJOHMFFFH96DC,18,87.98,住家用,鋼筋混凝土造,88年11月25日,十三層,
RPROMLSJOHMFFFH96DC,18,11.93,住家用,鋼筋混凝土造,88年11月25日,十三層,
RPROMLSJOHMFFFH96DC,18,21.55,共有部分,鋼筋混凝土造,88年11月25日,十三層,
RPROMLSJOHMFFFH96DC,18,24.86,共有部分,鋼筋混凝土造,88年11月25日,十三層,
RPPRMLQJOHMFFDH56CC,33,556.00,工業用,鋼造,73年9月11日,一層,
RPWNMLTJOHMFFDH17CC,2,68.52,住家用,鋼筋混凝土造,104年5月25日,十五層,
RPWNMLTJOHMFFDH17CC,2,66.35,見其他登記事項,鋼筋混凝土造,104年5月25日,十五層,
RPWPMLSJOHMFFDH47EC,16,158.10,住家用,鋼筋混凝土造,90年5月7日,四層,
RPWPMLSJOHMFFDH47EC,16,2.02,見其他登記事項,鋼筋混凝土造,90年5月7日,四層,
RPPNMLLKOHMFFEH48CC,4,78.99,住家用,鋼筋混凝土造,102年8月20日,十二層,
RPUOMLSJOHMFFEH17DC,26,103.65,住家用,鋼筋混凝土造,80年4月25日,五層,
RPXOMLTJOHMFFEH57DC,2,96.30,住家用,鋼筋混凝土造,104年2月11日,八層,
RPXOMLTJOHMFFEH57DC,2,80.80,共有部份,鋼筋混凝土造,104年2月11日,八層,
RPWOMLTJOHMFFEH47DC,2,310.77,見其他登記事項,鋼筋混凝土造,104年1月12日,十層,
RPXNMLMKOHMFFDH66CC,2,63.56,住家用,鋼筋混凝土造,104年5月25日,十五層,
RPXNMLMKOHMFFDH66CC,2,61.91,見其他登記事項,鋼筋混凝土造,104年5月25日,十五層,
RPXNMLMKOHMFFGH96CC,11,82.26,住家用,鋼筋混凝土造,94年12月1日,十一層,
RPXNMLMKOHMFFGH96CC,11,58.79,共有部份,鋼筋混凝土造,94年12月1日,十一層,
RPOOMLMKOHMFFGH78CC,24,88.46,住家用,鋼筋混凝土造,82年7月8日,十三層,
RPOOMLMKOHMFFGH78CC,24,16.03,共有部份,鋼筋混凝土造,82年7月8日,十三層,
RPQOMLTJOHMFFBH09CC,11,75.15,住家用,鋼筋混凝土造,95年3月24日,十五層,
RPQOMLTJOHMFFBH09CC,11,12.07,共有部分,鋼筋混凝土造,95年3月24日,十五層,
RPQOMLTJOHMFFBH09CC,11,15.79,共有部分,鋼筋混凝土造,95年3月24日,十五層,
RPXPMLMKOHMFFAH56CC,29,221.46,住家用,鋼筋混凝土造,77年11月18日,三層,
RPSNMLMKOHMFFHH56CC,18,37.91,住家用,鋼筋混凝土造,88年8月2日,十層,
RPSNMLMKOHMFFHH56CC,18,10.24,共有部份,鋼筋混凝土造,88年8月2日,十層,
RPSNMLMKOHMFFHH56CC,18,6.83,共有部份,鋼筋混凝土造,88年8月2日,十層,
RPTNMLMKOHMFFGH66DC,19,73.07,住家用,鋼筋混凝土造,87年5月1日,十層,
RPWNMLMKOHMFFGH96DC,19,92.13,住家用,鋼筋混凝土造,87年7月13日,八層,
RPTNMLMKOHMFFEH09DC,3,62.96,住家用,鋼筋混凝土造,103年3月12日,十二層,
RPTNMLMKOHMFFEH09DC,3,74.53,共有部份,鋼筋混凝土造,103年3月12日,十二層,
RPUPMLNKOHMFFAH98CC,14,67.86,住家用,鋼筋混凝土造,92年7月28日,十四層,
RPUPMLNKOHMFFAH98CC,14,14.59,共有部份,鋼筋混凝土造,92年7月28日,十四層,
RPUPMLNKOHMFFAH98CC,14,9.69,共有部份,鋼筋混凝土造,92年7月28日,十四層,
RPSOMLTJOHMFFBH66CC,14,70.99,住家用,鋼筋混凝土造,92年8月28日,八層,
RPSOMLTJOHMFFBH66CC,14,20.54,共有部分,鋼筋混凝土造,92年8月28日,八層,
RPVOMLMKOHMFFBH98CC,26,26.59,住家用,鋼筋混凝土造,80年2月6日,十二層,
RPVOMLMKOHMFFBH98CC,26,5.36,共有部份,鋼筋混凝土造,80年2月6日,十二層,
RPWOMLMKOHMFFBH09CC,2,75.17,見其他登記事項,鋼筋混凝土造,104年1月28日,十五層,
RPWOMLMKOHMFFBH09CC,2,57.13,見其他登記事項,鋼筋混凝土造,104年1月28日,十五層,
RPWOMLMKOHMFFBH09CC,2,16.00,見其他登記事項,鋼筋混凝土造,104年1月28日,十五層,
RPUNMLNKOHMFFEH56CC,16,35.00,見其他登記事項,鋼筋混凝土造,90年10月3日,十三層,
RPWNMLNKOHMFFHH07CC,1,118.05,住家用,鋼筋混凝土造,104年11月27日,二十三層,
RPWNMLNKOHMFFHH07CC,1,30.27,見其他登記事項,鋼筋混凝土造,104年11月27日,二十三層,
RPWNMLNKOHMFFHH07CC,1,46.63,見其他登記事項,鋼筋混凝土造,104年11月27日,二十四層,
RPROMLOKOHMFFFH56CC,12,184.00,見其他登記事項,鋼筋混凝土造,94年7月7日,五層,
RPXNMLNKOHMFFEH86CC,10,244.17,見其他登記事項,鋼筋混凝土造,96年4月13日,三層,
RPXNMLNKOHMFFEH86CC,10,19.33,共有部份,鋼筋混凝土造,96年4月13日,三層,
RPVNMLQKOHMFFAH56CC,21,155.89,住家用,鋼筋混凝土造,84年12月15日,十八層,
RPQOMLNKOHMFFBH58CC,11,75.15,住家用,鋼筋混凝土造,95年3月24日,十五層,
RPQOMLNKOHMFFBH58CC,11,12.07,共有部分,鋼筋混凝土造,95年3月24日,十五層,
RPQOMLNKOHMFFBH58CC,11,15.79,共有部分,鋼筋混凝土造,95年3月24日,十五層,
RPQQMLNKOHMFFBH78CC,23,300.20,住商用,鋼筋混凝土造,83年6月10日,五層,
RPPPMLTJOHMFFBH09CC,3,74.84,見其他登記事項,鋼筋混凝土造,103年10月20日,十層,
RPPPMLTJOHMFFBH09CC,3,64.27,見其他登記事項,鋼筋混凝土造,103年10月20日,十層,
RPVOMLOKOHMFFBH56CC,3,251.45,見其他登記事項,鋼筋混凝土造,103年9月29日,五層,
RPVOMLOKOHMFFBH56CC,3,.32,見其他登記事項,鋼筋混凝土造,103年9月29日,五層,
RPQNMLRKOHMFFBH88CC,34,9055.26,見其他登記事項,鋼筋混凝土造,72年5月26日,四層,
RPOOMLTKOHMFFGH96DC,9,78.45,見其他登記事項,鋼筋混凝土造,97年8月13日,五層,
RPQOMLTKOHMFFBH56CC,33,19.66,住家用,鋼筋混凝土造,72年12月30日,五層,
RPQOMLTKOHMFFBH56CC,33,1.97,共有部分,鋼筋混凝土造,72年12月30日,五層,
RPVNMLQKOHMFFDH86CC,1,65.52,住家用,鋼筋混凝土造,105年1月12日,七層,
RPVNMLQKOHMFFDH86CC,1,13.47,見其他登記事項,鋼筋混凝土造,105年1月12日,七層,
RPUNMLQKOHMFFDH76CC,2,63.46,住家用,鋼筋混凝土造,104年5月25日,十五層,
RPUNMLQKOHMFFDH76CC,2,61.77,見其他登記事項,鋼筋混凝土造,104年5月25日,十五層,
RPRNMLOKOHMFFFH56DC,4,136.34,住家用,鋼筋混凝土造,102年8月23日,十三層,
RPROMLTKOHMFFBH66CC,33,24.83,住家用,鋼筋混凝土造,73年5月28日,五層,
RPUOMLTKOHMFFBH96CC,21,88.78,住家用,鋼筋混凝土造,85年7月26日,十三層,
RPUOMLTKOHMFFBH96CC,21,12.40,共有部分,鋼筋混凝土造,85年7月26日,十三層,
RPUOMLTKOHMFFBH96CC,21,6.49,共有部分,鋼筋混凝土造,85年7月26日,十三層,
RPTOMLTKOHMFFBH86CC,1,23.24,見其他登記事項,鋼筋混凝土造,105年6月28日,五層,
RPSOMLTKOHMFFBH76CC,24,73.58,商業用,鋼筋混凝土造,82年8月18日,七層,
RPSOMLTKOHMFFBH76CC,24,15.27,共有部分,鋼筋混凝土造,82年8月18日,八層,
RPVOMLTKOHMFFBH07CC,3,33.11,見其他登記事項,鋼筋混凝土造,102年12月13日,十一層,
RPVOMLTKOHMFFBH07CC,3,13.58,見其他登記事項,鋼筋混凝土造,102年12月13日,十一層,
RPPNMLOKOHMFFAH38CC,16,71.62,見其他登記事項,鋼筋混凝土造,90年1月11日,三層,
RPWNMLOKOHMFFAH09CC,22,25.94,見其他登記事項,鋼筋混凝土造,84年4月14日,十七層,
RPWNMLOKOHMFFAH09CC,22,1.34,共有部份,鋼筋混凝土造,84年4月14日,十七層,
RPWNMLOKOHMFFAH09CC,22,4.71,共有部份,鋼筋混凝土造,84年4月14日,十七層,
RPXNMLOKOHMFFAH56CC,13,59.81,住家用,鋼筋混凝土造,93年3月10日,十四層,
RPXNMLOKOHMFFAH56CC,13,51.37,共有部份,鋼筋混凝土造,93年3月10日,十四層,
RPRNMLTKOHMFFGH07CC,29,174.30,住家用,鋼筋混凝土造,77年3月21日,三層,
RPUONLTKOHMFFFH47CC,2,70.14,見其他登記事項,鋼筋混凝土造,104年4月20日,十五層,
RPUONLTKOHMFFFH47CC,2,93.40,住家用,鋼筋混凝土造,104年4月20日,十五層,
RPWNMLTKOHMFFEH37CC,22,96.91,住家用,鋼筋混凝土造,84年4月25日,五層,
RPOOMLTKOHMFFEH66CC,2,82.74,見其他登記事項,鋼筋混凝土造,104年7月13日,十八層,
RPTNMLKLOHMFFGH09CC,6,83.20,住家用,鋼筋混凝土造,100年1月17日,十五層,
RPTNMLKLOHMFFGH09CC,6,35.53,共有部份,鋼筋混凝土造,100年1月17日,十五層,
RPVNMLKLOHMFFGH66CC,40,84.60,住家用,加強磚造,66年5月31日,二層,
RPWNMLKLOHMFFGH76CC,2,58.61,住家用,鋼筋混凝土造,104年5月13日,十四層,
RPWNMLKLOHMFFGH76CC,2,53.90,共有部份,鋼筋混凝土造,104年5月13日,十五層,
RPWNMLKLOHMFFGH76CC,2,14.48,共有部份,鋼筋混凝土造,104年5月13日,十四層,
RPWNMLKLOHMFFFH66CC,24,89.35,住家用,鋼筋混凝土造,82年3月8日,五層,
RPRNMLTKOHMFFDH76CC,4,60.67,住家用,鋼筋混凝土造,102年11月15日,十二層,
RPRNMLTKOHMFFDH76CC,4,66.42,共有部份,鋼筋混凝土造,102年11月15日,十二層,
RPQNMLTKOHMFFDH66CC,4,58.44,住家用,鋼筋混凝土造,102年11月15日,十二層,
RPQNMLTKOHMFFDH66CC,4,65.46,共有部份,鋼筋混凝土造,102年11月15日,十二層,
RPXNMLKLOHMFFFH76CC,23,113.55,見其他登記事項,鋼筋混凝土造,83年1月17日,四層,
RPSNMLKLOHMFFFH88CC,2,97.00,住家用,鋼筋混凝土造,104年1月23日,十五層,
RPSNMLKLOHMFFFH88CC,2,49.90,見其他登記事項,鋼筋混凝土造,104年1月23日,十五層,
RPSNMLKLOHMFFFH88CC,2,20.64,見其他登記事項,鋼筋混凝土造,104年1月23日,十五層,
RPWPMLKLOHMFFBH09CC,25,5.86,共有部分,鋼筋混凝土造,81年3月10日,七層,
RPWPMLKLOHMFFBH09CC,25,27.30,住家用,鋼筋混凝土造,81年3月10日,七層,
RPVPMLKLOHMFFBH98CC,18,26.72,住家用,鋼筋混凝土造,88年5月28日,十四層,
RPVPMLKLOHMFFBH98CC,18,4.20,共有部分,鋼筋混凝土造,88年5月28日,十四層,
RPVPMLKLOHMFFBH98CC,18,6.58,共有部分,鋼筋混凝土造,88年5月28日,十四層,
RPOQMLKLOHMFFBH38CC,11,297.63,見其他登記事項,鋼筋混凝土造,95年11月1日,五層,
RPQOMLKLOHMFFEH78DC,1,65.06,住家用,鋼筋混凝土造,105年10月5日,六層,
RPROMLKLOHMFFFH98DC,18,87.12,住家用,鋼筋混凝土造,88年11月25日,十三層,
RPROMLKLOHMFFFH98DC,18,10.22,住家用,鋼筋混凝土造,88年11月25日,十三層,
RPROMLKLOHMFFFH98DC,18,21.93,共有部分,鋼筋混凝土造,88年11月25日,十三層,
RPROMLKLOHMFFFH98DC,18,24.86,共有部分,鋼筋混凝土造,88年11月25日,十三層,
RPUNMLKLOHMFFEH09DC,9,89.76,住家用,鋼筋混凝土造,97年10月2日,十層,
RPUNMLKLOHMFFEH09DC,9,17.21,共有部份,鋼筋混凝土造,97年10月2日,十層,
RPUNMLKLOHMFFEH09DC,9,8.58,共有部份,鋼筋混凝土造,97年10月2日,十層,
RPUNMLKLOHMFFEH09DC,9,18.80,共有部份,鋼筋混凝土造,97年10月2日,十層,
RPUNMLKLOHMFFEH09DC,9,.02,見其他登記事項,鋼筋混凝土造,97年10月2日,十層,
RPUNMLKLOHMFFEH09DC,9,26.37,共有部份,鋼筋混凝土造,97年10月2日,十層,
RPSNMLLLOHMFFFH09DC,18,93.84,住家用,鋼筋混凝土造,88年11月25日,十三層,
RPSNMLLLOHMFFFH09DC,18,18.95,共有部分,鋼筋混凝土造,88年11月25日,十三層,
RPSNMLLLOHMFFFH09DC,18,23.45,共有部分,鋼筋混凝土造,88年11月25日,十三層,
RPWNMLTKOHMFFHH67CC,19,10.73,住家用,鋼筋混凝土造,87年1月14日,四層,
RPWNMLTKOHMFFHH67CC,19,41.31,共有部份,鋼筋混凝土造,87年1月14日,四層,
RPVNMLTKOHMFFHH57CC,9,37.60,見其他登記事項,鋼筋混凝土造,97年6月9日,十層,
RPVNMLTKOHMFFHH57CC,9,5.84,共有部份,鋼筋混凝土造,97年6月9日,十層,
RPVNMLTKOHMFFHH57CC,9,13.80,共有部份,鋼筋混凝土造,97年6月9日,十層,
RPQOMLLLOHMFFBH48CC,35,23.26,住商用,鋼筋混凝土造,71年9月13日,四層,
RPXNMLLLOHMFFBH09CC,9,27.54,見其他登記事項,鋼筋混凝土造,97年11月6日,四層,
RPPPMLLLOHMFFBH58DC,9,274.91,見其他登記事項,鋼筋混凝土造,96年12月26日,三層,
RPVNMLLLOHMFFBH88CC,16,35.91,住家用,鋼筋混凝土造,90年10月26日,二十一層,
RPVNMLLLOHMFFBH88CC,16,1.38,共有部分,鋼筋混凝土造,90年10月26日,二十一層,
RPVNMLLLOHMFFBH88CC,16,8.45,共有部分,鋼筋混凝土造,90年10月26日,二十一層,
RPVNMLLLOHMFFBH88CC,16,.84,共有部分,鋼筋混凝土造,90年10月26日,二十一層,
RPVNMLLLOHMFFBH88CC,16,.26,共有部分,鋼筋混凝土造,90年10月26日,二十一層,
RPROMLLLOHMFFBH58CC,16,36.69,住家用,鋼筋混凝土造,90年11月2日,七層,
RPROMLLLOHMFFBH58CC,16,7.85,共有部分,鋼筋混凝土造,90年11月2日,七層,
RPWOMLLLOHMFFBH09CC,16,105.57,住家用,鋼筋混凝土造,90年11月2日,七層,
RPWOMLLLOHMFFBH09CC,16,16.84,共有部分,鋼筋混凝土造,90年11月2日,七層,
RPWOMLLLOHMFFBH09CC,16,16.63,共有部分,鋼筋混凝土造,90年11月2日,七層,
RPWNMLLLOHMFFBH98CC,19,60.46,住家用,鋼筋混凝土造,87年10月23日,十五層,
RPWNMLLLOHMFFBH98CC,19,14.98,共有部分,鋼筋混凝土造,87年10月23日,十五層,
RPWNMLLLOHMFFBH98CC,19,14.78,共有部分,鋼筋混凝土造,87年10月23日,十五層,
RPXOMLLLOHMFFBH56CC,15,125.30,住家用,鋼筋混凝土造,91年9月20日,十四層,
RPXOMLLLOHMFFBH56CC,15,31.73,共有部分,鋼筋混凝土造,91年9月20日,十四層,
RPXOMLLLOHMFFBH56CC,15,50.44,共有部分,鋼筋混凝土造,91年9月20日,十四層,
RPOPMLLLOHMFFBH38CC,33,19.66,住家用,鋼筋混凝土造,72年12月30日,五層,
RPOPMLLLOHMFFBH38CC,33,1.97,共有部分,鋼筋混凝土造,72年12月30日,五層,
RPQPMLLLOHMFFBH58CC,24,87.05,住家用,鋼筋混凝土造,82年5月14日,六層,
RPQPMLLLOHMFFBH58CC,24,18.61,共有部分,鋼筋混凝土造,82年5月14日,六層,
RPROMLLLOHMFFGH09CC,35,74.82,住家用,鋼筋混凝土造,71年4月24日,五層,
RPSNMLLLOHMFFEH88CC,3,125.59,住家用,鋼筋混凝土造,103年3月25日,十一層,
RPSNMLLLOHMFFEH88CC,3,20.27,共有部份,鋼筋混凝土造,103年3月25日,十一層,
RPSNMLLLOHMFFEH88CC,3,33.65,共有部份,鋼筋混凝土造,103年3月25日,十一層,
RPRNMLMLOHMFFGH09CC,25,53.44,住家用,鋼筋混凝土造,81年2月1日,十一層,
RPRNMLMLOHMFFGH09CC,25,20.22,共有部份,鋼筋混凝土造,81年2月1日,十一層,
RPOPMLMLOHMFFBH58DC,6,133.96,見其他登記事項,鋼筋混凝土造,100年11月9日,十四層,
RPXOMLMLOHMFFBH76DC,4,132.41,見其他登記事項,鋼筋混凝土造,102年6月5日,十五層,
RPSPMLMLOHMFFBH98DC,21,90.66,住家用,鋼筋混凝土造,85年9月21日,十二層,
RPQNMLMLOHMFFDH78DC,22,87.97,住家用,鋼筋混凝土造,84年5月29日,十二層,
RPQNMLMLOHMFFDH78DC,22,15.98,共有部份,鋼筋混凝土造,84年5月29日,十二層,
RPVNMLLLOHMFFFH66CC,3,261.96,見其他登記事項,鋼筋混凝土造,103年11月1日,十三層,
RPVNMLLLOHMFFFH66CC,3,13.32,見其他登記事項,鋼筋混凝土造,103年11月1日,十三層,
RPUNMLNLOHMFFEH76DC,11,185.76,見其他登記事項,鋼筋混凝土造,95年4月18日,四層,
RPWOMLLLOHMFFAH98CC,1,142.17,見其他登記事項,鋼筋混凝土造,105年6月1日,十八層,
RPWOMLLLOHMFFAH98CC,1,125.82,見其他登記事項,鋼筋混凝土造,105年6月1日,十八層,
RPWOMLLLOHMFFAH98CC,1,1.79,見其他登記事項,鋼筋混凝土造,105年6月1日,二十七層,
RPPPMLLLOHMFFAH38CC,1,199.09,見其他登記事項,鋼筋混凝土造,105年6月1日,十八層,
RPPPMLLLOHMFFAH38CC,1,159.07,見其他登記事項,鋼筋混凝土造,105年6月1日,十八層,
RPPPMLLLOHMFFAH38CC,1,2.49,見其他登記事項,鋼筋混凝土造,105年6月1日,二十七層,
RPPNMLPLOHMFFEH98CC,4,85.33,住家用,鋼筋混凝土造,102年7月25日,十二層,
RPPNMLOLOHMFFAH48CC,14,16.72,共有部份,鋼筋混凝土造,92年11月21日,十四層,
RPPNMLOLOHMFFAH48CC,14,79.84,住家用,鋼筋混凝土造,92年11月21日,十四層,
RPPNMLOLOHMFFAH48CC,14,9.82,共有部份,鋼筋混凝土造,92年11月21日,十四層,
RPPNMLOLOHMFFAH48CC,14,.03,見其他登記事項,鋼筋混凝土造,92年11月21日,十四層,
RPPNMLOLOHMFFAH48CC,14,23.01,共有部份,鋼筋混凝土造,92年11月21日,十四層,
RPOOMLQLOHMFFFH66DC,38,29.76,住商用,鋼筋混凝土造,68年12月15日,四層,
RPUOMLQLOHMFFCH96DC,38,105.56,住家用,加強磚造,68年10月13日,二層,
RPSOMLRLOHMFFCH86DC,36,287.39,住家用,鋼筋混凝土造,70年6月1日,四層,
RPOOMLQLOHMFFAH68CC,33,161.00,見其他登記事項,鋼筋混凝土造,73年6月23日,二層,
RPQOMLQLOHMFFAH88CC,22,112.81,住家用,鋼筋混凝土造,84年3月11日,四層,
RPXPMLQLOHMFFAH07CC,1,247.97,見其他登記事項,鋼筋混凝土造,105年6月1日,十八層,
RPSPMLQLOHMFFAH56CC,6,342.46,商業用,鋼筋混凝土造,100年5月6日,十二層,
RPSPMLQLOHMFFAH56CC,6,19.25,見其他登記事項,鋼筋混凝土造,100年5月6日,十二層,
RPSPMLQLOHMFFAH56CC,6,69.46,見其他登記事項,鋼筋混凝土造,100年5月6日,十二層,
RPSPMLQLOHMFFAH56CC,6,91.03,見其他登記事項,鋼筋混凝土造,100年5月6日,十二層,
RPWPMLRLOHMFFDH47DC,1,182.23,住商用,鋼筋混凝土造,105年11月7日,五層,
RPRNMLNLOHMFFHH76DC,21,150.93,見其他登記事項,鋼筋混凝土造,85年1月23日,八層,
RPVNMLRLOHMFFAH76CC,2,73.33,商業用,鋼筋混凝土造,104年10月5日,十三層,
RPSNMLRLOHMFFAH09CC,22,96.45,住家用,鋼筋混凝土造,84年6月27日,七層,
RPSNMLRLOHMFFAH09CC,22,16.37,共有部份,鋼筋混凝土造,84年6月27日,七層,
RPSNMLRLOHMFFAH09CC,22,13.61,共有部份,鋼筋混凝土造,84年6月27日,七層,
RPTNMLRLOHMFFAH56CC,23,109.83,住家用,鋼筋混凝土造,83年3月17日,十三層,
RPTNMLRLOHMFFAH56CC,23,13.69,共有部份,鋼筋混凝土造,83年3月17日,十六層,
RPROMLRLOHMFFEH86CC,12,154.63,見其他登記事項,見其他登記事項,94年12月5日,一層,
RPOOMLRLOHMFFAH78CC,32,77.28,見其他登記事項,鋼筋混凝土造,74年8月19日,五層,
RPWNMLQLOHMFFEH27DC,9,83.69,住家用,鋼筋混凝土造,97年4月1日,十層,
RPWNMLQLOHMFFEH27DC,9,10.27,共有部份,鋼筋混凝土造,97年4月1日,十層,
RPWNMLQLOHMFFEH27DC,9,21.41,共有部份,鋼筋混凝土造,97年4月1日,十層,
RPWNMLQLOHMFFEH27DC,9,.02,見其他登記事項,鋼筋混凝土造,97年4月1日,十層,
RPWNMLQLOHMFFEH27DC,9,24.42,共有部份,鋼筋混凝土造,97年4月1日,十層,
RPQNMLSLOHMFFAH09DC,29,18.65,住商用,鋼筋混凝土造,77年11月9日,四層,
RPUPMLSLOHMFFAH96CC,14,64.52,住家用,鋼筋混凝土造,92年8月19日,十四層,
RPUPMLSLOHMFFAH96CC,14,9.42,共有部份,鋼筋混凝土造,92年8月19日,十四層,
RPUPMLSLOHMFFAH96CC,14,13.15,共有部份,鋼筋混凝土造,92年8月19日,十四層,
RPVNMLSLOHMFFBH96CC,10,142.07,住家用,鋼筋混凝土造,96年9月10日,十五層,
RPVNMLSLOHMFFBH96CC,10,62.34,共有部分,鋼筋混凝土造,96年9月10日,十五層,
RPVNMLSLOHMFFBH96CC,10,24.84,共有部分,鋼筋混凝土造,96年9月10日,十五層,
RPQQMLSLOHMFFBH76CC,36,126.36,住家用,加強磚造,70年6月11日,二層,
RPTOMLSLOHMFFBH86CC,38,23.40,住家用,加強磚造,68年9月7日,二層,
RPUOMLRLOHMFFHH47CC,9,18.29,見其他登記事項,鋼筋混凝土造,97年6月9日,十層,
RPUOMLRLOHMFFHH47CC,9,2.86,共有部份,鋼筋混凝土造,97年6月9日,十層,
RPUOMLRLOHMFFHH47CC,9,6.74,共有部份,鋼筋混凝土造,97年6月9日,十層,
RPVOMLRLOHMFFHH57CC,9,22.77,住家用,鋼筋混凝土造,97年6月9日,十層,
RPVOMLRLOHMFFHH57CC,9,3.54,共有部份,鋼筋混凝土造,97年6月9日,十層,
RPVOMLRLOHMFFHH57CC,9,8.37,共有部份,鋼筋混凝土造,97年6月9日,十層,
RPXNMLSLOHMFFEH57DC,1,37.60,住家用,鋼筋混凝土造,105年10月5日,六層,
RPXNMLSLOHMFFEH57DC,1,27.46,共有部份,鋼筋混凝土造,105年10月5日,六層,
RPXOMLSLOHMFFCH37CC,20,124.37,住家用,鋼筋混凝土造,86年1月30日,十四層,
RPXOMLSLOHMFFCH37CC,20,6.43,共有部份,鋼筋混凝土造,86年1月30日,十四層,
RPXOMLSLOHMFFCH37CC,20,1.53,共有部份,鋼筋混凝土造,86年1月30日,十四層,
RPXOMLSLOHMFFCH37CC,20,.99,共有部份,鋼筋混凝土造,86年1月30日,十四層,
RPXOMLSLOHMFFCH37CC,20,.06,共有部份,鋼筋混凝土造,86年1月30日,一層,
RPXOMLSLOHMFFCH37CC,20,.01,見其他登記事項,鋼筋混凝土造,86年6月26日,十八層,
RPXOMLSLOHMFFCH37CC,20,.00,共有部份,鋼筋混凝土造,86年6月26日,一層,
RPXOMLSLOHMFFCH37CC,20,.36,共有部份,鋼筋混凝土造,86年1月30日,十八層,
RPXOMLSLOHMFFCH37CC,20,3.87,見其他登記事項,鋼筋混凝土造,86年1月30日,十四層,
RPXOMLSLOHMFFCH37CC,20,.05,見其他登記事項,鋼筋混凝土造,86年6月26日,十五層,
RPVOMLSLOHMFFGH67DC,11,77.49,見其他登記事項,鋼筋混凝土造,95年2月13日,十三層,
RPOOMLTLOHMFFBH09CC,32,34.96,見其他登記事項,鋼筋混凝土造,74年10月9日,七層,
RPOOMLTLOHMFFBH09CC,32,1.33,共有部分,鋼筋混凝土造,74年10月9日,七層,
RPOOMLTLOHMFFBH09CC,32,.69,共有部分,鋼筋混凝土造,74年10月9日,七層,
RPWNMLSLOHMFFGH67DC,3,52.30,住家用,鋼筋混凝土造,103年6月3日,十三層,
RPPOMLTLOHMFFBH56CC,32,93.57,住家用,鋼筋混凝土造,74年5月8日,五層,
RPQOMLSLOHMFFBH66DC,12,24.46,見其他登記事項,鋼筋混凝土造,94年8月24日,十二層,
RPQOMLSLOHMFFBH66DC,12,7.83,共有部分,鋼筋混凝土造,94年8月24日,十二層,
RPRQMLSLOHMFFBH86CC,36,126.36,住家用,加強磚造,70年6月11日,二層,
RPOOMLSLOHMFFBH09DC,10,278.76,住家用,鋼筋混凝土造,96年4月30日,十四層,
RPOOMLSLOHMFFBH09DC,10,47.12,共有部分,鋼筋混凝土造,96年4月30日,十四層,
RPOOMLSLOHMFFBH09DC,10,14.24,共有部分,鋼筋混凝土造,96年4月30日,十四層,
RPOOMLSLOHMFFBH09DC,10,48.78,共有部分,鋼筋混凝土造,96年4月30日,十四層,
RPXOMLTLOHMFFAH27CC,2,133.63,見其他登記事項,鋼筋混凝土造,103年12月11日,十一層,
RPXPMLTLOHMFFAH37CC,22,175.12,商業用,鋼筋混凝土造,84年10月28日,十二層,
RPXPMLTLOHMFFAH37CC,22,175.12,見其他登記事項,鋼筋混凝土造,84年10月28日,十二層,
RPTNMLKMOHMFFGH56CC,2,170.67,住家用,見其他登記事項,104年10月19日,一層,
RPTNMLKMOHMFFHH66CC,21,100.80,住家用,鋼筋混凝土造,85年1月23日,六層,
RPTNMLKMOHMFFHH66CC,21,45.17,共有部份,鋼筋混凝土造,85年1月23日,六層,
RPSNMLKMOHMFFHH56CC,21,47.70,住家用,鋼筋混凝土造,85年4月20日,六層,
RPSNMLKMOHMFFHH56CC,21,5.91,共有部份,鋼筋混凝土造,85年4月20日,六層,
RPSNMLKMOHMFFHH56CC,21,2.52,共有部份,鋼筋混凝土造,85年4月20日,六層,
RPSNMLKMOHMFFHH56CC,21,10.35,共有部份,鋼筋混凝土造,85年4月20日,六層,
RPSNMLKMOHMFFHH56CC,21,.52,共有部份,鋼筋混凝土造,85年4月20日,六層,
RPQNMLTLOHMFFHH17CC,22,113.56,住家用,鋼筋混凝土造,84年1月26日,十九層,
RPQNMLTLOHMFFHH17CC,22,12.49,共有部份,鋼筋混凝土造,84年1月26日,十九層,
RPQOMLKMOHMFFBH58DC,22,65.91,見其他登記事項,鋼筋混凝土造,83年12月13日,四層,
RPROMLKMOHMFFFH09DC,3,121.18,住家用,鋼筋混凝土造,103年1月20日,十五層,
RPQOMLKMOHMFFAH38CC,14,55.85,住家用,鋼筋混凝土造,92年7月28日,十四層,
RPQOMLKMOHMFFAH38CC,14,38.16,共有部份,鋼筋混凝土造,92年7月28日,十四層,
RPQOMLKMOHMFFAH38CC,14,11.37,共有部份,鋼筋混凝土造,92年7月28日,十四層,
RPPOMLKMOHMFFAH28CC,14,34.60,住家用,鋼筋混凝土造,92年7月28日,十四層,
RPPOMLKMOHMFFAH28CC,14,4.85,共有部份,鋼筋混凝土造,92年7月28日,十四層,
RPPOMLKMOHMFFAH28CC,14,9.04,共有部份,鋼筋混凝土造,92年7月28日,十四層,
RPQNMLLJPHMFFAH18CC,23,57.79,住家用,鋼筋混凝土造,83年10月13日,九層,
RPQNMLLJPHMFFAH18CC,23,8.65,共有部份,鋼筋混凝土造,83年10月13日,九層,
RPQNMLLJPHMFFAH18CC,23,11.14,共有部份,鋼筋混凝土造,83年10月13日,九層,
RPTNMLLJPHMFFAH48CC,29,545.61,見其他登記事項,鋼筋混凝土造,77年2月27日,四層,
RPRNMLLJPHMFFAH28CC,21,71.08,住家用,鋼筋混凝土造,85年4月12日,二十一層,
RPRNMLLJPHMFFAH28CC,21,44.30,共有部份,鋼筋混凝土造,85年4月12日,十三層,
RPRNMLLJPHMFFAH28CC,21,10.30,共有部份,鋼筋混凝土造,85年4月12日,二十一層,
RPUNMLLJPHMFFAH58CC,2,76.79,住家用,鋼筋混凝土造,104年2月5日,十五層,
RPUNMLLJPHMFFAH58CC,2,73.88,見其他登記事項,鋼筋混凝土造,104年2月5日,十五層,
RPPOMLNJPHMFFAH38CC,9,31.16,見其他登記事項,鋼筋混凝土造,97年4月2日,十五層,
RPPOMLNJPHMFFAH38CC,22,.94,共有部份,鋼筋混凝土造,84年7月10日,十三層,
RPPOMLNJPHMFFAH38CC,22,2.27,共有部份,鋼筋混凝土造,84年7月10日,十三層,
RPWNMLLJPHMFFAH78CC,23,58.01,住家用,鋼筋混凝土造,83年10月26日,十六層,
RPWNMLLJPHMFFAH78CC,23,.33,共有部份,鋼筋混凝土造,83年10月26日,十六層,
RPWNMLLJPHMFFAH78CC,23,9.10,共有部份,鋼筋混凝土造,83年10月26日,十六層,
RPWNMLLJPHMFFAH78CC,23,2.84,共有部份,鋼筋混凝土造,83年10月26日,十六層,
RPXNMLLJPHMFFAH88CC,21,27.41,住家用,鋼筋混凝土造,85年1月18日,十七層,
RPXNMLLJPHMFFAH88CC,21,12.56,共有部份,鋼筋混凝土造,85年1月18日,十七層,
RPSNMLLJPHMFFAH38CC,22,30.94,住家用,見其他登記事項,84年9月26日,十五層,
RPSNMLLJPHMFFAH38CC,22,15.37,共有部份,見其他登記事項,84年9月26日,十五層,
RPSNMLLJPHMFFAH38CC,22,5.07,共有部份,見其他登記事項,84年9月26日,十五層,
RPRNMLNJPHMFFBH58CC,24,62.74,住家用,鋼筋混凝土造,82年10月30日,五層,
RPROMLNJPHMFFAH58CC,4,102.39,住家用,鋼筋混凝土造,102年7月30日,十層,
RPROMLNJPHMFFAH58CC,4,43.79,見其他登記事項,鋼筋混凝土造,102年7月30日,十層,
RPOOMLLJPHMFFAH08CC,11,60.58,住家用,鋼筋混凝土造,95年9月10日,十四層,
RPOOMLLJPHMFFAH08CC,11,15.24,共有部份,鋼筋混凝土造,95年9月10日,十四層,
RPOOMLLJPHMFFAH08CC,11,6.32,共有部份,鋼筋混凝土造,95年9月10日,十四層,
RPOOMLLJPHMFFAH08CC,11,.02,見其他登記事項,鋼筋混凝土造,95年9月10日,十四層,
RPOOMLLJPHMFFAH08CC,11,30.59,共有部份,鋼筋混凝土造,95年9月10日,十四層,
RPUNMLNJPHMFFEH56CC,22,61.81,住家用,鋼筋混凝土造,84年6月5日,八層,
RPUNMLNJPHMFFEH56CC,22,25.89,共有部份,鋼筋混凝土造,84年6月5日,八層,
RPUNMLNJPHMFFEH56CC,22,13.27,共有部份,鋼筋混凝土造,84年6月5日,八層,
RPQNMLNJPHMFFGH98CC,37,73.60,住家用,加強磚造,69年7月2日,二層,
RPWNMLNJPHMFFEH76CC,5,77.91,見其他登記事項,鋼筋混凝土造,101年11月5日,十三層,
RPWNMLNJPHMFFEH76CC,5,16.48,共有部份,鋼筋混凝土造,101年11月5日,十三層,
RPWNMLNJPHMFFEH76CC,5,45.98,共有部份,鋼筋混凝土造,101年11月5日,十二層,
RPSOMLNJPHMFFHH76CC,18,26.73,住家用,鋼筋混凝土造,88年1月6日,十層,
RPSOMLNJPHMFFHH76CC,18,8.90,共有部份,鋼筋混凝土造,88年2月6日,十層,
RPSOMLOJPHMFFEH56CC,24,139.72,見其他登記事項,鋼筋混凝土造,82年7月12日,十八層,
RPROMLOJPHMFFHH86DC,24,84.76,見其他登記事項,鋼筋混凝土造,82年5月25日,五層,
RPPPMLPJPHMFFFH56CC,8,74.39,住家用,鋼筋混凝土造,98年10月16日,十五層,
RPPPMLPJPHMFFFH56CC,8,46.96,見其他登記事項,鋼筋混凝土造,98年10月16日,十五層,
RPPPMLPJPHMFFFH56CC,8,13.03,見其他登記事項,鋼筋混凝土造,98年10月16日,十五層,
RPUNMLQJPHMFFGH07CC,38,27.22,住家用,加強磚造,68年11月24日,二層,
RPOQMLQJPHMFFBH88CC,25,126.60,住家用,鋼筋混凝土造,81年12月11日,十二層,
RPOQMLQJPHMFFBH88CC,25,26.93,共有部分,鋼筋混凝土造,81年12月11日,十二層,
RPPQMLQJPHMFFBH98CC,33,83.16,住家用,鋼筋混凝土造,73年6月26日,五層,
RPXNMLQJPHMFFAH76CC,15,239.83,見其他登記事項,鋼筋混凝土造,91年5月28日,五層,
RPXNMLQJPHMFFAH76CC,15,1.89,共有部份,鋼筋混凝土造,91年5月28日,五層,
RPUNMLRJPHMFFBH66CC,1,22.64,見其他登記事項,鋼筋混凝土造,105年6月28日,五層,
RPOOMLRJPHMFFBH78CC,1,22.64,見其他登記事項,鋼筋混凝土造,105年6月28日,五層,
RPXNMLQJPHMFFDH17DC,4,38.00,住家用,鋼筋混凝土造,102年11月15日,十二層,
RPPOMLRJPHMFFBH88CC,33,24.39,住家用,鋼筋混凝土造,73年5月28日,五層,
RPQOMLRJPHMFFBH98CC,41,61.73,住家用,加強磚造,65年8月12日,一層,
RPSQMLRJPHMFFBH76CC,40,1410.85,工業用,見其他登記事項,66年5月14日,二層,
RPSUMLRJPHMFFBH17CC,4,64.11,見其他登記事項,鋼筋混凝土造,102年8月5日,十五層,
RPSUMLRJPHMFFBH17CC,4,48.00,見其他登記事項,鋼筋混凝土造,102年8月5日,十五層,
RPSUMLRJPHMFFBH17CC,4,16.42,見其他登記事項,鋼筋混凝土造,102年8月5日,十五層,
RPTPMLRJPHMFFGH27CC,23,74.23,住家用,鋼筋混凝土造,83年11月14日,五層,
RPTPMLRJPHMFFGH27CC,23,2.52,共有部份,鋼筋混凝土造,83年11月14日,五層,
RPTPMLRJPHMFFGH27CC,23,9.91,共有部份,鋼筋混凝土造,83年11月14日,五層,
RPXNMLRJPHMFFEH27CC,2,117.76,見其他登記事項,鋼筋混凝土造,104年7月13日,十八層,
RPXNMLRJPHMFFEH27CC,2,38.78,共有部份,鋼筋混凝土造,104年7月13日,十八層,
RPXNMLRJPHMFFEH27CC,2,18.12,共有部份,鋼筋混凝土造,104年7月13日,十八層,
RPPNMLTJPHMFFGH86CC,19,59.73,住家用,鋼筋混凝土造,87年3月31日,九層,
RPPNMLTJPHMFFGH86CC,19,13.70,共有部份,鋼筋混凝土造,87年3月31日,九層,
RPPNMLTJPHMFFGH86CC,19,17.09,共有部份,鋼筋混凝土造,87年3月31日,十層,
RPTNMLKKPHMFFGH09CC,23,74.23,住家用,鋼筋混凝土造,83年11月14日,五層,
RPTNMLKKPHMFFGH09CC,23,2.52,共有部份,鋼筋混凝土造,83年11月14日,五層,
RPTNMLKKPHMFFGH09CC,23,9.91,共有部份,鋼筋混凝土造,83年11月14日,五層,
RPVNMLNJPHMFFDH56CC,21,25.73,住家用,鋼筋混凝土造,84年12月27日,十一層,
RPVNMLNJPHMFFDH56CC,21,3.36,共同使用部份,鋼筋混凝土造,84年12月27日,十一層,
RPVNMLNJPHMFFDH56CC,21,1.76,共同使用部份,鋼筋混凝土造,84年12月27日,十一層,
RPVNMLNJPHMFFDH56CC,21,.47,共同使用部份,鋼筋混凝土造,84年12月27日,十一層,
RPOOMLNJPHMFFDH58CC,2,63.46,住家用,鋼筋混凝土造,104年5月25日,十五層,
RPOOMLNJPHMFFDH58CC,2,61.77,見其他登記事項,鋼筋混凝土造,104年5月25日,十五層,
RPXNMLNJPHMFFDH76CC,3,65.74,住家用,鋼筋混凝土造,103年1月5日,十四層,
RPXNMLNJPHMFFDH76CC,3,50.07,見其他登記事項,鋼筋混凝土造,103年1月5日,十四層,
RPXNMLNJPHMFFDH76CC,3,17.46,見其他登記事項,鋼筋混凝土造,103年1月5日,十四層,
RPQOMLNJPHMFFDH78CC,6,196.87,見其他登記事項,鋼筋混凝土造,100年4月15日,四層,
RPQOMLNJPHMFFDH78CC,6,5.13,見其他登記事項,鋼筋混凝土造,100年4月15日,四層,
RPROMLNJPHMFFDH88CC,22,72.91,住家用,鋼筋混凝土造,84年1月19日,五層,
RPROMLNJPHMFFDH88CC,22,12.99,共同使用部份,鋼筋混凝土造,84年1月19日,五層,
RPROMLNJPHMFFDH88CC,22,1.63,共同使用部份,鋼筋混凝土造,84年1月19日,五層,
RPROMLNJPHMFFDH88CC,22,11.75,共同使用部份,鋼筋混凝土造,84年1月19日,五層,
RPVNMLKKPHMFFHH76CC,24,259.09,見其他登記事項,鋼筋混凝土造,82年11月11日,四層,
RPVNMLKKPHMFFHH76CC,24,1.96,見其他登記事項,鋼骨鋼筋混凝土造,82年9月20日,三層,
RPVNMLKKPHMFFHH76CC,24,6.13,見其他登記事項,鋼骨鋼筋混凝土造,82年9月20日,三層,
RPRNMLKKPHMFFBH38CC,23,39.80,住家用,鋼筋混凝土造,83年9月24日,十六層,
RPRNMLKKPHMFFBH38CC,23,2.19,共有部分,鋼筋混凝土造,83年9月24日,十六層,
RPRNMLKKPHMFFBH38CC,23,5.73,共有部分,鋼筋混凝土造,83年9月24日,十六層,
RPWNMLKKPHMFFBH88CC,38,105.20,住家用,加強磚造,68年6月14日,二層,
RPWNMLNJPHMFFDH76DC,23,78.75,住家用,鋼筋混凝土造,83年9月27日,七層,
RPVOMLKKPHMFFBH98DC,14,168.88,住家用,鋼筋混凝土造,92年3月11日,十四層,
RPUNMLKKPHMFFEH09DC,9,82.59,住家用,鋼筋混凝土造,97年4月1日,十層,
RPUNMLKKPHMFFEH09DC,9,10.86,共有部份,鋼筋混凝土造,97年4月1日,十層,
RPUNMLKKPHMFFEH09DC,9,21.18,共有部份,鋼筋混凝土造,97年4月1日,十層,
RPUNMLKKPHMFFEH09DC,9,.02,見其他登記事項,鋼筋混凝土造,97年4月1日,十層,
RPUNMLKKPHMFFEH09DC,9,27.13,共有部份,鋼筋混凝土造,97年4月1日,十層,
RPXPMLKKPHMFFAH09CC,12,118.94,住家用,鋼筋混凝土造,94年4月25日,十五層,
RPPQMLKKPHMFFAH38CC,14,48.42,住家用,鋼筋混凝土造,92年7月28日,十四層,
RPTNMLKKPHMFFAH48CC,3,33.00,住家用,鋼筋混凝土造,102年12月31日,二十一層,
RPPOMLLKPHMFFAH28CC,21,94.19,住家用,鋼筋混凝土造,85年1月31日,十三層,
RPPOMLLKPHMFFAH28CC,21,10.46,共有部份,鋼筋混凝土造,85年1月31日,十四層,
RPPOMLLKPHMFFAH28CC,21,35.91,共有部份,鋼筋混凝土造,85年1月31日,十四層,
RPOQMLKKPHMFFAH28CC,18,32.91,住家用,鋼筋混凝土造,88年9月2日,十二層,
RPOOMLLKPHMFFAH18CC,25,128.32,見其他登記事項,見其他登記事項,81年3月23日,二十二層,
RPSOMLNJPHMFFDH98CC,23,73.03,住家用,鋼筋混凝土造,83年6月25日,十三層,
RPSOMLNJPHMFFDH98CC,23,14.76,共同使用部份,鋼筋混凝土造,83年6月25日,十三層,
RPSOMLNJPHMFFDH98CC,23,12.14,共同使用部份,鋼筋混凝土造,83年6月25日,十三層,
RPTOMLLKPHMFFAH68CC,22,117.81,住家用,鋼筋混凝土造,84年10月12日,十二層,
RPTOMLLKPHMFFAH68CC,22,4.58,共有部份,鋼筋混凝土造,84年10月12日,十二層,
RPTOMLLKPHMFFAH68CC,22,11.16,共有部份,鋼筋混凝土造,84年10月12日,十二層,
RPROMLLKPHMFFAH48CC,23,73.94,住家用,鋼筋混凝土造,83年8月1日,七層,
RPRNMLLKPHMFFBH48CC,26,23.80,住家用,鋼筋混凝土造,80年2月6日,十二層,
RPRNMLLKPHMFFBH48CC,26,4.17,共有部分,鋼筋混凝土造,80年2月6日,十二層,
RPOOMLLKPHMFFBH28CC,6,86.28,見其他登記事項,鋼筋混凝土造,100年6月28日,十五層,
RPOOMLLKPHMFFBH28CC,6,40.61,見其他登記事項,鋼筋混凝土造,100年6月28日,十五層,
RPOOMLLKPHMFFBH28CC,6,12.44,見其他登記事項,鋼筋混凝土造,100年6月28日,十五層,
RPVNMLMKPHMFFEH66CC,4,86.02,住家用,鋼筋混凝土造,102年11月11日,十三層,
RPPPMLLKPHMFFBH48CC,2,86.89,見其他登記事項,鋼筋混凝土造,104年10月12日,十四層,
RPPPMLLKPHMFFBH48CC,2,63.65,見其他登記事項,鋼筋混凝土造,104年10月12日,十四層,
RPPPMLLKPHMFFBH48CC,2,76.29,見其他登記事項,鋼筋混凝土造,104年10月12日,十四層,
RPUPMLMKPHMFFAH98CC,39,114.08,住家用,加強磚造,67年12月7日,二層,
RPSNMLLKPHMFFEH88CC,22,15.28,共有部份,鋼筋混凝土造,84年8月11日,二十層,
RPSNMLLKPHMFFEH88CC,22,8.86,共有部份,鋼筋混凝土造,84年8月11日,二十層,
RPSNMLLKPHMFFEH88CC,22,57.11,住家用,鋼筋混凝土造,84年8月11日,二十層,
RPTPMLLKPHMFFBH88CC,4,33.11,見其他登記事項,鋼筋混凝土造,102年12月13日,十一層,
RPTPMLLKPHMFFBH88CC,4,13.21,見其他登記事項,鋼筋混凝土造,102年12月13日,十一層,
RPPSMLMKPHMFFBH88CC,4,272.95,見其他登記事項,鋼筋混凝土造,102年12月13日,四層,
RPPSMLMKPHMFFBH88CC,4,3.11,見其他登記事項,鋼筋混凝土造,102年12月13日,十一層,
RPTOMLNKPHMFFAH88CC,25,267.87,見其他登記事項,鋼筋混凝土造,81年5月14日,十二層,
RPTOMLNKPHMFFAH88CC,25,54.37,共有部份,鋼筋混凝土造,81年5月14日,十二層,
RPRNMLNKPHMFFBH68CC,2,143.76,見其他登記事項,鋼筋混凝土造,104年8月22日,十二層,
RPUOMLLKPHMFFAH78CC,22,98.64,住家用,鋼筋混凝土造,84年11月3日,二十層,
RPUOMLLKPHMFFAH78CC,22,16.74,共有部份,鋼筋混凝土造,84年11月3日,二十層,
RPWPMLNKPHMFFFH17CC,19,96.78,住家用,鋼骨鋼筋混凝土造,87年7月29日,十八層,
RPWPMLNKPHMFFFH17CC,19,4.62,見其他登記事項,鋼骨鋼筋混凝土造,87年7月29日,十九層,
RPWPMLNKPHMFFFH17CC,19,14.21,共有部分,鋼骨鋼筋混凝土造,87年7月29日,十八層,
RPWPMLNKPHMFFFH17CC,19,9.00,共有部分,鋼骨鋼筋混凝土造,87年7月29日,十九層,
RPPOMLNKPHMFFBH58CC,33,64.78,住家用,鋼筋混凝土造,73年4月27日,五層,
RPPOMLNKPHMFFBH58CC,33,5.32,共有部分,鋼筋混凝土造,73年4月27日,五層,
RPPPMLNKPHMFFAH58CC,20,122.65,住家用,鋼筋混凝土造,86年5月28日,十八層,
RPVNMLOKPHMFFGH17DC,5,75.78,住家用,鋼筋混凝土造,101年4月5日,五層,
RPWOMLNKPHMFFAH66DC,29,12.33,住商用,鋼筋混凝土造,77年11月9日,四層,
RPQPMLNKPHMFFAH78DC,34,88.02,國民住宅,鋼筋混凝土造,72年6月22日,七層,
RPQPMLNKPHMFFAH78DC,34,12.65,共有部份,鋼筋混凝土造,72年6月22日,七層,
RPQNMLOKPHMFFGH56CC,2,63.30,住家用,鋼筋混凝土造,104年10月6日,十五層,
RPQNMLOKPHMFFGH56CC,2,51.75,共有部份,鋼筋混凝土造,104年10月6日,十五層,
RPQNMLOKPHMFFGH56CC,2,16.16,共有部份,鋼筋混凝土造,104年10月6日,十五層,
RPTOMLOKPHMFFAH09DC,19,99.39,住家用,鋼筋混凝土造,87年1月12日,六層,
RPXOMLOKPHMFFAH86DC,33,96.81,住家用,鋼筋混凝土造,73年3月24日,五層,
RPPQMLNKPHMFFFH66DC,,107.79,住家用,加強磚造,,二層,
RPXNMLRKPHMFFBH07CC,6,20.99,見其他登記事項,鋼筋混凝土造,100年6月13日,五層,
RPTNMLRKPHMFFBH66CC,17,79.52,住家用,鋼筋混凝土造,89年3月2日,十九層,
RPTNMLRKPHMFFBH66CC,17,5.76,見其他登記事項,鋼筋混凝土造,89年3月2日,十九層,
RPTNMLRKPHMFFBH66CC,17,41.38,見其他登記事項,鋼筋混凝土造,89年3月2日,十九層,
RPTNMLRKPHMFFBH66CC,17,17.74,見其他登記事項,鋼筋混凝土造,89年3月2日,十九層,
RPWNMLRKPHMFFEH27CC,13,90.16,住家用,鋼筋混凝土造,93年10月28日,九層,
RPWNMLRKPHMFFEH27CC,13,25.00,共有部份,鋼筋混凝土造,93年10月28日,十層,
RPWNMLRKPHMFFEH27CC,13,6.33,共有部份,鋼筋混凝土造,93年10月28日,十層,
RPSOMLRKPHMFFEH96CC,21,182.51,住家用,鋼筋混凝土造,85年3月16日,四層,
RPSNMLRKPHMFFGH07CC,24,110.70,商業用,鋼筋混凝土造,82年4月12日,二十四層,
RPSNMLRKPHMFFGH07CC,24,30.65,共有部份,鋼筋混凝土造,82年4月12日,二十五層,
RPSNMLRKPHMFFGH07CC,24,11.52,共有部份,鋼筋混凝土造,82年4月12日,二十五層,
RPSNMLRKPHMFFGH07CC,24,.79,共有部份,鋼筋混凝土造,82年4月12日,二十五層,
RPSNMLRKPHMFFGH07CC,24,34.50,共有部份,鋼筋混凝土造,82年4月12日,二十五層,
RPRNMLRKPHMFFGH96CC,13,138.55,見其他登記事項,鋼筋混凝土造,93年4月2日,十四層,
RPRNMLRKPHMFFGH96CC,13,28.12,共有部份,鋼筋混凝土造,93年4月2日,十四層,
RPRNMLRKPHMFFGH96CC,13,3.71,共有部份,鋼筋混凝土造,93年4月2日,十四層,
RPRNMLRKPHMFFGH96CC,13,11.31,共有部份,鋼筋混凝土造,93年4月2日,十四層,
RPTNMLRKPHMFFGH17CC,24,80.44,見其他登記事項,鋼筋混凝土造,82年12月2日,五層,
RPTNMLRKPHMFFGH17CC,24,7.01,共有部份,鋼筋混凝土造,82年10月16日,五層,
RPVNMLRKPHMFFBH86CC,27,148.62,住家用,鋼筋混凝土造,79年5月7日,三層,
RPXPMLRKPHMFFHH87CC,9,22.77,住家用,鋼筋混凝土造,97年6月9日,十層,
RPXPMLRKPHMFFHH87CC,9,8.37,共有部份,鋼筋混凝土造,97年6月9日,十層,
RPXPMLRKPHMFFHH87CC,9,3.55,共有部份,鋼筋混凝土造,97年6月9日,十層,
RPWPMLRKPHMFFHH87DC,24,84.76,見其他登記事項,鋼筋混凝土造,82年5月25日,五層,
RPWPMLRKPHMFFHH87DC,24,3.97,共有部份,鋼筋混凝土造,82年5月25日,五層,
RPWPMLRKPHMFFHH87DC,24,12.85,共有部份,鋼筋混凝土造,82年5月25日,八層,
RPTOMLSKPHMFFHH57DC,25,118.50,見其他登記事項,鋼筋混凝土造,81年4月2日,七層,
RPPPMLSKPHMFFBH66DC,36,93.18,住家用,鋼筋混凝土造,70年4月9日,五層,
RPSQMLSKPHMFFHH67DC,24,84.76,見其他登記事項,鋼筋混凝土造,82年5月25日,五層,
RPSQMLSKPHMFFHH67DC,24,3.97,共有部份,鋼筋混凝土造,82年5月25日,五層,
RPSQMLSKPHMFFHH67DC,24,12.85,共有部份,鋼筋混凝土造,82年5月25日,八層,
RPUQMLSKPHMFFHH77CC,6,1352.06,見其他登記事項,鋼筋混凝土造,100年9月5日,七層,
RPRPMLSKPHMFFHH37CC,17,33.19,見其他登記事項,鋼筋混凝土造,89年8月30日,十層,
RPRPMLSKPHMFFHH37CC,17,12.68,共有部份,鋼筋混凝土造,89年8月30日,十層,
RPTPMLSKPHMFFHH57CC,2,119.11,住家用,鋼筋混凝土造,104年10月1日,十四層,
RPTPMLSKPHMFFHH57CC,2,27.46,見其他登記事項,鋼筋混凝土造,104年10月1日,十四層,
RPTPMLSKPHMFFHH57CC,2,35.44,見其他登記事項,鋼筋混凝土造,104年10月1日,十四層,
RPOOMLNKPHMFFCH58CC,6,.00,見其他登記事項,鋼筋混凝土造,100年9月19日,十三層,
RPOOMLNKPHMFFCH58CC,6,30.90,見其他登記事項,鋼筋混凝土造,100年9月19日,一層,
RPVNMLTKPHMFFBH07CC,11,26.88,見其他登記事項,鋼筋混凝土造,95年4月26日,四層,
RPQPMLTKPHMFFAH76DC,2,83.14,住家用,鋼筋混凝土造,104年4月13日,十四層,
RPSNMLTKPHMFFFH17CC,24,140.10,住家用,鋼筋混凝土造,82年7月10日,十二層,
RPSNMLTKPHMFFFH17CC,24,32.14,共有部分,鋼筋混凝土造,82年7月10日,十二層,
RPWOMLTKPHMFFAH27DC,21,102.04,住家用,鋼筋混凝土造,85年1月31日,十三層,
RPWOMLTKPHMFFAH27DC,21,11.44,共有部份,鋼筋混凝土造,85年1月31日,十四層,
RPWOMLTKPHMFFAH27DC,21,35.91,共有部份,鋼筋混凝土造,85年1月31日,十四層,
RPPOMLTKPHMFFEH96DC,9,100.50,住家用,鋼筋混凝土造,97年4月1日,十層,
RPPOMLTKPHMFFEH96DC,9,12.91,共有部份,鋼筋混凝土造,97年4月1日,十層,
RPPOMLTKPHMFFEH96DC,9,25.71,共有部份,鋼筋混凝土造,97年4月1日,十層,
RPPOMLTKPHMFFEH96DC,9,.02,見其他登記事項,鋼筋混凝土造,97年4月1日,十層,
RPPOMLTKPHMFFEH96DC,9,27.13,共有部份,鋼筋混凝土造,97年4月1日,十層,
RPTNMLSKPHMFFCH86CC,20,70.87,住家用,鋼筋混凝土造,86年1月30日,十二層,
RPTNMLSKPHMFFCH86CC,20,3.79,共有部份,鋼筋混凝土造,86年1月30日,十二層,
RPTNMLSKPHMFFCH86CC,20,.87,共有部份,鋼筋混凝土造,86年1月30日,十四層,
RPTNMLSKPHMFFCH86CC,20,.99,共有部份,鋼筋混凝土造,86年1月30日,十四層,
RPTNMLSKPHMFFCH86CC,20,.03,共有部份,鋼筋混凝土造,86年1月30日,一層,
RPTNMLSKPHMFFCH86CC,20,.01,見其他登記事項,鋼筋混凝土造,86年6月26日,十八層,
RPTNMLSKPHMFFCH86CC,20,.00,共有部份,鋼筋混凝土造,86年6月26日,一層,
RPTNMLSKPHMFFCH86CC,20,.05,見其他登記事項,鋼筋混凝土造,86年6月26日,十五層,
RPTNMLSKPHMFFCH86CC,20,2.17,見其他登記事項,鋼筋混凝土造,86年1月30日,十四層,
RPTNMLSKPHMFFCH86CC,20,.20,共有部份,鋼筋混凝土造,86年1月30日,十八層,
RPWNMLKLPHMFFEH76DC,14,28.11,住家用,鋼筋混凝土造,92年7月28日,十四層,
RPWNMLKLPHMFFEH76DC,14,5.73,共有部份,鋼筋混凝土造,92年7月28日,十四層,
RPWNMLKLPHMFFEH76DC,14,4.87,共有部份,鋼筋混凝土造,92年7月28日,十四層,
RPUNMLKLPHMFFCH98DC,36,49.92,住家用,磚造,70年2月5日,一層,
RPWNMLKLPHMFFBH98CC,1,209.53,見其他登記事項,鋼筋混凝土造,105年6月1日,十層,
RPWNMLKLPHMFFBH98CC,1,131.55,見其他登記事項,鋼筋混凝土造,105年6月1日,十層,
RPWNMLKLPHMFFBH98CC,1,105.44,見其他登記事項,鋼筋混凝土造,105年6月1日,十層,
RPRNMLKLPHMFFHH56DC,5,154.84,住家用,鋼筋混凝土造,101年12月15日,十五層,
RPQOMLKLPHMFFBH48CC,22,78.72,住家用,鋼筋混凝土造,84年10月9日,五層,
RPSOMLKLPHMFFBH68CC,25,67.43,見其他登記事項,鋼筋混凝土造,81年12月15日,五層,
RPSOMLKLPHMFFBH68CC,25,20.17,共有部分,鋼筋混凝土造,81年12月15日,五層,
RPROMLTKPHMFFDH96CC,1,97.21,見其他登記事項,鋼筋混凝土造,105年6月8日,五層,
RPVNMLTKPHMFFDH27CC,22,54.05,住家用,鋼筋混凝土造,84年10月16日,八層,
RPVNMLTKPHMFFDH27CC,22,11.04,見其他登記事項,鋼筋混凝土造,84年10月16日,八層,
RPVNMLTKPHMFFDH27CC,22,6.57,見其他登記事項,鋼筋混凝土造,84年10月16日,八層,
RPQPMLTKPHMFFDH96CC,4,60.21,住家用,鋼筋混凝土造,102年11月15日,十二層,
RPQPMLTKPHMFFDH96CC,4,66.22,共同使用部份,鋼筋混凝土造,102年11月15日,十二層,
RPSNMLTKPHMFFDH96CC,23,86.83,住家用,鋼筋混凝土造,83年6月25日,十三層,
RPSNMLTKPHMFFDH96CC,23,12.33,共同使用部份,鋼筋混凝土造,83年6月25日,十三層,
RPSNMLTKPHMFFDH96CC,23,11.88,共同使用部份,鋼筋混凝土造,83年6月25日,十三層,
RPVOMLTKPHMFFDH37CC,4,58.49,住家用,鋼筋混凝土造,102年11月15日,十二層,
RPVOMLTKPHMFFDH37CC,4,63.35,共同使用部份,鋼筋混凝土造,102年11月15日,十二層,
RPSNMLLLPHMFFBH78DC,12,57.52,見其他登記事項,鋼筋混凝土造,94年8月24日,十二層,
RPSNMLLLPHMFFBH78DC,12,18.43,共有部分,鋼筋混凝土造,94年8月24日,十二層,
RPUNMLKLPHMFFAH68CC,36,105.70,商業用,鋼筋混凝土造,70年1月20日,五層,
RPRPMLKLPHMFFAH58CC,21,63.63,住家用,鋼筋混凝土造,85年11月13日,十六層,
RPSOMLKLPHMFFFH09CC,8,112.23,住家用,鋼筋混凝土造,98年1月16日,九層,
RPRPMLKLPHMFFAH58CC,21,9.93,共有部份,鋼筋混凝土造,85年11月13日,十六層,
RPSOMLKLPHMFFFH09CC,8,50.73,共有部分,鋼筋混凝土造,98年1月16日,九層,
RPRPMLKLPHMFFAH58CC,21,1.75,共有部份,鋼筋混凝土造,85年11月13日,十六層,
RPSOMLKLPHMFFFH09CC,8,20.28,共有部分,鋼筋混凝土造,98年1月16日,九層,
RPTNMLKLPHMFFFH56DC,19,81.10,住家用,鋼骨鋼筋混凝土造,87年7月29日,十九層,
RPTNMLKLPHMFFFH56DC,19,14.17,共有部分,鋼骨鋼筋混凝土造,87年7月29日,十九層,
RPTNMLKLPHMFFFH56DC,19,35.48,共有部分,鋼骨鋼筋混凝土造,87年7月29日,十九層,
RPTNMLKLPHMFFFH56DC,19,7.77,共有部分,鋼骨鋼筋混凝土造,87年7月29日,十九層,
RPSNMLKLPHMFFFH56EC,3,210.74,住家用,鋼筋混凝土造,103年4月30日,二十三層,
RPXPMLLLPHMFFAH66CC,24,118.49,住家用,鋼筋混凝土造,82年8月11日,十六層,
RPUNMLLLPHMFFEH66DC,3,418.80,見其他登記事項,鋼筋混凝土造,103年7月15日,十一層,
RPTNMLLLPHMFFEH56DC,3,410.80,見其他登記事項,鋼筋混凝土造,103年7月15日,十一層,
RPQNMLLLPHMFFEH88DC,3,411.20,見其他登記事項,鋼筋混凝土造,103年11月20日,十層,
RPOPMLLLPHMFFEH88DC,2,31.39,住家用,鋼筋混凝土造,104年2月11日,八層,
RPOPMLLLPHMFFEH88DC,2,14.82,共有部份,鋼筋混凝土造,104年2月11日,八層,
RPWNMLOLPHMFFEH17DC,11,76.80,見其他登記事項,鋼筋混凝土造,95年11月5日,十二層,
RPWNMLOLPHMFFEH17DC,11,5.46,見其他登記事項,鋼筋混凝土造,95年11月5日,十二層,
RPWNMLOLPHMFFEH17DC,11,27.55,共有部份,鋼筋混凝土造,95年11月5日,十二層,
RPTNMLKLPHMFFDH88CC,20,68.43,住家用,鋼筋混凝土造,86年9月5日,五層,
RPTNMLKLPHMFFDH88CC,20,6.79,見其他登記事項,鋼筋混凝土造,86年9月5日,五層,
RPTNMLKLPHMFFDH88CC,20,13.00,見其他登記事項,鋼筋混凝土造,86年9月5日,五層,
RPTNMLKLPHMFFDH88CC,20,17.84,見其他登記事項,鋼筋混凝土造,86年9月5日,五層,
RPVNMLLLPHMFFFH86DC,18,87.12,住家用,鋼筋混凝土造,88年11月25日,十三層,
RPVNMLLLPHMFFFH86DC,18,10.22,住家用,鋼筋混凝土造,88年11月25日,十三層,
RPVNMLLLPHMFFFH86DC,18,18.58,共有部分,鋼筋混凝土造,88年11月25日,十三層,
RPVNMLLLPHMFFFH86DC,18,24.86,共有部分,鋼筋混凝土造,88年11月25日,十三層,
RPPOMLOLPHMFFEH56DC,1,66.63,住家用,鋼筋混凝土造,105年9月29日,二十層,
RPPOMLOLPHMFFEH56DC,1,4.85,住家用,鋼筋混凝土造,105年9月29日,二十層,
RPPOMLOLPHMFFEH56DC,1,37.99,共有部份,鋼筋混凝土造,105年9月29日,二十層,
RPPOMLOLPHMFFEH56DC,1,1.61,住家用,鋼筋混凝土造,105年9月29日,二十層,
RPWNMLKLPHMFFDH56CC,10,53.67,見其他登記事項,鋼筋混凝土造,96年7月26日,十一層,
RPWNMLKLPHMFFDH56CC,10,43.06,見其他登記事項,鋼筋混凝土造,96年7月26日,十二層,
RPWNMLKLPHMFFDH56CC,10,15.54,見其他登記事項,鋼筋混凝土造,96年7月26日,十二層,
RPQPMLOLPHMFFAH98DC,29,12.33,住商用,鋼筋混凝土造,77年11月9日,四層,
RPSPMLKLPHMFFAH68CC,18,87.08,住家用,鋼筋混凝土造,88年2月23日,十三層,
RPSPMLKLPHMFFAH68CC,18,36.78,共有部份,鋼筋混凝土造,88年2月23日,十三層,
RPSPMLKLPHMFFAH68CC,18,13.26,共有部份,鋼筋混凝土造,88年2月23日,十三層,
RPQOMLOLPHMFFHH86CC,10,164.75,住商用,鋼筋混凝土造,96年9月28日,十二層,
RPQOMLOLPHMFFHH86CC,10,4.31,共有部份,鋼筋混凝土造,96年9月28日,十一層,
RPQOMLOLPHMFFHH86CC,10,17.15,共有部份,鋼筋混凝土造,96年9月28日,十二層,
RPVNMLOLPHMFFHH27CC,2,80.18,住家用,鋼筋混凝土造,104年7月9日,十九層,
RPVNMLOLPHMFFHH27CC,2,26.23,見其他登記事項,鋼筋混凝土造,104年7月9日,二十一層,
RPVNMLOLPHMFFHH27CC,2,8.00,見其他登記事項,鋼筋混凝土造,104年7月9日,二十一層,
RPVNMLOLPHMFFHH27CC,2,36.40,見其他登記事項,鋼筋混凝土造,104年7月9日,二十一層,
RPSPMLPLPHMFFBH66CC,16,111.77,住家用,鋼筋混凝土造,90年10月26日,二十一層,
RPSPMLPLPHMFFBH66CC,16,4.27,共有部分,鋼筋混凝土造,90年10月26日,二十一層,
RPSPMLPLPHMFFBH66CC,16,25.31,共有部分,鋼筋混凝土造,90年10月26日,二十一層,
RPSPMLPLPHMFFBH66CC,16,2.74,共有部分,鋼筋混凝土造,90年10月26日,二十一層,
RPSPMLPLPHMFFBH66CC,16,.83,共有部分,鋼筋混凝土造,90年10月26日,二十一層,
RPTQMLPLPHMFFBH86CC,37,203.32,見其他登記事項,加強磚造,69年8月25日,二層,
RPPPMLPLPHMFFAH88CC,3,88.73,住家用,鋼筋混凝土造,103年9月15日,十四層,
RPPPMLPLPHMFFAH88CC,3,24.57,見其他登記事項,鋼筋混凝土造,103年9月15日,十四層,
RPPPMLPLPHMFFAH88CC,3,15.68,見其他登記事項,鋼筋混凝土造,103年9月15日,十四層,
RPOPMLPLPHMFFAH78CC,26,198.34,住商用,鋼筋混凝土造,80年9月18日,七層,
RPRPMLPLPHMFFCH66CC,20,103.85,住家用,鋼筋混凝土造,86年6月26日,十四層,
RPRPMLPLPHMFFCH66CC,20,5.46,共有部份,鋼筋混凝土造,86年6月26日,十四層,
RPRPMLPLPHMFFCH66CC,20,1.09,共有部份,鋼筋混凝土造,86年6月26日,十四層,
RPRPMLPLPHMFFCH66CC,20,.97,見其他登記事項,鋼筋混凝土造,86年6月26日,十八層,
RPRPMLPLPHMFFCH66CC,20,.05,共有部份,鋼筋混凝土造,86年6月26日,一層,
RPRPMLPLPHMFFCH66CC,20,3.53,見其他登記事項,鋼筋混凝土造,86年6月26日,十五層,
RPRPMLPLPHMFFCH66CC,20,.00,共有部份,鋼筋混凝土造,86年1月30日,十八層,
RPRPMLPLPHMFFCH66CC,20,.00,共有部份,鋼筋混凝土造,86年1月30日,一層,
RPRPMLPLPHMFFCH66CC,20,.05,見其他登記事項,鋼筋混凝土造,86年1月30日,十四層,
RPXNMLPLPHMFFHH67DC,23,99.87,見其他登記事項,鋼筋混凝土造,84年1月4日,九層,
RPXNMLPLPHMFFHH67DC,23,34.61,見其他登記事項,鋼筋混凝土造,84年1月4日,九層,
RPWOMLPLPHMFFHH67DC,3,71.54,住家用,鋼筋混凝土造,103年2月24日,十九層,
RPWOMLPLPHMFFHH67DC,3,17.51,見其他登記事項,鋼筋混凝土造,103年2月24日,十九層,
RPPPMLQLPHMFFBH09CC,25,107.09,住家用,鋼筋混凝土造,81年9月18日,六層,
RPPPMLQLPHMFFBH09CC,25,31.71,共有部分,鋼筋混凝土造,81年9月18日,六層,
RPQPMLQLPHMFFBH66DC,6,143.77,商業用,鋼筋混凝土造,100年11月9日,十三層,
RPVOMLQLPHMFFBH17EC,23,58.25,見其他登記事項,鋼筋混凝土造,83年4月30日,五層,
RPVOMLQLPHMFFBH96CC,4,66.67,見其他登記事項,鋼筋混凝土造,102年5月25日,十五層,
RPVOMLQLPHMFFBH96CC,4,61.16,見其他登記事項,鋼筋混凝土造,102年5月25日,十五層,
RPOPMLQLPHMFFBH09DC,38,199.26,住商用,鋼筋混凝土造,68年5月15日,三層,
RPTNMLQLPHMFFGH17CC,3,91.87,見其他登記事項,鋼筋混凝土造,104年1月7日,三層,
RPTNMLQLPHMFFAH56CC,25,128.87,見其他登記事項,見其他登記事項,81年3月23日,二十二層,
RPVPMLPLPHMFFAH86CC,22,60.65,住家用,鋼筋混凝土造,85年1月6日,十二層,
RPVPMLPLPHMFFAH86CC,22,9.78,共有部份,鋼筋混凝土造,85年1月6日,十二層,
RPVPMLPLPHMFFAH86CC,22,1.59,共有部份,鋼筋混凝土造,85年1月6日,十二層,
RPUNMLQLPHMFFAH66CC,12,315.77,住家用,鋼筋混凝土造,94年4月14日,四層,
RPUNMLQLPHMFFGH27CC,23,123.14,住家用,鋼筋混凝土造,83年8月20日,六層,
RPUNMLQLPHMFFGH27CC,23,31.44,共有部份,鋼筋混凝土造,83年8月20日,六層,
RPUNMLQLPHMFFGH27CC,23,6.11,共有部份,鋼筋混凝土造,83年8月20日,六層,
RPQOMLRLPHMFFBH56CC,10,123.78,住家用,鋼筋混凝土造,96年9月10日,十五層,
RPQOMLRLPHMFFBH56CC,10,59.03,共有部分,鋼筋混凝土造,96年9月10日,十五層,
RPQOMLRLPHMFFBH56CC,10,20.18,共有部分,鋼筋混凝土造,96年9月10日,十五層,
RPVNMLQLPHMFFGH37CC,38,162.26,住商用,鋼筋混凝土造,68年7月1日,四層,
RPPNMLSLPHMFFHH07CC,3,58.06,住家用,鋼筋混凝土造,103年7月5日,十五層,
RPPNMLTLPHMFFEH86CC,25,93.38,工業用,鋼筋混凝土造,81年11月3日,五層,
RPROMLSLPHMFFEH17DC,3,55.20,住家用,鋼筋混凝土造,103年3月7日,十層,
RPRNMLLMPHMFFBH68CC,22,28.24,住家用,鋼筋混凝土造,84年3月8日,十二層,
RPRNMLLMPHMFFBH68CC,22,5.64,共有部分,鋼筋混凝土造,84年3月8日,十二層,
RPRNMLLMPHMFFBH68CC,22,12.90,共有部分,鋼筋混凝土造,84年3月8日,十二層,
RPPNMLTLPHMFFHH17CC,24,92.09,見其他登記事項,鋼筋混凝土造,82年5月25日,六層,
RPPNMLTLPHMFFHH17CC,24,3.07,共有部份,鋼筋混凝土造,82年5月25日,六層,
RPPNMLTLPHMFFHH17CC,24,12.84,共有部份,鋼筋混凝土造,82年5月25日,八層,
RPQNMLTLPHMFFEH96CC,22,85.82,住家用,鋼筋混凝土造,84年9月25日,二十層,
RPQNMLTLPHMFFEH96CC,22,9.57,共有部份,鋼筋混凝土造,84年9月25日,二十層,
RPQNMLTLPHMFFEH96CC,22,13.84,共有部份,鋼筋混凝土造,84年9月25日,二十層,
RPTNMLLMPHMFFHH96DC,24,37.97,商業用,鋼筋混凝土造,82年7月16日,八層,
RPTNMLLMPHMFFHH96DC,24,44.41,商業用,鋼筋混凝土造,82年7月16日,八層,
RPSNMLSLPHMFFFH17CC,24,98.59,住家用,鋼筋混凝土造,82年4月27日,十二層,
RPSNMLSLPHMFFFH17CC,24,11.75,共有部分,鋼筋混凝土造,82年4月27日,十二層,
RPSNMLSLPHMFFFH17CC,24,9.42,共有部分,鋼筋混凝土造,82年4月27日,十二層,
RPQOMLSLPHMFFFH07CC,19,64.27,住家用,鋼骨鋼筋混凝土造,87年7月29日,十九層,
RPQOMLSLPHMFFFH07CC,19,11.03,共有部分,鋼骨鋼筋混凝土造,87年7月29日,十九層,
RPQOMLSLPHMFFFH07CC,19,6.04,共有部分,鋼骨鋼筋混凝土造,87年7月29日,十九層,
RPQOMLSLPHMFFFH07CC,19,3.08,見其他登記事項,鋼骨鋼筋混凝土造,87年7月29日,十九層,
