﻿編號,屋齡,建物移轉面積平方公尺,主要用途,主要建材,建築完成日期,總層數,建物分層
The serial number,room age,building shifting area square meter,the main use,main building materials,construction completes the date,total layer,building lamination
RPQOMLMKNHMFFAM58CA,25,99.60,住家用,鋼筋混凝土造,81年7月13日,五層,二層
RPQOMLMKNHMFFAM58CA,25,6.29,共有部份,鋼筋混凝土造,81年7月13日,五層,
RPUNMLPKNHMFFAM56CA,16,123.65,住商用,鋼筋混凝土造,89年10月19日,三層,一層 二層 三層 屋頂突出物
RPWOMLNJNHMFFBM66CA,,67.10,見其他登記事項,鋼筋混凝土造,105年12月29日,十二層,五層
RPWOMLNJNHMFFBM66CA,,32.45,見其他登記事項,鋼筋混凝土造,105年12月29日,十二層,
RPTNMLMJNHMFFBM78CA,37,114.16,住家用,鋼筋混凝土加強磚造,68年11月23日,二層,一層 二層
RPUNMLOLNHMFFAM56CA,22,152.44,住家用,鋼筋混凝土造,84年4月14日,三層,一層 二層 三層 屋頂突出物
RPQOMLSJNHMFFCM66CA,10,161.10,見其他登記事項,鋼筋混凝土造,96年5月1日,三層,一層 二層 三層 屋頂突出物
RPRNMLOJNHMFFDM98CA,1,185.76,住家用,鋼筋混凝土造,105年3月23日,三層,一層 二層 三層
RPRNMLOLNHMFFCM09CA,13,479.46,農舍,見其他登記事項,93年7月8日,二層,一層 二層
RPUNMLOLNHMFFDM96DA,36,93.13,住商用,鋼筋混凝土加強磚造,69年12月27日,二層,一層 二層 騎樓
RPTNMLOJNHMFFEM66CA,,190.18,見其他登記事項,見其他登記事項,105年12月20日,三層,一層 二層 三層 見其他登記事項
RPPNMLNJNHMFFEM78CA,37,183.41,住商用,鋼筋混凝土加強磚造,68年9月29日,三層,一層 二層 三層 騎樓
RPQNMLOJNHMFFEM98CA,,190.99,見其他登記事項,見其他登記事項,105年12月20日,三層,一層 二層 三層 見其他登記事項
RPUNMLSJNHMFFAM86DA,11,33.81,住家用,鋼筋混凝土造,94年10月26日,五層,四層
RPUNMLSJNHMFFAM86DA,11,5.06,住家用,鋼筋混凝土造,94年10月26日,五層,
RPUNMLPJNHMFFDM76CA,1,185.76,住家用,鋼筋混凝土造,105年3月23日,三層,一層 二層 三層
RPRNMLPJNHMFFDM09CA,1,185.76,住家用,鋼筋混凝土造,105年3月23日,三層,一層 二層 三層
RPTNMLPJNHMFFDM66CA,1,185.76,住家用,鋼筋混凝土造,105年3月23日,三層,一層 二層 三層
RPSNMLPJNHMFFDM56CA,1,185.76,住家用,鋼筋混凝土造,105年3月23日,三層,一層 二層 三層
RPQNMLNJNHMFFCM68CA,24,73.14,見其他登記事項,鋼筋混凝土造,82年8月30日,七層,四層
RPQNMLNJNHMFFCM68CA,24,17.55,見其他登記事項,鋼筋混凝土造,82年8月30日,見其他登記事項,
RPPNMLOJNHMFFCM68CA,47,97.22,住家用,鋼筋混凝土加強磚造,58年10月25日,二層,一層 二層 騎樓
RPPNMLPLNHMFFAM78CA,,176.05,住家用,鋼筋混凝土造,105年10月6日,四層,一層 二層 三層 四層
RPQNMLPKNHMFFBM88CA,1,317.31,見其他登記事項,鋼筋混凝土造,105年4月8日,四層,一層 二層 三層 四層
RPUNMLOJNHMFFEM76CA,,95.32,見其他登記事項,見其他登記事項,105年12月20日,三層,一層 二層 三層 見其他登記事項
RPUNMLOJNHMFFEM76CA,,95.32,見其他登記事項,見其他登記事項,105年12月20日,三層,一層 二層 三層 見其他登記事項
RPSOMLMJNHMFFAM68CA,7,248.21,住家用,鋼筋混凝土造,99年1月8日,三層,一層 二層 三層
RPQNMLNLNHMFFAM68CA,,86.58,見其他登記事項,鋼筋混凝土造,106年1月19日,五層,三層
RPQNMLNLNHMFFAM68CA,,35.30,見其他登記事項,鋼筋混凝土造,106年1月19日,五層,
RPQNMLNLNHMFFAM68CA,,13.75,停車空間,鋼筋混凝土造,106年1月19日,五層,
RPUNMLTKNHMFFAM96CA,,88.61,見其他登記事項,鋼筋混凝土造,106年1月19日,五層,三層
RPUNMLTKNHMFFAM96CA,,35.86,見其他登記事項,鋼筋混凝土造,106年1月19日,五層,
RPUNMLTKNHMFFAM96CA,,13.75,停車空間,鋼筋混凝土造,106年1月19日,五層,
RPWNMLLKNHMFFCM56CA,27,144.00,住家用,木造,79年1月9日,二層,一層 二層
RPRNMLMKNHMFFCM78CA,19,145.20,住家用,鋼筋混凝土造,87年6月19日,三層,一層 二層 三層
RPPNMLMLNHMFFCM68CA,27,2610.52,見其他登記事項,鋼筋混凝土造,79年6月27日,九層,一層 二層 三層 四層 五層 六層 七層 八層 九層 騎樓 地下一層 地下二層
RPQNMLPJNHMFFBM78CA,11,12.15,農舍,見其他登記事項,95年7月25日,一層,一層
RPXNMLTKNHMFFBM37CA,1,294.94,見其他登記事項,鋼筋混凝土造,105年3月23日,四層,一層 二層 三層 四層 見其他登記事項
RPQNMLSJNHMFFBM09CA,22,102.48,住家用,鋼筋混凝土造,84年7月19日,八層,七層
RPQNMLSJNHMFFBM09CA,22,20.68,見其他登記事項,鋼筋混凝土造,84年7月19日,八層,
RPRNMLNLNHMFFAM78CA,,88.61,見其他登記事項,鋼筋混凝土造,106年1月19日,五層,四層
RPRNMLNLNHMFFAM78CA,,35.86,見其他登記事項,鋼筋混凝土造,106年1月19日,五層,
RPRNMLNLNHMFFAM78CA,,6.88,停車空間,鋼筋混凝土造,106年1月19日,五層,
RPQOMLQKNHMFFBM09CA,2,253.82,見其他登記事項,鋼筋混凝土造,104年9月7日,四層,一層 二層 三層 四層 地下一層
RPQOMLQKNHMFFBM09CA,2,16.39,停車空間,鋼筋混凝土造,104年9月7日,四層,
RPPOMLMKNHMFFAM48CA,23,167.40,住家用,鋼筋混凝土造,82年11月2日,三層,一層 二層 三層
RPUNMLQKNHMFFAM66CA,25,117.93,住家用,鋼筋混凝土造,81年9月18日,三層,一層 二層 三層
RPROMLRKNHMFFAM56CA,3,140.25,見其他登記事項,鋼筋混凝土造,102年12月31日,三層,一層 二層 三層 屋頂突出物
RPTNMLKLOHMFFDM09CA,38,70.46,住家用,鋼筋混凝土加強磚造,68年4月1日,一層,一層
RPTNMLTJNHMFFAM76CA,10,232.76,住商用,鋼筋混凝土造,96年4月18日,四層,一層 二層 三層 四層
RPPNMLOKNHMFFBM68CA,31,189.06,住家用,鋼筋混凝土造,74年10月11日,三層,一層 二層 三層
RPQNMLTJNHMFFBM56CA,23,83.91,住家用,鋼筋混凝土造,82年11月24日,七層,一層
RPQNMLTJNHMFFBM56CA,23,27.62,見其他登記事項,鋼筋混凝土造,82年11月24日,七層,
RPVNMLQLNHMFFCM07CA,41,115.20,住家用,鋼筋混凝土加強磚造,65年5月10日,二層,一層 二層
RPRNMLQKNHMFFAM98CA,1,125.58,見其他登記事項,鋼筋混凝土造,105年6月20日,四層,一層 二層 三層 四層
RPRNMLQKNHMFFAM98CA,1,125.58,見其他登記事項,鋼筋混凝土造,105年6月20日,四層,一層 二層 三層 四層
RPRNMLNLNHMFFBM88CA,,66.34,見其他登記事項,鋼筋混凝土造,105年12月29日,十二層,五層
RPRNMLNLNHMFFBM88CA,,32.11,見其他登記事項,鋼筋混凝土造,105年12月29日,十二層,
RPRNMLNLNHMFFEM56CA,25,232.65,住商用,鋼筋混凝土造,81年3月11日,三層,一層 二層 三層
RPSNMLNLNHMFFBM98CA,,63.00,見其他登記事項,鋼筋混凝土造,105年12月29日,十二層,六層
RPSNMLNLNHMFFBM98CA,,30.47,見其他登記事項,鋼筋混凝土造,105年12月29日,十二層,
RPQNMLPKNHMFFDM56DA,21,165.81,住家用,鋼筋混凝土造,85年5月25日,四層,一層 二層 三層 四層
RPQNMLMKNHMFFAM58DA,16,142.84,住家用,鋼筋混凝土造,90年9月10日,三層,一層 二層 三層
RPUNMLSKNHMFFDM17CA,36,100.00,住家用,鋼筋混凝土加強磚造,70年9月19日,二層,一層 二層
RPSNMLTJNHMFFAM76DA,37,102.42,住商用,鋼筋混凝土加強磚造,69年6月4日,二層,一層 二層
RPUNMLRKNHMFFBM86CA,22,28.05,住家用,鋼筋混凝土造,84年9月27日,十二層,六層
RPUNMLRKNHMFFBM86CA,22,7.60,見其他登記事項,鋼筋混凝土造,84年9月27日,十二層,
RPWNMLPKNHMFFCM96CA,28,170.79,見其他登記事項,鋼筋混凝土造,77年9月19日,三層,一層 二層 三層 騎樓
RPRNMLTJNHMFFBM66CA,,188.09,見其他登記事項,鋼筋混凝土造,105年11月24日,三層,一層 二層 三層 見其他登記事項
RPSNMLTJNHMFFBM76CA,,188.11,見其他登記事項,鋼筋混凝土造,105年11月24日,三層,一層 二層 三層 見其他登記事項
RPUNMLNLNHMFFBM56CA,,67.10,見其他登記事項,鋼筋混凝土造,105年12月29日,十二層,七層
RPUNMLNLNHMFFBM56CA,,32.45,見其他登記事項,鋼筋混凝土造,105年12月29日,十二層,
RPVNMLNLNHMFFBM66CA,,88.66,見其他登記事項,鋼筋混凝土造,105年12月29日,十二層,十層
RPVNMLNLNHMFFBM66CA,,75.92,見其他登記事項,鋼筋混凝土造,105年12月29日,十二層,
RPRNMLKKNHMFFBM48CA,,188.04,見其他登記事項,鋼筋混凝土造,105年11月24日,三層,一層 二層 三層 見其他登記事項
RPTNMLNLNHMFFBM09CA,,63.00,見其他登記事項,鋼筋混凝土造,105年12月29日,十二層,七層
RPTNMLNLNHMFFBM09CA,,30.47,見其他登記事項,鋼筋混凝土造,105年12月29日,十二層,
RPTNMLKKNHMFFBM68CA,,425.82,見其他登記事項,鋼筋混凝土造,105年11月24日,四層,一層 二層 三層 四層
RPPNMLKKNHMFFBM28CA,,197.89,見其他登記事項,鋼筋混凝土造,105年11月24日,三層,一層 二層 三層 見其他登記事項
RPQNMLKKNHMFFBM38CA,,197.89,見其他登記事項,鋼筋混凝土造,105年11月24日,三層,一層 二層 三層 見其他登記事項
RPSNMLKKNHMFFBM58CA,,202.06,見其他登記事項,鋼筋混凝土造,105年11月24日,三層,一層 二層 三層 見其他登記事項
RPUNMLKKNHMFFBM78CA,,199.16,見其他登記事項,鋼筋混凝土造,105年11月24日,三層,一層 二層 三層 見其他登記事項
RPQNMLKKNHMFFCM48CA,23,121.28,住商用,鋼筋混凝土造,83年6月10日,三層,一層 二層 三層 騎樓
RPVNMLMKNHMFFAM98CA,38,299.73,住商用,鋼筋混凝土加強磚造,68年1月18日,四層,一層 二層 三層 四層 騎樓
RPPOMLQKNHMFFBM98CA,19,140.90,住家用,鋼筋混凝土造,86年12月3日,三層,一層 二層 三層 電梯樓梯間
RPWNMLNLNHMFFBM76CA,,91.44,見其他登記事項,鋼筋混凝土造,105年12月29日,十二層,十層
RPWNMLNLNHMFFBM76CA,,77.26,見其他登記事項,鋼筋混凝土造,105年12月29日,十二層,
RPVNMLKKNHMFFBM88CA,,195.73,見其他登記事項,鋼筋混凝土造,105年11月24日,三層,一層 二層 三層 見其他登記事項
RPSNMLLKNHMFFBM68CA,2,63.11,見其他登記事項,鋼筋混凝土造,104年10月16日,十一層,八層
RPSNMLLKNHMFFBM68CA,2,67.12,見其他登記事項,鋼筋混凝土造,104年10月16日,十一層,
RPPNMLMKNHMFFBM48CA,4,253.45,見其他登記事項,鋼筋混凝土造,102年3月14日,三層,一層 二層 三層 地下一層 見其他登記事項
RPPNMLMKNHMFFBM48CA,4,2.08,見其他登記事項,鋼筋混凝土造,102年3月14日,一層,
RPPNMLMKNHMFFBM48CA,4,51.35,見其他登記事項,鋼筋混凝土造,102年3月14日,一層,
RPQNMLQKNHMFFCM09CA,37,134.84,住商用,鋼筋混凝土造,69年5月27日,三層,一層 二層 三層 騎樓
RPQNMLKKNHMFFDM58CA,1,185.76,住家用,鋼筋混凝土造,105年3月23日,三層,一層 二層 三層
RPPNMLPKNHMFFEM09CA,,190.64,見其他登記事項,見其他登記事項,105年12月20日,三層,一層 二層 三層 見其他登記事項
RPSNMLKKNHMFFDM78CA,46,112.51,住家用,鋼筋混凝土加強磚造,60年3月10日,二層,一層 二層 騎樓
RPRNMLQLNHMFFCM66CA,14,188.05,住家用,鋼筋混凝土造,91年12月17日,三層,一層 二層 三層 屋頂突出物
RPWNMLQLNHMFFCM17CA,36,89.89,住家用,鋼筋混凝土加強磚造,69年12月29日,二層,一層 二層
RPOOMLMJOHMFFDM68CA,16,53.60,農舍,鋼筋混凝土造,90年5月10日,三層,一層 二層 三層
RPRNMLRKNHMFFDM76CA,1,147.28,住家用,鋼筋混凝土造,104年12月25日,三層,一層 二層 三層
RPSNMLKLOHMFFDM98CA,32,91.94,農舍,鋼筋混凝土加強磚造,74年3月11日,三層,一層 二層 三層 騎樓
RPPNMLKMNHMFFCM58CA,,275.29,見其他登記事項,鋼筋混凝土造,106年2月21日,三層,一層 二層 三層 見其他登記事項
RPPNMLLKNHMFFAM28CA,5,236.34,見其他登記事項,見其他登記事項,101年6月12日,二層,一層 二層 屋頂突出物
RPPNMLNKNHMFFAM48CA,36,120.72,住家用,鋼筋混凝土加強磚造,70年1月1日,三層,一層 二層 三層
RPXNMLQKNHMFFBM07CA,18,155.86,住家用,鋼筋混凝土造,88年1月27日,三層,一層 二層 三層 屋頂突出物
RPXNMLMKNHMFFAM56CA,8,307.32,農舍,見其他登記事項,98年10月1日,三層,一層 二層 三層 屋頂突出物
RPQNMLPKNHMFFAM78CA,22,85.63,住家用,鋼筋混凝土造,83年10月7日,十一層,四層
RPQNMLPKNHMFFAM78CA,22,33.27,見其他登記事項,鋼筋混凝土造,83年10月7日,十一層,
RPSNMLQKNHMFFAM09CA,1,251.15,見其他登記事項,鋼筋混凝土造,105年6月20日,四層,一層 二層 三層 四層
RPROMLQJOHMFFAM09CA,24,210.43,住家用,鋼筋混凝土造,82年2月12日,三層,一層 二層 三層
RPPOMLPKNHMFFAM78CA,19,64.37,住家用,鋼筋混凝土造,87年3月27日,五層,四層
RPPOMLPKNHMFFAM78CA,19,5.79,見其他登記事項,鋼筋混凝土造,87年3月27日,五層,
RPVNMLSKNHMFFAM96CA,24,129.00,住家用,鋼筋混凝土造,81年12月21日,三層,一層 二層 三層
RPWNMLLKNHMFFBM09CA,34,94.45,住家用,加強磚造,,二層,一層 二層
RPUNMLPKNHMFFBM66CA,7,12.00,農舍,見其他登記事項,99年5月6日,一層,一層
RPTNMLMKNHMFFDM09CA,,209.40,住家用,鋼筋混凝土造,106年2月6日,三層,一層 二層 三層
RPVNMLMKNHMFFDM66CA,,209.40,住家用,鋼筋混凝土造,106年2月6日,三層,一層 二層 三層
RPRNMLPKNHMFFDM56CA,,209.40,住家用,鋼筋混凝土造,106年2月6日,三層,一層 二層 三層
RPTNMLRKNHMFFDM96CA,,209.40,住家用,鋼筋混凝土造,106年2月6日,三層,一層 二層 三層
RPQOMLNLNHMFFCM98CA,28,296.90,見其他登記事項,見其他登記事項,78年2月25日,一層,一層
RPUNMLQKNHMFFDM96CA,1,185.76,住家用,鋼筋混凝土造,105年3月23日,三層,一層 二層 三層
RPPNMLRKNHMFFDM56CA,2,201.36,見其他登記事項,鋼筋混凝土造,104年2月11日,三層,一層 二層 三層 屋頂突出物
RPPNMLQLNHMFFEM66CA,,115.20,,,,,
RPPNMLTJOHMFFDM76CA,38,179.19,住商用,鋼筋混凝土加強磚造,68年6月13日,三層,一層 二層 三層 騎樓
RPSNMLOLNHMFFCM56CA,13,480.58,農舍,見其他登記事項,93年7月8日,二層,一層 二層
RPPNMLTKNHMFFDM76CA,36,93.74,住商用,鋼筋混凝土加強磚造,70年2月2日,二層,一層 二層 騎樓
RPTNMLSKNHMFFBM96DA,14,106.78,見其他登記事項,鋼筋混凝土造,92年4月18日,九層,五層
RPTNMLSKNHMFFBM96DA,14,49.01,見其他登記事項,鋼筋混凝土造,92年4月18日,九層,
RPRNMLMJOHMFFDM88CA,11,192.71,住家用,鋼筋混凝土造,95年1月26日,三層,一層 二層 三層 屋頂突出物
RPPOMLLMNHMFFBM68CA,21,62.49,住家用,鋼筋混凝土造,85年6月13日,九層,五層
RPPOMLLMNHMFFBM68CA,21,23.39,見其他登記事項,鋼筋混凝土造,85年6月13日,九層,
RPSNMLSKNHMFFBM76CA,4,188.72,見其他登記事項,鋼筋混凝土造,102年4月11日,三層,一層 二層 三層 見其他登記事項
RPOPMLOLNHMFFAM78CA,,86.58,見其他登記事項,鋼筋混凝土造,106年1月19日,五層,四層
RPOPMLOLNHMFFAM78CA,,6.88,停車空間,鋼筋混凝土造,106年1月19日,五層,
RPOPMLOLNHMFFAM78CA,,35.30,見其他登記事項,鋼筋混凝土造,106年1月19日,五層,
RPXOMLOLNHMFFAM96CA,,92.91,見其他登記事項,鋼筋混凝土造,106年1月19日,五層,四層
RPXOMLOLNHMFFAM96CA,,37.07,見其他登記事項,鋼筋混凝土造,106年1月19日,五層,
RPXOMLOLNHMFFAM96CA,,6.88,停車空間,鋼筋混凝土造,106年1月19日,五層,
RPOOMLOLNHMFFAM68CA,1,176.05,住家用,鋼筋混凝土造,105年10月6日,四層,一層 二層 三層 四層
RPXNMLOLNHMFFAM86CA,1,175.31,住家用,鋼筋混凝土造,105年10月6日,四層,一層 二層 三層 四層
RPPPMLOLNHMFFAM88CA,,92.91,見其他登記事項,鋼筋混凝土造,106年1月19日,五層,五層
RPPPMLOLNHMFFAM88CA,,37.07,見其他登記事項,鋼筋混凝土造,106年1月19日,五層,
RPPPMLOLNHMFFAM88CA,,6.88,停車空間,鋼筋混凝土造,106年1月19日,五層,
RPSNMLNLNHMFFAM88CA,,92.91,見其他登記事項,鋼筋混凝土造,106年1月19日,五層,三層
RPSNMLNLNHMFFAM88CA,,37.07,見其他登記事項,鋼筋混凝土造,106年1月19日,五層,
RPSNMLNLNHMFFAM88CA,,6.88,停車空間,鋼筋混凝土造,106年1月19日,五層,
RPXNMLPKNHMFFAM86CA,23,101.91,住家用,鋼筋混凝土造,82年12月8日,十層,十層
RPXNMLPKNHMFFAM86CA,23,17.73,見其他登記事項,鋼筋混凝土造,82年12月8日,十層,
RPTNMLNLNHMFFAM98CA,,88.61,見其他登記事項,鋼筋混凝土造,106年1月19日,五層,五層
RPTNMLNLNHMFFAM98CA,,35.86,見其他登記事項,鋼筋混凝土造,106年1月19日,五層,
RPTNMLNLNHMFFAM98CA,,6.88,停車空間,鋼筋混凝土造,106年1月19日,五層,
RPSNMLTKNHMFFBM86CA,56,179.30,住商用,磚造,49年12月10日,二層,一層 二層 騎樓
RPRNMLRKNHMFFBM56CA,25,51.08,住家用,鋼筋混凝土造,81年1月30日,六層,三層
RPRNMLRKNHMFFBM56CA,25,16.88,見其他登記事項,鋼筋混凝土造,81年1月30日,六層,
RPXNMLQLNHMFFCM27CA,36,18.21,住家用,加強磚造,70年1月23日,一層,一層
RPPNMLKKOHMFFAM28CA,37,217.92,住商用,,68年12月1日,三層,一層 二層 三層 騎樓
RPPNMLQKNHMFFDM09CA,21,23.16,見其他登記事項,鋼筋混凝土造,85年3月9日,七層,二層
RPPNMLKLNHMFFDM58CA,21,50.29,住家用,見其他登記事項,84年10月20日,一層,一層
RPXNMLOLNHMFFCM07CA,42,60.55,住家用,鋼筋混凝土加強磚造,63年12月24日,一層,
RPWNMLKMNHMFFCM66CA,10,511.60,農舍,鋼筋混凝土造,96年9月7日,二層,一層 二層
RPQNMLNLNHMFFDM98CA,19,184.86,住商用,鋼筋混凝土造,87年4月13日,三層,一層 二層 三層 騎樓
RPSNMLRKNHMFFDM86CA,76,13.50,住商用,磚造,30年1月1日,一層,一層 騎樓
RPRNMLOKOHMFFCM09CA,23,78.01,見其他登記事項,鋼筋混凝土造,83年1月14日,十一層,十一層
RPRNMLOKOHMFFCM09CA,23,37.21,見其他登記事項,鋼筋混凝土造,83年1月14日,十一層,
RPSNMLRKNHMFFCM76CA,41,92.90,,加強磚造,64年12月6日,二層,一層 二層 騎樓
RPSNMLMLNHMFFCM98CA,21,122.84,見其他登記事項,鋼筋混凝土造,85年8月15日,七層,一層 二層 騎樓
RPSNMLMLNHMFFCM98CA,21,28.44,見其他登記事項,鋼筋混凝土造,85年8月15日,七層,
RPROMLTKNHMFFAM76CA,1,161.35,見其他登記事項,鋼筋混凝土造,105年7月26日,三層,一層 二層 三層
RPVNMLPLNHMFFBM86CA,38,295.20,住商用,鋼筋混凝土造,68年1月18日,四層,一層 二層 三層 四層 騎樓
RPRNMLMLNHMFFBM78CA,4,184.09,見其他登記事項,鋼筋混凝土造,102年2月18日,三層,一層 二層 三層 見其他登記事項
RPPNMLRKNHMFFBM98CA,4,136.10,住家用,鋼筋混凝土造,102年3月8日,四層,一層 二層 三層 四層
RPPNMLKMNHMFFAM38CA,19,84.38,住家用,鋼筋混凝土造,87年3月6日,九層,五層
RPPNMLKMNHMFFAM38CA,19,7.09,見其他登記事項,鋼筋混凝土造,87年3月6日,九層,
RPPNMLKMNHMFFAM38CA,,.21,見其他登記事項,鋼筋混凝土造,,九層,
RPPNMLKMNHMFFAM38CA,19,.03,見其他登記事項,鋼筋混凝土造,87年3月6日,九層,
RPPNMLKMNHMFFAM38CA,19,11.65,見其他登記事項,鋼筋混凝土造,87年3月6日,九層,
RPPNMLKMNHMFFAM38CA,19,10.06,見其他登記事項,鋼筋混凝土造,87年3月6日,九層,
RPRNMLKMNHMFFCM78CA,,211.86,見其他登記事項,鋼筋混凝土造,106年2月21日,三層,一層 二層 三層 見其他登記事項
RPTNMLQLNHMFFCM96DA,25,67.50,見其他登記事項,鋼筋混凝土造,80年12月5日,二層,一層 二層 騎樓
RPVNMLSKNHMFFDM27CA,36,137.50,住商用,加強磚造,70年7月23日,三層,一層 二層 三層 騎樓
RPRNMLOLNHMFFDM56CA,27,217.84,住商用,鋼筋混凝土造,79年8月6日,三層,一層 二層 三層 騎樓
RPWNMLTJOHMFFBM27CA,,63.00,見其他登記事項,鋼筋混凝土造,105年12月29日,十二層,八層
RPWNMLTJOHMFFBM27CA,,30.47,見其他登記事項,鋼筋混凝土造,105年12月29日,十二層,
RPUNMLTJOHMFFBM07CA,,91.44,見其他登記事項,鋼筋混凝土造,105年12月29日,十二層,七層
RPUNMLTJOHMFFBM07CA,,77.26,見其他登記事項,鋼筋混凝土造,105年12月29日,十二層,
RPXNMLTJOHMFFBM37CA,,94.92,見其他登記事項,鋼筋混凝土造,105年12月29日,十二層,九層
RPXNMLTJOHMFFBM37CA,,78.94,見其他登記事項,鋼筋混凝土造,105年12月29日,十二層,
RPVNMLTJOHMFFBM17CA,,94.92,見其他登記事項,鋼筋混凝土造,105年12月29日,十二層,七層
RPVNMLTJOHMFFBM17CA,,45.92,見其他登記事項,鋼筋混凝土造,105年12月29日,十二層,
RPSNMLTJOHMFFBM86CA,,91.44,見其他登記事項,鋼筋混凝土造,105年12月29日,十二層,四層
RPSNMLTJOHMFFBM86CA,,77.26,見其他登記事項,鋼筋混凝土造,105年12月29日,十二層,
RPRNMLTJOHMFFBM76CA,,63.00,見其他登記事項,鋼筋混凝土造,105年12月29日,十二層,三層
RPRNMLTJOHMFFBM76CA,,63.48,見其他登記事項,鋼筋混凝土造,105年12月29日,十二層,
RPQNMLTJOHMFFBM66CA,,68.36,見其他登記事項,鋼筋混凝土造,105年12月29日,十二層,一層
RPQNMLTJOHMFFBM66CA,,33.14,見其他登記事項,鋼筋混凝土造,105年12月29日,十二層,
RPTNMLSKNHMFFDM07CA,21,187.36,住家用,鋼筋混凝土造,84年11月10日,三層,一層 二層 三層
RPPNMLSKNHMFFCM66DA,16,252.48,住家用,鋼骨鋼筋混凝土造,90年4月11日,三層,一層 二層 三層
RPSNMLMLNHMFFDM09CA,1,185.76,住家用,鋼筋混凝土造,105年3月23日,三層,一層 二層 三層
RPRNMLMLNHMFFDM98CA,1,185.76,住家用,鋼筋混凝土造,105年3月23日,三層,一層 二層 三層
RPUNMLMLNHMFFCM56CA,24,139.05,住家用,鋼筋混凝土造,82年1月12日,三層,一層 二層 三層
RPXNMLMKOHMFFDM96CA,32,368.37,住家用,鋼筋混凝土加強磚造,74年7月11日,三層,一層 二層 三層
RPXNMLMKOHMFFDM96CA,36,701.22,住商用,鋼筋混凝土加強磚造,70年1月1日,三層,一層 二層 三層 騎樓 電梯樓梯間
RPUNMLTKNHMFFCM17CA,53,105.96,住商用,加強磚造,53年9月2日,三層,一層 二層 三層
RPTNMLTJOHMFFBM96CA,,67.10,見其他登記事項,鋼筋混凝土造,105年12月29日,十二層,六層
RPTNMLTJOHMFFBM96CA,,65.46,見其他登記事項,鋼筋混凝土造,105年12月29日,十二層,
RPOOMLTJOHMFFBM56CA,,63.00,見其他登記事項,鋼筋混凝土造,105年12月29日,十二層,九層
RPOOMLTJOHMFFBM56CA,,63.48,見其他登記事項,鋼筋混凝土造,105年12月29日,十二層,
RPPNMLMLNHMFFBM58CA,3,99.53,農舍,見其他登記事項,102年11月15日,一層,一層
RPPNMLQLOHMFFBM56DA,18,29.74,住家用,鋼筋混凝土造,88年2月12日,九層,九層
RPPNMLQLOHMFFBM56DA,18,14.57,見其他登記事項,鋼筋混凝土造,88年2月12日,九層,
RPSNMLTJOHMFFCM96CA,26,157.18,住家用,鋼筋混凝土造,79年11月30日,三層,一層 二層 三層
RPWNMLTKNHMFFBM27CA,1,218.61,住家用,鋼筋混凝土造,105年8月22日,四層,一層 二層 三層 四層
RPQPMLOLNHMFFAM98CA,,88.61,見其他登記事項,鋼筋混凝土造,106年1月19日,五層,四層
RPQPMLOLNHMFFAM98CA,,35.86,見其他登記事項,鋼筋混凝土造,106年1月19日,五層,
RPQPMLOLNHMFFAM98CA,,6.88,停車空間,鋼筋混凝土造,106年1月19日,五層,
RPRNMLOLNHMFFBM98CA,2,219.27,見其他登記事項,鋼筋混凝土造,104年7月14日,三層,一層 二層 三層 見其他登記事項
RPSNMLOLNHMFFAM98CA,2,332.95,住家用,鋼筋混凝土造,104年9月18日,四層,一層 二層 三層 四層
RPRNMLPLNHMFFAM98CA,16,158.10,住家用,鋼筋混凝土造,89年10月25日,四層,一層 二層 三層 四層
RPPNMLQLNHMFFAM88CA,36,107.20,住家用,鋼筋混凝土加強磚造,70年3月24日,二層,一層 二層 騎樓
RPWOMLNLNHMFFAM76CA,24,129.00,住家用,鋼筋混凝土造,81年12月21日,三層,一層 二層 三層
RPQNMLQJOHMFFCM09CA,1,241.24,農舍,鋼筋混凝土造,105年3月17日,二層,一層 二層
RPWNMLMLNHMFFBM66CA,,188.04,見其他登記事項,鋼筋混凝土造,105年11月24日,三層,一層 二層 三層 見其他登記事項
RPOOMLMLNHMFFBM58CA,,217.34,見其他登記事項,鋼筋混凝土造,105年11月24日,三層,一層 二層 三層 見其他登記事項
RPXNMLMLNHMFFBM76CA,,175.57,見其他登記事項,鋼筋混凝土造,105年11月24日,三層,一層 二層 三層 見其他登記事項
RPPNMLNLNHMFFBM68CA,41,146.44,住家用,鋼筋混凝土加強磚造,65年4月16日,三層,一層 二層 三層
RPVNMLMLNHMFFBM56CA,,175.57,見其他登記事項,鋼筋混凝土造,105年11月24日,三層,一層 二層 三層 見其他登記事項
RPTNMLTKNHMFFBM96CA,2,63.11,見其他登記事項,鋼筋混凝土造,104年10月16日,十一層,四層
RPTNMLTKNHMFFBM96CA,2,29.97,見其他登記事項,鋼筋混凝土造,104年10月16日,十一層,
RPVNMLTKNHMFFBM17CA,35,139.62,住家用,鋼筋混凝土造,71年6月19日,三層,一層 二層 三層 騎樓
RPSOMLOKOHMFFBM56CA,49,113.28,住家用,鋼筋混凝土加強磚造,56年12月20日,二層,一層 二層
RPPNMLMJOHMFFCM58CA,37,75.66,住家用,加強磚造,69年2月8日,二層,一層 二層
RPTNMLNLNHMFFCM56CA,21,145.48,住家用,鋼筋混凝土造,84年12月30日,四層,一層 二層 三層 四層
RPTNMLMLNHMFFCM09CA,21,42.30,見其他登記事項,鋼筋混凝土造,85年2月9日,十五層,四層
RPTNMLMLNHMFFCM09CA,21,10.62,見其他登記事項,鋼筋混凝土造,85年2月9日,十五層,
RPTNMLMLNHMFFCM09CA,21,10.62,見其他登記事項,鋼筋混凝土造,85年2月9日,十五層,
RPTNMLMLNHMFFCM09CA,21,42.30,見其他登記事項,鋼筋混凝土造,85年2月9日,十五層,四層
RPVNMLPLNHMFFCM07DA,23,180.65,住商用,鋼筋混凝土造,83年4月30日,四層,一層 二層 三層 四層 騎樓
RPVNMLPLNHMFFCM07DA,23,180.65,住商用,鋼筋混凝土造,83年4月30日,四層,一層 二層 三層 四層 騎樓
RPVNMLNLNHMFFDM86CA,,209.40,住家用,鋼筋混凝土造,106年2月6日,三層,一層 二層 三層
RPPNMLOLNHMFFDM98CA,26,328.82,工業用,加強磚造,80年7月3日,一層,一層
RPSNMLNLNHMFFCM09CA,28,232.61,住商用,鋼筋混凝土造,77年11月17日,二層,一層 二層 騎樓
RPPOMLPLNHMFFCM09CA,37,56.10,住家用,鋼筋混凝土加強磚造,69年8月20日,一層,一層
RPQNMLNLNHMFFBM78CA,24,78.53,住家用,鋼筋混凝土造,81年12月12日,七層,六層
RPQNMLNLNHMFFBM78CA,24,24.31,見其他登記事項,鋼筋混凝土造,81年12月12日,七層,
RPOOMLNLNHMFFCM78CA,40,95.28,住商用,鋼筋混凝土加強磚造,66年2月1日,二層,一層 二層 騎樓
RPWNMLOLNHMFFAM76CA,21,2027.09,工業用,見其他登記事項,85年8月10日,一層,一層
RPSOMLNLNHMFFAM98CA,36,82.38,住家用,鋼筋混凝土加強磚造,69年12月1日,一層,一層
RPRNMLMJOHMFFCM78CA,29,116.84,住家用,鋼筋混凝土造,77年6月13日,二層,一層 二層
RPQNMLOLNHMFFAM78CA,1,142.12,住家用,鋼筋混凝土造,105年5月24日,三層,一層 二層 三層
SPPNMLMJOHMFFAM48CA,14,87.47,住家用,鋼筋混凝土造,92年8月19日,七層,五層
SPPNMLMJOHMFFAM48CA,14,40.64,見其他登記事項,鋼筋混凝土造,92年8月19日,七層,
RPWNMLPLNHMFFCM07CA,21,176.77,住商用,鋼筋混凝土造,85年9月18日,四層,一層 二層 三層 四層
RPXOMLOKOHMFFBM07CA,11,15.00,農舍,見其他登記事項,95年7月26日,一層,一層
RPSNMLTKOHMFFAM86CA,1,39.91,見其他登記事項,鋼筋混凝土造,104年11月12日,五層,三層
RPSNMLTKOHMFFAM86CA,1,12.51,見其他登記事項,鋼筋混凝土造,104年11月12日,五層,
RPQNMLKMNHMFFCM68CA,,268.31,見其他登記事項,鋼筋混凝土造,106年2月21日,三層,一層 二層 三層 見其他登記事項
RPRNMLTKOHMFFAM76CA,36,110.86,住商用,鋼筋混凝土加強磚造,70年1月20日,三層,一層 二層 三層
RPSNMLPLNHMFFDM76CA,32,337.85,住商用,鋼筋混凝土加強磚造,74年6月19日,四層,一層 二層 三層 四層 騎樓
RPSNMLKMNHMFFCM88CA,13,154.70,住家用,鋼筋混凝土造,93年10月11日,四層,一層 二層 三層 四層
RPTNMLLLOHMFFBM98CA,20,120.01,住家用,鋼筋混凝土造,86年6月30日,三層,一層 二層 三層
RPTNMLLLOHMFFBM98CA,20,.17,見其他登記事項,鋼筋混凝土造,86年6月30日,一層,
RPTNMLLLOHMFFBM98CA,20,35.47,停車空間,鋼筋混凝土造,86年6月30日,地下層,
RPUNMLQLOHMFFBM96CA,21,94.41,住家用,鋼筋混凝土造,85年6月13日,九層,三層
RPUNMLQLOHMFFBM96CA,21,33.64,見其他登記事項,鋼筋混凝土造,85年6月13日,九層,
RPUNMLQLOHMFFBM96CA,21,.20,見其他登記事項,鋼筋混凝土造,85年6月13日,九層,
RPUNMLQLOHMFFBM96CA,21,46.52,見其他登記事項,鋼筋混凝土造,85年6月13日,九層,
RPUNMLPKOHMFFCM86CA,62,18.56,住家用,磚造,44年5月1日,一層,一層
RPPNMLPJOHMFFBM78CA,9,237.95,住家用,鋼筋混凝土造,96年12月20日,四層,一層 二層 三層 四層
RPUNMLPLNHMFFBM76CA,26,106.04,住家用,鋼筋混凝土造,80年9月30日,五層,五層
RPUNMLPLNHMFFBM76CA,26,31.50,見其他登記事項,鋼筋混凝土造,80年9月30日,五層,
RPPNMLLMNHMFFBM58CA,4,309.98,見其他登記事項,鋼筋混凝土造,102年2月21日,三層,一層 二層 三層 見其他登記事項
RPXNMLMJOHMFFAM56CA,2,278.25,見其他登記事項,鋼筋混凝土造,104年10月5日,四層,一層 二層 三層 四層
RPVNMLQLNHMFFAM86CA,36,146.70,住商用,鋼筋混凝土加強磚造,70年10月15日,二層,一層 二層 騎樓
RPPNMLQLNHMFFBM98CA,10,177.35,農舍,見其他登記事項,96年4月10日,三層,一層 二層 三層
RPQNMLOKOHMFFCM98CA,11,184.77,住家用,鋼筋混凝土造,95年7月3日,四層,一層 二層 三層 四層
RPQNMLLMNHMFFDM88CA,7,164.09,住家用,鋼筋混凝土造,99年10月15日,四層,一層 二層 三層 四層
RPWNMLTKOHMFFBM37CA,1,209.22,見其他登記事項,鋼筋混凝土造,104年11月24日,三層,一層 二層 三層 見其他登記事項
RPQNMLKLOHMFFDM78CA,31,87.84,住家用,鋼筋混凝土加強磚造,75年4月12日,二層,一層 二層 騎樓
RPPNMLPKOHMFFEM56CA,21,140.80,住商用,鋼筋混凝土造,85年6月5日,三層,一層 二層 三層 屋頂突出物
RPQNMLMKOHMFFCM78CA,34,161.72,住家用,加強磚造,72年7月27日,二層,一層 二層
RPRNMLLMNHMFFCM88CA,15,121.60,見其他登記事項,鋼筋混凝土造,91年1月22日,二層,一層 二層 屋頂突出物 騎樓
RPTNMLMJOHMFFCM98CA,41,66.33,住家用,加強磚造,65年10月1日,一層,一層
RPSNMLPKOHMFFBM56CA,15,160.76,住家用,見其他登記事項,90年11月16日,三層,一層 二層 三層 電梯樓梯間
RPPNMLNKOHMFFBM68CA,,63.00,見其他登記事項,鋼筋混凝土造,105年12月29日,十二層,六層
RPPNMLNKOHMFFBM68CA,,63.48,見其他登記事項,鋼筋混凝土造,105年12月29日,十二層,
RPSOMLTKOHMFFAM96CA,36,155.77,住商用,鋼筋混凝土加強磚造,69年12月26日,三層,一層 二層 三層 騎樓
RPVNMLNKOHMFFBM66CA,1,270.42,見其他登記事項,鋼筋混凝土造,105年5月24日,四層,一層 二層 三層 四層 見其他登記事項
RPRNMLMJOHMFFBM68CA,4,229.46,住家用,鋼筋混凝土造,102年3月8日,四層,一層 二層 三層 四層
RPPNMLLKOHMFFAM38CA,,88.61,見其他登記事項,鋼筋混凝土造,106年1月19日,五層,二層
RPPNMLLKOHMFFAM38CA,,35.86,見其他登記事項,鋼筋混凝土造,106年1月19日,五層,
RPPNMLLKOHMFFAM38CA,,6.88,停車空間,鋼筋混凝土造,106年1月19日,五層,
RPVNMLOKOHMFFBM76CA,1,262.91,見其他登記事項,鋼筋混凝土造,105年5月24日,四層,一層 二層 三層 四層 見其他登記事項
RPUNMLMJOHMFFCM09CA,35,103.32,見其他登記事項,鋼筋混凝土造,70年10月27日,二層,一層 二層 騎樓
RPUNMLSJOHMFFBM96CA,2,265.79,見其他登記事項,鋼筋混凝土造,104年9月7日,四層,一層 二層 三層 四層 地下一層
RPUNMLSJOHMFFBM96CA,2,16.39,停車空間,鋼筋混凝土造,104年9月7日,四層,
RPXNMLNKOHMFFBM86CA,1,224.27,見其他登記事項,鋼筋混凝土造,105年5月24日,四層,一層 二層 三層 四層 見其他登記事項
RPPOMLNKOHMFFBM78CA,1,232.91,見其他登記事項,鋼筋混凝土造,105年5月24日,四層,一層 二層 三層 四層 見其他登記事項
RPOOMLNKOHMFFBM68CA,1,268.29,見其他登記事項,鋼筋混凝土造,105年5月24日,四層,一層 二層 三層 四層 見其他登記事項
RPSNMLTKOHMFFBM96CA,23,83.95,住家用,鋼筋混凝土造,83年10月29日,八層,八層
RPSNMLTKOHMFFBM96CA,23,32.67,見其他登記事項,鋼筋混凝土造,83年10月29日,八層,
RPRNMLTKOHMFFBM86CA,31,216.69,見其他登記事項,鋼筋混凝土造,75年6月13日,三層,一層 二層 三層 騎樓
RPUNMLLLOHMFFBM09CA,23,120.18,住商用,鋼筋混凝土造,82年11月24日,七層,一層 二層 騎樓 地下層
RPUNMLLLOHMFFBM09CA,23,29.76,見其他登記事項,鋼筋混凝土造,82年11月24日,七層,
RPPNMLMJOHMFFEM78CA,36,93.42,住家用,鋼筋混凝土加強磚造,70年6月22日,二層,一層 二層
RPWNMLMJOHMFFCM66CA,31,109.12,住商用,加強磚造,74年9月27日,二層,一層 二層 騎樓
RPUOMLLJOHMFFCM09CA,31,100.38,見其他登記事項,鋼筋混凝土造,75年2月28日,二層,一層 二層 騎樓
RPRNMLMJOHMFFAM58CA,32,133.75,住家用,鋼筋混凝土造,73年10月18日,二層,一層 二層 騎樓
RPSNMLMJOHMFFAM68CA,9,196.99,住家用,鋼筋混凝土造,97年4月28日,四層,一層 二層 三層 四層 屋頂突出物
RPPNMLRKOHMFFAM98CA,23,99.53,住家用,鋼筋混凝土造,83年4月28日,三層,一層 二層 三層
RPUNMLTKOHMFFAM07CA,24,146.34,住家用,鋼筋混凝土造,81年12月7日,三層,一層 二層 三層 騎樓
RPTNMLNLOHMFFAM09CA,22,141.18,農舍,加強磚造,83年11月24日,二層,一層 二層
RPRNMLSJOHMFFAM56CA,35,122.94,見其他登記事項,鋼筋混凝土造,71年6月17日,三層,一層 二層 三層 騎樓
RPRNMLSJOHMFFAM56CA,35,122.94,見其他登記事項,鋼筋混凝土造,71年6月17日,三層,一層 二層 三層 騎樓
RPRNMLSJOHMFFAM56CA,35,122.94,見其他登記事項,鋼筋混凝土造,71年6月17日,三層,一層 二層 三層 騎樓
RPRNMLPKOHMFFBM09CA,2,221.61,住家用,鋼筋混凝土造,104年5月25日,四層,一層 二層 三層 四層
RPRNMLQJOHMFFBM09CA,31,127.35,住家用,鋼筋混凝土造,75年2月17日,三層,一層 二層 三層
RPTNMLSJOHMFFBM86CA,4,268.88,見其他登記事項,鋼筋混凝土造,102年9月25日,三層,一層 二層 三層 見其他登記事項
RPPNMLQJOHMFFBM88CA,31,112.86,住家用,加強磚造,75年5月29日,二層,一層 二層 騎樓
RPPNMLQJOHMFFCM98CA,9,534.84,見其他登記事項,鋼骨鋼筋混凝土造,97年10月30日,二層,一層 二層
RPPNMLQJOHMFFCM98CA,10,996.18,見其他登記事項,鋼筋混凝土造,96年5月2日,三層,一層 二層 三層 屋頂突出物
RPPNMLRJOHMFFCM09CA,37,102.06,住商用,加強磚造,68年10月30日,二層,一層 二層 騎樓
RPQOMLSJOHMFFCM76CA,12,175.27,見其他登記事項,鋼筋混凝土造,94年1月28日,三層,一層 二層 三層 屋頂突出物
RPQNMLTLOHMFFBM86CA,,262.34,住家用,鋼筋混凝土造,106年3月9日,四層,一層 二層 三層 四層
RPPNMLTLOHMFFBM76CA,,261.83,住家用,鋼筋混凝土造,106年3月9日,四層,一層 二層 三層 四層
RPPNMLRKOHMFFEM76CA,52,461.51,住家用,磚造,54年2月10日,二層,一層 二層 騎樓
RPWNMLQJOHMFFDM17CA,1,239.64,見其他登記事項,鋼筋混凝土造,104年12月25日,三層,一層 二層 三層 見其他登記事項
RPQNMLPJOHMFFDM09CA,16,115.58,住家用,鋼筋混凝土造,90年8月20日,二層,一層 二層
RPRNMLPJOHMFFDM56CA,16,115.58,住家用,鋼筋混凝土造,90年8月20日,二層,一層 二層
RPSNMLPJOHMFFBM09CA,41,93.51,住商用,鋼筋混凝土加強磚造,65年6月29日,二層,一層 二層 騎樓
RPWNMLNKOHMFFBM76CA,1,235.36,見其他登記事項,鋼筋混凝土造,105年5月24日,四層,一層 二層 三層 四層 見其他登記事項
RPUNMLNKOHMFFBM56CA,1,253.40,見其他登記事項,鋼筋混凝土造,105年5月24日,四層,一層 二層 三層 四層 見其他登記事項
RPXNMLTJOHMFFAM27CA,,112.07,見其他登記事項,鋼筋混凝土造,106年4月6日,八層,三層
RPXNMLTJOHMFFAM27CA,,66.21,見其他登記事項,鋼筋混凝土造,106年4月6日,八層,
RPSOMLQJOHMFFAM56CA,24,326.93,停車空間,鋼筋混凝土造,82年5月19日,六層,一層
RPSOMLQJOHMFFAM56CA,24,160.15,住家用,鋼筋混凝土造,82年5月19日,六層,二層
RPSOMLQJOHMFFAM56CA,24,58.08,見其他登記事項,鋼筋混凝土造,82年5月19日,六層,
RPTNMLOKOHMFFAM09CA,24,92.38,住家用,鋼筋混凝土造,82年7月30日,五層,四層
RPTNMLOKOHMFFAM09CA,24,1.72,見其他登記事項,鋼筋混凝土造,82年7月30日,五層,
RPVNMLPKOHMFFCM96CA,24,8.01,見其他登記事項,鋼筋混凝土造,82年7月24日,,
RPVNMLPKOHMFFCM96CA,24,54.18,見其他登記事項,鋼筋混凝土造,82年7月24日,七層,三層
RPVNMLPKOHMFFCM96CA,24,8.01,見其他登記事項,鋼筋混凝土造,82年7月24日,,
RPVNMLPKOHMFFCM96CA,24,54.18,見其他登記事項,鋼筋混凝土造,82年7月24日,七層,三層
RPWNMLPJOHMFFDM07CA,27,101.50,住商用,鋼筋混凝土造,79年9月3日,三層,一層 二層 三層 騎樓
RPVNMLPJOHMFFDM96CA,39,82.50,住家用,鋼筋混凝土加強磚造,67年6月30日,二層,一層 二層
RPQNMLQJOHMFFEM66CA,5,189.28,見其他登記事項,見其他登記事項,100年12月1日,三層,一層 二層 三層 見其他登記事項
RPRNMLRLOHMFFDM96CA,22,76.30,見其他登記事項,鋼筋混凝土造,84年4月8日,六層,一層
RPRNMLRLOHMFFDM96CA,22,.22,見其他登記事項,鋼筋混凝土造,84年4月8日,六層,
RPRNMLRLOHMFFDM96CA,22,.22,見其他登記事項,鋼筋混凝土造,84年4月8日,六層,
RPRNMLRLOHMFFDM96CA,22,13.06,見其他登記事項,鋼筋混凝土造,84年4月8日,六層,
RPWNMLSJOHMFFCM27CA,23,96.79,見其他登記事項,鋼筋混凝土造,83年7月7日,十三層,四層
RPWNMLSJOHMFFCM27CA,23,18.89,見其他登記事項,鋼筋混凝土造,83年7月7日,十三層,
RPPNMLPJPHMFFCM98CA,3,103.04,農舍,見其他登記事項,103年5月8日,二層,一層 二層
RPTNMLRLOHMFFBM96CA,23,90.43,住家用,鋼筋混凝土造,83年10月29日,八層,八層
RPTNMLRLOHMFFBM96CA,23,33.17,見其他登記事項,鋼筋混凝土造,83年10月29日,八層,
RPSNMLTJOHMFFAM76CA,,112.07,見其他登記事項,鋼筋混凝土造,106年4月6日,八層,六層
RPSNMLTJOHMFFAM76CA,,66.21,見其他登記事項,鋼筋混凝土造,106年4月6日,八層,
RPRNMLTJOHMFFAM66CA,,107.56,見其他登記事項,鋼筋混凝土造,106年4月6日,八層,八層
RPRNMLTJOHMFFAM66CA,,63.53,見其他登記事項,鋼筋混凝土造,106年4月6日,八層,
RPTNMLKLOHMFFCM98CA,21,20.94,見其他登記事項,鋼筋混凝土造,85年2月9日,十五層,
RPTNMLKLOHMFFCM98CA,21,86.80,見其他登記事項,鋼筋混凝土造,85年2月9日,十五層,十二層
RPTNMLTJOHMFFAM86CA,,112.07,見其他登記事項,鋼筋混凝土造,106年4月6日,八層,四層
RPTNMLTJOHMFFAM86CA,,66.21,見其他登記事項,鋼筋混凝土造,106年4月6日,八層,
RPQNMLPKOHMFFAM88CA,1,164.16,見其他登記事項,鋼筋混凝土造,105年3月4日,三層,一層 二層 三層 屋頂突出物
RPVNMLTJOHMFFAM07CA,,112.07,見其他登記事項,鋼筋混凝土造,106年4月6日,八層,五層
RPVNMLTJOHMFFAM07CA,,66.21,見其他登記事項,鋼筋混凝土造,106年4月6日,八層,
RPUNMLTJOHMFFAM96CA,,107.56,見其他登記事項,鋼筋混凝土造,106年4月6日,八層,五層
RPUNMLTJOHMFFAM96CA,,63.54,見其他登記事項,鋼筋混凝土造,106年4月6日,八層,
RPWNMLTJOHMFFAM17CA,,107.56,見其他登記事項,鋼筋混凝土造,106年4月6日,八層,四層
RPWNMLTJOHMFFAM17CA,,63.54,見其他登記事項,鋼筋混凝土造,106年4月6日,八層,
RPVNMLSJOHMFFBM07CA,12,67.91,住家用,磚造,94年11月16日,一層,一層
RPPNMLSJOHMFFBM09CA,,197.94,見其他登記事項,鋼筋混凝土造,105年11月24日,三層,一層 二層 三層 見其他登記事項
RPTNMLOLPHMFFAM66CA,,338.40,農舍,見其他登記事項,106年4月27日,二層,一層 二層
RPQNMLSJOHMFFBM56CA,,217.26,見其他登記事項,鋼筋混凝土造,105年11月24日,三層,一層 二層 三層 見其他登記事項
RPUNMLNJPHMFFAM09CA,23,84.26,住家用,鋼筋混凝土造,82年3月22日,八層,四層
RPUNMLNJPHMFFAM09CA,23,26.60,見其他登記事項,鋼筋混凝土造,82年3月22日,八層,
RPTNMLSJOHMFFAM76CA,23,93.18,住家用,鋼筋混凝土造,83年11月9日,十六層,十一層
RPTNMLSJOHMFFAM76CA,23,14.11,見其他登記事項,鋼筋混凝土造,83年11月9日,十六層,
RPQOMLTJOHMFFAM66CA,1,183.54,見其他登記事項,鋼筋混凝土造,104年12月10日,三層,一層 二層 三層 屋頂突出物
RPWNMLRJOHMFFAM96CA,24,117.00,住家用,鋼筋混凝土造,82年8月19日,三層,一層 二層 三層 騎樓
RPRNMLKKOHMFFBM58CA,36,95.86,住家用,鋼筋混凝土加強磚造,70年3月6日,二層,一層 二層
RPPNMLRLOHMFFBM56CA,21,191.47,住家用,鋼筋混凝土造,85年4月25日,四層,一層 二層 三層 四層
RPQNMLTJOHMFFCM76CA,37,91.28,住商用,加強磚造,69年3月22日,二層,一層 二層
RPTNMLTJOHMFFCM07CA,23,78.54,見其他登記事項,鋼筋混凝土造,83年7月7日,十三層,七層
RPTNMLTJOHMFFCM07CA,23,56.51,見其他登記事項,鋼筋混凝土造,83年7月7日,十三層,
RPOOMLTKOHMFFAM56CA,24,79.80,住家用,鋼筋混凝土造,82年11月10日,十四層,三層
RPOOMLTKOHMFFAM56CA,24,17.15,見其他登記事項,鋼筋混凝土造,82年11月10日,十四層,
RPOOMLTKOHMFFAM56CA,24,8.47,見其他登記事項,鋼筋混凝土造,82年11月10日,十四層,
RPQNMLTJOHMFFAM56CA,3,184.96,見其他登記事項,鋼筋混凝土造,103年10月23日,四層,一層 二層 三層 四層
RPQNMLTJOHMFFAM56CA,3,.31,住家用,鋼筋混凝土造,103年10月23日,一層,
RPPNMLKLOHMFFBM48CA,4,268.88,見其他登記事項,鋼筋混凝土造,102年9月25日,三層,一層 二層 三層 見其他登記事項
RPTNMLOKOHMFFBM56CA,23,19.01,住家用,鋼筋混凝土造,83年7月21日,十三層,十三層
RPTNMLOKOHMFFBM56CA,23,10.67,見其他登記事項,鋼筋混凝土造,83年7月21日,十三層,
RPSNMLRLOHMFFBM86CA,1,190.58,見其他登記事項,鋼筋混凝土造,105年7月22日,三層,一層 二層 三層 見其他登記事項
RPQNMLRLOHMFFBM66CA,1,159.58,見其他登記事項,鋼筋混凝土造,105年7月22日,三層,一層 二層 三層 見其他登記事項
RPSNMLMKOHMFFBM88CA,13,105.09,見其他登記事項,鋼筋混凝土造,93年3月22日,七層,五層
RPSNMLMKOHMFFBM88CA,13,57.99,見其他登記事項,鋼筋混凝土造,93年3月22日,七層,
RPUNMLQKOHMFFCM96CA,23,24.03,見其他登記事項,鋼筋混凝土造,83年10月13日,十二層,十二層
RPUNMLQKOHMFFCM96CA,23,12.10,見其他登記事項,鋼筋混凝土造,83年10月13日,十二層,
RPROMLTJOHMFFAM76CA,13,438.85,住商用,鋼筋混凝土造,93年2月19日,四層,一層 二層 三層 四層 屋頂突出物 騎樓
RPRNMLNKOHMFFEM56CA,32,133.76,住家用,鋼筋混凝土加強磚造,73年10月29日,二層,一層 二層
RPQNMLLJQHMFFCM78CA,22,89.47,見其他登記事項,鋼筋混凝土造,84年10月2日,七層,四層
RPQNMLLJQHMFFCM78CA,22,26.71,見其他登記事項,鋼筋混凝土造,84年10月2日,七層,
RPUNMLKMOHMFFCM56CA,3,218.53,住家用,鋼筋混凝土造,103年5月13日,四層,一層 二層 三層 四層
RPPNMLOKOHMFFCM88CA,31,154.97,見其他登記事項,鋼筋混凝土造,75年8月14日,二層,一層 二層 騎樓
RPXNMLNKOHMFFAM76CA,1,260.40,住家用,鋼筋混凝土造,105年4月13日,四層,一層 二層 三層 四層
RPPOMLPJPHMFFBM98CA,36,104.22,住家用,鋼筋混凝土加強磚造,69年12月1日,二層,一層 二層
RPVNMLQKOHMFFAM86CA,,86.58,見其他登記事項,鋼筋混凝土造,106年1月19日,五層,二層
RPVNMLQKOHMFFAM86CA,,35.30,見其他登記事項,鋼筋混凝土造,106年1月19日,五層,
RPVNMLQKOHMFFAM86CA,,6.88,停車空間,鋼筋混凝土造,106年1月19日,五層,
RPRNMLQKOHMFFAM09CA,7,196.59,住家用,鋼筋混凝土造,99年1月22日,四層,一層 二層 三層 四層 屋頂突出物
RPSNMLPJPHMFFAM09CA,2,351.88,見其他登記事項,鋼筋混凝土造,104年7月14日,四層,一層 二層 三層 四層 屋頂突出物
RPVNMLRLOHMFFAM07CA,2,239.35,見其他登記事項,鋼筋混凝土造,104年11月23日,四層,一層 二層 三層 四層
RPUNMLQJPHMFFAM76CA,40,59.69,住商用,鋼筋混凝土加強磚造,66年6月18日,一層,一層 騎樓
RPQNMLMLOHMFFAM68CA,35,82.38,住家用,鋼筋混凝土加強磚造,69年12月1日,一層,一層
RPRNMLKMOHMFFAM68CA,2,183.09,見其他登記事項,鋼筋混凝土造,104年3月26日,三層,一層 二層 三層 屋頂突出物
RPQOMLOKOHMFFBM98CA,36,57.64,住家用,鋼筋混凝土加強磚造,70年8月8日,二層,一層 二層
RPQOMLOKOHMFFBM98CA,36,57.64,住家用,鋼筋混凝土加強磚造,70年8月8日,二層,一層 二層
RPTNMLQKOHMFFAM66CA,21,62.63,住家用,鋼筋混凝土造,85年6月1日,五層,一層
RPTNMLQKOHMFFAM66CA,21,4.95,住家用,鋼筋混凝土造,85年6月1日,五層,
RPXNMLOKOHMFFCM07CA,34,92.62,住商用,鋼筋混凝土造,72年7月6日,二層,一層 二層 騎樓
RPOOMLOKOHMFFCM88CA,38,111.60,住家用,加強磚造,68年6月22日,二層,一層 二層
RPVNMLKKPHMFFCM56CA,12,90.28,見其他登記事項,鋼筋混凝土造,93年11月12日,十層,三層
RPVNMLKKPHMFFCM56CA,12,32.80,見其他登記事項,鋼筋混凝土造,93年11月12日,十層,
RPUNMLRLOHMFFCM17CA,25,56.16,住家用,見其他登記事項,81年1月29日,一層,一層
RPRNMLTKOHMFFDM07CA,40,195.13,住工用,鋼筋混凝土加強磚造,66年3月20日,二層,一層 二層
RPQNMLSKOHMFFDM86CA,18,166.68,住家用,鋼筋混凝土造,88年5月31日,三層,一層 二層 三層 屋頂突出物
RPWNMLPJPHMFFDM17CA,18,202.18,住家用,鋼筋混凝土造,88年5月25日,三層,一層 二層 三層 電梯樓梯間
RPPNMLKLOHMFFEM78CA,33,1.31,住家用,鋼筋混凝土加強磚造,73年10月29日,二層,一層 二層
RPPNMLQKOHMFFEM66CA,82,50.76,商業用,木造,24年7月12日,一層,一層 騎樓
RPPNMLQKOHMFFEM66CA,38,188.56,住家用,見其他登記事項,68年3月16日,四層,一層 二層 三層 四層
RPQNMLKLOHMFFCM68CA,59,102.89,住家用,鋼筋混凝土加強磚造,47年6月1日,二層,一層 二層 騎樓
RPXNMLNJPHMFFCM96CA,,207.66,見其他登記事項,鋼筋混凝土造,105年11月29日,四層,一層 二層 三層 四層 見其他登記事項
RPUNMLKKPHMFFCM56DA,,204.74,見其他登記事項,鋼筋混凝土造,105年11月29日,四層,一層 二層 三層 四層 見其他登記事項
RPWNMLLMPHMFFCM96CA,15,164.29,住商用,鋼筋混凝土造,90年12月5日,三層,一層 二層 三層 屋頂突出物
RPWNMLNJPHMFFBM76CA,2,224.86,見其他登記事項,鋼筋混凝土造,103年12月9日,三層,一層 二層 三層 見其他登記事項
RPPNMLNLOHMFFBM78CA,2,284.38,見其他登記事項,鋼筋混凝土造,104年3月18日,三層,一層 二層 三層 見其他登記事項
RPRNMLQJPHMFFBM56CA,57,28.77,住家用,磚造,49年11月1日,一層,一層
RPQNMLRKOHMFFAM09CA,39,19.46,農舍,鋼筋混凝土加強磚造,66年12月23日,二層,
RPXOMLPJPHMFFBM17CA,1,199.86,見其他登記事項,鋼筋混凝土造,104年12月23日,三層,一層 二層 三層 見其他登記事項
RPPOMLTKOHMFFAM66CA,1,214.24,見其他登記事項,鋼筋混凝土造,104年11月20日,三層,一層 二層 三層 見其他登記事項
RPPOMLTKOHMFFAM66CA,1,.32,見其他登記事項,鋼筋混凝土造,104年11月20日,一層,
RPUNMLTLOHMFFAM17CA,35,85.84,住商用,鋼筋混凝土造,71年4月1日,二層,一層 二層
RPVNMLTLOHMFFBM37CA,13,112.66,見其他登記事項,鋼筋混凝土造,93年2月5日,七層,二層
RPVNMLTLOHMFFBM37CA,13,66.33,見其他登記事項,鋼筋混凝土造,93年2月5日,七層,
RPPNMLRKOHMFFBM09CA,23,18.54,住家用,鋼筋混凝土造,83年7月21日,十三層,三層
RPPNMLRKOHMFFBM09CA,23,10.21,見其他登記事項,鋼筋混凝土造,83年7月21日,十三層,
RPPNMLQKOHMFFBM98CA,,230.60,見其他登記事項,鋼筋混凝土造,106年3月14日,三層,一層 二層 三層 見其他登記事項
SPPNMLQKOHMFFBM09CA,,409.22,見其他登記事項,鋼筋混凝土造,106年3月14日,三層,一層 二層 三層 見其他登記事項
RPTNMLKLOHMFFAM78CA,37,108.28,住家用,加強磚造,69年8月1日,二層,一層 二層
RPQNMLQJPHMFFAM98CA,48,70.40,住家用,鋼筋混凝土加強磚造,58年1月13日,二層,一層 二層
RPTNMLQLOHMFFBM86CA,10,194.70,見其他登記事項,鋼筋混凝土造,96年1月16日,四層,一層 二層 三層 四層
RPUNMLRLOHMFFBM07CA,13,178.19,住家用,鋼筋混凝土造,93年1月19日,三層,一層 二層 三層 電梯樓梯間
RPRNMLQLOHMFFAM56CA,23,172.75,住家用,鋼筋混凝土造,83年6月27日,三層,一層 二層 三層 屋頂突出物
RPOOMLPKOHMFFCM98CA,39,93.94,住家用,鋼筋混凝土加強磚造,66年10月12日,二層,一層 二層
RPPOMLPKOHMFFCM09CA,36,67.20,住家用,加強磚造,70年8月12日,二層,一層 二層
RPRNMLTKOHMFFCM96CA,18,101.46,住家用,鋼筋混凝土造,88年4月19日,四層,一層 二層 三層 四層 屋頂突出物
RPPNMLMLOHMFFDM88CA,38,113.00,住商用,鋼筋混凝土加強磚造,68年10月22日,二層,一層 二層 騎樓
RPPNMLLLOHMFFDM78CA,23,68.80,住家用,鋼筋混凝土造,83年5月24日,五層,五層
RPPNMLLLOHMFFDM78CA,23,26.40,見其他登記事項,鋼筋混凝土造,83年5月24日,五層,
RPSNMLTKOHMFFEM27CA,22,209.25,住家用,鋼筋混凝土造,84年6月30日,四層,一層 二層 三層 四層
RPQNMLTLOHMFFDM07CA,10,158.14,住商用,鋼筋混凝土造,96年7月2日,四層,一層 二層 三層 四層 騎樓
RPOOMLRLOHMFFCM66CA,37,22.78,住家用,加強磚造,69年7月3日,一層,一層
RPUNMLNJPHMFFCM66CA,,291.92,見其他登記事項,鋼筋混凝土造,105年11月29日,四層,一層 二層 三層 四層 見其他登記事項
RPVNMLQLOHMFFBM07CA,,175.49,見其他登記事項,鋼筋混凝土造,105年11月24日,三層,一層 二層 三層 見其他登記事項
RPOOMLKLOHMFFAM48DA,27,297.00,住商用,鋼筋混凝土造,79年6月20日,三層,一層 二層 三層
RPQOMLKLOHMFFAM58CA,,107.56,見其他登記事項,鋼筋混凝土造,106年4月6日,八層,三層
RPQOMLKLOHMFFAM58CA,,63.54,見其他登記事項,鋼筋混凝土造,106年4月6日,八層,
RPUNMLRLOHMFFAM96CA,1,67.34,見其他登記事項,鋼筋混凝土造,105年11月8日,五層,三層
RPUNMLRLOHMFFAM96CA,1,17.80,見其他登記事項,鋼筋混凝土造,105年11月8日,五層,
RPROMLKLOHMFFAM68CA,,107.56,見其他登記事項,鋼筋混凝土造,106年4月6日,八層,七層
RPROMLKLOHMFFAM68CA,,63.54,見其他登記事項,鋼筋混凝土造,106年4月6日,八層,
RPSOMLKLOHMFFAM78CA,,107.56,見其他登記事項,鋼筋混凝土造,106年4月6日,八層,六層
RPSOMLKLOHMFFAM78CA,,63.54,見其他登記事項,鋼筋混凝土造,106年4月6日,八層,
RPSNMLQKOHMFFBM66CA,23,67.96,住商用,鋼筋混凝土造,83年7月21日,十三層,一層 二層 騎樓
RPSNMLQKOHMFFBM66CA,23,177.23,見其他登記事項,鋼筋混凝土造,83年7月21日,十三層,
RPTNMLQKOHMFFBM76CA,,188.04,見其他登記事項,鋼筋混凝土造,105年11月24日,三層,一層 二層 三層 見其他登記事項
RPPNMLRLOHMFFAM09CA,,175.92,見其他登記事項,鋼筋混凝土造,105年11月8日,三層,一層 二層 三層 屋頂突出物
RPQNMLQLOHMFFBM56CA,37,105.07,住家用,鋼筋混凝土加強磚造,69年8月20日,二層,一層 二層
RPRNMLTLOHMFFBM96CA,,290.96,住家用,鋼筋混凝土造,106年3月9日,四層,一層 二層 三層 四層
RPSNMLMLOHMFFCM09CA,30,177.66,住商用,鋼筋混凝土造,76年3月23日,二層,一層 二層 騎樓
RPPNMLLLOHMFFCM68CA,37,75.74,住家用,加強磚造,69年5月22日,一層,一層 騎樓
RPPNMLRLOHMFFCM76DA,24,157.93,住商用,鋼筋混凝土造,82年8月14日,三層,一層 二層 三層 騎樓
RPRNMLKKPHMFFBM68CA,11,283.13,見其他登記事項,鋼筋混凝土造,95年6月6日,四層,一層 二層 三層 四層 屋頂突出物 騎樓 地下一層
RPSNMLTLOHMFFDM27CA,,239.04,見其他登記事項,鋼筋混凝土造,106年2月8日,三層,一層 二層 三層 見其他登記事項
RPQNMLLLOHMFFDM88CA,1,147.28,住家用,鋼筋混凝土造,104年12月25日,三層,一層 二層 三層
RPTNMLQLOHMFFAM76CA,26,139.47,住家用,加強磚造,80年9月3日,二層,一層 二層 騎樓
RPPNMLRLOHMFFDM76CA,26,248.68,農舍,加強磚造,80年2月27日,二層,一層 二層 屋頂突出物 走廊
RPPNMLPLOHMFFEM66CA,,190.18,見其他登記事項,見其他登記事項,105年12月20日,三層,一層 二層 三層 見其他登記事項
RPQNMLRLOHMFFDM86CA,2,187.68,見其他登記事項,鋼筋混凝土造,104年5月25日,三層,一層 二層 三層 屋頂突出物
RPRNMLRJPHMFFDM86CA,1,172.37,見其他登記事項,鋼筋混凝土造,105年1月20日,四層,一層 二層 三層 四層
RPQNMLNJPHMFFDM98CA,22,77.76,見其他登記事項,鋼筋混凝土造,84年4月8日,六層,五層
RPQNMLNJPHMFFDM98CA,22,.35,見其他登記事項,鋼筋混凝土造,84年4月8日,六層,
RPQNMLNJPHMFFDM98CA,22,.35,見其他登記事項,鋼筋混凝土造,84年4月8日,六層,
RPQNMLNJPHMFFDM98CA,22,20.89,見其他登記事項,鋼筋混凝土造,84年4月8日,六層,
RPWNMLRLOHMFFCM37CA,23,79.97,見其他登記事項,鋼筋混凝土造,83年7月8日,十二層,十一層
RPWNMLRLOHMFFCM37CA,23,10.68,見其他登記事項,鋼筋混凝土造,83年7月8日,十二層,
RPPNMLMKPHMFFCM78CA,25,235.51,農舍,加強磚造,81年6月30日,二層,一層 二層
RPRNMLLLOHMFFBM78CA,4,266.01,住家用,鋼筋混凝土造,101年12月19日,四層,一層 二層 三層 四層
RPQNMLQJPHMFFCM56CA,32,69.63,見其他登記事項,鋼筋混凝土造,74年6月11日,二層,一層 二層 騎樓
RPQNMLQJPHMFFCM56CA,32,69.63,見其他登記事項,鋼筋混凝土造,74年6月11日,二層,一層 二層 騎樓
RPVNMLNLOHMFFAM66CA,19,82.92,住家用,鋼筋混凝土造,87年4月14日,七層,七層
RPVNMLNLOHMFFAM66CA,19,22.35,見其他登記事項,鋼筋混凝土造,87年4月14日,七層,
RPVNMLNLOHMFFAM66CA,19,14.64,見其他登記事項,鋼筋混凝土造,87年4月14日,七層,
RPPNMLRJPHMFFBM09CA,14,99.07,見其他登記事項,鋼筋混凝土造,92年4月18日,九層,二層
RPPNMLRJPHMFFBM09CA,14,46.37,見其他登記事項,鋼筋混凝土造,92年4月18日,九層,
RPUNMLOJPHMFFBM66CA,33,71.36,住家用,加強磚造,73年3月21日,二層,一層 二層
RPUNMLQLOHMFFDM17CA,35,83.66,住家用,鋼筋混凝土加強磚造,71年2月27日,二層,一層 二層 騎樓
RPRNMLKMOHMFFCM88CA,2,201.40,見其他登記事項,鋼筋混凝土造,104年5月14日,三層,一層 二層 三層 見其他登記事項
RPVNMLNJPHMFFCM76CA,,204.74,見其他登記事項,鋼筋混凝土造,105年11月29日,四層,一層 二層 三層 四層 見其他登記事項
RPPNMLTLOHMFFEM07CA,39,203.72,住家用,加強磚造,67年10月8日,二層,一層 二層
RPSNMLNLOHMFFAM98CA,36,94.77,住家用,鋼筋混凝土加強磚造,69年12月31日,二層,一層 二層 騎樓
RPSNMLQLOHMFFCM86CA,19,122.90,住家用,鋼筋混凝土造,87年10月19日,二層,一層 二層 屋頂突出物
RPWNMLNJPHMFFCM86CA,,204.74,見其他登記事項,鋼筋混凝土造,105年11月29日,四層,一層 二層 三層 四層 見其他登記事項
RPVNMLKLPHMFFBM56CA,,219.61,住家用,鋼筋混凝土造,105年12月30日,四層,一層 二層 三層 四層
RPPOMLNLOHMFFAM78CA,23,113.04,住家用,鋼筋混凝土造,83年6月30日,二層,一層 二層 屋頂突出物
RPSNMLLKPHMFFCM98CA,21,178.56,住家用,鋼筋混凝土造,84年12月21日,三層,一層 二層 三層 屋頂突出物
RPPNMLSJPHMFFDM76CA,21,132.96,住家用,鋼筋混凝土造,85年11月21日,二層,一層 二層 騎樓
RPUNMLSLOHMFFAM07CA,41,154.05,住家用,鋼筋混凝土造,65年3月19日,三層,一層 二層 三層
RPUNMLQLOHMFFAM86CA,20,81.32,住家用,鋼筋混凝土造,86年5月29日,五層,四層
RPUNMLQLOHMFFAM86CA,20,1.60,見其他登記事項,鋼筋混凝土造,86年5月29日,五層,
RPPNMLKLPHMFFBM58CA,,219.18,住家用,鋼筋混凝土造,105年12月30日,四層,一層 二層 三層 四層
RPTNMLKLPHMFFBM98CA,,219.18,住家用,鋼筋混凝土造,105年12月30日,四層,一層 二層 三層 四層
RPVNMLMKPHMFFBM66CA,25,763.52,農業用,鋼造,81年10月29日,一層,一層
RPVNMLMKPHMFFBM66CA,16,311.57,農舍,鋼筋混凝土造,89年11月14日,一層,一層
RPPNMLPLOHMFFBM98CA,1,309.97,見其他登記事項,鋼筋混凝土造,105年3月23日,四層,一層 二層 三層 四層 見其他登記事項
RPRNMLLKPHMFFCM88CA,21,170.87,見其他登記事項,鋼筋混凝土造,85年4月20日,三層,一層 二層 三層 屋頂突出物 騎樓
RPPNMLTLOHMFFDM96CA,16,222.24,住家用,鋼筋混凝土造,90年5月22日,三層,一層 二層 三層 屋頂突出物
RPSNMLQLOHMFFDM96CA,10,166.76,住家用,鋼筋混凝土造,96年1月2日,三層,一層 二層 三層 屋頂突出物
RPXNMLQLOHMFFCM37CA,21,171.50,見其他登記事項,鋼筋混凝土造,84年11月22日,十二層,八層
RPXNMLQLOHMFFCM37CA,21,38.83,見其他登記事項,鋼筋混凝土造,84年11月22日,十二層,
RPPNMLQLPHMFFBM56CA,,219.18,住家用,鋼筋混凝土造,105年12月30日,四層,一層 二層 三層 四層
RPQNMLSKPHMFFAM66CA,22,3035.01,見其他登記事項,鋼筋混凝土造,83年12月22日,四層,一層 二層 三層 四層 屋頂突出物
RPQNMLRJPHMFFDM76CA,1,147.28,住家用,鋼筋混凝土造,104年12月25日,三層,一層 二層 三層
RPVNMLRLOHMFFCM27CA,19,221.44,住家用,鋼筋混凝土造,86年12月11日,四層,一層 二層 三層 四層
RPTNMLNKPHMFFDM76CA,,239.04,見其他登記事項,鋼筋混凝土造,106年2月8日,三層,一層 二層 三層 見其他登記事項
RPSNMLTLOHMFFAM96CA,37,91.24,住商用,鋼筋混凝土加強磚造,69年1月11日,二層,一層 二層
RPSNMLSLOHMFFAM86CA,16,121.39,見其他登記事項,鋼筋混凝土造,90年2月2日,三層,一層 二層 三層 騎樓
RPSNMLQJPHMFFCM76CA,21,146.54,住家用,鋼筋混凝土造,84年12月30日,四層,一層 二層 三層 四層
RPWNMLTLOHMFFAM37CA,3,231.14,見其他登記事項,鋼筋混凝土造,103年4月11日,三層,一層 二層 三層 屋頂突出物
RPQNMLOJPHMFFAM78CA,1,224.99,見其他登記事項,鋼筋混凝土造,104年11月20日,三層,一層 二層 三層 見其他登記事項
RPQNMLOJPHMFFAM78CA,1,.32,見其他登記事項,鋼筋混凝土造,104年11月20日,一層,
RPWNMLKMOHMFFDM96DA,24,152.30,住家用,鋼筋混凝土造,81年12月14日,三層,一層 二層 三層
RPWNMLTLOHMFFBM47CA,20,187.12,住家用,鋼筋混凝土造,86年5月30日,四層,一層 二層 三層 四層 騎樓
RPWNMLNKPHMFFBM86CA,1,302.46,見其他登記事項,鋼筋混凝土造,105年4月8日,四層,一層 二層 三層 四層
RPSNMLKMOHMFFDM09CA,26,205.39,住商用,鋼筋混凝土造,80年12月4日,三層,一層 二層 三層 屋頂突出物 騎樓
RPPNMLKMOHMFFCM68CA,13,130.52,見其他登記事項,鋼筋混凝土造,93年11月16日,九層,九層
RPPNMLKMOHMFFCM68CA,13,56.47,見其他登記事項,鋼筋混凝土造,93年11月16日,九層,
RPTNMLTLOHMFFCM27CA,23,132.84,住家用,鋼筋混凝土造,82年12月23日,三層,一層 二層 三層
RPQNMLNJPHMFFBM78CA,22,191.71,住家用,鋼筋混凝土造,84年8月2日,四層,一層 二層 三層 四層
RPWNMLKMOHMFFBM66CA,22,67.65,住家用,鋼筋混凝土造,84年12月15日,十二層,七層
RPWNMLKMOHMFFBM66CA,22,15.17,見其他登記事項,鋼筋混凝土造,84年12月15日,十二層,
RPQNMLSLPHMFFDM07CA,,273.36,見其他登記事項,鋼筋混凝土造,106年2月8日,三層,一層 二層 三層 見其他登記事項
RPQNMLKMOHMFFAM58CA,24,151.62,住家用,鋼筋混凝土造,82年4月28日,三層,一層 二層 三層 屋頂突出物
RPXNMLTKPHMFFAM47CA,38,164.64,住商用,鋼筋混凝土加強磚造,67年12月26日,三層,一層 二層 三層 騎樓
RPRNMLPJPHMFFAM98CA,23,183.33,住商用,鋼筋混凝土造,83年3月31日,三層,一層 二層 三層 屋頂突出物 騎樓
RPQNMLPJPHMFFAM88CA,,112.07,見其他登記事項,鋼筋混凝土造,106年4月6日,八層,七層
RPQNMLPJPHMFFAM88CA,,66.21,見其他登記事項,鋼筋混凝土造,106年4月6日,八層,
RPSNMLKMOHMFFAM78CA,3,334.26,見其他登記事項,鋼筋混凝土造,103年3月19日,五層,一層 二層 三層 四層 五層
RPPNMLLKPHMFFAM48CA,16,552.21,住商用,鋼筋混凝土造,90年4月17日,四層,一層 二層 三層 四層 屋頂突出物 騎樓
RPPNMLNJPHMFFAM58CA,1,240.12,見其他登記事項,鋼筋混凝土造,105年1月25日,四層,一層 二層 三層 四層
RPVNMLOJPHMFFAM66CA,25,165.15,見其他登記事項,鋼筋混凝土造,81年7月11日,三層,一層 二層 三層 騎樓
RPWNMLOKPHMFFAM86CA,20,119.87,住家用,鋼筋混凝土造,86年9月19日,十四層,十一層 十二層
RPWNMLOKPHMFFAM86CA,20,29.83,見其他登記事項,鋼筋混凝土造,86年9月19日,十四層,
RPWNMLOKPHMFFAM86CA,20,14.56,停車空間,鋼筋混凝土造,86年9月19日,十四層,
RPUNMLPJPHMFFBM76CA,2,253.82,見其他登記事項,鋼筋混凝土造,104年9月7日,四層,一層 二層 三層 四層 地下一層
RPUNMLPJPHMFFBM76CA,2,16.39,停車空間,鋼筋混凝土造,104年9月7日,四層,
RPXNMLQJPHMFFCM27CA,38,82.20,住家用,鋼筋混凝土造,68年7月2日,二層,一層 二層
RPQNMLKLPHMFFAM58CA,2,280.93,見其他登記事項,鋼筋混凝土造,104年3月20日,四層,一層 二層 三層 四層 屋頂突出物
RPVNMLNJPHMFFBM66CA,43,1997.60,見其他登記事項,鋼筋混凝土加強磚造,63年7月12日,二層,一層 二層 浴廁
RPWNMLNKPHMFFCM96CA,1,204.74,見其他登記事項,鋼筋混凝土造,105年11月29日,四層,一層 二層 三層 四層 見其他登記事項
RPPNMLKMOHMFFDM78CA,37,108.36,住商用,鋼筋混凝土加強磚造,69年1月26日,二層,一層 二層 騎樓
RPTNMLNJPHMFFCM56CA,,266.04,見其他登記事項,鋼筋混凝土造,105年11月29日,四層,一層 二層 三層 四層 見其他登記事項
RPSNMLNJPHMFFCM09CA,,204.74,見其他登記事項,鋼筋混凝土造,105年11月29日,四層,一層 二層 三層 四層 見其他登記事項
RPRNMLOKPHMFFEM86DA,47,155.87,商業用,鋼筋混凝土加強磚造,59年10月9日,二層,一層 二層 騎樓 地下層
RPPNMLQJPHMFFBM09DA,23,94.76,住家用,鋼筋混凝土造,83年11月7日,十三層,八層
RPPNMLQJPHMFFBM09DA,23,31.76,見其他登記事項,鋼筋混凝土造,83年11月7日,十三層,
RPQNMLPJPHMFFBM09DA,55,105.67,住商用,鋼筋混凝土加強磚造,51年1月1日,二層,一層 二層 騎樓
RPRNMLNJPHMFFCM98CA,,283.58,見其他登記事項,鋼筋混凝土造,105年11月29日,四層,一層 二層 三層 四層 見其他登記事項
RPQOMLQLPHMFFDM96CA,,224.83,見其他登記事項,鋼筋混凝土造,106年5月3日,三層,一層 二層 三層 見其他登記事項
RPOOMLQLPHMFFDM76CA,,224.17,見其他登記事項,鋼筋混凝土造,106年5月3日,三層,一層 二層 三層 見其他登記事項
RPSNMLQLPHMFFDM07CA,,240.26,見其他登記事項,鋼筋混凝土造,106年5月3日,三層,一層 二層 三層 見其他登記事項
RPVNMLQLPHMFFDM37CA,,224.83,見其他登記事項,鋼筋混凝土造,106年5月3日,三層,一層 二層 三層 見其他登記事項
RPSOMLQLPHMFFDM17CA,,224.17,見其他登記事項,鋼筋混凝土造,106年5月3日,三層,一層 二層 三層 見其他登記事項
RPWOMLQLPHMFFDM57CA,,245.75,見其他登記事項,鋼筋混凝土造,106年5月3日,三層,一層 二層 三層 見其他登記事項
RPQPMLQLPHMFFDM07CA,,245.75,見其他登記事項,鋼筋混凝土造,106年5月3日,三層,一層 二層 三層 見其他登記事項
RPOPMLQLPHMFFDM86CA,,246.41,見其他登記事項,鋼筋混凝土造,106年5月3日,三層,一層 二層 三層 見其他登記事項
RPUOMLQLPHMFFDM37CA,,266.16,見其他登記事項,鋼筋混凝土造,106年5月3日,三層,一層 二層 三層 見其他登記事項
RPSPMLQLPHMFFDM27CA,,245.75,見其他登記事項,鋼筋混凝土造,106年5月3日,三層,一層 二層 三層 見其他登記事項
RPUPMLQLPHMFFDM47CA,,398.52,見其他登記事項,鋼筋混凝土造,106年5月3日,四層,一層 二層 三層 四層 見其他登記事項
RPWPMLQLPHMFFDM67CA,,245.09,見其他登記事項,鋼筋混凝土造,106年5月3日,三層,一層 二層 三層 見其他登記事項
RPPNMLPLPHMFFCM56CA,,231.88,住家用,鋼筋混凝土造,106年3月6日,三層,一層 二層 三層
RPSNMLPJPHMFFCM66CA,23,110.69,見其他登記事項,鋼筋混凝土造,83年7月8日,十二層,八層
RPSNMLPJPHMFFCM66CA,23,16.11,見其他登記事項,鋼筋混凝土造,83年7月8日,十二層,
RPQNMLQJPHMFFBM09CA,23,87.56,住商用,鋼筋混凝土造,83年4月11日,八層,一層 二層 騎樓
RPQNMLQJPHMFFBM09CA,23,10.84,見其他登記事項,鋼筋混凝土造,83年4月11日,八層,
RPPNMLOLPHMFFBM98CA,18,310.80,農舍,鋼造,87年12月28日,一層,一層
RPUOMLNJPHMFFBM66CA,36,95.86,住家用,鋼筋混凝土加強磚造,70年3月6日,二層,一層 二層
RPXNMLKMOHMFFBM76CA,,188.09,見其他登記事項,鋼筋混凝土造,105年11月24日,三層,一層 二層 三層 見其他登記事項
RPSNMLNJPHMFFBM98CA,24,145.73,住家用,鋼筋混凝土造,82年10月29日,十層,四層
RPSNMLNJPHMFFBM98CA,24,33.42,見其他登記事項,鋼筋混凝土造,82年10月29日,十層,
RPQOMLPJPHMFFBM09CA,30,129.40,住家用,加強磚造,76年1月27日,二層,一層 二層
RPRNMLTKPHMFFAM86CA,15,58.86,住家用,鋼筋混凝土造,91年2月4日,五層,二層
RPRNMLTKPHMFFAM86CA,15,4.74,共有部份,鋼筋混凝土造,91年2月4日,五層,
RPVNMLTKPHMFFAM27CA,24,76.77,住家用,鋼筋混凝土造,82年8月23日,五層,三層
RPUNMLOJPHMFFAM56CA,16,162.32,住家用,鋼筋混凝土造,90年6月21日,三層,一層 二層 三層
RPUOMLPJPHMFFBM86CA,2,25.00,見其他登記事項,見其他登記事項,104年11月5日,一層,一層
RPSNMLOJPHMFFBM09CA,37,119.70,住家用,加強磚造,69年10月23日,二層,一層 二層
RPTNMLPJPHMFFCM76CA,18,153.24,見其他登記事項,鋼筋混凝土造,88年10月13日,四層,一層 二層 三層 四層
RPVNMLQJPHMFFCM07CA,2,114.31,見其他登記事項,鋼筋混凝土造,104年3月30日,四層,一層 二層 三層 四層 見其他登記事項
RPVNMLQJPHMFFCM07CA,2,114.31,見其他登記事項,鋼筋混凝土造,104年3月30日,四層,一層 二層 三層 四層 見其他登記事項
RPOOMLOJPHMFFAM78DA,34,211.83,住家用,鋼筋混凝土加強磚造,72年5月1日,三層,一層 二層 三層
RPQNMLOKPHMFFBM98CA,22,.76,見其他登記事項,鋼筋混凝土造,84年9月27日,十二層,
RPQNMLOKPHMFFBM98CA,22,16.43,見其他登記事項,鋼筋混凝土造,84年9月27日,十二層,
RPQNMLOKPHMFFBM98CA,22,102.34,住家用,鋼筋混凝土造,84年9月27日,十二層,四層
RPQNMLOKPHMFFBM98CA,22,28.92,見其他登記事項,鋼筋混凝土造,84年9月27日,十二層,
RPQNMLPJPHMFFDM56CA,2,201.36,見其他登記事項,鋼筋混凝土造,104年2月11日,三層,一層 二層 三層 屋頂突出物
RPSNMLQJPHMFFBM66CA,20,146.64,住家用,鋼筋混凝土造,86年6月30日,三層,一層 二層 三層
RPSNMLQJPHMFFBM66CA,20,.21,見其他登記事項,鋼筋混凝土造,86年6月30日,一層,
RPSNMLQJPHMFFBM66CA,20,43.23,停車空間,鋼筋混凝土造,86年6月30日,地下層,
RPRNMLPJPHMFFCM56CA,11,144.69,住家用,鋼骨鋼筋混凝土造,95年4月17日,三層,一層 二層 三層
RPUNMLQJPHMFFBM86CA,1,750.48,見其他登記事項,見其他登記事項,105年5月4日,一層,一層
RPSOMLPJPHMFFBM66CA,24,156.32,住工用,鋼筋混凝土造,82年2月12日,三層,一層 二層 三層
RPPNMLPJPHMFFAM78CA,1,214.71,住家用,鋼筋混凝土造,105年11月23日,三層,一層 二層 三層
RPXNMLTKPHMFFBM57CA,20,126.60,住家用,鋼筋混凝土造,86年6月30日,三層,一層 二層 三層
RPXNMLTKPHMFFBM57CA,20,.18,見其他登記事項,鋼筋混凝土造,86年6月30日,一層,
RPXNMLTKPHMFFBM57CA,20,37.13,停車空間,鋼筋混凝土造,86年6月30日,地下層,
RPWNMLPJPHMFFBM96CA,36,116.16,住家用,鋼筋混凝土加強磚造,70年3月9日,二層,一層 二層
RPPNMLRJPHMFFAM98CA,18,100.76,住家用,加強磚造,88年12月6日,二層,一層 二層 騎樓
RPRNMLOLPHMFFBM56CA,1,182.80,見其他登記事項,鋼筋混凝土造,105年7月22日,三層,一層 二層 三層 見其他登記事項
RPUNMLLKPHMFFCM56CA,28,154.53,住家用,鋼筋混凝土造,77年12月24日,三層,一層 二層 三層
RPUNMLLKPHMFFCM56CA,28,51.51,住家用,鋼筋混凝土造,77年12月24日,三層,一層 二層 三層
RPQNMLKKPHMFFCM78DA,34,174.67,住家用,鋼筋混凝土造,72年4月28日,三層,一層 二層 三層 騎樓
RPQNMLRLPHMFFBM76CA,42,241.40,住家用,鋼筋混凝土加強磚造,64年3月27日,二層,一層 二層 騎樓
RPPPMLRJPHMFFAM56CA,36,98.00,住家用,鋼筋混凝土加強磚造,70年2月1日,二層,一層 二層
RPTNMLKKPHMFFAM78CA,5,380.94,住家用,鋼筋混凝土造,101年10月23日,四層,一層 二層 三層 四層
RPTNMLKKPHMFFAM78CA,5,2.02,見其他登記事項,鋼筋混凝土造,101年5月3日,一層,
RPXNMLOKPHMFFAM96CA,42,173.27,住商用,鋼筋混凝土加強磚造,64年5月28日,三層,一層 二層 三層 騎樓
RPTNMLLKPHMFFAM88CA,26,72.38,住家用,鋼筋混凝土造,80年4月16日,二層,一層 二層
RPRNMLKKPHMFFCM78CA,35,135.85,住家用,加強磚造,71年11月18日,二層,一層 二層
RPQNMLLKPHMFFBM68CA,44,91.56,住家用,鋼筋混凝土加強磚造,62年12月17日,二層,一層 二層
RPTNMLMKPHMFFBM09CA,13,163.44,住家用,鋼筋混凝土造,93年10月15日,四層,一層 二層 三層 四層
RPRNMLLJQHMFFBM78CA,,63.00,見其他登記事項,鋼筋混凝土造,105年12月29日,十二層,九層
RPRNMLLJQHMFFBM78CA,,63.48,見其他登記事項,鋼筋混凝土造,105年12月29日,十二層,
RPSNMLLJQHMFFBM88CA,,91.44,見其他登記事項,鋼筋混凝土造,105年12月29日,十二層,十二層
RPSNMLLJQHMFFBM88CA,,44.25,見其他登記事項,鋼筋混凝土造,105年12月29日,十二層,
RPPNMLNKPHMFFCM88CA,42,80.20,住家用,鋼筋混凝土加強磚造,64年6月27日,二層,一層 二層
RPQNMLNKPHMFFCM98CA,12,182.98,住家用,鋼筋混凝土造,94年5月12日,四層,一層 二層 三層 四層
RPQNMLRJPHMFFEM86CA,51,109.34,商業用,鋼筋混凝土加強磚造,55年6月1日,一層,一層 騎樓
RPWNMLLKPHMFFCM76CA,22,86.95,見其他登記事項,鋼筋混凝土造,83年12月31日,十二層,三層
RPWNMLLKPHMFFCM76CA,22,20.05,見其他登記事項,鋼筋混凝土造,83年12月31日,十二層,
RPVNMLNKPHMFFCM86CA,2,382.08,見其他登記事項,鋼筋混凝土造,104年2月9日,四層,一層 二層 三層 四層 見其他登記事項
RPTNMLOLPHMFFBM76CA,23,101.71,住家用,鋼筋混凝土造,83年3月10日,七層,三層
RPTNMLOLPHMFFBM76CA,23,41.93,見其他登記事項,鋼筋混凝土造,83年3月10日,七層,
RPOOMLNKPHMFFCM88CA,23,25.91,見其他登記事項,鋼筋混凝土造,83年10月13日,十二層,九層
RPOOMLNKPHMFFCM88CA,23,13.29,見其他登記事項,鋼筋混凝土造,83年10月13日,十二層,
RPPNMLRJQHMFFBM56CA,21,191.47,住家用,鋼筋混凝土造,85年4月25日,四層,一層 二層 三層 四層
RPQNMLMKPHMFFAM68CA,5,365.21,農舍,鋼筋混凝土造,101年4月11日,一層,一層
RPSNMLOLPHMFFAM56CA,1,182.50,住家用,鋼筋混凝土造,105年10月6日,四層,一層 二層 三層 四層
RPWNMLPLPHMFFAM07CA,15,82.79,住家用,鋼筋混凝土造,91年5月15日,四層,四層
RPWNMLPLPHMFFAM07CA,15,7.73,見其他登記事項,鋼筋混凝土造,91年5月15日,四層,
RPPNMLLLPHMFFCM78CA,20,217.90,住商用,鋼筋混凝土造,85年12月11日,四層,一層 二層 三層 四層 屋頂突出物 騎樓
RPPNMLMKPHMFFBM68CA,29,91.76,住商用,鋼筋混凝土造,77年10月27日,二層,一層 二層 騎樓
RPQNMLMKPHMFFBM78CA,,173.30,見其他登記事項,鋼筋混凝土造,105年11月24日,三層,一層 二層 三層 見其他登記事項
RPRNMLMKPHMFFBM88CA,,175.28,見其他登記事項,鋼筋混凝土造,105年11月24日,三層,一層 二層 三層 見其他登記事項
RPVNMLLLPHMFFCM76CA,35,160.60,見其他登記事項,鋼筋混凝土造,71年9月23日,三層,一層 二層 三層 騎樓
RPTNMLOLPHMFFCM86CA,36,109.87,住家用,加強磚造,70年1月20日,二層,一層 二層
RPSOMLLJQHMFFBM09DA,42,98.00,住家用,鋼筋混凝土加強磚造,64年6月30日,四層,一層 二層 三層 四層
RPTNMLSKPHMFFCM17CA,37,19.27,住家用,加強磚造,69年7月3日,一層,一層
RPTNMLSKPHMFFCM17CA,37,19.27,住家用,加強磚造,69年7月3日,一層,一層
RPPNMLNKPHMFFDM98CA,19,178.37,住家用,鋼筋混凝土造,87年9月28日,三層,一層 二層 三層 屋頂突出物
RPVNMLNKPHMFFBM76CA,35,159.08,住商用,鋼筋混凝土造,71年9月3日,三層,一層 二層 三層 騎樓
RPQNMLSKPHMFFDM96CA,,255.84,見其他登記事項,鋼筋混凝土造,106年2月8日,三層,一層 二層 三層 見其他登記事項
RPTNMLQLPHMFFCM07CA,44,18.18,住家用,鋼筋混凝土加強磚造,62年7月31日,二層,一層 二層
RPUNMLTJQHMFFBM27CA,,62.96,見其他登記事項,鋼筋混凝土造,105年12月29日,十二層,二層
RPUNMLTJQHMFFBM27CA,,30.47,見其他登記事項,鋼筋混凝土造,105年12月29日,十二層,
RPPNMLRLPHMFFBM66CA,26,170.80,住家用,鋼筋混凝土造,79年12月29日,四層,一層 二層 三層 四層
RPRNMLNKPHMFFAM88CA,27,426.60,見其他登記事項,加強磚造,79年11月5日,二層,一層 二層 屋頂突出物 騎樓
RPPNMLOKQHMFFBM98CA,21,108.29,住家用,鋼筋混凝土造,85年6月13日,九層,八層
RPPNMLOKQHMFFBM98CA,21,.10,見其他登記事項,鋼筋混凝土造,85年6月13日,九層,
RPPNMLOKQHMFFBM98CA,21,54.85,見其他登記事項,鋼筋混凝土造,85年6月13日,九層,
RPPNMLTKPHMFFBM76CA,21,97.94,住家用,鋼筋混凝土造,85年1月12日,十層,五層
RPPNMLTKPHMFFBM76CA,21,32.15,見其他登記事項,鋼筋混凝土造,85年1月12日,十層,
RPQNMLTKPHMFFAM76CA,1,176.42,住家用,鋼筋混凝土造,105年6月23日,四層,一層 二層 三層 四層
RPVNMLSKPHMFFAM17CA,22,370.44,住家用,鋼筋混凝土造,84年9月19日,三層,一層 二層 三層
RPTNMLQLPHMFFAM86CA,31,90.72,住家用,鋼筋混凝土加強磚造,75年11月6日,二層,一層 二層
RPSNMLNJQHMFFAM98CA,37,101.50,住家用,鋼筋混凝土加強磚造,69年11月6日,二層,一層 二層
RPSNMLOKPHMFFAM09CA,19,79.44,住家用,鋼筋混凝土造,87年4月14日,七層,七層
RPSNMLOKPHMFFAM09CA,19,22.00,見其他登記事項,鋼筋混凝土造,87年4月14日,七層,
RPSNMLOKPHMFFAM09CA,19,11.65,見其他登記事項,鋼筋混凝土造,87年4月14日,七層,
RPTNMLOKPHMFFAM56CA,40,5.15,農舍,鋼筋混凝土加強磚造,66年12月23日,二層,
RPRNMLOKPHMFFAM98CA,34,176.03,住商用,鋼筋混凝土造,72年4月11日,四層,一層 二層 三層 四層 騎樓
RPUNMLOKPHMFFBM76CA,34,100.80,住家用,鋼筋混凝土造,72年4月12日,四層,二層
RPUNMLOKPHMFFBM76CA,34,5.40,國民住宅,鋼筋混凝土造,72年4月12日,四層,
RPUNMLOKPHMFFBM76CA,34,1.68,國民住宅,鋼筋混凝土造,72年4月12日,四層,
RPUNMLOKPHMFFBM76CA,34,.84,國民住宅,鋼筋混凝土造,72年4月12日,四層,
RPUNMLKLPHMFFCM56CA,43,55.45,住家用,鋼筋混凝土加強磚造,63年6月12日,一層,一層
RPRNMLQLPHMFFCM86CA,38,55.38,住家用,加強磚造,68年6月22日,二層,一層 二層
RPVNMLSKPHMFFBM37DA,24,82.26,住家用,鋼筋混凝土造,82年5月27日,七層,五層
RPVNMLSKPHMFFBM37DA,24,17.77,見其他登記事項,鋼筋混凝土造,82年5月27日,七層,
RPVNMLSKPHMFFBM37DA,24,9.38,見其他登記事項,鋼筋混凝土造,82年5月27日,七層,
RPPNMLRJQHMFFDM76CA,27,199.33,住家用,鋼筋混凝土造,79年1月6日,四層,一層 二層 三層 四層
RPVNMLRJQHMFFAM17DA,19,16.60,農舍,鋼筋混凝土造,86年12月8日,二層,一層 二層
RPSNMLLJQHMFFDM09CA,19,146.67,住商用,鋼筋混凝土造,87年4月13日,三層,一層 二層 三層 騎樓
RPRNMLRKPHMFFDM96CA,24,221.97,住家用,鋼筋混凝土造,82年10月19日,四層,一層 二層 三層 四層
RPQNMLLLPHMFFCM88CA,23,24.76,見其他登記事項,鋼筋混凝土造,83年10月13日,十二層,六層
RPQNMLLLPHMFFCM88CA,23,13.00,見其他登記事項,鋼筋混凝土造,83年10月13日,十二層,
RPTNMLRKPHMFFCM07CA,21,202.89,住家用,鋼筋混凝土造,85年5月25日,四層,一層 二層 三層 四層
RPQNMLPLPHMFFBM56CA,11,396.53,農舍,鋼筋混凝土造,95年12月13日,三層,一層 二層 三層
RPSNMLSKPHMFFBM96CA,26,183.62,住商用,鋼筋混凝土造,80年10月22日,四層,一層 二層 三層 四層 騎樓
RPRNMLRKPHMFFBM76CA,8,223.13,見其他登記事項,鋼筋混凝土造,98年10月13日,四層,一層 二層 三層 四層
RPRNMLRKPHMFFBM76CA,8,2.65,見其他登記事項,鋼筋混凝土造,98年10月13日,四層,
RPSNMLMJQHMFFAM88CA,38,85.44,住商用,鋼筋混凝土加強磚造,68年3月1日,二層,一層 二層 騎樓
RPRNMLSJQHMFFBM86CA,28,130.60,住家用,鋼筋混凝土造,78年10月5日,二層,一層 二層
RPUNMLSKPHMFFBM17CA,6,12.00,農舍,見其他登記事項,100年1月24日,一層,一層
RPTNMLSJQHMFFAM96CA,41,221.40,住商用,鋼筋混凝土加強磚造,65年1月7日,三層,一層 二層 三層 騎樓
RPPNMLTKPHMFFDM96CA,2,191.09,見其他登記事項,鋼筋混凝土造,103年12月27日,三層,一層 二層 三層 見其他登記事項
RPTNMLSJQHMFFDM27CA,5,156.91,住家用,鋼筋混凝土造,101年10月8日,三層,一層 二層 三層 屋頂突出物 騎樓
RPRNMLOKQHMFFCM66CA,21,126.65,見其他登記事項,鋼筋混凝土造,85年2月9日,十五層,十一層
RPRNMLOKQHMFFCM66CA,21,22.93,見其他登記事項,鋼筋混凝土造,85年2月9日,十五層,
RPQNMLQLPHMFFCM76CA,14,153.88,住商用,鋼筋混凝土造,92年6月13日,三層,一層 二層 三層 騎樓
RPPNMLTKPHMFFCM86CA,44,96.44,住家用,鋼筋混凝土加強磚造,62年2月10日,二層,一層 二層
RPRNMLLLPHMFFCM98CA,26,206.69,住商用,鋼筋混凝土造,79年12月19日,四層,一層 二層 三層 四層 騎樓
RPUNMLTJQHMFFDM47CA,25,154.56,住商用,鋼筋混凝土造,81年7月10日,三層,一層 二層 三層 騎樓
RPPOMLKLPHMFFBM68CA,20,102.16,住家用,鋼筋混凝土造,86年7月12日,七層,七層
RPPOMLKLPHMFFBM68CA,20,44.59,見其他登記事項,鋼筋混凝土造,86年7月12日,七層,
RPPNMLPKQHMFFCM56CA,16,201.54,見其他登記事項,鋼骨鋼筋混凝土造,90年6月12日,三層,一層 二層 三層 屋頂突出物 騎樓
RPPNMLTKPHMFFAM66CA,27,178.20,住家用,鋼筋混凝土造,79年9月26日,四層,一層 二層 三層 四層
RPROMLTKPHMFFAM96CA,24,120.45,住家用,鋼筋混凝土造,82年8月19日,三層,一層 二層 三層 騎樓
RPTNMLQLPHMFFBM96CA,42,87.00,住家用,鋼筋混凝土加強磚造,64年4月30日,二層,一層 二層
RPRNMLKLPHMFFCM88CA,21,145.48,住家用,鋼筋混凝土造,84年12月30日,四層,一層 二層 三層 四層
RPWNMLQLPHMFFCM37CA,38,51.20,住家用,鋼筋混凝土加強磚造,68年9月11日,一層,一層 騎樓
RPVNMLTJQHMFFDM57CA,22,257.97,見其他登記事項,鋼筋混凝土造,84年1月13日,三層,一層 二層 三層
RPPOMLQLPHMFFCM76CA,10,195.07,農舍,鋼筋混凝土造,96年5月23日,三層,一層 二層 三層
RPUNMLLMPHMFFCM76CA,29,153.62,農舍,鋼造,77年5月17日,一層,一層
RPPNMLQLPHMFFCM66CA,30,133.93,住商用,鋼筋混凝土造,76年9月9日,三層,一層 二層 三層 騎樓
RPUNMLSJQHMFFBM17CA,23,80.85,住家用,鋼筋混凝土造,83年1月11日,六層,三層
RPUNMLSJQHMFFBM17CA,23,28.64,見其他登記事項,鋼筋混凝土造,83年1月11日,六層,
RPWNMLOLPHMFFCM17CA,27,153.53,住商用,鋼筋混凝土造,79年5月22日,三層,一層 二層 三層 騎樓
RPTNMLLLPHMFFCM56CA,40,109.60,住家用,鋼筋混凝土加強磚造,66年2月11日,二層,一層 二層
RPRNMLNLQHMFFCM66CA,23,349.62,見其他登記事項,鋼筋混凝土造,83年8月2日,二層,一層 二層
RPQNMLLLPHMFFAM68CA,48,70.40,住家用,鋼筋混凝土加強磚造,58年1月13日,二層,一層 二層
RPTNMLLLPHMFFAM98CA,16,183.28,住家用,見其他登記事項,90年6月8日,三層,一層 二層 三層
RPOOMLOLPHMFFAM88CA,34,162.92,住商用,鋼筋混凝土加強磚造,72年7月20日,二層,一層 二層 騎樓
RPQNMLQJQHMFFAM09CA,1,170.29,見其他登記事項,鋼筋混凝土造,105年8月1日,三層,一層 二層 三層 屋頂突出物
RPQNMLRJQHMFFAM56CA,24,147.13,住家用,鋼筋混凝土造,82年8月2日,五層,一層 二層 三層 四層 五層
RPUNMLPLPHMFFBM96CA,21,182.50,住家用,鋼筋混凝土造,84年12月5日,四層,一層 二層 三層 四層
RPSNMLLLPHMFFCM09CA,,131.36,住家用,加強磚造,,二層,一層 二層
RPWNMLPLPHMFFBM17CA,21,174.26,住家用,鋼筋混凝土造,85年8月26日,三層,一層 二層 三層 屋頂突出物 騎樓
RPQOMLQLPHMFFCM86CA,36,100.36,住家用,加強磚造,70年4月8日,二層,一層 二層 騎樓
RPQNMLQLPHMFFDM86CA,37,64.32,住家用,鋼筋混凝土加強磚造,70年1月1日,一層,一層
RPSNMLNJQHMFFDM66CA,,271.72,住家用,鋼筋混凝土造,106年2月8日,四層,一層 二層 三層 四層
RPWNMLTJQHMFFDM67CA,25,191.29,住家用,鋼筋混凝土造,81年3月17日,四層,一層 二層 三層 四層
RPQNMLPLPHMFFCM76DA,32,95.80,住商用,鋼筋混凝土造,74年5月17日,二層,一層 二層 騎樓
RPPNMLKKQHMFFAM48CA,38,100.16,住商用,鋼筋混凝土加強磚造,68年1月9日,二層,一層 二層
RPOOMLRLPHMFFAM56CA,33,170.27,住商用,鋼筋混凝土造,73年8月16日,三層,一層 二層 三層 騎樓
RPVNMLMLQHMFFAM76CA,20,123.01,住家用,鋼筋混凝土造,86年6月16日,八層,五層
RPVNMLMLQHMFFAM76CA,20,41.10,見其他登記事項,鋼筋混凝土造,86年6月16日,八層,
RPWNMLPLPHMFFCM27CA,1,197.89,見其他登記事項,鋼筋混凝土造,105年1月28日,三層,一層 二層 三層 見其他登記事項
RPSNMLMLQHMFFAM09CA,20,99.41,住家用,鋼筋混凝土造,86年6月16日,八層,八層
RPSNMLMLQHMFFAM09CA,20,33.21,見其他登記事項,鋼筋混凝土造,86年6月16日,八層,
RPUNMLMLQHMFFAM66CA,20,104.91,住家用,鋼筋混凝土造,86年6月16日,八層,五層
RPUNMLMLQHMFFAM66CA,20,35.05,見其他登記事項,鋼筋混凝土造,86年6月16日,八層,
RPRNMLMLQHMFFAM98CA,20,99.41,住家用,鋼筋混凝土造,86年6月16日,八層,五層
RPRNMLMLQHMFFAM98CA,20,33.21,見其他登記事項,鋼筋混凝土造,86年6月16日,八層,
RPTNMLMLQHMFFAM56CA,20,126.34,住家用,鋼筋混凝土造,86年6月16日,八層,五層
RPTNMLMLQHMFFAM56CA,20,42.21,見其他登記事項,鋼筋混凝土造,86年6月16日,八層,
RPRNMLNLQHMFFDM76CA,24,94.79,見其他登記事項,鋼筋混凝土造,82年4月29日,五層,三層
RPRNMLNLQHMFFDM76CA,24,21.34,見其他登記事項,鋼筋混凝土造,82年4月29日,五層,
RPRNMLRLPHMFFDM07CA,37,114.66,住家用,鋼筋混凝土加強磚造,69年2月1日,二層,一層 二層 騎樓
RPQNMLMJQHMFFDM98CA,35,85.86,見其他登記事項,鋼筋混凝土加強磚造,71年8月2日,二層,一層 二層
RPRNMLNJQHMFFDM56CA,51,170.55,住商用,加強磚造,55年1月1日,三層,一層 二層 三層 騎樓
RPTNMLRLPHMFFCM17CA,27,106.96,住家用,鋼筋混凝土造,79年1月24日,四層,一層 二層 騎樓
RPQNMLKKQHMFFDM88CA,10,133.22,住家用,鋼筋混凝土造,96年4月13日,二層,一層 二層
RPPNMLQLPHMFFDM76CA,10,133.13,住家用,鋼筋混凝土造,96年4月13日,二層,一層 二層
RPTNMLLJQHMFFCM09CA,37,91.40,住家用,加強磚造,69年10月6日,二層,一層 二層
RPSNMLRJQHMFFCM96CA,17,131.30,住家用,鋼筋混凝土造,89年10月23日,三層,一層 二層 三層
RPSNMLNJQHMFFBM09CA,26,87.38,住家用,鋼筋混凝土造,80年11月15日,七層,二層
RPSNMLNJQHMFFBM09CA,26,40.18,見其他登記事項,鋼筋混凝土造,80年11月15日,七層,
RPRNMLPKQHMFFAM56CA,35,88.58,住商用,鋼筋混凝土加強磚造,71年7月5日,二層,一層 二層 騎樓
RPSNMLNJQHMFFBM09CA,26,1.56,商業用,鋼筋混凝土造,80年11月15日,七層,
RPUNMLOKQHMFFBM86CA,4,184.97,見其他登記事項,鋼筋混凝土造,102年6月26日,三層,一層 二層 三層 見其他登記事項
RPRNMLSKQHMFFBM96CA,1,214.86,見其他登記事項,鋼筋混凝土造,105年4月29日,四層,一層 二層 三層 四層 見其他登記事項
RPRNMLSKQHMFFBM96CA,1,25.66,見其他登記事項,鋼筋混凝土造,105年4月29日,一層,
RPRNMLMJQHMFFAM78CA,18,170.09,住家用,鋼筋混凝土造,88年5月1日,四層,一層 二層 三層 四層 屋頂突出物
RPOOMLOKQHMFFAM88CA,1,175.95,住家用,鋼筋混凝土造,105年10月6日,四層,一層 二層 三層 四層
RPTNMLNJQHMFFAM09CA,37,81.00,住家用,鋼筋混凝土加強磚造,69年12月1日,二層,一層 二層
RPRNMLTJQHMFFBM96CA,35,146.70,住商用,鋼筋混凝土造,71年6月19日,三層,一層 二層 三層 騎樓
RPRNMLSJQHMFFCM96CA,34,64.48,住商用,鋼筋混凝土造,72年7月11日,二層,一層 二層 騎樓
RPSNMLLLQHMFFBM09CA,39,99.86,住家用,鋼筋混凝土加強磚造,67年9月8日,二層,一層 二層
RPSNMLQKQHMFFBM86CA,3,237.43,見其他登記事項,鋼筋混凝土造,103年9月1日,四層,一層 二層 三層 四層
RPQNMLMJQHMFFEM09CA,17,224.05,住家用,見其他登記事項,89年6月12日,三層,一層 二層 三層 屋頂突出物
RPQNMLLJQHMFFAM58CA,24,167.40,見其他登記事項,鋼筋混凝土造,82年8月19日,三層,一層 二層 三層 屋頂突出物 騎樓
RPSNMLSJQHMFFDM17CA,18,319.35,住商用,鋼筋混凝土造,88年3月9日,五層,一層 二層 三層 四層 五層 騎樓
RPSNMLSJQHMFFDM17CA,18,319.35,住商用,鋼筋混凝土造,88年3月9日,五層,一層 二層 三層 四層 五層 騎樓
RPWNMLLJQHMFFBM66CA,2,250.10,住家用,鋼筋混凝土造,104年11月12日,四層,一層 二層 三層 四層
RPRNMLLJQHMFFAM68CA,1,201.73,見其他登記事項,鋼筋混凝土造,105年7月26日,四層,一層 二層 三層 四層
RPPNMLSKQHMFFCM86CA,32,419.26,農舍,鋼筋混凝土造,74年3月1日,三層,一層 二層 三層 騎樓
RPPNMLNJQHMFFAM68CA,2,204.14,住家用,鋼筋混凝土造,104年3月2日,四層,一層 二層 三層 四層
RPQNMLNJQHMFFAM78CA,37,101.68,住家用,鋼筋混凝土加強磚造,69年4月12日,二層,一層 二層
RPSNMLKKQHMFFAM78CA,36,72.78,住家用,鋼筋混凝土加強磚造,70年12月16日,四層,一層
SPSNMLKKQHMFFAM88CA,35,138.90,住家用,鋼筋混凝土加強磚造,70年12月26日,三層,一層 二層 三層
RPROMLMLQHMFFAM09CA,20,104.91,住家用,鋼筋混凝土造,86年6月16日,八層,六層
RPROMLMLQHMFFAM09CA,20,35.05,見其他登記事項,鋼筋混凝土造,86年6月16日,八層,
RPQOMLMLQHMFFAM98CA,20,126.34,住家用,鋼筋混凝土造,86年6月16日,八層,六層
RPQOMLMLQHMFFAM98CA,20,42.21,見其他登記事項,鋼筋混凝土造,86年6月16日,八層,
RPUOMLMLQHMFFAM76CA,20,123.01,住家用,鋼筋混凝土造,86年6月16日,八層,六層
RPUOMLMLQHMFFAM76CA,20,41.10,見其他登記事項,鋼筋混凝土造,86年6月16日,八層,
RPSOMLMLQHMFFAM56CA,20,99.41,住家用,鋼筋混凝土造,86年6月16日,八層,六層
RPSOMLMLQHMFFAM56CA,20,33.21,見其他登記事項,鋼筋混凝土造,86年6月16日,八層,
RPVOMLMLQHMFFAM86CA,20,99.41,住家用,鋼筋混凝土造,86年6月16日,八層,七層
RPVOMLMLQHMFFAM86CA,20,33.21,見其他登記事項,鋼筋混凝土造,86年6月16日,八層,
RPQNMLMJQHMFFAM68CA,1,209.04,住家用,鋼筋混凝土造,105年5月18日,四層,一層 二層 三層 四層
RPXNMLSKQHMFFBM57CA,24,95.02,住家用,鋼筋混凝土造,82年3月12日,七層,三層
RPXNMLSKQHMFFBM57CA,24,19.54,見其他登記事項,鋼筋混凝土造,82年3月12日,七層,
RPWOMLLJQHMFFBM76CA,22,93.14,住家用,鋼筋混凝土造,84年12月20日,七層,三層
RPWOMLLJQHMFFBM76CA,22,43.45,見其他登記事項,鋼筋混凝土造,84年12月20日,七層,
RPVOMLLJQHMFFBM66CA,58,144.80,住家用,磚造,48年10月1日,二層,一層 二層 騎樓
RPUOMLTLQHMFFAM47CA,29,95.76,住家用,加強磚造,77年8月13日,二層,一層 二層
RPTOMLLJQHMFFBM09CA,2,236.14,住家用,鋼筋混凝土造,104年1月30日,四層,一層 二層 三層 四層
RPRNMLLJQHMFFCM88CA,21,89.14,見其他登記事項,鋼筋混凝土造,85年2月9日,十五層,六層
RPRNMLLJQHMFFCM88CA,21,17.77,見其他登記事項,鋼筋混凝土造,85年2月9日,十五層,
RPXNMLLJQHMFFBM86DA,34,74.88,住家用,鋼筋混凝土造,72年4月12日,四層,一層
RPXNMLLJQHMFFBM86DA,34,5.40,國民住宅,鋼筋混凝土造,72年4月12日,四層,
RPXNMLLJQHMFFBM86DA,34,1.68,國民住宅,鋼筋混凝土造,72年4月12日,四層,
RPXNMLLJQHMFFBM86DA,34,.84,國民住宅,鋼筋混凝土造,72年4月12日,四層,
RPVNMLLJQHMFFDM76CA,80,105.04,住商用,磚造,26年7月1日,二層,一層 二層 騎樓
RPVNMLLJQHMFFDM76CA,75,24.35,住商用,木造,31年6月1日,一層,一層
RPSNMLLJQHMFFCM98CA,38,135.20,住商用,鋼筋混凝土造,68年3月12日,四層,一層 二層 三層 四層
