﻿編號,土地區段位置,土地移轉面積平方公尺,使用分區或編定
The serial number,land sector position,land shifting area square meter,the use zoning or compiles and checks
RPPOMLLJNHMFFAO68CC,南寮段,.00,都市：住
RPQOMLMJNHMFFAO98DC,民富段,.00,都市：商
RPTNMLNJNHMFFAO56CC,光武段,.00,都市：住
RPSOMLOJNHMFFAO66CC,新興段,.00,都市：住
RPQPMLOJNHMFFAO56CC,和平段,.00,都市：住
RPVOMLOJNHMFFAO96CC,南門段一小段,.00,都市：商
RPVOMLOJNHMFFAO96CC,南門段一小段,.00,都市：商
RPVOMLOJNHMFFAO96CC,南門段一小段,.00,都市：商
RPPPMLOJNHMFFAO09CC,北門段,.00,都市：商
RPXOMLOJNHMFFAO17CC,聚吉段,.00,都市：商
RPRPMLOJNHMFFAO66CC,成德段,.00,都市：住
RPWOMLOJNHMFFAO07CC,中央段,.00,都市：住
RPSPMLOJNHMFFAO76CC,聚吉段,.00,都市：商
RPTPMLOJNHMFFAO86CC,崙子段,.00,都市：住
RPTPMLOJNHMFFAO86CC,崙子段,.00,都市：住
RPTNMLOJNHMFFAO66CC,榮光段二小段,.00,都市：商
RPSNMLKKNHMFFAO88CC,光復段,.00,都市：住
RPVNMLTJNHMFFAO37CC,南門段三小段,.00,都市：商
RPVNMLTJNHMFFAO37CC,南門段三小段,.00,都市：商
RPPOMLTJNHMFFAO86CC,光華段,.00,都市：住
RPTNMLTJNHMFFAO17CC,榮光段一小段,.00,都市：商
RPWNMLKKNHMFFAO66CC,竹蓮段,.00,都市：商
RPROMLKKNHMFFAO88CC,介壽段,74.13,都市：住
RPROMLKKNHMFFAO88CC,介壽段,19.84,都市：其他
RPOPMLKKNHMFFAO68CC,光華段,33.43,都市：住
RPVNMLLKNHMFFAO66CC,中雅段,.00,都市：住
RPVNMLLKNHMFFAO66CC,中雅段,.00,都市：住
RPOOMLLKNHMFFAO68CC,光華段,.00,都市：住
RPRNMLSKNHMFFAO96CC,長春段,31.95,都市：其他
RPRNMLSKNHMFFAO96CC,長春段,65.70,都市：其他
RPRNMLSKNHMFFAO96CC,長春段,.01,都市：住
RPRNMLSKNHMFFAO96CC,長春段,.02,都市：住
RPSOMLLKNHMFFAO09CC,光華段,.00,都市：商
RPRQMLSKNHMFFAO27CC,民富段,.00,都市：商
RPRQMLSKNHMFFAO27CC,民富段,.00,都市：住
RPSQMLSKNHMFFAO37CC,康朗段,.00,都市：住
RPSOMLMKNHMFFAO56CC,東山段二小段,.00,都市：住
RPSOMLMKNHMFFAO56CC,東山段二小段,.00,都市：其他
RPXOMLLKNHMFFAO96CC,康朗段,.00,都市：住
RPXNMLTKNHMFFAO67CC,中央段,.00,都市：商
RPTQMLSKNHMFFAO47CC,康朗段,.00,都市：住
RPSOMLNLNHMFFAO76CC,信義段,.00,都市：住
RPSPMLTKNHMFFAO37CC,西門段一小段,.00,都市：商
RPUOMLMKNHMFFAO76CC,南寮段,.00,都市：農
RPUOMLMKNHMFFAO76CC,南寮段,.00,都市：住
RPOOMLTKNHMFFAO86CC,民富段,77.00,都市：住
RPVNMLQKNHMFFAO17CC,光華段,.00,都市：商
RPQNMLOLNHMFFAO56CC,光武段,.00,都市：住
RPVNMLMJOHMFFAO76CC,光復段,.00,都市：住
RPUOMLLJOHMFFAO66CC,力行段,.00,非都市：山坡地保育區 ; 非都市編定：丙種建築用地
RPVOMLLMNHMFFAO96CC,北門段,.00,都市：住
RPPOMLLMNHMFFAO98CC,虎林段,.00,非都市：特定農業區 ; 非都市編定：甲種建築用地
RPUOMLLMNHMFFAO86CC,大學段,.00,都市：住
RPSOMLLMNHMFFAO66CC,南門段二小段,.00,都市：商
RPSOMLLMNHMFFAO66CC,南門段二小段,.00,都市：商
RPXNMLMJOHMFFAO96CC,光復段,.00,都市：住
RPSNMLPLNHMFFAO86CC,福林段,90.00,非都市：鄉村區 ; 非都市編定：乙種建築用地
RPSNMLPLNHMFFAO86CC,福林段,71.00,非都市：鄉村區 ; 非都市編定：乙種建築用地
RPWOMLLMNHMFFAO07CC,復中段,.00,都市：商
RPTNMLMJOHMFFAO56CC,南門段三小段,84.00,都市：商
RPTNMLMJOHMFFAO56CC,南門段三小段,35.00,都市：商
RPWOMLMJOHMFFAO96CC,新興段一小段,.00,都市：住
RPOPMLMJOHMFFAO88CC,介壽段,74.13,都市：住
RPOPMLMJOHMFFAO88CC,介壽段,19.84,都市：其他
RPOOMLMJOHMFFAO78CC,光華段,.00,都市：住
RPROMLMJOHMFFAO09CC,南門段三小段,.00,都市：商
RPROMLMJOHMFFAO09CC,南門段三小段,.00,都市：商
RPPOMLMJOHMFFAO88CC,新興段,.00,都市：住
RPWQMLMJOHMFFAO17CC,光武段,17.18,都市：住
RPWQMLMJOHMFFAO17CC,光武段,.02,都市：其他
RPWQMLMJOHMFFAO17CC,光武段,.01,都市：其他
RPWQMLMJOHMFFAO17CC,光武段,.00,都市：其他
RPSPMLMJOHMFFAO66CC,中華段,31.24,都市：其他
RPPNMLNJOHMFFAO88CC,榮光段二小段,.00,都市：商
RPPNMLNJOHMFFAO88CC,榮光段二小段,.00,都市：商
RPPNMLNJOHMFFAO88CC,榮光段二小段,.00,都市：商
RPTPMLPJOHMFFAO07CC,光武段,10.16,都市：商
RPTPMLPJOHMFFAO07CC,光武段,.22,都市：商
RPXNMLPJOHMFFAO27CC,西門段一小段,.00,都市：商
RPXNMLPJOHMFFAO27CC,西門段一小段,.00,都市：商
RPUNMLNJOHMFFAO76CC,東山段一小段,.00,都市：住
RPPNMLOJOHMFFAO98CC,中央段,.00,都市：住
RPSOMLNJOHMFFAO66CC,復興段,.00,都市：住
RPSOMLNJOHMFFAO66CC,復興段,.00,都市：住
RPSOMLNJOHMFFAO66CC,復興段,.00,都市：住
RPXOMLQJOHMFFAO47CC,長春段,.00,都市：住
RPSOMLQJOHMFFAO96CC,新興段,.00,都市：住
RPQNMLNJOHMFFAO98CC,南湖段,.00,非都市：山坡地保育區 ; 非都市編定：丙種建築用地
RPQNMLNJOHMFFAO98CC,南湖段,.00,非都市：山坡地保育區 ; 非都市編定：丙種建築用地
RPQNMLNJOHMFFAO98CC,南湖段,.00,非都市：山坡地保育區 ; 非都市編定：丙種建築用地
RPQNMLNJOHMFFAO98CC,南湖段,.00,非都市：山坡地保育區 ; 非都市編定：丙種建築用地
RPQNMLNJOHMFFAO98CC,南湖段,.00,非都市：山坡地保育區 ; 非都市編定：丙種建築用地
RPOQMLQJOHMFFAO76CC,東光段,16.10,都市：商
RPOQMLQJOHMFFAO76CC,東光段,6.43,都市：商
RPRPMLPJOHMFFAO86CC,關東段,.00,都市：住
RPRPMLPJOHMFFAO86CC,長春段,.00,都市：住
RPVOMLRJOHMFFAO37CC,西門段一小段,.00,都市：商
RPSOMLMKOHMFFAO66CC,竹蓮段,.00,都市：住
RPPPMLRJOHMFFAO86CC,中央段,.00,都市：住
RPUOMLRJOHMFFAO27CC,竹蓮段,.00,都市：商
RPQOMLNKOHMFFAO56CC,新興段一小段,.00,都市：住
RPPOMLNKOHMFFAO09CC,新興段一小段,.00,都市：住
RPRPMLRJOHMFFAO07CC,聚吉段,.00,都市：商
RPRPMLRJOHMFFAO07CC,聚吉段,.00,都市：商
RPXOMLRJOHMFFAO57CC,聚吉段,.00,都市：商
RPXOMLRJOHMFFAO57CC,聚吉段,.00,都市：商
RPOPMLRJOHMFFAO76CC,聚吉段,.00,都市：商
RPQPMLRJOHMFFAO96CC,武陵段,.00,都市：住
RPWNMLNKOHMFFAO07CC,光華段,1.91,都市：住
RPWNMLNKOHMFFAO07CC,光華段,6.29,都市：住
RPWOMLRJOHMFFAO47CC,西門段三小段,.00,都市：住
RPXOMLPKOHMFFAO47CC,長春段,.00,都市：住
RPQOMLQKOHMFFAO86CC,長春段,.00,都市：住
RPSOMLNKOHMFFAO76CC,新興段一小段,.00,都市：住
RPOPMLLLOHMFFAO98CC,光復段,.00,都市：住
RPQOMLKLOHMFFAO98CC,竹蓮段,.00,都市：其他
RPSPMLKLOHMFFAO66CC,光武段,.00,都市：商
RPQOMLTKOHMFFAO17CC,光武段,.00,都市：商
RPXOMLNLOHMFFAO47DC,光復段,56.82,都市：住
RPPOMLKLOHMFFAO88CC,竹蓮段,.00,都市：商
RPUNMLQLOHMFFAO27CC,武陵段,.00,都市：住
RPSNMLTLOHMFFAO37CC,東門段一小段,12.68,都市：商
RPPNMLTLOHMFFAO07CC,民富段,.00,都市：商
RPQQMLNJPHMFFAO76CC,親仁段一小段,.00,都市：住
RPVQMLNJPHMFFAO27CC,榮光段一小段,.47,都市：商
RPWOMLOJPHMFFAO27CC,關東段,.00,都市：商
RPWOMLOJPHMFFAO27CC,關東段,.00,都市：其他
RPQPMLTLOHMFFAO37CC,柴橋段,14.10,都市：其他
RPRQMLNJPHMFFAO86CC,復中段,.00,都市：商
RPRQMLNJPHMFFAO86CC,復中段,.00,都市：商
RPRQMLNJPHMFFAO86CC,復中段,.00,都市：商
RPOOMLOJPHMFFAO09CC,東光段,26.44,都市：商
RPPOMLPJPHMFFAO66CC,北門段,.00,都市：住
RPWNMLPJPHMFFAO27CC,南湖段,.00,非都市：山坡地保育區 ; 非都市編定：丙種建築用地
RPSNMLQJPHMFFAO96CC,關東段,.00,都市：商
RPTNMLQJPHMFFAO07CC,親仁段二小段,.00,都市：住
RPXOMLQJPHMFFAO57CC,南華段,.00,都市：住
RPVOMLQJPHMFFAO37CC,聚吉段,.00,都市：商
RPTOMLQJPHMFFAO17CC,中央段,.00,都市：住
RPOOMLQJPHMFFAO66CC,國道段,.00,都市：商
RPQPMLQJPHMFFAO96CC,東門段三小段,.00,都市：商
RPROMLRJPHMFFAO07CC,國道段,.00,都市：住
RPPPMLQJPHMFFAO86CC,成功段,.00,都市：住
RPRPMLLKPHMFFAO66CC,光復段,.00,都市：工
RPRQMLNKPHMFFAO96CC,唐高段,.00,都市：住
RPRQMLOKPHMFFAO07CC,中雅段,.00,都市：住
RPXOMLRJPHMFFAO67CC,東橋段,.00,都市：住
RPPRMLSKPHMFFAO37CC,樹下段,49.29,非都市：鄉村區 ; 非都市編定：乙種建築用地
RPUQMLSKPHMFFAO77CC,光復段,.00,都市：住
RPORMLSKPHMFFAO27CC,南湖段,.00,非都市：山坡地保育區 ; 非都市編定：丙種建築用地
RPQOMLRJPHMFFAO96CC,東山段一小段,.00,都市：商
RPQOMLRJPHMFFAO96CC,東山段一小段,.00,都市：商
RPRPMLRKPHMFFAO37DC,光復段,.00,都市：住
RPSOMLKLPHMFFAO66CC,東明段,.00,都市：商
RPTOMLKLPHMFFAO76CC,東山段二小段,.00,都市：住
RPTOMLKLPHMFFAO76CC,東山段二小段,.00,都市：住
RPVPMLRKPHMFFAO87EC,中雅段,.00,都市：住
RPVPMLRKPHMFFAO87EC,崙子段,.00,都市：住
RPSRMLSKPHMFFAO67CC,聚吉段,.00,都市：商
RPPNMLLLPHMFFAO98CC,柴橋段,.00,都市：其他
RPQNMLLLPHMFFAO09CC,育賢段,.00,都市：住
RPQNMLTLPHMFFAO27CC,復中段,.00,都市：住
RPSQMLLMPHMFFAO07CC,中華段,.00,都市：住
RPSQMLLMPHMFFAO07CC,中華段,.00,都市：住
