﻿編號,土地區段位置,土地移轉面積平方公尺,使用分區或編定
The serial number,land sector position,land shifting area square meter,the use zoning or compiles and checks
RPQNMLPKNHMFFAV07CA,利家段,4204.00,非都市：特定農業區 ; 非都市編定：農牧用地
RPQNMLLJNHMFFAV56CA,泰安段,227.03,非都市：鄉村區 ; 非都市編定：乙種建築用地
RPPNMLNJNHMFFBV76CA,新港段八邊小段,228.00,非都市：風景區 ; 非都市編定：農牧用地
RPPNMLNJNHMFFBV76CA,新港段八邊小段,471.00,非都市：風景區 ; 非都市編定：農牧用地
RPRNMLLJNHMFFAV66CA,富岡南段,138.93,非都市：鄉村區 ; 非都市編定：乙種建築用地
RPUNMLSJNHMFFAV67CA,上岩灣段,72.67,都市：住
RPSNMLNJNHMFFBV07CA,忠勇段,28.94,都市：住
RPSNMLNJNHMFFBV07CA,忠勇段,49.98,都市：住
RPTNMLNJNHMFFAV07CA,豐年段,6.00,都市：住
RPPNMLPJNHMFFBV96CA,東河段,3038.25,都市：住
RPPNMLPJNHMFFDV17CA,金山段,444.51,非都市：山坡地保育區 ; 非都市編定：丙種建築用地
RPPNMLMJNHMFFDV86CA,北橋段,82.85,都市：住
RPSNMLNJNHMFFAV96CA,利家段,2600.00,非都市：特定農業區 ; 非都市編定：農牧用地
RPPNMLNJNHMFFCV96DA,錦富段,226.86,非都市：鄉村區 ; 非都市編定：乙種建築用地
RPPNMLMLNHMFFBV86CA,北八里段,3976.54,非都市：風景區 ; 非都市編定：農牧用地
RPQNMLMLNHMFFBV96CA,八仙洞段,1232.12,非都市：風景區 ; 非都市編定：農牧用地
RPQNMLOJNHMFFCV07CA,瑞里段,118.50,非都市：特定農業區 ; 非都市編定：甲種建築用地
RPPNMLQLNHMFFAV27DA,東海段,1611.43,都市：農
RPQNMLPJNHMFFBV07CA,北八里段,4000.00,非都市：風景區 ; 非都市編定：農牧用地
RPQNMLPJNHMFFAV96CA,利家段,504.00,非都市：特定農業區 ; 非都市編定：農牧用地
RPQNMLPJNHMFFAV96CA,利家段,504.00,非都市：特定農業區 ; 非都市編定：農牧用地
RPQNMLPJNHMFFAV96CA,利家段,504.00,非都市：特定農業區 ; 非都市編定：農牧用地
RPQNMLPJNHMFFAV96CA,利家段,3528.00,非都市：特定農業區 ; 非都市編定：農牧用地
RPQNMLOJNHMFFAV86CA,新生段,14.89,都市：住
RPPNMLSJNHMFFAV17CA,明峰段,5564.40,非都市：山坡地保育區 ; 非都市編定：農牧用地
RPRNMLPJNHMFFAV07CA,南王段,72.45,都市：住
RPRNMLPJNHMFFAV07CA,南王段,43.22,都市：其他
RPRNMLPJNHMFFAV07CA,南王段,80.83,都市：住
RPRNMLPJNHMFFAV07CA,南王段,654.87,都市：住
RPUNMLNLNHMFFAV37CA,常德段,115.66,都市：住
RPTNMLPJNHMFFAV37DA,馬蘭段,44.54,都市：住
RPTNMLOJNHMFFAV17CA,台東段,3.00,都市：住
RPTNMLOJNHMFFAV17CA,台東段,53.00,都市：住
RPUNMLPJNHMFFAV37CA,東谷段,131.65,都市：住
RPPNMLQLNHMFFDV57DA,泰王段,246.65,都市：住
RPPNMLTJNHMFFBV47DA,新都威段,236.24,非都市：鄉村區 ; 非都市編定：乙種建築用地
RPUNMLTJNHMFFAV87DA,北南王段,214.68,都市：其他
RPSNMLTJNHMFFAV67DA,北南王段,2049.07,都市：其他
RPTNMLTJNHMFFAV77DA,北南王段,4260.91,都市：其他
SPWNMLTJNHMFFAV18DA,北南王段,246.72,非都市：特定農業區 ; 非都市編定：農牧用地
RPVNMLTJNHMFFAV97DA,北南王段,2939.03,都市：其他
SPSNMLTJNHMFFAV77DA,北南王段,1455.65,都市：其他
SPVNMLTJNHMFFAV08DA,北南王段,3235.02,都市：其他
RPWNMLTJNHMFFAV08DA,北南王段,1757.34,都市：其他
RPOOMLRKNHMFFAV17CA,台東段,74.00,都市：住
RPQNMLSJNHMFFAV27CA,豐橋段,471.89,都市：農
RPQNMLSJNHMFFAV27CA,豐橋段,1469.37,都市：農
RPSNMLPJNHMFFAV17CA,中清段,61.23,都市：住
RPSNMLPJNHMFFAV17CA,中清段,61.23,都市：住
RPQNMLKKNHMFFAV56CA,利家段,83.00,非都市：鄉村區 ; 非都市編定：乙種建築用地
RPRNMLTJNHMFFAV57DA,台東段,133.00,都市：住
RPUNMLMKNHMFFAV17CA,後湖段,485.00,非都市：鄉村區 ; 非都市編定：乙種建築用地
RPTNMLMKNHMFFAV07CA,後湖段,366.97,非都市：鄉村區 ; 非都市編定：乙種建築用地
RPPNMLQKNHMFFBV17CA,城仔埔段,508.65,非都市：風景區 ; 非都市編定：農牧用地
RPPNMLQKNHMFFBV17CA,真柄段,7565.00,非都市：風景區 ; 非都市編定：農牧用地
RPPNMLLJOHMFFCV76CA,福原段,241.70,都市：住
RPPNMLLJOHMFFCV76CA,福原段,188.36,都市：住
RPPNMLLJOHMFFCV76CA,福原段,18.04,都市：住
RPPNMLLJOHMFFCV76CA,福原段,25.16,都市：住
RPPNMLLJOHMFFCV76CA,福原段,353.80,都市：住
RPRNMLMKNHMFFAV96DA,自強段,130.00,都市：住
RPQNMLLJOHMFFCV86CA,南山段,73.73,都市：住
RPPNMLRKNHMFFDV57DA,多良段,4647.00,非都市：山坡地保育區 ; 非都市編定：農牧用地
RPPNMLMKNHMFFDV07DA,金富段,43.61,非都市：山坡地保育區 ; 非都市編定：丙種建築用地
RPPNMLSJNHMFFDV47CA,泰王段,65.41,都市：商
RPPNMLSJNHMFFDV47CA,泰王段,9.78,都市：商
RPQNMLLKNHMFFDV96CA,復興段,79.69,都市：住
RPQNMLMKNHMFFAV76CA,中清段,138.72,都市：住
RPSNMLMKNHMFFAV96CA,馬蘭段,109.00,都市：住
RPROMLMKNHMFFAV07DA,龍過脈段,262.00,非都市：山坡地保育區 ; 非都市編定：丙種建築用地
RPPNMLKKNHMFFAV09CA,中心段,93.00,都市：住
RPPNMLMLNHMFFCV96CA,大埔段,360.99,都市：住
RPPOMLRKNHMFFAV27CA,梧州段,90.67,都市：住
RPPNMLOLNHMFFBV07CA,玉港段,1107.57,非都市：風景區 ; 非都市編定：農牧用地
RPRNMLNLNHMFFAV17DA,北南王段,6008.19,都市：其他
RPTNMLNLNHMFFAV37DA,北南王段,4267.93,都市：其他
RPQNMLNLNHMFFBV07CA,南河段,84.39,都市：住
RPQNMLNLNHMFFBV07CA,南河段,76.29,都市：其他
RPQNMLNLNHMFFBV07CA,南河段,712.09,都市：住
RPQNMLNLNHMFFBV07CA,南河段,13.11,都市：住
RPPNMLMKNHMFFBV76CA,南八里段,2648.06,非都市：風景區 ; 非都市編定：農牧用地
RPTNMLLJOHMFFAV96CA,豐聖段,17.61,都市：住
RPTNMLRKNHMFFAV57CA,建國段,222.68,都市：住
RPQNMLLKNHMFFAV66CA,豐航段,143.04,都市：住
RPQNMLLKNHMFFAV66CA,豐航段,137.86,都市：住
RPSNMLNLNHMFFAV17CA,新生段,11.41,都市：住
RPPNMLMKNHMFFAV66CA,利家段,129.00,非都市：鄉村區 ; 非都市編定：乙種建築用地
RPOOMLMKNHMFFAV66CA,新園段,368.00,非都市：鄉村區 ; 非都市編定：乙種建築用地
RPQNMLRKNHMFFAV27CA,利家段,369.00,非都市：特定農業區 ; 非都市編定：甲種建築用地
RPQOMLMKNHMFFAV86CA,馬蘭段,11.54,都市：住
RPPNMLPJOHMFFBV07CA,長濱段,1168.12,非都市：風景區 ; 非都市編定：農牧用地
RPQNMLPJOHMFFBV17CA,中柄段,2515.00,非都市：風景區 ; 非都市編定：農牧用地
RPQNMLPJOHMFFBV17CA,中柄段,304.57,非都市：風景區 ; 非都市編定：農牧用地
RPRNMLLKNHMFFAV76CA,常德段,16.32,都市：住
RPUNMLTKNHMFFAV97DA,台東段,57.00,都市：住
RPQNMLNLNHMFFAV96CA,豐年段,704.87,都市：住
RPQNMLNLNHMFFAV96CA,豐年段,795.45,都市：其他
RPVNMLMKNHMFFAV27CA,中心段,97.00,都市：住
RPXNMLRKNHMFFAV97CA,東海段,14.93,都市：住
RPXNMLRKNHMFFAV97CA,東海段,.96,都市：住
RPRNMLNLNHMFFBV17CA,南八里段,50.58,非都市：鄉村區 ; 非都市編定：乙種建築用地
RPPNMLQKNHMFFDV37CA,泰德段,5509.06,非都市：一般農業區 ; 非都市編定：農牧用地
RPRNMLQKNHMFFBV37CA,寧埔段石寧埔小段,4586.00,非都市：風景區 ; 非都市編定：農牧用地
RPTNMLLKNHMFFAV96CA,台東段,4.39,都市：住
RPWNMLRKNHMFFAV87CA,利家段,2115.00,非都市：特定農業區 ; 非都市編定：農牧用地
RPTNMLTKNHMFFAV77CA,合江段,151.72,非都市：鄉村區 ; 非都市編定：乙種建築用地
RPXNMLNLNHMFFAV67CA,東海段,2084.35,都市：農
RPXNMLNLNHMFFAV67CA,東海段,3077.72,都市：農
RPRNMLTKNHMFFBV77DA,都豐段,175.89,非都市：鄉村區 ; 非都市編定：乙種建築用地
RPSNMLQKNHMFFBV47CA,忠勇段,.71,都市：住
RPRNMLRKNHMFFAV37CA,豐樂段,104.00,都市：住
RPSNMLSKNHMFFAV57CA,建和段,3112.26,非都市：山坡地保育區 ; 非都市編定：農牧用地
RPTNMLSKNHMFFAV67CA,建和段,5011.20,非都市：山坡地保育區 ; 非都市編定：農牧用地
RPRNMLQKNHMFFAV27CA,台東段,15.65,都市：住
RPPNMLRKNHMFFAV27DA,台東段,24.00,都市：商
RPPNMLTKNHMFFCV57CA,豐泉段,119.39,都市：農
RPQNMLQKNHMFFCV37CA,福原段,119.25,都市：商
RPPNMLNLNHMFFAV86CA,豐年段,3146.98,都市：住
RPPNMLNLNHMFFAV86CA,豐年段,716.95,都市：其他
RPRNMLSKNHMFFBV57CA,八桑灣段,497.72,非都市：鄉村區 ; 非都市編定：乙種建築用地
RPPNMLMJOHMFFAV66CA,岩灣段,420.00,都市：住
RPPOMLNLNHMFFAV96CA,建康段,1860.23,非都市：特定農業區 ; 非都市編定：農牧用地
RPPNMLSKNHMFFAV27CA,石壁段,7507.01,非都市：山坡地保育區 ; 非都市編定：農牧用地
RPSNMLTKNHMFFAV67CA,鎮樂段,2665.33,非都市：山坡地保育區 ; 非都市編定：農牧用地
RPSNMLTKNHMFFAV67CA,鎮樂段,2665.33,非都市：山坡地保育區 ; 非都市編定：農牧用地
RPSNMLTKNHMFFAV67CA,鎮樂段,2665.33,非都市：山坡地保育區 ; 非都市編定：農牧用地
RPSNMLTKNHMFFAV67CA,鎮樂段,513.33,非都市：山坡地保育區 ; 非都市編定：農牧用地
RPSNMLTKNHMFFAV67CA,鎮樂段,513.33,非都市：山坡地保育區 ; 非都市編定：農牧用地
RPSNMLTKNHMFFAV67CA,鎮樂段,513.33,非都市：山坡地保育區 ; 非都市編定：農牧用地
RPPNMLMLNHMFFAV76CA,東海段,155.11,都市：住
RPRNMLRJOHMFFAV47DA,利家段,507.00,非都市：山坡地保育區 ; 非都市編定：農牧用地
RPRNMLRJOHMFFAV47DA,利家段,296.00,非都市：山坡地保育區 ; 非都市編定：農牧用地
RPPNMLNLNHMFFBV96CA,小湊段美山小段,370.00,非都市：風景區 ; 非都市編定：農牧用地
RPPNMLNLNHMFFBV96CA,小湊段美山小段,2779.00,非都市：風景區 ; 非都市編定：農牧用地
RPPNMLNLNHMFFBV96CA,小湊段美山小段,310.00,非都市：風景區 ; 非都市編定：農牧用地
RPRNMLMLNHMFFBV07CA,中柄段,2991.54,非都市：風景區 ; 非都市編定：農牧用地
RPRNMLMLNHMFFBV07CA,中柄段,790.19,非都市：風景區 ; 非都市編定：農牧用地
RPPNMLNJOHMFFBV96DA,永福段,2884.24,非都市：風景區 ; 非都市編定：農牧用地
RPPNMLNJOHMFFBV96DA,永福段,3002.16,非都市：風景區 ; 非都市編定：農牧用地
RPVNMLTKNHMFFAV97CA,台東段,93.00,都市：住
RPRNMLTJOHMFFCV77CA,四維段,119.14,非都市：一般農業區 ; 非都市編定：甲種建築用地
RPQNMLSKNHMFFAV47DA,光明段,55.00,都市：住
RPQNMLSKNHMFFBV47CA,新港段八邊小段,2740.00,非都市：風景區 ; 非都市編定：農牧用地
RPRNMLSKNHMFFAV57DA,普優瑪段,109.44,都市：住
RPQNMLPJOHMFFAV17DA,台東段,31.33,都市：住
RPQNMLPJOHMFFAV17DA,台東段,16.00,都市：住
RPQNMLPJOHMFFAV17DA,台東段,5.33,都市：住
RPQNMLPJOHMFFAV17DA,台東段,2.67,都市：住
SPQNMLPLNHMFFAV37DA,北南王段,17.08,都市：其他
RPQNMLPLNHMFFAV27DA,北南王段,70.51,都市：其他
TPWNMLPLNHMFFAV08DA,北南王段,17.08,都市：其他
RPXNMLPLNHMFFAV97DA,北南王段,382.93,都市：其他
SPWNMLPLNHMFFAV97DA,北南王段,191.37,都市：其他
UPWNMLPLNHMFFAV18DA,北南王段,70.51,都市：其他
RPPNMLPLNHMFFAV17DA,北南王段,288.29,都市：其他
RPQOMLPLNHMFFAV37DA,北南王段,214.17,都市：其他
SPQOMLPLNHMFFAV47DA,北南王段,66.97,都市：其他
SPROMLPLNHMFFAV57DA,北南王段,215.39,都市：其他
TPQOMLPLNHMFFAV57DA,北南王段,264.50,都市：其他
TPROMLPLNHMFFAV67DA,北南王段,360.02,都市：其他
UPROMLPLNHMFFAV77DA,北南王段,179.75,都市：其他
TPQNMLPLNHMFFAV47DA,北南王段,191.37,都市：其他
UPQNMLPLNHMFFAV57DA,北南王段,69.97,都市：其他
RPROMLPLNHMFFAV47DA,北南王段,441.53,都市：其他
RPWNMLPLNHMFFAV87DA,北南王段,69.97,都市：其他
VPROMLPLNHMFFAV87DA,北南王段,20.03,都市：其他
RPUOMLPLNHMFFAV77DA,北南王段,461.96,都市：其他
SPVOMLPLNHMFFAV97DA,北南王段,191.37,都市：其他
RPVOMLPLNHMFFAV87DA,北南王段,69.97,都市：其他
TPVOMLPLNHMFFAV08DA,北南王段,17.08,都市：其他
UPVOMLPLNHMFFAV18DA,北南王段,70.51,都市：其他
RPPNMLOLNHMFFCV27DA,鸞山段,5680.00,非都市：山坡地保育區 ; 非都市編定：農牧用地
RPQNMLTJOHMFFCV67CA,里段,98.02,都市：商
RPPNMLPLNHMFFCV27CA,里段,110.26,都市：住
RPPNMLQLNHMFFCV47DA,高台段,269.00,非都市：山坡地保育區 ; 非都市編定：丙種建築用地
RPSNMLOLNHMFFAV27CA,下南寮段,228.54,都市：其他
RPPNMLOLNHMFFAV96CA,康樂段,10684.00,非都市：特定農業區 ; 非都市編定：農牧用地
RPVNMLNLNHMFFBV57CA,玉港段,12675.67,非都市：風景區 ; 非都市編定：農牧用地
RPPNMLTJOHMFFAV37CA,利家段,112.67,非都市：鄉村區 ; 非都市編定：乙種建築用地
RPPNMLTJOHMFFAV37CA,利家段,19.75,非都市：鄉村區 ; 非都市編定：乙種建築用地
RPUNMLNLNHMFFBV47CA,沙泥灣段,4307.15,非都市：風景區 ; 非都市編定：農牧用地
RPQNMLMJOHMFFAV76CA,豐川段,53.62,非都市：特定農業區 ; 非都市編定：水利用地
RPQNMLMJOHMFFAV76CA,豐川段,2727.94,非都市：特定農業區 ; 非都市編定：農牧用地
RPTNMLNLNHMFFBV37CA,忠仁段,116.25,都市：住
RPRNMLLMNHMFFBV07CA,新竹湖段,6909.38,非都市：風景區 ; 非都市編定：農牧用地
RPQNMLLMNHMFFBV96CA,三間段大來小段,1024.00,非都市：風景區 ; 非都市編定：農牧用地
RPVNMLNLNHMFFAV47CA,馬蘭段,178.00,都市：住
RPUPMLPLNHMFFAV77CA,台東段,79.00,都市：住
RPPNMLLJOHMFFDV96DA,嘉新段,1233.50,非都市：山坡地保育區 ; 非都市編定：農牧用地
RPWNMLOLNHMFFAV67CA,豐年段,23.57,都市：住
RPQNMLPLNHMFFCV37CA,鸞山段,741.00,非都市：鄉村區 ; 非都市編定：乙種建築用地
RPQNMLPLNHMFFCV37CA,鸞山段,58.00,非都市：鄉村區 ; 非都市編定：乙種建築用地
RPRNMLPLNHMFFAV37DA,台東段,92.00,都市：商
RPTNMLPLNHMFFAV47CA,台東段,105.00,都市：住
RPTOMLPLNHMFFAV57CA,豐利段,78.58,都市：住
RPTOMLPLNHMFFAV57CA,豐利段,91.48,都市：住
RPSNMLMKOHMFFAV07CA,合江段,60.37,非都市：風景區 ; 非都市編定：農牧用地
RPOOMLPLNHMFFAV17DA,馬蘭段,11.54,都市：住
RPUNMLOLNHMFFAV47CA,新園段,408.00,非都市：特定農業區 ; 非都市編定：甲種建築用地
RPUNMLOLNHMFFAV47CA,新園段,1053.00,非都市：特定農業區 ; 非都市編定：農牧用地
RPVNMLOLNHMFFAV57CA,建成段,86.28,都市：住
RPVNMLOLNHMFFAV57CA,建成段,86.03,都市：住
RPQNMLOLNHMFFAV07CA,馬蘭段,51.94,都市：住
RPUNMLPLNHMFFAV57CA,常德段,14.24,都市：住
RPXNMLQLNHMFFAV97CA,中正段,146.00,都市：住
RPQNMLNKOHMFFBV17DA,黃金橋段,303.22,非都市：鄉村區 ; 非都市編定：乙種建築用地
RPTNMLPJOHMFFAV37CA,永和段,333.20,都市：住
RPTNMLPJOHMFFAV37CA,永和段,565.39,都市：其他
RPTNMLPJOHMFFAV37CA,永和段,448.18,都市：住
RPTNMLPJOHMFFAV37CA,永和段,653.73,都市：住
RPPNMLQKOHMFFAV27DA,新園段,2851.00,非都市：特定農業區 ; 非都市編定：農牧用地
RPPNMLQKOHMFFAV27DA,新園段,3340.00,非都市：特定農業區 ; 非都市編定：農牧用地
RPWOMLPLNHMFFAV87CA,台東段,3.73,都市：住
RPPNMLLMNHMFFAV76CA,台東段,87.00,都市：住
RPPNMLLMNHMFFAV76CA,台東段,45.00,都市：住
RPOPMLPLNHMFFAV17CA,東海段,197.74,都市：住
RPOPMLPLNHMFFAV17CA,東海段,1.82,都市：其他
RPVNMLQLNHMFFAV77CA,中正段,149.00,都市：住
RPWNMLQLNHMFFAV87CA,自強段,22.00,都市：住
RPTNMLNKOHMFFAV27CA,馬蘭段,21.35,都市：住
RPRNMLQLNHMFFAV37CA,下南寮段,88.62,都市：其他
RPRNMLQLNHMFFAV37CA,下南寮段,355.30,都市：農
RPRPMLPLNHMFFAV47CA,利家段,1829.00,非都市：特定農業區 ; 非都市編定：農牧用地
RPRPMLPLNHMFFAV47CA,利家段,6519.00,非都市：特定農業區 ; 非都市編定：農牧用地
RPSPMLPLNHMFFAV57CA,利家段,2068.00,非都市：特定農業區 ; 非都市編定：農牧用地
RPSPMLPLNHMFFAV57CA,利家段,1385.00,非都市：特定農業區 ; 非都市編定：農牧用地
RPUNMLQLNHMFFAV67CA,豐榮段,16.00,都市：住
RPUNMLQLNHMFFAV67CA,豐榮段,57.50,都市：住
RPSNMLTJOHMFFCV87CA,隆昌段,4787.02,非都市：山坡地保育區 ; 非都市編定：農牧用地
RPQNMLQLNHMFFAV27CA,青林段,504.47,都市：農
RPQNMLQLNHMFFAV27CA,青林段,37.01,都市：其他
RPPNMLMJOHMFFBV86DA,高原段,682.00,非都市：森林區 ; 非都市編定：丙種建築用地
RPPNMLSJOHMFFCV47CA,大埔段,98.08,都市：住
RPTNMLQLNHMFFAV57CA,台東段,51.96,都市：住
RPPNMLLMNHMFFBV86CA,東河段,493.44,都市：住
RPPNMLLMNHMFFBV86CA,東河段,680.40,都市：住
RPWNMLMJOHMFFAV37CA,利家段,2175.00,非都市：特定農業區 ; 非都市編定：農牧用地
RPRNMLLJOHMFFAV76CA,中心段,89.00,都市：住
RPVNMLLKPHOFFAV57CA,豐年段,3146.98,都市：住
RPVNMLLKPHOFFAV57CA,豐年段,704.87,都市：住
RPVNMLLKPHOFFAV57CA,豐年段,795.45,都市：其他
RPVNMLLKPHOFFAV57CA,豐年段,716.95,都市：其他
RPSNMLLJOHMFFAV86CA,豐年段,27.73,都市：住
RPUNMLMJOHMFFAV17CA,興安段,185.81,都市：住
RPPNMLLJOHMFFAV56CA,豐川段,1800.00,非都市：特定農業區 ; 非都市編定：農牧用地
RPRNMLPJOHMFFBV27CA,北八里段,2905.31,非都市：風景區 ; 非都市編定：農牧用地
RPRNMLPJOHMFFBV27CA,北八里段,5679.86,非都市：風景區 ; 非都市編定：農牧用地
RPRNMLPJOHMFFBV27CA,北八里段,136.86,非都市：風景區 ; 非都市編定：農牧用地
RPRNMLPJOHMFFBV27CA,北八里段,4223.16,非都市：風景區 ; 非都市編定：農牧用地
RPRNMLPJOHMFFBV27CA,北八里段,2884.32,非都市：風景區 ; 非都市編定：農牧用地
RPRNMLPJOHMFFBV27CA,北八里段,2184.82,非都市：風景區 ; 非都市編定：農牧用地
RPPNMLMJOHMFFCV86CA,月野段,898.00,非都市：特定農業區 ; 非都市編定：農牧用地
RPPNMLMJOHMFFCV86CA,月野段,910.00,非都市：特定農業區 ; 非都市編定：農牧用地
RPPNMLMJOHMFFCV86CA,月野段,910.00,非都市：特定農業區 ; 非都市編定：農牧用地
RPPNMLMJOHMFFCV86CA,月野段,910.00,非都市：特定農業區 ; 非都市編定：農牧用地
RPRNMLLMNHMFFAV96CA,班鳩段,413.11,非都市：山坡地保育區 ; 非都市編定：丙種建築用地
RPQNMLLJOHMFFAV66CA,台東段,93.00,都市：住
RPPNMLTJOHMFFCV57CA,電光段,840.63,非都市：特定農業區 ; 非都市編定：農牧用地
RPPNMLNLOHMFFBV17DA,馬稼海段,240.80,非都市：鄉村區 ; 非都市編定：乙種建築用地
RPTNMLRJOHMFFAV67DA,明峰段,2500.00,非都市：山坡地保育區 ; 非都市編定：農牧用地
RPTNMLRJOHMFFAV67DA,明峰段,3277.68,非都市：山坡地保育區 ; 非都市編定：農牧用地
SPTNMLMJOHMFFAV27DA,北南王段,490.20,都市：其他
RPTNMLMJOHMFFAV17DA,北南王段,.52,都市：其他
RPQNMLPJOHMFFCV37DA,大埔段,101.54,都市：住
TPTNMLMJOHMFFAV37DA,北南王段,155.21,都市：其他
UPTNMLMJOHMFFAV47DA,北南王段,511.57,都市：其他
RPQNMLNJOHMFFAV96DA,北南王段,1444.59,都市：其他
SPQNMLNJOHMFFAV07DA,北南王段,569.12,都市：其他
RPPNMLMKOHMFFAV76CA,自強段,108.00,都市：住
RPSOMLLLOHMFFAV17CA,豐成段,2570.37,非都市：特定農業區 ; 非都市編定：農牧用地
RPSOMLLLOHMFFAV17CA,豐成段,59.53,非都市：特定農業區 ; 非都市編定：農牧用地
RPSOMLLLOHMFFAV17CA,豐成段,16.13,非都市：特定農業區 ; 非都市編定：農牧用地
RPPNMLMKOHMFFCV96CA,大埔段,1481.17,都市：農
RPTNMLNJOHMFFAV27DA,北南王段,38.65,都市：其他
TPQNMLNJOHMFFAV17DA,北南王段,115.46,都市：其他
SPTNMLNJOHMFFAV37DA,北南王段,126.10,都市：其他
RPRNMLNJOHMFFAV07DA,北南王段,1043.53,都市：其他
RPUNMLNJOHMFFAV37DA,北南王段,487.53,都市：其他
RPVNMLNJOHMFFAV47DA,北南王段,3735.33,都市：其他
RPSNMLPJOHMFFAV27CA,梧州段,94.72,都市：住
RPSNMLPJOHMFFAV27CA,梧州段,29.88,都市：住
RPRNMLMJOHMFFAV86CA,馬蘭段,105.00,都市：住
RPVNMLMJOHMFFAV27CA,台東段,93.00,都市：住
RPVNMLMJOHMFFAV27CA,台東段,25.00,都市：住
RPSNMLMJOHMFFAV96CA,豐谷段,56.00,都市：其他
RPSNMLMJOHMFFAV96CA,豐谷段,33.00,都市：住
RPSNMLNJOHMFFAV07CA,東海段,25.08,都市：住
RPSNMLNJOHMFFAV07CA,東海段,1.62,都市：住
RPROMLLLOHMFFAV07CA,豐成段,1750.05,非都市：特定農業區 ; 非都市編定：農牧用地
RPROMLLLOHMFFAV07CA,豐成段,5810.04,非都市：特定農業區 ; 非都市編定：農牧用地
RPROMLLLOHMFFAV07CA,豐成段,562.63,非都市：特定農業區 ; 非都市編定：農牧用地
RPROMLLLOHMFFAV07CA,豐成段,2029.24,非都市：特定農業區 ; 非都市編定：農牧用地
RPROMLLLOHMFFAV07CA,豐成段,2597.03,非都市：特定農業區 ; 非都市編定：農牧用地
RPROMLLLOHMFFAV07CA,豐成段,4071.46,非都市：特定農業區 ; 非都市編定：農牧用地
RPROMLLLOHMFFAV07CA,豐成段,1536.81,非都市：特定農業區 ; 非都市編定：農牧用地
RPROMLLLOHMFFAV07CA,豐成段,1744.25,非都市：特定農業區 ; 非都市編定：農牧用地
RPROMLLLOHMFFAV07CA,豐成段,1472.30,非都市：特定農業區 ; 非都市編定：農牧用地
RPROMLLLOHMFFAV07CA,豐成段,2178.15,非都市：特定農業區 ; 非都市編定：農牧用地
RPQOMLNJOHMFFAV96CA,順天段,86.98,都市：農
RPQOMLNJOHMFFAV96CA,順天段,12.36,都市：其他
RPSNMLQJOHMFFAV37CA,自強段,131.00,都市：住
RPXNMLNJOHMFFAV57CA,中清段,112.01,都市：住
RPOOMLNJOHMFFAV76CA,中清段,127.37,都市：住
RPPOMLNJOHMFFAV86CA,中清段,114.18,都市：住
RPRNMLNKOHMFFAV07CA,中山段,67.00,都市：住
RPWNMLNJOHMFFAV57DA,光明段,2.00,都市：其他
TPWNMLNJOHMFFAV77DA,光明段,18.00,都市：其他
RPQNMLPJOHMFFDV37CA,多良段,3967.00,非都市：風景區 ; 非都市編定：農牧用地
RPQNMLPJOHMFFDV37CA,多良段,6990.00,非都市：風景區 ; 非都市編定：農牧用地
RPQNMLPJOHMFFDV37CA,多良段,487.00,非都市：風景區 ; 非都市編定：農牧用地
RPQNMLPJOHMFFDV37CA,多良段,973.00,非都市：風景區 ; 非都市編定：農牧用地
SPWNMLNJOHMFFAV67DA,光明段,1938.00,都市：其他
RPRNMLPJOHMFFAV27DA,台東段,17.37,都市：住
RPPNMLPJOHMFFCV17CA,里段,93.11,都市：住
RPPNMLTKOHMFFCV77DA,電光段,372.47,非都市：鄉村區 ; 非都市編定：乙種建築用地
RPRNMLPJOHMFFDV47CA,多良段,8260.00,非都市：風景區 ; 非都市編定：農牧用地
RPUNMLQJOHMFFAV57CA,中山段,70.00,都市：住
RPPNMLKLOHMFFDV07DA,正興段,550.62,都市：住
RPRNMLTJOHMFFAV57CA,明峰段,1861.32,非都市：山坡地保育區 ; 非都市編定：林業用地
RPRNMLTJOHMFFAV57CA,明峰段,1869.30,非都市：山坡地保育區 ; 非都市編定：林業用地
RPRNMLTJOHMFFAV57CA,明峰段,1868.97,非都市：山坡地保育區 ; 非都市編定：林業用地
RPRNMLTJOHMFFAV57CA,明峰段,1859.71,非都市：山坡地保育區 ; 非都市編定：林業用地
RPRNMLTJOHMFFAV57CA,明峰段,1873.03,非都市：山坡地保育區 ; 非都市編定：林業用地
RPPNMLQJOHMFFAV17DA,新生段,80.00,都市：農
RPRNMLPJOHMFFCV47DA,中福段,77.48,都市：住
RPRNMLPJOHMFFCV47DA,中福段,10.59,都市：住
RPRNMLPJOHMFFCV47DA,中福段,11.32,都市：住
RPRNMLPJOHMFFCV47DA,中福段,82.99,都市：住
RPRNMLLLOHMFFAV96CA,豐榮段,133.13,都市：住
RPRNMLRJOHMFFDV67CA,西勢湖段,4278.19,非都市：山坡地保育區 ; 非都市編定：農牧用地
RPQNMLRJOHMFFCV57DA,慶福段,86.31,都市：商
RPXNMLMKOHMFFAV57CA,梅園段,4665.50,非都市：山坡地保育區 ; 非都市編定：農牧用地
RPPNMLPLOHMFFCV47DA,武陵段,626.00,非都市：鄉村區 ; 非都市編定：乙種建築用地
RPPNMLNKOHMFFAV86CA,豐川段,53.62,非都市：特定農業區 ; 非都市編定：水利用地
RPPNMLNKOHMFFAV86CA,豐川段,2698.03,非都市：特定農業區 ; 非都市編定：農牧用地
TPPOMLNKOHMFFAV27DA,普優瑪段,174.98,都市：其他
RPROMLNKOHMFFAV27DA,普優瑪段,318.78,都市：其他
RPPOMLNKOHMFFAV07DA,普優瑪段,318.78,都市：其他
TPROMLNKOHMFFAV47DA,普優瑪段,174.98,都市：其他
SPROMLNKOHMFFAV37DA,普優瑪段,347.04,都市：其他
VPROMLNKOHMFFAV67DA,普優瑪段,10.37,都市：其他
UPROMLNKOHMFFAV57DA,普優瑪段,439.33,都市：其他
SPPOMLNKOHMFFAV17DA,普優瑪段,347.04,都市：其他
VPPOMLNKOHMFFAV47DA,普優瑪段,10.37,都市：其他
RPTOMLNKOHMFFAV47DA,中清段,2094.13,都市：其他
RPSOMLNKOHMFFAV37DA,普優瑪段,289.57,都市：其他
SPSOMLNKOHMFFAV47DA,普優瑪段,202.37,都市：其他
RPUOMLNKOHMFFAV57DA,永清段,717.99,都市：其他
UPPOMLNKOHMFFAV37DA,普優瑪段,439.33,都市：其他
SPUOMLNKOHMFFAV67DA,永清段,714.44,都市：其他
UPUOMLNKOHMFFAV87DA,永清段,10.18,都市：其他
VPUOMLNKOHMFFAV97DA,永清段,354.33,都市：其他
XPUOMLNKOHMFFAV18DA,永清段,400.68,都市：其他
TPUOMLNKOHMFFAV77DA,永清段,236.04,都市：其他
WPUOMLNKOHMFFAV08DA,永清段,170.38,都市：其他
YPUOMLNKOHMFFAV28DA,永清段,101.67,都市：其他
ZPUOMLNKOHMFFAV38DA,永清段,358.93,都市：其他
QQUOMLNKOHMFFAV57DA,永清段,653.95,都市：其他
RQUOMLNKOHMFFAV67DA,永清段,225.38,都市：其他
TQUOMLNKOHMFFAV87DA,永清段,59.19,都市：其他
SQUOMLNKOHMFFAV77DA,永清段,38.03,都市：其他
RPRNMLQJOHMFFAV27CA,知本段,2500.00,非都市：特定農業區 ; 非都市編定：農牧用地
RPUNMLPJOHMFFAV47CA,自強段,124.98,都市：住
RPQNMLQJOHMFFDV47CA,森永段,187.00,非都市：山坡地保育區 ; 非都市編定：丙種建築用地
RPSNMLRJOHMFFAV47CA,知本段,1012.00,非都市：特定農業區 ; 非都市編定：農牧用地
RPWNMLMKOHMFFAV47CA,豐聖段,125.59,都市：住
RPRNMLKLOHMFFAV86CA,豐川段,3970.80,非都市：特定農業區 ; 非都市編定：農牧用地
RPTNMLQJOHMFFAV47CA,豐航段,71.86,都市：住
RPPNMLTJOHMFFDV77DA,金富段,373.93,非都市：鄉村區 ; 非都市編定：乙種建築用地
RPVNMLNKOHMFFAV47CA,南榮段,89.39,都市：住
RPPNMLRJOHMFFBV27CA,忠勇段,80.08,都市：住
RPPNMLRJOHMFFAV27DA,常德段,11.38,都市：住
RPPNMLLLOHMFFCV96CA,水井段,162.03,非都市：鄉村區 ; 非都市編定：乙種建築用地
RPPNMLSLOHMFFCV67CA,大原段,251.00,非都市：特定農業區 ; 非都市編定：農牧用地
RPQNMLQLOHMFFCV57CA,豐泉段,119.23,都市：住
RPQNMLQLOHMFFCV57CA,豐泉段,4.85,都市：住
RPPNMLTLOHMFFCV77CA,慶福段,166.45,都市：商
SPQNMLOKOHMFFAV27DA,中清段,444.58,都市：其他
RPQNMLOKOHMFFAV17DA,中清段,39.22,都市：其他
RPPNMLRJOHMFFDV47CA,尚武段,128.77,都市：住
RPVNMLRJOHMFFAV77CA,豐谷段,75.00,都市：住
RPXNMLNKOHMFFAV77DA,中清段,149.61,都市：其他
SPXNMLNKOHMFFAV87DA,中清段,87.30,都市：其他
RPOOMLNKOHMFFAV96DA,中清段,107.38,都市：其他
RPPNMLSJOHMFFAV27CA,建本段,542.95,都市：農
RPWNMLOKOHMFFAV77DA,東海段,26.98,都市：住
RPQNMLLKOHMFFAV76CA,上岩灣段,92.03,都市：住
RPQNMLSJOHMFFAV37CA,豐樂段,86.00,都市：住
RPPNMLLKOHMFFAV66CA,豐川段,4403.56,非都市：特定農業區 ; 非都市編定：農牧用地
RPPNMLLKOHMFFAV66CA,豐川段,678.23,非都市：特定農業區 ; 非都市編定：農牧用地
RPQNMLMKOHMFFCV07CA,大同段,65.31,都市：住
RPQNMLMKOHMFFCV07CA,大同段,27.43,都市：住
RPPNMLOKOHMFFAV07DA,中清段,282.64,都市：其他
TPPNMLOKOHMFFAV27DA,中清段,73.24,都市：其他
RPRNMLLKOHMFFAV86CA,豐樂段,87.00,都市：住
RPRNMLMKOHMFFAV96CA,豐年段,16.64,都市：住
UPPNMLOKOHMFFAV37DA,中清段,110.50,都市：其他
SPPNMLOKOHMFFAV17DA,中清段,68.62,都市：其他
TPRNMLOKOHMFFAV47DA,光明段,104.00,都市：其他
RPPNMLSJOHMFFBV37CA,都豐段,121.83,非都市：鄉村區 ; 非都市編定：乙種建築用地
UPRNMLOKOHMFFAV57DA,光明段,566.00,都市：其他
SPRNMLOKOHMFFAV37DA,光明段,471.00,都市：其他
RPRNMLOKOHMFFAV27DA,光明段,249.00,都市：其他
RPQNMLNJPHMFFCV17CA,海端段,295.00,非都市：鄉村區 ; 非都市編定：乙種建築用地
RPPNMLQKOHMFFBV27CA,三間段大來小段,1016.00,非都市：風景區 ; 非都市編定：農牧用地
RPPNMLQKOHMFFBV27CA,三間段大來小段,1019.00,非都市：風景區 ; 非都市編定：農牧用地
RPVNMLMKOHMFFAV37CA,豐航段,759.20,都市：農
RPVNMLMKOHMFFAV37CA,豐航段,1395.63,都市：農
RPVNMLMKOHMFFAV37CA,豐航段,701.35,都市：農
RPQNMLOJPHMFFBV37EA,高原段,249.00,非都市：森林區 ; 非都市編定：丙種建築用地
RPTNMLOKOHMFFAV47DA,北南王段,462.98,都市：其他
RPUNMLOKOHMFFAV57DA,北南王段,469.47,都市：其他
RPSNMLOKOHMFFAV37DA,光明段,1063.00,都市：其他
RPTNMLMKOHMFFAV17CA,台東段,40.22,都市：住
RPQNMLTJOHMFFAV57DA,利家段,47.00,非都市：鄉村區 ; 非都市編定：乙種建築用地
SPUNMLOKOHMFFAV67DA,北南王段,382.40,都市：其他
TPUNMLOKOHMFFAV77DA,北南王段,189.92,都市：其他
UPUNMLOKOHMFFAV87DA,北南王段,453.53,都市：其他
RPROMLOKOHMFFAV37DA,光明段,280.00,都市：其他
SPROMLOKOHMFFAV47DA,光明段,394.00,都市：其他
RPQOMLOKOHMFFAV27DA,中清段,72.40,都市：其他
RPQNMLMKOHMFFDV27DA,德其段,211.79,都市：住
RPOOMLOKOHMFFAV07DA,北南王段,853.98,都市：其他
RPRNMLPJPHMFFBV47DA,萬年段,2473.00,非都市：風景區 ; 非都市編定：農牧用地
TPPOMLOKOHMFFAV37DA,北南王段,17.08,都市：其他
SPPOMLOKOHMFFAV27DA,北南王段,191.37,都市：其他
UPPOMLOKOHMFFAV47DA,北南王段,70.51,都市：其他
RPPOMLOKOHMFFAV17DA,北南王段,69.97,都市：其他
SPOOMLOKOHMFFAV17DA,北南王段,164.89,都市：其他
RPPNMLQLOHMFFCV47CA,隆昌段,4787.02,非都市：山坡地保育區 ; 非都市編定：農牧用地
RPQNMLNKOHMFFAV96CA,東海段,75.51,都市：住
RPUNMLMKOHMFFAV27CA,台東段,15.37,都市：住
RPVNMLOKOHMFFAV67DA,台東段,71.00,都市：住
RPQNMLQKOHMFFAV37DA,建華段,71.43,都市：住
RPPNMLPKOHMFFDV37CA,壢坵段,2140.00,非都市：山坡地保育區 ; 非都市編定：農牧用地
RPTNMLRKPHMFFAV87DA,台東段,173.00,都市：住
RPPNMLPKOHMFFAV07CA,豐里段,145.40,非都市：特定農業區 ; 非都市編定：農牧用地
RPQOMLNKOHMFFAV07CA,興安段,236.47,都市：住
RPSNMLQKOHMFFAV47CA,豐康段,14.60,都市：住
RPSNMLQKOHMFFAV47CA,豐康段,1.05,都市：住
RPSNMLQKOHMFFAV47CA,豐康段,.32,都市：住
RPSNMLQKOHMFFAV47CA,豐康段,.06,都市：住
SPVNMLTKOHMFFAV28DA,永清段,489.10,都市：其他
RPQOMLQKOHMFFAV37CA,中正段,70.00,都市：住
RPQOMLQKOHMFFAV37CA,中正段,5.00,都市：住
RPTNMLTKOHMFFAV97DA,永清段,29.98,都市：其他
RPWNMLNKOHMFFAV57CA,建業段,40.90,都市：住
RPWNMLNKOHMFFAV57CA,建業段,42.00,都市：住
RPWNMLNKOHMFFAV57CA,建業段,71.00,都市：住
RPWNMLNKOHMFFAV57CA,建業段,52.00,都市：住
RPVNMLTKOHMFFAV18DA,永清段,595.02,都市：其他
RPUNMLTKOHMFFAV08DA,永清段,43.40,都市：其他
RPPNMLNKOHMFFCV17DA,大埔段,608.32,都市：農
RPPNMLTKOHMFFAV47CA,梅園段,2774.53,非都市：山坡地保育區 ; 非都市編定：農牧用地
RPQNMLTKOHMFFAV57CA,梅園段,8313.59,非都市：山坡地保育區 ; 非都市編定：農牧用地
RPQNMLTKOHMFFAV57CA,梅園段,2625.47,非都市：山坡地保育區 ; 非都市編定：農牧用地
RPQNMLPKOHMFFAV17CA,自強段,125.01,都市：住
RPQNMLQKOHMFFBV37CA,三間屋段,3690.02,非都市：風景區 ; 非都市編定：農牧用地
RPRNMLQKOHMFFBV47CA,城仔埔段,119.26,非都市：風景區 ; 非都市編定：農牧用地
RPUNMLQKOHMFFBV87DA,永福段,92.09,非都市：鄉村區 ; 非都市編定：乙種建築用地
RPSNMLQKOHMFFBV57CA,城仔埔段,59.63,非都市：風景區 ; 非都市編定：農牧用地
RPPNMLMLOHMFFCV07CA,福文段,148.92,都市：住
RPXNMLOKOHMFFAV77CA,常德段,82.93,都市：住
RPWNMLQKOHMFFAV87CA,台東段,21.00,都市：商
RPPOMLQKOHMFFAV27CA,台東段,22.00,都市：住
RPOOMLQKOHMFFAV17CA,豐年段,8.00,都市：住
RPXNMLQKOHMFFAV97CA,常德段,14.62,都市：住
RPVNMLQKOHMFFAV77CA,建興段,125.26,都市：住
RPRNMLQKOHMFFAV37CA,下南寮段,566.55,都市：農
RPRNMLMLOHMFFCV27CA,和平段,77.01,非都市：鄉村區 ; 非都市編定：乙種建築用地
RPRNMLMLOHMFFCV27CA,和平段,52.97,非都市：鄉村區 ; 非都市編定：乙種建築用地
RPSOMLOJPHMFFAV37CA,石川段,300.90,非都市：山坡地保育區 ; 非都市編定：丙種建築用地
RPSOMLOJPHMFFAV37CA,石川段,318.43,非都市：山坡地保育區 ; 非都市編定：丙種建築用地
RPROMLOJPHMFFAV27CA,石川段,156.88,非都市：山坡地保育區 ; 非都市編定：丙種建築用地
RPROMLOJPHMFFAV27CA,石川段,155.28,非都市：山坡地保育區 ; 非都市編定：丙種建築用地
RPRNMLTKOHMFFAV67CA,中心段,81.00,都市：住
RPOOMLOJPHMFFAV96CA,台東段,102.00,都市：商
RPPNMLNKPHMFFDV37DA,土段,2040.86,非都市：森林區 ; 非都市編定：農牧用地
RPQNMLMLOHMFFCV17CA,鹿寮段,273.00,非都市：鄉村區 ; 非都市編定：乙種建築用地
RPQNMLMLOHMFFCV17CA,鹿寮段,111.69,非都市：鄉村區 ; 非都市編定：乙種建築用地
RPRNMLNJPHMFFCV27CA,大同段,904.54,都市：住
RPRNMLNJPHMFFCV27CA,大同段,.71,都市：住
RPRNMLNJPHMFFCV27CA,大同段,158.02,都市：住
RPRNMLNJPHMFFCV27CA,大同段,157.31,都市：住
RPRNMLNJPHMFFCV27CA,大同段,165.20,都市：住
RPRNMLNJPHMFFCV27CA,大同段,66.80,都市：住
RPWNMLKLOHMFFAV37CA,新中寮段,59.75,都市：住
RPWNMLKLOHMFFAV37CA,新中寮段,59.75,都市：住
RPWNMLKLOHMFFAV37CA,新中寮段,10.02,都市：其他
RPWNMLKLOHMFFAV37CA,新中寮段,10.02,都市：其他
RPTNMLMLOHMFFAV27CA,台東段,53.00,都市：住
RPTNMLMLOHMFFAV27CA,台東段,60.00,都市：住
RPTNMLMLOHMFFAV27CA,台東段,4.00,都市：住
RPTNMLKLOHMFFAV07CA,台東段,53.60,都市：住
RPQNMLOKPHMFFAV27DA,台東段,38.94,都市：住
RPPNMLQJPHMFFAV17CA,梧州段,72.57,都市：住
RPOOMLTLOHMFFAV67DA,光明段,1816.00,都市：其他
TPOOMLTLOHMFFAV87DA,光明段,2286.00,都市：其他
SPOOMLTLOHMFFAV77DA,光明段,1008.00,都市：其他
RPRNMLMKPHMFFAV07CA,石川段,235.32,非都市：山坡地保育區 ; 非都市編定：丙種建築用地
RPRNMLMKPHMFFAV07CA,石川段,232.92,非都市：山坡地保育區 ; 非都市編定：丙種建築用地
RPRNMLMKPHMFFAV07CA,石川段,78.44,非都市：山坡地保育區 ; 非都市編定：丙種建築用地
RPRNMLMKPHMFFAV07CA,石川段,77.64,非都市：山坡地保育區 ; 非都市編定：丙種建築用地
RPTNMLTLOHMFFAV08DA,光明段,355.00,都市：其他
SPTNMLTLOHMFFAV18DA,光明段,622.00,都市：其他
UPTNMLTLOHMFFAV38DA,光明段,585.00,都市：其他
RPWNMLTLOHMFFAV38DA,光明段,750.00,都市：其他
RPPNMLKLOHMFFAV76DA,福德段,2503.20,非都市：山坡地保育區 ; 非都市編定：農牧用地
RPVNMLTLOHMFFAV28DA,光明段,146.50,都市：其他
TPTNMLTLOHMFFAV28DA,光明段,45.00,都市：其他
RPUNMLOJPHMFFAV47CA,石川段,300.90,非都市：山坡地保育區 ; 非都市編定：丙種建築用地
RPUNMLOJPHMFFAV47CA,石川段,318.43,非都市：山坡地保育區 ; 非都市編定：丙種建築用地
RPPOMLTLOHMFFAV77DA,北南王段,43.34,都市：其他
RPSNMLKLOHMFFAV07DA,台東段,84.50,都市：商
SPWNMLTLOHMFFAV48DA,光明段,69.00,都市：其他
SPQOMLTLOHMFFAV97DA,北南王段,43.45,都市：其他
RPQOMLTLOHMFFAV87DA,北南王段,449.79,都市：其他
SPPOMLTLOHMFFAV87DA,北南王段,34.53,都市：其他
RPROMLTLOHMFFAV97DA,北南王段,283.43,都市：其他
RPXNMLTLOHMFFAV48DA,光明段,146.50,都市：其他
TPQOMLTLOHMFFAV08DA,北南王段,637.85,都市：其他
TPPOMLTLOHMFFAV97DA,北南王段,17.61,都市：其他
RPSOMLTLOHMFFAV08DA,北南王段,903.80,都市：其他
SPTOMLTLOHMFFAV28DA,北南王段,191.37,都市：其他
RPOPMLTLOHMFFAV77DA,北南王段,449.14,都市：其他
RPTOMLTLOHMFFAV18DA,北南王段,69.97,都市：其他
RPWOMLTLOHMFFAV48DA,北南王段,610.24,都市：其他
TPOPMLTLOHMFFAV97DA,北南王段,114.43,都市：其他
SPOPMLTLOHMFFAV87DA,北南王段,452.31,都市：其他
TPTOMLTLOHMFFAV38DA,北南王段,17.08,都市：其他
UPTOMLTLOHMFFAV48DA,北南王段,70.51,都市：其他
RPQOMLMKPHMFFAV17DA,北南王段,316.74,都市：其他
TPQOMLMKPHMFFAV37DA,北南王段,372.19,都市：其他
SPQOMLMKPHMFFAV27DA,北南王段,93.34,都市：其他
RPQNMLLLOHMFFCV17DA,慶福段,171.58,都市：住
RPVNMLMLOHMFFAV47CA,自強段,117.55,都市：住
RPUNMLLLOHMFFAV27CA,富岡段,6345.93,非都市：風景區 ; 非都市編定：農牧用地
RPUNMLLLOHMFFAV27CA,富岡段,7752.28,非都市：風景區 ; 非都市編定：農牧用地
RPSNMLNLOHMFFAV27CA,普優瑪段,106.32,都市：住
RPWNMLMLOHMFFAV57CA,路頂段,1110.64,非都市：特定農業區 ; 非都市編定：農牧用地
RPRNMLLLOHMFFCV27DA,豐泉段,63.62,都市：住
RPSNMLLLOHMFFAV07CA,馬蘭段,43.08,都市：住
RPPNMLMLOHMFFAV86CA,豐康段,115.29,都市：住
RPPNMLPLOHMFFAV17CA,建成段,161.72,都市：住
RPQNMLLLOHMFFDV27DA,復興段,75.79,都市：住
RPPNMLTLOHMFFDV97DA,安朔段,860.00,非都市：山坡地保育區 ; 非都市編定：農牧用地
RPQOMLMLOHMFFAV07CA,利家段,53.92,非都市：鄉村區 ; 非都市編定：乙種建築用地
RPQOMLMLOHMFFAV07CA,利家段,53.12,非都市：鄉村區 ; 非都市編定：乙種建築用地
RPQOMLMLOHMFFAV07CA,利家段,9.45,非都市：鄉村區 ; 非都市編定：乙種建築用地
RPQOMLMLOHMFFAV07CA,利家段,9.31,非都市：鄉村區 ; 非都市編定：乙種建築用地
RPQNMLNLOHMFFAV07CA,中正段,96.00,都市：工
RPQNMLNLOHMFFAV07CA,中正段,419.00,都市：住
RPPNMLNLOHMFFAV96CA,中心段,95.00,都市：住
RPROMLMLOHMFFAV17CA,新生段,13.15,都市：住
RPPNMLRLOHMFFAV37CA,建康段,9.26,都市：其他
RPUNMLMLOHMFFAV37CA,東海段,22.69,都市：住
RPUNMLMLOHMFFAV37CA,東海段,1.46,都市：住
RPPOMLMLOHMFFAV96CA,利家段,20.52,非都市：鄉村區 ; 非都市編定：乙種建築用地
RPRNMLNLOHMFFAV17CA,岩灣段,121.18,都市：住
RPPNMLMKPHMFFAV86CA,台東段,51.00,都市：住
RPPNMLNLOHMFFDV27CA,金崙段,850.00,非都市：山坡地保育區 ; 非都市編定：農牧用地
RPQNMLPJPHMFFBV27CA,萬年段,1300.00,非都市：風景區 ; 非都市編定：農牧用地
RPPNMLPLOHMFFDV47CA,北橋段,99.88,都市：住
RPSNMLMLOHMFFCV47DA,海端段,12.00,非都市：鄉村區 ; 非都市編定：乙種建築用地
RPSNMLMLOHMFFCV47DA,海端段,265.00,非都市：鄉村區 ; 非都市編定：乙種建築用地
RPRNMLQJPHMFFBV57DA,大俱來段,2300.01,非都市：風景區 ; 非都市編定：農牧用地
RPQNMLQJPHMFFBV47DA,大俱來段,1706.51,非都市：風景區 ; 非都市編定：農牧用地
RPQNMLRLOHMFFCV77DA,鹿野段,169.00,非都市：鄉村區 ; 非都市編定：乙種建築用地
RPRNMLQLOHMFFCV67CA,慶福段,124.20,都市：住
RPSNMLRLOHMFFAV77DA,新中寮段,1129.62,都市：農
RPSNMLRLOHMFFAV77DA,新中寮段,903.69,都市：農
RPXOMLTLOHMFFAV48CA,中清段,142.03,都市：住
RPXOMLTLOHMFFAV48CA,中清段,27.88,都市：其他
RPPPMLTLOHMFFAV87DA,光明段,3023.00,都市：其他
RPQNMLSLOHMFFAV57CA,順天段,31.29,都市：住
RPPNMLSLOHMFFAV47CA,順天段,47.75,都市：住
RPXNMLQLOHMFFAV08CA,順天段,259.69,都市：住
RPXNMLQLOHMFFAV08CA,順天段,45.33,都市：住
RPPNMLQLOHMFFAV37DA,班鳩段,167.66,非都市： ; 非都市編定：
RPWNMLQLOHMFFAV97CA,富岡南段,185.19,非都市：鄉村區 ; 非都市編定：乙種建築用地
RPUNMLQLOHMFFAV77CA,豐康段,128.73,都市：住
RPUNMLQLOHMFFAV77CA,豐康段,.32,都市：住
RPPNMLRLOHMFFCV57CA,錦富段,813.37,非都市：特定農業區 ; 非都市編定：農牧用地
RPPNMLRLOHMFFCV57CA,錦富段,3224.64,非都市：特定農業區 ; 非都市編定：農牧用地
RPPNMLRLOHMFFCV57CA,錦富段,680.56,非都市：特定農業區 ; 非都市編定：農牧用地
RPUOMLTLOHMFFAV18CA,中清段,387.65,都市：住
RPUOMLTLOHMFFAV18CA,中清段,6.47,都市：其他
RPPNMLSLOHMFFBV57CA,萬年段,1137.00,非都市：風景區 ; 非都市編定：農牧用地
RPRNMLSLOHMFFAV67CA,豐谷段,41.08,都市：住
RPTNMLRLOHMFFAV77CA,豐康段,102.52,都市：住
RPTNMLRLOHMFFAV77CA,豐康段,14.60,都市：住
RPQNMLSLOHMFFBV67CA,黃金橋段,3401.20,非都市：風景區 ; 非都市編定：農牧用地
RPPNMLMJPHMFFCV96CA,加拿段,10032.00,非都市：山坡地保育區 ; 非都市編定：農牧用地
RPQNMLQLOHMFFAV37CA,豐康段,114.52,都市：住
RPQNMLQLOHMFFAV37CA,豐康段,1.05,都市：住
RPSNMLQLOHMFFAV57CA,豐康段,125.23,都市：住
RPSNMLQLOHMFFAV57CA,豐康段,.06,都市：住
RPTNMLSLOHMFFAV87CA,台東段,81.00,都市：住
RPQNMLNKPHMFFCV27CA,慶福段,3536.97,都市：農
RPRNMLNKPHMFFCV37CA,永安段,1143.00,非都市：特定農業區 ; 非都市編定：農牧用地
RPRNMLNKPHMFFCV37CA,永安段,1137.00,非都市：特定農業區 ; 非都市編定：農牧用地
RPQPMLTLOHMFFAV97DA,北南王段,10.96,都市：其他
SPQPMLTLOHMFFAV08DA,北南王段,81.19,都市：其他
SPSNMLTLOHMFFAV08DA,北南王段,69.05,都市：其他
TPSNMLTLOHMFFAV18DA,北南王段,35.21,都市：其他
RPSNMLTLOHMFFAV97DA,北南王段,86.67,都市：其他
RPVNMLSLOHMFFAV08CA,石壁段,2502.34,非都市：山坡地保育區 ; 非都市編定：農牧用地
RPVNMLSLOHMFFAV08CA,石壁段,2502.34,非都市：山坡地保育區 ; 非都市編定：農牧用地
RPVNMLSLOHMFFAV08CA,石壁段,2502.34,非都市：山坡地保育區 ; 非都市編定：農牧用地
RPTNMLNJPHMFFAV37DA,利家段,1980.00,非都市：特定農業區 ; 非都市編定：農牧用地
RPUNMLTLOHMFFAV08CA,台東段,122.00,都市：住
RPUNMLTLOHMFFAV08CA,台東段,187.00,都市：住
RPVNMLRLOHMFFAV97CA,新園段,1691.00,非都市：特定農業區 ; 非都市編定：農牧用地
RPVNMLRLOHMFFAV97CA,新園段,2707.00,非都市：特定農業區 ; 非都市編定：農牧用地
RPXNMLOJPHMFFAV77CA,豐年段,111.75,都市：住
RPXNMLRLOHMFFAV18CA,豐工段,1114.90,都市：工
RPXNMLRLOHMFFAV18CA,豐工段,8.22,都市：其他
RPXNMLRLOHMFFAV18CA,豐工段,8.22,都市：其他
RPXNMLRLOHMFFAV18CA,豐工段,1114.90,都市：工
RPUNMLSLOHMFFAV97CA,旭川段,102.53,非都市：鄉村區 ; 非都市編定：乙種建築用地
RPRNMLPJPHMFFAV27CA,常德段,594.43,都市：住
RPRNMLPJPHMFFAV27CA,常德段,39.00,都市：住
RPXNMLMKPHMFFAV67CA,永和段,1645.76,都市：住
RPXNMLMKPHMFFAV67CA,永和段,1984.24,都市：住
RPXNMLMKPHMFFAV67CA,永和段,1246.85,都市：住
RPXNMLMKPHMFFAV67CA,永和段,2124.39,都市：住
RPPNMLKMOHMFFCV07DA,大原段,163.00,非都市：特定農業區 ; 非都市編定：甲種建築用地
RPPNMLTLOHMFFBV67CA,新竹湖段,3976.21,非都市：風景區 ; 非都市編定：農牧用地
RPTNMLMKPHMFFAV27CA,馬蘭段,110.00,都市：住
RPQNMLRLOHMFFAV47CA,中心段,104.00,都市：住
RPUNMLMKPHMFFAV37CA,台東段,51.66,都市：住
RPPNMLKMOHMFFAV76CA,普優瑪段,214.15,都市：住
RPQNMLKMOHMFFAV86CA,普優瑪段,200.29,都市：住
RPPNMLLKPHMFFCV07DA,里段,3050.16,都市：農
RPSNMLOKPHMFFAV37CA,路頂段,456.44,非都市：特定農業區 ; 非都市編定：農牧用地
RPSNMLOKPHMFFAV37CA,路頂段,4755.64,非都市：特定農業區 ; 非都市編定：農牧用地
RPTOMLOJPHMFFAV47CA,豐成段,124.20,非都市：特定農業區 ; 非都市編定：甲種建築用地
RPSNMLLLPHMFFBV37DA,中濱段掃別小段,116.00,非都市：風景區 ; 非都市編定：丙種建築用地
RPQNMLNJPHMFFAV07DA,台東段,7.00,都市：住
RPQNMLNJPHMFFAV07DA,台東段,146.00,都市：住
RPPNMLLLPHMFFAV96DA,永清段,5.42,都市：住
RPPNMLLLPHMFFAV96DA,永清段,84.06,都市：住
RPPNMLKMOHMFFDV07CA,荒野段,5009.58,非都市：一般農業區 ; 非都市編定：農牧用地
RPSNMLKMOHMFFAV07CA,豐利段,21.28,都市：住
RPSNMLKMOHMFFAV07CA,豐利段,21.28,都市：住
RPRPMLTLOHMFFAV97CA,豐年段,136.17,都市：住
RPTNMLKMOHMFFAV17CA,台東段,68.00,都市：住
RPRNMLTLOHMFFAV77CA,知本段,3960.00,非都市：特定農業區 ; 非都市編定：農牧用地
RPQNMLKMOHMFFDV17CA,北橋段,94.67,都市：商
RPQNMLKMOHMFFDV17CA,北橋段,5.65,都市：商
RPQNMLKMOHMFFDV17CA,北橋段,12.74,都市：其他
RPRNMLRJPHMFFBV57CA,八仙洞段,68.14,非都市：風景區 ; 非都市編定：農牧用地
RPRNMLRJPHMFFBV57CA,八仙洞段,14.25,非都市：風景區 ; 非都市編定：交通用地
RPRNMLRJPHMFFBV57CA,八仙洞段,470.06,非都市：鄉村區 ; 非都市編定：乙種建築用地
RPRNMLKMOHMFFAV96CA,知本段,2572.00,非都市：特定農業區 ; 非都市編定：農牧用地
RPUNMLNJPHMFFAV37CA,大豐段,234.74,非都市：特定農業區 ; 非都市編定：甲種建築用地
RPPNMLSLPHMFFBV77DA,新港段八邊小段,140.00,非都市：風景區 ; 非都市編定：丙種建築用地
RPPNMLKKPHMFFBV86DA,坪頂段,623.15,非都市：鄉村區 ; 非都市編定：乙種建築用地
RPPNMLNJPHMFFAV86CA,新園段,408.00,非都市：特定農業區 ; 非都市編定：甲種建築用地
RPPNMLNJPHMFFAV86CA,新園段,1053.00,非都市：特定農業區 ; 非都市編定：農牧用地
RPSNMLNJPHMFFAV17CA,永樂段,410.00,都市：工
RPSNMLNJPHMFFAV17CA,永樂段,38.00,都市：工
RPSNMLNJPHMFFAV17CA,永樂段,101.00,都市：工
RPSNMLNJPHMFFAV17CA,永樂段,242.00,都市：工
RPSNMLNJPHMFFAV17CA,永樂段,54.00,都市：工
RPSNMLNJPHMFFAV17CA,永樂段,51.00,都市：工
RPSNMLNJPHMFFAV17CA,永樂段,114.00,都市：工
RPSNMLNJPHMFFAV17CA,永樂段,113.00,都市：工
RPSNMLNJPHMFFAV17CA,永樂段,18.00,都市：工
RPVNMLNJPHMFFAV47CA,永清段,142.79,都市：住
RPRNMLNJPHMFFAV07CA,豐康段,121.31,都市：住
RPTNMLQJPHMFFAV67DA,中清段,80.56,都市：其他
RPQNMLQJPHMFFAV27CA,豐聖段,3684.72,都市：農
TPTNMLQJPHMFFAV87DA,普優瑪段,183.48,都市：其他
SPTNMLQJPHMFFAV77DA,普優瑪段,355.60,都市：其他
RPRNMLQJPHMFFAV37CA,中山段,109.00,都市：住
RPVNMLMKPHMFFAV47CA,豐谷段,103.00,都市：住
RPSNMLNJPHMFFCV37CA,隆盛段,1879.71,都市：農
RPSNMLNJPHMFFCV37CA,隆盛段,799.23,非都市：特定農業區 ; 非都市編定：農牧用地
RPPNMLNKPHMFFCV17CA,福文段,1177.80,都市：住
SPVNMLQJPHMFFAV97DA,中清段,95.92,都市：其他
VPTNMLQJPHMFFAV08DA,普優瑪段,1215.62,都市：其他
RPSNMLOJPHMFFAV27CA,東海段,25.08,都市：住
RPVNMLQJPHMFFAV87DA,中清段,6.02,都市：其他
RPSNMLOJPHMFFAV27CA,東海段,1.62,都市：住
TPVNMLQJPHMFFAV08DA,中清段,17.17,都市：其他
WPTNMLQJPHMFFAV18DA,普優瑪段,56.46,都市：其他
UPTNMLQJPHMFFAV97DA,普優瑪段,1.68,都市：其他
RPQNMLNJPHMFFBV07CA,坪頂段,2935.55,非都市：風景區 ; 非都市編定：農牧用地
RPVNMLLJQHMFFAV47DA,中清段,80.56,都市：其他
SPVNMLLJQHMFFAV57DA,普優瑪段,355.60,都市：其他
TPVNMLLJQHMFFAV67DA,普優瑪段,183.48,都市：其他
UPVNMLLJQHMFFAV77DA,普優瑪段,1.68,都市：其他
WPVNMLLJQHMFFAV97DA,普優瑪段,56.46,都市：其他
RPWNMLLJQHMFFAV57DA,普優瑪段,10.84,都市：其他
SPXNMLLJQHMFFAV77DA,普優瑪段,185.51,都市：其他
VPVNMLLJQHMFFAV87DA,普優瑪段,1215.62,都市：其他
RPXNMLLJQHMFFAV67DA,普優瑪段,39.68,都市：其他
RPWNMLOJPHMFFAV67CA,利家段,8947.00,非都市：山坡地保育區 ; 非都市編定：農牧用地
RPWNMLOJPHMFFAV67CA,利泰段,1909.01,非都市：一般農業區 ; 非都市編定：農牧用地
RPWNMLOJPHMFFAV67CA,利泰段,4044.76,非都市：山坡地保育區 ; 非都市編定：農牧用地
RPPNMLOJPHMFFDV37DA,秀山段,10.39,都市：住
RPPNMLOJPHMFFDV37DA,秀山段,.00,都市：住
RPQNMLKMOHMFFCV17DA,新源段,1087.14,非都市：一般農業區 ; 非都市編定：農牧用地
RPQNMLKMOHMFFCV17DA,新源段,79.56,非都市：一般農業區 ; 非都市編定：農牧用地
RPVNMLOJPHMFFAV57CA,中正段,122.00,都市：住
RPTNMLOJPHMFFAV37CA,常德段,87.75,都市：住
RPPNMLMKPHMFFCV07CA,慶福段,125.44,都市：住
RPPNMLMKPHMFFCV07CA,慶福段,8.37,都市：住
RPRNMLOKPHMFFAV27CA,豐里段,799.59,非都市：特定農業區 ; 非都市編定：農牧用地
RPPNMLPJPHMFFAV07CA,豐源段,676.20,非都市：特定農業區 ; 非都市編定：農牧用地
RPPNMLPJPHMFFAV07CA,豐源段,1104.50,非都市：特定農業區 ; 非都市編定：農牧用地
RPSNMLPJPHMFFAV37CA,台東段,61.00,都市：住
RPRNMLOJPHMFFAV17CA,常德段,283.62,都市：商
RPPNMLPJPHMFFCV37DA,新興段,982.34,非都市：特定農業區 ; 非都市編定：農牧用地
RPPNMLPJPHMFFCV37DA,新興段,108.74,非都市：特定農業區 ; 非都市編定：農牧用地
RPPNMLPJPHMFFCV37DA,新興段,468.84,非都市：特定農業區 ; 非都市編定：農牧用地
RPPNMLPJPHMFFCV37DA,新興段,514.14,非都市：特定農業區 ; 非都市編定：農牧用地
RPPNMLPJPHMFFCV37DA,新興段,1335.53,非都市：特定農業區 ; 非都市編定：農牧用地
RPOOMLQJPHMFFAV17CA,東海段,14.93,都市：住
RPOOMLQJPHMFFAV17CA,東海段,.96,都市：住
RPQNMLKLPHMFFAV86CA,豐榮段,36.27,都市：住
RPPNMLQJPHMFFCV47DA,中華東段,1271.27,非都市：特定農業區 ; 非都市編定：農牧用地
RPXNMLPJPHMFFAV87CA,台東段,34.00,都市：住
RPQNMLQJPHMFFCV57DA,中華東段,2424.95,非都市：特定農業區 ; 非都市編定：農牧用地
RPPNMLPJPHMFFBV27DA,小馬東段,1514.73,非都市：風景區 ; 非都市編定：農牧用地
RPPNMLRJPHMFFBV47DA,都豐段,1519.43,非都市：風景區 ; 非都市編定：農牧用地
RPQNMLOJPHMFFAV07CA,豐里段,106.18,非都市：鄉村區 ; 非都市編定：乙種建築用地
RPPNMLOJPHMFFAV96CA,豐谷段,96.00,都市：住
RPUNMLPJPHMFFAV57CA,順天段,1561.22,都市：住
RPXNMLQJPHMFFAV97CA,康樂段,963.00,非都市：特定農業區 ; 非都市編定：農牧用地
RPSNMLQJPHMFFAV47CA,豐年段,5.00,都市：住
RPSNMLLKPHMFFAV07CA,建康段,8.97,都市：住
RPSNMLLKPHMFFAV07CA,建康段,65.49,都市：住
RPUNMLMJQHMFFAV47DA,北南王段,1400.33,都市：其他
RPVNMLMJQHMFFAV57DA,北南王段,10.92,都市：其他
RPXNMLMJQHMFFAV77DA,北南王段,43.34,都市：其他
TPXNMLMJQHMFFAV97DA,北南王段,17.61,都市：其他
RPWNMLMJQHMFFAV67DA,北南王段,1330.24,都市：其他
RPRNMLLKPHMFFAV96CA,台東段,1946.00,都市：其他
SPXNMLMJQHMFFAV87DA,北南王段,34.53,都市：其他
RPOOMLMJQHMFFAV96DA,北南王段,43.34,都市：其他
TPOOMLMJQHMFFAV17DA,北南王段,17.61,都市：其他
SPOOMLMJQHMFFAV07DA,北南王段,34.53,都市：其他
RPPNMLTJPHMFFBV57CA,黃金橋段,127.98,非都市：風景區 ; 非都市編定：農牧用地
RPSNMLRJPHMFFBV67CA,濱海段,32.39,都市：住
RPPNMLOLPHMFFBV27CA,萬年段,17.64,非都市：鄉村區 ; 非都市編定：乙種建築用地
RPPNMLOLPHMFFBV27CA,萬年段,108.36,非都市：鄉村區 ; 非都市編定：乙種建築用地
RPPNMLOLPHMFFBV27CA,萬年段,18.76,非都市：鄉村區 ; 非都市編定：乙種建築用地
RPPNMLOLPHMFFBV27CA,萬年段,115.24,非都市：鄉村區 ; 非都市編定：乙種建築用地
RPPNMLRJPHMFFAV37DA,中正段,105.00,都市：住
RPRNMLMJQHMFFAV07CA,北南王段,458.50,都市：住
RPTNMLMJQHMFFAV27CA,北南王段,458.50,都市：住
RPPNMLLKPHMFFDV07CA,大溪段,397.73,非都市：鄉村區 ; 非都市編定：乙種建築用地
RPSNMLMJQHMFFAV17CA,北南王段,458.50,都市：住
RPQNMLRJPHMFFAV37CA,利家段,51.50,非都市：鄉村區 ; 非都市編定：乙種建築用地
RPQNMLRJPHMFFAV37CA,利家段,51.50,非都市：鄉村區 ; 非都市編定：乙種建築用地
RPPNMLLKPHMFFAV76CA,台東段,75.00,都市：住
RPTNMLLJQHMFFDV47CA,金崙段,750.00,非都市：山坡地保育區 ; 非都市編定：農牧用地
RPTNMLLJQHMFFDV47CA,金崙段,2250.00,非都市：山坡地保育區 ; 非都市編定：農牧用地
RPSOMLMKPHMFFAV37DA,中清段,202.07,都市：其他
RPPOMLMJQHMFFAV07DA,北南王段,43.34,都市：其他
TPPOMLMJQHMFFAV27DA,北南王段,17.61,都市：其他
SPPOMLMJQHMFFAV17DA,北南王段,34.53,都市：其他
RPQNMLLKPHMFFAV96DA,班鳩段,458.74,非都市：一般農業區 ; 非都市編定：交通用地
RPQNMLLKPHMFFAV96DA,班鳩段,337.61,非都市：一般農業區 ; 非都市編定：農牧用地
RPQNMLLKPHMFFAV96DA,班鳩段,88.66,非都市：一般農業區 ; 非都市編定：交通用地
RPQNMLLKPHMFFAV96DA,班鳩段,45.66,非都市：一般農業區 ; 非都市編定：交通用地
RPQNMLLKPHMFFAV96DA,班鳩段,4863.62,非都市：一般農業區 ; 非都市編定：農牧用地
RPQNMLLKPHMFFAV96DA,班鳩段,3105.10,非都市：一般農業區 ; 非都市編定：農牧用地
RPQNMLKKPHMFFBV86CA,忠仁段,50.29,都市：商
RPUOMLLJQHMFFAV47DA,建成段,91.73,都市：住
RPPNMLKKPHMFFAV66CA,富岡南段,139.15,非都市：鄉村區 ; 非都市編定：乙種建築用地
RPPNMLQLPHMFFAV37CA,台東段,15.75,都市：住
RPWOMLLJQHMFFAV67DA,新生段,5.00,都市：住
SPSOMLMKPHMFFAV47DA,中清段,227.91,都市：其他
RPPNMLPKPHMFFBV27CA,高台段,1.03,非都市：鄉村區 ; 非都市編定：乙種建築用地
RPRNMLMKPHMFFAV17DA,豐成段,2613.92,非都市：特定農業區 ; 非都市編定：農牧用地
RPRNMLMKPHMFFAV17DA,豐成段,2342.05,非都市：特定農業區 ; 非都市編定：農牧用地
RPRNMLOLPHMFFBV47CA,八桑灣段,38.46,非都市：鄉村區 ; 非都市編定：乙種建築用地
RPQNMLSKPHMFFAV57CA,美濃段,15825.57,非都市：山坡地保育區 ; 非都市編定：農牧用地
RPQNMLSKPHMFFAV57CA,美濃段,1326.72,非都市：山坡地保育區 ; 非都市編定：農牧用地
RPROMLMJQHMFFAV27DA,北南王段,43.34,都市：其他
TPROMLMJQHMFFAV47DA,北南王段,17.61,都市：其他
SPROMLMJQHMFFAV37DA,北南王段,34.53,都市：其他
RPXNMLLKPHMFFAV57CA,豐榮段,66.00,都市：住
RPSNMLNKPHMFFAV27CA,自強段,54.03,都市：住
RPRNMLNKPHMFFDV47CA,北橋段,23.03,都市：住
RPRNMLNKPHMFFDV47CA,北橋段,23.03,都市：住
RPRNMLNKPHMFFDV47CA,北橋段,23.03,都市：住
RPQOMLSKPHMFFAV67CA,東海段,16.12,都市：住
RPQOMLSKPHMFFAV67CA,東海段,1.04,都市：其他
RPPOMLLKPHMFFAV86CA,豐年段,457.98,都市：其他
RPPOMLLKPHMFFAV86CA,豐年段,634.94,都市：其他
RPSNMLPLPHMFFAV57CA,岩灣段,158.80,都市：住
RPPOMLMKPHMFFAV96CA,中清段,169.67,都市：住
RPOOMLLKPHMFFAV76CA,建樂段,14.31,都市：住
RPQNMLNKPHMFFDV37CA,介達段,1900.00,非都市：山坡地保育區 ; 非都市編定：農牧用地
RPQNMLNKPHMFFDV37CA,介達段,1900.00,非都市：山坡地保育區 ; 非都市編定：農牧用地
RPTNMLLKPHMFFAV27DA,豐康段,104.52,都市：農
RPUNMLSKPHMFFAV97CA,常德段,16.99,都市：住
RPPNMLKLPHMFFCV96CA,福原段,23.68,都市：住
RPSNMLNKPHMFFDV67DA,嘉新段,9.99,非都市：鄉村區 ; 非都市編定：乙種建築用地
RPRNMLSKPHMFFAV67CA,旭川段,3000.00,非都市：特定農業區 ; 非都市編定：農牧用地
RPPNMLPLPHMFFBV47DA,三民段,85.58,都市：住
RPUNMLNKPHMFFCV77DA,中華東段,2505.90,非都市：山坡地保育區 ; 非都市編定：農牧用地
RPUNMLNKPHMFFCV77DA,中華東段,2505.59,非都市：山坡地保育區 ; 非都市編定：農牧用地
RPPNMLOKPHMFFAV07CA,利吉段,3765.72,非都市：山坡地保育區 ; 非都市編定：農牧用地
RPTNMLNKPHMFFCV67DA,中華東段,2505.07,非都市：山坡地保育區 ; 非都市編定：農牧用地
RPSNMLNKPHMFFCV57DA,中華東段,2910.42,非都市：山坡地保育區 ; 非都市編定：農牧用地
RPPNMLLJQHMFFCV96CA,鹿寮段,388.82,非都市：鄉村區 ; 非都市編定：乙種建築用地
RPPNMLQLPHMFFCV57CA,福原段,15.95,都市：住
RPPNMLQLPHMFFCV57CA,福原段,39.31,都市：住
RPPNMLQLPHMFFCV57CA,福原段,10.00,都市：住
RPPNMLQLPHMFFCV57CA,福原段,14.03,都市：農
RPPNMLQLPHMFFCV57CA,福原段,38.66,都市：住
RPPNMLQLPHMFFCV57CA,福原段,18.12,都市：住
RPPNMLQLPHMFFCV57CA,福原段,41.05,都市：住
RPPNMLQLPHMFFCV57CA,福原段,17.47,都市：住
RPPNMLQLPHMFFCV57CA,福原段,2.24,都市：住
RPPNMLQLPHMFFCV57CA,福原段,113.26,都市：住
RPUNMLLLPHMFFAV37CA,永清段,10.36,都市：住
RPTNMLLLPHMFFAV27CA,永清段,4.72,都市：住
RPVNMLLLPHMFFAV47CA,永清段,4.25,都市：住
RPPNMLTKPHMFFAV57CA,豐康段,19.69,都市：住
RPPNMLTKPHMFFAV57CA,豐康段,7.48,都市：住
RPPNMLLJQHMFFDV07CA,尚武段,1171.80,都市：住
RPPNMLLJQHMFFDV07CA,尚武段,355.30,都市：住
RPSNMLLJQHMFFCV27CA,豐泉段,147.02,都市：住
RPPNMLNKPHMFFAV96CA,興安段,176.43,都市：住
SPPNMLNKPHMFFAV07CA,興安段,176.43,都市：住
RPSNMLSKPHMFFAV77CA,新生段,5.46,都市：住
RPQNMLSLPHMFFAV77DA,岩灣段,113.96,都市：住
RPVNMLRKPHMFFAV97CA,東谷段,144.93,都市：住
RPQNMLLLPHMFFAV96CA,東海段,128.70,都市：住
RPXNMLRKPHMFFAV18CA,台東段,19.94,都市：住
RPRNMLRKPHMFFAV57CA,利家段,4156.00,非都市：特定農業區 ; 非都市編定：農牧用地
RPPNMLRKPHMFFAV37CA,下賓朗段,67.96,非都市：一般農業區 ; 非都市編定：農牧用地
RPQNMLRKPHMFFAV47CA,豐成段,6311.12,非都市：特定農業區 ; 非都市編定：農牧用地
RPQNMLRKPHMFFAV47CA,豐成段,3968.82,非都市：特定農業區 ; 非都市編定：農牧用地
RPQNMLRKPHMFFAV47CA,豐成段,213.10,非都市：特定農業區 ; 非都市編定：農牧用地
RPSNMLRKPHMFFAV67CA,南王段,78.14,都市：住
RPRNMLTKPHMFFAV77CA,旭川段,54.08,非都市：鄉村區 ; 非都市編定：乙種建築用地
RPRNMLTKPHMFFAV77CA,旭川段,54.08,非都市：鄉村區 ; 非都市編定：乙種建築用地
RPWNMLSKPHMFFAV18CA,馬蘭段,41.96,都市：住
RPPNMLSKPHMFFAV47CA,豐年段,13.43,都市：住
RPTNMLSKPHMFFAV87CA,常德段,34.46,都市：住
RPPNMLPLPHMFFAV37DA,建本段,1719.03,都市：農
RPRNMLPLPHMFFAV57DA,建本段,1111.30,都市：農
RPRNMLPLPHMFFAV57DA,建本段,1810.62,都市：農
RPRNMLPLPHMFFAV57DA,建本段,126.20,都市：農
RPRNMLPLPHMFFAV57DA,建華段,514.28,都市：農
RPRNMLPLPHMFFAV57DA,建華段,172.06,都市：農
RPXNMLSKPHMFFAV28CA,台東段,99.00,都市：住
RPXNMLQLPHMFFAV28DA,東谷段,213.00,都市：其他
RPXNMLTKPHMFFAV38CA,利家段,127.16,非都市：鄉村區 ; 非都市編定：乙種建築用地
RPXNMLTKPHMFFAV38CA,利家段,22.29,非都市：鄉村區 ; 非都市編定：乙種建築用地
RPTNMLTKPHMFFAV97CA,豐航段,1443.78,都市：農
RPTNMLTKPHMFFAV97CA,豐航段,608.71,都市：農
RPQNMLOLPHMFFDV57CA,秀山段,8.08,都市：其他
RPQNMLOLPHMFFDV57CA,秀山段,.00,都市：其他
RPOOMLTKPHMFFAV57CA,富岡南段,118.23,非都市：鄉村區 ; 非都市編定：乙種建築用地
RPVNMLKLPHMFFAV37CA,上岩灣段,158.09,都市：其他
RPSNMLKLPHMFFAV07CA,台東段,329.00,都市：商
RPVNMLTKPHMFFAV18CA,中心段,10.00,都市：住
RPPNMLKLPHMFFAV76CA,台東段,63.00,都市：住
RPTNMLKLPHMFFAV27DA,北南王段,2484.66,都市：其他
RPUNMLKLPHMFFAV27CA,台東段,43.74,都市：住
RPSOMLLJQHMFFAV17CA,建康段,94.49,都市：住
RPTNMLLLPHMFFBV37CA,成功段,142.45,都市：住
RPRNMLLLPHMFFBV17CA,南佳里段,854.57,非都市：風景區 ; 非都市編定：農牧用地
RPRNMLLLPHMFFBV17CA,南佳里段,3746.79,非都市：風景區 ; 非都市編定：農牧用地
RPPNMLKLPHMFFBV96DA,富民段,103.65,非都市：風景區 ; 非都市編定：農牧用地
RPQNMLKLPHMFFCV17DA,隆昌段,2197.06,非都市：特定農業區 ; 非都市編定：農牧用地
RPRNMLLLPHMFFAV07CA,東海段,124.83,都市：住
RPQNMLSJQHMFFCV87DA,萬福段,1125.89,非都市：特定農業區 ; 非都市編定：農牧用地
RPPNMLLLPHMFFDV27DA,新大武段,1460.00,非都市：山坡地保育區 ; 非都市編定：林業用地
RPQNMLRLPHMFFBV77DA,八桑灣段,2017.08,非都市：風景區 ; 非都市編定：農牧用地
RPQNMLRLPHMFFBV77DA,八桑灣段,393.01,非都市：風景區 ; 非都市編定：農牧用地
RPTOMLMJQHMFFAV47DA,北南王段,43.34,都市：其他
SPTOMLMJQHMFFAV57DA,北南王段,34.53,都市：其他
TPTOMLMJQHMFFAV67DA,北南王段,17.61,都市：其他
TPVOMLMJQHMFFAV87DA,北南王段,17.61,都市：其他
SPVOMLMJQHMFFAV77DA,北南王段,34.53,都市：其他
RPVOMLMJQHMFFAV67DA,北南王段,43.34,都市：其他
RPPNMLSJQHMFFCV67CA,中福段,117.86,都市：住
RPPNMLSJQHMFFCV67CA,中福段,117.86,都市：住
RPWNMLPLPHMFFAV97CA,中心段,87.00,都市：住
RPPNMLPJQHMFFCV37CA,瑞豐段,919.30,非都市：特定農業區 ; 非都市編定：農牧用地
RPPNMLPJQHMFFCV37CA,瑞豐段,1190.84,非都市：特定農業區 ; 非都市編定：農牧用地
RPPNMLPJQHMFFCV37CA,瑞豐段,1218.12,非都市：特定農業區 ; 非都市編定：農牧用地
RPPNMLOLPHMFFAV27DA,馬蘭段,10.98,都市：住
RPSNMLQLPHMFFAV67CA,豐谷段,78.00,都市：住
SPWNMLNJQHMFFAV87DA,永清段,96.30,都市：其他
UPWNMLNJQHMFFAV08DA,永清段,1038.79,都市：其他
XPWNMLNJQHMFFAV38DA,永清段,147.74,都市：其他
TPWNMLNJQHMFFAV97DA,永清段,925.95,都市：其他
ZPWNMLNJQHMFFAV58DA,永清段,104.06,都市：其他
YPWNMLNJQHMFFAV48DA,永清段,194.33,都市：其他
VPWNMLNJQHMFFAV18DA,永清段,8.62,都市：其他
WPWNMLNJQHMFFAV28DA,永清段,200.02,都市：其他
RPWNMLNJQHMFFAV77DA,永清段,434.02,都市：其他
RPUNMLPLPHMFFAV77CA,豐川段,1047.92,非都市：特定農業區 ; 非都市編定：農牧用地
RPQNMLPLPHMFFAV47DA,初鹿段,853.33,非都市：特定農業區 ; 非都市編定：農牧用地
RPQNMLQLPHMFFAV47CA,知本段,1000.00,非都市：特定農業區 ; 非都市編定：農牧用地
RPTNMLQLPHMFFAV77CA,普優瑪段,705.71,都市：農
RPTNMLQLPHMFFAV77CA,普優瑪段,65.93,都市：農
RPPNMLLJQHMFFAV76CA,馬蘭段,563.00,都市：住
RPTNMLPLPHMFFAV67CA,台東段,185.00,都市：商
RPVNMLNJQHMFFAV57CA,台東段,8.00,都市：住
RPSNMLLMPHMFFAV27CA,建和段,203.02,都市：其他
RPSNMLLMPHMFFAV27CA,建和段,136.78,都市：住
RPROMLQLPHMFFAV67CA,石山段,11172.00,非都市：風景區 ; 非都市編定：農牧用地
RPSNMLSLPHMFFAV87CA,利家段,851.00,非都市：特定農業區 ; 非都市編定：農牧用地
RPPNMLLJQHMFFBV86CA,萬年段,7587.00,非都市：風景區 ; 非都市編定：農牧用地
RPOOMLNJQHMFFAV07DA,光明段,344.00,都市：其他
RPPOMLNJQHMFFAV17DA,光明段,47.00,都市：其他
RPQOMLQLPHMFFAV57CA,德安段,23.26,都市：住
RPQOMLQLPHMFFAV57CA,德安段,.16,都市：住
RPQOMLQLPHMFFAV57CA,德安段,2.15,都市：住
RPQOMLQLPHMFFAV57CA,德安段,.04,都市：住
TPPOMLNJQHMFFAV37DA,光明段,117.00,都市：其他
SPPOMLNJQHMFFAV27DA,光明段,458.00,都市：其他
RPQNMLPJQHMFFAV27CA,利卡夢段,23.08,非都市：鄉村區 ; 非都市編定：乙種建築用地
UPPOMLNJQHMFFAV47DA,光明段,532.00,都市：其他
RPQOMLNJQHMFFAV27DA,光明段,259.00,都市：其他
RPROMLNJQHMFFAV37DA,光明段,71.67,都市：其他
RPPNMLLKQHMFFBV96CA,富民段,199.28,非都市：鄉村區 ; 非都市編定：乙種建築用地
RPRNMLPJQHMFFAV37CA,上岩灣段,116.90,都市：住
RPRNMLPJQHMFFAV37CA,上岩灣段,18.12,都市：住
RPSOMLNJQHMFFAV47DA,光明段,71.67,都市：其他
RPQNMLRLPHMFFCV87DA,鹿野段,1000.00,非都市：山坡地保育區 ; 非都市編定：農牧用地
RPQNMLRLPHMFFCV87DA,鹿野段,1000.00,非都市：山坡地保育區 ; 非都市編定：農牧用地
RPQNMLRLPHMFFCV87DA,鹿野段,1000.00,非都市：山坡地保育區 ; 非都市編定：農牧用地
RPRNMLRLPHMFFCV97DA,鹿野段,1743.00,非都市：特定農業區 ; 非都市編定：農牧用地
RPRNMLRLPHMFFCV97DA,鹿野段,1796.00,非都市：特定農業區 ; 非都市編定：農牧用地
RPPNMLTJQHMFFBV67CA,八仙洞段,107.79,非都市：風景區 ; 非都市編定：農牧用地
RPPNMLTJQHMFFBV67CA,八仙洞段,2974.98,非都市：風景區 ; 非都市編定：農牧用地
RPPNMLQLPHMFFBV47CA,南河段,248.09,都市：住
RPPNMLQLPHMFFBV47CA,南河段,409.72,都市：住
RPPNMLRLPHMFFBV57CA,新都威段,187.71,非都市：鄉村區 ; 非都市編定：乙種建築用地
RPPNMLRLPHMFFCV67CA,大池段,10166.20,非都市：特定農業區 ; 非都市編定：農牧用地
RPPNMLRLPHMFFCV67CA,大池段,267.65,非都市：特定農業區 ; 非都市編定：水利用地
RPPNMLRLPHMFFCV67CA,錦富段,1795.42,非都市：特定農業區 ; 非都市編定：農牧用地
RPPNMLRLPHMFFCV67CA,錦富段,1595.48,非都市：特定農業區 ; 非都市編定：農牧用地
RPQNMLRLPHMFFAV57CA,豐里段,1381.53,非都市：特定農業區 ; 非都市編定：農牧用地
RPPNMLRLPHMFFAV47CA,豐里段,3068.93,非都市：特定農業區 ; 非都市編定：農牧用地
VPUNMLTJQHMFFAV58DA,光明段,48.92,都市：其他
RPRNMLSLPHMFFBV87CA,新港段新港小段,1031.00,非都市：風景區 ; 非都市編定：農牧用地
RPRNMLSLPHMFFBV87CA,成功段,1307.97,都市：工
RPRNMLSLPHMFFBV87CA,成功段,1637.37,都市：農
RPQNMLLJQHMFFAV86CA,永清段,187.89,都市：住
RPQNMLLJQHMFFAV86CA,永清段,1.37,都市：其他
RPPNMLQKQHMFFAV47DA,利泰段,95.40,非都市：特定農業區 ; 非都市編定：農牧用地
RPPNMLSLPHMFFAV57CA,康樂段,963.00,非都市：特定農業區 ; 非都市編定：農牧用地
RPTNMLRLPHMFFAV87CA,台東段,71.00,都市：住
SPUNMLTJQHMFFAV28DA,光明段,5.08,都市：其他
RPUNMLTJQHMFFAV18DA,光明段,3.92,都市：其他
RPPOMLQLPHMFFAV47CA,台東段,69.00,都市：住
TPUNMLTJQHMFFAV38DA,光明段,7.13,都市：其他
RPOOMLQLPHMFFAV37CA,東海段,22.69,都市：住
RPOOMLQLPHMFFAV37CA,東海段,1.46,都市：住
RPUNMLLJQHMFFAV27CA,利家段,2858.00,非都市：特定農業區 ; 非都市編定：農牧用地
RPSNMLLJQHMFFAV07CA,永清段,186.50,都市：住
RPSNMLLJQHMFFAV07CA,永清段,1.58,都市：其他
RPQNMLLJQHMFFDV17CA,笆札筏段,164.87,非都市：鄉村區 ; 非都市編定：乙種建築用地
UPUNMLTJQHMFFAV48DA,光明段,10.58,都市：其他
RPSNMLTJQHMFFAV97DA,光明段,2.24,都市：其他
RPRNMLKKQHMFFCV27DA,紅葉段,44.50,都市：其他
RPRNMLKKQHMFFCV27DA,紅葉段,125.50,都市：其他
RPRNMLKKQHMFFCV27DA,紅葉段,1024.00,都市：其他
RPPNMLSLPHMFFCV77CA,福原段,109.66,都市：住
RPTNMLSLPHMFFAV97CA,永樂段,87.00,都市：住
SPSNMLTJQHMFFAV08DA,光明段,2.87,都市：其他
TPSNMLTJQHMFFAV18DA,光明段,3.89,都市：其他
RPQNMLLMPHMFFAV07CA,東海段,132.81,都市：住
RPPNMLRKQHMFFBV67DA,高原段,27320.00,非都市：森林區 ; 非都市編定：農牧用地
RPRNMLSLPHMFFAV87DA,知本段,2000.00,非都市：特定農業區 ; 非都市編定：農牧用地
UPSNMLTJQHMFFAV28DA,光明段,5.98,都市：其他
VPSNMLTJQHMFFAV38DA,光明段,27.63,都市：其他
RPTNMLTJQHMFFAV08DA,光明段,3.35,都市：其他
SPTNMLTJQHMFFAV18DA,光明段,4.32,都市：其他
TPTNMLTJQHMFFAV28DA,光明段,5.83,都市：其他
UPTNMLTJQHMFFAV38DA,光明段,9.02,都市：其他
VPTNMLTJQHMFFAV48DA,光明段,41.68,都市：其他
RPXNMLNJQHMFFAV87DA,永清段,8.62,都市：其他
VPXNMLNJQHMFFAV28DA,永清段,104.06,都市：其他
RPPNMLOJQHMFFAV17DA,東谷段,157.98,都市：住
UPXNMLNJQHMFFAV18DA,永清段,194.33,都市：其他
TPXNMLNJQHMFFAV08DA,永清段,147.74,都市：其他
SPXNMLNJQHMFFAV97DA,永清段,200.02,都市：其他
RPVOMLLJQHMFFAV47CA,大業段,2418.83,非都市：特定農業區 ; 非都市編定：農牧用地
RPWOMLMJQHMFFAV77DA,建樂段,9.76,都市：住
RPXOMLLJQHMFFAV67CA,普優瑪段,123.91,都市：住
RPOOMLLJQHMFFAV76CA,南清段,76.06,都市：住
RPOOMLLJQHMFFAV76CA,南清段,18.59,都市：住
RPRNMLLJQHMFFAV96CA,中清段,2907.05,都市：農
RPPNMLLMPHMFFAV96CA,鎮樂段,4150.00,非都市：山坡地保育區 ; 非都市編定：農牧用地
RPTNMLLJQHMFFAV17CA,富山段,1512.95,非都市：風景區 ; 非都市編定：農牧用地
RPTNMLLJQHMFFAV17CA,加路蘭段,3868.00,非都市：風景區 ; 非都市編定：農牧用地
RPTNMLLJQHMFFAV17CA,加路蘭段,3376.00,非都市：風景區 ; 非都市編定：農牧用地
RPROMLLJQHMFFAV17DA,順天段,2961.71,都市：農
RPPOMLLJQHMFFAV86CA,南清段,76.06,都市：住
RPPOMLLJQHMFFAV86CA,南清段,18.59,都市：住
RPQOMLLJQHMFFAV96CA,馬蘭段,109.00,都市：住
RPPNMLOJQHMFFCV37DA,南山段,189.94,都市：住
