﻿編號,土地區段位置,土地移轉面積平方公尺,使用分區或編定
The serial number,land sector position,land shifting area square meter,the use zoning or compiles and checks
RPQOMLMKKHNFFAE77CC,青海段,6.09,都市：商
RPPOMLMKKHNFFDE97CC,鼎泰段,.00,都市：住
RPXPMLMKKHNFFDE88CC,灣復段,12.09,都市：商
RPWOMLMKKHNFFDE68CC,鼎泰段,16.17,都市：住
RPROMLMKKHNFFDE18CC,鼎泰段,.00,都市：住
RPPQMLMKKHNFFBE97CC,新興段二小段,94.00,都市：商
RPROMLMKKHNFFBE97CC,意誠段,.00,都市：商
RPQOMLMKKHNFFBE87CC,意誠段,.00,都市：商
RPVPMLMKKHNFFBE48CC,正德段,5.37,都市：住
RPVPMLMKKHNFFBE48CC,正德段,6.50,都市：住
RPXNMLMKKHNFFBE48CC,意誠段,1.16,都市：商
RPXNMLMKKHNFFBE48CC,意誠段,.28,都市：商
RPSOMLMKKHNFFBE08CC,林德官段一小段,2.06,都市：住
RPTOMLMKKHNFFDE48DC,大順段,9.75,都市：住
RPUOMLMKKHNFFDE58DC,大港段四小段,5.08,都市：住
RPPRMLMKKHNFFEE38CC,福民段,6.17,都市：住
RPXQMLMKKHNFFEE09CC,加昌段,19.13,都市：其他
RPOOMLNKKHNFFEE18DC,和平段三小段,13.03,都市：住
RPOPMLNKKHNFFGE38CC,華鳳段,21.58,都市：住
RPQOMLMKKHNFFGE38CC,華鳳段,21.58,都市：住
RPUNMLMKKHNFFGE68CC,道爺段,85.00,都市：住
RPOPMLMKKHNFFGE28CC,文英段,45.16,都市：住
RPRPMLMKKHNFFGE58CC,二甲段,91.16,都市：住
RPROMLNKKHNFFDE28CC,大港段四小段,.00,都市：商
RPPOMLMKKHNFFIE58DC,新後港西段,92.33,都市：住
RPXNMLMKKHNFFIE66DC,新後港西段,92.33,都市：住
RPSOMLMKKHNFFIE88DC,新後港西段,88.11,都市：住
RPROMLMKKHNFFIE78DC,新後港西段,88.11,都市：住
RPSNMLMKKHNFFIE68CC,仁春段,106.00,都市：住
RPSNMLMKKHNFFIE68CC,仁春段,66.00,都市：住
RPROMLNKKHNFFCE18CC,愛群段,.00,都市：商
RPRNMLNKKHNFFCE08CC,憲德段一小段,.00,都市：商
RPRNMLNKKHNFFCE08CC,憲德段一小段,.00,都市：商
RPXOMLNKKHNFFCE78CC,愛群段,19.19,都市：商
RPWNMLOKKHNFFAE48CC,龍華段四小段,.00,都市：住
RPQOMLNKKHNFFAE87CC,龍中段,12.38,都市：商
RPRNMLOKKHNFFDE28CC,大港段二小段,150.00,都市：住
RPRNMLNKKHNFFBE97CC,林德官段二小段,.00,都市：住
RPUNMLNKKHNFFBE28CC,過田子段,71.00,都市：商
RPTNMLNKKHNFFBE18CC,新興段三小段,92.00,都市：住
RPSNMLNKKHNFFBE08CC,林德官段二小段,.00,都市：住
RPQOMLOKKHNFFDE28CC,獅頭段一小段,.00,都市：住
RPOPMLOKKHNFFCE08CC,瑞崗段五小段,55.00,都市：住
RPUNMLOKKHNFFGE88CC,五甲段,112.00,都市：住
RPVNMLOKKHNFFBE58DC,大統段二小段,49.87,都市：商
RPPNMLKLKHNFFBE57CC,新興段四小段,35.69,都市：商
RPPOMLNKKHNFFBE87CC,林德官段,.00,都市：商
RPXNMLNKKHNFFBE58CC,新興段二小段,11.09,都市：商
RPSNMLOKKHNFFBE18CC,成功段,15.00,都市：商
RPSNMLOKKHNFFBE18CC,成功段,58.00,都市：商
RPSOMLNKKHNFFBE18CC,正明段,162.63,都市：商
RPSOMLNKKHNFFBE18CC,正明段,14.91,都市：商
RPWNMLLLKHNFFBE38CC,新興段二小段,51.00,都市：商
RPSNMLLLKHNFFDE18CC,大港段二小段,65.00,都市：住
RPSNMLLLKHNFFDE18CC,大港段二小段,16.00,都市：其他
RPVPMLLLKHNFFCE58CC,光華段一小段,.00,非都市： ; 非都市編定：
RPPOMLLLKHNFFBE77CC,意誠段,4.54,都市：住
RPXNMLLLKHNFFGE98CC,五甲段,52.60,都市：住
RPWNMLMLKHNFFDE68CC,大豐段二小段,5.66,都市：住
RPTOMLMLKHNFFCE38CC,鳳宮段,22.00,都市：住
RPTOMLMLKHNFFCE38CC,鳳宮段,98.00,都市：住
RPOPMLOKKHNFFEE28CC,新庄段一小段,.00,都市：住
RPPPMLOKKHNFFEE38CC,新光段,90.91,都市：住
RPSOMLOKKHNFFEE58CC,清豐段,84.00,都市：住
RPUOMLMLKHNFFDE58CC,獅頭段一小段,2.77,都市：商
RPRNMLMLKHNFFBE97CC,林德官段一小段,29.72,都市：住
RPSNMLMLKHNFFBE08CC,林德官段,21.08,都市：商
RPQNMLLLKHNFFJE58CC,民生段,3.31,都市：住
RPTNMLNLKHNFFEE58CC,藍田中段,18.92,都市：住
RPWOMLNLKHNFFEE98CC,藍昌段三小段,17.99,都市：商
RPWOMLNLKHNFFEE98CC,藍昌段三小段,303.86,都市：商
RPWOMLNLKHNFFEE98CC,藍昌段三小段,52.71,都市：商
RPWOMLNLKHNFFEE98CC,藍昌段三小段,125.96,都市：商
RPWOMLNLKHNFFEE98CC,藍昌段三小段,51.70,都市：商
RPWOMLNLKHNFFEE98CC,藍昌段三小段,23.33,都市：商
RPWOMLNLKHNFFEE98CC,藍昌段三小段,15.35,都市：商
RPWOMLNLKHNFFEE98CC,藍昌段三小段,17.07,都市：商
RPXNMLNLKHNFFDE88CC,河濱段,78.00,都市：商
RPTNMLLLKHNFFAE97CC,龍中段,92.91,都市：住
RPPOMLLLKHNFFAE67CC,北金段,6.46,都市：商
RPVNMLLLKHNFFAE18CC,龍華段一小段,11.29,都市：住
RPROMLNLKHNFFDE38CC,大港段,580.00,都市：商
RPROMLNLKHNFFDE38CC,大港段,516.00,都市：商
RPROMLNLKHNFFDE38CC,大港段,138.00,都市：住
RPROMLNLKHNFFDE38CC,大港段,126.00,都市：住
RPQNMLNLKHNFFBE97CC,五塊厝段,37.00,都市：其他
RPXNMLNLKHNFFBE68CC,新興段一小段,22.59,都市：商
RPRNMLNLKHNFFIE78CC,興農段,17.53,都市：住
RPSOMLQLKHNFFGE09CC,鳳山段草店尾小段,69.00,都市：商
RPSOMLQLKHNFFGE09CC,鳳山段草店尾小段,7.00,都市：其他
RPSOMLQLKHNFFGE09CC,鳳山段草店尾小段,6.00,都市：商
RPSOMLQLKHNFFGE09CC,鳳山段草店尾小段,6.00,都市：商
RPSOMLQLKHNFFGE09CC,鳳山段草店尾小段,137.00,都市：其他
RPVOMLNLKHNFFGE09CC,新甲段,18.48,都市：住
RPWOMLNLKHNFFGE66DC,埤頂段,322.00,都市：商
RPOPMLQLKHNFFBE28CC,新興段二小段,206.00,都市：商
RPSOMLQLKHNFFBE58CC,成功段,9.29,都市：商
RPPOMLQLKHNFFCE38CC,愛群段,2.15,都市：商
RPOOMLQLKHNFFDE38CC,獅頭段,9.17,都市：住
RPUOMLQLKHNFFEE09CC,加昌段,18.90,都市：住
RPWPMLQLKHNFFEE76CC,和平段三小段,22.42,都市：商
RPUPMLQLKHNFFEE56CC,新福段十小段,20.35,都市：住
RPOOMLRLKHNFFAE18CC,文東段,23.12,都市：商
RPQOMLRLKHNFFDE68CC,三塊厝段三小段,27.73,都市：住
RPVNMLQLKHNFFAE68CC,龍中段,12.62,都市：商
RPWNMLQLKHNFFAE78CC,龍華段八小段,16.16,都市：商
RPTOMLQLKHNFFAE58CC,龍北段,28.67,都市：住
RPSPMLQLKHNFFAE58CC,前金段,7.03,都市：商
RPOOMLQLKHNFFAE08CC,前金段,.00,非都市： ; 非都市編定：
RPUOMLQLKHNFFAE68CC,龍華段八小段,8.09,都市：商
RPXOMLQLKHNFFAE98CC,青海段,28.90,都市：商
RPTPMLQLKHNFFAE68CC,龍水段一小段,34.33,都市：住
RPPOMLQLKHNFFAE18CC,青海段,24.83,都市：住
RPWOMLRLKHNFFDE66CC,三塊厝段,.00,都市：住
RPWOMLRLKHNFFDE66CC,三塊厝段,.00,都市：住
RPXOMLRLKHNFFDE76CC,大港段,.00,都市：住
RPPQMLRLKHNFFGE09CC,赤山段,1.69,都市：住
RPTNMLLJLHNFFIE68CC,仁雄段,432.51,都市：住
RPSNMLLJLHNFFJE68CC,工專段,79.75,都市：住
RPTNMLSLKHNFFFE56CC,仕隆段,83.65,都市：住
RPWOMLLJLHNFFLE76CC,琉球段,101.56,都市：住
RPWOMLLJLHNFFLE76CC,琉球段,474.66,都市：住
RPQNMLLJLHNFFEE97CC,新庄段十三小段,.00,都市：商
RPWNMLRLKHNFFFE76CC,大德段,87.82,都市：住
RPWNMLRLKHNFFFE76CC,大德段,420.26,都市：住
RPSOMLLJLHNFFDE18CC,灣內段,365.12,都市：工
RPTOMLRLKHNFFEE09CC,藍田西段,8.96,都市：住
RPTNMLLJLHNFFFE38CC,瓊安段,331.44,都市：工
RPPOMLLJLHNFFEE97CC,藍田中段,.00,都市：住
RPUOMLRLKHNFFEE56CC,加昌段二小段,7.21,都市：住
RPSPMLRLKHNFFEE09CC,高昌段,25.34,都市：住
RPRNMLMJLHNFFDE08CC,灣愛段,64.69,都市：住
RPPNMLMJLHNFFCE77CC,龍鳳段,54.00,都市：住
RPWNMLMJLHNFFCE48CC,宏明段,17.15,都市：住
RPVOMLMJLHNFFDE58CC,大港段,26.65,都市：住
RPQOMLLJLHNFFCE87CC,山明段,77.00,都市：住
RPOOMLMJLHNFFCE77CC,港和段三小段,96.45,都市：住
RPSNMLLJLHNFFCE97CC,憲德段一小段,.00,都市：商
RPXNMLMJLHNFFDE68CC,三塊厝段,21.80,都市：商
RPVNMLLJLHNFFFE58CC,新莊段,86.70,非都市：鄉村區 ; 非都市編定：乙種建築用地
RPVOMLMJLHNFFBE38CC,意誠段,.00,都市：商
RPXOMLMJLHNFFBE58CC,苓洲段,59.00,都市：商
RPUOMLMJLHNFFBE28CC,意誠段,.00,都市：商
RPQNMLNJLHNFFBE87CC,新興段二小段,8.69,都市：商
RPQNMLNJLHNFFDE08CC,大港段四小段,.00,都市：住
RPUOMLMJLHNFFAE18CC,龍中段,2029.26,都市：商
RPQOMLMJLHNFFAE77CC,龍華段二小段,.00,都市：住
RPROMLMJLHNFFAE87CC,龍華段九小段,35.68,都市：住
RPTNMLMJLHNFFFE48CC,灣裡西段,358.00,都市：工
RPTNMLMJLHNFFFE48CC,灣裡西段,352.00,都市：工
RPVNMLPJLHNFFDE78CC,大港段二小段,.00,都市：住
RPSNMLMJLHNFFJE78CC,大同段,78.69,都市：住
RPQNMLNJLHNFFEE18CC,翠屏段四小段,47.60,都市：住
RPQNMLMJLHNFFLE78CC,山子頂段,357.02,都市：農
RPVNMLPJLHNFFBE58CC,意誠段,.00,都市：住
RPQOMLPJLHNFFBE18CC,大統段二小段,.00,都市：商
RPVNMLPJLHNFFCE68CC,愛群段,.00,都市：商
RPPOMLPJLHNFFCE18CC,仁愛段,256.00,都市：工
RPTOMLPJLHNFFCE58CC,獅甲段,18.63,都市：商
RPVOMLPJLHNFFAE58CC,龍華段三小段,16.00,都市：其他
RPPOMLQJLHNFFLE66DC,林子邊段,106.33,都市：住
RPPPMLPJLHNFFGE68CC,文山段,17.21,都市：住
RPOOMLPJLHNFFGE48CC,文英段,.00,都市：住
RPXNMLPJLHNFFEE09CC,楠梓段五小段,.00,都市：住
RPOOMLPJLHNFFEE28CC,新庄段一小段,7.70,都市：住
RPPNMLMJLHNFFIE38CC,保甲段,122.00,都市：住
RPTNMLMJLHNFFIE78CC,澄清段,342.00,都市：住
RPTNMLQJLHNFFGE98CC,埤頂段,34.72,都市：住
RPOOMLQJLHNFFIE78CC,仁雄段,458.40,都市：住
RPROMLQJLHNFFGE88CC,文山段,14.71,都市：住
RPPOMLQJLHNFFGE68CC,新甲段,51.69,都市：住
RPPNMLQJLHNFFBE08CC,新興段四小段,.00,都市：商
RPPNMLQJLHNFFBE08CC,新興段四小段,.00,都市：商
RPQNMLPJLHNFFEE38CC,新夏段,.00,都市：住
RPRNMLQJLHNFFAE18CC,民生段,170.00,都市：商
RPWOMLQJLHNFFAE78CC,文東段,48.10,都市：商
RPXNMLQJLHNFFAE78CC,興福段,11.47,都市：商
RPXOMLQJLHNFFAE88CC,青海段,21.36,都市：其他
RPTOMLQJLHNFFAE48CC,青海段,21.94,都市：商
RPUOMLQJLHNFFAE58CC,前金段,2.53,都市：商
RPUOMLQJLHNFFAE58CC,前金段,3.44,都市：商
RPQOMLQJLHNFFAE18CC,龍中段,8.00,都市：商
RPTNMLPJLHNFFEE78DC,楠都段四小段,18.45,都市：住
RPXNMLQJLHNFFCE98CC,瑞崗段一小段,78.00,都市：商
RPXNMLQJLHNFFCE98CC,瑞崗段一小段,23.00,都市：商
RPRNMLQJLHNFFCE38CC,鎮東段,52.00,都市：住
RPWOMLQJLHNFFCE98CC,獅甲段一小段,33.13,都市：住
RPPOMLQJLHNFFDE38CC,灣復段,11.03,都市：商
RPQOMLQJLHNFFDE48CC,寶國段,69.44,都市：住
RPSOMLQJLHNFFDE68CC,三塊厝段一小段,2.99,都市：商
RPVOMLQJLHNFFEE09CC,新庄段八小段,27.14,都市：住
RPSPMLQJLHNFFEE88CC,新民段,287.05,都市：住
RPRPMLQJLHNFFEE78CC,新民段,30.48,都市：住
RPOPMLQJLHNFFEE48CC,新庄段十四小段,148.82,都市：住
RPTPMLQJLHNFFEE98CC,新庄段十二小段,12.51,都市：住
RPQQMLQJLHNFFEE78CC,藍田西段,20.70,都市：其他
RPTNMLRJLHNFFDE78CC,鼎泰段,16.02,都市：住
RPOOMLQJLHNFFBE08CC,新興段二小段,6.49,都市：商
RPQOMLQJLHNFFBE28CC,苓洲段,5.36,都市：商
RPWNMLRJLHNFFGE76CC,五甲段,100.00,都市：住
RPWNMLRJLHNFFGE76CC,五甲段,38.00,都市：住
RPWNMLRJLHNFFGE76CC,五甲段,20.00,都市：住
RPPOMLQJLHNFFBE18CC,大統段一小段,.00,都市：商
RPQOMLRJLHNFFGE88CC,竹子腳段,64.00,都市：住
RPQOMLRJLHNFFGE88CC,竹子腳段,64.00,都市：住
RPUOMLSJLHNFFBE88CC,意誠段,5.59,都市：商
RPWNMLRJLHNFFCE98CC,盛興段,18.79,都市：住
RPUNMLRJLHNFFEE98CC,藍昌段三小段,17.99,都市：商
RPUNMLRJLHNFFEE98CC,藍昌段三小段,303.86,都市：商
RPUNMLRJLHNFFEE98CC,藍昌段三小段,52.71,都市：商
RPUNMLRJLHNFFEE98CC,藍昌段三小段,125.96,都市：商
RPUNMLRJLHNFFEE98CC,藍昌段三小段,51.70,都市：商
RPUNMLRJLHNFFEE98CC,藍昌段三小段,23.33,都市：商
RPUNMLRJLHNFFEE98CC,藍昌段三小段,15.35,都市：商
RPUNMLRJLHNFFEE98CC,藍昌段三小段,17.07,都市：商
RPPNMLRJLHNFFAE08CC,青海段,7.40,都市：商
RPSNMLSJLHNFFAE48CC,文東段,.00,都市：商
RPSNMLSJLHNFFAE48CC,文東段,.00,都市：商
RPTNMLSJLHNFFAE58CC,龍華段一小段,.00,都市：住
RPUNMLSJLHNFFFE56CC,大全段,1122.00,都市：工
RPSNMLRJLHNFFIE56CC,大安段,187.00,都市：其他
RPVNMLTJLHNFFAE88CC,青海段,.00,都市：住
RPSOMLTJLHNFFAE68CC,龍華段八小段,.00,都市：商
RPVOMLTJLHNFFAE98CC,鼓南段三小段,.00,都市：商
RPWOMLTJLHNFFAE09CC,鼓南段三小段,.00,都市：商
RPXOMLTJLHNFFAE56CC,龍華段八小段,15.37,都市：商
RPVNMLTJLHNFFCE09CC,港和段二小段,56.12,都市：住
RPRNMLTJLHNFFBE58CC,福河段,.00,都市：商
RPSOMLTJLHNFFBE78CC,意誠段,11.65,都市：商
RPUNMLTJLHNFFBE88CC,福河段,.00,都市：商
RPOOMLTJLHNFFBE38CC,苓洲段,6.60,都市：住
RPWNMLTJLHNFFBE09CC,意誠段,.00,都市：商
RPTOMLTJLHNFFBE88CC,五塊厝段,5.90,都市：住
RPVNMLTJLHNFFBE98CC,意誠段,.00,都市：商
RPTOMLTJLHNFFBE88CC,五塊厝段,12.20,都市：商
RPROMLTJLHNFFBE68CC,成功段,12.49,都市：商
RPXNMLTJLHNFFBE56CC,過田子段,.00,都市：商
RPXNMLTJLHNFFCE66CC,愛群段,10.91,都市：商
RPSOMLTJLHNFFGE66CC,新甲段,92.66,都市：其他
RPSNMLKKLHNFFGE38CC,文英段,12.12,都市：住
RPOPMLTJLHNFFEE78CC,福民段,77.41,都市：住
RPUOMLTJLHNFFEE66CC,新庄段十三小段,.00,都市：商
RPUOMLTJLHNFFEE66CC,新庄段十三小段,.00,都市：商
RPQNMLKKLHNFFDE87CC,金獅段,1246.51,都市：住
RPUNMLTJLHNFFEE56CC,新庄段十三小段,.00,都市：商
RPPPMLTJLHNFFEE88CC,和平段一小段,49.00,都市：住
RPPPMLTJLHNFFEE88CC,和平段一小段,10.95,都市：住
RPRNMLTJLHNFFFE98CC,鳳雄段,410.00,都市：農
RPSNMLKKLHNFFAE77CC,青海段,31.69,都市：住
RPTNMLKKLHNFFAE87CC,青海段,16.80,都市：住
RPRNMLKKLHNFFDE97CC,灣中段,11.18,都市：商
RPROMLNKLHNFFAE08CC,龍華段八小段,33.50,都市：商
RPUNMLTJLHNFFDE09CC,陽明段四小段,44.87,都市：住
RPOOMLTJLHNFFDE58CC,陽明段四小段,19.13,都市：住
RPSOMLTJLHNFFDE98CC,大港段七小段,60.00,都市：商
RPVNMLNKLHNFFBE48CC,林德官段,63.00,都市：商
RPVNMLMKLHNFFBE38CC,新興段二小段,94.00,都市：商
RPRNMLMKLHNFFBE97CC,林德官段,70.00,都市：商
RPQOMLMKLHNFFBE97CC,林德官段一小段,134.00,都市：商
RPRNMLNKLHNFFDE28CC,三塊厝段,62.35,都市：商
RPWNMLNKLHNFFDE78CC,大港段二小段,150.00,都市：住
RPOOMLMKLHNFFBE77CC,五塊厝段,33.69,都市：住
RPRNMLNKLHNFFGE58CC,文英段,.00,都市：住
RPVOMLNKLHNFFDE78CC,三塊厝段四小段,108.11,都市：住
RPSOMLNKLHNFFDE48CC,灣愛段,.00,都市：住
RPWNMLNKLHNFFEE88CC,德昌段,28.39,都市：住
RPWNMLOKLHNFFEE98CC,新庄段十三小段,7.00,都市：商
RPWNMLOKLHNFFEE98CC,新庄段十三小段,6.56,都市：商
RPUNMLNKLHNFFEE68CC,左北段,22.42,都市：住
RPVNMLOKLHNFFEE88CC,藍昌段三小段,17.99,都市：商
RPVNMLOKLHNFFEE88CC,藍昌段三小段,303.86,都市：商
RPVNMLOKLHNFFEE88CC,藍昌段三小段,52.71,都市：商
RPVNMLOKLHNFFEE88CC,藍昌段三小段,125.96,都市：商
RPVNMLOKLHNFFEE88CC,藍昌段三小段,51.70,都市：商
RPVNMLOKLHNFFEE88CC,藍昌段三小段,23.33,都市：商
RPVNMLOKLHNFFEE88CC,藍昌段三小段,15.35,都市：商
RPVNMLOKLHNFFEE88CC,藍昌段三小段,17.07,都市：商
RPUOMLNKLHNFFEE78CC,新庄段十三小段,5.88,都市：商
RPQNMLNKLHNFFIE68CC,金鼎段,135.33,都市：住
RPVOMLOKLHNFFDE88CC,建工段,.00,都市：住
RPUOMLOKLHNFFDE78CC,大港段,.00,都市：住
RPVOMLOKLHNFFDE88CC,建工段,.00,都市：住
RPTNMLOKLHNFFAE28CC,龍中段,.00,非都市： ; 非都市編定：
RPRNMLOKLHNFFCE28CC,光華段一小段,.00,都市：住
RPSOMLOKLHNFFCE48CC,光華段一小段,.00,都市：商
RPSNMLOKLHNFFGE78CC,新庄子段,.00,都市：住
RPSNMLOKLHNFFCE38CC,憲德段二小段,.00,都市：商
RPPOMLOKLHNFFGE58CC,五甲段,.00,非都市： ; 非都市編定：
RPPOMLOKLHNFFCE18CC,獅甲段二小段,23.91,都市：其他
RPPPMLOKLHNFFDE38CC,鼎祥段,11.13,都市：住
RPXPMLOKLHNFFDE56CC,灣和段,.00,都市：住
RPQPMLOKLHNFFDE48CC,鼎泰段一小段,13.67,都市：商
RPUNMLOKLHNFFAE38CC,北金段,.00,非都市： ; 非都市編定：
RPVNMLOKLHNFFAE48CC,青海段,14.53,都市：住
RPWNMLOKLHNFFAE58CC,青海段,14.53,都市：住
RPPOMLOKLHNFFAE97CC,龍中段,17.52,都市：商
RPXNMLOKLHNFFAE68CC,龍中段,20.45,都市：商
RPPNMLPKLHNFFAE97CC,大成段,42.00,都市：商
RPQOMLPKLHNFFAE18CC,龍華段八小段,8.59,都市：商
RPRNMLPKLHNFFCE38CC,瑞隆段二小段,69.00,都市：商
RPTNMLPKLHNFFDE68CC,三塊厝段,74.00,都市：商
RPVNMLPKLHNFFDE88CC,大港段二小段,.00,都市：住
RPQOMLPKLHNFFEE58CC,新庄段八小段,.00,都市：住
RPWNMLPKLHNFFEE09CC,新庄段五小段,15.84,都市：住
RPROMLPKLHNFFEE68CC,新庄段四小段,.00,都市：住
RPQNMLOKLHNFFBE08CC,新興段二小段,7.70,都市：商
RPPNMLPKLHNFFBE08CC,五權段,22.14,都市：商
RPPOMLOKLHNFFBE08CC,大統段一小段,.00,非都市： ; 非都市編定：
RPSNMLPKLHNFFBE38CC,新興段四小段,.00,都市：商
RPTNMLPKLHNFFBE48CC,新興段四小段,.00,都市：商
RPWNMLOKLHNFFBE68CC,新興段二小段,6.56,都市：商
RPUOMLPKLHNFFEE98CC,新庄段十三小段,7.68,都市：商
RPUOMLPKLHNFFEE98CC,新庄段十三小段,7.68,都市：商
RPUOMLPKLHNFFEE98CC,新庄段十三小段,6.21,都市：商
RPSOMLPKLHNFFEE78CC,新庄段五小段,.00,都市：住
RPQPMLPKLHNFFEE68CC,援中段一小段,7.59,都市：其他
RPPNMLQKLHNFFEE48CC,援中段二小段,625.51,都市：住
RPWNMLQKLHNFFDE09CC,建興段,.00,都市：商
RPOOMLQKLHNFFDE38CC,大順段,.00,都市：商
RPRNMLQKLHNFFAE28CC,前金段,.00,都市：商
RPWNMLQKLHNFFAE78CC,青海段,78.00,都市：住
RPXNMLQKLHNFFAE88CC,內惟段九小段,.00,都市：住
RPXNMLPKLHNFFBE88CC,武聖段,34.50,都市：住
RPQNMLRKLHNFFAE28CC,青海段,295.66,都市：住
RPSPMLTKLHNFFDE56CC,澄義段,5.84,都市：住
RPTNMLRKLHNFFDE88CC,大港段三小段,68.00,都市：商
RPUNMLRKLHNFFDE98CC,灣立段,30.33,都市：住
RPUOMLQKLHNFFDE98CC,建民段,5.14,都市：商
RPSRMLQKLHNFFGE76CC,埤頂段,.00,都市：住
RPXNMLPKLHNFFGE76CC,五甲段,32.40,都市：住
RPTNMLPKLHNFFGE98CC,新庄子段,19.75,都市：住
RPRNMLTKLHNFFEE98CC,藍田中段,783.45,都市：商
RPOOMLQKLHNFFBE18CC,過田子段,162.00,都市：商
RPVNMLRKLHNFFBE88CC,意誠段,.00,都市：商
RPUOMLTKLHNFFBE09CC,林德官段,82.00,都市：商
RPTNMLRKLHNFFBE68CC,意誠段,.00,都市：商
RPRNMLTKLHNFFBE68CC,過田子段,.00,都市：商
RPPOMLTKLHNFFBE58CC,福東段,74.00,都市：商
RPWOMLTKLHNFFBE66CC,苓東段,70.00,都市：商
RPUNMLTKLHNFFGE86CC,新庄子段,16.68,都市：住
RPWNMLTKLHNFFFE96CC,大全段,165.00,都市：工
RPSOMLKLLHNFFAE97CC,龍華段八小段,11.21,都市：商
RPSNMLTKLHNFFLE17CC,赤崁段潮州寮小段,1560.00,都市：農
RPTNMLTKLHNFFLE27CC,翁公園段,628.00,都市：農
RPWOMLKLLHNFFAE38CC,北金段,10.11,都市：商
RPWOMLKLLHNFFAE38CC,北金段,6.46,都市：商
RPUPMLKLLHNFFGE98DC,文英段,878.00,都市：住
RPVOMLLLLHNFFEE78CC,新庄段七小段,.00,都市：住
RPVNMLTKLHNFFCE56CC,憲德段二小段,18.05,都市：商
RPUOMLLLLHNFFEE68CC,清豐段,19.97,都市：住
RPVNMLLLLHNFFAE28CC,龍華段八小段,2.98,都市：其他
RPQOMLLLLHNFFDE18CC,灣和段,813.89,都市：住
RPXNMLLLLHNFFAE48CC,文東段,16.00,都市：商
RPXNMLLLLHNFFAE48CC,文東段,40.00,都市：商
RPRPMLLLLHNFFDE38CC,大港段二小段,27.62,都市：商
RPPOMLLLLHNFFAE77CC,文東段,16.00,都市：商
RPPOMLLLLHNFFAE77CC,文東段,40.00,都市：商
RPQNMLLLLHNFFBE87CC,福裕段,226.00,都市：住
RPWNMLLLLHNFFBE48CC,福東段,70.00,都市：住
RPPOMLLLLHNFFBE87CC,苓東段,41.00,都市：商
RPPOMLLLLHNFFBE87CC,苓東段,157.00,都市：商
RPQOMLLLLHNFFBE97CC,過田子段,64.00,都市：商
RPVPMLKLLHNFFEE78CC,新庄段十三小段,8.75,都市：商
RPWPMLLLLHNFFGE56CC,文山段,245.00,都市：住
RPPNMLLLLHNFFJE58CC,大同段,1802.80,都市：工
RPSQMLMLLHNFFGE98CC,文山段,8.96,都市：住
RPRQMLMLLHNFFGE88CC,道爺段,19.03,都市：住
RPXOMLMLLHNFFFE56CC,大公段,84.00,都市：住
RPTNMLMLLHNFFAE18CC,龍華段七小段,73.00,都市：住
RPRNMLLLLHNFFIE68CC,赤南段,870.06,都市：住
RPTNMLMLLHNFFDE48CC,建民段,5.97,都市：住
RPSNMLMLLHNFFCE28CC,宏明段,188.41,都市：住
RPOOMLMLLHNFFCE97CC,莊段,140.00,都市：住
RPUNMLMLLHNFFBE38CC,過田子段,.00,都市：商
RPTNMLMLLHNFFBE28CC,過田子段,.00,都市：商
RPUNMLMLLHNFFEE68CC,新庄段六小段,.00,都市：住
RPWNMLMLLHNFFEE88CC,新庄段八小段,25.59,都市：住
RPQNMLMLLHNFFIE68CC,大腿段,662.00,都市：工
RPPOMLMLLHNFFEE28CC,右昌段六小段,.00,都市：住
RPSNMLMLLHNFFEE48CC,翠屏段三小段,386.92,都市：住
RPQNMLMLLHNFFEE28CC,福山段,.00,都市：商
RPQNMLLLLHNFFCE97CC,盛興段,33.43,都市：住
RPOPMLLLLHNFFCE97CC,青島段二小段,24.30,都市：住
RPVOMLNLLHNFFAE58CC,前金段,14.88,都市：商
RPUOMLNLLHNFFAE48CC,青海段,30.34,都市：住
RPRNMLNLLHNFFEE48CC,清楠段,19.16,都市：商
RPQPMLNLLHNFFEE58CC,楠梓段三小段,76.00,都市：商
RPVOMLMLLHNFFEE88CC,福民段,.00,都市：住
RPUOMLMLLHNFFEE78CC,新庄段十三小段,6.23,都市：商
RPOPMLMLLHNFFEE28CC,新庄段十三小段,8.67,都市：商
RPSPMLNLLHNFFEE78CC,新庄段七小段,20.07,都市：住
RPSPMLNLLHNFFEE78CC,新庄段七小段,.67,都市：住
RPSPMLNLLHNFFEE78CC,新庄段七小段,.63,都市：住
RPTPMLNLLHNFFEE88CC,菜公段二小段,925.62,都市：住
RPWOMLNLLHNFFAE68CC,前金段,11.34,都市：商
RPVPMLNLLHNFFEE09CC,清楠段,720.00,都市：住
RPXNMLNLLHNFFBE78CC,意誠段,8.11,都市：商
RPXNMLNLLHNFFBE78CC,意誠段,8.11,都市：商
RPUNMLNLLHNFFGE98CC,五甲段,101.00,都市：住
RPPNMLOLLHNFFAE97CC,龍中段,12.99,都市：住
RPXNMLNLLHNFFIE86CC,鳳松段,880.00,都市：其他
RPPNMLNLLHNFFGE48CC,新甲段,21.47,都市：住
RPVNMLNLLHNFFGE09CC,新甲段,53.00,都市：住
RPVNMLNLLHNFFGE09CC,新甲段,13.34,都市：住
RPQNMLOLLHNFFCE28CC,憲德段二小段,14.18,都市：商
RPROMLNLLHNFFBE28CC,苓中段,7.24,都市：商
RPROMLNLLHNFFBE28CC,苓中段,7.23,都市：商
RPROMLNLLHNFFBE28CC,苓中段,.01,都市：商
RPSOMLNLLHNFFBE38CC,苓中段,133.00,都市：商
RPUOMLQLLHNFFDE09CC,大港段七小段,47.00,都市：商
RPUOMLQLLHNFFDE09CC,大港段七小段,83.00,都市：商
RPRNMLQLLHNFFCE58CC,瑞隆段三小段,65.00,都市：商
RPPNMLQLLHNFFCE38CC,憲德段二小段,18.51,都市：商
RPXOMLQLLHNFFCE66CC,鎮昌段一小段,26.79,都市：住
RPVOMLQLLHNFFCE09CC,憲德段二小段,9.31,都市：商
RPVNMLQLLHNFFCE98CC,憲德段二小段,9.79,都市：住
RPWNMLQLLHNFFCE09CC,愛群段,14.57,都市：商
RPUNMLQLLHNFFCE88CC,愛群段,7.30,都市：商
RPROMLQLLHNFFCE68CC,愛群段,4.30,都市：商
RPPNMLQLLHNFFAE18CC,龍中段,7.55,都市：商
RPQNMLQLLHNFFAE28CC,前金段,1.78,都市：商
RPSOMLQLLHNFFAE58CC,龍中段,9.29,非都市： ; 非都市編定：
RPSNMLQLLHNFFAE48CC,青海段,24.15,都市：住
RPVOMLQLLHNFFBE98CC,林德官段一小段,25.20,都市：住
RPTOMLQLLHNFFBE78CC,大統段二小段,34.75,都市：商
RPSOMLQLLHNFFBE68CC,五塊厝段,7.00,都市：商
RPUOMLQLLHNFFBE88CC,福東段,70.00,都市：商
RPPNMLQLLHNFFBE28CC,苓西段,40.24,都市：住
RPXOMLQLLHNFFBE56CC,新興段四小段,5.47,都市：商
RPXOMLQLLHNFFBE56CC,新興段四小段,.04,都市：其他
RPPNMLQLLHNFFGE78CC,文山段,.00,都市：住
RPQOMLQLLHNFFGE98CC,新甲段,155.00,都市：住
RPQOMLQLLHNFFGE98CC,新甲段,6.25,都市：住
RPRPMLQLLHNFFBE78DC,新興段四小段,155.70,都市：商
RPTNMLQLLHNFFIE76CC,永仁段,198.81,都市：住
RPRNMLRLLHNFFGE09CC,文英段,22.21,都市：住
RPRNMLRLLHNFFIE66CC,澄觀段,68.20,都市：住
RPTPMLQLLHNFFBE88CC,林德官段,12.03,都市：商
RPWOMLQLLHNFFBE56DC,成功段,9.52,都市：商
RPRNMLRLLHNFFBE58CC,成功段,5.19,都市：商
RPOOMLRLLHNFFBE38CC,過田子段,18.79,都市：商
RPPOMLRLLHNFFBE48CC,苓洲段,5.35,都市：商
RPSNMLRLLHNFFBE68CC,苓洲段,.00,都市：商
RPTOMLRLLHNFFBE88CC,大統段二小段,76.00,都市：商
RPQOMLRLLHNFFBE58CC,新興段四小段,.00,都市：商
RPQPMLRLLHNFFBE68CC,福東段,26.38,都市：住
RPQPMLRLLHNFFBE68CC,福東段,5.96,都市：商
RPROMLRLLHNFFBE68CC,意誠段,4.80,都市：商
RPQNMLRLLHNFFAE38CC,青海段,7.11,都市：商
RPSNMLRLLHNFFAE58CC,龍中段,15.16,都市：商
RPRNMLQLLHNFFEE78CC,新庄段十三小段,7.68,都市：商
RPRNMLQLLHNFFEE78CC,新庄段十三小段,7.68,都市：商
RPRNMLQLLHNFFEE78CC,新庄段十三小段,6.21,都市：商
RPTNMLQLLHNFFEE98CC,援中段二小段,92.86,都市：住
RPSNMLQLLHNFFEE88CC,新庄段十三小段,8.67,都市：商
RPRNMLRLLHNFFEE88CC,新庄段十三小段,8.28,都市：商
RPWOMLQLLHNFFEE86DC,新庄段十三小段,46.23,都市：商
RPPQMLQLLHNFFEE88CC,新庄段二小段,33.31,都市：商
RPQNMLRLLHNFFEE78CC,新庄段十三小段,8.21,都市：商
RPSNMLRLLHNFFDE88CC,大裕段一小段,17.93,都市：住
RPXOMLRLLHNFFDE86CC,鼎泰段,.00,都市：住
RPPOMLRLLHNFFDE68CC,水源段,2.58,都市：商
RPPOMLRLLHNFFDE68CC,水源段,12.70,都市：住
RPOOMLRLLHNFFCE48CC,愛群段,81.53,都市：其他
RPPNMLSLLHNFFAE38CC,東金段,43.00,都市：商
RPPNMLSLLHNFFAE38CC,東金段,33.00,都市：商
RPPNMLSLLHNFFAE38CC,東金段,65.00,都市：商
RPPNMLSLLHNFFAE38CC,東金段,39.00,都市：商
RPUNMLRLLHNFFCE98CC,愛群段,7.61,都市：商
RPWNMLRLLHNFFEE76CC,福民段,.00,都市：住
RPUOMLQLLHNFFEE66DC,新庄段一小段,127.00,都市：住
RPTNMLRLLHNFFCE88CC,愛群段,7.29,都市：商
RPSNMLRLLHNFFEE98CC,新庄段十三小段,8.92,都市：商
RPRNMLSLLHNFFAE58CC,龍中段,25.18,都市：商
RPRNMLSLLHNFFAE58CC,龍中段,20.14,都市：商
RPRNMLSLLHNFFAE58CC,龍中段,18.99,都市：商
RPPPMLSLLHNFFCE78CC,瑞隆段四小段,36.75,都市：商
RPXNMLSLLHNFFAE56CC,興福段,13.21,都市：商
RPTNMLSLLHNFFAE78CC,青海段,4045.45,都市：住
RPQOMLSLLHNFFBE68CC,過田子段,.00,都市：商
RPUOMLTLLHNFFGE07CC,道爺段,1076.00,都市：住
RPPOMLSLLHNFFBE58CC,林德官段,16.41,都市：商
RPQOMLSLLHNFFGE56CC,文英段,13.80,都市：住
RPWNMLSLLHNFFGE07CC,華鳳段,18.18,都市：住
RPQNMLSLLHNFFGE09CC,七老爺段,79.23,都市：其他
RPWNMLTLLHNFFIE37CC,永和段,140.69,都市：住
RPPNMLTLLHNFFBE58CC,大統段三小段,109.19,都市：其他
RPQOMLTLLHNFFAE68CC,文東段,.00,都市：商
RPUOMLTLLHNFFBE56CC,新興段四小段,.00,都市：商
RPUOMLTLLHNFFBE56CC,新興段四小段,.00,都市：商
RPQNMLTLLHNFFDE88CC,鼎泰段,3858.00,都市：住
RPRNMLTLLHNFFDE98CC,灣和段,99.98,都市：住
RPVPMLSLLHNFFCE76CC,光華段,.00,都市：住
RPSNMLTLLHNFFDE09CC,灣愛段,18.61,都市：住
RPTNMLTLLHNFFCE09CC,瑞南段一小段,26.64,都市：商
RPPOMLTLLHNFFCE78CC,憲德段一小段,19.58,都市：商
RPPOMLTLLHNFFCE78CC,憲德段一小段,14.82,都市：商
RPTNMLTLLHNFFDE56CC,鼎泰段,24.29,都市：住
RPUNMLTLLHNFFEE76CC,新庄段十二小段,27.47,都市：住
RPXNMLTLLHNFFEE07CC,莒光段二小段,64.00,都市：商
RPUNMLKMLHNFFAE18CC,青海段,6.09,都市：商
RPVNMLKMLHNFFAE28CC,興橋段,.00,都市：商
RPRNMLKMLHNFFAE87CC,東金段,3.40,都市：商
RPXNMLKMLHNFFCE68CC,憲德段二小段,15.64,都市：商
RPOOMLKMLHNFFBE77CC,過田子段,.00,都市：商
RPOPMLKMLHNFFGE38CC,竹子腳段,22.84,都市：住
RPPPMLKMLHNFFBE97CC,過田子段,62.00,都市：商
RPSOMLKMLHNFFBE18CC,林德官段一小段,18.00,都市：住
RPVOMLKMLHNFFBE48CC,新興段三小段,35.14,都市：商
RPVOMLKMLHNFFBE48CC,新興段三小段,34.85,都市：商
RPUOMLKMLHNFFBE38CC,新興段一小段,22.59,都市：商
RPOPMLKMLHNFFBE87CC,過田子段,62.00,都市：商
RPOOMLKMLHNFFEE08CC,新庄段三小段,.00,都市：住
RPOOMLKMLHNFFEE08CC,新庄段三小段,.00,都市：住
RPQNMLLMLHNFFBE97CC,新興段四小段,.00,都市：商
RPQNMLLMLHNFFBE97CC,新興段四小段,.00,都市：商
RPOOMLLMLHNFFBE87CC,意誠段,5.76,都市：商
RPPOMLLMLHNFFBE97CC,大統段一小段,.00,都市：商
RPSNMLKMLHNFFEE38CC,藍田中段,.00,非都市： ; 非都市編定：
RPQNMLMJMHNFFBE87CC,正德段,57.95,都市：住
RPQNMLLJMHNFFDE97CC,大豐段二小段,20.64,都市：住
RPRNMLMJMHNFFBE97CC,衛武段,46.81,都市：住
RPWOMLMJMHNFFGE09CC,七老爺段,184.00,都市：住
RPWOMLMJMHNFFGE09CC,七老爺段,75.00,都市：住
RPWOMLMJMHNFFGE09CC,七老爺段,162.00,都市：其他
RPVNMLMJMHNFFBE38CC,衛武段,127.00,都市：商
RPXNMLMJMHNFFBE58CC,新興段一小段,29.00,都市：商
RPSOMLNJMHNFFIE98CC,松埔段,105.74,非都市：鄉村區 ; 非都市編定：乙種建築用地
RPSOMLNJMHNFFIE98CC,松埔段,10.22,非都市：鄉村區 ; 非都市編定：乙種建築用地
RPROMLNJMHNFFIE98DC,新後港西段,62.71,都市：住
RPQPMLMJMHNFFCE18CC,店子後段,101.00,都市：住
RPUPMLNJMHNFFGE09CC,竹子腳段,400.00,都市：住
RPUPMLNJMHNFFGE09CC,竹子腳段,605.00,都市：住
RPUPMLNJMHNFFGE09CC,竹子腳段,1226.00,都市：住
RPUPMLNJMHNFFGE09CC,竹子腳段,418.00,都市：住
RPTNMLMJMHNFFJE98CC,竹南段,84.08,都市：住
RPOOMLLMLHNFFCE97CC,憲德段一小段,.00,都市：住
RPOOMLLMLHNFFCE97CC,憲德段一小段,.00,都市：商
RPPOMLMJMHNFFEE18CC,清豐段,117.71,都市：住
RPTPMLNJMHNFFCE58CC,獅甲段二小段,31.62,都市：住
RPTNMLTLLHNFFEE66CC,果貿段,14.52,都市：住
RPOOMLNJMHNFFDE08CC,三塊厝段,4.53,都市：商
RPQNMLNJMHNFFDE18CC,鼎泰段,11.91,都市：住
RPVNMLNJMHNFFBE48CC,意誠段,.00,都市：商
RPWNMLNJMHNFFBE58CC,意誠段,.00,都市：商
RPXNMLNJMHNFFBE68CC,意誠段,.00,都市：商
RPPNMLOJMHNFFBE97CC,苓洲段,20.19,都市：商
RPPNMLOJMHNFFBE97CC,苓洲段,.33,都市：商
RPRNMLOJMHNFFAE08CC,青海段,4750.44,都市：住
RPPNMLOJMHNFFDE18CC,金獅段,6.42,都市：商
RPTNMLOJMHNFFAE28CC,龍中段,.00,都市：商
RPQNMLOJMHNFFDE28CC,建民段,101.25,都市：住
RPSNMLOJMHNFFAE18CC,青海段,6.51,都市：住
RPPNMLOJMHNFFIE68CC,竹園段,259.00,都市：農
RPROMLNJMHNFFBE18CC,意誠段,.00,都市：商
RPQNMLPJMHNFFJE98CC,大同段,92.70,都市：住
RPQNMLPJMHNFFJE98CC,大同段,28.72,都市：住
RPPNMLPJMHNFFDE28CC,灣中段,92.50,都市：住
RPOOMLNJMHNFFBE87CC,意誠段,.00,都市：商
RPQOMLNJMHNFFBE08CC,意誠段,.00,都市：商
RPQNMLPJMHNFFCE28CC,中厝段,558.00,都市：住
RPPNMLQJMHNFFAE08CC,龍中段,9.45,都市：商
RPPNMLQJMHNFFDE38CC,鼎中段,8.08,都市：商
RPUNMLQJMHNFFAE58CC,龍中段,16.02,都市：住
RPUOMLNJMHNFFBE48CC,新興段二小段,9.70,都市：商
RPPNMLPJMHNFFEE38CC,德昌段,12.50,都市：住
RPVNMLQJMHNFFAE68CC,龍中段,13.74,都市：商
RPVOMLQJMHNFFEE56CC,新光段,6.61,都市：商
RPUOMLQJMHNFFEE09CC,新光段,12.98,都市：商
RPWOMLQJMHNFFEE66CC,新庄段十三小段,6.53,都市：商
RPXOMLQJMHNFFEE76CC,果貿段,45.01,都市：其他
RPWNMLQJMHNFFAE78CC,青海段,20.65,都市：住
RPXNMLQJMHNFFAE88CC,龍華段八小段,8.18,都市：商
RPPOMLQJMHNFFAE18CC,文東段,72.00,都市：商
RPOOMLQJMHNFFAE08CC,青海段,7.07,都市：住
RPQNMLQJMHNFFGE78CC,新庄子段,79.00,都市：住
RPPNMLSJMHNFFAE28CC,青海段,.00,都市：住
RPTNMLTJMHNFFAE78CC,民生段,64.00,都市：商
RPVNMLTJMHNFFAE98CC,青海段,6.09,都市：商
RPPNMLTJMHNFFAE38CC,青海段,.00,都市：住
RPQNMLQJMHNFFCE38CC,愛群段,7.29,都市：商
RPTNMLQJMHNFFBE58CC,意誠段,.00,都市：商
RPVNMLTJMHNFFBE09CC,成功段,.00,都市：商
RPRNMLQJMHNFFBE38CC,苓洲段,5.28,都市：商
RPUNMLQJMHNFFBE68CC,五塊厝段三小段,38.80,都市：住
RPSNMLQJMHNFFBE48CC,新興段二小段,15.56,都市：商
RPROMLTJMHNFFDE98CC,獅頭段一小段,.00,都市：商
RPUOMLTJMHNFFDE66CC,灣內段,72.00,都市：住
RPSOMLTJMHNFFDE09CC,獅頭段一小段,.00,都市：商
RPUNMLTJMHNFFDE56CC,大港段三小段,78.00,都市：商
RPTNMLTJMHNFFDE09CC,鼎新段,78.05,都市：住
RPXNMLTJMHNFFDE86CC,義民段,17.60,都市：住
RPWOMLKKMHNFFGE98CC,五甲段,84.00,都市：住
RPUNMLTJMHNFFGE86CC,竹子腳段,76.00,都市：住
RPROMLKKMHNFFGE48CC,新庄子段,44.29,都市：住
RPXNMLTJMHNFFEE96CC,新庄段八小段,25.46,都市：住
RPRNMLTJMHNFFEE98CC,新庄段十二小段,.00,都市：住
RPWPMLTJMHNFFEE07CC,新庄段十三小段,.00,都市：住
RPVOMLTJMHNFFEE86CC,新福段十小段,84.55,都市：住
RPWNMLKKMHNFFIE09CC,大安段,340.00,都市：住
RPSNMLTJMHNFFEE09CC,新庄段十二小段,35.86,都市：住
RPQPMLKKMHNFFGE48CC,新甲段,571.00,都市：住
RPTNMLTJMHNFFCE98CC,鎮昌段一小段,.00,都市：住
RPUOMLKKMHNFFEE58CC,新庄段六小段,103.00,都市：住
RPUNMLKKMHNFFDE48DC,凱歌段,30.78,都市：住
RPWQMLKKMHNFFEE98CC,福民段,95.50,都市：住
RPTQMLKKMHNFFEE68CC,芎蕉段,1217.30,都市：住
RPSQMLKKMHNFFEE58CC,新庄段十二小段,138.00,都市：住
RPPNMLKKMHNFFDE87CC,建民段,3.87,都市：商
RPRNMLKKMHNFFBE87CC,過田子段,.00,都市：商
RPROMLKKMHNFFDE18CC,澄清段一小段,108.00,都市：住
RPWOMLKKMHNFFDE68CC,建德段,46.00,都市：商
RPXNMLKKMHNFFDE68CC,長明段,11.50,都市：商
RPPPMLKKMHNFFDE08CC,灣和段,.00,都市：住
RPRNMLKKMHNFFDE08CC,大港段四小段,.00,都市：住
RPUNMLKKMHNFFCE28CC,光華段,44.00,都市：住
RPQNMLKKMHNFFCE87CC,獅甲段二小段,.00,都市：住
RPPNMLKKMHNFFAE57CC,北金段,6.59,都市：商
RPOOMLLKMHNFFAE67CC,內惟段二小段,133.00,都市：商
RPTNMLKKMHNFFDE28CC,大港段二小段,.00,都市：商
RPTPMLLKMHNFFCE48CC,瑞崗段五小段,114.00,都市：住
RPTPMLKKMHNFFGE78CC,牛潮埔段,.00,都市：住
RPUPMLLKMHNFFCE58CC,光華段,84.00,都市：商
RPVNMLLKMHNFFEE68CC,新光段,10.50,都市：商
RPVPMLLKMHNFFEE88CC,新庄段八小段,24.46,都市：住
RPQOMLLKMHNFFIE68CC,慈惠段,1504.09,都市：住
RPROMLLKMHNFFIE78CC,文武段,64.80,都市：住
RPQNMLLKMHNFFBE87CC,林德官段,.16,都市：商
RPQNMLLKMHNFFBE87CC,林德官段,11.08,都市：商
RPUNMLLKMHNFFBE28CC,新興段二小段,18.90,都市：商
RPTNMLLKMHNFFBE18CC,成功段,13.68,都市：商
RPXNMLLKMHNFFBE58CC,意誠段,.00,都市：商
RPRNMLLKMHNFFBE97CC,新興段二小段,7.12,都市：商
RPRNMLMKMHNFFIE78CC,八德段,68.94,都市：住
RPRNMLMKMHNFFIE78CC,八德段,7.01,都市：住
RPRNMLMKMHNFFIE78CC,八德段,961.36,都市：住
RPRNMLMKMHNFFIE78CC,八德段,277.59,都市：住
RPVNMLLKMHNFFBE38CC,苓洲段,.00,都市：商
RPVNMLLKMHNFFBE38CC,苓洲段,.00,都市：商
RPVNMLLKMHNFFBE38CC,苓洲段,.00,都市：商
RPWNMLLKMHNFFBE48CC,苓洲段,.00,都市：商
RPWNMLLKMHNFFBE48CC,苓洲段,.00,都市：商
RPWNMLLKMHNFFBE48CC,苓洲段,.00,都市：商
RPQNMLMKMHNFFGE48CC,五甲段,59.23,都市：住
RPQNMLMKMHNFFCE08CC,憲德段二小段,.00,都市：商
RPUOMLMKMHNFFCE58CC,瑞崗段四小段,54.00,都市：商
RPTOMLMKMHNFFFE78CC,安西段,335.30,都市：工
RPQNMLMKMHNFFDE18CC,獅頭段,.00,都市：商
RPQNMLMKMHNFFBE97CC,新興段四小段,.00,都市：商
RPQNMLMKMHNFFBE97CC,新興段四小段,.00,都市：商
RPRNMLMKMHNFFAE97CC,龍中段,32.91,都市：商
RPWNMLMKMHNFFAE48CC,青海段,117.46,都市：住
RPXNMLNKMHNFFBE78CC,苓雅寮段,18.01,都市：住
RPVNMLMKMHNFFEE78CC,藍田中段,.00,都市：住
RPWOMLMKMHNFFEE98CC,新庄段十二小段,.00,都市：住
RPSOMLMKMHNFFEE58CC,新光段,40.01,都市：商
RPSOMLMKMHNFFEE58CC,新光段,128.20,都市：商
RPSOMLNKMHNFFAE28CC,龍北段,10.26,都市：住
RPQOMLNKMHNFFBE18CC,五權段,16.17,都市：其他
RPQOMLNKMHNFFBE18CC,五權段,9.32,都市：其他
RPTOMLMKMHNFFEE68CC,新庄段十三小段,166.00,都市：住
RPROMLMKMHNFFAE08CC,龍華段二小段,.00,都市：住
RPSNMLMKMHNFFEE48CC,藍田中段,.00,都市：住
RPTNMLNKMHNFFAE28CC,青海段,13.20,都市：住
RPQOMLNKMHNFFDE38CC,獅頭段一小段,13.47,都市：商
RPROMLNKMHNFFCE38CC,店鎮段,22.09,都市：住
RPQNMLOKMHNFFCE28CC,盛興段,64.00,都市：住
RPPNMLOKMHNFFDE28CC,獅頭段一小段,31.13,都市：商
RPQNMLOKMHNFFDE38CC,建民段,.00,都市：商
RPPNMLOKMHNFFBE08CC,新興段一小段,38.00,都市：商
RPPNMLOKMHNFFBE08CC,新興段一小段,89.00,都市：商
RPRNMLOKMHNFFDE48CC,鼎泰段,.00,都市：住
RPRNMLOKMHNFFAE18CC,青海段,.00,都市：商
RPQNMLOKMHNFFIE88CC,竹園段,236.00,都市：農
RPPNMLOKMHNFFIE78CC,善德段,529.00,都市：農
RPUOMLQKMHNFFAE78CC,北金段,.00,都市：住
RPPNMLQKMHNFFBE28CC,新興段三小段,55.00,都市：商
RPTNMLQKMHNFFDE88CC,大港段五小段,.00,都市：商
RPWNMLQKMHNFFCE09CC,光華段一小段,64.00,都市：住
RPOOMLQKMHNFFCE38CC,光華段一小段,10.78,都市：住
RPPOMLQKMHNFFCE48CC,宏明段,9.26,都市：住
RPSPMLNKMHNFFEE78CC,和平段二小段,50.22,都市：商
RPSPMLNKMHNFFEE78CC,和平段二小段,50.22,都市：商
RPUPMLNKMHNFFEE98CC,福民段,14.51,都市：住
RPPQMLNKMHNFFEE58CC,新庄段十三小段,12.35,都市：住
RPXNMLQKMHNFFEE76CC,清楠段,35.40,都市：住
RPPQMLQKMHNFFEE88CC,新庄段十三小段,.00,都市：商
RPPQMLQKMHNFFEE88CC,新庄段十三小段,.00,都市：商
RPQNMLOKMHNFFEE48CC,和平段五小段,10.74,都市：住
RPSNMLRKMHNFFAE58CC,青海段,.00,都市：住
RPOOMLRKMHNFFAE28CC,青海段,6.82,都市：住
RPWNMLRKMHNFFAE98CC,博孝段,6.12,都市：商
RPPOMLRKMHNFFAE38CC,龍華段二小段,92.00,都市：住
RPWNMLOKMHNFFEE09CC,新福段七小段,.00,都市：住
RPQOMLRKMHNFFAE48CC,前峰段,.00,都市：住
RPQOMLRKMHNFFDE78CC,建民段,10.00,都市：商
RPOPMLRKMHNFFEE78CC,福山段,6.96,都市：商
RPUPMLRKMHNFFEE76CC,楠都段一小段,297.00,都市：商
RPUPMLRKMHNFFEE76CC,楠都段一小段,72.00,都市：商
RPUNMLRKMHNFFFE66CC,內庄段,396.69,都市：其他
RPWNMLRKMHNFFFE86CC,灣裡西段,661.00,都市：工
RPTOMLRKMHNFFCE98CC,店子後段,101.00,都市：住
RPUOMLRKMHNFFCE09CC,竹北段,23.45,都市：住
RPVNMLSKMHNFFGE96CC,三甲段,65.60,都市：住
RPUNMLSKMHNFFAE88CC,青海段,6.60,都市：商
RPVOMLSKMHNFFGE07CC,大貝湖段,.00,都市：住
RPRNMLSKMHNFFBE68CC,新興段二小段,.00,都市：商
RPSNMLSKMHNFFBE78CC,過田子段,.00,都市：商
RPVNMLSKMHNFFBE09CC,大統段一小段,13.04,都市：商
RPUNMLSKMHNFFBE98CC,過田子段,.00,都市：商
RPRPMLSKMHNFFBE88CC,新興段四小段,5.80,都市：商
RPTNMLRKMHNFFIE86CC,新赤山段,104.23,都市：住
RPVNMLRKMHNFFIE07CC,灣勢段,695.87,都市：農
RPVNMLRKMHNFFIE07CC,灣勢段,83.83,都市：農
RPPOMLSKMHNFFCE68CC,獅甲段二小段,.00,非都市： ; 非都市編定：
RPWOMLSKMHNFFCE76CC,瑞崗段四小段,45.00,都市：商
RPUNMLTKMHNFFCE56CC,籬子內段崗山子小段,6.57,都市：住
RPSNMLSKMHNFFFE56CC,大公段,130.00,都市：商
RPSNMLSKMHNFFFE56CC,大公段,170.00,都市：商
RPRNMLTKMHNFFGE66CC,竹子腳段,15.20,都市：住
RPSOMLTKMHNFFBE98CC,意誠段,8.20,都市：商
RPSOMLTKMHNFFBE98CC,意誠段,3.72,都市：商
RPROMLTKMHNFFEE56CC,新庄段五小段,.00,都市：住
RPVNMLTKMHNFFGE07CC,新甲段,135.00,都市：住
RPUNMLTKMHNFFGE96CC,鳳甲段,19.64,都市：住
RPWNMLTKMHNFFGE17CC,新甲段,135.00,都市：住
RPUOMLTKMHNFFGE07CC,文山段,31.20,都市：住
RPQPMLTKMHNFFGE76CC,文山段,10.81,都市：住
RPVOMLTKMHNFFGE17CC,文山段,83.47,都市：住
RPVOMLTKMHNFFGE17CC,文山段,3.08,都市：住
RPVNMLTKMHNFFIE27CC,仁雄段,135.27,都市：住
RPXNMLTKMHNFFIE47CC,澄合段,22.37,都市：其他
RPUPMLSKMHNFFDE76CC,新都段,.00,都市：商
RPTOMLTKMHNFFBE09CC,大統段二小段,123.00,都市：商
RPSOMLKLMHNFFIE88CC,澄清段,158.67,都市：住
RPRNMLKLMHNFFIE68CC,八德段,97.99,都市：住
RPPPMLKLMHNFFGE48CC,新庄子段,54.47,都市：住
RPWOMLTKMHNFFDE96CC,大港段,317.82,都市：住
RPRQMLTKMHNFFDE66CC,建安段,195.00,都市：商
RPPNMLKLMHNFFLE78CC,翁公園段,3008.00,都市：農
RPRNMLKLMHNFFBE97CC,成功段,.00,都市：商
RPROMLKLMHNFFAE97CC,前金段,6.98,都市：住
RPSOMLKLMHNFFBE18CC,新興段一小段,8.66,都市：住
RPUNMLKLMHNFFBE28CC,林德官段,6.92,都市：商
RPSPMLKLMHNFFDE48CC,大港段二小段,.01,都市：商
RPOOMLKLMHNFFDE97CC,覆鼎金段覆鼎金小段,35.12,都市：住
RPTNMLKLMHNFFDE38CC,長明段,3.99,都市：商
RPPPMLKLMHNFFDE18CC,大港段二小段,.01,都市：商
RPOQMLKLMHNFFDE18CC,覆鼎金段覆鼎金小段,10.13,都市：住
RPPNMLKLMHNFFDE97CC,建民段,.00,都市：商
RPVPMLKLMHNFFDE78CC,水源段,75.58,都市：商
RPPNMLMLMHNFFAE87CC,青海段,71.09,都市：住
RPPNMLLLMHNFFDE08CC,大港段,.00,都市：住
RPPNMLLLMHNFFBE87CC,大統段二小段,70.00,都市：商
RPUNMLNLMHNFFAE48CC,前金段,5.35,都市：商
RPUNMLNLMHNFFAE48CC,前金段,33.59,都市：商
RPWNMLNLMHNFFAE68CC,前金段,18.80,都市：商
RPXNMLNLMHNFFBE88CC,新興段二小段,88.00,都市：商
RPRNMLKLMHNFFCE08CC,愛群段,4.51,都市：商
RPPOMLKLMHNFFCE97CC,愛群段,8.10,都市：住
RPSOMLKLMHNFFCE28CC,瑞崗段四小段,29.30,都市：住
RPXNMLNLMHNFFDE09CC,大港段三小段,84.00,都市：住
RPQPMLNLMHNFFDE58CC,陽明段四小段,.00,都市：住
RPUNMLNLMHNFFCE68CC,二苓段,24.40,都市：住
RPSOMLNLMHNFFDE68CC,大豐段三小段,.00,都市：住
RPVOMLNLMHNFFGE66CC,文英段,6.63,都市：住
RPWOMLNLMHNFFGE76CC,鳳青段,176.94,都市：住
RPWOMLNLMHNFFGE76CC,鳳青段,176.93,都市：住
RPWOMLNLMHNFFGE76CC,鳳青段,15.00,都市：住
RPUOMLNLMHNFFGE56CC,文山段,14.99,都市：住
RPVNMLNLMHNFFJE86CC,大湖段,314.00,都市：農
RPUNMLNLMHNFFFE98CC,岡山段,126.00,都市：住
RPUNMLNLMHNFFFE98CC,成功段,11.00,都市：住
RPOOMLKLMHNFFEE08CC,新庄段十三小段,8.67,都市：商
RPUNMLKLMHNFFEE58CC,新庄段十三小段,6.70,都市：商
RPVNMLOLMHNFFGE66CC,新庄子段,24.76,都市：住
RPTOMLKLMHNFFEE68DC,新庄段十二小段,937.00,都市：住
RPOPMLOLMHNFFCE38CC,店鎮段,72.00,都市：住
RPVNMLOLMHNFFDE98CC,大港段,9.38,都市：住
RPQNMLOLMHNFFAE18CC,青海段,64.19,都市：住
RPPNMLPLMHNFFAE18CC,民生段,26.05,都市：商
RPRNMLPLMHNFFAE38CC,前金段,2.07,都市：商
RPRNMLPLMHNFFAE38CC,前金段,2.07,都市：商
RPRNMLPLMHNFFAE38CC,前金段,2.07,都市：商
RPROMLPLMHNFFAE48CC,青海段,87.05,都市：住
RPSOMLPLMHNFFAE58CC,龍華段八小段,.00,都市：商
RPTOMLPLMHNFFAE68CC,龍中段,79.90,都市：商
RPVNMLNLMHNFFIE76CC,灣勢段,1928.91,都市：農
RPTPMLPLMHNFFDE09CC,大順段,.00,都市：住
RPTPMLPLMHNFFDE09CC,大順段,.00,都市：商
RPUNMLPLMHNFFDE98CC,大順段,6.38,都市：商
RPUNMLPLMHNFFDE98CC,大順段,19.61,都市：住
RPUOMLPLMHNFFDE09CC,獅頭段,9.56,都市：住
RPXNMLPLMHNFFDE66CC,鼎金段,83.12,都市：住
RPPOMLPLMHNFFGE88CC,埤頂段,45.21,都市：住
RPQNMLPLMHNFFBE38CC,過田子段,95.00,都市：商
RPXNMLPLMHNFFBE09CC,過田子段,6.58,都市：商
RPQNMLPLMHNFFFE78CC,典寶段,99.72,非都市：一般農業區 ; 非都市編定：甲種建築用地
RPXNMLPLMHNFFIE17CC,澄清段,8.27,都市：住
RPXNMLPLMHNFFIE17CC,澄清段,61.61,都市：住
RPWNMLQLMHNFFGE07DC,文英段,1588.00,都市：住
RPQOMLQLMHNFFFE98CC,岡山段,34.47,都市：住
RPXNMLQLMHNFFGE07CC,鳳頂段,70.07,都市：住
RPTNMLOLMHNFFEE88CC,新庄段十三小段,.00,非都市： ; 非都市編定：
RPPNMLPLMHNFFEE58CC,福民段,.00,都市：住
RPVOMLPLMHNFFEE66CC,新庄段三小段,.00,都市：住
RPVOMLPLMHNFFEE66CC,新庄段三小段,.00,都市：住
RPXOMLPLMHNFFEE86CC,新庄段十三小段,6.69,都市：商
RPXNMLNLMHNFFEE56CC,新庄段一小段,.00,都市：其他
RPRNMLNLMHNFFEE58CC,新庄段七小段,12.14,都市：住
RPRPMLPLMHNFFEE98CC,左東段,15.59,都市：住
RPQNMLQLMHNFFEE78CC,福山段,11.57,都市：住
RPROMLPLMHNFFEE98DC,楠都段四小段,18.45,都市：住
RPSPMLQLMHNFFBE88CC,新興段一小段,.00,都市：商
RPSPMLQLMHNFFCE98CC,二苓段,.00,非都市： ; 非都市編定：
RPTPMLQLMHNFFCE09CC,佛公段,31.54,都市：商
RPVPMLQLMHNFFBE56CC,林德官段,36.00,都市：商
RPVPMLQLMHNFFBE56CC,林德官段,4.00,都市：商
RPXPMLQLMHNFFBE76CC,林德官段,259.00,都市：商
RPQOMLQLMHNFFAE48CC,青海段,.00,都市：住
RPSNMLQLMHNFFAE58CC,青海段,49.38,都市：住
RPSNMLQLMHNFFAE58CC,青海段,113.00,都市：住
RPRNMLQLMHNFFEE98DC,清楠段,82.79,都市：住
RPOOMLRLMHNFFAE38CC,龍華段七小段,3.13,都市：住
RPOOMLRLMHNFFAE38CC,龍華段七小段,11.74,都市：住
RPOOMLRLMHNFFAE38CC,龍華段七小段,3.13,都市：住
RPXNMLRLMHNFFBE66CC,新興段一小段,47.00,都市：商
RPOOMLRLMHNFFDE68CC,灣復段,73.01,都市：商
RPQOMLRLMHNFFCE78CC,鎮東段,63.00,都市：住
RPQOMLRLMHNFFCE78CC,鎮東段,1.00,都市：住
RPWNMLRLMHNFFEE86CC,加昌段二小段,6.81,都市：住
RPWOMLRLMHNFFCE76CC,瑞南段一小段,26.42,都市：住
RPROMLRLMHNFFCE88CC,莊段,7.89,都市：商
RPPOMLRLMHNFFGE09CC,新甲段,68.00,都市：住
RPWOMLQLMHNFFEE86CC,福山段,14.89,都市：住
RPVNMLQLMHNFFEE66CC,菜公段六小段,.00,都市：住
RPSNMLRLMHNFFBE88DC,苓雅寮段,12.54,都市：商
RPRNMLSLMHNFFGE66CC,埤頂段,21.00,都市：住
RPQNMLRLMHNFFIE66CC,澄清段,158.67,都市：住
RPSOMLKMMHNFFAE18CC,龍中段,.00,都市：商
RPUNMLKMMHNFFAE28CC,青海段,.00,都市：住
RPROMLKMMHNFFAE08CC,青海段,.00,都市：住
RPUNMLSLMHNFFBE09CC,意誠段,.00,都市：商
RPPNMLSLMHNFFBE58CC,意誠段,.00,都市：商
RPSNMLSLMHNFFBE88CC,意誠段,.00,都市：商
RPTNMLSLMHNFFBE98CC,意誠段,.00,都市：商
RPQNMLKMMHNFFBE97CC,新興段四小段,.00,都市：商
RPQNMLKMMHNFFBE97CC,新興段四小段,.00,都市：商
RPRNMLSLMHNFFBE78CC,意誠段,.00,都市：商
RPQNMLSLMHNFFBE68CC,意誠段,.00,都市：商
RPWNMLKMMHNFFEE88CC,果貿段,19.80,都市：住
RPVPMLKMMHNFFEE98CC,果貿段,.00,都市：住
RPVNMLKMMHNFFEE78CC,和平段二小段,13.34,都市：住
RPUNMLKMMHNFFDE58CC,建昌段,16.16,都市：其他
RPUNMLKMMHNFFDE58CC,建昌段,12.26,都市：住
RPWNMLKMMHNFFCE68CC,光華段一小段,.00,都市：商
RPWNMLKMMHNFFCE68CC,光華段一小段,.00,都市：住
RPPNMLMJNHNFFAE77CC,青海段,7.40,都市：商
RPVNMLMJNHNFFDE68CC,灣中段,12.00,都市：商
RPVNMLMJNHNFFDE68CC,灣中段,.03,都市：商
RPOPMLMJNHNFFDE18CC,三塊厝段二小段,.00,都市：商
RPTOMLMJNHNFFDE58CC,大港段三小段,3.83,都市：商
RPSNMLMJNHNFFAE08CC,前金段,1.14,都市：商
RPTNMLMJNHNFFAE18CC,文東段,48.10,都市：商
RPTOMLMJNHNFFAE28CC,龍中段,17.97,都市：其他
RPTNMLMJNHNFFBE28CC,新興段二小段,19.68,都市：商
RPVOMLMJNHNFFAE48CC,鼓中段五小段,.00,都市：住
RPVOMLMJNHNFFAE48CC,鼓中段五小段,.00,都市：住
RPQNMLNJNHNFFBE08CC,過田子段,88.00,都市：其他
RPRNMLNJNHNFFBE18CC,新興段二小段,.00,都市：商
RPVNMLNJNHNFFBE58CC,新興段四小段,.00,都市：商
RPVNMLNJNHNFFBE58CC,新興段四小段,.00,都市：商
RPWNMLNJNHNFFBE68CC,過田子段,.00,都市：商
RPXNMLNJNHNFFBE78CC,過田子段,.00,都市：商
RPQNMLNJNHNFFAE97CC,龍華段一小段,38.59,都市：住
RPRNMLNJNHNFFAE08CC,龍華段八小段,555.00,都市：住
RPTNMLNJNHNFFAE28CC,文東段,24.30,都市：商
RPPOMLNJNHNFFAE97CC,龍華段一小段,1248.00,都市：住
RPUOMLMJNHNFFBE48CC,五權段,51.17,都市：住
RPRNMLNJNHNFFDE38CC,大港段,1.57,都市：住
RPRNMLNJNHNFFDE38CC,大港段,1.96,都市：住
RPRNMLNJNHNFFDE38CC,大港段,1.54,都市：住
RPRNMLNJNHNFFDE38CC,大港段,1.41,都市：住
RPRNMLNJNHNFFDE38CC,大港段,18.59,都市：住
RPQNMLNJNHNFFDE28CC,覆鼎金段覆鼎金小段,15.22,都市：商
RPPNMLMJNHNFFBE87CC,新興段四小段,8.15,都市：商
RPPNMLMJNHNFFBE87CC,新興段四小段,2.10,都市：商
RPROMLMJNHNFFBE18CC,苓洲段,4.33,都市：商
RPSNMLNJNHNFFCE38CC,店子後段,101.00,都市：住
RPTOMLNJNHNFFEE78CC,新福段七小段,11.13,都市：住
RPXOMLNJNHNFFEE56CC,菜公段六小段,.00,都市：住
RPRNMLOJNHNFFAE18CC,龍中段,.00,都市：住
RPUNMLOJNHNFFBE58CC,意誠段,.00,都市：商
RPVPMLNJNHNFFEE09CC,楠梓段四小段,379.00,都市：其他
RPVPMLNJNHNFFEE09CC,楠梓段四小段,15.00,都市：其他
RPVPMLNJNHNFFEE09CC,楠梓段四小段,9.00,都市：其他
RPVPMLNJNHNFFEE09CC,楠梓段四小段,9.00,都市：其他
RPVPMLNJNHNFFEE09CC,楠梓段四小段,7.00,都市：其他
RPWOMLNJNHNFFEE09CC,藍昌段二小段,9.53,都市：商
RPPOMLOJNHNFFCE28CC,高松段二小段,89.41,都市：住
RPVNMLOJNHNFFBE68CC,意誠段,.00,都市：商
RPSNMLOJNHNFFBE38CC,林德官段,.00,都市：商
RPOOMLOJNHNFFCE18CC,竹北段,26.73,都市：住
RPWNMLOJNHNFFBE78CC,意誠段,.00,都市：商
RPXNMLOJNHNFFBE88CC,意誠段,.00,都市：商
RPPNMLPJNHNFFAE08CC,東金段,29.13,都市：商
RPPNMLQJNHNFFAE18CC,龍華段一小段,.00,都市：住
RPQOMLOJNHNFFJE09CC,海埔段,203.00,都市：工
RPPNMLQJNHNFFIE98CC,赤南段,77.00,都市：住
RPVNMLRJNHNFFAE88CC,龍華段八小段,8.77,都市：商
RPUNMLRJNHNFFBE88CC,林聖段,.00,非都市： ; 非都市編定：
RPUNMLPJNHNFFIE76CC,松埔段,40.99,非都市：鄉村區 ; 非都市編定：乙種建築用地
RPQNMLPJNHNFFEE58CC,新庄段六小段,29.87,都市：住
RPXOMLRJNHNFFCE76CC,鳳宮段,12.53,都市：商
RPQNMLRJNHNFFCE58CC,愛群段,7.61,都市：商
RPQNMLRJNHNFFCE58CC,愛群段,5.40,都市：商
RPQNMLRJNHNFFCE58CC,愛群段,7.61,都市：商
RPTOMLRJNHNFFDE09CC,三塊厝段,325.00,都市：商
RPTOMLRJNHNFFDE09CC,三塊厝段,163.00,都市：商
RPTOMLRJNHNFFDE09CC,三塊厝段,154.00,都市：商
RPUNMLRJNHNFFDE09CC,灣昌段,89.52,都市：商
RPQNMLRJNHNFFDE68CC,三塊厝段,162.00,都市：商
RPQPMLRJNHNFFCE78CC,獅甲段一小段,37.06,都市：住
RPTNMLRJNHNFFDE98CC,大裕段一小段,29.10,都市：住
RPOOMLRJNHNFFDE58CC,澄東段,21.02,都市：住
RPOOMLSJNHNFFDE68CC,大港段,24.52,都市：住
RPXNMLSJNHNFFDE86CC,大豐段二小段,112.00,都市：其他
RPQPMLSJNHNFFDE98CC,獅頭段,32.40,都市：商
RPTOMLSJNHNFFDE56CC,三塊厝段,.00,都市：商
RPTOMLSJNHNFFDE56CC,三塊厝段,.00,都市：商
RPRPMLSJNHNFFDE09CC,獅頭段,32.40,都市：商
RPSQMLSJNHNFFDE66CC,獅頭段,9.14,都市：住
RPSQMLSJNHNFFDE66CC,獅頭段,1.57,都市：商
RPVOMLSJNHNFFDE76CC,建民段,192.06,都市：住
RPVOMLSJNHNFFDE76CC,建民段,102.50,都市：住
RPXQMLSJNHNFFDE17CC,大港段三小段,.00,都市：商
RPWNMLSJNHNFFCE66CC,獅甲段,803.00,都市：其他
RPQNMLSJNHNFFCE68CC,愛群段,.00,都市：商
RPWNMLSJNHNFFAE09CC,大東段,55.00,都市：商
RPSOMLSJNHNFFCE98CC,仁愛段,265.00,都市：工
RPWOMLSJNHNFFEE96CC,新庄段十二小段,170.00,都市：住
RPPOMLSJNHNFFIE66CC,八德段,99.83,都市：住
RPWNMLSJNHNFFBE56CC,林聖段一小段,11.50,都市：商
RPPOMLSJNHNFFBE58CC,林德官段,2.74,非都市： ; 非都市編定：
RPPOMLSJNHNFFBE58CC,林德官段,14.01,非都市： ; 非都市編定：
RPVOMLSJNHNFFGE07CC,文山段,.00,都市：住
RPOOMLSJNHNFFLE86CC,磚子段,810.00,都市：工
RPOOMLSJNHNFFLE86CC,磚子段,120.00,都市：工
RPVNMLTJNHNFFIE27CC,北屋段,75.53,都市：住
RPRNMLTJNHNFFBE78CC,林德官段二小段,.00,都市：住
RPQNMLTJNHNFFBE68CC,過田子段,64.00,都市：商
RPSNMLTJNHNFFBE88CC,五塊厝段,.00,都市：商
RPTNMLTJNHNFFBE98CC,意誠段,.00,都市：商
RPPOMLTJNHNFFBE68CC,武聖段,45.72,都市：住
RPOOMLTJNHNFFBE58CC,苓洲段,5.35,都市：商
RPXNMLTJNHNFFBE76CC,苓洲段,4.33,都市：商
RPROMLTJNHNFFAE78CC,龍華段二小段,30.33,都市：商
RPSOMLTJNHNFFAE88CC,內惟段一小段,80.00,都市：住
RPPPMLTJNHNFFEE09CC,新庄段十二小段,.00,都市：住
RPQPMLTJNHNFFEE56CC,新庄段五小段,9.42,都市：住
RPTNMLTJNHNFFDE56CC,澄東段,22.89,都市：住
RPQPMLKKNHNFFDE28CC,建豐段,6.84,都市：商
RPSNMLKKNHNFFCE18CC,獅甲段二小段,18.40,都市：商
RPVOMLTJNHNFFCE76CC,憲德段二小段,.00,都市：商
RPWNMLTJNHNFFCE76CC,瑞南段一小段,8.22,都市：商
RPVNMLKKNHNFFCE48CC,愛群段,891.00,都市：商
RPSOMLKKNHNFFCE28CC,獅甲段一小段,37.62,都市：住
RPTNMLKKNHNFFCE28CC,仁愛段,12.00,都市：商
RPTNMLKKNHNFFCE28CC,仁愛段,28.00,都市：商
RPTNMLKKNHNFFCE28CC,仁愛段,12.00,都市：商
RPTNMLKKNHNFFCE28CC,仁愛段,10.00,都市：商
RPTNMLKKNHNFFCE28CC,仁愛段,8.00,都市：商
RPTNMLKKNHNFFCE28CC,仁愛段,101.00,都市：商
RPTNMLKKNHNFFCE28CC,仁愛段,157.00,都市：商
RPWNMLSJNHNFFFE96CC,嘉興段,9933.00,非都市：特定農業區 ; 非都市編定：農牧用地
RPROMLKKNHNFFEE38CC,新庄段十三小段,885.00,都市：商
RPPNMLKKNHNFFAE67CC,龍華段一小段,.00,都市：住
RPOOMLKKNHNFFAE67CC,青海段,19.84,都市：住
RPXOMLKKNHNFFAE58CC,博孝段,5.50,都市：商
RPSNMLKKNHNFFAE97CC,青海段,17.13,都市：住
RPUNMLKKNHNFFAE18CC,北金段,6.57,都市：商
RPOPMLKKNHNFFAE77CC,鼓中段五小段,41.13,都市：商
RPOPMLKKNHNFFAE77CC,鼓中段五小段,.10,都市：商
RPROMLKKNHNFFIE78CC,大安段,187.00,都市：其他
RPUPMLKKNHNFFIE56CC,永仁段,.00,都市：住
RPQOMLKKNHNFFGE48CC,竹子腳段,.00,都市：住
RPTNMLKKNHNFFBE18CC,林德官段一小段,.00,非都市： ; 非都市編定：
RPQNMLKKNHNFFBE87CC,新興段四小段,66.00,都市：商
RPUNMLKKNHNFFBE28CC,新興段四小段,48.00,都市：商
RPPOMLKKNHNFFBE87CC,新興段二小段,6.55,都市：商
