﻿編號,屋齡,建物移轉面積平方公尺,主要用途,主要建材,建築完成日期,總層數,建物分層
The serial number,room age,building shifting area square meter,the main use,main building materials,construction completes the date,total layer,building lamination
RPPNMLPKLHNFFDQ86CC,10,433.14,見其他登記事項,鋼筋混凝土造,96年8月22日,四層,
RPUNMLQKLHNFFDQ47CC,36,116.18,住商用,鋼筋混凝土加強磚造,70年11月28日,二層,
RPQNMLPJLHNFFBQ66CC,12,26.61,住家用,鋼筋混凝土造,95年8月28日,八層,
RPXNMLOLMHNFFBQ57CC,21,81.00,住家用,鋼筋混凝土造,86年1月10日,十層,
RPQNMLPKLHNFFBQ76CC,10,200.62,見其他登記事項,鋼筋混凝土造,97年1月31日,四層,
RPPNMLTLLHNFFBQ17CC,97,52.89,住商用,見其他登記事項,10年1月1日,一層,
