﻿編號,土地區段位置,土地移轉面積平方公尺,使用分區或編定
The serial number,land sector position,land shifting area square meter,the use zoning or compiles and checks
RPOPMLNKKHNFFAU56CA,福德段,2502.00,都市：農
RPXNMLNKKHNFFAU27CA,富國段,380.50,都市：住
RPWOMLNKKHNFFAU27CA,福德段,548.00,都市：農
RPWOMLNKKHNFFAU27CA,福德段,126.00,都市：農
RPQOMLNKKHNFFAU66CA,主商段,4.78,都市：商
RPQOMLNKKHNFFAU66CA,主商段,.17,都市：其他
RPQNMLOKKHNFFAU66CA,吳全段,105.06,都市：農
RPQNMLRLKHNFFAU07CA,樹人段,49.37,都市：住
RPQNMLRLKHNFFAU07CA,樹人段,.22,都市：住
RPSOMLLLKHNFFAU76CA,格督尚段,249.39,非都市：鄉村區 ; 非都市編定：乙種建築用地
RPSOMLLLKHNFFAU76CA,格督尚段,48.41,非都市：鄉村區 ; 非都市編定：乙種建築用地
RPSOMLLLKHNFFAU76CA,格督尚段,71.78,非都市：鄉村區 ; 非都市編定：乙種建築用地
RPPNMLLLKHNFFAU98CA,林森段,163.00,都市：住
RPRNMLNKKHNFFAU66CA,民勤段,32.80,都市：住
RPUNMLRLKHNFFAU47CA,佳東段,629.16,非都市：特定農業區 ; 非都市編定：農牧用地
RPPNMLQLKHNFFBU96CA,水車段,436.04,非都市：特定農業區 ; 非都市編定：甲種建築用地
RPQNMLNKKHNFFBU66CA,北林段,1966.58,非都市：特定農業區 ; 非都市編定：農牧用地
RPQNMLNKKHNFFBU66CA,北林段,1966.58,非都市：特定農業區 ; 非都市編定：農牧用地
RPQNMLNKKHNFFBU66CA,北林段,2495.61,非都市：特定農業區 ; 非都市編定：農牧用地
RPQNMLNKKHNFFBU66CA,北林段,2495.61,非都市：特定農業區 ; 非都市編定：農牧用地
RPQNMLLLKHNFFBU56CA,東興段,799.16,非都市：風景區 ; 非都市編定：農牧用地
RPQNMLNKKHNFFAU56CA,慈雲段,164.35,都市：住
RPQOMLSJLHNFFAU17CA,永興段,550.38,非都市：特定農業區 ; 非都市編定：農牧用地
RPPNMLLLKHNFFCU56CA,興北段,1355.78,非都市：特定農業區 ; 非都市編定：農牧用地
RPRNMLMJLHNFFAU56CA,富國段,20.99,都市：其他
RPTNMLSJLHNFFAU37CA,自強段,3.48,都市：住
RPQNMLLJLHNFFCU56CA,玉城段,279.00,都市：住
RPRNMLPJLHNFFBU96CA,東興段,550.96,非都市：風景區 ; 非都市編定：農牧用地
RPPNMLLJLHNFFCU09CA,吉拉米代段,869.70,非都市：山坡地保育區 ; 非都市編定：丙種建築用地
RPQNMLMLKHNFFCU96EA,麻汝段,1753.89,非都市：山坡地保育區 ; 非都市編定：農牧用地
RPQNMLMLKHNFFCU96EA,麻汝段,1634.64,非都市：山坡地保育區 ; 非都市編定：農牧用地
RPQNMLMLKHNFFCU96EA,麻汝段,409.73,非都市：山坡地保育區 ; 非都市編定：農牧用地
RPTOMLLLKHNFFAU07EA,永安段,290.14,非都市：一般農業區 ; 非都市編定：農牧用地
RPQNMLNKKHNFFCU76CA,泥火山段,3994.86,非都市：山坡地保育區 ; 非都市編定：農牧用地
RPQNMLNKKHNFFCU76CA,泥火山段,3994.86,非都市：山坡地保育區 ; 非都市編定：農牧用地
RPSNMLOKKHNFFCU07CA,後湖段,3103.38,非都市：山坡地保育區 ; 非都市編定：農牧用地
RPPNMLSJLHNFFBU07CA,大安段,177.00,都市：商
RPPNMLLLKHNFFBU66EA,鳳仁段,266.00,都市：住
RPPNMLLLKHNFFBU66EA,鳳仁段,26.00,都市：住
RPQNMLMLKHNFFBU66CA,大安段,137.00,都市：商
RPUNMLOKKHNFFCU27CA,瑞穗段,2520.00,非都市：特定農業區 ; 非都市編定：農牧用地
RPVNMLOKKHNFFCU37CA,瑞穗段,811.49,非都市：特定農業區 ; 非都市編定：農牧用地
RPVNMLOKKHNFFCU37CA,瑞穗段,674.24,非都市：特定農業區 ; 非都市編定：農牧用地
RPVNMLOKKHNFFCU37CA,瑞穗段,246.64,非都市：特定農業區 ; 非都市編定：農牧用地
RPTNMLOKKHNFFCU17CA,瑞穗段,2520.00,非都市：特定農業區 ; 非都市編定：農牧用地
RPPNMLOKKHNFFCU76CA,瑞新段,118.34,都市：住
RPQNMLOKKHNFFCU86CA,玉昌段,127.97,都市：住
RPQNMLOKKHNFFCU86CA,玉昌段,1.07,都市：住
RPRNMLOKKHNFFCU96CA,瑞新段,109.16,都市：住
RPQOMLOKKHNFFAU76CA,嘉平段,743.00,都市：住
RPQNMLLLKHNFFAU09CA,自強段,7.00,都市：住
RPSOMLNKKHNFFAU86CA,福吉段,911.38,非都市：特定農業區 ; 非都市編定：農牧用地
RPUOMLNKKHNFFAU07CA,裕民段,740.00,都市：商
RPVOMLNKKHNFFAU17CA,裕民段,261.00,都市：商
RPWPMLOKKHNFFAU47CA,四維段,1338.50,都市：農
RPOOMLLLKHNFFAU98CA,福安段,45.00,都市：住
RPSNMLQLKHNFFAU17CA,干城段,79.11,非都市：一般農業區 ; 非都市編定：甲種建築用地
RPSNMLQLKHNFFAU17CA,干城段,26.93,非都市：一般農業區 ; 非都市編定：甲種建築用地
RPSOMLSJLHNFFAU37CA,主商段,47.00,都市：商
RPSOMLSJLHNFFAU37CA,主商段,1.00,都市：其他
RPTNMLQLKHNFFAU27CA,仁義段,108.00,都市：住
RPTOMLSJLHNFFAU47CA,精鐘段,629.94,非都市：一般農業區 ; 非都市編定：農牧用地
RPTOMLSJLHNFFAU47CA,精鐘段,1755.22,非都市：一般農業區 ; 非都市編定：農牧用地
RPTOMLSJLHNFFAU47CA,精鐘段,172.34,非都市：一般農業區 ; 非都市編定：農牧用地
RPTOMLSJLHNFFAU47CA,精鐘段,425.25,非都市：一般農業區 ; 非都市編定：農牧用地
RPTOMLSJLHNFFAU47CA,精鐘段,1589.44,非都市：一般農業區 ; 非都市編定：農牧用地
RPXNMLSJLHNFFAU77CA,南埔段,76.00,非都市：鄉村區 ; 非都市編定：乙種建築用地
RPROMLSJLHNFFAU27CA,永安段,36.34,非都市：一般農業區 ; 非都市編定：甲種建築用地
RPROMLSJLHNFFAU27CA,永安段,3.94,非都市：一般農業區 ; 非都市編定：交通用地
RPROMLSJLHNFFAU27CA,永安段,63.83,非都市：一般農業區 ; 非都市編定：甲種建築用地
RPPNMLSJLHNFFAU17EA,福祥段,174.00,都市：其他
RPUNMLNLKHNFFAU07CA,慈濟段,297.48,都市：農
RPUNMLNLKHNFFAU07CA,慈濟段,149.83,都市：農
RPUNMLNLKHNFFAU07CA,慈濟段,405.46,都市：農
RPUNMLNLKHNFFAU07CA,慈濟段,396.86,都市：農
RPUNMLNLKHNFFAU07CA,慈濟段,123.07,都市：農
RPTNMLMLKHNFFAU86CA,慈惠段,108.79,都市：住
RPQNMLNLKHNFFCU86CA,瑞燕段,113.00,都市：住
RPUNMLQLKHNFFCU57CA,瑞新段,57.14,都市：住
RPUNMLQLKHNFFCU57CA,瑞新段,57.14,都市：住
RPPNMLQLKHNFFCU07CA,瑞新段,105.54,都市：住
RPQNMLQLKHNFFCU17CA,瑞新段,109.09,都市：住
RPSNMLQLKHNFFCU37CA,瑞新段,108.62,都市：住
RPRNMLQLKHNFFCU27CA,瑞新段,110.20,都市：住
RPPNMLMLKHNFFCU66CA,後湖段,527.27,非都市：山坡地保育區 ; 非都市編定：暫未編定
RPQNMLNLKHNFFAU86EA,大禮段,5000.00,非都市：國家公園區 ; 非都市編定：
RPPOMLQLKHNFFAU96CA,慈濟段,573.87,都市：農
RPPOMLMLKHNFFAU56CA,萬壽段一小段,203.00,非都市：鄉村區 ; 非都市編定：乙種建築用地
RPSOMLMKLHNFFAU86CA,自強段,5.63,都市：住
RPUNMLLJLHNFFAU76CA,明義段,19.55,都市：住
RPUNMLQLKHNFFAU37CA,主權段,.36,都市：其他
RPUNMLQLKHNFFAU37CA,主權段,38.19,都市：住
RPWNMLQLKHNFFAU57CA,仁義段,15.78,都市：住
RPVNMLQLKHNFFAU47CA,仁義段,14.53,都市：住
RPTNMLSJLHNFFCU57CA,瑞新段,108.16,都市：住
RPVNMLQLKHNFFCU67CA,瑞新段,109.09,都市：住
RPWNMLQLKHNFFCU77CA,福岡段,184.33,非都市：特定農業區 ; 非都市編定：農牧用地
RPWNMLTJLHNFFAU97EA,慈雲段,349.92,都市：農
RPRNMLNLKHNFFCU96CA,玉璞段,115.00,都市：商
RPSNMLMJLHNFFAU66CA,仁和段,40.56,非都市：特定農業區 ; 非都市編定：甲種建築用地
RPSNMLMJLHNFFAU66CA,仁和段,70.57,非都市：特定農業區 ; 非都市編定：甲種建築用地
RPOOMLMKLHNFFAU66EA,民意段,6.00,都市：住
RPSNMLSJLHNFFBU37CA,浴海段,2560.00,都市：農
RPSNMLSJLHNFFBU37CA,浴海段,2560.00,都市：農
RPSNMLSJLHNFFBU37CA,浴海段,2086.47,都市：農
RPWNMLMKLHNFFAU37EA,民意段,28.00,都市：住
RPRNMLQJLHNFFCU17CA,高寮段,533.27,非都市：鄉村區 ; 非都市編定：乙種建築用地
RPSNMLRLKHNFFBU37CA,大安段,51.50,都市：其他
RPSNMLRLKHNFFBU37CA,大安段,93.00,都市：住
RPPNMLPJLHNFFBU76CA,支亞干段,967.96,非都市：一般農業區 ; 非都市編定：農牧用地
RPQNMLRLKHNFFBU17CA,水廣段,1110.31,非都市：山坡地保育區 ; 非都市編定：林業用地
RPQNMLRLKHNFFBU17CA,水廣段,4973.85,非都市：山坡地保育區 ; 非都市編定：農牧用地
RPQNMLRLKHNFFBU17CA,水廣段,2222.27,非都市：山坡地保育區 ; 非都市編定：農牧用地
RPRNMLRLKHNFFBU27CA,大安段,38.50,都市：住
RPQNMLQKLHNFFCU17CA,泰林段,471.94,非都市：一般農業區 ; 非都市編定：農牧用地
RPQNMLQKLHNFFCU17CA,泰林段,136.35,非都市：一般農業區 ; 非都市編定：農牧用地
RPQNMLQKLHNFFCU17CA,泰林段,302.76,非都市：一般農業區 ; 非都市編定：農牧用地
RPQOMLQLKHNFFAU07CA,銅門段,590.00,非都市：鄉村區 ; 非都市編定：乙種建築用地
RPTNMLLJLHNFFAU66CA,仁禮段,8.58,都市：住
RPSNMLRLKHNFFAU27CA,富國段,21.43,都市：住
RPQNMLSJLHNFFAU07CA,德安段,8.40,都市：住
RPQNMLSJLHNFFAU07CA,德安段,8.40,都市：住
RPPOMLRLKHNFFAU07CA,加灣段,1118.35,非都市：一般農業區 ; 非都市編定：農牧用地
RPPOMLRLKHNFFAU07CA,加灣段,99.12,非都市：一般農業區 ; 非都市編定：農牧用地
RPROMLRLKHNFFAU27CA,富國段,7.54,都市：住
RPRNMLTKLHNFFAU37CA,光輝段,832.58,非都市：一般農業區 ; 非都市編定：農牧用地
RPRNMLTKLHNFFAU37CA,光輝段,832.58,非都市：一般農業區 ; 非都市編定：農牧用地
RPRNMLPKLHNFFBU07CA,大安段,107.00,都市：住
RPUNMLMJLHNFFAU86CA,廣賢段,54.28,非都市：鄉村區 ; 非都市編定：乙種建築用地
RPUOMLOKLHNFFAU27CA,國強段,7.22,非都市：特定農業區 ; 非都市編定：農牧用地
RPUOMLOKLHNFFAU27CA,國強段,121.82,非都市：特定農業區 ; 非都市編定：甲種建築用地
RPUOMLOKLHNFFAU27CA,國強段,45.93,非都市：特定農業區 ; 非都市編定：甲種建築用地
RPPNMLQJLHNFFCU96CA,吉拉米代段,4923.09,非都市：山坡地保育區 ; 非都市編定：農牧用地
RPXOMLQJLHNFFAU77DA,嘉平段,31.00,都市：農
RPXOMLQJLHNFFAU77DA,嘉平段,159.00,都市：住
RPXNMLPJLHNFFAU47CA,路內段,482.36,都市：農
RPXNMLPJLHNFFAU47CA,路內段,209.87,都市：農
RPXNMLPJLHNFFAU47CA,路內段,1289.48,都市：其他
RPRNMLMJLHNFFCU76CA,東里段,1686.75,非都市：特定農業區 ; 非都市編定：農牧用地
RPRNMLMJLHNFFCU76CA,東里段,726.00,非都市：特定農業區 ; 非都市編定：農牧用地
RPRNMLMJLHNFFCU76CA,東里段,204.53,非都市：特定農業區 ; 非都市編定：農牧用地
RPRNMLMJLHNFFCU76CA,東里段,1133.85,非都市：特定農業區 ; 非都市編定：農牧用地
RPVNMLQJLHNFFAU37CA,宜安段,6.03,都市：商
RPVNMLQJLHNFFAU37CA,宜安段,24.78,都市：商
RPXNMLTJLHNFFAU87CA,宜安段,28.48,都市：住
RPSNMLTKLHNFFAU47CA,國興段,900.74,非都市：特定農業區 ; 非都市編定：農牧用地
RPSOMLTJLHNFFAU47CA,福安段,49.00,都市：住
RPTNMLTKLHNFFAU57CA,光輝段,1010.71,非都市：一般農業區 ; 非都市編定：農牧用地
RPPNMLTKLHNFFAU17CA,裕民段,463.00,都市：其他
RPSNMLTJLHNFFAU37CA,路內段,519.04,都市：農
RPWNMLPKLHNFFAU47CA,主權段,34.06,都市：住
RPWNMLPKLHNFFAU47CA,主權段,.32,都市：其他
RPVOMLKLLHNFFAU07CA,主商段,55.00,都市：商
RPVNMLNKLHNFFAU17CA,路內段,46.40,都市：住
RPUNMLNKLHNFFAU07CA,路內段,52.72,都市：住
RPTNMLMJLHNFFAU76CA,加灣段,324.46,非都市：一般農業區 ; 非都市編定：農牧用地
RPPNMLMJLHNFFAU98CA,加灣段,3103.03,非都市：一般農業區 ; 非都市編定：農牧用地
RPSNMLLJLHNFFAU56CA,南埔段,100.00,非都市：特定農業區 ; 非都市編定：甲種建築用地
RPWNMLLJLHNFFAU96CA,永安段,171.28,非都市：鄉村區 ; 非都市編定：乙種建築用地
RPWOMLQJLHNFFAU57CA,碧雲段,261.00,都市：住
RPROMLLLLHNFFAU76CA,明義段,27.80,都市：住
RPROMLLLLHNFFAU76CA,明義段,.30,都市：其他
RPQNMLLLLHNFFAU56CA,仁義段,15.99,都市：住
RPQOMLMJLHNFFAU56CA,樹人段,65.00,都市：住
RPWNMLMJLHNFFAU07CA,國風段,100.00,都市：住
RPTNMLPJLHNFFCU27CA,吉拉米代段,7336.97,非都市：山坡地保育區 ; 非都市編定：農牧用地
RPSNMLPJLHNFFCU17CA,吉拉米代段,5306.16,非都市：山坡地保育區 ; 非都市編定：農牧用地
RPXNMLPJLHNFFCU67CA,鶴岡段,2175.00,非都市：山坡地保育區 ; 非都市編定：暫未編定
RPRNMLPJLHNFFAU86CA,民生段,233.00,都市：商
RPRNMLTLLHNFFAU47CA,慈惠段,29.19,都市：商
RPRNMLTLLHNFFAU47CA,慈惠段,209.32,都市：住
RPROMLPJLHNFFAU96CA,大坪段,2600.00,非都市：一般農業區 ; 非都市編定：農牧用地
RPROMLPJLHNFFAU96CA,大坪段,2883.03,非都市：一般農業區 ; 非都市編定：農牧用地
RPVNMLSJLHNFFAU57CA,明月段,394.19,非都市：山坡地保育區 ; 非都市編定：農牧用地
RPQNMLPJLHNFFAU76CA,北濱段,4.75,都市：商
RPTNMLQJLHNFFAU17CA,富國段,8.42,都市：住
RPWNMLSJLHNFFAU67CA,南埔段,125.00,非都市：特定農業區 ; 非都市編定：甲種建築用地
RPWNMLQJLHNFFAU47CA,福興段,90.00,都市：住
RPVNMLLJLHNFFAU86CA,海濱段,122.04,非都市：一般農業區 ; 非都市編定：農牧用地
RPUNMLTKLHNFFAU67CA,光輝段,981.39,非都市：一般農業區 ; 非都市編定：農牧用地
RPPNMLRJLHNFFBU96CA,榮開段,2500.00,非都市：一般農業區 ; 非都市編定：農牧用地
RPQNMLPJLHNFFBU86CA,萬利段,3131.55,非都市：山坡地保育區 ; 非都市編定：農牧用地
RPPPMLKLLHNFFAU56CA,富國段,3.67,都市：商
RPTNMLMKLHNFFAU86CA,永安段,30.83,非都市：鄉村區 ; 非都市編定：乙種建築用地
RPSNMLMKLHNFFAU76CA,永安段,27.94,非都市：鄉村區 ; 非都市編定：乙種建築用地
RPVNMLPKLHNFFAU37CA,慈惠段,24.47,都市：住
RPVNMLPKLHNFFAU37CA,慈惠段,12.99,都市：住
RPVNMLPKLHNFFAU37CA,慈惠段,4.74,都市：住
RPPNMLNKLHNFFAU56CA,明義段,109.00,都市：住
RPPNMLNKLHNFFAU56CA,明義段,2.00,都市：其他
RPPNMLNKLHNFFAU56CA,明義段,1.00,都市：住
RPQNMLPJLHNFFCU96CA,舞鶴東段,2533.67,非都市：山坡地保育區 ; 非都市編定：農牧用地
RPSNMLNKLHNFFAU86CA,路內段,53.04,都市：住
RPVNMLPJLHNFFCU47CA,東里段,2206.00,非都市：特定農業區 ; 非都市編定：農牧用地
RPVNMLPJLHNFFCU47CA,東里段,1508.59,非都市：特定農業區 ; 非都市編定：農牧用地
RPOOMLMJLHNFFAU98CA,南埔段,96.00,非都市：特定農業區 ; 非都市編定：甲種建築用地
RPOOMLMJLHNFFAU98CA,南埔段,41.93,非都市：特定農業區 ; 非都市編定：甲種建築用地
RPSNMLMJLHNFFCU07EA,中平段,104.96,都市：住
RPSNMLMJLHNFFCU07EA,中平段,4.86,都市：住
RPVNMLTKLHNFFAU77CA,富國段,197.00,都市：住
RPQNMLRLLHNFFBU27CA,鳳仁段,2136.00,都市：工
RPQNMLRLLHNFFBU27CA,鳳仁段,27.00,都市：農
RPVOMLMKLHNFFAU17CA,林森段,173.33,都市：住
RPVOMLMKLHNFFAU17CA,林森段,21.33,都市：住
RPSNMLMKMHNFFCU07CA,舞鶴東段,304.20,非都市：山坡地保育區 ; 非都市編定：農牧用地
RPSNMLMKMHNFFCU07CA,舞鶴東段,1958.98,非都市：山坡地保育區 ; 非都市編定：農牧用地
RPSNMLMKMHNFFCU07CA,舞鶴東段,336.63,非都市：山坡地保育區 ; 非都市編定：丙種建築用地
RPSNMLMKMHNFFCU07CA,舞鶴東段,1172.49,非都市：山坡地保育區 ; 非都市編定：農牧用地
RPVOMLQJLHNFFAU47CA,北濱段,4.75,都市：商
RPOOMLQJLHNFFAU76CA,道拉斯段,27861.18,非都市：山坡地保育區 ; 非都市編定：林業用地
RPSNMLQJLHNFFAU07CA,光英段,486.94,非都市：一般農業區 ; 非都市編定：農牧用地
RPROMLQJLHNFFAU07CA,太昌段,96.00,都市：住
RPSNMLQJLHNFFAU07CA,光英段,935.61,非都市：一般農業區 ; 非都市編定：農牧用地
RPSNMLQJLHNFFAU07CA,光英段,465.01,非都市：一般農業區 ; 非都市編定：農牧用地
RPPNMLQJLHNFFAU76CA,仁愛段,98.10,非都市：特定農業區 ; 非都市編定：甲種建築用地
RPWNMLPJLHNFFCU57CA,玉璞段,53.00,都市：住
RPWNMLPJLHNFFCU57CA,玉璞段,33.00,都市：住
RPRNMLQJLHNFFAU96CA,民享段,5.02,都市：商
RPUNMLQJLHNFFAU27CA,民意段,15.90,都市：住
RPXNMLMJLHNFFAU17CA,大漢段,68.79,非都市：鄉村區 ; 非都市編定：乙種建築用地
RPPNMLPJLHNFFAU66CA,慈安段,75.00,都市：住
RPVNMLMJLHNFFAU96CA,宜安段,285.00,都市：住
RPVNMLPJLHNFFAU47EA,富國段,175.00,都市：住
RPXNMLLLLHNFFAU27CA,志平段,233.77,都市：住
RPXNMLLLLHNFFAU27CA,志平段,89.86,都市：住
RPXNMLLLLHNFFAU27CA,志平段,442.46,都市：其他
RPXNMLLLLHNFFAU27CA,志平段,1885.96,都市：其他
RPSOMLOKLHNFFAU07CA,福安段,88.00,都市：住
RPOPMLQJLHNFFAU86CA,沼田段,908.74,都市：農
RPPOMLPJLHNFFAU76CA,永安段,30.83,非都市：鄉村區 ; 非都市編定：乙種建築用地
RPXNMLQJLHNFFAU57CA,國股段,76.62,都市：住
RPRNMLNLLHNFFAU86CA,永興段,24.90,非都市：鄉村區 ; 非都市編定：乙種建築用地
RPRNMLNLLHNFFAU86CA,永興段,163.65,非都市：鄉村區 ; 非都市編定：乙種建築用地
RPSOMLQJLHNFFAU17CA,主商段,109.00,都市：商
RPSOMLQJLHNFFAU17CA,主商段,13.00,都市：其他
RPTOMLQJLHNFFAU27CA,自強段,26.45,都市：住
RPTOMLQJLHNFFAU27CA,自強段,.57,都市：住
RPROMLNKLHNFFAU86CA,福興段,228.00,都市：住
RPOOMLSJLHNFFAU96CA,慶豐段,22.58,都市：住
RPWNMLSLLHNFFAU87CA,福興段,201.00,都市：住
RPXNMLMKLHNFFAU47EA,民意段,13.00,都市：住
RPVNMLMKLHNFFAU27EA,民意段,9.00,都市：住
RPUOMLSJLHNFFAU57CA,明月段,2483.11,非都市：山坡地保育區 ; 非都市編定：農牧用地
RPXOMLTJLHNFFAU97CA,道拉斯段,5019.00,非都市：山坡地保育區 ; 非都市編定：林業用地
RPPNMLTJLHNFFAU07CA,豐山段,3.52,非都市：鄉村區 ; 非都市編定：乙種建築用地
RPPNMLTJLHNFFAU07CA,豐山段,80.25,非都市：鄉村區 ; 非都市編定：乙種建築用地
RPPNMLMKLHNFFAU09CA,主商段,70.00,都市：住
RPSNMLOKLHNFFAU96CA,興海段,494.09,都市：商
RPOOMLNKLHNFFAU56CA,道拉斯段,1175.02,非都市：一般農業區 ; 非都市編定：農牧用地
RPWOMLMKLHNFFAU27CA,明義段,6.00,都市：商
RPWOMLMKLHNFFAU27CA,明義段,9.00,都市：商
RPWOMLMKLHNFFAU27CA,明義段,39.00,都市：商
RPPNMLNJMHNFFCU76CA,民北段,1709.05,非都市：特定農業區 ; 非都市編定：農牧用地
RPPNMLRJLHNFFCU27EA,瑞燕段,100.00,非都市：一般農業區 ; 非都市編定：甲種建築用地
RPXNMLNKLHNFFAU37CA,新興段,149.89,都市：住
RPPOMLLLLHNFFAU56CA,民享段,18.56,都市：住
RPPOMLSJLHNFFAU07CA,光學段,1000.00,非都市：一般農業區 ; 非都市編定：農牧用地
RPSOMLSLLHNFFAU57CA,富國段,17.17,都市：住
RPSOMLNKLHNFFAU96CA,宜昌段,42.00,都市：其他
RPSOMLNKLHNFFAU96CA,宜昌段,483.00,都市：商
RPQOMLQJLHNFFAU96CA,太昌段,7.00,都市：其他
RPQOMLQJLHNFFAU96CA,太昌段,66.00,都市：住
RPSNMLSJLHNFFAU27CA,富國段,9.43,都市：住
RPSNMLRJLHNFFAU17CA,仁廉段,13.34,都市：商
RPSNMLRJLHNFFAU17CA,仁廉段,.07,都市：商
RPXOMLTLLHNFFAU18CA,吳全段,2556.10,都市：農
RPWNMLTJLHNFFAU77CA,初音段,1047.01,非都市：特定農業區 ; 非都市編定：農牧用地
RPTNMLTJLHNFFAU47CA,南埔段,2939.00,非都市：特定農業區 ; 非都市編定：農牧用地
RPRNMLMKLHNFFAU66CA,太昌段,199.00,都市：農
RPRNMLTJLHNFFAU27CA,嘉南段,68.00,都市：住
RPRNMLTJLHNFFAU27CA,嘉南段,12.34,都市：住
RPQNMLRJLHNFFBU07CA,加里洞段,3676.50,非都市：山坡地保育區 ; 非都市編定：農牧用地
RPUNMLOKLHNFFAU17CA,古魯社段,2286.16,都市：農
RPTNMLOKLHNFFAU07CA,富國段,20.18,都市：住
RPROMLKMLHNFFAU76CA,廣賢段,2541.00,非都市：一般農業區 ; 非都市編定：農牧用地
RPQOMLTJLHNFFAU27CA,豐山段,167.24,非都市：鄉村區 ; 非都市編定：乙種建築用地
RPTOMLTJLHNFFAU57CA,民勤段,27.00,都市：住
RPPOMLTJLHNFFAU17CA,主商段,66.00,都市：商
RPPOMLTJLHNFFAU17CA,主商段,4.00,都市：其他
RPXNMLOKLHNFFAU67EA,東昌段,32.61,非都市：一般農業區 ; 非都市編定：交通用地
RPXNMLOKLHNFFAU67EA,海濱段,16.85,非都市：一般農業區 ; 非都市編定：交通用地
RPQPMLKLLHNFFAU66CA,樹人段,81.00,都市：住
RPQNMLTJLHNFFBU27CA,太巴塱段,50.35,非都市：鄉村區 ; 非都市編定：乙種建築用地
RPSNMLSJLHNFFCU47CA,竹田段,121.32,非都市：鄉村區 ; 非都市編定：乙種建築用地
RPQNMLQKMHNFFCU27CA,玉城段,17.33,都市：住
RPQNMLQKMHNFFCU27CA,玉城段,1.67,都市：其他
RPWOMLTJLHNFFAU87CA,福祥段,1.00,都市：住
RPWOMLTJLHNFFAU87CA,福祥段,86.00,都市：住
RPUNMLLLLHNFFAU96CA,道拉斯段,368.55,非都市：一般農業區 ; 非都市編定：農牧用地
RPUNMLPKLHNFFAU27CA,慈惠段,24.47,都市：住
RPUNMLPKLHNFFAU27CA,慈惠段,12.99,都市：住
RPUNMLPKLHNFFAU27CA,慈惠段,4.74,都市：住
RPTNMLKMLHNFFAU86CA,志新段,92.90,都市：住
RPTNMLNKLHNFFAU96CA,路內段,737.42,都市：農
RPTNMLNKLHNFFAU96CA,路內段,99.16,都市：農
RPTNMLNKLHNFFAU96CA,路內段,90.00,都市：農
RPQNMLTJLHNFFAU17CA,宜昌段,93.00,都市：住
RPPPMLNKLHNFFAU76CA,富國段,20.99,都市：其他
RPOOMLOKLHNFFAU86EA,東昌段,32.61,非都市：一般農業區 ; 非都市編定：交通用地
RPOOMLOKLHNFFAU86EA,海濱段,16.85,非都市：一般農業區 ; 非都市編定：交通用地
RPQNMLPKLHNFFBU96CA,溪州段,1399.28,非都市：特定農業區 ; 非都市編定：農牧用地
RPPNMLMKLHNFFBU56CA,富豐段,2198.27,非都市：一般農業區 ; 非都市編定：農牧用地
RPPNMLMKLHNFFBU56CA,富豐段,906.91,非都市：一般農業區 ; 非都市編定：農牧用地
RPPNMLMKLHNFFBU56CA,富豐段,1105.29,非都市：一般農業區 ; 非都市編定：農牧用地
RPPNMLMKLHNFFBU56CA,富豐段,1765.70,非都市：一般農業區 ; 非都市編定：農牧用地
RPPOMLOKLHNFFAU96EA,東昌段,32.61,非都市：一般農業區 ; 非都市編定：交通用地
RPPOMLOKLHNFFAU96EA,海濱段,16.85,非都市：一般農業區 ; 非都市編定：交通用地
RPQOMLOKLHNFFAU07EA,東昌段,9.76,都市：其他
RPVPMLTLLHNFFAU08CA,自強段,80.00,都市：商
RPOOMLLLLHNFFAU09CA,福興段,115.00,都市：住
RPROMLOKLHNFFAU96CA,太昌段,125.00,都市：住
RPQNMLMKLHNFFCU96EA,瑞良段,50.44,都市：住
RPQOMLMKLHNFFAU66CA,碧雲段,209.00,都市：其他
RPWOMLNKLHNFFAU57EA,東華段,24.39,都市：住
RPWOMLNKLHNFFAU57EA,東華段,60.48,都市：住
RPOPMLNKLHNFFAU66CA,仁恥段,125.00,都市：住
RPRNMLPKLHNFFAU96CA,福興段,106.00,都市：住
RPPNMLQKLHNFFCU27EA,溫泉段,380.42,非都市：一般農業區 ; 非都市編定：國土保安用地
RPPNMLQKLHNFFCU27EA,溫泉段,759.41,非都市：一般農業區 ; 非都市編定：國土保安用地
RPPNMLQKLHNFFCU27EA,溫泉段,287.39,非都市：一般農業區 ; 非都市編定：交通用地
RPPNMLQKLHNFFCU27EA,溫泉段,.40,非都市：一般農業區 ; 非都市編定：國土保安用地
RPPNMLQKLHNFFCU27EA,溫泉段,144.53,非都市：一般農業區 ; 非都市編定：國土保安用地
RPPNMLQKLHNFFCU27EA,溫泉段,497.89,非都市：一般農業區 ; 非都市編定：遊憩用地
RPPNMLQKLHNFFCU27EA,溫泉段,552.50,非都市：一般農業區 ; 非都市編定：遊憩用地
RPPNMLQKLHNFFCU27EA,溫泉段,577.53,非都市：一般農業區 ; 非都市編定：交通用地
RPPNMLQKLHNFFCU27EA,溫泉段,695.65,非都市：一般農業區 ; 非都市編定：特定目的事業用地
RPPNMLQKLHNFFCU27EA,溫泉段,3971.83,非都市：一般農業區 ; 非都市編定：遊憩用地
RPPNMLQKLHNFFCU27EA,溫泉段,3289.11,非都市：一般農業區 ; 非都市編定：國土保安用地
RPPNMLQKLHNFFCU27EA,溫泉段,21.41,非都市：一般農業區 ; 非都市編定：遊憩用地
RPPNMLQKLHNFFCU27EA,溫泉段,163.37,非都市：一般農業區 ; 非都市編定：特定目的事業用地
RPQNMLOKLHNFFAU76CA,民意段,15.27,都市：住
RPQNMLQKLHNFFAU96CA,路內段,46.57,都市：住
RPPNMLKMLHNFFCU66CA,玉璞段,139.00,都市：住
RPPNMLPLNHNFFCU47EA,瑞良段,130.33,都市：住
RPQPMLTLLHNFFAU57CA,天佑段,78.68,非都市：鄉村區 ; 非都市編定：乙種建築用地
RPRPMLTLLHNFFAU67CA,碧雲段,41.00,都市：住
RPRPMLTLLHNFFAU67CA,碧雲段,14.05,都市：其他
RPRPMLTLLHNFFAU67CA,碧雲段,3.71,都市：住
RPRPMLTLLHNFFAU67CA,碧雲段,32.31,都市：其他
RPRPMLTLLHNFFAU67CA,碧雲段,2.19,都市：其他
RPRPMLTLLHNFFAU67CA,碧雲段,5.41,都市：住
RPWNMLLLLHNFFAU17CA,樹人段,32.50,都市：住
RPQNMLPKLHNFFAU86CA,主權段,20.90,都市：住
RPQNMLQLLHNFFCU27CA,三義段,4189.00,非都市：一般農業區 ; 非都市編定：農牧用地
RPQNMLQLLHNFFCU27CA,三義段,3736.00,非都市：一般農業區 ; 非都市編定：農牧用地
RPQNMLQLLHNFFCU27CA,三義段,3455.00,非都市：一般農業區 ; 非都市編定：農牧用地
RPTOMLOKLHNFFAU17CA,國風段,129.00,都市：住
RPVOMLNKLHNFFAU47EA,三農段,2570.76,非都市：一般農業區 ; 非都市編定：農牧用地
RPQNMLNLLHNFFBU86CA,東富段,2065.82,非都市：特定農業區 ; 非都市編定：農牧用地
RPRNMLQLLHNFFCU37CA,東寧段,1077.37,非都市：山坡地保育區 ; 非都市編定：農牧用地
RPQOMLLMLHNFFAU76CA,宜寧段,1114.00,都市：商
RPPNMLOKLHNFFAU66CA,自強段,124.00,都市：住
RPPNMLOKLHNFFAU66CA,自強段,10.00,都市：住
RPOOMLPKLHNFFAU76CA,康樂段,96.63,非都市：鄉村區 ; 非都市編定：乙種建築用地
RPOOMLTLLHNFFAU27CA,主商段,51.00,都市：住
RPOOMLTLLHNFFAU27CA,主商段,46.00,都市：住
RPOOMLTLLHNFFAU27CA,主商段,58.00,都市：住
RPOOMLTLLHNFFAU27CA,主商段,64.00,都市：住
RPOOMLTLLHNFFAU27CA,主商段,54.00,都市：住
RPUOMLLMLHNFFAU17CA,碧雲段,99.00,都市：住
RPSNMLQLLHNFFCU47CA,永安段,380.00,非都市：特定農業區 ; 非都市編定：農牧用地
RPSNMLQLLHNFFCU47CA,永安段,422.00,非都市：特定農業區 ; 非都市編定：農牧用地
RPSNMLQLLHNFFCU47CA,永安段,307.00,非都市：特定農業區 ; 非都市編定：農牧用地
RPSNMLQLLHNFFCU47CA,永安段,1021.00,非都市：特定農業區 ; 非都市編定：農牧用地
RPSNMLQLLHNFFCU47CA,永安段,1432.00,非都市：特定農業區 ; 非都市編定：農牧用地
RPSNMLQLLHNFFCU47CA,永安段,1274.00,非都市：特定農業區 ; 非都市編定：農牧用地
RPSNMLQLLHNFFCU47CA,永安段,74.00,非都市：特定農業區 ; 非都市編定：農牧用地
RPPNMLNLLHNFFBU76CA,鳳明段,939.00,都市：農
RPPNMLNLLHNFFBU76CA,鳳明段,5213.00,都市：農
RPRNMLQKLHNFFAU27EA,自強段,13.39,都市：住
RPSPMLTLLHNFFAU97EA,初音段,102.38,非都市：特定農業區 ; 非都市編定：甲種建築用地
RPTNMLMLLHNFFAU07DA,福興段,7.00,都市：住
RPTNMLMLLHNFFAU07DA,福興段,56.00,都市：住
RPSNMLQKLHNFFAU37EA,仁恥段,80.00,都市：住
RPTOMLKLLHNFFAU86CA,初音段,846.64,非都市：特定農業區 ; 非都市編定：農牧用地
RPVOMLOKLHNFFAU37CA,福興段,767.00,都市：農
RPPNMLRKLHNFFAU96CA,宜昌段,209.27,都市：住
RPRNMLLMLHNFFAU76CA,福南段,2644.97,非都市：特定農業區 ; 非都市編定：農牧用地
RPUNMLTLLHNFFAU77CA,德布克段,1052.99,都市：農
RPTPMLTLLHNFFAU87CA,光學段,653.87,非都市：一般農業區 ; 非都市編定：農牧用地
RPXNMLPKLHNFFAU57CA,南埔段,95.00,非都市：特定農業區 ; 非都市編定：甲種建築用地
RPXNMLPKLHNFFAU57CA,南埔段,41.93,非都市：特定農業區 ; 非都市編定：甲種建築用地
RPPNMLPKLHNFFCU17EA,泰林段,735.11,非都市：特定農業區 ; 非都市編定：農牧用地
RPPNMLPKLHNFFCU17EA,泰林段,735.11,非都市：特定農業區 ; 非都市編定：農牧用地
RPPNMLPKLHNFFCU17EA,泰林段,735.11,非都市：特定農業區 ; 非都市編定：農牧用地
RPSNMLKKMHNFFAU66CA,慈勝段,864.16,都市：農
RPUPMLTLLHNFFAU97CA,大漢段,85.48,非都市：鄉村區 ; 非都市編定：乙種建築用地
RPUOMLMKMHNFFAU17CA,仁愛段,15.01,非都市：特定農業區 ; 非都市編定：農牧用地
RPUOMLMKMHNFFAU17CA,仁愛段,3170.14,非都市：特定農業區 ; 非都市編定：農牧用地
RPOOMLNJMHNFFAU56CA,富國段,1.03,都市：商
RPQNMLTKLHNFFCU47CA,高寮南段,10002.40,非都市：森林區 ; 非都市編定：農牧用地
RPQNMLTKLHNFFCU47CA,高寮南段,10002.40,非都市：森林區 ; 非都市編定：農牧用地
RPQNMLTKLHNFFAU27CA,明義段,27.80,都市：住
RPQNMLTKLHNFFAU27CA,明義段,.30,都市：其他
RPVNMLKLLHNFFAU96CA,慈惠段,108.14,都市：住
RPRNMLKLLHNFFAU56CA,仁義段,99.00,都市：住
RPQNMLNKLHNFFCU86CA,麻汝段,730.68,非都市：山坡地保育區 ; 非都市編定：農牧用地
RPRNMLTKLHNFFCU57CA,舞鶴東段,1028.51,非都市：一般農業區 ; 非都市編定：農牧用地
RPRNMLTKLHNFFCU57CA,舞鶴東段,1028.51,非都市：一般農業區 ; 非都市編定：農牧用地
RPPNMLMKMHNFFBU66CA,北林段,1264.86,非都市：鄉村區 ; 非都市編定：乙種建築用地
RPSNMLKLLHNFFAU66CA,國股段,104.06,都市：住
RPQNMLPKLHNFFCU17DA,源北段,62.13,非都市：特定農業區 ; 非都市編定：甲種建築用地
RPQNMLPKLHNFFCU17DA,源北段,56.61,非都市：特定農業區 ; 非都市編定：甲種建築用地
RPOPMLKLLHNFFAU09CA,自強段,13.07,都市：住
RPPNMLMLLHNFFCU76CA,泰林段,1441.08,非都市：特定農業區 ; 非都市編定：農牧用地
RPSOMLNLLHNFFAU07CA,南華段,108.53,非都市：鄉村區 ; 非都市編定：乙種建築用地
RPUOMLLLLHNFFAU07CA,宜寧段,106.00,都市：商
RPWNMLMLLHNFFAU27CA,民勤段,46.93,都市：住
RPPOMLQKMHNFFAU07CA,民德段,37.92,都市：其他
RPSNMLMLLHNFFAU86CA,忠孝段,2794.32,都市：農
RPQNMLKLLHNFFBU56CA,鳳明段,137.00,都市：住
RPPNMLMLLHNFFBU66CA,北林段,98.74,非都市：鄉村區 ; 非都市編定：乙種建築用地
RPVOMLMKMHNFFAU27CA,路內段,46.57,都市：住
RPTNMLNJMHNFFAU96CA,嘉新段,70.00,都市：農
RPVNMLRLLHNFFAU67CA,仁和段,114.26,非都市：特定農業區 ; 非都市編定：甲種建築用地
RPQOMLKLLHNFFAU56CA,仁廉段,34.31,都市：住
RPPOMLKLLHNFFAU09CA,廣安段,95.12,非都市：鄉村區 ; 非都市編定：乙種建築用地
RPPOMLKLLHNFFAU09CA,廣安段,8.41,非都市：鄉村區 ; 非都市編定：乙種建築用地
RPSPMLKLLHNFFAU86CA,吳全段,991.74,都市：農
RPROMLKLLHNFFAU66CA,福興段,91.00,都市：住
RPSNMLNJMHNFFAU86CA,富國段,2.67,都市：商
RPXOMLKLLHNFFAU27CA,太昌段,56.00,都市：住
RPXOMLKLLHNFFAU27CA,太昌段,8.00,都市：其他
RPPNMLKLLHNFFBU09CA,大安段,89.50,都市：商
RPSOMLKMLHNFFAU86CA,慶豐段,223.00,都市：住
RPUOMLKLLHNFFAU17EA,佳民段,140.50,非都市：鄉村區 ; 非都市編定：乙種建築用地
RPUNMLMJMHNFFAU96CA,宜寧段,82.00,都市：商
RPSNMLTLLHNFFAU57CA,路內段,52.72,都市：住
RPWNMLTLLHNFFAU97CA,福華段,128.00,非都市：山坡地保育區 ; 非都市編定：丙種建築用地
RPWNMLTLLHNFFAU97CA,福華段,129.46,非都市：山坡地保育區 ; 非都市編定：丙種建築用地
RPSPMLTLLHNFFAU77CA,富國段,15.74,都市：住
RPPNMLLLLHNFFCU86EA,新興段,2120.34,非都市：特定農業區 ; 非都市編定：農牧用地
RPWOMLLLLHNFFAU27CA,福安段,45.00,都市：住
RPWOMLLLLHNFFAU27CA,福安段,47.00,都市：住
RPVOMLLLLHNFFAU17CA,仁禮段,73.00,都市：住
RPTNMLLLLHNFFAU86CA,東華段,246.52,都市：住
RPTNMLLLLHNFFAU86CA,東華段,246.52,都市：住
RPTNMLLLLHNFFAU86CA,東華段,13.54,都市：其他
RPTNMLLLLHNFFAU86CA,東華段,13.54,都市：其他
RPOOMLKLLHNFFAU98CA,民孝段,57.00,都市：住
RPXOMLLLLHNFFAU37CA,順安段,2048.23,都市：農
RPXOMLLLLHNFFAU37CA,順安段,2034.24,都市：農
RPTOMLLLLHNFFAU96CA,莊敬段,113.00,都市：住
RPQNMLQLLHNFFAU07CA,主商段,97.00,都市：商
RPQNMLQLLHNFFAU07CA,主商段,4.00,都市：商
RPXNMLQLLHNFFAU77CA,裕民段,11.67,都市：商
RPQOMLSLLHNFFAU37CA,嘉南段,105.14,都市：商
RPUNMLMLLHNFFAU07CA,民意段,81.00,都市：住
RPROMLNLLHNFFAU96CA,樹人段,70.00,都市：住
RPQOMLKMLHNFFAU66CA,明義段,17.60,都市：商
RPPNMLNLLHNFFAU66CA,豐東段,1008.49,非都市：一般農業區 ; 非都市編定：特定目的事業用地
RPTNMLTLLHNFFAU67CA,宜昌段,83.00,都市：住
RPRNMLNLLHNFFBU96CA,大安段,437.00,都市：商
RPRNMLTJMHNFFBU47CA,加禮灣段,3964.27,非都市：特定專用區 ; 非都市編定：農牧用地
RPPNMLQLLHNFFBU07CA,大安段,84.00,都市：商
RPRNMLQLLHNFFAU17CA,壽農段,919.03,非都市：特定農業區 ; 非都市編定：農牧用地
RPRNMLQLLHNFFAU17CA,壽農段,1072.55,非都市：特定農業區 ; 非都市編定：農牧用地
RPRNMLQLLHNFFAU17CA,壽農段,897.81,非都市：特定農業區 ; 非都市編定：農牧用地
RPSNMLNLLHNFFAU96CA,豐裡段,139.35,非都市：一般農業區 ; 非都市編定：甲種建築用地
RPQNMLLMLHNFFAU66CA,民意段,80.00,都市：住
RPSNMLQLLHNFFAU27CA,自強段,18.56,都市：住
RPVNMLQLLHNFFAU57CA,民享段,3.39,都市：商
RPUNMLNLLHNFFAU37EA,明月段,515.10,非都市：鄉村區 ; 非都市編定：乙種建築用地
RPQOMLNLLHNFFAU86CA,精鐘段,2405.05,非都市：一般農業區 ; 非都市編定：農牧用地
RPVNMLMJMHNFFAU07CA,仁義段,21.01,都市：住
RPVNMLMJMHNFFAU07CA,仁義段,21.01,都市：住
RPXNMLNLLHNFFAU47CA,路內段,46.33,都市：住
RPOOMLNLLHNFFAU66CA,豐山段,135.96,非都市：鄉村區 ; 非都市編定：乙種建築用地
RPOOMLQLLHNFFAU96CA,北濱段,2.97,都市：住
RPVNMLNLLHNFFAU47EA,嘉北段,176.50,都市：住
RPPNMLSLLHNFFCU37CA,新舞鶴段,113.23,非都市：山坡地保育區 ; 非都市編定：農牧用地
RPPNMLSLLHNFFCU37CA,新舞鶴段,3545.88,非都市：山坡地保育區 ; 非都市編定：農牧用地
RPPNMLRLLHNFFCU27CA,德武段,4789.22,非都市：風景區 ; 非都市編定：農牧用地
RPTNMLMKMHNFFCU37EA,玉璞段,34.00,都市：商
RPWOMLTLLHNFFAU18DA,慶豐段,126.00,都市：住
RPPNMLTLLHNFFBU37CA,鳳義段,2645.58,非都市：山坡地保育區 ; 非都市編定：農牧用地
RPTNMLQLMHNFFAU47CA,富國段,21.54,都市：商
RPPNMLRLLHNFFBU17CA,溪州段,2430.75,非都市：特定農業區 ; 非都市編定：農牧用地
RPPNMLLKMHNFFBU56CA,馬佛段,3681.64,非都市：一般農業區 ; 非都市編定：農牧用地
RPPNMLRLLHNFFAU07CA,民意段,30.90,都市：住
RPQNMLRLLHNFFAU17CA,林森段,54.00,都市：商
RPOOMLMKMHNFFAU56CA,南埔段,96.00,非都市：特定農業區 ; 非都市編定：甲種建築用地
RPOOMLMKMHNFFAU56CA,南埔段,41.93,非都市：特定農業區 ; 非都市編定：甲種建築用地
RPWOMLQKMHNFFAU77CA,帛士林段,2055.06,非都市：一般農業區 ; 非都市編定：農牧用地
RPWOMLQKMHNFFAU77CA,帛士林段,2340.59,非都市：一般農業區 ; 非都市編定：農牧用地
RPSOMLMKMHNFFAU96CA,民意段,1112.08,都市：其他
RPVNMLTJMHNFFAU77CA,明義段,25.06,都市：商
RPVNMLTJMHNFFAU77CA,明義段,14.36,都市：商
RPRNMLMKMHNFFAU76CA,克來寶段,100.00,都市：住
RPPNMLTJMHNFFAU17CA,主商段,4.29,都市：住
RPXNMLMKMHNFFAU37CA,南埔段,95.00,非都市：特定農業區 ; 非都市編定：甲種建築用地
RPXNMLMKMHNFFAU37CA,南埔段,41.93,非都市：特定農業區 ; 非都市編定：甲種建築用地
RPQNMLMJMHNFFAU56CA,莊敬段,30.45,都市：住
RPSNMLRLLHNFFAU37CA,四維段,134.53,都市：農
RPVNMLLKMHNFFAU27EA,溪口段,160.73,非都市：一般農業區 ; 非都市編定：甲種建築用地
RPSOMLLMLHNFFAU96CA,莊敬段,17.22,都市：住
RPOOMLMJMHNFFAU09CA,富國段,.83,都市：商
RPWNMLQLLHNFFAU67CA,福安段,15.00,都市：其他
RPWNMLQLLHNFFAU67CA,福安段,90.00,都市：住
RPOPMLTLLHNFFAU37CA,萬壽段一小段,40.00,非都市：鄉村區 ; 非都市編定：乙種建築用地
RPOPMLTLLHNFFAU37CA,萬壽段一小段,409.00,非都市：鄉村區 ; 非都市編定：乙種建築用地
RPPNMLQLLHNFFCU17CA,宮前段,6004.09,非都市：山坡地保育區 ; 非都市編定：農牧用地
RPPNMLQLLHNFFCU17CA,宮前段,3976.82,非都市：山坡地保育區 ; 非都市編定：農牧用地
RPXPMLTLLHNFFAU28CA,慈安段,89.00,都市：住
RPXNMLKKMHNFFAU37EA,北濱段,94.00,都市：住
RPQNMLTJMHNFFBU57EA,達莫段,228.00,非都市：特定農業區 ; 非都市編定：農牧用地
RPPNMLSLLHNFFAU17CA,帛士林段,1004.15,非都市：一般農業區 ; 非都市編定：農牧用地
RPXNMLKMLHNFFAU27CA,國光段,46.94,都市：住
RPPOMLKMLHNFFAU56CA,豐裡段,495.92,非都市：鄉村區 ; 非都市編定：乙種建築用地
RPROMLNJMHNFFAU86CA,主權段,30.00,都市：商
RPUNMLRLLHNFFAU77EA,國光段,79.56,都市：住
RPSOMLNJMHNFFAU96CA,主權段,127.00,都市：商
RPSOMLNJMHNFFAU96CA,主權段,48.00,都市：商
RPPNMLTLLHNFFCU47CA,瑞新段,107.64,都市：住
RPWNMLKMLHNFFAU17CA,樹人段,45.78,都市：住
RPWNMLKMLHNFFAU17CA,樹人段,.21,都市：住
RPQNMLSLLHNFFAU27CA,碧雲段,83.00,都市：住
RPROMLMKMHNFFAU86CA,民意段,1098.74,都市：其他
RPSNMLKMLHNFFAU76CA,民勤段,21.00,都市：住
RPSNMLKMLHNFFAU76CA,民勤段,42.00,都市：住
RPSNMLKMLHNFFAU76CA,民勤段,26.00,都市：住
RPSNMLKMLHNFFAU76CA,民勤段,22.00,都市：住
RPOOMLLMLHNFFAU56CA,裕民段,71.00,都市：住
RPWNMLRLLHNFFAU77CA,民生段,66.00,都市：商
RPPOMLTJMHNFFAU27CA,德安段,51.00,都市：住
RPUNMLTJMHNFFAU67CA,大漢段,182.51,非都市：一般農業區 ; 非都市編定：甲種建築用地
RPQNMLTJMHNFFAU27CA,仁廉段,70.00,都市：住
RPOOMLTJMHNFFAU17CA,南埔段,95.00,非都市：特定農業區 ; 非都市編定：甲種建築用地
RPOOMLTJMHNFFAU17CA,南埔段,41.93,非都市：特定農業區 ; 非都市編定：甲種建築用地
RPWNMLMKMHNFFAU27CA,南埔段,95.00,非都市：特定農業區 ; 非都市編定：甲種建築用地
RPWNMLMKMHNFFAU27CA,南埔段,41.93,非都市：特定農業區 ; 非都市編定：甲種建築用地
RPQOMLNJMHNFFAU76CA,福安段,47.00,都市：住
RPQOMLNJMHNFFAU76CA,福安段,6.00,都市：其他
RPPNMLNJMHNFFAU56CA,豐裡段,3179.64,非都市：一般農業區 ; 非都市編定：農牧用地
RPPNMLNJMHNFFAU56CA,豐裡段,2579.00,非都市：一般農業區 ; 非都市編定：農牧用地
RPPNMLNJMHNFFAU56CA,豐裡段,3780.27,非都市：一般農業區 ; 非都市編定：農牧用地
RPWNMLNJMHNFFAU27CA,四維段,84.88,都市：農
RPWNMLNJMHNFFAU27CA,四維段,13.91,都市：農
RPUNMLNJMHNFFAU07CA,德安段,7.18,都市：住
RPUNMLNJMHNFFAU07CA,德安段,1.14,都市：住
RPUNMLNJMHNFFAU07CA,德安段,63.00,都市：住
RPPNMLKMLHNFFAU09CA,永安段,2505.21,非都市：一般農業區 ; 非都市編定：農牧用地
RPQNMLKMLHNFFAU56CA,宜安段,29.64,都市：住
RPQOMLTLLHNFFAU47CA,永安段,27.94,非都市：鄉村區 ; 非都市編定：乙種建築用地
RPSOMLTLLHNFFAU67CA,碧雲段,150.00,都市：住
RPWPMLTLLHNFFAU18CA,南埔段,22.36,非都市：鄉村區 ; 非都市編定：乙種建築用地
RPWPMLTLLHNFFAU18CA,南埔段,112.00,非都市：鄉村區 ; 非都市編定：乙種建築用地
RPPNMLTLLHNFFAU27CA,太昌段,91.06,都市：住
RPWNMLLMLHNFFAU27CA,上崇德段,152.30,都市：其他
RPWNMLLMLHNFFAU27CA,上崇德段,7.30,都市：其他
RPWNMLLMLHNFFAU27CA,上崇德段,5.86,都市：其他
RPWNMLLMLHNFFAU27CA,上崇德段,97.46,都市：其他
RPWNMLLMLHNFFAU27CA,上崇德段,226.55,都市：其他
RPWNMLLMLHNFFAU27CA,上崇德段,86.40,都市：其他
RPTOMLTLLHNFFAU77CA,富國段,3.00,都市：商
RPSNMLNLMHNFFAU07CA,干城段,69.12,非都市： ; 非都市編定：
RPVOMLLMLHNFFAU27CA,慈惠段,42.79,都市：住
RPVOMLLMLHNFFAU27CA,慈惠段,.05,都市：住
RPVOMLLMLHNFFAU27CA,慈惠段,30.25,都市：其他
RPSNMLMKMHNFFAU86CA,壽農段,1639.05,非都市：特定農業區 ; 非都市編定：農牧用地
RPSNMLMKMHNFFAU86CA,壽農段,1780.05,非都市：特定農業區 ; 非都市編定：農牧用地
RPWNMLTJMHNFFAU87CA,宜昌段,96.00,都市：住
RPXNMLMJMHNFFAU27CA,莊敬段,19.42,都市：住
RPPOMLTKMHNFFAU37CA,碧雲段,181.00,都市：住
RPUNMLTKMHNFFAU77CA,富國段,9.70,都市：商
RPQOMLTKMHNFFAU47CA,德安段,17.08,都市：住
RPPNMLTKMHNFFCU47CA,神農段,2159.33,非都市：特定農業區 ; 非都市編定：農牧用地
RPUNMLKMMHNFFBU27DA,豐義段,1256.52,非都市：風景區 ; 非都市編定：農牧用地
RPUNMLKMMHNFFBU27DA,豐義段,1257.06,非都市：風景區 ; 非都市編定：農牧用地
RPPNMLLMLHNFFCU76CA,舊田段,2632.29,非都市：特定農業區 ; 非都市編定：農牧用地
RPQNMLTLLHNFFCU57CA,玉城段,37.88,都市：住
RPQNMLTLLHNFFCU57CA,玉城段,54.00,都市：住
RPRNMLTJMHNFFAU37CA,福祥段,141.00,都市：住
RPSOMLTJMHNFFAU57CA,民生段,172.00,都市：商
RPSOMLTJMHNFFAU57CA,民生段,9.00,都市：商
RPSOMLTJMHNFFAU57CA,民生段,5.00,都市：其他
RPSNMLTKMHNFFAU57CA,光輝段,419.13,非都市：一般農業區 ; 非都市編定：甲種建築用地
RPRNMLTKMHNFFAU47CA,富國段,3.00,都市：商
RPTNMLKKMHNFFAU76CA,自強段,9.13,都市：住
RPOOMLLKMHNFFAU09CA,民意段,8.86,都市：住
RPOOMLLKMHNFFAU09CA,民意段,5.59,都市：住
RPWOMLLMLHNFFAU37CA,慶豐段,132.00,都市：住
RPTPMLLMLHNFFAU17CA,天佑段,1084.63,非都市：特定農業區 ; 非都市編定：農牧用地
RPTPMLLMLHNFFAU17CA,天佑段,1131.36,非都市：特定農業區 ; 非都市編定：農牧用地
RPTPMLLMLHNFFAU17CA,天佑段,2070.97,非都市：特定農業區 ; 非都市編定：農牧用地
RPTOMLLMLHNFFAU07CA,太昌段,90.00,都市：住
RPWOMLKMLHNFFAU27CA,福吉段,240.55,非都市：特定農業區 ; 非都市編定：甲種建築用地
RPPNMLLMLHNFFAU56CA,富國段,18.27,都市：商
RPPNMLMJMHNFFBU76EA,鳳明段,108.00,都市：住
RPQOMLRLMHNFFAU37CA,仁禮段,22.49,都市：商
RPQNMLRJNHNFFBU47EA,豐義段,92.35,非都市：風景區 ; 非都市編定：丙種建築用地
RPQNMLRJNHNFFBU47EA,豐義段,92.15,非都市：風景區 ; 非都市編定：丙種建築用地
RPQNMLRJNHNFFBU47EA,豐義段,91.01,非都市：風景區 ; 非都市編定：丙種建築用地
RPROMLRLMHNFFAU47CA,仁禮段,21.27,都市：商
RPQNMLNJMHNFFAU86EA,柏拉腦段,501.89,非都市： ; 非都市編定：
RPROMLMJMHNFFAU96EA,志平段,611.83,都市：其他
RPROMLMJMHNFFAU96EA,志平段,284.48,都市：其他
RPPNMLMKMHNFFCU86DA,埔頭段,2719.44,非都市：特定農業區 ; 非都市編定：農牧用地
RPPNMLMKMHNFFCU86DA,埔頭段,930.67,非都市：特定農業區 ; 非都市編定：農牧用地
RPPPMLLMLHNFFAU76CA,慶豐段,96.00,都市：住
RPPNMLMJMHNFFAU09CA,自強段,136.00,都市：住
RPRNMLTJMHNFFCU57CA,東里段,93.17,非都市：特定農業區 ; 非都市編定：甲種建築用地
RPPOMLMJMHNFFAU56CA,廣安段,95.41,非都市：鄉村區 ; 非都市編定：乙種建築用地
RPPOMLMJMHNFFAU56CA,廣安段,8.41,非都市：鄉村區 ; 非都市編定：乙種建築用地
RPPOMLMJMHNFFAU56CA,廣安段,20.60,非都市：鄉村區 ; 非都市編定：乙種建築用地
RPUOMLMJMHNFFAU07CA,慈安段,200.00,都市：住
RPRNMLSKMHNFFCU57CA,玉璞段,144.00,都市：住
RPPOMLNJMHNFFAU66CA,平和段,2135.12,都市：農
RPRNMLKKMHNFFCU76CA,瑞北段,3203.84,非都市：一般農業區 ; 非都市編定：農牧用地
RPRNMLKKMHNFFCU76CA,瑞北段,5509.03,非都市：一般農業區 ; 非都市編定：農牧用地
RPRNMLKKMHNFFCU76CA,瑞北段,613.39,非都市：一般農業區 ; 非都市編定：農牧用地
RPRNMLKKMHNFFCU76CA,瑞北段,767.95,非都市：一般農業區 ; 非都市編定：農牧用地
RPRNMLKKMHNFFCU76CA,瑞北段,87.46,非都市：一般農業區 ; 非都市編定：農牧用地
RPRNMLKKMHNFFCU76CA,瑞北段,5533.46,非都市：一般農業區 ; 非都市編定：農牧用地
RPRNMLKKMHNFFCU76CA,瑞北段,58.53,非都市：一般農業區 ; 非都市編定：農牧用地
RPRNMLKKMHNFFCU76CA,瑞北段,424.79,非都市：一般農業區 ; 非都市編定：農牧用地
RPRNMLKKMHNFFCU76CA,瑞北段,926.24,非都市：一般農業區 ; 非都市編定：農牧用地
RPRNMLKKMHNFFCU76CA,瑞北段,892.81,非都市：一般農業區 ; 非都市編定：農牧用地
RPSNMLTJMHNFFBU57CA,北林段,3933.17,非都市：特定農業區 ; 非都市編定：農牧用地
RPSNMLTJMHNFFBU57CA,北林段,4991.22,非都市：特定農業區 ; 非都市編定：農牧用地
RPUOMLRLMHNFFAU77CA,仁禮段,19.37,都市：商
RPTOMLRLMHNFFAU67CA,仁禮段,19.37,都市：商
RPPNMLKKMHNFFBU09CA,大安段,133.00,都市：商
RPROMLTKMHNFFAU57CA,慶豐段,150.00,都市：住
RPVOMLRLMHNFFAU87CA,仁禮段,21.27,都市：商
RPTOMLNJMHNFFAU07CA,明義段,52.00,都市：商
RPTOMLNJMHNFFAU07CA,明義段,2.00,都市：其他
RPXNMLQKMHNFFAU77CA,慈惠段,69.69,都市：住
RPXNMLQKMHNFFAU77CA,慈惠段,37.00,都市：住
RPXNMLQKMHNFFAU77CA,慈惠段,13.49,都市：住
RPQNMLRLMHNFFCU57DA,東寧段,136.63,非都市：山坡地保育區 ; 非都市編定：農牧用地
RPQNMLRLMHNFFCU57DA,東寧段,1877.63,非都市：山坡地保育區 ; 非都市編定：農牧用地
RPQNMLRLMHNFFCU57DA,東寧段,259.10,非都市：山坡地保育區 ; 非都市編定：農牧用地
RPTOMLMJMHNFFAU96CA,莊敬段,9.74,都市：住
RPTOMLRKMHNFFAU57CA,國強段,7.22,非都市：特定農業區 ; 非都市編定：農牧用地
RPTOMLRKMHNFFAU57CA,國強段,128.82,非都市：特定農業區 ; 非都市編定：甲種建築用地
RPTOMLRKMHNFFAU57CA,國強段,45.93,非都市：特定農業區 ; 非都市編定：甲種建築用地
RPQNMLNJMHNFFCU86CA,哈拉灣段,305.56,非都市：特定農業區 ; 非都市編定：農牧用地
RPQOMLTJMHNFFAU37CA,慈雲段,156.00,都市：住
RPXNMLTJMHNFFAU97CA,莊敬段,15.62,都市：住
RPPNMLTJMHNFFCU37CA,清水段,7294.00,非都市：山坡地保育區 ; 非都市編定：農牧用地
RPPNMLTJMHNFFCU37CA,清水段,2500.00,非都市：山坡地保育區 ; 非都市編定：農牧用地
RPPOMLLKMHNFFAU56CA,國光段,27.62,都市：住
RPUNMLRJNHNFFAU57CA,嘉南段,107.00,都市：商
RPUNMLRJNHNFFAU57CA,嘉南段,86.00,都市：商
RPSNMLLJNHNFFAU76CA,民勤段,134.00,都市：住
RPQNMLMKMHNFFCU86CA,神社段,2495.60,都市：農
RPQNMLMKMHNFFCU86CA,神社段,1105.26,都市：農
RPQNMLMKMHNFFCU86CA,神社段,92.44,都市：農
RPUNMLSKMHNFFCU87CA,禹中段,1134.34,非都市：一般農業區 ; 非都市編定：農牧用地
RPPNMLTJMHNFFBU47EA,東富段,2.18,非都市：鄉村區 ; 非都市編定：乙種建築用地
RPPNMLTJMHNFFBU47EA,東富段,4.04,非都市：鄉村區 ; 非都市編定：乙種建築用地
RPPNMLTJMHNFFBU47EA,東富段,3.83,非都市：鄉村區 ; 非都市編定：乙種建築用地
RPPNMLTJMHNFFBU47EA,東富段,.86,非都市：鄉村區 ; 非都市編定：乙種建築用地
RPPNMLRJMHNFFAU96CA,光華段二小段,2799.72,非都市：工業區 ; 非都市編定：丁種建築用地
RPPNMLRJMHNFFAU96CA,光華段二小段,2543.58,非都市：工業區 ; 非都市編定：丁種建築用地
RPPNMLRJMHNFFAU96CA,光華段二小段,2963.78,非都市：工業區 ; 非都市編定：丁種建築用地
RPPNMLRJMHNFFAU96CA,光華段二小段,3189.69,非都市：工業區 ; 非都市編定：丁種建築用地
RPQNMLKKMHNFFBU56CA,大和段,321.57,非都市：鄉村區 ; 非都市編定：乙種建築用地
RPVNMLMKMHNFFAU17CA,林森段,166.00,都市：住
RPVNMLMKMHNFFAU17CA,林森段,41.25,都市：住
RPVNMLKKMHNFFAU96CA,福興段,116.00,都市：住
RPWNMLOLMHNFFAU57CA,富國段,142.00,都市：商
RPWNMLOLMHNFFAU57CA,富國段,142.00,都市：商
RPWNMLOLMHNFFAU57CA,富國段,143.00,都市：商
RPWNMLOLMHNFFAU57CA,富國段,143.00,都市：商
RPPOMLKLMHNFFAU56CA,慶豐段,155.00,都市：住
RPRNMLKKMHNFFAU56CA,裕民段,85.00,都市：其他
RPUNMLKKMHNFFAU86CA,自強段,125.00,都市：住
RPXNMLOLMHNFFAU67CA,富國段,147.00,都市：商
RPXNMLOLMHNFFAU67CA,富國段,147.00,都市：商
RPXNMLOLMHNFFAU67CA,富國段,148.00,都市：商
RPXNMLOLMHNFFAU67CA,富國段,148.00,都市：商
RPXNMLOLMHNFFAU67CA,富國段,176.00,都市：商
RPXNMLOLMHNFFAU67CA,富國段,176.00,都市：商
RPXNMLOLMHNFFAU67CA,富國段,150.00,都市：商
RPXNMLOLMHNFFAU67CA,富國段,1009.00,都市：商
RPXNMLOLMHNFFAU67CA,富國段,148.00,都市：商
RPXNMLOLMHNFFAU67CA,富國段,147.00,都市：商
RPPNMLQLMHNFFCU27CA,富田段,9726.00,非都市：特定農業區 ; 非都市編定：農牧用地
RPWOMLRLMHNFFAU97CA,仁禮段,22.49,都市：商
RPQNMLMKMHNFFAU66CA,康樂段,55.04,非都市：鄉村區 ; 非都市編定：乙種建築用地
RPUNMLLKMHNFFAU96CA,東升段,105.00,非都市：鄉村區 ; 非都市編定：乙種建築用地
RPUNMLLKMHNFFAU96CA,東升段,104.00,非都市：鄉村區 ; 非都市編定：乙種建築用地
RPRNMLPLMHNFFCU37CA,玉璞段,53.50,都市：住
RPRNMLMKMHNFFCU96CA,滿自然段,1082.43,非都市：山坡地保育區 ; 非都市編定：農牧用地
RPSNMLSKMHNFFAU47CA,功學段,266.38,都市：農
RPXNMLSKMHNFFCU18CA,玉昌段,92.00,都市：住
RPOOMLQKMHNFFAU17EA,下台地段,2032.99,非都市：一般農業區 ; 非都市編定：農牧用地
RPOOMLKKMHNFFAU98CA,富國段,13.22,都市：商
RPXNMLKKMHNFFAU17CA,永安段,88.93,非都市：鄉村區 ; 非都市編定：乙種建築用地
RPXNMLKKMHNFFAU17CA,永安段,41.84,非都市：鄉村區 ; 非都市編定：乙種建築用地
RPXNMLKKMHNFFAU17CA,永安段,25.21,非都市：鄉村區 ; 非都市編定：乙種建築用地
RPPOMLKKMHNFFAU09CA,四維段,66.47,都市：農
RPXNMLPLMHNFFAU87DA,志平段,271.09,都市：住
RPXNMLPLMHNFFAU87DA,志平段,98.41,都市：其他
RPXNMLPLMHNFFAU87DA,志平段,31.96,都市：其他
RPXNMLPLMHNFFAU87DA,志平段,31.68,都市：其他
RPPOMLKKMHNFFAU09CA,四維段,13.91,都市：農
RPXNMLPLMHNFFAU87DA,志平段,12.88,都市：其他
RPXNMLPLMHNFFAU87DA,志平段,76.22,都市：其他
RPXNMLPLMHNFFAU87DA,志平段,6.49,都市：其他
RPXNMLPLMHNFFAU87DA,志平段,146.74,都市：住
RPXNMLPLMHNFFAU87DA,志平段,1.16,都市：住
RPQNMLKKMHNFFAU09CA,大漢段,68.90,非都市：鄉村區 ; 非都市編定：乙種建築用地
RPWNMLLKMHNFFAU17CA,南埔段,98.00,非都市：特定農業區 ; 非都市編定：甲種建築用地
RPPNMLKKMHNFFAU98CA,自強段,5.63,都市：住
RPXNMLLKMHNFFAU27CA,嘉平段,98.00,都市：住
RPQNMLRKMHNFFBU27CA,萬利段,1045.13,非都市：一般農業區 ; 非都市編定：農牧用地
RPPNMLOLMHNFFBU96CA,馬佛段,1245.01,非都市：一般農業區 ; 非都市編定：農牧用地
RPRNMLRKMHNFFBU37CA,大平段,614.00,非都市：一般農業區 ; 非都市編定：農牧用地
RPRNMLRKMHNFFBU37CA,大平段,2718.00,非都市：一般農業區 ; 非都市編定：農牧用地
RPRNMLRKMHNFFBU37CA,大平段,7580.00,非都市：一般農業區 ; 非都市編定：農牧用地
RPRNMLRKMHNFFAU27CA,自強段,6.03,都市：住
RPRNMLRKMHNFFAU27CA,自強段,3.49,都市：住
RPRPMLTKMHNFFAU67CA,山廣段,8.51,非都市：一般農業區 ; 非都市編定：農牧用地
RPTNMLNLMHNFFAU17CA,初音段,812.98,非都市：特定農業區 ; 非都市編定：農牧用地
RPQNMLNKMHNFFAU76CA,裕民段,5.03,都市：商
RPPNMLQKMHNFFAU96CA,南埔段,71.00,非都市：特定農業區 ; 非都市編定：甲種建築用地
RPPNMLQKMHNFFAU96CA,南埔段,565.00,非都市： ; 非都市編定：
RPPNMLQKMHNFFAU96CA,南埔段,41.00,非都市： ; 非都市編定：
RPPNMLQKMHNFFAU96CA,南埔段,291.00,非都市： ; 非都市編定：
RPPNMLQKMHNFFAU96CA,南埔段,250.00,非都市： ; 非都市編定：
RPPNMLQKMHNFFAU96CA,南埔段,211.00,非都市： ; 非都市編定：
RPPNMLQKMHNFFAU96CA,南埔段,511.00,非都市： ; 非都市編定：
RPWNMLNLMHNFFAU47CA,慶豐段,116.00,都市：住
RPOOMLTKMHNFFAU27CA,南埔段,96.00,非都市：特定農業區 ; 非都市編定：甲種建築用地
RPOOMLTKMHNFFAU27CA,南埔段,41.93,非都市：特定農業區 ; 非都市編定：甲種建築用地
RPPNMLMKMHNFFAU56CA,豐東段,254.80,非都市：一般農業區 ; 非都市編定：農牧用地
RPPNMLQKMHNFFBU27EA,新白陽段,872.39,非都市：山坡地保育區 ; 非都市編定：農牧用地
RPPNMLNKMHNFFAU66CA,自強段,27.00,都市：住
RPWNMLKLMHNFFAU17CA,初音段,1898.50,非都市：特定農業區 ; 非都市編定：農牧用地
RPSNMLRKMHNFFBU57DA,萬利段,100.00,非都市：山坡地保育區 ; 非都市編定：特定目的事業用地
RPPOMLPLMHNFFCU27CA,中平段,94.56,都市：住
RPPOMLPLMHNFFCU27CA,中平段,127.60,都市：住
RPSNMLNKMHNFFAU17EA,大禮段,5000.00,非都市：國家公園區 ; 非都市編定：
RPTNMLQKMHNFFCU57CA,學田段,372.98,非都市：鄉村區 ; 非都市編定：乙種建築用地
RPVNMLSJNHNFFAU77CA,仁禮段,20.75,都市：商
RPVNMLPLMHNFFCU77CA,農場段,1050.42,非都市：特定農業區 ; 非都市編定：農牧用地
RPVNMLPLMHNFFCU77CA,萬寧段,312.50,非都市：特定農業區 ; 非都市編定：甲種建築用地
RPVNMLPLMHNFFCU77CA,萬寧段,258.72,非都市：特定農業區 ; 非都市編定：農牧用地
RPWNMLPLMHNFFCU87CA,農場段,1733.97,非都市：特定農業區 ; 非都市編定：農牧用地
RPWNMLPLMHNFFCU87CA,農場段,1427.85,非都市：特定農業區 ; 非都市編定：農牧用地
RPWNMLPLMHNFFCU87CA,萬寧段,259.81,非都市：特定農業區 ; 非都市編定：農牧用地
RPUNMLMKMHNFFAU07CA,光華段二小段,363.06,非都市：工業區 ; 非都市編定：丁種建築用地
RPRNMLQKMHNFFCU57EA,東豐南段,1802.00,非都市：山坡地保育區 ; 非都市編定：農牧用地
RPPOMLRJNHNFFAU17CA,格督尚段,80.04,非都市：一般農業區 ; 非都市編定：農牧用地
RPRNMLNKMHNFFAU86CA,富國段,18.77,都市：商
RPOOMLRJNHNFFAU07CA,佳民段,2245.00,非都市：山坡地保育區 ; 非都市編定：特定目的事業用地
RPOOMLRJNHNFFAU07CA,佳民段,81.00,非都市：鄉村區 ; 非都市編定：乙種建築用地
RPUNMLOJNHNFFAU27CA,仁和段,22.66,都市：農
RPUNMLOJNHNFFAU27CA,仁和段,276.41,都市：農
RPUOMLNJNHNFFAU27CA,玻士岸段,2326.82,都市：農
RPWNMLRLMHNFFAU87CA,自強段,95.00,都市：住
RPOOMLOJNHNFFAU76CA,富國段,10.06,都市：商
RPPNMLRKMHNFFAU07CA,加灣段,2754.00,非都市：一般農業區 ; 非都市編定：農牧用地
RPPNMLOJNHNFFCU96CA,埔頭段,433.64,非都市： ; 非都市編定：
RPQNMLOJNHNFFCU07CA,埔頭段,329.07,非都市： ; 非都市編定：
RPQOMLQKMHNFFAU17CA,仁廉段,19.00,都市：住
RPQOMLQKMHNFFAU17CA,仁廉段,10.33,都市：其他
RPXNMLTKMHNFFAU08CA,國風段,66.00,都市：住
RPOOMLSJNHNFFAU17CA,仁禮段,20.75,都市：商
RPPNMLTKMHNFFAU27CA,仁廉段,.07,都市：商
RPPNMLTKMHNFFAU27CA,仁廉段,14.27,都市：商
RPPOMLSJNHNFFAU27CA,仁禮段,21.27,都市：商
RPQNMLTKMHNFFAU37CA,溪口段,77.94,非都市：一般農業區 ; 非都市編定：甲種建築用地
RPQOMLSJNHNFFAU37CA,仁禮段,21.27,都市：商
RPROMLQKMHNFFAU27CA,民心段,217.00,都市：其他
RPTOMLQKMHNFFAU47CA,林森段,17.00,都市：住
RPVNMLSKMHNFFAU77CA,自強段,5.63,都市：住
RPVOMLQKMHNFFAU67CA,國光段,1.01,都市：住
RPPOMLRKMHNFFAU17CA,福興段,130.00,都市：住
RPQNMLRKMHNFFAU17CA,仁義段,97.00,都市：住
RPWNMLRKMHNFFAU77CA,嘉北段,27.58,都市：住
RPWNMLRKMHNFFAU77CA,嘉北段,126.00,都市：住
RPUNMLRKMHNFFAU57CA,富國段,151.00,都市：商
RPUOMLRKMHNFFAU67CA,草芬段,1013.07,非都市：特定農業區 ; 非都市編定：農牧用地
RPOOMLPLMHNFFCU17CA,瑞北段,577.49,非都市：山坡地保育區 ; 非都市編定：農牧用地
RPOOMLPLMHNFFCU17CA,瑞北段,3435.57,非都市：山坡地保育區 ; 非都市編定：農牧用地
RPOOMLPLMHNFFCU17CA,瑞北段,1137.39,非都市：山坡地保育區 ; 非都市編定：農牧用地
RPOOMLPLMHNFFCU17CA,瑞北段,160.31,非都市：山坡地保育區 ; 非都市編定：丙種建築用地
RPOOMLPLMHNFFCU17CA,瑞北段,16.83,非都市：山坡地保育區 ; 非都市編定：丙種建築用地
RPOOMLPLMHNFFCU17CA,瑞北段,6491.76,非都市：山坡地保育區 ; 非都市編定：農牧用地
RPOOMLPLMHNFFCU17CA,瑞北段,2448.96,非都市：山坡地保育區 ; 非都市編定：農牧用地
RPOOMLPLMHNFFCU17CA,瑞北段,4295.35,非都市：山坡地保育區 ; 非都市編定：農牧用地
RPSOMLLKNHNFFAU96CA,上水源段,2411.86,非都市：山坡地保育區 ; 非都市編定：農牧用地
RPPNMLTLMHNFFAU37CA,德安段,19.59,都市：住
RPUNMLNKMHNFFAU37EA,明月段,543.54,非都市：山坡地保育區 ; 非都市編定：農牧用地
RPUOMLSJNHNFFAU77CA,仁禮段,20.75,都市：商
RPQNMLQKMHNFFBU37EA,新白陽段,6915.01,非都市：山坡地保育區 ; 非都市編定：農牧用地
RPPNMLOLMHNFFCU07CA,奇美段,1251.00,非都市：風景區 ; 非都市編定：農牧用地
RPPNMLOLMHNFFCU07CA,奇美段,1334.00,非都市：風景區 ; 非都市編定：農牧用地
RPPNMLOLMHNFFCU07CA,奇美段,407.00,非都市：風景區 ; 非都市編定：農牧用地
RPRNMLQKMHNFFBU47EA,大平段,785.00,都市：農
RPRNMLQKMHNFFBU47EA,大平段,310.00,都市：農
RPWNMLQLMHNFFAU77CA,國風段,170.00,都市：住
RPQNMLLJNHNFFAU56CA,仁恥段,102.00,都市：住
RPQNMLLJNHNFFAU56CA,仁恥段,7.00,都市：住
RPQNMLSKMHNFFCU47CA,玉城段,7.00,都市：住
RPQNMLSKMHNFFCU47CA,玉城段,19.00,都市：住
RPQNMLSKMHNFFCU47CA,玉城段,55.00,都市：住
RPQNMLSKMHNFFCU47CA,玉城段,34.00,都市：住
RPUNMLLKNHNFFAU07CA,民享段,18.56,都市：住
RPWNMLSKMHNFFAU87CA,仁愛段,786.94,非都市：一般農業區 ; 非都市編定：農牧用地
RPQOMLRKMHNFFAU27CA,廣賢段,54.28,非都市：鄉村區 ; 非都市編定：乙種建築用地
RPPNMLTJNHNFFBU37CA,豐義段,19.49,都市：商
RPPNMLTJNHNFFBU37CA,豐義段,37.82,都市：商
RPQNMLQKNHNFFBU27CA,長橋段,531.39,非都市：特定專用區 ; 非都市編定：交通用地
RPPNMLMJNHNFFBU66CA,鳳凰段,3520.99,非都市：山坡地保育區 ; 非都市編定：農牧用地
RPPNMLMJNHNFFBU66CA,鳳凰段,169.50,非都市：山坡地保育區 ; 非都市編定：丙種建築用地
RPQNMLKKNHNFFAU56CA,慶豐段,136.67,都市：農
RPQNMLSJNHNFFBU37CA,鳳信段,87.80,非都市：特定農業區 ; 非都市編定：甲種建築用地
RPROMLKLMHNFFAU76CA,民勤段,7.98,都市：住
RPROMLKLMHNFFAU76CA,民勤段,6.32,都市：住
RPVOMLRKMHNFFAU77CA,福興段,81.00,都市：住
RPRNMLKLMHNFFAU66CA,福德段,3694.00,都市：農
RPRNMLKLMHNFFAU66CA,福德段,1753.00,都市：農
RPVNMLMJNHNFFAU17CA,下水源段,16963.89,非都市：山坡地保育區 ; 非都市編定：農牧用地
RPXNMLMJNHNFFAU37CA,主商段,3.52,都市：商
RPUNMLMJNHNFFAU07CA,嘉北段,98.00,非都市：鄉村區 ; 非都市編定：乙種建築用地
RPPNMLLJNHNFFAU09CA,仁禮段,57.00,都市：住
RPRNMLSKMHNFFAU37CA,路內段,52.79,都市：住
RPSNMLSKMHNFFCU67CA,新大禹段,1161.50,非都市：山坡地保育區 ; 非都市編定：農牧用地
RPSNMLSKMHNFFCU67CA,新大禹段,1161.50,非都市：山坡地保育區 ; 非都市編定：農牧用地
RPPNMLNLMHNFFBU96DA,南平段,169.00,非都市：一般農業區 ; 非都市編定：特定目的事業用地
RPVNMLSKMHNFFCU97CA,新大禹段,700.07,非都市：山坡地保育區 ; 非都市編定：水利用地
RPVNMLSKMHNFFCU97CA,新大禹段,700.07,非都市：山坡地保育區 ; 非都市編定：水利用地
RPVNMLSKMHNFFCU97CA,新大禹段,1227.00,非都市：山坡地保育區 ; 非都市編定：農牧用地
RPVNMLSKMHNFFCU97CA,新大禹段,1227.00,非都市：山坡地保育區 ; 非都市編定：農牧用地
RPPOMLNLMHNFFAU86CA,豐裡段,239.67,非都市：一般農業區 ; 非都市編定：農牧用地
RPPOMLNLMHNFFAU86CA,豐裡段,160.50,非都市：一般農業區 ; 非都市編定：農牧用地
RPQNMLOJNHNFFAU07EA,東昌段,49.92,都市：其他
RPQNMLOJNHNFFAU07EA,東昌段,61.71,都市：其他
RPSNMLKLMHNFFAU96EA,文山段,437.45,非都市：國家公園區 ; 非都市編定：
RPSNMLKLMHNFFAU96EA,文山段,479.27,非都市：國家公園區 ; 非都市編定：
RPSNMLKLMHNFFAU96EA,文山段,290.16,非都市：國家公園區 ; 非都市編定：
RPSNMLKLMHNFFAU96EA,文山段,300.74,非都市：國家公園區 ; 非都市編定：
RPSNMLKLMHNFFAU96EA,文山段,1198.83,非都市：國家公園區 ; 非都市編定：
RPROMLPKNHNFFAU27CA,仁禮段,26.60,都市：住
RPPNMLOJNHNFFAU96EA,東昌段,63.66,都市：其他
RPPNMLOJNHNFFAU96EA,東昌段,69.53,都市：其他
RPPNMLOJNHNFFAU96EA,東昌段,70.36,都市：其他
RPPNMLOJNHNFFAU96EA,東昌段,38.57,都市：其他
RPPNMLOJNHNFFAU96EA,東昌段,66.62,都市：其他
RPPNMLOJNHNFFAU96EA,東昌段,.14,都市：其他
RPPNMLOJNHNFFAU96EA,東昌段,.42,都市：其他
RPPNMLOJNHNFFAU96EA,東昌段,75.30,都市：其他
RPPNMLOJNHNFFAU96EA,東昌段,72.35,都市：其他
RPPNMLOJNHNFFAU96EA,東昌段,81.36,都市：其他
RPPNMLOJNHNFFAU96EA,東昌段,85.03,都市：其他
RPPNMLOJNHNFFAU96EA,東昌段,69.91,都市：其他
RPPNMLOJNHNFFAU96EA,東昌段,67.45,都市：其他
RPRNMLOJNHNFFAU17EA,東昌段,969.79,非都市：一般農業區 ; 非都市編定：交通用地
RPRNMLOJNHNFFAU17EA,東昌段,3029.42,非都市：一般農業區 ; 非都市編定：交通用地
RPSPMLRLMHNFFAU67CA,主權段,4.96,都市：住
RPXOMLTKMHNFFAU38EA,光榮段,11.74,非都市：鄉村區 ; 非都市編定：乙種建築用地
RPXOMLTKMHNFFAU38EA,光榮段,152.59,非都市：鄉村區 ; 非都市編定：乙種建築用地
RPXOMLTKMHNFFAU38EA,光榮段,162.75,非都市：鄉村區 ; 非都市編定：乙種建築用地
RPQNMLOLMHNFFAU96CA,大漢段,104.32,非都市：鄉村區 ; 非都市編定：乙種建築用地
RPQPMLTKMHNFFAU67DA,民意段,5.64,都市：住
RPQPMLTKMHNFFAU67DA,民意段,31.53,都市：住
RPQPMLTKMHNFFAU67DA,民意段,6.35,都市：住
RPWNMLTKMHNFFAU97CA,主商段,22.37,都市：商
RPWOMLTKMHNFFAU08CA,仁禮段,22.49,都市：商
RPUOMLTKMHNFFAU87CA,嘉南段,81.00,都市：住
RPVNMLKLMHNFFAU07CA,光輝段,1027.36,非都市：一般農業區 ; 非都市編定：農牧用地
RPTNMLKLMHNFFAU86CA,福安段,74.00,都市：住
RPPNMLKLMHNFFAU09CA,民意段,11.53,都市：住
RPQNMLKLMHNFFAU56CA,福安段,92.00,都市：住
RPVNMLNLMHNFFAU37CA,北濱段,295.00,都市：住
RPQOMLNLMHNFFAU96CA,德安段,8.54,都市：住
RPQOMLNLMHNFFAU96CA,德安段,8.54,都市：住
RPVNMLRKNHNFFAU77CA,裕民段,181.00,都市：住
RPSOMLSJNHNFFAU57CA,富國段,2.67,都市：住
RPPNMLOJNHNFFBU86CA,鳳信段,92.77,非都市：特定農業區 ; 非都市編定：甲種建築用地
RPOOMLQLMHNFFAU07CA,光輝段,442.28,非都市：一般農業區 ; 非都市編定：農牧用地
RPTNMLRKNHNFFAU57CA,南埔段,223.00,非都市：鄉村區 ; 非都市編定：乙種建築用地
RPPOMLNJNHNFFAU76CA,宜寧段,42.60,都市：商
RPPOMLNJNHNFFAU76CA,宜寧段,14.20,都市：商
RPPOMLNJNHNFFAU76CA,宜寧段,14.20,都市：商
RPSOMLRLMHNFFAU57CA,民勤段,7.78,都市：住
RPSOMLRLMHNFFAU57CA,民勤段,6.16,都市：住
RPQNMLRJNHNFFAU17CA,國民段,130.29,都市：農
RPPNMLLLMHNFFCU76CA,玉璞段,216.00,都市：住
RPRNMLNLMHNFFAU96CA,樹人段,6.94,都市：住
RPRNMLNLMHNFFAU96CA,樹人段,7.88,都市：住
RPROMLNLMHNFFAU07CA,宜昌段,138.00,都市：住
RPROMLNLMHNFFAU07CA,宜昌段,14.00,都市：住
RPSOMLNLMHNFFAU17CA,南埔段,110.00,非都市：特定農業區 ; 非都市編定：甲種建築用地
RPUNMLKLMHNFFAU96CA,宜安段,134.00,都市：住
RPPNMLNLMHNFFCU96CA,學園段,8176.26,非都市：特定農業區 ; 非都市編定：農牧用地
RPSNMLQLMHNFFAU37CA,景美段,3362.50,非都市：山坡地保育區 ; 非都市編定：林業用地
RPROMLNJNHNFFAU96CA,大漢段,182.51,非都市：一般農業區 ; 非都市編定：甲種建築用地
RPSNMLPLMHNFFCU47CA,瑞燕段,99.00,非都市：一般農業區 ; 非都市編定：甲種建築用地
RPSNMLRLMHNFFAU47CA,碧雲段,6.18,都市：其他
RPSNMLRLMHNFFAU47CA,碧雲段,1.63,都市：住
RPSNMLRLMHNFFAU47CA,碧雲段,22.80,都市：住
RPSNMLRLMHNFFAU47CA,碧雲段,.96,都市：住
RPSNMLRLMHNFFAU47CA,碧雲段,2.38,都市：住
RPSNMLRLMHNFFAU47CA,碧雲段,17.39,都市：住
RPSNMLRLMHNFFAU47CA,碧雲段,36.00,都市：住
RPUNMLNLMHNFFAU27CA,林森段,76.00,都市：住
RPXNMLNLMHNFFAU57CA,仁愛段,130.12,非都市：鄉村區 ; 非都市編定：乙種建築用地
RPXNMLNLMHNFFAU57CA,仁愛段,29.70,非都市：鄉村區 ; 非都市編定：乙種建築用地
RPRNMLOLMHNFFAU07CA,石壁段,78.73,非都市：鄉村區 ; 非都市編定：乙種建築用地
RPVNMLOJNHNFFCU57CA,瑞美段,156.76,都市：住
RPOOMLOLMHNFFAU86CA,民意段,107.00,都市：住
RPQOMLOLMHNFFAU07CA,上水源段,505.16,非都市：山坡地保育區 ; 非都市編定：農牧用地
RPVNMLPLMHNFFAU57CA,景美段,830.00,非都市：山坡地保育區 ; 非都市編定：林業用地
RPUNMLPLMHNFFAU47CA,景美段,3362.50,非都市：山坡地保育區 ; 非都市編定：林業用地
RPTNMLPLMHNFFAU37CA,景美段,4422.50,非都市：山坡地保育區 ; 非都市編定：林業用地
RPRNMLLLMHNFFCU96CA,瑞美段,100.83,都市：住
RPRNMLLLMHNFFCU96CA,瑞美段,21.80,都市：住
RPWNMLPLMHNFFAU67CA,景美段,550.00,非都市：山坡地保育區 ; 非都市編定：林業用地
RPOOMLPLMHNFFAU96CA,景美段,710.00,非都市：山坡地保育區 ; 非都市編定：林業用地
RPSNMLLLMHNFFCU07CA,瑞美段,119.93,都市：住
RPUNMLLLMHNFFCU27CA,瑞美段,93.33,都市：住
RPUNMLLLMHNFFCU27CA,瑞美段,93.33,都市：住
RPPOMLPLMHNFFAU07CA,景美段,4422.50,非都市：山坡地保育區 ; 非都市編定：林業用地
RPQOMLPLMHNFFAU17CA,景美段,570.00,非都市：山坡地保育區 ; 非都市編定：林業用地
RPSOMLPLMHNFFAU37CA,景美段,830.00,非都市：山坡地保育區 ; 非都市編定：林業用地
RPROMLPLMHNFFAU27CA,加灣段,256.27,非都市：山坡地保育區 ; 非都市編定：農牧用地
RPROMLKKNHNFFAU76CA,福安段,108.00,都市：住
RPQPMLRLMHNFFAU47CA,仁愛段,300.69,非都市：一般農業區 ; 非都市編定：農牧用地
RPSNMLOLMHNFFAU37EA,加灣段,167.08,非都市：鄉村區 ; 非都市編定：乙種建築用地
RPPNMLNLNHNFFCU07CA,瑞美段,67.04,都市：住
RPPNMLNLNHNFFCU07CA,瑞美段,67.04,都市：住
RPQNMLQLMHNFFAU17CA,碧雲段,7.27,都市：住
RPQNMLQLMHNFFAU17CA,碧雲段,1.92,都市：住
RPQNMLQLMHNFFAU17CA,碧雲段,25.35,都市：住
RPQNMLQLMHNFFAU17CA,碧雲段,1.13,都市：住
RPQNMLQLMHNFFAU17CA,碧雲段,2.80,都市：住
RPQNMLQLMHNFFAU17CA,碧雲段,40.00,都市：住
RPPNMLPLMHNFFAU96CA,莊敬段,9.76,都市：住
RPPOMLOLMHNFFAU96CA,民勤段,69.00,都市：農
RPTNMLSJNHNFFAU57CA,吳全段,9.12,都市：農
RPROMLRKNHNFFAU47CA,仁禮段,21.27,都市：商
RPQNMLPLMHNFFAU27EA,東華段,143.58,都市：住
RPPNMLPLMHNFFCU17CA,東豐南段,57.08,非都市：鄉村區 ; 非都市編定：乙種建築用地
RPUNMLPLMHNFFCU67CA,大禹段,1435.00,非都市：山坡地保育區 ; 非都市編定：暫未編定
RPRPMLRLMHNFFAU57CA,精鐘段,8107.68,非都市：山坡地保育區 ; 非都市編定：林業用地
RPTPMLRLMHNFFAU77CA,廣賢段,1090.24,非都市：一般農業區 ; 非都市編定：農牧用地
RPVOMLOJNHNFFAU47CA,壽月段,186.66,非都市：鄉村區 ; 非都市編定：乙種建築用地
RPUNMLQLMHNFFAU57CA,廣安段,107.20,非都市：一般農業區 ; 非都市編定：甲種建築用地
RPPNMLMJNHNFFCU76CA,高寮段,871.70,非都市：鄉村區 ; 非都市編定：乙種建築用地
RPPNMLKMMHNFFAU56CA,北濱段,4.59,都市：商
RPRNMLQLMHNFFAU27CA,福安段,16.00,都市：住
RPRNMLQLMHNFFAU27CA,福安段,110.00,都市：住
RPPNMLRLMHNFFCU37CA,源南段,5204.85,非都市：一般農業區 ; 非都市編定：農牧用地
RPXNMLOJNHNFFAU57CA,林森段,16.57,都市：住
RPTNMLSKNHNFFAU87EA,下台地段,1469.35,非都市：一般農業區 ; 非都市編定：農牧用地
RPTNMLSKNHNFFAU87EA,下台地段,3289.98,非都市：一般農業區 ; 非都市編定：農牧用地
RPPNMLQLMHNFFBU17CA,鳳仁段,25.50,都市：住
RPPNMLQLMHNFFBU17CA,鳳仁段,93.00,都市：住
RPPNMLQLMHNFFBU17CA,鳳仁段,10.00,都市：住
RPUNMLSJNHNFFCU87CA,泰林段,390.25,非都市：鄉村區 ; 非都市編定：乙種建築用地
RPQNMLKMMHNFFCU86CA,神社段,27995.88,非都市：山坡地保育區 ; 非都市編定：暫未編定
RPQNMLKMMHNFFCU86CA,神社段,5810.29,非都市：山坡地保育區 ; 非都市編定：暫未編定
RPQNMLKMMHNFFCU86CA,神社段,922.08,非都市：山坡地保育區 ; 非都市編定：暫未編定
RPQNMLLJNHNFFBU86EA,水車段,71.21,非都市：特定農業區 ; 非都市編定：甲種建築用地
RPQNMLLJNHNFFBU86EA,水車段,31.10,非都市：特定農業區 ; 非都市編定：甲種建築用地
RPQNMLLJNHNFFBU86EA,水車段,32.94,非都市：特定農業區 ; 非都市編定：甲種建築用地
RPXNMLLJNHNFFAU27CA,道拉斯段,17260.50,非都市：山坡地保育區 ; 非都市編定：林業用地
RPPNMLNJNHNFFAU66CA,民意段,136.00,都市：住
RPWNMLLJNHNFFAU17CA,民勤段,91.00,都市：農
RPWNMLLJNHNFFAU17CA,民勤段,16.00,都市：其他
RPWNMLLJNHNFFAU17CA,民勤段,38.00,都市：農
RPWNMLLJNHNFFAU17CA,民勤段,65.00,都市：農
RPWNMLLJNHNFFAU17CA,民勤段,15.00,都市：農
RPOPMLRLMHNFFAU47EA,林森段,22.75,都市：住
RPQNMLRJNHNFFCU37CA,石牌段,2877.91,非都市：一般農業區 ; 非都市編定：農牧用地
RPPNMLSJNHNFFAU37EA,仁恥段,106.00,都市：住
RPWOMLSKNHNFFAU08CA,草芬段,313.23,非都市：特定農業區 ; 非都市編定：農牧用地
RPSNMLLLNHNFFAU96CA,自強段,105.00,都市：商
RPSNMLSKNHNFFAU77EA,下崇德段,982.20,都市：農
RPSNMLSKNHNFFAU77EA,下台地段,5484.97,非都市：河川區 ; 非都市編定：水利用地
RPQNMLKMMHNFFAU66CA,富國段,22.14,都市：商
RPPOMLQLMHNFFAU17CA,光英段,799.33,非都市：一般農業區 ; 非都市編定：農牧用地
RPRNMLKMMHNFFAU76CA,共和段,2634.55,非都市：一般農業區 ; 非都市編定：農牧用地
RPUPMLRLMHNFFAU87CA,慶豐段,87.00,都市：住
RPTNMLLJNHNFFAU86CA,自強段,101.94,都市：商
RPTNMLOJNHNFFAU27DA,太昌段,96.00,都市：住
RPTOMLNJNHNFFAU17CA,光輝段,1027.36,非都市：一般農業區 ; 非都市編定：農牧用地
RPVNMLOKNHNFFAU47CA,吳全段,631.41,都市：農
RPOOMLRLMHNFFAU17CA,光華段二小段,140.40,非都市：工業區 ; 非都市編定：丁種建築用地
RPXNMLRLMHNFFAU97CA,仁廉段,140.00,都市：住
RPTOMLSJNHNFFAU67CA,福安段,42.00,都市：住
RPXOMLRLMHNFFAU08CA,仁恥段,102.00,都市：住
RPRNMLQKNHNFFAU27CA,民享段,212.00,都市：住
RPQNMLKMMHNFFBU76CA,大安段,130.00,都市：住
RPUNMLLJNHNFFAU96CA,壽農段,992.00,非都市：特定農業區 ; 非都市編定：農牧用地
RPOOMLMJNHNFFAU56CA,仁愛段,889.11,非都市：特定農業區 ; 非都市編定：農牧用地
RPVNMLKMMHNFFBU27CA,丁仔漏段,104.28,非都市：鄉村區 ; 非都市編定：乙種建築用地
RPOPMLKKNHNFFAU56CA,玻士岸段,67.26,都市：住
RPVNMLRJNHNFFAU67CA,富國段,25.42,都市：住
RPQNMLMJNHNFFCU07EA,後湖段,533.01,非都市：山坡地保育區 ; 非都市編定：暫未編定
RPQNMLMJNHNFFCU07EA,後湖段,288.95,非都市：山坡地保育區 ; 非都市編定：暫未編定
RPPNMLLJNHNFFCU66CA,瑞美段,79.00,都市：住
RPXNMLPLNHNFFAU87CA,福祥段,148.00,都市：住
RPVNMLNJNHNFFAU27CA,富國段,9.45,都市：住
RPUNMLOKNHNFFAU37CA,干城段,130.65,非都市：鄉村區 ; 非都市編定：乙種建築用地
RPWNMLPLNHNFFAU77CA,德安段,19.59,都市：住
RPQNMLPLNHNFFCU37CA,竹田段,40.76,非都市：鄉村區 ; 非都市編定：乙種建築用地
RPQNMLPLNHNFFCU37CA,竹田段,68.32,非都市：鄉村區 ; 非都市編定：乙種建築用地
RPQNMLPLNHNFFCU37CA,竹田段,24.95,非都市：鄉村區 ; 非都市編定：交通用地
RPSOMLNJNHNFFAU07CA,仁愛段,2314.05,非都市：一般農業區 ; 非都市編定：農牧用地
RPUNMLKMNHNFFAU37EA,北濱段,.97,都市：商
RPXNMLNJNHNFFAU47CA,仁義段,97.00,都市：住
RPPNMLMJNHNFFAU76EA,廣安段,99.12,非都市：鄉村區 ; 非都市編定：乙種建築用地
RPPNMLMJNHNFFAU76EA,廣安段,8.41,非都市：鄉村區 ; 非都市編定：乙種建築用地
RPTNMLKKNHNFFAU86CA,太昌段,269.50,都市：農
RPRNMLLJNHNFFAU66CA,嘉新段,45.00,都市：農
RPWNMLOKNHNFFAU57CA,德布克段,1624.12,都市：農
RPQOMLKKNHNFFAU66CA,嘉南段,12.34,都市：住
RPQOMLKKNHNFFAU66CA,嘉南段,68.00,都市：住
RPUOMLSKNHNFFAU87CA,志平段,2915.87,都市：商
RPUOMLSKNHNFFAU87CA,志平段,49.23,都市：商
RPUOMLSKNHNFFAU87CA,志平段,36.00,都市：商
RPUOMLSKNHNFFAU87CA,志平段,908.07,都市：商
RPPOMLQKNHNFFAU17CA,自強段,36.30,都市：住
RPQOMLPKNHNFFAU17CA,國風段,63.00,都市：商
RPSOMLRKNHNFFAU57CA,民意段,118.00,都市：住
RPSOMLRKNHNFFAU57CA,民意段,21.06,都市：住
RPXNMLRKNHNFFAU97CA,平和段,1446.43,都市：農
RPQNMLMJNHNFFAU66CA,樹人段,22.70,都市：住
RPQNMLMJNHNFFAU66CA,樹人段,111.00,都市：住
RPQNMLMJNHNFFAU66CA,樹人段,12.00,都市：住
RPQNMLMJNHNFFAU66CA,樹人段,8.60,都市：住
RPSNMLMJNHNFFAU86CA,太昌段,77.00,都市：住
RPOOMLRKNHNFFAU17CA,民勤段,39.00,都市：住
RPWNMLMJNHNFFAU27CA,嘉南段,193.00,都市：住
RPVNMLLJNHNFFAU07CA,富國段,346.00,都市：住
RPUNMLSJNHNFFAU67CA,自強段,34.78,都市：住
RPRNMLMJNHNFFCU96CA,萬寧段,1000.00,非都市：特定農業區 ; 非都市編定：農牧用地
RPOOMLPLNHNFFAU07CA,仁義段,77.00,都市：住
RPRNMLMJNHNFFAU76CA,民心段,1256.00,都市：工
RPQOMLNJNHNFFAU07EA,民孝段,31.29,都市：住
RPTNMLMJNHNFFAU96CA,富國段,17.17,都市：住
RPPOMLMJNHNFFAU66CA,北濱段,9.49,都市：商
RPSNMLSJNHNFFCU67CA,樂合段,4444.00,非都市：山坡地保育區 ; 非都市編定：農牧用地
RPTNMLSJNHNFFCU77CA,舞鶴東段,1963.00,非都市：山坡地保育區 ; 非都市編定：農牧用地
RPTNMLSJNHNFFCU77CA,舞鶴東段,1963.00,非都市：山坡地保育區 ; 非都市編定：農牧用地
RPOOMLNJNHNFFAU66CA,嘉新段,44.00,都市：農
RPWNMLNJNHNFFAU37CA,福興段,19.27,都市：商
RPWNMLNJNHNFFAU37CA,福興段,8.91,都市：商
RPWNMLNJNHNFFAU37CA,福興段,85.00,都市：住
RPWNMLNJNHNFFAU37CA,福興段,12.64,都市：住
RPRNMLOJNHNFFCU17CA,鶴岡段,615.00,非都市：特定農業區 ; 非都市編定：農牧用地
RPRNMLOJNHNFFCU17CA,鶴岡段,1138.00,非都市：特定農業區 ; 非都市編定：農牧用地
RPRNMLOJNHNFFCU17CA,鶴岡段,1776.00,非都市：特定農業區 ; 非都市編定：農牧用地
RPRNMLOJNHNFFCU17CA,鶴岡段,2173.00,非都市：特定農業區 ; 非都市編定：農牧用地
RPRNMLOJNHNFFCU17CA,鶴岡段,3121.00,非都市：特定農業區 ; 非都市編定：農牧用地
RPRNMLOJNHNFFCU17CA,鶴岡段,1015.00,非都市：特定農業區 ; 非都市編定：農牧用地
RPRNMLOJNHNFFCU17CA,鶴岡段,3000.00,非都市：特定農業區 ; 非都市編定：農牧用地
RPRNMLOJNHNFFCU17CA,鶴岡段,3682.00,非都市：特定農業區 ; 非都市編定：農牧用地
RPRNMLOJNHNFFCU17CA,鶴岡段,3520.00,非都市：特定農業區 ; 非都市編定：農牧用地
RPSNMLNJNHNFFAU96CA,北濱段,2.97,都市：住
RPRNMLNJNHNFFAU86CA,民享段,4.45,都市：商
RPTNMLNJNHNFFAU07CA,宜安段,19.79,都市：住
RPSNMLTLNHNFFAU77CA,仁禮段,22.49,都市：商
RPPNMLRJNHNFFAU07CA,宜安段,347.00,都市：商
RPSOMLLMNHNFFAU17CA,仁恥段,11.41,都市：住
RPRNMLRJNHNFFAU27CA,稻香段,138.00,都市：農
RPUOMLPKNHNFFAU57CA,福祥段,48.00,都市：其他
RPUOMLPKNHNFFAU57CA,福祥段,223.00,都市：住
RPWNMLOJNHNFFAU47CA,路內段,46.57,都市：住
RPPOMLPLNHNFFAU17CA,民勤段,27.00,都市：住
RPPNMLRJNHNFFCU27CA,舊田段,676.45,非都市：山坡地保育區 ; 非都市編定：農牧用地
RPTNMLOLNHNFFCU57CA,民南段,2120.02,非都市：山坡地保育區 ; 非都市編定：暫未編定
RPSOMLOJNHNFFAU17CA,碧雲段,111.00,都市：住
RPXNMLRJNHNFFAU87CA,莊敬段,20.20,都市：住
RPTOMLPKNHNFFAU47CA,永安段,222.40,非都市：一般農業區 ; 非都市編定：農牧用地
RPQOMLRJNHNFFAU27CA,民意段,91.00,都市：住
RPROMLRJNHNFFAU37CA,國風段,33.14,都市：住
RPSNMLSJNHNFFAU47CA,民享段,8.37,都市：商
RPTNMLOKNHNFFAU27CA,興海段,130.23,都市：住
RPTNMLOKNHNFFAU27CA,興海段,26.01,都市：住
RPPOMLLKNHNFFAU66CA,民意段,66.00,都市：住
RPQNMLPLOHNFFCU47CA,源南段,506.00,非都市：一般農業區 ; 非都市編定：農牧用地
RPQNMLRKNHNFFCU47CA,源北段,8115.09,非都市：特定農業區 ; 非都市編定：農牧用地
RPQNMLRKNHNFFCU47CA,源北段,2519.17,非都市：特定農業區 ; 非都市編定：農牧用地
RPQNMLRKNHNFFCU47CA,源北段,747.99,非都市：特定農業區 ; 非都市編定：農牧用地
RPOOMLLKNHNFFAU56CA,民勤段,79.00,都市：其他
RPOOMLLKNHNFFAU56CA,民勤段,13.00,都市：其他
RPOOMLKKNHNFFAU09CA,廣賢段,54.28,非都市：鄉村區 ; 非都市編定：乙種建築用地
RPRNMLLKNHNFFAU76CA,萬壽段一小段,201.00,非都市：鄉村區 ; 非都市編定：乙種建築用地
RPSOMLTJNHNFFAU67CA,嘉南段,94.00,都市：住
RPSOMLTJNHNFFAU67CA,嘉南段,4.00,都市：住
RPPNMLTJNHNFFAU27CA,嘉北段,7.14,都市：住
RPROMLTJNHNFFAU57CA,慈勝段,952.14,都市：農
RPTNMLTJNHNFFAU67CA,裕民段,39.00,都市：住
RPPNMLRJNHNFFBU37EA,馬遠段,13470.00,非都市：山坡地保育區 ; 非都市編定：林業用地
RPRNMLKKNHNFFBU76CA,鳳光段,303.00,都市：住
RPRNMLKKNHNFFBU76CA,鳳光段,12.00,都市：其他
RPRNMLTLNHNFFBU77CA,豐仁段,188.73,非都市：風景區 ; 非都市編定：農牧用地
RPRNMLTLNHNFFBU77CA,豐仁段,1763.96,非都市：風景區 ; 非都市編定：丙種建築用地
RPTNMLMLNHNFFBU27CA,萬寶段,3760.08,非都市：山坡地保育區 ; 非都市編定：林業用地
RPWNMLMLNHNFFBU67DA,古努安段,398.12,非都市：鄉村區 ; 非都市編定：乙種建築用地
RPQNMLLMNHNFFAU86CA,德安段,4.00,都市：其他
RPQNMLLMNHNFFAU86CA,德安段,6.00,都市：其他
RPQNMLLMNHNFFAU86CA,德安段,8.00,都市：其他
RPQNMLLMNHNFFAU86CA,德安段,3.00,都市：其他
RPQOMLLMNHNFFAU96CA,富國段,16.23,都市：住
RPTOMLPLNHNFFAU57CA,主權段,29.31,都市：住
RPTOMLPLNHNFFAU57CA,德安段,.27,都市：住
RPWNMLSJNHNFFAU87CA,石壁段,72.62,非都市：鄉村區 ; 非都市編定：乙種建築用地
RPPPMLKKNHNFFAU66CA,民意段,12.29,都市：住
RPPPMLKKNHNFFAU66CA,民意段,18.68,都市：住
RPPPMLKKNHNFFAU66CA,民意段,16.63,都市：住
RPPPMLKKNHNFFAU66CA,民意段,10.20,都市：住
RPQNMLTJNHNFFAU37CA,碧雲段,83.00,都市：住
RPPNMLSJNHNFFBU27CA,大安段,89.00,都市：住
RPPNMLSJNHNFFBU27CA,大安段,290.00,都市：住
RPUNMLTJNHNFFAU87DA,下台地段,1301.47,非都市：一般農業區 ; 非都市編定：農牧用地
RPPNMLKKNHNFFBU56CA,太巴塱段,299.51,非都市：鄉村區 ; 非都市編定：乙種建築用地
RPPNMLKKNHNFFBU56CA,太巴塱段,25.72,非都市：鄉村區 ; 非都市編定：乙種建築用地
RPQNMLSJNHNFFCU67EA,民北段,259.70,非都市：鄉村區 ; 非都市編定：乙種建築用地
RPPNMLSJNHNFFCU37CA,瑞燕段,149.00,都市：住
RPRNMLSJNHNFFCU77EA,玉璞段,105.00,都市：住
RPVNMLTJNHNFFAU87CA,民德段,6.38,都市：住
RPWOMLKKNHNFFAU27CA,吉興段,82.26,都市：住
RPOOMLTJNHNFFAU27CA,南埔段,2351.00,非都市：特定農業區 ; 非都市編定：農牧用地
RPWNMLTJNHNFFAU97CA,主權段,132.00,都市：住
RPWNMLTJNHNFFAU97CA,主權段,8.38,都市：其他
RPUNMLKKNHNFFAU96CA,樹人段,127.00,都市：住
RPWNMLKKNHNFFAU17CA,精鐘段,4000.00,非都市：一般農業區 ; 非都市編定：農牧用地
RPWNMLKKNHNFFAU17CA,精鐘段,4622.56,非都市：一般農業區 ; 非都市編定：農牧用地
RPWNMLKKNHNFFAU17CA,精鐘段,4807.50,非都市：一般農業區 ; 非都市編定：農牧用地
RPWNMLKKNHNFFAU17CA,精鐘段,1909.75,非都市：一般農業區 ; 非都市編定：農牧用地
RPVNMLKKNHNFFAU07CA,福興段,19.27,都市：商
RPVNMLKKNHNFFAU07CA,福興段,8.91,都市：商
RPVNMLKKNHNFFAU07CA,福興段,86.00,都市：住
RPVNMLKKNHNFFAU07CA,福興段,12.64,都市：住
RPSNMLLJOHNFFCU07CA,富安段,135.10,都市：商
RPQOMLLKNHNFFAU76CA,南埔段,98.00,非都市：鄉村區 ; 非都市編定：乙種建築用地
RPOOMLQKNHNFFAU07CA,嘉南段,47.00,都市：住
RPOOMLQKNHNFFAU07CA,嘉南段,3.00,都市：住
RPOOMLQKNHNFFAU07CA,嘉南段,74.00,都市：住
RPOOMLQKNHNFFAU07CA,嘉南段,1.00,都市：住
RPOOMLQKNHNFFAU07CA,嘉南段,74.00,都市：住
RPOOMLQKNHNFFAU07CA,嘉南段,12.00,都市：住
RPUOMLLMNHNFFAU37CA,自強段,20.42,都市：住
RPPOMLPJOHNFFAU07CA,仁禮段,21.27,都市：商
RPXNMLKKNHNFFAU27CA,加灣段,243.85,非都市：一般農業區 ; 非都市編定：特定目的事業用地
RPVNMLPLNHNFFAU67CA,宜安段,113.00,都市：住
RPUOMLOKNHNFFAU47CA,明義段,38.17,都市：商
RPUOMLOKNHNFFAU47CA,明義段,1.83,都市：其他
RPXNMLOKNHNFFAU67CA,干城段,3.33,非都市：鄉村區 ; 非都市編定：乙種建築用地
RPXNMLOKNHNFFAU67CA,干城段,125.93,非都市：鄉村區 ; 非都市編定：乙種建築用地
RPPOMLPKNHNFFAU07CA,北濱段,4.75,都市：住
RPRNMLKKNHNFFAU66CA,慈雲段,1977.05,都市：農
RPVOMLKKNHNFFAU17CA,路內段,163.69,都市：農
RPUOMLKKNHNFFAU07CA,主權段,86.00,都市：住
RPTNMLLKNHNFFAU96CA,南埔段,147.00,非都市：特定農業區 ; 非都市編定：甲種建築用地
RPQNMLKKNHNFFBU86EA,支亞干段,3206.83,非都市：山坡地保育區 ; 非都市編定：農牧用地
RPPNMLOKNHNFFAU86CA,自強段,129.00,都市：住
RPOOMLOKNHNFFAU86CA,民孝段,38.85,都市：住
RPRNMLOKNHNFFAU07CA,主商段,3.36,都市：商
RPSNMLOKNHNFFAU17CA,慶豐段,22.58,都市：住
RPPNMLLKNHNFFCU76CA,新興段,1989.04,非都市：特定農業區 ; 非都市編定：農牧用地
RPPNMLKKNHNFFCU66CA,德武段,13971.80,非都市：風景區 ; 非都市編定：農牧用地
RPXNMLQKNHNFFAU87CA,德布克段,1760.72,都市：農
RPXNMLQKNHNFFAU87CA,德布克段,.56,都市：農
RPVNMLLKNHNFFAU17CA,民德段,23.53,都市：住
RPPNMLOKNHNFFCU17DA,玉城段,240.00,都市：其他
RPVOMLQKNHNFFAU77CA,干城段,51.87,非都市：一般農業區 ; 非都市編定：甲種建築用地
RPXNMLLKNHNFFAU37CA,民勤段,11.49,都市：住
RPWNMLLKNHNFFAU27CA,自強段,21.99,都市：住
RPUNMLSKNHNFFAU77CA,光英段,1045.74,非都市：一般農業區 ; 非都市編定：農牧用地
RPUNMLMLNHNFFBU37CA,榮昌段,5006.00,非都市：一般農業區 ; 非都市編定：農牧用地
RPVNMLMLNHNFFBU47CA,溪州段,1142.28,非都市：特定農業區 ; 非都市編定：農牧用地
RPUOMLQKNHNFFAU67CA,太昌段,118.00,都市：住
RPTOMLQKNHNFFAU57CA,裕民段,79.00,都市：住
RPRNMLMLNHNFFBU07CA,大安段,9.67,都市：住
RPRNMLMLNHNFFBU07CA,大安段,65.00,都市：住
RPUNMLOJOHNFFBU47CA,大安段,257.00,都市：住
RPUNMLOJOHNFFBU47CA,大安段,123.00,都市：住
RPPNMLRJOHNFFAU17CA,富國段,2.67,都市：商
RPTNMLLJOHNFFAU96CA,功學段,70.71,都市：農
