﻿鄉鎮市區,交易標的,土地區段位置建物區段門牌,土地移轉總面積平方公尺,都市土地使用分區,非都市土地使用分區,非都市土地使用編定,交易年月日,交易筆棟數,移轉層次,總樓層數,建物型態,主要用途,主要建材,建築完成年月,建物移轉總面積平方公尺,建物現況格局-房,建物現況格局-廳,建物現況格局-衛,建物現況格局-隔間,有無管理組織,總價元,單價元平方公尺,車位類別,車位移轉總面積平方公尺,車位總價元,備註,編號
The villages and towns urban district,transaction sign,land sector position building sector house number plate,land shifting total area square meter,the use zoning or compiles and checks,the non-metropolis land use district,non-metropolis land use,transaction year month and day,transaction pen number,shifting level,total floor number,building state,main use,main building materials,construction to complete the years,building shifting total area,Building present situation pattern - room,building present situation pattern - hall,building present situation pattern - health,building present situation pattern - compartmented,Whether there is manages the organization,total price NTD,the unit price (NTD / square meter),the berth category,berth shifting total area square meter,the berth total price NTD,the note,serial number
南竿鄉,土地,介壽段841~870地號,8.2,其他,,,1070307,土地1建物0車位0,,,其他,,,,0.0,0,0,0,有,無,19230,2345,,0.0,0,,RPPNMLSJLHNFFAZ57DA
南竿鄉,土地,介壽段841~870地號,8.2,其他,,,1070322,土地1建物0車位0,,,其他,,,,0.0,0,0,0,有,無,19235,2346,,0.0,0,,RPPNMLNLMHNFFAZ37DA
東引鄉,土地,東引西段721~750地號,16.71,住,,,1070409,土地1建物0車位0,,,其他,,,,0.0,0,0,0,有,無,84000,5027,,0.0,0,,RPPNMLNKMHNFFAZ27DA
北竿鄉,土地,塘岐段511~540地號,18.24,商,,,1070412,土地1建物0車位0,,,其他,,,,0.0,0,0,0,有,無,222528,12200,,0.0,0,,RPPNMLTKMHNFFAZ87DA
南竿鄉,土地,馬祖段31~60地號,5.19,住,,,1070417,土地1建物0車位0,,,其他,,,,0.0,0,0,0,有,無,22836,4400,,0.0,0,,RPQNMLPLOHNFFAZ87DA
