﻿編號,土地區段位置,土地移轉面積平方公尺,使用分區或編定
The serial number,land sector position,land shifting area square meter,the use zoning or compiles and checks
RPROMLPKNHOFFBB28CB,軍福段,9.41,都市：商
RPTOMLPKNHOFFBB48CB,軍福段,9.41,都市：商
RPOPMLPKNHOFFBB08CB,軍福段,9.41,都市：商
RPUOMLPKNHOFFBB58CB,軍福段,9.41,都市：商
RPVPMLPKNHOFFBB78CB,軍福段,9.55,都市：商
RPPPMLPKNHOFFBB18CB,軍福段,9.41,都市：商
RPPQMLPKNHOFFBB28CB,軍福段,14.61,都市：商
RPROMLRKNHOFFBB48CB,軍福段,14.75,都市：商
RPPOMLRKNHOFFBB28CB,軍福段,14.61,都市：商
RPOOMLRKNHOFFBB18CB,軍福段,14.75,都市：商
RPUOMLRKNHOFFBB78CB,軍福段,14.75,都市：商
RPSPMLRKNHOFFBB68CB,軍福段,14.33,都市：商
RPQQMLPKNHOFFBB38CB,軍福段,14.61,都市：商
RPTQMLPKNHOFFBB68CB,軍福段,14.75,都市：商
RPRQMLPKNHOFFBB48CB,軍福段,14.61,都市：商
RPWOMLRKNHOFFBB98CB,軍福段,14.33,都市：商
RPWNMLRKNHOFFBB88CB,軍福段,14.75,都市：商
RPXNMLRKNHOFFBB98CB,軍福段,14.75,都市：商
RPUNMLRKNHOFFBB68CB,軍福段,14.75,都市：商
RPWNMLPKNHOFFFB09CB,梧棲段,.06,都市：商
RPUPMLRKNHOFFBB88CB,軍福段,14.19,都市：商
RPWPMLRKNHOFFBB09CB,軍福段,14.33,都市：商
RPXPMLRKNHOFFBB56CB,軍福段,14.19,都市：商
RPQQMLRKNHOFFBB58CB,軍福段,10.26,都市：商
RPTQMLRKNHOFFBB88CB,軍福段,10.40,都市：商
RPPQMLRKNHOFFBB48CB,軍福段,10.26,都市：商
RPWQMLRKNHOFFBB56CB,軍福段,10.26,都市：商
RPOQMLRKNHOFFBB38CB,軍福段,10.12,都市：商
RPUQMLRKNHOFFBB98CB,軍福段,10.26,都市：商
RPVQMLRKNHOFFBB09CB,軍福段,10.26,都市：商
RPOPMLLLNHOFFBB77CB,軍福段,10.26,都市：商
RPSPMLLLNHOFFBB18CB,軍福段,10.26,都市：商
RPTPMLLLNHOFFBB28CB,軍福段,11.10,都市：商
RPVOMLNLNHOFFBB58CB,軍福段,11.24,都市：商
RPPPMLLLNHOFFBB87CB,軍福段,10.26,都市：商
RPRPMLLLNHOFFBB08CB,軍福段,10.26,都市：商
RPVPMLNLNHOFFBB68CB,軍福段,11.10,都市：商
RPXPMLNLNHOFFBB88CB,軍福段,11.24,都市：商
RPOQMLNLNHOFFBB08CB,軍福段,11.10,都市：商
RPXOMLNLNHOFFBB78CB,軍福段,11.10,都市：商
RPWOMLNLNHOFFBB68CB,軍福段,11.10,都市：商
RPWOMLOLNHOFFBB78CB,軍福段,11.10,都市：商
RPUQMLOLNHOFFBB78CB,軍福段,11.10,都市：商
RPWQMLOLNHOFFBB98CB,軍福段,11.10,都市：商
RPQPMLOLNHOFFBB28CB,軍福段,11.24,都市：商
RPQRMLOLNHOFFBB48CB,軍福段,11.10,都市：商
RPXQMLRKNHOFFBB66CB,軍福段,10.26,都市：商
RPXOMLOLNHOFFBB88CB,軍福段,11.10,都市：商
RPOPMLOLNHOFFBB08CB,軍福段,11.24,都市：商
RPPSMLOLNHOFFBB48CB,仁美段,14.63,都市：住
RPRSMLOLNHOFFBB68CB,仁美段,19.18,都市：住
RPUSMLOLNHOFFBB98CB,軍福段,14.75,都市：商
RPQSMLOLNHOFFBB58CB,仁美段,14.95,都市：住
RPSSMLOLNHOFFBB78CB,軍福段,14.75,都市：商
RPOSMLOLNHOFFBB38CB,仁美段,18.85,都市：住
RPTRMLOLNHOFFBB78CB,軍福段,14.61,都市：商
RPPQMLSLOHOFFBB78CB,軍福段,14.75,都市：商
RPPRMLSLOHOFFBB88CB,軍福段,14.33,都市：商
RPWQMLSLOHOFFBB86CB,軍福段,14.33,都市：商
RPQRMLSLOHOFFBB98CB,軍福段,14.33,都市：商
RPXQMLSLOHOFFBB96CB,軍福段,14.33,都市：商
RPUQMLSLOHOFFBB66CB,軍福段,14.75,都市：商
RPQQMLSLOHOFFBB88CB,軍福段,14.61,都市：商
RPSQMLSLOHOFFBB09CB,軍福段,14.75,都市：商
RPVQMLSLOHOFFBB76CB,軍福段,14.33,都市：商
RPTQMLSLOHOFFBB56CB,軍福段,14.75,都市：商
RPQSMLSLOHOFFBB09CB,軍福段,10.82,都市：商
RPTRMLSLOHOFFBB66CB,軍福段,14.19,都市：商
RPPSMLSLOHOFFBB98CB,軍福段,10.54,都市：商
RPXRMLSLOHOFFBB07CB,軍福段,10.68,都市：商
RPWRMLSLOHOFFBB96CB,軍福段,10.54,都市：商
RPRRMLSLOHOFFBB09CB,軍福段,14.19,都市：商
RPOSMLSLOHOFFBB88CB,軍福段,10.54,都市：商
RPVRMLSLOHOFFBB86CB,軍福段,10.68,都市：商
RPURMLSLOHOFFBB76CB,軍福段,10.54,都市：商
RPUSMLSLOHOFFBB86CB,軍福段,10.68,都市：商
RPRSMLSLOHOFFBB56CB,軍福段,10.68,都市：商
RPTSMLSLOHOFFBB76CB,軍福段,10.68,都市：商
RPSSMLSLOHOFFBB66CB,軍福段,10.82,都市：商
RPWSMLSLOHOFFBB07CB,軍福段,10.68,都市：商
RPWNMLSLOHOFFIB37DB,日新段,22.94,都市：住
RPOOMLSLOHOFFIB66DB,日新段,22.60,都市：住
RPTNMLSLOHOFFIB07DB,日新段,23.45,都市：住
RPROMLSLOHOFFIB96DB,日新段,23.45,都市：住
RPPOMLSLOHOFFIB76DB,日新段,22.60,都市：住
RPSOMLSLOHOFFIB07DB,日新段,22.60,都市：住
RPQNMLSLOHOFFIB76DB,日新段,22.60,都市：住
RPSNMLSLOHOFFIB96DB,日新段,23.79,都市：住
RPVNMLSLOHOFFIB27DB,日新段,22.94,都市：住
RPUNMLSLOHOFFIB17DB,日新段,23.45,都市：住
RPTOMLSLOHOFFIB17DB,日新段,23.45,都市：住
RPVOMLSLOHOFFIB37DB,日新段,22.60,都市：住
RPWOMLSLOHOFFIB47DB,日新段,22.60,都市：住
RPSPMLSLOHOFFIB17DB,日新段,22.94,都市：住
RPRPMLSLOHOFFIB07DB,日新段,22.94,都市：住
RPQPMLSLOHOFFIB96DB,日新段,22.94,都市：住
RPXOMLSLOHOFFIB57DB,日新段,22.60,都市：住
RPOPMLSLOHOFFIB76DB,日新段,22.60,都市：住
RPOQMLSLOHOFFIB86DB,日新段,21.75,都市：住
RPPQMLSLOHOFFIB96DB,日新段,22.60,都市：住
RPQQMLSLOHOFFIB07DB,日新段,24.47,都市：住
RPTQMLSLOHOFFIB37DB,日新段,31.77,都市：住
RPTPMLSLOHOFFIB27DB,日新段,23.45,都市：住
RPUQMLSLOHOFFIB47DB,日新段,23.62,都市：住
RPRQMLSLOHOFFIB17DB,日新段,21.75,都市：住
RPSQMLSLOHOFFIB27DB,日新段,21.75,都市：住
RPVPMLSLOHOFFIB47DB,日新段,21.75,都市：住
RPUPMLSLOHOFFIB37DB,日新段,21.75,都市：住
RPVQMLSLOHOFFIB57DB,日新段,30.75,都市：住
RPXQMLSLOHOFFIB77DB,日新段,23.45,都市：住
RPWQMLSLOHOFFIB67DB,日新段,21.75,都市：住
RPPRMLSLOHOFFIB07DB,日新段,22.94,都市：住
RPORMLSLOHOFFIB96DB,日新段,22.94,都市：住
RPSRMLSLOHOFFIB37DB,日新段,22.60,都市：住
RPURMLSLOHOFFIB57DB,日新段,22.94,都市：住
RPQRMLSLOHOFFIB17DB,日新段,22.94,都市：住
RPTRMLSLOHOFFIB47DB,日新段,22.94,都市：住
RPUSMLSLOHOFFIB67DB,日新段,21.75,都市：住
RPTSMLSLOHOFFIB57DB,日新段,22.94,都市：住
RPQSMLSLOHOFFIB27DB,日新段,23.45,都市：住
RPSSMLSLOHOFFIB47DB,日新段,31.77,都市：住
RPPSMLSLOHOFFIB17DB,日新段,22.94,都市：住
RPWRMLSLOHOFFIB77DB,日新段,22.94,都市：住
RPXRMLSLOHOFFIB87DB,日新段,23.45,都市：住
RPVSMLSLOHOFFIB77DB,日新段,22.94,都市：住
RPWSMLSLOHOFFIB87DB,日新段,22.60,都市：住
RPXSMLSLOHOFFIB97DB,日新段,22.60,都市：住
RPOTMLSLOHOFFIB17DB,日新段,24.47,都市：住
RPPTMLSLOHOFFIB27DB,日新段,22.60,都市：住
RPUTMLSLOHOFFIB77DB,日新段,22.94,都市：住
RPQTMLSLOHOFFIB37DB,日新段,21.75,都市：住
RPRTMLSLOHOFFIB47DB,日新段,22.60,都市：住
RPVTMLSLOHOFFIB87DB,日新段,23.45,都市：住
RPSTMLSLOHOFFIB57DB,日新段,21.75,都市：住
RPTTMLSLOHOFFIB67DB,日新段,22.94,都市：住
RPWTMLSLOHOFFIB97DB,日新段,21.75,都市：住
RPXTMLSLOHOFFIB08DB,日新段,21.75,都市：住
RPSUMLSLOHOFFIB67DB,日新段,22.60,都市：住
RPTUMLSLOHOFFIB77DB,日新段,22.60,都市：住
RPQUMLSLOHOFFIB47DB,日新段,22.94,都市：住
RPPUMLSLOHOFFIB37DB,日新段,22.94,都市：住
RPRUMLSLOHOFFIB57DB,日新段,23.45,都市：住
RPOUMLSLOHOFFIB27DB,日新段,21.75,都市：住
RPPOMLKMPHOFFHB58CB,大新段,23.84,都市：住
RPUOMLKMPHOFFHB09CB,大新段,24.03,都市：住
RPXNMLKMPHOFFHB66CB,大新段,23.84,都市：住
RPVOMLKMPHOFFHB56CB,大新段,23.84,都市：住
RPROMLKMPHOFFHB78CB,大新段,23.84,都市：住
RPOOMLKMPHOFFHB48CB,大新段,23.84,都市：住
RPQOMLKMPHOFFHB68CB,大新段,23.84,都市：住
RPSOMLKMPHOFFHB88CB,大新段,23.84,都市：住
RPVNMLKMPHOFFHB09CB,大新段,23.84,都市：住
RPTOMLKMPHOFFHB98CB,大新段,23.84,都市：住
RPWOMLKMPHOFFHB66CB,大新段,23.84,都市：住
RPQPMLKMPHOFFHB78CB,大新段,23.84,都市：住
RPTPMLKMPHOFFHB09CB,大新段,23.84,都市：住
RPUPMLKMPHOFFHB56CB,大新段,23.84,都市：住
RPVPMLKMPHOFFHB66CB,大新段,23.84,都市：住
RPWPMLKMPHOFFHB76CB,大新段,23.84,都市：住
RPOPMLKMPHOFFHB58CB,大新段,23.84,都市：住
RPPPMLKMPHOFFHB68CB,大新段,23.84,都市：住
RPXOMLKMPHOFFHB76CB,大新段,23.84,都市：住
RPOQMLKMPHOFFHB68CB,大新段,23.84,都市：住
RPXPMLKMPHOFFHB86CB,大新段,23.84,都市：住
RPQQMLKMPHOFFHB88CB,大新段,23.84,都市：住
RPTQMLKMPHOFFHB56CB,大新段,17.35,都市：住
RPWQMLKMPHOFFHB86CB,大新段,24.79,都市：住
RPUQMLKMPHOFFHB66CB,大新段,16.97,都市：住
RPVQMLKMPHOFFHB76CB,大新段,24.79,都市：住
RPRPMLKMPHOFFHB88CB,大新段,23.84,都市：住
RPSPMLKMPHOFFHB98CB,大新段,23.84,都市：住
RPORMLKMPHOFFHB78CB,大新段,24.79,都市：住
RPPRMLKMPHOFFHB88CB,大新段,24.79,都市：住
RPXQMLKMPHOFFHB96CB,大新段,24.79,都市：住
RPURMLKMPHOFFHB76CB,大新段,24.79,都市：住
RPWRMLKMPHOFFHB96CB,大新段,24.79,都市：住
RPVRMLKMPHOFFHB86CB,大新段,24.79,都市：住
RPOSMLKMPHOFFHB88CB,大新段,16.40,都市：住
RPPSMLKMPHOFFHB98CB,大新段,24.79,都市：住
RPXRMLKMPHOFFHB07CB,大新段,17.16,都市：住
RPQSMLKMPHOFFHB09CB,大新段,24.79,都市：住
RPTRMLKMPHOFFHB66CB,大新段,24.79,都市：住
RPRRMLKMPHOFFHB09CB,大新段,24.98,都市：住
RPSRMLKMPHOFFHB56CB,大新段,24.79,都市：住
RPQRMLKMPHOFFHB98CB,大新段,24.98,都市：住
RPQOMLKMPHOFFAB97CB,下橋子頭段,15.64,都市：住
RPQOMLKMPHOFFAB97CB,下橋子頭段,13.77,都市：住
RPUPMLKMPHOFFAB48CB,下橋子頭段,12.80,都市：住
RPUPMLKMPHOFFAB48CB,下橋子頭段,11.26,都市：住
RPOPMLKMPHOFFAB87CB,下橋子頭段,15.40,都市：住
RPOPMLKMPHOFFAB87CB,下橋子頭段,13.56,都市：住
RPWOMLKMPHOFFAB58CB,下橋子頭段,15.40,都市：住
RPWOMLKMPHOFFAB58CB,下橋子頭段,13.56,都市：住
RPWPMLKMPHOFFAB68CB,下橋子頭段,12.80,都市：住
RPWPMLKMPHOFFAB68CB,下橋子頭段,11.26,都市：住
RPSPMLKMPHOFFAB28CB,下橋子頭段,12.80,都市：住
RPSPMLKMPHOFFAB28CB,下橋子頭段,11.26,都市：住
RPXOMLKMPHOFFAB68CB,下橋子頭段,15.40,都市：住
RPXOMLKMPHOFFAB68CB,下橋子頭段,13.56,都市：住
RPXPMLKMPHOFFAB78CB,下橋子頭段,12.80,都市：住
RPXPMLKMPHOFFAB78CB,下橋子頭段,11.26,都市：住
RPROMLKMPHOFFAB08CB,下橋子頭段,15.64,都市：住
RPROMLKMPHOFFAB08CB,下橋子頭段,13.77,都市：住
RPPQMLKMPHOFFAB08CB,下橋子頭段,12.80,都市：住
RPPQMLKMPHOFFAB08CB,下橋子頭段,11.26,都市：住
RPOQMLKMPHOFFAB97CB,下橋子頭段,12.80,都市：住
RPOQMLKMPHOFFAB97CB,下橋子頭段,11.26,都市：住
RPSQMLKMPHOFFAB38CB,下橋子頭段,11.38,都市：住
RPSQMLKMPHOFFAB38CB,下橋子頭段,10.01,都市：住
RPTQMLKMPHOFFAB48CB,下橋子頭段,11.38,都市：住
RPTQMLKMPHOFFAB48CB,下橋子頭段,10.01,都市：住
RPUQMLKMPHOFFAB58CB,下橋子頭段,11.38,都市：住
RPUQMLKMPHOFFAB58CB,下橋子頭段,10.01,都市：住
RPVQMLKMPHOFFAB68CB,下橋子頭段,12.80,都市：住
RPVQMLKMPHOFFAB68CB,下橋子頭段,11.26,都市：住
RPXQMLKMPHOFFAB88CB,下橋子頭段,11.38,都市：住
RPXQMLKMPHOFFAB88CB,下橋子頭段,10.01,都市：住
RPWQMLKMPHOFFAB78CB,下橋子頭段,11.38,都市：住
RPWQMLKMPHOFFAB78CB,下橋子頭段,10.01,都市：住
RPUOMLKMPHOFFAB38CB,下橋子頭段,15.40,都市：住
RPUOMLKMPHOFFAB38CB,下橋子頭段,13.56,都市：住
RPVOMLKMPHOFFAB48CB,下橋子頭段,15.40,都市：住
RPVOMLKMPHOFFAB48CB,下橋子頭段,13.56,都市：住
RPPRMLKMPHOFFAB18CB,下橋子頭段,11.38,都市：住
RPPRMLKMPHOFFAB18CB,下橋子頭段,10.01,都市：住
RPQRMLKMPHOFFAB28CB,下橋子頭段,11.38,都市：住
RPQRMLKMPHOFFAB28CB,下橋子頭段,10.01,都市：住
RPRSMLKMPHOFFAB48CB,下橋子頭段,12.80,都市：住
RPRSMLKMPHOFFAB48CB,下橋子頭段,11.26,都市：住
RPRRMLKMPHOFFAB38CB,下橋子頭段,11.38,都市：住
RPRRMLKMPHOFFAB38CB,下橋子頭段,10.01,都市：住
RPOSMLKMPHOFFAB18CB,下橋子頭段,12.80,都市：住
RPOSMLKMPHOFFAB18CB,下橋子頭段,11.26,都市：住
RPSSMLKMPHOFFAB58CB,下橋子頭段,12.80,都市：住
RPSSMLKMPHOFFAB58CB,下橋子頭段,11.26,都市：住
RPPSMLKMPHOFFAB28CB,下橋子頭段,12.80,都市：住
RPPSMLKMPHOFFAB28CB,下橋子頭段,11.26,都市：住
RPVRMLKMPHOFFAB78CB,下橋子頭段,11.38,都市：住
RPVRMLKMPHOFFAB78CB,下橋子頭段,10.01,都市：住
RPSRMLKMPHOFFAB48CB,下橋子頭段,11.38,都市：住
RPSRMLKMPHOFFAB48CB,下橋子頭段,10.01,都市：住
RPTRMLKMPHOFFAB58CB,下橋子頭段,11.38,都市：住
RPTRMLKMPHOFFAB58CB,下橋子頭段,10.01,都市：住
RPTSMLKMPHOFFAB68CB,下橋子頭段,12.80,都市：住
RPTSMLKMPHOFFAB68CB,下橋子頭段,11.26,都市：住
RPURMLKMPHOFFAB68CB,下橋子頭段,11.38,都市：住
RPURMLKMPHOFFAB68CB,下橋子頭段,10.01,都市：住
RPVSMLKMPHOFFAB88CB,下橋子頭段,12.80,都市：住
RPVSMLKMPHOFFAB88CB,下橋子頭段,11.26,都市：住
RPOTMLKMPHOFFAB28CB,下橋子頭段,12.80,都市：住
RPOTMLKMPHOFFAB28CB,下橋子頭段,11.26,都市：住
RPTTMLKMPHOFFAB78CB,下橋子頭段,12.80,都市：住
RPTTMLKMPHOFFAB78CB,下橋子頭段,11.26,都市：住
RPUTMLKMPHOFFAB88CB,下橋子頭段,12.80,都市：住
RPUTMLKMPHOFFAB88CB,下橋子頭段,11.26,都市：住
RPVTMLKMPHOFFAB98CB,下橋子頭段,12.80,都市：住
RPVTMLKMPHOFFAB98CB,下橋子頭段,11.26,都市：住
RPRUMLKMPHOFFAB68CB,下橋子頭段,11.38,都市：住
RPRUMLKMPHOFFAB68CB,下橋子頭段,10.01,都市：住
RPWTMLKMPHOFFAB09CB,下橋子頭段,12.80,都市：住
RPWTMLKMPHOFFAB09CB,下橋子頭段,11.26,都市：住
RPPUMLKMPHOFFAB48CB,下橋子頭段,12.80,都市：住
RPPUMLKMPHOFFAB48CB,下橋子頭段,11.26,都市：住
RPOUMLKMPHOFFAB38CB,下橋子頭段,12.80,都市：住
RPOUMLKMPHOFFAB38CB,下橋子頭段,11.26,都市：住
RPQUMLKMPHOFFAB58CB,下橋子頭段,11.38,都市：住
RPQUMLKMPHOFFAB58CB,下橋子頭段,10.01,都市：住
RPTUMLKMPHOFFAB88CB,下橋子頭段,11.38,都市：住
RPTUMLKMPHOFFAB88CB,下橋子頭段,10.01,都市：住
RPPVMLKMPHOFFAB58CB,下橋子頭段,11.38,都市：住
RPPVMLKMPHOFFAB58CB,下橋子頭段,10.01,都市：住
RPSUMLKMPHOFFAB78CB,下橋子頭段,11.38,都市：住
RPSUMLKMPHOFFAB78CB,下橋子頭段,10.01,都市：住
RPUUMLKMPHOFFAB98CB,下橋子頭段,11.38,都市：住
RPUUMLKMPHOFFAB98CB,下橋子頭段,10.01,都市：住
RPQVMLKMPHOFFAB68CB,下橋子頭段,11.38,都市：住
RPQVMLKMPHOFFAB68CB,下橋子頭段,10.01,都市：住
RPXVMLKMPHOFFAB76CB,下橋子頭段,8.53,都市：住
RPXVMLKMPHOFFAB76CB,下橋子頭段,7.51,都市：住
RPTVMLKMPHOFFAB98CB,下橋子頭段,11.38,都市：住
RPTVMLKMPHOFFAB98CB,下橋子頭段,10.01,都市：住
RPRVMLKMPHOFFAB78CB,下橋子頭段,11.38,都市：住
RPRVMLKMPHOFFAB78CB,下橋子頭段,10.01,都市：住
RPOWMLKMPHOFFAB58CB,下橋子頭段,8.53,都市：住
RPOWMLKMPHOFFAB58CB,下橋子頭段,7.51,都市：住
RPSVMLKMPHOFFAB88CB,下橋子頭段,11.38,都市：住
RPSVMLKMPHOFFAB88CB,下橋子頭段,10.01,都市：住
RPUVMLKMPHOFFAB09CB,下橋子頭段,11.38,都市：住
RPUVMLKMPHOFFAB09CB,下橋子頭段,10.01,都市：住
RPPWMLKMPHOFFAB68CB,下橋子頭段,8.53,都市：住
RPPWMLKMPHOFFAB68CB,下橋子頭段,7.51,都市：住
RPSWMLKMPHOFFAB98CB,下橋子頭段,8.53,都市：住
RPSWMLKMPHOFFAB98CB,下橋子頭段,7.51,都市：住
RPRWMLKMPHOFFAB88CB,下橋子頭段,8.53,都市：住
RPRWMLKMPHOFFAB88CB,下橋子頭段,7.51,都市：住
RPTWMLKMPHOFFAB09CB,下橋子頭段,8.53,都市：住
RPTWMLKMPHOFFAB09CB,下橋子頭段,7.51,都市：住
RPUWMLKMPHOFFAB56CB,下橋子頭段,8.53,都市：住
RPUWMLKMPHOFFAB56CB,下橋子頭段,7.51,都市：住
RPQWMLKMPHOFFAB78CB,下橋子頭段,8.53,都市：住
RPQWMLKMPHOFFAB78CB,下橋子頭段,7.51,都市：住
RPXWMLKMPHOFFAB86CB,下橋子頭段,8.53,都市：住
RPXWMLKMPHOFFAB86CB,下橋子頭段,7.51,都市：住
RPVWMLKMPHOFFAB66CB,下橋子頭段,8.53,都市：住
RPVWMLKMPHOFFAB66CB,下橋子頭段,7.51,都市：住
RPRNNLKMPHOFFAB08CB,下橋子頭段,8.53,都市：住
RPRNNLKMPHOFFAB08CB,下橋子頭段,7.51,都市：住
RPTNNLKMPHOFFAB28CB,下橋子頭段,5.69,都市：住
RPTNNLKMPHOFFAB28CB,下橋子頭段,5.01,都市：住
RPOONLKMPHOFFAB87CB,下橋子頭段,8.53,都市：住
RPOONLKMPHOFFAB87CB,下橋子頭段,7.51,都市：住
RPPNNLKMPHOFFAB87CB,下橋子頭段,8.53,都市：住
RPPNNLKMPHOFFAB87CB,下橋子頭段,7.51,都市：住
RPRONLKMPHOFFAB18CB,下橋子頭段,8.53,都市：住
RPRONLKMPHOFFAB18CB,下橋子頭段,7.51,都市：住
RPQONLKMPHOFFAB08CB,下橋子頭段,8.53,都市：住
RPQONLKMPHOFFAB08CB,下橋子頭段,7.51,都市：住
RPTONLKMPHOFFAB38CB,下橋子頭段,5.69,都市：住
RPTONLKMPHOFFAB38CB,下橋子頭段,5.01,都市：住
RPPONLKMPHOFFAB97CB,下橋子頭段,8.53,都市：住
RPPONLKMPHOFFAB97CB,下橋子頭段,7.51,都市：住
RPVONLKMPHOFFAB58CB,下橋子頭段,5.69,都市：住
RPVONLKMPHOFFAB58CB,下橋子頭段,5.01,都市：住
RPWONLKMPHOFFAB68CB,下橋子頭段,5.69,都市：住
RPWONLKMPHOFFAB68CB,下橋子頭段,5.01,都市：住
RPQNNLKMPHOFFAB97CB,下橋子頭段,8.53,都市：住
RPQNNLKMPHOFFAB97CB,下橋子頭段,7.51,都市：住
RPOPNLKMPHOFFAB97CB,下橋子頭段,5.69,都市：住
RPOPNLKMPHOFFAB97CB,下橋子頭段,5.01,都市：住
RPSPNLKMPHOFFAB38CB,下橋子頭段,5.69,都市：住
RPSPNLKMPHOFFAB38CB,下橋子頭段,5.01,都市：住
RPTPNLKMPHOFFAB48CB,下橋子頭段,5.69,都市：住
RPTPNLKMPHOFFAB48CB,下橋子頭段,5.01,都市：住
RPRPNLKMPHOFFAB28CB,下橋子頭段,5.69,都市：住
RPRPNLKMPHOFFAB28CB,下橋子頭段,5.01,都市：住
RPQPNLKMPHOFFAB18CB,下橋子頭段,5.69,都市：住
RPQPNLKMPHOFFAB18CB,下橋子頭段,5.01,都市：住
RPPPNLKMPHOFFAB08CB,下橋子頭段,5.69,都市：住
RPPPNLKMPHOFFAB08CB,下橋子頭段,5.01,都市：住
RPUPNLKMPHOFFAB58CB,下橋子頭段,5.69,都市：住
RPUPNLKMPHOFFAB58CB,下橋子頭段,5.01,都市：住
RPPQNLKMPHOFFAB18CB,下橋子頭段,8.77,都市：住
RPPQNLKMPHOFFAB18CB,下橋子頭段,7.72,都市：住
RPXPNLKMPHOFFAB88CB,下橋子頭段,8.53,都市：住
RPXPNLKMPHOFFAB88CB,下橋子頭段,7.51,都市：住
RPOQNLKMPHOFFAB08CB,下橋子頭段,8.53,都市：住
RPOQNLKMPHOFFAB08CB,下橋子頭段,7.51,都市：住
RPVPNLKMPHOFFAB68CB,下橋子頭段,8.53,都市：住
RPVPNLKMPHOFFAB68CB,下橋子頭段,7.51,都市：住
RPTQNLKMPHOFFAB58CB,下橋子頭段,12.80,都市：住
RPTQNLKMPHOFFAB58CB,下橋子頭段,11.26,都市：住
RPQQNLKMPHOFFAB28CB,下橋子頭段,15.40,都市：住
RPQQNLKMPHOFFAB28CB,下橋子頭段,13.56,都市：住
RPUQNLKMPHOFFAB68CB,下橋子頭段,11.38,都市：住
RPUQNLKMPHOFFAB68CB,下橋子頭段,10.01,都市：住
RPRQNLKMPHOFFAB38CB,下橋子頭段,15.64,都市：住
RPRQNLKMPHOFFAB38CB,下橋子頭段,13.77,都市：住
RPVQNLKMPHOFFAB78CB,下橋子頭段,11.38,都市：住
RPVQNLKMPHOFFAB78CB,下橋子頭段,10.01,都市：住
RPXQNLKMPHOFFAB98CB,下橋子頭段,11.38,都市：住
RPXQNLKMPHOFFAB98CB,下橋子頭段,10.01,都市：住
RPWQNLKMPHOFFAB88CB,下橋子頭段,12.80,都市：住
RPWQNLKMPHOFFAB88CB,下橋子頭段,11.26,都市：住
RPORNLKMPHOFFAB18CB,下橋子頭段,11.38,都市：住
RPORNLKMPHOFFAB18CB,下橋子頭段,10.01,都市：住
RPTRNLKMPHOFFAB68CB,下橋子頭段,11.38,都市：住
RPTRNLKMPHOFFAB68CB,下橋子頭段,10.01,都市：住
RPURNLKMPHOFFAB78CB,下橋子頭段,11.38,都市：住
RPURNLKMPHOFFAB78CB,下橋子頭段,10.01,都市：住
RPQRNLKMPHOFFAB38CB,下橋子頭段,12.80,都市：住
RPQRNLKMPHOFFAB38CB,下橋子頭段,11.26,都市：住
RPSRNLKMPHOFFAB58CB,下橋子頭段,11.38,都市：住
RPSRNLKMPHOFFAB58CB,下橋子頭段,10.01,都市：住
RPPRNLKMPHOFFAB28CB,下橋子頭段,12.80,都市：住
RPPRNLKMPHOFFAB28CB,下橋子頭段,11.26,都市：住
RPRRNLKMPHOFFAB48CB,下橋子頭段,12.80,都市：住
RPRRNLKMPHOFFAB48CB,下橋子頭段,11.26,都市：住
RPVRNLKMPHOFFAB88CB,下橋子頭段,5.69,都市：住
RPVRNLKMPHOFFAB88CB,下橋子頭段,5.01,都市：住
RPPSNLKMPHOFFAB38CB,下橋子頭段,5.69,都市：住
RPPSNLKMPHOFFAB38CB,下橋子頭段,5.01,都市：住
RPWRNLKMPHOFFAB98CB,下橋子頭段,5.69,都市：住
RPWRNLKMPHOFFAB98CB,下橋子頭段,5.01,都市：住
RPXRNLKMPHOFFAB09CB,下橋子頭段,5.69,都市：住
RPXRNLKMPHOFFAB09CB,下橋子頭段,5.01,都市：住
RPOSNLKMPHOFFAB28CB,下橋子頭段,5.69,都市：住
RPOSNLKMPHOFFAB28CB,下橋子頭段,5.01,都市：住
RPQSNLKMPHOFFAB48CB,下橋子頭段,8.53,都市：住
RPQSNLKMPHOFFAB48CB,下橋子頭段,7.51,都市：住
RPRSNLKMPHOFFAB58CB,下橋子頭段,8.53,都市：住
RPRSNLKMPHOFFAB58CB,下橋子頭段,7.51,都市：住
RPVSNLKMPHOFFAB98CB,下橋子頭段,8.30,都市：住
RPVSNLKMPHOFFAB98CB,下橋子頭段,7.30,都市：住
RPSSNLKMPHOFFAB68CB,下橋子頭段,8.30,都市：住
RPSSNLKMPHOFFAB68CB,下橋子頭段,7.30,都市：住
RPWSNLKMPHOFFAB09CB,下橋子頭段,8.77,都市：住
RPWSNLKMPHOFFAB09CB,下橋子頭段,7.72,都市：住
RPSTNLKMPHOFFAB78CB,下橋子頭段,15.40,都市：住
RPSTNLKMPHOFFAB78CB,下橋子頭段,13.56,都市：住
RPUSNLKMPHOFFAB88CB,下橋子頭段,8.53,都市：住
RPUSNLKMPHOFFAB88CB,下橋子頭段,7.51,都市：住
RPQTNLKMPHOFFAB58CB,下橋子頭段,5.69,都市：住
RPQTNLKMPHOFFAB58CB,下橋子頭段,5.01,都市：住
RPTSNLKMPHOFFAB78CB,下橋子頭段,8.30,都市：住
RPTSNLKMPHOFFAB78CB,下橋子頭段,7.30,都市：住
RPRTNLKMPHOFFAB68CB,下橋子頭段,15.40,都市：住
RPRTNLKMPHOFFAB68CB,下橋子頭段,13.56,都市：住
RPOTNLKMPHOFFAB38CB,下橋子頭段,8.77,都市：住
RPOTNLKMPHOFFAB38CB,下橋子頭段,7.72,都市：住
RPXSNLKMPHOFFAB56CB,下橋子頭段,8.77,都市：住
RPXSNLKMPHOFFAB56CB,下橋子頭段,7.72,都市：住
RPTTNLKMPHOFFAB88CB,下橋子頭段,11.38,都市：住
RPTTNLKMPHOFFAB88CB,下橋子頭段,10.01,都市：住
RPXNMLLJQHOFFHB56CB,大新段,24.79,都市：住
RPXOMLLJQHOFFHB66CB,大新段,24.79,都市：住
RPUOMLLJQHOFFHB98CB,大新段,24.79,都市：住
RPWOMLLJQHOFFHB56CB,大新段,24.79,都市：住
RPQOMLLJQHOFFHB58CB,大新段,24.79,都市：住
RPOPMLLJQHOFFHB48CB,大新段,17.54,都市：住
RPVOMLLJQHOFFHB09CB,大新段,24.79,都市：住
RPTOMLLJQHOFFHB88CB,大新段,24.79,都市：住
RPROMLLJQHOFFHB68CB,大新段,24.79,都市：住
RPPOMLLJQHOFFHB48CB,大新段,24.98,都市：住
RPOOMLLJQHOFFHB38CB,大新段,24.79,都市：住
RPPPMLLJQHOFFHB58CB,大新段,17.74,都市：住
RPQPMLLJQHOFFHB68CB,大新段,24.98,都市：住
RPTPMLLJQHOFFHB98CB,大新段,24.98,都市：住
RPSPMLLJQHOFFHB88CB,大新段,24.98,都市：住
RPRPMLLJQHOFFHB78CB,大新段,24.98,都市：住
RPWPMLLJQHOFFHB66CB,大新段,24.98,都市：住
RPXPMLLJQHOFFHB76CB,大新段,25.17,都市：住
RPUPMLLJQHOFFHB09CB,大新段,25.17,都市：住
RPVPMLLJQHOFFHB56CB,大新段,24.98,都市：住
RPRQMLLJQHOFFHB88CB,大新段,24.98,都市：住
RPOQMLLJQHOFFHB58CB,大新段,24.98,都市：住
RPPQMLLJQHOFFHB68CB,大新段,24.98,都市：住
RPTQMLLJQHOFFHB09CB,大新段,18.12,都市：住
RPSQMLLJQHOFFHB98CB,大新段,24.98,都市：住
RPUQMLLJQHOFFHB56CB,大新段,24.98,都市：住
RPVQMLLJQHOFFHB66CB,大新段,24.98,都市：住
RPXQMLLJQHOFFHB86CB,大新段,24.98,都市：住
RPORMLLJQHOFFHB68CB,大新段,24.98,都市：住
RPWQMLLJQHOFFHB76CB,大新段,24.98,都市：住
RPPRMLLJQHOFFHB78CB,大新段,25.17,都市：住
RPSRMLLJQHOFFHB09CB,大新段,24.98,都市：住
RPQRMLLJQHOFFHB88CB,大新段,24.98,都市：住
RPRRMLLJQHOFFHB98CB,大新段,24.98,都市：住
RPTRMLLJQHOFFHB56CB,大新段,24.98,都市：住
RPVRMLLJQHOFFHB76CB,大新段,24.98,都市：住
RPURMLLJQHOFFHB66CB,大新段,24.98,都市：住
RPXRMLLJQHOFFHB96CB,大新段,17.74,都市：住
