﻿編號,土地區段位置,土地移轉面積平方公尺,使用分區或編定
The serial number,land sector position,land shifting area square meter,the use zoning or compiles and checks
RPRNMLNKNHOFFBB08CC,平田段,.00,都市：住
RPTPMLNKNHOFFCB58CC,上石碑段,.00,都市：商
RPTPMLNKNHOFFCB58CC,上石碑段,.00,都市：商
RPTPMLNKNHOFFCB58CC,上石碑段,.00,都市：商
RPTPMLNKNHOFFCB58CC,上石碑段,.00,都市：商
RPTPMLNKNHOFFCB58CC,上石碑段,.00,都市：商
RPTPMLNKNHOFFCB58CC,上石碑段,.00,都市：商
RPRNMLLKNHOFFAB77CC,下橋子頭段,1.72,都市：商
RPSOMLOKNHOFFCB48CC,豐功段,614.51,都市：住
RPQRMLOKNHOFFCB58CC,安和段,.00,都市：工
RPQRMLOKNHOFFCB58CC,安和段,.00,都市：工
RPRPMLOKNHOFFCB48CC,田心段,71.00,都市：住
RPSSMLOKNHOFFCB88CC,新富段,.00,都市：住
RPSSMLOKNHOFFCB88CC,新富段,.00,都市：住
RPOPMLNKNHOFFBB97CC,平田段,1.25,都市：住
RPOPMLNKNHOFFBB97CC,平田段,6.06,都市：住
RPSNMLOKNHOFFAB18CC,柳川段六小段,165.00,都市：商
RPSNMLOKNHOFFAB18CC,柳川段六小段,2.00,都市：商
RPSNMLOKNHOFFAB18CC,柳川段六小段,1.00,都市：商
RPSNMLOKNHOFFAB18CC,柳川段六小段,6.00,都市：商
RPSNMLOKNHOFFAB18CC,柳川段六小段,16.00,都市：商
RPWPMLOKNHOFFAB78CC,平等段一小段,.00,都市：商
RPWPMLOKNHOFFAB78CC,平等段一小段,.00,都市：商
RPVNMLOKNHOFFAB48CC,麻園頭段,18.92,都市：住
RPOOMLOKNHOFFAB87CC,麻園頭段,8.23,都市：住
RPWOMLOKNHOFFBB78CC,錦村段,85.00,都市：工
RPTNMLNKNHOFFAB18CC,公館段,.00,都市：商
RPTNMLNKNHOFFAB18CC,公館段,.00,都市：住
RPVNMLNKNHOFFAB38CC,樹子腳段,.00,都市：商
RPPOMLPKNHOFFAB08CC,後子段,7.16,都市：住
RPXOMLNKNHOFFAB68CC,下橋子頭段,.00,都市：住
RPXOMLNKNHOFFAB68CC,下橋子頭段,.00,都市：住
RPXOMLNKNHOFFAB68CC,下橋子頭段,.00,都市：住
RPXOMLNKNHOFFAB68CC,下橋子頭段,.00,都市：住
RPXOMLNKNHOFFAB68CC,下橋子頭段,.00,都市：住
RPWNMLPKNHOFFCB88CC,惠民段,10.87,都市：其他
RPPPMLPKNHOFFCB38CC,惠民段,.00,都市：其他
RPPOMLPKNHOFFCB28CC,惠民段,12.48,都市：其他
RPTNMLOKNHOFFBB38CC,東峰段,10.06,都市：住
RPTNMLPKNHOFFBB48CC,乾溝子段,23.91,都市：住
RPTNMLPKNHOFFBB48CC,乾溝子段,.68,都市：住
RPQOMLOKNHOFFBB18CC,東光段,.00,都市：住
RPQOMLOKNHOFFBB18CC,北屯段,.00,都市：住
RPROMLQKNHOFFAB38CC,土庫段,79.00,都市：住
RPRNMLOKNHOFFJB98CC,平欣段,10.12,都市：其他
RPXNMLOKNHOFFJB96CC,宜欣段,5.70,都市：住
RPVPMLQKNHOFFAB88CC,後子段,978.00,都市：住
RPSPMLQKNHOFFBB68CC,鑫新平段,168.14,都市：住
RPSPMLQKNHOFFBB68CC,鑫新平段,169.64,都市：住
RPOOMLPKNHOFFBB08CC,文正段,.00,都市：商
RPOQMLPKNHOFFBB28CC,邱厝子段,69.00,都市：住
RPUOMLQKNHOFFBB78CC,平田段,.00,都市：住
RPQQMLQKNHOFFBB58CC,平田段,.00,都市：住
RPPNMLPKNHOFFJB88CC,新興段,.00,都市：住
RPRNMLRKNHOFFAB38CC,建國段三小段,.00,非都市： ; 非都市編定：
RPSOMLPKNHOFFJB66CC,育賢段,.00,都市：住
RPQOMLRKNHOFFAB38CC,土庫段,9.12,都市：住
RPROMLRKNHOFFAB48CC,土庫段,14.08,都市：住
RPPOMLQKNHOFFDB58DC,北天段,57.34,都市：其他
RPPOMLQKNHOFFDB58DC,慈興段,296.17,都市：住
RPUOMLRKNHOFFAB78CC,頂橋子頭段,8.61,都市：住
RPSOMLRKNHOFFAB58CC,信義段九小段,5.91,都市：住
RPSOMLRKNHOFFAB58CC,信義段九小段,12.36,都市：住
RPRNMLRKNHOFFCB58CC,安和段,.00,都市：工
RPQNMLSKNHOFFJB66CC,三汴段,55.62,都市：住
RPPNMLQKNHOFFFB58CC,武秀段,1006.00,都市：住
RPWOMLRKNHOFFCB56CC,大進段,.00,都市：住
RPQNMLQKNHOFFFB68CC,梧棲段,25.35,都市：住
RPQNMLQKNHOFFFB68CC,梧棲段,2.10,都市：住
RPTNMLTKNHOFFCB98CC,中和段,.00,都市：住
RPTOMLRKNHOFFBB78CC,中興段,10.49,都市：住
RPTPMLRKNHOFFBB88CC,東新段,3.85,都市：住
RPPRMLRKNHOFFBB68CC,陳平段,12.64,都市：住
RPXOMLRKNHOFFBB56CC,崇德段,157.80,都市：住
RPWOMLKLNHOFFBB48CC,邱厝子段,62.00,都市：住
RPPPMLRKNHOFFCB58CC,中正段,4000.00,都市：住
RPSNMLKLNHOFFCB08CC,大明段,.00,都市：住
RPXOMLKLNHOFFCB68CC,中正段,8.49,都市：住
RPPPMLKLNHOFFCB97CC,上石碑段,3.41,都市：商
RPPPMLKLNHOFFCB97CC,上石碑段,3.05,都市：商
RPRPMLKLNHOFFCB18CC,中義段,4.71,都市：住
RPTNMLKLNHOFFCB18CC,寶文段,.00,都市：住
RPTPMLKLNHOFFCB38CC,上石碑段,3.49,都市：商
RPTPMLKLNHOFFCB38CC,上石碑段,3.12,都市：商
RPSPMLKLNHOFFCB28CC,中正段,6.28,都市：商
RPRPMLKLNHOFFBB08CC,北屯段,.68,都市：住
RPRPMLKLNHOFFBB08CC,北屯段,.60,都市：住
RPRPMLKLNHOFFBB08CC,東光段,9.75,都市：住
RPXPMLKLNHOFFBB68CC,賴厝段,4.67,都市：商
RPXPMLKLNHOFFBB68CC,邱厝子段,3.75,都市：商
RPVNMLKLNHOFFAB18CC,自由段四小段,131.00,都市：住
RPVNMLKLNHOFFAB18CC,自由段四小段,19.00,都市：住
RPUPMLKLNHOFFBB38CC,平田段,1.25,都市：住
RPUPMLKLNHOFFBB38CC,平田段,6.06,都市：住
RPXOMLKLNHOFFFB98CC,南勢坑段埔子小段,214.00,都市：住
RPOQMLKLNHOFFBB87CC,東峰段,42.77,都市：商
RPXNMLKLNHOFFHB56DC,興華段,73.96,都市：商
RPPNMLLLNHOFFAB67CC,下橋子頭段,.00,都市：住
RPSOMLLLNHOFFAB08CC,土庫段,6.11,都市：住
RPROMLLLNHOFFAB97CC,平和段,10.90,都市：商
RPROMLLLNHOFFBB08CC,東山段,985.00,都市：商
RPUOMLKLNHOFFIB98CC,華城段,103.60,都市：住
RPSNMLLLNHOFFDB28CC,聯合段,74.25,都市：住
RPPNMLMLNHOFFCB97CC,上石碑段,.00,都市：住
RPWOMLMLNHOFFAB58CC,後子段,23.26,都市：商
RPRNMLLLNHOFFDB18CC,東陽段,30.67,都市：住
RPTPMLMLNHOFFAB38CC,半平厝段,.00,都市：住
RPPOMLNLNHOFFBB08CC,仁美段,37.50,都市：商
RPVNMLKLNHOFFKB56CC,東園段,7.98,非都市：鄉村區 ; 非都市編定：乙種建築用地
RPSNMLNLNHOFFAB18CC,旱平段,.00,非都市： ; 非都市編定：
RPPNMLKLNHOFFKB58CC,自強段,28.54,非都市：鄉村區 ; 非都市編定：乙種建築用地
RPUNMLKLNHOFFKB09CC,藝術段,13.78,都市：住
RPQOMLLLNHOFFCB08CC,大明段,24.44,都市：住
RPPPMLMLNHOFFBB08CC,東山段,22.34,都市：住
RPTPMLNLNHOFFBB58CC,平田段,6.25,都市：住
RPUOMLNLNHOFFIB66CC,興祥段,81.96,都市：住
RPPQMLOLNHOFFCB48CC,上石碑段,.00,非都市： ; 非都市編定：
RPPRMLOLNHOFFCB58CC,大新段,23.43,都市：商
RPWPMLNLNHOFFBB88CC,青雲段,25.33,都市：住
RPXQMLOLNHOFFCB66CC,何厝段,17.56,都市：商
RPWNMLNLNHOFFDB88CC,市政段,72.32,都市：住
RPRPMLOLNHOFFBB48CC,水源段,.00,非都市： ; 非都市編定：
RPPRMLOLNHOFFBB48CC,陳平段,23.55,都市：住
RPVRMLOLNHOFFCB56CC,中正段,5.99,都市：商
RPVPMLOLNHOFFBB88CC,東光段,95.00,都市：住
RPSRMLOLNHOFFCB88CC,田心段,8.16,都市：住
RPTQMLNLNHOFFCB78CC,中和段,.00,非都市： ; 非都市編定：
RPSQMLNLNHOFFCB68CC,大進段,.00,非都市： ; 非都市編定：
RPRNMLNLNHOFFCB28CC,文山段,.00,都市：工
RPUSMLNLNHOFFCB09CC,福和段,103.38,都市：住
RPUSMLNLNHOFFCB09CC,福和段,13.33,都市：住
RPUSMLNLNHOFFCB09CC,福和段,15.44,都市：住
RPUNMLOLNHOFFAB48CC,頂橋子頭段,15.07,都市：住
RPTNMLOLNHOFFAB38CC,樹子腳段,11.63,都市：住
RPTNMLOLNHOFFAB38CC,樹子腳段,2.17,都市：住
RPVNMLOLNHOFFAB58CC,頂橋子頭段,10.88,都市：住
RPWQMLOLNHOFFAB98CC,麻園頭段,13.07,都市：住
RPORMLOLNHOFFAB28CC,大益段,4.53,都市：住
RPSRMLOLNHOFFAB68CC,頂橋子頭段,10.88,都市：住
RPRNMLOLNHOFFAB18CC,頂橋子頭段,85.80,都市：住
RPRRMLOLNHOFFAB58CC,頂橋子頭段,10.88,都市：住
RPOSMLOLNHOFFAB38CC,頂橋子頭段,8.46,都市：住
RPOOMLOLNHOFFKB98CC,藝術段,15.50,都市：住
RPQNMLQLNHOFFAB28CC,麻園頭段,.00,都市：商
RPSSMLOLNHOFFAB78CC,仁愛段二小段,.80,都市：商
RPSSMLOLNHOFFAB78CC,仁愛段二小段,5.70,都市：商
RPXNMLOLNHOFFHB86CC,潭秀段,22.06,都市：住
RPQSMLOLNHOFFAB58CC,信義段九小段,5.91,都市：住
RPQSMLOLNHOFFAB58CC,信義段九小段,12.36,都市：住
RPSNMLOLNHOFFKB66CC,東園段,.00,非都市：鄉村區 ; 非都市編定：乙種建築用地
RPWPMLRLNHOFFAB56CC,公館段,2.64,都市：商
RPWPMLRLNHOFFAB56CC,公館段,1.56,都市：商
RPTPMLRLNHOFFAB88CC,正義段九小段,.00,都市：住
RPTPMLRLNHOFFAB88CC,正義段九小段,.00,都市：商
RPXPMLRLNHOFFAB66CC,公館段,2.64,都市：商
RPXPMLRLNHOFFAB66CC,公館段,1.56,都市：商
RPRNMLRLNHOFFBB68DC,陳平段,89.00,都市：住
RPQNMLQLNHOFFCB48CC,大進段,.00,都市：住
RPQPMLSLNHOFFAB68CC,下橋子頭段,.00,都市：住
RPQNMLRLNHOFFBB58DC,東義段,80.00,都市：住
RPQNMLRLNHOFFBB58DC,東義段,26.00,都市：住
RPQOMLRLNHOFFCB68CC,惠民段,18.12,都市：其他
RPVOMLRLNHOFFCB56CC,惠民段,16.63,都市：其他
RPQPMLSLNHOFFBB78CC,水源段,.00,非都市： ; 非都市編定：
RPXNMLSLNHOFFCB76CC,惠禮段,1011.65,都市：商
RPXNMLSLNHOFFCB76CC,惠禮段,390.65,都市：其他
RPQOMLSLNHOFFCB78CC,惠民段,11.69,都市：其他
RPTOMLSLNHOFFCB09CC,惠民段,17.31,都市：其他
RPROMLSLNHOFFCB88CC,惠民段,15.26,都市：其他
RPOOMLSLNHOFFCB58CC,惠民段,12.57,都市：其他
RPVNMLOLNHOFFIB76CC,大忠段,80.38,都市：住
RPUNMLRLNHOFFIB07DC,新仁段,86.00,都市：住
RPTNMLSLNHOFFIB96CC,九德段,88.93,都市：住
RPPOMLSLNHOFFIB66CC,九德段,88.93,都市：住
RPWPMLSLNHOFFCB86CC,民安段,5.34,都市：住
RPPOMLSLNHOFFCB68CC,惠國段,21.99,都市：其他
RPUPMLSLNHOFFCB66CC,信安段,.00,都市：住
RPOPMLSLNHOFFCB68CC,廣順段,140.16,都市：農
RPXOMLSLNHOFFCB86CC,廣順段,115.20,都市：農
RPXNMLSLNHOFFHB27CC,上楓段,168.00,都市：住
RPPOMLSLNHOFFHB56CC,自強段,36.00,非都市：特定農業區 ; 非都市編定：甲種建築用地
RPOOMLSLNHOFFHB09CC,自強段,32.50,非都市：特定農業區 ; 非都市編定：甲種建築用地
RPVNMLTLNHOFFBB56CC,東義段,.00,都市：商
RPSNMLTLNHOFFAB78CC,後子段,24.57,都市：住
RPUNMLTLNHOFFCB56CC,龍富段,13.42,都市：住
RPTOMLSLNHOFFDB56CC,安康段,86.69,都市：住
RPOPMLTLNHOFFBB68CC,北屯段,15.96,都市：住
RPOPMLTLNHOFFBB68CC,平田段,2.14,都市：住
RPQNMLTLNHOFFCB78CC,國安段,.00,都市：住
RPOOMLSLNHOFFDB68CC,福德段,1.12,都市：住
RPOOMLSLNHOFFDB68CC,福德段,.68,都市：住
RPOOMLSLNHOFFDB68CC,福德段,49.85,都市：住
RPQPMLTLNHOFFCB98CC,信安段,4.86,都市：住
RPTOMLTLNHOFFAB98CC,後子段,18.45,都市：住
RPSNMLTLNHOFFFB66CC,市鎮北段,19.12,都市：商
RPUNMLTLNHOFFHB07CC,摘星段,553.27,都市：工
RPUNMLTLNHOFFHB07CC,摘星段,146.45,都市：工
RPUNMLTLNHOFFHB07CC,摘星段,64.14,都市：工
RPSNMLKMNHOFFDB28CC,三豐段,71.28,都市：住
RPSNMLKMNHOFFDB28CC,三豐段,142.57,都市：住
RPSNMLKMNHOFFDB28CC,三豐段,142.57,都市：住
RPSNMLKMNHOFFDB28CC,三豐段,150.02,都市：住
RPQOMLKMNHOFFBB97CC,錦村段,.00,非都市： ; 非都市編定：
RPOPMLTLNHOFFCB78CC,協成段,2349.48,都市：工
RPOOMLKMNHOFFIB48CC,向學段,.00,非都市： ; 非都市編定：
RPQQMLKMNHOFFBB18CC,賴厝段,.00,非都市： ; 非都市編定：
RPQNMLKMNHOFFAB77CC,麻園頭段,19.03,都市：住
RPTTMLKMNHOFFBB78CC,陳平段,8.67,都市：住
RPWSMLKMNHOFFBB09DC,賴厝段,8.52,都市：住
RPPTMLLMNHOFFBB48CC,東義段,8.94,都市：住
RPXSMLKMNHOFFBB56DC,賴厝段,8.52,都市：住
RPSNMLLMNHOFFBB18CC,松觀段,.00,非都市： ; 非都市編定：
RPPNMLKMNHOFFKB68CC,東園段,.00,非都市：鄉村區 ; 非都市編定：乙種建築用地
RPSSMLLMNHOFFBB78DC,賴厝段,3.37,都市：住
RPVSMLLMNHOFFBB09DC,賴厝段,6.74,都市：住
RPVSMLLMNHOFFBB09DC,賴厝段,6.74,都市：住
RPQNMLMJOHOFFBB87CC,邱厝子段,2182.00,都市：住
RPQNMLMJOHOFFBB87CC,邱厝子段,95.00,都市：住
RPQNMLMJOHOFFBB87CC,邱厝子段,41.00,都市：住
RPPNMLLMNHOFFKB78CC,東園段,.00,非都市：鄉村區 ; 非都市編定：乙種建築用地
RPXQMLLMNHOFFCB09CC,大新段,.00,都市：商
RPQNMLLMNHOFFDB18CC,望寮段,324.65,都市：工
RPQNMLLMNHOFFDB18CC,望寮段,252.08,都市：工
RPPOMLLMNHOFFAB97DC,公館段,1.20,都市：住
RPPOMLLMNHOFFAB97DC,公館段,1.39,都市：住
RPTOMLLMNHOFFCB58DC,中義段,7.19,都市：住
RPXNMLLMNHOFFCB88DC,大墩段,75.00,都市：住
RPUOMLLMNHOFFCB68DC,中仁段,4.95,都市：住
RPROMLLMNHOFFAB18DC,公館段,2.73,都市：住
RPQNMLKMNHOFFKB78CC,東園段,.00,非都市：鄉村區 ; 非都市編定：乙種建築用地
RPWPMLNJOHOFFBB78CC,賴厝段,2.96,都市：商
RPWPMLNJOHOFFBB78CC,邱厝子段,2.37,都市：商
RPUQMLNJOHOFFBB68CC,東義段,8.84,都市：住
RPVPMLNJOHOFFBB68CC,賴厝段,3.16,都市：商
RPVPMLNJOHOFFBB68CC,邱厝子段,2.54,都市：商
RPOQMLNJOHOFFBB08CC,賴厝段,3.26,都市：商
RPOQMLNJOHOFFBB08CC,邱厝子段,2.61,都市：商
RPXPMLNJOHOFFBB88CC,賴厝段,3.23,都市：商
RPXPMLNJOHOFFBB88CC,邱厝子段,2.59,都市：商
RPPRMLNJOHOFFBB28CC,建業段,26.07,都市：住
RPTQMLNJOHOFFBB58CC,東峰段,9.66,都市：商
RPTRMLNJOHOFFBB68CC,北屯段,9.17,都市：商
RPVRMLNJOHOFFBB88CC,東峰段,.00,都市：住
RPVQMLNJOHOFFBB78CC,東峰段,11.13,都市：商
RPWRMLNJOHOFFBB98CC,東山段,.00,都市：住
RPUOMLNJOHOFFIB56CC,益民段,27.31,都市：住
RPUOMLNJOHOFFIB56CC,益民段,1.07,都市：住
RPQPMLNJOHOFFKB09CC,慶順段,35.00,非都市：鄉村區 ; 非都市編定：乙種建築用地
RPSQMLNJOHOFFAB38CC,後子段,5.58,都市：商
RPSQMLNJOHOFFAB38CC,後子段,3.35,都市：商
RPUNMLNJOHOFFAB28CC,麻園頭段,105.62,都市：住
RPOPMLOJOHOFFAB97CC,麻園頭段,26.71,都市：住
RPOSMLOJOHOFFAB28CC,下橋子頭段,.00,都市：其他
RPQNMLOJOHOFFCB18CC,寶文段,.00,都市：住
RPTPMLOJOHOFFCB68CC,惠順段,64.85,都市：住
RPTPMLOJOHOFFCB68CC,惠順段,64.86,都市：住
RPTPMLOJOHOFFCB68CC,惠順段,25.75,都市：住
RPTPMLOJOHOFFCB68CC,惠順段,25.68,都市：住
RPPNMLOJOHOFFIB78DC,大仁段,222.37,都市：住
RPPNMLOJOHOFFIB78DC,大仁段,245.75,都市：住
RPRNMLOJOHOFFIB98DC,大仁段,222.37,都市：住
RPRNMLOJOHOFFIB98DC,大仁段,245.75,都市：住
RPSNMLNJOHOFFCB28CC,文山段,2645.00,都市：工
RPPPMLNJOHOFFCB18CC,大墩段,23.29,都市：住
RPSPMLNJOHOFFCB48CC,上石碑段,13.46,都市：住
RPWPMLNJOHOFFCB88CC,田心段,21.54,都市：住
RPOOMLNJOHOFFCB97CC,中正段,6.92,都市：商
RPXNMLNJOHOFFCB78CC,中正段,6.72,都市：商
RPRNMLOJOHOFFDB38CC,博愛段,113.00,都市：商
RPWNMLPJOHOFFBB78CC,北屯段,97.00,都市：住
RPXPMLPJOHOFFCB56CC,三塊厝段,.00,都市：住
RPVQMLPJOHOFFCB09CC,民安段,.00,都市：住
RPVQMLPJOHOFFCB09CC,民安段,.00,都市：住
RPOOMLQJOHOFFCB28CC,惠信段,13.93,都市：住
RPPOMLQJOHOFFCB38CC,保安段,47.00,都市：住
RPSOMLQJOHOFFCB68CC,惠國段,.00,都市：其他
RPSOMLQJOHOFFCB68CC,惠國段,.00,都市：其他
RPQNMLOJOHOFFHB68CC,六張段,77.00,非都市： ; 非都市編定：
RPQNMLOJOHOFFHB68CC,六張段,23.80,非都市： ; 非都市編定：
RPUNMLPJOHOFFKB86CC,自治段,79.49,都市：住
RPPNMLRJOHOFFBB28CC,景美段,437.72,都市：商
RPQNMLPJOHOFFAB08CC,樹子腳段,.00,都市：住
RPSPMLPJOHOFFAB48CC,光明段一小段,40.00,都市：住
RPSPMLPJOHOFFAB48CC,光明段一小段,17.00,都市：住
RPWRMLQJOHOFFBB66CC,仁和段,28.71,都市：住
RPPNMLRJOHOFFDB58DC,豐東段,41.80,都市：住
RPQRMLQJOHOFFBB68CC,錦村段,10.76,都市：住
RPQRMLQJOHOFFBB68CC,錦村段,8.49,都市：住
RPQRMLQJOHOFFBB68CC,錦村段,7.75,都市：住
RPXRMLQJOHOFFBB76CC,平田段,13.34,都市：住
RPPSMLQJOHOFFBB68CC,東信段,45.86,都市：住
RPSOMLKKOHOFFBB08CC,乾溝子段,37.34,都市：商
RPSOMLKKOHOFFBB08CC,乾溝子段,1.80,都市：商
RPSOMLKKOHOFFBB08CC,乾溝子段,2.00,都市：商
RPSOMLKKOHOFFBB08CC,乾溝子段,.22,都市：商
RPOQMLKKOHOFFBB87CC,賴厝段,.29,都市：商
RPOQMLKKOHOFFBB87CC,邱厝子段,.23,都市：商
RPXNMLQJOHOFFJB17CC,育賢段,.00,都市：住
RPTPMLQJOHOFFCB88CC,下石碑段,.00,都市：住
RPUPMLQJOHOFFCB98CC,福星段,.00,都市：住
RPTOMLKKOHOFFBB18CC,水源段,21.00,都市：住
RPTOMLKKOHOFFBB18CC,水源段,20.00,都市：住
RPTOMLKKOHOFFBB18CC,水源段,38.00,都市：住
RPTOMLKKOHOFFBB18CC,水源段,31.00,都市：住
RPTOMLKKOHOFFBB18CC,水源段,226.00,都市：住
RPTOMLKKOHOFFBB18CC,水源段,122.00,都市：住
RPTOMLKKOHOFFBB18CC,水源段,69.00,都市：住
RPTOMLKKOHOFFBB18CC,水源段,51.00,都市：住
RPTOMLKKOHOFFBB18CC,水源段,99.00,都市：商
RPTOMLKKOHOFFBB18CC,水源段,529.00,都市：商
RPUOMLKKOHOFFAB28DC,麻園頭段,64.00,都市：住
RPWOMLKKOHOFFCB58CC,惠國段,13.42,都市：其他
RPWQMLKKOHOFFCB78CC,大墩段,16.00,都市：住
RPOOMLKKOHOFFCB77CC,新富段,.00,都市：住
RPOOMLKKOHOFFCB77CC,新富段,.00,都市：住
RPOOMLKKOHOFFCB77CC,新富段,.00,都市：住
RPROMLKKOHOFFAB87CC,麻園頭段,17.08,都市：其他
RPUQMLKKOHOFFCB58CC,上石碑段,11.58,都市：住
RPTNMLRJOHOFFCB88DC,大新段,75.15,都市：住
RPQNMLKKOHOFFHB38CC,十三寮段,53.00,都市：住
RPPNMLLKOHOFFAB67CC,自由段一小段,.00,都市：商
RPWNMLLKOHOFFBB48CC,乾溝子段,17.23,都市：住
RPWNMLLKOHOFFBB48CC,乾溝子段,.49,都市：住
RPOPMLLKOHOFFBB87CC,東正段,14.44,都市：住
RPQNMLLKOHOFFCB97CC,寶文段,.00,都市：住
RPTPMLLKOHOFFCB48CC,上石碑段,75.84,都市：住
RPPNMLLKOHOFFCB87CC,寶文段,.00,都市：住
RPOQMLLKOHOFFAB87CC,樹子腳段,.00,都市：住
RPXNMLKKOHOFFJB66CC,樹孝段,.00,都市：住
RPROMLMKOHOFFBB18CC,賴厝段,.00,都市：住
RPRPMLMKOHOFFBB28CC,乾溝子段,.00,都市：住
RPQPMLLKOHOFFBB08CC,東義段,10.76,都市：住
RPQPMLLKOHOFFBB08CC,東義段,14.47,都市：住
RPQPMLLKOHOFFBB08CC,東義段,10.69,都市：住
RPPNMLMKOHOFFAB77CC,後子段,.00,都市：住
RPSNMLMKOHOFFHB78CC,上楓段,23.06,都市：住
RPOQMLMKOHOFFCB18CC,寶文段,.00,都市：住
RPORMLMKOHOFFCB28CC,西屯段,.00,都市：住
RPTOMLMKOHOFFAB28CC,樹子腳段,.00,都市：商
RPSQMLLKOHOFFCB48CC,田心段,.00,都市：住
RPXPMLLKOHOFFCB88CC,廣順段,70.07,都市：其他
RPPOMLLKOHOFFIB58CC,鳳凰段,12.40,非都市：工業區 ; 非都市編定：丁種建築用地
RPRNMLLKOHOFFIB68CC,新長壽段,57.99,都市：住
RPTPMLNKOHOFFCB68CC,中正段,29.83,都市：住
RPTPMLNKOHOFFCB68CC,中正段,29.83,都市：住
RPSRMLNKOHOFFCB78CC,大進段,21.65,都市：住
RPWRMLNKOHOFFCB56CC,大進段,21.65,都市：住
RPOPMLNKOHOFFCB18CC,中正段,9.49,都市：商
RPRQMLNKOHOFFCB58CC,惠民段,13.73,都市：其他
RPRPMLNKOHOFFCB48CC,中正段,6.92,都市：商
RPVPMLNKOHOFFCB88CC,惠民段,14.62,都市：其他
RPRQMLLKOHOFFCB38CC,豐功段,.00,都市：住
RPRQMLLKOHOFFCB38CC,豐功段,.00,都市：住
RPRQMLLKOHOFFCB38CC,豐功段,.00,都市：住
RPVNMLNKOHOFFDB78CC,陽明段,111.00,都市：住
RPQNMLNKOHOFFAB97CC,大益段,19.00,都市：其他
RPVNMLNKOHOFFAB48CC,旱清段,74.40,都市：住
RPRPMLNKOHOFFAB28CC,下橋子頭段,1.81,都市：商
RPOQMLOKOHOFFAB18CC,復興段一小段,77.00,都市：住
RPOQMLOKOHOFFAB18CC,復興段一小段,5.00,都市：住
RPWPMLOKOHOFFAB88CC,麻園頭段,119.00,都市：住
RPOPMLNKOHOFFAB97CC,下橋子頭段,3.77,都市：商
RPXOMLNKOHOFFAB78CC,樹子腳段,5.81,都市：商
RPQPMLNKOHOFFAB18CC,下橋子頭段,5.52,都市：商
RPQNMLOKOHOFFAB08CC,後子段,.00,都市：住
RPPQMLOKOHOFFBB38CC,賴厝段,3.42,都市：商
RPPQMLOKOHOFFBB38CC,邱厝子段,2.75,都市：商
RPQQMLOKOHOFFBB48CC,賴厝段,3.23,都市：商
RPQQMLOKOHOFFBB48CC,邱厝子段,2.59,都市：商
RPWQMLOKOHOFFCB56CC,西屯段,49.50,都市：住
RPUPMLOKOHOFFCB88CC,寶文段,.00,都市：住
RPPNMLOKOHOFFCB18CC,下石碑段,86.00,都市：住
RPPQMLOKOHOFFCB48CC,龍富段,14.77,都市：住
RPRQMLOKOHOFFCB68CC,中正段,5.63,都市：商
RPQQMLOKOHOFFCB58CC,中正段,5.31,都市：商
RPVQMLOKOHOFFBB98CC,東峰段,9.24,都市：商
RPUQMLOKOHOFFBB88CC,東峰段,10.50,都市：商
RPPPMLRKOHOFFBB58CC,賴厝段,63.98,都市：住
RPVPMLRKOHOFFBB56CC,邱厝子段,23.33,都市：住
RPOOMLRKOHOFFBB38CC,文正段,23.23,都市：住
RPTPMLOKOHOFFCB78CC,豐功段,.00,都市：住
RPQPMLRKOHOFFCB78CC,上石碑段,104.00,都市：住
RPQNMLOKOHOFFDB38CC,龍宮段,4.32,都市：住
RPQNMLOKOHOFFDB38CC,龍宮段,83.12,都市：住
RPUQMLRKOHOFFCB66CC,惠民段,15.30,都市：其他
RPSOMLRKOHOFFAB78DC,平和段,.00,都市：住
RPPQMLRKOHOFFCB78CC,上石碑段,25.00,都市：住
RPPOMLRKOHOFFAB38CC,麻園頭段,47.28,都市：住
RPWPMLRKOHOFFBB66CC,邱厝子段,30.24,都市：住
RPSNMLRKOHOFFCB78CC,廣順段,70.07,都市：商
RPRNMLRKOHOFFCB68CC,上石碑段,89.00,都市：住
RPOOMLSKOHOFFDB68CC,豐原段,73.00,都市：商
RPOOMLSKOHOFFDB68CC,豐原段,17.00,都市：商
RPXNMLSKOHOFFBB76DC,和平段,264.51,都市：住
RPPOMLSKOHOFFBB68DC,太和段,275.60,都市：住
RPRNMLSKOHOFFCB78CC,福安段,143.00,都市：住
RPRNMLSKOHOFFCB78CC,福安段,89.00,都市：住
RPQNMLRKOHOFFKB76CC,東園段,17.76,非都市：鄉村區 ; 非都市編定：乙種建築用地
RPUNMLSKOHOFFDB56CC,豐原段,104.00,都市：商
RPUNMLSKOHOFFDB56CC,豐原段,104.00,都市：商
RPRQMLSKOHOFFCB09CC,惠民段,9.18,都市：其他
RPTQMLSKOHOFFCB66CC,大進段,16.06,都市：住
RPWPMLSKOHOFFCB86CC,惠國段,.00,都市：商
RPSQMLSKOHOFFCB56CC,惠國段,18.49,都市：其他
RPTPMLTKOHOFFCB66CC,國安段,.00,都市：住
RPVNMLTKOHOFFCB66CC,惠信段,.00,都市：住
RPUNMLTKOHOFFCB56CC,惠信段,.00,都市：住
RPXNMLTKOHOFFCB86CC,惠義段,110.36,都市：住
RPTNMLTKOHOFFAB88CC,下橋子頭段,2.39,都市：商
RPWNMLTKOHOFFCB76CC,豐功段,.00,都市：住
RPWNMLTKOHOFFCB76CC,豐功段,.00,都市：住
RPWNMLTKOHOFFCB76CC,豐功段,.00,都市：住
RPUNMLTKOHOFFAB98CC,下橋子頭段,1.83,都市：商
RPWNMLTKOHOFFAB56CC,下橋子頭段,3.42,都市：商
RPVNMLTKOHOFFAB09CC,下橋子頭段,1.72,都市：商
RPQOMLTKOHOFFBB78CC,賴厝段,15.71,都市：住
RPQOMLTKOHOFFBB78CC,賴厝段,26.91,都市：住
RPTOMLTKOHOFFBB09CC,景東段,16.12,都市：住
RPRPMLTKOHOFFBB98CC,平田段,6.76,都市：住
RPPOMLTKOHOFFBB68CC,松觀段,.00,都市：住
RPTPMLTKOHOFFAB09CC,土庫段,.00,都市：住
RPTPMLTKOHOFFAB09CC,土庫段,.00,都市：住
RPWOMLTKOHOFFCB86CC,豐富段,148.76,都市：商
RPPOMLTKOHOFFDB88CC,順豐段,220.77,都市：農
RPQNMLTKOHOFFIB76CC,東興段,.00,都市：住
RPUNMLTKOHOFFHB07CC,上楓段,25.33,都市：住
RPTNMLTKOHOFFHB96CC,自強段,16.25,非都市：特定農業區 ; 非都市編定：甲種建築用地
RPVOMLTKOHOFFBB66CC,邱厝子段,17.20,都市：住
RPXNMLKLOHOFFAB48CC,頂橋子頭段,.00,都市：住
RPUOMLKLOHOFFAB28CC,頂橋子頭段,.00,都市：住
RPVOMLKLOHOFFAB38CC,頂橋子頭段,.00,都市：住
RPWOMLKLOHOFFBB58CC,平田段,.00,都市：住
RPOPMLKLOHOFFBB87CC,陳平段,137.00,都市：其他
RPOOMLKLOHOFFCB87CC,民安段,.00,都市：住
RPSNMLKLOHOFFCB18CC,上石碑段,.00,都市：住
RPSNMLKLOHOFFCB18CC,西屯段,.00,都市：住
RPSNMLKLOHOFFCB18CC,西屯段,.00,都市：住
RPTNMLKLOHOFFCB28CC,上石碑段,.00,都市：住
RPTNMLKLOHOFFCB28CC,西屯段,.00,都市：住
RPTNMLKLOHOFFCB28CC,西屯段,.00,都市：住
RPRPMLKLOHOFFIB88CC,向學段,.00,都市：工
RPQNMLKLOHOFFJB68CC,瑞欣段,.00,都市：住
RPVPMLKLOHOFFCB68CC,田心段,.00,非都市： ; 非都市編定：
RPVNMLKLOHOFFJB56CC,宜欣段,.00,都市：住
RPPNMLKLOHOFFDB97CC,向陽段,90.25,都市：商
RPTNMLKLOHOFFDB38CC,豐原段,.00,都市：商
RPQQMLKLOHOFFCB28CC,惠信段,75.16,都市：住
RPWNMLLLOHOFFBB58CC,北屯段,29.02,都市：住
RPRPMLKLOHOFFCB28CC,國安段,12.87,都市：住
RPPNMLLLOHOFFCB97CC,寶文段,.00,都市：住
RPRNMLLLOHOFFAB97CC,下橋子頭段,2.47,都市：住
RPUNMLLLOHOFFCB48CC,豐業段,92.21,都市：住
RPXNMLLLOHOFFAB58CC,平和段,5.94,都市：商
RPPNMLLLOHOFFKB78CC,遠東段,.00,都市：住
RPPNMLLLOHOFFKB78CC,遠東段,.00,都市：住
RPXNMLLLOHOFFCB78CC,永春段,1398.50,都市：住
RPQNMLMLOHOFFCB18CC,埔興段,58.00,都市：住
RPQNMLMLOHOFFCB18CC,埔興段,33.72,都市：住
RPPOMLKLOHOFFJB68CC,宜欣段,.00,都市：住
RPRNMLLLOHOFFDB38DC,豐東段,41.80,都市：住
RPOQMLOLOHOFFCB48CC,惠民段,19.54,都市：其他
RPSNMLOLOHOFFCB58CC,順和段,6.89,都市：住
RPSNMLOLOHOFFCB58CC,順和段,6.88,都市：住
RPROMLOLOHOFFCB58CC,大進段,13.10,都市：住
RPSQMLOLOHOFFCB88CC,西屯段,39.61,都市：住
RPQQMLOLOHOFFCB68CC,惠民段,17.44,都市：其他
RPVPMLOLOHOFFBB98CC,賴厝段,4.33,都市：商
RPVPMLOLOHOFFBB98CC,邱厝子段,3.48,都市：商
RPUPMLOLOHOFFBB88CC,賴厝段,3.42,都市：商
RPUPMLOLOHOFFBB88CC,邱厝子段,2.75,都市：商
RPSPMLOLOHOFFBB68CC,賴厝段,4.20,都市：商
RPSPMLOLOHOFFBB68CC,邱厝子段,3.37,都市：商
RPPPMLOLOHOFFBB38CC,東峰段,9.74,都市：商
RPOPMLOLOHOFFBB28CC,東峰段,5.84,都市：商
RPPQMLOLOHOFFBB48CC,中清段,8.56,都市：商
RPQPMLOLOHOFFBB48CC,賴厝段,3.21,都市：商
RPQPMLOLOHOFFBB48CC,邱厝子段,2.57,都市：商
RPQOMLOLOHOFFCB48CC,中正段,6.24,都市：商
RPTRMLOLOHOFFBB98CC,東信段,58.44,都市：住
RPURMLOLOHOFFBB09CC,東義段,8.73,都市：住
RPURMLOLOHOFFBB09CC,東義段,11.73,都市：住
RPURMLOLOHOFFBB09CC,東義段,8.67,都市：住
RPWNMLOLOHOFFJB17DC,宜欣段,6.49,都市：住
RPSNMLOLOHOFFKB76CC,新庄段,20.98,非都市：鄉村區 ; 非都市編定：乙種建築用地
RPRRMLOLOHOFFBB78CC,同榮段,66.00,都市：住
RPQOMLOLOHOFFFB78CC,南勢坑段埔子小段,162.00,都市：住
RPQOMLOLOHOFFFB78CC,南勢坑段埔子小段,13.50,都市：住
RPWNMLOLOHOFFKB17CC,新東段,95.12,非都市：一般農業區 ; 非都市編定：丙種建築用地
RPPOMLPLOHOFFAB28CC,頂橋子頭段,.00,非都市： ; 非都市編定：
RPPQMLOLOHOFFAB38CC,頂橋子頭段,8.61,都市：住
RPTPMLOLOHOFFAB68CC,後子段,11.40,都市：住
RPSPMLOLOHOFFAB58CC,後子段,7.06,都市：住
RPQPMLOLOHOFFAB38CC,頂橋子頭段,10.88,都市：住
RPVPMLOLOHOFFAB88CC,麻園頭段,47.28,都市：住
RPOQMLOLOHOFFAB28CC,頂橋子頭段,10.88,都市：住
RPROMLOLOHOFFFB88CC,永安段,1230.00,都市：工
RPVQMLOLOHOFFBB56DC,北屯段,75.00,都市：住
RPVOMLPLOHOFFAB88CC,頂橋子頭段,30.37,都市：住
RPVPMLPLOHOFFCB56CC,寶文段,.00,都市：住
RPSNMLPLOHOFFKB86CC,東園段,.00,非都市：鄉村區 ; 非都市編定：乙種建築用地
RPTNMLPLOHOFFKB96CC,東園段,.00,非都市：鄉村區 ; 非都市編定：乙種建築用地
RPOQMLPLOHOFFCB58CC,西屯段,.00,非都市： ; 非都市編定：
RPPQMLPLOHOFFCB68CC,上石碑段,.00,非都市： ; 非都市編定：
RPRQMLPLOHOFFBB78CC,南興段,1433.16,都市：住
RPRNMLPLOHOFFKB76CC,東園段,.00,非都市：鄉村區 ; 非都市編定：乙種建築用地
RPUSMLPLOHOFFBB66CC,東峰段,.00,非都市： ; 非都市編定：
RPVTMLPLOHOFFBB96DC,北屯段,119.00,都市：住
RPVTMLPLOHOFFBB96DC,北屯段,5.00,都市：住
RPXTMLPLOHOFFBB07CC,賴厝段,.00,非都市： ; 非都市編定：
RPXOMLQLOHOFFBB66CC,水源段,.00,都市：住
RPXOMLQLOHOFFBB66CC,水源段,.00,都市：住
RPUOMLQLOHOFFBB98CC,乾溝子段,7.08,都市：住
RPPPMLQLOHOFFBB58CC,東峰段,.00,都市：住
RPWQMLQLOHOFFCB86CC,上石碑段,.00,都市：商
RPRPMLQLOHOFFCB88CC,惠民段,15.19,都市：其他
RPSTMLQLOHOFFCB76CC,南屯段,.00,都市：商
RPUOMLQLOHOFFCB09CC,惠民段,14.32,都市：其他
RPOPMLQLOHOFFCB58CC,惠民段,11.59,都市：其他
RPWOMLQLOHOFFCB66CC,惠民段,19.54,都市：其他
RPXPMLQLOHOFFAB66CC,麻園頭段,31.99,都市：住
RPQOMLQLOHOFFAB48CC,公館段,1.47,都市：住
RPQOMLQLOHOFFAB48CC,公館段,1.27,都市：住
RPROMLQLOHOFFAB58CC,公館段,1.48,都市：住
RPROMLQLOHOFFAB58CC,公館段,1.28,都市：住
RPWPMLQLOHOFFBB66CC,水源段,.00,都市：住
RPWPMLQLOHOFFBB66CC,水源段,.00,都市：住
RPWPMLQLOHOFFBB66CC,水源段,.00,都市：其他
RPWPMLQLOHOFFBB66CC,水源段,.00,都市：其他
RPSQMLQLOHOFFBB98CC,軍福段,.00,都市：商
RPQPMLQLOHOFFBB68CC,東光段,.00,都市：商
RPVSMLQLOHOFFCB96CC,信安段,.00,都市：住
RPVSMLQLOHOFFCB96CC,信安段,.00,都市：住
RPUOMLRLOHOFFCB56CC,大進段,16.06,都市：商
RPRPMLQLOHOFFAB68CC,麻園頭段,.00,都市：其他
RPUPMLRLOHOFFBB56CC,東峰段,390.00,都市：商
RPPOMLQLOHOFFIB56CC,大里段,23.80,非都市：特定農業區 ; 非都市編定：甲種建築用地
RPPQMLRLOHOFFCB88CC,民安段,.00,非都市： ; 非都市編定：
RPQNMLRLOHOFFDB78CC,一心段,7.90,都市：住
RPXQMLQLOHOFFBB86CC,東正段,136.00,都市：商
RPPRMLQLOHOFFBB78CC,賴厝段,.00,都市：商
RPSQMLRLOHOFFBB09CC,賴厝段,5.58,都市：住
RPRNMLRLOHOFFAB58CC,麻園頭段,119.00,都市：住
RPRQMLRLOHOFFCB09CC,豐業段,.00,都市：住
RPTNMLQLOHOFFFB56CC,市鎮北段,13.60,都市：商
RPTPMLRLOHOFFAB09DC,後子段,16.49,都市：住
RPSNMLRLOHOFFJB07DC,新興段,28.01,都市：住
RPQNMLRLOHOFFIB66CC,九德段,102.41,都市：住
RPRNMLRLOHOFFJB86CC,新興段,81.89,都市：住
RPPOMLRLOHOFFIB66CC,喬城段,25.21,都市：住
RPWNMLSLOHOFFAB56CC,正義段九小段,.00,非都市： ; 非都市編定：
RPWOMLSLOHOFFAB66CC,公館段,.00,都市：其他
RPWOMLSLOHOFFAB66CC,公館段,.00,都市：其他
RPWOMLSLOHOFFAB66CC,公館段,.00,都市：其他
RPSOMLSLOHOFFCB09CC,民安段,.00,非都市： ; 非都市編定：
RPPQMLSLOHOFFCB98CC,惠順段,37.31,都市：其他
RPTNMLSLOHOFFCB09CC,豐功段,89.68,都市：住
RPTNMLSLOHOFFCB09CC,豐功段,26.45,都市：住
RPUNMLSLOHOFFCB56CC,永春段,323.73,都市：住
RPUPMLSLOHOFFCB76CC,南屯段,.00,都市：商
RPQQMLSLOHOFFCB09CC,惠民段,50.00,都市：其他
RPVOMLSLOHOFFCB76CC,中正段,8.53,都市：住
RPOQMLSLOHOFFCB88CC,國安段,11.24,都市：住
RPRQMLSLOHOFFCB56CC,寶文段,.00,都市：住
RPRNMLKMOHOFFCB18CC,惠民段,10.21,都市：其他
RPPNMLTLOHOFFIB76CC,立仁段,125.26,非都市：鄉村區 ; 非都市編定：乙種建築用地
RPOOMLSLOHOFFHB56CC,家福段,.00,都市：商
RPUNMLLJPHOFFAB18CC,後子段,11.00,都市：住
RPUNMLLJPHOFFAB18CC,後子段,148.00,都市：住
RPPNMLLJPHOFFCB87CC,下石碑段,.00,都市：住
RPQNMLLJPHOFFCB97CC,田心段,1.00,都市：住
RPQNMLLJPHOFFCB97CC,田心段,97.00,都市：住
RPQQMLLJPHOFFCB28CC,文山段,.00,都市：工
RPWQMLLJPHOFFCB88CC,上石碑段,.00,都市：住
RPQRMLLJPHOFFBB28CC,賴厝段,4.05,都市：商
RPQRMLLJPHOFFBB28CC,邱厝子段,3.25,都市：商
RPTRMLLJPHOFFBB58CC,賴厝段,3.16,都市：商
RPTRMLLJPHOFFBB58CC,邱厝子段,2.54,都市：商
RPVQMLLJPHOFFBB68CC,中清段,8.56,都市：商
RPRQMLLJPHOFFBB28CC,東山段,12.94,都市：住
RPWQMLLJPHOFFBB78CC,東峰段,6.84,都市：商
RPUNMLLJPHOFFCB48DC,福和段,187.00,都市：住
RPVNMLLJPHOFFCB58DC,福和段,187.00,都市：住
RPUOMLMJPHOFFBB48CC,錦村段,.00,非都市： ; 非都市編定：
RPTQMLMJPHOFFBB58CC,東義段,.00,非都市： ; 非都市編定：
RPPNMLLJPHOFFIB48CC,內新段,.00,都市：住
RPOPMLMJPHOFFBB97CC,錦村段,.00,非都市： ; 非都市編定：
RPVRMLLJPHOFFBB78CC,賴厝段,2.91,都市：商
RPVRMLLJPHOFFBB78CC,邱厝子段,2.33,都市：商
RPVNMLMJPHOFFCB58CC,安和段,2532.72,都市：工
RPSOMLMJPHOFFBB28CC,文正段,.00,非都市： ; 非都市編定：
RPTNMLMJPHOFFCB38CC,上石碑段,.00,非都市： ; 非都市編定：
RPRNMLMJPHOFFCB18CC,上石碑段,.00,非都市： ; 非都市編定：
RPWNMLMJPHOFFCB68CC,上石碑段,.00,非都市： ; 非都市編定：
RPQOMLMJPHOFFJB98DC,坪林段,82.80,非都市：鄉村區 ; 非都市編定：乙種建築用地
RPPOMLMJPHOFFCB08CC,中義段,.00,非都市： ; 非都市編定：
RPWRMLLJPHOFFBB88CC,賴厝段,3.30,都市：商
RPWRMLLJPHOFFBB88CC,邱厝子段,2.65,都市：商
RPPOMLNJPHOFFCB18CC,西屯段,52.23,都市：住
RPWOMLNJPHOFFCB88CC,楓樹段,31.38,都市：住
RPVOMLNJPHOFFCB78CC,豐功段,.00,非都市： ; 非都市編定：
RPRNMLMJPHOFFFB48CC,晉江北段,.00,非都市： ; 非都市編定：
RPXNMLMJPHOFFJB86CC,番子路段,.00,都市：住
RPOPMLNJPHOFFCB18CC,鎮南段,148.00,都市：住
RPTNMLNJPHOFFIB09CC,興祥段,13.72,都市：住
RPUNMLMJPHOFFFB78CC,居仁段,.00,非都市： ; 非都市編定：
RPUNMLMJPHOFFFB78CC,居仁段,.00,非都市： ; 非都市編定：
RPUNMLMJPHOFFFB78CC,居仁段,.00,非都市： ; 非都市編定：
RPROMLMJPHOFFFB58CC,南勢坑段埔子小段,66.00,都市：住
RPROMLMJPHOFFFB58CC,南勢坑段埔子小段,22.31,都市：住
RPROMLMJPHOFFFB58CC,南勢坑段埔子小段,1.00,都市：住
RPROMLMJPHOFFFB58CC,南勢坑段埔子小段,.77,都市：住
RPQOMLMJPHOFFAB97CC,頂橋子頭段,.00,非都市： ; 非都市編定：
RPWPMLNJPHOFFAB78CC,下橋子頭段,1.79,都市：商
RPVNMLMJPHOFFAB38CC,平和段,.00,非都市： ; 非都市編定：
RPUNMLMJPHOFFAB28CC,麻園頭段,73.00,都市：住
RPUNMLMJPHOFFAB28CC,麻園頭段,168.00,都市：住
RPUNMLMJPHOFFAB28CC,麻園頭段,6.00,都市：住
RPUNMLMJPHOFFAB28CC,麻園頭段,13.00,都市：住
RPUNMLMJPHOFFAB28CC,麻園頭段,2.00,都市：住
RPUNMLMJPHOFFAB28CC,麻園頭段,29.00,都市：住
RPUNMLMJPHOFFAB28CC,麻園頭段,31.00,都市：住
RPUNMLMJPHOFFAB28CC,麻園頭段,13.00,都市：住
RPROMLNJPHOFFAB28DC,中民段九小段,84.00,都市：住
RPROMLNJPHOFFAB28DC,中民段九小段,42.00,都市：住
RPRPMLNJPHOFFAB38DC,公館段,1.04,都市：住
RPRPMLNJPHOFFAB38DC,公館段,1.20,都市：住
RPVNMLNJPHOFFIB66CC,興祥段,14.42,都市：住
RPQOMLNJPHOFFIB88CC,新榮和段,105.00,都市：住
RPQOMLNJPHOFFIB88CC,新榮和段,.18,都市：住
RPQOMLNJPHOFFIB88CC,新榮和段,1.09,都市：住
RPQOMLNJPHOFFIB88CC,新榮和段,1.30,都市：住
RPWQMLOJPHOFFCB56CC,福順段,6.41,都市：住
RPWQMLOJPHOFFCB56CC,福順段,730.10,都市：住
RPXRMLNJPHOFFBB66DC,邱厝子段,3.30,都市：住
RPXPMLOJPHOFFCB56CC,惠泰段,417.50,都市：住
RPQPMLNJPHOFFCB48DC,田心段,12.09,都市：住
RPSPMLNJPHOFFCB68DC,上石碑段,5.06,都市：住
RPUSMLOJPHOFFCB66DC,三塊厝段,21.00,都市：商
RPWOMLPJPHOFFIB07CC,新榮泉段,47.63,都市：住
RPQNMLRJPHOFFCB58CC,寶文段,.00,非都市： ; 非都市編定：
RPRNMLRJPHOFFCB68CC,寶文段,.00,非都市： ; 非都市編定：
RPVRMLNJPHOFFBB09DC,賴厝段,6.59,都市：住
RPSPMLOJPHOFFBB58CC,中興段,5.08,都市：住
RPTNMLRJPHOFFCB88CC,寶文段,.00,非都市： ; 非都市編定：
RPUNMLRJPHOFFCB98CC,寶山段,.00,非都市： ; 非都市編定：
RPUNMLQJPHOFFBB78CC,水湳段,59.00,都市：商
RPWQMLPJPHOFFBB56CC,松茂段,.00,都市：住
RPUNMLPJPHOFFIB86DC,大元段,19.75,都市：住
RPVPMLSJPHOFFCB76CC,信安段,.00,都市：住
RPVNMLSJPHOFFCB56CC,福安段,.00,都市：住
RPSQMLSJPHOFFCB56CC,中正段,10.54,都市：商
RPWPMLOJPHOFFBB98CC,東峰段,132.00,都市：商
RPQNMLRJPHOFFJB66CC,新德隆段,7.01,非都市：鄉村區 ; 非都市編定：乙種建築用地
RPRNMLRJPHOFFJB76CC,新興段,7.48,都市：住
RPVQMLTJPHOFFBB86CC,同榮段,32.79,都市：其他
RPPNMLSJPHOFFDB68CC,南村段,7.96,都市：住
RPXRMLSJPHOFFBB07CC,賴厝段,3.19,都市：商
RPXRMLSJPHOFFBB07CC,邱厝子段,2.56,都市：商
RPTRMLTJPHOFFBB76CC,賴厝段,.14,都市：商
RPTRMLTJPHOFFBB76CC,邱厝子段,.11,都市：商
RPPSMLSJPHOFFBB98CC,賴厝段,3.33,都市：商
RPPSMLSJPHOFFBB98CC,邱厝子段,2.68,都市：商
RPWRMLTJPHOFFBB07CC,賴厝段,.14,都市：商
RPWRMLTJPHOFFBB07CC,邱厝子段,.11,都市：商
RPSRMLTJPHOFFBB66CC,賴厝段,.21,都市：商
RPSRMLTJPHOFFBB66CC,邱厝子段,.17,都市：商
RPUPMLTJPHOFFBB66CC,軍福段,.00,都市：商
RPXRMLTJPHOFFBB17CC,賴厝段,.14,都市：商
RPXRMLTJPHOFFBB17CC,邱厝子段,.11,都市：商
RPPRMLSJPHOFFBB88CC,中清段,8.50,都市：商
RPRRMLSJPHOFFBB09CC,中清段,8.56,都市：商
RPVRMLSJPHOFFBB86CC,賴厝段,3.23,都市：商
RPVRMLSJPHOFFBB86CC,邱厝子段,2.59,都市：商
RPWNMLTJPHOFFAB56CC,後子段,.00,都市：商
RPQNMLTJPHOFFHB66CC,家興段,.00,都市：住
RPRSMLTJPHOFFBB66CC,賴厝段,.29,都市：商
RPRSMLTJPHOFFBB66CC,邱厝子段,.23,都市：商
RPQRMLTJPHOFFBB09CC,仁和段,26.33,都市：其他
RPQSMLTJPHOFFBB56CC,賴厝段,3.38,都市：商
RPQSMLTJPHOFFBB56CC,邱厝子段,2.71,都市：商
RPPSMLTJPHOFFBB09CC,賴厝段,3.45,都市：商
RPPSMLTJPHOFFBB09CC,邱厝子段,2.77,都市：商
RPOSMLTJPHOFFBB98CC,賴厝段,3.19,都市：商
RPOSMLTJPHOFFBB98CC,邱厝子段,2.56,都市：商
RPXNMLTJPHOFFIB47CC,新甲段,.00,都市：住
RPSSMLTJPHOFFBB76CC,賴厝段,.21,都市：商
RPSSMLTJPHOFFBB76CC,邱厝子段,.17,都市：商
RPVNMLKKPHOFFBB38CC,東新段,4.41,都市：住
RPPNMLKKPHOFFAB67CC,萬安段九小段,.00,都市：住
RPPNMLKKPHOFFAB67CC,萬安段九小段,.00,都市：住
RPPNMLKKPHOFFAB67CC,頂橋子頭段,.00,都市：住
RPPNMLKKPHOFFAB67CC,信義段九小段,.00,都市：住
RPXPMLKKPHOFFBB78CC,水源段,1545.32,都市：商
RPXPMLKKPHOFFBB78CC,水源段,1545.32,都市：商
RPXPMLKKPHOFFBB78CC,水源段,1545.32,都市：商
RPXPMLKKPHOFFBB78CC,水源段,1545.32,都市：商
RPXPMLKKPHOFFBB78CC,水源段,1545.32,都市：商
RPSOMLTJPHOFFAB88CC,下橋子頭段,1.82,都市：商
RPQPMLTJPHOFFAB78CC,樹子腳段,.00,都市：其他
RPOOMLKKPHOFFDB97CC,南村段,2.75,都市：商
RPOOMLKKPHOFFDB97CC,南村段,.33,都市：住
RPPQMLKKPHOFFBB08CC,東信段,.00,都市：住
RPTQMLLKPHOFFCB68CC,惠國段,16.04,都市：其他
RPQOMLLKPHOFFCB18CC,何安段,4.83,都市：住
RPOOMLKKPHOFFBB77CC,平田段,32.00,都市：住
RPOOMLKKPHOFFBB77CC,平田段,77.00,都市：住
RPTRMLLKPHOFFBB68CC,水湳段,62.96,都市：住
RPTRMLLKPHOFFBB68CC,水湳段,17.02,都市：住
RPVOMLLKPHOFFIB66CC,仁德段,30.03,都市：住
RPUOMLLKPHOFFBB48CC,北屯段,32.00,都市：住
RPUOMLLKPHOFFBB48CC,北屯段,26.00,都市：住
RPOOMLLKPHOFFJB68CC,番子路段,.00,都市：住
RPOOMLLKPHOFFBB87CC,同榮段,101.00,都市：商
RPWNMLMKPHOFFBB68CC,太順段,22.15,都市：住
RPUOMLTJPHOFFAB09CC,下橋子頭段,8.46,都市：商
RPSPMLLKPHOFFBB38CC,東義段,65.00,都市：住
RPROMLMKPHOFFAB18CC,後子段,2.28,都市：住
RPUOMLMKPHOFFBB58CC,仁和段,2.33,都市：住
RPTOMLMKPHOFFBB48CC,乾溝子段,3.95,都市：住
RPQSMLMKPHOFFBB58CC,平田段,14.72,都市：住
RPQSMLMKPHOFFBB58CC,平田段,2.71,都市：住
RPOPMLMKPHOFFAB97CC,平民段八小段,807.00,都市：住
RPROMLMKPHOFFCB38CC,福安段,2219.00,都市：住
RPTNMLMKPHOFFAB28CC,正義段九小段,1.09,都市：商
RPSNMLLKPHOFFJB98CC,長億段,6.87,都市：住
RPSNMLLKPHOFFJB98CC,長億段,86.46,都市：住
RPSOMLMKPHOFFCB48CC,中正段,6.04,都市：商
RPOOMLMKPHOFFJB78CC,樹德段,323.00,都市：住
RPSNMLMKPHOFFAB18CC,後子段,4.04,都市：商
RPSNMLMKPHOFFAB18CC,後子段,.75,都市：商
RPOOMLMKPHOFFDB18CC,大洲段,15.48,都市：住
RPRSMLMKPHOFFBB68CC,平田段,13.91,都市：住
RPVNMLMKPHOFFFB98CC,市鎮北段,10.68,都市：商
RPQOMLMKPHOFFCB28CC,福安段,2219.00,都市：住
RPVNMLKKPHOFFCB48CC,西屯段,.00,非都市： ; 非都市編定：
RPVNMLKKPHOFFCB48CC,上石碑段,.00,非都市： ; 非都市編定：
RPQNMLMKPHOFFHB68CC,興華段,33.94,都市：住
RPSNMLMKPHOFFIB98CC,湖日段,70.03,都市：住
RPXNMLMKPHOFFIB86CC,北新段,42.19,都市：住
RPPOMLPKPHOFFCB48CC,下石碑段,.00,都市：住
RPPQMLPKPHOFFCB68CC,惠民段,13.28,都市：其他
RPUPMLPKPHOFFCB09CC,惠民段,12.64,都市：其他
RPVPMLPKPHOFFCB56CC,協和段,2200.00,都市：工
RPORMLPKPHOFFCB68CC,田心段,98.00,都市：住
RPPPMLPKPHOFFCB58CC,惠民段,11.59,都市：其他
RPOPMLPKPHOFFCB48CC,惠民段,11.59,都市：其他
RPROMLPKPHOFFAB48CC,後子段,35.94,都市：住
RPXVMLPKPHOFFBB27CC,東義段,.00,都市：住
RPTWMLPKPHOFFBB96CC,軍和段,.00,都市：商
RPTNMLPKPHOFFHB66CC,四德段,23.50,都市：住
RPTNMLQKPHOFFAB68CC,下橋子頭段,1.72,都市：商
RPOQMLQKPHOFFAB48CC,下橋子頭段,1.72,都市：商
RPWNMLQKPHOFFAB98CC,下橋子頭段,5.96,都市：商
RPTOMLQKPHOFFBB88CC,軍和段,18.00,都市：商
RPRTMLPKPHOFFBB09CC,乾溝子段,46.24,都市：住
RPTOMLQKPHOFFCB98CC,寶文段,.00,非都市： ; 非都市編定：
RPRPMLQKPHOFFCB88CC,寶文段,.00,非都市： ; 非都市編定：
RPPPMLQKPHOFFCB68CC,寶文段,.00,非都市： ; 非都市編定：
RPWOMLQKPHOFFCB66CC,寶文段,.00,非都市： ; 非都市編定：
RPQOMLQKPHOFFCB68CC,寶文段,.00,非都市： ; 非都市編定：
RPPOMLQKPHOFFCB58CC,寶文段,.00,非都市： ; 非都市編定：
RPOPMLQKPHOFFCB58CC,寶文段,10.32,都市：住
RPSOMLQKPHOFFCB88CC,寶文段,.00,非都市： ; 非都市編定：
RPUNMLQKPHOFFCB98CC,豐功段,36.02,都市：住
RPSQMLQKPHOFFCB09CC,寶文段,.00,非都市： ; 非都市編定：
RPWNMLQKPHOFFCB56CC,寶山段,79.34,都市：住
RPUQMLQKPHOFFCB66CC,寶文段,.00,非都市： ; 非都市編定：
RPTQMLQKPHOFFCB56CC,寶文段,.00,非都市： ; 非都市編定：
RPQRMLQKPHOFFCB98CC,寶文段,.00,非都市： ; 非都市編定：
RPSRMLQKPHOFFCB56CC,寶文段,.00,非都市： ; 非都市編定：
RPRRMLQKPHOFFCB09CC,寶文段,.00,非都市： ; 非都市編定：
RPVRMLQKPHOFFCB86CC,寶文段,.00,非都市： ; 非都市編定：
RPWRMLQKPHOFFCB96CC,寶文段,.00,非都市： ; 非都市編定：
RPORMLQKPHOFFCB78CC,寶文段,.00,非都市： ; 非都市編定：
RPTRMLQKPHOFFCB66CC,寶文段,.00,非都市： ; 非都市編定：
RPXRMLQKPHOFFCB07CC,寶文段,.00,非都市： ; 非都市編定：
RPOSMLQKPHOFFCB88CC,寶文段,.00,非都市： ; 非都市編定：
RPSNMLRKPHOFFAB68CC,樹子腳段,.00,都市：住
RPOQMLRKPHOFFAB58CC,麻園頭段,5.45,都市：住
RPVOMLRKPHOFFAB09CC,萬安段七小段,.00,都市：住
RPUPMLRKPHOFFBB56CC,東正段,125.00,都市：住
RPUOMLRKPHOFFCB56CC,惠安段,.00,都市：商
RPRPMLRKPHOFFCB98CC,中正段,5.99,都市：商
RPXPMLRKPHOFFCB96CC,惠國段,128.96,都市：其他
RPVNMLRKPHOFFCB56CC,國安段,26.24,都市：住
RPTRMLRKPHOFFCB76CC,大新段,12.85,都市：住
RPQPMLRKPHOFFCB88CC,中正段,5.51,都市：商
RPSPMLRKPHOFFBB98CC,邱厝子段,66.00,都市：住
RPTPMLRKPHOFFBB09CC,邱厝子段,66.00,都市：住
RPVPMLRKPHOFFBB66CC,賴厝段,3221.00,都市：商
RPTNMLRKPHOFFDB09CC,豐原段,73.00,都市：住
RPWNMLRKPHOFFDB76CC,國豐段,996.00,都市：工
RPWNMLRKPHOFFJB37CC,東興段,86.02,都市：住
RPOQMLSKPHOFFBB78CC,邱厝子段,135.00,都市：住
RPWQMLRKPHOFFBB86CC,東信段,16.58,都市：住
RPXQMLRKPHOFFBB96CC,中清段,7.75,都市：商
RPUNMLSKPHOFFCB56CC,下石碑段,.00,都市：住
RPOOMLSKPHOFFCB68CC,西屯段,.00,非都市： ; 非都市編定：
RPTRMLSKPHOFFCB86CC,惠順段,300.02,都市：住
RPURMLSKPHOFFCB96CC,惠仁段,1139.26,都市：住
RPUOMLSKPHOFFCB66CC,豐富段,.00,都市：住
RPXRMLSKPHOFFCB27CC,中義段,.00,都市：住
RPOTMLTKPHOFFBB56CC,東峰段,.00,非都市： ; 非都市編定：
RPXPMLTKPHOFFCB17CC,寶文段,.00,非都市： ; 非都市編定：
RPPRMLTKPHOFFCB56CC,上石碑段,.00,非都市： ; 非都市編定：
RPTRMLTKPHOFFCB96CC,安和段,2101.42,都市：工
RPXQMLTKPHOFFCB27CC,寶文段,.00,非都市： ; 非都市編定：
RPWQMLTKPHOFFCB17CC,寶文段,.00,非都市： ; 非都市編定：
RPWPMLTKPHOFFCB07CC,上石碑段,.00,非都市： ; 非都市編定：
RPSQMLTKPHOFFCB76CC,寶文段,.00,非都市： ; 非都市編定：
RPUQMLTKPHOFFCB96CC,寶文段,.00,非都市： ; 非都市編定：
RPOPMLTKPHOFFCB88CC,上石碑段,23.87,都市：住
RPOPMLTKPHOFFCB88CC,上石碑段,.02,都市：住
RPWOMLTKPHOFFAB76CC,麻園頭段,110.00,都市：商
RPRUMLTKPHOFFBB96CC,水源段,.00,都市：住
RPRUMLTKPHOFFBB96CC,水源段,.00,都市：住
RPXPMLTKPHOFFAB96CC,樹子腳段,.00,都市：住
RPTOMLTKPHOFFIB27CC,新榮和段,2.90,都市：住
RPRNMLKLPHOFFBB08CC,文正段,.00,非都市： ; 非都市編定：
RPSTMLTKPHOFFBB96CC,文正段,.00,非都市： ; 非都市編定：
RPRNMLTKPHOFFKB17CC,文昌段,1055.00,都市：工
RPXRMLKLPHOFFBB09CC,東光段,6.03,都市：住
RPVNMLKLPHOFFCB58CC,惠來厝段,14.83,都市：住
RPPQMLTKPHOFFAB88CC,麻園頭段,.00,都市：住
RPQNMLKLPHOFFAB87CC,旱平段,.00,都市：商
RPRNMLKLPHOFFAB97CC,旱平段,.00,都市：商
RPOPMLMLPHOFFCB28CC,大新段,28.22,都市：商
RPUPMLMLPHOFFCB88CC,惠民段,15.58,都市：其他
RPPQMLMLPHOFFCB48CC,何厝段,6.18,都市：商
RPTPMLMLPHOFFCB78CC,中正段,25.66,都市：商
RPPOMLMLPHOFFCB28CC,田心段,30.06,都市：商
RPTRMLMLPHOFFCB98CC,中和段,8.21,都市：住
RPRNMLMLPHOFFCB38CC,中義段,.00,都市：住
RPSNMLMLPHOFFCB48CC,中正段,.00,都市：住
RPUOMLMLPHOFFCB78CC,惠民段,12.30,都市：其他
RPSRMLMLPHOFFCB88CC,中正段,7.20,都市：商
RPRSMLMLPHOFFCB88CC,上石碑段,3.48,都市：商
RPRSMLMLPHOFFCB88CC,上石碑段,3.11,都市：商
RPTSMLMLPHOFFCB09CC,中正段,9.49,都市：商
RPWSMLMLPHOFFCB76CC,中正段,7.84,都市：商
RPUSMLMLPHOFFCB56CC,中正段,10.18,都市：商
RPVSMLMLPHOFFCB66CC,中正段,8.21,都市：商
RPRQMLMLPHOFFBB58CC,賴厝段,.29,都市：商
RPRQMLMLPHOFFBB58CC,邱厝子段,.23,都市：商
RPSQMLMLPHOFFBB68CC,賴厝段,3.16,都市：商
RPSQMLMLPHOFFBB68CC,邱厝子段,2.54,都市：商
RPWNMLMLPHOFFBB78CC,錦村段,.00,非都市： ; 非都市編定：
RPWPMLMLPHOFFBB98CC,賴厝段,3.47,都市：商
RPWPMLMLPHOFFBB98CC,邱厝子段,2.79,都市：商
RPPQMLMLPHOFFBB38CC,賴厝段,4.67,都市：商
RPPQMLMLPHOFFBB38CC,邱厝子段,3.75,都市：商
RPXNMLMLPHOFFBB88CC,錦村段,.00,非都市： ; 非都市編定：
RPPOMLMLPHOFFBB18CC,太順段,.00,非都市： ; 非都市編定：
RPQQMLMLPHOFFBB48CC,賴厝段,2.65,都市：商
RPQQMLMLPHOFFBB48CC,邱厝子段,3.31,都市：商
RPVQMLMLPHOFFBB98CC,東峰段,11.13,都市：商
RPROMLMLPHOFFAB28CC,麻園頭段,38.73,都市：住
RPTQMLMLPHOFFAB68CC,公館段,2.79,都市：住
RPTQMLMLPHOFFAB68CC,公館段,2.41,都市：住
RPUNMLMLPHOFFAB48CC,樹子腳段,.00,非都市： ; 非都市編定：
RPVOMLMLPHOFFAB68CC,後子段,43.59,都市：住
RPRNMLMLPHOFFKB56CC,東園段,.00,非都市：鄉村區 ; 非都市編定：乙種建築用地
RPWQMLMLPHOFFBB09CC,東峰段,11.13,都市：商
RPTOMLMLPHOFFAB48CC,公館段,7.20,都市：商
RPTOMLMLPHOFFAB48CC,公館段,7.77,都市：商
RPUOMLMLPHOFFAB58CC,後子段,216.00,都市：住
RPUOMLMLPHOFFAB58CC,後子段,160.00,都市：住
RPUNMLMLPHOFFBB58CC,文正段,.00,非都市： ; 非都市編定：
RPWNMLNLPHOFFAB78CC,後子段,39.01,都市：住
RPQOMLNLPHOFFBB38CC,水源段,.00,都市：住
RPQOMLNLPHOFFBB38CC,水源段,.00,都市：住
RPWNMLMLPHOFFJB96CC,孝平段,68.00,都市：住
RPUNMLNLPHOFFHB66CC,中山段,23.93,都市：住
RPPNMLNLPHOFFCB28CC,惠民段,.00,都市：其他
RPXPMLNLPHOFFAB09CC,下橋子頭段,1.81,都市：商
RPVNMLNLPHOFFHB76CC,上楓段,52.44,都市：住
RPUQMLNLPHOFFIB07CC,大仁段,.00,都市：住
RPOOMLNLPHOFFCB28CC,惠民段,19.54,都市：其他
RPQOMLNLPHOFFCB48CC,惠民段,11.59,都市：其他
RPXNMLNLPHOFFCB09CC,惠國段,7.02,都市：其他
RPTPMLNLPHOFFCB88CC,黎明段,.00,都市：住
RPPOMLNLPHOFFDB58DC,翁明段,11.03,都市：商
RPSNMLOLPHOFFBB58CC,陳平段,22.76,都市：住
RPVNMLOLPHOFFIB96CC,健民段,.00,非都市：鄉村區 ; 非都市編定：乙種建築用地
RPSPMLOLPHOFFCB88CC,上石碑段,6.63,都市：住
RPXNMLOLPHOFFCB56CC,寶文段,.00,都市：住
RPWNMLOLPHOFFCB09CC,寶文段,.00,都市：住
RPPOMLOLPHOFFCB48CC,寶文段,.00,都市：住
RPPOMLOLPHOFFCB48CC,寶文段,.00,都市：住
RPUNMLOLPHOFFCB88CC,寶文段,.00,都市：住
RPQPMLOLPHOFFCB68CC,惠信段,3.67,都市：住
RPQOMLOLPHOFFCB58CC,寶文段,.00,都市：住
RPQOMLOLPHOFFCB58CC,寶文段,.00,都市：住
RPOOMLOLPHOFFCB38CC,寶文段,.00,都市：住
RPPNMLOLPHOFFBB28CC,水湳段,.00,都市：商
RPPNMLOLPHOFFBB28CC,水湳段,.00,都市：商
RPOSMLQLPHOFFBB88CC,東信段,20.28,都市：住
RPPPMLPLPHOFFCB68CC,廣昌段,.00,都市：住
RPPPMLPLPHOFFCB68CC,廣昌段,.00,都市：住
RPPPMLPLPHOFFCB68CC,廣昌段,.00,都市：其他
RPPSMLQLPHOFFBB98CC,賴厝段,3.96,都市：住
RPSUMLPLPHOFFCB86CC,上石碑段,.00,都市：商
RPSUMLPLPHOFFCB86CC,上石碑段,.00,都市：商
RPVRMLPLPHOFFCB86CC,大進段,.00,都市：住
RPWNMLQLPHOFFIB27CC,新榮和段,2.90,都市：住
RPQNMLQLPHOFFBB68DC,陳平段,10.17,都市：住
RPQNMLQLPHOFFBB68DC,仁德段,4.64,都市：住
RPSQMLRLPHOFFBB56CC,賴厝段,.00,都市：商
RPSQMLRLPHOFFBB56CC,賴厝段,.00,都市：住
RPVNMLSLPHOFFCB76CC,寶文段,.00,非都市： ; 非都市編定：
RPXNMLQLPHOFFIB37CC,新榮和段,2.90,都市：住
RPTOMLQLPHOFFAB88CC,麻園頭段,15.27,都市：住
RPXPMLQLPHOFFAB76CC,東勢子段,11.80,都市：住
RPXPMLQLPHOFFAB76CC,東勢子段,6.80,都市：住
RPWPMLQLPHOFFAB66CC,東勢子段,11.80,都市：住
RPWPMLQLPHOFFAB66CC,東勢子段,6.80,都市：住
RPRNMLSLPHOFFAB78CC,旱溪段,.00,都市：住
RPUOMLQLPHOFFAB98CC,麻園頭段,7.01,都市：住
RPQOMLTLPHOFFAB88CC,頂橋子頭段,8.76,都市：住
RPROMLTLPHOFFAB98CC,頂橋子頭段,10.88,都市：住
RPSOMLRLPHOFFBB98CC,平田段,36.26,都市：住
RPWPMLTLPHOFFBB07CC,中清段,8.50,都市：商
RPUOMLTLPHOFFBB76CC,東義段,11.60,都市：住
RPXPMLTLPHOFFBB17CC,景東段,15.11,都市：住
RPVPMLTLPHOFFBB96CC,中清段,8.50,都市：商
RPXQMLTLPHOFFBB27CC,東峰段,11.80,都市：商
RPTPMLTLPHOFFBB76CC,長安段,99.00,都市：住
RPTPMLTLPHOFFBB76CC,長安段,6.53,都市：住
RPTPMLTLPHOFFBB76CC,長安段,17.34,都市：住
RPWRMLTLPHOFFBB27CC,東義段,7.33,都市：住
RPPNMLTLPHOFFJB96CC,樹孝段,.00,都市：住
RPQNMLTLPHOFFHB86CC,甘潭段,7.45,都市：住
RPROMLTLPHOFFCB56CC,寶文段,.00,都市：住
RPROMLTLPHOFFCB56CC,寶文段,.00,都市：住
RPTPMLTLPHOFFCB86CC,西屯段,5.18,都市：住
RPRNMLTLPHOFFHB96CC,家興段,7.66,都市：住
RPWOMLTLPHOFFCB07CC,寶文段,.00,都市：住
RPWOMLTLPHOFFCB07CC,寶文段,.00,都市：住
RPPOMLTLPHOFFIB96CC,內新段,.00,都市：住
RPPRMLTLPHOFFCB66CC,大進段,25.37,都市：商
RPTRMLTLPHOFFCB07CC,西屯段,44.00,都市：商
RPTRMLTLPHOFFCB07CC,西屯段,46.00,都市：商
RPTRMLTLPHOFFCB07CC,西屯段,25.00,都市：商
RPOSMLTLPHOFFCB66CC,中正段,5.27,都市：商
RPOQMLTLPHOFFCB09CC,大進段,7.46,都市：住
RPQSMLTLPHOFFCB86CC,中正段,6.28,都市：商
RPTPMLKMPHOFFBB58CC,北屯段,14.66,都市：其他
RPUPMLKMPHOFFBB68CC,同榮段,77.00,都市：住
RPXSMLKMPHOFFAB56CC,下橋子頭段,1.76,都市：商
RPTPMLKMPHOFFAB48CC,萬安段九小段,8.57,都市：住
RPUQMLKMPHOFFBB78CC,賴厝段,.00,非都市： ; 非都市編定：
RPSOMLKMPHOFFAB28CC,後子段,4.04,都市：商
RPSOMLKMPHOFFAB28CC,後子段,.75,都市：商
RPTOMLKMPHOFFCB58CC,大墩段,.00,都市：住
RPONNLKMPHOFFAB87CC,中墩段七小段,1.70,都市：商
RPONNLKMPHOFFAB87CC,柳川段七小段,6.80,都市：商
RPONNLKMPHOFFAB87CC,柳川段七小段,.51,都市：商
RPQTMLKMPHOFFAB58CC,下橋子頭段,1.87,都市：商
RPVUMLKMPHOFFAB56CC,下橋子頭段,1.76,都市：商
RPTQMLKMPHOFFBB68CC,賴厝段,.00,非都市： ; 非都市編定：
RPSQMLKMPHOFFBB58CC,賴厝段,.00,非都市： ; 非都市編定：
RPWNNLKMPHOFFAB68CC,麻園頭段,166.00,都市：住
RPXPMLKMPHOFFCB09CC,大進段,10.23,都市：住
RPTPMLKMPHOFFIB66CC,新仁段,17.94,都市：住
RPTPMLKMPHOFFIB66CC,新仁段,1.00,都市：住
RPWPMLKMPHOFFCB98CC,中和段,13.35,都市：住
RPPPMLLMPHOFFBB28CC,東義段,.00,非都市： ; 非都市編定：
RPPQMLKMPHOFFCB38CC,上石碑段,5.33,都市：其他
RPQPMLLMPHOFFBB38CC,賴厝段,.00,非都市： ; 非都市編定：
RPQOMLLMPHOFFBB28CC,平田段,6.65,都市：住
RPVOMLKMPHOFFCB78CC,南屯段,12.68,都市：住
RPTOMLLMPHOFFBB58CC,平田段,8.71,都市：住
RPTOMLLMPHOFFBB58CC,平田段,1.60,都市：住
RPOQMLLMPHOFFIB98CC,育德段,96.72,非都市：山坡地保育區 ; 非都市編定：特定目的事業用地
RPOQMLLMPHOFFIB98CC,育德段,262.20,非都市：山坡地保育區 ; 非都市編定：丙種建築用地
RPRRMLLMPHOFFCB78CC,豐功段,1038.79,都市：住
RPXPMLLMPHOFFBB09CC,東山段,21.14,都市：住
RPRPMLLMPHOFFBB48CC,中清段,33.15,都市：住
RPUPMLLMPHOFFBB78CC,錦村段,.00,非都市： ; 非都市編定：
RPQQMLLMPHOFFBB48CC,平田段,19.33,都市：住
RPOQMLLMPHOFFFB68CC,梧棲段,5.35,都市：住
RPOOMLLMPHOFFDB28CC,墩南段,.00,非都市： ; 非都市編定：
RPPNMLLMPHOFFAB97CC,下橋子頭段,1.65,都市：商
RPXOMLLMPHOFFAB88CC,下橋子頭段,.00,都市：住
RPXOMLLMPHOFFAB88CC,下橋子頭段,.00,都市：住
RPOOMLLMPHOFFAB97CC,大益段,.00,非都市： ; 非都市編定：
RPROMLLMPHOFFAB28CC,旱溪段,.00,非都市： ; 非都市編定：
RPRTMLLJQHOFFBB68CC,邱厝子段,543.00,都市：住
RPQTMLLJQHOFFBB58CC,東峰段,10.79,都市：商
RPXPMLLJQHOFFAB78CC,下橋子頭段,.00,都市：住
RPUNMLLJQHOFFCB48CC,福安段,16.86,都市：住
RPWPMLLJQHOFFCB88CC,安和段,2467.13,都市：工
RPQNMLLMPHOFFKB09CC,東園段,.00,非都市：鄉村區 ; 非都市編定：乙種建築用地
RPSNMLLJQHOFFJB98CC,新光段,25.92,都市：住
RPXNMLMJQHOFFAB68CC,旱溪段,62.00,都市：住
RPXNMLMJQHOFFAB68CC,旱溪段,5.00,都市：住
RPRUNLMJQHOFFBB98CC,東峰段,10.29,都市：商
RPRPMLLJQHOFFCB38CC,田心段,50.49,都市：住
RPQNMLLJQHOFFJB78CC,新光段,19.17,都市：住
RPRNMLLJQHOFFJB88CC,新光段,19.17,都市：住
RPPUNLMJQHOFFBB78CC,中清段,8.56,都市：商
RPTNMLLJQHOFFJB09CC,新光段,19.77,都市：住
RPRPMLMJQHOFFAB28CC,樹子腳段,1.94,都市：住
RPVUNLMJQHOFFBB76CC,賴厝段,.21,都市：商
RPVUNLMJQHOFFBB76CC,邱厝子段,.17,都市：商
RPWUNLMJQHOFFBB86CC,賴厝段,3.18,都市：商
RPWUNLMJQHOFFBB86CC,邱厝子段,2.55,都市：商
RPPNMLNJQHOFFBB08CC,太原段,13.00,都市：住
RPTUNLMJQHOFFBB56CC,賴厝段,4.82,都市：商
RPTUNLMJQHOFFBB56CC,邱厝子段,3.87,都市：商
RPPPMLPJQHOFFAB38CC,土庫段,14.21,都市：住
RPQQMLLMPHOFFFB88CC,市鎮北段,21.84,都市：商
RPRQMLLMPHOFFFB98CC,市鎮北段,22.09,都市：商
RPSQMLLMPHOFFFB09CC,市鎮北段,15.00,都市：商
RPRQMLMJQHOFFCB58CC,中正段,7.20,都市：商
RPWNMLPJQHOFFCB09CC,民安段,.00,都市：住
RPQOMLPJQHOFFCB58CC,黎明段,78.00,都市：住
RPUPMLPJQHOFFCB09CC,國安段,7.65,都市：住
RPTOMLQJQHOFFAB78CC,旱新段,219.51,都市：商
RPUQMLPJQHOFFCB56CC,中義段,.00,都市：住
RPUQMLPJQHOFFCB56CC,中義段,.00,都市：住
RPPPMLQJQHOFFBB58CC,乾溝子段,16.42,都市：住
RPROMLQJQHOFFAB58CC,後子段,7.68,都市：住
RPOOMLQJQHOFFAB28CC,麻園頭段,23.40,都市：住
RPPOMLPJQHOFFCB48CC,惠順段,60.05,都市：住
RPPOMLPJQHOFFCB48CC,惠順段,28.85,都市：住
RPTOMLPJQHOFFHB76CC,自強段,381.00,非都市：特定農業區 ; 非都市編定：農牧用地
RPRPMLPJQHOFFAB58CC,下橋子頭段,1.83,都市：商
RPQNMLQJQHOFFAB38CC,下橋子頭段,1.85,都市：商
RPSNMLQJQHOFFFB09CC,光華段,77.28,都市：住
RPURMLQJQHOFFCB76CC,寶文段,10.32,都市：住
RPSPMLQJQHOFFCB98CC,大墩段,21.43,都市：住
RPTNMLQJQHOFFCB88CC,惠民段,12.51,都市：其他
RPWNMLQJQHOFFCB56CC,惠民段,16.93,都市：其他
RPUNMLQJQHOFFCB98CC,惠民段,17.95,都市：其他
RPRRMLQJQHOFFCB09CC,新富段,670.96,都市：住
RPRRMLQJQHOFFCB09CC,新富段,106.92,都市：住
RPQRMLQJQHOFFCB98CC,永富段,670.96,都市：住
RPWRMLQJQHOFFCB96CC,寶文段,10.27,都市：住
RPQRMLQJQHOFFCB98CC,永富段,106.92,都市：住
RPORMLQJQHOFFCB78CC,永富段,670.96,都市：住
RPORMLQJQHOFFCB78CC,永富段,106.92,都市：住
RPQNMLRJQHOFFJB86DC,宜欣段,17.08,都市：住
RPPNMLRJQHOFFJB76DC,宜欣段,6.49,都市：住
RPWPMLQJQHOFFCB86DC,福安段,33.10,都市：其他
RPWOMLRJQHOFFAB56CC,麻園頭段,20.80,都市：住
RPPNMLSJQHOFFAB48CC,麻園頭段,.00,都市：商
RPQQMLRJQHOFFBB88CC,賴厝段,82.00,都市：住
RPQQMLRJQHOFFBB88CC,賴厝段,82.00,都市：住
RPRTMLSJQHOFFBB76CC,水源段,34.97,都市：住
RPRTMLSJQHOFFBB76CC,水源段,.73,都市：住
RPPNMLSJQHOFFIB66CC,崇光段,53.18,都市：住
RPTNMLQJQHOFFFB56CC,中興段,67.00,都市：住
RPTNMLQJQHOFFFB56CC,中興段,11.00,都市：住
RPQOMLSJQHOFFBB78CC,昌平段,.00,都市：住
RPSOMLRJQHOFFIB96CC,立新段,22.70,非都市：鄉村區 ; 非都市編定：乙種建築用地
RPWNMLSJQHOFFCB76CC,田心段,20.87,都市：其他
RPOOMLSJQHOFFCB68CC,中和段,8.41,都市：住
RPWPMLSJQHOFFBB86CC,松昌段,57.00,都市：住
RPWPMLSJQHOFFBB86CC,松昌段,10.00,都市：住
RPPOMLSJQHOFFCB78CC,惠民段,10.68,都市：其他
RPVNMLSJQHOFFDB76CC,豐原段,102.00,都市：住
RPVOMLTJQHOFFCB86CC,豐富段,.00,都市：商
RPRNMLSJQHOFFAB78DC,頂橋子頭段,20.40,都市：住
RPRNMLSJQHOFFAB78DC,頂橋子頭段,2.04,都市：住
RPTNMLSJQHOFFDB56CC,陽明段,66.00,都市：住
RPQNMLSJQHOFFKB96CC,新東段,99.09,非都市：鄉村區 ; 非都市編定：乙種建築用地
RPRNMLTJQHOFFAB78CC,下橋子頭段,1.83,都市：商
RPVNMLTJQHOFFAB56CC,下橋子頭段,1.72,都市：商
RPQOMLTJQHOFFBB88CC,中興段,21.86,都市：住
