﻿編號,屋齡,建物移轉面積平方公尺,主要用途,主要建材,建築完成日期,總層數,建物分層
The serial number,room age,building shifting area square meter,the main use,main building materials,construction completes the date,total layer,building lamination
RPVNMLNKNHOFFAD58CC,26,176.55,商業用,鋼筋混凝土造,81年11月18日,七層,
RPVNMLNKNHOFFAD58CC,26,34.17,共有部分,鋼筋混凝土造,81年11月18日,七層,
RPVNMLOKNHOFFKD07CC,24,47.80,住家用,鋼筋混凝土構造,84年5月11日,十四層,
RPVNMLOKNHOFFKD07CC,24,9.72,共有部分,鋼筋混凝土構造,84年5月11日,十四層,
RPVNMLOKNHOFFKD07CC,24,10.73,共有部分,鋼筋混凝土構造,84年5月11日,十四層,
RPXNMLOKNHOFFKD27CC,27,52.62,住家用,鋼筋混凝土構造,81年3月9日,六層,
RPXNMLOKNHOFFKD27CC,27,15.54,共有部分,鋼筋混凝土構造,81年3月9日,六層,
RPPNMLPKNHOFFGD88DC,7,204.95,住家用,鋼筋混凝土構造,101年7月5日,三層,
RPSOMLOKNHOFFCD68CC,25,41.62,住家用,鋼筋混凝土構造,83年2月8日,八層,
RPSOMLOKNHOFFCD68CC,25,8.71,共有部分,鋼筋混凝土構造,83年2月8日,八層,
RPSOMLOKNHOFFCD68CC,25,10.12,共有部分,鋼筋混凝土構造,83年2月8日,八層,
RPSNMLOKNHOFFKD76CC,26,196.17,住商用,鋼筋混凝土構造,81年11月5日,五層,
RPUNMLNKNHOFFKD86CC,23,91.96,見其他登記事項,鋼筋混凝土構造,85年1月29日,十七層,
RPUNMLNKNHOFFKD86CC,23,10.98,共有部分,鋼筋混凝土構造,85年1月29日,十七層,
RPUNMLNKNHOFFKD86CC,23,6.42,共有部分,鋼筋混凝土構造,85年1月29日,十七層,
RPUNMLNKNHOFFKD86CC,23,2.30,見其他登記事項,鋼筋混凝土構造,85年1月29日,十七層,
RPUNMLNKNHOFFKD86CC,23,29.98,共有部分,鋼筋混凝土構造,85年1月29日,十七層,
RPUNMLPKNHOFFCD88CC,1,114.98,見其他登記事項,鋼筋混凝土構造,107年1月12日,五層,
RPVNMLPKNHOFFCD09DC,34,127.44,住家用,鋼筋混凝土構造,74年6月29日,二層,
RPTNMLQKNHOFFBD78CC,26,947.76,住商用,鐵造,82年10月16日,二層,
RPQOMLOKNHOFFBD38CC,28,213.07,住商用,鋼筋混凝土構造,80年5月13日,三層,
RPTOMLNKNHOFFBD58CC,8,59.78,住家用,鋼筋混凝土構造,100年10月25日,四層,
RPWNMLQKNHOFFCD56CC,15,46.34,住家用,見其他登記事項,93年7月12日,十四層,
RPWNMLQKNHOFFCD56CC,15,10.04,共有部分,見其他登記事項,93年7月12日,十四層,
RPWNMLQKNHOFFCD56CC,15,32.97,共有部分,見其他登記事項,93年7月12日,十四層,
RPUNMLQKNHOFFBD88CC,25,170.67,住家用,鋼筋混凝土構造,83年1月28日,三層,
RPUNMLQKNHOFFKD17CC,39,67.27,住家用,鋼筋混凝土構造,69年7月4日,四層,
RPUNMLQKNHOFFKD17CC,39,5.89,共有部分,鋼筋混凝土構造,69年7月4日,,
RPWNMLQKNHOFFKD37CC,24,50.61,住商用,鋼筋混凝土構造,84年2月20日,五層,
RPXNMLQKNHOFFKD47CC,24,65.13,住商用,鋼筋混凝土構造,84年2月20日,五層,
RPVNMLRKNHOFFKD37CC,20,124.95,住商用,鋼筋混凝土構造,88年5月19日,十四層,
RPVNMLRKNHOFFKD37CC,20,28.61,共有部分,鋼筋混凝土構造,88年5月19日,十四層,
RPQNMLQKNHOFFAD38CC,2,97.43,見其他登記事項,見其他登記事項,106年10月20日,一層,
RPQNMLQKNHOFFAD38CC,2,1.02,見其他登記事項,見其他登記事項,106年10月20日,一層,
RPOOMLQKNHOFFKD66CC,25,30.03,住家用,鋼筋混凝土構造,82年12月30日,九層,
RPOOMLQKNHOFFKD66CC,25,22.55,共有部分,鋼筋混凝土構造,82年12月30日,九層,
RPWNMLQKNHOFFAD98CC,1,85.83,見其他登記事項,見其他登記事項,107年9月21日,二十九層,
RPWNMLQKNHOFFAD98CC,1,62.11,見其他登記事項,見其他登記事項,107年9月21日,二十九層,
RPVOMLPKNHOFFAD88CC,16,109.85,見其他登記事項,鋼筋混凝土造,92年9月16日,十四層,
RPVOMLPKNHOFFAD88CC,16,38.30,見其他登記事項,鋼筋混凝土造,92年9月16日,十四層,
RPVOMLPKNHOFFAD88CC,16,20.83,見其他登記事項,鋼筋混凝土造,92年9月16日,十四層,
RPVOMLPKNHOFFAD88CC,16,.10,見其他登記事項,鋼筋混凝土造,92年9月16日,十三層,
RPVOMLPKNHOFFAD88CC,16,.33,見其他登記事項,鋼筋混凝土造,92年9月16日,十四層,
RPVOMLPKNHOFFAD88CC,16,.00,見其他登記事項,鋼筋混凝土造,92年9月16日,十三層,
RPVOMLPKNHOFFAD88CC,16,.01,見其他登記事項,鋼筋混凝土造,92年9月16日,十三層,
RPSPMLRKNHOFFCD09CC,36,86.12,見其他登記事項,鋼筋混凝土構造,71年11月29日,五層,
RPSPMLRKNHOFFCD09CC,36,6.30,共有部分,鋼筋混凝土構造,71年11月29日,五層,
RPXOMLRKNHOFFCD86CC,39,87.94,住家用,鋼筋混凝土構造,69年7月26日,五層,
RPXOMLRKNHOFFCD86CC,39,13.28,共有部分,鋼筋混凝土構造,69年7月26日,五層,
RPUOMLRKNHOFFCD56CC,11,31.31,住家用,鋼筋混凝土構造,97年2月29日,十四層,
RPUOMLRKNHOFFCD56CC,11,35.59,共有部分,鋼筋混凝土構造,97年2月29日,十四層,
RPUOMLRKNHOFFCD56CC,11,10.19,共有部分,鋼筋混凝土構造,97年2月29日,十四層,
RPPPMLRKNHOFFCD78CC,36,87.02,見其他登記事項,鋼筋混凝土構造,72年4月22日,五層,
RPPPMLRKNHOFFCD78CC,36,6.22,共有部分,鋼筋混凝土構造,72年4月22日,五層,
RPPOMLNLNHOFFCD38CC,36,87.02,見其他登記事項,鋼筋混凝土構造,72年8月3日,五層,
RPPOMLNLNHOFFCD38CC,36,6.23,共有部分,鋼筋混凝土構造,72年8月3日,五層,
RPXOMLNLNHOFFCD56CC,12,229.96,見其他登記事項,鋼筋混凝土構造,96年3月14日,四層,
RPUNMLNLNHOFFAD58CC,20,101.72,見其他登記事項,鋼筋混凝土造,88年7月30日,十層,
RPUNMLNLNHOFFAD58CC,20,13.78,共有部分,鋼筋混凝土造,88年7月30日,十層,
RPUNMLNLNHOFFAD58CC,20,15.32,共有部分,鋼筋混凝土造,88年7月30日,十層,
RPUNMLNLNHOFFAD58CC,20,7.90,共有部分,鋼筋混凝土造,88年7月30日,十層,
RPROMLNLNHOFFAD38CC,39,34.43,住商用,鋼筋混凝土造,69年9月3日,五層,
RPUNMLLLNHOFFHD09CC,23,205.83,住商用,鋼筋混凝土構造,85年3月15日,四層,
RPTNMLNLNHOFFHD56CC,1,175.01,見其他登記事項,鋼筋混凝土構造,107年8月14日,四層,
RPPOMLOLNHOFFHD98CC,6,19.22,見其他登記事項,鋼筋混凝土構造,101年12月5日,四層,
RPUNMLKLNHOFFDD58CC,41,81.76,住家用,加強磚造,67年6月21日,四層,
RPVNMLKLNHOFFDD68CC,29,164.25,住家用,鋼筋混凝土構造,79年4月16日,三層,
RPXNMLKLNHOFFDD88CC,27,79.75,住家用,鋼筋混凝土構造,81年10月15日,八層,
RPWNMLKLNHOFFDD78CC,28,55.06,住家用,鋼筋混凝土構造,80年10月22日,六層,
RPUNMLOLNHOFFBD78CC,31,237.26,住商用,鋼筋混凝土構造,77年10月13日,三層,
RPTNMLOLNHOFFBD68CC,25,16.52,住家用,鋼筋混凝土構造,83年3月11日,三層,
RPTNMLOLNHOFFAD68DC,5,93.12,見其他登記事項,見其他登記事項,102年11月25日,十四層,
RPTNMLOLNHOFFAD68DC,5,54.68,見其他登記事項,見其他登記事項,102年11月25日,十四層,
RPTNMLOLNHOFFAD68DC,5,21.20,見其他登記事項,見其他登記事項,102年11月25日,十四層,
RPSNMLOLNHOFFAD48CC,25,47.42,住家用,鋼筋混凝土造,83年2月7日,七層,
RPSNMLOLNHOFFAD48CC,25,17.46,共有部分,鋼筋混凝土造,83年2月7日,七層,
RPXNMLOLNHOFFAD98CC,37,21.67,共有部分,鋼筋混凝土造,71年11月20日,六層,
RPXNMLOLNHOFFAD98CC,37,111.27,住家用,鋼筋混凝土造,71年11月20日,六層,
RPXOMLOLNHOFFAD09CC,24,54.75,住家用,鋼筋混凝土造,84年7月29日,十七層,
RPXOMLOLNHOFFAD09CC,24,14.48,共有部分,鋼筋混凝土造,84年7月29日,十七層,
RPPPMLOLNHOFFAD38CC,25,131.12,住家用,鋼筋混凝土造,83年10月19日,十三層,
RPPPMLOLNHOFFAD38CC,25,17.69,共有部分,鋼筋混凝土造,83年10月19日,十三層,
RPPPMLOLNHOFFAD38CC,25,21.01,共有部分,鋼筋混凝土造,83年10月19日,十三層,
RPROMLOLNHOFFCD68CC,24,100.93,住家用,鋼筋混凝土構造,84年1月6日,二十五層,
RPROMLOLNHOFFCD68CC,24,26.11,共有部分,鋼筋混凝土構造,84年1月6日,二十五層,
RPRNMLOLNHOFFCD58CC,39,54.88,商業用,鋼筋混凝土構造,69年9月4日,七層,
RPRNMLOLNHOFFCD58CC,39,28.63,共有部分,鋼筋混凝土構造,69年9月4日,七層,
RPTOMLOLNHOFFCD88CC,19,70.74,見其他登記事項,鋼筋混凝土構造,89年1月15日,十三層,
RPTOMLOLNHOFFCD88CC,19,15.54,共有部分,鋼筋混凝土構造,89年1月15日,十三層,
RPQNMLPLNHOFFDD68CC,,94.61,見其他登記事項,鋼筋混凝土構造,,十層,
RPVNMLRLNHOFFAD09CC,28,80.20,住家用,鋼筋混凝土造,80年8月6日,三層,
RPRNMLRLNHOFFBD88DC,23,189.09,住家用,鋼筋混凝土構造,85年2月8日,四層,
RPVOMLNLNHOFFKD17CC,24,60.88,住家用,鋼筋混凝土造,84年6月22日,十一層,
RPVOMLNLNHOFFKD17CC,24,23.44,共有部分,鋼筋混凝土造,84年6月22日,十一層,
RPQPMLRLNHOFFCD98CC,29,101.71,住家用,鋼筋混凝土構造,79年9月22日,六層,
RPQPMLRLNHOFFCD98CC,29,26.67,共有部分,鋼筋混凝土構造,79年9月22日,六層,
RPOPMLNLNHOFFKD56CC,32,53.67,住家用,鋼筋混凝土造,76年9月8日,二層,
RPVPMLNLNHOFFKD27CC,26,25.40,住家用,鋼筋混凝土造,82年7月16日,七層,
RPQNMLOLNHOFFKD66CC,20,46.21,住家用,鋼筋混凝土造,88年5月19日,十四層,
RPQNMLOLNHOFFKD66CC,20,9.53,共有部分,鋼筋混凝土造,88年5月19日,十四層,
RPQNMLOLNHOFFKD66CC,20,3.18,共有部分,鋼筋混凝土造,88年5月19日,十四層,
RPUNMLOLNHOFFKD07CC,37,76.17,住家用,鋼筋混凝土造,70年12月11日,五層,
RPUNMLOLNHOFFKD07CC,37,5.12,共有部分,鋼筋混凝土造,70年12月11日,五層,
RPUNMLOLNHOFFKD07CC,37,8.74,共有部分,鋼筋混凝土造,70年12月11日,五層,
RPWNMLSLNHOFFHD37CC,37,23.15,住家用,加強磚造,70年12月30日,二層,
RPWPMLRLNHOFFCD96CC,25,78.36,住家用,鋼筋混凝土構造,83年9月9日,九層,
RPWPMLRLNHOFFCD96CC,25,11.57,共有部分,鋼筋混凝土構造,83年9月9日,九層,
RPWPMLRLNHOFFCD96CC,25,39.27,共有部分,鋼筋混凝土構造,83年9月9日,九層,
RPVOMLSLNHOFFCD86CC,20,86.83,住家用,鋼筋混凝土構造,87年12月18日,十四層,
RPVOMLSLNHOFFCD86CC,20,18.62,共有部分,鋼筋混凝土構造,87年12月18日,十四層,
RPVOMLSLNHOFFCD86CC,20,1.85,共有部分,鋼筋混凝土構造,87年12月18日,十四層,
RPVOMLSLNHOFFCD86CC,20,9.40,共有部分,鋼筋混凝土構造,87年12月18日,十四層,
RPXNMLSLNHOFFHD47CC,37,23.15,住家用,加強磚造,70年12月30日,二層,
RPOOMLSLNHOFFHD66CC,4,177.33,見其他登記事項,見其他登記事項,104年9月3日,一層,
RPOOMLTLNHOFFCD88CC,22,116.43,住家用,鋼筋混凝土構造,86年7月29日,八層,
RPOOMLTLNHOFFCD88CC,22,16.22,共有部分,鋼筋混凝土構造,86年7月29日,八層,
RPOOMLTLNHOFFCD88CC,22,25.67,共有部分,鋼筋混凝土構造,86年7月29日,八層,
RPSQMLSLNHOFFAD56CC,57,64.12,住家用,磚造,51年1月1日,二層,
RPOPMLSLNHOFFAD68CC,32,49.10,住家用,鋼筋混凝土造,76年5月6日,六層,
RPOPMLSLNHOFFAD68CC,32,26.03,共有部分,鋼筋混凝土造,76年5月6日,六層,
RPXNMLTLNHOFFBD96CC,12,184.29,見其他登記事項,鋼筋混凝土構造,96年4月3日,四層,
RPVNMLKMNHOFFCD68CC,38,158.50,住商用,鋼筋混凝土構造,70年1月5日,三層,
RPUNMLKMNHOFFCD58CC,36,201.08,住家用,加強磚造,71年12月24日,二層,
RPUNMLTLNHOFFKD57CC,25,20.19,住家用,鋼筋混凝土造,83年7月22日,七層,
RPUNMLTLNHOFFKD57CC,25,9.12,共有部分,鋼筋混凝土造,83年7月22日,七層,
RPOOMLKMNHOFFCD08CC,30,93.82,住家用,鋼筋混凝土構造,78年5月12日,五層,
RPOOMLKMNHOFFCD08CC,30,25.97,共有部分,鋼筋混凝土構造,78年5月12日,五層,
RPPQMLKMNHOFFCD38CC,19,66.64,見其他登記事項,鋼筋混凝土構造,89年1月15日,十三層,
RPPQMLKMNHOFFCD38CC,19,15.54,共有部分,鋼筋混凝土構造,89年1月15日,十三層,
RPUNMLKMNHOFFAD38CC,38,87.13,住家用,鋼筋混凝土造,70年10月27日,五層,
RPUNMLKMNHOFFAD38CC,38,30.12,住家用,鋼筋混凝土造,70年10月27日,五層,
RPRNMLKMNHOFFAD08CC,25,32.79,住家用,鋼筋混凝土造,82年11月25日,七層,
RPRNMLKMNHOFFAD08CC,25,13.06,共有部分,鋼筋混凝土造,82年11月25日,七層,
RPVNMLKMNHOFFID66CC,25,149.92,住家用,鋼筋混凝土構造,83年4月22日,三層,
RPSQMLTLNHOFFAD66CC,37,70.67,住家用,鋼筋混凝土造,70年12月24日,五層,
RPSQMLTLNHOFFAD66CC,37,10.25,共有部分,鋼筋混凝土造,70年12月24日,五層,
RPPQMLTLNHOFFAD98CC,16,97.02,見其他登記事項,鋼筋混凝土造,91年12月27日,十二層,
RPPQMLTLNHOFFAD98CC,16,47.38,共有部分,鋼筋混凝土造,91年12月27日,十二層,
RPUQMLTLNHOFFAD86CC,39,103.42,住家用,鋼筋混凝土造,68年12月19日,五層,
RPUQMLTLNHOFFAD86CC,39,15.78,共有部分,鋼筋混凝土造,68年12月19日,五層,
RPTQMLTLNHOFFAD76CC,84,140.01,商業用,磚造,24年1月1日,二層,
RPTNMLLMNHOFFAD38CC,33,143.01,住家用,鋼筋混凝土造,75年8月8日,五層,
RPTNMLLMNHOFFAD38CC,33,6.49,共有部分,鋼筋混凝土造,75年8月8日,五層,
RPQNMLLMNHOFFKD09CC,26,70.47,住家用,鋼筋混凝土造,82年4月28日,七層,
RPQNMLLMNHOFFKD09CC,26,33.05,共有部分,鋼筋混凝土造,82年4月28日,七層,
RPWNMLLMNHOFFKD07CC,1,84.67,住家用,見其他登記事項,107年2月2日,十六層,
RPWNMLLMNHOFFKD07CC,1,4.06,見其他登記事項,見其他登記事項,107年2月2日,十六層,
RPWNMLLMNHOFFKD07CC,1,52.13,見其他登記事項,見其他登記事項,107年2月2日,十六層,
RPWNMLLMNHOFFKD07CC,1,21.45,見其他登記事項,見其他登記事項,107年2月2日,十六層,
RPOQMLLMNHOFFCD38CC,30,345.61,住商用,鋼筋混凝土構造,78年3月8日,五層,
RPWOMLNJOHOFFAD78CC,39,127.55,住商用,鋼筋混凝土造,69年9月16日,四層,
RPXNMLNJOHOFFAD78CC,53,33.06,住家用,加強磚造,55年1月1日,三層,
RPRPMLOJOHOFFCD68CC,11,20.14,住家用,鋼筋混凝土構造,97年2月29日,十四層,
RPRPMLOJOHOFFCD68CC,11,5.03,共有部分,鋼筋混凝土構造,97年2月29日,十四層,
RPRPMLOJOHOFFCD68CC,11,6.58,共有部分,鋼筋混凝土構造,97年2月29日,十四層,
RPSNMLOJOHOFFCD58CC,27,109.09,住家用,鋼筋混凝土構造,81年10月7日,十三層,
RPSNMLOJOHOFFCD58CC,27,15.80,共有部分,鋼筋混凝土構造,81年10月7日,十五層,
RPSNMLOJOHOFFCD58CC,27,14.85,共有部分,鋼筋混凝土構造,81年10月7日,十五層,
RPSNMLOJOHOFFCD58CC,27,5.52,共有部分,鋼筋混凝土構造,81年10月7日,十五層,
RPSNMLOJOHOFFCD58CC,27,17.05,停車空間,鋼筋混凝土構造,81年10月7日,十五層,
RPWNMLLMNHOFFCD88CC,33,119.53,住商用,加強磚造,74年12月23日,二層,
RPVOMLLMNHOFFCD88CC,20,96.25,見其他登記事項,鋼筋混凝土構造,88年10月21日,十三層,
RPVOMLLMNHOFFCD88CC,20,15.94,共有部分,鋼筋混凝土構造,88年10月21日,十三層,
RPVOMLLMNHOFFCD88CC,20,33.92,共有部分,鋼筋混凝土構造,88年10月21日,十三層,
RPSNMLLMNHOFFCD48CC,41,20.17,住家用,鋼筋混凝土構造,66年12月23日,三層,
RPRNMLLMNHOFFCD38CC,11,21.70,住家用,鋼筋混凝土構造,97年2月29日,十四層,
RPRNMLLMNHOFFCD38CC,11,5.39,共有部分,鋼筋混凝土構造,97年2月29日,十四層,
RPRNMLLMNHOFFCD38CC,11,7.11,共有部分,鋼筋混凝土構造,97年2月29日,十四層,
RPSOMLLMNHOFFCD58CC,51,83.23,住家用,見其他登記事項,57年5月3日,二層,
RPVNMLLMNHOFFCD78CC,28,40.00,住家用,鋼筋混凝土構造,79年12月29日,六層,
RPSNMLPJOHOFFHD56CC,5,268.72,見其他登記事項,鋼筋混凝土構造,103年10月7日,四層,
RPXNMLPJOHOFFCD56CC,27,53.83,住家用,鋼筋混凝土構造,81年10月22日,七層,
RPXNMLPJOHOFFCD56CC,27,14.68,共有部分,鋼筋混凝土構造,81年10月22日,七層,
RPVOMLOJOHOFFID96CC,25,162.45,住家用,鋼筋混凝土構造,83年2月25日,七層,
RPVOMLOJOHOFFID96CC,25,48.69,共有部分,鋼筋混凝土構造,83年2月25日,七層,
RPPNMLRJOHOFFBD48CC,38,89.67,見其他登記事項,鋼筋混凝土構造,70年9月7日,四層,
RPPNMLRJOHOFFBD48CC,38,3.50,共有部分,鋼筋混凝土構造,70年9月7日,四層,
RPPNMLRJOHOFFBD48CC,38,8.08,共有部分,鋼筋混凝土構造,70年9月7日,四層,
RPOOMLQJOHOFFCD48CC,8,100.61,見其他登記事項,鋼筋混凝土構造,100年5月17日,五層,
RPPOMLQJOHOFFCD68DC,33,29.66,住商用,鋼筋混凝土構造,75年10月24日,五層,
RPQOMLQJOHOFFCD68CC,22,25.01,住家用,鋼筋混凝土構造,86年9月2日,十五層,
RPQOMLQJOHOFFCD68CC,22,6.75,共有部分,鋼筋混凝土構造,86年9月2日,十五層,
RPSOMLKKOHOFFGD88DC,26,191.23,住商用,鋼筋混凝土構造,82年6月18日,三層,
RPPNMLRJOHOFFAD38CC,13,87.38,見其他登記事項,見其他登記事項,95年8月22日,十四層,
RPPNMLRJOHOFFAD38CC,13,48.66,共有部分,見其他登記事項,95年8月22日,十四層,
RPPNMLRJOHOFFAD38CC,13,15.58,共有部分,見其他登記事項,95年8月22日,十四層,
RPTPMLOJOHOFFAD68CC,12,29.35,見其他登記事項,見其他登記事項,96年8月24日,十四層,
RPTPMLOJOHOFFAD68CC,12,3.95,共有部分,見其他登記事項,96年8月24日,十四層,
RPTPMLOJOHOFFAD68CC,12,7.52,共有部分,見其他登記事項,96年8月24日,十四層,
RPPPMLOJOHOFFAD28CC,35,171.33,住商用,鋼筋混凝土造,73年3月15日,六層,
RPPPMLOJOHOFFAD28CC,35,109.36,住家用,鋼筋混凝土造,73年3月15日,六層,
RPPPMLOJOHOFFAD28CC,35,14.47,共有部分,鋼筋混凝土造,73年3月15日,六層,
RPXOMLKKOHOFFAD68CC,15,218.19,見其他登記事項,見其他登記事項,93年6月4日,一層,
RPWOMLLKOHOFFCD88CC,23,30.61,住家用,鋼筋混凝土構造,85年2月3日,十六層,
RPWOMLLKOHOFFCD88CC,23,4.64,共有部分,鋼筋混凝土構造,85年2月3日,十六層,
RPWOMLLKOHOFFCD88CC,23,4.24,共有部分,鋼筋混凝土構造,85年2月3日,十六層,
RPXOMLLKOHOFFCD98CC,20,98.27,住家用,鋼筋混凝土構造,87年12月18日,十四層,
RPXOMLLKOHOFFCD98CC,20,19.83,共有部分,鋼筋混凝土構造,87年12月18日,十四層,
RPXOMLLKOHOFFCD98CC,20,2.11,共有部分,鋼筋混凝土構造,87年12月18日,十四層,
RPXOMLLKOHOFFCD98CC,20,10.68,共有部分,鋼筋混凝土構造,87年12月18日,十四層,
RPPOMLLKOHOFFKD98CC,39,78.92,住家用,加強磚造,69年6月1日,二層,
RPWOMLLKOHOFFKD07CC,38,39.67,住家用,加強磚造,70年5月25日,二層,
RPUOMLLKOHOFFKD86CC,7,206.59,住家用,見其他登記事項,101年7月24日,四層,
RPVOMLLKOHOFFKD96CC,27,85.75,住家用,鋼筋混凝土構造,81年7月23日,十七層,
RPVOMLLKOHOFFKD96CC,27,15.35,共有部分,鋼筋混凝土構造,81年7月23日,十七層,
RPVOMLLKOHOFFKD96CC,27,2.03,共有部分,鋼筋混凝土構造,81年7月23日,十九層,
RPVOMLLKOHOFFKD96CC,27,4.47,共有部分,鋼筋混凝土構造,81年7月23日,十九層,
RPUNMLRJOHOFFCD09CC,29,152.13,住家用,鋼筋混凝土構造,79年10月17日,六層,
RPPPMLLKOHOFFAD08CC,24,29.39,住家用,鋼筋混凝土造,84年7月4日,十八層,
RPPPMLLKOHOFFAD08CC,24,13.74,共有部分,鋼筋混凝土造,84年7月4日,十八層,
RPXOMLLKOHOFFKD17CC,35,238.99,住商用,鋼筋混凝土構造,73年11月6日,四層,
RPSPMLLKOHOFFAD38CC,40,79.90,住家用,加強磚造,67年12月30日,二層,
RPSNMLRJOHOFFCD88CC,47,96.23,住家用,加強磚造,61年5月10日,二層,
RPWNMLKKOHOFFCD68CC,30,123.78,住家用,鋼筋混凝土構造,78年3月28日,二層,
RPPOMLMKOHOFFCD28CC,36,84.71,住家用,鋼筋混凝土構造,72年11月18日,五層,
RPPOMLMKOHOFFCD28CC,36,10.45,共有部分,鋼筋混凝土構造,72年11月18日,七層,
RPROMLMKOHOFFCD48CC,20,57.20,住家用,鋼筋混凝土構造,87年12月18日,十四層,
RPROMLMKOHOFFCD48CC,20,15.43,共有部分,鋼筋混凝土構造,87年12月18日,十四層,
RPROMLMKOHOFFCD48CC,20,1.19,共有部分,鋼筋混凝土構造,87年12月18日,十四層,
RPROMLMKOHOFFCD48CC,20,6.03,共有部分,鋼筋混凝土構造,87年12月18日,十四層,
RPROMLMKOHOFFKD66CC,3,66.77,住家用,見其他登記事項,105年10月26日,二十三層,
RPROMLMKOHOFFKD66CC,3,67.35,見其他登記事項,見其他登記事項,105年10月26日,二十三層,
RPSOMLMKOHOFFKD76CC,22,77.72,住家用,鋼筋混凝土構造,86年1月28日,十九層,
RPSOMLMKOHOFFKD76CC,22,17.62,共有部分,鋼筋混凝土構造,86年1月28日,十九層,
RPSOMLMKOHOFFKD76CC,22,14.31,共有部分,鋼筋混凝土構造,86年1月28日,十九層,
RPOPMLMKOHOFFAD08CC,23,26.28,共有部分,鋼筋混凝土造,85年2月13日,二十七層,
RPOPMLMKOHOFFAD08CC,23,86.72,住家用,鋼筋混凝土造,85年2月13日,二十七層,
RPSOMLMKOHOFFAD38CC,39,72.54,住家用,加強磚造,69年1月19日,二層,
RPSPMLMKOHOFFAD48CC,4,60.80,見其他登記事項,見其他登記事項,104年11月5日,二十四層,
RPSPMLMKOHOFFAD48CC,4,25.92,見其他登記事項,見其他登記事項,104年11月5日,二十四層,
RPQOMLMKOHOFFAD18CC,46,86.46,住家用,加強磚造,62年10月10日,二層,
RPPPMLMKOHOFFAD18CC,3,85.60,見其他登記事項,見其他登記事項,105年11月9日,二十七層,
RPPPMLMKOHOFFAD18CC,3,73.37,見其他登記事項,見其他登記事項,105年11月9日,二十七層,
RPPOMLMKOHOFFHD78CC,3,48.24,見其他登記事項,鋼筋混凝土構造,105年5月31日,五層,
RPPOMLMKOHOFFHD78CC,3,35.99,見其他登記事項,鋼筋混凝土構造,105年5月31日,五層,
RPUOMLMKOHOFFAD58CC,32,66.37,住商用,鋼筋混凝土造,76年3月28日,四層,
RPUOMLMKOHOFFCD78CC,9,1073.04,見其他登記事項,鋼筋混凝土構造,99年9月15日,三層,
RPRNMLNKOHOFFCD48CC,35,146.16,住商用,鋼筋混凝土構造,73年3月26日,二層,
RPTOMLMKOHOFFCD68CC,34,87.18,住家用,鋼筋混凝土構造,74年11月13日,七層,
RPTOMLMKOHOFFCD68CC,34,21.18,共有部分,鋼筋混凝土構造,74年11月13日,七層,
RPPPMLMKOHOFFCD38CC,36,87.47,住家用,鋼筋混凝土構造,72年11月21日,五層,
RPPPMLMKOHOFFCD38CC,36,10.72,共有部分,鋼筋混凝土構造,72年11月21日,五層,
RPPPMLMKOHOFFCD38CC,35,.06,住家用,鋼筋混凝土構造,73年1月18日,十二層,
RPPPMLMKOHOFFCD38CC,35,.02,共有部分,鋼筋混凝土構造,73年1月18日,十二層,
RPROMLMKOHOFFHD98CC,24,73.01,住家用,鋼筋混凝土構造,84年10月17日,八層,
RPROMLMKOHOFFHD98CC,24,21.74,見其他登記事項,鋼筋混凝土構造,84年10月17日,八層,
RPROMLMKOHOFFHD98CC,24,3.58,見其他登記事項,鋼筋混凝土構造,84年10月17日,八層,
RPTOMLOKOHOFFAD68CC,6,62.54,見其他登記事項,見其他登記事項,102年11月25日,十四層,
RPTOMLOKOHOFFAD68CC,6,47.35,見其他登記事項,見其他登記事項,102年11月25日,十四層,
RPTOMLOKOHOFFAD68CC,6,13.78,見其他登記事項,見其他登記事項,102年11月25日,十四層,
RPPPMLOKOHOFFAD38CC,24,88.87,住家用,鋼筋混凝土造,84年5月16日,二十二層,
RPPPMLOKOHOFFAD38CC,24,46.13,共有部分,鋼筋混凝土造,84年5月16日,二十二層,
RPPPMLOKOHOFFAD38CC,24,13.63,共有部分,鋼筋混凝土造,84年5月16日,二十二層,
RPQNMLNKOHOFFKD56CC,6,26.45,住家用,見其他登記事項,101年12月6日,四層,
RPWNMLMKOHOFFBD78CC,5,98.52,見其他登記事項,鋼筋混凝土構造,103年11月5日,七層,
RPWNMLMKOHOFFBD78CC,5,59.67,見其他登記事項,鋼筋混凝土構造,103年11月5日,七層,
RPOOMLRKOHOFFKD86CC,20,87.80,見使用執照,鋼筋混凝土構造,88年4月26日,十二層,
RPOOMLNKOHOFFCD28CC,35,86.75,住家用,鋼筋混凝土構造,73年1月18日,十二層,
RPOOMLNKOHOFFCD28CC,35,12.03,共有部分,鋼筋混凝土構造,73年1月18日,十二層,
RPTOMLNKOHOFFCD78CC,24,107.08,住家用,鋼筋混凝土構造,84年3月30日,七層,
RPTOMLNKOHOFFCD78CC,24,17.71,共有部分,鋼筋混凝土構造,84年3月30日,七層,
RPTOMLNKOHOFFCD78CC,24,11.23,共有部分,鋼筋混凝土構造,84年3月30日,七層,
RPTOMLNKOHOFFCD78CC,24,10.92,共有部分,鋼筋混凝土構造,84年3月30日,七層,
RPSOMLNKOHOFFCD68CC,24,31.00,住家用,鋼筋混凝土構造,84年11月6日,二十層,
RPSOMLNKOHOFFCD68CC,24,6.56,共有部分,鋼筋混凝土構造,84年11月6日,二十層,
RPSOMLNKOHOFFCD68CC,24,8.62,共有部分,鋼筋混凝土構造,84年11月6日,二十層,
RPQNMLRKOHOFFCD78CC,30,27.59,住家用,鋼筋混凝土構造,78年6月20日,九層,
RPWNMLNKOHOFFCD98CC,27,63.38,住家用,鋼筋混凝土構造,81年9月22日,五層,
RPWNMLNKOHOFFCD98CC,27,16.50,共有部分,鋼筋混凝土構造,81年9月23日,五層,
RPWNMLNKOHOFFCD98CC,27,5.23,共有部分,鋼筋混凝土構造,81年9月22日,五層,
RPVNMLNKOHOFFCD88CC,30,36.30,住家用,鋼筋混凝土構造,78年11月14日,五層,
RPVNMLNKOHOFFCD88CC,30,9.96,共有部分,鋼筋混凝土構造,78年11月14日,五層,
RPROMLSKOHOFFCD09CC,23,133.39,住家用,鋼筋混凝土構造,85年10月4日,十六層,
RPVOMLSKOHOFFHD37CC,27,143.20,住家用,鋼筋混凝土構造,81年11月3日,三層,
RPOPMLSKOHOFFAD68CC,49,75.26,住家用,加強磚造,59年3月24日,二層,
RPXOMLSKOHOFFAD86CC,29,25.07,住家用,鋼筋混凝土造,79年5月18日,五層,
RPXOMLSKOHOFFAD86CC,29,.00,共有部分,鋼筋混凝土造,79年5月18日,五層,
RPTOMLTKOHOFFHD27CC,38,156.15,住家用,見其他登記事項,70年7月27日,一層,
RPROMLTKOHOFFID17CC,1,51.98,見其他登記事項,見其他登記事項,107年10月4日,十二層,
RPRNMLTKOHOFFCD09CC,4,162.70,見其他登記事項,見其他登記事項,104年6月18日,一層,
RPSNMLTKOHOFFAD98CC,17,230.12,見其他登記事項,鋼筋混凝土造,90年12月3日,四層,
RPSNMLSKOHOFFBD09DC,14,304.30,農舍,見其他登記事項,94年11月8日,二層,
RPWNMLTKOHOFFAD76CC,4,58.73,見其他登記事項,見其他登記事項,104年11月5日,二十四層,
RPWNMLTKOHOFFAD76CC,4,25.32,見其他登記事項,見其他登記事項,104年11月5日,二十四層,
RPUNMLTKOHOFFCD76CC,7,168.30,住家用,鋼筋混凝土構造,101年7月23日,十三層,
RPUNMLTKOHOFFCD76CC,7,124.49,見其他登記事項,鋼筋混凝土構造,101年7月23日,十三層,
RPWQMLRKOHOFFAD86CC,7,168.88,見其他登記事項,見其他登記事項,101年1月30日,一層,
RPQQMLRKOHOFFAD88CC,29,15.35,住家用,鋼筋混凝土造,79年12月1日,五層,
RPQQMLRKOHOFFAD88CC,29,.69,共有部分,鋼筋混凝土造,79年12月1日,五層,
RPQQMLRKOHOFFAD88CC,29,5.68,共有部分,鋼筋混凝土造,79年12月1日,五層,
RPSNMLRKOHOFFAD78CC,33,124.87,住家用,鋼筋混凝土造,75年8月8日,七層,
RPSNMLRKOHOFFAD78CC,33,28.19,共有部分,鋼筋混凝土造,75年8月8日,七層,
RPQPMLRKOHOFFAD78CC,10,10.37,共有部分,鋼筋混凝土造,97年12月19日,十四層,
RPQPMLRKOHOFFAD78CC,10,10.87,共有部分,鋼筋混凝土造,97年12月19日,十四層,
RPQPMLRKOHOFFAD78CC,10,55.80,見其他登記事項,鋼筋混凝土造,97年12月19日,十四層,
RPPNMLTKOHOFFAD68CC,13,26.69,見其他登記事項,見其他登記事項,95年7月13日,九層,
RPPNMLTKOHOFFAD68CC,13,4.30,共有部分,見其他登記事項,95年7月13日,十一層,
RPPNMLTKOHOFFAD68CC,13,8.63,共有部分,見其他登記事項,95年7月13日,九層,
RPPNMLTKOHOFFAD68CC,13,.01,共有部分,見其他登記事項,95年7月13日,十一層,
RPRNMLTKOHOFFAD88CC,39,68.87,住家用,鋼筋混凝土造,69年1月9日,四層,
RPWNMLLLOHOFFAD68CC,7,162.78,見其他登記事項,見其他登記事項,101年10月12日,十四層,
RPWNMLLLOHOFFAD68CC,7,90.22,見其他登記事項,見其他登記事項,101年10月22日,十四層,
RPPNMLMLOHOFFAD08CC,37,237.54,住商用,鋼筋混凝土造,70年12月28日,四層,
RPOOMLTKOHOFFKD07CC,25,75.81,住家用,鋼筋混凝土構造,83年2月4日,十五層,
RPOOMLTKOHOFFKD07CC,25,19.77,共有部分,鋼筋混凝土構造,83年2月4日,十五層,
RPSOMLTKOHOFFKD47CC,26,91.69,住家用,鋼筋混凝土構造,82年3月10日,十一層,
RPSOMLTKOHOFFKD47CC,26,24.25,共有部分,鋼筋混凝土構造,82年3月10日,十一層,
RPSOMLTKOHOFFKD47CC,26,12.51,共有部分,鋼筋混凝土構造,82年3月10日,十一層,
RPSOMLTKOHOFFKD47CC,26,20.08,共有部分,鋼筋混凝土構造,82年3月10日,十一層,
RPTNMLPLOHOFFAD78CC,23,87.76,住家用,鋼筋混凝土造,85年12月4日,七層,
RPTNMLPLOHOFFAD78CC,23,32.02,共有部分,鋼筋混凝土造,85年12月4日,七層,
RPROMLPLOHOFFAD68CC,6,60.44,見其他登記事項,見其他登記事項,102年6月20日,十五層,
RPROMLPLOHOFFAD68CC,6,26.45,見其他登記事項,見其他登記事項,102年6月20日,十五層,
RPROMLPLOHOFFAD68CC,6,16.51,見其他登記事項,見其他登記事項,102年6月20日,十五層,
RPVOMLPLOHOFFAD09CC,21,24.10,見其他登記事項,鋼筋混凝土造,87年7月6日,五層,
RPVOMLPLOHOFFAD09CC,21,8.84,共有部分,鋼筋混凝土造,87年7月6日,五層,
RPOOMLPLOHOFFAD38CC,39,39.67,住商用,鋼筋混凝土造,69年11月18日,四層,
RPWOMLPLOHOFFID37CC,1,56.07,見其他登記事項,見其他登記事項,107年6月28日,十二層,
RPWOMLPLOHOFFID37CC,1,14.84,見其他登記事項,見其他登記事項,107年6月28日,十二層,
RPWOMLPLOHOFFID37CC,1,12.22,見其他登記事項,見其他登記事項,107年6月28日,十二層,
RPROMLQLOHOFFID96CC,31,120.00,住家用,加強磚造,77年4月11日,二層,
RPWNMLPLOHOFFKD47CC,34,19.83,見其他登記事項,鋼筋混凝土構造,74年7月30日,二層,
RPTOMLPLOHOFFKD27CC,38,39.67,住家用,加強磚造,70年5月25日,二層,
RPSOMLPLOHOFFCD98CC,41,92.48,住家用,鋼筋混凝土構造,67年4月12日,四層,
RPSOMLPLOHOFFCD98CC,41,4.98,共有部分,鋼筋混凝土構造,67年4月12日,四層,
RPSOMLPLOHOFFCD98CC,41,4.13,共有部分,鋼筋混凝土構造,67年4月12日,四層,
RPPOMLPLOHOFFCD68CC,26,22.18,住家用,鋼筋混凝土構造,82年8月28日,四層,
RPPOMLPLOHOFFCD68CC,25,5.20,見其他登記事項,鋼筋混凝土構造,83年7月13日,九層,
RPQOMLPLOHOFFKD96CC,25,80.92,住家用,鋼筋混凝土構造,83年5月4日,十五層,
RPQOMLPLOHOFFKD96CC,25,21.13,共有部分,鋼筋混凝土構造,83年5月4日,十六層,
RPQOMLPLOHOFFKD96CC,25,10.80,共有部分,鋼筋混凝土構造,83年5月4日,十五層,
RPWOMLQLOHOFFCD96DC,26,113.32,住家用,鋼筋混凝土構造,82年7月19日,七層,
RPSOMLPLOHOFFBD88CC,24,154.29,住家用,鋼筋混凝土構造,84年3月24日,三層,
RPROMLQLOHOFFBD88CC,9,156.30,見其他登記事項,鋼筋混凝土構造,99年2月12日,四層,
RPSNMLQLOHOFFCD98CC,21,194.61,商業用,鋼筋混凝土構造,87年2月20日,十層,
RPUOMLPLOHOFFBD09CC,21,65.78,住家用,鋼筋混凝土構造,87年8月14日,十二層,
RPUOMLPLOHOFFBD09CC,21,17.96,住家用,鋼筋混凝土構造,87年8月14日,十二層,
RPXQMLQLOHOFFCD17CC,24,87.88,住家用,鋼筋混凝土構造,84年11月15日,二十三層,
RPXQMLQLOHOFFCD17CC,24,2.71,共有部分,鋼筋混凝土構造,84年11月15日,二十三層,
RPXQMLQLOHOFFCD17CC,24,22.48,共有部分,鋼筋混凝土構造,84年11月15日,二十三層,
RPORMLQLOHOFFCD98CC,24,95.27,國民住宅,鋼筋混凝土構造,84年1月7日,二十四層,
RPORMLQLOHOFFCD98CC,24,17.37,共有部分,鋼筋混凝土構造,84年1月7日,二十四層,
RPORMLQLOHOFFCD98CC,24,3.16,共有部分,鋼筋混凝土構造,84年1月7日,二十四層,
RPPRMLQLOHOFFCD09CC,36,69.66,見其他登記事項,鋼筋混凝土構造,72年7月18日,五層,
RPPRMLQLOHOFFCD09CC,36,5.79,共有部分,鋼筋混凝土構造,72年7月18日,五層,
RPRRMLQLOHOFFCD66CC,24,73.50,住家用,鋼筋混凝土構造,84年3月25日,十四層,
RPRRMLQLOHOFFCD66CC,24,8.83,共有部分,鋼筋混凝土構造,84年3月25日,十四層,
RPRRMLQLOHOFFCD66CC,24,31.23,共有部分,鋼筋混凝土構造,84年3月25日,十四層,
RPWQMLQLOHOFFKD87CC,27,85.41,住家用,鋼筋混凝土構造,81年4月30日,五層,
RPUQMLQLOHOFFKD67CC,24,82.17,住家用,鋼筋混凝土構造,84年10月9日,十五層,
RPWQMLQLOHOFFKD87CC,27,13.49,共有部分,鋼筋混凝土構造,81年4月30日,五層,
RPUQMLQLOHOFFKD67CC,24,35.93,共有部分,鋼筋混凝土構造,84年10月9日,十五層,
RPPOMLQLOHOFFAD58CC,38,79.86,住家用,鋼筋混凝土造,70年3月14日,四層,
RPPOMLQLOHOFFAD58CC,38,15.19,共有部分,鋼筋混凝土造,70年3月14日,四層,
RPOOMLQLOHOFFAD48CC,47,55.89,住家用,加強磚造,61年7月20日,二層,
RPXNMLQLOHOFFAD66CC,27,18.50,住家用,鋼筋混凝土造,81年4月21日,七層,
RPXNMLQLOHOFFAD66CC,27,8.45,共有部分,鋼筋混凝土造,81年4月21日,七層,
RPTNMLQLOHOFFAD88CC,12,287.41,見其他登記事項,鋼筋混凝土造,96年10月2日,五層,
RPOOMLRLOHOFFKD96CC,28,177.82,住家用,鋼筋混凝土構造,80年3月21日,三層,
RPQOMLRLOHOFFKD17CC,45,66.70,住家用,加強磚造,63年9月1日,一層,
RPRNMLQLOHOFFDD98CC,25,137.90,住家用,鋼筋混凝土構造,83年1月19日,十四層,
RPSNMLRLOHOFFDD56CC,3,20.06,見其他登記事項,鋼筋混凝土構造,105年6月28日,四層,
RPUNMLQLOHOFFDD66CC,39,89.84,住商用,加強磚造,69年5月6日,二層,
RPRNMLSLOHOFFID07CC,,80.84,住商用,鋼筋混凝土加強磚造,,二層,
RPSNMLSLOHOFFID17CC,39,214.30,住商用,加強磚造,69年8月21日,二層,
RPTOMLSLOHOFFCD76CC,28,66.15,住商用,鋼筋混凝土構造,80年8月14日,四層,
RPVNMLSLOHOFFKD67CC,27,87.92,住家用,鋼筋混凝土構造,81年6月4日,七層,
RPVNMLSLOHOFFKD67CC,27,11.24,共有部分,鋼筋混凝土構造,81年6月4日,七層,
RPVNMLSLOHOFFKD67CC,27,37.30,共有部分,鋼筋混凝土構造,81年6月4日,七層,
RPROMLRLOHOFFBD98CC,23,196.92,住商用,鋼筋混凝土構造,85年8月16日,十七層,
RPROMLRLOHOFFBD98CC,23,10.65,見其他登記事項,鋼筋混凝土構造,85年8月16日,十七層,
RPROMLRLOHOFFBD98CC,23,.00,見其他登記事項,鋼筋混凝土構造,85年8月16日,十七層,
RPROMLRLOHOFFBD98CC,23,.00,見其他登記事項,鋼筋混凝土構造,85年8月16日,十七層,
RPROMLRLOHOFFBD98CC,23,11.59,見其他登記事項,鋼筋混凝土構造,85年8月16日,十七層,
RPROMLRLOHOFFBD98CC,23,.00,見其他登記事項,鋼筋混凝土構造,85年8月16日,十六層,
RPROMLRLOHOFFBD98CC,23,.00,見其他登記事項,鋼筋混凝土構造,85年8月16日,十六層,
RPROMLRLOHOFFBD98CC,23,.00,見其他登記事項,鋼筋混凝土構造,85年8月16日,十六層,
RPROMLRLOHOFFBD98CC,23,.00,見其他登記事項,鋼筋混凝土構造,85年8月16日,十六層,
RPROMLRLOHOFFBD98CC,23,.00,見其他登記事項,鋼筋混凝土構造,85年8月16日,十六層,
RPUNMLTLOHOFFKD67CC,31,193.30,住商用,鋼筋混凝土構造,77年3月22日,四層,
RPUOMLQLOHOFFAD09CC,38,28.10,住商用,鋼筋混凝土造,70年6月4日,三層,
RPXNMLRLOHOFFCD96CC,22,26.59,住家用,鋼筋混凝土構造,86年9月2日,十五層,
RPXNMLRLOHOFFCD96CC,22,7.10,共有部分,鋼筋混凝土構造,86年9月2日,十五層,
RPVNMLLJPHOFFBD58CC,1,19.86,見其他登記事項,鋼筋混凝土構造,107年1月3日,四層,
RPTNMLTLOHOFFAD56CC,60,81.62,住家用,加強磚造,48年7月6日,一層,
RPTNMLTLOHOFFAD56CC,52,134.77,住家用,加強磚造,56年1月1日,二層,
RPQPMLLJPHOFFCD38CC,,44.32,住家用,木造,,一層,
RPSNMLTLOHOFFAD09CC,42,308.03,住家用,加強磚造,66年1月24日,二層,
RPVOMLSLOHOFFAD76CC,30,65.90,住家用,鋼筋混凝土造,78年1月12日,五層,
RPVOMLSLOHOFFAD76CC,32,16.51,共有部分,鋼筋混凝土造,76年1月12日,五層,
RPQPMLLJPHOFFAD18CC,10,74.14,住家用,鋼筋混凝土造,98年1月16日,三層,
RPQPMLLJPHOFFKD56CC,31,137.80,住家用,鋼筋混凝土構造,77年7月13日,二層,
RPUPMLLJPHOFFKD07DC,12,172.43,住商用,鋼筋混凝土構造,96年7月31日,四層,
RPVNMLMJPHOFFCD78CC,27,133.19,商業用,鋼筋混凝土構造,81年6月17日,十四層,
RPQPMLMJPHOFFCD48CC,11,26.59,住家用,鋼筋混凝土構造,97年2月29日,十四層,
RPSPMLMJPHOFFCD68CC,2,55.32,見其他登記事項,鋼筋混凝土構造,106年8月7日,四層,
RPPNMLNJPHOFFCD28CC,21,235.08,住家用,鋼筋混凝土構造,87年5月20日,四層,
RPPNMLNJPHOFFCD28CC,21,43.36,共有部分,鋼筋混凝土構造,87年5月20日,四層,
RPXNMLNJPHOFFCD09CC,22,131.40,住家用,鋼筋混凝土構造,86年5月8日,十六層,
RPXNMLNJPHOFFCD09CC,22,16.28,共有部分,鋼筋混凝土構造,86年5月8日,十六層,
RPXNMLNJPHOFFCD09CC,22,45.10,共有部分,鋼筋混凝土構造,86年5月8日,十六層,
RPXNMLNJPHOFFCD09CC,22,18.77,共有部分,鋼筋混凝土構造,86年5月8日,十六層,
RPPOMLNJPHOFFCD38CC,25,84.36,住家用,鋼筋混凝土構造,83年2月1日,十三層,
RPPOMLNJPHOFFCD38CC,25,22.45,共有部分,鋼筋混凝土構造,83年2月1日,十三層,
RPPOMLNJPHOFFCD38CC,25,8.75,共有部分,鋼筋混凝土構造,83年2月1日,十三層,
RPOPMLLJPHOFFCD18CC,3,80.22,見其他登記事項,鋼筋混凝土構造,105年3月14日,十四層,
RPOPMLLJPHOFFCD18CC,3,60.78,見其他登記事項,鋼筋混凝土構造,105年3月14日,十四層,
RPOPMLLJPHOFFCD18CC,3,21.77,見其他登記事項,鋼筋混凝土構造,105年3月14日,十四層,
RPSQMLLJPHOFFAD48CC,23,151.69,住商用,鋼筋混凝土造,85年3月1日,十二層,
RPSQMLLJPHOFFAD48CC,23,18.34,共有部分,鋼筋混凝土造,85年3月1日,十二層,
RPOOMLNJPHOFFKD09CC,24,40.48,見其他登記事項,鋼筋混凝土構造,84年3月31日,十五層,
RPOOMLNJPHOFFKD09CC,24,8.86,共有部分,鋼筋混凝土構造,84年3月31日,十五層,
RPQOMLNJPHOFFKD66CC,26,91.34,住家用,鋼筋混凝土構造,82年11月29日,九層,
RPQOMLNJPHOFFKD66CC,26,38.87,共有部分,鋼筋混凝土構造,82年11月29日,九層,
RPXNMLNJPHOFFKD27CC,24,35.60,見其他登記事項,鋼筋混凝土構造,84年3月31日,十五層,
RPXNMLNJPHOFFKD27CC,24,7.08,共有部分,鋼筋混凝土構造,84年3月31日,十五層,
RPROMLNJPHOFFKD76CC,21,41.48,住家用,鋼筋混凝土構造,87年10月26日,十一層,
RPROMLNJPHOFFKD76CC,21,5.54,共有部分,鋼筋混凝土構造,87年10月26日,十一層,
RPROMLNJPHOFFKD76CC,21,13.40,共有部分,鋼筋混凝土構造,87年10月26日,十一層,
RPSOMLNJPHOFFKD86CC,3,96.57,住家用,見其他登記事項,105年8月29日,十五層,
RPSOMLNJPHOFFKD86CC,3,71.15,見其他登記事項,見其他登記事項,105年8月29日,十五層,
RPWOMLNJPHOFFCD09CC,32,172.05,住商用,鋼筋混凝土構造,76年1月21日,四層,
RPOOMLMJPHOFFID78CC,48,19.84,住家用,加強磚造,60年5月1日,一層,
RPRNMLOJPHOFFID56CC,13,163.65,住家用,鋼筋混凝土構造,95年9月29日,三層,
RPSNMLOJPHOFFID66CC,33,154.90,住家用,加強磚造,75年2月26日,二層,
RPVNMLOJPHOFFGD86DC,28,71.04,住商用,鋼筋混凝土構造,80年8月16日,三層,
RPVNMLNJPHOFFBD78CC,12,187.58,見其他登記事項,鋼筋混凝土構造,96年4月3日,四層,
RPSPMLRLOHOFFAD09CC,6,243.81,見其他登記事項,見其他登記事項,102年8月21日,四層,
RPOOMLOJPHOFFGD88DC,30,300.42,住商用,鋼筋混凝土構造,78年3月28日,五層,
RPROMLNJPHOFFAD38CC,31,221.69,住商用,鋼筋混凝土造,77年3月21日,四層,
RPSNMLNJPHOFFAD38CC,13,65.66,見其他登記事項,見其他登記事項,95年10月1日,十四層,
RPSNMLNJPHOFFAD38CC,13,13.15,共有部分,見其他登記事項,95年10月1日,十四層,
RPSNMLNJPHOFFAD38CC,13,15.90,共有部分,見其他登記事項,95年10月1日,十四層,
RPXPMLNJPHOFFAD09CC,23,29.74,住家用,鋼筋混凝土造,85年11月27日,十一層,
RPXPMLNJPHOFFAD09CC,23,7.65,共有部分,鋼筋混凝土造,85年11月27日,十一層,
RPXPMLNJPHOFFAD09CC,23,27.01,共有部分,鋼筋混凝土造,85年11月27日,十一層,
RPVNMLOJPHOFFAD78CC,59,30.84,住家用,磚造,49年1月1日,一層,
RPUOMLNJPHOFFAD68CC,38,43.00,住家用,鋼筋混凝土造,70年2月17日,五層,
RPQOMLNJPHOFFAD28CC,38,23.14,住商用,鋼筋混凝土造,70年12月24日,三層,
RPUOMLNJPHOFFAD68CC,38,15.85,共有部分,鋼筋混凝土造,70年2月17日,五層,
RPQOMLOJPHOFFAD38CC,21,92.78,住家用,鋼筋混凝土造,87年4月20日,十四層,
RPQOMLOJPHOFFAD38CC,21,12.83,共有部分,鋼筋混凝土造,87年4月20日,十四層,
RPQOMLOJPHOFFAD38CC,21,12.45,共有部分,鋼筋混凝土造,87年4月20日,十四層,
RPTOMLOJPHOFFAD68CC,49,23.14,住家用,加強磚造,59年8月5日,二層,
RPVOMLOJPHOFFAD88CC,1,23.14,見其他登記事項,見其他登記事項,107年3月29日,四層,
RPSOMLOJPHOFFAD58CC,40,23.14,住家用,加強磚造,68年10月20日,二層,
RPWOMLOJPHOFFAD98CC,1,23.14,見其他登記事項,見其他登記事項,107年3月29日,四層,
RPRNMLPJPHOFFAD48CC,43,137.04,住家用,加強磚造,65年1月6日,二層,
RPWPMLPJPHOFFAD56CC,44,63.09,住商用,加強磚造,64年1月10日,二層,
RPSNMLPJPHOFFAD58CC,41,87.64,住家用,鋼筋混凝土造,67年10月12日,四層,
RPSNMLPJPHOFFAD58CC,41,11.12,,鋼筋混凝土造,67年10月12日,四層,
RPSNMLPJPHOFFAD58CC,41,15.04,共有部分,鋼筋混凝土造,67年10月12日,四層,
RPVNMLPJPHOFFKD27CC,32,115.35,住家用,鋼筋混凝土構造,76年2月9日,二層,
RPWNMLOJPHOFFCD09CC,27,290.25,住商用,鋼筋混凝土構造,81年6月23日,四層,
RPPNMLOJPHOFFCD38CC,1,64.34,見其他登記事項,鋼筋混凝土構造,107年3月19日,十三層,
RPPNMLOJPHOFFCD38CC,1,4.03,見其他登記事項,鋼筋混凝土構造,107年3月19日,十三層,
RPPNMLOJPHOFFCD38CC,1,36.72,見其他登記事項,鋼筋混凝土構造,107年3月19日,十三層,
RPPNMLOJPHOFFCD38CC,1,15.02,見其他登記事項,鋼筋混凝土構造,107年3月19日,十三層,
RPQNMLOJPHOFFCD48CC,24,74.61,住家用,鋼筋混凝土構造,84年3月25日,十四層,
RPQNMLOJPHOFFCD48CC,24,7.32,共有部分,鋼筋混凝土構造,84年3月25日,十四層,
RPQNMLOJPHOFFCD48CC,24,32.16,共有部分,鋼筋混凝土構造,84年3月25日,十四層,
RPTNMLQJPHOFFCD98CC,40,52.86,住商用,鋼筋混凝土構造,68年6月4日,四層,
RPWNMLPJPHOFFCD56CC,24,84.83,住家用,鋼筋混凝土構造,84年1月6日,二十五層,
RPWNMLPJPHOFFCD56CC,24,20.31,共有部分,鋼筋混凝土構造,84年1月6日,二十五層,
RPXNMLOJPHOFFCD56CC,45,40.33,住商用,加強磚造,63年12月11日,二層,
RPROMLSJPHOFFHD96CC,25,121.73,住家用,鋼筋混凝土構造,83年8月6日,八層,
RPPOMLTJPHOFFHD86CC,7,189.98,見其他登記事項,鋼筋混凝土構造,101年12月5日,四層,
RPSNMLSJPHOFFID07CC,41,94.90,農舍,混凝土構造,67年5月26日,一層,
RPPOMLSJPHOFFAD68CC,2,84.13,見其他登記事項,見其他登記事項,106年10月20日,一層,
RPPOMLSJPHOFFAD68CC,2,1.02,見其他登記事項,見其他登記事項,106年10月20日,一層,
RPRNMLSJPHOFFAD78CC,42,99.93,住商用,加強磚造,66年5月5日,二層,
RPVNMLSJPHOFFAD56CC,38,62.23,住商用,鋼筋混凝土造,70年7月31日,四層,
RPRNMLQJPHOFFAD58CC,28,99.69,住家用,鋼筋混凝土造,80年4月22日,七層,
RPRNMLQJPHOFFAD58CC,28,27.88,共有部分,鋼筋混凝土造,80年4月22日,七層,
RPPNMLRJPHOFFAD48CC,4,58.68,見其他登記事項,見其他登記事項,104年11月5日,二十四層,
RPQNMLTJPHOFFCD98CC,45,88.47,住商用,加強磚造,63年12月11日,二層,
RPUOMLTJPHOFFCD86CC,25,75.21,住家用,鋼筋混凝土構造,83年10月28日,七層,
RPUOMLTJPHOFFCD86CC,25,33.24,共有部分,鋼筋混凝土構造,83年10月28日,八層,
RPXOMLTJPHOFFCD17CC,3,61.37,見其他登記事項,鋼筋混凝土構造,105年12月1日,七層,
RPXOMLTJPHOFFCD17CC,3,60.34,見其他登記事項,鋼筋混凝土構造,105年12月1日,七層,
RPROMLSJPHOFFCD09CC,20,242.74,見其他登記事項,鋼筋混凝土構造,88年9月7日,五層,
RPWPMLTJPHOFFCD17CC,39,179.87,住商用,鋼筋混凝土構造,69年5月13日,三層,
RPPOMLTJPHOFFCD98CC,33,253.51,住商用,鋼筋混凝土構造,75年12月3日,四層,
RPPPMLTJPHOFFKD27CC,23,17.31,住家用,鋼筋混凝土構造,85年10月28日,八層,
RPPPMLTJPHOFFKD27CC,23,1.19,共有部分,鋼筋混凝土構造,85年10月28日,八層,
RPPPMLTJPHOFFKD27CC,23,4.80,共有部分,鋼筋混凝土構造,85年10月28日,八層,
RPRPMLTJPHOFFKD47CC,26,189.59,住商用,鋼筋混凝土構造,82年5月21日,三層,
RPOPMLTJPHOFFKD17CC,26,26.45,住家用,鋼筋混凝土構造,82年6月15日,三層,
RPVPMLTJPHOFFKD87CC,1,213.45,見其他登記事項,見其他登記事項,107年4月11日,二層,
RPUNMLKKPHOFFKD76CC,31,19.83,見其他登記事項,鋼筋混凝土構造,77年10月3日,四層,
RPPOMLKKPHOFFGD68DC,28,127.63,住商用,鋼筋混凝土構造,80年9月27日,三層,
RPUNMLTJPHOFFAD56CC,3,280.52,見其他登記事項,見其他登記事項,105年6月20日,一層,
RPVNMLTJPHOFFAD66CC,3,150.18,見其他登記事項,見其他登記事項,105年6月20日,一層,
RPWOMLTJPHOFFAD86CC,12,150.51,見其他登記事項,鋼筋混凝土造,96年7月4日,十三層,
RPWOMLTJPHOFFAD86CC,12,122.52,共有部分,鋼筋混凝土造,96年7月4日,十三層,
RPPPMLTJPHOFFAD88CC,25,46.82,住家用,鋼筋混凝土造,83年5月12日,十一層,
RPPPMLTJPHOFFAD88CC,25,3.47,共有部分,鋼筋混凝土造,83年5月12日,十一層,
RPPPMLTJPHOFFAD88CC,25,10.60,共有部分,鋼筋混凝土造,83年5月12日,十一層,
RPVPMLTJPHOFFAD86CC,21,51.42,住家用,鋼筋混凝土造,87年4月20日,十四層,
RPVPMLTJPHOFFAD86CC,21,17.16,共有部分,鋼筋混凝土造,87年4月20日,十四層,
RPVPMLTJPHOFFAD86CC,21,6.56,共有部分,鋼筋混凝土造,87年4月20日,十四層,
RPSPMLTJPHOFFAD56CC,20,66.01,見其他登記事項,鋼筋混凝土造,88年4月1日,十四層,
RPSPMLTJPHOFFAD56CC,20,5.99,共有部分,鋼筋混凝土造,88年4月1日,十四層,
RPSPMLTJPHOFFAD56CC,20,9.25,共有部分,鋼筋混凝土造,88年4月1日,十四層,
RPXOMLLKPHOFFCD09CC,21,182.02,住家用,鋼筋混凝土構造,87年3月31日,十層,
RPXOMLLKPHOFFCD09CC,21,78.23,共有部分,鋼筋混凝土構造,87年3月31日,十層,
RPXOMLLKPHOFFCD09CC,21,20.80,共有部分,鋼筋混凝土構造,87年3月31日,十層,
RPROMLMKPHOFFHD09CC,2,279.50,見其他登記事項,鋼筋混凝土構造,106年5月25日,三層,
RPUNMLLKPHOFFAD48CC,38,42.07,住家用,鋼筋混凝土造,70年7月20日,五層,
RPUNMLLKPHOFFAD48CC,38,9.29,共有部分,鋼筋混凝土造,70年7月20日,五層,
RPQNMLLKPHOFFKD09CC,31,33.06,見其他登記事項,鋼筋混凝土構造,77年10月3日,四層,
RPTNMLLKPHOFFKD76CC,31,18.18,見其他登記事項,鋼筋混凝土構造,77年10月3日,四層,
RPQNMLOKPHOFFKD76CC,7,63.67,見其他登記事項,見其他登記事項,101年8月17日,十九層,
RPQNMLOKPHOFFKD76CC,7,31.75,見其他登記事項,見其他登記事項,101年8月17日,十九層,
RPTNMLPKPHOFFKD17CC,27,95.87,見其他登記事項,鋼筋混凝土構造,81年12月15日,二十二層,
RPVNMLLKPHOFFKD96CC,26,85.42,住家用,鋼筋混凝土構造,82年8月3日,五層,
RPVNMLLKPHOFFKD96CC,26,27.53,共有部分,鋼筋混凝土構造,82年8月3日,五層,
RPVNMLPKPHOFFKD37CC,24,51.71,見其他登記事項,鋼筋混凝土構造,84年3月31日,十五層,
RPVNMLPKPHOFFKD37CC,24,11.52,共有部分,鋼筋混凝土構造,84年3月31日,十五層,
RPQNMLMKPHOFFBD28CC,2,19.84,見其他登記事項,鋼筋混凝土構造,107年1月3日,四層,
RPVNMLMKPHOFFCD88CC,3,64.98,見其他登記事項,鋼筋混凝土構造,105年11月14日,七層,
RPVNMLMKPHOFFCD88CC,3,38.63,見其他登記事項,鋼筋混凝土構造,105年11月14日,七層,
RPVNMLMKPHOFFCD88CC,3,9.37,見其他登記事項,鋼筋混凝土構造,105年11月14日,七層,
RPRNMLPKPHOFFAD58CC,29,182.14,住商用,鋼筋混凝土構造,79年8月27日,四層,
RPQOMLRKPHOFFAD78CC,31,86.78,住家用,加強磚造,77年5月4日,一層,
RPPPMLRKPHOFFKD17CC,7,59.03,見其他登記事項,見其他登記事項,101年8月17日,十九層,
RPPPMLRKPHOFFKD17CC,7,29.34,見其他登記事項,見其他登記事項,101年8月17日,十九層,
RPOPMLRKPHOFFKD07CC,7,59.03,見其他登記事項,見其他登記事項,101年8月17日,十九層,
RPOPMLRKPHOFFKD07CC,7,29.34,見其他登記事項,見其他登記事項,101年8月17日,十九層,
RPUNMLPKPHOFFAD98DC,38,79.82,住家用,鋼筋混凝土造,70年12月31日,七層,
RPUOMLPKPHOFFAD09DC,21,119.61,住家用,鋼筋混凝土造,87年8月15日,十五層,
RPUOMLPKPHOFFAD09DC,21,10.23,共有部分,鋼筋混凝土造,87年8月15日,十五層,
RPUOMLPKPHOFFAD09DC,21,26.37,共有部分,鋼筋混凝土造,87年8月15日,十五層,
RPXOMLQKPHOFFHD47CC,4,176.16,見其他登記事項,見其他登記事項,104年7月1日,一層,
RPVNMLSKPHOFFKD67CC,5,23.14,見其他登記事項,見其他登記事項,103年7月15日,四層,
RPPOMLSKPHOFFKD17CC,12,111.47,住家用,鋼筋混凝土構造,96年9月20日,十四層,
RPPOMLSKPHOFFKD17CC,12,69.06,共有部分,鋼筋混凝土構造,96年9月20日,十四層,
RPSOMLSKPHOFFKD47CC,5,16.53,見其他登記事項,見其他登記事項,103年7月15日,四層,
RPRPMLSKPHOFFKD47CC,5,19.05,見其他登記事項,見其他登記事項,103年7月15日,四層,
RPROMLSKPHOFFCD56CC,31,79.08,住家用,鋼筋混凝土構造,77年4月23日,五層,
RPROMLSKPHOFFCD56CC,31,18.72,共有部分,鋼筋混凝土構造,77年4月23日,五層,
RPVNMLSKPHOFFCD86CC,32,74.23,住家用,鋼筋混凝土構造,76年6月20日,四層,
RPVNMLSKPHOFFCD86CC,32,29.70,共有部分,鋼筋混凝土構造,76年6月20日,四層,
RPVNMLRKPHOFFCD76CC,33,231.09,住商用,鋼筋混凝土構造,75年6月26日,四層,
RPUNMLRKPHOFFCD66CC,39,444.56,住商用,鋼筋混凝土構造,69年3月3日,四層,
RPWNMLRKPHOFFCD86CC,38,137.97,住商用,鋼筋混凝土構造,70年1月14日,三層,
RPXNMLRKPHOFFCD96CC,41,130.68,住家用,加強磚造,67年8月29日,二層,
RPVNMLSKPHOFFHD37CC,2,52.18,見其他登記事項,鋼筋混凝土構造,106年9月8日,十一層,
RPVNMLSKPHOFFHD37CC,2,24.40,見其他登記事項,鋼筋混凝土構造,106年9月8日,十一層,
RPUPMLSKPHOFFKD77CC,25,57.88,住家用,鋼筋混凝土構造,83年4月8日,十三層,
RPXNMLTKPHOFFBD17DC,8,204.89,見其他登記事項,鋼筋混凝土構造,100年8月1日,四層,
RPQOMLSKPHOFFAD88CC,24,76.38,國民住宅,鋼筋混凝土造,84年7月11日,七層,
RPQOMLSKPHOFFAD88CC,24,39.33,共有部分,鋼筋混凝土造,84年7月11日,七層,
RPXNMLSKPHOFFAD86CC,50,81.42,住家用,加強磚造,58年4月1日,二層,
RPSOMLSKPHOFFAD09CC,34,26.13,住家用,鋼筋混凝土造,74年5月15日,五層,
RPSOMLSKPHOFFAD09CC,34,7.54,共有部分,鋼筋混凝土造,74年5月15日,五層,
RPUOMLSKPHOFFAD66CC,29,16.12,住家用,鋼筋混凝土造,79年7月5日,六層,
RPUOMLSKPHOFFAD66CC,29,4.78,共有部分,鋼筋混凝土造,79年7月5日,六層,
RPOOMLSKPHOFFDD98CC,38,106.36,住商用,加強磚造,70年3月11日,二層,
RPQNMLSKPHOFFBD88CC,39,160.09,住商用,鋼筋混凝土構造,69年11月7日,三層,
RPUOMLTKPHOFFID57CC,48,181.89,住家用,加強磚造,60年7月1日,三層,
RPVOMLSKPHOFFAD76CC,41,59.20,住商用,鋼筋混凝土造,67年10月26日,十二層,
RPVOMLSKPHOFFAD76CC,41,11.38,共有部分,鋼筋混凝土造,67年10月26日,十二層,
RPPNMLTKPHOFFKD17CC,26,41.02,住家用,鋼筋混凝土構造,82年10月6日,八層,
RPOOMLTKPHOFFCD98CC,3,80.22,見其他登記事項,鋼筋混凝土構造,105年3月14日,十四層,
RPOOMLTKPHOFFCD98CC,3,58.71,見其他登記事項,鋼筋混凝土構造,105年3月14日,十四層,
RPOOMLTKPHOFFCD98CC,3,19.72,見其他登記事項,鋼筋混凝土構造,105年3月14日,十四層,
RPSNMLTKPHOFFAD09CC,25,59.97,住家用,鋼筋混凝土造,84年1月4日,二十五層,
RPSNMLTKPHOFFAD09CC,25,10.17,共有部分,鋼筋混凝土造,84年1月4日,二十四層,
RPSNMLTKPHOFFAD09CC,25,8.23,共有部分,鋼筋混凝土造,84年1月4日,二十四層,
RPWNMLTKPHOFFAD86CC,52,97.02,住家用,加強磚造,56年6月25日,二層,
RPQRMLTKPHOFFAD66CC,19,105.86,見其他登記事項,鋼筋混凝土造,89年4月6日,二十三層,
RPQRMLTKPHOFFAD66CC,19,6.30,共有部分,鋼筋混凝土造,89年4月6日,二十三層,
RPQRMLTKPHOFFAD66CC,19,20.18,見其他登記事項,鋼筋混凝土造,89年4月6日,二十三層,
RPWQMLTKPHOFFAD17CC,32,48.59,住家用,鋼筋混凝土造,76年10月17日,五層,
RPWQMLTKPHOFFAD17CC,32,8.26,共有部分,鋼筋混凝土造,76年10月17日,五層,
RPRNMLTKPHOFFAD98CC,4,72.63,見其他登記事項,見其他登記事項,104年11月5日,二十四層,
RPRNMLTKPHOFFAD98CC,4,30.74,見其他登記事項,見其他登記事項,104年11月5日,二十四層,
RPPRMLTKPHOFFAD56CC,11,172.46,見其他登記事項,鋼筋混凝土造,96年12月27日,十九層,
RPPRMLTKPHOFFAD56CC,11,43.12,共有部分,鋼筋混凝土造,96年12月27日,十九層,
RPRPMLTKPHOFFCD76CC,36,79.88,住家用,鋼筋混凝土構造,72年12月14日,七層,
RPRPMLTKPHOFFCD76CC,36,31.45,共有部分,鋼筋混凝土構造,72年12月14日,七層,
RPSPMLTKPHOFFCD86CC,19,57.34,見其他登記事項,鋼筋混凝土構造,89年11月16日,四層,
RPUOMLTKPHOFFCD96CC,9,94.97,住家用,鋼筋混凝土構造,99年12月13日,十四層,
RPUOMLTKPHOFFCD96CC,9,21.10,見其他登記事項,鋼筋混凝土構造,99年12月13日,十四層,
RPUOMLTKPHOFFCD96CC,9,60.36,見其他登記事項,鋼筋混凝土構造,99年12月13日,十四層,
RPOOMLTKPHOFFAD78CC,12,19.83,見其他登記事項,鋼筋混凝土造,96年4月27日,四層,
RPVNMLMLPHOFFGD76CC,25,153.87,住家用,鋼筋混凝土構造,83年4月15日,三層,
RPTNMLMLPHOFFKD96CC,3,47.82,見其他登記事項,見其他登記事項,105年8月29日,十五層,
RPTNMLMLPHOFFKD96CC,3,45.64,見其他登記事項,見其他登記事項,105年8月29日,十五層,
RPTNMLMLPHOFFKD96CC,3,45.27,見其他登記事項,見其他登記事項,105年8月29日,十五層,
RPTNMLMLPHOFFKD96CC,3,42.00,見其他登記事項,見其他登記事項,105年8月29日,十五層,
RPTNMLMLPHOFFKD96CC,3,7.06,見其他登記事項,見其他登記事項,105年8月29日,十五層,
RPTNMLMLPHOFFKD96CC,3,25.82,見其他登記事項,見其他登記事項,105年8月29日,十五層,
RPTNMLMLPHOFFKD96CC,3,1.00,見其他登記事項,見其他登記事項,105年8月29日,十五層,
RPTNMLMLPHOFFKD96CC,3,.03,見其他登記事項,見其他登記事項,105年8月29日,十五層,
RPRPMLTKPHOFFKD57CC,31,23.14,見其他登記事項,鋼筋混凝土構造,77年10月3日,四層,
RPXNMLMLPHOFFAD98CC,23,126.53,住商用,鋼筋混凝土造,85年2月13日,二十七層,
RPXNMLMLPHOFFAD98CC,23,48.19,共有部分,鋼筋混凝土造,85年2月13日,二十七層,
RPPNMLNLPHOFFKD66CC,2,63.25,住家用,見其他登記事項,106年6月23日,十五層,
RPPNMLNLPHOFFKD66CC,2,42.06,見其他登記事項,見其他登記事項,106年6月23日,十五層,
RPPNMLNLPHOFFKD66CC,2,13.83,見其他登記事項,見其他登記事項,106年6月23日,十五層,
RPVNMLMLPHOFFCD98CC,28,94.71,商業用,鋼筋混凝土構造,80年6月13日,六層,
RPVNMLMLPHOFFCD98CC,28,32.73,共有部分,鋼筋混凝土構造,80年6月13日,六層,
RPVNMLMLPHOFFCD98CC,28,20.02,商業用,鋼筋混凝土構造,80年6月13日,六層,
RPVNMLMLPHOFFCD98CC,28,33.74,商業用,鋼筋混凝土構造,80年6月13日,六層,
RPVNMLMLPHOFFCD98CC,28,38.39,共有部分,鋼筋混凝土構造,80年6月13日,六層,
RPOOMLOLPHOFFKD76CC,31,33.06,見其他登記事項,鋼筋混凝土構造,77年10月3日,四層,
RPWOMLOLPHOFFKD57CC,3,109.73,見其他登記事項,見其他登記事項,105年10月26日,二十三層,
RPXNMLOLPHOFFKD57CC,31,19.83,見其他登記事項,鋼筋混凝土構造,77年10月3日,四層,
RPVNMLNLPHOFFAD88CC,30,64.33,住家用,鋼筋混凝土造,78年1月12日,五層,
RPVNMLNLPHOFFAD88CC,32,15.26,共有部分,鋼筋混凝土造,76年1月12日,五層,
RPVNMLNLPHOFFID07CC,18,41.21,住家用,鋼筋混凝土構造,90年9月5日,四層,
RPQNMLOLPHOFFID66CC,28,145.60,住家用,鋼筋混凝土構造,80年1月21日,三層,
RPTNMLOLPHOFFID96CC,40,99.60,住商用,加強磚造,68年4月23日,二層,
RPTNMLOLPHOFFCD98CC,24,51.28,住家用,鋼筋混凝土構造,84年11月6日,二十層,
RPTNMLOLPHOFFCD98CC,24,10.85,共有部分,鋼筋混凝土構造,84年11月6日,二十層,
RPTNMLOLPHOFFCD98CC,24,12.93,共有部分,鋼筋混凝土構造,84年11月6日,二十層,
RPQOMLOLPHOFFCD78CC,27,147.15,住商用,鋼筋混凝土構造,81年10月2日,十四層,
RPQOMLOLPHOFFCD78CC,27,23.28,共有部分,鋼筋混凝土構造,81年10月2日,十四層,
RPSOMLOLPHOFFCD98CC,29,241.86,見其他登記事項,鋼筋混凝土構造,79年6月27日,六層,
RPXNMLOLPHOFFCD76CC,25,31.28,住家用,鋼筋混凝土構造,83年12月14日,七層,
RPXNMLOLPHOFFCD76CC,25,5.17,共有部分,鋼筋混凝土構造,83年12月14日,七層,
RPXNMLOLPHOFFCD76CC,25,6.11,共有部分,鋼筋混凝土構造,83年12月14日,七層,
RPXOMLOLPHOFFCD86CC,38,55.12,住家用,鋼筋混凝土構造,70年1月12日,四層,
RPRPMLOLPHOFFCD98CC,27,189.52,住家用,鋼筋混凝土構造,81年5月8日,五層,
RPTNMLPLPHOFFCD09CC,24,49.97,住家用,鋼筋混凝土構造,84年11月6日,二十層,
RPTNMLPLPHOFFCD09CC,24,10.49,共有部分,鋼筋混凝土構造,84年11月6日,二十層,
RPTNMLPLPHOFFCD09CC,24,13.17,共有部分,鋼筋混凝土構造,84年11月6日,二十層,
RPWOMLPLPHOFFCD86CC,34,87.81,住家用,鋼筋混凝土構造,74年5月31日,五層,
RPWOMLPLPHOFFCD86CC,34,11.61,共有部分,鋼筋混凝土構造,74年5月31日,五層,
RPXNMLNLPHOFFAD09CC,37,96.14,住家用,鋼筋混凝土造,71年5月21日,十層,
RPVNMLOLPHOFFAD98CC,2,56.75,見其他登記事項,見其他登記事項,106年1月24日,二十六層,
RPVNMLOLPHOFFAD98CC,2,57.95,見其他登記事項,見其他登記事項,106年1月24日,二十六層,
RPWNMLNLPHOFFAD98CC,23,116.93,住商用,鋼筋混凝土造,85年12月17日,四層,
RPQPMLQLPHOFFCD09CC,48,37.40,住家用,鋼筋混凝土構造,60年12月12日,四層,
RPTPMLQLPHOFFCD76CC,48,37.40,住家用,鋼筋混凝土構造,60年12月12日,四層,
RPQPMLQLPHOFFCD09CC,48,1.75,共有部分,鋼筋混凝土構造,60年12月12日,四層,
RPTPMLQLPHOFFCD76CC,48,1.75,共有部分,鋼筋混凝土構造,60年12月12日,四層,
RPUPMLQLPHOFFCD86CC,38,104.49,住家用,鋼筋混凝土構造,70年12月18日,五層,
RPUPMLQLPHOFFCD86CC,38,21.95,共有部分,鋼筋混凝土構造,70年12月18日,五層,
RPROMLQLPHOFFKD27CC,9,19.31,住家用,鋼筋混凝土構造,99年12月23日,四層,
RPQOMLQLPHOFFKD17CC,9,19.31,住家用,鋼筋混凝土構造,99年12月23日,四層,
RPPPMLQLPHOFFCD98CC,48,37.40,住家用,鋼筋混凝土構造,60年12月12日,四層,
RPPPMLQLPHOFFCD98CC,48,1.75,共有部分,鋼筋混凝土構造,60年12月12日,四層,
RPWOMLQLPHOFFCD96CC,24,84.29,住家用,鋼筋混凝土構造,84年11月6日,二十層,
RPWOMLQLPHOFFCD96CC,24,12.04,共有部分,鋼筋混凝土構造,84年11月6日,二十層,
RPWOMLQLPHOFFCD96CC,24,22.02,共有部分,鋼筋混凝土構造,84年11月6日,二十層,
RPSOMLQLPHOFFKD37CC,9,20.60,住家用,鋼筋混凝土構造,99年12月23日,四層,
RPVOMLQLPHOFFKD67CC,12,235.63,住家用,鋼筋混凝土構造,96年1月8日,四層,
RPSNMLPLPHOFFAD78CC,13,65.66,見其他登記事項,見其他登記事項,95年10月1日,十四層,
RPSNMLPLPHOFFAD78CC,13,12.43,共有部分,見其他登記事項,95年10月1日,十四層,
RPSNMLPLPHOFFAD78CC,13,15.91,共有部分,見其他登記事項,95年10月1日,十四層,
RPROMLPLPHOFFAD78CC,28,104.18,住家用,鋼筋混凝土造,80年1月28日,五層,
RPROMLPLPHOFFAD78CC,28,7.66,共有部分,鋼筋混凝土造,80年1月28日,五層,
RPROMLPLPHOFFAD78CC,28,9.12,共有部分,鋼筋混凝土造,80年1月28日,五層,
RPWPMLPLPHOFFAD76CC,9,94.48,見其他登記事項,見其他登記事項,99年8月13日,一層,
RPXNMLPLPHOFFAD66CC,12,53.94,見其他登記事項,鋼筋混凝土造,96年4月16日,四層,
RPWNMLQLPHOFFAD66CC,41,42.06,住商用,鋼筋混凝土造,67年10月26日,十二層,
RPUNMLPLPHOFFAD98CC,24,287.34,住家用,鋼筋混凝土造,84年7月8日,五層,
RPUNMLPLPHOFFAD98CC,24,34.46,共有部分,鋼筋混凝土造,84年7月8日,五層,
RPWNMLQLPHOFFID47CC,16,29.42,農舍,鋼筋混凝土構造,92年2月20日,三層,
RPUOMLQLPHOFFAD56CC,2,192.42,見其他登記事項,見其他登記事項,106年10月20日,一層,
RPUOMLQLPHOFFAD56CC,2,1.02,見其他登記事項,見其他登記事項,106年10月20日,一層,
RPQOMLQLPHOFFAD78CC,48,95.37,住工用,加強磚造,60年7月9日,二層,
RPROMLQLPHOFFAD88CC,30,150.10,住家用,鋼筋混凝土造,78年8月30日,四層,
RPTOMLQLPHOFFAD09CC,6,38.19,見其他登記事項,見其他登記事項,102年11月25日,十四層,
RPTOMLQLPHOFFAD09CC,6,11.30,見其他登記事項,見其他登記事項,102年11月25日,十四層,
RPTOMLQLPHOFFAD09CC,6,8.71,見其他登記事項,見其他登記事項,102年11月25日,十四層,
RPQNMLTLPHOFFAD09DC,45,73.40,住家用,加強磚造,63年11月7日,二層,
RPPNMLTLPHOFFAD88CC,23,17.28,住商用,鋼筋混凝土造,85年2月6日,五層,
RPVNMLTLPHOFFAD86CC,21,101.09,住家用,鋼筋混凝土造,87年8月15日,十五層,
RPVOMLQLPHOFFAD66CC,47,55.89,住家用,加強磚造,61年7月20日,二層,
RPWOMLTLPHOFFHD77CC,28,180.02,住家用,鋼筋混凝土構造,80年9月18日,三層,
RPOOMLTLPHOFFCD09CC,20,254.41,見其他登記事項,鋼筋混凝土構造,88年3月2日,五層,
RPXQMLKMPHOFFCD76CC,29,27.86,住家用,鋼筋混凝土構造,79年8月27日,六層,
RPXQMLKMPHOFFCD76CC,29,13.64,共有部分,鋼筋混凝土構造,79年8月27日,六層,
RPXOMLKMPHOFFAD98CC,37,111.24,住家用,加強磚造,71年8月20日,二層,
RPXNMLTLPHOFFKD08CC,5,16.53,見其他登記事項,見其他登記事項,103年7月15日,四層,
RPWNMLTLPHOFFKD97CC,5,16.53,見其他登記事項,見其他登記事項,103年7月15日,四層,
RPOOMLTLPHOFFKD27CC,5,16.53,見其他登記事項,見其他登記事項,103年7月15日,四層,
RPQOMLKMPHOFFKD66CC,29,29.75,住家用,鋼筋混凝土構造,79年10月12日,二層,
RPUOMLKMPHOFFKD07CC,26,68.58,住家用,鋼筋混凝土構造,82年5月24日,六層,
RPUOMLKMPHOFFKD07CC,26,22.65,共有部分,鋼筋混凝土構造,82年5月24日,六層,
RPSOMLKMPHOFFKD86CC,7,114.92,見其他登記事項,見其他登記事項,101年3月20日,十四層,
RPSOMLKMPHOFFKD86CC,7,70.91,見其他登記事項,見其他登記事項,101年3月20日,十四層,
RPPRMLKMPHOFFCD68CC,48,84.71,住商用,加強磚造,60年7月20日,二層,
RPVNMLKMPHOFFHD76CC,13,182.90,見其他登記事項,鋼筋混凝土構造,95年8月31日,三層,
RPSOMLLMPHOFFKD96CC,24,50.58,見其他登記事項,鋼筋混凝土構造,84年3月31日,十五層,
RPSOMLLMPHOFFKD96CC,24,10.63,共有部分,鋼筋混凝土構造,84年3月31日,十五層,
RPSPMLLMPHOFFKD07CC,24,59.54,見其他登記事項,鋼筋混凝土構造,84年3月31日,十五層,
RPSPMLLMPHOFFKD07CC,24,11.52,共有部分,鋼筋混凝土構造,84年3月31日,十五層,
RPTPMLLMPHOFFKD17CC,1,84.67,住家用,見其他登記事項,107年2月2日,十六層,
RPTPMLLMPHOFFKD17CC,1,4.05,見其他登記事項,見其他登記事項,107年2月2日,十六層,
RPTPMLLMPHOFFKD17CC,1,110.96,見其他登記事項,見其他登記事項,107年2月2日,十六層,
RPTPMLLMPHOFFKD17CC,1,21.44,見其他登記事項,見其他登記事項,107年2月2日,十六層,
RPTPMLKMPHOFFAD68CC,34,226.78,住商用,鋼筋混凝土造,74年11月19日,三層,
RPVQMLKMPHOFFAD98CC,22,111.35,住家用,鋼筋混凝土造,86年10月22日,二十四層,
RPVQMLKMPHOFFAD98CC,22,16.69,共有部分,鋼筋混凝土造,86年10月22日,二十四層,
RPVQMLKMPHOFFAD98CC,22,16.91,共有部分,鋼筋混凝土造,86年10月22日,二十四層,
RPUQMLKMPHOFFAD88CC,26,26.45,住商用,鋼筋混凝土造,82年4月21日,四層,
RPPOMLLMPHOFFAD28CC,21,43.96,見其他登記事項,鋼筋混凝土造,87年4月20日,十四層,
RPSOMLLMPHOFFAD58CC,48,26.45,住商用,鋼筋混凝土造,60年10月19日,四層,
RPOOMLLMPHOFFAD18CC,12,33.06,見其他登記事項,鋼筋混凝土造,96年4月27日,四層,
RPWNMLMJQHOFFCD98CC,26,13.22,住家用,鋼筋混凝土構造,82年7月19日,七層,
RPROMLLJQHOFFCD48CC,19,53.86,住家用,鋼筋混凝土構造,89年2月2日,八層,
RPROMLLJQHOFFCD48CC,19,25.01,共有部分,鋼筋混凝土構造,89年2月2日,八層,
RPQOMLLJQHOFFCD38CC,1,80.47,見其他登記事項,見其他登記事項,107年6月19日,十五層,
RPQOMLLJQHOFFCD38CC,1,64.18,見其他登記事項,見其他登記事項,107年6月19日,十五層,
RPTNMLMJQHOFFID66CC,23,76.42,住家用,鋼筋混凝土構造,85年7月31日,十三層,
RPTNMLMJQHOFFID66CC,23,20.41,共有部分,鋼筋混凝土構造,85年7月31日,十三層,
RPTNMLMJQHOFFCD68CC,26,55.18,住家用,鋼筋混凝土構造,82年9月11日,六層,
RPTNMLMJQHOFFCD68CC,26,6.46,共有部分,鋼筋混凝土構造,82年9月11日,六層,
RPTNMLMJQHOFFCD68CC,26,9.46,共有部分,鋼筋混凝土構造,82年9月11日,六層,
RPPOMLMJQHOFFCD48DC,32,190.86,住家用,鋼筋混凝土構造,76年9月3日,四層,
RPPNMLNJQHOFFDD48CC,38,92.80,國民住宅,鋼筋混凝土構造,70年4月25日,四層,
RPVNMLPJQHOFFKD37CC,3,95.00,住家用,見其他登記事項,105年5月12日,二十層,
RPVNMLPJQHOFFKD37CC,3,66.25,見其他登記事項,見其他登記事項,105年5月12日,二十層,
RPPNMLRJQHOFFBD68CC,2,50.82,住家用,鋼筋混凝土造,106年6月2日,四層,
RPPOMLQJQHOFFBD68CC,11,194.66,見其他登記事項,鋼筋混凝土構造,98年1月14日,四層,
RPUNMLMJQHOFFCD78CC,38,19.83,住商用,鋼筋混凝土構造,70年1月24日,三層,
RPQPMLQJQHOFFCD98CC,24,65.49,住家用,鋼筋混凝土構造,84年5月2日,六層,
RPQPMLQJQHOFFCD98CC,24,23.39,共有部分,鋼筋混凝土構造,84年5月2日,六層,
RPXNMLMJQHOFFCD09CC,26,98.78,住家用,鋼筋混凝土構造,82年10月28日,七層,
RPXNMLMJQHOFFCD09CC,26,30.33,共有部分,鋼筋混凝土構造,82年10月28日,七層,
RPRNMLNJQHOFFDD68CC,27,35.84,住家用,鋼筋混凝土構造,81年12月29日,五層,
RPPOMLRJQHOFFBD78CC,23,152.69,住家用,鋼筋混凝土造,85年2月6日,三層,
RPQNMLNJQHOFFDD58CC,20,128.63,國民住宅,鋼筋混凝土構造,88年3月17日,六層,
RPXNMLSJQHOFFKD87CC,40,91.70,住家用,加強磚造,69年1月16日,二層,
RPWOMLSJQHOFFKD87CC,24,144.57,住商用,鋼筋混凝土構造,84年10月9日,十五層,
RPWOMLSJQHOFFKD87CC,24,36.35,共有部分,鋼筋混凝土構造,84年10月9日,十五層,
RPOPMLSJQHOFFKD17CC,4,213.70,見其他登記事項,見其他登記事項,104年5月7日,四層,
RPVNMLRJQHOFFCD76CC,25,62.95,住家用,鋼筋混凝土構造,83年2月2日,七層,
RPVNMLRJQHOFFCD76CC,25,35.41,共有部分,鋼筋混凝土構造,83年2月2日,七層,
RPOOMLRJQHOFFCD78CC,6,109.62,見其他登記事項,鋼筋混凝土構造,102年10月23日,十二層,
RPOOMLRJQHOFFCD78CC,6,82.07,見其他登記事項,鋼筋混凝土構造,102年10月23日,十二層,
RPPNMLSJQHOFFCD88CC,37,87.30,住家用,鋼筋混凝土構造,71年2月26日,五層,
RPPNMLSJQHOFFCD88CC,37,.00,共有部分,鋼筋混凝土構造,71年2月26日,五層,
RPWNMLSJQHOFFCD96CC,11,203.41,見其他登記事項,鋼筋混凝土構造,97年12月19日,三層,
RPPNMLRJQHOFFID76CC,29,48.23,商業用,鋼筋混凝土構造,79年8月7日,四層,
RPPNMLRJQHOFFID76CC,29,34.96,見其他登記事項,鋼筋混凝土構造,79年8月7日,一層,
RPXNMLSJQHOFFID67CC,18,40.85,住家用,鋼筋混凝土構造,90年9月5日,四層,
RPPNMLTJQHOFFKD17CC,31,33.06,見其他登記事項,鋼筋混凝土構造,77年10月3日,四層,
RPSNMLTJQHOFFCD66CC,46,115.00,住家用,加強磚造,63年1月7日,二層,
RPXNMLSJQHOFFBD96CC,38,93.87,見其他登記事項,鋼筋混凝土構造,70年9月7日,四層,
RPXNMLSJQHOFFBD96CC,38,3.25,見其他登記事項,鋼筋混凝土構造,70年9月7日,四層,
RPXNMLSJQHOFFBD96CC,38,7.81,共有部分,鋼筋混凝土構造,70年9月7日,四層,
RPPNMLKKQHOFFHD68CC,3,125.94,住家用,鋼筋混凝土構造,105年7月11日,五層,
RPQNMLKKQHOFFHD78CC,40,106.68,住家用,加強磚造,68年8月1日,二層,
RPTNMLLJQHOFFAD38CC,37,79.69,住家用,鋼筋混凝土造,71年2月26日,五層,
RPTNMLNJQHOFFAD58CC,1,136.40,見其他登記事項,見其他登記事項,107年12月22日,一層,
RPTNMLNJQHOFFAD58CC,1,166.75,見其他登記事項,見其他登記事項,107年12月22日,一層,
RPSNMLLJQHOFFAD28CC,12,94.61,見其他登記事項,鋼筋混凝土造,96年12月27日,十九層,
RPSNMLLJQHOFFAD28CC,12,67.68,共有部分,鋼筋混凝土造,96年12月27日,十九層,
RPTNMLTJQHOFFAD56CC,23,27.43,見其他登記事項,鋼筋混凝土造,85年5月9日,七層,
RPTNMLTJQHOFFAD56CC,23,12.47,共有部分,鋼筋混凝土造,85年5月9日,七層,
RPTNMLSJQHOFFAD09CC,48,205.82,住商用,加強磚造,60年4月26日,四層,
