﻿編號,屋齡,建物移轉面積平方公尺,主要用途,主要建材,建築完成日期,總層數,建物分層
The serial number,room age,building shifting area square meter,the main use,main building materials,construction completes the date,total layer,building lamination
RPQNMLSKNHOFFBM76CA,2,180.61,住家用,鋼筋混凝土造,105年11月2日,四層,一層 二層 三層 四層
RPWNMLRLNHOFFCM47CA,1,249.94,住家用,鋼筋混凝土造,107年8月1日,四層,一層 二層 三層 四層
RPWNMLSLNHOFFCM57CA,3,254.62,見其他登記事項,鋼筋混凝土造,105年9月30日,三層,一層 二層 三層 騎樓 見其他登記事項
RPQNMLMLNHOFFDM09CA,4,191.09,見其他登記事項,鋼筋混凝土造,103年12月27日,三層,一層 二層 三層 見其他登記事項
RPPNMLLKOHOFFCM88DA,24,178.30,住家用,鋼筋混凝土造,84年9月14日,四層,一層 二層 三層 四層
RPQNMLPKNHOFFCM56CA,25,177.10,住家用,鋼筋混凝土造,83年8月13日,十五層,十三層
RPQNMLPKNHOFFCM56CA,25,13.06,見其他登記事項,鋼筋混凝土造,83年8月13日,十五層,
RPQNMLPKNHOFFBM09CA,39,134.10,住商用,鋼筋混凝土造,68年11月27日,二層,一層 二層 騎樓
RPTNMLPKNHOFFBM76CA,14,209.65,住家用,鋼筋混凝土造,94年4月6日,三層,一層 二層 三層 屋頂突出物
RPPNMLRKNHOFFBM56CA,38,51.80,農舍,鋼筋混凝土加強磚造,69年12月27日,二層,一層 二層
RPPNMLQKNHOFFAM98CA,1,208.02,見其他登記事項,鋼筋混凝土造,107年7月9日,四層,一層 二層 三層 四層 屋頂突出物
RPSNMLPKNHOFFAM56CA,14,89.53,住家用,鋼筋混凝土造,93年12月28日,十二層,十一層
RPSNMLPKNHOFFAM56CA,14,14.37,住家用,鋼筋混凝土造,93年12月28日,十二層,
RPSNMLPKNHOFFAM56CA,14,9.88,見其他登記事項,鋼筋混凝土造,93年12月28日,十二層,
RPPNMLOJOHOFFAM78CA,19,1100.68,見其他登記事項,鋼骨混凝土造,89年6月19日,一層,一層 地下層
RPSNMLOJOHOFFCM66CA,51,120.54,住商用,加強磚造,57年9月1日,二層,一層 二層 騎樓
RPPNMLPJOHOFFAM88CA,25,80.86,住家用,鋼筋混凝土造,83年6月8日,八層,四層
RPPNMLPJOHOFFAM88CA,25,28.18,見其他登記事項,鋼筋混凝土造,83年6月8日,八層,
RPTNMLPJOHOFFAM66CA,24,101.86,住家用,鋼筋混凝土造,83年11月9日,十六層,六層
RPTNMLPJOHOFFAM66CA,24,16.65,見其他登記事項,鋼筋混凝土造,83年11月9日,十六層,
RPPOMLQJOHOFFCM66CA,20,125.79,住家用,鋼筋混凝土造,87年10月19日,三層,一層 二層 三層
RPPOMLQKNHOFFAM09CA,27,132.10,住家用,鋼筋混凝土造,81年2月18日,三層,一層 二層 三層
RPUNMLNLNHOFFAM66CA,24,102.19,住家用,鋼筋混凝土造,83年11月9日,十六層,三層
RPUNMLNLNHOFFAM66CA,24,22.52,見其他登記事項,鋼筋混凝土造,83年11月9日,十六層,
RPVNMLKLNHOFFAM09CA,2,63.49,見其他登記事項,鋼筋混凝土造,106年5月8日,五層,四層
RPVNMLKLNHOFFAM09CA,2,39.00,見其他登記事項,鋼筋混凝土造,106年5月8日,五層,
RPPOMLRLNHOFFAM66CA,24,120.51,住家用,鋼筋混凝土造,83年11月9日,十六層,十一層
RPPOMLRLNHOFFAM66CA,24,15.63,見其他登記事項,鋼筋混凝土造,83年11月9日,十六層,
RPPNMLQKNHOFFCM56CA,21,248.47,住家用,鋼筋混凝土造,87年4月22日,四層,一層 二層 三層 四層 地下層
RPQNMLKLNHOFFBM68CA,38,60.14,住家用,鋼筋混凝土加強磚造,69年12月31日,二層,一層 二層 騎樓
RPVNMLPKNHOFFBM96CA,4,347.98,住家用,鋼筋混凝土造,103年12月22日,三層,一層 二層 三層
RPVNMLKLNHOFFDM76CA,2,197.95,見其他登記事項,鋼筋混凝土造,106年7月19日,三層,一層 二層 三層 見其他登記事項
RPPNMLQKNHOFFDM66CA,42,195.13,住工用,鋼筋混凝土加強磚造,66年3月20日,二層,一層 二層
RPWNMLNLNHOFFCM07CA,44,73.88,住家用,鋼筋混凝土加強磚造,64年6月30日,二層,一層 二層
RPQNMLQKNHOFFDM76CA,14,219.19,住家用,鋼筋混凝土造,94年3月2日,三層,一層 二層 三層 屋頂突出物
RPXNMLPJOHOFFCM27CA,25,27.03,見其他登記事項,鋼筋混凝土造,83年10月13日,十二層,四層
RPXNMLPJOHOFFCM27CA,25,13.71,見其他登記事項,鋼筋混凝土造,83年10月13日,十二層,
RPTNMLKLNHOFFDM56CA,30,140.00,住家用,鋼筋混凝土造,78年5月22日,二層,一層 二層
RPWNMLMKOHOFFBM86CA,1,204.57,見其他登記事項,鋼筋混凝土造,107年8月22日,三層,一層 二層 三層 見其他登記事項
RPWNMLMKOHOFFBM86CA,1,.15,見其他登記事項,鋼筋混凝土造,107年8月22日,一層,
RPTNMLLLNHOFFDM66CA,39,54.18,住商用,鋼筋混凝土加強磚造,68年12月19日,二層,一層 二層 騎樓
RPPOMLRKNHOFFCM76CA,22,193.41,住家用,鋼筋混凝土造,86年2月3日,三層,一層 二層 三層 屋頂突出物
RPRNMLKLNHOFFBM78CA,16,163.97,住家用,鋼筋混凝土造,92年8月4日,三層,一層 二層 三層 電梯樓梯間
RPQNMLKLNHOFFCM78CA,40,125.65,住家用,鋼筋混凝土加強磚造,67年8月30日,二層,一層 二層
RPTNMLKLNHOFFBM98CA,18,217.86,住家用,鋼筋混凝土造,90年8月17日,四層,一層 二層 三層 四層
RPWNMLKLNHOFFBM66CA,39,99.44,住商用,鋼筋混凝土造,69年6月26日,二層,一層 二層 騎樓
RPRNMLNLNHOFFBM09CA,11,222.21,住家用,鋼筋混凝土造,96年11月26日,四層,一層 二層 三層 四層
RPPNMLSKNHOFFBM66CA,40,45.42,住家用,鋼筋混凝土加強磚造,68年3月14日,二層,一層 二層
RPPNMLSKNHOFFBM66CA,40,45.42,住家用,鋼筋混凝土加強磚造,68年3月14日,二層,一層 二層
RPQOMLOLNHOFFAM09CA,30,93.60,住家用,加強磚造,78年2月4日,二層,一層 二層
RPPNMLSKNHOFFAM56CA,10,189.62,住家用,鋼筋混凝土造,97年10月31日,三層,一層 二層 三層
RPSNMLMLNHOFFAM98CA,29,11441.71,見其他登記事項,見其他登記事項,79年10月17日,三層,一層 二層 三層 地下層
RPQNMLPJOHOFFAM98CA,23,32.46,住家用,鋼筋混凝土造,85年4月10日,七層,四層
RPQNMLPJOHOFFAM98CA,23,12.67,見其他登記事項,鋼筋混凝土造,85年4月10日,七層,
RPPNMLSLNHOFFAM66CA,4,270.62,見其他登記事項,鋼筋混凝土造,103年10月23日,四層,一層 二層 三層 四層 見其他登記事項
RPPNMLSLNHOFFAM66CA,4,.56,住家用,鋼筋混凝土造,103年10月23日,一層,一層
RPUNMLKLNHOFFBM09CA,28,18.51,住家用,鋼筋混凝土造,79年12月15日,五層,三層
RPUNMLKLNHOFFBM09CA,28,5.92,見其他登記事項,鋼筋混凝土造,79年12月15日,五層,
RPSNMLPJOHOFFAM56CA,22,86.72,住家用,鋼筋混凝土造,86年9月19日,十四層,十三層
RPSNMLPJOHOFFAM56CA,22,21.62,見其他登記事項,鋼筋混凝土造,86年9月19日,十四層,
RPSNMLPJOHOFFAM56CA,22,17.18,停車空間,鋼筋混凝土造,86年9月19日,十四層,
RPRNMLPJOHOFFAM09CA,25,99.76,住家用,鋼筋混凝土造,83年6月17日,八層,三層
RPRNMLPJOHOFFAM09CA,25,35.62,見其他登記事項,鋼筋混凝土造,83年6月17日,八層,
RPSNMLKLNHOFFBM88CA,41,95.83,住家用,鋼筋混凝土加強磚造,67年8月9日,二層,一層 二層
RPWNMLSLOHOFFBM57CA,,190.83,見其他登記事項,鋼筋混凝土造,107年10月11日,四層,一層 二層 三層 四層
RPWNMLSLOHOFFBM57CA,,.17,住家用,鋼筋混凝土造,107年10月11日,一層,一層
RPWNMLSLOHOFFBM57CA,,.41,住家用,鋼筋混凝土造,107年10月11日,一層,一層
RPUNMLSLOHOFFBM37CA,,.41,住家用,鋼筋混凝土造,107年10月11日,一層,一層
RPUNMLSLOHOFFBM37CA,,.17,住家用,鋼筋混凝土造,107年10月11日,一層,一層
RPUNMLSLOHOFFBM37CA,,193.44,見其他登記事項,鋼筋混凝土造,107年10月11日,四層,一層 二層 三層 四層
RPVNMLSLOHOFFBM47CA,,190.08,見其他登記事項,鋼筋混凝土造,107年10月11日,四層,一層 二層 三層 四層
RPVNMLSLOHOFFBM47CA,,.17,住家用,鋼筋混凝土造,107年10月11日,一層,一層
RPVNMLSLOHOFFBM47CA,,.41,住家用,鋼筋混凝土造,107年10月11日,一層,一層
RPTNMLSLOHOFFBM27CA,,.17,住家用,鋼筋混凝土造,107年10月11日,一層,一層
RPTNMLSLOHOFFBM27CA,,267.50,見其他登記事項,鋼筋混凝土造,107年10月11日,四層,一層 二層 三層 四層
RPTNMLSLOHOFFBM27CA,,.41,住家用,鋼筋混凝土造,107年10月11日,一層,一層
RPPNMLKLNHOFFCM68CA,,119.60,住家用,鋼筋混凝土加強磚造,,二層,一層 二層 騎樓
RPROMLTLNHOFFBM17CA,38,123.84,住家用,鋼筋混凝土造,69年12月27日,二層,一層 二層
RPSNMLRKNHOFFDM07CA,2,286.76,見其他登記事項,鋼筋混凝土造,106年8月25日,五層,一層 二層 三層 四層 五層
RPSNMLRKNHOFFDM07CA,2,.46,見其他登記事項,鋼筋混凝土造,106年8月25日,一層,
RPQNMLRKNHOFFDM86CA,23,25.62,見其他登記事項,鋼筋混凝土造,85年3月9日,七層,五層
RPQNMLRKNHOFFDM86CA,23,4.32,見其他登記事項,鋼筋混凝土造,85年3月9日,七層,
RPQNMLRKNHOFFDM86CA,23,5.00,見其他登記事項,鋼筋混凝土造,85年3月9日,七層,
RPXNMLSLOHOFFBM67CA,,184.13,見其他登記事項,鋼筋混凝土造,107年10月11日,四層,一層 二層 三層 四層
RPXNMLSLOHOFFBM67CA,,.17,住家用,鋼筋混凝土造,107年10月11日,一層,一層
RPXNMLSLOHOFFBM67CA,,.41,住家用,鋼筋混凝土造,107年10月11日,一層,一層
RPPOMLSLOHOFFBM96CA,,.41,住家用,鋼筋混凝土造,107年10月11日,一層,一層
RPPOMLSLOHOFFBM96CA,,.17,住家用,鋼筋混凝土造,107年10月11日,一層,一層
RPPOMLSLOHOFFBM96CA,,189.17,見其他登記事項,鋼筋混凝土造,107年10月11日,四層,一層 二層 三層 四層
RPOOMLSLOHOFFBM86CA,,184.13,見其他登記事項,鋼筋混凝土造,107年10月11日,四層,一層 二層 三層 四層
RPOOMLSLOHOFFBM86CA,,.17,住家用,鋼筋混凝土造,107年10月11日,一層,一層
RPOOMLSLOHOFFBM86CA,,.41,住家用,鋼筋混凝土造,107年10月11日,一層,一層
RPTNMLMKOHOFFAM09CA,17,52.84,農舍,鋼筋混凝土造,90年8月24日,二層,一層 二層
RPQOMLSLOHOFFBM07CA,,.41,住家用,鋼筋混凝土造,107年10月11日,一層,一層
RPQOMLSLOHOFFBM07CA,,183.98,見其他登記事項,鋼筋混凝土造,107年10月11日,四層,一層 二層 三層 四層
RPQOMLSLOHOFFBM07CA,,.17,住家用,鋼筋混凝土造,107年10月11日,一層,一層
RPROMLSLOHOFFBM17CA,,.41,住家用,鋼筋混凝土造,107年10月11日,一層,一層
RPROMLSLOHOFFBM17CA,,.17,住家用,鋼筋混凝土造,107年10月11日,一層,一層
RPROMLSLOHOFFBM17CA,,183.21,見其他登記事項,鋼筋混凝土造,107年10月11日,四層,一層 二層 三層 四層
RPSOMLSLOHOFFBM27CA,,172.53,見其他登記事項,鋼筋混凝土造,107年10月11日,四層,一層 二層 三層 四層
RPSOMLSLOHOFFBM27CA,,.17,住家用,鋼筋混凝土造,107年10月11日,一層,一層
RPSOMLSLOHOFFBM27CA,,.41,住家用,鋼筋混凝土造,107年10月11日,一層,一層
RPTOMLSLOHOFFBM37CA,,166.22,見其他登記事項,鋼筋混凝土造,107年10月11日,四層,一層 二層 三層 四層
RPTOMLSLOHOFFBM37CA,,.17,住家用,鋼筋混凝土造,107年10月11日,一層,一層
RPTOMLSLOHOFFBM37CA,,.41,住家用,鋼筋混凝土造,107年10月11日,一層,一層
RPSNMLSLNHOFFAM96CA,25,161.51,住家用,鋼筋混凝土造,83年6月9日,三層,一層 二層 三層 屋頂突出物
RPXNMLRLNHOFFAM37CA,5,185.19,見其他登記事項,鋼筋混凝土造,102年11月27日,四層,一層 二層 三層 四層
RPTNMLOLNHOFFAM66CA,18,95.27,住家用,鋼筋混凝土造,90年3月21日,二層,一層 二層
RPRNMLTLNHOFFDM27CA,37,231.29,住商用,鋼筋混凝土造,70年10月7日,四層,一層 二層 三層 四層 騎樓
RPUOMLSLOHOFFBM47CA,,166.22,見其他登記事項,鋼筋混凝土造,107年10月11日,四層,一層 二層 三層 四層
RPUOMLSLOHOFFBM47CA,,.17,住家用,鋼筋混凝土造,107年10月11日,一層,一層
RPUOMLSLOHOFFBM47CA,,.41,住家用,鋼筋混凝土造,107年10月11日,一層,一層
RPVOMLSLOHOFFBM57CA,,166.22,見其他登記事項,鋼筋混凝土造,107年10月11日,四層,一層 二層 三層 四層
RPVOMLSLOHOFFBM57CA,,.17,住家用,鋼筋混凝土造,107年10月11日,一層,一層
RPVOMLSLOHOFFBM57CA,,.41,住家用,鋼筋混凝土造,107年10月11日,一層,一層
RPSNMLLLNHOFFCM09CA,23,76.03,見其他登記事項,鋼筋混凝土造,84年11月22日,十二層,五層
RPSNMLLLNHOFFCM09CA,23,17.28,見其他登記事項,鋼筋混凝土造,84年11月22日,十二層,
RPWOMLSLOHOFFBM67CA,,.41,住家用,鋼筋混凝土造,107年10月11日,一層,一層
RPWOMLSLOHOFFBM67CA,,.17,住家用,鋼筋混凝土造,107年10月11日,一層,一層
RPWOMLSLOHOFFBM67CA,,183.98,見其他登記事項,鋼筋混凝土造,107年10月11日,四層,一層 二層 三層 四層
RPPNMLMLNHOFFCM88CA,21,125.79,住家用,鋼筋混凝土造,87年10月19日,三層,一層 二層 三層
RPRNMLNJOHOFFCM09CA,34,111.97,住商用,鋼筋混凝土造,74年7月19日,二層,一層 二層 騎樓
RPPNMLSLNHOFFDM96CA,13,192.71,住家用,鋼筋混凝土造,95年1月26日,三層,一層 二層 三層 屋頂突出物
RPPNMLRLNHOFFCM76CA,25,74.64,見其他登記事項,鋼筋混凝土造,83年1月14日,十一層,十層
RPPNMLRLNHOFFCM76CA,25,37.38,見其他登記事項,鋼筋混凝土造,83年1月14日,十一層,
RPROMLNLNHOFFCM66CA,44,80.20,住家用,鋼筋混凝土加強磚造,64年6月27日,二層,一層 二層
RPVNMLOLNHOFFCM07CA,47,175.67,見其他登記事項,見其他登記事項,,三層,一層 二層 三層 騎樓
RPXNMLNLNHOFFCM17CA,44,67.38,住家用,鋼筋混凝土加強磚造,64年7月3日,二層,一層 二層
RPUNMLLMNHOFFEM96CA,50,194.18,住商用,鋼筋混凝土加強磚造,58年1月27日,三層,一層 二層 三層 騎樓
RPXOMLSLOHOFFBM77CA,,.41,住家用,鋼筋混凝土造,107年10月11日,一層,一層
RPXOMLSLOHOFFBM77CA,,.17,住家用,鋼筋混凝土造,107年10月11日,一層,一層
RPXOMLSLOHOFFBM77CA,,190.08,見其他登記事項,鋼筋混凝土造,107年10月11日,四層,一層 二層 三層 四層
RPOPMLSLOHOFFBM96CA,,.41,住家用,鋼筋混凝土造,107年10月11日,一層,一層
RPOPMLSLOHOFFBM96CA,,.17,住家用,鋼筋混凝土造,107年10月11日,一層,一層
RPOPMLSLOHOFFBM96CA,,188.29,見其他登記事項,鋼筋混凝土造,107年10月11日,四層,一層 二層 三層 四層
RPPNMLLKOHOFFEM98CA,12,144.28,見其他登記事項,見其他登記事項,96年9月12日,二層,一層 二層 屋頂突出物
RPPPMLSLOHOFFBM07CA,,.41,住家用,鋼筋混凝土造,107年10月11日,一層,一層
RPPPMLSLOHOFFBM07CA,,.17,住家用,鋼筋混凝土造,107年10月11日,一層,一層
RPPPMLSLOHOFFBM07CA,,181.92,見其他登記事項,鋼筋混凝土造,107年10月11日,四層,一層 二層 三層 四層
RPRPMLSLOHOFFBM27CA,,.41,住家用,鋼筋混凝土造,107年10月11日,一層,一層
RPRPMLSLOHOFFBM27CA,,.17,住家用,鋼筋混凝土造,107年10月11日,一層,一層
RPRPMLSLOHOFFBM27CA,,181.92,見其他登記事項,鋼筋混凝土造,107年10月11日,四層,一層 二層 三層 四層
RPSPMLSLOHOFFBM37CA,,.41,住家用,鋼筋混凝土造,107年10月11日,一層,一層
RPSPMLSLOHOFFBM37CA,,.17,住家用,鋼筋混凝土造,107年10月11日,一層,一層
RPSPMLSLOHOFFBM37CA,,181.92,見其他登記事項,鋼筋混凝土造,107年10月11日,四層,一層 二層 三層 四層
RPSNMLOJOHOFFAM09CA,21,94.39,住家用,鋼筋混凝土造,87年3月6日,九層,一層
RPSNMLOJOHOFFAM09CA,21,14.18,見其他登記事項,鋼筋混凝土造,87年3月6日,九層,
RPSNMLOJOHOFFAM09CA,,.42,見其他登記事項,鋼筋混凝土造,,九層,地下一層
RPSNMLOJOHOFFAM09CA,21,.06,見其他登記事項,鋼筋混凝土造,87年3月6日,九層,
RPSNMLOJOHOFFAM09CA,21,12.98,見其他登記事項,鋼筋混凝土造,87年3月6日,九層,
RPSNMLOJOHOFFAM09CA,21,11.19,見其他登記事項,鋼筋混凝土造,87年3月6日,九層,
RPSNMLNJOHOFFAM98CA,25,185.25,住家用,鋼筋混凝土造,83年1月11日,四層,一層 二層 三層 四層 屋頂突出物
RPPNMLNKOHOFFBM88CA,,161.09,見其他登記事項,鋼筋混凝土造,107年8月22日,三層,一層 二層 三層 見其他登記事項
RPPNMLNKOHOFFBM88CA,,.15,見其他登記事項,鋼筋混凝土造,107年8月22日,一層,
RPRNMLNKOHOFFDM76DA,18,105.58,住家用,鋼筋混凝土造,90年8月17日,三層,一層 二層 三層
RPQNMLOLNHOFFAM98CA,1,210.74,住家用,鋼筋混凝土造,106年12月14日,四層,一層 二層 三層 四層
RPSNMLLKOHOFFBM98CA,40,107.65,住商用,鋼筋混凝土造,68年8月31日,四層,一層 二層 三層 四層 騎樓
RPRNMLMKOHOFFAM88CA,26,170.65,見其他登記事項,鋼筋混凝土造,82年8月26日,三層,一層 二層 三層 屋頂突出物 騎樓
RPWNMLKMNHOFFAM66CA,1,158.91,住家用,鋼筋混凝土造,106年12月18日,三層,一層 二層 三層
RPTOMLNJOHOFFBM66CA,,59.30,見其他登記事項,鋼筋混凝土造,107年11月27日,九層,二層
RPTOMLNJOHOFFBM66CA,,59.87,見其他登記事項,鋼筋混凝土造,107年11月27日,九層,
RPUOMLNJOHOFFBM76CA,,76.16,見其他登記事項,鋼筋混凝土造,107年11月27日,九層,八層
RPUOMLNJOHOFFBM76CA,,67.49,見其他登記事項,鋼筋混凝土造,107年11月27日,九層,
RPROMLNJOHOFFBM09CA,,53.35,見其他登記事項,鋼筋混凝土造,107年11月27日,九層,一層
RPROMLNJOHOFFBM09CA,,57.24,見其他登記事項,鋼筋混凝土造,107年11月27日,九層,
RPTPMLSLOHOFFBM47CA,,.41,住家用,鋼筋混凝土造,107年10月11日,一層,一層
RPTPMLSLOHOFFBM47CA,,.17,住家用,鋼筋混凝土造,107年10月11日,一層,一層
RPTPMLSLOHOFFBM47CA,,217.86,見其他登記事項,鋼筋混凝土造,107年10月11日,四層,一層 二層 三層 四層
RPUPMLSLOHOFFBM57CA,,.41,住家用,鋼筋混凝土造,107年10月11日,一層,一層
RPUPMLSLOHOFFBM57CA,,.17,住家用,鋼筋混凝土造,107年10月11日,一層,一層
RPUPMLSLOHOFFBM57CA,,193.13,見其他登記事項,鋼筋混凝土造,107年10月11日,四層,一層 二層 三層 四層
RPSOMLNJOHOFFBM56CA,,59.84,見其他登記事項,鋼筋混凝土造,107年11月27日,九層,二層
RPSOMLNJOHOFFBM56CA,,60.17,見其他登記事項,鋼筋混凝土造,107年11月27日,九層,
RPVPMLSLOHOFFBM67CA,,.41,住家用,鋼筋混凝土造,107年10月11日,一層,一層
RPVPMLSLOHOFFBM67CA,,.17,住家用,鋼筋混凝土造,107年10月11日,一層,一層
RPVPMLSLOHOFFBM67CA,,177.33,見其他登記事項,鋼筋混凝土造,107年10月11日,四層,一層 二層 三層 四層
RPWPMLSLOHOFFBM77CA,,.41,住家用,鋼筋混凝土造,107年10月11日,一層,一層
RPWPMLSLOHOFFBM77CA,,.17,住家用,鋼筋混凝土造,107年10月11日,一層,一層
RPWPMLSLOHOFFBM77CA,,183.72,見其他登記事項,鋼筋混凝土造,107年10月11日,四層,一層 二層 三層 四層
RPQNMLKKOHOFFCM78CA,26,329.58,農舍,鋼筋混凝土造,82年4月26日,二層,一層 二層
RPUNMLTLNHOFFCM47CA,23,105.74,見其他登記事項,鋼筋混凝土造,84年11月22日,十二層,五層
RPUNMLTLNHOFFCM47CA,23,38.97,見其他登記事項,鋼筋混凝土造,84年11月22日,十二層,
RPPNMLKMNHOFFBM68CA,51,95.85,商業用,鋼筋混凝土加強磚造,57年1月22日,三層,一層 二層 三層
RPPNMLKMNHOFFBM68CA,51,95.85,商業用,鋼筋混凝土加強磚造,57年1月22日,三層,一層 二層 三層
RPPNMLKMNHOFFBM68CA,31,85.00,住商用,鋼筋混凝土造,77年10月20日,三層,一層 二層 三層 騎樓
RPPNMLKMNHOFFBM68CA,31,85.00,住商用,鋼筋混凝土造,77年10月20日,三層,一層 二層 三層 騎樓
RPSNMLTLNHOFFDM37CA,39,94.50,住商用,鋼筋混凝土加強磚造,69年2月11日,二層,一層 二層 騎樓
RPXNMLLKOHOFFBM86CA,,60.52,見其他登記事項,鋼筋混凝土造,107年11月27日,九層,五層
RPXNMLLKOHOFFBM86CA,,60.46,見其他登記事項,鋼筋混凝土造,107年11月27日,九層,
RPSNMLSLNHOFFCM17CA,17,280.87,見其他登記事項,鋼筋混凝土造,91年1月25日,五層,一層 二層 三層 四層 五層 地下層
RPSNMLSLNHOFFCM17CA,17,18.88,見其他登記事項,鋼筋混凝土造,91年1月25日,,
RPOQMLSLOHOFFBM07CA,,.41,住家用,鋼筋混凝土造,107年10月11日,一層,一層
RPOQMLSLOHOFFBM07CA,,.17,住家用,鋼筋混凝土造,107年10月11日,一層,一層
RPOQMLSLOHOFFBM07CA,,239.42,見其他登記事項,鋼筋混凝土造,107年10月11日,四層,一層 二層 三層 四層
RPXPMLSLOHOFFBM87CA,,.41,住家用,鋼筋混凝土造,107年10月11日,一層,一層
RPXPMLSLOHOFFBM87CA,,231.53,見其他登記事項,鋼筋混凝土造,107年10月11日,四層,一層 二層 三層 四層
RPXPMLSLOHOFFBM87CA,,.17,住家用,鋼筋混凝土造,107年10月11日,一層,一層
RPPNMLPLNHOFFDM66CA,23,23.90,見其他登記事項,鋼筋混凝土造,85年3月9日,七層,七層
RPPNMLPLNHOFFDM66CA,23,4.08,見其他登記事項,鋼筋混凝土造,85年3月9日,七層,
RPPNMLPLNHOFFDM66CA,23,6.43,見其他登記事項,鋼筋混凝土造,85年3月9日,七層,
RPTNMLOLNHOFFDM96CA,24,33.75,農舍,鋼筋混凝土造,84年10月3日,二層,一層 二層
RPPNMLLMNHOFFBM78CA,2,289.59,見其他登記事項,鋼筋混凝土造,105年12月1日,四層,一層 二層 三層 四層 見其他登記事項
RPUNMLLMNHOFFCM76CA,14,92.15,見其他登記事項,鋼筋混凝土造,93年11月12日,十層,九層
RPUNMLLMNHOFFCM76CA,14,37.05,見其他登記事項,鋼筋混凝土造,93年11月12日,十層,
RPRNMLTLNHOFFAM96CA,24,91.71,住家用,鋼筋混凝土造,83年11月30日,四層,三層 四層 屋頂突出物
RPRNMLTLNHOFFAM96CA,24,13.46,見其他登記事項,鋼筋混凝土造,83年11月30日,四層,
RPPNMLRLNHOFFAM56CA,39,85.32,住家用,鋼筋混凝土加強磚造,69年1月21日,二層,一層 二層
RPRNMLSLNHOFFAM86CA,2,232.00,見其他登記事項,鋼筋混凝土造,106年5月19日,三層,一層 二層 三層
RPQNMLPJOHOFFCM56CA,26,182.57,住商用,鋼筋混凝土造,81年12月10日,三層,一層 二層 三層 騎樓
RPQOMLTLNHOFFBM07CA,23,178.52,住商用,鋼筋混凝土造,84年12月30日,四層,一層 二層 三層 四層 騎樓
RPPNMLTLNHOFFBM86CA,23,78.14,住家用,鋼筋混凝土造,84年12月20日,七層,六層
RPPNMLTLNHOFFBM86CA,23,24.83,見其他登記事項,鋼筋混凝土造,84年12月20日,七層,
RPQNMLTKOHOFFCM07CA,12,161.06,見其他登記事項,鋼筋混凝土造,96年1月31日,三層,一層 二層 三層 屋頂突出物
RPOOMLOJOHOFFAM78CA,3,231.44,見其他登記事項,鋼筋混凝土造,104年11月20日,三層,一層 二層 三層 見其他登記事項
RPOOMLOJOHOFFAM78CA,3,.32,見其他登記事項,鋼筋混凝土造,104年11月20日,一層,一層
RPPNMLLJOHOFFEM88CA,36,116.08,住商用,鋼筋混凝土加強磚造,72年8月8日,二層,一層 二層 騎樓
RPQNMLOJOHOFFBM09DA,34,196.68,住商用,鋼筋混凝土造,74年11月6日,三層,一層 二層 三層 騎樓
RPQNMLKMNHOFFDM98CA,21,162.07,住商用,鋼筋混凝土造,86年12月15日,三層,一層 二層 三層 騎樓
RPRNMLLMNHOFFDM56CA,23,31.74,見其他登記事項,鋼筋混凝土造,85年3月9日,七層,三層
RPRNMLLMNHOFFDM56CA,23,6.23,見其他登記事項,鋼筋混凝土造,85年3月9日,七層,
RPRNMLLMNHOFFDM56CA,23,7.86,見其他登記事項,鋼筋混凝土造,85年3月9日,七層,
RPTNMLTLNHOFFBM27CA,25,87.56,住商用,鋼筋混凝土造,83年4月11日,八層,一層 二層 騎樓
RPTNMLTLNHOFFBM27CA,25,14.83,見其他登記事項,鋼筋混凝土造,83年4月11日,八層,
RPPNMLOJOHOFFBM88CA,8,207.42,見其他登記事項,鋼筋混凝土造,100年11月1日,三層,一層 二層 三層 見其他登記事項
RPUOMLOJOHOFFBM86CA,1,208.03,見其他登記事項,鋼筋混凝土造,106年11月24日,四層,一層 二層 三層 四層 見其他登記事項
SPPNMLRKOHOFFEM07CA,23,132.25,住家用,鋼筋混凝土造,84年12月4日,三層,一層 二層 三層
RPPNMLRKOHOFFEM96CA,23,132.25,住家用,鋼筋混凝土造,84年12月4日,三層,一層 二層 三層
RPVNMLOJOHOFFAM76CA,1,168.74,見其他登記事項,鋼筋混凝土造,107年9月21日,三層,一層 二層 三層 屋頂突出物
RPSNMLLMNHOFFAM98CA,25,144.42,住家用,鋼筋混凝土造,83年7月19日,三層,一層 二層 三層
RPRNMLLMNHOFFAM88CA,16,160.17,住家用,鋼筋混凝土造,92年4月22日,三層,一層 二層 三層 屋頂突出物
RPPNMLLJOHOFFAM48CA,1,87.12,見其他登記事項,鋼筋混凝土造,107年5月1日,五層,二層
RPPNMLLJOHOFFAM48CA,1,16.72,見其他登記事項,鋼筋混凝土造,107年5月1日,五層,
RPPNMLLJOHOFFAM48CA,1,22.89,見其他登記事項,鋼筋混凝土造,107年5月1日,一層,
RPVNMLOJOHOFFBM86CA,,60.52,見其他登記事項,鋼筋混凝土造,107年11月27日,九層,三層
RPVNMLOJOHOFFBM86CA,,60.46,見其他登記事項,鋼筋混凝土造,107年11月27日,九層,
RPVNMLMKOHOFFBM76CA,,179.53,見其他登記事項,鋼筋混凝土造,107年8月22日,三層,一層 二層 三層 見其他登記事項
RPVNMLMKOHOFFBM76CA,,.15,見其他登記事項,鋼筋混凝土造,107年8月22日,一層,
RPRNMLTKOHOFFCM17CA,46,211.31,住家用,鋼筋混凝土加強磚造,62年6月19日,三層,一層 二層 三層 騎樓
RPROMLQJOHOFFCM86CA,24,26.05,見其他登記事項,鋼筋混凝土造,83年10月13日,十二層,六層
RPROMLQJOHOFFCM86CA,24,13.88,見其他登記事項,鋼筋混凝土造,83年10月13日,十二層,
RPXNMLRKOHOFFCM57CA,34,98.95,住商用,鋼筋混凝土加強磚造,74年9月23日,二層,一層 二層 騎樓
RPTNMLOJOHOFFBM66CA,,57.32,見其他登記事項,鋼筋混凝土造,107年11月27日,九層,一層
RPTNMLOJOHOFFBM66CA,,58.99,見其他登記事項,鋼筋混凝土造,107年11月27日,九層,
RPSNMLLJPHOFFCM09CA,1,124.97,住家用,鋼筋混凝土造,107年8月1日,四層,一層 二層 三層 四層
RPSNMLLJPHOFFCM09CA,1,124.97,住家用,鋼筋混凝土造,107年8月1日,四層,一層 二層 三層 四層
RPXNMLLMNHOFFCM07CA,7,277.83,見其他登記事項,鋼筋混凝土造,101年5月10日,三層,一層 二層 三層 屋頂突出物
RPPOMLNJPHOFFCM09CA,,206.17,見其他登記事項,鋼筋混凝土造,107年11月14日,四層,一層 二層 三層 四層
RPSNMLOKOHOFFDM86CA,44,92.60,住商用,見其他登記事項,64年7月30日,二層,一層 二層 騎樓
RPTNMLOLOHOFFDM07CA,26,91.35,見其他登記事項,鋼筋混凝土造,82年4月29日,五層,二層
RPTNMLOLOHOFFDM07CA,26,21.34,見其他登記事項,鋼筋混凝土造,82年4月29日,五層,
RPWNMLOJOHOFFBM96CA,,61.61,見其他登記事項,鋼筋混凝土造,107年11月27日,九層,四層
RPWNMLOJOHOFFBM96CA,,60.95,見其他登記事項,鋼筋混凝土造,107年11月27日,九層,
RPXNMLOJOHOFFBM07CA,,56.98,見其他登記事項,鋼筋混凝土造,107年11月27日,九層,五層
RPXNMLOJOHOFFBM07CA,,58.90,見其他登記事項,鋼筋混凝土造,107年11月27日,九層,
RPUNMLKMNHOFFAM09CA,25,233.73,住家用,鋼筋混凝土造,82年12月9日,四層,一層 二層 三層 四層
RPRNMLTKOHOFFAM96CA,36,119.20,住家用,鋼筋混凝土加強磚造,72年9月24日,三層,一層 二層 三層
RPUOMLSKOHOFFAM27CA,15,36.40,住家用,鋼筋混凝土造,93年3月1日,五層,五層
RPUOMLSKOHOFFAM27CA,15,6.49,見其他登記事項,鋼筋混凝土造,93年3月1日,五層,
RPVNMLNJOHOFFAM66CA,23,134.90,農舍,木造,84年11月15日,一層,一層
RPPNMLNJOHOFFAM68CA,43,74.64,住商用,鋼筋混凝土加強磚造,65年5月12日,四層,一層 二層 三層 四層 騎樓
RPXNMLOJOHOFFAM96CA,28,143.13,住家用,鋼筋混凝土造,80年9月21日,三層,一層 二層 三層
RPSOMLSKOHOFFAM07CA,17,113.02,住家用,鋼筋混凝土造,91年4月15日,四層,一層
RPSOMLSKOHOFFAM07CA,17,8.20,見其他登記事項,鋼筋混凝土造,91年4月15日,四層,
RPRNMLKLOHOFFAM78CA,25,100.70,住家用,鋼筋混凝土造,82年11月15日,三層,一層 二層 三層
RPTOMLSKOHOFFAM17CA,2,140.18,住家用,鋼筋混凝土造,106年3月2日,三層,一層 二層 三層
RPPNMLNKOHOFFCM98CA,4,308.15,農舍,鋼筋混凝土造,104年7月1日,三層,一層 二層 三層 見其他登記事項
RPTNMLOLOHOFFCM96CA,28,503.35,見其他登記事項,鋼筋混凝土造,80年9月25日,四層,一層 二層 三層 四層 騎樓 地下一層
RPXNMLLKOHOFFDM07CA,2,206.18,見其他登記事項,鋼筋混凝土造,106年7月19日,三層,一層 二層 三層 見其他登記事項
RPPNMLQJOHOFFBM56DA,28,115.68,住家用,鋼筋混凝土造,80年9月20日,十層,九層
RPPNMLQJOHOFFBM56DA,28,14.37,見其他登記事項,鋼筋混凝土造,80年9月20日,十層,
RPPNMLQJOHOFFBM56DA,28,19.61,見其他登記事項,鋼筋混凝土造,80年9月20日,十一層,
RPPNMLQJOHOFFBM56DA,28,12.18,見其他登記事項,鋼筋混凝土造,80年9月20日,十一層,地下層
RPPNMLTLOHOFFBM96CA,4,94.93,見其他登記事項,鋼筋混凝土造,104年8月25日,七層,五層
RPPNMLTLOHOFFBM96CA,4,54.71,見其他登記事項,鋼筋混凝土造,104年8月25日,七層,
RPPNMLRJOHOFFDM76CA,38,36.12,住商用,加強磚造,70年3月3日,二層,一層 二層 騎樓
RPRNMLPLOHOFFBM76CA,35,256.80,住家用,鋼筋混凝土造,73年10月12日,三層,一層 二層 三層
RPQNMLPLOHOFFBM66CA,4,333.23,見其他登記事項,鋼筋混凝土造,104年2月25日,四層,一層 二層 三層 四層 見其他登記事項
RPSNMLOJOHOFFBM56CA,18,165.21,住家用,鋼筋混凝土造,90年5月9日,三層,一層 二層 三層 屋頂突出物 騎樓
RPPNMLSJOHOFFBM66CA,6,204.48,見其他登記事項,鋼筋混凝土造,102年1月29日,三層,一層 二層 三層
RPVNMLLKOHOFFAM56CA,1,172.34,見其他登記事項,鋼筋混凝土造,107年9月21日,三層,一層 二層 三層 屋頂突出物
RPUNMLLKOHOFFAM09CA,1,172.34,見其他登記事項,鋼筋混凝土造,107年9月21日,三層,一層 二層 三層 屋頂突出物
RPSNMLTKOHOFFAM07CA,1,248.05,見其他登記事項,鋼筋混凝土造,107年2月27日,四層,一層 二層 三層 四層
RPVNMLKKOHOFFCM66CA,40,69.00,住家用,鋼筋混凝土加強磚造,66年10月18日,二層,一層 二層
RPUNMLOKOHOFFAM76CA,1,219.83,見其他登記事項,鋼筋混凝土造,107年7月9日,四層,一層 二層 三層 四層 屋頂突出物
RPTNMLOJOHOFFAM56CA,36,76.80,住商用,鋼筋混凝土加強磚造,72年8月4日,二層,一層 二層
RPPNMLKKOHOFFAM48CA,24,86.32,住家用,鋼筋混凝土造,84年5月1日,七層,五層
RPPNMLKKOHOFFAM48CA,24,36.32,見其他登記事項,鋼筋混凝土造,84年5月1日,七層,
RPTNMLPLOHOFFBM96CA,1,161.09,見其他登記事項,鋼筋混凝土造,107年8月22日,三層,一層 二層 三層 見其他登記事項
RPTNMLPLOHOFFBM96CA,1,.15,見其他登記事項,鋼筋混凝土造,107年8月22日,一層,
RPUOMLQJOHOFFCM17CA,12,155.43,住家用,鋼骨鋼筋混凝土造,95年11月8日,三層,一層 二層 三層 見其他登記事項
RPRNMLSLOHOFFCM17CA,24,109.39,見其他登記事項,鋼筋混凝土造,84年9月7日,九層,四層
RPRNMLSLOHOFFCM17CA,24,53.40,見其他登記事項,鋼筋混凝土造,84年9月7日,九層,
RPSNMLKKOHOFFCM98CA,15,158.63,住家用,鋼筋混凝土造,93年3月24日,二層,一層 二層
RPPNMLLKPHOFFCM88CA,24,333.98,農舍,加強磚造,84年5月11日,二層,一層 二層 騎樓
RPOOMLQLOHOFFCM76CA,14,113.34,見其他登記事項,鋼筋混凝土造,93年11月12日,十層,六層
RPOOMLQLOHOFFCM76CA,14,42.80,見其他登記事項,鋼筋混凝土造,93年11月12日,十層,
RPVOMLQJOHOFFCM27CA,20,26.70,見其他登記事項,鋼筋混凝土造,87年12月31日,八層,六層
RPVOMLQJOHOFFCM27CA,20,13.37,見其他登記事項,鋼筋混凝土造,87年12月31日,八層,
RPSNMLQLOHOFFBM96CA,,61.02,見其他登記事項,鋼筋混凝土造,107年11月27日,九層,二層
RPSNMLQLOHOFFBM96CA,,60.65,見其他登記事項,鋼筋混凝土造,107年11月27日,九層,
RPRNMLQLOHOFFBM86CA,,69.92,見其他登記事項,鋼筋混凝土造,107年11月27日,九層,一層
RPRNMLQLOHOFFBM86CA,,64.66,見其他登記事項,鋼筋混凝土造,107年11月27日,九層,
RPPNMLLKOHOFFBM68CA,24,105.76,住商用,鋼筋混凝土造,84年5月12日,八層,一層 二層
RPPNMLLKOHOFFBM68CA,24,22.61,見其他登記事項,鋼筋混凝土造,84年5月12日,八層,
RPOOMLQJOHOFFAM98CA,25,158.78,住家用,鋼筋混凝土造,83年1月10日,三層,一層 二層 三層 屋頂突出物
RPSNMLMKOHOFFAM98CA,13,193.47,住家用,鋼筋混凝土造,95年1月9日,四層,一層 二層 三層 四層
RPUNMLKKOHOFFAM98CA,4,196.18,見其他登記事項,鋼筋混凝土造,104年6月3日,三層,一層 二層 三層 屋頂突出物
RPPNMLMKOHOFFAM68CA,1,55.11,見其他登記事項,鋼筋混凝土造,107年9月13日,五層,一層
RPPNMLMKOHOFFAM68CA,1,17.94,見其他登記事項,鋼筋混凝土造,107年9月13日,五層,
RPQNMLKLOHOFFAM68CA,40,73.28,住商用,鋼筋混凝土造,68年4月1日,二層,一層 二層 騎樓
RPPNMLKKOHOFFBM58CA,1,294.05,見其他登記事項,鋼筋混凝土造,107年9月10日,四層,一層 二層 三層 四層 見其他登記事項
RPUNMLMKOHOFFAM56CA,23,170.35,住家用,鋼筋混凝土造,85年6月5日,三層,一層 二層 三層 屋頂突出物
RPTNMLOLOHOFFAM76CA,1,171.15,見其他登記事項,鋼筋混凝土造,107年11月7日,三層,一層 二層 三層 屋頂突出物
RPSNMLOLOHOFFAM66CA,16,159.10,住家用,鋼筋混凝土造,91年7月25日,二層,一層 二層 屋頂突出物
RPVNMLKLOHOFFBM66CA,20,101.61,住家用,鋼筋混凝土造,88年2月12日,九層,二層
RPVNMLKLOHOFFBM66CA,20,49.14,見其他登記事項,鋼筋混凝土造,88年2月12日,九層,
RPVNMLQLOHOFFBM27CA,,116.72,見其他登記事項,鋼筋混凝土造,107年11月27日,九層,九層
RPVNMLQLOHOFFBM27CA,,119.06,見其他登記事項,鋼筋混凝土造,107年11月27日,九層,
RPUNMLQLOHOFFBM17CA,,61.61,見其他登記事項,鋼筋混凝土造,107年11月27日,九層,八層
RPUNMLQLOHOFFBM17CA,,60.95,見其他登記事項,鋼筋混凝土造,107年11月27日,九層,
RPTNMLQLOHOFFBM07CA,,60.52,見其他登記事項,鋼筋混凝土造,107年11月27日,九層,五層
RPTNMLQLOHOFFBM07CA,,60.46,見其他登記事項,鋼筋混凝土造,107年11月27日,九層,
RPPOMLTKOHOFFBM96CA,52,120.59,住家用,見其他登記事項,55年12月31日,二層,一層 二層 騎樓
RPUNMLMJPHOFFAM56CA,36,85.63,商業用,鋼筋混凝土造,72年1月12日,一層,一層 騎樓
RPTNMLMJPHOFFAM09CA,37,134.40,住商用,鋼筋混凝土加強磚造,70年12月1日,三層,一層 二層 三層 騎樓
RPRNMLRLOHOFFAM86CA,2,180.04,見其他登記事項,鋼筋混凝土造,106年8月29日,三層,一層 二層 三層 屋頂突出物
RPTNMLKKOHOFFCM09CA,9,56.06,農舍,見其他登記事項,99年8月3日,一層,一層
RPRNMLOKOHOFFAM09CA,17,165.25,住商用,鋼筋混凝土造,91年9月20日,四層,一層 二層 三層 四層
RPTNMLLKOHOFFAM98CA,4,187.70,住家用,鋼筋混凝土造,103年12月4日,四層,一層 二層 三層 四層 屋頂突出物
RPSNMLOJPHOFFCM76CA,,141.65,見其他登記事項,鋼筋混凝土造,108年3月19日,三層,一層 二層 三層
RPQNMLOJPHOFFCM56CA,,145.73,見其他登記事項,鋼筋混凝土造,108年3月19日,三層,一層 二層 三層
RPUNMLOJPHOFFCM96CA,,141.72,見其他登記事項,鋼筋混凝土造,108年3月19日,三層,一層 二層 三層
RPTNMLLJPHOFFAM98CA,,185.09,見其他登記事項,鋼筋混凝土造,107年12月4日,三層,一層 二層 三層 見其他登記事項
RPVNMLLKOHOFFDM86CA,30,194.90,住商用,鋼筋混凝土造,78年4月13日,三層,一層 二層 三層 騎樓
RPRNMLOLOHOFFBM66CA,27,129.49,住商用,鋼筋混凝土造,81年8月11日,三層,一層 二層 三層 騎樓
RPTNMLOLOHOFFBM86CA,5,1405.72,見其他登記事項,鋼筋混凝土造,103年8月21日,五層,一層 二層 三層 四層 五層 見其他登記事項
RPVNMLMKOHOFFAM76DA,30,186.45,住家用,鋼筋混凝土造,78年5月19日,三層,一層 二層 三層
RPUNMLKLOHOFFAM09CA,27,157.69,住家用,鋼筋混凝土造,81年9月10日,三層,一層 二層 三層
RPSNMLTLOHOFFAM17CA,1,181.41,見其他登記事項,鋼筋混凝土造,107年10月8日,三層,一層 二層 三層 屋頂突出物
RPUNMLOLOHOFFAM86CA,31,119.43,住家用,加強磚造,77年9月8日,二層,一層 二層
RPPNMLKMOHOFFAM68CA,1,151.90,住家用,鋼筋混凝土造,106年12月18日,三層,一層 二層 三層
RPTNMLOKOHOFFAM66CA,26,161.92,住家用,鋼筋混凝土造,82年10月7日,三層,一層 二層 三層 騎樓
RPVNMLOJPHOFFAM86CA,12,285.72,住商用,鋼筋混凝土造,96年1月31日,三層,一層 二層 三層 屋頂突出物 騎樓
RPXNMLRKOHOFFAM37CA,3,196.62,住家用,鋼筋混凝土造,105年10月28日,四層,一層 二層 三層 四層
RPUNMLMJPHOFFCM76CA,23,78.22,見其他登記事項,鋼筋混凝土造,85年2月9日,十五層,六層
RPUNMLMJPHOFFCM76CA,23,19.50,見其他登記事項,鋼筋混凝土造,85年2月9日,十五層,
RPUNMLPLOHOFFBM07CA,1,158.39,見其他登記事項,鋼筋混凝土造,107年8月22日,三層,一層 二層 三層 見其他登記事項
RPUNMLPLOHOFFBM07CA,1,.15,見其他登記事項,鋼筋混凝土造,107年8月22日,一層,
RPRNMLMJPHOFFCM09CA,46,107.88,住家用,鋼筋混凝土加強磚造,62年7月23日,二層,一層 二層 騎樓
RPPNMLKMOHOFFCM88CA,6,247.76,農舍,見其他登記事項,102年6月13日,二層,一層 二層
RPPNMLTKOHOFFDM07CA,4,191.09,見其他登記事項,鋼筋混凝土造,103年12月27日,三層,一層 二層 三層 見其他登記事項
RPVNMLMJPHOFFCM86CA,34,137.00,住家用,鋼筋混凝土造,74年5月31日,二層,一層 二層
RPTNMLSKOHOFFCM27CA,39,97.08,住家用,加強磚造,68年11月13日,二層,一層 二層 騎樓
RPQNMLRKOHOFFCM86CA,38,73.84,住家用,加強磚造,70年10月22日,一層,一層
RPUNMLOJPHOFFBM86CA,,.41,住家用,鋼筋混凝土造,107年10月11日,一層,一層
RPUNMLOJPHOFFBM86CA,,.17,住家用,鋼筋混凝土造,107年10月11日,一層,一層
RPUNMLOJPHOFFBM86CA,,184.13,見其他登記事項,鋼筋混凝土造,107年10月11日,四層,一層 二層 三層 四層
RPVNMLOJPHOFFBM96CA,,166.22,見其他登記事項,鋼筋混凝土造,107年10月11日,四層,一層 二層 三層 四層
RPVNMLOJPHOFFBM96CA,,.17,住家用,鋼筋混凝土造,107年10月11日,一層,一層
RPVNMLOJPHOFFBM96CA,,.41,住家用,鋼筋混凝土造,107年10月11日,一層,一層
RPPOMLRKOHOFFCM86CA,38,72.95,住商用,見其他登記事項,70年1月16日,二層,一層 二層
RPSNMLTKOHOFFBM17CA,6,12.00,農舍,見其他登記事項,102年4月1日,一層,一層
RPPNMLOLOHOFFBM09CA,1,235.65,見其他登記事項,鋼筋混凝土造,107年9月10日,四層,一層 二層 三層 四層
RPQNMLMLOHOFFBM98CA,20,172.84,住家用,鋼筋混凝土造,88年6月5日,三層,一層 二層 三層 屋頂突出物
RPPNMLLJPHOFFAM58CA,17,174.73,見其他登記事項,鋼筋混凝土造,91年3月1日,五層,一層 二層 三層 四層 地下一層
RPPNMLLJPHOFFAM58CA,17,46.74,見其他登記事項,鋼筋混凝土造,91年3月1日,五層,
RPOOMLKKPHOFFAM58CA,35,133.34,住家用,鋼筋混凝土加強磚造,73年5月26日,二層,一層 二層
RPQNMLMLOHOFFAM88CA,1,180.08,見其他登記事項,鋼筋混凝土造,107年1月8日,四層,一層 二層 三層 四層
RPVNMLPLOHOFFDM37CA,31,194.06,住商用,鋼筋混凝土造,77年10月12日,三層,一層 二層 三層 騎樓
RPVNMLKLOHOFFAM56CA,38,140.86,住家用,鋼筋混凝土加強磚造,70年6月23日,二層,一層 二層 騎樓
RPSNMLPLOHOFFAM76CA,5,336.00,住家用,鋼筋混凝土造,103年11月6日,四層,一層 二層 三層 四層
RPUNMLKLOHOFFBM56CA,36,92.88,住家用,鋼筋混凝土造,72年4月12日,四層,一層
RPUNMLKLOHOFFBM56CA,36,5.40,國民住宅,鋼筋混凝土造,72年4月12日,四層,
RPUNMLKLOHOFFBM56CA,36,1.68,國民住宅,鋼筋混凝土造,72年4月12日,四層,
RPUNMLKLOHOFFBM56CA,36,.84,國民住宅,鋼筋混凝土造,72年4月12日,四層,
RPSNMLMJPHOFFAM98CA,18,126.16,住家用,鋼筋混凝土造,90年7月3日,三層,一層 二層 三層
RPROMLSKOHOFFAM96CA,1,230.37,見其他登記事項,鋼筋混凝土造,107年7月9日,四層,一層 二層 三層 四層 屋頂突出物
RPRNMLTLOHOFFAM07CA,26,75.49,住家用,鋼筋混凝土造,82年3月22日,八層,一層
RPRNMLTLOHOFFAM07CA,26,8.78,見其他登記事項,鋼筋混凝土造,82年3月22日,八層,
RPPNMLTKOHOFFAM76CA,25,14.15,住家用,鋼筋混凝土造,83年4月27日,五層,一層
RPPNMLTKOHOFFAM76CA,25,4.20,住家用,鋼筋混凝土造,83年4月27日,五層,
RPVNMLTKOHOFFAM37CA,3,.32,見其他登記事項,鋼筋混凝土造,104年11月20日,一層,一層
RPVNMLTKOHOFFAM37CA,3,221.16,見其他登記事項,鋼筋混凝土造,104年11月20日,三層,一層 二層 三層 見其他登記事項
RPWNMLOJPHOFFBM07CA,1,.41,住家用,鋼筋混凝土造,107年10月11日,一層,一層
RPWNMLOJPHOFFBM07CA,1,.17,住家用,鋼筋混凝土造,107年10月11日,一層,一層
RPWNMLOJPHOFFBM07CA,1,183.98,見其他登記事項,鋼筋混凝土造,107年10月11日,四層,一層 二層 三層 四層
RPOOMLOJPHOFFCM09CA,25,117.60,住家用,鋼筋混凝土造,83年8月1日,三層,一層 二層 三層
RPXNMLOJPHOFFBM17CA,,184.13,見其他登記事項,鋼筋混凝土造,107年10月11日,四層,一層 二層 三層 四層
RPXNMLOJPHOFFBM17CA,,.17,住家用,鋼筋混凝土造,107年10月11日,一層,一層
RPXNMLOJPHOFFBM17CA,,.41,住家用,鋼筋混凝土造,107年10月11日,一層,一層
RPXNMLNJPHOFFBM17DA,15,205.20,住家用,鋼筋混凝土造,93年11月15日,四層,一層 二層 三層 四層 屋頂突出物 地下層
RPVNMLOJPHOFFCM07CA,,145.53,見其他登記事項,鋼筋混凝土造,108年3月19日,三層,一層 二層 三層
RPPOMLKKPHOFFBM78CA,2,211.68,見其他登記事項,鋼筋混凝土造,106年9月25日,四層,一層 二層 三層 四層
RPTNMLTJPHOFFCM37CA,25,1.15,見其他登記事項,鋼筋混凝土造,83年7月8日,十二層,地下層
RPTNMLTJPHOFFCM37CA,25,240.42,見其他登記事項,鋼筋混凝土造,83年7月8日,十二層,
RPTNMLTJPHOFFCM37CA,25,12.39,見其他登記事項,鋼筋混凝土造,83年7月8日,十二層,
RPTNMLTJPHOFFCM37CA,25,103.19,見其他登記事項,鋼筋混凝土造,83年7月8日,十二層,九層
RPOOMLOJPHOFFBM98CA,,184.13,見其他登記事項,鋼筋混凝土造,107年10月11日,四層,一層 二層 三層 四層
RPOOMLOJPHOFFBM98CA,,.17,住家用,鋼筋混凝土造,107年10月11日,一層,一層
RPOOMLOJPHOFFBM98CA,,.41,住家用,鋼筋混凝土造,107年10月11日,一層,一層
RPPOMLOJPHOFFBM09CA,,191.28,見其他登記事項,鋼筋混凝土造,107年10月11日,四層,一層 二層 三層 四層
RPPOMLOJPHOFFBM09CA,,.41,住家用,鋼筋混凝土造,107年10月11日,一層,一層
RPPOMLOJPHOFFBM09CA,,.17,住家用,鋼筋混凝土造,107年10月11日,一層,一層
RPQOMLOJPHOFFBM56CA,,166.22,見其他登記事項,鋼筋混凝土造,107年10月11日,四層,一層 二層 三層 四層
RPQOMLOJPHOFFBM56CA,,.17,住家用,鋼筋混凝土造,107年10月11日,一層,一層
RPQOMLOJPHOFFBM56CA,,.41,住家用,鋼筋混凝土造,107年10月11日,一層,一層
RPROMLOJPHOFFBM66CA,,.41,住家用,鋼筋混凝土造,107年10月11日,一層,一層
RPROMLOJPHOFFBM66CA,,.17,住家用,鋼筋混凝土造,107年10月11日,一層,一層
RPROMLOJPHOFFBM66CA,,181.92,見其他登記事項,鋼筋混凝土造,107年10月11日,四層,一層 二層 三層 四層
RPVNMLTKOHOFFBM47CA,44,111.72,住商用,鋼筋混凝土加強磚造,64年11月8日,二層,一層 二層 騎樓
RPWNMLTKOHOFFBM57CA,13,224.69,見其他登記事項,鋼筋混凝土造,95年4月6日,四層,一層 二層 三層 四層 騎樓
RPSOMLRLOHOFFAM07CA,27,111.75,住家用,鋼筋混凝土造,81年8月3日,三層,一層 二層 三層
RPRNMLLLOHOFFCM09CA,18,197.12,住商用,鋼筋混凝土造,90年10月25日,三層,一層 二層 三層 屋頂突出物
RPVNMLSKOHOFFAM27CA,39,114.14,住家用,鋼筋混凝土加強磚造,69年6月8日,二層,一層 二層 騎樓
RPPNMLMLOHOFFAM78CA,1,101.04,見其他登記事項,鋼筋混凝土造,107年5月1日,五層,四層
RPPNMLMLOHOFFAM78CA,1,16.86,見其他登記事項,鋼筋混凝土造,107年5月1日,五層,
RPPNMLMLOHOFFAM78CA,1,22.89,見其他登記事項,鋼筋混凝土造,107年5月1日,一層,
RPUNMLSKOHOFFAM17CA,43,87.00,住家用,加強磚造,65年4月2日,二層,一層 二層
RPQNMLKLOHOFFBM78CA,46,85.91,住家用,鋼筋混凝土加強磚造,62年11月19日,二層,一層 二層
RPWNMLKLOHOFFBM76CA,23,147.28,住商用,鋼筋混凝土造,85年3月12日,八層,一層 二層 三層
RPWNMLKLOHOFFBM76CA,23,28.28,見其他登記事項,鋼筋混凝土造,85年3月12日,八層,
RPUNMLTKOHOFFAM27CA,18,157.52,住商用,鋼筋混凝土造,90年11月9日,三層,一層 二層 三層 屋頂突出物 騎樓
RPTNMLRKPHOFFCM27CA,1,198.76,見其他登記事項,鋼筋混凝土造,107年8月10日,四層,一層 二層 三層 四層
RPRNMLRKPHOFFCM07CA,1,198.76,見其他登記事項,鋼筋混凝土造,107年8月10日,四層,一層 二層 三層 四層
RPSNMLRKPHOFFCM17CA,1,203.24,見其他登記事項,鋼筋混凝土造,107年8月10日,四層,一層 二層 三層 四層
RPUNMLQLOHOFFCM27CA,25,95.46,住家用,鋼筋混凝土造,83年8月13日,十五層,七層
RPUNMLQLOHOFFCM27CA,25,28.44,見其他登記事項,鋼筋混凝土造,83年8月13日,十五層,
RPWNMLOJPHOFFCM17CA,,141.72,見其他登記事項,鋼筋混凝土造,108年3月19日,三層,一層 二層 三層
RPXNMLOJPHOFFCM27CA,,141.65,見其他登記事項,鋼筋混凝土造,108年3月19日,三層,一層 二層 三層
RPPOMLKLOHOFFCM98DA,30,222.90,住商用,鋼筋混凝土造,78年8月1日,五層,一層 二層 三層 四層 五層 騎樓
RPROMLQLOHOFFBM96CA,,54.91,見其他登記事項,鋼筋混凝土造,107年11月27日,九層,一層
RPROMLQLOHOFFBM96CA,,57.92,見其他登記事項,鋼筋混凝土造,107年11月27日,九層,
RPTOMLQLOHOFFBM17CA,,60.77,見其他登記事項,鋼筋混凝土造,107年11月27日,九層,五層
RPTOMLQLOHOFFBM17CA,,60.56,見其他登記事項,鋼筋混凝土造,107年11月27日,九層,
RPSOMLQLOHOFFBM07CA,,76.16,見其他登記事項,鋼筋混凝土造,107年11月27日,九層,二層
RPSOMLQLOHOFFBM07CA,,67.49,見其他登記事項,鋼筋混凝土造,107年11月27日,九層,
RPUOMLQLOHOFFBM27CA,,41.79,見其他登記事項,鋼筋混凝土造,107年11月27日,九層,八層
RPUOMLQLOHOFFBM27CA,,52.06,見其他登記事項,鋼筋混凝土造,107年11月27日,九層,
RPTNMLPLOHOFFDM17CA,49,129.06,住商用,鋼筋混凝土加強磚造,59年10月5日,三層,一層 二層 三層 騎樓
RPUOMLOJPHOFFBM96CA,,166.22,見其他登記事項,鋼筋混凝土造,107年10月11日,四層,一層 二層 三層 四層
RPUOMLOJPHOFFBM96CA,,.17,住家用,鋼筋混凝土造,107年10月11日,一層,一層
RPTOMLOJPHOFFBM86CA,,.41,住家用,鋼筋混凝土造,107年10月11日,一層,一層
RPUOMLOJPHOFFBM96CA,,.41,住家用,鋼筋混凝土造,107年10月11日,一層,一層
RPTOMLOJPHOFFBM86CA,,.17,住家用,鋼筋混凝土造,107年10月11日,一層,一層
RPTOMLOJPHOFFBM86CA,,183.21,見其他登記事項,鋼筋混凝土造,107年10月11日,四層,一層 二層 三層 四層
RPSOMLOJPHOFFBM76CA,,.41,住家用,鋼筋混凝土造,107年10月11日,一層,一層
RPSOMLOJPHOFFBM76CA,,.17,住家用,鋼筋混凝土造,107年10月11日,一層,一層
RPSOMLOJPHOFFBM76CA,,181.92,見其他登記事項,鋼筋混凝土造,107年10月11日,四層,一層 二層 三層 四層
RPPNMLKLOHOFFDM88CA,23,218.36,住家用,鋼筋混凝土造,85年3月1日,四層,一層 二層 三層 四層 電梯樓梯間
RPWNMLKLOHOFFCM86CA,1,238.92,住家用,鋼筋混凝土造,107年1月3日,四層,一層 二層 三層 四層
RPVOMLOJPHOFFBM07CA,,.41,住家用,鋼筋混凝土造,107年10月11日,一層,一層
RPVOMLOJPHOFFBM07CA,,.17,住家用,鋼筋混凝土造,107年10月11日,一層,一層
RPVOMLOJPHOFFBM07CA,,204.82,見其他登記事項,鋼筋混凝土造,107年10月11日,四層,一層 二層 三層 四層
RPRNMLOJPHOFFBM56CA,25,170.07,住家用,鋼筋混凝土造,83年2月7日,四層,一層 二層 三層 四層
RPSNMLTJPHOFFAM07CA,38,149.50,住商用,鋼筋混凝土加強磚造,70年9月8日,二層,一層 二層 騎樓 地下層
RPUNMLOLOHOFFBM96CA,6,12.00,農舍,見其他登記事項,102年4月15日,一層,一層
RPWNMLKLOHOFFAM66CA,1,184.22,見其他登記事項,鋼筋混凝土造,107年10月8日,三層,一層 二層 三層 屋頂突出物
RPSNMLMKPHOFFDM76CA,25,28.32,商業用,鋼筋混凝土造,83年5月22日,五層,一層
RPSNMLMKPHOFFDM76CA,25,14.70,見其他登記事項,鋼筋混凝土造,83年5月22日,五層,
RPSNMLMKPHOFFDM76CA,25,14.70,見其他登記事項,鋼筋混凝土造,83年5月22日,五層,
RPSNMLMKPHOFFDM76CA,25,115.51,商業用,鋼筋混凝土造,83年5月22日,五層,一層
RPPNMLNLOHOFFDM56CA,2,201.17,見其他登記事項,鋼筋混凝土造,106年7月19日,三層,一層 二層 三層 見其他登記事項
RPVNMLNJPHOFFAM76CA,16,160.17,住家用,鋼筋混凝土造,92年4月22日,三層,一層 二層 三層 屋頂突出物
RPRNMLPLOHOFFAM66CA,41,107.00,住家用,鋼筋混凝土加強磚造,67年5月25日,二層,一層 二層
RPSNMLOLOHOFFBM76CA,23,72.78,住家用,鋼筋混凝土造,84年12月15日,十二層,十層
RPSNMLOLOHOFFBM76CA,23,16.83,見其他登記事項,鋼筋混凝土造,84年12月15日,十二層,
RPQNMLSKPHOFFBM96CA,1,189.51,見其他登記事項,鋼筋混凝土造,107年8月22日,三層,一層 二層 三層 見其他登記事項
RPQNMLSKPHOFFBM96CA,1,.15,見其他登記事項,鋼筋混凝土造,107年8月22日,一層,
RPPNMLLJPHOFFDM88CA,35,408.78,住商用,鋼筋混凝土加強磚造,73年9月25日,四層,一層 二層 三層 四層 騎樓
RPQNMLLJQHOFFCM09DA,24,133.18,住家用,鋼筋混凝土造,84年9月14日,三層,一層 二層 三層
RPPNMLSLOHOFFDM07CA,2,342.11,見其他登記事項,鋼筋混凝土造,106年8月25日,五層,一層 二層 三層 四層 五層
RPPNMLSLOHOFFDM07CA,2,.46,見其他登記事項,鋼筋混凝土造,106年8月25日,一層,
RPTNMLPKPHOFFDM17CA,2,177.79,住家用,鋼筋混凝土造,106年1月23日,四層,一層 二層 三層 四層
RPUNMLPLOHOFFDM27CA,18,212.82,住商用,鋼筋混凝土造,90年8月7日,二層,一層 二層 屋頂突出物
RPWNMLQLOHOFFDM57CA,23,76.55,見其他登記事項,鋼筋混凝土造,85年3月21日,八層,七層
RPWNMLQLOHOFFDM57CA,23,17.30,見其他登記事項,鋼筋混凝土造,85年3月21日,八層,
RPWNMLQLOHOFFDM57CA,23,11.67,見其他登記事項,鋼筋混凝土造,85年3月21日,八層,
RPRNMLRKPHOFFDM17CA,40,59.85,住家用,加強磚造,68年1月20日,一層,一層
RPPNMLPLOHOFFDM76CA,23,79.40,見其他登記事項,鋼筋混凝土造,85年3月21日,八層,五層
RPPNMLPLOHOFFDM76CA,23,18.22,見其他登記事項,鋼筋混凝土造,85年3月21日,八層,
RPPNMLPLOHOFFDM76CA,23,12.29,見其他登記事項,鋼筋混凝土造,85年3月21日,八層,
RPSNMLPLOHOFFDM07CA,33,75.12,住家用,鋼筋混凝土加強磚造,75年3月5日,三層,一層 二層 三層
RPQNMLPLOHOFFDM86CA,38,92.02,住商用,鋼筋混凝土加強磚造,69年12月27日,二層,一層 二層 騎樓
RPSNMLSKPHOFFBM17CA,1,162.18,見其他登記事項,鋼筋混凝土造,107年8月22日,三層,一層 二層 三層 見其他登記事項
RPSNMLSKPHOFFBM17CA,1,.15,見其他登記事項,鋼筋混凝土造,107年8月22日,一層,
RPSNMLKKPHOFFBM98CA,26,209.93,住家用,鋼筋混凝土造,82年1月13日,四層,一層 二層 三層 四層
RPRNMLSKPHOFFBM07CA,1,177.63,見其他登記事項,鋼筋混凝土造,107年8月22日,三層,一層 二層 三層 見其他登記事項
RPRNMLSKPHOFFBM07CA,1,.15,見其他登記事項,鋼筋混凝土造,107年8月22日,一層,
RPPNMLOJPHOFFCM09CA,25,99.18,見其他登記事項,鋼筋混凝土造,83年7月8日,十二層,五層
RPPNMLOJPHOFFCM09CA,25,16.02,見其他登記事項,鋼筋混凝土造,83年7月8日,十二層,
RPSNMLPLOHOFFBM86CA,43,83.60,住商用,加強磚造,65年11月1日,二層,一層 二層 騎樓
RPPNMLTKPHOFFBM96CA,4,103.07,見其他登記事項,鋼筋混凝土造,104年8月25日,七層,五層
RPPNMLTKPHOFFBM96CA,4,59.52,見其他登記事項,鋼筋混凝土造,104年8月25日,七層,
RPQOMLQKPHOFFCM07DA,24,133.18,住家用,鋼筋混凝土造,84年9月14日,三層,一層 二層 三層
RPRNMLMJPHOFFAM88CA,26,138.72,住商用,鋼筋混凝土造,82年2月16日,三層,一層 二層 三層 騎樓
RPPNMLTLOHOFFAM86CA,5,276.54,見其他登記事項,鋼筋混凝土造,103年10月23日,四層,一層 二層 三層 四層 見其他登記事項
RPPNMLTLOHOFFAM86CA,5,.56,住家用,鋼筋混凝土造,103年10月23日,一層,一層
RPQNMLKMOHOFFAM78CA,37,73.74,住家用,鋼筋混凝土加強磚造,71年6月1日,二層,一層 二層
RPRNMLNJPHOFFAM98CA,18,104.46,住家用,鋼筋混凝土造,90年3月28日,三層,一層 二層 三層
RPUNMLRKPHOFFAM17CA,12,212.97,住家用,鋼筋混凝土造,96年5月11日,四層,一層 二層 三層 四層 屋頂突出物
RPPNMLQLOHOFFCM76CA,25,24.94,見其他登記事項,鋼筋混凝土造,83年10月13日,十二層,十層
RPPNMLQLOHOFFCM76CA,25,13.65,見其他登記事項,鋼筋混凝土造,83年10月13日,十二層,
RPPNMLQLOHOFFDM86CA,35,118.52,住商用,鋼筋混凝土加強磚造,73年10月3日,二層,一層 二層 騎樓
RPOOMLLJPHOFFCM78CA,29,124.14,住家用,鋼筋混凝土造,79年1月24日,四層,三層
RPOOMLLJPHOFFCM78CA,29,13.85,住家用,鋼筋混凝土造,79年1月24日,四層,
RPSNMLOJPHOFFDM86CA,38,134.80,住商用,鋼筋混凝土加強磚造,70年7月4日,三層,一層 二層 三層 騎樓
RPTNMLRLOHOFFEM47CA,24,176.64,農舍,見其他登記事項,83年12月30日,二層,一層 二層
RPQNMLMJPHOFFCM98CA,31,128.48,住家用,鋼筋混凝土造,77年2月11日,二層,一層 二層
RPXNMLSKPHOFFAM57CA,1,204.48,見其他登記事項,鋼筋混凝土造,107年11月7日,三層,一層 二層 三層 屋頂突出物
RPPOMLOJPHOFFCM56CA,1,232.84,住家用,鋼筋混凝土造,107年4月17日,一層,一層
RPTNMLRLOHOFFBM17CA,22,120.01,住家用,鋼筋混凝土造,86年6月30日,三層,一層 二層 三層
RPTNMLRLOHOFFBM17CA,22,.17,見其他登記事項,鋼筋混凝土造,86年6月30日,一層,
RPTNMLRLOHOFFBM17CA,22,35.47,停車空間,鋼筋混凝土造,86年6月30日,地下層,
RPSNMLPKPHOFFAM76CA,1,101.04,見其他登記事項,鋼筋混凝土造,107年5月1日,五層,三層
RPSNMLPKPHOFFAM76CA,1,16.86,見其他登記事項,鋼筋混凝土造,107年5月1日,五層,
RPSNMLPKPHOFFAM76CA,1,22.89,見其他登記事項,鋼筋混凝土造,107年5月1日,一層,
RPRNMLOJPHOFFAM09CA,27,118.89,住家用,鋼筋混凝土造,81年6月25日,三層,一層 二層 三層
RPSNMLRLOHOFFAM96CA,26,75.28,住家用,鋼筋混凝土造,82年3月22日,八層,六層
RPSNMLRLOHOFFAM96CA,26,17.83,見其他登記事項,鋼筋混凝土造,82年3月22日,八層,
RPROMLRLOHOFFAM96CA,14,114.38,住家用,鋼筋混凝土造,93年12月28日,十二層,四層
RPROMLRLOHOFFAM96CA,14,19.27,住家用,鋼筋混凝土造,93年12月28日,十二層,
RPROMLRLOHOFFAM96CA,14,13.29,見其他登記事項,鋼筋混凝土造,93年12月28日,十二層,
RPQNMLTLOHOFFAM96CA,1,193.14,見其他登記事項,鋼筋混凝土造,107年10月8日,三層,一層 二層 三層 屋頂突出物
RPQNMLMJPHOFFAM78CA,2,161.57,見其他登記事項,鋼筋混凝土造,106年11月7日,四層,一層 二層 三層 四層
RPPOMLNJPHOFFBM98CA,28,18.51,住家用,鋼筋混凝土造,79年12月15日,五層,五層
RPPOMLNJPHOFFBM98CA,28,5.92,見其他登記事項,鋼筋混凝土造,79年12月15日,五層,
RPTNMLSLOHOFFAM17CA,4,248.11,見其他登記事項,見其他登記事項,104年8月13日,一層,一層
RPRNMLSLOHOFFBM07CA,41,87.50,住家用,鋼筋混凝土加強磚造,67年5月10日,二層,一層 二層
RPPNMLRKPHOFFBM76CA,,57.33,見其他登記事項,鋼筋混凝土造,107年11月27日,九層,一層
RPPNMLRKPHOFFBM76CA,,25.59,見其他登記事項,鋼筋混凝土造,107年11月27日,九層,
RPROMLRKPHOFFBM07CA,1,74.14,見其他登記事項,鋼筋混凝土造,107年6月7日,十五層,六層
RPROMLRKPHOFFBM07CA,1,70.18,見其他登記事項,鋼筋混凝土造,107年6月7日,十五層,
RPTNMLSLOHOFFCM37CA,35,91.62,住商用,鋼筋混凝土造,73年7月21日,二層,一層 二層 騎樓
RPQNMLPJPHOFFCM66CA,17,180.20,見其他登記事項,鋼筋混凝土造,90年12月18日,四層,一層 二層 三層 四層 騎樓
RPRNMLKKPHOFFDM09CA,3,218.94,見其他登記事項,鋼筋混凝土造,105年8月19日,四層,一層 二層 三層 四層 騎樓
RPSNMLKKPHOFFDM56CA,3,219.06,見其他登記事項,鋼筋混凝土造,105年8月19日,四層,一層 二層 三層 四層 騎樓
RPPNMLLJPHOFFBM78DA,40,370.32,住商用,鋼筋混凝土造,68年10月8日,四層,一層 二層 三層 四層 騎樓
RPPNMLQJPHOFFBM56CA,1,176.91,見其他登記事項,鋼筋混凝土造,107年7月18日,三層,一層 二層 三層 見其他登記事項
RPQNMLRKPHOFFBM86CA,,61.56,見其他登記事項,鋼筋混凝土造,107年11月27日,九層,八層
RPQNMLRKPHOFFBM86CA,,60.95,見其他登記事項,鋼筋混凝土造,107年11月27日,九層,
RPTNMLNJPHOFFBM66CA,25,165.55,住家用,鋼筋混凝土造,82年12月30日,三層,一層 二層 三層
RPSNMLMJPHOFFBM09CA,29,194.77,住家用,鋼筋混凝土造,79年7月12日,四層,一層 二層 三層 四層 騎樓
RPRNMLSLOHOFFAM96CA,39,85.32,住家用,鋼筋混凝土加強磚造,69年1月21日,二層,一層 二層
RPPNMLMKPHOFFAM78CA,25,412.24,住家用,鋼筋混凝土造,83年6月29日,三層,一層 二層 三層 屋頂突出物
RPTNMLOJPHOFFAM66CA,39,78.60,住家用,鋼筋混凝土加強磚造,69年12月1日,二層,一層 二層
RPPNMLNLPHOFFCM56CA,24,133.18,住家用,鋼筋混凝土造,84年9月14日,三層,一層 二層 三層
RPRNMLMJPHOFFBM98CA,39,191.16,住家用,鋼筋混凝土加強磚造,69年12月1日,二層,一層 二層
RPWNMLSKPHOFFBM57CA,36,100.80,住家用,鋼筋混凝土造,72年4月12日,四層,四層
RPWNMLSKPHOFFBM57CA,36,5.40,國民住宅,鋼筋混凝土造,72年4月12日,四層,
RPWNMLSKPHOFFBM57CA,36,1.68,國民住宅,鋼筋混凝土造,72年4月12日,四層,
RPWNMLSKPHOFFBM57CA,36,.84,國民住宅,鋼筋混凝土造,72年4月12日,四層,
RPXNMLPKPHOFFAM27CA,1,182.67,見其他登記事項,鋼筋混凝土造,107年4月26日,四層,一層 二層 三層 四層 見其他登記事項
RPQNMLMJPHOFFBM88CA,39,143.04,住家用,鋼筋混凝土造,69年1月1日,三層,一層 二層 騎樓
RPSNMLLKPHOFFAM98CA,26,150.96,住家用,鋼筋混凝土造,82年7月6日,三層,一層 二層 三層 屋頂突出物 騎樓
RPTNMLKKPHOFFBM09CA,20,189.90,住家用,鋼筋混凝土造,88年2月12日,四層,一層 二層 三層 四層
RPSNMLNJPHOFFAM09CA,44,77.96,住家用,加強磚造,64年5月6日,二層,一層 二層
RPXNMLSKPHOFFBM67CA,,228.68,見其他登記事項,鋼筋混凝土造,108年3月20日,四層,一層 二層 三層 四層
RPQNMLNLPHOFFCM66CA,24,133.18,住家用,鋼筋混凝土造,84年9月14日,三層,一層 二層 三層
RPQNMLNJPHOFFCM56DA,33,123.69,住家用,鋼筋混凝土加強磚造,75年9月11日,二層,一層 二層 騎樓
RPPOMLMKPHOFFBM98CA,26,94.54,住家用,鋼筋混凝土造,82年3月12日,七層,二層
RPPOMLMKPHOFFBM98CA,26,19.54,見其他登記事項,鋼筋混凝土造,82年3月12日,七層,
RPUNMLNJPHOFFBM86DA,28,89.34,住家用,鋼筋混凝土造,80年9月20日,十一層,八層
RPUNMLNJPHOFFBM86DA,28,13.68,見其他登記事項,鋼筋混凝土造,80年9月20日,十一層,
RPUNMLNJPHOFFBM86DA,28,9.42,見其他登記事項,鋼筋混凝土造,80年9月20日,十一層,
RPPNMLNJPHOFFDM09CA,38,93.32,住商用,鋼筋混凝土加強磚造,69年12月27日,二層,一層 二層 騎樓
RPPNMLMJPHOFFEM09CA,42,96.74,住家用,鋼筋混凝土加強磚造,66年3月7日,二層,一層 二層 騎樓
RPUNMLMKPHOFFBM76CA,,191.52,住家用,鋼筋混凝土造,107年11月29日,四層,一層 二層 三層 四層
RPPNMLTJPHOFFBM86CA,24,87.47,住家用,鋼筋混凝土造,84年9月27日,十二層,四層
RPPNMLTJPHOFFBM86CA,24,24.68,見其他登記事項,鋼筋混凝土造,84年9月27日,十二層,
RPPNMLKKPHOFFBM68CA,24,.51,見其他登記事項,鋼筋混凝土造,84年9月27日,十二層,地下二層
RPPNMLKKPHOFFBM68CA,24,810.06,見其他登記事項,鋼筋混凝土造,84年9月27日,十二層,
RPPNMLKKPHOFFBM68CA,24,102.34,住家用,鋼筋混凝土造,84年9月27日,十二層,五層
RPPNMLKKPHOFFBM68CA,24,28.84,見其他登記事項,鋼筋混凝土造,84年9月27日,十二層,
RPPNMLNJPHOFFBM88CA,9,193.39,見其他登記事項,鋼筋混凝土造,99年10月6日,三層,一層 二層 三層 見其他登記事項
RPQNMLPJPHOFFBM56CA,25,94.45,住家用,鋼筋混凝土造,83年5月16日,四層,一層 二層 三層 四層
RPSNMLOJPHOFFBM66CA,45,100.44,住家用,鋼筋混凝土加強磚造,63年1月1日,二層,一層 二層 騎樓
RPQNMLNJPHOFFAM88CA,2,180.81,住家用,鋼筋混凝土造,106年10月2日,四層,一層 二層 三層 四層
RPPNMLOJPHOFFBM98CA,25,162.11,住商用,鋼筋混凝土造,83年3月10日,七層,一層 二層 三層
RPPNMLOJPHOFFBM98CA,25,34.09,見其他登記事項,鋼筋混凝土造,83年3月10日,七層,
RPTNMLLKPHOFFAM09CA,25,96.24,住家用,鋼筋混凝土造,83年6月8日,八層,六層
RPTNMLLKPHOFFAM09CA,25,34.36,見其他登記事項,鋼筋混凝土造,83年6月8日,八層,
RPOOMLTKPHOFFAM86CA,40,123.31,住商用,鋼筋混凝土加強磚造,68年8月29日,二層,一層 二層 騎樓
RPWOMLLKPHOFFAM86CA,1,100.47,見其他登記事項,鋼筋混凝土造,107年5月1日,五層,三層
RPWOMLLKPHOFFAM86CA,1,16.79,見其他登記事項,鋼筋混凝土造,107年5月1日,五層,
RPWOMLLKPHOFFAM86CA,1,22.89,見其他登記事項,鋼筋混凝土造,107年5月1日,一層,
RPRNMLTJPHOFFBM07CA,28,18.51,住家用,鋼筋混凝土造,79年12月15日,五層,四層
RPRNMLTJPHOFFBM07CA,28,5.92,見其他登記事項,鋼筋混凝土造,79年12月15日,五層,
RPRNMLPKPHOFFAM76DA,26,126.52,住家用,鋼筋混凝土造,81年12月8日,四層,一層 二層 三層 四層
RPPNMLSJPHOFFAM66CA,16,160.17,住家用,鋼筋混凝土造,92年4月22日,三層,一層 二層 三層 屋頂突出物
RPQNMLQKPHOFFDM96CA,,130.64,住家用,鋼筋混凝土加強磚造,,二層,一層 二層 騎樓
RPTNMLLKPHOFFCM66CA,12,392.70,農舍,鋼筋混凝土造,96年6月11日,三層,一層 二層 三層
RPSNMLSJPHOFFCM17CA,26,58.33,住家用,鋼筋混凝土造,82年5月21日,五層,二層
RPSNMLSJPHOFFCM17CA,26,12.68,見其他登記事項,鋼筋混凝土造,82年5月21日,五層,
RPQNMLNKPHOFFEM76CA,40,108.92,住商用,鋼筋混凝土加強磚造,68年10月17日,二層,一層 二層 騎樓
RPUOMLLKPHOFFAM66CA,1,100.47,見其他登記事項,鋼筋混凝土造,107年5月1日,五層,四層
RPUOMLLKPHOFFAM66CA,1,16.79,見其他登記事項,鋼筋混凝土造,107年5月1日,五層,
RPUOMLLKPHOFFAM66CA,1,22.89,見其他登記事項,鋼筋混凝土造,107年5月1日,一層,
RPTNMLSKPHOFFBM27CA,1,179.53,見其他登記事項,鋼筋混凝土造,107年8月22日,三層,一層 二層 三層 見其他登記事項
RPTNMLSKPHOFFBM27CA,1,.15,見其他登記事項,鋼筋混凝土造,107年8月22日,一層,
RPOOMLPKPHOFFAM09CA,,230.36,見其他登記事項,鋼筋混凝土造,107年4月26日,四層,一層 二層 三層 四層 見其他登記事項
RPUNMLSJPHOFFAM17CA,1,210.55,見其他登記事項,鋼筋混凝土造,107年2月27日,四層,一層 二層 三層 四層
RPSNMLPJPHOFFBM76CA,45,307.59,住商用,鋼筋混凝土加強磚造,63年7月20日,四層,一層 二層 三層 四層 騎樓
RPQNMLPKPHOFFBM66CA,24,99.70,住家用,鋼筋混凝土造,84年7月19日,八層,七層
RPQNMLPKPHOFFBM66CA,24,36.51,見其他登記事項,鋼筋混凝土造,84年7月19日,八層,
RPUNMLOJPHOFFAM76CA,22,138.54,農舍,加強磚造,86年3月17日,二層,一層 二層 屋頂突出物
RPSNMLSJPHOFFAM96CA,1,248.05,見其他登記事項,鋼筋混凝土造,107年2月27日,四層,一層 二層 三層 四層
RPRNMLMLPHOFFAM09CA,23,213.39,住商用,鋼筋混凝土造,85年6月28日,四層,一層 二層 三層 四層 騎樓
RPPNMLMKPHOFFBM88CA,1,76.16,見其他登記事項,鋼筋混凝土造,107年11月27日,九層,八層
RPPNMLMKPHOFFBM88CA,1,67.49,見其他登記事項,鋼筋混凝土造,107年11月27日,九層,
RPQNMLTJPHOFFBM96CA,38,71.66,住家用,鋼筋混凝土造,70年2月10日,一層,一層
RPWNMLRKPHOFFBM47CA,,43.58,見其他登記事項,鋼筋混凝土造,107年11月27日,九層,二層
RPVNMLRKPHOFFBM37CA,,39.18,見其他登記事項,鋼筋混凝土造,107年11月27日,九層,一層
RPWNMLRKPHOFFBM47CA,,19.53,見其他登記事項,鋼筋混凝土造,107年11月27日,九層,
RPVNMLRKPHOFFBM37CA,,50.89,見其他登記事項,鋼筋混凝土造,107年11月27日,九層,
RPPNMLKMPHOFFCM98CA,21,219.64,住商用,鋼筋混凝土造,87年3月24日,三層,一層 二層 三層 屋頂突出物 騎樓
RPTNMLQLPHOFFAM07CA,1,262.17,見其他登記事項,鋼筋混凝土造,107年1月18日,四層,一層 二層 三層 四層
RPSNMLTLPHOFFBM37CA,39,114.16,住家用,鋼筋混凝土加強磚造,68年11月23日,二層,一層 二層
RPRNMLKKPHOFFCM98CA,10,319.68,住家用,鋼筋混凝土造,98年5月26日,四層,一層 二層 三層 四層
RPTNMLTJPHOFFDM47CA,23,408.37,住家用,鋼筋混凝土造,84年10月7日,三層,一層 二層 三層 電梯樓梯間
RPRNMLQKPHOFFDM07CA,37,106.50,住商用,鋼筋混凝土加強磚造,71年10月16日,二層,一層 二層 騎樓
RPPNMLQKPHOFFCM76CA,23,105.55,見其他登記事項,鋼筋混凝土造,85年2月9日,十五層,七層
RPPNMLQKPHOFFCM76CA,23,23.40,見其他登記事項,鋼筋混凝土造,85年2月9日,十五層,
RPXNMLNLPHOFFBM27CA,,239.60,住家用,鋼筋混凝土造,108年5月2日,四層,一層 二層 三層 四層
RPUNMLRKPHOFFBM27CA,27,150.59,住家用,鋼筋混凝土造,81年10月30日,三層,一層 二層 三層
RPPOMLNLPHOFFBM56CA,,239.60,住家用,鋼筋混凝土造,108年5月2日,四層,一層 二層 三層 四層
RPXNMLRKPHOFFBM57CA,,61.27,見其他登記事項,鋼筋混凝土造,107年11月27日,九層,二層
RPXNMLRKPHOFFBM57CA,,60.75,見其他登記事項,鋼筋混凝土造,107年11月27日,九層,
RPROMLNLPHOFFBM76CA,,263.60,住家用,鋼筋混凝土造,108年5月2日,四層,一層 二層 三層 四層
RPVNMLQLPHOFFAM27CA,20,43.63,住家用,鋼筋混凝土造,88年8月30日,五層,五層
RPVNMLQLPHOFFAM27CA,20,4.67,見其他登記事項,鋼筋混凝土造,88年8月30日,五層,
RPRNMLSJPHOFFAM86CA,5,313.10,見其他登記事項,鋼筋混凝土造,103年6月4日,三層,一層 二層 三層 屋頂突出物
RPXNMLLKPHOFFAM86CA,9,221.82,農舍,見其他登記事項,99年3月22日,二層,一層 二層
RPSNMLMKPHOFFAM09CA,20,288.10,農舍,鋼筋混凝土造,88年1月29日,三層,一層 二層 三層
RPQNMLMJQHOFFCM09CA,38,126.81,住家用,鋼筋混凝土加強磚造,70年1月13日,二層,一層 二層
RPSNMLOLPHOFFCM96CA,40,74.78,住商用,鋼筋混凝土加強磚造,67年12月19日,二層,一層 二層
RPWNMLMKPHOFFCM07CA,24,151.06,住家用,鋼筋混凝土造,84年8月11日,四層,一層 二層 三層 四層
RPTOMLNLPHOFFBM96CA,,263.60,住家用,鋼筋混凝土造,108年5月2日,四層,一層 二層 三層 四層
RPSOMLPLPHOFFBM07CA,28,37.00,住家用,鋼筋混凝土造,79年12月15日,五層,三層
RPSOMLPLPHOFFBM07CA,28,11.84,見其他登記事項,鋼筋混凝土造,79年12月15日,五層,
RPROMLPLPHOFFBM96CA,43,264.60,住商用,鋼筋混凝土造,65年4月16日,四層,一層 二層 三層 四層 騎樓
RPTNMLTLPHOFFCM57CA,15,95.91,見其他登記事項,鋼筋混凝土造,93年10月5日,十層,三層
RPTNMLTLPHOFFCM57CA,15,34.90,見其他登記事項,鋼筋混凝土造,93年10月5日,十層,
RPQNMLOLPHOFFBM66CA,,236.90,住家用,鋼筋混凝土造,108年5月2日,四層,一層 二層 三層 四層
RPSNMLMKPHOFFBM56CA,,155.50,見其他登記事項,鋼筋混凝土造,108年2月14日,三層,一層 二層 三層 見其他登記事項
RPQOMLOLPHOFFBM76CA,,236.90,住家用,鋼筋混凝土造,108年5月2日,四層,一層 二層 三層 四層
RPSNMLSKPHOFFDM37CA,39,143.68,住商用,鋼筋混凝土加強磚造,69年2月11日,二層,一層 二層 騎樓
RPUNMLQKPHOFFBM17CA,24,193.72,住家用,鋼筋混凝土造,84年8月2日,四層,一層 二層 三層 四層
RPTNMLMLPHOFFBM76CA,29,133.20,住家用,鋼筋混凝土造,78年12月5日,三層,一層 二層 三層 騎樓
RPQNMLNKPHOFFBM09CA,1,79.06,見其他登記事項,鋼筋混凝土造,107年6月7日,十五層,八層
RPQNMLNKPHOFFBM09CA,1,72.49,見其他登記事項,鋼筋混凝土造,107年6月7日,十五層,
RPQNMLKMPHOFFBM98CA,,.41,住家用,鋼筋混凝土造,107年10月11日,一層,一層
RPQNMLKMPHOFFBM98CA,,.17,住家用,鋼筋混凝土造,107年10月11日,一層,一層
RPQNMLKMPHOFFBM98CA,,276.66,見其他登記事項,鋼筋混凝土造,107年10月11日,四層,一層 二層 三層 四層
RPSNMLSKPHOFFAM07CA,25,104.49,住家用,鋼筋混凝土造,83年6月17日,八層,七層
RPSNMLSKPHOFFAM07CA,25,40.63,見其他登記事項,鋼筋混凝土造,83年6月17日,八層,
RPUOMLPLPHOFFBM27CA,31,121.13,住商用,鋼造,77年9月10日,二層,一層 二層
RPTOMLPLPHOFFBM17CA,31,121.13,住商用,鋼造,77年9月10日,二層,一層 二層
RPPNMLNKPHOFFBM98CA,25,22.28,住家用,鋼筋混凝土造,83年11月7日,十三層,十二層
RPPNMLNKPHOFFBM98CA,25,7.44,見其他登記事項,鋼筋混凝土造,83年11月7日,十三層,
RPQNMLRKPHOFFCM96CA,18,102.34,住商用,鋼筋混凝土造,90年4月2日,三層,一層 二層 三層 騎樓
RPRNMLMKPHOFFCM56CA,25,88.09,住家用,鋼筋混凝土造,83年8月13日,十五層,十一層
RPRNMLMKPHOFFCM56CA,25,24.52,見其他登記事項,鋼筋混凝土造,83年8月13日,十五層,
RPRNMLPJQHOFFCM86CA,25,103.83,見其他登記事項,鋼筋混凝土造,83年7月8日,十二層,六層
RPRNMLPJQHOFFCM86CA,25,14.26,見其他登記事項,鋼筋混凝土造,83年7月8日,十二層,
RPPNMLSLQHOFFCM17CA,51,155.89,住家用,土磚石混合造,57年1月1日,一層,一層
RPTNMLRLQHOFFCM47CA,43,56.88,住家用,磚造,65年6月17日,一層,一層
RPSNMLNLPHOFFDM96CA,1,142.70,住家用,鋼筋混凝土造,107年7月5日,三層,一層 二層 三層
RPQNMLPKPHOFFDM86CA,23,56.47,見其他登記事項,鋼筋混凝土造,85年4月1日,四層,二層
RPVNMLTLPHOFFCM77CA,,144.44,住家用,鋼骨鋼筋混凝土造,108年3月27日,三層,一層 二層 三層
RPQNMLPKPHOFFDM86CA,23,21.55,見其他登記事項,鋼筋混凝土造,85年4月1日,四層,
RPVNMLTLPHOFFCM77CA,,161.34,住家用,鋼骨鋼筋混凝土造,108年3月27日,三層,一層 二層 三層
RPRNMLQKPHOFFBM86CA,38,83.08,住商用,鋼筋混凝土造,70年9月8日,三層,一層 二層 三層 電梯樓梯間
RPTOMLOLPHOFFBM07CA,,304.83,住家用,鋼筋混凝土造,108年5月2日,四層,一層 二層 三層 四層
RPTNMLMKPHOFFBM66CA,25,88.87,住商用,鋼筋混凝土造,83年4月11日,八層,一層 二層 騎樓
RPTNMLMKPHOFFBM66CA,25,13.41,見其他登記事項,鋼筋混凝土造,83年4月11日,八層,
RPTNMLPKPHOFFAM86CA,1,101.04,見其他登記事項,鋼筋混凝土造,107年5月1日,五層,二層
RPTNMLPKPHOFFAM86CA,1,16.86,見其他登記事項,鋼筋混凝土造,107年5月1日,五層,
RPTNMLPKPHOFFAM86CA,1,22.89,見其他登記事項,鋼筋混凝土造,107年5月1日,一層,
RPPNMLQJQHOFFDM86CA,26,74.42,住家用,見其他登記事項,82年7月30日,一層,一層
RPSNMLQKPHOFFAM86CA,41,75.90,住家用,鋼筋混凝土加強磚造,67年12月7日,二層,一層 二層
RPVNMLTLPHOFFAM57CA,38,124.96,住家用,鋼筋混凝土加強磚造,70年4月29日,二層,一層 二層
RPRNMLNLPHOFFBM66CA,45,79.00,住家用,鋼筋混凝土加強磚造,63年7月20日,二層,一層 二層
RPSOMLRKPHOFFBM17CA,1,176.91,見其他登記事項,鋼筋混凝土造,107年7月18日,三層,一層 二層 三層 見其他登記事項
RPSNMLNKQHOFFAM66CA,18,187.02,住家用,鋼筋混凝土造,90年10月3日,三層,一層 二層 三層 屋頂突出物
RPPNMLTLPHOFFAM96CA,35,165.15,住商用,鋼筋混凝土加強磚造,73年1月9日,三層,一層 二層 三層 騎樓
RPRNMLTKPHOFFCM27CA,23,110.00,見其他登記事項,鋼筋混凝土造,85年2月9日,十五層,十層
RPRNMLTKPHOFFCM27CA,23,23.65,見其他登記事項,鋼筋混凝土造,85年2月9日,十五層,
RPSNMLKMPHOFFBM56CA,,184.13,見其他登記事項,鋼筋混凝土造,107年10月11日,四層,一層 二層 三層 四層
RPSNMLKMPHOFFBM56CA,,.17,住家用,鋼筋混凝土造,107年10月11日,一層,一層
RPSNMLKMPHOFFBM56CA,,.41,住家用,鋼筋混凝土造,107年10月11日,一層,一層
RPTNMLKMPHOFFBM66CA,,184.13,見其他登記事項,鋼筋混凝土造,107年10月11日,四層,一層 二層 三層 四層
RPTNMLKMPHOFFBM66CA,,.41,住家用,鋼筋混凝土造,107年10月11日,一層,一層
RPTNMLKMPHOFFBM66CA,,.17,住家用,鋼筋混凝土造,107年10月11日,一層,一層
RPPNMLSKPHOFFDM17DA,25,103.39,見其他登記事項,鋼筋混凝土造,83年5月22日,五層,二層
RPPNMLSKPHOFFDM17DA,25,14.30,見其他登記事項,鋼筋混凝土造,83年5月22日,五層,
RPOOMLLMPHOFFCM09CA,39,135.66,住家用,鋼筋混凝土加強磚造,69年11月19日,三層,一層 二層 三層
RPSNMLMLPHOFFCM76CA,32,125.82,見其他登記事項,加強磚造,76年1月27日,二層,一層 二層 騎樓
RPPNMLTKPHOFFCM17DA,12,205.33,見其他登記事項,見其他登記事項,96年1月24日,二層,一層 二層
RPRNMLSKPHOFFDM27CA,41,120.70,住商用,鋼筋混凝土加強磚造,67年7月11日,二層,一層 二層 騎樓
RPUNMLKMPHOFFBM76CA,1,.41,住家用,鋼筋混凝土造,107年10月11日,一層,一層
RPUNMLKMPHOFFBM76CA,1,.17,住家用,鋼筋混凝土造,107年10月11日,一層,一層
RPUNMLKMPHOFFBM76CA,1,181.92,見其他登記事項,鋼筋混凝土造,107年10月11日,四層,一層 二層 三層 四層
RPQNMLSJQHOFFCM07CA,45,106.40,住家用,鋼筋混凝土加強磚造,63年6月15日,二層,一層 二層
RPRNMLMJQHOFFDM66CA,3,85.12,見其他登記事項,鋼筋混凝土造,105年1月20日,三層,一層 二層 三層 見其他登記事項
RPRNMLMJQHOFFDM66CA,3,85.12,見其他登記事項,鋼筋混凝土造,105年1月20日,三層,一層 二層 三層 見其他登記事項
RPRNMLQLPHOFFCM07CA,18,98.05,住家用,見其他登記事項,90年3月22日,一層,一層
RPPOMLSJQHOFFBM96CA,3,335.62,見其他登記事項,鋼筋混凝土造,105年3月23日,四層,一層 二層 三層 四層 見其他登記事項
RPTNMLPKQHOFFBM07CA,23,111.66,住商用,鋼筋混凝土造,85年12月7日,八層,一層 二層 騎樓
RPTNMLPKQHOFFBM07CA,23,35.70,見其他登記事項,鋼筋混凝土造,85年12月7日,八層,
RPRNMLMLPHOFFBM56CA,38,190.32,住商用,鋼筋混凝土造,70年1月9日,三層,一層 二層 三層 騎樓
RPVNMLSKPHOFFBM47CA,1,177.24,見其他登記事項,鋼筋混凝土造,107年8月22日,三層,一層 二層 三層 見其他登記事項
RPVNMLSKPHOFFBM47CA,1,.15,見其他登記事項,鋼筋混凝土造,107年8月22日,一層,
RPXNMLRKPHOFFAM47CA,1,87.12,見其他登記事項,鋼筋混凝土造,107年5月1日,五層,四層
RPXNMLRKPHOFFAM47CA,1,16.72,見其他登記事項,鋼筋混凝土造,107年5月1日,五層,
RPXNMLRKPHOFFAM47CA,1,22.89,見其他登記事項,鋼筋混凝土造,107年5月1日,一層,
RPWNMLRKPHOFFAM37CA,26,87.96,住家用,鋼筋混凝土造,82年3月22日,八層,五層
RPWNMLRKPHOFFAM37CA,26,20.57,見其他登記事項,鋼筋混凝土造,82年3月22日,八層,
RPTNMLRKPHOFFAM07CA,25,94.61,住家用,鋼筋混凝土造,83年11月9日,十六層,九層
RPTNMLRKPHOFFAM07CA,25,14.11,見其他登記事項,鋼筋混凝土造,83年11月9日,十六層,
RPQNMLQLPHOFFBM86CA,39,98.04,住家用,鋼筋混凝土加強磚造,69年7月12日,二層,一層 二層
RPUNMLQKPHOFFAM07CA,38,89.20,住商用,鋼筋混凝土加強磚造,70年12月1日,二層,一層 二層 騎樓
RPUNMLQKPHOFFAM07CA,38,89.20,住商用,鋼筋混凝土加強磚造,70年12月1日,二層,一層 二層 騎樓
RPPNMLKLPHOFFAM68CA,1,230.03,見其他登記事項,鋼筋混凝土造,107年7月9日,四層,一層 二層 三層 四層 屋頂突出物
RPQNMLRKPHOFFAM76CA,25,109.17,住家用,鋼筋混凝土造,83年12月23日,二層,一層 二層 屋頂突出物 騎樓
RPVNMLMLPHOFFAM86CA,18,197.24,住家用,鋼筋混凝土造,90年3月13日,四層,一層 二層 三層 四層
RPRNMLSKPHOFFAM96CA,22,86.72,住家用,鋼筋混凝土造,86年9月19日,十四層,十四層
RPRNMLSKPHOFFAM96CA,22,22.27,見其他登記事項,鋼筋混凝土造,86年9月19日,十四層,
RPQNMLTKPHOFFBM07CA,25,78.64,住家用,鋼筋混凝土造,83年6月30日,三層,一層 二層 三層 電梯樓梯間
RPVNMLMJQHOFFBM86CA,6,187.23,見其他登記事項,鋼筋混凝土造,102年9月2日,四層,一層 二層 三層 四層
RPRNMLOLPHOFFBM76CA,,54.51,見其他登記事項,鋼筋混凝土造,107年11月27日,九層,一層
RPRNMLOLPHOFFBM76CA,,57.82,見其他登記事項,鋼筋混凝土造,107年11月27日,九層,
RPPNMLQLPHOFFBM76CA,23,84.76,住家用,鋼筋混凝土造,85年3月12日,八層,八層
RPPNMLQLPHOFFBM76CA,23,26.72,見其他登記事項,鋼筋混凝土造,85年3月12日,八層,
RPSNMLTKPHOFFCM37CA,23,89.14,見其他登記事項,鋼筋混凝土造,85年2月9日,十五層,三層
RPSNMLTKPHOFFCM37CA,23,17.74,見其他登記事項,鋼筋混凝土造,85年2月9日,十五層,
RPRNMLMJQHOFFCM56CA,10,110.88,住家用,鋼筋混凝土造,97年10月24日,二層,一層 二層
RPTNMLOLPHOFFBM96CA,,58.21,見其他登記事項,鋼筋混凝土造,107年11月27日,九層,九層
RPTNMLOLPHOFFBM96CA,,59.48,見其他登記事項,鋼筋混凝土造,107年11月27日,九層,
RPSNMLMJQHOFFBM56CA,12,338.65,農舍,見其他登記事項,96年6月22日,三層,一層 二層 三層
RPSNMLMJQHOFFBM56CA,12,18.84,農舍,見其他登記事項,96年10月12日,一層,一層
RPSNMLOLPHOFFBM86CA,,78.47,見其他登記事項,鋼筋混凝土造,107年11月27日,九層,九層
RPSNMLOLPHOFFBM86CA,,68.57,見其他登記事項,鋼筋混凝土造,107年11月27日,九層,
RPPNMLPJQHOFFBM56CA,6,184.26,見其他登記事項,鋼筋混凝土造,102年4月11日,三層,一層 二層 三層 見其他登記事項
RPQNMLLMPHOFFBM09CA,4,206.93,見其他登記事項,鋼筋混凝土造,104年7月14日,三層,一層 二層 三層 見其他登記事項
RPVNMLQJQHOFFBM27CA,23,67.65,住家用,鋼筋混凝土造,84年12月15日,十二層,四層
RPVNMLQJQHOFFBM27CA,23,15.17,見其他登記事項,鋼筋混凝土造,84年12月15日,十二層,
RPVNMLQJQHOFFBM27CA,23,6.16,見其他登記事項,鋼筋混凝土造,84年12月15日,十二層,
RPVNMLQJQHOFFBM27CA,23,.89,見其他登記事項,鋼筋混凝土造,84年12月15日,十二層,地下層
RPVNMLTLPHOFFDM87CA,39,95.94,住商用,鋼筋混凝土加強磚造,69年9月8日,二層,一層 二層 騎樓
RPTNMLNLPHOFFDM07CA,1,147.28,住家用,鋼筋混凝土造,107年7月5日,三層,一層 二層 三層
RPPNMLMLPHOFFEM66CA,42,112.05,住家用,鋼筋混凝土加強磚造,66年10月1日,三層,一層 二層 三層 騎樓
RPPOMLPLPHOFFBM76CA,4,183.25,見其他登記事項,鋼筋混凝土造,104年7月14日,三層,一層 二層 三層 見其他登記事項
RPPOMLPLPHOFFBM76CA,4,1.54,見其他登記事項,鋼筋混凝土造,104年7月14日,一層,
RPPNMLTKPHOFFDM17CA,39,225.76,住家用,鋼筋混凝土加強磚造,69年9月1日,三層,一層 二層 三層 騎樓
RPUOMLOLPHOFFBM17CA,12,194.70,見其他登記事項,鋼筋混凝土造,96年1月16日,四層,一層 二層 三層 四層
RPWOMLNLPHOFFBM27CA,1,60.76,見其他登記事項,鋼筋混凝土造,107年8月6日,十一層,七層
RPWOMLNLPHOFFBM27CA,1,53.46,見其他登記事項,鋼筋混凝土造,107年8月6日,十一層,
RPPNMLPLPHOFFBM66CA,23,222.10,住商用,鋼筋混凝土造,85年3月14日,四層,一層 二層 三層 四層 屋頂突出物
RPPNMLQLPHOFFAM66CA,,101.04,見其他登記事項,鋼筋混凝土造,107年5月1日,五層,五層
RPPNMLQLPHOFFAM66CA,,16.86,見其他登記事項,鋼筋混凝土造,107年5月1日,五層,
RPPNMLQLPHOFFAM66CA,,22.89,見其他登記事項,鋼筋混凝土造,107年5月1日,一層,
RPSNMLPJQHOFFAM76CA,,198.70,住家用,鋼筋混凝土造,108年3月25日,三層,一層 二層 三層
RPSNMLQLPHOFFAM96CA,40,236.91,住商用,鋼筋混凝土加強磚造,68年5月15日,三層,一層 二層 三層 防空避難室 騎樓
RPUNMLPJQHOFFAM96CA,,195.83,住家用,鋼筋混凝土造,108年3月25日,三層,一層 二層 三層
RPVNMLNLPHOFFBM07CA,9,12.00,農舍,見其他登記事項,99年11月12日,一層,一層
RPPNMLMLPHOFFBM98CA,17,213.87,住商用,鋼筋混凝土造,91年11月25日,四層,一層 二層 三層 四層
RPSNMLMJQHOFFDM76CA,3,168.56,見其他登記事項,鋼筋混凝土造,105年1月20日,四層,一層 二層 三層 四層
RPSNMLLLPHOFFDM76CA,17,93.38,見其他登記事項,鋼筋混凝土造,91年6月27日,一層,一層
RPSNMLNLPHOFFCM86CA,26,76.02,住家用,鋼筋混凝土造,82年5月21日,五層,四層
RPSNMLNLPHOFFCM86CA,26,15.62,見其他登記事項,鋼筋混凝土造,82年5月21日,五層,
RPWNMLTLPHOFFDM97CA,39,55.20,商業用,鋼筋混凝土加強磚造,69年6月6日,一層,一層 騎樓
RPWNMLMKQHOFFAM96CA,1,182.67,見其他登記事項,鋼筋混凝土造,107年4月26日,四層,一層 二層 三層 四層 見其他登記事項
RPRNMLKMPHOFFCM56CA,25,96.84,住家用,鋼筋混凝土造,83年10月14日,二層,一層 二層
RPTNMLRJQHOFFDM37CA,17,163.56,住家用,鋼筋混凝土造,91年2月8日,三層,一層 二層 三層
RPUNMLTLPHOFFBM57CA,28,90.77,住家用,鋼筋混凝土造,80年11月15日,七層,三層
RPUNMLTLPHOFFBM57CA,28,24.72,見其他登記事項,鋼筋混凝土造,80年11月15日,七層,
RPPNMLOLPHOFFDM76CA,28,213.71,住家用,鋼筋混凝土造,80年12月31日,三層,一層 二層 三層 騎樓 電梯樓梯間
RPWNMLLJQHOFFAM76CA,26,138.83,住家用,鋼筋混凝土造,82年12月3日,三層,一層 二層 三層
RPQNMLTJQHOFFCM17CA,12,161.06,見其他登記事項,鋼筋混凝土造,96年1月31日,三層,一層 二層 三層 屋頂突出物
RPRNMLQLPHOFFBM96CA,26,57.14,住家用,鋼筋混凝土造,82年6月18日,七層,二層
RPRNMLQLPHOFFBM96CA,26,17.91,見其他登記事項,鋼筋混凝土造,82年6月18日,七層,
RPSNMLKMPHOFFAM09CA,22,85.48,住家用,鋼筋混凝土造,86年9月19日,十四層,十三層
RPSNMLKMPHOFFAM09CA,22,21.20,見其他登記事項,鋼筋混凝土造,86年9月19日,十四層,
RPSNMLKMPHOFFAM09CA,22,17.18,停車空間,鋼筋混凝土造,86年9月19日,十四層,
RPOOMLPJQHOFFAM09CA,18,114.85,住家用,鋼筋混凝土造,90年7月2日,三層,一層 二層 三層 屋頂突出物
RPVNMLNLPHOFFAM96CA,6,218.42,見其他登記事項,鋼筋混凝土造,101年12月26日,四層,一層 二層 三層 四層
RPUNMLMJQHOFFAM66CA,23,102.48,住家用,鋼筋混凝土造,85年8月21日,三層,一層 二層 三層
RPTNMLNLPHOFFAM76CA,18,132.03,住家用,鋼筋混凝土造,90年5月3日,三層,一層 二層 三層 屋頂突出物
RPXNMLOLPHOFFCM47CA,,67.86,住家用,鋼筋混凝土加強磚造,,二層,一層 二層
RPPNMLNJQHOFFAM98DA,31,119.43,住家用,加強磚造,77年9月8日,二層,一層 二層
RPTNMLQJQHOFFBM07CA,4,209.23,見其他登記事項,鋼筋混凝土造,104年7月14日,三層,一層 二層 三層 見其他登記事項
RPSNMLTJQHOFFCM37CA,20,51.41,見其他登記事項,鋼筋混凝土造,87年12月31日,八層,七層
RPSNMLTJQHOFFCM37CA,20,22.28,見其他登記事項,鋼筋混凝土造,87年12月31日,八層,
RPTNMLPJQHOFFAM86CA,7,251.39,見其他登記事項,鋼筋混凝土造,101年9月4日,四層,一層 二層 三層 四層 騎樓
RPQOMLLMPHOFFCM66CA,34,128.37,住商用,鋼筋混凝土造,74年4月25日,二層,一層 二層 騎樓
RPSNMLPLPHOFFAM86CA,1,237.19,住家用,鋼筋混凝土造,107年4月11日,四層,一層 二層 三層 四層
RPPNMLOJQHOFFAM98CA,25,85.63,住家用,鋼筋混凝土造,83年10月7日,十一層,六層
RPPNMLOJQHOFFAM98CA,25,33.27,見其他登記事項,鋼筋混凝土造,83年10月7日,十一層,
RPTNMLKMPHOFFAM56CA,1,87.12,見其他登記事項,鋼筋混凝土造,107年5月1日,五層,三層
RPTNMLKMPHOFFAM56CA,1,16.72,見其他登記事項,鋼筋混凝土造,107年5月1日,五層,
RPTNMLKMPHOFFAM56CA,1,22.89,見其他登記事項,鋼筋混凝土造,107年5月1日,一層,
RPSNMLPLPHOFFDM17CA,23,83.56,見其他登記事項,鋼筋混凝土造,85年3月21日,八層,一層
RPSNMLPLPHOFFDM17CA,23,18.83,見其他登記事項,鋼筋混凝土造,85年3月21日,八層,
RPSNMLPLPHOFFDM17CA,23,10.42,見其他登記事項,鋼筋混凝土造,85年3月21日,八層,
RPSNMLQLPHOFFCM17CA,3,204.74,見其他登記事項,鋼筋混凝土造,105年11月29日,四層,一層 二層 三層 四層 見其他登記事項
RPQNMLRJQHOFFEM17CA,,199.69,見其他登記事項,見其他登記事項,108年2月19日,三層,一層 二層 三層 見其他登記事項
RPSNMLQLPHOFFDM27CA,23,85.04,住家用,鋼筋混凝土造,85年8月20日,二層,一層 二層
RPPNMLTLPHOFFEM37CA,23,182.08,住商用,鋼筋混凝土造,85年1月5日,三層,一層 二層 三層 屋頂突出物
RPRNMLQJQHOFFBM86CA,23,151.19,住商用,鋼筋混凝土造,84年12月20日,七層,一層 二層 地下層
RPRNMLQJQHOFFBM86CA,23,39.20,見其他登記事項,鋼筋混凝土造,84年12月20日,七層,
RPRNMLPJQHOFFBM76CA,1,162.18,見其他登記事項,鋼筋混凝土造,107年8月22日,三層,一層 二層 三層 見其他登記事項
RPRNMLPJQHOFFBM76CA,1,.15,見其他登記事項,鋼筋混凝土造,107年8月22日,一層,
RPSNMLPJQHOFFBM86CA,1,161.09,見其他登記事項,鋼筋混凝土造,107年8月22日,三層,一層 二層 三層 見其他登記事項
RPSNMLPJQHOFFBM86CA,1,.15,見其他登記事項,鋼筋混凝土造,107年8月22日,一層,
RPQNMLTKQHOFFCM27CA,23,178.37,見其他登記事項,鋼筋混凝土造,85年9月4日,四層,一層 二層 三層 四層 騎樓
RPWNMLPJQHOFFBM27CA,1,245.36,住家用,鋼筋混凝土造,107年12月18日,四層,一層 二層 三層 四層
RPTNMLPJQHOFFBM96CA,36,437.40,住家用,鋼筋混凝土造,72年5月25日,三層,一層 二層 三層
RPVNMLLJQHOFFBM76CA,2,421.57,見其他登記事項,鋼筋混凝土造,106年6月13日,五層,一層 二層 三層 四層 五層 見其他登記事項
RPUNMLQJQHOFFBM17CA,1,196.41,住家用,鋼筋混凝土造,107年12月18日,三層,一層 二層 三層
RPUNMLLMPHOFFCM96CA,4,235.18,見其他登記事項,鋼筋混凝土造,104年6月17日,四層,一層 二層 三層 四層 見其他登記事項
RPUNMLRJQHOFFAM17CA,27,117.93,住家用,鋼筋混凝土造,81年9月18日,三層,一層 二層 三層
RPQOMLTJQHOFFDM37CA,27,126.76,住家用,鋼筋混凝土加強磚造,81年9月5日,二層,一層 二層 騎樓
RPTNMLMJQHOFFCM76CA,24,85.35,見其他登記事項,鋼筋混凝土造,83年12月31日,十二層,十二層
RPTNMLMJQHOFFCM76CA,24,23.64,見其他登記事項,鋼筋混凝土造,83年12月31日,十二層,
RPSOMLLMPHOFFCM86CA,,184.10,農舍,見其他登記事項,103年5月30日,一層,一層
RPWNMLLMPHOFFCM17CA,1,240.69,住家用,鋼筋混凝土造,107年4月17日,一層,一層
RPPOMLLJQHOFFCM98CA,3,204.74,見其他登記事項,鋼筋混凝土造,105年11月29日,四層,一層 二層 三層 四層 見其他登記事項
RPQOMLTKQHOFFCM47DA,23,103.66,見其他登記事項,鋼筋混凝土造,85年2月9日,十五層,十二層
RPQOMLTKQHOFFCM47DA,23,25.24,見其他登記事項,鋼筋混凝土造,85年2月9日,十五層,
RPQOMLTKQHOFFCM47DA,23,.07,見其他登記事項,鋼筋混凝土造,85年2月9日,十五層,地下一層
RPQOMLTKQHOFFCM47DA,23,3088.82,見其他登記事項,鋼筋混凝土造,85年2月9日,十五層,
RPOOMLMJQHOFFCM98CA,26,58.33,住家用,鋼筋混凝土造,82年5月21日,五層,三層
RPOOMLMJQHOFFCM98CA,26,12.68,見其他登記事項,鋼筋混凝土造,82年5月21日,五層,
RPRNMLLMPHOFFBM56CA,50,198.07,商業用,鋼造,58年5月15日,一層,一層
RPQNMLPJQHOFFEM96CA,36,55.42,住商用,鋼筋混凝土加強磚造,72年8月8日,二層,一層 二層 騎樓
RPRNMLLMPHOFFCM66CA,23,163.77,住商用,鋼筋混凝土造,85年9月18日,四層,一層 二層 三層 四層
RPPNMLTKQHOFFBM07CA,1,181.92,見其他登記事項,鋼筋混凝土造,107年10月11日,四層,一層 二層 三層 四層
RPPNMLTKQHOFFBM07CA,1,.17,住家用,鋼筋混凝土造,107年10月11日,一層,一層
RPPNMLTKQHOFFBM07CA,1,.41,住家用,鋼筋混凝土造,107年10月11日,一層,一層
RPTNMLKLQHOFFBM66CA,8,242.49,農舍,見其他登記事項,100年12月27日,二層,一層 二層
RPSNMLLJQHOFFAM98CA,36,73.20,住商用,加強磚造,72年8月4日,二層,一層 二層
RPTNMLSJQHOFFBM27CA,23,.10,見其他登記事項,鋼筋混凝土造,85年6月13日,九層,一層
RPTNMLSJQHOFFBM27CA,23,2512.11,見其他登記事項,鋼筋混凝土造,85年6月13日,九層,
RPTNMLSJQHOFFBM27CA,23,66.90,住家用,鋼筋混凝土造,85年6月13日,九層,四層
RPTNMLSJQHOFFBM27CA,23,24.61,見其他登記事項,鋼筋混凝土造,85年6月13日,九層,
RPPNMLMJQHOFFAM78CA,22,86.72,住家用,鋼筋混凝土造,86年9月19日,十四層,十四層
RPPNMLMJQHOFFAM78CA,22,22.27,見其他登記事項,鋼筋混凝土造,86年9月19日,十四層,
RPSNMLPKQHOFFAM86CA,4,232.21,住家用,鋼筋混凝土造,103年12月19日,四層,一層 二層 三層 四層
RPSNMLQLQHOFFAM07CA,21,85.09,見其他登記事項,鋼筋混凝土造,87年3月6日,九層,一層
RPSNMLQLQHOFFAM07CA,21,11.46,見其他登記事項,鋼筋混凝土造,87年3月6日,九層,
RPSNMLQLQHOFFAM07CA,21,9.89,見其他登記事項,鋼筋混凝土造,87年3月6日,九層,
RPQNMLRJQHOFFAM76CA,1,211.10,見其他登記事項,鋼筋混凝土造,107年2月27日,四層,一層 二層 三層 四層
RPRNMLLJQHOFFAM88CA,50,73.04,住家用,鋼筋混凝土加強磚造,58年1月13日,二層,一層 二層
RPRNMLTKQHOFFCM37CA,2,230.73,住家用,鋼筋混凝土造,106年1月12日,四層,一層 二層 三層 四層
RPQOMLMJQHOFFCM56CA,26,92.72,見其他登記事項,鋼筋混凝土造,82年5月21日,五層,一層 騎樓
RPOOMLLJQHOFFCM88CA,3,204.74,見其他登記事項,鋼筋混凝土造,105年11月29日,四層,一層 二層 三層 四層 見其他登記事項
RPPNMLOKQHOFFBM56CA,,54.84,見其他登記事項,鋼筋混凝土造,107年11月27日,九層,一層
RPPNMLOKQHOFFBM56CA,,57.92,見其他登記事項,鋼筋混凝土造,107年11月27日,九層,
RPWNMLNKQHOFFCM27CA,24,154.35,住家用,鋼筋混凝土造,84年9月14日,四層,一層 二層 三層 四層
RPSNMLRJQHOFFBM17DA,22,182.34,住商用,鋼筋混凝土造,86年2月18日,三層,一層 二層 三層 電梯樓梯間
RPPOMLMJQHOFFCM09CA,26,76.02,住家用,鋼筋混凝土造,82年5月21日,五層,三層
RPPOMLMJQHOFFCM09CA,26,15.62,見其他登記事項,鋼筋混凝土造,82年5月21日,五層,
RPSNMLMJQHOFFCM66CA,,144.94,住商用,鋼筋混凝土造,,三層,一層 二層 三層 騎樓
RPWNMLMJQHOFFBM96CA,41,96.32,住家用,加強磚造,66年12月15日,二層,一層 二層
RPXNMLMJQHOFFCM17CA,26,76.02,住家用,鋼筋混凝土造,82年5月21日,五層,二層
RPXNMLMJQHOFFCM17CA,26,15.62,見其他登記事項,鋼筋混凝土造,82年5月21日,五層,
RPQNMLPJQHOFFBM66CA,1,180.76,見其他登記事項,鋼筋混凝土造,107年8月22日,三層,一層 二層 三層 見其他登記事項
RPQNMLPJQHOFFBM66CA,1,.15,見其他登記事項,鋼筋混凝土造,107年8月22日,一層,
RPRNMLNKQHOFFAM56CA,27,126.72,住商用,加強磚造,81年7月7日,二層,一層 二層 騎樓
RPQNMLOKQHOFFBM66CA,,70.17,見其他登記事項,鋼筋混凝土造,107年11月27日,九層,一層
RPQNMLOKQHOFFBM66CA,,64.76,見其他登記事項,鋼筋混凝土造,107年11月27日,九層,
RPRNMLOKQHOFFBM76CA,1,60.52,見其他登記事項,鋼筋混凝土造,107年11月27日,九層,五層
RPRNMLOKQHOFFBM76CA,1,60.46,見其他登記事項,鋼筋混凝土造,107年11月27日,九層,
RPSNMLOKQHOFFBM86CA,,41.79,見其他登記事項,鋼筋混凝土造,107年11月27日,九層,六層
RPSNMLOKQHOFFBM86CA,,18.66,見其他登記事項,鋼筋混凝土造,107年11月27日,九層,
RPTNMLOKQHOFFBM96CA,,41.79,見其他登記事項,鋼筋混凝土造,107年11月27日,九層,七層
RPTNMLOKQHOFFBM96CA,,18.66,見其他登記事項,鋼筋混凝土造,107年11月27日,九層,
RPUNMLOKQHOFFBM07CA,,41.79,見其他登記事項,鋼筋混凝土造,107年11月27日,九層,八層
RPUNMLOKQHOFFBM07CA,,18.66,見其他登記事項,鋼筋混凝土造,107年11月27日,九層,
RPWNMLPJQHOFFAM17CA,1,154.81,見其他登記事項,鋼筋混凝土造,107年12月12日,三層,一層 二層 三層 屋頂突出物
RPWNMLMLQHOFFAM07CA,33,85.87,住商用,鋼筋混凝土加強磚造,75年10月28日,二層,一層 二層 騎樓
RPRNMLLLQHOFFBM56CA,1,.41,住家用,鋼筋混凝土造,107年10月11日,一層,一層
RPRNMLLLQHOFFBM56CA,1,.17,住家用,鋼筋混凝土造,107年10月11日,一層,一層
RPRNMLLLQHOFFBM56CA,1,215.18,見其他登記事項,鋼筋混凝土造,107年10月11日,四層,一層 二層 三層 四層
RPQNMLNKQHOFFBM56CA,1,153.26,住家用,鋼筋混凝土造,107年12月18日,三層,一層 二層 三層
RPQNMLSLQHOFFDM37CA,29,167.96,住家用,鋼筋混凝土造,79年9月13日,三層,一層 二層 三層 地下層
RPRNMLQJQHOFFCM96CA,37,78.28,住家用,加強磚造,71年10月29日,二層,一層 二層
RPSNMLQJQHOFFCM07CA,43,50.55,住家用,磚造,65年8月24日,一層,一層
RPPNMLSKQHOFFCM07CA,18,182.24,住家用,鋼筋混凝土加強磚造,90年5月21日,二層,一層 二層 屋頂突出物
RPPNMLQKQHOFFBM76CA,31,248.18,住商用,鋼筋混凝土加強磚造,77年10月22日,二層,一層 二層 騎樓
RPUNMLTKQHOFFCM67CA,40,99.08,住商用,鋼筋混凝土造,68年12月31日,二層,一層 二層 騎樓
RPTNMLQJQHOFFCM17CA,37,99.00,住家用,鋼筋混凝土造,71年1月13日,二層,一層 二層
RPRNMLLLQHOFFCM66CA,25,99.18,見其他登記事項,鋼筋混凝土造,83年7月8日,十二層,九層
RPRNMLLLQHOFFCM66CA,25,16.02,見其他登記事項,鋼筋混凝土造,83年7月8日,十二層,
RPQNMLRJQHOFFBM86CA,28,173.58,住家用,鋼筋混凝土造,80年9月18日,三層,一層 二層 三層
RPRNMLNKQHOFFBM66CA,1,152.61,住家用,鋼筋混凝土造,107年12月18日,三層,一層 二層 三層
RPROMLPJQHOFFAM76CA,15,176.55,住家用,鋼筋混凝土造,93年11月4日,三層,一層 二層 三層 屋頂突出物
RPPNMLMKQHOFFBM98CA,1,153.21,住家用,鋼筋混凝土造,107年12月18日,三層,一層 二層 三層
RPRNMLRJQHOFFBM96CA,6,187.23,見其他登記事項,鋼筋混凝土造,102年9月2日,四層,一層 二層 三層 四層
RPSNMLRJQHOFFAM96CA,40,114.88,住家用,鋼筋混凝土加強磚造,68年3月12日,二層,一層 二層
RPRNMLKLQHOFFAM98CA,27,93.74,住家用,鋼筋混凝土造,81年8月6日,五層,四層
RPRNMLKLQHOFFAM98CA,27,6.61,見其他登記事項,鋼筋混凝土造,81年8月6日,五層,
RPOOMLMKQHOFFAM88CA,36,36.13,住家用,鋼筋混凝土加強磚造,72年5月20日,二層,一層 二層
RPWNMLRJQHOFFDM67CA,23,23.16,見其他登記事項,鋼筋混凝土造,85年3月9日,七層,二層
RPWNMLRJQHOFFDM67CA,23,3.84,見其他登記事項,鋼筋混凝土造,85年3月9日,七層,
RPWNMLRJQHOFFDM67CA,23,4.29,見其他登記事項,鋼筋混凝土造,85年3月9日,七層,
RPPNMLTJQHOFFDM27DA,15,151.11,住家用,鋼筋混凝土造,93年2月5日,三層,一層 二層 三層 屋頂突出物
RPUNMLNKQHOFFCM07CA,26,58.33,住家用,鋼筋混凝土造,82年5月21日,五層,四層
RPUNMLNKQHOFFCM07CA,26,12.68,見其他登記事項,鋼筋混凝土造,82年5月21日,五層,
RPVNMLRJQHOFFDM57CA,26,95.76,見其他登記事項,鋼筋混凝土造,82年4月29日,五層,一層
RPVNMLRJQHOFFDM57CA,26,21.34,見其他登記事項,鋼筋混凝土造,82年4月29日,五層,
RPPNMLSJQHOFFDM07CA,28,205.39,住商用,鋼筋混凝土造,80年12月4日,三層,一層 二層 三層 屋頂突出物 騎樓
RPTNMLTJQHOFFDM57CA,21,166.83,住家用,鋼筋混凝土造,87年2月20日,三層,一層 二層 三層 電梯樓梯間
RPSNMLSJQHOFFCM27CA,24,156.04,住家用,鋼筋混凝土造,84年12月30日,四層,一層 二層 三層 四層
RPPNMLMKQHOFFCM09CA,23,84.59,見其他登記事項,鋼筋混凝土造,85年2月9日,十五層,六層
RPPNMLMKQHOFFCM09CA,23,21.23,見其他登記事項,鋼筋混凝土造,85年2月9日,十五層,
RPTNMLSJQHOFFAM17CA,38,87.27,住商用,鋼筋混凝土加強磚造,70年7月21日,二層,一層 二層 騎樓
RPXNMLMLQHOFFAM17CA,19,57.75,住家用,鋼筋混凝土造,89年12月20日,五層,五層
RPXNMLMLQHOFFAM17CA,19,3.68,見其他登記事項,鋼筋混凝土造,89年12月20日,五層,
RPTNMLPKQHOFFAM96CA,25,96.24,住家用,鋼筋混凝土造,83年6月8日,八層,四層
RPTNMLPKQHOFFAM96CA,25,32.01,見其他登記事項,鋼筋混凝土造,83年6月8日,八層,
RPQNMLMKQHOFFAM98CA,23,128.45,住家用,鋼筋混凝土造,85年11月21日,四層,一層 二層 三層 四層
RPUNMLRLQHOFFBM47CA,27,485.39,工商用,鋼造,81年10月12日,一層,一層
RPRNMLPKQHOFFBM86CA,8,181.95,見其他登記事項,鋼筋混凝土造,100年6月30日,三層,一層 二層 三層 見其他登記事項
RPQNMLNJRHOFFBM56CA,1,90.02,見其他登記事項,鋼筋混凝土造,107年5月2日,十一層,四層
RPQNMLNJRHOFFBM56CA,1,62.02,見其他登記事項,鋼筋混凝土造,107年5月2日,十一層,
RPWNMLTJQHOFFDM87CA,8,207.20,見其他登記事項,鋼筋混凝土造,100年5月12日,三層,一層 二層 三層 屋頂突出物
RPPNMLTLQHOFFDM47DA,44,228.66,住商用,鋼筋混凝土加強磚造,64年1月27日,三層,一層 二層 三層 騎樓
RPVNMLMLQHOFFDM27CA,23,21.35,見其他登記事項,鋼筋混凝土造,85年3月9日,五層,四層
RPXNMLMKQHOFFCM27CA,20,112.47,農舍,見其他登記事項,88年1月15日,一層,一層
RPPNMLTKQHOFFEM37CA,41,102.48,住商用,鋼筋混凝土加強磚造,67年4月3日,二層,一層 二層 騎樓
RPSNMLSLQHOFFCM47CA,23,339.61,見其他登記事項,鋼筋混凝土造,85年12月21日,五層,一層 二層 三層 四層 五層 屋頂突出物 騎樓
RPSNMLTLQHOFFCM57CA,11,167.76,見其他登記事項,鋼筋混凝土造,97年8月5日,三層,一層 二層 三層 屋頂突出物
RPPNMLNKQHOFFBM09CA,6,12.00,農舍,見其他登記事項,102年4月17日,一層,一層
RPWNMLMJRHOFFCM17CA,17,345.23,住家用,鋼筋混凝土造,91年1月3日,三層,一層 二層 三層
RPVNMLMKQHOFFAM86CA,35,213.27,農舍,鋼筋混凝土造,73年12月8日,三層,一層 二層 三層
RPTNMLQKQHOFFAM07CA,1,100.47,見其他登記事項,鋼筋混凝土造,107年5月1日,五層,二層
RPTNMLQKQHOFFAM07CA,1,16.79,見其他登記事項,鋼筋混凝土造,107年5月1日,五層,
RPTNMLQKQHOFFAM07CA,1,22.89,見其他登記事項,鋼筋混凝土造,107年5月1日,一層,
