﻿編號,車位類別,車位價格,車位面積平方公尺
Serial number,berth category,berth price,berth area square meter
RPPPMLMLNHOFFAO76EB,坡道平面,1010000,24.92
RPXOMLMLNHOFFAO47EB,坡道平面,870000,24.92
RPOPMLMLNHOFFAO66EB,坡道平面,950000,24.92
RPSPMLMLNHOFFAO07EB,坡道平面,970000,27.09
RPTPMLMLNHOFFAO17EB,坡道平面,970000,27.09
RPUOMLMLNHOFFAO17EB,坡道平面,1000000,27.09
RPQPMLMLNHOFFAO86EB,坡道平面,870000,24.92
RPWOMLMLNHOFFAO37EB,坡道平面,970000,27.09
RPWPMLMLNHOFFAO47EB,坡道平面,870000,24.92
RPUPMLMLNHOFFAO27EB,坡道平面,970000,27.09
RPQQMLMLNHOFFAO96EB,坡道平面,1000000,27.09
RPSQMLMLNHOFFAO17EB,坡道平面,1060000,24.92
RPVPMLMLNHOFFAO37EB,坡道平面,1000000,27.09
RPRQMLMLNHOFFAO07EB,坡道平面,1050000,27.09
RPRNMLNLNHOFFAO86EB,坡道平面,1150000,27.09
RPTNMLNLNHOFFAO07EB,坡道平面,1020000,27.09
RPPOMLNLNHOFFAO76EB,坡道平面,970000,27.09
RPVNMLNLNHOFFAO27EB,坡道平面,1020000,27.09
RPQNMLNLNHOFFAO76EB,坡道平面,1150000,27.09
RPSNMLNLNHOFFAO96EB,坡道平面,1100000,27.09
RPUNMLNLNHOFFAO17EB,坡道平面,1050000,24.92
RPOOMLNLNHOFFAO66EB,坡道平面,1050000,24.92
RPWNMLNLNHOFFAO37EB,坡道平面,1150000,27.09
RPPPMLNLNHOFFAO86EB,坡道平面,1000000,27.09
RPQPMLNLNHOFFAO96EB,坡道平面,1000000,27.09
RPRPMLNLNHOFFAO07EB,坡道平面,1050000,27.09
RPSPMLNLNHOFFAO17EB,坡道平面,1150000,27.09
RPROMLNLNHOFFAO96EB,坡道平面,1000000,27.09
RPTPMLNLNHOFFAO27EB,坡道平面,970000,27.09
RPUPMLNLNHOFFAO37EB,坡道平面,1020000,27.09
RPVPMLNLNHOFFAO47EB,坡道平面,1150000,27.09
RPOQMLNLNHOFFAO86EB,坡道平面,1050000,24.92
RPPQMLNLNHOFFAO96EB,坡道平面,1050000,27.09
RPSQMLNLNHOFFAO27EB,坡道平面,1050000,27.09
RPVQMLNLNHOFFAO57EB,坡道平面,1150000,27.09
RPUQMLNLNHOFFAO47EB,坡道平面,1100000,27.09
RPXPMLNLNHOFFAO67EB,坡道平面,910000,24.92
RPWPMLNLNHOFFAO57EB,坡道平面,1200000,27.09
RPQQMLNLNHOFFAO07EB,坡道平面,970000,27.09
RPTQMLNLNHOFFAO37EB,坡道平面,970000,27.09
RPRQMLNLNHOFFAO17EB,坡道平面,970000,27.09
RPWQMLNLNHOFFAO67EB,坡道平面,970000,27.09
RPTRMLNLNHOFFAO47EB,坡道平面,1150000,27.09
RPRRMLNLNHOFFAO27EB,坡道平面,970000,27.09
RPXQMLNLNHOFFAO77EB,坡道平面,1100000,27.09
RPQRMLNLNHOFFAO17EB,坡道平面,1150000,27.09
RPPRMLNLNHOFFAO07EB,坡道平面,940000,29.55
RPORMLNLNHOFFAO96EB,坡道平面,870000,24.92
RPSRMLNLNHOFFAO37EB,坡道平面,1150000,27.09
RPRNMLRLNHOFFAO27EB,坡道平面,1120000,29.55
RPQNMLRLNHOFFAO17EB,坡道平面,1150000,27.09
RPTNMLRLNHOFFAO47EB,坡道平面,910000,24.92
RPUNMLRLNHOFFAO57EB,坡道平面,870000,24.92
RPQOMLRLNHOFFAO27EB,坡道平面,970000,27.09
RPSNMLRLNHOFFAO37EB,坡道平面,1100000,24.92
RPVNMLRLNHOFFAO67EB,坡道平面,1010000,24.92
RPPOMLRLNHOFFAO17EB,坡道平面,1010000,24.92
RPROMLRLNHOFFAO37EB,坡道平面,1020000,27.09
RPXNMLRLNHOFFAO87EB,坡道平面,1050000,24.92
RPOOMLRLNHOFFAO07EB,坡道平面,1100000,24.92
RPWNMLRLNHOFFAO77EB,坡道平面,1010000,24.92
RPSOMLRLNHOFFAO47EB,坡道平面,1200000,27.09
RPVOMLRLNHOFFAO77EB,坡道平面,1100000,27.09
RPXOMLRLNHOFFAO97EB,坡道平面,1200000,27.09
RPWOMLRLNHOFFAO87EB,坡道平面,1200000,27.09
RPUOMLRLNHOFFAO67EB,坡道平面,1150000,27.09
RPTOMLRLNHOFFAO57EB,坡道平面,1150000,27.09
RPSPMLRLNHOFFAO57EB,坡道平面,940000,29.55
RPPPMLRLNHOFFAO27EB,坡道平面,1100000,27.09
RPRPMLRLNHOFFAO47EB,坡道平面,1150000,27.09
RPQPMLRLNHOFFAO37EB,坡道平面,970000,27.09
RPVPMLRLNHOFFAO87EB,坡道平面,970000,27.09
RPWPMLRLNHOFFAO97EB,坡道平面,1050000,27.09
RPOQMLRLNHOFFAO27EB,坡道平面,970000,27.09
RPTPMLRLNHOFFAO67EB,坡道平面,1100000,27.09
RPUPMLRLNHOFFAO77EB,坡道平面,1200000,27.09
RPPQMLRLNHOFFAO37EB,坡道平面,970000,27.09
RPXPMLRLNHOFFAO08EB,坡道平面,1200000,27.09
RPRQMLRLNHOFFAO57EB,坡道平面,1020000,27.09
RPSQMLRLNHOFFAO67EB,坡道平面,940000,29.55
RPUQMLRLNHOFFAO87EB,坡道平面,870000,24.92
RPTQMLRLNHOFFAO77EB,坡道平面,1200000,27.09
RPWQMLRLNHOFFAO08EB,坡道平面,970000,27.09
RPPRMLRLNHOFFAO47EB,坡道平面,970000,27.09
RPXQMLRLNHOFFAO18EB,坡道平面,970000,27.09
RPQRMLRLNHOFFAO57EB,坡道平面,1050000,24.92
RPVQMLRLNHOFFAO97EB,坡道平面,870000,24.92
RPRRMLRLNHOFFAO67EB,坡道平面,970000,27.09
RPSRMLRLNHOFFAO77EB,坡道平面,970000,27.09
RPORMLRLNHOFFAO37EB,坡道平面,1100000,27.09
RPWRMLRLNHOFFAO18EB,坡道平面,870000,24.92
RPVRMLRLNHOFFAO08EB,坡道平面,1020000,27.09
RPTRMLRLNHOFFAO87EB,坡道平面,970000,27.09
RPURMLRLNHOFFAO97EB,坡道平面,1050000,24.92
RPQSMLRLNHOFFAO67EB,坡道平面,970000,27.09
RPXRMLRLNHOFFAO28EB,坡道平面,870000,24.92
RPPSMLRLNHOFFAO57EB,坡道平面,970000,27.09
RPRSMLRLNHOFFAO77EB,坡道平面,970000,27.09
RPOSMLRLNHOFFAO47EB,坡道平面,970000,27.09
RPSSMLRLNHOFFAO87EB,坡道平面,970000,27.09
RPTSMLRLNHOFFAO97EB,坡道平面,970000,27.09
RPUSMLRLNHOFFAO08EB,坡道平面,970000,27.09
RPVSMLRLNHOFFAO18EB,坡道平面,970000,27.09
RPWSMLRLNHOFFAO28EB,坡道平面,1050000,27.09
RPXNMLSLNHOFFAO97EB,坡道平面,1100000,27.09
RPQNMLSLNHOFFAO27EB,坡道平面,1050000,24.92
RPWNMLSLNHOFFAO87EB,坡道平面,1020000,27.09
RPPNMLSLNHOFFAO17EB,坡道平面,970000,27.09
RPUNMLSLNHOFFAO67EB,坡道平面,970000,27.09
RPVNMLSLNHOFFAO77EB,坡道平面,1020000,27.09
RPSNMLSLNHOFFAO47EB,坡道平面,970000,27.09
RPRNMLSLNHOFFAO37EB,坡道平面,1050000,24.92
RPOOMLSLNHOFFAO17EB,坡道平面,910000,24.92
RPPOMLSLNHOFFAO27EB,坡道平面,970000,27.09
RPTOMLSLNHOFFAO67EB,坡道平面,970000,27.09
RPROMLSLNHOFFAO47EB,坡道平面,970000,27.09
RPQOMLSLNHOFFAO37EB,坡道平面,970000,27.09
RPUOMLSLNHOFFAO77EB,坡道平面,970000,27.09
RPXOMLSLNHOFFAO08EB,坡道平面,1000000,27.09
RPVOMLSLNHOFFAO87EB,坡道平面,1000000,27.09
RPWOMLSLNHOFFAO97EB,坡道平面,970000,27.09
RPOPMLSLNHOFFAO27EB,坡道平面,970000,27.09
RPPPMLSLNHOFFAO37EB,坡道平面,1000000,27.09
RPQPMLSLNHOFFAO47EB,坡道平面,1000000,27.09
RPSPMLSLNHOFFAO67EB,坡道平面,910000,24.92
RPRPMLSLNHOFFAO57EB,坡道平面,970000,27.09
RPTPMLSLNHOFFAO77EB,坡道平面,1100000,27.09
RPUPMLSLNHOFFAO87EB,坡道平面,970000,27.09
RPWPMLSLNHOFFAO08EB,坡道平面,1150000,27.09
RPVPMLSLNHOFFAO97EB,坡道平面,970000,27.09
RPXPMLSLNHOFFAO18EB,坡道平面,1150000,27.09
RPOQMLSLNHOFFAO37EB,坡道平面,1100000,27.09
RPRQMLSLNHOFFAO67EB,坡道平面,1010000,24.92
RPSQMLSLNHOFFAO77EB,坡道平面,1000000,27.09
RPQQMLSLNHOFFAO57EB,坡道平面,1100000,27.09
RPUQMLSLNHOFFAO97EB,坡道平面,970000,27.09
RPTQMLSLNHOFFAO87EB,坡道平面,970000,27.09
RPVQMLSLNHOFFAO08EB,坡道平面,870000,24.92
RPWQMLSLNHOFFAO18EB,坡道平面,870000,24.92
RPPRMLSLNHOFFAO57EB,坡道平面,870000,24.92
RPORMLSLNHOFFAO47EB,坡道平面,1100000,27.09
RPQRMLSLNHOFFAO67EB,坡道平面,870000,24.92
RPSRMLSLNHOFFAO87EB,坡道平面,970000,27.09
RPURMLSLNHOFFAO08EB,坡道平面,870000,24.92
RPXQMLSLNHOFFAO28EB,坡道平面,1150000,27.09
RPTRMLSLNHOFFAO97EB,坡道平面,1020000,27.09
RPRRMLSLNHOFFAO77EB,坡道平面,870000,24.92
RPVRMLSLNHOFFAO18EB,坡道平面,950000,24.92
RPWRMLSLNHOFFAO28EB,坡道平面,970000,27.09
RPXRMLSLNHOFFAO38EB,坡道平面,870000,24.92
RPOSMLSLNHOFFAO57EB,坡道平面,1100000,27.09
RPXNMLTLNHOFFAO08EB,坡道平面,870000,24.92
RPSNMLTLNHOFFAO57EB,坡道平面,970000,27.09
RPQOMLTLNHOFFAO47EB,坡道平面,970000,27.09
RPSOMLTLNHOFFAO67EB,坡道平面,1050000,24.92
RPUNMLTLNHOFFAO77EB,坡道平面,870000,24.92
RPOOMLTLNHOFFAO27EB,坡道平面,970000,27.09
RPROMLTLNHOFFAO57EB,坡道平面,970000,27.09
RPVNMLTLNHOFFAO87EB,坡道平面,1050000,24.92
RPUOMLTLNHOFFAO87EB,坡道平面,1150000,27.09
RPTNMLTLNHOFFAO67EB,坡道平面,1150000,27.09
RPTOMLTLNHOFFAO77EB,坡道平面,970000,27.09
RPVOMLTLNHOFFAO97EB,坡道平面,1200000,27.09
RPXOMLTLNHOFFAO18EB,坡道平面,1020000,27.09
RPWOMLTLNHOFFAO08EB,坡道平面,1100000,27.09
RPPQMLTLNHOFFAO57EB,坡道平面,1100000,24.92
RPVQMLTLNHOFFAO18EB,坡道平面,970000,27.09
RPUQMLTLNHOFFAO08EB,坡道平面,870000,24.92
RPQQMLTLNHOFFAO67EB,坡道平面,970000,27.09
RPRQMLTLNHOFFAO77EB,坡道平面,1020000,27.19
RPSQMLTLNHOFFAO87EB,坡道平面,890000,27.19
RPXQMLTLNHOFFAO38EB,坡道平面,970000,27.09
RPTQMLTLNHOFFAO97EB,坡道平面,1000000,27.09
RPWQMLTLNHOFFAO28EB,坡道平面,1010000,24.92
RPPRMLTLNHOFFAO67EB,坡道平面,1150000,27.09
RPQRMLTLNHOFFAO77EB,坡道平面,1150000,27.09
RPRRMLTLNHOFFAO87EB,坡道平面,1020000,27.09
RPURMLTLNHOFFAO18EB,坡道平面,1100000,27.09
RPTRMLTLNHOFFAO08EB,坡道平面,1150000,27.09
RPSRMLTLNHOFFAO97EB,坡道平面,970000,27.09
RPVRMLTLNHOFFAO28EB,坡道平面,1020000,27.09
RPOSMLTLNHOFFAO67EB,坡道平面,1150000,27.09
RPPSMLTLNHOFFAO77EB,坡道平面,970000,27.09
RPWRMLTLNHOFFAO38EB,坡道平面,1020000,27.09
RPXRMLTLNHOFFAO48EB,坡道平面,970000,27.09
RPQSMLTLNHOFFAO87EB,坡道平面,970000,27.09
RPTSMLTLNHOFFAO18EB,坡道平面,1150000,27.09
RPOTMLTLNHOFFAO77EB,坡道平面,970000,27.09
RPRSMLTLNHOFFAO97EB,坡道平面,970000,27.09
RPSSMLTLNHOFFAO08EB,坡道平面,1100000,27.09
RPQTMLTLNHOFFAO97EB,坡道平面,970000,27.09
RPPTMLTLNHOFFAO87EB,坡道平面,870000,24.92
RPSTMLTLNHOFFAO18EB,坡道平面,970000,27.09
RPRTMLTLNHOFFAO08EB,坡道平面,970000,27.09
RPTTMLTLNHOFFAO28EB,坡道平面,970000,27.09
RPUTMLTLNHOFFAO38EB,坡道平面,1000000,27.09
RPVTMLTLNHOFFAO48EB,坡道平面,870000,24.92
RPXTMLTLNHOFFAO68EB,坡道平面,1050000,24.92
RPOUMLTLNHOFFAO87EB,坡道平面,970000,27.09
RPWTMLTLNHOFFAO58EB,坡道平面,870000,24.92
RPPOMLOJOHOFFAO76EB,坡道平面,970000,27.09
RPTOMLOJOHOFFAO17EB,坡道平面,910000,24.92
RPWOMLOJOHOFFAO47EB,坡道平面,910000,24.92
RPUOMLOJOHOFFAO27EB,坡道平面,1050000,24.92
RPSOMLOJOHOFFAO07EB,坡道平面,870000,24.92
RPQPMLOJOHOFFAO96EB,坡道平面,970000,27.09
RPXOMLOJOHOFFAO57EB,坡道平面,1100000,27.09
RPOPMLOJOHOFFAO76EB,坡道平面,970000,27.09
RPRPMLOJOHOFFAO07EB,坡道平面,1050000,24.92
RPPPMLOJOHOFFAO86EB,坡道平面,970000,27.09
RPQOMLOJOHOFFAO86EB,坡道平面,970000,27.09
RPTPMLOJOHOFFAO27EB,坡道平面,970000,27.09
RPOQMLOJOHOFFAO86EB,坡道平面,1100000,27.09
RPPQMLOJOHOFFAO96EB,坡道平面,970000,27.09
RPQQMLOJOHOFFAO07EB,坡道平面,970000,27.09
RPXPMLOJOHOFFAO67EB,坡道平面,970000,27.09
RPVOMLOJOHOFFAO37EB,坡道平面,1020000,27.09
RPSPMLOJOHOFFAO17EB,坡道平面,940000,29.55
RPVPMLOJOHOFFAO47EB,坡道平面,870000,24.92
RPUPMLOJOHOFFAO37EB,坡道平面,970000,27.09
RPWPMLOJOHOFFAO57EB,坡道平面,970000,27.09
RPOPMLPJOHOFFAO86EB,坡道平面,970000,27.09
RPQPMLPJOHOFFAO07EB,坡道平面,1150000,27.09
RPRPMLPJOHOFFAO17EB,坡道平面,1050000,24.92
RPSPMLPJOHOFFAO27EB,坡道平面,970000,27.09
RPRQMLOJOHOFFAO17EB,坡道平面,970000,27.09
RPPPMLPJOHOFFAO96EB,坡道平面,1150000,27.09
RPTPMLPJOHOFFAO37EB,坡道平面,1020000,27.09
RPXPMLPJOHOFFAO77EB,坡道平面,1100000,27.09
RPUPMLPJOHOFFAO47EB,坡道平面,870000,24.92
RPPQMLPJOHOFFAO07EB,坡道平面,940000,29.55
RPSQMLPJOHOFFAO37EB,坡道平面,1150000,27.09
RPWPMLPJOHOFFAO67EB,坡道平面,1020000,27.09
RPTQMLPJOHOFFAO47EB,坡道平面,970000,27.09
RPUQMLPJOHOFFAO57EB,坡道平面,970000,27.09
RPXQMLPJOHOFFAO87EB,坡道平面,1010000,24.92
RPVQMLPJOHOFFAO67EB,坡道平面,970000,27.09
RPWQMLPJOHOFFAO77EB,坡道平面,1050000,24.92
RPORMLPJOHOFFAO07EB,坡道平面,970000,27.09
RPRRMLPJOHOFFAO37EB,坡道平面,940000,29.55
RPQRMLPJOHOFFAO27EB,坡道平面,970000,27.09
RPPRMLPJOHOFFAO17EB,坡道平面,970000,27.09
RPSRMLPJOHOFFAO47EB,坡道平面,1100000,27.09
RPURMLPJOHOFFAO67EB,坡道平面,970000,27.09
RPTRMLPJOHOFFAO57EB,坡道平面,1150000,27.09
RPVRMLPJOHOFFAO77EB,坡道平面,1020000,27.09
RPWRMLPJOHOFFAO87EB,坡道平面,1060000,24.92
RPPNMLQJOHOFFAO86EB,坡道平面,1100000,27.09
RPPPMLKKOHOFFAO56EB,坡道平面,970000,27.09
RPWPMLKKOHOFFAO27EB,坡道平面,970000,27.09
RPUPMLKKOHOFFAO07EB,坡道平面,940000,29.55
RPRPMLKKOHOFFAO76EB,坡道平面,1150000,27.09
RPSPMLKKOHOFFAO86EB,坡道平面,1150000,27.09
RPTPMLKKOHOFFAO96EB,坡道平面,1000000,27.09
RPXPMLKKOHOFFAO37EB,坡道平面,970000,27.09
RPQPMLKKOHOFFAO66EB,坡道平面,1150000,27.09
RPPQMLKKOHOFFAO66EB,坡道平面,970000,27.09
RPOQMLKKOHOFFAO56EB,坡道平面,970000,27.09
RPQQMLKKOHOFFAO76EB,坡道平面,970000,27.09
RPRQMLKKOHOFFAO86EB,坡道平面,1000000,27.09
RPSQMLKKOHOFFAO96EB,坡道平面,870000,24.92
RPTQMLKKOHOFFAO07EB,坡道平面,910000,24.92
RPVQMLKKOHOFFAO27EB,坡道平面,910000,24.92
RPXQMLKKOHOFFAO47EB,坡道平面,1050000,27.09
RPORMLKKOHOFFAO66EB,坡道平面,1100000,27.09
RPUQMLKKOHOFFAO17EB,坡道平面,870000,24.92
RPPRMLKKOHOFFAO76EB,坡道平面,1000000,27.09
RPWQMLKKOHOFFAO37EB,坡道平面,950000,24.92
RPRRMLKKOHOFFAO96EB,坡道平面,1150000,27.09
RPQRMLKKOHOFFAO86EB,坡道平面,910000,24.92
RPURMLKKOHOFFAO27EB,坡道平面,1100000,27.09
RPWSMLKKOHOFFAO57EB,坡道平面,970000,27.09
RPVRMLKKOHOFFAO37EB,坡道平面,870000,24.92
RPXRMLKKOHOFFAO57EB,坡道平面,870000,24.92
RPWRMLKKOHOFFAO47EB,坡道平面,1020000,27.09
RPXSMLKKOHOFFAO67EB,坡道平面,1050000,27.09
RPOTMLKKOHOFFAO86EB,坡道平面,1000000,27.09
RPPTMLKKOHOFFAO96EB,坡道平面,1000000,27.09
RPQTMLKKOHOFFAO07EB,坡道平面,1150000,27.09
RPRTMLKKOHOFFAO17EB,坡道平面,970000,27.09
RPTTMLKKOHOFFAO37EB,坡道平面,970000,27.09
RPUTMLKKOHOFFAO47EB,坡道平面,1120000,29.55
RPQUMLKKOHOFFAO17EB,坡道平面,970000,27.09
RPVTMLKKOHOFFAO57EB,坡道平面,1100000,27.09
RPSTMLKKOHOFFAO27EB,坡道平面,970000,27.09
RPXTMLKKOHOFFAO77EB,坡道平面,950000,24.92
RPPUMLKKOHOFFAO07EB,坡道平面,1100000,27.09
RPWTMLKKOHOFFAO67EB,坡道平面,970000,27.09
RPOUMLKKOHOFFAO96EB,坡道平面,970000,27.09
RPUUMLKKOHOFFAO57EB,坡道平面,1200000,27.09
RPSUMLKKOHOFFAO37EB,坡道平面,1000000,27.09
RPRUMLKKOHOFFAO27EB,坡道平面,970000,27.09
RPTUMLKKOHOFFAO47EB,坡道平面,1020000,27.09
RPVUMLKKOHOFFAO67EB,坡道平面,920000,24.92
RPWUMLKKOHOFFAO77EB,坡道平面,1050000,27.09
RPOVMLKKOHOFFAO07EB,坡道平面,1020000,27.09
RPQVMLKKOHOFFAO27EB,坡道平面,870000,24.92
RPXUMLKKOHOFFAO87EB,坡道平面,870000,24.92
RPPVMLKKOHOFFAO17EB,坡道平面,1100000,27.09
RPWNMLMKOHOFFAO27EB,坡道平面,970000,27.09
RPSOMLMKOHOFFAO96EB,坡道平面,1100000,27.09
RPPOMLMKOHOFFAO66EB,坡道平面,970000,27.09
RPTOMLMKOHOFFAO07EB,坡道平面,970000,27.09
RPQOMLMKOHOFFAO76EB,坡道平面,970000,27.09
RPROMLMKOHOFFAO86EB,坡道平面,1150000,27.09
RPXNMLMKOHOFFAO37EB,坡道平面,970000,27.09
RPVNMLMKOHOFFAO17EB,坡道平面,970000,29.55
RPOOMLMKOHOFFAO56EB,坡道平面,1150000,27.09
RPXOMLMKOHOFFAO47EB,坡道平面,1100000,27.09
RPPPMLMKOHOFFAO76EB,坡道平面,970000,27.09
RPWOMLMKOHOFFAO37EB,坡道平面,910000,24.92
RPOPMLMKOHOFFAO66EB,坡道平面,1150000,27.09
RPUPMLMKOHOFFAO27EB,坡道平面,1060000,24.92
RPSPMLMKOHOFFAO07EB,坡道平面,970000,27.09
RPTPMLMKOHOFFAO17EB,坡道平面,1150000,27.09
RPRPMLMKOHOFFAO96EB,坡道平面,970000,27.09
RPQPMLMKOHOFFAO86EB,坡道平面,870000,24.92
RPVPMLMKOHOFFAO37EB,坡道平面,870000,24.92
RPWQMLMKOHOFFAO57EB,坡道平面,970000,27.09
RPORMLMKOHOFFAO86EB,坡道平面,1000000,27.09
RPQRMLMKOHOFFAO07EB,坡道平面,870000,24.92
RPXQMLMKOHOFFAO67EB,坡道平面,1000000,27.09
RPRRMLMKOHOFFAO17EB,坡道平面,1100000,27.09
RPSRMLMKOHOFFAO27EB,坡道平面,970000,27.09
RPURMLMKOHOFFAO47EB,坡道平面,950000,24.92
RPVRMLMKOHOFFAO57EB,坡道平面,1100000,27.09
RPWRMLMKOHOFFAO67EB,坡道平面,970000,27.09
RPQSMLMKOHOFFAO17EB,坡道平面,970000,27.09
RPXRMLMKOHOFFAO77EB,坡道平面,1100000,27.09
RPOSMLMKOHOFFAO96EB,坡道平面,1100000,27.09
RPTSMLMKOHOFFAO47EB,坡道平面,1100000,27.09
RPWSMLMKOHOFFAO77EB,坡道平面,970000,27.09
RPSSMLMKOHOFFAO37EB,坡道平面,970000,27.09
RPXSMLMKOHOFFAO87EB,坡道平面,1100000,27.09
RPRSMLMKOHOFFAO27EB,坡道平面,870000,24.92
RPPTMLMKOHOFFAO17EB,坡道平面,870000,24.92
RPRTMLMKOHOFFAO37EB,坡道平面,940000,29.55
RPQTMLMKOHOFFAO27EB,坡道平面,970000,27.09
RPTTMLMKOHOFFAO57EB,坡道平面,970000,27.09
RPSTMLMKOHOFFAO47EB,坡道平面,970000,27.09
RPUTMLMKOHOFFAO67EB,坡道平面,1020000,27.09
RPWTMLMKOHOFFAO87EB,坡道平面,970000,27.09
RPVTMLMKOHOFFAO77EB,坡道平面,970000,27.09
RPXTMLMKOHOFFAO97EB,坡道平面,970000,27.09
RPOUMLMKOHOFFAO17EB,坡道平面,970000,27.09
RPXOMLNKOHOFFAO57EB,坡道平面,1020000,27.09
RPWOMLNKOHOFFAO47EB,坡道平面,970000,27.09
RPVOMLNKOHOFFAO37EB,坡道平面,1020000,27.09
RPOPMLNKOHOFFAO76EB,坡道平面,910000,24.92
RPPPMLNKOHOFFAO86EB,坡道平面,970000,27.09
RPQPMLNKOHOFFAO96EB,坡道平面,1000000,27.09
RPRPMLNKOHOFFAO07EB,坡道平面,1020000,27.09
RPTPMLNKOHOFFAO27EB,坡道平面,1200000,27.09
RPVPMLNKOHOFFAO47EB,坡道平面,1000000,27.09
RPSPMLNKOHOFFAO17EB,坡道平面,1000000,27.09
RPUPMLNKOHOFFAO37EB,坡道平面,870000,24.92
RPXPMLNKOHOFFAO67EB,坡道平面,1020000,27.09
RPOQMLNKOHOFFAO86EB,坡道平面,870000,24.92
RPPQMLNKOHOFFAO96EB,坡道平面,1000000,27.09
RPRQMLNKOHOFFAO17EB,坡道平面,1100000,27.09
RPQQMLNKOHOFFAO07EB,坡道平面,1020000,27.09
RPTQMLNKOHOFFAO37EB,坡道平面,1000000,27.09
RPSQMLNKOHOFFAO27EB,坡道平面,1150000,27.09
RPUQMLNKOHOFFAO47EB,坡道平面,1050000,24.92
RPPRMLNKOHOFFAO07EB,坡道平面,870000,24.92
RPVQMLNKOHOFFAO57EB,坡道平面,870000,24.92
RPQRMLNKOHOFFAO17EB,坡道平面,1000000,27.09
RPXRMLNKOHOFFAO87EB,坡道平面,870000,24.92
RPURMLNKOHOFFAO57EB,坡道平面,870000,24.92
RPVRMLNKOHOFFAO67EB,坡道平面,1010000,24.92
RPWRMLNKOHOFFAO77EB,坡道平面,910000,24.92
RPPSMLNKOHOFFAO17EB,坡道平面,1010000,24.92
RPOSMLNKOHOFFAO07EB,坡道平面,970000,27.09
RPRSMLNKOHOFFAO37EB,坡道平面,950000,24.92
RPQSMLNKOHOFFAO27EB,坡道平面,1000000,27.09
RPSSMLNKOHOFFAO47EB,坡道平面,1050000,24.92
RPTSMLNKOHOFFAO57EB,坡道平面,970000,27.09
RPVSMLNKOHOFFAO77EB,坡道平面,1050000,27.09
RPUSMLNKOHOFFAO67EB,坡道平面,910000,24.92
RPWSMLNKOHOFFAO87EB,坡道平面,1100000,27.09
RPPPMLOKOHOFFAO96EB,坡道平面,910000,24.92
RPRPMLOKOHOFFAO17EB,坡道平面,970000,29.55
RPQPMLOKOHOFFAO07EB,坡道平面,1050000,27.09
RPTPMLOKOHOFFAO37EB,坡道平面,970000,27.09
RPOPMLOKOHOFFAO86EB,坡道平面,1000000,27.09
RPUPMLOKOHOFFAO47EB,坡道平面,1100000,27.09
RPSQMLOKOHOFFAO37EB,坡道平面,910000,24.92
RPWPMLOKOHOFFAO67EB,坡道平面,1000000,27.09
RPPQMLOKOHOFFAO07EB,坡道平面,1150000,27.09
RPOQMLOKOHOFFAO96EB,坡道平面,1060000,24.92
RPVPMLOKOHOFFAO57EB,坡道平面,870000,24.92
RPVQMLOKOHOFFAO67EB,坡道平面,970000,27.09
RPXPMLOKOHOFFAO77EB,坡道平面,1150000,27.09
RPTQMLOKOHOFFAO47EB,坡道平面,1120000,29.55
RPORMLOKOHOFFAO07EB,坡道平面,970000,27.09
RPPRMLOKOHOFFAO17EB,坡道平面,970000,27.09
RPXQMLOKOHOFFAO87EB,坡道平面,870000,24.92
RPQRMLOKOHOFFAO27EB,坡道平面,870000,24.92
RPSRMLOKOHOFFAO47EB,坡道平面,870000,24.92
RPRRMLOKOHOFFAO37EB,坡道平面,870000,24.92
RPWQMLOKOHOFFAO77EB,坡道平面,970000,27.09
RPOSMLOKOHOFFAO17EB,坡道平面,970000,27.09
RPURMLOKOHOFFAO67EB,坡道平面,1100000,27.09
RPPSMLOKOHOFFAO27EB,坡道平面,970000,27.09
RPWRMLOKOHOFFAO87EB,坡道平面,870000,24.92
RPTRMLOKOHOFFAO57EB,坡道平面,1150000,27.09
RPPPMLRKOHOFFAO27EB,坡道平面,1020000,27.09
RPXRMLOKOHOFFAO97EB,坡道平面,1150000,27.09
RPVRMLOKOHOFFAO77EB,坡道平面,970000,27.09
RPQPMLRKOHOFFAO37EB,坡道平面,970000,27.09
RPOPMLRKOHOFFAO17EB,坡道平面,1200000,27.09
RPRPMLRKOHOFFAO47EB,坡道平面,1000000,27.09
RPTPMLRKOHOFFAO67EB,坡道平面,1200000,27.09
RPUPMLRKOHOFFAO77EB,坡道平面,1100000,27.09
RPWPMLRKOHOFFAO97EB,坡道平面,1150000,27.09
RPOQMLRKOHOFFAO27EB,坡道平面,1000000,27.09
RPPQMLRKOHOFFAO37EB,坡道平面,1020000,27.09
RPQQMLRKOHOFFAO47EB,坡道平面,970000,27.09
RPVPMLRKOHOFFAO87EB,坡道平面,1000000,27.09
RPXPMLRKOHOFFAO08EB,坡道平面,870000,24.92
RPRQMLRKOHOFFAO57EB,坡道平面,1020000,27.09
RPUQMLRKOHOFFAO87EB,坡道平面,1100000,27.09
RPTQMLRKOHOFFAO77EB,坡道平面,870000,24.92
RPSQMLRKOHOFFAO67EB,坡道平面,1100000,27.09
RPVQMLRKOHOFFAO97EB,坡道平面,970000,27.09
RPSOMLSKOHOFFAO57EB,坡道平面,1020000,27.09
RPTOMLSKOHOFFAO67EB,坡道平面,1150000,27.09
RPQOMLSKOHOFFAO37EB,坡道平面,870000,24.92
RPVOMLSKOHOFFAO87EB,坡道平面,870000,24.92
RPUOMLSKOHOFFAO77EB,坡道平面,970000,27.09
RPROMLSKOHOFFAO47EB,坡道平面,970000,27.09
RPPPMLSKOHOFFAO37EB,坡道平面,910000,24.92
RPTPMLSKOHOFFAO77EB,坡道平面,970000,27.09
RPQPMLSKOHOFFAO47EB,坡道平面,970000,27.09
RPUPMLSKOHOFFAO87EB,坡道平面,970000,27.09
RPVPMLSKOHOFFAO97EB,坡道平面,1150000,27.09
RPWQMLSKOHOFFAO18EB,坡道平面,910000,24.92
RPVQMLSKOHOFFAO08EB,坡道平面,970000,27.09
RPVPMLTKOHOFFAO08EB,坡道平面,1020000,27.09
RPRQMLNLPHOFFAO17CB,坡道平面,1200000,27.09
RPWPMLNLPHOFFAO57CB,坡道平面,1100000,24.92
RPUPMLNLPHOFFAO37CB,坡道平面,1200000,27.09
RPTPMLNLPHOFFAO27CB,坡道平面,1020000,27.09
RPOQMLNLPHOFFAO86CB,坡道平面,1100000,24.92
RPVPMLNLPHOFFAO47CB,坡道平面,1150000,27.09
RPXPMLNLPHOFFAO67CB,坡道平面,970000,27.09
RPPQMLNLPHOFFAO96CB,坡道平面,1020000,27.09
RPQQMLNLPHOFFAO07CB,坡道平面,1200000,27.09
RPSPMLNLPHOFFAO17CB,坡道平面,1200000,27.09
RPWQMLNLPHOFFAO67CB,坡道平面,1150000,27.09
RPVQMLNLPHOFFAO57CB,坡道平面,1000000,27.09
RPPRMLNLPHOFFAO07CB,坡道平面,970000,27.09
RPORMLNLPHOFFAO96CB,坡道平面,1050000,27.09
RPXQMLNLPHOFFAO77CB,坡道平面,1200000,27.09
RPRRMLNLPHOFFAO27CB,坡道平面,950000,24.92
RPSRMLNLPHOFFAO37CB,坡道平面,1000000,27.09
RPURMLNLPHOFFAO57CB,坡道平面,970000,27.09
RPXRMLNLPHOFFAO87CB,坡道平面,1300000,27.09
RPVRMLNLPHOFFAO67CB,坡道平面,1300000,27.09
RPTRMLNLPHOFFAO47CB,坡道平面,1050000,27.09
RPQSMLNLPHOFFAO27CB,坡道平面,1020000,27.09
RPPSMLNLPHOFFAO17CB,坡道平面,1100000,24.92
RPSSMLNLPHOFFAO47CB,坡道平面,1120000,29.55
RPUSMLNLPHOFFAO67CB,坡道平面,1150000,27.09
RPTSMLNLPHOFFAO57CB,坡道平面,1000000,27.09
RPVSMLNLPHOFFAO77CB,坡道平面,1200000,27.09
RPWSMLNLPHOFFAO87CB,坡道平面,1100000,24.92
RPPTMLNLPHOFFAO27CB,坡道平面,1000000,27.09
RPXSMLNLPHOFFAO97CB,坡道平面,1200000,27.09
RPOTMLNLPHOFFAO17CB,坡道平面,950000,24.92
RPRTMLNLPHOFFAO47CB,坡道平面,1050000,27.09
RPQTMLNLPHOFFAO37CB,坡道平面,1050000,27.09
RPSTMLNLPHOFFAO57CB,坡道平面,1000000,27.09
RPTTMLNLPHOFFAO67CB,坡道平面,950000,24.92
RPUTMLNLPHOFFAO77CB,坡道平面,1000000,27.09
RPXTMLNLPHOFFAO08CB,坡道平面,1000000,27.09
RPVTMLNLPHOFFAO87CB,坡道平面,1150000,27.09
RPOUMLNLPHOFFAO27CB,坡道平面,1020000,27.09
RPWTMLNLPHOFFAO97CB,坡道平面,1200000,27.09
RPSUMLNLPHOFFAO67CB,坡道平面,1200000,27.09
RPQUMLNLPHOFFAO47CB,坡道平面,1100000,27.09
RPRUMLNLPHOFFAO57CB,坡道平面,1020000,27.09
RPPUMLNLPHOFFAO37CB,坡道平面,1150000,27.09
RPVUMLNLPHOFFAO97CB,坡道平面,1200000,27.09
RPTUMLNLPHOFFAO77CB,坡道平面,1000000,27.09
RPXUMLNLPHOFFAO18CB,坡道平面,1050000,27.09
RPUUMLNLPHOFFAO87CB,坡道平面,1050000,27.09
RPOVMLNLPHOFFAO37CB,坡道平面,1050000,27.09
RPWUMLNLPHOFFAO08CB,坡道平面,1000000,27.09
RPPVMLNLPHOFFAO47CB,坡道平面,1050000,27.09
RPTVMLNLPHOFFAO87CB,坡道平面,970000,27.09
RPWVMLNLPHOFFAO18CB,坡道平面,1150000,27.09
RPRVMLNLPHOFFAO67CB,坡道平面,1200000,27.09
RPXVMLNLPHOFFAO28CB,坡道平面,1060000,24.92
RPQVMLNLPHOFFAO57CB,坡道平面,1050000,27.09
RPUVMLNLPHOFFAO97CB,坡道平面,1150000,27.09
RPOWMLNLPHOFFAO47CB,坡道平面,1200000,27.09
RPSVMLNLPHOFFAO77CB,坡道平面,1000000,27.09
RPSWMLNLPHOFFAO87CB,坡道平面,1000000,27.09
RPUWMLNLPHOFFAO08CB,坡道平面,1020000,27.09
RPWWMLNLPHOFFAO28CB,坡道平面,1200000,27.09
RPONNLNLPHOFFAO66CB,坡道平面,1050000,27.09
RPPNNLNLPHOFFAO76CB,坡道平面,1150000,27.09
RPQWMLNLPHOFFAO67CB,坡道平面,1020000,27.09
RPTWMLNLPHOFFAO97CB,坡道平面,1000000,27.09
RPVWMLNLPHOFFAO18CB,坡道平面,1150000,27.09
RPXWMLNLPHOFFAO38CB,坡道平面,1150000,27.09
RPRWMLNLPHOFFAO77CB,坡道平面,1200000,27.09
RPRNNLNLPHOFFAO96CB,坡道平面,1200000,27.09
RPQNNLNLPHOFFAO86CB,坡道平面,1000000,27.09
RPSNNLNLPHOFFAO07CB,坡道平面,1050000,27.09
RPXNNLNLPHOFFAO57CB,坡道平面,1000000,27.09
RPPONLNLPHOFFAO86CB,坡道平面,950000,24.92
RPUNNLNLPHOFFAO27CB,坡道平面,1200000,27.09
RPOONLNLPHOFFAO76CB,坡道平面,1000000,27.09
RPTNNLNLPHOFFAO17CB,坡道平面,1200000,27.09
RPQONLNLPHOFFAO96CB,坡道平面,1150000,27.09
RPVNNLNLPHOFFAO37CB,坡道平面,1200000,27.09
RPTONLNLPHOFFAO27CB,坡道平面,1200000,27.09
RPRONLNLPHOFFAO07CB,坡道平面,1000000,27.09
RPUONLNLPHOFFAO37CB,坡道平面,1200000,27.09
RPVONLNLPHOFFAO47CB,坡道平面,1000000,27.09
RPWONLNLPHOFFAO57CB,坡道平面,1050000,27.09
RPPPNLNLPHOFFAO96CB,坡道平面,1020000,27.09
RPSONLNLPHOFFAO17CB,坡道平面,1020000,27.09
RPOPNLNLPHOFFAO86CB,坡道平面,970000,27.09
RPQPNLNLPHOFFAO07CB,坡道平面,1060000,24.92
RPXONLNLPHOFFAO67CB,坡道平面,1020000,27.09
RPTPNLNLPHOFFAO37CB,坡道平面,1020000,27.09
RPSPNLNLPHOFFAO27CB,坡道平面,1020000,27.09
RPUPNLNLPHOFFAO47CB,坡道平面,1020000,27.09
RPXQNLNLPHOFFAO87CB,坡道平面,1150000,27.09
RPRPNLNLPHOFFAO17CB,坡道平面,1020000,27.09
RPPRNLNLPHOFFAO17CB,坡道平面,1020000,27.09
RPORNLNLPHOFFAO07CB,坡道平面,1200000,27.09
RPQRNLNLPHOFFAO27CB,坡道平面,1020000,27.09
RPVPNLNLPHOFFAO57CB,坡道平面,1000000,27.09
RPSRNLNLPHOFFAO47CB,坡道平面,1050000,27.09
RPURNLNLPHOFFAO67CB,坡道平面,1150000,27.09
RPTRNLNLPHOFFAO57CB,坡道平面,1020000,27.09
RPRRNLNLPHOFFAO37CB,坡道平面,1100000,24.92
RPVRNLNLPHOFFAO77CB,坡道平面,1150000,27.09
RPOQMLOLPHOFFAO96CB,坡道平面,1000000,27.09
RPQPMLKMPHOFFAO76CB,坡道平面,1020000,27.09
RPVOMLKMPHOFFAO17CB,坡道平面,1050000,27.09
RPTOMLKMPHOFFAO96CB,坡道平面,950000,24.92
RPUOMLKMPHOFFAO07CB,坡道平面,1050000,27.09
RPWOMLKMPHOFFAO27CB,坡道平面,1020000,27.09
RPOPMLKMPHOFFAO56CB,坡道平面,1020000,27.09
RPXOMLKMPHOFFAO37CB,坡道平面,1050000,27.09
RPPPMLKMPHOFFAO66CB,坡道平面,1050000,27.09
