﻿編號,屋齡,建物移轉面積平方公尺,主要用途,主要建材,建築完成日期,總層數,建物分層
The serial number,room age,building shifting area square meter,the main use,main building materials,construction completes the date,total layer,building lamination
RPPNMLOKNHOFFAV07CA,44,97.17,住家用,見其他登記事項,63年12月5日,二層,一層 二層 三層
RPTNMLPKNHOFFAV57CA,7,148.55,住家用,見其他登記事項,101年5月16日,三層,一層 二層 三層
RPUNMLPKNHOFFAV67CA,35,88.65,見其他登記事項,鋼筋混凝土造,72年10月12日,四層,二層
RPUNMLPKNHOFFAV67CA,,4.97,見其他登記事項,鋼筋混凝土造,,四層,
RPPNMLOKNHOFFCV37DA,24,198.28,住家用,鋼筋混凝土造,83年8月20日,三層,一層 二層 三層 屋頂突出物 騎樓
RPVNMLOLNHOFFAV77CA,37,119.82,住家用,加強磚造,70年12月26日,二層,一層 二層
RPPOMLOLNHOFFAV27CA,5,190.91,住家用,見其他登記事項,103年8月14日,三層,一層 二層 三層
RPPOMLRLNHOFFAV57CA,5,103.69,住家用,見其他登記事項,103年4月9日,三層,一層 二層 三層
RPPOMLRLNHOFFAV57CA,5,103.69,住家用,見其他登記事項,103年4月9日,三層,一層 二層 三層
RPQNMLPKNHOFFAV27CA,25,84.46,見其他登記事項,鋼筋混凝土造,83年4月19日,十四層,八層
RPQNMLPKNHOFFAV27CA,25,28.98,見其他登記事項,鋼筋混凝土造,83年4月19日,十四層,
RPVNMLPKNHOFFAV77CA,46,169.26,住商用,見其他登記事項,62年6月26日,二層,一層 二層 騎樓
RPWNMLPKNHOFFAV87CA,1,228.37,見其他登記事項,鋼筋混凝土造,107年5月23日,四層,一層 二層 三層 四層
RPSNMLPKNHOFFAV47CA,1,236.68,見其他登記事項,鋼筋混凝土造,107年5月23日,四層,一層 二層 三層 四層
RPRNMLQKNHOFFAV47CA,44,26.29,住家用,加強磚造,64年1月1日,二層,一層 二層
RPQNMLQKNHOFFAV37CA,36,87.54,國民住宅,鋼筋混凝土造,72年2月22日,四層,一層
RPQNMLQKNHOFFAV37CA,36,6.83,見其他登記事項,鋼筋混凝土造,72年2月22日,四層,
RPOOMLQKNHOFFAV27CA,34,114.92,住家用,加強磚造,73年12月24日,二層,一層 二層
RPWNMLQKNHOFFAV97CA,23,84.88,住家用,鋼筋混凝土造,85年6月28日,七層,四層
RPWNMLQKNHOFFAV97CA,23,3.87,見其他登記事項,鋼筋混凝土造,85年6月28日,七層,
RPWNMLQKNHOFFAV97CA,23,16.01,見其他登記事項,鋼筋混凝土造,85年6月28日,七層,
RPWNMLQKNHOFFAV97CA,23,3.61,見其他登記事項,鋼筋混凝土造,85年6月28日,七層,
RPWNMLQKNHOFFAV97CA,23,6.68,見其他登記事項,鋼筋混凝土造,85年6月28日,七層,
RPUNMLQKNHOFFAV77CA,2,304.26,住家用,鋼筋混凝土造,105年11月3日,三層,一層 二層 三層
RPVNMLQKNHOFFAV87CA,6,371.27,住家用,見其他登記事項,102年8月12日,四層,一層 二層 三層 四層
RPXNMLQKNHOFFAV08CA,54,112.31,住商用,見其他登記事項,54年5月12日,三層,一層 二層 三層 騎樓
RPPNMLQKNHOFFAV27CA,23,85.45,見其他登記事項,鋼筋混凝土造,85年6月28日,九層,五層
RPPNMLQKNHOFFAV27CA,23,9.21,見其他登記事項,鋼筋混凝土造,85年6月28日,九層,
RPPNMLQKNHOFFAV27CA,23,9.85,見其他登記事項,鋼筋混凝土造,85年6月28日,九層,
RPQNMLQKNHOFFCV57CA,,108.90,住家用,見其他登記事項,,二層,一層 二層 騎樓
RPRNMLQKNHOFFCV67CA,37,93.94,住家用,加強磚造,71年9月20日,一層,一層 騎樓
RPPNMLLLNHOFFBV96CA,31,453.48,商業用,加強磚造,73年7月15日,一層,一層 騎樓
RPQNMLKLNHOFFDV17CA,24,30.87,見其他登記事項,鋼筋混凝土造,84年7月14日,八層,三層
RPQNMLKLNHOFFDV17CA,24,7.44,見其他登記事項,鋼筋混凝土造,84年7月14日,八層,
RPTNMLRKNHOFFAV77CA,5,79.86,見其他登記事項,見其他登記事項,102年11月26日,一層,一層
RPSNMLLLNHOFFAV17CA,15,239.71,見其他登記事項,鋼筋混凝土造,92年12月8日,三層,一層 二層 三層 騎樓
RPRNMLRKNHOFFAV57CA,45,79.32,住家用,見其他登記事項,62年11月5日,二層,一層 二層 騎樓
RPUNMLRKNHOFFAV87CA,25,261.58,見其他登記事項,鋼筋混凝土造,83年5月2日,四層,一層 二層 三層 四層 騎樓
RPXNMLOLNHOFFAV97CA,39,98.90,住家用,加強磚造,69年6月3日,二層,一層 二層
RPUOMLKMNHOFFAV47CA,37,120.09,住家用,加強磚造,71年2月27日,二層,一層 二層 騎樓
RPTNMLKLNHOFFAV17CA,35,99.76,見其他登記事項,鋼筋混凝土造,72年10月12日,四層,四層
RPTNMLKLNHOFFAV17CA,,6.51,見其他登記事項,鋼筋混凝土造,,四層,
RPQNMLRLNHOFFAV57CA,27,122.54,住家用,鋼筋混凝土造,81年6月18日,三層,一層 二層 三層
RPPNMLTLNHOFFBV77CA,24,194.72,住商用,鋼筋混凝土造,84年1月25日,三層,一層 二層 三層 騎樓
RPVNMLLLNHOFFAV47CA,2,220.81,見其他登記事項,見其他登記事項,106年7月17日,三層,一層 二層 三層 見其他登記事項
RPTNMLMLNHOFFAV37CA,24,66.25,見其他登記事項,鋼筋混凝土造,84年1月25日,十層,八層
RPUNMLMKOHOFFAV47CA,25,102.22,見其他登記事項,鋼筋混凝土造,82年12月3日,四層,三層
RPUNMLMKOHOFFAV47CA,25,.25,見其他登記事項,鋼筋混凝土造,82年12月3日,四層,
RPUNMLMKOHOFFAV47CA,25,102.22,見其他登記事項,鋼筋混凝土造,82年12月3日,四層,三層
RPUNMLMKOHOFFAV47CA,25,.25,見其他登記事項,鋼筋混凝土造,82年12月3日,四層,
RPUNMLMKOHOFFAV47CA,25,.25,見其他登記事項,鋼筋混凝土造,82年12月3日,四層,
RPUNMLMKOHOFFAV47CA,25,3.58,見其他登記事項,鋼筋混凝土造,82年12月3日,四層,
RPUNMLMKOHOFFAV47CA,25,.25,見其他登記事項,鋼筋混凝土造,82年12月3日,四層,
RPUNMLMKOHOFFAV47CA,25,.25,見其他登記事項,鋼筋混凝土造,82年12月3日,四層,
RPUNMLMKOHOFFAV47CA,25,.25,見其他登記事項,鋼筋混凝土造,82年12月3日,四層,
RPUNMLMKOHOFFAV47CA,25,.25,見其他登記事項,鋼筋混凝土造,82年12月3日,四層,
RPUNMLMKOHOFFAV47CA,25,.25,見其他登記事項,鋼筋混凝土造,82年12月3日,四層,
RPUNMLMKOHOFFAV47CA,25,.25,見其他登記事項,鋼筋混凝土造,82年12月3日,四層,
RPUNMLMKOHOFFAV47CA,25,.26,見其他登記事項,鋼筋混凝土造,82年12月3日,四層,
RPUNMLMKOHOFFAV47CA,25,.25,見其他登記事項,鋼筋混凝土造,82年12月3日,四層,
RPUNMLMKOHOFFAV47CA,25,.25,見其他登記事項,鋼筋混凝土造,82年12月3日,四層,
RPUNMLMKOHOFFAV47CA,25,.69,見其他登記事項,鋼筋混凝土造,82年12月3日,四層,
RPUNMLMKOHOFFAV47CA,25,.26,見其他登記事項,鋼筋混凝土造,82年12月3日,四層,
RPUNMLMKOHOFFAV47CA,25,.26,見其他登記事項,鋼筋混凝土造,82年12月3日,四層,
RPUNMLMKOHOFFAV47CA,25,.25,見其他登記事項,鋼筋混凝土造,82年12月3日,四層,
RPUNMLMKOHOFFAV47CA,25,.25,見其他登記事項,鋼筋混凝土造,82年12月3日,四層,
RPUNMLMKOHOFFAV47CA,25,.25,見其他登記事項,鋼筋混凝土造,82年12月3日,四層,
RPUNMLMKOHOFFAV47CA,25,.25,見其他登記事項,鋼筋混凝土造,82年12月3日,四層,
RPUNMLMKOHOFFAV47CA,25,.26,見其他登記事項,鋼筋混凝土造,82年12月3日,四層,
RPUNMLMKOHOFFAV47CA,25,.25,見其他登記事項,鋼筋混凝土造,82年12月3日,四層,
RPUNMLMKOHOFFAV47CA,25,.25,見其他登記事項,鋼筋混凝土造,82年12月3日,四層,
RPUNMLMKOHOFFAV47CA,25,.26,見其他登記事項,鋼筋混凝土造,82年12月3日,四層,
RPUNMLMKOHOFFAV47CA,25,.26,見其他登記事項,鋼筋混凝土造,82年12月3日,四層,
RPUNMLMKOHOFFAV47CA,25,.25,見其他登記事項,鋼筋混凝土造,82年12月3日,四層,
RPUNMLMKOHOFFAV47CA,25,.69,見其他登記事項,鋼筋混凝土造,82年12月3日,四層,
RPUNMLMKOHOFFAV47CA,25,.26,見其他登記事項,鋼筋混凝土造,82年12月3日,四層,
RPUNMLMKOHOFFAV47CA,25,.25,見其他登記事項,鋼筋混凝土造,82年12月3日,四層,
RPUNMLMKOHOFFAV47CA,25,2.26,見其他登記事項,鋼筋混凝土造,82年12月3日,四層,
RPUNMLMKOHOFFAV47CA,25,.26,見其他登記事項,鋼筋混凝土造,82年12月3日,四層,
RPUNMLMKOHOFFAV47CA,25,.25,見其他登記事項,鋼筋混凝土造,82年12月3日,四層,
RPUNMLMKOHOFFAV47CA,25,.25,見其他登記事項,鋼筋混凝土造,82年12月3日,四層,
RPUNMLMKOHOFFAV47CA,25,.25,見其他登記事項,鋼筋混凝土造,82年12月3日,四層,
RPQNMLMLNHOFFAV07CA,43,71.11,住家用,見其他登記事項,65年4月6日,二層,一層 二層
RPSNMLMLNHOFFAV27CA,28,72.76,住家用,加強磚造,80年4月20日,二層,一層 二層
RPSNMLMLNHOFFAV27CA,28,72.76,住家用,加強磚造,80年4月20日,二層,一層 二層
RPPNMLKKOHOFFAV76CA,23,168.62,住家用,鋼筋混凝土造,85年1月13日,四層,一層 二層 三層 四層
RPWNMLMLNHOFFAV67CA,,167.68,見其他登記事項,見其他登記事項,108年1月17日,三層,一層 二層 三層
RPPNMLLKOHOFFAV86CA,24,84.12,見其他登記事項,鋼筋混凝土造,84年1月25日,十層,三層
RPPNMLLKOHOFFAV86CA,,2.11,見其他登記事項,鋼筋混凝土造,,十層,
RPPNMLLKOHOFFAV86CA,24,9.34,見其他登記事項,鋼筋混凝土造,84年1月25日,十層,
RPPNMLLKOHOFFAV86CA,24,2.26,見其他登記事項,鋼筋混凝土造,84年1月25日,十層,
RPPNMLLKOHOFFAV86CA,24,11.52,見其他登記事項,鋼筋混凝土造,84年1月25日,十層,
RPQNMLLKOHOFFAV96CA,26,81.69,見其他登記事項,鋼筋混凝土造,82年10月19日,七層,三層
RPQNMLLKOHOFFAV96CA,26,8.83,見其他登記事項,鋼筋混凝土造,82年10月19日,七層,
RPQNMLLKOHOFFAV96CA,26,22.05,見其他登記事項,鋼筋混凝土造,82年10月19日,七層,
RPTNMLOLNHOFFAV57CA,36,240.32,住家用,鋼筋混凝土造,72年5月2日,四層,一層 二層 三層 四層 騎樓
RPQNMLNLNHOFFAV27DA,1,96.10,見其他登記事項,見其他登記事項,107年3月23日,九層,九層
RPQNMLNLNHOFFAV27DA,1,105.44,見其他登記事項,見其他登記事項,107年3月23日,九層,
RPSOMLOLNHOFFAV57CA,25,380.32,住商用,鋼筋混凝土造,83年8月9日,五層,一層 二層 三層 四層 五層
RPQNMLQJOHOFFAV37CA,31,128.61,住家用,加強磚造,77年2月3日,二層,一層 二層
RPTOMLOLNHOFFAV67CA,32,212.60,住商用,加強磚造,76年8月1日,二層,一層 二層 騎樓
RPQOMLOJOHOFFAV27CA,48,46.66,住家用,加強磚造,60年3月14日,一層,一層
RPRNMLNLNHOFFAV27CA,38,94.50,住家用,加強磚造,70年2月13日,二層,一層 二層
RPPNMLRLNHOFFAV47CA,24,79.51,見其他登記事項,鋼筋混凝土造,84年1月25日,十層,七層
RPPNMLRLNHOFFAV47CA,,2.14,見其他登記事項,鋼筋混凝土造,,十層,
RPPNMLRLNHOFFAV47CA,24,2.26,見其他登記事項,鋼筋混凝土造,84年1月25日,十層,
RPPNMLRLNHOFFAV47CA,24,9.44,見其他登記事項,鋼筋混凝土造,84年1月25日,十層,
RPPNMLRLNHOFFAV47CA,24,11.52,見其他登記事項,鋼筋混凝土造,84年1月25日,十層,
RPQOMLRLNHOFFAV67CA,18,117.63,見其他登記事項,見其他登記事項,90年2月22日,一層,一層 騎樓
RPWNMLSLNHOFFAV28CA,6,103.55,住家用,見其他登記事項,102年1月23日,一層,一層
RPVNMLRLNHOFFAV08CA,,201.35,見其他登記事項,見其他登記事項,108年1月15日,三層,一層 二層 三層
RPVNMLSLNHOFFAV18CA,36,156.24,住家用,加強磚造,72年4月19日,二層,一層 二層
RPQNMLSLNHOFFAV67CA,6,237.02,住家用,見其他登記事項,102年5月27日,三層,一層 二層 三層 屋頂突出物
RPPNMLSKOHOFFBV67CA,24,242.74,農舍,加強磚造,83年12月20日,三層,一層 二層 三層
RPVNMLKMNHOFFAV47CA,24,79.23,見其他登記事項,鋼筋混凝土造,84年6月1日,五層,一層
RPVNMLKMNHOFFAV47CA,24,10.89,見其他登記事項,鋼筋混凝土造,84年6月1日,五層,
RPVNMLKMNHOFFAV47CA,24,9.33,見其他登記事項,鋼筋混凝土造,84年6月1日,五層,
RPPNMLOLNHOFFAV17CA,1,174.19,見其他登記事項,鋼筋混凝土造,107年1月31日,三層,一層 二層 三層 見其他登記事項
RPPNMLOLNHOFFAV17CA,1,174.19,見其他登記事項,鋼筋混凝土造,107年1月31日,三層,一層 二層 三層 見其他登記事項
RPUNMLNJOHOFFAV47CA,25,87.33,見其他登記事項,鋼筋混凝土造,83年5月16日,十三層,四層
RPUNMLNJOHOFFAV47CA,25,.16,見其他登記事項,鋼筋混凝土造,83年5月16日,十三層,
RPUNMLNJOHOFFAV47CA,25,.34,見其他登記事項,鋼筋混凝土造,83年5月16日,十三層,
RPUNMLNJOHOFFAV47CA,25,.30,見其他登記事項,鋼筋混凝土造,83年5月16日,十三層,
RPUNMLNJOHOFFAV47CA,25,1.27,見其他登記事項,鋼筋混凝土造,83年5月16日,十三層,
RPUNMLNJOHOFFAV47CA,25,.85,見其他登記事項,鋼筋混凝土造,83年5月16日,十三層,
RPUNMLNJOHOFFAV47CA,25,.42,見其他登記事項,鋼筋混凝土造,83年5月16日,十三層,
RPUNMLNJOHOFFAV47CA,25,.32,見其他登記事項,鋼筋混凝土造,83年5月16日,十三層,
RPUNMLNJOHOFFAV47CA,25,.34,見其他登記事項,鋼筋混凝土造,83年5月16日,十三層,
RPUNMLNJOHOFFAV47CA,25,.34,見其他登記事項,鋼筋混凝土造,83年5月16日,十三層,
RPUNMLNJOHOFFAV47CA,25,.34,見其他登記事項,鋼筋混凝土造,83年5月16日,十三層,
RPUNMLNJOHOFFAV47CA,25,.38,見其他登記事項,鋼筋混凝土造,83年5月16日,十三層,
RPUNMLNJOHOFFAV47CA,25,.42,見其他登記事項,鋼筋混凝土造,83年5月16日,十三層,
RPUNMLNJOHOFFAV47CA,25,.64,見其他登記事項,鋼筋混凝土造,83年5月16日,十三層,
RPUNMLNJOHOFFAV47CA,25,12.52,見其他登記事項,鋼筋混凝土造,83年5月16日,十三層,
RPUNMLNJOHOFFAV47CA,25,.34,見其他登記事項,鋼筋混凝土造,83年5月16日,十三層,
RPUNMLNJOHOFFAV47CA,25,.33,見其他登記事項,鋼筋混凝土造,83年5月16日,十三層,
RPUNMLNJOHOFFAV47CA,25,.42,見其他登記事項,鋼筋混凝土造,83年5月16日,十三層,
RPUNMLNJOHOFFAV47CA,25,.42,見其他登記事項,鋼筋混凝土造,83年5月16日,十三層,
RPUNMLNJOHOFFAV47CA,25,.34,見其他登記事項,鋼筋混凝土造,83年5月16日,十三層,
RPUNMLNJOHOFFAV47CA,25,.34,見其他登記事項,鋼筋混凝土造,83年5月16日,十三層,
RPUNMLNJOHOFFAV47CA,25,.34,見其他登記事項,鋼筋混凝土造,83年5月16日,十三層,
RPUNMLNJOHOFFAV47CA,25,.16,見其他登記事項,鋼筋混凝土造,83年5月16日,十三層,
RPUNMLNJOHOFFAV47CA,25,.30,見其他登記事項,鋼筋混凝土造,83年5月16日,十三層,
RPUNMLNJOHOFFAV47CA,25,.42,見其他登記事項,鋼筋混凝土造,83年5月16日,十三層,
RPUNMLNJOHOFFAV47CA,25,.42,見其他登記事項,鋼筋混凝土造,83年5月16日,十三層,
RPUNMLNJOHOFFAV47CA,25,.42,見其他登記事項,鋼筋混凝土造,83年5月16日,十三層,
RPUNMLNJOHOFFAV47CA,25,.59,見其他登記事項,鋼筋混凝土造,83年5月16日,十三層,
RPUNMLNJOHOFFAV47CA,25,.42,見其他登記事項,鋼筋混凝土造,83年5月16日,十三層,
RPUNMLNJOHOFFAV47CA,25,.34,見其他登記事項,鋼筋混凝土造,83年5月16日,十三層,
RPUNMLNJOHOFFAV47CA,25,.34,見其他登記事項,鋼筋混凝土造,83年5月16日,十三層,
RPUNMLNJOHOFFAV47CA,25,.42,見其他登記事項,鋼筋混凝土造,83年5月16日,十三層,
RPUNMLNJOHOFFAV47CA,25,.42,見其他登記事項,鋼筋混凝土造,83年5月16日,十三層,
SPQNMLNJOHOFFAV17CA,60,20.71,商業用,木造,48年10月6日,一層,一層
RPQNMLNJOHOFFAV07CA,,73.66,住商用,見其他登記事項,,一層,一層 騎樓
RPPNMLNJOHOFFAV96CA,35,162.69,住家用,加強磚造,73年5月22日,二層,一層 二層 騎樓
RPUOMLNJOHOFFAV57CA,1,327.92,見其他登記事項,見其他登記事項,107年1月17日,五層,一層 二層 三層 四層 五層 見其他登記事項
RPWNMLRLNHOFFAV18CA,,201.35,見其他登記事項,見其他登記事項,108年1月15日,三層,一層 二層 三層
RPXNMLRLNHOFFAV28CA,,204.15,見其他登記事項,見其他登記事項,108年1月15日,三層,一層 二層 三層
RPUNMLRLNHOFFAV97CA,,154.58,見其他登記事項,見其他登記事項,108年1月15日,三層,一層 二層 三層
SPRNMLNKOHOFFAV37CA,47,73.79,住家用,見其他登記事項,61年5月9日,二層,二層
RPRNMLNKOHOFFAV27CA,47,73.70,住家用,見其他登記事項,61年5月9日,二層,二層
RPQNMLRLNHOFFDV87CA,,55.68,商業用,加強磚造,,一層,一層 騎樓
RPQNMLRLNHOFFDV87CA,51,52.80,商業用,見其他登記事項,57年6月20日,一層,一層 騎樓
RPXNMLSLNHOFFAV38CA,20,100.11,見其他登記事項,加強磚造,88年5月28日,二層,一層 二層 夾層
RPOOMLSLNHOFFAV57CA,78,63.75,住家用,見其他登記事項,30年1月1日,一層,一層
RPVNMLNJOHOFFAV57CA,26,32.93,見其他登記事項,見其他登記事項,82年8月17日,七層,四層
RPVNMLNJOHOFFAV57CA,26,1.51,見其他登記事項,鋼筋混凝土造,82年8月17日,七層,
RPVNMLNJOHOFFAV57CA,26,5.31,見其他登記事項,鋼筋混凝土造,82年8月17日,七層,
RPVNMLNJOHOFFAV57CA,26,1.79,見其他登記事項,鋼筋混凝土造,82年8月17日,七層,
RPVNMLNJOHOFFAV57CA,26,2.46,見其他登記事項,鋼筋混凝土造,82年8月17日,七層,
RPSNMLKKOHOFFAV07CA,38,102.09,住家用,加強磚造,70年9月26日,二層,一層 二層 騎樓
RPRNMLSLNHOFFDV08CA,24,30.87,見其他登記事項,鋼筋混凝土造,84年7月14日,八層,六層
RPRNMLSLNHOFFDV08CA,24,7.85,見其他登記事項,鋼筋混凝土造,84年7月14日,八層,
RPPNMLTLNHOFFCV87CA,22,72.00,住家用,鋼筋混凝土造,86年3月26日,一層,一層
RPSNMLNKOHOFFAV37CA,4,208.10,住家用,見其他登記事項,104年7月2日,三層,一層 二層 三層
RPQNMLOJOHOFFAV17CA,40,119.76,住家用,加強磚造,68年6月26日,二層,一層 二層 騎樓
RPPNMLKMNHOFFBV96CA,38,74.00,住家用,鋼筋混凝土加強磚造,70年7月14日,二層,一層 二層
RPTNMLNJOHOFFAV37CA,6,350.58,見其他登記事項,見其他登記事項,101年11月28日,三層,一層 二層 三層 騎樓
RPQNMLTLNHOFFAV77CA,38,85.05,住家用,加強磚造,70年8月7日,一層,一層
RPSNMLTLNHOFFAV97CA,5,186.80,住家用,見其他登記事項,103年4月9日,三層,一層 二層 三層
RPPNMLLMNHOFFAV96CA,13,235.36,見其他登記事項,見其他登記事項,95年3月9日,三層,一層 二層 三層
RPSNMLLKOHOFFAV17CA,40,100.85,見其他登記事項,加強磚造,68年2月17日,一層,一層
RPPNMLKMNHOFFDV27DA,25,29.75,商業用,鋼筋混凝土造,83年4月27日,九層,四層
RPPNMLKMNHOFFDV27DA,25,7.06,見其他登記事項,鋼筋混凝土造,83年4月27日,九層,
RPPNMLKMNHOFFDV27DA,25,32.72,見其他登記事項,鋼筋混凝土造,83年4月27日,九層,
RPPNMLOJOHOFFCV27CA,35,139.75,住家用,加強磚造,73年9月17日,二層,一層 二層
RPQOMLKKOHOFFAV96CA,31,149.62,住家用,加強磚造,77年6月15日,二層,一層 二層
RPTNMLOJOHOFFAV47CA,25,107.79,見其他登記事項,鋼筋混凝土造,83年7月6日,五層,五層
RPTNMLOJOHOFFAV47CA,25,15.04,見其他登記事項,鋼筋混凝土造,83年7月6日,五層,
RPOOMLKKOHOFFAV76CA,25,102.00,見其他登記事項,鋼筋混凝土造,82年12月3日,四層,四層
RPPOMLNJOHOFFAV07CA,24,91.38,見其他登記事項,鋼筋混凝土造,84年7月6日,四層,三層
RPPOMLNJOHOFFAV07CA,24,7.91,見其他登記事項,鋼筋混凝土造,84年7月6日,四層,
RPPOMLNJOHOFFAV07CA,24,.53,見其他登記事項,鋼筋混凝土造,84年7月6日,,
RPPOMLNJOHOFFAV07CA,24,.52,見其他登記事項,鋼筋混凝土造,84年7月6日,,
RPPOMLNJOHOFFAV07CA,24,1.30,見其他登記事項,鋼筋混凝土造,84年7月6日,四層,
RPPOMLNJOHOFFAV07CA,24,.53,見其他登記事項,鋼筋混凝土造,84年7月6日,,
RPPOMLNJOHOFFAV07CA,24,.53,見其他登記事項,鋼筋混凝土造,84年7月6日,,
RPPOMLNJOHOFFAV07CA,24,.53,見其他登記事項,鋼筋混凝土造,84年7月6日,,
RPPOMLNJOHOFFAV07CA,24,.53,見其他登記事項,鋼筋混凝土造,84年7月6日,,
RPPOMLNJOHOFFAV07CA,24,.53,見其他登記事項,鋼筋混凝土造,84年7月6日,,
RPPOMLNJOHOFFAV07CA,24,.53,見其他登記事項,鋼筋混凝土造,84年7月6日,,
RPPOMLNJOHOFFAV07CA,24,.52,見其他登記事項,鋼筋混凝土造,84年7月6日,,
RPPOMLNJOHOFFAV07CA,24,.52,見其他登記事項,鋼筋混凝土造,84年7月6日,,
RPPOMLNJOHOFFAV07CA,24,.52,見其他登記事項,鋼筋混凝土造,84年7月6日,,
RPPOMLNJOHOFFAV07CA,24,.52,見其他登記事項,鋼筋混凝土造,84年7月6日,,
RPPOMLNJOHOFFAV07CA,24,.52,見其他登記事項,鋼筋混凝土造,84年7月6日,,
RPPOMLNJOHOFFAV07CA,24,.53,見其他登記事項,鋼筋混凝土造,84年7月6日,,
RPVNMLOJOHOFFAV67CA,25,128.36,見其他登記事項,鋼筋混凝土造,83年4月9日,四層,三層 四層
RPVNMLOJOHOFFAV67CA,25,58.40,見其他登記事項,鋼筋混凝土造,83年4月9日,四層,
RPQNMLKKOHOFFCV17DA,24,219.01,住家用,鋼筋混凝土造,84年1月21日,三層,一層 二層 三層 屋頂突出物 騎樓
RPQNMLMKOHOFFAV07CA,23,403.39,見其他登記事項,鋼筋混凝土造,84年12月11日,三層,一層 二層 三層 地下層
RPQNMLMKOHOFFAV07CA,23,50.64,見其他登記事項,鋼筋混凝土造,84年12月11日,三層,
RPUNMLLKOHOFFAV37CA,23,83.62,見其他登記事項,鋼筋混凝土造,85年6月28日,九層,三層
RPUNMLLKOHOFFAV37CA,23,8.92,見其他登記事項,鋼筋混凝土造,85年6月28日,九層,
RPUNMLLKOHOFFAV37CA,23,9.57,見其他登記事項,鋼筋混凝土造,85年6月28日,九層,
RPRNMLQJOHOFFAV47CA,23,242.32,見其他登記事項,鋼筋混凝土造,85年5月23日,四層,一層 二層 三層 四層 騎樓
RPSNMLQJOHOFFAV57CA,18,116.38,見其他登記事項,見其他登記事項,90年2月22日,一層,一層 騎樓
RPUNMLKKOHOFFAV27CA,37,90.93,住家用,鋼筋混凝土造,70年10月21日,七層,三層
RPUNMLKKOHOFFAV27CA,37,16.57,見其他登記事項,鋼筋混凝土造,70年10月21日,七層,
RPUNMLKKOHOFFAV27CA,,14.92,見其他登記事項,鋼筋混凝土造,,一層,
RPTNMLKKOHOFFAV17CA,44,61.32,住家用,見其他登記事項,64年7月28日,二層,一層 二層 騎樓
RPTNMLKKOHOFFAV17CA,,67.26,住家用,見其他登記事項,,二層,一層 二層
RPVNMLLKOHOFFAV47CA,25,83.53,見其他登記事項,鋼筋混凝土造,83年5月16日,十三層,二層
RPVNMLLKOHOFFAV47CA,25,.37,見其他登記事項,鋼筋混凝土造,83年5月16日,十三層,
RPVNMLLKOHOFFAV47CA,25,.30,見其他登記事項,鋼筋混凝土造,83年5月16日,十三層,
RPVNMLLKOHOFFAV47CA,25,.34,見其他登記事項,鋼筋混凝土造,83年5月16日,十三層,
RPVNMLLKOHOFFAV47CA,25,.30,見其他登記事項,鋼筋混凝土造,83年5月16日,十三層,
RPVNMLLKOHOFFAV47CA,25,.37,見其他登記事項,鋼筋混凝土造,83年5月16日,十三層,
RPVNMLLKOHOFFAV47CA,25,.27,見其他登記事項,鋼筋混凝土造,83年5月16日,十三層,
RPVNMLLKOHOFFAV47CA,25,.75,見其他登記事項,鋼筋混凝土造,83年5月16日,十三層,
RPVNMLLKOHOFFAV47CA,25,.28,見其他登記事項,鋼筋混凝土造,83年5月16日,十三層,
RPVNMLLKOHOFFAV47CA,25,.14,見其他登記事項,鋼筋混凝土造,83年5月16日,十三層,
RPVNMLLKOHOFFAV47CA,25,.30,見其他登記事項,鋼筋混凝土造,83年5月16日,十三層,
RPVNMLLKOHOFFAV47CA,25,.30,見其他登記事項,鋼筋混凝土造,83年5月16日,十三層,
RPVNMLLKOHOFFAV47CA,25,.30,見其他登記事項,鋼筋混凝土造,83年5月16日,十三層,
RPVNMLLKOHOFFAV47CA,25,.37,見其他登記事項,鋼筋混凝土造,83年5月16日,十三層,
RPVNMLLKOHOFFAV47CA,25,.37,見其他登記事項,鋼筋混凝土造,83年5月16日,十三層,
RPVNMLLKOHOFFAV47CA,25,.37,見其他登記事項,鋼筋混凝土造,83年5月16日,十三層,
RPVNMLLKOHOFFAV47CA,25,.27,見其他登記事項,鋼筋混凝土造,83年5月16日,十三層,
RPVNMLLKOHOFFAV47CA,25,.56,見其他登記事項,鋼筋混凝土造,83年5月16日,十三層,
RPVNMLLKOHOFFAV47CA,25,.30,見其他登記事項,鋼筋混凝土造,83年5月16日,十三層,
RPVNMLLKOHOFFAV47CA,25,.14,見其他登記事項,鋼筋混凝土造,83年5月16日,十三層,
RPVNMLLKOHOFFAV47CA,25,.37,見其他登記事項,鋼筋混凝土造,83年5月16日,十三層,
RPVNMLLKOHOFFAV47CA,25,.30,見其他登記事項,鋼筋混凝土造,83年5月16日,十三層,
RPVNMLLKOHOFFAV47CA,25,.30,見其他登記事項,鋼筋混凝土造,83年5月16日,十三層,
RPVNMLLKOHOFFAV47CA,25,.30,見其他登記事項,鋼筋混凝土造,83年5月16日,十三層,
RPVNMLLKOHOFFAV47CA,25,.37,見其他登記事項,鋼筋混凝土造,83年5月16日,十三層,
RPVNMLLKOHOFFAV47CA,25,11.13,見其他登記事項,鋼筋混凝土造,83年5月16日,十三層,
RPVNMLLKOHOFFAV47CA,25,.37,見其他登記事項,鋼筋混凝土造,83年5月16日,十三層,
RPVNMLLKOHOFFAV47CA,25,.37,見其他登記事項,鋼筋混凝土造,83年5月16日,十三層,
RPVNMLLKOHOFFAV47CA,25,1.13,見其他登記事項,鋼筋混凝土造,83年5月16日,十三層,
RPVNMLLKOHOFFAV47CA,25,.30,見其他登記事項,鋼筋混凝土造,83年5月16日,十三層,
RPVNMLLKOHOFFAV47CA,25,.37,見其他登記事項,鋼筋混凝土造,83年5月16日,十三層,
RPVNMLLKOHOFFAV47CA,25,.30,見其他登記事項,鋼筋混凝土造,83年5月16日,十三層,
RPVNMLLKOHOFFAV47CA,25,.53,見其他登記事項,鋼筋混凝土造,83年5月16日,十三層,
RPTNMLNKOHOFFAV47CA,23,136.34,見其他登記事項,鋼筋混凝土造,85年6月28日,九層,一層 騎樓
RPTNMLNKOHOFFAV47CA,23,13.95,見其他登記事項,鋼筋混凝土造,85年6月28日,九層,
RPQNMLNKOHOFFAV17CA,39,101.92,住家用,加強磚造,69年5月20日,二層,一層 二層
RPRNMLKKOHOFFCV27DA,23,208.17,住家用,見其他登記事項,85年9月25日,二層,一層 二層
RPUNMLNKOHOFFAV57CA,23,217.93,農舍,見其他登記事項,85年4月19日,二層,一層 二層
RPPNMLMJPHOFFAV96CA,39,115.65,住家用,加強磚造,69年10月30日,二層,一層 二層 騎樓
RPPNMLNKOHOFFAV07CA,44,104.28,住家用,見其他登記事項,63年12月5日,三層,一層 二層 三層
RPVNMLMKOHOFFAV57CA,36,123.78,住家用,加強磚造,72年1月25日,二層,一層 二層
RPRNMLQLOHOFFBV87DA,34,71.42,住家用,加強磚造,74年4月20日,二層,一層 二層 騎樓
RPPNMLMKOHOFFAV96CA,34,119.79,住家用,加強磚造,74年3月26日,二層,一層 二層
RPUNMLMJPHOFFAV47CA,45,87.00,住家用,見其他登記事項,63年5月1日,二層,一層 二層
RPTNMLPJPHOFFAV67CA,13,214.27,見其他登記事項,見其他登記事項,95年10月4日,三層,一層 二層 三層 騎樓
RPTNMLLKOHOFFAV37DA,38,83.60,住家用,見其他登記事項,70年9月7日,一層,夾層 見其他登記事項
RPQNMLKLOHOFFDV27CA,24,30.87,見其他登記事項,鋼筋混凝土造,84年7月14日,八層,一層
RPQNMLKLOHOFFDV27CA,24,7.44,見其他登記事項,鋼筋混凝土造,84年7月14日,八層,
RPSNMLSKOHOFFAV87CA,12,237.99,見其他登記事項,見其他登記事項,95年9月25日,三層,一層 二層 三層
RPSNMLOKOHOFFAV47CA,23,24.74,見其他登記事項,鋼筋混凝土造,85年6月28日,九層,四層
RPSNMLOKOHOFFAV47CA,23,3.01,見其他登記事項,鋼筋混凝土造,85年6月28日,九層,
RPSNMLOKOHOFFAV47CA,23,4.89,見其他登記事項,鋼筋混凝土造,85年6月28日,九層,
RPUNMLTKOHOFFAV18CA,45,146.56,住商用,見其他登記事項,62年11月23日,二層,一層 二層 騎樓
RPUNMLOKOHOFFAV67CA,,199.32,住家用,見其他登記事項,108年3月25日,三層,一層 二層 三層
RPQNMLLLOHOFFAV07CA,39,42.74,住家用,加強磚造,69年6月2日,二層,一層 二層
RPQNMLLLOHOFFAV07CA,39,42.74,住家用,加強磚造,69年6月2日,二層,一層 二層
RPTNMLOKOHOFFAV57CA,23,85.45,見其他登記事項,鋼筋混凝土造,84年12月20日,七層,二層
RPTNMLOKOHOFFAV57CA,,32.96,見其他登記事項,鋼筋混凝土造,,七層,
RPVNMLOKOHOFFAV77CA,24,109.58,見其他登記事項,鋼筋混凝土造,83年12月17日,八層,二層
RPVNMLOKOHOFFAV77CA,24,13.87,見其他登記事項,鋼筋混凝土造,83年12月17日,八層,
RPVNMLOKOHOFFAV77CA,24,20.64,見其他登記事項,鋼筋混凝土造,83年12月17日,八層,
RPVNMLOKOHOFFAV77CA,24,10.01,見其他登記事項,鋼筋混凝土造,83年12月17日,八層,
RPTNMLSKOHOFFAV08DA,36,89.75,見其他登記事項,鋼筋混凝土造,72年2月22日,四層,一層
RPTNMLSKOHOFFAV08DA,36,6.64,見其他登記事項,鋼筋混凝土造,72年2月22日,四層,
RPQNMLRKOHOFFAV57CA,1,230.56,見其他登記事項,見其他登記事項,107年3月22日,三層,一層 二層 三層 見其他登記事項
RPTNMLRKOHOFFAV87CA,31,108.56,住家用,加強磚造,77年1月4日,二層,一層 二層
RPVNMLRKOHOFFAV08CA,37,152.16,住家用,加強磚造,70年12月30日,二層,一層 二層 騎樓
RPRNMLRKOHOFFCV87CA,37,221.54,住家用,鋼筋混凝土造,71年8月3日,三層,一層 二層 三層 騎樓
RPSNMLSLOHOFFAV97CA,,69.29,,,,,
RPQNMLMLOHOFFAV17CA,48,44.78,住家用,見其他登記事項,60年6月30日,一層,一層 騎樓
RPPNMLSKOHOFFAV57CA,4,229.11,見其他登記事項,見其他登記事項,104年3月18日,三層,一層 二層 三層
RPVNMLTKOHOFFAV28CA,26,80.55,見其他登記事項,鋼筋混凝土造,82年10月19日,七層,五層
RPVNMLTKOHOFFAV28CA,26,9.41,見其他登記事項,鋼筋混凝土造,82年10月19日,七層,
RPVNMLTKOHOFFAV28CA,26,23.51,見其他登記事項,鋼筋混凝土造,82年10月19日,七層,
RPPNMLTKOHOFFAV67CA,24,79.10,見其他登記事項,鋼筋混凝土造,84年1月25日,十層,十層
RPPNMLTKOHOFFAV67CA,,2.14,見其他登記事項,鋼筋混凝土造,,十層,
RPPNMLTKOHOFFAV67CA,24,9.44,見其他登記事項,鋼筋混凝土造,84年1月25日,十層,
RPPNMLTKOHOFFAV67CA,24,2.26,見其他登記事項,鋼筋混凝土造,84年1月25日,十層,
RPPNMLTKOHOFFAV67CA,24,11.52,見其他登記事項,鋼筋混凝土造,84年1月25日,十層,
RPQNMLTKOHOFFAV77CA,24,201.65,住商用,鋼筋混凝土造,84年2月24日,三層,一層 二層 三層
RPRNMLPLOHOFFAV57CA,23,203.57,見其他登記事項,鋼筋混凝土造,85年3月26日,八層,一層 二層 三層 騎樓
RPRNMLPLOHOFFAV57CA,23,30.91,見其他登記事項,鋼筋混凝土造,85年3月26日,八層,
RPRNMLPLOHOFFAV57CA,23,47.22,見其他登記事項,鋼筋混凝土造,85年3月26日,八層,
RPRNMLTKOHOFFAV87CA,37,120.09,住家用,加強磚造,71年2月27日,二層,一層 二層 騎樓
RPPNMLLLOHOFFCV17CA,51,97.88,住家用,見其他登記事項,,一層,一層
RPWNMLTKOHOFFAV38CA,58,41.04,住家用,見其他登記事項,50年3月1日,一層,一層
RPRNMLKLOHOFFAV07CA,6,323.52,住家用,見其他登記事項,101年10月18日,三層,一層 二層 三層 屋頂突出物
RPQNMLPLOHOFFAV47CA,37,177.75,住商用,鋼筋混凝土造,70年12月7日,二層,一層 二層 騎樓 地下層
RPQNMLOLOHOFFDV67CA,25,31.54,見其他登記事項,鋼筋混凝土造,83年9月30日,八層,七層
RPQNMLOLOHOFFDV67CA,25,6.07,見其他登記事項,鋼筋混凝土造,83年9月30日,八層,
RPRNMLOLOHOFFDV77CA,25,31.54,見其他登記事項,鋼筋混凝土造,83年9月30日,八層,七層
RPRNMLOLOHOFFDV77CA,25,6.07,見其他登記事項,鋼筋混凝土造,83年9月30日,八層,
RPSNMLOLOHOFFDV87CA,25,45.81,見其他登記事項,鋼筋混凝土造,83年9月30日,八層,五層
RPSNMLOLOHOFFDV87CA,25,11.28,見其他登記事項,鋼筋混凝土造,83年9月30日,八層,
RPTNMLSLOHOFFAV08CA,35,85.95,住家用,鋼筋混凝土造,73年1月30日,四層,二層
RPTNMLSLOHOFFAV08CA,35,9.75,見其他登記事項,鋼筋混凝土造,73年1月30日,四層,
RPVNMLSLOHOFFAV28CA,38,180.96,住家用,加強磚造,70年3月8日,二層,一層 二層 騎樓
RPSNMLOLOHOFFAV57CA,25,102.02,見其他登記事項,鋼筋混凝土造,82年12月3日,四層,四層
RPSNMLOLOHOFFAV57CA,25,.24,見其他登記事項,鋼筋混凝土造,82年12月3日,四層,
RPSNMLOLOHOFFAV57CA,25,.24,見其他登記事項,鋼筋混凝土造,82年12月3日,四層,
RPSNMLOLOHOFFAV57CA,25,.24,見其他登記事項,鋼筋混凝土造,82年12月3日,四層,
RPSNMLOLOHOFFAV57CA,25,3.49,見其他登記事項,鋼筋混凝土造,82年12月3日,四層,
RPSNMLOLOHOFFAV57CA,25,.24,見其他登記事項,鋼筋混凝土造,82年12月3日,四層,
RPSNMLOLOHOFFAV57CA,25,.25,見其他登記事項,鋼筋混凝土造,82年12月3日,四層,
RPSNMLOLOHOFFAV57CA,25,.24,見其他登記事項,鋼筋混凝土造,82年12月3日,四層,
RPSNMLOLOHOFFAV57CA,25,.25,見其他登記事項,鋼筋混凝土造,82年12月3日,四層,
RPSNMLOLOHOFFAV57CA,25,.24,見其他登記事項,鋼筋混凝土造,82年12月3日,四層,
RPSNMLOLOHOFFAV57CA,25,.25,見其他登記事項,鋼筋混凝土造,82年12月3日,四層,
RPSNMLOLOHOFFAV57CA,25,.24,見其他登記事項,鋼筋混凝土造,82年12月3日,四層,
RPSNMLOLOHOFFAV57CA,25,.24,見其他登記事項,鋼筋混凝土造,82年12月3日,四層,
RPSNMLOLOHOFFAV57CA,25,.67,見其他登記事項,鋼筋混凝土造,82年12月3日,四層,
RPSNMLOLOHOFFAV57CA,25,.24,見其他登記事項,鋼筋混凝土造,82年12月3日,四層,
RPSNMLOLOHOFFAV57CA,25,.24,見其他登記事項,鋼筋混凝土造,82年12月3日,四層,
RPSNMLOLOHOFFAV57CA,25,.24,見其他登記事項,鋼筋混凝土造,82年12月3日,四層,
RPSNMLOLOHOFFAV57CA,25,.25,見其他登記事項,鋼筋混凝土造,82年12月3日,四層,
RPSNMLOLOHOFFAV57CA,25,.25,見其他登記事項,鋼筋混凝土造,82年12月3日,四層,
RPSNMLOLOHOFFAV57CA,25,.24,見其他登記事項,鋼筋混凝土造,82年12月3日,四層,
RPSNMLOLOHOFFAV57CA,25,.25,見其他登記事項,鋼筋混凝土造,82年12月3日,四層,
RPSNMLOLOHOFFAV57CA,25,.24,見其他登記事項,鋼筋混凝土造,82年12月3日,四層,
RPSNMLOLOHOFFAV57CA,25,.67,見其他登記事項,鋼筋混凝土造,82年12月3日,四層,
RPSNMLOLOHOFFAV57CA,25,2.20,見其他登記事項,鋼筋混凝土造,82年12月3日,四層,
RPSNMLOLOHOFFAV57CA,25,.24,見其他登記事項,鋼筋混凝土造,82年12月3日,四層,
RPSNMLOLOHOFFAV57CA,25,.24,見其他登記事項,鋼筋混凝土造,82年12月3日,四層,
RPSNMLOLOHOFFAV57CA,25,.24,見其他登記事項,鋼筋混凝土造,82年12月3日,四層,
RPSNMLOLOHOFFAV57CA,25,.24,見其他登記事項,鋼筋混凝土造,82年12月3日,四層,
RPSNMLOLOHOFFAV57CA,25,.24,見其他登記事項,鋼筋混凝土造,82年12月3日,四層,
RPSNMLOLOHOFFAV57CA,25,.24,見其他登記事項,鋼筋混凝土造,82年12月3日,四層,
RPSNMLOLOHOFFAV57CA,25,.25,見其他登記事項,鋼筋混凝土造,82年12月3日,四層,
RPSNMLOLOHOFFAV57CA,25,.24,見其他登記事項,鋼筋混凝土造,82年12月3日,四層,
RPSNMLOLOHOFFAV57CA,25,.25,見其他登記事項,鋼筋混凝土造,82年12月3日,四層,
RPSNMLOLOHOFFAV57CA,25,.24,見其他登記事項,鋼筋混凝土造,82年12月3日,四層,
RPSNMLOLOHOFFAV57CA,25,.24,見其他登記事項,鋼筋混凝土造,82年12月3日,四層,
RPPNMLNLOHOFFAV17CA,29,115.53,住家用,鋼筋混凝土造,79年8月11日,三層,一層 二層 三層
RPPNMLLKPHOFFCV17CA,13,156.66,住家用,鋼筋混凝土造,94年12月12日,三層,一層 二層 三層
RPPNMLTLOHOFFAV77CA,39,98.20,住家用,鋼筋混凝土造,69年4月12日,二層,一層 二層
RPQNMLMKPHOFFDV47CA,24,7.85,見其他登記事項,鋼筋混凝土造,84年7月14日,八層,
RPQNMLMKPHOFFDV47CA,24,30.45,見其他登記事項,鋼筋混凝土造,84年7月14日,八層,四層
RPQNMLLJPHOFFBV07CA,36,68.71,住家用,加強磚造,72年4月21日,一層,一層 騎樓
RPXNMLOLOHOFFAV08CA,24,61.21,見其他登記事項,鋼筋混凝土造,84年2月17日,八層,八層
RPXNMLOLOHOFFAV08CA,24,4.11,見其他登記事項,鋼筋混凝土造,84年2月17日,八層,
RPXNMLOLOHOFFAV08CA,24,11.38,見其他登記事項,鋼筋混凝土造,84年2月17日,八層,
RPXNMLOLOHOFFAV08CA,24,8.38,見其他登記事項,鋼筋混凝土造,84年2月17日,八層,
RPXNMLMJPHOFFAV77CA,26,137.35,見其他登記事項,加強磚造,82年5月4日,二層,一層 二層
RPRNMLQLOHOFFAV67CA,25,201.26,住家用,鋼筋混凝土造,83年7月6日,四層,一層 二層 三層 四層
RPQNMLQLOHOFFAV57CA,25,148.23,住家用,鋼筋混凝土造,83年5月13日,三層,一層 二層 三層
RPTNMLRLOHOFFAV97CA,,20.78,住家用,見其他登記事項,,一層,一層
RPRNMLSLOHOFFAV87CA,26,114.42,見其他登記事項,鋼筋混凝土造,82年12月3日,四層,一層
RPRNMLSLOHOFFAV87CA,26,.28,見其他登記事項,鋼筋混凝土造,82年12月3日,四層,
RPRNMLSLOHOFFAV87CA,26,3.97,見其他登記事項,鋼筋混凝土造,82年12月3日,四層,
RPRNMLSLOHOFFAV87CA,26,.28,見其他登記事項,鋼筋混凝土造,82年12月3日,四層,
RPRNMLSLOHOFFAV87CA,26,.29,見其他登記事項,鋼筋混凝土造,82年12月3日,四層,
RPRNMLSLOHOFFAV87CA,26,.28,見其他登記事項,鋼筋混凝土造,82年12月3日,四層,
RPRNMLSLOHOFFAV87CA,26,.29,見其他登記事項,鋼筋混凝土造,82年12月3日,四層,
RPRNMLSLOHOFFAV87CA,26,.28,見其他登記事項,鋼筋混凝土造,82年12月3日,四層,
RPRNMLSLOHOFFAV87CA,26,.28,見其他登記事項,鋼筋混凝土造,82年12月3日,四層,
RPRNMLSLOHOFFAV87CA,26,.28,見其他登記事項,鋼筋混凝土造,82年12月3日,四層,
RPRNMLSLOHOFFAV87CA,26,.28,見其他登記事項,鋼筋混凝土造,82年12月3日,四層,
RPRNMLSLOHOFFAV87CA,26,.29,見其他登記事項,鋼筋混凝土造,82年12月3日,四層,
RPRNMLSLOHOFFAV87CA,26,.28,見其他登記事項,鋼筋混凝土造,82年12月3日,四層,
RPRNMLSLOHOFFAV87CA,26,.28,見其他登記事項,鋼筋混凝土造,82年12月3日,四層,
RPRNMLSLOHOFFAV87CA,26,.28,見其他登記事項,鋼筋混凝土造,82年12月3日,四層,
RPRNMLSLOHOFFAV87CA,26,.28,見其他登記事項,鋼筋混凝土造,82年12月3日,四層,
RPRNMLSLOHOFFAV87CA,26,.28,見其他登記事項,鋼筋混凝土造,82年12月3日,四層,
RPRNMLSLOHOFFAV87CA,26,.28,見其他登記事項,鋼筋混凝土造,82年12月3日,四層,
RPRNMLSLOHOFFAV87CA,26,2.50,見其他登記事項,鋼筋混凝土造,82年12月3日,四層,
RPRNMLSLOHOFFAV87CA,26,.28,見其他登記事項,鋼筋混凝土造,82年12月3日,四層,
RPRNMLSLOHOFFAV87CA,26,.28,見其他登記事項,鋼筋混凝土造,82年12月3日,四層,
RPRNMLSLOHOFFAV87CA,26,.29,見其他登記事項,鋼筋混凝土造,82年12月3日,四層,
RPRNMLSLOHOFFAV87CA,26,.28,見其他登記事項,鋼筋混凝土造,82年12月3日,四層,
RPRNMLSLOHOFFAV87CA,26,.28,見其他登記事項,鋼筋混凝土造,82年12月3日,四層,
RPRNMLSLOHOFFAV87CA,26,.28,見其他登記事項,鋼筋混凝土造,82年12月3日,四層,
RPRNMLSLOHOFFAV87CA,26,.29,見其他登記事項,鋼筋混凝土造,82年12月3日,四層,
RPRNMLSLOHOFFAV87CA,26,.77,見其他登記事項,鋼筋混凝土造,82年12月3日,四層,
RPRNMLSLOHOFFAV87CA,26,.28,見其他登記事項,鋼筋混凝土造,82年12月3日,四層,
RPRNMLSLOHOFFAV87CA,26,.28,見其他登記事項,鋼筋混凝土造,82年12月3日,四層,
RPRNMLSLOHOFFAV87CA,26,.28,見其他登記事項,鋼筋混凝土造,82年12月3日,四層,
RPRNMLSLOHOFFAV87CA,26,.28,見其他登記事項,鋼筋混凝土造,82年12月3日,四層,
RPRNMLSLOHOFFAV87CA,26,.29,見其他登記事項,鋼筋混凝土造,82年12月3日,四層,
RPRNMLSLOHOFFAV87CA,26,.29,見其他登記事項,鋼筋混凝土造,82年12月3日,四層,
RPRNMLSLOHOFFAV87CA,26,.77,見其他登記事項,鋼筋混凝土造,82年12月3日,四層,
RPRNMLSLOHOFFAV87CA,26,.29,見其他登記事項,鋼筋混凝土造,82年12月3日,四層,
RPPNMLQLOHOFFAV47CA,32,132.43,住家用,加強磚造,76年1月21日,二層,一層 二層
RPPNMLRLOHOFFAV57CA,24,195.12,見其他登記事項,鋼筋混凝土造,84年1月4日,三層,一層 二層 三層 地下層
RPWNMLRLOHOFFAV28CA,36,128.18,住家用,加強磚造,72年11月3日,二層,一層 二層 騎樓
RPSNMLRLOHOFFAV87CA,5,84.13,住家用,見其他登記事項,103年8月22日,,一層 二層 三層
RPTNMLPLOHOFFAV77CA,34,133.82,住家用,加強磚造,74年7月11日,二層,一層 二層
RPUNMLSLOHOFFAV18CA,24,198.08,住家用,鋼筋混凝土造,84年6月30日,四層,一層 二層 三層 四層
RPRNMLMJPHOFFAV17CA,25,22.50,見其他登記事項,鋼筋混凝土造,83年1月26日,七層,二層
RPRNMLMJPHOFFAV17CA,25,.48,共有部分,鋼筋混凝土造,83年1月26日,七層,
RPRNMLMJPHOFFAV17CA,25,.48,共有部分,鋼筋混凝土造,83年1月26日,七層,
RPRNMLMJPHOFFAV17CA,25,.48,共有部分,鋼筋混凝土造,83年1月26日,七層,
RPRNMLMJPHOFFAV17CA,25,.48,共有部分,鋼筋混凝土造,83年1月26日,七層,
RPRNMLMJPHOFFAV17CA,25,3.66,共有部分,鋼筋混凝土造,83年1月26日,七層,
RPRNMLMJPHOFFAV17CA,25,.48,共有部分,鋼筋混凝土造,83年1月26日,七層,
RPRNMLMJPHOFFAV17CA,25,.49,共有部分,鋼筋混凝土造,83年1月26日,七層,
RPRNMLMJPHOFFAV17CA,25,.48,共有部分,鋼筋混凝土造,83年1月26日,七層,
RPQOMLMJPHOFFAV17CA,45,86.11,住家用,見其他登記事項,63年5月20日,二層,一層 二層
RPPNMLLJPHOFFAV86CA,44,134.12,住家用,見其他登記事項,64年2月20日,二層,一層 二層 騎樓
RPXNMLRLOHOFFAV38CA,24,85.15,見其他登記事項,鋼骨混凝土造,84年9月26日,七層,三層
RPXNMLRLOHOFFAV38CA,24,19.70,見其他登記事項,鋼骨混凝土造,84年9月26日,七層,
RPXNMLRLOHOFFAV38CA,24,16.60,見其他登記事項,鋼骨混凝土造,84年9月26日,七層,
RPQNMLLJPHOFFAV96CA,15,161.10,住家用,鋼筋混凝土造,93年4月13日,三層,一層 二層 三層 騎樓
RPQNMLLKPHOFFCV27CA,3,154.83,見其他登記事項,鋼筋混凝土造,104年12月18日,三層,一層 二層 三層
RPRNMLLJPHOFFAV17DA,,51.23,住家用,見其他登記事項,,一層,一層
RPSNMLLJPHOFFAV27DA,42,48.10,住家用,見其他登記事項,65年12月20日,一層,一層
RPPNMLNJPHOFFBV17CA,34,135.39,住家用,加強磚造,74年2月15日,二層,一層 二層
RPSNMLNJPHOFFAV37CA,61,27.12,住商用,見其他登記事項,47年1月10日,一層,一層
RPQNMLMJPHOFFCV27CA,,119.11,住商用,見其他登記事項,,二層,一層 二層 騎樓
RPTNMLNJPHOFFAV47CA,1,230.38,見其他登記事項,見其他登記事項,107年3月22日,三層,一層 二層 三層 見其他登記事項
RPPNMLNJPHOFFAV07CA,4,236.76,見其他登記事項,見其他登記事項,104年7月20日,三層,一層 二層 三層 見其他登記事項
RPQNMLMJPHOFFDV47DA,25,31.76,商業用,鋼筋混凝土造,83年4月27日,九層,二層
RPQNMLMJPHOFFDV47DA,25,7.58,見其他登記事項,鋼筋混凝土造,83年4月27日,九層,
RPQNMLMJPHOFFDV47DA,25,36.56,見其他登記事項,鋼筋混凝土造,83年4月27日,九層,
RPQNMLNJPHOFFAV17CA,20,398.05,見其他登記事項,鋼筋混凝土造,87年12月16日,九層,一層 騎樓 夾層
RPQNMLNJPHOFFAV17CA,20,75.85,見其他登記事項,鋼筋混凝土造,87年12月16日,九層,
RPQNMLNJPHOFFAV17CA,20,53.71,見其他登記事項,鋼筋混凝土造,87年12月16日,九層,
RPUNMLNJPHOFFAV57CA,26,187.31,住家用,鋼筋混凝土造,82年9月13日,四層,一層 二層 三層 四層
RPRNMLOJPHOFFAV37CA,27,180.70,住家用,鋼筋混凝土造,81年4月29日,三層,一層 二層 三層
RPPNMLOJPHOFFAV17CA,35,123.30,住家用,加強磚造,73年1月18日,二層,一層 二層 騎樓
RPSNMLNLPHOFFAV57CA,33,60.49,住家用,加強磚造,75年1月4日,二層,一層 二層
RPSNMLPJPHOFFAV57CA,,201.35,見其他登記事項,見其他登記事項,108年1月15日,三層,一層 二層 三層
RPXNMLKKPHOFFAV67CA,26,268.05,商業用,見其他登記事項,82年3月22日,二層,一層 二層
RPRNMLPJPHOFFAV57DA,38,121.80,住家用,鋼筋混凝土加強磚造,69年12月26日,二層,一層 二層 騎樓
RPWNMLMKPHOFFAV77CA,23,116.33,見其他登記事項,鋼筋混凝土造,85年6月28日,九層,一層 騎樓
RPWNMLMKPHOFFAV77CA,23,11.76,見其他登記事項,鋼筋混凝土造,85年6月28日,九層,
RPSNMLKKPHOFFAV17CA,37,151.47,住家用,見其他登記事項,71年6月29日,三層,一層 二層 三層 騎樓
RPTNMLKKPHOFFAV27CA,22,61.83,見其他登記事項,鋼筋混凝土造,86年9月26日,五層,三層
RPTNMLKKPHOFFAV27CA,22,13.70,見其他登記事項,鋼筋混凝土造,86年9月26日,五層,
RPTNMLKKPHOFFAV27CA,22,7.43,見其他登記事項,鋼筋混凝土造,86年9月26日,五層,
RPPNMLKKPHOFFAV96DA,42,94.62,住家用,見其他登記事項,66年12月2日,二層,一層 二層
RPRNMLMKPHOFFAV27CA,29,161.33,住家用,加強磚造,79年2月20日,二層,一層 二層
RPPNMLTLPHOFFAV87CA,21,87.24,見其他登記事項,鋼筋混凝土造,87年10月14日,七層,一層 二層 騎樓
RPPNMLTLPHOFFAV87CA,21,13.33,見其他登記事項,鋼筋混凝土造,87年10月14日,七層,
RPPNMLTLPHOFFAV87CA,21,20.17,見其他登記事項,鋼筋混凝土造,87年10月14日,七層,
RPRNMLTJPHOFFDV18CA,24,30.09,見其他登記事項,鋼筋混凝土造,84年1月10日,八層,二層
RPRNMLTJPHOFFDV18CA,24,7.49,見其他登記事項,鋼筋混凝土造,84年1月10日,八層,
RPRNMLTJPHOFFDV18CA,24,3.01,見其他登記事項,鋼筋混凝土造,84年1月10日,八層,
RPRNMLLKPHOFFAV17CA,36,100.88,見其他登記事項,鋼筋混凝土造,72年10月19日,四層,三層
RPRNMLLKPHOFFAV17CA,,4.63,見其他登記事項,鋼筋混凝土造,,四層,
RPOOMLLKPHOFFAV96CA,34,97.44,住家用,加強磚造,74年6月25日,二層,一層 二層
RPSNMLLKPHOFFAV27CA,14,165.97,住家用,見其他登記事項,94年7月27日,三層,一層 二層 三層
RPTNMLLKPHOFFAV37CA,38,100.10,住家用,加強磚造,70年8月11日,二層,一層 二層
RPQOMLLKPHOFFAV17CA,25,169.88,住家用,鋼筋混凝土造,83年4月26日,三層,一層 二層 三層
RPPNMLMKPHOFFDV37CA,24,30.87,見其他登記事項,鋼筋混凝土造,84年7月14日,八層,三層
RPPNMLMKPHOFFDV37CA,24,7.44,見其他登記事項,鋼筋混凝土造,84年7月14日,八層,
RPPNMLPJQHOFFBV47CA,7,536.29,見其他登記事項,見其他登記事項,101年5月21日,二層,一層 二層 見其他登記事項
RPVNMLMKPHOFFAV67CA,24,179.58,見其他登記事項,鋼筋混凝土造,84年12月13日,三層,一層 二層 三層
RPSNMLSJQHOFFAV97CA,24,109.58,見其他登記事項,鋼筋混凝土造,84年2月17日,八層,五層
RPSNMLSJQHOFFAV97CA,24,33.59,見其他登記事項,鋼筋混凝土造,84年2月17日,八層,
RPSNMLSJQHOFFAV97CA,24,14.08,見其他登記事項,鋼筋混凝土造,84年2月17日,八層,
RPPNMLQKPHOFFDV87DA,25,30.42,商業用,鋼筋混凝土造,83年4月27日,九層,二層
RPPNMLQKPHOFFDV87DA,25,7.23,見其他登記事項,鋼筋混凝土造,83年4月27日,九層,
RPPNMLQKPHOFFDV87DA,25,35.03,見其他登記事項,鋼筋混凝土造,83年4月27日,九層,
RPPOMLQKPHOFFAV57CA,15,83.66,住家用,見其他登記事項,93年2月6日,一層,一層
RPPOMLLKPHOFFAV07CA,25,103.12,見其他登記事項,鋼筋混凝土造,83年2月25日,十二層,十層
RPPOMLLKPHOFFAV07CA,25,14.80,見其他登記事項,鋼筋混凝土造,83年2月25日,十二層,
RPPOMLLKPHOFFAV07CA,25,13.90,見其他登記事項,鋼筋混凝土造,83年2月25日,十二層,
RPPNMLOKPHOFFAV27CA,46,74.07,住家用,見其他登記事項,62年5月10日,三層,三層
RPPNMLQKPHOFFAV47CA,37,130.83,住家用,加強磚造,70年12月29日,二層,一層 二層
RPSNMLMKPHOFFAV37CA,40,32.39,住家用,加強磚造,68年1月2日,一層,一層
RPPNMLMKPHOFFAV17DA,45,91.96,住家用,見其他登記事項,62年12月20日,二層,一層 二層 騎樓
RPXNMLLKPHOFFAV77CA,2,282.96,見其他登記事項,見其他登記事項,106年11月13日,四層,一層 二層 三層 四層
RPQNMLQKPHOFFAV57CA,37,116.00,住家用,加強磚造,70年12月24日,二層,一層 二層 騎樓
SPQNMLQKPHOFFDV97CA,34,115.48,住家用,加強磚造,74年7月1日,二層,一層 二層 騎樓
RPQNMLQKPHOFFDV87CA,,120.04,住家用,加強磚造,,二層,一層 二層 騎樓
RPUNMLMKPHOFFAV57CA,39,88.20,住家用,加強磚造,69年2月2日,二層,一層 二層
RPPNMLPKPHOFFBV47CA,23,577.77,住商用,見其他登記事項,85年12月16日,三層,一層 二層 三層 騎樓
RPQNMLPKPHOFFBV67DA,19,221.07,住商用,鋼筋混凝土造,88年10月18日,三層,一層 二層 三層 騎樓
RPPNMLMLPHOFFCV37CA,38,190.56,見其他登記事項,加強磚造,70年1月15日,二層,一層 二層 騎樓
RPQOMLQKPHOFFAV67CA,23,33.12,見其他登記事項,鋼筋混凝土造,85年6月28日,九層,九層
RPQOMLQKPHOFFAV67CA,23,6.91,見其他登記事項,鋼筋混凝土造,85年6月28日,九層,
RPQOMLQKPHOFFAV67CA,23,4.10,見其他登記事項,鋼筋混凝土造,85年6月28日,九層,
RPTNMLSJQHOFFAV08CA,,79.50,住家用,見其他登記事項,,一層,一層 騎樓
RPPNMLPKPHOFFAV37CA,,227.51,商業用,混凝土造,,二層,一層 二層 騎樓
RPPNMLQKPHOFFBV57CA,33,102.56,住家用,加強磚造,75年6月30日,二層,一層 二層 騎樓
RPSNMLQKPHOFFAV77CA,41,103.00,住家用,見其他登記事項,67年6月1日,一層,一層
RPRNMLQKPHOFFAV67CA,39,115.65,住家用,加強磚造,69年10月30日,二層,一層 二層 騎樓
RPSOMLLMPHOFFAV57CA,33,119.48,住家用,加強磚造,75年12月16日,二層,一層 二層 騎樓
RPTNMLQKPHOFFAV87CA,28,606.99,見其他登記事項,見其他登記事項,80年1月15日,二層,一層 二層 地下層
RPUNMLQJQHOFFAV97CA,31,167.55,住家用,加強磚造,77年11月23日,二層,一層 二層
RPTNMLRKPHOFFAV97CA,25,78.78,見其他登記事項,鋼筋混凝土造,83年4月19日,十四層,十二層
RPTNMLRKPHOFFAV97CA,25,21.84,見其他登記事項,鋼筋混凝土造,83年4月19日,十四層,
RPXNMLRKPHOFFAV38CA,39,117.23,住家用,加強磚造,69年12月2日,二層,一層 二層 騎樓
RPPNMLNLPHOFFAV27CA,24,81.88,見其他登記事項,鋼筋混凝土造,84年6月1日,五層,一層
RPPNMLNLPHOFFAV27CA,24,9.58,見其他登記事項,鋼筋混凝土造,84年6月1日,五層,
RPPNMLNLPHOFFAV27CA,24,10.46,見其他登記事項,鋼筋混凝土造,84年6月1日,五層,
RPRNMLMLPHOFFAV37CA,29,141.35,住家用,鋼筋混凝土造,79年5月11日,三層,一層 二層 三層 夾層
RPPNMLLLPHOFFAV07CA,50,67.20,住家用,見其他登記事項,58年7月20日,二層,一層 二層
RPSNMLMLPHOFFAV47CA,38,140.31,住家用,加強磚造,70年8月18日,二層,一層 二層 騎樓
RPQNMLNLPHOFFAV37CA,36,206.06,住家用,加強磚造,,二層,一層 二層
RPQOMLLMPHOFFAV37CA,42,61.43,住家用,加強磚造,65年12月17日,二層,一層 二層
RPPNMLMLPHOFFBV27CA,21,107.89,住家用,鋼筋混凝土造,87年12月17日,五層,二層
RPPNMLMLPHOFFBV27CA,21,48.66,共有部分,鋼筋混凝土造,87年12月17日,五層,
RPPNMLSKPHOFFDV97CA,25,31.54,見其他登記事項,鋼筋混凝土造,83年9月30日,八層,四層
RPPNMLSKPHOFFDV97CA,25,6.07,見其他登記事項,鋼筋混凝土造,83年9月30日,八層,
RPRNMLKMPHOFFAV27CA,1,168.29,住家用,見其他登記事項,107年6月28日,三層,一層 二層 三層
RPPNMLQLPHOFFAV57CA,25,177.25,住商用,鋼筋混凝土造,83年7月27日,三層,一層 二層 三層 騎樓
SPPNMLPLPHOFFAV57CA,23,56.46,見其他登記事項,鋼筋混凝土造,85年6月28日,九層,六層
SPPNMLPLPHOFFAV57CA,23,11.22,見其他登記事項,鋼筋混凝土造,85年6月28日,九層,
SPPNMLPLPHOFFAV57CA,23,6.84,見其他登記事項,鋼筋混凝土造,85年6月28日,九層,
RPPNMLOLPHOFFAV37CA,27,121.01,住家用,加強磚造,81年1月23日,二層,一層 二層 騎樓
RPQNMLOLPHOFFAV47CA,23,99.47,見其他登記事項,鋼筋混凝土造,84年12月20日,七層,四層
RPQNMLOLPHOFFAV47CA,,36.25,見其他登記事項,鋼筋混凝土造,,七層,
RPPNMLQLPHOFFCV77CA,12,346.11,見其他登記事項,鋼筋混凝土造,96年1月22日,一層,一層
RPSNMLPLPHOFFCV97CA,57,116.90,住家用,加強磚造,51年4月21日,一層,一層 騎樓
RPUNMLQLPHOFFAV08CA,,204.43,見其他登記事項,見其他登記事項,108年6月13日,三層,一層 二層 三層 屋頂突出物
RPVNMLQLPHOFFAV18CA,,224.28,見其他登記事項,見其他登記事項,108年6月13日,三層,一層 二層 三層 屋頂突出物
RPQNMLMJQHOFFAV17CA,32,289.02,見其他登記事項,鋼筋混凝土造,76年8月25日,二層,一層 二層
RPTNMLPLPHOFFAV87CA,40,103.43,住家用,加強磚造,68年3月20日,二層,一層 二層 騎樓
RPQNMLPLPHOFFAV57CA,46,41.50,住家用,見其他登記事項,62年1月16日,一層,一層 騎樓
RPRNMLQLPHOFFAV77CA,28,151.77,住家用,鋼筋混凝土造,80年4月30日,三層,一層 二層 三層
RPWNMLPLPHOFFAV18CA,1,237.14,見其他登記事項,見其他登記事項,107年3月23日,三層,一層 二層 三層 見其他登記事項
RPUNMLPLPHOFFAV97CA,,216.63,住家用,見其他登記事項,108年4月15日,三層,一層 二層 三層
RPRNMLLMPHOFFAV37CA,24,419.86,見其他登記事項,鋼筋混凝土造,84年12月11日,三層,一層 二層 三層 地下層
RPRNMLLMPHOFFAV37CA,24,53.31,見其他登記事項,鋼筋混凝土造,84年12月11日,三層,
RPVNMLPLPHOFFAV08CA,,222.25,住家用,見其他登記事項,108年4月15日,三層,一層 二層 三層
RPTNMLTLPHOFFAV28CA,38,98.73,住家用,加強磚造,70年12月10日,二層,一層 二層
RPSNMLTLPHOFFAV18CA,3,231.09,見其他登記事項,見其他登記事項,105年12月7日,三層,一層 二層 三層 見其他登記事項
RPSNMLQLPHOFFAV87CA,,188.43,見其他登記事項,見其他登記事項,108年4月24日,三層,一層 二層 三層
RPUNMLLMPHOFFAV67CA,33,190.78,住家用,加強磚造,75年6月19日,二層,一層 二層 騎樓
RPPNMLQLPHOFFBV67CA,34,133.86,住家用,加強磚造,74年11月10日,二層,一層 二層 騎樓
RPVNMLLMPHOFFAV77CA,23,83.38,見其他登記事項,鋼筋混凝土造,85年6月28日,九層,五層
RPVNMLLMPHOFFAV77CA,23,9.21,見其他登記事項,鋼筋混凝土造,85年6月28日,九層,
RPVNMLLMPHOFFAV77CA,23,9.57,見其他登記事項,鋼筋混凝土造,85年6月28日,九層,
RPQNMLTLPHOFFAV97CA,,32.53,住家用,見其他登記事項,,一層,一層
RPQNMLRLPHOFFAV77CA,26,50.59,見其他登記事項,鋼筋混凝土造,82年8月14日,七層,六層
RPQNMLRLPHOFFAV77CA,26,7.58,見其他登記事項,鋼筋混凝土造,82年8月14日,七層,
RPQNMLRLPHOFFAV77CA,26,.74,見其他登記事項,鋼筋混凝土造,82年8月14日,七層,
RPQNMLRLPHOFFAV77CA,26,4.77,見其他登記事項,鋼筋混凝土造,82年8月14日,七層,
RPPNMLRLPHOFFAV67CA,28,160.83,住家用,鋼筋混凝土造,80年6月28日,三層,一層 二層 三層
RPQNMLKMPHOFFAV17CA,48,76.39,住家用,鋼筋混凝土加強磚造,60年12月22日,二層,一層 二層 騎樓
RPVNMLQKQHOFFAV28DA,41,58.60,住家用,加強磚造,67年9月1日,二層,一層 二層 騎樓
RPPOMLLMPHOFFAV37DA,26,28.06,見其他登記事項,鋼筋混凝土造,82年5月22日,十二層,九層
RPPOMLLMPHOFFAV37DA,26,3.34,共有部分,鋼筋混凝土造,82年5月22日,十二層,
RPPOMLLMPHOFFAV37DA,26,7.04,見其他登記事項,鋼筋混凝土造,82年5月22日,十二層,
RPSNMLLMPHOFFAV47CA,1,310.84,見其他登記事項,見其他登記事項,106年12月12日,四層,一層 二層 三層 四層 見其他登記事項
RPSNMLMJQHOFFAV37CA,26,114.62,見其他登記事項,鋼筋混凝土造,82年12月3日,四層,二層
RPQNMLSJQHOFFAV77CA,38,138.93,住家用,加強磚造,70年8月18日,二層,一層 二層 騎樓
RPTNMLNLQHOFFAV77CA,22,68.64,見其他登記事項,見其他登記事項,86年6月27日,一層,一層
RPPNMLPJQHOFFAV47DA,36,97.19,住家用,加強磚造,72年1月17日,二層,一層 二層 騎樓
RPPNMLMJQHOFFAV17DA,39,142.51,住家用,加強磚造,69年9月24日,二層,一層 二層 騎樓
RPRNMLMJQHOFFAV27CA,38,68.17,住家用,加強磚造,70年3月4日,二層,一層 二層 騎樓
RPVNMLMLQHOFFAV87CA,,239.00,見其他登記事項,見其他登記事項,108年5月22日,三層,一層 二層 三層 騎樓 見其他登記事項
RPPNMLRJQHOFFAV57CA,23,88.13,見其他登記事項,鋼筋混凝土造,85年6月28日,九層,三層
RPPNMLRJQHOFFAV57CA,23,9.21,見其他登記事項,鋼筋混凝土造,85年6月28日,九層,
RPPNMLRJQHOFFAV57CA,23,9.85,見其他登記事項,鋼筋混凝土造,85年6月28日,九層,
RPTNMLQJQHOFFAV87CA,26,28.06,見其他登記事項,鋼筋混凝土造,82年5月22日,十二層,六層
RPTNMLQJQHOFFAV87CA,26,3.34,共有部分,鋼筋混凝土造,82年5月22日,十二層,
RPTNMLQJQHOFFAV87CA,26,7.04,見其他登記事項,鋼筋混凝土造,82年5月22日,十二層,
RPPNMLOKQHOFFAV37CA,13,192.27,住家用,見其他登記事項,95年5月5日,三層,一層 二層 三層
RPROMLNKQHOFFAV57CA,19,162.97,住家用,鋼筋混凝土造,89年10月31日,三層,一層 二層 三層
RPTNMLMJQHOFFAV47CA,4,380.80,住家用,鋼筋混凝土造,104年10月2日,四層,一層 二層 三層 四層
RPRNMLNKQHOFFAV57DA,24,181.83,住家用,鋼筋混凝土造,85年1月3日,三層,一層 二層 三層
RPVNMLRJQHOFFAV18CA,2,171.28,住家用,見其他登記事項,106年12月21日,三層,一層 二層 三層
RPTQMLQJQHOFFAV18CA,47,85.40,住家用,見其他登記事項,61年7月20日,二層,一層 二層 騎樓
RPQNMLQJQHOFFBV67CA,34,105.71,住家用,加強磚造,74年6月30日,二層,一層 二層 騎樓
RPQNMLPJQHOFFBV57CA,29,125.77,住家用,加強磚造,79年12月12日,二層,一層 二層
RPSNMLNKQHOFFAV57CA,43,93.28,住家用,見其他登記事項,65年3月23日,二層,一層 二層 騎樓
RPSNMLRJQHOFFAV97DA,25,175.60,農舍,加強磚造,83年10月20日,一層,一層
RPSQMLQJQHOFFAV08CA,39,88.44,住家用,加強磚造,69年6月2日,二層,一層 二層
RPPOMLMLQHOFFAV37CA,38,97.18,住家用,加強磚造,70年4月17日,二層,一層 二層
RPPNMLNLQHOFFAV37CA,23,294.96,住商用,鋼筋混凝土造,85年3月20日,四層,一層 二層 三層 四層
RPPOMLNKQHOFFAV37CA,2,264.14,見其他登記事項,見其他登記事項,106年10月31日,四層,一層 二層 三層 四層 見其他登記事項
RPWNMLRJQHOFFAV38DA,,153.39,見其他登記事項,見其他登記事項,107年11月30日,二層,一層 二層 見其他登記事項
RPRNMLOKQHOFFAV57CA,5,922.58,見其他登記事項,見其他登記事項,103年8月6日,一層,一層 見其他登記事項
RPQOMLNKQHOFFAV47CA,2,264.14,見其他登記事項,見其他登記事項,106年10月31日,四層,一層 二層 三層 四層 見其他登記事項
RPTNMLQKQHOFFAV97CA,,214.13,見其他登記事項,見其他登記事項,108年4月9日,三層,一層 二層 三層 屋頂突出物
RPPNMLKLQHOFFCV37DA,32,167.30,農舍,加強磚造,76年9月30日,一層,一層
RPXNMLRJQHOFFAV38CA,39,101.07,住家用,加強磚造,69年7月10日,二層,一層 二層 騎樓
RPPNMLTJQHOFFAV77CA,40,102.08,住家用,加強磚造,68年5月22日,二層,一層 二層 騎樓
RPUNMLSJQHOFFAV18CA,45,144.82,住家用,見其他登記事項,63年6月29日,二層,一層 二層 騎樓
RPPNMLMKQHOFFAV17CA,38,159.72,住家用,鋼筋混凝土造,70年12月15日,三層,一層 二層 三層 騎樓
RPPNMLLKQHOFFAV07CA,35,94.50,住家用,加強磚造,73年6月11日,二層,一層 二層 騎樓
RPTNMLMLQHOFFAV67CA,25,9.54,住商用,鋼筋混凝土造,83年6月1日,三層,
RPTNMLMLQHOFFAV67CA,25,83.80,見其他登記事項,鋼筋混凝土造,83年6月1日,三層,三層
RPRNMLMKQHOFFAV37CA,33,121.27,住家用,加強磚造,75年11月10日,二層,一層 二層
RPRNMLSJQHOFFAV87CA,25,381.83,農舍,見其他登記事項,83年10月24日,一層,一層
RPSNMLMKQHOFFAV47CA,,188.43,見其他登記事項,見其他登記事項,108年4月24日,三層,一層 二層 三層
RPSNMLRLQHOFFDV38CA,25,6.07,見其他登記事項,鋼筋混凝土造,83年9月30日,八層,
RPSNMLRLQHOFFDV38CA,25,31.54,見其他登記事項,鋼筋混凝土造,83年9月30日,八層,五層
RPTNMLNJRHOFFAV67CA,41,65.24,住家用,見其他登記事項,67年10月1日,一層,一層
