﻿編號,土地區段位置,土地移轉面積平方公尺,使用分區或編定
The serial number,land sector position,land shifting area square meter,the use zoning or compiles and checks
RPUNMLPKNHOFFAX87CA,文東段,96.38,非都市：鄉村區 ; 非都市編定：乙種建築用地
RPRNMLPKNHOFFAX57CA,五福段,10.00,非都市：鄉村區 ; 非都市編定：乙種建築用地
RPOOMLPKNHOFFAX37CA,赤崁中段,1530.45,非都市：一般農業區 ; 非都市編定：農牧用地
RPRNMLRKNHOFFAX77CA,埕中段,49.09,都市：住
RPTNMLLLNHOFFAX47CA,七美二段,75.33,非都市：一般農業區 ; 非都市編定：甲種建築用地
RPTNMLLLNHOFFAX47CA,七美二段,248.10,非都市：一般農業區 ; 非都市編定：農牧用地
RPXNMLLLNHOFFAX87CA,烏崁新段,131.13,非都市：鄉村區 ; 非都市編定：乙種建築用地
RPXNMLLLNHOFFAX87CA,烏崁新段,44.16,非都市：鄉村區 ; 非都市編定：乙種建築用地
RPSPMLOKNHOFFAX77CA,上瓦硐段,1474.52,非都市：一般農業區 ; 非都市編定：農牧用地
RPSNMLPKNHOFFAX77DA,馬公段,18.00,都市：商
RPSNMLPKNHOFFAX77DA,馬公段,14.50,都市：其他
RPQNMLTKNHOFFAX87CA,馬公段,97.00,都市：商
RPSNMLOKNHOFFAX67DA,埕西段,78.02,都市：住
RPSNMLOLNHOFFAX77DA,四維段,221.39,非都市：鄉村區 ; 非都市編定：乙種建築用地
RPQNMLRKNHOFFAX77DA,北寮新段,335.36,非都市：一般農業區 ; 非都市編定：農牧用地
RPQNMLMLNHOFFAX27CA,龍門南段,47.69,非都市：鄉村區 ; 非都市編定：乙種建築用地
RPPNMLLLNHOFFAX07CA,後寮段,529.00,非都市：一般農業區 ; 非都市編定：農牧用地
RPQNMLTLNHOFFAX97CA,外垵二段,81.83,非都市：鄉村區 ; 非都市編定：乙種建築用地
RPQNMLOLNHOFFAX47CA,鐵線段,120.08,非都市：鄉村區 ; 非都市編定：乙種建築用地
RPPNMLTKNHOFFAX77CA,文東段,87.15,非都市：鄉村區 ; 非都市編定：乙種建築用地
RPSNMLRLNHOFFAX97CA,烏崁新段,119.13,非都市：鄉村區 ; 非都市編定：乙種建築用地
RPPOMLLLNHOFFAX27DA,烏崁新段,.66,非都市：鄉村區 ; 非都市編定：乙種建築用地
RPPOMLLLNHOFFAX27DA,烏崁新段,22.31,非都市：鄉村區 ; 非都市編定：乙種建築用地
RPPNMLRLNHOFFAX77DA,安宅段,88.03,非都市：一般農業區 ; 非都市編定：農牧用地
RPPNMLRLNHOFFAX77DA,安宅段,31.30,非都市：一般農業區 ; 非都市編定：農牧用地
RPWNMLKKOHOFFAX77DA,赤崁中段,812.46,非都市：一般農業區 ; 非都市編定：農牧用地
RPWNMLLKOHOFFAX77CA,雙湖段,330.01,非都市：一般農業區 ; 非都市編定：農牧用地
RPRNMLOLNHOFFAX67DA,鎖港西段,249.27,非都市：一般農業區 ; 非都市編定：農牧用地
RPRNMLOLNHOFFAX67DA,鎖港西段,678.76,都市：農
RPPNMLPLNHOFFAX57DA,許家段,130.73,非都市：一般農業區 ; 非都市編定：農牧用地
RPRNMLRLNHOFFAX87CA,中山段,85.64,都市：住
RPRNMLRLNHOFFAX87CA,中山段,13.38,都市：住
RPVNMLLLNHOFFAX77DA,馬公段,9.06,都市：住
RPVNMLLLNHOFFAX77DA,馬公段,.94,都市：住
RPPNMLNLNHOFFAX27CA,鐵線段,213.70,非都市：一般農業區 ; 非都市編定：農牧用地
RPPNMLNLNHOFFAX27CA,鐵線段,213.70,非都市：一般農業區 ; 非都市編定：農牧用地
RPPNMLOLNHOFFAX37CA,龍門南段,625.83,非都市：一般農業區 ; 非都市編定：農牧用地
RPQNMLSLNHOFFAX87CA,成功南段,40.93,非都市：一般農業區 ; 非都市編定：交通用地
RPQNMLSLNHOFFAX87CA,成功南段,179.52,非都市：一般農業區 ; 非都市編定：農牧用地
RPTNMLLMNHOFFAX57CA,講美段,52.23,非都市：鄉村區 ; 非都市編定：乙種建築用地
RPRNMLPLNHOFFAX67CA,東澳段,26.04,都市：住
RPRNMLKMNHOFFAX27CA,東衛段,452.74,非都市：鄉村區 ; 非都市編定：乙種建築用地
RPPNMLTLNHOFFAX87CA,文澳段,107.00,都市：住
RPQNMLOJOHOFFAX37CA,鼎灣新段,1321.95,非都市：一般農業區 ; 非都市編定：農牧用地
RPPNMLOJOHOFFAX27CA,鼎灣新段,264.39,非都市：一般農業區 ; 非都市編定：農牧用地
RPQNMLLMNHOFFAX27CA,許家段,273.77,非都市：一般農業區 ; 非都市編定：甲種建築用地
RPQNMLLMNHOFFAX27CA,許家段,23.95,非都市：一般農業區 ; 非都市編定：交通用地
RPPNMLQJOHOFFAX67EA,葉新段,1048.69,非都市：一般農業區 ; 非都市編定：農牧用地
RPUNMLLMNHOFFAX67CA,東衛段,94.20,非都市：鄉村區 ; 非都市編定：乙種建築用地
RPRNMLTLNHOFFAX08CA,通梁東段,1159.61,非都市：風景區 ; 非都市編定：農牧用地
RPUNMLPJOHOFFAX87CA,四維段,224.81,都市：農
RPUNMLPJOHOFFAX87CA,五福段,173.07,非都市：一般農業區 ; 非都市編定：農牧用地
RPTNMLLKOHOFFAX47CA,光華段,66.65,非都市：一般農業區 ; 非都市編定：甲種建築用地
RPPNMLRKOHOFFAX67CA,東澳段,115.57,都市：住
RPRNMLQJOHOFFAX67CA,埕中段,28.93,都市：住
RPSNMLQJOHOFFAX77CA,文光段,25.11,都市：住
RPSNMLQJOHOFFAX77CA,文光段,3.25,都市：住
RPTNMLRKOHOFFAX08CA,東澳段,123.88,都市：住
RPOOMLOJOHOFFAX27CA,後寮段,17.67,非都市：鄉村區 ; 非都市編定：乙種建築用地
RPXNMLOJOHOFFAX08CA,文石段,131.57,非都市：一般農業區 ; 非都市編定：甲種建築用地
RPVNMLOJOHOFFAX87CA,東衛段,124.29,非都市：鄉村區 ; 非都市編定：乙種建築用地
RPSNMLKLOHOFFAX47DA,中衛段,204.96,非都市：一般農業區 ; 非都市編定：甲種建築用地
RPSNMLKLOHOFFAX47DA,中衛段,51.51,非都市：一般農業區 ; 非都市編定：交通用地
RPWNMLOJOHOFFAX08DA,池東段,210.20,非都市：鄉村區 ; 非都市編定：乙種建築用地
RPVNMLKKOHOFFAX67DA,文石段,33.43,都市：住
RPVNMLKKOHOFFAX67DA,文石段,13.48,都市：住
RPQNMLPJOHOFFAX47CA,鐵線段,242.03,非都市：一般農業區 ; 非都市編定：農牧用地
RPTNMLOJOHOFFAX77DA,西溪新段,187.58,非都市：鄉村區 ; 非都市編定：乙種建築用地
RPQNMLNLOHOFFAX47CA,西澳段,121.92,都市：住
SPQNMLNLOHOFFAX57CA,西澳段,121.92,都市：住
RPVNMLPJOHOFFAX97CA,湖東新段,432.01,非都市：一般農業區 ; 非都市編定：農牧用地
RPWNMLPJOHOFFAX08CA,五福段,332.83,非都市：一般農業區 ; 非都市編定：農牧用地
RPPNMLPJOHOFFAX47DA,文化段,22.66,都市：住
RPPNMLPJOHOFFAX47DA,文化段,28.12,都市：住
RPTNMLPJOHOFFAX77CA,春暉段,97.11,都市：住
RPTNMLOLOHOFFAX87CA,竹灣段,70.13,非都市：一般農業區 ; 非都市編定：甲種建築用地
RPTNMLOLOHOFFAX87CA,二崁北段,97.21,都市：其他
RPTNMLOLOHOFFAX87CA,二崁北段,79.14,都市：其他
RPTNMLOLOHOFFAX87CA,二崁北段,117.82,都市：其他
RPPNMLPLOHOFFAX57CA,五福段,52.78,非都市：一般農業區 ; 非都市編定：交通用地
RPPNMLPLOHOFFAX57CA,五福段,166.09,非都市：一般農業區 ; 非都市編定：甲種建築用地
RPUNMLRKOHOFFAX18CA,中衛段,173.84,非都市：一般農業區 ; 非都市編定：農牧用地
RPUNMLRKOHOFFAX18CA,中衛段,172.34,非都市：一般農業區 ; 非都市編定：農牧用地
RPUNMLRKOHOFFAX18CA,中衛段,171.76,非都市：一般農業區 ; 非都市編定：農牧用地
RPUNMLRKOHOFFAX18CA,中衛段,173.61,非都市：一般農業區 ; 非都市編定：農牧用地
RPXNMLLKOHOFFAX87CA,五福段,323.04,非都市：一般農業區 ; 非都市編定：農牧用地
RPUNMLRJQHOFFAX28CA,文寮段,1537.38,非都市：一般農業區 ; 非都市編定：農牧用地
RPUNMLLKOHOFFAX57CA,湖西南段,63.18,非都市：鄉村區 ; 非都市編定：乙種建築用地
RPOOMLLKOHOFFAX07CA,埕東段,66.25,都市：住
RPRNMLLKOHOFFAX27CA,鐵線段,427.40,非都市：一般農業區 ; 非都市編定：農牧用地
RPRNMLLKOHOFFAX27CA,鐵線段,427.40,非都市：一般農業區 ; 非都市編定：農牧用地
RPPNMLNKOHOFFAX27CA,埕西段,20.28,都市：住
RPVNMLOKOHOFFAX08DA,東吉段,593.33,非都市：風景區 ; 非都市編定：農牧用地
RPVNMLOKOHOFFAX08DA,東吉段,583.50,非都市：風景區 ; 非都市編定：農牧用地
RPVNMLOKOHOFFAX08DA,東吉段,163.33,非都市：風景區 ; 非都市編定：農牧用地
RPVNMLOKOHOFFAX08DA,東吉段,152.83,非都市：風景區 ; 非都市編定：農牧用地
RPSNMLLKOHOFFAX37CA,北澳段,50.15,非都市：鄉村區 ; 非都市編定：乙種建築用地
RPSNMLOKOHOFFAX67CA,馬公段,18.38,都市：住
RPTNMLOKOHOFFAX77CA,烏崁新段,.12,非都市：鄉村區 ; 非都市編定：乙種建築用地
RPTNMLOKOHOFFAX77CA,烏崁新段,41.92,非都市：鄉村區 ; 非都市編定：乙種建築用地
RPTNMLOKOHOFFAX77CA,興仁段,75.59,非都市：鄉村區 ; 非都市編定：乙種建築用地
RPTNMLOKOHOFFAX77CA,興仁段,6.94,非都市：一般農業區 ; 非都市編定：交通用地
RPRNMLRKOHOFFAX97DA,南寮南段,2027.06,非都市：一般農業區 ; 非都市編定：農牧用地
RPVNMLRLOHOFFAX38CA,四維段,10.19,都市：其他
RPUNMLRLOHOFFAX28CA,四維段,467.96,非都市：一般農業區 ; 非都市編定：農牧用地
RPWNMLRLOHOFFAX48CA,四維段,83.21,都市：農
RPRNMLNJPHOFFAX47CA,光華段,332.03,非都市：一般農業區 ; 非都市編定：農牧用地
RPRNMLNJPHOFFAX47CA,光華段,212.02,非都市：一般農業區 ; 非都市編定：農牧用地
RPRNMLNJPHOFFAX47CA,光華段,225.02,非都市：一般農業區 ; 非都市編定：農牧用地
RPRNMLNJPHOFFAX47CA,光華段,217.02,非都市：一般農業區 ; 非都市編定：農牧用地
RPRNMLNJPHOFFAX47CA,光華段,212.02,非都市：一般農業區 ; 非都市編定：農牧用地
RPRNMLNJPHOFFAX47CA,光華段,314.02,非都市：一般農業區 ; 非都市編定：農牧用地
RPRNMLNJPHOFFAX47CA,光華段,238.02,非都市：一般農業區 ; 非都市編定：農牧用地
RPRNMLNJPHOFFAX47CA,光華段,219.02,非都市：一般農業區 ; 非都市編定：農牧用地
RPRNMLNJPHOFFAX47CA,光華段,207.02,非都市：一般農業區 ; 非都市編定：農牧用地
RPRNMLNJPHOFFAX47CA,光華段,208.02,非都市：一般農業區 ; 非都市編定：農牧用地
RPRNMLNJPHOFFAX47CA,光華段,224.02,非都市：一般農業區 ; 非都市編定：農牧用地
RPQNMLSKOHOFFAX97DA,海堤段,17.98,都市：住
RPQNMLSKOHOFFAX97DA,海堤段,107.07,都市：住
RPSNMLRKOHOFFAX97CA,後寮段,407.00,非都市：一般農業區 ; 非都市編定：農牧用地
RPTNMLRLOHOFFAX18CA,四維段,3.64,都市：農
RPPNMLSKOHOFFAX77CA,東澳段,2.00,都市：住
RPPNMLSKOHOFFAX77CA,東澳段,30.21,都市：住
RPPNMLMKOHOFFAX17CA,國宅段,56.68,都市：住
RPPNMLMKOHOFFAX17CA,國宅段,56.68,都市：住
RPRNMLOKOHOFFAX57CA,許家段,1589.43,非都市：一般農業區 ; 非都市編定：農牧用地
RPPNMLOKOHOFFAX37CA,山水東段,350.42,非都市：一般農業區 ; 非都市編定：農牧用地
RPPNMLNLOHOFFAX37CA,許家段,796.49,非都市：一般農業區 ; 非都市編定：農牧用地
RPPNMLNLOHOFFAX37CA,許家段,796.50,非都市： ; 非都市編定：
RPPNMLNLOHOFFAX37CA,許家段,796.49,非都市： ; 非都市編定：
RPPNMLNLOHOFFAX37CA,許家段,796.50,非都市： ; 非都市編定：
RPPNMLNLOHOFFAX37CA,許家段,500.26,非都市： ; 非都市編定：
RPPNMLNLOHOFFAX37CA,許家段,796.49,非都市： ; 非都市編定：
RPPNMLNLOHOFFAX37CA,許家段,796.50,非都市： ; 非都市編定：
RPPNMLNLOHOFFAX37CA,許家段,796.49,非都市： ; 非都市編定：
RPPNMLNLOHOFFAX37CA,許家段,796.50,非都市： ; 非都市編定：
RPPNMLNLOHOFFAX37CA,許家段,1780.30,非都市：一般農業區 ; 非都市編定：農牧用地
RPPNMLNLOHOFFAX37CA,許家段,161.40,非都市：一般農業區 ; 非都市編定：交通用地
RPTNMLSKOHOFFAX28DA,安宅段,198.06,非都市：一般農業區 ; 非都市編定：農牧用地
RPTNMLSKOHOFFAX28DA,安宅段,70.43,非都市：一般農業區 ; 非都市編定：農牧用地
RPQNMLSJPHOFFAX87CA,鼎灣新段,20.95,非都市：一般農業區 ; 非都市編定：交通用地
RPQNMLSJPHOFFAX87CA,鼎灣新段,1669.94,非都市：一般農業區 ; 非都市編定：農牧用地
RPUNMLTKOHOFFAX48DA,紅羅段,402.40,非都市：一般農業區 ; 非都市編定：農牧用地
RPRNMLSKOHOFFAX97CA,六合段,177.71,非都市：一般農業區 ; 非都市編定：甲種建築用地
RPRNMLSKOHOFFAX97CA,六合段,34.36,非都市：一般農業區 ; 非都市編定：交通用地
RPUNMLOKOHOFFAX87CA,光華段,64.25,非都市：一般農業區 ; 非都市編定：甲種建築用地
RPVNMLTKOHOFFAX48CA,文光段,26.93,都市：住
RPVNMLTKOHOFFAX48CA,文光段,3.49,都市：住
RPRNMLMJPHOFFAX37CA,文澳段,86.00,都市：商
RPVNMLSKOHOFFAX48DA,太武新段,58.11,非都市：一般農業區 ; 非都市編定：甲種建築用地
RPVNMLSKOHOFFAX48DA,太武新段,92.60,非都市：一般農業區 ; 非都市編定：農牧用地
RPRNMLOLOHOFFAX67CA,大嶼段,1202.00,非都市：一般農業區 ; 非都市編定：農牧用地
RPRNMLOLOHOFFAX67CA,大嶼段,655.00,非都市：一般農業區 ; 非都市編定：農牧用地
RPWNMLLLOHOFFAX87CA,埕西段,166.54,都市：住
RPQNMLKMOHOFFAX27CA,紅羅段,1092.68,非都市：一般農業區 ; 非都市編定：農牧用地
RPQNMLLKPHOFFAX27CA,五福段,732.23,非都市：一般農業區 ; 非都市編定：農牧用地
RPQNMLLKPHOFFAX27CA,五福段,408.57,非都市：一般農業區 ; 非都市編定：農牧用地
RPQNMLLKPHOFFAX27CA,五福段,223.02,非都市：一般農業區 ; 非都市編定：農牧用地
RPPNMLOLOHOFFAX47CA,沙港北段,307.39,非都市：一般農業區 ; 非都市編定：農牧用地
RPQNMLTKOHOFFAX97CA,竹灣段,1656.91,非都市：一般農業區 ; 非都市編定：農牧用地
RPPOMLLLOHOFFAX27CA,東衛段,187.75,非都市：一般農業區 ; 非都市編定：甲種建築用地
RPPOMLLLOHOFFAX27CA,東衛段,69.44,非都市：一般農業區 ; 非都市編定：交通用地
RPTNMLKLOHOFFAX47CA,城北段,293.54,非都市：一般農業區 ; 非都市編定：農牧用地
RPTNMLKLOHOFFAX47CA,城北段,293.54,非都市：一般農業區 ; 非都市編定：農牧用地
RPPNMLKLOHOFFAX07CA,馬公段,75.00,都市：商
RPPNMLKLOHOFFAX07CA,馬公段,75.00,都市：商
RPTNMLTKOHOFFAX28CA,西澳段,113.75,都市：住
RPQNMLPLOHOFFAX67CA,赤崁北段,546.27,非都市：一般農業區 ; 非都市編定：農牧用地
RPQNMLPLOHOFFAX67CA,赤崁北段,273.14,非都市：一般農業區 ; 非都市編定：農牧用地
RPQNMLPLOHOFFAX67CA,赤崁北段,273.14,非都市：一般農業區 ; 非都市編定：農牧用地
RPRNMLRLOHOFFAX97CA,北極段,218.86,都市：住
RPRNMLKKPHOFFAX37DA,吉貝東段,2551.00,非都市：一般農業區 ; 非都市編定：農牧用地
RPQNMLKKPHOFFAX17CA,隘門新段,15.89,非都市：鄉村區 ; 非都市編定：乙種建築用地
RPQNMLKKPHOFFAX17CA,隘門新段,79.19,非都市：鄉村區 ; 非都市編定：乙種建築用地
RPQNMLRLOHOFFAX87CA,七美一段,368.02,非都市：一般農業區 ; 非都市編定：農牧用地
RPQNMLPKPHOFFAX67CA,大嶼段,95.75,非都市：一般農業區 ; 非都市編定：農牧用地
RPOOMLRKPHOFFAX77CA,興崁段,980.26,非都市：一般農業區 ; 非都市編定：農牧用地
RPPNMLSLOHOFFAX87CA,四維段,226.05,都市：農
RPSNMLNJPHOFFAX57CA,七美一段,227.34,非都市：一般農業區 ; 非都市編定：農牧用地
RPUNMLSJPHOFFAX38DA,馬公段,8.56,都市：商
RPRNMLSJPHOFFAX97CA,成功南段,204.85,非都市：一般農業區 ; 非都市編定：甲種建築用地
RPRNMLSJPHOFFAX97CA,成功南段,49.80,非都市：一般農業區 ; 非都市編定：交通用地
RPSNMLPLOHOFFAX87CA,光華段,163.75,非都市：一般農業區 ; 非都市編定：甲種建築用地
RPSNMLPLOHOFFAX87CA,光華段,23.92,非都市：一般農業區 ; 非都市編定：交通用地
RPSNMLPLOHOFFAX87CA,光華段,4.64,非都市：一般農業區 ; 非都市編定：交通用地
RPPNMLQLOHOFFAX67CA,興崁段,116.18,非都市：一般農業區 ; 非都市編定：農牧用地
RPVNMLSJPHOFFAX48DA,馬公段,.53,都市：商
RPQNMLNLPHOFFAX57CA,五福段,2492.40,非都市：一般農業區 ; 非都市編定：農牧用地
RPQNMLQLOHOFFAX77CA,埕西段,75.49,都市：住
RPRNMLPLOHOFFAX77CA,東澳段,126.87,都市：住
RPXNMLOJPHOFFAX28DA,中衛段,304.34,都市：農
RPXNMLOJPHOFFAX28DA,中衛段,19.82,都市：農
RPVNMLNJPHOFFAX97DA,馬公段,4.00,都市：住
RPQNMLOJPHOFFAX57DA,七美二段,144.94,非都市：一般農業區 ; 非都市編定：農牧用地
RPQNMLOJPHOFFAX57DA,七美二段,196.73,非都市：一般農業區 ; 非都市編定：農牧用地
RPSNMLRLOHOFFAX08CA,文東段,152.40,非都市：一般農業區 ; 非都市編定：農牧用地
RPUNMLNJPHOFFAX77CA,烏崁新段,71.13,非都市：鄉村區 ; 非都市編定：乙種建築用地
RPXNMLRKPHOFFAX58CA,雙湖段,10.80,非都市：鄉村區 ; 非都市編定：乙種建築用地
SPUNMLNJPHOFFAX87CA,興崁段,568.32,非都市：一般農業區 ; 非都市編定：農牧用地
RPQNMLSLOHOFFAX97CA,許家段,417.01,非都市：一般農業區 ; 非都市編定：農牧用地
RPWNMLNJPHOFFAX97CA,埕西段,70.00,都市：住
RPWNMLNJPHOFFAX97CA,埕西段,70.00,都市：住
RPPNMLQKPHOFFAX77DA,馬公段,.53,都市：商
TPUNMLNJPHOFFAX97CA,烏崁新段,106.78,非都市：鄉村區 ; 非都市編定：乙種建築用地
RPPNMLKMOHOFFAX17CA,海堤段,95.74,都市：住
RPPNMLKMOHOFFAX17CA,海堤段,95.56,都市：住
RPQPMLRKPHOFFAX08CA,雙湖段,10.80,非都市：鄉村區 ; 非都市編定：乙種建築用地
RPUOMLRKPHOFFAX38CA,雙湖段,19.88,非都市：鄉村區 ; 非都市編定：乙種建築用地
RPPPMLRKPHOFFAX97CA,雙湖段,20.04,非都市：鄉村區 ; 非都市編定：乙種建築用地
RPTOMLRKPHOFFAX28CA,雙湖段,21.88,非都市：鄉村區 ; 非都市編定：乙種建築用地
RPOPMLRKPHOFFAX87CA,雙湖段,10.80,非都市：鄉村區 ; 非都市編定：乙種建築用地
RPVOMLRKPHOFFAX48CA,雙湖段,10.80,非都市：鄉村區 ; 非都市編定：乙種建築用地
RPQOMLRKPHOFFAX97CA,雙湖段,21.88,非都市：鄉村區 ; 非都市編定：乙種建築用地
RPROMLRKPHOFFAX08CA,雙湖段,10.80,非都市：鄉村區 ; 非都市編定：乙種建築用地
RPPOMLRKPHOFFAX87CA,雙湖段,20.04,非都市：鄉村區 ; 非都市編定：乙種建築用地
RPSOMLRKPHOFFAX18CA,雙湖段,20.04,非都市：鄉村區 ; 非都市編定：乙種建築用地
RPSNMLKKPHOFFAX37CA,大嶼段,570.00,非都市：一般農業區 ; 非都市編定：農牧用地
RPTNMLNJPHOFFAX67CA,興仁段,152.70,非都市：一般農業區 ; 非都市編定：甲種建築用地
RPTNMLNJPHOFFAX67CA,興仁段,47.30,非都市：一般農業區 ; 非都市編定：交通用地
RPRNMLPKPHOFFAX77CA,南寮南段,1525.11,非都市：一般農業區 ; 非都市編定：農牧用地
RPRPMLRKPHOFFAX18CA,雙湖段,21.88,非都市：鄉村區 ; 非都市編定：乙種建築用地
RPXOMLRKPHOFFAX68CA,雙湖段,19.88,非都市：鄉村區 ; 非都市編定：乙種建築用地
RPPNMLNJPHOFFAX27CA,五福段,64.87,非都市：鄉村區 ; 非都市編定：乙種建築用地
RPPNMLNJPHOFFAX27CA,五福段,11.18,非都市：鄉村區 ; 非都市編定：乙種建築用地
RPWOMLRKPHOFFAX58CA,雙湖段,21.88,非都市：鄉村區 ; 非都市編定：乙種建築用地
RPPNMLLKPHOFFAX17CA,外垵二段,179.16,非都市：一般農業區 ; 非都市編定：農牧用地
RPTNMLOJPHOFFAX77CA,城北段,174.84,非都市：一般農業區 ; 非都市編定：農牧用地
RPTNMLOJPHOFFAX77CA,城北段,154.17,非都市：一般農業區 ; 非都市編定：農牧用地
RPTNMLOJPHOFFAX77CA,城北段,162.30,非都市：一般農業區 ; 非都市編定：農牧用地
RPTNMLOJPHOFFAX77CA,城北段,165.61,非都市：一般農業區 ; 非都市編定：農牧用地
RPTNMLOJPHOFFAX77CA,城北段,174.01,非都市：一般農業區 ; 非都市編定：農牧用地
RPTNMLOJPHOFFAX77CA,城北段,164.65,非都市：一般農業區 ; 非都市編定：農牧用地
RPTNMLOJPHOFFAX77CA,城北段,39.73,非都市：一般農業區 ; 非都市編定：交通用地
RPTNMLOJPHOFFAX77CA,城北段,39.73,非都市：一般農業區 ; 非都市編定：交通用地
RPTNMLOJPHOFFAX77CA,城北段,39.73,非都市：一般農業區 ; 非都市編定：交通用地
RPTNMLOJPHOFFAX77CA,城北段,39.73,非都市：一般農業區 ; 非都市編定：交通用地
RPTNMLOJPHOFFAX77CA,城北段,39.73,非都市：一般農業區 ; 非都市編定：交通用地
RPTNMLOJPHOFFAX77CA,城北段,39.73,非都市：一般農業區 ; 非都市編定：交通用地
RPQNMLLMPHOFFAX47CA,東衛段,3258.38,非都市：一般農業區 ; 非都市編定：農牧用地
RPQNMLMJPHOFFAX37DA,林投北段,671.24,非都市：一般農業區 ; 非都市編定：農牧用地
RPQNMLPJPHOFFAX67DA,興崁段,557.05,非都市：一般農業區 ; 非都市編定：農牧用地
RPQNMLPJPHOFFAX67DA,興崁段,510.88,非都市：一般農業區 ; 非都市編定：農牧用地
RPPNMLMLPHOFFAX47DA,七美二段,763.97,非都市：一般農業區 ; 非都市編定：農牧用地
RPPNMLOJPHOFFAX37CA,成功南段,464.03,非都市：一般農業區 ; 非都市編定：農牧用地
RPSNMLOJPHOFFAX77DA,七美二段,113.02,非都市：一般農業區 ; 非都市編定：農牧用地
RPSNMLOJPHOFFAX77DA,七美二段,225.94,非都市：一般農業區 ; 非都市編定：農牧用地
RPUNMLOJPHOFFAX87CA,文光段,25.11,都市：住
RPUNMLOJPHOFFAX87CA,文光段,3.25,都市：住
RPTNMLRKPHOFFAX18CA,西澳段,113.75,都市：住
RPQNMLTJPHOFFAX97CA,光華段,63.91,非都市：一般農業區 ; 非都市編定：甲種建築用地
RPRNMLPJPHOFFAX77DA,文光段,26.85,都市：住
RPRNMLPJPHOFFAX77DA,文光段,3.47,都市：住
RPSNMLRKPHOFFAX08CA,上瓦硐段,637.39,非都市：一般農業區 ; 非都市編定：農牧用地
RPSNMLRKPHOFFAX08CA,上瓦硐段,4.92,非都市：一般農業區 ; 非都市編定：交通用地
RPVNMLOJPHOFFAX97CA,光華段,188.11,非都市：一般農業區 ; 非都市編定：農牧用地
RPVNMLOJPHOFFAX97CA,光華段,57.52,非都市：一般農業區 ; 非都市編定：交通用地
RPWNMLOJPHOFFAX08CA,大池段,271.66,非都市：一般農業區 ; 非都市編定：農牧用地
RPRNMLTJPHOFFAX08CA,興仁南段,879.37,非都市：風景區 ; 非都市編定：農牧用地
RPPNMLRKPHOFFAX87DA,沙港北段,78.10,非都市：鄉村區 ; 非都市編定：乙種建築用地
RPTNMLTLPHOFFAX58DA,東吉段,121.25,非都市：鄉村區 ; 非都市編定：乙種建築用地
RPSNMLSJPHOFFAX08CA,講美段,150.01,非都市：一般農業區 ; 非都市編定：農牧用地
RPTNMLSJPHOFFAX18CA,講美段,308.80,非都市：一般農業區 ; 非都市編定：農牧用地
RPTNMLSJPHOFFAX18CA,講美段,308.80,非都市：一般農業區 ; 非都市編定：農牧用地
RPPNMLKMPHOFFAX37DA,馬公段,73.00,都市：商
RPPNMLKMPHOFFAX37DA,馬公段,1.00,都市：商
RPPNMLKMPHOFFAX37DA,馬公段,1.00,都市：商
RPSNMLTJPHOFFAX18CA,湖東新段,140.06,非都市：一般農業區 ; 非都市編定：農牧用地
RPTNMLTJPHOFFAX28CA,馬公段,93.00,都市：住
RPTNMLTJPHOFFAX28CA,馬公段,550.00,都市：住
RPTNMLTJPHOFFAX28CA,馬公段,19.00,都市：住
RPTNMLTJPHOFFAX28CA,馬公段,137.00,都市：住
RPSNMLPKPHOFFAX87CA,埕東段,86.23,都市：住
RPQNMLMKPHOFFAX37CA,鐵線段,192.65,非都市：一般農業區 ; 非都市編定：甲種建築用地
RPQNMLMKPHOFFAX37CA,鐵線段,6.07,非都市：一般農業區 ; 非都市編定：交通用地
RPQNMLMKPHOFFAX37CA,鐵線段,35.43,非都市：一般農業區 ; 非都市編定：交通用地
RPRNMLLKPHOFFAX47DA,光榮段,6.61,都市：住
RPRNMLRKPHOFFAX97CA,東澳段,1.70,都市：住
RPRNMLRKPHOFFAX97CA,東澳段,48.47,都市：住
RPRNMLMKPHOFFAX47CA,四維段,107.14,非都市：鄉村區 ; 非都市編定：乙種建築用地
RPRNMLTKPHOFFAX28DA,潭邊新段,15.20,非都市：鄉村區 ; 非都市編定：乙種建築用地
RPVNMLTKPHOFFAX58CA,大嶼段,440.67,非都市：一般農業區 ; 非都市編定：農牧用地
RPVNMLTKPHOFFAX58CA,大嶼段,24.00,非都市：一般農業區 ; 非都市編定：農牧用地
RPRNMLOLPHOFFAX87DA,湖東新段,120.73,非都市：一般農業區 ; 非都市編定：農牧用地
RPUNMLRKPHOFFAX28CA,馬公段,34.00,都市：商
RPSNMLTKPHOFFAX28CA,二崁南段,.10,都市：其他
RPSNMLTKPHOFFAX28CA,二崁南段,171.32,都市：住
RPSNMLTKPHOFFAX28CA,二崁南段,.98,都市：其他
RPQNMLTKPHOFFAX08CA,光榮段,16.35,都市：商
RPUNMLTKPHOFFAX48CA,雙湖段,19.88,非都市：鄉村區 ; 非都市編定：乙種建築用地
RPPNMLOLPHOFFAX57CA,四維段,97.65,非都市：一般農業區 ; 非都市編定：甲種建築用地
RPOOMLSKPHOFFAX97DA,東石新段,619.96,非都市：一般農業區 ; 非都市編定：農牧用地
RPOOMLSKPHOFFAX97DA,東石新段,681.10,非都市：一般農業區 ; 非都市編定：農牧用地
RPPOMLSKPHOFFAX97CA,赤崁中段,694.54,非都市：一般農業區 ; 非都市編定：農牧用地
RPWNMLSKPHOFFAX58CA,葉新段,1049.02,非都市：一般農業區 ; 非都市編定：農牧用地
RPQNMLSKPHOFFAX97CA,雙湖段,22.10,非都市：鄉村區 ; 非都市編定：乙種建築用地
RPPNMLSKPHOFFAX87CA,雙湖段,19.21,非都市：鄉村區 ; 非都市編定：乙種建築用地
RPUNMLSKPHOFFAX38CA,雙湖段,22.10,非都市：鄉村區 ; 非都市編定：乙種建築用地
RPRNMLSKPHOFFAX08CA,雙湖段,21.88,非都市：鄉村區 ; 非都市編定：乙種建築用地
RPQOMLSKPHOFFAX08CA,文光段,25.52,都市：住
RPQOMLSKPHOFFAX08CA,文光段,3.30,都市：住
RPSNMLSKPHOFFAX18CA,雙湖段,19.88,非都市：鄉村區 ; 非都市編定：乙種建築用地
RPWNMLTKPHOFFAX68CA,紅羅段,806.90,非都市：一般農業區 ; 非都市編定：農牧用地
RPQNMLMLPHOFFAX47CA,花宅段,750.00,非都市：風景區 ; 非都市編定：丁種建築用地
RPPNMLMJQHOFFAX27CA,文光段,31.40,都市：住
RPPNMLNLPHOFFAX47CA,鐵線段,1202.89,非都市：一般農業區 ; 非都市編定：農牧用地
RPPNMLTLPHOFFAX08CA,赤馬二段,386.81,非都市：一般農業區 ; 非都市編定：農牧用地
RPRNMLMLPHOFFAX57CA,內垵三段,262.04,非都市：一般農業區 ; 非都市編定：農牧用地
RPQNMLPLPHOFFAX77CA,風櫃西段,182.15,非都市：鄉村區 ; 非都市編定：乙種建築用地
RPVNMLTLPHOFFAX68CA,文石段,21.33,非都市：一般農業區 ; 非都市編定：交通用地
RPVNMLTLPHOFFAX68CA,文石段,156.58,非都市：一般農業區 ; 非都市編定：甲種建築用地
RPPNMLQLPHOFFAX87DA,埕東段,.49,都市：住
RPPNMLQLPHOFFAX87DA,埕東段,12.00,都市：住
RPTNMLKMPHOFFAX67CA,四維段,76.45,非都市：鄉村區 ; 非都市編定：乙種建築用地
RPQNMLTLPHOFFAX28DA,後寮段,320.00,非都市：一般農業區 ; 非都市編定：農牧用地
RPSNMLKMPHOFFAX57CA,山水西段,2153.83,非都市：一般農業區 ; 非都市編定：農牧用地
RPPNMLLMPHOFFAX47DA,中山段,1.73,都市：農
RPQNMLQLPHOFFAX97DA,北寮新段,82.48,非都市：鄉村區 ; 非都市編定：乙種建築用地
RPRNMLKMPHOFFAX57DA,龍門南段,33.41,非都市：鄉村區 ; 非都市編定：乙種建築用地
RPUNMLTLPHOFFAX58CA,馬公段,23.00,都市：商
RPVNMLPKQHOFFAX28CA,文東段,1119.39,非都市：一般農業區 ; 非都市編定：農牧用地
RPRNMLRJQHOFFAX97CA,成功南段,172.80,非都市：一般農業區 ; 非都市編定：甲種建築用地
RPRNMLRJQHOFFAX97CA,成功南段,42.81,非都市：一般農業區 ; 非都市編定：交通用地
RPRNMLNKQHOFFAX67CA,五德東段,19.42,非都市：一般農業區 ; 非都市編定：交通用地
RPRNMLNKQHOFFAX67CA,五德東段,328.77,非都市：一般農業區 ; 非都市編定：農牧用地
RPRNMLNKQHOFFAX67CA,五德東段,53.78,非都市：一般農業區 ; 非都市編定：交通用地
RPQNMLKMPHOFFAX47DA,下瓦硐段,453.74,非都市：一般農業區 ; 非都市編定：農牧用地
RPQNMLKMPHOFFAX47DA,赤崁西段,60.17,非都市：一般農業區 ; 非都市編定：農牧用地
RPQNMLKMPHOFFAX47DA,赤崁西段,106.56,非都市：一般農業區 ; 非都市編定：農牧用地
RPUNMLPKQHOFFAX18CA,講美段,329.60,非都市：一般農業區 ; 非都市編定：農牧用地
RPPNMLKLQHOFFAX27CA,國宅段,1433.91,非都市：一般農業區 ; 非都市編定：農牧用地
RPRNMLMJQHOFFAX47CA,講美段,1128.81,非都市：一般農業區 ; 非都市編定：農牧用地
RPQNMLRJQHOFFAX87CA,山水南段,178.14,非都市：鄉村區 ; 非都市編定：乙種建築用地
RPUNMLSJQHOFFAX38CA,文石段,22.22,都市：住
RPOOMLQJQHOFFAX67CA,安宅段,2.52,非都市：一般農業區 ; 非都市編定：農牧用地
RPOOMLQJQHOFFAX67CA,許家段,438.26,非都市：一般農業區 ; 非都市編定：農牧用地
RPOOMLQJQHOFFAX67CA,安宅段,214.56,非都市：一般農業區 ; 非都市編定：農牧用地
RPOOMLQJQHOFFAX67CA,安宅段,91.06,非都市：一般農業區 ; 非都市編定：農牧用地
RPOOMLQJQHOFFAX67CA,安宅段,359.47,非都市：一般農業區 ; 非都市編定：農牧用地
RPOOMLQJQHOFFAX67CA,安宅段,141.81,非都市：一般農業區 ; 非都市編定：農牧用地
RPOOMLQJQHOFFAX67CA,安宅段,81.30,非都市：一般農業區 ; 非都市編定：農牧用地
RPOOMLQJQHOFFAX67CA,安宅段,351.81,非都市：一般農業區 ; 非都市編定：農牧用地
RPOOMLQJQHOFFAX67CA,安宅段,595.31,非都市：一般農業區 ; 非都市編定：農牧用地
RPOOMLQJQHOFFAX67CA,安宅段,114.06,非都市：一般農業區 ; 非都市編定：農牧用地
RPOOMLQJQHOFFAX67CA,安宅段,263.06,非都市：一般農業區 ; 非都市編定：農牧用地
RPOOMLQJQHOFFAX67CA,安宅段,49.82,非都市：鄉村區 ; 非都市編定：乙種建築用地
RPOOMLQJQHOFFAX67CA,安宅段,28.68,非都市：鄉村區 ; 非都市編定：乙種建築用地
RPOOMLQJQHOFFAX67CA,安宅段,42.52,非都市：鄉村區 ; 非都市編定：乙種建築用地
RPOOMLQJQHOFFAX67CA,安宅段,278.28,非都市：一般農業區 ; 非都市編定：農牧用地
RPOOMLQJQHOFFAX67CA,安宅段,73.26,非都市：一般農業區 ; 非都市編定：農牧用地
RPPNMLLJQHOFFAX17CA,青螺新段,221.61,非都市：鄉村區 ; 非都市編定：乙種建築用地
RPSNMLQJQHOFFAX97CA,尖山中段,643.34,非都市：一般農業區 ; 非都市編定：農牧用地
RPXNMLRJQHOFFAX58CA,林投北段,1311.33,非都市：一般農業區 ; 非都市編定：農牧用地
RPRNMLLMPHOFFAX57CA,赤崁北段,649.72,非都市：一般農業區 ; 非都市編定：農牧用地
RPVNMLSJQHOFFAX48CA,許家段,216.36,非都市：一般農業區 ; 非都市編定：甲種建築用地
RPVNMLSJQHOFFAX48CA,許家段,32.63,非都市：一般農業區 ; 非都市編定：交通用地
RPQNMLQJQHOFFAX77CA,二崁南段,200.93,都市：其他
RPRNMLSJQHOFFAX08CA,埕西段,12.10,都市：住
RPRNMLSJQHOFFAX08CA,埕西段,10.07,都市：住
RPSNMLRJQHOFFAX08CA,文寮段,24.32,都市：住
RPQNMLMJQHOFFAX47DA,興崁段,262.60,非都市：一般農業區 ; 非都市編定：農牧用地
RPPNMLTLQHOFFAX18CA,沙港南段,664.08,非都市：一般農業區 ; 非都市編定：農牧用地
RPSNMLPKQHOFFAX97CA,東澳段,1.85,都市：住
RPSNMLPKQHOFFAX97CA,東澳段,27.97,都市：住
RPWNMLQJQHOFFAX38CA,潭邊新段,118.83,非都市：一般農業區 ; 非都市編定：農牧用地
RPUNMLQJQHOFFAX18CA,南寮新段,384.08,非都市：鄉村區 ; 非都市編定：乙種建築用地
RPSNMLSJQHOFFAX28DA,馬公段,8.60,都市：住
RPWNMLRJQHOFFAX48CA,文寮段,532.62,非都市：一般農業區 ; 非都市編定：農牧用地
RPXNMLQJQHOFFAX48CA,潭邊新段,99.65,非都市：一般農業區 ; 非都市編定：農牧用地
RPPNMLQJQHOFFAX67CA,文寮段,217.16,非都市：一般農業區 ; 非都市編定：農牧用地
RPWOMLMKQHOFFAX18CA,許家段,15.14,非都市：一般農業區 ; 非都市編定：交通用地
RPWOMLMKQHOFFAX18CA,許家段,160.00,非都市：一般農業區 ; 非都市編定：甲種建築用地
RPPNMLRJQHOFFAX87DA,北寮新段,247.50,非都市：一般農業區 ; 非都市編定：農牧用地
RPXNMLMKQHOFFAX18CA,雙湖段,21.88,非都市：鄉村區 ; 非都市編定：乙種建築用地
RPWNMLMKQHOFFAX08CA,雙湖段,20.04,非都市：鄉村區 ; 非都市編定：乙種建築用地
RPTNMLRJQHOFFAX18CA,埕西段,6.68,都市：住
RPTNMLRJQHOFFAX18CA,埕西段,24.36,都市：住
RPVNMLMKQHOFFAX97CA,雙湖段,22.10,非都市：鄉村區 ; 非都市編定：乙種建築用地
RPPOMLMKQHOFFAX47CA,雙湖段,22.10,非都市：鄉村區 ; 非都市編定：乙種建築用地
RPTOMLMKQHOFFAX87CA,成功北段,87.02,非都市：鄉村區 ; 非都市編定：乙種建築用地
RPOOMLMKQHOFFAX37CA,雙湖段,19.88,非都市：鄉村區 ; 非都市編定：乙種建築用地
RPVNMLRJQHOFFAX38CA,北澳段,1450.00,非都市：一般農業區 ; 非都市編定：農牧用地
RPQOMLMKQHOFFAX57CA,雙湖段,20.04,非都市：鄉村區 ; 非都市編定：乙種建築用地
RPPNMLSJQHOFFAX97DA,尖山中段,1241.05,非都市：一般農業區 ; 非都市編定：農牧用地
RPUNMLMKQHOFFAX87CA,雙湖段,22.10,非都市：鄉村區 ; 非都市編定：乙種建築用地
RPROMLMKQHOFFAX67CA,雙湖段,22.10,非都市：鄉村區 ; 非都市編定：乙種建築用地
RPUOMLMKQHOFFAX97CA,隘門新段,229.27,非都市：鄉村區 ; 非都市編定：乙種建築用地
RPPNMLNKQHOFFAX47CA,雙湖段,20.04,非都市：鄉村區 ; 非都市編定：乙種建築用地
RPQNMLLMIIOFFAX86CA,馬公段,34.00,都市：住
RPQNMLLMIIOFFAX86CA,馬公段,14.67,都市：住
RPPNMLQKQHOFFAX77CA,許家段,1141.59,非都市：一般農業區 ; 非都市編定：農牧用地
RPQNMLTKQHOFFAX18CA,馬公段,20.81,都市：住
