﻿鄉鎮市區,交易標的,土地區段位置建物區段門牌,土地移轉總面積平方公尺,都市土地使用分區,非都市土地使用分區,非都市土地使用編定,交易年月日,交易筆棟數,移轉層次,總樓層數,建物型態,主要用途,主要建材,建築完成年月,建物移轉總面積平方公尺,建物現況格局-房,建物現況格局-廳,建物現況格局-衛,建物現況格局-隔間,有無管理組織,總價元,單價元平方公尺,車位類別,車位移轉總面積平方公尺,車位總價元,備註,編號
The villages and towns urban district,transaction sign,land sector position building sector house number plate,land shifting total area square meter,the use zoning or compiles and checks,the non-metropolis land use district,non-metropolis land use,transaction year month and day,transaction pen number,shifting level,total floor number,building state,main use,main building materials,construction to complete the years,building shifting total area,Building present situation pattern - room,building present situation pattern - hall,building present situation pattern - health,building present situation pattern - compartmented,Whether there is manages the organization,total price NTD,the unit price (NTD / square meter),the berth category,berth shifting total area square meter,the berth total price NTD,the note,serial number
白沙鄉,土地,上瓦硐段361~390地號,1474.52,,一般農業區,農牧用地,1080505,土地1建物0車位0,,,其他,,,,0.0,0,0,0,有,無,2160000,1465,,0.0,0,,RPSPMLOKNHOFFAX77CA
馬公市,土地,烏崁新段1081~1110地號,175.29,,鄉村區,乙種建築用地,1080318,土地2建物0車位0,,,其他,,,,0.0,0,0,0,有,無,610000,3480,,0.0,0,親友、員工或其他特殊關係間之交易。;,RPXNMLLLNHOFFAX87CA
馬公市,房地(土地+建物),澎湖縣馬公市臨海路6巷1~30號,97.0,商,,,1080410,土地1建物1車位0,全,四層,透天厝,住商用,鋼筋混凝土造,0680123,313.84,5,1,5,有,無,18000000,57354,,0.0,0,親友、員工或其他特殊關係間之交易。;,RPQNMLTKNHOFFAX87CA
馬公市,房地(土地+建物),澎湖縣馬公市文林街31~60號,78.02,住,,,1080418,土地1建物1車位0,全,二層,透天厝,住商用,鋼筋混凝土加強磚造,0690806,87.48,3,3,2,有,無,5000000,57156,,0.0,0,親友、員工或其他特殊關係間之交易。;,RPSNMLOKNHOFFAX67DA
馬公市,房地(土地+建物),澎湖縣馬公市中興路1~30號,32.5,商,,,1080415,土地2建物1車位0,一層，二層，三層，電梯樓梯間,三層,店面(店鋪),住家用,鋼筋混凝土造,,38.76,6,1,3,有,無,1300000,33540,,0.0,0,親友、員工或其他特殊關係間之交易。;,RPSNMLPKNHOFFAX77DA
馬公市,土地,五福段331~360地號,10.0,,鄉村區,乙種建築用地,1080507,土地1建物0車位0,,,其他,,,,0.0,0,0,0,有,無,165000,16500,,0.0,0,,RPRNMLPKNHOFFAX57CA
馬公市,土地,文東段751~780地號,96.38,,鄉村區,乙種建築用地,1080430,土地1建物0車位0,,,其他,,,,0.0,0,0,0,有,無,1400000,14526,,0.0,0,,RPUNMLPKNHOFFAX87CA
白沙鄉,土地,赤崁中段1201~1230地號,1530.45,,一般農業區,農牧用地,1080508,土地1建物0車位0,,,其他,,,,0.0,0,0,0,有,無,11288800,7376,,0.0,0,,RPOOMLPKNHOFFAX37CA
七美鄉,土地,七美二段541~570地號,323.43,,一般農業區,農牧用地,1080419,土地2建物0車位0,,,其他,,,,0.0,0,0,0,有,無,666666,2061,,0.0,0,親友、員工或其他特殊關係間之交易。;,RPTNMLLLNHOFFAX47CA
馬公市,土地,埕中段91~120地號,49.09,住,,,1080430,土地1建物0車位0,,,其他,,,,0.0,0,0,0,有,無,2220000,45223,,0.0,0,,RPRNMLRKNHOFFAX77CA
西嶼鄉,房地(土地+建物),澎湖縣西嶼鄉外垵31~60號,81.83,,鄉村區,乙種建築用地,1080108,土地1建物1車位0,全,一層,透天厝,住家用,見其他登記事項,,53.98,0,0,0,無,無,2000000,37051,,0.0,0,1.含未保存登記之建物2.地政士僅受託買賣案件申請登記，並無代理撰擬不動產買賣契約書，係由不動產經紀業或權利人自行提供成交案件實際資訊。,RPQNMLTLNHOFFAX97CA
湖西鄉,土地,北寮新段631~660地號,335.36,,一般農業區,農牧用地,1080508,土地1建物0車位0,,,其他,,,,0.0,0,0,0,有,無,469504,1400,,0.0,0,,RPQNMLRKNHOFFAX77DA
馬公市,土地,四維段1021~1050地號,221.39,,鄉村區,乙種建築用地,1080402,土地1建物0車位0,,,其他,,,,0.0,0,0,0,有,無,4920000,22223,,0.0,0,,RPSNMLOLNHOFFAX77DA
白沙鄉,土地,赤崁中段1171~1200地號,812.46,,一般農業區,農牧用地,1080510,土地1建物0車位0,,,其他,,,,0.0,0,0,0,有,無,36900000,45418,,0.0,0,包含未來興建房屋建築費用權利人等4人,RPWNMLKKOHOFFAX77DA
馬公市,房地(土地+建物),澎湖縣馬公市石泉1~30號,87.15,,鄉村區,乙種建築用地,1080409,土地1建物1車位0,全,二層,透天厝,住家用,加強磚造,0920703,109.66,3,2,2,有,無,4000000,36476,,0.0,0,,RPPNMLTKNHOFFAX77CA
湖西鄉,土地,龍門南段211~240地號,47.69,,鄉村區,乙種建築用地,1080410,土地1建物0車位0,,,其他,,,,0.0,0,0,0,有,無,200000,4194,,0.0,0,親友、員工或其他特殊關係間之交易。;,RPQNMLMLNHOFFAX27CA
白沙鄉,土地,後寮段1771~1800地號,529.0,,一般農業區,農牧用地,1080514,土地1建物0車位0,,,其他,,,,0.0,0,0,0,有,無,2000000,3781,,0.0,0,,RPPNMLLLNHOFFAX07CA
馬公市,土地,鐵線段931~960地號,120.08,,鄉村區,乙種建築用地,1080420,土地1建物0車位0,,,其他,,,,0.0,0,0,0,有,無,360000,2998,,0.0,0,親友、員工或其他特殊關係間之交易。;,RPQNMLOLNHOFFAX47CA
馬公市,土地,東澳段811~840地號,115.57,住,,,1080510,土地1建物0車位0,,,其他,,,,0.0,0,0,0,有,無,4750000,41101,,0.0,0,,RPPNMLRKOHOFFAX67CA
馬公市,土地,雙湖段1081~1110地號,330.01,,一般農業區,農牧用地,1080513,土地1建物0車位0,,,其他,,,,0.0,0,0,0,有,無,6000000,18181,,0.0,0,,RPWNMLLKOHOFFAX77CA
馬公市,房地(土地+建物),澎湖縣馬公市光復路61~90號,10.0,住,,,1080418,土地2建物1車位0,二層,五層,公寓(5樓含以下無電梯),見其他登記事項,鋼筋混凝土造,0730629,81.89,3,1,2,有,無,430000,5251,,0.0,0,親友、員工或其他特殊關係間之交易。;,RPVNMLLLNHOFFAX77DA
馬公市,土地,烏崁新段1201~1230地號,22.97,,鄉村區,乙種建築用地,1080509,土地2建物0車位0,,,其他,,,,0.0,0,0,0,有,無,319053,13890,,0.0,0,向政府機關承購之案件。;,RPPOMLLLNHOFFAX27DA
馬公市,房地(土地+建物),澎湖縣馬公市文前街61~90號,123.88,住,,,1070306,土地1建物1車位0,全,四層,透天厝,住家用,鋼筋混凝土造,1071217,299.14,6,2,7,有,無,17280000,57766,,0.0,0,,RPTNMLRKOHOFFAX08CA
馬公市,房地(土地+建物),澎湖縣馬公市烏崁1~30號,119.13,,鄉村區,乙種建築用地,1080424,土地1建物1車位0,全,一層,透天厝,住家用,見其他登記事項,,57.83,5,2,1,有,無,550148,9513,,0.0,0,親友、員工或其他特殊關係間之交易。;有民情風俗因素之交易。;出賣人賣清 . 不負擔任何費用土地分區 鄉村區  乙種建築用地,RPSNMLRLNHOFFAX97CA
馬公市,建物,澎湖縣馬公市烏崁181~210號,0.0,,,,1080411,土地0建物1車位0,一層，見其他登記事項,一層,工廠,見其他登記事項,見其他登記事項,1080108,143.58,1,1,1,有,無,740000,,,0.0,0,農產品調理設施,RPQNMLRLNHOFFAX77CA
馬公市,房地(土地+建物),澎湖縣馬公市大案山1~30號,99.02,住,,,1080328,土地2建物1車位0,全,三層,透天厝,住家用,鋼筋混凝土造,1060927,191.45,4,2,5,有,無,7860000,41055,,0.0,0,,RPRNMLRLNHOFFAX87CA
湖西鄉,土地,許家段691~720地號,130.73,,一般農業區,農牧用地,1080428,土地1建物0車位0,,,其他,,,,0.0,0,0,0,有,無,248862,1904,,0.0,0,本買賣價為賣清價，不含土增37239,RPPNMLPLNHOFFAX57DA
馬公市,土地,安宅段1591~1620地號,119.33,,一般農業區,農牧用地,1080428,土地2建物0車位0,,,其他,,,,0.0,0,0,0,有,無,166535,1396,,0.0,0,,RPPNMLRLNHOFFAX77DA
馬公市,土地,鎖港西段901~930地號,928.03,農,,,1080425,土地2建物0車位0,,,其他,,,,0.0,0,0,0,有,無,2270000,2446,,0.0,0,親友、員工或其他特殊關係間之交易。;,RPRNMLOLNHOFFAX67DA
馬公市,土地,中衛段1411~1440地號,256.47,,一般農業區,甲種建築用地,1080506,土地2建物0車位0,,,其他,,,,0.0,0,0,0,有,無,4670000,18209,,0.0,0,親友、員工或其他特殊關係間之交易。;,RPSNMLKLOHOFFAX47DA
湖西鄉,土地,成功南段841~870地號,220.45,,一般農業區,農牧用地,1080515,土地2建物0車位0,,,其他,,,,0.0,0,0,0,有,無,7900000,35836,,0.0,0,含未來興建之房屋款,RPQNMLSLNHOFFAX87CA
馬公市,房地(土地+建物),澎湖縣馬公市文山路27巷1~30號,26.04,住,,,1080517,土地1建物1車位0,八層,十層,華廈(10層含以下有電梯),見其他登記事項,鋼筋混凝土造,1060328,110.92,3,2,2,有,有,5800000,52290,,0.0,0,,RPRNMLPLNHOFFAX67CA
馬公市,土地,鐵線段451~480地號,427.4,,一般農業區,農牧用地,1080502,土地1建物0車位0,,,其他,,,,0.0,0,0,0,有,無,3230000,7557,,0.0,0,,RPPNMLNLNHOFFAX27CA
湖西鄉,土地,龍門南段451~480地號,625.83,,一般農業區,農牧用地,1080425,土地1建物0車位0,,,其他,,,,0.0,0,0,0,有,無,1900000,3036,,0.0,0,,RPPNMLOLNHOFFAX37CA
白沙鄉,土地,講美段571~600地號,52.23,,鄉村區,乙種建築用地,1070911,土地1建物0車位0,,,其他,,,,0.0,0,0,0,有,無,156690,3000,,0.0,0,向政府機關承購之案件。;,RPTNMLLMNHOFFAX57CA
馬公市,房地(土地+建物),澎湖縣馬公市東衛181~210號,94.2,,鄉村區,乙種建築用地,1080414,土地1建物1車位0,全,四層,透天厝,住家用,鋼筋混凝土造,0850112,210.92,4,2,4,有,無,5200000,24654,,0.0,0,,RPUNMLLMNHOFFAX67CA
湖西鄉,土地,鼎灣新段1291~1320地號,264.39,,一般農業區,農牧用地,1080409,土地1建物0車位0,,,其他,,,,0.0,0,0,0,有,無,640000,2421,,0.0,0,,RPPNMLOJOHOFFAX27CA
湖西鄉,土地,鼎灣新段1291~1320地號,1321.95,,一般農業區,農牧用地,1080425,土地1建物0車位0,,,其他,,,,0.0,0,0,0,有,無,2400000,1815,,0.0,0,,RPQNMLOJOHOFFAX37CA
馬公市,土地,東衛段1231~1260地號,452.74,,鄉村區,乙種建築用地,1080407,土地1建物0車位0,,,其他,,,,0.0,0,0,0,有,無,4582400,10121,,0.0,0,,RPRNMLKMNHOFFAX27CA
馬公市,房地(土地+建物),澎湖縣馬公市民裕街12巷1~30號,107.0,住,,,1080507,土地1建物1車位0,全,三層,透天厝,住家用,鋼筋混凝土造,0850913,203.09,5,2,5,有,無,9500000,46777,,0.0,0,,RPPNMLTLNHOFFAX87CA
馬公市,土地,四維段1141~1170地號,397.88,農,,,1080503,土地2建物0車位0,,,其他,,,,0.0,0,0,0,有,無,2000000,5027,,0.0,0,親友、員工或其他特殊關係間之交易。;,RPUNMLPJOHOFFAX87CA
湖西鄉,土地,許家段481~510地號,297.72,,一般農業區,甲種建築用地,1070710,土地2建物0車位0,,,其他,,,,0.0,0,0,0,有,無,8950000,30062,,0.0,0,"農變建之起造人變更,含未來興建房屋價款",RPQNMLLMNHOFFAX27CA
白沙鄉,土地,通梁東段1~30地號,1159.61,,風景區,農牧用地,1080315,土地1建物0車位0,,,其他,,,,0.0,0,0,0,有,無,8500000,7330,,0.0,0,,RPRNMLTLNHOFFAX08CA
湖西鄉,土地,葉新段1441~1470地號,1048.69,,一般農業區,農牧用地,1080422,土地1建物0車位0,,,其他,,,,0.0,0,0,0,有,無,1452000,1385,,0.0,0,親友、員工或其他特殊關係間之交易。;權利人共2人,RPPNMLQJOHOFFAX67EA
馬公市,房地(土地+建物),澎湖縣馬公市光復路121~150號,28.93,住,,,1080222,土地1建物1車位0,一層,四層,公寓(5樓含以下無電梯),住家用,鋼筋混凝土造,0741129,73.26,1,1,1,有,無,6500000,88725,,0.0,0,二等親買賣.建物原持分1/5，此次移轉4/5。,RPRNMLQJOHOFFAX67CA
馬公市,房地(土地+建物),澎湖縣馬公市石泉1~30號,131.57,,一般農業區,甲種建築用地,1080430,土地1建物1車位0,全,三層,透天厝,住家用,鋼筋混凝土造,0871228,204.72,4,1,5,有,無,7880000,38492,,0.0,0,,RPXNMLOJOHOFFAX08CA
白沙鄉,房地(土地+建物),澎湖縣白沙鄉後寮91~120號,17.67,,鄉村區,乙種建築用地,1080516,土地1建物1車位0,全,三層,透天厝,住家用,鋼筋混凝土加強磚造,0720825,37.05,2,2,2,有,無,150000,4049,,0.0,0,親友、員工或其他特殊關係間之交易。;賣清,RPOOMLOJOHOFFAX27CA
馬公市,房地(土地+建物),澎湖縣馬公市貿商街121~150號,28.35,住,,,1080527,土地2建物1車位0,六層,七層,華廈(10層含以下有電梯),見其他登記事項,鋼筋混凝土造,0950710,174.32,3,1,2,有,有,5600000,32125,,0.0,0,,RPSNMLQJOHOFFAX77CA
馬公市,房地(土地+建物),澎湖縣馬公市東衛121~150號,124.29,,鄉村區,乙種建築用地,1080517,土地1建物1車位0,全,四層,透天厝,住家用,鋼筋混凝土造,1050613,252.58,5,3,4,有,無,10000000,39591,,0.0,0,,RPVNMLOJOHOFFAX87CA
馬公市,房地(土地+建物),澎湖縣馬公市石泉1~30號,66.65,,一般農業區,甲種建築用地,1080501,土地1建物1車位0,全,二層,透天厝,住家用,鋼筋混凝土加強磚造,0791201,81.6,3,1,2,有,無,3500000,42892,,0.0,0,親友、員工或其他特殊關係間之交易。;,RPTNMLLKOHOFFAX47CA
馬公市,房地(土地+建物),澎湖縣馬公市西文澳91~120號,121.92,住,,,1080517,土地1建物1車位0,全,四層,透天厝,住家用,鋼筋混凝土造,1080119,350.36,6,2,7,有,無,22000000,62793,,0.0,0,,RPQNMLNLOHOFFAX47CA
馬公市,房地(土地+建物),澎湖縣馬公市西文澳91~120號,121.92,住,,,1080517,土地1建物1車位0,全,四層,透天厝,住家用,鋼筋混凝土造,1080119,342.67,6,2,7,有,無,22000000,64202,,0.0,0,,SPQNMLNLOHOFFAX57CA
西嶼鄉,房地(土地+建物),澎湖縣西嶼鄉竹篙灣211~240號,364.3,其他,,,1080508,土地4建物1車位0,全,二層,透天厝,住家用,鋼筋混凝土加強空心磚造,0680416,91.2,3,2,2,有,無,2000000,21930,,0.0,0,"親友、員工或其他特殊關係間之交易。;全持分房地100萬元,共有土地合計100萬元",RPTNMLOLOHOFFAX87CA
湖西鄉,房地(土地+建物),澎湖縣湖西鄉西溪村1~30號,187.58,,鄉村區,乙種建築用地,1080513,土地1建物1車位0,全,一層,透天厝,住家用,見其他登記事項,,48.9,0,0,0,無,無,600000,12270,,0.0,0,親友、員工或其他特殊關係間之交易。;,RPTNMLOJOHOFFAX77DA
西嶼鄉,土地,池東段3061~3090地號,210.2,,鄉村區,乙種建築用地,1080516,土地1建物0車位0,,,其他,,,,0.0,0,0,0,有,無,1350000,6422,,0.0,0,,RPWNMLOJOHOFFAX08DA
馬公市,房地(土地+建物)+車位,澎湖縣馬公市中華路211~240號,50.78,住,,,1080522,土地2建物1車位1,七層,七層,華廈(10層含以下有電梯),住家用,鋼筋混凝土造,0821119,269.02,4,2,3,有,有,7100000,26392,坡道平面,0.0,0,,RPPNMLPJOHOFFAX47DA
馬公市,土地,文石段1381~1410地號,46.91,住,,,1080515,土地2建物0車位0,,,其他,,,,0.0,0,0,0,有,無,2525634,53840,,0.0,0,向政府機關承購之案件。;,RPVNMLKKOHOFFAX67DA
馬公市,土地,文寮段331~360地號,1537.38,,一般農業區,農牧用地,1080523,土地1建物0車位0,,,其他,,,,0.0,0,0,0,有,無,75580000,49162,,0.0,0,權利人共9人含未來興建9戶房屋價款,RPUNMLRJQHOFFAX28CA
馬公市,房地(土地+建物),澎湖縣馬公市西衛361~390號,218.87,,一般農業區,甲種建築用地,1080424,土地2建物1車位0,全,三層,透天厝,住家用,鋼筋混凝土造,1050311,281.09,4,3,3,有,無,11000000,39133,,0.0,0,,RPPNMLPLOHOFFAX57CA
馬公市,土地,鐵線段511~540地號,242.03,,一般農業區,農牧用地,1080524,土地1建物0車位0,,,其他,,,,0.0,0,0,0,有,無,6350000,26236,,0.0,0,農變建變更起造人，含未來興建房屋之費用,RPQNMLPJOHOFFAX47CA
馬公市,房地(土地+建物),澎湖縣馬公市敬業街31~60號,97.11,住,,,1080504,土地1建物1車位0,全,四層,透天厝,住家用,鋼筋混凝土造,0950830,206.94,7,0,8,有,無,9500000,45907,,0.0,0,,RPTNMLPJOHOFFAX77CA
馬公市,房地(土地+建物),澎湖縣馬公市文山路61~90號,32.21,住,,,1080428,土地2建物1車位0,二層,七層,華廈(10層含以下有電梯),住家用,鋼筋混凝土造,0821217,166.26,3,1,2,有,有,4000000,24059,,0.0,0,,RPPNMLSKOHOFFAX77CA
湖西鄉,土地,湖東新段871~900地號,432.01,,一般農業區,農牧用地,1080527,土地1建物0車位0,,,其他,,,,0.0,0,0,0,有,無,650000,1505,,0.0,0,,RPVNMLPJOHOFFAX97CA
馬公市,土地,五福段571~600地號,332.83,,一般農業區,農牧用地,1080521,土地1建物0車位0,,,其他,,,,0.0,0,0,0,有,無,1300000,3906,,0.0,0,土地增值稅由買方負擔,RPWNMLPJOHOFFAX08CA
馬公市,土地,五福段511~540地號,323.04,,一般農業區,農牧用地,1080516,土地1建物0車位0,,,其他,,,,0.0,0,0,0,有,無,6644680,20569,,0.0,0,,RPXNMLLKOHOFFAX87CA
馬公市,房地(土地+建物),澎湖縣馬公市烏崁91~120號,124.57,,鄉村區,乙種建築用地,1080429,土地4建物1車位0,全,二層,透天厝,住家用,加強磚造,0700701,96.84,4,2,2,有,無,2400000,24783,,0.0,0,親友、員工或其他特殊關係間之交易。;,RPTNMLOKOHOFFAX77CA
望安鄉,土地,東吉段691~720地號,1493.0,,風景區,農牧用地,1080513,土地4建物0車位0,,,其他,,,,0.0,0,0,0,有,無,1120176,750,,0.0,0,向政府機關承購之案件。;逾期未辦繼承標售地,RPVNMLOKOHOFFAX08DA
馬公市,土地,中衛段1621~1650地號,691.55,,一般農業區,農牧用地,1080409,土地1建物0車位0,,,其他,,,,0.0,0,0,0,有,無,26460000,38262,,0.0,0,權利人共4人，含未來興建4戶之房屋價款,RPUNMLRKOHOFFAX18CA
馬公市,房地(土地+建物),澎湖縣馬公市文昌街8巷1~30號,66.25,住,,,1080419,土地1建物1車位0,全,二層,透天厝,住家用,鋼筋混凝土加強磚造,0710609,92.34,5,2,2,有,無,7000000,75807,,0.0,0,親友、員工或其他特殊關係間之交易。;,RPOOMLLKOHOFFAX07CA
馬公市,房地(土地+建物),澎湖縣馬公市鎖管港61~90號,113.37,住,,,1080504,土地1建物1車位0,全,三層,透天厝,住家用,鋼筋混凝土造,1070823,234.63,6,2,6,有,無,8880000,37847,,0.0,0,權利人為2人。土地建物分次登記案件,RPPNMLMKOHOFFAX17CA
馬公市,房地(土地+建物),澎湖縣馬公市林森路45巷1~30號,20.28,住,,,1080510,土地1建物1車位0,七層,七層,華廈(10層含以下有電梯),住家用,鋼筋混凝土造,0840904,129.39000000000001,3,2,2,有,無,5300000,40961,,0.0,0,,RPPNMLNKOHOFFAX27CA
湖西鄉,土地,湖西南段1891~1920地號,63.18,,鄉村區,乙種建築用地,1080418,土地1建物0車位0,,,其他,,,,0.0,0,0,0,有,無,500000,7914,,0.0,0,親友、員工或其他特殊關係間之交易。;,RPUNMLLKOHOFFAX57CA
馬公市,房地(土地+建物),澎湖縣馬公市文光路1~30號,18.38,住,,,1080527,土地1建物1車位0,二層，三層,七層,華廈(10層含以下有電梯),住家用,鋼筋混凝土造,0811202,140.55,2,2,2,有,無,4600000,32729,,0.0,0,,RPSNMLOKOHOFFAX67CA
馬公市,土地,鐵線段451~480地號,854.8,,一般農業區,農牧用地,1080530,土地1建物0車位0,,,其他,,,,0.0,0,0,0,有,無,6850000,8014,,0.0,0,土地增值稅買方負擔。共有人2人,RPRNMLLKOHOFFAX27CA
馬公市,房地(土地+建物),澎湖縣馬公市東文澳91~120號,50.15,,鄉村區,乙種建築用地,1080220,土地1建物1車位0,全,二層,透天厝,住家用,鋼筋混凝土加強磚造,0741120,96.0,2,2,1,有,無,2700000,28125,,0.0,0,,RPSNMLLKOHOFFAX37CA
馬公市,土地,四維段1381~1410地號,83.21,農,,,1080517,土地1建物0車位0,,,其他,,,,0.0,0,0,0,有,無,374445,4500,,0.0,0,標購逾期未辦繼承土地,RPWNMLRLOHOFFAX48CA
馬公市,土地,四維段1381~1410地號,467.96,,一般農業區,農牧用地,1080517,土地1建物0車位0,,,其他,,,,0.0,0,0,0,有,無,2105820,4500,,0.0,0,標購逾期未辦繼承土地,RPUNMLRLOHOFFAX28CA
馬公市,土地,光華段661~690地號,2608.2,,一般農業區,農牧用地,1080529,土地1建物0車位0,,,其他,,,,0.0,0,0,0,有,無,90860000,34836,,0.0,0,"權利人為11人,含未來興建11戶房屋價款",RPRNMLNJPHOFFAX47CA
湖西鄉,土地,紅羅段1831~1860地號,402.4,,一般農業區,農牧用地,1080519,土地1建物0車位0,,,其他,,,,0.0,0,0,0,有,無,900000,2237,,0.0,0,親友、員工或其他特殊關係間之交易。;,RPUNMLTKOHOFFAX48DA
湖西鄉,土地,南寮南段451~480地號,2027.06,,一般農業區,農牧用地,1080516,土地1建物0車位0,,,其他,,,,0.0,0,0,0,有,無,2837884,1400,,0.0,0,親屬間買賣  權利人共計4人,RPRNMLRKOHOFFAX97DA
馬公市,土地,海堤段571~600地號,125.05,住,,,1080527,土地2建物0車位0,,,其他,,,,0.0,0,0,0,有,無,2268000,18137,,0.0,0,,RPQNMLSKOHOFFAX97DA
湖西鄉,土地,鼎灣新段631~660地號,1690.89,,一般農業區,農牧用地,1080530,土地2建物0車位0,,,其他,,,,0.0,0,0,0,有,無,43670000,25827,,0.0,0,權利人數：7人；農變建變更起造人，含未來興建房屋之費用,RPQNMLSJPHOFFAX87CA
馬公市,土地,四維段1381~1410地號,10.19,其他,,,1080517,土地1建物0車位0,,,其他,,,,0.0,0,0,0,有,無,257491,25269,,0.0,0,標購逾期未辦繼承土地,RPVNMLRLOHOFFAX38CA
馬公市,土地,四維段1351~1380地號,3.64,農,,,1080517,土地1建物0車位0,,,其他,,,,0.0,0,0,0,有,無,16380,4500,,0.0,0,標購逾期未辦繼承土地,RPTNMLRLOHOFFAX18CA
湖西鄉,土地,許家段301~330地號,8813.92,,一般農業區,農牧用地,1080524,土地11建物0車位0,,,其他,,,,0.0,0,0,0,有,無,50000000,5673,,0.0,0,,RPPNMLNLOHOFFAX37CA
馬公市,房地(土地+建物),澎湖縣馬公市西衛61~90號,212.07,,一般農業區,甲種建築用地,1080422,土地2建物1車位0,全,三層,透天厝,住家用,鋼筋混凝土造,1031103,263.89,4,2,5,有,無,11000000,41684,,0.0,0,,RPRNMLSKOHOFFAX97CA
白沙鄉,土地,後寮段1681~1710地號,407.0,,一般農業區,農牧用地,1080406,土地1建物0車位0,,,其他,,,,0.0,0,0,0,有,無,624511,1534,,0.0,0,,RPSNMLRKOHOFFAX97CA
馬公市,房地(土地+建物),澎湖縣馬公市石泉1~30號,64.25,,一般農業區,甲種建築用地,1080502,土地1建物1車位0,全,二層,透天厝,住家用,鋼筋混凝土加強磚造,0791201,82.4,4,2,2,有,無,3500000,42476,,0.0,0,,RPUNMLOKOHOFFAX87CA
湖西鄉,土地,許家段901~930地號,1589.43,,一般農業區,農牧用地,1080430,土地1建物0車位0,,,其他,,,,0.0,0,0,0,有,無,46760000,29419,,0.0,0,權利人數：7人。農變建變更起造人，含未來興建房屋之費用。,RPRNMLOKOHOFFAX57CA
馬公市,土地,山水東段691~720地號,350.42,,一般農業區,農牧用地,1080528,土地1建物0車位0,,,其他,,,,0.0,0,0,0,有,無,1000000,2854,,0.0,0,親友、員工或其他特殊關係間之交易。;,RPPNMLOKOHOFFAX37CA
馬公市,房地(土地+建物),澎湖縣馬公市文學路421~450號,86.0,商,,,1080412,土地1建物1車位0,全,五層,透天厝,住商用,鋼筋混凝土造,0810416,244.93,6,1,4,有,無,11000000,44911,,0.0,0,親友、員工或其他特殊關係間之交易。;,RPRNMLMJPHOFFAX37CA
馬公市,房地(土地+建物)+車位,澎湖縣馬公市貿商街121~150號,30.41,住,,,1080502,土地2建物1車位1,十一層,十四層,住宅大樓(11層含以上有電梯),見其他登記事項,鋼筋混凝土造,0950710,185.53,3,2,2,有,有,6000000,32340,坡道平面,0.0,0,,RPVNMLTKOHOFFAX48CA
湖西鄉,房地(土地+建物),澎湖縣湖西鄉太武村1~30號,150.71,,一般農業區,農牧用地,1070911,土地2建物1車位0,全,一層,透天厝,住家用,見其他登記事項,,3.86,2,1,0,有,無,267688,69349,,0.0,0,逾期未辦繼承登記土地標售案,RPVNMLSKOHOFFAX48DA
馬公市,土地,安宅段1591~1620地號,268.48,,一般農業區,農牧用地,1080604,土地2建物0車位0,,,其他,,,,0.0,0,0,0,有,無,560000,2086,,0.0,0,,RPTNMLSKOHOFFAX28DA
馬公市,房地(土地+建物),澎湖縣馬公市永興街1~30號,150.0,商,,,1080125,土地2建物2車位0,全,四層,透天厝,住商用,鋼筋混凝土加強磚造,0630504,525.69,9,2,10,有,無,24600000,46796,,0.0,0,,RPPNMLKLOHOFFAX07CA
湖西鄉,土地,城北段841~870地號,587.08,,一般農業區,農牧用地,1080328,土地1建物0車位0,,,其他,,,,0.0,0,0,0,有,無,1680000,2862,,0.0,0,,RPTNMLKLOHOFFAX47CA
西嶼鄉,土地,竹灣段721~750地號,1656.91,,一般農業區,農牧用地,1080604,土地1建物0車位0,,,其他,,,,0.0,0,0,0,有,無,1753500,1058,,0.0,0,,RPQNMLTKOHOFFAX97CA
馬公市,土地,西澳段1021~1050地號,113.75,住,,,1080604,土地1建物0車位0,,,其他,,,,0.0,0,0,0,有,無,6000000,52747,,0.0,0,,RPTNMLTKOHOFFAX28CA
七美鄉,土地,大嶼段5641~5670地號,1857.0,,一般農業區,農牧用地,1080327,土地2建物0車位0,,,其他,,,,0.0,0,0,0,有,無,3063200,1650,,0.0,0,地籍清理標售土地之案件,RPRNMLOLOHOFFAX67CA
湖西鄉,土地,紅羅段181~210地號,1092.68,,一般農業區,農牧用地,1080530,土地1建物0車位0,,,其他,,,,0.0,0,0,0,有,無,1850000,1693,,0.0,0,受債權債務影響或債務抵償之交易。;,RPQNMLKMOHOFFAX27CA
湖西鄉,土地,沙港北段601~630地號,307.39,,一般農業區,農牧用地,1080603,土地1建物0車位0,,,其他,,,,0.0,0,0,0,有,無,1000000,3253,,0.0,0,,RPPNMLOLOHOFFAX47CA
馬公市,房地(土地+建物),澎湖縣馬公市三多路212巷1~30號,166.54,住,,,1080521,土地1建物1車位0,全,二層,透天厝,住家用,鋼筋混凝土加強磚造,0750820,135.67,4,3,2,有,無,11000000,81079,,0.0,0,,RPWNMLLLOHOFFAX87CA
馬公市,房地(土地+建物),澎湖縣馬公市東衛241~270號,257.19,,一般農業區,甲種建築用地,1071207,土地2建物1車位0,全,三層,透天厝,住家用,鋼筋混凝土造,1050921,263.19,5,1,4,有,無,8300000,31536,,0.0,0,,RPPOMLLLOHOFFAX27CA
馬公市,土地,五福段961~990地號,1363.82,,一般農業區,農牧用地,1080412,土地3建物0車位0,,,其他,,,,0.0,0,0,0,有,無,16500000,12098,,0.0,0,,RPQNMLLKPHOFFAX27CA
七美鄉,土地,大嶼段781~810地號,95.75,,一般農業區,農牧用地,1080327,土地1建物0車位0,,,其他,,,,0.0,0,0,0,有,無,134050,1400,,0.0,0,縣府代為標售地籍清理未能釐清權屬土地權利人數：2人,RPQNMLPKPHOFFAX67CA
七美鄉,土地,七美一段1~30地號,368.02,,一般農業區,農牧用地,1080327,土地1建物0車位0,,,其他,,,,0.0,0,0,0,有,無,588824,1600,,0.0,0,標購地籍清理土地,RPQNMLRLOHOFFAX87CA
湖西鄉,房地(土地+建物),澎湖縣湖西鄉港底121~150號,254.65,,一般農業區,甲種建築用地,1080427,土地2建物1車位0,全,三層,透天厝,住家用,鋼筋混凝土造,1041218,284.93,6,2,4,有,無,7800000,27375,,0.0,0,,RPRNMLSJPHOFFAX97CA
白沙鄉,土地,吉貝東段421~450地號,2551.0,,一般農業區,農牧用地,1080605,土地1建物0車位0,,,其他,,,,0.0,0,0,0,有,無,1800000,706,,0.0,0,親友、員工或其他特殊關係間之交易。;,RPRNMLKKPHOFFAX37DA
馬公市,房地(土地+建物),澎湖縣馬公市中央街1~30號,8.56,商,,,1080402,土地1建物1車位0,全,三層,透天厝,住商用,見其他登記事項,,17.12,3,2,1,有,無,378562,22112,,0.0,0,親友、員工或其他特殊關係間之交易。;含增建或未登記建物。;,RPUNMLSJPHOFFAX38DA
七美鄉,土地,七美一段91~120地號,227.34,,一般農業區,農牧用地,1080510,土地1建物0車位0,,,其他,,,,0.0,0,0,0,有,無,360000,1584,,0.0,0,,RPSNMLNJPHOFFAX57CA
湖西鄉,房地(土地+建物),澎湖縣湖西鄉隘門村隘門61~90號,95.08,,鄉村區,乙種建築用地,1080508,土地2建物1車位0,全,三層,透天厝,住家用,鋼筋混凝土造,0870415,182.42,5,1,5,有,無,6420000,35194,,0.0,0,,RPQNMLKKPHOFFAX17CA
馬公市,土地,北極段271~300地號,218.86,住,,,1080510,土地1建物0車位0,,,其他,,,,0.0,0,0,0,有,無,3800000,17363,,0.0,0,,RPRNMLRLOHOFFAX97CA
馬公市,土地,興崁段571~600地號,980.26,,一般農業區,農牧用地,1080612,土地1建物0車位0,,,其他,,,,0.0,0,0,0,有,無,7200000,7345,,0.0,0,共有人5人農變建專案核准興建住宅,RPOOMLRKPHOFFAX77CA
白沙鄉,土地,赤崁北段271~300地號,1092.54,,一般農業區,農牧用地,1070508,土地1建物0車位0,,,其他,,,,0.0,0,0,0,有,無,6280000,5748,,0.0,0,,RPQNMLPLOHOFFAX67CA
馬公市,房地(土地+建物),澎湖縣馬公市民富街48巷1~30號,126.87,住,,,1080520,土地1建物1車位0,全,三層,透天厝,住家用,鋼筋混凝土造,1021002,268.54,6,2,7,有,無,23500000,87510,,0.0,0,,RPRNMLPLOHOFFAX77CA
馬公市,土地,光華段301~330地號,192.31,,一般農業區,甲種建築用地,1080217,土地3建物0車位0,,,其他,,,,0.0,0,0,0,有,無,8630000,44875,,0.0,0,農變建之起造人變更含未來興建房屋價款,RPSNMLPLOHOFFAX87CA
馬公市,土地,興崁段931~960地號,116.18,,一般農業區,農牧用地,1080617,土地1建物0車位0,,,其他,,,,0.0,0,0,0,有,無,878500,7562,,0.0,0,,RPPNMLQLOHOFFAX67CA
馬公市,房地(土地+建物),澎湖縣馬公市光復路271~300號,75.49,住,,,1080601,土地1建物1車位0,全,二層,透天厝,住家用,鋼筋混凝土加強磚造,0650430,72.72,4,2,2,有,無,4500000,61881,,0.0,0,,RPQNMLQLOHOFFAX77CA
馬公市,土地,四維段1141~1170地號,226.05,農,,,1080603,土地1建物0車位0,,,其他,,,,0.0,0,0,0,有,無,1200000,5309,,0.0,0,親友、員工或其他特殊關係間之交易。;,RPPNMLSLOHOFFAX87CA
馬公市,房地(土地+建物),澎湖縣馬公市中央街1~30號,0.53,商,,,1080402,土地1建物1車位0,全,三層,透天厝,住商用,見其他登記事項,,1.07,3,2,1,有,無,23658,22110,,0.0,0,親友、員工或其他特殊關係間之交易。;含增建或未登記建物。;,RPVNMLSJPHOFFAX48DA
馬公市,土地,五福段541~570地號,2492.4,,一般農業區,農牧用地,1080612,土地1建物0車位0,,,其他,,,,0.0,0,0,0,有,無,94640000,37971,,0.0,0,"權利人為12人,含未來興建12戶房屋價款",RPQNMLNLPHOFFAX57CA
馬公市,土地,中衛段211~240地號,324.16,農,,,1080509,土地2建物0車位0,,,其他,,,,0.0,0,0,0,有,無,4172000,12870,,0.0,0,親友、員工或其他特殊關係間之交易。;權利人共三人,RPXNMLOJPHOFFAX28DA
馬公市,房地(土地+建物),澎湖縣馬公市中央街1~30號,0.53,商,,,1080402,土地1建物1車位0,全,三層,透天厝,住商用,見其他登記事項,,1.07,3,2,1,有,無,23658,22110,,0.0,0,親友、員工或其他特殊關係間之交易。;含增建或未登記建物。;,RPPNMLQKPHOFFAX77DA
馬公市,土地,馬公段1801~1830地號,4.0,住,,,1080423,土地1建物0車位0,,,其他,,,,0.0,0,0,0,有,無,278160,69540,,0.0,0,向政府機關承購之案件。;,RPVNMLNJPHOFFAX97DA
七美鄉,土地,七美二段241~270地號,341.68,,一般農業區,農牧用地,1080327,土地2建物0車位0,,,其他,,,,0.0,0,0,0,有,無,616680,1805,,0.0,0,標售地籍清理土地案件,RPQNMLOJPHOFFAX57DA
馬公市,房地(土地+建物),澎湖縣馬公市菜園61~90號,10.8,,鄉村區,乙種建築用地,1080610,土地1建物1車位0,二層,六層,華廈(10層含以下有電梯),見其他登記事項,鋼筋混凝土造,1080418,38.73,1,1,1,有,有,1550000,40021,,0.0,0,,RPXNMLRKPHOFFAX58CA
湖西鄉,土地,許家段391~420地號,417.01,,一般農業區,農牧用地,1080305,土地1建物0車位0,,,其他,,,,0.0,0,0,0,有,無,1950000,4676,,0.0,0,,RPQNMLSLOHOFFAX97CA
馬公市,土地,海堤段331~360地號,191.3,住,,,1080618,土地2建物0車位0,,,其他,,,,0.0,0,0,0,有,無,3500000,18296,,0.0,0,,RPPNMLKMOHOFFAX17CA
馬公市,土地,文東段271~300地號,152.4,,一般農業區,農牧用地,1080515,土地1建物0車位0,,,其他,,,,0.0,0,0,0,有,無,880000,5774,,0.0,0,賣方賣清價。土地增值稅由買方負擔。,RPSNMLRLOHOFFAX08CA
馬公市,土地,烏崁新段931~960地號,71.13,,鄉村區,乙種建築用地,1071030,土地1建物0車位0,,,其他,,,,0.0,0,0,0,有,無,327198,4600,,0.0,0,國有財產署標售逾期未辦理繼承登記案,RPUNMLNJPHOFFAX77CA
馬公市,土地,興崁段781~810地號,568.32,,一般農業區,農牧用地,1071030,土地1建物0車位0,,,其他,,,,0.0,0,0,0,有,無,1168988,2057,,0.0,0,國有財產署標售逾期未辦理繼承登記案,SPUNMLNJPHOFFAX87CA
馬公市,土地,烏崁新段931~960地號,106.78,,鄉村區,乙種建築用地,1071030,土地1建物0車位0,,,其他,,,,0.0,0,0,0,有,無,491188,4600,,0.0,0,國有財產署標售逾期未辦理繼承登記案,TPUNMLNJPHOFFAX97CA
馬公市,房地(土地+建物),澎湖縣馬公市光復路241~270號,140.0,住,,,1080603,土地1建物1車位0,全,二層,透天厝,住家用,鋼筋混凝土加強磚造,0780620,182.4,5,1,4,有,無,12000000,65789,,0.0,0,,RPWNMLNJPHOFFAX97CA
馬公市,房地(土地+建物)+車位,澎湖縣馬公市菜園61~90號,20.04,,鄉村區,乙種建築用地,1080610,土地1建物1車位2,二層,六層,華廈(10層含以下有電梯),見其他登記事項,鋼筋混凝土造,1080418,132.3,2,2,2,有,有,3580000,27060,坡道平面,0.0,0,,RPPOMLRKPHOFFAX87CA
馬公市,房地(土地+建物),澎湖縣馬公市菜園61~90號,21.88,,鄉村區,乙種建築用地,1080610,土地1建物1車位0,二層,六層,華廈(10層含以下有電梯),見其他登記事項,鋼筋混凝土造,1080418,78.12,2,2,1,有,有,3650000,46723,,0.0,0,,RPQOMLRKPHOFFAX97CA
馬公市,房地(土地+建物),澎湖縣馬公市菜園61~90號,10.8,,鄉村區,乙種建築用地,1080610,土地1建物1車位0,三層,六層,華廈(10層含以下有電梯),見其他登記事項,鋼筋混凝土造,1080418,38.73,1,1,1,有,有,1720000,44410,,0.0,0,,RPROMLRKPHOFFAX08CA
馬公市,房地(土地+建物),澎湖縣馬公市菜園61~90號,20.04,,鄉村區,乙種建築用地,1080610,土地1建物1車位0,三層,六層,華廈(10層含以下有電梯),見其他登記事項,鋼筋混凝土造,1080418,70.83,2,2,2,有,有,2980000,42073,,0.0,0,,RPSOMLRKPHOFFAX18CA
馬公市,房地(土地+建物),澎湖縣馬公市菜園61~90號,21.88,,鄉村區,乙種建築用地,1080610,土地1建物1車位0,三層,六層,華廈(10層含以下有電梯),見其他登記事項,鋼筋混凝土造,1080418,78.12,2,2,1,有,有,3500000,44803,,0.0,0,,RPTOMLRKPHOFFAX28CA
馬公市,房地(土地+建物)+車位,澎湖縣馬公市菜園61~90號,19.88,,鄉村區,乙種建築用地,1080610,土地1建物1車位1,三層,六層,華廈(10層含以下有電梯),見其他登記事項,鋼筋混凝土造,1080418,101.58000000000001,2,2,1,有,有,3450000,33963,坡道平面,0.0,0,,RPUOMLRKPHOFFAX38CA
馬公市,房地(土地+建物),澎湖縣馬公市菜園61~90號,10.8,,鄉村區,乙種建築用地,1080610,土地1建物1車位0,四層,六層,華廈(10層含以下有電梯),見其他登記事項,鋼筋混凝土造,1080418,38.73,1,1,1,有,有,1400000,36148,,0.0,0,,RPVOMLRKPHOFFAX48CA
馬公市,房地(土地+建物),澎湖縣馬公市菜園61~90號,10.8,,鄉村區,乙種建築用地,1080610,土地1建物1車位0,五層,六層,華廈(10層含以下有電梯),見其他登記事項,鋼筋混凝土造,1080418,38.73,1,1,1,有,有,1400000,36148,,0.0,0,,RPOPMLRKPHOFFAX87CA
馬公市,房地(土地+建物),澎湖縣馬公市菜園61~90號,20.04,,鄉村區,乙種建築用地,1080610,土地1建物1車位0,五層,六層,華廈(10層含以下有電梯),見其他登記事項,鋼筋混凝土造,1080418,70.83,2,2,2,有,有,3300000,46590,,0.0,0,,RPPPMLRKPHOFFAX97CA
馬公市,房地(土地+建物),澎湖縣馬公市菜園61~90號,10.8,,鄉村區,乙種建築用地,1080610,土地1建物1車位0,六層,六層,華廈(10層含以下有電梯),見其他登記事項,鋼筋混凝土造,1080418,38.73,1,1,1,有,有,1720000,44410,,0.0,0,,RPQPMLRKPHOFFAX08CA
湖西鄉,土地,林投北段181~210地號,671.24,,一般農業區,農牧用地,1080419,土地1建物0車位0,,,其他,,,,0.0,0,0,0,有,無,1666699,2483,,0.0,0,標售逾期未辦理繼承登記土地案,RPQNMLMJPHOFFAX37DA
馬公市,土地,東衛段991~1020地號,3258.38,,一般農業區,農牧用地,1080611,土地1建物0車位0,,,其他,,,,0.0,0,0,0,有,無,124440000,38191,,0.0,0,"權利人共15人,含未來興建15戶房屋價款",RPQNMLLMPHOFFAX47CA
馬公市,房地(土地+建物),澎湖縣馬公市菜園61~90號,21.88,,鄉村區,乙種建築用地,1080610,土地1建物1車位0,六層,六層,華廈(10層含以下有電梯),見其他登記事項,鋼筋混凝土造,1080418,78.12,2,2,1,有,有,3480000,44547,,0.0,0,,RPRPMLRKPHOFFAX18CA
馬公市,房地(土地+建物),澎湖縣馬公市菜園61~90號,21.88,,鄉村區,乙種建築用地,1080610,土地1建物1車位0,四層,六層,華廈(10層含以下有電梯),見其他登記事項,鋼筋混凝土造,1080418,78.11,2,2,1,有,有,2950000,37767,,0.0,0,,RPWOMLRKPHOFFAX58CA
馬公市,房地(土地+建物),澎湖縣馬公市菜園61~90號,19.88,,鄉村區,乙種建築用地,1080610,土地1建物1車位0,四層,六層,華廈(10層含以下有電梯),見其他登記事項,鋼筋混凝土造,1080418,70.84,2,2,1,有,有,3030000,42772,,0.0,0,,RPXOMLRKPHOFFAX68CA
湖西鄉,土地,南寮南段331~360地號,1525.11,,一般農業區,農牧用地,1080529,土地1建物0車位0,,,其他,,,,0.0,0,0,0,有,無,900000,590,,0.0,0,,RPRNMLPKPHOFFAX77CA
馬公市,房地(土地+建物),澎湖縣馬公市五福路91~120號,76.05,,鄉村區,乙種建築用地,1080615,土地2建物1車位0,全,三層,透天厝,住家用,鋼筋混凝土加強磚造,0690220,112.14,3,2,2,有,無,5600000,49938,,0.0,0,,RPPNMLNJPHOFFAX27CA
七美鄉,土地,大嶼段781~810地號,570.0,,一般農業區,農牧用地,1080618,土地1建物0車位0,,,其他,,,,0.0,0,0,0,有,無,1379000,2419,,0.0,0,,RPSNMLKKPHOFFAX37CA
馬公市,土地,興仁段811~840地號,200.0,,一般農業區,甲種建築用地,1080610,土地2建物0車位0,,,其他,,,,0.0,0,0,0,有,無,7360000,36800,,0.0,0,變更起造人，含未來興建房屋之費用,RPTNMLNJPHOFFAX67CA
湖西鄉,土地,城北段961~990地號,1233.97,,一般農業區,農牧用地,1080624,土地2建物0車位0,,,其他,,,,0.0,0,0,0,有,無,42200000,34199,,0.0,0,權利人共6人含未來6戶興建房屋價款,RPTNMLOJPHOFFAX77CA
西嶼鄉,土地,外垵二段991~1020地號,179.16,,一般農業區,農牧用地,1080623,土地1建物0車位0,,,其他,,,,0.0,0,0,0,有,無,1350000,7535,,0.0,0,,RPPNMLLKPHOFFAX17CA
湖西鄉,土地,成功南段751~780地號,464.03,,一般農業區,農牧用地,1080427,土地1建物0車位0,,,其他,,,,0.0,0,0,0,有,無,1880000,4051,,0.0,0,,RPPNMLOJPHOFFAX37CA
七美鄉,土地,七美二段241~270地號,338.97,,一般農業區,農牧用地,1080327,土地2建物0車位0,,,其他,,,,0.0,0,0,0,有,無,697000,2056,,0.0,0,標售地籍清理土地案件,RPSNMLOJPHOFFAX77DA
馬公市,土地,興崁段811~840地號,1067.93,,一般農業區,農牧用地,1071030,土地2建物0車位0,,,其他,,,,0.0,0,0,0,有,無,2196672,2057,,0.0,0,國有財產署標售逾期未辦理繼承登記案,RPQNMLPJPHOFFAX67DA
七美鄉,土地,七美二段391~420地號,763.97,,一般農業區,農牧用地,1080611,土地1建物0車位0,,,其他,,,,0.0,0,0,0,有,無,4522000,5919,,0.0,0,澎湖縣政府代為標售地籍清理土地,RPPNMLMLPHOFFAX47DA
馬公市,房地(土地+建物)+車位,澎湖縣馬公市貿商街121~150號,28.35,住,,,1080613,土地2建物1車位1,二層,七層,住宅大樓(11層含以上有電梯),見其他登記事項,鋼筋混凝土造,0950710,172.96,3,2,2,有,有,4450000,25728,坡道平面,0.0,0,,RPUNMLOJPHOFFAX87CA
馬公市,土地,光華段511~540地號,245.62,,一般農業區,農牧用地,1080624,土地2建物0車位0,,,其他,,,,0.0,0,0,0,有,無,9500000,38678,,0.0,0,權利人共1人含未來興建1戶房屋價款,RPVNMLOJPHOFFAX97CA
西嶼鄉,土地,大池段271~300地號,271.66,,一般農業區,農牧用地,1080527,土地1建物0車位0,,,其他,,,,0.0,0,0,0,有,無,698000,2569,,0.0,0,,RPWNMLOJPHOFFAX08CA
望安鄉,土地,東吉段961~990地號,121.25,,鄉村區,乙種建築用地,1080425,土地1建物0車位0,,,其他,,,,0.0,0,0,0,有,無,156800,1293,,0.0,0,逾期未辦理繼承登記之案件,RPTNMLTLPHOFFAX58DA
馬公市,房地(土地+建物),澎湖縣馬公市大勇街1~30號,75.0,商,,,1080619,土地3建物1車位0,全,四層,透天厝,住家用,鋼筋混凝土造,0931027,247.57,4,2,3,有,無,5020300,20278,,0.0,0,親友、員工或其他特殊關係間之交易。;,RPPNMLKMPHOFFAX37DA
馬公市,房地(土地+建物)+車位,澎湖縣馬公市貿商街121~150號,30.32,住,,,1080618,土地2建物1車位1,七層,十四層,住宅大樓(11層含以上有電梯),見其他登記事項,鋼筋混凝土造,0950710,186.36,3,2,2,有,有,2000000,10732,坡道平面,0.0,0,親友、員工或其他特殊關係間之交易。;,RPRNMLPJPHOFFAX77DA
白沙鄉,土地,講美段1231~1260地號,150.01,,一般農業區,農牧用地,1080625,土地1建物0車位0,,,其他,,,,0.0,0,0,0,有,無,567000,3780,,0.0,0,,RPSNMLSJPHOFFAX08CA
白沙鄉,土地,講美段1201~1230地號,617.6,,一般農業區,農牧用地,1080625,土地1建物0車位0,,,其他,,,,0.0,0,0,0,有,無,2220000,3595,,0.0,0,,RPTNMLSJPHOFFAX18CA
馬公市,房地(土地+建物),澎湖縣馬公市石泉1~30號,63.91,,一般農業區,甲種建築用地,1080605,土地1建物1車位0,全,二層,透天厝,住家用,鋼筋混凝土加強磚造,0791201,81.6,3,2,2,有,無,3485000,42708,,0.0,0,,RPQNMLTJPHOFFAX97CA
白沙鄉,土地,上瓦硐段361~390地號,642.31,,一般農業區,農牧用地,1080408,土地2建物0車位0,,,其他,,,,0.0,0,0,0,有,無,1300000,2024,,0.0,0,,RPSNMLRKPHOFFAX08CA
馬公市,土地,西澳段1021~1050地號,113.75,住,,,1080624,土地1建物0車位0,,,其他,,,,0.0,0,0,0,有,無,6300000,55385,,0.0,0,,RPTNMLRKPHOFFAX18CA
馬公市,土地,興仁南段91~120地號,879.37,,風景區,農牧用地,1080525,土地1建物0車位0,,,其他,,,,0.0,0,0,0,有,無,6916000,7865,,0.0,0,,RPRNMLTJPHOFFAX08CA
湖西鄉,土地,湖東新段871~900地號,140.06,,一般農業區,農牧用地,1080621,土地1建物0車位0,,,其他,,,,0.0,0,0,0,有,無,315000,2249,,0.0,0,,RPSNMLTJPHOFFAX18CA
湖西鄉,土地,沙港北段1321~1350地號,78.1,,鄉村區,乙種建築用地,1071030,土地1建物0車位0,,,其他,,,,0.0,0,0,0,有,無,251688,3223,,0.0,0,逾期未辦理繼承登記土地標售案件,RPPNMLRKPHOFFAX87DA
七美鄉,土地,大嶼段3991~4020地號,464.67,,一般農業區,農牧用地,1080327,土地2建物0車位0,,,其他,,,,0.0,0,0,0,有,無,1002060,2156,,0.0,0,澎湖縣政府代為標售107年度第1批第2次地籍清理未能釐清權屬土地,RPVNMLTKPHOFFAX58CA
馬公市,房地(土地+建物),澎湖縣馬公市新生路151~180號,799.0,住,,,1071206,土地4建物1車位0,全,二層,透天厝,住家用,見其他登記事項,0520701,307.42,4,2,2,有,無,41140000,133823,,0.0,0,,RPTNMLTJPHOFFAX28CA
馬公市,房地(土地+建物),澎湖縣馬公市文昌街7巷1~30號,86.23,住,,,1080525,土地1建物1車位0,全,二層,透天厝,住家用,鋼筋混凝土加強磚造,0761020,129.23,3,3,2,有,無,7000000,54167,,0.0,0,,RPSNMLPKPHOFFAX87CA
馬公市,房地(土地+建物),澎湖縣馬公市後窟潭31~60號,107.14,,鄉村區,乙種建築用地,1080531,土地1建物1車位0,全,四層,透天厝,見其他登記事項,鋼筋混凝土造,0991015,328.54,3,2,3,有,無,10600000,32264,,0.0,0,,RPRNMLMKPHOFFAX47CA
馬公市,房地(土地+建物),澎湖縣馬公市鐵線尾91~120號,234.15,,一般農業區,甲種建築用地,1080117,土地3建物1車位0,全,三層,透天厝,住家用,鋼筋混凝土造,1030127,255.23,6,2,7,有,無,10800000,42315,,0.0,0,,RPQNMLMKPHOFFAX37CA
西嶼鄉,房地(土地+建物),澎湖1~30號,172.4,住,,,1080625,土地3建物1車位0,全,一層,透天厝,住家用,見其他登記事項,,76.03,0,0,0,無,無,2150000,28278,,0.0,0,包含公共設施保留地之交易。;房屋已坍塌。,RPSNMLTKPHOFFAX28CA
馬公市,房地(土地+建物),澎湖縣馬公市三多路451~480號,6.61,住,,,1080704,土地1建物1車位0,四層,七層,套房(1房1廳1衛),住家用,鋼筋混凝土造,0860710,39.75,1,0,1,有,有,1000000,25157,,0.0,0,,RPRNMLLKPHOFFAX47DA
馬公市,房地(土地+建物)+車位,澎湖縣馬公市文山路27巷1~30號,50.17,住,,,1080604,土地2建物1車位1,五層,八層,華廈(10層含以下有電梯),住家用,鋼筋混凝土造,0860628,247.54,4,1,4,有,有,5650000,22825,坡道平面,0.0,0,,RPRNMLRKPHOFFAX97CA
馬公市,房地(土地+建物),澎湖縣馬公市菜園61~90號,19.21,,鄉村區,乙種建築用地,1080610,土地1建物1車位0,一層,六層,華廈(10層含以下有電梯),見其他登記事項,鋼筋混凝土造,1080418,68.18,2,2,1,有,有,3280000,48108,,0.0,0,,RPPNMLSKPHOFFAX87CA
馬公市,房地(土地+建物)+車位,澎湖縣馬公市菜園61~90號,22.1,,鄉村區,乙種建築用地,1080610,土地1建物1車位1,二層,六層,華廈(10層含以下有電梯),見其他登記事項,鋼筋混凝土造,1080418,109.64,2,2,1,有,有,3480000,31740,坡道平面,0.0,0,,RPQNMLSKPHOFFAX97CA
湖西鄉,土地,湖東新段1471~1500地號,120.73,,一般農業區,農牧用地,1080708,土地1建物0車位0,,,其他,,,,0.0,0,0,0,有,無,109562,907,,0.0,0,,RPRNMLOLPHOFFAX87DA
湖西鄉,土地,潭邊新段661~690地號,15.2,,鄉村區,乙種建築用地,1080612,土地1建物0車位0,,,其他,,,,0.0,0,0,0,有,無,312099,20533,,0.0,0,"交易總價含土地增值稅12048元,印花稅51元",RPRNMLTKPHOFFAX28DA
馬公市,房地(土地+建物),澎湖縣馬公市菜園61~90號,21.88,,鄉村區,乙種建築用地,1080610,土地1建物1車位0,五層,六層,華廈(10層含以下有電梯),見其他登記事項,鋼筋混凝土造,1080418,78.12,2,2,1,有,有,3420000,43779,,0.0,0,,RPRNMLSKPHOFFAX08CA
馬公市,房地(土地+建物),澎湖縣馬公市新生路64巷1~30號,34.0,商,,,1080704,土地1建物1車位0,全,二層,透天厝,見其他登記事項,鋼筋混凝土加強空心磚造,0620630,64.61,2,1,2,有,無,3050000,47206,,0.0,0,,RPUNMLRKPHOFFAX28CA
馬公市,房地(土地+建物),澎湖縣馬公市菜園61~90號,22.1,,鄉村區,乙種建築用地,1080610,土地1建物1車位0,五層,六層,華廈(10層含以下有電梯),見其他登記事項,鋼筋混凝土造,1080418,78.9,2,2,1,有,有,3580000,45374,,0.0,0,,RPUNMLSKPHOFFAX38CA
湖西鄉,土地,葉新段1141~1170地號,1049.02,,一般農業區,農牧用地,1080430,土地1建物0車位0,,,其他,,,,0.0,0,0,0,有,無,4500000,4290,,0.0,0,,RPWNMLSKPHOFFAX58CA
白沙鄉,土地,赤崁中段1171~1200地號,694.54,,一般農業區,農牧用地,1080515,土地1建物0車位0,,,其他,,,,0.0,0,0,0,有,無,6513000,9377,,0.0,0,,RPPOMLSKPHOFFAX97CA
馬公市,房地(土地+建物)+車位,澎湖縣馬公市貿商街121~150號,28.82,住,,,1080619,土地2建物1車位1,六層,十四層,住宅大樓(11層含以上有電梯),見其他登記事項,鋼筋混凝土造,0950710,177.19,3,2,2,有,有,4900000,27654,坡道平面,0.0,0,,RPQOMLSKPHOFFAX08CA
馬公市,房地(土地+建物)+車位,澎湖縣馬公市三多路391~420號,16.35,商,,,1080617,土地1建物1車位1,九層,十層,華廈(10層含以下有電梯),住家用,鋼筋混凝土造,0850308,192.65,3,2,2,有,有,4900000,25435,升降機械,0.0,0,,RPQNMLTKPHOFFAX08CA
馬公市,房地(土地+建物),澎湖縣馬公市菜園61~90號,19.88,,鄉村區,乙種建築用地,1080610,土地1建物1車位0,六層,六層,華廈(10層含以下有電梯),見其他登記事項,鋼筋混凝土造,1080418,70.84,2,2,1,有,有,3330000,47007,,0.0,0,,RPUNMLTKPHOFFAX48CA
馬公市,房地(土地+建物),澎湖縣馬公市菜園61~90號,19.88,,鄉村區,乙種建築用地,1080610,土地1建物1車位0,五層,六層,華廈(10層含以下有電梯),見其他登記事項,鋼筋混凝土造,1080418,70.84,2,2,1,有,有,3180000,44890,,0.0,0,,RPSNMLSKPHOFFAX18CA
湖西鄉,土地,東石新段751~780地號,1301.06,,一般農業區,農牧用地,1080419,土地2建物0車位0,,,其他,,,,0.0,0,0,0,有,無,1855000,1426,,0.0,0,逾期未辦理繼承登記土地標售案,RPOOMLSKPHOFFAX97DA
白沙鄉,建物,澎湖縣白沙鄉講美31~60號,0.0,,,,1080628,土地0建物1車位0,全,一層,透天厝,住家用,見其他登記事項,0120101,87.65,7,1,0,有,無,8300,95,,0.0,0,向政府機關承購之案件。;,RPPNMLTKPHOFFAX08DA
馬公市,房地(土地+建物),澎湖縣馬公市後窟潭1~30號,97.65,,一般農業區,甲種建築用地,1080701,土地1建物1車位0,全,三層,透天厝,住家用,鋼筋混凝土造,0870810,193.06,4,2,4,有,無,6500000,33668,,0.0,0,,RPPNMLOLPHOFFAX57CA
馬公市,房地(土地+建物),澎湖縣馬公市貿商街121~150號,31.4,住,,,1080523,土地1建物1車位0,十三層,十三層,住宅大樓(11層含以上有電梯),見其他登記事項,鋼筋混凝土造,0950629,211.2,3,2,2,有,有,5850000,27699,,0.0,0,,RPPNMLMJQHOFFAX27CA
馬公市,房地(土地+建物),澎湖縣馬公市五福路3巷32弄1~30號,76.45,,鄉村區,乙種建築用地,1080422,土地1建物1車位0,全,三層,透天厝,住家用,鋼筋混凝土加強磚造,0740809,132.7,4,1,2,有,無,4900000,36925,,0.0,0,,RPTNMLKMPHOFFAX67CA
湖西鄉,土地,紅羅段1291~1320地號,806.9,,一般農業區,農牧用地,1070911,土地1建物0車位0,,,其他,,,,0.0,0,0,0,有,無,1060000,1314,,0.0,0,逾期未辦繼承登記標售,RPWNMLTKPHOFFAX68CA
望安鄉,土地,花宅段151~180地號,750.0,,風景區,丁種建築用地,1080430,土地1建物0車位0,,,其他,,,,0.0,0,0,0,有,無,2100000,2800,,0.0,0,,RPQNMLMLPHOFFAX47CA
湖西鄉,土地,成功南段1321~1350地號,215.61,,一般農業區,甲種建築用地,1080514,土地2建物0車位0,,,其他,,,,0.0,0,0,0,有,無,7520000,34878,,0.0,0,"農變建之起造人變更,含未來興建房屋價款",RPRNMLRJQHOFFAX97CA
湖西鄉,土地,龍門南段331~360地號,33.41,,鄉村區,乙種建築用地,1080510,土地1建物0車位0,,,其他,,,,0.0,0,0,0,有,無,165000,4939,,0.0,0,親友、員工或其他特殊關係間之交易。;相關稅費由權利人負擔,RPRNMLKMPHOFFAX57DA
馬公市,房地(土地+建物),澎湖縣馬公市仁愛路61~90號,8.6,住,,,1080711,土地1建物1車位0,全,一層,透天厝,住家用,見其他登記事項,,2.85,1,1,1,有,無,455000,159649,,0.0,0,親友、員工或其他特殊關係間之交易。;,RPSNMLSJQHOFFAX28DA
馬公市,房地(土地+建物),澎湖縣馬公市三多路31~60號,12.5,住,,,1080703,土地2建物1車位0,四層,十層,套房(1房1廳1衛),住家用,鋼筋混凝土造,0850215,80.55,1,1,1,有,有,2280000,28305,,0.0,0,,RPPNMLQLPHOFFAX87DA
西嶼鄉,土地,內垵三段811~840地號,262.04,,一般農業區,農牧用地,1080715,土地1建物0車位0,,,其他,,,,0.0,0,0,0,有,無,620000,2366,,0.0,0,,RPRNMLMLPHOFFAX57CA
馬公市,土地,鐵線段301~330地號,1202.89,,一般農業區,農牧用地,1080708,土地1建物0車位0,,,其他,,,,0.0,0,0,0,有,無,800000,665,,0.0,0,,RPPNMLNLPHOFFAX47CA
西嶼鄉,土地,赤馬二段331~360地號,386.81,,一般農業區,農牧用地,1080520,土地1建物0車位0,,,其他,,,,0.0,0,0,0,有,無,502853,1300,,0.0,0,親友、員工或其他特殊關係間之交易。;,RPPNMLTLPHOFFAX08CA
馬公市,房地(土地+建物),澎湖縣馬公市石泉181~210號,177.91,,一般農業區,甲種建築用地,1080617,土地2建物1車位0,全,三層,透天厝,住家用,鋼筋混凝土造,0941003,192.66,5,2,4,有,無,8200000,42562,,0.0,0,,RPVNMLTLPHOFFAX68CA
馬公市,土地,風櫃西段781~810地號,182.15,,鄉村區,乙種建築用地,1080624,土地1建物0車位0,,,其他,,,,0.0,0,0,0,有,無,1000000,5490,,0.0,0,親友、員工或其他特殊關係間之交易。;,RPQNMLPLPHOFFAX77CA
馬公市,土地,安宅段391~420地號,3125.78,,一般農業區,農牧用地,1080628,土地16建物0車位0,,,其他,,,,0.0,0,0,0,有,無,10000000,3199,,0.0,0,,RPOOMLQJQHOFFAX67CA
白沙鄉,土地,後寮段1261~1290地號,320.0,,一般農業區,農牧用地,1080701,土地1建物0車位0,,,其他,,,,0.0,0,0,0,有,無,3750000,11719,,0.0,0,,RPQNMLTLPHOFFAX28DA
馬公市,土地,山水西段241~270地號,2153.83,,一般農業區,農牧用地,1080513,土地1建物0車位0,,,其他,,,,0.0,0,0,0,有,無,4880000,2266,,0.0,0,,RPSNMLKMPHOFFAX57CA
馬公市,土地,中山段241~270地號,1.73,農,,,1080618,土地1建物0車位0,,,其他,,,,0.0,0,0,0,有,無,44513,25730,,0.0,0,向政府機關承購之案件。;,RPPNMLLMPHOFFAX47DA
白沙鄉,土地,赤崁西段1051~1080地號,620.47,,一般農業區,農牧用地,1080628,土地3建物0車位0,,,其他,,,,0.0,0,0,0,有,無,868658,1400,,0.0,0,,RPQNMLKMPHOFFAX47DA
湖西鄉,土地,北寮新段91~120地號,82.48,,鄉村區,乙種建築用地,1071030,土地1建物0車位0,,,其他,,,,0.0,0,0,0,有,無,288000,3492,,0.0,0,向政府機關承購之案件。;逾期未辦繼承標售,RPQNMLQLPHOFFAX97DA
馬公市,房地(土地+建物),澎湖縣馬公市中興路4巷1~30號,23.0,商,,,1080713,土地1建物1車位0,全,二層,透天厝,商業用,鋼筋混凝土加強空心磚造,0610828,31.05,2,1,1,有,無,1300000,41868,,0.0,0,,RPUNMLTLPHOFFAX58CA
馬公市,房地(土地+建物),澎湖縣馬公市朝陽路61~90號,22.17,住,,,1080712,土地2建物1車位0,四層,五層,公寓(5樓含以下無電梯),住家用,鋼筋混凝土造,0840715,70.13,2,1,1,有,無,2600000,37074,,0.0,0,,RPRNMLSJQHOFFAX08CA
馬公市,房地(土地+建物),澎湖縣馬公市文明路151~180號,22.22,住,,,1080610,土地1建物1車位0,六層,七層,華廈(10層含以下有電梯),住家用,鋼筋混凝土造,0840128,99.63,3,2,2,有,無,717115,7198,,0.0,0,親友、員工或其他特殊關係間之交易。;,RPUNMLSJQHOFFAX38CA
馬公市,土地,五德東段361~390地號,401.98,,一般農業區,農牧用地,1080717,土地3建物0車位0,,,其他,,,,0.0,0,0,0,有,無,8700000,21643,,0.0,0,共有人2人。農變建專案核准興建住宅,RPRNMLNKQHOFFAX67CA
馬公市,土地,國宅段181~210地號,1433.91,,一般農業區,農牧用地,1080711,土地1建物0車位0,,,其他,,,,0.0,0,0,0,有,無,6150000,4289,,0.0,0,,RPPNMLKLQHOFFAX27CA
白沙鄉,土地,講美段691~720地號,329.6,,一般農業區,農牧用地,1080716,土地1建物0車位0,,,其他,,,,0.0,0,0,0,有,無,1400000,4248,,0.0,0,親友、員工或其他特殊關係間之交易。;,RPUNMLPKQHOFFAX18CA
馬公市,土地,文東段511~540地號,1119.39,,一般農業區,農牧用地,1080527,土地1建物0車位0,,,其他,,,,0.0,0,0,0,有,無,13200000,11792,,0.0,0,親友、員工或其他特殊關係間之交易。;共有人3人,RPVNMLPKQHOFFAX28CA
馬公市,房地(土地+建物),澎湖縣馬公市樹德路1~30號,48.67,住,,,1080604,土地2建物1車位0,全,四層,透天厝,住商用,鋼筋混凝土造,0720525,193.81,7,4,4,有,無,7000000,36118,,0.0,0,親友、員工或其他特殊關係間之交易。;,RPQNMLLMIIOFFAX86CA
馬公市,土地,山水南段721~750地號,178.14,,鄉村區,乙種建築用地,1080620,土地1建物0車位0,,,其他,,,,0.0,0,0,0,有,無,2450000,13753,,0.0,0,,RPQNMLRJQHOFFAX87CA
白沙鄉,土地,講美段691~720地號,1128.81,,一般農業區,農牧用地,1080708,土地1建物0車位0,,,其他,,,,0.0,0,0,0,有,無,3414600,3025,,0.0,0,,RPRNMLMJQHOFFAX47CA
白沙鄉,土地,赤崁北段541~570地號,649.72,,一般農業區,農牧用地,1080711,土地1建物0車位0,,,其他,,,,0.0,0,0,0,有,無,982500,1512,,0.0,0,,RPRNMLLMPHOFFAX57CA
湖西鄉,土地,青螺新段1141~1170地號,221.61,,鄉村區,乙種建築用地,1080720,土地1建物0車位0,,,其他,,,,0.0,0,0,0,有,無,804000,3628,,0.0,0,,RPPNMLLJQHOFFAX17CA
湖西鄉,土地,尖山中段1291~1320地號,643.34,,一般農業區,農牧用地,1080619,土地1建物0車位0,,,其他,,,,0.0,0,0,0,有,無,642000,998,,0.0,0,,RPSNMLQJQHOFFAX97CA
湖西鄉,房地(土地+建物),澎湖縣湖西鄉港子尾1~30號,248.99,,一般農業區,甲種建築用地,1070206,土地2建物1車位0,全,三層,透天厝,住家用,鋼筋混凝土造,1060516,233.45,5,2,6,有,無,7400000,31698,,0.0,0,,RPVNMLSJQHOFFAX48CA
湖西鄉,土地,沙港南段331~360地號,664.08,,一般農業區,農牧用地,1080723,土地1建物0車位0,,,其他,,,,0.0,0,0,0,有,無,21030000,31668,,0.0,0,"權利人共3人,含未來興建3戶房屋價款",RPPNMLTLQHOFFAX18CA
湖西鄉,土地,林投北段151~180地號,1311.33,,一般農業區,農牧用地,1051119,土地1建物0車位0,,,其他,,,,0.0,0,0,0,有,無,7500000,5719,,0.0,0,"土地增值稅賣方負擔72000元,買方負擔49881元",RPXNMLRJQHOFFAX58CA
西嶼鄉,土地,二崁南段481~510地號,200.93,其他,,,1080724,土地1建物0車位0,,,其他,,,,0.0,0,0,0,有,無,210000,1045,,0.0,0,,RPQNMLQJQHOFFAX77CA
馬公市,土地,興崁段1081~1110地號,262.6,,一般農業區,農牧用地,1080702,土地1建物0車位0,,,其他,,,,0.0,0,0,0,有,無,553600,2108,,0.0,0,逾期未辦理繼承登記標售案,RPQNMLMJQHOFFAX47DA
馬公市,房地(土地+建物),澎湖縣馬公市文明路121~150號,24.32,住,,,1080626,土地1建物1車位0,四層,五層,華廈(10層含以下有電梯),住家用,鋼筋混凝土造,0890126,90.91,3,2,2,有,有,3600000,39600,,0.0,0,親友、員工或其他特殊關係間之交易。;,RPSNMLRJQHOFFAX08CA
馬公市,房地(土地+建物),澎湖縣馬公市菜園61~90號,22.1,,鄉村區,乙種建築用地,1080610,土地1建物1車位0,一層,六層,華廈(10層含以下有電梯),見其他登記事項,鋼筋混凝土造,1080418,78.95,2,2,1,有,有,3680000,46612,,0.0,0,,RPVNMLMKQHOFFAX97CA
馬公市,房地(土地+建物),澎湖縣馬公市菜園61~90號,20.04,,鄉村區,乙種建築用地,1080610,土地1建物1車位0,一層,六層,華廈(10層含以下有電梯),見其他登記事項,鋼筋混凝土造,1080418,70.83,2,2,2,有,有,3280000,46308,,0.0,0,,RPWNMLMKQHOFFAX08CA
馬公市,房地(土地+建物)+車位,澎湖縣馬公市菜園61~90號,21.88,,鄉村區,乙種建築用地,1080610,土地1建物1車位1,一層,六層,華廈(10層含以下有電梯),見其他登記事項,鋼筋混凝土造,1080418,108.85,2,2,1,有,有,3660000,33624,坡道平面,0.0,0,,RPXNMLMKQHOFFAX18CA
馬公市,房地(土地+建物)+車位,澎湖縣馬公市文山路61~90號,29.82,住,,,1080608,土地2建物1車位1,七層,七層,華廈(10層含以下有電梯),住家用,鋼筋混凝土造,0821217,159.43,3,2,2,有,有,4500000,28226,坡道平面,0.0,0,,RPSNMLPKQHOFFAX97CA
湖西鄉,房地(土地+建物),澎湖縣湖西鄉湖東61~90號,384.08,,鄉村區,乙種建築用地,1080625,土地1建物1車位0,全,二層,透天厝,住家用,加強磚造,0890124,139.61,7,2,5,有,無,6580000,47131,,0.0,0,,RPUNMLQJQHOFFAX18CA
湖西鄉,建物,澎湖縣湖西鄉湖東61~90號,0.0,,,,1080625,土地0建物1車位0,全,三層,透天厝,住家用,鋼筋混凝土造,0791024,212.73,4,2,2,有,無,0,0,,0.0,0,,SPUNMLQJQHOFFAX28CA
湖西鄉,土地,潭邊新段271~300地號,118.83,,一般農業區,農牧用地,1080729,土地1建物0車位0,,,其他,,,,0.0,0,0,0,有,無,780000,6564,,0.0,0,,RPWNMLQJQHOFFAX38CA
馬公市,土地,文寮段481~510地號,217.16,,一般農業區,農牧用地,1080510,土地1建物0車位0,,,其他,,,,0.0,0,0,0,有,無,2600000,11973,,0.0,0,,RPPNMLQJQHOFFAX67CA
湖西鄉,土地,潭邊新段271~300地號,99.65,,一般農業區,農牧用地,1080729,土地1建物0車位0,,,其他,,,,0.0,0,0,0,有,無,1000000,10035,,0.0,0,,RPXNMLQJQHOFFAX48CA
馬公市,房地(土地+建物),澎湖縣馬公市朝陽路121~150號,31.05,住,,,1071204,土地2建物1車位0,四層,七層,華廈(10層含以下有電梯),住家用,鋼筋混凝土造,0840623,159.78,3,2,2,有,無,4200000,26286,,0.0,0,,RPTNMLRJQHOFFAX18CA
馬公市,土地,文寮段1321~1350地號,532.62,,一般農業區,農牧用地,1080516,土地1建物0車位0,,,其他,,,,0.0,0,0,0,有,無,3860000,7247,,0.0,0,,RPWNMLRJQHOFFAX48CA
馬公市,房地(土地+建物),澎湖縣馬公市菜園61~90號,19.88,,鄉村區,乙種建築用地,1080610,土地1建物1車位0,二層,六層,華廈(10層含以下有電梯),見其他登記事項,鋼筋混凝土造,1080418,70.84,2,2,1,有,有,2880000,40655,,0.0,0,,RPOOMLMKQHOFFAX37CA
馬公市,房地(土地+建物),澎湖縣馬公市菜園61~90號,22.1,,鄉村區,乙種建築用地,1080610,土地1建物1車位0,三層,六層,華廈(10層含以下有電梯),見其他登記事項,鋼筋混凝土造,1080418,78.9,2,2,1,有,有,3380000,42839,,0.0,0,,RPPOMLMKQHOFFAX47CA
湖西鄉,房地(土地+建物),澎湖縣湖西鄉港底31~60號,87.02,,鄉村區,乙種建築用地,1080729,土地1建物1車位0,全,一層,透天厝,住家用,見其他登記事項,0651224,71.5,5,2,2,有,無,3600000,50350,,0.0,0,,RPTOMLMKQHOFFAX87CA
湖西鄉,土地,許家段901~930地號,175.14,,一般農業區,甲種建築用地,1080711,土地2建物0車位0,,,其他,,,,0.0,0,0,0,有,無,6600000,37684,,0.0,0,此為單戶農變建變更起造人含未來興建房屋之費用。,RPWOMLMKQHOFFAX18CA
湖西鄉,土地,北寮新段511~540地號,247.5,,一般農業區,農牧用地,1080802,土地1建物0車位0,,,其他,,,,0.0,0,0,0,有,無,346500,1400,,0.0,0,親友、員工或其他特殊關係間之交易。;,RPPNMLRJQHOFFAX87DA
湖西鄉,土地,尖山中段1231~1260地號,1241.05,,一般農業區,農牧用地,1080605,土地1建物0車位0,,,其他,,,,0.0,0,0,0,有,無,1688888,1361,,0.0,0,向政府機關承購之案件。;逾期未辦繼承標售,RPPNMLSJQHOFFAX97DA
馬公市,房地(土地+建物),澎湖縣馬公市菜園61~90號,20.04,,鄉村區,乙種建築用地,1080610,土地1建物1車位0,四層,六層,華廈(10層含以下有電梯),見其他登記事項,鋼筋混凝土造,1080418,70.83,2,2,2,有,有,3100000,43767,,0.0,0,,RPQOMLMKQHOFFAX57CA
馬公市,土地,北澳段1~30地號,1450.0,,一般農業區,農牧用地,1080725,土地1建物0車位0,,,其他,,,,0.0,0,0,0,有,無,29700000,20483,,0.0,0,,RPVNMLRJQHOFFAX38CA
馬公市,房地(土地+建物)+車位,澎湖縣馬公市菜園61~90號,22.1,,鄉村區,乙種建築用地,1080610,土地1建物1車位1,四層,六層,華廈(10層含以下有電梯),見其他登記事項,鋼筋混凝土造,1080418,109.64,2,2,1,有,有,3800000,34659,坡道平面,0.0,0,,RPUNMLMKQHOFFAX87CA
馬公市,房地(土地+建物)+車位,澎湖縣馬公市菜園61~90號,22.1,,鄉村區,乙種建築用地,1080610,土地1建物1車位1,六層,六層,華廈(10層含以下有電梯),見其他登記事項,鋼筋混凝土造,1080418,109.64,2,2,1,有,有,3900000,35571,坡道平面,0.0,0,,RPROMLMKQHOFFAX67CA
馬公市,房地(土地+建物),澎湖縣馬公市菜園61~90號,20.04,,鄉村區,乙種建築用地,1080610,土地1建物1車位0,六層,六層,華廈(10層含以下有電梯),見其他登記事項,鋼筋混凝土造,1080418,70.83,2,2,2,有,有,3660000,51673,,0.0,0,,RPPNMLNKQHOFFAX47CA
湖西鄉,土地,許家段1081~1110地號,1141.59,,一般農業區,農牧用地,1080710,土地1建物0車位0,,,其他,,,,0.0,0,0,0,有,無,14500000,12702,,0.0,0,,RPPNMLQKQHOFFAX77CA
馬公市,房地(土地+建物),澎湖縣馬公市文化路31~60號,20.81,住,,,1080613,土地1建物1車位0,六層,七層,華廈(10層含以下有電梯),住家用,鋼筋混凝土造,0830601,111.42,3,2,2,有,有,3800000,34105,,0.0,0,,RPQNMLTKQHOFFAX18CA
湖西鄉,房地(土地+建物),澎湖縣湖西鄉隘門61~90號,229.27,,鄉村區,乙種建築用地,1080603,土地1建物1車位0,全,一層,透天厝,住家用,見其他登記事項,0170101,89.25,0,0,0,無,無,3500000,39216,,0.0,0,,RPUOMLMKQHOFFAX97CA
