﻿編號,屋齡,建物移轉面積平方公尺,主要用途,主要建材,建築完成日期,總層數,建物分層
The serial number,room age,building shifting area square meter,the main use,main building materials,construction completes the date,total layer,building lamination
RPPNMLOJKHLFFCD57CC,3,177.43,住家用,鋼筋混凝土構造,102年7月11日,十八層,
RPPNMLOJKHLFFCD57CC,3,86.99,共有部分,鋼筋混凝土構造,102年7月11日,十八層,
RPPNMLOJKHLFFCD57CC,3,25.90,共有部分,鋼筋混凝土構造,102年7月11日,十八層,
RPXNMLNJKHLFFAD08CC,,86.72,見其他登記事項,見其他登記事項,104年11月5日,二十四層,
RPQNMLNJKHLFFFR66CC,20,293.16,農舍,鋼筋混凝土造,84年10月21日,二層,
RPOOMLNJKHLFFFR56CC,30,181.69,住家用,鋼筋混凝土造,74年11月15日,三層,
RPRNMLLJKHLFFER09CC,20,62.26,住商用,鋼筋混凝土造,85年3月15日,四層,
RPTNMLOJKHLFFCD97CC,38,25.00,住家用,鋼筋混凝土構造,67年5月9日,四層,
RPXNMLOJKHLFFAD18CC,25,185.47,商業用,鋼造,79年11月9日,一層,
RPSOMLOJKHLFFAD77CC,,116.85,見其他登記事項,見其他登記事項,104年9月3日,二十層,
RPPNMLPKKHLFFER76CC,18,79.57,住家用,鋼筋混凝土造,86年8月25日,七層,
RPTNMLOJKHLFFHR27CC,6,219.18,住家用,鋼筋混凝土造,99年5月24日,四層,
RPPNMLMJKHLFFHR66CC,22,33.96,住家用,鋼筋混凝土造,83年3月16日,七層,
RPQNMLMJKHLFFHR76CC,18,189.13,見其他登記事項,鋼筋混凝土造,86年11月10日,四層,
RPSNMLNJKHLFFHR07CC,22,81.90,住家用,鋼筋混凝土造,83年3月22日,十一層,
RPSNMLNJKHLFFHR07CC,22,22.36,共有部分,鋼筋混凝土造,83年3月22日,十一層,
RPSNMLNJKHLFFHR07CC,22,8.27,共有部分,鋼筋混凝土造,83年3月22日,十一層,
RPTOMLOJKHLFFHR37CC,40,37.11,住家用,加強磚造,64年10月1日,二層,
RPTPMLPJKHLFFAD08CC,7,219.21,見其他登記事項,見其他登記事項,97年8月5日,四層,
RPTOMLPJKHLFFAD97CC,10,30.21,見其他登記事項,見其他登記事項,95年7月13日,十一層,
RPTOMLPJKHLFFAD97CC,10,4.93,共有部分,見其他登記事項,95年7月13日,十一層,
RPTOMLPJKHLFFAD97CC,10,8.21,共有部分,見其他登記事項,95年7月13日,十一層,
RPTOMLPJKHLFFAD97CC,10,.01,共有部分,見其他登記事項,95年7月13日,十一層,
RPRNMLPKKHLFFER96CC,18,185.28,住商用,鋼筋混凝土造,86年9月11日,四層,
RPRNMLPJKHLFFBD77CC,11,266.09,見其他登記事項,鋼筋混凝土造,94年5月3日,三層,
RPRNMLPJKHLFFBD77CC,11,.10,見其他登記事項,鋼筋混凝土造,93年12月24日,一層,
RPRNMLOJKHLFFBD67CC,1,179.23,見其他登記事項,鋼筋混凝土造,104年1月19日,四層,
RPPNMLQKKHLFFBD77CC,3,158.52,見其他登記事項,鋼筋混凝土造,102年2月6日,三層,
RPUNMLSKKHLFFHR87CC,8,156.23,住家用,鋼筋混凝土造,96年9月20日,十四層,
RPQNMLSKKHLFFBD08CC,3,158.52,見其他登記事項,鋼筋混凝土構造,102年2月6日,三層,
RPSOMLTKKHLFFAD48DC,15,462.54,見其他登記事項,鋼骨鋼筋混凝土造,90年1月3日,十層,
RPRNMLTKKHLFFHR67CC,22,55.91,住家用,鋼筋混凝土造,83年7月22日,七層,
RPSNMLSKKHLFFFR47CC,42,229.44,住家用,加強磚造,62年12月1日,三層,
RPQNMLKLKHLFFAD27CC,7,56.24,見其他登記事項,鋼筋混凝土造,97年12月19日,十四層,
RPQNMLKLKHLFFAD27CC,7,10.65,共有部分,鋼筋混凝土造,97年12月19日,十四層,
RPWNMLTKKHLFFAD68CC,21,74.98,住家用,鋼筋混凝土造,84年7月29日,十七層,
RPPNMLSKKHLFFCD08CC,24,35.74,住商用,鋼筋混凝土構造,80年9月27日,三層,
RPQNMLRKKHLFFCD08CC,34,134.02,住商用,鋼筋混凝土構造,70年11月3日,五層,
RPQNMLRKKHLFFCD08CC,34,27.21,見其他登記事項,鋼筋混凝土構造,70年11月3日,五層,
RPQNMLLLKHLFFAD37CC,52,115.62,住家用,磚造,53年1月1日,二層,
RPQNMLSKKHLFFCD18CC,29,326.81,住商用,鋼筋混凝土構造,75年12月3日,四層,
RPTNMLTKKHLFFCD58CC,1,184.55,住家用,鋼筋混凝土構造,104年3月12日,四層,
RPRNMLLLKHLFFAD47CC,8,22.55,見其他登記事項,見其他登記事項,96年8月24日,十四層,
RPXOMLRKKHLFFAD68CC,7,57.58,見其他登記事項,鋼筋混凝土造,97年12月19日,十四層,
RPPNMLLLKHLFFAD27CC,3,517.11,見其他登記事項,見其他登記事項,102年2月1日,五層,
RPOOMLSKKHLFFCD08CC,25,62.73,見其他登記事項,鋼筋混凝土構造,79年12月26日,六層,
RPOOMLSKKHLFFCD08CC,25,20.60,共有部分,鋼筋混凝土構造,79年12月26日,六層,
RPSNMLKLKHLFFCD67CC,45,442.39,住家用,加強磚造,59年10月24日,二層,
RPTNMLMLKHLFFAD77CC,21,145.76,住家用,鋼筋混凝土造,84年1月4日,二十五層,
RPOOMLNLKHLFFCD67CC,36,205.48,住商用,鋼筋混凝土構造,68年11月1日,四層,
RPRNMLMLKHLFFCD77CC,17,153.95,住家用,鋼筋混凝土構造,88年7月6日,九層,
RPRNMLMLKHLFFCD77CC,17,77.53,共有部分,鋼筋混凝土構造,88年7月6日,九層,
RPVNMLOLKHLFFCD38CC,58,26.16,住家用,磚造,47年1月1日,一層,
RPQNMLMLKHLFFAD47CC,10,324.96,見其他登記事項,見其他登記事項,95年5月12日,四層,
RPSNMLOLKHLFFCD08CC,10,269.19,見其他登記事項,鋼筋混凝土構造,94年11月30日,五層,
RPXNMLOLKHLFFHR87CC,27,190.77,住商用,鋼筋混凝土造,77年12月29日,四層,
RPWNMLOLKHLFFCD48CC,25,21.40,住家用,鋼筋混凝土構造,79年12月26日,七層,
RPWNMLOLKHLFFCD48CC,25,8.36,共有部分,鋼筋混凝土構造,79年12月26日,七層,
RPXNMLOLKHLFFCD58CC,24,89.82,住家用,鋼筋混凝土構造,81年5月8日,六層,
RPXNMLOLKHLFFCD58CC,24,25.12,共有部分,鋼筋混凝土構造,81年5月8日,六層,
RPPOMLNLKHLFFER76CC,23,60.75,住家用,鋼筋混凝土造,82年7月7日,七層,
RPQNMLQLKHLFFHR37CC,22,146.60,住商用,鋼筋混凝土造,83年4月6日,八層,
RPSOMLPLKHLFFAD08CC,40,407.90,住商用,鋼筋混凝土造,65年5月19日,四層,
RPQOMLOLKHLFFAD77CC,,87.22,見其他登記事項,見其他登記事項,104年11月5日,二十四層,
RPSPMLOLKHLFFAD08CC,13,33.48,見其他登記事項,鋼筋混凝土造,91年11月14日,四層,
RPPOMLPLKHLFFAD77CC,34,126.87,住家用,鋼筋混凝土造,70年12月14日,三層,
RPSNMLQLKHLFFHR57CC,31,90.37,住家用,鋼筋混凝土造,73年10月1日,四層,
RPSOMLQLKHLFFHR67CC,8,109.87,住家用,鋼筋混凝土造,96年9月20日,十四層,
RPSOMLQLKHLFFHR67CC,8,67.84,共有部分,鋼筋混凝土造,96年9月20日,十四層,
RPPOMLLJLHLFFHR76CC,22,186.61,見其他登記事項,鋼筋混凝土造,82年10月14日,五層,
RPPNMLTLKHLFFBD18CC,21,137.23,住家用,鋼筋混凝土構造,84年6月8日,四層,
RPTNMLLJLHLFFER76CC,23,201.30,住家用,鋼筋混凝土造,82年6月17日,四層,
RPTOMLQLKHLFFHR77CC,16,93.51,住家用,鋼筋混凝土造,88年8月24日,十四層,
RPTOMLQLKHLFFHR77CC,16,2.37,共有部分,鋼筋混凝土造,88年8月24日,十四層,
RPTOMLQLKHLFFHR77CC,16,17.45,共有部分,鋼筋混凝土造,88年8月24日,十四層,
RPTOMLQLKHLFFHR77CC,16,18.76,共有部分,鋼筋混凝土造,88年8月24日,十四層,
RPQPMLNJLHLFFAD67CC,46,179.38,住家用,加強磚造,59年8月1日,二層,
RPTQMLLJLHLFFAD87CC,8,185.77,見其他登記事項,鋼筋混凝土造,96年12月27日,十九層,
RPSNMLNJLHLFFBD77CC,29,131.39,住家用,鋼筋混凝土構造,75年10月16日,二層,
RPSNMLQLKHLFFCD28CC,50,39.62,住家用,加強磚造,55年1月1日,二層,
RPPQMLNJLHLFFAD67CC,8,122.04,見其他登記事項,鋼筋混凝土造,96年12月27日,十九層,
RPQOMLOLKHLFFCD97CC,2,96.77,見其他登記事項,鋼筋混凝土構造,102年10月23日,十二層,
RPTNMLQLKHLFFCD38CC,42,25.41,住家用,加強磚造,63年5月16日,二層,
RPVOMLQLKHLFFCD68CC,24,128.95,住商用,鋼筋混凝土構造,81年1月25日,六層,
RPVOMLQLKHLFFCD68CC,24,9.67,共有部分,鋼筋混凝土構造,81年1月25日,六層,
RPVOMLQLKHLFFCD68CC,24,4.34,共有部分,鋼筋混凝土構造,81年1月25日,六層,
RPVOMLQLKHLFFCD68CC,24,16.37,共有部分,鋼筋混凝土構造,81年1月25日,六層,
RPTNMLOJLHLFFAD87CC,10,286.97,見其他登記事項,見其他登記事項,94年12月26日,五層,
RPSNMLRJLHLFFBD18CC,21,44.59,住商用,鋼筋混凝土構造,84年6月8日,四層,
RPQNMLSJLHLFFAD97CC,6,51.22,見其他登記事項,鋼筋混凝土造,99年4月6日,十四層,
RPQNMLSJLHLFFAD97CC,6,51.46,共有部分,鋼筋混凝土造,99年4月6日,十四層,
RPWOMLQLKHLFFCD78CC,31,102.20,住家用,加強磚造,74年1月12日,二層,
RPQNMLOJLHLFFHR07CC,28,121.66,住家用,鋼筋混凝土造,76年11月30日,二層,
RPQNMLTJLHLFFHR57CC,22,237.06,住家用,鋼筋混凝土造,82年4月16日,五層,
RPRNMLTJLHLFFCD38CC,26,224.57,住商用,鋼筋混凝土構造,79年6月25日,四層,
RPUNMLKKLHLFFHR17CC,17,124.95,住商用,鋼筋混凝土造,88年5月19日,十四層,
RPUNMLKKLHLFFHR17CC,17,28.61,共有部分,鋼筋混凝土造,88年5月19日,十四層,
RPRNMLOJLHLFFCD87CC,17,89.19,住家用,鋼筋混凝土構造,88年3月2日,五層,
RPWNMLKKLHLFFCD08CC,22,270.33,住家用,鋼筋混凝土構造,83年8月25日,十五層,
RPSNMLLKLHLFFCD77CC,8,29.06,住家用,鋼筋混凝土構造,97年2月29日,十四層,
RPSNMLLKLHLFFCD77CC,8,7.24,共有部分,鋼筋混凝土構造,97年2月29日,十四層,
RPSNMLLKLHLFFCD77CC,8,8.59,共有部分,鋼筋混凝土構造,97年2月29日,十四層,
RPWNMLKKLHLFFHR37CC,19,147.68,見其他登記事項,鋼筋混凝土造,86年5月19日,六層,
RPOOMLKKLHLFFCD37CC,6,131.46,商業用,鋼筋混凝土構造,99年5月7日,十四層,
RPPNMLTJLHLFFER17CC,23,215.39,住商用,鋼筋混凝土造,81年12月15日,四層,
RPVNMLKKLHLFFHR27CC,19,147.68,見其他登記事項,鋼筋混凝土造,86年5月19日,六層,
RPTNMLLKLHLFFFR96CC,34,78.96,住家用,加強磚造,71年2月25日,二層,
RPRNMLOJLHLFFDR76CC,36,164.34,住商用,鋼筋混凝土造,69年8月12日,三層,
RPXNMLOKLHLFFCD58CC,33,403.00,住家用,鋼筋混凝土造,72年6月2日,五層,
RPPNMLNKLHLFFCD67CC,18,180.08,商業用,鋼筋混凝土構造,87年2月20日,十層,
RPXNMLOKLHLFFCD58CC,33,3.22,共有部分,鋼筋混凝土造,72年6月2日,五層,
RPOOMLOKLHLFFCD77CC,34,59.76,住家用,鋼筋混凝土造,70年12月22日,五層,
RPOOMLOKLHLFFCD77CC,34,10.00,共有部分,鋼筋混凝土造,70年12月22日,五層,
RPVNMLLKLHLFFAD87CC,23,157.49,住家用,鋼筋混凝土造,82年4月1日,三層,
RPPNMLNKLHLFFAD47CC,25,17.55,住家用,鋼筋混凝土造,80年7月29日,七層,
RPXNMLOKLHLFFAD38CC,1,152.97,見其他登記事項,見其他登記事項,104年4月28日,一層,
RPXNMLOKLHLFFAD38CC,1,152.52,見其他登記事項,見其他登記事項,104年4月28日,一層,
RPROMLOKLHLFFAD87CC,9,47.18,見其他登記事項,鋼筋混凝土造,96年7月19日,十四層,
RPQNMLOKLHLFFER86CC,20,236.00,住商用,鋼筋混凝土造,85年3月8日,四層,
RPTOMLOKLHLFFAD08CC,21,88.69,住家用,鋼筋混凝土造,83年10月11日,十七層,
RPTOMLOKLHLFFAD08CC,21,16.57,共有部分,鋼筋混凝土造,83年10月11日,十七層,
RPTOMLOKLHLFFAD08CC,21,13.92,共有部分,鋼筋混凝土造,83年10月11日,十七層,
RPRNMLOKLHLFFBD87CC,1,226.51,住家用,鋼筋混凝土造,104年3月12日,三層,
RPPOMLPKLHLFFCD97CC,24,58.08,住家用,鋼筋混凝土構造,80年11月2日,七層,
RPUNMLPKLHLFFBD38DC,36,107.38,住商用,加強磚造,69年1月25日,二層,
RPSNMLPKLHLFFBD18DC,36,107.38,住商用,加強磚造,69年1月25日,二層,
RPQNMLQKLHLFFCD08CC,42,175.92,住商用,加強磚造,63年8月26日,三層,
RPSNMLRJLHLFFCR07CC,34,160.94,住商用,鋼筋混凝土造,71年5月11日,三層,
RPSNMLPKLHLFFAD97CC,11,82.57,見其他登記事項,鋼筋混凝土造,93年12月3日,八層,
RPQNMLPKLHLFFAD77CC,9,50.34,見其他登記事項,見其他登記事項,96年8月24日,十四層,
RPPNMLPKLHLFFAD67CC,30,46.30,住家用,鋼筋混凝土造,75年8月8日,七層,
RPVNMLPKLHLFFAD38DC,22,113.98,住家用,鋼筋混凝土造,82年9月24日,七層,
RPOPMLQKLHLFFAD87CC,23,51.92,住家用,鋼筋混凝土造,82年6月12日,十二層,
RPSNMLQKLHLFFAD08CC,19,219.21,見其他登記事項,鋼筋混凝土造,86年5月19日,十層,
RPSNMLQKLHLFFAD08CC,19,39.17,共有部分,鋼筋混凝土造,86年5月19日,十層,
RPRNMLPKLHLFFAD97DC,29,56.21,住商用,鋼筋混凝土造,76年1月16日,四層,
RPPOMLPKLHLFFAD87DC,10,115.91,見其他登記事項,見其他登記事項,95年4月6日,十四層,
RPWNMLRKLHLFFER77CC,27,336.55,住家用,鋼筋混凝土造,78年2月25日,四層,
RPXNMLRKLHLFFER87CC,2,89.37,住家用,鋼筋混凝土造,103年5月20日,十五層,
RPXNMLRKLHLFFER87CC,2,74.05,見其他登記事項,鋼筋混凝土造,103年5月20日,十五層,
RPVNMLRKLHLFFCD68CC,48,68.40,住家用,見其他登記事項,57年1月30日,二層,
RPPNMLRKLHLFFAD87CC,28,70.89,住家用,鋼筋混凝土造,77年8月25日,七層,
RPOOMLRKLHLFFCD08CC,21,96.76,住家用,鋼筋混凝土構造,84年1月14日,七層,
RPPOMLRKLHLFFCD18CC,45,29.75,住家用,加強磚造,59年10月24日,二層,
RPXNMLQKLHLFFHR08CC,2,39.03,住家用,見其他登記事項,103年5月19日,五層,
RPXNMLQKLHLFFHR08CC,2,39.03,住家用,見其他登記事項,103年5月19日,五層,
RPUOMLQKLHLFFHR87CC,25,165.88,見其他登記事項,鋼筋混凝土造,80年8月12日,十八層,
RPTOMLRKLHLFFCD58CC,5,163.09,住家用,鋼筋混凝土構造,99年12月13日,十四層,
RPSNMLSKLHLFFHR77CC,17,110.88,住家用,鋼筋混凝土造,88年5月19日,十四層,
RPQNMLTKLHLFFFR47CC,17,183.47,住家用,鋼筋混凝土造,87年9月28日,四層,
RPVNMLTKLHLFFCD88CC,35,167.75,住商用,鋼筋混凝土構造,70年8月26日,三層,
RPSNMLTKLHLFFHR87CC,28,120.51,住家用,鋼筋混凝土造,76年9月17日,四層,
RPSNMLTKLHLFFHR87CC,28,52.77,共有部分,鋼筋混凝土造,76年9月17日,,
RPSNMLTKLHLFFHR87CC,28,6.65,共有部分,鋼筋混凝土造,76年9月17日,,
RPWNMLTKLHLFFCD98CC,25,45.49,住商用,鋼筋混凝土構造,79年11月6日,三層,
RPOOMLTKLHLFFCD28CC,35,275.71,住商用,鋼筋混凝土構造,70年5月15日,四層,
RPSNMLTKLHLFFAD38CC,30,346.13,住家用,鋼筋混凝土造,75年4月21日,四層,
RPQNMLKLLHLFFAD37CC,9,29.35,見其他登記事項,見其他登記事項,96年8月24日,十四層,
RPPNMLRKLHLFFHR37CC,24,87.67,住家用,鋼筋混凝土造,81年7月23日,十九層,
RPTNMLRKLHLFFHR77CC,22,44.16,住家用,鋼筋混凝土造,82年8月17日,六層,
RPTNMLRKLHLFFHR77CC,22,17.14,共有部分,鋼筋混凝土造,82年8月17日,六層,
RPWNMLRKLHLFFHR08CC,2,157.10,住家用,見其他登記事項,103年8月1日,四層,
RPTNMLLLLHLFFFR07CC,5,249.09,住商用,鋼筋混凝土造,99年12月24日,四層,
RPVNMLRKLHLFFHR97CC,34,69.44,住家用,鋼筋混凝土造,71年2月22日,五層,
RPVNMLRKLHLFFHR97CC,34,2.51,共有部分,鋼筋混凝土造,71年2月22日,五層,
RPVNMLRKLHLFFHR97CC,34,1.68,共有部分,鋼筋混凝土造,71年2月22日,五層,
RPUNMLRKLHLFFHR87CC,34,92.80,住家用,加強磚造,71年2月26日,二層,
RPVNMLRKLHLFFHR97CC,34,1.40,共有部分,鋼筋混凝土造,71年2月22日,五層,
RPVNMLRKLHLFFHR97CC,34,2.29,共有部分,鋼筋混凝土造,71年2月22日,五層,
RPVNMLRKLHLFFHR97CC,34,.58,共有部分,鋼筋混凝土造,71年2月22日,五層,
RPVNMLRKLHLFFHR97CC,34,4.38,共有部分,鋼筋混凝土造,71年2月22日,五層,
RPXNMLRKLHLFFHR18CC,20,15.89,住家用,鋼筋混凝土造,85年4月26日,十層,
RPXNMLRKLHLFFHR18CC,20,4.84,共有部分,鋼筋混凝土造,85年4月26日,十層,
RPXNMLRKLHLFFHR18CC,20,2.72,共有部分,鋼筋混凝土造,85年4月26日,十層,
RPVNMLMLLHLFFAD08CC,13,79.97,見其他登記事項,鋼筋混凝土造,92年8月19日,四層,
RPPNMLLLLHLFFBD47CC,23,230.25,住家用,鋼筋混凝土造,81年12月7日,二層,
RPWNMLMLLHLFFAD18CC,25,229.37,住家用,鋼筋混凝土造,80年8月26日,六層,
RPTNMLNLLHLFFAD97CC,20,33.06,住商用,鋼筋混凝土造,85年1月6日,七層,
RPRNMLNLLHLFFAD77CC,18,193.92,住商用,鋼筋混凝土造,86年10月17日,四層,
RPXNMLMLLHLFFAD28CC,26,35.42,住家用,鋼筋混凝土造,78年10月2日,十二層,
RPSOMLNLLHLFFFR27CC,6,72.25,商業用,鋼筋混凝土造,98年11月18日,一層,
RPSOMLNLLHLFFFR27CC,6,76.10,住商用,鋼筋混凝土造,98年10月5日,四層,
RPSNMLLLLHLFFAR09CC,21,9.44,住家用,鋼筋混凝土造,84年7月10日,六層,
RPSNMLOLLHLFFCD18CC,20,108.18,住家用,鋼筋混凝土構造,84年11月6日,二十層,
RPSNMLOLLHLFFCD18CC,20,16.18,共有部分,鋼筋混凝土構造,84年11月6日,二十層,
RPSNMLOLLHLFFCD18CC,20,45.96,共有部分,鋼筋混凝土構造,84年11月6日,二十層,
RPTNMLOLLHLFFHR57CC,1,79.56,住家用,見其他登記事項,104年8月10日,十層,
RPTNMLOLLHLFFHR57CC,1,15.40,見其他登記事項,見其他登記事項,104年8月10日,十層,
RPTNMLOLLHLFFHR57CC,1,16.74,見其他登記事項,見其他登記事項,104年8月10日,十層,
RPOOMLNLLHLFFCD77CC,32,48.37,見其他登記事項,見其他登記事項,73年3月1日,一層,
RPXNMLNLLHLFFCD58CC,32,104.68,住家用,鋼筋混凝土構造,73年6月29日,五層,
RPXNMLNLLHLFFCD58CC,32,10.05,共有部分,鋼筋混凝土構造,73年6月29日,五層,
RPUNMLNLLHLFFCD28CC,36,71.82,見其他登記事項,鋼筋混凝土構造,69年5月22日,七層,
RPUNMLNLLHLFFCD28CC,36,9.84,共有部分,鋼筋混凝土構造,69年5月22日,七層,
RPTNMLNLLHLFFCD18CC,34,58.09,住家用,鋼筋混凝土構造,70年12月3日,五層,
RPTNMLNLLHLFFCD18CC,34,8.42,共有部分,鋼筋混凝土構造,70年12月3日,五層,
RPRNMLNLLHLFFCD97CC,32,80.56,住家用,鋼筋混凝土構造,72年12月14日,七層,
RPRNMLNLLHLFFCD97CC,32,31.45,共有部分,鋼筋混凝土構造,72年12月14日,七層,
RPUNMLOLLHLFFCD38CC,22,26.24,住家用,鋼筋混凝土構造,83年3月4日,七層,
RPUNMLOLLHLFFCD38CC,22,8.98,共有部分,鋼筋混凝土構造,83年3月4日,七層,
RPVNMLOLLHLFFCD48CC,43,99.22,住家用,加強磚造,61年12月11日,二層,
RPQNMLOLLHLFFAD77CC,9,68.45,見其他登記事項,鋼筋混凝土造,96年7月19日,十四層,
RPQNMLOLLHLFFAD77CC,9,13.30,共有部分,鋼筋混凝土造,96年7月19日,十四層,
RPQNMLOLLHLFFAD77CC,9,11.97,共有部分,鋼筋混凝土造,96年7月19日,十四層,
RPPNMLSLLHLFFCD28CC,15,228.87,見其他登記事項,鋼筋混凝土構造,90年7月2日,五層,
RPXNMLTLLHLFFCD56CC,29,101.29,住家用,鋼筋混凝土構造,76年6月8日,五層,
RPXNMLTLLHLFFCD56CC,29,20.16,共有部分,鋼筋混凝土構造,76年6月8日,五層,
RPROMLTLLHLFFAD48CC,8,114.06,見其他登記事項,鋼筋混凝土造,96年12月27日,十九層,
RPOOMLOLLHLFFAD67CC,2,37.71,見其他登記事項,見其他登記事項,102年11月25日,十四層,
RPOOMLOLLHLFFAD67CC,2,11.19,見其他登記事項,見其他登記事項,102年11月25日,十四層,
RPOOMLOLLHLFFAD67CC,2,8.58,見其他登記事項,見其他登記事項,102年11月25日,十四層,
RPWPMLPLLHLFFAD68CC,33,72.54,住家用,鋼筋混凝土造,72年6月28日,五層,
RPWPMLPLLHLFFAD68CC,33,11.95,共有部分,鋼筋混凝土造,72年6月28日,五層,
RPSNMLOLLHLFFAD97CC,19,87.76,住家用,鋼筋混凝土造,85年12月4日,七層,
RPSNMLOLLHLFFAD97CC,19,32.02,共有部分,鋼筋混凝土造,85年12月4日,七層,
RPSPMLTLLHLFFAD68CC,18,54.67,商業用,鋼筋混凝土造,87年2月12日,十層,
RPSPMLTLLHLFFAD68CC,18,68.58,共有部分,鋼筋混凝土造,87年2月12日,十層,
RPSPMLTLLHLFFAD68CC,18,11.44,停車空間,鋼筋混凝土造,87年2月12日,十層,
RPVOMLPLLHLFFAD48CC,21,18.82,住家用,鋼筋混凝土造,83年11月7日,九層,
RPVOMLPLLHLFFAD48CC,21,6.06,共有部分,鋼筋混凝土造,83年11月7日,九層,
RPWOMLTLLHLFFAD98CC,18,80.77,住家用,鋼筋混凝土造,87年9月5日,九層,
RPWOMLTLLHLFFAD98CC,18,34.02,共有部分,鋼筋混凝土造,87年9月5日,九層,
RPXNMLTLLHLFFHR48CC,22,188.28,住家用,鋼筋混凝土造,83年8月26日,四層,
RPWOMLTLLHLFFER18CC,23,134.18,住家用,鋼筋混凝土造,82年8月4日,七層,
RPQNMLKMLHLFFAD47CC,10,268.27,見其他登記事項,見其他登記事項,95年7月7日,五層,
RPSNMLTLLHLFFBD58CC,38,44.73,工業用,見其他登記事項,67年8月9日,一層,
RPQNMLQLLHLFFBD08CC,1,141.75,商業用,鋼筋混凝土造,104年7月23日,一層,
RPQNMLQLLHLFFBD08CC,1,141.75,商業用,鋼筋混凝土造,104年7月23日,一層,
RPQNMLKMLHLFFER66CC,20,122.03,住商用,鋼筋混凝土造,85年5月22日,九層,
RPXNMLLJMHLFFCD28CC,45,33.06,住家用,加強磚造,59年10月24日,二層,
RPPOMLLJMHLFFCD57CC,45,29.75,住家用,加強磚造,59年10月24日,二層,
RPTNMLKMLHLFFCD08DC,16,136.00,見其他登記事項,鋼筋混凝土構造,88年10月21日,十三層,
RPTOMLLJMHLFFCD97CC,25,34.34,住家用,鋼筋混凝土構造,80年8月27日,六層,
RPQOMLLJMHLFFCD67CC,45,33.06,住家用,加強磚造,59年10月24日,二層,
RPWOMLLJMHLFFCD28CC,38,75.67,住家用,鋼筋混凝土造,67年5月9日,四層,
RPXOMLLJMHLFFCD38CC,8,29.75,住家用,鋼筋混凝土造,97年2月29日,十四層,
RPXOMLLJMHLFFCD38CC,8,35.24,共有部分,鋼筋混凝土造,97年2月29日,十四層,
RPXOMLLJMHLFFCD38CC,8,9.68,共有部分,鋼筋混凝土造,97年2月29日,十四層,
RPOPMLLJMHLFFCD57CC,48,68.40,住家用,見其他登記事項,57年1月30日,二層,
RPVNMLKMLHLFFCD18CC,22,134.71,住商用,鋼筋混凝土構造,83年9月9日,九層,
RPPPMLLJMHLFFCD67CC,23,41.26,住商用,鋼筋混凝土造,81年12月21日,六層,
RPPPMLLJMHLFFCD67CC,23,8.00,共有部分,鋼筋混凝土造,81年12月21日,六層,
RPPPMLLJMHLFFCD67CC,23,8.02,共有部分,鋼筋混凝土造,81年12月21日,六層,
RPQNMLLJMHLFFAD37CC,5,48.47,見其他登記事項,見其他登記事項,100年9月8日,十三層,
RPQNMLMJMHLFFHR96CC,21,141.84,見其他登記事項,鋼筋混凝土造,83年10月6日,十二層,
RPQNMLMJMHLFFHR96CC,21,32.18,共有部分,鋼筋混凝土造,83年10月6日,十二層,
RPRNMLLJMHLFFCD77DC,19,75.50,住家用,鋼筋混凝土構造,85年12月31日,七層,
RPQPMLLJMHLFFCD77CC,19,66.57,住家用,鋼筋混凝土造,85年9月30日,十層,
RPPNMLPJMHLFFER86CC,22,75.04,住家用,鋼筋混凝土造,83年8月6日,八層,
RPRNMLPJMHLFFCD08CC,23,92.90,住家用,鋼筋混凝土構造,82年9月11日,六層,
RPVNMLKMLHLFFDR17DC,23,227.93,住商用,鋼筋混凝土造,81年12月2日,四層,
RPPNMLQJMHLFFBD87CC,21,152.77,住商用,鋼筋混凝土造,83年10月27日,五層,
RPSNMLRJMHLFFAR96CC,35,125.19,住商用,加強磚造,69年12月31日,二層,
RPQNMLMJMHLFFAR88CC,35,103.97,住商用,鋼筋混凝土造,70年4月22日,四層,
RPQNMLRJMHLFFAD97CC,70,122.00,住家用,加強磚造,35年1月1日,二層,
RPSNMLRJMHLFFAD18CC,,50.07,見其他登記事項,鋼筋混凝土造,95年1月2日,五層,
RPWNMLRJMHLFFAD58CC,27,24.03,住家用,鋼筋混凝土造,78年10月2日,十二層,
RPOPMLSJMHLFFAD08CC,34,41.14,住家用,鋼筋混凝土造,70年10月27日,五層,
RPOPMLSJMHLFFAD08CC,,14.43,共有部分,鋼筋混凝土造,,五層,
RPXNMLSJMHLFFCD98CC,23,54.96,住家用,鋼筋混凝土構造,82年6月22日,五層,
RPXNMLSJMHLFFCD98CC,23,8.25,共有部分,鋼筋混凝土構造,82年6月22日,五層,
RPPNMLTJMHLFFCD28CC,26,110.95,住商用,鋼筋混凝土構造,78年11月14日,五層,
RPPNMLTJMHLFFCD28CC,26,54.22,共有部分,鋼筋混凝土構造,78年11月14日,五層,
RPPNMLRJMHLFFCD08CC,34,77.13,住家用,鋼筋混凝土構造,71年7月1日,五層,
RPPNMLRJMHLFFCD08CC,34,13.39,共有部分,鋼筋混凝土構造,71年7月1日,五層,
RPPNMLTJMHLFFAD08CC,17,99.46,見其他登記事項,鋼筋混凝土造,88年8月16日,十四層,
RPPNMLTJMHLFFHR57CC,46,87.45,住家用,鋼筋混凝土加強磚造,59年8月1日,二層,
RPQNMLTJMHLFFHR67CC,22,37.90,住家用,鋼筋混凝土造,82年10月2日,七層,
RPQNMLTJMHLFFHR67CC,22,13.77,共有部分,鋼筋混凝土造,82年10月2日,七層,
RPRNMLTJMHLFFHR77CC,33,102.74,住家用,加強磚造,72年5月18日,二層,
RPUNMLLKMHLFFHR37CC,22,233.51,住商用,鋼筋混凝土造,83年1月11日,四層,
RPUNMLLKMHLFFER07CC,21,108.52,農舍,鐵造,84年4月8日,一層,
RPSNMLTJMHLFFHR87CC,23,95.72,住家用,鋼筋混凝土造,82年8月24日,十五層,
RPSNMLTJMHLFFHR87CC,23,15.61,共有部分,鋼筋混凝土造,82年8月24日,十五層,
RPSNMLTJMHLFFHR87CC,23,1.54,共有部分,鋼筋混凝土造,82年8月24日,見其他登記事項,
RPSNMLMKMHLFFAR66DC,5,146.66,住家用,鋼筋混凝土造,100年5月27日,三層,
RPRNMLMKMHLFFAD67CC,10,244.44,見其他登記事項,見其他登記事項,95年1月27日,四層,
RPTNMLMKMHLFFCD08CC,32,125.55,住家用,鋼筋混凝土構造,72年12月16日,五層,
RPXNMLMKMHLFFCD48CC,34,88.60,住家用,鋼筋混凝土構造,71年2月23日,五層,
RPXNMLNKMHLFFAD38CC,41,88.00,住商用,加強磚造,64年9月16日,二層,
RPQNMLTJMHLFFAD18CC,19,270.32,住家用,鋼筋混凝土造,85年9月26日,四層,
RPOOMLNKMHLFFAD57CC,,15.95,住家用,磚造,,一層,
RPOOMLNKMHLFFAD57CC,56,53.62,住商用,磚造,49年1月1日,三層,
RPOOMLNKMHLFFAD57CC,56,72.70,住商用,磚造,49年1月1日,三層,
RPPOMLNKMHLFFAD67CC,22,442.66,住家用,鋼筋混凝土造,82年12月13日,四層,
RPSOMLNKMHLFFAD97CC,46,76.19,住家用,加強磚造,59年5月14日,二層,
RPSNMLTJMHLFFAD38CC,11,177.23,見其他登記事項,見其他登記事項,93年10月11日,四層,
RPOPMLNKMHLFFAD67CC,36,110.76,住家用,鋼筋混凝土造,69年5月29日,二層,
RPQOMLNKMHLFFAD77CC,9,106.01,見其他登記事項,見其他登記事項,95年11月29日,十三層,
RPTOMLNKMHLFFAD08CC,46,76.19,住家用,加強磚造,59年5月14日,二層,
RPTNMLNKMHLFFER17CC,35,94.20,住商用,加強磚造,70年5月1日,二層,
RPUNMLNKMHLFFHR57CC,28,163.13,住商用,鋼筋混凝土造,77年6月20日,四層,
RPSNMLPKMHLFFAD08CC,3,1331.17,見其他登記事項,見其他登記事項,102年6月4日,十四層,
RPSNMLPKMHLFFAD08CC,3,1.36,見其他登記事項,見其他登記事項,102年6月4日,十四層,
RPSNMLPKMHLFFAD08CC,3,746.98,見其他登記事項,見其他登記事項,102年6月4日,十四層,
RPSNMLPKMHLFFAD08CC,3,16.19,見其他登記事項,見其他登記事項,102年6月4日,十四層,
RPSNMLPKMHLFFAD08CC,3,1331.17,見其他登記事項,見其他登記事項,102年6月4日,十四層,
RPSNMLPKMHLFFAD08CC,3,1.36,見其他登記事項,見其他登記事項,102年6月4日,十四層,
RPSNMLPKMHLFFAD08CC,3,746.98,見其他登記事項,見其他登記事項,102年6月4日,十四層,
RPSNMLPKMHLFFAD08CC,3,16.19,見其他登記事項,見其他登記事項,102年6月4日,十四層,
RPPOMLPKMHLFFAD87CC,9,124.95,見其他登記事項,見其他登記事項,96年1月11日,十四層,
RPPOMLPKMHLFFAD87CC,9,13.95,共有部分,見其他登記事項,96年1月11日,14,
RPPOMLPKMHLFFAD87CC,9,46.30,共有部分,見其他登記事項,96年1月11日,十四層,
RPROMLPKMHLFFAD08CC,19,101.69,見其他登記事項,鋼筋混凝土造,85年10月9日,九層,
RPROMLPKMHLFFAD08CC,19,27.88,共有部分,鋼筋混凝土造,85年10月9日,九層,
RPROMLPKMHLFFAD08CC,19,15.67,共有部分,鋼筋混凝土造,85年10月9日,九層,
RPPNMLOKMHLFFCD87CC,20,31.00,住家用,鋼筋混凝土造,84年11月6日,二十層,
RPPNMLOKMHLFFCD87CC,20,6.57,共有部分,鋼筋混凝土造,84年11月6日,二十層,
RPPNMLOKMHLFFCD87CC,20,8.62,共有部分,鋼筋混凝土造,84年11月6日,二十層,
RPQNMLOKMHLFFCD97CC,9,301.30,見其他登記事項,鋼筋混凝土構造,96年4月12日,四層,
RPTNMLPKMHLFFCD38CC,25,55.40,住家用,鋼筋混凝土造,79年10月17日,七層,
RPTNMLPKMHLFFCD38CC,25,13.22,共有部分,鋼筋混凝土造,79年10月17日,七層,
RPTNMLPKMHLFFCD38CC,25,6.66,共有部分,鋼筋混凝土造,79年10月17日,七層,
RPVNMLPKMHLFFHR87CC,17,66.16,住家用,鋼筋混凝土造,88年8月24日,十四層,
RPVNMLPKMHLFFHR87CC,17,1.84,共有部分,鋼筋混凝土造,88年8月24日,十四層,
RPVNMLPKMHLFFHR87CC,17,14.73,共有部分,鋼筋混凝土造,88年8月24日,十四層,
RPXNMLPKMHLFFCD78CC,23,39.67,商業用,鋼筋混凝土造,82年2月8日,七層,
RPQNMLPKMHLFFCD08CC,16,142.13,見其他登記事項,鋼筋混凝土構造,88年11月16日,十二層,
RPUNMLPKMHLFFCD48CC,23,39.67,商業用,鋼筋混凝土造,82年2月8日,七層,
RPWNMLPKMHLFFHR97CC,24,132.22,商業用,鋼造,81年10月3日,一層,
RPWNMLPKMHLFFHR97CC,24,122.06,商業用,鋼造,81年10月3日,一層,
RPRNMLQKMHLFFHR57CC,7,277.08,住商用,鋼筋混凝土造,98年6月16日,四層,
RPUNMLNKMHLFFBD18CC,23,1535.04,見其他登記事項,見其他登記事項,82年1月20日,一層,
RPRNMLQKMHLFFCD28CC,34,352.50,住商用,鋼筋混凝土構造,70年12月2日,四層,
RPPOMLPKMHLFFHR37CC,21,90.16,住家用,鋼筋混凝土造,83年12月29日,八層,
RPSNMLQKMHLFFHR67CC,28,147.47,住商用,鋼筋混凝土造,77年6月20日,四層,
RPRNMLNKMHLFFBD87CC,4,189.00,住商用,鋼筋混凝土造,100年11月4日,四層,
RPRPMLPKMHLFFFR47CC,8,235.21,住商用,鋼筋混凝土造,96年10月9日,四層,
RPQNMLQKMHLFFCD18CC,48,16.53,住家用,見其他登記事項,57年1月1日,四層,
RPPNMLQKMHLFFCD08CC,19,97.19,住家用,鋼筋混凝土構造,86年3月26日,九層,
RPSNMLQKMHLFFCD38CC,32,97.95,住家用,鋼筋混凝土構造,73年1月18日,十二層,
RPSNMLQKMHLFFCD38CC,32,16.33,共有部分,鋼筋混凝土構造,73年1月18日,十二層,
RPUNMLQKMHLFFCD58CC,23,81.56,住家用,鋼筋混凝土構造,82年1月8日,三層,
RPVNMLQKMHLFFCD68CC,22,134.26,見其他登記事項,鋼筋混凝土構造,83年7月13日,九層,
RPVNMLQKMHLFFCD68CC,22,30.14,共有部分,鋼筋混凝土構造,83年7月13日,九層,
RPPNMLRKMHLFFCD18CC,17,45.88,住家用,鋼筋混凝土造,88年8月5日,十二層,
RPWNMLQKMHLFFCD78CC,39,56.91,住商用,鋼筋混凝土造,66年1月7日,四層,
RPTNMLQKMHLFFCD48CC,16,91.20,見其他登記事項,鋼筋混凝土構造,88年11月16日,十二層,
RPTNMLQKMHLFFCD48CC,16,.20,見其他登記事項,鋼筋混凝土構造,88年11月16日,十二層,
RPTNMLQKMHLFFCD48CC,16,22.03,共有部分,鋼筋混凝土構造,88年11月16日,十二層,
RPTNMLQKMHLFFCD48CC,16,19.79,共有部分,鋼筋混凝土構造,88年11月16日,十二層,
RPRNMLRKMHLFFAD18CC,37,32.18,住商用,鋼筋混凝土造,67年10月26日,十二層,
RPSNMLSKMHLFFCD58CC,8,81.42,住家用,鋼筋混凝土造,96年11月6日,七層,
RPSNMLSKMHLFFCD58CC,8,37.07,見其他登記事項,鋼筋混凝土造,96年11月6日,七層,
RPSNMLSKMHLFFCD58CC,8,19.08,共有部分,鋼筋混凝土造,96年11月6日,七層,
RPWNMLSKMHLFFCD98CC,21,100.93,住家用,鋼筋混凝土構造,84年1月6日,二十五層,
RPWNMLSKMHLFFCD98CC,21,26.11,共有部分,鋼筋混凝土構造,84年1月6日,二十五層,
RPSOMLSKMHLFFAD48CC,22,66.11,住家用,鋼筋混凝土造,82年12月9日,八層,
RPSOMLSKMHLFFAD48CC,22,13.00,共有部分,鋼筋混凝土造,82年12月9日,八層,
RPSOMLSKMHLFFAD48CC,22,13.74,共有部分,鋼筋混凝土造,82年12月9日,八層,
RPPOMLSKMHLFFCD38CC,38,76.48,住家用,鋼筋混凝土構造,67年5月9日,四層,
RPPOMLSKMHLFFHR67CC,1,154.78,見其他登記事項,見其他登記事項,104年8月10日,十層,
RPPOMLSKMHLFFHR67CC,1,8.28,見其他登記事項,見其他登記事項,104年8月10日,十層,
RPXNMLSKMHLFFCD09CC,21,65.49,住家用,鋼筋混凝土構造,84年5月2日,六層,
RPXNMLSKMHLFFCD09CC,21,23.39,共有部分,鋼筋混凝土構造,84年5月2日,六層,
RPVNMLTKMHLFFHR28CC,22,50.27,住家用,鋼筋混凝土造,83年3月28日,七層,
RPSNMLSKMHLFFHR87CC,33,92.96,住家用,加強磚造,71年12月9日,二層,
RPPNMLSKMHLFFER27CC,3,20.00,見其他登記事項,鋼筋混凝土造,102年1月15日,四層,
RPRNMLSKMHLFFFR57CC,15,64.27,國民住宅,鋼筋混凝土造,89年11月7日,八層,
RPRNMLSKMHLFFFR57CC,15,20.81,共有部分,鋼筋混凝土造,89年11月7日,八層,
RPWNMLTKMHLFFHR38CC,9,103.90,住家用,鋼筋混凝土造,96年9月20日,十四層,
RPWNMLTKMHLFFHR38CC,9,64.18,共有部分,鋼筋混凝土造,96年9月20日,十四層,
RPSOMLTKMHLFFCD78CC,34,137.12,商業用,鋼筋混凝土構造,71年4月30日,五層,
RPSOMLTKMHLFFCD78CC,34,6.27,共有部分,鋼筋混凝土構造,71年4月30日,五層,
RPTOMLTKMHLFFCD88CC,28,170.56,見其他登記事項,見其他登記事項,77年4月13日,一層,
RPUNMLTKMHLFFAD68CC,35,33.04,住家用,鋼筋混凝土造,69年12月3日,十層,
RPUNMLTKMHLFFAD68CC,35,9.35,共有部分,鋼筋混凝土造,69年12月3日,十層,
RPOOMLTKMHLFFAD18CC,2,37.79,見其他登記事項,見其他登記事項,102年11月25日,十四層,
RPOOMLTKMHLFFAD18CC,2,11.19,見其他登記事項,見其他登記事項,102年11月25日,十四層,
RPOOMLTKMHLFFAD18CC,2,8.79,見其他登記事項,見其他登記事項,102年11月25日,十四層,
RPXNMLTKMHLFFAD98CC,18,175.37,住家用,鋼筋混凝土造,87年9月1日,四層,
RPXNMLTKMHLFFAD98CC,18,83.19,共有部分,鋼筋混凝土造,87年9月1日,四層,
RPPOMLTKMHLFFAD28CC,25,12.96,見其他登記事項,鋼筋混凝土造,79年11月13日,五層,
RPPOMLTKMHLFFAD28CC,25,7.28,共有部分,鋼筋混凝土造,79年11月13日,五層,
RPTNMLKLMHLFFAD77CC,31,117.39,住家用,鋼筋混凝土造,73年12月24日,五層,
RPUNMLKLMHLFFAD87CC,27,211.59,住家用,鋼筋混凝土造,78年9月7日,三層,
RPOOMLKLMHLFFCD57CC,17,329.71,住家用,鋼筋混凝土構造,87年12月14日,三層,
RPSOMLKLMHLFFCD97CC,2,74.88,見其他登記事項,鋼筋混凝土構造,103年10月13日,五層,
RPSNMLLLMHLFFAD77CC,19,25.46,住家用,鋼筋混凝土造,86年1月27日,二十層,
RPRNMLLLMHLFFAD67CC,36,134.14,住家用,鋼筋混凝土造,69年1月26日,三層,
RPQOMLKLMHLFFCD77CC,32,51.74,住家用,鋼筋混凝土構造,73年8月17日,七層,
RPQOMLKLMHLFFCD77CC,32,17.25,共有部分,鋼筋混凝土構造,73年8月17日,七層,
RPSNMLMLMHLFFAD87CC,7,406.57,見其他登記事項,鋼筋混凝土造,97年11月6日,五層,
RPQOMLMLMHLFFAD87DC,21,293.13,住商用,鋼筋混凝土造,83年9月22日,五層,
RPPNMLNLMHLFFCD87CC,26,25.30,住家用,鋼筋混凝土構造,79年2月1日,七層,
RPTNMLLLMHLFFBD97CC,,250.07,見其他登記事項,鋼筋混凝土造,104年11月2日,四層,
RPTNMLLLMHLFFBD97CC,,.02,見其他登記事項,鋼筋混凝土造,104年11月2日,一層,
RPTNMLMLMHLFFCD18CC,5,52.33,住家用,鋼筋混凝土構造,99年12月13日,十四層,
RPQPMLMLMHLFFAD87CC,23,138.98,住商用,鋼筋混凝土造,82年5月11日,十層,
RPQPMLMLMHLFFAD87CC,23,20.01,共有部分,鋼筋混凝土造,82年5月11日,十層,
RPQNMLNLMHLFFCD97CC,34,79.07,住家用,鋼筋混凝土構造,70年12月22日,五層,
RPTOMLQLMHLFFAD48CC,20,72.68,住家用,鋼筋混凝土造,85年9月7日,十七層,
RPXNMLQLMHLFFCD98CC,34,100.25,住家用,鋼筋混凝土構造,71年2月26日,五層,
RPOOMLQLMHLFFCD18CC,22,47.52,住商用,鋼筋混凝土構造,83年3月9日,七層,
RPRNMLRLMHLFFHR77CC,23,211.86,住商用,鋼筋混凝土造,82年2月26日,四層,
RPUNMLQLMHLFFHR97CC,17,117.54,國民住宅,鋼筋混凝土造,88年8月24日,十四層,
RPTNMLQLMHLFFHR87CC,31,108.29,住商用,鋼筋混凝土造,73年11月3日,二層,
RPVNMLQLMHLFFHR08CC,17,75.40,見其他登記事項,鋼筋混凝土造,87年10月26日,十一層,
RPOOMLSLMHLFFCD38CC,9,898.83,見其他登記事項,見其他登記事項,96年5月28日,三層,
RPPNMLSLMHLFFAD18CC,28,86.78,住家用,加強磚造,77年5月4日,一層,
RPRNMLSLMHLFFAD38CC,9,26.61,見其他登記事項,見其他登記事項,96年8月24日,十四層,
RPSNMLSLMHLFFAD48CC,33,102.90,住家用,鋼筋混凝土造,71年12月7日,九層,
RPSNMLSLMHLFFAD48CC,33,26.24,共有部分,鋼筋混凝土造,71年12月7日,九層,
RPUNMLTLMHLFFHR28CC,2,396.69,工業用,見其他登記事項,103年9月29日,一層,
RPPOMLTLMHLFFCD58CC,39,78.49,住商用,鋼筋混凝土構造,66年8月6日,四層,
RPTNMLSLMHLFFAD58CC,41,93.40,住商用,加強磚造,64年9月16日,二層,
RPPNMLKMMHLFFAD47CC,43,374.71,住商用,鋼筋混凝土造,62年7月7日,四層,
RPQNMLKMMHLFFBD67CC,16,237.65,住商用,鋼筋混凝土造,88年12月10日,四層,
RPSNMLSLMHLFFDR57CC,34,213.96,住商用,鋼筋混凝土造,71年2月26日,四層,
