﻿鄉鎮市區,交易標的,土地區段位置建物區段門牌,土地面積平方公尺,都市土地使用分區,非都市土地使用分區,非都市土地使用編定,租賃年月日,租賃筆棟數,租賃層次,總樓層數,建物型態,主要用途,主要建材,建築完成年月,建物總面積平方公尺,建物現況格局-房,建物現況格局-廳,建物現況格局-衛,建物現況格局-隔間,有無管理組織,有無附傢俱,總額元,單價元平方公尺,車位類別,車位面積平方公尺,車位總額元,備註,編號
The villages and towns urban district,transaction sign,land sector position building sector house number plate,land shifting total area square meter,the use zoning or compiles and checks,the non-metropolis land use district,non-metropolis land use,transaction year month and day,transaction pen number,shifting level,total floor number,building state,main use,main building materials,construction to complete the years,building shifting total area,Building present situation pattern - room,building present situation pattern - hall,building present situation pattern - health,building present situation pattern - compartmented,Whether there is manages the organization,Whether there is attaches the furniture,total price NTD,the unit price (NTD / square meter),the berth category,berth shifting total area square meter,the berth total price NTD,the note,serial number
新市區,房地(土地+建物),臺南市新市區大營121~150號,25.71,,特定農業區,甲種建築用地,1050201,土地1建物1車位0,全,4,透天厝,住商用,鋼筋混凝土造,0850315,62.26,5,2,3,有,無,有,19000,305,,0.0,0,,RPRNMLLJKHLFFER09CC
永康區,建物,臺南市永康區中正六街181~210號,0.0,住,,,1050131,土地0建物1車位0,五層,7,華廈(10層含以下有電梯),住家用,鋼筋混凝土造,0830316,33.96,1,0,1,有,無,有,5000,147,,0.0,0,,RPPNMLMJKHLFFHR66CC
永康區,建物,臺南市永康區永二街393巷16弄91~120號,0.0,其他,,,1050130,土地0建物1車位0,全,4,透天厝,見其他登記事項,鋼筋混凝土造,0861110,189.13,4,2,3,有,無,無,15000,79,,0.0,0,,RPQNMLMJKHLFFHR76CC
永康區,房地(土地+建物),臺南市永康區永興路91~120號,10.31,住,,,1050120,土地1建物1車位0,四層,11,住宅大樓(11層含以上有電梯),住家用,鋼筋混凝土造,0830322,112.53,3,2,2,有,有,有,10000,89,,0.0,0,,RPSNMLNJKHLFFHR07CC
歸仁區,房地(土地+建物),臺南市歸仁區中正北路三段35巷1~30號,2500.0,,特定農業區,農牧用地,1050121,土地1建物1車位0,全,2,透天厝,農舍,鋼筋混凝土造,0841021,293.16,4,2,4,有,無,有,45000,153,,0.0,0,,RPQNMLNJKHLFFFR66CC
歸仁區,房地(土地+建物),臺南市歸仁區中正南路一段541~570號,113.0,,一般農業區,甲種建築用地,1050111,土地1建物1車位0,見其他登記事項,3,店面(店鋪),住家用,鋼筋混凝土造,0741115,181.69,6,2,3,有,無,無,15000,83,,0.0,0,,RPOOMLNJKHLFFFR56CC
北區,建物,臺南市北區開元路511~540號,0.0,住,,,1050202,土地0建物1車位0,十二層,24,住宅大樓(11層含以上有電梯),見其他登記事項,見其他登記事項,1041105,86.72,2,1,1,有,有,有,17000,196,,0.0,0,,RPXNMLNJKHLFFAD08CC
安平區,建物,臺南市安平區華平路21巷32弄31~60號,0.0,商,,,1050112,土地0建物1車位0,一層,1,工廠,商業用,鋼造,0791109,185.47,0,0,1,有,無,無,30000,,,0.0,0,,RPXNMLOJKHLFFAD18CC
安平區,房地(土地+建物)+車位,臺南市安平區健康路三段121~150號,17.38,住,,,1050131,土地1建物1車位1,十七層,20,住宅大樓(11層含以上有電梯),見其他登記事項,見其他登記事項,1040903,116.85,4,2,4,有,有,無,50000,428,坡道平面,18.44,0,,RPSOMLOJKHLFFAD77CC
東區,建物,臺南市東區中華東路二段226巷27弄1~30號,0.0,住,,,1050112,土地0建物1車位0,十三層,18,住宅大樓(11層含以上有電梯),住家用,鋼筋混凝土構造,1020711,290.32,4,2,2,有,有,有,40000,138,,0.0,0,,RPPNMLOJKHLFFCD57CC
南區,建物,臺南市南區金華路二段15巷1~30號,0.0,住,,,1050203,土地0建物1車位0,一層,4,公寓(5樓含以下無電梯),住家用,鋼筋混凝土構造,0670509,25.0,0,1,1,有,無,無,8000,320,,0.0,0,,RPTNMLOJKHLFFCD97CC
永康區,房地(土地+建物),臺南市永康區勝學路279巷1~30號,83.66,住,,,1050204,土地1建物1車位0,全,4,透天厝,住家用,鋼筋混凝土造,0990524,219.18,4,2,3,有,無,無,23000,105,,0.0,0,,RPTNMLOJKHLFFHR27CC
永康區,房地(土地+建物),臺南市永康區中華一路1~30號,44.6,住,,,1050117,土地1建物1車位0,一層,3,套房(1房1廳1衛),住家用,加強磚造,0641001,37.11,1,0,1,有,無,有,5000,135,,0.0,0,,RPTOMLOJKHLFFHR37CC
安南區,建物,臺南市安南區安中路二段296巷6弄1~30號,0.0,住,,,1050108,土地0建物1車位0,全,4,透天厝,見其他登記事項,鋼筋混凝土造,1040119,179.23,3,2,4,有,無,無,20000,112,,0.0,0,,RPRNMLOJKHLFFBD67CC
安南區,建物,臺南市安南區鹽田路30巷1~30號,0.0,住,,,1050130,土地0建物1車位0,全,3,透天厝,見其他登記事項,鋼筋混凝土造,0940503,266.19,5,1,5,有,無,有,25000,94,,0.0,0,1.合約書無填具土地租賃面積.2.由所有權人提供出租資訊,RPRNMLPJKHLFFBD77CC
中西區,房地(土地+建物),臺南市中西區萬昌街121~150號,8.68,住,,,1050124,土地3建物1車位0,三層,11,套房(1房1廳1衛),見其他登記事項,見其他登記事項,0950713,43.36,1,1,1,有,有,有,11000,254,,0.0,0,,RPTOMLPJKHLFFAD97CC
中西區,房地(土地+建物),臺南市中西區府前路一段121~150號,70.42,其他,,,1050204,土地1建物1車位0,見其他登記事項,4,店面(店鋪),見其他登記事項,見其他登記事項,0970805,219.21,5,4,5,有,無,無,36000,164,,0.0,0,,RPTPMLPJKHLFFAD08CC
新化區,房地(土地+建物),臺南市新化區永新路1~30號,43.84,,特定專用區,甲種建築用地,1050212,土地1建物1車位0,二層,7,華廈(10層含以下有電梯),住家用,鋼筋混凝土造,0860825,79.57,3,2,2,有,有,有,10000,126,,0.0,0,,RPPNMLPKKHLFFER76CC
新市區,房地(土地+建物),臺南市新市區大營121~150號,87.0,,特定農業區,甲種建築用地,1050215,土地1建物1車位0,全,4,透天厝,住商用,鋼筋混凝土造,0860911,185.28,5,2,3,有,無,無,15000,81,,0.0,0,,RPRNMLPKKHLFFER96CC
仁德區,土地,和愛段121~150地號,812.99,工,,,1050204,土地9建物0車位0,,,其他,,,,0.0,0,0,0,有,無,有,25000,31,,0.0,0,,RPOOMLPKKHLFFFR86CC
安南區,建物,臺南市安南區長和路一段527巷1~30號,0.0,住,,,1050215,土地0建物1車位0,全,3,透天厝,見其他登記事項,鋼筋混凝土造,1020206,158.52,5,2,4,有,無,無,8000,50,,0.0,0,,RPPNMLQKKHLFFBD77CC
北區,房地(土地+建物),臺南市北區公園南路331~360號,8.75,住,,,1050201,土地2建物1車位0,三層,14,住宅大樓(11層含以上有電梯),見其他登記事項,鋼筋混凝土造,0971219,57.58,2,2,1,有,有,有,15000,261,,0.0,0,,RPXOMLRKKHLFFAD68CC
東區,房地(土地+建物),臺南市東區東興路31~60號,41.1,商,,,1050205,土地1建物1車位0,見其他登記事項,5,公寓(5樓含以下無電梯),住商用,鋼筋混凝土構造,0701103,161.23,4,2,2,有,無,無,23000,143,,0.0,0,,RPQNMLRKKHLFFCD08CC
東區,建物,臺南市東區前鋒路151~180號,0.0,住,,,1050216,土地0建物1車位0,全,3,透天厝,住商用,鋼筋混凝土構造,0800927,35.74,0,1,1,有,無,無,25000,699,,0.0,0,,RPPNMLSKKHLFFCD08CC
東區,建物,臺南市東區中華東路三段151~180號,0.0,商,,,1050204,土地0建物1車位0,全,4,透天厝,住商用,鋼筋混凝土構造,0751203,326.81,7,2,3,有,無,無,40000,122,,0.0,0,,RPQNMLSKKHLFFCD18CC
東區,房地(土地+建物),臺南市東區崇明十四街60巷1~30號,14.27,商,,,1050124,土地1建物1車位0,六層,6,華廈(10層含以下有電梯),見其他登記事項,鋼筋混凝土構造,0791226,83.33,3,2,1,有,有,有,10000,120,,0.0,0,租金含管理費。,RPOOMLSKKHLFFCD08CC
安南區,建物,臺南市安南區長和路一段527巷1~30號,0.0,住,,,1050215,土地0建物1車位0,全,3,透天厝,見其他登記事項,鋼筋混凝土構造,1020206,158.52,5,2,4,有,無,無,18000,114,,0.0,0,,RPQNMLSKKHLFFBD08CC
永康區,房地(土地+建物)+車位,臺南市永康區復國路31~60號,44.36,住,,,1050213,土地1建物1車位1,七層,14,住宅大樓(11層含以上有電梯),住家用,鋼筋混凝土造,0960920,156.23,3,2,2,有,有,有,12000,77,坡道平面,0.0,0,,RPUNMLSKKHLFFHR87CC
仁德區,建物,臺南市仁德區中山路721~750號,0.0,住,,,1050217,土地0建物1車位0,全,3,透天厝,住家用,加強磚造,0621201,229.44,4,5,5,有,無,無,25000,109,,0.0,0,1.合約書無填具土地租賃面積.2.由所有權人提供出租資訊,RPSNMLSKKHLFFFR47CC
中西區,建物,臺南市中西區五妃街241~270號,2933.0,住,,,1050126,土地0建物1車位0,八層,10,華廈(10層含以下有電梯),見其他登記事項,鋼骨鋼筋混凝土造,0900103,462.54,4,2,4,有,無,有,70000,151,,0.0,0,,RPSOMLTKKHLFFAD48DC
永康區,建物,臺南市永康區大仁街31巷31~60號,0.0,住,,,1050218,土地0建物1車位0,一層,7,華廈(10層含以下有電梯),住家用,鋼筋混凝土造,0830722,55.91,1,1,1,有,有,有,10000,179,,0.0,0,,RPRNMLTKKHLFFHR67CC
東區,建物,臺南市東區自由路二段175巷51弄31~60號,0.0,住,,,1050120,土地0建物1車位0,全,4,透天厝,住家用,鋼筋混凝土構造,1040312,184.55,4,1,4,有,無,有,16000,87,,0.0,0,,RPTNMLTKKHLFFCD58CC
安平區,建物,臺南市安平區育平路211~240號,0.0,住,,,1050217,土地0建物1車位0,七層,17,住宅大樓(11層含以上有電梯),住家用,鋼筋混凝土造,0840729,74.98,2,1,1,有,有,有,13000,173,,0.0,0,,RPWNMLTKKHLFFAD68CC
北區,建物,臺南市北區公園南路331~360號,0.0,其他,,,1050220,土地0建物1車位0,六層,14,住宅大樓(11層含以上有電梯),見其他登記事項,鋼筋混凝土造,0971219,66.89,2,2,1,有,無,有,15000,224,,0.0,0,,RPQNMLKLKHLFFAD27CC
南區,建物,臺南市南區新興路183巷16弄1~30號,0.0,住,,,1050219,土地0建物1車位0,全,2,透天厝,住家用,加強磚造,0591024,442.39,1,0,1,有,無,有,6000,14,,0.0,0,,RPSNMLKLKHLFFCD67CC
北區,房地(土地+建物),臺南市北區公園路901~930號,224.2,住,,,1050129,土地2建物1車位0,見其他登記事項,5,店面(店鋪),見其他登記事項,見其他登記事項,1020201,517.11,5,2,6,有,無,無,75000,145,,0.0,0,,RPPNMLLLKHLFFAD27CC
中西區,房地(土地+建物),臺南市中西區正興街121~150號,60.01,商,,,1050201,土地1建物1車位0,見其他登記事項,2,店面(店鋪),住家用,磚造,0530101,115.62,3,2,2,有,無,無,18000,156,,0.0,0,,RPQNMLLLKHLFFAD37CC
北區,房地(土地+建物),臺南市北區公園南路361~390號,3.26,住,,,1050205,土地1建物1車位0,十層,14,住宅大樓(11層含以上有電梯),見其他登記事項,見其他登記事項,0960824,22.55,1,0,1,有,有,有,9000,399,,0.0,0,,RPRNMLLLKHLFFAD47CC
北區,房地(土地+建物),臺南市北區海安路三段520巷31~60號,140.0,住,,,1050220,土地1建物1車位0,全,4,透天厝,見其他登記事項,見其他登記事項,0950512,324.96,4,2,4,有,無,無,32000,98,,0.0,0,,RPQNMLMLKHLFFAD47CC
北區,建物,臺南市北區公園南路331~360號,0.0,住,,,1050220,土地0建物1車位0,六層,25,住宅大樓(11層含以上有電梯),住家用,鋼筋混凝土造,0840104,145.76,4,1,2,有,有,有,14000,96,,0.0,0,,RPTNMLMLKHLFFAD77CC
東區,建物,臺南市東區中華東路三段377巷1~30號,0.0,住,,,1050219,土地0建物1車位1,七層,9,華廈(10層含以下有電梯),住家用,鋼筋混凝土構造,0880706,231.48,5,2,3,有,有,無,30000,130,坡道平面,41.41,0,,RPRNMLMLKHLFFCD77CC
東區,房地(土地+建物),臺南市東區小東路241~270號,80.0,其他,,,1050124,土地1建物1車位0,全,4,透天厝,住商用,鋼筋混凝土構造,0681101,205.48,4,3,3,有,無,無,27000,131,,0.0,0,,RPOOMLNLKHLFFCD67CC
新市區,房地(土地+建物),臺南市新市區中正路323巷36弄1~30號,18.86,住,,,1050222,土地1建物1車位0,四層,7,華廈(10層含以下有電梯),住家用,鋼筋混凝土造,0820707,60.75,3,2,2,有,無,有,10000,165,,0.0,0,,RPPOMLNLKHLFFER76CC
永康區,建物,臺南市永康區忠勇街32巷31~60號,0.0,住,,,1050223,土地0建物1車位0,全,4,透天厝,住商用,鋼筋混凝土造,0771229,190.77,4,2,2,有,無,無,13000,68,,0.0,0,1.合約書無填具土地租賃面積.2.由所有權人提供出租資訊.3.透天分租2樓-4樓,RPXNMLOLKHLFFHR87CC
東區,房地(土地+建物),臺南市東區東平路61~90號,112.0,其他,,,1050129,土地1建物1車位0,見其他登記事項,5,店面(店鋪),見其他登記事項,鋼筋混凝土構造,0941130,269.19,4,2,5,有,無,無,57000,212,,0.0,0,,RPSNMLOLKHLFFCD08CC
東區,建物,臺南市東區前鋒路56巷1~30號,0.0,住,,,1050222,土地0建物1車位0,全,1,透天厝,住家用,磚造,0470101,26.16,2,1,2,有,無,有,10000,382,,0.0,0,,RPVNMLOLKHLFFCD38CC
東區,建物,臺南市東區光華街211~240號,0.0,住,,,1050220,土地0建物1車位0,五層,7,華廈(10層含以下有電梯),住家用,鋼筋混凝土構造,0791226,29.759999999999998,1,0,1,有,無,無,5000,168,,0.0,0,,RPWNMLOLKHLFFCD48CC
東區,建物,臺南市東區崇德二十街1~30號,0.0,住,,,1050125,土地0建物1車位0,六層,6,華廈(10層含以下有電梯),住家用,鋼筋混凝土構造,0810508,114.94,3,1,2,有,有,無,13000,113,,0.0,0,,RPXNMLOLKHLFFCD58CC
東區,房地(土地+建物)+車位,臺南市東區文化路121~150號,0.0,住,,,1050130,土地1建物1車位1,八層,12,住宅大樓(11層含以上有電梯),見其他登記事項,鋼筋混凝土構造,1021023,96.77,3,2,2,有,無,有,31500,326,坡道平面,32.14,0,,RPQOMLOLKHLFFCD97CC
北區,建物,臺南市北區開元路511~540號,0.0,住,,,1050224,土地0建物1車位0,二十層,24,住宅大樓(11層含以上有電梯),見其他登記事項,見其他登記事項,1041105,87.22,2,1,1,有,有,有,15000,172,,0.0,0,,RPQOMLOLKHLFFAD77CC
北區,房地(土地+建物),臺南市北區文賢1路91~120號,0.0,住,,,1050224,土地1建物1車位0,全,4,透天厝,見其他登記事項,鋼筋混凝土造,0911114,33.48,0,0,0,無,無,無,12000,358,,0.0,0,,RPSPMLOLKHLFFAD08CC
中西區,房地(土地+建物),臺南市中西區湖美二街26巷1~30號,71.06,住,,,1050224,土地1建物1車位0,全,3,透天厝,住家用,鋼筋混凝土造,0701214,126.87,4,2,3,有,無,無,18000,142,,0.0,0,,RPPOMLPLKHLFFAD77CC
中西區,房地(土地+建物),臺南市中西區中山路1~30號,115.0,商,,,1050225,土地1建物1車位0,見其他登記事項,4,店面(店鋪),住商用,鋼筋混凝土造,0650519,407.9,0,0,0,無,無,無,56000,137,,0.0,0,,RPSOMLPLKHLFFAD08CC
東區,房地(土地+建物),臺南市東區林森路二段190巷6弄1~30號,25.83,住,,,1050223,土地1建物1車位0,全,2,透天厝,住家用,加強磚造,0550101,39.62,2,2,2,有,無,有,15000,379,,0.0,0,,RPSNMLQLKHLFFCD28CC
東區,房地(土地+建物),臺南市東區林森路二段190巷6弄31~60號,29.66,住,,,1050223,土地1建物1車位0,全,2,透天厝,住家用,加強磚造,0630516,25.41,8,0,3,有,無,有,10000,394,,0.0,0,,RPTNMLQLKHLFFCD38CC
東區,建物,臺南市東區崇德十一街31~60號,0.0,住,,,1050201,土地0建物1車位0,一層,6,華廈(10層含以下有電梯),住商用,鋼筋混凝土構造,0810125,159.32999999999998,3,2,3,有,有,有,14000,88,,0.0,0,,RPVOMLQLKHLFFCD68CC
東區,房地(土地+建物),臺南市東區東成街46巷10弄1~30號,0.0,住,,,1050224,土地1建物1車位0,全,2,透天厝,住家用,加強磚造,0740112,102.2,3,2,2,有,無,無,10000,98,,0.0,0,,RPWOMLQLKHLFFCD78CC
永康區,建物,臺南市永康區振興路121~150號,0.0,住,,,1050224,土地0建物1車位0,全,8,透天厝,住商用,鋼筋混凝土造,0830406,146.6,4,1,2,有,無,無,15000,102,,0.0,0,1.合約書無填具土地租賃面積.2.由所有權人提供出租資訊3.實際出租樓層:2+3樓,RPQNMLQLKHLFFHR37CC
永康區,建物,臺南市永康區中華一路1巷1~30號,0.0,住,,,1050225,土地0建物1車位0,四層,4,公寓(5樓含以下無電梯),住家用,鋼筋混凝土造,0731001,90.37,3,1,1,有,無,無,8000,89,,0.0,0,,RPSNMLQLKHLFFHR57CC
永康區,建物,臺南市永康區復國路61~90號,0.0,住,,,1050201,土地0建物1車位0,二層,14,住宅大樓(11層含以上有電梯),住家用,鋼筋混凝土造,0960920,177.71,3,2,2,有,有,有,13000,73,,0.0,0,,RPSOMLQLKHLFFHR67CC
永康區,建物,臺南市永康區大橋一街31~60號,0.0,住,,,1050201,土地0建物1車位0,十三層,14,住宅大樓(11層含以上有電梯),住家用,鋼筋混凝土造,0880824,132.09,3,1,2,有,有,有,17000,129,,0.0,0,,RPTOMLQLKHLFFHR77CC
安南區,房地(土地+建物),臺南市安南區安中路三段375巷5弄1~30號,80.32,其他,,,1050227,土地6建物1車位0,全,4,透天厝,住家用,鋼筋混凝土構造,0840608,137.23,3,2,3,有,無,有,15000,109,,0.0,0,,RPPNMLTLKHLFFBD18CC
新市區,房地(土地+建物),臺南市新市區永就91~120號,105.0,,鄉村區,乙種建築用地,1050301,土地1建物1車位0,全,4,透天厝,住家用,鋼筋混凝土造,0820617,201.3,6,2,4,有,無,有,10000,50,,0.0,0,,RPTNMLLJLHLFFER76CC
永康區,建物,臺南市永康區國華街132巷8弄1~30號,0.0,住,,,1050228,土地0建物1車位0,全,5,透天厝,見其他登記事項,鋼筋混凝土造,0821014,186.61,4,2,3,有,無,有,15000,80,,0.0,0,1.合約書無填具土地租賃面積.2.由所有權人提供出租資訊.3.租整棟透天,RPPOMLLJLHLFFHR76CC
北區,建物,臺南市北區北園街8巷1~30號,0.0,住,,,1050228,土地0建物1車位0,八層,19,住宅大樓(11層含以上有電梯),見其他登記事項,鋼筋混凝土造,0961227,185.77,3,2,2,有,有,有,28000,151,,0.0,0,,RPTQMLLJLHLFFAD87CC
北區,建物,臺南市北區長榮路五段246巷1~30號,0.0,住,,,1050223,土地0建物1車位0,全,2,透天厝,住家用,加強磚造,0590801,179.38,2,1,2,有,無,無,23160,129,,0.0,0,,RPQPMLNJLHLFFAD67CC
北區,土地,北華段271~300地號,33.5,其他,,,1050302,土地1建物0車位0,,,其他,,,,0.0,0,0,0,有,無,無,15000,448,,0.0,0,,RPUPMLNJLHLFFAD08CC
北區,建物,臺南市北區開元路451~480號,0.0,商,,,1050220,土地0建物1車位0,見其他登記事項,19,店面(店鋪),見其他登記事項,鋼筋混凝土造,0961227,122.04,2,2,3,有,有,有,30000,246,,0.0,0,,RPPQMLNJLHLFFAD67CC
安南區,建物,臺南市安南區怡安路一段250巷1~30號,0.0,住,,,1050302,土地0建物1車位0,全,2,透天厝,住家用,鋼筋混凝土構造,0751016,131.39,4,2,2,有,無,有,16000,122,,0.0,0,,RPSNMLNJLHLFFBD77CC
永康區,房地(土地+建物),臺南市永康區復國一路68巷31~60號,72.43,住,,,1050220,土地1建物1車位0,全,2,透天厝,住家用,鋼筋混凝土造,0761130,121.66,5,2,2,有,無,有,12000,99,,0.0,0,,RPQNMLOJLHLFFHR07CC
佳里區,房地(土地+建物),臺南市佳里區義民街1~30號,68.0,住,,,1050303,土地2建物1車位0,全,3,透天厝,住商用,鋼筋混凝土造,0690812,164.34,5,1,3,有,無,有,10000,61,,0.0,0,,RPRNMLOJLHLFFDR76CC
中西區,房地(土地+建物),臺南市中西區中華西路二段661~690號,97.71,住,,,1050216,土地1建物1車位0,全,5,透天厝,見其他登記事項,見其他登記事項,0941226,286.97,5,1,4,有,無,無,32000,112,,0.0,0,,RPTNMLOJLHLFFAD87CC
東區,房地(土地+建物),臺南市東區裕文路91~120號,116.34,住,,,1050302,土地1建物1車位0,一層,5,店面(店鋪),住家用,鋼筋混凝土構造,0880302,89.19,0,2,2,有,無,無,30000,336,,0.0,0,,RPRNMLOJLHLFFCD87CC
官田區,房地(土地+建物),臺南市官田區中?31~60號,80.0,住,,,1050307,土地1建物1車位0,全,3,透天厝,住商用,鋼筋混凝土造,0710511,160.94,6,2,4,有,無,有,8000,50,,0.0,0,,RPSNMLRJLHLFFCR07CC
安南區,房地(土地+建物),臺南市安南區安中路三段331~360號,79.55,住,,,1050305,土地1建物1車位0,一層,1,店面(店鋪),住商用,鋼筋混凝土構造,0840608,44.59,0,1,1,有,無,無,18000,404,,0.0,0,,RPSNMLRJLHLFFBD18CC
北區,建物,臺南市北區北成路391~420號,0.0,其他,,,1050306,土地0建物1車位0,三層,14,住宅大樓(11層含以上有電梯),見其他登記事項,鋼筋混凝土造,0990406,102.68,1,1,1,有,無,有,17000,166,,0.0,0,,RPQNMLSJLHLFFAD97CC
中西區,土地,中正段781~810地號,36.01,住,,,1050223,土地3建物0車位0,,,其他,,,,0.0,0,0,0,有,無,無,9300,258,,0.0,0,,RPQOMLTJLHLFFAD18CC
中西區,土地,中正段781~810地號,36.01,住,,,1050306,土地3建物0車位0,,,其他,,,,0.0,0,0,0,有,無,無,15000,417,,0.0,0,,RPSOMLTJLHLFFAD38CC
東區,房地(土地+建物),臺南市東區崇善路691~720號,75.0,商,,,1050307,土地1建物1車位0,一層,4,店面(店鋪),住商用,鋼筋混凝土構造,0790625,224.57,0,0,0,無,無,無,15000,67,,0.0,0,,RPRNMLTJLHLFFCD38CC
善化區,房地(土地+建物),臺南市善化區大成路121~150號,73.58,其他,,,1050215,土地2建物1車位0,全,4,透天厝,住商用,鋼筋混凝土造,0811215,215.39,4,1,1,有,無,有,19900,92,,0.0,0,,RPPNMLTJLHLFFER17CC
永康區,房地(土地+建物),臺南市永康區永大路二段961~990號,95.0,住,,,1040309,土地1建物1車位0,見其他登記事項,5,店面(店鋪),住家用,鋼筋混凝土造,0820416,237.06,7,2,7,有,無,無,27000,114,,0.0,0,,RPQNMLTJLHLFFHR57CC
永康區,建物,臺南市永康區新興街1~30號,0.0,住,,,1050222,土地0建物1車位0,一層,14,住宅大樓(11層含以上有電梯),住商用,鋼筋混凝土造,0880519,153.56,3,1,3,有,有,無,14000,91,,0.0,0,1.租賃契約書無填寫土地租賃面積。2.由所有權人提供租屋資訊。3.租賃樓層為B1~2樓,RPUNMLKKLHLFFHR17CC
永康區,建物,臺南市永康區復興路301~330號,22.09,住,,,1050309,土地0建物1車位0,二層,6,華廈(10層含以下有電梯),見其他登記事項,鋼筋混凝土造,0860519,147.68,0,0,0,無,無,有,15000,102,,0.0,0,,RPVNMLKKLHLFFHR27CC
永康區,建物,臺南市永康區復興路301~330號,22.09,住,,,1050309,土地0建物1車位0,三層,6,華廈(10層含以下有電梯),見其他登記事項,鋼筋混凝土造,0860519,147.68,0,0,0,無,無,有,15000,102,,0.0,0,,RPWNMLKKLHLFFHR37CC
東區,建物,臺南市東區崇明路241~270號,0.0,住,,,1050309,土地0建物1車位0,三層,15,住宅大樓(11層含以上有電梯),住家用,鋼筋混凝土構造,0830825,270.33,6,1,2,有,有,有,20000,74,,0.0,0,,RPWNMLKKLHLFFCD08CC
東區,建物,臺南市東區崇善路25巷91~120號,0.0,商,,,1050310,土地0建物1車位0,二層,2,店面(店鋪),商業用,鋼筋混凝土構造,0990507,131.46,0,2,2,有,有,無,57500,437,,0.0,0,,RPOOMLKKLHLFFCD37CC
東區,房地(土地+建物),臺南市東區中華東路二段151~180號,4.02,其他,,,1050227,土地1建物1車位0,六層,14,套房(1房1廳1衛),住家用,鋼筋混凝土構造,0970229,44.89,1,0,1,有,有,有,8000,178,,0.0,0,租金含管理費、網路、第四台。,RPSNMLLKLHLFFCD77CC
北區,房地(土地+建物),臺南市北區大武街492巷1~30號,76.68,住,,,1050214,土地1建物1車位0,全,3,透天厝,住家用,鋼筋混凝土造,0820401,157.49,6,2,3,有,無,無,15000,95,,0.0,0,,RPVNMLLKLHLFFAD87CC
永康區,土地,六甲頂段571~600地號,229.0,住,,,1050308,土地1建物0車位0,,,其他,,,,0.0,0,0,0,有,無,無,50000,218,,0.0,0,,RPQNMLLKLHLFFHR86CC
歸仁區,房地(土地+建物),臺南市歸仁區民生八街28巷19弄31~60號,59.0,,鄉村區,乙種建築用地,1050214,土地1建物1車位0,全,2,透天厝,住家用,加強磚造,0710225,78.96,4,2,2,有,無,無,7000,89,,0.0,0,,RPTNMLLKLHLFFFR96CC
中西區,建物,臺南市中西區正興街1~30號,0.0,,,,1050219,土地0建物1車位0,四層,7,華廈(10層含以下有電梯),住家用,鋼筋混凝土造,0800729,17.55,1,0,1,有,無,有,6000,342,,0.0,0,,RPPNMLNKLHLFFAD47CC
東區,房地(土地+建物),臺南市東區中華東路三段336巷43弄1~30號,4376.0,商,,,1050311,土地1建物1車位0,二層,10,辦公商業大樓,商業用,鋼筋混凝土構造,0870220,180.08,1,2,2,有,無,無,42500,236,,0.0,0,,RPPNMLNKLHLFFCD67CC
南區,建物,臺南市南區新興路461巷10弄1~30號,0.0,,,,1050201,土地0建物1車位0,五層,5,公寓(5樓含以下無電梯),住家用,鋼筋混凝土造,0720602,406.22,2,1,1,有,無,有,6500,16,,0.0,0,,RPXNMLOKLHLFFCD58CC
東區,建物,臺南市東區中華東路三段24巷1~30號,0.0,,,,1050125,土地0建物1車位0,五層,5,公寓(5樓含以下無電梯),住家用,鋼筋混凝土造,0701222,69.75999999999999,2,2,2,有,無,有,12000,172,,0.0,0,,RPOOMLOKLHLFFCD77CC
安平區,建物,臺南市安平區永華路二段931~960號,369.0,商,,,1050311,土地0建物2車位0,一層,1,店面(店鋪),見其他登記事項,見其他登記事項,1040428,305.49,0,0,0,無,無,無,80000,262,,0.0,0,,RPXNMLOKLHLFFAD38CC
安平區,房地(土地+建物),臺南市安平區永華八街1~30號,68.13,其他,,,1050312,土地1建物1車位0,十二層,14,住宅大樓(11層含以上有電梯),見其他登記事項,鋼筋混凝土造,0960719,47.18,2,2,2,有,無,有,18000,382,,0.0,0,,RPROMLOKLHLFFAD87CC
安平區,建物,臺南市安平區建平十七街31~60號,0.0,,,,1050202,土地0建物1車位0,十二層,17,住宅大樓(11層含以上有電梯),住家用,鋼筋混凝土造,0831011,119.17999999999999,2,2,2,有,無,有,10000,84,,0.0,0,,RPTOMLOKLHLFFAD08CC
善化區,房地(土地+建物),臺南市善化區光復路121~150號,79.0,住,,,1050311,土地1建物1車位0,見其他登記事項,4,店面(店鋪),住商用,鋼筋混凝土造,0850308,236.0,5,3,5,有,無,無,25000,106,,0.0,0,,RPQNMLOKLHLFFER86CC
安南區,建物,臺南市安南區本原街二段106巷31~60號,0.0,住,,,1050313,土地0建物1車位0,全,3,透天厝,住家用,鋼筋混凝土造,1040312,226.51,4,2,3,有,無,無,20000,88,,0.0,0,,RPRNMLOKLHLFFBD87CC
永康區,土地,崑山段691~720地號,55.67,住,,,1050303,土地1建物0車位0,,,其他,,,,0.0,0,0,0,有,無,無,15000,269,,0.0,0,,RPTNMLPKLHLFFHR57CC
中西區,建物,臺南市中西區永華一街148巷1~30號,0.0,商,,,1050225,土地0建物1車位0,全,4,透天厝,住商用,鋼筋混凝土造,0760116,56.21,0,0,0,無,無,有,12000,213,,0.0,0,,RPRNMLPKLHLFFAD97DC
安平區,房地(土地+建物)+車位,臺南市安平區建平十二街61~90號,22.27,住,,,1050226,土地1建物1車位1,四層,7,華廈(10層含以下有電梯),住家用,鋼筋混凝土造,0820924,113.98,2,2,2,有,無,有,13000,101,坡道平面,0.41,0,,RPVNMLPKLHLFFAD38DC
安平區,房地(土地+建物)+車位,臺南市安平區國平路571~600號,7.6,住,,,1050216,土地1建物1車位1,四層,14,住宅大樓(11層含以上有電梯),見其他登記事項,見其他登記事項,0950406,115.91,3,2,2,有,有,無,15500,136,坡道平面,13.23,0,,RPPOMLPKLHLFFAD87DC
安南區,房地(土地+建物),臺南市安南區國安街56巷121弄61~90號,105.01,住,,,1050215,土地2建物1車位0,全,2,透天厝,住商用,加強磚造,0690125,107.38,2,3,2,有,無,無,10000,93,,0.0,0,,RPSNMLPKLHLFFBD18DC
安南區,房地(土地+建物),臺南市安南區國安街56巷121弄61~90號,105.01,住,,,1050215,土地2建物1車位0,全,2,透天厝,住商用,加強磚造,0690125,107.38,2,3,2,有,無,無,10000,93,,0.0,0,,RPUNMLPKLHLFFBD38DC
中西區,建物,臺南市中西區慶中街1~30號,8.59,住,,,1050315,土地0建物1車位0,見其他登記事項,7,華廈(10層含以下有電梯),住家用,鋼筋混凝土造,0750808,46.3,4,2,2,有,無,有,15000,324,,0.0,0,,RPPNMLPKLHLFFAD67CC
北區,房地(土地+建物),臺南市北區公園南路361~390號,7.97,其他,,,1050313,土地1建物1車位0,五層,14,住宅大樓(11層含以上有電梯),見其他登記事項,見其他登記事項,0960824,50.34,2,2,1,有,無,有,15000,298,,0.0,0,,RPQNMLPKLHLFFAD77CC
中西區,建物,臺南市中西區五妃街241~270號,9.58,住,,,1050301,土地0建物1車位0,見其他登記事項,8,華廈(10層含以下有電梯),見其他登記事項,鋼筋混凝土造,0931203,82.57,2,1,1,有,無,有,15000,182,,0.0,0,,RPSNMLPKLHLFFAD97CC
南區,房地(土地+建物),臺南市南區府緯街91~120號,10.63,住,,,1050309,土地2建物1車位0,二層,7,華廈(10層含以下有電梯),住家用,鋼筋混凝土構造,0801102,58.08,1,1,1,有,無,有,8500,146,,0.0,0,,RPPOMLPKLHLFFCD97CC
東區,房地(土地+建物),臺南市東區大同路二段781~810號,88.78,商,,,1050314,土地1建物1車位0,全,3,透天厝,住商用,加強磚造,0630826,175.92,4,2,3,有,無,無,15000,85,,0.0,0,,RPQNMLQKLHLFFCD08CC
北區,建物,臺南市北區公園南路151~180號,0.0,其他,,,1050309,土地0建物1車位0,二層,10,華廈(10層含以下有電梯),見其他登記事項,鋼筋混凝土造,0860519,258.38,0,1,4,有,無,無,23000,89,,0.0,0,,RPSNMLQKLHLFFAD08CC
安平區,建物,臺南市安平區永華六街211~240號,0.0,住,,,1050315,土地0建物1車位0,九層,12,住宅大樓(11層含以上有電梯),住家用,鋼筋混凝土造,0820612,51.92,2,1,1,有,有,有,11000,212,,0.0,0,,RPOPMLQKLHLFFAD87CC
永康區,建物,臺南市永康區大灣路942巷71弄61~90號,164.23,住,,,1050308,土地0建物1車位0,一層,5,店面(店鋪),住家用,見其他登記事項,1030519,78.06,0,1,1,有,無,有,25000,320,,0.0,0,,RPXNMLQKLHLFFHR08CC
永康區,房地(土地+建物),臺南市永康區中華路1~30號,14.71,商,,,1050316,土地1建物1車位0,八層,18,辦公商業大樓,見其他登記事項,鋼筋混凝土造,0800812,165.88,2,2,0,有,有,無,18000,109,,0.0,0,,RPUOMLQKLHLFFHR87CC
永康區,房地(土地+建物)+車位,臺南市永康區中山南路151~180號,0.0,住,,,1050309,土地1建物1車位1,十六層,19,住宅大樓(11層含以上有電梯),住家用,鋼筋混凝土造,0810723,87.67,3,2,2,有,無,有,16000,183,坡道平面,5.11,0,,RPPNMLRKLHLFFHR37CC
永康區,建物,臺南市永康區大橋五街121~150號,0.0,,,,1050206,土地0建物1車位0,六層,6,華廈(10層含以下有電梯),住家用,鋼筋混凝土造,0820817,61.3,2,1,1,有,無,有,9000,147,,0.0,0,,RPTNMLRKLHLFFHR77CC
永康區,房地(土地+建物),臺南市永康區新興街35巷1~30號,111.84,住,,,1050226,土地1建物1車位0,全,2,透天厝,住家用,加強磚造,0710226,92.8,3,2,2,有,無,無,13800,149,,0.0,0,,RPUNMLRKLHLFFHR87CC
永康區,建物,臺南市永康區中山南路61~90號,0.0,住,,,1050316,土地0建物1車位0,五層,5,公寓(5樓含以下無電梯),住家用,鋼筋混凝土造,0710222,82.28,3,1,1,有,無,有,6500,79,,0.0,0,,RPVNMLRKLHLFFHR97CC
永康區,建物,臺南市永康區永大路三段511巷32弄1~30號,0.0,,,,1050213,土地0建物1車位0,全,4,透天厝,住家用,見其他登記事項,1030801,157.1,5,2,3,有,無,無,17000,108,,0.0,0,,RPWNMLRKLHLFFHR08CC
永康區,建物,臺南市永康區復華八街51巷31~60號,0.0,住,,,1050316,土地0建物1車位0,五層,10,華廈(10層含以下有電梯),住家用,鋼筋混凝土造,0850426,23.45,1,1,1,有,無,有,4500,192,,0.0,0,,RPXNMLRKLHLFFHR18CC
新市區,土地,新北段121~150地號,322.59,其他,,,1050316,土地1建物0車位0,,,其他,,,,0.0,5,0,0,有,無,有,28000,87,,0.0,0,,RPUNMLRKLHLFFER57CC
新市區,房地(土地+建物),臺南市新市區民生路31~60號,203.53,住,,,1050310,土地1建物1車位0,全,4,透天厝,住家用,鋼筋混凝土造,0780225,336.55,7,2,5,有,無,有,35000,104,,0.0,0,,RPWNMLRKLHLFFER77CC
善化區,建物,臺南市善化區興安街121~150號,0.0,,,,1050215,土地0建物1車位0,七層,15,住宅大樓(11層含以上有電梯),住家用,鋼筋混凝土造,1030520,163.42000000000002,3,2,2,有,無,有,20000,122,,0.0,0,1.租賃契約書無填寫土地租賃面積2.由所有權人提供租屋資訊,RPXNMLRKLHLFFER87CC
北區,房地(土地+建物),臺南市北區長榮路五段1~30號,0.0,住,,,1050311,土地1建物1車位0,七層,7,華廈(10層含以下有電梯),住家用,鋼筋混凝土造,0770825,70.89,2,2,2,有,無,有,11500,162,,0.0,0,,RPPNMLRKLHLFFAD87CC
南區,建物,臺南市南區公英四街1~30號,0.0,,,,1050205,土地0建物1車位0,全,2,透天厝,住家用,見其他登記事項,0570130,68.4,2,1,1,有,無,無,8000,117,,0.0,0,,RPVNMLRKLHLFFCD68CC
東區,建物,臺南市東區榮譽街130巷1~30號,0.0,,,,1050315,土地0建物1車位0,六層,7,華廈(10層含以下有電梯),住家用,鋼筋混凝土構造,0840114,96.76,2,1,2,有,無,有,13000,134,,0.0,0,,RPOOMLRKLHLFFCD08CC
南區,建物,臺南市南區新興路183巷16弄1~30號,0.0,,,,1050217,土地0建物0車位0,一層,2,套房(1房1廳1衛),住家用,加強磚造,0591024,29.75,1,0,1,有,無,有,6000,202,,0.0,0,,RPPOMLRKLHLFFCD18CC
東區,房地(土地+建物)+車位,臺南市東區長榮路一段1~30號,0.0,住,,,1050315,土地2建物1車位1,五層,14,住宅大樓(11層含以上有電梯),住家用,鋼筋混凝土構造,0991213,163.09,5,2,2,有,無,無,35000,215,坡道平面,80.04,0,,RPTOMLRKLHLFFCD58CC
永康區,建物,臺南市永康區六合里新興街1~30號,0.0,住,,,1050317,土地0建物1車位0,十一層,14,住宅大樓(11層含以上有電梯),住家用,鋼筋混凝土造,0880519,110.88,3,2,2,有,有,有,14500,131,,0.0,0,,RPSNMLSKLHLFFHR77CC
永康區,建物,臺南市永康區中山南路38巷1~30號,0.0,,,,1050221,土地0建物1車位0,三層,4,公寓(5樓含以下無電梯),住家用,鋼筋混凝土造,0760917,179.93,4,2,2,有,無,有,12000,67,,0.0,0,,RPSNMLTKLHLFFHR87CC
仁德區,建物,臺南市仁德區仁德里中山路910巷1~30號,0.0,,,,1050222,土地0建物1車位0,全,4,透天厝,住家用,鋼筋混凝土造,0870928,183.47,3,2,3,有,無,無,23000,125,,0.0,0,1.租賃契約書無填寫土地租賃面積2.由所有權人提供租屋資訊,RPQNMLTKLHLFFFR47CC
東區,建物,臺南市東區崇德二十三街61~90號,0.0,,,,1050319,土地0建物1車位0,全,3,透天厝,住商用,鋼筋混凝土構造,0700826,167.75,4,2,3,有,無,無,14500,86,,0.0,0,,RPVNMLTKLHLFFCD88CC
東區,建物,臺南市東區仁和路91~120號,0.0,,,,1050319,土地0建物0車位0,全,3,透天厝,住商用,鋼筋混凝土構造,0791106,45.49,2,1,1,有,無,有,13000,286,,0.0,0,,RPWNMLTKLHLFFCD98CC
南區,建物,臺南市南區三官路1~30號,0.0,,,,1050220,土地0建物1車位0,全,4,透天厝,住商用,鋼筋混凝土構造,0700515,275.71,6,3,5,有,無,無,30000,109,,0.0,0,,RPOOMLTKLHLFFCD28CC
安平區,建物,臺南市安平區550巷17弄31~60號,0.0,,,,1050319,土地0建物1車位0,全,4,透天厝,住家用,鋼筋混凝土造,0750421,346.13,5,1,5,有,無,有,27000,78,,0.0,0,,RPSNMLTKLHLFFAD38CC
北區,房地(土地+建物),臺南市北區公園南路361~390號,4.35,住,,,1050301,土地1建物1車位0,十二層,14,住宅大樓(11層含以上有電梯),見其他登記事項,見其他登記事項,0960824,29.35,1,0,1,有,有,有,10000,341,,0.0,0,,RPQNMLKLLHLFFAD37CC
北區,土地,北華段841~870地號,94.0,其他,,,1050314,土地1建物0車位0,,,其他,,,,0.0,0,0,0,有,無,無,20000,213,,0.0,0,,RPRNMLKLLHLFFAD47CC
東區,土地,竹篙厝段3991~4020地號,309.0,商,,,1050318,土地1建物0車位0,,,其他,,,,0.0,0,0,0,有,無,無,112000,362,,0.0,0,,RPUOMLLLLHLFFCD18CC
歸仁區,房地(土地+建物),臺南市歸仁區中山路三段211~240號,91.73,住,,,1050223,土地1建物1車位0,見其他登記事項,4,店面(店鋪),住商用,鋼筋混凝土造,0991224,249.09,5,4,5,有,無,無,20000,80,,0.0,0,,RPTNMLLLLHLFFFR07CC
新營區,房地(土地+建物),臺南市新營區東興三興22巷31~60號,1.95,住,,,1050225,土地1建物1車位0,二層,6,套房(1房1廳1衛),住家用,鋼筋混凝土造,0840710,9.44,1,0,1,有,無,有,4500,477,,0.0,0,,RPSNMLLLLHLFFAR09CC
安南區,房地(土地+建物),臺南市安南區海環街301~330號,211.68,住,,,1050320,土地1建物1車位0,全,2,透天厝,住家用,鋼筋混凝土造,0811207,230.25,6,2,5,有,無,無,18000,78,,0.0,0,,RPPNMLLLLHLFFBD47CC
北區,房地(土地+建物),臺南市北區東豐路301~330號,83.0,住,,,1050316,土地1建物1車位0,二層,4,店面(店鋪),見其他登記事項,鋼筋混凝土造,0920819,79.97,0,2,2,有,無,無,22000,275,,0.0,0,,RPVNMLMLLHLFFAD08CC
中西區,房地(土地+建物),臺南市中西區衛民街61~90號,257.18,住,,,1050314,土地1建物1車位0,一層,6,華廈(10層含以下有電梯),住家用,鋼筋混凝土造,0800826,229.37,0,0,0,無,無,無,45000,196,,0.0,0,,RPWNMLMLLHLFFAD18CC
中西區,房地(土地+建物),臺南市中西區康樂街151~180號,4.42,其他,,,1050321,土地1建物1車位0,七層,12,套房(1房1廳1衛),住家用,鋼筋混凝土造,0781002,35.42,1,1,1,有,無,有,9500,268,,0.0,0,,RPXNMLMLLHLFFAD28CC
安平區,建物,臺南市安平區平豐路101巷1~30號,0.0,,,,1050224,土地0建物1車位0,全,4,透天厝,住商用,鋼筋混凝土造,0861017,193.92,5,2,4,有,無,無,23000,119,,0.0,0,,RPRNMLNLLHLFFAD77CC
安平區,建物,臺南市安平區府前三街121~150號,0.0,,,,1050224,土地0建物1車位0,二層,7,華廈(10層含以下有電梯),住商用,鋼筋混凝土造,0850106,33.06,1,0,1,有,無,有,6500,197,,0.0,0,,RPTNMLNLLHLFFAD97CC
東區,建物,臺南市東區前鋒路85巷1~30號,0.0,,,,1050224,土地0建物1車位0,三層,7,華廈(10層含以下有電梯),住家用,鋼筋混凝土構造,0721214,112.01,3,2,1,有,無,有,11000,98,,0.0,0,,RPRNMLNLLHLFFCD97CC
南區,建物,臺南市南區金華路一段116巷1~30號,0.0,,,,1050225,土地0建物1車位0,五層,5,公寓(5樓含以下無電梯),住家用,鋼筋混凝土構造,0701203,66.51,2,2,1,有,無,無,7000,105,,0.0,0,,RPTNMLNLLHLFFCD18CC
東區,建物,臺南市東區衛國街114巷9弄1~30號,0.0,其他,,,1050321,土地0建物1車位0,五層,7,華廈(10層含以下有電梯),見其他登記事項,鋼筋混凝土構造,0690522,81.66,4,1,2,有,無,有,16000,196,,0.0,0,,RPUNMLNLLHLFFCD28CC
東區,土地,新東段1891~1920地號,52.0,其他,,,1050228,土地1建物0車位0,,,其他,,,,0.0,0,0,0,有,無,無,8000,154,,0.0,0,,RPVNMLNLLHLFFCD38CC
東區,土地,新東段1891~1920地號,52.0,其他,,,1050228,土地1建物0車位0,,,其他,,,,0.0,0,0,0,有,無,無,8000,154,,0.0,0,,RPWNMLNLLHLFFCD48CC
東區,建物,臺南市東區長榮路二段32巷46弄1~30號,0.0,住,,,1050319,土地0建物1車位0,五層,5,公寓(5樓含以下無電梯),住家用,鋼筋混凝土構造,0730629,114.73,4,2,2,有,無,無,13500,118,,0.0,0,,RPXNMLNLLHLFFCD58CC
東區,建物,臺南市東區富德街31~60號,0.0,其他,,,1050222,土地0建物1車位0,一層,1,廠辦,見其他登記事項,見其他登記事項,0730301,48.37,0,0,3,有,無,無,20000,413,,0.0,0,,RPOOMLNLLHLFFCD77CC
仁德區,建物,臺南市仁德區中正路二段91~120號,0.0,商,,,1050225,土地0建物1車位0,全,4,透天厝,住商用,鋼筋混凝土造,0981005,148.35,0,0,2,有,無,無,25000,169,,0.0,0,,RPSOMLNLLHLFFFR27CC
永康區,建物,臺南市永康區復華五街55巷1~30號,0.0,,,,1050229,土地0建物1車位0,十層,10,華廈(10層含以下有電梯),住家用,見其他登記事項,1040810,111.7,3,2,2,有,有,有,15000,134,,0.0,0,,RPTNMLOLLHLFFHR57CC
東區,建物,臺南市東區中華東路二段185巷31~60號,0.0,,,,1050229,土地0建物1車位0,七層,20,住宅大樓(11層含以上有電梯),住家用,鋼筋混凝土構造,0841106,170.32,2,2,2,有,無,有,20000,117,,0.0,0,,RPSNMLOLLHLFFCD18CC
東區,建物,臺南市東區府東街181~210號,0.0,,,,1050306,土地0建物1車位0,三層,7,華廈(10層含以下有電梯),住家用,鋼筋混凝土構造,0830304,35.22,1,0,1,有,無,有,5000,142,,0.0,0,,RPUNMLOLLHLFFCD38CC
東區,房地(土地+建物),臺南市東區富農街一段72巷1~30號,140.0,住,,,1050322,土地4建物1車位0,全,2,透天厝,住家用,加強磚造,0611211,99.22,4,2,1,有,無,無,8000,81,,0.0,0,,RPVNMLOLLHLFFCD48CC
安平區,建物,臺南市安平區郡平路31~60號,0.0,,,,1050226,土地0建物1車位0,六層,14,住宅大樓(11層含以上有電梯),見其他登記事項,鋼筋混凝土造,0960719,93.72,3,1,2,有,有,有,17000,181,,0.0,0,,RPQNMLOLLHLFFAD77CC
中西區,建物,臺南市中西區健康路一段241~270號,0.0,,,,1050228,土地0建物1車位0,四層,7,華廈(10層含以下有電梯),住家用,鋼筋混凝土造,0851204,119.78,3,2,2,有,無,有,11000,92,,0.0,0,,RPSNMLOLLHLFFAD97CC
安平區,建物,臺南市安平區育平路61~90號,0.0,,,,1050305,土地0建物1車位0,四層,14,住宅大樓(11層含以上有電梯),見其他登記事項,見其他登記事項,1021125,57.480000000000004,2,1,1,有,有,有,15000,261,,0.0,0,,RPOOMLOLLHLFFAD67CC
安平區,建物,臺南市安平區永華八街211~240號,0.0,,,,1050308,土地0建物1車位0,四層,9,華廈(10層含以下有電梯),住家用,鋼筋混凝土造,0831107,24.88,1,1,1,有,無,有,5000,201,,0.0,0,,RPVOMLPLLHLFFAD48CC
中西區,建物,臺南市中西區大同路一段70巷1~30號,0.0,,,,1050308,土地0建物1車位0,五層,5,公寓(5樓含以下無電梯),住家用,鋼筋混凝土造,0720628,84.49000000000001,4,2,2,有,無,有,10000,118,,0.0,0,,RPWPMLPLLHLFFAD68CC
永康區,土地,鹽北段1561~1590地號,296.0,其他,,,1050307,土地1建物0車位0,,,其他,,,,0.0,0,0,0,有,無,有,44000,149,,0.0,0,,RPWNMLPLLHLFFHR97CC
安南區,房地(土地+建物),臺南市安南區海佃路三段301~330號,493.53,其他,,,1050303,土地2建物2車位0,一層,1,店面(店鋪),商業用,鋼筋混凝土造,1040723,283.5,0,0,0,有,無,有,85000,300,,0.0,0,,RPQNMLQLLHLFFBD08CC
東區,建物,臺南市東區裕信路91~120號,0.0,住,,,1050324,土地0建物1車位0,全,5,透天厝,見其他登記事項,鋼筋混凝土構造,0900702,228.87,5,2,4,有,無,有,25000,109,,0.0,0,,RPPNMLSLLHLFFCD28CC
東區,建物,臺南市東區東安路76巷1~30號,0.0,住,,,1050327,土地0建物1車位0,五層,5,公寓(5樓含以下無電梯),住家用,鋼筋混凝土構造,0760608,121.45,4,1,3,有,無,有,12000,99,,0.0,0,,RPXNMLTLLHLFFCD56CC
北區,建物,臺南市北區北園街8巷1~30號,0.0,住,,,1050328,土地0建物1車位0,十四層,19,住宅大樓(11層含以上有電梯),見其他登記事項,鋼筋混凝土造,0961227,114.06,2,1,1,有,有,有,16700,146,,0.0,0,,RPROMLTLLHLFFAD48CC
中西區,建物,臺南市中西區樹林街二段241~270號,0.0,住,,,1050326,土地0建物1車位0,六層,8,華廈(10層含以下有電梯),住家用,鋼筋混凝土造,0870905,114.78999999999999,3,1,2,有,有,有,15000,131,,0.0,0,,RPWOMLTLLHLFFAD98CC
中西區,建物,臺南市中西區赤崁東街61~90號,0.0,商,,,1050302,土地0建物1車位0,一層,10,華廈(10層含以下有電梯),商業用,鋼筋混凝土造,0870212,134.69,0,0,1,有,無,無,16000,119,,0.0,0,,RPSPMLTLLHLFFAD68CC
安南區,建物,臺南市安南區長溪路一段168巷10弄1~30號,0.0,工,,,1050326,土地0建物1車位0,見其他登記事項,1,工廠,工業用,見其他登記事項,0670809,44.73,1,1,1,有,無,無,15000,,,0.0,0,,RPSNMLTLLHLFFBD58CC
新化區,房地(土地+建物),臺南市新化區信義路484巷1~30號,27.58,住,,,1050326,土地1建物1車位0,五層,7,華廈(10層含以下有電梯),住家用,鋼筋混凝土造,0820804,134.18,3,2,1,有,無,無,8000,60,,0.0,0,,RPWOMLTLLHLFFER18CC
永康區,建物,臺南市永康區大灣路942巷71弄31~60號,0.0,住,,,1050326,土地0建物1車位0,全,6,透天厝,住家用,鋼筋混凝土造,0830826,188.28,8,1,5,有,無,有,26000,138,,0.0,0,,RPXNMLTLLHLFFHR48CC
新市區,房地(土地+建物),臺南市新市區延平街1~30號,28.42,其他,,,1050315,土地2建物1車位0,見其他登記事項,2,華廈(10層含以下有電梯),住商用,鋼筋混凝土造,0850522,122.03,2,2,1,有,無,有,15000,123,,0.0,0,,RPQNMLKMLHLFFER66CC
南區,房地(土地+建物)+車位,臺南市南區大同路二段100巷21弄1~30號,33.01,住,,,1050304,土地1建物1車位1,三層,13,住宅大樓(11層含以上有電梯),見其他登記事項,鋼筋混凝土構造,0881021,136.0,3,2,2,有,有,有,10000,74,坡道平面,31.08,0,,RPTNMLKMLHLFFCD08DC
佳里區,房地(土地+建物),臺南市佳里區文化路301~330號,77.0,住,,,1050308,土地2建物1車位0,見其他登記事項,4,店面(店鋪),住商用,鋼筋混凝土造,0811202,227.93,6,2,4,有,無,有,18000,79,,0.0,0,,RPVNMLKMLHLFFDR17DC
安平區,房地(土地+建物),臺南市安平區健康三街61~90號,87.25,住,,,1050328,土地1建物1車位0,見其他登記事項,5,店面(店鋪),見其他登記事項,見其他登記事項,0950707,268.27,5,3,4,有,無,無,33000,123,,0.0,0,,RPQNMLKMLHLFFAD47CC
東區,建物,臺南市東區慶東街91~120號,0.0,,,,1050329,土地0建物1車位0,一層,9,辦公商業大樓,住商用,鋼筋混凝土構造,0830909,134.71,3,2,3,有,有,無,22000,163,,0.0,0,,RPVNMLKMLHLFFCD18CC
南區,建物,臺南市南區新興路183巷16弄1~30號,0.0,,,,1050309,土地0建物0車位0,一層,2,套房(1房1廳1衛),住家用,加強磚造,0591024,33.06,1,0,1,有,無,有,6000,181,,0.0,0,,RPXNMLLJMHLFFCD28CC
南區,建物,臺南市南區新興路183巷16弄1~30號,0.0,,,,1050308,土地0建物1車位0,一層,2,套房(1房1廳1衛),住家用,加強磚造,0591024,29.75,1,0,1,有,無,有,6000,202,,0.0,0,,RPPOMLLJMHLFFCD57CC
南區,建物,臺南市南區新興路183巷16弄1~30號,0.0,,,,1050310,土地0建物0車位0,一層,2,套房(1房1廳1衛),住家用,加強磚造,0591024,33.06,1,0,1,有,無,有,6000,181,,0.0,0,,RPQOMLLJMHLFFCD67CC
東區,房地(土地+建物),臺南市東區崇明十街61~90號,5.37,其他,,,1050328,土地1建物1車位0,三層,6,華廈(10層含以下有電梯),住家用,鋼筋混凝土構造,0800827,34.34,1,1,1,有,無,有,6000,175,,0.0,0,,RPTOMLLJMHLFFCD97CC
南區,建物,臺南市南區金華路二段15巷1~30號,0.0,,,,1050302,土地0建物1車位0,一層,4,店面(店鋪),住家用,鋼筋混凝土造,0670509,75.67,0,0,0,無,無,無,8000,106,,0.0,0,,RPWOMLLJMHLFFCD28CC
東區,建物,臺南市東區中華東路二段151~180號,0.0,,,,1050302,土地0建物1車位0,五層,14,住宅大樓(11層含以上有電梯),住家用,鋼筋混凝土造,0970229,74.67,1,1,1,有,有,有,13000,174,,0.0,0,,RPXOMLLJMHLFFCD38CC
南區,建物,臺南市南區公英四街1~30號,0.0,,,,1050305,土地0建物1車位0,全,2,透天厝,住家用,見其他登記事項,0570130,68.4,2,1,1,有,無,無,8000,117,,0.0,0,,RPOPMLLJMHLFFCD57CC
東區,建物,臺南市東區裕豐街214巷1~30號,0.0,,,,1050312,土地0建物1車位0,四層,6,華廈(10層含以下有電梯),住商用,鋼筋混凝土造,0811221,57.28,2,1,1,有,無,有,7000,122,,0.0,0,,RPPPMLLJMHLFFCD67CC
南區,建物,臺南市南區新慶街31~60號,0.0,,,,1050316,土地0建物1車位0,二層,10,華廈(10層含以下有電梯),住家用,鋼筋混凝土造,0850930,66.57,3,2,2,有,有,有,18000,270,,0.0,0,,RPQPMLLJMHLFFCD77CC
北區,房地(土地+建物),臺南市北區東豐路227巷1~30號,14.52,住,,,1050401,土地1建物1車位0,一層,13,住宅大樓(11層含以上有電梯),見其他登記事項,見其他登記事項,1000908,48.47,2,2,1,有,有,有,23000,475,,0.0,0,,RPQNMLLJMHLFFAD37CC
東區,建物,臺南市東區崇學路181~210號,120.0,住,,,1050327,土地0建物1車位0,全,7,透天厝,住家用,鋼筋混凝土構造,0851231,75.5,0,1,1,有,無,無,13000,172,,0.0,0,,RPRNMLLJMHLFFCD77DC
新營區,房地(土地+建物),臺南市新營區新營區大同路31~60號,209.08,住,,,1050307,土地1建物1車位0,一層,4,店面(店鋪),住商用,鋼筋混凝土造,0700422,103.97,0,1,1,有,無,無,50000,481,,0.0,0,只租1樓,RPQNMLMJMHLFFAR88CC
永康區,建物,臺南市永康區國華街102巷61~90號,0.0,其他,,,1050401,土地0建物1車位0,見其他登記事項,12,住宅大樓(11層含以上有電梯),見其他登記事項,鋼筋混凝土造,0831006,174.02,1,1,1,有,無,無,16000,92,,0.0,0,,RPQNMLMJMHLFFHR96CC
麻豆區,土地,保安段751~780地號,107.69,其他,,,1050401,土地2建物0車位0,,,其他,,,,0.0,0,0,0,有,無,無,25000,232,,0.0,0,,RPPNMLNJMHLFFCR09CC
新市區,房地(土地+建物),臺南市新市區中正路92巷1~30號,20.56,住,,,1050404,土地1建物1車位0,六層,8,華廈(10層含以下有電梯),住家用,鋼筋混凝土造,0830806,75.04,3,2,2,有,有,有,9900,132,,0.0,0,,RPPNMLPJMHLFFER86CC
東區,房地(土地+建物)+車位,臺南市東區大同路一段241巷6弄31~60號,0.0,住,,,1050330,土地2建物1車位0,見其他登記事項,6,華廈(10層含以下有電梯),住家用,鋼筋混凝土構造,0820911,92.9,4,2,3,有,無,有,14000,151,坡道平面,13.74,0,,RPRNMLPJMHLFFCD08CC
安南區,房地(土地+建物),臺南市安南區府安路五段121~150號,0.0,住,,,1050319,土地1建物1車位0,見其他登記事項,5,公寓(5樓含以下無電梯),住商用,鋼筋混凝土造,0831027,152.77,6,2,4,有,無,無,21000,137,,0.0,0,,RPPNMLQJMHLFFBD87CC
中西區,土地,保安段1981~2010地號,77.0,住,,,1050304,土地1建物0車位0,,,其他,,,,0.0,4,0,0,有,無,無,26000,338,,0.0,0,,RPVNMLQJMHLFFAD48DC
鹽水區,房地(土地+建物),臺南市鹽水區歡雅91~120號,100.79,,鄉村區,乙種建築用地,1050406,土地1建物1車位0,全,2,透天厝,住商用,加強磚造,0691231,125.19,3,1,2,有,無,無,8000,64,,0.0,0,,RPSNMLRJMHLFFAR96CC
東區,建物,臺南市東區生產路367巷1~30號,0.0,,,,1050401,土地0建物1車位0,五層,5,公寓(5樓含以下無電梯),住家用,鋼筋混凝土構造,0710701,90.52,3,1,2,有,無,有,7500,83,,0.0,0,,RPPNMLRJMHLFFCD08CC
中西區,建物,臺南市中西區民權路二段241~270號,0.0,,,,1050311,土地0建物1車位0,全,2,透天厝,住家用,加強磚造,0350101,122.0,0,0,0,無,無,無,50000,410,,0.0,0,,RPQNMLRJMHLFFAD97CC
北區,房地(土地+建物),臺南市北區西門路四段481~510號,83.72,住,,,160324,土地1建物1車位0,一層,5,店面(店鋪),見其他登記事項,鋼筋混凝土造,0950102,50.07,0,1,1,有,無,有,5000,100,,0.0,0,,RPSNMLRJMHLFFAD18CC
中西區,房地(土地+建物),臺南市中西區康樂街151~180號,3.17,其他,,,1050406,土地1建物1車位0,七層,12,套房(1房1廳1衛),住家用,鋼筋混凝土造,0781002,24.03,1,0,0,有,無,有,8000,333,,0.0,0,,RPWNMLRJMHLFFAD58CC
北區,建物,臺南市北區公園路597巷1~30號,0.0,住,,,1050407,土地0建物1車位0,五層,5,公寓(5樓含以下無電梯),住家用,鋼筋混凝土造,0701027,55.57,1,1,1,有,無,有,4000,72,,0.0,0,,RPOPMLSJMHLFFAD08CC
東區,建物,臺南市東區光華街241~270號,0.0,住,,,1050406,土地0建物1車位0,五層,5,公寓(5樓含以下無電梯),住家用,鋼筋混凝土構造,0820622,63.21,2,1,1,有,無,有,8000,127,,0.0,0,,RPXNMLSJMHLFFCD98CC
東區,建物,臺南市東區富農街二段31~60號,0.0,住,,,1050328,土地0建物1車位0,全,5,透天厝,住商用,鋼筋混凝土構造,0781114,165.17000000000002,0,1,1,有,無,無,16000,97,,0.0,0,,RPPNMLTJMHLFFCD28CC
安平區,建物,臺南市安平區建平八街61~90號,0.0,住,,,1050408,土地0建物1車位0,十四層,14,住宅大樓(11層含以上有電梯),見其他登記事項,鋼筋混凝土造,0880816,99.46,3,2,2,有,有,有,12500,126,,0.0,0,,RPPNMLTJMHLFFAD08CC
北區,建物,臺南市北區大興街528巷13弄1~30號,0.0,住,,,1050320,土地0建物1車位0,全,4,透天厝,住家用,鋼筋混凝土造,0850926,270.32,5,2,5,有,無,無,20000,74,,0.0,0,,RPQNMLTJMHLFFAD18CC
安平區,建物,臺南市安平區平通路333巷91~120號,0.0,,,,1050310,土地0建物1車位0,全,4,透天厝,見其他登記事項,見其他登記事項,0931011,177.23,4,2,5,有,無,有,28000,158,,0.0,0,,RPSNMLTJMHLFFAD38CC
永康區,建物,臺南市永康區忠孝路203巷42弄1~30號,0.0,住,,,1050320,土地0建物1車位0,全,2,透天厝,住家用,鋼筋混凝土加強磚造,0590801,87.45,4,2,2,有,無,有,12000,137,,0.0,0,,RPPNMLTJMHLFFHR57CC
永康區,建物,臺南市永康區鹽行里仁愛街84巷1~30號,0.0,,,,1050310,土地0建物1車位0,七層,7,套房(1房1廳1衛),住家用,鋼筋混凝土造,0821002,51.67,1,1,1,有,無,有,8000,155,,0.0,0,,RPQNMLTJMHLFFHR67CC
永康區,建物,臺南市永康區大橋一街324巷1~30號,0.0,,,,1050311,土地0建物1車位0,全,2,透天厝,住家用,加強磚造,0720518,102.74,5,1,3,有,無,無,20000,195,,0.0,0,,RPRNMLTJMHLFFHR77CC
永康區,建物,臺南市永康區中正路256巷1~30號,0.0,,,,1050312,土地0建物1車位0,十五層,15,住宅大樓(11層含以上有電梯),住家用,鋼筋混凝土造,0820824,112.87,3,2,2,有,有,有,12000,106,,0.0,0,,RPSNMLTJMHLFFHR87CC
永康區,建物,臺南市永康區鹽行路121~150號,0.0,住,,,1050409,土地0建物1車位0,全,4,透天厝,住商用,鋼筋混凝土造,0830111,233.51,5,2,4,有,無,有,20000,86,,0.0,0,1.合約書無填具土地租賃面積.2.由所有權人提供出租資訊.3.租整棟透天,RPUNMLLKMHLFFHR37CC
新市區,房地(土地+建物),臺南市新市區中山路13巷1~30號,1401.0,,特定農業區,農牧用地,1050410,土地1建物1車位0,見其他登記事項,2,倉庫,農舍,鐵造,0840408,108.52,0,0,0,無,無,無,22000,,,0.0,0,,RPUNMLLKMHLFFER07CC
鹽水區,房地(土地+建物),臺南市鹽水區溪州療1~30號,87.0,,特定農業區,甲種建築用地,1050228,土地1建物1車位0,全,3,透天厝,住家用,鋼筋混凝土造,1000527,146.66,4,2,4,有,無,有,12000,82,,0.0,0,,RPSNMLMKMHLFFAR66DC
安平區,建物,臺南市安平區永華路二段1051~1080號,0.0,住,,,1050411,土地0建物1車位0,全,4,透天厝,見其他登記事項,見其他登記事項,0950127,244.44,4,1,5,有,無,有,39200,160,,0.0,0,,RPRNMLMKMHLFFAD67CC
東區,房地(土地+建物),臺南市東區怡東路72巷1~30號,34.3,住,,,1050405,土地1建物1車位0,一層,5,公寓(5樓含以下無電梯),住家用,鋼筋混凝土構造,0721216,125.55,4,2,2,有,無,有,13000,104,,0.0,0,,RPTNMLMKMHLFFCD08CC
東區,房地(土地+建物),臺南市東區東安路50巷10弄1~30號,27.5,住,,,1050407,土地1建物1車位0,三層,5,公寓(5樓含以下無電梯),住家用,鋼筋混凝土構造,0710223,88.6,3,2,2,有,無,有,10000,113,,0.0,0,,RPXNMLMKMHLFFCD48CC
北區,建物,臺南市北區北園街91~120號,0.0,住,,,1050410,土地0建物1車位0,全,2,透天厝,住商用,加強磚造,0640916,88.0,8,1,8,有,無,有,30000,341,,0.0,0,,RPXNMLNKMHLFFAD38CC
中西區,房地(土地+建物),臺南市中西區永福路二段31~60號,128.07,商,,,1050402,土地1建物1車位0,二層,3,店面(店鋪),住商用,磚造,0490101,142.27,3,2,3,有,無,無,25000,176,,0.0,0,,RPOOMLNKMHLFFAD57CC
北區,房地(土地+建物),臺南市北區北成路80巷23弄1~30號,151.69,住,,,1050401,土地1建物1車位0,全,4,透天厝,住家用,鋼筋混凝土造,0821213,442.66,6,4,6,有,無,有,40000,90,,0.0,0,,RPPOMLNKMHLFFAD67CC
北區,建物,臺南市北區北安路一段176巷1~30號,0.0,住,,,1050408,土地0建物1車位0,一層,13,華廈(10層含以下有電梯),見其他登記事項,見其他登記事項,0951129,106.01,2,1,2,有,有,有,16000,151,,0.0,0,,RPQOMLNKMHLFFAD77CC
北區,建物,臺南市北區開元路117巷8弄1~30號,0.0,住,,,1050409,土地0建物1車位0,全,2,透天厝,住家用,加強磚造,0590514,76.19,4,2,3,有,無,有,15000,197,,0.0,0,,RPSOMLNKMHLFFAD97CC
北區,建物,臺南市北區開元路117巷8弄1~30號,0.0,住,,,1050409,土地0建物1車位0,全,2,透天厝,住家用,加強磚造,0590514,76.19,4,2,3,有,無,有,15000,197,,0.0,0,,RPTOMLNKMHLFFAD08CC
北區,建物,臺南市北區實踐街103巷39弄1~30號,0.0,住,,,1050413,土地0建物1車位0,全,2,透天厝,住家用,鋼筋混凝土造,0690529,110.76,6,2,2,有,無,有,18000,163,,0.0,0,,RPOPMLNKMHLFFAD67CC
新化區,建物,臺南市新化區民生路181~210號,0.0,住,,,1050411,土地0建物1車位0,全,2,透天厝,住商用,加強磚造,0700501,94.2,3,2,3,有,無,無,16000,170,,0.0,0,,RPTNMLNKMHLFFER17CC
安南區,建物,臺南市安南區安中路四段181~210號,0.0,住,,,1050410,土地0建物1車位0,全,4,透天厝,住商用,鋼筋混凝土造,1001104,189.0,4,2,3,有,無,無,20000,106,,0.0,0,,RPRNMLNKMHLFFBD87CC
安南區,建物,臺南市安南區安和路四段1~30號,0.0,工,,,1050408,土地0建物1車位0,見其他登記事項,1,倉庫,見其他登記事項,見其他登記事項,0820120,1535.04,0,0,0,無,無,無,100000,,,0.0,0,,RPUNMLNKMHLFFBD18CC
永康區,建物,臺南市永康區中華路619巷22弄1~30號,0.0,住,,,1050410,土地0建物1車位0,全,4,透天厝,住商用,鋼筋混凝土造,0770620,163.13,5,1,2,有,無,有,17500,107,,0.0,0,,RPUNMLNKMHLFFHR57CC
東區,建物,臺南市東區中華東路二段181~210號,0.0,住,,,1050320,土地0建物1車位0,四層,20,住宅大樓(11層含以上有電梯),住家用,鋼筋混凝土造,0841106,46.19,1,0,1,有,有,有,7500,162,,0.0,0,,RPPNMLOKMHLFFCD87CC
南區,房地(土地+建物),臺南市南區金華路一段481~510號,100.0,住,,,1050331,土地1建物1車位0,見其他登記事項,4,店面(店鋪),見其他登記事項,鋼筋混凝土構造,0960412,301.3,4,2,4,有,無,無,43000,143,,0.0,0,,RPQNMLOKMHLFFCD97CC
東區,建物,臺南市東區怡東路151~180號,0.0,住,,,1050414,土地0建物1車位0,一層,12,住宅大樓(11層含以上有電梯),見其他登記事項,鋼筋混凝土構造,0881116,142.13,4,2,2,有,有,有,12000,84,,0.0,0,,RPQNMLPKMHLFFCD08CC
東區,建物,臺南市東區府連路181~210號,0.0,住,,,1050317,土地0建物1車位0,七層,7,華廈(10層含以下有電梯),住家用,鋼筋混凝土造,0791017,75.28,1,2,2,有,無,有,11000,146,,0.0,0,,RPTNMLPKMHLFFCD38CC
南區,建物,臺南市南區健康路二段481~510號,0.0,,,,1050325,土地0建物0車位0,一層,7,套房(1房1廳1衛),商業用,鋼筋混凝土造,0820208,39.67,1,1,1,有,無,有,5300,134,,0.0,0,,RPUNMLPKMHLFFCD48CC
南區,建物,臺南市南區健康路二段481~510號,0.0,,,,1050325,土地0建物0車位0,一層,7,套房(1房1廳1衛),商業用,鋼筋混凝土造,0820208,39.67,1,1,1,有,無,有,5300,134,,0.0,0,,RPXNMLPKMHLFFCD78CC
中西區,建物,臺南市中西區永福路一段181~210號,0.0,商,,,1050321,土地0建物2車位0,見其他登記事項,14,辦公商業大樓,見其他登記事項,見其他登記事項,1020604,4191.4,0,0,0,無,有,無,838716,200,,0.0,0,,RPSNMLPKMHLFFAD08CC
安平區,建物,臺南市安平區永華路二段901~930號,0.0,住,,,1050327,土地0建物1車位0,十三層,14,住宅大樓(11層含以上有電梯),見其他登記事項,見其他登記事項,0960111,185.2,2,2,2,有,有,有,20000,108,,0.0,0,,RPPOMLPKMHLFFAD87CC
北區,建物,臺南市北區西門路四段200巷31~60號,0.0,,,,1050329,土地0建物1車位0,六層,9,華廈(10層含以下有電梯),見其他登記事項,鋼筋混凝土造,0851009,145.24,3,2,2,有,無,無,13000,90,,0.0,0,,RPROMLPKMHLFFAD08CC
永康區,建物,臺南市永康區安康里大橋一街31~60號,0.0,住,,,1050321,土地0建物1車位0,三層,14,住宅大樓(11層含以上有電梯),住家用,鋼筋混凝土造,0880824,82.72999999999999,2,1,2,有,有,有,11500,139,,0.0,0,,RPVNMLPKMHLFFHR87CC
永康區,房地(土地+建物),臺南市永康區中華路721~750號,409.0,住,,,1050407,土地4建物2車位0,見其他登記事項,1,店面(店鋪),商業用,鋼造,0811003,254.28,0,0,0,無,無,無,120000,472,,0.0,0,,RPWNMLPKMHLFFHR97CC
永康區,建物,臺南市永康區南工街323巷32弄1~30號,0.0,,,,1050329,土地0建物1車位0,四層,8,華廈(10層含以下有電梯),住家用,鋼筋混凝土造,0831229,90.16,3,2,2,有,有,無,11000,122,,0.0,0,,RPPOMLPKMHLFFHR37CC
歸仁區,建物,臺南市歸仁區武東村中正南路二段1~30號,0.0,,,,1050325,土地0建物1車位0,全,4,透天厝,住商用,鋼筋混凝土造,0961009,235.21,5,2,3,有,無,無,23000,98,,0.0,0,,RPRPMLPKMHLFFFR47CC
永康區,房地(土地+建物),臺南市永康區中正路91~120號,103.62,住,,,1050415,土地1建物1車位0,見其他登記事項,4,店面(店鋪),住商用,鋼筋混凝土造,0980616,277.08,5,2,6,有,無,無,28000,101,,0.0,0,,RPRNMLQKMHLFFHR57CC
永康區,建物,臺南市永康區大橋里中華路619巷88弄61~90號,0.0,住,,,1050415,土地0建物1車位0,全,4,透天厝,住商用,鋼筋混凝土造,0770620,147.47,4,2,2,有,無,有,14000,95,,0.0,0,,RPSNMLQKMHLFFHR67CC
安平區,土地,妙壽段1~30地號,123.66,住,,,1050413,土地2建物0車位0,,,其他,,,,0.0,0,0,0,有,無,無,35000,283,,0.0,0,,RPRNMLQKMHLFFAD08CC
東區,建物,臺南市東區莊敬路91~120號,0.0,住,,,1050415,土地0建物1車位0,九層,9,華廈(10層含以下有電梯),住家用,鋼筋混凝土構造,0860326,97.19,2,1,2,有,有,有,13500,139,,0.0,0,,RPPNMLQKMHLFFCD08CC
東區,建物,臺南市東區育樂街151~180號,0.0,住,,,1050329,土地0建物0車位0,四層,4,公寓(5樓含以下無電梯),住家用,見其他登記事項,0570101,16.53,1,1,1,有,無,有,4800,290,,0.0,0,,RPQNMLQKMHLFFCD18CC
東區,建物,臺南市東區中華東路一段181~210號,0.0,,,,1050330,土地0建物1車位0,全,4,透天厝,住商用,鋼筋混凝土構造,0701202,352.5,5,1,5,有,無,無,29000,82,,0.0,0,,RPRNMLQKMHLFFCD28CC
東區,建物,臺南市東區林森路二段192巷1~30號,0.0,住,,,1050407,土地0建物1車位0,三層,12,住宅大樓(11層含以上有電梯),住家用,鋼筋混凝土構造,0730118,114.28,3,2,2,有,有,有,12500,109,,0.0,0,,RPSNMLQKMHLFFCD38CC
東區,建物,臺南市東區怡東路150巷1~30號,0.0,住,,,1050408,土地0建物1車位0,三層,12,住宅大樓(11層含以上有電梯),見其他登記事項,鋼筋混凝土構造,0881116,133.22,5,1,3,有,有,有,19000,143,,0.0,0,,RPTNMLQKMHLFFCD48CC
南區,建物,臺南市南區府緯街108巷1~30號,0.0,住,,,1050409,土地0建物1車位0,全,3,透天厝,住家用,鋼筋混凝土構造,0820108,81.56,3,2,3,有,無,有,12000,147,,0.0,0,,RPUNMLQKMHLFFCD58CC
東區,建物,臺南市東區東寧路西段1~30號,0.0,住,,,1050409,土地0建物1車位0,見其他登記事項,9,華廈(10層含以下有電梯),見其他登記事項,鋼筋混凝土構造,0830713,164.39999999999998,4,2,2,有,有,有,20000,122,,0.0,0,,RPVNMLQKMHLFFCD68CC
南區,房地(土地+建物),臺南市南區西門路一段361~390號,87.0,商,,,1050321,土地1建物1車位0,一層,4,店面(店鋪),住商用,鋼筋混凝土造,0660107,56.91,0,0,0,無,無,無,28000,492,,0.0,0,,RPWNMLQKMHLFFCD78CC
東區,房地(土地+建物),臺南市東區府東街91~120號,0.0,住,,,1050325,土地2建物1車位0,六層,12,住宅大樓(11層含以上有電梯),住家用,鋼筋混凝土造,0880805,45.88,2,1,1,有,無,有,12000,262,,0.0,0,,RPPNMLRKMHLFFCD18CC
中西區,房地(土地+建物),臺南市中西區中山路61~90號,0.0,住,,,1050414,土地1建物1車位0,十層,12,住宅大樓(11層含以上有電梯),住商用,鋼筋混凝土造,0671026,32.18,0,0,0,無,無,無,6000,186,,0.0,0,,RPRNMLRKMHLFFAD18CC
中西區,建物,臺南市中西區永福路一段61~90號,0.0,住,,,1050402,土地0建物1車位0,六層,8,華廈(10層含以下有電梯),住家用,鋼筋混凝土造,0821209,92.85,3,2,2,有,有,無,11000,118,,0.0,0,,RPSOMLSKMHLFFAD48CC
東區,房地(土地+建物)+車位,臺南市東區裕和二街91~120號,31.34,住,,,1050326,土地1建物1車位1,四層,7,華廈(10層含以下有電梯),住家用,鋼筋混凝土造,0961106,137.57,3,2,2,有,有,有,17500,127,坡道平面,0.0,0,,RPSNMLSKMHLFFCD58CC
東區,建物,臺南市東區小東路241~270號,0.0,住,,,1050327,土地0建物1車位0,十四層,25,住宅大樓(11層含以上有電梯),住家用,鋼筋混凝土構造,0840106,127.04,4,2,2,有,有,有,16000,126,,0.0,0,,RPWNMLSKMHLFFCD98CC
東區,建物,臺南市東區中華東路二段133巷77弄1~30號,0.0,住,,,1050402,土地0建物1車位0,四層,6,華廈(10層含以下有電梯),住家用,鋼筋混凝土構造,0840502,88.88,4,1,1,有,有,有,10000,113,,0.0,0,,RPXNMLSKMHLFFCD09CC
南區,建物,臺南市南區金華路二段57巷31~60號,0.0,住,,,1050410,土地0建物1車位0,三層,4,公寓(5樓含以下無電梯),住家用,鋼筋混凝土構造,0670509,76.48,3,1,1,有,無,無,7000,92,,0.0,0,,RPPOMLSKMHLFFCD38CC
永康區,建物,臺南市永康區中山東路218巷9弄1~30號,0.0,住,,,1050415,土地0建物1車位0,全,2,透天厝,住家用,加強磚造,0711209,92.96,5,1,2,有,無,有,15000,161,,0.0,0,,RPSNMLSKMHLFFHR87CC
永康區,建物,臺南市永康區復華五街55巷1~30號,0.0,其他,,,1050329,土地0建物1車位0,一層,10,華廈(10層含以下有電梯),見其他登記事項,見其他登記事項,1040810,163.06,4,1,2,有,無,無,25000,153,,0.0,0,,RPPOMLSKMHLFFHR67CC
新市區,房地(土地+建物),臺南市新市區銘傳街61~90號,1.0,其他,,,1050415,土地1建物0車位0,二層,4,套房(1房1廳1衛),見其他登記事項,鋼筋混凝土造,1020115,20.0,1,0,1,有,無,有,5500,275,,0.0,0,,RPPNMLSKMHLFFER27CC
仁德區,建物,臺南市仁德區德善路251巷1~30號,0.0,住,,,1050416,土地0建物1車位0,三層,8,華廈(10層含以下有電梯),國民住宅,鋼筋混凝土造,0891107,85.08,4,1,2,有,無,有,13000,153,,0.0,0,,RPRNMLSKMHLFFFR57CC
永康區,建物,臺南市永康區甲頂里中華路912巷31~60號,0.0,,,,1050324,土地0建物1車位0,六層,7,華廈(10層含以下有電梯),住家用,鋼筋混凝土造,0830328,50.27,3,1,1,有,無,有,10000,199,,0.0,0,,RPVNMLTKMHLFFHR28CC
永康區,建物,臺南市永康區復國路61~90號,0.0,,,,1050409,土地0建物1車位0,十層,14,住宅大樓(11層含以上有電梯),住家用,鋼筋混凝土造,0960920,168.08,3,2,2,有,有,無,15000,89,,0.0,0,,RPWNMLTKMHLFFHR38CC
南區,建物,臺南市南區金華路一段511~540號,0.0,住,,,1050328,土地0建物1車位0,見其他登記事項,5,店面(店鋪),商業用,鋼筋混凝土構造,0710430,143.39000000000001,1,1,1,有,無,無,30000,209,,0.0,0,,RPSOMLTKMHLFFCD78CC
東區,建物,臺南市東區中華東路三段211~240號,0.0,商,,,1050325,土地0建物1車位0,一層,1,店面(店鋪),見其他登記事項,見其他登記事項,0770413,170.56,0,0,0,無,無,無,113520,666,,0.0,0,,RPTOMLTKMHLFFCD88CC
中西區,建物,臺南市中西區忠義路二段181~210號,0.0,,,,1050410,土地0建物1車位0,七層,10,華廈(10層含以下有電梯),住家用,鋼筋混凝土造,0691203,42.39,1,1,1,有,有,有,5000,118,,0.0,0,,RPUNMLTKMHLFFAD68CC
安平區,建物,臺南市安平區永華六街279巷1~30號,0.0,,,,1050411,土地0建物1車位0,全,4,透天厝,住家用,鋼筋混凝土造,0870901,258.56,3,0,1,有,無,無,12000,46,,0.0,0,,RPXNMLTKMHLFFAD98CC
安平區,建物,臺南市安平區育平路31~60號,0.0,,,,1050411,土地0建物1車位0,七層,14,住宅大樓(11層含以上有電梯),見其他登記事項,見其他登記事項,1021125,57.769999999999996,2,1,1,有,有,有,20000,346,,0.0,0,,RPOOMLTKMHLFFAD18CC
中西區,建物,臺南市中西區府緯街9巷1~30號,0.0,,,,1050412,土地0建物1車位0,二層,5,公寓(5樓含以下無電梯),見其他登記事項,鋼筋混凝土造,0791113,20.240000000000002,1,0,1,有,無,有,4200,208,,0.0,0,,RPPOMLTKMHLFFAD28CC
北區,建物,臺南市北區長榮路四段31巷1~30號,0.0,住,,,1050419,土地0建物1車位0,二層,5,公寓(5樓含以下無電梯),住家用,鋼筋混凝土造,0731224,117.39,3,2,2,有,無,有,9000,77,,0.0,0,,RPTNMLKLMHLFFAD77CC
北區,建物,臺南市北區文賢二街157巷1~30號,0.0,住,,,1050321,土地0建物1車位0,全,3,透天厝,住家用,鋼筋混凝土造,0780907,211.59,5,2,4,有,無,有,20000,95,,0.0,0,,RPUNMLKLMHLFFAD87CC
東區,建物,臺南市東區崇德路917巷1~30號,0.0,住,,,1050417,土地0建物1車位0,全,3,透天厝,住家用,鋼筋混凝土構造,0871214,329.71,5,2,4,有,無,有,37000,112,,0.0,0,,RPOOMLKLMHLFFCD57CC
南區,建物,臺南市南區新興路241~270號,0.0,住,,,1050418,土地0建物1車位0,七層,7,華廈(10層含以下有電梯),住家用,鋼筋混凝土構造,0730817,68.99000000000001,2,2,1,有,無,無,8000,116,,0.0,0,,RPQOMLKLMHLFFCD77CC
東區,建物,臺南市東區崇仁街1~30號,0.0,,,,1050419,土地0建物1車位0,一層,5,店面(店鋪),見其他登記事項,鋼筋混凝土構造,1031013,74.88,0,1,1,有,無,無,10000,134,,0.0,0,,RPSOMLKLMHLFFCD97CC
北區,建物,臺南市北區南園街114巷1~30號,0.0,住,,,1050419,土地0建物1車位0,全,3,透天厝,住家用,鋼筋混凝土造,0690126,134.14,3,2,2,有,無,有,11000,82,,0.0,0,,RPRNMLLLMHLFFAD67CC
中西區,房地(土地+建物),臺南市中西區中成路1~30號,3.19,其他,,,1050420,土地1建物1車位0,七層,20,套房(1房1廳1衛),住家用,鋼筋混凝土造,0860127,25.46,1,1,1,有,無,有,6800,267,,0.0,0,,RPSNMLLLMHLFFAD77CC
安南區,建物,臺南市安南區館安路63巷1~30號,0.0,住,,,1050414,土地0建物1車位0,全,5,透天厝,見其他登記事項,鋼筋混凝土造,1041102,250.09,4,1,5,有,無,有,26000,104,,0.0,0,,RPTNMLLLMHLFFBD97CC
安平區,房地(土地+建物),臺南市安平區育平七街7261~90號,101.0,住,,,1050203,土地1建物1車位0,全,5,透天厝,住商用,鋼筋混凝土造,0830922,293.13,5,2,6,有,無,無,28545,97,,0.0,0,,RPQOMLMLMHLFFAD87DC
安平區,房地(土地+建物),臺南市安平區華平路661~690號,132.35,住,,,1050415,土地1建物1車位0,見其他登記事項,5,店面(店鋪),見其他登記事項,鋼筋混凝土造,0971106,406.57,7,2,5,有,無,無,60000,148,,0.0,0,,RPSNMLMLMHLFFAD87CC
北區,建物,臺南市北區臨安路二段181~210號,0.0,住,,,1050329,土地0建物1車位0,見其他登記事項,10,店面(店鋪),住商用,鋼筋混凝土造,0820511,158.98999999999998,2,3,3,有,有,有,20000,126,,0.0,0,,RPQPMLMLMHLFFAD87CC
東區,房地(土地+建物)+車位,臺南市東區長榮路一段1~30號,3368.0,住,,,1050413,土地1建物1車位1,九層,14,住宅大樓(11層含以上有電梯),住家用,鋼筋混凝土構造,0991213,52.33,2,1,1,有,有,有,26000,0,坡道平面,541.06,0,,RPTNMLMLMHLFFCD18CC
東區,房地(土地+建物),臺南市東區崇明十三街1~30號,7.0,其他,,,1050421,土地1建物1車位0,五層,7,套房(1房1廳1衛),住家用,鋼筋混凝土構造,0790201,25.3,1,1,1,有,無,有,7000,277,,0.0,0,,RPPNMLNLMHLFFCD87CC
東區,房地(土地+建物),臺南市東區崇善11街12巷17弄1~30號,21.79,其他,,,1050423,土地1建物1車位0,一層,5,公寓(5樓含以下無電梯),住家用,鋼筋混凝土構造,0701222,79.07,2,2,2,有,無,有,12000,152,,0.0,0,,RPQNMLNLMHLFFCD97CC
安平區,土地,金華段121~150地號,628.09,商,,,1050414,土地1建物0車位0,,,其他,,,,0.0,0,0,0,有,無,有,136000,217,,0.0,0,,RPSNMLPLMHLFFAD18CC
中西區,土地,永安段1831~1860地號,125.0,住,,,1050411,土地2建物0車位0,,,其他,,,,0.0,0,0,0,有,無,無,17000,136,,0.0,0,,RPVNMLQLMHLFFAD58CC
安平區,房地(土地+建物),臺南市安平區郡平路181~210號,12.47,其他,,,1050425,土地1建物1車位0,十二層,14,住宅大樓(11層含以上有電梯),住家用,鋼筋混凝土造,0850907,72.68,3,2,2,有,無,有,23000,316,,0.0,0,,RPTOMLQLMHLFFAD48CC
南區,建物,臺南市南區大同路二段406巷1~30號,0.0,住,,,1050425,土地0建物1車位0,五層,5,公寓(5樓含以下無電梯),住家用,鋼筋混凝土構造,0710226,100.25,3,2,2,有,無,有,10500,105,,0.0,0,,RPXNMLQLMHLFFCD98CC
東區,建物,臺南市東區崇明十五街31~60號,0.0,住,,,1050424,土地0建物1車位0,一層,7,華廈(10層含以下有電梯),住商用,鋼筋混凝土構造,0830309,47.52,0,0,0,無,有,無,12000,253,,0.0,0,,RPOOMLQLMHLFFCD18CC
永康區,建物,臺南市永康區大橋里中華西街1巷31~60號,0.0,住,,,1050423,土地0建物1車位0,全,2,透天厝,住商用,鋼筋混凝土造,0731103,108.29,6,2,4,有,無,有,18000,166,,0.0,0,,RPTNMLQLMHLFFHR87CC
永康區,建物,臺南市永康區安康里大橋一街31~60號,0.0,住,,,1050425,土地0建物1車位0,二層,14,住宅大樓(11層含以上有電梯),國民住宅,鋼筋混凝土造,0880824,117.54,3,2,2,有,有,有,13500,115,,0.0,0,,RPUNMLQLMHLFFHR97CC
永康區,建物,臺南市永康區勝利里中華一路203巷1~30號,0.0,商,,,1050424,土地0建物1車位0,十層,11,住宅大樓(11層含以上有電梯),見其他登記事項,鋼筋混凝土造,0871026,75.4,3,1,2,有,有,有,13000,172,,0.0,0,,RPVNMLQLMHLFFHR08CC
永康區,建物,臺南市永康區鹽洲里鹽洲二街121~150號,0.0,住,,,1050427,土地0建物1車位0,全,4,透天厝,住商用,鋼筋混凝土造,0820226,211.86,5,2,6,有,無,有,25000,118,,0.0,0,,RPRNMLRLMHLFFHR77CC
永康區,土地,頂安段661~690地號,0.0,住,,,1050426,土地1建物0車位0,,,其他,,,,0.0,4,0,0,有,無,無,13500,0,,0.0,0,,RPOOMLSLMHLFFHR67CC
佳里區,房地(土地+建物),臺南市佳里區安南路571~600號,69.4,住,,,1050408,土地1建物1車位0,見其他登記事項,4,店面(店鋪),住商用,鋼筋混凝土造,0710226,213.96,4,2,4,有,無,無,18000,84,,0.0,0,,RPSNMLSLMHLFFDR57CC
東區,房地(土地+建物),臺南市東區東光路一段31~60號,499.0,其他,,,1050428,土地1建物1車位0,見其他登記事項,3,店面(店鋪),見其他登記事項,見其他登記事項,0960528,898.83,0,3,3,有,無,有,230000,256,,0.0,0,,RPOOMLSLMHLFFCD38CC
安平區,房地(土地+建物),臺南市安平區平豐路236巷1~30號,635.0,住,,,1050422,土地4建物1車位0,,1,店面(店鋪),住家用,加強磚造,0770504,86.78,0,0,0,無,無,有,85000,979,,0.0,0,,RPPNMLSLMHLFFAD18CC
北區,房地(土地+建物),臺南市北區公園南路361~390號,3.98,住,,,1050418,土地1建物1車位0,八層,14,住宅大樓(11層含以上有電梯),見其他登記事項,見其他登記事項,0960824,26.61,1,0,1,有,有,有,9000,338,,0.0,0,,RPRNMLSLMHLFFAD38CC
中西區,建物,臺南市中西區公園路1~30號,0.0,住,,,1050426,土地0建物1車位0,六層,9,華廈(10層含以下有電梯),住家用,鋼筋混凝土造,0711207,129.14000000000001,3,2,2,有,無,有,11500,89,,0.0,0,,RPSNMLSLMHLFFAD48CC
北區,建物,臺南市北區北園街91~120號,0.0,住,,,1050424,土地0建物1車位0,全,2,透天厝,住商用,加強磚造,0640916,93.4,9,0,9,有,無,有,30000,321,,0.0,0,,RPTNMLSLMHLFFAD58CC
東區,建物,臺南市東區勝利路31~60號,0.0,住,,,1050417,土地0建物0車位0,見其他登記事項,4,店面(店鋪),住商用,鋼筋混凝土構造,0660806,78.49,0,2,1,有,無,無,30000,382,,0.0,0,,RPPOMLTLMHLFFCD58CC
永康區,房地(土地+建物),臺南市永康區中正二街391~420號,1239.67,工,,,1050331,土地1建物1車位0,見其他登記事項,1,工廠,工業用,見其他登記事項,1030929,396.69,0,0,0,無,無,無,165000,,,0.0,0,,RPUNMLTLMHLFFHR28CC
安南區,土地,和業段91~120地號,1178.57,農,,,1050426,土地4建物0車位0,,,其他,,,,0.0,0,0,0,有,無,無,40000,34,,0.0,0,,RPPNMLKMMHLFFBD57CC
安南區,房地(土地+建物),臺南市安南區安吉路一段121~150號,92.48,住,,,1050427,土地1建物1車位0,見其他登記事項,4,店面(店鋪),住商用,鋼筋混凝土造,0881210,237.65,4,2,3,有,無,有,30000,126,,0.0,0,,RPQNMLKMMHLFFBD67CC
中西區,房地(土地+建物),臺南市中西區民族路二段1~30號,71.42,商,,,1050423,土地1建物1車位0,見其他登記事項,4,店面(店鋪),住商用,鋼筋混凝土造,0620707,374.71,4,2,3,有,無,無,55000,147,,0.0,0,,RPPNMLKMMHLFFAD47CC
