﻿編號,車位類別,車位價格,車位面積平方公尺
Serial number,berth category,berth price,berth area square meter
RPSOMLOJKHLFFAD77CC,坡道平面,0,18.44
RPUNMLSKKHLFFHR87CC,坡道平面,0,
RPRNMLMLKHLFFCD77CC,坡道平面,0,41.41
RPQOMLOLKHLFFCD97CC,坡道平面,0,32.14
RPVNMLPKLHLFFAD38DC,坡道平面,1500,.41
RPPOMLPKLHLFFAD87DC,坡道平面,1500,13.23
RPTOMLRKLHLFFCD58CC,坡道平面,0,80.04
RPPNMLRKLHLFFHR37CC,坡道平面,0,5.11
RPTNMLKMLHLFFCD08DC,坡道平面,0,31.08
RPRNMLPJMHLFFCD08CC,坡道平面,0,13.74
RPSNMLSKMHLFFCD58CC,坡道平面,0,
RPTNMLMLMHLFFCD18CC,坡道平面,26000,541.06
