﻿編號,土地區段位置,土地移轉面積平方公尺,使用分區或編定
The serial number,land sector position,land shifting area square meter,the use zoning or compiles and checks
RPUNMLQLKHLFFFH09CB,明智段,32.77,都市：住
RPQOMLQLKHLFFFH78CB,明智段,22.16,都市：住
RPSOMLQLKHLFFFH98CB,明智段,16.99,都市：住
RPVOMLQLKHLFFFH66CB,明智段,22.16,都市：住
RPROMLQLKHLFFFH88CB,明智段,16.99,都市：住
RPUOMLQLKHLFFFH56CB,明智段,22.16,都市：住
RPWNMLQLKHLFFFH66CB,明智段,22.84,都市：住
RPTOMLQLKHLFFFH09CB,明智段,16.99,都市：住
RPVNMLQLKHLFFFH56CB,明智段,32.77,都市：住
RPOOMLQLKHLFFFH58CB,明智段,17.13,都市：住
RPPPMLQLKHLFFFH78CB,明智段,22.16,都市：住
RPQPMLQLKHLFFFH88CB,明智段,16.99,都市：住
RPRPMLQLKHLFFFH98CB,明智段,16.99,都市：住
RPXOMLQLKHLFFFH86CB,明智段,22.16,都市：住
RPSPMLQLKHLFFFH09CB,明智段,23.25,都市：住
RPWOMLQLKHLFFFH76CB,明智段,22.16,都市：住
RPWNMLMJLHLFFAH28CB,桃園段武陵小段,11.54,都市：商
RPPOMLMJLHLFFAH67CB,桃園段武陵小段,11.54,都市：商
RPXNMLMJLHLFFAH38CB,桃園段武陵小段,11.54,都市：商
RPSOMLMJLHLFFAH97CB,桃園段武陵小段,11.54,都市：商
RPSNMLMJLHLFFAH87CB,桃園段武陵小段,11.54,都市：商
RPRNMLMJLHLFFAH77CB,桃園段武陵小段,11.54,都市：商
RPQNMLMJLHLFFAH67CB,桃園段武陵小段,11.39,都市：商
RPQOMLMJLHLFFAH77CB,桃園段武陵小段,11.54,都市：商
RPOOMLMJLHLFFAH57CB,桃園段武陵小段,11.54,都市：商
RPROMLMJLHLFFAH87CB,桃園段武陵小段,11.54,都市：商
RPVNMLMJLHLFFAH18CB,桃園段武陵小段,11.54,都市：商
RPUNMLMJLHLFFAH08CB,桃園段武陵小段,11.54,都市：商
RPTNMLMJLHLFFAH97CB,桃園段武陵小段,11.54,都市：商
RPTOMLMJLHLFFAH08CB,桃園段武陵小段,12.29,都市：商
RPUOMLMJLHLFFAH18CB,桃園段武陵小段,12.29,都市：商
RPOPMLMJLHLFFAH67CB,桃園段武陵小段,12.29,都市：商
RPXOMLMJLHLFFAH48CB,桃園段武陵小段,12.14,都市：商
RPPPMLMJLHLFFAH77CB,桃園段武陵小段,12.29,都市：商
RPWOMLMJLHLFFAH38CB,桃園段武陵小段,12.29,都市：商
RPQPMLMJLHLFFAH87CB,桃園段武陵小段,12.29,都市：商
RPRPMLMJLHLFFAH97CB,桃園段武陵小段,12.29,都市：商
RPVOMLMJLHLFFAH28CB,桃園段武陵小段,12.29,都市：商
RPSPMLMJLHLFFAH08CB,桃園段武陵小段,12.14,都市：商
RPTPMLMJLHLFFAH18CB,桃園段武陵小段,12.29,都市：商
RPUPMLMJLHLFFAH28CB,桃園段武陵小段,12.29,都市：商
RPVPMLMJLHLFFAH38CB,桃園段武陵小段,10.94,都市：商
RPWPMLMJLHLFFAH48CB,桃園段武陵小段,11.09,都市：商
RPPQMLMJLHLFFAH87CB,桃園段武陵小段,10.94,都市：商
RPXPMLMJLHLFFAH58CB,桃園段武陵小段,11.09,都市：商
RPRQMLMJLHLFFAH08CB,桃園段武陵小段,11.09,都市：商
RPOQMLMJLHLFFAH77CB,桃園段武陵小段,11.09,都市：商
RPQQMLMJLHLFFAH97CB,桃園段武陵小段,10.94,都市：商
RPTQMLMJLHLFFAH28CB,桃園段武陵小段,11.09,都市：商
RPVQMLMJLHLFFAH48CB,桃園段武陵小段,11.09,都市：商
RPPRMLMJLHLFFAH97CB,桃園段武陵小段,11.09,都市：商
RPWQMLMJLHLFFAH58CB,桃園段武陵小段,11.09,都市：商
RPXQMLMJLHLFFAH68CB,桃園段武陵小段,11.09,都市：商
RPRRMLMJLHLFFAH18CB,桃園段武陵小段,11.24,都市：商
RPORMLMJLHLFFAH87CB,桃園段武陵小段,11.24,都市：商
RPQRMLMJLHLFFAH08CB,桃園段武陵小段,11.24,都市：商
RPSQMLMJLHLFFAH18CB,桃園段武陵小段,11.24,都市：商
RPTRMLMJLHLFFAH38CB,桃園段武陵小段,11.09,都市：商
RPSRMLMJLHLFFAH28CB,桃園段武陵小段,11.24,都市：商
RPVRMLMJLHLFFAH58CB,桃園段武陵小段,11.24,都市：商
RPPSMLMJLHLFFAH08CB,桃園段武陵小段,11.24,都市：商
RPOSMLMJLHLFFAH97CB,桃園段武陵小段,11.24,都市：商
RPWRMLMJLHLFFAH68CB,桃園段武陵小段,11.24,都市：商
RPXRMLMJLHLFFAH78CB,桃園段武陵小段,11.24,都市：商
RPQSMLMJLHLFFAH18CB,桃園段武陵小段,11.24,都市：商
RPRSMLMJLHLFFAH28CB,桃園段武陵小段,11.99,都市：商
RPSSMLMJLHLFFAH38CB,桃園段武陵小段,11.99,都市：商
RPUSMLMJLHLFFAH58CB,桃園段武陵小段,11.99,都市：商
RPTSMLMJLHLFFAH48CB,桃園段武陵小段,11.99,都市：商
RPVSMLMJLHLFFAH68CB,桃園段武陵小段,11.99,都市：商
RPOTMLMJLHLFFAH08CB,桃園段武陵小段,11.99,都市：商
RPXSMLMJLHLFFAH88CB,桃園段武陵小段,11.99,都市：商
RPPTMLMJLHLFFAH18CB,桃園段武陵小段,11.99,都市：商
RPRTMLMJLHLFFAH38CB,桃園段武陵小段,11.99,都市：商
RPQTMLMJLHLFFAH28CB,桃園段武陵小段,12.14,都市：商
RPSTMLMJLHLFFAH48CB,桃園段武陵小段,11.99,都市：商
RPUTMLMJLHLFFAH68CB,桃園段武陵小段,11.99,都市：商
RPTTMLMJLHLFFAH58CB,桃園段武陵小段,11.99,都市：商
RPWTMLMJLHLFFAH88CB,桃園段武陵小段,10.64,都市：商
RPVTMLMJLHLFFAH78CB,桃園段武陵小段,10.79,都市：商
RPXTMLMJLHLFFAH98CB,桃園段武陵小段,10.49,都市：商
RPPUMLMJLHLFFAH28CB,桃園段武陵小段,10.34,都市：商
RPOUMLMJLHLFFAH18CB,桃園段武陵小段,10.34,都市：商
RPQUMLMJLHLFFAH38CB,桃園段武陵小段,10.49,都市：商
RPRUMLMJLHLFFAH48CB,桃園段武陵小段,10.49,都市：商
RPTUMLMJLHLFFAH68CB,桃園段武陵小段,10.49,都市：商
RPUUMLMJLHLFFAH78CB,桃園段武陵小段,10.49,都市：商
RPVUMLMJLHLFFAH88CB,桃園段武陵小段,10.34,都市：商
RPXUMLMJLHLFFAH09CB,桃園段武陵小段,10.34,都市：商
RPWUMLMJLHLFFAH98CB,桃園段武陵小段,10.34,都市：商
RPQVMLMJLHLFFAH48CB,桃園段武陵小段,10.79,都市：商
RPOVMLMJLHLFFAH28CB,桃園段武陵小段,10.49,都市：商
RPPVMLMJLHLFFAH38CB,桃園段武陵小段,10.94,都市：商
RPRVMLMJLHLFFAH58CB,桃園段武陵小段,10.64,都市：商
RPSVMLMJLHLFFAH68CB,桃園段武陵小段,10.64,都市：商
RPTVMLMJLHLFFAH78CB,桃園段武陵小段,10.64,都市：商
RPUVMLMJLHLFFAH88CB,桃園段武陵小段,10.64,都市：商
RPOWMLMJLHLFFAH38CB,桃園段武陵小段,10.64,都市：商
RPXVMLMJLHLFFAH56CB,桃園段武陵小段,10.64,都市：商
RPWVMLMJLHLFFAH09CB,桃園段武陵小段,10.64,都市：商
RPRWMLMJLHLFFAH68CB,桃園段武陵小段,10.64,都市：商
RPPWMLMJLHLFFAH48CB,桃園段武陵小段,10.49,都市：商
RPQWMLMJLHLFFAH58CB,桃園段武陵小段,10.64,都市：商
RPTWMLMJLHLFFAH88CB,桃園段武陵小段,10.19,都市：商
RPWWMLMJLHLFFAH56CB,桃園段武陵小段,10.04,都市：商
RPUWMLMJLHLFFAH98CB,桃園段武陵小段,10.04,都市：商
RPXWMLMJLHLFFAH66CB,桃園段武陵小段,10.04,都市：商
RPRNNLMJLHLFFAH87CB,桃園段武陵小段,10.04,都市：商
RPVWMLMJLHLFFAH09CB,桃園段武陵小段,9.89,都市：商
RPQNNLMJLHLFFAH77CB,桃園段武陵小段,10.04,都市：商
RPONNLMJLHLFFAH57CB,桃園段武陵小段,10.04,都市：商
RPPNNLMJLHLFFAH67CB,桃園段武陵小段,9.89,都市：商
RPSNNLMJLHLFFAH97CB,桃園段武陵小段,10.04,都市：商
RPUNNLMJLHLFFAH18CB,桃園段武陵小段,10.04,都市：商
RPTNNLMJLHLFFAH08CB,桃園段武陵小段,9.89,都市：商
RPVNNLMJLHLFFAH28CB,桃園段武陵小段,9.89,都市：商
RPOONLMJLHLFFAH67CB,桃園段武陵小段,10.64,都市：商
RPXNNLMJLHLFFAH48CB,桃園段武陵小段,10.79,都市：商
RPPONLMJLHLFFAH77CB,桃園段武陵小段,10.64,都市：商
RPTONLMJLHLFFAH18CB,桃園段武陵小段,10.49,都市：商
RPRONLMJLHLFFAH97CB,桃園段武陵小段,10.64,都市：商
RPSONLMJLHLFFAH08CB,桃園段武陵小段,10.64,都市：商
RPQONLMJLHLFFAH87CB,桃園段武陵小段,10.64,都市：商
RPWONLMJLHLFFAH48CB,桃園段武陵小段,10.64,都市：商
RPUONLMJLHLFFAH28CB,桃園段武陵小段,10.64,都市：商
RPXONLMJLHLFFAH58CB,桃園段武陵小段,10.64,都市：商
RPOPNLMJLHLFFAH77CB,桃園段武陵小段,10.49,都市：商
RPPPNLMJLHLFFAH87CB,桃園段武陵小段,10.64,都市：商
RPQPNLMJLHLFFAH97CB,桃園段武陵小段,10.64,都市：商
RPSOMLPKLHLFFBH48CB,永興段,20.42,都市：商
RPVNMLPKLHLFFBH68CB,永興段,20.16,都市：商
RPOOMLPKLHLFFBH08CB,永興段,20.16,都市：商
RPROMLPKLHLFFBH38CB,永興段,20.16,都市：商
RPQOMLPKLHLFFBH28CB,永興段,20.16,都市：商
RPUNMLPKLHLFFBH58CB,永興段,20.16,都市：商
RPXNMLPKLHLFFBH88CB,永興段,20.16,都市：商
RPPOMLPKLHLFFBH18CB,永興段,20.16,都市：商
RPWNMLPKLHLFFBH78CB,永興段,20.16,都市：商
RPTOMLPKLHLFFBH58CB,永興段,20.16,都市：商
RPWOMLPKLHLFFBH88CB,永興段,18.85,都市：商
RPPPMLPKLHLFFBH28CB,永興段,12.83,都市：商
RPVOMLPKLHLFFBH78CB,永興段,18.85,都市：商
RPRPMLPKLHLFFBH48CB,永興段,12.57,都市：商
RPOPMLPKLHLFFBH18CB,永興段,12.04,都市：商
RPUOMLPKLHLFFBH68CB,永興段,20.16,都市：商
RPXOMLPKLHLFFBH98CB,永興段,18.85,都市：商
RPQPMLPKLHLFFBH38CB,永興段,12.57,都市：商
RPSPMLPKLHLFFBH58CB,永興段,12.83,都市：商
RPXPMLPKLHLFFBH09CB,永興段,12.04,都市：商
RPVPMLPKLHLFFBH88CB,永興段,11.26,都市：商
RPQQMLPKLHLFFBH48CB,永興段,18.59,都市：商
RPTPMLPKLHLFFBH68CB,永興段,11.00,都市：商
RPUPMLPKLHLFFBH78CB,永興段,11.26,都市：商
RPPQMLPKLHLFFBH38CB,永興段,18.33,都市：商
RPWPMLPKLHLFFBH98CB,永興段,12.57,都市：商
RPRQMLPKLHLFFBH58CB,永興段,18.85,都市：商
RPOQMLPKLHLFFBH28CB,永興段,18.33,都市：商
RPSQMLPKLHLFFBH68CB,永興段,6.81,都市：商
RPTQMLPKLHLFFBH78CB,永興段,7.07,都市：商
RPUQMLPKLHLFFBH88CB,永興段,6.02,都市：商
RPXQMLPKLHLFFBH56CB,永興段,8.12,都市：商
RPWQMLPKLHLFFBH09CB,永興段,8.38,都市：商
RPVQMLPKLHLFFBH98CB,永興段,8.38,都市：商
RPSPMLPKMHLFFGH56CB,平鎮段,9.76,都市：商
RPXOMLPKMHLFFGH96CB,平鎮段,15.77,都市：商
RPRPMLPKMHLFFGH09CB,平鎮段,10.57,都市：商
RPUOMLPKMHLFFGH66CB,平鎮段,16.44,都市：商
RPVOMLPKMHLFFGH76CB,平鎮段,15.81,都市：商
RPWPMLPKMHLFFGH96CB,平鎮段,8.75,都市：商
RPPPMLPKMHLFFGH88CB,平鎮段,9.85,都市：商
RPPQMLPKMHLFFGH98CB,平鎮段,9.64,都市：商
RPXPMLPKMHLFFGH07CB,平鎮段,15.34,都市：商
RPOPMLPKMHLFFGH78CB,平鎮段,9.76,都市：商
RPOQMLPKMHLFFGH88CB,平鎮段,8.96,都市：商
RPVPMLPKMHLFFGH86CB,平鎮段,14.84,都市：商
RPQPMLPKMHLFFGH98CB,平鎮段,9.47,都市：商
RPTPMLPKMHLFFGH66CB,平鎮段,11.33,都市：商
RPQQMLPKMHLFFGH09CB,平鎮段,14.84,都市：商
RPRQMLPKMHLFFGH56CB,平鎮段,9.05,都市：商
RPWOMLPKMHLFFGH86CB,平鎮段,15.81,都市：商
RPTQMLPKMHLFFGH76CB,平鎮段,10.23,都市：商
RPVQMLPKMHLFFGH96CB,平鎮段,12.38,都市：商
RPSQMLPKMHLFFGH66CB,平鎮段,9.13,都市：商
RPXQMLPKMHLFFGH17CB,平鎮段,12.22,都市：商
RPORMLPKMHLFFGH98CB,平鎮段,8.75,都市：商
RPWQMLPKMHLFFGH07CB,平鎮段,12.38,都市：商
RPUQMLPKMHLFFGH86CB,平鎮段,10.23,都市：商
RPQRMLPKMHLFFGH56CB,平鎮段,8.75,都市：商
RPPRMLPKMHLFFGH09CB,平鎮段,9.05,都市：商
RPRRMLPKMHLFFGH66CB,平鎮段,13.48,都市：商
RPWRMLPKMHLFFGH17CB,平鎮段,8.67,都市：商
RPSRMLPKMHLFFGH76CB,平鎮段,10.86,都市：商
RPURMLPKMHLFFGH96CB,平鎮段,14.84,都市：商
RPVRMLPKMHLFFGH07CB,平鎮段,12.38,都市：商
RPTRMLPKMHLFFGH86CB,平鎮段,11.96,都市：商
RPRSMLPKMHLFFGH76CB,平鎮段,8.75,都市：商
RPPSMLPKMHLFFGH56CB,平鎮段,14.84,都市：商
RPQSMLPKMHLFFGH66CB,平鎮段,11.58,都市：商
RPXRMLPKMHLFFGH27CB,平鎮段,10.23,都市：商
RPOSMLPKMHLFFGH09CB,平鎮段,13.10,都市：商
RPTSMLPKMHLFFGH96CB,平鎮段,12.38,都市：商
RPUSMLPKMHLFFGH07CB,平鎮段,15.56,都市：商
RPXSMLPKMHLFFGH37CB,平鎮段,15.47,都市：商
RPVSMLPKMHLFFGH17CB,平鎮段,9.05,都市：商
RPSSMLPKMHLFFGH86CB,平鎮段,8.75,都市：商
RPPTMLPKMHLFFGH66CB,平鎮段,12.38,都市：商
RPQTMLPKMHLFFGH76CB,平鎮段,13.48,都市：商
RPOTMLPKMHLFFGH56CB,平鎮段,8.75,都市：商
RPRTMLPKMHLFFGH86CB,平鎮段,10.86,都市：商
RPSTMLPKMHLFFGH96CB,平鎮段,15.22,都市：商
RPTTMLPKMHLFFGH07CB,平鎮段,8.75,都市：商
RPXTMLPKMHLFFGH47CB,平鎮段,9.13,都市：商
RPPUMLPKMHLFFGH76CB,平鎮段,14.84,都市：商
RPOUMLPKMHLFFGH66CB,平鎮段,15.22,都市：商
RPVTMLPKMHLFFGH27CB,平鎮段,12.00,都市：商
RPWTMLPKMHLFFGH37CB,平鎮段,8.75,都市：商
RPQUMLPKMHLFFGH86CB,平鎮段,10.86,都市：商
RPSUMLPKMHLFFGH07CB,平鎮段,14.75,都市：商
RPTUMLPKMHLFFGH17CB,平鎮段,9.13,都市：商
RPUTMLPKMHLFFGH17CB,平鎮段,15.47,都市：商
RPRUMLPKMHLFFGH96CB,平鎮段,12.09,都市：商
RPXUMLPKMHLFFGH57CB,平鎮段,8.75,都市：商
RPVUMLPKMHLFFGH37CB,平鎮段,12.30,都市：商
RPWUMLPKMHLFFGH47CB,平鎮段,8.75,都市：商
RPUUMLPKMHLFFGH27CB,平鎮段,14.63,都市：商
RPOVMLPKMHLFFGH76CB,平鎮段,12.09,都市：商
RPUVMLPKMHLFFGH37CB,平鎮段,14.84,都市：商
RPWVMLPKMHLFFGH57CB,平鎮段,13.48,都市：商
RPPVMLPKMHLFFGH86CB,平鎮段,12.38,都市：商
RPTVMLPKMHLFFGH27CB,平鎮段,10.23,都市：商
RPVVMLPKMHLFFGH47CB,平鎮段,12.38,都市：商
RPXVMLPKMHLFFGH67CB,平鎮段,8.75,都市：商
RPPWMLPKMHLFFGH96CB,平鎮段,9.13,都市：商
RPQVMLPKMHLFFGH96CB,平鎮段,10.23,都市：商
RPSVMLPKMHLFFGH17CB,平鎮段,12.09,都市：商
RPRVMLPKMHLFFGH07CB,平鎮段,15.47,都市：商
RPQWMLPKMHLFFGH07CB,平鎮段,10.23,都市：商
RPSWMLPKMHLFFGH27CB,平鎮段,15.22,都市：商
RPXWMLPKMHLFFGH77CB,平鎮段,10.23,都市：商
RPRWMLPKMHLFFGH17CB,平鎮段,10.86,都市：商
RPVWMLPKMHLFFGH57CB,平鎮段,8.67,都市：商
RPWWMLPKMHLFFGH67CB,平鎮段,12.38,都市：商
RPPNNLPKMHLFFGH78CB,平鎮段,14.84,都市：商
RPQNNLPKMHLFFGH88CB,平鎮段,12.00,都市：商
RPTWMLPKMHLFFGH37CB,平鎮段,12.30,都市：商
RPRNNLPKMHLFFGH98CB,平鎮段,8.75,都市：商
RPONNLPKMHLFFGH68CB,平鎮段,9.13,都市：商
RPTNNLPKMHLFFGH56CB,平鎮段,18.26,都市：商
RPSNNLPKMHLFFGH09CB,平鎮段,8.75,都市：商
RPWNNLPKMHLFFGH86CB,平鎮段,14.84,都市：商
RPXNNLPKMHLFFGH96CB,平鎮段,14.84,都市：商
RPVNNLPKMHLFFGH76CB,平鎮段,13.48,都市：商
RPOONLPKMHLFFGH78CB,平鎮段,12.30,都市：商
RPUNNLPKMHLFFGH66CB,平鎮段,13.48,都市：商
RPQONLPKMHLFFGH98CB,平鎮段,12.38,都市：商
RPRONLPKMHLFFGH09CB,平鎮段,13.27,都市：商
RPPONLPKMHLFFGH88CB,平鎮段,15.47,都市：商
RPSONLPKMHLFFGH56CB,平鎮段,14.12,都市：商
RPVONLPKMHLFFGH86CB,平鎮段,13.48,都市：商
RPWONLPKMHLFFGH96CB,平鎮段,8.75,都市：商
RPUONLPKMHLFFGH76CB,平鎮段,12.09,都市：商
RPOPNLPKMHLFFGH88CB,平鎮段,9.13,都市：商
RPXONLPKMHLFFGH07CB,平鎮段,12.09,都市：商
RPPPNLPKMHLFFGH98CB,平鎮段,15.47,都市：商
RPTONLPKMHLFFGH66CB,平鎮段,12.17,都市：商
RPQPNLPKMHLFFGH09CB,平鎮段,12.00,都市：商
RPSPNLPKMHLFFGH66CB,平鎮段,15.22,都市：商
RPRPNLPKMHLFFGH56CB,平鎮段,9.05,都市：商
RPVPNLPKMHLFFGH96CB,平鎮段,8.75,都市：商
RPTPNLPKMHLFFGH76CB,平鎮段,10.86,都市：商
RPWPNLPKMHLFFGH07CB,平鎮段,15.47,都市：商
RPXPNLPKMHLFFGH17CB,平鎮段,9.05,都市：商
RPUPNLPKMHLFFGH86CB,平鎮段,12.00,都市：商
RPOQNLPKMHLFFGH98CB,平鎮段,13.27,都市：商
RPSQNLPKMHLFFGH76CB,平鎮段,14.84,都市：商
RPQQNLPKMHLFFGH56CB,平鎮段,9.13,都市：商
RPRQNLPKMHLFFGH66CB,平鎮段,15.47,都市：商
RPUQNLPKMHLFFGH96CB,平鎮段,8.75,都市：商
RPTQNLPKMHLFFGH86CB,平鎮段,8.75,都市：商
RPPQNLPKMHLFFGH09CB,平鎮段,12.38,都市：商
RPVQNLPKMHLFFGH07CB,平鎮段,9.13,都市：商
RPWQNLPKMHLFFGH17CB,平鎮段,10.23,都市：商
RPPRNLPKMHLFFGH56CB,平鎮段,8.75,都市：商
RPXQNLPKMHLFFGH27CB,平鎮段,12.00,都市：商
RPORNLPKMHLFFGH09CB,平鎮段,15.47,都市：商
RPQRNLPKMHLFFGH66CB,平鎮段,9.05,都市：商
RPRRNLPKMHLFFGH76CB,平鎮段,10.23,都市：商
RPSRNLPKMHLFFGH86CB,平鎮段,12.22,都市：商
RPTRNLPKMHLFFGH96CB,平鎮段,14.84,都市：商
RPURNLPKMHLFFGH07CB,平鎮段,8.67,都市：商
RPVRNLPKMHLFFGH17CB,平鎮段,8.96,都市：商
RPPOMLTLMHLFFGH66CB,平鎮段,9.66,都市：商
RPSOMLTLMHLFFGH96CB,平鎮段,9.75,都市：商
RPXRNLPKMHLFFGH37CB,平鎮段,10.91,都市：商
RPWRNLPKMHLFFGH27CB,平鎮段,9.68,都市：商
RPQOMLTLMHLFFGH76CB,平鎮段,16.34,都市：商
RPUOMLTLMHLFFGH17CB,平鎮段,9.66,都市：商
RPTOMLTLMHLFFGH07CB,平鎮段,16.34,都市：商
RPROMLTLMHLFFGH86CB,平鎮段,13.03,都市：商
RPVOMLTLMHLFFGH27CB,平鎮段,9.75,都市：商
RPWOMLTLMHLFFGH37CB,平鎮段,9.75,都市：商
RPXOMLTLMHLFFGH47CB,平鎮段,9.70,都市：商
RPPPMLTLMHLFFGH76CB,平鎮段,14.95,都市：商
RPQPMLTLMHLFFGH86CB,平鎮段,12.98,都市：商
RPRPMLTLMHLFFGH96CB,平鎮段,15.77,都市：商
RPTPMLTLMHLFFGH17CB,平鎮段,12.94,都市：商
RPUPMLTLMHLFFGH27CB,平鎮段,16.08,都市：商
RPSPMLTLMHLFFGH07CB,平鎮段,15.77,都市：商
RPVPMLTLMHLFFGH37CB,平鎮段,13.03,都市：商
RPXPMLTLMHLFFGH57CB,平鎮段,16.34,都市：商
RPWPMLTLMHLFFGH47CB,平鎮段,13.03,都市：商
RPOQMLTLMHLFFGH76CB,平鎮段,9.66,都市：商
RPPQMLTLMHLFFGH86CB,平鎮段,9.75,都市：商
RPUQMLTLMHLFFGH37CB,平鎮段,9.75,都市：商
RPTQMLTLMHLFFGH27CB,平鎮段,13.03,都市：商
RPQQMLTLMHLFFGH96CB,平鎮段,13.03,都市：商
RPRQMLTLMHLFFGH07CB,平鎮段,9.76,都市：商
RPSQMLTLMHLFFGH17CB,平鎮段,16.44,都市：商
RPXQMLTLMHLFFGH67CB,平鎮段,13.03,都市：商
RPWQMLTLMHLFFGH57CB,平鎮段,13.04,都市：商
RPVQMLTLMHLFFGH47CB,平鎮段,16.44,都市：商
RPORMLTLMHLFFGH86CB,平鎮段,12.77,都市：商
RPRRMLTLMHLFFGH17CB,平鎮段,10.40,都市：商
RPPRMLTLMHLFFGH96CB,平鎮段,9.85,都市：商
RPQRMLTLMHLFFGH07CB,平鎮段,13.69,都市：商
RPSRMLTLMHLFFGH27CB,平鎮段,9.85,都市：商
RPTRMLTLMHLFFGH37CB,平鎮段,15.77,都市：商
RPVRMLTLMHLFFGH57CB,平鎮段,9.76,都市：商
RPURMLTLMHLFFGH47CB,平鎮段,12.49,都市：商
RPWRMLTLMHLFFGH67CB,平鎮段,16.44,都市：商
RPXRMLTLMHLFFGH77CB,平鎮段,9.75,都市：商
RPOSMLTLMHLFFGH96CB,平鎮段,13.03,都市：商
RPPSMLTLMHLFFGH07CB,平鎮段,16.44,都市：商
RPQSMLTLMHLFFGH17CB,平鎮段,13.04,都市：商
RPRSMLTLMHLFFGH27CB,平鎮段,9.75,都市：商
RPSSMLTLMHLFFGH37CB,平鎮段,9.75,都市：商
RPTSMLTLMHLFFGH47CB,平鎮段,9.76,都市：商
RPVSMLTLMHLFFGH67CB,平鎮段,9.75,都市：商
RPUSMLTLMHLFFGH57CB,平鎮段,16.44,都市：商
RPWSMLTLMHLFFGH77CB,平鎮段,13.03,都市：商
RPOTMLTLMHLFFGH07CB,平鎮段,13.04,都市：商
RPXSMLTLMHLFFGH87CB,平鎮段,16.44,都市：商
RPPTMLTLMHLFFGH17CB,平鎮段,13.03,都市：商
RPRTMLTLMHLFFGH37CB,平鎮段,9.85,都市：商
RPQTMLTLMHLFFGH27CB,平鎮段,13.03,都市：商
RPUTMLTLMHLFFGH67CB,平鎮段,11.02,都市：商
RPTTMLTLMHLFFGH57CB,平鎮段,11.02,都市：商
RPWTMLTLMHLFFGH87CB,平鎮段,12.49,都市：商
RPXTMLTLMHLFFGH97CB,平鎮段,9.76,都市：商
RPOUMLTLMHLFFGH17CB,平鎮段,16.18,都市：商
RPVTMLTLMHLFFGH77CB,平鎮段,15.77,都市：商
RPPUMLTLMHLFFGH27CB,平鎮段,9.75,都市：商
RPQUMLTLMHLFFGH37CB,平鎮段,9.75,都市：商
RPSUMLTLMHLFFGH57CB,平鎮段,9.76,都市：商
RPRUMLTLMHLFFGH47CB,平鎮段,16.44,都市：商
RPTUMLTLMHLFFGH67CB,平鎮段,9.75,都市：商
RPVUMLTLMHLFFGH87CB,平鎮段,9.75,都市：商
RPUUMLTLMHLFFGH77CB,平鎮段,9.75,都市：商
RPWUMLTLMHLFFGH97CB,平鎮段,16.44,都市：商
RPXUMLTLMHLFFGH08CB,平鎮段,13.03,都市：商
RPSVMLTLMHLFFGH67CB,平鎮段,13.16,都市：商
RPOVMLTLMHLFFGH27CB,平鎮段,12.77,都市：商
RPQNMLKMMHLFFGH48CB,平鎮段,9.75,都市：商
RPRNMLKMMHLFFGH58CB,平鎮段,9.75,都市：商
RPPNMLKMMHLFFGH38CB,平鎮段,9.76,都市：商
RPVNMLKMMHLFFGH98CB,平鎮段,9.85,都市：商
RPUNMLKMMHLFFGH88CB,平鎮段,14.30,都市：商
RPTNMLKMMHLFFGH78CB,平鎮段,14.30,都市：商
RPWNMLKMMHLFFGH09CB,平鎮段,15.77,都市：商
RPOOMLKMMHLFFGH38CB,平鎮段,13.04,都市：商
RPSNMLKMMHLFFGH68CB,平鎮段,13.14,都市：商
RPXNMLKMMHLFFGH56CB,平鎮段,15.77,都市：商
RPSOMLKMMHLFFGH78CB,平鎮段,13.03,都市：商
RPROMLKMMHLFFGH68CB,平鎮段,13.03,都市：商
RPPOMLKMMHLFFGH48CB,平鎮段,13.03,都市：商
RPVOMLKMMHLFFGH09CB,平鎮段,9.75,都市：商
RPQOMLKMMHLFFGH58CB,平鎮段,16.44,都市：商
RPXOMLKMMHLFFGH66CB,平鎮段,9.76,都市：商
RPUOMLKMMHLFFGH98CB,平鎮段,13.04,都市：商
RPWOMLKMMHLFFGH56CB,平鎮段,12.77,都市：商
RPTOMLKMMHLFFGH88CB,平鎮段,16.18,都市：商
RPOPMLKMMHLFFGH48CB,平鎮段,16.44,都市：商
RPQPMLKMMHLFFGH68CB,平鎮段,9.75,都市：商
RPPPMLKMMHLFFGH58CB,平鎮段,13.03,都市：商
RPSPMLKMMHLFFGH88CB,平鎮段,12.78,都市：商
RPTPMLKMMHLFFGH98CB,平鎮段,9.75,都市：商
RPUPMLKMMHLFFGH09CB,平鎮段,12.77,都市：商
RPRPMLKMMHLFFGH78CB,平鎮段,16.44,都市：商
RPOQMLKMMHLFFGH58CB,平鎮段,9.85,都市：商
RPVPMLKMMHLFFGH56CB,平鎮段,13.14,都市：商
RPXPMLKMMHLFFGH76CB,平鎮段,14.30,都市：商
RPWPMLKMMHLFFGH66CB,平鎮段,14.30,都市：商
RPPQMLKMMHLFFGH68CB,平鎮段,15.77,都市：商
RPQQMLKMMHLFFGH78CB,平鎮段,15.77,都市：商
RPRQMLKMMHLFFGH88CB,平鎮段,9.76,都市：商
RPTQMLKMMHLFFGH09CB,平鎮段,13.03,都市：商
RPSQMLKMMHLFFGH98CB,平鎮段,16.44,都市：商
RPUQMLKMMHLFFGH56CB,平鎮段,13.03,都市：商
RPWQMLKMMHLFFGH76CB,平鎮段,13.04,都市：商
RPXQMLKMMHLFFGH86CB,平鎮段,9.75,都市：商
RPORMLKMMHLFFGH68CB,平鎮段,9.75,都市：商
RPVQMLKMMHLFFGH66CB,平鎮段,16.44,都市：商
RPPRMLKMMHLFFGH78CB,平鎮段,13.04,都市：商
RPQRMLKMMHLFFGH88CB,平鎮段,16.44,都市：商
RPRRMLKMMHLFFGH98CB,平鎮段,9.75,都市：商
RPTRMLKMMHLFFGH56CB,平鎮段,16.44,都市：商
RPURMLKMMHLFFGH66CB,平鎮段,13.04,都市：商
RPSRMLKMMHLFFGH09CB,平鎮段,9.75,都市：商
RPVRMLKMMHLFFGH76CB,平鎮段,13.03,都市：商
RPWRMLKMMHLFFGH86CB,平鎮段,9.75,都市：商
RPXRMLKMMHLFFGH96CB,平鎮段,13.14,都市：商
RPPSMLKMMHLFFGH88CB,平鎮段,11.02,都市：商
RPQSMLKMMHLFFGH98CB,平鎮段,13.14,都市：商
RPOSMLKMMHLFFGH78CB,平鎮段,11.02,都市：商
RPRSMLKMMHLFFGH09CB,平鎮段,15.51,都市：商
RPSSMLKMMHLFFGH56CB,平鎮段,15.77,都市：商
RPTSMLKMMHLFFGH66CB,平鎮段,13.04,都市：商
RPUSMLKMMHLFFGH76CB,平鎮段,16.44,都市：商
RPOTMLKMMHLFFGH88CB,平鎮段,13.04,都市：商
RPWSMLKMMHLFFGH96CB,平鎮段,13.03,都市：商
RPXSMLKMMHLFFGH07CB,平鎮段,17.10,都市：商
RPPTMLKMMHLFFGH98CB,平鎮段,13.03,都市：商
RPQTMLKMMHLFFGH09CB,平鎮段,9.75,都市：商
RPSTMLKMMHLFFGH66CB,平鎮段,16.44,都市：商
RPRTMLKMMHLFFGH56CB,平鎮段,9.76,都市：商
RPTTMLKMMHLFFGH76CB,平鎮段,13.03,都市：商
RPUTMLKMMHLFFGH86CB,平鎮段,9.75,都市：商
RPVTMLKMMHLFFGH96CB,平鎮段,16.44,都市：商
RPWTMLKMMHLFFGH07CB,平鎮段,13.04,都市：商
RPXTMLKMMHLFFGH17CB,平鎮段,12.77,都市：商
RPPUMLKMMHLFFGH09CB,平鎮段,13.14,都市：商
RPOUMLKMMHLFFGH98CB,平鎮段,13.03,都市：商
RPRUMLKMMHLFFGH66CB,平鎮段,11.02,都市：商
RPQUMLKMMHLFFGH56CB,平鎮段,11.02,都市：商
RPTUMLKMMHLFFGH86CB,平鎮段,15.77,都市：商
RPSUMLKMMHLFFGH76CB,平鎮段,9.85,都市：商
RPUUMLKMMHLFFGH96CB,平鎮段,15.77,都市：商
RPXUMLKMMHLFFGH27CB,平鎮段,12.77,都市：商
RPWUMLKMMHLFFGH17CB,平鎮段,16.44,都市：商
RPOVMLKMMHLFFGH09CB,平鎮段,13.03,都市：商
RPVUMLKMMHLFFGH07CB,平鎮段,13.04,都市：商
RPRVMLKMMHLFFGH76CB,平鎮段,9.75,都市：商
RPPVMLKMMHLFFGH56CB,平鎮段,16.44,都市：商
RPQVMLKMMHLFFGH66CB,平鎮段,13.04,都市：商
RPSVMLKMMHLFFGH86CB,平鎮段,12.77,都市：商
RPUVMLKMMHLFFGH07CB,平鎮段,16.44,都市：商
RPVVMLKMMHLFFGH17CB,平鎮段,9.75,都市：商
RPTVMLKMMHLFFGH96CB,平鎮段,13.04,都市：商
RPXVMLKMMHLFFGH37CB,平鎮段,16.44,都市：商
RPWVMLKMMHLFFGH27CB,平鎮段,12.77,都市：商
RPOWMLKMMHLFFGH56CB,平鎮段,13.04,都市：商
RPPWMLKMMHLFFGH66CB,平鎮段,13.03,都市：商
RPQWMLKMMHLFFGH76CB,平鎮段,9.75,都市：商
RPTWMLKMMHLFFGH07CB,平鎮段,14.30,都市：商
RPRWMLKMMHLFFGH86CB,平鎮段,13.14,都市：商
RPSWMLKMMHLFFGH96CB,平鎮段,14.30,都市：商
RPUWMLKMMHLFFGH17CB,平鎮段,13.14,都市：商
RPVWMLKMMHLFFGH27CB,平鎮段,16.43,都市：商
RPWWMLKMMHLFFGH37CB,平鎮段,15.77,都市：商
RPXWMLKMMHLFFGH47CB,平鎮段,13.04,都市：商
RPONNLKMMHLFFGH38CB,平鎮段,16.44,都市：商
RPPNNLKMMHLFFGH48CB,平鎮段,9.75,都市：商
RPRNNLKMMHLFFGH68CB,平鎮段,13.04,都市：商
RPSNNLKMMHLFFGH78CB,平鎮段,16.44,都市：商
RPTNNLKMMHLFFGH88CB,平鎮段,13.03,都市：商
RPUNNLKMMHLFFGH98CB,平鎮段,12.77,都市：商
RPQNNLKMMHLFFGH58CB,平鎮段,9.75,都市：商
RPVNNLKMMHLFFGH09CB,平鎮段,13.04,都市：商
RPXNNLKMMHLFFGH66CB,平鎮段,13.03,都市：商
RPOONLKMMHLFFGH48CB,平鎮段,9.75,都市：商
RPWNNLKMMHLFFGH56CB,平鎮段,16.44,都市：商
RPQONLKMMHLFFGH68CB,平鎮段,12.78,都市：商
RPPONLKMMHLFFGH58CB,平鎮段,16.44,都市：商
RPSONLKMMHLFFGH88CB,平鎮段,13.03,都市：商
RPRONLKMMHLFFGH78CB,平鎮段,13.03,都市：商
RPTONLKMMHLFFGH98CB,平鎮段,13.14,都市：商
RPUONLKMMHLFFGH09CB,平鎮段,14.30,都市：商
RPWONLKMMHLFFGH66CB,平鎮段,13.14,都市：商
RPVONLKMMHLFFGH56CB,平鎮段,14.30,都市：商
RPXONLKMMHLFFGH76CB,平鎮段,15.77,都市：商
RPOPNLKMMHLFFGH58CB,平鎮段,15.77,都市：商
