﻿編號,土地區段位置,土地移轉面積平方公尺,使用分區或編定
The serial number,land sector position,land shifting area square meter,the use zoning or compiles and checks
RPUNMLNJKHLFFAO68CA,高峰段,56.66,都市：其他
RPUNMLNJKHLFFAO68CA,高峰段,11.58,都市：其他
RPQRMLOJKHLFFAO78CA,光復段,22.20,都市：住
RPPNMLQJKHLFFAO48CA,光武段,21.76,都市：住
RPPNMLPLKHLFFAO58CA,和平段,17.21,都市：住
RPVNMLSKKHLFFAO86DA,介壽段,61.14,都市：住
RPRNMLNJKHLFFAO38CA,民富段,49.83,都市：住
RPRNMLNJKHLFFAO38CA,民富段,4.10,都市：住
RPVOMLKKLHLFFAO78CA,五福段,251.72,都市：工
RPVOMLKKLHLFFAO78CA,五福段,81.53,都市：工
RPVOMLKKLHLFFAO78CA,五福段,40.99,都市：工
RPVOMLKKLHLFFAO78CA,五福段,39.67,都市：工
RPWOMLKKLHLFFAO88CA,五福段,198.14,都市：工
RPWOMLKKLHLFFAO88CA,五福段,53.57,都市：工
RPWOMLKKLHLFFAO88CA,五福段,40.99,都市：工
RPUPMLLJLHLFFAO78CA,五福段,251.72,都市：工
RPUPMLLJLHLFFAO78CA,五福段,22.43,都市：工
RPUPMLLJLHLFFAO78CA,五福段,9.54,都市：工
RPUPMLLJLHLFFAO78CA,五福段,31.45,都市：工
RPUPMLLJLHLFFAO78CA,五福段,39.67,都市：工
RPRPMLLJLHLFFAO48CA,五福段,6.11,都市：工
RPRPMLLJLHLFFAO48CA,五福段,12.40,都市：工
RPRPMLLJLHLFFAO48CA,五福段,247.49,都市：工
RPRPMLLJLHLFFAO48CA,五福段,15.58,都市：工
RPRPMLLJLHLFFAO48CA,五福段,9.93,都市：工
RPRPMLLJLHLFFAO48CA,五福段,32.72,都市：工
RPQQMLLJLHLFFAO48CA,五福段,131.74,都市：工
RPQQMLLJLHLFFAO48CA,五福段,.53,都市：工
RPQQMLLJLHLFFAO48CA,五福段,1.67,非都市：特定農業區 ; 非都市編定：水利用地
RPRNMLOLKHLFFAO68CA,樹下段,101.73,非都市：鄉村區 ; 非都市編定：乙種建築用地
RPXNMLPKKHLFFAO66CA,自由段,20.08,都市：住
RPUNMLKLKHLFFAO58CA,新港段,21.17,都市：住
RPSNMLTKKHLFFAO56CA,西門段三小段,5.92,都市：商
RPOOMLTKKHLFFAO88CA,科學段一小段,82.98,都市：住
RPXNMLNJKHLFFAO98CA,光復段,35.26,都市：住
RPPOMLOJKHLFFAO38CA,港南段,79.81,非都市：鄉村區 ; 非都市編定：乙種建築用地
RPPOMLNJKHLFFAO28CA,竹港段,16.51,都市：其他
RPTQMLOJKHLFFAO98CA,光華段,33.43,都市：住
RPVNMLNJKHLFFAO78CA,國道段,15.20,都市：商
RPRPMLPJKHLFFAO78CA,柴橋段,14.10,都市：其他
RPQPMLPJKHLFFAO68CA,自由段,22.02,都市：住
RPVNMLOJKHLFFAO88CA,茄苳段,.15,非都市：山坡地保育區 ; 非都市編定：丙種建築用地
RPVNMLOJKHLFFAO88CA,茄苳段,13.68,非都市：山坡地保育區 ; 非都市編定：丙種建築用地
RPPNMLOJKHLFFAO28CA,和平段,8.97,都市：住
RPPNMLPJKHLFFAO38CA,關東段,27.58,都市：住
RPOOMLPKKHLFFAO48CA,竹蓮段,25.08,都市：住
RPQOMLSKKHLFFAO98CA,民富段,16.23,都市：住
RPQPMLSKKHLFFAO09CA,長興段,57.07,都市：住
RPQPMLSKKHLFFAO09CA,長興段,.22,都市：住
RPQPMLSKKHLFFAO09CA,長興段,12.26,都市：住
RPQPMLSKKHLFFAO09CA,長興段,9.67,都市：農
SPSPMLSKKHLFFAO76CA,長興段,63.91,都市：農
SPSPMLSKKHLFFAO76CA,長興段,.22,都市：住
SPSPMLSKKHLFFAO76CA,長興段,12.26,都市：住
SPSPMLSKKHLFFAO76CA,長興段,9.67,都市：農
RPVNMLRKKHLFFAO66CA,和平段,17.52,都市：住
RPSPMLSKKHLFFAO66CA,長興段,63.55,都市：農
RPQNMLQJKHLFFAO58CA,光武段,35.56,都市：住
RPSPMLSKKHLFFAO66CA,長興段,.22,都市：住
RPRPMLSKKHLFFAO56CA,長興段,59.73,都市：住
RPSPMLSKKHLFFAO66CA,長興段,12.26,都市：住
RPSPMLSKKHLFFAO66CA,長興段,9.67,都市：農
RPRPMLSKKHLFFAO56CA,長興段,.22,都市：住
RPRPMLSKKHLFFAO56CA,長興段,24.39,都市：住
RPPNMLMLKHLFFAO28CA,中雅段,2.38,都市：商
RPPNMLMLKHLFFAO28CA,崙子段,.05,都市：商
RPQNMLPJKHLFFAO68EA,中華段,41.13,都市：其他
RPRNMLKLKHLFFAO28CA,竹港段,18.32,都市：商
RPTNMLKLKHLFFAO48CA,竹港段,16.51,都市：商
RPSNMLKLKHLFFAO38CA,竹港段,18.58,都市：商
RPVQMLOJKHLFFAO56CA,香村段,245.60,非都市：山坡地保育區 ; 非都市編定：丙種建築用地
RPVQMLOJKHLFFAO56CA,香村段,.16,非都市：山坡地保育區 ; 非都市編定：農牧用地
RPVQMLOJKHLFFAO56CA,香村段,80.61,非都市：山坡地保育區 ; 非都市編定：農牧用地
RPVQMLOJKHLFFAO56CA,香村段,41.73,非都市：山坡地保育區 ; 非都市編定：農牧用地
RPVQMLOJKHLFFAO56CA,香村段,119.94,非都市：山坡地保育區 ; 非都市編定：丙種建築用地
RPVQMLOJKHLFFAO56CA,香村段,15.85,非都市：山坡地保育區 ; 非都市編定：丙種建築用地
RPVQMLOJKHLFFAO56CA,香村段,7.78,非都市：山坡地保育區 ; 非都市編定：農牧用地
RPVQMLOJKHLFFAO56CA,香村段,27.48,非都市：山坡地保育區 ; 非都市編定：丙種建築用地
RPXOMLPLKHLFFAO86CA,民富段,60.00,都市：其他
RPXOMLPLKHLFFAO86CA,民富段,20.14,都市：其他
RPSNMLNLKHLFFAO78DA,五福段,88.16,都市：其他
RPSNMLNLKHLFFAO78DA,五福段,16.07,都市：其他
RPSNMLNLKHLFFAO78DA,五福段,75.01,都市：其他
RPWOMLPLKHLFFAO76CA,民富段,55.00,都市：其他
RPWOMLPLKHLFFAO76CA,民富段,20.14,都市：其他
RPQNMLNLKHLFFAO58DA,五福段,311.69,非都市：山坡地保育區 ; 非都市編定：農牧用地
RPQNMLNLKHLFFAO58DA,五福段,25.59,非都市：山坡地保育區 ; 非都市編定：水利用地
RPQNMLNLKHLFFAO58DA,五福段,226.37,非都市：山坡地保育區 ; 非都市編定：農牧用地
RPQNMLNLKHLFFAO58DA,五福段,63.71,都市：其他
RPQNMLNLKHLFFAO58DA,五福段,87.22,都市：其他
RPQNMLNLKHLFFAO58DA,五福段,249.56,都市：其他
RPTOMLMLKHLFFAO78CA,柴橋段,23.92,都市：其他
RPPPMLSKKHLFFAO98CA,民富段,17.00,都市：住
RPVNMLQLKHLFFAO66CA,水源段,43.34,非都市：特定農業區 ; 非都市編定：甲種建築用地
RPUNMLNLKHLFFAO98DA,五福段,18.14,都市：其他
RPUNMLNLKHLFFAO98DA,五福段,95.44,都市：其他
RPUNMLNLKHLFFAO98DA,五福段,45.00,都市：其他
RPTNMLNLKHLFFAO88DA,五福段,62.42,都市：其他
RPTNMLNLKHLFFAO88DA,五福段,57.54,都市：其他
RPTNMLNLKHLFFAO88DA,五福段,297.10,都市：其他
RPTNMLNLKHLFFAO88DA,五福段,29.14,都市：其他
RPVNMLNLKHLFFAO09DA,五福段,221.40,都市：其他
RPVNMLNLKHLFFAO09DA,五福段,395.92,都市：其他
RPVNMLNLKHLFFAO09DA,五福段,45.62,都市：其他
RPVNMLNLKHLFFAO09DA,五福段,17.00,都市：其他
RPQPMLMLKHLFFAO58CA,香中段,10.05,都市：商
RPWNMLPLKHLFFAO66CA,崙子段,54.00,都市：住
RPWNMLPLKHLFFAO66CA,崙子段,124.00,都市：住
RPTOMLPKKHLFFAO98CA,關東段,83.00,都市：住
RPOPMLQKKHLFFAO68CA,古峰段,5.09,都市：其他
RPPNMLQKKHLFFAO58CA,自由段,1.10,都市：住
RPPNMLQKKHLFFAO58CA,自由段,24.60,都市：住
SPUPMLQKKHLFFAO76CA,北門段,15.89,都市：商
RPSNMLQKKHLFFAO88CA,大學段,125.81,都市：住
RPRNMLRKKHLFFAO88CA,東光段,6.33,都市：其他
RPUPMLQKKHLFFAO66CA,北門段,4.47,都市：商
RPWNMLNLKHLFFAO56DA,鹽水段,463.14,都市：其他
RPWNMLNLKHLFFAO56DA,五福段,81.30,都市：其他
RPWNMLNLKHLFFAO56DA,五福段,49.50,都市：其他
RPWNMLNLKHLFFAO56DA,五福段,75.31,都市：其他
RPWNMLNLKHLFFAO56DA,五福段,36.69,都市：其他
RPWNMLNLKHLFFAO56DA,五福段,22.71,都市：其他
RPWNMLNLKHLFFAO56DA,五福段,2.58,都市：其他
RPWNMLNLKHLFFAO56DA,五福段,3.89,都市：其他
RPWNMLNLKHLFFAO56DA,五福段,9.70,都市：其他
RPWNMLNLKHLFFAO56DA,五福段,39.44,都市：其他
RPWNMLNLKHLFFAO56DA,五福段,8.36,都市：其他
RPRPMLQKKHLFFAO98CA,東香段,5.66,非都市：山坡地保育區 ; 非都市編定：丙種建築用地
RPRPMLQKKHLFFAO98CA,東香段,1.22,非都市：山坡地保育區 ; 非都市編定：丙種建築用地
RPRPMLQKKHLFFAO98CA,東香段,36.17,非都市：山坡地保育區 ; 非都市編定：丙種建築用地
RPRPMLQKKHLFFAO98CA,東香段,.09,非都市：山坡地保育區 ; 非都市編定：丙種建築用地
RPRPMLQKKHLFFAO98CA,東香段,.52,非都市：山坡地保育區 ; 非都市編定：丙種建築用地
RPRPMLQKKHLFFAO98CA,東香段,.03,非都市：山坡地保育區 ; 非都市編定：丙種建築用地
RPRPMLQKKHLFFAO98CA,東香段,1.08,非都市：山坡地保育區 ; 非都市編定：丙種建築用地
RPTPMLQKKHLFFAO56CA,中寮段,75.97,都市：住
RPTPMLQKKHLFFAO56CA,中寮段,6.67,都市：住
RPROMLSKKHLFFAO09CA,光武段,.01,都市：其他
RPROMLSKKHLFFAO09CA,光武段,9.37,都市：其他
RPROMLSKKHLFFAO09CA,光武段,.01,都市：其他
RPROMLSKKHLFFAO09CA,光武段,.00,都市：其他
RPXPMLSKKHLFFAO17CA,大庄段,17.96,都市：住
RPRNMLNLKHLFFAO58CA,華江段,55.43,非都市：鄉村區 ; 非都市編定：乙種建築用地
RPWQMLSKKHLFFAO17CA,武陵段,.31,都市：其他
RPWQMLSKKHLFFAO17CA,武陵段,16.13,都市：其他
RPVOMLMLKHLFFAO98CA,和平段,16.75,都市：住
RPPPMLQLKHLFFAO88CA,中華段,.04,都市：其他
RPPPMLQLKHLFFAO88CA,中華段,9.82,都市：住
RPPPMLQLKHLFFAO88CA,中華段,2.49,都市：住
RPPPMLQLKHLFFAO88CA,中華段,.54,都市：住
RPPQMLSKKHLFFAO09CA,柴橋段,14.10,都市：其他
RPWPMLQKKHLFFAO86CA,民富段,44.50,都市：商
RPPOMLRKKHLFFAO78CA,武陵段,8.30,都市：住
RPSQMLSKKHLFFAO76CA,力行段,28.40,非都市：山坡地保育區 ; 非都市編定：丙種建築用地
RPQNMLPLKHLFFAO68CA,武陵段,12.62,都市：住
RPQNMLPLKHLFFAO68CA,武陵段,.31,都市：住
RPUQMLSKKHLFFAO96CA,武陵段,34.01,都市：住
RPVPMLQKKHLFFAO76CA,中華段,36.29,都市：其他
RPXPMLQKKHLFFAO96CA,武陵段,11.56,都市：住
RPXNMLQKKHLFFAO76CA,光武段,22.88,都市：住
RPQNMLRKKHLFFAO78CA,南湖段,76.97,非都市：山坡地保育區 ; 非都市編定：丙種建築用地
RPTNMLNJLHLFFAO68CA,西門段一小段,20.75,都市：商
RPQOMLQKKHLFFAO78CA,武陵段,30.52,都市：住
RPQOMLQKKHLFFAO78CA,武陵段,85.00,都市：住
RPTNMLRKKHLFFAO09CA,北門段,17.43,都市：商
RPSNMLRKKHLFFAO98CA,北門段,17.43,都市：商
RPSOMLRJLHLFFAO09CA,中華段,18.11,都市：住
RPSNMLSKKHLFFAO09CA,東光段,1.18,都市：其他
RPQQMLSKKHLFFAO56CA,國道段,18.56,都市：住
RPUNMLTKKHLFFAO76CA,古賢段,898.04,非都市：特定農業區 ; 非都市編定：農牧用地
RPUNMLTKKHLFFAO76CA,古賢段,277.22,非都市：特定農業區 ; 非都市編定：農牧用地
RPUNMLTKKHLFFAO76CA,古賢段,309.84,非都市：特定農業區 ; 非都市編定：農牧用地
RPUNMLTKKHLFFAO76CA,古賢段,168.70,非都市：特定農業區 ; 非都市編定：農牧用地
RPUNMLTKKHLFFAO76CA,古賢段,77.18,非都市：特定農業區 ; 非都市編定：農牧用地
RPTQMLSKKHLFFAO86CA,民富段,9.08,都市：商
RPROMLTLLHLFFAO76CA,崙子段,25.42,非都市：鄉村區 ; 非都市編定：乙種建築用地
RPROMLTLLHLFFAO76CA,崙子段,1.71,非都市：鄉村區 ; 非都市編定：乙種建築用地
RPROMLTLLHLFFAO76CA,崙子段,.90,非都市：鄉村區 ; 非都市編定：乙種建築用地
RPPOMLSJLHLFFAO88CA,成德段,60.61,都市：住
RPPOMLSJLHLFFAO88CA,成德段,19.60,都市：住
RPPOMLSJLHLFFAO88CA,成德段,17.63,都市：住
RPOOMLSJLHLFFAO78CA,成德段,62.63,都市：住
RPOOMLSJLHLFFAO78CA,成德段,19.60,都市：住
RPOOMLSJLHLFFAO78CA,成德段,17.63,都市：住
RPXOMLMLKHLFFAO56CA,新興段,20.61,都市：其他
RPPPMLPLKHLFFAO78CA,光武段,37.08,都市：住
RPPPMLPLKHLFFAO78CA,光武段,5.22,都市：住
RPPPMLPLKHLFFAO78CA,光武段,1.89,都市：住
RPRPMLOLKHLFFAO88CA,北門段,9.12,都市：商
RPXNMLTKKHLFFAO07CA,仙水段,12.63,都市：住
RPQNMLKLKHLFFAO18CA,長春段,16.74,都市：其他
RPQNMLKLKHLFFAO18CA,長春段,.01,都市：住
RPQNMLKLKHLFFAO18CA,長春段,.01,都市：住
RPROMLTKKHLFFAO56CA,民主段,9.62,都市：其他
RPROMLTKKHLFFAO56CA,民主段,10.19,都市：住
RPPOMLLJLHLFFAO18CA,港南段,7.05,非都市：鄉村區 ; 非都市編定：乙種建築用地
RPPOMLLJLHLFFAO18CA,港南段,.10,非都市：鄉村區 ; 非都市編定：乙種建築用地
RPPOMLLJLHLFFAO18CA,港南段,74.21,非都市：鄉村區 ; 非都市編定：乙種建築用地
RPQPMLQLKHLFFAO98CA,香村段,803.47,非都市：山坡地保育區 ; 非都市編定：農牧用地
RPQPMLQLKHLFFAO98CA,香村段,2389.10,非都市：山坡地保育區 ; 非都市編定：農牧用地
RPVOMLKKLHLFFAO98EA,自由段,25.87,都市：住
RPVOMLMLMHLFFAO76EA,柴橋段,100.25,都市：住
RPVOMLMLMHLFFAO76EA,柴橋段,24.76,都市：住
RPRPMLQLKHLFFAO09CA,香村段,5593.16,非都市：山坡地保育區 ; 非都市編定：農牧用地
RPROMLMLKHLFFAO58CA,中央段,106.50,都市：其他
RPROMLMLKHLFFAO58CA,民主段,45.93,都市：其他
RPROMLMLKHLFFAO58CA,北門段,32.50,都市：其他
RPROMLMLKHLFFAO58CA,北門段,12.00,都市：其他
RPROMLMLKHLFFAO58CA,福林段,98.00,都市：其他
RPROMLMLKHLFFAO58CA,自由段,2.50,都市：其他
RPROMLMLKHLFFAO58CA,自由段,211.05,都市：其他
TPXNMLOLKHLFFAO86CA,茄苳段,.15,非都市：山坡地保育區 ; 非都市編定：丙種建築用地
TPXNMLOLKHLFFAO86CA,茄苳段,13.68,非都市：山坡地保育區 ; 非都市編定：丙種建築用地
RPTOMLQLKHLFFAO66DA,東濱段,76.69,都市：住
RPPNMLSJLHLFFAO78CA,香濱段,9.58,都市：住
RPPNMLSJLHLFFAO78CA,香濱段,14.96,都市：住
RPTNMLRJLHLFFAO09CA,崙子段,11.18,都市：住
RPVOMLTKKHLFFAO96CA,福林段,275.83,非都市：特定農業區 ; 非都市編定：農牧用地
RPUNMLKKLHLFFAO58CA,國道段,12.78,都市：住
RPQNMLMKLHLFFAO38CA,美山段,114.88,都市：農
RPQNMLMKLHLFFAO38CA,美山段,23.80,都市：其他
RPRNMLMKLHLFFAO48CA,美山段,60.18,都市：農
RPQOMLTKKHLFFAO09CA,崙子段,1609.00,都市：住
RPQOMLTKKHLFFAO09CA,崙子段,123.00,都市：住
RPPPMLRJLHLFFAO88CA,新興段,5.09,都市：住
RPPNMLKLKHLFFAO08CA,中雅段,14.27,都市：商
RPPNMLKLKHLFFAO08CA,崙子段,.30,都市：商
RPVNMLKLKHLFFAO68CA,崙子段,33.93,都市：住
RPSNMLOJLHLFFAO68CA,師院段,38.04,非都市：山坡地保育區 ; 非都市編定：丙種建築用地
RPSNMLOJLHLFFAO68CA,師院段,63.00,非都市：山坡地保育區 ; 非都市編定：丙種建築用地
RPPPMLSKKHLFFAO56EA,成德段,7.25,都市：住
RPUNMLLJLHLFFAO58CA,自由段,47.76,都市：住
RPOOMLMJLHLFFAO18CA,中華段,29.24,都市：其他
RPQOMLQLKHLFFAO88CA,南門段一小段,53.00,都市：商
RPSNMLLJLHLFFAO38CA,自由段,43.05,都市：住
RPPNMLNJLHLFFAO28CA,南門段四小段,187.00,都市：商
RPTNMLLJLHLFFAO48CA,光武段,50.69,都市：住
RPPNMLNLKHLFFAO38CA,民富段,1.62,都市：商
RPSOMLMLKHLFFAO78DA,光華段,24.15,都市：住
RPUOMLMLKHLFFAO88CA,自由段,67.00,都市：住
RPTOMLOLKHLFFAO98CA,南門段二小段,5.60,都市：商
RPVNMLLJLHLFFAO68CA,光武段,39.57,都市：住
RPQNMLMLKHLFFAO38CA,港南段,47.00,非都市：鄉村區 ; 非都市編定：乙種建築用地
RPQNMLMLKHLFFAO38CA,港南段,47.87,非都市：鄉村區 ; 非都市編定：乙種建築用地
RPQNMLMJLHLFFAO28CA,崙子段,4.20,都市：住
RPPNMLLLKHLFFAO18CA,育賢段,30.02,都市：住
RPTOMLOJLHLFFAO88CA,茄苳段,3.03,非都市：山坡地保育區 ; 非都市編定：丙種建築用地
RPTOMLOJLHLFFAO88CA,茄苳段,11.67,非都市：山坡地保育區 ; 非都市編定：丙種建築用地
RPWNMLMJLHLFFAO88CA,光武段,22.99,都市：住
RPPNMLMJLHLFFAO18CA,崙子段,20.50,非都市：鄉村區 ; 非都市編定：乙種建築用地
RPSPMLNLKHLFFAO88CA,光華段,1.58,都市：住
RPSPMLNLKHLFFAO88CA,光華段,.07,都市：商
RPSPMLNLKHLFFAO88CA,光華段,5.19,都市：商
RPSPMLNLKHLFFAO88CA,光華段,.06,都市：其他
RPUOMLNLKHLFFAO98CA,中寮段,621.72,都市：住
RPUOMLOJLHLFFAO98CA,東光段,29.10,都市：商
RPUPMLRJLHLFFAO76CA,光武段,43.88,都市：住
RPUPMLLKLHLFFAO88CA,國道段,24.08,都市：住
RPVOMLNLKHLFFAO09CA,自由段,31.03,都市：住
RPSNMLOLKHLFFAO78CA,光武段,35.56,都市：住
RPUNMLOLKHLFFAO98CA,光武段,23.11,都市：住
RPTNMLOLKHLFFAO88CA,光武段,21.76,都市：住
RPVNMLOLKHLFFAO56DA,明湖段,12.98,非都市：鄉村區 ; 非都市編定：乙種建築用地
RPVNMLOLKHLFFAO56DA,明湖段,5.13,非都市：鄉村區 ; 非都市編定：乙種建築用地
RPWOMLTJLHLFFAO07CA,新興段,47.33,都市：住
RPOOMLOLKHLFFAO48CA,光武段,29.61,都市：住
RPWNMLOLKHLFFAO56CA,光武段,22.99,都市：住
RPUOMLOLKHLFFAO09CA,自由段,103.00,都市：住
RPQOMLOLKHLFFAO68CA,信義段,12.19,都市：其他
RPSOMLOLKHLFFAO88CA,成德段,62.13,都市：其他
RPVOMLOLKHLFFAO56CA,水源段,24.81,非都市：特定農業區 ; 非都市編定：甲種建築用地
RPWOMLOLKHLFFAO66CA,中華段,.44,都市：住
RPWOMLOLKHLFFAO66CA,中華段,30.00,都市：住
RPWOMLOLKHLFFAO66CA,中華段,71.00,都市：住
RPROMLOLKHLFFAO78CA,介壽段,71.22,都市：住
RPTNMLQKLHLFFAO56DA,介壽段,61.14,都市：住
RPQOMLMJLHLFFAO38CA,崙子段,25.42,非都市：鄉村區 ; 非都市編定：乙種建築用地
RPQOMLMJLHLFFAO38CA,崙子段,1.71,非都市：鄉村區 ; 非都市編定：乙種建築用地
RPQOMLMJLHLFFAO38CA,崙子段,.90,非都市：鄉村區 ; 非都市編定：乙種建築用地
RPUOMLPLKHLFFAO56CA,和平段,23.08,都市：住
RPXOMLQLKHLFFAO96CA,柴橋段,23.92,都市：其他
RPVOMLLJLHLFFAO78CA,武陵段,22.59,都市：住
RPWOMLLJLHLFFAO88CA,武陵段,17.28,都市：其他
RPXNMLPLKHLFFAO76CA,西門段二小段,56.00,都市：住
RPOPMLLJLHLFFAO18CA,崙子段,86.00,非都市：鄉村區 ; 非都市編定：乙種建築用地
RPUNMLPLKHLFFAO09CA,北門段,17.10,都市：商
RPQPMLOLKHLFFAO78CA,東明段,26.59,都市：其他
RPTNMLOJLHLFFAO78CA,民主段,95.00,都市：住
RPOOMLRJLHLFFAO68CA,光華段,33.98,都市：住
RPPOMLRJLHLFFAO78CA,光華段,33.98,都市：住
RPTOMLRJLHLFFAO56CA,光華段,33.98,都市：住
RPUOMLRJLHLFFAO66CA,光華段,33.43,都市：住
RPSNMLRJLHLFFAO98CA,柴橋段,14.10,都市：其他
RPWQMLSKLHLFFAO27CA,和平段,21.79,都市：住
RPUNMLOJLHLFFAO88CA,光武段,25.69,都市：住
RPUNMLOJLHLFFAO88CA,光武段,.04,都市：其他
RPUNMLOJLHLFFAO88CA,光武段,.02,都市：其他
RPUNMLOJLHLFFAO88CA,光武段,.01,都市：其他
RPQNMLTJLHLFFAO98CA,關東段,2.10,都市：住
RPQNMLTJLHLFFAO98CA,長春段,45.94,都市：住
RPQOMLOJLHLFFAO58CA,自由段,8.30,都市：住
RPQOMLOJLHLFFAO58CA,自由段,8.30,都市：住
RPROMLRJLHLFFAO98CA,崙子段,99.00,都市：住
RPXNMLLJLHLFFAO88CA,介壽段,26.24,都市：其他
RPXNMLLJLHLFFAO88CA,介壽段,1.21,都市：其他
RPRNMLMJLHLFFAO38CA,金山段,99.15,都市：住
RPWNMLLJLHLFFAO78CA,武陵段,.31,都市：其他
RPWNMLLJLHLFFAO78CA,武陵段,16.13,都市：其他
RPPOMLQLKHLFFAO78CA,雅溪段,329.72,非都市：山坡地保育區 ; 非都市編定：丙種建築用地
RPSOMLNJLHLFFAO68CA,和平段,11.66,都市：住
RPPNMLLJLHLFFAO08CA,中山段二小段,6.33,都市：商
RPPNMLLJLHLFFAO08CA,中山段二小段,.47,都市：商
RPRNMLQLKHLFFAO88CA,竹蓮段,.83,都市：住
RPRNMLQLKHLFFAO88CA,竹蓮段,2.90,都市：住
RPRNMLQLKHLFFAO88CA,竹蓮段,11.20,都市：住
RPRNMLQLKHLFFAO88CA,竹蓮段,23.95,都市：住
RPRNMLQLKHLFFAO88CA,竹蓮段,.21,都市：住
RPSNMLQLKHLFFAO98CA,竹蓮段,.67,都市：住
RPSNMLQLKHLFFAO98CA,竹蓮段,2.36,都市：住
RPSNMLQLKHLFFAO98CA,竹蓮段,9.10,都市：住
RPSNMLQLKHLFFAO98CA,竹蓮段,19.47,都市：住
RPSNMLQLKHLFFAO98CA,竹蓮段,.17,都市：住
RPSNMLNJLHLFFAO58CA,力行段,89.49,非都市：山坡地保育區 ; 非都市編定：丙種建築用地
RPSNMLNJLHLFFAO58CA,力行段,1.11,非都市：山坡地保育區 ; 非都市編定：丙種建築用地
RPXPMLQLKHLFFAO07CA,大庄段,21.42,都市：住
RPOQMLQLKHLFFAO88CA,忠孝段,27.27,都市：住
RPSPMLRJLHLFFAO56CA,溪橋段,75.74,非都市：鄉村區 ; 非都市編定：乙種建築用地
RPROMLQLKHLFFAO98CA,見樂段,479.52,非都市：山坡地保育區 ; 非都市編定：丙種建築用地
RPROMLQLKHLFFAO98CA,見樂段,130.53,非都市：山坡地保育區 ; 非都市編定：農牧用地
RPOPMLQLKHLFFAO78CA,竹蓮段,25.87,都市：住
RPPNMLRLKHLFFAO78CA,長春段,17.84,都市：其他
RPPNMLRLKHLFFAO78CA,長春段,.01,都市：住
RPPNMLRLKHLFFAO78CA,長春段,.01,都市：住
RPVOMLNJLHLFFAO98CA,崙子段,25.25,非都市：鄉村區 ; 非都市編定：乙種建築用地
RPTPMLRJLHLFFAO66CA,竹港段,18.58,都市：商
RPQNMLSJLHLFFAO88CA,東濱段,55.87,都市：住
RPQNMLSJLHLFFAO88CA,東濱段,21.31,都市：住
RPQNMLSJLHLFFAO88CA,東濱段,6.79,都市：住
RPUOMLNJLHLFFAO88CA,崙子段,25.99,非都市：鄉村區 ; 非都市編定：乙種建築用地
RPSQMLRJLHLFFAO66CA,竹港段,16.25,都市：商
RPTQMLRJLHLFFAO76CA,竹港段,16.51,都市：商
RPQOMLLKMHLFFAO48CA,武陵段,34.83,都市：住
RPUQMLRJLHLFFAO86CA,竹港段,16.00,都市：商
RPRPMLNJLHLFFAO68CA,新港段,18.21,都市：商
RPVQMLRJLHLFFAO96CA,竹港段,16.51,都市：商
RPOQMLRJLHLFFAO88CA,竹港段,16.00,都市：商
RPPQMLRJLHLFFAO98CA,竹港段,18.58,都市：商
RPWPMLRJLHLFFAO96CA,竹港段,14.71,都市：商
RPQQMLRJLHLFFAO09CA,西濱段,7.43,都市：住
RPSOMLSJLHLFFAO56CA,東濱段,176.99,都市：其他
RPSOMLOJLHLFFAO78CA,聚吉段,2.96,都市：住
RPSOMLOJLHLFFAO78CA,聚吉段,10.14,都市：其他
RPQPMLRJLHLFFAO98CA,光華段,36.54,都市：住
RPUNMLSJLHLFFAO66CA,鹽水段,15.60,都市：住
RPUNMLSJLHLFFAO66CA,鹽水段,.18,都市：住
RPUNMLSJLHLFFAO66CA,鹽水段,78.13,都市：住
RPUNMLSJLHLFFAO66CA,鹽水段,.05,都市：住
RPWOMLMJLHLFFAO98CA,隆恩段,1515.84,非都市：特定農業區 ; 非都市編定：農牧用地
RPOOMLKKLHLFFAO08CA,光武段,22.54,都市：住
RPUOMLMJLHLFFAO78CA,自由段,28.90,都市：住
RPSPMLLKLHLFFAO68CA,國道段,17.95,都市：住
RPQRMLRKLHLFFAO66CA,科學段一小段,69.61,都市：住
RPPNMLTJLHLFFAO88CA,信義段,16.34,都市：住
RPQNMLLJLHLFFAO18CA,東橋段,.69,都市：住
RPQNMLLJLHLFFAO18CA,東橋段,11.60,都市：住
RPQNMLLJLHLFFAO18CA,東橋段,2.23,都市：住
RPQNMLLJLHLFFAO18CA,東橋段,26.71,都市：住
RPQNMLLJLHLFFAO18CA,東橋段,.37,都市：住
RPROMLNJLHLFFAO78EA,西門段三小段,6.56,都市：商
RPTOMLMJLHLFFAO68CA,新興段,94.00,都市：住
RPUNMLMJLHLFFAO68CA,崙子段,4.35,都市：住
RPSNMLPKLHLFFAO88CA,和平段,23.24,都市：住
RPXOMLMJLHLFFAO09CA,民主段,.60,都市：住
RPXOMLMJLHLFFAO09CA,民主段,27.70,都市：住
RPROMLLJLHLFFAO38CA,國道段,30.39,都市：住
RPPPMLMJLHLFFAO38CA,和平段,70.85,都市：住
RPVNMLNJLHLFFAO88CA,西濱段,29.23,都市：其他
RPVNMLNJLHLFFAO88CA,西濱段,460.49,都市：其他
RPVOMLOKLHLFFAO56CA,和平段,18.83,都市：住
RPSPMLOKLHLFFAO98CA,國道段,25.37,都市：住
RPWNMLSJLHLFFAO86CA,國道段,13.61,都市：住
RPRNMLNJLHLFFAO48CA,光武段,21.19,都市：住
RPRQMLRJLHLFFAO56CA,唐高段,19.24,都市：住
RPVOMLRJLHLFFAO76CA,北門段,52.60,都市：住
RPTOMLTJLHLFFAO76CA,長春段,21.54,都市：住
RPTOMLKKLHLFFAO58CA,成德段,7.25,都市：住
RPTOMLKKLHLFFAO58CA,成德段,31.16,都市：住
RPUQMLRKLHLFFAO96CA,西門段二小段,36.32,都市：商
RPPNMLMKLHLFFAO28CA,武陵段,11.50,都市：住
RPPNMLMKLHLFFAO28CA,武陵段,11.50,都市：住
RPPNMLMKLHLFFAO28CA,武陵段,11.50,都市：住
RPVQMLRKLHLFFAO07CA,民富段,20.61,都市：商
RPOPMLQKLHLFFAO78CA,忠孝段,1975.00,都市：農
RPWOMLRLMHLFFAO17CA,民主段一小段,5.30,都市：商
RPTNMLOKLHLFFAO88CA,新興段,4.75,都市：住
RPTNMLOKLHLFFAO88CA,新興段,38.00,都市：住
RPSNMLOKLHLFFAO78CA,新興段,4.75,都市：住
RPSNMLOKLHLFFAO78CA,新興段,38.00,都市：住
RPVNMLOKLHLFFAO09CA,新興段,4.75,都市：住
RPVNMLOKLHLFFAO09CA,新興段,38.00,都市：住
RPXNMLSJLHLFFAO96CA,光華段,15.39,都市：住
RPPOMLOJLHLFFAO48CA,成功段,33.60,都市：其他
RPXOMLRJLHLFFAO96CA,光華段,33.43,都市：住
RPSOMLLKLHLFFAO58CA,東山段一小段,25.81,都市：其他
RPRNMLOJLHLFFAO58CA,東光段,2.40,都市：住
RPRNMLOJLHLFFAO58CA,東光段,48.40,都市：其他
RPWOMLRJLHLFFAO86CA,光華段,45.20,都市：住
RPUNMLRJLHLFFAO56CA,忠孝段,107.00,都市：住
RPPOMLTJLHLFFAO98CA,茄苳段,50.56,非都市：山坡地保育區 ; 非都市編定：丙種建築用地
RPPOMLTJLHLFFAO98CA,茄苳段,12.52,非都市：山坡地保育區 ; 非都市編定：丙種建築用地
RPVOMLMJLHLFFAO88CA,武陵段,12.51,都市：住
RPOPMLMJLHLFFAO28CA,南門段一小段,6.51,都市：商
RPOPMLMJLHLFFAO28CA,南門段一小段,.37,都市：商
RPOPMLMJLHLFFAO28CA,南門段一小段,.50,都市：商
RPQNMLNJLHLFFAO38CA,中隘段,120.86,非都市：山坡地保育區 ; 非都市編定：丙種建築用地
RPPNMLKKLHLFFAO08CA,中雅段,1.19,都市：商
RPPNMLKKLHLFFAO08CA,崙子段,.03,都市：商
RPPPMLNJLHLFFAO48CA,北門段,16.02,都市：商
RPRNMLKKLHLFFAO28CA,中雅段,2.38,都市：商
RPRNMLKKLHLFFAO28CA,崙子段,.05,都市：商
RPQPMLNLLHLFFAO78CA,介壽段,24.30,都市：其他
RPTNMLLLLHLFFAO68CA,成德段,84.66,都市：住
RPTNMLLLLHLFFAO68CA,成德段,19.60,都市：住
RPTNMLLLLHLFFAO68CA,成德段,17.63,都市：住
RPSNMLKKLHLFFAO38CA,光武段,39.57,都市：住
RPVOMLTJLHLFFAO96CA,新興段,65.00,都市：住
RPVNMLRJLHLFFAO66CA,水源段,135.52,非都市：特定農業區 ; 非都市編定：丁種建築用地
RPXNMLRJLHLFFAO86CA,和平段,13.04,都市：住
RPWNMLRJLHLFFAO76CA,武陵段,.08,都市：其他
RPWNMLRJLHLFFAO76CA,武陵段,.08,都市：其他
RPWNMLRJLHLFFAO76CA,武陵段,4.03,都市：其他
RPWNMLRJLHLFFAO76CA,武陵段,4.03,都市：其他
RPOOMLOJLHLFFAO38CA,關東段,9.56,都市：住
RPWNMLOJLHLFFAO09CA,中央段,17.48,都市：商
RPWNMLOJLHLFFAO09CA,中央段,6.10,都市：住
RPTOMLLKLHLFFAO68CA,民富段,38.50,都市：住
RPTOMLLKLHLFFAO68CA,民富段,2.43,都市：其他
RPQOMLKKLHLFFAO28CA,介壽段,25.70,都市：住
RPWOMLLKLHLFFAO98CA,民富段,32.81,都市：住
RPWOMLLKLHLFFAO98CA,民富段,2.43,都市：其他
RPOPMLLKLHLFFAO28CA,民富段,3.93,都市：住
RPVOMLLKLHLFFAO88CA,民富段,32.81,都市：住
RPVOMLLKLHLFFAO88CA,民富段,2.43,都市：其他
RPUOMLLKLHLFFAO78CA,民富段,33.21,都市：住
RPUOMLLKLHLFFAO78CA,民富段,2.43,都市：其他
RPXOMLLKLHLFFAO09CA,民富段,80.51,都市：住
RPXOMLLKLHLFFAO09CA,民富段,2.43,都市：其他
RPTPMLKKLHLFFAO68CA,崙子段,25.25,非都市：鄉村區 ; 非都市編定：乙種建築用地
RPXPMLKKLHLFFAO09CA,崙子段,25.42,非都市：鄉村區 ; 非都市編定：乙種建築用地
RPPQMLKKLHLFFAO38CA,崙子段,25.25,非都市：鄉村區 ; 非都市編定：乙種建築用地
RPWPMLKKLHLFFAO98CA,崙子段,22.75,非都市：鄉村區 ; 非都市編定：乙種建築用地
RPOQMLKKLHLFFAO28CA,崙子段,25.99,非都市：鄉村區 ; 非都市編定：乙種建築用地
RPUPMLKKLHLFFAO78CA,崙子段,25.25,非都市：鄉村區 ; 非都市編定：乙種建築用地
RPQRMLSKLHLFFAO76CA,光復段,35.63,都市：住
RPSNMLLLLHLFFAO58CA,水源段,44.36,非都市：特定農業區 ; 非都市編定：甲種建築用地
RPQNMLSKLHLFFAO98CA,武陵段,27.97,都市：住
RPPNMLKLLHLFFAO18CA,長春段,22.99,都市：住
RPSOMLOKLHLFFAO88CA,民富段,.99,都市：住
RPSOMLOKLHLFFAO88CA,民富段,16.05,都市：商
RPSOMLOKLHLFFAO88CA,民富段,.07,都市：住
RPUOMLOKLHLFFAO09CA,民富段,.04,都市：住
RPUOMLOKLHLFFAO09CA,民富段,.61,都市：住
RPUOMLOKLHLFFAO09CA,民富段,9.87,都市：商
RPSPMLKKLHLFFAO58CA,美山段,737.71,都市：農
RPSPMLKKLHLFFAO58CA,美山段,214.73,都市：其他
RPSPMLKKLHLFFAO58CA,美山段,2491.06,都市：農
RPSPMLKKLHLFFAO58CA,美山段,622.76,都市：農
RPSPMLKKLHLFFAO58CA,美山段,199.61,非都市：山坡地保育區 ; 非都市編定：農牧用地
RPSPMLKKLHLFFAO58CA,美山段,162.26,都市：農
RPSPMLKKLHLFFAO58CA,美山段,259.35,都市：其他
RPSPMLKKLHLFFAO58CA,美山段,210.63,都市：農
RPTNMLSJLHLFFAO56CA,崙子段,25.42,非都市：鄉村區 ; 非都市編定：乙種建築用地
RPTNMLSJLHLFFAO56CA,崙子段,1.71,非都市：鄉村區 ; 非都市編定：乙種建築用地
RPTNMLSJLHLFFAO56CA,崙子段,.90,非都市：鄉村區 ; 非都市編定：乙種建築用地
RPVNMLSJLHLFFAO76CA,前溪段,65.15,非都市：特定農業區 ; 非都市編定：農牧用地
RPWNMLKKLHLFFAO78CA,光武段,28.94,都市：住
RPVNMLTJLHLFFAO86CA,力行段,124.50,非都市：山坡地保育區 ; 非都市編定：農牧用地
RPVNMLTJLHLFFAO86CA,力行段,133.47,非都市：山坡地保育區 ; 非都市編定：農牧用地
RPXNMLPLLHLFFAO86CA,建華段,29.73,都市：住
RPXOMLNLLHLFFAO76CA,和平段,22.38,都市：住
RPQOMLSJLHLFFAO98CA,民主段,9.51,都市：住
RPQOMLSJLHLFFAO98CA,民主段,17.18,都市：住
RPPQMLPLLHLFFAO98CA,南湖段,17.80,非都市：山坡地保育區 ; 非都市編定：丙種建築用地
RPPQMLPLLHLFFAO98CA,南湖段,2.44,非都市：山坡地保育區 ; 非都市編定：丙種建築用地
RPPQMLPLLHLFFAO98CA,南湖段,2.75,非都市：山坡地保育區 ; 非都市編定：丙種建築用地
RPPQMLPLLHLFFAO98CA,南湖段,.01,非都市：山坡地保育區 ; 非都市編定：丙種建築用地
RPPQMLPLLHLFFAO98CA,南湖段,.01,非都市：山坡地保育區 ; 非都市編定：丙種建築用地
RPPQMLPLLHLFFAO98CA,南湖段,104.28,非都市：山坡地保育區 ; 非都市編定：丙種建築用地
RPQPMLPLLHLFFAO98CA,高翠段,8.76,都市：其他
RPQPMLPLLHLFFAO98CA,高翠段,3.42,都市：其他
RPQPMLPLLHLFFAO98CA,古峰段,86.98,都市：其他
RPQPMLPLLHLFFAO98CA,古峰段,305.52,都市：其他
RPQPMLPLLHLFFAO98CA,古峰段,.98,都市：其他
RPQPMLPLLHLFFAO98CA,古峰段,8.02,都市：其他
RPUNMLTJLHLFFAO76CA,關東段,14.22,都市：住
RPPOMLKKLHLFFAO18CA,武陵段,20.51,都市：住
RPPOMLKKLHLFFAO18CA,武陵段,.46,都市：住
RPQQMLPLLHLFFAO09CA,西門段一小段,96.00,都市：商
RPXNMLTJLHLFFAO07CA,介壽段,20.57,都市：其他
RPXNMLTJLHLFFAO07CA,介壽段,.95,都市：其他
RPQPMLSKLHLFFAO56CA,信義段,29.91,都市：住
RPPNMLQLLHLFFAO78CA,竹港段,18.58,都市：商
RPSOMLPLLHLFFAO09CA,福林段,20.97,都市：住
RPPNMLRKLHLFFAO78CA,信義段,29.63,都市：住
RPQNMLQLLHLFFAO88CA,竹港段,16.51,都市：商
RPRNMLRKLHLFFAO98CA,信義段,22.43,都市：住
RPTOMLOKLHLFFAO98CA,西門段一小段,17.56,都市：商
RPQQMLKKLHLFFAO48CA,中山段二小段,7.57,都市：商
RPQQMLKKLHLFFAO48CA,中山段二小段,.70,都市：商
RPUOMLQKLHLFFAO66CA,和平段,8.97,都市：住
RPVNMLKKLHLFFAO68CA,光武段,35.56,都市：住
RPRNMLQLLHLFFAO98CA,竹港段,18.58,都市：商
RPWNMLTJLHLFFAO96CA,金山段,6.27,都市：其他
RPQOMLTJLHLFFAO09CA,武陵段,32.25,都市：住
RPROMLTJLHLFFAO56CA,崙子段,53.50,都市：住
RPRNMLQKLHLFFAO88CA,科學段一小段,82.95,都市：住
RPPNMLTLLHLFFAO09CA,信義段,22.98,都市：住
RPTNMLTJLHLFFAO76DA,聚吉段,55.51,都市：商
RPSOMLTJLHLFFAO76DA,民主段,10.38,都市：其他
RPSOMLTJLHLFFAO76DA,民主段,21.98,都市：住
RPVOMLSJLHLFFAO86CA,中央段,5.46,都市：商
RPUPMLNLLHLFFAO56CA,中雅段,18.25,都市：其他
RPUPMLNLLHLFFAO56CA,中雅段,2.15,都市：其他
RPXNMLKKLHLFFAO88CA,五福段,12.49,非都市：山坡地保育區 ; 非都市編定：丙種建築用地
RPXNMLKKLHLFFAO88CA,五福段,118.32,非都市：山坡地保育區 ; 非都市編定：丙種建築用地
RPQSMLRKLHLFFAO76CA,虎林段,150.58,非都市：鄉村區 ; 非都市編定：乙種建築用地
RPWNMLLKLHLFFAO88CA,新港段,18.20,都市：商
RPXNMLLKLHLFFAO98CA,新港段,18.20,都市：商
RPSNMLLKLHLFFAO48CA,新港段,18.21,都市：商
RPTNMLLKLHLFFAO58CA,新港段,18.20,都市：商
RPRNMLLKLHLFFAO38CA,新港段,18.20,都市：商
RPVNMLLKLHLFFAO78CA,新港段,18.20,都市：商
RPRSMLRKLHLFFAO86CA,自由段,27.60,都市：住
RPPNMLQKLHLFFAO68CA,長興段,66.53,都市：住
RPPNMLQKLHLFFAO68CA,長興段,.22,都市：住
RPPNMLQKLHLFFAO68CA,長興段,24.39,都市：住
RPRNMLSKLHLFFAO09CA,武陵段,.31,都市：其他
RPRNMLSKLHLFFAO09CA,武陵段,16.13,都市：其他
RPOSMLRKLHLFFAO56CA,長春段,1.08,都市：住
RPOSMLRKLHLFFAO56CA,長春段,18.16,都市：住
RPVOMLNLLHLFFAO56CA,民富段,5.00,都市：商
RPSNMLPLLHLFFAO98CA,新興段一小段,22.26,都市：住
RPXNMLLLLHLFFAO09CA,聚吉段,5.08,都市：商
RPTNMLPKLHLFFAO98CA,國道段,15.20,都市：商
RPWNMLOKLHLFFAO56CA,東山段二小段,30.66,都市：其他
RPSNMLMKLHLFFAO58CA,關東段,.41,都市：住
RPSNMLMKLHLFFAO58CA,關東段,.06,都市：住
RPSNMLMKLHLFFAO58CA,關東段,1.35,都市：住
RPSNMLMKLHLFFAO58CA,長春段,36.05,都市：住
RPVNMLOLLHLFFAO56CA,介壽段,94.62,都市：住
RPPNMLLKLHLFFAO18CA,中寮段,1.32,都市：住
RPPPMLLKLHLFFAO38CA,崙子段,46.20,都市：住
RPXPMLPLLHLFFAO07CA,民主段,72.96,都市：其他
RPQPMLLKLHLFFAO48CA,崙子段,3.00,都市：住
RPQPMLLKLHLFFAO48CA,崙子段,79.00,都市：住
RPRPMLLKLHLFFAO68DA,光華段,.16,都市：住
RPRPMLLKLHLFFAO68DA,光華段,22.03,都市：住
RPRPMLLKLHLFFAO68DA,光華段,2.31,都市：住
RPRPMLLKLHLFFAO68DA,光華段,14.88,都市：住
RPTOMLKMLHLFFAO78CA,光復段,10.67,都市：住
RPPQMLKMLHLFFAO58CA,民主段,10.08,都市：商
RPPNMLOKLHLFFAO48CA,茄苳段,26.46,非都市：山坡地保育區 ; 非都市編定：丙種建築用地
RPPNMLOKLHLFFAO48CA,茄苳段,88.37,非都市：山坡地保育區 ; 非都市編定：丙種建築用地
RPROMLPKLHLFFAO88CA,南華段,69.95,都市：住
RPPNMLPKLHLFFAO58CA,南華段,2.30,都市：住
RPPNMLPKLHLFFAO58CA,南華段,8.92,都市：住
RPPNMLPKLHLFFAO58CA,南華段,58.40,都市：住
RPPNMLPKLHLFFAO58CA,南華段,.41,都市：住
RPXNMLRJMHLFFAO96CA,和平段,11.67,都市：住
RPSOMLQKLHLFFAO09CA,南湖段,4.16,非都市：山坡地保育區 ; 非都市編定：丙種建築用地
RPSOMLQKLHLFFAO09CA,南湖段,35.34,非都市：山坡地保育區 ; 非都市編定：丙種建築用地
RPSOMLQKLHLFFAO09CA,南湖段,1.22,非都市：山坡地保育區 ; 非都市編定：丙種建築用地
RPPPMLPLMHLFFAO56EA,崙子段,75.00,都市：住
RPPPMLPLMHLFFAO56EA,崙子段,10.00,都市：住
RPTOMLTKNHLFFAO07CA,光武段,.01,都市：住
RPTOMLTKNHLFFAO07CA,光武段,.34,都市：住
RPSRMLRKLHLFFAO86CA,金山段,10.13,都市：住
RPRNMLPLLHLFFAO88CA,信義段,22.15,都市：住
RPQNMLSLMHLFFAO56CA,南華段,77.90,都市：住
RPQOMLQLMHLFFAO09CA,和平段,8.07,都市：住
RPUNMLPKMHLFFAO56CA,水源段,165.32,非都市：特定農業區 ; 非都市編定：農牧用地
RPVNMLPKMHLFFAO66CA,水源段,256.20,非都市：特定農業區 ; 非都市編定：農牧用地
RPUOMLPLLHLFFAO66CA,北門段,17.03,都市：住
RPSPMLNLLHLFFAO98CA,介壽段,24.30,都市：其他
RPSOMLRKLHLFFAO56CA,光華段,33.98,都市：住
RPPPMLRKLHLFFAO98CA,中雅段,20.49,都市：住
RPURMLSKLHLFFAO17CA,柴橋段,14.10,都市：其他
RPUNMLSKLHLFFAO76CA,和平段,20.88,都市：住
RPTNMLSKLHLFFAO66CA,新港段,20.55,都市：住
RPTNMLSKLHLFFAO66CA,新港段,62.85,都市：住
RPRRMLSKLHLFFAO86CA,崙子段,44.81,都市：住
RPPOMLMLLHLFFAO48CA,大庄段,.89,都市：住
RPPOMLMLLHLFFAO48CA,大庄段,.58,都市：住
RPPOMLMLLHLFFAO48CA,大庄段,5.59,都市：住
RPRNMLMLLHLFFAO58CA,仁愛段,4.19,都市：工
RPRNMLMLLHLFFAO58CA,仁愛段,184.00,都市：工
RPRNMLMLLHLFFAO58CA,仁愛段,54.65,都市：工
RPWNMLSKLHLFFAO96CA,和平段,27.22,都市：住
RPSOMLSKLHLFFAO66CA,和平段,27.22,都市：住
RPXNMLSKLHLFFAO07CA,和平段,20.88,都市：住
RPVNMLSKLHLFFAO86CA,和平段,22.41,都市：住
RPPOMLSKLHLFFAO98CA,和平段,20.88,都市：住
RPOOMLSKLHLFFAO88CA,和平段,22.41,都市：住
RPROMLSKLHLFFAO56CA,和平段,27.22,都市：住
RPQOMLSKLHLFFAO09CA,和平段,26.34,都市：住
RPUOMLSKLHLFFAO86CA,和平段,20.88,都市：住
RPTPMLSKLHLFFAO86CA,和平段,22.41,都市：住
RPTOMLSKLHLFFAO76CA,和平段,28.75,都市：住
RPOPMLSKLHLFFAO98CA,和平段,27.22,都市：住
RPSPMLSKLHLFFAO76CA,和平段,20.88,都市：住
RPRPMLSKLHLFFAO66CA,和平段,22.41,都市：住
RPWOMLSKLHLFFAO07CA,和平段,22.41,都市：住
RPVOMLSKLHLFFAO96CA,和平段,20.88,都市：住
RPXOMLSKLHLFFAO17CA,和平段,27.22,都市：住
RPPPMLSKLHLFFAO09CA,和平段,22.41,都市：住
RPVNMLMLLHLFFAO98CA,自由段,28.90,都市：住
RPVNMLMLLHLFFAO98CA,自由段,1.81,都市：其他
RPUPMLSKLHLFFAO96CA,和平段,20.88,都市：住
RPWPMLSKLHLFFAO17CA,和平段,27.22,都市：住
RPVPMLSKLHLFFAO07CA,和平段,27.22,都市：住
RPPQMLSKLHLFFAO56CA,和平段,20.88,都市：住
RPXPMLSKLHLFFAO27CA,和平段,27.22,都市：住
RPOQMLSKLHLFFAO09CA,和平段,20.88,都市：住
RPWNMLPKMHLFFAO76CA,水源段,100.42,非都市：特定農業區 ; 非都市編定：農牧用地
RPWNMLPKMHLFFAO76CA,水源段,222.57,非都市：特定農業區 ; 非都市編定：農牧用地
RPTOMLQKLHLFFAO56CA,南華段,37.60,都市：住
RPTSMLRKLHLFFAO07CA,自由段,11.50,都市：住
RPTSMLRKLHLFFAO07CA,自由段,10.80,都市：住
RPWRMLRKLHLFFAO27CA,仙宮段,18.65,都市：住
RPWRMLRKLHLFFAO27CA,仙宮段,.15,都市：住
RPWRMLRKLHLFFAO27CA,仙宮段,5.67,都市：住
RPWRMLRKLHLFFAO27CA,仙宮段,9.14,都市：住
RPVOMLQKLHLFFAO76CA,成功段,24.69,都市：住
RPVOMLQKLHLFFAO76CA,大學段,.30,都市：住
RPQQMLSKLHLFFAO66CA,茄苳段,10.35,非都市：山坡地保育區 ; 非都市編定：丙種建築用地
RPQQMLSKLHLFFAO66CA,茄苳段,3.07,非都市：山坡地保育區 ; 非都市編定：丙種建築用地
RPXNMLPKLHLFFAO76CA,國道段,14.64,都市：商
RPSSMLRKLHLFFAO96CA,武陵段,3.00,都市：住
RPVNMLQKLHLFFAO86EA,崙子段,44.81,都市：住
RPXOMLQKLHLFFAO96CA,金山段,18.57,都市：住
RPSOMLPKLHLFFAO98CA,民主段一小段,5.82,都市：商
RPPNMLOLLHLFFAO58CA,光武段,29.61,都市：住
RPQNMLOLLHLFFAO68CA,崙子段,47.59,都市：住
RPVPMLSLMHLFFAO27CA,自由段,10.80,都市：住
RPVPMLSLMHLFFAO27CA,自由段,11.50,都市：住
RPXRMLRKLHLFFAO37CA,翠湖段,79.81,都市：其他
RPXRMLRKLHLFFAO37CA,翠湖段,189.02,都市：其他
RPXRMLRKLHLFFAO37CA,翠湖段,11.97,都市：其他
RPXRMLRKLHLFFAO37CA,翠湖段,.79,都市：其他
RPXRMLRKLHLFFAO37CA,翠湖段,.03,都市：其他
RPRRMLRKLHLFFAO76CA,水源段,34.73,非都市：特定農業區 ; 非都市編定：農牧用地
RPURMLRKLHLFFAO07CA,復興段,22.79,都市：住
RPXQMLRKLHLFFAO27CA,茄苳段,3.03,非都市：山坡地保育區 ; 非都市編定：丙種建築用地
RPXQMLRKLHLFFAO27CA,茄苳段,10.32,非都市：山坡地保育區 ; 非都市編定：丙種建築用地
RPUNMLSJMHLFFAO76CA,柴橋段,1.86,都市：其他
RPUNMLSJMHLFFAO76CA,柴橋段,.02,都市：其他
RPUNMLSJMHLFFAO76CA,柴橋段,390.04,都市：其他
RPXNMLQKLHLFFAO86CA,國道段,26.99,都市：住
RPORMLSKLHLFFAO56CA,茄苳段,21.61,非都市：山坡地保育區 ; 非都市編定：丙種建築用地
RPOPMLRJMHLFFAO88CA,柴橋段,6.06,都市：住
RPTOMLPLLHLFFAO56CA,光復段,49.58,都市：住
RPSRMLSKLHLFFAO96CA,中雅段,6.45,都市：住
RPSRMLSKLHLFFAO96CA,崙子段,.21,都市：住
RPUNMLPLLHLFFAO56CA,國道段,19.64,都市：住
RPXNMLTLLHLFFAO27CA,民富段,18.54,都市：住
RPWNMLLLLHLFFAO98CA,竹港段,58.77,都市：住
RPPNMLSKLHLFFAO88CA,民富段,7.54,都市：商
RPTNMLKMLHLFFAO68CA,唐高段,25.93,都市：住
RPSNMLKMLHLFFAO58CA,西濱段,27.39,都市：住
RPROMLMLLHLFFAO88EA,成德段,52.64,都市：住
RPVOMLMLLHLFFAO66EA,崙子段,47.59,都市：住
RPTPMLQJMHLFFAO66CA,民富段,.74,都市：住
RPTPMLQJMHLFFAO66CA,民富段,12.03,都市：商
RPTPMLQJMHLFFAO66CA,民富段,.05,都市：住
RPRPMLQJMHLFFAO09CA,民富段,.61,都市：住
RPRPMLQJMHLFFAO09CA,民富段,9.87,都市：商
RPRPMLQJMHLFFAO09CA,民富段,.04,都市：住
RPQNMLQJMHLFFAO78CA,水源段,43.34,非都市：特定農業區 ; 非都市編定：甲種建築用地
RPRNMLQJMHLFFAO88CA,水源段,43.34,非都市：特定農業區 ; 非都市編定：甲種建築用地
RPSNMLQJMHLFFAO98CA,親仁段二小段,10.37,都市：住
RPQPMLQJMHLFFAO98CA,民富段,.74,都市：住
RPQPMLQJMHLFFAO98CA,民富段,12.04,都市：商
RPQPMLQJMHLFFAO98CA,民富段,.05,都市：住
RPSPMLQJMHLFFAO56CA,民富段,.74,都市：住
RPSPMLQJMHLFFAO56CA,民富段,12.03,都市：商
RPSPMLQJMHLFFAO56CA,民富段,.05,都市：住
RPQNMLLLLHLFFAO48DA,光武段,38.54,都市：住
RPTNMLOJNHLFFAO98CA,高翠段,74.81,都市：住
RPTNMLOJNHLFFAO98CA,高翠段,1.30,都市：住
RPPNMLMLLHLFFAO38CA,武陵段,17.50,都市：住
RPROMLQJMHLFFAO98CA,國道段,20.71,都市：住
RPRNMLNLLHLFFAO68CA,成德段,7.54,都市：住
RPRNMLNLLHLFFAO68CA,成德段,32.01,都市：住
RPSNMLNLLHLFFAO78CA,成德段,7.54,都市：住
RPSNMLNLLHLFFAO78CA,成德段,32.01,都市：住
RPUQMLNJNHLFFAO66CA,長春段,11.46,都市：住
RPUQMLNJNHLFFAO66CA,長春段,19.43,都市：住
RPVOMLLJMHLFFAO88CA,光武段,10.91,都市：住
RPXNMLLKMHLFFAO09CA,和平段,16.26,都市：住
RPWNMLLMLHLFFAO09CA,武陵段,34.01,都市：住
RPTNMLLKMHLFFAO68CA,光武段,22.21,都市：住
RPUPMLPLLHLFFAO76CA,崙子段,29.37,都市：住
RPQNMLTLLHLFFAO56CA,高翠段,127.61,都市：住
RPROMLLMLHLFFAO68CA,茄苳段,26.46,非都市：山坡地保育區 ; 非都市編定：丙種建築用地
RPROMLLMLHLFFAO68CA,茄苳段,92.41,非都市：山坡地保育區 ; 非都市編定：丙種建築用地
RPXNMLQLLHLFFAO96CA,光復段,25.77,都市：住
RPRPMLSLLHLFFAO76CA,東濱段,43.91,都市：住
RPRPMLSLLHLFFAO76CA,東濱段,21.31,都市：住
RPRPMLSLLHLFFAO76CA,東濱段,6.79,都市：住
RPSPMLKMLHLFFAO78CA,光武段,38.81,都市：住
RPTNMLPLLHLFFAO09CA,聚吉段,5.16,都市：商
RPOOMLKMLHLFFAO28CA,崙子段,46.20,都市：住
RPPQMLSLLHLFFAO66CA,新興段,25.95,都市：其他
RPXOMLSLLHLFFAO27CA,東濱段,63.38,都市：住
RPXOMLSLLHLFFAO27CA,東濱段,21.31,都市：住
RPXOMLSLLHLFFAO27CA,東濱段,6.79,都市：住
RPQNMLSLLHLFFAO09CA,南湖段,46.70,非都市：山坡地保育區 ; 非都市編定：丙種建築用地
RPQNMLSLLHLFFAO09CA,南湖段,1.27,非都市：山坡地保育區 ; 非都市編定：丙種建築用地
RPUPMLSLLHLFFAO07CA,大庄段,.56,都市：住
RPUPMLSLLHLFFAO07CA,大庄段,4.25,都市：住
RPUPMLSLLHLFFAO07CA,大庄段,.86,都市：住
RPTNMLSLLHLFFAO76CA,北門段,52.25,都市：其他
RPTNMLSLLHLFFAO76CA,北門段,.04,都市：其他
RPTNMLSLLHLFFAO76CA,北門段,.24,都市：其他
RPVOMLSLLHLFFAO07CA,中隘段,120.58,非都市：山坡地保育區 ; 非都市編定：丙種建築用地
RPVOMLSLLHLFFAO07CA,中隘段,2.58,非都市：山坡地保育區 ; 非都市編定：丙種建築用地
RPVOMLSLLHLFFAO07CA,中隘段,.14,非都市：山坡地保育區 ; 非都市編定：丙種建築用地
RPVOMLSLLHLFFAO07CA,中隘段,2.95,非都市：山坡地保育區 ; 非都市編定：丙種建築用地
RPVOMLSLLHLFFAO07CA,中隘段,5.47,非都市：山坡地保育區 ; 非都市編定：丙種建築用地
RPVOMLSLLHLFFAO07CA,中隘段,1.90,非都市：山坡地保育區 ; 非都市編定：丙種建築用地
RPVOMLSLLHLFFAO07CA,中隘段,21.39,非都市：山坡地保育區 ; 非都市編定：丙種建築用地
RPXNMLNLLHLFFAO66CA,東橋段,18.86,都市：住
RPXNMLNLLHLFFAO66CA,東橋段,.49,都市：住
RPOOMLLKMHLFFAO28CA,武陵段,.83,都市：住
RPOOMLLKMHLFFAO28CA,武陵段,34.01,都市：住
RPXNMLNLLHLFFAO66CA,東橋段,8.19,都市：住
RPXNMLNLLHLFFAO66CA,東橋段,1.57,都市：住
RPXNMLNLLHLFFAO66CA,東橋段,.26,都市：住
RPOOMLLKMHLFFAO28CA,武陵段,.30,都市：住
RPOOMLLKMHLFFAO28CA,武陵段,.94,都市：住
RPUOMLNLLHLFFAO09CA,長春段,28.30,都市：住
RPQNMLSJMHLFFAO98CA,西濱段,10.77,都市：住
RPQNMLMLLHLFFAO48CA,信義段,8.96,都市：其他
RPTRMLSKLHLFFAO07CA,麗園段,79.78,非都市：特定農業區 ; 非都市編定：甲種建築用地
RPTRMLSKLHLFFAO07CA,麗園段,74.68,非都市：特定農業區 ; 非都市編定：甲種建築用地
RPOOMLLLLHLFFAO28CA,西濱段,11.74,都市：住
RPSNMLMLLHLFFAO68CA,科學段一小段,83.00,都市：住
RPRNMLLJMHLFFAO38CA,東光段,21.81,都市：商
RPPNMLLLLHLFFAO38DA,隆恩段,181.20,非都市：特定農業區 ; 非都市編定：農牧用地
RPUOMLMLLHLFFAO98CA,大庄段,1.69,都市：住
RPUOMLMLLHLFFAO98CA,大庄段,5.15,都市：住
RPRNMLLLLHLFFAO58DA,東香段,.98,非都市：山坡地保育區 ; 非都市編定：丙種建築用地
RPRNMLLLLHLFFAO58DA,東香段,.03,非都市：山坡地保育區 ; 非都市編定：丙種建築用地
RPRNMLLLLHLFFAO58DA,東香段,.47,非都市：山坡地保育區 ; 非都市編定：丙種建築用地
RPRNMLLLLHLFFAO58DA,東香段,.08,非都市：山坡地保育區 ; 非都市編定：丙種建築用地
RPRNMLLLLHLFFAO58DA,東香段,1.19,非都市：山坡地保育區 ; 非都市編定：丙種建築用地
RPRNMLLLLHLFFAO58DA,東香段,5.07,非都市：山坡地保育區 ; 非都市編定：丙種建築用地
RPRNMLLLLHLFFAO58DA,東香段,32.39,非都市：山坡地保育區 ; 非都市編定：丙種建築用地
RPOOMLPKMHLFFAO68CA,科學段一小段,115.80,都市：住
RPQOMLNLLHLFFAO78DA,新興段一小段,12.54,都市：住
RPOPMLNLLHLFFAO68DA,自由段,24.89,都市：住
RPTNMLSJMHLFFAO66CA,南華段,11.88,都市：住
RPQOMLNLLHLFFAO78DA,新興段一小段,4.77,都市：住
RPWNMLMKMHLFFAO66EA,南門段三小段,6.06,都市：商
RPQOMLLLLHLFFAO48CA,中華段,19.64,都市：其他
RPOOMLMLLHLFFAO48DA,東山段一小段,25.40,都市：住
RPVNMLLLLHLFFAO88CA,金山段,67.27,都市：住
RPROMLLLLHLFFAO58CA,光華段,1.73,都市：住
RPROMLLLLHLFFAO58CA,光華段,.08,都市：商
RPROMLLLLHLFFAO58CA,光華段,5.69,都市：商
RPROMLLLLHLFFAO58CA,光華段,.07,都市：其他
RPROMLPLLHLFFAO98CA,聚吉段,9.78,都市：商
RPWOMLMLLHLFFAO56CA,東明段,26.59,都市：住
RPPNMLPLLHLFFAO68CA,民主段,9.15,都市：其他
RPPNMLPLLHLFFAO68CA,民主段,19.38,都市：住
RPRQMLNJNHLFFAO98CA,自由段,18.00,都市：住
RPUOMLOKMHLFFAO56CA,中寮段,34.38,都市：住
RPSNMLQLLHLFFAO09CA,竹港段,16.51,都市：商
RPWOMLOLLHLFFAO76CA,武陵段,.15,都市：其他
RPWOMLOLLHLFFAO76CA,武陵段,8.07,都市：其他
RPUNMLQLLHLFFAO66CA,竹港段,18.32,都市：商
RPVNMLQLLHLFFAO76CA,竹港段,16.00,都市：商
RPWNMLQLLHLFFAO86CA,竹港段,18.58,都市：商
RPVPMLSLLHLFFAO17CA,成功段,17.32,都市：住
RPVPMLSLLHLFFAO17CA,大學段,.21,都市：住
RPXPMLSLLHLFFAO37CA,大學段,6.97,都市：住
RPPNMLRJNHLFFAO88CA,竹蓮段,134.00,都市：住
RPPNMLRJNHLFFAO88CA,竹蓮段,33.00,都市：住
RPUOMLSLLHLFFAO96CA,和平段,11.19,都市：住
RPWPMLKMLHLFFAO56CA,仙水段,114.96,都市：住
RPOQMLSLLHLFFAO56CA,國道段,24.67,都市：住
RPQNMLKMLHLFFAO38CA,大學段,21.54,都市：住
RPWOMLNLLHLFFAO66CA,南門段四小段,3.81,都市：商
RPWOMLNLLHLFFAO66CA,南門段四小段,15.47,都市：商
RPOPMLQJMHLFFAO78CA,武陵段,54.30,都市：住
RPUPMLKMLHLFFAO98CA,自由段,45.92,都市：住
RPROMLRJMHLFFAO09CA,崙子段,53.50,都市：住
RPUOMLTLLHLFFAO07CA,長春段,14.14,都市：住
RPUOMLTLLHLFFAO07CA,長春段,23.98,都市：住
RPUOMLKMLHLFFAO88CA,中雅段,6.45,都市：住
RPUOMLKMLHLFFAO88CA,崙子段,.21,都市：住
RPTPMLKMLHLFFAO88CA,光武段,37.08,都市：住
RPTPMLKMLHLFFAO88CA,光武段,5.22,都市：住
RPTPMLKMLHLFFAO88CA,光武段,1.89,都市：住
RPVNMLLJMHLFFAO78CA,新港段,18.21,都市：商
RPUNMLLJMHLFFAO68CA,新港段,18.20,都市：商
RPXNMLLJMHLFFAO98CA,新港段,18.21,都市：商
RPOOMLLJMHLFFAO18CA,新港段,18.21,都市：商
RPXOMLLJMHLFFAO09CA,新港段,18.20,都市：商
RPSOMLLMLHLFFAO78CA,建華段,21.67,都市：其他
RPTPMLQJOHLFFAO86CA,民富段,27.00,都市：住
RPTPMLQJOHLFFAO86CA,民富段,2.00,都市：其他
RPTPMLQJOHLFFAO86CA,民富段,59.00,都市：住
RPTPMLQJOHLFFAO86CA,民富段,3.00,都市：住
RPTPMLQJOHLFFAO86CA,民富段,.47,都市：其他
RPTPMLQJOHLFFAO86CA,民富段,5.00,都市：其他
RPUOMLLMLHLFFAO98CA,信義段,29.91,都市：住
RPPPMLLMLHLFFAO58CA,信義段,22.15,都市：住
RPXOMLLMLHLFFAO66CA,信義段,22.43,都市：住
RPWOMLLMLHLFFAO56CA,信義段,22.43,都市：住
RPOPMLLMLHLFFAO48CA,信義段,22.15,都市：住
RPRNMLRJMHLFFAO98CA,光復段,79.00,都市：工
RPUNMLLMLHLFFAO88CA,自由段,18.00,都市：住
RPXPMLLJMHLFFAO56CA,新港段,18.20,都市：商
RPQQMLLJMHLFFAO58CA,新港段,18.20,都市：商
RPRQMLLJMHLFFAO68CA,新港段,18.20,都市：商
RPROMLOLLHLFFAO98DA,聚吉段,.46,都市：住
RPROMLOLLHLFFAO98DA,聚吉段,1.57,都市：其他
RPSQMLLJMHLFFAO78CA,新港段,18.21,都市：商
RPOQMLKMLHLFFAO48CA,北門段,86.00,都市：住
RPOQMLKMLHLFFAO48CA,北門段,7.00,都市：其他
RPOQMLLMLHLFFAO58CA,武陵段,54.30,都市：住
RPQNMLTJMHLFFAO09CA,光鎮段,84.59,都市：住
RPQNMLTJMHLFFAO09CA,光鎮段,65.67,都市：住
RPSPMLLJMHLFFAO68CA,國道段,29.18,都市：住
RPSNMLLKMHLFFAO58CA,三姓段,6.68,都市：商
RPSNMLLKMHLFFAO58CA,三姓段,.12,都市：工
RPTOMLNLLHLFFAO98CA,中雅段,54.00,都市：住
RPPQMLNJNHLFFAO78CA,西門段一小段,23.96,都市：商
RPSPMLOKMHLFFAO09CA,光武段,23.22,都市：住
RPWNMLOLLHLFFAO66CA,民富段,40.50,都市：住
RPWNMLOLLHLFFAO66CA,民富段,40.50,都市：住
RPSPMLLKMHLFFAO78CA,新港段,13.03,都市：住
RPPOMLOLLHLFFAO68CA,民富段,66.00,都市：住
RPPNMLRLLHLFFAO88CA,樹下段,17.46,非都市：鄉村區 ; 非都市編定：乙種建築用地
RPPNMLRLLHLFFAO88CA,樹下段,47.83,非都市：鄉村區 ; 非都市編定：乙種建築用地
RPTOMLOLLHLFFAO09CA,新興段,114.00,都市：住
RPVOMLOLLHLFFAO66CA,東門段一小段,5.12,都市：其他
RPUNMLSLLHLFFAO86CA,東光段,6.29,都市：其他
RPUNMLSLLHLFFAO86CA,南門段二小段,3.30,都市：其他
RPRPMLNJNHLFFAO88CA,民富段,19.60,都市：住
RPSPMLPLLHLFFAO56CA,中雅段,15.46,都市：商
RPSPMLPLLHLFFAO56CA,崙子段,.33,都市：商
RPWOMLPLLHLFFAO86CA,東山段一小段,8.14,都市：住
RPVNMLSLLHLFFAO96CA,信義段,1.43,都市：其他
RPTPMLPLLHLFFAO66CA,大庄段,2.14,都市：其他
RPTPMLPLLHLFFAO66CA,大庄段,6.48,都市：住
RPPOMLPLLHLFFAO78CA,大庄段,1.62,都市：住
RPPOMLPLLHLFFAO78CA,大庄段,4.93,都市：住
RPOOMLPLLHLFFAO68CA,長春段,4.26,都市：其他
RPTOMLNKMHLFFAO98CA,科學段一小段,82.99,都市：住
RPVOMLQKOHLFFAO07CA,新港段,18.21,都市：商
RPTOMLQKOHLFFAO86CA,新港段,18.20,都市：商
RPPPMLSLLHLFFAO56CA,朝山段,17.34,都市：住
RPPPMLSLLHLFFAO56CA,朝山段,62.63,都市：住
RPROMLQKOHLFFAO66CA,新港段,18.21,都市：商
RPSNMLPJMHLFFAO88CA,南興段,186.91,非都市：山坡地保育區 ; 非都市編定：農牧用地
RPSNMLPJMHLFFAO88CA,南興段,88.45,非都市：山坡地保育區 ; 非都市編定：農牧用地
RPPPMLLKMHLFFAO68EA,西門段一小段,5.00,都市：商
RPPPMLLKMHLFFAO68EA,西門段一小段,12.00,都市：商
RPRQMLPLLHLFFAO56CA,光武段,21.26,都市：住
RPQNMLRLLHLFFAO98CA,國道段,20.75,都市：住
RPPNMLPJMHLFFAO68DA,光鎮段,100.81,都市：住
RPOPMLPLLHLFFAO88DA,香中段,24.04,都市：住
RPOPMLPLLHLFFAO88DA,香中段,56.65,都市：住
RPOPMLPLLHLFFAO88DA,香中段,1.48,都市：住
RPPNMLQJMHLFFAO68CA,南門段二小段,32.00,都市：商
RPUNMLPJMHLFFAO09CA,關東段,12.67,都市：住
RPTOMLLJMHLFFAO68CA,崙子段,53.50,都市：住
RPUNMLNKMHLFFAO98CA,國道段,17.03,都市：商
RPUOMLMKMHLFFAO98CA,和平段,22.38,都市：住
RPTNMLSKMHLFFAO76CA,東明段,29.07,都市：其他
RPQNMLTKMHLFFAO56CA,崙子段,46.55,都市：住
RPWNMLSJMHLFFAO96CA,崙子段,25.99,非都市：鄉村區 ; 非都市編定：乙種建築用地
RPVOMLMKMHLFFAO09CA,光復段,49.58,都市：住
RPVNMLLKMHLFFAO88CA,自由段,39.74,都市：住
RPXNMLSJMHLFFAO07CA,崙子段,25.99,非都市：鄉村區 ; 非都市編定：乙種建築用地
RPWOMLSLLHLFFAO17CA,長春段,.86,都市：住
RPWOMLSLLHLFFAO17CA,長春段,14.39,都市：住
RPUNMLTLLHLFFAO96CA,長春段,24.07,都市：住
RPOOMLKKNHLFFAO48EA,東門段三小段,78.00,都市：商
RPRNMLPJMHLFFAO78CA,自由段,28.35,都市：住
RPQPMLMLMHLFFAO78CA,崙子段,46.20,都市：住
RPWNMLSLLHLFFAO07CA,曲溪段,31.79,都市：住
RPXPMLKMLHLFFAO66CA,虎山段,26.42,非都市：鄉村區 ; 非都市編定：乙種建築用地
RPOOMLSLLHLFFAO98CA,和平段,20.88,都市：住
RPPOMLSLLHLFFAO09CA,和平段,22.41,都市：住
RPROMLSLLHLFFAO66CA,和平段,27.22,都市：住
RPQOMLSLLHLFFAO56CA,和平段,22.41,都市：住
RPTOMLSLLHLFFAO86CA,和平段,20.88,都市：住
RPSOMLSLLHLFFAO76CA,和平段,27.22,都市：住
RPPNMLSLLHLFFAO98CA,光華段,1.68,都市：住
RPVNMLKMLHLFFAO88CA,北門段,10.57,都市：商
RPTPMLLMLHLFFAO98CA,武陵段,2.91,都市：其他
RPQPMLSLLHLFFAO66CA,自由段,21.00,都市：住
RPVOMLTLLHLFFAO17CA,聚吉段,4.39,都市：其他
RPROMLKMLHLFFAO58CA,五福段,23.59,非都市：山坡地保育區 ; 非都市編定：丙種建築用地
RPROMLKMLHLFFAO58CA,五福段,53.48,非都市：山坡地保育區 ; 非都市編定：丙種建築用地
RPUNMLRJMHLFFAO66CA,長春段,9.96,都市：住
RPQOMLLJMHLFFAO38CA,關東段,12.39,都市：住
RPQNMLLMLHLFFAO48CA,麗園段,174.17,非都市：山坡地保育區 ; 非都市編定：農牧用地
RPSPMLLMLHLFFAO88CA,信義段,17.44,都市：住
RPUPMLQJMHLFFAO76CA,崙子段,45.16,都市：住
RPRNMLPKMHLFFAO88CA,長春段,6.24,都市：住
RPQPMLLMLHLFFAO68CA,信義段,29.63,都市：住
RPWNMLSKMHLFFAO07CA,自由段,24.80,都市：住
RPPNMLTKMHLFFAO09CA,崙子段,53.50,都市：住
RPXNMLTKMHLFFAO27CA,崙子段,25.99,非都市：鄉村區 ; 非都市編定：乙種建築用地
RPXNMLTKMHLFFAO27CA,崙子段,1.75,非都市：鄉村區 ; 非都市編定：乙種建築用地
RPXNMLTKMHLFFAO27CA,崙子段,.92,非都市：鄉村區 ; 非都市編定：乙種建築用地
RPQNMLOJMHLFFAO58CA,舊社段,27.21,都市：其他
RPPNMLOJMHLFFAO48CA,光復段,28.66,都市：住
RPPOMLPKMHLFFAO78CA,水源段,550.25,非都市：特定農業區 ; 非都市編定：農牧用地
RPRNMLKMLHLFFAO68EA,東山段一小段,.22,都市：住
RPRNMLKMLHLFFAO68EA,東山段一小段,5.19,都市：其他
RPQPMLTKMHLFFAO76CA,信義段,29.91,都市：住
RPPNMLTLLHLFFAO66EA,香中段,81.06,都市：住
RPXOMLRJMHLFFAO17DA,中寮段,105.11,都市：住
RPXOMLRJMHLFFAO17DA,中寮段,112.69,都市：住
RPXOMLRJMHLFFAO17DA,中寮段,21.07,都市：住
RPVNMLMKMHLFFAO09DA,南寮段,27.12,都市：住
RPTPMLSKMHLFFAO17EA,中央段,5.17,都市：商
RPUNMLNJNHLFFAO56EA,崙子段,45.51,都市：住
RPPNMLSJMHLFFAO88CA,舊社段,18.71,非都市：特定農業區 ; 非都市編定：農牧用地
RPPNMLSJMHLFFAO88CA,舊社段,16.67,非都市：特定農業區 ; 非都市編定：農牧用地
RPPNMLSJMHLFFAO88CA,舊社段,53.45,非都市：特定農業區 ; 非都市編定：農牧用地
RPPNMLSJMHLFFAO88CA,舊社段,156.29,非都市：特定農業區 ; 非都市編定：農牧用地
RPRNMLLKMHLFFAO48CA,隆恩段,1462.14,非都市：特定農業區 ; 非都市編定：農牧用地
RPRNMLLKMHLFFAO48CA,水源段,63.13,非都市：特定農業區 ; 非都市編定：農牧用地
RPRNMLLKMHLFFAO48CA,水源段,80.27,非都市：特定農業區 ; 非都市編定：農牧用地
RPRNMLLKMHLFFAO48CA,水源段,5.18,非都市：特定農業區 ; 非都市編定：農牧用地
RPRNMLLKMHLFFAO48CA,水源段,112.97,非都市：特定農業區 ; 非都市編定：農牧用地
RPRNMLLKMHLFFAO48CA,水源段,55.37,非都市：特定農業區 ; 非都市編定：農牧用地
RPRNMLLKMHLFFAO48CA,水源段,27.60,非都市：特定農業區 ; 非都市編定：農牧用地
RPRNMLLKMHLFFAO48CA,水源段,56.83,非都市：特定農業區 ; 非都市編定：甲種建築用地
RPRNMLLKMHLFFAO48CA,水源段,34.10,非都市：特定農業區 ; 非都市編定：甲種建築用地
RPRNMLLKMHLFFAO48CA,水源段,25.36,非都市：特定農業區 ; 非都市編定：甲種建築用地
RPRNMLLKMHLFFAO48CA,水源段,2.44,非都市：特定農業區 ; 非都市編定：甲種建築用地
RPRNMLLKMHLFFAO48CA,水源段,9.77,非都市：特定農業區 ; 非都市編定：甲種建築用地
RPRNMLLKMHLFFAO48CA,水源段,60.25,非都市：特定農業區 ; 非都市編定：甲種建築用地
RPRNMLLKMHLFFAO48CA,水源段,14.37,非都市：特定農業區 ; 非都市編定：農牧用地
RPRNMLLKMHLFFAO48CA,水源段,10.16,非都市：特定農業區 ; 非都市編定：農牧用地
RPRNMLLKMHLFFAO48CA,水源段,175.82,非都市：特定農業區 ; 非都市編定：農牧用地
RPRNMLLKMHLFFAO48CA,水源段,35.10,非都市：特定農業區 ; 非都市編定：農牧用地
RPRNMLLKMHLFFAO48CA,水源段,32.16,非都市：特定農業區 ; 非都市編定：農牧用地
RPRNMLLKMHLFFAO48CA,光復段,5.42,非都市：一般農業區 ; 非都市編定：農牧用地
RPRNMLLKMHLFFAO48CA,光復段,1.67,非都市：一般農業區 ; 非都市編定：農牧用地
RPRNMLLKMHLFFAO48CA,光復段,508.00,非都市：一般農業區 ; 非都市編定：水利用地
RPOOMLLMLHLFFAO38CA,北門段,2.10,都市：商
RPOOMLLMLHLFFAO38CA,北門段,.33,都市：住
RPTNMLLMLHLFFAO78CA,金山段,33.32,都市：住
RPTNMLLMLHLFFAO78CA,金山段,16.60,都市：住
RPTPMLLKMHLFFAO88CA,朝山段,.24,都市：住
RPTPMLLKMHLFFAO88CA,朝山段,6.33,都市：住
RPTPMLLKMHLFFAO88CA,朝山段,8.12,都市：住
RPWQMLLJMHLFFAO56CA,東明段,22.98,都市：其他
RPUQMLLJMHLFFAO98CA,東明段,27.88,都市：其他
RPPOMLKMLHLFFAO38CA,東明段,15.00,都市：其他
RPPPMLKMLHLFFAO48CA,水源段,330.58,非都市：特定農業區 ; 非都市編定：農牧用地
RPUOMLLKMHLFFAO88CA,柴橋段,14.10,都市：其他
RPWNMLNKMHLFFAO56CA,武陵段,20.51,都市：其他
RPWNMLNKMHLFFAO56CA,武陵段,.46,都市：其他
RPRNMLNKMHLFFAO68CA,西門段一小段,6.90,都市：商
RPVOMLNKMHLFFAO56CA,關東段,14.17,都市：商
RPSNMLRJMHLFFAO09CA,崙子段,42.00,都市：住
RPPNMLSKMHLFFAO98CA,明湖段,519.19,非都市：山坡地保育區 ; 非都市編定：丙種建築用地
RPRPMLKMLHLFFAO68CA,成德段,26.82,都市：住
RPRPMLKMLHLFFAO68CA,成德段,1.41,都市：其他
RPXNMLLMLHLFFAO56CA,民富段,59.00,都市：商
RPRPMLLMLHLFFAO78CA,關東段,10.88,都市：商
RPQPMLLJMHLFFAO48CA,自由段,11.00,都市：住
RPSOMLLJMHLFFAO58CA,光復段,56.82,都市：住
RPVPMLQJMHLFFAO86CA,光武段,35.86,都市：住
RPQOMLQJNHLFFAO98CA,東濱段,277.31,都市：住
RPUOMLTKMHLFFAO07CA,介壽段,25.75,都市：其他
RPROMLPKMHLFFAO98CA,國道段,21.77,都市：住
RPOPMLLKMHLFFAO58EA,虎山段,97.38,非都市：鄉村區 ; 非都市編定：乙種建築用地
RPWNMLQLMHLFFAO96CA,崙子段,52.46,都市：住
RPPNMLRJMHLFFAO78CA,東香段,11.98,非都市：山坡地保育區 ; 非都市編定：丙種建築用地
RPPNMLRJMHLFFAO78CA,東香段,.47,非都市：山坡地保育區 ; 非都市編定：丙種建築用地
RPVNMLPJMHLFFAO56CA,東明段,8.12,都市：其他
RPUOMLLJMHLFFAO78CA,大學段,29.96,都市：住
RPTNMLQJMHLFFAO09CA,大學段,68.80,都市：住
RPTNMLQJMHLFFAO09CA,大學段,23.80,都市：住
RPPOMLQJMHLFFAO78CA,武陵段,.15,都市：其他
RPPOMLQJMHLFFAO78CA,武陵段,8.07,都市：其他
RPTPMLLJMHLFFAO78CA,育賢段,27.70,都市：住
RPRPMLLJMHLFFAO58CA,崙子段,19.60,非都市：鄉村區 ; 非都市編定：乙種建築用地
RPPOMLLJMHLFFAO28CA,千甲段,1.65,都市：農
RPPOMLLJMHLFFAO28CA,千甲段,72.45,都市：農
RPWNMLKLMHLFFAO98CA,光復段,25.53,都市：住
RPQNMLLJMHLFFAO28CA,光武段,20.76,都市：住
RPVNMLNKMHLFFAO09CA,武陵段,12.62,都市：其他
RPVNMLNKMHLFFAO09CA,武陵段,.31,都市：其他
RPWOMLMKMHLFFAO56CA,南華段,33.32,都市：商
RPWPMLLKMHLFFAO56CA,自由段,27.87,都市：其他
RPVPMLLKMHLFFAO09CA,舊社段,130.00,非都市：特定農業區 ; 非都市編定：甲種建築用地
RPTOMLLKMHLFFAO78CA,柴橋段,14.10,都市：其他
RPTOMLSJMHLFFAO76CA,自由段,23.27,都市：住
RPVNMLRJMHLFFAO76CA,柴橋段,14.24,都市：其他
RPPOMLNKMHLFFAO58CA,和平段,11.19,都市：住
RPTOMLRJMHLFFAO66CA,崙子段,46.90,都市：住
RPUOMLRJMHLFFAO76CA,中山段三小段,28.23,都市：商
RPWNMLQJMHLFFAO76CA,和平段,6.56,都市：住
RPTQMLLJMHLFFAO88CA,關東段,27.58,都市：住
RPTOMLQJMHLFFAO56CA,新興段一小段,7.74,都市：住
RPQNMLRJMHLFFAO09EA,復中段,5.16,都市：商
RPWOMLQJMHLFFAO86CA,光復段,29.14,都市：住
RPPOMLLLMHLFFAO48CA,康樂段,33.03,都市：住
RPPOMLLLMHLFFAO48CA,康樂段,58.62,都市：住
RPOPMLQJMHLFFAO98EA,光華段,1.57,都市：住
RPOPMLQJMHLFFAO98EA,光華段,.07,都市：商
RPOPMLQJMHLFFAO98EA,光華段,5.18,都市：商
RPOPMLQJMHLFFAO98EA,光華段,.06,都市：其他
RPVQMLLJMHLFFAO66EA,復中段,5.16,都市：商
RPQPMLLLMHLFFAO68CA,和平段,19.70,都市：住
RPSNMLMLMHLFFAO78CA,香雅段,18.21,非都市：鄉村區 ; 非都市編定：乙種建築用地
RPSNMLMLMHLFFAO78CA,香雅段,.29,非都市：鄉村區 ; 非都市編定：乙種建築用地
RPSNMLMLMHLFFAO78CA,香雅段,.46,非都市：鄉村區 ; 非都市編定：乙種建築用地
RPSNMLMLMHLFFAO78CA,香雅段,100.94,非都市：鄉村區 ; 非都市編定：乙種建築用地
RPUOMLMLMHLFFAO09CA,中雅段,7.09,都市：住
RPUOMLMLMHLFFAO09CA,崙子段,.23,都市：住
RPVNMLSKMHLFFAO96CA,華江段,73.86,非都市：鄉村區 ; 非都市編定：乙種建築用地
RPUNMLSKMHLFFAO86CA,武陵段,8.30,都市：住
RPPNMLLLMHLFFAO38CA,長春段,7.00,都市：住
RPOQMLOLNHLFFAO98CA,竹蓮段,122.00,都市：住
RPQOMLPKMHLFFAO88CA,水源段,46.24,非都市：特定農業區 ; 非都市編定：農牧用地
RPSNMLPLMHLFFAO09CA,福林段,357.29,非都市：特定農業區 ; 非都市編定：農牧用地
RPRNMLTKMHLFFAO66CA,崙子段,48.29,都市：住
RPPOMLTKMHLFFAO56CA,自由段,98.00,都市：住
RPPPMLPKMHLFFAO88CA,福林段,6.64,都市：住
RPXNMLSKMHLFFAO17CA,和平段,32.68,都市：住
RPVPMLSKMHLFFAO17CA,西門段一小段,6.38,都市：商
RPRNMLSKMHLFFAO56CA,康朗段,12.24,都市：住
RPVPMLOLNHLFFAO96CA,北門段,4.47,都市：商
RPRPMLTLMHLFFAO96CA,柴橋段,14.10,都市：其他
RPPNMLTLMHLFFAO56CA,中寮段,49.64,都市：住
RPPNMLTLMHLFFAO56CA,中寮段,17.44,都市：住
RPPNMLTLMHLFFAO56CA,中寮段,9.35,都市：住
RPPNMLTLMHLFFAO56CA,中寮段,3.96,都市：住
RPTPMLNJNHLFFAO66EA,關東段,18.28,都市：商
RPTNMLRJMHLFFAO56CA,柑林段,24.28,非都市：山坡地保育區 ; 非都市編定：農牧用地
RPPOMLRJMHLFFAO88CA,香美段,85.65,都市：住
RPQOMLRJMHLFFAO98CA,西濱段,26.07,都市：住
RPRNMLNLMHLFFAO78CA,東明段,26.59,都市：其他
RPOOMLRJMHLFFAO78CA,茄苳段,50.56,非都市：山坡地保育區 ; 非都市編定：丙種建築用地
RPOOMLRJMHLFFAO78CA,茄苳段,12.52,非都市：山坡地保育區 ; 非都市編定：丙種建築用地
RPOPMLQJNHLFFAO09EA,西門段三小段,2.56,都市：商
RPQOMLNKMHLFFAO68CA,西濱段,8.23,都市：住
RPRNMLKKMHLFFAO38CA,光武段,85.00,都市：住
RPUPMLLKMHLFFAO98CA,光武段,32.64,都市：住
RPVOMLRJMHLFFAO86CA,崙子段,48.29,都市：住
RPSOMLMKMHLFFAO78CA,舊社段,22.01,都市：住
RPSOMLRJMHLFFAO56CA,長春段,14.38,都市：住
RPSOMLRJMHLFFAO56CA,長春段,24.38,都市：住
RPRNMLSJMHLFFAO09CA,光復段,4.80,都市：住
RPUNMLOKMHLFFAO09CA,新港段,18.20,都市：商
RPVNMLOKMHLFFAO56CA,新港段,18.20,都市：商
RPWNMLOKMHLFFAO66CA,新港段,18.21,都市：商
RPROMLNKMHLFFAO78CA,榮光段一小段,66.21,都市：其他
RPUPMLOKMHLFFAO66CA,關東段,13.33,都市：商
RPWOMLPKMHLFFAO86CA,新莊段,1.64,都市：住
RPWOMLPKMHLFFAO86CA,新莊段,9.75,都市：住
RPOQMLPLMHLFFAO98CA,和平段,612.00,都市：工
RPOOMLOKMHLFFAO58CA,新港段,18.21,都市：商
RPPOMLOKMHLFFAO68CA,新港段,18.21,都市：商
RPVNMLMKMHLFFAO56EA,崙子段,108.00,都市：住
RPVNMLMKMHLFFAO56EA,崙子段,42.00,都市：住
RPQOMLOKMHLFFAO78CA,新港段,18.20,都市：商
RPPNMLPLMHLFFAO88DA,介壽段,61.14,都市：住
RPPOMLKLMHLFFAO38CA,朝山段一小段,171.50,都市：住
RPOOMLKLMHLFFAO28CA,朝山段一小段,109.05,都市：住
RPOOMLTKMHLFFAO09CA,東光段,21.81,都市：商
RPWOMLPLMHLFFAO96CA,新興段,88.00,都市：住
RPXOMLLKMHLFFAO76EA,新興段,20.39,都市：其他
RPUNMLOJNHLFFAO09CA,海濱段,337.11,都市：農
RPUNMLOJNHLFFAO09CA,海濱段,4.79,都市：農
RPWPMLOKMHLFFAO86CA,光華段,13.38,都市：住
RPUOMLLLMHLFFAO98CA,民富段,.61,都市：住
RPUOMLLLMHLFFAO98CA,民富段,9.87,都市：商
RPUOMLLLMHLFFAO98CA,民富段,.04,都市：住
RPVOMLLLMHLFFAO09CA,民富段,1.13,都市：住
RPVOMLLLMHLFFAO09CA,民富段,18.36,都市：商
RPVOMLLLMHLFFAO09CA,民富段,.08,都市：住
RPROMLTKMHLFFAO96EA,光復段,25.77,都市：住
RPXNMLOKMHLFFAO76CA,武陵段,15.78,都市：其他
RPXNMLOKMHLFFAO76CA,武陵段,.31,都市：住
RPQNMLNKMHLFFAO58CA,崙子段,45.51,都市：住
RPSNMLMKMHLFFAO68CA,舊社段,44.83,都市：住
RPTNMLRKMHLFFAO66CA,南湖段,31.56,非都市：鄉村區 ; 非都市編定：乙種建築用地
RPSNMLNKMHLFFAO78CA,北門段,40.70,都市：住
SPOPMLSJKILFFAO56EA,長興段,61.53,都市：農
RPOPMLSJKILFFAO09EA,長興段,10.95,都市：農
RPQPMLLKMHLFFAO58CA,成德段,5.42,都市：住
RPTNMLNKMHLFFAO88CA,北門段,3.29,都市：住
RPTNMLNKMHLFFAO88CA,北門段,3.12,都市：商
RPOPMLMKMHLFFAO48CA,崙子段,47.59,都市：住
RPXPMLOKMHLFFAO96CA,中山段三小段,24.03,都市：商
RPXNMLMKMHLFFAO56CA,唐高段,27.10,都市：住
RPPNMLOKMHLFFAO58CA,崙子段,54.54,都市：住
RPQNMLMKMHLFFAO68EA,中央段,7.76,都市：住
RPQNMLMKMHLFFAO68EA,中央段,5.98,都市：住
RPRPMLLKMHLFFAO68CA,內湖段,2.63,非都市：山坡地保育區 ; 非都市編定：丙種建築用地
RPRPMLLKMHLFFAO68CA,內湖段,196.73,非都市：山坡地保育區 ; 非都市編定：丙種建築用地
RPRPMLLKMHLFFAO68CA,內湖段,32.25,非都市：山坡地保育區 ; 非都市編定：丙種建築用地
RPPNMLPKMHLFFAO78DA,崙子段,48.29,都市：住
RPPPMLMLMHLFFAO68CA,榮光段一小段,14.32,都市：商
RPSNMLOJNHLFFAO88CA,親仁段二小段,11.89,都市：住
RPXOMLOKMHLFFAO07EA,崙子段,46.90,都市：住
RPSNMLNLMHLFFAO88CA,唐高段,9.97,都市：住
RPSPMLMLMHLFFAO98CA,聚吉段,3.06,都市：住
RPSPMLMLMHLFFAO98CA,聚吉段,16.12,都市：商
RPXQMLSLMHLFFAO57CA,崙子段,54.54,都市：住
RPOPMLLLMHLFFAO48CA,中央段,10.12,都市：住
RPOPMLLLMHLFFAO48CA,中央段,13.61,都市：其他
RPQOMLSKMHLFFAO56CA,民主段一小段,9.57,都市：住
RPSPMLPKMHLFFAO56CA,崙子段,48.29,都市：住
RPTOMLSKMHLFFAO86CA,武陵段,.31,都市：其他
RPTOMLSKMHLFFAO86CA,武陵段,12.67,都市：其他
RPOOMLLLMHLFFAO38CA,光復段,25.53,都市：住
RPOOMLMJNHLFFAO38CA,信義段,22.43,都市：住
RPPOMLMJNHLFFAO48CA,信義段,22.15,都市：住
RPQOMLMJNHLFFAO58CA,信義段,22.15,都市：住
RPUOMLRLMHLFFAO96CA,竹港段,16.51,都市：商
RPRNMLPLMHLFFAO98CA,東光段,68.03,都市：其他
RPSPMLPLMHLFFAO66CA,五福段,153.57,都市：其他
RPTPMLPLMHLFFAO76CA,五福段,61.58,都市：工
RPPPMLPLMHLFFAO98CA,五福段,113.64,都市：工
RPWOMLNKMHLFFAO66CA,金山段,13.55,都市：住
RPUOMLNKMHLFFAO09CA,長春段,16.06,都市：其他
RPUOMLNKMHLFFAO09CA,長春段,.01,都市：住
RPUOMLNKMHLFFAO09CA,長春段,.01,都市：住
RPXNMLNKMHLFFAO66CA,仁愛段,179.00,都市：工
RPXNMLNKMHLFFAO66CA,仁愛段,.32,都市：工
RPXNMLNKMHLFFAO66CA,仁愛段,1.82,都市：工
RPXNMLNKMHLFFAO66CA,仁愛段,.06,都市：工
RPXNMLNKMHLFFAO66CA,仁愛段,73.21,都市：工
RPQNMLOKMHLFFAO68CA,金山段,85.54,都市：住
RPQPMLQJIILFFAO88EA,竹蓮段,35.42,都市：住
RPQOMLMLMHLFFAO68CA,舊社段,11.00,都市：住
RPPOMLMLMHLFFAO58CA,舊社段,100.00,都市：住
RPRNMLMJNHLFFAO78EA,武陵段,.31,都市：其他
RPRNMLMJNHLFFAO78EA,武陵段,14.20,都市：其他
RPVOMLMLMHLFFAO56CA,北門段,21.65,都市：住
RPTOMLMLMHLFFAO98CA,崙子段,25.99,非都市：鄉村區 ; 非都市編定：乙種建築用地
RPTOMLMLMHLFFAO98CA,崙子段,1.75,非都市：鄉村區 ; 非都市編定：乙種建築用地
RPTOMLMLMHLFFAO98CA,崙子段,.92,非都市：鄉村區 ; 非都市編定：乙種建築用地
RPSPMLLLMHLFFAO88CA,舊社段,9.43,都市：住
RPSPMLLLMHLFFAO88CA,舊社段,12.93,都市：住
RPSPMLLLMHLFFAO88CA,舊社段,1.79,都市：住
RPPNMLMJNHLFFAO38CA,水源段,43.34,非都市：特定農業區 ; 非都市編定：甲種建築用地
RPOOMLSKMHLFFAO09DA,武陵段,18.50,都市：住
RPOOMLSKMHLFFAO09DA,武陵段,73.00,都市：住
RPSSMLKLMHLFFAO09CA,光武段,21.46,都市：住
RPSNMLKLMHLFFAO58CA,東香段,59.01,非都市：山坡地保育區 ; 非都市編定：丙種建築用地
RPSNMLKLMHLFFAO58CA,東香段,17.63,非都市：山坡地保育區 ; 非都市編定：丙種建築用地
RPSNMLKLMHLFFAO58CA,東香段,4.14,非都市：山坡地保育區 ; 非都市編定：丙種建築用地
RPSNMLKLMHLFFAO58CA,東香段,10.12,非都市：山坡地保育區 ; 非都市編定：丙種建築用地
RPSNMLKLMHLFFAO58CA,東香段,.29,非都市：山坡地保育區 ; 非都市編定：丙種建築用地
RPSNMLKLMHLFFAO58CA,東香段,79.20,非都市：山坡地保育區 ; 非都市編定：丙種建築用地
RPOPMLPKMHLFFAO78CA,竹蓮段,25.87,都市：住
RPROMLRKNHLFFAO66CA,復中段,2.30,都市：商
RPROMLRKNHLFFAO66CA,復中段,2.30,都市：商
RPROMLRKNHLFFAO66CA,復中段,2.36,都市：商
RPUOMLSKMHLFFAO96CA,復中段,34.25,都市：住
RPPNMLRKMHLFFAO88CA,中央段,77.00,都市：住
RPTNMLTKMHLFFAO86CA,東濱段,35.08,都市：住
RPUNMLTKMHLFFAO96CA,東濱段,38.06,都市：住
RPWOMLTKMHLFFAO27CA,和平段,17.21,都市：住
RPSPMLSKMHLFFAO86CA,南門段四小段,21.90,都市：其他
RPWOMLSKMHLFFAO17CA,光武段,26.62,都市：住
RPRPMLPKMHLFFAO09CA,長春段,4.64,都市：其他
RPSNMLSLMHLFFAO76CA,柴橋段,14.10,都市：其他
RPOOMLTLMHLFFAO56CA,崙子段,3.73,都市：住
RPXNMLPKMHLFFAO96DA,民富段,29.00,都市：其他
RPQPMLOKMHLFFAO98DA,崙子段,47.59,都市：住
RPORMLKLMHLFFAO58CA,武陵段,48.26,都市：住
RPRPMLLLMHLFFAO78CA,聚吉段,7.56,都市：商
RPWOMLTLMHLFFAO37CA,北門段,107.00,都市：住
RPWOMLTLMHLFFAO37CA,北門段,47.00,都市：其他
RPQNMLPKMHLFFAO78CA,長春段,41.86,都市：住
RPOQMLLLMHLFFAO58CA,香美段,16.56,都市：住
RPPNMLQLMHLFFAO88CA,國道段,14.64,都市：商
RPRNMLNJNHLFFAO68CA,民主段,22.14,都市：住
RPSOMLLLMHLFFAO78CA,柴橋段,22.68,都市：住
RPSOMLLLMHLFFAO78CA,柴橋段,45.84,都市：住
RPSNMLLKNHLFFAO68CA,西門段一小段,31.68,都市：商
RPUNMLKMMHLFFAO88CA,民富段,57.86,都市：住
RPUNMLKMMHLFFAO88CA,民富段,1.66,都市：住
RPXNMLMLMHLFFAO66CA,和平段,26.90,都市：住
RPUOMLQLMHLFFAO86CA,東明段,28.94,都市：其他
RPTOMLLLMHLFFAO88CA,長春段,16.25,都市：其他
RPTOMLLLMHLFFAO88CA,長春段,.36,都市：住
RPTOMLLLMHLFFAO88CA,長春段,.08,都市：住
RPWPMLLLMHLFFAO66CA,東山段一小段,8.67,都市：其他
RPWPMLLLMHLFFAO66CA,東山段一小段,5.31,都市：其他
RPTPMLKKNHLFFAO88CA,中隘段,121.25,非都市：山坡地保育區 ; 非都市編定：丙種建築用地
RPRNMLLLMHLFFAO58CA,光武段,29.61,都市：住
RPWNMLSKNHLFFAO17CA,東明段,27.88,都市：其他
RPTOMLSKQHLFFAO47EA,光華段,46.12,都市：住
RPUPMLKKNHLFFAO98CA,中隘段,61.22,非都市：山坡地保育區 ; 非都市編定：丙種建築用地
RPUPMLKKNHLFFAO98CA,中隘段,61.22,非都市：山坡地保育區 ; 非都市編定：丙種建築用地
RPPRMLKLMHLFFAO68CA,竹蓮段,25.87,都市：住
RPVOMLSKMHLFFAO07CA,南湖段,73.98,非都市：山坡地保育區 ; 非都市編定：丙種建築用地
RPVOMLTKMHLFFAO17CA,舊社段,123.00,非都市：特定農業區 ; 非都市編定：農牧用地
RPVOMLTKMHLFFAO17CA,舊社段,123.00,非都市：特定農業區 ; 非都市編定：農牧用地
RPTOMLPKMHLFFAO56CA,茄苳段,37.37,非都市：山坡地保育區 ; 非都市編定：丙種建築用地
RPTOMLPKMHLFFAO56CA,茄苳段,9.25,非都市：山坡地保育區 ; 非都市編定：丙種建築用地
RPSNMLTKMHLFFAO76CA,崙子段,48.29,都市：住
RPSPMLTKMHLFFAO96CA,民富段,32.81,都市：住
RPSPMLTKMHLFFAO96CA,民富段,2.43,都市：其他
RPQOMLLLMHLFFAO58CA,三姓段,1208.00,都市：工
RPQOMLLLMHLFFAO58CA,三姓段,1192.00,都市：其他
RPQOMLLLMHLFFAO58CA,三姓段,44.00,都市：工
RPQOMLLLMHLFFAO58CA,三姓段,10.00,都市：工
RPQOMLLLMHLFFAO58CA,三姓段,337.00,都市：其他
RPTPMLLLMHLFFAO98CA,長春段,19.07,都市：其他
RPTPMLLLMHLFFAO98CA,長春段,.42,都市：住
RPTPMLLLMHLFFAO98CA,長春段,.09,都市：住
RPRPMLMLMHLFFAO88CA,五福段,1.67,非都市：特定農業區 ; 非都市編定：水利用地
RPRPMLMLMHLFFAO88CA,五福段,131.74,都市：工
RPRPMLMLMHLFFAO88CA,五福段,.53,都市：工
RPQPMLQLMHLFFAO56CA,港南段,36.08,非都市：鄉村區 ; 非都市編定：乙種建築用地
RPQPMLQLMHLFFAO56CA,港南段,88.52,非都市：鄉村區 ; 非都市編定：乙種建築用地
RPQPMLQLMHLFFAO56CA,港南段,201.96,非都市：鄉村區 ; 非都市編定：乙種建築用地
RPRNMLMLMHLFFAO68CA,國道段,17.95,都市：住
RPXNMLRLMHLFFAO17CA,溪橋段,291.28,非都市：特定農業區 ; 非都市編定：農牧用地
RPXNMLRLMHLFFAO17CA,溪橋段,337.98,非都市：特定農業區 ; 非都市編定：農牧用地
RPSOMLRLMHLFFAO76CA,武陵段,19.13,都市：住
RPPOMLTLMHLFFAO66CA,崙子段,45.51,都市：住
RPVOMLTLMHLFFAO27CA,長春段,17.05,都市：其他
RPTPMLSLMHLFFAO07CA,崙子段,45.51,都市：住
RPROMLMJNHLFFAO68CA,崙子段,50.02,都市：住
RPQNMLKLMHLFFAO38CA,金山段,83.00,都市：住
RPQNMLKLMHLFFAO38CA,金山段,83.01,都市：住
RPWNMLMJNHLFFAO09CA,光華段,33.90,都市：住
RPTSMLKLMHLFFAO56CA,崙子段,48.29,都市：住
RPQOMLTKMHLFFAO86EA,光華段,39.13,都市：住
RPXOMLQJNHLFFAO27EA,聚吉段,3.99,都市：商
RPWQMLSLMHLFFAO47CA,崙子段,53.50,都市：住
RPQPMLTLMHLFFAO86CA,樹下段,66.34,非都市：鄉村區 ; 非都市編定：乙種建築用地
RPXNMLKLMHLFFAO56DA,大庄段,81.09,都市：住
RPVNMLTLMHLFFAO17CA,民主段一小段,4.25,都市：商
RPWNMLPJNHLFFAO76CA,東濱段,495.28,都市：住
RPVOMLRLMHLFFAO07CA,自由段,64.00,都市：住
RPUNMLRLMHLFFAO86CA,國道段,13.48,都市：商
RPXPMLLLMHLFFAO76CA,明湖段,5.85,非都市：山坡地保育區 ; 非都市編定：水利用地
RPXPMLLLMHLFFAO76CA,明湖段,.05,非都市：山坡地保育區 ; 非都市編定：丙種建築用地
RPXPMLLLMHLFFAO76CA,明湖段,8.63,非都市：山坡地保育區 ; 非都市編定：丙種建築用地
RPXPMLLLMHLFFAO76CA,明湖段,16.44,非都市：山坡地保育區 ; 非都市編定：丙種建築用地
RPXPMLLLMHLFFAO76CA,明湖段,8.01,非都市：山坡地保育區 ; 非都市編定：丙種建築用地
RPUPMLLLMHLFFAO09CA,仙水段,16.84,都市：商
RPQNMLRLMHLFFAO09CA,雅溪段,65.50,非都市：山坡地保育區 ; 非都市編定：丙種建築用地
RPVOMLPLMHLFFAO86CA,聚吉段,15.38,都市：其他
RPVOMLPLMHLFFAO86CA,聚吉段,16.92,都市：其他
RPTOMLPLMHLFFAO66CA,崙子段,53.50,都市：住
RPPNMLSLMHLFFAO09CA,東明段,32.15,都市：其他
RPQNMLLKNHLFFAO48CA,聚吉段,2.88,都市：住
RPPNMLNLMHLFFAO58CA,東光段,21.70,都市：商
RPTNMLPLMHLFFAO56CA,東明段,324.89,都市：其他
RPOOMLPLMHLFFAO78CA,民富段,86.00,都市：住
RPWNMLPLMHLFFAO86CA,民富段,58.00,都市：住
RPWNMLPLMHLFFAO86CA,民富段,3.00,都市：住
RPRPMLOJNHLFFAO98CA,新興段一小段,9.14,都市：住
RPWOMLLLMHLFFAO56CA,南門段一小段,7.50,都市：其他
RPWOMLLLMHLFFAO56CA,南門段一小段,7.50,都市：其他
RPWOMLLLMHLFFAO56CA,南門段一小段,.50,都市：其他
RPWOMLLLMHLFFAO56CA,南門段一小段,.50,都市：其他
RPWOMLLLMHLFFAO56CA,南門段一小段,19.50,都市：其他
RPWOMLLLMHLFFAO56CA,南門段一小段,19.50,都市：其他
RPWOMLLLMHLFFAO56CA,南門段一小段,6.50,都市：其他
RPWOMLLLMHLFFAO56CA,南門段一小段,6.50,都市：其他
RPRPMLTKMHLFFAO86CA,醫專段,263.49,非都市：山坡地保育區 ; 非都市編定：丙種建築用地
RPUSMLKLMHLFFAO66CA,東光段,26.45,都市：商
RPOPMLQLMHLFFAO98CA,大庄段,58.53,都市：住
RPOPMLQLMHLFFAO98CA,大庄段,81.43,都市：住
RPRNMLKLMHLFFAO48CA,聚吉段,20.32,都市：住
RPXOMLLLMHLFFAO66CA,五福段,8.33,非都市：山坡地保育區 ; 非都市編定：丙種建築用地
RPXOMLLLMHLFFAO66CA,五福段,61.39,非都市：山坡地保育區 ; 非都市編定：丙種建築用地
RPVRMLKLMHLFFAO66CA,介壽段,1.22,都市：其他
RPVRMLKLMHLFFAO66CA,介壽段,26.35,都市：其他
RPQNMLLLMHLFFAO48CA,東山段一小段,11.56,都市：住
RPQSMLKLMHLFFAO88CA,介壽段,30.69,都市：其他
RPQSMLKLMHLFFAO88CA,介壽段,1.42,都市：其他
RPQNMLNLMHLFFAO68CA,崙子段,11.97,都市：住
RPSOMLSLMHLFFAO86CA,新港段,18.21,都市：商
RPTOMLSLMHLFFAO96CA,新港段,18.21,都市：商
RPVNMLKLMHLFFAO88CA,自由段,27.50,都市：住
RPVNMLKLMHLFFAO88CA,自由段,.02,都市：其他
RPUOMLSLMHLFFAO07CA,新港段,18.20,都市：商
RPPOMLSKNHLFFAO56CA,仙水段,16.84,都市：商
RPPOMLPJNHLFFAO78CA,大學段,6.23,都市：住
RPRPMLRKNHLFFAO76CA,東橋段,23.95,都市：住
RPPOMLNJNHLFFAO58CA,新港段,18.20,都市：商
RPQOMLNJNHLFFAO68CA,新港段,18.21,都市：商
RPVNMLPJNHLFFAO66CA,延壽段,5908.00,非都市：山坡地保育區 ; 非都市編定：農牧用地
RPVNMLPJNHLFFAO66CA,延壽段,56.66,非都市：山坡地保育區 ; 非都市編定：農牧用地
RPVNMLPJNHLFFAO66CA,延壽段,38.22,非都市：山坡地保育區 ; 非都市編定：林業用地
RPXOMLSLMHLFFAO37CA,新港段,18.21,都市：商
RPROMLNJNHLFFAO78CA,新港段,36.42,都市：商
RPQQMLSLMHLFFAO86CA,福林段,66.00,都市：住
RPPPMLSLMHLFFAO66CA,新港段,15.77,都市：商
RPUOMLTLMHLFFAO17CA,武陵段,3.46,都市：其他
RPVOMLNJNHLFFAO56CA,翠湖段,279.27,都市：其他
RPVOMLNJNHLFFAO56CA,翠湖段,74.14,都市：其他
RPPPMLTLMHLFFAO76CA,武陵段,.15,都市：其他
RPPPMLTLMHLFFAO76CA,武陵段,8.07,都市：其他
RPSPMLTLMHLFFAO07CA,唐高段,84.00,都市：住
RPVNMLMJNHLFFAO98CA,中雅段,5.31,都市：住
RPVNMLMJNHLFFAO98CA,崙子段,.17,都市：住
RPXPMLSLMHLFFAO47CA,光武段,28.71,都市：住
RPTQMLSLMHLFFAO17CA,武陵段,26.00,都市：其他
RPURMLSLMHLFFAO37CA,光武段,24.56,都市：住
RPVPMLNJNHLFFAO66CA,東明段,29.72,都市：其他
RPSPMLQLMHLFFAO76CA,崙子段,53.50,都市：住
RPPOMLMKNHLFFAO58CA,長春段,14.14,都市：住
RPPOMLMKNHLFFAO58CA,長春段,23.98,都市：住
RPROMLQLMHLFFAO56CA,民富段,59.91,都市：住
RPROMLQLMHLFFAO56CA,民富段,4.93,都市：住
RPWNMLRLMHLFFAO07CA,自由段,28.90,都市：住
RPUQMLOJNHLFFAO76CA,和平段,19.83,都市：住
RPTQMLOJNHLFFAO66CA,美城段,4.20,非都市：山坡地保育區 ; 非都市編定：丙種建築用地
RPTQMLOJNHLFFAO66CA,美城段,66.30,非都市：山坡地保育區 ; 非都市編定：丙種建築用地
RPTQMLOJNHLFFAO66CA,美城段,.71,非都市：山坡地保育區 ; 非都市編定：丙種建築用地
RPTQMLOJNHLFFAO66CA,美城段,98.93,非都市：山坡地保育區 ; 非都市編定：丙種建築用地
RPTQMLOJNHLFFAO66CA,美城段,.47,非都市：山坡地保育區 ; 非都市編定：丙種建築用地
RPTQMLOJNHLFFAO66CA,美城段,10.42,非都市：山坡地保育區 ; 非都市編定：丙種建築用地
RPTQMLOJNHLFFAO66CA,美城段,1.66,非都市：山坡地保育區 ; 非都市編定：丙種建築用地
RPTQMLOJNHLFFAO66CA,美城段,1.63,非都市：山坡地保育區 ; 非都市編定：丙種建築用地
RPTQMLOJNHLFFAO66CA,美城段,12.85,非都市：山坡地保育區 ; 非都市編定：丙種建築用地
RPTQMLOJNHLFFAO66CA,美城段,4.22,非都市：山坡地保育區 ; 非都市編定：丙種建築用地
RPVPMLPLMHLFFAO96CA,崙子段,10.79,都市：住
RPPOMLOJNHLFFAO68CA,親仁段一小段,31.29,都市：住
RPPOMLOJNHLFFAO68CA,親仁段一小段,.88,都市：其他
RPQPMLPLMHLFFAO09CA,五福段,45.64,都市：其他
RPQPMLPLMHLFFAO09CA,五福段,1.48,都市：其他
RPXNMLLLMHLFFAO56CA,水源段,3576.76,非都市：特定農業區 ; 非都市編定：農牧用地
RPOPMLMLMHLFFAO68DA,南湖段,10.41,非都市：山坡地保育區 ; 非都市編定：丙種建築用地
RPOPMLMLMHLFFAO68DA,南湖段,.14,非都市：山坡地保育區 ; 非都市編定：丙種建築用地
RPQNMLQKNHLFFAO98CA,樹下段,99.40,非都市：鄉村區 ; 非都市編定：乙種建築用地
RPOOMLMLMHLFFAO58DA,柴橋段,15.49,都市：其他
RPRNMLRLMHLFFAO76EA,自由段,60.00,都市：住
RPQOMLPLMHLFFAO98CA,三姓段,6.68,都市：商
RPQOMLPLMHLFFAO98CA,三姓段,.12,都市：工
RPROMLPLMHLFFAO09CA,長春段,45.49,都市：住
RPOPMLPLMHLFFAO88CA,東明段,27.32,都市：其他
RPRPMLPLMHLFFAO56CA,育賢段,13.16,都市：住
RPXOMLPLMHLFFAO07CA,唐高段,96.00,都市：住
RPWPMLPLMHLFFAO07CA,光武段,88.00,都市：住
RPVNMLPLMHLFFAO76CA,忠孝段,19.45,都市：住
RPUPMLPLMHLFFAO86CA,新興段一小段,17.72,都市：住
RPPOMLPLMHLFFAO88CA,國道段,9.75,都市：住
RPPOMLPLMHLFFAO88CA,國道段,9.75,都市：住
RPRPMLQLMHLFFAO66CA,崙子段,52.46,都市：住
RPPOMLRLMHLFFAO09CA,曲溪段,48.34,都市：住
RPQOMLRLMHLFFAO56CA,光華段,3.36,都市：住
RPQOMLRLMHLFFAO56CA,光華段,3.36,都市：住
RPQOMLOJNHLFFAO78CA,武陵段,15.00,都市：住
RPQOMLOJNHLFFAO78CA,武陵段,15.00,都市：住
RPUPMLTLMHLFFAO27CA,舊社段,57.00,都市：住
RPUPMLTLMHLFFAO27CA,舊社段,31.23,都市：住
RPOPMLNJNHLFFAO58CA,大學段,23.73,都市：住
RPOPMLNJNHLFFAO58CA,大學段,.28,都市：其他
RPWNMLTLMHLFFAO27CA,崙子段,48.29,都市：住
RPSPMLRKNHLFFAO86CA,朝山段,17.02,都市：住
RPSPMLRKNHLFFAO86CA,朝山段,62.13,都市：住
RPSPMLRKNHLFFAO86CA,朝山段,11.20,都市：住
RPVNMLKKNHLFFAO88CA,崙子段,47.59,都市：住
RPTPMLMJNHLFFAO98CA,麗園段,32.68,非都市：山坡地保育區 ; 非都市編定：丙種建築用地
RPTPMLMJNHLFFAO98CA,麗園段,12.27,非都市：山坡地保育區 ; 非都市編定：丁種建築用地
RPTPMLMJNHLFFAO98CA,麗園段,49.73,非都市：山坡地保育區 ; 非都市編定：丙種建築用地
RPVPMLMJNHLFFAO56CA,麗園段,32.68,非都市：山坡地保育區 ; 非都市編定：丙種建築用地
RPVPMLMJNHLFFAO56CA,麗園段,12.27,非都市：山坡地保育區 ; 非都市編定：丁種建築用地
RPVPMLMJNHLFFAO56CA,麗園段,51.44,非都市：山坡地保育區 ; 非都市編定：丙種建築用地
RPPQMLMJNHLFFAO68CA,麗園段,32.68,非都市：山坡地保育區 ; 非都市編定：丙種建築用地
RPPQMLMJNHLFFAO68CA,麗園段,12.27,非都市：山坡地保育區 ; 非都市編定：丁種建築用地
RPPQMLMJNHLFFAO68CA,麗園段,84.89,非都市：山坡地保育區 ; 非都市編定：丙種建築用地
RPQQMLMJNHLFFAO78CA,麗園段,32.68,非都市：山坡地保育區 ; 非都市編定：丙種建築用地
RPQQMLMJNHLFFAO78CA,麗園段,12.27,非都市：山坡地保育區 ; 非都市編定：丁種建築用地
RPQQMLMJNHLFFAO78CA,麗園段,56.06,非都市：山坡地保育區 ; 非都市編定：丙種建築用地
RPRQMLMJNHLFFAO88CA,麗園段,32.68,非都市：山坡地保育區 ; 非都市編定：丙種建築用地
RPRQMLMJNHLFFAO88CA,麗園段,12.27,非都市：山坡地保育區 ; 非都市編定：丁種建築用地
RPRQMLMJNHLFFAO88CA,麗園段,50.85,非都市：山坡地保育區 ; 非都市編定：丙種建築用地
RPOQMLMJNHLFFAO58CA,麗園段,32.68,非都市：山坡地保育區 ; 非都市編定：丙種建築用地
RPOQMLMJNHLFFAO58CA,麗園段,12.27,非都市：山坡地保育區 ; 非都市編定：丁種建築用地
RPOQMLMJNHLFFAO58CA,麗園段,49.73,非都市：山坡地保育區 ; 非都市編定：丙種建築用地
RPOQMLMJNHLFFAO58CA,麗園段,2.98,非都市：山坡地保育區 ; 非都市編定：丙種建築用地
RPSQMLMJNHLFFAO98CA,麗園段,32.68,非都市：山坡地保育區 ; 非都市編定：丙種建築用地
RPSQMLMJNHLFFAO98CA,麗園段,12.27,非都市：山坡地保育區 ; 非都市編定：丁種建築用地
RPSQMLMJNHLFFAO98CA,麗園段,45.01,非都市：山坡地保育區 ; 非都市編定：丙種建築用地
RPXPMLMJNHLFFAO76CA,麗園段,32.68,非都市：山坡地保育區 ; 非都市編定：丙種建築用地
RPUPMLMJNHLFFAO09CA,麗園段,32.68,非都市：山坡地保育區 ; 非都市編定：丙種建築用地
RPXPMLMJNHLFFAO76CA,麗園段,12.27,非都市：山坡地保育區 ; 非都市編定：丁種建築用地
RPUPMLMJNHLFFAO09CA,麗園段,12.27,非都市：山坡地保育區 ; 非都市編定：丁種建築用地
RPXPMLMJNHLFFAO76CA,麗園段,41.21,非都市：山坡地保育區 ; 非都市編定：丙種建築用地
RPUPMLMJNHLFFAO09CA,麗園段,71.91,非都市：山坡地保育區 ; 非都市編定：丙種建築用地
RPWPMLMJNHLFFAO66CA,麗園段,32.68,非都市：山坡地保育區 ; 非都市編定：丙種建築用地
RPWPMLMJNHLFFAO66CA,麗園段,12.27,非都市：山坡地保育區 ; 非都市編定：丁種建築用地
RPWPMLMJNHLFFAO66CA,麗園段,43.80,非都市：山坡地保育區 ; 非都市編定：丙種建築用地
RPTNMLKMMHLFFAO78CA,自由段,26.35,都市：住
RPUNMLMJNHLFFAO88CA,唐高段,28.32,都市：住
RPVOMLMJNHLFFAO09CA,崙子段,48.29,都市：住
RPSPMLMJNHLFFAO88CA,麗園段,32.68,非都市：山坡地保育區 ; 非都市編定：丙種建築用地
RPSPMLMJNHLFFAO88CA,麗園段,12.27,非都市：山坡地保育區 ; 非都市編定：丁種建築用地
RPSPMLMJNHLFFAO88CA,麗園段,2.98,非都市：山坡地保育區 ; 非都市編定：丙種建築用地
RPSPMLMJNHLFFAO88CA,麗園段,44.37,非都市：山坡地保育區 ; 非都市編定：丙種建築用地
RPOOMLLJNHLFFAO28CA,麗園段,32.68,非都市：山坡地保育區 ; 非都市編定：丙種建築用地
RPOOMLLJNHLFFAO28CA,麗園段,12.27,非都市：山坡地保育區 ; 非都市編定：丁種建築用地
RPOOMLLJNHLFFAO28CA,麗園段,43.14,非都市：山坡地保育區 ; 非都市編定：丙種建築用地
RPVNMLLJNHLFFAO88CA,麗園段,32.68,非都市：山坡地保育區 ; 非都市編定：丙種建築用地
RPVNMLLJNHLFFAO88CA,麗園段,12.27,非都市：山坡地保育區 ; 非都市編定：丁種建築用地
RPVNMLLJNHLFFAO88CA,麗園段,43.13,非都市：山坡地保育區 ; 非都市編定：丙種建築用地
RPUNMLLJNHLFFAO78CA,麗園段,32.68,非都市：山坡地保育區 ; 非都市編定：丙種建築用地
RPUNMLLJNHLFFAO78CA,麗園段,12.27,非都市：山坡地保育區 ; 非都市編定：丁種建築用地
RPUNMLLJNHLFFAO78CA,麗園段,49.73,非都市：山坡地保育區 ; 非都市編定：丙種建築用地
RPRNMLLJNHLFFAO48CA,麗園段,32.68,非都市：山坡地保育區 ; 非都市編定：丙種建築用地
RPRNMLLJNHLFFAO48CA,麗園段,12.27,非都市：山坡地保育區 ; 非都市編定：丁種建築用地
RPRNMLLJNHLFFAO48CA,麗園段,51.53,非都市：山坡地保育區 ; 非都市編定：丙種建築用地
RPTNMLLJNHLFFAO68CA,麗園段,32.68,非都市：山坡地保育區 ; 非都市編定：丙種建築用地
RPTNMLLJNHLFFAO68CA,麗園段,12.27,非都市：山坡地保育區 ; 非都市編定：丁種建築用地
RPTNMLLJNHLFFAO68CA,麗園段,50.85,非都市：山坡地保育區 ; 非都市編定：丙種建築用地
RPXNMLLJNHLFFAO09CA,麗園段,32.68,非都市：山坡地保育區 ; 非都市編定：丙種建築用地
RPXNMLLJNHLFFAO09CA,麗園段,12.27,非都市：山坡地保育區 ; 非都市編定：丁種建築用地
RPXNMLLJNHLFFAO09CA,麗園段,43.13,非都市：山坡地保育區 ; 非都市編定：丙種建築用地
RPPOMLLJNHLFFAO38CA,麗園段,32.68,非都市：山坡地保育區 ; 非都市編定：丙種建築用地
RPPOMLLJNHLFFAO38CA,麗園段,12.27,非都市：山坡地保育區 ; 非都市編定：丁種建築用地
RPPOMLLJNHLFFAO38CA,麗園段,43.14,非都市：山坡地保育區 ; 非都市編定：丙種建築用地
RPQNMLLJNHLFFAO38CA,麗園段,79.43,非都市：山坡地保育區 ; 非都市編定：丙種建築用地
RPQNMLLJNHLFFAO38CA,麗園段,32.68,非都市：山坡地保育區 ; 非都市編定：丙種建築用地
RPQNMLLJNHLFFAO38CA,麗園段,12.27,非都市：山坡地保育區 ; 非都市編定：丁種建築用地
SPSPMLMJNHLFFAO98CA,麗園段,56.49,非都市：山坡地保育區 ; 非都市編定：丙種建築用地
SPSPMLMJNHLFFAO98CA,麗園段,12.27,非都市：山坡地保育區 ; 非都市編定：丁種建築用地
SPSPMLMJNHLFFAO98CA,麗園段,32.68,非都市：山坡地保育區 ; 非都市編定：丙種建築用地
RPOQMLTLMHLFFAO76CA,光華段,13.06,都市：住
RPOQMLTLMHLFFAO76CA,北門段,.45,都市：住
RPRNMLTLMHLFFAO76CA,自由段,43.05,都市：住
RPQNMLRJNHLFFAO98CA,北門段,29.10,都市：住
RPQNMLRJNHLFFAO98CA,北門段,4.05,都市：其他
RPRNMLQLMHLFFAO09CA,光復段,25.00,都市：住
RPRNMLQLMHLFFAO09CA,光復段,22.29,都市：住
RPXPMLPLMHLFFAO17CA,東山段一小段,3.71,都市：商
RPTOMLQLMHLFFAO76CA,中華段,25.34,都市：其他
RPPOMLQLMHLFFAO56EA,東明段,6.80,都市：住
RPPOMLQLMHLFFAO56EA,東明段,6.80,都市：住
RPPOMLQLMHLFFAO56EA,東明段,6.80,都市：住
RPPOMLQLMHLFFAO56EA,東明段,6.80,都市：住
RPPOMLQLMHLFFAO56EA,東明段,6.80,都市：住
RPRNMLKMMHLFFAO58CA,東明段,37.36,都市：住
RPUNMLSLMHLFFAO96CA,民富段,9.70,都市：住
RPTQMLNJNHLFFAO56CA,中雅段,7.12,都市：其他
RPTQMLNJNHLFFAO56CA,中雅段,.95,都市：住
RPRNMLSLMHLFFAO76DA,光復段,31.75,都市：住
RPPNMLRLMHLFFAO98CA,國道段,19.62,都市：住
RPTNMLRLMHLFFAO76CA,自由段,26.94,都市：住
RPUNMLSKNHLFFAO96CA,武陵段,16.98,都市：其他
RPPRMLSLMHLFFAO96DA,成功段,28.73,都市：住
RPOOMLPJNHLFFAO68CA,港南段,5.75,非都市：鄉村區 ; 非都市編定：乙種建築用地
RPOOMLPJNHLFFAO68CA,港南段,2.86,非都市：鄉村區 ; 非都市編定：乙種建築用地
RPOOMLPJNHLFFAO68CA,港南段,3.62,非都市：鄉村區 ; 非都市編定：乙種建築用地
RPUNMLLKNHLFFAO88CA,五福段,95.89,非都市：特定農業區 ; 非都市編定：水利用地
RPUNMLLKNHLFFAO88CA,五福段,44.98,非都市：特定農業區 ; 非都市編定：水利用地
RPSPMLTKNHLFFAO07CA,民富段,9.74,都市：住
RPSPMLTKNHLFFAO07CA,民富段,9.74,都市：住
RPSQMLSLMHLFFAO07CA,關東段,14.40,都市：住
RPQOMLTJNHLFFAO66CA,建華段,.08,都市：住
RPQOMLTJNHLFFAO66CA,仙宮段,23.45,都市：住
RPQOMLTJNHLFFAO66CA,仙宮段,.08,都市：住
RPQNMLLLNHLFFAO58CA,海濱段,144.48,都市：農
RPQNMLLLNHLFFAO58CA,海濱段,2.05,都市：農
RPSOMLTLMHLFFAO96CA,中華段,19.66,都市：其他
RPXNMLTLMHLFFAO37CA,民富段,.61,都市：住
RPXNMLTLMHLFFAO37CA,民富段,9.87,都市：商
RPXNMLTLMHLFFAO37CA,民富段,.04,都市：住
RPPNMLNJNHLFFAO48CA,水源段,330.58,非都市：特定農業區 ; 非都市編定：農牧用地
RPPQMLTLMHLFFAO86CA,中雅段,8.22,都市：住
RPPSMLSLMHLFFAO96CA,長春段,16.44,都市：其他
RPPSMLSLMHLFFAO96CA,長春段,.37,都市：住
RPPSMLSLMHLFFAO96CA,長春段,.08,都市：住
RPSRMLSLMHLFFAO17CA,香村段,.16,非都市：山坡地保育區 ; 非都市編定：農牧用地
RPSRMLSLMHLFFAO17CA,香村段,80.61,非都市：山坡地保育區 ; 非都市編定：農牧用地
RPSRMLSLMHLFFAO17CA,香村段,98.54,非都市：山坡地保育區 ; 非都市編定：農牧用地
RPSRMLSLMHLFFAO17CA,香村段,41.73,非都市：山坡地保育區 ; 非都市編定：農牧用地
RPSRMLSLMHLFFAO17CA,香村段,7.78,非都市：山坡地保育區 ; 非都市編定：農牧用地
RPSRMLSLMHLFFAO17CA,香村段,108.16,非都市：山坡地保育區 ; 非都市編定：丙種建築用地
RPSRMLSLMHLFFAO17CA,香村段,26.01,非都市：山坡地保育區 ; 非都市編定：丙種建築用地
RPSRMLSLMHLFFAO17CA,香村段,264.49,非都市：山坡地保育區 ; 非都市編定：丙種建築用地
RPSRMLSLMHLFFAO17CA,香村段,7.35,非都市：山坡地保育區 ; 非都市編定：丙種建築用地
RPVRMLSLMHLFFAO47CA,長春段,16.83,都市：其他
RPVRMLSLMHLFFAO47CA,長春段,.37,都市：住
RPVRMLSLMHLFFAO47CA,長春段,.08,都市：住
RPPNMLMKNHLFFAO48CA,民主段一小段,10.21,都市：商
RPXNMLMJNHLFFAO56CA,崙子段,25.42,非都市：鄉村區 ; 非都市編定：乙種建築用地
RPXNMLMJNHLFFAO56CA,崙子段,1.71,非都市：鄉村區 ; 非都市編定：乙種建築用地
RPXNMLMJNHLFFAO56CA,崙子段,.90,非都市：鄉村區 ; 非都市編定：乙種建築用地
RPXOMLLJOHLFFAO66CA,中山段一小段,4.98,都市：住
RPXOMLLJOHLFFAO66CA,中山段一小段,3.49,都市：商
RPTNMLSLMHLFFAO86CA,大庄段,.89,都市：住
RPTNMLSLMHLFFAO86CA,大庄段,.58,都市：住
RPTNMLSLMHLFFAO86CA,大庄段,5.59,都市：住
RPROMLOJNHLFFAO88CA,和平段,17.21,都市：住
RPRNMLSJNHLFFAO56CA,光復段,28.66,都市：住
RPRNMLQKNHLFFAO09CA,東明段,26.59,都市：住
RPTPMLRKNHLFFAO96CA,武陵段,59.71,都市：住
RPXOMLTKNHLFFAO47CA,南華段,39.14,都市：住
RPXOMLTKNHLFFAO47CA,南華段,54.27,都市：住
RPTPMLSKNHLFFAO07CA,自由段,11.00,都市：住
RPQPMLKKNHLFFAO58CA,復中段,9.12,都市：商
RPQPMLKKNHLFFAO58CA,復中段,.96,都市：住
RPQOMLNKNHLFFAO78CA,新莊段,31.77,都市：其他
RPQOMLNKNHLFFAO78CA,新莊段,28.54,都市：住
RPQOMLNKNHLFFAO78CA,新莊段,29.24,都市：其他
RPQOMLNKNHLFFAO78CA,新莊段,33.10,都市：其他
RPQOMLNKNHLFFAO78CA,新莊段,19.96,都市：其他
RPQOMLNKNHLFFAO78CA,新莊段,7.01,都市：其他
RPQOMLNKNHLFFAO78CA,新莊段,.16,都市：住
RPQOMLNKNHLFFAO78CA,新莊段,.02,都市：住
RPQOMLNKNHLFFAO78CA,新莊段,40.41,都市：住
RPQOMLNKNHLFFAO78CA,新莊段,4.01,都市：其他
RPQOMLNKNHLFFAO78CA,新莊段,29.24,都市：其他
RPQOMLNKNHLFFAO78CA,新莊段,12.74,都市：其他
RPQOMLNKNHLFFAO78CA,新莊段,8.47,都市：住
RPQOMLNKNHLFFAO78CA,新莊段,.76,都市：住
RPQOMLNKNHLFFAO78CA,新莊段,6.75,都市：其他
RPQOMLNKNHLFFAO78CA,新莊段,1.79,都市：其他
RPPNMLTJNHLFFAO09CA,水源段,69.87,非都市：特定農業區 ; 非都市編定：農牧用地
RPTRMLNLNHLFFAO86CA,南華段,30.43,都市：商
RPRPMLKKNHLFFAO68CA,成德段,13.18,都市：住
RPOOMLTJNHLFFAO09CA,長春段,16.88,都市：其他
RPWNMLNJNHLFFAO56CA,竹港段,12.13,都市：商
RPSNMLTJNHLFFAO76CA,自由段,22.02,都市：住
RPQNMLNJNHLFFAO58CA,中雅段,6.45,都市：住
RPQNMLNJNHLFFAO58CA,崙子段,.21,都市：住
RPWOMLKKNHLFFAO09CA,親仁段二小段,13.26,都市：住
RPQPMLOJNHLFFAO88CA,東明段,276.00,都市：其他
RPUOMLMJNHLFFAO98CA,崙子段,9.58,都市：住
RPRRMLSLMHLFFAO07CA,南門段一小段,4.41,都市：商
RPPPMLNJNHLFFAO68CA,國道段,14.86,都市：商
RPTNMLRJNHLFFAO66CA,育賢段,17.06,都市：住
RPSNMLKMMHLFFAO68CA,東光段,105.00,都市：其他
RPQOMLTLMHLFFAO76CA,聚吉段,3.93,都市：商
RPRNMLTJNHLFFAO66CA,東山段一小段,26.64,都市：住
RPXOMLNKNHLFFAO86CA,關東段,19.25,都市：住
RPUOMLPJNHLFFAO66CA,長春段,11.48,都市：住
RPUOMLPJNHLFFAO66CA,長春段,19.46,都市：住
RPQNMLMJNHLFFAO48CA,崙子段,45.51,都市：住
RPVOMLQJNHLFFAO86CA,五福段,41.40,都市：工
RPWOMLQJNHLFFAO96CA,五福段,82.80,都市：工
RPUOMLQJNHLFFAO76CA,五福段,165.61,都市：工
RPXOMLPJNHLFFAO96CA,武陵段,7.89,都市：其他
RPXOMLPJNHLFFAO96CA,武陵段,.15,都市：其他
RPTPMLLKNHLFFAO98CA,東山段一小段,18.23,都市：商
RPWPMLKKNHLFFAO56CA,武陵段,58.87,都市：住
RPXNMLKKNHLFFAO09CA,崙子段,25.25,非都市：鄉村區 ; 非都市編定：乙種建築用地
RPXNMLKKNHLFFAO09CA,崙子段,1.70,非都市：鄉村區 ; 非都市編定：乙種建築用地
RPXNMLKKNHLFFAO09CA,崙子段,.89,非都市：鄉村區 ; 非都市編定：乙種建築用地
RPSOMLTJNHLFFAO86CA,國道段,21.56,都市：住
RPSNMLQKNHLFFAO56CA,金山段,83.00,都市：住
RPQNMLKKNHLFFAO38CA,中華段,1.02,都市：其他
RPQNMLMKNHLFFAO58CA,海濱段,75.01,都市：住
RPUNMLKKNHLFFAO78CA,建華段,70.31,都市：住
RPUNMLKKNHLFFAO78CA,建華段,2.66,都市：住
RPUNMLKKNHLFFAO78CA,建華段,36.31,都市：住
RPSOMLOJNHLFFAO98CA,信義段,.02,都市：商
RPSOMLOJNHLFFAO98CA,信義段,31.16,都市：商
RPQOMLQLNHLFFAO56CA,崙子段,53.50,都市：住
