﻿編號,屋齡,建物移轉面積平方公尺,主要用途,主要建材,建築完成日期,總層數,建物分層
The serial number,room age,building shifting area square meter,the main use,main building materials,construction completes the date,total layer,building lamination
RPRNMLQKKHLFFDP56CA,,255.85,住家用,鋼筋混凝土造,104年7月9日,四層,一層 二層 三層 四層
RPOOMLMLKHLFFCP58CA,,191.12,見其他登記事項,鋼筋混凝土造,104年11月26日,四層,騎樓 見其他登記事項
RPOOMLMLKHLFFCP58CA,,4.66,見其他登記事項,鋼筋混凝土造,104年11月26日,一層,
RPPOMLMLKHLFFCP68CA,,266.68,見其他登記事項,鋼筋混凝土造,104年11月26日,四層,一層 二層 三層 四層 見其他登記事項
RPPOMLMLKHLFFCP68CA,,4.66,見其他登記事項,鋼筋混凝土造,104年11月26日,一層,
RPWNMLLJKHLFFAP88DA,25,122.94,住家用,加強磚造,80年6月21日,二層,一層 二層 電梯樓梯間 夾層
RPXNMLMLKHLFFCP76CA,,283.18,見其他登記事項,鋼筋混凝土造,104年11月26日,四層,一層 二層 三層 四層 見其他登記事項
RPXNMLMLKHLFFCP76CA,,4.66,見其他登記事項,鋼筋混凝土造,104年11月26日,一層,
RPQNMLLJKHLFFBP48EA,34,103.41,住家用,加強磚造,71年3月19日,二層,一層 二層 電梯樓梯間
RPQNMLMJKHLFFAP48EA,34,103.86,住商用,加強磚造,70年11月7日,二層,一層 二層 騎樓 電梯樓梯間
RPTNMLQKKHLFFAP09CA,22,86.59,住家用,鋼筋混凝土造,83年6月15日,十一層,二層
RPTNMLQKKHLFFAP09CA,22,10.13,共同部份,鋼筋混凝土造,83年6月15日,,
RPTNMLQKKHLFFAP09CA,22,12.07,共同部份,鋼筋混凝土造,83年6月15日,十一層,
RPXNMLPJKHLFFBP76CA,19,89.52,住家用,鋼筋混凝土造,85年10月20日,十一層,四層
RPXNMLPJKHLFFBP76CA,19,27.96,共有部份,鋼筋混凝土造,85年10月20日,十一層,
SPUNMLMJLHLFFAP88CA,13,17.95,住家用,鋼筋混凝土造,92年7月7日,四層,四層
SPUNMLMJLHLFFAP88CA,13,6.01,共同部份,鋼筋混凝土造,92年7月7日,四層,
RPUNMLMJLHLFFAP78CA,13,17.95,住家用,鋼筋混凝土造,92年7月7日,四層,四層
RPUNMLMJLHLFFAP78CA,13,6.01,共同部份,鋼筋混凝土造,92年7月7日,四層,
RPQNMLNJLHLFFAP58DA,37,156.19,農舍,加強磚造,67年8月25日,二層,一層 二層 騎樓
RPQNMLNJLHLFFAP58DA,27,228.65,見其他登記事項,見其他登記事項,77年11月29日,一層,一層
RPOOMLLLKHLFFCP48CA,,193.97,見其他登記事項,鋼筋混凝土造,104年11月10日,三層,一層 二層 三層 見其他登記事項
RPPOMLLLKHLFFCP58CA,,182.27,見其他登記事項,鋼筋混凝土造,104年11月10日,三層,一層 二層 三層 見其他登記事項
RPUNMLLLKHLFFCP98CA,,209.72,住家用,鋼筋混凝土造,104年11月12日,四層,一層 二層 三層 四層
RPWNMLLLKHLFFCP56CA,,171.69,住家用,鋼筋混凝土造,104年11月10日,三層,一層 二層 三層
RPVNMLLLKHLFFCP09CA,,176.31,見其他登記事項,鋼筋混凝土造,104年11月10日,三層,一層 二層 三層 見其他登記事項
RPQOMLLLKHLFFCP68CA,,178.70,見其他登記事項,鋼筋混凝土造,104年11月10日,三層,一層 二層 三層 見其他登記事項
RPTNMLLLKHLFFCP88CA,,195.89,見其他登記事項,鋼筋混凝土造,104年11月12日,三層,一層 二層 三層 見其他登記事項
RPQOMLMLKHLFFCP78CA,,178.88,見其他登記事項,鋼筋混凝土造,104年11月10日,三層,一層 二層 三層 見其他登記事項
SPQOMLMLKHLFFCP88CA,,171.58,住家用,鋼筋混凝土造,104年11月10日,三層,一層 二層 三層
RPROMLLLKHLFFCP78CA,,89.35,見其他登記事項,鋼筋混凝土造,104年11月10日,三層,一層 二層 三層 見其他登記事項
RPROMLLLKHLFFCP78CA,,89.35,見其他登記事項,鋼筋混凝土造,104年11月10日,三層,一層 二層 三層 見其他登記事項
RPVNMLSKKHLFFDP17CA,19,165.59,住家用,鋼筋混凝土造,85年8月23日,三層,一層 二層 三層 電梯樓梯間
RPOPMLOLKHLFFAP78DA,1,72.53,見其他登記事項,鋼筋混凝土造,104年5月12日,五層,四層
RPOPMLOLKHLFFAP78DA,1,7.08,見其他登記事項,鋼筋混凝土造,104年5月12日,五層,
RPOPMLOLKHLFFAP78DA,1,12.11,見其他登記事項,鋼筋混凝土造,104年5月12日,五層,
RPVOMLOLKHLFFAP76DA,1,71.56,見其他登記事項,鋼筋混凝土造,104年5月12日,五層,三層
RPVOMLOLKHLFFAP76DA,1,17.10,見其他登記事項,鋼筋混凝土造,104年5月12日,五層,
RPVOMLOLKHLFFAP76DA,1,10.90,見其他登記事項,鋼筋混凝土造,104年5月12日,五層,
RPRNMLPKKHLFFBP09EA,17,85.62,住家用,鋼筋混凝土造,88年7月10日,八層,八層
RPRNMLPKKHLFFBP09EA,17,24.92,共有部份,鋼筋混凝土造,88年7月10日,八層,
RPRNMLPKKHLFFBP09EA,17,9.62,共有部份,鋼筋混凝土造,88年7月10日,八層,
RPSNMLLJLHLFFAP58DA,21,119.37,住家用,鋼筋混凝土造,83年9月1日,八層,三層
RPSNMLLJLHLFFAP58DA,21,47.99,共同部份,鋼筋混凝土造,83年9月1日,八層,
RPTNMLPJKHLFFFP76CA,34,114.36,住商用,加強磚造,70年7月20日,二層,一層 二層 騎樓
RPSNMLPJKHLFFFP66CA,18,26.42,住家用,鋼筋混凝土造,87年3月18日,八層,六層
RPSNMLPJKHLFFFP66CA,18,3.30,共有部份,鋼筋混凝土造,87年3月18日,八層,
RPSNMLPJKHLFFFP66CA,18,8.04,共有部份,鋼筋混凝土造,87年3月18日,八層,
RPPNMLPKKHLFFFP09CA,18,258.13,住家用,鋼筋混凝土造,86年9月2日,四層,
RPSNMLQLKHLFFCP66CA,33,132.78,住商用,加強磚造,71年9月17日,二層,一層 二層 騎樓
RPWOMLLLKHLFFCP66CA,,190.80,見其他登記事項,鋼筋混凝土造,104年11月12日,三層,一層 二層 三層 見其他登記事項
RPVOMLLLKHLFFCP56CA,,191.72,見其他登記事項,鋼筋混凝土造,104年11月12日,三層,一層 二層 三層 見其他登記事項
RPXOMLLLKHLFFCP76CA,,173.96,見其他登記事項,鋼筋混凝土造,104年11月12日,三層,一層 二層 三層 見其他登記事項
RPWNMLRKKHLFFBP96CA,21,194.03,住家用,鋼筋混凝土造,84年6月16日,三層,一層 二層 三層 電梯樓梯間
RPRNMLQLKHLFFFP96DA,9,183.20,住家用,鋼筋混凝土造,95年11月17日,四層,一層 二層 三層 四層
RPOOMLOLKHLFFAP58CA,17,177.42,農舍,鋼筋混凝土加強磚造,88年2月2日,一層,一層 騎樓
RPRNMLLJLHLFFAP38CA,2,245.23,見其他登記事項,鋼筋混凝土造,103年2月26日,四層,一層 二層 三層 四層 電梯樓梯間
RPSOMLLLKHLFFCP88CA,,171.58,住家用,鋼筋混凝土造,104年11月10日,三層,一層 二層 三層
RPUOMLLLKHLFFCP09CA,,191.72,見其他登記事項,鋼筋混凝土造,104年11月12日,三層,一層 二層 三層 見其他登記事項
RPTOMLLLKHLFFCP98CA,,175.62,見其他登記事項,鋼筋混凝土造,104年11月10日,三層,一層 二層 三層 見其他登記事項
RPSNMLLLKHLFFCP78CA,,218.65,見其他登記事項,鋼筋混凝土造,104年11月12日,三層,一層 二層 三層 見其他登記事項
RPWNMLLJLHLFFEP76DA,36,75.30,住家用,加強磚造,68年11月4日,二層,一層 二層
RPXNMLLLKHLFFCP66CA,,192.58,見其他登記事項,鋼筋混凝土造,104年11月10日,三層,一層 二層 三層 見其他登記事項
RPRNMLRKKHLFFCP56CA,26,175.48,住家用,見其他登記事項,79年3月31日,三層,一層 二層 三層 騎樓 電梯樓梯間
RPXNMLOLKHLFFAP86DA,19,73.73,住家用,鋼筋混凝土造,86年5月15日,十六層,六層
RPXNMLOLKHLFFAP86DA,19,29.10,共同部份,鋼筋混凝土造,86年5月15日,十六層,
RPXNMLOLKHLFFAP86DA,19,14.39,共同部份,鋼筋混凝土造,86年5月15日,十六層,
RPRNMLSKKHLFFAP09CA,,187.74,見其他登記事項,鋼筋混凝土造,104年8月25日,三層,一層 二層 三層 屋頂突出物
RPXNMLSJLHLFFDP37CA,,231.74,住家用,鋼筋混凝土造,104年10月27日,四層,一層 二層 三層 四層
RPPOMLSJLHLFFDP66CA,,221.13,住家用,鋼筋混凝土造,104年10月27日,四層,一層 二層 三層 四層
RPWNMLSJLHLFFDP27CA,,279.49,住家用,鋼筋混凝土造,104年10月27日,四層,一層 二層 三層 四層
RPOOMLSJLHLFFDP56CA,,221.13,住家用,鋼筋混凝土造,104年10月27日,四層,一層 二層 三層 四層
RPWNMLMLKHLFFAP56DA,34,179.90,住家用,加強磚造,70年12月2日,三層,一層 二層 三層 騎樓 電梯樓梯間
RPQNMLTKKHLFFAP56DA,21,202.62,住家用,鋼筋混凝土造,83年8月15日,四層,一層 二層 三層 四層 地下層
RPPNMLTKKHLFFAP98CA,38,118.10,住家用,加強磚造,66年11月10日,二層,一層 二層 騎樓
RPTNMLTKKHLFFAP76CA,14,178.88,住家用,鋼筋混凝土造,91年5月7日,四層,
RPSNMLTKKHLFFAP66CA,22,93.44,住家用,鋼筋混凝土造,83年3月25日,七層,四層
RPSNMLTKKHLFFAP66CA,22,13.15,共同部份,鋼筋混凝土造,83年3月25日,七層,
RPSNMLTKKHLFFAP66CA,22,12.99,共同部份,鋼筋混凝土造,83年3月25日,七層,
RPPNMLKLKHLFFAP18CA,18,224.58,住商用,鋼筋混凝土造,86年8月10日,四層,一層 二層 三層 四層 騎樓 電梯樓梯間
RPOOMLMLKHLFFAP38CA,21,55.05,住家用,鋼筋混凝土造,83年11月18日,八層,一層
RPOOMLMLKHLFFAP38CA,21,19.15,共同部份,鋼筋混凝土造,83年11月18日,八層,
RPQNMLMLKHLFFFP98CA,33,53.32,住家用,加強磚造,72年5月2日,一層,一層
RPUNMLSKKHLFFAP76CA,1,167.42,住商用,鋼筋混凝土造,103年10月17日,三層,一層 二層 三層
RPQNMLTKKHLFFBP76EA,18,174.16,住家用,鋼筋混凝土造,87年5月12日,三層,一層 二層 三層
RPPNMLPKLHLFFFP56CA,15,52.39,住家用,鋼筋混凝土造,90年4月9日,九層,八層
RPPNMLPKLHLFFFP56CA,15,36.66,見其他登記事項,鋼筋混凝土造,90年4月9日,九層,
RPPNMLPKLHLFFFP56CA,15,1.93,見其他登記事項,鋼筋混凝土造,90年4月9日,九層,
RPPNMLPKLHLFFFP56CA,15,7.08,見其他登記事項,鋼筋混凝土造,90年4月9日,九層,
RPPNMLTJLHLFFCP76EA,27,187.55,住家用,見其他登記事項,77年12月12日,三層,一層 二層 三層 騎樓 電梯樓梯間
RPRNMLMLKHLFFFP09CA,8,204.69,見其他登記事項,見其他登記事項,96年11月16日,四層,一層 二層 三層 四層
RPRNMLMLKHLFFBP88EA,19,88.26,住家用,鋼筋混凝土造,85年10月20日,十一層,七層
RPRNMLMLKHLFFBP88EA,19,26.95,共有部份,鋼筋混凝土造,85年10月20日,十一層,
RPRNMLMLKHLFFBP88EA,19,8.58,見其他登記事項,鋼筋混凝土造,85年10月20日,十一層,
RPUNMLRKLHLFFAP76CA,26,175.68,住家用,鋼筋混凝土造,78年11月13日,三層,一層 二層 三層
RPQNMLTKKHLFFCP66CA,1,224.61,見其他登記事項,鋼筋混凝土造,104年5月4日,三層,一層 二層 三層 見其他登記事項
RPQNMLOLKHLFFAP68CA,17,155.48,住家用,鋼筋混凝土造,88年4月3日,三層,一層 二層 三層 電梯樓梯間
RPSNMLPLKHLFFAP98CA,12,201.45,住家用,鋼筋混凝土造,93年6月10日,四層,一層 二層 三層 四層
RPQOMLOLKHLFFAP78CA,22,193.53,見其他登記事項,鋼筋混凝土造,83年1月20日,四層,一層 二層 三層 四層 電梯樓梯間
RPXOMLOLKHLFFAP86CA,16,110.52,住家用,鋼筋混凝土造,88年9月26日,五層,四層 五層 屋頂突出物
RPXOMLOLKHLFFAP86CA,16,21.57,共有部份,鋼筋混凝土造,88年9月26日,五層,
RPXOMLOLKHLFFAP86CA,16,19.15,停車空間,鋼筋混凝土造,88年9月26日,五層,
RPQNMLTJLHLFFBP56CA,,174.99,見其他登記事項,鋼筋混凝土造,104年9月17日,三層,一層 二層 三層 見其他登記事項
RPRNMLTJLHLFFBP66CA,,174.99,見其他登記事項,鋼筋混凝土造,104年9月17日,三層,一層 二層 三層 見其他登記事項
RPQNMLKKLHLFFDP58CA,14,266.22,見其他登記事項,鋼筋混凝土造,91年2月20日,五層,一層 二層 三層 四層 五層 水箱
RPSNMLQKLHLFFDP76CA,21,304.45,住商用,鋼筋混凝土造,83年11月28日,十層,一層 二層 騎樓
RPSNMLQKLHLFFDP76CA,21,3.48,共有部份,鋼筋混凝土造,83年11月28日,十層,
RPSNMLQKLHLFFDP76CA,21,55.21,共有部份,鋼筋混凝土造,83年11月28日,十層,
RPSNMLQKLHLFFDP76CA,21,28.09,共有部份,鋼筋混凝土造,83年11月28日,十層,
RPOOMLNJLHLFFAP58EA,23,162.47,住商用,鋼筋混凝土造,81年7月20日,三層,一層 二層 三層 電梯樓梯間
RPQNMLQKLHLFFAP88CA,22,86.10,住家用,鋼筋混凝土造,83年1月28日,五層,二層
RPSNMLQLKHLFFAP66EA,17,36.95,住家用,鋼筋混凝土造,87年10月30日,十層,九層
RPSNMLQLKHLFFAP66EA,17,15.04,共有部份,鋼筋混凝土造,87年10月30日,十層,
RPSNMLQLKHLFFAP66EA,17,9.46,共有部份,鋼筋混凝土造,87年10月30日,十層,
RPQNMLNJLHLFFDP88DA,,189.10,見其他登記事項,鋼筋混凝土造,104年10月30日,三層,一層 二層 三層 見其他登記事項
RPPNMLPLKHLFFDP98CA,3,162.16,見其他登記事項,鋼筋混凝土造,101年9月26日,三層,一層 二層 三層 騎樓
RPRNMLNLKHLFFAP68CA,1,64.81,住家用,鋼筋混凝土造,103年9月4日,四層,三層
RPRNMLNLKHLFFAP68CA,1,16.58,見其他登記事項,鋼筋混凝土造,103年9月4日,四層,
RPPNMLPLKHLFFAP68CA,2,464.73,見其他登記事項,見其他登記事項,102年9月3日,一層,一層
RPQNMLQLKHLFFAP88CA,18,43.71,住家用,鋼筋混凝土造,86年10月31日,五層,四層
RPQNMLQLKHLFFAP88CA,18,26.93,共有部份,鋼筋混凝土造,86年10月31日,五層,
RPRNMLLKLHLFFCP78DA,21,115.73,住家用,鋼筋混凝土造,84年3月7日,五層,四層
RPRNMLLKLHLFFCP78DA,21,11224.08,見其他登記事項,鋼筋混凝土造,84年3月7日,五層,
RPSNMLMJLHLFFDP88CA,1,191.20,見其他登記事項,鋼筋混凝土造,104年3月11日,三層,一層 二層 三層 電梯樓梯間
RPPNMLPKLHLFFDP98CA,23,154.33,住家用,加強磚造,81年9月15日,二層,一層 二層 電梯樓梯間
RPQNMLPJLHLFFAP68CA,25,2409.38,工業用,鋼筋混凝土造,80年6月15日,二層,一層 二層
RPTNMLQLKHLFFEP96CA,79,235.57,住家用,磚造,26年2月8日,三層,
RPSNMLOJLHLFFAP78CA,22,86.74,住家用,鋼筋混凝土造,83年6月15日,十一層,七層
RPSNMLOJLHLFFAP78CA,22,13.75,見其他登記事項,鋼筋混凝土造,83年6月15日,十二層,
RPSNMLOJLHLFFAP78CA,22,10.46,共同部份,鋼筋混凝土造,83年6月15日,,
RPSNMLOJLHLFFAP78CA,22,11.62,共同部份,鋼筋混凝土造,83年6月15日,十二層,
RPUNMLMLLHLFFEP76CA,36,75.30,住家用,加強磚造,68年11月4日,二層,一層 二層
RPQNMLLJLHLFFDP58CA,21,144.04,住家用,鋼筋混凝土造,84年1月11日,七層,三層
RPQNMLQLKHLFFFP76CA,21,195.75,住家用,鋼筋混凝土造,83年10月22日,四層,一層 二層 三層 四層
RPQNMLOJLHLFFAP58CA,21,88.49,住家用,鋼筋混凝土造,83年12月9日,九層,四層
RPQNMLOJLHLFFAP58CA,21,51.15,共同部份,鋼筋混凝土造,83年12月9日,九層,
RPUNMLQLKHLFFAP66CA,16,99.94,住家用,鋼筋混凝土造,88年9月26日,五層,二層 三層
RPUNMLQLKHLFFAP66CA,16,19.15,停車空間,鋼筋混凝土造,88年9月26日,五層,
RPUNMLQLKHLFFAP66CA,16,19.45,共有部份,鋼筋混凝土造,88年9月26日,五層,
RPPNMLQLKHLFFAP78CA,17,48.18,住家用,鋼筋混凝土造,87年12月20日,五層,三層
RPPNMLQLKHLFFAP78CA,17,4.54,共有部份,鋼筋混凝土造,87年12月20日,五層,
RPPNMLQLKHLFFAP78CA,17,6.33,共有部份,鋼筋混凝土造,87年12月20日,五層,
RPPNMLQLKHLFFAP78CA,17,15.52,共有部份,鋼筋混凝土造,87年12月20日,五層,
RPQNMLMLLHLFFAP58CA,,308.34,見其他登記事項,鋼筋混凝土造,104年9月18日,四層,一層 二層 三層 四層 騎樓
RPPNMLMJLHLFFAP28CA,22,11.60,共同部份,鋼筋混凝土造,83年6月15日,十一層,
RPPNMLMJLHLFFAP28CA,22,85.37,住家用,鋼筋混凝土造,83年6月15日,十一層,五層
RPPNMLMJLHLFFAP28CA,22,10.13,共同部份,鋼筋混凝土造,83年6月15日,,
RPPNMLLJLHLFFAP18CA,5,210.13,住家用,鋼筋混凝土造,100年4月18日,四層,一層 二層 三層 四層
RPQNMLLJLHLFFAP28CA,5,213.93,住家用,鋼筋混凝土造,100年4月18日,四層,一層 二層 三層 四層
RPUNMLNJLHLFFAP88CA,9,162.62,住家用,鋼筋混凝土造,95年11月7日,三層,一層 二層 三層
RPVNMLNJLHLFFAP98CA,,185.16,見其他登記事項,鋼筋混凝土造,104年8月25日,三層,一層 二層 三層 屋頂突出物 騎樓
RPTNMLOJLHLFFAP88CA,36,105.84,住家用,加強磚造,68年8月20日,二層,一層 二層 騎樓
RPRNMLMJLHLFFAP58DA,23,185.86,住家用,鋼筋混凝土造,82年5月14日,三層,一層 二層 三層
RPTNMLNLLHLFFEP76CA,27,30.96,商業用,鋼筋混凝土造,78年5月10日,九層,二層 通道
RPTNMLNLLHLFFEP76CA,27,17.70,商業用,鋼筋混凝土造,78年5月10日,九層,二層 通道
RPTNMLNLLHLFFEP76CA,27,17.70,商業用,鋼筋混凝土造,78年5月10日,九層,二層 通道
RPTNMLNLLHLFFEP76CA,27,16.82,商業用,鋼筋混凝土造,78年5月10日,九層,二層 通道
RPTNMLNLLHLFFEP76CA,27,14.86,商業用,鋼筋混凝土造,78年5月10日,九層,二層 通道
RPTNMLNLLHLFFEP76CA,27,11.26,商業用,鋼筋混凝土造,78年5月10日,九層,二層 通道
RPTNMLNLLHLFFEP76CA,27,34.45,商業用,鋼筋混凝土造,78年5月10日,九層,二層 通道
RPTNMLNLLHLFFEP76CA,27,29.96,商業用,鋼筋混凝土造,78年5月10日,九層,二層 通道
RPTNMLNLLHLFFEP76CA,27,26.23,商業用,鋼筋混凝土造,78年5月10日,九層,二層 通道
RPTNMLNLLHLFFEP76CA,27,18.23,商業用,鋼筋混凝土造,78年5月10日,九層,二層 通道
RPTNMLNLLHLFFEP76CA,27,15.16,商業用,鋼筋混凝土造,78年5月10日,九層,二層 通道
RPTNMLNLLHLFFEP76CA,27,31.64,商業用,鋼筋混凝土造,78年5月10日,九層,二層 通道
RPTNMLNLLHLFFEP76CA,27,14.45,商業用,鋼筋混凝土造,78年5月10日,九層,二層 通道
RPTNMLNLLHLFFEP76CA,27,15.35,商業用,鋼筋混凝土造,78年5月10日,九層,二層 通道
RPTNMLNLLHLFFEP76CA,27,14.03,商業用,鋼筋混凝土造,78年5月10日,九層,二層 通道
RPTNMLNLLHLFFEP76CA,27,18.10,商業用,鋼筋混凝土造,78年5月10日,九層,二層 通道
RPTNMLNLLHLFFEP76CA,27,15.30,商業用,鋼筋混凝土造,78年5月10日,九層,二層 通道
RPTNMLNLLHLFFEP76CA,27,16.57,商業用,鋼筋混凝土造,78年5月10日,九層,二層 通道
RPTNMLNLLHLFFEP76CA,27,14.48,商業用,鋼筋混凝土造,78年5月10日,九層,二層 通道
RPTNMLNLLHLFFEP76CA,27,15.68,商業用,鋼筋混凝土造,78年5月10日,九層,二層 通道
RPTNMLNLLHLFFEP76CA,27,25.69,商業用,鋼筋混凝土造,78年5月10日,九層,二層 通道
RPTNMLNLLHLFFEP76CA,27,18.23,商業用,鋼筋混凝土造,78年5月10日,九層,二層 通道
RPTNMLNLLHLFFEP76CA,27,23.48,商業用,鋼筋混凝土造,78年5月10日,九層,二層 通道
RPTNMLNLLHLFFEP76CA,27,18.74,商業用,鋼筋混凝土造,78年5月10日,九層,二層 通道
RPTNMLNLLHLFFEP76CA,27,18.29,商業用,鋼筋混凝土造,78年5月10日,九層,二層 通道
RPTNMLNLLHLFFEP76CA,27,13.94,商業用,鋼筋混凝土造,78年5月10日,九層,二層 通道
RPTNMLNLLHLFFEP76CA,27,13.94,商業用,鋼筋混凝土造,78年5月10日,九層,二層 通道
RPTNMLNLLHLFFEP76CA,27,16.40,商業用,鋼筋混凝土造,78年5月10日,九層,二層 通道
RPTNMLNLLHLFFEP76CA,27,17.88,商業用,鋼筋混凝土造,78年5月10日,九層,二層 通道
RPTNMLNLLHLFFEP76CA,27,17.25,商業用,鋼筋混凝土造,78年5月10日,九層,二層 通道
RPTNMLNLLHLFFEP76CA,27,22.68,商業用,鋼筋混凝土造,78年5月10日,九層,二層 通道
RPTNMLNLLHLFFEP76CA,27,175.90,共有部份,鋼筋混凝土造,78年5月10日,九層,
RPPNMLLKLHLFFEP68CA,21,176.99,住家用,鋼筋混凝土造,84年4月6日,三層,一層 二層 三層 騎樓 電梯樓梯間
RPQNMLOKLHLFFBP78CA,,174.99,見其他登記事項,鋼筋混凝土造,104年9月17日,三層,一層 二層 三層 見其他登記事項
RPUNMLLLLHLFFDP56CA,29,223.74,住商用,鋼筋混凝土造,75年11月20日,三層,一層 二層 三層 騎樓
RPPOMLTJLHLFFAP56DA,19,48.31,住家用,鋼筋混凝土造,86年5月15日,十六層,四層
RPPOMLTJLHLFFAP56DA,19,7.74,共同部份,鋼筋混凝土造,86年5月15日,十六層,
RPPOMLTJLHLFFAP56DA,19,15.53,共同部份,鋼筋混凝土造,86年5月15日,十六層,
RPSNMLOJLHLFFFP66CA,30,153.00,住家用,加強磚造,75年4月30日,二層,一層 二層
RPRNMLMJLHLFFEP98DA,20,186.53,住家用,鋼筋混凝土造,84年9月19日,四層,一層 二層 三層 四層
RPPNMLOJLHLFFBP58CA,44,89.43,住家用,鋼筋混凝土加強磚造,61年6月5日,二層,一層 二層 雨遮
RPPNMLPJLHLFFAP58CA,22,118.74,住家用,鋼筋混凝土造,82年12月1日,八層,三層
RPPNMLPJLHLFFAP58CA,22,11.59,共有部份,鋼筋混凝土造,82年12月1日,八層,
RPTNMLQJMHLFFAP56CA,21,82.31,住家用,鋼筋混凝土造,83年9月18日,十四層,十一層
RPTNMLQJMHLFFAP56CA,21,32.49,共同部份,鋼筋混凝土造,83年9月18日,十四層,
RPPNMLNJLHLFFAP38CA,,178.29,見其他登記事項,鋼筋混凝土造,104年8月10日,三層,一層 二層 三層 屋頂突出物 騎樓
RPRNMLOJLHLFFAP68CA,36,105.84,住家用,加強磚造,68年8月20日,二層,一層 二層 騎樓
RPSNMLLJLHLFFDP78CA,16,471.34,見其他登記事項,鋼筋混凝土造,88年7月17日,五層,一層 二層 三層 四層 五層 騎樓 電梯樓梯間
RPSNMLOJLHLFFDP09CA,1,284.53,住家用,鋼筋混凝土造,104年7月9日,四層,一層 二層 三層 四層
RPTNMLQKLHLFFDP86CA,21,103.92,住家用,鋼筋混凝土造,84年4月6日,十二層,六層
RPTNMLQKLHLFFDP86CA,21,12.49,共有部份,鋼筋混凝土造,84年4月6日,十二層,
RPTNMLQKLHLFFDP86CA,21,28.22,共有部份,鋼筋混凝土造,84年4月6日,十二層,
RPQNMLRKLHLFFDP66CA,14,56.27,住家用,鋼筋混凝土造,91年4月25日,六層,五層
RPQNMLRKLHLFFDP66CA,14,9.48,見其他登記事項,鋼筋混凝土造,91年4月25日,六層,
RPQNMLRKLHLFFDP66CA,14,3.02,見其他登記事項,鋼筋混凝土造,91年4月25日,六層,
RPQNMLRKLHLFFDP66CA,14,6.51,見其他登記事項,鋼筋混凝土造,91年4月25日,六層,
RPQNMLNJLHLFFBP58CA,19,189.76,住商用,鋼筋混凝土造,86年6月10日,三層,一層 二層 三層 騎樓 電梯樓梯間
RPTNMLSJLHLFFBP76CA,44,90.23,住家用,鋼筋混凝土加強磚造,61年6月5日,二層,一層 二層 雨遮
RPUNMLMJLHLFFEP56CA,22,251.62,住商用,鋼筋混凝土造,83年3月3日,三層,一層 二層 三層 騎樓 電梯樓梯間
RPPNMLTJLHLFFAP09DA,16,99.94,住家用,鋼筋混凝土造,88年9月26日,五層,二層 三層
RPPNMLTJLHLFFAP09DA,16,19.15,停車空間,鋼筋混凝土造,88年9月26日,五層,
RPPNMLTJLHLFFAP09DA,16,19.45,共同部份,鋼筋混凝土造,88年9月26日,五層,
RPSNMLPLLHLFFDP76CA,50,99.70,住家用,加強磚造,55年5月30日,二層,一層 二層
RPSNMLPLLHLFFDP76CA,50,99.05,住家用,加強磚造,55年5月30日,二層,一層 二層
RPQNMLRJLHLFFCP56DA,,196.35,見其他登記事項,鋼筋混凝土造,104年11月18日,三層,一層 二層 三層 屋頂突出物
RPRNMLSJLHLFFBP56CA,21,218.07,住家用,鋼筋混凝土造,84年1月2日,三層,一層 二層 三層 電梯樓梯間 地下層
RPTNMLPLLHLFFDP86CA,1,199.09,見其他登記事項,鋼筋混凝土造,104年7月9日,三層,一層 二層 三層 屋頂突出物
RPQNMLQJLHLFFBP88CA,34,76.34,住商用,加強磚造,71年4月7日,二層,一層 二層 騎樓 電梯樓梯間
RPPNMLNLLHLFFBP68CA,2,225.01,見其他登記事項,鋼筋混凝土造,102年12月25日,三層,一層 二層 三層 見其他登記事項
RPUNMLRJLHLFFDP96CA,3,196.07,住家用,鋼筋混凝土造,102年2月5日,四層,一層 二層 三層 四層
RPSNMLRJLHLFFAP09CA,3,285.61,見其他登記事項,鋼筋混凝土造,102年5月10日,四層,一層 二層 三層 四層 電梯樓梯間
RPVNMLTJLHLFFAP96CA,34,129.78,住家用,加強磚造,70年8月31日,二層,一層 二層 騎樓 電梯樓梯間
RPUNMLRJLHLFFAP66CA,35,116.30,住家用,加強磚造,70年3月2日,二層,一層 二層 電梯樓梯間
RPTNMLTJLHLFFCP96CA,1,218.96,見其他登記事項,鋼筋混凝土造,104年5月4日,三層,一層 二層 三層 見其他登記事項
RPRNMLLKLHLFFDP78CA,,276.74,住家用,鋼筋混凝土造,105年1月14日,三層,一層 二層 三層
RPQNMLLKLHLFFDP68CA,,269.24,住家用,鋼筋混凝土造,105年1月14日,三層,一層 二層 三層
RPPNMLSLLHLFFDP76CA,20,202.02,住家用,鋼筋混凝土造,84年12月4日,五層,一層 二層 三層 四層 五層
RPPNMLSLLHLFFDP76CA,20,3.36,共有部份,鋼筋混凝土造,84年12月4日,五層,
RPPNMLSLLHLFFDP76CA,20,19.24,共有部份,鋼筋混凝土造,84年12月4日,五層,
RPQNMLSJLHLFFAP98CA,26,155.24,住家用,鋼筋混凝土造,79年3月15日,二層,
RPSNMLTJLHLFFCP07EA,19,164.99,住家用,鋼筋混凝土造,85年8月22日,四層,一層 二層 三層 四層
RPXNMLPLLHLFFAP96CA,38,99.14,住家用,加強磚造,66年12月19日,二層,一層 二層
RPPNMLSJLHLFFFP86DA,36,156.40,見其他登記事項,加強磚造,69年6月20日,二層,一層 二層 騎樓
RPRNMLTJLHLFFAP76EA,22,85.58,住家用,鋼筋混凝土造,83年6月15日,七層,四層
RPRNMLTJLHLFFAP76EA,22,14.36,共同部份,鋼筋混凝土造,83年6月15日,十二層,
RPRNMLTJLHLFFAP76EA,22,10.13,共同部份,鋼筋混凝土造,83年6月15日,,
RPPNMLTLLHLFFDP86CA,1,175.21,住家用,鋼筋混凝土造,104年7月29日,三層,一層 二層 三層
RPPNMLPJLHLFFEP98CA,18,210.08,見其他登記事項,鋼筋混凝土造,86年11月10日,三層,一層 二層 三層 騎樓 電梯樓梯間
RPSNMLTJLHLFFEP07CA,35,96.96,住家用,鋼筋混凝土加強磚造,69年9月10日,二層,一層 二層
RPPNMLLKLHLFFDP58CA,3,218.90,見其他登記事項,鋼筋混凝土造,101年10月15日,三層,一層 二層 三層 電梯樓梯間
RPQNMLKMLHLFFDP88DA,35,27.79,住家用,加強磚造,69年10月14日,二層,一層 二層 電梯樓梯間
RPPNMLSJLHLFFCP09CA,,178.70,見其他登記事項,鋼筋混凝土造,104年11月10日,三層,一層 二層 三層 見其他登記事項
RPQNMLOKLHLFFDP09DA,,173.29,見其他登記事項,鋼筋混凝土造,104年12月1日,三層,一層 二層 三層 騎樓 見其他登記事項
RPTNMLSJLHLFFAP66CA,1,174.82,住家用,鋼筋混凝土造,104年5月7日,四層,一層 二層 三層 四層
RPSNMLSJLHLFFAP56CA,1,174.71,住家用,鋼筋混凝土造,104年5月7日,四層,一層 二層 三層 四層
RPQNMLKKLHLFFBP38CA,1,106.51,見其他登記事項,鋼筋混凝土造,104年4月20日,三層,一層 二層 三層 見其他登記事項
RPQNMLKKLHLFFBP38CA,1,106.51,見其他登記事項,鋼筋混凝土造,104年4月20日,三層,一層 二層 三層 見其他登記事項
RPUNMLSJLHLFFAP76CA,1,174.82,住家用,鋼筋混凝土造,104年5月7日,四層,一層 二層 三層 四層
RPOOMLPKLHLFFAP68CA,2,278.17,見其他登記事項,鋼筋混凝土造,103年1月27日,四層,
RPUNMLSKLHLFFDP17CA,1,202.44,住家用,鋼筋混凝土造,104年5月18日,四層,一層 二層 三層 四層
RPTNMLTJLHLFFAP76CA,19,96.61,住家用,鋼筋混凝土造,86年1月8日,七層,四層
RPTNMLTJLHLFFAP76CA,19,18.15,共同部份,鋼筋混凝土造,86年1月8日,七層,
RPTNMLTJLHLFFAP76CA,19,10.79,共同部份,鋼筋混凝土造,86年1月8日,七層,
RPXNMLTJLHLFFAP17CA,15,194.65,住家用,鋼筋混凝土造,89年9月25日,四層,
RPRNMLSLLHLFFEP17DA,17,155.87,住家用,鋼筋混凝土造,87年8月17日,三層,一層 二層 三層 騎樓 電梯樓梯間
RPSNMLRKLHLFFDP86CA,,193.81,見其他登記事項,鋼筋混凝土造,104年10月7日,三層,一層 二層 三層 見其他登記事項
RPSNMLNLLHLFFDP56CA,1,260.47,見其他登記事項,鋼筋混凝土造,103年12月29日,三層,一層 二層 三層 見其他登記事項
RPPNMLPJMHLFFAP68CA,35,115.55,住家用,加強磚造,70年4月10日,二層,一層 二層 騎樓 電梯樓梯間
RPWNMLTJLHLFFAP07CA,10,223.06,見其他登記事項,鋼筋混凝土造,94年12月10日,四層,一層 二層 三層 四層 電梯樓梯間 見其他登記事項
RPRNMLKKLHLFFBP48CA,32,148.68,住家用,鋼筋混凝土造,73年4月5日,二層,一層 二層 電梯樓梯間
RPSNMLKKLHLFFEP98DA,17,107.89,見其他登記事項,鋼筋混凝土造,88年6月3日,十層,三層
RPSNMLKKLHLFFEP98DA,17,.29,見其他登記事項,鋼筋混凝土造,88年6月3日,一層,
RPSNMLKKLHLFFEP98DA,17,55.39,見其他登記事項,鋼筋混凝土造,88年6月3日,10,
RPSNMLKKLHLFFEP98DA,17,18.01,見其他登記事項,,88年6月3日,十層,
RPVNMLNLLHLFFFP17DA,17,353.29,農舍,加強磚造,88年4月12日,二層,一層 二層 電梯樓梯間
RPVNMLLKLHLFFAP09EA,23,132.53,見其他登記事項,加強磚造,82年2月4日,二層,一層 二層 屋頂突出物
RPWNMLKKLHLFFEP76DA,15,199.99,住商用,鋼筋混凝土造,89年11月30日,三層,一層 二層 三層 電梯樓梯間
RPPNMLKKLHLFFBP28CA,1,209.27,見其他登記事項,鋼筋混凝土造,104年4月20日,三層,一層 二層 三層 見其他登記事項
RPPNMLSKLHLFFCP56CA,1,198.97,見其他登記事項,鋼筋混凝土造,104年8月31日,三層,一層 二層 三層 見其他登記事項
RPPNMLOKLHLFFEP98CA,77,127.72,住商用,磚造,28年1月1日,二層,一層 二層 騎樓
RPPNMLOKLHLFFBP68CA,35,106.76,住商用,加強磚造,70年6月1日,二層,一層 二層 騎樓
RPXNMLSLLHLFFFP77CA,2,185.58,見其他登記事項,鋼筋混凝土造,103年7月24日,三層,一層 二層 三層 見其他登記事項
RPSNMLPKLHLFFAP98CA,1,191.62,住家用,鋼筋混凝土造,104年4月19日,四層,一層 二層 三層 四層
RPOOMLTJLHLFFAP98CA,1,318.32,見其他登記事項,鋼筋混凝土造,103年8月22日,四層,一層 二層 三層 四層 屋頂突出物 騎樓
RPPNMLLKLHLFFAP28CA,20,156.79,住家用,鋼筋混凝土造,85年2月29日,三層,一層 二層 三層 電梯樓梯間
RPSNMLRKLHLFFAP56CA,35,117.77,住家用,加強磚造,69年10月20日,二層,一層 二層
RPQNMLOLLHLFFAP78CA,8,185.14,見其他登記事項,鋼筋混凝土造,96年9月17日,三層,一層 二層 三層 電梯樓梯間
RPVOMLPKLHLFFAP76CA,23,183.53,住家用,鋼筋混凝土造,82年4月21日,二層,一層 二層 電梯樓梯間
RPQNMLLKLHLFFAP38CA,1,174.82,住家用,鋼筋混凝土造,104年6月5日,四層,一層 二層 三層 四層
RPPNMLMKLHLFFAP38CA,1,229.58,見其他登記事項,鋼筋混凝土造,104年3月20日,三層,一層 二層 三層 屋頂突出物
RPRNMLOKLHLFFAP78CA,2,193.81,見其他登記事項,鋼筋混凝土造,103年6月18日,三層,一層 二層 三層 屋頂突出物
RPRNMLSLLHLFFDP96CA,13,234.44,住商用,鋼筋混凝土造,92年7月30日,三層,
RPQNMLLKLHLFFFP88CA,34,94.60,住商用,加強磚造,71年6月7日,二層,一層 二層
RPTNMLLLLHLFFDP09CA,22,110.65,住家用,鋼筋混凝土造,83年3月17日,九層,三層
RPTNMLLLLHLFFDP09CA,22,24.46,共有部份,鋼筋混凝土造,83年3月17日,九層,
RPTNMLLLLHLFFDP09CA,22,25.40,共有部份,鋼筋混凝土造,83年3月17日,九層,
RPTNMLLKLHLFFEP09CA,36,103.88,住商用,鋼筋混凝土加強磚造,69年6月20日,二層,一層 二層 騎樓
RPWNMLLKLHLFFEP76CA,22,183.54,住商用,鋼筋混凝土造,83年3月3日,三層,一層 二層 三層 騎樓 電梯樓梯間
RPWNMLPKLHLFFAP96EA,12,18.58,住家用,鋼筋混凝土造,93年3月26日,五層,二層
RPWNMLPKLHLFFAP96EA,12,12.45,共同部份,鋼筋混凝土造,93年3月26日,五層,
RPQNMLLLLHLFFAP58DA,1,217.77,住家用,鋼筋混凝土造,104年4月20日,四層,一層 二層 三層 四層
RPRNMLRKLHLFFBP56CA,18,171.29,住商用,鋼筋混凝土造,86年10月1日,四層,一層 二層 三層 四層
RPRNMLRKLHLFFBP56CA,18,24.11,見其他登記事項,鋼筋混凝土造,86年10月1日,地下層,
RPOOMLSJMHLFFDP66CA,,147.35,住家用,鋼筋混凝土造,104年10月12日,三層,一層 二層 三層
RPRNMLQKLHLFFAP98CA,47,75.80,住家用,加強磚造,58年2月1日,,一層 騎樓
RPRNMLPKLHLFFAP88CA,1,187.42,住家用,鋼筋混凝土造,104年4月19日,四層,一層 二層 三層 四層
RPRNMLNKMHLFFAP78CA,19,46.29,住家用,鋼筋混凝土造,86年5月15日,十六層,八層
RPRNMLNKMHLFFAP78CA,19,14.92,共同部份,鋼筋混凝土造,86年5月15日,十六層,
RPRNMLNKMHLFFAP78CA,19,7.37,共同部份,鋼筋混凝土造,86年5月15日,十六層,
RPPOMLSKLHLFFDP76CA,33,190.32,住家用,加強磚造,72年5月25日,三層,一層 二層 三層 騎樓
RPUOMLPKLHLFFAP76DA,23,92.40,住家用,鋼筋混凝土造,82年7月12日,二層,一層 二層
RPSNMLLLLHLFFDP98CA,2,207.10,見其他登記事項,鋼筋混凝土造,102年11月1日,三層,一層 二層 三層
RPSNMLSKLHLFFEP17DA,22,198.38,住家用,鋼筋混凝土造,82年9月17日,三層,一層 二層 三層 騎樓 電梯樓梯間
RPPNMLRKLHLFFCP66EA,38,130.40,住商用,見其他登記事項,67年7月21日,二層,一層 二層 騎樓
RPRNMLSKLHLFFAP76EA,21,199.46,住商用,鋼筋混凝土造,84年2月28日,四層,一層 二層 三層 四層 騎樓 電梯樓梯間
RPPNMLRKLHLFFBP56EA,17,229.44,住商用,鋼筋混凝土造,88年6月20日,三層,一層 二層 三層 騎樓 電梯樓梯間
RPRNMLRJMHLFFBP56CA,2,225.01,見其他登記事項,鋼筋混凝土造,102年12月25日,三層,一層 二層 三層 見其他登記事項
RPPNMLSKLHLFFDP66CA,,192.96,見其他登記事項,鋼筋混凝土造,104年9月17日,三層,一層 二層 三層 見其他登記事項
RPQNMLLLLHLFFEP88CA,16,134.11,農舍,加強磚造,89年1月15日,一層,一層
RPQOMLSJMHLFFDP86CA,,140.70,見其他登記事項,鋼筋混凝土造,104年10月12日,三層,一層 二層 三層
RPQNMLLLLHLFFCP68CA,21,244.33,住商用,鋼筋混凝土造,84年5月13日,四層,一層 二層 三層 四層 騎樓 見其他登記事項
RPVNMLRKLHLFFAP86CA,35,79.37,住家用,加強磚造,69年10月7日,二層,一層 二層 電梯樓梯間
RPRNMLRKLHLFFAP56DA,35,122.01,住商用,加強磚造,70年4月20日,二層,一層 二層 騎樓 電梯樓梯間
RPSNMLQKLHLFFAP56DA,23,159.40,住商用,加強磚造,81年10月22日,三層,一層 二層 三層 騎樓 電梯樓梯間
RPPNMLMLLHLFFDP88DA,22,15.15,住家用,鋼筋混凝土造,83年6月14日,九層,七層
RPPNMLMLLHLFFDP88DA,22,5.81,共有部份,鋼筋混凝土造,83年6月14日,九層,
RPPNMLMKMHLFFDP78CA,,221.13,住家用,鋼筋混凝土造,104年10月27日,四層,一層 二層 三層 四層
RPRNMLLKMHLFFDP88CA,1,261.85,見其他登記事項,鋼筋混凝土造,103年12月29日,三層,一層 二層 三層 見其他登記事項
RPUNMLSJMHLFFDP17CA,20,107.38,住家用,鋼筋混凝土造,85年3月9日,十三層,十一層
RPUNMLSJMHLFFDP17CA,20,19.69,共有部份,鋼筋混凝土造,85年3月9日,十三層,
RPUNMLSJMHLFFDP17CA,20,8.96,共有部份,鋼筋混凝土造,85年3月9日,十三層,
RPROMLNLLHLFFAP98DA,1,71.56,見其他登記事項,鋼筋混凝土造,104年5月12日,五層,五層
RPROMLNLLHLFFAP98DA,1,6.99,見其他登記事項,鋼筋混凝土造,104年5月12日,五層,
RPROMLNLLHLFFAP98DA,1,10.90,見其他登記事項,鋼筋混凝土造,104年5月12日,五層,
RPQOMLNLLHLFFAP88DA,1,62.93,見其他登記事項,鋼筋混凝土造,104年5月12日,五層,五層
RPQOMLNLLHLFFAP88DA,1,6.15,見其他登記事項,鋼筋混凝土造,104年5月12日,五層,
RPQOMLNLLHLFFAP88DA,1,9.55,見其他登記事項,鋼筋混凝土造,104年5月12日,五層,
RPSNMLSKLHLFFCP86CA,26,202.82,住家用,見其他登記事項,78年8月28日,二層,一層 二層 電梯樓梯間 夾層
RPPNMLTKLHLFFCP66CA,19,208.71,住商用,鋼筋混凝土造,86年8月14日,四層,一層 二層 三層 四層 騎樓
RPSNMLSKLHLFFAP66CA,1,174.71,住家用,鋼筋混凝土造,104年5月7日,四層,一層 二層 三層 四層
RPRNMLMLLHLFFBP78CA,34,108.35,住家用,加強磚造,70年8月4日,二層,一層 二層 騎樓
RPRNMLMLLHLFFBP78CA,34,108.35,住家用,加強磚造,70年8月4日,二層,一層 二層 騎樓
RPSNMLSKLHLFFDP96CA,10,244.37,住家用,鋼筋混凝土造,94年10月13日,四層,一層 二層 三層 四層
RPQNMLNLLHLFFAP68CA,3,233.61,見其他登記事項,鋼筋混凝土造,102年4月24日,三層,一層 二層 三層 電梯樓梯間
RPTNMLSKLHLFFDP07CA,26,345.46,住商用,鋼筋混凝土造,78年10月8日,四層,一層 二層 三層 四層 騎樓 電梯樓梯間 地下層
RPSNMLRKLHLFFEP07DA,20,266.51,住家用,鋼筋混凝土造,84年10月14日,五層,一層 二層 三層 四層 五層 電梯樓梯間 地下層
RPPNMLLLLHLFFCP58CA,21,206.74,住家用,鋼筋混凝土造,84年8月23日,四層,一層 二層 三層 四層 騎樓
RPPNMLMLLHLFFFP98CA,18,26.42,住家用,鋼筋混凝土造,87年3月18日,八層,六層
RPPNMLMLLHLFFFP98CA,18,3.30,共有部份,鋼筋混凝土造,87年3月18日,八層,
RPPNMLMLLHLFFFP98CA,18,8.04,共有部份,鋼筋混凝土造,87年3月18日,八層,
RPTNMLMLLHLFFDP66DA,12,208.84,住家用,鋼筋混凝土造,93年7月16日,四層,一層 二層 三層 四層
RPWNMLLLLHLFFBP76EA,36,131.36,住家用,加強磚造,69年4月5日,二層,一層 二層 騎樓 電梯樓梯間
RPPNMLSKMHLFFDP86DA,21,195.19,住家用,鋼筋混凝土造,84年2月17日,三層,一層 二層 三層 電梯樓梯間
RPPOMLMJNHLFFAP58CA,,249.85,住家用,鋼筋混凝土造,104年11月25日,四層,一層 二層 三層 四層
RPQNMLMLLHLFFCP78CA,45,126.21,住商用,鋼筋混凝土加強磚造,59年10月21日,二層,一層 二層 騎樓
RPRNMLLLLHLFFEP98CA,21,185.69,住家用,見其他登記事項,84年5月10日,三層,一層 二層 三層 電梯樓梯間
RPRNMLNKMHLFFFP66CA,,160.91,見其他登記事項,鋼筋混凝土造,104年10月16日,三層,見其他登記事項
RPPNMLNKMHLFFFP09CA,,184.08,見其他登記事項,鋼筋混凝土造,104年10月16日,三層,見其他登記事項
RPSNMLNKMHLFFFP76CA,,173.36,見其他登記事項,鋼筋混凝土造,104年10月16日,三層,見其他登記事項
RPQNMLNKMHLFFFP56CA,,160.91,見其他登記事項,鋼筋混凝土造,104年10月16日,三層,見其他登記事項
RPPNMLPLLHLFFCP98CA,1,216.96,見其他登記事項,鋼筋混凝土造,104年3月17日,三層,一層 二層 三層 見其他登記事項
RPTNMLNLLHLFFAP98CA,35,114.79,住家用,加強磚造,70年2月10日,二層,一層 二層 電梯樓梯間
RPPOMLNLLHLFFAP68CA,3,210.04,住家用,鋼筋混凝土造,102年5月29日,四層,一層 二層 三層 四層
RPSOMLNLLHLFFAP98CA,34,102.55,住商用,加強磚造,71年5月20日,二層,一層 二層 騎樓
RPSNMLSJMHLFFCP86CA,21,70.26,住家用,鋼筋混凝土造,84年4月10日,四層,一層 二層 三層 四層 騎樓 電梯樓梯間
RPQNMLOLLHLFFEP56CA,36,127.68,住家用,加強磚造,68年11月4日,二層,一層 二層
RPPNMLNLLHLFFDP98DA,44,106.55,住商用,加強磚造,60年11月25日,二層,一層 二層 騎樓
RPTNMLNKMHLFFFP86CA,,169.47,見其他登記事項,鋼筋混凝土造,104年10月16日,三層,見其他登記事項
RPQNMLQLLHLFFFP86CA,22,131.89,住家用,鋼筋混凝土造,83年3月8日,三層,一層 二層 三層
RPUNMLNKMHLFFFP96CA,,176.06,見其他登記事項,鋼筋混凝土造,104年10月16日,三層,一層 二層 三層
RPPNMLTLLHLFFEP96CA,20,142.18,住家用,鋼筋混凝土造,84年10月19日,三層,一層 二層 三層
RPSNMLRJMHLFFEP07DA,25,181.40,住商用,鋼筋混凝土加強磚造,79年8月28日,二層,一層 二層 騎樓 電梯樓梯間
RPPNMLMLMHLFFDP88CA,35,51.92,住商用,加強磚造,70年6月23日,二層,一層 二層 騎樓
RPPNMLMLMHLFFDP88CA,35,51.92,住商用,加強磚造,70年6月23日,二層,一層 二層 騎樓
RPQOMLMJNHLFFAP68CA,,250.95,住家用,鋼筋混凝土造,104年11月25日,四層,一層 二層 三層 四層
RPSNMLOLLHLFFAP98CA,19,28.18,住家用,鋼筋混凝土造,86年5月15日,十六層,五層
RPSNMLOLLHLFFAP98CA,19,4.51,共有部份,鋼筋混凝土造,86年5月15日,十六層,
RPSNMLOLLHLFFAP98CA,19,9.27,共有部份,鋼筋混凝土造,86年5月15日,十六層,
RPUNMLPLLHLFFAP66CA,37,81.60,住商用,加強磚造,68年2月7日,三層,一層 二層 三層
RPROMLPLLHLFFAP09CA,9,174.25,住家用,鋼筋混凝土造,95年12月1日,三層,一層 二層 三層
RPPNMLOLLHLFFAP88EA,33,113.47,住商用,加強磚造,72年5月31日,二層,一層 二層 騎樓
RPSNMLPLLHLFFAP09CA,1,197.68,住家用,鋼筋混凝土造,104年6月5日,四層,一層 二層 三層 四層
RPRNMLSLLHLFFAP66CA,35,91.06,住家用,加強磚造,70年8月4日,二層,一層 二層
RPSOMLSLLHLFFAP86CA,19,27.85,住家用,鋼筋混凝土造,86年5月15日,十六層,五層
RPSOMLSLLHLFFAP86CA,19,4.42,共有部份,鋼筋混凝土造,86年5月15日,十六層,
RPSOMLSLLHLFFAP86CA,19,9.16,共有部份,鋼筋混凝土造,86年5月15日,十六層,
RPPOMLSLLHLFFAP56CA,16,110.52,住家用,鋼筋混凝土造,88年9月26日,五層,四層 五層 屋頂突出物
RPPOMLSLLHLFFAP56CA,16,19.15,停車空間,鋼筋混凝土造,88年9月26日,五層,
RPPOMLSLLHLFFAP56CA,16,21.57,共同部份,鋼筋混凝土造,88年9月26日,五層,
RPWNMLPKMHLFFAP86CA,8,209.63,見其他登記事項,鋼筋混凝土造,97年3月19日,四層,一層 二層 三層 四層 見其他登記事項
RPOOMLMLMHLFFAP78EA,24,96.43,住家用,鋼筋混凝土造,81年1月13日,六層,三層
RPOOMLMLMHLFFAP78EA,24,42.51,共同部份,鋼筋混凝土造,81年1月13日,六層,
RPQNMLTLLHLFFDP96CA,22,225.28,住商用,鋼筋混凝土造,83年6月25日,四層,一層 二層 三層 四層 電梯樓梯間
RPPNMLPKMHLFFDP09CA,1,203.85,見其他登記事項,鋼筋混凝土造,104年11月17日,三層,一層 二層 三層 屋頂突出物 見其他登記事項
RPUNMLNKMHLFFDP76CA,1,203.85,見其他登記事項,鋼筋混凝土造,104年11月17日,三層,一層 二層 三層 屋頂突出物 見其他登記事項
RPRNMLNKMHLFFDP09CA,1,197.37,見其他登記事項,鋼筋混凝土造,104年11月17日,三層,一層 二層 三層 屋頂突出物
RPSNMLNKMHLFFDP56CA,1,208.16,住家用,鋼筋混凝土造,104年11月17日,三層,一層 二層 三層
RPWNMLNKMHLFFDP96CA,1,203.85,見其他登記事項,鋼筋混凝土造,104年11月17日,三層,一層 二層 三層 屋頂突出物 見其他登記事項
RPOOMLNKMHLFFDP88CA,1,194.17,見其他登記事項,鋼筋混凝土造,104年11月17日,三層,一層 二層 三層 屋頂突出物
RPXNMLNKMHLFFDP07CA,1,194.09,見其他登記事項,鋼筋混凝土造,104年11月17日,三層,一層 二層 三層 屋頂突出物
RPPNMLLLMHLFFBP78EA,37,114.14,住家用,加強磚造,67年11月30日,二層,一層 二層 騎樓 電梯樓梯間
RPRNMLTLLHLFFCP07DA,19,187.39,住商用,鋼筋混凝土造,85年11月1日,三層,一層 二層 三層 騎樓 電梯樓梯間
RPUNMLOKMHLFFDP96DA,33,142.38,住家用,加強磚造,72年3月20日,二層,一層 二層 電梯樓梯間
RPPNMLTLLHLFFAP56CA,2,61.84,見其他登記事項,鋼筋混凝土造,103年9月4日,四層,一層
RPPNMLTLLHLFFAP56CA,2,5.50,見其他登記事項,鋼筋混凝土造,103年9月4日,四層,
RPROMLSLLHLFFAP76CA,1,178.50,見其他登記事項,鋼筋混凝土造,103年12月30日,三層,一層 二層 三層 屋頂突出物
RPUNMLSLLHLFFAP96CA,24,147.82,住家用,鋼筋混凝土造,81年7月22日,三層,一層 二層 三層 電梯樓梯間
RPXNMLSLLHLFFAP27CA,2,175.23,住家用,鋼筋混凝土造,103年4月25日,四層,一層 二層 三層 四層
RPVNMLNKMHLFFAP56CA,21,81.83,住家用,鋼筋混凝土造,83年11月20日,十四層,十層
RPVNMLNKMHLFFAP56CA,21,21.74,共同部份,鋼筋混凝土造,83年11月20日,十四層,
RPVNMLNKMHLFFAP56CA,21,10.51,共同部份,鋼筋混凝土造,83年11月20日,十四層,
RPPNMLKMLHLFFAP38CA,22,155.71,住家用,鋼筋混凝土造,83年8月25日,三層,一層 二層 三層 電梯樓梯間
RPPNMLTLLHLFFCP96EA,41,122.96,住商用,加強磚造,64年6月30日,二層,一層 二層 騎樓
RPSNMLTLLHLFFDP17CA,16,57.63,住家用,鋼筋混凝土造,88年11月30日,九層,一層
RPSNMLTLLHLFFDP17CA,16,13.07,共有部份,鋼筋混凝土造,88年11月30日,九層,
RPSNMLTLLHLFFDP17CA,16,6.57,共有部份,鋼筋混凝土造,88年11月30日,九層,
RPSNMLTLLHLFFEP27CA,42,97.90,住家用,加強磚造,63年2月15日,二層,一層 二層 陽台 騎樓
RPTNMLLJMHLFFAP78DA,1,349.13,見其他登記事項,鋼筋混凝土造,104年8月14日,四層,一層 二層 三層 四層
RPXNMLLMLHLFFCP96DA,,193.53,見其他登記事項,鋼筋混凝土造,105年1月21日,三層,一層 二層 三層 見其他登記事項
RPVNMLLMLHLFFCP76DA,,191.11,見其他登記事項,鋼筋混凝土造,105年1月21日,三層,一層 二層 三層 見其他登記事項
RPWNMLLMLHLFFCP86DA,,191.11,見其他登記事項,鋼筋混凝土造,105年1月21日,三層,一層 二層 三層 見其他登記事項
RPTNMLRJMHLFFEP17DA,20,92.42,住家用,鋼筋混凝土造,85年6月26日,八層,四層
RPTNMLRJMHLFFEP17DA,20,12.15,見其他登記事項,鋼筋混凝土造,85年6月26日,八層,
RPTNMLRJMHLFFEP17DA,20,14.47,見其他登記事項,鋼筋混凝土造,85年6月26日,,
RPRNMLLLMHLFFDP98CA,1,210.85,住家用,鋼筋混凝土造,104年11月17日,三層,一層 二層 三層
RPQNMLLLMHLFFDP88CA,,181.55,住家用,鋼筋混凝土造,104年11月17日,三層,一層 二層 三層
RPUNMLKMLHLFFEP76DA,36,114.01,住家用,鋼筋混凝土加強磚造,68年12月20日,二層,一層 二層
RPUNMLKMLHLFFAP88CA,36,143.15,見其他登記事項,鋼筋混凝土造,68年12月30日,三層,一層 二層 三層 屋頂突出物 騎樓 地下一層
RPRNMLLJMHLFFDP78CA,22,42.08,住家用,鋼筋混凝土造,83年6月14日,九層,六層
RPRNMLLJMHLFFDP78CA,22,16.19,共有部份,鋼筋混凝土造,83年6月14日,九層,
RPPNMLLJMHLFFBP48DA,42,92.55,住家用,鋼筋混凝土加強磚造,62年10月3日,二層,一層 二層
RPXNMLLMLHLFFAP66CA,21,89.81,住家用,鋼筋混凝土造,83年10月20日,八層,四層
RPXNMLLMLHLFFAP66CA,21,27.09,共同部份,鋼筋混凝土造,83年10月20日,八層,
RPXNMLLMLHLFFAP66CA,21,7.76,共同部份,鋼筋混凝土造,83年10月20日,八層,
RPVNMLLMLHLFFAP09CA,19,103.51,住家用,鋼筋混凝土造,86年2月11日,十三層,三層
RPVNMLLMLHLFFAP09CA,19,27.76,共同部份,鋼筋混凝土造,86年2月11日,十四層,
RPSNMLMKMHLFFAP78CA,2,280.65,見其他登記事項,鋼筋混凝土造,103年1月27日,四層,
RPPNMLLMLHLFFBP78EA,33,116.87,住商用,加強磚造,71年9月20日,二層,一層 二層 騎樓
RPPNMLOKMHLFFFP56CA,8,210.05,見其他登記事項,見其他登記事項,97年7月11日,四層,一層 二層 三層 四層 見其他登記事項
RPQNMLQJMHLFFDP56CA,2,218.34,見其他登記事項,鋼筋混凝土造,103年7月14日,三層,一層 二層 三層 見其他登記事項
RPPNMLQJMHLFFAP88DA,22,205.38,住家用,鋼筋混凝土造,82年10月12日,三層,一層 二層 三層 電梯樓梯間 見其他登記事項
RPQNMLSJMHLFFBP56CA,34,196.40,住商用,鋼筋混凝土加強磚造,70年12月31日,三層,一層 二層 三層 騎樓 電梯樓梯間
RPXNMLLJMHLFFAP56DA,38,109.96,住家用,加強磚造,67年5月1日,二層,一層 二層 騎樓
RPRNMLKLMHLFFCP78CA,17,204.74,住家用,鋼筋混凝土造,87年12月3日,三層,一層 二層 三層 電梯樓梯間
RPRNMLMKMHLFFDP98CA,1,185.10,住家用,鋼筋混凝土造,104年5月19日,三層,一層 二層 三層
RPPNMLTJMHLFFAP09CA,55,590.24,住商用,加強磚造,50年1月1日,四層,一層 二層 三層 四層 騎樓
RPVNMLMLMHLFFAP56CA,12,18.27,住家用,鋼筋混凝土造,93年3月26日,五層,四層
RPVNMLMLMHLFFAP56CA,12,12.45,共同部份,鋼筋混凝土造,93年3月26日,五層,
RPOOMLOKMHLFFDP98CA,19,550.77,商業用,鋼筋混凝土造,86年7月31日,七層,一層 騎樓
RPOOMLOKMHLFFDP98CA,19,246.36,共有部份,鋼筋混凝土造,86年7月31日,七層,
RPOOMLOKMHLFFDP98CA,19,564.18,見其他登記事項,鋼筋混凝土造,86年7月31日,七層,二層
RPOOMLOKMHLFFDP98CA,19,253.50,共有部份,鋼筋混凝土造,86年7月31日,七層,
RPOOMLOKMHLFFDP98CA,19,576.39,見其他登記事項,鋼筋混凝土造,86年7月31日,七層,三層
RPOOMLOKMHLFFDP98CA,19,257.07,共有部份,鋼筋混凝土造,86年7月31日,七層,
RPOOMLOKMHLFFDP98CA,19,576.39,見其他登記事項,鋼筋混凝土造,86年7月31日,七層,四層
RPOOMLOKMHLFFDP98CA,19,257.07,共有部份,鋼筋混凝土造,86年7月31日,七層,
RPOOMLOKMHLFFDP98CA,19,576.39,見其他登記事項,鋼筋混凝土造,86年7月31日,七層,五層
RPOOMLOKMHLFFDP98CA,19,257.07,共有部份,鋼筋混凝土造,86年7月31日,七層,
RPOOMLOKMHLFFDP98CA,19,576.39,見其他登記事項,鋼筋混凝土造,86年7月31日,七層,六層
RPOOMLOKMHLFFDP98CA,19,257.07,共有部份,鋼筋混凝土造,86年7月31日,七層,
RPOOMLOKMHLFFDP98CA,19,576.39,見其他登記事項,鋼筋混凝土造,86年7月31日,七層,七層
RPOOMLOKMHLFFDP98CA,19,257.07,共有部份,鋼筋混凝土造,86年7月31日,七層,
RPSNMLLJMHLFFAP78EA,36,119.96,住商用,加強磚造,69年5月17日,二層,一層 二層 騎樓 電梯樓梯間
RPQNMLLKMHLFFAP68EA,17,177.68,住商用,鋼筋混凝土造,88年8月29日,三層,一層 二層 三層 騎樓 電梯樓梯間
RPXNMLLKMHLFFAP56CA,2,178.94,住家用,鋼筋混凝土造,103年8月20日,三層,一層 二層 三層 電梯樓梯間
RPPNMLTLMHLFFCP86CA,22,236.69,住商用,鋼筋混凝土造,83年3月19日,三層,一層 二層 三層 騎樓 電梯樓梯間
RPWNMLLJMHLFFAP98CA,34,200.61,住商用,見其他登記事項,71年2月26日,三層,一層 二層 三層 騎樓 電梯樓梯間 地下層
RPVNMLKLMHLFFDP66CA,38,96.40,住商用,加強磚造,67年6月18日,二層,一層 二層
RPPNMLKLMHLFFAP38CA,,210.40,見其他登記事項,鋼筋混凝土造,104年10月31日,三層,一層 二層 三層 屋頂突出物
RPRNMLKLMHLFFAP58CA,,214.40,見其他登記事項,鋼筋混凝土造,104年10月31日,三層,一層 二層 三層 屋頂突出物
RPSNMLKLMHLFFAP68CA,,212.40,見其他登記事項,鋼筋混凝土造,104年10月31日,三層,一層 二層 三層 屋頂突出物
RPQNMLKLMHLFFAP48CA,,227.85,見其他登記事項,鋼筋混凝土造,104年10月31日,三層,一層 二層 三層 屋頂突出物
RPSNMLQJMHLFFCP76DA,35,126.56,住商用,加強磚造,69年10月16日,二層,一層 二層 騎樓 電梯樓梯間
RPPNMLLJNHLFFAP38CA,2,82.54,住家用,鋼筋混凝土造,103年8月20日,三層,一層 二層 三層
RPUNMLRJMHLFFDP17DA,21,97.06,住家用,鋼筋混凝土造,84年4月6日,十二層,五層
RPUNMLRJMHLFFDP17DA,21,4.22,共有部份,鋼筋混凝土造,84年4月6日,十二層,
RPUNMLRJMHLFFDP17DA,21,12.72,共有部份,鋼筋混凝土造,84年4月6日,十二層,
RPTNMLRJMHLFFDP96CA,2,267.55,住家用,鋼筋混凝土造,103年6月4日,四層,一層 二層 三層 四層
RPPNMLSJMHLFFCP56CA,1,235.61,見其他登記事項,鋼筋混凝土造,104年5月4日,三層,一層 二層 三層 見其他登記事項
RPSNMLMKMHLFFDP09CA,35,113.32,住家用,加強磚造,70年6月19日,三層,一層 二層 三層
RPRNMLTKMHLFFFP27CA,,172.16,見其他登記事項,鋼筋混凝土造,104年10月16日,三層,見其他登記事項
RPQNMLPKMHLFFFP86DA,12,212.60,住家用,見其他登記事項,93年7月26日,四層,一層 二層 三層 四層
RPRNMLOKMHLFFDP56CA,17,222.87,住家用,鋼筋混凝土造,87年10月14日,四層,一層 二層 三層 四層 地下層
RPRNMLOKMHLFFDP56CA,17,28.81,共有部份,鋼筋混凝土造,87年10月14日,一層,
RPQNMLOKMHLFFDP09CA,1,255.85,住家用,鋼筋混凝土造,104年7月9日,四層,一層 二層 三層 四層
RPWNMLKLMHLFFDP76CA,15,213.72,住家用,鋼筋混凝土造,90年6月5日,三層,一層 二層 三層 電梯樓梯間
RPVNMLPLMHLFFDP17CA,16,9.40,共有部份,鋼筋混凝土造,88年11月30日,九層,
RPVNMLPLMHLFFDP17CA,16,82.52,住家用,鋼筋混凝土造,88年11月30日,九層,七層
RPVNMLPLMHLFFDP17CA,16,38.46,共有部份,鋼筋混凝土造,88年11月30日,九層,
RPXNMLTLMHLFFAP47CA,1,285.82,住家用,鋼骨鋼筋混凝土造,105年1月4日,三層,一層 二層 三層
RPRNMLKLMHLFFDP88CA,1,183.67,住家用,鋼筋混凝土造,104年7月29日,三層,一層 二層 三層
RPWNMLLKMHLFFAP09CA,38,116.46,住家用,鋼筋混凝土造,67年1月1日,二層,一層 二層 騎樓
RPTNMLPKMHLFFAP76EA,22,59.31,住家用,鋼筋混凝土造,83年6月15日,十一層,六層
RPTNMLPKMHLFFAP76EA,22,11.79,共同部份,鋼筋混凝土造,83年6月15日,十一層,
RPTNMLPKMHLFFAP76EA,22,10.13,共同部份,鋼筋混凝土造,83年6月15日,,
RPTNMLOKMHLFFAP09CA,21,204.18,住家用,鋼筋混凝土造,83年11月15日,四層,一層 二層 三層 四層 電梯樓梯間
RPTNMLMKMHLFFAP88CA,2,55.90,見其他登記事項,鋼筋混凝土造,103年9月4日,四層,一層
RPTNMLMKMHLFFAP88CA,2,5.50,見其他登記事項,鋼筋混凝土造,103年9月4日,四層,
RPUNMLMKMHLFFAP98CA,2,56.52,住家用,鋼筋混凝土造,103年9月4日,四層,四層
RPUNMLMKMHLFFAP98CA,2,14.52,見其他登記事項,鋼筋混凝土造,103年9月4日,四層,
RPPOMLTJNHLFFEP17DA,,204.20,住家用,鋼筋混凝土造,105年2月4日,三層,一層 二層 三層 屋頂突出物
RPXNMLTJNHLFFEP87DA,,200.40,住家用,鋼筋混凝土造,105年2月4日,三層,一層 二層 三層 屋頂突出物
RPTNMLTJNHLFFEP47DA,,204.75,住家用,鋼筋混凝土造,105年2月4日,三層,一層 二層 三層 屋頂突出物
RPVNMLTJNHLFFEP67DA,,200.40,住家用,鋼筋混凝土造,105年2月4日,三層,一層 二層 三層 屋頂突出物
RPQNMLMLMHLFFBP78CA,,177.78,見其他登記事項,鋼筋混凝土造,104年10月15日,三層,一層 二層 三層 見其他登記事項
RPSNMLMLMHLFFBP98CA,,198.55,見其他登記事項,鋼筋混凝土造,104年10月15日,三層,一層 二層 三層 見其他登記事項
RPRNMLMLMHLFFBP88CA,,177.95,見其他登記事項,鋼筋混凝土造,104年10月15日,三層,一層 二層 三層 見其他登記事項
RPPNMLMKMHLFFCP68CA,1,220.76,住家用,鋼筋混凝土造,104年8月13日,四層,一層 二層 三層 四層
RPPNMLNJNHLFFBP68CA,2,225.01,見其他登記事項,鋼筋混凝土造,102年12月25日,三層,一層 二層 三層 見其他登記事項
RPQNMLMKMHLFFCP78CA,1,220.76,住家用,鋼筋混凝土造,104年8月13日,四層,一層 二層 三層 四層
RPQNMLPLMHLFFBP09CA,,218.27,見其他登記事項,鋼筋混凝土造,104年10月15日,三層,一層 二層 三層 騎樓 見其他登記事項
RPQOMLMKNHLFFAP78CA,45,272.66,住商用,鋼筋混凝土造,59年10月9日,三層,一層 二層 三層 騎樓 見其他登記事項
RPPNMLPLMHLFFBP98CA,,158.89,住家用,鋼筋混凝土造,104年10月15日,三層,一層 二層 三層
RPRNMLMJNHLFFDP98CA,1,203.85,見其他登記事項,鋼筋混凝土造,104年11月17日,三層,一層 二層 三層 屋頂突出物 見其他登記事項
RPQNMLMJNHLFFDP88CA,1,224.32,住家用,鋼筋混凝土造,104年11月17日,四層,一層 二層 三層 四層
RPTNMLMJNHLFFDP56CA,1,203.85,見其他登記事項,鋼筋混凝土造,104年11月17日,三層,一層 二層 三層 屋頂突出物 見其他登記事項
RPVNMLMJNHLFFDP76CA,1,222.05,見其他登記事項,鋼筋混凝土造,104年11月17日,三層,一層 二層 三層 屋頂突出物
RPWNMLMJNHLFFDP86CA,1,187.55,見其他登記事項,鋼筋混凝土造,104年11月17日,三層,一層 二層 三層 見其他登記事項
RPXNMLMJNHLFFDP96CA,,285.02,見其他登記事項,鋼筋混凝土造,104年11月17日,三層,一層 二層 三層 屋頂突出物
RPSNMLMJNHLFFDP09CA,1,187.55,見其他登記事項,鋼筋混凝土造,104年11月17日,三層,一層 二層 三層 見其他登記事項
RPUNMLMJNHLFFDP66CA,1,203.85,見其他登記事項,鋼筋混凝土造,104年11月17日,三層,一層 二層 三層 屋頂突出物 見其他登記事項
RPRNMLKLMHLFFFP56DA,,201.04,見其他登記事項,鋼筋混凝土造,104年10月6日,三層,一層 二層 三層 見其他登記事項
RPSNMLKLMHLFFFP66DA,,198.38,見其他登記事項,鋼筋混凝土造,104年10月6日,三層,一層 二層 三層 見其他登記事項
RPTNMLKLMHLFFFP76DA,,197.85,見其他登記事項,鋼筋混凝土造,104年10月6日,三層,一層 二層 三層 見其他登記事項
RPUNMLKLMHLFFFP86DA,,195.43,見其他登記事項,鋼筋混凝土造,104年10月6日,三層,一層 二層 三層 見其他登記事項
RPVNMLKLMHLFFFP96DA,,195.18,見其他登記事項,鋼筋混凝土造,104年10月6日,三層,一層 二層 三層 見其他登記事項
RPSOMLTJNHLFFEP47DA,,200.40,住家用,鋼筋混凝土造,105年2月4日,三層,一層 二層 三層 屋頂突出物
RPROMLQLMHLFFAP76DA,,151.88,見其他登記事項,鋼筋混凝土造,104年11月30日,三層,一層 二層 三層 見其他登記事項
RPTOMLQLMHLFFAP96DA,,162.65,見其他登記事項,鋼筋混凝土造,104年11月30日,三層,一層 二層 三層 見其他登記事項
RPQOMLQLMHLFFAP66DA,,186.97,見其他登記事項,鋼筋混凝土造,104年11月30日,三層,一層 二層 三層 見其他登記事項
RPPOMLQLMHLFFAP56DA,,187.35,見其他登記事項,鋼筋混凝土造,104年11月30日,三層,一層 二層 三層 見其他登記事項
RPSOMLQLMHLFFAP86DA,,162.65,見其他登記事項,鋼筋混凝土造,104年11月30日,三層,一層 二層 三層 見其他登記事項
RPPNMLNKMHLFFDP88CA,24,202.36,住家用,鋼筋混凝土造,81年5月27日,三層,一層 二層 三層 電梯樓梯間
RPQNMLNKMHLFFBP78CA,22,125.78,住家用,鋼筋混凝土造,82年10月18日,三層,一層 二層 三層
RPPNMLPKMHLFFCP98CA,,212.27,見其他登記事項,鋼筋混凝土造,104年11月26日,四層,騎樓 見其他登記事項
RPPNMLPKMHLFFCP98CA,,4.66,見其他登記事項,鋼筋混凝土造,104年11月26日,一層,
RPRNMLPKMHLFFCP56CA,1,191.11,見其他登記事項,鋼筋混凝土造,104年2月24日,四層,騎樓 見其他登記事項
RPQNMLPKMHLFFCP09CA,,4.66,見其他登記事項,鋼筋混凝土造,104年11月26日,一層,
RPQNMLPKMHLFFCP09CA,,309.34,見其他登記事項,鋼筋混凝土造,104年11月26日,四層,騎樓 見其他登記事項
RPQNMLNKMHLFFAP88EA,10,155.70,住家用,鋼筋混凝土造,95年5月6日,三層,一層 二層 三層 電梯樓梯間
RPUNMLPKMHLFFAP66CA,36,65.70,住家用,加強磚造,68年10月22日,二層,一層 二層 電梯樓梯間
RPUNMLPKMHLFFAP66CA,36,65.70,住家用,加強磚造,68年10月22日,二層,一層 二層 電梯樓梯間
RPQNMLRJNHLFFAP09CA,36,119.61,住家用,加強磚造,69年9月3日,二層,一層 二層 騎樓 電梯樓梯間
RPPNMLTKNHLFFBP76CA,21,72.04,住家用,鋼筋混凝土造,84年1月5日,十層,八層
RPPNMLTKNHLFFBP76CA,21,14.04,共用部份,鋼筋混凝土造,84年1月5日,十層,
RPRNMLMLMHLFFAP78CA,22,70.72,住家用,鋼筋混凝土造,83年8月19日,七層,六層
RPRNMLMLMHLFFAP78CA,22,27.56,共同部份,鋼筋混凝土造,83年8月19日,七層,
RPUNMLKLMHLFFAP88CA,1,376.68,見其他登記事項,鋼筋混凝土造,104年6月15日,四層,一層 二層 三層 四層 屋頂突出物
RPRNMLRLMHLFFAP86EA,25,162.44,住家用,加強磚造,80年7月10日,二層,
RPPOMLTJNHLFFBP76CA,22,167.24,住商用,鋼筋混凝土造,82年10月10日,三層,一層 二層 三層
RPPNMLPKMHLFFBP88CA,18,58.43,商業用,見其他登記事項,87年7月20日,一層,一層 騎樓
RPVNMLLKNHLFFAP09CA,37,124.58,住家用,加強磚造,68年5月10日,二層,一層 二層 騎樓
RPUNMLKLMHLFFDP56CA,18,312.44,住商用,鋼筋混凝土造,86年10月30日,四層,一層 二層 三層 四層 騎樓 電梯樓梯間
RPSNMLRKMHLFFEP07CA,34,160.19,住商用,鋼筋混凝土加強磚造,70年12月22日,三層,一層 二層 三層 騎樓 電梯樓梯間
RPRNMLTKMHLFFEP17CA,21,121.54,住家用,鋼筋混凝土造,84年8月29日,十二層,十二層
RPRNMLTKMHLFFEP17CA,21,15.23,共有部份,鋼筋混凝土造,84年8月29日,十二層,
RPRNMLTKMHLFFEP17CA,21,17.58,共有部份,鋼筋混凝土造,84年8月29日,十二層,
RPWNMLKLMHLFFFP07DA,,199.46,見其他登記事項,鋼筋混凝土造,104年10月6日,三層,一層 二層 三層 見其他登記事項
RPXNMLKLMHLFFFP17DA,,196.74,見其他登記事項,鋼筋混凝土造,104年10月6日,三層,一層 二層 三層 見其他登記事項
RPPOMLKLMHLFFFP09DA,,196.74,見其他登記事項,鋼筋混凝土造,104年10月6日,三層,一層 二層 三層 見其他登記事項
RPOOMLKLMHLFFFP98DA,,196.74,見其他登記事項,鋼筋混凝土造,104年10月6日,三層,一層 二層 三層 見其他登記事項
RPROMLKLMHLFFFP66DA,,196.75,見其他登記事項,鋼筋混凝土造,104年10月6日,三層,一層 二層 三層 見其他登記事項
RPSOMLKLMHLFFFP76DA,,196.75,見其他登記事項,鋼筋混凝土造,104年10月6日,三層,一層 二層 三層 見其他登記事項
SPPNMLOJNHLFFEP56CA,49,308.52,商業用,見其他登記事項,55年11月9日,一層,一層 騎樓
RPXNMLSLMHLFFEP77CA,36,464.81,住家用,加強磚造,69年7月15日,二層,一層 二層
RPQNMLKLMHLFFDP78CA,34,120.28,住家用,加強磚造,70年12月25日,二層,一層 二層
RPVNMLPKMHLFFEP17CA,23,141.56,住家用,鋼筋混凝土造,82年8月25日,三層,一層 二層 三層
RPPNMLQKNHLFFDP76DA,10,139.14,住家用,鋼筋混凝土造,95年4月6日,三層,一層 二層 三層
RPPNMLOJNHLFFEP09CA,45,278.50,商業用,見其他登記事項,60年4月30日,一層,一層
RPQNMLTKMHLFFDP96CA,21,154.78,住家用,鋼筋混凝土造,84年1月14日,三層,一層 二層 三層 電梯樓梯間
RPPNMLQKMHLFFDP56CA,10,166.28,住家用,鋼筋混凝土造,95年4月20日,三層,一層 二層 三層 騎樓 電梯樓梯間
RPPNMLSKMHLFFBP76EA,19,98.95,住家用,鋼筋混凝土造,86年4月20日,十三層,九層
RPPNMLSKMHLFFBP76EA,19,35.99,共用部份,鋼筋混凝土造,86年4月20日,十三層,
RPTNMLTJNHLFFBP07CA,,158.89,住家用,鋼筋混凝土造,104年10月15日,三層,一層 二層 三層
RPRNMLTJNHLFFDP07CA,,164.66,住家用,鋼筋混凝土造,104年11月16日,三層,一層 二層 三層
RPWOMLKLMHLFFAP56CA,21,13.99,共同部份,鋼筋混凝土造,83年11月15日,十二層,
RPWOMLKLMHLFFAP56CA,21,86.50,住家用,鋼筋混凝土造,83年11月15日,十二層,七層
RPWOMLKLMHLFFAP56CA,21,15.66,共同部份,鋼筋混凝土造,83年11月15日,十二層,
RPWOMLTJNHLFFAP37CA,28,107.98,住家用,加強磚造,77年1月20日,二層,一層 二層 騎樓
RPVNMLMLMHLFFBP66CA,17,234.16,住家用,鋼筋混凝土造,88年9月20日,三層,一層 二層 三層 電梯樓梯間
RPQNMLLLMHLFFCP98EA,21,534.56,見其他登記事項,磚造,83年10月12日,一層,一層
RPQNMLLLMHLFFCP98EA,21,492.16,見其他登記事項,磚造,83年10月12日,一層,一層
RPQNMLLLMHLFFCP98EA,21,622.90,見其他登記事項,磚造,83年10月12日,一層,一層
RPQNMLLLMHLFFCP98EA,21,730.91,見其他登記事項,磚造,83年10月12日,一層,一層
RPQNMLLLMHLFFCP98EA,21,20.43,見其他登記事項,磚造,83年10月12日,一層,一層
RPQNMLQKMHLFFAP98CA,35,121.96,住商用,加強磚造,70年3月6日,二層,一層 二層 騎樓
RPRNMLTKMHLFFDP07CA,,235.55,住家用,鋼筋混凝土造,104年9月17日,四層,一層 二層 三層 四層
RPXNMLTJNHLFFDP67CA,1,355.73,住家用,鋼筋混凝土造,104年11月17日,四層,一層 二層 三層 四層
RPVNMLTJNHLFFDP47CA,1,199.79,見其他登記事項,鋼筋混凝土造,104年11月17日,三層,一層 二層 三層 屋頂突出物
RPPNMLSJNHLFFDP76CA,,248.76,見其他登記事項,鋼筋混凝土造,104年9月17日,二層,一層 二層
RPTNMLSJNHLFFDP17CA,,192.96,見其他登記事項,鋼筋混凝土造,104年9月17日,三層,一層 二層 三層 見其他登記事項
RPQNMLSJNHLFFDP86CA,,124.38,見其他登記事項,鋼筋混凝土造,104年9月17日,二層,一層 二層
RPSNMLSJNHLFFDP07CA,,248.76,見其他登記事項,鋼筋混凝土造,104年9月17日,二層,一層 二層
RPQNMLSJNHLFFDP86CA,,124.38,見其他登記事項,鋼筋混凝土造,104年9月17日,二層,一層 二層
RPSNMLMLMHLFFDP66DA,35,84.00,住家用,加強磚造,70年8月25日,一層,一層
RPUOMLKLMHLFFFP96DA,,259.35,見其他登記事項,鋼筋混凝土造,104年10月6日,三層,一層 二層 三層 見其他登記事項
RPTOMLKLMHLFFFP86DA,,215.56,見其他登記事項,鋼筋混凝土造,104年10月6日,三層,一層 二層 三層 見其他登記事項
RPSNMLTJNHLFFDP17CA,,155.37,住家用,鋼筋混凝土造,104年11月16日,三層,一層 二層 三層
RPTNMLPJNHLFFBP66CA,11,164.01,住家用,鋼筋混凝土造,94年1月24日,三層,一層 二層 三層 電梯樓梯間
RPTOMLKLMHLFFAP88CA,21,192.70,住商用,鋼筋混凝土造,83年10月15日,七層,一層 二層 騎樓
RPTOMLKLMHLFFAP88CA,21,47.03,共同部份,鋼筋混凝土造,83年10月15日,七層,
RPXNMLSKNHLFFAP37CA,22,83.18,住家用,鋼筋混凝土造,83年2月15日,七層,四層
RPXNMLSKNHLFFAP37CA,22,34.64,共同部份,鋼筋混凝土造,83年2月15日,七層,
RPOOMLSKNHLFFAP56CA,36,103.22,住家用,加強磚造,69年8月30日,二層,一層 二層 騎樓
RPTNMLKLMHLFFAP78CA,1,174.71,住家用,鋼筋混凝土造,104年5月7日,四層,一層 二層 三層 四層
RPSNMLTKMHLFFAP86CA,34,99.78,住商用,加強磚造,70年12月10日,二層,一層 二層 騎樓 電梯樓梯間
RPXOMLKLMHLFFAP66CA,20,167.37,住家用,鋼筋混凝土造,85年4月27日,四層,
RPOOMLMKNHLFFAP58CA,27,152.13,住家用,加強磚造,78年7月1日,二層,一層 二層 電梯樓梯間 夾層
RPQNMLTKMHLFFAP66CA,22,85.58,住家用,鋼筋混凝土造,83年6月15日,九層,五層
RPQNMLTKMHLFFAP66CA,22,14.16,共同部份,鋼筋混凝土造,83年6月15日,十二層,
RPPNMLKLMHLFFCP58CA,37,152.28,住家用,加強磚造,67年11月3日,三層,一層 二層 三層 騎樓
RPQNMLTKMHLFFAP66CA,22,10.13,共同部份,鋼筋混凝土造,83年6月15日,,
RPUNMLLLMHLFFBP09CA,16,154.24,住家用,鋼筋混凝土造,88年12月8日,三層,一層 二層 三層 屋頂突出物
RPUOMLMJNHLFFDP76CA,,221.13,住家用,鋼筋混凝土造,104年10月27日,四層,一層 二層 三層 四層
RPXOMLMJNHLFFDP07CA,,281.97,住家用,鋼筋混凝土造,105年1月29日,四層,一層 二層 三層 四層
RPXNMLKLMHLFFAP66DA,1,66.17,見其他登記事項,鋼筋混凝土造,104年5月12日,五層,四層
RPXNMLKLMHLFFAP66DA,1,6.46,見其他登記事項,鋼筋混凝土造,104年5月12日,五層,
RPXNMLKLMHLFFAP66DA,1,1.00,見其他登記事項,鋼筋混凝土造,104年5月12日,五層,
RPPNMLMLMHLFFAP68DA,20,94.02,住家用,鋼筋混凝土造,85年7月22日,八層,六層
RPPNMLMLMHLFFAP68DA,20,2.14,共同部份,鋼筋混凝土造,85年7月22日,,
RPPNMLMLMHLFFAP68DA,20,21.17,共同部份,鋼筋混凝土造,85年7月22日,,
RPPNMLLLMHLFFFP98CA,20,241.59,見其他登記事項,鋼筋混凝土造,85年4月10日,四層,一層 二層 三層 四層 騎樓
RPTNMLPLMHLFFEP17DA,35,113.95,住商用,鋼筋混凝土加強磚造,70年9月30日,二層,一層 二層 騎樓
RPTNMLMLMHLFFDP66CA,9,22.40,見其他登記事項,鋼筋混凝土造,96年2月5日,十三層,六層
RPTNMLMLMHLFFDP66CA,9,9.36,見其他登記事項,鋼筋混凝土造,96年2月5日,十三層,
RPTNMLMLMHLFFDP66CA,9,1.60,見其他登記事項,鋼筋混凝土造,96年2月5日,十三層,
RPUNMLTJNHLFFBP17CA,,158.89,住家用,鋼筋混凝土造,104年10月15日,三層,一層 二層 三層
RPVNMLTJNHLFFBP27CA,,158.89,住家用,鋼筋混凝土造,104年10月15日,三層,一層 二層 三層
RPWOMLMJNHLFFDP96CA,,194.35,見其他登記事項,鋼筋混凝土造,105年1月29日,四層,一層 二層 三層 四層
RPVOMLMJNHLFFDP86CA,,194.83,見其他登記事項,鋼筋混凝土造,105年1月29日,四層,一層 二層 三層 四層
RPQOMLKLMHLFFDP88CA,22,35.44,住家用,鋼筋混凝土造,83年6月14日,九層,七層
RPQOMLKLMHLFFDP88CA,22,13.73,共有部份,鋼筋混凝土造,83年6月14日,九層,
RPSNMLTJNHLFFBP96CA,,208.04,見其他登記事項,鋼筋混凝土造,104年10月15日,三層,一層 二層 三層 騎樓 見其他登記事項
RPRNMLPLMHLFFBP56CA,21,151.17,住家用,鋼筋混凝土造,83年12月29日,三層,一層 二層 三層 電梯樓梯間
RPRNMLLLMHLFFAP68CA,2,56.51,住家用,鋼筋混凝土造,103年9月4日,四層,一層
RPRNMLLLMHLFFAP68CA,2,5.50,見其他登記事項,鋼筋混凝土造,103年9月4日,四層,
RPVNMLLLMHLFFAP09CA,,177.48,住家用,鋼筋混凝土造,104年12月2日,三層,一層 二層 三層 電梯樓梯間
RPTNMLLLMHLFFBP98CA,23,278.81,住商用,鋼筋混凝土造,82年7月29日,四層,一層 二層 三層 四層 騎樓 電梯樓梯間
RPQNMLMLMHLFFAP68CA,34,84.68,住家用,加強磚造,71年8月2日,二層,一層 二層
RPSOMLKLMHLFFAP78CA,11,22.18,住家用,鋼筋混凝土造,94年5月11日,四層,
RPSOMLKLMHLFFAP78CA,11,13.41,共同部份,鋼筋混凝土造,94年5月11日,四層,
RPSOMLKLMHLFFAP78CA,11,22.18,住家用,鋼筋混凝土造,94年5月11日,四層,
RPRNMLQKQHLFFAP96DA,1,66.91,見其他登記事項,鋼筋混凝土造,104年5月12日,五層,五層
RPRNMLQKQHLFFAP96DA,1,16.57,見其他登記事項,鋼筋混凝土造,104年5月12日,五層,
RPRNMLQKQHLFFAP96DA,1,10.16,見其他登記事項,鋼筋混凝土造,104年5月12日,五層,
RPXNMLMLMHLFFAP96EA,63,186.68,住家用,磚造,42年1月15日,一層,一層 騎樓
RPPNMLMLMHLFFBP88EA,17,103.85,住家用,鋼筋混凝土造,88年7月10日,八層,二層
RPPNMLMLMHLFFBP88EA,17,26.70,共用部份,鋼筋混凝土造,88年7月10日,八層,
RPPNMLMLMHLFFBP88EA,17,10.96,共用部份,鋼筋混凝土造,88年7月10日,八層,
RPTNMLPLMHLFFAP86EA,34,107.86,住家用,加強磚造,71年2月26日,二層,一層 二層
RPQOMLMLMHLFFAP78CA,8,202.10,住商用,鋼筋混凝土造,97年1月22日,四層,一層 二層 三層 四層 騎樓
RPPOMLMLMHLFFAP68CA,2,274.62,住家用,鋼筋混凝土造,102年12月12日,四層,一層 二層 三層 四層
RPPOMLMLMHLFFAP68CA,2,.85,住家用,鋼筋混凝土造,102年12月12日,二層,
RPPNMLQLMHLFFCP56CA,1,216.96,見其他登記事項,鋼筋混凝土造,104年3月17日,三層,一層 二層 三層 見其他登記事項
RPWNMLOJNHLFFAP76CA,35,129.78,住家用,加強磚造,70年8月31日,二層,一層 二層 騎樓 電梯樓梯間
RPXNMLLLMHLFFAP66CA,22,168.90,住家用,鋼筋混凝土造,83年2月5日,三層,一層 二層 三層 電梯樓梯間
RPXNMLLLMHLFFAP66CA,22,2.47,住家用,鋼筋混凝土造,83年3月18日,四層,
RPPNMLNLNHLFFAP78CA,22,34.80,住家用,鋼筋混凝土造,83年9月18日,十四層,九層
RPPNMLNLNHLFFAP78CA,22,13.68,共同部份,鋼筋混凝土造,83年9月18日,十四層,
RPPNMLPLMHLFFEP66CA,20,92.42,住家用,鋼筋混凝土造,85年6月26日,八層,七層
RPPNMLPLMHLFFEP66CA,20,12.15,見其他登記事項,鋼筋混凝土造,85年6月26日,八層,
RPPNMLPLMHLFFEP66CA,20,21.84,見其他登記事項,鋼筋混凝土造,85年6月26日,,
RPQNMLSKNHLFFAP76DA,36,107.31,住商用,加強磚造,69年3月15日,二層,一層 二層 騎樓 電梯樓梯間
RPQNMLKMMHLFFCP78CA,11,47.79,住家用,加強磚造,94年8月29日,一層,一層
RPRNMLMLMHLFFFP66CA,3,194.22,見其他登記事項,鋼筋混凝土造,101年11月8日,二層,一層 二層 見其他登記事項
RPRNMLNLMHLFFFP86DA,,198.00,見其他登記事項,鋼筋混凝土造,104年10月6日,三層,一層 二層 三層 見其他登記事項
RPSNMLQLMHLFFDP96CA,40,100.04,住家用,加強磚造,65年5月30日,二層,一層 二層
RPUNMLMKNHLFFEP86CA,34,106.26,住家用,加強磚造,71年1月1日,二層,一層 二層 騎樓
RPQNMLQJNHLFFFP96DA,33,67.00,住家用,加強磚造,71年12月29日,二層,一層 二層
RPQNMLQJNHLFFFP96DA,33,65.99,住家用,加強磚造,71年12月29日,二層,一層 二層
RPPNMLRLMHLFFAP09CA,21,32.41,住家用,鋼筋混凝土造,83年12月10日,六層,六層
RPPNMLRLMHLFFAP09CA,21,6.00,共同部份,鋼筋混凝土造,83年12月10日,六層,
RPPNMLRLMHLFFAP09CA,21,7.12,共同部份,鋼筋混凝土造,83年12月10日,六層,
RPPNMLPJNHLFFAP98EA,22,118.90,住家用,鋼筋混凝土造,82年12月1日,八層,二層
RPPNMLPJNHLFFAP98EA,22,11.59,共有部份,鋼筋混凝土造,82年12月1日,八層,
RPPOMLTJNHLFFAP66CA,23,270.47,農舍,見其他登記事項,82年8月26日,一層,一層
RPVNMLSJNHLFFDP37CA,,212.35,住家用,鋼筋混凝土造,104年11月13日,三層,一層 二層 三層
RPWNMLSJNHLFFDP47CA,,208.32,住家用,鋼筋混凝土造,104年11月13日,三層,一層 二層 三層
RPXNMLMKNHLFFDP07CA,,186.37,住家用,鋼筋混凝土造,104年11月13日,三層,一層 二層 三層
RPVNMLSKNHLFFDP47CA,23,237.69,住家用,鋼筋混凝土造,81年10月21日,四層,一層 二層 三層 四層 電梯樓梯間
RPPOMLLJOHLFFAP58CA,42,86.69,住家用,加強磚造,63年5月30日,二層,一層 二層
RPPNMLSLMHLFFEP96CA,38,115.15,住家用,加強磚造,66年11月25日,二層,一層 二層 騎樓
RPVOMLTJNHLFFEP77DA,,200.40,住家用,鋼筋混凝土造,105年2月4日,三層,一層 二層 三層 屋頂突出物
RPQOMLMJNHLFFDP98CA,1,180.32,住家用,鋼筋混凝土造,104年5月19日,三層,一層 二層 三層
RPPOMLMKNHLFFDP98CA,,167.02,住家用,鋼筋混凝土造,104年11月13日,三層,一層 二層 三層
RPWNMLLKNHLFFDP86CA,,100.58,住家用,鋼筋混凝土造,104年11月13日,三層,一層 二層 三層
RPWNMLLKNHLFFDP86CA,,100.58,住家用,鋼筋混凝土造,104年11月13日,三層,一層 二層 三層
RPQNMLRLMHLFFDP86CA,16,184.58,住家用,鋼筋混凝土造,88年11月29日,四層,一層 二層 三層 四層
RPRNMLSLMHLFFDP07CA,10,238.99,住家用,鋼筋混凝土造,94年7月21日,四層,一層 二層 三層 四層
RPPNMLNKNHLFFCP88CA,1,194.53,見其他登記事項,鋼筋混凝土造,104年8月31日,三層,一層 二層 三層 見其他登記事項
RPQNMLTLMHLFFBP07EA,22,181.99,住家用,鋼筋混凝土造,82年11月24日,三層,一層 二層 三層 電梯樓梯間
RPQNMLMJNHLFFCP98EA,21,140.96,住商用,鋼筋混凝土造,84年4月7日,三層,一層 二層 三層 電梯樓梯間
RPQNMLNJNHLFFBP78CA,35,106.42,住家用,加強磚造,70年3月24日,二層,一層 二層 騎樓 電梯樓梯間
RPQNMLNKNHLFFDP09CA,,169.76,住家用,鋼筋混凝土造,104年11月13日,三層,一層 二層 三層
RPROMLTJNHLFFDP17CA,33,140.84,住家用,加強磚造,72年8月22日,二層,一層 二層 電梯樓梯間
RPPNMLTLMHLFFDP96CA,7,185.81,見其他登記事項,鋼筋混凝土造,98年2月13日,三層,一層 二層 三層 見其他登記事項
RPPNMLQJNHLFFFP76CA,18,31.51,住家用,鋼筋混凝土造,87年3月18日,八層,三層
RPPNMLQJNHLFFFP76CA,18,4.02,共有部份,鋼筋混凝土造,87年3月18日,八層,
RPPNMLQJNHLFFFP76CA,18,9.78,共有部份,鋼筋混凝土造,87年3月18日,八層,
SPQNMLSLMHLFFFP27CA,33,65.34,住家用,加強磚造,72年1月14日,二層,一層 二層
RPQNMLSLMHLFFFP17CA,33,65.34,住家用,加強磚造,72年1月14日,二層,一層 二層
RPSNMLNJNHLFFFP76CA,18,26.42,住家用,鋼筋混凝土造,87年3月18日,八層,六層
RPSNMLNJNHLFFFP76CA,18,3.30,共有部份,鋼筋混凝土造,87年3月18日,八層,
RPSNMLNJNHLFFFP76CA,18,8.04,共有部份,鋼筋混凝土造,87年3月18日,八層,
RPQNMLMJNHLFFAP68DA,21,29.47,見其他登記事項,鋼筋混凝土造,84年5月13日,十三層,四層
RPQNMLMJNHLFFAP68DA,21,5.23,共有部份,鋼筋混凝土造,84年5月13日,十三層,
RPQNMLMJNHLFFAP68DA,21,4.73,共有部份,鋼筋混凝土造,84年5月13日,十三層,
RPTNMLTLMHLFFCP37DA,26,202.82,住家用,見其他登記事項,78年8月28日,二層,一層 二層 電梯樓梯間 夾層
RPQNMLLJPHLFFDP98CA,,162.06,住家用,鋼筋混凝土造,104年11月16日,三層,一層 二層 三層
RPTNMLSJOHLFFDP27CA,,83.51,住家用,鋼筋混凝土造,104年11月13日,三層,一層 二層 三層
RPTNMLSJOHLFFDP27CA,,83.51,住家用,鋼筋混凝土造,104年11月13日,三層,一層 二層 三層
RPTNMLTLMHLFFAP17DA,,183.87,見其他登記事項,鋼筋混凝土造,104年11月30日,三層,一層 二層 三層 見其他登記事項
RPTNMLSLMHLFFDP27CA,23,295.05,住商用,鋼筋混凝土造,82年7月7日,四層,一層 二層 三層 四層 騎樓 電梯樓梯間
RPUNMLTKNHLFFFP67CA,1,176.06,見其他登記事項,鋼筋混凝土造,104年10月16日,三層,一層 二層 三層
RPPNMLTLMHLFFEP07CA,21,183.43,住家用,鋼筋混凝土造,84年9月19日,四層,一層 二層 三層 四層
RPSNMLTJNHLFFEP27CA,5,672.19,住家用,鋼筋混凝土造,100年8月25日,四層,一層 二層 三層 四層
RPRNMLLMNHLFFCP09CA,20,221.46,商業用,鋼筋混凝土造,85年2月15日,十層,三層
RPRNMLLMNHLFFCP09CA,20,89.36,共有部份,鋼筋混凝土造,85年2月15日,十層,
RPRNMLLMNHLFFCP09CA,20,36.69,共有部份,鋼筋混凝土造,85年2月15日,十層,
RPRNMLLMNHLFFCP09CA,20,81.54,共有部份,鋼筋混凝土造,85年2月15日,十層,
RPRNMLLMNHLFFCP09CA,20,16.40,共有部份,鋼筋混凝土造,85年2月15日,十層,
RPRNMLLMNHLFFCP09CA,20,172.23,商業用,鋼筋混凝土造,85年2月15日,十層,三層
RPRNMLLMNHLFFCP09CA,20,212.22,商業用,鋼筋混凝土造,85年2月15日,十層,三層
RPVNMLTLMHLFFCP47CA,1,218.96,見其他登記事項,鋼筋混凝土造,104年5月4日,三層,一層 二層 三層 見其他登記事項
RPWNMLTLMHLFFCP57CA,1,218.96,見其他登記事項,鋼筋混凝土造,104年5月4日,三層,一層 二層 三層 見其他登記事項
RPPNMLTLMHLFFAP66CA,2,56.51,住家用,鋼筋混凝土造,103年9月4日,四層,一層
RPPNMLTLMHLFFAP66CA,2,5.50,見其他登記事項,鋼筋混凝土造,103年9月4日,四層,
RPUNMLTLMHLFFAP17CA,23,188.38,住家用,鋼筋混凝土造,82年7月17日,三層,一層 二層 三層 電梯樓梯間
RPVNMLTLMHLFFAP27CA,21,193.58,住家用,鋼筋混凝土造,84年7月18日,四層,一層 二層 三層 四層
RPVOMLMJNHLFFAP56CA,21,29.94,共同部份,鋼筋混凝土造,84年3月30日,十五層,
RPVNMLNLNHLFFAP76CA,37,35.76,住家用,加強磚造,68年7月1日,二層,一層 二層
RPPOMLNLNHLFFAP88CA,15,192.47,住家用,鋼筋混凝土造,90年1月4日,三層,一層 二層 三層 電梯樓梯間
RPUNMLNJNHLFFAP66EA,24,198.75,見其他登記事項,鋼筋混凝土造,81年2月1日,三層,一層 二層 三層
RPWNMLNLNHLFFAP86CA,37,82.77,住家用,鋼筋混凝土造,68年8月15日,二層,一層 二層
RPTNMLNJNHLFFAP98CA,24,138.12,住家用,鋼筋混凝土造,81年2月15日,三層,一層 二層 三層
RPXNMLMJNHLFFAP66CA,5,259.08,見其他登記事項,鋼筋混凝土造,100年8月1日,四層,一層 二層 三層 四層
RPROMLMJNHLFFAP78CA,18,221.22,住家用,鋼筋混凝土造,86年12月28日,四層,一層 二層 三層 四層
RPUNMLPJNHLFFBP76CA,23,104.83,住家用,鋼筋混凝土造,82年5月30日,六層,四層
RPUNMLPJNHLFFBP76CA,23,14.66,共有部份,鋼筋混凝土造,82年5月30日,六層,
RPUNMLPJNHLFFBP76CA,23,13.28,共有部份,鋼筋混凝土造,82年5月30日,六層,
RPQNMLNJNHLFFEP09CA,21,129.26,住家用,鋼筋混凝土造,84年5月26日,十二層,十一層
RPQNMLNJNHLFFEP09CA,21,2.89,共有部份,鋼筋混凝土造,84年5月26日,,
RPQNMLNJNHLFFEP09CA,21,27.54,共有部份,鋼筋混凝土造,84年5月26日,十二層,
RPQNMLNJNHLFFEP09CA,21,5.89,共有部份,鋼筋混凝土造,84年5月26日,,
RPRNMLNLNHLFFBP09CA,2,225.01,見其他登記事項,鋼筋混凝土造,102年12月25日,三層,一層 二層 三層 見其他登記事項
RPVNMLKLNHLFFDP76CA,3,191.75,住家用,鋼筋混凝土造,101年10月9日,三層,一層 二層 三層
RPVNMLPLNHLFFAP17EA,21,96.84,住家用,鋼筋混凝土造,84年3月30日,十三層,十三層
RPVNMLPLNHLFFAP17EA,21,15.56,共有部份,鋼筋混凝土造,84年3月30日,十二層,
RPVNMLPLNHLFFAP17EA,21,29.94,共有部份,鋼筋混凝土造,84年3月30日,十五層,
RPVNMLPLNHLFFDP37DA,28,197.31,住家用,加強磚造,77年4月20日,二層,一層 二層
