﻿編號,土地區段位置,土地移轉面積平方公尺,使用分區或編定
The serial number,land sector position,land shifting area square meter,the use zoning or compiles and checks
RPSNMLRJMHLFFBQ96CC,大德興段,67.75,非都市：鄉村區 ; 非都市編定：乙種建築用地
RPRNMLTJLHLFFBQ96CC,嘉朴段,114.37,都市：住
RPRNMLLKLHLFFBQ88CC,嘉朴段,7.60,都市：住
RPUNMLOJKHLFFDQ86CC,北興段,81.01,都市：住
RPRNMLSKMHLFFDQ27CC,嘉保段,137.64,都市：住
RPRNMLRKLHLFFDQ07CC,嘉保段,113.59,都市：住
RPPNMLMLKHLFFEQ09CC,內甕段,16.39,都市：住
RPPNMLMLKHLFFEQ09CC,內甕段,.78,都市：住
