﻿編號,屋齡,建物移轉面積平方公尺,主要用途,主要建材,建築完成日期,總層數,建物分層
The serial number,room age,building shifting area square meter,the main use,main building materials,construction completes the date,total layer,building lamination
RPSNMLRJMHLFFBQ96CC,19,148.71,住商用,鋼筋混凝土造,86年4月3日,四層,
RPRNMLTJLHLFFBQ96CC,11,198.70,住商用,鋼筋混凝土造,93年10月8日,四層,
RPRNMLLKLHLFFBQ88CC,10,31.07,住家用,鋼筋混凝土造,95年8月28日,八層,
RPUNMLOJKHLFFDQ86CC,35,93.93,住商用,鋼筋混凝土加強磚造,68年9月29日,二層,
RPRNMLSKMHLFFDQ27CC,10,185.85,見其他登記事項,鋼筋混凝土造,95年7月18日,三層,
RPRNMLRKLHLFFDQ07CC,13,175.70,見其他登記事項,鋼筋混凝土造,91年11月15日,三層,
RPPNMLMLKHLFFEQ09CC,23,144.91,住家用,鋼筋混凝土造,82年4月1日,十八層,
