﻿編號,土地區段位置,土地移轉面積平方公尺,使用分區或編定
The serial number,land sector position,land shifting area square meter,the use zoning or compiles and checks
RPROMLPJKHLFFAU66CA,南埔段,2550.00,非都市：特定農業區 ; 非都市編定：農牧用地
RPROMLPJKHLFFAU66CA,南埔段,2000.00,非都市：特定農業區 ; 非都市編定：農牧用地
RPUNMLOJKHLFFAU76CA,廣賢段,54.28,非都市：鄉村區 ; 非都市編定：乙種建築用地
RPTNMLRKKHLFFAU07CA,光榮段,381.88,非都市：一般農業區 ; 非都市編定：農牧用地
RPPNMLSKKHLFFAU76CA,福華段,1080.05,非都市：一般農業區 ; 非都市編定：農牧用地
RPSNMLOJKHLFFAU56CA,民勤段,51.93,都市：住
RPTOMLMJKHLFFAU56CA,國風段,54.00,都市：住
RPRNMLMJKHLFFAU88CA,廣賢段,51.92,非都市：鄉村區 ; 非都市編定：乙種建築用地
RPROMLMJKHLFFAU98CA,富國段,29.95,都市：住
RPPOMLPKKHLFFAU56CA,下台地段,2072.87,非都市：一般農業區 ; 非都市編定：農牧用地
RPPOMLPKKHLFFAU56CA,下台地段,729.57,非都市：一般農業區 ; 非都市編定：農牧用地
RPOOMLPKKHLFFAU09CA,民意段,106.00,都市：住
RPOOMLPKKHLFFAU09CA,民意段,10.17,都市：住
RPOOMLPKKHLFFAU09CA,民意段,8.78,都市：住
RPQNMLMJKHLFFBU88CA,新白陽段,517.54,非都市：山坡地保育區 ; 非都市編定：農牧用地
RPOOMLTKKHLFFAU86CA,富國段,16.53,都市：其他
RPUOMLOLKHLFFAU07CA,慈惠段,126.75,都市：住
RPQOMLMLKHLFFAU09CA,慈雲段,159.37,都市：住
RPVOMLNLKHLFFAU07CA,國股段,2888.81,都市：農
RPVOMLNLKHLFFAU07CA,國股段,7.95,都市：農
RPQOMLNLKHLFFAU56CA,豐東段,225.79,非都市：一般農業區 ; 非都市編定：甲種建築用地
RPQOMLNLKHLFFAU56CA,豐東段,113.82,非都市：一般農業區 ; 非都市編定：甲種建築用地
RPVOMLOJKHLFFAU17EA,福興段,180.00,都市：住
RPOPMLMJKHLFFAU98EA,民享段,12.60,都市：商
RPTOMLNLKHLFFAU86CA,民享段,14.29,都市：住
RPPNMLQKKHLFFBU66CA,鳳仁段,98.00,非都市：特定農業區 ; 非都市編定：甲種建築用地
RPROMLMLKHLFFAU56CA,永興段,99.85,非都市：特定農業區 ; 非都市編定：甲種建築用地
RPWNMLPKKHLFFAU17CA,樹林段,202.65,非都市：一般農業區 ; 非都市編定：農牧用地
RPWNMLPKKHLFFAU17CA,樹林段,169.77,非都市：一般農業區 ; 非都市編定：農牧用地
RPWNMLPKKHLFFAU17CA,樹林段,62.77,非都市：一般農業區 ; 非都市編定：農牧用地
RPWNMLPKKHLFFAU17CA,樹林段,444.89,非都市：一般農業區 ; 非都市編定：農牧用地
RPWNMLPKKHLFFAU17CA,樹林段,85.09,非都市：一般農業區 ; 非都市編定：農牧用地
RPWNMLPKKHLFFAU17CA,樹林段,507.37,非都市：一般農業區 ; 非都市編定：農牧用地
RPWNMLPKKHLFFAU17CA,樹林段,2161.35,非都市：一般農業區 ; 非都市編定：農牧用地
RPPPMLMJKHLFFAU09EA,民意段,27.60,都市：住
RPRNMLLJKHLFFCU98CA,泰林段,2020.99,非都市：山坡地保育區 ; 非都市編定：農牧用地
RPWNMLPJKHLFFAU07CA,裕民段,20.15,都市：住
RPSNMLRKKHLFFAU96CA,仁義段,148.00,都市：住
RPUPMLOJKHLFFAU96CA,永興段,1142.38,非都市：特定農業區 ; 非都市編定：農牧用地
RPTNMLNJKHLFFAU56CA,吳全段,8.70,都市：農
RPPOMLOJKHLFFAU98CA,仁恥段,122.00,都市：住
RPROMLOJKHLFFAU56CA,仁恥段,95.00,都市：住
RPQOMLOJKHLFFAU09CA,仁恥段,96.00,都市：住
RPTOMLOJKHLFFAU76CA,仁恥段,90.00,都市：住
RPPPMLOJKHLFFAU09CA,富國段,2.84,都市：商
RPUNMLSKKHLFFAU27CA,德姆南段,561.59,都市：農
RPOPMLPKKHLFFAU56CA,仁義段,89.00,都市：住
RPUOMLPKKHLFFAU07CA,福祥段,93.00,都市：住
RPPNMLOJKHLFFBU98CA,大安段,430.00,都市：住
RPPNMLMJKHLFFCU88CA,新舞鶴段,2655.26,非都市：山坡地保育區 ; 非都市編定：農牧用地
RPPNMLMJKHLFFCU88CA,新舞鶴段,929.49,非都市：山坡地保育區 ; 非都市編定：農牧用地
RPQNMLLLKHLFFBU98CA,加里洞段,2533.00,非都市：山坡地保育區 ; 非都市編定：農牧用地
RPQNMLOJKHLFFBU09CA,北林段,1051.93,非都市：特定農業區 ; 非都市編定：農牧用地
RPPNMLOJKHLFFCU09CA,瑞燕段,647.00,非都市：一般農業區 ; 非都市編定：甲種建築用地
RPPNMLNJKHLFFCU56EA,富里段,1010.00,非都市：山坡地保育區 ; 非都市編定：農牧用地
RPSNMLNLKHLFFAU66CA,南埔段,92.00,非都市：鄉村區 ; 非都市編定：乙種建築用地
RPSNMLNLKHLFFAU66CA,南埔段,22.36,非都市：鄉村區 ; 非都市編定：乙種建築用地
RPSOMLTKKHLFFAU27CA,宜寧段,13.11,都市：商
RPUNMLMLKHLFFAU76CA,嘉南段,90.00,都市：住
RPUNMLMLKHLFFAU76CA,嘉南段,22.00,都市：住
RPQNMLOLKHLFFAU56CA,富國段,113.00,都市：住
RPWOMLOJKHLFFAU27EA,福興段,6.00,都市：其他
RPWOMLOJKHLFFAU27EA,福興段,143.00,都市：住
RPOOMLPLKHLFFAU76EA,林森段,71.00,都市：住
RPQNMLPLKHLFFCU86CA,玉昌段,62.00,都市：住
RPRNMLPJKHLFFAU76EA,太昌段,379.00,都市：農
RPPNMLTKKHLFFBU96CA,鳳光段,29.33,都市：農
RPQNMLQKKHLFFBU76CA,大安段,648.00,都市：住
RPTOMLMLKHLFFAU76CA,慶豐段,120.00,都市：住
RPWNMLMLKHLFFAU96CA,民德段,14.91,都市：住
RPROMLTKKHLFFAU17CA,民享段,10.35,都市：住
RPSNMLSKKHLFFAU07CA,富國段,4.68,都市：住
RPRNMLRKKHLFFAU86CA,富國段,10.92,都市：住
RPTNMLQKKHLFFCU27DA,泰林段,356.92,非都市：鄉村區 ; 非都市編定：乙種建築用地
RPUNMLPJKHLFFAU86CA,嘉平段,1.50,都市：其他
RPUNMLPJKHLFFAU86CA,嘉平段,12.30,都市：住
RPSPMLOJKHLFFAU76CA,路內段,1666.43,都市：農
RPUNMLPKKHLFFAU96CA,光英段,658.70,非都市：一般農業區 ; 非都市編定：農牧用地
RPPNMLTJLHLFFBU17EA,浴海段,150.36,非都市：風景區 ; 非都市編定：丙種建築用地
RPPNMLTJLHLFFBU17EA,浴海段,9.74,非都市：風景區 ; 非都市編定：丙種建築用地
RPPNMLTJLHLFFBU17EA,浴海段,8.10,非都市：風景區 ; 非都市編定：丙種建築用地
RPQOMLMJLHLFFAU98CA,忠孝段,450.55,都市：農
RPQOMLMJLHLFFAU98CA,忠孝段,1269.45,都市：農
RPXNMLMJLHLFFAU17EA,國風段,70.00,都市：商
RPOOMLQLKHLFFAU66CA,慶豐段,94.00,都市：住
RPRNMLLJLHLFFAU88CA,仁義段,68.00,都市：住
RPTNMLMJLHLFFAU56CA,廣賢段,42.48,非都市：鄉村區 ; 非都市編定：乙種建築用地
RPXNMLMJLHLFFAU96CA,嘉北段,66.00,都市：住
RPPNMLMLKHLFFAU88CA,山廣段,3630.42,非都市：一般農業區 ; 非都市編定：農牧用地
RPSOMLPJKHLFFAU76CA,慶豐段,120.00,都市：住
RPWOMLPKKHLFFAU27CA,仁恥段,119.00,都市：農
RPWOMLPKKHLFFAU27CA,仁恥段,31.50,都市：農
RPWOMLPKKHLFFAU27CA,仁恥段,22.33,都市：農
RPPNMLTLLHLFFBU17CA,鳳榮段,174.78,非都市：一般農業區 ; 非都市編定：甲種建築用地
RPTOMLTKKHLFFAU37CA,慈惠段,221.09,都市：住
RPQOMLOLKHLFFAU66CA,樹人段,18.69,都市：住
RPQOMLOLKHLFFAU66CA,樹人段,18.69,都市：住
RPSNMLLJLHLFFBU09CA,鳳仁段,132.00,都市：住
RPSNMLLJLHLFFBU09CA,鳳仁段,128.00,都市：住
RPQNMLPLKHLFFBU76CA,東富段,42.63,非都市：特定農業區 ; 非都市編定：甲種建築用地
RPQNMLPLKHLFFBU76CA,東富段,17.12,非都市：特定農業區 ; 非都市編定：甲種建築用地
RPQNMLPLKHLFFBU76CA,東富段,13.65,非都市：特定農業區 ; 非都市編定：農牧用地
RPQNMLPLKHLFFBU76CA,東富段,25.84,非都市：特定農業區 ; 非都市編定：農牧用地
RPOOMLSKKHLFFAU76CA,仁恥段,5.40,都市：住
RPOOMLSKKHLFFAU76CA,仁恥段,86.00,都市：住
RPOOMLSKKHLFFAU76CA,仁恥段,1.20,都市：住
RPOOMLSKKHLFFAU76CA,仁恥段,.90,都市：住
RPOOMLSKKHLFFAU76CA,仁恥段,3.00,都市：住
RPOOMLSKKHLFFAU76CA,仁恥段,23.80,都市：住
RPPOMLTKKHLFFAU96CA,慈惠段,139.54,都市：住
RPPNMLMLKHLFFAU09EA,康樂段,3057.30,非都市：一般農業區 ; 非都市編定：農牧用地
RPPNMLOJLHLFFBU09CA,西富段,48.33,非都市：一般農業區 ; 非都市編定：農牧用地
RPRNMLQKKHLFFAU76CA,南埔段,200.00,非都市： ; 非都市編定：
RPXNMLPLKHLFFAU57EA,民享段,5.12,都市：商
RPUNMLQKKHLFFCU27CA,卓樂段,2000.00,非都市：山坡地保育區 ; 非都市編定：農牧用地
RPPNMLRKKHLFFCU07EA,麻汝段,42.79,非都市： ; 非都市編定：
RPRNMLPKKHLFFCU86CA,玉璞段,136.00,都市：住
RPQOMLTKKHLFFAU07CA,福興段,111.00,都市：住
RPWNMLSKKHLFFAU47CA,依柏合段,613.90,非都市：山坡地保育區 ; 非都市編定：農牧用地
RPWNMLSKKHLFFAU47CA,榕樹段,15000.00,非都市：森林區 ; 非都市編定：林業用地
RPXNMLMLKHLFFAU07CA,佳民段,396.00,非都市：鄉村區 ; 非都市編定：乙種建築用地
RPTNMLOJLHLFFAU76CA,德布克段,2221.05,都市：農
RPSOMLSKKHLFFAU17CA,玻士岸段,128.09,都市：其他
RPSOMLSKKHLFFAU17CA,玻士岸段,40.71,都市：其他
RPSOMLSKKHLFFAU17CA,玻士岸段,8.21,都市：其他
RPSOMLSKKHLFFAU17CA,玻士岸段,404.68,都市：住
RPSOMLSKKHLFFAU17CA,玻士岸段,70.92,都市：其他
RPSOMLSKKHLFFAU17CA,玻士岸段,113.28,都市：住
RPSOMLSKKHLFFAU17CA,玻士岸段,39.18,都市：其他
RPWNMLPLKHLFFAU27CA,林森段,105.00,都市：住
RPQNMLSKKHLFFBU96CA,支亞干段,215.70,非都市：鄉村區 ; 非都市編定：乙種建築用地
RPQNMLSKKHLFFBU96CA,支亞干段,32.00,非都市：鄉村區 ; 非都市編定：乙種建築用地
RPRNMLSKKHLFFBU07CA,阿托莫段,657.68,非都市：山坡地保育區 ; 非都市編定：農牧用地
RPUOMLNLKHLFFAU96CA,吉興段,39.66,都市：住
RPUOMLNLKHLFFAU96CA,吉興段,43.52,都市：住
RPUOMLNLKHLFFAU96CA,吉興段,7.81,都市：住
RPPOMLMJLHLFFAU88CA,福興段,87.00,都市：住
RPQNMLOLKHLFFBU76DA,丁仔漏段,29.96,非都市：風景區 ; 非都市編定：丙種建築用地
RPRNMLOLKHLFFAU66CA,民勤段,54.51,都市：住
RPOOMLOLKHLFFAU09CA,福祥段,5.70,都市：住
RPWOMLTKKHLFFAU67CA,莊敬段,12.75,都市：住
RPWNMLOLKHLFFAU17CA,慶豐段,48.00,都市：住
RPVNMLOLKHLFFAU07CA,功學段,36.15,都市：住
RPTOMLSKKHLFFAU27CA,北濱段,6.46,都市：住
RPTOMLSKKHLFFAU27CA,北濱段,5.94,都市：住
RPPNMLPLKHLFFBU66CA,大安段,99.00,都市：住
RPWNMLMJLHLFFAU86CA,加灣段,453.34,非都市：一般農業區 ; 非都市編定：農牧用地
RPSNMLKKLHLFFAU98CA,光學段,117.98,非都市：一般農業區 ; 非都市編定：農牧用地
RPSOMLTJLHLFFAU27CA,道拉斯段,990.25,非都市：一般農業區 ; 非都市編定：農牧用地
RPVNMLSKKHLFFAU37CA,民勤段,10.25,都市：住
RPRNMLTKKHLFFAU07CA,裕民段,12.74,都市：住
RPSNMLQLKHLFFAU96CA,樹林段,84.47,非都市：一般農業區 ; 非都市編定：甲種建築用地
RPUNMLTKKHLFFAU37CA,民享段,58.00,都市：住
RPPNMLQLKHLFFAU66CA,大漢段,83.13,非都市：鄉村區 ; 非都市編定：乙種建築用地
RPPOMLOLKHLFFAU56CA,福德段,514.00,都市：住
RPPOMLOLKHLFFAU56CA,福德段,71.00,都市：農
RPPOMLOLKHLFFAU56CA,福德段,41.00,都市：農
RPPOMLOLKHLFFAU56CA,福德段,132.00,都市：住
RPPOMLOLKHLFFAU56CA,福德段,32.00,都市：住
RPPOMLOLKHLFFAU56CA,福德段,26.00,都市：住
RPPOMLOLKHLFFAU56CA,福德段,203.00,都市：住
RPQNMLTKKHLFFBU07CA,大安段,4.00,都市：住
RPQNMLTKKHLFFBU07CA,大安段,64.00,都市：住
RPRNMLTKKHLFFBU17CA,大安段,5.00,都市：住
RPRNMLTKKHLFFBU17CA,大安段,63.00,都市：住
RPTNMLMLKHLFFAU66CA,吉興段,106.34,都市：住
RPUNMLOLKHLFFAU96CA,國光段,18.48,都市：住
RPWNMLKKLHLFFAU76CA,草芬段,1421.49,非都市：特定農業區 ; 非都市編定：農牧用地
RPXOMLTKKHLFFAU97EA,南坑段,21216.00,非都市：山坡地保育區 ; 非都市編定：農牧用地
RPROMLNLKHLFFAU86EA,北濱段,27.40,都市：住
RPTNMLSJLHLFFAU17CA,富國段,16.03,都市：住
RPRNMLLJLHLFFBU98CA,中興段,5226.02,非都市：山坡地保育區 ; 非都市編定：暫未編定
RPPNMLLJLHLFFBU78CA,鳳光段,32.03,都市：住
RPSNMLNJLHLFFAU56CA,富國段,3.35,都市：住
RPSNMLNJLHLFFAU56CA,富國段,3.35,都市：住
RPPOMLMLKHLFFAU98CA,民意段,15.90,都市：住
RPRNMLNLKHLFFAU56CA,忠孝段,1738.01,都市：農
RPSOMLMLKHLFFAU66CA,碧雲段,16.02,都市：住
RPSOMLMLKHLFFAU66CA,碧雲段,40.00,都市：住
RPSOMLMLKHLFFAU66CA,碧雲段,10.29,都市：其他
RPSOMLMLKHLFFAU66CA,碧雲段,2.72,都市：住
RPSOMLMLKHLFFAU66CA,碧雲段,1.61,都市：住
RPSOMLMLKHLFFAU66CA,碧雲段,3.96,都市：住
RPVOMLOLKHLFFAU17CA,福祥段,93.00,都市：住
RPPNMLTJLHLFFAU86CA,玻士岸段,62.26,都市：住
RPPNMLTJLHLFFAU86CA,玻士岸段,14.21,都市：住
RPPNMLTJLHLFFAU86CA,玻士岸段,11.56,都市：其他
RPQNMLQLKHLFFCU96CA,玉昌段,144.00,都市：商
RPQNMLQLKHLFFCU96CA,玉昌段,75.00,都市：商
RPPNMLMLKHLFFCU09CA,瑞美段,208.46,都市：住
RPUNMLNLKHLFFCU07CA,瑞新段,608.00,都市：農
RPUNMLNLKHLFFCU07CA,瑞新段,806.00,都市：住
RPSOMLKKLHLFFAU09CA,民勤段,17.18,都市：住
RPQNMLMLKHLFFBU66EA,萬寶段,1233.34,非都市：山坡地保育區 ; 非都市編定：農牧用地
RPPNMLMLKHLFFBU56EA,萬利段,1145.37,非都市：山坡地保育區 ; 非都市編定：農牧用地
RPSNMLMLKHLFFBU66CA,北林段,1577.41,非都市：特定農業區 ; 非都市編定：農牧用地
RPSNMLMLKHLFFBU66CA,北林段,1629.30,非都市：特定農業區 ; 非都市編定：農牧用地
RPRNMLMLKHLFFBU76EA,新白陽段,8654.68,非都市：山坡地保育區 ; 非都市編定：農牧用地
RPRNMLPLKHLFFCU96CA,高寮南段,3745.38,非都市：山坡地保育區 ; 非都市編定：農牧用地
RPPOMLPLKHLFFAU66CA,光輝段,5039.54,非都市：一般農業區 ; 非都市編定：農牧用地
RPTNMLOLKHLFFAU96DA,溪口段,713.86,非都市：一般農業區 ; 非都市編定：甲種建築用地
RPTNMLOLKHLFFAU96DA,溪口段,94.32,非都市：一般農業區 ; 非都市編定：農牧用地
RPPNMLOLKHLFFCU66CA,玉泉段,82.00,都市：農
RPQNMLOLKHLFFCU76CA,瑞美段,223.00,都市：住
RPVNMLPLKHLFFAU37EA,國光段,22.95,都市：商
RPVNMLPLKHLFFAU37EA,國光段,4.11,都市：商
RPVNMLPLKHLFFAU37EA,國光段,73.00,都市：商
RPRNMLOLKHLFFBU76CA,大豐段,806.66,非都市： ; 非都市編定：
RPUNMLPLKHLFFAU27EA,國光段,4.11,都市：商
RPUNMLPLKHLFFAU27EA,國光段,73.00,都市：商
RPUNMLPLKHLFFAU27EA,國光段,22.95,都市：商
RPRNMLQLKHLFFAU86CA,克來寶段,100.00,都市：住
RPTOMLKKLHLFFAU56CA,慶豐段,104.00,都市：住
RPSNMLMKLHLFFAU56CA,豐山段,154.50,非都市：鄉村區 ; 非都市編定：乙種建築用地
RPUNMLLJLHLFFAU56CA,德布克段,920.63,都市：農
RPVNMLLJLHLFFAU66CA,民勤段,37.00,都市：住
RPVNMLLJLHLFFAU66CA,民勤段,48.00,都市：住
RPTNMLLJLHLFFAU09CA,主商段,30.03,都市：住
RPPNMLKKLHLFFAU68CA,自強段,34.75,都市：住
RPXOMLKKLHLFFAU96CA,仁禮段,58.00,都市：住
RPVNMLKKLHLFFAU66CA,宜寧段,9.12,都市：商
RPOOMLTJLHLFFAU86CA,慈雲段,162.75,都市：住
RPVNMLNLKHLFFAU96CA,光學段,1090.91,非都市：一般農業區 ; 非都市編定：農牧用地
RPROMLOLKHLFFAU76CA,民勤段,2505.00,都市：農
RPROMLOLKHLFFAU76CA,民勤段,414.00,都市：農
RPRNMLNJLHLFFAU09CA,福祥段,13.20,都市：住
RPUNMLKKLHLFFAU56CA,富國段,22.15,都市：住
RPSNMLOLKHLFFAU76CA,德安段,19.59,都市：住
RPUNMLRJLHLFFAU17CA,慈雲段,137.45,都市：住
RPPNMLRJLHLFFAU66CA,光學段,665.43,非都市：一般農業區 ; 非都市編定：農牧用地
RPRNMLRJLHLFFAU07EA,主商段,55.00,都市：商
RPRNMLRJLHLFFAU07EA,主商段,33.00,都市：商
RPWNMLLLLHLFFAU96CA,宜安段,202.00,都市：住
RPPOMLPKLHLFFAU66CA,主商段,6.99,都市：商
RPPOMLPKLHLFFAU66CA,主商段,.25,都市：其他
RPXNMLLKLHLFFAU96CA,樹人段,64.14,都市：住
RPXNMLLKLHLFFAU96CA,樹人段,59.81,都市：住
RPPNMLQLKHLFFCU96DA,卓溪段,340.00,非都市：鄉村區 ; 非都市編定：乙種建築用地
RPRNMLQLKHLFFBU17EA,長橋段,247.14,非都市：特定農業區 ; 非都市編定：甲種建築用地
RPRNMLQLKHLFFBU17EA,長橋段,40.31,非都市：特定農業區 ; 非都市編定：甲種建築用地
RPRNMLQLKHLFFBU17EA,長橋段,2.20,非都市：特定農業區 ; 非都市編定：甲種建築用地
RPRNMLQLKHLFFBU17EA,長橋段,28.73,非都市：特定農業區 ; 非都市編定：農牧用地
RPPNMLNJLHLFFAU09EA,豐東段,121.85,非都市：鄉村區 ; 非都市編定：乙種建築用地
RPPOMLPLKHLFFAU86EA,初音段,83.21,非都市：特定農業區 ; 非都市編定：甲種建築用地
RPPNMLLJLHLFFAU88EA,自強段,125.00,都市：住
RPPNMLLJLHLFFAU88EA,自強段,10.00,都市：住
RPPNMLQKLHLFFBU76CA,北林段,1489.76,非都市：特定農業區 ; 非都市編定：農牧用地
RPQOMLPKLHLFFAU76CA,光學段,45.75,非都市：一般農業區 ; 非都市編定：農牧用地
RPOOMLLLLHLFFAU88CA,裕民段,284.00,都市：住
RPSNMLLLLHLFFAU56CA,裕民段,99.00,都市：住
RPQNMLLLLHLFFAU98CA,福祥段,23.09,都市：住
RPXNMLLLLHLFFAU07CA,仁恥段,157.50,都市：農
RPRNMLQKLHLFFCU27EA,玉城段,107.00,都市：住
RPQOMLLKLHLFFAU98CA,佳民段,1400.00,非都市：山坡地保育區 ; 非都市編定：農牧用地
RPQOMLLKLHLFFAU98CA,佳民段,11030.00,非都市：山坡地保育區 ; 非都市編定：農牧用地
RPQOMLLKLHLFFAU98CA,佳民段,2150.00,非都市：山坡地保育區 ; 非都市編定：農牧用地
RPQOMLLKLHLFFAU98CA,佳民段,930.00,非都市：山坡地保育區 ; 非都市編定：農牧用地
RPQOMLLKLHLFFAU98CA,佳民段,5430.00,非都市：山坡地保育區 ; 非都市編定：農牧用地
RPQOMLLKLHLFFAU98CA,佳民段,6710.00,非都市：山坡地保育區 ; 非都市編定：農牧用地
RPQPMLKKLHLFFAU98CA,南華段,556.88,非都市：特定農業區 ; 非都市編定：農牧用地
RPSNMLMLLHLFFAU66CA,銅門段,8430.00,非都市：山坡地保育區 ; 非都市編定：林業用地
RPQNMLNJLHLFFAU98CA,福安段,98.00,都市：住
RPQNMLRJLHLFFAU76CA,富國段,4.71,都市：商
RPSNMLLJLHLFFAU98CA,民德段,93.01,都市：住
RPOOMLLJLHLFFAU68CA,慶豐段,116.00,都市：住
RPPOMLTJLHLFFAU96CA,主商段,5.64,都市：商
RPTOMLTJLHLFFAU37CA,明義段,20.26,都市：商
RPPOMLTJLHLFFAU96CA,主商段,.20,都市：其他
RPTOMLTJLHLFFAU37CA,明義段,7.09,都市：商
RPRNMLSLLHLFFAU17CA,裕民段,15.59,都市：商
RPOOMLMJLHLFFAU78CA,石壁段,87.91,非都市：一般農業區 ; 非都市編定：甲種建築用地
RPQNMLNLLHLFFAU56CA,慈雲段,1.03,都市：住
RPRNMLTJLHLFFBU17CA,大全段,95.68,非都市：一般農業區 ; 非都市編定：交通用地
RPRNMLTJLHLFFBU17CA,大全段,1776.49,非都市：一般農業區 ; 非都市編定：農牧用地
RPQNMLMJLHLFFAU09EA,慈惠段,17.13,都市：住
RPQNMLRJLHLFFAU96EA,主商段,11.00,都市：住
RPQNMLRJLHLFFAU96EA,主商段,39.00,都市：住
RPQNMLRJLHLFFAU96EA,主商段,63.00,都市：住
RPQNMLRJLHLFFAU96EA,主商段,15.00,都市：住
RPQNMLRJLHLFFAU96EA,主商段,3.00,都市：其他
RPOOMLLKLHLFFAU78CA,自強段,.66,都市：住
RPPOMLLLLHLFFAU98CA,稻香段,148.00,都市：住
RPSNMLRJLHLFFAU17EA,主商段,40.00,都市：商
RPSNMLRJLHLFFAU17EA,主商段,5.00,都市：其他
RPSNMLRJLHLFFAU17EA,主商段,161.00,都市：住
RPSNMLRJLHLFFAU17EA,主商段,1.00,都市：其他
RPROMLLLLHLFFAU56CA,民孝段,38.77,都市：住
RPWNMLPKLHLFFAU27CA,民心段,93.00,都市：工
RPVNMLQKLHLFFAU27CA,克來寶段,692.00,都市：住
RPUNMLOJLHLFFAU86CA,德布克段,1059.07,都市：農
RPROMLMJLHLFFAU09CA,碧雲段,114.70,都市：住
RPWNMLSLLHLFFAU67CA,福興段,730.00,都市：住
RPPNMLSJLHLFFAU76CA,碧雲段,22.36,都市：住
RPRNMLOJLHLFFCU96EA,鶴岡段,5436.00,非都市：風景區 ; 非都市編定：暫未編定
RPPOMLLKLHLFFAU88CA,主權段,36.00,都市：住
RPQNMLRJLHLFFCU96CA,萬寧段,330.00,非都市：特定農業區 ; 非都市編定：甲種建築用地
RPQNMLRKLHLFFAU86CA,慈安段,19.93,都市：住
RPQNMLMKLHLFFAU98CA,加灣段,55.44,非都市：鄉村區 ; 非都市編定：乙種建築用地
RPQNMLMKLHLFFAU98CA,加灣段,636.58,非都市：鄉村區 ; 非都市編定：乙種建築用地
RPXNMLNJLHLFFAU07CA,民意段,23.28,都市：住
RPXNMLNJLHLFFAU07CA,民意段,103.00,都市：住
RPPNMLSLLHLFFAU96CA,石壁段,165.99,非都市：一般農業區 ; 非都市編定：交通用地
RPPNMLSLLHLFFAU96CA,石壁段,2150.32,非都市：一般農業區 ; 非都市編定：農牧用地
RPWNMLLKLHLFFAU86CA,嘉北段,95.00,都市：農
RPQNMLLKLHLFFAU88CA,樹人段,12.67,都市：商
RPTNMLTJLHLFFAU27CA,民勤段,82.00,都市：住
RPTNMLTJLHLFFAU27CA,民勤段,32.50,都市：住
RPQOMLNJLHLFFAU09CA,嘉平段,28.29,都市：住
RPRNMLTJLHLFFAU07CA,永安段,67.27,非都市：鄉村區 ; 非都市編定：乙種建築用地
RPRNMLTJLHLFFAU07CA,永安段,61.95,非都市：鄉村區 ; 非都市編定：乙種建築用地
RPOOMLSLLHLFFAU96CA,仁義段,40.78,都市：住
RPOOMLNJLHLFFAU88CA,慈雲段,165.92,都市：住
RPPNMLSKLHLFFBU96CA,大平段,352.00,都市：住
RPPNMLSKLHLFFBU96CA,大平段,94.00,都市：住
RPSNMLOKLHLFFAU76CA,吉興段,28.64,都市：住
RPQNMLNJLHLFFCU76EA,農場段,1853.25,非都市：特定農業區 ; 非都市編定：農牧用地
RPRNMLNJLHLFFCU66CA,萬寧段,908.66,非都市：山坡地保育區 ; 非都市編定：農牧用地
RPQNMLTJLHLFFCU37EA,玉城段,113.00,都市：住
RPRNMLQJMHLFFAU86CA,林森段,3.35,都市：住
RPRNMLQJMHLFFAU86CA,林森段,.01,都市：住
RPRNMLQJMHLFFAU86CA,林森段,6.26,都市：住
RPRNMLQJMHLFFAU86CA,林森段,.02,都市：住
RPRNMLQJMHLFFAU86CA,林森段,12.29,都市：住
RPRNMLQJMHLFFAU86CA,林森段,.04,都市：住
RPQNMLOJLHLFFCU66CA,大里段,6784.48,非都市：森林區 ; 非都市編定：農牧用地
RPPNMLSJLHLFFCU07DA,玉璞段,227.00,都市：住
RPPNMLNJLHLFFCU09CA,玉泉段,117.00,都市：農
RPPNMLNJLHLFFCU09CA,玉泉段,307.00,都市：農
RPQNMLKMLHLFFCU56CA,玉城段,12.00,都市：住
RPPNMLMKLHLFFAU88CA,嘉新段,6.00,都市：農
RPPNMLMKLHLFFAU88CA,嘉新段,65.00,都市：農
RPTNMLRJMHLFFCU37CA,玉璞段,12.29,都市：商
RPSNMLOJLHLFFCU86CA,羅山段,204.99,非都市：鄉村區 ; 非都市編定：乙種建築用地
RPPNMLOJLHLFFCU56CA,東里段,261.00,非都市：鄉村區 ; 非都市編定：乙種建築用地
RPPNMLRJLHLFFCU07EA,瑞強段,91.00,非都市：鄉村區 ; 非都市編定：乙種建築用地
RPXNMLSLLHLFFAU77CA,德安段,178.00,都市：住
RPOOMLNLLHLFFAU09CA,豐裡段,157.43,非都市：鄉村區 ; 非都市編定：乙種建築用地
RPRNMLOKLHLFFAU66CA,嘉南段,116.14,都市：住
RPPOMLNLLHLFFAU56CA,富國段,4.67,都市：商
RPOOMLKKLHLFFAU68CA,樹人段,57.45,都市：住
RPOOMLKKLHLFFAU68CA,樹人段,.27,都市：住
RPQNMLKKLHLFFAU78CA,山廣段,86.20,非都市：一般農業區 ; 非都市編定：甲種建築用地
RPQNMLKKLHLFFAU78CA,山廣段,77.93,非都市：一般農業區 ; 非都市編定：農牧用地
RPSNMLTJLHLFFAU17CA,富國段,6.30,都市：商
RPWNMLMLLHLFFAU07CA,明義段,5.00,都市：商
RPWNMLMLLHLFFAU07CA,明義段,344.00,都市：商
RPRNMLSJLHLFFAU96CA,民享段,113.00,都市：商
RPVOMLMLLHLFFAU07CA,加灣段,4571.53,非都市：一般農業區 ; 非都市編定：農牧用地
RPVOMLMLLHLFFAU07CA,加灣段,241.75,非都市：一般農業區 ; 非都市編定：農牧用地
RPXNMLOJLHLFFAU17CA,路內段,53.04,都市：住
RPUNMLPKLHLFFAU07CA,國光段,57.00,都市：商
RPUNMLPKLHLFFAU07CA,國光段,3.15,都市：商
RPUNMLPKLHLFFAU07CA,國光段,17.59,都市：商
RPROMLLKLHLFFAU09CA,萬豐段,921.55,非都市：一般農業區 ; 非都市編定：農牧用地
RPOOMLPLLHLFFAU66CA,民孝段,75.00,都市：住
RPVNMLPKLHLFFAU17CA,仁義段,102.00,都市：住
RPRNMLRJLHLFFCU07CA,瑞祥段,977.27,非都市：一般農業區 ; 非都市編定：農牧用地
RPRNMLRJLHLFFCU07CA,瑞祥段,4133.29,非都市：一般農業區 ; 非都市編定：農牧用地
RPPNMLMLLHLFFBU09CA,大安段,334.00,都市：住
RPXNMLPLLHLFFAU47CA,福安段,35.79,都市：住
RPXNMLPLLHLFFAU47CA,福安段,2.89,都市：住
RPVNMLPLLHLFFAU27CA,仁義段,152.00,都市：住
RPQNMLTLLHLFFBU27CA,北林段,2626.11,非都市：特定農業區 ; 非都市編定：丁種建築用地
RPQNMLTLLHLFFBU27CA,北林段,710.56,非都市：特定農業區 ; 非都市編定：丁種建築用地
RPQNMLTLLHLFFBU27CA,北林段,96.62,非都市：特定農業區 ; 非都市編定：甲種建築用地
RPQNMLTLLHLFFBU27CA,北林段,1261.71,非都市：特定農業區 ; 非都市編定：丁種建築用地
RPQNMLTLLHLFFBU27CA,北林段,3370.72,非都市：特定農業區 ; 非都市編定：丁種建築用地
RPQNMLTLLHLFFBU27CA,北林段,1344.80,非都市：特定農業區 ; 非都市編定：甲種建築用地
RPPNMLTJLHLFFCU07CA,神社段,2495.60,都市：農
RPPNMLTJLHLFFCU07CA,神社段,1105.26,都市：農
RPPNMLTJLHLFFCU07CA,神社段,92.44,都市：農
RPOPMLLKLHLFFAU98DA,忠孝段,528.93,都市：農
RPTNMLMLLHLFFAU76CA,德安段,217.00,都市：其他
RPROMLMLLHLFFAU86EA,仁義段,89.00,都市：住
RPRNMLMKLHLFFAU09CA,廣賢段,54.28,非都市：鄉村區 ; 非都市編定：乙種建築用地
RPPNMLRKLHLFFCU96CA,中興段,130.22,都市：住
RPSNMLLMLHLFFAU66CA,福吉段,996.48,非都市：特定農業區 ; 非都市編定：農牧用地
RPSNMLSJLHLFFAU07CA,民意段,163.00,都市：住
RPOPMLKKLHLFFAU78CA,下台地段,6514.26,非都市：一般農業區 ; 非都市編定：農牧用地
RPOPMLKKLHLFFAU78CA,下台地段,1913.63,非都市：一般農業區 ; 非都市編定：農牧用地
RPOPMLKKLHLFFAU78CA,下台地段,1046.32,非都市：一般農業區 ; 非都市編定：農牧用地
RPPOMLKKLHLFFAU78CA,克來寶段,100.00,都市：住
RPTNMLKKLHLFFAU09CA,仁廉段,84.00,都市：住
RPTNMLLMLHLFFAU76CA,林森段,80.00,都市：其他
RPTNMLLMLHLFFAU76CA,林森段,198.00,都市：住
RPVOMLKKLHLFFAU76CA,國股段,131.22,都市：農
RPUOMLKKLHLFFAU66CA,國股段,160.27,都市：農
RPROMLPLLHLFFAU17EA,慶豐段,280.00,都市：住
RPQNMLTLLHLFFAU17CA,玻士岸段,310.14,都市：其他
RPQOMLQJMHLFFAU86CA,帛士林段,479.34,非都市： ; 非都市編定：
RPUNMLLLLHLFFAU76CA,明義段,28.80,都市：商
RPUNMLLLLHLFFAU76CA,明義段,.20,都市：其他
RPUNMLQKLHLFFAU17CA,富國段,15.08,都市：住
RPVNMLLLLHLFFAU86CA,富國段,15.75,都市：住
RPUOMLLKLHLFFAU76CA,裕民段,12.74,都市：住
RPWNMLTJLHLFFAU77EA,德安段,50.00,都市：住
RPXOMLLKLHLFFAU17DA,忠孝段,528.93,都市：農
RPROMLQJMHLFFAU96CA,慈安段,99.00,都市：住
RPVOMLKMLHLFFAU96CA,仁廉段,114.00,都市：住
RPTOMLLKLHLFFAU86EA,仁恥段,23.66,都市：住
RPTOMLLKLHLFFAU86EA,仁恥段,.18,都市：住
RPRNMLKKLHLFFAU09EA,克來寶段,100.00,都市：住
RPQNMLQKLHLFFBU86CA,大安段,132.00,都市：住
RPTNMLOKLHLFFAU07EA,富國段,3.17,都市：商
RPPNMLOKLHLFFAU09CA,民意段,96.00,都市：住
RPPNMLKKLHLFFCU09EA,玉昌段,132.00,都市：住
RPTNMLTLLHLFFAU47CA,富國段,17.17,都市：住
RPPPMLLKLHLFFAU98CA,福祥段,17.50,都市：住
RPPPMLKKLHLFFAU88CA,石壁段,2644.63,非都市：一般農業區 ; 非都市編定：養殖用地
RPTNMLLKLHLFFAU56CA,林森段,95.00,都市：住
RPSNMLLKLHLFFAU09CA,仁和段,102.84,非都市：特定農業區 ; 非都市編定：甲種建築用地
RPSNMLLKLHLFFAU09CA,仁和段,44.51,非都市：特定農業區 ; 非都市編定：甲種建築用地
RPTNMLQKLHLFFAU07CA,共和段,353.49,都市：農
RPTNMLQKLHLFFAU07CA,共和段,579.47,都市：農
RPPNMLLKLHLFFCU98CA,鱉溪段,2910.33,非都市：山坡地保育區 ; 非都市編定：農牧用地
RPQNMLQKLHLFFAU76CA,碧雲段,70.00,都市：住
RPQNMLQKLHLFFAU76CA,碧雲段,7.00,都市：其他
RPWNMLQKLHLFFAU37CA,福祥段,13.20,都市：住
RPWNMLSKNHLFFAU77CA,主商段,24.65,都市：商
RPWNMLSKNHLFFAU77CA,主商段,.05,都市：商
RPOOMLQKLHLFFAU66CA,嘉北段,98.00,非都市：鄉村區 ; 非都市編定：乙種建築用地
RPSNMLRKLHLFFCU27CA,玉城段,33.00,都市：住
RPSNMLRKLHLFFCU27CA,玉城段,63.00,都市：住
RPQNMLQJMHLFFAU76CA,明月段,1772.11,非都市：山坡地保育區 ; 非都市編定：農牧用地
RPWNMLRJMHLFFAU47CA,光榮段,176.19,非都市：鄉村區 ; 非都市編定：乙種建築用地
RPXNMLQJMHLFFAU47CA,大坪段,178.01,非都市：一般農業區 ; 非都市編定：甲種建築用地
RPXNMLQJMHLFFAU47CA,大坪段,1283.07,非都市：一般農業區 ; 非都市編定：農牧用地
RPPNMLSLLHLFFBU07CA,馬錫山段,2257.19,非都市：山坡地保育區 ; 非都市編定：林業用地
RPUNMLMLLHLFFAU86CA,古魯社段,2476.00,都市：農
RPQNMLOKLHLFFAU56CA,嘉南段,153.00,都市：住
RPXNMLPKLHLFFAU37CA,政明段,4.19,都市：其他
RPXNMLPKLHLFFAU37CA,政明段,991.80,都市：住
RPXOMLMLLHLFFAU27CA,樹林段,84.48,非都市：一般農業區 ; 非都市編定：甲種建築用地
RPUOMLMLLHLFFAU96CA,光榮段,189.35,非都市：鄉村區 ; 非都市編定：乙種建築用地
RPPNMLQKLHLFFAU66CA,自強段,27.00,都市：住
RPXNMLQKLHLFFAU47CA,富國段,5.75,都市：商
RPPNMLTKLHLFFCU17CA,民南段,3333.09,非都市：山坡地保育區 ; 非都市編定：農牧用地
RPRNMLRKLHLFFCU17CA,玉城段,7.00,都市：住
RPRNMLRKLHLFFCU17CA,玉城段,376.00,都市：住
RPRNMLRKLHLFFCU17CA,玉城段,63.00,都市：住
RPRNMLRKLHLFFCU17CA,玉城段,74.00,都市：住
RPRNMLRKLHLFFCU17CA,玉城段,72.00,都市：住
RPQNMLPKLHLFFAU66CA,農墾段,157.60,非都市：一般農業區 ; 非都市編定：農牧用地
RPQNMLPKLHLFFAU66CA,農墾段,495.95,非都市： ; 非都市編定：
RPQNMLPKLHLFFAU66CA,農墾段,92.19,非都市：一般農業區 ; 非都市編定：農牧用地
RPQNMLSKLHLFFAU96CA,廣賢段,42.48,非都市：鄉村區 ; 非都市編定：乙種建築用地
RPQNMLLKLHLFFCU09CA,玉昌段,234.00,都市：住
RPQNMLLKMHLFFCU66DA,富里段,1474.00,非都市：山坡地保育區 ; 非都市編定：農牧用地
RPQNMLLKMHLFFCU66DA,富里段,1794.00,非都市：山坡地保育區 ; 非都市編定：農牧用地
RPQNMLLKMHLFFCU66DA,富里段,1111.00,非都市：山坡地保育區 ; 非都市編定：農牧用地
RPQNMLLKMHLFFCU66DA,富里段,3948.00,非都市：山坡地保育區 ; 非都市編定：農牧用地
RPQNMLLKMHLFFCU66DA,富里段,1688.00,非都市：山坡地保育區 ; 非都市編定：農牧用地
RPQNMLLKMHLFFCU66DA,富里段,1756.00,非都市：山坡地保育區 ; 非都市編定：農牧用地
RPSOMLNLLHLFFAU86CA,民意段,418.00,都市：住
RPOOMLPKLHLFFAU76EA,平和段,1460.60,都市：農
RPPNMLOKLHLFFCU86EA,民北段,109.08,非都市：鄉村區 ; 非都市編定：乙種建築用地
RPRNMLQKLHLFFBU96CA,大興段,8685.65,非都市：一般農業區 ; 非都市編定：農牧用地
RPRNMLQKLHLFFBU96CA,大興段,3984.08,非都市：河川區 ; 非都市編定：農牧用地
RPSNMLQKLHLFFAU96CA,民勤段,99.00,都市：住
RPRNMLLMLHLFFBU86EA,新白陽段,47.67,非都市：一般農業區 ; 非都市編定：甲種建築用地
RPRNMLLMLHLFFBU86EA,新白陽段,42.57,非都市：一般農業區 ; 非都市編定：甲種建築用地
RPRNMLLMLHLFFBU86EA,新白陽段,53.74,非都市：一般農業區 ; 非都市編定：甲種建築用地
RPPNMLSJMHLFFAU86CA,上崇德段,1396.63,都市：住
RPPNMLSJMHLFFAU86CA,上崇德段,759.72,都市：其他
RPPNMLSJMHLFFAU86CA,上崇德段,14.86,都市：住
RPRNMLTKLHLFFCU37CA,民南段,2516.00,非都市：山坡地保育區 ; 非都市編定：農牧用地
RPSNMLQKLHLFFCU17CA,高寮段,2050.23,非都市：特定農業區 ; 非都市編定：農牧用地
RPPNMLSKLHLFFAU86CA,仁禮段,58.00,都市：住
RPQNMLTKLHLFFCU27CA,民南段,2515.99,非都市：山坡地保育區 ; 非都市編定：農牧用地
RPTNMLLKMHLFFAU66CA,新興段,126.81,都市：住
RPQOMLPLLHLFFAU86CA,豐東段,84.19,非都市：一般農業區 ; 非都市編定：甲種建築用地
RPPNMLRKLHLFFAU76CA,民德段,83.00,都市：住
RPPNMLQKLHLFFCU07EA,民南段,178.98,非都市：山坡地保育區 ; 非都市編定：丙種建築用地
RPPNMLQKLHLFFCU07EA,民南段,205.61,非都市：山坡地保育區 ; 非都市編定：丙種建築用地
RPRNMLMLLHLFFCU76CA,大里段,920.00,非都市：山坡地保育區 ; 非都市編定：農牧用地
RPRNMLMLLHLFFCU76CA,大里段,450.00,非都市：山坡地保育區 ; 非都市編定：農牧用地
RPUNMLRKLHLFFAU27CA,大漢段,101.59,非都市：鄉村區 ; 非都市編定：乙種建築用地
RPRNMLQKLHLFFAU86CA,廣賢段,1039.32,非都市：一般農業區 ; 非都市編定：農牧用地
RPRNMLQKLHLFFAU86CA,廣賢段,1039.32,非都市：一般農業區 ; 非都市編定：農牧用地
RPRNMLPLLHLFFAU86CA,慈雲段,164.49,都市：住
RPQOMLKMLHLFFAU09CA,仁愛段,876.90,非都市：特定農業區 ; 非都市編定：農牧用地
RPQOMLLJMHLFFAU98CA,南埔段,134.00,非都市：特定農業區 ; 非都市編定：甲種建築用地
RPOOMLLJMHLFFAU78CA,裕民段,8.63,都市：住
RPUOMLKMLHLFFAU86CA,宜寧段,80.00,都市：住
RPXNMLMLLHLFFAU27DA,民生段,21.33,都市：商
RPQNMLSLLHLFFBU17CA,馬佛段,3311.95,非都市：一般農業區 ; 非都市編定：農牧用地
RPRNMLRKLHLFFAU96CA,民勤段,126.00,都市：農
RPTOMLMLLHLFFAU86CA,福德段,16.53,都市：農
RPTOMLMLLHLFFAU86CA,福德段,116.00,都市：農
RPRNMLQLLHLFFAU96CA,慈勝段,2533.14,都市：農
RPRNMLQLLHLFFAU96CA,慈勝段,1664.20,都市：農
RPVNMLRKLHLFFAU37CA,興海段,100.45,都市：住
RPQOMLLKMHLFFAU09CA,福祥段,82.00,都市：住
RPUNMLRKLHLFFAU47EA,五十甲段,109.06,非都市：一般農業區 ; 非都市編定：甲種建築用地
RPTNMLRKLHLFFAU27DA,國風段,122.00,都市：住
RPVNMLQLLHLFFAU37CA,民享段,18.00,都市：其他
RPVNMLQLLHLFFAU37CA,民享段,32.00,都市：其他
RPRNMLSLLHLFFBU27CA,加里洞段,2227.28,非都市：山坡地保育區 ; 非都市編定：農牧用地
RPPNMLLLLHLFFBU98CA,馬遠段,7315.00,非都市：山坡地保育區 ; 非都市編定：農牧用地
RPSNMLSLLHLFFBU37CA,大安段,123.00,都市：住
RPVNMLNLLHLFFAU07CA,依柏合段,221.27,非都市：山坡地保育區 ; 非都市編定：丙種建築用地
RPVOMLMKMHLFFAU07CA,碧雲段,150.00,都市：住
RPSNMLSJMHLFFAU17CA,宜寧段,29.51,都市：住
RPWOMLMLLHLFFAU17CA,民意段,9.41,都市：住
RPWOMLMLLHLFFAU17CA,民意段,5.94,都市：住
RPVNMLMLLHLFFAU96CA,仁義段,684.00,都市：農
RPROMLLKMHLFFAU56CA,民德段,22.05,都市：住
RPUNMLPKMHLFFAU17CA,佳民段,1145.00,非都市：一般農業區 ; 非都市編定：農牧用地
RPUNMLPKMHLFFAU17CA,佳民段,452.00,非都市：一般農業區 ; 非都市編定：農牧用地
RPUNMLLKMHLFFAU76CA,南埔段,84.00,非都市：鄉村區 ; 非都市編定：乙種建築用地
RPPNMLPLLHLFFAU66CA,太昌段,75.00,都市：住
RPPNMLNKMHLFFAU09CA,中坑段,3641.95,非都市：風景區 ; 非都市編定：農牧用地
RPPNMLOKMHLFFAU56CA,福南段,2151.96,非都市：特定農業區 ; 非都市編定：農牧用地
RPPNMLOKMHLFFAU56CA,福南段,2151.96,非都市：特定農業區 ; 非都市編定：農牧用地
RPSOMLLJMHLFFAU56CA,富國段,30.29,都市：住
RPRNMLSKLHLFFAU27EA,永安段,129.73,非都市：鄉村區 ; 非都市編定：乙種建築用地
RPQNMLMLLHLFFCU66CA,玉璞段,113.00,都市：住
RPTNMLQLLHLFFAU17CA,民享段,26.60,都市：商
RPTNMLQLLHLFFAU17CA,民享段,3.00,都市：商
RPPNMLNLLHLFFCU86EA,奇美段,2924.00,非都市：風景區 ; 非都市編定：農牧用地
RPSNMLQLLHLFFAU07CA,富國段,2.50,都市：商
RPQNMLRKLHLFFCU07CA,泰林段,875.14,非都市：特定農業區 ; 非都市編定：水利用地
RPQNMLRKLHLFFCU07CA,泰林段,1936.22,非都市：山坡地保育區 ; 非都市編定：農牧用地
RPQNMLKMLHLFFAU56EA,富國段,6.60,都市：住
RPXNMLLJMHLFFAU96CA,仁廉段,21.81,都市：商
RPXNMLLJMHLFFAU96CA,仁廉段,.11,都市：商
RPPNMLLLLHLFFCU66EA,玉璞段,190.00,都市：商
RPSOMLMLLHLFFAU96EA,仁義段,17.00,都市：住
RPRNMLLJMHLFFCU76EA,德武段,11950.00,非都市：風景區 ; 非都市編定：農牧用地
RPOOMLMLLHLFFAU56EA,碧雲段,83.00,都市：住
RPPNMLMLLHLFFCU56CA,玉昌段,46.00,都市：住
RPPNMLMLLHLFFCU56CA,玉昌段,50.00,都市：住
RPPNMLMLLHLFFCU56CA,玉昌段,27.00,都市：住
RPRNMLKMLHLFFAU66EA,太昌段,74.00,都市：住
RPPOMLKMLHLFFAU98CA,民享段,37.30,都市：住
RPWNMLLMLHLFFAU17DA,國光段,1.01,都市：商
RPQNMLLJMHLFFCU66EA,德武段,2792.94,非都市：風景區 ; 非都市編定：農牧用地
RPQNMLLJMHLFFCU66EA,德武段,7416.25,非都市：風景區 ; 非都市編定：農牧用地
RPQNMLLJMHLFFCU66EA,德武段,3120.40,非都市：風景區 ; 非都市編定：農牧用地
RPQNMLLJMHLFFCU66EA,德武段,5146.97,非都市：風景區 ; 非都市編定：農牧用地
RPQNMLLJMHLFFCU66EA,德武段,4919.05,非都市：風景區 ; 非都市編定：農牧用地
RPQNMLLJMHLFFCU66EA,德武段,422.34,非都市：風景區 ; 非都市編定：丙種建築用地
RPPOMLMLLHLFFAU09CA,下台地段,2720.42,非都市：一般農業區 ; 非都市編定：農牧用地
RPPNMLOLLHLFFAU56CA,仁廉段,96.00,都市：住
RPQNMLOLLHLFFAU66CA,慈勝段,952.14,都市：農
RPPNMLNLLHLFFAU09CA,自強段,34.78,都市：住
RPWNMLQJMHLFFAU47DA,明義段,55.60,都市：住
RPWNMLQJMHLFFAU47DA,明義段,10.20,都市：住
RPQNMLSJMHLFFAU96CA,林森段,42.29,都市：住
RPSNMLMKMHLFFBU76CA,管真段,19840.00,非都市：山坡地保育區 ; 非都市編定：暫未編定
RPOOMLMLLHLFFAU98CA,下台地段,5292.31,非都市：一般農業區 ; 非都市編定：農牧用地
RPWNMLLKMHLFFAU96CA,初音段,141.07,非都市：特定農業區 ; 非都市編定：甲種建築用地
RPWNMLLKMHLFFAU96CA,初音段,28.94,非都市：特定農業區 ; 非都市編定：甲種建築用地
RPWNMLLKMHLFFAU96CA,初音段,27.24,非都市：特定農業區 ; 非都市編定：甲種建築用地
RPQNMLPKMHLFFAU76CA,南埔段,67.00,非都市：鄉村區 ; 非都市編定：乙種建築用地
RPQPMLPLLHLFFAU96CA,自強段,36.30,都市：住
RPVNMLLKMHLFFAU86CA,初音段,141.07,非都市：特定農業區 ; 非都市編定：甲種建築用地
RPVNMLLKMHLFFAU86CA,初音段,28.94,非都市：特定農業區 ; 非都市編定：甲種建築用地
RPVNMLLKMHLFFAU86CA,初音段,27.24,非都市：特定農業區 ; 非都市編定：甲種建築用地
RPSOMLLLLHLFFAU66CA,加灣段,540.11,非都市：一般農業區 ; 非都市編定：農牧用地
RPQOMLPKMHLFFAU86CA,慈勝段,105.20,都市：住
RPXNMLNLLHLFFAU27CA,民意段,109.00,都市：住
RPROMLNLLHLFFAU76CA,太昌段,147.00,都市：住
RPROMLNLLHLFFAU76CA,太昌段,10.00,都市：住
RPQNMLMLLHLFFAU09CA,沼田段,32.95,都市：住
RPQNMLMLLHLFFAU09CA,沼田段,43.66,都市：住
RPTNMLPLLHLFFAU07CA,福祥段,9.90,都市：住
RPVOMLMLLHLFFAU27EA,道拉斯段,23525.04,非都市：山坡地保育區 ; 非都市編定：林業用地
RPPNMLNLLHLFFAU66EA,豐山段,53.25,非都市：鄉村區 ; 非都市編定：乙種建築用地
RPTNMLLLLHLFFAU86EA,玻士岸段,43.49,都市：其他
RPTNMLLLLHLFFAU86EA,玻士岸段,103.38,都市：其他
RPQNMLPLLHLFFAU76CA,嘉新段,48.00,都市：農
RPQNMLQLLHLFFAU86CA,草芬段,1759.61,非都市：特定農業區 ; 非都市編定：農牧用地
RPQNMLQLLHLFFAU86CA,草芬段,1044.80,非都市：特定農業區 ; 非都市編定：農牧用地
RPUNMLLMLHLFFAU07EA,明月段,211.20,非都市： ; 非都市編定：
RPRNMLSJMHLFFCU27CA,大里段,4730.00,非都市：山坡地保育區 ; 非都市編定：農牧用地
RPXNMLLMLHLFFAU17CA,富國段,3.17,都市：商
RPVNMLLJMHLFFAU76CA,仁和段,32.10,非都市：特定農業區 ; 非都市編定：水利用地
RPQNMLMLLHLFFBU56CA,鳳凰段,5289.28,非都市：一般農業區 ; 非都市編定：農牧用地
RPQNMLNLLHLFFBU66CA,大平段,361.00,都市：住
RPRNMLNLLHLFFAU66CA,宜安段,89.00,都市：住
RPWNMLTLLHLFFAU77CA,嘉南段,50.00,都市：住
RPWNMLTLLHLFFAU77CA,嘉南段,132.00,都市：住
RPWNMLTLLHLFFAU77CA,嘉南段,3.00,都市：住
RPPNMLPKMHLFFCU07EA,中興段,99.41,都市：住
RPUNMLQLLHLFFAU27CA,德安段,11.95,都市：住
RPSOMLQJMHLFFAU07CA,莊敬段,114.00,都市：住
RPUOMLPLLHLFFAU27CA,志學段,3636.00,都市：其他
RPUOMLPLLHLFFAU27CA,志學段,52.00,都市：住
RPSNMLSJMHLFFCU47DA,萬寧段,803.53,非都市：特定農業區 ; 非都市編定：農牧用地
RPSNMLSJMHLFFCU47DA,萬寧段,168.29,非都市：特定農業區 ; 非都市編定：農牧用地
RPSNMLSJMHLFFCU47DA,學園段,815.10,非都市：山坡地保育區 ; 非都市編定：農牧用地
RPSNMLSJMHLFFCU47DA,學園段,1133.62,非都市：山坡地保育區 ; 非都市編定：農牧用地
RPRNMLSJMHLFFAU07CA,廣賢段,51.92,非都市：鄉村區 ; 非都市編定：乙種建築用地
RPVNMLTLLHLFFAU67CA,明義段,139.38,都市：住
RPPNMLOLLHLFFCU76CA,東竹段,2100.00,非都市：一般農業區 ; 非都市編定：農牧用地
RPTOMLLKMHLFFAU76CA,東昌段,330.76,都市：農
RPQNMLSLLHLFFAU07CA,德安段,74.00,都市：住
RPSNMLKMLHLFFAU56CA,仁和段,102.13,非都市：特定農業區 ; 非都市編定：甲種建築用地
RPSNMLKMLHLFFAU56CA,仁和段,44.51,非都市：特定農業區 ; 非都市編定：甲種建築用地
RPQNMLOLLHLFFCU86CA,興北段,1235.11,非都市：一般農業區 ; 非都市編定：農牧用地
RPPNMLPLLHLFFCU86CA,酸柑段,966.31,非都市：一般農業區 ; 非都市編定：農牧用地
RPQNMLSKMHLFFAU07CA,明義段,33.55,都市：住
RPQNMLPLLHLFFCU96CA,瑞穗段,431.00,非都市：特定農業區 ; 非都市編定：農牧用地
RPQNMLPLLHLFFCU96CA,瑞穗段,431.00,非都市：特定農業區 ; 非都市編定：農牧用地
RPOPMLPLLHLFFAU96EA,大禮段,3391.00,非都市：國家公園區 ; 非都市編定：
RPPNMLQLLHLFFAU76CA,慈惠段,235.78,都市：其他
RPSOMLPLLHLFFAU07CA,溪口段,160.73,非都市：一般農業區 ; 非都市編定：甲種建築用地
RPWNMLKMLHLFFAU96CA,民勤段,51.93,都市：住
RPPNMLSKMHLFFAU96CA,明義段,32.99,都市：住
RPRNMLRJMHLFFCU17CA,玉城段,48.62,都市：住
RPSNMLPLLHLFFAU96CA,光明段,2510.82,非都市：一般農業區 ; 非都市編定：農牧用地
RPSNMLPLLHLFFAU96CA,光明段,103.08,非都市：一般農業區 ; 非都市編定：農牧用地
RPSOMLKMLHLFFAU66CA,碧雲段,113.00,都市：住
RPSOMLKMLHLFFAU66CA,碧雲段,24.15,都市：住
RPOOMLPKMHLFFAU66CA,明月段,795.16,非都市：山坡地保育區 ; 非都市編定：農牧用地
RPTNMLOLLHLFFAU96CA,北濱段,7.49,都市：商
RPTNMLNKMHLFFAU86CA,溪口段,142.77,非都市：一般農業區 ; 非都市編定：甲種建築用地
RPPNMLTKMHLFFAU07CA,吉興段,7.37,都市：住
RPPNMLTKMHLFFAU07CA,吉興段,7.60,都市：住
RPOOMLRJMHLFFAU76CA,格督尚段,1545.73,非都市：一般農業區 ; 非都市編定：農牧用地
RPSNMLPKMHLFFAU96CA,仁廉段,21.81,都市：商
RPSNMLPKMHLFFAU96CA,仁廉段,.11,都市：商
RPUNMLLJMHLFFAU66CA,民心段,172.00,都市：其他
RPUNMLRJMHLFFAU27CA,稻香段,128.00,都市：住
SPUNMLRJMHLFFAU37CA,稻香段,128.00,都市：住
RPRNMLOKMHLFFAU76CA,莊敬段,101.00,都市：住
RPWOMLKLMHLFFAU07CA,碧雲段,75.00,都市：住
RPRNMLTLLHLFFAU27CA,福吉段,119.91,非都市：特定農業區 ; 非都市編定：甲種建築用地
RPRNMLPLLHLFFCU07CA,源北段,4693.90,非都市：特定農業區 ; 非都市編定：農牧用地
RPRNMLPLLHLFFCU07CA,源北段,6157.17,非都市：特定農業區 ; 非都市編定：農牧用地
RPTOMLKMLHLFFAU76CA,德安段,14.17,都市：住
RPSNMLPLLHLFFCU17CA,麻汝段,2510.00,非都市：一般農業區 ; 非都市編定：農牧用地
RPSNMLLJMHLFFAU09CA,萬富段,960.40,非都市：一般農業區 ; 非都市編定：養殖用地
RPXNMLLLMHLFFAU17CA,興海段,1153.27,都市：農
RPROMLLJMHLFFAU09CA,德安段,13.60,都市：住
RPPNMLSLLHLFFCU17CA,瑞美段,143.00,都市：住
RPQNMLKMLHLFFBU66EA,綜開段,1808.20,非都市：一般農業區 ; 非都市編定：農牧用地
RPPNMLQJMHLFFCU86CA,玉城段,82.81,都市：其他
RPPNMLQJMHLFFCU86CA,玉城段,33.20,都市：住
RPPNMLQJMHLFFCU86CA,玉城段,213.00,都市：住
RPPNMLLKMHLFFBU56EA,大安段,1.00,都市：其他
RPPNMLLKMHLFFBU56EA,大安段,5.00,都市：商
RPPNMLLKMHLFFBU56EA,大安段,9.00,都市：商
RPPNMLLKMHLFFBU56EA,大安段,9.00,都市：商
RPPNMLLKMHLFFBU56EA,大安段,38.00,都市：商
RPTNMLOKMHLFFCU27DA,玉璞段,110.00,都市：住
RPUNMLLJMHLFFCU86CA,鱉溪段,73.29,非都市：山坡地保育區 ; 非都市編定：農牧用地
RPUNMLLJMHLFFCU86CA,鱉溪段,45.82,非都市：山坡地保育區 ; 非都市編定：農牧用地
RPUNMLLJMHLFFCU86CA,鱉溪段,4263.76,非都市：山坡地保育區 ; 非都市編定：農牧用地
RPQNMLLLMHLFFCU66CA,中興段,100.07,都市：住
RPPOMLMKMHLFFAU66EA,富國段,11.65,都市：住
RPROMLKMLHLFFAU56CA,福德段,496.00,都市：農
RPQNMLOKMHLFFAU66CA,嘉北段,91.00,非都市：鄉村區 ; 非都市編定：乙種建築用地
RPUNMLKMLHLFFAU76CA,嘉北段,103.00,非都市：一般農業區 ; 非都市編定：甲種建築用地
RPTNMLLJMHLFFAU56CA,福祥段,37.00,都市：住
RPTNMLLJMHLFFAU56CA,福祥段,40.00,都市：住
RPPNMLLJMHLFFAU88DA,富國段,9.05,都市：商
RPVNMLLMLHLFFAU96CA,慶豐段,94.00,都市：住
RPXNMLTLLHLFFAU87CA,民享段,4.52,都市：商
RPUNMLTLLHLFFAU57CA,仁恥段,96.00,都市：住
RPPOMLQJMHLFFAU76CA,宜寧段,82.00,都市：住
RPVOMLKLMHLFFAU96CA,裕民段,13.52,都市：住
RPPNMLRJMHLFFBU86CA,鳳信段,387.65,非都市：鄉村區 ; 非都市編定：乙種建築用地
RPXNMLOKMHLFFAU37CA,精鐘段,430.00,非都市：山坡地保育區 ; 非都市編定：丙種建築用地
RPSOMLPKMHLFFAU07CA,興海段,437.93,都市：農
RPTNMLTKMHLFFAU47CA,慶豐段,65.00,都市：住
RPTNMLMKMHLFFAU76CA,太昌段,134.00,都市：住
RPROMLSKMHLFFAU27CA,國股段,97.35,都市：住
RPSOMLLMLHLFFAU76CA,新興段,149.53,都市：住
RPQNMLLMLHLFFAU09CA,富國段,4.25,都市：住
RPQNMLLMLHLFFAU09CA,富國段,4.25,都市：住
RPPNMLQJMHLFFAU76DA,仁義段,25.94,都市：住
RPQOMLLMLHLFFAU76EA,福祥段,57.00,都市：住
RPPNMLLMLHLFFBU66EA,支亞干段,521.92,非都市：一般農業區 ; 非都市編定：農牧用地
RPSNMLLJMHLFFCU86EA,大里段,1110.00,非都市：山坡地保育區 ; 非都市編定：農牧用地
RPSNMLLJMHLFFCU86EA,大里段,8997.00,非都市：山坡地保育區 ; 非都市編定：農牧用地
RPSNMLLJMHLFFCU86EA,大里段,2071.00,非都市：山坡地保育區 ; 非都市編定：農牧用地
RPSNMLLJMHLFFCU86EA,大里段,2362.00,非都市：山坡地保育區 ; 非都市編定：農牧用地
RPSNMLLJMHLFFCU86EA,大里段,230.00,非都市：山坡地保育區 ; 非都市編定：農牧用地
RPSNMLLJMHLFFCU86EA,大里段,120.00,非都市：山坡地保育區 ; 非都市編定：農牧用地
RPSNMLLJMHLFFCU86EA,大里段,28.00,非都市：山坡地保育區 ; 非都市編定：農牧用地
RPSNMLLJMHLFFCU86EA,大里段,1890.00,非都市：山坡地保育區 ; 非都市編定：農牧用地
RPSNMLLJMHLFFCU86EA,大里段,77.00,非都市：山坡地保育區 ; 非都市編定：農牧用地
RPSNMLLJMHLFFCU86EA,大里段,2465.00,非都市：山坡地保育區 ; 非都市編定：農牧用地
RPSNMLLJMHLFFCU86EA,大里段,20.00,非都市：山坡地保育區 ; 非都市編定：農牧用地
RPSNMLLJMHLFFCU86EA,大里段,970.00,非都市：山坡地保育區 ; 非都市編定：農牧用地
RPSNMLLJMHLFFCU86EA,大里段,7920.00,非都市：山坡地保育區 ; 非都市編定：農牧用地
RPRNMLRJMHLFFAU17EA,嘉北段,94.00,非都市：鄉村區 ; 非都市編定：乙種建築用地
RPQNMLLMLHLFFBU76EA,支亞干段,581.08,非都市：一般農業區 ; 非都市編定：農牧用地
RPPNMLLLMHLFFAU09DA,慈勝段,101.58,都市：住
RPPNMLLLMHLFFAU09DA,慈勝段,205.43,都市：住
RPPNMLLLMHLFFAU09DA,慈勝段,17.82,都市：其他
RPTNMLLLMHLFFAU76CA,宜昌段,80.00,都市：商
RPTNMLLLMHLFFAU76CA,宜昌段,17.00,都市：商
RPTOMLLJMHLFFAU66CA,仁和段,138.34,非都市：特定農業區 ; 非都市編定：甲種建築用地
RPTOMLLJMHLFFAU66CA,仁和段,44.51,非都市：特定農業區 ; 非都市編定：甲種建築用地
RPSNMLRJMHLFFCU27CA,玉璞段,150.00,都市：住
RPUOMLLJMHLFFAU86DA,樹林段,84.43,非都市：一般農業區 ; 非都市編定：甲種建築用地
RPVNMLQJMHLFFAU27CA,稻香段,128.00,都市：住
RPQNMLNLMHLFFAU66CA,慈安段,21.50,都市：住
RPQNMLNLMHLFFAU66CA,慈安段,94.00,都市：住
RPPNMLNLMHLFFAU56CA,林森段,16.57,都市：住
RPOOMLLMLHLFFAU98CA,四維段,276.76,都市：農
RPOOMLLMLHLFFAU98CA,四維段,2074.07,都市：農
RPSNMLMKMHLFFAU66CA,慶豐段,188.00,都市：農
RPPNMLPKMHLFFAU66CA,富國段,14.69,都市：商
RPRNMLMKMHLFFAU56CA,慶豐段,189.00,都市：農
RPTOMLMKMHLFFAU86CA,福安段,13.37,都市：住
RPOOMLQJMHLFFAU66CA,嘉北段,98.00,非都市：鄉村區 ; 非都市編定：乙種建築用地
RPPNMLLJMHLFFBU88CA,大安段,223.00,都市：住
RPOPMLLLMHLFFAU09CA,壽月段,113.09,非都市：鄉村區 ; 非都市編定：乙種建築用地
RPOOMLLLMHLFFAU98CA,佳民段,11634.00,非都市：山坡地保育區 ; 非都市編定：林業用地
RPVNMLKLMHLFFAU86CA,福吉段,63.83,非都市：特定農業區 ; 非都市編定：甲種建築用地
RPQOMLLLMHLFFAU56CA,佳民段,5250.00,非都市：山坡地保育區 ; 非都市編定：林業用地
RPQOMLLLMHLFFAU56CA,佳民段,14300.00,非都市：山坡地保育區 ; 非都市編定：農牧用地
RPQOMLLLMHLFFAU56CA,佳民段,2810.00,非都市：山坡地保育區 ; 非都市編定：林業用地
RPQOMLLLMHLFFAU56CA,佳民段,3100.00,非都市：山坡地保育區 ; 非都市編定：農牧用地
RPQOMLLLMHLFFAU56CA,佳民段,14370.00,非都市：山坡地保育區 ; 非都市編定：林業用地
RPQOMLLLMHLFFAU56CA,佳民段,20582.00,非都市：山坡地保育區 ; 非都市編定：林業用地
RPUOMLLLMHLFFAU96CA,宜寧段,166.00,都市：商
RPUOMLLLMHLFFAU96CA,宜寧段,11.00,都市：商
RPROMLLMLHLFFAU66CA,仁禮段,2.00,都市：住
RPPNMLMLMHLFFAU09CA,莊敬段,7.02,都市：住
RPWNMLKLMHLFFAU96CA,嘉南段,93.00,都市：住
RPSNMLQJMHLFFAU96CA,民德段,25.60,都市：住
RPXOMLKLMHLFFAU17CA,林森段,2.28,都市：住
RPXOMLKLMHLFFAU17CA,林森段,4.26,都市：住
RPXOMLKLMHLFFAU17CA,林森段,8.36,都市：住
RPSOMLMLMHLFFAU86CA,仁廉段,34.31,都市：住
RPRNMLLLMHLFFAU56CA,慶豐段,168.00,都市：農
RPRNMLLLMHLFFAU56CA,慶豐段,33.83,都市：農
RPPNMLPLMHLFFBU86CA,林榮段,208.91,非都市：鄉村區 ; 非都市編定：乙種建築用地
RPWNMLLJMHLFFAU86CA,仁義段,70.00,都市：住
RPQNMLRJMHLFFCU07CA,神社段,10310.29,非都市：山坡地保育區 ; 非都市編定：農牧用地
RPQNMLRJMHLFFCU07CA,神社段,3050.71,非都市：山坡地保育區 ; 非都市編定：農牧用地
RPPNMLRJMHLFFCU96CA,玉昌段,86.00,都市：住
RPPNMLRJMHLFFCU96CA,玉昌段,7.00,都市：其他
RPWOMLLLMHLFFAU37EA,稻香段,178.00,都市：住
RPQNMLRJMHLFFAU07EA,大禮段,3500.00,非都市：國家公園區 ; 非都市編定：
RPUOMLLKMHLFFAU07EA,初音段,411.90,非都市：特定農業區 ; 非都市編定：農牧用地
RPUOMLLKMHLFFAU07EA,初音段,1618.20,非都市：特定農業區 ; 非都市編定：農牧用地
RPPOMLLLMHLFFAU09CA,富國段,18.67,都市：住
RPRNMLMLMHLFFAU66CA,永興段,19.02,非都市：鄉村區 ; 非都市編定：乙種建築用地
RPRNMLMLMHLFFAU66CA,永興段,110.74,非都市：鄉村區 ; 非都市編定：乙種建築用地
RPROMLLLMHLFFAU66CA,慶豐段,97.00,都市：住
RPRNMLNLMHLFFAU76CA,仁恥段,27.45,都市：住
RPVNMLLLMHLFFAU96CA,民意段,13.40,都市：住
RPSNMLNLMHLFFAU86CA,仁義段,129.00,都市：住
RPPNMLRJMHLFFAU96EA,福德段,40.00,都市：住
RPQPMLPKMHLFFAU96CA,明月段,1905.02,非都市：山坡地保育區 ; 非都市編定：農牧用地
RPUNMLSJMHLFFAU37CA,福祥段,89.00,都市：其他
RPUNMLSJMHLFFAU37CA,福祥段,314.00,都市：住
RPWNMLMKMHLFFAU07CA,帛士林段,2511.12,非都市：一般農業區 ; 非都市編定：農牧用地
RPWNMLTKMHLFFAU77CA,嘉南段,102.00,都市：住
RPXNMLRJMHLFFAU57CA,豐山段,114.21,非都市：一般農業區 ; 非都市編定：甲種建築用地
RPRNMLLKMHLFFAU09CA,吳全段,16.03,都市：農
RPROMLMKMHLFFAU66CA,加灣段,3212.04,非都市：一般農業區 ; 非都市編定：農牧用地
RPSOMLMKMHLFFAU76CA,上崇德段,2252.08,都市：農
RPWNMLSJMHLFFAU57CA,光明段,1534.87,非都市：一般農業區 ; 非都市編定：農牧用地
RPWNMLSJMHLFFAU57CA,光明段,120.62,非都市：一般農業區 ; 非都市編定：農牧用地
RPWNMLSJMHLFFAU57CA,光明段,115.31,非都市：一般農業區 ; 非都市編定：農牧用地
RPQOMLMKMHLFFAU56CA,樹人段,95.00,都市：住
RPQNMLNKMHLFFAU56CA,永安段,154.25,非都市：鄉村區 ; 非都市編定：乙種建築用地
RPQNMLNKMHLFFAU56CA,永安段,108.36,非都市：鄉村區 ; 非都市編定：乙種建築用地
RPSNMLLLMHLFFCU86CA,玉昌段,188.00,都市：住
RPPNMLMKMHLFFCU56CA,富里段,5199.00,非都市：山坡地保育區 ; 非都市編定：農牧用地
RPPNMLMKMHLFFCU56CA,富里段,2500.00,非都市：山坡地保育區 ; 非都市編定：農牧用地
RPQNMLLKMHLFFAU56EA,民生段,19.00,都市：商
RPQNMLLKMHLFFAU56EA,民生段,171.00,都市：商
RPSOMLLKMHLFFAU86EA,民勤段,11.26,都市：住
RPPNMLPKMHLFFBU76CA,鳳仁段,104.00,都市：住
RPPNMLPKMHLFFBU76CA,鳳仁段,25.50,都市：住
RPPNMLSKMHLFFBU07CA,鳳仁段,97.00,都市：住
RPXNMLKLMHLFFAU07CA,仁義段,62.00,都市：住
RPPOMLPLMHLFFAU86CA,富國段,21.45,都市：商
RPPNMLLKMHLFFAU88CA,莊敬段,12.60,都市：住
RPQOMLPLMHLFFAU96CA,林森段,84.00,都市：住
RPROMLPLMHLFFAU07CA,宜安段,20.87,都市：住
RPSNMLLLMHLFFAU66CA,永興段,93.53,非都市：鄉村區 ; 非都市編定：乙種建築用地
RPSOMLPLMHLFFAU17CA,自強段,15.40,都市：住
RPTNMLSJMHLFFAU27CA,富國段,4.52,都市：住
RPQNMLMKMHLFFAU09CA,富國段,20.45,都市：住
RPUNMLMJNHLFFAU86CA,富國段,11.03,都市：商
RPUNMLSJMHLFFCU57CA,古風段,2140.00,非都市：山坡地保育區 ; 非都市編定：林業用地
RPPNMLTJMHLFFCU17CA,掃叭頂段,772.40,非都市：鄉村區 ; 非都市編定：乙種建築用地
RPWOMLMKMHLFFAU17CA,豐東段,2210.00,非都市：一般農業區 ; 非都市編定：農牧用地
RPWOMLMKMHLFFAU17CA,萬富段,3256.54,非都市：一般農業區 ; 非都市編定：農牧用地
RPPOMLMKMHLFFAU56DA,民享段,60.00,都市：商
RPWNMLSLMHLFFAU77CA,國光段,116.50,都市：住
RPPNMLMKMHLFFBU66EA,大榮段,1251.95,非都市：一般農業區 ; 非都市編定：農牧用地
RPSNMLSJMHLFFCU57EA,玉璞段,59.00,都市：住
RPSNMLSJMHLFFCU57EA,玉璞段,28.00,都市：住
RPPNMLLKMHLFFCU66EA,鱉溪段,525.99,非都市：河川區 ; 非都市編定：農牧用地
RPQNMLMKMHLFFBU76EA,支亞干段,15899.63,非都市：山坡地保育區 ; 非都市編定：林業用地
RPRNMLMKMHLFFBU86EA,支亞干段,285.94,非都市：山坡地保育區 ; 非都市編定：丙種建築用地
RPTNMLOJNHLFFAU96CA,南埔段,607.00,非都市：特定農業區 ; 非都市編定：農牧用地
RPSNMLOJNHLFFAU86CA,南埔段,607.00,非都市：特定農業區 ; 非都市編定：農牧用地
RPSOMLOJNHLFFAU07DA,上水源段,162.49,非都市：山坡地保育區 ; 非都市編定：農牧用地
RPUNMLOJNHLFFAU07CA,南埔段,606.00,非都市：特定農業區 ; 非都市編定：農牧用地
RPOOMLLKMHLFFAU98DA,民享段,59.00,都市：商
RPSOMLTLMHLFFAU57CA,永安段,91.88,非都市：鄉村區 ; 非都市編定：乙種建築用地
RPXNMLMKMHLFFAU37EA,國股段,51.83,都市：農
RPWOMLPJNHLFFAU67EA,慈雲段,700.04,都市：農
RPPNMLSKMHLFFAU17EA,東華段,277.88,都市：農
RPPOMLPKMHLFFAU76CA,明月段,2534.90,非都市：山坡地保育區 ; 非都市編定：農牧用地
RPTNMLNLMHLFFAU96CA,潭北段,3137.10,都市：其他
RPXOMLLLOHLFFAU47CA,富國段,5.31,都市：商
RPVNMLMJNHLFFAU96CA,民勤段,20.73,都市：住
RPRPMLLLMHLFFAU76CA,慶豐段,122.50,都市：農
RPUOMLMKMHLFFAU96CA,路內段,52.84,都市：住
RPPNMLKLMHLFFAU88CA,宜安段,10.22,都市：住
RPOOMLMKMHLFFAU98CA,仁恥段,87.00,都市：住
RPSPMLLLMHLFFAU86CA,萬豐段,106.08,非都市：一般農業區 ; 非都市編定：甲種建築用地
RPSNMLKLMHLFFAU56CA,古魯社段,3246.28,都市：農
RPPNMLNKMHLFFCU86EA,東竹段,482.00,非都市：一般農業區 ; 非都市編定：農牧用地
RPQOMLPJNHLFFAU86CA,加灣段,107.89,非都市：一般農業區 ; 非都市編定：農牧用地
RPQNMLNKMHLFFCU76CA,瑞良段,27.00,都市：其他
RPQNMLNKMHLFFCU76CA,瑞良段,338.00,都市：住
RPUNMLNLMHLFFAU07CA,莊敬段,11.52,都市：住
RPUNMLNLMHLFFAU07CA,莊敬段,4.97,都市：住
RPSNMLOKMHLFFCU07CA,東竹段,3123.00,非都市：一般農業區 ; 非都市編定：農牧用地
RPPPMLKLMHLFFAU56DA,富國段,20.73,都市：商
RPPNMLNKMHLFFBU56CA,長橋段,5108.33,非都市：特定農業區 ; 非都市編定：農牧用地
RPQNMLPKMHLFFCU96CA,舞鶴東段,2164.65,非都市：山坡地保育區 ; 非都市編定：農牧用地
RPQNMLOKMHLFFCU86CA,玉昌段,165.00,都市：住
RPROMLTJNHLFFAU37CA,下崇德段,1239.83,都市：其他
RPROMLTJNHLFFAU37CA,下崇德段,44.43,都市：其他
RPPNMLOKMHLFFCU96EA,玉城段,37.88,都市：住
RPQNMLSKMHLFFBU17CA,大馬段,608.93,非都市：一般農業區 ; 非都市編定：農牧用地
RPRNMLOKMHLFFCU96CA,玉城段,136.00,都市：住
RPUNMLQLMHLFFAU37CA,莊敬段,17.10,都市：住
RPTOMLTJNHLFFAU77EA,太昌段,97.00,都市：住
RPUOMLTJNHLFFAU67CA,富國段,10.77,都市：商
RPVOMLLLMHLFFAU07CA,玻士岸段,2423.09,都市：商
RPUOMLSLMHLFFAU67CA,嘉南段,117.00,都市：住
RPVOMLSLMHLFFAU77CA,嘉南段,109.00,都市：住
RPWNMLNLMHLFFAU27CA,永安段,119.10,非都市：鄉村區 ; 非都市編定：乙種建築用地
RPRNMLKLMHLFFAU09CA,民意段,42.80,都市：住
RPPPMLPKMHLFFAU86CA,豐南段,3357.76,非都市：一般農業區 ; 非都市編定：農牧用地
RPQNMLKKNHLFFAU98CA,太昌段,106.00,都市：農
RPTNMLKLMHLFFAU66CA,國股段,420.90,都市：住
RPTNMLKLMHLFFAU66CA,國股段,2.15,都市：農
RPTNMLKLMHLFFAU66CA,國股段,451.47,都市：住
RPTNMLKLMHLFFAU66CA,國股段,3.96,都市：農
RPTNMLKLMHLFFAU66CA,國股段,32.09,都市：農
RPTOMLPKMHLFFAU17CA,白雲段,75.58,非都市：一般農業區 ; 非都市編定：甲種建築用地
RPUNMLKLMHLFFAU76CA,國股段,262.16,都市：農
RPUNMLKLMHLFFAU76CA,國股段,21.83,都市：住
RPQPMLLLMHLFFAU66CA,主商段,30.03,都市：住
RPRNMLKKNHLFFAU09CA,富國段,12.17,都市：商
RPRNMLSKMHLFFBU27CA,加里洞段,20474.44,非都市：山坡地保育區 ; 非都市編定：農牧用地
RPPNMLKKNHLFFAU88CA,主權段,121.73,都市：住
RPPNMLKKNHLFFAU88CA,主權段,.69,都市：住
RPPOMLTJNHLFFAU17CA,豐山段,1653.11,非都市：一般農業區 ; 非都市編定：農牧用地
RPVNMLTKMHLFFAU67CA,福南段,1083.46,非都市：特定農業區 ; 非都市編定：農牧用地
RPROMLPKMHLFFAU96CA,主商段,8.04,都市：商
RPSNMLSKMHLFFBU37CA,鳳信段,387.65,非都市：鄉村區 ; 非都市編定：乙種建築用地
RPUOMLPKMHLFFAU37DA,豐山段,116.82,非都市：鄉村區 ; 非都市編定：乙種建築用地
RPPNMLKLMHLFFCU09CA,瑞強段,292.00,非都市：一般農業區 ; 非都市編定：農牧用地
RPSNMLPLMHLFFAU17DA,福安段,69.00,都市：住
RPSNMLPLMHLFFAU17DA,福安段,120.00,都市：住
RPRNMLSLMHLFFCU47CA,古風段,1840.00,非都市：山坡地保育區 ; 非都市編定：農牧用地
RPWNMLOJNHLFFAU27CA,吉興段,149.06,都市：住
RPSOMLSKMHLFFAU37CA,北坑段,2546.59,非都市：風景區 ; 非都市編定：農牧用地
RPOPMLPKMHLFFAU96EA,慈安段,129.00,都市：其他
RPXNMLPLMHLFFAU57CA,豐南段,230.92,非都市：一般農業區 ; 非都市編定：農牧用地
RPXNMLPLMHLFFAU57CA,豐南段,28.87,非都市：一般農業區 ; 非都市編定：農牧用地
RPXNMLPLMHLFFAU57CA,豐南段,28.87,非都市：一般農業區 ; 非都市編定：農牧用地
RPXNMLPLMHLFFAU57CA,豐南段,835.15,非都市：一般農業區 ; 非都市編定：甲種建築用地
RPXNMLPLMHLFFAU57CA,豐南段,104.39,非都市：一般農業區 ; 非都市編定：甲種建築用地
RPXNMLPLMHLFFAU57CA,豐南段,104.39,非都市：一般農業區 ; 非都市編定：甲種建築用地
RPOOMLSLMHLFFAU07CA,民意段,11.53,都市：住
RPPOMLSKMHLFFAU07CA,碧雲段,136.00,都市：住
RPRNMLPLMHLFFAU96CA,光輝段,948.91,非都市：一般農業區 ; 非都市編定：農牧用地
RPQNMLTLMHLFFCU47CA,禹西段,6405.71,非都市：山坡地保育區 ; 非都市編定：暫未編定
RPPOMLOJNHLFFAU66CA,德安段,19.92,都市：住
RPPOMLRLMHLFFAU07CA,宜寧段,83.00,都市：住
RPPOMLRLMHLFFAU07CA,宜寧段,7.00,都市：其他
RPPOMLKLMHLFFAU98CA,民勤段,13.41,都市：住
RPTOMLKLMHLFFAU76CA,德安段,57.00,都市：住
RPTOMLKLMHLFFAU76CA,德安段,3.00,都市：住
RPTOMLKLMHLFFAU76CA,德安段,21.00,都市：住
RPOOMLKLMHLFFAU88CA,順安段,81.16,非都市：一般農業區 ; 非都市編定：甲種建築用地
RPROMLMLMHLFFAU76CA,東昌段,2675.60,都市：農
RPQNMLMKNHLFFAU56CA,慈惠段,106.74,都市：住
RPOPMLKLMHLFFAU98CA,北濱段,.99,都市：商
RPVNMLPLMHLFFAU37CA,石壁段,2795.51,非都市：一般農業區 ; 非都市編定：農牧用地
RPRNMLTKMHLFFAU27CA,石壁段,1322.41,非都市：一般農業區 ; 非都市編定：丁種建築用地
RPQNMLQLMHLFFAU96CA,仁愛段,887.72,非都市：特定農業區 ; 非都市編定：農牧用地
RPSOMLLLMHLFFAU76CA,自強段,49.28,都市：住
RPUNMLLLMHLFFAU86CA,太昌段,70.00,都市：其他
RPSOMLSLMHLFFAU47CA,順安段,1081.16,都市：住
RPQNMLKLMHLFFAU98CA,民德段,30.41,都市：住
RPPNMLMLMHLFFBU56CA,鳳凰段,1750.00,非都市：特定農業區 ; 非都市編定：農牧用地
RPPOMLQJNHLFFAU86CA,仁和段,982.36,都市：農
RPTOMLSLMHLFFAU57CA,南埔段,95.00,非都市：特定農業區 ; 非都市編定：甲種建築用地
RPXNMLNJNHLFFAU47EA,稻香段,166.00,都市：住
RPXNMLNJNHLFFAU47EA,稻香段,30.50,都市：其他
RPXNMLNJNHLFFAU47EA,稻香段,58.25,都市：其他
RPRNMLLLMHLFFCU96EA,竹田段,11977.02,非都市：一般農業區 ; 非都市編定：農牧用地
RPQOMLSKNHLFFAU27CA,德布克段,43.18,都市：其他
RPQOMLSKNHLFFAU27CA,德布克段,184.66,都市：住
RPPNMLNJNHLFFAU09CA,民心段,152946.00,都市：其他
RPPNMLNJNHLFFAU09CA,民心段,560.00,都市：其他
RPPNMLNJNHLFFAU09CA,大漢段,139.11,非都市：特定專用區 ; 非都市編定：特定目的事業用地
RPQNMLKLMHLFFAU56EA,光華段二小段,147.22,非都市：工業區 ; 非都市編定：丁種建築用地
RPPNMLTKMHLFFBU37EA,大安段,102.00,都市：住
RPWNMLQJNHLFFAU47CA,自強段,5.63,都市：住
RPPPMLLLMHLFFAU56CA,慶豐段,167.00,都市：住
RPXNMLQLMHLFFAU67CA,廣賢段,53.47,非都市：鄉村區 ; 非都市編定：乙種建築用地
RPQNMLPLMHLFFAU86CA,民心段,1176.20,都市：其他
RPQNMLPLMHLFFAU86CA,民心段,3903.60,都市：其他
RPXNMLNLMHLFFAU37CA,林森段,150.00,都市：住
RPWNMLQLMHLFFAU57CA,北濱段,99.00,都市：住
RPWNMLQLMHLFFAU57CA,北濱段,1.00,都市：其他
RPRNMLSKNHLFFAU27CA,福興段,8.00,都市：其他
RPRNMLSKNHLFFAU27CA,福興段,165.00,都市：住
RPWNMLMLMHLFFAU17CA,富國段,2.67,都市：商
RPWNMLLLMHLFFAU07CA,太昌段,200.00,都市：住
RPUOMLMLMHLFFAU07CA,嘉南段,13.50,都市：住
RPUOMLMLMHLFFAU07CA,嘉南段,81.00,都市：住
RPSNMLRLMHLFFAU27CA,民意段,27.60,都市：住
RPOOMLKKNHLFFAU88CA,仁恥段,27.67,都市：住
RPRNMLMKNHLFFAU66CA,初音段,718.83,非都市：特定農業區 ; 非都市編定：農牧用地
RPRNMLMKNHLFFAU66CA,初音段,176.45,非都市：河川區 ; 非都市編定：農牧用地
RPRNMLMKNHLFFAU66CA,初音段,176.44,非都市：河川區 ; 非都市編定：農牧用地
RPRNMLMKNHLFFAU66CA,初音段,785.95,非都市：特定農業區 ; 非都市編定：農牧用地
RPRNMLMKNHLFFAU66CA,初音段,785.95,非都市：特定農業區 ; 非都市編定：農牧用地
RPXNMLKKNHLFFAU07CA,慈安段,86.00,都市：住
RPXNMLMLMHLFFAU47EA,草芬段,3.00,非都市：特定農業區 ; 非都市編定：農牧用地
RPSOMLLLMHLFFAU96EA,下台地段,1587.94,非都市：一般農業區 ; 非都市編定：農牧用地
RPTNMLPLMHLFFAU37EA,加灣段,216.41,非都市：一般農業區 ; 非都市編定：甲種建築用地
RPPNMLOJNHLFFAU56CA,主權段,92.00,都市：住
RPQNMLMLMHLFFCU86DA,玉城段,52.00,都市：住
RPQNMLMLMHLFFCU86DA,玉城段,690.00,都市：住
RPQNMLPJNHLFFCU96CA,大里段,3770.00,非都市：特定農業區 ; 非都市編定：農牧用地
RPQNMLPJNHLFFCU96CA,大里段,1410.00,非都市：特定農業區 ; 非都市編定：農牧用地
RPUNMLMKNHLFFAU96CA,莊敬段,12.95,都市：住
RPROMLKKNHLFFAU56CA,慶豐段,137.00,都市：農
RPUOMLRKNHLFFAU57CA,主權段,12.24,都市：商
RPUOMLRKNHLFFAU57CA,主權段,24.84,都市：商
RPUOMLRKNHLFFAU57CA,主權段,10.40,都市：商
RPUOMLRKNHLFFAU57CA,主權段,121.50,都市：商
RPQNMLNKNHLFFCU86CA,源北段,1259.58,非都市：特定農業區 ; 非都市編定：農牧用地
RPQNMLNKNHLFFCU86CA,源北段,4057.54,非都市：特定農業區 ; 非都市編定：農牧用地
RPQNMLNKNHLFFCU86CA,源北段,4057.54,非都市：特定農業區 ; 非都市編定：農牧用地
RPQNMLNKNHLFFCU86CA,源北段,1259.58,非都市：特定農業區 ; 非都市編定：農牧用地
RPQNMLNKNHLFFCU86CA,源北段,374.00,非都市：特定農業區 ; 非都市編定：農牧用地
RPQNMLNKNHLFFCU86CA,源北段,374.00,非都市：特定農業區 ; 非都市編定：農牧用地
RPQNMLMLMHLFFBU66CA,西富段,3348.41,非都市：特定農業區 ; 非都市編定：農牧用地
RPQNMLMLMHLFFBU66CA,西富段,2867.15,非都市：特定農業區 ; 非都市編定：農牧用地
RPTNMLRKNHLFFAU37CA,壽月段,129.32,非都市：鄉村區 ; 非都市編定：乙種建築用地
RPPNMLTKNHLFFCU37CA,源北段,1086.87,非都市：山坡地保育區 ; 非都市編定：農牧用地
RPPNMLTKNHLFFCU37CA,源北段,2049.56,非都市：山坡地保育區 ; 非都市編定：農牧用地
RPPNMLTKNHLFFCU37CA,源北段,2891.00,非都市：山坡地保育區 ; 非都市編定：農牧用地
RPPNMLTKNHLFFCU37CA,源北段,1384.03,非都市：山坡地保育區 ; 非都市編定：農牧用地
RPPNMLTKNHLFFCU37CA,源北段,15705.94,非都市：山坡地保育區 ; 非都市編定：農牧用地
RPPNMLTKNHLFFCU37CA,源北段,3185.06,非都市：山坡地保育區 ; 非都市編定：農牧用地
RPPNMLTKNHLFFCU37CA,源北段,4475.41,非都市：山坡地保育區 ; 非都市編定：農牧用地
RPPNMLTKNHLFFCU37CA,源北段,3076.35,非都市：山坡地保育區 ; 非都市編定：農牧用地
RPPNMLTKNHLFFCU37CA,源北段,2095.56,非都市：山坡地保育區 ; 非都市編定：農牧用地
RPSOMLKKNHLFFAU66CA,自強段,26.45,都市：住
RPSOMLKKNHLFFAU66CA,自強段,.57,都市：住
RPRNMLRKNHLFFAU17CA,富國段,17.27,都市：住
RPVNMLRKNHLFFAU57CA,廣安段,171.57,非都市：一般農業區 ; 非都市編定：甲種建築用地
RPTNMLTLMHLFFAU57CA,加灣段,115.51,非都市：一般農業區 ; 非都市編定：甲種建築用地
RPPOMLSLMHLFFAU17CA,富國段,166.00,都市：住
RPXOMLOJNHLFFAU47CA,富國段,5.19,都市：商
RPVOMLMLMHLFFAU17CA,下台地段,418.53,非都市：一般農業區 ; 非都市編定：農牧用地
RPPOMLKKNHLFFAU98CA,順安段,118.46,非都市：一般農業區 ; 非都市編定：甲種建築用地
RPUOMLOJNHLFFAU17CA,福祥段,17.50,都市：住
RPPOMLMLMHLFFAU56CA,德安段,20.00,都市：商
RPOOMLMLMHLFFAU09CA,富國段,11.49,都市：商
RPSNMLMLMHLFFAU76CA,永安段,67.27,非都市：鄉村區 ; 非都市編定：乙種建築用地
RPSNMLMLMHLFFAU76CA,永安段,61.95,非都市：鄉村區 ; 非都市編定：乙種建築用地
RPTOMLMLMHLFFAU96CA,德安段,17.31,都市：住
RPVNMLMLMHLFFAU07CA,四維段,100.35,都市：農
RPVNMLMLMHLFFAU07CA,四維段,42.02,都市：農
RPVNMLMLMHLFFAU07CA,四維段,8.14,都市：農
RPVNMLMLMHLFFAU07CA,四維段,18.47,都市：農
RPVNMLMLMHLFFAU07CA,四維段,17.53,都市：農
RPVNMLMLMHLFFAU07CA,四維段,85.94,都市：農
RPWNMLPLMHLFFAU47CA,國風段,100.00,都市：住
RPQNMLTLMHLFFAU27CA,仁禮段,.15,都市：住
RPQNMLTLMHLFFAU27CA,仁禮段,13.42,都市：住
RPQNMLTLMHLFFAU27CA,仁禮段,88.00,都市：住
RPPNMLPLMHLFFAU76CA,裕民段,7.78,都市：商
RPRNMLMJNHLFFAU56CA,嘉南段,88.00,都市：住
RPRNMLMJNHLFFAU56CA,嘉南段,12.00,都市：住
RPXOMLLLMHLFFAU27CA,福興段,93.00,都市：住
RPXNMLRKNHLFFAU77CA,德布克段,1347.97,都市：農
RPWNMLRKNHLFFAU67CA,永興段,97.04,非都市：鄉村區 ; 非都市編定：乙種建築用地
RPXNMLOJNHLFFAU37CA,富國段,2.84,都市：商
RPPNMLQJNHLFFAU76CA,國風段,72.00,都市：住
RPPNMLQLMHLFFAU07EA,壽農段,65.93,非都市：鄉村區 ; 非都市編定：乙種建築用地
RPRNMLQLMHLFFCU27CA,瑞穗段,5936.00,非都市：特定農業區 ; 非都市編定：農牧用地
RPRNMLQLMHLFFCU27CA,瑞穗段,3957.00,非都市：特定農業區 ; 非都市編定：農牧用地
RPQNMLQLMHLFFCU17CA,玉城段,165.00,都市：住
RPTNMLMKNHLFFAU86CA,莊敬段,20.10,都市：住
RPTNMLMKNHLFFAU86CA,莊敬段,19.90,都市：住
RPPNMLMJNHLFFCU56CA,玉璞段,61.75,都市：住
RPPNMLQLMHLFFBU96CA,新庄段,151.50,非都市：特定農業區 ; 非都市編定：甲種建築用地
RPPNMLQLMHLFFBU96CA,新庄段,55.97,非都市：特定農業區 ; 非都市編定：甲種建築用地
RPQNMLSLMHLFFCU37CA,玉昌段,64.00,都市：住
RPWNMLKKNHLFFAU96CA,光榮段,176.19,非都市：鄉村區 ; 非都市編定：乙種建築用地
RPPNMLQJNHLFFBU07EA,萬利段,431.27,非都市：鄉村區 ; 非都市編定：乙種建築用地
RPSNMLMKNHLFFAU76CA,民勤段,44.00,都市：住
RPSNMLMKNHLFFAU76CA,民勤段,8.38,都市：住
RPRNMLOJNHLFFAU76CA,宜昌段,62.34,都市：住
RPWNMLNJNHLFFAU17CA,永安段,96.81,非都市：鄉村區 ; 非都市編定：乙種建築用地
RPUNMLTLMHLFFAU67CA,路內段,52.75,都市：住
RPRNMLRLMHLFFAU17CA,稻香段,166.00,都市：住
RPPNMLSLMHLFFAU07CA,嘉南段,135.00,都市：住
RPVNMLQLMHLFFAU47CA,福祥段,88.00,都市：住
RPXNMLRLMHLFFAU77CA,福祥段,71.00,都市：住
RPWNMLRLMHLFFAU67CA,富國段,13.70,都市：商
RPTNMLQLMHLFFAU27CA,平和段,992.00,都市：農
RPUNMLSLMHLFFAU57CA,吉興段,27.92,都市：住
RPQPMLNLNHLFFAU07DA,北濱段,.92,都市：商
RPQPMLNLNHLFFAU07DA,北濱段,.06,都市：其他
RPPNMLQLNHLFFAU96CA,福德段,74.00,都市：住
RPPNMLQLNHLFFAU96CA,福德段,6.00,都市：住
RPPNMLQLNHLFFAU96CA,福德段,74.00,都市：住
RPPNMLQLNHLFFAU96CA,福德段,6.00,都市：住
RPXNMLOLNHLFFAU57CA,嘉平段,310.00,都市：住
RPXNMLOLNHLFFAU57CA,嘉平段,428.00,都市：農
RPXNMLOLNHLFFAU57CA,嘉平段,20.00,都市：農
RPXNMLOLNHLFFAU57CA,嘉平段,274.00,都市：農
RPXNMLOLNHLFFAU57CA,嘉平段,147.00,都市：農
RPVNMLSLMHLFFAU67CA,干城段,831.80,非都市：一般農業區 ; 非都市編定：農牧用地
RPOOMLRLMHLFFAU96CA,民勤段,52.30,都市：住
RPUNMLRLMHLFFAU47CA,宜寧段,73.00,都市：商
RPXNMLSLMHLFFAU87CA,自強段,113.00,都市：住
RPTNMLMJNHLFFAU76CA,玻士岸段,70.94,都市：農
RPTNMLMJNHLFFAU76CA,玻士岸段,638.93,非都市：一般農業區 ; 非都市編定：農牧用地
RPPNMLRLMHLFFAU96CA,海濱段,2465.47,非都市：一般農業區 ; 非都市編定：農牧用地
RPTNMLSLMHLFFAU47CA,永安段,148.75,非都市：鄉村區 ; 非都市編定：乙種建築用地
RPRNMLTLMHLFFAU37CA,民勤段,138.00,都市：住
RPROMLSLMHLFFAU37CA,自強段,140.00,都市：住
RPQNMLTJNHLFFAU17CA,池南段,.09,都市：農
RPQNMLTJNHLFFAU17CA,池南段,107.34,都市：其他
RPQNMLTJNHLFFAU17CA,池南段,6.42,都市：其他
RPVNMLQJNHLFFAU37CA,莊敬段,61.00,都市：住
RPQNMLSLMHLFFAU37EA,民享段,154.00,都市：住
RPSNMLOLNHLFFAU07CA,南埔段,970.00,非都市：特定農業區 ; 非都市編定：農牧用地
RPSNMLOLNHLFFAU07CA,南埔段,970.00,非都市：特定農業區 ; 非都市編定：農牧用地
RPSNMLOLNHLFFAU07CA,南埔段,970.00,非都市：特定農業區 ; 非都市編定：農牧用地
RPSNMLOLNHLFFAU07CA,南埔段,970.00,非都市：特定農業區 ; 非都市編定：農牧用地
RPOOMLRKNHLFFAU96CA,裕民段,23.22,都市：商
RPPNMLOJNHLFFBU86EA,萬利段,351.37,非都市：鄉村區 ; 非都市編定：乙種建築用地
RPROMLOLNHLFFAU07CA,仁恥段,157.50,都市：農
RPTNMLRLMHLFFAU57EA,德姆南段,5542.16,非都市：山坡地保育區 ; 非都市編定：林業用地
RPPNMLSLMHLFFCU27CA,瑞祥段,1359.52,非都市：一般農業區 ; 非都市編定：農牧用地
RPPNMLSLMHLFFCU27CA,瑞祥段,257.13,非都市：一般農業區 ; 非都市編定：甲種建築用地
RPRNMLMJNHLFFCU76CA,舞鶴東段,4187.01,非都市：山坡地保育區 ; 非都市編定：特定目的事業用地
RPQNMLRLMHLFFAU27EA,國風段,72.00,都市：住
RPWOMLTJNHLFFAU08EA,農墾段,2525.44,非都市：一般農業區 ; 非都市編定：農牧用地
RPWNMLTLMHLFFAU08EA,玻士岸段,1225.11,都市：農
RPVNMLMKNHLFFAU07CA,民意段,155.00,都市：住
RPSOMLTLMHLFFAU77EA,富國段,5.72,都市：住
RPTOMLTLMHLFFAU87EA,富國段,5.42,都市：住
RPPOMLTLMHLFFAU37DA,嘉北段,79.00,都市：住
RPVNMLKKNHLFFAU86CA,慈安段,86.00,都市：住
RPQOMLNLNHLFFAU86CA,福興段,259.00,都市：住
RPQOMLNLNHLFFAU86CA,福興段,13.00,都市：其他
RPTNMLTKNHLFFBU67CA,水車段,1490.08,非都市：一般農業區 ; 非都市編定：農牧用地
RPWNMLPJNHLFFAU37CA,仁禮段,124.00,都市：住
RPVNMLTLMHLFFAU77CA,富國段,305.00,都市：商
RPVOMLOJNHLFFAU27CA,福祥段,110.00,都市：住
RPROMLTLMHLFFAU47CA,慈安段,22.30,都市：住
RPPNMLTLMHLFFAU17CA,南華段,384.85,非都市：特定農業區 ; 非都市編定：農牧用地
RPPNMLTLMHLFFAU17CA,南華段,3591.90,非都市：特定農業區 ; 非都市編定：農牧用地
RPPNMLTLMHLFFAU17CA,南華段,1147.39,非都市：特定農業區 ; 非都市編定：農牧用地
RPSNMLTKNHLFFAU47CA,民德段,22.05,都市：住
RPQOMLSLMHLFFAU27CA,慶豐段,110.00,都市：住
RPUNMLTKNHLFFAU67CA,宜安段,22.39,都市：住
RPQOMLNJNHLFFAU66CA,林森段,70.00,都市：住
RPQNMLMJNHLFFAU09CA,仁義段,26.89,都市：住
RPPNMLMJNHLFFAU98CA,路內段,46.57,都市：住
RPTOMLNJNHLFFAU96CA,林森段,63.00,都市：住
RPTOMLNJNHLFFAU96CA,林森段,12.00,都市：住
RPSNMLTJNHLFFAU37CA,林森段,46.00,都市：住
RPSNMLTJNHLFFAU37CA,林森段,29.00,都市：住
RPQNMLOJNHLFFAU66CA,仁義段,20.96,都市：住
RPWOMLOJNHLFFAU37CA,海濱段,958.91,非都市：一般農業區 ; 非都市編定：農牧用地
RPRNMLTLMHLFFCU57CA,新舞鶴段,1162.89,非都市：山坡地保育區 ; 非都市編定：農牧用地
RPVOMLTJNHLFFAU97EA,農墾段,2525.43,非都市：一般農業區 ; 非都市編定：農牧用地
RPPNMLTLMHLFFCU37CA,學田段,284.00,非都市：鄉村區 ; 非都市編定：乙種建築用地
RPOOMLMKNHLFFAU09CA,德安段,3.96,都市：住
RPOOMLMKNHLFFAU09CA,德安段,6.81,都市：住
RPOOMLMKNHLFFAU09CA,德安段,10.21,都市：住
RPRNMLTJNHLFFBU37CA,馬遠段,11550.00,非都市：山坡地保育區 ; 非都市編定：林業用地
RPUOMLOLNHLFFAU37CA,石壁段,432.46,非都市：一般農業區 ; 非都市編定：甲種建築用地
RPSOMLOLNHLFFAU17CA,石壁段,1370.32,非都市：一般農業區 ; 非都市編定：農牧用地
RPTPMLOLNHLFFAU37CA,草芬段,40.50,非都市：特定農業區 ; 非都市編定：農牧用地
RPQNMLQKNHLFFAU96CA,下崇德段,628.44,都市：農
RPROMLQKNHLFFAU17CA,福祥段,164.00,都市：其他
RPROMLQKNHLFFAU17CA,福祥段,95.00,都市：其他
RPQPMLOLNHLFFAU07CA,樹人段,45.00,都市：商
RPQPMLOLNHLFFAU07CA,樹人段,66.00,都市：住
RPVOMLOLNHLFFAU47CA,德安段,97.00,都市：住
RPOPMLOLNHLFFAU86CA,樹人段,9.87,都市：住
RPOPMLOLNHLFFAU86CA,樹人段,11.21,都市：商
RPTOMLKKNHLFFAU76CA,慶豐段,103.00,都市：住
RPROMLNJNHLFFAU76CA,興田段,1219.45,都市：農
RPROMLNJNHLFFAU76CA,興田段,13.08,都市：農
RPQOMLKKNHLFFAU09CA,自強段,28.51,都市：住
RPVNMLOJNHLFFAU17CA,嘉南段,103.00,都市：住
RPTNMLOLNHLFFAU17CA,南埔段,163.00,非都市：特定農業區 ; 非都市編定：甲種建築用地
RPOOMLNJNHLFFAU09CA,樹人段,49.37,都市：住
RPOOMLNJNHLFFAU09CA,樹人段,.22,都市：住
RPXNMLTLMHLFFAU97CA,樹人段,45.78,都市：住
RPXNMLTLMHLFFAU97CA,樹人段,.22,都市：住
RPRNMLMJOHLFFBU76CA,豐義段,107.79,都市：其他
RPRNMLMJOHLFFBU76CA,豐義段,242.56,都市：其他
RPRNMLMJOHLFFBU76CA,豐義段,95.40,都市：住
RPRNMLMJOHLFFBU76CA,豐義段,133.22,都市：住
RPRNMLMJOHLFFBU76CA,豐義段,37.29,都市：住
RPRNMLMJOHLFFBU76CA,豐義段,37.96,都市：住
RPRNMLMJOHLFFBU76CA,豐義段,38.80,都市：住
RPRNMLMJOHLFFBU76CA,豐義段,30.10,都市：住
RPRNMLMJOHLFFBU76CA,豐義段,15.97,都市：住
RPRNMLMJOHLFFBU76CA,豐義段,31.99,都市：住
RPRNMLOLNHLFFBU07CA,達莫段,1946.00,非都市：特定農業區 ; 非都市編定：農牧用地
RPRNMLRLNHLFFCU47CA,水源段,1117.72,非都市：山坡地保育區 ; 非都市編定：暫未編定
RPTNMLLMNHLFFBU27EA,大豐段,60.69,非都市： ; 非都市編定：
