﻿編號,車位類別,車位價格,車位面積平方公尺
Serial number,berth category,berth price,berth area square meter
RPUOMLPKJINFFFB58CB,坡道平面,730000,24.94
RPWOMLPKJINFFFB78CB,坡道平面,580000,24.94
RPROMLPKJINFFFB28CB,坡道平面,730000,24.94
RPTOMLPKJINFFFB48CB,坡道平面,580000,24.94
RPSOMLPKJINFFFB38CB,坡道平面,580000,24.94
RPVOMLPKJINFFFB68CB,坡道平面,660000,24.94
RPPPMLPKJINFFFB18CB,坡道平面,580000,24.94
RPOPMLPKJINFFFB08CB,坡道平面,580000,24.94
RPXOMLPKJINFFFB88CB,坡道平面,580000,24.94
RPWNMLPKJINFFFB68CB,坡道平面,590000,26.09
RPQPMLPKJINFFFB28CB,坡道平面,730000,24.94
RPTPMLPKJINFFFB58CB,坡道平面,580000,24.94
RPVPMLPKJINFFFB78CB,坡道平面,580000,24.94
RPRPMLPKJINFFFB38CB,坡道平面,580000,24.94
RPWPMLPKJINFFFB88CB,坡道平面,660000,24.94
RPTQMLPKJINFFFB68CB,坡道平面,730000,24.94
RPQQMLPKJINFFFB38CB,坡道平面,660000,24.94
RPUPMLPKJINFFFB68CB,坡道平面,730000,24.94
RPUQMLPKJINFFFB78CB,坡道平面,730000,24.94
RPXQMLPKJINFFFB09CB,坡道平面,730000,24.94
RPRRMLPKJINFFFB58CB,坡道平面,730000,24.94
RPWQMLPKJINFFFB98CB,坡道平面,660000,24.94
RPPRMLPKJINFFFB38CB,坡道平面,660000,24.94
RPQRMLPKJINFFFB48CB,坡道平面,660000,24.94
RPVQMLPKJINFFFB88CB,坡道平面,730000,24.94
RPTRMLPKJINFFFB78CB,坡道平面,580000,24.94
RPRPMLQKJINFFFB48CB,坡道平面,610000,23.79
RPTOMLQKJINFFFB58CB,坡道平面,730000,24.94
RPXNMLQKJINFFFB88CB,坡道平面,580000,24.94
RPTNMLRKJINFFFB58CB,坡道平面,590000,26.09
RPPNMLRKJINFFFB18CB,坡道平面,580000,24.94
RPUNMLRKJINFFFB68CB,坡道平面,580000,24.94
RPVNMLRKJINFFFB78CB,坡道平面,730000,24.94
RPQNMLRKJINFFFB28CB,坡道平面,580000,24.94
RPRNMLRKJINFFFB38CB,坡道平面,660000,24.94
RPXNMLRKJINFFFB98CB,坡道平面,720000,24.94
RPPOMLRKJINFFFB28CB,坡道平面,660000,24.94
RPOOMLRKJINFFFB18CB,坡道平面,580000,24.94
RPQOMLRKJINFFFB38CB,坡道平面,730000,24.94
RPTOMLRKJINFFFB68CB,坡道平面,580000,24.94
RPSOMLRKJINFFFB58CB,坡道平面,660000,24.94
RPUOMLRKJINFFFB78CB,坡道平面,660000,24.94
RPROMLRKJINFFFB48CB,坡道平面,660000,24.94
RPXOMLRKJINFFFB09CB,坡道平面,660000,24.94
RPWOMLRKJINFFFB98CB,坡道平面,660000,24.94
RPVOMLRKJINFFFB88CB,坡道平面,730000,24.94
RPOPMLRKJINFFFB28CB,坡道平面,740000,26.09
RPOPMLRKJINFFFB28CB,坡道平面,730000,24.94
RPPPMLRKJINFFFB38CB,坡道平面,730000,24.94
RPRPMLRKJINFFFB58CB,坡道平面,730000,24.94
RPSPMLRKJINFFFB68CB,坡道平面,610000,23.79
RPTPMLRKJINFFFB78CB,坡道平面,580000,24.94
RPUPMLRKJINFFFB88CB,坡道平面,730000,24.94
RPQPMLRKJINFFFB48CB,坡道平面,660000,24.94
RPWPMLRKJINFFFB09CB,坡道平面,660000,24.94
RPXPMLRKJINFFFB56CB,坡道平面,690000,24.94
RPOQMLRKJINFFFB38CB,坡道平面,580000,24.94
RPVNMLSKJINFFFB88CB,坡道平面,660000,24.94
RPXNMLSKJINFFFB09CB,坡道平面,610000,23.79
RPRNMLSKJINFFFB48CB,坡道平面,740000,26.09
RPSNMLSKJINFFFB58CB,坡道平面,660000,24.94
RPTNMLSKJINFFFB68CB,坡道平面,530000,23.79
RPWNMLSKJINFFFB98CB,坡道平面,580000,24.94
RPOOMLSKJINFFFB28CB,坡道平面,730000,24.94
RPQNMLSKJINFFFB38CB,坡道平面,660000,24.94
RPQOMLSKJINFFFB48CB,坡道平面,660000,24.94
RPPOMLSKJINFFFB38CB,坡道平面,580000,24.94
RPPNMLSKJINFFFB28CB,坡道平面,580000,24.94
RPVOMLSKJINFFFB98CB,坡道平面,660000,24.94
RPUOMLSKJINFFFB88CB,坡道平面,660000,24.94
RPROMLSKJINFFFB58CB,坡道平面,660000,24.94
RPTOMLSKJINFFFB78CB,坡道平面,730000,24.94
RPWOMLSKJINFFFB09CB,坡道平面,660000,24.94
RPSOMLSKJINFFFB68CB,坡道平面,580000,24.94
RPXOMLSKJINFFFB56CB,坡道平面,660000,24.94
RPPPMLSKJINFFFB48CB,坡道平面,580000,24.94
RPOPMLSKJINFFFB38CB,坡道平面,580000,24.94
RPVNMLTKJINFFFB98CB,坡道平面,660000,24.94
RPPOMLTKJINFFFB48CB,坡道平面,580000,24.94
RPUNMLTKJINFFFB88CB,坡道平面,580000,24.94
RPUOMLTKJINFFFB98CB,坡道平面,530000,23.79
RPOOMLTKJINFFFB38CB,坡道平面,660000,24.94
RPQOMLTKJINFFFB58CB,坡道平面,690000,23.79
RPTNMLTKJINFFFB78CB,坡道平面,730000,24.94
RPWOMLTKJINFFFB56CB,坡道平面,730000,24.94
RPXOMLTKJINFFFB66CB,坡道平面,530000,23.79
RPVOMLTKJINFFFB09CB,坡道平面,530000,23.79
RPPPMLTKJINFFFB58CB,坡道平面,730000,24.94
RPPPMLTKJINFFFB58CB,坡道平面,670000,26.09
RPOPMLTKJINFFFB48CB,坡道平面,660000,24.94
RPRPMLTKJINFFFB78CB,坡道平面,580000,24.94
RPTPMLTKJINFFFB98CB,坡道平面,660000,24.94
RPTPMLTKJINFFFB98CB,坡道平面,660000,24.94
RPVPMLTKJINFFFB56CB,坡道平面,580000,24.94
RPSPMLTKJINFFFB88CB,坡道平面,660000,24.94
RPTNMLTKJINFFJB56CB,坡道平面,1000000,31.86
RPSNMLTKJINFFJB09CB,坡道平面,1000000,31.86
RPUNMLTKJINFFJB66CB,坡道平面,1840000,63.72
RPQOMLTKJINFFJB98CB,坡道平面,1000000,31.86
RPOOMLTKJINFFJB78CB,坡道平面,1150000,31.86
RPOOMLTKJINFFJB78CB,坡道平面,1150000,31.86
RPROMLTKJINFFJB09CB,坡道平面,1000000,31.86
RPPOMLTKJINFFJB88CB,坡道平面,1200000,31.86
RPUOMLTKJINFFJB76CB,坡道平面,1000000,31.86
RPVOMLTKJINFFJB86CB,坡道平面,1150000,31.86
RPTOMLTKJINFFJB66CB,坡道平面,1150000,31.86
RPXOMLTKJINFFJB07CB,坡道平面,1000000,31.86
RPWOMLTKJINFFJB96CB,坡道平面,1150000,31.86
RPWOMLTKJINFFJB96CB,坡道平面,1150000,31.86
RPVNMLTKJINFFJB76CB,坡道平面,1150000,31.86
RPSOMLTKJINFFJB56CB,坡道平面,1150000,29.79
RPXNMLTKJINFFJB96CB,坡道平面,1000000,31.86
RPWNMLTKJINFFJB86CB,坡道平面,1200000,31.86
RPPPMLLLJINFFFB87CB,坡道平面,660000,24.94
RPPPMLLLJINFFFB87CB,坡道平面,660000,24.94
RPVPMLLLJINFFFB48CB,坡道平面,530000,23.79
RPTPMLLLJINFFFB28CB,坡道平面,660000,24.94
RPSPMLLLJINFFFB18CB,坡道平面,740000,26.09
RPWPMLLLJINFFFB58CB,坡道平面,730000,24.94
RPQPMLLLJINFFFB97CB,坡道平面,590000,26.09
RPRPMLLLJINFFFB08CB,坡道平面,730000,24.94
RPTNMLNLJINFFFB28CB,坡道平面,660000,24.94
RPPOMLNLJINFFFB97CB,坡道平面,660000,24.94
RPSNMLNLJINFFFB18CB,坡道平面,730000,24.94
RPQNMLNLJINFFFB97CB,坡道平面,580000,24.94
RPQOMLNLJINFFFB08CB,坡道平面,730000,24.94
RPOQMLLLJINFFFB87CB,坡道平面,730000,24.94
RPXPMLLLJINFFFB68CB,坡道平面,730000,24.94
RPSOMLNLJINFFFB28CB,坡道平面,580000,24.94
RPPNMLOLJINFFFB97CB,坡道平面,580000,24.94
RPQNMLOLJINFFFB08CB,坡道平面,580000,24.94
RPVOMLNLJINFFFB58CB,坡道平面,580000,24.94
RPTOMLNLJINFFFB38CB,坡道平面,580000,24.94
RPROMLNLJINFFFB18CB,坡道平面,660000,24.94
RPRNMLOLJINFFFB18CB,坡道平面,580000,24.94
RPVNMLOLJINFFFB58CB,坡道平面,660000,24.94
RPQOMLOLJINFFFB18CB,坡道平面,730000,24.94
RPWNMLOLJINFFFB68CB,坡道平面,690000,24.94
RPTNMLOLJINFFFB38CB,坡道平面,730000,24.94
RPPOMLOLJINFFFB08CB,坡道平面,660000,24.94
RPUNMLOLJINFFFB48CB,坡道平面,610000,23.79
RPSOMLOLJINFFFB38CB,坡道平面,660000,24.94
RPROMLOLJINFFFB28CB,坡道平面,660000,24.94
RPSNMLOLJINFFFB28CB,坡道平面,580000,24.94
RPWOMLOLJINFFFB78CB,坡道平面,580000,24.94
RPTOMLOLJINFFFB48CB,坡道平面,580000,24.94
RPUOMLOLJINFFFB58CB,坡道平面,660000,24.94
RPTNMLPLJINFFFB48CB,坡道平面,660000,24.94
RPQNMLPLJINFFFB18CB,坡道平面,690000,23.79
RPRNMLPLJINFFFB28CB,坡道平面,660000,24.94
RPPNMLPLJINFFFB08CB,坡道平面,580000,24.94
RPSNMLPLJINFFFB38CB,坡道平面,670000,26.09
RPUNMLPLJINFFFB58CB,坡道平面,730000,24.94
RPWNMLPLJINFFFB78CB,坡道平面,580000,24.94
RPVNMLPLJINFFFB68CB,坡道平面,660000,24.94
RPXNMLPLJINFFFB88CB,坡道平面,580000,24.94
RPQOMLPLJINFFFB28CB,坡道平面,660000,24.94
RPPOMLPLJINFFFB18CB,坡道平面,730000,24.94
RPOOMLPLJINFFFB08CB,坡道平面,730000,24.94
RPTOMLPLJINFFFB58CB,坡道平面,660000,24.94
RPSOMLPLJINFFFB48CB,坡道平面,580000,24.94
RPUOMLPLJINFFFB68CB,坡道平面,730000,24.94
RPPPMLPLJINFFFB28CB,坡道平面,610000,23.79
RPWOMLPLJINFFFB88CB,坡道平面,530000,23.79
RPVOMLPLJINFFFB78CB,坡道平面,730000,24.94
RPXOMLPLJINFFFB98CB,坡道平面,580000,24.94
RPRPMLPLJINFFFB48CB,坡道平面,660000,24.94
RPQPMLPLJINFFFB38CB,坡道平面,660000,24.94
RPOPMLPLJINFFFB18CB,坡道平面,660000,24.94
RPSPMLPLJINFFFB58CB,坡道平面,730000,24.94
RPTPMLPLJINFFFB68CB,坡道平面,580000,24.94
RPUPMLPLJINFFFB78CB,坡道平面,580000,24.94
RPWPMLPLJINFFFB98CB,坡道平面,730000,24.94
RPVPMLPLJINFFFB88CB,坡道平面,660000,24.94
RPPQMLPLJINFFFB38CB,坡道平面,660000,24.94
RPOQMLPLJINFFFB28CB,坡道平面,690000,23.79
RPXPMLPLJINFFFB09CB,坡道平面,730000,24.94
RPTQMLPLJINFFFB78CB,坡道平面,730000,24.94
RPTQMLPLJINFFFB78CB,坡道平面,730000,24.94
RPRQMLPLJINFFFB58CB,坡道平面,580000,24.94
RPQQMLPLJINFFFB48CB,坡道平面,670000,26.09
RPSQMLPLJINFFFB68CB,坡道平面,660000,24.94
RPUQMLPLJINFFFB88CB,坡道平面,660000,24.94
RPVQMLPLJINFFFB98CB,坡道平面,730000,24.94
RPRRMLPLJINFFFB68CB,坡道平面,660000,24.94
RPXQMLPLJINFFFB56CB,坡道平面,690000,23.79
RPPRMLPLJINFFFB48CB,坡道平面,580000,24.94
RPSRMLPLJINFFFB78CB,坡道平面,580000,24.94
RPURMLPLJINFFFB98CB,坡道平面,660000,24.94
RPTRMLPLJINFFFB88CB,坡道平面,580000,24.94
RPQRMLPLJINFFFB58CB,坡道平面,660000,24.94
RPORMLPLJINFFFB38CB,坡道平面,730000,24.94
RPPNMLQLJINFFFB18CB,坡道平面,580000,24.94
RPWQMLPLJINFFFB09CB,坡道平面,730000,24.94
RPQNMLQLJINFFFB28CB,坡道平面,660000,24.94
RPTNMLQLJINFFFB58CB,坡道平面,730000,24.94
RPRNMLQLJINFFFB38CB,坡道平面,580000,24.94
RPSNMLQLJINFFFB48CB,坡道平面,580000,24.94
RPUNMLQLJINFFFB68CB,坡道平面,730000,24.94
RPUNMLQLJINFFFB68CB,坡道平面,580000,24.94
RPOOMLQLJINFFFB18CB,坡道平面,660000,24.94
RPXNMLQLJINFFFB98CB,坡道平面,580000,24.94
RPTOMLQLJINFFFB68CB,坡道平面,730000,24.94
RPWNMLQLJINFFFB88CB,坡道平面,730000,24.94
RPPOMLQLJINFFFB28CB,坡道平面,660000,24.94
RPUOMLQLJINFFFB78CB,坡道平面,700000,24.94
RPSOMLQLJINFFFB58CB,坡道平面,580000,24.94
RPOPMLQLJINFFFB28CB,坡道平面,660000,24.94
RPROMLQLJINFFFB48CB,坡道平面,580000,23.79
RPVNMLQLJINFFFB78CB,坡道平面,580000,24.94
RPQPMLQLJINFFFB48CB,坡道平面,660000,24.94
RPPPMLQLJINFFFB38CB,坡道平面,660000,24.94
RPRPMLQLJINFFFB58CB,坡道平面,580000,24.94
RPSPMLQLJINFFFB68CB,坡道平面,660000,24.94
RPTPMLQLJINFFFB78CB,坡道平面,660000,24.94
RPUPMLQLJINFFFB88CB,坡道平面,730000,24.94
RPVPMLQLJINFFFB98CB,坡道平面,730000,24.94
RPRQMLNJKINFFFB28CB,坡道平面,580000,24.94
RPORMLNJKINFFFB08CB,坡道平面,730000,24.94
RPPRMLNJKINFFFB18CB,坡道平面,580000,24.94
RPWQMLNJKINFFFB78CB,坡道平面,660000,24.94
RPVQMLNJKINFFFB68CB,坡道平面,730000,24.94
RPQRMLNJKINFFFB28CB,坡道平面,660000,24.94
RPUQMLNJKINFFFB58CB,坡道平面,580000,24.94
RPTQMLNJKINFFFB48CB,坡道平面,660000,24.94
RPSQMLNJKINFFFB38CB,坡道平面,730000,24.94
RPSQMLNJKINFFFB38CB,坡道平面,690000,23.79
RPVOMLOJKINFFFB58CB,坡道平面,580000,24.94
RPSOMLOJKINFFFB28CB,坡道平面,730000,24.94
RPUOMLOJKINFFFB48CB,坡道平面,580000,24.94
RPXQMLNJKINFFFB88CB,坡道平面,710000,24.94
RPROMLOJKINFFFB18CB,坡道平面,660000,24.94
RPVSMLMLKINFFBB58CB,坡道平面,1100000,26.83
RPTSMLMLKINFFBB38CB,坡道平面,950000,24.75
RPUSMLMLKINFFBB48CB,坡道平面,1050000,26.83
RPWSMLMLKINFFBB68CB,坡道平面,1100000,26.83
RPPSMLMLKINFFBB97CB,坡道平面,1050000,24.75
RPQSMLMLKINFFBB08CB,坡道平面,1050000,26.83
RPRSMLMLKINFFBB18CB,坡道平面,1150000,26.83
RPWRMLMLKINFFBB58CB,坡道平面,1050000,26.83
RPPTMLMLKINFFBB08CB,坡道平面,1100000,24.75
RPXRMLMLKINFFBB68CB,坡道平面,1050000,26.83
RPXSMLMLKINFFBB78CB,坡道平面,1050000,24.75
RPOTMLMLKINFFBB97CB,坡道平面,950000,24.75
RPSSMLMLKINFFBB28CB,坡道平面,1050000,24.75
RPQTMLMLKINFFBB18CB,坡道平面,950000,24.75
RPSTMLMLKINFFBB38CB,坡道平面,1150000,24.75
RPTTMLMLKINFFBB48CB,坡道平面,1150000,26.83
RPRTMLMLKINFFBB28CB,坡道平面,1200000,26.83
RPRTMLMLKINFFBB28CB,坡道平面,1200000,26.83
RPVNMLNLKINFFBB18CB,坡道平面,950000,24.75
RPSNMLNLKINFFBB87CB,坡道平面,1050000,26.83
RPRNMLNLKINFFBB77CB,坡道平面,1150000,24.75
RPPNMLNLKINFFBB57CB,坡道平面,1100000,26.83
RPOOMLNLKINFFBB57CB,坡道平面,1100000,26.83
RPQNMLNLKINFFBB67CB,坡道平面,1100000,26.83
RPWNMLNLKINFFBB28CB,坡道平面,1150000,26.83
RPUNMLNLKINFFBB08CB,坡道平面,1100000,26.83
RPPOMLNLKINFFBB67CB,坡道平面,1050000,26.83
RPXNMLNLKINFFBB38CB,坡道平面,1150000,26.83
RPQOMLNLKINFFBB77CB,坡道平面,1050000,26.83
RPROMLNLKINFFBB87CB,坡道平面,1100000,26.83
RPSOMLNLKINFFBB97CB,坡道平面,1050000,24.75
RPXOMLNLKINFFBB48CB,坡道平面,1100000,26.83
RPTOMLNLKINFFBB08CB,坡道平面,950000,24.75
RPUPMLNLKINFFBB28CB,坡道平面,1150000,26.83
RPRPMLNLKINFFBB97CB,坡道平面,1150000,24.75
RPSPMLNLKINFFBB08CB,坡道平面,1200000,26.83
RPOPMLNLKINFFBB67CB,坡道平面,1150000,26.83
RPOPMLNLKINFFBB67CB,坡道平面,1150000,26.83
RPUOMLNLKINFFBB18CB,坡道平面,1050000,26.83
RPTPMLNLKINFFBB18CB,坡道平面,1150000,24.75
RPPPMLNLKINFFBB77CB,坡道平面,1100000,24.75
RPWPMLNLKINFFBB48CB,坡道平面,1100000,26.83
RPXPMLNLKINFFBB58CB,坡道平面,1200000,26.83
RPQPMLNLKINFFBB87CB,坡道平面,1100000,26.83
RPPQMLNLKINFFBB87CB,坡道平面,1100000,26.83
RPRQMLNLKINFFBB08CB,坡道平面,1100000,24.75
RPRQMLNLKINFFBB08CB,坡道平面,1100000,24.75
RPQQMLNLKINFFBB97CB,坡道平面,1150000,26.83
RPQQMLNLKINFFBB97CB,坡道平面,1100000,24.75
RPUQMLNLKINFFBB38CB,坡道平面,1200000,26.83
RPUQMLNLKINFFBB38CB,坡道平面,1200000,26.83
RPTQMLNLKINFFBB28CB,坡道平面,1150000,26.83
RPTQMLNLKINFFBB28CB,坡道平面,1150000,26.83
RPWPMLOLKINFFBB58CB,坡道平面,1200000,26.83
RPWQMLNLKINFFBB58CB,坡道平面,1040000,24.75
RPWQMLNLKINFFBB58CB,坡道平面,1080000,26.83
RPSQMLNLKINFFBB18CB,坡道平面,1100000,26.83
RPSQMLNLKINFFBB18CB,坡道平面,1050000,24.75
RPXPMLOLKINFFBB68CB,坡道平面,1100000,26.83
RPVQMLNLKINFFBB48CB,坡道平面,1120000,26.83
RPVQMLNLKINFFBB48CB,坡道平面,1050000,26.83
RPOQMLOLKINFFBB87CB,坡道平面,1050000,26.83
RPPQMLOLKINFFBB97CB,坡道平面,1150000,26.83
RPQQMLOLKINFFBB08CB,坡道平面,1050000,26.83
RPPTMLPLKINFFBB38CB,坡道平面,1100000,26.83
RPPQMLPLKINFFBB08CB,坡道平面,1200000,26.83
RPWNMLQLKINFFBB58CB,坡道平面,1200000,26.83
RPSOMLQLKINFFBB28CB,坡道平面,1150000,26.83
RPSOMLQLKINFFBB28CB,坡道平面,1150000,26.83
RPQPMLQLKINFFBB18CB,坡道平面,1150000,26.83
RPWQMLQLKINFFBB88CB,坡道平面,1150000,26.83
RPVPMLQLKINFFBB68CB,坡道平面,1150000,26.83
RPVPMLQLKINFFBB68CB,坡道平面,1150000,26.83
RPWPMLQLKINFFBB78CB,坡道平面,1150000,26.83
RPWPMLQLKINFFBB78CB,坡道平面,1150000,26.83
RPPRMLQLKINFFBB28CB,坡道平面,1100000,24.75
RPPRMLQLKINFFBB28CB,坡道平面,1100000,24.75
RPRRMLQLKINFFBB48CB,坡道平面,1200000,26.83
RPRRMLQLKINFFBB48CB,坡道平面,1200000,26.83
RPSSMLQLKINFFBB68CB,坡道平面,1150000,24.75
RPXTMLQLKINFFBB66CB,坡道平面,1100000,26.83
RPTRMLQLKINFFBB68CB,坡道平面,1100000,26.83
RPURMLQLKINFFBB78CB,坡道平面,1100000,26.83
RPWTMLQLKINFFBB56CB,坡道平面,1150000,26.83
RPWUMLQLKINFFBB66CB,坡道平面,1100000,24.75
RPOUMLQLKINFFBB48CB,坡道平面,1150000,26.83
RPRVMLQLKINFFBB88CB,坡道平面,1150000,24.75
RPOVMLQLKINFFBB58CB,坡道平面,1100000,26.83
RPSRMLQLKINFFBB58CB,坡道平面,1200000,26.83
RPSRMLQLKINFFBB58CB,坡道平面,1200000,26.83
RPQVMLQLKINFFBB78CB,坡道平面,1200000,26.83
RPPOMLSLKINFFBB18CB,坡道平面,1100000,24.75
RPROMLSLKINFFBB38CB,坡道平面,1050000,24.75
RPUOMLSLKINFFBB68CB,坡道平面,1150000,26.83
RPUOMLSLKINFFBB68CB,坡道平面,1200000,26.83
RPUPMLSLKINFFBB78CB,坡道平面,1200000,26.83
RPVPMLSLKINFFBB88CB,坡道平面,1100000,24.75
RPSPMLRLKINFFFB88CB,坡道平面,580000,24.94
RPUOMLRLKINFFFB98CB,坡道平面,580000,24.94
RPOPMLRLKINFFFB48CB,坡道平面,580000,24.94
RPXOMLRLKINFFFB66CB,坡道平面,610000,23.79
RPQQMLSLKINFFBB48CB,坡道平面,1100000,26.83
RPPPMLRLKINFFFB58CB,坡道平面,690000,23.79
RPQOMLRLKINFFFB58CB,坡道平面,580000,24.94
RPSOMLRLKINFFFB78CB,坡道平面,730000,24.94
RPVOMLRLKINFFFB09CB,坡道平面,660000,24.94
RPRQMLSLKINFFBB58CB,坡道平面,1050000,26.83
RPTQMLSLKINFFBB78CB,坡道平面,1100000,26.83
RPSQMLSLKINFFBB68CB,坡道平面,1050000,26.83
RPWQMLSLKINFFBB09CB,坡道平面,1050000,24.75
RPXQMLSLKINFFBB56CB,坡道平面,1150000,26.83
RPORMLSLKINFFBB38CB,坡道平面,1000000,26.83
RPQRMLSLKINFFBB58CB,坡道平面,1050000,26.83
RPPRMLSLKINFFBB48CB,坡道平面,1130000,26.83
RPVQMLSLKINFFBB98CB,坡道平面,990000,26.83
RPSRMLSLKINFFBB78CB,坡道平面,890000,26.83
RPUQMLSLKINFFBB88CB,坡道平面,1050000,24.75
RPXRMLSLKINFFBB66CB,坡道平面,1150000,26.83
RPVRMLSLKINFFBB09CB,坡道平面,1100000,26.83
RPURMLSLKINFFBB98CB,坡道平面,1050000,24.75
RPQSMLSLKINFFBB68CB,坡道平面,1200000,26.83
RPSSMLSLKINFFBB88CB,坡道平面,950000,24.75
RPTSMLSLKINFFBB98CB,坡道平面,1050000,26.83
RPUSMLSLKINFFBB09CB,坡道平面,1050000,26.83
RPQNMLLMKINFFBB57CB,坡道平面,1050000,26.83
RPPNMLLMKINFFBB47CB,坡道平面,1100000,26.83
RPRNMLLMKINFFBB67CB,坡道平面,1050000,26.83
RPSNMLLMKINFFBB77CB,坡道平面,1050000,26.83
RPVNMLLMKINFFBB08CB,坡道平面,1050000,24.75
RPUNMLLMKINFFBB97CB,坡道平面,950000,24.75
RPOOMLLMKINFFBB47CB,坡道平面,1100000,26.83
RPSOMLLMKINFFBB87CB,坡道平面,1150000,26.83
RPWNMLLMKINFFBB18CB,坡道平面,1100000,26.83
RPXNMLLMKINFFBB28CB,坡道平面,1100000,26.83
RPROMLLMKINFFBB77CB,坡道平面,1050000,26.83
RPTOMLLMKINFFBB97CB,坡道平面,1050000,26.83
RPQPMLLMKINFFBB77CB,坡道平面,1100000,26.83
RPPPMLLMKINFFBB67CB,坡道平面,1050000,26.83
RPRPMLLMKINFFBB87CB,坡道平面,1150000,26.83
RPSNMLLJJHOFFBB37CB,坡道平面,1050000,26.83
RPVNMLLJJHOFFBB67CB,坡道平面,1050000,26.83
RPTNMLLJJHOFFBB47CB,坡道平面,1050000,26.83
RPWNMLLJJHOFFBB77CB,坡道平面,1150000,26.83
RPUNMLLJJHOFFBB57CB,坡道平面,1100000,26.83
RPXNMLLJJHOFFBB87CB,坡道平面,1150000,26.83
RPOOMLLJJHOFFBB07CB,坡道平面,1100000,26.83
RPVOMLOJJHOFFBB08CB,坡道平面,950000,24.75
RPUOMLOJJHOFFBB97CB,坡道平面,950000,24.75
RPTQMLOJJHOFFBB08CB,坡道平面,1100000,26.83
RPRRMLOJJHOFFBB97CB,坡道平面,1200000,26.83
RPTRMLOJJHOFFBB18CB,坡道平面,1150000,26.83
RPQRMLOJJHOFFBB87CB,坡道平面,1100000,26.83
RPURMLOJJHOFFBB28CB,坡道平面,950000,24.75
RPPRMLOJJHOFFBB77CB,坡道平面,1100000,26.83
RPVRMLOJJHOFFBB38CB,坡道平面,1200000,26.83
RPOSMLOJJHOFFBB77CB,坡道平面,1150000,26.83
RPXRMLOJJHOFFBB58CB,坡道平面,1150000,26.83
RPPSMLOJJHOFFBB87CB,坡道平面,1100000,26.83
RPSSMLOJJHOFFBB18CB,坡道平面,1050000,26.83
RPRSMLOJJHOFFBB08CB,坡道平面,1100000,26.83
RPWRMLOJJHOFFBB48CB,坡道平面,1200000,26.83
RPTSMLOJJHOFFBB28CB,坡道平面,1150000,26.83
RPUSMLOJJHOFFBB38CB,坡道平面,1100000,26.83
RPVSMLOJJHOFFBB48CB,坡道平面,1050000,26.83
RPWSMLOJJHOFFBB58CB,坡道平面,1050000,26.83
RPOTMLOJJHOFFBB87CB,坡道平面,1050000,26.83
RPXSMLOJJHOFFBB68CB,坡道平面,1050000,26.83
RPPTMLOJJHOFFBB97CB,坡道平面,1100000,24.75
RPRTMLOJJHOFFBB18CB,坡道平面,1100000,26.83
RPQTMLOJJHOFFBB08CB,坡道平面,1050000,26.83
RPSTMLOJJHOFFBB28CB,坡道平面,1100000,26.83
RPOUMLOJJHOFFBB97CB,坡道平面,1050000,24.75
RPWTMLOJJHOFFBB68CB,坡道平面,1050000,26.83
RPPUMLOJJHOFFBB08CB,坡道平面,1050000,26.83
RPXTMLOJJHOFFBB78CB,坡道平面,1100000,26.83
RPQUMLOJJHOFFBB18CB,坡道平面,1050000,26.83
RPSUMLOJJHOFFBB38CB,坡道平面,1050000,26.83
RPUUMLOJJHOFFBB58CB,坡道平面,1050000,26.83
RPRUMLOJJHOFFBB28CB,坡道平面,1150000,24.75
RPTUMLOJJHOFFBB48CB,坡道平面,1200000,26.83
RPVUMLOJJHOFFBB68CB,坡道平面,950000,24.75
RPPNMLPJJHOFFBB47CB,坡道平面,1050000,24.75
RPWUMLOJJHOFFBB78CB,坡道平面,1200000,26.83
RPQNMLPJJHOFFBB57CB,坡道平面,950000,24.75
RPWNMLPJJHOFFBB18CB,坡道平面,1150000,26.83
RPXNMLPJJHOFFBB28CB,坡道平面,1200000,26.83
RPPOMLPJJHOFFBB57CB,坡道平面,1050000,26.83
RPOOMLPJJHOFFBB47CB,坡道平面,1100000,26.83
RPROMLPJJHOFFBB77CB,坡道平面,1050000,26.83
RPTOMLPJJHOFFBB97CB,坡道平面,1050000,26.83
RPQOMLPJJHOFFBB67CB,坡道平面,1050000,26.83
RPUOMLPJJHOFFBB08CB,坡道平面,1150000,26.83
RPXOMLPJJHOFFBB38CB,坡道平面,1100000,26.83
RPWOMLPJJHOFFBB28CB,坡道平面,1050000,26.83
RPPPMLPJJHOFFBB67CB,坡道平面,1200000,26.83
RPOPMLPJJHOFFBB57CB,坡道平面,1150000,26.83
RPRPMLPJJHOFFBB87CB,坡道平面,1050000,26.83
RPQPMLPJJHOFFBB77CB,坡道平面,1050000,26.83
RPUPMLPJJHOFFBB18CB,坡道平面,1150000,26.83
RPTPMLPJJHOFFBB08CB,坡道平面,1050000,24.75
RPSOMLPJJHOFFBB87CB,坡道平面,1050000,26.83
RPVPMLPJJHOFFBB28CB,坡道平面,1050000,26.83
RPSPMLPJJHOFFBB97CB,坡道平面,1050000,26.83
RPWPMLPJJHOFFBB38CB,坡道平面,1050000,26.83
RPSQMLPJJHOFFBB08CB,坡道平面,1100000,26.83
RPQQMLPJJHOFFBB87CB,坡道平面,1100000,26.83
RPRQMLPJJHOFFBB97CB,坡道平面,1150000,26.83
RPXPMLPJJHOFFBB48CB,坡道平面,1050000,26.83
RPOQMLPJJHOFFBB67CB,坡道平面,1150000,26.83
RPVQMLPJJHOFFBB38CB,坡道平面,1100000,26.83
RPTQMLPJJHOFFBB18CB,坡道平面,1150000,26.83
RPPQMLPJJHOFFBB77CB,坡道平面,1100000,26.83
RPUQMLPJJHOFFBB28CB,坡道平面,950000,24.75
RPWQMLPJJHOFFBB48CB,坡道平面,1100000,26.83
RPORMLPJJHOFFBB77CB,坡道平面,1100000,26.83
RPQRMLPJJHOFFBB97CB,坡道平面,1100000,24.75
RPXQMLPJJHOFFBB58CB,坡道平面,950000,24.75
RPPRMLPJJHOFFBB87CB,坡道平面,1100000,26.83
RPTRMLPJJHOFFBB28CB,坡道平面,1100000,24.75
RPURMLPJJHOFFBB38CB,坡道平面,1050000,24.75
RPRRMLPJJHOFFBB08CB,坡道平面,1100000,26.83
RPVRMLPJJHOFFBB48CB,坡道平面,1040000,26.83
RPWRMLPJJHOFFBB58CB,坡道平面,1090000,26.83
RPSRMLPJJHOFFBB18CB,坡道平面,1100000,26.83
RPXRMLPJJHOFFBB68CB,坡道平面,1030000,26.83
RPOSMLPJJHOFFBB87CB,坡道平面,1200000,26.83
RPOSMLPJJHOFFBB87CB,坡道平面,1200000,26.83
RPPNMLQJJHOFFBB57CB,坡道平面,1150000,26.83
RPRNMLQJJHOFFBB77CB,坡道平面,1150000,26.83
RPRNMLQJJHOFFBB77CB,坡道平面,1050000,26.83
RPSNMLQJJHOFFBB87CB,坡道平面,1150000,26.83
RPSNMLQJJHOFFBB87CB,坡道平面,1150000,26.83
RPTNMLQJJHOFFBB97CB,坡道平面,1100000,26.83
RPQNMLQJJHOFFBB67CB,坡道平面,1150000,26.83
RPVNMLQJJHOFFBB18CB,坡道平面,1150000,26.83
RPUNMLQJJHOFFBB08CB,坡道平面,1050000,26.83
RPWNMLQJJHOFFBB28CB,坡道平面,1100000,26.83
RPXNMLQJJHOFFBB38CB,坡道平面,1100000,26.83
RPPOMLQJJHOFFBB67CB,坡道平面,1150000,26.83
RPOOMLQJJHOFFBB57CB,坡道平面,1100000,24.75
RPQOMLQJJHOFFBB77CB,坡道平面,1100000,26.83
RPSOMLQJJHOFFBB97CB,坡道平面,1050000,24.75
RPROMLQJJHOFFBB87CB,坡道平面,1150000,26.83
RPXOMLNLJHOFFBB48DB,坡道平面,1090000,31.13
RPQPMLNLJHOFFBB87DB,坡道平面,1090000,31.13
RPTOMLQJJHOFFBB08CB,坡道平面,1050000,26.83
RPTOMLQJJHOFFBB08CB,坡道平面,1050000,26.83
RPPPMLNLJHOFFBB77DB,坡道平面,1090000,31.13
RPUOMLQJJHOFFBB18CB,坡道平面,1050000,26.83
RPSPMLNLJHOFFBB08DB,坡道平面,1170000,31.13
RPRPMLNLJHOFFBB97DB,坡道平面,1170000,31.13
RPVOMLQJJHOFFBB28CB,坡道平面,1100000,26.83
RPOPMLNLJHOFFBB67DB,坡道平面,1090000,31.13
RPWOMLQJJHOFFBB38CB,坡道平面,1150000,26.83
RPVPMLNLJHOFFBB38DB,坡道平面,1170000,31.13
RPTPMLNLJHOFFBB18DB,坡道平面,1170000,31.13
RPWPMLNLJHOFFBB48DB,坡道平面,1090000,31.13
RPUQMLNLJHOFFBB38DB,坡道平面,1170000,31.13
RPTQMLNLJHOFFBB28DB,坡道平面,1090000,31.13
RPRQMLNLJHOFFBB08DB,坡道平面,1250000,31.13
RPPQMLNLJHOFFBB87DB,坡道平面,1090000,31.13
RPSQMLNLJHOFFBB18DB,坡道平面,1090000,31.13
RPXPMLNLJHOFFBB58DB,坡道平面,1120000,31.13
RPVQMLNLJHOFFBB48DB,坡道平面,1120000,31.13
RPVQMLNLJHOFFBB48DB,坡道平面,1120000,31.13
RPWQMLNLJHOFFBB58DB,坡道平面,1170000,30.06
RPORMLNLJHOFFBB87DB,坡道平面,1170000,31.13
RPXQMLNLJHOFFBB68DB,坡道平面,1090000,31.13
RPSRMLNLJHOFFBB28DB,坡道平面,1090000,31.13
RPVRMLNLJHOFFBB58DB,坡道平面,1170000,31.13
RPXRMLNLJHOFFBB78DB,坡道平面,1090000,31.13
RPRRMLNLJHOFFBB18DB,坡道平面,1090000,31.13
RPPRMLNLJHOFFBB97DB,坡道平面,1090000,31.13
RPOSMLNLJHOFFBB97DB,坡道平面,1090000,31.13
RPURMLNLJHOFFBB48DB,坡道平面,1170000,31.13
RPPSMLNLJHOFFBB08DB,坡道平面,1090000,31.13
RPQSMLNLJHOFFBB18DB,坡道平面,1090000,31.13
RPQSMLNLJHOFFBB18DB,坡道平面,1170000,31.13
RPRSMLNLJHOFFBB28DB,坡道平面,1170000,31.13
RPTSMLNLJHOFFBB48DB,坡道平面,1170000,31.13
RPSSMLNLJHOFFBB38DB,坡道平面,1170000,31.13
RPVSMLNLJHOFFBB68DB,坡道平面,1250000,31.13
RPUSMLNLJHOFFBB58DB,坡道平面,1170000,31.13
RPWSMLNLJHOFFBB78DB,坡道平面,1120000,31.13
RPPTMLNLJHOFFBB18DB,坡道平面,1170000,31.13
RPOTMLNLJHOFFBB08DB,坡道平面,1170000,30.06
RPQTMLNLJHOFFBB28DB,坡道平面,1010000,31.13
RPXSMLNLJHOFFBB88DB,坡道平面,1090000,31.13
RPRTMLNLJHOFFBB38DB,坡道平面,1170000,31.13
RPTTMLNLJHOFFBB58DB,坡道平面,1090000,30.06
RPVTMLNLJHOFFBB78DB,坡道平面,1170000,31.13
RPPUMLNLJHOFFBB28DB,坡道平面,1090000,31.13
RPUTMLNLJHOFFBB68DB,坡道平面,1090000,31.13
RPOUMLNLJHOFFBB18DB,坡道平面,1250000,31.13
RPXTMLNLJHOFFBB98DB,坡道平面,1090000,31.13
RPQUMLNLJHOFFBB38DB,坡道平面,1170000,31.13
RPRUMLNLJHOFFBB48DB,坡道平面,1090000,31.13
RPSUMLNLJHOFFBB58DB,坡道平面,1090000,31.13
RPOVMLNLJHOFFBB28DB,坡道平面,1170000,31.13
RPTUMLNLJHOFFBB68DB,坡道平面,1090000,31.13
RPTVMLNLJHOFFBB78DB,坡道平面,1170000,31.13
RPQVMLNLJHOFFBB48DB,坡道平面,1170000,31.13
RPVVMLNLJHOFFBB98DB,坡道平面,1090000,31.13
RPVUMLNLJHOFFBB88DB,坡道平面,1090000,31.13
RPWVMLNLJHOFFBB09DB,坡道平面,1170000,31.13
RPXVMLNLJHOFFBB56DB,坡道平面,1170000,31.13
RPOWMLNLJHOFFBB38DB,坡道平面,1090000,31.13
RPPWMLNLJHOFFBB48DB,坡道平面,1090000,31.13
RPWUMLNLJHOFFBB98DB,坡道平面,1170000,31.13
RPPVMLNLJHOFFBB38DB,坡道平面,1090000,31.13
RPSVMLNLJHOFFBB68DB,坡道平面,1170000,31.13
RPQWMLNLJHOFFBB58DB,坡道平面,1170000,31.13
RPUUMLNLJHOFFBB78DB,坡道平面,1170000,31.13
RPRWMLNLJHOFFBB68DB,坡道平面,1170000,31.13
RPXUMLNLJHOFFBB09DB,坡道平面,1170000,31.13
RPSWMLNLJHOFFBB78DB,坡道平面,1170000,31.13
RPUWMLNLJHOFFBB98DB,坡道平面,1170000,31.13
RPVWMLNLJHOFFBB09DB,坡道平面,1170000,31.13
RPTWMLNLJHOFFBB88DB,坡道平面,1170000,31.13
RPXWMLNLJHOFFBB66DB,坡道平面,1250000,31.13
RPXWMLNLJHOFFBB66DB,坡道平面,1250000,31.13
RPQNNLNLJHOFFBB77DB,坡道平面,1170000,31.13
RPPNNLNLJHOFFBB67DB,坡道平面,1090000,31.13
RPWWMLNLJHOFFBB56DB,坡道平面,1090000,31.13
RPONNLNLJHOFFBB57DB,坡道平面,1170000,31.13
RPRNNLNLJHOFFBB87DB,坡道平面,1170000,31.13
RPUNNLNLJHOFFBB18DB,坡道平面,1120000,31.13
RPSNNLNLJHOFFBB97DB,坡道平面,1250000,31.13
RPVNNLNLJHOFFBB28DB,坡道平面,1120000,31.13
RPXNNLNLJHOFFBB48DB,坡道平面,1090000,31.13
RPOONLNLJHOFFBB67DB,坡道平面,1090000,31.13
RPWNNLNLJHOFFBB38DB,坡道平面,1170000,31.13
RPPONLNLJHOFFBB77DB,坡道平面,1090000,31.13
RPSONLNLJHOFFBB08DB,坡道平面,1170000,31.13
RPQONLNLJHOFFBB87DB,坡道平面,1170000,31.13
RPRONLNLJHOFFBB97DB,坡道平面,1090000,31.13
RPTONLNLJHOFFBB18DB,坡道平面,1090000,31.13
RPVONLNLJHOFFBB38DB,坡道平面,1170000,31.13
RPUONLNLJHOFFBB28DB,坡道平面,1090000,31.13
RPQPNLNLJHOFFBB97DB,坡道平面,1090000,31.13
RPXONLNLJHOFFBB58DB,坡道平面,1090000,31.13
RPRQNLNLJHOFFBB18DB,坡道平面,1090000,31.13
RPRPNLNLJHOFFBB08DB,坡道平面,1090000,31.13
RPVQNLNLJHOFFBB58DB,坡道平面,1010000,31.13
RPWQNLNLJHOFFBB68DB,坡道平面,1090000,31.13
RPSPNLNLJHOFFBB18DB,坡道平面,1090000,31.13
RPSQNLNLJHOFFBB28DB,坡道平面,1090000,31.13
RPXQNLNLJHOFFBB78DB,坡道平面,1090000,31.13
RPPRNLNLJHOFFBB08DB,坡道平面,1090000,31.13
RPORNLNLJHOFFBB97DB,坡道平面,1090000,31.13
RPRRNLNLJHOFFBB28DB,坡道平面,1090000,31.13
RPQRNLNLJHOFFBB18DB,坡道平面,1170000,31.13
RPVRNLNLJHOFFBB68DB,坡道平面,1090000,31.13
RPWRNLNLJHOFFBB78DB,坡道平面,1250000,31.13
RPWRNLNLJHOFFBB78DB,坡道平面,1250000,31.13
RPURNLNLJHOFFBB58DB,坡道平面,1010000,30.06
RPURNLNLJHOFFBB58DB,坡道平面,1010000,30.06
RPSRNLNLJHOFFBB38DB,坡道平面,1090000,31.13
RPPSNLNLJHOFFBB18DB,坡道平面,1170000,31.13
RPQSNLNLJHOFFBB28DB,坡道平面,117000,31.13
RPSSNLNLJHOFFBB48DB,坡道平面,1090000,31.13
RPRSNLNLJHOFFBB38DB,坡道平面,1250000,31.13
RPRNMLPLJHOFFBB97DB,坡道平面,1090000,31.13
RPWNMLPLJHOFFBB48DB,坡道平面,1090000,31.13
RPVOMLPLJHOFFBB48DB,坡道平面,1090000,30.06
RPQNMLMJKHOFFFB77CB,坡道平面,580000,24.94
RPRNMLMJKHOFFFB87CB,坡道平面,580000,24.94
