﻿編號,土地區段位置,土地移轉面積平方公尺,使用分區或編定
The serial number,land sector position,land shifting area square meter,the use zoning or compiles and checks
RPQNMLLKJINFFEF08CC,公司田段,19.13,都市：住
RPRNMLLKJINFFEF18CC,公司田段,17.56,都市：住
RPUNMLMKJINFFGF78CC,菜寮段,.00,都市：住
RPSNMLLKJINFFEF28CC,新興段,.06,都市：住
RPSNMLLKJINFFEF28CC,新興段,22.76,都市：住
RPSOMLMKJINFFGF68CC,光華段,.00,都市：住
RPWNMLMKJINFFBF48CC,副都心段一小段,.00,都市：住
RPQPMLMKJINFFEF38CC,新興段,30.87,都市：住
RPRQMLMKJINFFEF58CC,新巿段,.00,非都市： ; 非都市編定：
RPPQMLMKJINFFEF38CC,新巿段,.00,都市：住
RPPOMLMKJINFFEF18CC,新巿段,7.85,都市：住
RPVQMLMKJINFFBF68CC,自立段,7.05,都市：住
RPPRMLMKJINFFBF18CC,榮富段,21.40,都市：住
RPWSMLMKJINFFBF98CC,建林段,17.62,都市：住
RPXQMLMKJINFFBF88CC,中原段,34.31,都市：住
RPUSMLMKJINFFBF78CC,副都心段一小段,33.86,都市：商
RPVOMLMKJINFFBF48CC,建林段,24.15,都市：住
RPSSMLMKJINFFBF58CC,力行段,22.44,都市：商
RPORMLMKJINFFBF08CC,中原段,30.16,都市：住
RPQPMLMKJINFFBF08CC,陸光段,.00,都市：住
RPUQMLMKJINFFBF58CC,中誠段,23.51,都市：住
RPVRMLMKJINFFBF88DC,建林段,.00,都市：住
RPTOMLNKJINFFIF09CC,大學段二小段,.00,都市：住
RPSNMLMKJINFFIF78CC,大埔段二鬮小段,43.97,非都市：山坡地保育區 ; 非都市編定：丙種建築用地
RPSNMLMKJINFFIF78CC,大埔段二鬮小段,.77,非都市：山坡地保育區 ; 非都市編定：水利用地
RPSNMLMKJINFFIF78CC,大埔段二鬮小段,.13,非都市：山坡地保育區 ; 非都市編定：林業用地
RPTNMLMKJINFFIF88CC,介壽段,30.00,都市：住
RPTOMLMKJINFFHF88CC,雙和段,2045.99,都市：商
RPTOMLMKJINFFHF88CC,雙和段,404.33,都市：住
RPUNMLMKJINFFHF88CC,大同段,16.00,都市：住
RPUNMLMKJINFFCF38CC,中正段,.00,都市：住
RPQNMLNKJINFFHF58CC,永平段,53.24,都市：住
RPXOMLNKJINFFHF76CC,大智段,.00,都市：住
RPWPMLNKJINFFHF76CC,東南段,.00,都市：住
RPRNMLNKJINFFCF18CC,玫瑰段,.00,都市：其他
RPQQMLNKJINFFHF88CC,永安段,.00,都市：商
RPQQMLNKJINFFHF88CC,永安段,.00,都市：商
RPQQMLNKJINFFHF88CC,永安段,.00,都市：商
RPRQMLNKJINFFHF98CC,大智段,.00,都市：住
RPSQMLNKJINFFHF09CC,景平段,.00,都市：商
RPSQMLNKJINFFHF09CC,景平段,.00,都市：商
RPPOMLNKJINFFBF97CC,國宅段,26.23,都市：住
RPPQMLNKJINFFBF18CC,副都心段一小段,.00,都市：商
RPSQMLNKJINFFBF48CC,建林段,.00,都市：住
RPOPMLMKJINFFDF08CC,智興段,.00,都市：住
RPOPMLMKJINFFDF08CC,智興段,.00,都市：其他
RPXQMLNKJINFFBF98CC,力行段,8.41,都市：住
RPOOMLNKJINFFDF08CC,智興段,.00,都市：住
RPVRMLNKJINFFBF88CC,豐年段,.00,都市：住
RPRSMLNKJINFFBF58CC,麗林段,.00,都市：住
RPSRMLNKJINFFAF48CC,港子嘴段,.00,都市：住
RPUOMLMKJINFFAF28CC,文化段,3.35,都市：住
RPXRMLNKJINFFAF98CC,江子翠段第三崁小段,.00,都市：住
RPVRMLNKJINFFAF78CC,亞東段,.00,都市：住
RPQOMLMKJINFFAF08EC,中山段,20.50,都市：住
RPTOMLMKJINFFAF18CC,成功段,.00,都市：住
RPQRMLNKJINFFEF68CC,新巿段,.00,都市：住
RPPRMLOKJINFFEF68CC,新巿段,.00,都市：住
RPQRMLOKJINFFEF78CC,仁愛段,.00,都市：商
RPORMLOKJINFFEF58CC,中山段,.00,都市：住
RPRSMLNKJINFFEF88CC,新巿段,.00,都市：住
RPVOMLOKJINFFBF68CC,力行段,13.99,都市：住
RPUPMLOKJINFFBF68CC,新林段,153.11,都市：住
RPSNMLOKJINFFHF88CC,南山段,25.94,都市：住
RPPNMLOKJINFFHF58CC,大同段,.00,都市：住
RPQOMLOKJINFFHF78CC,永安段,.00,都市：住
RPTNMLOKJINFFHF98CC,南山段,.00,都市：其他
RPXNMLOKJINFFDF98CC,建成段,13.82,都市：住
RPSOMLOKJINFFHF98CC,圓通段,.00,都市：住
RPXPMLPKJINFFAF09DC,民族段,28.54,都市：商
RPXNMLOKJINFFCF88CC,寶橋段,3892.30,都市：工
RPUNMLPKJINFFHF56CC,永利段,49.64,都市：住
RPXOMLPKJINFFHF96CC,大仁段,.00,都市：住
RPOTMLPKJINFFBF58CC,自立段,.00,都市：商
RPTOMLPKJINFFEF88CC,公司田段,.00,都市：住
RPVPMLPKJINFFAF78CC,運校段,.00,都市：住
RPRNMLPKJINFFBF28CC,榮富段,28.80,都市：住
RPPNMLPKJINFFCF18CC,中正段,.00,都市：住
RPSOMLPKJINFFCF58CC,寶強段,.00,都市：住
RPUOMLOKJINFFCF68CC,香坡段,11.88,非都市：山坡地保育區 ; 非都市編定：丙種建築用地
RPUOMLOKJINFFCF68CC,香坡段,.85,非都市：山坡地保育區 ; 非都市編定：遊憩用地
RPUOMLOKJINFFCF68CC,香坡段,12.89,非都市：山坡地保育區 ; 非都市編定：遊憩用地
RPUOMLOKJINFFCF68CC,香坡段,74.54,非都市：山坡地保育區 ; 非都市編定：林業用地
RPUOMLOKJINFFCF68CC,香坡段,9.29,非都市：山坡地保育區 ; 非都市編定：林業用地
RPUOMLOKJINFFCF68CC,香坡段,.76,非都市：山坡地保育區 ; 非都市編定：遊憩用地
RPUOMLOKJINFFCF68CC,香坡段,2.59,非都市：山坡地保育區 ; 非都市編定：林業用地
RPUOMLOKJINFFCF68CC,香坡段,1.74,非都市：山坡地保育區 ; 非都市編定：林業用地
RPUOMLOKJINFFCF68CC,香坡段,18.66,非都市：山坡地保育區 ; 非都市編定：林業用地
RPUOMLOKJINFFCF68CC,香坡段,88.53,非都市：山坡地保育區 ; 非都市編定：丙種建築用地
RPPNMLPKJINFFHF68CC,廟美段,.00,都市：住
RPPNMLPKJINFFHF68CC,廟美段,.00,都市：其他
RPSPMLPKJINFFAF48CC,重慶段,.00,都市：住
RPXNMLQKJINFFEF66CC,鄧公段,5.74,都市：住
RPUPMLPKJINFFGF66CC,重新段壹小段,.00,都市：商
RPRQMLQKJINFFEF98CC,公司田段,23.16,都市：住
RPPNMLQKJINFFHF78CC,安平段,.00,都市：住
RPSOMLQKJINFFHF56CC,復興段,.00,都市：住
RPTOMLQKJINFFHF66CC,保健段,.00,都市：住
RPTRMLQKJINFFEF66CC,新巿段,8.44,都市：商
RPPNMLQKJINFFBF18CC,中原段,.00,都市：住
RPWOMLQKJINFFBF98CC,建林段,17.08,都市：住
RPVOMLQKJINFFHF86CC,瓦段,.00,都市：住
RPPPMLQKJINFFHF98CC,信和段,.00,都市：住
RPPNMLTKJINFFBF48CC,五股段,.00,都市：住
RPSNMLSKJINFFBF68CC,建林段,17.19,都市：住
RPTNMLTKJINFFBF88CC,榮富段,.00,都市：住
RPSNMLRKJINFFEF88CC,海天段,15.92,都市：住
RPQNMLRKJINFFEF68CC,海天段,8.96,都市：住
RPPOMLQKJINFFIF98CC,武林段,16.67,都市：住
RPQOMLQKJINFFIF09CC,備內段,.00,都市：其他
RPQOMLQKJINFFIF09CC,樹德段,.00,都市：其他
RPWPMLTKJINFFAF66CC,大安段,433.19,都市：其他
RPOPMLTKJINFFBF58CC,富國段,.00,都市：商
RPPNMLTKJINFFAF38CC,信義段,.00,都市：住
RPPPMLTKJINFFBF68CC,國宅段,.00,都市：住
RPPPMLQKJINFFCF48CC,復興段,.00,都市：工
RPWPMLQKJINFFCF56CC,大豐段,.00,都市：住
RPPNMLQKJINFFCF28CC,中華段,.00,都市：住
RPSPMLTKJINFFEF66CC,公司田段,31.22,都市：住
RPPOMLTKJINFFDF78CC,昊天段,.00,都市：住
RPPOMLTKJINFFDF78CC,昊天段,.00,都市：住
RPPOMLTKJINFFDF78CC,昊天段,.00,都市：其他
RPSOMLTKJINFFDF09CC,工建段,180.25,都市：工
RPSOMLTKJINFFDF09CC,工建段,153.34,都市：工
RPUNMLTKJINFFDF56CC,同新段,34.87,都市：工
RPUNMLTKJINFFDF56CC,同新段,.02,都市：工
RPUNMLTKJINFFDF56CC,同新段,.00,都市：工
RPUOMLTKJINFFDF66CC,工建段,64.15,都市：工
RPQOMLTKJINFFDF88CC,北山段,56.06,都市：住
RPVOMLTKJINFFDF76CC,同新段,13.23,都市：工
RPXOMLTKJINFFDF96CC,智興段,.00,都市：住
RPSNMLTKJINFFDF98CC,智興段,.00,都市：住
RPTNMLTKJINFFDF09CC,工建段,31.33,都市：工
RPTNMLTKJINFFDF09CC,工建段,31.33,都市：工
RPVRMLTKJINFFEF17CC,新巿段,10.57,都市：住
RPVPMLTKJINFFEF96CC,公司田段,27.32,都市：住
RPTPMLTKJINFFIF17CC,大學段二小段,32.42,都市：商
RPXPMLTKJINFFEF17CC,鄧公段,40.57,都市：住
RPRPMLTKJINFFGF76CC,碧華段,.00,都市：工
RPPNMLTKJINFFCF58CC,惠國段,.00,都市：住
RPPNMLTKJINFFHF09CC,復興段,.00,都市：商
RPPNMLTKJINFFHF09CC,復興段,.00,都市：住
RPRNMLKLJINFFHF48CC,保平段,.00,都市：住
RPOOMLTKJINFFHF09CC,華福段,.00,都市：住
RPRNMLKLJINFFHF48CC,保平段,.00,都市：商
RPROMLTKJINFFHF76CC,安平段,.00,都市：住
RPPOMLTKJINFFHF56CC,福祥段,.00,都市：住
RPPOMLTKJINFFHF56CC,福祥段,.00,都市：商
RPPOMLTKJINFFHF56CC,福祥段,.00,都市：住
RPRNMLKLJINFFGF38CC,長樂段,.00,都市：其他
RPRNMLKLJINFFGF38CC,長樂段,.00,都市：其他
RPQNMLKLJINFFCF87CC,惠國段,.00,都市：住
RPVNMLKLJINFFEF58CC,公司田段,27.64,都市：住
RPTNMLKLJINFFEF38CC,公司田段,33.06,都市：住
RPUNMLKLJINFFEF48CC,新興段,.00,都市：住
RPSOMLKLJINFFCF18CC,明德段,.00,都市：住
RPSOMLKLJINFFCF18CC,明德段,.00,都市：住
RPOOMLKLJINFFEF97CC,新興段,32.32,都市：住
RPPPMLKLJINFFCF97CC,寶強段,485.44,都市：其他
RPPPMLKLJINFFCF97CC,寶強段,3.02,都市：住
RPRPMLKLJINFFDF28CC,福德段,.00,都市：商
RPUPMLKLJINFFBF38CC,思賢段,.00,都市：住
RPPNMLKLJINFFBF67CC,中原段,.00,都市：商
RPRPMLKLJINFFBF08CC,佳林段,.00,都市：商
RPROMLLLJINFFBF08CC,新工段一小段,.00,非都市：工業區 ; 非都市編定：丁種建築用地
RPSNMLLLJINFFEF38CC,公司田段,18.10,都市：住
RPRQMLLLJINFFIF98CC,大學段一小段,16.80,都市：商
RPOPMLLLJINFFEF18CC,海天段,.00,都市：住
RPOPMLLLJINFFEF18CC,海天段,31.45,都市：住
RPOPMLLLJINFFEF18CC,海天段,.01,都市：住
RPOPMLLLJINFFEF18CC,海天段,2.37,都市：住
RPOPMLLLJINFFEF18CC,海天段,.17,都市：住
RPXQMLMLJINFFIF07CC,大學段二小段,.00,都市：商
RPXPMLLLJINFFBF78CC,富國段,.00,都市：住
RPTOMLKLJINFFAF08CC,學成段,.00,都市：住
RPVOMLLLJINFFCF58CC,大豐段,34.44,都市：住
RPUQMLKLJINFFAF38CC,力行段,.00,都市：住
RPTOMLMLJINFFHF98CC,錦和段,.00,都市：住
RPXNMLLLJINFFDF78CC,拱北段,38.71,非都市：鄉村區 ; 非都市編定：乙種建築用地
RPXNMLLLJINFFDF78CC,拱北段,38.71,非都市：鄉村區 ; 非都市編定：乙種建築用地
RPXNMLLLJINFFDF78CC,拱北段,19.36,非都市：鄉村區 ; 非都市編定：乙種建築用地
RPUOMLMLJINFFHF09CC,大智段,.00,都市：住
RPRNMLKLJINFFAF97EC,忠孝段,46.98,都市：住
RPSOMLMLJINFFHF88CC,華中段,53.78,都市：住
RPVOMLMLJINFFHF56CC,大智段,.00,都市：住
RPTNMLMLJINFFEF58CC,正德段,1.04,都市：住
RPTNMLMLJINFFEF58CC,正德段,5.99,都市：住
RPTQMLMLJINFFEF88CC,龍米段,.00,都市：住
RPQNMLMLJINFFGF48CC,仁義段,.00,都市：住
RPUNMLMLJINFFGF88CC,頂崁段,.00,都市：工
RPWNMLMLJINFFGF09CC,信義段,.00,都市：住
RPXOMLMLJINFFHF76CC,四維段,.00,都市：住
RPWPMLMLJINFFHF76CC,保健段,.00,都市：商
RPWPMLMLJINFFHF76CC,保健段,.00,都市：住
RPOPMLMLJINFFHF58CC,福美段,.00,都市：其他
RPQNMLMLJINFFDF18CC,北山段,10.44,都市：住
RPXOMLMLJINFFDF98CC,建成段,.00,都市：商
RPSNMLMLJINFFBF18CC,興化段,175.50,都市：工
RPSNMLMLJINFFBF18CC,興化段,176.51,都市：工
RPPPMLMLJINFFBF08CC,榮富段,.00,都市：住
RPPPMLMLJINFFBF08CC,榮富段,.00,都市：住
RPSNMLNLJINFFBF28CC,新工段一小段,.00,非都市：工業區 ; 非都市編定：丁種建築用地
RPRNMLNLJINFFBF18CC,忠孝段,25.54,都市：住
RPXNMLNLJINFFBF78CC,芳洲段,.00,都市：住
RPUOMLNLJINFFBF58CC,福營段,.00,都市：工
RPSOMLNLJINFFBF38CC,福營段,.00,都市：工
RPUQMLMLJINFFAF58CC,安和段,.00,都市：住
RPQNMLNLJINFFDF28CC,北港段烘內小段,.00,非都市：山坡地保育區 ; 非都市編定：丙種建築用地
RPTQMLNLJINFFGF56CC,信義段,.00,都市：住
RPUQMLNLJINFFGF66CC,光興段,.00,都市：商
RPUQMLNLJINFFGF66CC,光興段,.00,都市：住
RPSPMLNLJINFFEF78CC,公司田段,7.21,都市：住
RPVTMLNLJINFFEF86CC,淡海段,.00,都市：住
RPWNMLNLJINFFDF88CC,大同段,.00,都市：住
RPTNMLNLJINFFDF58CC,智興段,.00,都市：住
RPWQMLMLJINFFAF78CC,江子翠段第二崁小段,.00,都市：商
RPVPMLNLJINFFAF68CC,樂利段,.00,都市：住
RPXNMLNLJINFFDF98CC,大同段,.00,都市：住
RPWTMLNLJINFFEF96CC,關渡段,.00,都市：住
RPRTMLNLJINFFEF09CC,新巿段,10.58,都市：商
RPXTMLNLJINFFEF07CC,公司田段,.00,都市：住
RPOUMLNLJINFFEF88CC,海鷗段,.00,都市：住
RPPUMLNLJINFFEF98CC,關渡段,.00,都市：住
RPQOMLNLJINFFHF78CC,安樂段,.00,都市：商
RPOOMLNLJINFFHF58CC,台貿段,.00,都市：住
RPOOMLNLJINFFHF58CC,台貿段,.00,都市：其他
RPTPMLNLJINFFHF56CC,公園段,.00,都市：住
RPTPMLNLJINFFHF56CC,公園段,.00,都市：商
RPTPMLNLJINFFHF56CC,公園段,.00,都市：商
RPUPMLNLJINFFHF66CC,頂溪段,.00,都市：住
RPWOMLNLJINFFHF76CC,大智段,.00,都市：住
RPQNMLOLJINFFGF68CC,安慶段,.00,都市：住
RPPNMLOLJINFFBF08CC,建林段,.00,都市：其他
RPOPMLQLJINFFBF38CC,副都心段一小段,9.58,都市：住
RPPPMLQLJINFFBF48CC,自強段,28.79,都市：住
RPQPMLQLJINFFBF58CC,副都心段五小段,20.74,都市：住
RPUNMLNLJINFFAF58EC,仁愛段,.00,都市：其他
RPRPMLQLJINFFBF68CC,榮富段,28.72,都市：住
RPUPMLQLJINFFBF98CC,復興段,18.65,都市：住
RPQQMLQLJINFFBF68CC,民安段,31.83,都市：住
RPRQMLQLJINFFBF78CC,榮富段,14.00,都市：住
RPPPMLNLJINFFCF28CC,寶元段,101.77,都市：工
RPRPMLNLJINFFCF48CC,復興段,.00,都市：工
RPQPMLNLJINFFCF38CC,復興段,25.12,都市：工
RPSPMLQLJINFFBF78CC,瓊泰段,43.72,都市：住
RPWPMLQLJINFFBF56CC,榮富段,16.59,都市：住
RPVOMLQLJINFFEF66CC,新巿段,9.82,都市：住
RPXNMLQLJINFFEF76CC,新巿段,7.66,都市：商
RPTQMLQLJINFFEF66CC,新巿段,10.57,都市：住
RPRSMLQLJINFFEF66CC,新巿段,.00,都市：住
RPUSMLQLJINFFEF96CC,新巿段,.00,都市：住
RPVQMLQLJINFFGF07CC,仁興段,18.60,都市：商
RPTOMLQLJINFFGF66CC,仁愛段,.00,都市：商
RPSUMLQLJINFFEF96CC,新巿段,31.21,都市：住
RPRPMLQLJINFFGF56CC,富貴段,.00,都市：住
RPWTMLQLJINFFEF27CC,海天段,4.67,都市：住
RPQPMLQLJINFFEF98DC,茂長段,19.47,都市：住
RPTUMLQLJINFFEF07CC,公司田段,.00,都市：住
RPXOMLQLJINFFHF17CC,正南段,.00,都市：住
RPTOMLQLJINFFDF56EC,昊天段,68.57,都市：工
RPTOMLQLJINFFDF56EC,同新段,2.15,都市：工
RPQNMLQLJINFFCF48CC,安興段,3.87,都市：其他
RPRNMLQLJINFFCF58CC,民安段,8.11,都市：住
RPSOMLQLJINFFCF78CC,寶元段,.00,都市：住
RPSOMLQLJINFFCF78CC,寶元段,.00,都市：其他
RPSOMLQLJINFFCF78CC,寶元段,.00,都市：其他
RPWRMLRLJINFFHF47CC,秀山段,.00,都市：住
RPVRMLRLJINFFHF37CC,華中段,26.89,都市：住
RPOSMLRLJINFFHF76CC,復興段,.00,都市：住
RPOSMLRLJINFFHF76CC,復興段,.00,都市：住
RPSRMLRLJINFFHF07CC,廟美段,.00,都市：住
RPXRMLRLJINFFHF57CC,新民段,.00,都市：其他
RPSSMLRLJINFFHF17CC,永安段,.00,都市：住
RPWSMLRLJINFFHF57CC,灰段,.00,都市：其他
RPXSMLRLJINFFHF67CC,民樂段,.00,都市：住
RPXSMLRLJINFFHF67CC,民樂段,.00,都市：住
RPWNMLRLJINFFEF76CC,海天段,.00,都市：工
RPUOMLRLJINFFEF66CC,新巿段,15.36,都市：住
RPVOMLRLJINFFEF76CC,馬偕段,.00,都市：其他
RPVOMLRLJINFFEF76CC,馬偕段,.00,都市：工
RPOPMLRLJINFFEF78CC,馬偕段,6.92,都市：工
RPTPMLRLJINFFEF66CC,新巿段,8.31,都市：商
RPVPMLRLJINFFEF86CC,馬偕段,10.78,都市：工
RPWPMLRLJINFFEF96CC,龍米段,4.71,都市：住
RPPQMLRLJINFFEF98CC,馬偕段,5.67,都市：工
RPWNMLRLJINFFGF96CC,仁愛段,.00,都市：商
RPQQMLRLJINFFEF09CC,馬偕段,6.81,都市：工
RPROMLRLJINFFGF56CC,田安段,.00,都市：住
RPPQMLRLJINFFBF68CC,中原段,.00,都市：商
RPOOMLSLJINFFAF38CC,文化段,.00,都市：住
RPOOMLSLJINFFAF38CC,文化段,.00,都市：住
RPSQMLSLJINFFBF09CC,立言段,33.69,都市：住
RPSQMLSLJINFFBF09CC,全安段,24.72,都市：住
RPRNMLSLJINFFGF56CC,明志段,.00,都市：住
RPUOMLRLJINFFAF88CC,大庭段,.00,都市：住
RPRTMLRLJINFFHF17CC,國光段,.00,都市：商
RPUPMLSLJINFFDF76CC,厚德段,.00,都市：住
RPTOMLSLJINFFAF88CC,文化段,37.57,都市：住
RPQPMLQLJINFFHF56CC,大新段,.00,都市：商
RPUNMLSLJINFFGF86CC,仁愛段,.00,都市：住
RPUNMLSLJINFFEF66CC,水仙段,1.52,都市：住
RPRPMLQLJINFFHF66CC,得林段,.00,都市：住
RPPSMLSLJINFFEF66CC,公司田段,.00,都市：住
RPSSMLSLJINFFEF96CC,公司田段,.00,都市：住
RPWSMLSLJINFFEF37CC,新巿段,.00,非都市： ; 非都市編定：
RPTSMLSLJINFFEF07CC,海鷗段,.00,都市：住
RPTSMLSLJINFFEF07CC,海鷗段,.00,都市：工
RPTNMLSLJINFFIF96CC,大學段二小段,.00,非都市： ; 非都市編定：
RPSTMLRLJINFFHF27CC,捷運段,.00,都市：住
RPPNMLTLJINFFIF66CC,樹德段,.00,都市：住
RPPOMLTLJINFFIF76CC,大學段一小段,5.88,都市：住
RPSNMLTLJINFFIF96CC,大學段二小段,.00,都市：住
RPPPMLSLJINFFHF66CC,中安段,.00,都市：住
RPPTMLRLJINFFHF96CC,民治段,.00,都市：住
RPPNMLTLJINFFHF56CC,景華段,.00,都市：住
RPPPMLTLJINFFDF56EC,保長段,32.80,都市：住
RPWQMLTLJINFFHF57CC,瓦段,.00,都市：商
RPWNMLTLJINFFHF27CC,民富段,.00,都市：其他
RPTNMLTLJINFFEF66CC,新巿段,24.95,都市：住
RPRNMLTLJINFFGF66CC,中興段,493.91,都市：工
RPRPMLTLJINFFEF66CC,水頭段社厝坑小段,.00,非都市：山坡地保育區 ; 非都市編定：丙種建築用地
RPOQMLTLJINFFEF09CC,水仙段,42.14,都市：住
RPTQMLTLJINFFEF96CC,新巿段,26.73,都市：住
RPWPMLSLJINFFAF76DC,介壽段,.00,都市：商
RPTNMLTLJINFFBF98CC,副都心段一小段,.00,都市：商
RPWNMLTLJINFFBF66CC,陸光段,.00,都市：住
RPWNMLTLJINFFBF66CC,五股坑一段,.00,都市：其他
RPWNMLTLJINFFBF66CC,五股坑一段,.00,都市：住
RPSOMLTLJINFFBF98CC,芳洲段,.00,都市：商
RPUQMLTLJINFFBF76CC,力行段,19.94,都市：住
RPUPMLTLJINFFBF66CC,國宅段,32.97,都市：住
RPXOMLKMJINFFEF98CC,馬偕段,5.90,都市：工
RPWOMLTLJINFFAF66CC,民權段,17.00,都市：住
RPQNMLKMJINFFDF08CC,金龍段,.00,都市：其他
RPQNMLKMJINFFDF08CC,金龍段,.00,非都市：山坡地保育區 ; 非都市編定：丙種建築用地
RPQNMLKMJINFFDF08CC,金龍段,.00,都市：其他
RPQNMLKMJINFFDF08CC,金龍段,.00,都市：其他
RPQQMLKMJINFFEF48CC,海天段,8.12,都市：住
RPVPMLKMJINFFEF88CC,水仙段,.00,非都市： ; 非都市編定：
RPXQMLKMJINFFEF56CC,海鷗段,.00,非都市： ; 非都市編定：
RPOQMLKMJINFFBF97CC,力行段,17.62,都市：住
RPUOMLKMJINFFIF09CC,永昌段,.00,非都市： ; 非都市編定：
RPTNMLTLJINFFDF56CC,昊天段,.00,都市：工
RPSNMLKMJINFFHF68CC,瓦段,.00,都市：商
RPRNMLTLJINFFDF98CC,福德段,.00,都市：住
RPPNMLKMJINFFHF38CC,德光段,.00,都市：住
RPPNMLKMJINFFHF38CC,德光段,.00,都市：住
RPQOMLKMJINFFCF08CC,復興段,.00,都市：工
RPQNMLKMJINFFCF97CC,香坡段,1835.93,非都市：山坡地保育區 ; 非都市編定：丙種建築用地
RPXPMLKMJINFFHF76CC,健康段,6215.04,都市：工
RPSNMLKMJINFFCF18CC,雙城段,36.77,都市：住
RPPNMLLJKINFFHF28CC,健康段,.00,都市：工
RPVPMLKMJINFFHF56CC,三民段,26.65,都市：住
RPWPMLKMJINFFHF66CC,健康段,6215.04,都市：工
RPQNMLLJKINFFHF38CC,健康段,.00,都市：工
RPPNMLLJKINFFGF18CC,大同南段,.00,都市：住
RPPNMLLJKINFFBF67CC,泰林段,.00,都市：商
RPPNMLLJKINFFBF67CC,泰林段,.00,都市：工
RPRPMLKMJINFFAF28EC,新板段三小段,.00,都市：其他
RPXNMLNJKINFFEF98CC,海天段,26.48,都市：工
RPSPMLNJKINFFEF68CC,新巿段,7.91,都市：住
RPRNMLMJKINFFEF28CC,新巿段,24.86,都市：住
RPTPMLNJKINFFEF78CC,正德段,11.31,都市：住
RPTPMLNJKINFFEF78CC,正德段,1.91,都市：住
RPQQMLNJKINFFEF58CC,新興段,4.14,都市：住
RPXPMLNJKINFFEF56CC,新巿段,17.42,都市：住
RPVQMLNJKINFFEF09CC,公司田段,28.86,都市：住
RPPNMLLJKINFFAF57CC,文化段,2.60,都市：住
RPURMLNJKINFFEF09CC,新興段,9.62,都市：住
RPUSMLNJKINFFEF56CC,新巿段,8.12,都市：商
RPPNMLMJKINFFDF97CC,智興段,4.47,都市：住
RPUQMLNJKINFFBF68CC,化成段,.00,都市：工
RPOOMLNJKINFFHF48CC,健康段,.00,都市：工
RPQOMLNJKINFFHF68CC,健康段,.00,都市：工
RPPQMLNJKINFFHF78CC,民治段,.00,都市：住
RPPRMLNJKINFFBF28CC,全安段,.00,都市：住
RPRSMLNJKINFFBF58CC,國宅段,.00,都市：住
RPWPMLNJKINFFBF78CC,中山段,.00,都市：工
RPTOMLNJKINFFIF09CC,大學段二小段,.00,都市：商
RPRNMLNJKINFFDF28CC,智興段,.00,都市：住
RPRNMLNJKINFFDF28CC,智興段,.00,都市：其他
RPWNMLOJKINFFCF98EC,惠國段,11.24,都市：住
RPPNMLOJKINFFHF58CC,圓通段,.00,都市：住
RPPNMLOJKINFFHF58CC,圓通段,.00,都市：其他
RPXNMLOJKINFFHF76CC,板南段,.00,都市：工
RPXNMLOJKINFFHF76CC,板南段,.00,都市：其他
RPPOMLOJKINFFHF68CC,板南段,.00,都市：工
RPPOMLOJKINFFHF68CC,板南段,.00,都市：其他
RPVNMLOJKINFFHF56CC,板南段,.00,都市：工
RPWNMLNJKINFFIF66CC,大學段一小段,10.07,都市：商
RPUOMLOJKINFFHF56CC,板南段,.00,都市：工
RPROMLOJKINFFHF88CC,板南段,.00,都市：工
RPSOMLOJKINFFHF98CC,板南段,.00,都市：工
RPQOMLOJKINFFHF78CC,板南段,.00,都市：工
RPXOMLOJKINFFIF96CC,樹德段,.00,都市：住
RPWOMLOJKINFFHF76CC,板南段,.00,都市：工
RPVNMLOJKINFFCF68CC,新坡段,5770.32,非都市：山坡地保育區 ; 非都市編定：丙種建築用地
RPOQMLNJKINFFCF18CC,香坡段,.00,非都市：山坡地保育區 ; 非都市編定：林業用地
RPOQMLNJKINFFCF18CC,香坡段,.00,非都市：山坡地保育區 ; 非都市編定：丙種建築用地
RPOQMLNJKINFFCF18CC,香坡段,.00,非都市：山坡地保育區 ; 非都市編定：遊憩用地
RPOQMLNJKINFFCF18CC,香坡段,.00,非都市：山坡地保育區 ; 非都市編定：林業用地
RPOQMLNJKINFFCF18CC,香坡段,.00,非都市：山坡地保育區 ; 非都市編定：丙種建築用地
RPOQMLNJKINFFCF18CC,香坡段,.00,非都市：山坡地保育區 ; 非都市編定：丙種建築用地
RPOQMLNJKINFFCF18CC,香坡段,.00,非都市：山坡地保育區 ; 非都市編定：林業用地
RPOQMLNJKINFFCF18CC,香坡段,.00,非都市：山坡地保育區 ; 非都市編定：丙種建築用地
RPOQMLNJKINFFCF18CC,香坡段,.00,非都市：山坡地保育區 ; 非都市編定：林業用地
RPOQMLNJKINFFCF18CC,香坡段,.00,非都市：山坡地保育區 ; 非都市編定：丙種建築用地
RPOQMLNJKINFFCF18CC,香坡段,.00,非都市：山坡地保育區 ; 非都市編定：遊憩用地
RPOQMLNJKINFFCF18CC,香坡段,.00,非都市：山坡地保育區 ; 非都市編定：林業用地
RPOQMLNJKINFFCF18CC,香坡段,.00,非都市：山坡地保育區 ; 非都市編定：林業用地
RPQRMLOJKINFFHF09CC,板南段,.00,都市：工
RPSRMLOJKINFFHF66CC,板南段,.00,都市：工
RPTRMLOJKINFFHF76CC,板南段,.00,都市：工
RPTRMLOJKINFFHF76CC,板南段,.00,都市：其他
RPUOMLOJKINFFEF09EC,新巿段,68.94,都市：住
RPURMLOJKINFFHF86CC,安樂段,.00,都市：商
RPURMLOJKINFFHF86CC,安樂段,.00,都市：商
RPTOMLOJKINFFBF48CC,國宅段,16.06,都市：住
RPRRMLOJKINFFHF56CC,板南段,.00,都市：工
RPRRMLOJKINFFHF56CC,板南段,.00,都市：其他
RPOQMLOJKINFFBF18CC,昌隆段,.00,都市：其他
RPRNMLOJKINFFDF38CC,中正段,.00,都市：商
RPPQMLOJKINFFEF58CC,公司田段,49.92,都市：住
RPQOMLPJKINFFBF28CC,自立段,7.05,都市：住
RPTNMLOJKINFFEF68CC,公司田段,31.14,都市：住
RPROMLPJKINFFBF38CC,榮富段,10.97,都市：住
RPTOMLPJKINFFBF58CC,國宅段,.00,都市：住
RPPQMLOJKINFFAF18CC,中山段,27.75,都市：住
RPSQMLPJKINFFDF88CC,昊天段,1.86,都市：工
RPVQMLOJKINFFAF78CC,篤行段,49.84,都市：住
RPTNMLPJKINFFDF68CC,江北段,17.64,都市：住
RPQPMLQJKINFFBF48CC,後港段,.00,都市：住
RPOPMLQJKINFFBF28CC,光明段,.00,都市：住
RPUPMLPJKINFFBF78CC,榮富段,.00,都市：住
RPVOMLQJKINFFDF09CC,智興段,.00,都市：商
RPQOMLQJKINFFIF09CC,慈恩段,.00,都市：住
RPQQMLQJKINFFHF56CC,永平段,.00,都市：商
RPQQMLQJKINFFHF56CC,永平段,.00,都市：住
RPQQMLQJKINFFHF56CC,永平段,.00,都市：其他
RPSNMLQJKINFFGF98CC,正義段,.00,都市：住
RPSOMLQJKINFFIF66CC,麻園段溪墘寮小段,35.47,非都市：一般農業區 ; 非都市編定：甲種建築用地
RPSOMLQJKINFFIF66CC,麻園段溪墘寮小段,5.26,非都市：一般農業區 ; 非都市編定：甲種建築用地
RPOPMLQJKINFFDF48CC,金龍段,.00,都市：住
RPORMLQJKINFFDF68CC,崇德段,.00,都市：住
RPPPMLQJKINFFDF58CC,北峰段,.00,非都市：山坡地保育區 ; 非都市編定：丙種建築用地
RPQPMLRJKINFFIF66CC,大同段,.00,都市：商
RPTQMLQJKINFFAF78CC,新興段,.00,都市：商
RPRQMLQJKINFFAF58CC,府中段,.00,都市：商
RPUPMLQJKINFFIF96CC,大學段一小段,.00,都市：住
RPVOMLRJKINFFHF96CC,連城段,.00,都市：住
RPXOMLRJKINFFGF07CC,菜寮段,.00,都市：住
RPOPMLRJKINFFHF98CC,秀峰段,.00,都市：住
RPWOMLRJKINFFGF96CC,光華段,.00,都市：住
RPQNMLRJKINFFGF88CC,正義段,.00,都市：住
RPXOMLRJKINFFHF17CC,保生段,.00,都市：住
RPWOMLRJKINFFHF07CC,雙和段,.00,都市：住
RPWOMLRJKINFFHF07CC,雙和段,.00,都市：商
RPSQMLRJKINFFEF56CC,海鷗段,.00,都市：住
RPRPMLRJKINFFEF98CC,竹圍段,4.12,都市：住
RPSPMLRJKINFFEF09CC,正德段,22.42,都市：住
RPTNMLRJKINFFBF68CC,榮富段,.00,都市：住
RPTQMLRJKINFFEF66CC,天生段,.00,都市：住
RPSOMLRJKINFFDF88CC,智興段,.00,都市：住
RPVSMLRJKINFFBF76CC,建林段,21.11,都市：住
RPROMLRJKINFFDF78CC,建成段,4.48,都市：住
RPQNMLSJKINFFIF56CC,大學段一小段,10.53,都市：住
RPWNMLRJKINFFAF09EC,力行段,13.16,都市：住
RPUNMLTJKINFFIF07CC,大學段一小段,53.22,都市：住
RPUPMLKKKINFFHF98CC,健康段,88.53,都市：工
RPPNMLSJKINFFDF58CC,大同段,8.92,都市：住
RPQNMLSJKINFFDF68CC,大同段,8.62,都市：住
RPUOMLKKKINFFDF48CC,江北段,2991.48,都市：住
RPPOMLKKKINFFDF97CC,保長段,13026.01,都市：住
RPVPMLRJKINFFAF56EC,永和段,.00,都市：住
RPVPMLRJKINFFAF56EC,永和段,.00,都市：其他
RPTNMLKKKINFFDF28CC,江北段,4.00,都市：商
RPTNMLKKKINFFDF28CC,江北段,16.41,都市：商
RPTNMLKKKINFFDF28CC,江北段,13.19,都市：商
RPTNMLKKKINFFDF28CC,江北段,62.11,都市：商
RPQOMLKKKINFFDF08CC,昊天段,78.85,都市：工
RPXNMLRJKINFFAF56EC,海山段,.00,都市：住
RPTQMLKKKINFFBF38CC,副都心段一小段,23.57,都市：商
RPTPMLKKKINFFBF28CC,國宅段,24.03,都市：住
RPWQMLKKKINFFBF68CC,副都心段一小段,16.51,都市：商
RPPNMLKKKINFFAF77EC,新板段三小段,20.49,都市：其他
RPPOMLKKKINFFEF08CC,馬偕段,5.67,都市：工
RPORMLKKKINFFBF97CC,瓊林段,19.73,都市：住
RPXNMLKKKINFFEF78CC,馬偕段,5.67,都市：工
RPVNMLKKKINFFGF78CC,福德北段,.00,都市：商
RPUNMLLKKINFFEF58CC,新巿段,42.03,都市：住
RPTOMLKKKINFFGF68CC,富貴段,.00,都市：住
RPQNMLLKKINFFBF87CC,國宅段,.00,都市：住
RPWNMLLKKINFFBF48CC,成蘆段,.00,都市：住
RPXOMLKKKINFFAF48CC,介壽段,118.00,都市：商
RPXOMLKKKINFFAF48CC,介壽段,118.00,都市：商
RPXOMLLKKINFFBF68CC,同榮段,107.79,都市：住
RPWRMLLKKINFFBF88CC,副都心段一小段,16.45,都市：商
RPRPMLLKKINFFBF18CC,同興段,.00,都市：商
RPSOMLLKKINFFBF18CC,芳洲段,.00,都市：商
RPROMLLKKINFFBF08CC,黎明段,.00,都市：住
RPQNMLLKKINFFDF08CC,智興段,.00,都市：商
RPRNMLLKKINFFDF18CC,智興段,.00,都市：商
RPXOMLLKKINFFAF78EC,新雅段,.00,都市：住
RPXOMLLKKINFFAF78EC,力行段,.00,都市：住
RPPPMLLKKINFFDF18CC,厚德段,.00,都市：住
RPVOMLLKKINFFAF38CC,大安段,53.42,都市：工
RPXOMLMKKINFFDF56EC,保長段,5.53,都市：住
RPVOMLMKKINFFDF98EC,保長段,5.35,都市：住
RPOPMLLKKINFFAF97EC,公館段,42.50,都市：住
RPTOMLMKKINFFDF78EC,保長段,7.82,都市：住
RPPPMLLKKINFFAF08EC,公館段,42.50,都市：住
RPQOMLMKKINFFBF08CC,自立段,.00,都市：住
RPRNMLMKKINFFBF08CC,化成段,138.46,都市：工
RPRNMLMKKINFFBF08CC,化成段,139.95,都市：工
RPPOMLMKKINFFDF18CC,北山段,20.48,都市：住
RPTOMLMKKINFFGF88CC,新海段,15.00,都市：商
RPTOMLMKKINFFGF88CC,新海段,2.29,都市：商
RPTOMLMKKINFFGF88CC,新海段,12.14,都市：商
RPTOMLMKKINFFGF88CC,新海段,9.00,都市：商
RPPOMLMKKINFFEF28CC,新巿段,12.17,都市：住
RPSPMLMKKINFFDF78EC,保長段,5.53,都市：住
RPUNMLMKKINFFCF48CC,寶橋段,.00,都市：工
RPPOMLMKKINFFAF87CC,港子嘴段,.00,都市：其他
RPSPMLNKKINFFEF78CC,公司田段,30.08,都市：住
RPPOMLNKKINFFGF58CC,重新段壹小段,10.51,都市：商
RPTOMLMKKINFFAF28CC,員和段,23.31,都市：商
RPSSMLNKKINFFEF09CC,新巿段,.00,都市：住
RPUOMLMKKINFFAF38CC,沛陂段,36.60,都市：住
RPPSMLNKKINFFEF78CC,正德段,.00,都市：住
RPPSMLNKKINFFEF78CC,正德段,.00,都市：住
RPPSMLNKKINFFEF78CC,正德段,.00,都市：住
RPQSMLNKKINFFEF88CC,水仙段,.00,都市：住
RPRTMLNKKINFFEF09CC,公司田段,18.45,非都市： ; 非都市編定：
RPSOMLNKKINFFDF78EC,保長段,6.71,都市：住
RPTOMLNKKINFFDF88EC,保長段,9.25,都市：住
RPWSMLNKKINFFBF56CC,建林段,31.57,都市：住
RPQSMLNKKINFFBF58CC,力行段,16.49,都市：住
RPOOMLNKKINFFDF38EC,保長段,5.35,都市：住
RPSNMLNKKINFFDF68EC,保長段,3.91,都市：住
RPUOMLNKKINFFDF98EC,保長段,12.64,都市：住
RPWOMLNKKINFFDF56EC,保長段,3.97,都市：住
RPPNMLNKKINFFAF87CC,力行段,.00,都市：住
RPOQMLNKKINFFAF08CC,延和段,.00,都市：住
RPSOMLNKKINFFHF98CC,南山段,.00,都市：其他
RPWOMLNKKINFFHF76CC,景華段,.00,都市：住
RPXOMLNKKINFFHF86CC,景華段,.00,都市：住
RPUPMLNKKINFFHF66CC,福美段,.00,都市：住
RPPNMLNKKINFFHF58CC,得林段,.00,都市：住
RPTNMLNKKINFFHF98CC,板南段,.00,都市：工
RPXRMLNKKINFFHF17CC,健康段,.00,都市：工
RPOQMLNKKINFFHF78CC,大新段,.00,都市：商
RPTOMLNKKINFFHF09CC,南山段,20.51,都市：住
RPOPMLNKKINFFHF68CC,烘爐地段,.00,都市：住
RPTPMLNKKINFFHF56CC,及人段,.00,都市：住
RPVPMLNKKINFFHF76CC,林森段,.00,都市：住
RPRSMLNKKINFFHF66CC,中原段,.00,都市：工
RPTSMLNKKINFFEF76EC,海天段,4.92,都市：住
RPQRMLOKKINFFEF88CC,中興段,32.33,都市：住
RPQOMLOKKINFFHF88CC,新和段,.00,都市：住
RPOOMLOKKINFFDF28CC,同新段,46.63,都市：工
RPQNMLOKKINFFEF48CC,新巿段,.00,都市：商
RPQOMLOKKINFFEF58CC,仁愛段,44.81,都市：住
RPQOMLOKKINFFEF58CC,仁愛段,11.29,都市：住
RPUPMLOKKINFFBF78CC,泰山段一小段,22.00,都市：商
RPSOMLOKKINFFDF68CC,拱北段,38.71,非都市：鄉村區 ; 非都市編定：乙種建築用地
RPOQMLRKKINFFEF88CC,新巿段,22.45,都市：住
RPROMLOKKINFFDF58CC,智興段,11.95,都市：住
RPPOMLOKKINFFDF38CC,同新段,.74,都市：工
RPPOMLOKKINFFDF38CC,昊天段,23.75,都市：工
RPOSMLRKKINFFEF09CC,海天段,6.31,都市：住
RPVQMLRKKINFFEF96CC,新巿段,23.62,都市：住
RPORMLRKKINFFEF98CC,水仙段,39.79,都市：住
RPVRMLRKKINFFEF07CC,海天段,6.31,都市：住
RPTRMLRKKINFFEF86CC,海天段,.02,都市：住
RPTRMLRKKINFFEF86CC,海天段,.00,都市：住
RPTRMLRKKINFFEF86CC,海天段,3.15,都市：住
RPTRMLRKKINFFEF86CC,海天段,.23,都市：住
RPTRMLRKKINFFEF86CC,海天段,.01,都市：住
RPQQMLRKKINFFEF09CC,新巿段,18.72,都市：住
RPUPMLRKKINFFBF09CC,雙鳳段,.00,都市：住
RPWNMLRKKINFFDF66CC,智興段,.00,都市：商
RPOOMLRKKINFFDF58CC,智興段,.00,都市：住
RPVOMLRKKINFFHF07CC,新和段,.00,都市：住
RPTOMLRKKINFFDF09CC,智興段,.00,都市：住
RPSOMLRKKINFFDF98CC,福德段,.00,都市：商
RPTQMLRKKINFFGF96CC,文化北段,.00,都市：住
RPWNMLRKKINFFIF17CC,大學段二小段,82.14,都市：住
RPWOMLRKKINFFIF27CC,大學段二小段,19.11,都市：商
RPXOMLRKKINFFIF37CC,民生段,2.63,都市：住
RPUOMLRKKINFFCF09CC,寶元段,37.45,都市：工
RPUOMLRKKINFFCF09CC,寶元段,.07,都市：其他
RPTOMLRKKINFFCF98CC,惠國段,.00,都市：住
RPWOMLSKKINFFBF86EC,國宅段,32.70,都市：住
RPVNMLSKKINFFCF56CC,惠國段,.00,都市：住
RPSOMLRKKINFFAF68CC,幸福段,.00,都市：住
RPXOMLRKKINFFAF56CC,幸福段,3.80,都市：住
RPXOMLRKKINFFAF56CC,幸福段,12.60,都市：住
RPOOMLRKKINFFAF28CC,柑林埤段,.00,都市：住
RPOPMLSKKINFFHF56CC,文化段,.00,都市：住
RPTOMLSKKINFFHF96CC,安平段,.00,都市：住
RPWOMLSKKINFFHF27CC,福和段,.00,都市：住
RPWNMLSKKINFFCF66CC,新和段,.00,都市：住
RPWNMLSKKINFFCF66CC,新和段,.00,都市：其他
RPUOMLSKKINFFHF07CC,中信段,.00,都市：住
RPPPMLSKKINFFHF66CC,橋和段,.00,都市：工
RPPRMLSKKINFFBF88CC,貴和段,.00,都市：住
RPRQMLSKKINFFHF96CC,中原段,40.30,都市：工
RPTPMLSKKINFFEF76CC,學府段,.00,都市：住
RPVOMLSKKINFFBF56CC,五工段,1004.34,非都市：工業區 ; 非都市編定：丁種建築用地
RPURMLSKKINFFEF07CC,新巿段,.00,都市：住
RPUNMLSKKINFFGF86CC,興德段,57.62,都市：工
RPUQMLSKKINFFEF96CC,新巿段,8.27,都市：住
RPSOMLSKKINFFGF76CC,中原段,.00,都市：住
RPPQMLSKKINFFAF68CC,和平段,.00,都市：住
RPPQMLSKKINFFAF68CC,和平段,.00,都市：住
RPSRMLSKKINFFEF86CC,鄧公段,.00,非都市： ; 非都市編定：
RPQPMLTKKINFFEF56CC,公司田段,.00,都市：住
RPUQMLTKKINFFEF07CC,後厝段土地公坑小段,.00,非都市：山坡地保育區 ; 非都市編定：丙種建築用地
RPRRMLTKKINFFHF17CC,永利段,.00,都市：住
RPRWMLTKKINFFHF67CC,安平段,.00,都市：住
RPSWMLTKKINFFHF77CC,興南段,.00,都市：住
RPTWMLTKKINFFHF87CC,大同段,.00,都市：住
RPQTMLTKKINFFHF27CC,華新段,.00,都市：住
RPPWMLTKKINFFHF47CC,東南段,.00,都市：住
RPWPMLTKKINFFEF37EC,公司田段,8.76,都市：住
RPUOMLTKKINFFIF27CC,挖子段,.00,非都市：山坡地保育區 ; 非都市編定：丙種建築用地
RPSNMLTKKINFFDF09CC,水源段,5.85,都市：住
RPSNMLTKKINFFDF09CC,水源段,.00,都市：住
RPPSMLTKKINFFHF27EC,水源段,.00,都市：商
RPSNMLKLKINFFHF78DC,民有段,32.53,都市：住
RPSOMLKLKINFFHF78CC,民有段,.00,都市：工
RPPNMLKLKINFFCF87CC,民安段,21.72,都市：商
RPVQMLKLKINFFBF68CC,中原段,.00,都市：住
RPQPMLKLKINFFBF08CC,陸光段,.00,都市：住
RPRSMLKLKINFFBF48CC,副都心段一小段,.00,都市：住
RPWNMLKLKINFFBF48CC,中原段,.00,都市：住
RPVNMLKLKINFFEF68CC,紅毛城段,23.14,都市：住
RPSPMLTKKINFFAF98CC,員和段,.00,都市：住
RPXPMLTKKINFFAF07EC,新雅段,.00,都市：住
RPOOMLKLKINFFDF97CC,北山段,16.52,都市：工
RPWOMLKLKINFFAF68EC,江子翠段第二崁小段,37.34,都市：住
RPWTMLKLKINFFEF76CC,馬偕段,6.81,都市：工
RPRTMLKLKINFFEF88CC,馬偕段,9.64,都市：工
RPXNMLLLKINFFDF88CC,同新段,6.73,都市：工
RPXNMLLLKINFFDF88CC,同新段,.00,都市：工
RPXNMLLLKINFFDF88CC,同新段,.00,都市：工
RPQOMLLLKINFFDF28CC,智興段,.00,都市：商
RPQOMLLLKINFFDF28CC,智興段,.00,都市：商
RPQOMLLLKINFFDF28CC,智興段,.00,都市：商
RPVPMLMLKINFFHF76CC,福和段,.00,都市：住
RPTPMLMLKINFFHF56CC,雙和段,.00,都市：住
RPTOMLLLKINFFAF28CC,文化段,32.00,都市：住
RPSOMLLLKINFFAF38EC,金城段,.00,都市：住
RPRRMLMLKINFFAF68EC,幸福段,.00,都市：住
RPPNMLNLKINFFEF38CC,馬偕段,8.62,都市：工
RPVNMLMLKINFFGF09CC,福德北段,.00,都市：住
RPQNMLNLKINFFEF48CC,公司田段,24.40,都市：住
RPPNMLNLKINFFBF08CC,建林段,32.09,都市：住
RPUQMLOLKINFFBF98CC,國宅段,14.79,都市：住
RPWOMLOLKINFFBF98CC,新豐段,9.61,都市：商
RPWQMLMLKINFFBF98CC,富國段,.00,都市：商
RPWQMLOLKINFFBF56CC,建林段,23.59,都市：商
RPWQMLOLKINFFBF56CC,建林段,.09,都市：商
RPSPMLMLKINFFBF48CC,中泰段,25.27,都市：住
RPWPMLMLKINFFBF88CC,副都心段一小段,10.84,都市：商
RPXPMLMLKINFFBF98CC,副都心段一小段,.00,都市：住
RPVPMLMLKINFFBF78CC,忠孝段,20.29,都市：住
RPQPMLMLKINFFBF28CC,忠孝段,10.37,都市：住
RPVPMLOLKINFFAF88CC,文化段,.00,都市：住
RPOPMLOLKINFFIF98CC,和平段,21.33,都市：住
RPSRMLOLKINFFEF56CC,馬偕段,.11,都市：工
RPTOMLOLKINFFIF76CC,大學段二小段,10.99,都市：住
RPOTMLPLKINFFEF09CC,新巿段,11.32,都市：住
RPSUMLPLKINFFEF96CC,新巿段,10.67,都市：商
RPTQMLOLKINFFEF56CC,海天段,.02,都市：住
RPTQMLOLKINFFEF56CC,海天段,.00,都市：住
RPTQMLOLKINFFEF56CC,海天段,2.33,都市：住
RPTQMLOLKINFFEF56CC,海天段,.17,都市：住
RPTQMLOLKINFFEF56CC,海天段,.01,都市：住
RPQVMLPLKINFFEF86CC,淡海段,.00,都市：住
RPQOMLPLKINFFHF09CC,大仁段,3.73,都市：住
RPVVMLPLKINFFEF37CC,公司田段,.00,都市：住
RPTRMLQLKINFFBF56CC,成州段,.00,都市：住
RPQPMLPLKINFFBF58CC,力行段,22.02,都市：住
RPSRMLPLKINFFBF98CC,自立段,.00,都市：商
RPOSMLQLKINFFBF78CC,明志段,.00,都市：住
RPURMLQLKINFFBF66CC,德音段,.00,都市：其他
RPQNMLPLKINFFDF58CC,智興段,22.67,都市：住
RPROMLPLKINFFGF09CC,富貴段,.00,都市：住
RPQVMLPLKINFFGF07CC,中興段,.00,都市：工
RPSVMLPLKINFFGF27CC,重陽段,.00,都市：住
RPVNMLQLKINFFGF86CC,保佑段,.00,都市：其他
RPRNMLQLKINFFGF09CC,保佑段,.00,都市：其他
RPPNMLQLKINFFGF88CC,保佑段,.00,都市：其他
RPTNMLQLKINFFGF66CC,保佑段,.00,都市：其他
RPSNMLQLKINFFGF56CC,保佑段,.00,都市：其他
RPWNMLQLKINFFGF96CC,保佑段,.00,都市：其他
RPXNMLQLKINFFGF07CC,保佑段,.00,都市：其他
RPOOMLQLKINFFGF88CC,保佑段,.00,都市：其他
RPPOMLQLKINFFGF98CC,保佑段,.00,都市：其他
RPROMLQLKINFFGF56CC,保佑段,.00,都市：其他
RPQOMLQLKINFFGF09CC,保佑段,.00,都市：其他
RPVOMLQLKINFFGF96CC,保佑段,.00,都市：其他
RPTOMLQLKINFFGF76CC,保佑段,.00,都市：其他
RPXQMLQLKINFFAF76CC,重慶段,.00,都市：住
RPSRMLQLKINFFAF98CC,力行段,.00,都市：住
RPOPMLQLKINFFGF98CC,保佑段,.00,都市：其他
RPRPMLQLKINFFGF66CC,保佑段,.00,都市：其他
RPQPMLQLKINFFGF56CC,保佑段,.00,都市：其他
RPSPMLQLKINFFGF76CC,保佑段,.00,都市：其他
RPVPMLQLKINFFGF07CC,保佑段,.00,都市：其他
RPTPMLQLKINFFGF86CC,保佑段,.00,都市：其他
RPXOMLQLKINFFGF17CC,保佑段,.00,都市：其他
RPUOMLQLKINFFGF86CC,保佑段,.00,都市：其他
RPOQMLQLKINFFGF09CC,保佑段,.00,都市：其他
RPRQMLQLKINFFGF76CC,保佑段,.00,都市：其他
RPSQMLQLKINFFGF86CC,保佑段,.00,都市：其他
RPPQMLQLKINFFGF56CC,保佑段,.00,都市：其他
RPWPMLQLKINFFGF17CC,保佑段,.00,都市：其他
RPRRMLQLKINFFGF86CC,保佑段,.00,都市：其他
RPSRMLQLKINFFGF96CC,保佑段,.00,都市：其他
RPORMLQLKINFFGF56CC,保佑段,.00,都市：其他
RPURMLQLKINFFGF17CC,保佑段,.00,都市：其他
RPOSMLQLKINFFGF66CC,保佑段,.00,都市：其他
RPWRMLQLKINFFGF37CC,保佑段,.00,都市：其他
RPVRMLQLKINFFGF27CC,保佑段,.00,都市：其他
RPPRMLQLKINFFGF66CC,保佑段,.00,都市：其他
RPUQMLQLKINFFGF07CC,保佑段,.00,都市：其他
RPSTMLQLKINFFEF96CC,新興段,4.14,都市：住
RPWSMLQLKINFFEF27CC,新巿段,8.07,都市：住
RPPTMLQLKINFFEF66CC,公司田段,17.38,都市：住
RPPUMLQLKINFFGF96CC,永德段,.00,都市：住
RPTTMLQLKINFFEF07CC,新興段,4.14,都市：住
RPUOMLQLKINFFHF96CC,興南段,.00,都市：住
RPPSMLQLKINFFGF76CC,保佑段,.00,都市：其他
RPPPMLQLKINFFHF56CC,民治段,.00,都市：住
RPWOMLQLKINFFHF17CC,大新段,.00,都市：住
RPUQMLQLKINFFHF17CC,中正段,.00,都市：商
RPUQMLQLKINFFHF17CC,中正段,.00,都市：住
RPXPMLQLKINFFHF37CC,秀峰段,.00,都市：住
RPPQMLQLKINFFHF66CC,秀峰段,.00,都市：住
RPVNMLQLKINFFHF07DC,民富段,18.00,都市：工
RPTQMLQLKINFFGF96CC,保佑段,.00,都市：其他
RPOOMLRLKINFFHF66EC,信義段,9.42,都市：住
RPPOMLRLKINFFIF86EC,鎮前段,.00,都市：住
RPQSMLRLKINFFEF76CC,公司田段,27.32,都市：住
RPRSMLQLKINFFAF56EC,振興段,24.49,都市：住
RPWOMLRLKINFFBF66CC,新工段二小段,26.00,非都市：工業區 ; 非都市編定：丁種建築用地
RPSSMLQLKINFFAF66EC,民生段,30.76,都市：住
RPURQLRLKINFFAF27EC,民權段,27.94,都市：住
RPURQLRLKINFFAF27EC,民權段,1.68,都市：其他
RPUOMLRLKINFFAF98CC,重慶段,22.00,都市：其他
RPVRQLRLKINFFAF37EC,沛陂段,.00,都市：住
RPWSQLRLKINFFAF57EC,延和段,.00,都市：住
RPPNMLRLKINFFAF58EC,員福段,.00,都市：工
RPVSQLRLKINFFAF47EC,瑞興段,.00,都市：住
RPQQMLSLKINFFBF98CC,麗林段,.00,都市：商
RPQSQLRLKINFFAF76CC,學林段,23.08,都市：住
RPRPMLRLKINFFBF88CC,麗林段,.00,都市：住
RPPTMLSLKINFFBF56CC,富國段,.00,都市：商
RPQTMLSLKINFFBF66CC,光榮段,.00,都市：住
RPQOMLSLKINFFEF09CC,沙崙段,4.48,都市：住
RPPOMLSLKINFFEF98CC,淡海段,28.55,都市：住
RPRNMLSLKINFFDF98CC,智興段,.00,都市：商
RPXNMLSLKINFFDF96CC,昊天段,31.47,都市：工
RPXNMLSLKINFFDF96CC,同新段,.98,都市：工
RPSNMLSLKINFFDF09CC,智興段,.00,都市：商
RPPOMLSLKINFFDF88CC,江北段,.00,都市：住
RPUNMLSLKINFFDF66CC,北山段,86.92,都市：工
RPTPMLSLKINFFEF86CC,新巿段,8.07,都市：商
RPUQMLSLKINFFAF66CC,文化段,.00,都市：住
RPQQMLSLKINFFGF86CC,保佑段,.00,都市：其他
RPXQMLSLKINFFGF57CC,保佑段,.00,都市：其他
RPOSMLSLKINFFGF86CC,保佑段,.00,都市：其他
RPORMLSLKINFFGF76CC,保佑段,.00,都市：其他
RPQRMLSLKINFFGF96CC,保佑段,.00,都市：其他
RPTRMLSLKINFFGF27CC,保佑段,.00,都市：其他
RPTQMLSLKINFFGF17CC,保佑段,.00,都市：其他
RPVNMLSLKINFFGF07CC,保佑段,.00,都市：其他
RPXRMLSLKINFFGF67CC,保佑段,.00,都市：其他
RPQSMLSLKINFFGF07CC,保佑段,.00,都市：其他
RPPSMLSLKINFFGF96CC,保佑段,.00,都市：其他
RPXOMLSLKINFFIF77EC,中正段,16.54,都市：住
RPSWMLSLKINFFGF67CC,重新段壹小段,.00,都市：住
RPPOMLSLKINFFBF78DC,榮和段,20.57,都市：住
RPUPMLSLKINFFHF27CC,安樂段,.00,都市：住
RPSOMLSLKINFFHF96CC,圓通段,.00,都市：住
RPUOMLSLKINFFHF17CC,安邦段,.00,都市：工
RPRPMLSLKINFFHF96CC,保平段,.00,都市：商
RPPNMLKMKINFFHF48CC,永平段,2.03,都市：住
RPPNMLKMKINFFHF48CC,永平段,1.62,都市：住
RPPNMLKMKINFFHF48CC,永平段,.01,都市：住
RPXRMLSLKINFFAF27EC,文化段,.00,都市：住
RPQNMLKMKINFFHF58CC,捷運段,.00,都市：其他
RPRNMLLMKINFFEF48CC,海天段,.02,都市：住
RPRNMLLMKINFFEF48CC,海天段,.00,都市：住
RPRNMLLMKINFFEF48CC,海天段,2.62,都市：住
RPRNMLLMKINFFEF48CC,海天段,.19,都市：住
RPRNMLLMKINFFEF48CC,海天段,.01,都市：住
RPQNMLLMKINFFDF28CC,智興段,.00,都市：住
RPQNMLLMKINFFDF28CC,智興段,.00,都市：其他
RPPNMLLMKINFFDF18CC,智興段,.00,都市：商
RPPNMLLMKINFFDF18CC,智興段,.00,都市：住
RPRNMLLMKINFFDF38CC,智興段,.00,都市：住
RPVRMLMJJHOFFEF98CC,公司田段,.00,都市：住
RPPOMLMJJHOFFEF08CC,公司田段,27.00,都市：住
RPPNMLLJJHOFFEF87CC,中田寮段桂花樹小段,23.82,非都市：特定農業區 ; 非都市編定：甲種建築用地
RPQNMLLJJHOFFEF97CC,新巿段,8.47,都市：住
RPRNMLLJJHOFFEF08CC,新巿段,27.57,都市：住
RPPOMLMJJHOFFBF77CC,榮富段,.00,都市：住
RPOPMLMJJHOFFBF77CC,力行段,36.84,都市：商
RPQPMLMJJHOFFDF18CC,智興段,6.21,都市：住
RPXOMLMJJHOFFDF78CC,中正段,138.00,都市：住
RPWOMLMJJHOFFDF68CC,智興段,.00,都市：商
RPWOMLMJJHOFFDF68CC,智興段,.00,都市：住
RPTNMLMJJHOFFDF28CC,同新段,23.99,都市：工
RPQNMLMJJHOFFDF97CC,保安段,33.55,都市：工
RPSNMLMJJHOFFDF18CC,北山段,12.88,都市：工
RPVNMLMJJHOFFBF38DC,副都心段一小段,.00,都市：商
RPOPMLMJJHOFFGF48EC,頂崁段,.00,都市：工
RPXOMLMJJHOFFHF56CC,板南段,.00,都市：工
RPWNMLMJJHOFFHF98CC,健康段,117.84,都市：工
RPWQMLMJJHOFFHF66CC,圓通段,.00,都市：住
RPWQMLMJJHOFFHF66CC,圓通段,.00,都市：其他
RPVPMLMJJHOFFHF09CC,莒光段,11.38,都市：住
RPVOMLMJJHOFFHF98CC,板南段,.00,都市：工
RPXSMLNJJHOFFEF86DC,新巿段,22.90,都市：住
RPSPMLNJJHOFFDF48CC,北山段,.00,都市：住
RPSPMLNJJHOFFDF48CC,北山段,.00,都市：商
RPXQMLNJJHOFFEF56CC,正德段,.00,都市：住
RPUOMLNJJHOFFHF98CC,瓦段,.00,都市：住
RPVOMLNJJHOFFHF09CC,南工段,.00,都市：商
RPOTMLNJJHOFFEF58CC,中山段,.00,都市：住
RPPRMLNJJHOFFCF28CC,中央段,31.50,都市：住
RPTTMLNJJHOFFEF09CC,新興段,.00,都市：住
RPXOMLNJJHOFFCF78CC,安和段,.00,都市：住
RPXOMLNJJHOFFCF78CC,安和段,.00,都市：商
RPUTMLNJJHOFFEF56CC,仁愛段,.00,都市：住
RPVTMLNJJHOFFEF66CC,新巿段,.00,都市：住
RPWTMLNJJHOFFEF76CC,淡海段,36.27,都市：住
RPUUMLOJJHOFFEF76CC,海天段,.02,都市：住
RPUUMLOJJHOFFEF76CC,海天段,.00,都市：住
RPUUMLOJJHOFFEF76CC,海天段,3.19,都市：住
RPUUMLOJJHOFFEF76CC,海天段,.23,都市：住
RPUUMLOJJHOFFEF76CC,海天段,.01,都市：住
RPVTMLOJJHOFFEF76CC,海天段,.02,都市：住
RPVTMLOJJHOFFEF76CC,海天段,.00,都市：住
RPVTMLOJJHOFFEF76CC,海天段,2.33,都市：住
RPVTMLOJJHOFFEF76CC,海天段,.17,都市：住
RPVTMLOJJHOFFEF76CC,海天段,.01,都市：住
RPXNMLNJJHOFFIF66CC,尖山腳段,.00,都市：住
RPUOMLOJJHOFFBF48CC,五工段,.00,非都市：工業區 ; 非都市編定：丁種建築用地
RPSOMLOJJHOFFBF28CC,林口段,104.73,都市：商
RPOQMLOJJHOFFBF08CC,建林段,17.19,都市：住
RPPOMLOJJHOFFGF48CC,福德南段,.00,都市：住
RPPOMLOJJHOFFGF48CC,福德南段,.00,都市：商
RPQPMLOJJHOFFAF08CC,大庭段,.00,都市：住
RPWRMLOJJHOFFAF88CC,信義段,.00,都市：工
RPTNMLOJJHOFFIF98CC,大學段一小段,23.89,都市：住
RPPNMLPJJHOFFDF18CC,新峰段,.00,都市：住
RPQNMLPJJHOFFDF28CC,新峰段,23.25,都市：住
RPWOMLMJJHOFFAF58EC,力行段,26.33,都市：住
RPOOMLMJJHOFFAF57CC,忠義段,402.54,都市：工
RPROMLMJJHOFFAF87CC,永和段,1350.00,都市：工
RPRNMLPJJHOFFDF38CC,新峰段,2.74,都市：住
RPOOMLOJJHOFFHF48CC,莒光段,.00,都市：住
RPPOMLOJJHOFFHF58CC,秀峰段,.00,都市：住
RPPNMLQJJHOFFEF38CC,公司田段,19.13,都市：住
RPOOMLRJJHOFFEF48CC,淡海段,19.02,都市：住
RPQPMLRJJHOFFEF78CC,新巿段,8.71,都市：商
RPSOMLRJJHOFFEF88CC,馬偕段,9.07,都市：工
RPQNMLQJJHOFFEF48CC,新巿段,7.98,都市：商
RPWNMLRJJHOFFGF76CC,保佑段,.00,都市：其他
RPOOMLRJJHOFFGF68CC,保佑段,.00,都市：其他
RPXNMLRJJHOFFGF86CC,保佑段,.00,都市：其他
RPTNMLRJJHOFFGF09CC,保佑段,.00,都市：其他
RPROMLRJJHOFFGF98CC,保佑段,.00,都市：其他
RPSOMLRJJHOFFGF09CC,保佑段,.00,都市：其他
RPPOMLRJJHOFFGF78CC,保佑段,.00,都市：其他
RPVNMLRJJHOFFGF66CC,保佑段,.00,都市：其他
RPQOMLRJJHOFFGF88CC,保佑段,.00,都市：其他
RPXOMLRJJHOFFBF09CC,昌隆段,27.65,都市：住
RPUOMLRJJHOFFGF66CC,保佑段,.00,都市：其他
RPOPMLRJJHOFFGF78CC,保佑段,.00,都市：其他
RPUNMLRJJHOFFGF56CC,保佑段,.00,都市：其他
RPWOMLRJJHOFFGF86CC,保佑段,.00,都市：其他
RPXOMLRJJHOFFGF96CC,保佑段,.00,都市：其他
RPVOMLRJJHOFFGF76CC,保佑段,.00,都市：其他
RPUOMLRJJHOFFBF78CC,富國段,16.59,都市：住
RPSPMLRJJHOFFGF56CC,重陽段,.00,都市：住
RPPPMLRJJHOFFBF38CC,信華段一小段,31.37,都市：住
RPOPMLRJJHOFFBF28CC,榮富段,10.75,都市：住
RPQQMLSJJHOFFIF76CC,大學段一小段,.00,都市：商
RPWPMLRJJHOFFBF56DC,復興段,.00,都市：住
RPUPMLRJJHOFFBF88CC,副都心段一小段,14.09,都市：商
RPVNMLRJJHOFFBF88DC,和平段,.00,都市：住
RPWOMLRJJHOFFCF09CC,安興段,11518.31,都市：工
RPSOMLSJJHOFFHF66CC,雙和段,3.08,都市：住
RPSOMLSJJHOFFHF66CC,雙和段,6.12,都市：商
RPRNMLSJJHOFFHF09CC,錦和段,.00,都市：住
RPVOMLSJJHOFFHF96CC,信義段,14.07,都市：住
RPQOMLSJJHOFFHF09CC,雙和段,11.49,都市：住
RPQOMLSJJHOFFHF09CC,雙和段,23.63,都市：住
RPQOMLSJJHOFFHF09CC,雙和段,.76,都市：住
RPWOMLSJJHOFFHF07CC,錦和段,.00,都市：住
RPXOMLSJJHOFFHF17CC,安邦段,21.81,都市：住
RPPPMLSJJHOFFHF09CC,保平段,.00,都市：住
RPQQMLSJJHOFFHF66CC,大同段,.00,都市：住
RPRQMLSJJHOFFHF76CC,安平段,.00,都市：住
RPRPMLSJJHOFFHF66CC,秀峰段,.00,都市：住
RPSQMLSJJHOFFHF86CC,大同段,.00,都市：住
RPPQMLSJJHOFFIF86EC,博愛段,.00,都市：商
RPQRMLSJJHOFFBF78CC,行政段,.00,都市：住
RPXOMLSJJHOFFCF66CC,莊敬段,.00,都市：其他
RPXOMLSJJHOFFCF66CC,莊敬段,.00,都市：其他
RPQSMLSJJHOFFBF88CC,安和段,.00,都市：工
RPVOMLSJJHOFFBF98CC,五工段,1293.49,非都市：工業區 ; 非都市編定：丁種建築用地
RPPNMLSJJHOFFGF78CC,菜寮段,.00,都市：住
RPQQMLSJJHOFFGF56CC,文化北段,.00,都市：商
RPQQMLSJJHOFFGF56CC,文化北段,.00,都市：商
RPQQMLSJJHOFFGF56CC,文化北段,.00,都市：住
RPPQMLSJJHOFFEF88CC,新巿段,8.16,都市：商
RPRSMLSJJHOFFEF66CC,淡海段,.00,都市：住
RPSSMLSJJHOFFEF76CC,關渡段,.00,都市：住
RPQRMLTJJHOFFEF56CC,飛歌段,32.99,都市：住
RPSOMLSJJHOFFDF88CC,建成段,.00,都市：住
RPUNMLTJJHOFFHF86CC,景華段,.00,都市：商
RPUOMLTJJHOFFHF96CC,景華段,.00,都市：住
RPVNMLSJJHOFFAF78CC,中山段,.00,都市：住
RPVOMLTJJHOFFHF07CC,福美段,.00,都市：其他
RPUOMLSJJHOFFAF78CC,清水段,.00,都市：住
RPWPMLSJJHOFFAF09CC,江子翠段第三崁小段,.00,都市：住
RPVOMLSJJHOFFAF88CC,沛陂段,.00,都市：住
RPXPMLSJJHOFFAF56CC,力行段,.00,都市：住
RPQNMLTJJHOFFIF76EC,尖山腳段,.00,都市：住
RPUNMLTJJHOFFAF78CC,江子翠段第二崁小段,.00,都市：住
RPTQMLKKJHOFFBF28CC,力行段,21.87,都市：商
RPSQMLTJJHOFFAF98DC,府中段,6.96,都市：住
RPXQMLTJJHOFFAF96EC,江子翠段第三崁小段,.00,都市：住
RPXOMLKKJHOFFCF58CC,復興段,40.30,都市：工
RPPNMLKKJHOFFIF28CC,大學段二小段,17.05,都市：住
RPQNMLKKJHOFFEF97CC,公司田段,5.80,都市：住
RPSNMLKKJHOFFEF18CC,新巿段,8.47,都市：住
RPXQMLKKJHOFFEF98CC,關渡段,.00,都市：住
RPXQMLKKJHOFFEF98CC,關渡段,.00,都市：其他
RPTRMLKKJHOFFEF68CC,海鷗段,.00,都市：住
RPTRMLKKJHOFFEF68CC,海鷗段,.00,都市：住
RPRNMLKKJHOFFEF08CC,公司田段,28.85,都市：住
RPQPMLLKJHOFFEF28CC,海天段,7.02,都市：住
RPTNMLKKJHOFFEF28CC,公司田段,19.94,都市：住
RPRPMLLKJHOFFEF38CC,新巿段,22.32,都市：住
RPSPMLLKJHOFFEF48CC,馬偕段,6.81,都市：工
RPSNMLKKJHOFFIF58CC,大學段二小段,12.09,都市：商
RPQNMLKKJHOFFIF38CC,大學段二小段,18.24,都市：住
RPSQMLLKJHOFFGF78CC,大同南段,.00,都市：住
RPUQMLLKJHOFFGF98CC,光華段,.00,都市：住
RPVQMLLKJHOFFGF09CC,成功段,.00,都市：住
RPVQMLLKJHOFFEF88CC,新巿段,.00,都市：住
RPUPMLLKJHOFFEF68CC,馬偕段,6.70,都市：工
RPVPMLLKJHOFFEF78CC,天生段,.00,都市：住
RPPQMLLKJHOFFEF28CC,紅毛城段,42.26,都市：住
RPUQMLLKJHOFFEF78CC,飛歌段,22.70,都市：住
RPWQMLLKJHOFFEF98CC,仁愛段,.00,都市：住
RPXQMLLKJHOFFEF09CC,中山段,.00,都市：住
RPPPMLLKJHOFFBF87CC,安泰段,.00,都市：工
RPWOMLLKJHOFFBF48CC,恒安段,.00,都市：住
RPTNMLLKJHOFFIF78CC,復興段,.00,都市：商
RPVSMLLKJHOFFBF78CC,佳林段,.00,都市：住
RPXSMLLKJHOFFAF88CC,港子嘴段,.00,都市：住
RPTOMLLKJHOFFBF18CC,力行段,.00,都市：住
RPOOMLMKJHOFFHF38CC,中原段,.00,都市：工
RPOOMLMKJHOFFHF38CC,中原段,.00,都市：工
RPSNMLMKJHOFFBF08CC,行政段,18.45,都市：住
RPTNMLMKJHOFFBF18CC,建林段,18.66,都市：住
RPUNMLMKJHOFFBF28CC,國宅段,22.39,都市：住
RPPNMLNKJHOFFEF18CC,學府段,33.68,都市：住
RPSNMLNKJHOFFEF48CC,中興段,4.81,都市：住
RPPNMLMKJHOFFDF97CC,新峰段,.00,都市：住
RPXNMLOKJHOFFEF09CC,正德段,.00,都市：住
RPSOMLNKJHOFFEF58CC,公司田段,12.97,都市：住
RPSNMLOKJHOFFEF58CC,公司田段,.00,都市：住
RPPQMLLKJHOFFDF38EC,保長段,6.64,都市：住
RPUNMLLKJHOFFDF38CC,昊天段,.00,都市：工
RPPOMLLKJHOFFDF97CC,北山段,9.23,都市：住
RPPPMLLKJHOFFDF08CC,昊天段,22.71,都市：工
RPSOMLOKJHOFFGF88CC,福德南段,.00,都市：商
RPSOMLOKJHOFFGF88CC,福德南段,.00,都市：商
RPXPMLOKJHOFFEF66CC,正德段,.00,都市：住
RPPPMLOKJHOFFBF18CC,副都心段一小段,.00,都市：商
RPPOMLOKJHOFFDF28CC,大同段,.00,都市：住
RPUNMLOKJHOFFDF68CC,北山段,.00,都市：住
RPOOMLOKJHOFFDF18CC,金龍段,.00,都市：住
RPWNMLOKJHOFFHF76DC,保平段,23.15,都市：住
RPVPMLOKJHOFFHF76CC,福祥段,.00,都市：住
RPVPMLOKJHOFFHF76CC,福祥段,.00,都市：商
RPVPMLOKJHOFFHF76CC,福祥段,.00,都市：住
RPVQMLOKJHOFFHF86CC,四維段,.00,都市：住
RPVNMLOKJHOFFIF66CC,國慶段,142.00,都市：住
RPQNMLOKJHOFFIF78CC,大同段,.00,都市：商
RPUOMLPKJHOFFCF78CC,安和段,12.46,都市：住
RPTNMLOKJHOFFCF48CC,寶興段,.00,都市：工
RPTNMLOKJHOFFCF48CC,寶興段,.00,都市：工
RPWNMLPKJHOFFDF56EC,保長段,3.91,都市：住
RPVNMLPKJHOFFDF09EC,保長段,5.35,都市：住
RPROMLPKJHOFFDF78EC,保長段,5.54,都市：住
RPOOMLPKJHOFFDF48EC,保長段,8.47,都市：住
RPQOMLPKJHOFFDF68EC,保長段,7.56,都市：住
RPTQMLOKJHOFFAF78EC,篤行段,306.55,都市：其他
RPTQMLOKJHOFFAF78EC,篤行段,.00,都市：其他
RPOPMLOKJHOFFAF97CC,樂利段,.00,都市：住
RPSPMLPKJHOFFGF09CC,保佑段,.00,都市：其他
RPRPMLPKJHOFFGF98CC,保佑段,.00,都市：其他
RPTPMLPKJHOFFGF56CC,保佑段,.00,都市：其他
RPTNMLPKJHOFFDF68CC,智興段,14.14,都市：商
RPQPMLPKJHOFFGF88CC,保佑段,.00,都市：其他
RPVPMLPKJHOFFGF76CC,保佑段,.00,都市：其他
RPUPMLPKJHOFFGF66CC,保佑段,.00,都市：其他
RPVPMLOKJHOFFAF68CC,力行段,18.43,都市：住
RPXPMLPKJHOFFGF96CC,保佑段,.00,都市：其他
RPOQMLPKJHOFFGF78CC,保佑段,.00,都市：其他
RPQPMLOKJHOFFAF18CC,海山段,.00,都市：住
RPUQMLOKJHOFFAF68CC,幸福段,.00,都市：住
RPUQMLOKJHOFFAF68CC,江子翠段溪頭小段,.00,都市：住
RPWPMLPKJHOFFGF86CC,保佑段,.00,都市：其他
RPPQMLPKJHOFFGF88CC,保佑段,.00,都市：其他
RPQQMLPKJHOFFGF98CC,保佑段,.00,都市：其他
RPUQMLPKJHOFFGF76CC,保佑段,.00,都市：其他
RPTQMLPKJHOFFGF66CC,保佑段,.00,都市：其他
RPQRMLPKJHOFFGF09CC,保佑段,.00,都市：其他
RPORMLPKJHOFFGF88CC,保佑段,.00,都市：其他
RPWQMLPKJHOFFGF96CC,保佑段,.00,都市：其他
RPPRMLPKJHOFFGF98CC,保佑段,.00,都市：其他
RPURMLPKJHOFFGF86CC,保佑段,.00,都市：其他
RPVRMLPKJHOFFGF96CC,保佑段,.00,都市：其他
RPXOMLQKJHOFFEF76CC,正德段,.00,非都市： ; 非都市編定：
RPXOMLQKJHOFFEF76CC,正德段,.00,非都市： ; 非都市編定：
RPQRMLPKJHOFFEF88CC,新巿段,28.44,都市：住
RPWRMLPKJHOFFGF07CC,保佑段,.00,都市：其他
RPQOMLQKJHOFFGF88CC,永德段,.00,都市：住
RPQOMLQKJHOFFGF88CC,永德段,.00,都市：住
RPVNMLQKJHOFFGF66CC,重陽段,21.60,都市：住
RPXQMLQKJHOFFEF96CC,新興段,.00,都市：住
RPXQMLQKJHOFFEF96CC,新興段,.00,都市：其他
RPTQMLQKJHOFFBF88CC,貴和段,.00,都市：住
RPOQMLQKJHOFFBF38CC,榮富段,.00,都市：住
RPOQMLQKJHOFFBF38CC,榮富段,.00,都市：住
RPQQMLQKJHOFFEF88CC,樹興段,.00,非都市：山坡地保育區 ; 非都市編定：丙種建築用地
RPQQMLQKJHOFFEF88CC,樹興段,.00,非都市：山坡地保育區 ; 非都市編定：丙種建築用地
RPUPMLQKJHOFFDF09CC,八連段,.00,非都市：山坡地保育區 ; 非都市編定：丙種建築用地
RPSQMLQKJHOFFHF76CC,莊敬段,.00,都市：商
RPSOMLQKJHOFFGF09CC,正義段,.00,都市：住
RPWOMLRKJHOFFDF86EC,保長段,3.91,都市：住
RPPPMLRKJHOFFDF68CC,智興段,21.31,都市：住
RPQNMLRKJHOFFHF98CC,中興段,.00,都市：住
RPPNMLRKJHOFFHF88CC,福祥段,.00,都市：住
RPQQMLRKJHOFFBF68CC,中原段,33.13,都市：住
RPTOMLSKJHOFFBF88CC,菁埔段樹林口小段,411.67,都市：住
RPROMLSKJHOFFBF68CC,新豐段,18.50,都市：商
RPWSMLQKJHOFFAF66CC,江子翠段第三崁小段,.00,都市：住
RPPPMLRKJHOFFAF58EC,安和段,30.57,都市：住
RPXNMLSKJHOFFDF76CC,同新段,11.99,都市：工
RPXQMLSKJHOFFBF86CC,泰山段一小段,.00,都市：住
RPVNMLSKJHOFFDF56CC,同新段,28.35,都市：工
RPVUMLSKJHOFFEF37CC,新巿段,7.77,都市：住
RPVNMLSKJHOFFAF88CC,亞東段,.00,都市：住
RPTUMLSKJHOFFEF17CC,海鷗段,.00,都市：住
RPROMLSKJHOFFHF76DC,秀峰段,15.38,都市：住
RPVOMLSKJHOFFAF98CC,大豐段,23.83,都市：住
RPRPMLSKJHOFFAF68CC,安和段,28.58,都市：住
RPXOMLSKJHOFFAF56CC,民權段,.00,都市：住
RPQOMLTKJHOFFHF66CC,連城段,.00,都市：住
RPROMLTKJHOFFHF76CC,莒光段,.00,都市：住
RPPOMLSKJHOFFCF58CC,寶興段,.00,都市：住
RPSOMLSKJHOFFCF88CC,蘭溪段,.00,都市：住
RPSOMLTKJHOFFHF86CC,南勢段,.00,都市：住
RPTOMLTKJHOFFHF96CC,頂溪段,.00,都市：住
RPUPMLSKJHOFFHF07CC,捷運段,.00,都市：住
RPOPMLSKJHOFFHF09CC,新和段,.00,都市：住
RPUOMLSKJHOFFHF96CC,保健段,.00,都市：住
RPWNMLSKJHOFFHF07CC,板南段,.00,都市：工
RPVOMLTKJHOFFHF17CC,民治段,.00,都市：商
RPWOMLTKJHOFFHF27CC,中和段,.00,都市：住
RPQPMLTKJHOFFHF76CC,仁和段,.00,都市：住
RPOPMLTKJHOFFHF56CC,安邦段,17.01,都市：住
RPPPMLTKJHOFFHF66CC,民樂段,.00,都市：住
RPXOMLTKJHOFFHF37CC,華中段,42.74,都市：住
RPRNMLTKJHOFFIF96EC,圳生段,1425.10,都市：工
RPRPMLTKJHOFFHF86CC,板南段,.00,都市：工
RPROMLTKJHOFFEF66EC,公司田段,8.76,都市：住
RPSPMLTKJHOFFHF96CC,橋和段,.00,都市：工
RPQOMLTKJHOFFEF56EC,公司田段,8.76,都市：住
RPPOMLTKJHOFFEF88CC,新興段,4.64,都市：住
RPPOMLTKJHOFFEF88CC,新興段,1.02,都市：住
RPQOMLTKJHOFFEF98CC,新興段,4.64,都市：住
RPQOMLTKJHOFFEF98CC,新興段,1.02,都市：住
RPSOMLTKJHOFFEF56CC,新興段,5.76,都市：住
RPVOMLTKJHOFFBF56CC,鴻福段,658.04,都市：工
RPUOMLTKJHOFFBF09CC,五工段,.00,非都市：工業區 ; 非都市編定：丁種建築用地
RPUPMLTKJHOFFBF56CC,建林段,.09,都市：商
RPUPMLTKJHOFFBF56CC,建林段,11.09,都市：商
RPPNMLTKJHOFFGF98CC,正民段,.00,都市：住
RPWOMLLLJHOFFGF09CC,成功段,.00,都市：住
RPXPMLLLJHOFFBF78CC,成福段,.00,都市：住
RPVQMLLLJHOFFBF68CC,光榮段,.00,都市：住
RPVNMLLLJHOFFBF38CC,陸光段,.00,都市：住
RPQQMLLLJHOFFBF18CC,國宅段,6.63,都市：住
RPVPMLLLJHOFFBF58CC,化成段,298.71,都市：工
RPVPMLLLJHOFFBF58CC,化成段,61.86,都市：工
RPPRMLLLJHOFFEF48CC,公司田段,.00,都市：住
RPTPMLLLJHOFFBF38CC,工二段,1459.00,都市：工
RPXQMLTKJHOFFBF96CC,陸光段,.00,都市：住
RPWNMLLLJHOFFHF09CC,連城段,4444.19,都市：住
RPROMLLLJHOFFHF68CC,莊敬段,.00,都市：商
RPXNMLLLJHOFFHF56CC,永安段,.00,都市：住
RPQQMLLLJHOFFHF78CC,林森段,.00,都市：住
RPPOMLLLJHOFFHF48CC,秀峰段,.00,都市：住
RPORMLLLJHOFFIF78CC,大學段一小段,5.34,都市：住
RPSNMLMLJHOFFGF78DC,永德段,18.80,都市：住
RPXTMLLLJHOFFEF86CC,龍米段,.00,都市：住
RPSPMLLLJHOFFDF48CC,昊天段,115.13,都市：工
RPSPMLLLJHOFFDF48CC,昊天段,102.49,都市：工
RPSPMLLLJHOFFDF48CC,昊天段,102.49,都市：工
RPSPMLLLJHOFFDF48CC,昊天段,115.13,都市：工
RPTSMLLLJHOFFEF98CC,海鷗段,.00,都市：住
RPWNMLLLJHOFFDF88EC,福德段,.00,都市：住
RPUPMLMLJHOFFIF66CC,大同段,.00,都市：住
RPTNMLMLJHOFFIF98CC,安溪段,.00,都市：住
RPXQMLMLJHOFFHF96CC,大新段,.00,都市：住
RPUNMLMLJHOFFEF68CC,中正段,23.26,都市：住
RPRNMLMLJHOFFEF38CC,公司田段,23.87,都市：商
RPSNMLMLJHOFFCF28CC,民權段,58.84,都市：其他
RPPQMLMLJHOFFGF68CC,重新段壹小段,.00,都市：商
RPOOMLMLJHOFFGF38CC,忠孝段,.00,都市：住
RPWPMLMLJHOFFEF09CC,新興段,.00,都市：住
RPRPMLMLJHOFFEF58CC,海天段,6.32,都市：住
RPTNMLMLJHOFFDF48CC,智興段,.00,都市：商
RPTPMLMLJHOFFDF68CC,水源段,2164.79,都市：住
RPTPMLMLJHOFFDF68CC,水源段,12.13,都市：其他
RPQQMLMLJHOFFBF28CC,陸光段,.00,都市：住
RPOSMLMLJHOFFBF28CC,陸光段,.00,都市：住
RPVSMLMLJHOFFBF98CC,力行段,.00,都市：商
RPWSMLMLJHOFFBF09CC,民安段,.00,都市：住
RPUOMLLLJHOFFAF48EC,員和段,178.41,都市：工
RPSRMLLLJHOFFAF38CC,光華段,.00,都市：住
RPXSMLMLJHOFFBF56CC,榮富段,.00,都市：住
RPVPMLMLJHOFFAF58CC,江子翠段第二崁小段,.00,都市：住
RPPPMLLLJHOFFAF08EC,沛陂段,.00,都市：住
RPWPMLMLJHOFFAF68CC,光仁段,.00,都市：住
RPOPMLNLJHOFFBF08CC,五工段,.00,非都市：工業區 ; 非都市編定：丁種建築用地
RPWRMLNLJHOFFBF09CC,立德段,.00,都市：住
RPRNMLNLJHOFFDF38CC,金龍段,2788.89,都市：住
RPROMLNLJHOFFEF58CC,淡海段,.00,都市：住
RPVOMLNLJHOFFEF98CC,淡海段,39.62,都市：住
RPURMLNLJHOFFEF56CC,紅毛城段,24.57,都市：住
RPSNMLNLJHOFFDF48CC,智興段,.00,都市：商
RPXNMLNLJHOFFDF98CC,水源段,3903.39,都市：住
RPXNMLNLJHOFFDF98CC,水源段,1.50,都市：其他
RPOPMLNLJHOFFEF38CC,淡海段,27.09,都市：住
RPTQMLNLJHOFFEF98CC,新興段,9.10,都市：住
RPXRMLNLJHOFFEF86CC,正德段,4.91,都市：住
RPVRMLNLJHOFFEF66CC,中興段,.00,都市：住
RPOSMLNLJHOFFEF68CC,新巿段,8.12,都市：住
RPXOMLNLJHOFFIF96CC,中正段,.00,都市：住
RPSPMLNLJHOFFCF58CC,寶橋段,332.10,都市：工
RPROMLOLJHOFFCF48CC,福園段,41.32,都市：住
RPQPMLNLJHOFFCF38CC,寶元段,83.29,都市：工
RPWOMLOLJHOFFCF98CC,寶橋段,.00,都市：工
RPUNMLOLJHOFFEF88CC,淡海段,.00,都市：住
RPQPMLNLJHOFFHF88CC,永福段,.00,都市：住
RPXOMLNLJHOFFHF86CC,得和段,.00,都市：住
RPPPMLNLJHOFFHF78CC,保平段,.00,都市：商
RPPPMLNLJHOFFHF78CC,保平段,.00,都市：住
RPXNMLOLJHOFFHF86CC,國光段,.00,都市：住
RPUNMLOLJHOFFHF56CC,南山段,.00,都市：住
RPXQMLNLJHOFFAF56EC,成功段,.00,都市：住
RPVNMLNLJHOFFHF56CC,瓦段,.00,都市：住
RPUQMLOLJHOFFEF56CC,新巿段,13.77,都市：住
RPPPMLOLJHOFFCF38CC,復興段,.00,都市：工
RPQPMLOLJHOFFCF48CC,復興段,.00,都市：工
RPORMLOLJHOFFEF68CC,馬偕段,5.67,都市：工
RPXQMLOLJHOFFEF86CC,馬偕段,5.67,都市：工
RPVQMLOLJHOFFEF66CC,馬偕段,5.67,都市：工
RPSPMLOLJHOFFDF78CC,智興段,4.72,都市：住
RPPPMLOLJHOFFDF48CC,智興段,4.98,都市：住
RPQPMLOLJHOFFDF58CC,智興段,7.14,都市：住
RPXOMLOLJHOFFDF56CC,智興段,4.54,都市：住
RPVNMLOLJHOFFBF68CC,力行段,8.63,都市：住
RPURMLPLJHOFFBF09CC,新豐段,.00,都市：商
RPPOMLPLJHOFFDF48CC,北峰段,.00,非都市：山坡地保育區 ; 非都市編定：丙種建築用地
RPSNMLPLJHOFFHF09CC,永利段,.00,都市：其他
RPUNMLPLJHOFFGF56CC,長樂段,18.67,都市：住
RPUOMLPLJHOFFEF09CC,新興段,1.16,都市：住
RPUOMLPLJHOFFEF09CC,新興段,2.91,都市：住
RPSRMLOLJHOFFEF09CC,馬偕段,5.67,都市：工
RPVOMLPLJHOFFHF86CC,國光段,.00,都市：商
RPVOMLPLJHOFFHF86CC,國光段,.00,都市：商
RPVNMLPLJHOFFHF76CC,橋和段,18.94,都市：工
RPTNMLQLJHOFFHF66CC,大新段,.00,都市：住
RPUNMLQLJHOFFHF76CC,得林段,.00,都市：住
RPVNMLQLJHOFFHF86CC,大同段,.00,都市：住
RPWOMLQLJHOFFGF96CC,重陽段,.00,都市：住
RPOPMLQLJHOFFGF88CC,五華段,.00,都市：住
RPXOMLQLJHOFFGF07CC,大安段,.00,都市：住
RPXOMLQLJHOFFGF07CC,大安段,.00,都市：其他
RPPNMLQLJHOFFEF58CC,淡海段,.00,都市：住
RPRRMLOLJHOFFEF98CC,海鷗段,.18,都市：住
RPPRMLOLJHOFFEF78CC,馬偕段,9.64,都市：工
RPPNMLQLJHOFFDF48CC,智興段,11.83,都市：住
RPUNMLQLJHOFFBF78CC,中誠段,14.65,都市：住
RPPNMLQLJHOFFBF28CC,麗林段,.00,都市：商
RPTNMLQLJHOFFBF68CC,榮富段,10.63,都市：住
RPPOMLQLJHOFFBF38CC,榮富段,12.20,都市：住
RPVNMLQLJHOFFBF88CC,副都心段一小段,8.03,都市：商
RPQNMLQLJHOFFAF28CC,文化段,.00,都市：住
RPPNMLQLJHOFFAF18CC,江子翠段第二崁小段,.00,都市：商
RPQOMLQLJHOFFBF48CC,思源段,14.16,都市：住
RPWNMLQLJHOFFBF98CC,同興段,11.58,都市：商
RPOOMLQLJHOFFBF28CC,副都心段五小段,10.37,都市：住
RPSOMLQLJHOFFBF68CC,立德段,18.71,都市：住
RPSNMLQLJHOFFAF48CC,港子嘴段,.00,都市：其他
RPTOMLQLJHOFFBF78CC,中原段,17.61,都市：商
RPPQMLSLJHOFFHF76CC,中興段,72.43,都市：住
RPUQMLSLJHOFFEF96CC,竹圍段,25.13,都市：住
RPPNMLRLJHOFFEF68CC,新興段,35.08,都市：住
RPQNMLRLJHOFFEF78CC,大義段,28.95,都市：住
RPQNMLRLJHOFFEF78CC,大義段,34.49,都市：住
RPUOMLQLJHOFFBF88CC,中原段,36.49,都市：住
RPQOMLSLJHOFFBF68CC,新豐段,48.00,都市：商
RPQNMLSLJHOFFAF68EC,中華段,30.13,都市：工
RPORMLTLJHOFFBF09EC,昌隆段,23.57,都市：住
RPOQMLSLJHOFFAF78EC,文化段,.00,都市：住
RPPQMLSLJHOFFAF88EC,光仁段,.00,都市：住
RPVQMLSLJHOFFAF86EC,樂利段,31.51,都市：住
RPQPMLSLJHOFFDF98CC,水源段,.00,都市：住
RPQPMLSLJHOFFDF98CC,水源段,.00,都市：住
RPQPMLSLJHOFFDF98CC,水源段,.00,都市：其他
RPQPMLSLJHOFFDF98CC,水源段,.00,都市：住
RPRQMLSLJHOFFIF07CC,山佳段,.00,都市：商
RPSOMLSLJHOFFIF96CC,永安段,145.34,都市：住
RPQPMLTLJHOFFIF96CC,大學段二小段,.00,都市：住
RPVOMLTLJHOFFDF07EC,保長段,9.31,都市：住
RPQPMLTLJHOFFIF96CC,大學段二小段,.00,都市：住
RPQPMLTLJHOFFIF96CC,大學段二小段,.00,都市：住
RPXOMLTLJHOFFDF27EC,保長段,6.64,都市：住
RPUQMLTLJHOFFHF37CC,連城段,.00,都市：住
RPTNMLTLJHOFFHF96CC,民樂段,24.66,都市：住
RPTNMLTLJHOFFHF96CC,民樂段,6.65,都市：住
RPSSMLTLJHOFFBF76CC,陸光段,.00,都市：住
RPTPMLTLJHOFFCF66CC,新和段,.00,都市：住
RPWOMLTLJHOFFDF17EC,保長段,3.91,都市：住
RPOPMLTLJHOFFDF09EC,保長段,3.91,都市：住
RPTNMLTLJHOFFGF86CC,保佑段,.00,都市：其他
RPTPMLTLJHOFFEF07EC,新巿段,15.94,都市：住
RPWNMLTLJHOFFGF17CC,保佑段,.00,都市：其他
RPUNMLTLJHOFFGF96CC,保佑段,.00,都市：其他
RPVNMLTLJHOFFGF07CC,保佑段,.00,都市：其他
RPRPMLTLJHOFFEF66CC,新巿段,.00,都市：住
RPXNMLTLJHOFFGF27CC,保佑段,.00,都市：其他
RPVPMLTLJHOFFEF07CC,新巿段,22.86,都市：住
RPRPMLKMJHOFFEF48CC,馬偕段,12.59,都市：工
RPXOMLKMJHOFFBF68CC,幸福段,142.05,都市：工
RPWPMLKMJHOFFGF56CC,中山段,.00,都市：工
RPQQMLKMJHOFFGF68CC,永安段,.00,都市：住
RPRNMLKMJHOFFGF68EC,中興段,.00,都市：工
RPVPMLKMJHOFFEF88CC,新巿段,11.23,都市：商
RPUPMLKMJHOFFGF56EC,幸福段,.00,都市：住
RPXNMLKMJHOFFIF66CC,民生段,.00,都市：住
RPOOMLKMJHOFFDF97CC,昊天段,23.60,都市：工
RPOOMLKMJHOFFDF97CC,同新段,.74,都市：工
RPOOMLKMJHOFFIF48CC,大學段二小段,.00,都市：商
RPTQMLKMJHOFFBF48CC,力行段,25.94,都市：商
RPPOMLKMJHOFFIF58CC,大學段二小段,.00,都市：住
RPXPMLLMJHOFFHF86CC,竹林段,.00,都市：住
RPVNMLKMJHOFFCF48CC,莊敬段,.00,都市：工
RPQTMLTLJHOFFAF56CC,幸福段,.00,都市：住
RPPTMLTLJHOFFAF09CC,學成段,.00,都市：住
RPOPMLLMJHOFFCF08CC,寶橋段,25.76,都市：工
RPRQMLLMJHOFFHF98CC,健康段,.00,都市：工
RPXUMLLMJHOFFBF76CC,建林段,12.20,都市：住
RPOVMLLMJHOFFBF58CC,麗林段,13.52,都市：商
RPQVMLLMJHOFFBF78CC,思源段,.00,都市：住
RPQPMLLMJHOFFEF48CC,公司田段,33.21,都市：住
RPVNMLLJKHOFFEF58CC,海天段,6.32,都市：住
RPPRMLLMJHOFFEF58CC,新巿段,24.34,都市：住
RPPONLLMJHOFFEF38CC,中興段,9.99,都市：住
RPSPMLLJKHOFFEF48CC,正德段,.00,都市：住
RPQOMLLJKHOFFBF87CC,國宅段,.00,都市：住
RPROMLLJKHOFFBF97CC,國宅段,.00,都市：住
RPXPMLLJKHOFFGF56CC,正義段,.00,都市：商
RPQOMLLJKHOFFDF08CC,拱北段,49.13,非都市：鄉村區 ; 非都市編定：乙種建築用地
RPQOMLLJKHOFFDF08CC,拱北段,11.36,非都市：鄉村區 ; 非都市編定：乙種建築用地
RPVNMLLJKHOFFDF48CC,昊天段,46.16,都市：工
RPVNMLLJKHOFFDF48CC,同新段,1.44,都市：工
RPVNMLLJKHOFFHF88CC,華中段,26.89,都市：住
RPROMLLJKHOFFHF58CC,中安段,.00,都市：商
RPXOMLLJKHOFFHF56CC,捷運段,.00,都市：其他
RPOOMLLJKHOFFHF28CC,台貿段,.00,都市：住
RPQOMLLJKHOFFHF48CC,景華段,.00,都市：住
RPOPMLLJKHOFFHF38CC,中興段,.00,都市：住
RPVPMLLMJHOFFAF58CC,城林段,.00,都市：工
RPUPMLLJKHOFFHF98CC,福和段,.00,都市：住
RPQPMLLJKHOFFHF58CC,景福段,.00,都市：住
RPVPMLLJKHOFFHF09CC,捷運段,.00,都市：住
RPUOMLLJKHOFFIF98CC,大學段一小段,.00,都市：住
RPSOMLLJKHOFFHF88EC,雙和段,.00,都市：住
RPRNMLLJKHOFFEF28DC,長興段,2.17,都市：住
RPRNMLLJKHOFFEF28DC,長興段,21.87,都市：住
