﻿編號,土地區段位置,土地移轉面積平方公尺,使用分區或編定
The serial number,land sector position,land shifting area square meter,the use zoning or compiles and checks
RPWNMLMLJINFFIF56CB,民生段,29.37,都市：住
RPQNMLOLJINFFIF78CB,民生段,29.37,都市：住
RPQNMLNLJINFFIF68CB,民生段,29.37,都市：住
RPRNMLNLJINFFIF78CB,民生段,29.37,都市：住
RPRNMLOLJINFFIF88CB,民生段,29.37,都市：住
RPSNMLOLJINFFIF98CB,民生段,29.37,都市：住
RPPNMLOLJINFFIF68CB,民生段,29.37,都市：住
RPWSMLPKJINFFBF56CB,中山段,55.87,都市：工
RPPNMLPLJINFFIF78CB,民生段,29.37,都市：住
RPQNMLPLJINFFIF88CB,民生段,29.37,都市：住
RPSNMLPLJINFFIF09CB,民生段,29.37,都市：住
RPTSMLPKJINFFBF88CB,中山段,54.94,都市：工
RPRNMLPLJINFFIF98CB,民生段,29.37,都市：住
RPTNMLPLJINFFIF56CB,民生段,29.37,都市：住
RPSOMLPLJINFFIF56CB,民生段,20.48,都市：住
RPVSMLPKJINFFBF09CB,中山段,55.22,都市：工
RPUSMLPKJINFFBF98CB,中山段,59.34,都市：工
RPROMLPLJINFFIF09CB,民生段,20.48,都市：住
RPUOMLPLJINFFIF76CB,民生段,20.27,都市：住
RPTOMLPLJINFFIF66CB,民生段,20.27,都市：住
RPWOMLPLJINFFIF96CB,民生段,20.27,都市：住
RPVOMLPLJINFFIF86CB,民生段,20.27,都市：住
RPXOMLPLJINFFIF07CB,民生段,20.27,都市：住
RPOPMLPLJINFFIF88CB,民生段,20.48,都市：住
RPQPMLPLJINFFIF09CB,民生段,20.48,都市：住
RPPPMLPLJINFFIF98CB,民生段,20.48,都市：住
RPPNMLRLJINFFIF98CB,民生段,20.48,都市：住
RPSNMLRLJINFFIF66CB,民生段,20.27,都市：住
RPTNMLRLJINFFIF76CB,民生段,20.27,都市：住
RPRNMLRLJINFFIF56CB,民生段,20.27,都市：住
RPUNMLRLJINFFIF86CB,民生段,27.72,都市：住
RPQNMLRLJINFFIF09CB,民生段,20.27,都市：住
RPWNMLRLJINFFIF07CB,民生段,27.51,都市：住
RPVNMLRLJINFFIF96CB,民生段,27.72,都市：住
RPOOMLRLJINFFIF98CB,民生段,27.72,都市：住
RPPOMLRLJINFFIF09CB,民生段,27.72,都市：住
RPQOMLRLJINFFIF56CB,民生段,27.72,都市：住
RPROMLRLJINFFIF66CB,民生段,27.72,都市：住
RPTOMLRLJINFFIF86CB,民生段,27.72,都市：住
RPUOMLRLJINFFIF96CB,民生段,27.72,都市：住
RPOPMLRLJINFFIF09CB,民生段,27.72,都市：住
RPPPMLRLJINFFIF56CB,民生段,27.72,都市：住
RPWOMLRLJINFFIF17CB,民生段,27.72,都市：住
RPQPMLRLJINFFIF66CB,民生段,27.72,都市：住
RPVOMLRLJINFFIF07CB,民生段,27.72,都市：住
RPWQMLRLJINFFIF37CB,民生段,28.34,都市：住
RPXQMLRLJINFFIF47CB,民生段,28.34,都市：住
RPORMLRLJINFFIF66CB,民生段,28.34,都市：住
RPSRMLRLJINFFIF07CB,民生段,28.34,都市：住
RPTRMLRLJINFFIF17CB,民生段,28.34,都市：住
RPURMLRLJINFFIF27CB,民生段,28.34,都市：住
RPVRMLRLJINFFIF37CB,民生段,28.34,都市：住
RPXRMLRLJINFFIF57CB,民生段,28.34,都市：住
RPWRMLRLJINFFIF47CB,民生段,28.34,都市：住
RPPSMLRLJINFFIF86CB,民生段,28.34,都市：住
RPQSMLRLJINFFIF96CB,民生段,28.34,都市：住
RPRSMLRLJINFFIF07CB,民生段,28.13,都市：住
RPSSMLRLJINFFIF17CB,民生段,19.03,都市：住
RPOTMLRLJINFFIF86CB,民生段,18.82,都市：住
RPWSMLRLJINFFIF57CB,民生段,18.82,都市：住
RPPTMLRLJINFFIF96CB,民生段,19.03,都市：住
RPXTMLRLJINFFIF77CB,民生段,28.34,都市：住
RPVTMLRLJINFFIF57CB,民生段,29.37,都市：住
RPWTMLRLJINFFIF67CB,民生段,27.72,都市：住
RPOUMLRLJINFFIF96CB,民生段,28.34,都市：住
RPRTMLRLJINFFIF17CB,民生段,18.82,都市：住
RPQTMLRLJINFFIF07CB,民生段,18.82,都市：住
RPUTMLRLJINFFIF47CB,民生段,29.37,都市：住
RPTTMLRLJINFFIF37CB,民生段,18.82,都市：住
RPSUMLRLJINFFIF37CB,民生段,18.82,都市：住
RPPUMLRLJINFFIF07CB,民生段,18.82,都市：住
RPRUMLRLJINFFIF27CB,民生段,18.82,都市：住
RPSTMLRLJINFFIF27CB,民生段,18.82,都市：住
RPTUMLRLJINFFIF47CB,民生段,18.82,都市：住
RPQUMLRLJINFFIF17CB,民生段,19.03,都市：住
RPUUMLRLJINFFIF57CB,民生段,18.82,都市：住
RPXUMLRLJINFFIF87CB,民生段,18.41,都市：住
RPVUMLRLJINFFIF67CB,民生段,17.17,都市：住
RPWUMLRLJINFFIF77CB,民生段,18.41,都市：住
RPOVMLRLJINFFIF07CB,民生段,18.62,都市：住
RPQVMLRLJINFFIF27CB,民生段,18.62,都市：住
RPPVMLRLJINFFIF17CB,民生段,18.41,都市：住
RPTVMLRLJINFFIF57CB,民生段,18.62,都市：住
RPSVMLRLJINFFIF47CB,民生段,18.41,都市：住
RPRVMLRLJINFFIF37CB,民生段,18.41,都市：住
RPUVMLRLJINFFIF67CB,民生段,18.41,都市：住
RPWVMLRLJINFFIF87CB,民生段,18.41,都市：住
RPVVMLRLJINFFIF77CB,民生段,18.62,都市：住
RPPWMLRLJINFFIF27CB,民生段,18.41,都市：住
RPOWMLRLJINFFIF17CB,民生段,18.41,都市：住
RPXVMLRLJINFFIF97CB,民生段,18.41,都市：住
RPWQMLRKKINFFBF66CB,芳洲段,17.30,都市：商
RPSRMLRKKINFFBF98CB,芳洲段,17.30,都市：商
RPRRMLRKKINFFBF88CB,芳洲段,16.77,都市：商
RPQRMLRKKINFFBF78CB,芳洲段,16.25,都市：商
RPPRMLRKKINFFBF68CB,芳洲段,17.30,都市：商
RPTRMLRKKINFFBF09CB,芳洲段,21.49,都市：商
RPXQMLRKKINFFBF76CB,芳洲段,16.25,都市：商
RPURMLRKKINFFBF56CB,芳洲段,17.30,都市：商
RPORMLRKKINFFBF58CB,芳洲段,17.30,都市：商
RPUOMLOKKINFFHF56CB,林森段,1.72,都市：住
RPUOMLOKKINFFHF56CB,林森段,1.43,都市：住
RPUOMLOKKINFFHF56CB,林森段,1.44,都市：住
RPUOMLOKKINFFHF56CB,林森段,1.23,都市：住
RPUOMLOKKINFFHF56CB,林森段,4.21,都市：住
RPUOMLOKKINFFHF56CB,林森段,4.76,都市：住
RPUOMLOKKINFFHF56CB,林森段,.25,都市：住
RPUOMLOKKINFFHF56CB,林森段,.95,都市：住
RPXRMLRKKINFFBF86CB,芳洲段,17.30,都市：商
RPOSMLRKKINFFBF68CB,芳洲段,22.01,都市：商
RPWRMLRKKINFFBF76CB,芳洲段,16.77,都市：商
RPPSMLRKKINFFBF78CB,芳洲段,24.11,都市：商
RPRSMLRKKINFFBF98CB,芳洲段,24.11,都市：商
RPSSMLRKKINFFBF09CB,芳洲段,17.82,都市：商
RPQSMLRKKINFFBF88CB,芳洲段,17.82,都市：商
RPTSMLRKKINFFBF56CB,芳洲段,17.30,都市：商
RPUSMLRKKINFFBF66CB,芳洲段,17.30,都市：商
RPXPMLSKKINFFBF76CB,國宅段,61.53,都市：住
RPVPMLSKKINFFBF56CB,國宅段,54.25,都市：住
RPUNMLKLKINFFBF18CB,國宅段,74.54,都市：住
RPVNMLKLKINFFBF28CB,國宅段,55.36,都市：住
RPOOMLKLKINFFBF67CB,國宅段,55.80,都市：住
RPSOMLKLKINFFBF08CB,國宅段,80.94,都市：住
RPQOMLKLKINFFBF87CB,國宅段,55.35,都市：住
RPXNMLKLKINFFBF48CB,國宅段,55.80,都市：住
RPROMLKLKINFFBF97CB,國宅段,59.77,都市：住
RPTPMLMLKINFFAF38CB,中興段,41.10,都市：住
RPPPMLMLKINFFAF97CB,中興段,41.10,都市：住
RPOPMLMLKINFFAF87CB,中興段,41.10,都市：住
RPVPMLMLKINFFAF58CB,中興段,41.12,都市：住
RPQPMLMLKINFFAF08CB,中興段,41.10,都市：住
RPXPMLMLKINFFAF78CB,中興段,41.10,都市：住
RPWPMLMLKINFFAF68CB,中興段,41.10,都市：住
RPSPMLMLKINFFAF28CB,中興段,41.10,都市：住
RPRPMLMLKINFFAF18CB,中興段,41.10,都市：住
RPUPMLMLKINFFAF48CB,中興段,41.12,都市：住
RPWQMLMLKINFFAF78CB,中興段,41.10,都市：住
RPVQMLMLKINFFAF68CB,中興段,41.10,都市：住
RPQRMLMLKINFFAF28CB,中興段,41.10,都市：住
RPRQMLMLKINFFAF28CB,中興段,41.10,都市：住
RPPRMLMLKINFFAF18CB,中興段,41.10,都市：住
RPORMLMLKINFFAF08CB,中興段,41.10,都市：住
RPQQMLRLKINFFAF68CB,員和段,38.71,都市：住
RPTPMLRLKINFFAF88CB,員和段,40.07,都市：住
RPVPMLRLKINFFAF09CB,員和段,40.07,都市：住
RPOQMLRLKINFFAF48CB,員和段,38.71,都市：住
RPPQMLRLKINFFAF58CB,員和段,40.07,都市：住
RPUPMLRLKINFFAF98CB,員和段,40.07,都市：住
RPRPMLRLKINFFAF68CB,員和段,38.71,都市：住
RPSPMLRLKINFFAF78CB,員和段,40.07,都市：住
RPXPMLRLKINFFAF66CB,員和段,40.07,都市：住
RPWPMLRLKINFFAF56CB,員和段,40.07,都市：住
RPVQMLRLKINFFAF56CB,員和段,40.07,都市：住
RPUQMLRLKINFFAF09CB,員和段,40.07,都市：住
RPXQMLRLKINFFAF76CB,員和段,40.07,都市：住
RPWQMLRLKINFFAF66CB,員和段,40.07,都市：住
RPTQMLRLKINFFAF98CB,員和段,40.07,都市：住
RPSRMLRLKINFFAF98CB,員和段,38.71,都市：住
RPORMLRLKINFFAF58CB,員和段,38.71,都市：住
RPPRMLRLKINFFAF68CB,員和段,40.07,都市：住
RPQRMLRLKINFFAF78CB,員和段,40.07,都市：住
RPRRMLRLKINFFAF88CB,員和段,40.07,都市：住
RPTRMLRLKINFFAF09CB,員和段,20.03,都市：住
RPURMLRLKINFFAF56CB,員和段,20.03,都市：住
RPVRMLRLKINFFAF66CB,員和段,20.03,都市：住
RPWRMLRLKINFFAF76CB,員和段,20.03,都市：住
RPOSMLRLKINFFAF68CB,員和段,20.03,都市：住
RPPSMLRLKINFFAF78CB,員和段,40.07,都市：住
RPSSMLRLKINFFAF09CB,員和段,18.54,都市：住
RPVSMLRLKINFFAF76CB,員和段,20.03,都市：住
RPQSMLRLKINFFAF88CB,員和段,20.03,都市：住
RPTSMLRLKINFFAF56CB,員和段,20.03,都市：住
RPUSMLRLKINFFAF66CB,員和段,20.03,都市：住
RPXRMLRLKINFFAF86CB,員和段,20.03,都市：住
RPWSMLRLKINFFAF86CB,員和段,20.03,都市：住
RPXSMLRLKINFFAF96CB,員和段,18.68,都市：住
RPOTMLRLKINFFAF78CB,員和段,20.03,都市：住
RPQTMLRLKINFFAF98CB,員和段,20.03,都市：住
RPRTMLRLKINFFAF09CB,員和段,18.68,都市：住
RPUTMLRLKINFFAF76CB,員和段,39.66,都市：住
RPSTMLRLKINFFAF56CB,員和段,39.66,都市：住
RPPTMLRLKINFFAF88CB,員和段,20.03,都市：住
RPTTMLRLKINFFAF66CB,員和段,39.66,都市：住
RPWTMLRLKINFFAF96CB,員和段,39.66,都市：住
RPVTMLRLKINFFAF86CB,員和段,38.31,都市：住
RPPUMLRLKINFFAF98CB,員和段,38.31,都市：住
RPRUMLRLKINFFAF56CB,員和段,38.31,都市：住
RPUUMLRLKINFFAF86CB,員和段,39.80,都市：住
RPOUMLRLKINFFAF88CB,員和段,39.66,都市：住
RPQUMLRLKINFFAF09CB,員和段,38.31,都市：住
RPSUMLRLKINFFAF66CB,員和段,38.31,都市：住
RPXTMLRLKINFFAF07CB,員和段,39.66,都市：住
RPVUMLRLKINFFAF96CB,員和段,38.44,都市：住
RPTUMLRLKINFFAF76CB,員和段,39.80,都市：住
RPWUMLRLKINFFAF07CB,員和段,39.80,都市：住
RPOVMLRLKINFFAF98CB,員和段,39.80,都市：住
RPXUMLRLKINFFAF17CB,員和段,39.80,都市：住
RPTVMLRLKINFFAF86CB,員和段,31.67,都市：住
RPPVMLRLKINFFAF09CB,員和段,39.80,都市：住
RPSVMLRLKINFFAF76CB,員和段,31.67,都市：住
RPUVMLRLKINFFAF96CB,員和段,31.67,都市：住
RPRVMLRLKINFFAF66CB,員和段,39.80,都市：住
RPQVMLRLKINFFAF56CB,員和段,38.44,都市：住
RPVVMLRLKINFFAF07CB,員和段,31.67,都市：住
RPWVMLRLKINFFAF17CB,員和段,31.67,都市：住
RPXVMLRLKINFFAF27CB,員和段,31.67,都市：住
RPOWMLRLKINFFAF09CB,員和段,31.67,都市：住
RPQWMLRLKINFFAF66CB,員和段,31.67,都市：住
RPPWMLRLKINFFAF56CB,員和段,31.67,都市：住
RPRWMLRLKINFFAF76CB,員和段,31.67,都市：住
RPTWMLRLKINFFAF96CB,員和段,31.67,都市：住
RPSWMLRLKINFFAF86CB,員和段,31.67,都市：住
RPWWMLRLKINFFAF27CB,員和段,31.67,都市：住
RPUWMLRLKINFFAF07CB,員和段,31.67,都市：住
RPVWMLRLKINFFAF17CB,員和段,31.67,都市：住
RPXWMLRLKINFFAF37CB,員和段,31.67,都市：住
RPPNNLRLKINFFAF38CB,員和段,31.67,都市：住
RPQNNLRLKINFFAF48CB,員和段,16.11,都市：住
RPRNNLRLKINFFAF58CB,員和段,16.11,都市：住
RPONNLRLKINFFAF28CB,員和段,31.67,都市：住
RPSNNLRLKINFFAF68CB,員和段,16.11,都市：住
RPTNNLRLKINFFAF78CB,員和段,16.11,都市：住
RPWNNLRLKINFFAF09CB,員和段,16.11,都市：住
RPUNNLRLKINFFAF88CB,員和段,16.11,都市：住
RPVNNLRLKINFFAF98CB,員和段,16.11,都市：住
RPQONLRLKINFFAF58CB,員和段,17.46,都市：住
RPPONLRLKINFFAF48CB,員和段,16.11,都市：住
RPOONLRLKINFFAF38CB,員和段,16.11,都市：住
RPRONLRLKINFFAF68CB,員和段,16.11,都市：住
RPXNNLRLKINFFAF56CB,員和段,16.11,都市：住
RPSONLRLKINFFAF78CB,員和段,16.11,都市：住
RPTONLRLKINFFAF88CB,員和段,16.11,都市：住
RPVONLRLKINFFAF09CB,員和段,16.11,都市：住
RPWONLRLKINFFAF56CB,員和段,16.11,都市：住
RPUONLRLKINFFAF98CB,員和段,16.11,都市：住
RPXONLRLKINFFAF66CB,員和段,16.11,都市：住
RPPPNLRLKINFFAF58CB,員和段,16.11,都市：住
RPOPNLRLKINFFAF48CB,員和段,16.11,都市：住
RPRPNLRLKINFFAF78CB,員和段,38.17,都市：住
RPSPNLRLKINFFAF88CB,員和段,38.17,都市：住
RPQPNLRLKINFFAF68CB,員和段,46.70,都市：住
RPTPNLRLKINFFAF98CB,員和段,38.17,都市：住
RPVPNLRLKINFFAF56CB,員和段,38.17,都市：住
RPWPNLRLKINFFAF66CB,員和段,38.17,都市：住
RPUPNLRLKINFFAF09CB,員和段,38.17,都市：住
RPOQNLRLKINFFAF58CB,員和段,38.17,都市：住
RPXPNLRLKINFFAF76CB,員和段,38.17,都市：住
RPSQNLRLKINFFAF98CB,員和段,45.35,都市：住
RPPQNLRLKINFFAF68CB,員和段,39.53,都市：住
RPQQNLRLKINFFAF78CB,員和段,46.70,都市：住
RPRQNLRLKINFFAF88CB,員和段,46.70,都市：住
RPTQNLRLKINFFAF09CB,員和段,45.35,都市：住
RPUQNLRLKINFFAF56CB,員和段,46.70,都市：住
RPVQNLRLKINFFAF66CB,員和段,46.70,都市：住
RPWQNLRLKINFFAF76CB,員和段,46.70,都市：住
RPXQNLRLKINFFAF86CB,員和段,45.35,都市：住
RPPRNLRLKINFFAF78CB,員和段,45.35,都市：住
RPRRNLRLKINFFAF98CB,員和段,46.70,都市：住
RPORNLRLKINFFAF68CB,員和段,45.35,都市：住
RPSRNLRLKINFFAF09CB,員和段,46.70,都市：住
RPQRNLRLKINFFAF88CB,員和段,46.70,都市：住
RPURNLRLKINFFAF66CB,員和段,46.70,都市：住
RPTRNLRLKINFFAF56CB,員和段,46.70,都市：住
RPVRNLRLKINFFAF76CB,員和段,46.70,都市：住
RPWRNLRLKINFFAF86CB,員和段,46.70,都市：住
RPQSNLRLKINFFAF98CB,員和段,38.17,都市：住
RPOSNLRLKINFFAF78CB,員和段,46.70,都市：住
RPXRNLRLKINFFAF96CB,員和段,46.70,都市：住
RPPSNLRLKINFFAF88CB,員和段,46.70,都市：住
RPTSNLRLKINFFAF66CB,員和段,38.17,都市：住
RPRSNLRLKINFFAF09CB,員和段,38.17,都市：住
RPUSNLRLKINFFAF76CB,員和段,38.17,都市：住
RPSSNLRLKINFFAF56CB,員和段,38.17,都市：住
RPWSNLRLKINFFAF96CB,員和段,38.17,都市：住
RPVSNLRLKINFFAF86CB,員和段,38.17,都市：住
RPRTNLRLKINFFAF56CB,員和段,38.17,都市：住
RPOTNLRLKINFFAF88CB,員和段,38.17,都市：住
RPQTNLRLKINFFAF09CB,員和段,38.17,都市：住
RPTTNLRLKINFFAF76CB,員和段,22.61,都市：住
RPSTNLRLKINFFAF66CB,員和段,21.25,都市：住
RPUTNLRLKINFFAF86CB,員和段,22.61,都市：住
RPWTNLRLKINFFAF07CB,員和段,22.61,都市：住
RPPTNLRLKINFFAF98CB,員和段,38.17,都市：住
RPXSNLRLKINFFAF07CB,員和段,38.17,都市：住
RPVTNLRLKINFFAF96CB,員和段,22.61,都市：住
RPXTNLRLKINFFAF17CB,員和段,22.61,都市：住
RPPUNLRLKINFFAF09CB,員和段,22.61,都市：住
RPOUNLRLKINFFAF98CB,員和段,22.61,都市：住
RPSUNLRLKINFFAF76CB,員和段,22.61,都市：住
RPWUNLRLKINFFAF17CB,員和段,22.61,都市：住
RPRUNLRLKINFFAF66CB,員和段,22.61,都市：住
RPUUNLRLKINFFAF96CB,員和段,22.61,都市：住
RPVUNLRLKINFFAF07CB,員和段,22.61,都市：住
RPXUNLRLKINFFAF27CB,員和段,22.61,都市：住
RPQUNLRLKINFFAF56CB,員和段,22.61,都市：住
RPOVNLRLKINFFAF09CB,員和段,22.61,都市：住
RPPVNLRLKINFFAF56CB,員和段,21.25,都市：住
RPQVNLRLKINFFAF66CB,員和段,22.61,都市：住
RPSVNLRLKINFFAF86CB,員和段,22.61,都市：住
RPRVNLRLKINFFAF76CB,員和段,22.61,都市：住
RPVVNLRLKINFFAF17CB,員和段,38.04,都市：住
RPXVNLRLKINFFAF37CB,員和段,38.04,都市：住
RPWVNLRLKINFFAF27CB,員和段,38.04,都市：住
RPTVNLRLKINFFAF96CB,員和段,22.61,都市：住
RPUVNLRLKINFFAF07CB,員和段,38.04,都市：住
RPOWNLRLKINFFAF56CB,員和段,38.04,都市：住
RPPWNLRLKINFFAF66CB,員和段,38.04,都市：住
RPQWNLRLKINFFAF76CB,員和段,38.04,都市：住
RPRWNLRLKINFFAF86CB,員和段,38.04,都市：住
RPSWNLRLKINFFAF96CB,員和段,39.39,都市：住
RPUWNLRLKINFFAF17CB,員和段,38.04,都市：住
RPONOLRLKINFFAF38CB,員和段,38.04,都市：住
RPXWNLRLKINFFAF47CB,員和段,38.04,都市：住
RPWWNLRLKINFFAF37CB,員和段,38.04,都市：住
RPTWNLRLKINFFAF07CB,員和段,38.04,都市：住
RPPNOLRLKINFFAF48CB,員和段,39.39,都市：住
RPVWNLRLKINFFAF27CB,員和段,38.04,都市：住
RPQNOLRLKINFFAF58CB,員和段,30.86,都市：住
RPRNOLRLKINFFAF68CB,員和段,29.51,都市：住
RPUNOLRLKINFFAF98CB,員和段,30.86,都市：住
RPTNOLRLKINFFAF88CB,員和段,30.86,都市：住
RPSNOLRLKINFFAF78CB,員和段,30.86,都市：住
RPVNOLRLKINFFAF09CB,員和段,30.86,都市：住
RPWNOLRLKINFFAF56CB,員和段,30.86,都市：住
RPXNOLRLKINFFAF66CB,員和段,42.38,都市：住
RPOOOLRLKINFFAF48CB,員和段,42.38,都市：住
RPPOOLRLKINFFAF58CB,員和段,30.86,都市：住
RPQOOLRLKINFFAF68CB,員和段,30.86,都市：住
RPUOOLRLKINFFAF09CB,員和段,30.86,都市：住
RPROOLRLKINFFAF78CB,員和段,30.86,都市：住
RPSOOLRLKINFFAF88CB,員和段,30.86,都市：住
RPTOOLRLKINFFAF98CB,員和段,30.86,都市：住
RPOPOLRLKINFFAF58CB,員和段,30.86,都市：住
RPXOOLRLKINFFAF76CB,員和段,30.86,都市：住
RPVOOLRLKINFFAF56CB,員和段,30.86,都市：住
RPQPOLRLKINFFAF78CB,員和段,30.86,都市：住
RPPPOLRLKINFFAF68CB,員和段,30.86,都市：住
RPRPOLRLKINFFAF88CB,員和段,21.25,都市：住
RPSPOLRLKINFFAF98CB,員和段,21.25,都市：住
RPTPOLRLKINFFAF09CB,員和段,19.90,都市：住
RPWOOLRLKINFFAF66CB,員和段,30.86,都市：住
RPOQOLRLKINFFAF68CB,員和段,21.25,都市：住
RPUPOLRLKINFFAF56CB,員和段,21.25,都市：住
RPXPOLRLKINFFAF86CB,員和段,21.25,都市：住
RPSQOLRLKINFFAF09CB,員和段,21.25,都市：住
RPQQOLRLKINFFAF88CB,員和段,21.25,都市：住
RPWPOLRLKINFFAF76CB,員和段,21.25,都市：住
RPPQOLRLKINFFAF78CB,員和段,19.90,都市：住
RPRQOLRLKINFFAF98CB,員和段,21.25,都市：住
RPVPOLRLKINFFAF66CB,員和段,19.90,都市：住
RPTQOLRLKINFFAF56CB,員和段,21.25,都市：住
RPUQOLRLKINFFAF66CB,員和段,21.25,都市：住
RPVQOLRLKINFFAF76CB,員和段,21.25,都市：住
RPXQOLRLKINFFAF96CB,員和段,21.25,都市：住
RPRROLRLKINFFAF09CB,員和段,21.25,都市：住
RPPROLRLKINFFAF88CB,員和段,21.25,都市：住
RPWQOLRLKINFFAF86CB,員和段,19.90,都市：住
RPSROLRLKINFFAF56CB,員和段,21.25,都市：住
RPQROLRLKINFFAF98CB,員和段,21.25,都市：住
RPTROLRLKINFFAF66CB,員和段,15.97,都市：住
RPUROLRLKINFFAF76CB,員和段,15.97,都市：住
RPOROLRLKINFFAF78CB,員和段,21.25,都市：住
RPVROLRLKINFFAF86CB,員和段,15.97,都市：住
RPOSOLRLKINFFAF88CB,員和段,15.97,都市：住
RPXROLRLKINFFAF07CB,員和段,15.97,都市：住
RPWROLRLKINFFAF96CB,員和段,15.97,都市：住
RPQSOLRLKINFFAF09CB,員和段,15.97,都市：住
RPSSOLRLKINFFAF66CB,員和段,15.97,都市：住
RPPSOLRLKINFFAF98CB,員和段,15.97,都市：住
RPRSOLRLKINFFAF56CB,員和段,15.97,都市：住
RPTSOLRLKINFFAF76CB,員和段,15.97,都市：住
RPVSOLRLKINFFAF96CB,員和段,15.97,都市：住
RPWSOLRLKINFFAF07CB,員和段,15.97,都市：住
RPOTOLRLKINFFAF98CB,員和段,15.97,都市：住
RPXSOLRLKINFFAF17CB,員和段,15.97,都市：住
RPQTOLRLKINFFAF56CB,員和段,15.97,都市：住
RPPTOLRLKINFFAF09CB,員和段,15.97,都市：住
RPRTOLRLKINFFAF66CB,員和段,15.97,都市：住
RPSTOLRLKINFFAF76CB,員和段,15.97,都市：住
RPUTOLRLKINFFAF96CB,員和段,15.97,都市：住
RPVTOLRLKINFFAF07CB,員和段,30.73,都市：住
RPXTOLRLKINFFAF27CB,員和段,29.37,都市：住
RPWTOLRLKINFFAF17CB,員和段,30.73,都市：住
RPTTOLRLKINFFAF86CB,員和段,15.97,都市：住
RPOUOLRLKINFFAF09CB,員和段,30.73,都市：住
RPTUOLRLKINFFAF96CB,員和段,30.73,都市：住
RPQUOLRLKINFFAF66CB,員和段,30.73,都市：住
RPPUOLRLKINFFAF56CB,員和段,30.73,都市：住
RPVUOLRLKINFFAF17CB,員和段,30.73,都市：住
RPRUOLRLKINFFAF76CB,員和段,30.73,都市：住
RPSUOLRLKINFFAF86CB,員和段,30.73,都市：住
RPWUOLRLKINFFAF27CB,員和段,30.73,都市：住
RPXUOLRLKINFFAF37CB,員和段,32.08,都市：住
RPOVOLRLKINFFAF56CB,員和段,30.73,都市：住
RPPVOLRLKINFFAF66CB,員和段,30.73,都市：住
RPRVOLRLKINFFAF86CB,員和段,32.08,都市：住
RPVVOLRLKINFFAF27CB,員和段,30.86,都市：住
RPSVOLRLKINFFAF96CB,員和段,30.73,都市：住
RPTVOLRLKINFFAF07CB,員和段,30.73,都市：住
RPWVOLRLKINFFAF37CB,員和段,30.86,都市：住
RPXVOLRLKINFFAF47CB,員和段,29.51,都市：住
RPOWOLRLKINFFAF66CB,員和段,32.22,都市：住
RPQVOLRLKINFFAF76CB,員和段,30.73,都市：住
RPPWOLRLKINFFAF76CB,員和段,30.86,都市：住
RPQWOLRLKINFFAF86CB,員和段,30.86,都市：住
RPTWOLRLKINFFAF17CB,員和段,30.86,都市：住
RPSWOLRLKINFFAF07CB,員和段,30.86,都市：住
RPRWOLRLKINFFAF96CB,員和段,30.86,都市：住
RPUWOLRLKINFFAF27CB,員和段,30.86,都市：住
RPWWOLRLKINFFAF47CB,員和段,30.86,都市：住
RPXWOLRLKINFFAF57CB,員和段,30.86,都市：住
RPVWOLRLKINFFAF37CB,員和段,32.22,都市：住
RPONPLRLKINFFAF48CB,員和段,30.86,都市：住
RPQNPLRLKINFFAF68CB,員和段,32.22,都市：住
RPPNPLRLKINFFAF58CB,員和段,30.86,都市：住
RPUNPLRLKINFFAF09CB,員和段,13.81,都市：住
RPTNPLRLKINFFAF98CB,員和段,13.81,都市：住
RPSNPLRLKINFFAF88CB,員和段,13.81,都市：住
RPVNPLRLKINFFAF56CB,員和段,13.81,都市：住
RPXNPLRLKINFFAF76CB,員和段,13.81,都市：住
RPPOPLRLKINFFAF68CB,員和段,13.81,都市：住
RPOOPLRLKINFFAF58CB,員和段,13.81,都市：住
RPWNPLRLKINFFAF66CB,員和段,13.81,都市：住
RPRNPLRLKINFFAF78CB,員和段,32.22,都市：住
RPQOPLRLKINFFAF78CB,員和段,13.81,都市：住
RPTOPLRLKINFFAF09CB,員和段,13.81,都市：住
RPSOPLRLKINFFAF98CB,員和段,13.81,都市：住
RPROPLRLKINFFAF88CB,員和段,13.81,都市：住
RPUOPLRLKINFFAF56CB,員和段,13.81,都市：住
RPOPPLRLKINFFAF68CB,員和段,15.16,都市：住
RPPPPLRLKINFFAF78CB,員和段,13.81,都市：住
RPWOPLRLKINFFAF76CB,員和段,13.81,都市：住
RPVOPLRLKINFFAF66CB,員和段,13.81,都市：住
RPXOPLRLKINFFAF86CB,員和段,13.81,都市：住
RPQPPLRLKINFFAF88CB,員和段,13.81,都市：住
RPWPPLRLKINFFAF86CB,員和段,17.60,都市：住
RPVPPLRLKINFFAF76CB,員和段,17.60,都市：住
RPTPPLRLKINFFAF56CB,員和段,17.60,都市：住
RPUPPLRLKINFFAF66CB,員和段,17.60,都市：住
RPXPPLRLKINFFAF96CB,員和段,17.60,都市：住
RPPQPLRLKINFFAF88CB,員和段,17.60,都市：住
RPRPPLRLKINFFAF98CB,員和段,13.81,都市：住
RPOQPLRLKINFFAF78CB,員和段,17.60,都市：住
RPSPPLRLKINFFAF09CB,員和段,18.95,都市：住
RPQQPLRLKINFFAF98CB,員和段,17.60,都市：住
RPRQPLRLKINFFAF09CB,員和段,17.60,都市：住
RPSQPLRLKINFFAF56CB,員和段,17.60,都市：住
RPUQPLRLKINFFAF76CB,員和段,17.60,都市：住
RPTQPLRLKINFFAF66CB,員和段,17.60,都市：住
RPWQPLRLKINFFAF96CB,員和段,17.60,都市：住
RPXQPLRLKINFFAF07CB,員和段,18.95,都市：住
RPPRPLRLKINFFAF98CB,員和段,17.60,都市：住
RPVQPLRLKINFFAF86CB,員和段,17.60,都市：住
RPORPLRLKINFFAF88CB,員和段,18.95,都市：住
RPQRPLRLKINFFAF09CB,員和段,17.60,都市：住
RPRRPLRLKINFFAF56CB,員和段,17.60,都市：住
RPSRPLRLKINFFAF66CB,員和段,30.73,都市：住
RPTRPLRLKINFFAF76CB,員和段,30.73,都市：住
RPURPLRLKINFFAF86CB,員和段,30.73,都市：住
RPVRPLRLKINFFAF96CB,員和段,30.73,都市：住
RPWRPLRLKINFFAF07CB,員和段,30.73,都市：住
RPOSPLRLKINFFAF98CB,員和段,30.73,都市：住
RPXRPLRLKINFFAF17CB,員和段,30.73,都市：住
RPRSPLRLKINFFAF66CB,員和段,30.73,都市：住
RPSSPLRLKINFFAF76CB,員和段,30.73,都市：住
RPQSPLRLKINFFAF56CB,員和段,30.73,都市：住
RPPSPLRLKINFFAF09CB,員和段,30.73,都市：住
RPUSPLRLKINFFAF96CB,員和段,30.73,都市：住
RPTSPLRLKINFFAF86CB,員和段,30.73,都市：住
RPVSPLRLKINFFAF07CB,員和段,30.73,都市：住
RPWSPLRLKINFFAF17CB,員和段,30.73,都市：住
RPOTPLRLKINFFAF09CB,員和段,31.27,都市：住
RPXSPLRLKINFFAF27CB,員和段,31.40,都市：住
RPUTPLRLKINFFAF07CB,員和段,31.27,都市：住
RPPTPLRLKINFFAF56CB,員和段,31.27,都市：住
RPSTPLRLKINFFAF86CB,員和段,31.27,都市：住
RPQTPLRLKINFFAF66CB,員和段,31.27,都市：住
RPTTPLRLKINFFAF96CB,員和段,29.91,都市：住
RPVTPLRLKINFFAF17CB,員和段,31.27,都市：住
RPRTPLRLKINFFAF76CB,員和段,31.27,都市：住
RPOUPLRLKINFFAF56CB,員和段,31.27,都市：住
RPWTPLRLKINFFAF27CB,員和段,31.27,都市：住
RPXTPLRLKINFFAF37CB,員和段,30.59,都市：住
RPPUPLRLKINFFAF66CB,員和段,31.27,都市：住
RPSUPLRLKINFFAF96CB,員和段,31.27,都市：住
RPQUPLRLKINFFAF76CB,員和段,31.27,都市：住
RPRUPLRLKINFFAF86CB,員和段,31.27,都市：住
RPUUPLRLKINFFAF17CB,員和段,31.27,都市：住
RPTUPLRLKINFFAF07CB,員和段,31.27,都市：住
RPVUPLRLKINFFAF27CB,員和段,21.25,都市：住
RPWUPLRLKINFFAF37CB,員和段,21.25,都市：住
RPXUPLRLKINFFAF47CB,員和段,21.25,都市：住
RPPVPLRLKINFFAF76CB,員和段,21.25,都市：住
RPTVPLRLKINFFAF17CB,員和段,19.90,都市：住
RPRVPLRLKINFFAF96CB,員和段,21.25,都市：住
RPOVPLRLKINFFAF66CB,員和段,19.90,都市：住
RPSVPLRLKINFFAF07CB,員和段,19.90,都市：住
RPWVPLRLKINFFAF47CB,員和段,19.90,都市：住
RPQVPLRLKINFFAF86CB,員和段,21.25,都市：住
RPUVPLRLKINFFAF27CB,員和段,19.90,都市：住
RPVVPLRLKINFFAF37CB,員和段,19.90,都市：住
RPXVPLRLKINFFAF57CB,員和段,21.25,都市：住
RPPWPLRLKINFFAF86CB,員和段,19.90,都市：住
RPQWPLRLKINFFAF96CB,員和段,21.25,都市：住
RPSWPLRLKINFFAF17CB,員和段,21.25,都市：住
RPOWPLRLKINFFAF76CB,員和段,21.25,都市：住
RPRWPLRLKINFFAF07CB,員和段,21.25,都市：住
RPTWPLRLKINFFAF27CB,員和段,21.25,都市：住
RPVWPLRLKINFFAF47CB,員和段,21.25,都市：住
RPUWPLRLKINFFAF37CB,員和段,21.25,都市：住
RPWWPLRLKINFFAF57CB,員和段,21.25,都市：住
RPXWPLRLKINFFAF67CB,員和段,21.25,都市：住
RPONQLRLKINFFAF58CB,員和段,21.25,都市：住
RPPNQLRLKINFFAF68CB,員和段,52.25,都市：住
RPTNQLRLKINFFAF09CB,員和段,15.97,都市：住
RPSNQLRLKINFFAF98CB,員和段,15.97,都市：住
RPVNQLRLKINFFAF66CB,員和段,15.97,都市：住
RPQNQLRLKINFFAF78CB,員和段,17.33,都市：住
RPUNQLRLKINFFAF56CB,員和段,15.97,都市：住
RPWNQLRLKINFFAF76CB,員和段,15.97,都市：住
RPXNQLRLKINFFAF86CB,員和段,15.97,都市：住
RPOOQLRLKINFFAF68CB,員和段,15.97,都市：住
RPROQLRLKINFFAF98CB,員和段,15.97,都市：住
RPPOQLRLKINFFAF78CB,員和段,15.97,都市：住
RPVOQLRLKINFFAF76CB,員和段,15.97,都市：住
RPUOQLRLKINFFAF66CB,員和段,15.97,都市：住
RPXOQLRLKINFFAF96CB,員和段,15.97,都市：住
RPTOQLRLKINFFAF56CB,員和段,15.97,都市：住
RPWOQLRLKINFFAF86CB,員和段,15.97,都市：住
RPPPQLRLKINFFAF88CB,員和段,15.97,都市：住
RPOPQLRLKINFFAF78CB,員和段,15.97,都市：住
RPQPQLRLKINFFAF98CB,員和段,15.97,都市：住
RPSPQLRLKINFFAF56CB,員和段,15.97,都市：住
RPTPQLRLKINFFAF66CB,員和段,15.97,都市：住
RPRPQLRLKINFFAF09CB,員和段,15.97,都市：住
RPWPQLRLKINFFAF96CB,員和段,29.51,都市：住
RPXPQLRLKINFFAF07CB,員和段,29.37,都市：住
RPUPQLRLKINFFAF76CB,員和段,15.97,都市：住
RPVPQLRLKINFFAF86CB,員和段,48.19,都市：住
RPPQQLRLKINFFAF98CB,員和段,30.73,都市：住
RPQQQLRLKINFFAF09CB,員和段,30.73,都市：住
RPOQQLRLKINFFAF88CB,員和段,30.73,都市：住
RPRQQLRLKINFFAF56CB,員和段,30.73,都市：住
RPUQQLRLKINFFAF86CB,員和段,30.73,都市：住
RPVQQLRLKINFFAF96CB,員和段,30.73,都市：住
RPWQQLRLKINFFAF07CB,員和段,30.73,都市：住
RPXQQLRLKINFFAF17CB,員和段,30.73,都市：住
RPORQLRLKINFFAF98CB,員和段,30.73,都市：住
RPPRQLRLKINFFAF09CB,員和段,30.73,都市：住
RPTQQLRLKINFFAF76CB,員和段,30.73,都市：住
RPRRQLRLKINFFAF66CB,員和段,29.37,都市：住
RPQRQLRLKINFFAF56CB,員和段,30.73,都市：住
RPSRQLRLKINFFAF76CB,員和段,30.73,都市：住
RPWTMLSLKINFFGF67CB,仁興段,13.54,都市：住
RPXTMLSLKINFFGF77CB,仁興段,13.54,都市：住
RPPUMLSLKINFFGF07CB,仁興段,16.96,都市：住
RPSTMLSLKINFFGF27CB,仁興段,15.33,都市：住
RPVTMLSLKINFFGF57CB,仁興段,15.33,都市：住
RPOUMLSLKINFFGF96CB,仁興段,16.67,都市：住
RPTTMLSLKINFFGF37CB,仁興段,13.99,都市：住
RPRUMLSLKINFFGF27CB,仁興段,13.54,都市：住
RPQUMLSLKINFFGF17CB,仁興段,16.81,都市：住
RPUTMLSLKINFFGF47CB,仁興段,15.33,都市：住
RPVUMLSLKINFFGF67CB,仁興段,15.33,都市：住
RPTUMLSLKINFFGF47CB,仁興段,16.81,都市：住
RPWUMLSLKINFFGF77CB,仁興段,13.54,都市：住
RPSUMLSLKINFFGF37CB,仁興段,16.67,都市：住
RPUUMLSLKINFFGF57CB,仁興段,16.81,都市：住
RPPOMLNJJHOFFAF87EB,員和段,15.97,都市：住
RPOOMLNJJHOFFAF77EB,員和段,22.61,都市：住
RPQOMLNJJHOFFAF97EB,員和段,15.97,都市：住
RPSOMLNJJHOFFAF18EB,員和段,15.97,都市：住
RPXUMLSLKINFFGF87CB,仁興段,15.33,都市：住
RPQVMLSLKINFFGF27CB,仁興段,13.99,都市：住
RPTOMLNJJHOFFAF28EB,員和段,15.97,都市：住
RPOVMLSLKINFFGF07CB,仁興段,16.67,都市：住
RPSVMLSLKINFFGF47CB,仁興段,13.99,都市：住
RPTVMLSLKINFFGF57CB,仁興段,13.99,都市：住
RPRVMLSLKINFFGF37CB,仁興段,16.81,都市：住
RPPVMLSLKINFFGF17CB,仁興段,16.81,都市：住
RPUOMLNJJHOFFAF38EB,員和段,30.73,都市：住
RPTSMLNJJHOFFEF98DB,新巿段,23.77,都市：住
RPTRMLNJJHOFFEF88DB,新巿段,19.59,都市：住
RPRNMLOJJHOFFEF38DB,新巿段,24.00,都市：住
RPUSMLNJJHOFFEF09DB,新巿段,23.77,都市：住
RPSNMLOJJHOFFEF48DB,新巿段,26.97,都市：住
RPSRMLNJJHOFFEF78DB,新巿段,19.34,都市：住
RPTNMLOJJHOFFEF58DB,新巿段,26.97,都市：住
RPWRMLNJJHOFFEF56DB,新巿段,19.34,都市：住
RPRSMLNJJHOFFEF78DB,新巿段,19.34,都市：住
RPVRMLNJJHOFFEF09DB,新巿段,24.00,都市：住
RPVQMLNJJHOFFEF98DB,新巿段,26.97,都市：住
RPUNMLOJJHOFFEF68DB,新巿段,23.77,都市：住
RPROMLOJJHOFFEF48DB,新巿段,19.59,都市：住
RPWNMLOJJHOFFEF88DB,新巿段,19.59,都市：住
RPSOMLOJJHOFFEF58DB,新巿段,19.59,都市：住
RPTOMLOJJHOFFEF68DB,新巿段,19.59,都市：住
RPXOMLOJJHOFFEF09DB,新巿段,19.59,都市：住
RPXNMLOJJHOFFEF98DB,新巿段,19.59,都市：住
RPPOMLOJJHOFFEF28DB,新巿段,19.59,都市：住
RPPQMLOJJHOFFEF48DB,新巿段,19.59,都市：住
RPPPMLOJJHOFFEF38DB,新巿段,19.59,都市：住
RPTTMLOJJHOFFEF56DB,新巿段,23.77,都市：住
RPOUMLOJJHOFFEF78DB,新巿段,23.77,都市：住
RPPSMLOJJHOFFEF68DB,新巿段,23.77,都市：住
RPRUMLOJJHOFFEF09DB,新巿段,23.77,都市：住
RPRQMLOJJHOFFEF68DB,新巿段,19.59,都市：住
RPRNMLPJJHOFFEF48DB,新巿段,23.77,都市：住
RPQNMLPJJHOFFEF38DB,新巿段,23.77,都市：住
RPSNMLPJJHOFFEF58DB,新巿段,23.77,都市：住
RPTNMLPJJHOFFEF68DB,新巿段,26.97,都市：住
RPPNMLPJJHOFFEF28DB,新巿段,23.77,都市：住
RPWNMLPJJHOFFEF98DB,新巿段,26.97,都市：住
RPXNMLPJJHOFFEF09DB,新巿段,26.97,都市：住
RPOOMLPJJHOFFEF28DB,新巿段,26.97,都市：住
RPSPMLLLJHOFFDF38CB,福德段,18.03,都市：住
RPRPMLLLJHOFFDF28CB,福德段,18.30,都市：住
RPUPMLLLJHOFFDF58CB,福德段,18.03,都市：住
RPTOMLLLJHOFFDF38CB,福德段,18.30,都市：住
RPVPMLLLJHOFFDF68CB,福德段,8.88,都市：住
RPOOMLLLJHOFFDF87CB,福德段,18.30,都市：住
RPROMLLLJHOFFDF18CB,福德段,18.30,都市：住
RPPPMLLLJHOFFDF08CB,福德段,18.56,都市：住
RPXOMLLLJHOFFDF78CB,福德段,18.30,都市：住
RPVOMLLLJHOFFDF58CB,福德段,18.30,都市：住
RPWPMLLLJHOFFDF78CB,福德段,8.88,都市：住
RPQQMLLLJHOFFDF28CB,福德段,12.38,都市：住
RPXPMLLLJHOFFDF88CB,福德段,8.88,都市：住
RPVQMLLLJHOFFDF78CB,福德段,18.30,都市：住
RPOQMLLLJHOFFDF08CB,福德段,11.03,都市：住
RPWQMLLLJHOFFDF88CB,福德段,18.30,都市：住
RPUQMLLLJHOFFDF68CB,福德段,18.30,都市：住
RPPQMLLLJHOFFDF18CB,福德段,12.38,都市：住
RPSQMLLLJHOFFDF48CB,福德段,18.30,都市：住
RPXQMLLLJHOFFDF98CB,福德段,18.30,都市：住
RPPRMLLLJHOFFDF28CB,福德段,18.30,都市：住
RPORMLLLJHOFFDF18CB,福德段,18.30,都市：住
RPQRMLLLJHOFFDF38CB,福德段,18.30,都市：住
RPURMLLLJHOFFDF78CB,福德段,12.38,都市：住
RPRRMLLLJHOFFDF48CB,福德段,18.30,都市：住
RPSRMLLLJHOFFDF58CB,福德段,18.30,都市：住
RPWRMLLLJHOFFDF98CB,福德段,18.30,都市：住
RPVRMLLLJHOFFDF88CB,福德段,18.30,都市：住
RPTRMLLLJHOFFDF68CB,福德段,8.88,都市：住
RPVTMLLMJHOFFEF66CB,淡海段,18.02,都市：住
RPRTMLLMJHOFFEF88CB,淡海段,18.02,都市：住
RPSTMLLMJHOFFEF98CB,淡海段,18.02,都市：住
RPOUMLLMJHOFFEF68CB,淡海段,18.02,都市：住
RPPUMLLMJHOFFEF78CB,淡海段,18.02,都市：住
RPQUMLLMJHOFFEF88CB,淡海段,18.02,都市：住
RPXTMLLMJHOFFEF86CB,淡海段,18.02,都市：住
RPWTMLLMJHOFFEF76CB,淡海段,18.02,都市：住
RPRUMLLMJHOFFEF98CB,淡海段,18.02,都市：住
RPUUMLLMJHOFFEF66CB,淡海段,25.23,都市：住
RPVUMLLMJHOFFEF76CB,淡海段,25.23,都市：住
RPPVMLLMJHOFFEF88CB,淡海段,25.23,都市：住
RPWUMLLMJHOFFEF86CB,淡海段,25.23,都市：住
RPOVMLLMJHOFFEF78CB,淡海段,25.23,都市：住
RPXUMLLMJHOFFEF96CB,淡海段,25.23,都市：住
RPQVMLLMJHOFFEF98CB,淡海段,25.23,都市：住
RPUVMLLMJHOFFEF76CB,淡海段,27.81,都市：住
RPWVMLLMJHOFFEF96CB,淡海段,27.81,都市：住
RPSVMLLMJHOFFEF56CB,淡海段,27.81,都市：住
RPOWMLLMJHOFFEF88CB,淡海段,27.81,都市：住
RPPWMLLMJHOFFEF98CB,淡海段,27.81,都市：住
RPQWMLLMJHOFFEF09CB,淡海段,27.81,都市：住
RPXVMLLMJHOFFEF07CB,淡海段,27.81,都市：住
RPRVMLLMJHOFFEF09CB,淡海段,27.81,都市：住
RPTVMLLMJHOFFEF66CB,淡海段,27.81,都市：住
RPXWMLLMJHOFFEF17CB,淡海段,27.81,都市：住
RPRWMLLMJHOFFEF56CB,淡海段,27.81,都市：住
RPONNLLMJHOFFEF08CB,淡海段,27.81,都市：住
RPSWMLLMJHOFFEF66CB,淡海段,27.81,都市：住
RPTWMLLMJHOFFEF76CB,淡海段,27.81,都市：住
RPQNNLLMJHOFFEF28CB,淡海段,27.81,都市：住
RPTNNLLMJHOFFEF58CB,淡海段,27.81,都市：住
RPWNNLLMJHOFFEF88CB,淡海段,27.81,都市：住
RPUNNLLMJHOFFEF68CB,淡海段,27.81,都市：住
RPQONLLMJHOFFEF38CB,淡海段,18.02,都市：住
RPTONLLMJHOFFEF68CB,淡海段,20.08,都市：住
RPWONLLMJHOFFEF98CB,淡海段,20.08,都市：住
RPOONLLMJHOFFEF18CB,淡海段,25.75,都市：住
RPXNNLLMJHOFFEF98CB,淡海段,28.32,都市：住
RPRONLLMJHOFFEF48CB,淡海段,18.02,都市：住
RPSONLLMJHOFFEF58CB,淡海段,20.08,都市：住
RPUONLLMJHOFFEF78CB,淡海段,20.08,都市：住
RPXONLLMJHOFFEF09CB,淡海段,20.08,都市：住
RPOPNLLMJHOFFEF28CB,淡海段,20.08,都市：住
RPRPNLLMJHOFFEF58CB,淡海段,20.08,都市：住
RPSPNLLMJHOFFEF68CB,淡海段,20.08,都市：住
RPQPNLLMJHOFFEF48CB,淡海段,20.08,都市：住
RPPPNLLMJHOFFEF38CB,淡海段,20.08,都市：住
RPTPNLLMJHOFFEF78CB,淡海段,20.08,都市：住
RPOQMLLMJHOFFBF97CB,芳洲段,18.92,都市：住
RPTOMLLMJHOFFBF28CB,芳洲段,23.88,都市：住
RPOPMLLMJHOFFBF87CB,芳洲段,18.92,都市：住
RPPPMLLMJHOFFBF97CB,芳洲段,19.02,都市：住
