﻿鄉鎮市區,交易標的,土地區段位置建物區段門牌,土地面積平方公尺,都市土地使用分區,非都市土地使用分區,非都市土地使用編定,租賃年月日,租賃筆棟數,租賃層次,總樓層數,建物型態,主要用途,主要建材,建築完成年月,建物總面積平方公尺,建物現況格局-房,建物現況格局-廳,建物現況格局-衛,建物現況格局-隔間,有無管理組織,有無附傢俱,總額元,單價元平方公尺,車位類別,車位面積平方公尺,車位總額元,備註,編號
The villages and towns urban district,transaction sign,land sector position building sector house number plate,land shifting total area square meter,the use zoning or compiles and checks,the non-metropolis land use district,non-metropolis land use,transaction year month and day,transaction pen number,shifting level,total floor number,building state,main use,main building materials,construction to complete the years,building shifting total area,Building present situation pattern - room,building present situation pattern - hall,building present situation pattern - health,building present situation pattern - compartmented,Whether there is manages the organization,Whether there is attaches the furniture,total price NTD,the unit price (NTD / square meter),the berth category,berth shifting total area square meter,the berth total price NTD,the note,serial number
斗六市,建物,雲林縣斗六市大同路121~150號,245.0,住,,,1071025,土地0建物1車位0,全,3,透天厝,住商用,鋼筋混凝土造,0790321,288.09,0,0,0,無,無,無,30000,104,,0.0,0,,RPWOMLPKJINFFAP17CC
斗六市,房地(土地+建物)+車位,雲林縣斗六市石榴路369巷121~150號,36.11,,特定農業區,甲種建築用地,1071211,土地1建物1車位1,七層,10,華廈(10層含以下有電梯),見其他登記事項,鋼筋混凝土造,0971101,158.82,3,2,2,有,無,無,12000,76,坡道平面,34.19,0,,RPWNMLOJJHOFFAP86CC
斗六市,建物,雲林縣斗六市公正街31~60號,0.0,商,,,1071224,土地0建物1車位0,五層,10,套房(1房1廳1衛),住家用,鋼筋混凝土造,0871030,45.94,1,1,1,有,無,有,10000,218,,0.0,0,,RPVNMLTJJHOFFAP27CC
斗六市,建物,雲林縣斗六市公正街31~60號,0.0,商,,,1071217,土地0建物1車位0,五層,10,套房(1房1廳1衛),住家用,鋼筋混凝土造,0871030,53.400000000000006,1,1,1,有,無,有,11000,206,,0.0,0,,RPWNMLTJJHOFFAP37CC
斗六市,建物,雲林縣斗六市武陵街49巷1~30號,0.0,住,,,1071217,土地0建物1車位0,八層,12,套房(1房1廳1衛),住家用,鋼筋混凝土造,0831115,49.64,1,1,1,有,無,有,11000,222,,0.0,0,,RPXNMLTJJHOFFAP47CC
斗六市,房地(土地+建物),雲林縣斗六市雲林路一段211~240號,83.0,住,,,1080101,土地1建物1車位0,見其他登記事項,2,店面(店鋪),住商用,磚造,0560630,68.33,3,1,2,有,無,有,16000,234,,0.0,0,有民情風俗因素之交易。;,RPQOMLTJJHOFFAP86CC
