﻿編號,土地區段位置,土地移轉面積平方公尺,使用分區或編定
The serial number,land sector position,land shifting area square meter,the use zoning or compiles and checks
RPWOMLPKJINFFAP17CC,斗六段,245.00,都市：住
RPVNMLTJJHOFFAP27CC,斗六段,.00,都市：商
RPWNMLOJJHOFFAP86CC,石榴段,36.11,非都市：特定農業區 ; 非都市編定：甲種建築用地
RPQOMLTJJHOFFAP86CC,斗六段,83.00,都市：住
RPWNMLTJJHOFFAP37CC,斗六段,.00,都市：商
RPXNMLTJJHOFFAP47CC,大潭段社口小段,.00,都市：住
