﻿鄉鎮市區,交易標的,土地區段位置建物區段門牌,土地移轉總面積平方公尺,都市土地使用分區,非都市土地使用分區,非都市土地使用編定,交易年月日,交易筆棟數,移轉層次,總樓層數,建物型態,主要用途,主要建材,建築完成年月,建物移轉總面積平方公尺,建物現況格局-房,建物現況格局-廳,建物現況格局-衛,建物現況格局-隔間,有無管理組織,總價元,單價元平方公尺,車位類別,車位移轉總面積平方公尺,車位總價元,備註,編號
The villages and towns urban district,transaction sign,land sector position building sector house number plate,land shifting total area square meter,the use zoning or compiles and checks,the non-metropolis land use district,non-metropolis land use,transaction year month and day,transaction pen number,shifting level,total floor number,building state,main use,main building materials,construction to complete the years,building shifting total area,Building present situation pattern - room,building present situation pattern - hall,building present situation pattern - health,building present situation pattern - compartmented,Whether there is manages the organization,total price NTD,the unit price (NTD / square meter),the berth category,berth shifting total area square meter,the berth total price NTD,the note,serial number
士林區,房地(土地+建物)+車位,芝山段一小段601~630地號,99.48,住,,,1030817,土地2建物1車位3,十層,14,住宅大樓(11層含以上有電梯),住家用,鋼筋混凝土造,,500.48,3,2,3,有,無,136700000,337721,坡道平面,119.1,7900000,,RPXNMLOJLHOFFEA58CB
中山區,房地(土地+建物),長安段四小段1~30地號,11.36,商,,,1071003,土地3建物1車位0,九層,13,住宅大樓(11層含以上有電梯),住家用,鋼筋混凝土造,,97.57,2,1,2,有,無,27200000,278774,,0.0,0,,RPTNMLLKLHOFFCA77CB
萬華區,房地(土地+建物)+車位,雙園段三小段871~900地號,16.48,住,,,1070817,土地1建物1車位1,五層,14,住宅大樓(11層含以上有電梯),住家用,鋼筋混凝土造,,125.04,2,2,1,有,無,15800000,151410,坡道平面,38.52,2700000,,RPROMLLKLHOFFBA57CB
萬華區,房地(土地+建物)+車位,雙園段三小段871~900地號,16.11,住,,,1070729,土地1建物1車位1,四層,14,住宅大樓(11層含以上有電梯),住家用,鋼筋混凝土造,,122.2,2,2,1,有,無,15000000,148184,坡道平面,38.52,2600000,,RPTOMLLKLHOFFBA77CB
萬華區,房地(土地+建物),雙園段三小段871~900地號,11.4,住,,,1070805,土地1建物1車位0,七層,14,住宅大樓(11層含以上有電梯),住家用,鋼筋混凝土造,,86.52,2,2,1,有,無,14180000,163893,,0.0,0,,RPVOMLLKLHOFFBA97CB
萬華區,房地(土地+建物),雙園段三小段871~900地號,11.4,住,,,1070709,土地1建物1車位0,三層,14,住宅大樓(11層含以上有電梯),住家用,鋼筋混凝土造,,86.52,2,2,1,有,無,12950000,149676,,0.0,0,,RPWOMLLKLHOFFBA08CB
萬華區,房地(土地+建物),雙園段三小段871~900地號,11.03,住,,,1070708,土地1建物1車位0,二層,14,住宅大樓(11層含以上有電梯),住家用,鋼筋混凝土造,,83.68,2,2,1,有,無,12020000,143642,,0.0,0,,RPXOMLLKLHOFFBA18CB
萬華區,房地(土地+建物)+車位,雙園段三小段871~900地號,15.7,住,,,1070716,土地1建物1車位1,六層,14,住宅大樓(11層含以上有電梯),住家用,鋼筋混凝土造,,119.12,2,2,1,有,無,15450000,153561,坡道平面,35.44,2600000,,RPPPMLLKLHOFFBA47CB
萬華區,房地(土地+建物)+車位,雙園段三小段871~900地號,21.93,住,,,1071025,土地1建物1車位1,六層,14,住宅大樓(11層含以上有電梯),住家用,鋼筋混凝土造,,166.38,3,2,2,有,無,21600000,147818,坡道平面,38.52,2700000,,RPQPMLLKLHOFFBA57CB
萬華區,房地(土地+建物)+車位,雙園段三小段871~900地號,21.15,住,,,1070729,土地1建物1車位1,三層,14,住宅大樓(11層含以上有電梯),住家用,鋼筋混凝土造,,160.45,3,2,2,有,無,19680000,136629,坡道平面,35.44,2600000,,RPRPMLLKLHOFFBA67CB
萬華區,房地(土地+建物)+車位,雙園段三小段871~900地號,27.01,住,,,1070810,土地1建物1車位2,二層,14,住宅大樓(11層含以上有電梯),住家用,鋼筋混凝土造,,204.9,3,2,2,有,無,21800000,128265,坡道平面,77.04,5400000,,RPSPMLLKLHOFFBA77CB
萬華區,房地(土地+建物)+車位,雙園段三小段871~900地號,16.11,住,,,1070816,土地1建物1車位1,十二層,14,住宅大樓(11層含以上有電梯),住家用,鋼筋混凝土造,,122.2,2,2,1,有,無,15600000,154159,坡道平面,38.52,2700000,,RPUPMLLKLHOFFBA97CB
萬華區,房地(土地+建物)+車位,雙園段三小段871~900地號,16.08,住,,,1070703,土地1建物1車位1,十一層,14,住宅大樓(11層含以上有電梯),住家用,鋼筋混凝土造,,121.96,2,2,1,有,無,16050000,162390,坡道平面,35.44,2000000,,RPVPMLLKLHOFFBA08CB
萬華區,房地(土地+建物)+車位,雙園段三小段871~900地號,16.94,住,,,1070818,土地1建物1車位1,十三層,14,住宅大樓(11層含以上有電梯),住家用,鋼筋混凝土造,,128.54,2,2,1,有,無,16700000,162968,坡道平面,42.02,2600000,,RPWPMLLKLHOFFBA18CB
萬華區,房地(土地+建物)+車位,雙園段三小段871~900地號,16.11,住,,,1070702,土地1建物1車位1,十層,14,住宅大樓(11層含以上有電梯),住家用,鋼筋混凝土造,,122.2,2,2,1,有,無,15780000,157505,坡道平面,38.52,2600000,,RPOQMLLKLHOFFBA47CB
萬華區,房地(土地+建物)+車位,雙園段三小段871~900地號,16.11,住,,,1070818,土地1建物1車位1,十四層,14,住宅大樓(11層含以上有電梯),住家用,鋼筋混凝土造,,122.2,2,2,1,有,無,15980000,158700,坡道平面,38.52,2700000,,RPPQMLLKLHOFFBA57CB
萬華區,房地(土地+建物)+車位,雙園段三小段871~900地號,21.55,住,,,1071004,土地1建物1車位1,五層,14,住宅大樓(11層含以上有電梯),住家用,鋼筋混凝土造,,163.53,3,2,2,有,無,20900000,144788,坡道平面,38.52,2800000,,RPQQMLLKLHOFFBA67CB
萬華區,房地(土地+建物)+車位,雙園段三小段871~900地號,16.85,住,,,1070915,土地1建物1車位1,二層,14,住宅大樓(11層含以上有電梯),住家用,鋼筋混凝土造,,127.83,2,2,1,有,無,16850000,155320,坡道平面,35.44,2500000,,RPRQMLLKLHOFFBA77CB
萬華區,房地(土地+建物)+車位,雙園段三小段871~900地號,21.93,住,,,1070930,土地1建物1車位1,四層,14,住宅大樓(11層含以上有電梯),住家用,鋼筋混凝土造,,166.38,3,2,2,有,無,20900000,143125,坡道平面,38.52,2600000,,RPSQMLLKLHOFFBA87CB
萬華區,房地(土地+建物)+車位,雙園段三小段871~900地號,16.88,住,,,1070819,土地1建物1車位1,三層,14,住宅大樓(11層含以上有電梯),住家用,鋼筋混凝土造,,128.08,2,2,1,有,無,16500000,154087,坡道平面,38.52,2700000,,RPTQMLLKLHOFFBA97CB
萬華區,房地(土地+建物)+車位,雙園段三小段871~900地號,21.15,住,,,1070720,土地1建物1車位1,十一層,14,住宅大樓(11層含以上有電梯),住家用,鋼筋混凝土造,,160.45,3,2,2,有,無,21400000,150388,坡道平面,35.44,2600000,,RPVQMLLKLHOFFBA18CB
萬華區,房地(土地+建物)+車位,雙園段三小段871~900地號,21.93,住,,,1070831,土地1建物1車位1,十二層,14,住宅大樓(11層含以上有電梯),住家用,鋼筋混凝土造,,166.38,3,2,2,有,無,22980000,157829,坡道平面,38.52,2800000,,RPXQMLLKLHOFFBA38CB
萬華區,房地(土地+建物)+車位,雙園段三小段871~900地號,21.55,住,,,1070907,土地1建物1車位1,十三層,14,住宅大樓(11層含以上有電梯),住家用,鋼筋混凝土造,,163.53,3,2,2,有,無,21800000,152788,坡道平面,38.52,2700000,,RPORMLLKLHOFFBA57CB
萬華區,房地(土地+建物)+車位,雙園段三小段871~900地號,21.55,住,,,1070713,土地1建物1車位1,七層,14,住宅大樓(11層含以上有電梯),住家用,鋼筋混凝土造,,163.53,3,2,2,有,無,22500000,159187,坡道平面,38.52,2600000,,RPPRMLLKLHOFFBA67CB
萬華區,房地(土地+建物)+車位,雙園段三小段871~900地號,16.85,住,,,1070906,土地1建物1車位1,四層,14,住宅大樓(11層含以上有電梯),住家用,鋼筋混凝土造,,127.83,2,2,1,有,無,17280000,159974,坡道平面,35.44,2500000,,RPQRMLLKLHOFFBA77CB
萬華區,房地(土地+建物)+車位,雙園段三小段871~900地號,16.88,住,,,1070901,土地1建物1車位1,五層,14,住宅大樓(11層含以上有電梯),住家用,鋼筋混凝土造,,128.08,2,2,1,有,無,16680000,157213,坡道平面,38.52,2600000,,RPSRMLLKLHOFFBA97CB
萬華區,房地(土地+建物)+車位,雙園段三小段871~900地號,21.93,住,,,1070818,土地1建物1車位1,十四層,14,住宅大樓(11層含以上有電梯),住家用,鋼筋混凝土造,,166.38,3,2,2,有,無,22780000,157047,坡道平面,38.52,2700000,,RPTRMLLKLHOFFBA08CB
萬華區,房地(土地+建物)+車位,雙園段三小段871~900地號,21.81,住,,,1070809,土地1建物1車位1,五層,14,住宅大樓(11層含以上有電梯),住家用,鋼筋混凝土造,,165.51,3,2,2,有,無,21880000,151036,坡道平面,38.52,2700000,,RPURMLLKLHOFFBA18CB
萬華區,房地(土地+建物)+車位,雙園段三小段871~900地號,21.93,住,,,1071013,土地1建物1車位1,十層,14,住宅大樓(11層含以上有電梯),住家用,鋼筋混凝土造,,166.38,3,2,2,有,無,22100000,150946,坡道平面,38.52,2800000,,RPVRMLLKLHOFFBA28CB
萬華區,房地(土地+建物)+車位,雙園段三小段871~900地號,16.48,住,,,1070728,土地1建物1車位1,十一層,14,住宅大樓(11層含以上有電梯),住家用,鋼筋混凝土造,,125.0,2,2,1,有,無,16800000,159669,坡道平面,35.44,2500000,,RPXRMLLKLHOFFBA48CB
萬華區,房地(土地+建物)+車位,雙園段三小段871~900地號,17.25,住,,,1070915,土地1建物1車位1,十四層,14,住宅大樓(11層含以上有電梯),住家用,鋼筋混凝土造,,130.91,2,2,1,有,無,17630000,162680,坡道平面,38.52,2600000,,RPOSMLLKLHOFFBA67CB
萬華區,房地(土地+建物)+車位,雙園段三小段871~900地號,17.25,住,,,1070807,土地1建物1車位1,十二層,14,住宅大樓(11層含以上有電梯),住家用,鋼筋混凝土造,,130.91,2,2,1,有,無,17230000,157268,坡道平面,38.52,2700000,,RPPSMLLKLHOFFBA77CB
萬華區,房地(土地+建物)+車位,雙園段三小段871~900地號,16.88,住,,,1070728,土地1建物1車位1,十三層,14,住宅大樓(11層含以上有電梯),住家用,鋼筋混凝土造,,128.08,2,2,1,有,無,16980000,160563,坡道平面,38.52,2600000,,RPRSMLLKLHOFFBA97CB
萬華區,房地(土地+建物)+車位,雙園段三小段871~900地號,21.44,住,,,1071118,土地1建物1車位1,四層,14,住宅大樓(11層含以上有電梯),住家用,鋼筋混凝土造,,162.67,3,2,2,有,無,21580000,151269,坡道平面,38.52,2800000,,RPSSMLLKLHOFFBA08CB
萬華區,房地(土地+建物)+車位,雙園段三小段871~900地號,21.81,住,,,1071118,土地1建物1車位1,二層,14,住宅大樓(11層含以上有電梯),住家用,鋼筋混凝土造,,165.51,3,2,2,有,無,23560000,164265,坡道平面,38.52,2700000,,RPUSMLLKLHOFFBA28CB
萬華區,房地(土地+建物)+車位,雙園段三小段871~900地號,17.25,住,,,1070811,土地1建物1車位1,六層,14,住宅大樓(11層含以上有電梯),住家用,鋼筋混凝土造,,130.91,2,2,1,有,無,16580000,151315,坡道平面,38.52,2600000,,RPVSMLLKLHOFFBA38CB
萬華區,房地(土地+建物)+車位,雙園段三小段871~900地號,21.81,住,,,1071025,土地1建物1車位1,三層,14,住宅大樓(11層含以上有電梯),住家用,鋼筋混凝土造,,165.51,3,2,2,有,無,21700000,149618,坡道平面,38.52,2700000,,RPWSMLLKLHOFFBA48CB
萬華區,房地(土地+建物)+車位,雙園段三小段871~900地號,17.25,住,,,1070820,土地1建物1車位1,十層,14,住宅大樓(11層含以上有電梯),住家用,鋼筋混凝土造,,130.91,2,2,1,有,無,17000000,155861,坡道平面,38.52,2600000,,RPOTMLLKLHOFFBA77CB
萬華區,房地(土地+建物),雙園段三小段871~900地號,16.74,住,,,1070815,土地1建物1車位0,十一層,14,住宅大樓(11層含以上有電梯),住家用,鋼筋混凝土造,,126.99,3,2,2,有,無,19880000,156548,,0.0,0,,RPQTMLLKLHOFFBA97CB
萬華區,房地(土地+建物)+車位,雙園段三小段871~900地號,12.49,住,,,1070717,土地1建物1車位1,四層,14,住宅大樓(11層含以上有電梯),住家用,鋼筋混凝土造,,94.8,1,1,1,有,無,11590000,153133,坡道平面,35.44,2500000,,RPRTMLLKLHOFFBA08CB
萬華區,房地(土地+建物)+車位,雙園段三小段871~900地號,21.41,住,,,1070701,土地1建物1車位1,七層,14,住宅大樓(11層含以上有電梯),住家用,鋼筋混凝土造,,162.43,3,2,2,有,無,22000000,153555,坡道平面,35.44,2500000,,RPSTMLLKLHOFFBA18CB
萬華區,房地(土地+建物),雙園段三小段871~900地號,7.82,住,,,1070906,土地1建物1車位0,三層,14,住宅大樓(11層含以上有電梯),住家用,鋼筋混凝土造,,59.36,1,1,1,有,無,8950000,150775,,0.0,0,,RPTTMLLKLHOFFBA28CB
萬華區,房地(土地+建物)+車位,雙園段三小段871~900地號,21.81,住,,,1070930,土地1建物1車位1,十三層,14,住宅大樓(11層含以上有電梯),住家用,鋼筋混凝土造,,165.51,3,2,2,有,無,22000000,151980,坡道平面,38.52,2700000,,RPUTMLLKLHOFFBA38CB
萬華區,房地(土地+建物)+車位,雙園段三小段871~900地號,21.04,住,,,1070701,土地1建物1車位1,六層,14,住宅大樓(11層含以上有電梯),住家用,鋼筋混凝土造,,159.59,3,2,2,有,無,21510000,155135,坡道平面,35.44,2250000,,RPWTMLLKLHOFFBA58CB
萬華區,房地(土地+建物)+車位,雙園段三小段871~900地號,21.44,住,,,1070713,土地1建物1車位1,十層,14,住宅大樓(11層含以上有電梯),住家用,鋼筋混凝土造,,162.67,3,2,2,有,無,21600000,153041,坡道平面,38.52,2600000,,RPXTMLLKLHOFFBA68CB
萬華區,房地(土地+建物)+車位,雙園段三小段871~900地號,21.44,住,,,1071022,土地1建物1車位1,十四層,14,住宅大樓(11層含以上有電梯),住家用,鋼筋混凝土造,,162.67,3,2,2,有,無,21880000,153685,坡道平面,38.52,2800000,,RPPUMLLKLHOFFBA97CB
萬華區,房地(土地+建物),雙園段三小段871~900地號,7.82,住,,,1070923,土地1建物1車位0,二層,14,住宅大樓(11層含以上有電梯),住家用,鋼筋混凝土造,,59.36,2,1,1,有,無,8880000,149596,,0.0,0,,RPQUMLLKLHOFFBA08CB
萬華區,房地(土地+建物)+車位,雙園段三小段871~900地號,21.44,住,,,1070627,土地1建物1車位1,十二層,14,住宅大樓(11層含以上有電梯),住家用,鋼筋混凝土造,,162.67,3,2,2,有,無,22000000,155457,坡道平面,38.52,2700000,,RPRUMLLKLHOFFBA18CB
萬華區,房地(土地+建物)+車位,雙園段三小段871~900地號,12.53,住,,,1070925,土地1建物1車位1,四層,14,住宅大樓(11層含以上有電梯),住家用,鋼筋混凝土造,,95.05,1,1,1,有,無,10660000,142579,坡道平面,38.52,2600000,,RPSUMLLKLHOFFBA28CB
萬華區,房地(土地+建物),雙園段三小段871~900地號,7.45,住,,,1070826,土地1建物1車位0,三層,14,住宅大樓(11層含以上有電梯),住家用,鋼筋混凝土造,,56.53,2,1,1,有,無,8510000,150540,,0.0,0,,RPTUMLLKLHOFFBA38CB
萬華區,房地(土地+建物),雙園段三小段871~900地號,7.82,住,,,1071208,土地1建物1車位0,十四層,14,住宅大樓(11層含以上有電梯),住家用,鋼筋混凝土造,,59.36,2,1,1,有,無,9920000,167116,,0.0,0,,RPUUMLLKLHOFFBA48CB
萬華區,房地(土地+建物),雙園段三小段871~900地號,7.82,住,,,1071017,土地1建物1車位0,五層,14,住宅大樓(11層含以上有電梯),住家用,鋼筋混凝土造,,59.36,1,1,1,有,無,9000000,151617,,0.0,0,,RPVUMLLKLHOFFBA58CB
萬華區,房地(土地+建物)+車位,雙園段三小段871~900地號,12.99,住,,,1070825,土地1建物1車位1,二層,14,住宅大樓(11層含以上有電梯),住家用,鋼筋混凝土造,,98.55,1,1,1,有,無,11000000,148594,坡道平面,42.02,2600000,,RPWUMLLKLHOFFBA68CB
萬華區,房地(土地+建物),雙園段三小段871~900地號,7.82,住,,,1070824,土地1建物1車位0,六層,14,住宅大樓(11層含以上有電梯),住家用,鋼筋混凝土造,,59.36,2,1,1,有,無,10060000,169474,,0.0,0,,RPXUMLLKLHOFFBA78CB
萬華區,房地(土地+建物)+車位,雙園段三小段871~900地號,12.9,住,,,1071014,土地1建物1車位1,十二層,14,住宅大樓(11層含以上有電梯),住家用,鋼筋混凝土造,,97.88,2,1,1,有,無,12300000,161725,坡道平面,38.52,2700000,,RPOVMLLKLHOFFBA97CB
萬華區,房地(土地+建物)+車位,雙園段三小段871~900地號,12.89,住,,,1071208,土地1建物1車位1,十三層,14,住宅大樓(11層含以上有電梯),住家用,鋼筋混凝土造,,97.88,2,1,1,有,無,12550000,164252,坡道平面,38.52,2800000,,RPPVMLLKLHOFFBA08CB
萬華區,房地(土地+建物)+車位,雙園段三小段871~900地號,13.56,住,,,1070929,土地1建物1車位1,十二層,14,住宅大樓(11層含以上有電梯),住家用,鋼筋混凝土造,,102.94,1,1,1,有,無,12920000,160199,坡道平面,38.52,2600000,,RPQVMLLKLHOFFBA18CB
萬華區,房地(土地+建物),雙園段三小段871~900地號,8.49,住,,,1070908,土地1建物1車位0,二層,14,住宅大樓(11層含以上有電梯),住家用,鋼筋混凝土造,,64.42,1,1,1,有,無,9000000,139708,,0.0,0,,RPRVMLLKLHOFFBA28CB
萬華區,房地(土地+建物)+車位,雙園段三小段871~900地號,12.9,住,,,1070820,土地1建物1車位1,十層,14,住宅大樓(11層含以上有電梯),住家用,鋼筋混凝土造,,97.88,1,1,1,有,無,12000000,158356,坡道平面,38.52,2600000,,RPUNMLMKLHOFFBA87CB
萬華區,房地(土地+建物)+車位,雙園段三小段871~900地號,13.36,住,,,1080116,土地1建物1車位1,十一層,14,住宅大樓(11層含以上有電梯),住家用,鋼筋混凝土造,,101.38,1,1,1,有,無,11700000,156671,坡道平面,42.02,2400000,,RPROMLMKLHOFFBA67CB
萬華區,房地(土地+建物)+車位,雙園段三小段871~900地號,13.57,住,,,1070818,土地1建物1車位1,五層,14,住宅大樓(11層含以上有電梯),住家用,鋼筋混凝土造,,102.94,2,1,1,有,無,12000000,144365,坡道平面,38.52,2700000,,RPSOMLMKLHOFFBA77CB
萬華區,房地(土地+建物)+車位,雙園段三小段871~900地號,13.57,住,,,1070818,土地1建物1車位1,六層,14,住宅大樓(11層含以上有電梯),住家用,鋼筋混凝土造,,102.94,2,1,1,有,無,12640000,155852,坡道平面,38.52,2600000,,RPTOMLMKLHOFFBA87CB
萬華區,房地(土地+建物)+車位,雙園段三小段871~900地號,12.53,住,,,1070728,土地1建物1車位1,五層,14,住宅大樓(11層含以上有電梯),住家用,鋼筋混凝土造,,95.05,1,1,1,有,無,11380000,155316,坡道平面,38.52,2600000,,RPUOMLMKLHOFFBA97CB
萬華區,房地(土地+建物)+車位,雙園段三小段871~900地號,13.57,住,,,1070929,土地1建物1車位1,七層,14,住宅大樓(11層含以上有電梯),住家用,鋼筋混凝土造,,102.94,2,1,1,有,無,13000000,159888,坡道平面,38.52,2700000,,RPVOMLMKLHOFFBA08CB
萬華區,房地(土地+建物)+車位,雙園段三小段871~900地號,13.57,住,,,1070720,土地1建物1車位1,十一層,14,住宅大樓(11層含以上有電梯),住家用,鋼筋混凝土造,,102.94,1,1,1,有,無,12550000,152903,坡道平面,38.52,2700000,,RPWOMLMKLHOFFBA18CB
萬華區,房地(土地+建物)+車位,雙園段三小段871~900地號,12.38,住,,,1071116,土地1建物1車位1,十二層,14,住宅大樓(11層含以上有電梯),住家用,鋼筋混凝土造,,95.04,1,1,1,有,無,12200000,168082,坡道平面,38.52,2700000,,RPXOMLMKLHOFFBA28CB
萬華區,房地(土地+建物)+車位,雙園段三小段871~900地號,12.39,住,,,1071001,土地1建物1車位1,十層,14,住宅大樓(11層含以上有電梯),住家用,鋼筋混凝土造,,93.98,2,1,1,有,無,11300000,156870,坡道平面,38.52,2600000,,RPOPMLMKLHOFFBA47CB
萬華區,房地(土地+建物)+車位,雙園段三小段871~900地號,13.56,住,,,1071124,土地1建物1車位1,十層,14,住宅大樓(11層含以上有電梯),住家用,鋼筋混凝土造,,102.94,2,1,1,有,無,13220000,163303,坡道平面,38.52,2700000,,RPPPMLMKLHOFFBA57CB
萬華區,房地(土地+建物)+車位,雙園段三小段871~900地號,13.36,住,,,1080106,土地1建物1車位1,七層,14,住宅大樓(11層含以上有電梯),住家用,鋼筋混凝土造,,101.38,2,1,1,有,無,13100000,163856,坡道平面,38.52,2800000,,RPQPMLMKLHOFFBA67CB
萬華區,房地(土地+建物),雙園段三小段871~900地號,8.29,住,,,1071112,土地1建物1車位0,四層,14,住宅大樓(11層含以上有電梯),住家用,鋼筋混凝土造,,62.86,2,1,1,有,無,9470000,150652,,0.0,0,,RPRPMLMKLHOFFBA77CB
萬華區,房地(土地+建物)+車位,雙園段三小段871~900地號,13.36,住,,,1070725,土地1建物1車位1,五層,14,住宅大樓(11層含以上有電梯),住家用,鋼筋混凝土造,,101.38,2,1,1,有,無,11750000,145562,坡道平面,38.52,2600000,,RPTPMLMKLHOFFBA97CB
萬華區,房地(土地+建物)+車位,雙園段三小段871~900地號,13.36,住,,,1080112,土地1建物1車位1,十層,14,住宅大樓(11層含以上有電梯),住家用,鋼筋混凝土造,,101.38,2,1,1,有,無,12300000,154311,坡道平面,38.52,2600000,,RPUPMLMKLHOFFBA08CB
萬華區,房地(土地+建物)+車位,雙園段三小段871~900地號,13.36,住,,,1071006,土地1建物1車位1,二層,14,住宅大樓(11層含以上有電梯),住家用,鋼筋混凝土造,,101.38,1,1,1,有,無,10680000,128540,坡道平面,38.52,2600000,,RPVPMLMKLHOFFBA18CB
萬華區,房地(土地+建物),雙園段三小段871~900地號,8.29,住,,,1070919,土地1建物1車位0,三層,14,住宅大樓(11層含以上有電梯),住家用,鋼筋混凝土造,,62.86,2,1,1,有,無,9450000,150334,,0.0,0,,RPWPMLMKLHOFFBA28CB
萬華區,房地(土地+建物)+車位,雙園段三小段871~900地號,13.36,住,,,1070901,土地1建物1車位1,六層,14,住宅大樓(11層含以上有電梯),住家用,鋼筋混凝土造,,101.38,2,1,1,有,無,12500000,155902,坡道平面,38.52,2700000,,RPXPMLMKLHOFFBA38CB
萬華區,房地(土地+建物)+車位,雙園段三小段871~900地號,13.56,住,,,1080111,土地1建物1車位1,十三層,14,住宅大樓(11層含以上有電梯),住家用,鋼筋混凝土造,,102.94,1,1,1,有,無,13030000,160354,坡道平面,38.52,2700000,,RPOQMLMKLHOFFBA57CB
萬華區,房地(土地+建物),雙園段三小段871~900地號,8.29,住,,,1070929,土地1建物1車位0,十二層,14,住宅大樓(11層含以上有電梯),住家用,鋼筋混凝土造,,62.86,1,1,1,有,無,10080000,160356,,0.0,0,,RPPQMLMKLHOFFBA67CB
萬華區,房地(土地+建物)+車位,雙園段三小段871~900地號,12.96,住,,,1080111,土地1建物1車位1,十三層,14,住宅大樓(11層含以上有電梯),住家用,鋼筋混凝土造,,98.3,1,1,1,有,無,12780000,160356,坡道平面,35.44,2700000,,RPQQMLMKLHOFFBA77CB
大安區,房地(土地+建物)+車位,通化段五小段331~360地號,11.14,住,,,1070810,土地1建物1車位1,三層,7,華廈(10層含以下有電梯),住家用,鋼筋混凝土造,,61.36,1,1,1,有,無,19680000,356505,升降機械,13.17,2500000,,RPUNMLPKLHOFFFA58CB
大安區,房地(土地+建物)+車位,通化段五小段331~360地號,11.14,住,,,1070810,土地1建物1車位1,四層,7,華廈(10層含以下有電梯),住家用,鋼筋混凝土造,,61.36,1,1,1,有,無,21000000,383897,升降機械,13.17,2500000,,RPVNMLPKLHOFFFA68CB
大安區,房地(土地+建物)+車位,通化段五小段331~360地號,10.79,住,,,1071014,土地1建物1車位1,三層,7,華廈(10層含以下有電梯),住家用,鋼筋混凝土造,,57.89,1,1,1,有,無,18580000,359571,升降機械,13.17,2500000,,RPWNMLPKLHOFFFA78CB
大安區,房地(土地+建物)+車位,通化段五小段331~360地號,14.24,住,,,1071104,土地1建物1車位1,六層,7,華廈(10層含以下有電梯),住家用,鋼筋混凝土造,,76.42,1,1,1,有,無,28570000,412174,升降機械,13.17,2500000,,RPOOMLPKLHOFFFA08CB
大安區,房地(土地+建物)+車位,通化段五小段331~360地號,11.14,住,,,1070929,土地1建物1車位1,一層,7,華廈(10層含以下有電梯),住家用,鋼筋混凝土造,,54.45,1,1,1,有,無,24500000,532946,升降機械,13.17,2500000,,RPSOMLPKLHOFFFA48CB
大安區,房地(土地+建物)+車位,通化段五小段331~360地號,10.9,住,,,1071112,土地1建物1車位1,七層,7,華廈(10層含以下有電梯),住家用,鋼筋混凝土造,,64.46,1,1,1,有,無,23000000,399688,升降機械,13.17,2500000,,RPTOMLPKLHOFFFA58CB
大安區,房地(土地+建物),通化段五小段331~360地號,10.83,住,,,1070810,土地1建物1車位0,四層,7,華廈(10層含以下有電梯),住家用,鋼筋混凝土造,,45.65,1,1,1,有,無,16030000,351150,,0.0,0,,RPUOMLPKLHOFFFA68CB
大安區,房地(土地+建物)+車位,通化段五小段331~360地號,11.37,住,,,1070810,土地1建物1車位1,四層,7,華廈(10層含以下有電梯),住家用,鋼筋混凝土造,,59.81,1,1,1,有,無,18850000,350557,升降機械,13.17,2500000,,RPVOMLPKLHOFFFA78CB
大安區,房地(土地+建物)+車位,通化段五小段331~360地號,10.79,住,,,1071102,土地1建物1車位1,四層,7,華廈(10層含以下有電梯),住家用,鋼筋混凝土造,,57.89,1,1,1,有,無,18800000,364490,升降機械,13.17,2500000,,RPWOMLPKLHOFFFA88CB
大安區,房地(土地+建物),通化段五小段331~360地號,11.1,住,,,1070910,土地1建物1車位0,二層,7,華廈(10層含以下有電梯),住家用,鋼筋混凝土造,,48.56,1,1,1,有,無,16980000,349671,,0.0,0,,RPXOMLPKLHOFFFA98CB
萬華區,房地(土地+建物)+車位,漢中段二小段961~990地號,17.51,商,,,1030518,土地1建物1車位1,一層,19,住宅大樓(11層含以上有電梯),住商用,鋼筋混凝土造,,215.3,1,1,2,有,無,68250000,349628,坡道平面,27.1,2450000,,RPWPMLQLLHOFFBA78CB
萬華區,房地(土地+建物),漢中段二小段961~990地號,11.36,商,,,1031019,土地1建物1車位0,十層,19,住宅大樓(11層含以上有電梯),住商用,鋼筋混凝土造,,136.79,3,2,2,有,無,32700000,239053,,0.0,0,,RPXPMLQLLHOFFBA88CB
萬華區,房地(土地+建物),漢中段二小段961~990地號,11.36,商,,,1030926,土地1建物1車位0,十四層,19,住宅大樓(11層含以上有電梯),住商用,鋼筋混凝土造,,136.79,3,2,2,有,無,33500000,244901,,0.0,0,,RPOQMLQLLHOFFBA08CB
萬華區,房地(土地+建物)+車位,漢中段二小段961~990地號,15.14,商,,,1031018,土地1建物1車位1,十六層,19,住宅大樓(11層含以上有電梯),住商用,鋼筋混凝土造,,209.25,4,2,3,有,無,41700000,214933,坡道平面,27.1,2550000,,RPPQMLQLLHOFFBA18CB
萬華區,房地(土地+建物)+車位,漢中段二小段961~990地號,16.09,商,,,1030827,土地1建物1車位1,十九層,19,住宅大樓(11層含以上有電梯),住商用,鋼筋混凝土造,,215.3,4,2,3,有,無,50000000,251328,坡道平面,27.1,2700000,,RPQQMLQLLHOFFBA28CB
萬華區,房地(土地+建物),漢中段二小段961~990地號,10.88,商,,,1030912,土地1建物1車位0,四層,19,住宅大樓(11層含以上有電梯),住商用,鋼筋混凝土造,,130.54,3,2,1,有,無,29580000,226597,,0.0,0,,RPRQMLQLLHOFFBA38CB
萬華區,房地(土地+建物)+車位,漢中段二小段961~990地號,12.3,商,,,1030606,土地1建物1車位1,五層,19,住宅大樓(11層含以上有電梯),住商用,鋼筋混凝土造,,171.93,3,2,2,有,無,34250000,217842,坡道平面,27.1,2700000,,RPSQMLQLLHOFFBA48CB
萬華區,房地(土地+建物)+車位,漢中段二小段961~990地號,14.67,商,,,1030610,土地1建物1車位1,十七層,19,住宅大樓(11層含以上有電梯),住商用,鋼筋混凝土造,,201.09,4,2,3,有,無,46480000,252198,坡道平面,27.1,2600000,,RPTQMLQLLHOFFBA58CB
萬華區,房地(土地+建物)+車位,漢中段二小段961~990地號,14.67,商,,,1030828,土地1建物1車位1,十九層,19,住宅大樓(11層含以上有電梯),住商用,鋼筋混凝土造,,201.09,4,2,3,有,無,48680000,264268,坡道平面,27.1,2700000,,RPUQMLQLLHOFFBA68CB
萬華區,房地(土地+建物)+車位,漢中段二小段961~990地號,14.67,商,,,1030911,土地1建物1車位1,七層,19,住宅大樓(11層含以上有電梯),住商用,鋼筋混凝土造,,200.23,4,2,3,有,無,41000000,219488,坡道平面,27.1,3000000,,RPWQMLQLLHOFFBA88CB
萬華區,房地(土地+建物)+車位,漢中段二小段961~990地號,14.67,商,,,1030912,土地1建物1車位1,十三層,19,住宅大樓(11層含以上有電梯),住商用,鋼筋混凝土造,,200.23,4,2,3,有,無,42000000,225264,坡道平面,27.1,3000000,,RPXQMLQLLHOFFBA98CB
萬華區,房地(土地+建物)+車位,漢中段二小段961~990地號,14.67,商,,,1031110,土地1建物1車位1,十四層,19,住宅大樓(11層含以上有電梯),住商用,鋼筋混凝土造,,200.23,4,2,3,有,無,39880000,216196,坡道平面,27.1,2450000,,RPPRMLQLLHOFFBA28CB
萬華區,房地(土地+建物)+車位,漢中段二小段961~990地號,16.09,商,,,1030808,土地1建物1車位1,四層,19,住宅大樓(11層含以上有電梯),住商用,鋼筋混凝土造,,215.23,4,2,3,有,無,45230000,225536,坡道平面,27.1,2800000,,RPQRMLQLLHOFFBA38CB
萬華區,房地(土地+建物),漢中段二小段961~990地號,10.88,商,,,1030517,土地1建物1車位0,四層,19,住宅大樓(11層含以上有電梯),住商用,鋼筋混凝土造,,131.33,3,2,1,有,無,30080000,229041,,0.0,0,,RPRRMLQLLHOFFBA48CB
萬華區,房地(土地+建物),漢中段二小段961~990地號,10.88,商,,,1031027,土地1建物1車位0,十一層,19,住宅大樓(11層含以上有電梯),住商用,鋼筋混凝土造,,131.33,4,2,2,有,無,31000000,236047,,0.0,0,,RPSRMLQLLHOFFBA58CB
萬華區,房地(土地+建物),漢中段二小段961~990地號,9.94,商,,,1030918,土地1建物1車位0,九層,19,住宅大樓(11層含以上有電梯),住商用,鋼筋混凝土造,,118.74,3,2,1,有,無,25600000,215597,,0.0,0,,RPTRMLQLLHOFFBA68CB
萬華區,房地(土地+建物),漢中段二小段961~990地號,11.36,商,,,1030912,土地1建物1車位0,十三層,19,住宅大樓(11層含以上有電梯),住商用,鋼筋混凝土造,,136.79,3,2,2,有,無,33320000,243585,,0.0,0,,RPURMLQLLHOFFBA78CB
萬華區,房地(土地+建物)+車位,漢中段二小段961~990地號,12.3,商,,,1030525,土地1建物1車位1,十八層,19,住宅大樓(11層含以上有電梯),住商用,鋼筋混凝土造,,173.19,4,2,2,有,無,35990000,225820,坡道平面,27.1,3000000,,RPXRMLQLLHOFFBA09CB
萬華區,房地(土地+建物)+車位,漢中段二小段961~990地號,13.72,商,,,1031112,土地1建物1車位1,一層,19,住宅大樓(11層含以上有電梯),住商用,鋼筋混凝土造,,172.06,1,1,2,有,無,50640000,330022,坡道平面,27.1,2800000,,RPOSMLQLLHOFFBA28CB
中正區,房地(土地+建物)+車位,成功段三小段61~90地號,10.42,住,,,1070312,土地1建物1車位1,二層,8,華廈(10層含以下有電梯),住家用,鋼筋混凝土造,,79.3,1,1,1,有,無,15350000,356952,升降平面,41.9,2000000,,RPQNMLRLLHOFFBA18DB
中正區,房地(土地+建物)+車位,成功段三小段61~90地號,19.04,住,,,1070319,土地1建物1車位1,一層,8,店面(店鋪),商業用,鋼筋混凝土造,,117.07,1,1,1,有,無,36660000,484484,升降平面,45.53,2000000,,RPRNMLRLLHOFFBA28DB
中正區,房地(土地+建物)+車位,成功段三小段61~90地號,13.61,住,,,1070319,土地1建物1車位1,三層,8,華廈(10層含以下有電梯),住家用,鋼筋混凝土造,,94.9,1,1,1,有,無,18550000,335224,升降平面,45.53,2000000,,RPSNMLRLLHOFFBA38DB
中正區,房地(土地+建物)+車位,成功段三小段61~90地號,10.42,住,,,1070406,土地1建物1車位1,七層,8,華廈(10層含以下有電梯),住家用,鋼筋混凝土造,,79.3,1,1,1,有,無,15650000,356952,升降平面,41.9,2300000,,RPTNMLRLLHOFFBA48DB
中正區,房地(土地+建物)+車位,成功段三小段61~90地號,13.47,住,,,1070406,土地1建物1車位2,七層,8,華廈(10層含以下有電梯),住家用,鋼筋混凝土造,,134.02,1,1,1,有,無,19930000,356844,升降平面,91.06,4600000,,RPUNMLRLLHOFFBA58DB
中正區,房地(土地+建物)+車位,成功段三小段61~90地號,19.18,住,,,1070505,土地1建物1車位1,八層,8,華廈(10層含以下有電梯),住家用,鋼筋混凝土造,,117.61,2,1,1,有,無,30780000,399279,升降平面,45.53,2000000,,RPVNMLRLLHOFFBA68DB
中正區,房地(土地+建物)+車位,成功段三小段61~90地號,17.42,住,,,1070608,土地1建物1車位1,八層,8,華廈(10層含以下有電梯),住家用,鋼筋混凝土造,,110.44,2,1,1,有,無,26880000,383300,升降平面,45.53,2000000,,RPWNMLRLLHOFFBA78DB
萬華區,房地(土地+建物)+車位,漢中段二小段961~990地號,15.14,商,,,1030903,土地1建物1車位1,三層,19,住宅大樓(11層含以上有電梯),住商用,鋼筋混凝土造,,208.42,4,2,3,有,無,44100000,229153,坡道平面,27.1,2550000,,RPPNMLLJMHOFFBA27CB
萬華區,房地(土地+建物)+車位,漢中段二小段961~990地號,15.14,商,,,1031114,土地1建物1車位1,五層,19,住宅大樓(11層含以上有電梯),住商用,鋼筋混凝土造,,208.42,4,2,3,有,無,41760000,216799,坡道平面,27.1,2450000,,RPRNMLLJMHOFFBA47CB
萬華區,房地(土地+建物)+車位,漢中段二小段961~990地號,15.14,商,,,1031025,土地1建物1車位1,六層,19,住宅大樓(11層含以上有電梯),住商用,鋼筋混凝土造,,208.42,4,2,3,有,無,41890000,216964,坡道平面,27.1,2550000,,RPSNMLLJMHOFFBA57CB
萬華區,房地(土地+建物)+車位,漢中段二小段961~990地號,15.14,商,,,1030803,土地1建物1車位1,七層,19,住宅大樓(11層含以上有電梯),住商用,鋼筋混凝土造,,208.42,4,2,3,有,無,44780000,229870,坡道平面,27.1,3100000,,RPTNMLLJMHOFFBA67CB
萬華區,房地(土地+建物)+車位,漢中段二小段961~990地號,15.14,商,,,1030925,土地1建物1車位1,九層,19,住宅大樓(11層含以上有電梯),住商用,鋼筋混凝土造,,208.42,4,2,3,有,無,44100000,227498,坡道平面,27.1,2850000,,RPUNMLLJMHOFFBA77CB
萬華區,房地(土地+建物)+車位,漢中段二小段961~990地號,15.14,商,,,1030828,土地1建物1車位1,十二層,19,住宅大樓(11層含以上有電梯),住商用,鋼筋混凝土造,,208.42,4,2,3,有,無,44660000,230311,坡道平面,27.1,2900000,,RPVNMLLJMHOFFBA87CB
萬華區,房地(土地+建物),漢中段二小段961~990地號,11.36,商,,,1030705,土地1建物1車位0,四層,19,住宅大樓(11層含以上有電梯),住商用,鋼筋混凝土造,,136.79,3,2,2,有,無,31680000,231596,,0.0,0,,RPWNMLLJMHOFFBA97CB
萬華區,房地(土地+建物)+車位,漢中段二小段961~990地號,11.83,商,,,1030716,土地1建物1車位1,十一層,19,住宅大樓(11層含以上有電梯),住商用,鋼筋混凝土造,,163.9,3,2,2,有,無,36700000,252924,坡道平面,27.1,2100000,,RPXNMLLJMHOFFBA08CB
萬華區,房地(土地+建物),漢中段二小段961~990地號,11.36,商,,,1030708,土地1建物1車位0,十五層,19,住宅大樓(11層含以上有電梯),住商用,鋼筋混凝土造,,136.79,3,2,2,有,無,33780000,246948,,0.0,0,,RPOOMLLJMHOFFBA27CB
萬華區,房地(土地+建物)+車位,漢中段二小段961~990地號,17.51,商,,,1030903,土地1建物1車位1,三層,19,住宅大樓(11層含以上有電梯),住商用,鋼筋混凝土造,,236.72,4,2,3,有,無,50870000,230035,坡道平面,27.1,2650000,,RPPOMLLJMHOFFBA37CB
萬華區,房地(土地+建物)+車位,漢中段二小段961~990地號,17.51,商,,,1030728,土地1建物1車位1,十二層,19,住宅大樓(11層含以上有電梯),住商用,鋼筋混凝土造,,234.74,4,2,3,有,無,52800000,240320,坡道平面,27.1,2900000,,RPQOMLLJMHOFFBA47CB
萬華區,房地(土地+建物)+車位,漢中段二小段961~990地號,16.09,商,,,1030726,土地1建物1車位1,三層,19,住宅大樓(11層含以上有電梯),住商用,鋼筋混凝土造,,219.2,4,2,3,有,無,47780000,233108,坡道平面,27.1,3000000,,RPROMLLJMHOFFBA57CB
萬華區,房地(土地+建物)+車位,漢中段二小段961~990地號,15.14,商,,,1031025,土地1建物1車位1,六層,19,住宅大樓(11層含以上有電梯),住商用,鋼筋混凝土造,,207.14,4,2,3,有,無,43300000,225505,坡道平面,27.1,2700000,,RPSOMLLJMHOFFBA67CB
萬華區,房地(土地+建物)+車位,漢中段二小段961~990地號,15.14,商,,,1030603,土地1建物1車位1,十三層,19,住宅大樓(11層含以上有電梯),住商用,鋼筋混凝土造,,207.14,4,2,3,有,無,46600000,244112,坡道平面,27.1,2650000,,RPTOMLLJMHOFFBA77CB
萬華區,房地(土地+建物)+車位,漢中段二小段961~990地號,15.14,商,,,1030920,土地1建物1車位1,三層,19,住宅大樓(11層含以上有電梯),住商用,鋼筋混凝土造,,209.02,4,2,3,有,無,41600000,212181,坡道平面,27.1,3000000,,RPUOMLLJMHOFFBA87CB
萬華區,房地(土地+建物)+車位,漢中段二小段961~990地號,15.14,商,,,1030909,土地1建物1車位1,十五層,19,住宅大樓(11層含以上有電梯),住商用,鋼筋混凝土造,,208.95,4,2,3,有,無,42500000,217212,坡道平面,27.1,3000000,,RPRPMLLJMHOFFBA67CB
萬華區,房地(土地+建物)+車位,漢中段二小段961~990地號,15.14,商,,,1030902,土地1建物1車位1,十七層,19,住宅大樓(11層含以上有電梯),住商用,鋼筋混凝土造,,209.25,4,2,3,有,無,45360000,232007,坡道平面,27.1,3100000,,RPSPMLLJMHOFFBA77CB
萬華區,房地(土地+建物)+車位,漢中段二小段961~990地號,15.14,商,,,1031007,土地1建物1車位1,十八層,19,住宅大樓(11層含以上有電梯),住商用,鋼筋混凝土造,,209.25,4,2,3,有,無,45530000,232940,坡道平面,27.1,3100000,,RPTPMLLJMHOFFBA87CB
萬華區,房地(土地+建物)+車位,漢中段二小段961~990地號,12.3,商,,,1030717,土地1建物1車位1,三層,19,住宅大樓(11層含以上有電梯),住商用,鋼筋混凝土造,,171.04,3,2,2,有,無,35600000,225789,坡道平面,27.1,3100000,,RPUPMLLJMHOFFBA97CB
萬華區,房地(土地+建物),漢中段二小段961~990地號,11.83,商,,,1030712,土地1建物1車位0,四層,19,住宅大樓(11層含以上有電梯),住商用,鋼筋混凝土造,,142.67,3,2,2,有,無,31200000,218686,,0.0,0,,RPVPMLLJMHOFFBA08CB
萬華區,房地(土地+建物),漢中段二小段961~990地號,11.83,商,,,1030816,土地1建物1車位0,五層,19,住宅大樓(11層含以上有電梯),住商用,鋼筋混凝土造,,142.67,4,2,2,有,無,32000000,224294,,0.0,0,,RPWPMLLJMHOFFBA18CB
萬華區,房地(土地+建物),漢中段二小段961~990地號,11.83,商,,,1030528,土地1建物1車位0,六層,19,住宅大樓(11層含以上有電梯),住商用,鋼筋混凝土造,,142.67,3,2,2,有,無,32350000,226747,,0.0,0,,RPXPMLLJMHOFFBA28CB
萬華區,房地(土地+建物)+車位,漢中段二小段961~990地號,12.3,商,,,1030521,土地1建物1車位1,十八層,19,住宅大樓(11層含以上有電梯),住商用,鋼筋混凝土造,,169.78,3,2,2,有,無,35950000,233039,坡道平面,27.1,2700000,,RPOQMLLJMHOFFBA47CB
萬華區,房地(土地+建物)+車位,漢中段二小段961~990地號,12.3,商,,,1030705,土地1建物1車位1,十九層,19,住宅大樓(11層含以上有電梯),住商用,鋼筋混凝土造,,169.78,3,2,2,有,無,39100000,253715,坡道平面,27.1,2900000,,RPPQMLLJMHOFFBA57CB
萬華區,房地(土地+建物),漢中段二小段961~990地號,6.63,商,,,1030517,土地1建物1車位0,三層,19,住宅大樓(11層含以上有電梯),住商用,鋼筋混凝土造,,83.37,2,1,1,有,無,19250000,230898,,0.0,0,,RPQQMLLJMHOFFBA67CB
萬華區,房地(土地+建物),漢中段二小段961~990地號,6.63,商,,,1030514,土地1建物1車位0,十八層,19,住宅大樓(11層含以上有電梯),住商用,鋼筋混凝土造,,80.56,2,2,1,有,無,19700000,244538,,0.0,0,,RPRQMLLJMHOFFBA77CB
萬華區,房地(土地+建物)+車位,漢中段二小段961~990地號,11.36,商,,,1030902,土地1建物1車位1,三層,19,住宅大樓(11層含以上有電梯),住商用,鋼筋混凝土造,,160.06,3,2,2,有,無,33600000,233529,坡道平面,27.1,2550000,,RPSQMLLJMHOFFBA87CB
萬華區,房地(土地+建物),漢中段二小段961~990地號,10.88,商,,,1030910,土地1建物1車位0,六層,19,住宅大樓(11層含以上有電梯),住商用,鋼筋混凝土造,,129.12,3,2,1,有,無,30300000,234665,,0.0,0,,RPTQMLLJMHOFFBA97CB
萬華區,房地(土地+建物)+車位,漢中段二小段961~990地號,16.09,商,,,1030711,土地1建物1車位1,十八層,19,住宅大樓(11層含以上有電梯),住商用,鋼筋混凝土造,,215.3,4,2,3,有,無,47500000,235919,坡道平面,27.1,3100000,,RPVQMLLJMHOFFBA18CB
萬華區,房地(土地+建物)+車位,漢中段二小段961~990地號,13.25,商,,,1031118,土地1建物1車位1,九層,19,住宅大樓(11層含以上有電梯),住商用,鋼筋混凝土造,,182.97,4,2,2,有,無,38880000,233079,坡道平面,27.1,2550000,,RPWQMLLJMHOFFBA28CB
萬華區,房地(土地+建物)+車位,漢中段二小段961~990地號,11.36,商,,,1030903,土地1建物1車位1,三層,19,住宅大樓(11層含以上有電梯),住商用,鋼筋混凝土造,,155.6,3,2,2,有,無,33000000,237743,坡道平面,27.1,2450000,,RPXQMLLJMHOFFBA38CB
萬華區,房地(土地+建物),漢中段二小段961~990地號,11.83,商,,,1030822,土地1建物1車位0,三層,19,住宅大樓(11層含以上有電梯),住商用,鋼筋混凝土造,,143.83,4,2,2,有,無,32600000,226656,,0.0,0,,RPORMLLJMHOFFBA57CB
萬華區,房地(土地+建物),漢中段二小段961~990地號,11.83,商,,,1030606,土地1建物1車位0,四層,19,住宅大樓(11層含以上有電梯),住商用,鋼筋混凝土造,,144.82,4,2,2,有,無,30900000,213368,,0.0,0,,RPPRMLLJMHOFFBA67CB
萬華區,房地(土地+建物),漢中段二小段961~990地號,11.83,商,,,1030529,土地1建物1車位0,六層,19,住宅大樓(11層含以上有電梯),住商用,鋼筋混凝土造,,144.82,3,2,2,有,無,34060000,235189,,0.0,0,,RPQRMLLJMHOFFBA77CB
萬華區,房地(土地+建物)+車位,漢中段二小段961~990地號,12.3,商,,,1030605,土地1建物1車位1,十九層,19,住宅大樓(11層含以上有電梯),住商用,鋼筋混凝土造,,173.19,4,2,2,有,無,39680000,251078,坡道平面,27.1,3000000,,RPRRMLLJMHOFFBA87CB
萬華區,房地(土地+建物),漢中段二小段961~990地號,9.46,商,,,1030521,土地1建物1車位0,十層,19,住宅大樓(11層含以上有電梯),住商用,鋼筋混凝土造,,121.02,3,2,2,有,無,26920000,222443,,0.0,0,,RPSRMLLJMHOFFBA97CB
萬華區,房地(土地+建物),漢中段二小段961~990地號,9.46,商,,,1030517,土地1建物1車位0,十八層,19,住宅大樓(11層含以上有電梯),住商用,鋼筋混凝土造,,115.8,3,2,2,有,無,27140000,234370,,0.0,0,,RPTRMLLJMHOFFBA08CB
萬華區,房地(土地+建物),漢中段二小段961~990地號,9.46,商,,,1030908,土地1建物1車位0,十九層,19,住宅大樓(11層含以上有電梯),住商用,鋼筋混凝土造,,115.8,3,2,1,有,無,29800000,257340,,0.0,0,,RPURMLLJMHOFFBA18CB
萬華區,房地(土地+建物)+車位,漢中段二小段961~990地號,11.36,商,,,1030526,土地1建物1車位1,十三層,19,住宅大樓(11層含以上有電梯),住商用,鋼筋混凝土造,,161.85,3,2,2,有,無,35230000,242152,坡道平面,27.1,2600000,,RPVRMLLJMHOFFBA28CB
萬華區,房地(土地+建物),漢中段二小段961~990地號,10.88,商,,,1030527,土地1建物1車位0,十四層,19,住宅大樓(11層含以上有電梯),住商用,鋼筋混凝土造,,134.74,3,2,2,有,無,32750000,243061,,0.0,0,,RPXRMLLJMHOFFBA48CB
萬華區,房地(土地+建物),漢中段二小段961~990地號,10.88,商,,,1030619,土地1建物1車位0,十五層,19,住宅大樓(11層含以上有電梯),住商用,鋼筋混凝土造,,134.74,3,2,2,有,無,32700000,242690,,0.0,0,,RPPSMLLJMHOFFBA77CB
萬華區,房地(土地+建物)+車位,漢中段二小段961~990地號,15.14,商,,,1030909,土地1建物1車位1,三層,19,住宅大樓(11層含以上有電梯),住商用,鋼筋混凝土造,,206.08,4,2,3,有,無,42000000,220416,坡道平面,27.1,2550000,,RPQSMLLJMHOFFBA87CB
萬華區,房地(土地+建物)+車位,漢中段二小段961~990地號,14.67,商,,,1031028,土地1建物1車位1,四層,19,住宅大樓(11層含以上有電梯),住商用,鋼筋混凝土造,,204.52,4,2,3,有,無,41200000,214181,坡道平面,27.1,3200000,,RPRSMLLJMHOFFBA97CB
萬華區,房地(土地+建物)+車位,漢中段二小段961~990地號,14.67,商,,,1031007,土地1建物1車位1,五層,19,住宅大樓(11層含以上有電梯),住商用,鋼筋混凝土造,,204.52,4,2,3,有,無,42200000,219817,坡道平面,27.1,3200000,,RPSSMLLJMHOFFBA08CB
萬華區,房地(土地+建物)+車位,漢中段二小段961~990地號,14.67,商,,,1030902,土地1建物1車位1,六層,19,住宅大樓(11層含以上有電梯),住商用,鋼筋混凝土造,,204.52,4,2,3,有,無,42980000,225341,坡道平面,27.1,3000000,,RPTSMLLJMHOFFBA18CB
萬華區,房地(土地+建物)+車位,漢中段二小段961~990地號,14.67,商,,,1030706,土地1建物1車位1,七層,19,住宅大樓(11層含以上有電梯),住商用,鋼筋混凝土造,,204.52,4,2,3,有,無,42550000,223481,坡道平面,27.1,2900000,,RPUSMLLJMHOFFBA28CB
萬華區,房地(土地+建物)+車位,漢中段二小段961~990地號,14.67,商,,,1030915,土地1建物1車位1,十層,19,住宅大樓(11層含以上有電梯),住商用,鋼筋混凝土造,,204.52,4,2,3,有,無,43000000,224890,坡道平面,27.1,3100000,,RPVSMLLJMHOFFBA38CB
萬華區,房地(土地+建物)+車位,漢中段二小段961~990地號,14.67,商,,,1030706,土地1建物1車位1,十二層,19,住宅大樓(11層含以上有電梯),住商用,鋼筋混凝土造,,204.52,4,2,3,有,無,43200000,227145,坡道平面,27.1,2900000,,RPWSMLLJMHOFFBA48CB
萬華區,房地(土地+建物)+車位,漢中段二小段961~990地號,14.67,商,,,1031025,土地1建物1車位1,十三層,19,住宅大樓(11層含以上有電梯),住商用,鋼筋混凝土造,,204.52,4,2,3,有,無,41680000,219986,坡道平面,27.1,2650000,,RPXSMLLJMHOFFBA58CB
萬華區,房地(土地+建物)+車位,漢中段二小段961~990地號,14.67,商,,,1031023,土地1建物1車位1,十四層,19,住宅大樓(11層含以上有電梯),住商用,鋼筋混凝土造,,204.52,4,2,3,有,無,40570000,211757,坡道平面,27.1,3000000,,RPOTMLLJMHOFFBA77CB
萬華區,房地(土地+建物),漢中段二小段961~990地號,9.94,商,,,1030809,土地1建物1車位0,四層,19,住宅大樓(11層含以上有電梯),住商用,鋼筋混凝土造,,122.94,3,2,1,有,無,27150000,220839,,0.0,0,,RPPTMLLJMHOFFBA87CB
萬華區,房地(土地+建物),漢中段二小段961~990地號,9.94,商,,,1030513,土地1建物1車位0,六層,19,住宅大樓(11層含以上有電梯),住商用,鋼筋混凝土造,,122.94,3,2,1,有,無,26530000,215796,,0.0,0,,RPQTMLLJMHOFFBA97CB
萬華區,房地(土地+建物),漢中段二小段961~990地號,9.94,商,,,1030513,土地1建物1車位0,七層,19,住宅大樓(11層含以上有電梯),住商用,鋼筋混凝土造,,122.94,3,2,1,有,無,26680000,217016,,0.0,0,,RPRTMLLJMHOFFBA08CB
萬華區,房地(土地+建物),漢中段二小段961~990地號,9.94,商,,,1030519,土地1建物1車位0,九層,19,住宅大樓(11層含以上有電梯),住商用,鋼筋混凝土造,,122.94,3,2,1,有,無,27480000,223524,,0.0,0,,RPTTMLLJMHOFFBA28CB
萬華區,房地(土地+建物),漢中段二小段961~990地號,9.94,商,,,1030206,土地1建物1車位0,十一層,19,住宅大樓(11層含以上有電梯),住商用,鋼筋混凝土造,,122.94,3,2,1,有,無,27530000,223930,,0.0,0,,RPUTMLLJMHOFFBA38CB
萬華區,房地(土地+建物),漢中段二小段961~990地號,9.94,商,,,1030622,土地1建物1車位0,十二層,19,住宅大樓(11層含以上有電梯),住商用,鋼筋混凝土造,,122.94,3,2,1,有,無,27580000,224337,,0.0,0,,RPWTMLLJMHOFFBA58CB
萬華區,房地(土地+建物),漢中段二小段961~990地號,9.94,商,,,1030531,土地1建物1車位0,十三層,19,住宅大樓(11層含以上有電梯),住商用,鋼筋混凝土造,,122.94,3,2,1,有,無,27500000,223686,,0.0,0,,RPXTMLLJMHOFFBA68CB
萬華區,房地(土地+建物),漢中段二小段961~990地號,9.94,商,,,1030610,土地1建物1車位0,十七層,19,住宅大樓(11層含以上有電梯),住商用,鋼筋混凝土造,,121.55,3,2,1,有,無,28990000,238503,,0.0,0,,RPPUMLLJMHOFFBA97CB
萬華區,房地(土地+建物),漢中段二小段961~990地號,9.94,商,,,1030714,土地1建物1車位0,十八層,19,住宅大樓(11層含以上有電梯),住商用,鋼筋混凝土造,,121.55,3,2,1,有,無,29930000,246236,,0.0,0,,RPQUMLLJMHOFFBA08CB
萬華區,房地(土地+建物)+車位,漢中段二小段961~990地號,10.41,商,,,1030720,土地1建物1車位1,十六層,19,住宅大樓(11層含以上有電梯),住商用,鋼筋混凝土造,,148.66,3,2,1,有,無,32080000,240211,坡道平面,27.1,2880000,,RPSUMLLJMHOFFBA28CB
萬華區,房地(土地+建物),漢中段二小段961~990地號,7.1,商,,,1030926,土地1建物1車位0,五層,19,住宅大樓(11層含以上有電梯),住商用,鋼筋混凝土造,,87.96,2,1,1,有,無,20080000,228286,,0.0,0,,RPTUMLLJMHOFFBA38CB
萬華區,房地(土地+建物),漢中段二小段961~990地號,7.1,商,,,1030517,土地1建物1車位0,九層,19,住宅大樓(11層含以上有電梯),住商用,鋼筋混凝土造,,87.96,2,1,1,有,無,20880000,237381,,0.0,0,,RPUUMLLJMHOFFBA48CB
萬華區,房地(土地+建物),漢中段二小段961~990地號,7.1,商,,,1030516,土地1建物1車位0,十一層,19,住宅大樓(11層含以上有電梯),住商用,鋼筋混凝土造,,87.96,2,2,1,有,無,20630000,234538,,0.0,0,,RPVUMLLJMHOFFBA58CB
萬華區,房地(土地+建物),漢中段二小段961~990地號,7.1,商,,,1030524,土地1建物1車位0,十三層,19,住宅大樓(11層含以上有電梯),住商用,鋼筋混凝土造,,87.96,2,1,1,有,無,21050000,239313,,0.0,0,,RPWUMLLJMHOFFBA68CB
萬華區,房地(土地+建物),漢中段二小段961~990地號,7.1,商,,,1030516,土地1建物1車位0,十四層,19,住宅大樓(11層含以上有電梯),住商用,鋼筋混凝土造,,87.96,2,1,1,有,無,20820000,236698,,0.0,0,,RPXUMLLJMHOFFBA78CB
萬華區,房地(土地+建物),漢中段二小段961~990地號,9.46,商,,,1030907,土地1建物1車位0,十九層,19,住宅大樓(11層含以上有電梯),住商用,鋼筋混凝土造,,116.19,3,2,1,有,無,29800000,256476,,0.0,0,,RPPVMLLJMHOFFBA08CB
萬華區,房地(土地+建物),漢中段二小段961~990地號,12.78,商,,,1030916,土地1建物1車位0,十層,19,住宅大樓(11層含以上有電梯),住商用,鋼筋混凝土造,,155.86,4,2,2,有,無,36680000,235339,,0.0,0,,RPQVMLLJMHOFFBA18CB
萬華區,房地(土地+建物)+車位,漢中段二小段961~990地號,13.25,商,,,1030531,土地1建物1車位1,十一層,19,住宅大樓(11層含以上有電梯),住商用,鋼筋混凝土造,,182.97,3,2,2,有,無,39900000,238660,坡道平面,27.1,2700000,,RPRVMLLJMHOFFBA28CB
萬華區,房地(土地+建物)+車位,漢中段二小段961~990地號,13.25,商,,,1031110,土地1建物1車位1,十四層,19,住宅大樓(11層含以上有電梯),住商用,鋼筋混凝土造,,178.21,4,2,2,有,無,38580000,239097,坡道平面,27.1,2450000,,RPSVMLLJMHOFFBA38CB
萬華區,房地(土地+建物)+車位,漢中段二小段961~990地號,13.25,商,,,1030519,土地1建物1車位1,十五層,19,住宅大樓(11層含以上有電梯),住商用,鋼筋混凝土造,,178.21,3,2,2,有,無,39500000,240884,坡道平面,27.1,3100000,,RPTVMLLJMHOFFBA48CB
萬華區,房地(土地+建物),漢中段二小段961~990地號,3.31,商,,,1030525,土地1建物1車位0,十一層,19,住宅大樓(11層含以上有電梯),住商用,鋼筋混凝土造,,37.91,1,1,1,有,無,9350000,246637,,0.0,0,,RPUVMLLJMHOFFBA58CB
萬華區,房地(土地+建物),漢中段二小段961~990地號,3.31,商,,,1030517,土地1建物1車位0,十三層,19,住宅大樓(11層含以上有電梯),住商用,鋼筋混凝土造,,37.91,1,1,1,有,無,9500000,250594,,0.0,0,,RPVVMLLJMHOFFBA68CB
萬華區,房地(土地+建物),漢中段二小段961~990地號,9.94,商,,,1030516,土地1建物1車位0,三層,19,住宅大樓(11層含以上有電梯),住商用,鋼筋混凝土造,,119.33,3,2,1,有,無,26290000,220313,,0.0,0,,RPWVMLLJMHOFFBA78CB
萬華區,房地(土地+建物),漢中段二小段961~990地號,9.94,商,,,1030517,土地1建物1車位0,十層,19,住宅大樓(11層含以上有電梯),住商用,鋼筋混凝土造,,118.74,3,2,1,有,無,25550000,215176,,0.0,0,,RPXVMLLJMHOFFBA88CB
萬華區,房地(土地+建物),漢中段二小段961~990地號,9.94,商,,,1030529,土地1建物1車位0,十一層,19,住宅大樓(11層含以上有電梯),住商用,鋼筋混凝土造,,118.74,3,2,1,有,無,25950000,218545,,0.0,0,,RPOWMLLJMHOFFBA08CB
萬華區,房地(土地+建物),漢中段二小段961~990地號,9.94,商,,,1030519,土地1建物1車位0,十二層,19,住宅大樓(11層含以上有電梯),住商用,鋼筋混凝土造,,118.74,3,2,1,有,無,26300000,221492,,0.0,0,,RPPWMLLJMHOFFBA18CB
萬華區,房地(土地+建物)+車位,漢中段二小段961~990地號,10.41,商,,,1030711,土地1建物1車位1,十四層,19,住宅大樓(11層含以上有電梯),住商用,鋼筋混凝土造,,145.85,3,2,1,有,無,28360000,216926,坡道平面,27.1,2600000,,RPQWMLLJMHOFFBA28CB
萬華區,房地(土地+建物),漢中段二小段961~990地號,9.94,商,,,1030601,土地1建物1車位0,十五層,19,住宅大樓(11層含以上有電梯),住商用,鋼筋混凝土造,,118.74,3,2,2,有,無,26800000,225703,,0.0,0,,RPRWMLLJMHOFFBA38CB
萬華區,房地(土地+建物),漢中段二小段961~990地號,9.46,商,,,1030605,土地1建物1車位0,十六層,19,住宅大樓(11層含以上有電梯),住商用,鋼筋混凝土造,,118.28,3,2,1,有,無,27380000,231485,,0.0,0,,RPSWMLLJMHOFFBA48CB
萬華區,房地(土地+建物),漢中段二小段961~990地號,9.46,商,,,1030601,土地1建物1車位0,十七層,19,住宅大樓(11層含以上有電梯),住商用,鋼筋混凝土造,,118.28,3,2,1,有,無,27710000,234275,,0.0,0,,RPTWMLLJMHOFFBA58CB
萬華區,房地(土地+建物),漢中段二小段961~990地號,9.46,商,,,1030624,土地1建物1車位0,十九層,19,住宅大樓(11層含以上有電梯),住商用,鋼筋混凝土造,,118.28,3,2,1,有,無,30360000,256679,,0.0,0,,RPUWMLLJMHOFFBA68CB
萬華區,房地(土地+建物)+車位,漢中段二小段961~990地號,14.67,商,,,1030716,土地1建物1車位1,三層,19,住宅大樓(11層含以上有電梯),住商用,鋼筋混凝土造,,196.59,4,2,3,有,無,40700000,223022,坡道平面,27.1,2900000,,RPSNMLMJMHOFFBA67CB
萬華區,房地(土地+建物)+車位,漢中段二小段961~990地號,14.67,商,,,1030912,土地1建物1車位1,十層,19,住宅大樓(11層含以上有電梯),住商用,鋼筋混凝土造,,200.23,4,2,3,有,無,40880000,218795,坡道平面,27.1,3000000,,RPTNMLMJMHOFFBA77CB
萬華區,房地(土地+建物)+車位,漢中段二小段961~990地號,14.67,商,,,1030810,土地1建物1車位1,十二層,19,住宅大樓(11層含以上有電梯),住商用,鋼筋混凝土造,,200.23,4,2,3,有,無,41320000,221914,坡道平面,27.1,2900000,,RPUNMLMJMHOFFBA87CB
萬華區,房地(土地+建物)+車位,漢中段二小段961~990地號,14.67,商,,,1031021,土地1建物1車位1,十五層,19,住宅大樓(11層含以上有電梯),住商用,鋼筋混凝土造,,200.23,4,2,3,有,無,39660000,211748,坡道平面,27.1,3000000,,RPVNMLMJMHOFFBA97CB
萬華區,房地(土地+建物)+車位,漢中段二小段961~990地號,13.72,商,,,1030903,土地1建物1車位1,三層,19,住宅大樓(11層含以上有電梯),住商用,鋼筋混凝土造,,187.63,4,2,2,有,無,39930000,232854,坡道平面,27.1,2550000,,RPWNMLMJMHOFFBA08CB
萬華區,房地(土地+建物)+車位,漢中段二小段961~990地號,13.72,商,,,1030517,土地1建物1車位1,四層,19,住宅大樓(11層含以上有電梯),住商用,鋼筋混凝土造,,186.8,4,2,2,有,無,38350000,222605,坡道平面,27.1,2800000,,RPXNMLMJMHOFFBA18CB
萬華區,房地(土地+建物)+車位,漢中段二小段961~990地號,13.72,商,,,1030517,土地1建物1車位1,五層,19,住宅大樓(11層含以上有電梯),住商用,鋼筋混凝土造,,186.8,3,2,2,有,無,39910000,232373,坡道平面,27.1,2800000,,RPOOMLMJMHOFFBA37CB
萬華區,房地(土地+建物)+車位,漢中段二小段961~990地號,13.72,商,,,1030711,土地1建物1車位1,七層,19,住宅大樓(11層含以上有電梯),住商用,鋼筋混凝土造,,186.8,3,2,2,有,無,40300000,233563,坡道平面,27.1,3000000,,RPPOMLMJMHOFFBA47CB
萬華區,房地(土地+建物)+車位,漢中段二小段961~990地號,13.72,商,,,1031023,土地1建物1車位1,十層,19,住宅大樓(11層含以上有電梯),住商用,鋼筋混凝土造,,186.8,4,2,2,有,無,41380000,240326,坡道平面,27.1,3000000,,RPQOMLMJMHOFFBA57CB
萬華區,房地(土地+建物)+車位,漢中段二小段961~990地號,13.72,商,,,1031016,土地1建物1車位1,十一層,19,住宅大樓(11層含以上有電梯),住商用,鋼筋混凝土造,,186.8,4,2,2,有,無,41350000,239512,坡道平面,27.1,3100000,,RPROMLMJMHOFFBA67CB
萬華區,房地(土地+建物)+車位,漢中段二小段961~990地號,13.72,商,,,1030518,土地1建物1車位1,十二層,19,住宅大樓(11層含以上有電梯),住商用,鋼筋混凝土造,,186.8,4,2,2,有,無,41490000,240388,坡道平面,27.1,3100000,,RPSOMLMJMHOFFBA77CB
萬華區,房地(土地+建物)+車位,漢中段二小段961~990地號,13.72,商,,,1030518,土地1建物1車位1,十三層,19,住宅大樓(11層含以上有電梯),住商用,鋼筋混凝土造,,186.8,4,2,2,有,無,41450000,240138,坡道平面,27.1,3100000,,RPUOMLMJMHOFFBA97CB
萬華區,房地(土地+建物)+車位,漢中段二小段961~990地號,16.09,商,,,1030623,土地1建物1車位1,三層,19,住宅大樓(11層含以上有電梯),住商用,鋼筋混凝土造,,215.14,4,2,3,有,無,46850000,233195,坡道平面,27.1,3000000,,RPWOMLMJMHOFFBA18CB
萬華區,房地(土地+建物)+車位,漢中段二小段961~990地號,16.09,商,,,1030711,土地1建物1車位1,七層,19,住宅大樓(11層含以上有電梯),住商用,鋼筋混凝土造,,215.23,4,2,3,有,無,47000000,233881,坡道平面,27.1,3000000,,RPXOMLMJMHOFFBA28CB
萬華區,房地(土地+建物)+車位,漢中段二小段961~990地號,16.09,商,,,1030801,土地1建物1車位1,九層,19,住宅大樓(11層含以上有電梯),住商用,鋼筋混凝土造,,215.23,4,2,3,有,無,47630000,238824,坡道平面,27.1,2700000,,RPOPMLMJMHOFFBA47CB
萬華區,房地(土地+建物)+車位,漢中段二小段961~990地號,16.09,商,,,1030718,土地1建物1車位1,十層,19,住宅大樓(11層含以上有電梯),住商用,鋼筋混凝土造,,215.23,4,2,3,有,無,48290000,240738,坡道平面,27.1,3000000,,RPPPMLMJMHOFFBA57CB
萬華區,房地(土地+建物)+車位,漢中段二小段961~990地號,16.09,商,,,1030717,土地1建物1車位1,十一層,19,住宅大樓(11層含以上有電梯),住商用,鋼筋混凝土造,,215.23,4,2,3,有,無,48100000,239728,坡道平面,27.1,3000000,,RPQPMLMJMHOFFBA67CB
萬華區,房地(土地+建物)+車位,漢中段二小段961~990地號,16.09,商,,,1030519,土地1建物1車位1,十二層,19,住宅大樓(11層含以上有電梯),住商用,鋼筋混凝土造,,215.23,4,2,2,有,無,48550000,241588,坡道平面,27.1,3100000,,RPRPMLMJMHOFFBA77CB
萬華區,房地(土地+建物)+車位,漢中段二小段961~990地號,15.62,商,,,1030717,土地1建物1車位1,十三層,19,住宅大樓(11層含以上有電梯),住商用,鋼筋混凝土造,,213.12,4,2,3,有,無,47800000,240834,坡道平面,27.1,3000000,,RPSPMLMJMHOFFBA87CB
萬華區,房地(土地+建物)+車位,漢中段二小段961~990地號,15.62,商,,,1030717,土地1建物1車位1,十四層,19,住宅大樓(11層含以上有電梯),住商用,鋼筋混凝土造,,213.12,4,2,3,有,無,47900000,241372,坡道平面,27.1,3000000,,RPTPMLMJMHOFFBA97CB
萬華區,房地(土地+建物)+車位,漢中段二小段961~990地號,16.56,商,,,1030815,土地1建物1車位1,十八層,19,住宅大樓(11層含以上有電梯),住商用,鋼筋混凝土造,,224.36,4,2,3,有,無,51850000,247643,坡道平面,27.1,3000000,,RPUPMLMJMHOFFBA08CB
萬華區,房地(土地+建物),漢中段二小段961~990地號,10.88,商,,,1030513,土地1建物1車位0,五層,19,住宅大樓(11層含以上有電梯),住商用,鋼筋混凝土造,,131.33,3,2,1,有,無,31550000,240235,,0.0,0,,RPVPMLMJMHOFFBA18CB
萬華區,房地(土地+建物)+車位,漢中段二小段961~990地號,11.36,商,,,1031113,土地1建物1車位1,九層,19,住宅大樓(11層含以上有電梯),住商用,鋼筋混凝土造,,158.44,3,2,2,有,無,34000000,236029,坡道平面,27.1,3000000,,RPWPMLMJMHOFFBA28CB
萬華區,房地(土地+建物),漢中段二小段961~990地號,10.88,商,,,1030821,土地1建物1車位0,十三層,19,住宅大樓(11層含以上有電梯),住商用,鋼筋混凝土造,,131.33,3,2,1,有,無,32380000,246554,,0.0,0,,RPXPMLMJMHOFFBA38CB
萬華區,房地(土地+建物)+車位,漢中段二小段961~990地號,11.36,商,,,1031017,土地1建物1車位1,十四層,19,住宅大樓(11層含以上有電梯),住商用,鋼筋混凝土造,,158.44,3,2,1,有,無,35000000,243642,坡道平面,27.1,3000000,,RPOQMLMJMHOFFBA57CB
萬華區,房地(土地+建物),漢中段二小段961~990地號,6.15,商,,,1030529,土地1建物1車位0,十三層,19,住宅大樓(11層含以上有電梯),住商用,鋼筋混凝土造,,76.69,2,1,1,有,無,20300000,264702,,0.0,0,,RPQQMLMJMHOFFBA77CB
萬華區,房地(土地+建物),漢中段二小段961~990地號,6.15,商,,,1030526,土地1建物1車位0,十五層,19,住宅大樓(11層含以上有電梯),住商用,鋼筋混凝土造,,76.26,2,1,1,有,無,19950000,261605,,0.0,0,,RPRQMLMJMHOFFBA87CB
萬華區,房地(土地+建物)+車位,漢中段二小段961~990地號,13.72,商,,,1031112,土地1建物1車位1,一層,19,住宅大樓(11層含以上有電梯),住商用,鋼筋混凝土造,,172.06,1,1,2,有,無,53440000,349338,坡道平面,27.1,2800000,,RPSQMLMJMHOFFBA97CB
萬華區,房地(土地+建物)+車位,漢中段二小段961~990地號,17.51,商,,,1030616,土地1建物1車位1,一層,19,住宅大樓(11層含以上有電梯),住商用,鋼筋混凝土造,,215.3,1,1,2,有,無,69380000,353985,坡道平面,27.1,2760000,,RPUQMLMJMHOFFBA18CB
大同區,房地(土地+建物)+車位,橋北段二小段331~360地號,27.24,商,,,1061122,土地9建物1車位2,六層,15,住宅大樓(11層含以上有電梯),住家用,鋼筋混凝土造,,264.94,4,2,2,有,無,42300000,213882,坡道平面,91.48,5200000,,RPRNMLNLMHOFFBA97DB
大同區,房地(土地+建物)+車位,橋北段二小段331~360地號,22.32,商,,,1061209,土地9建物1車位1,十四層,15,住宅大樓(11層含以上有電梯),住家用,鋼筋混凝土造,,192.22,3,2,2,有,無,36930000,232318,坡道平面,45.74,2900000,,RPTNMLNLMHOFFBA18DB
大同區,房地(土地+建物)+車位,橋北段二小段331~360地號,27.24,商,,,1070115,土地9建物1車位2,十五層,15,住宅大樓(11層含以上有電梯),住家用,鋼筋混凝土造,,264.94,4,2,2,有,無,47980000,242015,坡道平面,91.48,6000000,,RPUNMLNLMHOFFBA28DB
大同區,房地(土地+建物)+車位,橋北段二小段331~360地號,22.32,商,,,1061030,土地9建物1車位1,八層,15,住宅大樓(11層含以上有電梯),住家用,鋼筋混凝土造,,192.22,3,2,2,有,無,32680000,205352,坡道平面,45.74,2600000,,RPXNMLNLMHOFFBA58DB
大同區,房地(土地+建物)+車位,橋北段二小段331~360地號,27.24,商,,,1061122,土地9建物1車位2,五層,15,住宅大樓(11層含以上有電梯),住家用,鋼筋混凝土造,,264.94,4,2,2,有,無,41930000,211749,坡道平面,91.48,5200000,,RPRNMLOLMHOFFBA08DB
大同區,房地(土地+建物)+車位,橋北段二小段331~360地號,27.24,商,,,1061122,土地9建物1車位2,八層,15,住宅大樓(11層含以上有電梯),住家用,鋼筋混凝土造,,264.94,4,2,2,有,無,42350000,214170,坡道平面,91.48,5200000,,RPVNMLOLMHOFFBA48DB
大同區,房地(土地+建物)+車位,橋北段二小段331~360地號,26.41,商,,,1061122,土地9建物1車位1,四層,15,住宅大樓(11層含以上有電梯),住家用,鋼筋混凝土造,,219.2,4,2,2,有,無,39880000,213190,坡道平面,45.74,2900000,,RPXNMLOLMHOFFBA68DB
大同區,房地(土地+建物)+車位,橋北段二小段331~360地號,22.32,商,,,1070115,土地9建物1車位1,十五層,15,住宅大樓(11層含以上有電梯),住家用,鋼筋混凝土造,,192.22,3,2,2,有,無,38350000,242013,坡道平面,45.74,2900000,,RPOOMLOLMHOFFBA87DB
大同區,房地(土地+建物)+車位,橋北段二小段331~360地號,22.32,商,,,1061224,土地9建物1車位1,五層,15,住宅大樓(11層含以上有電梯),住家用,鋼筋混凝土造,,192.22,3,2,2,有,無,34280000,214227,坡道平面,45.74,2900000,,RPPOMLOLMHOFFBA97DB
大同區,房地(土地+建物)+車位,橋北段二小段331~360地號,19.08,商,,,1070108,土地9建物1車位1,一層,15,住宅大樓(11層含以上有電梯),商業用,鋼筋混凝土造,,136.43,0,0,0,無,無,41300000,423420,坡道平面,45.74,2900000,,RPQOMLOLMHOFFBA08DB
大同區,房地(土地+建物)+車位,橋北段二小段331~360地號,23.16,商,,,1061123,土地9建物1車位2,十層,15,住宅大樓(11層含以上有電梯),住家用,鋼筋混凝土造,,237.96,3,2,2,有,無,36320000,211087,坡道平面,91.48,5400000,,RPSOMLOLMHOFFBA28DB
大同區,房地(土地+建物)+車位,橋北段二小段331~360地號,22.32,商,,,1061126,土地9建物1車位1,十一層,15,住宅大樓(11層含以上有電梯),住家用,鋼筋混凝土造,,192.22,3,2,2,有,無,34500000,218460,坡道平面,45.74,2500000,,RPTOMLOLMHOFFBA38DB
大同區,房地(土地+建物)+車位,橋北段二小段331~360地號,22.32,商,,,1061130,土地9建物1車位1,十二層,15,住宅大樓(11層含以上有電梯),住家用,鋼筋混凝土造,,192.22,3,2,2,有,無,34750000,220167,坡道平面,45.74,2500000,,RPUOMLOLMHOFFBA48DB
大同區,房地(土地+建物)+車位,橋北段二小段331~360地號,23.16,商,,,1061130,土地9建物1車位2,十三層,15,住宅大樓(11層含以上有電梯),住家用,鋼筋混凝土造,,237.96,3,2,2,有,無,37750000,216753,坡道平面,91.48,6000000,,RPVOMLOLMHOFFBA58DB
大同區,房地(土地+建物),延平段一小段361~390地號,18.03,商,,,1071022,土地1建物1車位0,四層,14,住宅大樓(11層含以上有電梯),住家用,鋼筋混凝土造,,173.42,4,2,2,有,無,34900000,201246,,0.0,0,,RPOPMLPLMHOFFBA08DB
大同區,房地(土地+建物)+車位,延平段一小段361~390地號,18.84,商,,,1071228,土地1建物1車位1,十一層,14,住宅大樓(11層含以上有電梯),住家用,鋼筋混凝土造,,218.46,4,2,2,有,無,41500000,222209,坡道平面,45.2,3000000,,RPPPMLPLMHOFFBA18DB
大同區,房地(土地+建物)+車位,延平段一小段361~390地號,18.84,商,,,1071227,土地1建物1車位1,十三層,14,住宅大樓(11層含以上有電梯),住家用,鋼筋混凝土造,,218.46,4,2,2,有,無,40800000,218169,坡道平面,45.2,3000000,,RPQPMLPLMHOFFBA28DB
大同區,房地(土地+建物)+車位,延平段一小段361~390地號,18.84,商,,,1080404,土地1建物1車位1,十四層,14,住宅大樓(11層含以上有電梯),,鋼筋混凝土造,,218.52,4,2,2,有,無,44200000,235980,坡道平面,45.2,3300000,,RPSPMLPLMHOFFBA48DB
大同區,房地(土地+建物)+車位,玉泉段一小段361~390地號,9.35,商,,,1071025,土地1建物1車位1,十層,12,住宅大樓(11層含以上有電梯),住家用,鋼筋混凝土造,,122.34,2,1,1,有,無,20700000,227217,升降平面,40.04,2000000,,RPTPMLPLMHOFFBA58DB
大同區,房地(土地+建物)+車位,玉泉段一小段361~390地號,9.88,商,,,1071113,土地1建物1車位1,十一層,12,住宅大樓(11層含以上有電梯),住家用,鋼筋混凝土造,,127.03,2,1,1,有,無,21880000,226233,升降平面,40.04,2200000,,RPVPMLPLMHOFFBA78DB
大同區,房地(土地+建物),玉泉段一小段361~390地號,8.86,商,,,1071222,土地1建物1車位0,十一層,12,住宅大樓(11層含以上有電梯),住家用,鋼筋混凝土造,,82.3,2,1,1,有,無,18300000,222357,,0.0,0,,RPWPMLPLMHOFFBA88DB
大同區,房地(土地+建物),玉泉段一小段361~390地號,9.4,商,,,1080116,土地1建物1車位0,十二層,12,住宅大樓(11層含以上有電梯),住家用,鋼筋混凝土造,,86.99,2,1,1,有,無,20200000,232211,,0.0,0,,RPXPMLPLMHOFFBA98DB
大同區,房地(土地+建物)+車位,玉泉段一小段361~390地號,8.81,商,,,1080117,土地1建物1車位1,二層,12,住宅大樓(11層含以上有電梯),住家用,鋼筋混凝土造,,114.39,2,1,1,有,無,17550000,206456,升降平面,40.04,2200000,,RPOQMLPLMHOFFBA18DB
大同區,房地(土地+建物)+車位,玉泉段一小段361~390地號,9.35,商,,,1080121,土地1建物1車位1,十二層,12,住宅大樓(11層含以上有電梯),住家用,鋼筋混凝土造,,122.34,2,1,1,有,無,21150000,231470,升降平面,40.04,2100000,,RPPQMLPLMHOFFBA28DB
大同區,房地(土地+建物)+車位,延平段一小段361~390地號,18.84,商,,,1080404,土地1建物1車位1,十四層,14,住宅大樓(11層含以上有電梯),住家用,鋼筋混凝土造,,218.46,4,2,2,有,無,43880000,234214,坡道平面,45.2,3300000,,RPSNMLTLMHOFFBA68DB
內湖區,房地(土地+建物)+車位,東湖段三小段1~30地號,31.97,住,,,1080103,土地1建物1車位1,五層,12,住宅大樓(11層含以上有電梯),住家用,鋼筋混凝土造,,160.36,3,2,2,有,無,30950000,223169,坡道平面,32.43,2400000,,RPXPMLLJNHOFFCA48CB
內湖區,房地(土地+建物)+車位,東湖段三小段1~30地號,31.97,住,,,1080131,土地1建物1車位1,二層,12,住宅大樓(11層含以上有電梯),住家用,鋼筋混凝土造,,160.36,3,2,2,有,無,29850000,211835,坡道平面,32.43,2750000,,RPOQMLLJNHOFFCA67CB
內湖區,房地(土地+建物)+車位,東湖段三小段1~30地號,31.97,住,,,1080116,土地1建物1車位1,三層,12,住宅大樓(11層含以上有電梯),住家用,鋼筋混凝土造,,160.36,3,2,2,有,無,30980000,222231,坡道平面,32.43,2550000,,RPPQMLLJNHOFFCA77CB
內湖區,房地(土地+建物)+車位,東湖段三小段1~30地號,31.97,住,,,1080131,土地1建物1車位2,四層,12,住宅大樓(11層含以上有電梯),住家用,鋼筋混凝土造,,192.79,3,2,2,有,無,33720000,220980,坡道平面,64.86,5450000,,RPQQMLLJNHOFFCA87CB
內湖區,房地(土地+建物)+車位,東湖段三小段1~30地號,31.97,住,,,1071227,土地1建物1車位1,六層,12,住宅大樓(11層含以上有電梯),住家用,鋼筋混凝土造,,160.36,3,2,2,有,無,31290000,224654,坡道平面,32.43,2550000,,RPRQMLLJNHOFFCA97CB
內湖區,房地(土地+建物)+車位,東湖段三小段1~30地號,31.97,住,,,1071228,土地1建物1車位1,九層,12,住宅大樓(11層含以上有電梯),住家用,鋼筋混凝土造,,160.36,3,2,2,有,無,31580000,227312,坡道平面,32.43,2500000,,RPSQMLLJNHOFFCA08CB
內湖區,房地(土地+建物)+車位,東湖段三小段1~30地號,31.97,住,,,1071229,土地1建物1車位1,十層,12,住宅大樓(11層含以上有電梯),住家用,鋼筋混凝土造,,160.36,3,2,2,有,無,31750000,228250,坡道平面,32.43,2550000,,RPTQMLLJNHOFFCA18CB
內湖區,房地(土地+建物)+車位,東湖段三小段1~30地號,31.97,住,,,1071220,土地1建物1車位1,十層,12,住宅大樓(11層含以上有電梯),住家用,鋼筋混凝土造,,160.36,3,2,2,有,無,31290000,224654,坡道平面,32.43,2550000,,RPUQMLLJNHOFFCA28CB
內湖區,房地(土地+建物)+車位,東湖段三小段1~30地號,31.97,住,,,1071226,土地1建物1車位1,十二層,12,住宅大樓(11層含以上有電梯),住家用,鋼筋混凝土造,,160.36,3,2,2,有,無,31630000,224967,坡道平面,32.43,2850000,,RPWQMLLJNHOFFCA48CB
內湖區,房地(土地+建物)+車位,東湖段三小段1~30地號,31.9,住,,,1080125,土地1建物1車位1,二層,12,住宅大樓(11層含以上有電梯),住家用,鋼筋混凝土造,,160.17,3,2,2,有,無,30920000,219743,坡道平面,32.43,2850000,,RPPRMLLJNHOFFCA87CB
內湖區,房地(土地+建物)+車位,東湖段三小段1~30地號,31.9,住,,,1080125,土地1建物1車位1,三層,12,住宅大樓(11層含以上有電梯),住家用,鋼筋混凝土造,,160.17,3,2,2,有,無,30880000,222170,坡道平面,32.43,2500000,,RPQRMLLJNHOFFCA97CB
內湖區,房地(土地+建物)+車位,東湖段三小段1~30地號,31.9,住,,,1071221,土地1建物1車位1,四層,12,住宅大樓(11層含以上有電梯),住家用,鋼筋混凝土造,,160.17,3,2,2,有,無,30200000,216455,坡道平面,32.43,2550000,,RPRRMLLJNHOFFCA08CB
內湖區,房地(土地+建物)+車位,東湖段三小段1~30地號,31.9,住,,,1071228,土地1建物1車位1,五層,12,住宅大樓(11層含以上有電梯),住家用,鋼筋混凝土造,,160.17,3,2,2,有,無,30560000,218491,坡道平面,32.43,2650000,,RPTRMLLJNHOFFCA28CB
內湖區,房地(土地+建物)+車位,東湖段三小段1~30地號,31.9,住,,,1080109,土地1建物1車位1,六層,12,住宅大樓(11層含以上有電梯),住家用,鋼筋混凝土造,,160.17,3,2,2,有,無,30240000,215986,坡道平面,32.43,2650000,,RPURMLLJNHOFFCA38CB
內湖區,房地(土地+建物)+車位,東湖段三小段1~30地號,31.9,住,,,1071222,土地1建物1車位1,九層,12,住宅大樓(11層含以上有電梯),住家用,鋼筋混凝土造,,160.17,3,2,2,有,無,31110000,222796,坡道平面,32.43,2650000,,RPVRMLLJNHOFFCA48CB
內湖區,房地(土地+建物)+車位,東湖段三小段1~30地號,31.9,住,,,1071220,土地1建物1車位1,十層,12,住宅大樓(11層含以上有電梯),住家用,鋼筋混凝土造,,160.17,3,2,2,有,無,31280000,223736,坡道平面,32.43,2700000,,RPWRMLLJNHOFFCA58CB
內湖區,房地(土地+建物)+車位,東湖段三小段1~30地號,31.9,住,,,1080109,土地1建物1車位1,十一層,12,住宅大樓(11層含以上有電梯),住家用,鋼筋混凝土造,,160.17,3,2,2,有,無,31970000,229137,坡道平面,32.43,2700000,,RPXRMLLJNHOFFCA68CB
內湖區,房地(土地+建物)+車位,東湖段三小段1~30地號,31.9,住,,,1071226,土地1建物1車位1,十二層,12,住宅大樓(11層含以上有電梯),住家用,鋼筋混凝土造,,160.17,3,2,2,有,無,31520000,225223,坡道平面,32.43,2750000,,RPOSMLLJNHOFFCA87CB
內湖區,房地(土地+建物)+車位,東湖段三小段1~30地號,31.9,住,,,1071220,土地1建物1車位2,八層,12,住宅大樓(11層含以上有電梯),住家用,鋼筋混凝土造,,192.6,3,2,2,有,無,33640000,221857,坡道平面,64.86,5300000,,RPPSMLLJNHOFFCA97CB
