﻿編號,屋齡,建物移轉面積平方公尺,主要用途,主要建材,建築完成日期,總層數,建物分層
The serial number,room age,building shifting area square meter,the main use,main building materials,construction completes the date,total layer,building lamination
RPQNMLNKKHOFFBD87CC,40,94.66,住商用,加強磚造,68年3月23日,二層,
RPUNMLOKKHOFFID09CC,18,66.47,農舍,見其他登記事項,89年11月7日,一層,
RPVNMLOKKHOFFID56CC,18,66.47,農舍,見其他登記事項,89年11月7日,一層,
RPWNMLLKKHOFFGD88DC,27,210.31,住家用,鋼造,80年9月3日,一層,
RPUNMLOKKHOFFCD48CC,27,46.06,共有部分,鋼筋混凝土構造,80年12月20日,十二層,
RPUNMLOKKHOFFCD48CC,27,249.08,商業用,鋼筋混凝土構造,80年12月20日,十二層,
RPQPMLLKKHOFFCD97CC,35,109.00,商業用,見其他登記事項,73年7月6日,一層,
RPSOMLNKKHOFFAD08CC,29,164.92,住家用,鋼筋混凝土造,79年2月15日,四層,
RPUNMLPKKHOFFCD58CC,11,228.77,見其他登記事項,鋼筋混凝土構造,96年12月21日,四層,
RPQOMLPKKHOFFCD28CC,29,18.86,住家用,鋼筋混凝土構造,78年11月24日,五層,
RPQOMLPKKHOFFCD28CC,29,8.31,共有部分,鋼筋混凝土構造,78年11月24日,五層,
RPVOMLLKKHOFFAD18CC,1,757.32,見其他登記事項,見其他登記事項,106年10月25日,二層,
RPVOMLLKKHOFFAD18CC,1,278.03,見其他登記事項,見其他登記事項,106年10月25日,二層,
RPOOMLOKKHOFFKD78CC,34,99.99,住家用,鋼筋混凝土構造,74年3月7日,二層,
RPPOMLPKKHOFFID78CC,26,359.58,住家用,鋼筋混凝土構造,82年1月11日,四層,
RPOOMLSKKHOFFAD18CC,2,158.96,見其他登記事項,見其他登記事項,105年11月9日,二十七層,
RPWPMLSKKHOFFAD09CC,2,202.73,見其他登記事項,見其他登記事項,106年7月6日,二十一層,
RPWPMLSKKHOFFAD09CC,2,123.45,見其他登記事項,見其他登記事項,106年7月6日,二十一層,
RPWPMLSKKHOFFAD09CC,2,38.10,見其他登記事項,見其他登記事項,106年7月6日,二十一層,
RPPNMLSKKHOFFCD38CC,35,143.79,住家用,加強磚造,73年6月28日,二層,
RPROMLPKKHOFFCD38CC,38,88.46,住家用,鋼筋混凝土構造,70年6月24日,四層,
RPROMLPKKHOFFCD38CC,38,7.67,共有部分,鋼筋混凝土構造,70年6月24日,四層,
RPQNMLSKKHOFFCD48CC,29,27.82,住商用,鋼筋混凝土構造,78年9月6日,四層,
RPPNMLSKKHOFFHD88CC,6,200.44,住家用,鋼筋混凝土構造,102年7月4日,四層,
RPUQMLPKKHOFFAD68CC,21,23.63,見其他登記事項,鋼筋混凝土造,87年7月6日,五層,
RPUQMLPKKHOFFAD68CC,21,8.67,共有部分,鋼筋混凝土造,87年7月6日,五層,
RPWQMLPKKHOFFAD88CC,24,178.08,住商用,鋼筋混凝土造,83年10月11日,十七層,
RPWQMLPKKHOFFAD88CC,24,10.55,共有部分,鋼筋混凝土造,83年10月11日,十七層,
RPWQMLPKKHOFFAD88CC,24,27.96,共有部分,鋼筋混凝土造,83年10月11日,十七層,
RPXQMLPKKHOFFAD98CC,21,24.10,見其他登記事項,鋼筋混凝土造,87年7月6日,五層,
RPXQMLPKKHOFFAD98CC,21,8.84,共有部分,鋼筋混凝土造,87年7月6日,五層,
RPQQMLPKKHOFFAD28CC,23,90.40,見其他登記事項,鋼筋混凝土造,84年9月13日,九層,
RPQQMLPKKHOFFAD28CC,23,12.02,共有部分,鋼筋混凝土造,84年9月13日,九層,
RPQQMLPKKHOFFAD28CC,23,27.18,共有部分,鋼筋混凝土造,84年9月13日,九層,
RPTQMLPKKHOFFAD58CC,21,24.10,見其他登記事項,鋼筋混凝土造,87年7月6日,五層,
RPTQMLPKKHOFFAD58CC,21,8.84,共有部分,鋼筋混凝土造,87年7月6日,五層,
RPRNMLSKKHOFFCD58CC,29,27.82,住商用,鋼筋混凝土構造,78年9月6日,四層,
RPVNMLPKKHOFFAD48CC,51,341.88,住商用,加強磚造,57年3月20日,四層,
RPVNMLSKKHOFFKD17CC,34,13.22,見其他登記事項,鋼筋混凝土構造,74年7月30日,二層,
RPUOMLTKKHOFFCD09CC,21,162.48,住家用,鋼筋混凝土構造,86年10月8日,十一層,
RPWNMLTKKHOFFCD56CC,47,73.77,住家用,鋼筋混凝土構造,60年12月17日,四層,
RPTNMLTKKHOFFKD07CC,1,84.36,住家用,見其他登記事項,106年11月14日,十六層,
RPTNMLTKKHOFFKD07CC,1,65.27,見其他登記事項,見其他登記事項,106年11月14日,十六層,
RPPNMLTKKHOFFKD66CC,28,269.20,見其他登記事項,鋼造,79年12月5日,二十四層,
RPPNMLTKKHOFFKD66CC,28,11.66,共有部分,鋼造,79年12月5日,二十四層,
RPPNMLTKKHOFFKD66CC,28,21.48,共有部分,鋼造,79年12月5日,二十四層,
RPPNMLTKKHOFFKD66CC,28,19.45,共有部分,鋼造,79年12月5日,二十四層,
RPPNMLTKKHOFFKD66CC,28,53.54,共有部分,鋼造,79年12月5日,二十四層,
RPRNMLTKKHOFFAD48CC,4,358.46,見其他登記事項,見其他登記事項,103年11月21日,四層,
RPWNMLTKKHOFFAD98CC,38,120.14,住商用,加強磚造,70年1月15日,二層,
RPXNMLTKKHOFFAD09CC,19,70.93,住商用,鋼筋混凝土造,88年10月13日,四層,
RPUPMLKLKHOFFCD38CC,37,75.84,住家用,鋼筋混凝土構造,70年12月24日,七層,
RPUPMLKLKHOFFCD38CC,37,15.83,共有部分,鋼筋混凝土構造,70年12月24日,七層,
RPSPMLKLKHOFFCD18CC,25,95.02,住家用,鋼筋混凝土構造,82年9月7日,七層,
RPSPMLKLKHOFFCD18CC,25,40.71,共有部分,鋼筋混凝土構造,82年9月7日,七層,
RPQNMLSKKHOFFHD98CC,40,104.16,住家用,加強磚造,68年4月1日,二層,
RPXPMLKLKHOFFCD68CC,37,140.36,住商用,見其他登記事項,71年4月23日,一層,
RPOOMLKLKHOFFHD18CC,10,61.50,住家用,鋼筋混凝土構造,98年5月4日,十三層,
RPVPMLKLKHOFFCD48CC,37,39.45,住家用,鋼筋混凝土構造,70年12月24日,七層,
RPVPMLKLKHOFFCD48CC,37,25.67,共有部分,鋼筋混凝土構造,70年12月24日,七層,
RPSOMLLLKHOFFKD98CC,25,55.32,住家用,鋼筋混凝土構造,82年9月29日,四層,
RPQOMLKLKHOFFHD38CC,4,214.11,見其他登記事項,鋼筋混凝土構造,103年11月27日,三層,
RPWNMLKLKHOFFKD56CC,1,90.08,見其他登記事項,見其他登記事項,107年5月25日,四層,
RPPOMLKLKHOFFHD28CC,4,206.07,見其他登記事項,鋼筋混凝土構造,103年11月27日,三層,
RPPOMLLLKHOFFCD87CC,26,29.75,住商用,鋼筋混凝土構造,82年8月12日,三層,
RPVNMLLLKHOFFAD18CC,11,204.16,見其他登記事項,鋼筋混凝土造,96年12月27日,五層,
RPROMLLLKHOFFAD87CC,12,406.33,見其他登記事項,見其他登記事項,95年11月21日,五層,
RPWNMLLLKHOFFAD28CC,25,33.06,住商用,鋼筋混凝土造,82年9月25日,五層,
RPTNMLTKKHOFFAD68CC,10,33.06,見其他登記事項,鋼筋混凝土造,98年5月25日,五層,
RPSOMLLLKHOFFAD97CC,45,82.29,住商用,鋼筋混凝土造,63年6月10日,四層,
RPUOMLMLKHOFFBD38CC,2,125.51,商業用,鋼筋混凝土構造,105年11月30日,一層,
RPUOMLMLKHOFFBD38CC,2,62.17,商業用,鋼筋混凝土構造,105年11月30日,一層,
RPUOMLMLKHOFFBD38CC,2,83.77,商業用,鋼筋混凝土構造,105年11月30日,,
RPVOMLMLKHOFFID56CC,12,35.07,住商用,鋼筋混凝土構造,96年2月15日,四層,
RPWNMLMLKHOFFCD58CC,22,96.21,住家用,鋼筋混凝土構造,85年9月30日,十層,
RPWNMLMLKHOFFCD58CC,22,21.20,共有部分,鋼筋混凝土構造,85年9月30日,十層,
RPWNMLMLKHOFFCD58CC,22,20.87,共有部分,鋼筋混凝土構造,85年9月30日,十層,
RPTNMLMLKHOFFKD09CC,18,66.72,住家用,鋼筋混凝土構造,90年1月10日,十一層,
RPUNMLMLKHOFFKD56CC,28,17.47,住家用,鋼筋混凝土構造,79年12月3日,七層,
RPUNMLMLKHOFFKD56CC,28,4.16,共有部分,鋼筋混凝土構造,79年12月3日,七層,
RPUNMLMLKHOFFKD56CC,28,5.35,共有部分,鋼筋混凝土構造,79年12月3日,七層,
RPWPMLMLKHOFFAD58CC,36,146.33,見其他登記事項,鋼筋混凝土造,71年10月12日,十二層,
RPUOMLMLKHOFFAD28CC,29,16.14,住家用,鋼筋混凝土造,79年4月10日,五層,
RPUOMLMLKHOFFAD28CC,29,8.70,共有部分,鋼筋混凝土造,79年4月10日,五層,
RPRRMLMLKHOFFAD28CC,6,100.60,見其他登記事項,見其他登記事項,102年6月20日,十五層,
RPPPMLMLKHOFFAD87CC,39,34.12,住家用,鋼筋混凝土造,69年6月3日,七層,
RPPPMLMLKHOFFAD87CC,39,5.63,共有部分,鋼筋混凝土造,69年6月3日,七層,
RPXPMLMLKHOFFAD68CC,3,86.72,見其他登記事項,見其他登記事項,104年11月5日,二十四層,
RPPQMLMLKHOFFAD97CC,3,118.95,見其他登記事項,見其他登記事項,105年6月4日,二十七層,
RPUPMLMLKHOFFAD38CC,10,122.20,見其他登記事項,鋼筋混凝土造,97年12月19日,十四層,
RPTNMLQLKHOFFBD58CC,21,297.05,住家用,鋼筋混凝土構造,87年5月20日,四層,
RPXOMLQLKHOFFCD56CC,42,41.66,住家用,加強磚造,65年9月24日,三層,
RPUOMLNLKHOFFAD38CC,11,29.23,見其他登記事項,見其他登記事項,96年8月24日,十四層,
RPVOMLQLKHOFFCD98CC,25,293.22,住家用,鋼筋混凝土構造,82年12月28日,五層,
RPTOMLQLKHOFFCD78CC,31,228.74,住商用,鋼筋混凝土構造,77年5月23日,三層,
RPTOMLNLKHOFFAD28CC,11,29.35,見其他登記事項,見其他登記事項,96年8月24日,十四層,
RPROMLPLKHOFFCD48CC,39,49.09,住商用,鋼筋混凝土構造,68年11月1日,四層,
RPSOMLQLKHOFFID66CC,1,161.70,見其他登記事項,見其他登記事項,107年8月7日,一層,
RPXNMLQLKHOFFKD27CC,27,82.97,住家用,鋼筋混凝土構造,81年4月30日,五層,
RPXNMLQLKHOFFKD27CC,27,13.98,共有部分,鋼筋混凝土構造,81年4月30日,五層,
RPOOMLQLKHOFFKD09CC,11,52.38,住商用,鋼筋混凝土構造,97年4月25日,四層,
RPWNMLQLKHOFFAD78CC,36,55.78,住家用,鋼筋混凝土造,72年4月6日,四層,
RPOQMLRLKHOFFAD38CC,21,24.05,見其他登記事項,鋼筋混凝土造,87年7月6日,五層,
RPOQMLRLKHOFFAD38CC,21,8.67,共有部分,鋼筋混凝土造,87年7月6日,五層,
RPOOMLRLKHOFFCD38CC,15,46.34,住家用,見其他登記事項,93年7月12日,十四層,
RPOOMLRLKHOFFCD38CC,15,8.56,共有部分,見其他登記事項,93年7月12日,十四層,
RPOOMLRLKHOFFCD38CC,15,32.97,共有部分,見其他登記事項,93年7月12日,十四層,
RPPQMLRLKHOFFAD48CC,21,47.34,見其他登記事項,鋼筋混凝土造,87年7月6日,五層,
RPPQMLRLKHOFFAD48CC,21,17.30,共有部分,鋼筋混凝土造,87年7月6日,五層,
RPQNMLLJLHOFFBD67CC,6,280.25,見其他登記事項,鋼筋混凝土構造,101年12月5日,四層,
RPQNMLLJLHOFFBD67CC,6,.11,見其他登記事項,鋼筋混凝土構造,101年12月5日,一層,
RPRQMLRLKHOFFAD68CC,37,83.77,住家用,鋼筋混凝土造,71年2月24日,五層,
RPRQMLRLKHOFFAD68CC,37,7.05,共有部分,鋼筋混凝土造,71年2月24日,五層,
RPRQMLRLKHOFFAD68CC,37,4.84,共有部分,鋼筋混凝土造,71年2月24日,,
RPOOMLRLKHOFFKD56CC,11,156.23,住家用,鋼筋混凝土構造,96年9月20日,十四層,
RPQOMLRLKHOFFKD76CC,26,70.47,住家用,鋼筋混凝土構造,82年4月28日,七層,
RPQOMLRLKHOFFKD76CC,26,47.94,共有部分,鋼筋混凝土構造,82年4月28日,七層,
RPXNMLRLKHOFFKD37CC,1,124.94,住家用,見其他登記事項,107年2月2日,十六層,
RPPNMLLJLHOFFAD47CC,10,267.27,住家用,鋼筋混凝土造,97年11月6日,五層,
RPPNMLMJLHOFFKD58CC,28,88.37,住家用,鋼筋混凝土構造,80年8月12日,十七層,
RPQNMLMJLHOFFKD68CC,30,80.47,住商用,鋼筋混凝土構造,77年12月5日,五層,
RPPNMLLJLHOFFKD48CC,2,230.50,見其他登記事項,見其他登記事項,105年8月29日,十五層,
RPPNMLLJLHOFFKD48CC,2,.02,見其他登記事項,見其他登記事項,105年8月29日,十五層,
RPTNMLLJLHOFFAD87CC,3,127.41,見其他登記事項,見其他登記事項,104年11月5日,二十四層,
RPROMLOJLHOFFCD38DC,34,47.52,住家用,鋼筋混凝土構造,74年8月1日,三層,
RPQNMLPJLHOFFHD68CC,9,331.69,住家用,鋼筋混凝土構造,99年7月22日,四層,
RPTNMLOJLHOFFAD18CC,10,77.03,見其他登記事項,鋼筋混凝土造,97年12月19日,十四層,
RPSNMLOJLHOFFAD08CC,50,103.94,住商用,加強磚造,58年7月18日,三層,
RPSOMLQJLHOFFCD58CC,15,58.67,住家用,見其他登記事項,93年7月12日,十四層,
RPROMLQJLHOFFHD98CC,38,156.15,住家用,見其他登記事項,70年7月27日,一層,
RPWNMLRJLHOFFBD88CC,26,51.48,住商用,鋼筋混凝土構造,81年10月23日,四層,
RPPOMLRJLHOFFCD38CC,25,85.02,住家用,鋼筋混凝土構造,83年4月12日,六層,
RPPOMLRJLHOFFCD38CC,25,24.11,共有部分,鋼筋混凝土構造,83年4月12日,六層,
RPQOMLRJLHOFFCD48CC,37,86.78,住家用,鋼筋混凝土構造,71年2月17日,五層,
RPQOMLRJLHOFFCD48CC,37,13.08,共有部分,鋼筋混凝土構造,71年2月17日,五層,
RPROMLMLKHOFFDD28CC,25,74.23,住家用,鋼筋混凝土構造,83年4月1日,八層,
RPQNMLRJLHOFFAD18CC,1,83.46,見其他登記事項,見其他登記事項,107年5月31日,二十層,
RPQNMLRJLHOFFAD18CC,1,77.79,見其他登記事項,見其他登記事項,107年5月31日,二十層,
RPTNMLRJLHOFFAD48CC,19,95.14,住商用,見使用執照,88年12月24日,二層,
RPWNMLSJLHOFFKD27CC,25,67.50,住商用,鋼筋混凝土構造,83年7月11日,十九層,
RPWNMLSJLHOFFKD27CC,25,19.58,共有部分,鋼筋混凝土構造,83年7月11日,十九層,
RPWNMLSJLHOFFKD27CC,25,.97,共有部分,鋼筋混凝土構造,83年7月11日,十九層,
RPWNMLSJLHOFFKD27CC,25,35.55,共有部分,鋼筋混凝土構造,83年7月11日,十九層,
RPRQMLRJLHOFFKD96CC,24,51.71,見其他登記事項,鋼筋混凝土構造,84年3月31日,十五層,
RPRQMLRJLHOFFKD96CC,24,11.52,共有部分,鋼筋混凝土構造,84年3月31日,十五層,
RPUNMLSJLHOFFHD76CC,3,177.33,見其他登記事項,見其他登記事項,104年9月3日,一層,
RPOOMLSJLHOFFHD88CC,43,52.90,住商用,加強磚造,65年7月1日,二層,
RPSOMLRJLHOFFAD48CC,27,52.26,住商用,鋼筋混凝土造,80年10月21日,三層,
RPROMLRJLHOFFAD38CC,20,87.82,見其他登記事項,鋼筋混凝土造,88年1月13日,十三層,
RPROMLRJLHOFFAD38CC,20,11.95,共有部分,鋼筋混凝土造,88年1月13日,十三層,
RPROMLRJLHOFFAD38CC,20,8.81,共有部分,鋼筋混凝土造,88年1月13日,十三層,
RPQOMLRJLHOFFAD28CC,25,76.67,住商用,鋼筋混凝土造,82年11月15日,四層,
RPWNMLSJLHOFFCD09CC,36,70.49,見其他登記事項,鋼筋混凝土構造,72年7月18日,五層,
RPWNMLSJLHOFFCD09CC,36,5.79,共有部分,鋼筋混凝土構造,72年7月18日,五層,
RPSOMLLKLHOFFCD18CC,48,49.81,住商用,加強磚造,60年5月19日,二層,
RPQNMLTJLHOFFKD76CC,19,79.89,住家用,鋼筋混凝土構造,88年8月24日,十四層,
RPOOMLMKLHOFFKD68CC,23,26.45,住商用,鋼筋混凝土構造,85年5月25日,四層,
RPPOMLMKLHOFFKD78CC,11,218.91,住商用,鋼筋混凝土構造,97年4月10日,四層,
RPTNMLLKLHOFFAD97CC,33,98.44,住家用,鋼筋混凝土造,75年7月1日,五層,
RPTNMLLKLHOFFAD97CC,33,17.65,共有部分,鋼筋混凝土造,75年7月1日,五層,
RPSNMLMKLHOFFAD97CC,29,47.97,住商用,鋼筋混凝土造,78年12月7日,四層,
RPSNMLMKLHOFFHD68CC,19,57.53,住商用,鋼筋混凝土構造,89年2月11日,三層,
RPQOMLMKLHOFFHD58CC,2,192.96,見其他登記事項,鋼筋混凝土構造,106年8月21日,四層,
RPOOMLNKLHOFFAD87DC,48,79.64,住家用,加強磚造,60年6月24日,二層,
RPSOMLSJLHOFFCD78CC,26,112.04,住家用,鋼筋混凝土構造,82年3月18日,十二層,
RPSOMLSJLHOFFCD78CC,26,28.77,共有部分,鋼筋混凝土構造,82年3月18日,十二層,
RPSOMLSJLHOFFCD78CC,26,7.78,共有部分,鋼筋混凝土構造,82年3月18日,十二層,
RPSOMLOKLHOFFBD38CC,25,51.36,住家用,鋼筋混凝土構造,83年5月12日,四層,
RPXNMLSJLHOFFCD56CC,2,116.20,見其他登記事項,鋼筋混凝土構造,105年11月14日,七層,
RPSPMLOKLHOFFCD58CC,48,42.66,住商用,加強磚造,60年7月27日,三層,
RPTOMLOKLHOFFAD38CC,16,143.04,見其他登記事項,鋼筋混凝土造,91年12月27日,十二層,
RPTOMLOKLHOFFAD38CC,16,52.65,共有部分,鋼筋混凝土造,91年12月27日,十二層,
RPSNMLOKLHOFFCD38CC,26,129.60,住家用,鋼筋混凝土構造,81年10月22日,十五層,
RPSNMLOKLHOFFCD38CC,26,6.21,共有部分,鋼筋混凝土構造,81年10月22日,十五層,
RPSNMLOKLHOFFCD38CC,26,17.66,共有部分,鋼筋混凝土構造,81年10月22日,十五層,
RPTPMLPKLHOFFCD78CC,2,226.18,見其他登記事項,鋼筋混凝土構造,106年1月9日,五層,
RPSPMLPKLHOFFCD68CC,28,20.07,住家用,鋼筋混凝土構造,80年1月24日,六層,
RPSPMLPKLHOFFCD68CC,28,6.28,共有部分,鋼筋混凝土構造,80年1月24日,六層,
RPVOMLOKLHOFFAD58CC,10,56.16,見其他登記事項,鋼筋混凝土造,97年12月19日,十四層,
RPVOMLOKLHOFFAD58CC,10,10.43,共有部分,鋼筋混凝土造,97年12月19日,十四層,
RPVOMLOKLHOFFAD58CC,10,10.36,共有部分,鋼筋混凝土造,97年12月19日,十四層,
RPQNMLRKLHOFFCD48CC,22,388.86,見其他登記事項,鋼筋混凝土構造,86年6月14日,五層,
RPXNMLOKLHOFFAD68CC,1,23.14,見其他登記事項,見其他登記事項,107年3月29日,四層,
RPWOMLPKLHOFFAD78CC,10,26.45,見其他登記事項,鋼筋混凝土造,98年5月25日,五層,
RPUNMLTKLHOFFAD88CC,2,55.46,見其他登記事項,見其他登記事項,105年11月9日,二十七層,
RPUNMLTKLHOFFAD88CC,2,60.06,見其他登記事項,見其他登記事項,105年11月9日,二十七層,
RPSNMLKLLHOFFAD87CC,12,21.16,見其他登記事項,見其他登記事項,96年8月24日,十四層,
RPSNMLKLLHOFFAD87CC,12,2.88,共有部分,見其他登記事項,96年8月24日,十四層,
RPSNMLKLLHOFFAD87CC,12,5.50,共有部分,見其他登記事項,96年8月24日,十四層,
RPTNMLKLLHOFFAD97CC,12,49.93,見其他登記事項,見其他登記事項,96年8月24日,十四層,
RPTNMLKLLHOFFAD97CC,12,6.74,共有部分,見其他登記事項,96年8月24日,十四層,
RPTNMLKLLHOFFAD97CC,12,10.58,共有部分,見其他登記事項,96年8月24日,十四層,
RPTNMLKLLHOFFCD18CC,28,27.86,住家用,鋼筋混凝土構造,79年8月27日,六層,
RPTNMLKLLHOFFCD18CC,28,13.64,共有部分,鋼筋混凝土構造,79年8月27日,六層,
RPOPMLKLLHOFFAD67CC,25,33.06,住商用,鋼筋混凝土造,82年9月25日,五層,
RPTNMLLLLHOFFCD28CC,23,90.23,住家用,鋼筋混凝土構造,84年11月6日,二十層,
RPTNMLLLLHOFFCD28CC,23,14.39,共有部分,鋼筋混凝土構造,84年11月6日,二十層,
RPTNMLLLLHOFFCD28CC,23,22.98,共有部分,鋼筋混凝土構造,84年11月6日,二十層,
RPUNMLLLLHOFFCD38CC,34,124.30,住家用,鋼筋混凝土構造,74年5月7日,二層,
RPWNMLLLLHOFFCD58CC,31,293.30,住商用,鋼筋混凝土構造,77年5月12日,四層,
RPTNMLTKLHOFFKD17CC,20,117.35,住家用,鋼筋混凝土構造,88年8月24日,十四層,
RPQOMLTKLHOFFKD96CC,6,23.20,住家用,見其他登記事項,101年12月6日,四層,
RPPOMLLLLHOFFCD97CC,33,53.93,住商用,鋼筋混凝土構造,74年11月20日,二層,
RPSOMLSKLHOFFKD07CC,15,52.26,見使用執照,鋼筋混凝土構造,92年10月15日,五層,
RPWOMLTKLHOFFKD57CC,23,94.04,住家用,鋼筋混凝土構造,84年12月22日,十一層,
RPWOMLTKLHOFFKD57CC,23,30.46,共有部分,鋼筋混凝土構造,84年12月22日,十一層,
RPOOMLTKLHOFFKD76CC,25,115.13,住家用,鋼筋混凝土構造,83年4月6日,八層,
RPOOMLTKLHOFFKD76CC,25,39.44,共有部分,鋼筋混凝土構造,83年4月6日,八層,
RPVNMLMLLHOFFCD58CC,44,78.10,住家用,加強磚造,64年6月30日,二層,
RPPQMLLLLHOFFAD97CC,49,16.52,住家用,加強磚造,59年8月5日,二層,
RPQQMLMLLHOFFCD38CC,19,162.88,見其他登記事項,鋼筋混凝土構造,88年11月16日,十二層,
RPSQMLMLLHOFFCD58CC,35,90.41,住家用,鋼筋混凝土構造,72年11月21日,五層,
RPSQMLMLLHOFFCD58CC,35,10.71,共有部分,鋼筋混凝土構造,72年11月21日,五層,
RPOOMLSKLHOFFKD66CC,19,48.93,商業用,鋼筋混凝土構造,88年8月24日,十四層,
RPOOMLSKLHOFFKD66CC,19,1.38,共有部分,鋼筋混凝土構造,88年8月24日,十四層,
RPUOMLMLLHOFFAD38CC,24,110.53,住商用,鋼筋混凝土造,84年7月11日,七層,
RPUOMLMLLHOFFAD38CC,24,35.63,共有部分,鋼筋混凝土造,84年7月11日,七層,
RPOPMLMLLHOFFAD87CC,45,269.33,住商用,加強磚造,63年7月9日,三層,
RPPQMLMLLHOFFAD08CC,34,99.35,住家用,鋼筋混凝土造,74年3月20日,十層,
RPVQMLLLLHOFFAD58CC,24,21.52,住家用,鋼筋混凝土造,83年12月16日,十三層,
RPPQMLMLLHOFFAD08CC,34,11.83,共有部分,鋼筋混凝土造,74年3月20日,十層,
RPVQMLLLLHOFFAD58CC,24,7.61,共有部分,鋼筋混凝土造,83年12月16日,十三層,
RPPQMLMLLHOFFAD08CC,34,18.55,共有部分,鋼筋混凝土造,74年3月20日,十層,
RPTQMLLLLHOFFAD38CC,29,25.38,住家用,鋼筋混凝土造,79年6月15日,六層,
RPTQMLLLLHOFFAD38CC,29,5.05,共有部分,鋼筋混凝土造,79年6月15日,六層,
RPTQMLLLLHOFFAD38CC,29,6.25,共有部分,鋼筋混凝土造,79年6月15日,六層,
RPWQMLMLLHOFFCD98CC,12,58.12,住家用,見其他登記事項,95年11月22日,十三層,
RPWQMLMLLHOFFCD98CC,12,9.54,共有部分,見其他登記事項,95年11月22日,十三層,
RPWQMLMLLHOFFCD98CC,12,30.59,共有部分,見其他登記事項,95年11月22日,十三層,
RPTOMLMLLHOFFBD38CC,26,368.29,住商用,鋼筋混凝土構造,81年10月23日,四層,
RPSSMLMLLHOFFCD78CC,26,40.49,住家用,鋼筋混凝土構造,81年12月22日,九層,
RPSSMLMLLHOFFCD78CC,26,5.74,共有部分,鋼筋混凝土構造,81年12月22日,九層,
RPRSMLMLLHOFFCD68CC,40,745.51,見其他登記事項,見其他登記事項,67年10月30日,二層,
RPPOMLMLLHOFFBD97CC,7,155.39,住家用,鋼筋混凝土構造,100年9月28日,四層,
RPWNMLMLLHOFFHD56CC,38,194.01,住商用,鋼筋混凝土構造,69年9月26日,三層,
RPVNMLMLLHOFFHD09CC,25,141.51,住家用,鋼筋混凝土構造,83年8月6日,八層,
RPQOMLMLLHOFFKD98CC,37,73.19,住家用,鋼筋混凝土構造,70年12月2日,五層,
RPQOMLMLLHOFFKD98CC,37,6.64,共有部分,鋼筋混凝土構造,70年12月2日,五層,
RPQOMLMLLHOFFKD98CC,37,5.50,共有部分,鋼筋混凝土構造,70年12月2日,五層,
RPSPMLMLLHOFFKD66CC,26,127.18,住家用,鋼筋混凝土構造,81年9月19日,二十層,
RPSPMLMLLHOFFKD66CC,26,60.53,見其他登記事項,鋼筋混凝土構造,81年9月19日,二十層,
RPSPMLMLLHOFFKD66CC,26,7.54,共有部分,鋼筋混凝土構造,81年9月19日,二十層,
RPSPMLMLLHOFFKD66CC,26,15.73,共有部分,鋼筋混凝土構造,81年9月19日,二十層,
RPXNMLPLLHOFFCD09CC,26,16.52,住商用,鋼筋混凝土構造,82年4月1日,四層,
RPWNMLPLLHOFFCD98CC,26,16.52,住商用,鋼筋混凝土構造,82年4月1日,四層,
RPQNMLPLLHOFFKD56CC,34,83.51,住家用,加強磚造,74年2月12日,二層,
RPWOMLQLLHOFFCD56CC,4,434.81,見其他登記事項,見其他登記事項,104年4月20日,一層,
RPVNMLQLLHOFFHD86CC,32,105.76,住家用,加強磚造,76年5月26日,二層,
RPSNMLPLLHOFFAD38CC,16,91.13,見其他登記事項,鋼筋混凝土造,91年11月15日,十一層,
RPSNMLPLLHOFFAD38CC,16,42.27,共有部分,鋼筋混凝土造,91年11月15日,十一層,
RPQOMLRLLHOFFCD68CC,24,53.58,住家用,鋼筋混凝土構造,84年3月2日,七層,
RPQOMLRLLHOFFCD68CC,24,5.49,共有部分,鋼筋混凝土構造,84年3月2日,七層,
RPQOMLRLLHOFFCD68CC,24,9.25,共有部分,鋼筋混凝土構造,84年3月2日,七層,
RPROMLRLLHOFFCD78CC,16,649.61,見其他登記事項,見其他登記事項,91年9月20日,五層,
RPQNMLRLLHOFFHD09CC,30,288.04,住家用,鋼筋混凝土構造,78年3月15日,三層,
RPQNMLQLLHOFFAD28CC,27,88.31,商業用,鋼筋混凝土造,80年12月17日,十二層,
RPQNMLQLLHOFFAD28CC,27,114.16,商業用,鋼筋混凝土造,80年12月17日,十二層,
RPQNMLQLLHOFFAD28CC,27,20.38,共有部分,鋼筋混凝土造,80年12月17日,十二層,
RPQNMLQLLHOFFAD28CC,27,27.00,共有部分,鋼筋混凝土造,80年12月17日,十二層,
RPTNMLSLLHOFFKD17CC,7,208.05,見其他登記事項,見其他登記事項,100年11月28日,四層,
RPSNMLRLLHOFFKD96CC,23,123.12,住家用,鋼筋混凝土構造,84年12月22日,十一層,
RPSNMLRLLHOFFKD96CC,23,23.16,共有部分,鋼筋混凝土構造,84年12月22日,十一層,
RPTPMLRLLHOFFAD88CC,37,40.05,住家用,鋼筋混凝土造,70年12月31日,七層,
RPTPMLRLLHOFFAD88CC,37,13.61,共有部分,鋼筋混凝土造,70年12月31日,七層,
RPROMLRLLHOFFKD96CC,24,86.06,住家用,鋼筋混凝土構造,84年4月7日,十七層,
RPROMLRLLHOFFKD96CC,25,51.27,共有部分,鋼筋混凝土構造,83年2月21日,十七層,
RPQNMLPLLHOFFDD48CC,40,164.22,住商用,鋼筋混凝土構造,68年9月12日,三層,
RPRNMLNLLHOFFDD38CC,,135.36,見其他登記事項,鋼筋混凝土構造,,十層,
RPWNMLSLLHOFFCD66CC,3,83.69,見其他登記事項,鋼筋混凝土構造,105年3月14日,十四層,
RPWNMLSLLHOFFCD66CC,3,22.48,見其他登記事項,鋼筋混凝土構造,105年3月14日,十四層,
RPWNMLSLLHOFFCD66CC,3,61.34,見其他登記事項,鋼筋混凝土構造,105年3月14日,十四層,
RPXNMLSLLHOFFCD76CC,26,58.18,商業用,鋼筋混凝土構造,82年2月16日,六層,
RPXNMLSLLHOFFCD76CC,26,18.96,共有部分,鋼筋混凝土構造,82年2月16日,六層,
RPVNMLSLLHOFFAD98CC,27,70.50,住商用,鋼筋混凝土造,81年5月21日,九層,
RPOQMLSLLHOFFAD58CC,2,70.41,見其他登記事項,見其他登記事項,105年11月8日,十三層,
RPOQMLSLLHOFFAD58CC,2,33.02,見其他登記事項,見其他登記事項,105年11月8日,十三層,
RPUNMLTLLHOFFCD56CC,29,307.62,商業用,鋼筋混凝土構造,79年8月9日,七層,
RPROMLKMLHOFFCD18CC,2,182.57,見其他登記事項,鋼筋混凝土構造,106年5月31日,十四層,
RPUNMLTLLHOFFKD37CC,25,79.87,住家用,鋼筋混凝土構造,83年4月26日,七層,
RPPRMLTLLHOFFAD88CC,61,235.15,住商用,加強磚造,47年1月1日,三層,
RPURMLTLLHOFFAD76CC,42,186.14,住家用,加強磚造,65年9月23日,二層,
RPUNMLSLLHOFFAD88CC,27,324.00,住商用,鋼筋混凝土造,81年5月21日,九層,
RPPPMLLJMHOFFKD78CC,24,83.87,住家用,鋼筋混凝土構造,83年10月6日,十二層,
RPPPMLLJMHOFFKD78CC,24,24.57,共有部分,鋼筋混凝土構造,83年10月20日,十二層,
RPQNMLLJMHOFFCD87CC,33,128.21,住家用,鋼筋混凝土構造,74年12月5日,二層,
RPQOMLLJMHOFFCD08DC,2,62.28,見其他登記事項,鋼筋混凝土構造,106年8月7日,四層,
RPPNMLSLLHOFFID56CC,25,194.07,住家用,鋼筋混凝土構造,83年3月31日,三層,
RPWNMLSLLHOFFGD17DC,43,365.42,住商用,加強磚造,65年8月10日,三層,
RPOOMLMJMHOFFCD87CC,23,91.03,住家用,鋼筋混凝土構造,84年11月6日,二十層,
RPQNMLKMLHOFFID58CC,12,102.01,工業用,見其他登記事項,95年11月28日,一層,
RPQNMLKMLHOFFID58CC,12,359.80,工業用,見其他登記事項,95年11月28日,一層,
RPOOMLMJMHOFFID48CC,17,162.41,住家用,鋼筋混凝土構造,91年5月3日,四層,
RPRNMLMJMHOFFHD58CC,32,117.46,住家用,加強磚造,76年5月26日,二層,
RPSNMLLJMHOFFKD98DC,3,224.99,見其他登記事項,見其他登記事項,104年11月18日,四層,
RPSNMLMJMHOFFKD98CC,21,22.71,住家用,鋼筋混凝土構造,87年6月2日,七層,
RPSNMLMJMHOFFKD98CC,21,2.22,共有部分,鋼筋混凝土構造,87年6月2日,七層,
RPSNMLMJMHOFFKD98CC,21,6.49,共有部分,鋼筋混凝土構造,87年6月2日,七層,
RPTNMLMJMHOFFKD09CC,20,57.02,住家用,鋼筋混凝土構造,88年5月19日,十一層,
RPTNMLMJMHOFFKD09CC,20,17.88,共有部分,鋼筋混凝土構造,88年5月19日,十四層,
RPTNMLMJMHOFFKD09CC,20,6.37,共有部分,鋼筋混凝土構造,88年5月19日,十四層,
RPQOMLMJMHOFFAD87CC,36,64.82,住商用,鋼筋混凝土造,71年9月10日,八層,
RPQOMLMJMHOFFAD87CC,36,18.60,共有部分,鋼筋混凝土造,71年9月10日,八層,
RPVNMLMJMHOFFAD28CC,12,109.43,見其他登記事項,見其他登記事項,96年8月24日,十四層,
RPVNMLMJMHOFFAD28CC,12,23.08,共有部分,見其他登記事項,96年8月24日,十四層,
RPVNMLMJMHOFFAD28CC,12,20.09,共有部分,見其他登記事項,96年8月24日,十四層,
RPOOMLNJMHOFFAD77CC,22,24.32,住家用,鋼筋混凝土造,85年11月27日,十一層,
RPOOMLNJMHOFFAD77CC,22,6.29,共有部分,鋼筋混凝土造,85年11月27日,十一層,
RPOOMLNJMHOFFAD77CC,22,2.87,共有部分,鋼筋混凝土造,85年11月27日,十一層,
RPWNMLNJMHOFFAD48CC,39,28.11,住家用,鋼筋混凝土造,69年5月7日,八層,
RPWNMLNJMHOFFAD48CC,39,22.57,住家用,鋼筋混凝土造,69年5月7日,八層,
RPWNMLNJMHOFFAD48CC,39,16.70,共有部分,鋼筋混凝土造,69年5月7日,八層,
RPRNMLSJMHOFFCD68CC,10,315.29,見其他登記事項,鋼筋混凝土構造,98年3月19日,十四層,
RPSNMLSJMHOFFAD58CC,34,45.89,住家用,鋼筋混凝土造,74年5月7日,五層,
RPSNMLSJMHOFFAD58CC,34,14.87,共有部分,鋼筋混凝土造,74年5月7日,五層,
RPOOMLTJMHOFFCD58CC,38,67.80,住商用,鋼筋混凝土構造,70年7月15日,四層,
RPQNMLTJMHOFFCD68CC,28,75.25,住家用,鋼筋混凝土構造,80年9月3日,七層,
RPQNMLTJMHOFFCD68CC,28,27.30,共有部分,鋼筋混凝土構造,80年9月3日,七層,
RPXNMLTJMHOFFCD76CC,38,197.91,住商用,鋼筋混凝土構造,70年7月15日,四層,
RPWNMLSJMHOFFAD98CC,13,87.73,見其他登記事項,見其他登記事項,95年10月1日,十四層,
RPWNMLSJMHOFFAD98CC,13,16.81,共有部分,見其他登記事項,95年10月1日,十四層,
RPWNMLSJMHOFFAD98CC,13,14.24,共有部分,見其他登記事項,95年10月1日,十四層,
RPWNMLTJMHOFFAD09CC,26,74.36,見其他登記事項,鋼筋混凝土造,82年1月21日,六層,
RPWNMLTJMHOFFAD09CC,26,20.88,共有部分,鋼筋混凝土造,82年1月21日,六層,
RPUOMLTJMHOFFCD56CC,51,35.46,住家用,見其他登記事項,57年6月2日,二層,
RPQNMLQJMHOFFDD48CC,33,127.66,住家用,鋼筋混凝土構造,75年6月16日,三層,
RPSNMLTJMHOFFID86CC,9,43.66,住家用,鋼筋混凝土構造,99年4月22日,十層,
RPSNMLTJMHOFFID86CC,9,26.06,見其他登記事項,鋼筋混凝土構造,99年4月22日,十四層,
RPRNMLQJMHOFFDD58CC,21,212.71,住家用,鋼筋混凝土構造,87年9月4日,四層,
RPUNMLTJMHOFFHD96CC,28,218.28,住商用,鋼筋混凝土構造,80年5月31日,四層,
RPTNMLQJMHOFFDD78CC,12,37.36,住商用,鋼骨鋼筋混凝土造,96年4月27日,四層,
RPTNMLTJMHOFFID96CC,9,125.92,住家用,鋼筋混凝土構造,99年1月27日,十三層,
RPTNMLTJMHOFFID96CC,9,71.41,見其他登記事項,鋼筋混凝土構造,99年1月27日,十三層,
RPSNMLQJMHOFFDD68CC,12,37.36,住商用,鋼骨鋼筋混凝土造,96年4月27日,四層,
RPWNMLTJMHOFFHD17CC,5,224.71,住家用,鋼筋混凝土構造,103年5月7日,三層,
RPQOMLTJMHOFFHD66CC,1,55.17,見其他登記事項,鋼筋混凝土構造,107年6月28日,三層,
RPPNMLTJMHOFFKD76CC,22,106.71,住家用,鋼筋混凝土構造,85年11月6日,二十六層,
RPPNMLTJMHOFFKD76CC,22,2.45,共有部分,鋼筋混凝土構造,85年11月6日,二十六層,
RPPNMLTJMHOFFKD76CC,22,20.12,共有部分,鋼筋混凝土構造,85年11月6日,二十六層,
RPPOMLTJMHOFFKD86CC,31,143.16,住商用,鋼筋混凝土構造,76年10月19日,二層,
RPQNMLKKMHOFFHD38CC,19,200.11,住商用,鋼筋混凝土構造,89年2月11日,三層,
RPRNMLTJMHOFFKD96CC,3,13.23,住家用,見其他登記事項,105年8月15日,四層,
RPSPMLKKMHOFFID88CC,23,102.18,住家用,鋼筋混凝土構造,84年11月27日,八層,
RPSPMLKKMHOFFID88CC,23,34.56,共有部分,鋼筋混凝土構造,84年11月27日,八層,
RPSPMLKKMHOFFID88CC,23,18.61,共有部分,鋼筋混凝土構造,84年11月27日,八層,
RPQNMLTJMHOFFKD86CC,3,26.45,住家用,見其他登記事項,105年8月15日,四層,
RPXNMLKKMHOFFKD76CC,23,91.94,住家用,鋼筋混凝土構造,85年1月29日,十六層,
RPXNMLKKMHOFFKD76CC,23,10.94,共有部分,鋼筋混凝土構造,85年1月29日,十七層,
RPXNMLKKMHOFFKD76CC,23,5.21,共有部分,鋼筋混凝土構造,85年1月29日,十六層,
RPQNMLKKMHOFFCD87CC,35,80.43,住家用,鋼筋混凝土構造,73年1月18日,十二層,
RPQNMLKKMHOFFCD87CC,35,12.63,共有部分,鋼筋混凝土構造,73年1月18日,十二層,
RPRNMLKKMHOFFCD97CC,28,31.30,住家用,鋼筋混凝土構造,79年12月26日,七層,
RPRNMLKKMHOFFCD97CC,28,8.36,共有部分,鋼筋混凝土構造,79年12月26日,七層,
RPWOMLTJMHOFFHD27CC,3,26.45,見其他登記事項,鋼筋混凝土構造,105年5月11日,四層,
RPXNMLKKMHOFFCD58CC,24,80.60,住家用,鋼筋混凝土構造,83年11月11日,九層,
RPXNMLKKMHOFFCD58CC,24,45.78,共有部分,鋼筋混凝土構造,83年11月11日,九層,
RPXNMLKKMHOFFCD58CC,24,12.49,共有部分,鋼筋混凝土構造,83年11月11日,九層,
RPWNMLLKMHOFFCD58CC,22,132.53,住商用,鋼筋混凝土構造,86年7月1日,九層,
RPWNMLLKMHOFFCD58CC,22,27.93,見其他登記事項,鋼筋混凝土構造,86年7月1日,九層,
RPWNMLLKMHOFFCD58CC,22,15.89,共有部分,鋼筋混凝土構造,86年7月1日,九層,
RPVOMLLKMHOFFCD58CC,35,105.06,住家用,鋼筋混凝土構造,73年1月9日,五層,
RPVOMLLKMHOFFCD58CC,35,6.75,共有部分,鋼筋混凝土構造,73年1月9日,五層,
RPXNMLKKMHOFFAD38CC,9,58.43,見其他登記事項,鋼筋混凝土造,99年4月6日,十四層,
RPXNMLKKMHOFFAD38CC,9,53.92,共有部分,鋼筋混凝土造,99年4月6日,十四層,
RPSOMLKKMHOFFAD97CC,4,152.97,見其他登記事項,見其他登記事項,104年4月28日,一層,
RPWNMLKKMHOFFAD28CC,39,93.92,住家用,鋼筋混凝土造,69年3月11日,五層,
RPWNMLKKMHOFFAD28CC,39,.00,共有部分,鋼筋混凝土造,69年3月11日,五層,
RPPPMLLKMHOFFCD08CC,49,65.68,住家用,見其他登記事項,58年11月23日,二層,
RPOPMLLKMHOFFCD97CC,31,152.13,住家用,鋼筋混凝土構造,77年5月10日,二層,
RPPOMLKKMHOFFAD67CC,44,118.05,住家用,加強磚造,64年4月17日,二層,
RPSPMLLKMHOFFCD38CC,39,87.47,住家用,鋼筋混凝土構造,68年10月13日,四層,
RPSPMLLKMHOFFCD38CC,39,4.74,共有部分,鋼筋混凝土構造,68年10月13日,四層,
RPSPMLLKMHOFFCD38CC,39,5.52,共有部分,鋼筋混凝土構造,68年10月13日,四層,
RPTPMLLKMHOFFCD48CC,9,59.89,商業用,鋼筋混凝土構造,99年5月7日,十四層,
RPVPMLLKMHOFFCD68CC,37,77.42,住家用,鋼筋混凝土構造,70年12月30日,五層,
RPVPMLLKMHOFFCD68CC,37,3.99,共有部分,鋼筋混凝土構造,70年12月30日,五層,
RPPQMLLKMHOFFCD18CC,31,149.65,住家用,鋼筋混凝土構造,77年2月11日,五層,
RPWPMLLKMHOFFCD78CC,16,46.54,見其他登記事項,鋼筋混凝土構造,91年12月10日,四層,
RPROMLMKMHOFFHD78CC,19,200.11,住商用,鋼筋混凝土構造,89年2月11日,三層,
RPROMLLKMHOFFID78CC,11,216.17,住商用,鋼筋混凝土構造,97年1月28日,四層,
RPPNMLLKMHOFFBD77CC,37,102.27,住商用,加強磚造,71年9月8日,二層,
RPXNMLMKMHOFFCD78CC,39,62.63,見其他登記事項,鋼筋混凝土構造,69年5月22日,七層,
RPXNMLMKMHOFFCD78CC,39,9.84,共有部分,鋼筋混凝土構造,69年5月22日,七層,
RPSNMLMKMHOFFKD09CC,1,48.61,見其他登記事項,見其他登記事項,107年2月2日,十六層,
RPSNMLMKMHOFFKD09CC,1,2.77,見其他登記事項,見其他登記事項,107年2月2日,十六層,
RPSNMLMKMHOFFKD09CC,1,8.48,見其他登記事項,見其他登記事項,107年2月2日,十六層,
RPSNMLMKMHOFFKD09CC,1,1.14,見其他登記事項,見其他登記事項,107年2月2日,十六層,
RPXNMLMKMHOFFKD96CC,24,85.77,住家用,鋼筋混凝土構造,84年5月20日,十一層,
RPXNMLMKMHOFFKD96CC,24,19.28,共有部分,鋼筋混凝土構造,84年5月20日,十一層,
RPSOMLMKMHOFFAD18CC,38,84.40,住家用,鋼筋混凝土造,70年9月23日,八層,
RPSOMLMKMHOFFAD18CC,38,24.25,共有部分,鋼筋混凝土造,70年9月23日,八層,
RPWNMLMKMHOFFAD48CC,1,97.43,見其他登記事項,見其他登記事項,106年10月20日,一層,
RPWNMLMKMHOFFAD48CC,1,1.02,見其他登記事項,見其他登記事項,106年10月20日,一層,
RPSPMLPKMHOFFKD96CC,35,86.37,住家用,鋼筋混凝土構造,73年3月26日,五層,
RPTNMLMKMHOFFAD18CC,1,84.13,見其他登記事項,見其他登記事項,106年10月20日,一層,
RPTNMLMKMHOFFAD18CC,1,1.02,見其他登記事項,見其他登記事項,106年10月20日,一層,
RPQNMLOKMHOFFKD09CC,27,293.99,住商用,鋼筋混凝土構造,81年9月19日,二十層,
RPQNMLOKMHOFFKD09CC,27,8.97,共有部分,鋼筋混凝土構造,81年9月19日,二十層,
RPPNMLOKMHOFFKD98CC,24,50.80,住家用,鋼筋混凝土構造,84年4月7日,十七層,
RPPNMLOKMHOFFKD98CC,25,34.18,共有部分,鋼筋混凝土構造,83年2月21日,十七層,
RPQPMLPKMHOFFKD76CC,26,95.21,住家用,鋼筋混凝土構造,81年10月16日,十六層,
RPQPMLPKMHOFFKD76CC,26,5.66,共有部分,鋼筋混凝土構造,81年10月16日,十七層,
RPQPMLPKMHOFFKD76CC,26,16.23,共有部分,鋼筋混凝土構造,81年10月16日,十六層,
RPPNMLNKMHOFFAD87CC,13,26.69,見其他登記事項,見其他登記事項,95年7月13日,九層,
RPPNMLNKMHOFFAD87CC,13,4.30,共有部分,見其他登記事項,95年7月13日,十一層,
RPPNMLNKMHOFFAD87CC,13,8.63,共有部分,見其他登記事項,95年7月13日,九層,
RPPNMLNKMHOFFAD87CC,13,.01,共有部分,見其他登記事項,95年7月13日,十一層,
RPSOMLPKMHOFFCD68CC,60,85.95,住家用,磚造,48年1月1日,一層,
RPROMLPKMHOFFCD58CC,5,109.62,見其他登記事項,鋼筋混凝土構造,102年10月23日,十二層,
RPROMLPKMHOFFCD58CC,5,82.07,見其他登記事項,鋼筋混凝土構造,102年10月23日,十二層,
RPOOMLQKMHOFFID98CC,11,239.71,住商用,鋼筋混凝土構造,96年10月9日,四層,
RPUNMLPKMHOFFHD66CC,2,191.10,見其他登記事項,鋼筋混凝土構造,106年10月2日,四層,
RPOOMLQKMHOFFCD38CC,37,75.63,住家用,鋼筋混凝土構造,70年12月24日,七層,
RPOOMLQKMHOFFCD38CC,37,14.47,共有部分,鋼筋混凝土構造,70年12月24日,七層,
RPSNMLQKMHOFFBD58CC,19,212.59,住商用,鋼筋混凝土構造,88年12月10日,四層,
RPVOMLQKMHOFFCD09CC,12,98.15,見其他登記事項,鋼筋混凝土構造,96年6月26日,五層,
RPVPMLQKMHOFFKD37CC,25,77.89,住家用,鋼筋混凝土構造,83年10月6日,十二層,
RPVPMLQKMHOFFKD37CC,25,29.11,共有部分,鋼筋混凝土構造,83年10月6日,十二層,
RPSNMLQKMHOFFAD48CC,24,153.52,商業用,鋼筋混凝土造,84年1月19日,十二層,
RPSNMLQKMHOFFAD48CC,24,24.69,共有部分,鋼筋混凝土造,84年1月19日,十二層,
RPRNMLQKMHOFFAD38CC,20,54.08,見其他登記事項,鋼筋混凝土造,88年2月11日,二十四層,
RPRNMLQKMHOFFAD38CC,20,5.61,共有部分,鋼筋混凝土造,88年2月11日,二十四層,
RPRNMLQKMHOFFAD38CC,20,9.69,共有部分,鋼筋混凝土造,88年2月11日,二十四層,
RPRNMLQKMHOFFAD38CC,20,2.13,共有部分,鋼筋混凝土造,88年2月11日,二十四層,
RPSOMLSKMHOFFKD17CC,24,131.31,住家用,鋼筋混凝土構造,84年3月24日,六層,
RPSOMLSKMHOFFKD17CC,24,62.89,共有部分,鋼筋混凝土構造,84年3月24日,六層,
RPSRMLQKMHOFFKD27CC,25,111.04,住家用,鋼筋混凝土構造,83年1月4日,八層,
RPSRMLQKMHOFFKD27CC,25,30.07,共有部分,鋼筋混凝土構造,83年1月4日,八層,
RPXPMLQKMHOFFKD57CC,27,40.29,住家用,鋼筋混凝土構造,81年7月23日,十七層,
RPXPMLQKMHOFFKD57CC,27,7.33,共有部分,鋼筋混凝土構造,81年7月23日,十七層,
RPXPMLQKMHOFFKD57CC,27,.98,共有部分,鋼筋混凝土構造,81年7月23日,十九層,
RPXPMLQKMHOFFKD57CC,27,2.17,共有部分,鋼筋混凝土構造,81年7月23日,十九層,
RPUNMLQKMHOFFAD68CC,10,53.66,見其他登記事項,鋼筋混凝土造,97年12月19日,十四層,
RPUNMLQKMHOFFAD68CC,10,21.58,共有部分,鋼筋混凝土造,97年12月19日,十四層,
RPUNMLQKMHOFFAD68CC,10,9.79,共有部分,鋼筋混凝土造,97年12月19日,十四層,
RPRNMLSKMHOFFHD66CC,43,111.13,住商用,加強磚造,65年7月1日,二層,
RPTOMLSKMHOFFAD88CC,10,57.31,見其他登記事項,鋼筋混凝土造,97年12月19日,十四層,
RPTOMLSKMHOFFAD88CC,10,10.69,共有部分,鋼筋混凝土造,97年12月19日,十四層,
RPTOMLSKMHOFFAD88CC,10,10.87,共有部分,鋼筋混凝土造,97年12月19日,十四層,
RPSNMLTKMHOFFKD17CC,38,97.81,住家用,加強磚造,69年11月11日,二層,
RPPNMLLLMHOFFCD97CC,33,58.28,住商用,鋼筋混凝土構造,75年1月30日,四層,
RPPNMLLLMHOFFKD78CC,12,96.61,住家用,鋼筋混凝土構造,96年9月20日,十四層,
RPPNMLLLMHOFFKD78CC,12,59.63,共有部分,鋼筋混凝土構造,96年9月20日,十四層,
RPXNMLTKMHOFFAD66CC,24,40.03,住家用,鋼筋混凝土造,83年12月22日,二十一層,
RPXNMLTKMHOFFAD66CC,24,7.30,共有部分,鋼筋混凝土造,83年12月22日,二十一層,
RPXNMLTKMHOFFAD66CC,24,6.29,共有部分,鋼筋混凝土造,83年12月22日,二十一層,
RPWNMLTKMHOFFAD56CC,2,66.79,見其他登記事項,見其他登記事項,105年11月8日,十三層,
RPWNMLTKMHOFFAD56CC,2,47.74,見其他登記事項,見其他登記事項,105年11月8日,十三層,
RPVNMLTKMHOFFAD09CC,37,81.39,住家用,鋼筋混凝土造,71年5月21日,十層,
RPVNMLTKMHOFFAD09CC,37,14.75,共有部分,鋼筋混凝土造,71年5月21日,十層,
RPROMLMLMHOFFCD48DC,10,82.70,見其他登記事項,鋼筋混凝土構造,97年12月19日,四層,
RPQOMLMLMHOFFCD28CC,25,82.92,住商用,鋼筋混凝土構造,83年8月1日,八層,
RPQOMLMLMHOFFCD28CC,25,47.49,共有部分,鋼筋混凝土構造,83年8月1日,八層,
RPTOMLMLMHOFFCD58CC,17,153.79,見其他登記事項,鋼筋混凝土構造,90年12月19日,六層,
RPVOMLMLMHOFFKD96CC,25,80.96,住家用,鋼筋混凝土構造,83年6月2日,七層,
RPVOMLMLMHOFFKD96CC,25,31.04,共有部分,鋼筋混凝土構造,83年6月2日,七層,
RPPPMLMLMHOFFCD28CC,32,97.94,住家用,鋼筋混凝土構造,75年11月6日,五層,
RPPPMLMLMHOFFCD28CC,32,18.83,共有部分,鋼筋混凝土構造,75年11月6日,五層,
RPPPMLMLMHOFFCD28CC,32,80.95,住家用,鋼筋混凝土構造,75年11月6日,五層,
RPPPMLMLMHOFFCD28CC,32,18.83,共有部分,鋼筋混凝土構造,75年11月6日,五層,
RPPNMLSKMHOFFDD68CC,43,96.61,住家用,見其他登記事項,65年7月1日,一層,
RPWNMLMLMHOFFKD96CC,20,51.56,住家用,鋼筋混凝土構造,88年5月19日,十一層,
RPWNMLMLMHOFFKD96CC,20,15.50,共有部分,鋼筋混凝土構造,88年5月19日,十四層,
RPWNMLMLMHOFFKD96CC,20,5.80,共有部分,鋼筋混凝土構造,88年5月19日,十四層,
RPVOMLMLMHOFFCD78CC,37,104.17,住家用,鋼筋混凝土構造,71年5月11日,五層,
RPVOMLMLMHOFFCD78CC,37,8.06,共有部分,鋼筋混凝土構造,71年5月11日,五層,
RPVOMLMLMHOFFCD78CC,37,7.89,共有部分,鋼筋混凝土構造,71年5月11日,五層,
RPVOMLMLMHOFFCD78CC,37,104.17,住家用,鋼筋混凝土構造,71年5月11日,五層,
RPVOMLMLMHOFFCD78CC,37,8.06,共有部分,鋼筋混凝土構造,71年5月11日,五層,
RPVOMLMLMHOFFCD78CC,37,7.89,共有部分,鋼筋混凝土構造,71年5月11日,五層,
RPXPMLMLMHOFFHD96CC,1,103.90,見其他登記事項,鋼筋混凝土構造,107年6月28日,七層,
RPRNMLMLMHOFFAD08CC,6,264.50,見其他登記事項,見其他登記事項,102年6月4日,十四層,
RPRNMLMLMHOFFAD08CC,6,12.00,見其他登記事項,見其他登記事項,102年6月4日,十四層,
RPRNMLMLMHOFFAD08CC,6,142.28,見其他登記事項,見其他登記事項,102年6月4日,十四層,
RPRPMLMLMHOFFAD28CC,46,56.97,住家用,加強磚造,61年10月6日,二層,
RPSOMLMLMHOFFAD28CC,24,59.97,住家用,鋼筋混凝土造,84年1月4日,二十五層,
RPSOMLMLMHOFFAD28CC,24,10.17,共有部分,鋼筋混凝土造,84年1月4日,二十四層,
RPSOMLMLMHOFFAD28CC,24,8.23,共有部分,鋼筋混凝土造,84年1月4日,二十四層,
RPXPMLNLMHOFFAD98CC,29,31.58,住家用,鋼筋混凝土造,79年4月9日,五層,
RPXPMLNLMHOFFAD98CC,29,13.97,共有部分,鋼筋混凝土造,79年4月9日,五層,
RPVPMLNLMHOFFAD78CC,46,100.22,住商用,加強磚造,62年8月17日,三層,
RPQQMLNLMHOFFAD38CC,21,589.33,見其他登記事項,見其他登記事項,87年7月4日,五層,
RPUPMLMLMHOFFAD58CC,5,37.92,見其他登記事項,見其他登記事項,102年11月25日,十四層,
RPUPMLMLMHOFFAD58CC,5,41.33,見其他登記事項,見其他登記事項,102年11月25日,十四層,
RPUPMLMLMHOFFAD58CC,5,8.79,見其他登記事項,見其他登記事項,102年11月25日,十四層,
RPOPMLMLMHOFFCD28DC,29,74.28,商業用,鋼筋混凝土構造,79年9月26日,十二層,
RPSOMLMLMHOFFCD58DC,10,26.45,見其他登記事項,鋼筋混凝土構造,97年12月19日,四層,
RPROMLNLMHOFFCD48CC,19,299.80,住家用,見其他登記事項,89年2月11日,二層,
RPSNMLOLMHOFFCD58CC,7,130.59,住家用,鋼筋混凝土構造,101年7月23日,十三層,
RPSNMLOLMHOFFCD58CC,7,58.76,見其他登記事項,鋼筋混凝土構造,101年7月23日,十三層,
RPUNMLOLMHOFFCD78CC,16,53.01,見其他登記事項,鋼筋混凝土構造,91年12月10日,四層,
RPVNMLOLMHOFFCD88CC,16,137.13,見其他登記事項,鋼筋混凝土構造,91年12月10日,四層,
RPQNMLOLMHOFFHD88CC,1,103.90,見其他登記事項,鋼筋混凝土構造,107年6月28日,七層,
RPPNMLOLMHOFFHD78CC,26,179.16,見其他登記事項,鋼筋混凝土構造,82年4月8日,三層,
RPQOMLOLMHOFFKD66CC,20,47.52,住家用,鋼筋混凝土構造,87年10月26日,十一層,
RPQOMLOLMHOFFKD66CC,20,6.40,共有部分,鋼筋混凝土構造,87年10月26日,十一層,
RPQOMLOLMHOFFKD66CC,20,15.19,共有部分,鋼筋混凝土構造,87年10月26日,十一層,
RPWOMLOLMHOFFAD88CC,24,50.84,住家用,鋼筋混凝土造,84年8月19日,十六層,
RPWOMLOLMHOFFAD88CC,24,27.83,共有部分,鋼筋混凝土造,84年8月19日,十六層,
RPWOMLOLMHOFFAD88CC,24,9.43,共有部分,鋼筋混凝土造,84年8月19日,十六層,
RPTNMLMLMHOFFAD28CC,28,252.59,住商用,鋼筋混凝土造,80年1月28日,四層,
RPTNMLPLMHOFFCD78CC,29,23.93,住家用,鋼筋混凝土構造,79年9月26日,十二層,
RPUNMLPLMHOFFDD98CC,29,167.05,住家用,鋼筋混凝土構造,79年1月8日,二層,
RPUNMLPLMHOFFDD98CC,29,167.05,住家用,鋼筋混凝土構造,79年1月8日,二層,
RPPOMLPLMHOFFCD48CC,33,168.85,住商用,鋼筋混凝土構造,75年1月20日,四層,
RPPOMLPLMHOFFAD28CC,26,36.62,住家用,鋼筋混凝土造,81年12月22日,六層,
RPPOMLPLMHOFFAD28CC,26,6.97,共有部分,鋼筋混凝土造,81年12月22日,六層,
RPPOMLPLMHOFFAD28CC,26,8.55,共有部分,鋼筋混凝土造,81年12月22日,六層,
RPSOMLPLMHOFFCD78CC,34,72.17,住家用,鋼筋混凝土構造,73年11月13日,五層,
RPSOMLPLMHOFFCD78CC,34,17.37,共有部分,鋼筋混凝土構造,73年11月13日,五層,
RPRNMLQLMHOFFCD68CC,38,162.29,住商用,鋼筋混凝土構造,70年3月28日,三層,
RPQNMLQLMHOFFCD58CC,33,120.27,住家用,鋼筋混凝土構造,75年9月8日,五層,
RPQNMLQLMHOFFCD58CC,33,12.05,共有部分,鋼筋混凝土構造,75年9月8日,五層,
RPUOMLPLMHOFFKD17CC,26,103.88,住家用,鋼筋混凝土構造,81年10月3日,十層,
RPVOMLPLMHOFFKD27CC,7,88.37,見其他登記事項,見其他登記事項,101年8月17日,十九層,
RPQOMLPLMHOFFKD76CC,37,92.80,住家用,加強磚造,71年2月26日,二層,
RPTNMLQLMHOFFCD88CC,34,69.39,住家用,鋼筋混凝土構造,74年6月12日,五層,
RPTNMLQLMHOFFCD88CC,34,16.40,共有部分,鋼筋混凝土構造,74年6月12日,五層,
RPPQMLPLMHOFFKD86CC,24,92.92,住家用,鋼筋混凝土構造,84年9月8日,十九層,
RPPQMLPLMHOFFKD86CC,24,33.70,共有部分,鋼筋混凝土構造,84年9月8日,十九層,
RPTOMLQLMHOFFCD98CC,29,235.70,商業用,鋼筋混凝土構造,79年9月17日,二十二層,
RPUNMLQLMHOFFCD98CC,38,23.14,住家用,鋼筋混凝土構造,70年3月21日,四層,
RPWNMLQLMHOFFHD07CC,19,200.11,住商用,鋼筋混凝土構造,89年2月11日,三層,
RPTPMLQLMHOFFCD09CC,35,86.75,住家用,鋼筋混凝土構造,73年1月18日,十二層,
RPTPMLQLMHOFFCD09CC,35,12.03,共有部分,鋼筋混凝土構造,73年1月18日,十二層,
RPUNMLTLMHOFFHD17CC,11,122.61,住商用,鋼筋混凝土構造,97年7月1日,三層,
RPSNMLTLMHOFFHD96CC,36,98.21,住商用,加強磚造,71年12月27日,二層,
RPTOMLTLMHOFFCD66CC,28,55.14,住家用,鋼筋混凝土構造,80年8月27日,六層,
RPTOMLTLMHOFFCD66CC,28,41.56,共有部分,鋼筋混凝土構造,80年8月27日,六層,
RPUOMLTLMHOFFCD76CC,25,86.94,住家用,鋼筋混凝土構造,83年3月16日,七層,
RPUOMLTLMHOFFCD76CC,25,30.57,共有部分,鋼筋混凝土構造,83年3月16日,七層,
RPVOMLQLMHOFFCD56CC,45,91.33,住家用,加強磚造,62年12月30日,二層,
RPTQMLTLMHOFFCD86CC,37,98.39,住家用,鋼筋混凝土構造,70年12月24日,五層,
RPTQMLTLMHOFFCD86CC,37,9.73,共有部分,鋼筋混凝土構造,70年12月24日,五層,
RPRPMLTLMHOFFCD56CC,29,64.81,住家用,鋼筋混凝土構造,78年11月25日,五層,
RPRPMLTLMHOFFCD56CC,29,13.95,共有部分,鋼筋混凝土構造,78年11月25日,五層,
RPSOMLTLMHOFFBD09CC,1,23.15,見其他登記事項,鋼筋混凝土構造,107年1月3日,四層,
RPQNMLTLMHOFFKD07CC,39,65.59,住家用,鋼筋混凝土構造,68年10月2日,四層,
RPQNMLTLMHOFFKD07CC,39,4.56,共有部分,鋼筋混凝土構造,68年10月2日,四層,
RPTNMLTLMHOFFKD37CC,31,119.22,住家用,鋼筋混凝土構造,77年5月19日,二層,
RPXOMLTLMHOFFKD87CC,24,68.16,住家用,鋼筋混凝土構造,84年9月8日,十九層,
RPXOMLTLMHOFFKD87CC,24,24.07,共有部分,鋼筋混凝土構造,84年9月8日,十九層,
RPTOMLTLMHOFFKD47CC,22,67.92,住家用,鋼筋混凝土構造,86年9月26日,十一層,
RPWOMLTLMHOFFKD77CC,23,74.12,住家用,鋼筋混凝土構造,84年12月4日,十五層,
RPWOMLTLMHOFFKD77CC,23,48.92,共有部分,鋼筋混凝土構造,84年12月4日,十五層,
RPTOMLKMMHOFFBD38CC,25,23.00,住家用,鋼筋混凝土構造,83年3月11日,三層,
RPXPMLKMMHOFFCD98CC,42,43.99,住家用,加強磚造,66年9月10日,二層,
RPWQMLKMMHOFFGD86DC,42,49.49,住商用,鋼筋混凝土構造,66年7月30日,四層,
RPQPMLTLMHOFFAD88CC,27,41.69,住家用,鋼筋混凝土造,80年12月13日,五層,
RPQPMLTLMHOFFAD88CC,27,15.23,共有部分,鋼筋混凝土造,80年12月13日,五層,
RPXOMLTLMHOFFAD86CC,22,26.04,住家用,鋼筋混凝土造,85年12月2日,十九層,
RPXOMLTLMHOFFAD86CC,22,2.21,共有部分,鋼筋混凝土造,85年12月2日,十九層,
RPXOMLTLMHOFFAD86CC,22,5.19,共有部分,鋼筋混凝土造,85年12月2日,十九層,
RPPPMLTLMHOFFAD78CC,24,20.71,住家用,鋼筋混凝土造,83年11月7日,九層,
RPPPMLTLMHOFFAD78CC,24,6.57,共有部分,鋼筋混凝土造,83年11月7日,九層,
RPOPMLTLMHOFFAD68CC,27,106.28,住家用,鋼筋混凝土造,81年10月7日,五層,
RPOPMLTLMHOFFAD68CC,27,21.48,共有部分,鋼筋混凝土造,81年10月7日,五層,
RPOPMLTLMHOFFAD68CC,27,27.69,共有部分,鋼筋混凝土造,81年10月7日,五層,
RPXNMLTLMHOFFAD76CC,20,75.10,住家用,鋼筋混凝土造,88年4月1日,十四層,
RPXNMLTLMHOFFAD76CC,20,19.16,共有部分,鋼筋混凝土造,88年4月1日,十四層,
RPXNMLTLMHOFFAD76CC,20,9.87,共有部分,鋼筋混凝土造,88年4月1日,十四層,
RPVOMLTLMHOFFAD66CC,18,57.32,見其他登記事項,鋼筋混凝土造,89年11月20日,十四層,
RPVOMLTLMHOFFAD66CC,18,15.96,共有部分,鋼筋混凝土造,89年11月20日,十四層,
RPTOMLKMMHOFFHD98CC,38,156.15,住家用,見其他登記事項,70年7月27日,一層,
RPRPMLMJNHOFFHD88CC,16,293.81,見其他登記事項,鋼筋混凝土構造,92年4月3日,五層,
RPWPMLMJNHOFFHD76CC,40,98.16,住商用,加強磚造,68年9月1日,二層,
RPXNMLMJNHOFFCD78CC,34,79.80,住家用,鋼筋混凝土構造,74年3月20日,七層,
RPXNMLMJNHOFFCD78CC,34,21.17,共有部分,鋼筋混凝土構造,74年3月20日,七層,
RPPNMLLJNHOFFAD67CC,24,39.37,商業用,鋼筋混凝土造,83年12月22日,二十一層,
RPPNMLLJNHOFFAD67CC,24,7.30,共有部分,鋼筋混凝土造,83年12月22日,二十一層,
RPPNMLLJNHOFFAD67CC,24,6.43,共有部分,鋼筋混凝土造,83年12月22日,二十一層,
RPOOMLMJNHOFFAD77CC,78,140.43,住商用,磚造,30年1月1日,二層,
RPPOMLMJNHOFFAD87CC,26,38.85,共有部分,鋼筋混凝土造,82年1月12日,六層,
RPPOMLMJNHOFFAD87CC,26,78.22,商業用,鋼筋混凝土造,82年1月12日,六層,
RPQNMLMJNHOFFKD88CC,23,249.04,住商用,鋼筋混凝土構造,84年12月5日,四層,
RPQPMLMJNHOFFAD08CC,51,71.70,住家用,加強磚造,57年3月10日,二層,
RPSNMLMJNHOFFKD09CC,27,275.35,住商用,鋼筋混凝土構造,81年4月20日,五層,
RPUNMLMJNHOFFKD66CC,1,59.04,住家用,見其他登記事項,107年2月2日,十六層,
RPUNMLMJNHOFFKD66CC,1,2.87,見其他登記事項,見其他登記事項,107年2月2日,十六層,
RPUNMLMJNHOFFKD66CC,1,48.02,見其他登記事項,見其他登記事項,107年2月2日,十六層,
RPUNMLMJNHOFFKD66CC,1,15.01,見其他登記事項,見其他登記事項,107年2月2日,十六層,
RPVNMLMJNHOFFKD76CC,37,89.52,住家用,鋼筋混凝土構造,71年2月22日,五層,
RPVNMLMJNHOFFKD76CC,37,1.24,共有部分,鋼筋混凝土構造,71年2月22日,五層,
RPVNMLMJNHOFFKD76CC,37,2.17,共有部分,鋼筋混凝土構造,71年2月22日,五層,
RPVNMLMJNHOFFKD76CC,37,1.80,共有部分,鋼筋混凝土構造,71年2月22日,五層,
RPVNMLMJNHOFFKD76CC,37,2.95,共有部分,鋼筋混凝土構造,71年2月22日,五層,
RPVNMLMJNHOFFKD76CC,37,.75,共有部分,鋼筋混凝土構造,71年2月22日,五層,
RPVNMLMJNHOFFKD76CC,37,5.64,共有部分,鋼筋混凝土構造,71年2月22日,五層,
RPTOMLMJNHOFFGD98DC,25,318.61,商業用,鋼造,83年3月16日,一層,
RPXNMLMJNHOFFKD96CC,20,22.67,住家用,鋼筋混凝土構造,88年8月24日,十四層,
RPXNMLMJNHOFFKD96CC,20,1.56,共有部分,鋼筋混凝土構造,88年8月24日,十四層,
RPXNMLMJNHOFFKD96CC,20,1.03,共有部分,鋼筋混凝土構造,88年8月24日,十四層,
RPXNMLMJNHOFFKD96CC,20,6.04,共有部分,鋼筋混凝土構造,88年8月24日,十四層,
RPWNMLMJNHOFFKD86CC,24,22.03,住家用,鋼筋混凝土構造,83年12月24日,八層,
RPWNMLMJNHOFFKD86CC,24,9.98,共有部分,鋼筋混凝土構造,83年12月24日,八層,
RPPOMLMJNHOFFKD88CC,44,17.58,住家用,加強磚造,64年10月1日,二層,
RPOOMLMJNHOFFKD78CC,6,23.15,住家用,見其他登記事項,101年12月6日,四層,
RPOOMLMJNHOFFKD78CC,6,.36,見其他登記事項,見其他登記事項,101年12月6日,四層,
RPTNMLNJNHOFFKD66CC,23,116.93,住家用,鋼筋混凝土構造,85年7月29日,十三層,
RPTNMLNJNHOFFKD66CC,23,17.28,共有部分,鋼筋混凝土構造,85年7月29日,十三層,
RPTNMLNJNHOFFKD66CC,23,34.60,共有部分,鋼筋混凝土構造,85年7月29日,十三層,
RPUNMLNJNHOFFKD76CC,25,78.25,住家用,鋼筋混凝土構造,83年4月30日,七層,
RPUNMLNJNHOFFKD76CC,25,11.67,共有部分,鋼筋混凝土構造,83年4月30日,七層,
RPUNMLNJNHOFFKD76CC,25,11.45,共有部分,鋼筋混凝土構造,83年4月30日,七層,
RPOOMLNJNHOFFCD08CC,25,47.52,住商用,鋼筋混凝土構造,83年3月9日,七層,
RPOOMLNJNHOFFCD08CC,25,34.24,共有部分,鋼筋混凝土構造,83年3月9日,七層,
RPVNMLNJNHOFFKD86CC,36,70.91,住家用,鋼筋混凝土構造,72年1月22日,五層,
RPVNMLNJNHOFFKD86CC,36,3.53,共有部分,鋼筋混凝土構造,72年1月22日,五層,
RPVNMLNJNHOFFKD86CC,36,5.22,共有部分,鋼筋混凝土構造,72年1月22日,五層,
RPOPMLNJNHOFFCD18CC,32,110.31,住家用,鋼筋混凝土構造,76年1月21日,二層,
RPQOMLNJNHOFFCD28CC,53,99.57,住家用,加強磚造,55年1月1日,二層,
RPSOMLNJNHOFFCD48CC,36,87.21,住家用,鋼筋混凝土構造,72年3月17日,五層,
RPSOMLNJNHOFFCD48CC,36,12.75,共有部分,鋼筋混凝土構造,72年3月17日,五層,
RPPPMLNJNHOFFCD28CC,39,48.37,住家用,鋼筋混凝土構造,68年12月14日,五層,
RPPPMLNJNHOFFCD28CC,39,11.70,共有部分,鋼筋混凝土構造,68年12月14日,五層,
RPUOMLNJNHOFFHD56CC,1,57.80,見其他登記事項,鋼筋混凝土構造,107年6月28日,七層,
RPPNMLPJNHOFFCD28CC,20,184.33,住家用,鋼筋混凝土構造,88年7月6日,九層,
RPOOMLQJNHOFFCD38CC,37,54.20,住家用,鋼筋混凝土構造,70年11月3日,五層,
RPOOMLQJNHOFFCD38CC,37,8.77,共有部分,鋼筋混凝土構造,70年11月3日,五層,
RPWOMLQJNHOFFCD56CC,16,181.15,見其他登記事項,鋼筋混凝土構造,92年8月28日,五層,
RPUNMLQJNHOFFAD68CC,60,37.41,住家用,磚造,48年1月1日,三層,
RPQOMLQJNHOFFAD38CC,21,28.81,見其他登記事項,鋼筋混凝土造,87年7月6日,五層,
RPQOMLQJNHOFFAD38CC,21,10.29,共有部分,鋼筋混凝土造,87年7月6日,五層,
RPSQMLQJNHOFFAD78CC,25,282.46,住商用,鋼筋混凝土造,83年1月17日,四層,
RPUNMLNJNHOFFAD38CC,6,110.90,見其他登記事項,見其他登記事項,102年10月24日,十二層,
RPUNMLNJNHOFFAD38CC,6,80.92,見其他登記事項,見其他登記事項,102年10月24日,十二層,
RPWNMLNJNHOFFAD58CC,24,33.51,住家用,鋼筋混凝土造,83年12月22日,二十一層,
RPWNMLNJNHOFFAD58CC,24,6.33,共有部分,鋼筋混凝土造,83年12月22日,二十一層,
RPWNMLNJNHOFFAD58CC,24,3.71,共有部分,鋼筋混凝土造,83年12月22日,二十一層,
RPSOMLNJNHOFFAD28CC,21,88.92,住家用,鋼筋混凝土造,87年2月12日,七層,
RPSOMLNJNHOFFAD28CC,21,36.69,見其他登記事項,鋼筋混凝土造,87年2月12日,七層,
RPXNMLNJNHOFFAD68CC,10,57.46,見其他登記事項,鋼筋混凝土造,97年12月19日,十四層,
RPXNMLNJNHOFFAD68CC,10,32.21,共有部分,鋼筋混凝土造,97年12月19日,十四層,
RPXNMLNJNHOFFAD68CC,10,10.47,共有部分,鋼筋混凝土造,97年12月19日,十四層,
RPRNMLNJNHOFFAD08CC,42,71.50,住家用,鋼筋混凝土造,66年3月17日,四層,
RPSNMLNJNHOFFAD18CC,10,59.16,見其他登記事項,鋼筋混凝土造,98年5月25日,五層,
RPSOMLRJNHOFFAD68CC,2,237.98,見其他登記事項,見其他登記事項,105年11月4日,二十四層,
RPSOMLRJNHOFFAD68CC,2,45.06,見其他登記事項,見其他登記事項,105年11月4日,二十四層,
RPSOMLRJNHOFFAD68CC,2,144.49,見其他登記事項,見其他登記事項,105年11月4日,二十四層,
RPVOMLRJNHOFFAD98CC,1,213.26,見其他登記事項,見其他登記事項,107年4月9日,二十四層,
RPVOMLRJNHOFFAD98CC,1,120.24,見其他登記事項,見其他登記事項,107年4月9日,二十四層,
RPSNMLSJNHOFFCD88CC,46,72.89,住家用,加強磚造,62年7月5日,二層,
RPOOMLSJNHOFFCD58CC,49,98.54,住家用,加強磚造,59年3月31日,二層,
RPTNMLSJNHOFFCD98CC,26,110.79,住家用,鋼筋混凝土構造,82年10月16日,七層,
RPTNMLSJNHOFFCD98CC,26,30.92,共有部分,鋼筋混凝土構造,82年10月16日,七層,
RPUNMLSJNHOFFAD88CC,12,123.31,見其他登記事項,見其他登記事項,96年1月11日,十四層,
RPXNMLSJNHOFFAD56CC,32,286.56,住商用,鋼筋混凝土造,76年8月25日,四層,
RPUNMLSJNHOFFAD88CC,12,17.14,共有部分,見其他登記事項,96年1月11日,14,
RPUNMLSJNHOFFAD88CC,12,55.56,共有部分,見其他登記事項,96年1月11日,十四層,
RPWNMLTJNHOFFCD76CC,37,87.09,住家用,鋼筋混凝土構造,71年2月17日,五層,
RPWNMLTJNHOFFCD76CC,37,.00,共有部分,鋼筋混凝土構造,71年2月17日,五層,
RPSOMLSJNHOFFAD78CC,2,58.14,見其他登記事項,見其他登記事項,106年1月24日,二十三層,
RPSOMLSJNHOFFAD78CC,2,60.06,見其他登記事項,見其他登記事項,105年11月9日,二十七層,
RPSNMLTJNHOFFDD09CC,3,20.06,見其他登記事項,鋼筋混凝土構造,105年6月28日,四層,
RPTNMLKKNHOFFDD38CC,24,122.20,住家用,鋼筋混凝土構造,84年2月24日,十五層,
RPTOMLTJNHOFFAD98CC,2,88.33,見其他登記事項,見其他登記事項,106年10月20日,一層,
RPTOMLTJNHOFFAD98CC,2,1.02,見其他登記事項,見其他登記事項,106年10月20日,一層,
RPRNMLSJNHOFFKD96CC,28,109.91,見其他登記事項,鋼造,79年12月5日,二十四層,
RPRNMLSJNHOFFKD96CC,28,4.22,共有部分,鋼造,79年12月5日,二十四層,
RPRNMLSJNHOFFKD96CC,28,7.84,共有部分,鋼造,79年12月5日,二十四層,
RPRNMLSJNHOFFKD96CC,28,6.97,共有部分,鋼造,79年12月5日,二十四層,
RPRNMLSJNHOFFKD96CC,28,21.31,共有部分,鋼造,79年12月5日,二十四層,
