﻿編號,土地區段位置,土地移轉面積平方公尺,使用分區或編定
The serial number,land sector position,land shifting area square meter,the use zoning or compiles and checks
RPRVMLLKKHOFFBF68CB,芳洲段,19.02,都市：住
RPXTMLLKKHOFFBF09CB,芳洲段,19.02,都市：住
RPUWMLLKKHOFFBF09CB,芳洲段,18.92,都市：住
RPSWMLLKKHOFFBF88CB,芳洲段,19.02,都市：住
RPONNLLKKHOFFBF67CB,芳洲段,19.02,都市：住
RPPNNLLKKHOFFBF77CB,芳洲段,19.02,都市：住
RPQWMLLKKHOFFBF68CB,芳洲段,14.24,都市：住
RPSUMLLKKHOFFBF68CB,芳洲段,19.02,都市：住
RPOWMLLKKHOFFBF48CB,芳洲段,14.24,都市：住
RPRNMLMKKHOFFBF97CB,芳洲段,14.24,都市：住
RPQNMLMKKHOFFBF87CB,芳洲段,19.02,都市：住
RPOOMLMKKHOFFBF77CB,芳洲段,14.24,都市：住
RPQQMLMKKHOFFBF18CB,芳洲段,23.88,都市：住
RPURMLMKKHOFFBF68CB,芳洲段,14.33,都市：住
RPORMLMKKHOFFBF08CB,芳洲段,23.88,都市：住
RPVNMLMKKHOFFBF38CB,芳洲段,14.24,都市：住
RPOPMLMKKHOFFBF87CB,芳洲段,14.33,都市：住
RPTRMLMKKHOFFBF58CB,芳洲段,23.79,都市：住
RPVQMLSKKHOFFAF56CB,土城段,1.73,都市：住
RPVQMLSKKHOFFAF56CB,土城段,13.11,都市：住
RPVQMLSKKHOFFAF56CB,土城段,.32,都市：住
RPRNMLTKKHOFFAF58CB,土城段,1.49,都市：住
RPRNMLTKKHOFFAF58CB,土城段,11.30,都市：住
RPRNMLTKKHOFFAF58CB,土城段,.27,都市：住
RPUNMLTKKHOFFAF88CB,土城段,1.64,都市：住
RPUNMLTKKHOFFAF88CB,土城段,12.43,都市：住
RPUNMLTKKHOFFAF88CB,土城段,.30,都市：住
RPUOMLTKKHOFFAF98CB,土城段,2.30,都市：住
RPUOMLTKKHOFFAF98CB,土城段,17.40,都市：住
RPUOMLTKKHOFFAF98CB,土城段,.42,都市：住
RPPOMLTKKHOFFAF48CB,土城段,1.82,都市：住
RPPOMLTKKHOFFAF48CB,土城段,13.78,都市：住
RPPOMLTKKHOFFAF48CB,土城段,.34,都市：住
RPSOMLTKKHOFFAF78CB,土城段,2.30,都市：住
RPSOMLTKKHOFFAF78CB,土城段,17.40,都市：住
RPSOMLTKKHOFFAF78CB,土城段,.42,都市：住
RPTNMLTKKHOFFAF78CB,土城段,1.49,都市：住
RPTNMLTKKHOFFAF78CB,土城段,11.30,都市：住
RPTNMLTKKHOFFAF78CB,土城段,.27,都市：住
RPQOMLTKKHOFFAF58CB,土城段,1.67,都市：住
RPQOMLTKKHOFFAF58CB,土城段,12.65,都市：住
RPQOMLTKKHOFFAF58CB,土城段,.31,都市：住
RPTOMLTKKHOFFAF88CB,土城段,2.30,都市：住
RPTOMLTKKHOFFAF88CB,土城段,17.40,都市：住
RPTOMLTKKHOFFAF88CB,土城段,.42,都市：住
RPXNMLTKKHOFFAF56CB,土城段,1.73,都市：住
RPXNMLTKKHOFFAF56CB,土城段,13.11,都市：住
RPXNMLTKKHOFFAF56CB,土城段,.32,都市：住
RPOOMLTKKHOFFAF38CB,土城段,1.67,都市：住
RPOOMLTKKHOFFAF38CB,土城段,12.65,都市：住
RPOOMLTKKHOFFAF38CB,土城段,.31,都市：住
RPVOMLTKKHOFFAF09CB,土城段,2.15,都市：住
RPVOMLTKKHOFFAF09CB,土城段,16.27,都市：住
RPVOMLTKKHOFFAF09CB,土城段,.40,都市：住
RPSOMLTKKHOFFHF86CB,中信段,1.09,都市：住
RPSOMLTKKHOFFHF86CB,中信段,3.14,都市：住
RPSOMLTKKHOFFHF86CB,中信段,.70,都市：住
RPSOMLTKKHOFFHF86CB,中信段,.39,都市：住
RPSOMLTKKHOFFHF86CB,中信段,.28,都市：住
RPSOMLTKKHOFFHF86CB,中信段,3.07,都市：住
RPSOMLTKKHOFFHF86CB,中信段,.09,都市：住
RPSOMLTKKHOFFHF86CB,中信段,1.64,都市：住
RPSOMLTKKHOFFHF86CB,中信段,.24,都市：住
RPSOMLTKKHOFFHF86CB,中信段,.65,都市：住
RPSOMLTKKHOFFHF86CB,中信段,.22,都市：住
RPSOMLTKKHOFFHF86CB,中信段,.65,都市：住
RPSOMLTKKHOFFHF86CB,中信段,.20,都市：住
RPSOMLTKKHOFFHF86CB,中信段,1.26,都市：住
RPUOMLTKKHOFFHF07CB,中信段,.84,都市：住
RPUOMLTKKHOFFHF07CB,中信段,2.43,都市：住
RPUOMLTKKHOFFHF07CB,中信段,.54,都市：住
RPUOMLTKKHOFFHF07CB,中信段,.30,都市：住
RPUOMLTKKHOFFHF07CB,中信段,.22,都市：住
RPUOMLTKKHOFFHF07CB,中信段,2.38,都市：住
RPUOMLTKKHOFFHF07CB,中信段,.07,都市：住
RPUOMLTKKHOFFHF07CB,中信段,1.27,都市：住
RPUOMLTKKHOFFHF07CB,中信段,.19,都市：住
RPUOMLTKKHOFFHF07CB,中信段,.51,都市：住
RPUOMLTKKHOFFHF07CB,中信段,.17,都市：住
RPUOMLTKKHOFFHF07CB,中信段,.51,都市：住
RPUOMLTKKHOFFHF07CB,中信段,.15,都市：住
RPUOMLTKKHOFFHF07CB,中信段,.98,都市：住
RPOPMLTKKHOFFHF56CB,中信段,1.10,都市：住
RPOPMLTKKHOFFHF56CB,中信段,3.18,都市：住
RPOPMLTKKHOFFHF56CB,中信段,.24,都市：住
RPOPMLTKKHOFFHF56CB,中信段,.46,都市：住
RPOPMLTKKHOFFHF56CB,中信段,.13,都市：住
RPOPMLTKKHOFFHF56CB,中信段,.27,都市：住
RPOPMLTKKHOFFHF56CB,中信段,.29,都市：住
RPOPMLTKKHOFFHF56CB,中信段,3.12,都市：住
RPOPMLTKKHOFFHF56CB,中信段,.09,都市：住
RPOPMLTKKHOFFHF56CB,中信段,1.66,都市：住
RPOPMLTKKHOFFHF56CB,中信段,.24,都市：住
RPOPMLTKKHOFFHF56CB,中信段,.66,都市：住
RPOPMLTKKHOFFHF56CB,中信段,.22,都市：住
RPOPMLTKKHOFFHF56CB,中信段,.66,都市：住
RPOPMLTKKHOFFHF56CB,中信段,.20,都市：住
RPOPMLTKKHOFFHF56CB,中信段,1.28,都市：住
RPWOMLTKKHOFFHF27CB,中信段,.71,都市：住
RPWOMLTKKHOFFHF27CB,中信段,2.04,都市：住
RPWOMLTKKHOFFHF27CB,中信段,.45,都市：住
RPWOMLTKKHOFFHF27CB,中信段,.26,都市：住
RPWOMLTKKHOFFHF27CB,中信段,.18,都市：住
RPWOMLTKKHOFFHF27CB,中信段,2.00,都市：住
RPWOMLTKKHOFFHF27CB,中信段,.06,都市：住
RPWOMLTKKHOFFHF27CB,中信段,1.06,都市：住
RPWOMLTKKHOFFHF27CB,中信段,.16,都市：住
RPWOMLTKKHOFFHF27CB,中信段,.43,都市：住
RPWOMLTKKHOFFHF27CB,中信段,.14,都市：住
RPWOMLTKKHOFFHF27CB,中信段,.43,都市：住
RPWOMLTKKHOFFHF27CB,中信段,.13,都市：住
RPWOMLTKKHOFFHF27CB,中信段,.82,都市：住
RPROMLTKKHOFFHF76CB,中信段,1.12,都市：住
RPROMLTKKHOFFHF76CB,中信段,3.21,都市：住
RPROMLTKKHOFFHF76CB,中信段,.71,都市：住
RPROMLTKKHOFFHF76CB,中信段,.40,都市：住
RPROMLTKKHOFFHF76CB,中信段,.29,都市：住
RPROMLTKKHOFFHF76CB,中信段,3.14,都市：住
RPROMLTKKHOFFHF76CB,中信段,.09,都市：住
RPROMLTKKHOFFHF76CB,中信段,1.67,都市：住
RPROMLTKKHOFFHF76CB,中信段,.25,都市：住
RPROMLTKKHOFFHF76CB,中信段,.67,都市：住
RPROMLTKKHOFFHF76CB,中信段,.22,都市：住
RPROMLTKKHOFFHF76CB,中信段,.67,都市：住
RPROMLTKKHOFFHF76CB,中信段,.20,都市：住
RPROMLTKKHOFFHF76CB,中信段,1.29,都市：住
RPQPMLTKKHOFFHF76CB,中信段,.78,都市：住
RPQPMLTKKHOFFHF76CB,中信段,2.25,都市：住
RPQPMLTKKHOFFHF76CB,中信段,.50,都市：住
RPQPMLTKKHOFFHF76CB,中信段,.28,都市：住
RPQPMLTKKHOFFHF76CB,中信段,.20,都市：住
RPQPMLTKKHOFFHF76CB,中信段,2.20,都市：住
RPQPMLTKKHOFFHF76CB,中信段,.06,都市：住
RPQPMLTKKHOFFHF76CB,中信段,1.17,都市：住
RPQPMLTKKHOFFHF76CB,中信段,.17,都市：住
RPQPMLTKKHOFFHF76CB,中信段,.47,都市：住
RPQPMLTKKHOFFHF76CB,中信段,.16,都市：住
RPQPMLTKKHOFFHF76CB,中信段,.47,都市：住
RPQPMLTKKHOFFHF76CB,中信段,.14,都市：住
RPQPMLTKKHOFFHF76CB,中信段,.90,都市：住
RPVOMLTKKHOFFHF17CB,中信段,.78,都市：住
RPVOMLTKKHOFFHF17CB,中信段,2.25,都市：住
RPVOMLTKKHOFFHF17CB,中信段,.50,都市：住
RPVOMLTKKHOFFHF17CB,中信段,.28,都市：住
RPVOMLTKKHOFFHF17CB,中信段,.20,都市：住
RPVOMLTKKHOFFHF17CB,中信段,2.20,都市：住
RPVOMLTKKHOFFHF17CB,中信段,.06,都市：住
RPVOMLTKKHOFFHF17CB,中信段,1.17,都市：住
RPVOMLTKKHOFFHF17CB,中信段,.17,都市：住
RPVOMLTKKHOFFHF17CB,中信段,.47,都市：住
RPVOMLTKKHOFFHF17CB,中信段,.16,都市：住
RPVOMLTKKHOFFHF17CB,中信段,.47,都市：住
RPVOMLTKKHOFFHF17CB,中信段,.14,都市：住
RPVOMLTKKHOFFHF17CB,中信段,.90,都市：住
RPTOMLTKKHOFFHF96CB,中信段,.80,都市：住
RPTOMLTKKHOFFHF96CB,中信段,2.29,都市：住
RPTOMLTKKHOFFHF96CB,中信段,.33,都市：住
RPTOMLTKKHOFFHF96CB,中信段,.19,都市：住
RPTOMLTKKHOFFHF96CB,中信段,.21,都市：住
RPTOMLTKKHOFFHF96CB,中信段,2.24,都市：住
RPTOMLTKKHOFFHF96CB,中信段,.06,都市：住
RPTOMLTKKHOFFHF96CB,中信段,1.19,都市：住
RPTOMLTKKHOFFHF96CB,中信段,.17,都市：住
RPTOMLTKKHOFFHF96CB,中信段,.48,都市：住
RPTOMLTKKHOFFHF96CB,中信段,.16,都市：住
RPTOMLTKKHOFFHF96CB,中信段,.48,都市：住
RPTOMLTKKHOFFHF96CB,中信段,.14,都市：住
RPTOMLTKKHOFFHF96CB,中信段,.92,都市：住
RPTOMLTKKHOFFHF96CB,中信段,.17,都市：住
RPTOMLTKKHOFFHF96CB,中信段,.10,都市：住
RPXOMLTKKHOFFHF37CB,中信段,.78,都市：住
RPXOMLTKKHOFFHF37CB,中信段,2.26,都市：住
RPXOMLTKKHOFFHF37CB,中信段,.50,都市：住
RPXOMLTKKHOFFHF37CB,中信段,.28,都市：住
RPXOMLTKKHOFFHF37CB,中信段,.20,都市：住
RPXOMLTKKHOFFHF37CB,中信段,2.21,都市：住
RPXOMLTKKHOFFHF37CB,中信段,.06,都市：住
RPXOMLTKKHOFFHF37CB,中信段,1.18,都市：住
RPXOMLTKKHOFFHF37CB,中信段,.17,都市：住
RPXOMLTKKHOFFHF37CB,中信段,.47,都市：住
RPXOMLTKKHOFFHF37CB,中信段,.16,都市：住
RPXOMLTKKHOFFHF37CB,中信段,.47,都市：住
RPXOMLTKKHOFFHF37CB,中信段,.14,都市：住
RPXOMLTKKHOFFHF37CB,中信段,.91,都市：住
RPPPMLTKKHOFFHF66CB,中信段,.78,都市：住
RPPPMLTKKHOFFHF66CB,中信段,2.25,都市：住
RPPPMLTKKHOFFHF66CB,中信段,.50,都市：住
RPPPMLTKKHOFFHF66CB,中信段,.28,都市：住
RPPPMLTKKHOFFHF66CB,中信段,.20,都市：住
RPPPMLTKKHOFFHF66CB,中信段,2.20,都市：住
RPPPMLTKKHOFFHF66CB,中信段,.06,都市：住
RPPPMLTKKHOFFHF66CB,中信段,1.17,都市：住
RPPPMLTKKHOFFHF66CB,中信段,.17,都市：住
RPPPMLTKKHOFFHF66CB,中信段,.47,都市：住
RPPPMLTKKHOFFHF66CB,中信段,.16,都市：住
RPPPMLTKKHOFFHF66CB,中信段,.47,都市：住
RPPPMLTKKHOFFHF66CB,中信段,.14,都市：住
RPPPMLTKKHOFFHF66CB,中信段,.90,都市：住
RPRPMLTKKHOFFHF86CB,中信段,.78,都市：住
RPRPMLTKKHOFFHF86CB,中信段,2.25,都市：住
RPRPMLTKKHOFFHF86CB,中信段,.50,都市：住
RPRPMLTKKHOFFHF86CB,中信段,.28,都市：住
RPRPMLTKKHOFFHF86CB,中信段,.20,都市：住
RPRPMLTKKHOFFHF86CB,中信段,2.20,都市：住
RPRPMLTKKHOFFHF86CB,中信段,.06,都市：住
RPRPMLTKKHOFFHF86CB,中信段,1.17,都市：住
RPRPMLTKKHOFFHF86CB,中信段,.17,都市：住
RPRPMLTKKHOFFHF86CB,中信段,.47,都市：住
RPRPMLTKKHOFFHF86CB,中信段,.16,都市：住
RPRPMLTKKHOFFHF86CB,中信段,.47,都市：住
RPRPMLTKKHOFFHF86CB,中信段,.14,都市：住
RPRPMLTKKHOFFHF86CB,中信段,.90,都市：住
RPUPMLTKKHOFFHF17CB,中信段,.71,都市：住
RPUPMLTKKHOFFHF17CB,中信段,2.04,都市：住
RPUPMLTKKHOFFHF17CB,中信段,.45,都市：住
RPUPMLTKKHOFFHF17CB,中信段,.26,都市：住
RPUPMLTKKHOFFHF17CB,中信段,.18,都市：住
RPUPMLTKKHOFFHF17CB,中信段,2.00,都市：住
RPUPMLTKKHOFFHF17CB,中信段,.06,都市：住
RPUPMLTKKHOFFHF17CB,中信段,1.06,都市：住
RPUPMLTKKHOFFHF17CB,中信段,.16,都市：住
RPUPMLTKKHOFFHF17CB,中信段,.43,都市：住
RPUPMLTKKHOFFHF17CB,中信段,.14,都市：住
RPUPMLTKKHOFFHF17CB,中信段,.43,都市：住
RPUPMLTKKHOFFHF17CB,中信段,.13,都市：住
RPUPMLTKKHOFFHF17CB,中信段,.82,都市：住
RPTPMLTKKHOFFHF07CB,中信段,1.08,都市：住
RPTPMLTKKHOFFHF07CB,中信段,3.12,都市：住
RPTPMLTKKHOFFHF07CB,中信段,.69,都市：住
RPTPMLTKKHOFFHF07CB,中信段,.39,都市：住
RPTPMLTKKHOFFHF07CB,中信段,.28,都市：住
RPTPMLTKKHOFFHF07CB,中信段,3.06,都市：住
RPTPMLTKKHOFFHF07CB,中信段,.09,都市：住
RPTPMLTKKHOFFHF07CB,中信段,1.63,都市：住
RPTPMLTKKHOFFHF07CB,中信段,.24,都市：住
RPTPMLTKKHOFFHF07CB,中信段,.65,都市：住
RPTPMLTKKHOFFHF07CB,中信段,.22,都市：住
RPTPMLTKKHOFFHF07CB,中信段,.65,都市：住
RPTPMLTKKHOFFHF07CB,中信段,.20,都市：住
RPTPMLTKKHOFFHF07CB,中信段,1.26,都市：住
RPWPMLTKKHOFFHF37CB,中信段,1.12,都市：住
RPWPMLTKKHOFFHF37CB,中信段,3.21,都市：住
RPWPMLTKKHOFFHF37CB,中信段,.71,都市：住
RPWPMLTKKHOFFHF37CB,中信段,.40,都市：住
RPWPMLTKKHOFFHF37CB,中信段,.29,都市：住
RPWPMLTKKHOFFHF37CB,中信段,3.14,都市：住
RPWPMLTKKHOFFHF37CB,中信段,.09,都市：住
RPWPMLTKKHOFFHF37CB,中信段,1.67,都市：住
RPWPMLTKKHOFFHF37CB,中信段,.25,都市：住
RPWPMLTKKHOFFHF37CB,中信段,.67,都市：住
RPWPMLTKKHOFFHF37CB,中信段,.22,都市：住
RPWPMLTKKHOFFHF37CB,中信段,.67,都市：住
RPWPMLTKKHOFFHF37CB,中信段,.20,都市：住
RPWPMLTKKHOFFHF37CB,中信段,1.29,都市：住
RPVPMLTKKHOFFHF27CB,中信段,1.10,都市：住
RPVPMLTKKHOFFHF27CB,中信段,3.18,都市：住
RPVPMLTKKHOFFHF27CB,中信段,.24,都市：住
RPVPMLTKKHOFFHF27CB,中信段,.46,都市：住
RPVPMLTKKHOFFHF27CB,中信段,.13,都市：住
RPVPMLTKKHOFFHF27CB,中信段,.27,都市：住
RPVPMLTKKHOFFHF27CB,中信段,.29,都市：住
RPVPMLTKKHOFFHF27CB,中信段,3.12,都市：住
RPVPMLTKKHOFFHF27CB,中信段,.09,都市：住
RPVPMLTKKHOFFHF27CB,中信段,1.66,都市：住
RPVPMLTKKHOFFHF27CB,中信段,.24,都市：住
RPVPMLTKKHOFFHF27CB,中信段,.66,都市：住
RPVPMLTKKHOFFHF27CB,中信段,.22,都市：住
RPVPMLTKKHOFFHF27CB,中信段,.66,都市：住
RPVPMLTKKHOFFHF27CB,中信段,.20,都市：住
RPVPMLTKKHOFFHF27CB,中信段,1.28,都市：住
RPSPMLTKKHOFFHF96CB,中信段,.85,都市：住
RPSPMLTKKHOFFHF96CB,中信段,2.45,都市：住
RPSPMLTKKHOFFHF96CB,中信段,.54,都市：住
RPSPMLTKKHOFFHF96CB,中信段,.31,都市：住
RPSPMLTKKHOFFHF96CB,中信段,.22,都市：住
RPSPMLTKKHOFFHF96CB,中信段,2.40,都市：住
RPSPMLTKKHOFFHF96CB,中信段,.07,都市：住
RPSPMLTKKHOFFHF96CB,中信段,1.28,都市：住
RPSPMLTKKHOFFHF96CB,中信段,.19,都市：住
RPSPMLTKKHOFFHF96CB,中信段,.51,都市：住
RPSPMLTKKHOFFHF96CB,中信段,.17,都市：住
RPSPMLTKKHOFFHF96CB,中信段,.51,都市：住
RPSPMLTKKHOFFHF96CB,中信段,.15,都市：住
RPSPMLTKKHOFFHF96CB,中信段,.99,都市：住
RPQQMLTKKHOFFHF86CB,中信段,.71,都市：住
RPQQMLTKKHOFFHF86CB,中信段,2.04,都市：住
RPQQMLTKKHOFFHF86CB,中信段,.45,都市：住
RPQQMLTKKHOFFHF86CB,中信段,.26,都市：住
RPQQMLTKKHOFFHF86CB,中信段,.18,都市：住
RPQQMLTKKHOFFHF86CB,中信段,2.00,都市：住
RPQQMLTKKHOFFHF86CB,中信段,.06,都市：住
RPQQMLTKKHOFFHF86CB,中信段,1.06,都市：住
RPQQMLTKKHOFFHF86CB,中信段,.16,都市：住
RPQQMLTKKHOFFHF86CB,中信段,.43,都市：住
RPQQMLTKKHOFFHF86CB,中信段,.14,都市：住
RPQQMLTKKHOFFHF86CB,中信段,.43,都市：住
RPQQMLTKKHOFFHF86CB,中信段,.13,都市：住
RPQQMLTKKHOFFHF86CB,中信段,.82,都市：住
RPXPMLTKKHOFFHF47CB,中信段,.80,都市：住
RPXPMLTKKHOFFHF47CB,中信段,2.29,都市：住
RPXPMLTKKHOFFHF47CB,中信段,.33,都市：住
RPXPMLTKKHOFFHF47CB,中信段,.19,都市：住
RPXPMLTKKHOFFHF47CB,中信段,.21,都市：住
RPXPMLTKKHOFFHF47CB,中信段,2.24,都市：住
RPXPMLTKKHOFFHF47CB,中信段,.06,都市：住
RPXPMLTKKHOFFHF47CB,中信段,1.19,都市：住
RPXPMLTKKHOFFHF47CB,中信段,.17,都市：住
RPXPMLTKKHOFFHF47CB,中信段,.48,都市：住
RPXPMLTKKHOFFHF47CB,中信段,.16,都市：住
RPXPMLTKKHOFFHF47CB,中信段,.48,都市：住
RPXPMLTKKHOFFHF47CB,中信段,.14,都市：住
RPXPMLTKKHOFFHF47CB,中信段,.92,都市：住
RPXPMLTKKHOFFHF47CB,中信段,.17,都市：住
RPXPMLTKKHOFFHF47CB,中信段,.10,都市：住
RPOQMLTKKHOFFHF66CB,中信段,.84,都市：住
RPOQMLTKKHOFFHF66CB,中信段,2.43,都市：住
RPOQMLTKKHOFFHF66CB,中信段,.54,都市：住
RPOQMLTKKHOFFHF66CB,中信段,.30,都市：住
RPOQMLTKKHOFFHF66CB,中信段,.22,都市：住
RPOQMLTKKHOFFHF66CB,中信段,2.38,都市：住
RPOQMLTKKHOFFHF66CB,中信段,.07,都市：住
RPOQMLTKKHOFFHF66CB,中信段,1.27,都市：住
RPOQMLTKKHOFFHF66CB,中信段,.19,都市：住
RPOQMLTKKHOFFHF66CB,中信段,.51,都市：住
RPOQMLTKKHOFFHF66CB,中信段,.17,都市：住
RPOQMLTKKHOFFHF66CB,中信段,.51,都市：住
RPOQMLTKKHOFFHF66CB,中信段,.15,都市：住
RPOQMLTKKHOFFHF66CB,中信段,.98,都市：住
RPPQMLTKKHOFFHF76CB,中信段,1.09,都市：住
RPPQMLTKKHOFFHF76CB,中信段,3.14,都市：住
RPPQMLTKKHOFFHF76CB,中信段,.46,都市：住
RPPQMLTKKHOFFHF76CB,中信段,.26,都市：住
RPPQMLTKKHOFFHF76CB,中信段,.28,都市：住
RPPQMLTKKHOFFHF76CB,中信段,3.07,都市：住
RPPQMLTKKHOFFHF76CB,中信段,.09,都市：住
RPPQMLTKKHOFFHF76CB,中信段,1.64,都市：住
RPPQMLTKKHOFFHF76CB,中信段,.24,都市：住
RPPQMLTKKHOFFHF76CB,中信段,.65,都市：住
RPPQMLTKKHOFFHF76CB,中信段,.22,都市：住
RPPQMLTKKHOFFHF76CB,中信段,.65,都市：住
RPPQMLTKKHOFFHF76CB,中信段,.20,都市：住
RPPQMLTKKHOFFHF76CB,中信段,1.26,都市：住
RPPQMLTKKHOFFHF76CB,中信段,.24,都市：住
RPPQMLTKKHOFFHF76CB,中信段,.13,都市：住
RPWOMLTKKHOFFIF37CB,尖山腳段,30.34,都市：住
RPXOMLTKKHOFFIF47CB,尖山腳段,30.34,都市：住
RPVOMLTKKHOFFIF27CB,尖山腳段,38.03,都市：住
RPPPMLTKKHOFFIF76CB,尖山腳段,30.12,都市：住
RPXPMLTKKHOFFIF57CB,尖山腳段,30.34,都市：住
RPUPMLTKKHOFFIF27CB,尖山腳段,30.34,都市：住
RPOPMLTKKHOFFIF66CB,尖山腳段,30.34,都市：住
RPSPMLTKKHOFFIF07CB,尖山腳段,30.12,都市：住
RPQPMLTKKHOFFIF86CB,尖山腳段,30.34,都市：住
RPRPMLTKKHOFFIF96CB,尖山腳段,30.12,都市：住
RPSQMLTKKHOFFIF17CB,尖山腳段,30.34,都市：住
RPUQMLTKKHOFFIF37CB,尖山腳段,30.34,都市：住
RPQRMLTKKHOFFIF07CB,尖山腳段,22.64,都市：住
RPOQMLTKKHOFFIF76CB,尖山腳段,30.34,都市：住
RPRQMLTKKHOFFIF07CB,尖山腳段,30.34,都市：住
RPTQMLTKKHOFFIF27CB,尖山腳段,30.34,都市：住
RPRRMLTKKHOFFIF17CB,尖山腳段,22.43,都市：住
RPSRMLTKKHOFFIF27CB,尖山腳段,22.64,都市：住
RPURMLTKKHOFFIF47CB,尖山腳段,22.64,都市：住
RPTRMLTKKHOFFIF37CB,尖山腳段,22.64,都市：住
RPVRMLTKKHOFFIF57CB,尖山腳段,22.43,都市：住
RPWRMLTKKHOFFIF67CB,尖山腳段,22.64,都市：住
RPOSMLTKKHOFFIF96CB,尖山腳段,22.64,都市：住
RPSSMLTKKHOFFIF37CB,尖山腳段,22.43,都市：住
RPRSMLTKKHOFFIF27CB,尖山腳段,22.64,都市：住
RPXRMLTKKHOFFIF77CB,尖山腳段,22.64,都市：住
RPQSMLTKKHOFFIF17CB,尖山腳段,22.43,都市：住
RPVSMLTKKHOFFIF67CB,尖山腳段,22.43,都市：住
RPUSMLTKKHOFFIF57CB,尖山腳段,22.64,都市：住
RPVTMLTKKHOFFIF77CB,尖山腳段,20.08,都市：住
RPWUMLTKKHOFFIF97CB,尖山腳段,20.08,都市：住
RPRUMLTKKHOFFIF47CB,尖山腳段,20.08,都市：住
RPUUMLTKKHOFFIF77CB,尖山腳段,20.08,都市：住
RPVUMLTKKHOFFIF87CB,尖山腳段,20.08,都市：住
RPRVMLTKKHOFFIF57CB,尖山腳段,20.08,都市：住
RPTUMLTKKHOFFIF67CB,尖山腳段,20.08,都市：住
RPSUMLTKKHOFFIF57CB,尖山腳段,20.08,都市：住
RPOVMLTKKHOFFIF27CB,尖山腳段,20.08,都市：住
RPXUMLTKKHOFFIF08CB,尖山腳段,20.08,都市：住
RPQVMLTKKHOFFIF47CB,尖山腳段,20.08,都市：住
RPUVMLTKKHOFFIF87CB,尖山腳段,20.29,都市：住
RPSVMLTKKHOFFIF67CB,尖山腳段,20.08,都市：住
RPTVMLTKKHOFFIF77CB,尖山腳段,20.08,都市：住
RPUNMLKLKHOFFIF88CB,尖山腳段,30.34,都市：住
RPVVMLTKKHOFFIF97CB,尖山腳段,30.34,都市：住
RPXVMLTKKHOFFIF18CB,尖山腳段,30.34,都市：住
RPWVMLTKKHOFFIF08CB,尖山腳段,30.34,都市：住
RPVNMLKLKHOFFIF98CB,尖山腳段,30.34,都市：住
RPSNMLKLKHOFFIF68CB,尖山腳段,30.34,都市：住
RPTNMLKLKHOFFIF78CB,尖山腳段,30.34,都市：住
RPOOMLKLKHOFFIF38CB,尖山腳段,30.34,都市：住
RPWNMLKLKHOFFIF09CB,尖山腳段,30.34,都市：住
RPXNMLKLKHOFFIF56CB,尖山腳段,30.34,都市：住
RPPOMLKLKHOFFIF48CB,尖山腳段,22.64,都市：住
RPQOMLKLKHOFFIF58CB,尖山腳段,22.64,都市：住
RPROMLKLKHOFFIF68CB,尖山腳段,22.64,都市：住
RPUOMLKLKHOFFIF98CB,尖山腳段,22.64,都市：住
RPSOMLKLKHOFFIF78CB,尖山腳段,22.64,都市：住
RPTOMLKLKHOFFIF88CB,尖山腳段,22.64,都市：住
RPVOMLKLKHOFFIF09CB,尖山腳段,22.64,都市：住
RPWOMLKLKHOFFIF56CB,尖山腳段,22.64,都市：住
RPXOMLKLKHOFFIF66CB,尖山腳段,22.64,都市：住
RPQPMLKLKHOFFIF68CB,尖山腳段,22.64,都市：住
RPPPMLKLKHOFFIF58CB,尖山腳段,22.64,都市：住
RPSPMLKLKHOFFIF88CB,尖山腳段,22.64,都市：住
RPRPMLKLKHOFFIF78CB,尖山腳段,22.64,都市：住
RPOPMLKLKHOFFIF48CB,尖山腳段,22.64,都市：住
RPXPMLKLKHOFFIF76CB,尖山腳段,20.08,都市：住
RPTPMLKLKHOFFIF98CB,尖山腳段,22.64,都市：住
RPOQMLKLKHOFFIF58CB,尖山腳段,20.08,都市：住
RPQQMLKLKHOFFIF78CB,尖山腳段,20.08,都市：住
RPPQMLKLKHOFFIF68CB,尖山腳段,20.08,都市：住
RPTQMLKLKHOFFIF09CB,尖山腳段,20.08,都市：住
RPSQMLKLKHOFFIF98CB,尖山腳段,20.08,都市：住
RPRQMLKLKHOFFIF88CB,尖山腳段,20.08,都市：住
RPUQMLKLKHOFFIF56CB,尖山腳段,20.08,都市：住
RPVQMLKLKHOFFIF66CB,尖山腳段,20.29,都市：住
RPWQMLKLKHOFFIF76CB,尖山腳段,20.29,都市：住
RPXQMLKLKHOFFIF86CB,尖山腳段,20.08,都市：住
RPORMLKLKHOFFIF68CB,尖山腳段,20.29,都市：住
RPPRMLKLKHOFFIF78CB,尖山腳段,20.29,都市：住
RPQRMLKLKHOFFIF88CB,尖山腳段,20.29,都市：住
RPQQMLPLKHOFFAF48CB,土城段,1.73,都市：住
RPQQMLPLKHOFFAF48CB,土城段,13.11,都市：住
RPQQMLPLKHOFFAF48CB,土城段,.32,都市：住
RPPPMLQLKHOFFAF38CB,土城段,2.30,都市：住
RPPPMLQLKHOFFAF38CB,土城段,17.40,都市：住
RPPPMLQLKHOFFAF38CB,土城段,.42,都市：住
RPRPMLQLKHOFFAF58CB,土城段,2.15,都市：住
RPRPMLQLKHOFFAF58CB,土城段,16.27,都市：住
RPRPMLQLKHOFFAF58CB,土城段,.40,都市：住
RPXRMLQLKHOFFAF76CB,土城段,2.30,都市：住
RPXRMLQLKHOFFAF76CB,土城段,17.40,都市：住
RPXRMLQLKHOFFAF76CB,土城段,.42,都市：住
RPQPMLQLKHOFFAF48CB,土城段,2.15,都市：住
RPQPMLQLKHOFFAF48CB,土城段,16.27,都市：住
RPQPMLQLKHOFFAF48CB,土城段,.40,都市：住
RPTTMLQLKHOFFAF56CB,土城段,2.30,都市：住
RPTTMLQLKHOFFAF56CB,土城段,17.40,都市：住
RPTTMLQLKHOFFAF56CB,土城段,.42,都市：住
RPXTMLQLKHOFFAF96CB,土城段,2.30,都市：住
RPXTMLQLKHOFFAF96CB,土城段,17.40,都市：住
RPXTMLQLKHOFFAF96CB,土城段,.42,都市：住
RPVUMLQLKHOFFAF86CB,土城段,1.55,都市：住
RPVUMLQLKHOFFAF86CB,土城段,11.75,都市：住
RPVUMLQLKHOFFAF86CB,土城段,.29,都市：住
RPXUMLQLKHOFFAF07CB,土城段,1.55,都市：住
RPXUMLQLKHOFFAF07CB,土城段,11.75,都市：住
RPXUMLQLKHOFFAF07CB,土城段,.29,都市：住
RPQVMLQLKHOFFAF09CB,土城段,1.55,都市：住
RPQVMLQLKHOFFAF09CB,土城段,11.75,都市：住
RPQVMLQLKHOFFAF09CB,土城段,.29,都市：住
RPVVMLQLKHOFFAF96CB,土城段,1.55,都市：住
RPVVMLQLKHOFFAF96CB,土城段,11.75,都市：住
RPVVMLQLKHOFFAF96CB,土城段,.29,都市：住
RPTVMLQLKHOFFAF76CB,土城段,1.55,都市：住
RPTVMLQLKHOFFAF76CB,土城段,11.75,都市：住
RPTVMLQLKHOFFAF76CB,土城段,.29,都市：住
RPPONLQLKHOFFAF38CB,土城段,1.70,都市：住
RPPONLQLKHOFFAF38CB,土城段,12.88,都市：住
RPPONLQLKHOFFAF38CB,土城段,.31,都市：住
RPVNNLQLKHOFFAF88CB,土城段,1.70,都市：住
RPVNNLQLKHOFFAF88CB,土城段,12.88,都市：住
RPVNNLQLKHOFFAF88CB,土城段,.31,都市：住
RPXNNLQLKHOFFAF09CB,土城段,1.70,都市：住
RPXNNLQLKHOFFAF09CB,土城段,12.88,都市：住
RPXNNLQLKHOFFAF09CB,土城段,.31,都市：住
RPSUMLQLKHOFFAF56CB,土城段,2.30,都市：住
RPSUMLQLKHOFFAF56CB,土城段,17.40,都市：住
RPSUMLQLKHOFFAF56CB,土城段,.42,都市：住
RPOONLQLKHOFFAF28CB,土城段,1.70,都市：住
RPOONLQLKHOFFAF28CB,土城段,12.88,都市：住
RPOONLQLKHOFFAF28CB,土城段,.31,都市：住
RPWVMLQLKHOFFAF07CB,土城段,1.70,都市：住
RPWVMLQLKHOFFAF07CB,土城段,12.88,都市：住
RPWVMLQLKHOFFAF07CB,土城段,.31,都市：住
RPVONLQLKHOFFAF98CB,土城段,1.70,都市：住
RPVONLQLKHOFFAF98CB,土城段,12.88,都市：住
RPVONLQLKHOFFAF98CB,土城段,.31,都市：住
RPWONLQLKHOFFAF09CB,土城段,.29,都市：住
RPWONLQLKHOFFAF09CB,土城段,1.55,都市：住
RPWONLQLKHOFFAF09CB,土城段,11.75,都市：住
RPOPNLQLKHOFFAF38CB,土城段,1.55,都市：住
RPOPNLQLKHOFFAF38CB,土城段,11.75,都市：住
RPOPNLQLKHOFFAF38CB,土城段,.29,都市：住
RPTONLQLKHOFFAF78CB,土城段,1.70,都市：住
RPTONLQLKHOFFAF78CB,土城段,12.88,都市：住
RPTONLQLKHOFFAF78CB,土城段,.31,都市：住
RPPOMLOJLHOFFHF68CB,安樂段,1.82,都市：住
RPPOMLOJLHOFFHF68CB,安樂段,4.11,都市：住
RPPOMLOJLHOFFHF68CB,安樂段,.98,都市：住
RPPOMLOJLHOFFHF68CB,安樂段,.48,都市：住
RPPOMLOJLHOFFHF68CB,安樂段,.43,都市：住
RPQOMLOJLHOFFHF78CB,安樂段,1.82,都市：住
RPQOMLOJLHOFFHF78CB,安樂段,4.11,都市：住
RPQOMLOJLHOFFHF78CB,安樂段,.98,都市：住
RPQOMLOJLHOFFHF78CB,安樂段,.48,都市：住
RPQOMLOJLHOFFHF78CB,安樂段,.43,都市：住
RPROMLOJLHOFFHF88CB,安樂段,1.84,都市：住
RPROMLOJLHOFFHF88CB,安樂段,4.17,都市：住
RPROMLOJLHOFFHF88CB,安樂段,1.00,都市：住
RPROMLOJLHOFFHF88CB,安樂段,.48,都市：住
RPROMLOJLHOFFHF88CB,安樂段,.44,都市：住
RPTOMLOJLHOFFHF09CB,安樂段,2.72,都市：住
RPTOMLOJLHOFFHF09CB,安樂段,6.15,都市：住
RPTOMLOJLHOFFHF09CB,安樂段,1.47,都市：住
RPTOMLOJLHOFFHF09CB,安樂段,.71,都市：住
RPTOMLOJLHOFFHF09CB,安樂段,.65,都市：住
RPTPMLOJLHOFFHF56CB,安樂段,2.60,都市：住
RPTPMLOJLHOFFHF56CB,安樂段,5.88,都市：住
RPTPMLOJLHOFFHF56CB,安樂段,1.40,都市：住
RPTPMLOJLHOFFHF56CB,安樂段,.68,都市：住
RPTPMLOJLHOFFHF56CB,安樂段,.62,都市：住
RPPNMLPJLHOFFHF68CB,安樂段,2.60,都市：住
RPPNMLPJLHOFFHF68CB,安樂段,5.88,都市：住
RPPNMLPJLHOFFHF68CB,安樂段,1.40,都市：住
RPPNMLPJLHOFFHF68CB,安樂段,.68,都市：住
RPPNMLPJLHOFFHF68CB,安樂段,.62,都市：住
RPRNMLPJLHOFFHF88CB,安樂段,2.60,都市：住
RPRNMLPJLHOFFHF88CB,安樂段,5.88,都市：住
RPRNMLPJLHOFFHF88CB,安樂段,1.40,都市：住
RPRNMLPJLHOFFHF88CB,安樂段,.68,都市：住
RPRNMLPJLHOFFHF88CB,安樂段,.62,都市：住
RPSNMLPJLHOFFHF98CB,安樂段,2.62,都市：住
RPSNMLPJLHOFFHF98CB,安樂段,5.94,都市：住
RPSNMLPJLHOFFHF98CB,安樂段,1.42,都市：住
RPSNMLPJLHOFFHF98CB,安樂段,.69,都市：住
RPSNMLPJLHOFFHF98CB,安樂段,.63,都市：住
RPRUMLRLKHOFFAF76EB,土城段,1.73,都市：住
RPRUMLRLKHOFFAF76EB,土城段,13.11,都市：住
RPRUMLRLKHOFFAF76EB,土城段,.32,都市：住
RPWQMLRLKHOFFAF66CB,土城段,1.88,都市：住
RPWQMLRLKHOFFAF66CB,土城段,14.23,都市：住
RPWQMLRLKHOFFAF66CB,土城段,.35,都市：住
RPUWMLRLKHOFFAF07CB,江翠段,2.85,都市：住
RPUWMLRLKHOFFAF07CB,江翠段,1.32,都市：住
RPUWMLRLKHOFFAF07CB,江翠段,.63,都市：住
RPUWMLRLKHOFFAF07CB,江翠段,.39,都市：住
RPUWMLRLKHOFFAF07CB,江翠段,5.40,都市：住
RPUWMLRLKHOFFAF07CB,江翠段,1.62,都市：住
RPUWMLRLKHOFFAF07CB,江翠段,.67,都市：住
RPUWMLRLKHOFFAF07CB,江翠段,.34,都市：住
RPWTMLRLKHOFFAF17EB,土城段,2.30,都市：住
RPWTMLRLKHOFFAF17EB,土城段,17.40,都市：住
RPWTMLRLKHOFFAF17EB,土城段,.42,都市：住
RPVWMLRLKHOFFAF17CB,江翠段,4.47,都市：住
RPVWMLRLKHOFFAF17CB,江翠段,2.08,都市：住
RPVWMLRLKHOFFAF17CB,江翠段,.99,都市：住
RPVWMLRLKHOFFAF17CB,江翠段,.62,都市：住
RPVWMLRLKHOFFAF17CB,江翠段,8.48,都市：住
RPVWMLRLKHOFFAF17CB,江翠段,2.54,都市：住
RPVWMLRLKHOFFAF17CB,江翠段,1.05,都市：住
RPVWMLRLKHOFFAF17CB,江翠段,.54,都市：住
RPURMLOJLHOFFAF98EB,土城段,2.30,都市：住
RPURMLOJLHOFFAF98EB,土城段,17.40,都市：住
RPURMLOJLHOFFAF98EB,土城段,.42,都市：住
RPVNMLPJLHOFFHF66CB,安樂段,2.72,都市：住
RPVNMLPJLHOFFHF66CB,安樂段,6.15,都市：住
RPVNMLPJLHOFFHF66CB,安樂段,1.47,都市：住
RPVNMLPJLHOFFHF66CB,安樂段,.71,都市：住
RPVNMLPJLHOFFHF66CB,安樂段,.65,都市：住
RPVRMLOJLHOFFAF09EB,土城段,1.70,都市：住
RPVRMLOJLHOFFAF09EB,土城段,12.88,都市：住
RPVRMLOJLHOFFAF09EB,土城段,.31,都市：住
RPTNMLPJLHOFFHF09CB,安樂段,2.62,都市：住
RPTNMLPJLHOFFHF09CB,安樂段,5.94,都市：住
RPTNMLPJLHOFFHF09CB,安樂段,1.42,都市：住
RPTNMLPJLHOFFHF09CB,安樂段,.69,都市：住
RPTNMLPJLHOFFHF09CB,安樂段,.63,都市：住
RPTRMLOJLHOFFAF88EB,土城段,2.30,都市：住
RPTRMLOJLHOFFAF88EB,土城段,17.40,都市：住
RPTRMLOJLHOFFAF88EB,土城段,.42,都市：住
RPWNMLPJLHOFFHF76CB,安樂段,2.69,都市：住
RPWNMLPJLHOFFHF76CB,安樂段,6.09,都市：住
RPWNMLPJLHOFFHF76CB,安樂段,1.45,都市：住
RPWNMLPJLHOFFHF76CB,安樂段,.70,都市：住
RPWNMLPJLHOFFHF76CB,安樂段,.64,都市：住
RPXNMLPJLHOFFHF86CB,安樂段,2.69,都市：住
RPXNMLPJLHOFFHF86CB,安樂段,6.09,都市：住
RPXNMLPJLHOFFHF86CB,安樂段,1.45,都市：住
RPXNMLPJLHOFFHF86CB,安樂段,.70,都市：住
RPXNMLPJLHOFFHF86CB,安樂段,.64,都市：住
RPTOMLPJLHOFFHF56CB,安樂段,2.60,都市：住
RPTOMLPJLHOFFHF56CB,安樂段,5.88,都市：住
RPTOMLPJLHOFFHF56CB,安樂段,1.40,都市：住
RPTOMLPJLHOFFHF56CB,安樂段,.68,都市：住
RPTOMLPJLHOFFHF56CB,安樂段,.62,都市：住
RPVSMLMKLHOFFAF88CB,明德段,5.79,都市：住
RPVSMLMKLHOFFAF88CB,明德段,3.53,都市：住
RPQTMLMKLHOFFAF48CB,明德段,7.67,都市：住
RPQTMLMKLHOFFAF48CB,明德段,4.66,都市：住
RPWSMLMKLHOFFAF98CB,明德段,5.45,都市：住
RPWSMLMKLHOFFAF98CB,明德段,3.32,都市：住
RPOTMLMKLHOFFAF28CB,明德段,7.67,都市：住
RPOTMLMKLHOFFAF28CB,明德段,4.66,都市：住
RPPTMLMKLHOFFAF38CB,明德段,5.45,都市：住
RPPTMLMKLHOFFAF38CB,明德段,3.32,都市：住
RPXSMLMKLHOFFAF09CB,明德段,5.45,都市：住
RPXSMLMKLHOFFAF09CB,明德段,3.32,都市：住
RPRTMLMKLHOFFAF58CB,明德段,5.79,都市：住
RPRTMLMKLHOFFAF58CB,明德段,3.53,都市：住
RPSTMLMKLHOFFAF68CB,明德段,8.04,都市：住
RPSTMLMKLHOFFAF68CB,明德段,4.90,都市：住
RPTTMLMKLHOFFAF78CB,明德段,5.79,都市：住
RPTTMLMKLHOFFAF78CB,明德段,3.53,都市：住
RPUTMLMKLHOFFAF88CB,明德段,8.68,都市：住
RPUTMLMKLHOFFAF88CB,明德段,5.29,都市：住
RPWTMLMKLHOFFAF09CB,明德段,5.45,都市：住
RPWTMLMKLHOFFAF09CB,明德段,3.32,都市：住
RPVTMLMKLHOFFAF98CB,明德段,7.67,都市：住
RPVTMLMKLHOFFAF98CB,明德段,4.66,都市：住
RPSSMLMKLHOFFAF58CB,明德段,5.45,都市：住
RPSSMLMKLHOFFAF58CB,明德段,3.32,都市：住
RPRSMLMKLHOFFAF48CB,明德段,8.04,都市：住
RPRSMLMKLHOFFAF48CB,明德段,4.90,都市：住
RPTSMLMKLHOFFAF68CB,明德段,8.04,都市：住
RPTSMLMKLHOFFAF68CB,明德段,4.90,都市：住
RPUSMLMKLHOFFAF78CB,明德段,7.67,都市：住
RPUSMLMKLHOFFAF78CB,明德段,4.66,都市：住
RPQUMLMKLHOFFAF58CB,明德段,7.67,都市：住
RPQUMLMKLHOFFAF58CB,明德段,4.66,都市：住
RPXTMLMKLHOFFAF56CB,明德段,9.50,都市：住
RPXTMLMKLHOFFAF56CB,明德段,5.77,都市：住
RPSUMLMKLHOFFAF78CB,明德段,8.68,都市：住
RPSUMLMKLHOFFAF78CB,明德段,5.29,都市：住
RPOUMLMKLHOFFAF38CB,明德段,5.79,都市：住
RPOUMLMKLHOFFAF38CB,明德段,3.53,都市：住
RPPUMLMKLHOFFAF48CB,明德段,5.00,都市：住
RPPUMLMKLHOFFAF48CB,明德段,3.03,都市：住
RPRUMLMKLHOFFAF68CB,明德段,7.67,都市：住
RPRUMLMKLHOFFAF68CB,明德段,4.66,都市：住
RPTUMLMKLHOFFAF88CB,明德段,7.98,都市：住
RPTUMLMKLHOFFAF88CB,明德段,4.86,都市：住
RPUUMLMKLHOFFAF98CB,明德段,9.19,都市：住
RPUUMLMKLHOFFAF98CB,明德段,5.69,都市：住
RPVUMLMKLHOFFAF09CB,明德段,5.73,都市：住
RPVUMLMKLHOFFAF09CB,明德段,3.49,都市：住
RPPVMLMKLHOFFAF58CB,明德段,5.45,都市：住
RPPVMLMKLHOFFAF58CB,明德段,3.32,都市：住
RPQVMLMKLHOFFAF68CB,明德段,5.79,都市：住
RPQVMLMKLHOFFAF68CB,明德段,3.53,都市：住
RPWUMLMKLHOFFAF56CB,明德段,9.37,都市：住
RPWUMLMKLHOFFAF56CB,明德段,5.69,都市：住
RPPWMLMKLHOFFAF68CB,明德段,4.65,都市：住
RPPWMLMKLHOFFAF68CB,明德段,2.82,都市：住
RPTVMLMKLHOFFAF98CB,明德段,8.04,都市：住
RPTVMLMKLHOFFAF98CB,明德段,4.90,都市：住
RPOWMLMKLHOFFAF58CB,明德段,8.04,都市：住
RPOWMLMKLHOFFAF58CB,明德段,4.90,都市：住
RPUVMLMKLHOFFAF09CB,明德段,5.79,都市：住
RPUVMLMKLHOFFAF09CB,明德段,3.53,都市：住
RPWVMLMKLHOFFAF66CB,明德段,13.65,都市：住
RPWVMLMKLHOFFAF66CB,明德段,8.31,都市：住
RPXVMLMKLHOFFAF76CB,明德段,8.53,都市：住
RPXVMLMKLHOFFAF76CB,明德段,5.19,都市：住
RPVVMLMKLHOFFAF56CB,明德段,5.79,都市：住
RPVVMLMKLHOFFAF56CB,明德段,3.53,都市：住
RPXUMLMKLHOFFAF66CB,明德段,5.45,都市：住
RPXUMLMKLHOFFAF66CB,明德段,3.32,都市：住
RPQWMLMKLHOFFAF78CB,明德段,5.79,都市：住
RPQWMLMKLHOFFAF78CB,明德段,3.53,都市：住
RPSVMLMKLHOFFAF88CB,明德段,7.98,都市：住
RPSVMLMKLHOFFAF88CB,明德段,4.86,都市：住
RPRWMLMKLHOFFAF88CB,明德段,8.68,都市：住
RPRWMLMKLHOFFAF88CB,明德段,5.29,都市：住
RPXWMLMKLHOFFAF86CB,明德段,7.67,都市：住
RPXWMLMKLHOFFAF86CB,明德段,4.66,都市：住
RPWWMLMKLHOFFAF76CB,明德段,10.17,都市：住
RPWWMLMKLHOFFAF76CB,明德段,6.19,都市：住
RPUWMLMKLHOFFAF56CB,明德段,8.68,都市：住
RPUWMLMKLHOFFAF56CB,明德段,5.29,都市：住
RPONNLMKLHOFFAF77CB,明德段,5.79,都市：住
RPONNLMKLHOFFAF77CB,明德段,3.53,都市：住
RPVWMLMKLHOFFAF66CB,明德段,7.67,都市：住
RPVWMLMKLHOFFAF66CB,明德段,4.66,都市：住
RPQNNLMKLHOFFAF97CB,明德段,8.04,都市：住
RPQNNLMKLHOFFAF97CB,明德段,4.90,都市：住
RPRNNLMKLHOFFAF08CB,明德段,7.67,都市：住
RPRNNLMKLHOFFAF08CB,明德段,4.66,都市：住
RPTNNLMKLHOFFAF28CB,明德段,5.73,都市：住
RPTNNLMKLHOFFAF28CB,明德段,3.49,都市：住
RPPNNLMKLHOFFAF87CB,明德段,8.04,都市：住
RPPNNLMKLHOFFAF87CB,明德段,4.90,都市：住
RPVNNLMKLHOFFAF48CB,明德段,8.04,都市：住
RPVNNLMKLHOFFAF48CB,明德段,4.90,都市：住
RPSNNLMKLHOFFAF18CB,明德段,8.53,都市：住
RPSNNLMKLHOFFAF18CB,明德段,5.19,都市：住
RPUNNLMKLHOFFAF38CB,明德段,5.79,都市：住
RPUNNLMKLHOFFAF38CB,明德段,3.53,都市：住
RPWNNLMKLHOFFAF58CB,明德段,10.17,都市：住
RPWNNLMKLHOFFAF58CB,明德段,6.19,都市：住
RPXNNLMKLHOFFAF68CB,明德段,8.04,都市：住
RPXNNLMKLHOFFAF68CB,明德段,4.90,都市：住
RPRONLMKLHOFFAF18CB,明德段,10.45,都市：住
RPRONLMKLHOFFAF18CB,明德段,6.35,都市：住
RPOONLMKLHOFFAF87CB,明德段,8.68,都市：住
RPOONLMKLHOFFAF87CB,明德段,5.29,都市：住
RPQONLMKLHOFFAF08CB,明德段,5.45,都市：住
RPQONLMKLHOFFAF08CB,明德段,3.32,都市：住
RPPONLMKLHOFFAF97CB,明德段,8.68,都市：住
RPPONLMKLHOFFAF97CB,明德段,5.29,都市：住
RPTONLMKLHOFFAF38CB,明德段,8.04,都市：住
RPTONLMKLHOFFAF38CB,明德段,4.90,都市：住
RPUONLMKLHOFFAF48CB,明德段,5.79,都市：住
RPUONLMKLHOFFAF48CB,明德段,3.53,都市：住
RPSONLMKLHOFFAF28CB,明德段,8.68,都市：住
RPSONLMKLHOFFAF28CB,明德段,5.29,都市：住
RPVONLMKLHOFFAF58CB,明德段,5.39,都市：住
RPVONLMKLHOFFAF58CB,明德段,3.28,都市：住
RPWONLMKLHOFFAF68CB,明德段,8.68,都市：住
RPWONLMKLHOFFAF68CB,明德段,5.29,都市：住
RPOPNLMKLHOFFAF97CB,明德段,9.37,都市：住
RPOPNLMKLHOFFAF97CB,明德段,5.69,都市：住
RPXONLMKLHOFFAF78CB,明德段,8.68,都市：住
RPXONLMKLHOFFAF78CB,明德段,5.29,都市：住
RPQPNLMKLHOFFAF18CB,明德段,8.68,都市：住
RPQPNLMKLHOFFAF18CB,明德段,5.29,都市：住
RPPPNLMKLHOFFAF08CB,明德段,5.45,都市：住
RPPPNLMKLHOFFAF08CB,明德段,3.32,都市：住
RPSPNLMKLHOFFAF38CB,明德段,5.79,都市：住
RPSPNLMKLHOFFAF38CB,明德段,3.53,都市：住
RPRPNLMKLHOFFAF28CB,明德段,11.50,都市：住
RPRPNLMKLHOFFAF28CB,明德段,6.99,都市：住
RPVPNLMKLHOFFAF68CB,明德段,7.67,都市：住
RPVPNLMKLHOFFAF68CB,明德段,4.66,都市：住
RPTPNLMKLHOFFAF48CB,明德段,9.37,都市：住
RPTPNLMKLHOFFAF48CB,明德段,5.69,都市：住
RPWPNLMKLHOFFAF78CB,明德段,8.04,都市：住
RPWPNLMKLHOFFAF78CB,明德段,4.90,都市：住
RPXPNLMKLHOFFAF88CB,明德段,8.68,都市：住
RPXPNLMKLHOFFAF88CB,明德段,5.29,都市：住
RPPQNLMKLHOFFAF18CB,明德段,12.46,都市：住
RPPQNLMKLHOFFAF18CB,明德段,7.58,都市：住
RPOQNLMKLHOFFAF08CB,明德段,8.53,都市：住
RPOQNLMKLHOFFAF08CB,明德段,5.19,都市：住
RPQQNLMKLHOFFAF28CB,明德段,7.67,都市：住
RPQQNLMKLHOFFAF28CB,明德段,4.66,都市：住
RPSQNLMKLHOFFAF48CB,明德段,10.14,都市：住
RPSQNLMKLHOFFAF48CB,明德段,6.16,都市：住
RPTQNLMKLHOFFAF58CB,明德段,8.53,都市：住
RPTQNLMKLHOFFAF58CB,明德段,5.19,都市：住
RPRQNLMKLHOFFAF38CB,明德段,7.98,都市：住
RPRQNLMKLHOFFAF38CB,明德段,4.86,都市：住
RPUQNLMKLHOFFAF68CB,明德段,10.17,都市：住
RPUQNLMKLHOFFAF68CB,明德段,6.19,都市：住
RPVQNLMKLHOFFAF78CB,明德段,5.79,都市：住
RPVQNLMKLHOFFAF78CB,明德段,3.53,都市：住
RPWQNLMKLHOFFAF88CB,明德段,5.45,都市：住
RPWQNLMKLHOFFAF88CB,明德段,3.32,都市：住
RPXQNLMKLHOFFAF98CB,明德段,7.67,都市：住
RPXQNLMKLHOFFAF98CB,明德段,4.66,都市：住
RPPRNLMKLHOFFAF28CB,明德段,7.67,都市：住
RPPRNLMKLHOFFAF28CB,明德段,4.66,都市：住
RPRRNLMKLHOFFAF48CB,明德段,7.61,都市：住
RPRRNLMKLHOFFAF48CB,明德段,4.62,都市：住
RPRQMLSKLHOFFBF98CB,中誠段,6.34,都市：住
RPOQMLSKLHOFFBF68CB,中誠段,9.34,都市：住
RPSQMLSKLHOFFBF09CB,中誠段,9.16,都市：住
RPTQMLSKLHOFFBF56CB,中誠段,6.29,都市：住
RPUQMLSKLHOFFBF66CB,中誠段,6.34,都市：住
RPWRNLMKLHOFFAF98CB,明德段,7.25,都市：住
RPWRNLMKLHOFFAF98CB,明德段,4.40,都市：住
RPQRNLMKLHOFFAF38CB,明德段,10.17,都市：住
RPQRNLMKLHOFFAF38CB,明德段,6.19,都市：住
RPTRNLMKLHOFFAF68CB,明德段,9.43,都市：住
RPTRNLMKLHOFFAF68CB,明德段,5.73,都市：住
RPSRNLMKLHOFFAF58CB,明德段,7.67,都市：住
RPSRNLMKLHOFFAF58CB,明德段,4.66,都市：住
RPORNLMKLHOFFAF18CB,明德段,8.68,都市：住
RPORNLMKLHOFFAF18CB,明德段,5.29,都市：住
RPWQMLSKLHOFFBF86CB,中誠段,6.29,都市：住
RPORMLSKLHOFFBF78CB,中誠段,9.16,都市：住
RPQRMLSKLHOFFBF98CB,中誠段,9.34,都市：住
RPXQMLSKLHOFFBF96CB,中誠段,6.27,都市：住
RPSRMLSKLHOFFBF56CB,中誠段,9.34,都市：住
RPVRMLSKLHOFFBF86CB,中誠段,8.90,都市：住
RPVQMLSKLHOFFBF76CB,中誠段,6.34,都市：住
RPRRMLSKLHOFFBF09CB,中誠段,6.27,都市：住
RPURMLSKLHOFFBF76CB,中誠段,9.34,都市：住
RPPSMLSKLHOFFBF98CB,中誠段,9.16,都市：住
RPQSMLSKLHOFFBF09CB,中誠段,9.34,都市：住
RPUSMLSKLHOFFBF86CB,中誠段,16.25,都市：住
RPRSMLSKLHOFFBF56CB,中誠段,6.34,都市：住
RPWSMLSKLHOFFBF07CB,中誠段,6.29,都市：住
RPXSMLSKLHOFFBF17CB,中誠段,6.29,都市：住
RPRTMLSKLHOFFBF66CB,中誠段,6.34,都市：住
RPWTMLSKLHOFFBF17CB,中誠段,9.34,都市：住
RPQTMLSKLHOFFBF56CB,中誠段,6.29,都市：住
RPSTMLSKLHOFFBF76CB,中誠段,6.34,都市：住
RPVSMLSKLHOFFBF96CB,中誠段,9.16,都市：住
RPPTMLSKLHOFFBF09CB,中誠段,16.25,都市：住
RPTOMLMLLHOFFCF58CB,順安段,11.95,都市：住
RPSOMLMLLHOFFCF48CB,順安段,11.89,都市：住
RPUOMLMLLHOFFCF68CB,順安段,12.16,都市：住
RPPPMLMLLHOFFCF28CB,順安段,12.16,都市：住
RPVOMLMLLHOFFCF78CB,順安段,12.16,都市：住
RPSPMLMLLHOFFCF58CB,順安段,14.95,都市：住
RPXOMLMLLHOFFCF98CB,順安段,12.16,都市：住
RPQPMLMLLHOFFCF38CB,順安段,12.16,都市：住
RPRPMLMLLHOFFCF48CB,順安段,12.16,都市：住
RPOPMLMLLHOFFCF18CB,順安段,12.16,都市：住
RPTPMLMLLHOFFCF68CB,順安段,14.95,都市：住
RPUPMLMLLHOFFCF78CB,順安段,14.95,都市：住
RPOQMLMLLHOFFCF28CB,順安段,14.79,都市：住
RPXPMLMLLHOFFCF09CB,順安段,14.95,都市：住
RPVPMLMLLHOFFCF88CB,順安段,14.95,都市：住
RPQQMLMLLHOFFCF48CB,順安段,14.79,都市：住
RPPQMLMLLHOFFCF38CB,順安段,14.79,都市：住
RPRQMLMLLHOFFCF58CB,順安段,14.59,都市：住
RPSQMLMLLHOFFCF68CB,順安段,14.59,都市：住
RPWQMLMLLHOFFCF09CB,順安段,14.79,都市：住
RPTQMLMLLHOFFCF78CB,順安段,14.79,都市：住
RPUQMLMLLHOFFCF88CB,順安段,14.79,都市：住
RPXQMLMLLHOFFCF56CB,順安段,14.79,都市：住
RPURMLMLLHOFFCF98CB,順安段,16.75,都市：住
RPXRMLMLLHOFFCF66CB,順安段,14.95,都市：住
RPVRMLMLLHOFFCF09CB,順安段,16.75,都市：住
RPPSMLMLLHOFFCF58CB,順安段,16.67,都市：住
RPOSMLMLLHOFFCF48CB,順安段,16.75,都市：住
RPQSMLMLLHOFFCF68CB,順安段,14.95,都市：住
RPRSMLMLLHOFFCF78CB,順安段,14.79,都市：住
RPVSMLMLLHOFFCF56CB,順安段,16.75,都市：住
RPTSMLMLLHOFFCF98CB,順安段,12.16,都市：住
RPSSMLMLLHOFFCF88CB,順安段,14.95,都市：住
RPUSMLMLLHOFFCF09CB,順安段,16.75,都市：住
RPTRMLMLLHOFFCF88CB,順安段,16.75,都市：住
RPWRMLMLLHOFFCF56CB,順安段,16.75,都市：住
RPWSMLMLLHOFFCF66CB,順安段,16.75,都市：住
RPTNMLNLLHOFFCF58CB,順安段,16.75,都市：住
RPQNMLNLLHOFFCF28CB,順安段,11.89,都市：住
RPSNMLNLLHOFFCF48CB,順安段,12.16,都市：住
RPRNMLNLLHOFFCF38CB,順安段,10.05,都市：住
RPPNMLNLLHOFFCF18CB,順安段,10.26,都市：住
RPPOMLNLLHOFFCF28CB,順安段,11.89,都市：住
RPQOMLNLLHOFFCF38CB,順安段,11.89,都市：住
RPOOMLNLLHOFFCF18CB,順安段,16.75,都市：住
RPTOMLNLLHOFFCF68CB,順安段,9.85,都市：住
RPUNMLNLLHOFFCF68CB,順安段,16.67,都市：住
RPWNMLNLLHOFFCF88CB,順安段,12.16,都市：住
RPSOMLNLLHOFFCF58CB,順安段,9.85,都市：住
RPROMLNLLHOFFCF48CB,順安段,14.95,都市：住
RPXNMLNLLHOFFCF98CB,順安段,11.89,都市：住
RPVNMLNLLHOFFCF78CB,順安段,9.85,都市：住
RPUOMLNLLHOFFCF78CB,順安段,14.95,都市：住
RPVOMLNLLHOFFCF88CB,順安段,16.67,都市：住
RPQPMLNLLHOFFCF48CB,順安段,10.46,都市：住
RPXOMLNLLHOFFCF09CB,順安段,10.26,都市：住
RPWOMLNLLHOFFCF98CB,順安段,16.67,都市：住
RPOPMLNLLHOFFCF28CB,順安段,10.26,都市：住
RPRPMLNLLHOFFCF58CB,順安段,9.85,都市：住
RPPPMLNLLHOFFCF38CB,順安段,10.46,都市：住
RPSPMLNLLHOFFCF68CB,順安段,9.85,都市：住
RPUPMLNLLHOFFCF88CB,順安段,11.69,都市：住
RPTPMLNLLHOFFCF78CB,順安段,9.85,都市：住
RPWPMLNLLHOFFCF09CB,順安段,11.89,都市：住
RPVPMLNLLHOFFCF98CB,順安段,12.16,都市：住
RPQNMLOLLHOFFCF38CB,順安段,14.95,都市：住
RPPNMLOLLHOFFCF28CB,順安段,10.46,都市：住
RPROMLPLLHOFFEF88CB,新巿段,28.30,都市：住
RPXOMLPLLHOFFEF86CB,新巿段,19.59,都市：住
RPSOMLPLLHOFFEF98CB,新巿段,19.59,都市：住
RPSPMLPLLHOFFEF09CB,新巿段,19.59,都市：住
RPPPMLPLLHOFFEF78CB,新巿段,19.59,都市：住
RPOPMLPLLHOFFEF68CB,新巿段,19.59,都市：住
RPQPMLPLLHOFFEF88CB,新巿段,19.59,都市：住
RPRPMLPLLHOFFEF98CB,新巿段,19.59,都市：住
RPWOMLPLLHOFFEF76CB,新巿段,19.59,都市：住
RPTPMLPLLHOFFEF56CB,新巿段,19.59,都市：住
RPUPMLPLLHOFFEF66CB,新巿段,19.59,都市：住
RPWPMLPLLHOFFEF86CB,新巿段,19.59,都市：住
RPPRMLPLLHOFFEF98CB,新巿段,19.59,都市：住
RPPPMLQLLHOFFEF88CB,新巿段,24.00,都市：住
RPVPMLPLLHOFFEF76CB,新巿段,19.59,都市：住
RPXPMLPLLHOFFEF96CB,新巿段,19.59,都市：住
RPRPMLQLLHOFFEF09CB,新巿段,24.00,都市：住
RPQPMLQLLHOFFEF98CB,新巿段,24.00,都市：住
RPVPMLQLLHOFFEF86CB,新巿段,24.00,都市：住
RPWPMLQLLHOFFEF96CB,新巿段,24.00,都市：住
RPQQMLQLLHOFFEF09CB,新巿段,24.00,都市：住
RPRQMLQLLHOFFEF56CB,新巿段,24.00,都市：住
RPXPMLQLLHOFFEF07CB,新巿段,24.00,都市：住
RPTQMLQLLHOFFEF76CB,新巿段,24.00,都市：住
RPSQMLQLLHOFFEF66CB,新巿段,24.00,都市：住
RPWQMLQLLHOFFEF07CB,新巿段,24.00,都市：住
RPUQMLQLLHOFFEF86CB,新巿段,24.00,都市：住
RPXQMLQLLHOFFEF17CB,新巿段,24.00,都市：住
RPORMLQLLHOFFEF98CB,新巿段,15.89,都市：住
RPQRMLQLLHOFFEF56CB,新巿段,19.34,都市：住
RPTRMLQLLHOFFEF86CB,新巿段,19.34,都市：住
RPSRMLQLLHOFFEF76CB,新巿段,19.34,都市：住
RPVRMLQLLHOFFEF07CB,新巿段,19.34,都市：住
RPRRMLQLLHOFFEF66CB,新巿段,19.34,都市：住
RPSPMLQLLHOFFEF56CB,新巿段,24.00,都市：住
RPWRMLQLLHOFFEF17CB,新巿段,19.34,都市：住
RPXRMLQLLHOFFEF27CB,新巿段,19.34,都市：住
RPURMLQLLHOFFEF96CB,新巿段,19.34,都市：住
RPQSMLQLLHOFFEF66CB,新巿段,19.34,都市：住
RPRSMLQLLHOFFEF76CB,新巿段,19.34,都市：住
RPSSMLQLLHOFFEF86CB,新巿段,19.34,都市：住
RPVSMLQLLHOFFEF17CB,新巿段,19.34,都市：住
RPOSMLQLLHOFFEF09CB,新巿段,19.34,都市：住
RPOTMLQLLHOFFEF56CB,新巿段,17.32,都市：住
RPUSMLQLLHOFFEF07CB,新巿段,19.34,都市：住
RPQTMLQLLHOFFEF76CB,新巿段,18.73,都市：住
RPXSMLQLLHOFFEF37CB,新巿段,19.34,都市：住
RPRTMLQLLHOFFEF86CB,新巿段,18.73,都市：住
RPVTMLQLLHOFFEF27CB,新巿段,18.73,都市：住
RPTTMLQLLHOFFEF07CB,新巿段,18.73,都市：住
RPSTMLQLLHOFFEF96CB,新巿段,18.73,都市：住
RPOUMLQLLHOFFEF66CB,新巿段,18.73,都市：住
RPXTMLQLLHOFFEF47CB,新巿段,18.73,都市：住
RPQUMLQLLHOFFEF86CB,新巿段,18.73,都市：住
RPWTMLQLLHOFFEF37CB,新巿段,18.73,都市：住
RPRUMLQLLHOFFEF96CB,新巿段,18.73,都市：住
RPSUMLQLLHOFFEF07CB,新巿段,18.73,都市：住
RPTUMLQLLHOFFEF17CB,新巿段,18.73,都市：住
RPVUMLQLLHOFFEF37CB,新巿段,18.73,都市：住
RPXUMLQLLHOFFEF57CB,新巿段,18.73,都市：住
RPOOMLLJMHOFFBF77CB,中誠段,6.29,都市：住
RPQNMLSLLHOFFEF98CB,新巿段,27.22,都市：住
RPTOMLLJMHOFFBF28CB,中誠段,9.16,都市：住
RPXNMLLJMHOFFAF48CB,江翠段,2.95,都市：住
RPXNMLLJMHOFFAF48CB,江翠段,1.37,都市：住
RPXNMLLJMHOFFAF48CB,江翠段,.65,都市：住
RPXNMLLJMHOFFAF48CB,江翠段,.41,都市：住
RPXNMLLJMHOFFAF48CB,江翠段,5.59,都市：住
RPXNMLLJMHOFFAF48CB,江翠段,1.68,都市：住
RPXNMLLJMHOFFAF48CB,江翠段,.69,都市：住
RPXNMLLJMHOFFAF48CB,江翠段,.35,都市：住
RPWNMLLJMHOFFAF38CB,江翠段,6.02,都市：住
RPWNMLLJMHOFFAF38CB,江翠段,2.80,都市：住
RPWNMLLJMHOFFAF38CB,江翠段,1.33,都市：住
RPWNMLLJMHOFFAF38CB,江翠段,.83,都市：住
RPWNMLLJMHOFFAF38CB,江翠段,11.41,都市：住
RPWNMLLJMHOFFAF38CB,江翠段,3.42,都市：住
RPWNMLLJMHOFFAF38CB,江翠段,1.42,都市：住
RPWNMLLJMHOFFAF38CB,江翠段,.72,都市：住
RPRNMLLKMHOFFEF38CB,新巿段,23.77,都市：住
RPQNMLLKMHOFFEF28CB,新巿段,23.77,都市：住
RPXNMLSJMHOFFBF66CB,中誠段,6.29,都市：住
RPSNMLLKMHOFFEF48CB,新巿段,23.77,都市：住
RPTNMLLKMHOFFEF58CB,新巿段,23.77,都市：住
RPVNMLLKMHOFFEF78CB,新巿段,23.77,都市：住
RPWNMLLKMHOFFEF88CB,新巿段,23.77,都市：住
RPUNMLLKMHOFFEF68CB,新巿段,23.77,都市：住
RPTOMLLKMHOFFEF68CB,新巿段,23.77,都市：住
RPOOMLLKMHOFFEF18CB,新巿段,23.77,都市：住
RPQOMLLKMHOFFEF38CB,新巿段,23.77,都市：住
RPXNMLLKMHOFFEF98CB,新巿段,23.77,都市：住
RPWOMLLKMHOFFEF98CB,新巿段,26.97,都市：住
RPSOMLLKMHOFFEF58CB,新巿段,23.77,都市：住
RPPOMLLKMHOFFEF28CB,新巿段,23.77,都市：住
RPUOMLLKMHOFFEF78CB,新巿段,26.97,都市：住
RPVOMLLKMHOFFEF88CB,新巿段,26.97,都市：住
RPROMLLKMHOFFEF48CB,新巿段,23.77,都市：住
RPOPMLLKMHOFFEF28CB,新巿段,26.97,都市：住
RPXOMLLKMHOFFEF09CB,新巿段,26.97,都市：住
RPQPMLLKMHOFFEF48CB,新巿段,26.97,都市：住
RPRPMLLKMHOFFEF58CB,新巿段,26.97,都市：住
RPVPMLLKMHOFFEF98CB,新巿段,26.97,都市：住
RPSPMLLKMHOFFEF68CB,新巿段,26.97,都市：住
RPUPMLLKMHOFFEF88CB,新巿段,26.97,都市：住
RPPPMLLKMHOFFEF38CB,新巿段,26.97,都市：住
RPXPMLLKMHOFFEF56CB,新巿段,26.97,都市：住
RPOQMLLKMHOFFEF38CB,新巿段,26.97,都市：住
RPTPMLLKMHOFFEF78CB,新巿段,26.97,都市：住
RPWNMLQKMHOFFDF66CB,智興段,24.47,都市：住
RPTNMLQKMHOFFDF98CB,智興段,24.47,都市：住
RPUNMLQKMHOFFDF09CB,智興段,24.47,都市：住
RPXNMLQKMHOFFDF76CB,智興段,24.47,都市：住
RPVNMLQKMHOFFDF56CB,智興段,24.47,都市：住
RPQOMLQKMHOFFDF78CB,智興段,24.47,都市：住
RPSNMLQKMHOFFDF88CB,智興段,24.47,都市：住
RPOOMLQKMHOFFDF58CB,智興段,24.47,都市：住
RPPOMLQKMHOFFDF68CB,智興段,24.47,都市：住
RPROMLQKMHOFFDF88CB,智興段,24.47,都市：住
RPSOMLQKMHOFFDF98CB,智興段,24.47,都市：住
RPWOMLQKMHOFFDF76CB,智興段,21.31,都市：住
RPVOMLQKMHOFFDF66CB,智興段,21.21,都市：住
RPPPMLQKMHOFFDF78CB,智興段,21.31,都市：住
RPUOMLQKMHOFFDF56CB,智興段,24.47,都市：住
RPXOMLQKMHOFFDF86CB,智興段,21.21,都市：住
RPQPMLQKMHOFFDF88CB,智興段,21.31,都市：住
RPOPMLQKMHOFFDF68CB,智興段,21.31,都市：住
RPSPMLQKMHOFFDF09CB,智興段,24.47,都市：住
RPRPMLQKMHOFFDF98CB,智興段,21.31,都市：住
RPWPMLQKMHOFFDF86CB,智興段,24.47,都市：住
RPVPMLQKMHOFFDF76CB,智興段,24.47,都市：住
RPQNMLSKMHOFFDF88CB,智興段,24.47,都市：住
RPQOMLSKMHOFFDF98CB,智興段,24.47,都市：住
RPUNMLSKMHOFFDF66CB,智興段,24.47,都市：住
RPRNMLSKMHOFFDF98CB,智興段,24.47,都市：住
RPPNMLSKMHOFFDF78CB,智興段,24.47,都市：住
RPVNMLSKMHOFFDF76CB,智興段,24.47,都市：住
RPUOMLSKMHOFFDF76CB,智興段,24.47,都市：住
RPSPMLSKMHOFFDF66CB,智興段,23.77,都市：住
RPTPMLSKMHOFFDF76CB,智興段,23.77,都市：住
RPUPMLSKMHOFFDF86CB,智興段,23.77,都市：住
RPVPMLSKMHOFFDF96CB,智興段,23.77,都市：住
RPWPMLSKMHOFFDF07CB,智興段,23.77,都市：住
RPOQMLSKMHOFFDF98CB,智興段,23.77,都市：住
RPRQMLSKMHOFFDF66CB,智興段,23.77,都市：住
RPPQMLSKMHOFFDF09CB,智興段,23.77,都市：住
RPXPMLSKMHOFFDF17CB,智興段,23.77,都市：住
RPQQMLSKMHOFFDF56CB,智興段,23.77,都市：住
RPTQMLSKMHOFFDF86CB,智興段,23.77,都市：住
RPUNMLTKMHOFFDF76CB,智興段,23.77,都市：住
RPSQMLSKMHOFFDF76CB,智興段,23.77,都市：住
RPWNMLTKMHOFFDF96CB,智興段,17.56,都市：住
RPXNMLTKMHOFFDF07CB,智興段,17.56,都市：住
RPVNMLTKMHOFFDF86CB,智興段,17.56,都市：住
RPSOMLTKMHOFFDF66CB,智興段,17.56,都市：住
RPQOMLTKMHOFFDF09CB,智興段,17.56,都市：住
RPVOMLTKMHOFFDF96CB,智興段,17.56,都市：住
RPTOMLTKMHOFFDF76CB,智興段,17.56,都市：住
RPROMLTKMHOFFDF56CB,智興段,16.57,都市：住
RPWOMLTKMHOFFDF07CB,智興段,17.56,都市：住
RPORMLTKMHOFFDF56CB,智興段,17.56,都市：住
RPOPMLTKMHOFFDF98CB,智興段,17.56,都市：住
RPXOMLTKMHOFFDF17CB,智興段,17.56,都市：住
RPPPMLTKMHOFFDF09CB,智興段,17.56,都市：住
RPPRMLTKMHOFFDF66CB,智興段,17.56,都市：住
RPTRMLTKMHOFFDF07CB,智興段,17.56,都市：住
RPRRMLTKMHOFFDF86CB,智興段,17.56,都市：住
RPURMLTKMHOFFDF17CB,智興段,17.56,都市：住
RPWRMLTKMHOFFDF37CB,智興段,17.56,都市：住
RPXRMLTKMHOFFDF47CB,智興段,17.56,都市：住
RPPSMLTKMHOFFDF76CB,智興段,17.56,都市：住
RPPNMLKLMHOFFDF08CB,智興段,23.77,都市：住
RPRNMLKLMHOFFDF28CB,智興段,23.77,都市：住
RPQNMLKLMHOFFDF18CB,智興段,23.77,都市：住
RPSNMLKLMHOFFDF38CB,智興段,23.77,都市：住
RPTNMLKLMHOFFDF48CB,智興段,23.77,都市：住
RPWNMLKLMHOFFDF78CB,智興段,23.77,都市：住
RPXNMLKLMHOFFDF88CB,智興段,23.77,都市：住
RPUNMLKLMHOFFDF58CB,智興段,23.77,都市：住
RPVNMLKLMHOFFDF68CB,智興段,23.77,都市：住
RPOOMLKLMHOFFDF08CB,智興段,23.77,都市：住
RPPOMLKLMHOFFDF18CB,智興段,23.77,都市：住
RPQOMLKLMHOFFDF28CB,智興段,23.77,都市：住
RPTOMLKLMHOFFDF58CB,智興段,25.06,都市：住
RPUOMLKLMHOFFDF68CB,智興段,25.06,都市：住
RPWOMLKLMHOFFDF88CB,智興段,25.06,都市：住
RPSOMLKLMHOFFDF48CB,智興段,23.77,都市：住
RPVOMLKLMHOFFDF78CB,智興段,25.06,都市：住
RPXOMLKLMHOFFDF98CB,智興段,25.06,都市：住
RPPPMLKLMHOFFDF28CB,智興段,25.06,都市：住
RPOPMLKLMHOFFDF18CB,智興段,25.06,都市：住
RPQPMLKLMHOFFDF38CB,智興段,25.06,都市：住
RPRPMLKLMHOFFDF48CB,智興段,25.06,都市：住
RPUPMLKLMHOFFDF78CB,智興段,19.53,都市：住
RPWPMLKLMHOFFDF98CB,智興段,25.06,都市：住
RPPQMLKLMHOFFDF38CB,智興段,25.06,都市：住
RPXPMLKLMHOFFDF09CB,智興段,25.06,都市：住
RPQQMLKLMHOFFDF48CB,智興段,25.06,都市：住
RPSPMLKLMHOFFDF58CB,智興段,25.06,都市：住
RPVPMLKLMHOFFDF88CB,智興段,26.04,都市：住
RPOQMLKLMHOFFDF28CB,智興段,25.06,都市：住
RPSNMLLLMHOFFDF48CB,智興段,25.06,都市：住
RPTNMLLLMHOFFDF58CB,智興段,25.06,都市：住
RPXNMLLLMHOFFDF98CB,智興段,21.41,都市：住
RPWNMLLLMHOFFDF88CB,智興段,22.39,都市：住
RPUNMLLLMHOFFDF68CB,智興段,22.39,都市：住
RPVNMLLLMHOFFDF78CB,智興段,21.41,都市：住
RPPOMLLLMHOFFDF28CB,智興段,21.41,都市：住
RPTOMLLLMHOFFDF68CB,智興段,21.41,都市：住
RPOOMLLLMHOFFDF18CB,智興段,21.41,都市：住
RPUOMLLLMHOFFDF78CB,智興段,20.42,都市：住
RPVOMLLLMHOFFDF88CB,智興段,21.41,都市：住
RPXPMLLLMHOFFDF56CB,智興段,20.72,都市：住
RPSPMLLLMHOFFDF68CB,智興段,21.70,都市：住
RPUPMLLLMHOFFDF88CB,智興段,21.70,都市：住
RPWOMLLLMHOFFDF98CB,智興段,21.41,都市：住
RPQPMLLLMHOFFDF48CB,智興段,20.72,都市：住
RPVPMLLLMHOFFDF98CB,智興段,21.70,都市：住
RPWPMLLLMHOFFDF09CB,智興段,21.70,都市：住
RPOQMLLLMHOFFDF38CB,智興段,21.70,都市：住
RPXOMLMLMHOFFBF98CB,中誠段,16.25,都市：住
RPORMLMLMHOFFBF38CB,中誠段,9.23,都市：住
RPPRMLMLMHOFFBF48CB,中誠段,6.41,都市：住
RPUQMLMLMHOFFBF88CB,中誠段,16.25,都市：住
RPWQMLMLMHOFFBF09CB,中誠段,9.40,都市：住
RPSQMLMLMHOFFBF68CB,中誠段,16.25,都市：住
RPQRMLMLMHOFFBF58CB,中誠段,9.23,都市：住
RPSRMLMLMHOFFBF78CB,中誠段,6.41,都市：住
RPVRMLMLMHOFFBF09CB,中誠段,6.41,都市：住
RPURMLMLMHOFFBF98CB,中誠段,6.36,都市：住
RPQQMLNLMHOFFDF78CB,智興段,21.70,都市：住
RPRQMLNLMHOFFDF88CB,智興段,21.70,都市：住
RPOQMLNLMHOFFDF58CB,智興段,21.70,都市：住
RPWRMLMLMHOFFBF56CB,中誠段,9.40,都市：住
RPSQMLNLMHOFFDF98CB,智興段,21.70,都市：住
RPUQMLNLMHOFFDF56CB,智興段,21.70,都市：住
RPTQMLNLMHOFFDF09CB,智興段,21.70,都市：住
RPOOMLOLMHOFFDF48CB,智興段,21.70,都市：住
RPVNMLOLMHOFFDF09CB,智興段,21.70,都市：住
RPROMLOLMHOFFDF78CB,智興段,29.10,都市：住
RPPOMLOLMHOFFDF58CB,智興段,29.10,都市：住
RPOPMLOLMHOFFDF58CB,智興段,29.10,都市：住
RPWOMLOLMHOFFDF66CB,智興段,29.10,都市：住
RPQOMLOLMHOFFDF68CB,智興段,29.10,都市：住
RPWNMLOLMHOFFDF56CB,智興段,21.70,都市：住
RPVOMLOLMHOFFDF56CB,智興段,29.10,都市：住
RPTOMLOLMHOFFDF98CB,智興段,29.10,都市：住
RPPPMLOLMHOFFDF68CB,智興段,29.10,都市：住
RPRPMLOLMHOFFDF88CB,智興段,28.12,都市：住
RPUPMLOLMHOFFDF56CB,智興段,29.10,都市：住
RPQPMLOLMHOFFDF78CB,智興段,29.10,都市：住
RPVPMLOLMHOFFDF66CB,智興段,30.09,都市：住
RPOQMLOLMHOFFDF68CB,智興段,29.10,都市：住
RPSPMLOLMHOFFDF98CB,智興段,29.10,都市：住
RPWPMLOLMHOFFDF76CB,智興段,30.09,都市：住
RPPQMLOLMHOFFDF78CB,智興段,29.10,都市：住
RPTQMLOLMHOFFDF56CB,智興段,29.10,都市：住
RPVQMLOLMHOFFDF76CB,智興段,29.10,都市：住
RPROMLPLMHOFFDF88CB,智興段,29.10,都市：住
RPSNMLPLMHOFFDF88CB,智興段,29.10,都市：住
RPRNMLPLMHOFFDF78CB,智興段,29.10,都市：住
RPXNMLPLMHOFFDF76CB,智興段,29.10,都市：住
RPTOMLPLMHOFFDF09CB,智興段,17.07,都市：住
RPWNMLPLMHOFFDF66CB,智興段,29.10,都市：住
RPSOMLPLMHOFFDF98CB,智興段,17.95,都市：住
RPUNMLPLMHOFFDF09CB,智興段,29.10,都市：住
RPTNMLPLMHOFFDF98CB,智興段,29.10,都市：住
RPVNMLPLMHOFFDF56CB,智興段,29.10,都市：住
RPVOMLPLMHOFFDF66CB,智興段,18.05,都市：住
RPXOMLPLMHOFFDF86CB,智興段,18.05,都市：住
RPRPMLPLMHOFFDF98CB,智興段,18.05,都市：住
RPSPMLPLMHOFFDF09CB,智興段,18.05,都市：住
RPQPMLPLMHOFFDF88CB,智興段,17.07,都市：住
RPVPMLPLMHOFFDF76CB,智興段,17.07,都市：住
RPXPMLPLMHOFFDF96CB,智興段,18.05,都市：住
RPWOMLPLMHOFFDF76CB,智興段,18.05,都市：住
RPTPMLPLMHOFFDF56CB,智興段,17.07,都市：住
RPWPMLPLMHOFFDF86CB,智興段,17.07,都市：住
RPOQMLPLMHOFFDF78CB,智興段,18.05,都市：住
RPPQMLPLMHOFFDF88CB,智興段,18.05,都市：住
RPRQMLPLMHOFFDF09CB,智興段,17.07,都市：住
RPQQMLPLMHOFFDF98CB,智興段,18.05,都市：住
RPSQMLPLMHOFFDF56CB,智興段,17.95,都市：住
RPVQMLPLMHOFFDF86CB,智興段,16.97,都市：住
RPTQMLPLMHOFFDF66CB,智興段,17.95,都市：住
RPWQMLPLMHOFFDF96CB,智興段,17.95,都市：住
RPORMLPLMHOFFDF88CB,智興段,16.97,都市：住
RPPRMLPLMHOFFDF98CB,智興段,16.97,都市：住
RPXQMLPLMHOFFDF07CB,智興段,17.95,都市：住
RPQRMLPLMHOFFDF09CB,智興段,17.95,都市：住
RPRRMLPLMHOFFDF56CB,智興段,17.95,都市：住
RPTRMLPLMHOFFDF76CB,智興段,17.95,都市：住
RPSRMLPLMHOFFDF66CB,智興段,17.95,都市：住
RPURMLPLMHOFFDF86CB,智興段,17.95,都市：住
RPVRMLPLMHOFFDF96CB,智興段,17.95,都市：住
RPWRMLPLMHOFFDF07CB,智興段,17.95,都市：住
RPPSMLPLMHOFFDF09CB,智興段,17.95,都市：住
RPOSMLPLMHOFFDF98CB,智興段,17.95,都市：住
RPRSMLPLMHOFFDF66CB,智興段,23.77,都市：住
RPUSMLPLMHOFFDF96CB,智興段,23.77,都市：住
RPQSMLPLMHOFFDF56CB,智興段,17.95,都市：住
RPSSMLPLMHOFFDF76CB,智興段,23.77,都市：住
RPVSMLPLMHOFFDF07CB,智興段,23.77,都市：住
RPSTMLPLMHOFFDF86CB,智興段,23.77,都市：住
RPOTMLPLMHOFFDF09CB,智興段,23.77,都市：住
RPXSMLPLMHOFFDF27CB,智興段,22.79,都市：住
RPWSMLPLMHOFFDF17CB,智興段,23.77,都市：住
RPPTMLPLMHOFFDF56CB,智興段,22.79,都市：住
RPRTMLPLMHOFFDF76CB,智興段,23.77,都市：住
RPTTMLPLMHOFFDF96CB,智興段,23.77,都市：住
RPWTMLPLMHOFFDF27CB,智興段,23.77,都市：住
RPXTMLPLMHOFFDF37CB,智興段,23.77,都市：住
RPOUMLPLMHOFFDF56CB,智興段,23.77,都市：住
RPPUMLPLMHOFFDF66CB,智興段,23.77,都市：住
RPVTMLPLMHOFFDF17CB,智興段,23.77,都市：住
RPQUMLPLMHOFFDF76CB,智興段,23.77,都市：住
RPSUMLPLMHOFFDF96CB,智興段,23.77,都市：住
RPRUMLPLMHOFFDF86CB,智興段,23.77,都市：住
RPTUMLPLMHOFFDF07CB,智興段,34.63,都市：住
RPUUMLPLMHOFFDF17CB,智興段,34.63,都市：住
RPVUMLPLMHOFFDF27CB,智興段,35.61,都市：住
RPWUMLPLMHOFFDF37CB,智興段,34.63,都市：住
RPOVMLPLMHOFFDF66CB,智興段,34.63,都市：住
RPXUMLPLMHOFFDF47CB,智興段,34.63,都市：住
RPQNMLSLMHOFFDF98CB,智興段,35.51,都市：住
RPSNMLSLMHOFFDF56CB,智興段,35.51,都市：住
RPRNMLSLMHOFFDF09CB,智興段,34.53,都市：住
RPQQMLPLMHOFFAF68CB,江翠段,18.28,都市：住
RPVQMLPLMHOFFAF56CB,江翠段,18.28,都市：住
RPPQMLPLMHOFFAF58CB,江翠段,19.42,都市：住
RPTOMLQLMHOFFAF88CB,江翠段,19.99,都市：住
RPQOMLQLMHOFFAF58CB,江翠段,19.99,都市：住
RPVNMLSLMHOFFDF86CB,智興段,35.51,都市：住
RPXNMLSLMHOFFDF07CB,智興段,34.53,都市：住
RPSOMLQLMHOFFAF78CB,江翠段,19.99,都市：住
RPOOMLSLMHOFFDF88CB,智興段,36.99,都市：住
RPPOMLSLMHOFFDF98CB,智興段,35.51,都市：住
RPQOMLSLMHOFFDF09CB,智興段,34.53,都市：住
RPROMLSLMHOFFDF56CB,智興段,34.53,都市：住
RPSOMLSLMHOFFDF66CB,智興段,32.36,都市：住
RPTOMLSLMHOFFDF76CB,智興段,32.36,都市：住
RPVOMLSLMHOFFDF96CB,智興段,33.34,都市：住
RPUOMLSLMHOFFDF86CB,智興段,32.36,都市：住
RPXOMLSLMHOFFDF17CB,智興段,33.34,都市：住
RPWOMLSLMHOFFDF07CB,智興段,32.36,都市：住
RPOPMLSLMHOFFDF98CB,智興段,33.34,都市：住
RPPPMLSLMHOFFDF09CB,智興段,32.36,都市：住
RPQPMLSLMHOFFDF56CB,智興段,32.36,都市：住
RPRPMLSLMHOFFDF66CB,智興段,33.34,都市：住
RPUPMLSLMHOFFDF96CB,智興段,32.36,都市：住
RPVPMLSLMHOFFDF07CB,智興段,32.36,都市：住
RPSPMLSLMHOFFDF76CB,智興段,32.36,都市：住
RPWPMLSLMHOFFDF17CB,智興段,32.36,都市：住
RPPQMLSLMHOFFDF56CB,智興段,33.34,都市：住
RPQQMLSLMHOFFDF66CB,智興段,24.76,都市：住
RPOQMLSLMHOFFDF09CB,智興段,33.34,都市：住
RPRQMLSLMHOFFDF76CB,智興段,17.56,都市：住
RPSQMLSLMHOFFDF86CB,智興段,17.56,都市：住
RPWQMLSLMHOFFDF27CB,智興段,30.09,都市：住
RPVQMLSLMHOFFDF17CB,智興段,24.76,都市：住
RPXQMLSLMHOFFDF37CB,智興段,18.05,都市：住
RPORMLSLMHOFFDF56CB,智興段,32.36,都市：住
RPVRMLQLMHOFFAF76CB,江翠段,18.28,都市：住
RPQOMLSJNHOFFCF98DB,寶強段,11.37,都市：住
RPQOMLSJNHOFFCF98DB,寶強段,.59,都市：住
RPQOMLSJNHOFFCF98DB,寶強段,1.16,都市：住
RPQOMLSJNHOFFCF98DB,寶強段,.02,都市：住
RPPNMLSJNHOFFCF78DB,寶強段,13.66,都市：住
RPPNMLSJNHOFFCF78DB,寶強段,.71,都市：住
RPPNMLSJNHOFFCF78DB,寶強段,1.40,都市：住
RPPNMLSJNHOFFCF78DB,寶強段,.02,都市：住
RPQNMLSJNHOFFCF88DB,寶強段,13.57,都市：住
RPQNMLSJNHOFFCF88DB,寶強段,.70,都市：住
RPQNMLSJNHOFFCF88DB,寶強段,1.39,都市：住
RPQNMLSJNHOFFCF88DB,寶強段,.02,都市：住
RPWNMLSJNHOFFCF86DB,寶強段,13.66,都市：住
RPWNMLSJNHOFFCF86DB,寶強段,.71,都市：住
RPWNMLSJNHOFFCF86DB,寶強段,1.40,都市：住
RPWNMLSJNHOFFCF86DB,寶強段,.02,都市：住
RPSOMLSJNHOFFCF56DB,寶強段,11.46,都市：住
RPSOMLSJNHOFFCF56DB,寶強段,.59,都市：住
RPSOMLSJNHOFFCF56DB,寶強段,1.17,都市：住
RPSOMLSJNHOFFCF56DB,寶強段,.02,都市：住
RPPOMLSJNHOFFCF88DB,寶強段,11.37,都市：住
RPPOMLSJNHOFFCF88DB,寶強段,.59,都市：住
RPPOMLSJNHOFFCF88DB,寶強段,1.16,都市：住
RPPOMLSJNHOFFCF88DB,寶強段,.02,都市：住
RPRNMLSJNHOFFCF98DB,寶強段,13.66,都市：住
RPRNMLSJNHOFFCF98DB,寶強段,.71,都市：住
RPRNMLSJNHOFFCF98DB,寶強段,1.40,都市：住
RPRNMLSJNHOFFCF98DB,寶強段,.02,都市：住
RPVNMLSJNHOFFCF76DB,寶強段,13.66,都市：住
RPVNMLSJNHOFFCF76DB,寶強段,.71,都市：住
RPVNMLSJNHOFFCF76DB,寶強段,1.40,都市：住
RPVNMLSJNHOFFCF76DB,寶強段,.02,都市：住
RPTNMLSJNHOFFCF56DB,寶強段,13.66,都市：住
RPTOMLSJNHOFFCF66DB,寶強段,11.46,都市：住
RPTNMLSJNHOFFCF56DB,寶強段,.71,都市：住
RPTOMLSJNHOFFCF66DB,寶強段,.59,都市：住
RPTNMLSJNHOFFCF56DB,寶強段,1.40,都市：住
RPTOMLSJNHOFFCF66DB,寶強段,1.17,都市：住
RPTNMLSJNHOFFCF56DB,寶強段,.02,都市：住
RPTOMLSJNHOFFCF66DB,寶強段,.02,都市：住
RPUOMLSJNHOFFCF76DB,寶強段,11.46,都市：住
RPUOMLSJNHOFFCF76DB,寶強段,.59,都市：住
RPUOMLSJNHOFFCF76DB,寶強段,1.17,都市：住
RPUOMLSJNHOFFCF76DB,寶強段,.02,都市：住
RPXNMLSJNHOFFCF96DB,寶強段,13.66,都市：住
RPXNMLSJNHOFFCF96DB,寶強段,.71,都市：住
RPXNMLSJNHOFFCF96DB,寶強段,1.40,都市：住
RPXNMLSJNHOFFCF96DB,寶強段,.02,都市：住
RPVOMLSJNHOFFCF86DB,寶強段,11.46,都市：住
RPVOMLSJNHOFFCF86DB,寶強段,.59,都市：住
RPVOMLSJNHOFFCF86DB,寶強段,1.17,都市：住
RPVOMLSJNHOFFCF86DB,寶強段,.02,都市：住
RPSPMLSJNHOFFCF66DB,寶強段,13.11,都市：住
RPSPMLSJNHOFFCF66DB,寶強段,.68,都市：住
RPSPMLSJNHOFFCF66DB,寶強段,1.34,都市：住
RPSPMLSJNHOFFCF66DB,寶強段,.02,都市：住
RPRPMLSJNHOFFCF56DB,寶強段,12.19,都市：住
RPRPMLSJNHOFFCF56DB,寶強段,.63,都市：住
RPRPMLSJNHOFFCF56DB,寶強段,1.25,都市：住
RPRPMLSJNHOFFCF56DB,寶強段,.02,都市：住
RPUPMLSJNHOFFCF86DB,寶強段,13.11,都市：住
RPUPMLSJNHOFFCF86DB,寶強段,.68,都市：住
RPUPMLSJNHOFFCF86DB,寶強段,1.34,都市：住
RPUPMLSJNHOFFCF86DB,寶強段,.02,都市：住
RPTPMLSJNHOFFCF76DB,寶強段,13.11,都市：住
RPTPMLSJNHOFFCF76DB,寶強段,.68,都市：住
RPTPMLSJNHOFFCF76DB,寶強段,1.34,都市：住
RPTPMLSJNHOFFCF76DB,寶強段,.02,都市：住
RPRQMLSJNHOFFCF66DB,寶強段,7.06,都市：住
RPRQMLSJNHOFFCF66DB,寶強段,.37,都市：住
RPRQMLSJNHOFFCF66DB,寶強段,.72,都市：住
RPRQMLSJNHOFFCF66DB,寶強段,.01,都市：住
RPWOMLSJNHOFFCF96DB,寶強段,12.28,都市：住
RPWOMLSJNHOFFCF96DB,寶強段,.64,都市：住
RPWOMLSJNHOFFCF96DB,寶強段,1.26,都市：住
RPWOMLSJNHOFFCF96DB,寶強段,.02,都市：住
RPOPMLSJNHOFFCF88DB,寶強段,12.28,都市：住
RPOPMLSJNHOFFCF88DB,寶強段,.64,都市：住
RPOPMLSJNHOFFCF88DB,寶強段,1.26,都市：住
RPOPMLSJNHOFFCF88DB,寶強段,.02,都市：住
RPXOMLSJNHOFFCF07DB,寶強段,12.28,都市：住
RPXOMLSJNHOFFCF07DB,寶強段,.64,都市：住
RPXOMLSJNHOFFCF07DB,寶強段,1.26,都市：住
RPXOMLSJNHOFFCF07DB,寶強段,.02,都市：住
RPQQMLSJNHOFFCF56DB,寶強段,7.06,都市：住
RPQQMLSJNHOFFCF56DB,寶強段,.37,都市：住
RPQQMLSJNHOFFCF56DB,寶強段,.72,都市：住
RPQQMLSJNHOFFCF56DB,寶強段,.01,都市：住
RPTQMLSJNHOFFCF86DB,寶強段,7.06,都市：住
RPTQMLSJNHOFFCF86DB,寶強段,.37,都市：住
RPTQMLSJNHOFFCF86DB,寶強段,.72,都市：住
RPTQMLSJNHOFFCF86DB,寶強段,.01,都市：住
RPORMLSJNHOFFCF09DB,寶強段,7.06,都市：住
RPORMLSJNHOFFCF09DB,寶強段,.37,都市：住
RPORMLSJNHOFFCF09DB,寶強段,.72,都市：住
RPORMLSJNHOFFCF09DB,寶強段,.01,都市：住
RPPPMLSJNHOFFCF98DB,寶強段,12.19,都市：住
RPPPMLSJNHOFFCF98DB,寶強段,.63,都市：住
RPSQMLSJNHOFFCF76DB,寶強段,7.06,都市：住
RPPPMLSJNHOFFCF98DB,寶強段,1.25,都市：住
RPSQMLSJNHOFFCF76DB,寶強段,.37,都市：住
RPPPMLSJNHOFFCF98DB,寶強段,.02,都市：住
RPSQMLSJNHOFFCF76DB,寶強段,.72,都市：住
RPSQMLSJNHOFFCF76DB,寶強段,.01,都市：住
RPUQMLSJNHOFFCF96DB,寶強段,7.06,都市：住
RPUQMLSJNHOFFCF96DB,寶強段,.37,都市：住
RPUQMLSJNHOFFCF96DB,寶強段,.72,都市：住
RPUQMLSJNHOFFCF96DB,寶強段,.01,都市：住
RPQRMLSJNHOFFCF66DB,寶強段,7.06,都市：住
RPQRMLSJNHOFFCF66DB,寶強段,.37,都市：住
RPQRMLSJNHOFFCF66DB,寶強段,.72,都市：住
RPQRMLSJNHOFFCF66DB,寶強段,.01,都市：住
RPPRMLSJNHOFFCF56DB,寶強段,7.06,都市：住
RPPRMLSJNHOFFCF56DB,寶強段,.37,都市：住
RPPRMLSJNHOFFCF56DB,寶強段,.72,都市：住
RPPRMLSJNHOFFCF56DB,寶強段,.01,都市：住
RPSRMLSJNHOFFCF86DB,寶強段,7.06,都市：住
RPSRMLSJNHOFFCF86DB,寶強段,.37,都市：住
RPSRMLSJNHOFFCF86DB,寶強段,.72,都市：住
RPSRMLSJNHOFFCF86DB,寶強段,.01,都市：住
RPVRMLSJNHOFFCF17DB,寶強段,7.06,都市：住
RPVRMLSJNHOFFCF17DB,寶強段,.37,都市：住
RPVRMLSJNHOFFCF17DB,寶強段,.72,都市：住
RPVRMLSJNHOFFCF17DB,寶強段,.01,都市：住
RPURMLSJNHOFFCF07DB,寶強段,7.06,都市：住
RPURMLSJNHOFFCF07DB,寶強段,.37,都市：住
RPURMLSJNHOFFCF07DB,寶強段,.72,都市：住
RPURMLSJNHOFFCF07DB,寶強段,.01,都市：住
RPTRMLSJNHOFFCF96DB,寶強段,7.15,都市：住
RPTRMLSJNHOFFCF96DB,寶強段,.37,都市：住
RPTRMLSJNHOFFCF96DB,寶強段,.73,都市：住
RPTRMLSJNHOFFCF96DB,寶強段,.01,都市：住
RPXRMLSJNHOFFCF37DB,寶強段,7.06,都市：住
RPXRMLSJNHOFFCF37DB,寶強段,.37,都市：住
RPXRMLSJNHOFFCF37DB,寶強段,.72,都市：住
RPXRMLSJNHOFFCF37DB,寶強段,.01,都市：住
RPWPMLSJNHOFFCF07DB,寶強段,13.11,都市：住
RPWPMLSJNHOFFCF07DB,寶強段,.68,都市：住
RPWPMLSJNHOFFCF07DB,寶強段,1.34,都市：住
RPWPMLSJNHOFFCF07DB,寶強段,.02,都市：住
RPPQMLSJNHOFFCF09DB,寶強段,13.11,都市：住
RPPQMLSJNHOFFCF09DB,寶強段,.68,都市：住
RPPQMLSJNHOFFCF09DB,寶強段,1.34,都市：住
RPPQMLSJNHOFFCF09DB,寶強段,.02,都市：住
RPOSMLSJNHOFFCF56DB,寶強段,7.06,都市：住
RPOSMLSJNHOFFCF56DB,寶強段,.37,都市：住
RPOSMLSJNHOFFCF56DB,寶強段,.72,都市：住
RPOSMLSJNHOFFCF56DB,寶強段,.01,都市：住
RPVPMLSJNHOFFCF96DB,寶強段,13.11,都市：住
RPVPMLSJNHOFFCF96DB,寶強段,.68,都市：住
RPVPMLSJNHOFFCF96DB,寶強段,1.34,都市：住
RPVPMLSJNHOFFCF96DB,寶強段,.02,都市：住
RPPSMLSJNHOFFCF66DB,寶強段,7.15,都市：住
RPPSMLSJNHOFFCF66DB,寶強段,.37,都市：住
RPPSMLSJNHOFFCF66DB,寶強段,.73,都市：住
RPPSMLSJNHOFFCF66DB,寶強段,.01,都市：住
RPOQMLSJNHOFFCF98DB,寶強段,13.11,都市：住
RPOQMLSJNHOFFCF98DB,寶強段,.68,都市：住
RPOQMLSJNHOFFCF98DB,寶強段,1.34,都市：住
RPOQMLSJNHOFFCF98DB,寶強段,.02,都市：住
