﻿編號,土地區段位置,土地移轉面積平方公尺,使用分區或編定
The serial number,land sector position,land shifting area square meter,the use zoning or compiles and checks
RPWOMLMKKHOFFAH68CB,中路二段,23.45,都市：住
RPXOMLMKKHOFFAH78CB,中路二段,23.45,都市：住
RPPPMLMKKHOFFAH08CB,中路二段,15.36,都市：住
RPQPMLMKKHOFFAH18CB,中路二段,10.72,都市：住
RPVOMLMKKHOFFAH58CB,中路二段,23.45,都市：住
RPUPMLMKKHOFFAH58CB,中路二段,23.45,都市：住
RPSPMLMKKHOFFAH38CB,中路二段,23.45,都市：住
RPRPMLMKKHOFFAH28CB,中路二段,23.45,都市：住
RPTPMLMKKHOFFAH48CB,中路二段,23.67,都市：住
RPOPMLMKKHOFFAH97CB,中路二段,15.55,都市：住
RPWPMLMKKHOFFAH78CB,中路二段,12.56,都市：住
RPVPMLMKKHOFFAH68CB,中路二段,12.76,都市：住
RPPQMLMKKHOFFAH18CB,中路二段,19.72,都市：住
RPOQMLMKKHOFFAH08CB,中路二段,23.45,都市：住
RPQQMLMKKHOFFAH28CB,中路二段,19.72,都市：住
RPXPMLMKKHOFFAH88CB,中路二段,13.80,都市：住
RPRQMLMKKHOFFAH38CB,中路二段,15.51,都市：住
RPTQMLMKKHOFFAH58CB,中路二段,16.14,都市：住
RPSQMLMKKHOFFAH48CB,中路二段,15.51,都市：住
RPUQMLMKKHOFFAH68CB,中路二段,19.72,都市：住
RPVQMLMKKHOFFAH78CB,中路二段,12.76,都市：住
RPWQMLMKKHOFFAH88CB,中路二段,11.24,都市：住
RPXQMLMKKHOFFAH98CB,中路二段,19.72,都市：住
RPWNMLPKKHOFFDH56CB,幼獅段,25.46,都市：住
RPWNMLPKKHOFFDH56CB,幼獅段,.17,都市：住
RPXNMLPKKHOFFDH66CB,幼獅段,26.03,都市：住
RPXNMLPKKHOFFDH66CB,幼獅段,.18,都市：住
RPQPMLMLKHOFFBH38CB,培英段,15.11,都市：住
RPPPMLMLKHOFFBH28CB,培英段,14.84,都市：住
RPTOMLMLKHOFFBH58CB,培英段,16.49,都市：住
RPWOMLMLKHOFFBH88CB,培英段,14.56,都市：住
RPRPMLMLKHOFFBH48CB,培英段,14.56,都市：住
RPSPMLMLKHOFFBH58CB,培英段,26.10,都市：住
RPVOMLMLKHOFFBH78CB,培英段,21.71,都市：住
RPOPMLMLKHOFFBH18CB,培英段,14.84,都市：住
RPXOMLMLKHOFFBH98CB,培英段,16.21,都市：住
RPUOMLMLKHOFFBH68CB,培英段,14.56,都市：住
RPUPMLMLKHOFFBH78CB,培英段,30.22,都市：住
RPTPMLMLKHOFFBH68CB,培英段,26.10,都市：住
RPVPMLMLKHOFFBH88CB,培英段,21.71,都市：住
RPOQMLMLKHOFFBH28CB,培英段,14.84,都市：住
RPPQMLMLKHOFFBH38CB,培英段,14.84,都市：住
RPQQMLMLKHOFFBH48CB,培英段,19.23,都市：住
RPWPMLMLKHOFFBH98CB,培英段,21.71,都市：住
RPRQMLMLKHOFFBH58CB,培英段,19.23,都市：住
RPWNMLKKMHOFFAH58CB,埔子段北門埔子小段,5.51,都市：商
RPWNMLKKMHOFFAH58CB,埔子段北門埔子小段,3.59,都市：商
RPWNMLKKMHOFFAH58CB,埔子段北門埔子小段,.90,都市：商
RPWNMLKKMHOFFAH58CB,埔子段北門埔子小段,.05,都市：商
RPWNMLKKMHOFFAH58CB,埔子段北門埔子小段,.69,都市：商
RPWNMLKKMHOFFAH58CB,埔子段北門埔子小段,.03,都市：商
RPXNMLKKMHOFFAH68CB,埔子段北門埔子小段,5.35,都市：商
RPXNMLKKMHOFFAH68CB,埔子段北門埔子小段,3.49,都市：商
RPXNMLKKMHOFFAH68CB,埔子段北門埔子小段,.87,都市：商
RPXNMLKKMHOFFAH68CB,埔子段北門埔子小段,.05,都市：商
RPXNMLKKMHOFFAH68CB,埔子段北門埔子小段,.67,都市：商
RPXNMLKKMHOFFAH68CB,埔子段北門埔子小段,.03,都市：商
RPROMLKKMHOFFAH18CB,埔子段北門埔子小段,5.51,都市：商
RPROMLKKMHOFFAH18CB,埔子段北門埔子小段,3.59,都市：商
RPROMLKKMHOFFAH18CB,埔子段北門埔子小段,.90,都市：商
RPROMLKKMHOFFAH18CB,埔子段北門埔子小段,.05,都市：商
RPROMLKKMHOFFAH18CB,埔子段北門埔子小段,.69,都市：商
RPROMLKKMHOFFAH18CB,埔子段北門埔子小段,.03,都市：商
RPSOMLKKMHOFFAH28CB,埔子段北門埔子小段,4.80,都市：商
RPSOMLKKMHOFFAH28CB,埔子段北門埔子小段,3.13,都市：商
RPSOMLKKMHOFFAH28CB,埔子段北門埔子小段,.78,都市：商
RPSOMLKKMHOFFAH28CB,埔子段北門埔子小段,.04,都市：商
RPSOMLKKMHOFFAH28CB,埔子段北門埔子小段,.60,都市：商
RPSOMLKKMHOFFAH28CB,埔子段北門埔子小段,.02,都市：商
RPOOMLKKMHOFFAH87CB,埔子段北門埔子小段,5.24,都市：商
RPOOMLKKMHOFFAH87CB,埔子段北門埔子小段,3.42,都市：商
RPOOMLKKMHOFFAH87CB,埔子段北門埔子小段,.86,都市：商
RPOOMLKKMHOFFAH87CB,埔子段北門埔子小段,.05,都市：商
RPOOMLKKMHOFFAH87CB,埔子段北門埔子小段,.65,都市：商
RPOOMLKKMHOFFAH87CB,埔子段北門埔子小段,.03,都市：商
RPQOMLKKMHOFFAH08CB,埔子段北門埔子小段,7.31,都市：商
RPQOMLKKMHOFFAH08CB,埔子段北門埔子小段,4.77,都市：商
RPQOMLKKMHOFFAH08CB,埔子段北門埔子小段,1.19,都市：商
RPQOMLKKMHOFFAH08CB,埔子段北門埔子小段,.06,都市：商
RPQOMLKKMHOFFAH08CB,埔子段北門埔子小段,.91,都市：商
RPQOMLKKMHOFFAH08CB,埔子段北門埔子小段,.04,都市：商
RPPOMLKKMHOFFAH97CB,埔子段北門埔子小段,5.24,都市：商
RPPOMLKKMHOFFAH97CB,埔子段北門埔子小段,3.42,都市：商
RPPOMLKKMHOFFAH97CB,埔子段北門埔子小段,.86,都市：商
RPPOMLKKMHOFFAH97CB,埔子段北門埔子小段,.05,都市：商
RPPOMLKKMHOFFAH97CB,埔子段北門埔子小段,.65,都市：商
RPPOMLKKMHOFFAH97CB,埔子段北門埔子小段,.03,都市：商
RPXPMLMLKHOFFBH09CB,培英段,23.63,都市：住
RPUOMLKKMHOFFAH48CB,埔子段北門埔子小段,7.31,都市：商
RPUOMLKKMHOFFAH48CB,埔子段北門埔子小段,4.77,都市：商
RPUOMLKKMHOFFAH48CB,埔子段北門埔子小段,1.19,都市：商
RPUOMLKKMHOFFAH48CB,埔子段北門埔子小段,.06,都市：商
RPUOMLKKMHOFFAH48CB,埔子段北門埔子小段,.91,都市：商
RPUOMLKKMHOFFAH48CB,埔子段北門埔子小段,.04,都市：商
RPTOMLKKMHOFFAH38CB,埔子段北門埔子小段,5.02,都市：商
RPTOMLKKMHOFFAH38CB,埔子段北門埔子小段,3.27,都市：商
RPTOMLKKMHOFFAH38CB,埔子段北門埔子小段,.82,都市：商
RPTOMLKKMHOFFAH38CB,埔子段北門埔子小段,.04,都市：商
RPTOMLKKMHOFFAH38CB,埔子段北門埔子小段,.62,都市：商
RPTOMLKKMHOFFAH38CB,埔子段北門埔子小段,.03,都市：商
RPVOMLKKMHOFFAH58CB,埔子段北門埔子小段,5.59,都市：商
RPVOMLKKMHOFFAH58CB,埔子段北門埔子小段,3.64,都市：商
RPVOMLKKMHOFFAH58CB,埔子段北門埔子小段,.91,都市：商
RPVOMLKKMHOFFAH58CB,埔子段北門埔子小段,.05,都市：商
RPVOMLKKMHOFFAH58CB,埔子段北門埔子小段,.70,都市：商
RPVOMLKKMHOFFAH58CB,埔子段北門埔子小段,.03,都市：商
RPWOMLKKMHOFFAH68CB,埔子段北門埔子小段,5.48,都市：商
RPWOMLKKMHOFFAH68CB,埔子段北門埔子小段,3.57,都市：商
RPWOMLKKMHOFFAH68CB,埔子段北門埔子小段,.89,都市：商
RPWOMLKKMHOFFAH68CB,埔子段北門埔子小段,.05,都市：商
RPWOMLKKMHOFFAH68CB,埔子段北門埔子小段,.68,都市：商
RPWOMLKKMHOFFAH68CB,埔子段北門埔子小段,.03,都市：商
RPOPMLKKMHOFFAH97CB,埔子段北門埔子小段,5.60,都市：商
RPOPMLKKMHOFFAH97CB,埔子段北門埔子小段,3.65,都市：商
RPOPMLKKMHOFFAH97CB,埔子段北門埔子小段,.91,都市：商
RPOPMLKKMHOFFAH97CB,埔子段北門埔子小段,.05,都市：商
RPOPMLKKMHOFFAH97CB,埔子段北門埔子小段,.70,都市：商
RPOPMLKKMHOFFAH97CB,埔子段北門埔子小段,.03,都市：商
RPXOMLKKMHOFFAH78CB,埔子段北門埔子小段,5.49,都市：商
RPXOMLKKMHOFFAH78CB,埔子段北門埔子小段,3.58,都市：商
RPXOMLKKMHOFFAH78CB,埔子段北門埔子小段,.90,都市：商
RPXOMLKKMHOFFAH78CB,埔子段北門埔子小段,.05,都市：商
RPXOMLKKMHOFFAH78CB,埔子段北門埔子小段,.68,都市：商
RPXOMLKKMHOFFAH78CB,埔子段北門埔子小段,.03,都市：商
RPQPMLKKMHOFFAH18CB,埔子段北門埔子小段,5.24,都市：商
RPQPMLKKMHOFFAH18CB,埔子段北門埔子小段,3.42,都市：商
RPQPMLKKMHOFFAH18CB,埔子段北門埔子小段,.86,都市：商
RPQPMLKKMHOFFAH18CB,埔子段北門埔子小段,.05,都市：商
RPQPMLKKMHOFFAH18CB,埔子段北門埔子小段,.65,都市：商
RPQPMLKKMHOFFAH18CB,埔子段北門埔子小段,.03,都市：商
RPPPMLKKMHOFFAH08CB,埔子段北門埔子小段,5.65,都市：商
RPPPMLKKMHOFFAH08CB,埔子段北門埔子小段,3.68,都市：商
RPPPMLKKMHOFFAH08CB,埔子段北門埔子小段,.92,都市：商
RPPPMLKKMHOFFAH08CB,埔子段北門埔子小段,.05,都市：商
RPPPMLKKMHOFFAH08CB,埔子段北門埔子小段,.70,都市：商
RPPPMLKKMHOFFAH08CB,埔子段北門埔子小段,.03,都市：商
RPRPMLKKMHOFFAH28CB,埔子段北門埔子小段,5.48,都市：商
RPRPMLKKMHOFFAH28CB,埔子段北門埔子小段,3.57,都市：商
RPRPMLKKMHOFFAH28CB,埔子段北門埔子小段,.89,都市：商
RPRPMLKKMHOFFAH28CB,埔子段北門埔子小段,.05,都市：商
RPRPMLKKMHOFFAH28CB,埔子段北門埔子小段,.68,都市：商
RPRPMLKKMHOFFAH28CB,埔子段北門埔子小段,.03,都市：商
RPUPMLKKMHOFFAH58CB,埔子段北門埔子小段,5.51,都市：商
RPUPMLKKMHOFFAH58CB,埔子段北門埔子小段,3.59,都市：商
RPUPMLKKMHOFFAH58CB,埔子段北門埔子小段,.90,都市：商
RPUPMLKKMHOFFAH58CB,埔子段北門埔子小段,.05,都市：商
RPUPMLKKMHOFFAH58CB,埔子段北門埔子小段,.69,都市：商
RPUPMLKKMHOFFAH58CB,埔子段北門埔子小段,.03,都市：商
RPSPMLKKMHOFFAH38CB,埔子段北門埔子小段,5.59,都市：商
RPSPMLKKMHOFFAH38CB,埔子段北門埔子小段,3.64,都市：商
RPSPMLKKMHOFFAH38CB,埔子段北門埔子小段,.91,都市：商
RPSPMLKKMHOFFAH38CB,埔子段北門埔子小段,.05,都市：商
RPSPMLKKMHOFFAH38CB,埔子段北門埔子小段,.70,都市：商
RPSPMLKKMHOFFAH38CB,埔子段北門埔子小段,.03,都市：商
RPTPMLKKMHOFFAH48CB,埔子段北門埔子小段,4.80,都市：商
RPTPMLKKMHOFFAH48CB,埔子段北門埔子小段,3.13,都市：商
RPTPMLKKMHOFFAH48CB,埔子段北門埔子小段,.78,都市：商
RPTPMLKKMHOFFAH48CB,埔子段北門埔子小段,.04,都市：商
RPTPMLKKMHOFFAH48CB,埔子段北門埔子小段,.60,都市：商
RPTPMLKKMHOFFAH48CB,埔子段北門埔子小段,.02,都市：商
RPVPMLKKMHOFFAH68CB,埔子段北門埔子小段,5.59,都市：商
RPVPMLKKMHOFFAH68CB,埔子段北門埔子小段,3.64,都市：商
RPVPMLKKMHOFFAH68CB,埔子段北門埔子小段,.91,都市：商
RPVPMLKKMHOFFAH68CB,埔子段北門埔子小段,.05,都市：商
RPVPMLKKMHOFFAH68CB,埔子段北門埔子小段,.70,都市：商
RPVPMLKKMHOFFAH68CB,埔子段北門埔子小段,.03,都市：商
RPWPMLKKMHOFFAH78CB,埔子段北門埔子小段,5.49,都市：商
RPWPMLKKMHOFFAH78CB,埔子段北門埔子小段,3.58,都市：商
RPWPMLKKMHOFFAH78CB,埔子段北門埔子小段,.90,都市：商
RPWPMLKKMHOFFAH78CB,埔子段北門埔子小段,.05,都市：商
RPWPMLKKMHOFFAH78CB,埔子段北門埔子小段,.68,都市：商
RPWPMLKKMHOFFAH78CB,埔子段北門埔子小段,.03,都市：商
RPXPMLKKMHOFFAH88CB,埔子段北門埔子小段,6.75,都市：商
RPXPMLKKMHOFFAH88CB,埔子段北門埔子小段,4.40,都市：商
RPXPMLKKMHOFFAH88CB,埔子段北門埔子小段,1.10,都市：商
RPXPMLKKMHOFFAH88CB,埔子段北門埔子小段,.06,都市：商
RPXPMLKKMHOFFAH88CB,埔子段北門埔子小段,.84,都市：商
RPXPMLKKMHOFFAH88CB,埔子段北門埔子小段,.03,都市：商
RPOQMLKKMHOFFAH08CB,埔子段北門埔子小段,5.52,都市：商
RPOQMLKKMHOFFAH08CB,埔子段北門埔子小段,3.60,都市：商
RPOQMLKKMHOFFAH08CB,埔子段北門埔子小段,.90,都市：商
RPOQMLKKMHOFFAH08CB,埔子段北門埔子小段,.05,都市：商
RPOQMLKKMHOFFAH08CB,埔子段北門埔子小段,.69,都市：商
RPOQMLKKMHOFFAH08CB,埔子段北門埔子小段,.03,都市：商
RPRQMLKKMHOFFAH38CB,埔子段北門埔子小段,5.52,都市：商
RPRQMLKKMHOFFAH38CB,埔子段北門埔子小段,3.60,都市：商
RPRQMLKKMHOFFAH38CB,埔子段北門埔子小段,.90,都市：商
RPRQMLKKMHOFFAH38CB,埔子段北門埔子小段,.05,都市：商
RPRQMLKKMHOFFAH38CB,埔子段北門埔子小段,.69,都市：商
RPRQMLKKMHOFFAH38CB,埔子段北門埔子小段,.03,都市：商
RPPQMLKKMHOFFAH18CB,埔子段北門埔子小段,4.80,都市：商
RPPQMLKKMHOFFAH18CB,埔子段北門埔子小段,3.13,都市：商
RPPQMLKKMHOFFAH18CB,埔子段北門埔子小段,.78,都市：商
RPPQMLKKMHOFFAH18CB,埔子段北門埔子小段,.04,都市：商
RPPQMLKKMHOFFAH18CB,埔子段北門埔子小段,.60,都市：商
RPPQMLKKMHOFFAH18CB,埔子段北門埔子小段,.02,都市：商
RPQQMLKKMHOFFAH28CB,埔子段北門埔子小段,7.31,都市：商
RPQQMLKKMHOFFAH28CB,埔子段北門埔子小段,4.77,都市：商
RPQQMLKKMHOFFAH28CB,埔子段北門埔子小段,1.19,都市：商
RPQQMLKKMHOFFAH28CB,埔子段北門埔子小段,.06,都市：商
RPQQMLKKMHOFFAH28CB,埔子段北門埔子小段,.91,都市：商
RPQQMLKKMHOFFAH28CB,埔子段北門埔子小段,.04,都市：商
RPUQMLKKMHOFFAH68CB,埔子段北門埔子小段,5.24,都市：商
RPUQMLKKMHOFFAH68CB,埔子段北門埔子小段,3.42,都市：商
RPUQMLKKMHOFFAH68CB,埔子段北門埔子小段,.86,都市：商
RPUQMLKKMHOFFAH68CB,埔子段北門埔子小段,.05,都市：商
RPUQMLKKMHOFFAH68CB,埔子段北門埔子小段,.65,都市：商
RPUQMLKKMHOFFAH68CB,埔子段北門埔子小段,.03,都市：商
RPSQMLKKMHOFFAH48CB,埔子段北門埔子小段,5.32,都市：商
RPSQMLKKMHOFFAH48CB,埔子段北門埔子小段,3.47,都市：商
RPSQMLKKMHOFFAH48CB,埔子段北門埔子小段,.87,都市：商
RPSQMLKKMHOFFAH48CB,埔子段北門埔子小段,.05,都市：商
RPSQMLKKMHOFFAH48CB,埔子段北門埔子小段,.66,都市：商
RPSQMLKKMHOFFAH48CB,埔子段北門埔子小段,.03,都市：商
RPVQMLKKMHOFFAH78CB,埔子段北門埔子小段,5.20,都市：商
RPVQMLKKMHOFFAH78CB,埔子段北門埔子小段,3.39,都市：商
RPVQMLKKMHOFFAH78CB,埔子段北門埔子小段,.85,都市：商
RPVQMLKKMHOFFAH78CB,埔子段北門埔子小段,.04,都市：商
RPVQMLKKMHOFFAH78CB,埔子段北門埔子小段,.65,都市：商
RPVQMLKKMHOFFAH78CB,埔子段北門埔子小段,.03,都市：商
RPORMLKKMHOFFAH18CB,埔子段北門埔子小段,5.60,都市：商
RPORMLKKMHOFFAH18CB,埔子段北門埔子小段,3.65,都市：商
RPORMLKKMHOFFAH18CB,埔子段北門埔子小段,.91,都市：商
RPORMLKKMHOFFAH18CB,埔子段北門埔子小段,.05,都市：商
RPORMLKKMHOFFAH18CB,埔子段北門埔子小段,.70,都市：商
RPORMLKKMHOFFAH18CB,埔子段北門埔子小段,.03,都市：商
RPXQMLKKMHOFFAH98CB,埔子段北門埔子小段,5.24,都市：商
RPXQMLKKMHOFFAH98CB,埔子段北門埔子小段,3.42,都市：商
RPXQMLKKMHOFFAH98CB,埔子段北門埔子小段,.86,都市：商
RPXQMLKKMHOFFAH98CB,埔子段北門埔子小段,.05,都市：商
RPXQMLKKMHOFFAH98CB,埔子段北門埔子小段,.65,都市：商
RPXQMLKKMHOFFAH98CB,埔子段北門埔子小段,.03,都市：商
RPWQMLKKMHOFFAH88CB,埔子段北門埔子小段,5.51,都市：商
RPWQMLKKMHOFFAH88CB,埔子段北門埔子小段,3.59,都市：商
RPWQMLKKMHOFFAH88CB,埔子段北門埔子小段,.90,都市：商
RPWQMLKKMHOFFAH88CB,埔子段北門埔子小段,.05,都市：商
RPWQMLKKMHOFFAH88CB,埔子段北門埔子小段,.69,都市：商
RPWQMLKKMHOFFAH88CB,埔子段北門埔子小段,.03,都市：商
RPPRMLKKMHOFFAH28CB,埔子段北門埔子小段,5.20,都市：商
RPPRMLKKMHOFFAH28CB,埔子段北門埔子小段,3.39,都市：商
RPPRMLKKMHOFFAH28CB,埔子段北門埔子小段,.85,都市：商
RPPRMLKKMHOFFAH28CB,埔子段北門埔子小段,.04,都市：商
RPPRMLKKMHOFFAH28CB,埔子段北門埔子小段,.65,都市：商
RPPRMLKKMHOFFAH28CB,埔子段北門埔子小段,.03,都市：商
RPQRMLKKMHOFFAH38CB,埔子段北門埔子小段,5.52,都市：商
RPQRMLKKMHOFFAH38CB,埔子段北門埔子小段,3.60,都市：商
RPQRMLKKMHOFFAH38CB,埔子段北門埔子小段,.90,都市：商
RPQRMLKKMHOFFAH38CB,埔子段北門埔子小段,.05,都市：商
RPQRMLKKMHOFFAH38CB,埔子段北門埔子小段,.69,都市：商
RPQRMLKKMHOFFAH38CB,埔子段北門埔子小段,.03,都市：商
RPSRMLKKMHOFFAH58CB,埔子段北門埔子小段,5.51,都市：商
RPSRMLKKMHOFFAH58CB,埔子段北門埔子小段,3.59,都市：商
RPSRMLKKMHOFFAH58CB,埔子段北門埔子小段,.90,都市：商
RPSRMLKKMHOFFAH58CB,埔子段北門埔子小段,.05,都市：商
RPSRMLKKMHOFFAH58CB,埔子段北門埔子小段,.69,都市：商
RPSRMLKKMHOFFAH58CB,埔子段北門埔子小段,.03,都市：商
RPRRMLKKMHOFFAH48CB,埔子段北門埔子小段,5.65,都市：商
RPRRMLKKMHOFFAH48CB,埔子段北門埔子小段,3.68,都市：商
RPRRMLKKMHOFFAH48CB,埔子段北門埔子小段,.92,都市：商
RPRRMLKKMHOFFAH48CB,埔子段北門埔子小段,.05,都市：商
RPRRMLKKMHOFFAH48CB,埔子段北門埔子小段,.70,都市：商
RPRRMLKKMHOFFAH48CB,埔子段北門埔子小段,.03,都市：商
RPURMLKKMHOFFAH78CB,埔子段北門埔子小段,5.42,都市：商
RPURMLKKMHOFFAH78CB,埔子段北門埔子小段,3.54,都市：商
RPURMLKKMHOFFAH78CB,埔子段北門埔子小段,.89,都市：商
RPURMLKKMHOFFAH78CB,埔子段北門埔子小段,.05,都市：商
RPURMLKKMHOFFAH78CB,埔子段北門埔子小段,.68,都市：商
RPURMLKKMHOFFAH78CB,埔子段北門埔子小段,.03,都市：商
RPTRMLKKMHOFFAH68CB,埔子段北門埔子小段,5.42,都市：商
RPTRMLKKMHOFFAH68CB,埔子段北門埔子小段,3.54,都市：商
RPTRMLKKMHOFFAH68CB,埔子段北門埔子小段,.89,都市：商
RPTRMLKKMHOFFAH68CB,埔子段北門埔子小段,.05,都市：商
RPTRMLKKMHOFFAH68CB,埔子段北門埔子小段,.68,都市：商
RPTRMLKKMHOFFAH68CB,埔子段北門埔子小段,.03,都市：商
RPVRMLKKMHOFFAH88CB,埔子段北門埔子小段,5.51,都市：商
RPVRMLKKMHOFFAH88CB,埔子段北門埔子小段,3.59,都市：商
RPVRMLKKMHOFFAH88CB,埔子段北門埔子小段,.90,都市：商
RPVRMLKKMHOFFAH88CB,埔子段北門埔子小段,.05,都市：商
RPVRMLKKMHOFFAH88CB,埔子段北門埔子小段,.69,都市：商
RPVRMLKKMHOFFAH88CB,埔子段北門埔子小段,.03,都市：商
RPWRMLKKMHOFFAH98CB,埔子段北門埔子小段,.03,都市：商
RPWRMLKKMHOFFAH98CB,埔子段北門埔子小段,.02,都市：商
RPWRMLKKMHOFFAH98CB,埔子段北門埔子小段,.00,都市：商
RPWRMLKKMHOFFAH98CB,埔子段北門埔子小段,.00,都市：商
RPWRMLKKMHOFFAH98CB,埔子段北門埔子小段,.00,都市：商
RPWRMLKKMHOFFAH98CB,埔子段北門埔子小段,.00,都市：商
RPQSMLKKMHOFFAH48CB,埔子段北門埔子小段,5.59,都市：商
RPQSMLKKMHOFFAH48CB,埔子段北門埔子小段,3.64,都市：商
RPQSMLKKMHOFFAH48CB,埔子段北門埔子小段,.91,都市：商
RPQSMLKKMHOFFAH48CB,埔子段北門埔子小段,.05,都市：商
RPQSMLKKMHOFFAH48CB,埔子段北門埔子小段,.70,都市：商
RPQSMLKKMHOFFAH48CB,埔子段北門埔子小段,.03,都市：商
RPOSMLKKMHOFFAH28CB,埔子段北門埔子小段,5.32,都市：商
RPOSMLKKMHOFFAH28CB,埔子段北門埔子小段,3.47,都市：商
RPOSMLKKMHOFFAH28CB,埔子段北門埔子小段,.87,都市：商
RPOSMLKKMHOFFAH28CB,埔子段北門埔子小段,.05,都市：商
RPOSMLKKMHOFFAH28CB,埔子段北門埔子小段,.66,都市：商
RPOSMLKKMHOFFAH28CB,埔子段北門埔子小段,.03,都市：商
RPRSMLKKMHOFFAH58CB,埔子段北門埔子小段,5.52,都市：商
RPRSMLKKMHOFFAH58CB,埔子段北門埔子小段,3.60,都市：商
RPRSMLKKMHOFFAH58CB,埔子段北門埔子小段,.90,都市：商
RPRSMLKKMHOFFAH58CB,埔子段北門埔子小段,.05,都市：商
RPRSMLKKMHOFFAH58CB,埔子段北門埔子小段,.69,都市：商
RPRSMLKKMHOFFAH58CB,埔子段北門埔子小段,.03,都市：商
RPTSMLKKMHOFFAH78CB,埔子段北門埔子小段,5.42,都市：商
RPTSMLKKMHOFFAH78CB,埔子段北門埔子小段,3.54,都市：商
RPTSMLKKMHOFFAH78CB,埔子段北門埔子小段,.89,都市：商
RPTSMLKKMHOFFAH78CB,埔子段北門埔子小段,.05,都市：商
RPTSMLKKMHOFFAH78CB,埔子段北門埔子小段,.68,都市：商
RPTSMLKKMHOFFAH78CB,埔子段北門埔子小段,.03,都市：商
RPSSMLKKMHOFFAH68CB,埔子段北門埔子小段,7.20,都市：商
RPSSMLKKMHOFFAH68CB,埔子段北門埔子小段,4.77,都市：商
RPSSMLKKMHOFFAH68CB,埔子段北門埔子小段,1.19,都市：商
RPSSMLKKMHOFFAH68CB,埔子段北門埔子小段,.06,都市：商
RPSSMLKKMHOFFAH68CB,埔子段北門埔子小段,.91,都市：商
RPSSMLKKMHOFFAH68CB,埔子段北門埔子小段,.04,都市：商
RPPSMLKKMHOFFAH38CB,埔子段北門埔子小段,5.51,都市：商
RPPSMLKKMHOFFAH38CB,埔子段北門埔子小段,3.59,都市：商
RPPSMLKKMHOFFAH38CB,埔子段北門埔子小段,.90,都市：商
RPPSMLKKMHOFFAH38CB,埔子段北門埔子小段,.05,都市：商
RPPSMLKKMHOFFAH38CB,埔子段北門埔子小段,.69,都市：商
RPPSMLKKMHOFFAH38CB,埔子段北門埔子小段,.03,都市：商
RPUSMLKKMHOFFAH88CB,埔子段北門埔子小段,5.59,都市：商
RPUSMLKKMHOFFAH88CB,埔子段北門埔子小段,3.64,都市：商
RPUSMLKKMHOFFAH88CB,埔子段北門埔子小段,.91,都市：商
RPUSMLKKMHOFFAH88CB,埔子段北門埔子小段,.05,都市：商
RPUSMLKKMHOFFAH88CB,埔子段北門埔子小段,.70,都市：商
RPUSMLKKMHOFFAH88CB,埔子段北門埔子小段,.03,都市：商
RPWSMLKKMHOFFAH09CB,埔子段北門埔子小段,5.35,都市：商
RPWSMLKKMHOFFAH09CB,埔子段北門埔子小段,3.49,都市：商
RPWSMLKKMHOFFAH09CB,埔子段北門埔子小段,.87,都市：商
RPWSMLKKMHOFFAH09CB,埔子段北門埔子小段,.05,都市：商
RPWSMLKKMHOFFAH09CB,埔子段北門埔子小段,.67,都市：商
RPWSMLKKMHOFFAH09CB,埔子段北門埔子小段,.03,都市：商
RPOTMLKKMHOFFAH38CB,埔子段北門埔子小段,5.48,都市：商
RPOTMLKKMHOFFAH38CB,埔子段北門埔子小段,3.57,都市：商
RPOTMLKKMHOFFAH38CB,埔子段北門埔子小段,.89,都市：商
RPOTMLKKMHOFFAH38CB,埔子段北門埔子小段,.05,都市：商
RPOTMLKKMHOFFAH38CB,埔子段北門埔子小段,.68,都市：商
RPOTMLKKMHOFFAH38CB,埔子段北門埔子小段,.03,都市：商
RPPTMLKKMHOFFAH48CB,埔子段北門埔子小段,5.59,都市：商
RPPTMLKKMHOFFAH48CB,埔子段北門埔子小段,3.64,都市：商
RPPTMLKKMHOFFAH48CB,埔子段北門埔子小段,.91,都市：商
RPPTMLKKMHOFFAH48CB,埔子段北門埔子小段,.05,都市：商
RPPTMLKKMHOFFAH48CB,埔子段北門埔子小段,.70,都市：商
RPPTMLKKMHOFFAH48CB,埔子段北門埔子小段,.03,都市：商
RPQTMLKKMHOFFAH58CB,埔子段北門埔子小段,5.42,都市：商
RPQTMLKKMHOFFAH58CB,埔子段北門埔子小段,3.54,都市：商
RPQTMLKKMHOFFAH58CB,埔子段北門埔子小段,.89,都市：商
RPQTMLKKMHOFFAH58CB,埔子段北門埔子小段,.05,都市：商
RPQTMLKKMHOFFAH58CB,埔子段北門埔子小段,.68,都市：商
RPQTMLKKMHOFFAH58CB,埔子段北門埔子小段,.03,都市：商
RPRTMLKKMHOFFAH68CB,埔子段北門埔子小段,5.59,都市：商
RPRTMLKKMHOFFAH68CB,埔子段北門埔子小段,3.64,都市：商
RPRTMLKKMHOFFAH68CB,埔子段北門埔子小段,.91,都市：商
RPRTMLKKMHOFFAH68CB,埔子段北門埔子小段,.05,都市：商
RPRTMLKKMHOFFAH68CB,埔子段北門埔子小段,.70,都市：商
RPRTMLKKMHOFFAH68CB,埔子段北門埔子小段,.03,都市：商
RPXSMLKKMHOFFAH56CB,埔子段北門埔子小段,5.20,都市：商
RPXSMLKKMHOFFAH56CB,埔子段北門埔子小段,3.39,都市：商
RPXSMLKKMHOFFAH56CB,埔子段北門埔子小段,.85,都市：商
RPXSMLKKMHOFFAH56CB,埔子段北門埔子小段,.04,都市：商
RPXSMLKKMHOFFAH56CB,埔子段北門埔子小段,.65,都市：商
RPXSMLKKMHOFFAH56CB,埔子段北門埔子小段,.03,都市：商
RPWTMLKKMHOFFAH56CB,埔子段北門埔子小段,4.80,都市：商
RPWTMLKKMHOFFAH56CB,埔子段北門埔子小段,3.13,都市：商
RPWTMLKKMHOFFAH56CB,埔子段北門埔子小段,.78,都市：商
RPWTMLKKMHOFFAH56CB,埔子段北門埔子小段,.04,都市：商
RPWTMLKKMHOFFAH56CB,埔子段北門埔子小段,.60,都市：商
RPWTMLKKMHOFFAH56CB,埔子段北門埔子小段,.02,都市：商
RPTTMLKKMHOFFAH88CB,埔子段北門埔子小段,5.40,都市：商
RPTTMLKKMHOFFAH88CB,埔子段北門埔子小段,3.52,都市：商
RPTTMLKKMHOFFAH88CB,埔子段北門埔子小段,.88,都市：商
RPTTMLKKMHOFFAH88CB,埔子段北門埔子小段,.05,都市：商
RPTTMLKKMHOFFAH88CB,埔子段北門埔子小段,.67,都市：商
RPTTMLKKMHOFFAH88CB,埔子段北門埔子小段,.03,都市：商
RPUTMLKKMHOFFAH98CB,埔子段北門埔子小段,5.65,都市：商
RPUTMLKKMHOFFAH98CB,埔子段北門埔子小段,3.68,都市：商
RPUTMLKKMHOFFAH98CB,埔子段北門埔子小段,.92,都市：商
RPUTMLKKMHOFFAH98CB,埔子段北門埔子小段,.05,都市：商
RPUTMLKKMHOFFAH98CB,埔子段北門埔子小段,.70,都市：商
RPUTMLKKMHOFFAH98CB,埔子段北門埔子小段,.03,都市：商
RPOUMLKKMHOFFAH48CB,埔子段北門埔子小段,5.42,都市：商
RPOUMLKKMHOFFAH48CB,埔子段北門埔子小段,3.54,都市：商
RPOUMLKKMHOFFAH48CB,埔子段北門埔子小段,.89,都市：商
RPOUMLKKMHOFFAH48CB,埔子段北門埔子小段,.05,都市：商
RPOUMLKKMHOFFAH48CB,埔子段北門埔子小段,.68,都市：商
RPOUMLKKMHOFFAH48CB,埔子段北門埔子小段,.03,都市：商
RPXTMLKKMHOFFAH66CB,埔子段北門埔子小段,6.98,都市：商
RPXTMLKKMHOFFAH66CB,埔子段北門埔子小段,4.55,都市：商
RPXTMLKKMHOFFAH66CB,埔子段北門埔子小段,1.14,都市：商
RPXTMLKKMHOFFAH66CB,埔子段北門埔子小段,.06,都市：商
RPXTMLKKMHOFFAH66CB,埔子段北門埔子小段,.87,都市：商
RPXTMLKKMHOFFAH66CB,埔子段北門埔子小段,.04,都市：商
RPVTMLKKMHOFFAH09CB,埔子段北門埔子小段,5.02,都市：商
RPVTMLKKMHOFFAH09CB,埔子段北門埔子小段,3.27,都市：商
RPVTMLKKMHOFFAH09CB,埔子段北門埔子小段,.82,都市：商
RPVTMLKKMHOFFAH09CB,埔子段北門埔子小段,.04,都市：商
RPVTMLKKMHOFFAH09CB,埔子段北門埔子小段,.62,都市：商
RPVTMLKKMHOFFAH09CB,埔子段北門埔子小段,.03,都市：商
RPPUMLKKMHOFFAH58CB,埔子段北門埔子小段,5.59,都市：商
RPPUMLKKMHOFFAH58CB,埔子段北門埔子小段,3.64,都市：商
RPPUMLKKMHOFFAH58CB,埔子段北門埔子小段,.91,都市：商
RPPUMLKKMHOFFAH58CB,埔子段北門埔子小段,.05,都市：商
RPPUMLKKMHOFFAH58CB,埔子段北門埔子小段,.70,都市：商
RPPUMLKKMHOFFAH58CB,埔子段北門埔子小段,.03,都市：商
RPQUMLKKMHOFFAH68CB,埔子段北門埔子小段,5.39,都市：商
RPQUMLKKMHOFFAH68CB,埔子段北門埔子小段,3.51,都市：商
RPQUMLKKMHOFFAH68CB,埔子段北門埔子小段,.88,都市：商
RPQUMLKKMHOFFAH68CB,埔子段北門埔子小段,.05,都市：商
RPQUMLKKMHOFFAH68CB,埔子段北門埔子小段,.67,都市：商
RPQUMLKKMHOFFAH68CB,埔子段北門埔子小段,.03,都市：商
RPTUMLKKMHOFFAH98CB,埔子段北門埔子小段,7.31,都市：商
RPTUMLKKMHOFFAH98CB,埔子段北門埔子小段,4.77,都市：商
RPTUMLKKMHOFFAH98CB,埔子段北門埔子小段,1.19,都市：商
RPRUMLKKMHOFFAH78CB,埔子段北門埔子小段,6.75,都市：商
RPTUMLKKMHOFFAH98CB,埔子段北門埔子小段,.06,都市：商
RPTUMLKKMHOFFAH98CB,埔子段北門埔子小段,.91,都市：商
RPTUMLKKMHOFFAH98CB,埔子段北門埔子小段,.04,都市：商
RPRUMLKKMHOFFAH78CB,埔子段北門埔子小段,4.40,都市：商
RPRUMLKKMHOFFAH78CB,埔子段北門埔子小段,1.10,都市：商
RPRUMLKKMHOFFAH78CB,埔子段北門埔子小段,.06,都市：商
RPRUMLKKMHOFFAH78CB,埔子段北門埔子小段,.84,都市：商
RPRUMLKKMHOFFAH78CB,埔子段北門埔子小段,.03,都市：商
RPUUMLKKMHOFFAH09CB,埔子段北門埔子小段,5.49,都市：商
RPUUMLKKMHOFFAH09CB,埔子段北門埔子小段,3.58,都市：商
RPUUMLKKMHOFFAH09CB,埔子段北門埔子小段,.90,都市：商
RPUUMLKKMHOFFAH09CB,埔子段北門埔子小段,.05,都市：商
RPUUMLKKMHOFFAH09CB,埔子段北門埔子小段,.68,都市：商
RPUUMLKKMHOFFAH09CB,埔子段北門埔子小段,.03,都市：商
RPSUMLKKMHOFFAH88CB,埔子段北門埔子小段,5.60,都市：商
RPSUMLKKMHOFFAH88CB,埔子段北門埔子小段,3.65,都市：商
RPSUMLKKMHOFFAH88CB,埔子段北門埔子小段,.91,都市：商
RPSUMLKKMHOFFAH88CB,埔子段北門埔子小段,.05,都市：商
RPSUMLKKMHOFFAH88CB,埔子段北門埔子小段,.70,都市：商
RPSUMLKKMHOFFAH88CB,埔子段北門埔子小段,.03,都市：商
RPVUMLKKMHOFFAH56CB,埔子段北門埔子小段,5.49,都市：商
RPVUMLKKMHOFFAH56CB,埔子段北門埔子小段,3.58,都市：商
RPVUMLKKMHOFFAH56CB,埔子段北門埔子小段,.90,都市：商
RPVUMLKKMHOFFAH56CB,埔子段北門埔子小段,.05,都市：商
RPVUMLKKMHOFFAH56CB,埔子段北門埔子小段,.68,都市：商
RPVUMLKKMHOFFAH56CB,埔子段北門埔子小段,.03,都市：商
RPWUMLKKMHOFFAH66CB,埔子段北門埔子小段,5.51,都市：商
RPWUMLKKMHOFFAH66CB,埔子段北門埔子小段,3.59,都市：商
RPWUMLKKMHOFFAH66CB,埔子段北門埔子小段,.90,都市：商
RPWUMLKKMHOFFAH66CB,埔子段北門埔子小段,.05,都市：商
RPWUMLKKMHOFFAH66CB,埔子段北門埔子小段,.69,都市：商
RPWUMLKKMHOFFAH66CB,埔子段北門埔子小段,.03,都市：商
RPPVMLKKMHOFFAH68CB,埔子段北門埔子小段,5.60,都市：商
RPPVMLKKMHOFFAH68CB,埔子段北門埔子小段,3.65,都市：商
RPPVMLKKMHOFFAH68CB,埔子段北門埔子小段,.91,都市：商
RPPVMLKKMHOFFAH68CB,埔子段北門埔子小段,.05,都市：商
RPPVMLKKMHOFFAH68CB,埔子段北門埔子小段,.70,都市：商
RPPVMLKKMHOFFAH68CB,埔子段北門埔子小段,.03,都市：商
RPRVMLKKMHOFFAH88CB,埔子段北門埔子小段,4.80,都市：商
RPRVMLKKMHOFFAH88CB,埔子段北門埔子小段,3.13,都市：商
RPRVMLKKMHOFFAH88CB,埔子段北門埔子小段,.78,都市：商
RPRVMLKKMHOFFAH88CB,埔子段北門埔子小段,.04,都市：商
RPRVMLKKMHOFFAH88CB,埔子段北門埔子小段,.60,都市：商
RPRVMLKKMHOFFAH88CB,埔子段北門埔子小段,.02,都市：商
RPXUMLKKMHOFFAH76CB,埔子段北門埔子小段,5.24,都市：商
RPXUMLKKMHOFFAH76CB,埔子段北門埔子小段,3.42,都市：商
RPXUMLKKMHOFFAH76CB,埔子段北門埔子小段,.86,都市：商
RPXUMLKKMHOFFAH76CB,埔子段北門埔子小段,.05,都市：商
RPXUMLKKMHOFFAH76CB,埔子段北門埔子小段,.65,都市：商
RPXUMLKKMHOFFAH76CB,埔子段北門埔子小段,.03,都市：商
RPVVMLKKMHOFFAH66CB,埔子段北門埔子小段,5.42,都市：商
RPVVMLKKMHOFFAH66CB,埔子段北門埔子小段,3.54,都市：商
RPTVMLKKMHOFFAH09CB,埔子段北門埔子小段,5.51,都市：商
RPVVMLKKMHOFFAH66CB,埔子段北門埔子小段,.89,都市：商
RPTVMLKKMHOFFAH09CB,埔子段北門埔子小段,3.59,都市：商
RPTVMLKKMHOFFAH09CB,埔子段北門埔子小段,.90,都市：商
RPTVMLKKMHOFFAH09CB,埔子段北門埔子小段,.05,都市：商
RPVVMLKKMHOFFAH66CB,埔子段北門埔子小段,.05,都市：商
RPTVMLKKMHOFFAH09CB,埔子段北門埔子小段,.69,都市：商
RPVVMLKKMHOFFAH66CB,埔子段北門埔子小段,.68,都市：商
RPTVMLKKMHOFFAH09CB,埔子段北門埔子小段,.03,都市：商
RPVVMLKKMHOFFAH66CB,埔子段北門埔子小段,.03,都市：商
RPSVMLKKMHOFFAH98CB,埔子段北門埔子小段,5.65,都市：商
RPSVMLKKMHOFFAH98CB,埔子段北門埔子小段,3.68,都市：商
RPSVMLKKMHOFFAH98CB,埔子段北門埔子小段,.92,都市：商
RPSVMLKKMHOFFAH98CB,埔子段北門埔子小段,.05,都市：商
RPSVMLKKMHOFFAH98CB,埔子段北門埔子小段,.70,都市：商
RPSVMLKKMHOFFAH98CB,埔子段北門埔子小段,.03,都市：商
RPUVMLKKMHOFFAH56CB,埔子段北門埔子小段,5.02,都市：商
RPUVMLKKMHOFFAH56CB,埔子段北門埔子小段,3.27,都市：商
RPUVMLKKMHOFFAH56CB,埔子段北門埔子小段,.82,都市：商
RPUVMLKKMHOFFAH56CB,埔子段北門埔子小段,.04,都市：商
RPUVMLKKMHOFFAH56CB,埔子段北門埔子小段,.62,都市：商
RPUVMLKKMHOFFAH56CB,埔子段北門埔子小段,.03,都市：商
RPOVMLKKMHOFFAH58CB,埔子段北門埔子小段,5.65,都市：商
RPOVMLKKMHOFFAH58CB,埔子段北門埔子小段,3.68,都市：商
RPOVMLKKMHOFFAH58CB,埔子段北門埔子小段,.92,都市：商
RPOVMLKKMHOFFAH58CB,埔子段北門埔子小段,.05,都市：商
RPOVMLKKMHOFFAH58CB,埔子段北門埔子小段,.70,都市：商
RPOVMLKKMHOFFAH58CB,埔子段北門埔子小段,.03,都市：商
RPOWMLKKMHOFFAH68CB,埔子段北門埔子小段,5.60,都市：商
RPOWMLKKMHOFFAH68CB,埔子段北門埔子小段,3.65,都市：商
RPOWMLKKMHOFFAH68CB,埔子段北門埔子小段,.91,都市：商
RPOWMLKKMHOFFAH68CB,埔子段北門埔子小段,.05,都市：商
RPOWMLKKMHOFFAH68CB,埔子段北門埔子小段,.70,都市：商
RPOWMLKKMHOFFAH68CB,埔子段北門埔子小段,.03,都市：商
RPPWMLKKMHOFFAH78CB,埔子段北門埔子小段,4.80,都市：商
RPPWMLKKMHOFFAH78CB,埔子段北門埔子小段,3.13,都市：商
RPPWMLKKMHOFFAH78CB,埔子段北門埔子小段,.78,都市：商
RPPWMLKKMHOFFAH78CB,埔子段北門埔子小段,.04,都市：商
RPPWMLKKMHOFFAH78CB,埔子段北門埔子小段,.60,都市：商
RPPWMLKKMHOFFAH78CB,埔子段北門埔子小段,.02,都市：商
RPWVMLKKMHOFFAH76CB,埔子段北門埔子小段,6.75,都市：商
RPWVMLKKMHOFFAH76CB,埔子段北門埔子小段,4.40,都市：商
RPWVMLKKMHOFFAH76CB,埔子段北門埔子小段,1.10,都市：商
RPWVMLKKMHOFFAH76CB,埔子段北門埔子小段,.06,都市：商
RPWVMLKKMHOFFAH76CB,埔子段北門埔子小段,.84,都市：商
RPWVMLKKMHOFFAH76CB,埔子段北門埔子小段,.03,都市：商
RPRWMLKKMHOFFAH98CB,埔子段北門埔子小段,5.53,都市：商
RPRWMLKKMHOFFAH98CB,埔子段北門埔子小段,3.61,都市：商
RPRWMLKKMHOFFAH98CB,埔子段北門埔子小段,.90,都市：商
RPRWMLKKMHOFFAH98CB,埔子段北門埔子小段,.05,都市：商
RPRWMLKKMHOFFAH98CB,埔子段北門埔子小段,.69,都市：商
RPRWMLKKMHOFFAH98CB,埔子段北門埔子小段,.03,都市：商
RPQWMLKKMHOFFAH88CB,埔子段北門埔子小段,5.59,都市：商
RPQWMLKKMHOFFAH88CB,埔子段北門埔子小段,3.64,都市：商
RPQWMLKKMHOFFAH88CB,埔子段北門埔子小段,.91,都市：商
RPQWMLKKMHOFFAH88CB,埔子段北門埔子小段,.05,都市：商
RPQWMLKKMHOFFAH88CB,埔子段北門埔子小段,.70,都市：商
RPQWMLKKMHOFFAH88CB,埔子段北門埔子小段,.03,都市：商
RPUWMLKKMHOFFAH66CB,埔子段北門埔子小段,5.60,都市：商
RPUWMLKKMHOFFAH66CB,埔子段北門埔子小段,3.65,都市：商
RPUWMLKKMHOFFAH66CB,埔子段北門埔子小段,.91,都市：商
RPUWMLKKMHOFFAH66CB,埔子段北門埔子小段,.05,都市：商
RPUWMLKKMHOFFAH66CB,埔子段北門埔子小段,.70,都市：商
RPUWMLKKMHOFFAH66CB,埔子段北門埔子小段,.03,都市：商
RPXVMLKKMHOFFAH86CB,埔子段北門埔子小段,6.75,都市：商
RPXVMLKKMHOFFAH86CB,埔子段北門埔子小段,4.40,都市：商
RPXVMLKKMHOFFAH86CB,埔子段北門埔子小段,1.10,都市：商
RPXVMLKKMHOFFAH86CB,埔子段北門埔子小段,.06,都市：商
RPXVMLKKMHOFFAH86CB,埔子段北門埔子小段,.84,都市：商
RPXVMLKKMHOFFAH86CB,埔子段北門埔子小段,.03,都市：商
RPTWMLKKMHOFFAH56CB,埔子段北門埔子小段,8.68,都市：商
RPTWMLKKMHOFFAH56CB,埔子段北門埔子小段,5.66,都市：商
RPTWMLKKMHOFFAH56CB,埔子段北門埔子小段,1.42,都市：商
RPTWMLKKMHOFFAH56CB,埔子段北門埔子小段,.07,都市：商
RPTWMLKKMHOFFAH56CB,埔子段北門埔子小段,1.08,都市：商
RPTWMLKKMHOFFAH56CB,埔子段北門埔子小段,.04,都市：商
RPVWMLKKMHOFFAH76CB,埔子段北門埔子小段,6.75,都市：商
RPVWMLKKMHOFFAH76CB,埔子段北門埔子小段,4.40,都市：商
RPVWMLKKMHOFFAH76CB,埔子段北門埔子小段,1.10,都市：商
RPVWMLKKMHOFFAH76CB,埔子段北門埔子小段,.06,都市：商
RPVWMLKKMHOFFAH76CB,埔子段北門埔子小段,.84,都市：商
RPVWMLKKMHOFFAH76CB,埔子段北門埔子小段,.03,都市：商
RPSWMLKKMHOFFAH09CB,埔子段北門埔子小段,5.02,都市：商
RPSWMLKKMHOFFAH09CB,埔子段北門埔子小段,3.27,都市：商
RPSWMLKKMHOFFAH09CB,埔子段北門埔子小段,.82,都市：商
RPSWMLKKMHOFFAH09CB,埔子段北門埔子小段,.04,都市：商
RPSWMLKKMHOFFAH09CB,埔子段北門埔子小段,.62,都市：商
RPSWMLKKMHOFFAH09CB,埔子段北門埔子小段,.03,都市：商
RPWWMLKKMHOFFAH86CB,埔子段北門埔子小段,5.35,都市：商
RPWWMLKKMHOFFAH86CB,埔子段北門埔子小段,3.49,都市：商
RPWWMLKKMHOFFAH86CB,埔子段北門埔子小段,.87,都市：商
RPWWMLKKMHOFFAH86CB,埔子段北門埔子小段,.05,都市：商
RPWWMLKKMHOFFAH86CB,埔子段北門埔子小段,.67,都市：商
RPWWMLKKMHOFFAH86CB,埔子段北門埔子小段,.03,都市：商
RPQNNLKKMHOFFAH08CB,埔子段北門埔子小段,5.51,都市：商
RPQNNLKKMHOFFAH08CB,埔子段北門埔子小段,3.59,都市：商
RPQNNLKKMHOFFAH08CB,埔子段北門埔子小段,.90,都市：商
RPQNNLKKMHOFFAH08CB,埔子段北門埔子小段,.05,都市：商
RPQNNLKKMHOFFAH08CB,埔子段北門埔子小段,.69,都市：商
RPQNNLKKMHOFFAH08CB,埔子段北門埔子小段,.03,都市：商
RPPNNLKKMHOFFAH97CB,埔子段北門埔子小段,6.75,都市：商
RPPNNLKKMHOFFAH97CB,埔子段北門埔子小段,4.40,都市：商
RPPNNLKKMHOFFAH97CB,埔子段北門埔子小段,1.10,都市：商
RPPNNLKKMHOFFAH97CB,埔子段北門埔子小段,.06,都市：商
RPPNNLKKMHOFFAH97CB,埔子段北門埔子小段,.84,都市：商
RPPNNLKKMHOFFAH97CB,埔子段北門埔子小段,.03,都市：商
RPONNLKKMHOFFAH87CB,埔子段北門埔子小段,5.51,都市：商
RPONNLKKMHOFFAH87CB,埔子段北門埔子小段,3.59,都市：商
RPONNLKKMHOFFAH87CB,埔子段北門埔子小段,.90,都市：商
RPONNLKKMHOFFAH87CB,埔子段北門埔子小段,.05,都市：商
RPONNLKKMHOFFAH87CB,埔子段北門埔子小段,.69,都市：商
RPONNLKKMHOFFAH87CB,埔子段北門埔子小段,.03,都市：商
RPRNNLKKMHOFFAH18CB,埔子段北門埔子小段,5.51,都市：商
RPRNNLKKMHOFFAH18CB,埔子段北門埔子小段,3.76,都市：商
RPRNNLKKMHOFFAH18CB,埔子段北門埔子小段,.90,都市：商
RPRNNLKKMHOFFAH18CB,埔子段北門埔子小段,.05,都市：商
RPRNNLKKMHOFFAH18CB,埔子段北門埔子小段,.69,都市：商
RPRNNLKKMHOFFAH18CB,埔子段北門埔子小段,.03,都市：商
RPSNNLKKMHOFFAH28CB,埔子段北門埔子小段,5.65,都市：商
RPTNNLKKMHOFFAH38CB,埔子段北門埔子小段,5.65,都市：商
RPSNNLKKMHOFFAH28CB,埔子段北門埔子小段,3.68,都市：商
RPTNNLKKMHOFFAH38CB,埔子段北門埔子小段,3.68,都市：商
RPSNNLKKMHOFFAH28CB,埔子段北門埔子小段,.92,都市：商
RPTNNLKKMHOFFAH38CB,埔子段北門埔子小段,.92,都市：商
RPSNNLKKMHOFFAH28CB,埔子段北門埔子小段,.05,都市：商
RPSNNLKKMHOFFAH28CB,埔子段北門埔子小段,.70,都市：商
RPSNNLKKMHOFFAH28CB,埔子段北門埔子小段,.03,都市：商
RPTNNLKKMHOFFAH38CB,埔子段北門埔子小段,.05,都市：商
RPTNNLKKMHOFFAH38CB,埔子段北門埔子小段,.70,都市：商
RPTNNLKKMHOFFAH38CB,埔子段北門埔子小段,.03,都市：商
RPUNNLKKMHOFFAH48CB,埔子段北門埔子小段,7.31,都市：商
RPUNNLKKMHOFFAH48CB,埔子段北門埔子小段,4.77,都市：商
RPUNNLKKMHOFFAH48CB,埔子段北門埔子小段,1.19,都市：商
RPUNNLKKMHOFFAH48CB,埔子段北門埔子小段,.06,都市：商
RPUNNLKKMHOFFAH48CB,埔子段北門埔子小段,.91,都市：商
RPUNNLKKMHOFFAH48CB,埔子段北門埔子小段,.04,都市：商
RPXWMLKKMHOFFAH96CB,埔子段北門埔子小段,4.80,都市：商
RPXWMLKKMHOFFAH96CB,埔子段北門埔子小段,3.28,都市：商
RPXWMLKKMHOFFAH96CB,埔子段北門埔子小段,.78,都市：商
RPXWMLKKMHOFFAH96CB,埔子段北門埔子小段,.04,都市：商
RPXWMLKKMHOFFAH96CB,埔子段北門埔子小段,.60,都市：商
RPXWMLKKMHOFFAH96CB,埔子段北門埔子小段,.02,都市：商
RPVNNLKKMHOFFAH58CB,埔子段北門埔子小段,5.02,都市：商
RPVNNLKKMHOFFAH58CB,埔子段北門埔子小段,3.27,都市：商
RPVNNLKKMHOFFAH58CB,埔子段北門埔子小段,.82,都市：商
RPVNNLKKMHOFFAH58CB,埔子段北門埔子小段,.04,都市：商
RPVNNLKKMHOFFAH58CB,埔子段北門埔子小段,.62,都市：商
RPVNNLKKMHOFFAH58CB,埔子段北門埔子小段,.03,都市：商
RPWNNLKKMHOFFAH68CB,埔子段北門埔子小段,7.44,都市：商
RPWNNLKKMHOFFAH68CB,埔子段北門埔子小段,4.85,都市：商
RPWNNLKKMHOFFAH68CB,埔子段北門埔子小段,1.21,都市：商
RPWNNLKKMHOFFAH68CB,埔子段北門埔子小段,.06,都市：商
RPWNNLKKMHOFFAH68CB,埔子段北門埔子小段,.93,都市：商
RPWNNLKKMHOFFAH68CB,埔子段北門埔子小段,.04,都市：商
RPRONLKKMHOFFAH28CB,埔子段北門埔子小段,5.49,都市：商
RPRONLKKMHOFFAH28CB,埔子段北門埔子小段,3.58,都市：商
RPRONLKKMHOFFAH28CB,埔子段北門埔子小段,.90,都市：商
RPRONLKKMHOFFAH28CB,埔子段北門埔子小段,.05,都市：商
RPRONLKKMHOFFAH28CB,埔子段北門埔子小段,.68,都市：商
RPRONLKKMHOFFAH28CB,埔子段北門埔子小段,.03,都市：商
RPXNNLKKMHOFFAH78CB,埔子段北門埔子小段,5.49,都市：商
RPXNNLKKMHOFFAH78CB,埔子段北門埔子小段,3.58,都市：商
RPXNNLKKMHOFFAH78CB,埔子段北門埔子小段,.90,都市：商
RPXNNLKKMHOFFAH78CB,埔子段北門埔子小段,.05,都市：商
RPXNNLKKMHOFFAH78CB,埔子段北門埔子小段,.68,都市：商
RPXNNLKKMHOFFAH78CB,埔子段北門埔子小段,.03,都市：商
RPQONLKKMHOFFAH18CB,埔子段北門埔子小段,5.40,都市：商
RPQONLKKMHOFFAH18CB,埔子段北門埔子小段,3.52,都市：商
RPQONLKKMHOFFAH18CB,埔子段北門埔子小段,.88,都市：商
RPQONLKKMHOFFAH18CB,埔子段北門埔子小段,.05,都市：商
RPQONLKKMHOFFAH18CB,埔子段北門埔子小段,.67,都市：商
RPQONLKKMHOFFAH18CB,埔子段北門埔子小段,.03,都市：商
RPOONLKKMHOFFAH97CB,埔子段北門埔子小段,5.51,都市：商
RPOONLKKMHOFFAH97CB,埔子段北門埔子小段,3.59,都市：商
RPOONLKKMHOFFAH97CB,埔子段北門埔子小段,.90,都市：商
RPOONLKKMHOFFAH97CB,埔子段北門埔子小段,.05,都市：商
RPOONLKKMHOFFAH97CB,埔子段北門埔子小段,.69,都市：商
RPOONLKKMHOFFAH97CB,埔子段北門埔子小段,.03,都市：商
RPUONLKKMHOFFAH58CB,埔子段北門埔子小段,5.20,都市：商
RPUONLKKMHOFFAH58CB,埔子段北門埔子小段,3.39,都市：商
RPUONLKKMHOFFAH58CB,埔子段北門埔子小段,.85,都市：商
RPUONLKKMHOFFAH58CB,埔子段北門埔子小段,.04,都市：商
RPUONLKKMHOFFAH58CB,埔子段北門埔子小段,.65,都市：商
RPUONLKKMHOFFAH58CB,埔子段北門埔子小段,.03,都市：商
RPPONLKKMHOFFAH08CB,埔子段北門埔子小段,6.75,都市：商
RPPONLKKMHOFFAH08CB,埔子段北門埔子小段,4.40,都市：商
RPPONLKKMHOFFAH08CB,埔子段北門埔子小段,1.10,都市：商
RPPONLKKMHOFFAH08CB,埔子段北門埔子小段,.06,都市：商
RPPONLKKMHOFFAH08CB,埔子段北門埔子小段,.84,都市：商
RPPONLKKMHOFFAH08CB,埔子段北門埔子小段,.03,都市：商
RPSONLKKMHOFFAH38CB,埔子段北門埔子小段,5.39,都市：商
RPSONLKKMHOFFAH38CB,埔子段北門埔子小段,3.51,都市：商
RPSONLKKMHOFFAH38CB,埔子段北門埔子小段,.88,都市：商
RPSONLKKMHOFFAH38CB,埔子段北門埔子小段,.05,都市：商
RPSONLKKMHOFFAH38CB,埔子段北門埔子小段,.67,都市：商
RPSONLKKMHOFFAH38CB,埔子段北門埔子小段,.03,都市：商
RPVONLKKMHOFFAH68CB,埔子段北門埔子小段,5.51,都市：商
RPVONLKKMHOFFAH68CB,埔子段北門埔子小段,3.59,都市：商
RPVONLKKMHOFFAH68CB,埔子段北門埔子小段,.90,都市：商
RPVONLKKMHOFFAH68CB,埔子段北門埔子小段,.05,都市：商
RPVONLKKMHOFFAH68CB,埔子段北門埔子小段,.69,都市：商
RPVONLKKMHOFFAH68CB,埔子段北門埔子小段,.03,都市：商
RPTONLKKMHOFFAH48CB,埔子段北門埔子小段,5.49,都市：商
RPTONLKKMHOFFAH48CB,埔子段北門埔子小段,3.58,都市：商
RPTONLKKMHOFFAH48CB,埔子段北門埔子小段,.90,都市：商
RPTONLKKMHOFFAH48CB,埔子段北門埔子小段,.05,都市：商
RPTONLKKMHOFFAH48CB,埔子段北門埔子小段,.68,都市：商
RPTONLKKMHOFFAH48CB,埔子段北門埔子小段,.03,都市：商
RPWONLKKMHOFFAH78CB,埔子段北門埔子小段,4.80,都市：商
RPWONLKKMHOFFAH78CB,埔子段北門埔子小段,3.13,都市：商
RPWONLKKMHOFFAH78CB,埔子段北門埔子小段,.78,都市：商
RPWONLKKMHOFFAH78CB,埔子段北門埔子小段,.04,都市：商
RPWONLKKMHOFFAH78CB,埔子段北門埔子小段,.60,都市：商
RPWONLKKMHOFFAH78CB,埔子段北門埔子小段,.02,都市：商
RPOPNLKKMHOFFAH08CB,埔子段北門埔子小段,7.31,都市：商
RPOPNLKKMHOFFAH08CB,埔子段北門埔子小段,4.77,都市：商
RPOPNLKKMHOFFAH08CB,埔子段北門埔子小段,1.19,都市：商
RPOPNLKKMHOFFAH08CB,埔子段北門埔子小段,.06,都市：商
RPOPNLKKMHOFFAH08CB,埔子段北門埔子小段,.91,都市：商
RPOPNLKKMHOFFAH08CB,埔子段北門埔子小段,.04,都市：商
RPSPNLKKMHOFFAH48CB,埔子段北門埔子小段,5.52,都市：商
RPSPNLKKMHOFFAH48CB,埔子段北門埔子小段,3.60,都市：商
RPSPNLKKMHOFFAH48CB,埔子段北門埔子小段,.90,都市：商
RPSPNLKKMHOFFAH48CB,埔子段北門埔子小段,.05,都市：商
RPSPNLKKMHOFFAH48CB,埔子段北門埔子小段,.69,都市：商
RPSPNLKKMHOFFAH48CB,埔子段北門埔子小段,.03,都市：商
RPQPNLKKMHOFFAH28CB,埔子段北門埔子小段,5.51,都市：商
RPQPNLKKMHOFFAH28CB,埔子段北門埔子小段,3.59,都市：商
RPQPNLKKMHOFFAH28CB,埔子段北門埔子小段,.90,都市：商
RPQPNLKKMHOFFAH28CB,埔子段北門埔子小段,.05,都市：商
RPQPNLKKMHOFFAH28CB,埔子段北門埔子小段,.69,都市：商
RPQPNLKKMHOFFAH28CB,埔子段北門埔子小段,.03,都市：商
RPXONLKKMHOFFAH88CB,埔子段北門埔子小段,7.31,都市：商
RPXONLKKMHOFFAH88CB,埔子段北門埔子小段,4.77,都市：商
RPXONLKKMHOFFAH88CB,埔子段北門埔子小段,1.19,都市：商
RPXONLKKMHOFFAH88CB,埔子段北門埔子小段,.06,都市：商
RPXONLKKMHOFFAH88CB,埔子段北門埔子小段,.91,都市：商
RPXONLKKMHOFFAH88CB,埔子段北門埔子小段,.04,都市：商
RPPPNLKKMHOFFAH18CB,埔子段北門埔子小段,5.38,都市：商
RPPPNLKKMHOFFAH18CB,埔子段北門埔子小段,3.51,都市：商
RPPPNLKKMHOFFAH18CB,埔子段北門埔子小段,.88,都市：商
RPPPNLKKMHOFFAH18CB,埔子段北門埔子小段,.05,都市：商
RPPPNLKKMHOFFAH18CB,埔子段北門埔子小段,.67,都市：商
RPPPNLKKMHOFFAH18CB,埔子段北門埔子小段,.03,都市：商
RPWPNLKKMHOFFAH88CB,埔子段北門埔子小段,6.75,都市：商
RPWPNLKKMHOFFAH88CB,埔子段北門埔子小段,4.40,都市：商
RPWPNLKKMHOFFAH88CB,埔子段北門埔子小段,1.10,都市：商
RPWPNLKKMHOFFAH88CB,埔子段北門埔子小段,.06,都市：商
RPWPNLKKMHOFFAH88CB,埔子段北門埔子小段,.84,都市：商
RPWPNLKKMHOFFAH88CB,埔子段北門埔子小段,.03,都市：商
RPUPNLKKMHOFFAH68CB,埔子段北門埔子小段,5.35,都市：商
RPUPNLKKMHOFFAH68CB,埔子段北門埔子小段,3.49,都市：商
RPUPNLKKMHOFFAH68CB,埔子段北門埔子小段,.87,都市：商
RPUPNLKKMHOFFAH68CB,埔子段北門埔子小段,.05,都市：商
RPUPNLKKMHOFFAH68CB,埔子段北門埔子小段,.67,都市：商
RPUPNLKKMHOFFAH68CB,埔子段北門埔子小段,.03,都市：商
RPVPNLKKMHOFFAH78CB,埔子段北門埔子小段,5.47,都市：商
RPVPNLKKMHOFFAH78CB,埔子段北門埔子小段,3.57,都市：商
RPVPNLKKMHOFFAH78CB,埔子段北門埔子小段,.89,都市：商
RPVPNLKKMHOFFAH78CB,埔子段北門埔子小段,.05,都市：商
RPVPNLKKMHOFFAH78CB,埔子段北門埔子小段,.68,都市：商
RPVPNLKKMHOFFAH78CB,埔子段北門埔子小段,.03,都市：商
RPXPNLKKMHOFFAH98CB,埔子段北門埔子小段,5.02,都市：商
RPXPNLKKMHOFFAH98CB,埔子段北門埔子小段,3.27,都市：商
RPXPNLKKMHOFFAH98CB,埔子段北門埔子小段,.82,都市：商
RPXPNLKKMHOFFAH98CB,埔子段北門埔子小段,.04,都市：商
RPXPNLKKMHOFFAH98CB,埔子段北門埔子小段,.62,都市：商
RPXPNLKKMHOFFAH98CB,埔子段北門埔子小段,.03,都市：商
RPTPNLKKMHOFFAH58CB,埔子段北門埔子小段,5.49,都市：商
RPTPNLKKMHOFFAH58CB,埔子段北門埔子小段,3.58,都市：商
RPTPNLKKMHOFFAH58CB,埔子段北門埔子小段,.90,都市：商
RPTPNLKKMHOFFAH58CB,埔子段北門埔子小段,.05,都市：商
RPTPNLKKMHOFFAH58CB,埔子段北門埔子小段,.68,都市：商
RPTPNLKKMHOFFAH58CB,埔子段北門埔子小段,.03,都市：商
RPOQNLKKMHOFFAH18CB,埔子段北門埔子小段,6.04,都市：商
RPOQNLKKMHOFFAH18CB,埔子段北門埔子小段,3.94,都市：商
RPOQNLKKMHOFFAH18CB,埔子段北門埔子小段,.99,都市：商
RPOQNLKKMHOFFAH18CB,埔子段北門埔子小段,.05,都市：商
RPOQNLKKMHOFFAH18CB,埔子段北門埔子小段,.75,都市：商
RPOQNLKKMHOFFAH18CB,埔子段北門埔子小段,.03,都市：商
RPQQNLKKMHOFFAH38CB,埔子段北門埔子小段,5.20,都市：商
RPQQNLKKMHOFFAH38CB,埔子段北門埔子小段,3.39,都市：商
RPQQNLKKMHOFFAH38CB,埔子段北門埔子小段,.85,都市：商
RPQQNLKKMHOFFAH38CB,埔子段北門埔子小段,.04,都市：商
RPQQNLKKMHOFFAH38CB,埔子段北門埔子小段,.65,都市：商
RPQQNLKKMHOFFAH38CB,埔子段北門埔子小段,.03,都市：商
RPPQNLKKMHOFFAH28CB,埔子段北門埔子小段,5.35,都市：商
RPPQNLKKMHOFFAH28CB,埔子段北門埔子小段,3.49,都市：商
RPPQNLKKMHOFFAH28CB,埔子段北門埔子小段,.87,都市：商
RPPQNLKKMHOFFAH28CB,埔子段北門埔子小段,.05,都市：商
RPPQNLKKMHOFFAH28CB,埔子段北門埔子小段,.67,都市：商
RPPQNLKKMHOFFAH28CB,埔子段北門埔子小段,.03,都市：商
RPRQNLKKMHOFFAH48CB,埔子段北門埔子小段,5.39,都市：商
RPRQNLKKMHOFFAH48CB,埔子段北門埔子小段,3.51,都市：商
RPVQNLKKMHOFFAH88CB,埔子段北門埔子小段,5.48,都市：商
RPVQNLKKMHOFFAH88CB,埔子段北門埔子小段,3.57,都市：商
RPVQNLKKMHOFFAH88CB,埔子段北門埔子小段,.89,都市：商
RPVQNLKKMHOFFAH88CB,埔子段北門埔子小段,.05,都市：商
RPVQNLKKMHOFFAH88CB,埔子段北門埔子小段,.68,都市：商
RPVQNLKKMHOFFAH88CB,埔子段北門埔子小段,.03,都市：商
RPRQNLKKMHOFFAH48CB,埔子段北門埔子小段,.88,都市：商
RPRQNLKKMHOFFAH48CB,埔子段北門埔子小段,.05,都市：商
RPRQNLKKMHOFFAH48CB,埔子段北門埔子小段,.67,都市：商
RPRQNLKKMHOFFAH48CB,埔子段北門埔子小段,.03,都市：商
RPUQNLKKMHOFFAH78CB,埔子段北門埔子小段,5.59,都市：商
RPUQNLKKMHOFFAH78CB,埔子段北門埔子小段,3.64,都市：商
RPUQNLKKMHOFFAH78CB,埔子段北門埔子小段,.91,都市：商
RPUQNLKKMHOFFAH78CB,埔子段北門埔子小段,.05,都市：商
RPUQNLKKMHOFFAH78CB,埔子段北門埔子小段,.70,都市：商
RPUQNLKKMHOFFAH78CB,埔子段北門埔子小段,.03,都市：商
RPTQNLKKMHOFFAH68CB,埔子段北門埔子小段,5.65,都市：商
RPTQNLKKMHOFFAH68CB,埔子段北門埔子小段,3.68,都市：商
RPTQNLKKMHOFFAH68CB,埔子段北門埔子小段,.92,都市：商
RPTQNLKKMHOFFAH68CB,埔子段北門埔子小段,.05,都市：商
RPTQNLKKMHOFFAH68CB,埔子段北門埔子小段,.70,都市：商
RPTQNLKKMHOFFAH68CB,埔子段北門埔子小段,.03,都市：商
RPXQNLKKMHOFFAH09CB,埔子段北門埔子小段,5.52,都市：商
RPXQNLKKMHOFFAH09CB,埔子段北門埔子小段,3.60,都市：商
RPXQNLKKMHOFFAH09CB,埔子段北門埔子小段,.90,都市：商
RPXQNLKKMHOFFAH09CB,埔子段北門埔子小段,.05,都市：商
RPXQNLKKMHOFFAH09CB,埔子段北門埔子小段,.69,都市：商
RPXQNLKKMHOFFAH09CB,埔子段北門埔子小段,.03,都市：商
RPWQNLKKMHOFFAH98CB,埔子段北門埔子小段,5.39,都市：商
RPWQNLKKMHOFFAH98CB,埔子段北門埔子小段,3.51,都市：商
RPWQNLKKMHOFFAH98CB,埔子段北門埔子小段,.88,都市：商
RPWQNLKKMHOFFAH98CB,埔子段北門埔子小段,.05,都市：商
RPWQNLKKMHOFFAH98CB,埔子段北門埔子小段,.67,都市：商
RPWQNLKKMHOFFAH98CB,埔子段北門埔子小段,.03,都市：商
RPORNLKKMHOFFAH28CB,埔子段北門埔子小段,5.42,都市：商
RPORNLKKMHOFFAH28CB,埔子段北門埔子小段,3.54,都市：商
RPORNLKKMHOFFAH28CB,埔子段北門埔子小段,.89,都市：商
RPORNLKKMHOFFAH28CB,埔子段北門埔子小段,.05,都市：商
RPORNLKKMHOFFAH28CB,埔子段北門埔子小段,.68,都市：商
RPORNLKKMHOFFAH28CB,埔子段北門埔子小段,.03,都市：商
RPPRNLKKMHOFFAH38CB,埔子段北門埔子小段,5.02,都市：商
RPPRNLKKMHOFFAH38CB,埔子段北門埔子小段,3.27,都市：商
RPPRNLKKMHOFFAH38CB,埔子段北門埔子小段,.82,都市：商
RPPRNLKKMHOFFAH38CB,埔子段北門埔子小段,.04,都市：商
RPPRNLKKMHOFFAH38CB,埔子段北門埔子小段,.62,都市：商
RPPRNLKKMHOFFAH38CB,埔子段北門埔子小段,.03,都市：商
RPQRNLKKMHOFFAH48CB,埔子段北門埔子小段,5.02,都市：商
RPQRNLKKMHOFFAH48CB,埔子段北門埔子小段,3.27,都市：商
RPQRNLKKMHOFFAH48CB,埔子段北門埔子小段,.82,都市：商
RPQRNLKKMHOFFAH48CB,埔子段北門埔子小段,.04,都市：商
RPQRNLKKMHOFFAH48CB,埔子段北門埔子小段,.62,都市：商
RPQRNLKKMHOFFAH48CB,埔子段北門埔子小段,.03,都市：商
RPSRNLKKMHOFFAH68CB,埔子段北門埔子小段,5.02,都市：商
RPSRNLKKMHOFFAH68CB,埔子段北門埔子小段,3.27,都市：商
RPSRNLKKMHOFFAH68CB,埔子段北門埔子小段,.82,都市：商
RPSRNLKKMHOFFAH68CB,埔子段北門埔子小段,.04,都市：商
RPSRNLKKMHOFFAH68CB,埔子段北門埔子小段,.62,都市：商
RPSRNLKKMHOFFAH68CB,埔子段北門埔子小段,.03,都市：商
RPRRNLKKMHOFFAH58CB,埔子段北門埔子小段,5.02,都市：商
RPRRNLKKMHOFFAH58CB,埔子段北門埔子小段,3.27,都市：商
RPRRNLKKMHOFFAH58CB,埔子段北門埔子小段,.82,都市：商
RPRRNLKKMHOFFAH58CB,埔子段北門埔子小段,.04,都市：商
RPRRNLKKMHOFFAH58CB,埔子段北門埔子小段,.62,都市：商
RPRRNLKKMHOFFAH58CB,埔子段北門埔子小段,.03,都市：商
RPWRNLKKMHOFFAH09CB,埔子段北門埔子小段,4.80,都市：商
RPWRNLKKMHOFFAH09CB,埔子段北門埔子小段,3.13,都市：商
RPWRNLKKMHOFFAH09CB,埔子段北門埔子小段,.78,都市：商
RPWRNLKKMHOFFAH09CB,埔子段北門埔子小段,.04,都市：商
RPWRNLKKMHOFFAH09CB,埔子段北門埔子小段,.60,都市：商
RPWRNLKKMHOFFAH09CB,埔子段北門埔子小段,.02,都市：商
RPTRNLKKMHOFFAH78CB,埔子段北門埔子小段,5.60,都市：商
RPTRNLKKMHOFFAH78CB,埔子段北門埔子小段,3.65,都市：商
RPTRNLKKMHOFFAH78CB,埔子段北門埔子小段,.91,都市：商
RPTRNLKKMHOFFAH78CB,埔子段北門埔子小段,.05,都市：商
RPTRNLKKMHOFFAH78CB,埔子段北門埔子小段,.70,都市：商
RPTRNLKKMHOFFAH78CB,埔子段北門埔子小段,.03,都市：商
RPVRNLKKMHOFFAH98CB,埔子段北門埔子小段,5.49,都市：商
RPVRNLKKMHOFFAH98CB,埔子段北門埔子小段,3.58,都市：商
RPVRNLKKMHOFFAH98CB,埔子段北門埔子小段,.90,都市：商
RPVRNLKKMHOFFAH98CB,埔子段北門埔子小段,.05,都市：商
RPVRNLKKMHOFFAH98CB,埔子段北門埔子小段,.68,都市：商
RPVRNLKKMHOFFAH98CB,埔子段北門埔子小段,.03,都市：商
RPOSNLKKMHOFFAH38CB,埔子段北門埔子小段,5.39,都市：商
RPOSNLKKMHOFFAH38CB,埔子段北門埔子小段,3.51,都市：商
RPOSNLKKMHOFFAH38CB,埔子段北門埔子小段,.88,都市：商
RPOSNLKKMHOFFAH38CB,埔子段北門埔子小段,.05,都市：商
RPOSNLKKMHOFFAH38CB,埔子段北門埔子小段,.67,都市：商
RPOSNLKKMHOFFAH38CB,埔子段北門埔子小段,.03,都市：商
RPXRNLKKMHOFFAH56CB,埔子段北門埔子小段,7.31,都市：商
RPXRNLKKMHOFFAH56CB,埔子段北門埔子小段,4.77,都市：商
RPXRNLKKMHOFFAH56CB,埔子段北門埔子小段,1.19,都市：商
RPXRNLKKMHOFFAH56CB,埔子段北門埔子小段,.06,都市：商
RPXRNLKKMHOFFAH56CB,埔子段北門埔子小段,.91,都市：商
RPXRNLKKMHOFFAH56CB,埔子段北門埔子小段,.04,都市：商
RPURNLKKMHOFFAH88CB,埔子段北門埔子小段,5.49,都市：商
RPURNLKKMHOFFAH88CB,埔子段北門埔子小段,3.58,都市：商
RPURNLKKMHOFFAH88CB,埔子段北門埔子小段,.90,都市：商
RPURNLKKMHOFFAH88CB,埔子段北門埔子小段,.05,都市：商
RPURNLKKMHOFFAH88CB,埔子段北門埔子小段,.68,都市：商
RPURNLKKMHOFFAH88CB,埔子段北門埔子小段,.03,都市：商
RPPSNLKKMHOFFAH48CB,埔子段北門埔子小段,5.02,都市：商
RPPSNLKKMHOFFAH48CB,埔子段北門埔子小段,3.27,都市：商
RPPSNLKKMHOFFAH48CB,埔子段北門埔子小段,.82,都市：商
RPPSNLKKMHOFFAH48CB,埔子段北門埔子小段,.04,都市：商
RPPSNLKKMHOFFAH48CB,埔子段北門埔子小段,.62,都市：商
RPPSNLKKMHOFFAH48CB,埔子段北門埔子小段,.03,都市：商
RPTSNLKKMHOFFAH88CB,埔子段北門埔子小段,5.39,都市：商
RPTSNLKKMHOFFAH88CB,埔子段北門埔子小段,3.51,都市：商
RPTSNLKKMHOFFAH88CB,埔子段北門埔子小段,.88,都市：商
RPTSNLKKMHOFFAH88CB,埔子段北門埔子小段,.05,都市：商
RPTSNLKKMHOFFAH88CB,埔子段北門埔子小段,.67,都市：商
RPTSNLKKMHOFFAH88CB,埔子段北門埔子小段,.03,都市：商
RPRSNLKKMHOFFAH68CB,埔子段北門埔子小段,5.51,都市：商
RPRSNLKKMHOFFAH68CB,埔子段北門埔子小段,3.59,都市：商
RPRSNLKKMHOFFAH68CB,埔子段北門埔子小段,.90,都市：商
RPRSNLKKMHOFFAH68CB,埔子段北門埔子小段,.05,都市：商
RPRSNLKKMHOFFAH68CB,埔子段北門埔子小段,.69,都市：商
RPRSNLKKMHOFFAH68CB,埔子段北門埔子小段,.03,都市：商
RPQSNLKKMHOFFAH58CB,埔子段北門埔子小段,5.20,都市：商
RPQSNLKKMHOFFAH58CB,埔子段北門埔子小段,3.39,都市：商
RPQSNLKKMHOFFAH58CB,埔子段北門埔子小段,.85,都市：商
RPQSNLKKMHOFFAH58CB,埔子段北門埔子小段,.04,都市：商
RPQSNLKKMHOFFAH58CB,埔子段北門埔子小段,.65,都市：商
RPQSNLKKMHOFFAH58CB,埔子段北門埔子小段,.03,都市：商
RPSSNLKKMHOFFAH78CB,埔子段北門埔子小段,5.52,都市：商
RPSSNLKKMHOFFAH78CB,埔子段北門埔子小段,3.60,都市：商
RPSSNLKKMHOFFAH78CB,埔子段北門埔子小段,.90,都市：商
RPSSNLKKMHOFFAH78CB,埔子段北門埔子小段,.05,都市：商
RPSSNLKKMHOFFAH78CB,埔子段北門埔子小段,.69,都市：商
RPSSNLKKMHOFFAH78CB,埔子段北門埔子小段,.03,都市：商
RPUSNLKKMHOFFAH98CB,埔子段北門埔子小段,5.20,都市：商
RPUSNLKKMHOFFAH98CB,埔子段北門埔子小段,3.39,都市：商
RPUSNLKKMHOFFAH98CB,埔子段北門埔子小段,.85,都市：商
RPUSNLKKMHOFFAH98CB,埔子段北門埔子小段,.04,都市：商
RPUSNLKKMHOFFAH98CB,埔子段北門埔子小段,.65,都市：商
RPUSNLKKMHOFFAH98CB,埔子段北門埔子小段,.03,都市：商
RPWSNLKKMHOFFAH56CB,埔子段北門埔子小段,5.40,都市：商
RPWSNLKKMHOFFAH56CB,埔子段北門埔子小段,3.52,都市：商
RPWSNLKKMHOFFAH56CB,埔子段北門埔子小段,.88,都市：商
RPWSNLKKMHOFFAH56CB,埔子段北門埔子小段,.05,都市：商
RPWSNLKKMHOFFAH56CB,埔子段北門埔子小段,.67,都市：商
RPWSNLKKMHOFFAH56CB,埔子段北門埔子小段,.03,都市：商
RPXSNLKKMHOFFAH66CB,埔子段北門埔子小段,5.52,都市：商
RPXSNLKKMHOFFAH66CB,埔子段北門埔子小段,3.60,都市：商
RPXSNLKKMHOFFAH66CB,埔子段北門埔子小段,.90,都市：商
RPXSNLKKMHOFFAH66CB,埔子段北門埔子小段,.05,都市：商
RPVSNLKKMHOFFAH09CB,埔子段北門埔子小段,5.65,都市：商
RPXSNLKKMHOFFAH66CB,埔子段北門埔子小段,.69,都市：商
RPVSNLKKMHOFFAH09CB,埔子段北門埔子小段,3.68,都市：商
RPXSNLKKMHOFFAH66CB,埔子段北門埔子小段,.03,都市：商
RPVSNLKKMHOFFAH09CB,埔子段北門埔子小段,.92,都市：商
RPVSNLKKMHOFFAH09CB,埔子段北門埔子小段,.05,都市：商
RPVSNLKKMHOFFAH09CB,埔子段北門埔子小段,.70,都市：商
RPVSNLKKMHOFFAH09CB,埔子段北門埔子小段,.03,都市：商
RPPTNLKKMHOFFAH58CB,埔子段北門埔子小段,5.42,都市：商
RPPTNLKKMHOFFAH58CB,埔子段北門埔子小段,3.54,都市：商
RPPTNLKKMHOFFAH58CB,埔子段北門埔子小段,.89,都市：商
RPPTNLKKMHOFFAH58CB,埔子段北門埔子小段,.05,都市：商
RPPTNLKKMHOFFAH58CB,埔子段北門埔子小段,.68,都市：商
RPPTNLKKMHOFFAH58CB,埔子段北門埔子小段,.03,都市：商
RPOTNLKKMHOFFAH48CB,埔子段北門埔子小段,5.42,都市：商
RPOTNLKKMHOFFAH48CB,埔子段北門埔子小段,3.54,都市：商
RPOTNLKKMHOFFAH48CB,埔子段北門埔子小段,.89,都市：商
RPOTNLKKMHOFFAH48CB,埔子段北門埔子小段,.05,都市：商
RPOTNLKKMHOFFAH48CB,埔子段北門埔子小段,.68,都市：商
RPOTNLKKMHOFFAH48CB,埔子段北門埔子小段,.03,都市：商
RPRTNLKKMHOFFAH78CB,埔子段北門埔子小段,5.42,都市：商
RPRTNLKKMHOFFAH78CB,埔子段北門埔子小段,3.54,都市：商
RPRTNLKKMHOFFAH78CB,埔子段北門埔子小段,.89,都市：商
RPRTNLKKMHOFFAH78CB,埔子段北門埔子小段,.05,都市：商
RPRTNLKKMHOFFAH78CB,埔子段北門埔子小段,.68,都市：商
RPRTNLKKMHOFFAH78CB,埔子段北門埔子小段,.03,都市：商
RPQTNLKKMHOFFAH68CB,埔子段北門埔子小段,4.80,都市：商
RPQTNLKKMHOFFAH68CB,埔子段北門埔子小段,3.13,都市：商
RPQTNLKKMHOFFAH68CB,埔子段北門埔子小段,.78,都市：商
RPQTNLKKMHOFFAH68CB,埔子段北門埔子小段,.04,都市：商
RPQTNLKKMHOFFAH68CB,埔子段北門埔子小段,.60,都市：商
RPQTNLKKMHOFFAH68CB,埔子段北門埔子小段,.02,都市：商
RPTTNLKKMHOFFAH98CB,埔子段北門埔子小段,5.02,都市：商
RPTTNLKKMHOFFAH98CB,埔子段北門埔子小段,3.27,都市：商
RPTTNLKKMHOFFAH98CB,埔子段北門埔子小段,.82,都市：商
RPTTNLKKMHOFFAH98CB,埔子段北門埔子小段,.04,都市：商
RPTTNLKKMHOFFAH98CB,埔子段北門埔子小段,.62,都市：商
RPTTNLKKMHOFFAH98CB,埔子段北門埔子小段,.03,都市：商
RPSTNLKKMHOFFAH88CB,埔子段北門埔子小段,5.02,都市：商
RPSTNLKKMHOFFAH88CB,埔子段北門埔子小段,3.27,都市：商
RPSTNLKKMHOFFAH88CB,埔子段北門埔子小段,.82,都市：商
RPSTNLKKMHOFFAH88CB,埔子段北門埔子小段,.04,都市：商
RPSTNLKKMHOFFAH88CB,埔子段北門埔子小段,.62,都市：商
RPSTNLKKMHOFFAH88CB,埔子段北門埔子小段,.03,都市：商
RPXTNLKKMHOFFAH76CB,埔子段北門埔子小段,5.38,都市：商
RPXTNLKKMHOFFAH76CB,埔子段北門埔子小段,3.51,都市：商
RPXTNLKKMHOFFAH76CB,埔子段北門埔子小段,.88,都市：商
RPXTNLKKMHOFFAH76CB,埔子段北門埔子小段,.05,都市：商
RPXTNLKKMHOFFAH76CB,埔子段北門埔子小段,.67,都市：商
RPXTNLKKMHOFFAH76CB,埔子段北門埔子小段,.03,都市：商
RPUTNLKKMHOFFAH09CB,埔子段北門埔子小段,4.80,都市：商
RPUTNLKKMHOFFAH09CB,埔子段北門埔子小段,3.13,都市：商
RPUTNLKKMHOFFAH09CB,埔子段北門埔子小段,.78,都市：商
RPUTNLKKMHOFFAH09CB,埔子段北門埔子小段,.04,都市：商
RPUTNLKKMHOFFAH09CB,埔子段北門埔子小段,.60,都市：商
RPUTNLKKMHOFFAH09CB,埔子段北門埔子小段,.02,都市：商
RPVTNLKKMHOFFAH56CB,埔子段北門埔子小段,5.51,都市：商
RPVTNLKKMHOFFAH56CB,埔子段北門埔子小段,3.59,都市：商
RPVTNLKKMHOFFAH56CB,埔子段北門埔子小段,.90,都市：商
RPVTNLKKMHOFFAH56CB,埔子段北門埔子小段,.05,都市：商
RPVTNLKKMHOFFAH56CB,埔子段北門埔子小段,.69,都市：商
RPVTNLKKMHOFFAH56CB,埔子段北門埔子小段,.03,都市：商
RPWTNLKKMHOFFAH66CB,埔子段北門埔子小段,5.59,都市：商
RPWTNLKKMHOFFAH66CB,埔子段北門埔子小段,3.64,都市：商
RPWTNLKKMHOFFAH66CB,埔子段北門埔子小段,.91,都市：商
RPWTNLKKMHOFFAH66CB,埔子段北門埔子小段,.05,都市：商
RPWTNLKKMHOFFAH66CB,埔子段北門埔子小段,.70,都市：商
RPWTNLKKMHOFFAH66CB,埔子段北門埔子小段,.03,都市：商
RPQUNLKKMHOFFAH78CB,埔子段北門埔子小段,6.75,都市：商
RPQUNLKKMHOFFAH78CB,埔子段北門埔子小段,4.40,都市：商
RPQUNLKKMHOFFAH78CB,埔子段北門埔子小段,1.10,都市：商
RPQUNLKKMHOFFAH78CB,埔子段北門埔子小段,.06,都市：商
RPQUNLKKMHOFFAH78CB,埔子段北門埔子小段,.84,都市：商
RPQUNLKKMHOFFAH78CB,埔子段北門埔子小段,.03,都市：商
RPPUNLKKMHOFFAH68CB,埔子段北門埔子小段,5.51,都市：商
RPPUNLKKMHOFFAH68CB,埔子段北門埔子小段,3.59,都市：商
RPPUNLKKMHOFFAH68CB,埔子段北門埔子小段,.90,都市：商
RPPUNLKKMHOFFAH68CB,埔子段北門埔子小段,.05,都市：商
RPPUNLKKMHOFFAH68CB,埔子段北門埔子小段,.69,都市：商
RPPUNLKKMHOFFAH68CB,埔子段北門埔子小段,.03,都市：商
RPRUNLKKMHOFFAH88CB,埔子段北門埔子小段,6.75,都市：商
RPRUNLKKMHOFFAH88CB,埔子段北門埔子小段,4.40,都市：商
RPRUNLKKMHOFFAH88CB,埔子段北門埔子小段,1.10,都市：商
RPRUNLKKMHOFFAH88CB,埔子段北門埔子小段,.06,都市：商
RPRUNLKKMHOFFAH88CB,埔子段北門埔子小段,.84,都市：商
RPRUNLKKMHOFFAH88CB,埔子段北門埔子小段,.03,都市：商
RPVUNLKKMHOFFAH66CB,埔子段北門埔子小段,5.65,都市：商
RPVUNLKKMHOFFAH66CB,埔子段北門埔子小段,3.68,都市：商
RPVUNLKKMHOFFAH66CB,埔子段北門埔子小段,.92,都市：商
RPVUNLKKMHOFFAH66CB,埔子段北門埔子小段,.05,都市：商
RPVUNLKKMHOFFAH66CB,埔子段北門埔子小段,.70,都市：商
RPVUNLKKMHOFFAH66CB,埔子段北門埔子小段,.03,都市：商
RPWUNLKKMHOFFAH76CB,埔子段北門埔子小段,5.42,都市：商
RPWUNLKKMHOFFAH76CB,埔子段北門埔子小段,3.54,都市：商
RPWUNLKKMHOFFAH76CB,埔子段北門埔子小段,.89,都市：商
RPWUNLKKMHOFFAH76CB,埔子段北門埔子小段,.05,都市：商
RPWUNLKKMHOFFAH76CB,埔子段北門埔子小段,.68,都市：商
RPWUNLKKMHOFFAH76CB,埔子段北門埔子小段,.03,都市：商
RPXUNLKKMHOFFAH86CB,埔子段北門埔子小段,5.42,都市：商
RPXUNLKKMHOFFAH86CB,埔子段北門埔子小段,3.54,都市：商
RPXUNLKKMHOFFAH86CB,埔子段北門埔子小段,.89,都市：商
RPXUNLKKMHOFFAH86CB,埔子段北門埔子小段,.05,都市：商
RPXUNLKKMHOFFAH86CB,埔子段北門埔子小段,.68,都市：商
RPXUNLKKMHOFFAH86CB,埔子段北門埔子小段,.03,都市：商
RPSUNLKKMHOFFAH98CB,埔子段北門埔子小段,4.80,都市：商
RPSUNLKKMHOFFAH98CB,埔子段北門埔子小段,3.13,都市：商
RPSUNLKKMHOFFAH98CB,埔子段北門埔子小段,.78,都市：商
RPSUNLKKMHOFFAH98CB,埔子段北門埔子小段,.04,都市：商
RPSUNLKKMHOFFAH98CB,埔子段北門埔子小段,.60,都市：商
RPSUNLKKMHOFFAH98CB,埔子段北門埔子小段,.02,都市：商
RPQVNLKKMHOFFAH88CB,埔子段北門埔子小段,5.02,都市：商
RPQVNLKKMHOFFAH88CB,埔子段北門埔子小段,3.27,都市：商
RPQVNLKKMHOFFAH88CB,埔子段北門埔子小段,.82,都市：商
RPQVNLKKMHOFFAH88CB,埔子段北門埔子小段,.04,都市：商
RPQVNLKKMHOFFAH88CB,埔子段北門埔子小段,.62,都市：商
RPQVNLKKMHOFFAH88CB,埔子段北門埔子小段,.03,都市：商
RPPVNLKKMHOFFAH78CB,埔子段北門埔子小段,5.35,都市：商
RPPVNLKKMHOFFAH78CB,埔子段北門埔子小段,3.49,都市：商
RPPVNLKKMHOFFAH78CB,埔子段北門埔子小段,.87,都市：商
RPPVNLKKMHOFFAH78CB,埔子段北門埔子小段,.05,都市：商
RPPVNLKKMHOFFAH78CB,埔子段北門埔子小段,.67,都市：商
RPPVNLKKMHOFFAH78CB,埔子段北門埔子小段,.03,都市：商
RPTVNLKKMHOFFAH56CB,埔子段北門埔子小段,5.49,都市：商
RPTVNLKKMHOFFAH56CB,埔子段北門埔子小段,3.58,都市：商
RPTVNLKKMHOFFAH56CB,埔子段北門埔子小段,.90,都市：商
RPTVNLKKMHOFFAH56CB,埔子段北門埔子小段,.05,都市：商
RPTVNLKKMHOFFAH56CB,埔子段北門埔子小段,.68,都市：商
RPTVNLKKMHOFFAH56CB,埔子段北門埔子小段,.03,都市：商
RPRVNLKKMHOFFAH98CB,埔子段北門埔子小段,5.52,都市：商
RPRVNLKKMHOFFAH98CB,埔子段北門埔子小段,3.60,都市：商
RPRVNLKKMHOFFAH98CB,埔子段北門埔子小段,.90,都市：商
RPRVNLKKMHOFFAH98CB,埔子段北門埔子小段,.05,都市：商
RPRVNLKKMHOFFAH98CB,埔子段北門埔子小段,.69,都市：商
RPRVNLKKMHOFFAH98CB,埔子段北門埔子小段,.03,都市：商
RPUVNLKKMHOFFAH66CB,埔子段北門埔子小段,5.38,都市：商
RPUVNLKKMHOFFAH66CB,埔子段北門埔子小段,3.51,都市：商
RPUVNLKKMHOFFAH66CB,埔子段北門埔子小段,.88,都市：商
RPUVNLKKMHOFFAH66CB,埔子段北門埔子小段,.05,都市：商
RPUVNLKKMHOFFAH66CB,埔子段北門埔子小段,.67,都市：商
RPUVNLKKMHOFFAH66CB,埔子段北門埔子小段,.03,都市：商
RPSVNLKKMHOFFAH09CB,埔子段北門埔子小段,6.75,都市：商
RPSVNLKKMHOFFAH09CB,埔子段北門埔子小段,4.40,都市：商
RPSVNLKKMHOFFAH09CB,埔子段北門埔子小段,1.10,都市：商
RPSVNLKKMHOFFAH09CB,埔子段北門埔子小段,.06,都市：商
RPSVNLKKMHOFFAH09CB,埔子段北門埔子小段,.84,都市：商
RPSVNLKKMHOFFAH09CB,埔子段北門埔子小段,.03,都市：商
RPPWNLKKMHOFFAH88CB,埔子段北門埔子小段,4.80,都市：商
RPPWNLKKMHOFFAH88CB,埔子段北門埔子小段,3.13,都市：商
RPPWNLKKMHOFFAH88CB,埔子段北門埔子小段,.78,都市：商
RPPWNLKKMHOFFAH88CB,埔子段北門埔子小段,.04,都市：商
RPPWNLKKMHOFFAH88CB,埔子段北門埔子小段,.60,都市：商
RPPWNLKKMHOFFAH88CB,埔子段北門埔子小段,.02,都市：商
RPWVNLKKMHOFFAH86CB,埔子段北門埔子小段,5.39,都市：商
RPWVNLKKMHOFFAH86CB,埔子段北門埔子小段,3.51,都市：商
RPWVNLKKMHOFFAH86CB,埔子段北門埔子小段,.88,都市：商
RPWVNLKKMHOFFAH86CB,埔子段北門埔子小段,.05,都市：商
RPWVNLKKMHOFFAH86CB,埔子段北門埔子小段,.67,都市：商
RPWVNLKKMHOFFAH86CB,埔子段北門埔子小段,.03,都市：商
RPQWNLKKMHOFFAH98CB,埔子段北門埔子小段,5.24,都市：商
RPQWNLKKMHOFFAH98CB,埔子段北門埔子小段,3.42,都市：商
RPQWNLKKMHOFFAH98CB,埔子段北門埔子小段,.86,都市：商
RPQWNLKKMHOFFAH98CB,埔子段北門埔子小段,.05,都市：商
RPQWNLKKMHOFFAH98CB,埔子段北門埔子小段,.65,都市：商
RPQWNLKKMHOFFAH98CB,埔子段北門埔子小段,.03,都市：商
RPRWNLKKMHOFFAH09CB,埔子段北門埔子小段,5.51,都市：商
RPRWNLKKMHOFFAH09CB,埔子段北門埔子小段,3.59,都市：商
RPRWNLKKMHOFFAH09CB,埔子段北門埔子小段,.90,都市：商
RPRWNLKKMHOFFAH09CB,埔子段北門埔子小段,.05,都市：商
RPRWNLKKMHOFFAH09CB,埔子段北門埔子小段,.69,都市：商
RPRWNLKKMHOFFAH09CB,埔子段北門埔子小段,.03,都市：商
RPSWNLKKMHOFFAH56CB,埔子段北門埔子小段,7.31,都市：商
RPSWNLKKMHOFFAH56CB,埔子段北門埔子小段,4.77,都市：商
RPSWNLKKMHOFFAH56CB,埔子段北門埔子小段,1.19,都市：商
RPSWNLKKMHOFFAH56CB,埔子段北門埔子小段,.06,都市：商
RPSWNLKKMHOFFAH56CB,埔子段北門埔子小段,.91,都市：商
RPSWNLKKMHOFFAH56CB,埔子段北門埔子小段,.04,都市：商
RPTWNLKKMHOFFAH66CB,埔子段北門埔子小段,4.80,都市：商
RPTWNLKKMHOFFAH66CB,埔子段北門埔子小段,3.13,都市：商
RPTWNLKKMHOFFAH66CB,埔子段北門埔子小段,.78,都市：商
RPTWNLKKMHOFFAH66CB,埔子段北門埔子小段,.04,都市：商
RPTWNLKKMHOFFAH66CB,埔子段北門埔子小段,.60,都市：商
RPTWNLKKMHOFFAH66CB,埔子段北門埔子小段,.02,都市：商
RPVWNLKKMHOFFAH86CB,埔子段北門埔子小段,5.59,都市：商
RPVWNLKKMHOFFAH86CB,埔子段北門埔子小段,3.64,都市：商
RPVWNLKKMHOFFAH86CB,埔子段北門埔子小段,.91,都市：商
RPVWNLKKMHOFFAH86CB,埔子段北門埔子小段,.05,都市：商
RPVWNLKKMHOFFAH86CB,埔子段北門埔子小段,.70,都市：商
RPVWNLKKMHOFFAH86CB,埔子段北門埔子小段,.03,都市：商
RPWWNLKKMHOFFAH96CB,埔子段北門埔子小段,7.31,都市：商
RPWWNLKKMHOFFAH96CB,埔子段北門埔子小段,4.77,都市：商
RPWWNLKKMHOFFAH96CB,埔子段北門埔子小段,1.19,都市：商
RPWWNLKKMHOFFAH96CB,埔子段北門埔子小段,.06,都市：商
RPWWNLKKMHOFFAH96CB,埔子段北門埔子小段,.91,都市：商
RPWWNLKKMHOFFAH96CB,埔子段北門埔子小段,.04,都市：商
RPXWNLKKMHOFFAH07CB,埔子段北門埔子小段,5.42,都市：商
RPXWNLKKMHOFFAH07CB,埔子段北門埔子小段,3.54,都市：商
RPXWNLKKMHOFFAH07CB,埔子段北門埔子小段,.89,都市：商
RPXWNLKKMHOFFAH07CB,埔子段北門埔子小段,.05,都市：商
RPXWNLKKMHOFFAH07CB,埔子段北門埔子小段,.68,都市：商
RPXWNLKKMHOFFAH07CB,埔子段北門埔子小段,.03,都市：商
RPVNOLKKMHOFFAH68CB,埔子段北門埔子小段,7.31,都市：商
RPVNOLKKMHOFFAH68CB,埔子段北門埔子小段,4.77,都市：商
RPVNOLKKMHOFFAH68CB,埔子段北門埔子小段,1.19,都市：商
RPVNOLKKMHOFFAH68CB,埔子段北門埔子小段,.06,都市：商
RPVNOLKKMHOFFAH68CB,埔子段北門埔子小段,.91,都市：商
RPVNOLKKMHOFFAH68CB,埔子段北門埔子小段,.04,都市：商
RPPNOLKKMHOFFAH08CB,埔子段北門埔子小段,5.38,都市：商
RPPNOLKKMHOFFAH08CB,埔子段北門埔子小段,3.51,都市：商
RPPNOLKKMHOFFAH08CB,埔子段北門埔子小段,.88,都市：商
RPPNOLKKMHOFFAH08CB,埔子段北門埔子小段,.05,都市：商
RPPNOLKKMHOFFAH08CB,埔子段北門埔子小段,.67,都市：商
RPPNOLKKMHOFFAH08CB,埔子段北門埔子小段,.03,都市：商
RPSNOLKKMHOFFAH38CB,埔子段北門埔子小段,5.32,都市：商
RPSNOLKKMHOFFAH38CB,埔子段北門埔子小段,3.47,都市：商
RPSNOLKKMHOFFAH38CB,埔子段北門埔子小段,.87,都市：商
RPSNOLKKMHOFFAH38CB,埔子段北門埔子小段,.05,都市：商
RPSNOLKKMHOFFAH38CB,埔子段北門埔子小段,.66,都市：商
RPSNOLKKMHOFFAH38CB,埔子段北門埔子小段,.03,都市：商
RPQNOLKKMHOFFAH18CB,埔子段北門埔子小段,6.11,都市：商
RPQNOLKKMHOFFAH18CB,埔子段北門埔子小段,3.98,都市：商
RPQNOLKKMHOFFAH18CB,埔子段北門埔子小段,1.00,都市：商
RPQNOLKKMHOFFAH18CB,埔子段北門埔子小段,.05,都市：商
RPQNOLKKMHOFFAH18CB,埔子段北門埔子小段,.76,都市：商
RPQNOLKKMHOFFAH18CB,埔子段北門埔子小段,.03,都市：商
RPRNOLKKMHOFFAH28CB,埔子段北門埔子小段,6.75,都市：商
RPRNOLKKMHOFFAH28CB,埔子段北門埔子小段,4.40,都市：商
RPRNOLKKMHOFFAH28CB,埔子段北門埔子小段,1.10,都市：商
RPRNOLKKMHOFFAH28CB,埔子段北門埔子小段,.06,都市：商
RPRNOLKKMHOFFAH28CB,埔子段北門埔子小段,.84,都市：商
RPRNOLKKMHOFFAH28CB,埔子段北門埔子小段,.03,都市：商
RPTNOLKKMHOFFAH48CB,埔子段北門埔子小段,5.51,都市：商
RPTNOLKKMHOFFAH48CB,埔子段北門埔子小段,3.59,都市：商
RPTNOLKKMHOFFAH48CB,埔子段北門埔子小段,.90,都市：商
RPTNOLKKMHOFFAH48CB,埔子段北門埔子小段,.05,都市：商
RPTNOLKKMHOFFAH48CB,埔子段北門埔子小段,.69,都市：商
RPTNOLKKMHOFFAH48CB,埔子段北門埔子小段,.03,都市：商
RPUNOLKKMHOFFAH58CB,埔子段北門埔子小段,5.65,都市：商
RPUNOLKKMHOFFAH58CB,埔子段北門埔子小段,3.68,都市：商
RPUNOLKKMHOFFAH58CB,埔子段北門埔子小段,.92,都市：商
RPUNOLKKMHOFFAH58CB,埔子段北門埔子小段,.05,都市：商
RPUNOLKKMHOFFAH58CB,埔子段北門埔子小段,.70,都市：商
RPUNOLKKMHOFFAH58CB,埔子段北門埔子小段,.03,都市：商
RPXNOLKKMHOFFAH88CB,埔子段北門埔子小段,5.32,都市：商
RPXNOLKKMHOFFAH88CB,埔子段北門埔子小段,3.47,都市：商
RPXNOLKKMHOFFAH88CB,埔子段北門埔子小段,.87,都市：商
RPXNOLKKMHOFFAH88CB,埔子段北門埔子小段,.05,都市：商
RPXNOLKKMHOFFAH88CB,埔子段北門埔子小段,.66,都市：商
RPXNOLKKMHOFFAH88CB,埔子段北門埔子小段,.03,都市：商
RPOOOLKKMHOFFAH08CB,埔子段北門埔子小段,5.32,都市：商
RPOOOLKKMHOFFAH08CB,埔子段北門埔子小段,3.47,都市：商
RPOOOLKKMHOFFAH08CB,埔子段北門埔子小段,.87,都市：商
RPOOOLKKMHOFFAH08CB,埔子段北門埔子小段,.05,都市：商
RPOOOLKKMHOFFAH08CB,埔子段北門埔子小段,.66,都市：商
RPOOOLKKMHOFFAH08CB,埔子段北門埔子小段,.03,都市：商
RPSOOLKKMHOFFAH48CB,埔子段北門埔子小段,5.51,都市：商
RPSOOLKKMHOFFAH48CB,埔子段北門埔子小段,3.59,都市：商
RPSOOLKKMHOFFAH48CB,埔子段北門埔子小段,.90,都市：商
RPSOOLKKMHOFFAH48CB,埔子段北門埔子小段,.05,都市：商
RPSOOLKKMHOFFAH48CB,埔子段北門埔子小段,.69,都市：商
RPSOOLKKMHOFFAH48CB,埔子段北門埔子小段,.03,都市：商
RPQOOLKKMHOFFAH28CB,埔子段北門埔子小段,5.65,都市：商
RPQOOLKKMHOFFAH28CB,埔子段北門埔子小段,3.68,都市：商
RPQOOLKKMHOFFAH28CB,埔子段北門埔子小段,.92,都市：商
RPQOOLKKMHOFFAH28CB,埔子段北門埔子小段,.05,都市：商
RPQOOLKKMHOFFAH28CB,埔子段北門埔子小段,.70,都市：商
RPQOOLKKMHOFFAH28CB,埔子段北門埔子小段,.03,都市：商
RPWNOLKKMHOFFAH78CB,埔子段北門埔子小段,7.31,都市：商
RPWNOLKKMHOFFAH78CB,埔子段北門埔子小段,4.77,都市：商
RPWNOLKKMHOFFAH78CB,埔子段北門埔子小段,1.19,都市：商
RPWNOLKKMHOFFAH78CB,埔子段北門埔子小段,.06,都市：商
RPWNOLKKMHOFFAH78CB,埔子段北門埔子小段,.91,都市：商
RPWNOLKKMHOFFAH78CB,埔子段北門埔子小段,.04,都市：商
RPTOOLKKMHOFFAH58CB,埔子段北門埔子小段,5.52,都市：商
RPTOOLKKMHOFFAH58CB,埔子段北門埔子小段,3.60,都市：商
RPTOOLKKMHOFFAH58CB,埔子段北門埔子小段,.90,都市：商
RPTOOLKKMHOFFAH58CB,埔子段北門埔子小段,.05,都市：商
RPTOOLKKMHOFFAH58CB,埔子段北門埔子小段,.69,都市：商
RPTOOLKKMHOFFAH58CB,埔子段北門埔子小段,.03,都市：商
RPPOOLKKMHOFFAH18CB,埔子段北門埔子小段,5.52,都市：商
RPPOOLKKMHOFFAH18CB,埔子段北門埔子小段,3.60,都市：商
RPPOOLKKMHOFFAH18CB,埔子段北門埔子小段,.90,都市：商
RPPOOLKKMHOFFAH18CB,埔子段北門埔子小段,.05,都市：商
RPPOOLKKMHOFFAH18CB,埔子段北門埔子小段,.69,都市：商
RPPOOLKKMHOFFAH18CB,埔子段北門埔子小段,.03,都市：商
RPROOLKKMHOFFAH38CB,埔子段北門埔子小段,5.32,都市：商
RPROOLKKMHOFFAH38CB,埔子段北門埔子小段,3.47,都市：商
RPROOLKKMHOFFAH38CB,埔子段北門埔子小段,.87,都市：商
RPROOLKKMHOFFAH38CB,埔子段北門埔子小段,.05,都市：商
RPROOLKKMHOFFAH38CB,埔子段北門埔子小段,.66,都市：商
RPROOLKKMHOFFAH38CB,埔子段北門埔子小段,.03,都市：商
RPUOOLKKMHOFFAH68CB,埔子段北門埔子小段,5.65,都市：商
RPUOOLKKMHOFFAH68CB,埔子段北門埔子小段,3.68,都市：商
RPUOOLKKMHOFFAH68CB,埔子段北門埔子小段,.92,都市：商
RPUOOLKKMHOFFAH68CB,埔子段北門埔子小段,.05,都市：商
RPUOOLKKMHOFFAH68CB,埔子段北門埔子小段,.70,都市：商
RPUOOLKKMHOFFAH68CB,埔子段北門埔子小段,.03,都市：商
RPVOOLKKMHOFFAH78CB,埔子段北門埔子小段,5.20,都市：商
RPVOOLKKMHOFFAH78CB,埔子段北門埔子小段,3.39,都市：商
RPVOOLKKMHOFFAH78CB,埔子段北門埔子小段,.85,都市：商
RPVOOLKKMHOFFAH78CB,埔子段北門埔子小段,.04,都市：商
RPVOOLKKMHOFFAH78CB,埔子段北門埔子小段,.65,都市：商
RPVOOLKKMHOFFAH78CB,埔子段北門埔子小段,.03,都市：商
RPOPOLKKMHOFFAH18CB,埔子段北門埔子小段,5.48,都市：商
RPOPOLKKMHOFFAH18CB,埔子段北門埔子小段,3.57,都市：商
RPOPOLKKMHOFFAH18CB,埔子段北門埔子小段,.89,都市：商
RPOPOLKKMHOFFAH18CB,埔子段北門埔子小段,.05,都市：商
RPWOOLKKMHOFFAH88CB,埔子段北門埔子小段,6.75,都市：商
RPOPOLKKMHOFFAH18CB,埔子段北門埔子小段,.68,都市：商
RPWOOLKKMHOFFAH88CB,埔子段北門埔子小段,4.40,都市：商
RPOPOLKKMHOFFAH18CB,埔子段北門埔子小段,.03,都市：商
RPWOOLKKMHOFFAH88CB,埔子段北門埔子小段,1.10,都市：商
RPWOOLKKMHOFFAH88CB,埔子段北門埔子小段,.06,都市：商
RPWOOLKKMHOFFAH88CB,埔子段北門埔子小段,.84,都市：商
RPWOOLKKMHOFFAH88CB,埔子段北門埔子小段,.03,都市：商
RPXOOLKKMHOFFAH98CB,埔子段北門埔子小段,7.31,都市：商
RPXOOLKKMHOFFAH98CB,埔子段北門埔子小段,4.77,都市：商
RPXOOLKKMHOFFAH98CB,埔子段北門埔子小段,1.19,都市：商
RPXOOLKKMHOFFAH98CB,埔子段北門埔子小段,.06,都市：商
RPXOOLKKMHOFFAH98CB,埔子段北門埔子小段,.91,都市：商
RPXOOLKKMHOFFAH98CB,埔子段北門埔子小段,.04,都市：商
RPUPOLKKMHOFFAH78CB,埔子段北門埔子小段,5.38,都市：商
RPUPOLKKMHOFFAH78CB,埔子段北門埔子小段,3.51,都市：商
RPUPOLKKMHOFFAH78CB,埔子段北門埔子小段,.88,都市：商
RPUPOLKKMHOFFAH78CB,埔子段北門埔子小段,.05,都市：商
RPUPOLKKMHOFFAH78CB,埔子段北門埔子小段,.67,都市：商
RPUPOLKKMHOFFAH78CB,埔子段北門埔子小段,.03,都市：商
RPTPOLKKMHOFFAH68CB,埔子段北門埔子小段,5.40,都市：商
RPTPOLKKMHOFFAH68CB,埔子段北門埔子小段,3.52,都市：商
RPTPOLKKMHOFFAH68CB,埔子段北門埔子小段,.88,都市：商
RPTPOLKKMHOFFAH68CB,埔子段北門埔子小段,.05,都市：商
RPTPOLKKMHOFFAH68CB,埔子段北門埔子小段,.67,都市：商
RPTPOLKKMHOFFAH68CB,埔子段北門埔子小段,.03,都市：商
RPRPOLKKMHOFFAH48CB,埔子段北門埔子小段,5.60,都市：商
RPRPOLKKMHOFFAH48CB,埔子段北門埔子小段,3.65,都市：商
RPRPOLKKMHOFFAH48CB,埔子段北門埔子小段,.91,都市：商
RPRPOLKKMHOFFAH48CB,埔子段北門埔子小段,.05,都市：商
RPRPOLKKMHOFFAH48CB,埔子段北門埔子小段,.70,都市：商
RPRPOLKKMHOFFAH48CB,埔子段北門埔子小段,.03,都市：商
RPPPOLKKMHOFFAH28CB,埔子段北門埔子小段,6.69,都市：商
RPPPOLKKMHOFFAH28CB,埔子段北門埔子小段,4.36,都市：商
RPPPOLKKMHOFFAH28CB,埔子段北門埔子小段,1.09,都市：商
RPPPOLKKMHOFFAH28CB,埔子段北門埔子小段,.06,都市：商
RPPPOLKKMHOFFAH28CB,埔子段北門埔子小段,.83,都市：商
RPPPOLKKMHOFFAH28CB,埔子段北門埔子小段,.03,都市：商
RPWPOLKKMHOFFAH98CB,埔子段北門埔子小段,5.42,都市：商
RPWPOLKKMHOFFAH98CB,埔子段北門埔子小段,3.54,都市：商
RPWPOLKKMHOFFAH98CB,埔子段北門埔子小段,.89,都市：商
RPWPOLKKMHOFFAH98CB,埔子段北門埔子小段,.05,都市：商
RPWPOLKKMHOFFAH98CB,埔子段北門埔子小段,.68,都市：商
RPWPOLKKMHOFFAH98CB,埔子段北門埔子小段,.03,都市：商
RPQPOLKKMHOFFAH38CB,埔子段北門埔子小段,6.75,都市：商
RPQPOLKKMHOFFAH38CB,埔子段北門埔子小段,4.40,都市：商
RPQPOLKKMHOFFAH38CB,埔子段北門埔子小段,1.10,都市：商
RPQPOLKKMHOFFAH38CB,埔子段北門埔子小段,.06,都市：商
RPQPOLKKMHOFFAH38CB,埔子段北門埔子小段,.84,都市：商
RPQPOLKKMHOFFAH38CB,埔子段北門埔子小段,.03,都市：商
RPOQOLKKMHOFFAH28CB,埔子段北門埔子小段,5.24,都市：商
RPOQOLKKMHOFFAH28CB,埔子段北門埔子小段,3.42,都市：商
RPOQOLKKMHOFFAH28CB,埔子段北門埔子小段,.86,都市：商
RPOQOLKKMHOFFAH28CB,埔子段北門埔子小段,.05,都市：商
RPOQOLKKMHOFFAH28CB,埔子段北門埔子小段,.65,都市：商
RPOQOLKKMHOFFAH28CB,埔子段北門埔子小段,.03,都市：商
RPVPOLKKMHOFFAH88CB,埔子段北門埔子小段,6.75,都市：商
RPVPOLKKMHOFFAH88CB,埔子段北門埔子小段,4.40,都市：商
RPVPOLKKMHOFFAH88CB,埔子段北門埔子小段,1.10,都市：商
RPVPOLKKMHOFFAH88CB,埔子段北門埔子小段,.06,都市：商
RPVPOLKKMHOFFAH88CB,埔子段北門埔子小段,.84,都市：商
RPVPOLKKMHOFFAH88CB,埔子段北門埔子小段,.03,都市：商
RPXPOLKKMHOFFAH09CB,埔子段北門埔子小段,5.48,都市：商
RPXPOLKKMHOFFAH09CB,埔子段北門埔子小段,3.57,都市：商
RPXPOLKKMHOFFAH09CB,埔子段北門埔子小段,.89,都市：商
RPXPOLKKMHOFFAH09CB,埔子段北門埔子小段,.05,都市：商
RPXPOLKKMHOFFAH09CB,埔子段北門埔子小段,.68,都市：商
RPXPOLKKMHOFFAH09CB,埔子段北門埔子小段,.03,都市：商
RPPNMLQKMHOFFAH68EB,中路三段,1.62,都市：住
RPPNMLQKMHOFFAH68EB,中路三段,14.98,都市：住
RPPNMLQKMHOFFAH68EB,中路三段,.16,都市：住
RPPNMLQKMHOFFAH68EB,中路三段,5.64,都市：住
