﻿編號,土地區段位置,土地移轉面積平方公尺,使用分區或編定
The serial number,land sector position,land shifting area square meter,the use zoning or compiles and checks
RPVNMLMKKHOFFAI48CA,湖子內段湖內小段,90.62,都市：住
RPPNMLQLKHOFFAI38CA,車店段車店小段,16.76,都市：住
RPWNMLTKKHOFFAI66CA,西門段二小段,10.40,都市：商
RPWNMLTKKHOFFAI66CA,西門段二小段,1.00,都市：商
RPWNMLTKKHOFFAI66CA,西門段二小段,12.60,都市：商
RPQNMLOLKHOFFAI28CA,長竹段,22.75,都市：住
RPSNMLOLKHOFFAI48CA,盧厝段,10.86,都市：住
RPOOMLOLKHOFFAI18CA,湖內段,17.39,都市：住
RPOOMLOLKHOFFAI18CA,湖內段,13.76,都市：住
RPQOMLQKKHOFFAI48CA,車店段車店小段,166.00,都市：住
RPRNMLOLKHOFFAI38CA,東門段七小段,8.42,都市：商
RPWNMLRJLHOFFAI09CA,湖子內段興安小段,109.89,都市：住
RPROMLRJLHOFFAI68CA,湖子內段興安小段,113.78,都市：住
RPQNMLRJLHOFFAI48CA,湖子內段興安小段,130.15,都市：住
RPQOMLRJLHOFFAI58CA,湖子內段興安小段,109.92,都市：住
RPPOMLRJLHOFFAI48CA,湖子內段興安小段,109.92,都市：住
RPTNMLRJLHOFFAI78CA,湖子內段興安小段,114.28,都市：住
RPXNMLRJLHOFFAI56CA,湖子內段興安小段,109.89,都市：住
RPOOMLRJLHOFFAI38CA,湖子內段興安小段,112.64,都市：住
RPVNMLRJLHOFFAI98CA,湖子內段興安小段,109.89,都市：住
RPUNMLRJLHOFFAI88CA,湖子內段興安小段,109.88,都市：住
RPVOMLNLKHOFFAI78CA,盧厝段,87.00,都市：農
RPVOMLNLKHOFFAI78CA,盧厝段,22.25,都市：農
RPWNMLPLKHOFFAI98CA,竹圍子段三小段,26.70,都市：住
RPQNMLOKKHOFFAI18CA,下路頭段,10.00,都市：住
RPWOMLNLKHOFFAI88CA,盧厝段,86.00,都市：農
RPWOMLNLKHOFFAI88CA,盧厝段,22.25,都市：農
RPUOMLNLKHOFFAI68CA,盧厝段,91.00,都市：農
RPUOMLNLKHOFFAI68CA,盧厝段,22.25,都市：農
RPQNMLTKKHOFFAI68CA,台斗坑段,80.00,都市：住
RPSNMLOKKHOFFAI58EA,堀川段,8.11,都市：住
RPSNMLOKKHOFFAI58EA,堀川段,3.32,都市：住
RPSNMLOKKHOFFAI58EA,堀川段,.36,都市：住
RPSNMLOKKHOFFAI58EA,堀川段,5.56,都市：住
RPSNMLOKKHOFFAI58EA,堀川段,4.95,都市：住
RPSNMLOKKHOFFAI58EA,堀川段,9.84,都市：住
RPSNMLOKKHOFFAI58EA,堀川段,4.18,都市：住
RPSNMLOKKHOFFAI58EA,堀川段,.46,都市：住
RPPNMLOKKHOFFAI08CA,白川段,34.25,都市：住
RPPOMLPLKHOFFAI38CA,盧厝段,43.56,都市：住
RPRNMLKLKHOFFAI18EA,下路頭段,7.07,都市：住
RPUNMLMLKHOFFAI48CA,港子坪段港坪小段,22.00,都市：住
RPVOMLMKLHOFFAI68CA,車店段車店小段,13.68,都市：住
RPPNMLRKKHOFFAI38CA,湖內段,75.00,都市：住
RPQNMLSKKHOFFAI58CA,溪東段,840.11,都市：農
RPSOMLMKLHOFFAI38CA,下路頭段,30.00,都市：住
RPSOMLMKLHOFFAI38CA,下路頭段,135.00,都市：住
RPSOMLMKLHOFFAI38CA,下路頭段,189.60,都市：住
RPSOMLMKLHOFFAI38CA,下路頭段,52.20,都市：其他
RPRNMLRLKHOFFAI68CA,太平段,9.65,都市：住
RPXNMLNKLHOFFAI88CA,育人段,18.72,都市：住
RPQNMLNKLHOFFAI18CA,遠東段,191.00,都市：工
RPQNMLNKLHOFFAI18CA,遠東段,5101.00,都市：工
RPQNMLNKLHOFFAI18CA,遠東段,3.00,都市：其他
RPQNMLNKLHOFFAI18CA,遠東段,234.00,都市：其他
RPQNMLNKLHOFFAI18CA,遠東段,26.00,都市：其他
RPWNMLNKLHOFFAI78CA,育人段,27.16,都市：住
RPOOMLNKLHOFFAI08CA,育人段,18.72,都市：住
RPSNMLPKKHOFFAI68EA,北門段七小段,6.53,都市：商
RPTNMLPKKHOFFAI58CA,遠東段,13.06,都市：住
RPXNMLLKLHOFFAI68CA,短竹段,1932.00,都市：農
RPPNMLPKKHOFFAI18CA,短竹段,34.17,都市：其他
RPPNMLNKLHOFFAI08CA,中山段三小段,60.00,都市：住
RPPNMLNKLHOFFAI08CA,中山段三小段,54.43,都市：住
RPPNMLNKLHOFFAI08CA,中山段三小段,60.00,都市：住
RPOPMLRJLHOFFAI48CA,竹圍子段,45.00,都市：住
RPROMLTKKHOFFAI88CA,堀川段,45.00,都市：住
RPUNMLOLKHOFFAI68CA,太平段,9.65,都市：住
RPWNMLOLKHOFFAI88CA,下路頭段,17.28,都市：住
RPWNMLOLKHOFFAI88CA,下路頭段,2.05,都市：住
RPWNMLOLKHOFFAI88CA,下路頭段,1.34,都市：住
RPWNMLOLKHOFFAI88CA,堀川段,2.82,都市：住
RPWNMLOLKHOFFAI88CA,堀川段,3.20,都市：住
RPQPMLLKLHOFFAI18CA,盧厝段,18.43,都市：農
RPQPMLLKLHOFFAI18CA,盧厝段,72.00,都市：農
RPQOMLLKLHOFFAI08CA,太平段,10.45,都市：住
RPPNMLTJLHOFFAI58CA,盧東段,15.90,都市：住
RPPNMLTJLHOFFAI58CA,盧東段,228.04,都市：住
RPPNMLTJLHOFFAI58CA,盧東段,.26,都市：住
RPPNMLTJLHOFFAI58CA,盧東段,13.93,都市：其他
RPPNMLTJLHOFFAI58CA,盧東段,7.06,都市：其他
RPPNMLTJLHOFFAI58CA,盧東段,11.92,都市：其他
RPPNMLTJLHOFFAI58CA,盧東段,20.06,都市：其他
RPXNMLOLKHOFFAI98CA,北園段,29.38,都市：住
RPXNMLOLKHOFFAI98CA,北園段,93.00,都市：住
RPOOMLPLKHOFFAI28CA,湖內段,75.00,都市：住
RPSNMLOKLHOFFAI48CA,竹圍子段,15.45,都市：住
RPSNMLOKLHOFFAI48CA,竹圍子段,106.00,都市：住
RPSNMLOKLHOFFAI48CA,竹圍子段,18.28,都市：住
RPRNMLTKKHOFFAI78CA,湖內段,20.35,都市：住
RPSNMLMLKHOFFAI28CA,港子坪段港坪小段,24.97,都市：住
RPVNMLMLKHOFFAI58CA,港子坪段,92.56,都市：住
RPVNMLTKKHOFFAI56CA,車店段車店小段,32.44,都市：住
RPUNMLOJLHOFFAI58CA,湖子內段興安小段,698.84,都市：住
RPRNMLLLKHOFFAI28EA,檜段一小段,119.00,都市：住
RPUOMLMKLHOFFAI58CA,湖內段,13.04,都市：住
RPQNMLPJLHOFFAI28CA,埤子頭段新厝小段,97.00,都市：住
RPPNMLKLKHOFFAI97EA,興村段,95.00,都市：住
RPSNMLOJLHOFFAI38CA,湖子內段興安小段,698.83,都市：住
RPQOMLSJLHOFFAI68CA,劉厝段劉厝小段,9.92,都市：住
RPTNMLTKKHOFFAI56EA,埤子頭段,14.38,都市：住
RPRNMLMKLHOFFAI18CA,竹圍子段二小段,9.63,都市：住
RPUNMLTKKHOFFAI66EA,劉厝段,62.00,都市：住
RPOOMLLKLHOFFAI87CA,育人段,89.17,都市：住
RPPNMLMLKHOFFAI97CA,堀川段,10.15,都市：住
RPPNMLMLKHOFFAI97CA,堀川段,10.15,都市：住
RPTNMLOLKHOFFAI58CA,港子坪段,1.58,都市：住
RPTNMLOLKHOFFAI58CA,港子坪段港坪小段,15.64,都市：住
RPVNMLKLKHOFFAI38CA,下路頭段,110.00,都市：住
RPTOMLNLKHOFFAI58CA,盧厝段,89.00,都市：農
RPTOMLNLKHOFFAI58CA,盧厝段,22.25,都市：農
RPSOMLNLKHOFFAI48CA,盧厝段,71.00,都市：農
RPSOMLNLKHOFFAI48CA,盧厝段,113.00,都市：農
RPSOMLNLKHOFFAI48CA,盧厝段,22.25,都市：農
RPROMLNLKHOFFAI38CA,彌陀段,127.00,都市：住
RPROMLNLKHOFFAI38CA,彌陀段,36.96,都市：住
RPROMLNLKHOFFAI38CA,彌陀段,6.74,都市：住
RPPOMLNLKHOFFAI18CA,彌陀段,182.00,都市：住
RPPOMLNLKHOFFAI18CA,彌陀段,36.96,都市：住
RPPOMLNLKHOFFAI18CA,彌陀段,6.74,都市：住
RPTNMLLLKHOFFAI48EA,太平段,314.00,都市：住
RPQNMLQKLHOFFAI48CA,港子坪段,140.00,都市：住
RPSNMLLLKHOFFAI38EA,中山段三小段,23.68,都市：住
RPPNMLPLKHOFFAI28CA,育人段,836.32,都市：農
RPOOMLMLKHOFFAI97CA,盧厝段,21.43,都市：住
RPRNMLQLKHOFFAI58CA,白川段,32.98,都市：住
RPOOMLQKLHOFFAI38CA,港子坪段港坪小段,22.66,都市：住
RPRNMLQKLHOFFAI58CA,東門段七小段,3.00,都市：商
RPRNMLQKLHOFFAI58CA,東門段七小段,96.00,都市：商
RPRNMLQKLHOFFAI58CA,東門段七小段,146.00,都市：商
RPRNMLQKLHOFFAI58CA,東門段七小段,4.00,都市：商
RPWNMLLLKHOFFAI58CA,遠東段,11.20,都市：住
RPPNMLLLKHOFFAI87CA,白川段,34.83,都市：住
RPPNMLQKLHOFFAI38CA,短竹段,3.59,都市：住
RPSNMLPLKHOFFAI58CA,遠東段,16.47,都市：住
RPRNMLPLKHOFFAI48CA,大溪段,143.32,都市：住
RPVNMLLKLHOFFAI48CA,湖子內段興安小段,156.51,都市：住
RPTNMLQJLHOFFAI68CA,玉川段,265.00,都市：住
RPTNMLQJLHOFFAI68CA,玉川段,236.00,都市：住
RPPNMLRJLHOFFAI38CA,台斗坑段,15.13,都市：住
RPPNMLRJLHOFFAI38CA,台斗坑段,.01,都市：其他
RPUNMLLKLHOFFAI38CA,新富段六小段,61.00,都市：住
RPPOMLOLKHOFFAI28CA,大溪段,194.57,都市：住
RPSNMLMKLHOFFAI28CA,竹圍子段,14.49,都市：住
RPPOMLLKLHOFFAI97CA,東川段,151.00,都市：住
RPVNMLPLKHOFFAI88CA,劉厝段玉山小段,624.38,都市：住
RPUNMLPLKHOFFAI78CA,劉厝段玉山小段,624.38,都市：住
RPQNMLTJLHOFFAI68CA,盧東段,13.93,都市：其他
RPQNMLTJLHOFFAI68CA,盧東段,15.90,都市：住
RPQNMLTJLHOFFAI68CA,盧東段,223.13,都市：住
RPQNMLTJLHOFFAI68CA,盧東段,.26,都市：住
RPQNMLTJLHOFFAI68CA,盧東段,7.06,都市：其他
RPQNMLTJLHOFFAI68CA,盧東段,11.92,都市：其他
RPQNMLTJLHOFFAI68CA,盧東段,20.06,都市：其他
RPSOMLSJLHOFFAI88CA,短竹段,7.16,都市：住
RPROMLSJLHOFFAI78CA,長竹段,29.42,都市：住
RPXNMLSJLHOFFAI66CA,港子坪段港坪小段,63.00,都市：住
RPXNMLSJLHOFFAI66CA,港子坪段港坪小段,134.00,都市：住
RPTNMLOJLHOFFAI48CA,遠東段,17.03,都市：住
RPRNMLNLKHOFFAI28CA,港子坪段,9.98,都市：住
RPUNMLQJLHOFFAI78CA,下路頭段,78.00,都市：住
RPUNMLQJLHOFFAI78CA,下路頭段,6.00,都市：住
RPPNMLPLKHOFFAI48EA,車店段車店小段,4.96,都市：住
RPPNMLPJLHOFFAI38EA,陳厝段,229.67,都市：住
RPVNMLOLKHOFFAI78CA,短竹段,11.09,都市：住
RPOPMLNLKHOFFAI18CA,北社尾段保安小段,81.00,都市：住
RPOPMLNLKHOFFAI18CA,北社尾段保安小段,3.25,都市：住
RPOPMLNLKHOFFAI18CA,北社尾段保安小段,.30,都市：住
RPOPMLNLKHOFFAI18CA,北社尾段保安小段,.13,都市：住
RPOPMLNLKHOFFAI18CA,北社尾段保安小段,.27,都市：住
RPQNMLNLKHOFFAI28DA,湖內段,13.20,都市：商
RPTNMLPLKHOFFAI68CA,遠東段,17.64,都市：住
RPWNMLLKLHOFFAI58CA,堀川段,36.48,都市：住
RPWNMLLKLHOFFAI58CA,堀川段,1.85,都市：其他
RPPNMLNLKHOFFAI28EA,遠東段,14.35,都市：住
RPQPMLNLKHOFFAI38CA,竹圍子段三小段,21.79,都市：住
RPVNMLNLKHOFFAI68CA,車店段,25.33,都市：住
RPVNMLNLKHOFFAI68CA,白川段,4.27,都市：住
RPSNMLNLKHOFFAI38CA,湖子內段湖內小段,.00,都市：住
RPSNMLNLKHOFFAI38CA,湖子內段湖內小段,95.00,都市：住
RPSNMLNLKHOFFAI38CA,湖子內段湖內小段,.00,都市：住
RPSNMLNLKHOFFAI38CA,湖子內段湖內小段,.36,都市：住
RPSNMLNLKHOFFAI38CA,湖子內段湖內小段,2.00,都市：住
RPTOMLLKLHOFFAI38CA,下路頭段,32.98,都市：住
RPTOMLLKLHOFFAI38CA,下路頭段,77.00,都市：住
RPSNMLQKLHOFFAI68CA,竹圍子段,16.00,都市：住
RPSNMLQKLHOFFAI68CA,竹圍子段,350.00,都市：住
RPOOMLLLKHOFFAI87CA,車店段車店小段,6.24,都市：住
RPUOMLLKLHOFFAI48CA,盧厝段,96.00,都市：住
RPXNMLQKLHOFFAI56CA,遠東段,70.00,都市：住
RPXNMLQKLHOFFAI56CA,遠東段,16.00,都市：住
RPQNMLRLKHOFFAI58CA,竹圍子段,20.83,都市：住
RPSOMLRJLHOFFAI78CA,湖子內段興安小段,109.92,都市：住
RPROMLLKLHOFFAI18CA,湖子內段新民小段,165.29,都市：住
RPTNMLQLKHOFFAI78CA,盧厝段,113.00,都市：住
RPWNMLSJLHOFFAI56CA,興村段,22.55,都市：住
RPWNMLSJLHOFFAI56CA,興村段,68.00,都市：住
RPPNMLQJLHOFFAI28CA,白川段,17.00,都市：住
RPPNMLQJLHOFFAI28CA,白川段,3.50,都市：住
RPPNMLQJLHOFFAI28CA,白川段,2.50,都市：住
RPPNMLQJLHOFFAI28CA,白川段,.50,都市：住
RPSOMLLKLHOFFAI28CA,劉厝段,74.00,都市：住
RPXNMLQLKHOFFAI56CA,下埤段,417.56,都市：農
RPRNMLOKLHOFFAI38CA,八掌段,50.32,都市：住
RPRNMLOKLHOFFAI38CA,八掌段,.50,都市：住
RPRNMLOKLHOFFAI38CA,八掌段,95.47,都市：農
RPSNMLQLKHOFFAI68CA,頂庄段,3.60,都市：住
RPWNMLQLKHOFFAI09CA,鳥岫段,292.17,都市：農
RPVNMLQLKHOFFAI98CA,頂庄段,32.00,都市：住
RPVNMLQLKHOFFAI98CA,頂庄段,42.00,都市：住
RPSOMLSKLHOFFAI98CA,下路頭段,36.48,都市：住
RPSOMLSKLHOFFAI98CA,下路頭段,.35,都市：住
RPQNMLOJLHOFFAI18CA,竹圍子段三小段,35.60,都市：住
RPOOMLSJLHOFFAI48CA,同興段,28.20,都市：住
RPRNMLRJLHOFFAI58CA,頂庄段,111.00,都市：住
RPQOMLKLLHOFFAI08CA,長竹段,22.76,都市：住
RPTNMLQKLHOFFAI78CA,下路頭段,71.00,都市：住
RPTNMLQKLHOFFAI78CA,下路頭段,14.75,都市：住
RPTNMLQKLHOFFAI78CA,下路頭段,16.93,都市：住
RPTNMLQKLHOFFAI78CA,下路頭段,2.73,都市：住
RPPOMLSJLHOFFAI58CA,元段五小段,13.00,都市：商
RPPOMLSJLHOFFAI58CA,元段五小段,36.00,都市：商
RPPOMLSJLHOFFAI58CA,元段五小段,4.00,都市：商
RPPOMLSJLHOFFAI58CA,元段五小段,3.00,都市：商
RPXOMLRJLHOFFAI86EA,竹圍子段中興小段,15.08,都市：住
RPSOMLQKLHOFFAI78CA,竹圍子段,.14,都市：住
RPSOMLQKLHOFFAI78CA,竹圍子段,25.63,都市：住
RPXOMLLKLHOFFAI78CA,中山段三小段,.14,都市：住
RPXOMLLKLHOFFAI78CA,中山段三小段,22.18,都市：住
RPUPMLLKLHOFFAI68DA,港子坪段港坪小段,98.00,都市：住
RPPNMLKLLHOFFAI87CA,短竹段,12.38,都市：住
RPPNMLRLKHOFFAI68EA,中山段六小段,14.15,都市：住
RPXNMLMLLHOFFAI88CA,大溪段,1519.80,都市：住
RPXNMLMLLHOFFAI88CA,大溪段,29.12,都市：其他
RPOOMLMLLHOFFAI08CA,大溪段,599.73,都市：住
RPOOMLMLLHOFFAI08CA,大溪段,155.30,都市：其他
RPOOMLMLLHOFFAI08CA,大溪段,103.73,都市：住
RPOOMLMLLHOFFAI08CA,大溪段,365.62,都市：住
RPOOMLMLLHOFFAI08CA,溪東段,1104.05,都市：住
RPRNMLOJLHOFFAI28CA,劉厝段劉厝小段,68.00,都市：住
RPOPMLLKLHOFFAI97CA,彌陀段,21.58,都市：住
RPROMLKLLHOFFAI18CA,下路頭段,72.00,都市：住
RPUNMLQKLHOFFAI88CA,盧厝段,41.69,都市：住
RPRNMLPJLHOFFAI38CA,湖子內段湖內小段,1563.00,都市：其他
RPRNMLPJLHOFFAI38CA,湖子內段湖內小段,521.00,都市：其他
RPUOMLPLLHOFFAI98CA,下路頭段,77.00,都市：住
RPVNMLQKLHOFFAI98CA,遠東段,17.31,都市：住
RPWOMLPLLHOFFAI56CA,東川段,39.59,都市：住
RPWOMLPLLHOFFAI56CA,東川段,91.00,都市：住
RPSNMLPJLHOFFAI48CA,湖子內段新民小段,679.51,都市：商
RPPNMLMJLHOFFAI87CA,港子坪段,1.58,都市：住
RPPNMLMJLHOFFAI87CA,港子坪段港坪小段,15.64,都市：住
RPPOMLMLLHOFFAI18CA,湖子內段興安小段,79.17,都市：住
RPPOMLMLLHOFFAI18CA,湖子內段興安小段,1.00,都市：住
RPQOMLMLLHOFFAI28CA,湖子內段興安小段,79.14,都市：住
RPQOMLMLLHOFFAI28CA,湖子內段興安小段,1.00,都市：住
RPRNMLPLLHOFFAI58CA,湖子內段湖美小段,123.92,都市：商
RPRNMLPLLHOFFAI58CA,湖子內段湖美小段,121.46,都市：商
RPRNMLPLLHOFFAI58CA,湖子內段湖美小段,121.46,都市：商
RPRNMLPLLHOFFAI58CA,湖子內段湖美小段,121.46,都市：商
RPRNMLPLLHOFFAI58CA,湖子內段湖美小段,121.45,都市：商
RPRNMLPLLHOFFAI58CA,湖子內段湖美小段,123.93,都市：商
RPTOMLSKLHOFFAI09CA,彌陀段,113.00,都市：住
RPPNMLMLLHOFFAI08CA,軍輝段,13.05,都市：住
RPVOMLLKLHOFFAI58CA,埤子頭段,86.00,都市：其他
RPVOMLLKLHOFFAI58CA,埤子頭段,13.00,都市：住
RPVOMLLKLHOFFAI58CA,埤子頭段,9.00,都市：其他
RPXNMLPJLHOFFAI98CA,埤子頭段,6.34,都市：住
RPRNMLNLLHOFFAI38CA,北社尾段,95.00,都市：住
RPRNMLNLLHOFFAI38CA,北社尾段,65.00,都市：住
RPRNMLNLLHOFFAI38CA,北社尾段,2.00,都市：住
RPPPMLRJLHOFFAI58CA,竹圍子段二小段,406.00,都市：住
RPPOMLNKLHOFFAI18CA,湖內段,351.00,都市：工
RPPOMLNKLHOFFAI18CA,湖內段,58.00,都市：工
RPVOMLRJLHOFFAI09CA,北社尾段保安小段,91.00,都市：住
RPWOMLRJLHOFFAI56CA,元段三小段,16.67,都市：商
RPSPMLRJLHOFFAI88CA,湖東段,105.00,都市：住
RPTNMLSJLHOFFAI88CA,湖內段,442.00,都市：住
RPQNMLSJLHOFFAI58CA,盧厝段,13.06,都市：住
RPUOMLRJLHOFFAI98CA,竹圍子段,24.39,都市：住
RPUNMLRLLHOFFAI09CA,湖子內段興安小段,112.50,都市：住
RPTNMLRLLHOFFAI98CA,湖子內段興安小段,112.71,都市：住
RPWNMLRLLHOFFAI66CA,湖子內段興安小段,114.86,都市：住
RPSNMLRLLHOFFAI88CA,湖子內段興安小段,112.71,都市：住
RPRNMLRLLHOFFAI78CA,湖子內段興安小段,90.09,都市：住
RPQNMLRLLHOFFAI68CA,湖子內段興安小段,92.69,都市：住
RPWNMLQJLHOFFAI98CA,玉川段,10.62,都市：住
RPWNMLQJLHOFFAI98CA,玉川段,68.00,都市：住
RPXNMLQJLHOFFAI09CA,下路頭段,26.80,都市：住
RPTPMLLKLHOFFAI48CA,下路頭段,27.40,都市：住
RPXOMLPLLHOFFAI66CA,東門段七小段,11.60,都市：商
RPRNMLTJLHOFFAI78CA,短竹段,3.49,都市：住
RPQNMLQJLHOFFAI38CA,下路頭段,64.00,都市：住
RPPNMLOKLHOFFAI18CA,北社尾段,13.78,都市：住
RPQOMLQKLHOFFAI58CA,短竹段,3.74,都市：住
RPQNMLKLLHOFFAI97CA,盧厝段,21.61,都市：住
RPTNMLLKLHOFFAI28CA,盧東段,18.07,都市：住
RPTNMLLKLHOFFAI28CA,盧東段,78.61,都市：住
RPROMLMLLHOFFAI38CA,湖子內段興安小段,79.10,都市：住
RPROMLMLLHOFFAI38CA,湖子內段興安小段,1.00,都市：住
RPSNMLTLLHOFFAI09CA,竹圍子段,86.00,都市：住
RPSNMLTLLHOFFAI09CA,竹圍子段,24.76,都市：住
RPSNMLTLLHOFFAI09CA,竹圍子段,.25,都市：住
RPSNMLTLLHOFFAI09CA,竹圍子段,4.00,都市：住
RPSOMLMLLHOFFAI48CA,湖子內段興安小段,6.51,都市：住
RPSOMLMLLHOFFAI48CA,湖子內段興安小段,127.32,都市：住
RPWNMLSKLHOFFAI66CA,下路頭段,16.93,都市：住
RPTOMLMLLHOFFAI58CA,湖子內段興安小段,164.37,都市：住
RPTOMLMLLHOFFAI58CA,湖子內段興安小段,6.52,都市：住
RPQNMLPKLHOFFAI38CA,湖子內段新民小段,13.86,都市：商
RPTNMLNLLHOFFAI58CA,竹圍子段,16.84,都市：住
RPWNMLQLLHOFFAI56CA,溪東段,88.04,都市：住
RPPNMLPKLHOFFAI28CA,遠東段,143.00,都市：住
RPRPMLLKLHOFFAI28CA,下路頭段,24.58,都市：住
RPRPMLLKLHOFFAI28CA,下路頭段,69.00,都市：住
RPTOMLRJLHOFFAI88CA,下路頭段,22.67,都市：住
RPTOMLRJLHOFFAI88CA,下路頭段,18.58,都市：其他
RPTOMLRJLHOFFAI88CA,下路頭段,27.50,都市：住
RPUNMLPLLHOFFAI88CA,湖子內段興安小段,96.36,都市：住
RPPNMLLJMHOFFAI87CA,彌陀段,.25,都市：住
RPPNMLLJMHOFFAI87CA,彌陀段,92.00,都市：住
RPPNMLLJMHOFFAI87CA,彌陀段,21.50,都市：住
RPSPMLLKLHOFFAI38CA,興村段,92.00,都市：住
RPRNMLSJLHOFFAI68CA,竹圍子段,.14,都市：住
RPRNMLSJLHOFFAI68CA,竹圍子段,57.64,都市：住
RPSNMLSJLHOFFAI78CA,同興段,5355.00,都市：工
RPPNMLSJLHOFFAI48CA,下路頭段,9.00,都市：住
RPTOMLSJLHOFFAI98CA,湖子內段新民小段,454.33,都市：商
RPTPMLRJLHOFFAI98CA,元段六小段,1.77,都市：商
RPRPMLRJLHOFFAI78CA,劉厝段劉厝小段,76.00,都市：住
RPWOMLLKLHOFFAI68CA,堀川段,7.00,都市：住
RPWOMLLKLHOFFAI68CA,堀川段,66.00,都市：住
RPSNMLTJLHOFFAI88CA,下路頭段,10.53,都市：住
RPOPMLRJLHOFFAI68EA,竹圍子段中興小段,15.48,都市：住
RPSNMLNLLHOFFAI48CA,車店段車店小段,30.69,都市：住
RPVOMLMLLHOFFAI78CA,竹圍子段三小段,15.50,都市：住
RPSNMLLMLHOFFAI38CA,湖子內段興安小段,100.24,都市：住
RPTOMLLMLHOFFAI58CA,湖子內段興安小段,92.40,都市：住
RPOOMLLMLHOFFAI08CA,湖子內段興安小段,83.63,都市：住
RPUNMLLMLHOFFAI58CA,湖子內段興安小段,84.24,都市：住
RPPOMLSKLHOFFAI68CA,遠東段,24.68,都市：住
RPPPMLLKLHOFFAI08CA,竹圍子段,20.53,都市：住
RPPNMLMKLHOFFAI97CA,興村段,1.55,都市：商
RPPNMLMKLHOFFAI97CA,興村段,9.34,都市：商
RPUOMLLLLHOFFAI58CA,竹圍子段二小段,42.22,都市：住
RPQNMLSKLHOFFAI68CA,同興段,50.00,都市：工
RPQNMLSKLHOFFAI68CA,同興段,4.00,都市：工
RPQNMLSKLHOFFAI68CA,同興段,365.00,都市：其他
RPQNMLSKLHOFFAI68CA,同興段,1581.00,都市：工
RPTOMLLLLHOFFAI48CA,車店段車店小段,96.00,都市：住
RPTOMLLLLHOFFAI48CA,車店段車店小段,96.00,都市：住
RPTOMLLLLHOFFAI48CA,車店段車店小段,101.00,都市：住
RPRNMLNKLHOFFAI28CA,彌陀段,120.00,都市：住
RPRNMLNKLHOFFAI28CA,彌陀段,19.57,都市：住
RPRNMLNKLHOFFAI28CA,彌陀段,.14,都市：住
RPROMLQKLHOFFAI68CA,盧厝段,43.56,都市：住
RPTOMLMKLHOFFAI48CA,台斗坑段,9.78,都市：住
RPTOMLMKLHOFFAI48CA,台斗坑段,9.78,都市：住
RPTOMLMKLHOFFAI48CA,台斗坑段,.00,都市：其他
RPTOMLMKLHOFFAI48CA,台斗坑段,.00,都市：其他
RPROMLSKLHOFFAI88CA,盧厝段,79.00,都市：住
RPROMLSKLHOFFAI88CA,盧厝段,17.46,都市：住
RPPNMLLLLHOFFAI97CA,竹圍子段,80.00,都市：住
RPSOMLLLLHOFFAI38CA,中庄段,41.33,都市：住
RPQPMLPLLHOFFAI68CA,西門段四小段,8.58,都市：商
RPTNMLTKLHOFFAI09CA,竹圍子段,18.15,都市：住
RPVNMLLMLHOFFAI68CA,湖子內段興安小段,88.64,都市：住
RPTNMLLMLHOFFAI48CA,湖子內段興安小段,120.96,都市：住
RPOOMLOJMHOFFAI18CA,劉厝段玉山小段,52.38,都市：住
RPTNMLTLLHOFFAI56CA,彌陀段日新小段,465.34,都市：住
RPROMLLLLHOFFAI28CA,竹圍子段,22.58,都市：住
RPOOMLNJMHOFFAI08CA,湖子內段興安小段,771.37,都市：住
RPQNMLLMLHOFFAI18CA,湖子內段興安小段,99.63,都市：住
RPQOMLKMLHOFFAI18CA,短竹段,40.11,都市：其他
RPVOMLLLLHOFFAI68CA,下路頭段,11.67,都市：住
RPVOMLLLLHOFFAI68CA,下路頭段,.01,都市：住
RPVNMLNJMHOFFAI68CA,下路頭段,47.00,都市：住
RPVNMLNJMHOFFAI68CA,下路頭段,6.00,都市：住
RPVNMLNJMHOFFAI68CA,下路頭段,7.00,都市：住
RPWNMLMLLHOFFAI78CA,何庄段,44.53,都市：住
RPWNMLNJMHOFFAI78CA,荖藤段,2.25,都市：其他
RPWNMLNJMHOFFAI78CA,荖藤段,58.00,都市：住
RPWNMLNJMHOFFAI78CA,荖藤段,9.00,都市：住
RPWNMLNJMHOFFAI78CA,荖藤段,111.75,都市：其他
RPXNMLNJMHOFFAI88CA,短竹段,19.33,都市：住
RPPOMLQKLHOFFAI48CA,短竹段,6.07,都市：住
RPPOMLLMLHOFFAI18CA,湖子內段興安小段,85.50,都市：住
RPUOMLLMLHOFFAI68CA,湖子內段興安小段,94.66,都市：住
RPQOMLNJMHOFFAI28CA,北園段,80.00,都市：住
RPTNMLNKLHOFFAI68EA,中庄段,42.46,都市：住
RPSNMLNKLHOFFAI38CA,白川段,45.98,都市：住
RPQNMLNLLHOFFAI28CA,新富段五小段,54.00,都市：商
RPQNMLNLLHOFFAI28CA,新富段五小段,54.00,都市：商
RPPNMLNLLHOFFAI18CA,車店段車店小段,83.00,都市：住
RPVNMLNKLHOFFAI88EA,東川段,24.58,都市：住
RPPOMLNJMHOFFAI18CA,湖子內段興安小段,110.88,都市：住
RPPOMLNJMHOFFAI18CA,湖子內段興安小段,107.28,都市：住
RPPOMLNJMHOFFAI18CA,湖子內段興安小段,107.32,都市：住
RPPOMLNJMHOFFAI18CA,湖子內段興安小段,107.37,都市：住
RPPOMLNJMHOFFAI18CA,湖子內段興安小段,107.41,都市：住
RPPOMLNJMHOFFAI18CA,湖子內段興安小段,107.45,都市：住
RPPOMLNJMHOFFAI18CA,湖子內段興安小段,107.49,都市：住
RPPOMLNJMHOFFAI18CA,湖子內段興安小段,107.54,都市：住
RPPOMLNJMHOFFAI18CA,湖子內段興安小段,107.58,都市：住
RPPOMLNJMHOFFAI18CA,湖子內段興安小段,107.62,都市：住
RPPOMLNJMHOFFAI18CA,湖子內段興安小段,107.66,都市：住
RPPOMLNJMHOFFAI18CA,湖子內段興安小段,111.54,都市：住
RPTOMLNJMHOFFAI58CA,盧厝段,59.00,都市：住
RPTNMLSKLHOFFAI98CA,溪厝段,3878.96,都市：農
RPUNMLSKLHOFFAI09CA,溪厝段,3911.30,都市：農
RPOOMLTJMHOFFAI68CA,下路頭段,73.00,都市：住
RPTNMLSJMHOFFAI98CA,港子坪段,45.00,都市：住
RPQNMLOKLHOFFAI28CA,玉川段,200.00,都市：住
RPRNMLKLLHOFFAI08CA,湖子內段興安小段,45.51,都市：住
RPRNMLKLLHOFFAI08CA,湖子內段興安小段,88.33,都市：住
RPQNMLLLLHOFFAI08CA,竹圍子段,72.00,都市：住
RPQNMLLLLHOFFAI08CA,竹圍子段,6.00,都市：住
RPVNMLSKLHOFFAI56CA,湖內段,10.95,都市：住
RPVNMLSKLHOFFAI56CA,湖內段,8.66,都市：住
RPSNMLKLLHOFFAI18CA,湖子內段興安小段,46.44,都市：住
RPSNMLKLLHOFFAI18CA,湖子內段興安小段,11.78,都市：住
RPUNMLKLLHOFFAI38CA,湖子內段興安小段,40.77,都市：住
RPVNMLKLLHOFFAI48CA,湖子內段興安小段,37.73,都市：住
RPRQMLNJMHOFFAI58CA,同興段,19.14,都市：住
RPTOMLPLLHOFFAI88CA,湖子內段新民小段,816.45,都市：住
RPPPMLPLLHOFFAI58CA,榮段五小段,99.00,都市：商
RPUNMLLLLHOFFAI58DA,育人段,16.34,都市：住
RPUNMLLLLHOFFAI58DA,育人段,80.46,都市：住
RPUOMLMLLHOFFAI68CA,湖子內段興安小段,83.24,都市：住
RPUOMLMLLHOFFAI68CA,湖子內段興安小段,6.52,都市：住
RPWOMLLLLHOFFAI78CA,竹圍子段一小段,11.13,都市：住
RPOPMLSJMHOFFAI88EA,太平段,80.00,都市：住
RPXNMLSKLHOFFAI76CA,埤子頭段,15.00,都市：商
RPXNMLSKLHOFFAI76CA,埤子頭段,45.00,都市：商
RPQNMLNJMHOFFAI18CA,竹圍子段二小段,17.80,都市：住
RPOOMLSKLHOFFAI78EA,末廣段三小段,15.00,都市：商
RPOOMLSKLHOFFAI78EA,末廣段三小段,15.00,都市：商
RPPQMLNJMHOFFAI38CA,遠東段,14.18,都市：住
RPQOMLLMLHOFFAI28CA,湖子內段興安小段,87.13,都市：住
RPTNMLKLLHOFFAI48EA,民族段五小段,11.00,都市：住
RPTNMLKLLHOFFAI48EA,民族段五小段,11.00,都市：住
RPTNMLKLLHOFFAI48EA,民族段五小段,7.50,都市：住
RPTNMLKLLHOFFAI48EA,民族段五小段,7.50,都市：住
RPROMLLMLHOFFAI38CA,湖子內段興安小段,88.39,都市：住
RPROMLSJMHOFFAI88CA,檜段六小段,9.00,都市：商
RPTPMLNJMHOFFAI68CA,港子坪段,88.00,都市：住
RPTPMLNJMHOFFAI68CA,港子坪段,2.00,都市：住
RPTPMLNJMHOFFAI68CA,港子坪段,1.00,都市：住
RPSPMLNJMHOFFAI58CA,港子坪段,88.00,都市：住
RPSPMLNJMHOFFAI58CA,港子坪段,3.00,都市：住
RPSPMLNJMHOFFAI58CA,港子坪段,1.00,都市：住
RPWNMLQKLHOFFAI09CA,興村段,34.00,都市：住
RPXNMLTLLHOFFAI96CA,劉厝段玉山小段,86.71,都市：住
RPWNMLLMLHOFFAI78CA,湖子內段興安小段,94.12,都市：住
RPQNMLKKMHOFFAI97CA,仁義段,14.16,都市：住
RPOOMLTLLHOFFAI78CA,劉厝段玉山小段,86.58,都市：住
RPXNMLKMLHOFFAI78CA,車店段,53.00,都市：住
RPPOMLTLLHOFFAI88CA,劉厝段玉山小段,86.44,都市：住
RPWNMLTLLHOFFAI86CA,劉厝段玉山小段,97.90,都市：住
RPVOMLSKLHOFFAI66CA,興村段,17.00,都市：住
RPVOMLSKLHOFFAI66CA,興村段,54.00,都市：住
RPUNMLTKLHOFFAI56CA,堀川段,36.45,都市：住
RPUNMLTKLHOFFAI56CA,堀川段,1.89,都市：住
RPPOMLKLLHOFFAI97CA,埤子頭段,78.00,都市：住
RPOOMLKMLHOFFAI97CA,車店段,70.00,都市：住
RPPOMLKMLHOFFAI08CA,港子坪段港坪小段,5.70,都市：住
RPUOMLKMLHOFFAI58CA,太平段,17.01,都市：住
RPUOMLKMLHOFFAI58CA,盧厝段,6.99,都市：住
RPWNMLLLLHOFFAI68CA,竹圍子段二小段,3.91,都市：商
RPVNMLPLLHOFFAI98CA,湖子內段興安小段,96.33,都市：住
RPQOMLTLLHOFFAI98CA,彌陀段,158.00,都市：住
RPQOMLTLLHOFFAI98CA,彌陀段,36.96,都市：住
RPQOMLTLLHOFFAI98CA,彌陀段,6.74,都市：住
RPWQMLNJMHOFFAI09CA,埤子頭段,28.50,都市：住
RPWPMLNJMHOFFAI98CA,竹圍子段,30.90,都市：住
RPWPMLNJMHOFFAI98CA,竹圍子段,102.00,都市：住
RPWPMLNJMHOFFAI98CA,竹圍子段,124.00,都市：住
RPWPMLNJMHOFFAI98CA,竹圍子段,36.55,都市：住
RPVNMLLLLHOFFAI68DA,湖內段,5.00,都市：住
RPVNMLLLLHOFFAI68DA,湖內段,184.00,都市：住
RPUPMLNJMHOFFAI78CA,下路頭段,24.59,都市：住
RPQNMLTKLHOFFAI98EA,南門段三小段,4.00,都市：商
RPQNMLTKLHOFFAI98EA,南門段三小段,33.00,都市：商
RPUOMLNJMHOFFAI68CA,同興段,88.00,都市：住
RPSNMLTKLHOFFAI56EA,港子坪段,71.00,都市：住
RPSNMLTKLHOFFAI56EA,港子坪段,4.00,都市：住
RPPNMLKLLHOFFAI08EA,下路頭段,69.00,都市：住
RPXNMLLLLHOFFAI98EA,北社尾段,12.41,都市：住
RPWOMLLMLHOFFAI88CA,太平段,16.51,都市：住
RPWOMLLMLHOFFAI88CA,太平段,86.00,都市：住
RPUNMLNKMHOFFAI68CA,車店段,9.66,都市：住
RPUNMLNKMHOFFAI68CA,白川段,6.83,都市：住
RPRPMLPLLHOFFAI78CA,西門段四小段,7.09,都市：商
RPXNMLQLLHOFFAI66CA,白川段,6.12,都市：住
RPVNMLRLLHOFFAI56CA,湖子內段興安小段,112.50,都市：住
RPRNMLOKMHOFFAI48CA,長竹段,26.36,都市：住
RPOOMLLLLHOFFAI97CA,短竹段,293.00,都市：住
RPRNMLLMLHOFFAI28CA,湖子內段興安小段,100.27,都市：住
RPTNMLLKPHOFFAI78DA,元段六小段,80.00,都市：商
RPSNMLPLLHOFFAI68CA,白川段,2.89,都市：住
RPSNMLPLLHOFFAI68CA,車店段,30.51,都市：住
RPQNMLOKMHOFFAI38CA,竹圍子段友愛小段,87.00,都市：住
RPSNMLKMLHOFFAI28CA,下路頭段,106.00,都市：住
RPSNMLMLLHOFFAI38CA,太平段,82.00,都市：住
RPXOMLLLLHOFFAI88CA,竹圍子段,17.27,都市：住
RPXOMLLLLHOFFAI88CA,竹圍子段,5.11,都市：其他
RPOPMLLLLHOFFAI08CA,竹圍子段,14.10,都市：住
RPSOMLKMLHOFFAI38CA,同興段,27.34,都市：住
RPVOMLKMLHOFFAI68CA,中山段三小段,15.65,都市：住
RPQOMLLLLHOFFAI18CA,榮段三小段,9.09,都市：商
RPTNMLMLLHOFFAI48CA,埤子頭段新厝小段,10.91,都市：住
RPSNMLLLLHOFFAI28CA,下路頭段,523.00,都市：住
RPSNMLLLLHOFFAI28CA,下路頭段,67.00,都市：住
RPTOMLKMLHOFFAI48CA,育人段,20.18,都市：住
RPTOMLKMLHOFFAI48CA,育人段,66.56,都市：住
RPTNMLKMLHOFFAI38CA,白川段,6.53,都市：住
RPXNMLSLLHOFFAI86CA,頭港段,101.32,都市：住
RPSNMLOKMHOFFAI58CA,盧厝段,130.00,都市：住
RPUNMLKMLHOFFAI48CA,車店段車店小段,9.70,都市：住
RPUOMLQLLHOFFAI09CA,車店段,65.00,都市：住
RPTPMLSJMHOFFAI56CA,湖子內段興安小段,86.86,都市：住
RPTPMLSJMHOFFAI56CA,湖子內段興安小段,1.00,都市：住
RPUPMLSJMHOFFAI66CA,湖子內段興安小段,83.26,都市：住
RPUPMLSJMHOFFAI66CA,湖子內段興安小段,6.52,都市：住
RPVOMLNJMHOFFAI78CA,太平段,71.00,都市：住
RPOPMLNJMHOFFAI18CA,頭港段,2065.81,都市：農
RPWOMLNJMHOFFAI88CA,車店段車店小段,9.26,都市：住
RPSNMLSJMHOFFAI88CA,下路頭段,12.00,都市：其他
RPTOMLSJMHOFFAI09CA,湖內段,518.00,都市：其他
RPRNMLSJMHOFFAI78CA,下路頭段,5.00,都市：其他
RPUOMLSJMHOFFAI56CA,湖內段,98.00,都市：其他
RPXOMLNJMHOFFAI98CA,遠東段,80.00,都市：住
RPVOMLSJMHOFFAI66CA,湖內段,121.00,都市：其他
RPSOMLNJMHOFFAI48CA,中庄段,4.00,都市：住
RPSOMLNJMHOFFAI48CA,中庄段,91.00,都市：住
RPSOMLNJMHOFFAI48CA,中庄段,37.83,都市：住
RPSOMLNJMHOFFAI48CA,中庄段,4.00,都市：住
RPUNMLMLLHOFFAI78EA,港子坪段,72.00,都市：住
RPUNMLMLLHOFFAI78EA,港子坪段,4.00,都市：住
RPRNMLMLLHOFFAI48EA,遠東段,15.86,都市：住
RPPNMLPLLHOFFAI58EA,埤子頭段,43.00,都市：住
RPRNMLLLLHOFFAI38EA,港子坪段港坪小段,7.92,都市：住
RPSQMLNJMHOFFAI68CA,後庄段,88.00,都市：住
RPSQMLNJMHOFFAI68CA,後庄段,.19,都市：住
RPQQMLNJMHOFFAI48CA,短竹段,14.64,都市：住
RPVPMLNJMHOFFAI88CA,盧厝段,43.56,都市：住
RPVOMLLMLHOFFAI78CA,湖子內段興安小段,114.68,都市：住
RPUQMLNJMHOFFAI88CA,竹圍子段三小段,107.00,都市：住
RPVPMLSJMHOFFAI76CA,竹圍子段,54.00,都市：住
RPSOMLLMLHOFFAI48CA,湖子內段興安小段,91.04,都市：住
RPROMLQLLHOFFAI78CA,下路頭段,148.00,都市：住
RPPNMLRLLHOFFAI78EA,竹圍子段二小段,22.19,都市：商
RPVOMLPLLHOFFAI09CA,堀川段,53.00,都市：住
RPSPMLPLLHOFFAI88CA,下路頭段,12.50,都市：住
RPSPMLPLLHOFFAI88CA,下路頭段,12.50,都市：住
RPSPMLPLLHOFFAI88CA,下路頭段,35.00,都市：住
RPSPMLPLLHOFFAI88CA,下路頭段,35.00,都市：住
RPOPMLPLLHOFFAI48CA,埤子頭段,11.28,都市：住
RPTNMLPLLHOFFAI78CA,後庄段,96.00,都市：住
RPVNMLMLLHOFFAI68CA,遠東段,15.86,都市：住
RPWNMLSLLHOFFAI76CA,頭港段,101.32,都市：住
RPQNMLPKMHOFFAI58DA,竹圍子段三小段,11.52,都市：住
RPXNMLPLLHOFFAI56CA,末廣段五小段,60.00,都市：商
RPUNMLTJMHOFFAI56CA,堀川段,24.30,都市：住
RPQOMLPLLHOFFAI58CA,竹圍子段,36.00,都市：住
RPUNMLTLLHOFFAI66CA,堀川段,129.64,都市：住
RPUNMLTLLHOFFAI66CA,堀川段,12.46,都市：住
RPUNMLTLLHOFFAI66CA,堀川段,5.46,都市：住
RPROMLPLLHOFFAI68CA,湖子內段興安小段,105.25,都市：住
RPSOMLPLLHOFFAI78CA,湖子內段興安小段,54.81,都市：住
RPSOMLPLLHOFFAI78CA,湖子內段興安小段,54.81,都市：住
RPTNMLQLLHOFFAI88CA,中庄段,95.00,都市：住
RPTNMLQLLHOFFAI88CA,中庄段,83.00,都市：住
RPQOMLRLLHOFFAI78CA,短竹段,13.50,都市：其他
RPTOMLQLLHOFFAI98CA,竹圍子段三小段,26.60,都市：住
RPSNMLNKMHOFFAI48CA,港子坪段港坪小段,22.01,都市：住
RPVOMLQLLHOFFAI56CA,竹圍子段三小段,11.55,都市：住
RPVOMLQLLHOFFAI56CA,竹圍子段三小段,11.55,都市：住
RPPNMLMJMHOFFAI97CA,彌陀段,.25,都市：住
RPPNMLMJMHOFFAI97CA,彌陀段,88.00,都市：住
RPPNMLMJMHOFFAI97CA,彌陀段,21.50,都市：住
RPOSMLPKMHOFFAI78CA,頂庄段,89.00,都市：住
RPOOMLRLLHOFFAI58CA,竹圍子段三小段,13.67,都市：住
RPQSMLPKMHOFFAI98CA,車店段車店小段,25.82,都市：住
RPOOMLQKMHOFFAI48CA,東川段,178.00,都市：住
RPPNMLNKMHOFFAI18CA,下路頭段,47.00,都市：住
RPPNMLNKMHOFFAI18CA,下路頭段,104.00,都市：住
RPWNMLKMLHOFFAI68CA,竹村段,164.06,都市：住
RPWNMLKMLHOFFAI68CA,竹村段,10.78,都市：住
RPTNMLTJMHOFFAI09CA,下路頭段,24.59,都市：住
RPXNMLOJMHOFFAI98CA,下路頭段,70.00,都市：住
RPRNMLTJMHOFFAI88CA,湖子內段湖內小段,134.00,都市：住
RPPNMLOJMHOFFAI18CA,何庄段,48.18,都市：農
RPPNMLOJMHOFFAI18CA,何庄段,402.89,都市：農
RPPNMLOJMHOFFAI18CA,何庄段,12.01,都市：農
RPWNMLMKMHOFFAI78CA,中山段二小段,16.60,都市：住
RPWNMLMKMHOFFAI78CA,中山段二小段,24.40,都市：住
RPRNMLOJMHOFFAI38CA,何庄段,201.44,都市：農
RPRNMLOJMHOFFAI38CA,何庄段,201.44,都市：農
RPRNMLOJMHOFFAI38CA,何庄段,24.09,都市：農
RPRNMLOJMHOFFAI38CA,何庄段,24.09,都市：農
RPRNMLOJMHOFFAI38CA,何庄段,6.00,都市：農
RPRNMLOJMHOFFAI38CA,何庄段,6.00,都市：農
RPWNMLPLLHOFFAI66EA,北社尾段保安小段,100.00,都市：住
RPOOMLPLLHOFFAI58EA,下路頭段,10.00,都市：住
RPOOMLPLLHOFFAI58EA,下路頭段,10.00,都市：住
RPQNMLNKMHOFFAI28CA,長竹段,74.00,都市：住
RPPOMLRLLHOFFAI68CA,短竹段,13.50,都市：其他
RPPPMLRKMHOFFAI78CA,北門段五小段,.67,都市：商
RPXNMLRLLHOFFAI76CA,下路頭段,12.00,都市：住
RPSOMLQLLHOFFAI88CA,竹圍子段,17.97,都市：住
RPRPMLRKMHOFFAI98CA,元段三小段,32.00,都市：商
RPRPMLRKMHOFFAI98CA,元段三小段,17.00,都市：商
RPWOMLQLLHOFFAI66CA,湖內段,13.58,都市：商
RPRNMLKMLHOFFAI18CA,湖子內段湖美小段,727.28,都市：住
RPVNMLSLLHOFFAI66CA,西門段三小段,12.00,都市：商
RPVNMLSLLHOFFAI66CA,西門段三小段,49.00,都市：商
RPVNMLTLLHOFFAI76CA,彌陀段,28.50,都市：住
RPRNMLTLLHOFFAI98CA,車店段車店小段,103.00,都市：住
RPRNMLTLLHOFFAI98CA,車店段車店小段,1.00,都市：住
RPROMLKMLHOFFAI28CA,車店段車店小段,5.96,都市：住
RPVNMLSKMHOFFAI66CA,竹圍子段,98.00,都市：住
RPPNMLLMLHOFFAI08CA,湖子內段興安小段,105.13,都市：住
RPWOMLSJMHOFFAI76CA,竹圍子段二小段,16.11,都市：住
RPSNMLOJMHOFFAI48CA,下路頭段,14.68,都市：住
RPQOMLRKMHOFFAI78CA,港子坪段,59.00,都市：住
RPXNMLRKMHOFFAI76CA,車店段車店小段,80.00,都市：住
RPQNMLTKMHOFFAI88CA,下埤段,84.29,都市：農
RPSOMLTKMHOFFAI56CA,下路頭段,41.40,都市：住
RPWNMLMLMHOFFAI88CA,玉川段,65.00,都市：住
RPWNMLMLMHOFFAI88CA,玉川段,16.00,都市：住
RPWNMLMLMHOFFAI88CA,玉川段,13.00,都市：住
RPOQMLNJMHOFFAI28CA,檜段五小段,106.00,都市：商
RPOQMLNJMHOFFAI28CA,檜段五小段,23.00,都市：商
RPQOMLMJMHOFFAI18CA,何庄段,39.68,都市：住
RPPOMLTKMHOFFAI09EA,車店段車店小段,6.75,都市：住
RPWOMLTKMHOFFAI96CA,台斗坑段,22.24,都市：住
RPWOMLTKMHOFFAI96CA,台斗坑段,.01,都市：住
RPQNMLLJMHOFFAI97CA,後庄段,163.00,都市：住
RPRPMLNJMHOFFAI48CA,台斗坑段,29.70,都市：商
RPVOMLQKMHOFFAI56CA,湖子內段湖美小段,366.77,都市：住
RPQOMLQLLHOFFAI88EA,溪厝段,418.33,都市：農
RPWPMLSJMHOFFAI86CA,竹圍子段中興小段,12.29,都市：商
RPRNMLNJMHOFFAI28CA,北社尾段,47.00,都市：住
RPRNMLNJMHOFFAI28CA,北社尾段,6.00,都市：住
RPXPMLNJMHOFFAI09CA,劉厝段,52.00,都市：住
RPXOMLQKMHOFFAI76CA,竹圍子段二小段,19.76,都市：住
RPQOMLQKMHOFFAI68CA,盧厝段,89.00,都市：農
RPQOMLQKMHOFFAI68CA,盧厝段,22.25,都市：農
RPQNMLLJMHOFFAI18EA,溪東段,16.61,都市：住
RPQNMLLJMHOFFAI18EA,溪東段,41.63,都市：住
RPQNMLLJMHOFFAI18EA,溪東段,3.03,都市：住
RPUNMLOJMHOFFAI68CA,西門段六小段,2.58,都市：商
RPUNMLOJMHOFFAI68CA,新富段六小段,8.66,都市：商
RPXOMLLMLHOFFAI09DA,湖子內段湖美小段,336.79,都市：住
RPPNMLNJMHOFFAI28EA,溪東段,96.74,都市：住
RPPNMLQKNHOFFAI78EA,下路頭段,88.00,都市：住
RPQNMLMJMHOFFAI28EA,溪東段,79.78,都市：住
RPWNMLMJMHOFFAI78DA,長竹段,70.00,都市：住
RPUPMLSKMHOFFAI86DA,彌陀段日新小段,30.00,都市：住
RPVPMLSKMHOFFAI96DA,彌陀段日新小段,30.00,都市：住
RPWPMLSKMHOFFAI07DA,彌陀段日新小段,30.00,都市：住
RPXPMLSKMHOFFAI17DA,彌陀段日新小段,30.00,都市：住
RPRQMLSKMHOFFAI66DA,彌陀段日新小段,352.95,都市：住
RPPQMLSKMHOFFAI09DA,彌陀段日新小段,271.00,都市：住
RPQQMLSKMHOFFAI56DA,彌陀段日新小段,155.35,都市：住
RPOQMLSKMHOFFAI98DA,彌陀段日新小段,30.00,都市：住
RPTQMLSKMHOFFAI86DA,彌陀段日新小段,402.74,都市：住
RPSQMLSKMHOFFAI76DA,彌陀段日新小段,274.51,都市：住
RPTNMLSLLHOFFAI66EA,埤子頭段新厝小段,181.00,都市：住
RPPPMLSKMHOFFAI98DA,彌陀段日新小段,88.29,都市：住
RPOPMLSKMHOFFAI88DA,彌陀段日新小段,88.29,都市：住
RPXNMLSKMHOFFAI96DA,彌陀段日新小段,156.55,都市：住
RPOOMLSKMHOFFAI78DA,彌陀段日新小段,735.96,都市：住
RPPOMLSKMHOFFAI88DA,彌陀段日新小段,594.90,都市：住
RPWNMLLJMHOFFAI78EA,短竹段,15.41,都市：住
RPWNMLLJMHOFFAI78EA,短竹段,47.00,都市：住
RPRPMLSKMHOFFAI56DA,彌陀段日新小段,88.29,都市：住
RPSPMLSKMHOFFAI66DA,彌陀段日新小段,88.29,都市：住
RPPNMLTJMHOFFAI88EA,車店段,8.18,都市：住
RPPNMLTJMHOFFAI88EA,白川段,16.13,都市：住
RPQOMLSKMHOFFAI98DA,彌陀段日新小段,539.87,都市：住
RPROMLSKMHOFFAI09DA,彌陀段日新小段,313.67,都市：住
RPTOMLSKMHOFFAI66DA,彌陀段日新小段,254.84,都市：住
RPVOMLSKMHOFFAI86DA,彌陀段日新小段,254.84,都市：住
RPQPMLSKMHOFFAI09DA,彌陀段日新小段,88.29,都市：住
RPWOMLSKMHOFFAI96DA,彌陀段日新小段,387.76,都市：住
RPSOMLSKMHOFFAI56DA,彌陀段日新小段,457.42,都市：住
RPVNMLMJMHOFFAI78EA,盧厝段,11.74,都市：住
RPXRMLPKMHOFFAI96CA,竹圍子段,23.42,都市：住
RPSOMLRKMHOFFAI98CA,湖內段,29.67,都市：住
RPSOMLRKMHOFFAI98CA,湖內段,82.00,都市：住
RPVQMLNJMHOFFAI98CA,竹圍子段三小段,23.85,都市：住
RPPOMLRKMHOFFAI68CA,頭港段,655.78,都市：農
RPPOMLRKMHOFFAI68CA,頭港段,655.65,都市：農
RPPOMLRKMHOFFAI68CA,頭港段,504.29,都市：農
RPPOMLRKMHOFFAI68CA,頭港段,502.51,都市：農
RPPOMLRKMHOFFAI68CA,頭港段,856.74,都市：農
RPOOMLRKMHOFFAI58CA,遠東段,17.75,都市：住
RPOOMLMKMHOFFAI08CA,軍輝段,102.00,都市：住
RPUOMLPLMHOFFAI09CA,下路頭段,140.00,都市：住
RPPNMLKMLHOFFAI97CA,湖子內段興安小段,102.50,都市：住
RPVNMLKMLHOFFAI58CA,北園段,1471.00,都市：農
RPSOMLQKMHOFFAI88CA,港子坪段,176.00,都市：住
RPSOMLQKMHOFFAI88CA,港子坪段,1.60,都市：住
RPROMLTLLHOFFAI09CA,北園段,1704.00,都市：農
RPROMLTLLHOFFAI09CA,北園段,1777.00,都市：農
RPQNMLKMLHOFFAI08CA,榮段五小段,7.24,都市：商
RPPNMLNLMHOFFAI28CA,車店段,34.98,都市：住
RPSOMLSJMHOFFAI98CA,八掌段,2500.00,都市：農
RPUNMLSJMHOFFAI09CA,湖子內段興安小段,300.14,都市：住
RPPNMLQKMHOFFAI48CA,下路頭段,49.00,都市：住
RPVOMLPLMHOFFAI56CA,同興段,19.00,都市：工
RPVOMLPLMHOFFAI56CA,同興段,14.00,都市：工
RPVOMLPLMHOFFAI56CA,同興段,14.00,都市：工
RPVOMLPLMHOFFAI56CA,同興段,14.00,都市：工
RPVOMLPLMHOFFAI56CA,同興段,14.00,都市：工
RPVOMLPLMHOFFAI56CA,同興段,13.00,都市：工
RPVOMLPLMHOFFAI56CA,同興段,12.00,都市：工
RPVOMLPLMHOFFAI56CA,同興段,526.00,都市：工
RPVOMLPLMHOFFAI56CA,同興段,19.00,都市：工
RPVOMLPLMHOFFAI56CA,同興段,14.00,都市：工
RPVOMLPLMHOFFAI56CA,同興段,14.00,都市：工
RPVOMLPLMHOFFAI56CA,同興段,14.00,都市：工
RPVOMLPLMHOFFAI56CA,同興段,14.00,都市：工
RPVOMLPLMHOFFAI56CA,同興段,19.00,都市：工
RPVOMLPLMHOFFAI56CA,同興段,237.00,都市：工
RPVOMLPLMHOFFAI56CA,同興段,242.00,都市：工
RPVOMLPLMHOFFAI56CA,同興段,242.00,都市：工
RPVOMLPLMHOFFAI56CA,同興段,242.00,都市：工
RPVOMLPLMHOFFAI56CA,同興段,242.00,都市：工
RPVOMLPLMHOFFAI56CA,同興段,339.00,都市：工
RPVOMLPLMHOFFAI56CA,同興段,232.00,都市：工
RPVOMLPLMHOFFAI56CA,同興段,232.00,都市：工
RPVOMLPLMHOFFAI56CA,同興段,232.00,都市：工
RPVOMLPLMHOFFAI56CA,同興段,230.00,都市：工
RPVOMLPLMHOFFAI56CA,同興段,229.00,都市：工
RPVOMLPLMHOFFAI56CA,同興段,228.00,都市：工
RPVOMLPLMHOFFAI56CA,同興段,227.00,都市：工
RPVOMLPLMHOFFAI56CA,同興段,354.00,都市：工
RPVOMLPLMHOFFAI56CA,同興段,239.00,都市：工
RPVOMLPLMHOFFAI56CA,同興段,242.00,都市：工
RPVOMLPLMHOFFAI56CA,同興段,242.00,都市：工
RPVOMLPLMHOFFAI56CA,同興段,243.00,都市：工
RPVOMLPLMHOFFAI56CA,同興段,244.00,都市：工
RPVOMLPLMHOFFAI56CA,同興段,317.00,都市：工
RPPOMLLJMHOFFAI97CA,下路頭段,74.00,都市：住
RPRNMLMJMHOFFAI18CA,新富段二小段,21.73,都市：住
RPRNMLMJMHOFFAI18CA,新富段二小段,.07,都市：住
RPXOMLSKMHOFFAI07DA,彌陀段日新小段,88.29,都市：住
RPTNMLNKMHOFFAI58CA,下路頭段,4.89,都市：住
RPQOMLSJMHOFFAI78CA,盧厝段,20.89,都市：住
RPTPMLSKMHOFFAI76DA,彌陀段日新小段,30.00,都市：住
RPWQMLSKMHOFFAI17DA,彌陀段日新小段,356.47,都市：住
RPVQMLSKMHOFFAI07DA,彌陀段日新小段,367.14,都市：住
RPPPMLSJMHOFFAI98EA,北社尾段保安小段,63.00,都市：住
RPUNMLTKMHOFFAI86EA,中山段七小段,67.00,都市：商
RPXQMLSKMHOFFAI27DA,彌陀段日新小段,357.31,都市：商
RPPRMLSKMHOFFAI56DA,彌陀段日新小段,371.62,都市：商
RPORMLSKMHOFFAI09DA,彌陀段日新小段,339.05,都市：商
RPQNMLPLMHOFFAI58CA,鳥岫段,88.59,都市：住
RPQNMLPLMHOFFAI58CA,鳥岫段,21.87,都市：住
RPRNMLOLMHOFFAI58CA,中山段三小段,20.09,都市：住
RPVNMLTJMHOFFAI86EA,車店段,25.33,都市：住
RPVNMLTJMHOFFAI86EA,白川段,4.27,都市：住
RPPNMLPLMHOFFAI48CA,遠東段,78.00,都市：住
RPQRMLSKMHOFFAI66DA,彌陀段日新小段,372.34,都市：住
RPSRMLSKMHOFFAI86DA,彌陀段日新小段,243.82,都市：住
RPRRMLSKMHOFFAI76DA,彌陀段日新小段,277.46,都市：住
RPVRMLSKMHOFFAI17DA,彌陀段日新小段,237.26,都市：住
RPTRMLSKMHOFFAI96DA,彌陀段日新小段,243.82,都市：住
RPURMLSKMHOFFAI07DA,彌陀段日新小段,203.24,都市：住
RPXNMLMLMHOFFAI09DA,車店段車店小段,139.00,都市：住
RPXRMLSKMHOFFAI37DA,彌陀段日新小段,179.25,都市：住
RPWRMLSKMHOFFAI27DA,彌陀段日新小段,335.10,都市：住
RPOOMLOLMHOFFAI38CA,東川段,19.77,都市：其他
RPROMLNJMHOFFAI38CA,埤子頭段,39.00,都市：住
RPROMLNJMHOFFAI38CA,埤子頭段,9.00,都市：住
RPQPMLSJMHOFFAI88CA,民族段四小段,59.00,都市：住
RPOOMLLJMHOFFAI87CA,短竹段,15.37,都市：住
RPOOMLLJMHOFFAI87CA,短竹段,44.00,都市：住
RPQNMLOJMHOFFAI28CA,湖內段,22.33,都市：住
RPQNMLQJMHOFFAI48CA,車店段,3.49,都市：住
RPQNMLQJMHOFFAI48CA,白川段,2.47,都市：住
RPTNMLOJMHOFFAI58CA,車店段,12.07,都市：住
RPTNMLOJMHOFFAI58CA,車店段,.82,都市：住
RPTNMLOJMHOFFAI58CA,車店段,2.78,都市：住
RPWNMLOLMHOFFAI09CA,竹圍子段,82.00,都市：住
RPSPMLRKMHOFFAI09CA,港子坪段,87.00,都市：住
RPSPMLRKMHOFFAI09CA,港子坪段,7.82,都市：其他
RPSPMLRKMHOFFAI09CA,港子坪段,5.79,都市：住
RPSPMLRKMHOFFAI09CA,港子坪段,4.76,都市：住
RPSPMLRKMHOFFAI09CA,港子坪段,6.03,都市：住
RPTOMLRKMHOFFAI09CA,湖子內段興安小段,113.35,都市：住
RPPSMLPKMHOFFAI88CA,興村段,254.00,都市：農
RPPSMLPKMHOFFAI88CA,興村段,239.00,都市：農
RPTPMLRKMHOFFAI56CA,西門段四小段,6.79,都市：商
RPOOMLMJMHOFFAI97CA,車店段車店小段,29.42,都市：住
RPXNMLMJMHOFFAI78CA,竹圍子段三小段,15.10,都市：住
RPVNMLNKMHOFFAI78CA,車店段車店小段,33.42,都市：住
RPQNMLOLMHOFFAI48CA,港子坪段港坪小段,14.20,都市：住
RPTNMLNJMHOFFAI68EA,湖子內段興安小段,403.46,都市：住
RPRNMLNKMHOFFAI38CA,竹圍子段,7.00,都市：住
RPRNMLNKMHOFFAI38CA,竹圍子段,136.00,都市：住
RPSNMLMJMHOFFAI48EA,埤子頭段,8.21,都市：住
RPWNMLTJMHOFFAI96EA,北湖段,75.00,都市：住
RPPOMLMJMHOFFAI08CA,下路頭段,29.82,都市：住
RPRNMLLKMHOFFAI38EA,民族段五小段,111.00,都市：商
RPUNMLKKMHOFFAI58EA,西門段一小段,5.08,都市：商
RPUNMLKKMHOFFAI58EA,西門段一小段,1.54,都市：商
RPVOMLRKMHOFFAI66CA,盧厝段,461.00,都市：農
RPVOMLRKMHOFFAI66CA,盧厝段,124.00,都市：農
RPVNMLMKMHOFFAI68CA,新富段二小段,21.73,都市：住
RPVNMLMKMHOFFAI68CA,新富段二小段,.07,都市：住
RPUNMLNJMHOFFAI78EA,湖子內段興安小段,407.41,都市：住
RPWNMLOJMHOFFAI88CA,車店段,4.83,都市：住
RPWNMLOJMHOFFAI88CA,白川段,3.41,都市：住
RPRPMLSJMHOFFAI98CA,車店段,24.64,都市：住
RPRPMLSJMHOFFAI98CA,白川段,4.43,都市：住
RPUOMLRKMHOFFAI56CA,下路頭段,9.00,都市：住
RPUOMLRKMHOFFAI56CA,下路頭段,105.00,都市：住
RPPNMLQJMHOFFAI38CA,興村段,58.00,都市：住
RPWOMLRKMHOFFAI76CA,湖子內段湖美小段,160.20,都市：住
RPWOMLRKMHOFFAI76CA,湖子內段湖美小段,160.20,都市：住
RPUNMLRKMHOFFAI09CA,荖藤段,479.00,都市：農
RPUNMLRKMHOFFAI09CA,荖藤段,138.44,都市：農
RPTNMLRKMHOFFAI98CA,荖藤段,469.00,都市：農
RPTNMLRKMHOFFAI98CA,荖藤段,235.00,都市：農
RPTNMLRKMHOFFAI98CA,荖藤段,276.88,都市：農
RPRNMLPLMHOFFAI88EA,短竹段,16.35,都市：商
RPVOMLTKMHOFFAI86CA,湖子內段湖美小段,119.67,都市：住
RPVOMLTKMHOFFAI86CA,湖子內段湖美小段,119.67,都市：住
RPVOMLTKMHOFFAI86CA,湖子內段湖美小段,119.66,都市：住
RPQPMLRKMHOFFAI88CA,北門段五小段,104.00,都市：商
RPVNMLSJMHOFFAI56CA,劉厝段玉山小段,140.88,都市：住
RPVNMLRKMHOFFAI56CA,車店段,15.68,都市：住
RPVNMLRKMHOFFAI56CA,白川段,11.09,都市：住
RPRNMLTKMHOFFAI98CA,玉川段,17.14,都市：住
RPOOMLSJMHOFFAI58CA,劉厝段玉山小段,131.59,都市：住
RPXNMLSJMHOFFAI76CA,劉厝段玉山小段,131.58,都市：住
RPXNMLQKMHOFFAI66CA,遠東段,3.41,都市：住
RPXNMLQKMHOFFAI66CA,遠東段,42.35,都市：住
RPXNMLQKMHOFFAI66CA,遠東段,110.00,都市：住
RPPOMLSJMHOFFAI68CA,劉厝段玉山小段,145.96,都市：住
RPUNMLMKMHOFFAI58CA,盧東段,26.90,都市：住
RPUNMLMKMHOFFAI58CA,盧東段,107.30,都市：住
RPUNMLMKMHOFFAI58CA,盧東段,24.25,都市：住
RPWNMLSJMHOFFAI66CA,湖子內段興安小段,199.05,都市：住
RPPOMLKKMHOFFAI97CA,下路頭段,45.00,都市：住
RPXNMLTJMHOFFAI86CA,中山段六小段,74.00,都市：住
RPWOMLQKMHOFFAI66CA,埤子頭段,197.00,都市：住
RPPOMLQKMHOFFAI58CA,黑金段,32.25,都市：住
RPPOMLQKMHOFFAI58CA,黑金段,34.00,都市：住
RPQNMLTJMHOFFAI78CA,中庄段,36.22,都市：住
RPSNMLTJMHOFFAI98CA,劉厝段玉山小段,103.11,都市：住
RPPNMLLKMHOFFAI97CA,下路頭段,7.61,都市：住
RPVRMLPKMHOFFAI76CA,榮段一小段,21.49,都市：商
RPSPMLSJMHOFFAI09CA,軍輝段,59.17,都市：住
RPPOMLMLMHOFFAI28CA,竹圍子段,22.58,都市：住
RPTNMLPKMHOFFAI78CA,竹圍子段,22.69,都市：住
RPWNMLNKMHOFFAI88CA,中庄段,79.00,都市：住
RPWNMLNKMHOFFAI88CA,中庄段,79.00,都市：住
RPOOMLMLMHOFFAI18CA,長竹段,25.41,都市：住
RPPNMLPKMHOFFAI38CA,竹圍子段,23.18,都市：住
RPPNMLPKMHOFFAI38CA,竹圍子段,8.61,都市：其他
RPOOMLKKMHOFFAI87CA,湖子內段興安小段,103.35,都市：住
RPROMLQKMHOFFAI78CA,短竹段,4.76,都市：住
RPRNMLKKMHOFFAI08CA,盧厝段,12.00,都市：住
RPPNMLKKMHOFFAI87CA,白川段,32.98,都市：住
RPPNMLPJNHOFFAI38CA,台斗坑段,11.44,都市：住
RPTNMLKKMHOFFAI48EA,西門段四小段,8.58,都市：商
RPQNMLSJNHOFFAI78CA,盧厝段,27.00,都市：農
RPQNMLLKMHOFFAI08CA,彌陀段,121.00,都市：住
RPQNMLLKMHOFFAI08CA,彌陀段,.25,都市：住
RPQNMLLKMHOFFAI08CA,彌陀段,21.50,都市：住
RPWNMLKKMHOFFAI58CA,湖子內段興安小段,182.65,都市：住
RPSNMLSJNHOFFAI98CA,湖東段,124.40,都市：住
RPTOMLTJNHOFFAI86EA,白川段,66.00,都市：住
RPXNMLKKMHOFFAI68CA,劉厝段,34.43,都市：住
RPOOMLQJNHOFFAI48CA,港子坪段港坪小段,12.75,都市：住
RPOOMLQJNHOFFAI48CA,港子坪段港坪小段,21.00,都市：住
RPROMLKMMHOFFAI38CA,盧厝段,25.53,都市：住
RPRNMLSJNHOFFAI88CA,盧厝段,59.00,都市：農
RPUNMLQLMHOFFAI09CA,竹圍子段,1.11,都市：住
RPUNMLQLMHOFFAI09CA,竹圍子段,.12,都市：住
RPUNMLQLMHOFFAI09CA,竹圍子段,83.00,都市：住
RPTNMLQLMHOFFAI98CA,竹圍子段,1.11,都市：住
RPTNMLQLMHOFFAI98CA,竹圍子段,.12,都市：住
RPTNMLQLMHOFFAI98CA,竹圍子段,86.00,都市：住
RPTOMLQKMHOFFAI98CA,遠東段,5.92,都市：住
RPUOMLQKMHOFFAI09CA,湖子內段興安小段,95.32,都市：住
RPVNMLQKMHOFFAI09CA,湖子內段興安小段,106.28,都市：住
RPPPMLQKMHOFFAI68CA,興村段,104.00,都市：住
RPPQMLPKMHOFFAI68CA,太平段,18.50,都市：住
RPRNMLPKMHOFFAI58CA,車店段,93.00,都市：住
RPRNMLPKMHOFFAI58CA,車店段,14.00,都市：住
RPVNMLRJNHOFFAI56CA,玉川段,94.00,都市：住
RPXNMLNKMHOFFAI98CA,下路頭段,88.00,都市：住
RPXNMLQLMHOFFAI76CA,竹圍子段,9.51,都市：住
RPXNMLQLMHOFFAI76CA,竹圍子段,.12,都市：住
RPWNMLQLMHOFFAI66CA,竹圍子段,61.01,都市：住
RPWNMLQLMHOFFAI66CA,竹圍子段,.12,都市：住
RPVNMLQLMHOFFAI56CA,竹圍子段,1.11,都市：住
RPVNMLQLMHOFFAI56CA,竹圍子段,.12,都市：住
RPVNMLQLMHOFFAI56CA,竹圍子段,83.00,都市：住
RPOOMLQLMHOFFAI58CA,竹圍子段,10.15,都市：住
RPOOMLQLMHOFFAI58CA,竹圍子段,.12,都市：住
RPPOMLQLMHOFFAI68CA,竹圍子段,10.15,都市：住
RPPOMLQLMHOFFAI68CA,竹圍子段,.12,都市：住
RPOPMLQKMHOFFAI58CA,港子坪段,26.90,都市：住
RPROMLQLMHOFFAI88CA,竹圍子段,17.72,都市：住
RPROMLQLMHOFFAI88CA,竹圍子段,.12,都市：住
RPQOMLQLMHOFFAI78CA,竹圍子段,17.72,都市：住
RPQOMLQLMHOFFAI78CA,竹圍子段,.12,都市：住
RPSOMLQLMHOFFAI98CA,竹圍子段,14.40,都市：住
RPSOMLQLMHOFFAI98CA,竹圍子段,.12,都市：住
RPTOMLQLMHOFFAI09CA,竹圍子段,18.74,都市：住
RPTOMLQLMHOFFAI09CA,竹圍子段,.12,都市：住
RPVOMLQLMHOFFAI66CA,竹圍子段,16.06,都市：住
RPVOMLQLMHOFFAI66CA,竹圍子段,.12,都市：住
RPWOMLQLMHOFFAI76CA,竹圍子段,14.40,都市：住
RPWOMLQLMHOFFAI76CA,竹圍子段,.12,都市：住
RPUOMLQLMHOFFAI56CA,竹圍子段,18.09,都市：住
RPUOMLQLMHOFFAI56CA,竹圍子段,.12,都市：住
RPXOMLQLMHOFFAI86CA,竹圍子段,9.78,都市：住
RPXOMLQLMHOFFAI86CA,竹圍子段,.12,都市：住
RPOPMLQLMHOFFAI68CA,竹圍子段,12.83,都市：住
RPOPMLQLMHOFFAI68CA,竹圍子段,.12,都市：住
RPPPMLQLMHOFFAI78CA,竹圍子段,13.48,都市：住
RPPPMLQLMHOFFAI78CA,竹圍子段,.12,都市：住
RPQPMLQLMHOFFAI88CA,竹圍子段,12.55,都市：住
RPQPMLQLMHOFFAI88CA,竹圍子段,.12,都市：住
RPVPMLQLMHOFFAI76CA,竹圍子段,17.72,都市：住
RPVPMLQLMHOFFAI76CA,竹圍子段,.12,都市：住
RPUPMLQLMHOFFAI66CA,竹圍子段,13.48,都市：住
RPUPMLQLMHOFFAI66CA,竹圍子段,.12,都市：住
RPSPMLQLMHOFFAI09CA,竹圍子段,13.48,都市：住
RPSPMLQLMHOFFAI09CA,竹圍子段,.12,都市：住
RPOQMLQLMHOFFAI78CA,竹圍子段,14.40,都市：住
RPOQMLQLMHOFFAI78CA,竹圍子段,.12,都市：住
RPTPMLQLMHOFFAI56CA,竹圍子段,10.34,都市：住
RPTPMLQLMHOFFAI56CA,竹圍子段,.12,都市：住
RPWPMLQLMHOFFAI86CA,竹圍子段,20.68,都市：住
RPWPMLQLMHOFFAI86CA,竹圍子段,.12,都市：住
RPXPMLQLMHOFFAI96CA,竹圍子段,20.03,都市：住
RPXPMLQLMHOFFAI96CA,竹圍子段,.12,都市：住
RPRPMLQLMHOFFAI98CA,竹圍子段,12.65,都市：住
RPRPMLQLMHOFFAI98CA,竹圍子段,.12,都市：住
RPXOMLRKMHOFFAI86CA,港子坪段,81.00,都市：住
RPSNMLQLMHOFFAI88CA,竹圍子段,60.09,都市：住
RPSNMLQLMHOFFAI88CA,竹圍子段,.12,都市：住
RPOPMLRKMHOFFAI68CA,港子坪段,53.21,都市：住
RPQNMLNLMHOFFAI38CA,遠東段,923.00,都市：住
RPTNMLOLMHOFFAI78CA,下路頭段,22.25,都市：住
RPUOMLTKMHOFFAI76CA,下路頭段,88.00,都市：住
RPVNMLTKMHOFFAI76CA,彌陀段,6.33,都市：住
RPTOMLTKMHOFFAI66CA,港子坪段,37.00,都市：住
RPTOMLTKMHOFFAI66CA,港子坪段,13.00,都市：住
RPTNMLTKMHOFFAI56CA,盧東段,57.55,都市：農
RPTNMLTKMHOFFAI56CA,盧東段,66.97,都市：農
RPTNMLTKMHOFFAI56CA,盧東段,23.22,都市：農
RPTNMLTKMHOFFAI56CA,盧東段,91.11,都市：農
RPTNMLTKMHOFFAI56CA,盧東段,199.50,都市：農
RPTNMLTKMHOFFAI56CA,盧東段,.85,都市：農
RPTNMLTKMHOFFAI56CA,盧東段,.76,都市：農
RPTNMLTKMHOFFAI56CA,盧東段,8.60,都市：農
RPTNMLTKMHOFFAI56CA,盧東段,3.55,都市：農
RPSNMLTKMHOFFAI09CA,黑金段,10.50,都市：住
RPTNMLKLMHOFFAI38CA,下路頭段,138.00,都市：住
RPRNMLSKMHOFFAI88CA,彌陀段日新小段,123.55,都市：商
RPOSMLSKMHOFFAI09CA,軍輝段,6.17,都市：住
RPOSMLSKMHOFFAI09CA,軍輝段,6.00,都市：住
RPPOMLPLMHOFFAI58CA,溪厝段,4801.84,都市：農
RPPOMLPLMHOFFAI58CA,溪厝段,1227.40,都市：農
RPPOMLPLMHOFFAI58CA,溪厝段,4.28,都市：農
RPPOMLPLMHOFFAI58CA,溪厝段,27.37,都市：農
RPPOMLPLMHOFFAI58CA,溪厝段,2879.70,都市：農
RPPNMLMKMHOFFAI08CA,湖內段,1361.00,都市：工
RPPNMLMKMHOFFAI08CA,湖內段,23.00,都市：工
RPWPMLPKMHOFFAI66CA,長竹段,20.57,都市：住
RPSNMLLKMHOFFAI28CA,末廣段五小段,3.48,都市：商
RPRNMLMKMHOFFAI28CA,下路頭段,154.00,都市：住
RPTNMLLKMHOFFAI38CA,埤子頭段,4.75,都市：住
RPSNMLMKMHOFFAI38CA,下路頭段,10.00,都市：其他
RPSNMLMKMHOFFAI38CA,下路頭段,17.00,都市：其他
RPSNMLMKMHOFFAI38CA,下路頭段,38.00,都市：其他
RPQNMLMKMHOFFAI18CA,北社尾段保安小段,96.00,都市：住
RPPNMLOKMHOFFAI38DA,崎頂段,1027.00,都市：農
RPTNMLMKMHOFFAI48CA,白川段,62.00,都市：住
RPRNMLKLMHOFFAI18CA,短竹段,.31,都市：住
RPRNMLKLMHOFFAI18CA,短竹段,4.94,都市：住
RPXNMLMKMHOFFAI88CA,劉厝段劉厝小段,11.83,都市：商
RPPNMLSJNHOFFAI68CA,遠東段,16.13,都市：住
RPUNMLKMMHOFFAI58CA,同興段,81.00,都市：住
RPUNMLKMMHOFFAI58CA,同興段,4.56,都市：住
RPUNMLKMMHOFFAI58CA,同興段,1.00,都市：住
RPPOMLKMMHOFFAI18CA,下路頭段,81.00,都市：住
RPTNMLQKMHOFFAI09EA,車店段車店小段,8.72,都市：住
RPPPMLPKMHOFFAI78EA,下路頭段,98.00,都市：住
RPOOMLMJNHOFFAI08CA,湖子內段新民小段,165.29,都市：住
RPWNMLMJNHOFFAI98EA,車店段,25.00,都市：住
RPWNMLQKMHOFFAI56CA,下路頭段,88.00,都市：住
RPTOMLLJNHOFFAI48CA,下路頭段,7.07,都市：住
RPUNMLQKMHOFFAI98CA,竹圍子段二小段,13.55,都市：住
RPQOMLRLMHOFFAI88CA,竹圍子段,9.33,都市：住
RPQOMLQJNHOFFAI68CA,下路頭段,75.00,都市：住
RPWNMLQJNHOFFAI56CA,遠東段,10.78,都市：住
RPSOMLQJNHOFFAI88CA,車店段車店小段,14.36,都市：住
RPTOMLQJNHOFFAI98CA,湖子內段興安小段,85.88,都市：住
RPPNMLQJNHOFFAI48CA,中庄段,15.80,都市：住
RPWNMLRKMHOFFAI66CA,同興段,15.03,都市：住
RPPOMLTJNHOFFAI88CA,港子坪段港坪小段,78.00,都市：住
RPSNMLOLMHOFFAI68CA,湖內段,25.07,都市：商
RPROMLMLMHOFFAI48CA,興村段,33.36,都市：住
RPXNMLTLMHOFFAI07CA,中庄段,42.46,都市：住
RPSNMLQJNHOFFAI98EA,新厝段,16.46,都市：農
RPSNMLQJNHOFFAI98EA,北園段,25.94,都市：農
RPSNMLQJNHOFFAI98EA,北園段,32.75,都市：農
RPUNMLOLMHOFFAI88CA,山下段,39.00,都市：住
RPSNMLRKMHOFFAI88CA,港子坪段,40.29,都市：住
RPTNMLMLMHOFFAI58CA,榮段五小段,12.00,都市：商
RPUNMLKLMHOFFAI48CA,興村段,17.27,都市：住
RPQOMLMJNHOFFAI28CA,湖子內段新民小段,255.43,都市：住
RPVNMLLJNHOFFAI58CA,中庄段,172.00,都市：住
RPVNMLLJNHOFFAI58CA,中庄段,69.33,都市：住
RPPOMLMJNHOFFAI18CA,湖子內段新民小段,254.55,都市：住
RPROMLMJNHOFFAI38CA,湖子內段新民小段,165.29,都市：住
RPSNMLTJNHOFFAI66EA,湖子內段新民小段,3481.92,都市：其他
RPXNMLMJNHOFFAI88CA,湖子內段新民小段,2197.22,都市：住
RPUNMLRLMHOFFAI56CA,短竹段,14.64,都市：住
RPROMLTKMHOFFAI09CA,湖子內段興安小段,196.32,都市：住
RPROMLTKMHOFFAI09CA,湖子內段興安小段,1.00,都市：住
RPOOMLKMMHOFFAI08CA,白川段,34.93,都市：住
RPWNMLTKMHOFFAI07EA,堀川段,50.00,都市：住
RPROMLQJNHOFFAI78CA,下路頭段,4.35,都市：住
RPWNMLRJNHOFFAI66CA,軍輝段,12.78,都市：住
RPUPMLRKMHOFFAI76DA,台斗坑段,20.59,都市：住
RPPOMLRLMHOFFAI78CA,堀川段,26.00,都市：其他
RPUNMLSKMHOFFAI76EA,堀川段,57.00,都市：住
RPUNMLSKMHOFFAI76EA,堀川段,8.00,都市：住
RPXNMLKMMHOFFAI88CA,埤子頭段,11.56,都市：住
RPVNMLTLMHOFFAI86CA,湖子內段興安小段,202.78,都市：住
RPQOMLTKMHOFFAI98CA,榮段一小段,16.00,都市：商
RPWNMLSKMHOFFAI76CA,中庄段,.69,都市：其他
RPWNMLSKMHOFFAI76CA,中庄段,2.39,都市：其他
RPWNMLSKMHOFFAI76CA,中庄段,2.48,都市：住
RPWNMLSKMHOFFAI76CA,中庄段,28.80,都市：住
RPWNMLSKMHOFFAI76CA,中庄段,4.90,都市：住
RPQNMLMLMHOFFAI28CA,中庄段,121.00,都市：住
RPSNMLMLMHOFFAI48CA,育人段,141.16,都市：農
RPUOMLSKMHOFFAI66CA,陳厝段,21.67,都市：住
RPUOMLSKMHOFFAI66CA,陳厝段,199.39,都市：住
RPUNMLNKNHOFFAI78CA,下路頭段,82.29,都市：其他
RPXNMLOLMHOFFAI56CA,竹圍子段三小段,48.00,都市：住
RPXNMLOLMHOFFAI56CA,竹圍子段三小段,48.00,都市：住
RPRPMLNKNHOFFAI68CA,港子坪段港坪小段,12.90,都市：住
RPTNMLRLMHOFFAI09CA,遠東段,57.00,都市：住
RPVQMLNKNHOFFAI56CA,下路頭段,70.00,都市：住
RPQNMLSKMHOFFAI78CA,下路頭段,76.00,都市：住
RPSNMLKLMHOFFAI28CA,竹圍子段一小段,6.36,都市：住
RPSNMLKLMHOFFAI28CA,竹圍子段一小段,6.36,都市：住
RPUQMLSKMHOFFAI86CA,後庄段,56.00,都市：商
RPPNMLTKMHOFFAI78CA,遠東段,20.32,都市：住
RPRNMLMLMHOFFAI58EA,港子坪段港坪小段,516.00,都市：住
RPROMLLJNHOFFAI28CA,台斗坑段,20.36,都市：住
RPVNMLMJNHOFFAI88EA,車店段,25.00,都市：住
RPVPMLNKNHOFFAI09CA,後庄段,70.00,都市：住
RPWNMLRLMHOFFAI76CA,下路頭段,18.72,都市：住
RPPNMLTJNHOFFAI98EA,埤子頭段,13.47,都市：住
RPPNMLMLMHOFFAI38EA,埤子頭段,28.00,都市：住
RPVNMLOLMHOFFAI98CA,北社尾段,2.00,都市：住
RPVNMLOLMHOFFAI98CA,北社尾段,87.00,都市：住
RPPNMLOLMHOFFAI38CA,溪東段,28.33,都市：住
RPXNMLRLMHOFFAI86CA,短竹段,13.81,都市：住
RPTNMLPKNHOFFAI88CA,下路頭段,189.60,都市：住
RPTNMLPKNHOFFAI88CA,下路頭段,52.20,都市：其他
RPVNMLNLMHOFFAI88CA,盧厝段,37.90,都市：住
RPVNMLNLMHOFFAI88CA,盧厝段,101.00,都市：住
RPQOMLLJNHOFFAI18CA,下路頭段,177.00,都市：住
RPQOMLTJNHOFFAI98CA,盧厝段,20.19,都市：住
RPPQMLQLMHOFFAI88CA,車店段車店小段,6.24,都市：住
RPSNMLNLMHOFFAI58CA,車店段車店小段,8.28,都市：住
RPWNMLNKNHOFFAI98CA,後庄段,5.14,都市：其他
RPWNMLNKNHOFFAI98CA,後庄段,86.00,都市：其他
RPXNMLNKNHOFFAI09CA,後庄段,167.00,都市：其他
RPUNMLMLMHOFFAI88EA,溪東段,83.92,都市：住
RPOOMLNKNHOFFAI28CA,後庄段,167.00,都市：其他
RPQOMLNKNHOFFAI48CA,後庄段,458.00,都市：其他
RPPOMLNKNHOFFAI38CA,後庄段,501.00,都市：其他
RPPOMLNKNHOFFAI38CA,後庄段,458.00,都市：其他
RPOOMLKKNHOFFAI97CA,榮段一小段,125.00,都市：商
RPPNMLKLNHOFFAI08CA,北湖段,309.00,都市：住
RPSNMLMLNHOFFAI58CA,崎頂段,167.00,都市：其他
RPSNMLMLNHOFFAI58CA,崎頂段,4.00,都市：其他
RPSNMLMLNHOFFAI58CA,崎頂段,23.00,都市：其他
RPSNMLMLNHOFFAI58CA,崎頂段,154.00,都市：其他
RPSNMLMLNHOFFAI58CA,崎頂段,3248.00,都市：其他
RPSNMLMLNHOFFAI58CA,崎頂段,63.00,都市：其他
RPSNMLMLNHOFFAI58CA,崎頂段,1344.00,都市：其他
RPSNMLMLNHOFFAI58CA,崎頂段,678.00,都市：其他
RPSNMLMLNHOFFAI58CA,崎頂段,3.00,都市：其他
RPXNMLLLNHOFFAI98CA,後庄段,77.50,都市：其他
RPXNMLLLNHOFFAI98CA,後庄段,197.50,都市：其他
RPVNMLLLNHOFFAI78CA,後庄段,25.00,都市：其他
RPVNMLLLNHOFFAI78CA,後庄段,5.00,都市：其他
RPVNMLLLNHOFFAI78CA,後庄段,24.00,都市：其他
RPUNMLLLNHOFFAI68CA,後庄段,30.00,都市：其他
RPUNMLLLNHOFFAI68CA,後庄段,23.00,都市：其他
RPPOMLLLNHOFFAI28CA,崎頂段,29.43,都市：其他
RPPOMLLLNHOFFAI28CA,崎頂段,3.60,都市：其他
RPPOMLLLNHOFFAI28CA,崎頂段,127.93,都市：其他
RPWNMLLLNHOFFAI88CA,後庄段,72.00,都市：其他
RPQNMLLLNHOFFAI28CA,後庄段,259.00,都市：其他
RPRNMLLLNHOFFAI38CA,後庄段,166.00,都市：其他
RPRNMLLLNHOFFAI38CA,後庄段,178.00,都市：其他
RPSNMLLLNHOFFAI48CA,後庄段,13.00,都市：其他
RPSNMLLLNHOFFAI48CA,後庄段,24.00,都市：其他
RPTNMLLLNHOFFAI58CA,後庄段,12.00,都市：其他
RPROMLLLNHOFFAI48CA,崎頂段,53.33,都市：其他
RPROMLLLNHOFFAI48CA,崎頂段,298.07,都市：其他
RPROMLLLNHOFFAI48CA,崎頂段,1032.00,都市：其他
RPROMLLLNHOFFAI48CA,崎頂段,23.13,都市：其他
RPROMLLLNHOFFAI48CA,崎頂段,8.40,都市：其他
RPROMLLLNHOFFAI48CA,崎頂段,1.00,都市：其他
RPROMLLLNHOFFAI48CA,崎頂段,202.00,都市：其他
RPSOMLLLNHOFFAI58CA,崎頂段,53.33,都市：其他
RPUOMLLLNHOFFAI78CA,崎頂段,8.67,都市：其他
RPOPMLLLNHOFFAI28CA,崎頂段,120.00,都市：其他
RPOPMLLLNHOFFAI28CA,崎頂段,357.00,都市：其他
RPVOMLLLNHOFFAI88CA,崎頂段,12.00,都市：其他
RPVOMLLLNHOFFAI88CA,崎頂段,13.00,都市：其他
RPVOMLLLNHOFFAI88CA,崎頂段,159.00,都市：其他
RPXOMLLLNHOFFAI09CA,崎頂段,123.00,都市：其他
RPWOMLLLNHOFFAI98CA,崎頂段,95.00,都市：其他
RPWOMLLLNHOFFAI98CA,崎頂段,38.00,都市：其他
RPWOMLLLNHOFFAI98CA,崎頂段,19.00,都市：其他
RPWOMLLLNHOFFAI98CA,崎頂段,605.00,都市：其他
RPWOMLLLNHOFFAI98CA,崎頂段,195.00,都市：其他
RPPPMLLLNHOFFAI38CA,崎頂段,56.00,都市：其他
RPQPMLLLNHOFFAI48CA,崎頂段,40.00,都市：其他
RPQPMLLLNHOFFAI48CA,崎頂段,14.00,都市：其他
RPSPMLLLNHOFFAI68CA,崎頂段,185.00,都市：其他
RPRPMLLLNHOFFAI58CA,崎頂段,40.00,都市：其他
RPTPMLLLNHOFFAI78CA,崎頂段,113.00,都市：其他
RPUPMLLLNHOFFAI88CA,崎頂段,344.00,都市：其他
RPVPMLLLNHOFFAI98CA,崎頂段,27.00,都市：其他
RPXPMLLLNHOFFAI56CA,崎頂段,61.00,都市：其他
RPWPMLLLNHOFFAI09CA,崎頂段,144.00,都市：其他
RPWPMLLLNHOFFAI09CA,崎頂段,214.00,都市：其他
RPWPMLLLNHOFFAI09CA,崎頂段,94.00,都市：其他
RPVNMLRLMHOFFAI66CA,湖子內段興安小段,199.38,都市：住
RPOOMLRLMHOFFAI68CA,新富段三小段,2.40,都市：住
RPOOMLRLMHOFFAI68CA,新富段三小段,2.60,都市：商
RPPRMLLLNHOFFAI58CA,後庄段,27.75,都市：其他
RPPRMLLLNHOFFAI58CA,後庄段,40.00,都市：其他
RPPRMLLLNHOFFAI58CA,後庄段,15.75,都市：其他
RPUNMLNLMHOFFAI78CA,北園段,83.00,都市：住
RPQOMLOLMHOFFAI58CA,湖內段,23.77,都市：住
RPWQMLLLNHOFFAI56CA,崎頂段,1246.00,都市：其他
RPUQMLLLNHOFFAI98CA,崎頂段,94.00,都市：其他
RPTNMLTLMHOFFAI66CA,湖子內段興安小段,95.54,都市：住
RPTNMLTLMHOFFAI66CA,湖子內段興安小段,92.23,都市：住
RPVOMLTLMHOFFAI96CA,北社尾段保安小段,4.00,都市：住
RPORMLLLNHOFFAI48CA,崎頂段,12.00,都市：其他
RPVQMLLLNHOFFAI09CA,崎頂段,30.67,都市：其他
RPVQMLLLNHOFFAI09CA,崎頂段,58.33,都市：其他
RPVQMLLLNHOFFAI09CA,崎頂段,29.33,都市：其他
RPVQMLLLNHOFFAI09CA,崎頂段,.33,都市：其他
RPVQMLLLNHOFFAI09CA,崎頂段,216.67,都市：其他
RPVQMLLLNHOFFAI09CA,崎頂段,21.00,都市：其他
RPVQMLLLNHOFFAI09CA,崎頂段,21.67,都市：其他
RPVQMLLLNHOFFAI09CA,崎頂段,83.33,都市：其他
RPXQMLLLNHOFFAI66CA,崎頂段,514.00,都市：其他
RPQQMLQLMHOFFAI98CA,台斗坑段,15.12,都市：住
RPSOMLLJNHOFFAI38CA,下路頭段,7.07,都市：住
RPWNMLPLMHOFFAI56CA,白川段,32.98,都市：住
RPSQMLNKNHOFFAI88CA,車店段,10.72,都市：住
RPSQMLNKNHOFFAI88CA,車店段,.65,都市：住
RPTNMLQJNHOFFAI88CA,下埤段,851.50,都市：住
RPTNMLSJNHOFFAI09CA,下路頭段,121.00,都市：住
RPTNMLSJNHOFFAI09CA,下路頭段,2.80,都市：住
RPXNMLPLMHOFFAI66CA,溪厝段,3911.30,都市：農
RPXNMLPLMHOFFAI66CA,溪厝段,3878.96,都市：農
RPPOMLSJNHOFFAI78CA,育人段,9.86,都市：農
RPPOMLSJNHOFFAI78CA,育人段,43.00,都市：農
RPPOMLSJNHOFFAI78CA,育人段,463.83,都市：農
RPPOMLSJNHOFFAI78CA,育人段,47.00,都市：農
RPRNMLRJNHOFFAI78CA,港子坪段,84.00,都市：工
RPUOMLLJNHOFFAI58CA,盧厝段,21.93,都市：住
RPPNMLTLMHOFFAI09EA,玉川段,42.00,都市：住
RPTOMLPLMHOFFAI98CA,盧厝段,25.53,都市：住
RPWNMLNLMHOFFAI56EA,後庄段,20.00,都市：其他
RPPOMLOLMHOFFAI68EA,劉厝段玉山小段,146.57,都市：住
RPROMLPLMHOFFAI98EA,大溪段,628.00,都市：農
RPPNMLQLMHOFFAI78EA,盧厝段,10.93,都市：住
RPPNMLQLMHOFFAI78EA,長竹段,.12,都市：住
RPQOMLPLMHOFFAI88EA,大溪段,233.08,都市：農
RPQOMLPLMHOFFAI88EA,大溪段,166.00,都市：農
RPSNMLSKNHOFFAI09CA,車店段車店小段,4.76,都市：住
RPPOMLPLMHOFFAI78EA,北門段五小段,56.00,都市：商
RPPOMLPLMHOFFAI78EA,北門段五小段,45.00,都市：商
RPXNMLSJNHOFFAI07EA,北門段五小段,28.00,都市：商
RPXNMLSJNHOFFAI07EA,北門段五小段,155.00,都市：商
RPUNMLSJNHOFFAI56CA,短竹段,90.90,都市：住
RPTNMLTJNHOFFAI56CA,湖子內段興安小段,234.94,都市：住
RPWNMLPKNHOFFAI76EA,中庄段,71.00,都市：住
RPPNMLRKNHOFFAI88EA,下路頭段,90.00,都市：住
RPPOMLLJNHOFFAI28EA,彌陀段,1.00,都市：住
RPPOMLLJNHOFFAI28EA,彌陀段,71.00,都市：住
RPTQMLNKNHOFFAI98CA,湖子內段興安小段,33.83,都市：住
RPSPMLQJNHOFFAI98CA,同興段,15.03,都市：住
RPTPMLQJNHOFFAI09CA,下路頭段,4.89,都市：住
RPWNMLKKNHOFFAI68CA,白川段,3.00,都市：住
RPWNMLKKNHOFFAI68CA,白川段,45.00,都市：住
RPWNMLKKNHOFFAI68CA,白川段,3.00,都市：住
RPWPMLNKNHOFFAI56CA,湖子內段興安小段,35.31,都市：住
RPTOMLOKNHOFFAI88CA,湖子內段興安小段,47.85,都市：住
RPROMLOKNHOFFAI68CA,湖子內段興安小段,38.28,都市：住
RPSOMLOKNHOFFAI78CA,湖子內段興安小段,34.49,都市：住
RPUOMLOKNHOFFAI98CA,湖子內段興安小段,38.28,都市：住
RPPOMLOKNHOFFAI48CA,湖子內段興安小段,35.31,都市：住
RPQOMLOKNHOFFAI58CA,湖子內段興安小段,35.31,都市：住
RPQQMLNKNHOFFAI68CA,湖子內段興安小段,37.95,都市：住
RPOQMLNKNHOFFAI48CA,湖子內段興安小段,47.85,都市：住
RPXPMLNKNHOFFAI66CA,湖子內段興安小段,35.31,都市：住
RPRQMLNKNHOFFAI78CA,湖子內段興安小段,35.31,都市：住
RPXOMLOKNHOFFAI66CA,湖子內段興安小段,35.31,都市：住
RPWOMLOKNHOFFAI56CA,湖子內段興安小段,47.85,都市：住
RPOPMLOKNHOFFAI48CA,湖子內段興安小段,38.28,都市：住
RPSPMLOKNHOFFAI88CA,湖子內段興安小段,41.09,都市：住
RPPPMLOKNHOFFAI58CA,湖子內段興安小段,47.85,都市：住
RPUPMLOKNHOFFAI09CA,湖子內段興安小段,50.66,都市：住
RPQPMLOKNHOFFAI68CA,湖子內段興安小段,40.92,都市：住
RPTPMLOKNHOFFAI98CA,湖子內段興安小段,35.31,都市：住
RPVPMLOKNHOFFAI56CA,湖子內段興安小段,38.28,都市：住
RPWPMLOKNHOFFAI66CA,湖子內段興安小段,51.48,都市：住
RPSPMLNKNHOFFAI78CA,湖子內段興安小段,37.95,都市：住
RPXPMLOKNHOFFAI76CA,湖子內段興安小段,40.92,都市：住
RPTPMLNKNHOFFAI88CA,湖子內段興安小段,47.35,都市：住
RPSOMLNKNHOFFAI68CA,湖子內段興安小段,40.76,都市：住
RPTOMLNKNHOFFAI78CA,湖子內段興安小段,34.16,都市：住
RPXOMLNKNHOFFAI56CA,湖子內段興安小段,48.68,都市：住
RPVOMLNKNHOFFAI98CA,湖子內段興安小段,37.95,都市：住
RPUOMLNKNHOFFAI88CA,湖子內段興安小段,34.16,都市：住
RPUPMLNKNHOFFAI98CA,湖子內段興安小段,47.85,都市：住
RPWOMLNKNHOFFAI09CA,湖子內段興安小段,35.31,都市：住
RPOPMLNKNHOFFAI38CA,湖子內段興安小段,35.31,都市：住
RPPPMLNKNHOFFAI48CA,湖子內段興安小段,38.28,都市：住
RPQPMLNKNHOFFAI58CA,湖子內段興安小段,51.48,都市：住
RPSOMLTLMHOFFAI66CA,湖子內段興安小段,483.03,都市：住
RPUNMLPLMHOFFAI98CA,車店段,77.00,都市：住
RPRNMLRLMHOFFAI88CA,同興段,19.14,都市：住
RPPNMLSLMHOFFAI78CA,劉厝段劉厝小段,4.20,都市：商
RPOOMLPLMHOFFAI48CA,盧厝段,11.55,都市：住
RPOOMLPLMHOFFAI48CA,長竹段,.13,都市：住
RPWOMLTLMHOFFAI07CA,陳厝段,40.13,都市：住
RPWOMLTLMHOFFAI07CA,陳厝段,81.96,都市：住
RPTNMLLJNHOFFAI38CA,下埤段,87.57,都市：住
RPTNMLLJNHOFFAI38CA,下埤段,.30,都市：農
RPSNMLRLMHOFFAI98CA,竹圍子段,45.00,都市：住
RPVOMLSKNHOFFAI86CA,同興段,19.14,都市：其他
RPTNMLPLMHOFFAI88CA,遠東段,14.93,都市：住
RPSOMLPLMHOFFAI88CA,車店段,34.51,都市：住
RPSOMLPLMHOFFAI88CA,白川段,3.27,都市：住
RPXOMLSKNHOFFAI07CA,東門段七小段,55.00,都市：商
RPXOMLSKNHOFFAI07CA,東門段七小段,23.00,都市：商
RPXOMLSKNHOFFAI07CA,東門段七小段,53.00,都市：商
RPXOMLSKNHOFFAI07CA,東門段七小段,14.00,都市：商
RPXOMLSKNHOFFAI07CA,東門段七小段,31.00,都市：商
RPXOMLSKNHOFFAI07CA,東門段七小段,37.00,都市：商
RPXOMLSKNHOFFAI07CA,東門段七小段,291.00,都市：商
RPXOMLSKNHOFFAI07CA,東門段七小段,64.00,都市：商
RPXOMLSKNHOFFAI07CA,東門段七小段,168.00,都市：商
RPXOMLSKNHOFFAI07CA,東門段七小段,28.00,都市：商
RPXOMLSKNHOFFAI07CA,東門段七小段,7.00,都市：商
RPRNMLQLMHOFFAI78CA,湖內段,22.33,都市：住
RPQNMLQLMHOFFAI68CA,港子坪段港坪小段,157.00,都市：住
RPPNMLRLMHOFFAI68CA,下路頭段,2.56,都市：住
RPPNMLRLMHOFFAI68CA,下路頭段,2.06,都市：住
RPPNMLRLMHOFFAI68CA,下路頭段,23.81,都市：住
RPWOMLSKNHOFFAI96CA,太平段,17.69,都市：住
RPRSMLLLNHOFFAI88CA,下路頭段,192.00,都市：住
RPRSMLLLNHOFFAI88CA,下路頭段,3.67,都市：住
RPRSMLLLNHOFFAI88CA,下路頭段,3.00,都市：住
RPRSMLLLNHOFFAI88CA,下路頭段,2.67,都市：住
RPQNMLRLMHOFFAI78CA,太平段,7.24,都市：住
RPQNMLRLMHOFFAI78CA,太平段,7.24,都市：住
RPPNMLSKNHOFFAI78CA,盧厝段,21.43,都市：住
RPPNMLSKNHOFFAI78CA,盧厝段,11.45,都市：住
RPQNMLNKNHOFFAI38CA,同興段,586.00,都市：其他
RPPNMLLKNHOFFAI08CA,竹圍子段二小段,27.73,都市：住
RPPOMLKKNHOFFAI08CA,湖子內段興安小段,97.98,都市：住
RPROMLTJNHOFFAI09CA,新富段二小段,15.47,都市：商
RPWNMLRKNHOFFAI76CA,劉厝段玉山小段,96.35,都市：住
RPSOMLMJNHOFFAI48CA,下路頭段,48.00,都市：住
RPSOMLMJNHOFFAI48CA,下路頭段,9.00,都市：其他
RPTOMLMJNHOFFAI58CA,湖子內段興安小段,103.61,都市：住
RPUOMLQJNHOFFAI09CA,湖子內段湖美小段,584.45,都市：住
RPUOMLMLNHOFFAI88CA,育人段,138.31,都市：住
RPVOMLQJNHOFFAI56CA,何庄段,291.89,都市：農
RPVOMLQJNHOFFAI56CA,何庄段,291.89,都市：農
RPVOMLQJNHOFFAI56CA,何庄段,25.02,都市：農
RPVOMLQJNHOFFAI56CA,何庄段,25.02,都市：農
RPQOMLNLNHOFFAI58CA,東門段七小段,3.00,都市：商
RPQOMLNLNHOFFAI58CA,東門段七小段,93.00,都市：商
RPQOMLNLNHOFFAI58CA,東門段七小段,146.00,都市：商
RPQOMLNLNHOFFAI58CA,東門段七小段,4.00,都市：商
RPUOMLTLMHOFFAI86CA,湖子內段湖美小段,222.00,都市：商
RPOOMLTLMHOFFAI09EA,同興段,11.00,都市：工
RPTNMLKLNHOFFAI48CA,湖內段,22.33,都市：住
RPSNMLKLNHOFFAI38CA,下路頭段,46.00,都市：住
RPTNMLLKNHOFFAI48CA,頂庄段,12.89,都市：住
RPTNMLLKNHOFFAI48CA,頂庄段,12.89,都市：住
RPRNMLSKNHOFFAI98CA,盧厝段,79.00,都市：住
RPRNMLSKNHOFFAI98CA,盧厝段,21.49,都市：住
RPPNMLMJNHOFFAI28EA,台斗坑段,.34,都市：住
RPPOMLTLMHOFFAI56EA,車店段,16.36,都市：住
RPPOMLTLMHOFFAI56EA,車店段,1.11,都市：住
RPPOMLTLMHOFFAI56EA,車店段,3.76,都市：住
RPRNMLLJNHOFFAI18CA,彌陀段日新小段,122.09,都市：商
RPTOMLKMMHOFFAI58CA,太平段,12.87,都市：住
RPROMLTLMHOFFAI56CA,下路頭段,86.00,都市：住
RPXOMLTLMHOFFAI17CA,下路頭段,7.07,都市：住
RPQNMLOJNHOFFAI38CA,下路頭段,7.07,都市：住
RPUNMLLJNHOFFAI48CA,下路頭段,7.07,都市：住
RPOOMLLJNHOFFAI18EA,白川段,44.00,都市：住
RPOOMLLJNHOFFAI18EA,白川段,50.00,都市：住
RPOOMLMJNHOFFAI28EA,下路頭段,18.50,都市：住
RPOOMLMJNHOFFAI28EA,下路頭段,18.50,都市：住
RPUPMLNLNHOFFAI09CA,車店段,8.00,都市：住
RPUPMLNLNHOFFAI09CA,車店段,.27,都市：住
RPQNMLRKNHOFFAI98EA,埤子頭段,19.89,都市：住
RPTNMLKMMHOFFAI48CA,興村段,65.00,都市：住
RPSOMLKMMHOFFAI48CA,興村段,17.01,都市：住
RPUNMLKLNHOFFAI58CA,太平段,14.48,都市：住
RPVOMLMLNHOFFAI98CA,港子坪段港坪小段,37.48,都市：住
RPQNMLSKNHOFFAI88CA,埤子頭段,22.00,都市：住
RPQNMLSKNHOFFAI88CA,埤子頭段,4.00,都市：住
RPQNMLSKNHOFFAI88CA,埤子頭段,35.00,都市：住
RPVNMLQJNHOFFAI66EA,下路頭段,15.48,都市：住
RPTOMLSKNHOFFAI66CA,竹圍子段,32.47,都市：住
RPROMLSKNHOFFAI09CA,下路頭段,76.00,都市：住
RPRNMLLKNHOFFAI28CA,港子坪段港坪小段,28.19,都市：住
RPROMLKKNHOFFAI28CA,盧厝段,86.00,都市：農
RPROMLKKNHOFFAI28CA,盧厝段,22.25,都市：農
RPUOMLKKNHOFFAI58CA,車店段車店小段,121.00,都市：住
RPSOMLKKNHOFFAI38CA,盧厝段,97.00,都市：農
RPSOMLKKNHOFFAI38CA,盧厝段,22.25,都市：農
RPQPMLQJNHOFFAI78CA,下路頭段,21.77,都市：住
RPQPMLQJNHOFFAI78CA,下路頭段,3.65,都市：住
RPXSMLLLNHOFFAI86CA,竹圍子段,20.98,都市：住
RPXNMLTJNHOFFAI96CA,湖子內段新民小段,2078.37,都市：住
RPQNMLMJNHOFFAI18CA,竹圍子段,119.00,都市：住
RPPNMLOJNHOFFAI28CA,中庄段,45.50,都市：住
RPUPMLQJNHOFFAI56CA,下路頭段,23.86,都市：住
RPRPMLQJNHOFFAI88CA,軍輝段,60.00,都市：住
RPRNMLMJNHOFFAI28CA,北園段,83.00,都市：住
RPVNMLKKNHOFFAI58CA,埤子頭段,49.00,都市：住
RPRNMLNKNHOFFAI48CA,下路頭段,4.35,都市：住
RPPPMLQJNHOFFAI68CA,長竹段,162.00,都市：住
RPQNMLOKNHOFFAI48CA,長竹段,72.00,都市：住
RPOPMLQJNHOFFAI58CA,同興段,25.97,都市：住
RPQOMLSKNHOFFAI98CA,埤子頭段,4.75,都市：住
RPRNMLMJNHOFFAI48EA,台斗坑段,9.00,都市：住
RPVOMLKKNHOFFAI68CA,埤子頭段,37.00,都市：住
RPVOMLKKNHOFFAI68CA,埤子頭段,24.00,都市：住
RPVOMLKKNHOFFAI68CA,埤子頭段,44.00,都市：住
RPUOMLQKNHOFFAI56CA,西門段七小段,5.67,都市：商
RPUOMLQKNHOFFAI56CA,西門段七小段,8.17,都市：商
RPTOMLQKNHOFFAI09CA,西門段七小段,11.33,都市：商
RPTOMLQKNHOFFAI09CA,西門段七小段,16.33,都市：商
RPTNMLOLNHOFFAI88CA,湖子內段興安小段,109.91,都市：住
RPUNMLOLNHOFFAI98CA,湖子內段興安小段,109.91,都市：住
RPVOMLNLNHOFFAI09CA,下路頭段,119.00,都市：住
RPVOMLNLNHOFFAI09CA,下路頭段,2.80,都市：住
RPVNMLLKNHOFFAI68CA,白川段,17.07,都市：住
RPTNMLSKNHOFFAI56CA,八掌段,95.75,都市：住
RPVNMLLKNHOFFAI68CA,白川段,17.07,都市：住
RPTNMLSKNHOFFAI56CA,八掌段,29.74,都市：住
RPSNMLMJNHOFFAI38CA,竹圍子段,65.00,都市：住
RPUNMLQJNHOFFAI98CA,劉厝段,70.00,都市：工
RPUNMLMJNHOFFAI58CA,盧厝段,31.50,都市：住
RPPPMLTJNHOFFAI98CA,西門段五小段,34.00,都市：商
RPPPMLTJNHOFFAI98CA,西門段五小段,26.00,都市：商
RPPPMLTJNHOFFAI98CA,西門段五小段,46.00,都市：商
RPOOMLKMNHOFFAI18CA,榮段六小段,195.00,都市：商
RPOOMLKMNHOFFAI18CA,榮段六小段,17.10,都市：商
RPOOMLKMNHOFFAI18CA,榮段六小段,13.20,都市：商
RPPNMLRJNHOFFAI58CA,竹圍子段三小段,79.00,都市：住
RPTNMLNJNHOFFAI58CA,陳厝段,50.64,都市：住
RPQOMLKKNHOFFAI18CA,湖子內段興安小段,103.01,都市：住
RPRNMLPJNHOFFAI58CA,湖子內段興安小段,42.75,都市：住
RPRNMLPJNHOFFAI58CA,湖子內段興安小段,42.75,都市：住
RPRNMLPJNHOFFAI58CA,湖子內段興安小段,42.75,都市：住
RPUNMLNJNHOFFAI68CA,短竹段,11.55,都市：住
RPVNMLNJNHOFFAI78CA,港子坪段港坪小段,12.84,都市：住
RPRNMLQJNHOFFAI68CA,湖內段,14.81,都市：住
RPOOMLOKNHOFFAI38CA,南門段二小段,8.52,都市：商
RPRNMLQKNHOFFAI78CA,竹村段,1080.69,都市：農
RPWQMLNKNHOFFAI66CA,西門段三小段,3.95,都市：商
RPWQMLNKNHOFFAI66CA,西門段三小段,.99,都市：商
RPSOMLKLNHOFFAI48CA,白川段,40.85,都市：住
RPQNMLPJNHOFFAI48CA,湖子內段興安小段,66.58,都市：住
RPQNMLPJNHOFFAI48CA,湖子內段興安小段,66.58,都市：住
RPPOMLQKNHOFFAI68CA,盧厝段,2.00,都市：其他
RPRNMLKLNHOFFAI28CA,台斗坑段,2.00,都市：住
RPRNMLKLNHOFFAI28CA,台斗坑段,28.80,都市：住
RPRNMLKLNHOFFAI28CA,台斗坑段,1.33,都市：住
RPRNMLKLNHOFFAI28CA,台斗坑段,.30,都市：住
RPRNMLKLNHOFFAI28CA,台斗坑段,44.00,都市：住
RPRNMLKLNHOFFAI28CA,台斗坑段,39.00,都市：其他
RPRNMLKLNHOFFAI28CA,台斗坑段,.50,都市：住
RPRNMLKLNHOFFAI28CA,台斗坑段,.33,都市：住
RPRNMLKLNHOFFAI28CA,台斗坑段,4.33,都市：住
RPRNMLKLNHOFFAI28CA,台斗坑段,95.00,都市：住
RPSSMLLLNHOFFAI98CA,下路頭段,43.91,都市：住
RPSSMLLLNHOFFAI98CA,下路頭段,65.00,都市：住
RPSSMLLLNHOFFAI98CA,下路頭段,1.73,都市：住
RPVPMLNLNHOFFAI56CA,車店段車店小段,152.00,都市：住
RPUOMLSKNHOFFAI76CA,劉厝段劉厝小段,10.43,都市：商
RPOOMLQKNHOFFAI58CA,盧東段,139.57,都市：住
RPOOMLQKNHOFFAI58CA,盧東段,15.90,都市：住
RPOOMLQKNHOFFAI58CA,盧東段,.26,都市：住
RPPNMLRLNHOFFAI78CA,中庄段,16.75,都市：住
RPTOMLLLNHOFFAI68CA,新厝段,43.00,都市：農
RPPOMLRKNHOFFAI78CA,白川段,87.00,都市：住
RPXNMLQJNHOFFAI86EA,北園段,26.00,都市：農
RPPPMLSKNHOFFAI98CA,八掌段,93.93,都市：農
RPPPMLSKNHOFFAI98CA,八掌段,1.21,都市：農
RPPPMLSKNHOFFAI98CA,八掌段,8.93,都市：農
RPPPMLSKNHOFFAI98CA,八掌段,4.62,都市：農
RPPPMLSKNHOFFAI98CA,八掌段,35.76,都市：農
RPPPMLSKNHOFFAI98CA,八掌段,270.62,都市：農
RPPPMLSKNHOFFAI98CA,八掌段,267.57,都市：農
RPSNMLNJNHOFFAI68EA,下路頭段,4.00,都市：住
RPSNMLNJNHOFFAI68EA,下路頭段,56.00,都市：住
RPPNMLNJNHOFFAI38EA,下路頭段,111.00,都市：住
RPWNMLRLNHOFFAI86CA,何庄段,18.33,都市：住
RPOOMLKMNHOFFAI38EA,湖子內段湖美小段,239.98,都市：其他
RPPQMLNKNHOFFAI58CA,白川段,67.00,都市：住
RPROMLKLNHOFFAI38CA,湖內段,18.42,都市：住
RPROMLKLNHOFFAI38CA,湖內段,14.57,都市：住
RPSNMLNKNHOFFAI58CA,埤子頭段,5.28,都市：住
RPUNMLLKNHOFFAI58CA,下路頭段,18.00,都市：住
RPPOMLQJNHOFFAI58CA,民族段二小段,7.32,都市：住
RPQRMLLLNHOFFAI68CA,崎頂段,245.00,都市：其他
RPVOMLTLNHOFFAI07CA,港子坪段,7.82,都市：其他
RPVOMLTLNHOFFAI07CA,港子坪段,5.79,都市：住
RPVOMLTLNHOFFAI07CA,港子坪段,82.00,都市：住
RPVOMLTLNHOFFAI07CA,港子坪段,4.76,都市：住
RPVOMLTLNHOFFAI07CA,港子坪段,6.03,都市：住
RPTNMLRJNHOFFAI98CA,劉厝段玉山小段,119.54,都市：住
RPUNMLRJNHOFFAI09CA,白川段,34.68,都市：住
RPSNMLLMNHOFFAI58CA,盧厝段,49.42,都市：住
RPPNMLNKNHOFFAI28CA,湖內段,20.35,都市：住
RPTOMLNLNHOFFAI88CA,荖藤段,402.00,都市：住
RPWSMLLLNHOFFAI76CA,港子坪段港坪小段,12.90,都市：住
RPOTMLLLNHOFFAI68CA,下路頭段,60.00,都市：住
RPPPMLNLNHOFFAI58CA,彌陀段,36.96,都市：住
RPPPMLNLNHOFFAI58CA,彌陀段,115.00,都市：住
RPPPMLNLNHOFFAI58CA,彌陀段,6.74,都市：住
RPSPMLNLNHOFFAI88CA,湖子內段興安小段,35.31,都市：住
RPXOMLNLNHOFFAI66CA,湖子內段興安小段,35.31,都市：住
RPQNMLNJOHOFFAI58EA,新厝段,86.45,都市：住
RPQNMLNJOHOFFAI58EA,新厝段,.31,都市：住
RPOPMLNLNHOFFAI48CA,湖子內段興安小段,35.31,都市：住
RPRPMLNLNHOFFAI78CA,湖子內段興安小段,37.95,都市：住
RPXNMLRLNHOFFAI96CA,中庄段,58.00,都市：住
RPXNMLRLNHOFFAI96CA,中庄段,38.38,都市：住
RPTNMLTLNHOFFAI76CA,湖內段,13.20,都市：住
RPOOMLTJNHOFFAI98EA,車店段車店小段,56.50,都市：住
RPVNMLSJNHOFFAI86EA,下路頭段,41.00,都市：住
RPSNMLRJNHOFFAI09EA,溪東段,94.01,都市：住
RPSNMLRJNHOFFAI09EA,溪東段,2.00,都市：住
RPSNMLRJNHOFFAI09EA,溪東段,17.40,都市：住
RPSNMLRJNHOFFAI09EA,溪東段,.13,都市：住
RPXNMLKKNHOFFAI98EA,短竹段,5.12,都市：住
RPWOMLNLNHOFFAI56CA,湖內段,19.48,都市：住
RPWPMLNLNHOFFAI66CA,竹圍子段,30.55,都市：住
RPUNMLSKNHOFFAI66CA,同興段,19.14,都市：住
RPPOMLSKNHOFFAI88CA,東川段,16.90,都市：住
RPPOMLSKNHOFFAI88CA,東川段,92.00,都市：住
RPVSMLLLNHOFFAI66CA,港子坪段港坪小段,15.92,都市：住
RPVSMLLLNHOFFAI66CA,港子坪段港坪小段,4.48,都市：住
RPXNMLRKNHOFFAI86CA,劉厝段玉山小段,110.88,都市：住
RPXNMLRKNHOFFAI86CA,劉厝段玉山小段,51.81,都市：住
RPXNMLRKNHOFFAI86CA,劉厝段玉山小段,4.86,都市：住
RPTOMLKKNHOFFAI48CA,埤子頭段,105.00,都市：住
RPTOMLKKNHOFFAI48CA,埤子頭段,35.60,都市：住
RPVOMLOKNHOFFAI09CA,盧厝段,21.68,都市：住
RPOOMLLKNHOFFAI08CA,車店段車店小段,5.17,都市：住
RPOOMLLKNHOFFAI08CA,車店段車店小段,77.00,都市：住
RPUNMLQKNHOFFAI09CA,竹圍子段一小段,16.30,都市：住
RPUNMLRKNHOFFAI56CA,同興段,28.70,都市：住
RPVOMLTJNHOFFAI86CA,短竹段,96.00,都市：住
RPWOMLTJNHOFFAI96CA,短竹段,95.00,都市：住
RPXOMLTJNHOFFAI07CA,盧厝段,101.00,都市：住
RPXOMLTJNHOFFAI07CA,盧厝段,37.90,都市：住
RPOPMLTJNHOFFAI88CA,盧厝段,101.00,都市：住
RPOPMLTJNHOFFAI88CA,盧厝段,37.90,都市：住
RPQPMLTJNHOFFAI09CA,盧厝段,102.00,都市：住
RPQPMLTJNHOFFAI09CA,盧厝段,37.90,都市：住
RPWNMLTJNHOFFAI86CA,白川段,58.00,都市：住
RPSNMLQKNHOFFAI88CA,港子坪段港坪小段,16.38,都市：住
RPQNMLMLNHOFFAI38CA,後庄段,99.00,都市：其他
RPQNMLMLNHOFFAI38CA,後庄段,132.00,都市：其他
RPQNMLMLNHOFFAI38CA,後庄段,110.00,都市：其他
RPQNMLMLNHOFFAI38CA,後庄段,.25,都市：其他
RPQNMLMLNHOFFAI38CA,後庄段,32.00,都市：其他
RPQNMLMLNHOFFAI38CA,後庄段,3.00,都市：其他
RPQNMLMLNHOFFAI38CA,後庄段,38.00,都市：其他
RPQNMLMLNHOFFAI38CA,後庄段,13.50,都市：其他
RPSNMLKKNHOFFAI28CA,彌陀段,.25,都市：住
RPSNMLKKNHOFFAI28CA,彌陀段,21.50,都市：住
RPSNMLKKNHOFFAI28CA,彌陀段,85.00,都市：住
RPUNMLKKNHOFFAI48CA,西門段六小段,5.43,都市：商
RPUNMLKKNHOFFAI48CA,西門段六小段,9.31,都市：商
RPTPMLNLNHOFFAI98CA,湖子內段興安小段,51.48,都市：住
RPVNMLTLNHOFFAI96CA,竹圍子段三小段,17.34,都市：住
RPRRMLLLNHOFFAI78CA,崎頂段,36.00,都市：其他
RPSRMLLLNHOFFAI88CA,崎頂段,214.00,都市：其他
RPTRMLLLNHOFFAI98CA,崎頂段,246.00,都市：其他
RPQNMLPLNHOFFAI68CA,下路頭段,13.59,都市：住
RPPNMLPLNHOFFAI58CA,港子坪段港坪小段,12.75,都市：住
RPPNMLPLNHOFFAI58CA,港子坪段港坪小段,21.00,都市：住
RPURMLLLNHOFFAI09CA,後庄段,2.00,都市：其他
RPURMLLLNHOFFAI09CA,後庄段,108.00,都市：其他
RPVRMLLLNHOFFAI56CA,後庄段,.50,都市：其他
RPXRMLLLNHOFFAI76CA,後庄段,.25,都市：其他
RPXRMLLLNHOFFAI76CA,後庄段,13.50,都市：其他
RPWRMLLLNHOFFAI66CA,後庄段,.25,都市：其他
RPWRMLLLNHOFFAI66CA,後庄段,13.50,都市：其他
RPWRMLLLNHOFFAI66CA,後庄段,22.00,都市：其他
RPWRMLLLNHOFFAI66CA,後庄段,.50,都市：其他
RPPSMLLLNHOFFAI68CA,後庄段,707.00,都市：其他
RPQSMLLLNHOFFAI78CA,後庄段,239.00,都市：其他
RPQSMLLLNHOFFAI78CA,後庄段,59.00,都市：其他
RPRNMLRKNHOFFAI88CA,彌陀段,98.00,都市：住
RPRNMLRKNHOFFAI88CA,彌陀段,36.96,都市：住
RPRNMLRKNHOFFAI88CA,彌陀段,6.74,都市：住
RPQNMLRLNHOFFAI88CA,車店段,13.50,都市：住
RPOQMLLLNHOFFAI38CA,車店段車店小段,112.00,都市：住
RPUNMLTJNHOFFAI86EA,西門段一小段,57.00,都市：商
RPSOMLRLNHOFFAI76EA,下路頭段,13.60,都市：住
RPOPMLSKNHOFFAI88CA,陳厝段,122.27,都市：住
RPVNMLRKNHOFFAI66CA,同興段,1002.00,都市：工
RPRNMLRLNHOFFAI56EA,車店段車店小段,8.72,都市：住
RPXNMLTLNHOFFAI17CA,車店段車店小段,12.25,都市：住
RPVNMLOKNHOFFAI98CA,北園段,18.79,都市：住
RPVNMLOKNHOFFAI98CA,北園段,86.00,都市：住
RPPQMLLLNHOFFAI48CA,中山段三小段,14.79,都市：住
RPQNMLLKNHOFFAI18CA,車店段車店小段,5.93,都市：住
RPWOMLKKNHOFFAI78CA,竹圍子段三小段,26.60,都市：住
RPOPMLKKNHOFFAI08CA,劉厝段玉山小段,120.97,都市：住
RPOPMLKKNHOFFAI08CA,劉厝段玉山小段,4.60,都市：住
RPXOMLKKNHOFFAI88CA,竹圍子段二小段,8.98,都市：商
RPSNMLLKNHOFFAI38CA,劉厝段劉厝小段,30.14,都市：商
RPXNMLLKNHOFFAI88CA,竹圍子段二小段,16.93,都市：住
RPROMLNKNHOFFAI58CA,遠東段,66.00,都市：住
RPOPMLTLNHOFFAI09CA,興村段,22.55,都市：住
RPOPMLTLNHOFFAI09CA,興村段,68.00,都市：住
RPTNMLQKNHOFFAI98CA,港子坪段港坪小段,93.00,都市：住
RPQOMLPJOHOFFAI68CA,竹圍子段一小段,9.81,都市：住
RPQNMLKKNHOFFAI08CA,湖子內段興安小段,134.74,都市：住
RPQPMLNLNHOFFAI68CA,竹圍子段三小段,108.00,都市：住
RPRNMLKKNHOFFAI18CA,湖子內段興安小段,135.04,都市：住
RPXNMLOJOHOFFAI56CA,同興段,2.73,都市：其他
RPSNMLRLNHOFFAI66EA,車店段車店小段,8.72,都市：住
RPUNMLRLNHOFFAI86EA,車店段車店小段,8.72,都市：住
RPTNMLRLNHOFFAI76EA,車店段車店小段,8.41,都市：住
RPUNMLPKNHOFFAI98CA,北社尾段,11.49,都市：住
RPRNMLPKNHOFFAI88EA,中庄段,45.50,都市：住
RPVNMLRLNHOFFAI96EA,車店段車店小段,8.41,都市：住
RPQNMLNLNHOFFAI48CA,新富段三小段,2.40,都市：住
RPQNMLNLNHOFFAI48CA,新富段三小段,2.60,都市：商
RPTNMLNKNHOFFAI88EA,中庄段,89.00,都市：住
