﻿編號,土地區段位置,土地移轉面積平方公尺,使用分區或編定
The serial number,land sector position,land shifting area square meter,the use zoning or compiles and checks
RPSNMLQLMHOFFAP17CC,大潭段社口小段,.00,非都市： ; 非都市編定：
RPSNMLTKMHOFFAP37CC,大潭段社口小段,.00,非都市： ; 非都市編定：
RPPNMLLLLHOFFAP88CC,科一段,4958.68,非都市：工業區 ; 非都市編定：丁種建築用地
RPSNMLNKKHOFFDP96DC,工專段,309.34,都市：住
RPTNMLMLLHOFFDP07CC,明正段,6.13,都市：住
RPSNMLMLLHOFFDP96CC,弘道段,44.88,都市：住
