﻿鄉鎮市區,交易標的,土地區段位置建物區段門牌,土地移轉總面積平方公尺,都市土地使用分區,非都市土地使用分區,非都市土地使用編定,交易年月日,交易筆棟數,移轉層次,總樓層數,建物型態,主要用途,主要建材,建築完成年月,建物移轉總面積平方公尺,建物現況格局-房,建物現況格局-廳,建物現況格局-衛,建物現況格局-隔間,有無管理組織,總價元,單價元平方公尺,車位類別,車位移轉總面積平方公尺,車位總價元,備註,編號
The villages and towns urban district,transaction sign,land sector position building sector house number plate,land shifting total area square meter,the use zoning or compiles and checks,the non-metropolis land use district,non-metropolis land use,transaction year month and day,transaction pen number,shifting level,total floor number,building state,main use,main building materials,construction to complete the years,building shifting total area,Building present situation pattern - room,building present situation pattern - hall,building present situation pattern - health,building present situation pattern - compartmented,Whether there is manages the organization,total price NTD,the unit price (NTD / square meter),the berth category,berth shifting total area square meter,the berth total price NTD,the note,serial number
金寧鄉,土地,安岐村段1~30地號,213.0,其他,,,1080131,土地1建物0車位0,,,其他,,,,0.0,0,0,0,有,無,15000000,70423,,0.0,0,本件交易標的；包括，土地新台幣壹千萬元及尚未完成保存登記之地上建築物新台幣五百萬元，建築物總面積296.13平方公尺，附屬面積陽台46.88平方公尺 。本案標的為三人共有。,RPVNMLNJOHOFFAW67CA
烈嶼鄉,土地,西方劃測段421~450地號,556.25,農,,,1080130,土地2建物0車位0,,,其他,,,,0.0,0,0,0,有,無,2002509,3600,,0.0,0,叔侄間買賣,RPPNMLOKKHOFFAW96DA
金寧鄉,房地(土地+建物),金門縣金寧鄉西浦頭61~90號,97.76,其他,,,1071230,土地1建物1車位0,全,三層,透天厝,見其他登記事項,鋼筋混凝土造,1040430,186.21,5,2,5,有,無,8720000,46829,,0.0,0,,RPSNMLTKKHOFFAW67CA
金湖鎮,房地(土地+建物),金門縣金湖鎮市港一路241~270號,22.83,住,,,1071109,土地1建物1車位0,一層,三層,公寓(5樓含以下無電梯),見其他登記事項,鋼筋混凝土造,1040429,54.36,0,0,0,無,無,2600000,47829,,0.0,0,,RPPNMLLLKHOFFAW66CA
金寧鄉,土地,寧安二劃段1~30地號,666.67,農,,,1080122,土地1建物0車位0,,,其他,,,,0.0,0,0,0,有,無,3250000,4875,,0.0,0,,RPSNMLNLKHOFFAW17CA
金寧鄉,房地(土地+建物),金門縣金寧鄉湖下211~240號,45.08,住,,,1080212,土地1建物1車位0,一層,三層,公寓(5樓含以下無電梯),見其他登記事項,鋼筋混凝土造,1051228,77.78999999999999,3,1,2,有,無,4000000,51420,,0.0,0,,RPPNMLLKLHOFFAW66CA
金寧鄉,房地(土地+建物),金門縣金寧鄉下堡181~210號,19.92,其他,,,1080116,土地1建物1車位0,一層,三層,公寓(5樓含以下無電梯),見其他登記事項,鋼筋混凝土造,1031113,36.08,1,1,1,有,無,2180000,60421,,0.0,0,土地及建物分次登記案件。前案土地登記收件字號：;,RPRNMLSKKHOFFAW47CA
金寧鄉,土地,寧安二劃段1~30地號,333.33,農,,,1080122,土地1建物0車位0,,,其他,,,,0.0,0,0,0,有,無,1450000,4350,,0.0,0,,RPTNMLNLKHOFFAW27CA
金沙鎮,土地,后宅測段31~60地號,612.11,農,,,1071228,土地1建物0車位0,,,其他,,,,0.0,0,0,0,有,無,856954,1400,,0.0,0,向政府機關承購之案件。;,RPQNMLMLKHOFFAW86CA
金湖鎮,土地,市港段31~60地號,5479.74,住,,,1071225,土地16建物0車位0,,,其他,,,,0.0,0,0,0,有,無,538724199,98312,,0.0,0,向政府機關承購之案件。;徵收區土地專案讓售,RPUNMLMLKHOFFAW27CA
金湖鎮,房地(土地+建物),金門縣金湖鎮赤東路1~30號,18.81,住,,,1071231,土地1建物1車位0,五層,十層,華廈(10層含以下有電梯),見其他登記事項,鋼筋混凝土造,1041201,141.55,3,2,2,有,無,6600000,46627,,0.0,0,,RPVNMLNLKHOFFAW47CA
金沙鎮,土地,浯坑劃測段61~90地號,539.99,農,,,1070908,土地1建物0車位0,,,其他,,,,0.0,0,0,0,有,無,2380000,4407,,0.0,0,,RPQNMLRLKHOFFAW37CA
金寧鄉,土地,寧安二劃段301~330地號,333.33,農,,,1080215,土地1建物0車位0,,,其他,,,,0.0,0,0,0,有,無,1300000,3900,,0.0,0,,RPPNMLKLKHOFFAW66DA
金城鎮,房地(土地+建物),金門縣金城鎮小古崗31~60號,50.79,其他,,,1080122,土地1建物1車位0,二層,三層,公寓(5樓含以下無電梯),見其他登記事項,鋼筋混凝土造,1071127,86.36,3,2,2,有,無,4700000,54423,,0.0,0,,RPPNMLMLKHOFFAW76CA
金寧鄉,房地(土地+建物),金門縣金寧鄉湖下211~240號,45.08,住,,,1080212,土地1建物1車位0,二層,三層,公寓(5樓含以下無電梯),見其他登記事項,鋼筋混凝土造,1051228,77.78999999999999,3,1,2,有,無,3800000,48849,,0.0,0,,RPQNMLLKLHOFFAW76CA
金沙鎮,房地(土地+建物),金門縣金沙鎮東店1~30號,31.79,住,,,1080211,土地1建物1車位0,三層,三層,公寓(5樓含以下無電梯),見其他登記事項,鋼筋混凝土造,1060112,83.16,2,1,1,有,無,2800000,33670,,0.0,0,,RPSNMLPJLHOFFAW27CA
金沙鎮,房地(土地+建物)+車位,金門縣金沙鎮東店1~30號,55.92,住,,,1080211,土地1建物1車位1,一層,三層,公寓(5樓含以下無電梯),見其他登記事項,鋼筋混凝土造,1060112,132.97,2,1,2,有,無,5800000,43619,坡道平面,19.95,0,,RPTNMLPJLHOFFAW37CA
金沙鎮,土地,沙港劃段241~270地號,646.48,農,,,1080121,土地1建物0車位0,,,其他,,,,0.0,0,0,0,有,無,2700000,4176,,0.0,0,,RPWNMLNLKHOFFAW57CA
金城鎮,土地,珠山段1021~1050地號,200.0,其他,,,1080125,土地1建物0車位0,,,其他,,,,0.0,0,0,0,有,無,240000,1200,,0.0,0,,RPPNMLNLKHOFFAW96DA
金寧鄉,土地,上后垵測段1~30地號,342.76,其他,,,1080222,土地1建物0車位0,,,其他,,,,0.0,0,0,0,有,無,4490300,13100,,0.0,0,,RPQNMLPLKHOFFAW27DA
金沙鎮,土地,北八劃段151~180地號,2329.86,農,,,1071227,土地3建物0車位0,,,其他,,,,0.0,0,0,0,有,無,9473950,4066,,0.0,0,,RPQNMLNLKHOFFAW96CA
金湖鎮,房地(土地+建物),金門縣金湖鎮庵邊1~30號,83.33,住,,,1080211,土地1建物1車位0,三層,三層,華廈(10層含以下有電梯),見其他登記事項,鋼筋混凝土造,1070425,143.09,3,2,2,有,無,7150000,49969,,0.0,0,,RPRNMLNLKHOFFAW07CA
金沙鎮,土地,沙港劃段1231~1260地號,407.21,農,,,1080214,土地1建物0車位0,,,其他,,,,0.0,0,0,0,有,無,1350000,3315,,0.0,0,,RPSNMLQJLHOFFAW37CA
金寧鄉,房地(土地+建物),金門縣金寧鄉埔後31~60號,110.04,其他,,,1080118,土地1建物1車位0,全,三層,透天厝,住商用,鋼筋混凝土加強磚造,0831124,213.03,6,1,3,有,無,8000000,37553,,0.0,0,,RPRNMLOKLHOFFAW17CA
金沙鎮,房地(土地+建物),金門縣金沙鎮洋山61~90號,42.87,住,,,1080129,土地2建物1車位0,三層,三層,公寓(5樓含以下無電梯),見其他登記事項,鋼筋混凝土造,1070308,68.71,2,2,1,有,無,3150000,45845,,0.0,0,建商與地主合建案。;,RPRNMLMKLHOFFAW96CA
金湖鎮,房地(土地+建物),金門縣金湖鎮環島南路五段481~510號,47.82,其他,,,1080223,土地1建物1車位0,三層,三層,公寓(5樓含以下無電梯),見其他登記事項,鋼筋混凝土造,1040203,122.86,2,2,2,有,無,8000000,65115,,0.0,0,,RPRNMLQLKHOFFAW37CA
金沙鎮,土地,陽宅段61~90地號,699.25,農,,,1080112,土地1建物0車位0,,,其他,,,,0.0,0,0,0,有,無,700000,1001,,0.0,0,,RPUNMLNKLHOFFAW37CA
烈嶼鄉,土地,公園測段331~360地號,1045.22,農,,,1080222,土地3建物0車位0,,,其他,,,,0.0,0,0,0,有,無,1600000,1531,,0.0,0,,RPPNMLQLKHOFFAW27DA
金湖鎮,土地,湖前段991~1020地號,17.69,住,,,1080225,土地1建物0車位0,,,其他,,,,0.0,0,0,0,有,無,279502,15800,,0.0,0,,RPPNMLRLKHOFFAW37DA
金寧鄉,房地(土地+建物),金門縣金寧鄉東州61~90號,57.27,住,,,1080118,土地1建物1車位0,三層,三層,公寓(5樓含以下無電梯),見其他登記事項,鋼筋混凝土造,1040721,139.56,3,2,2,有,無,8500000,60906,,0.0,0,交易總價含整建工程款80萬,RPTNMLRLKHOFFAW77DA
金沙鎮,土地,西園段1261~1290地號,721.0,住,,,1071228,土地1建物0車位0,,,其他,,,,0.0,0,0,0,有,無,14800000,20527,,0.0,0,,RPPNMLQJLHOFFAW17DA
金城鎮,房地(土地+建物),金門縣金城鎮西海路三段106巷13弄1~30號,49.6,住,,,1080222,土地1建物1車位0,五層,五層,華廈(10層含以下有電梯),見其他登記事項,鋼筋混凝土造,1071210,108.89999999999999,3,1,2,有,無,6900000,63361,,0.0,0,建商與地主合建案。;,RPPNMLNKLHOFFAW86CA
金城鎮,房地(土地+建物),金門縣金城鎮西海路三段106巷13弄1~30號,48.0,住,,,1080222,土地1建物1車位0,五層,五層,華廈(10層含以下有電梯),見其他登記事項,鋼筋混凝土造,1071210,106.62,3,1,2,有,無,6900000,64716,,0.0,0,建商與地主合建案。;,RPSNMLMKLHOFFAW07CA
金城鎮,房地(土地+建物),金門縣金寧鄉大學路53巷1~30號,2279.13,農,,,1071226,土地5建物1車位0,全,三層,透天厝,見其他登記事項,鋼筋混凝土造,1011108,379.83,7,2,8,有,無,22000000,57921,,0.0,0,,RPTNMLOKLHOFFAW37CA
金城鎮,房地(土地+建物),金門縣金城鎮光前路76巷1~30號,19.85,住,,,1080221,土地1建物1車位0,四層,七層,華廈(10層含以下有電梯),見其他登記事項,鋼筋混凝土造,1010224,105.5,3,2,1,有,無,7500000,71090,,0.0,0,,RPQNMLMKLHOFFAW86CA
金寧鄉,房地(土地+建物),金門縣金寧鄉安岐211~240號,66.35,其他,,,1080128,土地2建物1車位0,二層,三層,公寓(5樓含以下無電梯),見其他登記事項,鋼筋混凝土造,1060525,94.41,3,2,2,有,無,5500000,58257,,0.0,0,,RPVNMLPJLHOFFAW57CA
金湖鎮,土地,小徑段511~540地號,2478.09,其他,,,1080128,土地4建物0車位0,,,其他,,,,0.0,0,0,0,有,無,10900000,4399,,0.0,0,,RPUNMLPJLHOFFAW47CA
金寧鄉,房地(土地+建物),金門縣金寧鄉湖下211~240號,47.03,住,,,1080219,土地1建物1車位0,二層,三層,公寓(5樓含以下無電梯),見其他登記事項,鋼筋混凝土造,1051228,81.16,3,1,2,有,無,3800000,46821,,0.0,0,,RPRNMLLKLHOFFAW86CA
金寧鄉,房地(土地+建物),金門縣金寧鄉頂埔下61~90號,100.78,其他,,,1080220,土地2建物1車位0,全,三層,透天厝,見其他登記事項,鋼筋混凝土造,1010711,164.36,5,1,5,有,無,10300000,62667,,0.0,0,,RPQNMLQJLHOFFAW27DA
烈嶼鄉,土地,東面山測段61~90地號,5928.12,其他,,,1080215,土地15建物0車位0,,,其他,,,,0.0,0,0,0,有,無,7300000,1231,,0.0,0,,RPRNMLQJLHOFFAW27CA
金城鎮,土地,金門城測段1~30地號,77.41,住,,,1080130,土地2建物0車位0,,,其他,,,,0.0,0,0,0,有,無,2250000,29066,,0.0,0,,RPPNMLTKLHOFFAW47CA
金城鎮,房地(土地+建物),金門縣金城鎮小西門31~60號,58.69,其他,,,1080225,土地1建物1車位0,二層,三層,公寓(5樓含以下無電梯),見其他登記事項,鋼筋混凝土造,1070723,101.47,2,2,2,有,無,5100000,50261,,0.0,0,土地及建物分次登記案件。前案土地登記收件字號：;,RPWNMLLKLHOFFAW37CA
金湖鎮,房地(土地+建物),金門縣金湖鎮庵邊1~30號,83.33,住,,,1080303,土地1建物1車位0,二層,三層,華廈(10層含以下有電梯),見其他登記事項,鋼筋混凝土造,1070425,143.09,3,2,2,有,無,6800000,47523,,0.0,0,,RPRNMLSKLHOFFAW57CA
金城鎮,房地(土地+建物),金門縣金城鎮小西門31~60號,50.19,其他,,,1080225,土地1建物1車位0,二層,三層,公寓(5樓含以下無電梯),見其他登記事項,鋼筋混凝土造,1070723,87.42,2,2,2,有,無,4394262,50266,,0.0,0,土地及建物分次登記案件。前案土地登記收件字號：;,RPUNMLLKLHOFFAW17CA
金寧鄉,土地,后湖段1111~1140地號,396.89,農,,,1080223,土地2建物0車位0,,,其他,,,,0.0,0,0,0,有,無,1000000,2520,,0.0,0,,RPQNMLTKLHOFFAW57CA
金城鎮,土地,泗湖村測段91~120地號,109.34,住,,,1080223,土地2建物0車位0,,,其他,,,,0.0,0,0,0,有,無,1000000,9146,,0.0,0,,RPRNMLTKLHOFFAW67CA
金湖鎮,房地(土地+建物),金門縣金湖鎮林兜331~360號,100.08,其他,,,1071230,土地2建物1車位0,全,三層,透天厝,住家用,鋼筋混凝土造,1070327,185.26,4,3,4,有,無,12000000,64774,,0.0,0,,RPPNMLRKLHOFFAW27CA
金沙鎮,房地(土地+建物),金門縣金沙鎮洋山61~90號,49.02,住,,,1080129,土地2建物1車位0,三層,三層,公寓(5樓含以下無電梯),見其他登記事項,鋼筋混凝土造,1070308,77.97,2,2,1,有,無,3650000,46813,,0.0,0,建商與地主合建案。;,RPUNMLMKLHOFFAW27CA
金寧鄉,房地(土地+建物),金門縣金寧鄉榜林91~120號,16.41,其他,,,1080302,土地1建物1車位0,一層,三層,公寓(5樓含以下無電梯),見其他登記事項,鋼筋混凝土造,1051116,27.95,0,0,0,無,無,2200000,78712,,0.0,0,,RPTNMLNKLHOFFAW27CA
金沙鎮,土地,西園段1261~1290地號,263.0,住,,,1071228,土地1建物0車位0,,,其他,,,,0.0,0,0,0,有,無,5000000,19011,,0.0,0,,RPVNMLMKLHOFFAW47DA
金城鎮,房地(土地+建物),金門縣金城鎮西海路三段106巷13弄1~30號,49.6,住,,,1080307,土地1建物1車位0,四層,五層,華廈(10層含以下有電梯),見其他登記事項,鋼筋混凝土造,1071210,108.89999999999999,3,2,2,有,無,6800000,62443,,0.0,0,,RPQNMLNKLHOFFAW07DA
金沙鎮,土地,擎天段451~480地號,271.9,其他,,,1080307,土地1建物0車位0,,,其他,,,,0.0,0,0,0,有,無,750000,2758,,0.0,0,,RPSNMLNKLHOFFAW27DA
金湖鎮,房地(土地+建物),金門縣金湖鎮新湖里市港五路151~180號,12.8,住,,,1080211,土地1建物1車位0,九層,九層,華廈(10層含以下有電梯),見其他登記事項,鋼筋混凝土造,1051123,81.11,2,1,1,有,無,6000000,73974,,0.0,0,,RPRNMLQLLHOFFAW57DA
金湖鎮,房地(土地+建物),金門縣金湖鎮林兜301~330號,101.28,其他,,,1080218,土地2建物1車位0,全,三層,透天厝,住家用,鋼筋混凝土造,1070327,185.67,4,3,4,有,無,10600000,57091,,0.0,0,,RPQNMLPKLHOFFAW17CA
金寧鄉,房地(土地+建物),金門縣金寧鄉下埔下121~150號,105.28,其他,,,1080304,土地1建物1車位0,全,三層,透天厝,住家用,鋼筋混凝土造,1031124,162.73,5,1,4,有,無,9450000,58072,,0.0,0,,RPSNMLOKLHOFFAW27CA
金湖鎮,土地,士校段571~600地號,727.9,其他,,,1080311,土地1建物0車位0,,,其他,,,,0.0,0,0,0,有,無,3300000,4534,,0.0,0,,RPPNMLLLLHOFFAW76CA
金沙鎮,土地,汶沙測段1921~1950地號,62.05,其他,,,1080307,土地1建物0車位0,,,其他,,,,0.0,0,0,0,有,無,2920000,47059,,0.0,0,,RPUNMLKLLHOFFAW17CA
金沙鎮,土地,蔡厝劃測段151~180地號,1620.0,農,,,1080304,土地1建物0車位0,,,其他,,,,0.0,0,0,0,有,無,5500000,3395,,0.0,0,,RPPOMLKLLHOFFAW76CA
金沙鎮,房地(土地+建物),金門縣金沙鎮新前墩31~60號,129.19,其他,,,1080131,土地1建物1車位0,全,三層,透天厝,見其他登記事項,鋼筋混凝土造,1051024,238.44,4,3,6,有,無,11000000,46133,,0.0,0,,RPVNMLLLLHOFFAW37CA
金沙鎮,房地(土地+建物),金門縣金沙鎮勝利路31~60號,62.05,其他,,,1080307,土地1建物1車位0,一層,三層,公寓(5樓含以下無電梯),見其他登記事項,鋼筋混凝土造,1071003,113.16,3,2,2,有,無,7300000,64510,,0.0,0,,RPQNMLPLLHOFFAW27CA
烈嶼鄉,土地,沙溪測段631~660地號,810.17,農,,,1080313,土地4建物0車位0,,,其他,,,,0.0,0,0,0,有,無,1500000,1851,,0.0,0,,RPPNMLPLLHOFFAW27DA
金寧鄉,土地,機場段841~870地號,520.93,農,,,1080318,土地1建物0車位0,,,其他,,,,0.0,0,0,0,有,無,700000,1344,,0.0,0,,RPSNMLKLLHOFFAW07DA
金湖鎮,土地,湖前段391~420地號,831.77,其他,,,1080313,土地1建物0車位0,,,其他,,,,0.0,0,0,0,有,無,26000000,31259,,0.0,0,,RPXNMLLLLHOFFAW57CA
金寧鄉,房地(土地+建物),金門縣金寧鄉下堡181~210號,19.92,其他,,,1080215,土地1建物1車位0,二層,三層,公寓(5樓含以下無電梯),見其他登記事項,鋼筋混凝土造,1031113,36.72,1,1,1,有,無,2200000,59913,,0.0,0,土地及建物分次登記案件。前案土地登記收件字號：;,RPROMLKLLHOFFAW96CA
金城鎮,房地(土地+建物),金門縣金城鎮珠浦西路6巷6弄1~30號,23.03,住,,,1080220,土地1建物1車位0,五層,五層,公寓(5樓含以下無電梯),見其他登記事項,鋼筋混凝土造,0981006,71.78,2,2,2,有,無,5000000,69657,,0.0,0,親友、員工或其他特殊關係間之交易。;,RPSNMLLLLHOFFAW07CA
金沙鎮,土地,中蘭劃測段91~120地號,796.01,農,,,1080303,土地1建物0車位0,,,其他,,,,0.0,0,0,0,有,無,3600000,4523,,0.0,0,,RPOOMLLLLHOFFAW76CA
金城鎮,房地(土地+建物),金門縣金城鎮小古崗31~60號,50.79,其他,,,1080220,土地1建物1車位0,一層,三層,公寓(5樓含以下無電梯),見其他登記事項,鋼筋混凝土造,1071127,86.36,3,2,2,有,無,5180000,59981,,0.0,0,,RPWNMLLLLHOFFAW47CA
金寧鄉,房地(土地+建物)+車位,金門縣金寧鄉前厝31~60號,63.47,其他,,,1080313,土地1建物1車位1,一層,三層,公寓(5樓含以下無電梯),見其他登記事項,鋼筋混凝土造,1060614,156.98,3,2,2,有,無,5700000,36310,坡道平面,13.76,0,急買急賣。;,RPSNMLSLLHOFFAW77CA
金沙鎮,土地,山柄段1021~1050地號,557.39,其他,,,1080304,土地2建物0車位0,,,其他,,,,0.0,0,0,0,有,無,590000,1059,,0.0,0,瑕疵物件之交易。;本案件土地分區係國家公園區及保護區均為不能通常使用無法對外通行之袋地,RPPNMLLKMHOFFAW76CA
金沙鎮,土地,擎天段1231~1260地號,69.0,住,,,1071206,土地1建物0車位0,,,其他,,,,0.0,0,0,0,有,無,1680000,24348,,0.0,0,,RPVNMLQLLHOFFAW97DA
金城鎮,土地,烏土段451~480地號,633.58,農,,,1080314,土地2建物0車位0,,,其他,,,,0.0,0,0,0,有,無,7300000,11522,,0.0,0,,RPQNMLMLLHOFFAW07DA
金城鎮,房地(土地+建物),金門縣金城鎮民權路226巷2弄1~30號,30.78,住,,,1080125,土地2建物1車位0,十層,十一層,住宅大樓(11層含以上有電梯),見其他登記事項,鋼筋混凝土造,1051104,160.25,4,2,2,有,有,18420000,114945,,0.0,0,,RPRNMLQKMHOFFAW47CA
金城鎮,房地(土地+建物),金門縣金城鎮金門城151~180號,69.01,住,,,1080308,土地1建物1車位0,二層,三層,公寓(5樓含以下無電梯),見其他登記事項,鋼筋混凝土造,1050205,110.21,3,2,2,有,無,5750000,52173,,0.0,0,,RPPNMLSLLHOFFAW47CA
金寧鄉,土地,寧湖三劃段391~420地號,500.0,農,,,1080301,土地1建物0車位0,,,其他,,,,0.0,0,0,0,有,無,3900000,7800,,0.0,0,,RPTNMLLKMHOFFAW17CA
金城鎮,房地(土地+建物),金門縣金城鎮西海路三段106巷13弄1~30號,51.0,住,,,1080314,土地1建物1車位0,三層,五層,華廈(10層含以下有電梯),見其他登記事項,鋼筋混凝土造,1071210,111.67999999999999,3,2,2,有,無,6900000,61784,,0.0,0,,RPOOMLQLLHOFFAW37DA
金城鎮,房地(土地+建物),金門縣金城鎮西海路三段106巷13弄1~30號,49.6,住,,,1080314,土地1建物1車位0,三層,五層,華廈(10層含以下有電梯),見其他登記事項,鋼筋混凝土造,1071210,108.89999999999999,3,2,2,有,無,6850000,62902,,0.0,0,,RPPOMLQLLHOFFAW47DA
金城鎮,房地(土地+建物),金門縣金城鎮西海路三段106巷13弄1~30號,51.0,住,,,1080314,土地1建物1車位0,三層,五層,華廈(10層含以下有電梯),見其他登記事項,鋼筋混凝土造,1071210,112.44,3,2,2,有,無,6900000,61366,,0.0,0,,RPQOMLQLLHOFFAW57DA
金城鎮,房地(土地+建物),金門縣金城鎮西海路三段106巷13弄1~30號,51.0,住,,,1080314,土地1建物1車位0,四層,五層,華廈(10層含以下有電梯),見其他登記事項,鋼筋混凝土造,1071210,112.44,3,2,2,有,無,7000000,62255,,0.0,0,,RPROMLQLLHOFFAW67DA
金城鎮,房地(土地+建物),金門縣金城鎮西海路三段106巷13弄1~30號,51.0,住,,,1080314,土地1建物1車位0,四層,五層,華廈(10層含以下有電梯),見其他登記事項,鋼筋混凝土造,1071210,111.67999999999999,3,2,2,有,無,6925000,62008,,0.0,0,,RPSOMLQLLHOFFAW77DA
金城鎮,房地(土地+建物),金門縣金城鎮西海路三段106巷13弄1~30號,48.0,住,,,1080314,土地1建物1車位0,四層,五層,華廈(10層含以下有電梯),見其他登記事項,鋼筋混凝土造,1071210,106.62,3,2,2,有,無,6725000,63074,,0.0,0,,RPPNMLRLLHOFFAW47DA
金寧鄉,土地,下埔下段31~60地號,84.0,其他,,,1080325,土地1建物0車位0,,,其他,,,,0.0,0,0,0,有,無,2500000,29762,,0.0,0,,RPVNMLNLMHOFFAW67CA
金寧鄉,房地(土地+建物),金門縣金寧鄉下堡181~210號,19.92,其他,,,1080226,土地1建物1車位0,一層,三層,公寓(5樓含以下無電梯),見其他登記事項,鋼筋混凝土造,1031113,36.08,1,1,1,有,無,2180000,60421,,0.0,0,土地及建物分次登記案件。前案土地登記收件字號：;,RPSNMLRLLHOFFAW67CA
金城鎮,土地,中一段481~510地號,441.17,住,,,1080308,土地1建物0車位0,,,其他,,,,0.0,0,0,0,有,無,6900000,15640,,0.0,0,,RPTNMLSLLHOFFAW87CA
金寧鄉,土地,寧古劃段901~930地號,575.0,其他,,,1080227,土地1建物0車位0,,,其他,,,,0.0,0,0,0,有,無,1500000,2609,,0.0,0,,RPUNMLSLLHOFFAW97CA
金寧鄉,土地,寧北一劃段151~180地號,724.84,農,,,1080308,土地2建物0車位0,,,其他,,,,0.0,0,0,0,有,無,4707885,6495,,0.0,0,,RPPNMLTLLHOFFAW57CA
金沙鎮,土地,汶沙測段1921~1950地號,62.05,其他,,,1080315,土地1建物0車位0,,,其他,,,,0.0,0,0,0,有,無,2880000,46414,,0.0,0,,RPRNMLLJMHOFFAW86CA
金沙鎮,房地(土地+建物),金門縣金沙鎮勝利路31~60號,62.05,其他,,,1080315,土地1建物1車位0,三層,三層,公寓(5樓含以下無電梯),見其他登記事項,鋼筋混凝土造,1071003,125.84,3,2,2,有,無,7200000,57216,,0.0,0,,RPSNMLLJMHOFFAW96CA
金寧鄉,土地,榜林村段301~330地號,80.0,其他,,,1080314,土地1建物0車位0,,,其他,,,,0.0,0,0,0,有,無,1048000,13100,,0.0,0,親友、員工或其他特殊關係間之交易。;2人共有，各持份1/4，增值稅由買方繳納。,RPRNMLMJMHOFFAW96CA
金沙鎮,土地,汶沙測段1921~1950地號,62.05,其他,,,1080315,土地1建物0車位0,,,其他,,,,0.0,0,0,0,有,無,2840000,45770,,0.0,0,,RPQNMLSJMHOFFAW47CA
金沙鎮,房地(土地+建物),金門縣金沙鎮勝利路31~60號,62.05,其他,,,1080315,土地1建物1車位0,二層,三層,公寓(5樓含以下無電梯),見其他登記事項,鋼筋混凝土造,1071003,125.84,3,2,2,有,無,7100000,56421,,0.0,0,,RPRNMLSJMHOFFAW57CA
金湖鎮,土地,湖前段211~240地號,461.68,農,,,1080321,土地1建物0車位0,,,其他,,,,0.0,0,0,0,有,無,11000000,23826,,0.0,0,,RPQNMLSLLHOFFAW57CA
金城鎮,房地(土地+建物),金門縣金城鎮小西門31~60號,50.19,其他,,,1080314,土地1建物1車位0,二層,三層,公寓(5樓含以下無電梯),見其他登記事項,鋼筋混凝土造,1070723,87.42,2,2,2,有,無,4360000,49874,,0.0,0,土地及建物分次登記案件。前案土地登記收件字號：;,RPPOMLLJMHOFFAW76CA
金城鎮,房地(土地+建物),金門縣金城鎮小西門31~60號,58.69,其他,,,1080218,土地1建物1車位0,二層,三層,公寓(5樓含以下無電梯),見其他登記事項,鋼筋混凝土造,1070723,101.47,2,2,2,有,無,5100000,50261,,0.0,0,土地及建物分次登記案件。前案土地登記收件字號：;,RPROMLLJMHOFFAW96CA
金寧鄉,房地(土地+建物),金門縣金寧鄉下堡211~240號,59.5,其他,,,1080319,土地1建物1車位0,二層,三層,公寓(5樓含以下無電梯),見其他登記事項,鋼筋混凝土造,1061116,96.03,3,2,2,有,無,5000000,52067,,0.0,0,土地及建物分次登記案件。前案土地登記收件字號：;,RPQNMLMJMHOFFAW86CA
金城鎮,房地(土地+建物),金門縣金城鎮民族路246巷1~30號,15.7,住,,,1080326,土地1建物1車位0,三層,四層,公寓(5樓含以下無電梯),見其他登記事項,鋼筋混凝土造,1040811,43.21,1,1,1,有,無,3000000,69428,,0.0,0,,RPTNMLLJMHOFFAW17DA
金寧鄉,土地,中二劃段271~300地號,44.87,其他,,,1080329,土地2建物0車位0,,,其他,,,,0.0,0,0,0,有,無,376908,8400,,0.0,0,包含公共設施保留地之交易。;,RPUNMLLJMHOFFAW27DA
金城鎮,土地,延平段1021~1050地號,633.13,農,,,1080318,土地1建物0車位0,,,其他,,,,0.0,0,0,0,有,無,3300000,5212,,0.0,0,親友、員工或其他特殊關係間之交易。;,RPSNMLSJMHOFFAW67CA
金沙鎮,土地,中蘭劃測段121~150地號,600.02,農,,,1080329,土地1建物0車位0,,,其他,,,,0.0,0,0,0,有,無,2400000,4000,,0.0,0,,RPWNMLNLMHOFFAW77CA
金城鎮,房地(土地+建物),金門縣金城鎮西海路三段106巷13弄1~30號,48.0,住,,,1080327,土地1建物1車位0,三層,五層,華廈(10層含以下有電梯),見其他登記事項,鋼筋混凝土造,1071210,106.62,3,2,2,有,無,6600000,61902,,0.0,0,,RPSNMLMKMHOFFAW27DA
金湖鎮,房地(土地+建物),金門縣金湖鎮料羅新村571~600號,47.02,其他,,,1080401,土地1建物1車位0,二層,三層,華廈(10層含以下有電梯),見其他登記事項,鋼筋混凝土造,1070118,89.03999999999999,3,1,2,有,無,4100000,46047,,0.0,0,親友、員工或其他特殊關係間之交易。;,RPRNMLKMMHOFFAW07CA
金寧鄉,房地(土地+建物),金門縣金寧鄉下堡181~210號,19.92,其他,,,1080305,土地1建物1車位0,一層,三層,公寓(5樓含以下無電梯),見其他登記事項,鋼筋混凝土造,1031113,36.08,1,1,1,有,無,2220000,61530,,0.0,0,土地及建物分次登記案件。前案土地登記收件字號：;,RPTNMLTJMHOFFAW87CA
金寧鄉,土地,湖尾段841~870地號,335.44,其他,,,1080321,土地1建物0車位0,,,其他,,,,0.0,0,0,0,有,無,5300000,15800,,0.0,0,,RPUNMLTJMHOFFAW97CA
金寧鄉,土地,寧湖一劃段211~240地號,246.75,農,,,1080328,土地1建物0車位0,,,其他,,,,0.0,0,0,0,有,無,2200000,8916,,0.0,0,,RPQNMLKKMHOFFAW76CA
金城鎮,土地,金城劃段61~90地號,1027.98,農,,,1080328,土地3建物0車位0,,,其他,,,,0.0,0,0,0,有,無,7800000,7588,,0.0,0,,RPRNMLKKMHOFFAW86CA
金城鎮,土地,洪門港測段31~60地號,124.12,其他,,,1080328,土地2建物0車位0,,,其他,,,,0.0,0,0,0,有,無,3600000,29004,,0.0,0,,RPPNMLTJMHOFFAW47CA
金寧鄉,房地(土地+建物),金門縣金寧鄉下堡181~210號,19.92,其他,,,1080305,土地1建物1車位0,一層,三層,公寓(5樓含以下無電梯),見其他登記事項,鋼筋混凝土造,1031113,36.73,1,1,1,有,無,2230000,60713,,0.0,0,土地及建物分次登記案件。前案土地登記收件字號：;,RPRNMLTJMHOFFAW67CA
金寧鄉,房地(土地+建物),金門縣金寧鄉西堡31~60號,39.05,其他,,,1080321,土地1建物1車位0,二層,三層,公寓(5樓含以下無電梯),見其他登記事項,鋼筋混凝土造,1071228,57.85,2,2,1,有,無,3450000,59637,,0.0,0,,RPQOMLMKMHOFFAW07CA
金城鎮,房地(土地+建物),金門縣金城鎮金門城91~120號,55.65,其他,,,1080315,土地2建物1車位0,一層,三層,公寓(5樓含以下無電梯),見其他登記事項,鋼筋混凝土造,1040311,104.19,3,2,1,有,無,5000000,47994,,0.0,0,,RPQNMLLKMHOFFAW86CA
金沙鎮,房地(土地+建物),金門縣金沙鎮五福街31~60號,33.3,商,,,1080214,土地2建物1車位0,三層,五層,公寓(5樓含以下無電梯),住家用,鋼筋混凝土造,0890222,143.84,3,2,2,有,無,5400000,37542,,0.0,0,,RPRNMLLKMHOFFAW96CA
金寧鄉,房地(土地+建物),金門縣金寧鄉西堡31~60號,39.05,其他,,,1080321,土地1建物1車位0,一層,三層,公寓(5樓含以下無電梯),見其他登記事項,鋼筋混凝土造,1071228,57.85,2,2,1,有,無,3750000,64823,,0.0,0,,RPUNMLMKMHOFFAW37CA
金寧鄉,房地(土地+建物),金門縣金寧鄉西堡31~60號,39.05,其他,,,1080321,土地1建物1車位0,一層,三層,公寓(5樓含以下無電梯),見其他登記事項,鋼筋混凝土造,1071228,87.5,3,2,2,有,無,5550000,63429,,0.0,0,,RPVNMLMKMHOFFAW47CA
金寧鄉,土地,中二劃段61~90地號,144.91,農,,,1080408,土地1建物0車位0,,,其他,,,,0.0,0,0,0,有,無,1217244,8400,,0.0,0,向政府機關承購之案件。;,RPUNMLLKMHOFFAW37DA
金湖鎮,土地,下新厝段31~60地號,65.75,其他,,,1080401,土地1建物0車位0,,,其他,,,,0.0,0,0,0,有,無,1500000,22814,,0.0,0,親友、員工或其他特殊關係間之交易。;,RPQNMLMKMHOFFAW07DA
金寧鄉,房地(土地+建物),金門縣金寧鄉西堡31~60號,39.05,其他,,,1080321,土地1建物1車位0,一層,三層,公寓(5樓含以下無電梯),見其他登記事項,鋼筋混凝土造,1071228,63.39,2,2,1,有,無,4100000,64679,,0.0,0,,RPWNMLMKMHOFFAW57CA
金寧鄉,房地(土地+建物),金門縣金寧鄉西堡31~60號,39.05,其他,,,1080321,土地1建物1車位0,二層,三層,公寓(5樓含以下無電梯),見其他登記事項,鋼筋混凝土造,1071228,63.61,2,2,1,有,無,3800000,59739,,0.0,0,,RPXNMLMKMHOFFAW67CA
金寧鄉,房地(土地+建物),金門縣金寧鄉西堡31~60號,39.05,其他,,,1080321,土地1建物1車位0,三層,三層,公寓(5樓含以下無電梯),見其他登記事項,鋼筋混凝土造,1071228,63.61,2,2,1,有,無,3800000,59739,,0.0,0,,RPOOMLMKMHOFFAW86CA
金寧鄉,房地(土地+建物),金門縣金寧鄉西堡31~60號,39.05,其他,,,1080321,土地1建物1車位0,三層,三層,公寓(5樓含以下無電梯),見其他登記事項,鋼筋混凝土造,1071228,57.85,2,2,1,有,無,3450000,59637,,0.0,0,,RPPOMLMKMHOFFAW96CA
金沙鎮,土地,沙田劃段541~570地號,1000.0,其他,,,1080326,土地1建物0車位0,,,其他,,,,0.0,0,0,0,有,無,3000000,3000,,0.0,0,,RPRNMLMKMHOFFAW07CA
金寧鄉,土地,埔后村段61~90地號,151.0,住,,,1080401,土地3建物0車位0,,,其他,,,,0.0,0,0,0,有,無,19100000,126490,,0.0,0,地主與建商合建分售案，本案由地主直接移轉予買方，金額含地上興建中公寓3戶。一樓公寓630萬，二樓公寓650萬，三樓公寓630萬。,RPSNMLSKMHOFFAW87DA
金湖鎮,房地(土地+建物),金門縣金湖鎮料羅121~150號,31.0,其他,,,1080318,土地1建物1車位0,一層,三層,公寓(5樓含以下無電梯),見其他登記事項,鋼筋混凝土造,1071025,57.51,2,1,2,有,無,3400000,59120,,0.0,0,土地及建物分次登記案件。前案土地登記收件字號：;,RPRNMLRKMHOFFAW67DA
金湖鎮,房地(土地+建物)+車位,金門縣金湖鎮環島南路五段165巷7弄1~30號,68.68,其他,,,1080311,土地1建物1車位1,三層,三層,華廈(10層含以下有電梯),見其他登記事項,鋼筋混凝土造,1070514,173.92000000000002,3,2,2,有,有,5900000,33924,坡道平面,39.24,0,,RPPNMLRKMHOFFAW37CA
金城鎮,土地,祥瑞段721~750地號,275.14,其他,,,1080402,土地8建物0車位0,,,其他,,,,0.0,0,0,0,有,無,6000000,21807,,0.0,0,包含公共設施保留地之交易。;畸零地或有合併使用之交易。;商二70萬，住二12萬，公設518萬,RPPNMLOLMHOFFAW17CA
金寧鄉,房地(土地+建物),金門縣金寧鄉昔果山61~90號,48.1,其他,,,1080327,土地2建物1車位0,一層,五層,華廈(10層含以下有電梯),見其他登記事項,鋼筋混凝土造,1080107,100.92999999999999,3,2,2,有,無,5800000,57466,,0.0,0,,RPOOMLSKMHOFFAW47CA
金城鎮,房地(土地+建物),金門縣金城鎮珠浦南路50巷3弄1~30號,17.08,住,,,1080312,土地1建物1車位0,四層,五層,華廈(10層含以下有電梯),見其他登記事項,鋼筋混凝土造,1040204,56.0,1,1,1,有,無,3620000,64643,,0.0,0,,RPQNMLMLMHOFFAW07CA
金城鎮,房地(土地+建物),金門縣金城鎮珠浦南路50巷3弄1~30號,16.82,住,,,1080327,土地1建物1車位0,四層,五層,華廈(10層含以下有電梯),見其他登記事項,鋼筋混凝土造,1040204,53.56,1,1,1,有,無,3600000,67214,,0.0,0,,RPRNMLMLMHOFFAW17CA
金寧鄉,房地(土地+建物),金門縣金寧鄉昔果山61~90號,48.1,其他,,,1080327,土地2建物1車位0,五層,五層,華廈(10層含以下有電梯),見其他登記事項,鋼筋混凝土造,1080107,101.72999999999999,3,2,2,有,無,5550000,54556,,0.0,0,,RPVNMLSKMHOFFAW08CA
金寧鄉,房地(土地+建物),金門縣金寧鄉昔果山61~90號,48.1,其他,,,1080327,土地2建物1車位0,四層,五層,華廈(10層含以下有電梯),見其他登記事項,鋼筋混凝土造,1080107,101.72999999999999,3,2,2,有,無,5600000,55048,,0.0,0,,RPWNMLSKMHOFFAW18CA
金寧鄉,房地(土地+建物),金門縣金寧鄉昔果山61~90號,48.1,其他,,,1080327,土地2建物1車位0,二層,五層,華廈(10層含以下有電梯),見其他登記事項,鋼筋混凝土造,1080107,100.92999999999999,3,2,2,有,無,5500000,54493,,0.0,0,,RPXNMLSKMHOFFAW28CA
金城鎮,土地,小西門劃測段1681~1710地號,787.28,農,,,1080411,土地1建物0車位0,,,其他,,,,0.0,0,0,0,有,無,2000000,2540,,0.0,0,,RPWNMLTKMHOFFAW38DA
金城鎮,房地(土地+建物),金門縣金城鎮珠浦西路50巷11弄1~30號,14.07,住,,,1080315,土地1建物1車位0,二層,四層,公寓(5樓含以下無電梯),見其他登記事項,鋼筋混凝土造,0980520,41.04,1,1,1,有,無,2620000,63840,,0.0,0,,RPRNMLSKMHOFFAW67CA
金寧鄉,房地(土地+建物)+車位,金門縣金寧鄉前厝31~60號,69.13,其他,,,1080312,土地1建物1車位1,二層,三層,公寓(5樓含以下無電梯),見其他登記事項,鋼筋混凝土造,1060614,175.82999999999998,3,2,2,有,無,6900000,39242,坡道平面,13.76,0,,RPTNMLSKMHOFFAW87CA
金寧鄉,土地,西堡劃測段361~390地號,1200.0,農,,,1080402,土地1建物0車位0,,,其他,,,,0.0,0,0,0,有,無,5000000,4167,,0.0,0,,RPUNMLSKMHOFFAW97CA
金寧鄉,房地(土地+建物),金門縣金寧鄉昔果山61~90號,48.1,其他,,,1080327,土地2建物1車位0,五層,五層,華廈(10層含以下有電梯),見其他登記事項,鋼筋混凝土造,1080107,101.72999999999999,3,2,2,有,無,5700000,56031,,0.0,0,,RPPOMLSKMHOFFAW57CA
金寧鄉,土地,下埔下段1~30地號,180.0,其他,,,1080328,土地1建物0車位0,,,其他,,,,0.0,0,0,0,有,無,5500000,30556,,0.0,0,,RPPNMLTKMHOFFAW57CA
金湖鎮,房地(土地+建物)+車位,金門縣金湖鎮市港五路151~180號,15.94,住,,,1080321,土地1建物1車位1,七層,九層,華廈(10層含以下有電梯),見其他登記事項,鋼筋混凝土造,1051123,110.78,2,2,1,有,無,7790000,71401,坡道機械,8.68,500000,土地及建物分次登記案件。前案土地登記收件字號：;,RPRNMLTKMHOFFAW77CA
金湖鎮,房地(土地+建物),金門縣金湖鎮市港五路151~180號,15.87,住,,,1080318,土地1建物1車位0,八層,九層,華廈(10層含以下有電梯),見其他登記事項,鋼筋混凝土造,1051123,102.1,2,2,1,有,無,7390000,72380,,0.0,0,土地及建物分次登記案件。前案土地登記收件字號：;,RPTNMLTKMHOFFAW97CA
金湖鎮,土地,瓊林段1291~1320地號,119.0,住,,,1080403,土地1建物0車位0,,,其他,,,,0.0,0,0,0,有,無,5400000,45378,,0.0,0,含增建或未登記建物。;,RPPNMLQLMHOFFAW37CA
金城鎮,土地,蜈蚣山段61~90地號,315.04,其他,,,1080408,土地1建物0車位0,,,其他,,,,0.0,0,0,0,有,無,1000000,3174,,0.0,0,,RPSNMLNLMHOFFAW37CA
金湖鎮,房地(土地+建物),金門縣金湖鎮市港五路151~180號,13.53,住,,,1080318,土地1建物1車位0,八層,九層,華廈(10層含以下有電梯),見其他登記事項,鋼筋混凝土造,1051123,89.23,2,2,1,有,無,6380000,71501,,0.0,0,土地及建物分次登記案件。前案土地登記收件字號：;,RPVNMLTKMHOFFAW18CA
金湖鎮,房地(土地+建物),金門縣金湖鎮料羅新村481~510號,43.85,其他,,,1080410,土地1建物1車位0,五層,五層,華廈(10層含以下有電梯),見其他登記事項,鋼筋混凝土造,1071210,98.97,2,2,2,有,無,4850000,49005,,0.0,0,,RPTNMLMLMHOFFAW37CA
金沙鎮,土地,蔡厝劃測段541~570地號,1080.11,農,,,1080410,土地1建物0車位0,,,其他,,,,0.0,0,0,0,有,無,3500000,3240,,0.0,0,,RPQNMLNLMHOFFAW17CA
烈嶼鄉,土地,前埔測段721~750地號,119.54,農,,,1080410,土地1建物0車位0,,,其他,,,,0.0,0,0,0,有,無,150000,1255,,0.0,0,農地面積過小,RPRNMLNLMHOFFAW27CA
金湖鎮,房地(土地+建物),金門縣金湖鎮料羅新村571~600號,42.37,住,,,1080403,土地1建物1車位0,一層,三層,公寓(5樓含以下無電梯),見其他登記事項,鋼筋混凝土造,1070118,80.91999999999999,3,2,2,有,無,4250000,52521,,0.0,0,,RPPNMLNJNHOFFAW96CA
金城鎮,房地(土地+建物),金門縣金城鎮浯江北堤路1~30號,20.84,住,,,1080415,土地1建物1車位0,七層,七層,華廈(10層含以下有電梯),住家用,鋼筋混凝土造,0881012,98.13,3,1,1,有,無,6600000,67258,,0.0,0,,RPQNMLNJNHOFFAW07CA
金寧鄉,房地(土地+建物),金門縣金寧鄉埔後31~60號,20.35,住,,,1080218,土地1建物1車位0,二層,三層,套房(1房1廳1衛),見其他登記事項,鋼筋混凝土造,1040723,37.769999999999996,1,1,1,有,無,3200000,84723,,0.0,0,,RPQNMLTLMHOFFAW77CA
金沙鎮,土地,浯坑劃測段361~390地號,296.59,其他,,,1080322,土地1建物0車位0,,,其他,,,,0.0,0,0,0,有,無,1650000,5563,,0.0,0,親友、員工或其他特殊關係間之交易。;含增建或未登記建物。;交易價格包含土地及未登記建物一層閩式建築4房2廳3衛,RPRNMLOLMHOFFAW37CA
金城鎮,房地(土地+建物),金門縣金城鎮浴井61~90號,58.66,其他,,,1080319,土地6建物1車位0,二層,三層,公寓(5樓含以下無電梯),見其他登記事項,鋼筋混凝土造,1070208,124.52,3,2,2,有,無,7300000,58625,,0.0,0,土地及建物分次登記案件。前案土地登記收件字號：;,RPOOMLOLMHOFFAW17CA
金城鎮,土地,庵前劃測段481~510地號,1200.01,農,,,1080419,土地1建物0車位0,,,其他,,,,0.0,0,0,0,有,無,6240052,5200,,0.0,0,,RPTNMLPLMHOFFAW77DA
金寧鄉,房地(土地+建物),金門縣金寧鄉昔果山61~90號,48.1,其他,,,1080327,土地2建物1車位0,四層,五層,華廈(10層含以下有電梯),見其他登記事項,鋼筋混凝土造,1080107,101.42999999999999,3,2,2,有,無,5450000,53732,,0.0,0,,RPQNMLPLMHOFFAW37CA
金寧鄉,房地(土地+建物),金門縣金寧鄉昔果山61~90號,48.1,其他,,,1080327,土地2建物1車位0,三層,五層,華廈(10層含以下有電梯),見其他登記事項,鋼筋混凝土造,1080107,100.92999999999999,3,2,2,有,無,5550000,54989,,0.0,0,,RPRNMLPLMHOFFAW47CA
金城鎮,土地,后豐港段481~510地號,558.0,農,,,1080422,土地1建物0車位0,,,其他,,,,0.0,0,0,0,有,無,900000,1613,,0.0,0,,RPSNMLPLMHOFFAW57CA
金城鎮,房地(土地+建物),金門縣金城鎮珠浦南路44巷12弄1~30號,12.88,住,,,1080326,土地1建物1車位0,二層,四層,華廈(10層含以下有電梯),見其他登記事項,鋼筋混凝土造,1070117,29.07,1,1,1,有,無,3500000,120399,,0.0,0,,RPRNMLQLMHOFFAW57CA
金湖鎮,房地(土地+建物),金門縣金湖鎮料羅新村541~570號,33.68,其他,,,1080412,土地1建物1車位0,三層,三層,華廈(10層含以下有電梯),見其他登記事項,鋼筋混凝土造,1040402,83.24000000000001,2,1,1,有,無,3900000,46852,,0.0,0,,RPPNMLTLMHOFFAW67CA
金湖鎮,房地(土地+建物)+車位,金門縣金湖鎮料羅新村571~600號,41.37,其他,,,1080412,土地1建物1車位1,三層,三層,華廈(10層含以下有電梯),見其他登記事項,鋼筋混凝土造,1040402,98.35000000000001,2,1,1,有,無,4450000,45247,坡道平面,15.17,0,,SPPNMLTLMHOFFAW77CA
金湖鎮,土地,夏興段451~480地號,911.29,農,,,1080406,土地1建物0車位0,,,其他,,,,0.0,0,0,0,有,無,2000000,2195,,0.0,0,,RPQNMLKMMHOFFAW96CA
金寧鄉,房地(土地+建物),金門縣金寧鄉安岐211~240號,57.63,住,,,1080406,土地2建物1車位0,一層,三層,公寓(5樓含以下無電梯),見其他登記事項,鋼筋混凝土造,1060407,85.49000000000001,3,2,2,有,無,5500000,64335,,0.0,0,傢俱家電窗簾等裝修折新台幣30萬,RPPNMLRJNHOFFAW37CA
金寧鄉,土地,湖下村段61~90地號,216.0,其他,,,1080418,土地2建物0車位0,,,其他,,,,0.0,0,0,0,有,無,6480000,30000,,0.0,0,,RPQNMLLJNHOFFAW86CA
金湖鎮,房地(土地+建物),金門縣金湖鎮中正路31~60號,39.85,商,,,1080418,土地1建物1車位0,全,三層,透天厝,住商用,鋼筋混凝土造,0630315,114.0,2,2,2,有,無,5000000,43860,,0.0,0,親友、員工或其他特殊關係間之交易。;,RPPNMLKKNHOFFAW76CA
金寧鄉,土地,寧湖一劃段241~270地號,186.66,農,,,1080328,土地1建物0車位0,,,其他,,,,0.0,0,0,0,有,無,1766672,9465,,0.0,0,,RPTNMLLJNHOFFAW17CA
金寧鄉,土地,后沙劃測段121~150地號,3200.0,農,,,1080305,土地1建物0車位0,,,其他,,,,0.0,0,0,0,有,無,10000000,3125,,0.0,0,,RPTNMLKMMHOFFAW27CA
金城鎮,房地(土地+建物),金門縣金城鎮西海路三段22巷27弄1~30號,1479.31,農,,,1080411,土地1建物1車位0,全,二層,透天厝,農舍,鋼筋混凝土造,1001031,357.57,5,2,3,有,無,15000000,41950,,0.0,0,,RPPNMLLJNHOFFAW76CA
金寧鄉,房地(土地+建物),金門縣金寧鄉榜林1~30號,56.39,其他,,,1080425,土地1建物1車位0,二層,三層,公寓(5樓含以下無電梯),見其他登記事項,鋼筋混凝土造,1070627,86.97999999999999,3,2,2,有,無,6150000,70706,,0.0,0,,RPWNMLPKNHOFFAW97CA
金沙鎮,土地,山后段901~930地號,438.09,農,,,1080325,土地1建物0車位0,,,其他,,,,0.0,0,0,0,有,無,2100000,4794,,0.0,0,,RPRNMLQJNHOFFAW57DA
金寧鄉,土地,寧湖二劃測段451~480地號,1000.01,農,,,1080419,土地1建物0車位0,,,其他,,,,0.0,0,0,0,有,無,6000000,6000,,0.0,0,,RPRNMLRKNHOFFAW67CA
金沙鎮,土地,榮湖段511~540地號,824.73,其他,,,1080108,土地1建物0車位0,,,其他,,,,0.0,0,0,0,有,無,3500000,4244,,0.0,0,,RPQNMLQJNHOFFAW37CA
金寧鄉,房地(土地+建物),金門縣金寧鄉西堡31~60號,39.05,其他,,,1080321,土地1建物1車位0,一層,三層,公寓(5樓含以下無電梯),見其他登記事項,鋼筋混凝土造,1071228,60.95,2,2,1,有,無,4000000,65628,,0.0,0,,RPSNMLQJNHOFFAW57CA
金沙鎮,房地(土地+建物),金門縣金沙鎮陽翟211~240號,114.48,其他,,,1080409,土地2建物1車位0,全,三層,透天厝,見其他登記事項,鋼筋混凝土造,1070731,177.23,4,3,5,有,無,12800000,72223,,0.0,0,,RPQNMLRJNHOFFAW47CA
金寧鄉,土地,盤山村段211~240地號,22.25,其他,,,1080430,土地1建物0車位0,,,其他,,,,0.0,0,0,0,有,無,830000,37303,,0.0,0,,RPRNMLRJNHOFFAW57CA
金城鎮,房地(土地+建物),金門縣金城鎮珠浦西路84巷1~30號,112.0,住,,,1080419,土地1建物1車位0,全,二層,透天厝,住家用,鋼筋混凝土造,0670910,167.46,5,3,3,有,無,12008820,71712,,0.0,0,,RPQNMLTJNHOFFAW67CA
金城鎮,土地,水頭段421~450地號,481.66,其他,,,1080502,土地1建物0車位0,,,其他,,,,0.0,0,0,0,有,無,3800000,7889,,0.0,0,,RPQNMLSJNHOFFAW67DA
金寧鄉,土地,寧湖二劃測段721~750地號,353.58,住,,,1080328,土地5建物0車位0,,,其他,,,,0.0,0,0,0,有,無,10600000,29979,,0.0,0,,RPUNMLNJOHOFFAW67DA
金寧鄉,土地,寧湖二劃測段721~750地號,667.36,住,,,1080328,土地4建物0車位0,,,其他,,,,0.0,0,0,0,有,無,46700000,69977,,0.0,0,,SPUNMLNJOHOFFAW77DA
金沙鎮,土地,鵲山段31~60地號,2514.98,其他,,,1080421,土地1建物0車位0,,,其他,,,,0.0,0,0,0,有,無,5000000,1988,,0.0,0,親友、員工或其他特殊關係間之交易。;,RPXNMLOKNHOFFAW97CA
金寧鄉,房地(土地+建物),金門縣金寧鄉東州91~120號,52.65,其他,,,1080425,土地1建物1車位0,一層,三層,公寓(5樓含以下無電梯),見其他登記事項,鋼筋混凝土造,1061115,86.23,3,2,2,有,無,5600000,64943,,0.0,0,,RPPNMLKLNHOFFAW86CA
金寧鄉,房地(土地+建物),金門縣金寧鄉東州91~120號,52.65,其他,,,1080425,土地1建物1車位0,二層,三層,公寓(5樓含以下無電梯),見其他登記事項,鋼筋混凝土造,1061115,94.22,3,2,2,有,無,5600000,59435,,0.0,0,,RPQNMLKLNHOFFAW96CA
金寧鄉,土地,寧安五劃段211~240地號,1120.0,農,,,1080401,土地1建物0車位0,,,其他,,,,0.0,0,0,0,有,無,1400000,1250,,0.0,0,,RPPNMLTJNHOFFAW57CA
金湖鎮,土地,后壟段31~60地號,2024.0,其他,,,1080325,土地2建物0車位0,,,其他,,,,0.0,0,0,0,有,無,45000000,22233,,0.0,0,,RPRNMLKLNHOFFAW07CA
金湖鎮,房地(土地+建物),金門縣金湖鎮后壟31~60號,219.08,其他,,,1080325,土地2建物2車位0,全,一層,透天厝,住家用,鋼筋混凝土加強磚造,0831101,219.08,5,2,2,有,無,8000000,36516,,0.0,0,,RPTNMLMLNHOFFAW47CA
金湖鎮,房地(土地+建物),金門縣金湖鎮市港三路121~150號,28.36,住,,,1080402,土地1建物1車位0,一層，見其他登記事項,七層,華廈(10層含以下有電梯),見其他登記事項,鋼筋混凝土造,1040923,135.24,0,0,0,無,無,14200000,104999,,0.0,0,店舖無隔間.另有買受人.,RPQNMLKKNHOFFAW86CA
金寧鄉,房地(土地+建物),金門縣金寧鄉頂埔下1~30號,18.24,其他,,,1080421,土地1建物1車位0,二層,三層,華廈(10層含以下有電梯),見其他登記事項,鋼筋混凝土造,1050126,38.57,1,1,1,有,無,2400000,62225,,0.0,0,,RPSNMLKKNHOFFAW07CA
金城鎮,房地(土地+建物),金門縣金城鎮西海路三段22巷4弄1~30號,376.94,住,,,1080501,土地2建物2車位0,全,三層,透天厝,住家用,鋼筋混凝土加強磚造,0830428,620.6,15,2,16,有,無,22000000,35450,,0.0,0,,RPSNMLQJOHOFFAW67CA
金寧鄉,土地,安西劃段241~270地號,236.87,其他,,,1071127,土地1建物0車位0,,,其他,,,,0.0,0,0,0,有,無,2590000,10934,,0.0,0,,RPTNMLKKNHOFFAW17CA
金寧鄉,房地(土地+建物),金門縣金寧鄉西堡31~60號,39.05,其他,,,1080503,土地1建物1車位0,二層,三層,公寓(5樓含以下無電梯),見其他登記事項,鋼筋混凝土造,1071228,87.5,3,2,2,有,無,5250000,60000,,0.0,0,,RPPNMLNKNHOFFAW07CA
金寧鄉,房地(土地+建物),金門縣金寧鄉下堡181~210號,19.92,其他,,,1080409,土地1建物1車位0,二層,三層,公寓(5樓含以下無電梯),見其他登記事項,鋼筋混凝土造,1031113,36.08,1,1,1,有,無,2150000,59590,,0.0,0,土地及建物分次登記案件。前案土地登記收件字號：;,RPVNMLOKNHOFFAW77CA
金湖鎮,房地(土地+建物),金門縣金湖鎮料羅新村481~510號,43.79,其他,,,1080430,土地1建物1車位0,三層,五層,華廈(10層含以下有電梯),見其他登記事項,鋼筋混凝土造,1071210,98.97,3,1,2,有,無,4690000,47388,,0.0,0,,RPRNMLKKNHOFFAW96CA
金沙鎮,房地(土地+建物)+車位,金門縣金沙鎮東店1~30號,63.05,住,,,1080406,土地1建物1車位1,三層,三層,公寓(5樓含以下無電梯),見其他登記事項,鋼筋混凝土造,1060112,143.8,3,2,2,有,無,5000000,34771,坡道平面,19.95,0,,RPPNMLQKNHOFFAW37CA
