﻿編號,車位類別,車位價格,車位面積平方公尺
Serial number,berth category,berth price,berth area square meter
RPWNMLLJQHMFFCA38CC,坡道平面,3675,
RPWNMLLJQHMFFCA38CC,坡道平面,3675,
RPWNMLLJQHMFFCA38CC,坡道平面,3675,
RPWNMLLJQHMFFCA38CC,坡道平面,3675,
RPWOMLLJQHMFFCA48CC,坡道平面,0,
RPXOMLLJQHMFFCA58CC,坡道平面,0,51.92
RPPOMLLJQHMFFCA77CC,坡道平面,3500,
RPPOMLLJQHMFFCA77CC,坡道平面,3500,
RPOPMLLJQHMFFCA77CC,坡道平面,0,40.86
RPXPMLLJQHMFFCA68CC,坡道平面,0,
RPQOMLLJQHMFFEA08CC,坡道平面,0,10.21
RPQOMLLJQHMFFEA08CC,坡道平面,0,12.25
RPUNMLLJQHMFFEA38CC,坡道平面,0,44.94
RPXOMLLJQHMFFEA78CC,坡道平面,0,39.04
RPQNMLLJQHMFFEA97CC,坡道平面,0,30.59
RPQPMLLJQHMFFEA18CC,一樓平面,0,51.44
RPUPMLLJQHMFFEA58CC,坡道平面,0,14.87
RPVNMLLJQHMFFDA38CC,坡道平面,0,102.12
RPPOMLLJQHMFFDA87CC,坡道平面,0,
RPXNMLLJQHMFFDA58CC,坡道平面,0,
RPOOMLMJQHMFFFA08CC,坡道平面,0,42.18
RPUOMLMJQHMFFFA68CC,坡道平面,0,29.65
RPSNMLMJQHMFFCA08CC,坡道平面,0,52.24
RPSNMLMJQHMFFCA08CC,坡道平面,0,52.24
RPSNMLMJQHMFFCA08CC,坡道機械,0,26.15
RPSNMLMJQHMFFCA08CC,坡道機械,0,26.15
RPROMLNJQHMFFEA38CC,坡道平面,0,
RPPOMLNJQHMFFEA18CC,坡道平面,0,
RPQPMLRJQHMFFCA58CC,坡道平面,0,23.67
RPXOMLRJQHMFFCA56CC,坡道平面,0,
RPROMLRJQHMFFCA58CC,升降平面,0,41.24
RPOPMLRJQHMFFCA38CC,坡道平面,0,28.03
RPWPMLRJQHMFFCA56CC,坡道平面,0,
RPQOMLRJQHMFFBA38CC,坡道平面,0,35.94
RPPOMLRJQHMFFFA68CC,升降平面,0,
RPXOMLSJQHMFFFA96CC,坡道平面,0,18.75
RPSNMLSJQHMFFEA88CC,坡道平面,0,
RPXOMLSJQHMFFEA86CC,坡道平面,0,48.50
RPVNMLSJQHMFFDA09CC,坡道平面,0,37.77
RPUPMLSJQHMFFDA56CC,坡道平面,0,38.50
RPXNMLSJQHMFFDA66CC,坡道平面,0,35.56
RPSNMLSJQHMFFCA68CC,坡道平面,0,33.18
RPSNMLSJQHMFFCA68CC,坡道平面,0,33.18
RPUNMLSJQHMFFCA88CC,坡道平面,0,15.00
RPUNMLSJQHMFFCA88CC,坡道平面,0,12.93
RPOOMLSJQHMFFCA38CC,坡道平面,0,56.30
RPQPMLSJQHMFFCA68CC,坡道平面,0,40.83
RPQPMLSJQHMFFCA68CC,坡道平面,0,40.83
RPQPMLSJQHMFFCA68CC,坡道平面,0,40.83
RPQPMLSJQHMFFCA68CC,坡道平面,0,40.83
RPQPMLSJQHMFFCA68CC,坡道平面,0,40.83
RPQNMLTJQHMFFCA58CC,升降機械,0,
RPTNMLTJQHMFFCA88CC,坡道平面,0,
RPQNMLTJQHMFFDA68CC,坡道平面,0,
RPPOMLTJQHMFFDA68CC,坡道平面,0,27.57
RPPOMLTJQHMFFDA68CC,坡道平面,0,27.57
RPPOMLTJQHMFFEA78CC,坡道平面,0,
RPROMLTJQHMFFAA58CC,坡道平面,3500,41.03
RPQOMLKKQHMFFEA08CC,坡道平面,0,39.30
RPWOMLKKQHMFFCA48CC,坡道平面,0,12.91
RPWOMLKKQHMFFCA48CC,坡道平面,0,15.01
RPSPMLKKQHMFFCA18CC,坡道平面,0,
RPSPMLKKQHMFFCA18CC,坡道平面,0,
RPUNMLLKQHMFFEA48CC,升降平面,0,15.45
RPPNMLNKQHMFFDA08CC,升降機械,0,15.86
RPRNMLNKQHMFFCA18CC,塔式車位,0,
RPWNMLNKQHMFFCA68CC,坡道平面,0,27.14
RPOOMLOKQHMFFCA08CC,坡道平面,0,25.44
RPOOMLOKQHMFFCA08CC,坡道機械,0,
RPSOMLOKQHMFFCA48CC,坡道平面,0,
RPSOMLOKQHMFFCA48CC,坡道平面,0,
RPSOMLOKQHMFFCA48CC,坡道平面,0,
RPSOMLOKQHMFFCA48CC,坡道平面,0,
RPWPMLOKQHMFFCA98CC,坡道平面,0,13.39
RPPOMLOKQHMFFDA28CC,坡道平面,0,22.61
RPPOMLOKQHMFFDA28CC,坡道平面,0,22.61
RPPOMLOKQHMFFDA28CC,坡道平面,0,22.61
RPPOMLPKQHMFFBA18CC,其他,0,
RPPOMLPKQHMFFBA18CC,其他,0,
RPQNMLPKQHMFFEA48CC,坡道平面,0,31.79
RPOPMLPKQHMFFDA38CC,坡道平面,0,22.61
RPOPMLPKQHMFFDA38CC,坡道平面,0,19.59
RPOPMLPKQHMFFDA38CC,坡道平面,0,19.59
RPOPMLPKQHMFFDA38CC,坡道平面,0,19.59
RPRNMLPKQHMFFCA38CC,坡道平面,0,31.22
RPRNMLPKQHMFFCA38CC,坡道平面,0,31.22
RPRNMLPKQHMFFCA38CC,坡道平面,0,31.22
RPRNMLPKQHMFFCA38CC,坡道平面,0,39.05
RPRNMLPKQHMFFCA38CC,坡道平面,0,39.05
RPRNMLPKQHMFFCA38CC,坡道平面,0,39.05
RPRNMLPKQHMFFCA38CC,坡道平面,0,39.05
RPRNMLPKQHMFFCA38CC,坡道平面,0,39.05
RPVNMLPKQHMFFCA78CC,坡道平面,0,33.14
RPVNMLPKQHMFFCA78CC,坡道平面,0,33.14
RPVNMLPKQHMFFCA78CC,坡道平面,0,33.14
RPVNMLPKQHMFFCA78CC,坡道平面,0,33.14
RPVNMLPKQHMFFCA78CC,坡道平面,0,33.14
RPVNMLPKQHMFFCA78CC,坡道平面,0,33.14
RPQSMLQKQHMFFCA88CC,坡道平面,0,34.77
RPXNMLPKQHMFFCA98CC,坡道平面,0,36.78
RPRSMLQKQHMFFCA98CC,坡道平面,0,
RPUTMLQKQHMFFCA76CC,坡道平面,0,
RPUTMLQKQHMFFCA76CC,坡道平面,0,
RPUTMLQKQHMFFCA76CC,坡道平面,0,
RPVTMLQKQHMFFCA86CC,坡道平面,0,
RPVPMLQKQHMFFDA56CC,坡道平面,0,36.60
RPXPMLQKQHMFFDA76CC,一樓平面,0,
RPVNMLQKQHMFFFA56CC,升降機械,0,
RPXTMLQKQHMFFCA17DC,其他,0,26.65
RPWPMLQKQHMFFEA76CC,坡道平面,0,44.96
RPUNMLRKQHMFFEA09CC,坡道平面,0,
RPSOMLRKQHMFFEA98CC,坡道平面,0,
RPROMLRKQHMFFEA88CC,坡道平面,0,
RPWOMLRKQHMFFCA56CC,坡道機械,0,
RPURMLSKQHMFFCA76CC,坡道機械,0,19.28
RPPTMLSKQHMFFCA09CC,坡道平面,0,51.92
RPXOMLSKQHMFFDA86CC,升降平面,0,
RPXOMLSKQHMFFDA86CC,升降平面,0,
RPOOMLSKQHMFFEA68CC,坡道平面,0,28.98
RPPPMLSKQHMFFDA78CC,坡道平面,0,
RPROMLSKQHMFFEA98CC,坡道平面,3000,9.21
RPUPMLSKQHMFFCA66DC,其他,0,26.65
RPVPMLSKQHMFFCA76DC,其他,0,26.65
RPVNMLSKQHMFFAA88CC,坡道平面,0,
RPWNMLSKQHMFFFA86CC,坡道平面,0,56.73
RPWNMLSKQHMFFFA86CC,坡道平面,0,56.73
RPWNMLSKQHMFFFA86CC,坡道平面,0,56.73
RPWNMLSKQHMFFFA86CC,坡道平面,0,56.73
RPPNMLLLQHMFFCA87CC,坡道平面,0,
RPRPMLMLQHMFFEA68DC,坡道平面,0,
RPRPMLMLQHMFFBA28CC,升降機械,0,15.83
RPTPMLMLQHMFFBA48CC,坡道機械,0,
RPTPMLMLQHMFFBA48CC,坡道機械,0,
RPPNMLMLQHMFFDA08CC,坡道平面,0,33.67
RPROMLMLQHMFFEA48CC,坡道平面,0,33.91
RPUPMLMLQHMFFEA88CC,一樓平面,0,
RPWPMLMLQHMFFEA09CC,坡道平面,0,
RPPRMLNLQHMFFCA48CC,坡道平面,0,26.66
RPVNMLNLQHMFFFA98CC,升降機械,0,18.86
RPVNMLNLQHMFFFA98CC,升降機械,0,18.86
RPWNMLNLQHMFFAA58CC,坡道平面,8000,
RPTNMLOLQHMFFCA58CC,坡道平面,0,
RPVOMLOLQHMFFCA88CC,坡道平面,0,
RPTNMLOLQHMFFDA68CC,坡道平面,0,38.07
RPOOMLOLQHMFFEA38CC,坡道平面,0,
RPOOMLPLQHMFFEA48CC,坡道平面,4500,34.71
RPPOMLPLQHMFFEA58CC,坡道平面,0,
RPQNMLPLQHMFFCA38CC,坡道平面,0,
RPPPMLPLQHMFFDA58CC,坡道平面,10000,37.42
RPPPMLPLQHMFFDA58CC,坡道平面,10000,37.42
RPPPMLPLQHMFFDA58CC,坡道平面,10000,37.42
RPQOMLPLQHMFFCA48CC,坡道平面,0,33.74
RPOPMLPLQHMFFCA38CC,坡道平面,0,
RPVPMLPLQHMFFCA09CC,坡道機械,0,14.91
RPTPMLPLQHMFFCA88CC,坡道平面,0,34.09
RPRNMLSLQHMFFCA78CC,升降機械,0,
RPQNMLPLQHMFFFA68CC,坡道平面,0,24.80
RPQNMLPLQHMFFFA68CC,坡道平面,0,24.80
RPVPMLTLQHMFFCA86CC,坡道平面,0,33.47
RPOOMLTLQHMFFEA88CC,坡道平面,0,43.50
RPVNMLKMQHMFFEA68CC,坡道機械,0,19.20
RPQOMLKMQHMFFEA28CC,坡道平面,0,36.79
RPSOMLKMQHMFFEA48CC,坡道平面,0,34.60
RPXOMLKMQHMFFEA98CC,坡道平面,0,
RPXOMLKMQHMFFEA98CC,坡道平面,0,
RPPNMLKMQHMFFDA97CC,坡道平面,0,36.43
RPQOMLKMQHMFFDA18CC,坡道平面,0,44.36
RPWPMLKMQHMFFCA78CC,坡道平面,0,41.38
RPWPMLKMQHMFFCA78CC,坡道平面,0,41.38
RPTOMLKMQHMFFCA38CC,坡道平面,0,26.66
RPVPMLKMQHMFFCA68CC,塔式車位,0,10.54
RPXNMLKMQHMFFDA88DC,坡道平面,0,
RPWNMLKMQHMFFAA38CC,坡道平面,0,35.93
RPOOMLLJRHMFFDA87CC,坡道平面,0,39.32
RPTOMLLJRHMFFEA48CC,坡道平面,0,40.47
RPOQMLLJRHMFFEA18CC,坡道平面,5000,39.24
RPXOMLLJRHMFFCA68CC,坡道平面,0,48.10
RPXOMLLJRHMFFCA68CC,坡道平面,0,48.10
RPSRMLLJRHMFFCA48CC,坡道機械,0,19.24
RPSRMLLJRHMFFCA48CC,坡道機械,0,19.24
RPQOMLLJRHMFFFA28CC,坡道平面,0,38.69
RPRNMLMJRHMFFEA28CC,坡道平面,0,44.96
RPTOMLOJRHMFFCA58CC,坡道機械,0,
RPVPMLOJRHMFFCA88CC,坡道平面,0,38.72
RPXOMLOJRHMFFCA98CC,坡道平面,0,
RPWNMLOJRHMFFFA09CC,坡道平面,0,24.80
RPWNMLOJRHMFFFA09CC,坡道平面,0,24.80
RPWNMLPJRHMFFCA98DC,坡道平面,0,
RPWNMLPJRHMFFCA98DC,坡道平面,0,
RPVNMLPJRHMFFCA88DC,坡道平面,0,
RPVNMLPJRHMFFCA88DC,坡道平面,0,
RPUNMLPJRHMFFCA68CC,坡道平面,0,37.45
RPVOMLPJRHMFFCA88CC,坡道平面,0,
RPVOMLPJRHMFFCA88CC,坡道平面,0,
RPUNMLPJRHMFFDA78CC,坡道機械,0,12.49
RPXNMLPJRHMFFEA56CC,坡道平面,4800,25.46
RPSNMLQJRHMFFDA68CC,其他,0,23.64
RPSNMLQJRHMFFDA68CC,其他,0,23.64
RPVPMLPJRHMFFDA09CC,一樓平面,0,
RPVPMLPJRHMFFDA09CC,一樓平面,0,
RPXNMLQJRHMFFEA66CC,坡道平面,0,
RPQPMLQJRHMFFCA58CC,坡道平面,3000,
RPQPMLQJRHMFFCA58CC,坡道平面,3000,
RPQPMLQJRHMFFCA58CC,坡道平面,3000,
RPQPMLQJRHMFFCA58CC,坡道平面,3000,
RPQPMLQJRHMFFCA58CC,坡道平面,3000,
RPQPMLQJRHMFFCA58CC,坡道平面,3000,
RPSTMLQJRHMFFCA56CC,升降機械,0,15.80
RPTSMLQJRHMFFCA56CC,坡道平面,5000,
RPTSMLQJRHMFFCA56CC,坡道平面,5000,
RPTSMLQJRHMFFCA56CC,坡道平面,5000,
RPTSMLQJRHMFFCA56CC,坡道平面,5000,
RPTSMLQJRHMFFCA56CC,坡道平面,5000,
RPTSMLQJRHMFFCA56CC,坡道平面,5000,
RPTSMLQJRHMFFCA56CC,坡道平面,5000,
RPTSMLQJRHMFFCA56CC,坡道平面,5000,
RPTSMLQJRHMFFCA56CC,坡道平面,5000,
RPTSMLQJRHMFFCA56CC,坡道平面,5000,
RPTSMLQJRHMFFCA56CC,坡道平面,5000,
RPTSMLQJRHMFFCA56CC,坡道平面,5000,
RPTSMLQJRHMFFCA56CC,坡道平面,5000,
RPTSMLQJRHMFFCA56CC,坡道平面,5000,
RPTSMLQJRHMFFCA56CC,坡道平面,5000,
RPTSMLQJRHMFFCA56CC,坡道平面,5000,
RPTSMLQJRHMFFCA56CC,坡道平面,5000,
RPTSMLQJRHMFFCA56CC,坡道平面,5000,
RPTSMLQJRHMFFCA56CC,坡道平面,5000,
RPTSMLQJRHMFFCA56CC,坡道平面,5000,
RPTSMLQJRHMFFCA56CC,坡道平面,5000,
RPTSMLQJRHMFFCA56CC,坡道平面,5000,
RPTSMLQJRHMFFCA56CC,坡道平面,5000,
RPWNMLQJRHMFFDA56DC,坡道平面,8000,37.13
RPWOMLQJRHMFFBA98CC,坡道平面,0,13.47
RPQNMLQJRHMFFAA18CC,坡道機械,0,25.50
RPXNMLQJRHMFFAA88CC,坡道機械,0,4.42
RPQNMLRJRHMFFBA38CC,一樓平面,0,
RPQNMLRJRHMFFCA48CC,坡道平面,0,27.98
RPROMLRJRHMFFCA68CC,坡道機械,0,19.23
RPUOMLRJRHMFFCA98CC,坡道平面,0,42.07
RPPOMLSJRHMFFCA58CC,坡道平面,0,
RPSPMLSJRHMFFCA98CC,坡道平面,3500,
RPSPMLSJRHMFFCA98CC,坡道平面,3500,
RPSPMLSJRHMFFCA98CC,坡道平面,3500,
RPRPMLSJRHMFFCA88CC,坡道平面,0,87.07
RPRPMLSJRHMFFCA88CC,坡道平面,0,43.54
RPUOMLSJRHMFFCA09CC,坡道平面,0,13.97
RPUQMLLKRHMFFCA68CC,坡道機械,0,4.76
RPPNMLLKRHMFFDA97CC,坡道機械,0,
RPQNMLLKRHMFFEA18CC,坡道平面,5000,34.71
RPRNMLLKRHMFFEA28CC,坡道平面,0,
RPXNMLMKRHMFFEA98CC,坡道平面,0,
RPWOMLMKRHMFFEA98CC,坡道平面,0,
RPROMLMKRHMFFDA38CC,坡道平面,0,40.95
RPROMLMKRHMFFDA38CC,坡道機械,0,20.47
RPROMLMKRHMFFDA38CC,坡道機械,0,20.47
RPQPMLMKRHMFFDA38CC,升降機械,0,10.38
RPRQMLMKRHMFFDA58CC,升降平面,0,32.84
RPRQMLMKRHMFFDA58CC,升降平面,0,32.84
RPRQMLMKRHMFFDA58CC,升降平面,0,32.83
RPXNMLMKRHMFFCA78CC,坡道平面,0,12.93
RPXNMLMKRHMFFCA78CC,坡道平面,0,15.00
RPXOMLMKRHMFFCA88CC,坡道平面,0,
RPQPMLMKRHMFFCA28CC,坡道平面,0,
RPSPMLNKRHMFFBA48CC,坡道平面,0,33.70
RPTNMLNKRHMFFCA48CC,坡道平面,0,32.72
RPRPMLNKRHMFFCA48CC,坡道平面,0,
RPWQMLNKRHMFFCA09CC,坡道平面,0,
RPRNMLNKRHMFFDA38CC,升降平面,0,26.82
RPTOMLOKRHMFFDA78CC,坡道平面,0,39.84
RPPPMLOKRHMFFCA38CC,坡道平面,0,38.97
RPPPMLOKRHMFFCA38CC,坡道平面,0,38.97
RPPPMLOKRHMFFCA38CC,坡道平面,0,38.97
RPPPMLOKRHMFFCA38CC,坡道平面,0,38.97
RPPPMLOKRHMFFCA38CC,坡道平面,0,38.97
RPPPMLOKRHMFFCA38CC,坡道平面,0,38.97
RPPPMLOKRHMFFCA38CC,坡道平面,0,38.97
RPPPMLOKRHMFFCA38CC,坡道平面,0,38.97
RPPPMLOKRHMFFCA38CC,坡道平面,0,38.97
RPPPMLOKRHMFFCA38CC,坡道平面,0,38.97
RPXNMLOKRHMFFFA66CC,升降平面,5000,
RPXNMLOKRHMFFFA66CC,升降平面,5000,
RPXNMLOKRHMFFFA66CC,升降平面,5000,
RPXNMLOKRHMFFFA66CC,升降平面,5000,
RPXNMLOKRHMFFFA66CC,升降平面,5000,
RPWNMLOKRHMFFFA66DC,坡道平面,0,34.45
RPQNMLPKRHMFFCA38CC,坡道平面,0,15.08
RPXNMLSKRHMFFDA86CC,升降平面,0,49.81
RPVNMLSKRHMFFCA56CC,坡道平面,0,
RPTPMLSKRHMFFCA56CC,坡道平面,3973,
RPTPMLSKRHMFFCA56CC,坡道平面,3973,
RPTPMLSKRHMFFCA56CC,坡道平面,3973,
RPXNMLTKRHMFFDA96CC,坡道機械,0,
RPVOMLTKRHMFFEA96CC,坡道平面,0,44.96
RPVOMLTKRHMFFEA96CC,坡道平面,0,44.96
RPROMLTKRHMFFEA56CC,坡道平面,0,
RPPOMLTKRHMFFEA98CC,坡道平面,0,
RPVOMLKLRHMFFDA68CC,坡道平面,0,38.64
RPROMLLLRHMFFCA28CC,坡道平面,5000,28.82
RPQPMLLLRHMFFCA28CC,坡道平面,0,
RPUPMLLLRHMFFDA78CC,坡道平面,0,52.20
RPTPMLLLRHMFFDA68CC,坡道平面,0,38.08
RPTQMLLLRHMFFDA78CC,坡道平面,0,32.85
RPTQMLLLRHMFFDA78CC,坡道平面,0,35.15
RPROMLLLRHMFFEA48CC,一樓平面,3000,
RPQOMLLLRHMFFEA38CC,坡道平面,0,
RPQNMLLLRHMFFFA38CC,坡道平面,0,
RPQNMLLLRHMFFFA38CC,坡道平面,0,
RPWNMLMLRHMFFEA98CC,升降平面,3000,
RPOQMLMLRHMFFEA48CC,坡道平面,6000,42.03
RPWPMLMLRHMFFEA56CC,升降機械,0,2.42
RPTOMLMLRHMFFCA58CC,坡道平面,0,
RPRPMLMLRHMFFDA58CC,坡道平面,0,30.75
RPVOMLMLRHMFFCA78CC,坡道平面,0,37.25
RPROMLPLRHMFFAA48CC,坡道平面,0,
RPQOMLPLRHMFFAA38CC,坡道平面,0,
RPPOMLPLRHMFFBA38CC,坡道平面,0,55.36
RPTOMLPLRHMFFAA68CC,坡道平面,0,
RPXOMLPLRHMFFDA76CC,坡道平面,0,19.59
RPXOMLPLRHMFFDA76CC,坡道平面,0,19.59
RPXOMLPLRHMFFDA76CC,坡道平面,0,19.59
RPVOMLMLRHMFFDA88CC,坡道平面,0,
RPQOMLPLRHMFFCA58CC,坡道平面,0,65.45
RPOOMLPLRHMFFCA38CC,坡道平面,0,33.14
RPOOMLPLRHMFFCA38CC,坡道平面,0,33.14
RPOOMLPLRHMFFCA38CC,坡道平面,0,33.14
RPOOMLPLRHMFFCA38CC,坡道平面,0,33.14
RPOOMLPLRHMFFCA38CC,坡道平面,0,33.14
RPOOMLPLRHMFFCA38CC,坡道平面,0,33.14
RPUOMLPLRHMFFEA56CC,坡道平面,0,47.45
RPTNMLQLRHMFFCA88CC,坡道平面,0,34.02
RPPNMLQLRHMFFDA58CC,坡道平面,0,70.33
RPXOMLRLRHMFFEA07CC,坡道機械,0,56.69
RPUNMLRLRHMFFCA09CC,坡道平面,0,32.28
RPUNMLRLRHMFFCA09CC,坡道平面,0,32.28
RPUNMLRLRHMFFCA09CC,坡道平面,0,32.28
RPWNMLRLRHMFFCA66CC,坡道平面,0,30.52
RPUOMLRLRHMFFCA56CC,塔式車位,2000,14.58
RPPNMLSLRHMFFEA88CC,坡道平面,0,
RPRNMLSLRHMFFEA09CC,升降機械,0,
RPOOMLSLRHMFFBA58CC,坡道平面,0,
RPTOMLSLRHMFFAA98CC,坡道平面,0,
RPPNMLTLRHMFFCA78CC,坡道平面,0,14.15
RPPNMLTLRHMFFCA78CC,坡道平面,0,14.14
RPQOMLTLRHMFFCA98CC,坡道平面,3500,
RPQOMLTLRHMFFCA98CC,坡道平面,3500,
RPVOMLTLRHMFFCA86CC,坡道平面,3000,
RPVOMLTLRHMFFCA86CC,坡道平面,3000,
RPVOMLTLRHMFFCA86CC,坡道平面,3000,
RPVOMLTLRHMFFCA86CC,坡道平面,3000,
RPQPMLTLRHMFFCA09CC,坡道平面,3500,
RPSPMLKMRHMFFCA48CC,坡道平面,0,
RPSPMLKMRHMFFCA48CC,坡道平面,0,
RPSPMLKMRHMFFCA48CC,坡道平面,0,
RPXOMLMJIIMFFCA97CC,坡道平面,0,95.29
RPVOMLMJIIMFFDA87CC,坡道平面,0,28.97
RPVOMLMJIIMFFDA87CC,坡道平面,0,33.13
RPVOMLMJIIMFFDA87CC,坡道平面,0,31.15
RPRQMLMJIIMFFDA67CC,坡道機械,0,
RPSOMLMJIIMFFFA77CC,坡道平面,0,
RPUOMLNJIIMFFDA87CC,坡道平面,0,
RPUOMLNJIIMFFDA87CC,坡道機械,0,
RPQPMLNJIIMFFEA67CC,坡道平面,0,
RPQPMLNJIIMFFEA67CC,坡道平面,0,
RPPPMLNJIIMFFEA57CC,坡道平面,0,
RPWPMLNJIIMFFEA28CC,坡道平面,0,51.48
RPQOMLNJIIMFFCA37CC,坡道平面,0,
RPSNMLPJIIMFFCA67CC,坡道平面,0,28.35
RPVOMLPJIIMFFCA08CC,坡道平面,0,
RPPOMLPJIIMFFDA57CC,坡道平面,0,59.69
RPOPMLPJIIMFFAA27CC,坡道機械,0,17.98
RPOPMLPJIIMFFAA27CC,坡道機械,0,17.98
RPWNMLPJIIMFFAA87CC,坡道平面,0,
RPWNMLPJIIMFFAA87CC,坡道平面,0,
RPTOMLQJIIMFFBA87CC,升降機械,6000,
RPUOMLQJIIMFFCA18DC,坡道平面,0,14.97
RPPNMLQJIIMFFDA57CC,坡道機械,0,
RPSNMLQJIIMFFCA77CC,坡道機械,0,7.44
RPRNMLRJIIMFFCA77CC,坡道平面,0,53.53
RPRNMLKKIIMFFBA07CC,坡道機械,0,16.85
RPQNMLLKIIMFFAA96CC,坡道平面,0,35.58
RPVOMLLKIIMFFDA87CC,坡道平面,0,
RPQOMLLKIIMFFCA27CC,升降機械,3000,21.82
RPRPMLLKIIMFFCA47CC,坡道平面,0,
RPRPMLLKIIMFFCA47CC,坡道平面,0,
RPRPMLLKIIMFFCA47CC,坡道平面,0,
RPSQMLLKIIMFFCA67CC,塔式車位,0,3.07
RPVNMLMKIIMFFCA77CC,坡道平面,0,52.01
RPVNMLMKIIMFFCA77CC,坡道平面,0,52.01
RPVNMLMKIIMFFCA77CC,坡道平面,0,52.01
RPROMLMKIIMFFCA47CC,坡道平面,0,
RPWOMLMKIIMFFCA97CC,坡道平面,0,26.12
RPPPMLMKIIMFFCA37CC,坡道平面,6000,39.18
RPQOMLMKIIMFFEA57CC,坡道平面,0,
RPXOMLMKIIMFFEA28CC,升降平面,0,
RPQNMLMKIIMFFDA37CC,坡道平面,0,33.67
RPWOMLMKIIMFFDA08CC,塔式車位,0,
RPVPMLMKIIMFFDA08CC,坡道平面,0,
RPVPMLMKIIMFFDA08CC,坡道平面,0,
RPQNMLNKIIMFFFA67CC,坡道平面,0,
RPROMLNKIIMFFDA67CC,坡道平面,0,37.50
RPSOMLNKIIMFFDA77CC,坡道平面,0,
RPVNMLNKIIMFFEA08CC,坡道平面,0,33.08
RPQNMLNKIIMFFCA37CC,坡道平面,0,36.02
RPQNMLNKIIMFFCA37CC,坡道平面,0,36.02
RPQNMLNKIIMFFCA37CC,坡道平面,0,40.83
RPSNMLNKIIMFFCA57CC,坡道平面,0,29.78
RPSNMLNKIIMFFCA57CC,坡道平面,0,29.78
RPSNMLNKIIMFFCA57CC,坡道平面,0,23.78
RPSNMLNKIIMFFCA57CC,坡道平面,0,23.78
RPRNMLNKIIMFFCA47CC,坡道平面,0,33.16
RPVNMLNKIIMFFCA87CC,坡道平面,0,36.37
RPPNMLQKIIMFFBA47CC,坡道平面,0,35.94
RPSOMLQKIIMFFCA97CC,坡道平面,0,42.43
RPPPMLQKIIMFFCA77CC,坡道平面,0,
RPSNMLQKIIMFFDA97CC,塔式車位,0,12.49
RPSNMLRKIIMFFFA28CC,坡道平面,0,24.80
RPSNMLRKIIMFFFA28CC,坡道平面,0,24.80
RPSNMLSKIIMFFBA97CC,坡道平面,0,35.94
RPPOMLRKIIMFFFA08CC,塔式車位,0,17.60
RPRNMLTKIIMFFDA18CC,坡道平面,10000,
RPTNMLSKIIMFFDA28CC,坡道平面,0,
RPTNMLSKIIMFFDA28CC,坡道平面,0,
RPTNMLSKIIMFFDA28CC,坡道平面,0,
RPUOMLTKIIMFFCA48CC,坡道平面,0,39.77
RPTOMLTKIIMFFFA68CC,升降機械,0,34.81
RPQNMLKLIIMFFBA07CC,坡道平面,0,35.94
RPTQMLKLIIMFFCA87DC,坡道平面,0,37.24
RPTQMLKLIIMFFCA87DC,坡道平面,0,40.53
RPPPMLKLIIMFFCA37DC,坡道平面,0,
RPSOMLKLIIMFFCA47CC,坡道平面,0,41.43
RPRPMLKLIIMFFCA47CC,坡道平面,0,34.59
RPRPMLKLIIMFFCA47CC,坡道平面,0,28.82
RPRPMLKLIIMFFCA47CC,坡道平面,0,28.82
RPQRMLKLIIMFFCA57CC,坡道平面,0,96.75
RPQRMLKLIIMFFCA57CC,坡道平面,0,96.75
RPTRMLKLIIMFFCA87CC,坡道機械,0,52.23
RPQQMLKLIIMFFCA47CC,坡道平面,7000,
RPQQMLKLIIMFFCA47CC,坡道平面,7000,
RPPOMLKLIIMFFEA37CC,坡道平面,0,52.30
RPVNMLNLIIMFFBA87CC,坡道平面,0,41.75
RPVNMLNLIIMFFBA87CC,坡道平面,0,
RPVNMLNLIIMFFFA28CC,坡道平面,0,43.92
RPVOMLNLIIMFFCA08CC,升降機械,0,18.29
RPPQMLOLIIMFFCA77CC,塔式車位,0,
RPPPMLOLIIMFFCA67CC,其他,14700,
RPWOMLOLIIMFFCA28CC,坡道平面,0,
RPXOMLOLIIMFFCA38CC,坡道平面,0,39.72
RPPNMLOLIIMFFDA57CC,坡道機械,0,21.01
RPWNMLPLIIMFFBA18CC,升降平面,0,
RPUOMLPLIIMFFBA08CC,坡道平面,0,35.94
RPSNMLPLIIMFFEA08CC,坡道平面,0,
RPXOMLPLIIMFFCA48CC,坡道平面,0,
RPXOMLPLIIMFFCA48CC,坡道平面,0,
RPXOMLPLIIMFFCA48CC,坡道平面,0,
RPXOMLPLIIMFFCA48CC,塔式車位,0,
RPXOMLPLIIMFFCA48CC,塔式車位,0,
RPXOMLPLIIMFFCA48CC,塔式車位,0,
RPXOMLPLIIMFFCA48CC,塔式車位,0,
RPXOMLPLIIMFFCA48CC,塔式車位,0,
RPXOMLPLIIMFFCA48CC,塔式車位,0,
RPXOMLPLIIMFFCA48CC,塔式車位,0,
RPVOMLPLIIMFFEA48CC,坡道平面,0,
RPOOMLQLIIMFFCA67CC,坡道平面,0,
RPSOMLQLIIMFFCA08CC,坡道平面,0,18.23
RPRQMLQLIIMFFCA18CC,坡道平面,0,39.26
RPOPMLQLIIMFFCA77CC,坡道平面,0,
RPOPMLQLIIMFFCA77CC,坡道平面,0,
RPPNMLRLIIMFFBA67CC,坡道平面,0,35.94
RPPOMLRLIIMFFCA97DC,坡道平面,3000,
RPWNMLKMIIMFFCA87CC,坡道平面,0,132.32
RPOOMLKMIIMFFFA47CC,坡道平面,7350,60.03
RPRPMLLMIIMFFCA67CC,坡道平面,0,
RPWNMLLMIIMFFEA18CC,坡道機械,0,
RPPOMLLMIIMFFEA57CC,一樓平面,0,24.17
RPPOMLLMIIMFFEA57CC,一樓平面,0,24.17
RPXNMLLMIIMFFEA28CC,坡道平面,0,
RPOOMLLMIIMFFEA47CC,塔式車位,0,
RPTNMLLJJIMFFCA47CC,坡道機械,0,
RPPPMLLJJIMFFCA27CC,坡道平面,3500,
RPWOMLLJJIMFFCA87CC,坡道平面,3000,
RPQPMLLJJIMFFCA37CC,坡道平面,0,36.03
RPQPMLLJJIMFFCA37CC,坡道平面,0,36.03
RPQPMLLJJIMFFCA37CC,坡道平面,0,36.03
RPQPMLLJJIMFFCA37CC,坡道平面,0,36.03
RPRPMLLJJIMFFCA47CC,坡道平面,3675,
RPRPMLLJJIMFFCA47CC,坡道平面,3675,
RPRPMLLJJIMFFCA47CC,坡道平面,3675,
RPRPMLLJJIMFFCA47CC,坡道平面,3675,
RPRPMLLJJIMFFCA47CC,坡道平面,3675,
RPRPMLLJJIMFFCA47CC,坡道平面,3675,
RPRPMLLJJIMFFCA47CC,坡道平面,3675,
RPRPMLLJJIMFFCA47CC,坡道平面,3675,
RPRPMLLJJIMFFCA47CC,坡道平面,3675,
RPRPMLLJJIMFFCA47CC,坡道平面,3675,
RPRPMLLJJIMFFCA47CC,坡道平面,3675,
RPRPMLLJJIMFFCA47CC,坡道平面,3675,
RPOQMLLJJIMFFCA27CC,坡道平面,0,
RPPQMLLJJIMFFCA37CC,坡道平面,0,33.08
RPVNMLMJJIMFFCA77CC,坡道平面,0,45.07
RPOOMLNJJIMFFEA47CC,塔式車位,0,12.63
RPSPMLNJJIMFFDA87CC,坡道平面,0,47.29
RPSNMLQJJIMFFEA08CC,坡道平面,0,
RPOOMLRJJIMFFEA87CC,坡道平面,0,51.53
RPVNMLRJJIMFFDA38CC,坡道平面,0,27.57
RPVNMLRJJIMFFDA38CC,坡道平面,0,27.57
RPROMLRJJIMFFCA97CC,坡道平面,30000,23.14
RPTQMLSJJIMFFCA48CC,坡道平面,0,
RPTOMLSJJIMFFCA28CC,坡道平面,0,
RPPRMLSJJIMFFCA18CC,坡道平面,0,43.63
RPQRMLSJJIMFFCA28CC,坡道平面,0,51.20
RPPNMLSJJIMFFBA67CC,坡道平面,0,27.62
RPSOMLTJJIMFFDA38CC,坡道平面,0,
RPQPMLTJJIMFFCA18CC,坡道機械,0,
RPXNMLKKJIMFFDA97CC,坡道平面,0,
RPOPMLKKJIMFFAA07DC,坡道平面,0,34.01
RPPNMLKKJIMFFAA86CC,坡道平面,0,
RPQNMLKKJIMFFAA96CC,坡道平面,0,
