﻿編號,土地區段位置,土地移轉面積平方公尺,使用分區或編定
The serial number,land sector position,land shifting area square meter,the use zoning or compiles and checks
RPWNMLOLQHMFFFA09CB,辛亥段一小段,11.53,都市：住
RPPOMLOLQHMFFFA48CB,辛亥段一小段,11.53,都市：住
RPROMLOLQHMFFFA68CB,辛亥段一小段,11.53,都市：住
RPUNMLOLQHMFFFA88CB,辛亥段一小段,11.53,都市：住
RPOOMLOLQHMFFFA38CB,辛亥段一小段,11.53,都市：住
RPXNMLOLQHMFFFA56CB,辛亥段一小段,11.53,都市：住
RPSNMLOLQHMFFFA68CB,辛亥段一小段,16.33,都市：住
RPTNMLOLQHMFFFA78CB,辛亥段一小段,16.33,都市：住
RPQOMLOLQHMFFFA58CB,辛亥段一小段,11.53,都市：住
RPVNMLOLQHMFFFA98CB,辛亥段一小段,11.53,都市：住
RPTOMLOLQHMFFFA88CB,辛亥段一小段,10.02,都市：住
RPSOMLOLQHMFFFA78CB,辛亥段一小段,11.53,都市：住
RPUOMLOLQHMFFFA98CB,辛亥段一小段,15.13,都市：住
RPVOMLOLQHMFFFA09CB,辛亥段一小段,15.13,都市：住
RPQPMLOLQHMFFFA68CB,辛亥段一小段,13.15,都市：住
RPPPMLOLQHMFFFA58CB,辛亥段一小段,13.15,都市：住
RPWOMLOLQHMFFFA56CB,辛亥段一小段,15.13,都市：住
RPVPMLOLQHMFFFA56CB,辛亥段一小段,16.33,都市：住
RPRPMLOLQHMFFFA78CB,辛亥段一小段,13.15,都市：住
RPUPMLOLQHMFFFA09CB,辛亥段一小段,16.33,都市：住
RPOPMLOLQHMFFFA48CB,辛亥段一小段,13.26,都市：住
RPXOMLOLQHMFFFA66CB,辛亥段一小段,15.13,都市：住
RPTPMLOLQHMFFFA98CB,辛亥段一小段,16.33,都市：住
RPWPMLOLQHMFFFA66CB,辛亥段一小段,16.33,都市：住
RPPQMLOLQHMFFFA68CB,辛亥段一小段,11.93,都市：住
RPTQMLOLQHMFFFA09CB,辛亥段一小段,15.94,都市：住
RPOQMLOLQHMFFFA58CB,辛亥段一小段,11.93,都市：住
RPUQMLOLQHMFFFA56CB,辛亥段一小段,15.94,都市：住
RPXPMLOLQHMFFFA76CB,辛亥段一小段,11.93,都市：住
RPQQMLOLQHMFFFA78CB,辛亥段一小段,11.93,都市：住
RPSQMLOLQHMFFFA98CB,辛亥段一小段,15.94,都市：住
RPVQMLOLQHMFFFA66CB,辛亥段一小段,15.94,都市：住
RPRQMLOLQHMFFFA88CB,辛亥段一小段,11.93,都市：住
RPXQMLOLQHMFFFA86CB,辛亥段一小段,12.85,都市：住
RPWQMLOLQHMFFFA76CB,辛亥段一小段,15.94,都市：住
RPROMLRLRHMFFFA09CB,龍泉段三小段,4.65,都市：住
RPROMLRLRHMFFFA09CB,龍泉段三小段,12.80,都市：住
RPTOMLRLRHMFFFA66CB,龍泉段三小段,4.65,都市：住
RPTOMLRLRHMFFFA66CB,龍泉段三小段,12.80,都市：住
RPUOMLRLRHMFFFA76CB,龍泉段三小段,5.64,都市：住
RPUOMLRLRHMFFFA76CB,龍泉段三小段,15.54,都市：住
RPSNMLSLRHMFFFA56CB,龍泉段三小段,4.50,都市：住
RPSNMLSLRHMFFFA56CB,龍泉段三小段,12.40,都市：住
RPTNMLSLRHMFFFA66CB,龍泉段三小段,4.65,都市：住
RPTNMLSLRHMFFFA66CB,龍泉段三小段,12.80,都市：住
RPRNMLSLRHMFFFA09CB,龍泉段三小段,3.83,都市：住
RPRNMLSLRHMFFFA09CB,龍泉段三小段,10.54,都市：住
RPSOMLSLRHMFFFA66CB,龍泉段三小段,5.60,都市：住
RPSOMLSLRHMFFFA66CB,龍泉段三小段,15.43,都市：住
RPVOMLSLRHMFFFA96CB,龍泉段三小段,4.19,都市：住
RPVOMLSLRHMFFFA96CB,龍泉段三小段,11.54,都市：住
RPTOMLSLRHMFFFA76CB,龍泉段三小段,4.44,都市：住
RPTOMLSLRHMFFFA76CB,龍泉段三小段,12.24,都市：住
RPWOMLSLRHMFFFA07CB,龍泉段三小段,5.25,都市：住
RPWOMLSLRHMFFFA07CB,龍泉段三小段,14.46,都市：住
RPQOMLSLRHMFFFA09CB,龍泉段三小段,4.65,都市：住
RPQOMLSLRHMFFFA09CB,龍泉段三小段,12.80,都市：住
RPPOMLSLRHMFFFA98CB,龍泉段三小段,4.65,都市：住
RPPOMLSLRHMFFFA98CB,龍泉段三小段,12.80,都市：住
RPOOMLSLRHMFFFA88CB,龍泉段三小段,4.65,都市：住
RPOOMLSLRHMFFFA88CB,龍泉段三小段,12.80,都市：住
RPXOMLSLRHMFFFA17CB,龍泉段三小段,5.25,都市：住
RPXOMLSLRHMFFFA17CB,龍泉段三小段,14.46,都市：住
RPOPMLSLRHMFFFA98CB,龍泉段三小段,5.30,都市：住
RPOPMLSLRHMFFFA98CB,龍泉段三小段,14.59,都市：住
RPSPMLSLRHMFFFA76CB,龍泉段三小段,5.20,都市：住
RPSPMLSLRHMFFFA76CB,龍泉段三小段,14.32,都市：住
RPTPMLSLRHMFFFA86CB,龍泉段三小段,5.20,都市：住
RPTPMLSLRHMFFFA86CB,龍泉段三小段,14.32,都市：住
RPQPMLSLRHMFFFA56CB,龍泉段三小段,5.20,都市：住
RPQPMLSLRHMFFFA56CB,龍泉段三小段,14.32,都市：住
RPVPMLSLRHMFFFA07CB,龍泉段三小段,2.49,都市：住
RPVPMLSLRHMFFFA07CB,龍泉段三小段,6.85,都市：住
RPUPMLSLRHMFFFA96CB,龍泉段三小段,2.54,都市：住
RPUPMLSLRHMFFFA96CB,龍泉段三小段,6.99,都市：住
RPWPMLSLRHMFFFA17CB,龍泉段三小段,2.49,都市：住
RPWPMLSLRHMFFFA17CB,龍泉段三小段,6.85,都市：住
RPPPMLSLRHMFFFA09CB,龍泉段三小段,5.20,都市：住
RPPPMLSLRHMFFFA09CB,龍泉段三小段,14.32,都市：住
RPTNMLQKIIMFFFA18CB,辛亥段一小段,13.15,都市：住
RPXOMLSLRHMFFDA96CB,南港段一小段,14.01,都市：商
RPOPMLSLRHMFFDA78CB,南港段一小段,15.56,都市：商
RPWOMLSLRHMFFDA86CB,南港段一小段,16.80,都市：商
RPPPMLSLRHMFFDA88CB,南港段一小段,13.81,都市：商
RPQPMLSLRHMFFDA98CB,南港段一小段,15.25,都市：商
RPVOMLRLIIMFFCA38CB,康寧段二小段,32.02,都市：住
RPUOMLRLIIMFFCA28CB,康寧段二小段,42.69,都市：住
RPPPMLRLIIMFFCA87CB,康寧段二小段,25.30,都市：住
RPWOMLRLIIMFFCA48CB,康寧段二小段,35.97,都市：住
RPOPMLRLIIMFFCA77CB,康寧段二小段,35.97,都市：住
RPROMLRLIIMFFCA97CB,康寧段二小段,35.18,都市：住
RPQOMLRLIIMFFCA87CB,康寧段二小段,42.69,都市：住
RPTOMLRLIIMFFCA18CB,康寧段二小段,35.97,都市：住
RPSOMLRLIIMFFCA08CB,康寧段二小段,35.18,都市：住
RPTPMLRLIIMFFCA28CB,康寧段二小段,31.62,都市：住
RPRPMLRLIIMFFCA08CB,康寧段二小段,35.97,都市：住
RPSPMLRLIIMFFCA18CB,康寧段二小段,25.30,都市：住
RPQPMLRLIIMFFCA97CB,康寧段二小段,31.62,都市：住
RPUPMLRLIIMFFCA38CB,康寧段二小段,25.30,都市：住
RPVPMLRLIIMFFCA48CB,康寧段二小段,31.62,都市：住
RPXPMLRLIIMFFCA68CB,康寧段二小段,35.97,都市：住
RPOQMLRLIIMFFCA87CB,康寧段二小段,42.69,都市：住
RPRQMLRLIIMFFCA18CB,康寧段二小段,35.97,都市：住
RPQQMLRLIIMFFCA08CB,康寧段二小段,31.62,都市：住
RPTQMLRLIIMFFCA38CB,康寧段二小段,42.69,都市：住
RPSQMLRLIIMFFCA28CB,康寧段二小段,35.18,都市：住
RPWPMLRLIIMFFCA58CB,康寧段二小段,42.69,都市：住
RPXOMLRLIIMFFCA58CB,康寧段二小段,35.58,都市：住
RPPQMLRLIIMFFCA97CB,康寧段二小段,31.62,都市：住
RPUQMLRLIIMFFCA48CB,康寧段二小段,31.23,都市：住
RPVQMLRLIIMFFCA58CB,康寧段二小段,35.97,都市：住
RPWQMLRLIIMFFCA68CB,康寧段二小段,25.30,都市：住
RPXQMLRLIIMFFCA78CB,康寧段二小段,35.97,都市：住
RPPRMLRLIIMFFCA08CB,康寧段二小段,42.69,都市：住
RPORMLRLIIMFFCA97CB,康寧段二小段,25.30,都市：住
RPQRMLRLIIMFFCA18CB,康寧段二小段,25.30,都市：住
RPRRMLRLIIMFFCA28CB,康寧段二小段,25.30,都市：住
RPURMLRLIIMFFCA58CB,康寧段二小段,25.30,都市：住
RPSRMLRLIIMFFCA38CB,康寧段二小段,31.62,都市：住
RPVRMLRLIIMFFCA68CB,康寧段二小段,31.23,都市：住
RPTRMLRLIIMFFCA48CB,康寧段二小段,35.18,都市：住
RPXRMLRLIIMFFCA88CB,康寧段二小段,35.18,都市：住
RPOSMLRLIIMFFCA08CB,康寧段二小段,35.97,都市：住
RPWRMLRLIIMFFCA78CB,康寧段二小段,25.30,都市：住
RPRSMLRLIIMFFCA38CB,康寧段二小段,31.62,都市：住
RPPSMLRLIIMFFCA18CB,康寧段二小段,25.30,都市：住
RPVSMLRLIIMFFCA78CB,康寧段二小段,25.30,都市：住
RPQSMLRLIIMFFCA28CB,康寧段二小段,35.97,都市：住
RPSSMLRLIIMFFCA48CB,康寧段二小段,31.23,都市：住
RPTSMLRLIIMFFCA58CB,康寧段二小段,35.97,都市：住
RPUSMLRLIIMFFCA68CB,康寧段二小段,35.18,都市：住
RPWSMLRLIIMFFCA88CB,康寧段二小段,25.30,都市：住
RPXSMLRLIIMFFCA98CB,康寧段二小段,25.30,都市：住
RPQTMLRLIIMFFCA38CB,康寧段二小段,25.30,都市：住
RPOTMLRLIIMFFCA18CB,康寧段二小段,31.62,都市：住
RPRTMLRLIIMFFCA48CB,康寧段二小段,35.18,都市：住
RPPTMLRLIIMFFCA28CB,康寧段二小段,31.62,都市：住
RPSTMLRLIIMFFCA58CB,康寧段二小段,35.18,都市：住
RPTTMLRLIIMFFCA68CB,康寧段二小段,31.62,都市：住
RPVTMLRLIIMFFCA88CB,康寧段二小段,31.62,都市：住
RPUTMLRLIIMFFCA78CB,康寧段二小段,31.62,都市：住
RPWTMLRLIIMFFCA98CB,康寧段二小段,35.97,都市：住
RPXTMLRLIIMFFCA09CB,康寧段二小段,25.69,都市：住
RPOUMLRLIIMFFCA28CB,康寧段二小段,42.69,都市：住
RPPUMLRLIIMFFCA38CB,康寧段二小段,31.62,都市：住
RPRUMLRLIIMFFCA58CB,康寧段二小段,25.30,都市：住
RPQUMLRLIIMFFCA48CB,康寧段二小段,25.30,都市：住
RPTUMLRLIIMFFCA78CB,康寧段二小段,35.18,都市：住
RPXUMLRLIIMFFCA56CB,康寧段二小段,43.09,都市：住
RPSUMLRLIIMFFCA68CB,康寧段二小段,25.30,都市：住
RPUUMLRLIIMFFCA88CB,康寧段二小段,25.30,都市：住
RPWUMLRLIIMFFCA09CB,康寧段二小段,31.23,都市：住
RPVUMLRLIIMFFCA98CB,康寧段二小段,31.23,都市：住
