﻿編號,屋齡,建物移轉面積平方公尺,主要用途,主要建材,建築完成日期,總層數,建物分層
The serial number,room age,building shifting area square meter,the main use,main building materials,construction completes the date,total layer,building lamination
RPQNMLMJQHMFFBJ68CC,7,91.27,住家用,鋼筋混凝土造,99年12月14日,十三層,
RPQNMLMJQHMFFBJ68CC,7,81.02,見其他登記事項,鋼筋混凝土造,99年12月14日,十五層,
RPQNMLMJQHMFFBJ68CC,7,18.67,見其他登記事項,鋼筋混凝土造,99年12月14日,十三層,
RPTNMLMJQHMFFBJ98CC,1,64.47,住家用,鋼筋混凝土造,105年6月8日,二十七層,
RPTNMLMJQHMFFBJ98CC,1,19.88,見其他登記事項,鋼筋混凝土造,105年6月8日,二十七層,
RPTNMLMJQHMFFBJ98CC,1,40.68,見其他登記事項,鋼筋混凝土造,105年6月8日,二十七層,
RPRNMLMJQHMFFBJ78CC,14,85.44,住家用,鋼筋混凝土造,92年2月27日,十層,
RPRNMLMJQHMFFBJ78CC,14,11.23,共用部分,鋼筋混凝土造,92年2月27日,十層,
RPRNMLMJQHMFFBJ78CC,14,11.75,共用部分,鋼筋混凝土造,92年2月27日,十層,
RPROMLMJQHMFFBJ88CC,13,114.47,住家用,鋼筋混凝土造,93年10月18日,十四層,
RPROMLMJQHMFFBJ88CC,13,26.42,共用部分,鋼筋混凝土造,93年10月18日,十四層,
RPROMLMJQHMFFBJ88CC,13,15.20,共用部分,鋼筋混凝土造,93年10月18日,十四層,
RPVNMLMJQHMFFBJ56CC,13,87.69,住家用,鋼筋混凝土造,93年5月24日,十四層,
RPVNMLMJQHMFFBJ56CC,13,9.55,共用部分,鋼筋混凝土造,93年5月24日,十四層,
RPVNMLMJQHMFFBJ56CC,13,39.72,共用部分,鋼筋混凝土造,93年5月24日,十四層,
RPXNMLMJQHMFFBJ76CC,1,64.59,住家用,鋼筋混凝土造,105年6月8日,二十七層,
RPXNMLMJQHMFFBJ76CC,1,20.59,見其他登記事項,鋼筋混凝土造,105年6月8日,二十七層,
RPXNMLMJQHMFFBJ76CC,1,40.68,見其他登記事項,鋼筋混凝土造,105年6月8日,二十七層,
RPWNMLMJQHMFFBJ66CC,1,114.01,住家用,鋼筋混凝土造,105年6月22日,十九層,
RPWNMLMJQHMFFBJ66CC,1,124.74,見其他登記事項,鋼筋混凝土造,105年6月22日,二十二層,
RPOOMLMJQHMFFBJ58CC,7,86.51,住家用,鋼筋混凝土造,99年12月31日,十二層,
RPOOMLMJQHMFFBJ58CC,7,21.52,見其他登記事項,鋼筋混凝土造,99年12月31日,十二層,
RPOOMLMJQHMFFBJ58CC,7,54.76,見其他登記事項,鋼筋混凝土造,99年12月31日,十二層,
RPQOMLMJQHMFFBJ78CC,12,28.46,住家用,鋼筋混凝土造,94年11月14日,十五層,
RPQOMLMJQHMFFBJ78CC,12,4.00,共用部分,鋼筋混凝土造,94年11月14日,十五層,
RPQOMLMJQHMFFBJ78CC,12,6.00,共用部分,鋼筋混凝土造,94年11月14日,十五層,
RPPOMLMJQHMFFBJ68CC,4,219.68,住家用,鋼筋混凝土造,102年10月7日,二十二層,
RPPOMLMJQHMFFBJ68CC,4,50.64,見其他登記事項,鋼筋混凝土造,102年10月7日,二十二層,
RPPOMLMJQHMFFBJ68CC,4,42.12,見其他登記事項,鋼筋混凝土造,102年10月7日,二十二層,
RPPOMLMJQHMFFBJ68CC,4,66.84,見其他登記事項,鋼筋混凝土造,102年10月7日,二十二層,
RPUOMLMJQHMFFBJ56CC,2,97.14,住家用,鋼筋混凝土造,104年5月19日,十四層,
RPUOMLMJQHMFFBJ56CC,2,77.27,見其他登記事項,鋼筋混凝土造,104年5月19日,十四層,
RPSOMLMJQHMFFBJ98CC,7,139.99,住家用,鋼筋混凝土造,99年12月14日,十四層,
RPSOMLMJQHMFFBJ98CC,7,89.39,見其他登記事項,鋼筋混凝土造,99年12月14日,十五層,
RPSOMLMJQHMFFBJ98CC,7,27.63,見其他登記事項,鋼筋混凝土造,99年12月14日,十四層,
RPTOMLMJQHMFFBJ09CC,20,85.95,住家用,鋼筋混凝土造,86年11月4日,九層,
RPTOMLMJQHMFFBJ09CC,20,10.13,共用部分,鋼筋混凝土造,86年11月4日,九層,
RPTOMLMJQHMFFBJ09CC,20,10.44,共用部分,鋼筋混凝土造,86年11月4日,九層,
RPVOMLMJQHMFFBJ66CC,2,97.14,住家用,鋼筋混凝土造,104年5月19日,十四層,
RPVOMLMJQHMFFBJ66CC,2,77.27,見其他登記事項,鋼筋混凝土造,104年5月19日,十四層,
RPXOMLMJQHMFFBJ86CC,10,120.21,住家用,鋼筋混凝土造,96年12月7日,十四層,
RPXOMLMJQHMFFBJ86CC,10,21.20,共用部分,鋼筋混凝土造,96年12月7日,十四層,
RPXOMLMJQHMFFBJ86CC,10,30.08,共用部分,鋼筋混凝土造,96年12月7日,十四層,
RPOPMLMJQHMFFBJ68CC,5,98.41,住家用,鋼筋混凝土造,101年12月12日,十三層,
RPOPMLMJQHMFFBJ68CC,5,61.82,見其他登記事項,鋼筋混凝土造,101年12月12日,十四層,
RPOPMLMJQHMFFBJ68CC,5,18.53,見其他登記事項,鋼筋混凝土造,101年12月12日,十四層,
RPPOMLTJQHMFFBJ76CC,20,158.34,住家用,鋼筋混凝土造,86年10月8日,三層,
RPPOMLTJQHMFFBJ76CC,20,43.31,共用部分,鋼筋混凝土造,86年10月8日,三層,
RPOOMLTJQHMFFBJ66CC,9,7.83,見其他登記事項,鋼筋混凝土造,98年1月21日,十三層,
RPOOMLTJQHMFFBJ66CC,9,7919.94,共用部分,鋼筋混凝土造,98年1月21日,十三層,
RPRNMLTJQHMFFBJ96DC,8,65.33,商業用,鋼筋混凝土造,98年9月21日,十層,
RPROMLOKQHMFFBJ56CC,10,83.32,住商用,鋼筋混凝土造,96年4月14日,五層,
RPXNMLRJQHMFFBJ27CC,12,121.38,住家用,鋼筋混凝土造,94年9月23日,十五層,
RPXNMLRJQHMFFBJ27CC,12,17.74,共用部分,鋼筋混凝土造,94年9月23日,十五層,
RPXNMLRJQHMFFBJ27CC,12,22.98,共用部分,鋼筋混凝土造,94年9月23日,十五層,
RPSOMLOKQHMFFBJ66CC,10,29.16,商業用,鋼筋混凝土造,96年8月27日,十一層,
RPSOMLOKQHMFFBJ66CC,10,30.42,共用部分,鋼筋混凝土造,96年8月27日,十一層,
RPVNMLRJQHMFFBJ07CC,7,49.07,商業用,鋼筋混凝土造,99年2月8日,十八層,
RPVNMLRJQHMFFBJ07CC,7,27.59,共用部分,鋼筋混凝土造,99年2月8日,十八層,
RPSOMLRKQHMFFBJ96CC,14,82.01,共用部分,鋼筋混凝土造,92年10月8日,五層,
RPRNMLPLQHMFFBJ66CC,3,95.91,見其他登記事項,鋼筋混凝土造,103年4月21日,七層,
RPRNMLPLQHMFFBJ66CC,3,82.58,見其他登記事項,鋼筋混凝土造,103年4月21日,七層,
RPRNMLOLQHMFFBJ56CC,21,96.57,住家用,鋼筋混凝土造,85年7月3日,十三層,
RPRNMLOLQHMFFBJ56CC,21,22.92,共用部分,鋼筋混凝土造,85年7月3日,十三層,
RPSOMLSLQHMFFBJ17CC,9,27.37,商業用,鋼筋混凝土造,97年3月10日,十層,
RPSOMLSLQHMFFBJ17CC,9,11.33,共用部分,鋼筋混凝土造,97年3月10日,十層,
RPOOMLOLQHMFFBJ98CC,1,66.85,商業用,鋼筋混凝土造,105年4月29日,十二層,
RPOOMLOLQHMFFBJ98CC,1,58.18,見其他登記事項,鋼筋混凝土造,105年4月29日,十二層,
RPQNMLPLQHMFFBJ56CC,9,71.87,商業用,鋼筋混凝土造,97年6月9日,九層,
RPQNMLPLQHMFFBJ56CC,9,24.93,共用部分,鋼筋混凝土造,97年6月9日,九層,
RPQNMLPLQHMFFBJ56CC,9,11.82,共用部分,鋼筋混凝土造,97年6月9日,九層,
RPTOMLSLQHMFFBJ27CC,6,96.00,住家用,鋼筋混凝土造,100年12月2日,十四層,
RPTOMLSLQHMFFBJ27CC,6,18.23,見其他登記事項,鋼筋混凝土造,100年12月2日,十四層,
RPTOMLSLQHMFFBJ27CC,6,62.64,見其他登記事項,鋼筋混凝土造,100年12月2日,十四層,
RPPPMLSLQHMFFBJ96CC,11,98.75,住家用,鋼筋混凝土造,95年5月19日,十五層,
RPPPMLSLQHMFFBJ96CC,11,13.62,共用部分,鋼筋混凝土造,95年5月19日,十五層,
RPPPMLSLQHMFFBJ96CC,11,26.37,共用部分,鋼筋混凝土造,95年5月19日,十五層,
RPOPMLSLQHMFFBJ86CC,12,88.80,住家用,鋼筋混凝土造,94年10月4日,十五層,
RPOPMLSLQHMFFBJ86CC,12,40.79,共用部分,鋼筋混凝土造,94年10月4日,十五層,
RPOPMLSLQHMFFBJ86CC,12,1.03,共用部分,鋼筋混凝土造,94年10月4日,十五層,
RPVOMLSLQHMFFBJ47CC,2,97.14,住家用,鋼筋混凝土造,104年5月19日,十四層,
RPXOMLSLQHMFFBJ67CC,11,98.76,住家用,鋼筋混凝土造,95年5月19日,十五層,
RPVOMLSLQHMFFBJ47CC,2,77.27,見其他登記事項,鋼筋混凝土造,104年5月19日,十四層,
RPXOMLSLQHMFFBJ67CC,11,13.61,共用部分,鋼筋混凝土造,95年5月19日,十五層,
RPXOMLSLQHMFFBJ67CC,11,26.36,共用部分,鋼筋混凝土造,95年5月19日,十五層,
RPUOMLSLQHMFFBJ37CC,13,104.73,住家用,鋼筋混凝土造,94年1月31日,十四層,
RPUOMLSLQHMFFBJ37CC,13,14.14,共用部分,鋼筋混凝土造,94年1月31日,十四層,
RPUOMLSLQHMFFBJ37CC,13,15.68,共用部分,鋼筋混凝土造,94年1月31日,十四層,
RPQOMLNJQHMFFCJ98CC,,234.65,住家用,鋼筋混凝土造,,三層,
RPQOMLNJQHMFFCJ98CC,25,15.13,共用部分,鋼筋混凝土造,81年12月7日,3,
RPOPMLTLQHMFFBJ96CC,5,76.98,住家用,鋼筋混凝土造,101年5月31日,十三層,
RPPPMLTLQHMFFBJ07CC,9,27.37,商業用,鋼筋混凝土造,97年3月10日,十層,
RPOPMLTLQHMFFBJ96CC,5,51.16,見其他登記事項,鋼筋混凝土造,101年5月31日,十四層,
RPPPMLTLQHMFFBJ07CC,9,39.91,共用部分,鋼筋混凝土造,97年3月10日,十層,
RPOPMLTLQHMFFBJ96CC,5,15.24,見其他登記事項,鋼筋混凝土造,101年5月31日,十三層,
RPTOMLTLQHMFFBJ37CC,12,110.06,住家用,鋼筋混凝土造,94年11月14日,十五層,
RPTOMLTLQHMFFBJ37CC,12,45.99,共用部分,鋼筋混凝土造,94年11月14日,十五層,
RPTOMLTLQHMFFBJ37CC,12,23.19,共用部分,鋼筋混凝土造,94年11月14日,十五層,
RPVOMLTLQHMFFBJ57CC,12,101.80,住家用,鋼筋混凝土造,94年10月4日,十五層,
RPVOMLTLQHMFFBJ57CC,12,44.05,共用部分,鋼筋混凝土造,94年10月4日,十五層,
RPVOMLTLQHMFFBJ57CC,12,17.96,共用部分,鋼筋混凝土造,94年10月4日,十五層,
RPQPMLTLQHMFFBJ17CC,2,69.03,住家用,鋼筋混凝土造,104年5月19日,十四層,
RPQPMLTLQHMFFBJ17CC,2,63.78,見其他登記事項,鋼筋混凝土造,104年5月19日,十四層,
RPUPMLTLQHMFFBJ57CC,11,91.46,住家用,鋼筋混凝土造,95年5月19日,十五層,
RPUPMLTLQHMFFBJ57CC,11,10.46,共用部分,鋼筋混凝土造,95年5月19日,十五層,
RPUPMLTLQHMFFBJ57CC,11,26.37,共用部分,鋼筋混凝土造,95年5月19日,十五層,
RPXOMLTLQHMFFBJ77CC,12,98.54,住家用,鋼筋混凝土造,94年8月4日,十四層,
RPXOMLTLQHMFFBJ77CC,12,45.19,共用部分,鋼筋混凝土造,94年8月4日,十四層,
RPXOMLTLQHMFFBJ77CC,12,12.40,共用部分,鋼筋混凝土造,94年8月4日,十四層,
RPRPMLPJRHMFFBJ76CC,8,178.95,商業用,鋼筋混凝土造,98年7月13日,五層,
RPRPMLPJRHMFFBJ76CC,8,38.79,見其他登記事項,鋼筋混凝土造,98年7月13日,五層,
RPVPMLTLQHMFFBJ67CC,9,27.37,商業用,鋼筋混凝土造,97年3月10日,十層,
RPVPMLTLQHMFFBJ67CC,9,39.91,共用部分,鋼筋混凝土造,97年3月10日,十層,
RPROMLOJRHMFFBJ56CC,8,77.66,商業用,鋼筋混凝土造,98年9月21日,十層,
RPROMLOJRHMFFBJ56CC,8,102.07,共用部分,鋼筋混凝土造,98年9月21日,十層,
RPPOMLQJRHMFFBJ56CC,8,70.03,商業用,鋼筋混凝土造,99年2月8日,十八層,
RPPOMLQJRHMFFBJ56CC,8,58.22,共用部分,鋼筋混凝土造,99年2月8日,十八層,
RPRNMLOJRHMFFBJ09CC,1,239.53,商業用,鋼筋混凝土造,105年4月14日,五層,
RPRNMLOJRHMFFBJ09CC,1,104.59,見其他登記事項,鋼筋混凝土造,105年4月14日,五層,
RPOPMLSJRHMFFBJ76CC,7,90.32,住家用,鋼筋混凝土造,99年12月14日,十三層,
RPOPMLSJRHMFFBJ76CC,7,17.25,見其他登記事項,鋼筋混凝土造,99年12月14日,十五層,
RPOPMLSJRHMFFBJ76CC,7,17.20,見其他登記事項,鋼筋混凝土造,99年12月14日,十三層,
RPTPMLPJRHMFFBJ96CC,8,347.43,住商用,鋼筋混凝土造,98年6月23日,十三層,
RPTPMLPJRHMFFBJ96CC,8,18.66,共有部份,鋼筋混凝土造,98年6月23日,十三層,
RPTPMLPJRHMFFBJ96CC,8,66.87,共有部份,鋼筋混凝土造,98年6月23日,十三層,
RPTPMLTLQHMFFBJ47CC,15,294.69,住家用,鋼筋混凝土造,91年10月8日,五層,
RPTPMLTLQHMFFBJ47CC,15,1.10,見其他登記事項,鋼筋混凝土造,91年10月8日,一層,
RPPPMLSJRHMFFBJ86CC,2,106.92,住家用,鋼筋混凝土造,104年9月1日,十四層,
RPPPMLSJRHMFFBJ86CC,2,37.01,見其他登記事項,鋼筋混凝土造,104年9月1日,十四層,
RPPPMLSJRHMFFBJ86CC,2,21.41,見其他登記事項,鋼筋混凝土造,104年9月1日,十四層,
RPSOMLNKRHMFFBJ66CC,8,73.41,商業用,鋼筋混凝土造,99年2月8日,十八層,
RPSOMLNKRHMFFBJ66CC,8,60.13,共有部份,鋼筋混凝土造,99年2月8日,十八層,
RPTNMLQKQHMFFDJ07CC,21,142.57,住家用,鋼筋混凝土造,85年7月11日,四層,
RPUNMLLMQHMFFDJ86CC,29,5837.49,工業用,鋼筋混凝土造,77年7月13日,二層,
RPUNMLLMQHMFFDJ86CC,29,1996.13,見其他登記事項,鋼筋混凝土造,77年7月13日,二層,
RPUNMLLMQHMFFDJ86CC,29,36.00,商業用,鋼筋混凝土造,77年7月13日,一層,
RPUNMLLMQHMFFDJ86CC,29,36.00,見其他登記事項,鋼筋混凝土造,77年7月13日,一層,
RPUNMLLMQHMFFDJ86CC,29,30.80,工業用,鋼筋混凝土造,77年7月13日,一層,
RPSNMLLKRHMFFBJ98CC,9,205.47,商業用,鋼筋混凝土造,97年3月21日,十四層,
RPSNMLLKRHMFFBJ98CC,9,21.01,共有部份,鋼筋混凝土造,97年3月21日,十四層,
RPSNMLLKRHMFFBJ98CC,9,43.76,共有部份,鋼筋混凝土造,97年3月21日,十四層,
RPXOMLKLRHMFFBJ07DC,2,133.96,住家用,鋼筋混凝土造,104年11月2日,二十七層,
RPXOMLKLRHMFFBJ07DC,2,129.12,見其他登記事項,鋼筋混凝土造,104年11月2日,二十七層,
RPSNMLTKRHMFFBJ17CC,10,148.14,住家用,鋼筋混凝土造,96年5月28日,二十三層,
RPSNMLTKRHMFFBJ17CC,10,30.52,共用部分,鋼筋混凝土造,96年5月28日,二十三層,
RPSNMLTKRHMFFBJ17CC,10,19.26,共用部分,鋼筋混凝土造,96年5月28日,二十三層,
RPQNMLTKRHMFFBJ96CC,6,70.17,商業用,鋼筋混凝土造,101年1月4日,五層,
RPQNMLTKRHMFFBJ96CC,6,36.52,見其他登記事項,鋼筋混凝土造,101年1月4日,五層,
RPTOMLLLRHMFFBJ66CC,5,96.01,住家用,鋼筋混凝土造,101年12月21日,十層,
RPTOMLLLRHMFFBJ66CC,5,22.42,見其他登記事項,鋼筋混凝土造,101年12月21日,十層,
RPTOMLLLRHMFFBJ66CC,5,55.69,見其他登記事項,鋼筋混凝土造,101年12月21日,十層,
RPWOMLLLRHMFFBJ96CC,7,131.96,商業用,鋼筋混凝土造,99年12月14日,十五層,
RPWOMLLLRHMFFBJ96CC,7,59.06,見其他登記事項,鋼筋混凝土造,99年12月14日,十五層,
RPWOMLLLRHMFFBJ96CC,7,34.43,見其他登記事項,鋼筋混凝土造,99年12月14日,十五層,
RPUOMLLLRHMFFBJ76CC,2,88.27,住家用,鋼筋混凝土造,104年11月5日,十三層,
RPUOMLLLRHMFFBJ76CC,2,60.77,見其他登記事項,鋼筋混凝土造,104年11月5日,十四層,
RPUOMLLLRHMFFBJ76CC,2,15.75,見其他登記事項,鋼筋混凝土造,104年11月5日,十三層,
RPXNMLSLRHMFFBJ67CC,12,116.25,住家用,鋼筋混凝土造,94年9月23日,十四層,
RPXNMLSLRHMFFBJ67CC,12,19.84,共用部分,鋼筋混凝土造,94年9月23日,十四層,
RPXNMLSLRHMFFBJ67CC,12,21.06,共用部分,鋼筋混凝土造,94年9月23日,十五層,
RPOOMLSLRHMFFBJ86CC,6,96.26,住家用,鋼筋混凝土造,100年9月4日,十四層,
RPOOMLSLRHMFFBJ86CC,6,3.34,見其他登記事項,鋼筋混凝土造,100年9月4日,十四層,
RPOOMLSLRHMFFBJ86CC,6,51.02,見其他登記事項,鋼筋混凝土造,100年9月4日,十四層,
RPOOMLSLRHMFFBJ86CC,6,24.94,見其他登記事項,鋼筋混凝土造,100年9月4日,十四層,
RPPOMLSLRHMFFBJ96CC,9,30.47,商業用,鋼筋混凝土造,97年3月21日,十三層,
RPPOMLSLRHMFFBJ96CC,9,2.77,共用部分,鋼筋混凝土造,97年3月21日,十四層,
RPPOMLSLRHMFFBJ96CC,9,10.78,共用部分,鋼筋混凝土造,97年3月21日,十三層,
RPQOMLSLRHMFFBJ07CC,10,88.24,住家用,鋼筋混凝土造,96年5月17日,十三層,
RPQOMLSLRHMFFBJ07CC,10,12.75,共用部分,鋼筋混凝土造,96年5月17日,十三層,
RPQOMLSLRHMFFBJ07CC,10,45.97,共用部分,鋼筋混凝土造,96年5月17日,十三層,
RPSOMLSLRHMFFBJ27CC,10,82.37,住家用,鋼筋混凝土造,96年7月20日,十層,
RPSOMLSLRHMFFBJ27CC,10,16.53,共用部分,鋼筋混凝土造,96年7月20日,十一層,
RPSOMLSLRHMFFBJ27CC,10,9.48,共用部分,鋼筋混凝土造,96年7月20日,十一層,
RPPPMLSLRHMFFBJ07CC,1,100.73,住家用,鋼筋混凝土造,105年11月2日,十五層,
RPPPMLSLRHMFFBJ07CC,1,73.66,見其他登記事項,鋼筋混凝土造,105年11月2日,十五層,
RPQPMLSLRHMFFBJ17CC,23,79.47,住家用,鋼筋混凝土造,83年4月25日,五層,
RPQPMLSLRHMFFBJ17CC,23,6.61,共用部分,鋼筋混凝土造,83年4月25日,五層,
RPQPMLSLRHMFFBJ17CC,23,2.68,共用部分,鋼筋混凝土造,83年4月25日,五層,
RPUOMLSLRHMFFBJ47CC,9,33.40,商業用,鋼筋混凝土造,97年9月15日,十六層,
RPROMLSLRHMFFBJ17CC,11,141.00,住家用,鋼筋混凝土造,95年5月19日,十五層,
RPROMLSLRHMFFBJ17CC,11,18.61,共用部分,鋼筋混凝土造,95年5月19日,十五層,
RPROMLSLRHMFFBJ17CC,11,38.54,共用部分,鋼筋混凝土造,95年5月19日,十五層,
RPUOMLSLRHMFFBJ47CC,9,4.82,共用部分,鋼筋混凝土造,97年9月15日,十六層,
RPUOMLSLRHMFFBJ47CC,11,2.05,住家用,鋼筋混凝土造,95年3月10日,十四層,
RPUOMLSLRHMFFBJ47CC,9,10.08,共用部分,鋼筋混凝土造,97年9月15日,十六層,
RPUPMLSLRHMFFBJ57CC,13,110.71,住家用,鋼筋混凝土造,93年9月1日,十層,
RPUPMLSLRHMFFBJ57CC,13,1.60,共用部分,鋼筋混凝土造,93年9月1日,十層,
RPUPMLSLRHMFFBJ57CC,13,30.49,共用部分,鋼筋混凝土造,93年9月1日,十層,
RPRPMLSLRHMFFBJ27CC,10,137.54,住家用,鋼筋混凝土造,97年2月1日,十九層,
RPRPMLSLRHMFFBJ27CC,10,38.82,共用部分,鋼筋混凝土造,97年2月1日,十九層,
RPRPMLSLRHMFFBJ27CC,10,15.83,共用部分,鋼筋混凝土造,97年2月1日,十九層,
RPSPMLSLRHMFFBJ37CC,5,97.78,住家用,鋼筋混凝土造,101年12月10日,十四層,
RPSPMLSLRHMFFBJ37CC,5,95.81,見其他登記事項,鋼筋混凝土造,101年12月10日,十四層,
RPSPMLSLRHMFFBJ37CC,5,21.06,見其他登記事項,鋼筋混凝土造,101年12月10日,十四層,
RPWPMLSLRHMFFBJ77CC,5,68.25,住家用,鋼筋混凝土造,101年5月31日,十三層,
RPWPMLSLRHMFFBJ77CC,5,48.70,見其他登記事項,鋼筋混凝土造,101年5月31日,十四層,
RPWPMLSLRHMFFBJ77CC,5,14.15,見其他登記事項,鋼筋混凝土造,101年5月31日,十三層,
RPOQMLSLRHMFFBJ07CC,3,145.98,住家用,鋼筋混凝土造,103年9月24日,二十二層,
RPOQMLSLRHMFFBJ07CC,3,92.33,見其他登記事項,鋼筋混凝土造,103年9月24日,二十三層,
RPOQMLSLRHMFFBJ07CC,3,32.06,見其他登記事項,鋼筋混凝土造,103年9月24日,二十三層,
RPXPMLSLRHMFFBJ87CC,11,25.25,商業用,鋼筋混凝土造,95年9月8日,十層,
RPXPMLSLRHMFFBJ87CC,11,16.33,共用部分,鋼筋混凝土造,95年9月8日,十層,
RPRQMLSLRHMFFBJ37CC,13,50.50,住家用,鋼筋混凝土造,93年6月11日,十四層,
RPRQMLSLRHMFFBJ37CC,13,8.50,共用部分,鋼筋混凝土造,93年6月11日,十四層,
RPRQMLSLRHMFFBJ37CC,13,14.23,共用部分,鋼筋混凝土造,93年6月11日,十四層,
RPPQMLSLRHMFFBJ17CC,1,58.77,住家用,鋼筋混凝土造,105年11月1日,二十三層,
RPPQMLSLRHMFFBJ17CC,1,39.67,見其他登記事項,鋼筋混凝土造,105年11月1日,二十三層,
RPPQMLSLRHMFFBJ17CC,1,20.28,見其他登記事項,鋼筋混凝土造,105年11月1日,二十三層,
RPOOMLPJIIMFFBJ18CC,7,226.91,住家用,鋼筋混凝土造,99年10月6日,五層,
RPXOMLMJIIMFFBJ78CC,5,78.61,商業用,鋼筋混凝土造,101年12月12日,十四層,
RPXOMLMJIIMFFBJ78CC,5,56.94,見其他登記事項,鋼筋混凝土造,101年12月12日,十四層,
RPVQMLSLRHMFFBJ77CC,2,69.03,住家用,鋼筋混凝土造,104年5月19日,十四層,
RPVQMLSLRHMFFBJ77CC,2,63.78,見其他登記事項,鋼筋混凝土造,104年5月19日,十四層,
RPOOMLNJIIMFFBJ97CC,9,179.39,商業用,鋼筋混凝土造,97年3月21日,十四層,
RPOOMLNJIIMFFBJ97CC,9,18.25,共用部分,鋼筋混凝土造,97年3月21日,十四層,
RPOOMLNJIIMFFBJ97CC,9,38.19,共用部分,鋼筋混凝土造,97年3月21日,十四層,
RPSNMLQJIIMFFBJ58CC,8,60.89,商業用,鋼筋混凝土造,99年2月8日,十八層,
RPSNMLQJIIMFFBJ58CC,8,53.11,共用部分,鋼筋混凝土造,99年2月8日,十八層,
RPQOMLNJIIMFFBJ18CC,4,109.30,商業用,鋼筋混凝土造,102年11月10日,二十層,
RPQOMLNJIIMFFBJ18CC,4,102.11,商業用,鋼筋混凝土造,102年11月10日,二十層,
RPQOMLNJIIMFFBJ18CC,4,9.78,見其他登記事項,鋼筋混凝土造,102年11月10日,二十層,
RPQOMLNJIIMFFBJ18CC,4,53.96,見其他登記事項,鋼筋混凝土造,102年11月10日,二十層,
RPQOMLNJIIMFFBJ18CC,4,38.55,見其他登記事項,鋼筋混凝土造,102年11月10日,二十層,
RPPOMLNJIIMFFBJ08CC,11,108.44,商業用,鋼筋混凝土造,95年9月7日,十二層,
RPPOMLNJIIMFFBJ08CC,11,19.61,共用部分,鋼筋混凝土造,95年9月7日,十二層,
RPPOMLNJIIMFFBJ08CC,11,13.82,共用部分,鋼筋混凝土造,95年9月7日,十二層,
RPWNMLQJIIMFFDJ66DC,7,33.74,見其他登記事項,鋼筋混凝土造,99年10月22日,四層,
RPSOMLMKIIMFFBJ38CC,10,30.11,商業用,鋼筋混凝土造,96年12月4日,十一層,
RPSOMLMKIIMFFBJ38CC,10,4.97,共用部分,鋼筋混凝土造,96年12月4日,十三層,
RPSOMLMKIIMFFBJ38CC,10,9.13,共用部分,鋼筋混凝土造,96年12月4日,十三層,
RPTOMLLKIIMFFBJ38CC,12,116.25,住家用,鋼筋混凝土造,94年9月23日,十四層,
RPTOMLLKIIMFFBJ38CC,12,19.83,共用部分,鋼筋混凝土造,94年9月23日,十四層,
RPTOMLLKIIMFFBJ38CC,12,21.06,共用部分,鋼筋混凝土造,94年9月23日,十五層,
RPTOMLNKIIMFFBJ58CC,2,111.87,住家用,鋼筋混凝土造,104年11月11日,二十二層,
RPTOMLNKIIMFFBJ58CC,2,31.01,見其他登記事項,鋼筋混凝土造,104年11月11日,二十二層,
RPTOMLNKIIMFFBJ58CC,2,28.09,見其他登記事項,鋼筋混凝土造,104年11月11日,二十二層,
RPRNMLSKIIMFFBJ78CC,8,162.39,住家用,鋼筋混凝土造,98年9月21日,十層,
RPRNMLSKIIMFFBJ78CC,8,179.99,共用部分,鋼筋混凝土造,98年9月21日,十層,
RPPNMLOKIIMFFBJ18CC,5,193.56,住家用,鋼筋混凝土造,101年8月24日,二十三層,
RPPNMLOKIIMFFBJ18CC,5,119.82,見其他登記事項,鋼筋混凝土造,101年8月24日,二十三層,
RPXNMLQKIIMFFBJ56CC,12,47.48,商業用,鋼筋混凝土造,94年11月28日,五層,
RPXNMLQKIIMFFBJ56CC,12,54.73,共用部分,鋼筋混凝土造,94年11月28日,五層,
RPTOMLQKIIMFFBJ88CC,12,72.04,商業用,鋼筋混凝土造,94年3月31日,十層,
RPTOMLQKIIMFFBJ88CC,12,11.07,共用部分,鋼筋混凝土造,94年3月31日,十層,
RPTOMLQKIIMFFBJ88CC,12,7.60,共用部分,鋼筋混凝土造,94年3月31日,十層,
RPROMLOLIIMFFBJ58CC,19,227.14,住家用,鋼筋混凝土造,88年2月5日,五層,
RPTOMLOLIIMFFBJ78CC,5,157.97,住家用,鋼筋混凝土造,101年8月24日,二十三層,
RPTOMLOLIIMFFBJ78CC,5,104.67,見其他登記事項,鋼筋混凝土造,101年8月24日,二十三層,
RPXOMLOLIIMFFBJ56CC,10,31.01,商業用,鋼筋混凝土造,97年3月21日,十三層,
RPXOMLOLIIMFFBJ56CC,10,2.93,共用部分,鋼筋混凝土造,97年3月21日,十四層,
RPXOMLOLIIMFFBJ56CC,10,10.92,共用部分,鋼筋混凝土造,97年3月21日,十三層,
RPRPMLOLIIMFFBJ68CC,12,86.70,住家用,鋼筋混凝土造,94年10月4日,十五層,
RPRPMLOLIIMFFBJ68CC,12,37.52,共用部分,鋼筋混凝土造,94年10月4日,十五層,
RPRPMLOLIIMFFBJ68CC,12,12.83,共用部分,鋼筋混凝土造,94年10月4日,十五層,
RPVOMLOLIIMFFBJ98CC,12,101.80,住家用,鋼筋混凝土造,94年10月4日,十五層,
RPVOMLOLIIMFFBJ98CC,12,42.42,共用部分,鋼筋混凝土造,94年10月4日,十五層,
RPVOMLOLIIMFFBJ98CC,12,17.96,共用部分,鋼筋混凝土造,94年10月4日,十五層,
RPWOMLOLIIMFFBJ09CC,12,92.18,住家用,鋼筋混凝土造,94年11月14日,十五層,
RPWOMLOLIIMFFBJ09CC,12,43.92,共用部分,鋼筋混凝土造,94年11月14日,十五層,
RPWOMLOLIIMFFBJ09CC,12,19.41,共用部分,鋼筋混凝土造,94年11月14日,十五層,
RPSPMLOLIIMFFBJ78CC,10,80.69,住家用,鋼筋混凝土造,96年5月17日,十三層,
RPSPMLOLIIMFFBJ78CC,10,10.70,共用部分,鋼筋混凝土造,96年5月17日,十三層,
RPSPMLOLIIMFFBJ78CC,10,41.79,共用部分,鋼筋混凝土造,96年5月17日,十三層,
RPQPMLOLIIMFFBJ58CC,6,94.00,住家用,鋼筋混凝土造,100年7月7日,十五層,
RPQPMLOLIIMFFBJ58CC,6,78.16,見其他登記事項,鋼筋混凝土造,100年7月7日,十五層,
RPQPMLOLIIMFFBJ58CC,6,21.02,見其他登記事項,鋼筋混凝土造,100年7月7日,十五層,
RPSOMLOLIIMFFBJ68CC,9,109.80,住家用,鋼筋混凝土造,97年6月27日,十四層,
RPSOMLOLIIMFFBJ68CC,9,25.56,共用部分,鋼筋混凝土造,97年6月27日,十四層,
RPSOMLOLIIMFFBJ68CC,9,22.22,共用部分,鋼筋混凝土造,97年6月27日,14,
RPUOMLOLIIMFFBJ88CC,7,66.96,住家用,鋼筋混凝土造,99年12月14日,十五層,
RPUOMLOLIIMFFBJ88CC,7,45.47,見其他登記事項,鋼筋混凝土造,99年12月14日,十五層,
RPUOMLOLIIMFFBJ88CC,7,16.31,見其他登記事項,鋼筋混凝土造,99年12月14日,十五層,
RPTPMLOLIIMFFBJ88CC,12,70.86,住家用,鋼筋混凝土造,94年11月14日,十五層,
RPTPMLOLIIMFFBJ88CC,12,41.44,共用部分,鋼筋混凝土造,94年11月14日,十五層,
RPTPMLOLIIMFFBJ88CC,12,14.92,共用部分,鋼筋混凝土造,94年11月14日,十五層,
RPPOMLOLIIMFFBJ38CC,6,116.74,住家用,鋼筋混凝土造,100年11月28日,十九層,
RPPOMLOLIIMFFBJ38CC,6,28.15,見其他登記事項,鋼筋混凝土造,100年11月28日,十九層,
RPPOMLOLIIMFFBJ38CC,6,58.22,見其他登記事項,鋼筋混凝土造,100年11月28日,十九層,
RPSNMLQLIIMFFBJ78CC,9,33.42,商業用,鋼筋混凝土造,97年9月15日,十六層,
RPSNMLQLIIMFFBJ78CC,9,4.82,共用部分,鋼筋混凝土造,97年9月15日,十六層,
RPSNMLQLIIMFFBJ78CC,9,2.05,共用部分,鋼筋混凝土造,97年9月15日,十六層,
RPSNMLQLIIMFFBJ78CC,9,10.08,共用部分,鋼筋混凝土造,97年9月15日,十六層,
RPTNMLQLIIMFFBJ88CC,12,31.72,住家用,鋼筋混凝土造,94年11月14日,十五層,
RPTNMLQLIIMFFBJ88CC,12,3.94,共用部分,鋼筋混凝土造,94年11月14日,十五層,
RPTNMLQLIIMFFBJ88CC,12,6.71,共用部分,鋼筋混凝土造,94年11月14日,十五層,
RPWNMLQLIIMFFBJ56CC,2,95.62,住家用,鋼筋混凝土造,104年9月1日,十四層,
RPWNMLQLIIMFFBJ56CC,2,35.72,見其他登記事項,鋼筋混凝土造,104年9月1日,十四層,
RPWNMLQLIIMFFBJ56CC,2,16.52,見其他登記事項,鋼筋混凝土造,104年9月1日,十四層,
RPPOMLQLIIMFFBJ58CC,2,74.49,住家用,鋼筋混凝土造,104年9月1日,十四層,
RPPOMLQLIIMFFBJ58CC,2,25.76,見其他登記事項,鋼筋混凝土造,104年9月1日,十四層,
RPPOMLQLIIMFFBJ58CC,2,14.93,見其他登記事項,鋼筋混凝土造,104年9月1日,十四層,
RPXNMLQLIIMFFBJ66CC,5,90.71,住家用,鋼筋混凝土造,101年5月31日,十三層,
RPXNMLQLIIMFFBJ66CC,5,54.93,見其他登記事項,鋼筋混凝土造,101年5月31日,十四層,
RPXNMLQLIIMFFBJ66CC,5,20.99,見其他登記事項,鋼筋混凝土造,101年5月31日,十三層,
RPQOMLQLIIMFFBJ68CC,12,31.09,住家用,鋼筋混凝土造,94年11月14日,十五層,
RPQOMLQLIIMFFBJ68CC,12,3.73,共用部分,鋼筋混凝土造,94年11月14日,十五層,
RPQOMLQLIIMFFBJ68CC,12,6.56,共用部分,鋼筋混凝土造,94年11月14日,十五層,
RPROMLQLIIMFFBJ78CC,3,96.04,住家用,鋼筋混凝土造,104年1月7日,十五層,
RPROMLQLIIMFFBJ78CC,3,67.33,見其他登記事項,鋼筋混凝土造,104年1月7日,十五層,
RPROMLQLIIMFFBJ78CC,3,19.97,見其他登記事項,鋼筋混凝土造,104年1月7日,十五層,
RPXPMLQLIIMFFBJ86CC,5,61.58,住家用,鋼筋混凝土造,102年1月11日,九層,
RPXPMLQLIIMFFBJ86CC,5,41.68,見其他登記事項,鋼筋混凝土造,102年1月11日,九層,
RPOQMLQLIIMFFBJ68CC,10,88.44,住家用,鋼筋混凝土造,96年8月27日,五層,
RPOQMLQLIIMFFBJ68CC,10,1.95,共有部份,鋼筋混凝土造,96年8月27日,五層,
RPRNMLQJJIMFFDJ78CC,2,46.72,見其他登記事項,鋼筋混凝土造,104年8月21日,四層,
RPUOMLLJJIMFFBJ48CC,,63.49,住家用,鋼筋混凝土造,106年6月15日,十四層,
RPUOMLLJJIMFFBJ48CC,,51.69,見其他登記事項,鋼筋混凝土造,106年6月15日,十四層,
RPUOMLLJJIMFFBJ48CC,,13.10,見其他登記事項,鋼筋混凝土造,106年6月15日,十四層,
RPPOMLRLIIMFFBJ68CC,3,134.83,住家用,鋼筋混凝土造,103年9月24日,二十三層,
RPPOMLRLIIMFFBJ68CC,3,11.15,見其他登記事項,鋼筋混凝土造,103年9月24日,二十三層,
RPPOMLRLIIMFFBJ68CC,3,23.26,見其他登記事項,鋼筋混凝土造,103年9月24日,二十三層,
RPOOMLRLIIMFFBJ58CC,10,76.36,住家用,鋼筋混凝土造,96年8月27日,五層,
RPOOMLRLIIMFFBJ58CC,10,1.94,共有部份,鋼筋混凝土造,96年8月27日,五層,
RPXNMLNJJIMFFBJ88CC,15,58.47,住商用,鋼筋混凝土造,91年10月8日,五層,
RPPOMLRJJIMFFBJ58CC,8,95.94,商業用,鋼筋混凝土造,99年1月6日,二十層,
RPSOMLLJJIMFFBJ28CC,4,68.66,住家用,鋼筋混凝土造,103年2月28日,十二層,
RPSOMLLJJIMFFBJ28CC,4,14.70,見其他登記事項,鋼筋混凝土造,103年2月28日,十二層,
RPSOMLLJJIMFFBJ28CC,4,53.44,見其他登記事項,鋼筋混凝土造,103年2月28日,十二層,
RPVOMLLJJIMFFBJ58CC,6,93.93,住家用,鋼筋混凝土造,100年7月7日,十五層,
RPVOMLLJJIMFFBJ58CC,6,83.23,見其他登記事項,鋼筋混凝土造,100年7月7日,十五層,
RPVNMLNJJIMFFBJ68CC,10,136.97,商業用,鋼筋混凝土造,97年3月21日,十四層,
RPVNMLNJJIMFFBJ68CC,10,12.38,共有部份,鋼筋混凝土造,97年3月21日,十四層,
RPVNMLNJJIMFFBJ68CC,10,29.67,共有部份,鋼筋混凝土造,97年3月21日,十四層,
RPSOMLRJJIMFFBJ88CC,12,115.73,商業用,鋼筋混凝土造,94年11月14日,十五層,
RPSOMLRJJIMFFBJ88CC,12,85.15,共用部分,鋼筋混凝土造,94年11月14日,十五層,
RPSOMLRJJIMFFBJ88CC,12,24.38,共用部分,鋼筋混凝土造,94年11月14日,十五層,
RPPNMLNJJIMFFCJ18CC,,102.86,住家用,加強磚造,,二層,
