﻿編號,土地區段位置,土地移轉面積平方公尺,使用分區或編定
The serial number,land sector position,land shifting area square meter,the use zoning or compiles and checks
RPQNMLMJQHMFFBK88DC,芒埔段,133.00,非都市：特定農業區 ; 非都市編定：甲種建築用地
RPSOMLLMIIMFFBK58CC,大倫段,139.40,都市：住
RPRNMLMJQHMFFBK98DC,苗栗段,10.00,都市：住
RPRNMLMJJIMFFBK28CC,苗栗段,.00,都市：商
RPUNMLPJIIMFFBK88DC,苗栗段,15.00,都市：住
RPTNMLNJIIMFFBK48CC,華清段,.00,都市：住
RPPNMLNLIIMFFBK28CC,苗栗段,89.00,都市：住
