﻿編號,土地區段位置,土地移轉面積平方公尺,使用分區或編定
The serial number,land sector position,land shifting area square meter,the use zoning or compiles and checks
RPTNMLRJQHMFFAO27CC,光復段,.00,都市：住
RPVPMLPKQHMFFAO57CC,新興段一小段,.00,都市：住
RPOOMLKKQHMFFAO88CC,南湖段,.00,非都市：鄉村區 ; 非都市編定：乙種建築用地
RPSOMLQKQHMFFAO27CC,東山段二小段,.00,都市：住
RPPPMLOKQHMFFAO86CC,隆恩段,.00,非都市：特定農業區 ; 非都市編定：丁種建築用地
RPPPMLOKQHMFFAO86CC,隆恩段,.00,非都市：特定農業區 ; 非都市編定：丁種建築用地
RPVOMLQKQHMFFAO57CC,柴橋段,.00,都市：其他
RPPOMLKKQHMFFAO98CC,溪橋段,.00,非都市：鄉村區 ; 非都市編定：乙種建築用地
RPTNMLRKQHMFFAO37CC,東門段一小段,.00,都市：商
RPRNMLTKQHMFFAO37CC,柴橋段,.00,都市：其他
RPTNMLNLQHMFFAO07CC,民主段一小段,.00,都市：商
RPUNMLNLQHMFFAO17CC,東光段,23.00,都市：其他
RPQNMLPLQHMFFAO96CC,光華段,.00,都市：住
RPTNMLPLQHMFFAO27CC,崙子段,.00,都市：住
RPUNMLPLQHMFFAO37CC,中雅段,.00,都市：住
RPWNMLPLQHMFFAO57CC,東橋段,.00,都市：住
RPQOMLSLQHMFFAO37CC,中央段,.00,都市：商
RPTOMLSLQHMFFAO67CC,東光段,.00,都市：商
RPTOMLSLQHMFFAO67CC,東光段,.00,都市：商
RPVNMLTLQHMFFAO87CC,武陵段,.00,都市：住
RPVNMLTLQHMFFAO87CC,武陵段,.00,都市：住
RPRNMLKMQHMFFAO66CC,北門段,.00,都市：商
RPSNMLLMQHMFFAO86CC,福林段,.00,非都市：鄉村區 ; 非都市編定：乙種建築用地
RPUNMLNJRHMFFAO07CC,五福段,.00,非都市：山坡地保育區 ; 非都市編定：丙種建築用地
RPVNMLNJRHMFFAO17CC,北門段,.00,都市：商
RPTNMLNJRHMFFAO96CC,崙子段,.00,都市：住
RPROMLLJRHMFFAO66CC,東山段二小段,78.00,都市：住
RPTOMLQKQHMFFAO37CC,北門段,.00,都市：商
RPTOMLQKQHMFFAO37CC,北門段,.00,都市：商
RPXPMLNLQHMFFAO67CC,曲溪段,69.80,都市：住
RPRNMLRKQHMFFAO17CC,民主段,.00,都市：住
RPUPMLMJQHMFFAO07CC,民主段,.00,都市：住
RPSNMLNJRHMFFAO86CC,民主段,.00,都市：住
RPWNMLNJRHMFFAO27CC,成功段,.00,都市：住
RPTPMLQJRHMFFAO47CC,國道段,14.95,都市：商
RPVNMLPJRHMFFAO37CC,東山段二小段,.00,都市：住
RPTNMLPJRHMFFAO17CC,忠孝段,.00,都市：其他
RPVNMLSJRHMFFAO67CC,曲溪段,.00,都市：住
RPUPMLSJRHMFFAO77CC,南門段四小段,.00,都市：住
RPVPMLSJRHMFFAO87CC,中山段二小段,.00,都市：商
RPVPMLSJRHMFFAO87CC,中山段二小段,.00,都市：商
RPVPMLSJRHMFFAO87CC,中山段二小段,.00,都市：商
RPVPMLSJRHMFFAO87CC,中山段二小段,.00,都市：商
RPVPMLSJRHMFFAO87CC,中山段二小段,.00,都市：商
RPROMLOJRHMFFAO96CC,自由段,.00,都市：住
RPUOMLOJRHMFFAO27CC,中央段,.00,都市：商
RPPOMLOKRHMFFAO96DC,南勢段,.00,非都市：鄉村區 ; 非都市編定：乙種建築用地
RPROMLLKRHMFFAO76CC,東山段一小段,48.00,都市：商
RPUOMLLKRHMFFAO07CC,南湖段,.00,非都市：山坡地保育區 ; 非都市編定：丙種建築用地
RPVOMLLKRHMFFAO17CC,光復段,.00,都市：住
RPOPMLLKRHMFFAO56CC,西門段二小段,.00,都市：商
RPRPMLLKRHMFFAO86CC,崙子段,.00,都市：住
RPQOMLLKRHMFFAO66CC,南門段二小段,.00,都市：商
RPTOMLLKRHMFFAO96CC,南湖段,.00,非都市：山坡地保育區 ; 非都市編定：丙種建築用地
RPXOMLPKRHMFFAO77CC,中山段三小段,.00,都市：商
RPPPMLLKRHMFFAO66CC,聚吉段,.00,都市：商
RPWOMLPKRHMFFAO67CC,光復段,.00,都市：住
RPXOMLLKRHMFFAO37CC,南湖段,.00,非都市：山坡地保育區 ; 非都市編定：丙種建築用地
RPXOMLLKRHMFFAO37CC,南湖段,.00,非都市：山坡地保育區 ; 非都市編定：丙種建築用地
RPOPMLPKRHMFFAO96CC,復中段,.00,都市：住
RPPPMLPKRHMFFAO07CC,光華段,.00,都市：商
RPPPMLPKRHMFFAO07CC,光華段,.00,都市：商
RPPPMLPKRHMFFAO07CC,光華段,.00,都市：商
RPPPMLPKRHMFFAO07CC,光華段,.00,都市：其他
RPTOMLLLRHMFFAO07CC,麗園段,.00,非都市：山坡地保育區 ; 非都市編定：丙種建築用地
RPTOMLLLRHMFFAO07CC,麗園段,.00,非都市：山坡地保育區 ; 非都市編定：丙種建築用地
RPSNMLQKRHMFFAO27CC,東山段二小段,.00,都市：住
RPPNMLQKRHMFFAO96CC,信義段,.00,都市：住
RPTNMLQKRHMFFAO37CC,新港段,.00,都市：住
RPUNMLTKRHMFFAO77CC,東光段,26.56,都市：其他
RPRNMLQKRHMFFAO17CC,師院段,88.38,非都市：山坡地保育區 ; 非都市編定：丙種建築用地
RPUOMLSLRHMFFAO87CC,介壽段,.00,都市：住
RPOOMLLLRHMFFAO66DC,大庄段,.00,都市：住
RPOOMLLLRHMFFAO66DC,大庄段,.00,都市：住
RPOOMLLLRHMFFAO66DC,大庄段,.00,都市：住
RPUPMLSLRHMFFAO08DC,柴橋段,13.27,都市：其他
RPUNMLRLRHMFFAO67CC,聚吉段,.00,都市：商
RPQNMLKMRHMFFAO66CC,成德段,.21,都市：住
RPVOMLSLRHMFFAO97CC,北門段,.00,都市：住
RPRNMLKMRHMFFAO76CC,成功段,.00,都市：住
RPRPMLTLRHMFFAO77CC,北門段,69.00,都市：住
RPPNMLKMRHMFFAO56CC,自由段,.00,都市：住
RPTOMLKMRHMFFAO07CC,台肥段,.00,都市：其他
RPXNMLQKIIMFFAO96CC,科學段一小段,129.60,都市：住
RPWOMLSKIIMFFAO27DC,崙子段,115.00,都市：住
RPPOMLMJIIMFFAO38CC,唐高段,.00,都市：住
RPVNMLSKIIMFFAO96CC,新興段一小段,.00,都市：住
RPVOMLQKIIMFFAO86CC,國道段,.00,都市：住
RPSNMLPKIIMFFAO98CC,竹蓮段,.00,都市：商
RPVPMLMJIIMFFAO09CC,國道段,14.95,都市：商
RPOOMLSKIIMFFAO98CC,東山段二小段,.00,都市：住
RPRNMLPKIIMFFAO88CC,中央段,.00,都市：住
RPVQMLPJIIMFFAO86CC,光武段,847.41,都市：商
RPVQMLPJIIMFFAO86CC,光武段,1121.63,都市：商
RPVQMLPJIIMFFAO86CC,光武段,919.05,都市：商
RPVQMLPJIIMFFAO86CC,光武段,813.31,都市：商
RPVQMLPJIIMFFAO86CC,光武段,1564.53,都市：商
RPVQMLPJIIMFFAO86CC,光武段,428.26,都市：商
RPVQMLPJIIMFFAO86CC,光武段,675.65,都市：商
RPVQMLPJIIMFFAO86CC,光武段,644.01,都市：商
RPVQMLPJIIMFFAO86CC,光武段,740.76,都市：商
RPVQMLPJIIMFFAO86CC,光武段,740.77,都市：商
RPVQMLPJIIMFFAO86CC,光武段,610.73,都市：商
RPVQMLPJIIMFFAO86CC,光武段,610.74,都市：商
RPVQMLPJIIMFFAO86CC,光武段,813.31,都市：商
RPQNMLTKIIMFFAO56CC,新興段一小段,.00,都市：住
RPSNMLQLIIMFFAO56CC,榮光段一小段,.00,都市：商
RPPNMLTKIIMFFAO09CC,東山段一小段,.00,都市：住
RPTOMLLJJIMFFAO78CC,東山段一小段,.00,都市：住
RPOOMLPLIIMFFAO78CC,西門段一小段,.00,都市：住
RPRPMLLMIIMFFAO88CC,北門段,.00,都市：商
RPTNMLKLIIMFFAO68CC,自由段,.00,都市：住
RPSNMLMJJIMFFAO68CC,武陵段,.00,都市：住
RPVNMLMJJIMFFAO98CC,榮光段一小段,.00,都市：商
RPUNMLMJJIMFFAO88CC,中央段,.00,都市：住
RPUNMLMJJIMFFAO88CC,中央段,.00,都市：其他
RPPPMLMJJIMFFAO58CC,長春段,45.49,都市：住
RPXPMLMJJIMFFAO86DC,長春段,24.87,都市：其他
RPTQMLNJJIMFFAO56CC,北門段,.00,都市：商
RPVQMLNJJIMFFAO76CC,光武段,.00,都市：住
RPPNMLOJJIMFFAO58CC,光華段,.00,都市：住
RPTOMLNJJIMFFAO56EC,長春段,15.05,都市：其他
RPTOMLNJJIMFFAO56EC,長春段,.01,都市：住
RPTOMLNJJIMFFAO56EC,長春段,.00,都市：住
RPRNMLOJJIMFFAO78CC,南門段二小段,.00,都市：商
RPQNMLOJJIMFFAO68CC,光華段,.00,都市：住
RPQOMLKKJIMFFAO48CC,東山段二小段,.00,都市：住
RPRRMLTJJIMFFAO07CC,信義段,.00,都市：住
RPXOMLKKJIMFFAO66DC,和平段,.00,都市：住
RPORMLNJJIMFFAO78CC,自由段,.00,都市：住
RPQNMLQJJIMFFAO88CC,虎山段,.00,非都市：鄉村區 ; 非都市編定：乙種建築用地
