﻿編號,車位類別,車位價格,車位面積平方公尺
Serial number,berth category,berth price,berth area square meter
RPRNMLTJQHMFFAX97CA,坡道平面,0,
RPPNMLMKQHMFFAX17CA,坡道平面,0,
RPVNMLTLQHMFFAX68DA,坡道平面,700000,23.30
SPXNMLTLQHMFFAX88CA,坡道平面,0,23.30
RPXNMLTLQHMFFAX78CA,坡道平面,600000,23.30
RPVOMLOKNHOFFAX97CA,坡道平面,0,
RPPNMLMJIIMFFAX09DA,坡道平面,0,
RPSNMLOLIIMFFAX17DA,坡道平面,0,
RPPNMLPKJIMFFAX86CA,坡道平面,0,
RPWNMLLLNHOFFAX77CA,坡道平面,0,
