﻿編號,土地區段位置,土地移轉面積平方公尺,使用分區或編定
The serial number,land sector position,land shifting area square meter,the use zoning or compiles and checks
RPWOMLLJNHKFFAB87CC,麻園頭段,15.30,都市：住
RPUOMLLJNHKFFAB67CC,後子段,4.15,都市：住
RPVOMLLJNHKFFAB77CC,麻園頭段,95.84,都市：住
RPRPMLLJNHKFFAB47CC,綠川段二小段,25.00,都市：商
RPRPMLLJNHKFFAB47CC,綠川段二小段,182.00,都市：商
RPORMLLJNHKFFCB57CC,惠安段,203.77,都市：商
RPPQMLLJNHKFFCB57CC,何厝段,19.75,都市：商
RPRQMLLJNHKFFCB77CC,惠民段,141.11,都市：其他
RPXQMLLJNHKFFCB38CC,福安段,.00,都市：住
RPWQMLLJNHKFFCB28CC,惠信段,7.72,都市：住
RPUQMLLJNHKFFCB08CC,大新段,14.77,都市：住
RPTPMLLJNHKFFCB87CC,大新段,19.43,都市：住
RPTNMLOJNHKFFBB87CC,賴厝段,4.35,都市：商
RPTNMLOJNHKFFBB87CC,邱厝子段,3.49,都市：商
RPTOMLLJNHKFFBB67CC,東信段,23.03,都市：商
RPSNMLLJNHKFFBB47CC,青田段,76.00,都市：其他
RPSNMLLJNHKFFBB47CC,青田段,11.00,都市：其他
RPXNMLOJNHKFFCB38CC,下石碑段,22.00,都市：住
RPROMLOJNHKFFGL66CC,德芳段,40.70,都市：住
RPSPMLPJNHKFFBB18DC,松竹段,5.96,都市：住
RPTPMLPJNHKFFBB28DC,東光段,18.30,都市：住
RPPNMLMJNHKFFAB17CC,麻園頭段,123.00,都市：商
RPQNMLOJNHKFFAB47CC,麻園頭段,15.69,都市：住
RPQNMLMJNHKFFAB27CC,樹子腳段,11.18,都市：住
RPORMLPJNHKFFBB87CC,東光段,13.22,都市：住
RPSNMLOJNHKFFAB77DC,後子段,23.43,都市：住
RPSNMLOJNHKFFAB77DC,後子段,3.45,都市：住
RPVNMLOJNHKFFAB97CC,麻園頭段,16.48,都市：住
RPQOMLPJNHKFFCB87CC,安林段,89.69,都市：農
RPQOMLPJNHKFFCB87CC,安林段,8.12,都市：農
RPUNMLPJNHKFFAL98CC,安康段,64.30,都市：住
RPVOMLQJNHKFFAB28CC,下橋子頭段,12.29,都市：住
RPWNMLQJNHKFFBB38CC,平田段,.00,非都市： ; 非都市編定：
RPVPMLQJNHKFFBB48CC,乾溝子段,62.56,都市：住
RPUOMLQJNHKFFAB18CC,後子段,7.00,都市：住
RPSSMLQJNHKFFBB48CC,東正段,15.44,都市：商
RPUSMLQJNHKFFBB68CC,東義段,14.81,都市：商
RPUOMLPJNHKFFAB08CC,旱清段,110.24,都市：住
RPUOMLQJNHKFFCB38CC,下石碑段,27.81,都市：住
RPXOMLQJNHKFFCB68CC,大墩段,8.89,都市：住
RPWOMLQJNHKFFAB38CC,樹子腳段,14.46,都市：住
RPWOMLQJNHKFFAB38CC,樹子腳段,2.69,都市：住
RPOPMLQJNHKFFCB87CC,上石碑段,4.04,都市：商
RPUNMLPJNHKFFBL09CC,朝陽段,17.89,都市：商
RPUNMLPJNHKFFBL09CC,朝陽段,1.76,都市：商
RPPPMLQJNHKFFCB97CC,中正段,6.72,都市：商
RPQOMLRJNHKFFCB08CC,上石碑段,116.00,都市：住
RPSPMLQJNHKFFCB28CC,大新段,17.11,都市：住
RPRPMLQJNHKFFCB18CC,惠安段,10.31,都市：商
RPTOMLLJNHKFFAL58CC,豐圳段,127.06,都市：其他
RPRNMLLJNHKFFAL28CC,成功段,115.89,都市：住
RPOQMLRJNHKFFAB87CC,麻園頭段,2.00,都市：商
RPOQMLRJNHKFFAB87CC,麻園頭段,75.00,都市：商
RPRNMLOJNHKFFHL66CC,東興段,1028.52,都市：其他
RPSNMLOJNHKFFHL76CC,愛平段,.00,都市：住
RPPNMLKKNHKFFAB07CC,後子段,13.87,都市：住
RPOPMLSJNHKFFCB08CC,大新段,32.25,都市：住
RPSOMLSJNHKFFCB38CC,上石碑段,14.62,都市：住
RPQNMLTJNHKFFCB18CC,惠民段,.00,都市：其他
RPPNMLTJNHKFFCB08CC,惠民段,.00,都市：其他
RPVOMLLKNHKFFCB08CC,上石碑段,4.61,都市：商
RPPPMLLKNHKFFCB57CC,何安段,3.74,都市：住
RPXNMLLKNHKFFAB97CC,下橋子頭段,21.09,都市：住
RPVNMLLKNHKFFAB77CC,樹子腳段,1.95,都市：住
RPWNMLLKNHKFFHL96CC,永新段,107.45,都市：工
RPQNMLMKNHKFFHL09CC,育賢段,70.91,都市：住
RPOOMLMKNHKFFHL98CC,育賢段,.00,都市：住
RPRNMLMKNHKFFAL48CC,大順段,93.21,都市：住
RPXOMLSJNHKFFBB88DC,邱厝子段,87.00,都市：商
RPSQMLLKNHKFFBB97DC,和平段,351.07,都市：住
RPOOMLSJNHKFFBB87CC,水源段,194.00,都市：商
RPPNMLMKNHKFFAL38DC,豐洲北段,31.33,都市：工
RPSRMLRJNHKFFBB48CC,北屯段,.00,都市：住
RPVOMLRJNHKFFBB48CC,乾溝子段,.48,都市：住
RPVOMLRJNHKFFBB48CC,乾溝子段,16.70,都市：住
RPTRMLRJNHKFFBB58CC,仁美段,68.00,都市：農
RPVPMLMKNHKFFCB28CC,中正段,7.20,都市：商
RPOQMLMKNHKFFCB67CC,中正段,5.55,都市：商
RPVOMLMKNHKFFCB28DC,寶文段,716.10,都市：農
RPSQMLMKNHKFFCB08CC,中正段,5.99,都市：商
RPVQMLMKNHKFFCB38CC,中正段,6.24,都市：商
RPQQMLMKNHKFFCB87CC,中正段,6.19,都市：商
RPRQMLMKNHKFFCB97CC,中正段,6.27,都市：商
RPPOMLMKNHKFFAB37CC,下橋子頭段,1.83,都市：商
RPSPMLMKNHKFFCB97CC,楓樹段,396.70,都市：農
RPUQMLMKNHKFFCB28CC,中正段,5.99,都市：商
RPXNMLNKNHKFFCB38CC,惠安段,500.50,都市：住
RPOOMLNKNHKFFBB57DC,中清段,29.84,都市：住
RPTOMLMKNHKFFAB77CC,頂橋子頭段,43.07,都市：商
RPPQMLMKNHKFFAB57CC,公館段,20.26,都市：住
RPPQMLMKNHKFFAB57CC,公館段,1.11,都市：住
RPROMLMKNHKFFAB57CC,下橋子頭段,5.11,都市：商
RPOQMLNKNHKFFAB57CC,後子段,10.74,都市：住
RPSPMLNKNHKFFAB87CC,麻園頭段,55.00,都市：商
RPSPMLNKNHKFFAB87CC,麻園頭段,4.84,都市：商
RPPQMLOKNHKFFBB97DC,東信段,26.87,都市：住
RPUNMLNKNHKFFAB87CC,樹子腳段,3154.00,都市：住
RPOOMLNKNHKFFAB47DC,中民段六小段,33.60,都市：住
RPOOMLNKNHKFFAB47DC,中民段六小段,9.20,都市：住
RPOOMLNKNHKFFAB47DC,中民段六小段,.40,都市：住
RPTOMLOKNHKFFAB97CC,麻園頭段,16.30,都市：住
RPQNMLNKNHKFFCL68CC,銀聯段,100.00,都市：住
RPUOMLPKNHKFFAB18CC,樹子腳段,1.94,都市：住
RPWOMLPKNHKFFAB38CC,樹子腳段,1.94,都市：住
RPUNMLPKNHKFFAB08CC,土庫段,28.32,都市：住
RPUNMLPKNHKFFAB08CC,土庫段,19.16,都市：商
RPTNMLQKNHKFFAB08CC,下橋子頭段,1.83,都市：商
RPSNMLPKNHKFFCB08CC,豐功段,89.18,都市：住
RPUQMLPKNHKFFCB58CC,上石碑段,5.44,都市：住
RPSQMLPKNHKFFCB38CC,中正段,59.09,都市：商
RPVQMLOKNHKFFCB58CC,上石碑段,4.89,都市：商
RPVOMLOKNHKFFCB48DC,中義段,93.00,都市：住
RPXNMLPKNHKFFAL76CC,豐原段,79.00,都市：商
RPROMLSKNHKFFCB38CC,惠民段,.00,都市：其他
RPXNMLSKNHKFFCB88CC,惠民段,.00,都市：其他
RPPRMLSKNHKFFCB48CC,惠順段,451.96,都市：住
RPSOMLSKNHKFFCB48CC,惠民段,.00,都市：其他
RPRNMLSKNHKFFAL56DC,一心段,107.32,都市：住
RPUNMLQKNHKFFAB18CC,下橋子頭段,1.83,都市：商
RPVNMLQKNHKFFAB28CC,下橋子頭段,1.77,都市：商
RPXNMLTKNHKFFAB88DC,公館段,96.00,都市：住
RPXNMLTKNHKFFAB88DC,後子段,11.00,都市：住
RPUNMLTKNHKFFAB48CC,後子段,114.00,都市：其他
RPSNMLTKNHKFFIL47CC,新東段,90.85,非都市：鄉村區 ; 非都市編定：乙種建築用地
RPUNMLKLNHKFFAB77DC,大益段,31.82,都市：商
RPSOMLPKNHKFFGL96CC,自治段,75.71,都市：住
RPPOMLKLNHKFFCB47CC,何安段,15.37,都市：住
RPPOMLKLNHKFFCB47CC,何安段,12.52,都市：住
RPTOMLPKNHKFFGL07CC,光日段,14.18,都市：住
RPUNMLTKNHKFFIL67CC,自強段,94.31,非都市：鄉村區 ; 非都市編定：乙種建築用地
RPTNMLTKNHKFFIL57CC,龍目井段水師寮小段,21.71,都市：住
RPROMLKLNHKFFBB57CC,東信段,57.73,都市：住
RPSNMLLLNHKFFBB67CC,東信段,.00,都市：商
RPTNMLTKNHKFFBB48CC,東光段,145.00,都市：住
RPVNMLLLNHKFFCB08CC,惠國段,16.40,都市：住
RPPPMLLLNHKFFBB57CC,邱厝子段,4.39,都市：住
RPTQMLLLNHKFFBB08CC,賴厝段,3.16,都市：商
RPTQMLLLNHKFFBB08CC,邱厝子段,2.54,都市：商
RPQNMLKLNHKFFHL09DC,宜欣段,69.86,都市：住
RPXPMLLLNHKFFAB28CC,土庫段,.73,都市：商
RPXPMLLLNHKFFAB28CC,土庫段,.28,都市：商
RPXPMLLLNHKFFAB28CC,土庫段,19.00,都市：商
RPTQMLMLNHKFFAB08CC,麻園頭段,19.48,都市：住
RPUOMLMLNHKFFBB08CC,賴厝段,82.00,都市：商
RPQOMLMLNHKFFCB77CC,埔興段,84.00,都市：住
RPQUMLMLNHKFFAB18CC,下橋子頭段,199.00,都市：住
RPRNMLNLNHKFFCB87CC,寶山段,21.26,都市：住
RPUOMLMLNHKFFCB18CC,惠順段,.00,都市：商
RPPNMLNLNHKFFCB67CC,寶山段,21.26,都市：住
RPRNMLNLNHKFFBB77CC,平田段,6.87,都市：住
RPUQMLPLNHKFFAB48CC,後子段,.00,都市：住
RPPSMLPLNHKFFAB18CC,麻園頭段,187.00,都市：住
RPTNMLNLNHKFFBB97CC,平田段,13.91,都市：住
RPSSMLPLNHKFFAB48CC,後子段,11.31,都市：住
RPVSMLPLNHKFFAB78CC,大益段,.00,非都市： ; 非都市編定：
RPXSMLPLNHKFFAB98CC,後子段,8.66,都市：住
RPPNMLNLNHKFFAB47CC,下橋子頭段,1.72,都市：商
RPSPMLPLNHKFFCB38CC,大新段,7.96,都市：商
RPWPMLQLNHKFFCB88CC,文山段,.00,都市：工
RPRPMLQLNHKFFCB38CC,中正段,5.91,都市：住
RPWOMLQLNHKFFAB58CC,麻園頭段,.00,都市：住
RPXPMLQLNHKFFAB78CC,麻園頭段,31.26,都市：住
RPVQMLQLNHKFFAB68CC,下橋子頭段,.13,都市：住
RPVQMLQLNHKFFAB68CC,頂橋子頭段,7.44,都市：住
RPUNMLPLNHKFFBB28CC,中興段,209.00,都市：住
RPPTMLRLNHKFFBB58CC,邱厝子段,114.00,都市：住
RPOOMLRLNHKFFBB97CC,軍福段,238.25,都市：其他
RPOOMLRLNHKFFBB97CC,軍福段,90.46,都市：其他
RPUSMLRLNHKFFBB98CC,東光段,82.00,都市：住
RPWNMLPLNHKFFBB48CC,乾溝子段,.29,都市：住
RPWNMLPLNHKFFBB48CC,乾溝子段,10.20,都市：住
RPXNMLRLNHKFFCB88CC,福星段,10.22,都市：住
RPPRMLRLNHKFFCB48CC,豐富段,17.59,都市：住
RPORMLRLNHKFFCB38CC,中正段,15.54,都市：住
RPXOMLRLNHKFFCB98CC,上石碑段,4.61,都市：商
RPWPMLSLNHKFFCB09CC,惠國段,11.99,都市：其他
RPSNMLQLNHKFFHL27DC,德興段,15.85,都市：住
RPRNMLQLNHKFFHL17DC,坪林段,23.18,非都市：鄉村區 ; 非都市編定：乙種建築用地
RPXPMLSLNHKFFCB56CC,大墩段,43.17,都市：住
RPPRMLSLNHKFFCB58CC,豐富段,17.59,都市：住
RPXNMLRLNHKFFAL07CC,豐原段,18.03,都市：住
RPUQMLTLNHKFFCB09CC,大新段,84.00,都市：住
RPPOMLSLNHKFFAB08CC,麻園頭段,14.91,都市：住
RPTQMLSLNHKFFAB68CC,下橋子頭段,10.32,都市：住
RPXNMLSLNHKFFAB78CC,麻園頭段,.00,非都市： ; 非都市編定：
RPWNMLSLNHKFFAB68CC,麻園頭段,10.75,都市：商
RPWNMLQLNHKFFFL37CC,栗林段,35.03,都市：工
RPSPMLSLNHKFFAB48CC,後子段,49.00,都市：住
RPSPMLSLNHKFFAB48CC,後子段,45.00,都市：住
RPRNMLMKNHKFFFL98CC,自立段,2999.00,都市：農
RPTOMLSLNHKFFAB48CC,後子段,70.00,都市：住
RPOOMLSLNHKFFAB97CC,麻園頭段,.00,非都市： ; 非都市編定：
RPPNMLKMNHKFFIL09CC,自治段,84.62,都市：住
RPUOMLLJOHKFFBB87CC,東峰段,9.15,都市：商
RPQNMLKMNHKFFCB57CC,大新段,25.71,都市：住
RPWOMLLJOHKFFBB08CC,東峰段,6.84,都市：商
RPQNMLKMNHKFFAB37CC,麻園頭段,18.11,都市：住
RPXOMLLJOHKFFBB18CC,東峰段,11.30,都市：商
RPSPMLLJOHKFFAB67CC,下橋子頭段,5.18,都市：商
RPPPMLLJOHKFFAB37CC,下橋子頭段,1.72,都市：商
RPRPMLLJOHKFFAB57CC,下橋子頭段,1.72,都市：商
RPTNMLLJOHKFFBB77DC,東義段,161.00,都市：住
RPQNMLMJOHKFFBB57DC,錦村段,151.00,都市：住
RPSQMLNJOHKFFBB08CC,東正段,15.44,都市：商
RPUPMLMJOHKFFCB18CC,田心段,11.97,都市：住
RPOQMLMJOHKFFBB57CC,乾溝子段,.00,都市：住
RPTOMLLJOHKFFCB87CC,中正段,6.36,都市：商
RPVPMLMJOHKFFCB28CC,黎明段,12.76,都市：住
RPUPMLNJOHKFFAB08CC,下橋子頭段,10.62,都市：住
RPSPMLNJOHKFFAB87CC,樹子腳段,8.77,都市：商
RPPPMLNJOHKFFCB77CC,大進段,4.83,都市：住
RPRRMLNJOHKFFCB18CC,保安段,8.71,都市：住
RPQQMLNJOHKFFCB97CC,惠來厝段,5.32,都市：住
RPTPMLNJOHKFFCB18CC,上石碑段,.00,都市：商
RPXQMLNJOHKFFCB68CC,惠來厝段,7.01,都市：住
RPURMLNJOHKFFCB48CC,惠義段,12.28,都市：商
RPQOMLTLNHKFFGL27CC,新榮泉段,89.81,都市：住
RPXNMLOJOHKFFCB58DC,大明段,69.42,都市：住
RPTNMLOJOHKFFCB08CC,惠安段,937.21,都市：住
RPUNMLOJOHKFFCB18CC,何安段,4.83,都市：住
RPOOMLOJOHKFFCB67CC,中正段,6.24,都市：商
RPPOMLOJOHKFFCB77CC,中正段,6.48,都市：商
RPVOMLNJOHKFFGL07CC,新榮泉段,7.41,都市：住
RPSOMLOJOHKFFCB08CC,何安段,5.05,都市：住
RPPPMLOJOHKFFCB87CC,惠來厝段,7.43,都市：住
RPWOMLOJOHKFFCB48CC,大進段,26.60,都市：住
RPSPMLOJOHKFFCB18CC,何安段,3.80,都市：住
RPRPMLOJOHKFFCB08CC,福安段,17.38,都市：住
RPSNMLNJOHKFFFL66DC,西員寶段,978.00,都市：工
RPSNMLNJOHKFFFL66DC,西員寶段,768.00,都市：工
RPSNMLNJOHKFFFL66DC,西員寶段,558.00,都市：工
RPSNMLNJOHKFFFL66DC,西員寶段,49.00,都市：工
RPSNMLOJOHKFFFL76DC,大明段,100.20,都市：住
RPSNMLOJOHKFFFL76DC,大明段,130.01,都市：住
RPTPMLOJOHKFFCB28CC,保安段,528.93,都市：農
RPXPMLOJOHKFFCB68CC,下石碑段,17.08,都市：住
RPOOMLMJOHKFFAL28CC,豐原段,24.25,都市：住
RPWNMLNJOHKFFAL56DC,建成段,39.91,都市：住
RPOQMLOJOHKFFCB87CC,上石碑段,4.47,都市：商
RPVNMLPJOHKFFBB28CC,錦村段,178.00,都市：住
RPXNMLPJOHKFFBB48CC,軍福段,101.20,都市：商
RPVNMLOJOHKFFBB18CC,東義段,460.00,都市：住
RPORMLPJOHKFFBB97CC,東峰段,41.09,都市：商
RPTOMLOJOHKFFBB08CC,邱厝子段,2.86,都市：商
RPTOMLOJOHKFFBB08CC,賴厝段,3.56,都市：商
RPUOMLOJOHKFFBB18CC,水源段,86.00,都市：其他
RPUOMLOJOHKFFBB18CC,水源段,3.00,都市：其他
RPSOMLOJOHKFFBB97CC,邱厝子段,2.33,都市：商
RPSOMLOJOHKFFBB97CC,賴厝段,2.91,都市：商
RPOOMLPJOHKFFAB57CC,下橋子頭段,16.19,都市：住
RPXOMLPJOHKFFAB48CC,下橋子頭段,3.07,都市：商
RPROMLPJOHKFFCB08CC,惠安段,220.00,都市：住
RPXPMLPJOHKFFCB78CC,大新段,19.43,都市：住
RPVPMLPJOHKFFCB58CC,何厝段,97.00,都市：其他
RPVPMLPJOHKFFCB58CC,何厝段,3.00,都市：其他
RPWNMLPJOHKFFCB48CC,上石碑段,25.52,都市：商
RPPNMLQJOHKFFCB87CC,永富段,644.90,都市：住
RPPNMLQJOHKFFCB87CC,永富段,515.95,都市：住
RPRNMLSJOHKFFCB28CC,惠國段,16.66,都市：其他
RPSPMLSJOHKFFCB58CC,大進段,30.00,都市：住
RPQPMLSJOHKFFCB38CC,大墩段,11.93,都市：住
RPXOMLSJOHKFFCB98CC,下石碑段,17.86,都市：住
RPRPMLSJOHKFFCB48CC,中正段,.79,都市：住
RPRNMLSJOHKFFBB18CC,水源段,78.00,都市：住
RPUPMLSJOHKFFCB78CC,協成段,2718.58,都市：工
RPVPMLSJOHKFFCB88CC,三塊厝段,32.73,都市：住
RPQOMLSJOHKFFAB08CC,樹子腳段,27.32,都市：住
RPWPMLSJOHKFFCB98CC,南屯段,14.65,都市：住
RPOQMLSJOHKFFCB28CC,三塊厝段,14.69,都市：住
RPUNMLSJOHKFFBB48CC,陳平段,161.00,都市：住
RPTPMLSJOHKFFCB78DC,惠順段,.00,都市：住
RPUNMLSJOHKFFGL37CC,喬城段,18.29,都市：住
RPUNMLSJOHKFFGL37CC,喬城段,9.63,都市：住
RPSOMLSJOHKFFCB58DC,大新段,10.28,都市：其他
RPROMLTJOHKFFGL37DC,人和段,150.00,都市：住
RPUOMLTJOHKFFAB58CC,麻園頭段,26.58,都市：商
RPSOMLKKOHKFFCB77CC,寶文段,.00,都市：工
RPROMLTJOHKFFCB48CC,上石碑段,3.95,都市：商
RPROMLTJOHKFFCB48CC,上石碑段,3.53,都市：商
RPXOMLKKOHKFFCB28CC,國安段,22.31,都市：住
RPUNMLKKOHKFFAB67CC,福壽段二小段,2254.00,都市：住
RPVNMLKKOHKFFCB08DC,惠泰段,9.74,都市：商
RPTQMLKKOHKFFCB08CC,惠民段,16.38,都市：住
RPQOMLLKOHKFFCB77DC,黎明段,66.00,都市：住
RPQOMLLKOHKFFCB77DC,黎明段,18.00,都市：住
RPWNMLLKOHKFFHL17DC,宜欣段,5.44,都市：住
RPTNMLLKOHKFFHL86DC,宜欣段,5.02,都市：住
RPVNMLLKOHKFFHL07DC,宜欣段,4.29,都市：住
RPWOMLLKOHKFFAB08CC,練武段,10.68,都市：商
RPSNMLLKOHKFFFL56DC,興華段,87.23,都市：住
RPPNMLLKOHKFFGL88CC,新仁段,187.00,都市：住
RPRNMLLKOHKFFCB67CC,大墩段,1853.00,都市：住
RPSNMLLKOHKFFCB77CC,中正段,4023.00,都市：住
RPVNMLLKOHKFFCB08CC,中正段,4023.00,都市：住
RPWPMLTJOHKFFBB98CC,邱厝子段,2.77,都市：商
RPWPMLTJOHKFFBB98CC,賴厝段,3.45,都市：商
RPROMLTJOHKFFBB38CC,平田段,74.00,都市：住
RPROMLTJOHKFFBB38CC,平田段,38.59,都市：住
RPPOMLTJOHKFFBB18CC,平田段,9.13,都市：住
RPPOMLTJOHKFFBB18CC,平田段,1.68,都市：住
RPOOMLTJOHKFFBB08CC,平田段,16.07,都市：住
RPOOMLTJOHKFFBB08CC,平田段,2.96,都市：住
RPXPMLTJOHKFFBB09CC,賴厝段,4.20,都市：商
RPXPMLTJOHKFFBB09CC,邱厝子段,3.37,都市：商
RPPPMLLKOHKFFBB57CC,東峰段,28.55,都市：住
RPROMLMKOHKFFCB87CC,寶文段,.00,都市：工
RPOQMLTJOHKFFBB28CC,中清段,18.92,都市：住
RPQPMLLKOHKFFBB67CC,東峰段,22.44,都市：住
RPWPMLMKOHKFFCB48CC,國安段,.00,都市：住
RPPRMLMKOHKFFCB97CC,國安段,14.67,都市：住
RPTRMLMKOHKFFCB38CC,國安段,13.19,都市：住
RPTRMLMKOHKFFCB38CC,國安段,6.34,都市：住
RPSRMLMKOHKFFCB28CC,黎明段,.00,都市：住
RPUOMLMKOHKFFAB08DC,樹子腳段,20.16,都市：住
RPTNMLMKOHKFFHL96DC,吉祥段,6.88,非都市：鄉村區 ; 非都市編定：乙種建築用地
RPTNMLMKOHKFFHL96DC,吉祥段,2.67,非都市：鄉村區 ; 非都市編定：乙種建築用地
RPTNMLMKOHKFFHL96DC,吉祥段,15.72,非都市：鄉村區 ; 非都市編定：乙種建築用地
RPTNMLMKOHKFFHL96DC,吉祥段,13.09,非都市：鄉村區 ; 非都市編定：乙種建築用地
RPTNMLMKOHKFFHL96DC,吉祥段,4.19,非都市：鄉村區 ; 非都市編定：乙種建築用地
RPTNMLMKOHKFFHL96DC,吉祥段,.33,非都市：鄉村區 ; 非都市編定：乙種建築用地
RPTNMLMKOHKFFHL96DC,吉祥段,5.27,非都市：鄉村區 ; 非都市編定：乙種建築用地
RPSOMLMKOHKFFCB08DC,田心段,12.09,都市：住
RPTOMLMKOHKFFCB18DC,中義段,7.19,都市：住
RPVNMLNKOHKFFAB08CC,公館段,1.21,都市：住
RPVNMLNKOHKFFAB08CC,公館段,1.04,都市：住
RPPNMLPKOHKFFBB77CC,北屯段,70.00,都市：住
RPPNMLPKOHKFFBB77CC,北屯段,5.55,都市：住
RPPNMLPKOHKFFBB77CC,北屯段,4.45,都市：住
RPUOMLPKOHKFFCB48CC,大進段,102.00,都市：其他
RPPQMLPKOHKFFCB18CC,中正段,2.04,都市：住
RPQQMLPKOHKFFCB28CC,中正段,1.59,都市：住
RPOOMLPKOHKFFBB87DC,北屯段,8.32,都市：住
RPPOMLPKOHKFFBB97DC,賴厝段,6.74,都市：住
RPPOMLPKOHKFFBB97DC,賴厝段,6.74,都市：住
RPRNMLMKOHKFFIL86DC,自強段,72.02,非都市：鄉村區 ; 非都市編定：乙種建築用地
RPVNMLMKOHKFFIL17CC,新東段,85.03,非都市：一般農業區 ; 非都市編定：丙種建築用地
RPUNMLMKOHKFFIL07CC,新東段,64.27,非都市：鄉村區 ; 非都市編定：乙種建築用地
RPWNMLMKOHKFFIL27CC,自強段,72.02,非都市：鄉村區 ; 非都市編定：乙種建築用地
RPRNMLPKOHKFFAL98DC,安康段,90.52,都市：住
RPVOMLQKOHKFFGL47CC,益民段,32.36,都市：其他
RPOOMLQKOHKFFCB97CC,上石碑段,15.57,都市：住
RPWOMLQKOHKFFCB78CC,何安段,4.90,都市：住
RPOPMLQKOHKFFCB08CC,上石碑段,3.97,都市：商
RPQPMLQKOHKFFCB28CC,大新段,6.90,都市：住
RPQPMLQKOHKFFBB18CC,北屯段,6.23,都市：住
RPXPMLQKOHKFFCB98CC,國安段,11.24,都市：住
RPVNMLPKOHKFFFL17CC,摘星段,.00,都市：工
RPPNMLNKOHKFFFL98CC,興華段,9.17,都市：住
RPTPMLRKOHKFFAB48CC,麻園頭段,41.70,都市：商
RPOQMLRKOHKFFAB08CC,麻園頭段,16.83,都市：住
RPRQMLRKOHKFFAB38CC,麻園頭段,16.35,都市：住
RPSQMLRKOHKFFAB48CC,麻園頭段,15.27,都市：住
RPTQMLRKOHKFFAB58CC,麻園頭段,12.54,都市：商
RPWQMLRKOHKFFAB88CC,後子段,6.09,都市：住
RPUNMLRKOHKFFCB58CC,協和段,.00,都市：工
RPRQMLRKOHKFFCB58CC,惠順段,20.67,都市：住
RPTQMLRKOHKFFCB78CC,中正段,5.99,都市：商
RPUQMLRKOHKFFCB88CC,中正段,6.71,都市：商
RPVQMLRKOHKFFCB98CC,中正段,9.82,都市：商
RPPRMLRKOHKFFCB48CC,上石碑段,21.84,都市：住
RPQRMLRKOHKFFCB58CC,大新段,532.00,都市：住
RPSRMLRKOHKFFCB78CC,田心段,44.00,都市：住
RPTRMLRKOHKFFCB88CC,田心段,44.00,都市：住
RPURMLRKOHKFFCB98CC,大新段,11.99,都市：住
RPVRMLRKOHKFFCB09CC,大新段,269.00,都市：住
RPVRMLRKOHKFFCB09CC,大新段,207.00,都市：住
RPTNMLRKOHKFFHL47DC,平欣段,2.09,都市：住
RPQQMLSKOHKFFCB68DC,大新段,22.40,都市：住
RPWNMLRKOHKFFAL96CC,福德段,30.93,都市：住
RPTQMLSKOHKFFCB88CC,中正段,2.63,都市：商
RPUQMLSKOHKFFCB98CC,中正段,5.27,都市：商
RPRRMLSKOHKFFCB78CC,上石碑段,9.73,都市：住
RPQOMLSKOHKFFAB18CC,柳川段一小段,1.13,都市：商
RPQOMLSKOHKFFAB18CC,柳川段一小段,.26,都市：商
RPVPMLSKOHKFFAB78CC,土庫段,5.67,都市：商
RPPQMLSKOHKFFAB28CC,麻園頭段,7.11,都市：商
RPQOMLPKOHKFFBB08DC,軍福段,15.30,都市：住
RPQRMLRKOHKFFBB48CC,邱厝子段,147.00,都市：住
RPQRMLRKOHKFFBB48CC,邱厝子段,83.00,都市：住
RPQRMLRKOHKFFBB48CC,邱厝子段,80.00,都市：住
RPQRMLRKOHKFFBB48CC,邱厝子段,68.00,都市：住
RPQRMLRKOHKFFBB48CC,邱厝子段,68.00,都市：住
RPQRMLRKOHKFFBB48CC,邱厝子段,54.00,都市：住
RPQRMLRKOHKFFBB48CC,邱厝子段,35.00,都市：住
RPQRMLRKOHKFFBB48CC,邱厝子段,65.00,都市：住
RPQRMLRKOHKFFBB48CC,邱厝子段,14.00,都市：住
RPQRMLRKOHKFFBB48CC,邱厝子段,3.00,都市：住
RPQRMLRKOHKFFBB48CC,邱厝子段,15.00,都市：住
RPQRMLRKOHKFFBB48CC,邱厝子段,15.00,都市：住
RPQRMLRKOHKFFBB48CC,邱厝子段,29.00,都市：住
RPQRMLRKOHKFFBB48CC,邱厝子段,40.00,都市：住
RPROMLPKOHKFFBB18DC,邱厝子段,3.30,都市：住
RPOQMLRKOHKFFBB18CC,東正段,18.16,都市：住
RPURMLSKOHKFFBB98CC,松茂段,18.77,都市：住
RPSRMLSKOHKFFBB88DC,陳平段,90.00,都市：住
RPSRMLSKOHKFFBB88DC,陳平段,10.00,都市：住
RPVNMLMKOHKFFBB18DC,水湳段,13.05,都市：住
RPVUMLSKOHKFFBB76CC,東峰段,61.00,都市：住
RPVUMLSKOHKFFBB76CC,東峰段,14.15,都市：住
RPTUMLSKOHKFFBB56CC,大滿段,1.07,都市：住
RPTUMLSKOHKFFBB56CC,大滿段,1.74,都市：住
RPTUMLSKOHKFFBB56CC,大滿段,229.74,都市：住
RPTUMLSKOHKFFBB56CC,大滿段,7.48,都市：住
RPTUMLSKOHKFFBB56CC,大滿段,70.76,都市：住
RPTUMLSKOHKFFBB56CC,大滿段,2.43,都市：住
RPVQMLSKOHKFFBB98CC,平田段,.00,非都市： ; 非都市編定：
RPUSMLRKOHKFFBB98CC,邱厝子段,3.36,都市：商
RPUSMLRKOHKFFBB98CC,賴厝段,4.19,都市：商
RPQTMLRKOHKFFBB68CC,仁美段,919.00,都市：農
RPWPMLMKOHKFFBB38CC,文正段,69.00,都市：住
RPSUMLSKOHKFFBB09CC,錦村段,28.40,都市：商
RPSNMLMLOHKFFHL86CC,新興段,21.46,都市：住
RPRPMLMLOHKFFAB87CC,練武段,14.09,都市：住
RPQPMLMLOHKFFBB87CC,東光段,17.20,都市：住
RPRPMLMLOHKFFBB97CC,東光段,34.41,都市：住
RPSRMLMLOHKFFAB18CC,樹子腳段,6.92,都市：商
RPTNMLNLOHKFFAB97CC,後子段,.00,非都市： ; 非都市編定：
RPTNMLNLOHKFFAB97CC,後子段,.00,非都市： ; 非都市編定：
RPUNMLNLOHKFFAB08CC,後子段,.00,非都市： ; 非都市編定：
RPUNMLNLOHKFFAB08CC,後子段,.00,非都市： ; 非都市編定：
RPUOMLNLOHKFFAB18CC,後子段,.00,非都市： ; 非都市編定：
RPUOMLNLOHKFFAB18CC,後子段,.00,非都市： ; 非都市編定：
RPUOMLNLOHKFFAB18CC,後子段,.00,非都市： ; 非都市編定：
RPUOMLNLOHKFFAB18CC,後子段,.00,非都市： ; 非都市編定：
RPVNMLNLOHKFFAB18CC,麻園頭段,16.30,都市：住
RPROMLNLOHKFFAB87CC,柳川段一小段,1.96,都市：商
RPROMLNLOHKFFAB87CC,柳川段一小段,86.00,都市：商
RPVOMLNLOHKFFAB28CC,柳川段一小段,1.57,都市：商
RPVOMLNLOHKFFAB28CC,柳川段一小段,.36,都市：商
RPWOMLNLOHKFFAB38CC,麻園頭段,18.56,都市：住
RPOPMLNLOHKFFAB67CC,後子段,6.06,都市：住
RPXOMLNLOHKFFAB48CC,大益段,15.82,都市：住
RPWPMLNLOHKFFBB58CC,東峰段,10.24,都市：商
RPSOMLNLOHKFFCB18CC,福星段,26.17,都市：住
RPQNMLNLOHKFFCB87CC,惠國段,23.30,都市：住
RPQPMLNLOHKFFCB08CC,惠國段,.00,非都市： ; 非都市編定：
RPXNMLNLOHKFFCB58CC,下石碑段,17.63,都市：住
RPUPMLNLOHKFFCB48CC,惠民段,22.57,都市：其他
RPVPMLNLOHKFFCB58CC,惠民段,10.21,都市：其他
RPSPMLNLOHKFFCB28CC,上石碑段,3.97,都市：商
RPTNMLNLOHKFFBB18DC,東光段,4.14,都市：住
RPWPMLNLOHKFFCB68CC,惠民段,14.43,都市：其他
RPXNMLMLOHKFFFL17CC,三和段,586.00,都市：農
RPXNMLMLOHKFFFL17CC,三和段,848.00,都市：農
RPXNMLMLOHKFFFL17CC,三和段,32.00,都市：農
RPXNMLMLOHKFFFL17CC,三和段,335.00,都市：農
RPXNMLMLOHKFFFL17CC,三和段,23.00,都市：農
RPXNMLMLOHKFFFL17CC,三和段,10.00,都市：農
RPXPMLNLOHKFFCB78CC,惠民段,14.43,都市：其他
RPWNMLNLOHKFFBB48DC,賴厝段,3.05,都市：住
RPUNMLNLOHKFFCB38DC,中正段,6.91,都市：住
RPSNMLOLOHKFFBB08CC,太祥段,15.94,都市：住
RPRNMLOLOHKFFCB08CC,上石碑段,.00,都市：住
RPOOMLNLOHKFFBB77DC,東正段,4.79,都市：住
RPTOMLPLOHKFFAB28CC,麻園頭段,18.30,都市：商
RPQNMLPLOHKFFCB08CC,鑫大鵬段,141.88,都市：其他
RPUOMLPLOHKFFAB38CC,麻園頭段,12.53,都市：商
RPSPMLPLOHKFFCB48CC,大新段,17.64,都市：住
RPQPMLPLOHKFFCB28CC,信安段,42.17,都市：住
RPPOMLPLOHKFFGL96DC,三民段,73.26,都市：住
RPWPMLQLOHKFFCB98CC,豐功段,23.31,都市：住
RPRNMLQLOHKFFCB38DC,大新段,55.00,都市：住
RPTQMLQLOHKFFCB78CC,上石碑段,9.08,都市：住
RPVQMLQLOHKFFCB98CC,豐功段,59.56,都市：住
RPPRMLQLOHKFFCB48CC,何安段,3.99,都市：住
RPORMLQLOHKFFCB38CC,保安段,14.56,都市：商
RPPPMLQLOHKFFAB08CC,土庫段,6.72,都市：商
RPWNMLQLOHKFFAB58CC,麻園頭段,5265.00,都市：住
RPQNMLKLOHKFFCL58CC,梧棲段,27.36,都市：住
RPRNMLKLOHKFFCL68CC,社口段社口小段,73.00,都市：住
RPRNMLKLOHKFFCL68CC,社口段社口小段,47.00,都市：住
RPRNMLKLOHKFFCL68CC,社口段社口小段,138.00,都市：住
RPVQMLQLOHKFFAB78CC,樹子腳段,91.00,都市：其他
RPRPMLQLOHKFFBB38CC,東峰段,22.82,都市：住
RPQOMLTLOHKFFBB48CC,賴厝段,72.28,都市：住
RPUNMLTLOHKFFAB68CC,萬安段九小段,11.96,都市：住
RPQOMLTLOHKFFAB38CC,公館段,1.40,都市：住
RPQOMLTLOHKFFAB38CC,公館段,1.21,都市：住
RPVNMLTLOHKFFAB78CC,麻園頭段,.00,都市：商
RPTOMLTLOHKFFCB88CC,惠民段,.00,都市：其他
RPWNMLKMOHKFFGL07CC,東湖段,56.45,都市：其他
RPSPMLKMOHKFFCB18DC,大新段,22.80,都市：住
RPTNMLPLOHKFFAL66DC,豐南段,117.19,都市：住
RPUNMLKMOHKFFCL09CC,南勢坑段埔子小段,.56,都市：住
RPUNMLKMOHKFFCL09CC,南勢坑段埔子小段,.47,都市：住
RPUNMLKMOHKFFCL09CC,南勢坑段埔子小段,11.55,都市：住
RPVNMLNLOHKFFAL66DC,車路墘段車路墘小段,4.66,都市：住
RPVNMLNLOHKFFAL66DC,車路墘段車路墘小段,5.92,都市：住
RPXNMLKMOHKFFAB18CC,麻園頭段,3.61,都市：住
RPXNMLKMOHKFFAB18CC,麻園頭段,4.24,都市：住
RPXNMLKMOHKFFAB18CC,麻園頭段,.24,都市：住
RPXNMLKMOHKFFAB18CC,麻園頭段,13.11,都市：住
RPOOMLKMOHKFFAB37CC,麻園頭段,3.61,都市：住
RPOOMLKMOHKFFAB37CC,麻園頭段,4.24,都市：住
RPOOMLKMOHKFFAB37CC,麻園頭段,.24,都市：住
RPOOMLKMOHKFFAB37CC,麻園頭段,13.11,都市：住
RPVNMLKMOHKFFBB08CC,太祥段,13.76,都市：住
RPOOMLKMOHKFFBB47CC,太祥段,13.76,都市：住
RPRPMLKMOHKFFBB87CC,賴厝段,85.00,都市：住
RPQOMLKMOHKFFBB67CC,太祥段,15.94,都市：住
RPROMLKMOHKFFBB77CC,太祥段,19.26,都市：住
RPSOMLKMOHKFFBB87CC,太祥段,13.76,都市：住
RPPOMLKMOHKFFBB57CC,太祥段,15.94,都市：住
RPOQMLKMOHKFFBB67CC,東峰段,10.58,都市：商
RPWPMLKMOHKFFBB38CC,陳平段,30.00,都市：住
RPPNMLOLOHKFFAL68CC,北陽段,76.00,都市：住
RPTNMLOLOHKFFAL56DC,福隆段,133.01,都市：住
RPQNMLLJPHKFFGL98CC,烏日段,33.30,都市：住
RPUNMLTLOHKFFAL07CC,豐村段,429.69,都市：工
RPSNMLMJPHKFFAB67CC,下橋子頭段,.00,非都市： ; 非都市編定：
RPSNMLMJPHKFFAB67CC,下橋子頭段,.00,非都市： ; 非都市編定：
RPTOMLMJPHKFFAB87CC,頂橋子頭段,16.99,都市：商
RPVNMLMJPHKFFCB18CC,文山段,.00,都市：工
RPVOMLMJPHKFFCB28CC,惠民段,.00,都市：其他
RPROMLLJPHKFFBB67CC,東峰段,10.66,都市：商
RPPPMLLJPHKFFBB57CC,錦村段,16.07,都市：住
RPQOMLNJPHKFFAB67CC,下橋子頭段,1.85,都市：商
RPWQMLLJPHKFFBB38CC,平田段,103.00,都市：住
RPXNMLLJPHKFFBB18CC,太祥段,15.94,都市：住
RPROMLNJPHKFFAB77CC,下橋子頭段,1.85,都市：商
RPUPMLNJPHKFFAB18CC,下橋子頭段,1.72,都市：商
RPSPMLNJPHKFFAB97CC,下橋子頭段,1.76,都市：商
RPQPMLNJPHKFFAB77CC,下橋子頭段,1.65,都市：商
RPOPMLMJPHKFFCB67CC,上石碑段,.00,都市：住
RPSQMLNJPHKFFBB18CC,北屯段,93.00,都市：住
RPSNMLNJPHKFFBB87CC,水源段,6.40,都市：住
RPQQMLNJPHKFFBB97CC,東義段,.00,都市：住
RPQNMLOJPHKFFCB87CC,安和段,1136.08,都市：工
RPVOMLQJPHKFFCB68CC,惠順段,17.51,都市：商
RPOOMLQJPHKFFCB97CC,惠安段,72.01,都市：住
RPUNMLQJPHKFFCB48CC,惠安段,72.01,都市：住
RPOPMLQJPHKFFCB08CC,惠國段,.00,都市：其他
RPUNMLNJPHKFFFL86CC,甘潭段,104.46,都市：住
RPVNMLNJPHKFFFL96CC,甘潭段,104.46,都市：住
RPSOMLQJPHKFFCB48DC,豐富段,34.74,都市：其他
RPVOMLQJPHKFFAB58DC,東勢子段,84.00,都市：住
RPTPMLRJPHKFFBB58CC,東光段,.00,都市：商
RPWPMLRJPHKFFBB88CC,賴厝段,3.26,都市：商
RPWPMLRJPHKFFBB88CC,邱厝子段,2.62,都市：商
RPPQMLRJPHKFFBB28CC,北屯段,.00,都市：商
RPPQMLRJPHKFFBB28CC,北屯段,.00,都市：商
RPPQMLRJPHKFFBB28CC,北屯段,.00,都市：商
RPOQMLRJPHKFFBB18CC,北屯段,.00,都市：商
RPOQMLRJPHKFFBB18CC,北屯段,.00,都市：商
RPOQMLRJPHKFFBB18CC,北屯段,.00,都市：商
RPRNMLMJPHKFFAL68DC,福隆段,154.04,都市：住
RPSNMLMJPHKFFAL68CC,大洲段,39.75,都市：住
RPPRMLRJPHKFFBB38CC,乾溝子段,13.71,都市：住
RPPRMLRJPHKFFBB38CC,乾溝子段,.39,都市：住
RPXNMLRJPHKFFCB88CC,中正段,9.73,都市：商
RPWNMLRJPHKFFAB58CC,後子段,.00,都市：住
RPTNMLRJPHKFFCB48CC,惠國段,.00,都市：其他
RPQOMLRJPHKFFCB28CC,中正段,6.24,都市：商
RPSQMLSJPHKFFCB78CC,中正段,5.91,都市：商
RPSNMLSJPHKFFHL37CC,新興段,77.35,都市：住
RPQNMLSJPHKFFHL17CC,福星段,37.74,都市：住
RPPNMLTJPHKFFHL17CC,新興段,.00,都市：住
RPPPMLTJPHKFFBB48DC,軍和段,843.40,都市：住
RPROMLTJPHKFFAL76CC,豐原段,103.00,都市：商
RPVNMLTJPHKFFCB88CC,下石碑段,22.68,都市：住
RPROMLTJPHKFFCB58CC,中仁段,.00,都市：住
RPSOMLTJPHKFFCB78DC,大進段,77.00,都市：住
RPTNMLTJPHKFFCB68CC,國安段,.00,都市：住
RPPNMLMJPHKFFAL38CC,大洲段,39.75,都市：住
RPWNMLNJPHKFFAL66DC,豐原段,34.00,都市：住
RPWNMLNJPHKFFAL66DC,豐原段,31.00,都市：住
RPWNMLNJPHKFFAL66DC,豐原段,99.00,都市：住
RPWNMLNJPHKFFAL66DC,豐原段,3.00,都市：住
RPWNMLNJPHKFFAL66DC,豐原段,54.00,都市：住
RPWNMLTJPHKFFBB88CC,水湳段,35.23,都市：住
RPRPMLTJPHKFFCB68CC,何安段,37.00,都市：住
RPPOMLKKPHKFFBB47CC,東信段,128.00,都市：住
RPPOMLKKPHKFFBB47CC,東信段,62.00,都市：住
RPOOMLKKPHKFFBB37CC,東信段,128.00,都市：住
RPOOMLKKPHKFFBB37CC,東信段,62.00,都市：住
RPROMLTJPHKFFAB38CC,土庫段,170.00,都市：住
RPROMLTJPHKFFAB38CC,土庫段,20.00,都市：住
RPQQMLKKPHKFFBB77CC,東信段,67.00,都市：住
RPSPMLKKPHKFFAB77CC,麻園頭段,15.77,都市：住
RPVNMLKKPHKFFBB97CC,大觀段,.15,都市：住
RPVNMLKKPHKFFBB97CC,大觀段,64.74,都市：住
RPVNMLKKPHKFFBB97CC,大觀段,.52,都市：其他
RPVNMLKKPHKFFBB97CC,大觀段,214.80,都市：住
RPVNMLKKPHKFFBB97CC,大觀段,1469.00,都市：其他
RPVNMLKKPHKFFBB97CC,大觀段,796.77,都市：其他
RPVNMLKKPHKFFBB97CC,大觀段,2.23,都市：住
RPRTMLKKPHKFFCB28CC,大新段,17.64,都市：住
RPWTMLKKPHKFFCB78CC,西屯段,24.70,都市：住
RPXNMLNKPHKFFAB38CC,尚武段,25.90,都市：住
RPORMLKKPHKFFCB87DC,民安段,142.10,都市：住
RPTNMLSJPHKFFBL86CC,平安段,20.03,都市：住
RPRNMLSJPHKFFBL66CC,內水尾段,82.00,非都市：特定農業區 ; 非都市編定：甲種建築用地
RPRQMLNKPHKFFBB18CC,太和段,22.64,都市：住
RPXOMLNKPHKFFAB48CC,下橋子頭段,5.18,都市：商
RPOOMLKKPHKFFGL88CC,大仁段,.00,都市：商
RPXOMLOKPHKFFBB68CC,水湳段,34.91,都市：住
RPOPMLOKPHKFFAB77CC,麻園頭段,.00,都市：商
RPVPMLOKPHKFFBB58CC,乾溝子段,14.59,都市：住
RPPPMLOKPHKFFAB87CC,公館段,1.48,都市：住
RPPPMLOKPHKFFAB87CC,公館段,1.28,都市：住
RPTOMLOKPHKFFCB38CC,惠民段,.00,都市：其他
RPPOMLOKPHKFFCB97CC,中正段,5.67,都市：商
RPQOMLOKPHKFFCB08CC,中正段,5.67,都市：商
RPRPMLOKPHKFFAB08CC,公館段,1.45,都市：住
RPRPMLOKPHKFFAB08CC,公館段,1.26,都市：住
RPPPMLOKPHKFFCB08CC,惠國段,30.40,都市：商
RPXOMLOKPHKFFCB78CC,何厝段,61.88,都市：商
RPWPMLOKPHKFFCB78CC,中和段,11.93,都市：住
RPXOMLPKPHKFFCB98DC,中和段,5.95,都市：商
RPVVMLPKPHKFFBB76DC,錦村段,1516.00,都市：住
RPUVMLPKPHKFFBB66DC,邱厝子段,21.68,都市：商
RPWNMLPKPHKFFCB68CC,惠安段,.00,都市：住
RPWNMLPKPHKFFCB68CC,惠安段,.00,都市：住
RPPNMLOKPHKFFHL86DC,宜欣段,5.02,都市：住
RPTNMLNKPHKFFAL98CC,南陽段,80.52,都市：住
RPSOMLQKPHKFFCB48CC,保安段,18.73,都市：住
RPRNMLOKPHKFFBL98CC,武曲段,413.00,都市：農
RPTPMLQKPHKFFCB68CC,大新段,196.00,都市：住
RPSPMLQKPHKFFCB58CC,國安段,9.52,都市：住
RPWNMLQKPHKFFBB68CC,松昌段,54.09,都市：商
RPQNMLQKPHKFFFL86CC,祥和段,11.51,都市：住
RPUOMLRKPHKFFCB88DC,民安段,181.81,都市：其他
RPWRMLRKPHKFFBB56CC,東正段,36.35,都市：住
RPSRMLRKPHKFFBB88DC,賴厝段,6.11,都市：住
RPVOMLRKPHKFFAB68CC,麻園頭段,.00,都市：商
RPXRMLRKPHKFFCB76CC,上石碑段,.00,都市：住
RPQNMLSKPHKFFAB18CC,下橋子頭段,5.27,都市：商
RPSRMLRKPHKFFCB88CC,大墩段,.00,都市：住
RPRNMLSKPHKFFAB28CC,下橋子頭段,1.83,都市：商
RPTNMLSKPHKFFAB48CC,下橋子頭段,1.83,都市：商
RPRNMLTKPHKFFGL37CC,天時段,119.64,都市：商
RPXNMLKLPHKFFHL27CC,溪洲段,78.00,都市：住
RPWNMLKLPHKFFFL96CC,民生段,13.77,都市：住
RPOOMLKLPHKFFHL09CC,宜欣段,80.00,都市：住
RPTNMLKLPHKFFAB87DC,後子段,30.00,都市：住
RPTNMLKLPHKFFAB87DC,後子段,53.00,都市：住
RPOOMLKLPHKFFAB37CC,頂橋子頭段,79.00,都市：其他
RPOOMLKLPHKFFAB37CC,頂橋子頭段,78.00,都市：其他
RPPOMLKLPHKFFAB47CC,麻園頭段,84.00,都市：住
RPTSMLKLPHKFFCB58DC,國安段,24.97,都市：住
RPQOMLKLPHKFFAB57CC,中民段九小段,53.70,都市：商
RPQOMLKLPHKFFAB57CC,中民段九小段,5.02,都市：商
RPPRMLKLPHKFFCB97CC,惠來厝段,13.64,都市：住
RPVRMLKLPHKFFCB58CC,何厝段,24.41,都市：商
RPWNMLLLPHKFFCB38CC,中正段,6.72,都市：商
RPUOMLLLPHKFFCB28CC,田心段,8.52,都市：住
RPUOMLLLPHKFFCB28CC,田心段,24.75,都市：住
RPWOMLLLPHKFFCB48CC,大新段,22.18,都市：住
RPXNMLLLPHKFFCB48CC,大進段,336.00,都市：住
RPUOMLLLPHKFFBB18CC,東新段,45.34,都市：住
RPSNMLLLPHKFFBB87CC,賴厝段,4.06,都市：商
RPSNMLLLPHKFFBB87CC,邱厝子段,3.26,都市：商
RPOSMLMLPHKFFCB18CC,惠禮段,832.84,都市：商
RPQPMLMLPHKFFBB97CC,松竹段,.00,都市：住
RPRPMLMLPHKFFBB08CC,松竹段,.00,都市：住
RPVNMLMLPHKFFCB38CC,大新段,.00,都市：住
RPPSMLMLPHKFFCB28CC,大新段,12.34,都市：住
RPVNMLNLPHKFFCB48CC,何厝段,160.87,都市：商
RPROMLNLPHKFFBB08CC,乾溝子段,17.05,都市：住
RPROMLNLPHKFFBB08CC,乾溝子段,.49,都市：住
RPWPMLNLPHKFFCB88DC,大墩段,24.56,都市：住
RPOOMLOLPHKFFGL86DC,九德段,65.97,都市：住
RPWOMLOLPHKFFCB78CC,豐功段,96.10,都市：住
RPSNMLOLPHKFFAB08CC,麻園頭段,5.96,都市：商
RPVQMLOLPHKFFCB88CC,惠民段,16.47,都市：住
RPTOMLOLPHKFFBB38CC,賴厝段,286.50,都市：住
RPROMLOLPHKFFAB08CC,後子段,.00,都市：住
RPQNMLPLPHKFFFL86CC,栗林段,208.20,都市：其他
RPTNMLRLPHKFFFL37CC,四維段,14.02,都市：住
RPTNMLRLPHKFFFL37CC,四維段,.46,都市：住
RPSNMLRLPHKFFHL47CC,育賢段,68.97,都市：住
RPRNMLRLPHKFFHL47DC,萬福段,87.72,非都市：鄉村區 ; 非都市編定：乙種建築用地
RPRNMLRLPHKFFFL27DC,工區段,149.51,都市：工
RPUNMLRLPHKFFCB78CC,惠順段,27.78,都市：住
RPTNMLRLPHKFFAB48CC,旱溪段,2.40,都市：住
RPTNMLRLPHKFFAB48CC,旱溪段,69.00,都市：住
RPXPMLRLPHKFFBB56CC,邱厝子段,.00,都市：住
RPOOMLOLPHKFFCL09DC,南簡段,87.00,都市：住
RPUNMLSLPHKFFBB78CC,東信段,22.45,都市：住
RPOOMLRLPHKFFAB08CC,樹子腳段,27.09,都市：住
RPOOMLRLPHKFFAB08CC,樹子腳段,5.04,都市：住
RPRNMLSLPHKFFCB58CC,大新段,44.21,都市：住
RPPOMLSLPHKFFCB48CC,中正段,6.24,都市：商
RPVPMLSLPHKFFCB56CC,惠國段,8.21,都市：其他
RPXQMLSLPHKFFCB86CC,中正段,5.31,都市：商
RPWQMLSLPHKFFCB76CC,上石碑段,5.16,都市：住
RPWQMLSLPHKFFCB76CC,上石碑段,4.62,都市：住
RPQRMLTLPHKFFCB98CC,南屯段,11.69,都市：住
RPURMLTLPHKFFCB76CC,何厝段,23.10,都市：住
RPWRMLTLPHKFFCB96CC,何厝段,23.10,都市：住
RPSOMLTLPHKFFAB68CC,麻園頭段,22.11,都市：住
RPSNMLTLPHKFFBB68CC,水湳段,9.33,都市：住
RPSNMLTLPHKFFBB68CC,水湳段,2.52,都市：住
RPTPMLTLPHKFFAB88CC,麻園頭段,19.59,都市：住
RPSNMLKMPHKFFCB08DC,信安段,17.82,都市：住
RPVPMLKMPHKFFCB58DC,三塊厝段,16.97,都市：住
RPSNMLRLPHKFFFL37DC,聖宮段,18.89,都市：住
RPSNMLKMPHKFFBB97DC,乾溝子段,10.60,都市：住
RPPNMLKMPHKFFCL68CC,光華段,643.69,都市：住
RPPNMLKMPHKFFCL68CC,光華段,72.11,都市：住
RPPNMLKMPHKFFCL68CC,光華段,103.65,都市：住
RPUNMLKMPHKFFBB08CC,賴厝段,8.42,都市：住
RPPOMLTLPHKFFAL86DC,翁明段,90.69,都市：住
RPWOMLKMPHKFFBB38CC,中興段,31.18,都市：住
RPVNMLKMPHKFFBB18CC,中德段,4.72,都市：住
RPUOMLKMPHKFFBB18CC,平田段,16.07,都市：住
RPUOMLKMPHKFFBB18CC,平田段,2.96,都市：住
RPQOMLKMPHKFFCB87CC,國安段,14.78,都市：住
RPWOMLLMPHKFFCB58CC,中和段,8.21,都市：住
RPSPMLLMPHKFFCB28CC,保安段,6.61,都市：住
RPQPMLLMPHKFFCB08CC,黎明段,11.12,都市：住
RPPOMLLMPHKFFBB77CC,邱厝子段,21.00,都市：住
RPPOMLLMPHKFFBB77CC,邱厝子段,102.00,都市：住
RPPOMLLMPHKFFBB77CC,邱厝子段,20.00,都市：住
RPPOMLLMPHKFFBB77CC,邱厝子段,48.00,都市：住
RPPSMLLMPHKFFBB18CC,北屯段,71.00,都市：住
RPRQMLLMPHKFFBB18CC,同榮段,57.00,都市：住
RPUNMLLMPHKFFFL96CC,自立段,60.00,都市：住
RPPPMLLMPHKFFCB08DC,惠信段,601.01,都市：住
RPWNMLLMPHKFFGL27CC,長春段,.00,都市：住
RPWOMLKMPHKFFAB28CC,麻園頭段,14.91,都市：住
RPTOMLKMPHKFFAB08DC,半平厝段,17.32,都市：住
RPUOMLKMPHKFFAB18DC,公館段,18.85,都市：住
