﻿鄉鎮市區,交易標的,土地區段位置建物區段門牌,土地面積平方公尺,都市土地使用分區,非都市土地使用分區,非都市土地使用編定,租賃年月日,租賃筆棟數,租賃層次,總樓層數,建物型態,主要用途,主要建材,建築完成年月,建物總面積平方公尺,建物現況格局-房,建物現況格局-廳,建物現況格局-衛,建物現況格局-隔間,有無管理組織,有無附傢俱,總額元,單價元平方公尺,車位類別,車位面積平方公尺,車位總額元,備註,編號
The villages and towns urban district,transaction sign,land sector position building sector house number plate,land shifting total area square meter,the use zoning or compiles and checks,the non-metropolis land use district,non-metropolis land use,transaction year month and day,transaction pen number,shifting level,total floor number,building state,main use,main building materials,construction to complete the years,building shifting total area,Building present situation pattern - room,building present situation pattern - hall,building present situation pattern - health,building present situation pattern - compartmented,Whether there is manages the organization,Whether there is attaches the furniture,total price NTD,the unit price (NTD / square meter),the berth category,berth shifting total area square meter,the berth total price NTD,the note,serial number
東區,房地(土地+建物),臺南市東區長榮路二段31~60號,262.0,住,,,1040429,土地2建物1車位0,一層,1,店面(店鋪),見其他登記事項,見其他登記事項,0900524,156.13,0,0,0,無,無,無,80000,512,,0.0,0,,RPTNMLLJNHKFFCD87CC
永康區,建物,臺南市永康區復華里復華八街51巷31~60號,0.0,住,,,1040429,土地0建物1車位0,八層,10,華廈(10層含以下有電梯),住家用,鋼筋混凝土造,0850426,44.96,3,1,1,有,無,有,11500,256,,0.0,0,,RPVOMLLJNHKFFHR47CC
南區,建物,臺南市南區國華街一段56巷1~30號,0.0,住,,,1040430,土地0建物1車位0,全,3,透天厝,住家用,鋼筋混凝土構造,0820108,81.56,3,2,3,有,無,有,11500,141,,0.0,0,,RPQNMLMJNHKFFCD67CC
南區,建物,臺南市南區大同路二段136巷1~30號,0.0,住,,,1040430,土地0建物1車位0,十一層,13,住宅大樓(11層含以上有電梯),見其他登記事項,鋼筋混凝土構造,0881021,146.11,3,2,2,有,無,有,12000,82,,0.0,0,,RPRNMLMJNHKFFCD77CC
東區,建物,臺南市東區林森路一段153巷15弄1~30號,0.0,住,,,1040430,土地0建物1車位0,九層,15,住宅大樓(11層含以上有電梯),住家用,鋼筋混凝土構造,0811022,145.25,4,1,2,有,有,有,14000,96,,0.0,0,,RPSNMLMJNHKFFCD87CC
中西區,建物,臺南市中西區健康路一段390巷31~60號,0.0,住,,,1040429,土地0建物1車位0,四層,7,華廈(10層含以下有電梯),住家用,鋼筋混凝土構造,0721210,102.46,3,2,2,有,無,有,12600,123,,0.0,0,,RPRNMLMJNHKFFAD57CC
北區,建物,臺南市北區成功路1~30號,0.0,住,,,1040429,土地0建物1車位0,十一層,14,套房(1房1廳1衛),住家用,鋼筋混凝土構造,0731228,42.25,1,0,1,有,無,有,6000,142,,0.0,0,,RPSNMLMJNHKFFAD67CC
永康區,建物,臺南市永康區中華路661巷1~30號,0.0,住,,,1040423,土地0建物1車位0,一層,6,華廈(10層含以下有電梯),見其他登記事項,鋼筋混凝土造,0830113,157.13,1,0,1,有,無,有,15000,95,,0.0,0,,RPPNMLOJNHKFFHR07CC
佳里區,房地(土地+建物),臺南市佳里區自由街121~150號,76.0,住,,,1040503,土地1建物1車位0,全,4,透天厝,住商用,鋼筋混凝土造,0710803,212.86,5,2,3,有,無,無,10000,47,,0.0,0,,RPPNMLOJNHKFFDR66CC
新市區,房地(土地+建物),臺南市新市區忠孝路227巷1~30號,22.1,住,,,1040505,土地1建物1車位0,七層,7,華廈(10層含以下有電梯),住家用,鋼筋混凝土造,0810805,116.0,3,2,2,有,有,有,10000,86,,0.0,0,,RPTNMLPJNHKFFER27CC
永康區,房地(土地+建物),臺南市永康區成功路61~90號,24.8,住,,,1040426,土地1建物1車位0,見其他登記事項,7,華廈(10層含以下有電梯),住家用,鋼筋混凝土造,0801218,119.60000000000001,2,2,1,有,無,無,13000,109,,0.0,0,,RPTNMLQJNHKFFHR67CC
永康區,建物,臺南市永康區復國一路361~390號,0.0,住,,,1040424,土地0建物1車位0,一層,12,住宅大樓(11層含以上有電梯),住商用,鋼筋混凝土造,0820430,176.64,2,2,3,有,無,有,15000,85,,0.0,0,1.租賃契約書無填寫土地租賃面積。2.由所有權人提供租屋資訊。3.租賃樓層為1~3樓。,RPRPMLQJNHKFFHR67CC
仁德區,建物,臺南市仁德區田厝一街202巷1~30號,0.0,,特定農業區,甲種建築用地,1040407,土地0建物1車位0,全,4,透天厝,住家用,鋼筋混凝土造,0821208,210.9,4,1,4,有,無,有,15000,71,,0.0,0,1.租賃契約書無填寫土地租賃面積。2.由所有權人提供租屋資訊。3.都市土地使用分區為：住家。,RPUNMLQJNHKFFFR57CC
安平區,土地,石門段1171~1200地號,97.19,住,,,1040506,土地1建物0車位0,,,其他,,,,0.0,0,0,0,有,無,無,6000,62,,0.0,0,,RPPPMLQJNHKFFAD08DC
安平區,建物,臺南市安平區建平九街60巷31~60號,0.0,住,,,1040421,土地0建物1車位0,六層,6,華廈(10層含以下有電梯),住家用,鋼筋混凝土構造,0820107,118.92,3,1,2,有,有,有,6600,55,,0.0,0,,RPWOMLQJNHKFFAD58CC
東區,房地(土地+建物),臺南市東區長榮路二段32巷31~60號,60.0,住,,,1040501,土地1建物1車位0,全,2,透天厝,住家用,加強磚造,0561009,115.88,4,1,2,有,無,無,10000,86,,0.0,0,,RPWNMLQJNHKFFCD68CC
南區,建物,臺南市南區金華路二段301~330號,0.0,商,,,1040428,土地0建物1車位0,四層,6,華廈(10層含以下有電梯),住商用,鋼筋混凝土構造,0790511,211.6,0,0,1,有,無,有,12900,61,,0.0,0,,RPSOMLQJNHKFFCD38CC
東區,建物,臺南市東區中華東路一段1~30號,0.0,住,,,1040418,土地0建物1車位0,五層,14,套房(1房1廳1衛),住家用,見其他登記事項,0930712,50.72,1,1,1,有,有,有,12000,237,,0.0,0,,RPUOMLQJNHKFFCD58CC
東區,建物,臺南市東區光明街102巷1~30號,0.0,住,,,1040429,土地0建物1車位0,二層,12,住宅大樓(11層含以上有電梯),國民住宅,鋼筋混凝土構造,0881116,139.53,5,1,3,有,有,有,19000,136,,0.0,0,,RPRNMLRJNHKFFCD28CC
東區,房地(土地+建物),臺南市東區崇德三街1~30號,12.85,其他,,,1040506,土地1建物1車位0,十三層,16,住宅大樓(11層含以上有電梯),住家用,鋼筋混凝土構造,0860508,81.87,3,2,2,有,無,有,16000,195,,0.0,0,,RPUNMLRJNHKFFCD58CC
東區,建物,臺南市東區東興路199巷1~30號,0.0,住,,,1040430,土地0建物1車位0,五層,12,套房(1房1廳1衛),國民住宅,鋼筋混凝土構造,0881116,132.25,1,0,1,有,有,有,6300,48,,0.0,0,,RPVNMLRJNHKFFCD68CC
東區,建物,臺南市東區小東路241~270號,0.0,住,,,1040503,土地0建物1車位0,十四層,25,住宅大樓(11層含以上有電梯),住家用,鋼筋混凝土構造,0840106,127.03,4,2,2,有,有,有,16000,126,,0.0,0,,RPXNMLRJNHKFFCD88CC
南區,建物,臺南市南區大同路二段406巷1~30號,0.0,住,,,1040503,土地0建物1車位0,三層,5,公寓(5樓含以下無電梯),住家用,鋼筋混凝土構造,0710511,115.58999999999999,3,2,2,有,有,有,13000,112,,0.0,0,,RPOOMLRJNHKFFCD08CC
東區,建物,臺南市東區崇善一街3巷1~30號,0.0,住,,,1040504,土地0建物1車位0,全,3,透天厝,住商用,鋼筋混凝土構造,0700124,169.58,6,2,3,有,無,有,22000,130,,0.0,0,,RPROMLRJNHKFFCD38CC
東區,建物,臺南市東區崇善路541~570號,0.0,住,,,1040505,土地0建物1車位0,八層,8,華廈(10層含以下有電梯),住家用,鋼筋混凝土構造,0831206,159.65,2,1,2,有,有,有,13000,81,,0.0,0,,RPTOMLRJNHKFFCD58CC
東區,建物,臺南市東區東興路314巷31~60號,0.0,住,,,1040411,土地0建物1車位0,全,3,透天厝,住家用,鋼筋混凝土構造,0731017,166.17,8,1,6,有,無,有,25000,150,,0.0,0,,RPQPMLRJNHKFFCD38CC
東區,房地(土地+建物),臺南市東區中華東路二段151~180號,3.81,住,,,1040408,土地1建物1車位0,十四層,14,套房(1房1廳1衛),住家用,鋼筋混凝土構造,0970229,40.74,1,1,1,有,有,有,10080,247,,0.0,0,租金含管理費、網路、第四台及稅金,RPVPMLRJNHKFFCD88CC
安平區,建物,臺南市安平區育平五街1~30號,0.0,住,,,1040428,土地0建物1車位0,十七層,22,住宅大樓(11層含以上有電梯),住家用,鋼筋混凝土構造,0861021,185.62,3,1,2,有,有,有,19000,102,升降機械,0.0,0,,RPTNMLRJNHKFFAD28CC
仁德區,建物,臺南市仁德區勝利路132巷12弄1~30號,0.0,工,,,1040428,土地0建物1車位0,倉庫,1,工廠,工業用,見其他登記事項,1010703,201.38,1,0,0,有,無,有,35000,,,0.0,0,1.租賃契約書無填寫土地租賃面積2.由所有權人提供租屋資訊3.租賃物為廠房,RPPNMLRJNHKFFFR17CC
仁德區,房地(土地+建物),臺南市仁德區中山路687巷31~60號,103.41,商,,,1040501,土地1建物1車位0,全,4,透天厝,住商用,鋼筋混凝土造,0960215,137.83,5,2,4,有,無,有,23000,167,,0.0,0,,RPPOMLRJNHKFFFR27CC
東區,建物,臺南市東區中華東路二段185巷1~30號,0.0,商,,,1040501,土地0建物1車位0,一層,20,住宅大樓(11層含以上有電梯),商業用,鋼筋混凝土構造,0841106,95.80000000000001,1,1,2,有,無,無,15000,157,,0.0,0,,RPWNMLRJNHKFFCD98EC
永康區,建物,臺南市永康區中華路912巷31~60號,0.0,住,,,1040430,土地0建物1車位0,六層,7,華廈(10層含以下有電梯),住家用,鋼筋混凝土造,0830328,71.57000000000001,3,1,1,有,有,有,10000,140,,0.0,0,,RPRNMLRJNHKFFHR57CC
新市區,建物,臺南市新市區社內1~30號,0.0,住,,,1040429,土地0建物1車位0,全,3,透天厝,住家用,鋼筋混凝土造,0810721,183.07,6,1,3,有,無,有,15000,82,,0.0,0,1.租賃契約書無填寫土地租賃面積2.由所有權人提供租屋資訊,RPSNMLRJNHKFFER37CC
安南區,建物,臺南市安南區海佃路四段55巷31~60號,0.0,住,,,1040427,土地0建物1車位0,全,2,透天厝,住家用,加強磚造,0750925,126.42,5,2,2,有,無,無,10500,83,,0.0,0,,RPXNMLSJNHKFFBD88CC
麻豆區,房地(土地+建物),臺南市麻豆區麻學路一段91~120號,71.0,其他,,,1040506,土地1建物1車位0,全,3,透天厝,住家用,鋼筋混凝土造,0731220,162.43,4,2,3,有,無,無,12000,74,,0.0,0,,RPSNMLSJNHKFFCR27CC
北區,建物,臺南市北區北園街8巷1~30號,0.0,住,,,1040504,土地0建物1車位0,十一層,19,住宅大樓(11層含以上有電梯),住家用,鋼筋混凝土構造,0851202,28.24,1,0,1,有,有,有,7000,248,,0.0,0,,RPQOMLSJNHKFFAD18CC
安南區,房地(土地+建物),臺南市安南區義安街242巷31~60號,397.0,其他,,,1040505,土地1建物1車位0,見其他登記事項,3,工廠,農舍,鋼筋混凝土造,0860222,511.91,4,0,1,有,無,無,28000,,,0.0,0,,RPRNMLTJNHKFFBD38CC
永康區,建物,臺南市永康區中華路134巷56弄1~30號,0.0,住,,,1040507,土地0建物1車位0,全,1,透天厝,住家用,磚造,,52.27,3,2,3,有,無,有,15000,287,,0.0,0,,RPVNMLLKNHKFFHR47CC
永康區,建物,臺南市永康區中正路211~240號,0.0,住,,,1040509,土地0建物1車位0,十一層,11,住宅大樓(11層含以上有電梯),住家用,鋼筋混凝土造,0801024,125.98,2,1,1,有,有,無,8500,67,,0.0,0,1.合約書無填具土地租賃面積.2.由所有權人提供出租資訊.3.租金已包含車位,RPQPMLLKNHKFFHR17CC
仁德區,建物,臺南市仁德區德崙路77巷61~90號,0.0,住,,,1040501,土地0建物1車位0,二層,5,公寓(5樓含以下無電梯),住家用,鋼筋混凝土造,0830625,50.32,2,1,1,有,有,有,6000,119,,0.0,0,1.租賃契約書無填寫土地租賃面積2.由所有權人提供租屋資訊,RPWNMLLKNHKFFFR37CC
北區,建物,臺南市北區成功路361~390號,0.0,住,,,1040504,土地0建物1車位0,七層,12,套房(1房1廳1衛),住家用,鋼筋混凝土構造,0711012,56.92,1,1,1,有,有,有,5250,92,,0.0,0,,RPTNMLLKNHKFFAD77CC
北區,建物,臺南市北區公園南路362巷1~30號,0.0,住,,,1040507,土地0建物1車位0,二十二層,25,住宅大樓(11層含以上有電梯),住家用,鋼筋混凝土構造,0840104,123.71,3,2,2,有,有,有,14000,113,,0.0,0,,RPUNMLLKNHKFFAD87CC
安平區,建物,臺南市安平區永華八街211~240號,0.0,住,,,1040508,土地0建物1車位0,五層,9,華廈(10層含以下有電梯),住家用,鋼筋混凝土構造,0831107,129.91,3,2,2,有,有,有,12000,92,,0.0,0,,RPVNMLLKNHKFFAD97CC
南區,建物,臺南市南區大同路二段406巷12弄1~30號,0.0,住,,,1040503,土地0建物1車位0,四層,5,公寓(5樓含以下無電梯),住家用,鋼筋混凝土構造,0710217,87.09,3,1,1,有,有,有,13000,149,,0.0,0,,RPRNMLLKNHKFFCD77CC
安平區,建物,臺南市安平區健康三街181~210號,0.0,住,,,1040428,土地0建物1車位0,見其他登記事項,17,店面(店鋪),住商用,鋼筋混凝土構造,0850907,186.09,0,0,0,無,有,無,50000,269,,0.0,0,,RPVOMLMKNHKFFAD18CC
永康區,房地(土地+建物),臺南市永康區大橋一街324巷117弄1~30號,67.0,住,,,1040512,土地1建物1車位0,全,2,透天厝,住家用,加強磚造,0690728,83.7,4,1,1,有,無,無,10000,119,,0.0,0,,RPWNMLNKNHKFFHR77CC
安南區,房地(土地+建物),臺南市安南區安昌街174巷181~210號,83.45,商,,,1040501,土地1建物1車位0,一層,3,店面(店鋪),住商用,鋼筋混凝土構造,1021122,47.85,0,1,1,有,無,無,15000,313,,0.0,0,,RPUNMLNKNHKFFBD18CC
新市區,房地(土地+建物),臺南市新市區中正路31~60號,66.87,其他,,,1040513,土地1建物1車位0,全,2,透天厝,住家用,加強磚造,0680401,100.38,8,0,7,有,無,有,25000,249,,0.0,0,,RPUNMLOKNHKFFER37CC
永康區,房地(土地+建物),臺南市永康區中華二路181~210號,106.0,住,,,1040428,土地1建物1車位0,全,4,透天厝,見其他登記事項,見其他登記事項,1030409,266.64,4,3,6,有,無,無,50000,188,,0.0,0,,RPUOMLOKNHKFFHR77CC
永康區,房地(土地+建物),臺南市永康區中華路7巷1~30號,0.0,住,,,1040501,土地1建物1車位0,十六層,19,住宅大樓(11層含以上有電梯),見其他登記事項,見其他登記事項,1010817,79.62,2,2,1,有,無,無,18000,226,,0.0,0,租賃合約書無填寫土地租賃.租金包含管理費,RPVOMLOKNHKFFHR87CC
中西區,房地(土地+建物),臺南市中西區大同路一段91~120號,60.0,商,,,1040506,土地1建物1車位0,見其他登記事項,2,店面(店鋪),住商用,磚造,0510101,104.32,2,1,2,有,無,有,22000,211,,0.0,0,,RPQNMLOKNHKFFAD87DC
中西區,房地(土地+建物),臺南市中西區北門路一段123巷31~60號,0.0,住,,,1040511,土地1建物1車位0,三層,5,公寓(5樓含以下無電梯),住家用,鋼筋混凝土構造,0801228,37.85,2,1,1,有,無,有,6500,172,,0.0,0,,RPPOMLOKNHKFFAD77CC
中西區,建物,臺南市中西區民權路三段400巷1~30號,0.0,住,,,1040510,土地0建物1車位0,九層,10,華廈(10層含以下有電梯),見其他登記事項,鋼筋混凝土構造,0880730,151.55,3,2,2,有,有,有,21000,139,,0.0,0,,RPQNMLPKNHKFFAD87CC
安平區,建物,臺南市安平區育平五街61~90號,0.0,住,,,1040512,土地0建物1車位0,三層,27,住宅大樓(11層含以上有電梯),住家用,鋼筋混凝土構造,0850213,121.46,3,2,1,有,有,有,17000,140,,0.0,0,,RPRNMLPKNHKFFAD97CC
東區,房地(土地+建物),臺南市東區東興路31~60號,41.1,商,,,1040513,土地2建物1車位0,見其他登記事項,5,公寓(5樓含以下無電梯),住商用,鋼筋混凝土構造,0701103,161.23,4,2,2,有,無,無,10000,62,,0.0,0,,RPXOMLPKNHKFFCD88CC
安南區,土地,安和段511~540地號,388.08,工,,,1040501,土地1建物0車位0,,,其他,,,,0.0,0,0,0,有,無,有,36000,93,,0.0,0,,RPSNMLPKNHKFFBD18CC
中西區,房地(土地+建物),臺南市中西區北門路一段123巷31~60號,504.69,商,,,1040505,土地1建物1車位0,三層,6,華廈(10層含以下有電梯),住家用,鋼筋混凝土構造,0721124,67.06,3,2,2,有,無,有,9000,134,,0.0,0,,RPQNMLRKNHKFFAD08CC
北區,房地(土地+建物),臺南市北區文成五街61~90號,157.78,住,,,1040422,土地1建物1車位0,全,4,透天厝,見其他登記事項,見其他登記事項,0940419,327.03,5,4,8,有,無,有,55000,168,,0.0,0,,RPRNMLRKNHKFFAD18CC
安平區,建物,臺南市安平區國平路571~600號,0.0,住,,,1040514,土地0建物1車位0,十一層,14,住宅大樓(11層含以上有電梯),見其他登記事項,見其他登記事項,0950406,107.78999999999999,3,2,2,有,有,有,15000,139,,0.0,0,,RPSNMLSKNHKFFAD38CC
南區,建物,臺南市南區金華路二段121~150號,0.0,住,,,1040424,土地0建物1車位0,見其他登記事項,1,店面(店鋪),商業用,見其他登記事項,0750904,82.81,0,0,0,無,無,無,55000,664,,0.0,0,租賃範圍:含未保存登記建物1+2樓，面積約168平方米左右,RPTNMLSKNHKFFCD68CC
東區,房地(土地+建物),臺南市東區崇善路151~180號,5.67,住,,,1040423,土地1建物1車位0,三層,7,公寓(5樓含以下無電梯),住家用,鋼筋混凝土構造,0800121,24.93,1,1,1,有,無,有,5000,201,,0.0,0,,RPQOMLSKNHKFFCD48CC
永康區,房地(土地+建物),臺南市永康區中正北路421~450號,94.0,住,,,1040501,土地1建物1車位0,全,3,透天厝,見其他登記事項,鋼筋混凝土造,0700527,190.06,6,2,3,有,無,無,23000,121,,0.0,0,,RPUNMLSKNHKFFHR08CC
安南區,建物,臺南市安南區大安街68巷31~60號,84.08,商,,,1040414,土地0建物1車位0,見其他登記事項,2,店面(店鋪),住商用,加強磚造,0711022,101.9,3,2,4,有,無,無,17000,167,,0.0,0,,RPVNMLTKNHKFFBD88CC
南區,建物,臺南市南區大同路二段406巷1~30號,0.0,住,,,1040518,土地0建物1車位0,五層,5,公寓(5樓含以下無電梯),住家用,鋼筋混凝土構造,0710226,100.25,3,2,2,有,無,有,10500,105,,0.0,0,,RPVNMLTKNHKFFCD98CC
東區,房地(土地+建物),臺南市東區富農街二段79巷1~30號,23.79,住,,,1040423,土地1建物1車位0,二層,5,公寓(5樓含以下無電梯),住家用,鋼筋混凝土構造,0681214,67.91,3,2,1,有,無,有,10000,147,,0.0,0,,RPSQMLKLNHKFFCD18CC
北區,房地(土地+建物),臺南市北區西門路四段481~510號,86.82,住,,,1040501,土地1建物1車位0,全,5,透天厝,見其他登記事項,鋼筋混凝土構造,0950102,250.89,4,2,2,有,無,有,35000,140,,0.0,0,,RPRNMLKLNHKFFAD57CC
中西區,建物,臺南市中西區大智街121~150號,0.0,住,,,1040518,土地0建物1車位0,全,2,透天厝,住家用,磚造,0500101,81.12,4,1,3,有,無,有,20000,247,,0.0,0,,RPSNMLKLNHKFFAD67CC
東區,建物,臺南市東區東安路31~60號,0.0,住,,,1040520,土地0建物1車位0,五層,7,華廈(10層含以下有電梯),住家用,鋼筋混凝土構造,0701224,90.1,3,2,2,有,有,有,10000,111,,0.0,0,,RPUNMLLLNHKFFCD18CC
善化區,建物,臺南市善化區小新里成功新村61~90號,0.0,住,,,1040519,土地0建物1車位0,八層,8,華廈(10層含以下有電梯),住家用,鋼筋混凝土造,0830923,154.05,4,2,2,有,有,有,18000,117,,0.0,0,1.合約書無填具土地租賃面積.2.由所有權人提供出租資訊.3.有附冷氣,RPWNMLLLNHKFFER37CC
善化區,房地(土地+建物),臺南市善化區民生路421~450號,108.79,其他,,,1040522,土地1建物1車位0,全,3,透天厝,住商用,鋼筋混凝土造,0730511,194.07,5,2,3,有,無,無,26000,134,,0.0,0,,RPQOMLMLNHKFFER96CC
北區,建物,臺南市北區文賢路541~570號,125.93,住,,,1040516,土地0建物1車位0,全,4,透天厝,住家用,加強磚造,0640107,381.64,5,3,5,有,無,有,38000,100,,0.0,0,,RPVNMLMLNHKFFAD28DC
南區,建物,臺南市南區健康路二段271~300號,0.0,住,,,1040521,土地0建物1車位0,全,2,透天厝,住商用,見其他登記事項,0820705,154.18,2,0,2,有,無,有,33000,214,,0.0,0,,RPPNMLMLNHKFFCD77CC
北區,房地(土地+建物),臺南市北區林森路三段151~180號,362.0,住,,,1040501,土地1建物1車位0,全,3,透天厝,見其他登記事項,見其他登記事項,1021029,782.62,0,0,0,無,無,無,150000,192,,0.0,0,,RPUOMLMLNHKFFAD18CC
中西區,建物,臺南市中西區西華南街31~60號,0.0,住,,,1040523,土地0建物1車位0,十一層,15,住宅大樓(11層含以上有電梯),見其他登記事項,鋼筋混凝土構造,0971006,190.3,2,2,2,有,有,有,30000,158,,0.0,0,,RPWOMLPLNHKFFAD68CC
南區,建物,臺南市南區健康路二段331~360號,0.0,住,,,1040521,土地0建物1車位0,一層,4,店面(店鋪),住商用,鋼筋混凝土構造,0770530,153.06,0,0,0,無,無,無,30000,196,,0.0,0,,RPVNMLPLNHKFFCD68CC
麻豆區,房地(土地+建物),臺南市麻豆區文昌路1~30號,19.76,其他,,,1040522,土地2建物1車位0,四層,4,華廈(10層含以下有電梯),住家用,鋼筋混凝土造,0840310,85.23,3,2,2,有,有,有,10000,117,,0.0,0,,RPUNMLPLNHKFFCR37CC
安南區,土地,海前段961~990地號,27138.26,其他,,,1040427,土地1建物0車位0,,,其他,,,,0.0,0,0,0,有,無,有,43680,2,,0.0,0,,RPUNMLQLNHKFFBD58CC
東區,建物,臺南市東區龍山街91~120號,0.0,住,,,1040428,土地0建物1車位0,十層,14,住宅大樓(11層含以上有電梯),住家用,鋼筋混凝土構造,0960906,118.06,3,1,2,有,有,有,25000,212,,0.0,0,,RPPNMLQLNHKFFCD18CC
新市區,房地(土地+建物),臺南市新市區光華街31~60號,933.86,其他,,,1040526,土地1建物2車位0,一層,3,廠辦,見其他登記事項,鋼筋混凝土加強磚造,0780712,494.12,0,0,0,無,無,無,19980,40,,0.0,0,,RPPNMLRLNHKFFER27CC
永康區,建物,臺南市永康區區勝學路260巷1~30號,0.0,住,,,1040526,土地0建物1車位0,五層,12,住宅大樓(11層含以上有電梯),住家用,鋼筋混凝土造,0880426,100.07,3,2,2,有,有,有,15000,150,,0.0,0,,RPSNMLSLNHKFFHR97CC
南區,建物,臺南市南區水交社路80巷31~60號,0.0,住,,,1040527,土地0建物1車位0,二層,7,華廈(10層含以下有電梯),見其他登記事項,鋼筋混凝土構造,1031016,152.5,3,2,2,有,有,無,20000,131,,0.0,0,1.合約書無填具土地租賃面積.2.由所有權人提供出租資訊.3.租金已包含車位,RPVNMLSLNHKFFCD98CC
南區,建物,臺南市南區大成路二段177巷31~60號,0.0,住,,,1040527,土地0建物1車位0,全,3,透天厝,住商用,鋼筋混凝土構造,0761020,243.73,4,2,5,有,無,有,22000,90,,0.0,0,,RPWNMLSLNHKFFCD09CC
安平區,土地,新南段241~270地號,197.37,住,,,1040507,土地1建物0車位0,,,其他,,,,0.0,0,0,0,有,無,有,55000,279,,0.0,0,,RPVNMLSLNHKFFAD78CC
北區,房地(土地+建物),臺南市北區公園南路361~390號,3.26,住,,,1040501,土地1建物1車位0,十二層,14,住宅大樓(11層含以上有電梯),見其他登記事項,見其他登記事項,0960824,29.54,1,0,1,有,有,有,8000,271,,0.0,0,,RPOOMLTLNHKFFAD28CC
東區,房地(土地+建物),臺南市東區中華東路二段151~180號,3.17,住,,,1040501,土地1建物1車位0,十三層,14,套房(1房1廳1衛),住家用,鋼筋混凝土構造,0970229,35.12,1,0,1,有,有,有,9659,275,,0.0,0,租金含管理費+網路+第四台+稅金,RPTOMLTLNHKFFCD98CC
南區,建物,臺南市南區健康路二段331~360號,0.0,住,,,1040528,土地0建物1車位0,全,4,透天厝,住商用,鋼筋混凝土構造,0770530,164.92,6,2,4,有,無,無,15000,91,,0.0,0,,RPQNMLKMNHKFFCD77CC
南區,建物,臺南市南區公英六街31~60號,0.0,住,,,1040528,土地0建物1車位0,全,2,透天厝,住家用,加強磚造,0601016,55.44,3,2,1,有,無,有,7000,126,,0.0,0,,RPSNMLKMNHKFFCD97CC
東區,建物,臺南市東區中華東路一段207巷1~30號,0.0,商,,,1040528,土地0建物1車位0,見其他登記事項,3,套房(1房1廳1衛),住家用,鋼筋混凝土構造,0750515,33.05,1,0,1,有,無,有,9000,272,,0.0,0,,RPTNMLKMNHKFFCD08CC
東區,建物,臺南市東區大同路一段241巷1~30號,0.0,住,,,1040529,土地0建物1車位0,三層,5,套房(1房1廳1衛),住家用,鋼筋混凝土構造,0830512,31.53,1,1,1,有,無,有,6000,190,,0.0,0,,RPUNMLKMNHKFFCD18CC
中西區,建物,臺南市中西區大智街61~90號,0.0,商,,,1040528,土地0建物1車位0,五層,7,華廈(10層含以下有電梯),住家用,鋼筋混凝土構造,0711119,66.89,2,1,1,有,無,有,7500,112,,0.0,0,,RPTNMLKMNHKFFAD87CC
中西區,房地(土地+建物),臺南市中西區民生路二段361~390號,35.88,其他,,,1040501,土地1建物1車位0,十三層,13,住宅大樓(11層含以上有電梯),見其他登記事項,鋼筋混凝土構造,0880716,130.48,4,2,2,有,無,有,31200,239,,0.0,0,,RPPNMLLMNHKFFAD57CC
中西區,房地(土地+建物),臺南市中西區興華街1~30號,0.0,住,,,1040526,土地2建物1車位0,四層,6,華廈(10層含以下有電梯),住家用,鋼筋混凝土構造,0780911,112.17,3,2,2,有,無,有,12500,111,,0.0,0,,RPPOMLLMNHKFFAD67CC
東區,房地(土地+建物),臺南市東區東寧路538巷1~30號,0.0,住,,,1040514,土地1建物1車位0,六層,7,華廈(10層含以下有電梯),住家用,鋼筋混凝土構造,0780425,15.65,1,0,1,有,無,有,4500,288,,0.0,0,,RPQNMLLMNHKFFCD87CC
安平區,房地(土地+建物),臺南市安平區建平八街450巷1~30號,15.28,住,,,1040515,土地1建物1車位0,見其他登記事項,9,華廈(10層含以下有電梯),住商用,鋼筋混凝土構造,0830330,99.91,2,1,2,有,有,有,16000,160,,0.0,0,,RPXNMLLJOHKFFAD18CC
北區,建物,臺南市北區開元路485巷41弄1~30號,0.0,住,,,1040530,土地0建物1車位0,二層,14,華廈(10層含以下有電梯),見其他登記事項,鋼筋混凝土構造,0891120,54.09,1,0,1,有,有,有,7000,129,,0.0,0,,RPQNMLMJOHKFFAD57CC
北區,建物,臺南市北區北成路1~30號,0.0,住,,,1040601,土地0建物1車位0,十三層,14,住宅大樓(11層含以上有電梯),見其他登記事項,鋼筋混凝土構造,0881106,116.53,3,2,2,有,有,無,10000,86,,0.0,0,,RPSOMLMJOHKFFAD87CC
新市區,房地(土地+建物),臺南市新市區銘傳街61~90號,87.5,住,,,1040601,土地1建物1車位0,全,4,透天厝,見其他登記事項,鋼筋混凝土造,1020115,244.84,8,1,8,有,無,有,6500,27,,0.0,0,,RPQNMLNJOHKFFER86CC
永康區,建物,臺南市永康區安康里大橋一街31~60號,0.0,住,,,1040603,土地0建物1車位0,十四層,9,住宅大樓(11層含以上有電梯),國民住宅,鋼筋混凝土造,0880824,120.26,3,2,2,有,有,有,14500,121,,0.0,0,1.合約書無填具土地租賃面積.2.由所有權人提供出租資訊.3.租金已包含車位,RPSNMLOJOHKFFHR47CC
南區,建物,臺南市南區五妃街391~420號,0.0,住,,,1040530,土地0建物1車位0,全,4,透天厝,住商用,鋼筋混凝土構造,0731127,143.62,3,3,3,有,無,有,18000,125,,0.0,0,,RPOOMLOJOHKFFCD87CC
南區,建物,臺南市南區西門路一段575巷1~30號,0.0,住,,,1040530,土地0建物1車位0,全,3,透天厝,住家用,鋼筋混凝土構造,0640117,119.79,3,1,3,有,無,有,8000,67,,0.0,0,,RPPOMLOJOHKFFCD97CC
東區,建物,臺南市東區中華東路二段181~210號,0.0,住,,,1040527,土地0建物1車位0,五層,20,住宅大樓(11層含以上有電梯),住家用,鋼筋混凝土構造,0841106,73.62,2,1,1,有,有,有,12000,163,,0.0,0,,RPSNMLPJOHKFFCD28CC
新市區,土地,大社段1831~1860地號,3140.0,,鄉村區,乙種建築用地,1040528,土地1建物0車位0,,,其他,,,,0.0,0,0,0,有,無,無,228000,73,,0.0,0,1.租賃契約書無填寫土地租賃面積2.由所有權人提供租屋資訊3.含未保存登記地上建物一棟4.建物租賃面積為950坪,RPTNMLPJOHKFFER37CC
東區,土地,光明段211~240地號,58.0,住,,,150607,土地2建物0車位0,,,其他,,,,0.0,1,0,0,有,無,無,12000,207,,0.0,0,,RPQNMLSJOHKFFCD38CC
北區,建物,臺南市北區育德一街1~30號,0.0,住,,,1040606,土地0建物1車位0,六層,10,華廈(10層含以下有電梯),見其他登記事項,鋼筋混凝土造,0930818,100.97,2,1,1,有,有,有,19000,188,,0.0,0,,RPWOMLSJOHKFFAD88CC
北區,土地,北元段1021~1050地號,313.97,其他,,,1040606,土地1建物0車位0,,,其他,,,,0.0,2,0,0,有,無,無,40000,127,,0.0,0,,RPSNMLTJOHKFFAD48CC
中西區,建物,臺南市中西區北門路一段51巷1~30號,0.0,商,,,1040605,土地0建物1車位0,四層,6,華廈(10層含以下有電梯),住家用,鋼筋混凝土造,0790917,78.95,1,1,1,有,有,有,8000,101,,0.0,0,,RPSOMLTJOHKFFAD58CC
東區,建物,臺南市東區東門路一段91~120號,0.0,住,,,1040514,土地0建物1車位0,全,2,透天厝,住商用,加強磚造,0570710,119.24,4,2,2,有,無,無,9000,75,,0.0,0,,RPVNMLTJOHKFFCD98CC
新市區,建物,臺南市新市區中正路1~30號,0.0,住,,,1040513,土地0建物1車位0,全,3,透天厝,見其他登記事項,見其他登記事項,0780605,61.72,0,0,1,有,無,無,15000,243,,0.0,0,1.租賃契約書無填寫土地租賃面積。2.由所有權人提供租屋資訊。,RPSNMLTJOHKFFER67CC
永康區,建物,臺南市永康區中華二路331~360號,0.0,住,,,1040514,土地0建物1車位0,五層,14,住宅大樓(11層含以上有電梯),住家用,鋼筋混凝土造,0970903,190.25,3,2,2,有,有,有,25000,131,,0.0,0,,RPWNMLTJOHKFFHR38CC
東區,建物,臺南市東區東光路二段31~60號,0.0,住,,,1040609,土地0建物1車位0,三層,7,華廈(10層含以下有電梯),住家用,鋼筋混凝土構造,0800903,92.66,4,0,2,有,有,有,11000,119,,0.0,0,,RPUNMLKKOHKFFCD08CC
東區,土地,竹篙厝段1261~1290地號,90.0,住,,,1040608,土地1建物0車位0,,,其他,,,,0.0,0,0,0,有,無,無,8000,89,,0.0,0,,RPPNMLLKOHKFFCD67CC
南區,建物,臺南市南區賢南街91~120號,0.0,住,,,1040610,土地0建物1車位0,三層,6,套房(1房1廳1衛),住家用,鋼筋混凝土構造,0800525,47.06,1,1,1,有,有,有,6500,138,,0.0,0,,RPTOMLLKOHKFFCD18CC
東區,土地,虎尾寮段361~390地號,97.0,住,,,1040515,土地1建物0車位0,,,其他,,,,0.0,5,0,0,有,無,有,12000,124,,0.0,0,,RPWOMLLKOHKFFCD48CC
安平區,土地,新南段31~60地號,2547.0,其他,,,1040602,土地1建物0車位0,,,其他,,,,0.0,0,0,0,有,無,有,166000,65,,0.0,0,,RPXNMLLKOHKFFAD28CC
北區,房地(土地+建物),臺南市北區東豐路331~360號,83.0,其他,,,150610,土地1建物1車位0,見其他登記事項,2,店面(店鋪),見其他登記事項,鋼筋混凝土造,0920819,97.97,0,2,1,有,無,有,30000,306,,0.0,0,,RPTOMLLKOHKFFAD97CC
安南區,房地(土地+建物),臺南市安南區海環街715巷31~60號,121.05,其他,,,1040604,土地2建物1車位0,全,2,透天厝,住商用,加強磚造,0691126,109.9,3,1,2,有,無,無,12000,109,,0.0,0,,RPSOMLLKOHKFFBD97CC
安平區,房地(土地+建物),臺南市安平區育平二街91~120號,99.45,住,,,1040610,土地1建物1車位0,全,5,透天厝,見其他登記事項,見其他登記事項,0950320,266.94,5,2,4,有,無,有,30000,112,,0.0,0,,RPROMLLKOHKFFAD87DC
永康區,建物,臺南市永康區勝利街22巷5弄1~30號,0.0,住,,,1040525,土地0建物1車位0,八層,9,華廈(10層含以下有電梯),住家用,鋼筋混凝土造,0831216,160.53,3,2,2,有,有,有,12000,75,,0.0,0,,RPRNMLMKOHKFFHR27CC
永康區,建物,臺南市永康區永大路二段241~270號,0.0,住,,,1040528,土地0建物1車位0,全,4,透天厝,住商用,鋼筋混凝土造,0970714,316.08,6,2,5,有,無,有,33000,104,,0.0,0,,RPSNMLMKOHKFFHR37CC
永康區,建物,臺南市永康區中華路7巷1~30號,0.0,其他,,,1040523,土地0建物1車位0,七層,19,住宅大樓(11層含以上有電梯),見其他登記事項,見其他登記事項,1010817,88.38,2,1,1,有,有,有,20000,226,,0.0,0,,RPTNMLMKOHKFFHR47CC
東區,房地(土地+建物),臺南市東區東門路一段331~360號,38.14,住,,,1040601,土地3建物1車位0,七層,12,辦公商業大樓,商業用,鋼筋混凝土構造,0800323,263.11,3,0,3,有,無,有,30000,114,,0.0,0,,RPPQMLMKOHKFFCD08CC
東區,建物,臺南市東區長榮路一段151~180號,0.0,住,,,1040607,土地0建物1車位0,十六層,25,住宅大樓(11層含以上有電梯),住家用,加強磚造,0610510,234.07,4,1,2,有,有,有,35000,150,,0.0,0,1.租賃契約書無填寫土地租賃面積2.由所有權人提供租屋資訊3.含平面式車位二個,RPQPMLPKOHKFFCD38CC
東區,房地(土地+建物)+車位,臺南市東區長榮路一段1~30號,0.0,住,,,1040531,土地1建物1車位1,九層,14,住宅大樓(11層含以上有電梯),住家用,鋼筋混凝土構造,0991213,70.17,2,1,1,有,無,有,17000,242,坡道平面,18.23,0,,RPOQMLPKOHKFFCD28CC
東區,房地(土地+建物),臺南市東區府東街91~120號,0.0,住,,,1040612,土地2建物1車位0,六層,12,住宅大樓(11層含以上有電梯),住家用,鋼筋混凝土構造,0880805,45.88,2,1,1,有,無,有,13000,283,,0.0,0,,RPQQMLPKOHKFFCD48CC
北區,土地,文元段781~810地號,95.33,商,,,1040612,土地1建物0車位0,,,其他,,,,0.0,1,0,0,有,無,無,22000,231,,0.0,0,,RPXNMLPKOHKFFAD68CC
北區,建物,臺南市北區公園南路361~390號,0.0,住,,,1040607,土地0建物1車位0,四層,14,套房(1房1廳1衛),見其他登記事項,見其他登記事項,0960824,33.37,1,0,1,有,有,有,7500,225,,0.0,0,,RPVOMLPKOHKFFAD58CC
北區,建物,臺南市北區成功91~120號,0.0,,,,1040611,土地0建物1車位0,二層,12,辦公商業大樓,住家用,鋼筋混凝土造,0730921,299.83,0,0,0,無,無,無,50000,167,,0.0,0,,RPSPMLPKOHKFFAD38CC
善化區,房地(土地+建物),臺南市善化區坐駕91~120號,69.63,其他,,,1040615,土地1建物1車位0,全,2,透天厝,住家用,加強磚造,0721116,80.26,4,2,2,有,無,有,9000,112,,0.0,0,,RPPNMLPKOHKFFER07CC
新化區,房地(土地+建物),臺南市新化區中山路631~660號,69.75,住,,,1040610,土地1建物1車位0,全,3,透天厝,住商用,鋼筋混凝土造,0760326,150.75,5,2,3,有,無,無,11000,73,,0.0,0,,RPQNMLPKOHKFFER27DC
永康區,房地(土地+建物),臺南市永康區復國二路244巷1~30號,113.62,住,,,1040527,土地1建物1車位0,全,3,透天厝,住家用,鋼筋混凝土造,0800520,180.06,7,2,5,有,無,有,18700,104,,0.0,0,,RPSNMLPKOHKFFHR77DC
北區,房地(土地+建物),臺南市北區公園南路361~390號,6.16,住,,,1040615,土地1建物1車位0,十二層,14,住宅大樓(11層含以上有電梯),見其他登記事項,見其他登記事項,0960824,31.36,1,0,1,有,有,有,8000,255,,0.0,0,,RPUNMLQKOHKFFAD48CC
東區,房地(土地+建物),臺南市東區莊敬路121~150號,63.0,其他,,,1040616,土地1建物1車位0,四層,4,店面(店鋪),住商用,鋼筋混凝土構造,0780906,205.88,4,2,3,有,無,無,23000,112,,0.0,0,,RPTOMLRKOHKFFCD88DC
永康區,土地,鹽中段571~600地號,91.91,住,,,1040616,土地1建物0車位0,,,其他,,,,0.0,0,0,0,有,無,無,6000,65,,0.0,0,,RPOPMLRKOHKFFHR67CC
安平區,建物,臺南市安平區育平路61~90號,0.0,住,,,1040614,土地0建物1車位0,八層,14,住宅大樓(11層含以上有電梯),見其他登記事項,見其他登記事項,1021125,58.19,2,2,1,有,有,有,15000,258,,0.0,0,,RPPNMLSKOHKFFAD18CC
東區,建物,臺南市東區大同路一段151~180號,0.0,商,,,1040617,土地0建物1車位0,全,2,透天厝,住商用,加強磚造,0590312,81.0,2,3,2,有,無,有,18000,222,,0.0,0,,RPRNMLSKOHKFFCD58CC
東區,建物,臺南市東區建東街1~30號,0.0,住,,,1040615,土地0建物1車位0,四層,5,套房(1房1廳1衛),住家用,鋼筋混凝土構造,0830510,53.25,1,1,1,有,無,有,6000,113,,0.0,0,,RPSNMLSKOHKFFCD68CC
東區,建物,臺南市東區自由路二段61~90號,0.0,住,,,1040611,土地0建物1車位0,全,5,透天厝,住商用,鋼筋混凝土構造,0851228,274.91,5,2,4,有,無,無,26000,95,,0.0,0,,RPPNMLTKOHKFFCD48CC
東區,建物,臺南市東區東興路40巷1~30號,0.0,住,,,1040524,土地0建物1車位0,三層,5,公寓(5樓含以下無電梯),住家用,鋼筋混凝土構造,0700904,87.02,4,0,1,有,無,有,10000,115,,0.0,0,,RPSNMLTKOHKFFCD78CC
中西區,建物,臺南市中西區永華路一段196巷1~30號,0.0,住,,,1040523,土地0建物1車位0,全,2,透天厝,住家用,加強磚造,0560302,107.11,3,1,2,有,無,無,12000,112,,0.0,0,,RPPNMLTKOHKFFAD28CC
永康區,建物,臺南市永康區忠勇街32巷31~60號,0.0,住,,,1040522,土地0建物1車位0,全,4,透天厝,住商用,鋼筋混凝土造,0771229,82.29,0,2,1,有,無,無,10000,122,,0.0,0,,RPPNMLTKOHKFFHR77CC
永康區,建物,臺南市永康區大橋一街31~60號,0.0,住,,,1040524,土地0建物1車位0,四層,14,住宅大樓(11層含以上有電梯),住家用,鋼筋混凝土造,0880824,119.27,3,1,2,有,無,有,16000,134,,0.0,0,,RPSNMLTKOHKFFHR08CC
永康區,建物,臺南市永康區正南一街129巷1~30號,0.0,住,,,1040520,土地0建物1車位0,全,2,透天厝,見其他登記事項,加強磚造,0740925,232.43,0,3,3,有,無,無,32000,138,,0.0,0,,RPTNMLTKOHKFFHR18CC
永康區,建物,臺南市永康區復華一街28巷25弄1~30號,0.0,住,,,1040522,土地0建物1車位0,全,3,透天厝,住家用,鋼筋混凝土造,0790827,160.62,5,2,2,有,無,有,16000,100,,0.0,0,,RPUOMLTKOHKFFHR38CC
永康區,建物,臺南市永康區三合里南工街267巷61~90號,0.0,住,,,1040619,土地0建物1車位0,十一層,11,住宅大樓(11層含以上有電梯),住家用,鋼筋混凝土造,0860926,67.19,2,1,2,有,有,有,8000,119,,0.0,0,,RPVOMLTKOHKFFHR48CC
安平區,房地(土地+建物),臺南市安平區國平路391~420號,341.38,住,,,1040601,土地1建物1車位0,二層,8,華廈(10層含以下有電梯),住商用,鋼筋混凝土造,0840401,154.86,1,1,1,有,有,有,21000,136,,0.0,0,,RPPNMLKLOHKFFAD47CC
安南區,房地(土地+建物),臺南市安南區北安路三段271~300號,88.92,商,,,1040612,土地1建物1車位0,見其他登記事項,2,店面(店鋪),住商用,鋼筋混凝土造,0750908,136.54,5,2,3,有,無,有,19000,139,,0.0,0,,RPPNMLLLOHKFFBD67CC
安南區,房地(土地+建物),臺南市安南區館前一路91~120號,42.42,住,,,1040601,土地1建物1車位0,四層,7,華廈(10層含以下有電梯),見其他登記事項,鋼筋混凝土造,1031105,90.47,3,1,2,有,無,有,15000,166,,0.0,0,,RPUNMLMLOHKFFBD28CC
北區,房地(土地+建物),臺南市北區公園路121~150號,17.42,商,,,1040528,土地13建物1車位0,六層,8,華廈(10層含以下有電梯),住家用,鋼筋混凝土造,0700923,35.84,2,2,2,有,有,有,8000,223,,0.0,0,,RPPOMLMLOHKFFAD77CC
東區,建物,臺南市東區裕農一街180巷1~30號,0.0,住,,,1040528,土地0建物1車位0,一層,9,華廈(10層含以下有電梯),住家用,鋼筋混凝土構造,0850409,101.72,3,1,2,有,有,有,15000,147,,0.0,0,,RPWNMLNLOHKFFCD68CC
東區,建物,臺南市東區長榮路一段1~30號,0.0,住,,,1040605,土地0建物1車位0,十二層,14,住宅大樓(11層含以上有電梯),住家用,鋼筋混凝土構造,0991213,97.34,2,1,1,有,有,有,20000,205,,0.0,0,,RPPOMLNLOHKFFCD08CC
東區,建物,臺南市東區中華東路三段399巷21弄1~30號,0.0,住,,,1040607,土地0建物1車位0,三層,9,華廈(10層含以下有電梯),住家用,鋼筋混凝土構造,0880706,188.15,4,2,2,有,有,有,21000,112,,0.0,0,1.租賃契約書無填寫土地租賃面積。2.由所有權人提供租屋資訊。3.租金已含一平面式車位。,RPTOMLNLOHKFFCD48CC
東區,建物,臺南市東區裕豐街1~30號,0.0,住,,,1040607,土地0建物1車位0,三層,5,套房(1房1廳1衛),住家用,鋼筋混凝土構造,0781124,47.3,1,1,1,有,無,有,6000,127,,0.0,0,,RPUOMLNLOHKFFCD58CC
東區,建物,臺南市東區衛國街112巷31~60號,0.0,住,,,1040612,土地0建物1車位0,三層,7,華廈(10層含以下有電梯),見其他登記事項,鋼筋混凝土構造,0690522,87.22,2,2,2,有,有,有,8500,97,,0.0,0,,RPOPMLNLOHKFFCD08CC
安南區,建物,臺南市安南區義吉街112巷1~30號,0.0,其他,,,1040610,土地0建物1車位0,全,3,透天厝,見其他登記事項,鋼筋混凝土造,1030716,194.03,5,2,3,有,無,有,12500,64,,0.0,0,,RPROMLNLOHKFFBD18CC
新營區,房地(土地+建物),臺南市新營區民治路181~210號,226.02,住,,,1040623,土地1建物1車位0,見其他登記事項,3,店面(店鋪),住家用,加強磚造,0731029,152.72,9,3,8,有,無,有,30000,196,,0.0,0,,RPUNMLNLOHKFFAR07CC
仁德區,建物,臺南市仁德區德崙路21巷1~30號,0.0,住,,,1040622,土地0建物1車位0,二層,11,住宅大樓(11層含以上有電梯),住家用,鋼筋混凝土造,0830608,113.17999999999999,3,1,2,有,無,有,10000,88,,0.0,0,,RPQOMLNLOHKFFFR27CC
仁德區,建物,臺南市仁德區中山路687巷1~30號,0.0,住,,,1040613,土地0建物1車位0,全,2,透天厝,住商用,鋼筋混凝土造,0960215,22.01,0,0,1,有,無,無,13000,591,,0.0,0,,RPROMLNLOHKFFFR37CC
北區,土地,北元段181~210地號,1805.12,其他,,,1040601,土地1建物0車位0,,,其他,,,,0.0,0,0,0,有,無,有,55000,30,,0.0,0,,RPTPMLOLOHKFFAD48CC
安平區,房地(土地+建物),臺南市安平區建平七街211~240號,8.09,其他,,,1040615,土地1建物1車位0,三層,7,套房(1房1廳1衛),住家用,鋼筋混凝土造,0830802,24.55,1,0,0,有,無,有,7000,285,,0.0,0,,RPUPMLOLOHKFFAD58CC
北區,建物,臺南市北區文賢路1122巷107弄1~30號,0.0,住,,,1040623,土地0建物1車位0,全,2,透天厝,住商用,加強磚造,0741020,220.07,0,2,2,有,無,無,50000,227,,0.0,0,,RPPNMLPLOHKFFAD97CC
北區,建物,臺南市北區公園南路361~390號,0.0,住,,,1040624,土地0建物1車位0,十一層,18,住宅大樓(11層含以上有電梯),住家用,鋼筋混凝土造,0840912,114.71,3,2,2,有,無,有,15000,131,,0.0,0,,RPRNMLPLOHKFFAD18CC
南區,建物,臺南市南區金華路二段3巷1~30號,0.0,住,,,1040618,土地0建物1車位0,四層,4,公寓(5樓含以下無電梯),住家用,鋼筋混凝土構造,0670509,76.48,3,2,1,有,無,有,14000,183,,0.0,0,,RPPNMLPLOHKFFCD18CC
東區,建物,臺南市東區崇德路333巷1~30號,0.0,住,,,1040622,土地0建物1車位0,全,3,透天厝,住商用,鋼筋混凝土構造,0700328,121.74,1,0,1,有,無,有,18000,148,,0.0,0,1.租賃契約書無填寫土地租賃面積2.由所有權人提供租屋資訊3.租賃層次為一樓與地下一層,RPQNMLPLOHKFFCD28CC
東區,建物,臺南市東區育樂街57巷1~30號,0.0,住,,,1040624,土地0建物1車位0,二層,4,公寓(5樓含以下無電梯),住家用,鋼筋混凝土構造,0691111,31.72,1,1,1,有,無,有,4000,126,,0.0,0,,RPRNMLPLOHKFFCD38CC
東區,建物,臺南市東區育樂街57巷1~30號,0.0,住,,,1040624,土地0建物1車位0,二層,4,公寓(5樓含以下無電梯),住家用,鋼筋混凝土構造,0691111,31.72,1,1,1,有,無,有,4000,126,,0.0,0,,RPSNMLPLOHKFFCD48CC
東區,房地(土地+建物),臺南市東區崇明十四街60巷1~30號,12.0,其他,,,1040624,土地3建物1車位0,三層,6,華廈(10層含以下有電梯),住家用,鋼筋混凝土構造,0791226,72.96,3,1,2,有,無,有,12000,164,,0.0,0,,RPWOMLPLOHKFFCD98CC
仁德區,土地,三甲子段121~150地號,552.0,,一般農業區,農牧用地,1040610,土地1建物0車位0,,,其他,,,,0.0,0,0,0,有,無,無,24000,43,,0.0,0,,RPQNMLPLOHKFFFR37CC
仁德區,土地,三甲子段121~150地號,925.0,,一般農業區,農牧用地,1040610,土地1建物0車位0,,,其他,,,,0.0,0,0,0,有,無,無,36000,39,,0.0,0,,RPRNMLPLOHKFFFR47CC
永康區,建物,臺南市永康區中正北路511~540號,0.0,住,,,1040621,土地0建物1車位0,二層,13,住宅大樓(11層含以上有電梯),住家用,鋼筋混凝土造,0850216,90.77,3,2,2,有,有,有,12000,132,,0.0,0,,RPPNMLPLOHKFFHR47CC
永康區,建物,臺南市永康區中華路661巷1~30號,0.0,住,,,1040624,土地0建物1車位0,九層,14,住宅大樓(11層含以上有電梯),住家用,鋼筋混凝土造,0850408,148.56,3,2,2,有,有,有,15000,101,,0.0,0,,RPQNMLPLOHKFFHR57CC
仁德區,房地(土地+建物),臺南市仁德區中正路三段114巷1~30號,81.5,住,,,1040622,土地1建物1車位0,全,3,透天厝,住家用,鋼筋混凝土造,0770123,126.89,6,2,2,有,無,有,14000,110,,0.0,0,,RPRNMLQLOHKFFFR57CC
北區,建物,臺南市北區大港街91~120號,0.0,住,,,1040620,土地0建物0車位0,全,5,透天厝,住商用,鋼筋混凝土造,0811128,124.35,2,1,2,有,無,無,13000,105,,0.0,0,,RPTPMLQLOHKFFAD78DC
永康區,建物,臺南市永康區新興街1~30號,0.0,住,,,1040626,土地0建物1車位0,七層,11,住宅大樓(11層含以上有電梯),住家用,鋼筋混凝土造,0880519,81.29,3,2,2,有,無,有,11000,135,,0.0,0,,RPPNMLRLOHKFFHR67CC
永康區,建物,臺南市永康區中華路280巷18弄1~30號,41.0,其他,,,1040622,土地0建物1車位0,見其他登記事項,7,店面(店鋪),住家用,鋼筋混凝土造,0750609,179.8,3,2,3,有,無,無,14000,78,,0.0,0,,RPRNMLTLOHKFFHR08CC
安南區,建物,臺南市安南區樂安一街121~150號,0.0,住,,,1040628,土地0建物1車位0,全,3,透天厝,見其他登記事項,鋼筋混凝土造,0840104,171.93,4,1,3,有,無,無,15000,87,,0.0,0,,RPRNMLTLOHKFFBD68CC
東區,建物,臺南市東區裕農路1~30號,27.24,其他,,,1040626,土地0建物1車位0,一層,13,住宅大樓(11層含以上有電梯),住家用,鋼筋混凝土構造,0830201,134.94,5,1,4,有,有,有,23000,170,,0.0,0,,RPQNMLTLOHKFFCD68CC
東區,建物,臺南市東區東寧路511~540號,0.0,住,,,1040530,土地0建物2車位0,一層,7,華廈(10層含以下有電梯),住商用,鋼筋混凝土構造,0780425,83.19999999999999,0,1,2,有,有,無,23000,276,,0.0,0,,RPRNMLTLOHKFFCD78CC
安平區,房地(土地+建物),臺南市安平區永華六街22巷1~30號,93.0,住,,,1040608,土地1建物1車位0,全,5,透天厝,住家用,鋼筋混凝土造,0971106,267.27,4,2,3,有,無,無,30000,112,,0.0,0,,RPPOMLTLOHKFFAD48CC
安定區,建物,臺南市安定區港口里港口31~60號,32.97,,鄉村區,乙種建築用地,1040603,土地0建物1車位0,全,4,透天厝,住家用,鋼筋混凝土造,1030213,52.58,4,2,3,有,無,有,13500,257,,0.0,0,,RPVNMLKMOHKFFER37CC
新市區,建物,臺南市善化區仁愛街91~120號,76.01,,,,1040621,土地0建物1車位0,見其他登記事項,1,店面(店鋪),商業用,見其他登記事項,0971212,51.35,0,0,0,無,無,無,15000,292,,0.0,0,,RPXNMLKMOHKFFER57CC
善化區,建物,臺南市善化區光華路128巷1~30號,17.42,,,,1040622,土地0建物1車位0,一層,7,住宅大樓(11層含以上有電梯),住家用,鋼筋混凝土造,0830625,96.0,3,2,2,有,無,有,10500,109,,0.0,0,,RPOOMLKMOHKFFER76CC
安定區,建物,臺南市安定區港口里港口31~60號,108.99,,鄉村區,乙種建築用地,1040603,土地0建物1車位0,全,4,透天厝,住家用,鋼筋混凝土造,1030213,173.8,4,2,3,有,無,有,13500,78,,0.0,0,,RPPOMLKMOHKFFER86CC
永康區,土地,六甲頂段1171~1200地號,819.0,其他,,,1040619,土地2建物0車位0,,,其他,,,,0.0,0,0,0,有,無,無,42000,51,,0.0,0,,RPTNMLKMOHKFFHR47CC
永康區,房地(土地+建物),臺南市永康區中正北路421~450號,95.0,住,,,1040601,土地1建物1車位0,全,4,透天厝,見其他登記事項,鋼筋混凝土造,0700527,190.06,6,2,3,有,無,有,23000,121,,0.0,0,,RPVNMLKMOHKFFHR67CC
佳里區,房地(土地+建物)+車位,臺南市佳里區安西路331~360號,25.92,住,,,1040504,土地9建物1車位1,十一層,12,住宅大樓(11層含以上有電梯),住家用,鋼筋混凝土造,0830719,126.39,3,2,2,有,有,有,10000,79,其他,15.6,0,,RPXNMLKMOHKFFDR57DC
將軍區,房地(土地+建物),臺南市將軍區嘉昌村北嘉1~30號,625.0,,特定農業區,甲種建築用地,1040524,土地1建物1車位0,全,2,透天厝,住家用,鋼筋混凝土造,0830805,193.18,4,2,3,有,無,無,6000,31,,0.0,0,,RPOOMLKMOHKFFDR76DC
中西區,房地(土地+建物),臺南市中西區新美街1~30號,49.22,其他,,,1040701,土地1建物1車位0,全,3,透天厝,見其他登記事項,磚造,0460101,122.88,3,2,2,有,無,無,20000,163,,0.0,0,,RPTNMLLJPHKFFAD87CC
東區,建物,臺南市東區大同路一段141巷31~60號,0.0,住,,,1040630,土地0建物1車位0,五層,7,華廈(10層含以下有電梯),住家用,鋼筋混凝土構造,0831214,93.16,3,1,1,有,有,有,8500,91,,0.0,0,,RPPNMLLJPHKFFCD67CC
佳里區,房地(土地+建物),臺南市佳里區光復路391~420號,85.0,其他,,,1040609,土地1建物1車位0,全,2,透天厝,住商用,加強磚造,0630118,130.53,3,2,2,有,無,無,10000,77,,0.0,0,,RPRNMLMJPHKFFDR96DC
佳里區,土地,佳里段1081~1110地號,1149.0,其他,,,1040604,土地3建物0車位0,,,其他,,,,0.0,0,0,0,有,無,無,115500,101,,0.0,0,,RPSNMLMJPHKFFDR07DC
新市區,房地(土地+建物),臺南市新市區社內91~120號,75.0,,鄉村區,乙種建築用地,1040701,土地1建物1車位0,全,3,透天厝,住家用,鋼筋混凝土造,0850315,150.29,4,2,3,有,無,有,13000,86,,0.0,0,,RPTNMLMJPHKFFER17CC
安南區,房地(土地+建物),臺南市安南區北安路二段241~270號,106.31,其他,,,1040627,土地1建物1車位0,全,4,透天厝,住家用,鋼筋混凝土造,0990924,171.85,5,2,4,有,無,無,35000,204,,0.0,0,,RPUNMLMJPHKFFBD18CC
新市區,房地(土地+建物),臺南市新市區大營121~150號,85.0,,特定農業區,甲種建築用地,1040702,土地1建物1車位0,全,4,透天厝,住商用,鋼筋混凝土造,0850315,178.76,5,1,3,有,無,有,18000,101,,0.0,0,,RPRNMLNJPHKFFER07CC
永康區,建物,臺南市永康區中正六街121~150號,0.0,住,,,1040624,土地0建物1車位0,全,3,透天厝,住家用,鋼筋混凝土造,0800909,87.71,0,0,0,無,無,無,20000,228,,0.0,0,,RPOOMLNJPHKFFHR17CC
永康區,建物,臺南市永康區中山南路43巷1~30號,0.0,住,,,1040625,土地0建物1車位0,二層,5,公寓(5樓含以下無電梯),住家用,鋼筋混凝土造,0710810,62.61,2,1,1,有,無,有,8500,136,,0.0,0,,RPPOMLNJPHKFFHR27CC
永康區,建物,臺南市永康區小東路481~510號,0.0,住,,,1040627,土地0建物1車位0,十三層,13,套房(1房1廳1衛),住家用,鋼筋混凝土造,0851122,44.0,1,1,1,有,有,有,7500,170,,0.0,0,,RPQOMLNJPHKFFHR37CC
東區,建物,臺南市東區長榮路一段181~210號,0.0,住,,,1040622,土地0建物1車位0,見其他登記事項,9,華廈(10層含以下有電梯),住商用,鋼筋混凝土構造,0831111,233.43,4,3,2,有,有,有,60000,257,,0.0,0,,RPTNMLNJPHKFFCD28CC
南區,建物,臺南市南區大德街141巷31~60號,0.0,住,,,1040625,土地0建物1車位0,五層,5,華廈(10層含以下有電梯),住家用,鋼筋混凝土構造,0800109,76.44,2,1,1,有,有,有,12000,157,,0.0,0,,RPWNMLNJPHKFFCD58CC
南區,建物,臺南市南區大林路1~30號,0.0,住,,,1040625,土地0建物1車位0,七層,13,住宅大樓(11層含以上有電梯),見其他登記事項,鋼筋混凝土構造,0881021,146.94,3,2,2,有,有,有,16000,109,,0.0,0,,RPXNMLNJPHKFFCD68CC
南區,建物,臺南市南區鹽埕路291巷14弄61~90號,0.0,住,,,1040702,土地0建物1車位0,全,2,透天厝,住家用,加強磚造,0610311,12.0,1,1,1,有,無,有,5000,417,,0.0,0,1.合約書無填具土地租賃面積.2.由所有權人提供出租資訊3.房東1F以隔間做獨立透房分租,RPROMLNJPHKFFCD18CC
中西區,建物,臺南市中西區衛民街61~90號,0.0,商,,,1040621,土地0建物1車位0,二層,9,套房(1房1廳1衛),見其他登記事項,見其他登記事項,0950713,39.63,1,1,1,有,有,有,9500,240,,0.0,0,,RPUNMLNJPHKFFAD18CC
北區,建物,臺南市北區北忠街58巷31~60號,0.0,商,,,1040625,土地0建物1車位0,五層,5,公寓(5樓含以下無電梯),住家用,鋼筋混凝土造,0700703,71.31,1,2,1,有,無,有,5000,70,,0.0,0,,RPVNMLNJPHKFFAD28CC
中西區,建物,臺南市中西區慶中街1~30號,0.0,住,,,1040629,土地0建物1車位0,七層,7,華廈(10層含以下有電梯),住家用,鋼筋混凝土造,0741127,122.78,4,2,3,有,有,有,15000,122,,0.0,0,,RPWNMLNJPHKFFAD38CC
東區,房地(土地+建物),臺南市東區東寧路201巷1~30號,75.0,住,,,1040703,土地1建物1車位0,全,3,透天厝,住家用,鋼筋混凝土構造,0750626,173.3,4,2,3,有,無,無,19000,110,,0.0,0,,RPVNMLOJPHKFFCD68DC
永康區,建物,臺南市永康區鹽洲二街181~210號,0.0,住,,,1040629,土地0建物1車位0,五層,7,華廈(10層含以下有電梯),住家用,鋼筋混凝土造,0830602,111.6,3,1,2,有,無,有,10000,90,,0.0,0,,RPQNMLQJPHKFFHR57CC
中西區,房地(土地+建物),臺南市中西區海安路二段391~420號,2.89,其他,,,1040705,土地1建物1車位0,九層,12,套房(1房1廳1衛),住家用,鋼筋混凝土造,0850725,20.51,1,0,1,有,無,有,6500,317,,0.0,0,,RPQOMLQJPHKFFAD18CC
南區,房地(土地+建物),臺南市南區新樂路31~60號,1496.0,工,,,1040610,土地1建物1車位0,見其他登記事項,2,工廠,見其他登記事項,加強磚造,0710217,599.49,0,0,0,無,無,無,120000,,,0.0,0,,RPVNMLQJPHKFFCD78CC
東區,房地(土地+建物),臺南市東區裕豐街185巷12弄1~30號,5.71,其他,,,1040701,土地1建物1車位0,五層,5,套房(1房1廳1衛),住家用,鋼筋混凝土構造,0791201,14.46,1,1,1,有,無,有,4000,277,,0.0,0,,RPPOMLRJPHKFFCD38CC
東區,建物,臺南市東區東寧路511~540號,0.0,商,,,1040610,土地0建物1車位0,一層,4,店面(店鋪),見其他登記事項,見其他登記事項,1040309,46.120000000000005,0,0,0,無,無,無,70000,1518,,0.0,0,,RPSOMLRJPHKFFCD68CC
北區,建物,臺南市北區公園路121~150號,254.0,住,,,1040617,土地0建物1車位0,二層,2,店面(店鋪),見其他登記事項,見其他登記事項,0831207,399.87,3,2,2,有,無,有,55000,138,,0.0,0,,RPVNMLRJPHKFFAD68CC
善化區,土地,曾文段2641~2670地號,41.0,其他,,,1040704,土地1建物0車位0,,,其他,,,,0.0,0,0,0,有,無,有,13800,337,,0.0,0,,RPTNMLRJPHKFFER67CC
東區,房地(土地+建物),臺南市東區中華東路二段73巷1~30號,8.34,其他,,,1040615,土地1建物1車位0,六層,6,套房(1房1廳1衛),住家用,鋼筋混凝土構造,0791229,27.21,1,1,1,有,無,有,7000,257,,0.0,0,,RPTNMLTJPHKFFCD88CC
東區,建物,臺南市東區大同路一段91~120號,0.0,商,,,1040630,土地0建物1車位0,三層,4,套房(1房1廳1衛),住商用,鋼筋混凝土構造,0720305,23.14,1,0,1,有,無,有,5300,229,,0.0,0,,RPVNMLKKPHKFFCD28CC
東區,建物,臺南市東區大同路一段91~120號,0.0,商,,,1040704,土地0建物1車位0,二層,4,套房(1房1廳1衛),住商用,鋼筋混凝土構造,0720305,26.44,1,0,1,有,無,有,5500,208,,0.0,0,,RPWNMLKKPHKFFCD38CC
東區,建物,臺南市東區中華東路二段181~210號,0.0,住,,,1040705,土地0建物1車位0,八層,20,住宅大樓(11層含以上有電梯),住家用,鋼筋混凝土構造,0841106,75.05,2,1,1,有,有,有,13000,173,,0.0,0,,RPXNMLKKPHKFFCD48CC
東區,建物,臺南市東區德東街151巷37弄1~30號,0.0,住,,,1040709,土地0建物1車位0,二層,7,華廈(10層含以下有電梯),住家用,鋼筋混凝土構造,0850117,135.39999999999998,4,1,2,有,有,有,11000,81,,0.0,0,1.租賃契約書無填寫土地租賃面積2.由所有權人提供租屋資訊3.含有機械式車位一個,RPOOMLKKPHKFFCD67CC
東區,房地(土地+建物),臺南市東區長榮路一段1~30號,19.47,住,,,1040614,土地2建物1車位0,三層,14,住宅大樓(11層含以上有電梯),住家用,鋼筋混凝土構造,0991213,182.44,3,2,2,有,無,有,27000,148,,0.0,0,,RPQOMLKKPHKFFCD87CC
北區,建物,臺南市北區大興街164巷31~60號,0.0,住,,,1040704,土地0建物1車位0,全,4,透天厝,住家用,鋼筋混凝土造,0700324,237.0,4,1,4,有,無,有,18000,76,,0.0,0,,RPUNMLKKPHKFFAD97CC
永康區,建物,臺南市永康區龍安街241~270號,0.0,住,,,1040709,土地0建物1車位0,五層,8,華廈(10層含以下有電梯),住家用,鋼筋混凝土造,0841129,102.72,3,1,2,有,無,有,8000,78,,0.0,0,,RPTNMLKKPHKFFHR37CC
永康區,建物,臺南市永康區小東路481~510號,0.0,住,,,1040705,土地0建物1車位0,四層,13,住宅大樓(11層含以上有電梯),住家用,鋼筋混凝土造,0851122,31.98,1,1,1,有,有,有,5500,172,,0.0,0,,RPUNMLKKPHKFFHR47CC
仁德區,建物,臺南市仁德區德洋二街19巷1~30號,0.0,住,,,1040709,土地0建物1車位0,全,3,透天厝,住家用,鋼筋混凝土造,0810831,161.2,6,2,3,有,無,有,20000,124,,0.0,0,1.租賃契約書無填寫土地租賃面積2.由所有權人提供租屋資訊,RPTNMLKKPHKFFFR17CC
永康區,房地(土地+建物),臺南市永康區龍中街31~60號,32.43,住,,,1040612,土地1建物1車位0,四層,4,公寓(5樓含以下無電梯),住家用,鋼筋混凝土造,0681002,73.88,3,2,1,有,無,無,6000,81,,0.0,0,,RPPOMLNKPHKFFHR37CC
永康區,房地(土地+建物),臺南市永康區中山北路164巷110弄1~30號,31.41,住,,,1040628,土地1建物1車位0,六層,6,華廈(10層含以下有電梯),住家用,鋼筋混凝土造,0820121,122.3,3,2,2,有,無,有,13000,106,,0.0,0,,RPQOMLNKPHKFFHR47CC
東區,建物,臺南市東區崇明街241~270號,0.0,住,,,1040613,土地0建物1車位0,一層,4,辦公商業大樓,見其他登記事項,鋼筋混凝土構造,0871224,909.89,0,0,0,無,有,有,370000,407,,0.0,0,,RPQOMLNKPHKFFCD18CC
中西區,土地,三民段121~150地號,53.34,其他,,,1040701,土地2建物0車位0,,,其他,,,,0.0,0,0,0,有,無,無,12000,225,,0.0,0,,RPTNMLOKPHKFFAD28CC
安平區,房地(土地+建物)+車位,臺南市安平區育平路211~240號,13.42,其他,,,1040701,土地1建物1車位1,四層,17,住宅大樓(11層含以上有電梯),住家用,鋼筋混凝土造,0840729,116.3,3,2,2,有,有,有,15000,129,坡道平面,34.39,0,,RPWNMLOKPHKFFAD58CC
東區,建物,臺南市東區崇善一街61~90號,0.0,住,,,1040618,土地0建物1車位0,九層,18,住宅大樓(11層含以上有電梯),住家用,鋼筋混凝土構造,0850209,106.77,3,2,2,有,有,無,13000,122,,0.0,0,,RPQOMLPKPHKFFCD38CC
南區,房地(土地+建物),臺南市南區金華路二段81巷1~30號,62.0,其他,,,1040630,土地1建物1車位0,全,4,透天厝,住家用,鋼筋混凝土構造,0691128,165.71,4,3,3,有,無,無,15000,91,,0.0,0,租賃層數地下一層樓至地上四層,RPSNMLQKPHKFFCD58CC
東區,建物,臺南市東區崇德一街1~30號,0.0,商,,,1040715,土地0建物1車位0,見使用執照,7,華廈(10層含以下有電梯),住商用,鋼筋混凝土構造,0790301,124.63000000000001,3,1,2,有,無,有,20500,164,,0.0,0,1.合約書無填具土地租賃面積.2.由所有權人提供出租資訊3.租賃樓層為1+2樓,RPOOMLQKPHKFFCD28CC
中西區,房地(土地+建物),臺南市中西區中華西路二段661~690號,94.72,其他,,,1040709,土地1建物1車位0,見其他登記事項,5,店面(店鋪),見其他登記事項,見其他登記事項,0941226,252.07,5,4,3,有,無,無,35000,139,,0.0,0,,RPWNMLQKPHKFFAD78CC
安南區,房地(土地+建物),臺南市安南區十二佃路181~210號,90.0,其他,,,1040715,土地0建物1車位0,見其他登記事項,4,店面(店鋪),見其他登記事項,鋼筋混凝土造,1030305,185.61,4,2,4,有,無,有,15000,81,,0.0,0,十二佃路金店,RPWNMLQKPHKFFBD88CC
安南區,房地(土地+建物),臺南市安南區長和路二段91~120號,137.76,住,,,1040711,土地1建物1車位0,見其他登記事項,2,店面(店鋪),住商用,加強磚造,0690630,107.52,3,2,2,有,無,無,19800,184,,0.0,0,,RPXNMLQKPHKFFBD98CC
北區,房地(土地+建物),臺南市北區東豐路301~330號,83.0,其他,,,1040715,土地1建物1車位0,全,4,透天厝,見其他登記事項,鋼筋混凝土造,0920819,53.23,0,1,1,有,無,無,20000,376,,0.0,0,,RPWNMLRKPHKFFAD88CC
中西區,建物,臺南市中西區五妃街1~30號,0.0,住,,,1040711,土地0建物1車位0,一層,8,華廈(10層含以下有電梯),住家用,鋼筋混凝土造,0870514,105.91,3,1,2,有,有,有,12000,113,,0.0,0,,RPUNMLLLPHKFFAD18CC
中西區,土地,郡王段541~570地號,247.93,商,,,1040713,土地1建物0車位0,,,其他,,,,0.0,4,0,0,有,無,有,9000,36,,0.0,0,,RPVNMLLLPHKFFAD28CC
安平區,建物,臺南市安平區育平九街192巷61~90號,0.0,商,,,1040713,土地0建物1車位0,五層,11,住宅大樓(11層含以上有電梯),住家用,鋼筋混凝土造,0830512,60.89,2,2,1,有,有,有,12000,197,,0.0,0,,RPWNMLLLPHKFFAD38CC
北區,建物,臺南市北區大港街91~120號,0.0,住,,,1040719,土地0建物1車位0,全,3,透天厝,住商用,鋼筋混凝土造,0791108,375.82,5,2,4,有,有,有,50000,133,,0.0,0,,RPXNMLLLPHKFFAD48CC
南區,建物,臺南市南區府緯街61~90號,0.0,住,,,1040701,土地0建物1車位0,八層,8,套房(1房1廳1衛),住家用,鋼筋混凝土構造,0811028,23.14,1,0,1,有,有,有,5000,216,,0.0,0,1.租賃契約書無填寫土地租賃面積2.由所有權人提供租屋資訊3.為分租套房，租賃面積無法丈量，租賃坪數約7坪4.含增建建物,RPQNMLLLPHKFFCD97CC
東區,建物,臺南市東區莊敬路91~120號,0.0,其他,,,1040711,土地0建物1車位0,十七層,17,住宅大樓(11層含以上有電梯),住家用,鋼筋混凝土構造,0790803,148.75,4,2,2,有,有,有,12000,81,,0.0,0,,RPRNMLLLPHKFFCD08CC
東區,建物,臺南市東區中華東路三段452巷8弄31~60號,0.0,商,,,1040719,土地0建物1車位0,三層,5,公寓(5樓含以下無電梯),住家用,鋼筋混凝土構造,0770120,146.77,2,2,3,有,無,有,12500,85,,0.0,0,,RPTNMLLLPHKFFCD28CC
北區,建物,臺南市北區文賢路511~540號,0.0,住,,,1040708,土地0建物0車位0,一層,3,店面(店鋪),住商用,鋼筋混凝土構造,0800204,86.48,0,0,0,無,無,無,28000,324,,0.0,0,,RPPNMLMLPHKFFAD77CC
中西區,建物,臺南市中西區民生路二段361~390號,0.0,商,,,1040708,土地0建物1車位1,見其他登記事項,25,店面(店鋪),見其他登記事項,鋼筋混凝土構造,0890306,408.13,0,0,0,無,有,無,136000,333,坡道平面,29.08,0,,RPXNMLMLPHKFFAD58CC
鹽水區,房地(土地+建物),臺南市鹽水區歡雅91~120號,100.79,,鄉村區,乙種建築用地,1040719,土地1建物1車位0,全,2,透天厝,住商用,加強磚造,0691231,125.19,3,1,2,有,無,無,8000,64,,0.0,0,,RPUNMLMLPHKFFAR07CC
永康區,建物,臺南市永康區正義街126巷1~30號,0.0,住,,,1040722,土地0建物0車位0,全,5,透天厝,住商用,鋼筋混凝土造,0961114,16.52,1,0,1,有,無,有,6000,363,,0.0,0,,RPXNMLNLPHKFFHR18CC
中西區,建物,臺南市中西區臨安路一段1~30號,0.0,住,,,1040627,土地0建物1車位0,全,2,透天厝,住家用,磚造,0510101,99.54,2,2,2,有,無,無,23000,231,,0.0,0,,RPQNMLNLPHKFFAD97CC
北區,建物,臺南市北區長北街121~150號,0.0,住,,,1040717,土地0建物1車位0,五層,6,華廈(10層含以下有電梯),住家用,鋼筋混凝土構造,0861022,84.56,2,2,2,有,有,無,13500,160,,0.0,0,,RPPOMLNLPHKFFAD97CC
中西區,房地(土地+建物),臺南市中西區五妃街1~30號,0.0,住,,,1040722,土地1建物1車位0,六層,8,華廈(10層含以下有電梯),住家用,鋼筋混凝土構造,0851016,46.86,2,1,1,有,無,有,11000,235,,0.0,0,,RPTOMLNLPHKFFAD38CC
東區,房地(土地+建物)+車位,臺南市東區崇明路121~150號,0.0,住,,,1040713,土地1建物1車位1,六層,16,住宅大樓(11層含以上有電梯),住家用,鋼筋混凝土構造,0850203,78.09,3,2,2,有,無,有,17000,218,坡道平面,13.37,0,租賃合約書無填寫土地租賃.租金含管理費及車位,RPWPMLNLPHKFFCD98CC
東區,建物,臺南市東區府東街91~120號,0.0,住,,,1040723,土地0建物1車位0,一層,12,住宅大樓(11層含以上有電梯),住商用,鋼筋混凝土構造,0880805,57.87,0,0,1,有,無,無,10000,173,,0.0,0,,RPSNMLOLPHKFFCD48CC
東區,房地(土地+建物),臺南市東區中華東路三段1~30號,41.36,商,,,1040724,土地1建物1車位0,見其他登記事項,5,店面(店鋪),住商用,鋼筋混凝土構造,0700325,147.3,2,1,2,有,無,無,25000,170,,0.0,0,租任層次為公寓1、2樓樓店,RPTNMLPLPHKFFCD68CC
北區,建物,臺南市北區長勝路80巷1~30號,0.0,住,,,1040724,土地0建物1車位0,全,3,透天厝,住家用,鋼筋混凝土構造,0701128,85.3,2,2,2,有,無,有,10000,117,,0.0,0,,RPQNMLPLPHKFFAD18CC
新市區,房地(土地+建物),臺南市新市區中正路92巷1~30號,23.5,其他,,,1040725,土地1建物1車位0,三層,8,華廈(10層含以下有電梯),住家用,鋼筋混凝土造,0830806,87.36,3,2,2,有,無,有,13860,159,,0.0,0,,RPQNMLPLPHKFFER37CC
北區,房地(土地+建物),臺南市北區公園南路361~390號,6.88,住,,,1040708,土地1建物1車位0,十層,14,住宅大樓(11層含以上有電梯),見其他登記事項,見其他登記事項,0960824,47.16,1,1,1,有,有,有,13500,286,,0.0,0,,RPPNMLQLPHKFFAD18CC
北區,建物,臺南市北區裕民街61~90號,0.0,商,,,1040722,土地0建物1車位0,全,2,透天厝,住家用,加強磚造,0520211,82.18,2,2,2,有,無,有,13000,158,,0.0,0,,RPSNMLSLPHKFFAD68CC
安平區,建物,臺南市安平區育平九街192巷61~90號,0.0,商,,,1040726,土地0建物1車位0,八層,11,住宅大樓(11層含以上有電梯),住家用,鋼筋混凝土構造,0830512,112.13,3,2,2,有,有,有,7000,62,,0.0,0,,RPTNMLSLPHKFFAD78CC
北區,房地(土地+建物)+車位,臺南市北區公園南路362巷1~30號,10.66,住,,,1040727,土地1建物0車位0,十七層,23,住宅大樓(11層含以上有電梯),住家用,鋼筋混凝土構造,0840104,90.75,3,2,2,有,無,有,16000,176,坡道機械,0.0,0,,RPVNMLSLPHKFFAD98CC
北區,建物,臺南市北區開元路485巷31~60號,0.0,商,,,1040724,土地0建物1車位0,一層,12,店面(店鋪),商業用,鋼筋混凝土構造,0701228,102.21,2,0,2,有,無,無,16200,158,,0.0,0,,RPWNMLSLPHKFFAD09CC
北區,建物,臺南市北區大興街246巷61~90號,0.0,住,,,1040723,土地0建物1車位0,全,2,透天厝,住家用,加強磚造,0650902,88.58,4,2,2,有,無,無,17000,192,,0.0,0,,RPPOMLSLPHKFFAD48CC
南區,建物,臺南市南區金華路一段503巷1~30號,0.0,住,,,1040724,土地0建物1車位0,五層,5,公寓(5樓含以下無電梯),住家用,鋼筋混凝土構造,0710430,86.98,3,2,1,有,無,有,9000,103,,0.0,0,,RPSNMLSLPHKFFCD88CC
南區,建物,臺南市南區中華南路二段300巷2弄1~30號,0.0,住,,,1040725,土地0建物1車位0,五層,5,公寓(5樓含以下無電梯),見其他登記事項,鋼筋混凝土構造,0711129,92.42,2,1,2,有,無,有,10000,108,,0.0,0,,RPTNMLSLPHKFFCD98CC
南區,建物,臺南市南區健康路二段331~360號,0.0,住,,,1040726,土地0建物1車位0,全,4,透天厝,住商用,鋼筋混凝土構造,0770530,164.92,6,2,4,有,無,無,20000,121,,0.0,0,,RPVNMLSLPHKFFCD56CC
東區,建物,臺南市東區東寧路西段1~30號,0.0,住,,,1040723,土地0建物1車位0,全,9,透天厝,見其他登記事項,鋼筋混凝土構造,0830713,164.39999999999998,5,2,2,有,有,有,20000,122,,0.0,0,1.租賃契約書無填寫土地租賃面積2.由所有權人提供租屋資訊3.租賃層次為地下層至一到三樓4.含平面式車位,RPROMLSLPHKFFCD88CC
東區,房地(土地+建物),臺南市東區育樂街1~30號,388.0,商,,,1040722,土地1建物1車位0,見其他登記事項,2,店面(店鋪),住商用,見其他登記事項,0520101,163.63,0,0,0,無,無,無,120000,733,,0.0,0,,RPTOMLSLPHKFFCD09CC
南區,房地(土地+建物),臺南市南區中華南路一段91~120號,0.0,住,,,1040628,土地1建物1車位0,見其他登記事項,4,店面(店鋪),住商用,鋼筋混凝土構造,0680717,239.18,4,1,4,有,無,無,24500,102,,0.0,0,,RPWOMLSLPHKFFCD76CC
安南區,土地,海東段1291~1320地號,124.28,其他,,,1040701,土地1建物0車位0,,,其他,,,,0.0,0,0,0,有,無,無,8000,64,,0.0,0,,RPUNMLSLPHKFFBD98CC
安南區,建物,臺南市安南區安和路一段52巷21弄1~30號,0.0,住,,,1040724,土地0建物1車位0,全,2,透天厝,住商用,加強磚造,0680323,94.66,5,1,2,有,無,無,11000,116,,0.0,0,1.租賃契約書無填寫土地租賃面積2.由所有權人提供租屋資訊3.含平面式車位,RPVNMLSLPHKFFBD09CC
永康區,建物,臺南市永康區中華路901~930號,0.0,住,,,1040724,土地0建物1車位0,一層,5,店面(店鋪),見其他登記事項,鋼筋混凝土造,0821123,118.89,0,2,0,有,無,有,30000,252,,0.0,0,,RPQNMLSLPHKFFHR97CC
永康區,房地(土地+建物),臺南市永康區國光路361~390號,97.0,其他,,,1040727,土地1建物1車位0,全,4,透天厝,見其他登記事項,鋼筋混凝土造,0860906,224.94,5,1,4,有,無,有,35000,156,,0.0,0,,RPWNMLTLPHKFFHR68CC
新市區,房地(土地+建物),臺南市新市區永華二街31~60號,61.32,,特定專用區,甲種建築用地,1040729,土地1建物1車位0,二層,8,華廈(10層含以下有電梯),住家用,鋼筋混凝土造,0860825,112.99,3,2,2,有,有,有,10000,89,,0.0,0,,RPRNMLTLPHKFFER87CC
新市區,房地(土地+建物),臺南市新市區大營路121~150號,79.0,,特定農業區,甲種建築用地,1040727,土地1建物1車位0,全,4,透天厝,見其他登記事項,鋼筋混凝土造,0850315,190.4,5,1,3,有,無,無,16000,84,,0.0,0,,RPSNMLTLPHKFFER97CC
南區,建物,臺南市南區建南路271~300號,0.0,住,,,1040607,土地0建物1車位0,四層,4,套房(1房1廳1衛),住商用,鋼筋混凝土構造,0740410,23.14,1,0,1,有,無,有,6000,259,,0.0,0,,RPXNMLTLPHKFFCD86CC
安平區,房地(土地+建物),臺南市安平區建平17街241~270號,150.36,住,,,1040701,土地2建物1車位0,全,4,透天厝,見其他登記事項,鋼筋混凝土構造,0960612,496.0,6,2,5,有,無,有,100000,202,,0.0,0,,RPPOMLTLPHKFFAD58CC
中西區,建物,臺南市中西區西門路二段121~150號,0.0,商,,,1040729,土地0建物1車位0,二層,5,店面(店鋪),住商用,鋼筋混凝土構造,0710607,103.7,0,0,0,無,無,無,10000,96,,0.0,0,,RPSOMLTLPHKFFAD88CC
安平區,建物,臺南市安平區慶平路481~510號,0.0,商,,,1040701,土地0建物1車位0,十二層,22,住宅大樓(11層含以上有電梯),住家用,鋼筋混凝土構造,0840516,174.85,4,2,2,有,有,有,20000,114,,0.0,0,,RPXNMLKMPHKFFAD48CC
善化區,房地(土地+建物),臺南市善化區永安路31~60號,66.13,其他,,,1040730,土地1建物1車位0,全,2,透天厝,住商用,加強磚造,0711227,95.98,3,2,2,有,無,有,12000,125,,0.0,0,,RPUNMLKMPHKFFER37CC
永康區,建物,臺南市永康區中山南路43巷1~30號,0.0,住,,,1040716,土地0建物1車位0,五層,5,公寓(5樓含以下無電梯),住家用,鋼筋混凝土造,0710810,88.58000000000001,2,1,1,有,無,有,7500,85,,0.0,0,,RPPNMLKMPHKFFHR17CC
新營區,房地(土地+建物),臺南市新營區豬山路91~120號,15.85,住,,,1040716,土地1建物1車位0,十一層,17,住宅大樓(11層含以上有電梯),住家用,鋼筋混凝土造,0821012,148.74,3,2,2,有,有,有,8000,54,,0.0,0,,RPTNMLLMPHKFFAR96CC
北區,建物,臺南市北區北安路一段176巷1~30號,18.97,住,,,1040704,土地0建物1車位0,八層,13,住宅大樓(11層含以上有電梯),見其他登記事項,見其他登記事項,0951129,74.41,2,2,1,有,有,有,10000,134,,0.0,0,,RPSNMLLMPHKFFAD18DC
