﻿編號,屋齡,建物移轉面積平方公尺,主要用途,主要建材,建築完成日期,總層數,建物分層
The serial number,room age,building shifting area square meter,the main use,main building materials,construction completes the date,total layer,building lamination
RPOOMLOJNHKFFAE67CC,25,57.83,商業用,鋼筋混凝土造,79年2月16日,十二層,
RPQOMLLJNHKFFAE57CC,23,334.91,住家用,鋼筋混凝土造,81年9月25日,二層,
RPSNMLMJNHKFFAE77CC,10,99.24,住家用,鋼筋混凝土造,93年11月4日,十四層,
RPWNMLMJNHKFFAE18CC,25,288.76,商業用,鋼筋混凝土造,79年3月20日,十八層,
RPPOMLOJNHKFFAE77CC,25,57.83,商業用,鋼筋混凝土造,79年2月16日,十二層,
RPOOMLLJNHKFFBE47CC,38,39.97,,鋼筋混凝土造,65年11月24日,十層,
RPPOMLLJNHKFFBE57CC,38,48.93,,鋼筋混凝土造,65年11月24日,十層,
RPTNMLMJNHKFFBE97CC,18,94.21,住家用,鋼筋混凝土造,86年4月21日,三十五層,
RPUNMLMJNHKFFBE08CC,18,277.69,住家用,鋼筋混凝土造,86年4月21日,三十五層,
RPVNMLOJNHKFFEE68CC,21,144.09,住家用,鋼筋混凝土造,83年8月16日,十層,
RPQNMLMJNHKFFEE97CC,9,82.85,住家用,鋼筋混凝土造,95年5月5日,十三層,
RPSNMLPJNHKFFFE58CC,22,88.25,住家用,鋼筋混凝土造,82年2月4日,五層,
RPTNMLPJNHKFFAE18CC,12,189.83,住商用,鋼筋混凝土造,92年6月10日,四層,
RPVNMLPJNHKFFAE38CC,16,52.52,住家用,鋼筋混凝土造,88年1月16日,四層,
RPQNMLLJNHKFFIE28CC,29,197.44,住家用,鋼筋混凝土造,75年5月30日,三層,
RPROMLQJNHKFFBE28CC,17,24.43,住家用,鋼筋混凝土造,87年8月3日,十四層,
RPROMLQJNHKFFBE28CC,17,9.24,見其他登記事項,鋼筋混凝土造,87年8月3日,十四層,
RPROMLOJNHKFFLE09CC,17,23.72,共有部份,鋼筋混凝土造,87年2月25日,十七層,
RPROMLOJNHKFFLE09CC,17,83.54,住家用,鋼筋混凝土造,87年2月25日,十七層,
RPPNMLQJNHKFFAE87CC,8,104.03,住家用,鋼筋混凝土造,96年1月31日,十五層,
RPQNMLQJNHKFFEE38CC,9,122.70,住家用,鋼筋混凝土造,94年11月14日,十五層,
RPWOMLQJNHKFFAE68CC,47,114.60,,加強磚造,57年4月18日,三層,
RPOOMLPJNHKFFBE87CC,22,55.28,商業用,鋼筋混凝土造,82年3月4日,二十八層,
RPXNMLPJNHKFFDE88CC,37,21.60,,鋼筋混凝土造,67年6月23日,四層,
RPQNMLPJNHKFFDE18CC,10,494.27,住商用,鋼筋混凝土造,94年7月13日,十二層,
RPRNMLRJNHKFFBE28CC,7,134.68,住家用,鋼筋混凝土造,97年9月30日,十五層,
RPRNMLRJNHKFFBE28CC,7,15.11,住家用,鋼筋混凝土造,97年9月30日,十五層,
RPRNMLRJNHKFFBE28CC,7,140.17,共有部分,鋼筋混凝土造,97年9月30日,十五層,
RPSNMLRJNHKFFAE28CC,20,112.79,商業用,鋼筋混凝土造,84年1月25日,二十三層,
RPSNMLRJNHKFFAE28CC,20,178.96,商業用,鋼筋混凝土造,84年1月25日,二十三層,
RPSNMLRJNHKFFBE38CC,34,57.53,,鋼筋混凝土造,69年12月1日,八層,
RPSNMLRJNHKFFBE38CC,34,8.74,,鋼筋混凝土造,69年12月1日,八層,
RPRQMLQJNHKFFEE78CC,2,99.07,住家用,鋼筋混凝土造,102年5月31日,十五層,
RPRPMLRJNHKFFEE78CC,22,192.08,商業用,見其它登記事項,82年7月20日,一層,
RPSNMLSJNHKFFBE48CC,25,68.63,,鋼筋混凝土造,78年11月9日,十二層,
RPQOMLSJNHKFFAE28CC,57,409.43,住商用,見其它登記事項,47年9月4日,四層,
RPRNMLRJNHKFFDE48CC,3,477.38,住商用,鋼筋混凝土造,101年8月13日,五層,
RPWOMLSJNHKFFDE56CC,25,164.82,,鋼筋混凝土造,79年5月18日,十二層,
RPXNMLPJNHKFFGE56CC,41,15.48,住家用,加強磚造,62年10月30日,三層,
RPXNMLPJNHKFFGE56CC,41,45.03,住家用,加強磚造,62年10月30日,三層,
RPXNMLPJNHKFFGE56CC,41,60.51,住家用,加強磚造,62年10月30日,三層,
RPXNMLPJNHKFFGE56CC,41,60.51,住家用,加強磚造,62年10月30日,三層,
RPTOMLPJNHKFFGE88CC,5,229.24,見其他登記事項,鋼筋混凝土造,99年1月28日,四層,
RPVNMLSJNHKFFBE88DC,31,78.85,,鋼筋混凝土造,73年4月27日,五層,
RPSNMLPJNHKFFGE68CC,5,140.00,見其他登記事項,見其他登記事項,99年9月9日,三層,
RPRNMLSJNHKFFGE88CC,,167.68,見其他登記事項,見其他登記事項,104年1月28日,一層,
RPQNMLTJNHKFFDE58CC,42,194.82,,鋼筋混凝土造,62年3月12日,三層,
RPPNMLTJNHKFFEE68DC,26,253.61,住商用,鋼筋混凝土造,77年12月6日,四層,
RPPNMLTJNHKFFAE18CC,24,260.54,商業用,鋼筋混凝土造,80年5月8日,十二層,
RPROMLLKNHKFFDE08CC,38,162.83,,鋼筋混凝土造,66年7月12日,四層,
RPXNMLLKNHKFFBE38CC,16,508.54,商業用,鋼筋混凝土造,88年2月2日,三層,
RPOOMLLKNHKFFBE57CC,11,54.61,住家用,鋼筋混凝土造,93年3月3日,十四層,
RPQOMLLKNHKFFBE77CC,29,90.84,,鋼筋混凝土造,75年3月7日,七層,
RPQNMLRJNHKFFCE28CC,9,119.23,住家用,鋼筋混凝土造,95年3月17日,十五層,
RPQNMLRJNHKFFCE28CC,9,20.91,住家用,鋼筋混凝土造,95年3月17日,十五層,
RPQNMLRJNHKFFCE28CC,9,78.80,共有部份,鋼筋混凝土造,95年3月17日,十五層,
RPPNMLTJNHKFFCE38CC,13,326.54,住商用,鋼筋混凝土造,91年6月19日,十四層,
RPWOMLMKNHKFFEE78CC,,49.07,住家用,鋼筋混凝土造,103年11月4日,十五層,
RPWOMLMKNHKFFEE78CC,,6.34,住家用,鋼筋混凝土造,103年11月4日,十五層,
RPWOMLMKNHKFFEE78CC,,30.01,見其它登記事項,鋼筋混凝土造,103年11月4日,十五層,
RPXNMLLKNHKFFCE48CC,22,294.73,住商用,鋼筋混凝土造,82年10月2日,五層,
RPSOMLMKNHKFFEE38CC,1,50.38,住家用,鋼筋混凝土造,103年3月27日,十五層,
RPSOMLMKNHKFFEE38CC,1,5.87,住家用,鋼筋混凝土造,103年3月27日,十五層,
RPSOMLMKNHKFFEE38CC,1,58.38,見其它登記事項,鋼筋混凝土造,103年3月27日,十五層,
RPSNMLMKNHKFFEE28CC,20,131.72,工業用,鋼筋混凝土造,84年5月2日,十三層,
RPSNMLMKNHKFFEE28CC,20,213.64,見使用執照,鋼筋混凝土造,84年5月2日,十三層,
RPSNMLMKNHKFFEE28CC,20,120.47,工業用,鋼筋混凝土造,84年5月2日,十三層,
RPSNMLMKNHKFFEE28CC,20,68.33,工業用,鋼筋混凝土造,84年5月2日,十三層,
RPSNMLMKNHKFFEE28CC,20,123.95,工業用,鋼筋混凝土造,84年5月2日,十三層,
RPSNMLMKNHKFFEE28CC,20,127.44,工業用,鋼筋混凝土造,84年5月2日,十三層,
RPVOMLMKNHKFFCE48CC,4,151.36,住家用,見其它登記事項,100年6月22日,二十七層,
RPVOMLMKNHKFFCE48CC,4,22.63,住家用,見其它登記事項,100年6月22日,二十七層,
RPVOMLMKNHKFFCE48CC,4,120.72,見其它登記事項,見其它登記事項,100年6月22日,二十七層,
RPWOMLNKNHKFFGE09CC,15,50.17,住家用,鋼筋混凝土造,89年10月20日,十四層,
RPQNMLNKNHKFFDE08CC,19,169.89,住家用,鋼筋混凝土造,84年12月19日,十六層,
RPRNMLNKNHKFFBE97CC,38,245.24,,鋼筋混凝土造,66年3月15日,四層,
RPSNMLNKNHKFFBE08CC,11,174.31,住商用,鋼筋混凝土造,92年11月28日,十四層,
RPTNMLNKNHKFFBE18CC,34,132.04,,鋼筋混凝土造,70年9月30日,七層,
RPTNMLNKNHKFFBE18CC,34,127.41,,鋼筋混凝土造,70年9月30日,七層,
RPWNMLOKNHKFFFE98CC,34,943.00,工業用,鋼筋混凝土造,70年6月30日,二層,
RPTNMLMKNHKFFBE08CC,18,90.05,住家用,鋼筋混凝土造,86年4月21日,三十五層,
RPRNMLPKNHKFFAE08CC,5,94.83,商業用,見其它登記事項,99年2月1日,二層,
RPPOMLOKNHKFFCE08CC,21,75.04,商業用,加強磚造,82年12月31日,一層,
RPQNMLPKNHKFFCE18CC,23,181.75,商業用,鋼筋混凝土造,81年2月25日,十八層,
RPQNMLPKNHKFFCE18CC,23,22.49,見使用執照,鋼筋混凝土造,81年2月25日,十八層,
RPQNMLPKNHKFFCE18CC,23,26.62,見使用執照,鋼筋混凝土造,81年2月25日,十八層,
RPRNMLPKNHKFFCE28CC,37,51.40,,鋼筋混凝土造,67年7月28日,四層,
RPROMLOKNHKFFBE18CC,18,234.71,住家用,鋼筋混凝土造,86年4月21日,三十五層,
RPSOMLOKNHKFFBE28CC,14,132.86,見其他登記事項,鋼筋混凝土造,90年5月29日,二十四層,
RPSNMLOKNHKFFHE88DC,20,128.32,住商用,鋼筋混凝土造,84年2月22日,四層,
RPPNMLPKNHKFFEE28CC,17,89.49,住家用,鋼筋混凝土造,87年5月2日,十四層,
RPUNMLPKNHKFFEE78CC,8,36.36,見其它登記事項,鋼筋混凝土造,95年11月14日,五層,
RPWNMLPKNHKFFEE98CC,12,135.17,見使用執照,見使用執照,92年9月9日,二層,
RPXNMLPKNHKFFEE09CC,16,148.47,住家用,見使用執照,88年7月3日,二十二層,
RPXNMLPKNHKFFEE09CC,16,26.58,見使用執照,見使用執照,88年7月3日,二十二層,
RPXNMLPKNHKFFEE09CC,16,18.88,見使用執照,見其它登記事項,88年7月3日,二十二層,
RPQNMLPKNHKFFFE48CC,57,181.47,商業用,鋼筋混凝土造,47年3月1日,三層,
RPQNMLPKNHKFFFE48CC,50,143.52,住商用,加強磚造,54年5月11日,二層,
RPQOMLPKNHKFFBE18CC,11,140.52,住商用,鋼筋混凝土造,92年11月28日,十四層,
RPQOMLPKNHKFFBE18CC,11,41.18,見其他登記事項,鋼筋混凝土造,92年11月28日,十四層,
RPUNMLPKNHKFFBE48CC,38,95.14,,鋼筋混凝土造,66年7月20日,七層,
RPOOMLPKNHKFFBE97CC,32,250.24,,鋼筋混凝土造,72年3月5日,十二層,
RPQNMLPKNHKFFBE08CC,7,31.27,住家用,鋼筋混凝土造,97年9月19日,十三層,
RPQNMLPKNHKFFBE08CC,7,8.44,共有部分,鋼筋混凝土造,97年9月19日,十三層,
RPQNMLPKNHKFFBE08CC,7,8.63,共有部分,鋼筋混凝土造,97年9月19日,十三層,
RPSNMLPKNHKFFBE28CC,18,134.72,住家用,鋼筋混凝土造,86年4月21日,三十五層,
RPWNMLQKNHKFFGE66CC,9,45.81,見其他登記事項,見其他登記事項,95年5月25日,三層,
RPXNMLQKNHKFFGE76CC,9,135.96,見其他登記事項,見其他登記事項,95年5月25日,三層,
RPRNMLQKNHKFFFE68CC,1,133.74,見其他登記事項,見其他登記事項,103年5月21日,一層,
RPRNMLQKNHKFFFE68CC,1,131.41,見其他登記事項,見其他登記事項,103年5月21日,一層,
RPRNMLQKNHKFFFE68CC,1,52.96,見其他登記事項,見其他登記事項,103年5月21日,一層,
RPROMLPKNHKFFGE78CC,25,181.31,商業用,鋼筋混凝土造,79年7月27日,十二層,
RPSNMLPKNHKFFGE78CC,3,89.20,見其他登記事項,見其他登記事項,101年9月1日,十五層,
RPSNMLPKNHKFFGE78CC,3,70.05,見其他登記事項,見其他登記事項,101年9月1日,十五層,
RPSNMLQKNHKFFFE78CC,21,209.06,商業用,鋼筋混凝土造,83年1月6日,十二層,
RPVOMLOKNHKFFDE78CC,34,52.73,,鋼筋混凝土造,70年1月6日,五層,
RPTNMLQKNHKFFFE88CC,19,281.65,住商用,鋼造,84年11月15日,一層,
RPUNMLOKNHKFFAE28CC,21,101.77,住商用,鋼筋混凝土造,83年1月26日,十三層,
RPPNMLQKNHKFFEE38CC,10,331.76,住商用,鋼筋混凝土造,94年1月11日,四層,
RPPNMLQKNHKFFEE38CC,10,27.48,住商用,鋼筋混凝土造,94年1月11日,四層,
RPROMLOKNHKFFDE38CC,17,119.30,住家用,鋼筋混凝土造,86年12月20日,十四層,
RPROMLOKNHKFFDE38CC,17,32.12,見使用執照,鋼筋混凝土造,86年12月20日,十四層,
RPTNMLSKNHKFFCE78CC,30,175.36,,鋼筋混凝土造,74年5月6日,四層,
RPTNMLSKNHKFFCE78CC,30,.09,見使用執照,鋼筋混凝土造,74年5月6日,三層,
RPPNMLRKNHKFFBE18CC,23,177.36,見使用執照,鋼筋混凝土造,81年6月29日,二十五層,
RPTNMLQKNHKFFBE48CC,18,120.66,住家用,鋼筋混凝土造,86年4月21日,三十五層,
RPRNMLSKNHKFFDE68CC,22,45.36,住家用,鋼筋混凝土造,82年6月4日,十九層,
RPRNMLSKNHKFFDE68CC,22,13.99,見使用執照,鋼筋混凝土造,82年6月4日,十九層,
RPRNMLTKNHKFFGE09CC,30,59.96,住商用,加強磚造,74年1月24日,二層,
RPQNMLSKNHKFFLE76CC,22,182.27,住商用,鋼筋混凝土造,82年1月3日,五層,
RPWNMLSKNHKFFEE66CC,21,69.10,住家用,鋼筋混凝土造,83年8月16日,十層,
RPWNMLSKNHKFFEE66CC,21,29.31,見使用執照,鋼筋混凝土造,83年8月16日,十層,
RPTNMLSKNHKFFDE88CC,48,88.53,住商用,加強磚造,56年10月9日,二層,
RPQNMLTKNHKFFDE68CC,55,62.80,,磚造,49年5月8日,二層,
RPQNMLSKNHKFFBE38CC,42,202.20,,加強磚造,62年3月28日,三層,
RPXNMLTKNHKFFDE76CC,40,179.58,,加強磚造,64年2月17日,三層,
RPXNMLTKNHKFFEE86CC,18,136.74,商業用,鋼筋混凝土造,86年1月22日,十九層,
RPSQMLTKNHKFFEE66CC,10,148.60,住家用,鋼筋混凝土造,94年1月31日,十一層,
RPXNMLTKNHKFFEE86CC,18,146.77,住家用,鋼筋混凝土造,86年1月22日,十九層,
RPXNMLTKNHKFFEE86CC,18,83.28,見使用執照,鋼筋混凝土造,86年1月22日,十九層,
RPUQMLTKNHKFFEE86CC,1,107.13,住家用,鋼筋混凝土造,103年4月29日,十三層,
RPVQMLTKNHKFFEE96CC,21,156.42,住家用,鋼筋混凝土造,83年7月1日,十五層,
RPTNMLTKNHKFFEE09CC,1,46.98,住家用,鋼筋混凝土造,103年3月27日,十五層,
RPTNMLTKNHKFFEE09CC,1,8.44,住家用,鋼筋混凝土造,103年3月27日,十五層,
RPTNMLTKNHKFFEE09CC,1,57.91,見其它登記事項,鋼筋混凝土造,103年3月27日,十五層,
RPROMLTKNHKFFBE68CC,36,90.61,,鋼筋混凝土造,68年11月7日,五層,
RPSNMLKLNHKFFBE87CC,35,95.40,,鋼筋混凝土造,69年2月4日,五層,
RPSNMLTKNHKFFBE68CC,29,165.92,,鋼筋混凝土造,75年8月13日,十二層,
RPTNMLTKNHKFFBE78CC,27,166.38,,鋼筋混凝土造,77年2月9日,十八層,
RPQNMLLLNHKFFCE87CC,24,138.84,商業用,鋼筋混凝土造,80年5月8日,十二層,
RPVNMLKLNHKFFCE28CC,9,54.96,住家用,鋼筋混凝土造,94年12月28日,十五層,
RPVNMLKLNHKFFCE28CC,9,24.49,共有部份,鋼筋混凝土造,94年12月28日,十五層,
RPXOMLLLNHKFFEE88CC,21,212.45,住家用,鋼筋混凝土造,83年5月13日,七層,
RPWNMLSKNHKFFAE88CC,20,159.32,住家用,鋼筋混凝土造,81年7月17日,十四層,
RPROMLSKNHKFFAE48CC,6,173.25,商業用,見其它登記事項,97年12月10日,二層,
RPROMLSKNHKFFAE48CC,6,171.99,商業用,見其它登記事項,97年12月10日,二層,
RPROMLSKNHKFFAE48CC,6,87.45,商業用,見其它登記事項,97年12月10日,二層,
RPROMLSKNHKFFAE48CC,6,87.45,商業用,見其它登記事項,97年12月10日,二層,
RPROMLSKNHKFFAE48CC,6,97.50,商業用,見其它登記事項,97年12月10日,二層,
RPROMLSKNHKFFAE48CC,6,63.72,商業用,見其它登記事項,97年12月10日,二層,
RPRNMLLLNHKFFDE08CC,21,70.94,商業用,鋼筋混凝土造,83年11月1日,十二層,
RPSNMLLLNHKFFGE48CC,9,413.20,見其他登記事項,見其他登記事項,95年4月13日,二層,
RPWNMLKLNHKFFAE18CC,8,89.64,住家用,鋼筋混凝土造,95年12月5日,十九層,
RPWNMLKLNHKFFAE18CC,8,37.21,見其它登記事項,鋼筋混凝土造,95年12月5日,十九層,
RPSOMLMLNHKFFEE48CC,21,131.46,住家用,鋼筋混凝土造,83年9月10日,十八層,
RPQPMLMLNHKFFDE28CC,,92.00,住商用,鋼筋混凝土造,103年11月24日,十五層,
RPQPMLMLNHKFFDE28CC,,43.41,共有部分,鋼筋混凝土造,103年11月24日,十五層,
RPTOMLMLNHKFFEE58CC,36,63.21,,鋼筋混凝土造,68年2月20日,三層,
RPTNMLTKNHKFFAE68CC,27,202.83,見使用執照,見使用執照,77年7月19日,一層,
RPTNMLTKNHKFFAE68CC,27,224.45,見使用執照,見使用執照,77年7月18日,一層,
RPPOMLTKNHKFFAE38CC,21,153.22,住家用,鋼筋混凝土造,83年8月16日,十二層,
RPVNMLSKNHKFFAE78CC,29,104.31,,鋼筋混凝土造,75年5月1日,五層,
RPSOMLTKNHKFFAE68CC,25,261.64,商業用,鋼筋混凝土造,79年5月17日,七層,
RPQNMLLLNHKFFJE58CC,31,148.07,住商用,加強磚造,73年6月1日,二層,
RPPNMLNLNHKFFEE18CC,25,254.86,住家用,鋼骨混凝土造,79年10月2日,二十四層,
RPPNMLNLNHKFFEE18CC,26,71.59,住商用,鋼筋混凝土造,78年8月8日,十層,
RPSOMLMLNHKFFAE08CC,9,157.35,住家用,鋼筋混凝土造,95年3月3日,十五層,
RPXNMLMLNHKFFAE48CC,7,143.01,住家用,鋼筋混凝土造,97年7月11日,十四層,
RPRPMLMLNHKFFEE48CC,15,154.62,住家用,見其它登記事項,89年8月17日,十三層,
RPUPMLMLNHKFFEE78CC,1,109.32,住家用,鋼筋混凝土造,103年3月27日,十五層,
RPRQMLMLNHKFFEE58CC,17,131.30,住家用,鋼筋混凝土造,87年2月13日,十四層,
RPOOMLMLNHKFFAE67CC,12,131.17,住家用,鋼筋混凝土造,92年10月22日,十四層,
RPOOMLPLNHKFFEE38CC,1,60.74,住家用,鋼筋混凝土造,103年11月4日,十五層,
RPOOMLPLNHKFFEE38CC,1,12.24,住家用,鋼筋混凝土造,103年11月4日,十五層,
RPOOMLPLNHKFFEE38CC,1,59.25,見其它登記事項,鋼筋混凝土造,103年11月4日,十五層,
RPPNMLPLNHKFFDE28CC,34,209.63,,鋼筋混凝土造,69年11月27日,四層,
RPUOMLPLNHKFFEE98CC,14,90.06,住家用,鋼筋混凝土造,89年11月17日,二十一層,
RPUOMLPLNHKFFEE98CC,14,59.38,見使用執照,見使用執照,89年11月17日,二十一層,
RPQOMLPLNHKFFEE58CC,,49.07,住家用,鋼筋混凝土造,103年11月4日,十五層,
RPQOMLPLNHKFFEE58CC,,6.34,住家用,鋼筋混凝土造,103年11月4日,十五層,
RPQOMLPLNHKFFEE58CC,,40.37,見其它登記事項,鋼筋混凝土造,103年11月4日,十五層,
RPOOMLPLNHKFFBE08CC,42,60.77,,加強磚造,62年5月11日,三層,
RPUNMLPLNHKFFBE58CC,9,123.89,住家用,鋼筋混凝土造,94年12月6日,十四層,
RPUNMLPLNHKFFBE58CC,9,13.36,住家用,鋼筋混凝土造,94年12月6日,十四層,
RPUNMLPLNHKFFBE58CC,9,83.45,見其他登記事項,鋼筋混凝土造,94年12月6日,十四層,
RPVNMLPLNHKFFAE58CC,9,97.83,住家用,鋼筋混凝土造,95年2月20日,十五層,
RPVNMLPLNHKFFAE58CC,9,19.57,共有部分,鋼筋混凝土造,95年2月20日,十五層,
RPVNMLPLNHKFFAE58CC,9,12.00,共有部分,鋼筋混凝土造,95年2月20日,十五層,
RPTPMLQLNHKFFAE68CC,3,103.11,住商用,鋼筋混凝土造,101年7月10日,十四層,
RPWNMLQLNHKFFAE78CC,9,92.00,住家用,鋼筋混凝土造,95年1月26日,十五層,
RPRNMLNLNHKFFBE08CC,18,94.21,住家用,鋼筋混凝土造,86年4月21日,三十五層,
RPSOMLQLNHKFFGE56DC,6,50.68,見其他登記事項,見其他登記事項,98年3月30日,十四層,
RPWOMLQLNHKFFGE96DC,6,50.68,見其他登記事項,見其他登記事項,98年3月30日,十四層,
RPRNMLPLNHKFFCE38CC,1,54.40,住家用,鋼筋混凝土造,103年4月7日,十五層,
RPRNMLPLNHKFFCE38CC,1,7.59,住家用,鋼筋混凝土造,103年4月7日,十五層,
RPRNMLPLNHKFFCE38CC,1,30.77,見其它登記事項,鋼筋混凝土造,103年4月7日,十五層,
RPSNMLQLNHKFFBE48CC,44,282.16,,鋼筋混凝土造,60年1月25日,四層,
RPQNMLQLNHKFFCE38CC,21,32.60,見使用執照,鋼筋混凝土造,83年8月16日,十二層,
RPTOMLQLNHKFFCE78CC,21,131.56,住家用,鋼筋混凝土造,83年10月1日,二十層,
RPVOMLRLNHKFFEE76DC,39,159.12,,加強磚造,65年8月25日,三層,
RPPNMLRLNHKFFEE58CC,16,96.09,住商用,見使用執照,88年1月16日,十二層,
RPPNMLRLNHKFFEE58CC,16,19.84,見使用執照,見使用執照,88年1月16日,十二層,
RPSOMLRLNHKFFEE98CC,1,147.72,商業用,見其它登記事項,103年8月5日,一層,
RPPNMLRLNHKFFCE38CC,37,75.83,,鋼筋混凝土造,67年1月31日,四層,
RPTPMLSLNHKFFCE09CC,22,211.81,住商用,鋼筋混凝土造,82年4月9日,三層,
RPSNMLRLNHKFFIE66CC,29,171.85,住家用,鋼筋混凝土造,75年9月12日,三層,
RPPOMLQLNHKFFBE38DC,43,35.00,,加強磚造,61年4月11日,三層,
RPQOMLQLNHKFFBE48DC,43,48.00,,加強磚造,61年4月11日,三層,
RPXOMLSLNHKFFAE56CC,3,107.30,住商用,鋼筋混凝土造,101年7月10日,十四層,
RPRNMLKMNHKFFAE77CC,10,55.95,住家用,鋼筋混凝土造,94年9月19日,十五層,
RPPPMLTLNHKFFCE78CC,10,57.53,住家用,鋼筋混凝土造,94年10月28日,十層,
RPPPMLTLNHKFFCE78CC,10,24.27,共有部份,鋼筋混凝土造,94年10月28日,十層,
RPRPMLTLNHKFFCE98CC,36,283.63,,鋼筋混凝土造,68年1月15日,四層,
RPWNMLSLNHKFFDE66CC,26,157.38,,鋼筋混凝土造,78年4月29日,四層,
RPPOMLRLNHKFFBE38CC,26,91.07,,鋼筋混凝土造,78年11月9日,十二層,
RPTNMLRLNHKFFBE68CC,53,159.30,住商用,加強磚造,50年12月20日,三層,
RPTNMLRLNHKFFBE68CC,54,167.25,住商用,加強磚造,50年10月20日,三層,
RPTNMLRLNHKFFBE68CC,53,159.78,,加強磚造,50年12月20日,三層,
RPPNMLLJOHKFFBE57CC,40,260.12,,鋼筋混凝土造,63年11月23日,四層,
RPQNMLLMNHKFFBE87CC,18,122.35,住家用,鋼筋混凝土造,86年4月21日,三十五層,
RPTNMLKMNHKFFBE08CC,20,78.54,住家用,鋼筋混凝土造,84年2月10日,二十一層,
RPUOMLLJOHKFFBE18CC,46,66.59,,加強磚造,58年5月16日,四層,
RPOPMLLJOHKFFCE77CC,30,208.36,,鋼筋混凝土造,74年9月11日,四層,
RPPOMLLJOHKFFCE77CC,10,166.14,住家用,鋼筋混凝土造,93年12月29日,五層,
RPPPMLLJOHKFFCE87CC,1,60.85,住家用,鋼筋混凝土造,103年11月4日,十八層,
RPPPMLLJOHKFFCE87CC,1,28.31,見其它登記事項,鋼筋混凝土造,103年11月4日,十八層,
RPSPMLLJOHKFFGE58CC,37,226.71,住商用,鋼筋混凝土造,67年11月10日,三層,
RPSPMLLJOHKFFGE58CC,37,215.49,住商用,鋼筋混凝土造,67年11月10日,三層,
RPSPMLLJOHKFFGE58CC,37,69.85,見其他登記事項,鋼筋混凝土造,67年11月10日,地下層,
RPTNMLLJOHKFFAE87CC,10,109.24,住家用,鋼筋混凝土造,94年8月2日,十四層,
RPVPMLLJOHKFFAE28CC,37,409.23,,鋼筋混凝土造,67年2月20日,十一層,
RPWNMLMJOHKFFJE56CC,20,139.04,住商用,鋼筋混凝土造,84年1月6日,三層,
RPSOMLQLNHKFFDE78CC,21,76.99,見使用執照,鋼筋混凝土造,83年7月22日,三十層,
RPSOMLQLNHKFFDE78CC,21,223.16,商業用,鋼筋混凝土造,83年7月22日,三十層,
RPPOMLLJOHKFFDE87CC,16,162.00,商業用,鋼筋混凝土造,87年12月23日,十四層,
RPTNMLMJOHKFFDE28CC,28,239.31,,鋼筋混凝土造,76年4月29日,四層,
RPVOMLRLNHKFFDE66DC,44,162.01,住家用,加強磚造,60年8月23日,三層,
RPXOMLMJOHKFFDE78CC,14,52.99,住家用,鋼筋混凝土造,90年11月30日,十三層,
RPXOMLMJOHKFFDE78CC,14,49.01,見使用執照,鋼筋混凝土造,90年11月30日,十三層,
RPOOMLMJOHKFFCE77CC,9,24.49,住家用,鋼筋混凝土造,94年12月28日,十五層,
RPVNMLMJOHKFFCE38CC,9,114.96,住家用,鋼筋混凝土造,95年3月2日,十五層,
RPOOMLMJOHKFFCE77CC,9,52.97,共有部份,鋼筋混凝土造,94年12月28日,十五層,
RPVNMLMJOHKFFCE38CC,9,66.77,住商用,鋼筋混凝土造,95年3月2日,十五層,
RPXNMLMJOHKFFCE58CC,31,68.64,,鋼筋混凝土造,73年5月25日,五層,
RPXNMLMJOHKFFCE58CC,31,9.34,,鋼筋混凝土造,73年5月25日,五層,
RPROMLTLNHKFFGE66CC,23,276.81,住商用,鋼筋混凝土造,81年6月20日,十層,
RPROMLTLNHKFFGE66CC,23,63.49,共有部份,鋼筋混凝土造,81年6月20日,十層,
RPROMLTLNHKFFGE66CC,23,157.00,住商用,鋼筋混凝土造,81年6月20日,十層,
RPXNMLMJOHKFFGE98CC,41,74.10,住家用,加強磚造,63年1月3日,二層,
RPUNMLMJOHKFFGE68CC,4,122.22,見其他登記事項,見其他登記事項,99年12月20日,十五層,
RPUNMLMJOHKFFBE18CC,22,170.93,商業用,鋼筋混凝土造,82年3月4日,二十八層,
RPVNMLMJOHKFFBE28CC,23,198.12,商業用,鋼筋混凝土造,81年9月15日,二十五層,
RPTNMLNJOHKFFBE18CC,38,399.68,,鋼筋混凝土造,66年3月15日,四層,
RPQNMLNJOHKFFBE87CC,31,266.62,,鋼筋混凝土造,73年5月1日,十二層,
RPQNMLNJOHKFFBE87CC,31,525.00,,鋼筋混凝土造,73年5月1日,十二層,
RPQNMLNJOHKFFBE87CC,31,22.35,,鋼筋混凝土造,73年5月1日,十二層,
RPQNMLNJOHKFFBE87CC,31,22.96,,鋼筋混凝土造,73年5月1日,十二層,
RPQNMLNJOHKFFBE87CC,31,151.71,,鋼筋混凝土造,73年5月1日,十二層,
RPQNMLNJOHKFFBE87CC,31,29.77,,鋼筋混凝土造,73年5月1日,十二層,
RPQNMLNJOHKFFBE87CC,31,28.96,,鋼筋混凝土造,73年5月1日,十二層,
RPOPMLNJOHKFFGE38CC,6,55.81,見其他登記事項,見其他登記事項,98年3月30日,十四層,
RPUOMLNJOHKFFGE88CC,9,235.57,見其他登記事項,見其他登記事項,95年2月15日,五層,
RPXOMLNJOHKFFCE78CC,1,161.17,住家用,鋼筋混凝土造,103年7月15日,二十九層,
RPXOMLNJOHKFFCE78CC,1,15.85,住家用,鋼筋混凝土造,103年7月15日,二十九層,
RPXOMLNJOHKFFCE78CC,1,77.70,見其它登記事項,鋼筋混凝土造,103年7月15日,二十九層,
RPSOMLNJOHKFFCE28CC,31,79.24,,鋼筋混凝土造,72年12月12日,五層,
RPVNMLMJOHKFFAE18CC,17,353.58,商業用,鋼筋混凝土造,87年3月10日,十三層,
RPTOMLNJOHKFFAE18CC,2,114.38,住家用,鋼筋混凝土造,102年6月4日,十五層,
RPTOMLNJOHKFFAE18CC,2,17.45,住家用,鋼筋混凝土造,102年6月4日,十五層,
RPTOMLNJOHKFFAE18CC,2,84.85,見其它登記事項,鋼筋混凝土造,102年6月4日,十五層,
RPWNMLMJOHKFFAE28CC,25,128.40,商業用,鋼筋混凝土造,79年2月16日,十二層,
RPPNMLNJOHKFFAE67CC,55,102.86,,加強磚造,49年11月7日,二層,
RPPNMLNJOHKFFAE67CC,55,101.81,,加強磚造,49年11月7日,二層,
RPPOMLOJOHKFFBE97CC,23,112.36,商業用,鋼筋混凝土造,81年6月29日,二十五層,
RPTNMLOJOHKFFCE38CC,9,106.08,住家用,鋼筋混凝土造,95年3月14日,十四層,
RPQOMLOJOHKFFAE97CC,9,124.70,住家用,鋼筋混凝土造,95年1月26日,十五層,
RPVNMLPJOHKFFAE48CC,35,101.58,,鋼筋混凝土造,69年1月24日,九層,
RPPOMLNJOHKFFDE08CC,21,65.61,住家用,鋼筋混凝土造,83年1月5日,十一層,
RPVNMLNJOHKFFEE68CC,18,51.51,住商用,鋼筋混凝土造,86年2月3日,四層,
RPRPMLNJOHKFFEE48CC,1,46.98,住家用,鋼筋混凝土造,103年3月27日,十五層,
RPRPMLNJOHKFFEE48CC,1,8.44,住家用,鋼筋混凝土造,103年3月27日,十五層,
RPRPMLNJOHKFFEE48CC,1,28.64,見其它登記事項,鋼筋混凝土造,103年3月27日,十五層,
RPOQMLPJOHKFFEE48CC,20,249.72,住商用,鋼筋混凝土造,84年5月16日,五層,
RPPQMLPJOHKFFEE58CC,2,181.10,住家用,鋼筋混凝土造,102年10月15日,四層,
RPVOMLPJOHKFFCE78CC,8,91.66,住家用,鋼筋混凝土造,96年5月9日,二十七層,
RPVOMLPJOHKFFCE78CC,8,52.07,共有部份,鋼筋混凝土造,96年5月9日,二十七層,
RPPOMLPJOHKFFDE28CC,17,134.72,商業用,鋼筋混凝土造,87年10月26日,一層,
RPPOMLPJOHKFFDE28CC,17,134.72,商業用,鋼筋混凝土造,87年10月26日,一層,
RPQNMLPJOHKFFBE08CC,37,45.45,,鋼筋混凝土造,67年8月21日,十四層,
RPRNMLSJOHKFFBE48CC,42,81.20,,加強磚造,62年1月19日,二層,
RPRNMLPJOHKFFBE18CC,26,76.07,,鋼筋混凝土造,78年11月9日,十二層,
RPOPMLPJOHKFFBE08CC,37,106.50,,鋼筋混凝土造,67年3月8日,五層,
RPVOMLPJOHKFFDE88CC,22,116.24,住家用,鋼筋混凝土造,82年6月23日,六層,
RPSNMLSJOHKFFBE58CC,35,152.10,,鋼筋混凝土造,69年5月14日,七層,
RPTNMLSJOHKFFBE68CC,23,60.76,住商用,鋼筋混凝土造,81年8月18日,七層,
RPTNMLSJOHKFFBE68CC,23,10.47,見使用執照,鋼筋混凝土造,81年8月18日,七層,
RPXNMLSJOHKFFBE09CC,42,128.38,,加強磚造,62年3月26日,二層,
RPQNMLSJOHKFFIE09CC,3,252.40,見其他登記事項,鋼筋混凝土造,101年11月28日,四層,
RPPOMLTJOHKFFDE68CC,20,62.79,住家用,鋼筋混凝土造,84年6月5日,十二層,
RPOPMLTJOHKFFEE78CC,1,103.78,住家用,見其它登記事項,103年6月26日,二十層,
RPQNMLSJOHKFFAE28CC,41,131.98,,鋼筋混凝土造,63年9月26日,四層,
RPUNMLSJOHKFFAE68CC,9,87.62,商業用,鋼筋混凝土造,95年8月25日,十五層,
RPPNMLSJOHKFFAE18CC,38,56.89,,鋼筋混凝土造,65年12月2日,五層,
RPSOMLSJOHKFFAE58CC,7,82.84,住家用,鋼筋混凝土造,97年10月21日,十五層,
RPSOMLSJOHKFFAE58CC,7,56.24,共有部分,鋼筋混凝土造,97年10月21日,十五層,
RPOOMLTJOHKFFCE48CC,32,327.26,,鐵造,72年12月6日,一層,
RPTNMLKKOHKFFCE08CC,9,87.11,住家用,鋼筋混凝土造,94年12月27日,十三層,
RPSNMLKKOHKFFCE97CC,1,126.53,住商用,鋼筋混凝土造,103年7月15日,十五層,
RPTNMLKKOHKFFAE87CC,10,88.27,住家用,鋼筋混凝土造,94年9月9日,十四層,
RPPPMLKKOHKFFAE67CC,3,77.25,住家用,鋼筋混凝土造,101年7月10日,十五層,
RPPPMLKKOHKFFAE67CC,3,74.81,見其它登記事項,鋼筋混凝土造,101年7月10日,十五層,
RPPNMLKKOHKFFBE57CC,30,150.38,見其他登記事項,鋼筋混凝土造,74年3月5日,十二層,
RPWOMLKKOHKFFBE38CC,35,103.51,,鋼筋混凝土造,69年10月7日,七層,
RPWOMLKKOHKFFBE38CC,35,98.40,,鋼筋混凝土造,69年10月7日,七層,
RPWNMLSJOHKFFGE86CC,35,64.24,住商用,鋼筋混凝土造,69年4月30日,四層,
RPOOMLSJOHKFFGE78CC,4,318.35,見其他登記事項,鋼筋混凝土造,100年11月1日,十五層,
RPXOMLKKOHKFFAE38CC,10,356.09,住商用,鋼筋混凝土造,94年10月4日,五層,
RPVNMLKKOHKFFGE68CC,9,624.64,見其他登記事項,見其他登記事項,95年6月1日,三層,
RPQOMLKKOHKFFDE97CC,21,177.52,住商用,鋼筋混凝土造,83年4月13日,七層,
RPQOMLKKOHKFFDE97CC,21,46.13,見使用執照,鋼筋混凝土造,83年4月13日,七層,
RPTSMLKKOHKFFEE78CC,9,214.20,住商用,鋼筋混凝土造,95年4月18日,四層,
RPUNMLKKOHKFFLE09CC,16,209.94,工業用,見其他登記事項,88年10月1日,一層,
RPOSMLKKOHKFFEE28CC,22,186.22,住商用,鋼筋混凝土造,82年7月3日,十六層,
RPOSMLKKOHKFFEE28CC,22,31.66,見使用執照,鋼筋混凝土造,82年7月3日,十六層,
RPUSMLKKOHKFFEE88CC,8,86.61,共有部分,鋼筋混凝土造,96年4月4日,十四層,
RPUSMLKKOHKFFEE88CC,8,55.99,住家用,鋼筋混凝土造,96年4月4日,十四層,
RPXNMLLKOHKFFBE48CC,18,216.91,商業用,鋼筋混凝土造,86年4月21日,三十五層,
RPUNMLLKOHKFFAE08CC,51,277.58,,加強磚造,53年9月10日,四層,
RPUNMLLKOHKFFBE18CC,23,237.32,商業用,鋼骨鋼筋混凝土造,81年7月25日,四十二層,
RPUNMLMKOHKFFAE18CC,13,191.13,住商用,鋼筋混凝土造,90年12月21日,五層,
RPWNMLMKOHKFFAE38CC,9,206.48,住商用,鋼筋混凝土造,95年5月25日,五層,
RPSOMLMKOHKFFAE08CC,11,4.12,住家用,鋼筋混凝土造,93年11月4日,十四層,
RPSOMLMKOHKFFAE08CC,11,52.88,住家用,鋼筋混凝土造,93年11月4日,十四層,
RPSOMLMKOHKFFAE08CC,11,27.27,共有部分,鋼筋混凝土造,93年11月4日,十四層,
RPWNMLLKOHKFFDE58CC,20,139.23,住商用,鋼筋混凝土造,84年7月19日,二十三層,
RPWNMLLKOHKFFDE58CC,20,78.33,見使用執照,鋼筋混凝土造,84年7月19日,二十三層,
RPRNMLLKOHKFFDE08CC,24,114.58,,鋼筋混凝土造,80年9月19日,二十層,
RPTOMLMKOHKFFAE18CC,10,74.50,住家用,鋼筋混凝土造,94年11月29日,十五層,
RPTOMLMKOHKFFAE18CC,10,16.20,住家用,鋼筋混凝土造,94年11月29日,十五層,
RPTOMLMKOHKFFAE18CC,10,62.70,共有部分,鋼筋混凝土造,94年11月29日,十五層,
RPQOMLLKOHKFFGE38CC,4,181.81,見其他登記事項,見其他登記事項,100年5月1日,一層,
RPWNMLLKOHKFFGE88CC,1,87.12,見其他登記事項,見其他登記事項,103年2月21日,十五層,
RPWNMLLKOHKFFGE88CC,1,64.69,見其他登記事項,見其他登記事項,103年2月21日,十五層,
RPPNMLOKOHKFFBE97CC,18,161.98,住商用,鋼筋混凝土造,86年4月21日,三十五層,
RPSNMLPKOHKFFAE28CC,8,98.90,住家用,鋼筋混凝土造,96年4月2日,十五層,
RPWNMLPKOHKFFBE78CC,39,92.60,,鋼筋混凝土造,65年11月24日,十層,
RPVNMLPKOHKFFBE68CC,39,75.54,,鋼筋混凝土造,65年11月24日,十層,
RPWNMLPKOHKFFGE66CC,36,111.70,住商用,鋼筋混凝土造,68年3月14日,三層,
RPTNMLPKOHKFFAE38CC,10,216.79,商業用,鋼筋混凝土造,94年9月15日,十四層,
RPTNMLQKOHKFFAE48CC,11,62.56,住家用,鋼筋混凝土造,93年8月5日,十四層,
RPTNMLQKOHKFFAE48CC,11,49.22,共有部分,鋼筋混凝土造,93年8月5日,十四層,
RPTOMLQKOHKFFDE88CC,16,55.63,住家用,鋼筋混凝土造,88年9月8日,十四層,
RPTOMLQKOHKFFDE88CC,16,18.65,見使用執照,鋼筋混凝土造,88年9月8日,十四層,
RPRPMLQKOHKFFDE78CC,3,166.32,見其它登記事項,鋼筋混凝土造,101年11月28日,五層,
RPRPMLQKOHKFFDE78CC,3,129.47,住家用,鋼筋混凝土造,101年11月28日,五層,
RPRPMLQKOHKFFDE78CC,3,129.47,住家用,鋼筋混凝土造,101年11月28日,五層,
RPQPMLTJOHKFFEE98CC,36,171.46,,鋼筋混凝土造,68年4月11日,三層,
RPSOMLMKOHKFFIE98DC,35,97.13,住家用,加強磚造,69年5月15日,二層,
RPROMLMKOHKFFIE78CC,11,149.24,見其他登記事項,鋼筋混凝土造,93年10月20日,三層,
RPROMLMKOHKFFIE78CC,11,11.76,見其他登記事項,鋼筋混凝土造,93年10月20日,三層,
RPUNMLRKOHKFFBE78CC,42,187.10,,加強磚造,62年5月11日,三層,
RPWNMLRKOHKFFBE98CC,42,71.82,,加強磚造,62年6月20日,二層,
RPOOMLRKOHKFFBE28CC,28,150.46,,鋼筋混凝土造,76年12月3日,四層,
RPXNMLLKOHKFFCE58CC,10,164.03,住家用,鋼筋混凝土造,94年7月15日,四層,
RPSOMLRKOHKFFCE78CC,18,154.77,住商用,鋼筋混凝土造,86年11月26日,八層,
RPSOMLRKOHKFFCE78CC,18,38.59,共有部份,鋼筋混凝土造,86年11月26日,八層,
RPUOMLRKOHKFFCE98CC,8,232.07,住商用,鋼筋混凝土造,96年3月12日,五層,
RPWNMLRKOHKFFCE09CC,21,43.66,住家用,鋼筋混凝土造,83年9月26日,四層,
RPPOMLRKOHKFFCE48CC,4,34.16,住家用,鋼筋混凝土造,100年1月25日,十五層,
RPPOMLRKOHKFFCE48CC,4,18.41,見其它登記事項,鋼筋混凝土造,100年1月25日,十五層,
RPPOMLRKOHKFFBE38CC,8,149.91,住家用,鋼筋混凝土造,96年8月13日,十五層,
RPPOMLRKOHKFFBE38CC,8,69.88,,鋼筋混凝土造,96年8月13日,十五層,
RPTOMLRKOHKFFBE78CC,54,71.82,,加強磚造,50年6月15日,二層,
RPVNMLRKOHKFFCE98CC,16,31.89,住家用,見其它登記事項,88年2月9日,三十九層,
RPVNMLRKOHKFFCE98CC,16,15.58,共有部份,見其它登記事項,88年2月9日,三十九層,
RPSNMLSKOHKFFFE09CC,9,122.34,住商用,鋼筋混凝土造,95年5月12日,十三層,
RPUNMLSKOHKFFFE66CC,9,178.26,住商用,鋼筋混凝土造,95年5月12日,十三層,
RPTPMLRKOHKFFGE76CC,3,90.49,見其他登記事項,見其他登記事項,101年6月1日,十五層,
RPRNMLSKOHKFFCE68CC,38,213.12,,鋼筋混凝土造,65年12月18日,四層,
RPXNMLSKOHKFFBE56CC,6,89.37,住家用,鋼筋混凝土造,98年10月5日,十五層,
RPXNMLSKOHKFFBE56CC,,54.71,見其他登記事項,鋼筋混凝土造,,十五層,
RPRNMLTKOHKFFBE68CC,51,284.31,,加強磚造,53年10月20日,三層,
RPRNMLTKOHKFFIE76CC,15,172.78,見使用執照,鋼筋混凝土造,89年11月15日,三層,
RPVNMLRKOHKFFEE56CC,14,68.32,住家用,見使用執照,90年4月25日,十四層,
RPOOMLRKOHKFFEE58CC,1,57.01,住家用,鋼筋混凝土造,103年3月27日,十五層,
RPOOMLRKOHKFFEE58CC,1,54.61,見其它登記事項,鋼筋混凝土造,103年3月27日,十五層,
RPQNMLMLOHKFFBE97CC,33,88.96,,鋼筋混凝土造,70年12月22日,七層,
RPSNMLMLOHKFFEE48CC,1,50.70,住家用,鋼筋混凝土造,103年11月4日,十五層,
RPSNMLMLOHKFFEE48CC,1,7.69,住家用,鋼筋混凝土造,103年11月4日,十五層,
RPSNMLMLOHKFFEE48CC,1,31.68,見其它登記事項,鋼筋混凝土造,103年11月4日,十五層,
RPTNMLMLOHKFFEE58CC,2,84.42,住家用,鋼筋混凝土造,102年12月2日,二十五層,
RPTNMLMLOHKFFEE58CC,2,17.60,住家用,鋼筋混凝土造,102年12月2日,二十五層,
RPTNMLMLOHKFFEE58CC,2,64.85,見其它登記事項,鋼筋混凝土造,102年12月2日,二十五層,
RPQOMLRKOHKFFDE68CC,27,94.84,,鋼筋混凝土造,77年6月17日,五層,
RPQOMLRKOHKFFDE68CC,27,18.82,,鋼筋混凝土造,77年6月17日,五層,
RPXNMLNLOHKFFBE78CC,18,127.34,住家用,鋼筋混凝土造,86年4月21日,三十五層,
RPXNMLRKOHKFFDE66CC,48,85.57,,鋼筋混凝土造,56年4月3日,三層,
RPQPMLNJOHKFFEE38CC,7,87.32,住家用,鋼筋混凝土造,97年4月10日,十五層,
RPQPMLNJOHKFFEE38CC,7,12.22,住家用,鋼筋混凝土造,97年4月10日,十五層,
RPQPMLNJOHKFFEE38CC,7,61.32,共有部分,鋼筋混凝土造,97年4月10日,十五層,
RPQOMLNLOHKFFDE38CC,21,141.09,住家用,鋼筋混凝土造,83年1月19日,十五層,
RPSOMLNLOHKFFDE58CC,18,303.06,住商用,鋼筋混凝土造,86年3月12日,五層,
RPSOMLOLOHKFFDE68CC,21,32.20,商業用,鋼筋混凝土造,83年11月1日,十二層,
RPUNMLNLOHKFFBE48CC,34,63.74,,鋼筋混凝土造,70年8月15日,十二層,
RPUNMLMLOHKFFAE28CC,75,22.26,,見使用執照,29年4月1日,一層,
RPPOMLOLOHKFFDE38CC,46,71.57,住家用,加強磚造,58年8月20日,二層,
RPTNMLMLOHKFFAE18CC,8,48.15,住家用,鋼筋混凝土造,96年5月10日,十五層,
RPTNMLMLOHKFFAE18CC,8,6.41,住家用,鋼筋混凝土造,96年5月10日,十五層,
RPTNMLMLOHKFFAE18CC,8,27.76,見其它登記事項,鋼筋混凝土造,96年5月10日,十五層,
RPRNMLMLOHKFFAE97CC,8,153.45,住家用,鋼筋混凝土造,95年12月5日,十九層,
RPRNMLMLOHKFFAE97CC,8,15.73,住家用,鋼筋混凝土造,95年12月5日,十九層,
RPRNMLMLOHKFFAE97CC,8,124.20,見其它登記事項,鋼筋混凝土造,95年12月5日,十九層,
RPQNMLOLOHKFFBE18CC,29,112.00,,鋼筋混凝土造,75年6月2日,五層,
RPQNMLOLOHKFFBE18CC,29,8.68,,鋼筋混凝土造,75年6月2日,五層,
RPQNMLOLOHKFFBE18CC,29,7.28,,鋼筋混凝土造,75年6月2日,五層,
RPSNMLOLOHKFFBE38CC,32,94.22,,鋼筋混凝土造,72年9月12日,十二層,
RPVNMLOLOHKFFBE68CC,35,142.31,,鋼筋混凝土造,69年4月2日,十二層,
RPUOMLOLOHKFFCE78CC,4,34.16,住家用,鋼筋混凝土造,100年1月25日,十五層,
RPUOMLOLOHKFFCE78CC,4,18.41,見其它登記事項,鋼筋混凝土造,100年1月25日,十五層,
RPWNMLPLOHKFFCE98CC,32,78.08,,鋼筋混凝土造,72年11月2日,五層,
RPOOMLPLOHKFFAE08CC,35,107.29,,鋼筋混凝土造,69年10月21日,七層,
RPPNMLPLOHKFFBE18CC,43,52.49,,加強磚造,61年10月4日,三層,
RPWNMLOLOHKFFEE09CC,16,149.56,住家用,見其它登記事項,88年10月20日,二十三層,
RPQOMLOLOHKFFEE58CC,26,171.77,住家用,鋼筋混凝土造,78年8月28日,三層,
RPUOMLOLOHKFFEE98CC,18,78.92,住家用,鋼筋混凝土造,86年4月21日,二十二層,
RPXNMLOLOHKFFEE56CC,10,128.66,住家用,鋼筋混凝土造,94年11月14日,十五層,
RPSOMLOLOHKFFEE78CC,8,91.25,住家用,鋼筋混凝土造,96年4月10日,十五層,
RPSOMLOLOHKFFEE78CC,8,73.10,住家用,鋼筋混凝土造,96年4月10日,十五層,
RPSOMLOLOHKFFEE78CC,8,113.03,見其它登記事項,鋼筋混凝土造,96年4月10日,十五層,
RPTNMLPLOHKFFBE58CC,34,97.49,,鋼筋混凝土造,70年6月9日,五層,
RPRNMLOLOHKFFAE18CC,10,112.55,住家用,鋼筋混凝土造,94年11月21日,二十層,
RPRNMLOLOHKFFAE18CC,10,11.48,住家用,鋼筋混凝土造,94年11月21日,二十層,
RPRNMLOLOHKFFAE18CC,10,91.68,共有部分,鋼筋混凝土造,94年11月21日,二十層,
RPSNMLOLOHKFFAE28CC,3,62.78,住家用,鋼筋混凝土造,101年11月7日,十五層,
RPSNMLOLOHKFFAE28CC,3,39.06,見其它登記事項,鋼筋混凝土造,101年11月7日,十五層,
RPQNMLOLOHKFFAE08CC,2,114.38,住家用,鋼筋混凝土造,102年6月4日,十五層,
RPQNMLOLOHKFFAE08CC,2,16.41,住家用,鋼筋混凝土造,102年6月4日,十五層,
RPQNMLOLOHKFFAE08CC,2,84.85,見其它登記事項,鋼筋混凝土造,102年6月4日,十五層,
RPSOMLPLOHKFFEE88CC,1,147.72,商業用,見其它登記事項,103年8月5日,一層,
RPUNMLPLOHKFFEE98CC,37,135.81,,鋼筋混凝土造,67年4月20日,三層,
RPWNMLPLOHKFFEE56CC,21,361.71,住商用,鋼筋混凝土造,83年8月25日,五層,
RPXPMLQLOHKFFEE96CC,18,158.57,住商用,鋼筋混凝土造,86年10月24日,十四層,
RPUNMLQLOHKFFBE78CC,49,123.12,,加強磚造,55年11月30日,二層,
RPROMLQLOHKFFBE58CC,26,44.43,,鋼筋混凝土造,78年11月9日,十二層,
RPRNMLRLOHKFFBE58CC,22,67.95,商業用,鋼筋混凝土造,82年4月1日,二十層,
RPSOMLQLOHKFFCE78CC,34,110.50,住商用,鋼筋混凝土造,70年5月30日,五層,
RPVOMLQLOHKFFCE09CC,9,207.69,住商用,見其它登記事項,95年11月21日,十五層,
RPVOMLQLOHKFFCE09CC,9,66.02,共有部份,見其它登記事項,95年11月21日,十五層,
RPUOMLQLOHKFFDE09CC,31,105.49,,鋼筋混凝土造,73年8月4日,五層,
RPTOMLPLOHKFFDE88CC,36,252.88,,鋼筋混凝土造,68年9月22日,三層,
RPRNMLPLOHKFFDE58CC,17,27.45,住家用,鋼骨鋼筋混凝土造,87年9月29日,二十五層,
RPRNMLPLOHKFFDE58CC,17,12.03,見使用執照,鋼骨鋼筋混凝土造,87年9月29日,二十五層,
RPSNMLRLOHKFFBE68CC,18,222.02,見其他登記事項,鋼筋混凝土造,86年11月11日,十四層,
RPOOMLPLOHKFFDE38CC,30,338.86,,鋼筋混凝土造,74年3月8日,五層,
RPROMLQLOHKFFDE78CC,43,183.06,,加強磚造,61年10月28日,三層,
RPXNMLPLOHKFFDE56CC,8,321.25,住家用,鋼筋混凝土造,96年1月26日,二層,
RPXNMLPLOHKFFDE56CC,8,38.51,見其它登記事項,鋼筋混凝土造,96年1月26日,二層,
RPRQMLTLOHKFFFE86CC,28,199.00,工商用,鋼造,76年1月23日,一層,
RPXOMLTLOHKFFEE17CC,10,121.53,住家用,鋼筋混凝土造,94年11月23日,十四層,
RPSNMLTLOHKFFBE88CC,27,141.20,,鋼筋混凝土造,77年1月11日,五層,
RPVNMLTLOHKFFDE76CC,14,87.08,住家用,鋼筋混凝土造,90年11月22日,十四層,
RPWNMLTLOHKFFDE86CC,19,163.16,住商用,鋼筋混凝土造,85年3月6日,十四層,
RPSOMLKMOHKFFDE38CC,25,210.30,,鋼筋混凝土造,79年9月11日,十五層,
RPPNMLKMOHKFFEE08CC,4,92.62,住家用,鋼筋混凝土造,100年9月13日,十五層,
RPTOMLKMOHKFFEE58CC,10,294.07,商業用,鋼筋混凝土造,94年11月23日,十四層,
RPTNMLKMOHKFFIE88CC,1,198.35,見其他登記事項,見其他登記事項,103年10月24日,四層,
RPUNMLKMOHKFFIE98CC,36,50.41,住家用,加強磚造,68年6月30日,三層,
RPUNMLKMOHKFFIE98CC,36,50.41,住家用,鋼筋混凝土造,68年6月30日,三層,
RPWOMLTLOHKFFAE66CC,27,159.31,住家用,加強磚造,77年5月6日,二層,
RPWNMLKMOHKFFIE56CC,1,661.10,見其他登記事項,見其他登記事項,103年10月24日,四層,
RPSOMLTLOHKFFAE88CC,11,48.56,住商用,鋼筋混凝土造,93年4月22日,五層,
RPOOMLKMOHKFFIE48CC,3,252.40,見其他登記事項,鋼筋混凝土造,101年11月28日,四層,
RPQNMLRLOHKFFGE98CC,34,68.04,住家用,鋼筋混凝土造,70年4月27日,五層,
RPTOMLLJPHKFFGE68CC,36,62.07,住家用,鋼筋混凝土造,68年7月7日,五層,
RPSNMLLJPHKFFBE97CC,2,205.02,商業用,鋼筋混凝土造,102年1月10日,十五層,
RPSNMLLJPHKFFEE28CC,1,60.48,商業用,見其它登記事項,103年5月6日,一層,
RPQQMLLJPHKFFEE38CC,2,122.90,住家用,鋼筋混凝土造,102年11月11日,十五層,
RPQQMLLJPHKFFEE38CC,2,17.04,住家用,鋼筋混凝土造,102年11月11日,十五層,
RPQQMLLJPHKFFEE38CC,2,90.73,見其它登記事項,鋼筋混凝土造,102年11月11日,十五層,
RPOOMLLJPHKFFBE67CC,18,145.13,住家用,鋼筋混凝土造,86年4月21日,三十五層,
RPWOMLLJPHKFFAE38CC,1,131.75,住家用,鋼筋混凝土造,103年2月12日,二十四層,
RPWOMLLJPHKFFAE38CC,1,13.12,住家用,鋼筋混凝土造,103年2月12日,二十四層,
RPWOMLLJPHKFFAE38CC,1,106.70,見其它登記事項,鋼筋混凝土造,103年2月12日,二十四層,
RPOPMLLJPHKFFAE67CC,2,114.38,住家用,鋼筋混凝土造,102年6月4日,十五層,
RPOPMLLJPHKFFAE67CC,2,16.41,住家用,鋼筋混凝土造,102年6月4日,十五層,
RPOPMLLJPHKFFAE67CC,2,84.85,見其它登記事項,鋼筋混凝土造,102年6月4日,十五層,
RPUOMLLJPHKFFAE18CC,10,105.27,住家用,鋼筋混凝土造,94年8月4日,十五層,
RPUOMLLJPHKFFAE18CC,10,43.46,共有部分,鋼筋混凝土造,94年8月4日,十五層,
RPPOMLLJPHKFFBE77CC,18,33.89,住家用,鋼筋混凝土造,86年4月16日,十四層,
RPVNMLMJPHKFFAE28CC,25,218.48,商業用,鋼筋混凝土造,79年1月22日,十三層,
RPWOMLMJPHKFFGE09CC,11,186.35,見其他登記事項,見其他登記事項,93年12月10日,四層,
RPXOMLMJPHKFFGE56CC,4,157.47,見其他登記事項,鋼筋混凝土造,100年12月15日,四層,
RPTPMLMJPHKFFGE88CC,21,90.61,住家用,鋼筋混凝土造,82年12月21日,十五層,
RPTPMLMJPHKFFGE88CC,21,21.66,共有部份,鋼筋混凝土造,82年12月21日,十五層,
RPVNMLMJPHKFFIE09CC,22,161.36,住家用,鋼筋混凝土造,82年8月12日,五層,
RPXNMLLJPHKFFDE68CC,20,131.12,住家用,鋼筋混凝土造,84年2月15日,八層,
RPUOMLLJPHKFFDE48CC,3,100.94,住家用,鋼筋混凝土造,101年6月5日,二十二層,
RPUOMLLJPHKFFDE48CC,3,15.51,住家用,鋼筋混凝土造,101年6月5日,二十二層,
RPUOMLLJPHKFFDE48CC,3,69.91,共有部分,鋼筋混凝土造,101年6月5日,二十二層,
RPPOMLMJPHKFFCE97CC,19,193.75,住商用,鋼筋混凝土造,85年10月29日,四層,
RPTOMLLJPHKFFCE28CC,7,178.34,住家用,鋼筋混凝土造,97年3月7日,二十九層,
RPTOMLLJPHKFFCE28CC,7,26.04,住家用,鋼筋混凝土造,97年3月7日,二十九層,
RPTOMLLJPHKFFCE28CC,7,100.95,共有部份,鋼筋混凝土造,97年3月7日,二十九層,
RPUOMLLJPHKFFCE38CC,6,53.84,住家用,鋼筋混凝土造,98年12月24日,十九層,
RPUOMLLJPHKFFCE38CC,6,5.19,住家用,鋼筋混凝土造,98年12月24日,十九層,
RPUOMLLJPHKFFCE38CC,6,31.68,見其它登記事項,鋼筋混凝土造,98年12月24日,十九層,
RPPPMLNJPHKFFEE38CC,20,46.68,住商用,鋼筋混凝土造,84年1月19日,十二層,
RPPPMLNJPHKFFEE38CC,20,41.46,住商用,鋼筋混凝土造,84年1月19日,十二層,
RPPPMLNJPHKFFEE38CC,20,7.40,住商用,鋼筋混凝土造,84年1月19日,十二層,
RPPPMLNJPHKFFEE38CC,20,1.90,住商用,鋼筋混凝土造,84年1月19日,十二層,
RPPPMLNJPHKFFEE38CC,20,17.04,見使用執照,鋼筋混凝土造,84年1月19日,十二層,
RPSOMLNJPHKFFAE18CC,1,468.00,住商用,見其它登記事項,103年7月30日,二層,
RPWNMLMJPHKFFDE68CC,45,89.46,,加強磚造,59年9月15日,二層,
RPUNMLMJPHKFFDE48CC,3,143.55,住商用,鋼筋混凝土造,101年2月8日,十五層,
RPUNMLMJPHKFFDE48CC,3,34.28,共有部分,鋼筋混凝土造,101年2月8日,十五層,
RPQNMLOJPHKFFBE08CC,54,219.99,,加強磚造,50年11月25日,三層,
RPSNMLOJPHKFFBE28CC,42,55.16,,加強磚造,62年3月6日,三層,
RPSNMLNJPHKFFBE18CC,18,120.60,住家用,鋼筋混凝土造,86年4月21日,三十五層,
RPPNMLNJPHKFFBE87CC,29,142.61,,鋼筋混凝土造,75年8月13日,十二層,
RPPNMLNJPHKFFBE87CC,29,24.55,,鋼筋混凝土造,75年8月13日,十二層,
RPUNMLNJPHKFFBE38CC,18,144.23,住家用,鋼筋混凝土造,86年4月21日,三十五層,
RPUNMLOJPHKFFDE68CC,37,139.50,,鋼筋混凝土造,67年12月16日,七層,
RPVNMLOJPHKFFDE78CC,25,54.03,,鋼筋混凝土造,79年3月22日,七層,
RPWNMLOJPHKFFDE88CC,25,54.03,,鋼筋混凝土造,79年3月22日,七層,
RPXNMLOJPHKFFDE98CC,25,115.32,,鋼筋混凝土造,79年3月22日,七層,
RPOOMLOJPHKFFDE18CC,37,77.34,,鋼筋混凝土造,67年9月23日,五層,
RPPOMLOJPHKFFDE28CC,25,133.42,,鋼筋混凝土造,79年3月22日,十二層,
RPPNMLOJPHKFFGE48CC,1,109.36,見其他登記事項,見其他登記事項,103年3月10日,二層,
RPSNMLQJPHKFFFE88CC,,202.00,見其他登記事項,見其他登記事項,104年4月27日,一層,
RPSNMLQJPHKFFFE88CC,,262.00,見其他登記事項,見其他登記事項,104年4月27日,一層,
RPSNMLQJPHKFFFE88CC,,262.00,見其他登記事項,見其他登記事項,104年4月27日,一層,
RPSNMLQJPHKFFFE88CC,,265.00,見其他登記事項,見其他登記事項,104年4月27日,一層,
RPQPMLNJPHKFFEE48CC,25,533.63,住商用,鋼筋混凝土造,79年7月20日,五層,
RPRNMLOJPHKFFGE68CC,1,121.52,見其他登記事項,見其他登記事項,103年3月10日,二層,
RPXNMLOJPHKFFGE66CC,43,134.02,住家用,加強磚造,61年1月24日,二層,
RPVNMLNJPHKFFEE88DC,2,52.39,見其它登記事項,鋼筋混凝土造,102年10月28日,十五層,
RPSNMLQJPHKFFEE78CC,41,108.75,,加強磚造,63年8月5日,二層,
RPVNMLNJPHKFFEE88DC,2,104.27,住家用,鋼筋混凝土造,102年10月28日,十五層,
RPRNMLRJPHKFFBE48CC,27,158.00,,鋼筋混凝土造,77年5月30日,十二層,
RPRNMLRJPHKFFBE48CC,27,107.44,,鋼筋混凝土造,77年5月30日,十二層,
RPPOMLQJPHKFFCE38CC,8,88.11,住家用,鋼筋混凝土造,96年5月9日,二十七層,
RPPOMLQJPHKFFCE38CC,8,65.09,共有部份,鋼筋混凝土造,96年5月9日,二十七層,
RPXNMLQJPHKFFAE88CC,11,183.80,住商用,鋼筋混凝土造,93年10月25日,十五層,
RPTNMLRJPHKFFDE98DC,,87.05,商業用,鋼筋混凝土造,103年12月20日,五層,
RPTNMLRJPHKFFDE98DC,,173.42,住家用,鋼筋混凝土造,103年12月20日,五層,
RPUNMLRJPHKFFBE78CC,8,125.32,住商用,鋼筋混凝土造,96年2月8日,十五層,
RPUNMLRJPHKFFBE78CC,8,55.33,共有部分,鋼筋混凝土造,96年2月8日,十五層,
RPTNMLQJPHKFFAE48CC,12,81.46,住家用,鋼筋混凝土造,92年12月3日,十四層,
RPTNMLQJPHKFFAE48CC,12,59.89,共有部分,鋼筋混凝土造,92年12月3日,十四層,
RPPOMLRJPHKFFGE88CC,32,254.88,見使用執照,鋼造,72年12月11日,一層,
RPXNMLRJPHKFFBE09CC,26,45.88,,鋼筋混凝土造,78年11月9日,十二層,
RPWNMLSJPHKFFGE96CC,34,64.15,住家用,鋼筋混凝土造,70年6月25日,五層,
RPOOMLRJPHKFFDE48CC,35,74.61,,鋼筋混凝土造,69年10月1日,五層,
RPRNMLSJPHKFFJE76CC,35,89.04,住家用,加強磚造,69年8月11日,二層,
RPVNMLSJPHKFFDE56CC,7,18.58,住家用,鋼筋混凝土造,97年1月16日,十三層,
RPVNMLSJPHKFFDE56CC,7,3.30,住家用,鋼筋混凝土造,97年1月16日,十三層,
RPVNMLSJPHKFFDE56CC,7,11.27,見其它登記事項,鋼筋混凝土造,97年1月16日,十三層,
RPVNMLSJPHKFFDE56CC,7,2.53,見其它登記事項,鋼筋混凝土造,97年1月16日,十三層,
RPRNMLSJPHKFFCE68CC,12,182.34,住家用,鋼筋混凝土造,91年12月26日,五層,
RPRNMLSJPHKFFCE68CC,12,11.44,住家用,鋼筋混凝土造,91年12月26日,五層,
RPUQMLSJPHKFFAE09CC,6,371.81,住商用,鋼筋混凝土造,98年7月16日,五層,
RPUNMLSJPHKFFDE09CC,1,185.34,見其它登記事項,鋼筋混凝土造,103年8月26日,十五層,
RPUNMLSJPHKFFDE09CC,1,243.83,共有部分,鋼筋混凝土造,103年8月26日,十五層,
RPXNMLSJPHKFFAE09CC,2,121.91,住家用,鋼筋混凝土造,102年6月4日,十五層,
RPXNMLSJPHKFFAE09CC,2,17.43,住家用,鋼筋混凝土造,102年6月4日,十五層,
RPXNMLSJPHKFFAE09CC,2,89.21,見其它登記事項,鋼筋混凝土造,102年6月4日,十五層,
RPSNMLTJPHKFFCE88CC,10,56.62,住家用,鋼筋混凝土造,94年3月30日,十五層,
RPVOMLTJPHKFFAE09CC,8,86.06,住家用,鋼筋混凝土造,96年5月10日,十五層,
RPXOMLTJPHKFFAE66CC,10,25.72,住家用,鋼筋混凝土造,94年6月24日,十五層,
RPOPMLTJPHKFFAE48CC,12,98.62,住家用,鋼筋混凝土造,92年9月4日,十四層,
RPPPMLTJPHKFFAE58CC,56,128.02,,加強磚造,48年11月29日,二層,
RPUNMLTJPHKFFBE98CC,57,98.30,,見使用執照,47年6月6日,二層,
RPROMLSJPHKFFBE68CC,26,42.87,,鋼筋混凝土造,78年11月9日,十二層,
RPROMLTJPHKFFBE78CC,18,172.41,住商用,鋼筋混凝土造,86年4月21日,三十五層,
RPPOMLTJPHKFFBE58CC,18,144.26,住家用,鋼筋混凝土造,86年4月21日,三十五層,
RPPNMLSJPHKFFBE38CC,44,92.44,,加強磚造,60年8月30日,二層,
RPWNMLTJPHKFFBE56CC,26,84.26,,鋼筋混凝土造,78年1月14日,十七層,
RPWNMLSJPHKFFBE09CC,24,346.76,,鋼筋混凝土造,80年1月24日,十二層,
RPXNMLKKPHKFFBE48CC,12,61.32,住家用,鋼筋混凝土造,92年11月28日,十四層,
RPXNMLKKPHKFFBE48CC,12,21.73,見其他登記事項,鋼筋混凝土造,92年11月28日,十四層,
RPOOMLKKPHKFFBE67CC,48,87.79,,加強磚造,56年11月20日,二層,
RPROMLKKPHKFFDE18CC,21,82.60,住家用,鋼筋混凝土造,83年2月4日,九層,
RPROMLKKPHKFFDE18CC,21,47.92,見使用執照,鋼筋混凝土造,83年2月4日,九層,
RPSOMLKKPHKFFDE28CC,21,97.13,住家用,鋼筋混凝土造,83年11月14日,二十三層,
RPSOMLKKPHKFFDE28CC,21,37.38,見使用執照,鋼筋混凝土造,83年11月14日,二十三層,
RPXOMLKKPHKFFAE48CC,31,99.64,,鋼筋混凝土造,73年4月2日,五層,
RPROMLKKPHKFFCE08CC,16,12.99,共有部份,見其它登記事項,88年2月9日,三十九層,
RPROMLKKPHKFFCE08CC,16,26.60,住家用,見其它登記事項,88年2月9日,三十九層,
RPSOMLKKPHKFFBE08CC,31,64.23,,鋼筋混凝土造,73年6月27日,七層,
RPSOMLKKPHKFFBE08CC,31,94.98,,鋼筋混凝土造,73年6月27日,七層,
RPSOMLKKPHKFFBE08CC,31,17.48,,鋼筋混凝土造,73年6月27日,七層,
RPSNMLLKPHKFFBE08CC,24,340.45,,鋼筋混凝土造,79年12月28日,十二層,
RPQNMLLKPHKFFCE97CC,14,121.72,住家用,鋼筋混凝土造,90年4月16日,三層,
RPQOMLKKPHKFFBE87CC,21,108.09,住商用,鋼筋混凝土造,83年5月17日,八層,
RPQOMLKKPHKFFBE87CC,21,12.09,見使用執照,鋼筋混凝土造,83年5月17日,八層,
RPVOMLNKPHKFFAE58CC,9,77.40,住家用,鋼筋混凝土造,95年2月3日,十四層,
RPQNMLOKPHKFFCE28CC,35,63.18,,鋼筋混凝土造,69年8月8日,五層,
RPRNMLOKPHKFFBE28CC,30,141.94,,鋼筋混凝土造,74年12月13日,七層,
RPOOMLSJPHKFFEE68CC,16,73.64,住家用,見其它登記事項,88年8月3日,二十九層,
RPOOMLSJPHKFFEE68CC,16,12.55,住家用,見其它登記事項,88年8月3日,二十九層,
RPOOMLSJPHKFFEE68CC,16,30.85,見使用執照,見使用執照,88年8月3日,二十九層,
RPRQMLSJPHKFFEE56CC,23,128.83,住商用,鋼筋混凝土造,81年7月6日,二層,
RPXOMLKKPHKFFEE88CC,8,18.49,住商用,鋼筋混凝土造,96年7月6日,五層,
RPWOMLKKPHKFFEE78CC,8,18.49,住商用,鋼筋混凝土造,96年7月6日,五層,
RPWOMLOKPHKFFEE56CC,50,75.37,,加強磚造,54年10月1日,三層,
RPSPMLKKPHKFFEE48CC,4,125.22,住商用,鋼筋混凝土造,100年6月8日,二層,
RPXNMLTJPHKFFEE96CC,1,99.24,住家用,見其它登記事項,103年4月23日,十五層,
RPPNMLLKPHKFFEE08CC,10,56.93,住家用,鋼筋混凝土造,94年11月25日,十四層,
RPPNMLLKPHKFFEE08CC,10,23.91,見使用執照,鋼筋混凝土造,94年11月25日,十四層,
RPUOMLNKPHKFFEE88CC,16,83.24,住商用,鋼筋混凝土造,88年5月13日,十四層,
RPUOMLNKPHKFFEE88CC,16,86.50,住商用,見使用執照,88年5月13日,十四層,
RPOPMLNKPHKFFEE38CC,21,289.90,住商用,鋼筋混凝土造,82年12月31日,二十層,
RPSNMLOKPHKFFBE48DC,23,106.72,商業用,鋼筋混凝土造,81年6月29日,二十五層,
RPTNMLOKPHKFFBE58DC,23,106.72,商業用,鋼筋混凝土造,81年6月29日,二十五層,
RPTNMLOKPHKFFDE68CC,2,431.91,見其它登記事項,見其它登記事項,102年12月27日,二層,
RPQNMLPKPHKFFDE48CC,25,167.82,,鋼筋混凝土造,79年1月11日,十二層,
RPQNMLPKPHKFFDE48CC,25,292.74,,鋼筋混凝土造,79年1月11日,十二層,
RPQNMLPKPHKFFDE48CC,25,291.16,,鋼筋混凝土造,79年1月11日,十二層,
RPQNMLPKPHKFFDE48CC,25,142.73,,鋼筋混凝土造,79年1月11日,十二層,
RPWPMLPKPHKFFEE76CC,36,138.42,,鋼筋混凝土造,68年5月26日,三層,
RPOPMLPKPHKFFEE58CC,1,131.06,住家用,鋼筋混凝土造,102年11月6日,十五層,
RPOPMLPKPHKFFEE58CC,1,17.80,住家用,鋼筋混凝土造,102年11月6日,十五層,
RPOPMLPKPHKFFEE58CC,1,105.35,共有部分,鋼筋混凝土造,102年11月6日,十五層,
RPWOMLPKPHKFFEE66CC,11,183.76,住商用,鋼筋混凝土造,94年1月7日,四層,
RPQNMLPKPHKFFBE28CC,46,115.05,,加強磚造,58年1月29日,二層,
RPRNMLQKPHKFFBE48CC,33,420.43,,鋼筋混凝土造,71年11月5日,五層,
RPRNMLQKPHKFFCE58CC,34,70.99,,鋼筋混凝土造,70年4月29日,五層,
RPTOMLPKPHKFFCE78CC,15,110.44,住商用,鋼筋混凝土造,89年10月23日,十四層,
RPTOMLPKPHKFFCE78CC,15,24.41,共有部份,鋼筋混凝土造,89年10月23日,十四層,
RPSPMLQKPHKFFCE88CC,17,210.94,商業用,鋼筋混凝土造,87年7月14日,二十八層,
RPOOMLQKPHKFFCE38CC,38,75.85,,鋼筋混凝土造,66年10月26日,四層,
RPTNMLOKPHKFFGE98CC,5,260.78,見其他登記事項,鋼筋混凝土造,99年11月19日,五層,
RPWNMLQKPHKFFEE66CC,23,59.62,住家用,鋼筋混凝土造,81年4月30日,六層,
RPTOMLQKPHKFFBE78CC,25,208.36,,鋼筋混凝土造,79年8月18日,十一層,
RPVNMLQKPHKFFBE88CC,18,113.39,住家用,鋼筋混凝土造,86年4月21日,三十五層,
RPSNMLQKPHKFFBE58CC,11,215.24,住商用,鋼筋混凝土造,93年7月5日,十二層,
RPSNMLQKPHKFFBE58CC,11,127.58,見其他登記事項,鋼筋混凝土造,93年7月5日,十四層,
RPWNMLQKPHKFFDE56CC,21,50.35,商業用,鋼筋混凝土造,83年11月1日,十二層,
RPPOMLQKPHKFFDE58CC,23,257.64,見使用執照,鋼骨鋼筋混凝土造,81年8月21日,五十層,
RPPOMLQKPHKFFDE58CC,23,14.64,見使用執照,鋼骨鋼筋混凝土造,81年8月21日,五十層,
RPPOMLQKPHKFFDE58CC,23,164.12,見使用執照,鋼骨鋼筋混凝土造,81年8月21日,五十層,
RPROMLQKPHKFFDE78CC,19,21.03,住家用,鋼筋混凝土造,85年6月25日,十一層,
RPROMLQKPHKFFDE78CC,19,8.67,見使用執照,鋼筋混凝土造,85年6月25日,十一層,
RPRNMLRKPHKFFDE78CC,2,151.74,住家用,鋼骨鋼筋混凝土造,102年11月12日,二十九層,
RPRNMLRKPHKFFDE78CC,2,27.75,住家用,鋼骨鋼筋混凝土造,102年11月12日,二十九層,
RPRNMLRKPHKFFDE78CC,2,131.34,共有部分,鋼骨鋼筋混凝土造,102年11月12日,二十九層,
RPSNMLRKPHKFFDE88CC,2,151.74,住家用,鋼骨鋼筋混凝土造,102年11月12日,二十九層,
RPSNMLRKPHKFFDE88CC,2,27.75,住家用,鋼骨鋼筋混凝土造,102年11月12日,二十九層,
RPSNMLRKPHKFFDE88CC,2,131.34,共有部分,鋼骨鋼筋混凝土造,102年11月12日,二十九層,
RPSNMLQKPHKFFGE09CC,18,73.39,住家用,鋼筋混凝土造,86年1月2日,十六層,
RPRNMLRKPHKFFEE88CC,10,49.54,住家用,鋼筋混凝土造,94年2月2日,十四層,
RPRNMLRKPHKFFEE88CC,10,7.34,住家用,鋼筋混凝土造,94年2月2日,十四層,
RPRNMLRKPHKFFEE88CC,10,24.68,住家用,鋼筋混凝土造,94年2月2日,十四層,
RPROMLRKPHKFFBE68CC,47,139.22,,加強磚造,57年8月27日,二層,
RPROMLRKPHKFFBE68CC,47,134.80,,加強磚造,57年8月27日,二層,
RPUNMLRKPHKFFCE98CC,15,119.50,住家用,鋼筋混凝土造,89年8月31日,十四層,
RPUNMLRKPHKFFCE98CC,15,10.86,住家用,鋼筋混凝土造,89年8月31日,十四層,
RPUNMLRKPHKFFCE98CC,15,64.79,共有部份,鋼筋混凝土造,89年8月31日,十四層,
RPSNMLRKPHKFFHE76DC,20,139.28,住商用,鋼筋混凝土造,84年2月22日,四層,
RPPNMLSKPHKFFEE78CC,42,45.98,,加強磚造,62年1月4日,四層,
RPPNMLSKPHKFFDE68CC,28,92.16,,鋼筋混凝土造,76年10月30日,五層,
RPRNMLSKPHKFFGE56CC,38,99.14,住家用,加強磚造,66年4月20日,二層,
RPUOMLQKPHKFFAE78CC,10,315.44,住商用,鋼筋混凝土造,94年5月26日,五層,
RPWNMLPKPHKFFAE78CC,9,97.66,住家用,鋼筋混凝土造,95年8月9日,十五層,
RPRNMLSKPHKFFAE58CC,9,135.18,住家用,鋼筋混凝土造,95年8月16日,十五層,
RPSNMLQKPHKFFAE48CC,9,52.89,住家用,鋼筋混凝土造,95年8月25日,十五層,
RPQNMLSKPHKFFAE48CC,9,135.18,住家用,鋼筋混凝土造,95年8月16日,十五層,
RPPNMLTKPHKFFBE58CC,36,101.62,,鋼筋混凝土造,68年12月17日,五層,
RPWOMLKLPHKFFEE88CC,20,179.98,商業用,鋼筋混凝土造,84年12月22日,十二層,
RPWOMLKLPHKFFEE88CC,20,210.63,住家用,鋼筋混凝土造,84年12月22日,十二層,
RPWOMLKLPHKFFEE88CC,20,63.85,見使用執照,鋼筋混凝土造,84年12月22日,十二層,
RPQNMLLLPHKFFEE28CC,17,137.58,住家用,鋼筋混凝土造,87年5月16日,十四層,
RPQNMLLLPHKFFEE28CC,17,44.08,見使用執照,鋼筋混凝土造,87年5月16日,十四層,
RPPNMLKLPHKFFAE67CC,16,51.38,住家用,鋼筋混凝土造,88年1月16日,四層,
RPRPMLKLPHKFFGE68CC,39,65.60,住家用,加強磚造,65年7月10日,二層,
RPVNMLKLPHKFFAE28CC,28,361.45,,鋼筋混凝土造,76年4月17日,七層,
RPWNMLLLPHKFFGE09CC,13,37.23,見其他登記事項,鋼筋混凝土造,91年10月18日,五層,
RPQNMLTKPHKFFDE88CC,28,99.62,,鋼筋混凝土造,76年10月9日,五層,
RPSNMLTKPHKFFDE09CC,40,63.41,,鋼筋混凝土造,64年3月14日,四層,
RPPNMLLLPHKFFDE08CC,41,211.71,,加強磚造,63年8月10日,三層,
RPSNMLLLPHKFFCE28CC,3,175.04,住商用,見其它登記事項,101年1月31日,四層,
RPTNMLTKPHKFFDE56CC,18,134.17,住家用,鋼筋混凝土造,86年4月19日,十四層,
RPPNMLMLPHKFFCE08CC,9,107.90,住家用,見其它登記事項,95年11月21日,十五層,
RPPNMLMLPHKFFCE08CC,9,15.01,住家用,見其它登記事項,95年11月21日,十五層,
RPPNMLMLPHKFFCE08CC,9,66.55,共有部份,見其它登記事項,95年11月21日,十五層,
RPRNMLMLPHKFFEE48CC,9,51.71,住家用,鋼筋混凝土造,95年5月5日,十三層,
RPRNMLMLPHKFFEE48CC,9,10.05,住家用,鋼筋混凝土造,95年5月5日,十三層,
RPRNMLMLPHKFFEE48CC,9,26.43,見使用執照,鋼筋混凝土造,95年5月5日,十三層,
RPPNMLLLPHKFFAE77CC,11,105.60,住家用,鋼筋混凝土造,93年3月22日,十二層,
RPUOMLMLPHKFFDE78CC,19,24.33,住家用,鋼筋混凝土造,85年7月29日,十六層,
RPUOMLMLPHKFFDE78CC,19,7.44,見使用執照,鋼筋混凝土造,85年7月29日,十六層,
RPQNMLLLPHKFFAE87CC,10,60.28,住家用,鋼筋混凝土造,94年2月2日,十四層,
RPQNMLLLPHKFFAE87CC,10,25.78,共有部分,鋼筋混凝土造,94年2月2日,十四層,
RPPOMLMLPHKFFBE08CC,26,334.36,,鋼筋混凝土造,78年7月14日,七層,
RPRNMLLLPHKFFBE08CC,36,94.74,住家用,鋼筋混凝土造,68年2月24日,五層,
RPOOMLMLPHKFFBE97CC,18,120.60,住家用,鋼筋混凝土造,86年4月21日,三十五層,
RPTNMLMLPHKFFEE68CC,16,84.41,住家用,見其它登記事項,88年11月4日,十七層,
RPTNMLMLPHKFFEE68CC,16,20.26,住家用,見其它登記事項,88年11月4日,十七層,
RPTNMLMLPHKFFEE68CC,16,51.90,見使用執照,見使用執照,88年11月4日,十七層,
RPSNMLNLPHKFFEE78DC,5,130.94,住家用,鋼筋混凝土造,99年12月21日,十四層,
RPXOMLMLPHKFFGE76CC,23,105.78,住商用,鋼筋混凝土造,81年4月20日,二層,
RPTNMLNLPHKFFEE88DC,5,118.79,住家用,鋼筋混凝土造,99年12月21日,十四層,
RPPNMLNLPHKFFAE97CC,3,103.33,住商用,鋼筋混凝土造,101年7月10日,十四層,
RPVNMLNLPHKFFAE58CC,21,114.64,住家用,鋼筋混凝土造,83年10月15日,十六層,
RPSNMLNLPHKFFAE28CC,7,117.77,住家用,鋼筋混凝土造,97年6月20日,十五層,
RPSNMLNLPHKFFAE28CC,7,62.81,共有部分,鋼筋混凝土造,97年6月20日,十五層,
RPRNMLOLPHKFFAE28CC,9,85.93,住家用,鋼筋混凝土造,95年5月25日,十九層,
RPROMLOLPHKFFAE38CC,9,78.09,住家用,鋼筋混凝土造,95年6月26日,十五層,
RPUNMLNLPHKFFBE58CC,39,43.21,,鋼筋混凝土造,65年11月24日,十層,
RPOOMLNLPHKFFBE08CC,29,137.57,,鋼筋混凝土造,75年5月3日,十二層,
RPVNMLNLPHKFFBE68CC,14,111.96,商業用,見其他登記事項,90年4月18日,二十九層,
RPVNMLNLPHKFFBE68CC,14,74.64,見其他登記事項,見其他登記事項,90年4月18日,二十九層,
RPROMLNLPHKFFBE38CC,37,45.45,,鋼筋混凝土造,67年8月21日,十四層,
RPXNMLOLPHKFFEE66CC,19,174.78,住商用,鋼筋混凝土造,85年5月23日,十六層,
RPXNMLOLPHKFFEE66CC,19,31.12,見使用執照,鋼筋混凝土造,85年5月23日,十六層,
RPUOMLNLPHKFFCE78CC,6,59.03,住家用,鋼筋混凝土造,98年12月24日,十九層,
RPUOMLNLPHKFFCE78CC,6,31.68,見其它登記事項,鋼筋混凝土造,98年12月24日,十九層,
RPUNMLNLPHKFFCE68CC,4,49.46,住家用,鋼筋混凝土造,100年1月25日,十五層,
RPUNMLNLPHKFFCE68CC,4,26.65,見其它登記事項,鋼筋混凝土造,100年1月25日,十五層,
RPXNMLNLPHKFFCE98CC,9,59.08,住家用,鋼筋混凝土造,95年3月14日,十四層,
RPXNMLNLPHKFFCE98CC,9,25.70,共有部份,鋼筋混凝土造,95年3月14日,十四層,
RPWNMLNLPHKFFCE88CC,9,59.08,住家用,鋼筋混凝土造,95年3月14日,十四層,
RPWNMLNLPHKFFCE88CC,9,49.88,共有部份,鋼筋混凝土造,95年3月14日,十四層,
RPWNMLMLPHKFFAE58CC,31,83.15,,鋼筋混凝土造,73年2月14日,五層,
RPWNMLRLPHKFFEE86CC,10,72.29,住家用,鋼筋混凝土造,94年1月31日,十一層,
RPWNMLRLPHKFFEE86CC,10,30.77,見使用執照,鋼筋混凝土造,94年1月31日,十一層,
RPQOMLRLPHKFFEE98CC,8,82.52,住家用,鋼筋混凝土造,96年4月4日,十四層,
RPQOMLRLPHKFFEE98CC,8,54.29,共有部分,鋼筋混凝土造,96年4月4日,十四層,
RPXNMLRLPHKFFBE66CC,18,94.62,住家用,鋼筋混凝土造,86年4月21日,三十五層,
RPQNMLQLPHKFFBE48CC,35,104.07,,鋼筋混凝土造,69年7月29日,五層,
RPQNMLPLPHKFFBE38CC,32,32.79,,鋼筋混凝土造,72年3月5日,十二層,
RPOOMLRLPHKFFBE48CC,18,137.59,住家用,鋼筋混凝土造,86年4月21日,三十五層,
RPPNMLPLPHKFFBE28CC,11,64.23,住家用,鋼筋混凝土造,93年3月3日,十四層,
RPPNMLPLPHKFFAE18CC,45,153.20,,鋼筋混凝土造,59年7月6日,二層,
RPPNMLSLPHKFFEE88CC,15,99.78,住家用,鋼筋混凝土造,89年3月1日,十四層,
RPPNMLSLPHKFFEE88CC,15,44.05,見使用執照,見使用執照,89年3月1日,十四層,
RPQNMLSLPHKFFEE98CC,7,121.26,住家用,鋼筋混凝土造,97年4月17日,十五層,
RPQNMLSLPHKFFEE98CC,7,116.78,共有部分,鋼筋混凝土造,97年4月17日,十五層,
RPSNMLSLPHKFFEE56CC,5,248.15,住商用,鋼筋混凝土造,99年10月4日,五層,
RPUOMLSLPHKFFEE86CC,1,46.98,住家用,鋼筋混凝土造,103年3月27日,十五層,
RPUOMLSLPHKFFEE86CC,1,8.44,住家用,鋼筋混凝土造,103年3月27日,十五層,
RPUOMLSLPHKFFEE86CC,1,57.90,見其它登記事項,鋼筋混凝土造,103年3月27日,十五層,
RPPNMLRLPHKFFDE68CC,4,321.37,商業用,見其它登記事項,100年12月5日,二層,
RPXOMLSLPHKFFEE17CC,17,98.98,見其它登記事項,鋼筋混凝土造,87年7月9日,五層,
RPVNMLSLPHKFFGE07CC,19,186.31,住商用,鋼筋混凝土造,85年11月30日,十九層,
RPVNMLSLPHKFFGE07CC,19,41.25,共有部份,鋼筋混凝土造,85年11月30日,十九層,
RPTNMLSLPHKFFFE76CC,21,399.00,工業用,鋼筋混凝土造,83年2月3日,四層,
RPVNMLSLPHKFFFE96CC,21,428.00,工業用,鋼筋混凝土造,83年2月3日,四層,
RPROMLSLPHKFFBE88CC,27,102.31,,鋼筋混凝土造,77年11月24日,五層,
RPOOMLSLPHKFFAE48CC,29,24.36,,鋼筋混凝土造,75年2月17日,十六層,
RPROMLSLPHKFFAE78CC,11,71.05,住家用,鋼筋混凝土造,93年10月4日,十四層,
RPROMLSLPHKFFAE78CC,11,11.82,住家用,鋼筋混凝土造,93年10月4日,十四層,
RPROMLSLPHKFFAE78CC,11,39.62,共有部分,鋼筋混凝土造,93年10月4日,十四層,
RPQOMLSLPHKFFAE68CC,33,87.01,,鋼筋混凝土造,71年12月16日,五層,
RPQOMLSLPHKFFAE68CC,33,6.06,,鋼筋混凝土造,71年12月16日,五層,
RPQOMLSLPHKFFAE68CC,33,15.69,,鋼筋混凝土造,71年12月16日,五層,
RPPOMLSLPHKFFAE58CC,21,215.73,住家用,鋼筋混凝土造,83年1月31日,十二層,
RPPOMLSLPHKFFAE58CC,21,28.77,住家用,鋼筋混凝土造,83年1月31日,十二層,
RPPOMLSLPHKFFAE58CC,21,26.47,見使用執照,鋼筋混凝土造,83年1月31日,十二層,
RPSNMLTLPHKFFAE88CC,7,222.77,商業用,鋼筋混凝土造,97年11月4日,十九層,
RPUNMLTLPHKFFAE09CC,10,97.67,商業用,鋼筋混凝土造,94年11月10日,十五層,
RPQOMLTLPHKFFEE56CC,1,221.41,住商用,鋼筋混凝土造,103年3月27日,十五層,
RPQNMLKMPHKFFGE48CC,41,98.72,住家用,加強磚造,63年5月10日,二層,
RPQNMLKMPHKFFBE97CC,37,45.65,,鋼筋混凝土造,67年8月21日,十四層,
RPRNMLKMPHKFFBE08CC,37,78.28,,鋼筋混凝土造,67年8月21日,十四層,
RPTNMLKMPHKFFAE18CC,31,37.52,,鋼筋混凝土造,73年2月29日,十二層,
RPXNMLKMPHKFFBE68CC,11,97.21,住家用,鋼筋混凝土造,93年3月3日,十四層,
RPPNMLLMPHKFFAE87CC,25,47.90,商業用,鋼筋混凝土造,79年2月23日,十二層,
RPTOMLLMPHKFFAE38CC,11,80.37,住家用,鋼筋混凝土造,93年8月5日,十四層,
RPWNMLSLPHKFFCE76CC,19,105.08,住商用,鋼筋混凝土造,85年11月5日,四層,
RPXNMLSLPHKFFCE86CC,9,102.95,住家用,見其它登記事項,95年11月21日,十五層,
RPXNMLSLPHKFFCE86CC,9,14.75,住家用,見其它登記事項,95年11月21日,十五層,
RPXNMLSLPHKFFCE86CC,9,7.45,共有部份,見其它登記事項,95年11月21日,十五層,
RPRNMLSLPHKFFCE88CC,30,255.19,,鋼筋混凝土造,74年2月8日,五層,
RPVNMLLMPHKFFDE88DC,21,106.12,商業用,鋼筋混凝土造,83年5月23日,十八層,
RPSNMLSLPHKFFDE09CC,40,134.40,,加強磚造,64年5月24日,三層,
RPRNMLSLPHKFFDE98CC,38,140.91,,鋼筋混凝土造,66年5月28日,三層,
RPWNMLLMPHKFFCE78CC,47,80.64,住商用,加強磚造,57年7月1日,二層,
RPUNMLSLPHKFFCE56CC,9,167.67,商業用,鋼筋混凝土造,95年3月14日,十四層,
RPUNMLSLPHKFFCE56CC,9,72.78,共有部份,鋼筋混凝土造,95年3月14日,十四層,
