﻿編號,土地區段位置,土地移轉面積平方公尺,使用分區或編定
The serial number,land sector position,land shifting area square meter,the use zoning or compiles and checks
RPOOMLLJNHKFFGF08CC,光興段,6.61,都市：住
RPPNMLMJNHKFFGF18CC,集美段,.00,都市：住
RPXNMLLJNHKFFEF68CC,公司田段,17.77,都市：住
RPPNMLMJNHKFFEF97CC,公司田段,21.73,都市：住
RPRNMLLJNHKFFBF77CC,力行段,22.18,都市：住
RPQNMLOJNHKFFDF18CC,同新段,17.45,都市：工
RPPNMLOJNHKFFHF48CC,南勢段,.00,都市：住
RPOQMLOJNHKFFEF38CC,公司田段,25.73,都市：住
RPUOMLLJNHKFFAF08CC,公館段,36.75,都市：住
RPSOMLLJNHKFFAF08EC,金城段,8.68,都市：住
RPRNMLOJNHKFFHF68CC,中和段,22.63,都市：住
RPSPMLLJNHKFFDF28CC,智興段,.00,都市：住
RPRNMLLJNHKFFDF97CC,智興段,.00,都市：住
RPRNMLLJNHKFFDF97CC,智興段,.00,都市：其他
RPPPMLPJNHKFFHF78CC,健康段,122.26,都市：工
RPQPMLPJNHKFFHF88CC,中原段,39.89,都市：工
RPQNMLNJNHKFFBF87CC,中泰段,21.09,都市：住
RPTNMLNJNHKFFBF18CC,忠孝段,10.37,都市：住
RPPNMLPJNHKFFEF28CC,海天段,5.09,都市：住
RPPQMLQJNHKFFEF68CC,海天段,12.72,都市：住
RPQNMLPJNHKFFBF08CC,建林段,15.82,都市：住
RPSOMLQJNHKFFHF09CC,板南段,92.05,都市：工
RPWNMLOJNHKFFAF68EC,中華段,.00,都市：工
RPVPMLPJNHKFFAF68CC,振興段,.00,都市：住
RPVNMLOJNHKFFAF58EC,力行段,.00,都市：住
RPPOMLPJNHKFFAF97CC,江子翠段溪頭小段,.00,都市：住
RPVNMLPJNHKFFGF09CC,集美段,.00,都市：住
RPORMLPJNHKFFAF18CC,公館段,.00,都市：住
RPUUMLRJNHKFFBF76CC,復興段,.00,都市：住
RPSNMLSJNHKFFGF56DC,過田段,.00,非都市： ; 非都市編定：
RPXPMLSJNHKFFBF86EC,全安段,41.25,都市：住
RPPRMLSJNHKFFAF78EC,幸福段,16.40,都市：住
RPRPMLRJNHKFFEF98DC,公司田段,17.70,都市：其他
RPOQMLRJNHKFFEF68CC,馬偕段,14.40,都市：工
RPWRMLSJNHKFFAF86EC,亞東段,.00,都市：住
RPSTMLSJNHKFFAF09CC,中山段,29.50,都市：住
RPVNMLRJNHKFFCF09EC,華城一段,4722.85,都市：住
RPUOMLQJNHKFFHF66CC,板南段,28.72,都市：工
RPTOMLQJNHKFFHF56CC,健康段,.00,都市：工
RPWOMLRJNHKFFHF96CC,民利段,.00,都市：住
RPQPMLQJNHKFFCF48CC,復興段,5.52,都市：工
RPQPMLQJNHKFFCF48CC,復興段,2.76,都市：工
RPQPMLQJNHKFFCF48CC,復興段,2.76,都市：工
RPTPMLSJNHKFFEF56CC,新興段,23.88,都市：其他
RPQNMLTJNHKFFBF48CC,中原段,7.28,都市：住
RPPNMLTJNHKFFBF38CC,榮富段,10.97,都市：住
RPQNMLOJNHKFFCF28EC,大豐段,29.51,都市：住
RPWTMLLKNHKFFBF98CC,中泰段,68.11,都市：住
RPTTMLLKNHKFFBF68CC,榮富段,24.82,都市：住
RPQUMLLKNHKFFBF48CC,五工段,702.82,非都市：工業區 ; 非都市編定：丁種建築用地
RPSRMLLKNHKFFBF38CC,副都心段一小段,21.63,都市：商
RPUTMLLKNHKFFBF78CC,榮富段,21.39,都市：住
RPPPMLLKNHKFFEF18CC,新巿段,17.18,都市：住
RPOPMLLKNHKFFGF28CC,成功段,.00,都市：住
RPORMLLKNHKFFAF08EC,新板段二小段,.00,都市：住
RPSPMLLKNHKFFAF08CC,介壽段,.00,非都市： ; 非都市編定：
RPTNMLSJNHKFFDF88CC,工建段,31.71,都市：工
RPTNMLSJNHKFFDF88CC,工建段,21.57,都市：工
RPUOMLSJNHKFFDF09CC,智興段,.00,都市：住
RPXQMLLKNHKFFHF76CC,民權段,40.92,都市：住
RPSNMLSJNHKFFDF88DC,中正段,.00,都市：住
RPWOMLSJNHKFFDF66CC,同新段,8.45,都市：工
RPOPMLSJNHKFFDF58CC,同新段,17.45,都市：工
RPSQMLLKNHKFFHF88CC,保生段,5.42,都市：住
RPROMLLKNHKFFDF38EC,智興段,7128.00,都市：住
RPVNMLLKNHKFFDF48CC,福興段,.00,非都市：鄉村區 ; 非都市編定：乙種建築用地
RPSNMLMKNHKFFHF68CC,新民段,.00,都市：工
RPTNMLMKNHKFFHF78CC,民富段,.00,都市：工
RPVNMLMKNHKFFHF98CC,南山段,.00,都市：住
RPVNMLMKNHKFFHF98CC,南山段,.00,都市：住
RPRNMLMKNHKFFDF38EC,保長段,3.91,都市：住
RPQOMLMKNHKFFDF38EC,保長段,8.79,都市：住
RPWNMLMKNHKFFDF88EC,保長段,7.62,都市：住
RPXNMLMKNHKFFDF98EC,保長段,3.90,都市：住
RPROMLMKNHKFFDF48EC,保長段,6.70,都市：住
RPSNMLMKNHKFFDF48EC,保長段,3.90,都市：住
RPPOMLMKNHKFFDF28EC,保長段,6.71,都市：住
RPOOMLMKNHKFFHF38CC,雙和段,.00,都市：商
RPOOMLMKNHKFFHF38CC,雙和段,.00,都市：商
RPXNMLMKNHKFFHF56CC,華中段,24.47,都市：住
RPSOMLMKNHKFFGF68CC,三民段,.00,都市：住
RPQNMLMKNHKFFEF18CC,蕃薯寮段水碓小段,42.52,非都市：山坡地保育區 ; 非都市編定：丙種建築用地
RPPOMLMKNHKFFHF48CC,文化段,.00,都市：住
RPXPMLMKNHKFFHF76CC,台貿段,10.27,都市：住
RPUOMLMKNHKFFHF98CC,新和段,.00,都市：住
RPWOMLMKNHKFFHF56CC,大同段,.00,都市：住
RPWOMLMKNHKFFHF56CC,大同段,.00,都市：住
RPWOMLMKNHKFFHF56CC,大同段,.00,都市：住
RPWOMLMKNHKFFHF56CC,大同段,.00,都市：住
RPTPMLMKNHKFFHF98CC,保平段,.00,都市：商
RPVOMLMKNHKFFHF09CC,中安段,.00,都市：住
RPROMLMKNHKFFHF68CC,復興段,16.62,都市：住
RPQNMLMKNHKFFDF08CC,智興段,4.55,都市：住
RPRPMLNKNHKFFDF48CC,北山段,7.01,都市：住
RPRPMLNKNHKFFDF48CC,北山段,796.61,都市：住
RPWNMLNKNHKFFDF78CC,工建段,.00,都市：工
RPWNMLMKNHKFFEF78CC,正德段,4.91,都市：住
RPTPMLNKNHKFFDF88EC,保長段,3.91,都市：住
RPOPMLNKNHKFFDF38EC,保長段,7.55,都市：住
RPTSMLMKNHKFFBF68CC,昌隆段,.00,都市：住
RPUPMLNKNHKFFDF98EC,保長段,12.63,都市：住
RPVNMLMKNHKFFBF38CC,五工段,207.00,非都市：工業區 ; 非都市編定：丁種建築用地
RPOPMLMKNHKFFCF97CC,惠國段,26.43,都市：住
RPOPMLMKNHKFFCF97CC,惠國段,.61,都市：其他
RPUPMLMKNHKFFCF58CC,寶橋段,.00,都市：工
RPOPMLNKNHKFFCF08CC,民安段,18.93,都市：住
RPVPMLMKNHKFFCF68CC,復興段,.00,都市：工
RPVPMLMKNHKFFCF68CC,復興段,.00,都市：工
RPVPMLMKNHKFFCF68CC,復興段,.00,都市：工
RPXNMLNKNHKFFAF68DC,延和段,.20,都市：住
RPTOMLOKNHKFFCF68DC,惠國段,.00,非都市： ; 非都市編定：
RPROMLOKNHKFFCF48DC,復興段,.00,非都市： ; 非都市編定：
RPXNMLOKNHKFFCF98DC,復興段,.00,非都市： ; 非都市編定：
RPPOMLOKNHKFFCF28DC,寶強段,.00,非都市： ; 非都市編定：
RPUNMLOKNHKFFHF09CC,福和段,.00,都市：商
RPVNMLOKNHKFFHF56CC,大同段,.00,都市：住
RPVNMLOKNHKFFHF56CC,大同段,.00,都市：住
RPVNMLOKNHKFFHF56CC,大同段,.00,都市：住
RPVNMLOKNHKFFHF56CC,大同段,.00,都市：住
RPXOMLOKNHKFFHF86CC,永平段,.00,都市：住
RPXOMLOKNHKFFHF86CC,永平段,.00,都市：商
RPRNMLOKNHKFFIF88CC,三角埔段,32.70,非都市：山坡地保育區 ; 非都市編定：丙種建築用地
RPXOMLMKNHKFFIF76CC,樹德段,.00,都市：住
RPTNMLOKNHKFFDF78EC,保長段,12.63,都市：住
RPORMLPKNHKFFEF68CC,淡海段,28.52,都市：其他
RPOOMLPKNHKFFAF97CC,大安段,54.23,都市：工
RPTPMLSKNHKFFDF56CC,昊天段,36.00,都市：工
RPQNMLRKNHKFFDF58CC,智興段,.00,都市：商
RPPRMLSKNHKFFAF68CC,中山段,.00,非都市： ; 非都市編定：
RPOOMLSKNHKFFBF38CC,中原段,25.13,都市：住
RPSOMLSKNHKFFBF78CC,新工段二小段,21.13,非都市：工業區 ; 非都市編定：丁種建築用地
RPPNMLRKNHKFFCF38CC,順安段,.00,都市：住
RPPNMLRKNHKFFCF38CC,順安段,.00,都市：住
RPSNMLPKNHKFFIF09CC,和平段,13.08,都市：住
RPTNMLPKNHKFFIF56CC,和平段,13.08,都市：住
RPPOMLOKNHKFFEF38CC,公司田段,28.77,都市：住
RPWOMLOKNHKFFEF09CC,仁愛段,8.91,都市：商
RPPNMLSKNHKFFEF68CC,公司田段,24.30,都市：住
RPSNMLSKNHKFFEF98CC,公司田段,21.06,都市：住
RPVNMLSKNHKFFEF66CC,淡海段,17.55,都市：住
RPOPMLSKNHKFFEF78CC,淡海段,17.41,都市：住
RPXNMLSKNHKFFEF86CC,淡海段,17.41,都市：住
RPPOMLSKNHKFFEF78CC,淡海段,17.55,都市：住
RPWNMLSKNHKFFEF76CC,淡海段,16.40,都市：住
RPTNMLSKNHKFFEF09CC,公司田段,24.30,都市：住
RPPPMLSKNHKFFEF88CC,淡海段,17.88,都市：住
RPQOMLSKNHKFFEF88CC,淡海段,17.07,都市：住
RPPQMLSKNHKFFEF98CC,淡海段,16.55,都市：住
RPWQMLSKNHKFFEF07CC,公司田段,15.00,都市：住
RPXPMLSKNHKFFEF07CC,淡海段,17.41,都市：住
RPUQMLSKNHKFFEF86CC,中正段,9.90,都市：商
RPPPMLSKNHKFFIF66CC,介壽段,17.44,都市：住
RPOPMLSKNHKFFIF56CC,大學段一小段,5.88,都市：住
RPQNMLSKNHKFFGF98CC,中興段,.00,都市：工
RPSOMLSKNHKFFHF76CC,福祥段,.00,都市：商
RPPOMLSKNHKFFHF09CC,圓通段,30.33,都市：住
RPUNMLTKNHKFFDF56CC,智興段,.00,都市：商
RPQOMLTKNHKFFAF58CC,忠孝段,.00,都市：住
RPXNMLTKNHKFFAF56CC,樂利段,4.70,都市：其他
RPPPMLTKNHKFFAF58CC,光華段,.00,都市：住
RPTQMLTKNHKFFDF76CC,同新段,12.00,都市：工
RPWOMLTKNHKFFGF17CC,正義北段,.00,都市：商
RPORMLSKNHKFFEF98CC,新巿段,15.81,都市：住
RPPPMLTKNHKFFGF56CC,民權段,34.07,都市：住
RPRQMLSKNHKFFEF56CC,淡海段,17.41,都市：住
RPOOMLTKNHKFFEF78CC,竹圍段,4.58,都市：住
RPSQMLSKNHKFFEF66CC,淡海段,14.16,都市：住
RPVQMLTKNHKFFDF96CC,環河段,41.85,都市：工
RPOQMLKLNHKFFDF08CC,東勢段,.00,非都市：山坡地保育區 ; 非都市編定：丙種建築用地
RPUQMLTKNHKFFDF86CC,同新段,12.00,都市：工
RPSSMLTKNHKFFEF17EC,下罟子段下罟子小段,1506.00,都市：農
RPSSMLTKNHKFFEF17EC,下罟子段下罟子小段,321.00,都市：農
RPSSMLTKNHKFFEF17EC,下罟子段下罟子小段,27.00,都市：農
RPSSMLTKNHKFFEF17EC,下罟子段下罟子小段,158.00,都市：農
RPSSMLTKNHKFFEF17EC,下罟子段下罟子小段,648.00,都市：農
RPSNMLKLNHKFFBF97CC,五工段,2897.44,非都市：工業區 ; 非都市編定：丁種建築用地
RPSOMLKLNHKFFHF68CC,民治段,.00,都市：住
RPUNMLKLNHKFFEF48CC,長興段,5.61,都市：住
RPTNMLKLNHKFFEF38CC,公司田段,25.11,都市：住
RPSOMLLLNHKFFHF78CC,板南段,.00,都市：工
RPSOMLLLNHKFFHF78CC,板南段,.00,都市：其他
RPVNMLKLNHKFFAF38EC,公館段,.00,都市：住
RPWNMLKLNHKFFAF48EC,金城段,12.96,都市：住
RPWNMLKLNHKFFAF48EC,金城段,2.43,都市：住
RPWNMLKLNHKFFAF48EC,金城段,17.24,都市：住
RPOQMLKLNHKFFAF77CC,江子翠段第二崁小段,.00,非都市： ; 非都市編定：
RPTQMLKLNHKFFAF28CC,江子翠段第二崁小段,.00,非都市： ; 非都市編定：
RPOOMLKLNHKFFAF57CC,振興段,661.00,都市：商
RPOPMLLLNHKFFHF48CC,錦和段,13.87,都市：住
RPPNMLLLNHKFFDF97CC,智興段,.00,都市：住
RPQNMLLLNHKFFDF08CC,智興段,.00,都市：商
RPQNMLLLNHKFFDF08CC,智興段,.00,都市：其他
RPQNMLLLNHKFFDF08CC,智興段,.00,都市：商
RPWPMLLLNHKFFAF58CC,仁愛段,66.94,都市：工
RPPOMLKLNHKFFCF87CC,中正段,.00,都市：其他
RPPOMLMLNHKFFIF68CC,樹新段,25.48,都市：住
RPXPMLMLNHKFFGF76CC,仁義段,94.00,都市：住
RPROMLLLNHKFFGF58CC,成功段,.00,都市：商
RPOOMLMLNHKFFEF18CC,正德段,25.02,都市：住
RPROMLMLNHKFFEF48CC,公司田段,15.87,都市：住
RPPQMLMLNHKFFEF48CC,水仙段,.43,都市：住
RPPQMLMLNHKFFEF48CC,水仙段,2.29,都市：住
RPOQMLMLNHKFFEF38CC,水仙段,.46,都市：住
RPOQMLMLNHKFFEF38CC,水仙段,2.48,都市：住
RPQQMLMLNHKFFEF58CC,長興段,4.81,都市：住
RPTOMLMLNHKFFHF98CC,大仁段,34.18,都市：住
RPQQMLMLNHKFFEF58CC,長興段,.16,都市：住
RPSPMLMLNHKFFHF98CC,連城段,.00,都市：住
RPSPMLMLNHKFFHF98CC,連城段,.00,都市：住
RPSPMLMLNHKFFHF98CC,連城段,.00,都市：住
RPSPMLMLNHKFFHF98CC,連城段,.00,都市：其他
RPSPMLMLNHKFFHF98CC,連城段,.00,都市：住
RPROMLMLNHKFFHF78CC,得和段,.00,都市：住
RPVPMLLLNHKFFBF58CC,光明段,22.15,都市：住
RPWNMLLLNHKFFBF48CC,國宅段,17.29,都市：住
RPTPMLLLNHKFFBF38CC,中興段,102.25,都市：工
RPXQMLLLNHKFFBF88CC,豐年段,26.07,都市：住
RPUPMLLLNHKFFBF48CC,全安段,99.52,都市：住
RPUPMLLLNHKFFBF48CC,全安段,103.19,都市：住
RPPNMLNLNHKFFGF48CC,永安段,14.00,都市：住
RPTNMLMLNHKFFBF28CC,中原段,18.05,都市：住
RPPNMLNLNHKFFHF58CC,大仁段,30.82,都市：住
RPUNMLNLNHKFFBF48CC,中原段,23.88,都市：住
RPTNMLNLNHKFFBF38CC,榮富段,7.40,都市：住
RPQOMLNLNHKFFBF18CC,中原段,19.42,都市：住
RPSNMLNLNHKFFBF28CC,中原段,13.01,都市：商
RPXNMLNLNHKFFBF78CC,榮富段,10.87,都市：住
RPOOMLNLNHKFFBF97CC,恒安段,21.01,都市：住
RPPOMLNLNHKFFBF08CC,榮富段,22.23,都市：住
RPRNMLNLNHKFFBF18CC,中原段,19.42,都市：住
RPROMLNLNHKFFBF28CC,榮富段,24.07,都市：住
RPSOMLNLNHKFFBF38CC,中誠段,23.51,都市：住
RPRNMLOLNHKFFDF48CC,智興段,.00,都市：商
RPPNMLOLNHKFFBF08CC,國宅段,18.65,都市：住
RPQNMLOLNHKFFDF38CC,智興段,.00,都市：住
RPQNMLOLNHKFFDF38CC,智興段,.00,都市：其他
RPSPMLPLNHKFFBF68CC,新工段一小段,1154.73,非都市：工業區 ; 非都市編定：丁種建築用地
RPQNMLPLNHKFFDF48CC,昊天段,52.49,都市：工
RPSNMLPLNHKFFDF68CC,昊天段,166.99,都市：工
RPROMLPLNHKFFEF78CC,新興段,2.61,都市：住
RPSOMLPLNHKFFEF88CC,新巿段,18.95,都市：住
RPVPMLPLNHKFFEF66CC,公司田段,44.28,都市：住
RPUNMLPLNHKFFHF66CC,連城段,.00,都市：住
RPUOMLPLNHKFFHF76CC,復興段,27.11,都市：住
RPVNMLQLNHKFFHF86CC,連城段,.00,都市：住
RPOOMLQLNHKFFHF88CC,盛昌段,.00,都市：住
RPWOMLQLNHKFFEF76CC,竹圍段,8.06,都市：商
RPROMLQLNHKFFHF56CC,大同段,16.00,都市：住
RPSOMLQLNHKFFHF66CC,橋和段,.00,都市：商
RPTOMLQLNHKFFHF76CC,復興段,.00,都市：住
RPTNMLQLNHKFFEF98CC,鄧公段,.00,都市：住
RPVOMLQLNHKFFGF86CC,大安段,14.57,都市：住
RPVOMLQLNHKFFGF86CC,大安段,.09,都市：其他
RPXOMLPLNHKFFDF66CC,智興段,.00,非都市： ; 非都市編定：
RPSNMLQLNHKFFDF78CC,智興段,.00,都市：住
RPQPMLQLNHKFFDF78CC,同新段,.68,都市：工
RPPPMLQLNHKFFIF56CC,大學段二小段,8.29,都市：商
RPVPMLQLNHKFFAF98CC,幸福段,30.00,都市：住
RPTNMLQLNHKFFAF58CC,江子翠段第二崁小段,.00,都市：其他
RPVNMLQLNHKFFAF98EC,忠孝段,.00,非都市： ; 非都市編定：
RPOOMLQLNHKFFAF38EC,新雅段,.00,都市：住
RPVNMLRLNHKFFAF98DC,金城段,11.35,都市：住
RPWNMLRLNHKFFAF09DC,清水段,19.05,都市：住
RPSNMLRLNHKFFAF78EC,大庭段,12.29,都市：住
RPRQMLRLNHKFFBF88CC,中誠段,42.89,都市：住
RPSOMLRLNHKFFHF76CC,民富段,.00,都市：工
RPTOMLRLNHKFFHF86CC,安平段,12.88,都市：住
RPWNMLQLNHKFFBF98CC,麗林段,21.72,都市：商
RPUOMLRLNHKFFHF96CC,板南段,30.72,都市：工
RPTQMLQLNHKFFBF98CC,芳洲段,24.09,都市：住
RPWOMLRLNHKFFHF17CC,健康段,8.15,都市：工
RPVRMLSLNHKFFBF86CC,中原段,30.40,都市：住
RPWNMLSLNHKFFDF86DC,金龍段,24.68,都市：住
RPXNMLSLNHKFFDF96DC,金龍段,34.00,都市：住
RPXPMLTLNHKFFGF57DC,福德南段,115.39,都市：住
RPRNMLTLNHKFFDF98CC,智興段,.00,都市：商
RPRNMLTLNHKFFDF98CC,智興段,.00,都市：其他
RPTNMLRLNHKFFEF09CC,公司田段,22.36,都市：其他
RPTPMLTLNHKFFBF56CC,中原段,32.50,都市：住
RPVQMLQLNHKFFBF56CC,榮富段,65.04,都市：住
RPVPMLTLNHKFFBF76CC,中原段,30.51,都市：住
RPTSMLTLNHKFFBF86CC,光明段,.00,都市：住
RPPQMLTLNHKFFEF56CC,新巿段,7295.67,都市：其他
RPTNMLTLNHKFFHF96CC,信和段,83.48,都市：住
RPORMLTLNHKFFEF56CC,長興段,.00,都市：住
RPORMLTLNHKFFEF56CC,長興段,.00,都市：住
RPORMLTLNHKFFEF56CC,長興段,.00,都市：住
RPORMLTLNHKFFEF56CC,滬尾段,.00,都市：其他
RPRQMLTLNHKFFIF17CC,大學段二小段,8.22,都市：商
RPSQMLTLNHKFFIF27CC,復興段,32.80,都市：住
RPPNMLLMNHKFFEF18CC,新巿段,17.19,都市：住
RPQOMLLJOHKFFEF18CC,舊小基隆段埔頭小段,145.33,都市：農
RPQOMLLJOHKFFEF18CC,舊小基隆段埔頭小段,356.67,都市：農
RPQNMLLMNHKFFEF28CC,紅毛城段,5.59,都市：住
RPUQMLLJOHKFFAF38CC,中山段,9.16,都市：其他
RPPOMLLJOHKFFGF28CC,成功段,.00,都市：住
RPPOMLLJOHKFFGF28CC,成功段,.00,都市：住
RPUOMLLJOHKFFDF48CC,同新段,15.15,都市：工
RPQOMLLJOHKFFDF08CC,智興段,.00,都市：商
RPOPMLLJOHKFFDF97CC,同新段,61.06,都市：工
RPROMLLJOHKFFDF38EC,北山段,36.86,都市：住
RPXPMLLJOHKFFDF98DC,厚德段,.00,都市：住
RPUOMLMJOHKFFAF48EC,公館段,.00,都市：住
RPSNMLMJOHKFFDF28CC,水源段,.00,都市：住
RPSNMLMJOHKFFDF28CC,水源段,.00,都市：住
RPUNMLMJOHKFFDF48CC,智興段,.00,都市：住
RPRQMLMJOHKFFEF58CC,灰子段後洲子小段,2891.00,都市：其他
RPWNMLNJOHKFFGF09CC,正義段,.00,都市：住
RPRPMLMJOHKFFHF78CC,南勢段,.00,都市：住
RPVPMLMJOHKFFHF56CC,連城段,.00,都市：住
RPTOMLNJOHKFFAF28CC,江子翠段新埔小段,.00,都市：住
RPVQMLNJOHKFFBF78CC,忠孝段,10.37,都市：住
RPQRMLNJOHKFFBF38CC,榮富段,10.36,都市：住
RPRRMLNJOHKFFBF48CC,新工段一小段,76.22,非都市：工業區 ; 非都市編定：丁種建築用地
RPSRMLNJOHKFFBF58CC,中原段,14.57,都市：住
RPVRMLNJOHKFFBF88CC,五工段,1003.05,非都市：工業區 ; 非都市編定：丁種建築用地
RPVRMLNJOHKFFBF88CC,五工段,1003.00,非都市：工業區 ; 非都市編定：丁種建築用地
RPTRMLNJOHKFFBF68CC,中原段,24.19,都市：住
RPQPMLNJOHKFFAF28EC,員和段,100.95,都市：其他
RPQPMLNJOHKFFAF28EC,員和段,43.21,都市：住
RPPPMLOJOHKFFAF08CC,樂利段,30.40,都市：住
RPSNMLSLNHKFFCF88CC,惠國段,4.30,都市：住
RPOQMLOJOHKFFAF08CC,運校段,176.02,都市：其他
RPQQMLOJOHKFFAF28CC,新板段二小段,.00,非都市： ; 非都市編定：
RPVNMLQLNHKFFCF98CC,安康段,.00,都市：其他
RPXNMLTLNHKFFCF86CC,建國段,54.68,都市：住
RPTOMLTLNHKFFCF76EC,小城段,79.00,都市：住
RPUNMLQLNHKFFCF88CC,寶強段,.00,都市：住
RPPNMLKMNHKFFCF87CC,香坡段,163.36,非都市：山坡地保育區 ; 非都市編定：丙種建築用地
RPPNMLKMNHKFFCF87CC,香坡段,4.26,非都市：山坡地保育區 ; 非都市編定：林業用地
RPPNMLKMNHKFFCF87CC,香坡段,1.19,非都市：山坡地保育區 ; 非都市編定：林業用地
RPPNMLKMNHKFFCF87CC,香坡段,5.08,非都市：山坡地保育區 ; 非都市編定：遊憩用地
RPPNMLKMNHKFFCF87CC,香坡段,2.38,非都市：山坡地保育區 ; 非都市編定：遊憩用地
RPPNMLKMNHKFFCF87CC,香坡段,2.38,非都市：山坡地保育區 ; 非都市編定：林業用地
RPWNMLQLNHKFFCF56DC,寶強段,.00,非都市： ; 非都市編定：
RPWNMLQLNHKFFCF56DC,寶強段,.00,非都市： ; 非都市編定：
RPWNMLQLNHKFFCF56DC,寶強段,.00,非都市： ; 非都市編定：
RPWNMLQLNHKFFCF56DC,寶強段,.00,非都市： ; 非都市編定：
RPXNMLOJOHKFFEF09CC,龍米段,4.68,都市：其他
RPQPMLPJOHKFFEF68CC,新興段,12.91,都市：住
RPQPMLPJOHKFFDF58CC,同新段,12.33,都市：工
RPSOMLPJOHKFFDF68CC,同新段,7.80,都市：工
RPUOMLPJOHKFFDF09EC,智興段,6.88,都市：住
RPQOMLPJOHKFFHF88CC,廟美段,33.83,都市：住
RPPOMLPJOHKFFBF18CC,榮富段,9.97,都市：住
RPROMLPJOHKFFBF38CC,自立段,20.26,都市：住
RPQOMLPJOHKFFBF28CC,榮富段,10.44,都市：住
RPTOMLPJOHKFFHF56CC,板南段,.00,都市：工
RPTOMLPJOHKFFHF56CC,板南段,.00,都市：其他
RPSOMLPJOHKFFBF48CC,榮富段,8.60,都市：住
RPUOMLPJOHKFFHF66CC,健康段,87.29,都市：工
RPSOMLPJOHKFFHF09CC,板南段,.00,都市：工
RPSOMLPJOHKFFHF09CC,板南段,.00,都市：其他
RPTNMLQJOHKFFDF78CC,建成段,4292.19,都市：商
RPTNMLQJOHKFFDF78CC,建成段,2117.48,都市：商
RPRQMLPJOHKFFHF56CC,信和段,.00,都市：住
RPQNMLQJOHKFFEF58CC,海天段,16.09,都市：住
RPQNMLQJOHKFFEF58CC,海天段,.91,都市：住
RPROMLRJOHKFFEF88CC,新興段,34.72,都市：住
RPPNMLQJOHKFFEF48CC,新巿段,28.61,都市：住
RPROMLSJOHKFFEF98CC,龍米段,.00,都市：住
RPSOMLSJOHKFFGF66CC,正義段,.00,非都市： ; 非都市編定：
RPTTMLSJOHKFFIF47CC,大學段一小段,.00,都市：住
RPXRMLSJOHKFFIF67CC,大學段一小段,15.69,都市：商
RPUNMLSJOHKFFHF86CC,華福段,.00,都市：住
RPUNMLSJOHKFFHF86CC,華福段,.00,都市：住
RPPOMLSJOHKFFHF09CC,南山段,.00,都市：住
RPUOMLSJOHKFFHF96CC,中安段,6.62,都市：住
RPPNMLQJOHKFFCF28CC,玫瑰段,.00,都市：住
RPOQMLSJOHKFFAF48CC,新雅段,15.21,都市：住
RPXOMLSJOHKFFBF66CC,建林段,297.52,都市：住
RPTPMLTJOHKFFBF09CC,全安段,28.20,都市：住
RPPNMLSJOHKFFDF58CC,智興段,.00,都市：住
RPPOMLSJOHKFFDF68CC,大同段,.00,都市：住
RPSNMLTJOHKFFDF98CC,昊天段,23.90,都市：工
RPSOMLRJOHKFFEF98CC,公司田段,17.56,都市：住
RPSOMLSJOHKFFDF98CC,金龍段,15.07,都市：住
RPSNMLTJOHKFFGF66CC,菜寮段,.00,非都市： ; 非都市編定：
RPSNMLTJOHKFFGF66CC,菜寮段,.00,非都市： ; 非都市編定：
RPXNMLTJOHKFFDF86CC,保安段,905.97,都市：工
RPUPMLTJOHKFFAF09CC,江子翠段新埔小段,16.50,都市：商
RPUPMLTJOHKFFAF09CC,江子翠段新埔小段,14.50,都市：商
RPQPMLSJOHKFFDF88CC,保安段,905.97,都市：工
RPQNMLSJOHKFFCF58CC,秀水段,18.27,都市：住
RPSOMLKKOHKFFAF18EC,府中段,.00,都市：住
RPOOMLTJOHKFFCF68DC,寶橋段,107.80,都市：工
RPXNMLKKOHKFFGF98CC,仁愛段,.00,非都市： ; 非都市編定：
RPXNMLKKOHKFFGF98CC,仁愛段,.00,非都市： ; 非都市編定：
RPWNMLKKOHKFFHF09DC,永福段,16.75,都市：商
RPUOMLKKOHKFFAF38EC,成功段,.00,都市：住
RPTOMLKKOHKFFAF28EC,光仁段,.00,都市：住
RPRPMLLKOHKFFBF18CC,菁埔段漳洲寮小段,4270.00,都市：農
RPVPMLKKOHKFFAF38CC,中山段,10.65,都市：其他
RPWPMLKKOHKFFAF48CC,新板段三小段,2.76,都市：其他
RPSRMLKKOHKFFBF38CC,民安段,8.19,都市：住
RPUPMLKKOHKFFBF38CC,雙鳳段,9.14,都市：住
RPXNMLKKOHKFFHF09CC,水源段,54.05,都市：商
RPXPMLTJOHKFFEF17CC,公司田段,28.40,都市：住
RPUOMLKKOHKFFEF68DC,鄧公段,4.81,都市：住
RPPRMLLKOHKFFBF18CC,建林段,53.41,都市：住
RPSPMLLKOHKFFBF28CC,力行段,13.05,都市：商
RPRNMLKKOHKFFEF28DC,鄧公段,7.02,都市：住
RPVNMLLKOHKFFDF58CC,智興段,.00,都市：商
RPXNMLLKOHKFFAF48CC,延和段,.00,都市：其他
RPQOMLLKOHKFFAF87CC,亞東段,.00,都市：住
RPROMLTJOHKFFEF09CC,正德段,.00,非都市： ; 非都市編定：
RPOOMLLKOHKFFHF38CC,圓通段,.00,都市：住
RPROMLLKOHKFFHF68CC,復興段,.00,都市：住
RPUOMLLKOHKFFHF98CC,錦和段,.00,都市：商
RPPPMLLKOHKFFHF58CC,連城段,.00,都市：住
RPWOMLLKOHKFFHF56CC,圓通段,.00,都市：住
RPXOMLLKOHKFFHF66CC,永安段,.00,都市：商
RPOPMLLKOHKFFHF48CC,安邦段,.00,都市：住
RPRQMLLKOHKFFHF88CC,中原段,.00,都市：工
RPVOMLLKOHKFFHF09CC,捷運段,.00,都市：其他
RPTNMLLKOHKFFAF28EC,沛陂段,1207.02,都市：工
RPOUMLMKOHKFFDF68CC,同新段,17.45,都市：工
RPXOMLMKOHKFFCF88CC,寶元段,104.56,都市：工
RPSPMLMKOHKFFIF56DC,大仁段,32.29,都市：住
RPOPMLMKOHKFFIF88EC,大學段一小段,16.26,都市：住
RPPNMLNKOHKFFDF18CC,智興段,13.24,都市：商
RPUNMLLKOHKFFAF38EC,大安段,50.00,都市：工
RPUPMLMKOHKFFBF58CC,泰山段一小段,1007.00,非都市：特定農業區 ; 非都市編定：農牧用地
RPOOMLMKOHKFFBF87CC,和平段,7.51,都市：住
RPXOMLMKOHKFFBF78CC,力行段,25.56,都市：住
RPPOMLMKOHKFFBF97CC,復興段,227.02,都市：住
RPXNMLMKOHKFFBF68CC,榮富段,11.87,都市：住
RPRSMLPKOHKFFDF09CC,福興段,.00,非都市：鄉村區 ; 非都市編定：乙種建築用地
RPQSMLPKOHKFFDF98CC,福興段,.00,非都市：鄉村區 ; 非都市編定：乙種建築用地
RPQSMLPKOHKFFDF98CC,福興段,.00,非都市：鄉村區 ; 非都市編定：乙種建築用地
RPQSMLPKOHKFFDF98CC,福興段,.00,非都市：鄉村區 ; 非都市編定：乙種建築用地
RPRNMLPKOHKFFDF58CC,智興段,.00,都市：商
RPRNMLPKOHKFFDF58CC,智興段,.00,都市：住
RPTOMLPKOHKFFCF78CC,華城二段,.00,都市：住
RPVQMLQKOHKFFBF66DC,榮富段,.00,都市：住
RPSNMLRKOHKFFDF98DC,北山段,24.56,都市：住
RPXNMLRKOHKFFGF27EC,仁興段,.00,非都市： ; 非都市編定：
RPUNMLRKOHKFFCF98CC,北新段,.00,都市：其他
RPUNMLRKOHKFFCF98CC,北新段,.00,都市：住
RPUPMLQKOHKFFHF96CC,保健段,1.89,都市：商
RPUPMLQKOHKFFHF96CC,保健段,10.91,都市：住
RPWNMLQKOHKFFCF09CC,中正段,.00,都市：住
RPQNMLQKOHKFFCF48CC,復興段,.00,都市：工
RPPPMLRKOHKFFHF56CC,大智段,.00,都市：住
RPOPMLRKOHKFFHF09CC,樂華段,8.74,都市：商
RPOPMLRKOHKFFHF09CC,樂華段,4.83,都市：住
RPPQMLRKOHKFFEF98CC,淡海段,28.44,都市：住
RPTPMLRKOHKFFGF86CC,長壽段,.00,都市：商
RPTPMLRKOHKFFGF86CC,長壽段,.00,都市：商
RPTOMLSKOHKFFGF86CC,集美段,.00,都市：住
RPVPMLRKOHKFFHF17CC,安邦段,.00,都市：工
RPPQMLRKOHKFFHF66CC,信義段,3.13,都市：商
RPQQMLRKOHKFFHF76CC,健康段,9.26,都市：工
RPRPMLPKOHKFFEF88CC,新巿段,.00,都市：住
RPVOMLSKOHKFFEF86CC,公司田段,21.06,都市：住
RPTPMLSKOHKFFEF76CC,正德段,20.90,都市：住
RPXQMLSKOHKFFEF27CC,公司田段,29.53,都市：住
RPSRMLSKOHKFFEF86CC,新興段,22.92,都市：住
RPSTMLSKOHKFFDF96CC,金龍段,.00,非都市：山坡地保育區 ; 非都市編定：丙種建築用地
RPTTMLSKOHKFFDF07CC,福德段,30.00,都市：住
RPTTMLSKOHKFFDF07CC,福德段,3.05,都市：住
RPPNMLLKOHKFFFF18CC,明燈段,18.36,都市：住
RPPQMLSKOHKFFIF86CC,和平段,14.11,都市：住
RPVPMLSKOHKFFIF37CC,大學段二小段,8.94,都市：商
RPQNMLSKOHKFFBF58CC,昌隆段,15.12,都市：住
RPVPMLSKOHKFFBF66CC,副都心段一小段,10.58,都市：商
RPXPMLSKOHKFFBF86CC,榮富段,10.01,都市：住
RPORMLSKOHKFFBF78CC,五工段,861.88,非都市：工業區 ; 非都市編定：丁種建築用地
RPOQMLSKOHKFFBF68CC,榮富段,10.97,都市：住
RPQQMLSKOHKFFBF88CC,思源段,31.07,都市：住
RPXQMLSKOHKFFBF96CC,力行段,8.41,都市：住
RPQNMLSKOHKFFDF98EC,新峰段,3.07,都市：住
RPSNMLSKOHKFFDF56EC,保長段,3.91,都市：住
RPPRMLSKOHKFFBF98DC,榮富段,34.74,都市：住
RPUNMLSKOHKFFDF76EC,保長段,8.53,都市：住
RPWNMLSKOHKFFCF76DC,寶橋段,.00,非都市： ; 非都市編定：
RPTNMLSKOHKFFIF07DC,育英段,40.67,都市：商
RPVNMLSKOHKFFDF86EC,保長段,3.91,都市：住
RPWNMLSKOHKFFDF96EC,保長段,3.91,都市：住
RPPNMLTKOHKFFBF58CC,中原段,11.93,都市：住
RPQNMLTKOHKFFBF68CC,榮富段,13.13,都市：住
RPWNMLTKOHKFFBF66CC,榮富段,18.71,都市：住
RPUNMLTKOHKFFBF09CC,榮富段,12.20,都市：住
RPSNMLTKOHKFFBF88CC,副都心段一小段,16.67,都市：商
RPPNMLTKOHKFFDF78CC,智興段,3739.00,都市：其他
RPRNMLTKOHKFFIF86CC,大學段一小段,11.64,都市：住
RPOOMLTKOHKFFBF58CC,中原段,24.30,都市：住
RPPNMLTKOHKFFGF09CC,中民段,39.97,都市：商
RPPNMLLLOHKFFBF87CC,國宅段,16.16,都市：住
RPPOMLMLOHKFFBF08CC,中原段,11.93,都市：住
RPWPMLMLOHKFFBF88CC,力行段,17.47,都市：住
RPRRMLMLOHKFFBF58CC,副都心段一小段,21.79,都市：商
RPWOMLMLOHKFFDF98CC,工建段,76.48,都市：工
RPPNMLMLOHKFFDF18CC,智興段,.00,都市：商
RPQPMLMLOHKFFDF48CC,昊天段,7.04,都市：工
RPQNMLMLOHKFFHF68CC,板南段,361.56,都市：工
RPRPMLMLOHKFFHF98CC,華中段,.00,都市：住
RPPPMLRKOHKFFAF48CC,江子翠段溪頭小段,.00,都市：住
RPTNMLMLOHKFFCF48CC,順安段,.00,都市：住
RPRPMLMLOHKFFDF58CC,保安段,28.52,都市：工
RPUPMLMLOHKFFHF66CC,健康段,90.29,都市：工
RPVPMLMLOHKFFHF76CC,健康段,.00,都市：工
RPWPMLMLOHKFFHF86CC,信和段,11.59,都市：住
RPRQMLSKOHKFFAF88CC,新雅段,.00,非都市： ; 非都市編定：
RPSOMLMLOHKFFCF58DC,福園段,34.08,都市：住
RPOOMLSKOHKFFAF38CC,文化段,2.10,都市：住
RPXNMLSKOHKFFAF56CC,江子翠段第二崁小段,5.16,都市：商
RPQNMLSKOHKFFAF68EC,中山段,29.50,都市：住
RPQNMLMLOHKFFHF88EC,信義段,.00,都市：商
RPXNMLNLOHKFFEF66DC,中興段,50.38,都市：商
RPUOMLRKOHKFFAF88CC,金城段,3.55,都市：住
RPUPMLNLOHKFFIF86CC,大學段一小段,5.34,都市：住
RPVPMLNLOHKFFIF96CC,仁愛段,7.16,都市：住
RPROMLNLOHKFFCF48CC,萬順寮段草地尾小段,12.04,都市：工
RPROMLNLOHKFFDF58CC,昊天段,15.70,都市：工
RPPOMLNLOHKFFDF38CC,同新段,9.95,都市：工
RPSOMLNLOHKFFDF68CC,同新段,11.64,都市：工
RPQNMLOLOHKFFDF48CC,智興段,.00,都市：商
RPUPMLNLOHKFFDF98CC,工建段,52.49,都市：工
RPOSMLOLOHKFFDF78CC,福德段,1698.83,都市：商
RPOPMLNLOHKFFAF28EC,新板段二小段,5.03,都市：其他
RPWNMLOLOHKFFHF86CC,興南段,31.70,都市：住
RPUNMLOLOHKFFHF66CC,樂華段,101.26,都市：商
RPWNMLOLOHKFFCF98CC,玫瑰段,58.14,都市：住
RPWNMLOLOHKFFCF98CC,玫瑰段,8.37,都市：住
RPWNMLOLOHKFFCF98CC,玫瑰段,6.31,都市：住
RPTOMLOLOHKFFHF66CC,竹林段,.00,都市：住
RPRNMLOLOHKFFCF48CC,安坑段車子路小段,.99,非都市：山坡地保育區 ; 非都市編定：丙種建築用地
RPRNMLOLOHKFFCF48CC,安坑段車子路小段,49.45,非都市：山坡地保育區 ; 非都市編定：丙種建築用地
RPQNMLOLOHKFFCF38CC,民安段,2.40,都市：住
RPQNMLOLOHKFFCF38CC,民安段,.87,都市：住
RPQNMLOLOHKFFCF38CC,民安段,22.23,都市：住
RPSOMLOLOHKFFCF68CC,寶強段,.00,都市：住
RPQRMLOLOHKFFAF58CC,新板段三小段,.00,都市：商
RPTNMLPLOHKFFHF66CC,民樂段,.00,都市：其他
RPROMLPLOHKFFHF56CC,健康段,27.90,都市：工
RPVOMLPLOHKFFHF96CC,南勢段,.00,都市：住
RPQNMLPLOHKFFGF88CC,重陽段,.00,都市：商
RPPOMLPLOHKFFHF98CC,板南段,64.58,都市：工
RPXNMLPLOHKFFHF07CC,板南段,.00,都市：工
RPXNMLPLOHKFFHF07CC,板南段,.00,都市：工
RPXNMLPLOHKFFHF07CC,板南段,.00,都市：其他
RPXRMLOLOHKFFBF76CC,中原段,22.19,都市：住
RPOSMLOLOHKFFBF58CC,副都心段一小段,26.83,都市：商
RPUOMLPLOHKFFGF76CC,成功段,26.97,都市：商
RPTNMLPLOHKFFEF98CC,新興段,8.46,都市：其他
RPVOMLPLOHKFFGF86CC,正義段,.00,都市：住
RPXNMLPLOHKFFEF76CC,天生段,25.52,都市：住
RPSOMLPLOHKFFGF66DC,集美段,.00,非都市： ; 非都市編定：
RPSOMLPLOHKFFGF66DC,集美段,.00,非都市： ; 非都市編定：
RPSOMLPLOHKFFGF66DC,集美段,.00,非都市： ; 非都市編定：
RPQTMLPLOHKFFDF76EC,智興段,6.88,都市：住
RPWOMLPLOHKFFHF07CC,得林段,17.84,都市：住
RPSOMLPLOHKFFEF98CC,中正段,7.06,都市：住
RPSOMLPLOHKFFEF98CC,中正段,3.31,都市：住
RPSOMLPLOHKFFEF98CC,中正段,3.82,都市：住
RPRNMLQLOHKFFDF78CC,智興段,.00,都市：商
RPUOMLPLOHKFFEF56CC,水仙段,2.27,都市：住
RPUOMLPLOHKFFEF56CC,水仙段,.42,都市：住
RPWPMLQLOHKFFAF56CC,新板段三小段,3.38,都市：其他
RPXPMLPLOHKFFBF66CC,合鳳段,9.80,都市：住
RPXPMLPLOHKFFBF66CC,合鳳段,9.80,都市：住
RPOOMLQLOHKFFBF38CC,力行段,18.72,都市：商
RPQNMLQLOHKFFBF48CC,新工段二小段,15.36,非都市：工業區 ; 非都市編定：丁種建築用地
RPTRMLPLOHKFFBF09CC,泰山段二小段,.00,都市：商
RPUPMLPLOHKFFBF98CC,和平段,23.00,都市：住
RPQQMLPLOHKFFBF68CC,榮富段,9.49,都市：住
RPPQMLPLOHKFFBF58CC,榮富段,13.91,都市：住
RPQNMLQLOHKFFEF78CC,海鷗段,.00,都市：住
RPQNMLQLOHKFFEF78CC,海鷗段,.00,都市：工
RPVOMLQLOHKFFHF07CC,福和段,.00,都市：住
RPXPMLQLOHKFFHF37CC,圓通段,.00,都市：住
RPQQMLQLOHKFFHF76CC,華福段,.00,都市：住
RPWPMLQLOHKFFHF27CC,國道段,40.88,都市：農
RPPQMLQLOHKFFHF66CC,公園段,.00,都市：住
RPOQMLQLOHKFFHF56CC,圓通段,.00,都市：住
RPTQMLQLOHKFFHF07CC,員山段,.00,都市：工
RPRQMLQLOHKFFHF86CC,安邦段,17.00,都市：住
RPSQMLQLOHKFFHF96CC,圓通段,10.19,都市：住
RPPNMLSLOHKFFDF78CC,智興段,.00,都市：商
RPSNMLSLOHKFFEF56CC,海天段,13.02,都市：住
RPRNMLSLOHKFFEF09CC,海天段,.02,都市：住
RPRNMLSLOHKFFEF09CC,海天段,.00,都市：住
RPRNMLSLOHKFFEF09CC,海天段,2.91,都市：住
RPRNMLSLOHKFFEF09CC,海天段,.21,都市：住
RPRNMLSLOHKFFEF09CC,海天段,.01,都市：住
RPQNMLTLOHKFFDF98CC,智興段,6.21,都市：商
RPQPMLTLOHKFFDF56CC,水源段,1.95,都市：住
RPQPMLTLOHKFFDF56CC,水源段,.00,都市：住
RPTNMLSLOHKFFEF66CC,海天段,.02,都市：住
RPTNMLSLOHKFFEF66CC,海天段,.00,都市：住
RPTNMLSLOHKFFEF66CC,海天段,2.62,都市：住
RPTNMLSLOHKFFEF66CC,海天段,.19,都市：住
RPTNMLSLOHKFFEF66CC,海天段,.01,都市：住
RPVNMLRLOHKFFEF76CC,淡海段,41.03,都市：其他
RPQOMLTLOHKFFGF76CC,大智段,.00,都市：住
RPUNMLTLOHKFFDF96EC,茄苳腳段,137.00,非都市：山坡地保育區 ; 非都市編定：丙種建築用地
RPXQMLTLOHKFFEF47CC,海鷗段,2.62,都市：住
RPQOMLTLOHKFFDF66EC,茄苳腳段,71.46,非都市：山坡地保育區 ; 非都市編定：丙種建築用地
RPUQMLTLOHKFFEF17CC,海鷗段,3.07,都市：住
RPUOMLTLOHKFFBF66CC,五工段,1641.53,非都市：工業區 ; 非都市編定：丁種建築用地
RPQQMLTLOHKFFBF66EC,昌隆段,19.77,都市：住
RPTOMLTLOHKFFBF56CC,榮富段,12.64,都市：住
RPVPMLTLOHKFFHF47CC,福祥段,.00,都市：住
RPTPMLKMOHKFFHF09CC,中原段,11.72,都市：工
RPTPMLKMOHKFFHF09CC,中原段,148.06,都市：工
RPSPMLKMOHKFFHF98CC,橋和段,42.44,都市：工
RPOQMLKMOHKFFHF68CC,健康段,37.60,都市：工
RPQPMLKMOHKFFHF78CC,永安段,.00,都市：商
RPXPMLTLOHKFFHF67CC,文化段,7.69,都市：住
RPRNMLKMOHKFFDF28CC,智興段,.00,都市：住
RPTRMLKMOHKFFBF68CC,恒安段,27.74,都市：住
RPTRMLKMOHKFFBF68CC,恒安段,18.50,都市：住
RPWSMLKMOHKFFBF09CC,國宅段,6.63,都市：住
RPWOMLKMOHKFFBF68CC,建林段,22.94,都市：住
RPTNMLTLOHKFFIF17CC,永昌段,1490.93,都市：工
RPPRMLKMOHKFFIF98CC,大仁段,17.30,都市：住
RPPQMLKMOHKFFHF78CC,中興段,.00,都市：住
RPPQMLKMOHKFFHF78CC,中興段,.00,都市：其他
RPXSMLKMOHKFFIF27CC,民生段,.00,都市：住
RPURMLKMOHKFFCF88CC,民權段,.00,都市：住
RPVPMLKMOHKFFCF78CC,太平段,.00,都市：商
RPVPMLMJPHKFFGF66DC,永德段,.00,都市：工
RPVPMLMJPHKFFGF66DC,永德段,.00,都市：工
RPVPMLMJPHKFFGF66DC,永德段,.00,都市：工
RPROMLLJPHKFFEF38CC,新興段,23.76,都市：住
RPSOMLLJPHKFFEF48CC,新興段,9.26,都市：住
RPSPMLLJPHKFFIF56EC,民生段,2.53,都市：住
RPTPMLMJPHKFFGF98CC,重新段壹小段,.00,都市：住
RPRPMLLJPHKFFIF09EC,大學段一小段,17.72,都市：住
RPXNMLKMOHKFFGF56CC,仁愛段,.00,非都市： ; 非都市編定：
RPQOMLMJPHKFFEF38CC,新興段,9.43,都市：其他
RPRQMLMJPHKFFEF68CC,淡海段,28.64,都市：住
RPXPMLMJPHKFFEF56CC,公司田段,20.17,都市：住
RPTQMLMJPHKFFEF88CC,水仙段,11.43,都市：住
RPUPMLMJPHKFFCF68CC,寶強段,23.08,都市：住
RPQPMLLJPHKFFCF18CC,惠國段,.00,都市：住
RPQOMLMJPHKFFDF28CC,智興段,.00,都市：商
RPPTMLLJPHKFFCF48CC,復興段,.00,都市：工
RPSNMLNJPHKFFDF48CC,智興段,.00,都市：商
RPTOMLNJPHKFFDF68CC,北山段,966.72,都市：住
RPVPMLMJPHKFFHF66CC,健康段,283.00,都市：工
RPSPMLMJPHKFFBF38CC,榮富段,13.91,都市：住
RPTSMLMJPHKFFBF78CC,福營段,5.91,都市：工
RPRSMLMJPHKFFBF58CC,中原段,23.21,都市：住
RPWSMLMJPHKFFBF09CC,榮富段,13.64,都市：住
RPVSMLMJPHKFFBF98CC,中泰段,121.40,都市：住
RPXSMLNJPHKFFBF66CC,光榮段,941.33,都市：工
RPXSMLNJPHKFFBF66CC,光榮段,152.27,都市：工
RPXSMLNJPHKFFBF66CC,光榮段,104.31,都市：工
RPXSMLNJPHKFFBF66CC,光榮段,133.69,都市：工
RPXSMLNJPHKFFBF66CC,光榮段,26.74,都市：工
RPRTMLNJPHKFFBF78CC,中原段,.00,都市：住
RPQPMLNJPHKFFDF48CC,金龍段,16.39,都市：住
RPQPMLNJPHKFFDF48CC,金龍段,19.02,非都市：山坡地保育區 ; 非都市編定：丙種建築用地
RPQPMLNJPHKFFDF48CC,金龍段,.39,非都市： ; 非都市編定：
RPQPMLNJPHKFFDF48CC,金龍段,.31,非都市： ; 非都市編定：
RPUNMLNJPHKFFIF56CC,大學段二小段,10.22,都市：商
RPRNMLNJPHKFFIF88CC,大學段二小段,14.87,都市：住
RPVNMLNJPHKFFIF66CC,大學段二小段,8.46,都市：住
RPTNMLNJPHKFFIF09CC,大學段二小段,14.60,都市：商
RPWNMLNJPHKFFIF76CC,民生段,27.49,都市：住
RPVOMLNJPHKFFHF66CC,台貿段,53.25,都市：住
RPVOMLNJPHKFFHF66CC,台貿段,.03,都市：其他
RPPNMLPJPHKFFDF38CC,智興段,.00,都市：商
RPXNMLNJPHKFFGF66CC,正義北段,.00,非都市： ; 非都市編定：
RPWOMLNJPHKFFGF66CC,福德北段,11.74,都市：住
RPVQMLNJPHKFFHF86CC,永利段,.00,都市：住
RPPNMLOJPHKFFBF08CC,國宅段,12.24,都市：住
RPWPMLNJPHKFFEF56CC,竹圍段,19.48,都市：商
RPVNMLNJPHKFFHF56CC,安樂段,.00,都市：住
RPPNMLOJPHKFFCF28DC,福園段,.00,非都市： ; 非都市編定：
RPQNMLPJPHKFFDF48CC,新峰段,.00,都市：住
RPPNMLPJPHKFFEF48CC,新巿段,11.64,都市：住
RPSNMLOJPHKFFEF68CC,海鷗段,3.86,都市：住
RPPNMLOJPHKFFEF38CC,中正段,6.67,都市：商
RPSPMLQJPHKFFEF09CC,中正段,23.20,都市：商
RPXQMLQJPHKFFEF07CC,公司田段,10.96,都市：住
RPPPMLQJPHKFFDF68CC,同新段,26.17,都市：工
RPQPMLQJPHKFFDF78CC,同新段,704.41,都市：工
RPUOMLQJPHKFFAF78CC,延和段,.00,都市：住
RPSPMLQJPHKFFDF98CC,同新段,17.45,都市：工
RPXPMLQJPHKFFGF17CC,中興段,.00,都市：工
RPQOMLQJPHKFFHF09CC,復興段,14.80,都市：住
RPQOMLQJPHKFFHF09CC,復興段,14.80,都市：住
RPTOMLQJPHKFFHF76CC,福祥段,.00,都市：住
RPXOMLQJPHKFFHF17CC,福祥段,.00,都市：住
RPUOMLQJPHKFFHF86CC,福祥段,.00,都市：住
RPROMLQJPHKFFDF88DC,厚德段,23.69,都市：住
RPTOMLQJPHKFFDF56EC,保長段,8.53,都市：住
RPSOMLQJPHKFFDF09EC,保長段,3.91,都市：住
RPPPMLQJPHKFFHF09CC,福祥段,.00,都市：住
RPQPMLQJPHKFFHF56CC,福祥段,.00,都市：住
RPQOMLQJPHKFFEF88DC,大堀段,1004.95,都市：住
RPUOMLQJPHKFFDF66EC,保長段,7.55,都市：住
RPXSMLQJPHKFFBF96CC,自立段,24.73,都市：商
RPSQMLQJPHKFFBF88CC,力行段,2.78,都市：住
RPOTMLQJPHKFFBF78CC,中泰段,21.09,都市：住
RPXNMLRJPHKFFBF76EC,建林段,20.56,都市：住
RPRQMLQJPHKFFBF78CC,國宅段,146.51,都市：住
RPVOMLQJPHKFFDF76EC,保長段,3.91,都市：住
RPQQMLRJPHKFFBF78CC,五工段,.00,非都市：工業區 ; 非都市編定：丁種建築用地
RPWQMLRJPHKFFBF76CC,泰山段三小段,47.30,都市：住
RPQOMLRJPHKFFDF78CC,金龍段,.00,都市：住
RPUPMLRJPHKFFBF09CC,中原段,28.12,都市：住
RPUQMLRJPHKFFBF56CC,泰山段三小段,19.25,都市：住
RPSPMLRJPHKFFEF56CC,樹林口段樹林口小段,.81,非都市：山坡地保育區 ; 非都市編定：丙種建築用地
RPSPMLRJPHKFFEF56CC,興福寮段,33.95,非都市：山坡地保育區 ; 非都市編定：丙種建築用地
RPUNMLSJPHKFFEF66CC,新興段,4.54,都市：住
RPUNMLSJPHKFFEF66CC,新興段,.01,都市：住
RPUNMLRJPHKFFHF86CC,民權段,.00,都市：住
RPWNMLSJPHKFFDF76CC,智興段,.00,都市：住
RPWOMLRJPHKFFHF17CC,永安段,.00,都市：住
RPVNMLSJPHKFFEF76CC,鄧公段,5.06,都市：住
RPWNMLRJPHKFFHF07CC,南勢段,.00,都市：住
RPPOMLSJPHKFFDF78CC,智興段,.00,都市：商
RPPOMLSJPHKFFDF78CC,智興段,.00,都市：住
RPTPMLSJPHKFFAF09DC,南天母段,29.22,非都市：山坡地保育區 ; 非都市編定：丙種建築用地
RPXNMLTJPHKFFEF07CC,飛歌段,44.16,都市：商
RPUNMLTJPHKFFHF07CC,信義段,19.85,都市：住
RPVNMLSJPHKFFGF96CC,仁義段,.03,都市：住
RPVNMLSJPHKFFGF96CC,仁義段,.01,都市：住
RPXNMLTJPHKFFHF37CC,保健段,13.26,都市：住
RPWNMLTJPHKFFHF27CC,華中段,26.89,都市：住
RPUPMLTJPHKFFAF76EC,文化段,.00,都市：商
RPROMLTJPHKFFHF86CC,景華段,18.49,都市：住
RPVQMLTJPHKFFBF86CC,頭興段,.00,都市：工
RPUOMLTJPHKFFHF17CC,永利段,15.24,都市：住
RPSNMLTJPHKFFBF88CC,國宅段,22.75,都市：住
RPQNMLKKPHKFFIF58CC,復興段,.00,都市：住
RPTNMLSJPHKFFCF98CC,福園段,18.25,都市：住
RPTNMLSJPHKFFCF98CC,福園段,7.64,都市：住
RPPNMLMKPHKFFDF18CC,智興段,.00,都市：商
RPPNMLLKPHKFFAF77CC,青雲段,6.82,都市：其他
RPPNMLMKPHKFFEF28CC,海天段,6.73,都市：住
RPQNMLMKPHKFFEF38CC,天生段,88.21,都市：住
RPSPMLNKPHKFFEF88CC,公司田段,32.37,都市：住
RPQRMLNKPHKFFEF88CC,竹圍段,20.69,都市：住
RPQRMLNKPHKFFEF88CC,竹圍段,.26,都市：住
RPQRMLNKPHKFFEF88CC,竹圍段,.01,都市：住
RPQRMLNKPHKFFEF88CC,竹圍段,.09,都市：住
RPQRMLNKPHKFFEF88CC,竹圍段,.28,都市：住
RPXNMLNKPHKFFHF86CC,橋和段,536.69,都市：工
RPQPMLTJPHKFFHF86CC,保健段,13.79,都市：住
RPTPMLTJPHKFFHF17CC,民治段,.00,都市：商
RPSPMLTJPHKFFHF07CC,大智段,.00,都市：住
RPPPMLTJPHKFFHF76CC,安邦段,.00,都市：住
RPVNMLNKPHKFFDF09EC,保長段,3.90,都市：住
RPPOMLNKPHKFFCF28CC,中正段,28.64,都市：住
RPSNMLNKPHKFFDF78EC,保長段,8.53,都市：住
RPSOMLNKPHKFFCF58CC,中央段,6.36,都市：住
RPROMLNKPHKFFCF48CC,中央段,6.18,都市：住
RPROMLOKPHKFFAF58EC,中山段,.00,都市：住
RPQNMLOKPHKFFDF48CC,智興段,.00,都市：住
RPUOMLOKPHKFFCF98DC,大豐段,.00,非都市： ; 非都市編定：
RPPOMLOKPHKFFBF28CC,福營段,144.31,都市：工
RPPOMLOKPHKFFBF28CC,福營段,85.93,都市：工
RPROMLOKPHKFFBF48CC,福營段,203.73,都市：工
RPUOMLOKPHKFFBF78CC,成功段,23.30,都市：住
RPPTMLOKPHKFFEF09CC,海鷗段,8.66,都市：住
RPXNMLPKPHKFFHF07CC,中原段,.00,都市：工
RPVNMLPKPHKFFHF86CC,健康段,.00,都市：工
RPOPMLPKPHKFFEF68CC,飛歌段,17.04,都市：工
RPWRMLPKPHKFFEF07CC,海鷗段,.70,都市：住
RPWRMLPKPHKFFEF07CC,海鷗段,17.65,都市：住
RPQSMLPKPHKFFEF56CC,海天段,14.69,都市：住
RPSNMLPKPHKFFDF78CC,智興段,.00,都市：商
RPSOMLPKPHKFFAF58CC,港子嘴段,.00,都市：住
RPTRMLPKPHKFFIF27DC,大仁段,10.25,都市：住
RPTOMLPKPHKFFHF76CC,福祥段,.00,都市：住
RPOPMLPKPHKFFHF98CC,民富段,24.26,都市：住
RPUOMLPKPHKFFHF86CC,福祥段,.00,都市：住
RPXNMLQKPHKFFHF17CC,大新段,.00,都市：商
RPSOMLPKPHKFFHF66CC,福祥段,.00,都市：住
RPVOMLPKPHKFFHF96CC,福祥段,.00,都市：住
RPXPMLPKPHKFFHF27CC,得林段,.00,都市：住
RPXPMLPKPHKFFHF27CC,得林段,.00,都市：住
RPXPMLPKPHKFFHF27CC,得林段,.00,都市：住
RPXPMLPKPHKFFHF27CC,得林段,.00,都市：住
RPWNMLQKPHKFFCF76EC,順安段,93.84,都市：住
RPUNMLQKPHKFFCF98CC,安康段,396.00,都市：農
RPVNMLQKPHKFFCF66EC,惠國段,7198.14,都市：住
RPWNMLRKPHKFFEF86CC,天生段,.00,都市：住
RPSOMLRKPHKFFGF76CC,光華段,.00,非都市： ; 非都市編定：
RPQOMLQKPHKFFHF56CC,得和段,24.25,都市：住
RPQOMLQKPHKFFEF88CC,新興段,.00,都市：住
RPRPMLQKPHKFFEF09CC,望高樓段,34.48,都市：其他
RPVNMLRKPHKFFCF56CC,明德段,31.96,都市：住
RPVNMLRKPHKFFCF56CC,明德段,11.16,都市：住
RPSQMLRKPHKFFHF07CC,健康段,34.06,都市：工
RPTOMLRKPHKFFAF88CC,民族段,.00,都市：住
RPTOMLRKPHKFFAF88CC,民族段,.00,都市：住
RPVNMLRKPHKFFHF07CC,捷運段,18.11,都市：其他
RPWNMLRKPHKFFHF17CC,三民段,.00,都市：住
RPWQMLRKPHKFFHF47CC,公園段,14.30,都市：住
RPWQMLRKPHKFFHF47CC,公園段,.00,都市：商
RPWQMLRKPHKFFHF47CC,公園段,3.69,都市：商
RPOOMLRKPHKFFHF09CC,捷運段,8.30,都市：其他
RPORMLRKPHKFFHF76CC,秀峰段,.00,都市：住
RPSRMLRKPHKFFHF17CC,景新段,.01,都市：住
RPSRMLRKPHKFFHF17CC,景新段,.29,都市：住
RPSRMLRKPHKFFHF17CC,景平段,22.48,都市：住
RPVQMLRKPHKFFHF37CC,民富段,22.23,都市：住
RPRRMLRKPHKFFAF98CC,光仁段,.00,都市：商
RPRRMLRKPHKFFAF98CC,光仁段,.00,都市：商
RPXOMLRKPHKFFDF96CC,智興段,.00,都市：商
RPOQMLRKPHKFFBF68CC,幸福段,.00,非都市： ; 非都市編定：
RPURMLRKPHKFFHF47DC,健康段,60.50,都市：工
RPSNMLSKPHKFFGF76CC,文化北段,.00,都市：商
RPUNMLTKPHKFFDF76CC,智興段,.00,都市：商
RPRNMLKLPHKFFDF28CC,新峰段,10.57,都市：住
RPPNMLSKPHKFFEF88CC,飛歌段,8.36,都市：工
RPRQMLKLPHKFFBF38CC,泰山段一小段,661.00,都市：農
RPRNMLRKPHKFFHF86EC,健康段,.00,都市：工
RPUOMLKLPHKFFAF58EC,江子翠段第二崁小段,.00,都市：其他
RPVOMLKLPHKFFAF68EC,學成段,14.60,都市：其他
RPXOMLLLPHKFFGF76CC,興德段,.00,都市：工
RPQNMLLLPHKFFEF38CC,海鷗段,30.46,都市：住
RPSQMLKLPHKFFEF88DC,新巿段,2373.67,都市：住
RPSRMLKLPHKFFEF88CC,正德段,38.30,都市：住
RPPPMLLLPHKFFIF88CC,安溪段,31.47,都市：商
RPXOMLLLPHKFFIF96CC,民族段,23.20,都市：住
RPOPMLLLPHKFFIF78CC,大學段一小段,15.10,都市：商
RPRPMLLLPHKFFIF09CC,和平段,27.10,都市：住
RPWPMLLLPHKFFIF96CC,大學段一小段,10.51,都市：商
RPVOMLLLPHKFFHF66CC,福祥段,.00,都市：住
RPUOMLLLPHKFFHF56CC,福祥段,.00,都市：住
RPTOMLLLPHKFFHF09CC,福祥段,.00,都市：住
RPPOMLLLPHKFFBF08CC,光華段,3788.42,都市：工
RPSOMLLLPHKFFAF28CC,民族段,5.20,都市：商
RPXUMLLLPHKFFBF86CC,泰山段一小段,1007.00,非都市：特定農業區 ; 非都市編定：農牧用地
RPSPMLMLPHKFFIF66CC,永安段,22.82,都市：住
RPSQMLMLPHKFFIF76CC,安溪段,10.74,都市：住
RPWNMLMLPHKFFDF98CC,智興段,.00,都市：住
RPSOMLLLPHKFFHF98CC,福祥段,.00,都市：住
RPOUMLMLPHKFFBF68CC,瓊林段,36.64,都市：住
RPPUMLMLPHKFFBF78CC,雙鳳段,.00,都市：住
RPXOMLMLPHKFFBF98CC,力行段,18.32,都市：住
RPRPMLLLPHKFFCF48CC,北新段,.00,都市：其他
RPRQMLMLPHKFFCF68CC,中央段,14.26,都市：住
RPRPMLLLPHKFFCF48CC,北新段,.00,都市：住
RPRNMLNLPHKFFDF58CC,智興段,.00,都市：商
RPPOMLNLPHKFFDF48CC,智興段,.00,都市：商
RPSOMLMLPHKFFHF09CC,中信段,.00,都市：住
RPSOMLMLPHKFFHF09CC,中信段,.00,都市：住
RPOPMLNLPHKFFHF88CC,保生段,.00,都市：住
RPSPMLNLPHKFFHF66CC,健康段,.00,都市：工
RPPOMLNLPHKFFCF38CC,大豐段,19.73,都市：住
RPQRMLNLPHKFFAF58CC,大安段,.00,都市：工
RPRQMLNLPHKFFAF68DC,江子翠段第三崁小段,.00,都市：住
RPPPMLNLPHKFFEF68CC,大崁段,3283.03,都市：工
RPXNMLNLPHKFFCF56DC,大豐段,.00,非都市： ; 非都市編定：
RPXNMLNLPHKFFCF56DC,大豐段,.00,非都市： ; 非都市編定：
RPXNMLNLPHKFFCF56DC,大豐段,.00,非都市： ; 非都市編定：
RPXNMLNLPHKFFCF56DC,大豐段,.00,非都市： ; 非都市編定：
RPTPMLMLPHKFFEF98CC,公司田段,44.62,都市：住
RPUQMLOLPHKFFDF86EC,保長段,7.56,都市：住
RPXNMLMLPHKFFEF56CC,新巿段,23.62,都市：住
RPTOMLOLPHKFFGF76DC,福德北段,.00,都市：住
RPXQMLOLPHKFFDF17EC,保長段,8.47,都市：住
RPSOMLOLPHKFFDF88CC,昊天段,.00,都市：工
RPXNMLOLPHKFFDF66CC,北山段,.00,都市：工
RPXNMLOLPHKFFDF66CC,北山段,.00,都市：工
RPWSMLOLPHKFFEF37EC,新巿段,15.95,都市：住
RPVSMLOLPHKFFEF27EC,新巿段,23.08,都市：住
RPRQMLOLPHKFFAF68CC,學成段,11.01,都市：住
RPQNMLOLPHKFFBF38CC,新工段一小段,80.61,非都市：工業區 ; 非都市編定：丁種建築用地
RPSNMLOLPHKFFBF58CC,新工段一小段,44.54,非都市：工業區 ; 非都市編定：丁種建築用地
RPTQMLNLPHKFFHF86CC,捷運段,10.82,都市：其他
RPTPMLOLPHKFFBF88CC,信華段二小段,9.02,都市：住
RPTPMLOLPHKFFBF88CC,信華段一小段,16.89,都市：住
RPWNMLOLPHKFFGF86CC,光興段,.00,都市：商
RPWNMLOLPHKFFGF86CC,光興段,.00,都市：住
RPPNMLPLPHKFFAF28CC,江子翠段第二崁小段,.00,非都市： ; 非都市編定：
RPWNMLPLPHKFFEF76CC,竹圍段,28.50,都市：工
RPPNMLPLPHKFFEF68CC,公司田段,21.39,都市：其他
RPVPMLOLPHKFFHF07CC,新民段,90.54,都市：工
RPRQMLOLPHKFFHF76CC,永平段,4.24,都市：商
RPRQMLOLPHKFFHF76CC,永平段,.13,都市：商
RPRQMLOLPHKFFHF76CC,永平段,.47,都市：商
RPVQMLOLPHKFFHF17CC,信義段,.00,都市：住
RPRNMLQLPHKFFHF66CC,健康段,29.15,都市：工
RPUQMLOLPHKFFHF07CC,新和段,23.12,都市：住
RPWQMLOLPHKFFHF27CC,水源段,.00,都市：商
RPRPMLRLPHKFFHF96CC,信義段,15.12,都市：住
RPQNMLQLPHKFFHF56CC,健康段,90.82,都市：工
RPTPMLRLPHKFFHF17CC,中和段,13.70,都市：商
RPSPMLRLPHKFFHF07CC,秀峰段,.00,都市：住
RPVPMLRLPHKFFEF07CC,公司田段,.00,都市：住
RPRRMLRLPHKFFDF76CC,福興段,.00,都市：住
RPQNMLRLPHKFFDF88CC,智興段,.00,都市：商
RPPOMLRLPHKFFEF98CC,海鷗段,10.06,都市：住
RPQOMLRLPHKFFAF68CC,府中段,.00,非都市： ; 非都市編定：
RPQOMLRLPHKFFAF68CC,府中段,.00,非都市： ; 非都市編定：
RPWOMLRLPHKFFDF96CC,工建段,95.77,都市：商
RPXPMLRLPHKFFHF77EC,公園段,15.92,都市：住
RPOOMLRLPHKFFDF98EC,保長段,8.36,都市：住
RPPPMLRLPHKFFBF78CC,五工段,861.88,非都市：工業區 ; 非都市編定：丁種建築用地
RPVNMLRLPHKFFBF56CC,中原段,16.53,都市：商
RPRQMLSLPHKFFBF56CC,新工段二小段,26.28,非都市：工業區 ; 非都市編定：丁種建築用地
RPXPMLRLPHKFFBF96CC,中原段,43.67,都市：住
RPUOMLRLPHKFFBF66DC,力行段,17.95,都市：住
RPPQMLSLPHKFFBF98CC,思源段,20.42,都市：住
RPSQMLSLPHKFFBF66CC,恒安段,.32,都市：住
RPSQMLSLPHKFFBF66CC,恒安段,15.87,都市：住
RPTPMLRLPHKFFBF56CC,五工段,1482.84,非都市：工業區 ; 非都市編定：丁種建築用地
RPQRMLRLPHKFFBF09CC,瓊林段,36.64,都市：住
RPOOMLRLPHKFFBF58CC,國宅段,44.76,都市：住
RPVNMLSLPHKFFAF56CC,中山段,9.39,都市：住
RPTOMLSLPHKFFCF66CC,復興段,30.28,都市：工
RPTOMLSLPHKFFCF66CC,復興段,30.28,都市：工
RPUOMLSLPHKFFCF76CC,民權段,.00,都市：住
RPVOMLSLPHKFFCF86CC,惠國段,384.46,都市：住
RPQPMLSLPHKFFGF86CC,中興段,.00,都市：工
RPXPMLSLPHKFFEF37CC,新巿段,15.98,都市：住
RPRNMLSLPHKFFHF86CC,健康段,25.26,都市：工
RPSNMLSLPHKFFHF96CC,福祥段,.00,都市：住
RPVNMLSLPHKFFHF27CC,福祥段,.00,都市：住
RPTNMLSLPHKFFHF07CC,福祥段,.00,都市：住
RPUNMLSLPHKFFHF17CC,福祥段,.00,都市：住
RPRPMLSLPHKFFHF07CC,永平段,21.21,都市：商
RPRPMLSLPHKFFHF07CC,永平段,.67,都市：商
RPRPMLSLPHKFFHF07CC,永平段,2.36,都市：商
RPWNMLSLPHKFFHF37CC,福祥段,.00,都市：住
RPVNMLTLPHKFFCF86CC,寶強段,20.07,都市：住
RPROMLSLPHKFFEF66CC,大義段,6.21,都市：住
RPOPMLSLPHKFFIF86CC,大學段二小段,27.04,都市：商
RPTPMLTLPHKFFCF86CC,復興段,.00,都市：工
RPVNMLTLPHKFFDF96CC,智興段,.00,都市：住
RPWPMLTLPHKFFCF17CC,寶橋段,.00,都市：工
RPQQMLSLPHKFFEF76CC,淡海段,28.15,都市：住
RPPPMLTLPHKFFAF88CC,員福段,19.92,都市：住
RPPPMLTLPHKFFAF88CC,員福段,1.59,都市：住
RPPPMLTLPHKFFAF88CC,員福段,.28,都市：住
RPPPMLTLPHKFFAF88CC,員福段,.47,都市：住
RPORMLKMPHKFFBF28CC,思賢段,15.70,都市：住
RPRNMLTLPHKFFBF98CC,中原段,25.44,都市：商
RPUQMLKMPHKFFBF78CC,中原段,7.40,都市：住
RPTQMLKMPHKFFBF68CC,中原段,14.28,都市：住
RPRSMLTLPHKFFBF86CC,泰山段一小段,2010.00,非都市：特定農業區 ; 非都市編定：農牧用地
RPPRMLKMPHKFFBF38CC,榮富段,18.18,都市：住
RPPOMLTLPHKFFBF88CC,光明段,.00,都市：住
RPUOMLTLPHKFFBF76CC,芳洲段,4.99,都市：住
RPXQMLKMPHKFFBF09CC,榮富段,29.67,都市：住
RPPNMLLMPHKFFDF28CC,智興段,.00,都市：住
RPXNMLKMPHKFFAF68CC,金城段,3.53,都市：住
RPPNMLKMPHKFFGF48CC,大有段,.00,都市：其他
RPPPMLLMPHKFFEF58CC,淡海段,.00,都市：住
RPUNMLLMPHKFFDF78CC,智興段,.00,都市：商
RPRNMLLMPHKFFEF58CC,新巿段,17.89,都市：住
RPOPMLLMPHKFFDF38CC,同新段,17.45,都市：工
RPUPMLKMPHKFFEF98CC,海天段,.02,都市：住
RPUPMLKMPHKFFEF98CC,海天段,.00,都市：住
RPUPMLKMPHKFFEF98CC,海天段,2.33,都市：住
RPUPMLKMPHKFFEF98CC,海天段,.17,都市：住
RPUPMLKMPHKFFEF98CC,海天段,.01,都市：住
RPPRMLKMPHKFFHF98CC,民富段,26.55,都市：工
RPQRMLKMPHKFFBF48CC,思源段,19.39,都市：住
RPPPMLLMPHKFFDF48CC,同新段,17.45,都市：工
RPSPMLLMPHKFFDF78CC,同新段,17.45,都市：工
RPQPMLLMPHKFFDF58CC,同新段,45.80,都市：工
RPRPMLLMPHKFFDF68CC,保安段,35.23,都市：工
RPORMLLMPHKFFBF38CC,同興段,7.55,都市：商
