﻿鄉鎮市區,交易標的,土地區段位置建物區段門牌,土地面積平方公尺,都市土地使用分區,非都市土地使用分區,非都市土地使用編定,租賃年月日,租賃筆棟數,租賃層次,總樓層數,建物型態,主要用途,主要建材,建築完成年月,建物總面積平方公尺,建物現況格局-房,建物現況格局-廳,建物現況格局-衛,建物現況格局-隔間,有無管理組織,有無附傢俱,總額元,單價元平方公尺,車位類別,車位面積平方公尺,車位總額元,備註,編號
The villages and towns urban district,transaction sign,land sector position building sector house number plate,land shifting total area square meter,the use zoning or compiles and checks,the non-metropolis land use district,non-metropolis land use,transaction year month and day,transaction pen number,shifting level,total floor number,building state,main use,main building materials,construction to complete the years,building shifting total area,Building present situation pattern - room,building present situation pattern - hall,building present situation pattern - health,building present situation pattern - compartmented,Whether there is manages the organization,Whether there is attaches the furniture,total price NTD,the unit price (NTD / square meter),the berth category,berth shifting total area square meter,the berth total price NTD,the note,serial number
桃園區,房地(土地+建物),桃園市桃園區中華路1~30號,3.15,其他,,,1040430,土地1建物1車位0,十二層,17,套房(1房1廳1衛),見其他登記事項,鋼筋混凝土造,0861224,38.85,1,0,0,無,有,有,8000,206,,0.0,0,,RPUNMLLJNHKFFAH18CC
桃園區,建物,桃園市桃園區鎮一街10巷1~30號,0.0,住,,,1040420,土地0建物1車位0,二層,5,公寓(5樓含以下無電梯),住家用,鋼筋混凝土造,0700202,92.86,3,2,2,有,無,有,9000,97,,0.0,0,,RPOOMLLJNHKFFAH67CC
龜山區,房地(土地+建物),桃園市龜山區頂湖路1~30號,20620.56,工,,,1040427,土地1建物1車位0,一層,1,工廠,見其他登記事項,鋼筋混凝土造,0731119,3124.0,0,0,0,無,無,無,502000,,,0.0,0,,RPXOMLLJNHKFFAH58CC
八德區,建物,桃園市八德區大和路91~120號,0.0,住,,,1040426,土地0建物1車位1,八層,15,住宅大樓(11層含以上有電梯),住家用,鋼筋混凝土造,0981016,128.42000000000002,2,2,1,有,有,有,13500,105,坡道平面,28.56,0,,RPROMLLJNHKFFFH48CC
八德區,房地(土地+建物)+車位,桃園市八德區中正路121~150號,20.2,商,,,1040321,土地1建物1車位1,五層,15,住宅大樓(11層含以上有電梯),住家用,鋼筋混凝土造,1030623,168.18,3,2,1,有,無,無,15000,89,坡道平面,29.66,0,,RPTNMLLJNHKFFFH78EC
八德區,房地(土地+建物)+車位,桃園市八德區中正路121~150號,19.42,商,,,1040321,土地1建物1車位1,八層,15,住宅大樓(11層含以上有電梯),住家用,鋼筋混凝土造,1030623,161.39999999999998,3,2,1,有,無,無,14000,87,坡道平面,29.66,0,,RPUNMLLJNHKFFFH88EC
蘆竹區,建物,桃園市蘆竹區南崁路241~270號,7.94,住,,,1040421,土地0建物1車位0,十三層,13,辦公商業大樓,住家用,鋼筋混凝土造,0850409,171.44,3,2,2,有,有,無,25000,146,,0.0,0,,RPPNMLNJNHKFFEH38DC
桃園區,房地(土地+建物)+車位,桃園市桃園區經國路181~210號,3972.0,住,,,1030529,土地1建物1車位1,十四層,14,住宅大樓(11層含以上有電梯),住家用,鋼筋混凝土造,0940127,223.63,4,2,2,有,無,有,28000,125,坡道平面,0.0,0,,RPUOMLOJNHKFFAH58CC
龍潭區,房地(土地+建物),桃園市龍潭區梅龍路558巷1~30號,22.14,,一般農業區,甲種建築用地,1040428,土地1建物1車位0,四層,10,華廈(10層含以下有電梯),住家用,鋼筋混凝土造,0831215,52.83,2,2,1,有,有,有,8500,161,,0.0,0,,RPOQMLPJNHKFFCH48CC
楊梅區,房地(土地+建物),桃園市楊梅區新農街241~270號,81.0,住,,,1040415,土地1建物1車位0,全,4,透天厝,住家用,鋼筋混凝土造,0770808,186.77,6,2,3,有,無,有,14000,75,,0.0,0,,RPTNMLPJNHKFFDH88DC
八德區,房地(土地+建物),桃園市八德區金和路61~90號,14.68,住,,,1040419,土地1建物1車位0,十四層,15,住宅大樓(11層含以上有電梯),住家用,鋼筋混凝土造,0981016,101.55000000000001,2,2,2,有,有,有,13000,128,,0.0,0,,RPRTMLPJNHKFFFH86DC
八德區,房地(土地+建物)+車位,桃園市八德區豐德路331~360號,39.89,住,,,1040425,土地1建物1車位1,九層,17,住宅大樓(11層含以上有電梯),住家用,鋼筋混凝土造,1020503,197.59,2,2,2,有,有,無,20000,101,坡道平面,0.0,0,,RPQNMLQJNHKFFFH98EC
大園區,房地(土地+建物),桃園市大園區青昇二街61~90號,85.19,住,,,1040504,土地1建物1車位0,全,5,透天厝,見其他登記事項,鋼筋混凝土造,0980603,58.03,0,0,0,無,無,無,5000,86,,0.0,0,,RPQNMLQJNHKFFEH78DC
大園區,房地(土地+建物),桃園市大園區青昇二街61~90號,85.19,住,,,1040504,土地1建物1車位0,全,5,透天厝,見其他登記事項,鋼筋混凝土造,0980603,231.23,5,3,4,有,無,無,20000,86,,0.0,0,,RPRNMLQJNHKFFEH88DC
桃園區,房地(土地+建物)+車位,桃園市桃園區樹仁三街15巷31~60號,21.4,住,,,1040419,土地1建物1車位1,十二層,14,住宅大樓(11層含以上有電梯),住家用,鋼筋混凝土造,1030110,91.32,3,2,2,有,有,有,14500,159,坡道平面,29.26,0,,RPURMLQJNHKFFAH56DC
平鎮區,建物,桃園市平鎮區環南路二段1~30號,0.0,商,,,1040414,土地0建物1車位0,一層,14,店面(店鋪),見其他登記事項,鋼筋混凝土造,0930402,181.69,0,0,0,無,有,無,30000,165,,0.0,0,,RPUPMLQJNHKFFGH86CC
中壢區,建物,桃園市中壢區榮安十三街301~330號,0.0,住,,,1040414,土地0建物0車位0,全,4,透天厝,見其他登記事項,鋼筋混凝土造,0971106,286.0,1,1,1,有,無,有,7500,26,,0.0,0,,RPXQMLQJNHKFFBH76CC
桃園區,建物,桃園市桃園區鎮江街1~30號,40.64,住,,,1040506,土地0建物1車位0,一層,5,公寓(5樓含以下無電梯),住家用,鋼筋混凝土造,0670809,89.57,0,0,1,有,無,無,19000,212,,0.0,0,,RPSRMLQJNHKFFAH88CC
桃園區,建物,桃園市桃園區昆明路181~210號,0.0,住,,,1040407,土地0建物1車位0,一層,5,店面(店鋪),住家用,鋼筋混凝土造,0741029,98.74,0,0,0,無,無,無,20000,203,,0.0,0,,RPWRMLQJNHKFFAH66CC
中壢區,建物,桃園市中壢區長樂五街1~30號,0.0,住,,,1040419,土地0建物0車位0,四層,7,華廈(10層含以下有電梯),住家用,鋼筋混凝土造,0830516,84.44,3,1,3,有,有,有,7000,83,,0.0,0,,RPSOMLRJNHKFFBH78CC
中壢區,建物,桃園市中壢區富裕街1~30號,0.0,住,,,1040420,土地0建物1車位0,一層,5,店面(店鋪),住商用,鋼筋混凝土造,0801122,62.19,0,0,0,無,有,無,10000,161,,0.0,0,,RPRRMLRJNHKFFBH98CC
八德區,建物,桃園市八德區建德路241~270號,0.0,商,,,1040417,土地0建物1車位1,十六層,18,住宅大樓(11層含以上有電梯),住家用,鋼筋混凝土造,1031006,109.63,3,2,2,有,有,無,11000,100,坡道平面,0.0,0,,RPROMLRJNHKFFFH09CC
八德區,建物,桃園市八德區建德路241~270號,0.0,商,,,1040425,土地0建物1車位1,五層,18,住宅大樓(11層含以上有電梯),住家用,鋼筋混凝土造,1031006,142.23000000000002,3,2,2,有,有,有,12000,84,坡道平面,33.06,0,,RPWOMLRJNHKFFFH96CC
龍潭區,房地(土地+建物)+車位,桃園市龍潭區神龍路391~420號,14.97,商,,,1040401,土地1建物1車位1,七層,13,住宅大樓(11層含以上有電梯),住家用,鋼筋混凝土造,0960930,153.07,3,2,2,有,有,有,16000,105,坡道平面,33.09,0,,RPTNMLRJNHKFFCH88CC
龍潭區,房地(土地+建物),桃園市龍潭區五福街271~300號,370.41,,一般農業區,甲種建築用地,1040415,土地1建物1車位0,全,2,透天厝,見其他登記事項,見其他登記事項,0900424,336.0,0,0,0,無,無,有,255238,760,,0.0,0,,RPVNMLRJNHKFFCH09CC
桃園區,房地(土地+建物),桃園市桃園區上海路211~240號,28.2,商,,,1040420,土地1建物1車位0,七層,8,華廈(10層含以下有電梯),住家用,鋼筋混凝土造,0911223,106.69,3,2,2,有,無,有,12000,112,,0.0,0,,RPOOMLRJNHKFFAH38DC
桃園區,房地(土地+建物),桃園市桃園區大有路751~780號,52.17,住,,,1040501,土地1建物1車位0,一層,7,華廈(10層含以下有電梯),住商用,鋼筋混凝土造,0960726,169.45,0,0,0,無,有,無,36800,217,,0.0,0,,RPSOMLRJNHKFFAH78DC
桃園區,房地(土地+建物),桃園市桃園區龍安街80巷1~30號,8.98,住,,,1040501,土地1建物1車位0,一層,5,公寓(5樓含以下無電梯),見其他登記事項,鋼筋混凝土造,0701230,41.93,0,0,0,無,無,無,11000,262,,0.0,0,,RPWOMLRJNHKFFAH56DC
蘆竹區,房地(土地+建物),桃園市蘆竹區奉化路121~150號,12.59,住,,,1040502,土地1建物1車位0,十一層,11,住宅大樓(11層含以上有電梯),住家用,鋼筋混凝土造,0931210,80.27,2,1,1,有,有,有,13000,162,,0.0,0,,RPQNMLRJNHKFFEH88DC
蘆竹區,建物,桃園市蘆竹區新興街379巷29弄1~30號,263.19,,一般農業區,甲種建築用地,1040426,土地0建物1車位0,全,4,透天厝,住家用,鋼筋混凝土造,0940701,9.63,1,0,1,有,無,有,5000,519,,0.0,0,,RPVNMLRJNHKFFEH76DC
蘆竹區,建物,桃園市蘆竹區中華街1~30號,2038.66,住,,,1040411,土地0建物1車位0,三層,10,華廈(10層含以下有電梯),住家用,鋼筋混凝土造,0850823,125.23,3,2,2,有,無,有,13000,104,,0.0,0,,RPWNMLRJNHKFFEH86DC
蘆竹區,房地(土地+建物),桃園市蘆竹區南崁路二段181~210號,24.14,住,,,1040419,土地1建物1車位0,二層,8,華廈(10層含以下有電梯),工業用,鋼筋混凝土造,0820514,158.64,2,1,2,有,無,有,16000,101,,0.0,0,,RPSNMLSJNHKFFEH56DC
蘆竹區,房地(土地+建物),桃園市蘆竹區中正路1~30號,4.24,住,,,1040501,土地1建物1車位0,四層,27,華廈(10層含以下有電梯),住家用,鋼筋混凝土造,0860122,60.6,1,1,1,有,有,有,9500,157,,0.0,0,,RPXNMLSJNHKFFEH07DC
桃園區,房地(土地+建物),桃園市桃園區大興西路二段31~60號,16.95,住,,,1040419,土地1建物1車位0,二層,11,華廈(10層含以下有電梯),住家用,鋼筋混凝土造,0850713,93.26,3,2,1,有,無,有,12000,129,,0.0,0,,RPUOMLSJNHKFFAH09DC
中壢區,建物,桃園市中壢區民權路331~360號,0.0,其他,,,1040426,土地0建物1車位1,五層,,住宅大樓(11層含以上有電梯),,,,204.32,3,2,2,有,有,有,35000,171,坡道平面,62.23,0,,RPRNMLSJNHKFFBH68CC
中壢區,建物,桃園市中壢區環北路331~360號,0.0,住,,,1040423,土地0建物1車位1,七層,22,住宅大樓(11層含以上有電梯),住家用,鋼筋混凝土造,0980629,119.62,3,2,2,有,有,有,35000,293,坡道平面,30.55,0,,RPWNMLSJNHKFFBH56CC
龜山區,房地(土地+建物),桃園市龜山區大同路281巷36弄1~30號,37.58,住,,,1040505,土地1建物1車位0,二層,5,華廈(10層含以下有電梯),住家用,鋼筋混凝土造,0810807,119.72,3,2,2,有,有,有,8000,67,,0.0,0,,RPSUMLSJNHKFFAH76CC
中壢區,建物,桃園市中壢區後興路一段90巷1~30號,0.0,住,,,1040426,土地0建物1車位0,七層,9,套房(1房1廳1衛),住家用,鋼筋混凝土造,0890120,29.89,1,1,1,有,有,有,5000,167,,0.0,0,,RPTNMLLKNHKFFBH28CC
中壢區,房地(土地+建物),桃園市中壢區龍和一街243巷1~30號,18.88,住,,,1040508,土地1建物1車位0,一層,9,華廈(10層含以下有電梯),住家用,鋼筋混凝土造,0840518,111.65,3,2,2,有,有,有,11000,99,,0.0,0,,RPPPMLLKNHKFFBH08CC
平鎮區,建物,桃園市平鎮區龍南路631~660號,0.0,住,,,1040425,土地0建物1車位0,七層,8,華廈(10層含以下有電梯),住家用,鋼筋混凝土造,0840426,151.25,4,2,2,有,有,無,12000,79,,0.0,0,,RPUNMLLKNHKFFGH88CC
蘆竹區,建物,桃園市蘆竹區奉化路121~150號,0.0,住,,,1040401,土地0建物1車位0,三層,16,住宅大樓(11層含以上有電梯),住家用,鋼筋混凝土造,0850528,29.4,1,1,1,有,有,有,7500,255,,0.0,0,含管理費,RPPNMLMKNHKFFEH28CC
桃園區,建物,桃園市桃園區民有五街241~270號,0.0,,,,1040415,土地0建物1車位0,十層,10,華廈(10層含以下有電梯),住家用,鋼筋混凝土造,0860918,52.94,2,1,1,有,有,無,13000,246,,0.0,0,,RPQNMLMKNHKFFAH08DC
桃園區,房地(土地+建物)+車位,桃園市桃園區大仁路1~30號,15.57,住,,,1040424,土地2建物1車位1,九層,9,華廈(10層含以下有電梯),住家用,鋼筋混凝土造,0810601,68.75,2,2,1,有,有,無,11000,160,坡道平面,0.0,0,,RPUNMLNKNHKFFAH58DC
大園區,土地,橫山段湳子小段91~120地號,3122.0,農,,,1040508,土地1建物0車位0,,,其他,,,,0.0,0,0,0,有,無,無,30000,10,,0.0,0,,RPWNMLNKNHKFFEH56DC
平鎮區,建物,桃園市平鎮區延平路三段1~30號,0.0,住,,,1040424,土地0建物0車位0,全,2,透天厝,見其他登記事項,鋼筋混凝土造,0841229,207.6,0,0,0,無,無,無,15000,72,,0.0,0,租一樓前段,RPWNMLNKNHKFFGH66CC
桃園區,房地(土地+建物),桃園市桃園區中正三街331~360號,16.94,住,,,1040505,土地1建物1車位0,一層,12,住宅大樓(11層含以上有電梯),商業用,鋼筋混凝土造,0940411,94.15,0,0,1,有,無,無,24000,255,,0.0,0,,RPTPMLNKNHKFFAH58CC
桃園區,房地(土地+建物)+車位,桃園市桃園區同德六街61~90號,31.89,商,,,1040423,土地1建物1車位2,八層,15,辦公商業大樓,見其他登記事項,鋼筋混凝土造,1030420,173.65,0,0,0,無,有,無,78000,449,坡道平面,0.0,0,,RPRNMLOKNHKFFAH28CC
桃園區,房地(土地+建物)+車位,桃園市桃園區同德六街61~90號,31.89,商,,,1040427,土地1建物1車位2,五層,15,辦公商業大樓,見其他登記事項,鋼筋混凝土造,1030420,173.65,0,0,0,無,無,無,68640,395,坡道平面,0.0,0,,RPTNMLOKNHKFFAH48CC
桃園區,房地(土地+建物),桃園市桃園區民富二街31~60號,16.17,住,,,1040508,土地1建物1車位0,七層,12,套房(1房1廳1衛),住家用,鋼筋混凝土造,0840520,103.22,1,0,0,無,有,有,4500,44,,0.0,0,,RPTOMLOKNHKFFAH58CC
桃園區,房地(土地+建物)+車位,桃園市桃園區同德六街61~90號,22.29,商,,,1040514,土地1建物1車位1,十層,15,辦公商業大樓,見其他登記事項,鋼筋混凝土造,1030420,118.56,0,0,0,無,有,無,60000,506,坡道平面,0.0,0,,RPXPMLOKNHKFFAH09CC
八德區,房地(土地+建物)+車位,桃園市八德區中華路211~240號,17.06,住,,,1040514,土地1建物1車位1,二層,9,華廈(10層含以下有電梯),住家用,鋼筋混凝土造,0860402,123.07,3,2,2,有,有,有,15000,122,坡道平面,0.0,0,,RPSNMLOKNHKFFFH88CC
蘆竹區,建物,桃園市蘆竹區南山路一段31~60號,11.12,住,,,1040416,土地0建物1車位0,二層,20,住宅大樓(11層含以上有電梯),住家用,鋼筋混凝土造,0840925,130.0,4,2,2,有,有,無,14000,108,,0.0,0,,RPPOMLOKNHKFFEH58CC
中壢區,房地(土地+建物)+車位,桃園市中壢區永能路1~30號,29.04,住,,,1040513,土地1建物1車位1,二層,12,住宅大樓(11層含以上有電梯),見其他登記事項,鋼筋混凝土造,1020531,138.31,3,2,2,有,有,無,14000,101,坡道平面,38.32,0,,RPPOMLOKNHKFFBH28CC
中壢區,建物,桃園市中壢區興勇街31~60號,0.0,住,,,1040428,土地0建物0車位0,全,4,透天厝,住家用,鋼筋混凝土造,0830105,231.39,12,1,12,有,無,有,8000,35,,0.0,0,,RPROMLOKNHKFFBH48CC
中壢區,建物,桃園市中壢區慈惠三街158巷1~30號,0.0,住,,,1040430,土地0建物1車位0,二層,15,住宅大樓(11層含以上有電梯),住家用,鋼筋混凝土造,0791127,124.37,3,2,2,有,有,無,23000,185,,0.0,0,,RPSOMLOKNHKFFBH58CC
中壢區,房地(土地+建物),桃園市中壢區環西路二段271~300號,3.24,住,,,1040501,土地2建物1車位0,一層,14,住宅大樓(11層含以上有電梯),商業用,鋼筋混凝土造,1000628,69.37,1,2,1,有,有,無,30000,432,,0.0,0,,RPXNMLPKNHKFFBH56DC
觀音區,房地(土地+建物),桃園市觀音區新富路271~300號,78.94,,特定農業區,甲種建築用地,1040325,土地1建物1車位0,見其他登記事項,4,店面(店鋪),見其他登記事項,鋼筋混凝土造,0990430,174.99,4,3,3,有,無,無,22000,126,,0.0,0,,RPOOMLPKNHKFFBH38DC
中壢區,房地(土地+建物),桃園市中壢區復興路31~60號,30.14,住,,,1040430,土地1建物1車位0,五層,7,華廈(10層含以下有電梯),住家用,鋼筋混凝土造,0870805,214.83,0,0,0,無,無,無,26000,121,,0.0,0,,RPSOMLPKNHKFFBH78DC
桃園區,房地(土地+建物),桃園市桃園區桃智路1~30號,13.98,住,,,1040507,土地1建物1車位0,十二層,13,住宅大樓(11層含以上有電梯),住家用,鋼筋混凝土造,1011019,156.43,3,2,2,有,有,有,18000,115,,0.0,0,,RPVPMLPKNHKFFAH09DC
桃園區,建物,桃園市桃園區大有路481~510號,0.0,,,,1040515,土地0建物1車位0,二層,18,住宅大樓(11層含以上有電梯),住家用,鋼筋混凝土造,0840419,111.55,0,0,0,無,有,無,28000,251,,0.0,0,,RPTQMLPKNHKFFAH98DC
桃園區,房地(土地+建物)+車位,桃園市桃園區莊敬路二段181~210號,13.61,住,,,1040512,土地0建物1車位1,十層,14,住宅大樓(11層含以上有電梯),住家用,鋼筋混凝土造,0920819,102.86,3,2,2,有,有,有,15000,146,坡道平面,30.5,0,,RPOPMLSKNHKFFAH68DC
中壢區,房地(土地+建物),桃園市中壢區興安街1~30號,3610.0,其他,,,1040517,土地1建物1車位0,三層,5,公寓(5樓含以下無電梯),住家用,鋼筋混凝土造,0721230,73.78,3,2,1,有,無,有,8500,115,,0.0,0,,RPPOMLSKNHKFFBH78DC
蘆竹區,房地(土地+建物),桃園市蘆竹區中福村16鄰福興31~60號,689.9,農,,,1040501,土地4建物1車位0,見其他登記事項,2,農舍,農舍,鋼筋混凝土造,0750430,265.1,5,2,2,有,無,無,18000,,,0.0,0,,RPRNMLSKNHKFFEH56DC
中壢區,土地,內壢段3721~3750地號,1652.89,工,,,1040203,土地2建物0車位0,,,其他,,,,0.0,0,0,0,有,無,有,194250,118,,0.0,0,含稅,RPUOMLSKNHKFFBH76EC
平鎮區,建物,桃園市平鎮區文化街24巷1~30號,0.0,住,,,1040210,土地0建物1車位0,八層,15,住宅大樓(11層含以上有電梯),住家用,鋼筋混凝土造,0821210,122.4,3,2,2,有,有,無,12000,98,,0.0,0,,RPRNMLSKNHKFFGH86EC
平鎮區,房地(土地+建物),桃園市平鎮區中豐路山頂段301~330號,63.47,商,,,1040419,土地2建物1車位0,見其他登記事項,2,店面(店鋪),住家用,加強磚造,0651231,108.16,0,0,0,無,無,無,20000,185,,0.0,0,,RPQNMLSKNHKFFGH66DC
平鎮區,房地(土地+建物),桃園市平鎮區平安南街61~90號,15.12,住,,,1040421,土地1建物1車位0,七層,9,華廈(10層含以下有電梯),住家用,鋼筋混凝土造,0810123,56.36,1,1,1,有,無,有,7500,133,,0.0,0,,RPSNMLSKNHKFFGH86DC
中壢區,建物,桃園市中壢區榮民路222巷1~30號,0.0,住,,,1040427,土地0建物0車位0,屋頂突出物,5,公寓(5樓含以下無電梯),住家用,鋼筋混凝土造,0810413,103.25,1,1,1,有,無,有,6500,63,,0.0,0,,RPQOMLSKNHKFFBH78CC
八德區,房地(土地+建物),桃園市八德區永褔街一段43巷1~30號,17.24,住,,,1040503,土地1建物1車位0,六層,7,華廈(10層含以下有電梯),住家用,鋼筋混凝土造,0841018,104.16,3,2,2,有,有,有,11000,106,,0.0,0,,RPSOMLSKNHKFFFH76CC
八德區,房地(土地+建物),桃園市八德區永褔街108巷6弄1~30號,53.85,住,,,1040429,土地1建物1車位0,全,1,透天厝,住家用,磚造,0620801,43.67,3,2,2,有,無,有,10000,229,,0.0,0,,RPTOMLSKNHKFFFH86CC
桃園區,建物,桃園市桃園區春日路961~990號,0.0,住,,,1040508,土地0建物0車位0,九層,12,辦公商業大樓,見其他登記事項,鋼筋混凝土造,0791116,250.78,0,0,0,無,有,無,8400,33,,0.0,0,分租約1/4,RPVNMLSKNHKFFAH09CC
桃園區,建物,桃園市桃園區大有路181~210號,0.0,住,,,1040428,土地0建物1車位0,三層,16,辦公商業大樓,見其他登記事項,鋼筋混凝土造,0830602,97.34,0,0,0,無,有,無,13000,134,,0.0,0,,RPWNMLSKNHKFFAH56CC
桃園區,建物,桃園市桃園區保羅街151~180號,0.0,,,,1040517,土地0建物1車位0,一層,5,公寓(5樓含以下無電梯),見其他登記事項,鋼筋混凝土造,0760328,89.0,0,0,0,無,無,無,12000,135,,0.0,0,,RPWPMLSKNHKFFAH76CC
桃園區,房地(土地+建物)+車位,桃園市桃園區同德六街61~90號,17.76,商,,,1040511,土地1建物1車位1,五層,15,辦公商業大樓,見其他登記事項,鋼筋混凝土造,1030420,188.87,0,1,0,有,有,無,40000,212,坡道平面,0.0,0,,RPUQMLSKNHKFFAH66CC
八德區,房地(土地+建物),桃園市八德區介壽路二段287巷1~30號,20.8,,鄉村區,乙種建築用地,1040517,土地1建物1車位0,全,2,透天厝,住家用,加強磚造,0671029,16.5,3,0,1,有,無,有,3500,212,,0.0,0,此件為雅房租賃,RPSOMLTKNHKFFFH86CC
中壢區,建物,桃園市中壢區文化路452巷1~30號,53.0,,鄉村區,乙種建築用地,1040508,土地0建物1車位0,全,3,透天厝,住家用,加強磚造,0610401,85.18,4,2,3,有,無,有,18000,211,,0.0,0,,RPRNMLTKNHKFFBH88CC
八德區,房地(土地+建物),桃園市八德區東勇街121~150號,21.32,住,,,1040423,土地1建物1車位0,三層,10,華廈(10層含以下有電梯),住家用,鋼筋混凝土造,0970919,119.84,3,2,2,有,有,有,15000,125,,0.0,0,,RPTNMLTKNHKFFFH07EC
大溪區,房地(土地+建物),桃園市大溪區仁和六街1~30號,71.42,住,,,1040301,土地1建物1車位0,全,4,透天厝,見其他登記事項,鋼筋混凝土造,0961025,225.14000000000001,4,2,2,有,無,有,18000,80,,0.0,0,,RPVNMLKLNHKFFCH68DC
大溪區,房地(土地+建物)+車位,桃園市大溪區仁善街91~120號,34.33,住,,,1040513,土地1建物1車位2,一層,17,店面(店鋪),見其他登記事項,鋼筋混凝土造,1030113,132.62,3,2,2,有,有,無,21000,158,坡道平面,60.86,0,,RPWNMLKLNHKFFCH78DC
中壢區,房地(土地+建物),桃園市中壢區龍和三街1~30號,11.81,住,,,1040519,土地1建物1車位0,十三層,17,住宅大樓(11層含以上有電梯),住家用,鋼筋混凝土造,0860227,106.96000000000001,3,2,2,有,有,有,10000,93,,0.0,0,,RPWPMLKLNHKFFBH78CC
大園區,房地(土地+建物),桃園市大園區中山北路241~270號,2903.0,,工業區,丁種建築用地,1040511,土地1建物1車位0,一層,3,工廠,見其他登記事項,見其他登記事項,0920828,1731.0,0,0,0,無,無,無,227272,,,0.0,0,,RPUNMLKLNHKFFEH68CC
龜山區,房地(土地+建物),桃園市龜山區頂湖五街1~30號,2683.38,工,,,1040519,土地4建物1車位0,全,4,透天厝,見其他登記事項,鋼筋混凝土造,0850322,2746.36,0,0,0,無,無,無,420000,153,,0.0,0,,RPXNMLKLNHKFFAH58CC
桃園區,建物,桃園市桃園區樹林六街1~30號,0.0,,,,1040517,土地0建物1車位0,三層,5,公寓(5樓含以下無電梯),住家用,鋼筋混凝土造,0771121,125.06,3,2,2,有,無,有,12000,96,,0.0,0,,RPUNMLLLNHKFFAH38CC
八德區,房地(土地+建物),桃園市八德區介壽路一段645巷421~450號,21.59,住,,,1040408,土地1建物1車位0,四層,5,公寓(5樓含以下無電梯),住家用,鋼筋混凝土造,0691002,107.14,3,2,1,有,無,有,8000,75,,0.0,0,,RPPNMLLLNHKFFFH58EC
桃園區,建物,桃園市桃園區大有路451~480號,165.01,其他,,,1040512,土地0建物1車位0,三層,4,公寓(5樓含以下無電梯),住家用,鋼筋混凝土造,1020912,70.0,2,2,1,有,無,無,13000,186,,0.0,0,,RPSPMLMLNHKFFAH58DC
桃園區,建物,桃園市桃園區大有路451~480號,165.01,其他,,,1040513,土地0建物1車位0,四層,4,公寓(5樓含以下無電梯),住家用,鋼筋混凝土造,1020912,70.0,2,2,1,有,無,無,11000,157,,0.0,0,,RPUPMLMLNHKFFAH78DC
桃園區,建物,桃園市桃園區中埔六街1~30號,46.58,其他,,,1040514,土地0建物1車位2,一層,12,住宅大樓(11層含以上有電梯),住商用,鋼筋混凝土造,0950529,200.87,0,2,2,有,有,無,85000,423,坡道機械,16.2,0,,RPPQMLMLNHKFFAH38DC
桃園區,房地(土地+建物),桃園市桃園區經國路61~90號,13.68,住,,,1040520,土地1建物1車位0,十一層,14,住宅大樓(11層含以上有電梯),住家用,鋼筋混凝土造,0930310,87.95,3,2,2,有,有,有,14750,168,,0.0,0,,RPTRMLMLNHKFFAH78CC
桃園區,房地(土地+建物),桃園市桃園區中埔六街61~90號,12.61,住,,,1040522,土地1建物1車位0,十三層,14,住宅大樓(11層含以上有電梯),住家用,鋼筋混凝土造,0900803,119.03,3,2,2,有,有,有,19000,160,,0.0,0,,RPVRMLMLNHKFFAH98CC
中壢區,建物,桃園市中壢區環西路二段1~30號,0.0,住,,,1040422,土地0建物1車位0,全,3,透天厝,住商用,鋼筋混凝土造,0850319,49.79,0,0,0,無,無,無,18000,362,,0.0,0,,RPURMLMLNHKFFBH98CC
龜山區,房地(土地+建物),桃園市龜山區萬壽路二段1081~1110號,66.94,住,,,1040522,土地1建物1車位0,一層,5,店面(店鋪),見其他登記事項,鋼筋混凝土造,0850326,108.44999999999999,0,0,0,無,無,無,35000,323,,0.0,0,,RPPNMLNLNHKFFAH18DC
桃園區,房地(土地+建物),桃園市桃園區民權路121~150號,12.39,住,,,1040523,土地2建物1車位0,八層,9,華廈(10層含以下有電梯),住家用,鋼筋混凝土造,1001116,76.9,2,2,1,有,有,有,13000,169,,0.0,0,,RPRNMLNLNHKFFAH38DC
蘆竹區,房地(土地+建物),桃園市蘆竹區南崁路一段271~300號,17.54,住,,,1040515,土地1建物1車位0,十二層,12,住宅大樓(11層含以上有電梯),見其他登記事項,鋼筋混凝土造,0970620,59.0,1,1,1,有,無,有,13000,220,,0.0,0,,RPOOMLPLNHKFFEH78DC
蘆竹區,房地(土地+建物),桃園市蘆竹區大竹路451~480號,86.0,住,,,1040508,土地1建物1車位0,全,3,透天厝,住商用,加強磚造,0700201,59.36,0,0,0,無,無,有,51137,861,,0.0,0,,RPVPMLPLNHKFFEH96DC
中壢區,房地(土地+建物),桃園市中壢區成章二街437巷1~30號,23.3,工,,,1040425,土地1建物1車位0,三層,5,公寓(5樓含以下無電梯),住家用,鋼筋混凝土造,0740205,89.44,3,2,1,有,無,無,8000,89,,0.0,0,,RPXNMLPLNHKFFBH66DC
中壢區,房地(土地+建物),桃園市中壢區同慶路241~270號,84.45,住,,,1040425,土地1建物1車位0,二層,4,套房(1房1廳1衛),住家用,鋼筋混凝土造,1021202,125.39,1,0,1,有,無,有,6000,48,,0.0,0,,RPOOMLPLNHKFFBH48DC
中壢區,房地(土地+建物),桃園市中壢區吉林二路83巷1~30號,73.0,,工業區,丁種建築用地,1040427,土地1建物1車位0,全,2,透天厝,住家用,加強磚造,0750704,131.01,3,2,2,有,無,無,40000,305,,0.0,0,,RPPOMLPLNHKFFBH58DC
新屋區,房地(土地+建物),桃園市新屋區中山東路一段462巷1~30號,25.32,,特定農業區,甲種建築用地,1031227,土地1建物1車位0,二層,5,公寓(5樓含以下無電梯),住家用,鋼筋混凝土造,0840606,74.36,3,2,1,有,無,有,10200,137,,0.0,0,,RPUOMLPLNHKFFDH76EC
中壢區,房地(土地+建物)+車位,桃園市中壢區後寮一路121~150號,22.24,住,,,1040523,土地1建物1車位1,八層,10,華廈(10層含以下有電梯),住家用,鋼筋混凝土造,0861002,155.34,3,2,2,有,有,有,14000,90,坡道平面,43.1,0,,RPPPMLPLNHKFFBH58CC
桃園區,房地(土地+建物),桃園市桃園區德華街209巷1~30號,16.38,住,,,1040524,土地1建物1車位0,二層,5,華廈(10層含以下有電梯),住家用,鋼筋混凝土造,0720917,79.41,2,2,1,有,無,無,9000,113,,0.0,0,,RPUNMLPLNHKFFAH78CC
中壢區,房地(土地+建物),桃園市中壢區建國路1~30號,109.0,住,,,1040518,土地1建物1車位0,全,2,透天厝,住家用,加強磚造,0510101,102.64,0,0,0,無,無,無,43000,419,,0.0,0,,RPUPMLQLNHKFFBH56CC
中壢區,房地(土地+建物)+車位,桃園市中壢區環西路二段331~360號,12.55,其他,,,1040524,土地1建物1車位1,十五層,15,住宅大樓(11層含以上有電梯),見其他登記事項,鋼筋混凝土造,1001215,149.9,3,2,2,有,有,有,20000,133,坡道平面,0.0,0,,RPWPMLQLNHKFFBH76CC
平鎮區,房地(土地+建物),桃園市平鎮區金陵路三段241~270號,100.2,,鄉村區,乙種建築用地,1040430,土地1建物1車位0,見其他登記事項,2,店面(店鋪),住家用,加強磚造,0671226,147.92,2,2,2,有,無,有,13000,88,,0.0,0,,RPSOMLQLNHKFFGH76CC
八德區,房地(土地+建物),桃園市八德區和平路528巷61~90號,2461.69,,特定農業區,丁種建築用地,1040415,土地1建物1車位0,見其他登記事項,2,廠辦,見其他登記事項,鋼筋混凝土造,0761117,2519.67,5,5,8,有,無,有,270000,107,,0.0,0,104.04.15~104.05.31月租金為25萬元/月,RPUNMLQLNHKFFFH96EC
蘆竹區,房地(土地+建物),桃園市蘆竹區公園街91~120號,100.62,住,,,1040511,土地1建物1車位0,全,2,透天厝,見其他登記事項,鋼筋混凝土造,0870421,139.37,3,2,2,有,無,無,15000,108,,0.0,0,,RPQNMLQLNHKFFEH98DC
大園區,房地(土地+建物),桃園市大園區園一街1~30號,21.14,住,,,1040525,土地1建物1車位0,九層,11,住宅大樓(11層含以上有電梯),住家用,鋼筋混凝土造,0960604,56.14,1,1,1,有,有,有,7500,134,,0.0,0,,RPRNMLRLNHKFFEH56DC
八德區,房地(土地+建物),桃園市八德區廣豐路23巷1~30號,102.19,住,,,1040508,土地1建物1車位0,全,4,透天厝,見其他登記事項,鋼筋混凝土造,0790924,215.26000000000002,3,2,3,有,有,有,20000,93,,0.0,0,,RPOOMLRLNHKFFFH09DC
八德區,房地(土地+建物),桃園市八德區青溪二街1~30號,25.43,住,,,1040523,土地1建物1車位0,一層,5,公寓(5樓含以下無電梯),住家用,鋼筋混凝土造,0800902,93.02000000000001,3,2,2,有,無,有,14000,151,,0.0,0,,RPUOMLRLNHKFFFH07DC
大園區,房地(土地+建物),桃園市大園區園一街1~30號,21.14,住,,,1040525,土地1建物1車位0,九層,11,住宅大樓(11層含以上有電梯),住家用,鋼筋混凝土造,0960604,56.14,1,1,1,有,有,有,7500,134,,0.0,0,,RPWNMLRLNHKFFEH17EC
中壢區,建物,桃園市中壢區環西路二段300巷1~30號,0.0,住,,,1040505,土地0建物1車位0,十二層,15,住宅大樓(11層含以上有電梯),見其他登記事項,鋼筋混凝土造,1000628,76.36,2,1,1,有,無,無,14000,183,,0.0,0,,RPWNMLRLNHKFFBH66CC
龜山區,房地(土地+建物),桃園市龜山區文化二路34巷14弄1~30號,3.26,住,,,1040526,土地1建物1車位0,七層,16,住宅大樓(11層含以上有電梯),住家用,鋼筋混凝土造,0861202,34.64,1,1,1,有,有,有,8000,231,,0.0,0,,RPXNMLRLNHKFFAH66CC
桃園區,房地(土地+建物),桃園市桃園區裕和街31~60號,119.44,工,,,1040506,土地1建物1車位0,全,3,透天厝,見其他登記事項,鋼筋混凝土造,0791123,288.79,0,0,0,無,無,無,35000,121,,0.0,0,,RPRPMLRLNHKFFAH88CC
桃園區,建物,桃園市桃園區桃二街31~60號,25.14,住,,,1040525,土地0建物1車位0,五層,5,公寓(5樓含以下無電梯),住家用,鋼筋混凝土造,0831105,120.62,3,2,2,有,無,有,12100,100,,0.0,0,,RPURMLRLNHKFFAH76CC
八德區,房地(土地+建物),桃園市八德區仁德一路121~150號,22.92,住,,,1040401,土地1建物1車位0,八層,15,住宅大樓(11層含以上有電梯),住家用,鋼筋混凝土造,1030811,100.92,2,2,1,有,無,有,11000,109,,0.0,0,,RPRPMLSLNHKFFFH96DC
八德區,房地(土地+建物),桃園市八德區介壽路二段287巷1~30號,28.76,,鄉村區,乙種建築用地,1040425,土地1建物1車位0,全,2,透天厝,住家用,加強磚造,0671029,23.1,3,0,1,有,無,有,4000,173,,0.0,0,,RPPNMLTLNHKFFFH76EC
八德區,房地(土地+建物)+車位,桃園市八德區中正路121~150號,13.2,商,,,1040331,土地1建物1車位1,六層,15,住宅大樓(11層含以上有電梯),住家用,鋼筋混凝土造,1030623,119.22,2,2,1,有,無,有,11000,92,坡道平面,29.67,0,,RPQOMLTLNHKFFFH96EC
八德區,房地(土地+建物),桃園市八德區中正路1~30號,18.8,商,,,1040410,土地2建物1車位0,一層,14,住宅大樓(11層含以上有電梯),見其他登記事項,鋼筋混凝土造,1001024,91.92,1,1,1,有,無,無,18000,196,,0.0,0,,RPROMLTLNHKFFFH07EC
楊梅區,房地(土地+建物),桃園市楊梅區新農街571~600號,245.0,住,,,1040521,土地1建物1車位0,全,4,透天厝,見其他登記事項,鋼筋混凝土造,1020630,131.74,1,1,2,有,無,無,20000,152,,0.0,0,,RPVPMLTLNHKFFDH27DC
中壢區,建物,桃園市中壢區元化路331~360號,5.96,住,,,1040516,土地0建物1車位0,十四層,22,住宅大樓(11層含以上有電梯),住家用,鋼筋混凝土造,0970406,73.31,1,1,1,有,無,有,22831,311,,0.0,0,,RPQQMLTLNHKFFBH66DC
桃園區,房地(土地+建物),桃園市桃園區中路街1~30號,45.97,住,,,1040521,土地1建物1車位0,一層,12,住宅大樓(11層含以上有電梯),住商用,鋼筋混凝土造,1010610,206.69,0,0,2,有,無,無,60000,290,,0.0,0,,RPRPMLTLNHKFFAH56DC
中壢區,建物,桃園市中壢區永福路1021~1050號,85.0,,,,1040519,土地0建物1車位0,全,2,透天厝,住家用,加強磚造,0640308,40.74,3,1,2,有,無,有,18000,442,,0.0,0,,RPRPMLTLNHKFFBH56CC
中壢區,建物,桃園市中壢區環北路331~360號,0.0,住,,,1040511,土地0建物1車位1,二十層,22,住宅大樓(11層含以上有電梯),住家用,鋼筋混凝土造,0980629,195.78,4,2,2,有,有,有,35000,179,坡道平面,34.62,0,,RPXQMLTLNHKFFBH27CC
八德區,房地(土地+建物)+車位,桃園市八德區豐田一路31~60號,25.96,住,,,1040526,土地1建物1車位1,八層,13,住宅大樓(11層含以上有電梯),住家用,鋼筋混凝土造,1030526,144.59,3,2,2,有,有,有,14000,97,坡道平面,20.13,0,,RPSOMLTLNHKFFFH96CC
蘆竹區,土地,六福段451~480地號,353.09,工,,,1040528,土地1建物0車位0,,,其他,,,,0.0,0,0,0,有,無,有,40000,113,,0.0,0,,RPOOMLTLNHKFFEH09CC
桃園區,房地(土地+建物),桃園市桃園區天祥五街1~30號,7.25,住,,,1040505,土地1建物1車位0,三層,22,住宅大樓(11層含以上有電梯),住家用,鋼筋混凝土造,0880111,74.9,2,2,1,有,有,有,13000,174,,0.0,0,,RPPOMLKMNHKFFAH97CC
桃園區,房地(土地+建物),桃園市桃園區和平路61~90號,15.67,住,,,1040507,土地1建物1車位0,六層,7,華廈(10層含以下有電梯),住家用,鋼筋混凝土造,0801024,79.2,3,1,3,有,無,有,10000,126,,0.0,0,,RPQOMLKMNHKFFAH08CC
桃園區,房地(土地+建物),桃園市桃園區國際路一段991~1020號,21.07,住,,,1040506,土地1建物1車位0,四層,6,華廈(10層含以下有電梯),住家用,鋼筋混凝土造,0800619,99.91,3,2,2,有,無,有,10000,100,,0.0,0,,RPROMLKMNHKFFAH18CC
桃園區,房地(土地+建物),桃園市桃園區朝陽街1~30號,12.51,住,,,1040515,土地1建物1車位0,三層,14,住宅大樓(11層含以上有電梯),住家用,鋼筋混凝土造,0861117,128.59,3,1,1,有,有,有,12000,93,,0.0,0,,RPTOMLKMNHKFFAH38CC
桃園區,房地(土地+建物)+車位,桃園市桃園區中正三街331~360號,10.63,住,,,1040516,土地1建物1車位1,四層,10,套房(1房1廳1衛),住家用,鋼筋混凝土造,0940411,94.31,1,1,1,有,有,有,13500,194,坡道平面,37.63,0,,RPUOMLKMNHKFFAH48CC
桃園區,房地(土地+建物),桃園市桃園區大有路151~180號,4.38,住,,,1040502,土地1建物1車位0,十一層,12,套房(1房1廳1衛),住家用,鋼筋混凝土造,0830318,35.86,1,1,1,有,有,有,6500,181,,0.0,0,,RPVOMLKMNHKFFAH58CC
桃園區,房地(土地+建物),桃園市桃園區莊敬路二段181~210號,10.78,住,,,1040505,土地1建物1車位0,十三層,13,住宅大樓(11層含以上有電梯),住家用,鋼筋混凝土造,0920819,84.43,2,1,1,有,有,有,17000,201,,0.0,0,,RPWOMLKMNHKFFAH68CC
桃園區,房地(土地+建物)+車位,桃園市桃園區大業路二段181~210號,16.08,住,,,1040508,土地1建物1車位1,八層,9,華廈(10層含以下有電梯),住家用,鋼筋混凝土造,1000502,135.76,2,2,1,有,有,有,16000,149,坡道平面,45.31,0,,RPXOMLKMNHKFFAH78CC
桃園區,房地(土地+建物),桃園市桃園區泰昌三街1~30號,7.36,住,,,1040518,土地1建物1車位0,十一層,12,套房(1房1廳1衛),見其他登記事項,鋼筋混凝土造,0850212,39.01,1,1,1,有,有,有,8500,218,,0.0,0,,RPOPMLKMNHKFFAH97CC
桃園區,房地(土地+建物),桃園市桃園區守法路名人巷1~30號,24.48,住,,,1040518,土地1建物1車位0,八層,8,華廈(10層含以下有電梯),住家用,鋼筋混凝土造,0880318,156.61,3,2,2,有,有,有,14000,89,,0.0,0,,RPPPMLKMNHKFFAH08CC
桃園區,房地(土地+建物),桃園市桃園區園二街31~60號,32.4,住,,,1040521,土地1建物1車位0,三層,5,公寓(5樓含以下無電梯),住家用,鋼筋混凝土造,0701020,106.86,2,2,2,有,無,無,10000,94,,0.0,0,,RPQPMLKMNHKFFAH18CC
桃園區,房地(土地+建物),桃園市桃園區復興路61~90號,3.27,住,,,1040526,土地1建物1車位0,九層,12,套房(1房1廳1衛),見其他登記事項,鋼筋混凝土造,0691007,31.73,1,1,1,有,有,有,7400,233,,0.0,0,,RPRPMLKMNHKFFAH28CC
桃園區,房地(土地+建物),桃園市桃園區泰昌十街1~30號,16.14,住,,,1040528,土地1建物1車位0,九層,14,住宅大樓(11層含以上有電梯),住家用,鋼筋混凝土造,0840914,109.34,2,2,2,有,有,有,13800,126,,0.0,0,,RPSPMLKMNHKFFAH38CC
桃園區,房地(土地+建物),桃園市桃園區大業路一段91~120號,14.74,住,,,1040501,土地1建物1車位0,七層,8,華廈(10層含以下有電梯),住家用,鋼筋混凝土造,0930915,75.15,2,1,1,有,有,有,15000,200,,0.0,0,,RPTPMLKMNHKFFAH48CC
桃園區,建物,桃園市桃園區三和街31~60號,0.0,,,,1040531,土地0建物1車位0,一層,4,店面(店鋪),住家用,鋼筋混凝土造,0680224,100.0,0,0,0,無,無,無,13000,130,,0.0,0,,RPVQMLLJOHKFFAH68CC
中壢區,房地(土地+建物),桃園市中壢區富村街31~60號,6.63,商,,,1040507,土地1建物1車位0,一層,14,店面(店鋪),商業用,鋼筋混凝土造,0870513,57.1,0,0,1,有,有,無,13200,231,,0.0,0,,RPSPMLLJOHKFFBH38CC
中壢區,房地(土地+建物),桃園市中壢區中華路一段644巷31~60號,35.2,住,,,1040529,土地1建物1車位0,四層,5,公寓(5樓含以下無電梯),住家用,鋼筋混凝土造,0770203,105.84,3,2,2,有,有,無,10000,94,,0.0,0,,RPUPMLLJOHKFFBH58CC
桃園區,房地(土地+建物),桃園市桃園區民有六街1~30號,3.87,住,,,1040601,土地1建物1車位0,十一層,17,套房(1房1廳1衛),住家用,鋼筋混凝土造,0850118,42.56,1,1,1,有,有,有,7500,176,,0.0,0,,RPXNMLMJOHKFFAH68CC
桃園區,房地(土地+建物),桃園市桃園區民生路206巷1~30號,15.58,住,,,1040529,土地1建物1車位0,八層,9,華廈(10層含以下有電梯),住家用,鋼筋混凝土造,0870805,109.33,2,2,1,有,有,有,12000,110,,0.0,0,,RPSQMLMJOHKFFAH48CC
中壢區,房地(土地+建物),桃園市中壢區環北路331~360號,3.52,住,,,1040601,土地1建物1車位0,十七層,21,住宅大樓(11層含以上有電梯),住家用,鋼筋混凝土造,0980629,42.72,1,1,1,有,無,有,12500,293,,0.0,0,,RPRPMLMJOHKFFBH48DC
中壢區,房地(土地+建物),桃園市中壢區翎航南路四段61~90號,96.25,商,,,1040529,土地1建物1車位0,見其他登記事項,5,店面(店鋪),見其他登記事項,鋼筋混凝土造,0960126,220.06,4,2,4,有,無,無,20000,91,,0.0,0,,RPWQMLMJOHKFFBH09DC
桃園區,房地(土地+建物),桃園市桃園區大慶街466巷1~30號,86.92,住,,,1040530,土地2建物1車位0,全,2,透天厝,住家用,加強磚造,0631120,74.62,3,2,2,有,無,無,12000,161,,0.0,0,,RPXNMLNJOHKFFAH88DC
桃園區,房地(土地+建物),桃園市桃園區瑞慶路391~420號,8.78,住,,,1040511,土地1建物1車位0,七層,17,住宅大樓(11層含以上有電梯),住家用,鋼筋混凝土造,0831005,80.38,2,1,1,有,有,無,11000,137,,0.0,0,,RPROMLNJOHKFFAH38DC
龍潭區,房地(土地+建物),桃園市龍潭區北龍路61~90號,39.0,商,,,1040401,土地1建物1車位0,四層,4,公寓(5樓含以下無電梯),住家用,鋼筋混凝土造,0720107,128.04,3,1,3,有,無,有,17000,133,,0.0,0,,RPQOMLNJOHKFFCH38CC
平鎮區,建物,桃園市平鎮區文化街31~60號,0.0,住,,,1040505,土地0建物1車位0,七層,6,華廈(10層含以下有電梯),住家用,鋼筋混凝土造,0801202,168.46,0,0,0,無,有,無,25000,148,,0.0,0,租金含租賃所得稅。,RPUPMLNJOHKFFGH66CC
中壢區,建物,桃園市中壢區溪洲三街61~90號,0.0,住,,,1040506,土地0建物1車位0,見其他登記事項,12,住宅大樓(11層含以上有電梯),住商用,鋼筋混凝土造,0860530,241.18,4,0,3,有,無,無,22000,91,,0.0,0,,RPTQMLOJOHKFFBH88CC
龜山區,房地(土地+建物),桃園市龜山區文昌二街1~30號,52.24,住,,,1040509,土地1建物1車位0,二層,4,公寓(5樓含以下無電梯),住家用,鋼筋混凝土造,0830922,96.59,5,2,3,有,無,有,14000,145,,0.0,0,,RPQPMLOJOHKFFAH38CC
中壢區,建物,桃園市中壢區還北路331~360號,0.0,住,,,1040521,土地0建物1車位0,十六層,16,住宅大樓(11層含以上有電梯),住家用,鋼筋混凝土造,0980629,133.49,3,2,2,有,有,有,35000,262,,0.0,0,,RPSQMLPJOHKFFBH88CC
八德區,房地(土地+建物),桃園市八德區介壽路二段1193巷2弄1~30號,56.05,,鄉村區,乙種建築用地,1040601,土地1建物1車位0,全,2,透天厝,住家用,加強磚造,0680510,89.58,4,2,2,有,無,無,12000,134,,0.0,0,,RPUNMLQJOHKFFFH66CC
桃園區,建物,桃園市桃園區大興西路二段139巷151~180號,0.0,住,,,1040513,土地0建物1車位1,三層,12,住宅大樓(11層含以上有電梯),住家用,鋼筋混凝土造,0970424,112.19,2,2,2,有,無,有,16000,143,坡道平面,31.88,0,,RPOQMLSJOHKFFAH68CC
中壢區,房地(土地+建物)+車位,桃園市中壢區松義路61~90號,15.21,其他,,,1040510,土地1建物1車位0,九層,15,住宅大樓(11層含以上有電梯),見其他登記事項,鋼筋混凝土造,1031110,102.29,2,2,1,有,有,有,15000,147,坡道平面,16.72,0,,RPRQMLSJOHKFFBH56DC
八德區,房地(土地+建物)+車位,桃園市八德區豐田一路91~120號,32.95,住,,,1040523,土地1建物1車位1,十一層,12,住宅大樓(11層含以上有電梯),住家用,鋼筋混凝土造,1030421,179.19,3,2,2,有,有,有,18500,103,坡道平面,0.0,0,,RPOOMLSJOHKFFFH09DC
平鎮區,土地,廣平段421~450地號,151.52,其他,,,1040601,土地1建物0車位0,,,其他,,,,0.0,0,0,0,有,無,無,37000,244,,0.0,0,,RPWPMLSJOHKFFGH47DC
八德區,房地(土地+建物)+車位,桃園市八德區豐吉路1~30號,26.92,住,,,1040527,土地1建物1車位2,五層,13,住宅大樓(11層含以上有電梯),住家用,鋼筋混凝土造,1031101,130.38,2,2,1,有,無,無,12500,96,坡道平面,0.0,0,,RPQNMLTJOHKFFFH76EC
龜山區,房地(土地+建物)+車位,桃園市龜山區文化七路151~180號,3581.0,住,,,1040515,土地1建物1車位1,七層,7,華廈(10層含以下有電梯),住家用,鋼筋混凝土造,0921201,162.38,4,2,3,有,有,有,20750,128,坡道平面,0.0,0,,RPRRMLTJOHKFFAH66DC
平鎮區,房地(土地+建物)+車位,桃園市平鎮區榮興路1~30號,11.71,住,,,1040520,土地1建物1車位1,三層,16,住宅大樓(11層含以上有電梯),住家用,鋼筋混凝土造,0840221,76.68,2,2,1,有,有,有,10000,130,坡道平面,0.0,2000,,RPROMLTJOHKFFGH86CC
蘆竹區,房地(土地+建物)+車位,桃園市蘆竹區南山路二段121~150號,717.35,工,,,1040522,土地1建物1車位1,一層,2,工廠,工業用,見其他登記事項,0620730,717.35,0,0,0,無,無,有,102500,,一樓平面,40.0,0,,RPUNMLKKOHKFFEH78DC
大園區,房地(土地+建物),桃園市大園區三石村1~30號,69.0,農,,,1040609,土地1建物1車位0,全,4,透天厝,見其他登記事項,鋼筋混凝土造,0871014,199.02,4,2,4,有,無,有,15000,75,,0.0,0,,RPOOMLKKOHKFFEH28DC
桃園區,房地(土地+建物),桃園市桃園區國鼎一街1~30號,15.62,住,,,1040505,土地1建物1車位0,十三層,16,住宅大樓(11層含以上有電梯),住家用,鋼筋混凝土造,0840118,131.13,3,2,2,有,有,無,12500,95,,0.0,0,,RPVOMLLKOHKFFAH68DC
八德區,房地(土地+建物)+車位,桃園市八德區仁德一路121~150號,31.53,住,,,1040515,土地1建物1車位1,二層,15,住宅大樓(11層含以上有電梯),住家用,鋼筋混凝土造,1030811,172.10000000000002,3,2,2,有,無,有,20000,116,坡道平面,31.15,0,,RPOOMLLKOHKFFFH58EC
楊梅區,房地(土地+建物),桃園市楊梅區楊新北路211~240號,113.0,其他,,,1040520,土地2建物1車位0,見其他登記事項,2,店面(店鋪),住家用,加強磚造,0760126,135.87,4,2,5,有,無,無,33000,243,,0.0,0,,RPTNMLLKOHKFFDH68DC
蘆竹區,房地(土地+建物)+車位,桃園市蘆竹區忠孝西路181~210號,22.76,商,,,1040610,土地1建物1車位0,一層,15,店面(店鋪),見其他登記事項,鋼筋混凝土造,1010426,109.33,0,0,0,無,有,無,64000,585,坡道平面,30.07,0,,RPTNMLLKOHKFFEH68CC
八德區,房地(土地+建物)+車位,桃園市八德區忠勇街217巷1~30號,21.77,住,,,1040418,土地1建物1車位1,六層,7,華廈(10層含以下有電梯),住家用,鋼筋混凝土造,0870704,141.16,3,2,2,有,無,無,12000,85,坡道平面,0.0,0,,RPPNMLMKOHKFFFH48CC
中壢區,建物,桃園市中壢區環北路331~360號,0.0,住,,,1040529,土地0建物1車位1,十層,22,住宅大樓(11層含以上有電梯),住家用,鋼筋混凝土造,0980629,156.99,3,2,2,有,有,有,35000,223,坡道平面,32.58,0,,RPQRMLMKOHKFFBH58CC
平鎮區,房地(土地+建物),桃園市平鎮區新榮路94巷1弄1~30號,94.18,住,,,1040612,土地1建物1車位0,全,2,透天厝,住家用,鋼筋混凝土造,0740923,111.84,4,2,2,有,無,有,18000,161,,0.0,0,,RPUNMLMKOHKFFGH56DC
蘆竹區,房地(土地+建物),桃園市蘆竹區奉化路1~30號,14.09,住,,,1040522,土地1建物1車位0,八層,9,華廈(10層含以下有電梯),住家用,鋼筋混凝土造,0940201,50.07,2,2,1,有,有,無,12000,240,,0.0,0,,RPUNMLMKOHKFFEH98DC
蘆竹區,房地(土地+建物),桃園市蘆竹區南竹路二段31~60號,102.48,住,,,1040603,土地1建物1車位0,全,5,透天厝,見其他登記事項,鋼筋混凝土造,0950113,54.17,0,0,0,無,無,有,15000,277,,0.0,0,,RPVNMLMKOHKFFEH09DC
八德區,房地(土地+建物),桃園市八德區仁德二路1~30號,20.08,住,,,1040515,土地1建物1車位0,六層,13,住宅大樓(11層含以上有電梯),住家用,鋼筋混凝土造,1020823,136.32999999999998,2,2,1,有,無,有,12500,92,,0.0,0,,RPRPMLPKOHKFFFH66DC
八德區,房地(土地+建物),桃園市八德區中正路1~30號,18.8,商,,,1040608,土地1建物1車位0,二層,14,住宅大樓(11層含以上有電梯),見其他登記事項,鋼筋混凝土造,1001024,117.60000000000001,1,1,1,有,無,有,21000,179,,0.0,0,,RPSPMLPKOHKFFFH76DC
中壢區,房地(土地+建物),桃園市中壢區成章一街101巷1~30號,10.3,住,,,1040213,土地1建物1車位0,一層,9,華廈(10層含以下有電梯),住商用,鋼筋混凝土造,0840814,71.86,0,0,0,無,無,無,10000,139,,0.0,0,,RPOPMLPKOHKFFBH68EC
楊梅區,房地(土地+建物),桃園市楊梅區五守街1~30號,12.67,其他,,,1040302,土地1建物2車位0,一層,10,華廈(10層含以下有電梯),商業用,鋼筋混凝土造,0840925,119.94999999999999,2,2,1,有,有,無,12000,100,,0.0,0,,RPSOMLPKOHKFFDH56EC
平鎮區,房地(土地+建物),桃園市平鎮區德育路7巷1~30號,25.33,其他,,,1040304,土地5建物1車位0,一層,5,店面(店鋪),見其他登記事項,鋼筋混凝土造,0810505,154.04,1,1,1,有,無,無,25000,162,,0.0,0,,RPXOMLPKOHKFFGH37EC
八德區,房地(土地+建物),桃園市八德區興豐路511~540號,152.73,住,,,1040228,土地1建物1車位0,全,2,透天厝,住家用,加強磚造,0611130,177.98,4,0,3,有,無,無,28000,157,,0.0,0,,RPWOMLPKOHKFFFH17EC
中壢區,房地(土地+建物),桃園市中壢區成功路121~150號,112.0,住,,,1040522,土地1建物1車位0,全,2,透天厝,住家用,加強磚造,0691022,146.64,0,0,0,無,無,無,22000,150,,0.0,0,,RPPPMLPKOHKFFBH58CC
八德區,房地(土地+建物),桃園市八德區永豐路211~240號,186.15,農,,,1040613,土地1建物1車位0,全,2,透天厝,見使用執照,鋼筋混凝土造,0901029,112.14,3,3,2,有,無,有,20000,178,,0.0,0,,RPQPMLPKOHKFFFH09CC
龜山區,房地(土地+建物)+車位,桃園市龜山區文化三路391~420號,36.26,商,,,1040614,土地1建物1車位1,一層,6,店面(店鋪),見其他登記事項,鋼筋混凝土造,0960503,115.25,0,0,1,有,有,有,25000,217,坡道平面,0.0,0,,RPSNMLPKOHKFFAH58CC
桃園區,房地(土地+建物),桃園市桃園區寶山街151~180號,19.51,住,,,1040525,土地1建物1車位0,七層,16,住宅大樓(11層含以上有電梯),住家用,鋼筋混凝土造,0820811,174.45,4,2,2,有,有,有,16100,92,,0.0,0,,RPVNMLPKOHKFFAH88CC
桃園區,房地(土地+建物),桃園市桃園區樹仁三街87巷1~30號,14.58,住,,,1040522,土地1建物1車位0,九層,13,套房(1房1廳1衛),住家用,鋼筋混凝土造,1000829,110.86,1,1,1,有,有,有,14200,128,,0.0,0,,RPXNMLPKOHKFFAH09CC
桃園區,房地(土地+建物)+車位,桃園市桃園區春日路1141~1170號,8.41,住,,,1040521,土地1建物1車位1,二層,14,住宅大樓(11層含以上有電梯),住家用,鋼筋混凝土造,0930719,70.74000000000001,2,1,1,有,有,有,16000,226,坡道平面,0.0,0,,RPQOMLPKOHKFFAH48CC
桃園區,房地(土地+建物)+車位,桃園市桃園區中正路1231~1260號,12.12,商,,,1040601,土地1建物1車位1,十五層,22,辦公商業大樓,見其他登記事項,見其他登記事項,0810323,128.82,1,0,0,有,有,無,19000,147,坡道平面,0.0,0,,RPROMLPKOHKFFAH58CC
桃園區,房地(土地+建物),桃園市桃園區大興西路二段139巷121~150號,15.87,住,,,1040527,土地1建物1車位0,三層,13,套房(1房1廳1衛),住家用,鋼筋混凝土造,0970424,90.28999999999999,1,1,1,有,有,有,12500,138,,0.0,0,,RPSOMLPKOHKFFAH68CC
桃園區,房地(土地+建物),桃園市桃園區民有東路2巷1~30號,22.04,住,,,1040613,土地1建物1車位0,八層,13,住宅大樓(11層含以上有電梯),住家用,鋼筋混凝土造,0931127,80.61,2,1,1,有,有,有,15000,186,,0.0,0,,RPVOMLPKOHKFFAH98CC
桃園區,房地(土地+建物),桃園市桃園區國豐七街32巷1~30號,18.17,住,,,1040522,土地1建物1車位0,六層,6,華廈(10層含以下有電梯),住家用,鋼筋混凝土造,0830303,89.55,3,1,1,有,有,無,8500,95,,0.0,0,,RPOPMLPKOHKFFAH38CC
桃園區,房地(土地+建物),桃園市桃園區延壽街151~180號,20.17,住,,,1040523,土地1建物1車位0,五層,7,華廈(10層含以下有電梯),住家用,鋼筋混凝土造,0830524,118.05,3,2,1,有,有,有,11000,93,,0.0,0,,RPPPMLPKOHKFFAH48CC
桃園區,房地(土地+建物),桃園市桃園區吉昌街91~120號,24.42,住,,,1040413,土地1建物1車位0,四層,8,華廈(10層含以下有電梯),住家用,鋼筋混凝土造,0830205,161.16,3,2,2,有,有,有,12400,77,,0.0,0,,RPSPMLPKOHKFFAH78CC
桃園區,房地(土地+建物),桃園市桃園區大業路一段61~90號,14.97,住,,,1040422,土地1建物1車位0,三層,12,住宅大樓(11層含以上有電梯),住家用,鋼筋混凝土造,0930915,115.99,2,1,1,有,有,有,15000,129,,0.0,0,,RPXQMLPKOHKFFAH76CC
龜山區,建物,桃園市龜山區文明路61~90號,0.0,,,,1040609,土地0建物1車位0,二層,2,其他,見其他登記事項,見其他登記事項,0730621,610.06,0,0,0,無,無,無,100000,164,,0.0,0,,RPXNMLQKOHKFFAH56CC
蘆竹區,建物,桃園市蘆竹區錦明街1~30號,1586.07,,,,1040601,土地0建物1車位0,六層,10,華廈(10層含以下有電梯),住家用,鋼筋混凝土造,0840105,87.48,3,2,2,有,無,有,14700,168,,0.0,0,,RPUPNLQKOHKFFEH96CC
蘆竹區,房地(土地+建物)+車位,桃園市蘆竹區六福路241~270號,22.6,住,,,1040311,土地1建物1車位1,三層,12,住宅大樓(11層含以上有電梯),住家用,鋼筋混凝土造,0861106,183.86,4,2,2,有,有,有,26000,141,坡道平面,31.61,0,,RPQNMLQKOHKFFEH09EC
蘆竹區,房地(土地+建物),桃園市蘆竹區奉化路1~30號,14.09,住,,,1040522,土地1建物1車位0,八層,9,華廈(10層含以下有電梯),住家用,鋼筋混凝土造,0940201,50.07,2,1,1,有,有,無,13031,260,,0.0,0,,RPTPNLQKOHKFFEH96DC
中壢區,房地(土地+建物),桃園市中壢區興仁路二段121~150號,98.19,住,,,1040516,土地1建物1車位0,全,4,透天厝,住家用,鋼筋混凝土造,0721230,93.06,1,1,1,有,無,有,5000,54,,0.0,0,,RPQNMLQKOHKFFBH68DC
中壢區,房地(土地+建物),桃園市中壢區文化二路273巷1~30號,15.02,工,,,1030521,土地1建物1車位0,三層,12,住宅大樓(11層含以上有電梯),見其他登記事項,鋼筋混凝土造,0940824,75.95,2,2,1,有,有,有,12000,158,,0.0,0,,RPRNMLQKOHKFFBH78DC
中壢區,房地(土地+建物),桃園市中壢區永強街121~150號,33.88,住,,,1040523,土地1建物1車位0,九層,14,住宅大樓(11層含以上有電梯),國民住宅,鋼筋混凝土造,0910920,190.79,3,2,2,有,有,有,15000,79,,0.0,0,,RPSNMLQKOHKFFBH88DC
中壢區,房地(土地+建物),桃園市中壢區環北路331~360號,6.07,住,,,1040510,土地1建物1車位0,五層,21,住宅大樓(11層含以上有電梯),住家用,鋼筋混凝土造,0980629,51.33,2,1,1,有,有,有,22727,443,,0.0,0,,RPWOMLQKOHKFFBH76DC
中壢區,房地(土地+建物),桃園市中壢區環北路331~360號,6.87,住,,,1040605,土地1建物1車位0,七層,21,住宅大樓(11層含以上有電梯),住家用,鋼筋混凝土造,0980629,51.33,2,1,1,有,有,有,23333,455,,0.0,0,,RPOPMLQKOHKFFBH68DC
桃園區,建物,桃園市桃園區國強一街181~210號,22.8,住,,,1040609,土地0建物1車位0,一層,15,住宅大樓(11層含以上有電梯),見其他登記事項,鋼筋混凝土造,0980815,232.4,0,0,0,無,有,無,55000,237,,0.0,0,,RPPNMLRKOHKFFAH58DC
桃園區,房地(土地+建物),桃園市桃園區民有三街451~480號,2174.54,住,,,1040611,土地1建物1車位0,一層,12,店面(店鋪),商業用,鋼筋混凝土造,1000506,68.1,0,0,0,無,有,無,40000,587,,0.0,0,,RPTQMLRKOHKFFAH66DC
中壢區,房地(土地+建物)+車位,桃園市中壢區復興路1~30號,338.0,商,,,1040519,土地0建物2車位4,全,6,透天厝,見其他登記事項,鋼筋混凝土造,0701221,809.16,0,0,0,無,無,無,300000,371,一樓平面,0.0,0,,RPPPMLRKOHKFFBH78CC
大溪區,房地(土地+建物)+車位,桃園市大溪區仁善街91~120號,23.81,住,,,1040521,土地1建物1車位2,一層,17,店面(店鋪),見其他登記事項,鋼筋混凝土造,1030113,193.53,0,0,1,有,有,無,20000,103,坡道平面,60.88,0,,RPSPMLSKOHKFFCH66CC
桃園區,房地(土地+建物),桃園市桃園區中埔六街61~90號,12.68,住,,,1040601,土地1建物1車位0,二層,9,華廈(10層含以下有電梯),見其他登記事項,鋼筋混凝土造,0941110,92.38,1,0,0,無,有,無,18000,195,,0.0,0,,RPXOMLSKOHKFFAH86CC
桃園區,房地(土地+建物),桃園市桃園區桃鶯路361~390號,6524.98,住,,,1040527,土地1建物1車位0,六層,13,住宅大樓(11層含以上有電梯),住家用,鋼筋混凝土造,1001128,72.64,3,2,2,有,有,有,16000,220,,0.0,0,,RPUNMLSKOHKFFAH56DC
桃園區,房地(土地+建物)+車位,桃園市桃園區大業路一段301~330號,10.04,住,,,1040528,土地1建物1車位1,十層,14,住宅大樓(11層含以上有電梯),住家用,鋼筋混凝土造,0950910,78.33,2,1,1,有,有,有,16000,204,坡道平面,30.62,0,,RPVNMLSKOHKFFAH66DC
大園區,房地(土地+建物)+車位,桃園市大園區中華路533巷1~30號,2086.0,,一般農業區,甲種建築用地,1040604,土地1建物1車位0,全,4,透天厝,住家用,鋼筋混凝土造,0820623,157.87,3,2,2,有,無,無,11000,70,一樓平面,0.0,0,,RPUNMLSKOHKFFEH96DC
八德區,房地(土地+建物)+車位,桃園市八德區仁德路61~90號,22.59,住,,,1040614,土地1建物1車位1,七層,13,住宅大樓(11層含以上有電梯),住家用,鋼筋混凝土造,1021014,145.89,2,1,1,有,有,無,11500,79,坡道平面,45.74,0,,RPOOMLSKOHKFFFH56DC
八德區,房地(土地+建物),桃園市八德區重慶街177巷31~60號,26.87,住,,,1040609,土地1建物1車位0,一層,5,公寓(5樓含以下無電梯),商業用,鋼筋混凝土造,0781207,84.17999999999999,0,0,1,有,無,無,17000,202,,0.0,0,,RPUOMLSKOHKFFFH27EC
中壢區,房地(土地+建物),桃園市中壢區六和路1~30號,20366.0,商,,,1040603,土地1建物2車位0,一層,22,店面(店鋪),商業用,鋼筋混凝土造,0980629,131.02,0,0,1,有,有,無,70000,534,,0.0,0,,RPQOMLMLOHKFFBH48DC
平鎮區,房地(土地+建物),桃園市平鎮區建明路一段259巷1~30號,69.02,,特定農業區,甲種建築用地,1040527,土地1建物1車位0,全,4,透天厝,見其他登記事項,鋼筋混凝土造,0830113,153.95,4,2,3,有,無,無,10000,65,,0.0,0,,RPRPMLMLOHKFFGH09CC
平鎮區,房地(土地+建物),桃園市平鎮區金陵路七段46巷1~30號,60.33,,特定農業區,甲種建築用地,1040606,土地1建物1車位0,二層,2,公寓(5樓含以下無電梯),住家用,鋼筋混凝土造,0850719,87.39,3,2,2,有,無,有,8000,92,,0.0,0,,RPSPMLMLOHKFFGH56CC
平鎮區,土地,東北段901~930地號,309.5,住,,,1040524,土地1建物0車位0,,,其他,,,,0.0,0,0,0,有,無,有,16000,52,,0.0,0,,RPSOMLNLOHKFFGH56CC
桃園區,房地(土地+建物),桃園市桃園區安慶街133巷1~30號,11.99,其他,,,1040615,土地1建物1車位0,六層,16,住宅大樓(11層含以上有電梯),住家用,鋼筋混凝土造,0830411,100.91,3,2,2,有,有,有,13000,129,,0.0,0,,RPPONLNLOHKFFAH38CC
八德區,房地(土地+建物),桃園市八德區陸光街50巷1~30號,24.16,住,,,1040621,土地1建物1車位0,九層,13,住宅大樓(11層含以上有電梯),住家用,鋼筋混凝土造,0881125,134.4,3,2,2,有,有,有,12000,89,,0.0,0,,RPSNMLNLOHKFFFH09DC
中壢區,房地(土地+建物),桃園市中壢區東興街61~90號,70.0,住,,,1040612,土地1建物1車位0,全,4,透天厝,住家用,加強磚造,0660407,65.72,0,0,0,無,無,無,15000,228,,0.0,0,,RPUOMLOLOHKFFBH09DC
桃園區,房地(土地+建物)+車位,桃園市桃園區民光東路151~180號,13.24,住,,,1040622,土地1建物2車位1,九層,13,住宅大樓(11層含以上有電梯),住家用,鋼筋混凝土造,0920918,111.81,3,2,2,有,有,有,18000,161,坡道平面,25.03,0,,RPVQMLOLOHKFFAH66DC
龜山區,房地(土地+建物)+車位,桃園市龜山區民生北路一段541~570號,130.58,其他,,,1040612,土地1建物1車位2,五層,7,辦公商業大樓,工業用,鋼筋混凝土造,0891003,190.67,0,0,0,無,有,有,43000,226,坡道平面,0.0,0,,RPORMLOLOHKFFAH58CC
中壢區,房地(土地+建物),桃園市中壢區環中東路391~420號,333.0,住,,,1040615,土地5建物1車位0,見其他登記事項,3,店面(店鋪),住商用,鋼骨混凝土造,0870710,201.33,0,0,0,無,無,無,86400,429,,0.0,0,,RPWOMLOLOHKFFBH56CC
中壢區,房地(土地+建物),桃園市中壢區新中北路391~420號,15.91,其他,,,1040601,土地1建物1車位0,五層,7,華廈(10層含以下有電梯),住家用,鋼筋混凝土造,0840215,86.41,3,2,2,有,無,有,12000,139,,0.0,0,,RPSNMLQLOHKFFBH88CC
中壢區,房地(土地+建物),桃園市中壢區興仁路二段297巷1~30號,15.11,住,,,1040608,土地1建物1車位0,一層,7,華廈(10層含以下有電梯),商業用,鋼筋混凝土造,0820818,88.85,0,0,1,有,有,無,9000,101,,0.0,0,,RPPOMLQLOHKFFBH68CC
龍潭區,房地(土地+建物),桃園市龍潭區百年三街53巷61~90號,70.47,,鄉村區,乙種建築用地,1040527,土地2建物1車位0,全,4,透天厝,住家用,鋼筋混凝土造,0860626,251.83,4,2,2,有,有,有,16000,64,,0.0,0,,RPOQMLQLOHKFFCH88CC
觀音區,房地(土地+建物),桃園市觀音區九如街1~30號,63.0,住,,,1040601,土地1建物1車位0,全,4,透天厝,見其他登記事項,鋼筋混凝土造,0830914,141.44,6,1,4,有,無,有,25000,177,,0.0,0,,RPUPMLQLOHKFFBH76DC
八德區,房地(土地+建物),桃園市八德區介壽路一段425巷1~30號,29.59,住,,,1040622,土地1建物1車位0,四層,5,公寓(5樓含以下無電梯),住家用,鋼筋混凝土造,0801227,131.44,3,2,2,有,有,無,11000,84,,0.0,0,,RPVNMLTLOHKFFFH37DC
平鎮區,房地(土地+建物),桃園市平鎮區三興路東勢段126巷1~30號,38.83,,特定農業區,甲種建築用地,1040618,土地1建物1車位0,全,4,透天厝,見其他登記事項,鋼筋混凝土造,1011210,187.04,3,2,3,有,無,有,13000,70,,0.0,0,,RPRNMLTLOHKFFGH07DC
蘆竹區,房地(土地+建物),桃園市蘆竹區長安路二段39巷1~30號,212.71,其他,,,1040627,土地1建物1車位0,見其他登記事項,2,廠辦,見其他登記事項,加強磚造,0771219,333.36,0,0,0,無,無,無,33000,99,,0.0,0,,RPUNMLTLOHKFFEH07CC
觀音區,房地(土地+建物),桃園市觀音區白玉里3鄰白沙屯1~30號,9467.0,,一般農業區,丁種建築用地,1040612,土地1建物1車位0,見其他登記事項,2,工廠,見其他登記事項,見其他登記事項,1020830,5957.39,0,0,0,無,無,無,840000,,,0.0,0,,RPWOMLTLOHKFFBH07CC
中壢區,房地(土地+建物),桃園市中壢區內定二十街61~90號,317.35,農,,,1040601,土地1建物1車位0,見其他登記事項,2,倉庫,農舍,加強磚造,0861029,257.26,0,0,0,無,無,無,34090,,,0.0,0,,RPPPMLTLOHKFFBH09CC
桃園區,房地(土地+建物),桃園市桃園區中山路991~1020號,19.25,其他,,,1040626,土地1建物1車位0,五層,17,其他,見其他登記事項,鋼筋混凝土造,0840414,142.82,4,2,2,有,有,有,13000,91,,0.0,0,,RPPOMLTLOHKFFAH88CC
桃園區,房地(土地+建物),桃園市桃園區國鼎一街1~30號,11.82,住,,,1040628,土地1建物1車位0,七層,16,住宅大樓(11層含以上有電梯),住家用,鋼筋混凝土造,0840120,105.62,3,2,2,有,有,有,12000,114,,0.0,0,,RPQOMLTLOHKFFAH98CC
桃園區,房地(土地+建物)+車位,桃園市桃園區中正路1081~1110號,13.51,商,,,1040626,土地1建物1車位2,一層,38,店面(店鋪),見其他登記事項,見其他登記事項,1011102,101.12,0,0,0,無,有,無,100000,989,坡道平面,46.78,0,,RPSRMLKMOHKFFAH68CC
桃園區,房地(土地+建物),桃園市桃園區中正路1081~1110號,27.02,商,,,1040626,土地1建物1車位0,二層,38,店面(店鋪),見其他登記事項,見其他登記事項,1011102,252.0,0,0,0,無,有,無,60000,238,,0.0,0,,RPURMLKMOHKFFAH88CC
中壢區,建物,桃園市中壢區中華路一段418巷1~30號,0.0,商,,,1040622,土地0建物1車位0,一層,5,店面(店鋪),見其他登記事項,鋼筋混凝土造,0790813,76.16,0,0,0,無,有,無,12000,158,,0.0,0,,RPWRMLKMOHKFFBH56CC
中壢區,建物,桃園市中壢區華勛街241~270號,0.0,住,,,1040519,土地0建物1車位0,二層,2,公寓(5樓含以下無電梯),住家用,加強磚造,0750808,38.8,2,1,1,有,無,有,6500,168,,0.0,0,,RPXRMLKMOHKFFBH66CC
平鎮區,房地(土地+建物),桃園市平鎮區中豐路241~270號,58.44,住,,,1040612,土地1建物1車位0,全,5,透天厝,見其他登記事項,鋼筋混凝土造,0921105,236.21,5,2,4,有,有,無,28000,119,,0.0,0,,RPQPMLKMOHKFFGH88CC
八德區,建物,桃園市八德區重慶街150巷31~60號,0.0,住,,,1040610,土地0建物1車位0,三層,7,套房(1房1廳1衛),住家用,鋼筋混凝土造,0851012,30.9,1,1,1,有,有,有,5000,162,,0.0,0,,RPOPMLKMOHKFFFH58CC
桃園區,房地(土地+建物),桃園市桃園區龍安街14巷1~30號,8.47,住,,,1040629,土地1建物1車位0,十一層,12,住宅大樓(11層含以上有電梯),住家用,鋼筋混凝土造,0850106,54.2,3,2,2,有,有,有,10000,185,,0.0,0,,RPTOMLKMOHKFFAH58DC
桃園區,建物,桃園市桃園區經國路361~390號,11.4,,,,1040616,土地0建物1車位0,四層,16,住宅大樓(11層含以上有電梯),住家用,鋼筋混凝土造,0831017,111.21,3,1,2,有,有,有,12500,112,,0.0,0,,RPOPMLLJPHKFFAH08DC
平鎮區,房地(土地+建物),桃園市平鎮區中豐路南勢二段91~120號,224.29,住,,,1040610,土地2建物1車位0,全,4,透天厝,見其他登記事項,鋼筋混凝土造,0991005,239.07,3,3,3,有,無,有,18000,75,,0.0,0,,RPRNMLLJPHKFFGH78DC
平鎮區,房地(土地+建物),桃園市平鎮區中豐路山頂段301~330號,55.9,其他,,,1040629,土地1建物1車位0,一層,5,店面(店鋪),商業用,鋼筋混凝土造,0710801,61.22,0,0,0,無,無,無,25000,408,,0.0,0,,RPWQMLLJPHKFFGH96DC
八德區,房地(土地+建物)+車位,桃園市八德區仁德路61~90號,29.55,住,,,1040601,土地1建物1車位1,十一層,13,住宅大樓(11層含以上有電梯),住家用,鋼筋混凝土造,1021014,176.07,3,2,2,有,有,無,15000,85,坡道平面,0.0,0,,RPWNMLLJPHKFFFH56DC
龍潭區,房地(土地+建物),桃園市龍潭區東龍路211~240號,142.14,商,,,1040624,土地1建物1車位0,一層,4,店面(店鋪),住商用,加強磚造,0661205,78.36,0,0,1,有,無,無,70000,893,,0.0,0,,RPOOMLLJPHKFFCH18DC
龍潭區,房地(土地+建物),桃園市龍潭區百年三街53巷31~60號,73.86,,鄉村區,乙種建築用地,1040624,土地1建物1車位0,全,4,透天厝,住家用,鋼筋混凝土造,0860626,244.18,4,2,2,有,無,無,15000,61,,0.0,0,,RPROMLLJPHKFFCH48DC
龍潭區,房地(土地+建物),桃園市龍潭區百年二街15巷1~30號,34.69,,鄉村區,乙種建築用地,1040701,土地2建物3車位0,十四層,14,住宅大樓(11層含以上有電梯),住家用,鋼筋混凝土造,0860130,112.9,3,2,2,有,有,有,12000,106,,0.0,0,,RPSOMLLJPHKFFCH58DC
蘆竹區,房地(土地+建物),桃園市蘆竹區南竹路五段151~180號,48.88,住,,,1040701,土地1建物1車位0,全,3,透天厝,見其他登記事項,鋼筋混凝土造,0780403,24.8,0,0,0,無,無,無,5000,202,,0.0,0,,RPPNMLLJPHKFFEH28CC
中壢區,建物,桃園市中壢區環北路361~390號,0.0,,,,1040616,土地0建物1車位0,一層,13,住宅大樓(11層含以上有電梯),見其他登記事項,鋼筋混凝土造,0781212,131.05,1,0,1,有,有,無,53000,404,,0.0,0,,RPXPMLLJPHKFFBH98CC
桃園區,土地,中路三段31~60地號,1633.6,住,,,1040622,土地1建物0車位0,,,其他,,,,0.0,0,0,0,有,無,無,150000,92,,0.0,0,,RPXNMLLJPHKFFAH68CC
桃園區,房地(土地+建物),桃園市桃園區寶慶路391~420號,7.89,住,,,1040630,土地1建物1車位0,三層,13,住宅大樓(11層含以上有電梯),住家用,鋼筋混凝土造,0830411,67.25,2,2,1,有,有,有,12000,178,,0.0,0,,RPQOMLLJPHKFFAH08CC
桃園區,房地(土地+建物),桃園市桃園區安慶街133巷1~30號,10.83,住,,,1040630,土地1建物1車位0,十一層,16,住宅大樓(11層含以上有電梯),住家用,鋼筋混凝土造,0830411,90.68,3,2,2,有,有,有,9000,99,,0.0,0,,RPROMLLJPHKFFAH18CC
桃園區,房地(土地+建物),桃園市桃園區安慶街133巷1~30號,10.83,住,,,1040630,土地1建物1車位0,十六層,16,住宅大樓(11層含以上有電梯),住家用,鋼筋混凝土造,0830411,90.68,3,2,2,有,有,有,9500,105,,0.0,0,,RPSOMLLJPHKFFAH28CC
中壢區,房地(土地+建物),桃園市中壢區成章二街527巷1~30號,105.0,住,,,1040702,土地1建物1車位0,全,2,透天厝,住家用,加強磚造,0670304,87.79,5,2,2,有,無,有,20000,228,,0.0,0,,RPUQMLMJPHKFFBH88CC
大園區,房地(土地+建物)+車位,桃園市大園區領航北路四段361~390號,188.0,住,,,1040625,土地1建物1車位1,七層,10,住宅大樓(11層含以上有電梯),住家用,鋼筋混凝土造,0971002,188.0,4,2,3,有,有,有,22727,121,坡道平面,0.0,0,,RPRNMLMJPHKFFEH58CC
大園區,房地(土地+建物)+車位,桃園市大園區致遠一路121~150號,95.42,其他,,,1040701,土地1建物1車位0,十三層,14,住宅大樓(11層含以上有電梯),住家用,鋼筋混凝土造,1020715,147.09,4,2,3,有,有,有,21000,143,坡道平面,58.71,0,,RPPOMLMJPHKFFEH48CC
桃園區,房地(土地+建物),桃園市桃園區龍泉六街56巷1~30號,17.72,住,,,1040610,土地1建物1車位0,一層,7,華廈(10層含以下有電梯),國民住宅,鋼筋混凝土造,0880527,107.78999999999999,3,2,2,有,有,有,11200,104,,0.0,0,,RPTPMLMJPHKFFAH68DC
蘆竹區,建物,桃園市蘆竹區內溪路39巷1~30號,2196.8,工,,,1040702,土地0建物1車位0,一層,4,廠辦,見其他登記事項,鋼筋混凝土造,0880708,1183.09,0,0,0,無,無,無,100000,85,,0.0,0,,RPSNMLMJPHKFFEH78DC
蘆竹區,建物,桃園市蘆竹區仁和街91~120號,2098.0,住,,,1040610,土地0建物1車位0,五層,10,華廈(10層含以下有電梯),住家用,鋼筋混凝土造,1030207,127.89,2,1,1,有,有,有,14000,109,,0.0,0,,RPVOMLMJPHKFFEH56DC
蘆竹區,房地(土地+建物),桃園市蘆竹區五福六路56巷1~30號,23.14,住,,,1040615,土地1建物1車位0,五層,5,華廈(10層含以下有電梯),住家用,鋼筋混凝土造,0810625,95.37,3,2,2,有,無,有,12000,126,,0.0,0,,RPUPMLNJPHKFFEH66DC
蘆竹區,房地(土地+建物)+車位,桃園市蘆竹區忠孝西路182巷1~30號,17.69,住,,,1040325,土地1建物1車位1,十二層,15,住宅大樓(11層含以上有電梯),住家用,鋼筋混凝土造,1010426,124.02,3,2,2,有,無,有,25775,208,坡道平面,30.05,0,,RPROMLNJPHKFFEH98EC
蘆竹區,房地(土地+建物)+車位,桃園市蘆竹區奉化路91~120號,7265.89,住,,,1040326,土地1建物1車位1,六層,13,住宅大樓(11層含以上有電梯),住家用,鋼筋混凝土造,1011105,113.41,4,2,2,有,無,有,45000,397,坡道平面,25.71,0,,RPSOMLNJPHKFFEH09EC
蘆竹區,房地(土地+建物)+車位,桃園市蘆竹區南崁路一段121~150號,4909.15,工,,,1040402,土地1建物1車位1,四層,14,住宅大樓(11層含以上有電梯),見其他登記事項,鋼筋混凝土造,1010918,116.35,3,2,2,有,無,有,32899,283,坡道平面,27.81,0,,RPTOMLNJPHKFFEH56EC
蘆竹區,房地(土地+建物)+車位,桃園市蘆竹區忠孝西路182巷31~60號,6991.26,住,,,1040410,土地1建物1車位1,四層,21,住宅大樓(11層含以上有電梯),住家用,鋼筋混凝土造,1020918,127.83,3,2,2,有,無,有,50000,391,坡道平面,25.96,0,,RPUOMLNJPHKFFEH66EC
蘆竹區,房地(土地+建物)+車位,桃園市蘆竹區南崁路一段121~150號,4909.15,工,,,1040415,土地1建物1車位1,八層,14,住宅大樓(11層含以上有電梯),見其他登記事項,鋼筋混凝土造,1010918,128.71,3,2,2,有,無,有,45000,350,坡道平面,23.53,0,,RPVOMLNJPHKFFEH76EC
蘆竹區,房地(土地+建物)+車位,桃園市蘆竹區忠孝西路182巷1~30號,6504.11,住,,,1040628,土地1建物1車位1,三層,15,住宅大樓(11層含以上有電梯),住家用,鋼筋混凝土造,1010426,99.38,3,2,2,有,有,有,42000,423,坡道平面,0.0,0,,RPWOMLNJPHKFFEH86EC
蘆竹區,房地(土地+建物)+車位,桃園市蘆竹區南崁路一段121~150號,4909.15,工,,,1040628,土地1建物1車位1,四層,14,住宅大樓(11層含以上有電梯),見其他登記事項,鋼筋混凝土造,1010918,120.62,4,2,2,有,無,有,40000,332,坡道平面,0.0,0,,RPXOMLNJPHKFFEH96EC
蘆竹區,房地(土地+建物)+車位,桃園市蘆竹區奉化路61~90號,7265.89,住,,,1040628,土地1建物1車位1,九層,12,住宅大樓(11層含以上有電梯),住家用,鋼筋混凝土造,1011105,113.41,4,2,2,有,無,有,45000,397,坡道平面,0.0,0,,RPOPMLNJPHKFFEH78EC
桃園區,房地(土地+建物),桃園市桃園區莊敬路一段210巷61~90號,40.43,住,,,1040630,土地1建物1車位0,全,5,透天厝,見其他登記事項,鋼筋混凝土造,0860419,327.68,5,3,5,有,無,有,35000,107,,0.0,0,,RPXPMLNJPHKFFAH09CC
桃園區,房地(土地+建物),桃園市桃園區春日路1261~1290號,124.52,住,,,1040629,土地1建物1車位0,一層,5,公寓(5樓含以下無電梯),住商用,鋼筋混凝土造,0730320,94.54,0,0,0,無,無,無,25000,264,,0.0,0,,RPUQMLNJPHKFFAH88CC
桃園區,房地(土地+建物)+車位,桃園市桃園區南山街181~210號,19.6,其他,,,1040703,土地1建物1車位1,一層,12,其他,住家用,加強磚造,0611209,140.99,0,0,0,無,有,無,18000,128,坡道平面,0.0,0,,RPPNMLOJPHKFFAH18CC
桃園區,房地(土地+建物)+車位,桃園市桃園區大業路一段91~120號,30.26,住,,,1030701,土地1建物1車位1,三層,15,住宅大樓(11層含以上有電梯),住家用,鋼筋混凝土造,1001107,102.93,3,2,2,有,有,有,20000,194,坡道平面,0.0,0,,RPWOMLQJPHKFFAH56CC
桃園區,房地(土地+建物)+車位,桃園市桃園區大業路一段91~120號,30.26,住,,,1040701,土地1建物1車位1,三層,15,住宅大樓(11層含以上有電梯),住家用,鋼筋混凝土造,1001107,102.93,3,2,2,有,有,有,20000,194,坡道平面,0.0,0,,RPXOMLQJPHKFFAH66CC
龜山區,房地(土地+建物)+車位,桃園市龜山區興華三街61~90號,49.07,住,,,1040705,土地1建物1車位1,四層,4,公寓(5樓含以下無電梯),住家用,鋼筋混凝土造,0830107,91.29,3,2,2,有,無,有,11500,126,坡道平面,34.95,0,,RPSQMLQJPHKFFAH98CC
桃園區,房地(土地+建物)+車位,桃園市桃園區同德六街181~210號,22.68,住,,,1040625,土地1建物1車位1,三層,12,住宅大樓(11層含以上有電梯),住家用,鋼筋混凝土造,0950529,105.14,3,2,2,有,有,有,21000,200,坡道機械,17.03,0,,RPVRMLQJPHKFFAH76CC
蘆竹區,房地(土地+建物),桃園市蘆竹區奉化路181~210號,19.54,住,,,1040706,土地1建物1車位0,一層,12,店面(店鋪),商業用,鋼筋混凝土造,0890914,130.59,0,0,0,無,有,無,40000,306,,0.0,0,,RPSOMLQJPHKFFEH56CC
中壢區,房地(土地+建物),桃園市中壢區環中東路106巷4弄1~30號,399.0,住,,,1040705,土地1建物1車位0,全,5,透天厝,住家用,鋼筋混凝土造,0840107,196.54,5,3,3,有,無,無,22000,112,,0.0,0,,RPXOMLQJPHKFFBH76CC
蘆竹區,房地(土地+建物),桃園市蘆竹區南順一街2巷1~30號,27.5,住,,,1040617,土地1建物1車位0,六層,6,華廈(10層含以下有電梯),住家用,鋼筋混凝土造,0910614,108.96,3,2,2,有,有,有,16000,147,,0.0,0,,RPQOMLQJPHKFFEH09DC
桃園區,房地(土地+建物)+車位,桃園市桃園區中埔二街91~120號,9.59,住,,,1040703,土地1建物1車位1,十三層,14,住宅大樓(11層含以上有電梯),住家用,鋼筋混凝土造,0921121,108.2,3,2,2,有,有,有,19000,176,坡道平面,23.0,0,,RPUQMLQJPHKFFAH66DC
龍潭區,房地(土地+建物),桃園市龍潭區百年二街1~30號,36.49,,鄉村區,乙種建築用地,1040613,土地2建物1車位0,七層,14,住宅大樓(11層含以上有電梯),住家用,鋼筋混凝土造,0860130,115.08,3,2,2,有,有,有,12000,104,,0.0,0,,RPTNMLRJPHKFFCH09CC
龍潭區,房地(土地+建物),桃園市龍潭區百年路1~30號,36.33,,鄉村區,乙種建築用地,1040623,土地2建物1車位0,十二層,12,住宅大樓(11層含以上有電梯),住家用,鋼筋混凝土造,0860626,77.66,2,2,1,有,有,無,9000,116,,0.0,0,,RPUNMLRJPHKFFCH56CC
桃園區,建物,桃園市桃園區慈文路121~150號,0.0,住,,,1040616,土地0建物1車位0,全,2,透天厝,住家用,加強磚造,0660910,143.52,0,0,0,無,無,無,24000,167,,0.0,0,,RPQOMLRJPHKFFAH68CC
桃園區,房地(土地+建物)+車位,桃園市桃園區春日路1~30號,83.24,商,,,1040625,土地1建物1車位1,四層,10,華廈(10層含以下有電梯),住家用,鋼筋混凝土造,1030401,90.96,1,1,1,有,有,無,14000,154,升降機械,0.0,0,,RPSOMLRJPHKFFAH88CC
桃園區,房地(土地+建物),桃園市桃園區中埔二街151~180號,66.0,住,,,1040630,土地1建物1車位0,全,6,透天厝,見其他登記事項,鋼筋混凝土造,0840311,181.0,4,33,3,有,有,有,18000,99,,0.0,0,,RPSPMLRJPHKFFAH98CC
中壢區,建物,桃園市中壢區元化路331~360號,0.0,商,,,1040624,土地0建物1車位0,十七層,22,住宅大樓(11層含以上有電梯),住家用,鋼筋混凝土造,0970406,140.22,3,2,2,有,有,有,35000,250,,0.0,0,,RPOPMLSJPHKFFBH78CC
中壢區,建物,桃園市中壢區三光路151~180號,0.0,住,,,1040630,土地0建物1車位0,十一層,14,住宅大樓(11層含以上有電梯),住家用,鋼筋混凝土造,0960125,97.05,2,2,1,有,有,有,13000,134,,0.0,0,,RPTSMLSJPHKFFBH96CC
中壢區,房地(土地+建物),桃園市中壢區長沙路61~90號,140.0,住,,,1040707,土地1建物1車位0,一層,4,店面(店鋪),見其他登記事項,鋼筋混凝土造,0830105,345.0,0,0,0,無,無,無,18000,52,,0.0,0,,RPPRMLSJPHKFFBH56DC
蘆竹區,房地(土地+建物),桃園市蘆竹區中正路1~30號,4.5,住,,,1040629,土地1建物1車位0,二十二層,27,住宅大樓(11層含以上有電梯),住家用,鋼筋混凝土造,0860122,60.6,1,1,1,有,有,有,10000,165,,0.0,0,,RPRNMLTJPHKFFEH76DC
平鎮區,建物,桃園市平鎮區延平路三段104巷181~210號,0.0,住,,,1040701,土地0建物1車位0,四層,11,住宅大樓(11層含以上有電梯),住家用,鋼筋混凝土造,1030827,63.07,3,2,2,有,有,有,16000,254,,0.0,0,,RPTNMLTJPHKFFGH17DC
龍潭區,房地(土地+建物),桃園市龍潭區中豐路751~780號,532.4,,鄉村區,乙種建築用地,1040616,土地1建物1車位0,一層,5,店面(店鋪),見其他登記事項,鋼筋混凝土造,0960726,246.18,0,0,1,有,無,無,12000,49,,0.0,0,,RPXNMLTJPHKFFCH17DC
八德區,建物,桃園市八德區中正路91~120號,13.99,住,,,1040708,土地0建物1車位0,七層,15,住宅大樓(11層含以上有電梯),住家用,鋼筋混凝土造,1030623,121.53,2,2,1,有,有,無,12000,99,,0.0,0,,RPRNMLTJPHKFFFH86DC
蘆竹區,建物,桃園市蘆竹區吉林路61~90號,0.0,住,,,1040626,土地0建物1車位1,九層,10,華廈(10層含以下有電梯),住家用,鋼筋混凝土造,0931028,125.25,3,2,2,有,有,無,20000,160,坡道平面,0.0,0,,RPOOMLTJPHKFFEH09CC
桃園區,房地(土地+建物),桃園市桃園區國鼎一街1~30號,41.39,住,,,1040708,土地1建物1車位0,三層,16,住宅大樓(11層含以上有電梯),住家用,鋼筋混凝土造,0840120,70.7,4,2,2,有,有,有,14000,198,,0.0,0,,RPRPMLTJPHKFFAH09CC
蘆竹區,房地(土地+建物)+車位,桃園市蘆竹區南昌路31~60號,19.19,住,,,1040711,土地1建物1車位1,九層,15,住宅大樓(11層含以上有電梯),住家用,鋼筋混凝土造,0970714,176.91,4,2,2,有,有,有,28620,162,坡道平面,28.98,0,,RPQNMLLKPHKFFEH58DC
蘆竹區,房地(土地+建物),桃園市蘆竹區奉化路1~30號,14.11,住,,,1040711,土地1建物1車位0,三層,8,華廈(10層含以下有電梯),住家用,鋼筋混凝土造,0840605,93.6,3,2,1,有,有,無,11000,118,,0.0,0,,RPPOMLNKPHKFFEH78DC
龍潭區,建物,桃園市龍潭區北龍路301~330號,0.0,,,,1040711,土地0建物1車位0,一層,4,店面(店鋪),見使用執照,鋼筋混凝土造,0901219,55.48,0,0,0,無,無,無,28000,505,,0.0,0,,RPQPMLNKPHKFFCH78DC
平鎮區,房地(土地+建物)+車位,桃園市平鎮區新富一街1~30號,8679.18,其他,,,1040702,土地1建物1車位1,四層,15,住宅大樓(11層含以上有電梯),住家用,鋼筋混凝土造,0820922,153.26,5,2,3,有,無,有,25000,163,坡道平面,0.0,0,,RPRNMLNKPHKFFGH09DC
桃園區,房地(土地+建物),桃園市桃園區樹林二街1~30號,100.92,住,,,1040619,土地1建物1車位0,全,5,透天厝,見其他登記事項,鋼筋混凝土造,0780920,213.13,5,3,3,有,無,無,16000,75,,0.0,0,,RPWOMLNKPHKFFAH98CC
龜山區,建物,桃園市龜山區文化二路34巷14弄1~30號,0.0,商,,,1040630,土地0建物1車位0,三層,14,住宅大樓(11層含以上有電梯),住家用,鋼筋混凝土造,1011007,174.34,3,2,2,有,有,有,25000,143,,0.0,0,,RPTPMLNKPHKFFAH78CC
中壢區,建物,桃園市中壢區健行路91~120號,0.0,住,,,1040630,土地0建物1車位0,全,2,透天厝,住家用,加強磚造,0651007,99.45,0,0,0,無,無,無,28000,282,,0.0,0,,RPRPMLNKPHKFFBH68CC
蘆竹區,房地(土地+建物),桃園市蘆竹區南山路一段126巷1~30號,100.24,其他,,,1040616,土地1建物1車位0,全,4,透天厝,見其他登記事項,加強磚造,0751008,143.92,8,2,3,有,無,無,13000,90,,0.0,0,,RPPPMLOKPHKFFEH88CC
桃園區,建物,桃園市桃園區同安街301~330號,0.0,住,,,1040624,土地0建物0車位0,一層,3,店面(店鋪),住家用,鋼筋混凝土造,0820514,350.36,0,0,0,無,無,無,80000,228,,0.0,0,,RPOSMLOKPHKFFAH68CC
桃園區,房地(土地+建物)+車位,桃園市桃園區同德十街30巷1~30號,17.1,住,,,1040617,土地1建物1車位1,六層,7,華廈(10層含以下有電梯),住家用,鋼筋混凝土造,0850513,101.11,3,2,2,有,有,有,15000,148,坡道平面,0.0,0,,RPRTMLOKPHKFFAH09CC
桃園區,房地(土地+建物),桃園市桃園區大有路151~180號,23.26,住,,,1040701,土地1建物1車位0,見其他登記事項,17,住宅大樓(11層含以上有電梯),住家用,鋼筋混凝土造,0850118,246.17000000000002,5,2,4,有,有,有,18000,73,,0.0,0,,RPUTMLOKPHKFFAH76CC
桃園區,房地(土地+建物),桃園市桃園區大有路652巷1~30號,11.19,住,,,1040606,土地1建物1車位0,十一層,17,住宅大樓(11層含以上有電梯),住家用,鋼筋混凝土造,0860901,94.02000000000001,2,2,2,有,有,有,15000,160,,0.0,0,,RPVTMLOKPHKFFAH86CC
桃園區,房地(土地+建物),桃園市桃園區民有六街1~30號,4.52,住,,,1040610,土地1建物1車位0,十七層,17,套房(1房1廳1衛),住家用,鋼筋混凝土造,0850118,42.96,1,1,1,有,有,有,9000,209,,0.0,0,,RPWTMLOKPHKFFAH96CC
桃園區,房地(土地+建物)+車位,桃園市桃園區民富十一街91~120號,15.11,住,,,1040613,土地1建物1車位1,八層,13,住宅大樓(11層含以上有電梯),住家用,鋼筋混凝土造,0950103,126.31,3,2,2,有,有,有,19000,150,坡道平面,0.0,0,,RPXTMLOKPHKFFAH07CC
八德區,房地(土地+建物),桃園市八德區義勇街31~60號,23.95,住,,,1040630,土地1建物1車位0,一層,5,店面(店鋪),見使用執照,鋼筋混凝土造,0950929,66.96000000000001,0,1,1,有,有,無,30000,448,,0.0,0,,RPROMLOKPHKFFFH66EC
八德區,房地(土地+建物),桃園市八德區銀和街27巷2弄1~30號,12.37,住,,,1040710,土地1建物1車位0,十七層,18,住宅大樓(11層含以上有電梯),住家用,鋼骨鋼筋混凝土造,0870729,116.71,2,2,1,有,有,有,13500,116,,0.0,0,,RPOOMLPKPHKFFFH98DC
蘆竹區,房地(土地+建物),桃園市蘆竹區中山路125巷1~30號,4197.42,住,,,1040715,土地1建物1車位0,九層,14,住宅大樓(11層含以上有電梯),住家用,鋼筋混凝土造,0910725,160.3,4,2,2,有,有,有,15000,94,,0.0,0,,RPQNMLPKPHKFFEH98DC
蘆竹區,房地(土地+建物),桃園市蘆竹區坑口里大有街1~30號,8289.0,,工業區,丁種建築用地,1040706,土地1建物1車位0,見其他登記事項,1,工廠,見其他登記事項,見其他登記事項,0880901,3204.46,0,0,0,無,無,無,480000,,,0.0,0,,RPPOMLPKPHKFFEH98DC
桃園區,房地(土地+建物),桃園市桃園區中山路781~810號,802.27,住,,,1040715,土地3建物1車位0,一層,12,住宅大樓(11層含以上有電梯),見其他登記事項,鋼筋混凝土造,0790320,351.8,0,0,0,無,無,有,122000,347,,0.0,0,,RPQRMLPKPHKFFAH98DC
桃園區,房地(土地+建物),桃園市桃園區大有路631~660號,13.64,住,,,1040624,土地1建物1車位0,十二層,15,住宅大樓(11層含以上有電梯),住家用,鋼筋混凝土造,0811111,86.85,2,1,1,有,有,有,12500,144,,0.0,0,,RPQNMLPKPHKFFAH48CC
桃園區,房地(土地+建物)+車位,桃園市桃園區寶山街211~240號,16.26,住,,,1040626,土地1建物1車位1,五層,12,住宅大樓(11層含以上有電梯),住家用,鋼筋混凝土造,0860918,105.92,3,2,1,有,有,有,18650,176,坡道平面,0.0,0,,RPRNMLPKPHKFFAH58CC
桃園區,房地(土地+建物),桃園市桃園區中華路1~30號,3.15,住,,,1040623,土地1建物1車位0,十五層,17,套房(1房1廳1衛),見其他登記事項,鋼筋混凝土造,0861224,37.97,1,1,1,有,有,有,7500,198,,0.0,0,,RPSNMLPKPHKFFAH68CC
桃園區,房地(土地+建物),桃園市桃園區中埔六街31~60號,33.95,住,,,1040623,土地1建物1車位0,七層,7,套房(1房1廳1衛),住家用,鋼筋混凝土造,0850608,171.32,1,1,1,有,無,有,8000,47,,0.0,0,,RPTNMLPKPHKFFAH78CC
桃園區,車位,桃園市桃園區大有路511~540號,0.0,,,,1040601,土地0建物0車位1,,,其他,,,,0.0,0,0,0,有,有,無,2000,,坡道平面,0.0,2000,,RPUNMLPKPHKFFAH88CC
桃園區,車位,桃園市桃園區大有路151~180號,0.0,,,,1040625,土地0建物0車位1,,,其他,,,,0.0,0,0,0,有,有,無,2000,,坡道平面,0.0,2000,,RPVNMLPKPHKFFAH98CC
桃園區,房地(土地+建物),桃園市桃園區鎮撫街31~60號,8.57,住,,,1040603,土地1建物1車位0,五層,8,華廈(10層含以下有電梯),住家用,鋼筋混凝土造,0850822,80.87,1,1,1,有,有,有,11000,136,,0.0,0,,RPXNMLPKPHKFFAH56CC
桃園區,建物,桃園市桃園區大興西路一段181~210號,0.0,住,,,1040624,土地0建物1車位0,八層,12,住宅大樓(11層含以上有電梯),住家用,鋼筋混凝土造,0830201,108.21,3,2,2,有,有,無,11840,109,,0.0,0,,RPVPMLPKPHKFFAH56CC
八德區,房地(土地+建物)+車位,桃園市八德區中華路31巷1~30號,17.81,住,,,1040624,土地1建物1車位1,十一層,15,住宅大樓(11層含以上有電梯),住家用,鋼筋混凝土造,0970425,155.76,3,2,2,有,有,有,19700,126,坡道平面,0.0,0,,RPPNMLPKPHKFFFH88CC
中壢區,房地(土地+建物),桃園市中壢區榮安一街421~450號,35.19,住,,,1040619,土地1建物1車位0,五層,12,住宅大樓(11層含以上有電梯),國民住宅,鋼筋混凝土造,0920311,204.51,4,2,2,有,無,有,16500,81,,0.0,0,,RPPOMLPKPHKFFBH58CC
桃園區,房地(土地+建物),桃園市桃園區民有六街1~30號,3.88,住,,,1040716,土地1建物1車位0,十六層,17,套房(1房1廳1衛),住家用,鋼筋混凝土造,0850118,39.97,1,1,1,有,有,有,8500,213,,0.0,0,,RPTNMLQKPHKFFAH88CC
桃園區,房地(土地+建物),桃園市桃園區大有路151~180號,4.38,住,,,1040707,土地1建物1車位0,十層,12,套房(1房1廳1衛),住家用,鋼筋混凝土造,0830318,35.72,1,1,1,有,有,有,7000,196,,0.0,0,,RPVNMLQKPHKFFAH09CC
桃園區,房地(土地+建物),桃園市桃園區大有路631~660號,6.74,住,,,1040706,土地1建物1車位0,八層,17,套房(1房1廳1衛),住家用,鋼筋混凝土造,0860901,28.82,1,1,1,有,有,有,7000,243,,0.0,0,,RPWNMLQKPHKFFAH56CC
桃園區,車位,桃園市桃園區民有五街121~150號,0.0,,,,1040707,土地0建物0車位1,,,其他,,,,0.0,0,0,0,有,無,無,1667,,坡道平面,0.0,1667,,RPXNMLQKPHKFFAH66CC
中壢區,房地(土地+建物)+車位,桃園市中壢區青商路青埔里4鄰61~90號,28.45,住,,,1040629,土地1建物1車位1,二層,12,住宅大樓(11層含以上有電梯),見其他登記事項,鋼筋混凝土造,1020828,183.22,3,2,2,有,無,有,20000,109,坡道平面,37.37,0,,RPPOMLQKPHKFFBH78DC
桃園區,房地(土地+建物),桃園市桃園區大興西路二段139巷121~150號,8.2,住,,,1040622,土地1建物1車位0,十層,13,住宅大樓(11層含以上有電梯),住家用,鋼筋混凝土造,0970424,45.14,1,0,0,無,有,有,12500,277,,0.0,0,,RPXOMLRKPHKFFAH96DC
桃園區,房地(土地+建物),桃園市桃園區大華八街1~30號,20.4,住,,,1040627,土地1建物1車位0,二層,5,公寓(5樓含以下無電梯),住家用,鋼筋混凝土造,0730601,80.94,3,2,1,有,無,無,9000,111,,0.0,0,,RPSQMLRKPHKFFAH66DC
龜山區,房地(土地+建物),桃園市龜山區大同路雅園巷1~30號,71.28,住,,,1040703,土地1建物1車位0,三層,5,公寓(5樓含以下無電梯),住家用,鋼筋混凝土造,0800402,141.26,3,2,2,有,無,無,12000,85,,0.0,0,,RPRRMLRKPHKFFAH66DC
龜山區,房地(土地+建物)+車位,桃園市龜山區文化七路91~120號,8.77,住,,,1040710,土地1建物1車位1,二層,9,華廈(10層含以下有電梯),見其他登記事項,鋼筋混凝土造,0851231,64.51,2,1,1,有,有,有,12500,194,坡道平面,0.0,0,,RPRNMLRKPHKFFAH78CC
桃園區,房地(土地+建物)+車位,桃園市桃園區中正路1081~1110號,28.0,商,,,1040716,土地1建物1車位2,十七層,32,辦公商業大樓,見其他登記事項,見其他登記事項,1011102,303.0,0,0,0,無,有,無,70000,231,坡道平面,47.54,0,,RPWNMLRKPHKFFAH66CC
蘆竹區,房地(土地+建物),桃園市蘆竹區長安路二段39巷1~30號,212.6,其他,,,1040717,土地1建物1車位0,見其他登記事項,2,廠辦,見其他登記事項,鋼筋混凝土造,0771223,305.12,0,0,0,無,無,有,33000,108,,0.0,0,,RPXNMLRKPHKFFEH17CC
龍潭區,房地(土地+建物),桃園市龍潭區百年路1~30號,26.3,,鄉村區,乙種建築用地,1040710,土地2建物1車位0,八層,12,住宅大樓(11層含以上有電梯),住家用,鋼筋混凝土造,0860130,78.78,2,2,1,有,有,有,11000,140,,0.0,0,,RPUOMLKLPHKFFCH78CC
龍潭區,房地(土地+建物)+車位,桃園市龍潭區百年二街15巷1~30號,35.89,,鄉村區,乙種建築用地,1040710,土地2建物1車位1,十三層,14,住宅大樓(11層含以上有電梯),住家用,鋼筋混凝土造,0860130,156.37,3,2,2,有,有,無,13000,83,坡道平面,40.33,0,,RPPPMLKLPHKFFCH38CC
八德區,房地(土地+建物)+車位,桃園市八德區豐吉路1~30號,34.99,住,,,1040717,土地1建物1車位1,三層,13,住宅大樓(11層含以上有電梯),住家用,鋼筋混凝土造,1031101,169.18,3,2,2,有,無,無,13500,80,坡道平面,29.37,0,,RPRNMLKLPHKFFFH68CC
蘆竹區,房地(土地+建物),桃園市蘆竹區南山北路一段161巷1~30號,20.87,,一般農業區,甲種建築用地,1040711,土地1建物1車位0,全,4,透天厝,見其他登記事項,鋼筋混凝土造,0840418,206.04,4,2,3,有,無,無,12000,58,,0.0,0,,RPXNMLKLPHKFFEH66DC
平鎮區,土地,廣平段391~420地號,144.99,其他,,,1040701,土地1建物0車位0,,,其他,,,,0.0,0,0,0,有,無,無,20000,138,,0.0,0,,RPRNMLLLPHKFFGH98DC
中壢區,房地(土地+建物),桃園市中壢區中正路二段211~240號,583.0,農,,,1040701,土地1建物1車位0,全,4,透天厝,農舍,鋼筋混凝土造,0970118,292.06,3,3,5,有,無,無,60000,205,,0.0,0,,RPQPMLLLPHKFFBH48CC
中壢區,建物,桃園市中壢區環北路1~30號,0.0,住,,,1040623,土地0建物1車位0,十一層,12,住宅大樓(11層含以上有電梯),見其他登記事項,鋼筋混凝土造,0801224,124.92,4,0,2,有,有,無,14000,112,,0.0,0,,RPXPMLLLPHKFFBH56CC
桃園區,建物,桃園市桃園區同德六街61~90號,0.0,商,,,1040625,土地0建物2車位2,一層,15,店面(店鋪),見其他登記事項,鋼筋混凝土造,1030420,1465.49,0,0,0,無,有,無,755000,515,坡道平面,0.0,0,,RPWQMLLLPHKFFAH09CC
桃園區,房地(土地+建物)+車位,桃園市桃園區新埔六街91~120號,9470.57,商,,,1040716,土地1建物1車位2,十層,25,住宅大樓(11層含以上有電梯),見其他登記事項,鋼筋混凝土造,0990422,16454.3,0,0,0,有,無,無,70000,4,坡道平面,0.0,0,,RPORMLMLPHKFFAH48CC
桃園區,房地(土地+建物)+車位,桃園市桃園區經國路181~210號,3972.0,住,,,1040429,土地1建物1車位1,二層,14,住宅大樓(11層含以上有電梯),住家用,鋼筋混凝土造,0940127,223.63,4,2,2,有,有,有,28000,125,坡道平面,0.0,0,,RPQRMLMLPHKFFAH68CC
平鎮區,房地(土地+建物)+車位,桃園市平鎮區延平路三段104巷181~210號,32.8,住,,,1040616,土地1建物1車位1,九層,11,住宅大樓(11層含以上有電梯),住家用,鋼筋混凝土造,1030827,128.78,3,2,2,有,有,有,17000,132,坡道平面,39.2,0,,RPQPMLMLPHKFFGH09CC
平鎮區,房地(土地+建物),桃園市平鎮區金陵路三段101巷1~30號,28.52,,鄉村區,乙種建築用地,1040621,土地1建物1車位0,一層,4,公寓(5樓含以下無電梯),住家用,鋼筋混凝土造,0700214,79.7,4,2,1,有,無,有,12000,151,,0.0,0,,RPRPMLMLPHKFFGH56CC
平鎮區,房地(土地+建物)+車位,桃園市平鎮區延平路二段1~30號,6.38,住,,,1040701,土地1建物1車位1,十二層,15,住宅大樓(11層含以上有電梯),住家用,鋼筋混凝土造,1001215,139.79,3,2,2,有,有,有,15000,107,坡道平面,30.41,0,,RPSPMLMLPHKFFGH66CC
蘆竹區,房地(土地+建物)+車位,桃園市蘆竹區南崁路二段61~90號,119.97,工,,,1040617,土地1建物1車位0,八層,8,辦公商業大樓,見其他登記事項,鋼筋混凝土造,0810314,522.3,0,0,0,無,無,無,32500,63,坡道平面,52.59,0,,RPSOMLMLPHKFFEH98CC
中壢區,房地(土地+建物)+車位,桃園市中壢區永福路901~930號,19.85,住,,,1040712,土地1建物1車位1,七層,7,華廈(10層含以下有電梯),住家用,鋼筋混凝土造,0950611,197.05,3,2,2,有,有,無,15000,76,坡道平面,47.57,0,,RPWNMLMLPHKFFBH09DC
大溪區,房地(土地+建物),桃園市大溪區和平路31~60號,15.8,商,,,1040718,土地1建物1車位0,五層,5,公寓(5樓含以下無電梯),住家用,鋼筋混凝土造,0830719,65.22,2,2,1,有,無,有,5000,77,,0.0,0,,RPOOMLNLPHKFFCH58DC
桃園區,房地(土地+建物),桃園市桃園區國鼎一街1~30號,8.4,住,,,1040722,土地1建物1車位0,十五層,16,住宅大樓(11層含以上有電梯),住家用,鋼筋混凝土造,0840120,72.97,2,2,1,有,有,有,9500,130,,0.0,0,,RPTOMLNLPHKFFAH78CC
桃園區,建物,桃園市桃園區永順街99巷1~30號,0.0,住,,,1040715,土地0建物1車位0,五層,14,住宅大樓(11層含以上有電梯),住家用,鋼筋混凝土造,1030915,128.98000000000002,3,2,2,有,有,有,32000,248,,0.0,0,,RPXOMLNLPHKFFAH56CC
桃園區,房地(土地+建物),桃園市桃園區大業路二段211~240號,20.95,住,,,1040718,土地1建物1車位0,一層,12,住宅大樓(11層含以上有電梯),住商用,鋼筋混凝土造,0961220,158.19,1,1,1,有,有,無,31000,196,,0.0,0,,RPQQMLNLPHKFFAH68CC
中壢區,建物,桃園市中壢區廣明路122巷1~30號,0.0,住,,,1040626,土地0建物1車位0,三層,5,公寓(5樓含以下無電梯),住家用,鋼筋混凝土造,0710107,84.53,4,1,4,有,無,有,8500,101,,0.0,0,,RPTPMLOLPHKFFBH09CC
八德區,房地(土地+建物),桃園市八德區建德路241~270號,15.25,住,,,1040719,土地1建物1車位0,十層,18,住宅大樓(11層含以上有電梯),住家用,鋼筋混凝土造,1031006,139.43,2,2,1,有,有,無,13500,97,,0.0,0,,RPPNMLOLPHKFFFH09EC
桃園區,房地(土地+建物)+車位,桃園市桃園區新埔六街91~120號,9470.57,商,,,1040716,土地1建物1車位2,十層,25,住宅大樓(11層含以上有電梯),見其他登記事項,鋼筋混凝土造,0990422,16454.63,0,0,0,有,無,無,70000,4,坡道平面,0.0,0,,RPQNMLQLPHKFFAH68CC
桃園區,房地(土地+建物)+車位,桃園市桃園區中正路1231~1260號,11.03,住,,,1040516,土地1建物1車位1,六層,21,住宅大樓(11層含以上有電梯),見其他登記事項,鋼筋混凝土造,0810323,88.26,0,0,0,無,無,有,27000,306,坡道平面,19.12,0,,RPRPMLRLPHKFFAH09CC
中壢區,房地(土地+建物),桃園市中壢區致祥一街238巷1~30號,16.02,住,,,1040726,土地1建物1車位0,全,4,透天厝,住家用,鋼筋混凝土造,0830914,32.45,1,1,1,有,無,有,7500,231,,0.0,0,,RPPPMLRLPHKFFBH98CC
龜山區,建物,桃園市龜山區南上路361~390號,259.57,工,,,1040728,土地0建物1車位0,見其他登記事項,2,廠辦,見其他登記事項,鋼筋混凝土造,0780801,426.14,0,0,0,無,無,有,55000,129,,0.0,0,,RPPPMLSLPHKFFAH98CC
平鎮區,房地(土地+建物),桃園市平鎮區新富一街181~210號,12.84,住,,,1040722,土地1建物1車位0,一層,15,店面(店鋪),見其他登記事項,鋼筋混凝土造,1010920,93.57,0,0,0,無,無,有,18000,192,,0.0,0,,RPRNMLSLPHKFFGH07DC
大園區,房地(土地+建物)+車位,桃園市大園區領航北路四段361~390號,30.48,住,,,1040717,土地1建物1車位1,十層,10,華廈(10層含以下有電梯),住家用,鋼筋混凝土造,0970401,166.67000000000002,3,2,2,有,有,無,15310,92,坡道平面,27.17,0,,RPPOMLSLPHKFFEH76DC
桃園區,房地(土地+建物),桃園市桃園區民安路122巷1~30號,18.26,住,,,1040724,土地1建物1車位0,五層,5,公寓(5樓含以下無電梯),住家用,鋼筋混凝土造,0700415,54.730000000000004,2,2,1,有,無,有,6500,119,,0.0,0,,RPTNMLSLPHKFFAH66DC
中壢區,房地(土地+建物),桃園市中壢區華勛街91~120號,148.73,住,,,1040709,土地1建物1車位0,全,1,透天厝,住家用,加強磚造,0670310,91.9,0,0,0,無,無,無,6000,65,,0.0,0,,RPURMLTLPHKFFBH27CC
中壢區,建物,桃園市中壢區普義路211~240號,0.0,住,,,1040630,土地0建物1車位0,全,2,透天厝,住家用,加強磚造,,155.67,0,0,0,無,無,無,18000,116,,0.0,0,,RPOUMLTLPHKFFBH96CC
平鎮區,房地(土地+建物),桃園市平鎮區延平路二段31~60號,4786.0,住,,,1040618,土地1建物1車位0,八層,15,住宅大樓(11層含以上有電梯),住家用,鋼筋混凝土造,1011029,66.62,4,2,2,有,有,有,17000,255,,0.0,0,,RPQNMLTLPHKFFGH96CC
中壢區,建物,桃園市中壢區環北路391~420號,0.0,住,,,1040702,土地0建物1車位0,二十層,22,辦公商業大樓,見其他登記事項,鋼筋混凝土造,0810527,213.56,0,0,0,無,有,無,20800,97,,0.0,0,,RPPOMLKMPHKFFBH28CC
桃園區,房地(土地+建物),桃園市桃園區莊敬路一段301~330號,40.36,住,,,1040708,土地1建物1車位0,一層,14,店面(店鋪),商業用,鋼筋混凝土造,0900223,222.29,0,0,0,無,無,無,65000,292,,0.0,0,,RPTQMLKMPHKFFAH78CC
桃園區,房地(土地+建物),桃園市桃園區大業路二段151~180號,40.0,住,,,1040727,土地1建物1車位0,二層,7,華廈(10層含以下有電梯),商業用,鋼筋混凝土造,0990917,165.14,0,0,0,無,有,無,10500,64,,0.0,0,,RPPRMLKMPHKFFAH48CC
桃園區,房地(土地+建物)+車位,桃園市桃園區經國路301~330號,25.81,住,,,1040720,土地1建物1車位1,十四層,19,住宅大樓(11層含以上有電梯),住家用,鋼筋混凝土造,0890304,260.84,4,2,3,有,有,有,40000,153,坡道平面,0.0,0,,RPQRMLKMPHKFFAH58CC
桃園區,房地(土地+建物),桃園市桃園區永安路931~960號,86.0,住,,,1040720,土地1建物1車位0,全,2,透天厝,住商用,加強磚造,0650715,55.36,0,0,1,有,無,有,18000,325,,0.0,0,,RPUPMLKMPHKFFAH88DC
八德區,房地(土地+建物),桃園市八德區建興街130巷6弄1~30號,79.36,住,,,1040714,土地1建物1車位0,全,5,透天厝,見其他登記事項,鋼筋混凝土造,0870421,222.57,5,2,4,有,無,有,15000,67,,0.0,0,,RPRNMLKMPHKFFFH98EC
龍潭區,土地,五福段31~60地號,345.59,農,,,1040703,土地3建物0車位0,,,其他,,,,0.0,0,0,0,有,無,無,57750,167,,0.0,0,,RPRNMLLMPHKFFCH68DC
中壢區,房地(土地+建物),桃園市中壢區中平路181~210號,139.0,住,,,1040707,土地2建物1車位0,一層,5,店面(店鋪),住商用,鋼筋混凝土造,0730320,100.16,0,0,0,無,無,無,90000,899,,0.0,0,,RPRSMLLMPHKFFBH09DC
中壢區,建物,桃園市中壢區普義路211~240號,0.0,住,,,1040630,土地0建物1車位0,全,2,透天厝,住家用,加強磚造,,66.12,0,0,0,無,無,無,18000,272,,0.0,0,,RPXPMLLMPHKFFBH66CC
中壢區,建物,桃園市中壢區後寮一路91~120號,0.0,住,,,1040715,土地0建物1車位0,一層,13,店面(店鋪),商業用,鋼筋混凝土造,0850829,91.5,0,0,0,無,有,無,22000,240,,0.0,0,,RPWRMLLMPHKFFBH76CC
