﻿編號,屋齡,建物移轉面積平方公尺,主要用途,主要建材,建築完成日期,總層數,建物分層
The serial number,room age,building shifting area square meter,the main use,main building materials,construction completes the date,total layer,building lamination
RPTNMLPJNHKFFDH88DC,27,186.77,住家用,鋼筋混凝土造,77年8月8日,四層,
RPPNMLNJNHKFFEH38DC,19,128.24,住家用,鋼筋混凝土造,85年4月9日,十三層,
RPPNMLNJNHKFFEH38DC,19,9.31,住家用,鋼筋混凝土造,85年4月9日,十三層,
RPPNMLNJNHKFFEH38DC,19,10.80,共有部份,鋼筋混凝土造,85年4月9日,十三層,
RPPNMLNJNHKFFEH38DC,19,23.09,共有部份,鋼筋混凝土造,85年4月9日,十三層,
RPOQMLPJNHKFFCH48CC,20,52.83,住家用,鋼筋混凝土造,83年12月15日,十層,
RPQNMLQJNHKFFEH78DC,6,58.03,見其他登記事項,鋼筋混凝土造,98年6月3日,五層,
RPOOMLLJNHKFFAH67CC,34,92.86,住家用,鋼筋混凝土造,70年2月2日,五層,
RPUOMLOJNHKFFAH58CC,9,223.63,住家用,鋼筋混凝土造,94年1月27日,十四層,
RPXOMLLJNHKFFAH58CC,30,3124.00,見其他登記事項,鋼筋混凝土造,73年11月19日,二層,
RPUNMLLJNHKFFAH18CC,17,27.27,見其他登記事項,鋼筋混凝土造,86年12月24日,十七層,
RPUNMLLJNHKFFAH18CC,17,3.24,共有部份,鋼筋混凝土造,86年12月24日,十七層,
RPUNMLLJNHKFFAH18CC,17,8.34,共有部份,鋼筋混凝土造,86年12月24日,十七層,
RPRNMLQJNHKFFEH88DC,6,231.23,見其他登記事項,鋼筋混凝土造,98年6月3日,五層,
RPSRMLQJNHKFFAH88CC,37,89.57,住家用,鋼筋混凝土造,67年8月9日,五層,
RPURMLQJNHKFFAH56DC,1,91.32,住家用,鋼筋混凝土造,103年1月10日,十四層,
RPWRMLQJNHKFFAH66CC,29,98.74,住家用,鋼筋混凝土造,74年10月29日,五層,
RPTNMLLJNHKFFFH78EC,1,96.92,住家用,鋼筋混凝土造,103年6月23日,十五層,
RPQNMLQJNHKFFFH98EC,2,109.47,住家用,鋼筋混凝土造,102年5月3日,十七層,
RPTNMLLJNHKFFFH78EC,1,51.42,見其他登記事項,鋼筋混凝土造,103年6月23日,十五層,
RPQNMLQJNHKFFFH98EC,2,18.39,見其他登記事項,鋼筋混凝土造,102年5月3日,十九層,
RPTNMLLJNHKFFFH78EC,1,19.84,見其他登記事項,鋼筋混凝土造,103年6月23日,十五層,
RPRTMLPJNHKFFFH86DC,6,73.18,住家用,鋼筋混凝土造,98年10月16日,十五層,
RPQNMLQJNHKFFFH98EC,2,35.86,見其他登記事項,鋼筋混凝土造,102年5月3日,十九層,
RPRTMLPJNHKFFFH86DC,6,14.60,見其他登記事項,鋼筋混凝土造,98年10月16日,十五層,
RPQNMLQJNHKFFFH98EC,2,33.87,見其他登記事項,鋼筋混凝土造,102年5月3日,十七層,
RPRTMLPJNHKFFFH86DC,6,13.77,見其他登記事項,鋼筋混凝土造,98年10月16日,十五層,
RPROMLLJNHKFFFH48CC,6,72.56,住家用,鋼筋混凝土造,98年10月16日,十五層,
RPROMLLJNHKFFFH48CC,6,43.15,見其他登記事項,鋼筋混凝土造,98年10月16日,十五層,
RPROMLLJNHKFFFH48CC,6,12.71,見其他登記事項,鋼筋混凝土造,98年10月16日,十五層,
RPUNMLLJNHKFFFH88EC,1,91.88,住家用,鋼筋混凝土造,103年6月23日,十五層,
RPUNMLLJNHKFFFH88EC,1,50.36,見其他登記事項,鋼筋混凝土造,103年6月23日,十五層,
RPUNMLLJNHKFFFH88EC,1,19.16,見其他登記事項,鋼筋混凝土造,103年6月23日,十五層,
RPUPMLQJNHKFFGH86CC,11,138.55,見其他登記事項,鋼筋混凝土造,93年4月2日,十四層,
RPUPMLQJNHKFFGH86CC,11,28.12,共有部份,鋼筋混凝土造,93年4月2日,十四層,
RPUPMLQJNHKFFGH86CC,11,3.71,共有部份,鋼筋混凝土造,93年4月2日,十四層,
RPUPMLQJNHKFFGH86CC,11,11.31,共有部份,鋼筋混凝土造,93年4月2日,十四層,
RPWOMLRJNHKFFFH96CC,1,73.75,住家用,鋼筋混凝土造,103年10月6日,十八層,
RPWOMLRJNHKFFFH96CC,1,15.05,見其他登記事項,鋼筋混凝土造,103年10月6日,十八層,
RPWOMLRJNHKFFFH96CC,1,20.36,見其他登記事項,鋼筋混凝土造,103年10月6日,十八層,
RPWOMLRJNHKFFFH96CC,1,33.07,見其他登記事項,鋼筋混凝土造,103年10月6日,十八層,
RPROMLRJNHKFFFH09CC,1,73.75,住家用,鋼筋混凝土造,103年10月6日,十八層,
RPROMLRJNHKFFFH09CC,1,15.05,見其他登記事項,鋼筋混凝土造,103年10月6日,十八層,
RPROMLRJNHKFFFH09CC,1,20.36,見其他登記事項,鋼筋混凝土造,103年10月6日,十八層,
RPROMLRJNHKFFFH09CC,1,.46,見其他登記事項,鋼筋混凝土造,103年10月6日,十八層,
RPROMLRJNHKFFFH09CC,1,.01,見其他登記事項,鋼筋混凝土造,103年10月6日,十八層,
RPSOMLRJNHKFFAH78DC,8,169.45,住商用,鋼筋混凝土造,96年7月26日,七層,
RPOOMLRJNHKFFAH38DC,12,106.69,住家用,鋼筋混凝土造,91年12月23日,八層,
RPWOMLRJNHKFFAH56DC,33,41.93,見其他登記事項,鋼筋混凝土造,70年12月30日,五層,
RPVNMLRJNHKFFEH76DC,10,9.63,住家用,鋼筋混凝土造,94年7月1日,四層,
RPQNMLRJNHKFFEH88DC,10,59.33,住家用,鋼筋混凝土造,93年12月10日,十二層,
RPQNMLRJNHKFFEH88DC,10,20.94,共有部份,鋼筋混凝土造,93年12月10日,十二層,
RPSNMLSJNHKFFEH56DC,22,158.64,工業用,鋼筋混凝土造,82年5月14日,八層,
RPWNMLRJNHKFFEH86DC,19,84.68,住家用,鋼筋混凝土造,85年8月23日,十一層,
RPWNMLRJNHKFFEH86DC,19,13.25,住家用,鋼筋混凝土造,85年8月23日,十一層,
RPWNMLRJNHKFFEH86DC,19,3.04,住家用,鋼筋混凝土造,85年8月23日,十一層,
RPWNMLRJNHKFFEH86DC,19,12.82,住家用,鋼筋混凝土造,85年8月23日,十一層,
RPWNMLRJNHKFFEH86DC,19,11.44,住家用,鋼筋混凝土造,85年8月23日,十一層,
RPXNMLSJNHKFFEH07DC,18,60.60,住家用,鋼筋混凝土造,86年1月22日,二十七層,
RPVNMLRJNHKFFCH09CC,14,336.00,見其他登記事項,見其他登記事項,90年4月24日,二層,
RPTNMLRJNHKFFCH88CC,8,83.96,住家用,鋼筋混凝土造,96年9月30日,十三層,
RPTNMLRJNHKFFCH88CC,8,49.06,見其他登記事項,鋼筋混凝土造,96年9月30日,十三層,
RPTNMLRJNHKFFCH88CC,8,20.05,見其他登記事項,鋼筋混凝土造,96年9月30日,十三層,
RPXQMLQJNHKFFBH76CC,6,286.00,見其他登記事項,鋼筋混凝土造,97年11月6日,四層,
RPPNMLMKNHKFFEH28CC,19,29.40,住家用,鋼筋混凝土造,85年5月28日,十六層,
RPRRMLRJNHKFFBH98CC,23,56.19,住商用,鋼筋混凝土造,80年11月22日,五層,
RPRRMLRJNHKFFBH98CC,23,6.00,共有部分,鋼筋混凝土造,80年11月22日,五層,
RPTNMLLKNHKFFBH28CC,15,21.48,住家用,鋼筋混凝土造,89年1月20日,九層,
RPTNMLLKNHKFFBH28CC,15,8.41,共有部分,鋼筋混凝土造,89年1月20日,九層,
RPPPMLLKNHKFFBH08CC,20,87.79,住家用,鋼筋混凝土造,84年5月18日,九層,
RPPPMLLKNHKFFBH08CC,20,1.52,共有部分,鋼筋混凝土造,84年5月18日,九層,
RPPPMLLKNHKFFBH08CC,20,4.19,共有部分,鋼筋混凝土造,84年5月18日,九層,
RPPPMLLKNHKFFBH08CC,20,18.15,共有部分,鋼筋混凝土造,84年5月18日,九層,
RPSOMLRJNHKFFBH78CC,21,62.15,住家用,鋼筋混凝土造,83年5月16日,七層,
RPSOMLRJNHKFFBH78CC,21,10.17,共有部份,鋼筋混凝土造,83年5月16日,七層,
RPSOMLRJNHKFFBH78CC,21,12.12,共有部份,鋼筋混凝土造,83年5月16日,七層,
RPRNMLSJNHKFFBH68CC,7,121.09,見其他登記事項,鋼筋混凝土造,97年9月25日,十五層,
RPRNMLSJNHKFFBH68CC,7,21.00,共有部分,鋼筋混凝土造,97年9月25日,十五層,
RPRNMLSJNHKFFBH68CC,7,62.23,共有部分,鋼筋混凝土造,97年9月25日,十五層,
RPWNMLSJNHKFFBH56CC,6,96.67,住家用,鋼筋混凝土造,98年6月29日,二十二層,
RPWNMLSJNHKFFBH56CC,6,4.44,共有部分,鋼筋混凝土造,98年6月29日,二十二層,
RPWNMLSJNHKFFBH56CC,6,5.19,共有部分,鋼筋混凝土造,98年6月29日,二十二層,
RPWNMLSJNHKFFBH56CC,6,13.32,共有部分,鋼筋混凝土造,98年6月29日,二十二層,
RPUNMLLKNHKFFGH88CC,20,97.34,住家用,鋼筋混凝土造,84年4月26日,八層,
RPUNMLLKNHKFFGH88CC,20,53.91,共有部份,鋼筋混凝土造,84年4月26日,八層,
RPWNMLNKNHKFFGH66CC,19,207.60,見其他登記事項,鋼筋混凝土造,84年12月29日,二層,
RPSNMLOKNHKFFFH88CC,18,123.07,住家用,鋼筋混凝土造,86年4月2日,九層,
RPPOMLOKNHKFFEH58CC,20,130.00,住家用,鋼筋混凝土造,84年9月25日,二十層,
RPPOMLOKNHKFFBH28CC,2,81.16,見其他登記事項,鋼筋混凝土造,102年5月31日,十二層,
RPPOMLOKNHKFFBH28CC,2,13.64,見其他登記事項,鋼筋混凝土造,102年5月31日,十二層,
RPPOMLOKNHKFFBH28CC,2,23.28,見其他登記事項,鋼筋混凝土造,102年5月31日,十二層,
RPPOMLOKNHKFFBH28CC,2,20.23,見其他登記事項,鋼筋混凝土造,102年5月31日,十二層,
RPROMLOKNHKFFBH48CC,21,231.39,住家用,鋼筋混凝土造,83年1月5日,四層,
RPSOMLOKNHKFFBH58CC,24,111.03,住家用,鋼筋混凝土造,79年11月27日,十五層,
RPSOMLOKNHKFFBH58CC,24,2.21,共有部分,鋼筋混凝土造,79年11月27日,十五層,
RPSOMLOKNHKFFBH58CC,24,11.13,共有部分,鋼筋混凝土造,79年11月27日,十五層,
RPXNMLPKNHKFFBH56DC,4,69.37,商業用,鋼筋混凝土造,100年6月28日,十五層,
RPOOMLPKNHKFFBH38DC,5,174.99,見其他登記事項,鋼筋混凝土造,99年4月30日,四層,
RPQNMLMKNHKFFAH08DC,18,52.94,住家用,鋼筋混凝土造,86年9月18日,十二層,
RPSOMLPKNHKFFBH78DC,17,214.83,住家用,鋼筋混凝土造,87年8月5日,七層,
RPSUMLSJNHKFFAH76CC,23,78.02,住家用,鋼筋混凝土造,81年8月7日,五層,
RPSUMLSJNHKFFAH76CC,23,41.70,共有部份,鋼筋混凝土造,81年8月7日,五層,
RPTPMLNKNHKFFAH58CC,10,94.15,商業用,鋼筋混凝土造,94年4月11日,十二層,
RPUNMLNKNHKFFAH58DC,23,68.75,住家用,鋼筋混凝土造,81年6月1日,九層,
RPTNMLOKNHKFFAH48CC,1,173.65,見其他登記事項,鋼筋混凝土造,103年4月20日,十五層,
RPUOMLSJNHKFFAH09DC,19,93.26,住家用,鋼筋混凝土造,85年7月13日,十一層,
RPXPMLOKNHKFFAH09CC,1,118.56,見其他登記事項,鋼筋混凝土造,103年4月20日,十五層,
RPRNMLOKNHKFFAH28CC,1,173.65,見其他登記事項,鋼筋混凝土造,103年4月20日,十五層,
RPTOMLOKNHKFFAH58CC,20,67.31,住家用,鋼筋混凝土造,84年5月20日,十二層,
RPTOMLOKNHKFFAH58CC,20,12.15,共有部份,鋼筋混凝土造,84年5月20日,十二層,
RPTOMLOKNHKFFAH58CC,20,6.77,共有部份,鋼筋混凝土造,84年5月20日,十三層,
RPTOMLOKNHKFFAH58CC,20,16.99,共有部份,鋼筋混凝土造,84年5月20日,十三層,
RPRNMLSKNHKFFEH56DC,29,265.10,農舍,鋼筋混凝土造,75年4月30日,二層,
RPTQMLPKNHKFFAH98DC,20,111.55,住家用,鋼筋混凝土造,84年4月19日,十八層,
RPVPMLPKNHKFFAH09DC,3,85.19,住家用,鋼筋混凝土造,101年10月19日,十三層,
RPVPMLPKNHKFFAH09DC,3,23.08,見其他登記事項,鋼筋混凝土造,101年10月19日,十三層,
RPVPMLPKNHKFFAH09DC,3,48.16,見其他登記事項,鋼筋混凝土造,101年10月19日,十三層,
RPSOMLSKNHKFFFH76CC,20,79.72,住家用,鋼筋混凝土造,84年10月18日,七層,
RPSOMLSKNHKFFFH76CC,20,6.29,共有部分,鋼筋混凝土造,84年10月18日,七層,
RPSOMLSKNHKFFFH76CC,20,4.93,共有部分,鋼筋混凝土造,84年10月18日,七層,
RPSOMLSKNHKFFFH76CC,20,13.22,共有部分,鋼筋混凝土造,84年10月18日,七層,
RPTOMLSKNHKFFFH86CC,42,43.67,住家用,磚造,62年8月1日,一層,
RPPOMLSKNHKFFBH78DC,31,73.78,住家用,鋼筋混凝土造,72年12月30日,五層,
RPQOMLSKNHKFFBH78CC,23,91.39,住家用,鋼筋混凝土造,81年4月13日,五層,
RPQOMLSKNHKFFBH78CC,23,11.86,共有部分,鋼筋混凝土造,81年4月13日,五層,
RPRNMLTKNHKFFBH88CC,43,85.18,住家用,加強磚造,61年4月1日,二層,
RPSOMLTKNHKFFFH86CC,37,16.50,住家用,加強磚造,67年10月29日,二層,
RPTNMLTKNHKFFFH07EC,7,83.53,住家用,鋼筋混凝土造,97年9月19日,十層,
RPTNMLTKNHKFFFH07EC,7,32.28,共有部分,鋼筋混凝土造,97年9月19日,十層,
RPTNMLTKNHKFFFH07EC,7,4.03,共有部分,鋼筋混凝土造,97年9月19日,十層,
RPQNMLSKNHKFFGH66DC,38,108.16,住家用,加強磚造,65年12月31日,二層,
RPRNMLSKNHKFFGH86EC,21,96.48,住家用,鋼筋混凝土造,82年12月10日,十五層,
RPRNMLSKNHKFFGH86EC,21,15.23,共有部份,鋼筋混凝土造,82年12月10日,十五層,
RPRNMLSKNHKFFGH86EC,21,10.69,共有部份,鋼筋混凝土造,82年12月10日,十五層,
RPSNMLSKNHKFFGH86DC,23,37.67,住家用,鋼筋混凝土造,81年1月23日,九層,
RPSNMLSKNHKFFGH86DC,23,4.32,住家用,鋼筋混凝土造,81年1月23日,九層,
RPSNMLSKNHKFFGH86DC,23,.87,住家用,鋼筋混凝土造,81年1月23日,九層,
RPSNMLSKNHKFFGH86DC,23,4.39,共有部份,鋼筋混凝土造,81年1月23日,九層,
RPSNMLSKNHKFFGH86DC,23,9.11,共有部份,鋼筋混凝土造,81年1月23日,九層,
RPWPMLKLNHKFFBH78CC,18,91.84,住家用,鋼筋混凝土造,86年2月27日,十七層,
RPWPMLKLNHKFFBH78CC,18,13.26,共有部份,鋼筋混凝土造,86年2月27日,十七層,
RPWPMLKLNHKFFBH78CC,18,1.86,共有部份,鋼筋混凝土造,86年2月27日,十七層,
RPOPMLSKNHKFFAH68DC,12,102.86,住家用,鋼筋混凝土造,92年8月19日,十三層,
RPVNMLSKNHKFFAH09CC,24,206.71,見其他登記事項,鋼筋混凝土造,79年11月16日,十二層,
RPVNMLSKNHKFFAH09CC,24,44.07,共有部份,鋼筋混凝土造,79年11月16日,十二層,
RPWNMLSKNHKFFAH56CC,21,70.17,見其他登記事項,鋼筋混凝土造,83年6月2日,十六層,
RPWPMLSKNHKFFAH76CC,28,89.00,見其他登記事項,鋼筋混凝土造,76年3月28日,五層,
RPWNMLSKNHKFFAH56CC,21,27.17,共有部份,鋼筋混凝土造,83年6月2日,十六層,
RPUQMLSKNHKFFAH66CC,1,188.87,見其他登記事項,鋼筋混凝土造,103年4月20日,十五層,
RPXNMLKLNHKFFAH58CC,19,2746.36,見其他登記事項,鋼筋混凝土造,85年3月22日,四層,
RPUNMLKLNHKFFEH68CC,12,1731.00,見其他登記事項,見其他登記事項,92年8月28日,三層,
RPVNMLKLNHKFFCH68DC,7,221.93,見其他登記事項,鋼筋混凝土造,96年10月25日,四層,
RPVNMLKLNHKFFCH68DC,7,3.21,見其他登記事項,鋼筋混凝土造,96年10月25日,七層,
RPUNMLLLNHKFFAH38CC,26,125.06,住家用,鋼筋混凝土造,77年11月21日,五層,
RPPNMLLLNHKFFFH58EC,35,107.14,住家用,鋼筋混凝土造,69年10月2日,五層,
RPTRMLMLNHKFFAH78CC,11,87.95,住家用,鋼筋混凝土造,93年3月10日,十四層,
RPVRMLMLNHKFFAH98CC,14,90.02,住家用,鋼筋混凝土造,90年8月3日,十四層,
RPVRMLMLNHKFFAH98CC,14,15.61,共有部份,鋼筋混凝土造,90年8月3日,十四層,
RPVRMLMLNHKFFAH98CC,14,13.40,共有部份,鋼筋混凝土造,90年8月3日,十四層,
RPURMLMLNHKFFBH98CC,19,49.79,住商用,鋼筋混凝土造,85年3月19日,三層,
RPPQMLMLNHKFFAH38DC,9,200.87,住商用,鋼筋混凝土造,95年5月29日,十二層,
RPPNMLNLNHKFFAH18DC,19,92.24,見其他登記事項,鋼筋混凝土造,85年3月26日,五層,
RPPNMLNLNHKFFAH18DC,19,16.21,共有部份,鋼筋混凝土造,85年3月26日,五層,
RPUPMLMLNHKFFAH78DC,2,70.00,住家用,鋼筋混凝土造,102年9月12日,四層,
RPRNMLNLNHKFFAH38DC,4,76.90,住家用,鋼筋混凝土造,100年11月16日,九層,
RPSPMLMLNHKFFAH58DC,2,70.00,住家用,鋼筋混凝土造,102年9月12日,四層,
RPPOMLPLNHKFFBH58DC,29,131.01,住家用,加強磚造,75年7月4日,三層,
RPUPMLQLNHKFFBH56CC,53,102.64,住家用,加強磚造,51年1月1日,二層,
RPXNMLPLNHKFFBH66DC,30,89.44,住家用,鋼筋混凝土造,74年2月5日,五層,
RPUNMLPLNHKFFAH78CC,32,79.41,住家用,鋼筋混凝土造,72年9月17日,五層,
RPPPMLPLNHKFFBH58CC,18,92.22,住家用,鋼筋混凝土造,86年10月2日,十層,
RPPPMLPLNHKFFBH58CC,18,43.10,共有部份,鋼筋混凝土造,86年10月2日,十層,
RPPPMLPLNHKFFBH58CC,18,5.21,共有部份,鋼筋混凝土造,86年10月2日,十層,
RPPPMLPLNHKFFBH58CC,18,14.81,共有部份,鋼筋混凝土造,86年10月2日,十層,
RPUOMLPLNHKFFDH76EC,20,62.13,住家用,鋼筋混凝土造,84年6月6日,五層,
RPUOMLPLNHKFFDH76EC,20,7.80,共同使用部份,鋼筋混凝土造,84年6月6日,四層,
RPUOMLPLNHKFFDH76EC,20,4.43,共同使用部份,鋼筋混凝土造,84年6月6日,000,
RPOOMLPLNHKFFBH48DC,1,125.39,住家用,鋼筋混凝土造,102年12月2日,四層,
RPWPMLQLNHKFFBH76CC,3,87.43,見其他登記事項,鋼筋混凝土造,100年12月15日,十五層,
RPWPMLQLNHKFFBH76CC,3,62.47,見其他登記事項,鋼筋混凝土造,100年12月15日,十五層,
RPRNMLRLNHKFFEH56DC,8,56.14,住家用,鋼筋混凝土造,96年6月4日,十一層,
RPOOMLPLNHKFFEH78DC,7,59.00,見其他登記事項,鋼筋混凝土造,97年6月20日,十二層,
RPVPMLPLNHKFFEH96DC,34,59.36,住商用,加強磚造,70年2月1日,三層,
RPUNMLQLNHKFFFH96EC,27,2519.67,見其他登記事項,鋼筋混凝土造,76年11月17日,二層,
RPWNMLRLNHKFFBH66CC,4,57.50,見其他登記事項,鋼筋混凝土造,100年6月28日,十五層,
RPWNMLRLNHKFFBH66CC,4,18.86,見其他登記事項,鋼筋混凝土造,100年6月28日,十五層,
RPSOMLQLNHKFFGH76CC,36,147.92,住家用,加強磚造,67年12月26日,二層,
RPOOMLRLNHKFFFH09DC,25,186.46,見其他登記事項,鋼筋混凝土造,79年9月24日,四層,
RPOOMLRLNHKFFFH09DC,25,28.80,共有部分,鋼筋混凝土造,79年9月24日,四層,
RPWNMLRLNHKFFEH17EC,8,56.14,住家用,鋼筋混凝土造,96年6月4日,十一層,
RPUOMLRLNHKFFFH07DC,24,84.45,住家用,鋼筋混凝土造,80年9月2日,五層,
RPUOMLRLNHKFFFH07DC,24,8.57,共有部份,鋼筋混凝土造,80年9月2日,五層,
RPRPMLRLNHKFFAH88CC,24,288.79,見其他登記事項,鋼筋混凝土造,79年11月23日,三層,
RPXNMLRLNHKFFAH66CC,17,24.05,住家用,鋼筋混凝土造,86年12月2日,十六層,
RPXNMLRLNHKFFAH66CC,17,.10,見其他登記事項,鋼筋混凝土造,86年12月2日,十六層,
RPXNMLRLNHKFFAH66CC,17,3.77,共有部份,鋼筋混凝土造,86年12月2日,十六層,
RPXNMLRLNHKFFAH66CC,17,6.72,共有部份,鋼筋混凝土造,86年12月2日,十六層,
RPQNMLQLNHKFFEH98DC,17,20.00,見其他登記事項,鋼筋混凝土造,87年4月21日,二層,
RPQNMLQLNHKFFEH98DC,17,42.81,見其他登記事項,鋼筋混凝土造,87年4月21日,二層,
RPQNMLQLNHKFFEH98DC,17,61.81,見其他登記事項,鋼筋混凝土造,87年4月21日,二層,
RPQNMLQLNHKFFEH98DC,17,7.87,見其他登記事項,鋼筋混凝土造,87年4月21日,二層,
RPQNMLQLNHKFFEH98DC,17,6.88,見其他登記事項,鋼筋混凝土造,87年4月21日,二層,
RPWNMLKLNHKFFCH78DC,1,90.78,見其他登記事項,鋼筋混凝土造,103年1月13日,十七層,
RPWNMLKLNHKFFCH78DC,1,19.36,見其他登記事項,鋼筋混凝土造,103年1月13日,十七層,
RPWNMLKLNHKFFCH78DC,1,22.48,見其他登記事項,鋼筋混凝土造,103年1月13日,十七層,
RPURMLRLNHKFFAH76CC,21,120.62,住家用,鋼筋混凝土造,83年11月5日,五層,
RPPNMLTLNHKFFFH76EC,36,23.10,住家用,加強磚造,67年10月29日,二層,
RPRPMLSLNHKFFFH96DC,1,69.08,住家用,鋼筋混凝土造,103年8月11日,十五層,
RPRPMLSLNHKFFFH96DC,1,31.84,見其他登記事項,鋼筋混凝土造,103年8月11日,十五層,
RPQOMLTLNHKFFFH96EC,1,62.71,住家用,鋼筋混凝土造,103年6月23日,十五層,
RPQOMLTLNHKFFFH96EC,1,43.62,見其他登記事項,鋼筋混凝土造,103年6月23日,十五層,
RPQOMLTLNHKFFFH96EC,1,12.89,見其他登記事項,鋼筋混凝土造,103年6月23日,十五層,
RPRPMLTLNHKFFBH56CC,40,40.74,住家用,加強磚造,64年3月8日,二層,
RPRPMLTLNHKFFAH56DC,3,206.69,住商用,鋼筋混凝土造,101年6月10日,十二層,
RPQQMLTLNHKFFBH66DC,7,73.31,住家用,鋼筋混凝土造,97年4月6日,二十二層,
RPROMLTLNHKFFFH07EC,3,52.49,見其他登記事項,鋼筋混凝土造,100年10月24日,十四層,
RPROMLTLNHKFFFH07EC,3,16.99,見其他登記事項,鋼筋混凝土造,100年10月24日,十四層,
RPROMLTLNHKFFFH07EC,3,22.44,見其他登記事項,鋼筋混凝土造,100年10月24日,十四層,
RPXQMLTLNHKFFBH27CC,6,133.50,住家用,鋼筋混凝土造,98年6月29日,二十二層,
RPXQMLTLNHKFFBH27CC,6,6.03,共有部分,鋼筋混凝土造,98年6月29日,二十二層,
RPXQMLTLNHKFFBH27CC,6,6.66,共有部分,鋼筋混凝土造,98年6月29日,二十二層,
RPXQMLTLNHKFFBH27CC,6,14.97,共有部分,鋼筋混凝土造,98年6月29日,二十二層,
RPXQMLTLNHKFFBH27CC,6,34.62,共有部分,鋼筋混凝土造,98年6月29日,二十二層,
RPSOMLTLNHKFFFH96CC,1,144.59,住家用,鋼筋混凝土造,103年5月26日,十三層,
RPROMLKMNHKFFAH18CC,24,86.13,住家用,鋼筋混凝土造,80年6月19日,六層,
RPROMLKMNHKFFAH18CC,24,13.78,共有部份,鋼筋混凝土造,80年6月19日,六層,
RPWOMLKMNHKFFAH68CC,12,61.68,住家用,鋼筋混凝土造,92年8月19日,十四層,
RPWOMLKMNHKFFAH68CC,12,11.24,共有部份,鋼筋混凝土造,92年8月19日,十四層,
RPWOMLKMNHKFFAH68CC,12,11.51,共有部份,鋼筋混凝土造,92年8月19日,十四層,
RPQOMLKMNHKFFAH08CC,24,75.93,住家用,鋼筋混凝土造,80年10月24日,七層,
RPQOMLKMNHKFFAH08CC,24,3.27,共有部份,鋼筋混凝土造,80年10月24日,七層,
RPVOMLKMNHKFFAH58CC,21,25.09,住家用,鋼筋混凝土造,83年3月18日,十二層,
RPVOMLKMNHKFFAH58CC,21,10.77,共有部份,鋼筋混凝土造,83年3月18日,十二層,
RPTOMLKMNHKFFAH38CC,17,68.59,住家用,鋼筋混凝土造,86年11月17日,十四層,
RPTOMLKMNHKFFAH38CC,17,16.73,共有部份,鋼筋混凝土造,86年11月17日,十四層,
RPTOMLKMNHKFFAH38CC,17,14.11,共有部份,鋼筋混凝土造,86年11月17日,十四層,
RPTOMLKMNHKFFAH38CC,17,23.48,共有部份,鋼筋混凝土造,86年11月17日,十四層,
RPTOMLKMNHKFFAH38CC,17,5.68,共有部份,鋼筋混凝土造,86年11月17日,十四層,
RPUOMLKMNHKFFAH48CC,10,41.62,住家用,鋼筋混凝土造,94年4月11日,十層,
RPUOMLKMNHKFFAH48CC,10,52.69,共有部份,鋼筋混凝土造,94年4月11日,十二層,
RPOPMLKMNHKFFAH97CC,19,27.65,見其他登記事項,鋼筋混凝土造,85年2月12日,十二層,
RPOPMLKMNHKFFAH97CC,19,11.36,共有部份,鋼筋混凝土造,85年2月12日,十二層,
RPPOMLKMNHKFFAH97CC,16,60.36,住家用,鋼筋混凝土造,88年1月11日,二十一層,
RPPOMLKMNHKFFAH97CC,16,10.16,共有部份,鋼筋混凝土造,88年1月11日,二十一層,
RPPOMLKMNHKFFAH97CC,16,4.38,共有部份,鋼筋混凝土造,88年1月11日,二十二層,
RPXOMLKMNHKFFAH78CC,4,64.59,住家用,鋼筋混凝土造,100年5月2日,九層,
RPXOMLKMNHKFFAH78CC,4,20.10,見其他登記事項,鋼筋混凝土造,100年5月2日,十二層,
RPXOMLKMNHKFFAH78CC,4,51.07,見其他登記事項,鋼筋混凝土造,100年5月2日,十二層,
RPQPMLKMNHKFFAH18CC,34,53.43,住家用,鋼筋混凝土造,70年10月20日,五層,
RPQPMLKMNHKFFAH18CC,34,53.43,住家用,鋼筋混凝土造,70年10月20日,五層,
RPPPMLKMNHKFFAH08CC,16,93.44,住家用,鋼筋混凝土造,88年3月18日,八層,
RPPPMLKMNHKFFAH08CC,16,16.74,共有部份,鋼筋混凝土造,88年3月18日,八層,
RPPPMLKMNHKFFAH08CC,16,4.28,共有部份,鋼筋混凝土造,88年3月18日,八層,
RPPPMLKMNHKFFAH08CC,16,42.15,共有部份,鋼筋混凝土造,88年3月18日,八層,
RPRPMLKMNHKFFAH28CC,35,24.39,見其他登記事項,鋼筋混凝土造,69年10月7日,十二層,
RPRPMLKMNHKFFAH28CC,35,7.34,共有部份,鋼筋混凝土造,69年10月7日,十二層,
RPSPMLKMNHKFFAH38CC,20,79.56,住家用,鋼筋混凝土造,84年9月14日,十六層,
RPSPMLKMNHKFFAH38CC,20,15.42,共有部份,鋼筋混凝土造,84年9月14日,十六層,
RPSPMLKMNHKFFAH38CC,20,1.17,共有部份,鋼筋混凝土造,84年9月14日,十六層,
RPSPMLKMNHKFFAH38CC,20,13.19,共有部份,鋼筋混凝土造,84年9月14日,十六層,
RPTPMLKMNHKFFAH48CC,11,53.45,住家用,鋼筋混凝土造,93年9月15日,八層,
RPTPMLKMNHKFFAH48CC,11,5.07,共有部份,鋼筋混凝土造,93年9月15日,九層,
RPTPMLKMNHKFFAH48CC,11,16.63,共有部份,鋼筋混凝土造,93年9月15日,八層,
RPUPMLLJOHKFFBH58CC,27,105.84,住家用,鋼筋混凝土造,77年2月3日,五層,
RPVQMLLJOHKFFAH68CC,36,100.00,住家用,鋼筋混凝土造,68年2月24日,四層,
RPSPMLLJOHKFFBH38CC,17,51.45,商業用,鋼筋混凝土造,87年5月13日,十四層,
RPSPMLLJOHKFFBH38CC,17,2.98,共有部分,鋼筋混凝土造,87年5月13日,十四層,
RPSPMLLJOHKFFBH38CC,17,.61,共有部分,鋼筋混凝土造,87年5月13日,十四層,
RPXNMLMJOHKFFAH68CC,19,30.00,住家用,鋼筋混凝土造,85年1月18日,十七層,
RPSPMLLJOHKFFBH38CC,17,2.06,共有部分,鋼筋混凝土造,87年5月13日,十四層,
RPXNMLMJOHKFFAH68CC,19,12.56,共有部份,鋼筋混凝土造,85年1月18日,十七層,
RPSQMLMJOHKFFAH48CC,17,83.85,住家用,鋼筋混凝土造,87年8月5日,九層,
RPSQMLMJOHKFFAH48CC,17,12.98,共有部份,鋼筋混凝土造,87年8月5日,九層,
RPSQMLMJOHKFFAH48CC,17,12.50,共有部份,鋼筋混凝土造,87年8月5日,九層,
RPRPMLMJOHKFFBH48DC,6,42.72,住家用,鋼筋混凝土造,98年6月29日,二十一層,
RPROMLNJOHKFFAH38DC,21,80.38,住家用,鋼筋混凝土造,83年10月5日,十七層,
RPWQMLMJOHKFFBH09DC,8,220.06,見其他登記事項,鋼筋混凝土造,96年1月26日,五層,
RPTQMLOJOHKFFBH88CC,18,241.18,住商用,鋼筋混凝土造,86年5月30日,十二層,
RPQPMLOJOHKFFAH38CC,21,96.59,住家用,鋼筋混凝土造,83年9月22日,四層,
RPXNMLNJOHKFFAH88DC,41,74.62,住家用,加強磚造,63年11月20日,二層,
RPUPMLNJOHKFFGH66CC,23,168.46,住家用,鋼筋混凝土造,80年12月2日,七層,
RPSQMLPJOHKFFBH88CC,6,109.48,住家用,鋼筋混凝土造,98年6月29日,二十二層,
RPSQMLPJOHKFFBH88CC,6,4.76,共有部份,鋼筋混凝土造,98年6月29日,二十二層,
RPSQMLPJOHKFFBH88CC,6,5.30,共有部份,鋼筋混凝土造,98年6月29日,二十二層,
RPSQMLPJOHKFFBH88CC,6,11.91,共有部份,鋼筋混凝土造,98年6月29日,二十二層,
RPSQMLPJOHKFFBH88CC,6,2.04,共有部份,鋼筋混凝土造,98年6月29日,二十二層,
RPUNMLQJOHKFFFH66CC,36,89.58,住家用,加強磚造,68年5月10日,二層,
RPOQMLSJOHKFFAH68CC,7,56.40,住家用,鋼筋混凝土造,97年4月24日,十二層,
RPOQMLSJOHKFFAH68CC,7,55.79,共有部份,鋼筋混凝土造,97年4月24日,十三層,
RPRQMLSJOHKFFBH56DC,1,102.29,見其他登記事項,鋼筋混凝土造,103年11月10日,十五層,
RPOOMLSJOHKFFFH09DC,1,105.27,住家用,鋼筋混凝土造,103年4月21日,十二層,
RPOOMLSJOHKFFFH09DC,1,73.92,見其他登記事項,鋼筋混凝土造,103年4月21日,十四層,
RPUNMLKKOHKFFEH78DC,42,717.35,工業用,見其他登記事項,62年7月30日,二層,
RPRRMLTJOHKFFAH66DC,11,162.38,住家用,鋼筋混凝土造,92年12月1日,七層,
RPQNMLTJOHKFFFH76EC,1,71.94,住家用,鋼筋混凝土造,103年11月1日,十三層,
RPQNMLTJOHKFFFH76EC,1,3.56,見其他登記事項,鋼筋混凝土造,103年11月1日,十三層,
RPQNMLTJOHKFFFH76EC,1,39.42,見其他登記事項,鋼筋混凝土造,103年11月1日,十三層,
RPQNMLTJOHKFFFH76EC,1,15.46,見其他登記事項,鋼筋混凝土造,103年11月1日,十三層,
RPOOMLKKOHKFFEH28DC,17,199.02,見其他登記事項,鋼筋混凝土造,87年10月14日,四層,
RPVOMLLKOHKFFAH68DC,20,131.13,住家用,鋼筋混凝土造,84年1月18日,十六層,
RPVPMLTLNHKFFDH27DC,2,131.74,見其他登記事項,鋼筋混凝土造,102年6月30日,四層,
RPQRMLMKOHKFFBH58CC,6,100.61,住家用,鋼筋混凝土造,98年6月29日,二十二層,
RPQRMLMKOHKFFBH58CC,6,4.44,共有部份,鋼筋混凝土造,98年6月29日,二十二層,
RPQRMLMKOHKFFBH58CC,6,5.47,共有部份,鋼筋混凝土造,98年6月29日,二十二層,
RPQRMLMKOHKFFBH58CC,6,13.89,共有部份,鋼筋混凝土造,98年6月29日,二十二層,
RPQRMLMKOHKFFBH58CC,6,32.58,共有部份,鋼筋混凝土造,98年6月29日,二十二層,
RPTNMLLKOHKFFDH68DC,28,135.87,住家用,加強磚造,76年1月26日,二層,
RPROMLTJOHKFFGH86CC,20,52.22,住家用,鋼筋混凝土造,84年2月21日,十六層,
RPROMLTJOHKFFGH86CC,20,8.41,住家用,鋼筋混凝土造,84年2月21日,十六層,
RPROMLTJOHKFFGH86CC,20,1.76,住家用,鋼筋混凝土造,84年2月21日,十六層,
RPROMLTJOHKFFGH86CC,20,5.87,共有部份,鋼筋混凝土造,84年2月21日,十六層,
RPROMLTJOHKFFGH86CC,20,8.42,共有部份,鋼筋混凝土造,84年2月21日,十六層,
RPUNMLMKOHKFFGH56DC,30,111.84,住家用,鋼筋混凝土造,74年9月23日,二層,
RPTNMLLKOHKFFEH68CC,3,109.33,見其他登記事項,鋼筋混凝土造,101年4月26日,十五層,
RPUNMLMKOHKFFEH98DC,10,50.07,住家用,鋼筋混凝土造,94年2月1日,九層,
RPVNMLMKOHKFFEH09DC,9,54.17,見其他登記事項,鋼筋混凝土造,95年1月13日,五層,
RPOOMLLKOHKFFFH58EC,1,97.45,住家用,鋼筋混凝土造,103年8月11日,十五層,
RPOOMLLKOHKFFFH58EC,1,74.65,見其他登記事項,鋼筋混凝土造,103年8月11日,十五層,
RPOPMLPKOHKFFBH68EC,19,52.30,住商用,鋼筋混凝土造,84年8月14日,九層,
RPOPMLPKOHKFFBH68EC,19,2.03,共有部分,鋼筋混凝土造,84年8月14日,九層,
RPOPMLPKOHKFFBH68EC,19,17.53,共有部分,鋼筋混凝土造,84年8月14日,九層,
RPPPMLPKOHKFFBH58CC,35,146.64,住家用,加強磚造,69年10月22日,二層,
RPXOMLPKOHKFFGH37EC,23,154.04,見其他登記事項,鋼筋混凝土造,81年5月5日,五層,
RPSNMLPKOHKFFAH58CC,8,76.68,見其他登記事項,鋼筋混凝土造,96年5月3日,六層,
RPSNMLPKOHKFFAH58CC,8,38.57,共有部份,鋼筋混凝土造,96年5月3日,六層,
RPVNMLPKOHKFFAH88CC,22,110.73,住家用,鋼筋混凝土造,82年8月11日,十六層,
RPVNMLPKOHKFFAH88CC,22,63.72,共有部份,鋼筋混凝土造,82年8月11日,十六層,
RPXNMLPKOHKFFAH09CC,4,43.64,住家用,鋼筋混凝土造,100年8月29日,十三層,
RPXNMLPKOHKFFAH09CC,4,67.22,見其他登記事項,鋼筋混凝土造,100年8月29日,十三層,
RPSOMLPKOHKFFDH56EC,19,56.58,商業用,鋼筋混凝土造,84年9月25日,十層,
RPSOMLPKOHKFFDH56EC,19,57.80,商業用,鋼筋混凝土造,84年9月25日,十層,
RPSOMLPKOHKFFDH56EC,19,5.16,見其他登記事項,鋼筋混凝土造,84年9月25日,十層,
RPSOMLPKOHKFFDH56EC,19,.41,見其他登記事項,鋼筋混凝土造,84年9月25日,十層,
RPQOMLPKOHKFFAH48CC,11,47.84,住家用,鋼筋混凝土造,93年7月19日,十四層,
RPQOMLPKOHKFFAH48CC,11,13.96,共有部份,鋼筋混凝土造,93年7月19日,十四層,
RPQOMLPKOHKFFAH48CC,11,8.94,共有部份,鋼筋混凝土造,93年7月19日,十四層,
RPSOMLPKOHKFFAH68CC,7,62.39,住家用,鋼筋混凝土造,97年4月24日,十三層,
RPSOMLPKOHKFFAH68CC,7,27.90,共有部份,鋼筋混凝土造,97年4月24日,十三層,
RPROMLPKOHKFFAH58CC,23,128.82,見其他登記事項,見其他登記事項,81年3月23日,二十二層,
RPVOMLPKOHKFFAH98CC,11,61.97,住家用,鋼筋混凝土造,93年11月27日,十三層,
RPVOMLPKOHKFFAH98CC,11,9.71,共有部份,鋼筋混凝土造,93年11月27日,十三層,
RPVOMLPKOHKFFAH98CC,11,8.93,共有部份,鋼筋混凝土造,93年11月27日,十三層,
RPPPMLPKOHKFFAH48CC,21,89.41,住家用,鋼筋混凝土造,83年5月24日,七層,
RPPPMLPKOHKFFAH48CC,21,28.64,共有部份,鋼筋混凝土造,83年5月24日,七層,
RPXQMLPKOHKFFAH76CC,11,54.66,住家用,鋼筋混凝土造,93年9月15日,九層,
RPXQMLPKOHKFFAH76CC,11,46.98,共有部份,鋼筋混凝土造,93年9月15日,九層,
RPXQMLPKOHKFFAH76CC,11,14.35,共有部份,鋼筋混凝土造,93年9月15日,九層,
RPOPMLPKOHKFFAH38CC,21,63.65,住家用,鋼筋混凝土造,83年3月3日,六層,
RPOPMLPKOHKFFAH38CC,21,15.87,共有部份,鋼筋混凝土造,83年3月3日,六層,
RPOPMLPKOHKFFAH38CC,21,4.19,共有部份,鋼筋混凝土造,83年3月3日,六層,
RPOPMLPKOHKFFAH38CC,21,5.84,共有部份,鋼筋混凝土造,83年3月3日,六層,
RPSPMLPKOHKFFAH78CC,21,116.77,住家用,鋼筋混凝土造,83年2月5日,八層,
RPSPMLPKOHKFFAH78CC,21,3.32,共有部份,鋼筋混凝土造,83年2月5日,八層,
RPSPMLPKOHKFFAH78CC,21,41.07,共有部份,鋼筋混凝土造,83年2月5日,八層,
RPXNMLQKOHKFFAH56CC,31,610.06,見其他登記事項,見其他登記事項,73年6月21日,三層,
RPTPNLQKOHKFFEH96DC,10,50.07,住家用,鋼筋混凝土造,94年2月1日,九層,
RPUPNLQKOHKFFEH96CC,20,87.48,住家用,鋼筋混凝土造,84年1月5日,十層,
RPQNMLQKOHKFFEH09EC,17,118.11,住家用,鋼筋混凝土造,86年11月6日,十二層,
RPQNMLQKOHKFFEH09EC,17,14.88,共有部份,鋼筋混凝土造,86年11月6日,十二層,
RPQNMLQKOHKFFEH09EC,17,19.27,共有部份,鋼筋混凝土造,86年11月6日,十二層,
RPQNMLQKOHKFFEH09EC,17,31.60,共有部份,鋼筋混凝土造,86年11月6日,十二層,
RPSNMLQKOHKFFBH88DC,13,190.79,國民住宅,鋼筋混凝土造,91年9月20日,十四層,
RPWOMLQKOHKFFBH76DC,6,51.33,住家用,鋼筋混凝土造,98年6月29日,二十一層,
RPQNMLQKOHKFFBH68DC,31,93.06,住家用,鋼筋混凝土造,72年12月30日,五層,
RPRNMLQKOHKFFBH78DC,9,75.95,見其他登記事項,鋼筋混凝土造,94年8月24日,十二層,
RPOPMLQKOHKFFBH68DC,6,51.33,住家用,鋼筋混凝土造,98年6月29日,二十一層,
RPPNMLRKOHKFFAH58DC,6,232.40,見其他登記事項,鋼筋混凝土造,98年8月15日,十五層,
RPTQMLRKOHKFFAH66DC,4,68.10,商業用,鋼筋混凝土造,100年5月6日,十二層,
RPPPMLRKOHKFFBH78CC,33,404.58,見其他登記事項,鋼筋混凝土造,70年12月21日,六層,
RPPPMLRKOHKFFBH78CC,33,404.58,見其他登記事項,鋼筋混凝土造,70年12月21日,六層,
RPXOMLSKOHKFFAH86CC,10,92.38,見其他登記事項,鋼筋混凝土造,94年11月10日,九層,
RPUNMLSKOHKFFAH56DC,3,72.64,住家用,鋼筋混凝土造,100年11月28日,十三層,
RPVNMLSKOHKFFAH66DC,9,57.91,住家用,鋼筋混凝土造,95年9月10日,十四層,
RPVNMLSKOHKFFAH66DC,9,14.80,共有部份,鋼筋混凝土造,95年9月10日,十四層,
RPVNMLSKOHKFFAH66DC,9,5.62,共有部份,鋼筋混凝土造,95年9月10日,十四層,
RPUNMLSKOHKFFEH96DC,22,157.87,住家用,鋼筋混凝土造,82年6月23日,四層,
RPOOMLSKOHKFFFH56DC,2,145.89,住家用,鋼筋混凝土造,102年10月14日,十三層,
RPUOMLSKOHKFFFH27EC,26,76.88,商業用,鋼筋混凝土造,78年12月7日,五層,
RPUOMLSKOHKFFFH27EC,26,2.24,共有部分,鋼筋混凝土造,78年12月7日,五層,
RPUOMLSKOHKFFFH27EC,26,5.06,共有部分,鋼筋混凝土造,78年12月7日,五層,
RPQOMLMLOHKFFBH48DC,6,57.73,商業用,鋼筋混凝土造,98年6月29日,二十一層,
RPQOMLMLOHKFFBH48DC,6,73.29,商業用,鋼筋混凝土造,98年6月29日,二十一層,
RPSPMLMLOHKFFGH56CC,19,87.39,住家用,鋼筋混凝土造,85年7月19日,五層,
RPRPMLMLOHKFFGH09CC,21,153.95,見其他登記事項,鋼筋混凝土造,83年1月13日,四層,
RPPONLNLOHKFFAH38CC,21,89.37,住家用,鋼筋混凝土造,83年4月11日,十六層,
RPPONLNLOHKFFAH38CC,21,3.60,共有部份,鋼筋混凝土造,83年4月11日,十六層,
RPPONLNLOHKFFAH38CC,21,7.94,共有部份,鋼筋混凝土造,83年4月11日,十六層,
RPSPMLSKOHKFFCH66CC,1,90.78,見其他登記事項,鋼筋混凝土造,103年1月13日,十七層,
RPSPMLSKOHKFFCH66CC,1,80.25,見其他登記事項,鋼筋混凝土造,103年1月13日,十七層,
RPSPMLSKOHKFFCH66CC,1,22.50,見其他登記事項,鋼筋混凝土造,103年1月13日,十七層,
RPQOMLNJOHKFFCH38CC,32,128.04,住家用,鋼筋混凝土造,72年1月7日,四層,
RPVQMLOLOHKFFAH66DC,12,80.99,住家用,鋼筋混凝土造,92年9月18日,十三層,
RPVQMLOLOHKFFAH66DC,12,10.84,共有部份,鋼筋混凝土造,92年9月18日,十四層,
RPVQMLOLOHKFFAH66DC,12,19.98,共有部份,鋼筋混凝土造,92年9月18日,十四層,
RPORMLOLOHKFFAH58CC,15,190.67,工業用,鋼筋混凝土造,89年10月3日,七層,
RPSNMLQLOHKFFBH88CC,20,86.41,住家用,鋼筋混凝土造,84年2月15日,七層,
RPUOMLOLOHKFFBH09DC,38,65.72,住家用,加強磚造,66年4月7日,四層,
RPPOMLQLOHKFFBH68CC,22,73.58,商業用,鋼筋混凝土造,82年8月18日,七層,
RPPOMLQLOHKFFBH68CC,22,15.27,共有部分,鋼筋混凝土造,82年8月18日,八層,
RPWOMLPKOHKFFFH17EC,42,177.98,住家用,加強磚造,61年11月30日,二層,
RPQPMLPKOHKFFFH09CC,14,112.14,見使用執照,鋼筋混凝土造,90年10月29日,二層,
RPSPMLPKOHKFFFH76DC,4,78.18,見其他登記事項,鋼筋混凝土造,100年10月24日,十四層,
RPSPMLPKOHKFFFH76DC,4,16.99,見其他登記事項,鋼筋混凝土造,100年10月24日,十四層,
RPSPMLPKOHKFFFH76DC,4,22.43,見其他登記事項,鋼筋混凝土造,100年10月24日,十四層,
RPSNMLNLOHKFFFH09DC,16,134.40,住家用,鋼筋混凝土造,88年11月25日,十三層,
RPOQMLQLOHKFFCH88CC,18,219.55,住家用,鋼筋混凝土造,86年6月26日,四層,
RPOQMLQLOHKFFCH88CC,18,24.50,共有部份,鋼筋混凝土造,86年6月26日,四層,
RPOQMLQLOHKFFCH88CC,18,.00,見其他登記事項,鋼筋混凝土造,86年6月26日,十八層,
RPOQMLQLOHKFFCH88CC,18,.11,共有部份,鋼筋混凝土造,86年6月26日,一層,
RPOQMLQLOHKFFCH88CC,18,.01,共有部份,鋼筋混凝土造,86年1月30日,十八層,
RPOQMLQLOHKFFCH88CC,18,.00,共有部份,鋼筋混凝土造,86年1月30日,一層,
RPOQMLQLOHKFFCH88CC,18,7.11,見其他登記事項,鋼筋混凝土造,86年6月26日,十五層,
RPOQMLQLOHKFFCH88CC,18,.55,見其他登記事項,鋼筋混凝土造,86年1月30日,十四層,
RPPNMLMKOHKFFFH48CC,17,85.66,住家用,鋼筋混凝土造,87年7月4日,七層,
RPPNMLMKOHKFFFH48CC,17,10.14,住家用,鋼筋混凝土造,87年7月4日,七層,
RPPNMLMKOHKFFFH48CC,17,11.53,共有部分,鋼筋混凝土造,87年7月4日,八層,
RPPNMLMKOHKFFFH48CC,17,33.83,共有部分,鋼筋混凝土造,87年7月4日,八層,
RPRPMLPKOHKFFFH66DC,2,67.12,住家用,鋼筋混凝土造,102年8月23日,十三層,
RPRPMLPKOHKFFFH66DC,2,69.21,見其他登記事項,鋼筋混凝土造,102年8月23日,十三層,
RPUPMLQLOHKFFBH76DC,21,141.44,見其他登記事項,鋼筋混凝土造,83年9月14日,四層,
RPPPMLTLOHKFFBH09CC,18,257.26,農舍,加強磚造,86年10月29日,二層,
RPWOMLTLOHKFFBH07CC,2,5957.39,見其他登記事項,見其他登記事項,102年8月30日,二層,
RPWOMLOLOHKFFBH56CC,17,201.33,住商用,鋼骨混凝土造,87年7月10日,三層,
RPRNMLTLOHKFFGH07DC,3,187.04,見其他登記事項,鋼筋混凝土造,101年12月10日,四層,
RPQOMLTLOHKFFAH98CC,20,105.62,住家用,鋼筋混凝土造,84年1月20日,十六層,
RPPOMLTLOHKFFAH88CC,20,142.82,見其他登記事項,鋼筋混凝土造,84年4月14日,十七層,
RPUNMLTLOHKFFEH07CC,27,333.36,見其他登記事項,加強磚造,77年12月19日,二層,
RPSRMLKMOHKFFAH68CC,3,70.65,見其他登記事項,見其他登記事項,101年11月2日,三十八層,
RPSRMLKMOHKFFAH68CC,3,3.37,見其他登記事項,見其他登記事項,101年11月2日,三十八層,
RPSRMLKMOHKFFAH68CC,3,2.17,見其他登記事項,見其他登記事項,101年11月2日,三十八層,
RPSRMLKMOHKFFAH68CC,3,24.93,見其他登記事項,見其他登記事項,101年11月2日,三十八層,
RPURMLKMOHKFFAH88CC,3,81.51,見其他登記事項,見其他登記事項,101年11月2日,三十八層,
RPURMLKMOHKFFAH88CC,3,109.56,見其他登記事項,見其他登記事項,101年11月2日,三十八層,
RPURMLKMOHKFFAH88CC,3,6.74,見其他登記事項,見其他登記事項,101年11月2日,三十八層,
RPURMLKMOHKFFAH88CC,3,49.86,見其他登記事項,見其他登記事項,101年11月2日,三十八層,
RPURMLKMOHKFFAH88CC,3,4.33,見其他登記事項,見其他登記事項,101年11月2日,三十八層,
RPQPMLKMOHKFFGH88CC,12,236.21,見其他登記事項,鋼筋混凝土造,92年11月5日,五層,
RPTOMLKMOHKFFAH58DC,19,54.20,住家用,鋼筋混凝土造,85年1月6日,十二層,
RPOPMLLJPHKFFAH08DC,21,111.21,住家用,鋼筋混凝土造,83年10月17日,十六層,
RPVNMLTLOHKFFFH37DC,23,94.09,住家用,鋼筋混凝土造,80年12月27日,五層,
RPVNMLTLOHKFFFH37DC,23,3.82,見其他登記事項,鋼筋混凝土造,80年12月27日,五層,
RPVNMLTLOHKFFFH37DC,23,33.53,見其他登記事項,鋼筋混凝土造,80年12月27日,五層,
RPWNMLLJPHKFFFH56DC,2,88.34,住家用,鋼筋混凝土造,102年10月14日,十三層,
RPWNMLLJPHKFFFH56DC,2,19.12,見其他登記事項,鋼筋混凝土造,102年10月14日,十三層,
RPWNMLLJPHKFFFH56DC,2,68.61,見其他登記事項,鋼筋混凝土造,102年10月14日,十三層,
RPSOMLLJPHKFFCH58DC,18,112.80,住家用,鋼筋混凝土造,86年1月30日,十四層,
RPSOMLLJPHKFFCH58DC,18,.05,見其他登記事項,鋼筋混凝土造,86年1月30日,十四層,
RPSOMLLJPHKFFCH58DC,18,.05,見其他登記事項,鋼筋混凝土造,86年6月26日,十五層,
RPOPMLKMOHKFFFH58CC,19,23.50,住家用,鋼筋混凝土造,85年10月12日,七層,
RPOPMLKMOHKFFFH58CC,19,2.91,共有部分,鋼筋混凝土造,85年10月12日,七層,
RPOPMLKMOHKFFFH58CC,19,4.49,共有部分,鋼筋混凝土造,85年10月12日,七層,
RPOOMLLJPHKFFCH18DC,38,78.36,住商用,加強磚造,66年12月5日,四層,
RPXRMLKMOHKFFBH66CC,29,38.80,住家用,加強磚造,75年8月8日,二層,
RPWRMLKMOHKFFBH56CC,25,76.16,見其他登記事項,鋼筋混凝土造,79年8月13日,五層,
RPROMLLJPHKFFCH48DC,18,244.18,住家用,鋼筋混凝土造,86年6月26日,四層,
RPPNMLLJPHKFFEH28CC,26,24.80,見其他登記事項,鋼筋混凝土造,78年4月3日,三層,
RPSOMLLJPHKFFAH28CC,21,90.68,住家用,鋼筋混凝土造,83年4月11日,十六層,
RPQOMLLJPHKFFAH08CC,21,67.25,住家用,鋼筋混凝土造,83年4月11日,十三層,
RPWQMLLJPHKFFGH96DC,33,61.22,商業用,鋼筋混凝土造,71年8月1日,五層,
RPROMLLJPHKFFAH18CC,21,90.68,住家用,鋼筋混凝土造,83年4月11日,十六層,
RPRNMLLJPHKFFGH78DC,5,239.07,見其他登記事項,鋼筋混凝土造,99年10月5日,四層,
RPXPMLLJPHKFFBH98CC,26,56.00,見其他登記事項,鋼筋混凝土造,78年12月12日,十三層,
RPXPMLLJPHKFFBH98CC,26,75.05,見其他登記事項,鋼筋混凝土造,78年12月12日,十三層,
RPUQMLMJPHKFFBH88CC,37,87.79,住家用,加強磚造,67年3月4日,二層,
RPRNMLMJPHKFFEH58CC,7,188.00,住家用,鋼筋混凝土造,97年10月2日,十層,
RPTPMLMJPHKFFAH68DC,16,80.52,國民住宅,鋼筋混凝土造,88年5月27日,七層,
RPTPMLMJPHKFFAH68DC,16,11.62,共有部份,鋼筋混凝土造,88年5月27日,七層,
RPTPMLMJPHKFFAH68DC,16,15.65,共有部份,鋼筋混凝土造,88年5月27日,九層,
RPPOMLMJPHKFFEH48CC,2,147.09,住家用,鋼筋混凝土造,102年7月15日,十四層,
RPVOMLMJPHKFFEH56DC,1,60.99,住家用,鋼筋混凝土造,103年2月7日,十層,
RPVOMLMJPHKFFEH56DC,1,6.90,住家用,鋼筋混凝土造,103年2月7日,十層,
RPVOMLMJPHKFFEH56DC,1,2.91,住家用,鋼筋混凝土造,103年2月7日,十層,
RPVOMLMJPHKFFEH56DC,1,45.93,共有部份,鋼筋混凝土造,103年2月7日,十層,
RPVOMLMJPHKFFEH56DC,1,11.16,共有部份,鋼筋混凝土造,103年2月7日,十層,
RPSNMLMJPHKFFEH78DC,16,1183.09,見其他登記事項,鋼筋混凝土造,88年7月8日,四層,
RPXPMLNJPHKFFAH09CC,18,209.70,見其他登記事項,鋼筋混凝土造,86年4月19日,五層,
RPXPMLNJPHKFFAH09CC,18,43.56,見其他登記事項,鋼筋混凝土造,86年4月19日,五層,
RPXPMLNJPHKFFAH09CC,18,74.42,共有部份,鋼筋混凝土造,86年4月19日,二十八層,
RPUQMLNJPHKFFAH88CC,31,94.54,住商用,鋼筋混凝土造,73年3月20日,五層,
RPPNMLOJPHKFFAH18CC,43,140.99,住家用,加強磚造,61年12月9日,二層,
RPWOMLQJPHKFFAH56CC,3,102.93,住家用,鋼筋混凝土造,100年11月7日,十五層,
RPUPMLNJPHKFFEH66DC,23,95.37,住家用,鋼筋混凝土造,81年6月25日,五層,
RPTOMLNJPHKFFEH56EC,3,116.35,見其他登記事項,鋼筋混凝土造,101年9月18日,十四層,
RPSOMLNJPHKFFEH09EC,2,113.41,住家用,鋼筋混凝土造,101年11月5日,十三層,
RPROMLNJPHKFFEH98EC,3,124.02,住家用,鋼筋混凝土造,101年4月26日,十四層,
RPUOMLNJPHKFFEH66EC,2,127.83,住家用,鋼筋混凝土造,102年9月18日,二十一層,
RPVOMLNJPHKFFEH76EC,3,128.71,見其他登記事項,鋼筋混凝土造,101年9月18日,十四層,
RPSQMLQJPHKFFAH98CC,21,91.29,住家用,鋼筋混凝土造,83年1月7日,四層,
RPXOMLQJPHKFFBH76CC,20,196.54,住家用,鋼筋混凝土造,84年1月7日,五層,
RPXOMLQJPHKFFAH66CC,4,102.93,住家用,鋼筋混凝土造,100年11月7日,十五層,
RPVRMLQJPHKFFAH76CC,9,78.11,住家用,鋼筋混凝土造,95年5月29日,十二層,
RPVRMLQJPHKFFAH76CC,9,17.43,共有部份,鋼筋混凝土造,95年5月29日,十二層,
RPVRMLQJPHKFFAH76CC,9,9.60,共有部份,鋼筋混凝土造,95年5月29日,十二層,
RPUQMLQJPHKFFAH66DC,12,108.20,住家用,鋼筋混凝土造,92年11月21日,十四層,
RPOPMLNJPHKFFEH78EC,3,113.41,住家用,鋼筋混凝土造,101年11月5日,十二層,
RPSOMLQJPHKFFEH56CC,15,81.23,商業用,鋼筋混凝土造,89年9月14日,十二層,
RPSOMLQJPHKFFEH56CC,15,36.61,共有部份,鋼筋混凝土造,89年9月14日,十二層,
RPSOMLQJPHKFFEH56CC,15,12.75,共有部份,鋼筋混凝土造,89年9月14日,十二層,
RPQOMLRJPHKFFAH68CC,38,143.52,住家用,加強磚造,66年9月10日,二層,
RPQOMLQJPHKFFEH09DC,13,87.83,住家用,鋼筋混凝土造,91年6月14日,六層,
RPQOMLQJPHKFFEH09DC,13,21.13,共有部份,鋼筋混凝土造,91年6月14日,六層,
RPSOMLRJPHKFFAH88CC,1,90.96,住家用,鋼筋混凝土造,103年4月1日,十層,
RPSPMLRJPHKFFAH98CC,20,181.00,見其他登記事項,鋼筋混凝土造,84年3月11日,五層,
RPTNMLRJPHKFFCH09CC,18,104.01,住家用,鋼筋混凝土造,86年1月30日,十四層,
RPTNMLRJPHKFFCH09CC,18,5.44,共有部份,鋼筋混凝土造,86年1月30日,十四層,
RPTNMLRJPHKFFCH09CC,18,1.30,共有部份,鋼筋混凝土造,86年1月30日,十四層,
RPTNMLRJPHKFFCH09CC,18,.99,共有部份,鋼筋混凝土造,86年1月30日,十四層,
RPTNMLRJPHKFFCH09CC,18,.00,共有部份,鋼筋混凝土造,86年1月30日,十八層,
RPTNMLRJPHKFFCH09CC,18,.05,共有部份,鋼筋混凝土造,86年1月30日,一層,
RPTNMLRJPHKFFCH09CC,18,.00,見其他登記事項,鋼筋混凝土造,86年6月26日,十八層,
RPTNMLRJPHKFFCH09CC,18,.00,共有部份,鋼筋混凝土造,86年6月26日,一層,
RPTNMLRJPHKFFCH09CC,18,.05,見其他登記事項,鋼筋混凝土造,86年6月26日,十五層,
RPTNMLRJPHKFFCH09CC,18,3.24,見其他登記事項,鋼筋混凝土造,86年1月30日,十四層,
RPUNMLRJPHKFFCH56CC,18,71.06,住家用,鋼筋混凝土造,86年6月26日,十二層,
RPUNMLRJPHKFFCH56CC,18,3.11,共有部份,鋼筋混凝土造,86年6月26日,十二層,
RPUNMLRJPHKFFCH56CC,18,.74,共有部份,鋼筋混凝土造,86年6月26日,十四層,
RPUNMLRJPHKFFCH56CC,18,.30,見其他登記事項,鋼筋混凝土造,86年6月26日,十八層,
RPUNMLRJPHKFFCH56CC,18,.03,共有部份,鋼筋混凝土造,86年6月26日,一層,
RPUNMLRJPHKFFCH56CC,18,.01,共有部份,鋼筋混凝土造,86年1月30日,十八層,
RPUNMLRJPHKFFCH56CC,18,.00,共有部份,鋼筋混凝土造,86年1月30日,十八層,
RPUNMLRJPHKFFCH56CC,18,2.40,見其他登記事項,鋼筋混凝土造,86年6月26日,十五層,
RPUNMLRJPHKFFCH56CC,18,.01,見其他登記事項,鋼筋混凝土造,86年1月30日,十四層,
RPTNMLTJPHKFFGH17DC,1,63.07,住家用,鋼筋混凝土造,103年8月27日,十一層,
RPRNMLTJPHKFFFH86DC,1,121.53,住家用,鋼筋混凝土造,103年6月23日,十五層,
RPPRMLSJPHKFFBH56DC,22,345.00,見其他登記事項,鋼筋混凝土造,83年1月5日,四層,
RPOPMLSJPHKFFBH78CC,7,108.77,住家用,鋼筋混凝土造,97年4月6日,二十二層,
RPOPMLSJPHKFFBH78CC,7,5.90,共有部分,鋼筋混凝土造,97年4月6日,二十二層,
RPOPMLSJPHKFFBH78CC,7,7.08,共有部分,鋼筋混凝土造,97年4月6日,二十二層,
RPOPMLSJPHKFFBH78CC,7,17.41,共有部分,鋼筋混凝土造,97年4月6日,二十二層,
RPOPMLSJPHKFFBH78CC,7,1.06,共有部分,鋼筋混凝土造,97年4月6日,二十二層,
RPTSMLSJPHKFFBH96CC,8,70.22,住家用,鋼筋混凝土造,96年1月25日,十四層,
RPTSMLSJPHKFFBH96CC,8,26.83,共有部分,鋼筋混凝土造,96年1月25日,十五層,
RPXNMLTJPHKFFCH17DC,8,246.18,見其他登記事項,鋼筋混凝土造,96年7月26日,五層,
RPWOMLNJPHKFFEH86EC,3,99.38,住家用,鋼筋混凝土造,101年4月26日,十五層,
RPXOMLNJPHKFFEH96EC,3,120.62,見其他登記事項,鋼筋混凝土造,101年9月18日,十四層,
RPRPMLTJPHKFFAH09CC,20,70.70,住家用,鋼筋混凝土造,84年1月20日,十六層,
RPWOMLNKPHKFFAH98CC,26,213.13,見其他登記事項,鋼筋混凝土造,78年9月20日,四層,
RPQPMLNKPHKFFCH78DC,14,55.48,見使用執照,鋼筋混凝土造,90年12月19日,四層,
RPRPMLNKPHKFFBH68CC,39,99.45,住家用,加強磚造,65年10月7日,二層,
RPTPMLNKPHKFFAH78CC,3,103.56,住家用,鋼筋混凝土造,101年10月7日,十四層,
RPTPMLNKPHKFFAH78CC,3,23.35,見其他登記事項,鋼筋混凝土造,101年10月7日,十四層,
RPTPMLNKPHKFFAH78CC,3,47.43,見其他登記事項,鋼筋混凝土造,101年10月7日,十四層,
RPRNMLNKPHKFFGH09DC,22,153.26,住家用,鋼筋混凝土造,82年9月22日,十五層,
RPRTMLOKPHKFFAH09CC,19,73.78,住家用,鋼筋混凝土造,85年5月13日,七層,
RPRTMLOKPHKFFAH09CC,19,4.57,共有部份,鋼筋混凝土造,85年5月13日,七層,
RPRTMLOKPHKFFAH09CC,19,22.76,共有部份,鋼筋混凝土造,85年5月13日,七層,
RPOSMLOKPHKFFAH68CC,22,175.18,住家用,鋼筋混凝土造,82年5月14日,三層,
RPOSMLOKPHKFFAH68CC,22,175.18,見其他登記事項,鋼筋混凝土造,82年5月14日,三層,
RPUTMLOKPHKFFAH76CC,19,179.18,住家用,鋼筋混凝土造,85年1月18日,十七層,
RPUTMLOKPHKFFAH76CC,19,66.99,共有部份,鋼筋混凝土造,85年1月18日,十七層,
RPVTMLOKPHKFFAH86CC,18,74.31,住家用,鋼筋混凝土造,86年9月1日,十七層,
RPVTMLOKPHKFFAH86CC,18,5.89,共有部份,鋼筋混凝土造,86年9月1日,十七層,
RPVTMLOKPHKFFAH86CC,18,13.82,共有部份,鋼筋混凝土造,86年9月1日,十七層,
RPPOMLNKPHKFFEH78DC,20,93.60,住家用,鋼筋混凝土造,84年6月5日,八層,
RPOOMLTJPHKFFEH09CC,11,94.51,住家用,鋼筋混凝土造,93年10月28日,十層,
RPOOMLTJPHKFFEH09CC,11,6.33,共有部份,鋼筋混凝土造,93年10月28日,十層,
RPOOMLTJPHKFFEH09CC,11,24.41,共有部份,鋼筋混凝土造,93年10月28日,十層,
RPRNMLTJPHKFFEH76DC,18,60.60,住家用,鋼筋混凝土造,86年1月22日,二十七層,
RPWTMLOKPHKFFAH96CC,19,30.40,住家用,鋼筋混凝土造,85年1月18日,十七層,
RPWTMLOKPHKFFAH96CC,19,12.56,共有部份,鋼筋混凝土造,85年1月18日,十七層,
RPXTMLOKPHKFFAH07CC,9,85.41,住家用,鋼筋混凝土造,95年1月3日,十三層,
RPXTMLOKPHKFFAH07CC,9,10.84,共有部份,鋼筋混凝土造,95年1月3日,十三層,
RPXTMLOKPHKFFAH07CC,9,30.06,共有部份,鋼筋混凝土造,95年1月3日,十三層,
RPOOMLPKPHKFFFH98DC,17,64.27,住家用,鋼骨鋼筋混凝土造,87年7月29日,十八層,
RPOOMLPKPHKFFFH98DC,17,10.92,共有部分,鋼骨鋼筋混凝土造,87年7月29日,十八層,
RPOOMLPKPHKFFFH98DC,17,35.48,共有部分,鋼骨鋼筋混凝土造,87年7月29日,十九層,
RPOOMLPKPHKFFFH98DC,17,6.04,共有部分,鋼骨鋼筋混凝土造,87年7月29日,十九層,
RPQNMLPKPHKFFAH48CC,23,69.92,住家用,鋼筋混凝土造,81年11月11日,十五層,
RPQNMLPKPHKFFAH48CC,23,16.93,共有部份,鋼筋混凝土造,81年11月11日,十六層,
RPROMLOKPHKFFFH66EC,9,65.42,見使用執照,鋼筋混凝土造,95年9月29日,五層,
RPROMLOKPHKFFFH66EC,9,1.54,共有部分,鋼筋混凝土造,95年9月29日,五層,
RPQRMLPKPHKFFAH98DC,25,351.80,見其他登記事項,鋼筋混凝土造,79年3月20日,七層,
RPRNMLPKPHKFFAH58CC,18,55.09,住家用,鋼筋混凝土造,86年9月18日,十二層,
RPRNMLPKPHKFFAH58CC,18,42.89,共有部份,鋼筋混凝土造,86年9月18日,十二層,
RPRNMLPKPHKFFAH58CC,18,7.94,共有部份,鋼筋混凝土造,86年9月18日,十二層,
RPSNMLPKPHKFFAH68CC,17,26.61,見其他登記事項,鋼筋混凝土造,86年12月24日,十七層,
RPSNMLPKPHKFFAH68CC,17,3.16,共有部份,鋼筋混凝土造,86年12月24日,十七層,
RPSNMLPKPHKFFAH68CC,17,8.20,共有部份,鋼筋混凝土造,86年12月24日,十七層,
RPTNMLPKPHKFFAH78CC,19,135.82,住家用,鋼筋混凝土造,85年6月8日,七層,
RPTNMLPKPHKFFAH78CC,19,19.64,共有部份,鋼筋混凝土造,85年6月8日,七層,
RPTNMLPKPHKFFAH78CC,19,15.86,共有部份,鋼筋混凝土造,85年6月8日,七層,
RPVPMLPKPHKFFAH56CC,21,95.63,住家用,鋼筋混凝土造,83年2月1日,十二層,
RPVPMLPKPHKFFAH56CC,21,12.58,共有部份,鋼筋混凝土造,83年2月1日,十二層,
RPQNMLPKPHKFFEH98DC,13,160.30,住家用,鋼筋混凝土造,91年7月25日,十四層,
RPQNMLLKPHKFFEH58DC,7,130.62,住家用,鋼筋混凝土造,97年7月14日,十五層,
RPQNMLLKPHKFFEH58DC,7,21.70,共有部份,鋼筋混凝土造,97年7月14日,二十六層,
RPQNMLLKPHKFFEH58DC,7,24.59,共有部份,鋼筋混凝土造,97年7月14日,十五層,
RPPOMLPKPHKFFEH98DC,16,3204.46,見其他登記事項,見其他登記事項,88年9月1日,二層,
RPXNMLPKPHKFFAH56CC,19,37.76,住家用,鋼筋混凝土造,85年8月22日,八層,
RPXNMLPKPHKFFAH56CC,19,6.06,共有部份,鋼筋混凝土造,85年8月22日,八層,
RPXNMLPKPHKFFAH56CC,19,4.64,共有部份,鋼筋混凝土造,85年8月22日,八層,
RPXNMLPKPHKFFAH56CC,19,32.41,共有部份,鋼筋混凝土造,85年8月22日,八層,
RPPPMLOKPHKFFEH88CC,29,143.92,見其他登記事項,加強磚造,75年10月8日,二層,
RPPNMLPKPHKFFFH88CC,7,90.45,住家用,鋼筋混凝土造,97年4月25日,十五層,
RPPNMLPKPHKFFFH88CC,7,40.74,共有部分,鋼筋混凝土造,97年4月25日,,
RPPNMLPKPHKFFFH88CC,7,24.57,共有部分,鋼筋混凝土造,97年4月25日,十五層,
RPVNMLQKPHKFFAH09CC,21,24.29,住家用,鋼筋混凝土造,83年3月18日,十二層,
RPVNMLQKPHKFFAH09CC,21,11.43,共有部份,鋼筋混凝土造,83年3月18日,十二層,
RPTNMLQKPHKFFAH88CC,19,27.41,住家用,鋼筋混凝土造,85年1月18日,十七層,
RPTNMLQKPHKFFAH88CC,19,12.56,共有部份,鋼筋混凝土造,85年1月18日,十七層,
RPWNMLQKPHKFFAH56CC,18,22.38,住家用,鋼筋混凝土造,86年9月1日,十七層,
RPWNMLQKPHKFFAH56CC,18,1.77,共有部份,鋼筋混凝土造,86年9月1日,十七層,
RPWNMLQKPHKFFAH56CC,18,4.67,共有部份,鋼筋混凝土造,86年9月1日,十七層,
RPPOMLPKPHKFFBH58CC,12,126.81,國民住宅,鋼筋混凝土造,92年3月11日,十二層,
RPPOMLPKPHKFFBH58CC,12,24.56,共有部分,鋼筋混凝土造,92年3月11日,十二層,
RPPOMLPKPHKFFBH58CC,12,53.14,共有部分,鋼筋混凝土造,92年3月11日,十二層,
RPRRMLRKPHKFFAH66DC,24,141.26,住家用,鋼筋混凝土造,80年4月2日,五層,
RPXOMLRKPHKFFAH96DC,7,45.14,住家用,鋼筋混凝土造,97年4月24日,十三層,
RPRNMLRKPHKFFAH78CC,19,27.33,見其他登記事項,鋼筋混凝土造,85年12月31日,九層,
RPRNMLRKPHKFFAH78CC,19,6.26,共有部份,鋼筋混凝土造,85年12月31日,九層,
RPRNMLRKPHKFFAH78CC,19,3.41,共有部份,鋼筋混凝土造,85年12月31日,九層,
RPRNMLRKPHKFFAH78CC,19,27.51,見其他登記事項,鋼筋混凝土造,85年12月31日,九層,
RPPOMLQKPHKFFBH78DC,2,99.00,見其他登記事項,鋼筋混凝土造,102年8月28日,十二層,
RPPOMLQKPHKFFBH78DC,2,66.49,見其他登記事項,鋼筋混凝土造,102年8月28日,十二層,
RPPOMLQKPHKFFBH78DC,2,17.73,見其他登記事項,鋼筋混凝土造,102年8月28日,十二層,
RPSQMLRKPHKFFAH66DC,31,80.94,住家用,鋼筋混凝土造,73年6月1日,五層,
RPWNMLRKPHKFFAH66CC,3,184.00,見其他登記事項,見其他登記事項,101年11月2日,三十二層,
RPWNMLRKPHKFFAH66CC,3,13.58,見其他登記事項,見其他登記事項,101年11月2日,三十二層,
RPWNMLRKPHKFFAH66CC,3,5.85,見其他登記事項,見其他登記事項,101年11月2日,三十二層,
RPWNMLRKPHKFFAH66CC,3,54.51,見其他登記事項,見其他登記事項,101年11月2日,三十二層,
RPWNMLRKPHKFFAH66CC,3,45.06,見其他登記事項,見其他登記事項,101年11月2日,三十二層,
RPXNMLRKPHKFFEH17CC,27,305.12,見其他登記事項,鋼筋混凝土造,77年12月23日,二層,
RPXNMLKLPHKFFEH66DC,20,206.04,見其他登記事項,鋼筋混凝土造,84年4月18日,四層,
RPWQMLLLPHKFFAH09CC,1,268.64,商業用,鋼筋混凝土造,103年4月20日,十五層,
RPWQMLLLPHKFFAH09CC,1,227.60,見其他登記事項,鋼筋混凝土造,103年4月20日,十五層,
RPWQMLLLPHKFFAH09CC,1,552.47,見其他登記事項,鋼筋混凝土造,103年4月20日,十五層,
RPWQMLLLPHKFFAH09CC,1,416.78,見其他登記事項,鋼筋混凝土造,103年4月20日,十五層,
RPPPMLKLPHKFFCH38CC,18,102.52,住家用,鋼筋混凝土造,86年1月30日,十四層,
RPPPMLKLPHKFFCH38CC,18,7.27,共有部份,鋼筋混凝土造,86年1月30日,十四層,
RPPPMLKLPHKFFCH38CC,18,1.81,共有部份,鋼筋混凝土造,86年1月30日,十八層,
RPPPMLKLPHKFFCH38CC,18,41.48,共有部份,鋼筋混凝土造,86年1月30日,十八層,
RPPPMLKLPHKFFCH38CC,18,.05,共有部份,鋼筋混凝土造,86年1月30日,一層,
RPPPMLKLPHKFFCH38CC,18,.01,見其他登記事項,鋼筋混凝土造,86年6月26日,十八層,
RPPPMLKLPHKFFCH38CC,18,.00,共有部份,鋼筋混凝土造,86年6月26日,一層,
RPPPMLKLPHKFFCH38CC,18,.05,見其他登記事項,鋼筋混凝土造,86年6月26日,十五層,
RPPPMLKLPHKFFCH38CC,18,3.18,見其他登記事項,鋼筋混凝土造,86年1月30日,十四層,
RPORMLMLPHKFFAH48CC,5,16220.53,見其他登記事項,鋼筋混凝土造,99年4月22日,二十五層,
RPORMLMLPHKFFAH48CC,5,233.77,見其他登記事項,鋼筋混凝土造,99年4月22日,二十五層,
RPUOMLKLPHKFFCH78CC,18,70.87,住家用,鋼筋混凝土造,86年1月30日,十二層,
RPUOMLKLPHKFFCH78CC,18,3.79,共有部份,鋼筋混凝土造,86年1月30日,十二層,
RPUOMLKLPHKFFCH78CC,18,.87,共有部份,鋼筋混凝土造,86年1月30日,十四層,
RPQRMLMLPHKFFAH68CC,10,223.63,住家用,鋼筋混凝土造,94年1月27日,十四層,
RPUOMLKLPHKFFCH78CC,18,.99,共有部份,鋼筋混凝土造,86年1月30日,十四層,
RPUOMLKLPHKFFCH78CC,18,.03,共有部份,鋼筋混凝土造,86年1月30日,一層,
RPUOMLKLPHKFFCH78CC,18,.01,見其他登記事項,鋼筋混凝土造,86年6月26日,十八層,
RPUOMLKLPHKFFCH78CC,18,.00,共有部份,鋼筋混凝土造,86年6月26日,一層,
RPUOMLKLPHKFFCH78CC,18,.05,見其他登記事項,鋼筋混凝土造,86年6月26日,十五層,
RPUOMLKLPHKFFCH78CC,18,2.17,見其他登記事項,鋼筋混凝土造,86年1月30日,十四層,
RPRNMLKLPHKFFFH68CC,1,97.42,住家用,鋼筋混凝土造,103年11月1日,十三層,
RPRNMLKLPHKFFFH68CC,1,5.01,見其他登記事項,鋼筋混凝土造,103年11月1日,十三層,
RPRNMLKLPHKFFFH68CC,1,42.51,見其他登記事項,鋼筋混凝土造,103年11月1日,十三層,
RPRNMLKLPHKFFFH68CC,1,24.24,見其他登記事項,鋼筋混凝土造,103年11月1日,十三層,
RPQPMLLLPHKFFBH48CC,7,292.06,農舍,鋼筋混凝土造,97年1月18日,四層,
RPXPMLLLPHKFFBH56CC,23,124.92,見其他登記事項,鋼筋混凝土造,80年12月24日,十二層,
RPTOMLNLPHKFFAH78CC,21,72.97,住家用,鋼筋混凝土造,84年1月20日,十六層,
RPOOMLNLPHKFFCH58DC,21,65.22,住家用,鋼筋混凝土造,83年7月19日,五層,
RPSOMLMLPHKFFEH98CC,23,418.81,見其他登記事項,鋼筋混凝土造,81年3月14日,八層,
RPSOMLMLPHKFFEH98CC,23,103.49,共有部份,鋼筋混凝土造,81年3月14日,八層,
RPWNMLMLPHKFFBH09DC,9,197.05,住家用,鋼筋混凝土造,95年6月11日,七層,
RPQQMLNLPHKFFAH68CC,8,158.19,住商用,鋼筋混凝土造,96年12月20日,十二層,
RPRPMLMLPHKFFGH56CC,34,79.70,住家用,鋼筋混凝土造,70年2月14日,四層,
RPTPMLOLPHKFFBH09CC,33,84.53,住家用,鋼筋混凝土造,71年1月7日,五層,
RPSPMLMLPHKFFGH66CC,4,87.95,住家用,鋼筋混凝土造,100年12月15日,十五層,
RPSPMLMLPHKFFGH66CC,4,6.00,住家用,鋼筋混凝土造,100年12月15日,十五層,
RPSPMLMLPHKFFGH66CC,4,3.43,住家用,鋼筋混凝土造,100年12月15日,十五層,
RPSPMLMLPHKFFGH66CC,4,42.41,共有部份,鋼筋混凝土造,100年12月15日,十五層,
RPQNMLQLPHKFFAH68CC,5,234.10,見其他登記事項,鋼筋混凝土造,99年4月22日,二十五層,
RPQNMLQLPHKFFAH68CC,5,16220.53,見其他登記事項,鋼筋混凝土造,99年4月22日,二十五層,
RPXOMLNLPHKFFAH56CC,1,88.73,住家用,鋼筋混凝土造,103年9月15日,十四層,
RPXOMLNLPHKFFAH56CC,1,24.57,見其他登記事項,鋼筋混凝土造,103年9月15日,十四層,
RPXOMLNLPHKFFAH56CC,1,15.68,見其他登記事項,鋼筋混凝土造,103年9月15日,十四層,
RPRPMLRLPHKFFAH09CC,23,88.26,見其他登記事項,鋼筋混凝土造,81年3月23日,二十二層,
RPQPMLMLPHKFFGH09CC,1,77.28,住家用,鋼筋混凝土造,103年8月27日,十一層,
RPQPMLMLPHKFFGH09CC,1,8.34,住家用,鋼筋混凝土造,103年8月27日,十一層,
RPQPMLMLPHKFFGH09CC,1,2.80,住家用,鋼筋混凝土造,103年8月27日,十一層,
RPQPMLMLPHKFFGH09CC,1,40.36,共有部份,鋼筋混凝土造,103年8月27日,十一層,
RPPPMLRLPHKFFBH98CC,21,32.45,住家用,鋼筋混凝土造,83年9月14日,四層,
RPPPMLSLPHKFFAH98CC,26,426.14,見其他登記事項,鋼筋混凝土造,78年8月1日,二層,
RPRNMLSLPHKFFGH07DC,3,93.57,見其他登記事項,鋼筋混凝土造,101年9月20日,十五層,
RPTQMLKMPHKFFAH78CC,14,125.32,商業用,鋼筋混凝土造,90年2月23日,十四層,
RPTQMLKMPHKFFAH78CC,14,96.97,住家用,鋼筋混凝土造,90年2月23日,十四層,
RPPOMLSLPHKFFEH76DC,7,100.74,住家用,鋼筋混凝土造,97年4月1日,十層,
RPPOMLSLPHKFFEH76DC,7,12.93,共有部份,鋼筋混凝土造,97年4月1日,十層,
RPPOMLSLPHKFFEH76DC,7,25.83,共有部份,鋼筋混凝土造,97年4月1日,十層,
RPPOMLSLPHKFFEH76DC,7,27.13,共有部份,鋼筋混凝土造,97年4月1日,十層,
RPPOMLSLPHKFFEH76DC,7,.04,見其他登記事項,鋼筋混凝土造,97年4月1日,十層,
RPQNMLTLPHKFFGH96CC,3,66.62,住家用,鋼筋混凝土造,101年10月29日,十五層,
RPPNMLOLPHKFFFH09EC,1,68.52,住家用,鋼筋混凝土造,103年10月6日,十八層,
RPPNMLOLPHKFFFH09EC,1,13.97,見其他登記事項,鋼筋混凝土造,103年10月6日,十八層,
RPPNMLOLPHKFFFH09EC,1,18.96,見其他登記事項,鋼筋混凝土造,103年10月6日,十八層,
RPPNMLOLPHKFFFH09EC,1,4.91,見其他登記事項,鋼筋混凝土造,103年10月6日,十八層,
RPPNMLOLPHKFFFH09EC,1,33.07,見其他登記事項,鋼筋混凝土造,103年10月6日,十八層,
RPPRMLKMPHKFFAH48CC,5,109.69,商業用,鋼筋混凝土造,99年9月17日,七層,
RPPRMLKMPHKFFAH48CC,5,35.73,見其他登記事項,鋼筋混凝土造,99年9月17日,七層,
RPPRMLKMPHKFFAH48CC,5,19.72,見其他登記事項,鋼筋混凝土造,99年9月17日,七層,
RPUPMLKMPHKFFAH88DC,39,55.36,住商用,加強磚造,65年7月15日,二層,
RPQRMLKMPHKFFAH58CC,15,17.06,共有部份,鋼筋混凝土造,89年3月4日,十九層,
RPQRMLKMPHKFFAH58CC,15,181.01,住家用,鋼筋混凝土造,89年3月4日,十九層,
RPQRMLKMPHKFFAH58CC,15,28.75,共有部份,鋼筋混凝土造,89年3月4日,十九層,
RPQRMLKMPHKFFAH58CC,15,34.02,共有部份,鋼筋混凝土造,89年3月4日,十九層,
RPURMLTLPHKFFBH27CC,37,91.90,住家用,加強磚造,67年3月10日,二層,
RPTNMLSLPHKFFAH66DC,34,50.64,住家用,鋼筋混凝土造,70年4月15日,五層,
RPTNMLSLPHKFFAH66DC,34,4.09,共有部份,鋼筋混凝土造,70年4月15日,五層,
RPPOMLKMPHKFFBH28CC,23,142.08,見其他登記事項,鋼筋混凝土造,81年5月27日,二十二層,
RPXPMLLMPHKFFBH66CC,,66.12,住家用,加強磚造,,二層,
RPPOMLKMPHKFFBH28CC,23,15.37,共有部分,鋼筋混凝土造,81年5月27日,二十二層,
RPPOMLKMPHKFFBH28CC,23,56.11,共有部分,鋼筋混凝土造,81年5月27日,二十二層,
RPOUMLTLPHKFFBH96CC,,155.67,住家用,加強磚造,,二層,
RPRSMLLMPHKFFBH09DC,31,100.16,住商用,鋼筋混凝土造,73年3月20日,五層,
RPWRMLLMPHKFFBH76CC,19,77.30,商業用,鋼筋混凝土造,85年8月29日,十三層,
RPWRMLLMPHKFFBH76CC,19,1.63,共有部分,鋼筋混凝土造,85年8月29日,十三層,
RPWRMLLMPHKFFBH76CC,19,12.57,共有部分,鋼筋混凝土造,85年8月29日,十三層,
RPRNMLKMPHKFFFH98EC,17,222.57,見其他登記事項,鋼筋混凝土造,87年4月21日,五層,
