﻿編號,土地區段位置,土地移轉面積平方公尺,使用分區或編定
The serial number,land sector position,land shifting area square meter,the use zoning or compiles and checks
RPUNMLPJNHKFFAI48CA,榮段四小段,26.00,都市：商
RPXNMLRJNHKFFAI98CA,竹圍子段一小段,9.67,都市：住
RPPNMLMJNHKFFAI67CA,竹圍子段一小段,76.00,都市：住
RPPOMLOJNHKFFAI18EA,港子坪段,3.00,都市：住
RPVNMLOJNHKFFAI68EA,車店段車店小段,32.22,都市：住
RPQNMLPJNHKFFAI28EA,新富段五小段,38.00,都市：商
RPTNMLQJNHKFFAI48CA,中庄段,.69,都市：住
RPTNMLQJNHKFFAI48CA,中庄段,2.39,都市：住
RPSNMLQJNHKFFAI48DA,竹圍子段,106.00,都市：住
RPTNMLQJNHKFFAI48CA,中庄段,2.48,都市：住
RPTNMLQJNHKFFAI48CA,中庄段,4.90,都市：住
RPTNMLQJNHKFFAI48CA,中庄段,33.60,都市：住
RPSNMLQJNHKFFAI48DA,竹圍子段,15.45,都市：住
RPSNMLQJNHKFFAI48DA,竹圍子段,18.28,都市：住
RPWNMLPKNHKFFAI78CA,新富段二小段,21.73,都市：住
RPWNMLPKNHKFFAI78CA,新富段二小段,.07,都市：住
RPVNMLPJNHKFFAI78EA,劉厝段玉山小段,92.03,都市：住
RPUNMLQJNHKFFAI58CA,荖藤段,251.00,都市：農
RPPNMLSKNHKFFAI38CA,白川段,32.98,都市：住
RPTNMLLJOHKFFAI08CA,竹圍子段,464.00,都市：住
RPTNMLLJOHKFFAI08CA,竹圍子段,60.00,都市：其他
RPUOMLSKNHKFFAI98CA,下路頭段,41.63,都市：住
RPPOMLPJNHKFFAI08CA,車店段車店小段,113.00,都市：住
RPQOMLQKNHKFFAI38CA,車店段,16.00,都市：住
RPQOMLQKNHKFFAI38CA,車店段,1.00,都市：住
RPQOMLQKNHKFFAI38CA,車店段,34.00,都市：住
RPQOMLQKNHKFFAI38CA,車店段,1.00,都市：住
RPQOMLQKNHKFFAI38CA,車店段,47.00,都市：住
RPVNMLPJNHKFFAI58CA,車店段,17.59,都市：住
RPVNMLPJNHKFFAI58CA,車店段,1.22,都市：住
RPVNMLPJNHKFFAI58CA,車店段,4.07,都市：住
RPOOMLSJNHKFFAI28CA,車店段車店小段,53.00,都市：住
RPPNMLMJOHKFFAI77CA,何庄段,88.79,都市：住
RPUNMLNLNHKFFAI48CA,下路頭段,15.01,都市：住
RPUNMLNLNHKFFAI48CA,下路頭段,70.00,都市：住
RPUNMLNLNHKFFAI48CA,下路頭段,.20,都市：住
RPPOMLSJNHKFFAI38CA,西門段六小段,10.33,都市：住
RPPOMLSJNHKFFAI38CA,西門段六小段,6.03,都市：住
RPWNMLRLNHKFFAI09CA,盧厝段,21.16,都市：住
RPPNMLKKNHKFFAI57CA,竹圍子段友愛小段,24.44,都市：住
RPRNMLQJNHKFFAI28CA,北社尾段保安小段,160.00,都市：住
RPVNMLQJNHKFFAI68CA,溪東段,1504.76,都市：農
RPXNMLPKNHKFFAI88CA,荖藤段,86.00,都市：住
RPRNMLMJOHKFFAI97CA,下路頭段,77.00,都市：住
RPRNMLMJOHKFFAI97CA,下路頭段,221.00,都市：住
RPSNMLTJNHKFFAI68CA,太平段,18.50,都市：住
RPSNMLMJOHKFFAI08CA,下路頭段,174.00,都市：住
RPUNMLMKNHKFFAI28CA,西門段三小段,2.73,都市：商
RPUNMLMKNHKFFAI28CA,西門段三小段,.69,都市：商
RPUNMLRJNHKFFAI88EA,下路頭段,630.00,都市：住
RPQNMLQLNHKFFAI38CA,後庄段,81.00,都市：住
RPVNMLRJNHKFFAI98EA,新富段四小段,4.91,都市：商
RPPNMLTJNHKFFAI38CA,盧厝段,73.00,都市：住
RPPNMLTJNHKFFAI38CA,盧厝段,22.00,都市：住
RPQNMLRJNHKFFAI38DA,短竹段,4.64,都市：住
RPWNMLRJNHKFFAI09EA,竹圍子段一小段,15.86,都市：住
RPSNMLLKNHKFFAI97CA,軍輝段,74.00,都市：住
RPWNMLOKNHKFFAI68CA,竹圍子段,3.84,都市：商
RPSNMLMKNHKFFAI08CA,竹圍子段三小段,21.79,都市：住
RPSOMLSKNHKFFAI78CA,盧厝段,20.64,都市：住
RPQOMLSJNHKFFAI48CA,盧厝段,2560.00,都市：農
RPQOMLSJNHKFFAI48CA,盧厝段,6.64,都市：農
RPQOMLSJNHKFFAI48CA,盧厝段,10.00,都市：農
RPQOMLSJNHKFFAI48CA,盧厝段,9.92,都市：農
RPVNMLKLNHKFFAI28CA,竹圍子段三小段,22.80,都市：住
RPVNMLPKNHKFFAI68CA,遠東段,164.00,都市：住
RPOOMLQKNHKFFAI18CA,車店段,88.00,都市：住
RPPOMLRJNHKFFAI28CA,中庄段,42.64,都市：住
RPXNMLQKNHKFFAI98CA,下路頭段,64.00,都市：住
RPRNMLSJNHKFFAI68EA,劉厝段,22.00,都市：住
RPRNMLSJNHKFFAI68EA,劉厝段,147.00,都市：住
RPRNMLSJNHKFFAI68EA,劉厝段,.38,都市：住
RPRNMLQKNHKFFAI38CA,車店段,75.00,都市：住
RPQOMLQLNHKFFAI48CA,港子坪段,46.00,都市：工
RPUOMLSJNHKFFAI88CA,盧東段,1.40,都市：住
RPUOMLSJNHKFFAI88CA,盧東段,1.40,都市：住
RPUOMLSJNHKFFAI88CA,盧東段,84.70,都市：住
RPUOMLSJNHKFFAI88CA,盧東段,84.70,都市：住
RPUOMLSJNHKFFAI88CA,盧東段,15.11,都市：住
RPUOMLSJNHKFFAI88CA,盧東段,15.11,都市：住
RPPNMLNKNHKFFAI08EA,崎頂段,1325.00,都市：農
RPRNMLLKNHKFFAI08EA,竹圍子段二小段,13.18,都市：住
RPPOMLTLNHKFFAI68CA,白川段,70.00,都市：住
RPOOMLTLNHKFFAI58CA,育人段,98.31,都市：住
RPQNMLNKNHKFFAI18EA,崎頂段,98.00,都市：農
RPROMLQLNHKFFAI58CA,下路頭段,24.28,都市：住
RPVOMLSKNHKFFAI09CA,車店段,51.00,都市：住
RPQNMLMJOHKFFAI87CA,埤子頭段,69.00,都市：住
RPUOMLQKNHKFFAI78CA,北社尾段保安小段,23.34,都市：住
RPUOMLMLNHKFFAI48CA,玉川段,15.31,都市：住
RPPOMLQKNHKFFAI28CA,軍輝段,72.00,都市：住
RPWNMLNLNHKFFAI68CA,埤子頭段,95.00,都市：住
RPSNMLQKNHKFFAI48CA,育人段,3.69,都市：住
RPSNMLQKNHKFFAI48CA,育人段,82.36,都市：住
RPTNMLNJPHKFFAI38CA,北園段,19.97,都市：住
RPTNMLNJPHKFFAI38CA,北園段,83.00,都市：住
RPPNMLQKNHKFFAI18CA,竹圍子段,62.00,都市：住
RPRNMLPKNHKFFAI48EA,北社尾段,2.00,都市：住
RPQNMLQKNHKFFAI28CA,太平段,9.65,都市：住
RPQNMLKLNHKFFAI77CA,竹圍子段二小段,22.18,都市：住
RPQNMLNLNHKFFAI08CA,北社尾段,94.00,都市：住
RPQNMLNLNHKFFAI08CA,北社尾段,21.52,都市：住
RPPNMLOKNHKFFAI97CA,溪厝段,17727.62,都市：農
RPTNMLPKNHKFFAI48CA,西門段六小段,1.09,都市：商
RPTNMLPKNHKFFAI48CA,新富段六小段,3.66,都市：商
RPSNMLPKNHKFFAI38CA,興村段,82.00,都市：住
RPQNMLOKNHKFFAI08CA,太平段,33.43,都市：住
RPPNMLMKNHKFFAI97EA,短竹段,11.19,都市：住
RPQNMLMKNHKFFAI08EA,遠東段,16.80,都市：住
RPSNMLTKNHKFFAI78CA,竹圍子段二小段,18.56,都市：商
RPRNMLTKNHKFFAI68CA,竹圍子段二小段,10.85,都市：住
RPSNMLNKNHKFFAI38EA,下路頭段,88.00,都市：住
RPSNMLSKNHKFFAI68CA,盧厝段,7.60,都市：住
RPWNMLKMNHKFFAI48CA,湖內段,21.68,都市：住
RPTNMLMKNHKFFAI18CA,車店段,8.18,都市：住
RPTNMLMKNHKFFAI18CA,白川段,16.13,都市：住
RPTNMLOKNHKFFAI38CA,盧厝段,74.00,都市：住
RPXNMLNLNHKFFAI78CA,短竹段,4.21,都市：住
RPXNMLNLNHKFFAI78CA,短竹段,3.39,都市：住
RPQOMLMJOHKFFAI97CA,八掌段,127.20,都市：住
RPQOMLMJOHKFFAI97CA,八掌段,21.76,都市：住
RPQOMLMJOHKFFAI97CA,八掌段,.50,都市：住
RPQOMLMJOHKFFAI97CA,八掌段,9.20,都市：農
RPROMLQKNHKFFAI48CA,北社尾段,23.22,都市：住
RPROMLSKNHKFFAI68CA,車店段車店小段,73.00,都市：住
RPSNMLLLNHKFFAI08CA,後庄段,104.00,都市：住
RPRNMLLLNHKFFAI97CA,白川段,34.88,都市：住
RPSOMLLLNHKFFAI18CA,西門段五小段,75.00,都市：商
RPSOMLLLNHKFFAI18CA,西門段五小段,27.00,都市：商
RPTNMLSKNHKFFAI88DA,湖東段,6.00,都市：其他
RPRNMLOKNHKFFAI18CA,大溪段,1032.94,都市：農
RPRNMLOKNHKFFAI18CA,溪東段,1148.08,都市：農
RPRNMLOKNHKFFAI18CA,溪東段,17.12,都市：農
RPRNMLOKNHKFFAI18CA,溪東段,1299.38,都市：農
RPRNMLOKNHKFFAI18CA,溪東段,142.26,都市：農
RPRNMLOKNHKFFAI18CA,溪東段,1311.38,都市：農
RPRNMLOKNHKFFAI18CA,溪東段,4866.50,都市：農
RPRNMLOKNHKFFAI18CA,溪東段,124.35,都市：農
RPXNMLMLNHKFFAI88EA,堀川段,36.48,都市：住
RPXNMLMLNHKFFAI88EA,堀川段,1.85,都市：其他
RPSOMLQKNHKFFAI58CA,盧厝段,43.56,都市：住
RPSNMLOKNHKFFAI48EA,下路頭段,54.00,都市：住
RPSNMLOKNHKFFAI48EA,下路頭段,2.00,都市：住
RPUNMLSKNHKFFAI98DA,湖內段,18.00,都市：其他
RPQNMLPLNHKFFAI28CA,下路頭段,7.07,都市：住
RPQNMLPLNHKFFAI28CA,下路頭段,7.07,都市：住
RPQNMLSKNHKFFAI48CA,湖內段,25.00,都市：住
RPRNMLSKNHKFFAI58CA,湖內段,64.00,都市：住
RPXNMLOKNHKFFAI78CA,西門段四小段,127.00,都市：商
RPTOMLQKNHKFFAI68CA,湖內段,10.18,都市：住
RPTOMLQKNHKFFAI68CA,湖內段,8.05,都市：住
RPUNMLMKOHKFFAI58EA,北園段,198.00,都市：住
RPOOMLKMNHKFFAI77CA,下路頭段,16.96,都市：住
RPUNMLKMNHKFFAI28CA,車店段車店小段,70.00,都市：住
RPTNMLKMNHKFFAI18CA,同興段,19.14,都市：住
RPUNMLSJOHKFFAI88CA,台斗坑段,20.71,都市：住
RPUNMLSJOHKFFAI88CA,台斗坑段,.01,都市：其他
RPVNMLKKOHKFFAI28CA,埤子頭段,4.28,都市：住
RPUNMLMJOHKFFAI28CA,下路頭段,16.31,都市：住
RPWNMLKKOHKFFAI38CA,北湖段,89.00,都市：住
RPUNMLKKOHKFFAI18CA,下路頭段,7.07,都市：住
RPTOMLKKOHKFFAI18CA,竹圍子段,22.69,都市：住
RPTNMLMJOHKFFAI18CA,下路頭段,15.77,都市：住
RPOOMLNLNHKFFAI97CA,玉川段,82.00,都市：住
RPWOMLSKNHKFFAI56CA,後庄段,92.00,都市：住
RPTNMLKLNHKFFAI08CA,興村段,4.38,都市：其他
RPTNMLKLNHKFFAI08CA,興村段,5.54,都市：其他
RPRNMLKLNHKFFAI87CA,埤子頭段,2.26,都市：住
RPRNMLKLNHKFFAI87CA,埤子頭段,12.00,都市：住
RPRNMLKLNHKFFAI87CA,埤子頭段,.50,都市：住
RPRNMLKLNHKFFAI87CA,埤子頭段,.08,都市：住
RPRNMLKLNHKFFAI87CA,埤子頭段,.05,都市：住
RPRNMLKLNHKFFAI87CA,埤子頭段,.08,都市：住
RPRNMLKLNHKFFAI87CA,埤子頭段,.10,都市：住
RPRNMLKLNHKFFAI87CA,埤子頭段,.12,都市：住
RPRNMLKLNHKFFAI87CA,埤子頭段,.10,都市：住
RPRNMLKLNHKFFAI87CA,埤子頭段,.10,都市：住
RPRNMLKLNHKFFAI87CA,埤子頭段,.15,都市：住
RPRNMLKLNHKFFAI87CA,埤子頭段,.15,都市：住
RPQOMLLLNHKFFAI97CA,車店段,34.51,都市：住
RPQOMLLLNHKFFAI97CA,白川段,3.27,都市：住
RPSNMLKMNHKFFAI08CA,盧厝段,107.00,都市：住
RPSOMLNJOHKFFAI28CA,竹圍子段二小段,22.92,都市：住
RPTNMLNLNHKFFAI38CA,竹村段,132.24,都市：住
RPSNMLRLNHKFFAI68CA,北園段,43.10,都市：住
RPSNMLRLNHKFFAI68CA,北園段,78.19,都市：住
RPPNMLKMNHKFFAI77CA,埤子頭段,31.55,都市：住
RPRNMLPLNHKFFAI38CA,車店段車店小段,72.76,都市：住
RPRNMLNLNHKFFAI18CA,北社尾段,23.22,都市：住
RPVNMLNLNHKFFAI58CA,玉川段,72.00,都市：住
RPVNMLNLNHKFFAI58CA,玉川段,12.00,都市：住
RPUOMLQLNHKFFAI88CA,西門段三小段,3.39,都市：商
RPUOMLQLNHKFFAI88CA,西門段三小段,.85,都市：商
RPRNMLQLNHKFFAI48CA,北園段,60.00,都市：住
RPOOMLQLNHKFFAI28CA,劉厝段玉山小段,275.01,都市：住
RPXNMLQLNHKFFAI09CA,北門段五小段,83.00,都市：商
RPXNMLQLNHKFFAI09CA,北門段五小段,72.00,都市：商
RPVNMLSKNHKFFAI56EA,短竹段,14.64,都市：住
RPUOMLNJOHKFFAI48CA,同興段,22.21,都市：住
RPUOMLNJOHKFFAI48CA,同興段,81.00,都市：住
RPUOMLNJOHKFFAI48CA,同興段,3.00,都市：住
RPSOMLLJOHKFFAI08CA,竹圍子段,107.00,都市：住
RPROMLLJOHKFFAI97CA,興村段,15.89,都市：住
RPROMLMJOHKFFAI08CA,劉厝段,232.00,都市：住
RPROMLMJOHKFFAI08CA,劉厝段,26.00,都市：住
RPUOMLKKOHKFFAI28CA,末廣段五小段,5.02,都市：住
RPVOMLKKOHKFFAI38CA,下路頭段,88.00,都市：住
RPQNMLMKOHKFFAI97CA,劉厝段玉山小段,126.21,都市：住
RPQNMLKMNHKFFAI87CA,港子坪段港坪小段,108.00,都市：住
RPTNMLQLNHKFFAI68CA,竹圍子段二小段,17.47,都市：住
RPQNMLLKOHKFFAI08EA,下路頭段,53.00,都市：住
RPTNMLQKOHKFFAI68CA,太平段,86.00,都市：其他
RPWNMLQKOHKFFAI98CA,太平段,14.48,都市：住
RPRNMLKMNHKFFAI97CA,竹圍子段二小段,8.33,都市：住
RPXNMLLJOHKFFAI48CA,民族段一小段,.39,都市：其他
RPXNMLLJOHKFFAI48CA,民族段二小段,1.17,都市：其他
RPXNMLLJOHKFFAI48CA,民族段二小段,.11,都市：其他
RPQNMLSLNHKFFAI58CA,同興段,15.03,都市：住
RPPOMLMJOHKFFAI87CA,車店段車店小段,46.00,都市：住
RPVNMLMJOHKFFAI38CA,下路頭段,15.23,都市：住
RPOOMLMJOHKFFAI77CA,下路頭段,86.00,都市：住
RPXNMLTLNHKFFAI76CA,遠東段,14.00,都市：住
SPXNMLLJOHKFFAI58CA,民族段一小段,.39,都市：其他
SPXNMLLJOHKFFAI58CA,民族段二小段,1.17,都市：其他
SPXNMLLJOHKFFAI58CA,民族段二小段,.11,都市：其他
RPVNMLKMNHKFFAI38CA,興村段,1.92,都市：住
RPVNMLKMNHKFFAI38CA,興村段,11.59,都市：住
RPOOMLLJOHKFFAI67CA,民族段一小段,5.47,都市：其他
RPOOMLLJOHKFFAI67CA,民族段二小段,16.39,都市：其他
RPOOMLLJOHKFFAI67CA,民族段二小段,1.49,都市：其他
RPXNMLKMNHKFFAI58CA,車店段車店小段,32.22,都市：住
RPSNMLNLNHKFFAI28CA,遠東段,253.00,都市：工
RPQNMLOJOHKFFAI08CA,北社尾段,10.57,都市：住
RPSOMLKKOHKFFAI08CA,台斗坑段,12.01,都市：住
RPUNMLNJOHKFFAI38CA,車店段車店小段,97.00,都市：住
RPPNMLQJOHKFFAI18CA,盧厝段,5.97,都市：住
RPQNMLQKOHKFFAI38CA,盧厝段,23.05,都市：住
RPTNMLMKOHKFFAI48EA,下路頭段,13.59,都市：住
RPROMLLLNHKFFAI08CA,下路頭段,134.00,都市：住
RPVNMLMKOHKFFAI48CA,新厝段,26.16,都市：住
RPVNMLMKOHKFFAI48CA,新厝段,.02,都市：住
RPOOMLLLNHKFFAI77CA,下路頭段,302.00,都市：住
RPUNMLLLNHKFFAI48EA,白川段,41.00,都市：住
RPUNMLLLNHKFFAI48EA,白川段,1.00,都市：住
RPQNMLMLNHKFFAI18EA,軍輝段,68.00,都市：住
RPTNMLRLNHKFFAI98EA,興村段,175.00,都市：住
RPXNMLLLNHKFFAI58CA,盧厝段,139.00,都市：住
RPQNMLLLNHKFFAI87CA,遠東段,74.00,都市：住
RPQNMLLLNHKFFAI87CA,遠東段,18.29,都市：住
RPPNMLTLNHKFFAI68DA,湖內段,236.00,都市：住
RPVNMLLLNHKFFAI38CA,北社尾段,127.00,都市：住
RPWNMLLLNHKFFAI68EA,竹村段,18.71,都市：住
RPPNMLLLNHKFFAI97EA,北社尾段,23.30,都市：住
RPVOMLNJOHKFFAI58CA,竹圍子段二小段,102.00,都市：住
RPWOMLNJOHKFFAI68CA,車店段車店小段,6.85,都市：住
RPROMLNJOHKFFAI18CA,後庄段,14.00,都市：農
RPROMLNJOHKFFAI18CA,後庄段,1.08,都市：農
RPROMLNJOHKFFAI18CA,後庄段,12.25,都市：農
RPROMLNJOHKFFAI18CA,後庄段,7.17,都市：農
RPROMLNJOHKFFAI18CA,後庄段,27.33,都市：農
RPROMLNJOHKFFAI18CA,後庄段,122.00,都市：農
RPROMLNJOHKFFAI18CA,後庄段,226.00,都市：農
RPROMLNJOHKFFAI18CA,後庄段,.25,都市：農
RPQOMLQKOHKFFAI48CA,遠東段,2.80,都市：住
RPQOMLQKOHKFFAI48CA,遠東段,2.80,都市：住
RPTOMLNJOHKFFAI38CA,下埤段,87.21,都市：住
RPTOMLNJOHKFFAI38CA,下埤段,.30,都市：住
RPPNMLMLNHKFFAI87CA,劉厝段劉厝小段,14.05,都市：住
RPWNMLTLNHKFFAI66CA,港子坪段港坪小段,100.00,都市：住
RPPNMLLJOHKFFAI67CA,元段二小段,1.74,都市：住
RPPNMLLJOHKFFAI67CA,元段二小段,.46,都市：住
RPPNMLLJOHKFFAI67CA,元段二小段,.85,都市：住
RPPNMLLJOHKFFAI67CA,元段二小段,1.62,都市：住
RPPOMLQLNHKFFAI38CA,劉厝段玉山小段,275.00,都市：住
RPQOMLSJOHKFFAI58CA,興村段,13.00,都市：住
RPRNMLRLNHKFFAI58CA,新富段三小段,4.98,都市：商
RPRNMLRLNHKFFAI58CA,新富段三小段,.25,都市：住
RPROMLRLNHKFFAI68CA,蘭潭段,633.06,都市：農
RPQOMLRLNHKFFAI58CA,蘭潭段,628.10,都市：農
RPOOMLMLNHKFFAI87CA,湖內段,78.00,都市：住
RPOOMLMLNHKFFAI87CA,湖內段,11.00,都市：住
RPOOMLMLNHKFFAI87CA,湖內段,14.00,都市：住
RPOOMLMLNHKFFAI87CA,湖內段,415.00,都市：住
RPOOMLMLNHKFFAI87CA,湖內段,35.00,都市：住
RPPNMLQLNHKFFAI28CA,短竹段,126.00,都市：住
RPSOMLQLNHKFFAI68CA,竹圍子段,12.42,都市：住
RPPNMLOJOHKFFAI97CA,盧東段,109.43,都市：農
RPPNMLOJOHKFFAI97CA,盧東段,20.28,都市：農
RPVNMLSLNHKFFAI09CA,竹村段,139.07,都市：住
RPVNMLSLNHKFFAI09CA,竹村段,5.93,都市：住
RPVNMLQLNHKFFAI09EA,元段四小段,48.00,都市：商
RPQNMLTLNHKFFAI88EA,中庄段,68.00,都市：住
RPROMLMLNHKFFAI38EA,埤子頭段,25.18,都市：住
RPPOMLKMNHKFFAI87CA,短竹段,6.07,都市：住
RPQNMLTJOHKFFAI78EA,下路頭段,53.00,都市：住
RPWNMLSLNHKFFAI56CA,埤子頭段,108.00,都市：住
RPQOMLLJOHKFFAI87CA,港子坪段,140.00,都市：住
RPQOMLLJOHKFFAI87CA,港子坪段,1.13,都市：其他
RPQNMLQJOHKFFAI28CA,南門段三小段,53.00,都市：住
RPRNMLQJOHKFFAI38CA,白川段,48.63,都市：住
RPQOMLNJOHKFFAI08CA,竹圍子段,126.50,都市：住
RPQOMLNJOHKFFAI08CA,竹圍子段,126.50,都市：住
RPWNMLSKOHKFFAI56CA,玉川段,84.51,都市：住
RPPNMLSKOHKFFAI48CA,港子坪段港坪小段,22.40,都市：住
RPTNMLSLNHKFFAI09EA,湖內段,12.00,都市：住
RPSNMLTLNHKFFAI09EA,盧厝段,207.00,都市：農
RPXNMLPKOHKFFAI98CA,盧厝段,98.00,都市：住
RPPOMLPKOHKFFAI28CA,竹圍子段二小段,9.63,都市：住
RPVNMLLJOHKFFAI38DA,盧厝段,2.91,都市：住
RPVNMLLJOHKFFAI38DA,太平段,7.09,都市：住
RPXNMLMKOHKFFAI68CA,同興段,18.71,都市：住
RPXNMLMKOHKFFAI68CA,同興段,132.00,都市：住
RPTNMLNJOHKFFAI28CA,竹圍子段,64.00,都市：住
RPTNMLNJOHKFFAI28CA,竹圍子段,63.00,都市：住
RPTOMLPKOHKFFAI68CA,頂庄段,16.56,都市：住
RPXNMLSKOHKFFAI66CA,八掌段,119.87,都市：住
RPXNMLSKOHKFFAI66CA,八掌段,21.76,都市：住
RPXNMLSKOHKFFAI66CA,八掌段,.50,都市：住
RPXNMLSKOHKFFAI66CA,八掌段,9.20,都市：住
RPQOMLKMNHKFFAI97CA,車店段,81.00,都市：住
RPTNMLOLOHKFFAI58CA,竹圍子段二小段,13.72,都市：住
RPRNMLTJOHKFFAI68CA,竹圍子段二小段,120.00,都市：住
RPRNMLTJOHKFFAI68CA,竹圍子段二小段,120.00,都市：住
RPVNMLLKOHKFFAI38CA,遠東段,507.00,都市：工
RPUNMLLJOHKFFAI18CA,北園段,22.04,都市：住
RPUNMLLJOHKFFAI18CA,北園段,95.00,都市：住
RPXNMLLKOHKFFAI58CA,盧厝段,76.00,都市：住
RPOOMLLKOHKFFAI77CA,堀川段,50.00,都市：住
RPRNMLOJOHKFFAI18CA,新富段六小段,2.00,都市：商
RPVNMLOJOHKFFAI58CA,台斗坑段,46.00,都市：住
RPVNMLOJOHKFFAI58CA,台斗坑段,27.00,都市：住
RPVNMLOJOHKFFAI58CA,台斗坑段,73.00,都市：住
RPVNMLRLNHKFFAI98CA,中庄段,68.00,都市：住
RPUNMLQLNHKFFAI98EA,北社尾段,12.41,都市：住
RPSNMLSLNHKFFAI88DA,下路頭段,69.00,都市：住
RPQOMLPKOHKFFAI38CA,車店段車店小段,192.00,都市：住
RPQNMLLJOHKFFAI97EA,車店段車店小段,28.78,都市：住
RPWOMLNJOHKFFAI88EA,元段三小段,20.00,都市：商
RPUNMLSLNHKFFAI56EA,盧厝段,13.06,都市：住
RPUOMLRLNHKFFAI98CA,同興段,5500.00,都市：其他
RPUOMLRLNHKFFAI98CA,同興段,8843.00,都市：其他
RPUOMLRLNHKFFAI98CA,同興段,42.00,都市：其他
RPUOMLRLNHKFFAI98CA,遠東段,2.00,都市：其他
RPUOMLRLNHKFFAI98CA,遠東段,65.00,都市：其他
RPPNMLNJOHKFFAI08EA,中山段三小段,7.40,都市：住
RPPNMLNJOHKFFAI08EA,中山段三小段,12.30,都市：住
RPPNMLNJOHKFFAI08EA,中山段三小段,.24,都市：住
RPPNMLNKOHKFFAI97CA,興村段,16.80,都市：商
RPTNMLNKOHKFFAI38CA,車店段車店小段,141.50,都市：住
RPRNMLTLNHKFFAI98EA,末廣段四小段,67.00,都市：商
RPRNMLTLNHKFFAI98EA,末廣段四小段,3.00,都市：商
RPOOMLQKOHKFFAI38DA,白川段,279.00,都市：其他
RPOOMLQKOHKFFAI38DA,白川段,26.00,都市：其他
RPOOMLQKOHKFFAI38DA,白川段,74.00,都市：其他
RPOOMLQKOHKFFAI48EA,竹圍子段友愛小段,86.00,都市：住
RPTNMLTLNHKFFAI56EA,車店段車店小段,5.27,都市：住
RPTNMLTLNHKFFAI56EA,車店段車店小段,5.10,都市：住
RPQNMLNKOHKFFAI08CA,玉川段,23.74,都市：住
RPQNMLNKOHKFFAI08CA,玉川段,23.32,都市：住
RPQNMLNKOHKFFAI08CA,玉川段,21.36,都市：住
RPQNMLNKOHKFFAI08CA,玉川段,33.30,都市：住
RPQNMLNKOHKFFAI08CA,玉川段,33.30,都市：住
RPQNMLNKOHKFFAI08CA,玉川段,33.44,都市：住
RPQNMLNKOHKFFAI08CA,玉川段,33.44,都市：住
RPTNMLQJOHKFFAI58CA,北園段,1503.00,都市：農
RPWNMLLJOHKFFAI58EA,下路頭段,74.00,都市：住
RPPNMLPJOHKFFAI28EA,台斗坑段,.26,都市：住
RPPNMLPJOHKFFAI28EA,台斗坑段,15.07,都市：住
RPPNMLPJOHKFFAI28EA,台斗坑段,10.16,都市：住
RPPOMLNJOHKFFAI97CA,檜段四小段,8.44,都市：商
RPROMLKKOHKFFAI97CA,下路頭段,1.93,都市：住
RPROMLKKOHKFFAI97CA,下路頭段,1.56,都市：住
RPROMLKKOHKFFAI97CA,下路頭段,17.97,都市：住
RPOOMLPKOHKFFAI18CA,盧厝段,63.00,都市：住
RPOOMLPKOHKFFAI18CA,盧厝段,2.00,都市：住
RPSNMLNJOHKFFAI18CA,劉厝段玉山小段,11.52,都市：住
RPSNMLNJOHKFFAI18CA,劉厝段玉山小段,106.16,都市：住
RPSOMLPLOHKFFAI68CA,短竹段,43.46,都市：住
RPUNMLPLOHKFFAI98EA,車店段,66.00,都市：住
RPXNMLMJOHKFFAI78EA,港子坪段,342.00,都市：住
RPWNMLPKOHKFFAI88CA,車店段車店小段,84.00,都市：住
RPVNMLQLOHKFFAI98CA,軍輝段,70.00,都市：住
RPTNMLQLOHKFFAI78CA,港子坪段港坪小段,19.57,都市：住
RPUNMLQLOHKFFAI88CA,下路頭段,9.79,都市：住
RPVNMLNLOHKFFAI68CA,盧厝段,8.43,都市：住
RPRNMLNLOHKFFAI28CA,劉厝段玉山小段,153.37,都市：住
RPRNMLPJOHKFFAI28CA,竹村段,9.68,都市：其他
RPVNMLPLOHKFFAI88CA,東川段,8.67,都市：商
RPQNMLSJOHKFFAI48CA,東門段五小段,61.00,都市：住
RPSNMLQJOHKFFAI48CA,新富段四小段,3.82,都市：商
RPXNMLQKOHKFFAI56DA,竹圍子段二小段,24.17,都市：住
RPQNMLNJOHKFFAI97CA,下路頭段,1.00,都市：住
RPQNMLNJOHKFFAI97CA,下路頭段,46.00,都市：住
RPOOMLNJOHKFFAI87CA,下路頭段,32.78,都市：住
RPPNMLKLOHKFFAI77CA,檜段一小段,12.98,都市：住
RPPNMLKLOHKFFAI77CA,檜段二小段,19.64,都市：住
RPVNMLPJOHKFFAI68CA,下埤段,1397.29,都市：農
RPSNMLNKOHKFFAI28CA,下路頭段,85.00,都市：住
RPSNMLPJOHKFFAI38CA,民族段二小段,76.00,都市：住
RPPNMLMKOHKFFAI87CA,中庄段,97.00,都市：住
RPROMLPKOHKFFAI48CA,盧厝段,62.00,都市：住
RPPOMLLKOHKFFAI87CA,車店段車店小段,6.75,都市：住
RPPNMLTJOHKFFAI48CA,台斗坑段,34.00,都市：住
RPPNMLTJOHKFFAI48CA,台斗坑段,31.20,都市：住
RPVNMLTJOHKFFAI09CA,盧東段,81.44,都市：農
RPVNMLTJOHKFFAI09CA,盧東段,89.77,都市：農
RPVNMLTJOHKFFAI09CA,盧東段,88.40,都市：農
RPVNMLTJOHKFFAI09CA,盧東段,88.40,都市：農
RPVNMLTJOHKFFAI09CA,盧東段,89.76,都市：農
RPVNMLTJOHKFFAI09CA,盧東段,113.68,都市：農
RPUNMLSKOHKFFAI98CA,軍輝段,24.33,都市：住
RPUNMLSKOHKFFAI98CA,軍輝段,24.33,都市：住
RPUNMLSKOHKFFAI98CA,軍輝段,24.33,都市：住
RPQNMLOKOHKFFAI18CA,短竹段,165.00,都市：住
RPRNMLOKOHKFFAI28CA,短竹段,164.00,都市：住
RPQOMLQLOHKFFAI58CA,新富段五小段,53.00,都市：商
RPROMLQLOHKFFAI68CA,車店段車店小段,139.00,都市：住
RPSOMLQKOHKFFAI68CA,竹圍子段二小段,114.00,都市：住
RPTNMLKMOHKFFAI28CA,長竹段,16.17,都市：住
RPTNMLKMOHKFFAI28CA,長竹段,60.00,都市：住
RPQNMLKMOHKFFAI97CA,同興段,15.03,都市：住
RPROMLQKOHKFFAI58CA,元段三小段,54.00,都市：商
RPROMLQKOHKFFAI58CA,元段三小段,28.00,都市：商
RPROMLQKOHKFFAI58CA,元段三小段,101.00,都市：商
RPROMLQKOHKFFAI58CA,元段三小段,131.00,都市：商
RPROMLQKOHKFFAI58CA,元段三小段,8.50,都市：商
RPSNMLSJOHKFFAI68CA,堀川段,35.00,都市：住
RPVNMLSJOHKFFAI98CA,下路頭段,167.00,都市：其他
RPXNMLKKOHKFFAI48CA,遠東段,10.00,都市：住
RPXNMLKKOHKFFAI48CA,遠東段,155.00,都市：住
RPRNMLSJOHKFFAI58CA,榮段六小段,110.00,都市：商
RPXNMLTLOHKFFAI86CA,興村段,41.60,都市：住
RPQOMLKKOHKFFAI87CA,南門段六小段,2.67,都市：商
RPQOMLKKOHKFFAI87CA,元段六小段,7.29,都市：商
RPQOMLKKOHKFFAI87CA,元段六小段,10.56,都市：商
RPOOMLKKOHKFFAI67CA,竹圍子段二小段,84.00,都市：住
RPQNMLPJOHKFFAI38EA,湖內段,82.00,都市：工
RPTNMLPJOHKFFAI68EA,下路頭段,68.00,都市：住
RPPNMLSJOHKFFAI58EA,太平段,9.65,都市：住
RPWNMLSJOHKFFAI09CA,西門段四小段,5.29,都市：住
RPWNMLSJOHKFFAI09CA,西門段四小段,5.29,都市：住
RPUNMLTJOHKFFAI98CA,下路頭段,75.00,都市：住
RPUNMLTJOHKFFAI98CA,下路頭段,10.00,都市：住
RPRNMLNKOHKFFAI18CA,竹圍子段,82.00,都市：住
RPVNMLNJPHKFFAI58CA,埤子頭段,6.19,都市：住
RPWNMLQLOHKFFAI09CA,西門段一小段,11.37,都市：商
RPWNMLQLOHKFFAI09CA,西門段一小段,3.44,都市：商
RPSNMLKMOHKFFAI18CA,北社尾段保安小段,2.58,都市：住
RPUNMLNJPHKFFAI48CA,竹圍子段中興小段,14.62,都市：住
RPTNMLTJOHKFFAI88CA,港子坪段港坪小段,12.75,都市：住
RPTNMLTJOHKFFAI88CA,港子坪段港坪小段,21.00,都市：住
RPXOMLKKOHKFFAI58CA,西門段四小段,6.49,都市：商
RPXNMLSJOHKFFAI56CA,竹圍子段中興小段,207.00,都市：商
RPXNMLPLOHKFFAI09CA,新富段三小段,11.64,都市：住
RPXNMLPLOHKFFAI09CA,新富段三小段,.58,都市：住
RPSOMLQLOHKFFAI78CA,西門段六小段,3.72,都市：商
RPSOMLQLOHKFFAI78CA,西門段六小段,1.16,都市：商
RPPOMLPLOHKFFAI38CA,竹村段,31.55,都市：住
RPROMLPLOHKFFAI58CA,西門段二小段,29.06,都市：商
RPWNMLTJOHKFFAI56CA,同興段,97.00,都市：住
RPOOMLTJOHKFFAI48CA,同興段,90.00,都市：住
RPWOMLKKOHKFFAI48CA,興村段,65.00,都市：住
RPXNMLTJOHKFFAI66CA,同興段,116.00,都市：住
RPPOMLTJOHKFFAI58CA,同興段,83.00,都市：住
RPPOMLTJOHKFFAI58CA,同興段,4.59,都市：住
RPSNMLKKOHKFFAI18EA,盧厝段,10.86,都市：住
RPRNMLKLOHKFFAI97CA,檜段七小段,15.73,都市：住
RPQNMLKLOHKFFAI87CA,港子坪段,2829.00,都市：工
RPPOMLNLOHKFFAI38EA,下路頭段,13.59,都市：住
RPQNMLKKOHKFFAI77CA,下路頭段,96.00,都市：住
RPQNMLLKOHKFFAI87CA,湖內段,90.00,都市：住
RPRNMLRJPHKFFAI58CA,興村段,118.00,都市：住
RPSNMLRJPHKFFAI68CA,興村段,116.00,都市：住
RPQNMLRJPHKFFAI48CA,興村段,125.00,都市：住
RPSNMLLKOHKFFAI08CA,劉厝段,168.00,都市：住
RPVNMLSLOHKFFAI56CA,彌陀段,20.33,都市：住
RPRNMLLKOHKFFAI97CA,湖內段,103.00,都市：住
RPPOMLRJRHKFFAI68CA,興村段,123.00,都市：住
RPTOMLPLOHKFFAI78CA,興村段,3.41,都市：住
RPTOMLPLOHKFFAI78CA,興村段,20.56,都市：住
RPQOMLPLOHKFFAI48CA,堀川段,25.08,都市：住
RPXNMLQLOHKFFAI56CA,車店段車店小段,7.97,都市：住
RPPOMLQLOHKFFAI48CA,車店段,80.00,都市：住
RPUNMLLKOHKFFAI28CA,竹圍子段,74.50,都市：住
RPTOMLQLOHKFFAI88CA,盧東段,13.22,都市：住
RPTOMLQLOHKFFAI88CA,盧東段,123.92,都市：住
RPTOMLQLOHKFFAI88CA,盧東段,.07,都市：住
RPTNMLKLOHKFFAI18CA,下路頭段,83.00,都市：住
RPUNMLKLOHKFFAI28CA,北社尾段,105.00,都市：住
RPOOMLMKOHKFFAI87CA,車店段車店小段,5.93,都市：住
RPTOMLLKOHKFFAI28CA,太平段,94.00,都市：住
RPTOMLLKOHKFFAI28CA,太平段,22.00,都市：住
RPVOMLLKOHKFFAI48CA,大溪厝段,64.00,都市：住
RPVOMLLKOHKFFAI48CA,大溪厝段,21.98,都市：住
RPQNMLRLOHKFFAI58CA,竹圍子段二小段,21.19,都市：住
RPUOMLLKOHKFFAI38CA,大溪厝段,69.00,都市：住
RPUOMLLKOHKFFAI38CA,大溪厝段,16.95,都市：住
RPUNMLSLOHKFFAI09CA,竹圍子段二小段,10.85,都市：住
RPTNMLRJPHKFFAI78CA,興村段,120.00,都市：住
RPXOMLRJPHKFFAI66CA,竹圍子段一小段,237.00,都市：住
RPUNMLRJPHKFFAI88CA,興村段,136.00,都市：住
RPPPMLRJPHKFFAI58CA,湖子內段湖內小段,79.68,都市：住
RPQNMLPKOHKFFAI28CA,下路頭段,113.00,都市：住
RPPNMLPKOHKFFAI18CA,下路頭段,9.00,都市：住
RPPNMLPKOHKFFAI18CA,下路頭段,48.00,都市：住
RPVNMLRJPHKFFAI98CA,興村段,195.00,都市：住
RPUOMLPKOHKFFAI78CA,下路頭段,9.24,都市：住
RPSNMLMKOHKFFAI38EA,下路頭段,71.00,都市：住
RPQPMLRJPHKFFAI68CA,車店段,46.50,都市：住
RPQPMLRJPHKFFAI68CA,車店段,46.50,都市：住
RPQPMLRJPHKFFAI68CA,車店段,13.35,都市：住
RPQPMLRJPHKFFAI68CA,車店段,13.35,都市：住
RPUNMLLKOHKFFAI48EA,育人段,3.12,都市：農
RPPNMLOLOHKFFAI28DA,堀川段,99.00,都市：住
RPSNMLQKOHKFFAI78EA,白川段,29.50,都市：住
RPRNMLPKOHKFFAI38CA,湖內段,4.00,都市：住
RPRNMLPKOHKFFAI38CA,湖內段,75.00,都市：住
RPRNMLPKOHKFFAI38CA,湖內段,8.00,都市：住
RPRNMLMKOHKFFAI28EA,下路頭段,88.00,都市：住
RPTNMLPKOHKFFAI58CA,玉川段,35.00,都市：住
RPTNMLPKOHKFFAI58CA,玉川段,35.00,都市：住
RPTNMLPKOHKFFAI58CA,玉川段,8.00,都市：住
RPTNMLPKOHKFFAI58CA,玉川段,8.00,都市：住
RPRNMLSKOHKFFAI68CA,車店段車店小段,5.96,都市：住
RPXNMLNLOHKFFAI09EA,白川段,6.53,都市：住
RPQNMLQJPHKFFAI38CA,遠東段,21.46,都市：住
RPWNMLNLOHKFFAI98EA,白川段,6.53,都市：住
RPTNMLRLOHKFFAI88CA,遠東段,249.00,都市：工
RPTNMLRLOHKFFAI88CA,遠東段,609.00,都市：工
RPRNMLQJPHKFFAI48CA,遠東段,103.00,都市：住
RPPNMLRLOHKFFAI48CA,白川段,35.96,都市：住
RPSNMLRLOHKFFAI78CA,竹圍子段,51.00,都市：住
RPSNMLRLOHKFFAI78CA,竹圍子段,49.00,都市：住
RPSNMLRLOHKFFAI78CA,竹圍子段,257.00,都市：住
RPSNMLRLOHKFFAI78CA,竹圍子段,213.00,都市：住
RPXNMLMLOHKFFAI78CA,中山段三小段,81.00,都市：住
RPUNMLQKOHKFFAI98EA,竹圍子段,40.00,都市：住
RPSNMLKLOHKFFAI08CA,短竹段,4.64,都市：住
RPXNMLQKOHKFFAI66EA,車店段,19.40,都市：住
RPXNMLQKOHKFFAI66EA,車店段,.65,都市：住
RPVNMLKKPHKFFAI38CA,台斗坑段,21.09,都市：住
RPVNMLKKPHKFFAI38CA,台斗坑段,.01,都市：住
RPOOMLQJPHKFFAI28CA,劉厝段玉山小段,156.95,都市：住
RPRNMLTLOHKFFAI09EA,劉厝段玉山小段,102.21,都市：住
RPPOMLQJPHKFFAI38CA,劉厝段玉山小段,113.23,都市：住
RPQOMLQJPHKFFAI48CA,劉厝段玉山小段,135.20,都市：住
RPVNMLLKPHKFFAI48CA,西門段五小段,12.65,都市：住
RPROMLQJPHKFFAI58CA,劉厝段玉山小段,135.20,都市：住
RPWNMLNJPHKFFAI68CA,盧厝段,94.00,都市：住
RPWNMLLKPHKFFAI58CA,同興段,22.21,都市：住
RPWNMLLKPHKFFAI58CA,同興段,80.00,都市：住
RPWNMLLKPHKFFAI58CA,同興段,6.00,都市：住
RPTOMLQKOHKFFAI78CA,同興段,81.00,都市：住
RPTOMLQKOHKFFAI78CA,同興段,4.59,都市：住
RPTNMLLJPHKFFAI18CA,車店段,6.00,都市：住
RPTNMLLJPHKFFAI18CA,車店段,38.00,都市：住
RPTNMLLJPHKFFAI18CA,車店段,1.00,都市：住
RPTNMLNLOHKFFAI48CA,北社尾段保安小段,92.00,都市：住
RPTNMLNLOHKFFAI48CA,北社尾段保安小段,46.00,都市：住
RPUNMLNLOHKFFAI58CA,短竹段,17.55,都市：住
RPWNMLPLOHKFFAI98CA,劉厝段玉山小段,7.33,都市：住
RPWNMLPLOHKFFAI98CA,劉厝段玉山小段,111.23,都市：住
RPSNMLPKOHKFFAI48CA,下路頭段,227.00,都市：其他
RPVOMLPKOHKFFAI88CA,下路頭段,14.00,都市：住
RPVNMLPKOHKFFAI78CA,劉厝段劉厝小段,18.69,都市：住
RPSNMLPKOHKFFAI68EA,下路頭段,107.00,都市：住
RPPNMLTKOHKFFAI58CA,東川段,105.74,都市：住
RPSNMLMLOHKFFAI28CA,短竹段,3.49,都市：住
RPTNMLMLOHKFFAI38CA,劉厝段玉山小段,116.52,都市：住
RPTNMLMLOHKFFAI38CA,劉厝段玉山小段,6.95,都市：住
RPTNMLMLOHKFFAI38CA,劉厝段玉山小段,35.04,都市：住
RPQNMLSLOHKFFAI68CA,車店段車店小段,4.76,都市：住
RPQNMLSKOHKFFAI58CA,下路頭段,113.00,都市：住
RPPNMLRKOHKFFAI38CA,車店段車店小段,32.22,都市：住
RPVNMLNKPHKFFAI68CA,車店段,17.50,都市：住
RPVNMLNKPHKFFAI68CA,車店段,.59,都市：住
RPTNMLTLOHKFFAI09CA,白川段,47.00,都市：商
RPTNMLTLOHKFFAI09CA,白川段,25.00,都市：商
RPQOMLLKPHKFFAI08CA,興村段,84.23,都市：住
RPUNMLRLOHKFFAI98CA,中庄段,42.64,都市：住
RPVNMLRLOHKFFAI09CA,興村段,12.60,都市：住
RPXNMLRLOHKFFAI66CA,北社尾段,28.25,都市：住
RPOOMLLKPHKFFAI87CA,埤子頭段新厝小段,206.00,都市：住
RPOOMLLKPHKFFAI87CA,埤子頭段新厝小段,299.00,都市：住
RPWNMLRLOHKFFAI56CA,北園段,18.32,都市：住
RPOOMLRLOHKFFAI48CA,太平段,75.00,都市：住
RPXNMLNJPHKFFAI78CA,太平段,13.67,都市：住
RPTNMLSKOHKFFAI88CA,遠東段,75.00,都市：住
RPVNMLSKOHKFFAI09CA,車店段車店小段,8.84,都市：住
RPPNMLMLOHKFFAI18EA,北園段,20.00,都市：農
RPPNMLMKPHKFFAI97CA,彌陀段,126.00,都市：住
RPPNMLMKPHKFFAI97CA,彌陀段,85.00,都市：住
RPPNMLMKPHKFFAI97CA,彌陀段,85.00,都市：住
RPPNMLMKPHKFFAI97CA,彌陀段,85.00,都市：住
RPTOMLOKPHKFFAI68CA,港子坪段港坪小段,16.02,都市：住
RPTOMLOKPHKFFAI68CA,港子坪段港坪小段,4.51,都市：住
RPPNMLLKPHKFFAI87CA,興村段,76.00,都市：住
RPUOMLQLOHKFFAI98CA,遠東段,81.00,都市：住
RPVNMLOLOHKFFAI78CA,劉厝段玉山小段,501.34,都市：住
RPSNMLNLOHKFFAI58EA,竹村段,86.59,都市：農
RPVNMLMLOHKFFAI78EA,北湖段,53.00,都市：住
RPOOMLMLOHKFFAI97CA,竹圍子段,53.73,都市：其他
RPQNMLMLOHKFFAI28EA,中庄段,42.46,都市：住
RPRNMLMLOHKFFAI38EA,車店段車店小段,78.00,都市：住
RPWNMLMLOHKFFAI88EA,北湖段,.50,都市：住
RPWNMLMLOHKFFAI88EA,北湖段,99.00,都市：住
RPQNMLNLOHKFFAI18CA,盧厝段,21.68,都市：住
RPVNMLTLOHKFFAI66CA,車店段車店小段,183.00,都市：住
RPXNMLKMOHKFFAI68CA,下路頭段,7.07,都市：住
RPOOMLKMOHKFFAI87CA,興村段,85.00,都市：住
RPOOMLKMOHKFFAI87CA,興村段,.33,都市：住
RPOOMLTLOHKFFAI68CA,太平段,9.65,都市：住
RPSPMLRJPHKFFAI88CA,竹圍子段三小段,62.00,都市：住
RPWNMLTLOHKFFAI76CA,竹圍子段,55.00,都市：住
RPQOMLOKPHKFFAI38CA,湖內段,20.53,都市：住
RPPOMLKMOHKFFAI97CA,盧厝段,5.97,都市：住
RPWNMLSLOHKFFAI66CA,同興段,28.75,都市：住
RPOOMLNLOHKFFAI28EA,榮段四小段,160.00,都市：商
RPOOMLNLOHKFFAI28EA,榮段四小段,61.00,都市：商
RPPNMLSLOHKFFAI58CA,車店段,4.83,都市：住
RPPNMLSLOHKFFAI58CA,白川段,3.41,都市：住
RPPNMLNLOHKFFAI28EA,南門段五小段,11.17,都市：商
RPPNMLNLOHKFFAI28EA,南門段五小段,4.18,都市：住
RPPNMLNLOHKFFAI28EA,南門段五小段,.55,都市：住
RPPNMLRKPHKFFAI48CA,興村段,5.85,都市：住
RPPNMLRKPHKFFAI48CA,興村段,59.00,都市：住
RPQNMLRKPHKFFAI58CA,北社尾段,83.00,都市：住
RPQNMLQKPHKFFAI48CA,下路頭段,7.07,都市：住
RPOOMLOLOHKFFAI18CA,車店段車店小段,85.00,都市：住
RPUNMLOLOHKFFAI88EA,湖內段,22.33,都市：住
RPPNMLQKPHKFFAI38CA,下路頭段,7.07,都市：住
RPRNMLOLOHKFFAI48DA,北園段,12.00,都市：農
RPUNMLTLOHKFFAI66DA,東門段七小段,42.00,都市：商
RPXNMLQJPHKFFAI66EA,興村段,9.40,都市：住
RPOOMLLJPHKFFAI77CA,白川段,48.63,都市：住
RPRNMLSLOHKFFAI78CA,北社尾段保安小段,2.71,都市：住
RPRNMLRLOHKFFAI68CA,東川段,25.07,都市：商
RPUOMLOKPHKFFAI78CA,盧厝段,171.00,都市：農
RPUOMLOKPHKFFAI78CA,盧厝段,70.00,都市：農
RPUOMLOKPHKFFAI78CA,盧厝段,100.00,都市：農
RPQOMLNLOHKFFAI28CA,埤子頭段,.83,都市：住
RPQOMLNLOHKFFAI28CA,埤子頭段,42.67,都市：住
RPQOMLNLOHKFFAI28CA,埤子頭段,124.00,都市：住
RPQOMLKMOHKFFAI08CA,台斗坑段,19.02,都市：住
RPRPMLRJPHKFFAI78CA,軍輝段,13.05,都市：住
RPQNMLLKPHKFFAI97CA,南門段六小段,2.67,都市：住
RPQNMLLKPHKFFAI97CA,元段六小段,7.29,都市：住
RPQNMLLKPHKFFAI97CA,元段六小段,10.56,都市：住
RPROMLKMOHKFFAI18CA,遠東段,7.46,都市：住
RPSOMLQJPHKFFAI68CA,劉厝段玉山小段,115.20,都市：住
RPSOMLQJPHKFFAI68CA,劉厝段玉山小段,113.24,都市：住
RPQNMLTLOHKFFAI98EA,後庄段,348.00,都市：農
RPSNMLPLOHKFFAI58CA,劉厝段,166.00,都市：住
RPVOMLQLOHKFFAI09CA,湖子內段湖內小段,660.00,都市：工
RPPNMLPLOHKFFAI48EA,湖內段,6.29,都市：住
RPPNMLPLOHKFFAI48EA,湖內段,78.00,都市：住
RPPNMLPLOHKFFAI48EA,湖內段,1.53,都市：住
RPWNMLKMOHKFFAI58CA,劉厝段玉山小段,547.08,都市：住
RPOPMLRJPHKFFAI48CA,元段五小段,4.51,都市：商
RPRNMLQLOHKFFAI58CA,中庄段,29.00,都市：住
RPRNMLQLOHKFFAI58CA,中庄段,.69,都市：住
RPRNMLQLOHKFFAI58CA,中庄段,2.39,都市：住
RPRNMLQLOHKFFAI58CA,中庄段,2.48,都市：住
RPRNMLQLOHKFFAI58CA,中庄段,4.90,都市：住
RPSNMLOJPHKFFAI38CA,車店段,101.00,都市：住
RPRNMLKLPHKFFAI08CA,車店段,19.32,都市：住
RPRNMLKLPHKFFAI08CA,車店段,8.95,都市：住
RPRNMLKLPHKFFAI08CA,車店段,6.24,都市：住
RPRNMLKLPHKFFAI08CA,白川段,1.83,都市：住
RPRNMLKLPHKFFAI08CA,白川段,.85,都市：住
RPRNMLKLPHKFFAI08CA,白川段,.59,都市：住
RPOOMLLLPHKFFAI97CA,湖內段,23.46,都市：住
RPROMLLLPHKFFAI28CA,短竹段,3.39,都市：住
RPSNMLLLPHKFFAI28CA,北社尾段,13.78,都市：住
RPROMLMLPHKFFAI38CA,末廣段四小段,134.00,都市：商
RPROMLMLPHKFFAI38CA,末廣段四小段,133.00,都市：商
RPPOMLRKPHKFFAI58CA,短竹段,4.76,都市：住
RPSNMLMLPHKFFAI38CA,白川段,44.56,都市：住
RPPNMLSKPHKFFAI58CA,檜段七小段,7.52,都市：住
RPWNMLQJPHKFFAI56EA,遠東段,1034.00,都市：工
RPUNMLSJPHKFFAI98CA,埤子頭段,19.46,都市：住
RPPOMLLLPHKFFAI08CA,下路頭段,4.89,都市：住
RPXNMLLJPHKFFAI58CA,新厝段,133.00,都市：農
RPRNMLNJPHKFFAI38EA,車店段車店小段,50.24,都市：住
RPOOMLQLOHKFFAI38CA,白川段,35.57,都市：住
RPSNMLQJPHKFFAI68DA,湖內段,13.20,都市：商
RPTNMLLKPHKFFAI28CA,竹圍子段二小段,9.14,都市：住
RPQNMLKMOHKFFAI18EA,育人段,134.89,都市：住
RPVNMLLJPHKFFAI38CA,下路頭段,50.00,都市：住
RPVNMLKMOHKFFAI48CA,同興段,82.00,都市：住
RPVNMLKMOHKFFAI48CA,同興段,27.40,都市：住
RPQNMLOJPHKFFAI18CA,仁義段,8.31,都市：住
RPWNMLLJPHKFFAI48CA,車店段車店小段,6.06,都市：住
RPUNMLLJPHKFFAI28CA,埤子頭段新厝小段,54.00,都市：住
RPUOMLMLPHKFFAI88EA,盧厝段,28.17,都市：住
RPQNMLLJPHKFFAI87CA,同興段,12.30,都市：住
RPTOMLRKPHKFFAI98CA,劉厝段玉山小段,15.57,都市：住
RPTOMLRKPHKFFAI98CA,劉厝段玉山小段,84.60,都市：住
RPRNMLOLPHKFFAI48CA,盧厝段,49.42,都市：住
RPTPMLRJPHKFFAI98CA,白川段,11.59,都市：住
RPQNMLMJPHKFFAI97CA,大溪厝段,8.72,都市：住
RPQNMLMJPHKFFAI97CA,大溪厝段,64.00,都市：住
RPRNMLLKPHKFFAI08CA,港子坪段港坪小段,11.59,都市：住
RPWNMLMLPHKFFAI78CA,車店段車店小段,14.17,都市：住
RPRNMLSJPHKFFAI68CA,遠東段,95.00,都市：住
RPSNMLLKPHKFFAI18CA,新富段三小段,5.70,都市：商
RPOPMLMLPHKFFAI18CA,竹圍子段二小段,13.71,都市：住
RPXOMLMLPHKFFAI98CA,西門段六小段,5.49,都市：住
RPXOMLMLPHKFFAI98CA,西門段六小段,9.40,都市：住
RPVNMLMJPHKFFAI48CA,車店段車店小段,5.33,都市：住
RPRNMLOJPHKFFAI28CA,竹圍子段中興小段,15.28,都市：商
RPSOMLRJPHKFFAI78CA,車店段車店小段,27.77,都市：住
RPVOMLSLPHKFFAI76CA,北門段三小段,231.00,都市：住
RPROMLRKPHKFFAI78CA,湖子內段湖內小段,81.87,都市：住
RPQNMLSKPHKFFAI68CA,檜段三小段,53.00,都市：住
RPWNMLRKPHKFFAI56CA,車店段,8.13,都市：住
RPQOMLLLPHKFFAI18CA,劉厝段劉厝小段,9.92,都市：住
RPQOMLNJPHKFFAI38EA,白川段,86.00,都市：住
RPSOMLSLPHKFFAI09CA,新厝段,65.00,都市：住
RPQOMLSLPHKFFAI88CA,短竹段,59.17,都市：住
RPVNMLKLPHKFFAI48CA,車店段車店小段,1.55,都市：商
RPVNMLKLPHKFFAI48CA,車店段車店小段,4.08,都市：商
RPWNMLKLPHKFFAI58CA,盧厝段,21.68,都市：住
RPRNMLLLPHKFFAI18CA,埤子頭段,143.00,都市：住
RPPNMLPKPHKFFAI28CA,白川段,6.53,都市：住
RPVNMLQJPHKFFAI88CA,白川段,37.00,都市：住
RPTNMLQJPHKFFAI88EA,竹圍子段,87.00,都市：住
RPVNMLQJPHKFFAI09EA,榮段二小段,60.00,都市：住
RPVNMLQJPHKFFAI09EA,榮段二小段,11.00,都市：住
RPROMLNJPHKFFAI28CA,榮段三小段,27.51,都市：商
RPROMLNJPHKFFAI28CA,榮段三小段,22.47,都市：商
RPROMLNJPHKFFAI28CA,榮段三小段,27.51,都市：商
RPROMLNJPHKFFAI28CA,榮段三小段,27.51,都市：商
RPPOMLNJPHKFFAI08CA,下路頭段,63.00,都市：住
RPVNMLSJPHKFFAI66EA,竹圍子段,37.00,都市：住
RPSNMLSJPHKFFAI78CA,車店段,26.40,都市：住
RPSNMLSJPHKFFAI78CA,車店段,1.61,都市：住
RPTNMLSJPHKFFAI88CA,北社尾段保安小段,9.64,都市：住
RPTNMLSJPHKFFAI88CA,北社尾段保安小段,5.09,都市：住
RPTNMLSJPHKFFAI88CA,北社尾段保安小段,4.73,都市：住
RPTNMLSJPHKFFAI88CA,北社尾段保安小段,76.00,都市：住
RPTNMLSJPHKFFAI88CA,北社尾段保安小段,.18,都市：住
RPPPMLMLPHKFFAI28CA,竹圍子段二小段,6.23,都市：住
RPQPMLMLPHKFFAI38CA,竹圍子段三小段,13.67,都市：住
RPPNMLKKPHKFFAI77CA,榮段二小段,87.00,都市：住
RPUOMLSLPHKFFAI66CA,竹圍子段,50.00,都市：住
RPTNMLMJPHKFFAI48EA,下路頭段,5.70,都市：住
RPTNMLMJPHKFFAI48EA,下路頭段,1.30,都市：住
RPPNMLMJPHKFFAI08EA,檜段六小段,46.00,都市：商
RPPNMLMJPHKFFAI08EA,檜段六小段,294.00,都市：商
RPUNMLMJPHKFFAI58EA,中庄段,73.00,都市：住
RPOOMLKLPHKFFAI87CA,台斗坑段,87.00,都市：商
RPOOMLNLPHKFFAI18CA,遠東段,15.86,都市：住
RPUNMLQJPHKFFAI88DA,溪厝段,374.44,都市：農
RPTNMLKLPHKFFAI28CA,北園段,.23,都市：住
RPTNMLKLPHKFFAI28CA,北園段,83.00,都市：住
RPOOMLSJPHKFFAI58DA,湖內段,14.47,都市：住
RPROMLRJPHKFFAI88EA,荖藤段,3723.00,都市：農
RPQOMLRJPHKFFAI78EA,荖藤段,459.00,都市：農
RPQOMLRJPHKFFAI78EA,荖藤段,184.00,都市：農
RPUNMLKLPHKFFAI38CA,何庄段,7.59,都市：農
RPUNMLKLPHKFFAI38CA,何庄段,634.47,都市：農
RPUNMLKLPHKFFAI38CA,何庄段,90.99,都市：農
RPUNMLKLPHKFFAI38CA,何庄段,205.56,都市：農
RPTOMLSLPHKFFAI56CA,台斗坑段,18.21,都市：住
RPQNMLPLPHKFFAI48CA,新富段二小段,44.00,都市：商
RPSNMLPKPHKFFAI58CA,中庄段,54.00,都市：住
RPXNMLMLPHKFFAI88CA,山下段,56.00,都市：住
RPQPMLNJQHKFFAI38CA,遠東段,74.00,都市：工
RPWOMLMLPHKFFAI88CA,盧厝段,22.89,都市：住
RPWOMLMLPHKFFAI88CA,盧厝段,.01,都市：住
RPRNMLMLPHKFFAI28CA,同興段,7.00,都市：其他
RPXNMLLLPHKFFAI78CA,玉川段,54.00,都市：住
RPXNMLLLPHKFFAI78CA,玉川段,35.00,都市：住
RPTOMLLLPHKFFAI48CA,北社尾段保安小段,82.00,都市：住
RPXNMLLJQHKFFAI68CA,荖藤段,58.00,都市：住
RPXNMLLJQHKFFAI68CA,荖藤段,218.00,都市：住
RPXNMLLJQHKFFAI68CA,荖藤段,99.00,都市：住
RPOOMLMLPHKFFAI08CA,太平段,14.48,都市：住
RPSPMLMLPHKFFAI58CA,盧厝段,49.42,都市：住
RPRPMLMLPHKFFAI48CA,遠東段,18.29,都市：住
RPRPMLMLPHKFFAI48CA,遠東段,74.00,都市：住
RPPNMLSJPHKFFAI48CA,北湖段,3012.00,都市：農
RPVNMLPKPHKFFAI88CA,湖內段,23.52,都市：住
RPQNMLTJPHKFFAI68CA,下路頭段,335.00,都市：農
RPWOMLSLPHKFFAI86CA,短竹段,196.16,都市：住
RPPNMLLMPHKFFAI08CA,竹圍子段二小段,17.28,都市：住
RPQNMLSJPHKFFAI78EA,台斗坑段,22.75,都市：住
RPQNMLOKPHKFFAI28CA,白川段,44.00,都市：住
RPXNMLPJQHKFFAI09CA,東川段,17.88,都市：其他
RPTNMLKKPHKFFAI38EA,新富段四小段,8.73,都市：商
RPOOMLOJQHKFFAI18CA,新厝段,197.00,都市：農
RPSNMLOJQHKFFAI48CA,竹圍子段,73.00,都市：住
RPTNMLOKPHKFFAI58CA,末廣段五小段,5.02,都市：商
RPUNMLKKPHKFFAI48EA,興村段,9.40,都市：住
RPUNMLKKPHKFFAI28CA,港子坪段港坪小段,18.54,都市：住
RPPNMLTJPHKFFAI58CA,車店段車店小段,85.00,都市：住
RPUNMLLKPHKFFAI38CA,下路頭段,9.79,都市：住
RPRNMLPKPHKFFAI48CA,東門段七小段,14.41,都市：商
RPSOMLLLPHKFFAI38CA,車店段車店小段,5.27,都市：住
RPSOMLLLPHKFFAI38CA,車店段車店小段,5.10,都市：住
SPPNMLNJQHKFFAI18CA,下路頭段,21.77,都市：住
RPPNMLNJQHKFFAI08CA,下路頭段,21.77,都市：住
SPPNMLNJQHKFFAI18CA,下路頭段,3.65,都市：住
RPPNMLNJQHKFFAI08CA,下路頭段,3.65,都市：住
RPOOMLNJQHKFFAI08CA,彌陀段,64.00,都市：其他
RPOOMLNJQHKFFAI08CA,彌陀段,61.00,都市：其他
RPVNMLPLPHKFFAI98CA,白川段,41.00,都市：住
RPVNMLPLPHKFFAI98CA,白川段,17.00,都市：住
RPPQMLRLPHKFFAI88CA,下路頭段,66.00,都市：住
RPTOMLPLPHKFFAI88CA,港子坪段港坪小段,19.04,都市：住
RPWNMLPLPHKFFAI09CA,後庄段,74.00,都市：住
RPVOMLRJPHKFFAI09CA,榮段六小段,111.00,都市：商
RPUOMLRJPHKFFAI98CA,育人段,20.02,都市：住
RPUOMLRJPHKFFAI98CA,育人段,.33,都市：住
RPUOMLRJPHKFFAI98CA,育人段,117.97,都市：住
RPUNMLPLPHKFFAI88CA,竹圍子段二小段,19.93,都市：住
RPSNMLOLPHKFFAI58CA,劉厝段玉山小段,113.84,都市：住
RPRNMLKKPHKFFAI97CA,民族段一小段,67.00,都市：住
RPRNMLKKPHKFFAI97CA,民族段一小段,11.00,都市：住
RPXOMLSLPHKFFAI96CA,短竹段,199.20,都市：住
RPRPMLLMPHKFFAI48CA,北社尾段,71.00,都市：住
RPTNMLOLPHKFFAI68CA,劉厝段玉山小段,165.47,都市：住
RPUNMLLLPHKFFAI48CA,盧厝段,118.00,都市：住
RPUNMLLLPHKFFAI48CA,盧厝段,3.00,都市：住
RPQOMLRKPHKFFAI88EA,遠東段,635.00,都市：工
RPOOMLNKPHKFFAI08CA,中山段七小段,4.56,都市：住
RPSNMLKLPHKFFAI18CA,育人段,160.50,都市：農
RPUNMLOKPHKFFAI68CA,末廣段五小段,3.48,都市：商
RPVNMLOKPHKFFAI78CA,末廣段五小段,5.02,都市：商
RPSNMLOKPHKFFAI48CA,末廣段五小段,3.48,都市：商
RPPNMLOKPHKFFAI18CA,長竹段,119.00,都市：住
RPPNMLOKPHKFFAI18CA,長竹段,17.00,都市：住
RPPNMLOKPHKFFAI18CA,長竹段,1.00,都市：住
RPPNMLOKPHKFFAI18CA,長竹段,1.00,都市：住
RPPNMLTKPHKFFAI68CA,白川段,30.75,都市：住
RPTNMLNKPHKFFAI48CA,育人段,426.32,都市：住
RPSNMLNKPHKFFAI38CA,西門段三小段,5.67,都市：住
RPSNMLNKPHKFFAI38CA,西門段三小段,1.42,都市：住
RPQNMLNKPHKFFAI38EA,竹圍子段三小段,85.00,都市：住
RPUNMLNKPHKFFAI58CA,竹圍子段一小段,22.39,都市：住
RPVNMLQKPHKFFAI09DA,下路頭段,51.00,都市：住
RPVNMLQKPHKFFAI09DA,下路頭段,35.00,都市：住
RPVNMLOJQHKFFAI78CA,車店段車店小段,11.21,都市：住
RPPOMLNJQHKFFAI18CA,竹村段,19.15,都市：住
RPQNMLLLPHKFFAI08CA,竹圍子段,18.80,都市：住
RPRNMLOKPHKFFAI38CA,下路頭段,52.00,都市：商
RPVOMLNJQHKFFAI78CA,下路頭段,70.00,都市：住
RPWNMLNKPHKFFAI78CA,後庄段,99.00,都市：住
RPXNMLNKPHKFFAI88CA,後庄段,91.00,都市：住
RPRNMLNKPHKFFAI48EA,下路頭段,72.00,都市：住
RPRNMLNKPHKFFAI48EA,下路頭段,26.00,都市：其他
RPWNMLKMPHKFFAI68CA,興村段,68.00,都市：住
RPWNMLKMPHKFFAI68CA,興村段,22.55,都市：住
RPUNMLKMPHKFFAI48CA,下路頭段,1.00,都市：住
RPUNMLKMPHKFFAI48CA,下路頭段,73.00,都市：住
RPUNMLKMPHKFFAI48CA,下路頭段,10.00,都市：住
RPVNMLKMPHKFFAI58CA,興村段,68.00,都市：住
RPVNMLKMPHKFFAI58CA,興村段,22.55,都市：住
RPXNMLKMPHKFFAI78CA,興村段,68.00,都市：住
RPXNMLKMPHKFFAI78CA,興村段,22.55,都市：住
RPTNMLKMPHKFFAI38CA,興村段,68.00,都市：住
RPTNMLKMPHKFFAI38CA,興村段,22.55,都市：住
RPTOMLKMPHKFFAI48CA,興村段,68.00,都市：住
RPTOMLKMPHKFFAI48CA,興村段,22.55,都市：住
RPUOMLKMPHKFFAI58CA,興村段,68.00,都市：住
RPUOMLKMPHKFFAI58CA,興村段,22.55,都市：住
RPVOMLKMPHKFFAI68CA,興村段,68.00,都市：住
RPVOMLKMPHKFFAI68CA,興村段,22.55,都市：住
RPSOMLKMPHKFFAI38CA,興村段,72.00,都市：住
RPSOMLKMPHKFFAI38CA,興村段,22.55,都市：住
RPWOMLKMPHKFFAI78CA,興村段,68.00,都市：住
RPWOMLKMPHKFFAI78CA,興村段,22.55,都市：住
RPXOMLKMPHKFFAI88CA,興村段,68.00,都市：住
RPXOMLKMPHKFFAI88CA,興村段,22.55,都市：住
RPPOMLTLPHKFFAI88CA,興村段,68.00,都市：住
RPPOMLTLPHKFFAI88CA,興村段,22.55,都市：住
RPROMLTLPHKFFAI09CA,興村段,68.00,都市：住
RPROMLTLPHKFFAI09CA,興村段,22.55,都市：住
RPXNMLTLPHKFFAI96CA,興村段,78.00,都市：住
RPXNMLTLPHKFFAI96CA,興村段,22.55,都市：住
RPQOMLTLPHKFFAI98CA,興村段,68.00,都市：住
RPQOMLTLPHKFFAI98CA,興村段,22.55,都市：住
RPOOMLTLPHKFFAI78CA,興村段,68.00,都市：住
RPOOMLTLPHKFFAI78CA,興村段,22.55,都市：住
RPUNMLLMPHKFFAI58CA,興村段,68.00,都市：住
RPUNMLLMPHKFFAI58CA,興村段,22.55,都市：住
RPVNMLLMPHKFFAI68CA,興村段,68.00,都市：住
RPVNMLLMPHKFFAI68CA,興村段,22.55,都市：住
RPWNMLLMPHKFFAI78CA,興村段,68.00,都市：住
RPWNMLLMPHKFFAI78CA,興村段,22.55,都市：住
RPXNMLLMPHKFFAI88CA,興村段,68.00,都市：住
RPXNMLLMPHKFFAI88CA,興村段,22.55,都市：住
RPUOMLLMPHKFFAI68CA,興村段,68.00,都市：住
RPUOMLLMPHKFFAI68CA,興村段,22.55,都市：住
RPTOMLLMPHKFFAI58CA,興村段,68.00,都市：住
RPTOMLLMPHKFFAI58CA,興村段,22.55,都市：住
RPPOMLLMPHKFFAI18CA,興村段,68.00,都市：住
RPPOMLLMPHKFFAI18CA,興村段,22.55,都市：住
RPTNMLLMPHKFFAI48CA,興村段,68.00,都市：住
RPTNMLLMPHKFFAI48CA,興村段,22.55,都市：住
RPOOMLLMPHKFFAI08CA,興村段,68.00,都市：住
RPOOMLLMPHKFFAI08CA,興村段,22.55,都市：住
RPVOMLLMPHKFFAI78CA,興村段,83.00,都市：住
RPVOMLLMPHKFFAI78CA,興村段,22.55,都市：住
RPTPMLMLPHKFFAI68CA,台斗坑段,88.00,都市：住
RPVNMLMLPHKFFAI68CA,車店段車店小段,192.00,都市：住
RPQOMLLMPHKFFAI28CA,興村段,68.00,都市：住
RPQOMLLMPHKFFAI28CA,興村段,22.55,都市：住
RPROMLLMPHKFFAI38CA,興村段,68.00,都市：住
RPROMLLMPHKFFAI38CA,興村段,22.55,都市：住
RPQPMLRLPHKFFAI88CA,興村段,68.00,都市：住
RPQPMLRLPHKFFAI88CA,興村段,22.55,都市：住
RPSPMLRLPHKFFAI09CA,興村段,68.00,都市：住
RPSPMLRLPHKFFAI09CA,興村段,22.55,都市：住
RPPPMLRLPHKFFAI78CA,興村段,68.00,都市：住
RPPPMLRLPHKFFAI78CA,興村段,22.55,都市：住
RPOPMLRLPHKFFAI68CA,興村段,68.00,都市：住
RPOPMLRLPHKFFAI68CA,興村段,22.55,都市：住
RPTPMLRLPHKFFAI56CA,興村段,68.00,都市：住
RPTPMLRLPHKFFAI56CA,興村段,22.55,都市：住
RPRPMLRLPHKFFAI98CA,興村段,68.00,都市：住
RPRPMLRLPHKFFAI98CA,興村段,22.55,都市：住
RPXOMLRLPHKFFAI86CA,興村段,72.00,都市：住
RPXOMLRLPHKFFAI86CA,興村段,22.55,都市：住
RPVPMLRLPHKFFAI76CA,興村段,68.00,都市：住
RPVPMLRLPHKFFAI76CA,興村段,22.55,都市：住
RPUPMLRLPHKFFAI66CA,興村段,68.00,都市：住
RPUPMLRLPHKFFAI66CA,興村段,22.55,都市：住
RPWOMLRLPHKFFAI76CA,興村段,68.00,都市：住
RPWOMLRLPHKFFAI76CA,興村段,22.55,都市：住
RPQOMLMLPHKFFAI28CA,盧東段,7.45,都市：住
RPQOMLMLPHKFFAI28CA,盧東段,1983.98,都市：住
RPROMLKLPHKFFAI18CA,中山段五小段,135.00,都市：住
RPWPMLRLPHKFFAI86CA,興村段,68.00,都市：住
RPWPMLRLPHKFFAI86CA,興村段,22.55,都市：住
RPPOMLMLPHKFFAI18CA,下路頭段,7.61,都市：住
RPTNMLPLPHKFFAI78CA,軍輝段,4.84,都市：住
RPSOMLKLPHKFFAI28CA,興村段,17.27,都市：住
RPSNMLQKPHKFFAI68CA,下路頭段,16.93,都市：住
RPVNMLTLPHKFFAI96EA,劉厝段,20.43,都市：住
RPVNMLTLPHKFFAI96EA,劉厝段,82.00,都市：住
RPROMLQKPHKFFAI68CA,育人段,26.74,都市：住
RPPOMLPLPHKFFAI48CA,湖子內段湖內小段,822.00,都市：農
RPTPMLLMPHKFFAI68CA,下路頭段,23.49,都市：住
RPOOMLPLPHKFFAI38CA,湖子內段湖內小段,739.00,都市：農
RPTNMLNJQHKFFAI48CA,崎頂段,146.00,都市：農
RPQNMLNJQHKFFAI18CA,劉厝段劉厝小段,112.00,都市：住
RPPOMLQKPHKFFAI48CA,榮段五小段,8.75,都市：商
RPSOMLQKPHKFFAI78CA,竹圍子段,144.00,都市：住
RPUNMLQKPHKFFAI98DA,下路頭段,51.00,都市：住
RPUNMLQKPHKFFAI98DA,下路頭段,35.00,都市：住
RPTNMLQKPHKFFAI78CA,劉厝段劉厝小段,65.00,都市：住
RPOOMLRKPHKFFAI48CA,車店段車店小段,29.35,都市：住
RPQNMLPKPHKFFAI58EA,車店段車店小段,95.00,都市：住
RPWNMLLJQHKFFAI58CA,車店段車店小段,6.11,都市：住
RPWNMLQKPHKFFAI09CA,港子坪段港坪小段,12.75,都市：住
RPWNMLQKPHKFFAI09CA,港子坪段港坪小段,21.00,都市：住
RPUNMLRKPHKFFAI98CA,台斗坑段,19.56,都市：住
RPUNMLRKPHKFFAI98CA,台斗坑段,.01,都市：其他
RPUNMLKLPHKFFAI58EA,新富段八小段,4.89,都市：商
RPUNMLKLPHKFFAI58EA,末廣段一小段,.15,都市：商
RPPNMLMLPHKFFAI08CA,軍輝段,101.00,都市：住
RPPNMLMLPHKFFAI08CA,軍輝段,5.62,都市：住
RPUPMLMLPHKFFAI78CA,盧厝段,71.00,都市：住
RPXNMLPLPHKFFAI56CA,下路頭段,2.00,都市：住
RPXNMLPLPHKFFAI56CA,下路頭段,39.00,都市：住
RPXNMLPLPHKFFAI56CA,下路頭段,1.00,都市：住
RPTNMLRKPHKFFAI88CA,下路頭段,33.00,都市：住
RPSNMLRKPHKFFAI78CA,下路頭段,33.00,都市：住
RPPOMLKLPHKFFAI97CA,車店段,83.00,都市：住
RPQOMLOLPHKFFAI48CA,港子坪段,7.82,都市：其他
RPQOMLOLPHKFFAI48CA,港子坪段,5.79,都市：住
RPQOMLOLPHKFFAI48CA,港子坪段,104.00,都市：住
RPQOMLOLPHKFFAI48CA,港子坪段,4.76,都市：住
RPQOMLOLPHKFFAI48CA,港子坪段,6.03,都市：住
RPXNMLQKPHKFFAI56CA,下埤段,199.16,都市：住
RPQOMLQKPHKFFAI58CA,軍輝段,59.62,都市：住
RPVNMLRKPHKFFAI09CA,北社尾段,14.24,都市：住
RPQNMLKLPHKFFAI97CA,末廣段五小段,46.00,都市：住
RPRNMLSKPHKFFAI78CA,北門段六小段,32.00,都市：商
RPRNMLSKPHKFFAI78CA,北門段六小段,232.00,都市：商
RPRNMLSKPHKFFAI78CA,北門段六小段,107.00,都市：商
RPPQMLLMPHKFFAI38CA,彌陀段,92.00,都市：住
RPXPMLLMPHKFFAI09CA,白川段,34.93,都市：住
RPUPMLLMPHKFFAI78CA,軍輝段,46.32,都市：住
RPQPMLLMPHKFFAI38CA,興村段,34.00,都市：住
RPQPMLLMPHKFFAI38CA,興村段,22.55,都市：住
RPWPMLLMPHKFFAI98CA,竹圍子段一小段,12.85,都市：住
RPPPMLLMPHKFFAI28CA,興村段,68.00,都市：住
RPPPMLLMPHKFFAI28CA,興村段,22.55,都市：住
RPSQMLLMPHKFFAI68CA,台斗坑段,39.00,都市：住
RPVPMLLMPHKFFAI88CA,堀川段,4.29,都市：住
RPVPMLLMPHKFFAI88CA,堀川段,9.73,都市：住
RPWOMLLMPHKFFAI88CA,興村段,72.00,都市：住
RPWOMLLMPHKFFAI88CA,興村段,22.55,都市：住
RPOPMLLMPHKFFAI18CA,興村段,68.00,都市：住
RPOPMLLMPHKFFAI18CA,興村段,22.55,都市：住
RPUNMLMLPHKFFAI58CA,下路頭段,118.00,都市：住
RPROMLOLPHKFFAI58CA,車店段,4.06,都市：住
RPROMLOLPHKFFAI58CA,白川段,42.19,都市：住
RPXNMLKLPHKFFAI88EA,新富段二小段,21.86,都市：住
RPSOMLMLPHKFFAI48CA,劉厝段玉山小段,121.10,都市：住
RPRNMLRKPHKFFAI88EA,下路頭段,16.68,都市：住
RPVNMLNLPHKFFAI98EA,竹圍子段,17.97,都市：住
RPROMLPLPHKFFAI68CA,下路頭段,10.88,都市：住
RPUNMLNLPHKFFAI78DA,埤子頭段新厝小段,85.00,都市：住
RPRQMLRLPHKFFAI09CA,車店段車店小段,108.00,都市：住
RPSNMLPLPHKFFAI68CA,下路頭段,9.13,都市：住
RPPOMLOJQHKFFAI28CA,北社尾段,14.87,都市：住
RPSNMLSLPHKFFAI98CA,下路頭段,24.58,都市：住
RPSNMLSLPHKFFAI98CA,下路頭段,120.00,都市：住
RPSOMLPLPHKFFAI78CA,下路頭段,84.00,都市：住
RPQNMLSLPHKFFAI98EA,劉厝段玉山小段,60.00,都市：住
RPQNMLSLPHKFFAI98EA,劉厝段玉山小段,23.21,都市：住
RPQNMLSLPHKFFAI98EA,劉厝段玉山小段,1.57,都市：住
RPQNMLSLPHKFFAI98EA,劉厝段玉山小段,.13,都市：住
RPQOMLPLPHKFFAI58CA,盧厝段,5.97,都市：住
RPTOMLMLPHKFFAI58CA,長竹段,21.74,都市：住
RPUOMLPLPHKFFAI98CA,車店段車店小段,96.00,都市：住
RPUOMLPLPHKFFAI98CA,車店段車店小段,96.00,都市：住
RPQQMLLMPHKFFAI48CA,車店段,34.51,都市：住
RPQQMLLMPHKFFAI48CA,白川段,3.27,都市：住
RPVOMLPLPHKFFAI09CA,車店段車店小段,96.00,都市：住
RPVOMLPLPHKFFAI09CA,車店段車店小段,96.00,都市：住
RPTNMLLJQHKFFAI28CA,育人段,61.44,都市：住
RPTNMLLJQHKFFAI28CA,育人段,19.90,都市：住
RPQNMLKMPHKFFAI28EA,竹圍子段,8.00,都市：工
RPQNMLKMPHKFFAI28EA,竹圍子段,45.00,都市：工
RPVOMLLLPHKFFAI68CA,下路頭段,25.00,都市：住
RPWOMLLLPHKFFAI78CA,下路頭段,170.00,都市：住
RPXNMLNLPHKFFAI56EA,港子坪段港坪小段,22.40,都市：住
RPUOMLLLPHKFFAI58CA,竹圍子段,132.00,都市：住
RPSNMLNLPHKFFAI48CA,後庄段,67.00,都市：住
RPPNMLLLPHKFFAI18EA,末廣段四小段,92.00,都市：住
RPPNMLLLPHKFFAI18EA,末廣段四小段,2.00,都市：住
RPRNMLNLPHKFFAI58EA,南門段六小段,9.60,都市：商
RPRNMLNLPHKFFAI58EA,南門段六小段,34.80,都市：商
RPQOMLNJQHKFFAI28CA,劉厝段劉厝小段,68.00,都市：住
RPROMLOJQHKFFAI48CA,竹圍子段,72.00,都市：商
RPROMLOJQHKFFAI48CA,竹圍子段,30.00,都市：住
RPROMLOJQHKFFAI48CA,竹圍子段,259.00,都市：其他
RPROMLOJQHKFFAI48CA,竹圍子段,51.00,都市：住
RPRNMLNJQHKFFAI28CA,新厝段,78.53,都市：住
RPRNMLNJQHKFFAI28CA,新厝段,.28,都市：住
RPVPMLMLPHKFFAI88CA,同興段,87.00,都市：住
RPUNMLOLPHKFFAI78CA,埤子頭段,293.00,都市：住
RPRNMLLJQHKFFAI08CA,台斗坑段,30.55,都市：住
RPSPMLLMPHKFFAI58CA,港子坪段,82.00,都市：住
RPSPMLLMPHKFFAI58CA,港子坪段,24.00,都市：住
RPQNMLMJQHKFFAI08CA,下路頭段,39.50,都市：住
RPOQMLLMPHKFFAI28CA,下埤段,188.56,都市：農
RPXNMLSLPHKFFAI86CA,劉厝段玉山小段,135.20,都市：住
RPOOMLSLPHKFFAI68CA,白川段,39.63,都市：住
RPRQMLLMPHKFFAI58CA,太平段,18.50,都市：住
RPRNMLSLPHKFFAI88CA,短竹段,5.71,都市：住
RPOOMLOLPHKFFAI28CA,北社尾段保安小段,187.00,都市：住
RPPOMLOLPHKFFAI38CA,北社尾段保安小段,75.00,都市：住
RPVNMLNLPHKFFAI78CA,湖內段,95.00,都市：住
RPOPMLPLPHKFFAI48CA,竹村段,90.78,都市：住
RPOPMLPLPHKFFAI48CA,竹村段,646.72,都市：住
RPXOMLPLPHKFFAI66CA,竹村段,8.42,都市：住
RPXOMLPLPHKFFAI66CA,竹村段,2.30,都市：住
RPXOMLPLPHKFFAI66CA,竹村段,31.03,都市：住
RPXOMLPLPHKFFAI66CA,竹村段,23.92,都市：住
RPXOMLPLPHKFFAI66CA,竹村段,265.68,都市：住
RPWOMLPLPHKFFAI56CA,竹村段,361.13,都市：農
RPWOMLPLPHKFFAI56CA,竹村段,671.58,都市：農
RPWOMLPLPHKFFAI56CA,竹村段,36.31,都市：農
RPQNMLLKQHKFFAI18DA,末廣段四小段,59.00,都市：住
RPQNMLLKQHKFFAI18DA,末廣段四小段,11.00,都市：住
RPQNMLLKQHKFFAI18DA,末廣段四小段,2.00,都市：住
RPPNMLNLPHKFFAI38EA,遠東段,516.00,都市：工
RPPNMLNLPHKFFAI38EA,遠東段,498.00,都市：工
RPPPMLNJQHKFFAI28CA,南門段七小段,735.00,都市：商
RPPPMLNJQHKFFAI28CA,南門段七小段,16.00,都市：商
RPPPMLNJQHKFFAI28CA,南門段七小段,7.00,都市：商
RPPPMLNJQHKFFAI28CA,南門段七小段,59.00,都市：商
RPPPMLNJQHKFFAI28CA,南門段七小段,54.00,都市：商
RPQOMLRJQHKFFAI68CA,下路頭段,42.00,都市：住
RPQOMLRJQHKFFAI68CA,下路頭段,10.00,都市：住
RPXNMLRJQHKFFAI66CA,盧厝段,30.96,都市：住
RPOOMLNLPHKFFAI38EA,竹圍子段,19.51,都市：住
RPVNMLOLPHKFFAI09EA,埤子頭段,40.00,都市：住
RPPOMLOLQHKFFAI48CA,車店段,8.13,都市：住
RPRNMLTJQHKFFAI88CA,下路頭段,67.00,都市：住
RPRNMLTJQHKFFAI88CA,下路頭段,67.00,都市：住
RPROMLTKQHKFFAI09CA,劉厝段玉山小段,115.37,都市：住
RPXNMLKLQHKFFAI78CA,湖子內段湖內小段,1305.00,都市：農
RPQNMLTJQHKFFAI78CA,育人段,134.51,都市：住
RPROMLNJQHKFFAI38CA,東門段四小段,67.00,都市：住
RPROMLNJQHKFFAI38CA,東門段四小段,16.00,都市：住
RPOOMLKMPHKFFAI97CA,竹村段,120.24,都市：其他
RPOOMLKMPHKFFAI97CA,竹村段,383.04,都市：其他
RPOOMLKMPHKFFAI97CA,竹村段,448.14,都市：其他
RPOOMLKMPHKFFAI97CA,竹村段,120.24,都市：其他
RPOOMLKMPHKFFAI97CA,竹村段,120.24,都市：其他
RPOOMLKMPHKFFAI97CA,竹村段,120.24,都市：其他
RPOOMLKMPHKFFAI97CA,竹村段,120.24,都市：其他
RPOOMLKMPHKFFAI97CA,竹村段,448.68,都市：其他
RPOOMLKMPHKFFAI97CA,竹村段,448.14,都市：其他
RPOOMLKMPHKFFAI97CA,竹村段,120.24,都市：其他
RPOOMLKMPHKFFAI97CA,竹村段,120.24,都市：其他
RPOOMLKMPHKFFAI97CA,竹村段,120.24,都市：其他
RPOOMLRKQHKFFAI58CA,短竹段,3.49,都市：住
RPQOMLRKQHKFFAI78CA,短竹段,3.49,都市：住
RPPOMLRKQHKFFAI68CA,短竹段,3.49,都市：住
RPWNMLSLPHKFFAI76CA,埤子頭段新厝小段,102.00,都市：住
RPXNMLOLPHKFFAI09CA,北園段,139.00,都市：住
RPPPMLPLPHKFFAI58CA,湖內段,84.00,都市：住
RPRNMLRLPHKFFAI78CA,新富段八小段,3.82,都市：商
RPRNMLRLPHKFFAI78CA,末廣段一小段,.11,都市：商
RPSOMLLMPHKFFAI48CA,短竹段,14.64,都市：住
RPUNMLTLPHKFFAI66CA,後庄段,76.00,都市：住
RPQNMLLJQHKFFAI97CA,車店段車店小段,14.36,都市：住
RPSNMLNJQHKFFAI38CA,竹圍子段,53.24,都市：住
RPPNMLRLPHKFFAI78EA,台斗坑段,30.00,都市：住
RPRNMLMJQHKFFAI18CA,興村段,9.40,都市：商
RPPOMLNKQHKFFAI28CA,彌陀段,20.33,都市：住
RPUNMLRLPHKFFAI66EA,竹圍子段,25.00,都市：住
RPPNMLLJQHKFFAI87CA,下路頭段,81.00,都市：住
RPPNMLSLPHKFFAI88EA,溪東段,6.13,都市：住
RPQNMLTLPHKFFAI09EA,下路頭段,57.00,都市：住
RPRNMLOJQHKFFAI38CA,下路頭段,35.00,都市：住
RPRNMLOJQHKFFAI38CA,下路頭段,17.00,都市：住
RPRNMLKKQHKFFAI08CA,同興段,18.71,都市：商
RPRNMLKKQHKFFAI08CA,同興段,127.00,都市：商
RPWOMLNJQHKFFAI88CA,興村段,68.00,都市：住
RPWOMLNJQHKFFAI88CA,興村段,22.55,都市：住
RPRNMLRJQHKFFAI68CA,興村段,22.55,都市：住
RPRNMLRJQHKFFAI68CA,興村段,78.00,都市：住
RPVNMLLLRHKFFAI78CA,西門段四小段,18.96,都市：商
RPXNMLTKQHKFFAI96CA,劉厝段玉山小段,193.84,都市：住
RPPOMLTKQHKFFAI88CA,劉厝段玉山小段,110.93,都市：住
RPUQMLLMPHKFFAI88CA,竹圍子段二小段,7.80,都市：住
RPVNMLMKQHKFFAI68CA,盧厝段,28.00,都市：住
RPXOMLNJQHKFFAI98CA,興村段,68.00,都市：住
RPXOMLNJQHKFFAI98CA,興村段,22.55,都市：住
RPTQMLLMPHKFFAI78CA,港子坪段港坪小段,24.22,都市：住
RPWOMLQKQHKFFAI66CA,車店段車店小段,110.00,都市：住
RPPOMLSLPHKFFAI78CA,車店段車店小段,6.80,都市：住
RPXOMLLMPHKFFAI98CA,港子坪段,86.00,都市：住
RPPNMLPLQHKFFAI48CA,太平段,78.00,都市：住
RPROMLSLPHKFFAI98CA,八掌段,995.37,都市：住
RPRNMLTLPHKFFAI98CA,盧東段,95.74,都市：其他
RPRNMLTLPHKFFAI98CA,盧東段,88.84,都市：其他
RPSNMLLJQHKFFAI18CA,下路頭段,80.00,都市：住
RPSNMLTLPHKFFAI09CA,下路頭段,82.00,都市：住
RPUNMLLJQHKFFAI38CA,下路頭段,119.00,都市：住
RPUNMLLJQHKFFAI38CA,下路頭段,7.00,都市：住
RPQNMLTLPHKFFAI88CA,車店段,34.51,都市：住
RPQNMLTLPHKFFAI88CA,白川段,3.27,都市：住
RPPOMLTJRHKFFAI88CA,太平段,17.01,都市：住
RPPOMLTJRHKFFAI88CA,盧厝段,6.99,都市：住
RPSOMLNJQHKFFAI48CA,竹圍子段,76.00,都市：住
RPWNMLNJQHKFFAI78CA,港子坪段港坪小段,116.00,都市：商
RPTNMLSLPHKFFAI56DA,下路頭段,105.00,都市：住
RPXNMLNJQHKFFAI88CA,同興段,58.67,都市：住
RPQNMLLMPHKFFAI38EA,鹿寮段,88.98,都市：農
RPWNMLTLPHKFFAI07EA,玉川段,84.00,都市：住
RPWNMLTLPHKFFAI07EA,玉川段,4.00,都市：住
RPPOMLKMPHKFFAI28EA,榮段一小段,1.00,都市：商
RPPOMLKMPHKFFAI28EA,榮段一小段,14.00,都市：商
RPOOMLLMPHKFFAI28EA,頂庄段,4.80,都市：其他
RPOOMLLMPHKFFAI28EA,頂庄段,46.40,都市：其他
RPPNMLKMPHKFFAI18EA,竹圍子段一小段,16.77,都市：住
RPRNMLRKQHKFFAI78CA,埤子頭段,102.00,都市：住
RPUNMLRKQHKFFAI09CA,堀川段,21.09,都市：住
RPSNMLRKQHKFFAI88CA,埤子頭段,95.00,都市：住
RPROMLLLQHKFFAI38CA,太平段,85.00,都市：住
RPOOMLLLQHKFFAI08CA,湖內段,20.21,都市：住
RPPOMLPJQHKFFAI38CA,竹圍子段中興小段,8.89,都市：商
RPWNMLOJQHKFFAI88CA,白川段,48.63,都市：其他
RPWNMLPJQHKFFAI98CA,港子坪段港坪小段,21.42,都市：住
RPROMLKMPHKFFAI28CA,崎頂段,2405.00,都市：農
RPSNMLKMPHKFFAI28CA,白川段,10.00,都市：其他
RPVOMLKKQHKFFAI58CA,盧厝段,7.06,都市：住
RPQOMLKMPHKFFAI18CA,車店段,25.33,都市：住
RPQOMLKMPHKFFAI18CA,白川段,4.27,都市：住
RPQNMLPJQHKFFAI38CA,竹圍子段二小段,13.71,都市：住
RPRNMLPJQHKFFAI48CA,下路頭段,44.00,都市：住
RPRNMLPJQHKFFAI48CA,下路頭段,22.00,都市：住
RPOPMLNJQHKFFAI18CA,北社尾段保安小段,63.00,都市：住
RPSNMLPJQHKFFAI58CA,後庄段,169.00,都市：住
RPSNMLLMPHKFFAI38CA,盧厝段,71.00,都市：住
RPSNMLLMPHKFFAI38CA,盧厝段,2.00,都市：住
RPUNMLOJQHKFFAI68CA,西門段五小段,54.00,都市：商
RPXNMLOJQHKFFAI98CA,太平段,17.69,都市：住
RPTOMLLLQHKFFAI58CA,劉厝段玉山小段,166.82,都市：住
RPPNMLMJQHKFFAI97CA,元段二小段,1.42,都市：商
RPPNMLMJQHKFFAI97CA,元段二小段,.37,都市：商
RPPNMLMJQHKFFAI97CA,元段二小段,.70,都市：商
RPPNMLMJQHKFFAI97CA,元段二小段,1.32,都市：商
RPTNMLQJQHKFFAI78CA,盧東段,80.67,都市：住
RPTNMLQJQHKFFAI78CA,盧東段,19.62,都市：住
RPRNMLOLQHKFFAI58CA,下路頭段,28.00,都市：住
RPSNMLOLQHKFFAI68CA,劉厝段玉山小段,99.58,都市：住
RPPNMLOJQHKFFAI18CA,短竹段,27.98,都市：住
RPQOMLLLQHKFFAI28CA,短竹段,81.00,都市：住
RPPOMLLLQHKFFAI18CA,劉厝段劉厝小段,94.23,都市：商
RPQNMLLLQHKFFAI18CA,盧東段,7.45,都市：住
RPQOMLQKQHKFFAI68CA,車店段車店小段,7.97,都市：住
RPXNMLKKQHKFFAI68CA,埤子頭段,12.28,都市：住
RPPNMLPJQHKFFAI48EA,彌陀段,29.43,都市：住
RPROMLQKQHKFFAI78CA,車店段車店小段,9.25,都市：住
RPPNMLTLPHKFFAI78CA,下路頭段,41.00,都市：住
RPSNMLQJQHKFFAI88EA,北園段,720.00,都市：農
RPSNMLQJQHKFFAI88EA,北園段,161.67,都市：農
RPQNMLPLQHKFFAI58CA,遠東段,244.00,都市：工
RPQNMLPLQHKFFAI58CA,遠東段,100.00,都市：工
RPWOMLRKQHKFFAI76CA,後庄段,61.00,都市：住
RPSNMLTKQHKFFAI09CA,台斗坑段,21.09,都市：住
RPSNMLTKQHKFFAI09CA,台斗坑段,.01,都市：住
RPVNMLSLPHKFFAI86EA,港子坪段港坪小段,14.35,都市：住
RPTNMLOLQHKFFAI78CA,港子坪段港坪小段,10.00,都市：住
RPQNMLOJQHKFFAI28CA,下路頭段,12.50,都市：住
RPQNMLOJQHKFFAI28CA,下路頭段,60.00,都市：住
RPQNMLOJQHKFFAI28CA,下路頭段,8.50,都市：住
