﻿鄉鎮市區,交易標的,土地區段位置建物區段門牌,土地面積平方公尺,都市土地使用分區,非都市土地使用分區,非都市土地使用編定,租賃年月日,租賃筆棟數,租賃層次,總樓層數,建物型態,主要用途,主要建材,建築完成年月,建物總面積平方公尺,建物現況格局-房,建物現況格局-廳,建物現況格局-衛,建物現況格局-隔間,有無管理組織,有無附傢俱,總額元,單價元平方公尺,車位類別,車位面積平方公尺,車位總額元,備註,編號
The villages and towns urban district,transaction sign,land sector position building sector house number plate,land shifting total area square meter,the use zoning or compiles and checks,the non-metropolis land use district,non-metropolis land use,transaction year month and day,transaction pen number,shifting level,total floor number,building state,main use,main building materials,construction to complete the years,building shifting total area,Building present situation pattern - room,building present situation pattern - hall,building present situation pattern - health,building present situation pattern - compartmented,Whether there is manages the organization,Whether there is attaches the furniture,total price NTD,the unit price (NTD / square meter),the berth category,berth shifting total area square meter,the berth total price NTD,the note,serial number
竹北市,建物,新竹縣竹北市嘉豐五路二段151~180號,0.0,住,,,1040407,土地0建物1車位0,三層,8,套房(1房1廳1衛),商業用,鋼筋混凝土造,0950623,29.9,1,1,1,有,有,有,11000,368,,0.0,0,租金含管.網路.第四台,RPSNMLPJNHKFFBJ68CC
竹北市,建物,新竹縣竹北市成功九街61~90號,0.0,住,,,1040406,土地0建物1車位1,三層,13,住宅大樓(11層含以上有電梯),住家用,鋼筋混凝土造,1011212,141.7,3,2,2,有,有,有,18000,127,坡道平面,0.0,0,,RPTNMLPJNHKFFBJ78CC
竹北市,建物,新竹縣竹北市勝利二路121~150號,0.0,住,,,1040406,土地0建物1車位1,二十層,20,華廈(10層含以下有電梯),住家用,鋼筋混凝土造,0930517,284.89,5,2,3,有,有,有,31700,111,坡道平面,0.0,0,含管理費,RPUNMLPJNHKFFBJ88CC
竹北市,建物,新竹縣竹北市興隆路三段37巷1~30號,0.0,住,,,1040406,土地0建物1車位1,三層,14,住宅大樓(11層含以上有電梯),住家用,鋼筋混凝土造,1010504,204.63,4,2,2,有,有,無,19000,93,坡道機械,0.0,0,,RPVNMLPJNHKFFBJ98CC
竹北市,建物,新竹縣竹北市六家一路一段121~150號,0.0,住,,,1040416,土地0建物1車位1,九層,15,住宅大樓(11層含以上有電梯),住家用,鋼筋混凝土造,1000707,124.44999999999999,2,2,1,有,有,有,19000,153,坡道平面,0.0,0,,RPWNMLPJNHKFFBJ09CC
竹北市,建物,新竹縣竹北市科大一路181~210號,0.0,住,,,1040415,土地0建物1車位1,二層,13,住宅大樓(11層含以上有電梯),住家用,鋼筋混凝土造,1010531,132.23,2,2,1,有,有,無,15000,113,坡道平面,0.0,0,,RPROMLPJNHKFFBJ68CC
竹北市,建物,新竹縣竹北市六家一路一段211~240號,0.0,住,,,1040415,土地0建物1車位2,五層,14,住宅大樓(11層含以上有電梯),住家用,鋼筋混凝土造,1030725,222.52,3,2,2,有,有,無,26000,117,坡道平面,0.0,0,,RPSOMLPJNHKFFBJ78CC
竹北市,建物,新竹縣竹北市嘉豐一街91~120號,0.0,住,,,1040416,土地0建物1車位1,十層,10,華廈(10層含以下有電梯),住家用,鋼筋混凝土造,0920321,172.95999999999998,4,2,2,有,有,有,22500,130,坡道平面,0.0,0,,RPTOMLPJNHKFFBJ88CC
竹北市,建物,新竹縣竹北市臺科路61~90號,0.0,住,,,1040418,土地0建物1車位2,五層,14,住宅大樓(11層含以上有電梯),住家用,鋼筋混凝土造,1000805,140.95999999999998,3,2,2,有,有,有,25000,177,坡道平面,0.0,0,租金含管,RPUOMLPJNHKFFBJ98CC
竹北市,建物,新竹縣竹北市莊敬三路31~60號,0.0,住,,,1040419,土地0建物1車位1,六層,13,住宅大樓(11層含以上有電梯),住家用,鋼筋混凝土造,0930705,151.93,4,2,2,有,有,有,22000,145,坡道平面,0.0,0,租金含管,RPVOMLPJNHKFFBJ09CC
竹北市,建物,新竹縣竹北市嘉豐十一路一段1~30號,0.0,住,,,1040418,土地0建物1車位2,四層,13,住宅大樓(11層含以上有電梯),住家用,鋼筋混凝土造,0970825,296.78999999999996,4,2,2,有,有,無,28000,94,坡道平面,0.0,0,租金含管,RPWOMLPJNHKFFBJ56CC
竹北市,建物,新竹縣竹北市隘口三街211~240號,0.0,住,,,1040421,土地0建物1車位2,十三層,13,住宅大樓(11層含以上有電梯),住家用,鋼筋混凝土造,0991214,190.95,3,2,2,有,有,有,25000,131,坡道平面,0.0,0,租金含管,RPOPMLPJNHKFFBJ48CC
竹北市,建物,新竹縣竹北市莊敬六街241~270號,0.0,商,,,1040424,土地0建物1車位1,見其他登記事項,24,店面(店鋪),見其他登記事項,鋼筋混凝土造,1030321,216.62,0,0,0,無,無,無,26600,123,坡道平面,0.0,0,,RPVOMLQJNHKFFBJ56CC
竹北市,建物,新竹縣竹北市莊敬南路31~60號,0.0,住,,,1040424,土地0建物1車位1,十層,12,住宅大樓(11層含以上有電梯),住家用,鋼筋混凝土造,0940531,256.15000000000003,3,2,2,有,有,無,22000,86,坡道平面,0.0,0,續租,RPWOMLQJNHKFFBJ66CC
竹北市,建物,新竹縣竹北市莊敬五街61~90號,0.0,住,,,1040426,土地0建物1車位1,四層,15,住宅大樓(11層含以上有電梯),住家用,鋼筋混凝土造,0950519,128.96,3,2,2,有,有,有,22000,171,坡道平面,0.0,0,租金含管,RPOPMLQJNHKFFBJ58CC
竹北市,建物,新竹縣竹北市光明六路東一段271~300號,0.0,住,,,1040426,土地0建物1車位2,十層,23,住宅大樓(11層含以上有電梯),住家用,鋼筋混凝土造,0960528,197.92,4,2,2,有,有,無,25000,126,坡道平面,0.0,0,租金含管,RPPPMLQJNHKFFBJ68CC
竹北市,建物,新竹縣竹北市科大一路211~240號,0.0,住,,,1040427,土地0建物1車位1,十層,13,住宅大樓(11層含以上有電梯),住家用,鋼筋混凝土造,1010531,162.41000000000003,3,2,2,有,有,無,17500,108,坡道平面,0.0,0,,RPRPMLQJNHKFFBJ88CC
竹北市,建物,新竹縣竹北市光明九路61~90號,0.0,住,,,1040427,土地0建物1車位0,六層,10,套房(1房1廳1衛),商業用,鋼筋混凝土造,0940603,32.99,1,1,1,有,有,有,10000,303,,0.0,0,租金含管.網路.第四台,RPSPMLQJNHKFFBJ98CC
竹北市,建物,新竹縣竹北市興隆路一段391~420號,0.0,住,,,1040428,土地0建物1車位2,四層,14,住宅大樓(11層含以上有電梯),住家用,鋼筋混凝土造,1010531,305.08,4,2,2,有,有,無,25000,82,坡道平面,0.0,0,,RPTPMLQJNHKFFBJ09CC
竹北市,建物,新竹縣竹北市成功二街1~30號,0.0,住,,,1040425,土地0建物1車位0,一層,12,店面(店鋪),商業用,鋼筋混凝土造,1001018,101.11,0,0,0,無,有,無,35000,346,,0.0,0,,RPXPMLQJNHKFFBJ07EC
竹北市,建物,新竹縣竹北市白地街572巷1~30號,0.0,,特定農業區,農牧用地,1040508,土地0建物1車位0,二層,2,農舍,農舍,見其他登記事項,0890719,240.0,0,0,0,無,無,無,47250,,,0.0,0,,RPUNMLNKNHKFFBJ78CC
竹北市,建物,新竹縣竹北市嘉豐十一路二段1~30號,0.0,住,,,1040426,土地0建物1車位0,一層,4,店面(店鋪),商業用,鋼筋混凝土造,0990118,158.08,0,0,0,無,無,無,29000,183,,0.0,0,,RPWNMLOKNHKFFBJ09CC
竹北市,房地(土地+建物),新竹縣竹北市六家五路二段211~240號,0.0,住,,,1040428,土地1建物1車位0,一層,24,住宅大樓(11層含以上有電梯),住商用,鋼筋混凝土造,1010328,188.56,0,0,0,無,無,無,25000,133,,0.0,0,,RPPOMLTKNHKFFBJ09DC
湖口鄉,房地(土地+建物),新竹縣湖口鄉信義街25巷1~30號,83.0,其他,,,1040504,土地1建物1車位0,全,3,透天厝,住商用,加強磚造,,124.58,7,2,3,有,無,有,12000,96,,0.0,0,,RPSOMLKLNHKFFDJ68CC
湖口鄉,房地(土地+建物),新竹縣湖口鄉德和路60巷12弄1~30號,78.54,,特定農業區,甲種建築用地,1040520,土地1建物1車位0,全,3,透天厝,住家用,鋼筋混凝土造,0820813,147.0,4,2,3,有,無,無,12000,82,,0.0,0,,RPSNMLLLNHKFFDJ68CC
竹北市,建物,新竹縣竹北市福興東路一段370巷1~30號,0.0,住,,,1040510,土地0建物1車位1,五層,13,華廈(10層含以下有電梯),住家用,鋼筋混凝土造,1010706,179.02,3,2,2,有,有,有,17000,95,坡道平面,0.0,0,,RPQOMLLLNHKFFBJ38CC
竹北市,建物,新竹縣竹北市文義街181~210號,0.0,住,,,1040501,土地0建物1車位2,三層,9,華廈(10層含以下有電梯),住家用,鋼筋混凝土造,0920711,229.97,4,2,2,有,有,有,22000,96,坡道平面,0.0,0,續租,RPROMLLLNHKFFBJ48CC
竹北市,建物,新竹縣竹北市光明六路東二段301~330號,0.0,,,,1040509,土地0建物1車位2,七層,22,住宅大樓(11層含以上有電梯),住家用,鋼筋混凝土造,1021107,214.93,4,2,2,有,有,無,30000,140,坡道平面,0.0,0,租金含管,RPTOMLLLNHKFFBJ68CC
竹北市,建物,新竹縣竹北市成功八路151~180號,0.0,住,,,1040509,土地0建物1車位2,十層,18,住宅大樓(11層含以上有電梯),住家用,鋼筋混凝土造,1031009,193.65,3,2,2,有,有,無,18000,93,坡道平面,0.0,0,,RPWOMLLLNHKFFBJ98CC
竹北市,建物,新竹縣竹北市六家五路二段121~150號,0.0,住,,,1040507,土地0建物1車位2,七層,13,住宅大樓(11層含以上有電梯),住家用,鋼筋混凝土造,0980602,274.83,4,2,2,有,有,無,24000,87,坡道平面,0.0,0,,RPXOMLLLNHKFFBJ09CC
竹北市,建物,新竹縣竹北市勝利一路121~150號,0.0,住,,,1040509,土地0建物1車位1,十層,15,住宅大樓(11層含以上有電梯),住家用,鋼筋混凝土造,0941004,187.67000000000002,4,2,2,有,有,有,25000,133,坡道平面,0.0,0,,RPQPMLLLNHKFFBJ48CC
竹北市,建物,新竹縣竹北市隘口一街1~30號,0.0,住,,,1040512,土地0建物1車位0,三層,10,套房(1房1廳1衛),商業用,鋼筋混凝土造,0970310,63.5,1,1,1,有,無,有,10500,165,,0.0,0,租金含管理費,RPWPMLLLNHKFFBJ09CC
竹北市,建物,新竹縣竹北市科大一路211~240號,0.0,住,,,1040509,土地0建物1車位1,七層,13,住宅大樓(11層含以上有電梯),住家用,鋼筋混凝土造,1010531,162.41000000000003,3,2,2,有,有,有,20000,123,坡道平面,0.0,0,,RPTQMLLLNHKFFBJ88CC
竹北市,建物,新竹縣竹北市文興路241~270號,0.0,住,,,1040507,土地0建物1車位2,五層,11,辦公商業大樓,見其他登記事項,鋼筋混凝土造,1031015,228.5,0,0,0,無,有,無,30000,131,坡道平面,0.0,0,,RPOOMLMLNHKFFBJ28CC
竹北市,建物,新竹縣竹北市勝利二路121~150號,0.0,商,,,1040513,土地0建物1車位1,十一層,21,住宅大樓(11層含以上有電梯),住家用,鋼筋混凝土造,0930517,125.13,3,2,2,有,有,有,25000,200,坡道平面,0.0,0,,RPPOMLMLNHKFFBJ38CC
竹北市,建物,新竹縣竹北市莊敬六街1~30號,0.0,住,,,1040511,土地0建物1車位0,十層,15,套房(1房1廳1衛),住家用,鋼筋混凝土造,0941114,42.339999999999996,1,1,1,有,有,有,8500,201,,0.0,0,租金含管.網路.第四台,RPTNMLNLNHKFFBJ78CC
竹北市,建物,新竹縣竹北市六家六街1巷1~30號,0.0,住,,,1040512,土地0建物1車位1,六層,10,華廈(10層含以下有電梯),住家用,鋼筋混凝土造,0960720,108.39,3,2,2,有,有,有,19000,175,坡道平面,0.0,0,,RPUNMLNLNHKFFBJ88CC
竹北市,建物,新竹縣竹北市莊敬五街31~60號,0.0,住,,,1040504,土地0建物1車位1,四層,14,住宅大樓(11層含以上有電梯),住家用,鋼筋混凝土造,0940923,157.13,4,2,2,有,有,有,25000,159,坡道平面,0.0,0,租金含稅.二代健保,RPVNMLNLNHKFFBJ98CC
竹北市,建物,新竹縣竹北市復興一街241~270號,0.0,住,,,1040511,土地0建物1車位0,十層,16,套房(1房1廳1衛),商業用,鋼筋混凝土造,0970915,50.33,2,1,1,有,有,有,14000,278,,0.0,0,續租,RPWNMLNLNHKFFBJ09CC
竹北市,房地(土地+建物)+車位,新竹縣竹北市勝利八街二段61~90號,0.0,住,,,1040512,土地0建物1車位1,一層,14,店面(店鋪),商業用,鋼筋混凝土造,1010625,208.94,0,0,0,無,有,無,45000,215,坡道平面,27.97,0,,RPUNMLSLNHKFFBJ76CC
竹北市,建物,新竹縣竹北市復興一街241~270號,5308.79,商,,,1040521,土地0建物1車位3,七層,16,辦公商業大樓,商業用,鋼筋混凝土造,0970915,161.72,1,1,1,有,有,有,56818,351,坡道平面,0.0,0,,RPSOMLSLNHKFFBJ66CC
竹北市,建物,新竹縣竹北市勝利六街31~60號,0.0,住,,,1040513,土地0建物1車位1,七層,14,住宅大樓(11層含以上有電梯),住家用,鋼筋混凝土造,0931018,122.74000000000001,3,2,2,有,有,有,18000,147,坡道平面,0.0,0,租金含管續租,RPRNMLNJOHKFFBJ48CC
竹北市,建物,新竹縣竹北市六家五路二段241~270號,0.0,住,,,1040513,土地0建物1車位1,十一層,25,住宅大樓(11層含以上有電梯),住家用,鋼筋混凝土造,1010924,267.46000000000004,4,2,2,有,有,有,38888,145,坡道平面,0.0,0,租金含稅續租,RPSNMLNJOHKFFBJ58CC
竹北市,建物,新竹縣竹北市嘉豐北路1~30號,0.0,商,,,1040501,土地0建物1車位1,一層,22,店面(店鋪),住商用,鋼筋混凝土造,1021107,138.19,0,0,0,無,無,無,25000,181,坡道平面,0.0,0,,RPTNMLNJOHKFFBJ68CC
竹北市,建物,新竹縣竹北市勝利八街一段181~210號,0.0,住,,,1040514,土地0建物1車位2,十四層,19,住宅大樓(11層含以上有電梯),住家用,鋼筋混凝土造,1020624,297.08000000000004,4,2,2,有,有,無,25000,84,坡道平面,0.0,0,,RPVNMLNJOHKFFBJ88CC
竹北市,建物,新竹縣竹北市嘉豐十一路一段1~30號,0.0,商,,,1040527,土地0建物1車位2,八層,13,住宅大樓(11層含以上有電梯),住家用,鋼筋混凝土造,0970825,290.76,4,2,2,有,有,有,35000,120,坡道平面,0.0,0,,RPWNMLNJOHKFFBJ98CC
竹北市,建物,新竹縣竹北市莊敬五街61~90號,0.0,住,,,1040516,土地0建物1車位1,五層,15,住宅大樓(11層含以上有電梯),住家用,鋼筋混凝土造,0950519,127.42,3,2,2,有,有,有,20000,157,坡道平面,0.0,0,,RPXNMLNJOHKFFBJ09CC
竹北市,建物,新竹縣竹北市隘口六街211~240號,0.0,住,,,1040516,土地0建物1車位1,八層,15,住宅大樓(11層含以上有電梯),住家用,鋼筋混凝土造,1040119,142.0,2,2,1,有,有,有,18000,127,坡道平面,0.0,0,租金含管,RPOOMLNJOHKFFBJ28CC
竹北市,建物,新竹縣竹北市六家五路二段211~240號,0.0,住,,,1040515,土地0建物1車位1,二十層,24,住宅大樓(11層含以上有電梯),住家用,鋼筋混凝土造,1010328,136.82999999999998,3,2,2,有,有,無,18000,132,坡道平面,0.0,0,,RPPOMLNJOHKFFBJ38CC
竹北市,建物,新竹縣竹北市隘口六街151~180號,0.0,住,,,1040515,土地0建物1車位1,六層,9,套房(1房1廳1衛),住家用,鋼筋混凝土造,0961228,107.34,1,0,1,有,有,有,12000,112,坡道平面,0.0,0,,RPQOMLNJOHKFFBJ48CC
竹北市,建物,新竹縣竹北市民權街17巷1~30號,0.0,住,,,1040516,土地0建物1車位0,十三層,19,住宅大樓(11層含以上有電梯),住家用,鋼筋混凝土造,0840420,101.62,3,2,2,有,有,無,12000,118,,0.0,0,租金含管,RPXOMLNJOHKFFBJ56CC
竹北市,建物,新竹縣竹北市隘口三街211~240號,0.0,住,,,1040518,土地0建物1車位1,十二層,15,住宅大樓(11層含以上有電梯),住家用,鋼筋混凝土造,0991214,136.72,2,2,1,有,有,無,15000,110,坡道平面,0.0,0,續租,RPOPMLNJOHKFFBJ38CC
竹北市,建物,新竹縣竹北市莊敬六街1~30號,0.0,住,,,1040519,土地0建物1車位1,七層,15,住宅大樓(11層含以上有電梯),住家用,鋼筋混凝土造,0941114,158.45999999999998,3,2,2,有,有,有,17000,107,坡道平面,0.0,0,,RPPPMLNJOHKFFBJ48CC
竹北市,建物,新竹縣竹北市莊敬六街1~30號,0.0,住,,,1040519,土地0建物1車位1,七層,15,住宅大樓(11層含以上有電梯),住家用,鋼筋混凝土造,0941114,155.5,3,2,2,有,有,無,15000,96,坡道平面,0.0,0,,RPTPMLNJOHKFFBJ88CC
竹北市,建物,新竹縣竹北市嘉豐十路1~30號,0.0,住,,,1040520,土地0建物1車位0,四層,13,套房(1房1廳1衛),商業用,鋼筋混凝土造,0970321,47.410000000000004,1,0,1,有,有,有,9500,200,,0.0,0,,RPXPMLNJOHKFFBJ66CC
竹北市,建物,新竹縣竹北市六家一路一段91~120號,0.0,住,,,1040522,土地0建物1車位1,九層,10,華廈(10層含以下有電梯),住家用,鋼筋混凝土造,0930901,127.45,3,2,2,有,有,有,19000,149,坡道平面,0.0,0,,RPOQMLNJOHKFFBJ48CC
竹北市,建物,新竹縣竹北市復興二路211~240號,0.0,住,,,1040523,土地0建物1車位0,三層,11,套房(1房1廳1衛),商業用,鋼筋混凝土造,0961204,41.480000000000004,1,1,1,有,有,有,10000,241,,0.0,0,,RPWQMLNJOHKFFBJ66CC
竹北市,建物,新竹縣竹北市自強六街1~30號,0.0,住,,,1040523,土地0建物1車位1,三層,10,華廈(10層含以下有電梯),商業用,鋼筋混凝土造,0940721,87.58,2,2,2,有,有,有,15000,171,坡道平面,0.0,0,租金含管,RPXQMLNJOHKFFBJ76CC
竹北市,建物,新竹縣竹北市隘口八街91~120號,0.0,住,,,1040523,土地0建物1車位1,四層,13,住宅大樓(11層含以上有電梯),住家用,鋼筋混凝土造,0970723,167.29000000000002,3,2,2,有,有,有,15750,94,坡道平面,0.0,0,,RPORMLNJOHKFFBJ58CC
竹北市,建物,新竹縣竹北市六家一路一段121~150號,0.0,住,,,1040522,土地0建物1車位1,十二層,15,住宅大樓(11層含以上有電梯),住家用,鋼筋混凝土造,1000707,123.91999999999999,2,1,1,有,有,有,16000,129,坡道平面,0.0,0,,RPUNMLOJOHKFFBJ88CC
竹北市,建物,新竹縣竹北市嘉豐六路二段91~120號,0.0,住,,,1040525,土地0建物1車位1,十二層,14,住宅大樓(11層含以上有電梯),住家用,鋼筋混凝土造,0960625,129.24,3,2,2,有,有,無,18000,139,坡道平面,0.0,0,,RPWNMLOJOHKFFBJ09CC
竹北市,建物,新竹縣竹北市復興六路31~60號,0.0,住,,,1040523,土地0建物1車位1,二層,14,住宅大樓(11層含以上有電梯),住家用,鋼筋混凝土造,0961207,170.82999999999998,3,2,2,有,有,有,25000,146,坡道平面,0.0,0,,RPXNMLOJOHKFFBJ56CC
竹北市,建物,新竹縣竹北市福興東路一段271~300號,0.0,住,,,1040523,土地0建物1車位0,一層,5,店面(店鋪),住商用,鋼筋混凝土造,0950316,113.35,0,0,0,無,無,無,30000,265,,0.0,0,,RPWOMLOJOHKFFBJ56CC
竹北市,建物,新竹縣竹北市勝利一路91~120號,0.0,住,,,1040527,土地0建物1車位1,七層,15,住宅大樓(11層含以上有電梯),住家用,鋼筋混凝土造,0941004,138.36,3,2,2,有,有,有,18000,130,坡道平面,0.0,0,租金含管,RPOPMLOJOHKFFBJ48CC
竹北市,建物,新竹縣竹北市縣政三街61~90號,0.0,住,,,1040527,土地0建物1車位1,三層,9,華廈(10層含以下有電梯),住家用,鋼筋混凝土造,0861104,106.52000000000001,3,2,2,有,有,有,17000,160,坡道平面,0.0,0,,RPSPMLOJOHKFFBJ88CC
竹北市,建物,新竹縣竹北市復興三路一段1~30號,0.0,住,,,1040526,土地0建物1車位1,一層,10,華廈(10層含以下有電梯),住家用,鋼筋混凝土造,0950524,121.85,2,1,1,有,有,無,14500,119,坡道平面,0.0,0,租金含管,RPUPMLOJOHKFFBJ09CC
竹北市,建物,新竹縣竹北市自強南路59巷1~30號,0.0,住,,,1040528,土地0建物1車位0,十一層,14,套房(1房1廳1衛),住家用,鋼筋混凝土造,0930611,35.31,1,0,1,有,有,有,8000,227,,0.0,0,租金含管,RPWPMLOJOHKFFBJ66CC
竹北市,建物,新竹縣竹北市縣政五街1~30號,0.0,住,,,1040528,土地0建物1車位0,七層,7,套房(1房1廳1衛),商業用,鋼筋混凝土造,0931222,34.91,1,1,1,有,有,有,8352,239,,0.0,0,租金含稅.管理費.網路.第四台,RPPQMLOJOHKFFBJ68CC
芎林鄉,建物,新竹縣芎林鄉上山151~180號,0.0,,山坡地保育區,丙種建築用地,1040528,土地0建物1車位1,全,4,透天厝,住家用,鋼筋混凝土造,0821224,73.16,5,2,2,有,有,有,15000,205,坡道平面,0.0,0,租金含管,RPXNMLOJOHKFFCJ66CC
竹北市,建物,新竹縣竹北市隘口二路12巷1~30號,0.0,住,,,1040515,土地0建物1車位2,十層,13,住宅大樓(11層含以上有電梯),住家用,鋼筋混凝土造,1000720,159.84,3,2,2,有,有,有,30000,188,坡道機械,0.0,0,租金含稅.二代健保,RPPOMLSJOHKFFBJ88CC
竹北市,建物,新竹縣竹北市光明九路31~60號,0.0,住,,,1040523,土地0建物1車位0,六層,10,套房(1房1廳1衛),商業用,鋼筋混凝土造,0910627,37.83,1,1,1,有,有,有,8800,233,,0.0,0,租金含管續租,RPQOMLSJOHKFFBJ98CC
竹北市,建物,新竹縣竹北市嘉豐一街1~30號,0.0,住,,,1040530,土地0建物1車位1,三層,7,套房(1房1廳1衛),商業用,鋼筋混凝土造,0971128,46.59,1,1,1,有,有,有,13500,290,坡道機械,0.0,0,,RPROMLSJOHKFFBJ09CC
竹北市,建物,新竹縣竹北市莊敬三路31~60號,0.0,住,,,1040524,土地0建物1車位1,九層,13,住宅大樓(11層含以上有電梯),住家用,鋼筋混凝土造,0930705,115.25,3,2,2,有,有,有,17500,152,坡道平面,0.0,0,,RPSOMLSJOHKFFBJ56CC
竹北市,建物,新竹縣竹北市自強北路168巷1~30號,0.0,住,,,1040522,土地0建物1車位1,十二層,14,住宅大樓(11層含以上有電梯),住家用,鋼筋混凝土造,0940131,149.79,4,2,2,有,有,無,19000,127,坡道平面,0.0,0,,RPTOMLSJOHKFFBJ66CC
竹北市,建物,新竹縣竹北市自強五路121~150號,0.0,住,,,1040524,土地0建物1車位1,九層,12,住宅大樓(11層含以上有電梯),住家用,鋼筋混凝土造,0941213,275.71000000000004,4,2,2,有,有,無,24000,87,坡道平面,0.0,0,,RPUOMLSJOHKFFBJ76CC
竹北市,房地(土地+建物)+車位,新竹縣竹北市文興路151~180號,46.34,商,,,1040511,土地1建物1車位2,十三層,26,住宅大樓(11層含以上有電梯),住家用,鋼筋混凝土造,1011228,347.73,4,3,2,有,有,有,100000,288,坡道平面,58.62,0,不含稅.不含二代健保,RPSPMLSJOHKFFBJ66CC
竹北市,建物,新竹縣竹北市嘉豐十路1~30號,0.0,,,,1040606,土地0建物1車位0,十二層,14,辦公商業大樓,商業用,鋼筋混凝土造,0970321,44.49,0,0,1,有,無,有,11363,255,,0.0,0,,RPSQMLTJOHKFFBJ86CC
寶山鄉,土地,大雅段31~60地號,231.0,其他,,,1040601,土地1建物0車位0,,,其他,,,,0.0,0,0,0,有,無,無,32300,140,,0.0,0,含增建或未保存登記之建物及土地,RPTOMLLKOHKFFCJ88DC
竹東鎮,房地(土地+建物),新竹縣竹東鎮中興路二段101巷1~30號,67.47,,特定農業區,丁種建築用地,1040516,土地3建物1車位0,八層,14,辦公商業大樓,見其他登記事項,鋼筋混凝土造,1020822,218.09,4,2,3,有,有,有,22778,104,,0.0,0,,RPVNMLMKOHKFFCJ98CC
竹北市,建物,新竹縣竹北市高鐵七路61~90號,0.0,商,,,1040521,土地0建物1車位1,一層,12,店面(店鋪),商業用,鋼筋混凝土造,0990208,159.29000000000002,0,0,0,無,有,無,30000,188,坡道平面,41.95,0,,RPPRMLPKOHKFFBJ98CC
竹北市,建物,新竹縣竹北市高鐵二路31~60號,0.0,商,,,1040515,土地0建物1車位3,七層,20,辦公商業大樓,商業用,鋼筋混凝土造,0990106,392.87,0,0,0,無,有,無,99920,254,坡道平面,0.0,0,租金含稅。,RPVRMLPKOHKFFBJ96CC
竹北市,建物,新竹縣竹北市光明六路東一段271~300號,0.0,商,,,1040429,土地0建物2車位4,一層,23,辦公商業大樓,商業用,鋼筋混凝土造,0960528,809.9,0,0,0,無,無,無,308979,382,坡道平面,0.0,0,,RPWOMLQKOHKFFBJ86CC
竹北市,建物,新竹縣竹北市光明五街31~60號,0.0,住,,,1040602,土地0建物1車位0,全,3,透天厝,住家用,鋼筋混凝土造,0810721,191.0,7,2,3,有,無,無,20000,105,,0.0,0,,RPSNMLMLOHKFFBJ78DC
竹北市,建物,新竹縣竹北市高鐵七路61~90號,0.0,商,,,1040605,土地0建物1車位1,十三層,18,辦公商業大樓,商業用,鋼筋混凝土造,0990208,114.0,0,0,0,無,有,無,16000,140,坡道機械,18.82,0,,RPTNMLOLOHKFFBJ98CC
竹北市,建物,新竹縣竹北市高鐵七路61~90號,0.0,商,,,1040604,土地0建物1車位0,十八層,18,辦公商業大樓,商業用,鋼筋混凝土造,0990208,95.47999999999999,0,0,0,無,有,無,13000,136,,0.0,0,,RPUNMLOLOHKFFBJ09CC
竹北市,建物,新竹縣竹北市成功一街61~90號,0.0,商,,,1040612,土地0建物1車位1,二層,14,辦公商業大樓,住家用,鋼筋混凝土造,0930524,166.16,0,0,0,無,有,無,19000,114,坡道平面,22.79,0,,RPXNMLOLOHKFFBJ76CC
竹北市,建物,新竹縣竹北市福興一路121~150號,0.0,住,,,1040610,土地0建物1車位2,十層,19,住宅大樓(11層含以上有電梯),住家用,鋼筋混凝土造,1010711,228.77,4,2,2,有,有,有,21500,94,坡道平面,0.0,0,,RPPOMLOLOHKFFBJ68CC
竹北市,建物,新竹縣竹北市復興六路31~60號,0.0,住,,,1040619,土地0建物1車位2,二層,14,住宅大樓(11層含以上有電梯),住家用,鋼筋混凝土造,0961207,207.1,4,2,2,有,有,有,29000,140,坡道平面,0.0,0,,RPQOMLOLOHKFFBJ78CC
竹北市,建物,新竹縣竹北市復興三路二段91~120號,0.0,住,,,1040612,土地0建物1車位2,十層,23,住宅大樓(11層含以上有電梯),住家用,鋼筋混凝土造,1030924,230.76,3,2,2,有,有,無,29000,126,坡道平面,0.0,0,,RPXOMLPLOHKFFBJ96CC
竹北市,建物,新竹縣竹北市科大二路1~30號,0.0,商,,,1040617,土地0建物1車位0,一層,4,店面(店鋪),住商用,鋼筋混凝土造,0980123,119.8,0,0,0,無,無,無,22727,190,,0.0,0,,RPOPMLPLOHKFFBJ78CC
竹北市,土地,自強段121~150地號,611.96,住,,,1040606,土地1建物0車位0,,,其他,,,,0.0,0,0,0,有,無,無,64500,105,,0.0,0,,RPVNMLQLOHKFFBJ86DC
竹北市,建物,新竹縣竹北市中華路1~30號,0.0,住,,,1040610,土地0建物1車位0,一層,14,住宅大樓(11層含以上有電梯),商業用,鋼筋混凝土造,1010318,89.03,0,0,0,無,無,無,45000,505,,0.0,0,,RPVPMLTLOHKFFBJ37DC
竹北市,建物,新竹縣竹北市光明18街1~30號,0.0,住,,,1040610,土地0建物1車位0,一層,14,住宅大樓(11層含以上有電梯),商業用,鋼筋混凝土造,1010318,87.51,0,0,0,無,無,無,25000,286,,0.0,0,,RPWPMLTLOHKFFBJ47DC
竹北市,房地(土地+建物),新竹縣竹北市新光街31~60號,104.42,住,,,1040531,土地1建物1車位0,見其他登記事項,2,公寓(5樓含以下無電梯),住家用,加強磚造,0670620,139.13,3,2,2,有,無,無,18000,129,,0.0,0,,RPPOMLKMOHKFFBJ38CC
竹北市,建物,新竹縣竹北市光明九路1~30號,0.0,住,,,1040603,土地0建物1車位1,六層,14,住宅大樓(11層含以上有電梯),住家用,鋼筋混凝土造,0941107,110.96,3,2,2,有,有,無,16000,144,坡道機械,0.0,0,租金含管,RPSOMLNJPHKFFBJ78CC
竹北市,建物,新竹縣竹北市六家一路一段121~150號,0.0,住,,,1040605,土地0建物1車位1,十二層,15,住宅大樓(11層含以上有電梯),住家用,鋼筋混凝土造,1000707,166.57,3,2,2,有,有,無,19500,117,坡道平面,0.0,0,租金含管理費續租,RPTOMLNJPHKFFBJ88CC
竹北市,建物,新竹縣竹北市嘉興路384巷1~30號,0.0,住,,,1040604,土地0建物1車位0,五層,6,華廈(10層含以下有電梯),住家用,鋼筋混凝土造,0830311,78.35,2,2,2,有,有,無,9300,119,,0.0,0,,RPUOMLNJPHKFFBJ98CC
竹北市,建物,新竹縣竹北市莊敬五街1~30號,0.0,住,,,1040604,土地0建物1車位1,六層,15,住宅大樓(11層含以上有電梯),住家用,鋼筋混凝土造,0950519,127.06,3,2,2,有,有,有,22727,179,坡道平面,0.0,0,租金含稅.二代健保,RPWOMLNJPHKFFBJ56CC
竹北市,建物,新竹縣竹北市勝利一路91~120號,0.0,住,,,1040605,土地0建物1車位1,十層,15,住宅大樓(11層含以上有電梯),住家用,鋼筋混凝土造,0941004,135.48,3,2,2,有,有,有,22727,168,坡道平面,0.0,0,租金含稅.二代健保,RPXOMLNJPHKFFBJ66CC
竹北市,建物,新竹縣竹北市科大一路181~210號,0.0,住,,,1040605,土地0建物1車位1,八層,13,住宅大樓(11層含以上有電梯),住家用,鋼筋混凝土造,1010531,131.1,2,1,1,有,有,無,17000,130,坡道平面,0.0,0,租金含管,RPOPMLNJPHKFFBJ48CC
竹北市,建物,新竹縣竹北市勝利一路91~120號,0.0,住,,,1040606,土地0建物1車位2,七層,21,住宅大樓(11層含以上有電梯),住家用,鋼筋混凝土造,0930517,160.85999999999999,4,2,2,有,有,有,22000,137,坡道機械,0.0,0,,RPPPMLNJPHKFFBJ58CC
竹北市,建物,新竹縣竹北市光明六路東二段241~270號,0.0,住,,,1040609,土地0建物1車位1,七層,9,華廈(10層含以下有電梯),商業用,鋼筋混凝土造,0980121,62.17,2,1,2,有,有,有,17500,281,坡道平面,0.0,0,租金含管理費,RPQPMLNJPHKFFBJ68CC
竹北市,建物,新竹縣竹北市莊敬北路121~150號,0.0,住,,,1040610,土地0建物1車位1,十三層,14,住宅大樓(11層含以上有電梯),住家用,鋼筋混凝土造,0941005,147.8,3,2,2,有,有,有,25000,169,坡道平面,0.0,0,租金含管續租,RPRPMLNJPHKFFBJ78CC
竹北市,建物,新竹縣竹北市光明六路東一段271~300號,0.0,住,,,1040630,土地0建物1車位2,二十三層,23,住宅大樓(11層含以上有電梯),住家用,鋼筋混凝土造,0960528,198.0,3,2,2,有,有,有,27000,136,坡道平面,0.0,0,,RPSPMLNJPHKFFBJ88CC
竹北市,建物,新竹縣竹北市科大一路151~180號,0.0,住,,,1040630,土地0建物1車位1,六層,14,住宅大樓(11層含以上有電梯),住家用,鋼筋混凝土造,1000105,175.16,3,2,2,有,有,有,34090,195,坡道平面,0.0,0,租金含稅.二代健保,RPXNMLQJPHKFFBJ86CC
竹北市,建物,新竹縣竹北市六家六街1巷1~30號,0.0,住,,,1040630,土地0建物1車位1,三層,11,住宅大樓(11層含以上有電梯),住家用,鋼筋混凝土造,0960720,81.04,2,1,1,有,有,無,11000,136,坡道平面,0.0,0,,RPPOMLQJPHKFFBJ78CC
竹北市,建物,新竹縣竹北市隘口六街151~180號,0.0,住,,,1040610,土地0建物1車位1,三層,9,華廈(10層含以下有電梯),住家用,鋼筋混凝土造,0961228,95.19999999999999,1,1,1,有,無,有,13000,137,坡道平面,0.0,0,租金含管.網路.第四台,RPQOMLQJPHKFFBJ88CC
竹北市,建物,新竹縣竹北市福興一路31~60號,0.0,住,,,1040610,土地0建物1車位1,七層,24,住宅大樓(11層含以上有電梯),住家用,鋼筋混凝土造,1030728,169.52,4,2,2,有,有,有,25000,147,坡道平面,0.0,0,租金含管,RPROMLQJPHKFFBJ98CC
竹北市,建物,新竹縣竹北市科大一路181~210號,0.0,住,,,1040620,土地0建物1車位1,六層,13,住宅大樓(11層含以上有電梯),住家用,鋼筋混凝土造,1010531,143.37,2,2,1,有,有,有,19000,133,坡道平面,0.0,0,,RPSOMLQJPHKFFBJ09CC
竹北市,建物,新竹縣竹北市勝利二路91~120號,0.0,住,,,1040621,土地0建物1車位1,十五層,21,住宅大樓(11層含以上有電梯),住家用,鋼筋混凝土造,0930517,116.96000000000001,3,2,2,有,無,有,20000,171,坡道平面,0.0,0,,RPUOMLQJPHKFFBJ66CC
竹北市,建物,新竹縣竹北市嘉豐一街121~150號,0.0,住,,,1040619,土地0建物1車位1,五層,7,華廈(10層含以下有電梯),商業用,鋼筋混凝土造,0940504,143.89999999999998,3,2,2,有,有,有,15000,104,坡道平面,0.0,0,租金含管.續租,RPVOMLQJPHKFFBJ76CC
竹北市,建物,新竹縣竹北市嘉豐十一路一段1~30號,0.0,住,,,1040630,土地0建物1車位1,十一層,12,住宅大樓(11層含以上有電梯),住家用,鋼筋混凝土造,0970825,256.73,4,2,2,有,有,無,26000,101,坡道平面,0.0,0,租金含管續租,RPXOMLQJPHKFFBJ96CC
竹北市,建物,新竹縣竹北市隘口六街121~150號,0.0,住,,,1040620,土地0建物1車位1,六層,12,住宅大樓(11層含以上有電梯),住家用,鋼筋混凝土造,0991231,162.78,3,2,2,有,有,有,19000,117,坡道平面,0.0,0,租金含管續租,RPRPMLQJPHKFFBJ09CC
竹北市,建物,新竹縣竹北市復興一街241~270號,0.0,住,,,1040622,土地0建物1車位1,十四層,16,套房(1房1廳1衛),商業用,鋼筋混凝土造,0970915,65.98,1,1,1,有,有,有,17000,258,坡道平面,0.0,0,租金含管理費,RPTPMLQJPHKFFBJ66CC
竹北市,建物,新竹縣竹北市臺科路91~120號,0.0,住,,,1040614,土地0建物1車位1,六層,14,住宅大樓(11層含以上有電梯),住家用,鋼筋混凝土造,1000805,140.95999999999998,3,2,2,有,有,有,29545,210,坡道平面,0.0,0,租金含管.稅金.二代健保,RPUPMLQJPHKFFBJ76CC
竹東鎮,房地(土地+建物),新竹縣竹東鎮中正路151~180號,128.0,住,,,1040611,土地1建物1車位0,全,2,透天厝,見其他登記事項,鋼筋混凝土造,1030109,220.76,0,0,0,無,無,無,35000,159,,0.0,0,,RPPNMLQJPHKFFCJ88DC
竹北市,建物,新竹縣竹北市勝利十五街91~120號,0.0,住,,,1040615,土地0建物1車位0,全,5,透天厝,住家用,鋼筋混凝土造,1000329,280.5,2,0,4,有,無,無,35000,125,,0.0,0,,RPPOMLRJPHKFFBJ88CC
竹北市,建物,新竹縣竹北市勝利二路121~150號,0.0,住,,,1040624,土地0建物1車位1,十七層,21,住宅大樓(11層含以上有電梯),住家用,鋼筋混凝土造,0930517,125.82,3,2,2,有,有,有,30000,238,坡道平面,0.0,0,租金含管.第四台,RPQOMLRJPHKFFBJ98CC
竹北市,建物,新竹縣竹北市勝利二路121~150號,0.0,住,,,1040624,土地0建物1車位1,十七層,21,住宅大樓(11層含以上有電梯),住家用,鋼筋混凝土造,0930517,125.82,3,2,2,有,有,有,30000,238,坡道平面,0.0,0,租金含管.第四台,RPSOMLRJPHKFFBJ56CC
竹北市,建物,新竹縣竹北市光明九路61~90號,0.0,住,,,1040624,土地0建物1車位0,六層,10,套房(1房1廳1衛),商業用,鋼筋混凝土造,0940603,32.99,1,1,1,有,有,有,10000,303,,0.0,0,租金含管.網路.第四台,RPTOMLRJPHKFFBJ66CC
竹北市,建物,新竹縣竹北市六家五路一段241~270號,0.0,住,,,1040623,土地0建物1車位1,四層,14,住宅大樓(11層含以上有電梯),住家用,鋼筋混凝土造,1001202,158.76,2,2,2,有,有,有,17000,107,坡道機械,0.0,0,,RPUOMLRJPHKFFBJ76CC
竹北市,建物,新竹縣竹北市莊敬五街31~60號,0.0,住,,,1040625,土地0建物1車位1,十四層,15,住宅大樓(11層含以上有電梯),住家用,鋼筋混凝土造,0940923,162.07999999999998,4,2,2,有,有,有,20000,123,坡道平面,0.0,0,,RPVOMLRJPHKFFBJ86CC
竹北市,建物,新竹縣竹北市勝利一路91~120號,0.0,住,,,1040628,土地0建物1車位0,十三層,15,住宅大樓(11層含以上有電梯),住家用,鋼筋混凝土造,0941004,163.02,3,2,2,有,有,有,22000,135,,0.0,0,租金含管.稅金,RPWOMLRJPHKFFBJ96CC
竹北市,建物,新竹縣竹北市臺元街31~60號,0.0,住,,,1040627,土地0建物1車位1,六層,14,住宅大樓(11層含以上有電梯),住家用,鋼筋混凝土造,0970627,120.09,3,2,2,有,有,有,20000,167,坡道平面,0.0,0,租金含管,RPXOMLRJPHKFFBJ07CC
竹北市,建物,新竹縣竹北市隘口三街181~210號,0.0,住,,,1040626,土地0建物1車位1,七層,15,住宅大樓(11層含以上有電梯),住家用,鋼筋混凝土造,0991214,131.87,2,2,1,有,有,有,19000,144,坡道平面,0.0,0,租金含管,RPOPMLRJPHKFFBJ88CC
竹北市,建物,新竹縣竹北市高鐵七路61~90號,0.0,住,,,1040627,土地0建物1車位0,十七層,18,套房(1房1廳1衛),商業用,鋼筋混凝土造,0990208,44.22,1,0,1,有,有,有,10500,237,,0.0,0,租金含管.網路.第四台,RPPPMLRJPHKFFBJ98CC
竹北市,建物,新竹縣竹北市莊敬五街31~60號,0.0,住,,,1040629,土地0建物1車位1,六層,15,住宅大樓(11層含以上有電梯),住家用,鋼筋混凝土造,0940923,101.97,3,2,2,有,有,有,16000,157,坡道平面,0.0,0,,RPRPMLRJPHKFFBJ56CC
竹北市,建物,新竹縣竹北市嘉豐一街1~30號,0.0,住,,,1040618,土地0建物1車位1,四層,7,套房(1房1廳1衛),商業用,鋼筋混凝土造,0971128,46.41,1,1,1,有,有,有,12800,276,坡道機械,0.0,0,租金含管續租,RPSPMLRJPHKFFBJ66CC
竹北市,建物,新竹縣竹北市隘口六街151~180號,0.0,住,,,1040628,土地0建物1車位1,六層,9,套房(1房1廳1衛),住家用,鋼筋混凝土造,0961228,95.69,1,1,1,有,有,有,13000,136,坡道平面,0.0,0,租金含管.網路.第四台,RPTPMLRJPHKFFBJ76CC
竹北市,建物,新竹縣竹北市莊敬五街31~60號,0.0,住,,,1040629,土地0建物1車位1,七層,15,住宅大樓(11層含以上有電梯),住家用,鋼筋混凝土造,0950519,172.60999999999999,4,2,2,有,有,有,28409,165,坡道平面,0.0,0,租金含管.含稅,RPUPMLRJPHKFFBJ86CC
竹北市,建物,新竹縣竹北市莊敬北路91~120號,0.0,商,,,1040707,土地0建物1車位0,一層,11,辦公商業大樓,商業用,鋼筋混凝土造,0940331,74.72,0,0,0,無,有,有,31000,415,,0.0,0,,RPTNMLTJPHKFFBJ76CC
竹北市,建物,新竹縣竹北市光明九路151~180號,0.0,商,,,1040622,土地0建物1車位0,二層,11,套房(1房1廳1衛),商業用,鋼筋混凝土造,0980225,30.33,1,0,1,有,有,有,8000,264,,0.0,0,,RPTOMLNKPHKFFBJ98CC
竹北市,房地(土地+建物)+車位,新竹縣竹北市興隆路三段31~60號,10.14,其他,,,1040709,土地1建物1車位1,一層,14,住宅大樓(11層含以上有電梯),商業用,鋼筋混凝土造,0970825,46.27,0,0,0,無,無,無,35000,756,坡道平面,25.41,0,,RPQPMLNKPHKFFBJ78CC
竹北市,建物,新竹縣竹北市高鐵七路31~60號,0.0,商,,,1040624,土地0建物1車位0,見其他登記事項,18,辦公商業大樓,商業用,鋼筋混凝土造,0990208,243.31,0,0,0,無,有,無,38000,156,,0.0,0,租賃範圍不含平面車位，車位房東已另行出租,RPRQMLPKPHKFFBJ56CC
竹北市,建物,新竹縣竹北市六家五路二段211~240號,10515.85,住,,,1040707,土地0建物1車位1,十七層,17,住宅大樓(11層含以上有電梯),住家用,鋼筋混凝土造,0930218,96.96,3,2,2,有,有,有,28977,299,坡道平面,0.0,0,,RPPQMLKLPHKFFBJ58CC
竹北市,建物,新竹縣竹北市科大一路121~150號,0.0,住,,,1040623,土地0建物1車位1,一層,14,店面(店鋪),商業用,鋼筋混凝土造,1000322,173.36,0,0,0,無,有,無,30000,173,坡道平面,28.59,0,,RPWOMLMLPHKFFBJ66CC
竹北市,建物,新竹縣竹北市縣政二路南段87及61~90號,0.0,住,,,1040710,土地0建物2車位0,見其他登記事項,2,店面(店鋪),住商用,鋼筋混凝土造,1030924,349.13,0,0,0,無,有,無,113636,325,,0.0,0,本租賃案共2戶,RPQOMLNLPHKFFBJ88DC
竹北市,建物,新竹縣竹北市嘉豐一街1~30號,0.0,住,,,1040703,土地0建物1車位1,二層,7,套房(1房1廳1衛),商業用,鋼筋混凝土造,0971128,46.39,1,1,1,有,有,有,14500,313,坡道機械,0.0,0,租金含管.網路.第四台,RPTOMLOLPHKFFBJ56CC
竹北市,建物,新竹縣竹北市莊敬五街31~60號,0.0,住,,,1040704,土地0建物1車位1,五層,15,住宅大樓(11層含以上有電梯),住家用,鋼筋混凝土造,0950519,132.76,3,2,2,有,有,有,20000,151,坡道平面,0.0,0,租金含管,RPUOMLOLPHKFFBJ66CC
竹北市,建物,新竹縣竹北市勝利一路121~150號,0.0,住,,,1040704,土地0建物1車位1,十三層,15,住宅大樓(11層含以上有電梯),住家用,鋼筋混凝土造,0941004,164.64,2,2,2,有,有,有,25000,152,坡道平面,0.0,0,租金含管.網路.第四台,RPVOMLOLPHKFFBJ76CC
竹北市,建物,新竹縣竹北市隘口三街211~240號,0.0,住,,,1040706,土地0建物1車位1,九層,13,住宅大樓(11層含以上有電梯),住家用,鋼筋混凝土造,0991214,185.79,3,2,2,有,有,有,19000,102,坡道平面,0.0,0,,RPOPMLOLPHKFFBJ78CC
竹北市,建物,新竹縣竹北市勝利一路121~150號,0.0,住,,,1040707,土地0建物1車位1,十三層,15,住宅大樓(11層含以上有電梯),住家用,鋼筋混凝土造,0941004,162.16,4,2,2,有,有,有,18000,111,坡道平面,0.0,0,,RPQPMLOLPHKFFBJ98CC
竹北市,建物,新竹縣竹北市復興二路211~240號,0.0,住,,,1040707,土地0建物1車位0,四層,11,套房(1房1廳1衛),商業用,鋼筋混凝土造,0961204,44.2,1,1,1,有,有,有,10500,238,,0.0,0,租金含管.網路.第四台,RPVPMLOLPHKFFBJ86CC
竹北市,建物,新竹縣竹北市縣政九路135巷1~30號,0.0,住,,,1040708,土地0建物1車位1,十層,12,住宅大樓(11層含以上有電梯),住家用,鋼筋混凝土造,0911213,172.48,4,2,2,有,有,有,27000,157,坡道平面,0.0,0,租金含管,RPWPMLOLPHKFFBJ96CC
竹北市,建物,新竹縣竹北市復興二路61~90號,0.0,住,,,1040630,土地0建物1車位2,十層,13,住宅大樓(11層含以上有電梯),住家用,鋼筋混凝土造,1001222,175.24,3,2,2,有,有,有,22727,130,坡道平面,0.0,0,租金含稅,RPOQMLOLPHKFFBJ88CC
竹北市,建物,新竹縣竹北市縣政二路南路121~150號,0.0,住,,,1040709,土地0建物1車位2,五層,13,住宅大樓(11層含以上有電梯),住家用,鋼筋混凝土造,1011025,258.4,4,2,2,有,有,有,43700,169,坡道平面,0.0,0,租金含管.網路.第四台,RPPQMLOLPHKFFBJ98CC
竹北市,建物,新竹縣竹北市隘口六街151~180號,0.0,住,,,1040709,土地0建物1車位1,七層,9,華廈(10層含以下有電梯),住家用,鋼筋混凝土造,0961228,95.19999999999999,1,1,1,有,有,有,13000,137,坡道平面,0.0,0,租金含管.網路.第四台,RPQQMLOLPHKFFBJ09CC
竹北市,建物,新竹縣竹北市光明九路151~180號,0.0,住,,,1040711,土地0建物1車位0,十層,11,套房(1房1廳1衛),商業用,鋼筋混凝土造,0980225,33.34,1,1,1,有,有,有,11000,330,,0.0,0,,RPSQMLOLPHKFFBJ66CC
竹北市,建物,新竹縣竹北市光明九路151~180號,0.0,住,,,1040711,土地0建物1車位0,十層,11,套房(1房1廳1衛),商業用,鋼筋混凝土造,0980225,46.86,1,1,1,有,有,有,11500,245,,0.0,0,,RPUQMLOLPHKFFBJ86CC
竹北市,建物,新竹縣竹北市莊敬六街1~30號,0.0,住,,,1040712,土地0建物1車位1,十五層,15,套房(1房1廳1衛),住家用,鋼筋混凝土造,0941114,73.28,1,0,1,有,有,有,11000,150,坡道平面,0.0,0,,RPWQMLOLPHKFFBJ07CC
竹北市,建物,新竹縣竹北市縣政八街25巷1~30號,0.0,住,,,1040714,土地0建物1車位1,七層,14,住宅大樓(11層含以上有電梯),住家用,鋼筋混凝土造,0930816,164.31,4,2,2,有,有,無,25000,152,坡道平面,0.0,0,,RPXQMLOLPHKFFBJ17CC
竹北市,建物,新竹縣竹北市復興一街241~270號,0.0,住,,,1040712,土地0建物1車位1,十二層,16,套房(1房1廳1衛),商業用,鋼筋混凝土造,0970915,53.040000000000006,1,1,1,有,有,有,16500,311,坡道平面,0.0,0,租金含管.第四台,RPPRMLOLPHKFFBJ09CC
竹北市,建物,新竹縣竹北市嘉豐十路1~30號,0.0,住,,,1040630,土地0建物1車位0,六層,13,套房(1房1廳1衛),商業用,鋼筋混凝土造,0970321,44.86,1,0,1,有,有,有,10000,223,,0.0,0,租金含管.網路.第四台續租,RPQRMLOLPHKFFBJ56CC
竹北市,建物,新竹縣竹北市嘉豐十路1~30號,0.0,住,,,1040713,土地0建物1車位1,五層,13,套房(1房1廳1衛),商業用,鋼筋混凝土造,0970321,44.27,1,0,1,有,有,有,12500,282,坡道平面,0.0,0,租金含管.網路.第四台,RPRRMLOLPHKFFBJ66CC
竹北市,建物,新竹縣竹北市成功八路181~210號,0.0,住,,,1040719,土地0建物1車位1,三層,18,住宅大樓(11層含以上有電梯),住家用,鋼筋混凝土造,1031009,166.14,3,2,2,有,有,有,20000,120,坡道平面,0.0,0,,RPSRMLOLPHKFFBJ76CC
竹北市,建物,新竹縣竹北市隘口三街211~240號,0.0,住,,,1040718,土地0建物1車位1,九層,13,住宅大樓(11層含以上有電梯),住家用,鋼筋混凝土造,0991214,159.06,3,2,2,有,有,有,20000,126,坡道平面,0.0,0,租金含管,RPTRMLOLPHKFFBJ86CC
竹北市,建物,新竹縣竹北市文興路241~270號,0.0,商,,,1040717,土地0建物1車位2,四層,11,辦公商業大樓,見其他登記事項,鋼筋混凝土造,1031015,228.5,0,0,0,無,有,無,31000,136,坡道平面,0.0,0,租金含租賃稅,RPXNMLRLPHKFFBJ17CC
竹北市,建物,新竹縣竹北市復興一街241~270號,0.0,住,,,1040721,土地0建物1車位1,八層,16,套房(1房1廳1衛),商業用,鋼筋混凝土造,0970915,40.26,1,1,1,有,有,有,15500,385,坡道平面,0.0,0,租金含網路.第四台.管理費,RPOOMLRLPHKFFBJ98CC
竹北市,建物,新竹縣竹北市六家七路1~30號,0.0,住,,,1040720,土地0建物1車位1,七層,12,住宅大樓(11層含以上有電梯),住家用,鋼筋混凝土造,0950907,171.28,3,2,2,有,有,有,25000,146,坡道平面,0.0,0,租金含管,RPPOMLRLPHKFFBJ09CC
竹北市,建物,新竹縣竹北市莊敬五街31~60號,0.0,住,,,1040722,土地0建物1車位0,十二層,15,住宅大樓(11層含以上有電梯),住家用,鋼筋混凝土造,0950519,105.5,2,2,2,有,有,有,17436,165,,0.0,0,租金含管理費,RPQOMLRLPHKFFBJ56CC
竹北市,建物,新竹縣竹北市光明一路151~180號,0.0,商,,,1040727,土地0建物1車位0,全,2,透天厝,商業用,見其他登記事項,0930303,779.01,0,0,0,無,無,無,300000,385,,0.0,0,,RPOOMLSLPHKFFBJ09CC
竹北市,建物,新竹縣竹北市嘉豐二街一段181~210號,0.0,住,,,1040703,土地0建物1車位0,五層,5,公寓(5樓含以下無電梯),住家用,鋼筋混凝土造,0930806,104.07000000000001,3,2,2,有,無,無,17850,172,,0.0,0,,RPQOMLSLPHKFFBJ66CC
竹北市,建物,新竹縣竹北市嘉政九街31~60號,0.0,住,,,1040723,土地0建物1車位0,十層,10,套房(1房1廳1衛),商業用,鋼筋混凝土造,0970606,45.03,1,1,1,有,有,有,10500,233,,0.0,0,租金含網路.第四台.管理費,RPROMLTLPHKFFBJ86CC
竹北市,建物,新竹縣竹北市隘口六街181~210號,0.0,住,,,1040726,土地0建物1車位1,十一層,12,住宅大樓(11層含以上有電梯),住家用,鋼筋混凝土造,0960615,183.45,3,2,2,有,有,有,22000,120,坡道平面,0.0,0,,RPSOMLTLPHKFFBJ96CC
竹北市,建物,新竹縣竹北市福興一路31~60號,0.0,住,,,1040728,土地0建物1車位1,二十層,24,住宅大樓(11層含以上有電梯),住家用,鋼筋混凝土造,1030728,197.22,4,2,2,有,有,無,22000,112,坡道平面,0.0,0,,RPTOMLTLPHKFFBJ07CC
竹北市,建物,新竹縣竹北市莊敬五街1~30號,0.0,商,,,1040727,土地0建物1車位1,九層,14,住宅大樓(11層含以上有電梯),住家用,鋼筋混凝土造,0940923,127.31,2,2,1,有,有,有,25000,196,坡道平面,0.0,0,租金含管,RPUOMLTLPHKFFBJ17CC
竹北市,建物,新竹縣竹北市嘉豐十一路一段91~120號,0.0,商,,,1040709,土地0建物1車位2,九層,14,辦公商業大樓,商業用,鋼筋混凝土造,0970321,201.07999999999998,0,0,0,無,有,無,52000,259,坡道平面,0.0,0,,RPQOMLKMPHKFFBJ58CC
竹北市,建物,新竹縣竹北市縣政十街1~30號,0.0,商,,,1040705,土地0建物1車位0,五層,10,套房(1房1廳1衛),商業用,鋼筋混凝土造,0950908,41.58,1,0,1,有,有,有,11500,277,,0.0,0,含管理費1000,RPTPMLKMPHKFFBJ98CC
竹北市,建物,新竹縣竹北市勝利六街211~240號,0.0,住,,,1040709,土地0建物0車位0,全,3,透天厝,住家用,鋼筋混凝土造,0940218,23.66,9,3,9,有,無,有,6300,266,,0.0,0,,RPSPMLLMPHKFFBJ98CC
