﻿鄉鎮市區,交易標的,土地區段位置建物區段門牌,土地面積平方公尺,都市土地使用分區,非都市土地使用分區,非都市土地使用編定,租賃年月日,租賃筆棟數,租賃層次,總樓層數,建物型態,主要用途,主要建材,建築完成年月,建物總面積平方公尺,建物現況格局-房,建物現況格局-廳,建物現況格局-衛,建物現況格局-隔間,有無管理組織,有無附傢俱,總額元,單價元平方公尺,車位類別,車位面積平方公尺,車位總額元,備註,編號
The villages and towns urban district,transaction sign,land sector position building sector house number plate,land shifting total area square meter,the use zoning or compiles and checks,the non-metropolis land use district,non-metropolis land use,transaction year month and day,transaction pen number,shifting level,total floor number,building state,main use,main building materials,construction to complete the years,building shifting total area,Building present situation pattern - room,building present situation pattern - hall,building present situation pattern - health,building present situation pattern - compartmented,Whether there is manages the organization,Whether there is attaches the furniture,total price NTD,the unit price (NTD / square meter),the berth category,berth shifting total area square meter,the berth total price NTD,the note,serial number
台東市,房地(土地+建物),臺東縣臺東市四維路三段59巷1~30號,8.68,住,,,1040620,土地1建物1車位0,三層,14,住宅大樓(11層含以上有電梯),見其他登記事項,鋼筋混凝土造,0830419,42.38,1,0,1,有,有,有,5000,118,,0.0,0,,RPRNMLPLOHKFFAV37CC
台東市,房地(土地+建物),臺東縣臺東市中華路一段361~390號,204.0,商,,,1040629,土地1建物1車位0,見其他登記事項,3,店面(店鋪),住商用,鋼筋混凝土造,0640128,464.85,0,0,0,無,無,無,50000,108,,0.0,0,,RPPNMLNJPHKFFAV86CC
台東市,房地(土地+建物),臺東縣臺東市中正路211~240號,161.0,商,,,1040714,土地2建物1車位0,見其他登記事項,1,店面(店鋪),商業用,見其他登記事項,0440630,111.07,0,0,0,無,無,無,25000,225,,0.0,0,,RPXNMLOKPHKFFAV97DC
台東市,房地(土地+建物),臺東縣臺東市長沙街7巷7弄1~30號,75.0,住,,,1040715,土地1建物1車位0,全,2,透天厝,住家用,加強磚造,0690318,86.2,3,1,1,有,無,有,10000,116,,0.0,0,,RPOOMLMLPHKFFAV96CC
