﻿鄉鎮市區,交易標的,土地區段位置建物區段門牌,土地移轉總面積平方公尺,都市土地使用分區,非都市土地使用分區,非都市土地使用編定,交易年月日,交易筆棟數,移轉層次,總樓層數,建物型態,主要用途,主要建材,建築完成年月,建物移轉總面積平方公尺,建物現況格局-房,建物現況格局-廳,建物現況格局-衛,建物現況格局-隔間,有無管理組織,總價元,單價元平方公尺,車位類別,車位移轉總面積平方公尺,車位總價元,備註,編號
The villages and towns urban district,transaction sign,land sector position building sector house number plate,land shifting total area square meter,the use zoning or compiles and checks,the non-metropolis land use district,non-metropolis land use,transaction year month and day,transaction pen number,shifting level,total floor number,building state,main use,main building materials,construction to complete the years,building shifting total area,Building present situation pattern - room,building present situation pattern - hall,building present situation pattern - health,building present situation pattern - compartmented,Whether there is manages the organization,total price NTD,the unit price (NTD / square meter),the berth category,berth shifting total area square meter,the berth total price NTD,the note,serial number
北竿鄉,土地,里段511~540地號,139.68,住,,,1040410,土地3建物0車位0,,,其他,,,,0.0,0,0,0,有,無,1500000,10739,,0.0,0,,RPPNMLLKNHKFFAZ86DA
北竿鄉,土地,大坵段181~210地號,115.02,住,,,1040507,土地1建物0車位0,,,其他,,,,0.0,0,0,0,有,無,680000,5912,,0.0,0,,RPPNMLMKNHKFFAZ96DA
北竿鄉,土地,塘岐段661~690地號,162.39,商,,,1040429,土地1建物0車位0,,,其他,,,,0.0,0,0,0,有,無,300000,1847,,0.0,0,,RPPNMLTJOHKFFAZ67DA
南竿鄉,土地,復興段781~810地號,78.2,住,,,1040603,土地1建物0車位0,,,其他,,,,0.0,0,0,0,有,無,500000,6394,,0.0,0,親友、員工或其他特殊關係間之交易。,RPQNMLTJOHKFFAZ77DA
南竿鄉,土地,介壽段421~450地號,102.77,其他,,,1040518,土地1建物0車位0,,,其他,,,,0.0,0,0,0,有,無,7500000,72978,,0.0,0,權利人共2人總價含未辦保存總登記1樓及4樓2層建物,RPPNMLQJPHKFFAZ37CA
北竿鄉,土地,塘岐段661~690地號,71.89,住,,,1040626,土地2建物0車位0,,,其他,,,,0.0,0,0,0,有,無,300000,4173,,0.0,0,親友、員工或其他特殊關係間之交易。,RPQNMLQJPHKFFAZ57DA
北竿鄉,房地(土地+建物),連江縣北竿鄉塘岐村91~120號,54.68,住,,,1040622,土地2建物1車位0,一層，二層,二層,倉庫,住家用,石造,0480731,95.0,0,0,0,無,無,1500000,,,0.0,0,土地建物交易價格無法拆分,RPPNMLQJQHKFFAZ57DA
北竿鄉,土地,橋仔段391~420地號,849.98,住,,,1040707,土地1建物0車位0,,,其他,,,,0.0,0,0,0,有,無,2762426,3250,,0.0,0,江宏銘1/7陳瑋鴻1/14陳彥勳1/14陳東憲1/14呂珊?1/14,RPUNMLKLPHKFFAZ57DA
