﻿編號,土地區段位置,土地移轉面積平方公尺,使用分區或編定
The serial number,land sector position,land shifting area square meter,the use zoning or compiles and checks
RPWNMLOJJIKFFCD18CC,竹篙厝段,20.24,都市：住
RPVNMLMJJIKFFAD67CC,南寧段,.00,都市：住
RPTNMLOJJIKFFAD67CC,金華段,13.45,都市：住
RPSNMLOJJIKFFAD57CC,金華段,11.67,都市：住
RPUNMLOJJIKFFAD77CC,青年段,4.07,都市：商
RPUNMLOJJIKFFAD77CC,青年段,9.54,都市：商
RPUNMLOJJIKFFAD77CC,青年段,.38,都市：商
RPQNMLOJJIKFFER56CC,善中段,115.70,非都市： ; 非都市編定：
RPTNMLPJJIKFFCD97CC,水交社段,199.25,都市：住
RPXNMLPJJIKFFCD38CC,竹篙厝段,.00,都市：住
RPWNMLPJJIKFFCD28CC,竹篙厝段,.00,都市：商
RPWNMLPJJIKFFCD28CC,竹篙厝段,.00,都市：商
RPWNMLPJJIKFFCD28CC,竹篙厝段,.00,都市：商
RPQOMLPJJIKFFCD77CC,公英段,.00,都市：住
RPPOMLPJJIKFFCD67CC,虎尾寮段,.00,都市：商
RPOOMLPJJIKFFCD57CC,路東段,.00,都市：商
RPVNMLPJJIKFFHR47CC,永信段,.00,都市：住
RPROMLPJJIKFFCD87CC,光明段,22.08,都市：商
RPSOMLPJJIKFFCD97CC,光明段,.00,都市：住
RPPPMLPJJIKFFHR07CC,二王段,82.55,都市：住
RPUOMLPJJIKFFHR47CC,二王段,.00,都市：住
RPSPMLPJJIKFFHR37CC,六合段,86.16,都市：住
RPQOMLPJJIKFFAD57CC,金城段,.00,都市：住
RPOOMLPJJIKFFAD37CC,金華段,.00,都市：住
RPUOMLPJJIKFFAD97CC,金華段,.00,都市：住
RPXNMLPJJIKFFAD18CC,金華段,.00,都市：住
RPPPMLPJJIKFFAD57CC,康樂段,.00,都市：商
RPPPMLPJJIKFFAD57CC,康樂段,.00,都市：商
RPWNMLPJJIKFFAD08CC,金華段,.00,都市：住
RPWNMLPJJIKFFAD08CC,金華段,.00,都市：住
RPOPMLPJJIKFFAD47CC,中山段,.00,都市：商
RPROMLPJJIKFFAD67CC,新南段,151.00,都市：其他
RPSOMLPJJIKFFAD77CC,公園段,.00,都市：商
RPSOMLPJJIKFFAD77CC,公園段,.00,都市：商
RPSOMLPJJIKFFAD77CC,公園段,.00,都市：商
RPQPMLPJJIKFFAD67CC,永安段,17.22,都市：商
RPPPMLKKJIKFFAD17CC,北元段,564.86,都市：住
RPWOMLMKJIKFFAD97CC,金華段,4.43,都市：其他
RPUNMLLKJIKFFCD77CC,仁和段,42.29,都市：住
RPQNMLRJJIKFFCD87CC,竹篙厝段,10.77,都市：住
RPVNMLKKJIKFFHR07CC,蜈蜞潭段,.00,都市：住
RPXNMLNKJIKFFER27CC,善成段,264.69,都市：其他
RPPNMLRJJIKFFER76CC,大榮段,80.42,都市：住
RPPOMLTJJIKFFDR96CC,佳里段,.56,都市：住
RPPOMLTJJIKFFDR96CC,佳里段,11.82,都市：住
RPPOMLTJJIKFFDR96CC,佳里段,10.13,都市：住
RPPNMLRKJIKFFER86CC,七王段,245.76,都市：工
RPROMLQKJIKFFAD97DC,南寧段,10.30,都市：住
RPSOMLRKJIKFFAD08CC,康樂段,.17,都市：住
RPPNMLSKJIKFFHR27CC,大灣段,10.31,都市：住
RPQNMLSKJIKFFAD87CC,新南段,.00,非都市： ; 非都市編定：
RPQNMLSKJIKFFAD87CC,新南段,.00,非都市： ; 非都市編定：
RPQNMLSKJIKFFAD87CC,新南段,.00,非都市： ; 非都市編定：
RPTNMLNKJIKFFCD87CC,虎尾寮段,.00,都市：住
RPUNMLNKJIKFFCD97CC,東光段,.00,都市：住
RPRNMLNKJIKFFCD77DC,竹篙厝段,91.00,都市：住
RPUNMLQKJIKFFCD28CC,關帝段,595.05,都市：商
RPTNMLQKJIKFFCD18CC,關帝段,595.05,都市：商
RPVNMLNKJIKFFCD08CC,公英段,212.00,都市：住
RPVNMLNKJIKFFCD08CC,公英段,13.00,都市：住
RPVNMLTKJIKFFAD48CC,新南段,.00,都市：住
RPXNMLTKJIKFFAD68CC,南寧段,.00,都市：住
RPSOMLKLJIKFFHR96CC,六甲頂段,.00,都市：住
RPSOMLKLJIKFFHR96CC,六甲頂段,.00,都市：住
RPSOMLKLJIKFFHR96CC,六甲頂段,.00,都市：住
RPOOMLTKJIKFFAD87CC,玉宇段,.00,都市：住
RPPOMLTKJIKFFAD97CC,金華段,.00,都市：住
RPVOMLKLJIKFFHR27CC,鹽中段,469.83,都市：工
RPTNMLSKJIKFFCD38CC,裕東段,.00,都市：住
RPWNMLKLJIKFFCD97CC,虎尾寮段,.00,都市：住
RPPNMLNLJIKFFAD37CC,大興段,.00,都市：住
RPRNMLTKJIKFFCD28CC,府東段,.00,都市：商
RPRNMLTKJIKFFCD28CC,府東段,.00,都市：商
RPRNMLTKJIKFFCD28CC,府東段,.00,都市：商
RPRNMLTKJIKFFCD28CC,府東段,.00,都市：商
RPTNMLNLJIKFFCD97CC,光華段,.00,都市：住
RPXNMLNLJIKFFCD38CC,鹽埕段,.00,都市：住
RPXOMLOLJIKFFAD38CC,新南段,.00,都市：住
RPPPMLOLJIKFFCD87CC,光明段,.00,都市：住
RPOPMLOLJIKFFAD57CC,觀音段,30.03,都市：住
RPOPMLOLJIKFFAD57CC,觀音段,7.28,都市：住
RPQPMLOLJIKFFCD97CC,鹽埕段,.00,都市：住
RPQPMLOLJIKFFCD97CC,鹽埕段,.00,都市：住
RPQPMLOLJIKFFCD97CC,鹽埕段,.00,都市：住
RPTNMLPLJIKFFAD97CC,小北段,3.56,都市：住
RPTNMLPLJIKFFAD97CC,小北段,2.88,都市：住
RPTNMLPLJIKFFAD97CC,小北段,88.23,都市：住
RPQOMLPLJIKFFAD77CC,北安段,84.15,都市：住
RPQOMLPLJIKFFAD77CC,北安段,85.04,都市：住
RPQOMLPLJIKFFAD77CC,北安段,168.67,都市：住
RPQOMLPLJIKFFAD77CC,北安段,96.96,都市：住
RPTQMLPLJIKFFCD48CC,竹篙厝段,397.00,都市：住
RPSPMLOLJIKFFCD18CC,仁和段,.00,都市：住
RPSNMLTKJIKFFCD38CC,府東段,.00,都市：商
RPSNMLTKJIKFFCD38CC,府東段,.00,都市：商
RPSNMLTKJIKFFCD38CC,府東段,.00,都市：商
RPSNMLTKJIKFFCD38CC,府東段,.00,都市：商
RPXNMLPLJIKFFAD38CC,永華段,.00,都市：商
RPXNMLPLJIKFFAD38CC,永華段,.00,都市：商
RPUOMLPLJIKFFAD18CC,正興段,8.89,都市：住
RPUNMLQLJIKFFHR67CC,鹽中段,.00,都市：住
RPUNMLQLJIKFFHR67CC,鹽中段,.00,都市：住
RPXNMLQLJIKFFHR97CC,二王段,.00,都市：住
RPUNMLRLJIKFFAD38DC,中山段,309.46,都市：商
RPVPMLRLJIKFFCD78CC,竹篙厝段,101.00,都市：住
RPWNMLQLJIKFFCD58CC,東光段,.00,都市：住
RPPOMLKMJIKFFHR76CC,頂南段,.00,都市：住
RPPNMLSLJIKFFCD08CC,東光段,502.56,都市：商
RPPNMLSLJIKFFCD08CC,東光段,1161.98,都市：商
RPPNMLSLJIKFFCD08CC,東光段,910.89,都市：商
RPPNMLSLJIKFFCD08CC,東光段,949.82,都市：商
RPPNMLLJKIKFFHR56CC,橋北段,.00,都市：住
RPRPMLPLJIKFFHR47CC,蔦松段,.00,都市：住
RPTNMLLJKIKFFAD47CC,正興段,.00,都市：住
RPPOMLKMJIKFFFR56CC,豬厝段,83.00,非都市：一般農業區 ; 非都市編定：丁種建築用地
RPPOMLKMJIKFFFR56CC,豬厝段,1130.00,非都市：一般農業區 ; 非都市編定：丁種建築用地
RPPNMLNJKIKFFHR76CC,永和段,.00,都市：住
RPUNMLMJKIKFFAD77DC,富台段,28.29,都市：住
RPOOMLNJKIKFFER09CC,善成段,85.50,都市：其他
RPOOMLNJKIKFFHR76CC,頂南段,.00,都市：住
RPRNMLOJKIKFFAD57CC,廣慈段,202.26,都市：商
RPRNMLOJKIKFFAD57CC,廣慈段,79.49,都市：商
RPOOMLNJKIKFFAD27CC,觀音段,912.33,都市：商
RPUNMLMJKIKFFFR96CC,義林段,1460.02,都市：住
RPTPMLKLJIKFFFR96CC,崙尾段,389.53,都市：住
RPTOMLNJKIKFFAD77CC,北元段,225.18,都市：住
RPTNMLLJKIKFFCD67CC,鹽埕段,150.08,都市：住
RPVOMLMJKIKFFCD08CC,大同段,13.61,都市：商
RPQOMLLJKIKFFCD47CC,府東段,.00,都市：住
RPRNMLPJKIKFFAD67CC,正覺段,.00,都市：住
RPPNMLPJKIKFFER66CC,善昌段,66.13,都市：其他
RPVNMLRJKIKFFER47CC,大成段,177.07,都市：其他
RPWNMLOJKIKFFCD28CC,南華段,36.63,都市：住
RPPOMLNJKIKFFDR09CC,北文段,94.29,都市：住
RPSNMLSJKIKFFAD18DC,赤崁段,.00,都市：商
RPTOMLSJKIKFFAD28CC,南寧段,.00,都市：住
RPUNMLSJKIKFFAD28CC,延平段,.00,都市：住
RPVOMLSJKIKFFAD48CC,頂美段,21.89,都市：住
RPRNMLPJKIKFFCD87CC,虎尾寮段,.00,都市：住
RPRNMLSJKIKFFCD18CC,鹽埕段,.00,都市：住
RPVNMLSJKIKFFCD58CC,德高段,.00,都市：住
RPROMLSJKIKFFCD28CC,虎尾寮段,.00,都市：商
RPTNMLSJKIKFFBD28CC,新順段,.00,都市：住
RPQNMLPJKIKFFCD77CC,裕東段,.00,都市：住
RPUNMLTJKIKFFAD38CC,北元段,.00,都市：住
RPVNMLTJKIKFFAD48CC,金華段,.00,都市：住
RPWNMLTJKIKFFAD58CC,三民段,.00,都市：商
RPXNMLTJKIKFFAD68CC,光賢段,.00,都市：住
RPOOMLTJKIKFFAD87CC,金華段,.00,都市：商
RPROMLTJKIKFFAD18CC,金華段,.00,都市：商
RPSOMLTJKIKFFAD28CC,康祥段,.00,都市：其他
RPTNMLTJKIKFFAD38DC,延平段,31.37,都市：住
RPUNMLTJKIKFFCD58CC,鹽埕段,.00,都市：住
RPWNMLTJKIKFFCD78CC,竹篙厝段,.00,都市：商
RPOOMLTJKIKFFCD08CC,虎尾寮段,.00,都市：住
RPQOMLTJKIKFFCD28CC,鹽埕段,.00,都市：住
RPQOMLTJKIKFFCD28CC,鹽埕段,.00,都市：住
RPQOMLTJKIKFFCD28CC,鹽埕段,.00,都市：住
RPTNMLTJKIKFFCD48CC,鹽埕段,.00,都市：住
RPVNMLTJKIKFFCD68CC,虎尾寮段,.00,都市：住
RPTNMLLKKIKFFAD57CC,東豐段,.00,都市：商
RPQNMLKKKIKFFAD17CC,大興段,27.83,都市：住
RPQNMLKKKIKFFAD17CC,大興段,37.42,都市：住
RPQNMLKKKIKFFAD17CC,大興段,6.73,都市：其他
RPQNMLKKKIKFFAD17CC,大興段,6.73,都市：其他
RPQNMLKKKIKFFAD17CC,大興段,122.48,都市：住
RPQNMLKKKIKFFAD17CC,大興段,6.61,都市：其他
RPPOMLTJKIKFFHR47CC,大灣段,.00,都市：住
RPUNMLLKKIKFFAD67CC,立人段,.00,都市：住
RPVOMLLKKIKFFHR37CC,永中段,71.30,都市：住
RPQNMLMKKIKFFCD57CC,鹽埕段,.00,都市：住
RPQNMLMKKIKFFCD57CC,鹽埕段,.00,都市：住
RPQNMLLKKIKFFCD47CC,關帝段,.00,都市：住
RPRNMLMKKIKFFCD67CC,虎尾寮段,.00,都市：住
RPVNMLOKKIKFFHR57CC,西勢段,.00,都市：其他
RPQNMLPKKIKFFCD87CC,仁和段,.00,都市：住
RPROMLQKKIKFFCD18CC,竹篙厝段,.00,都市：住
RPSNMLTJKIKFFER47DC,海寮段,89.00,非都市：鄉村區 ; 非都市編定：乙種建築用地
RPQNMLPKKIKFFFR96CC,林仔段,1470.49,都市：農
RPWNMLQKKIKFFAD38CC,立人段,8.33,都市：住
RPPOMLQKKIKFFAD77CC,武聖段,12.77,都市：住
RPTOMLQKKIKFFAD18CC,金華段,.00,都市：住
RPSOMLQKKIKFFAD08CC,頂美段,.00,都市：住
RPROMLQKKIKFFAD97CC,正興段,.00,都市：商
RPUOMLQKKIKFFAD28CC,三民段,.00,都市：商
RPVNMLQKKIKFFFR57CC,林頂段,.00,都市：住
RPXNMLQKKIKFFFR77CC,林仔段,.00,都市：工
RPTOMLQKKIKFFHR67CC,兵北段,.00,都市：住
RPRNMLRKKIKFFHR47CC,永和段,.00,都市：住
RPPNMLRKKIKFFAD77CC,金華段,.00,都市：商
RPRNMLRKKIKFFAD97CC,南寧段,.00,都市：住
RPXNMLRKKIKFFAD58CC,新南段,.00,都市：住
RPRPMLRKKIKFFAD18CC,武聖段,2503.42,都市：住
RPSPMLRKKIKFFAD28CC,武聖段,2503.42,都市：住
RPWNMLRKKIKFFAD48CC,三民段,.00,都市：商
RPUNMLRKKIKFFAD28CC,金城段,.00,都市：住
RPRNMLSKKIKFFHR57CC,鹽西段,.00,都市：其他
RPTOMLLLKIKFFHR27CC,二王段,.00,都市：住
RPOOMLLLKIKFFAD37DC,金華段,61.00,都市：住
RPTPMLLLKIKFFHR37CC,五王段,.00,都市：住
RPSPMLLLKIKFFAD77CC,五條港段,.00,都市：其他
RPSPMLLLKIKFFAD77CC,五條港段,.00,都市：其他
RPPNMLMLKIKFFHR86CC,仁愛段,.00,都市：住
RPPNMLMLKIKFFHR86CC,仁愛段,.00,都市：住
RPPNMLMLKIKFFHR86CC,仁愛段,.00,都市：住
RPPNMLMLKIKFFHR86CC,仁愛段,.00,都市：住
RPROMLNLKIKFFHR27CC,勝利段,.00,都市：住
RPOQMLNLKIKFFHR17CC,六甲頂段,.00,都市：住
RPQPMLNLKIKFFAD77CC,金華段,.00,都市：商
RPSNMLNLKIKFFDR86CC,佳里段,171.00,都市：商
RPSNMLNLKIKFFDR86CC,佳里段,17.00,都市：商
RPSNMLNLKIKFFDR86CC,佳里段,21.00,都市：商
RPXNMLRKKIKFFCD78CC,府東段,.00,都市：住
RPXNMLRKKIKFFCD78CC,府東段,.00,都市：住
RPSNMLSKKIKFFCD38CC,東光段,.00,都市：住
RPSNMLRKKIKFFCD28CC,竹篙厝段,.00,都市：住
RPRNMLPLKIKFFAD87CC,康樂段,.00,都市：住
RPRNMLPLKIKFFAD87CC,康樂段,.00,都市：住
RPRNMLPLKIKFFAD87CC,康樂段,.00,都市：住
RPQNMLQLKIKFFAD87CC,三民段,.00,都市：商
RPPNMLQLKIKFFBD87CC,溪頂段,.00,都市：住
RPUNMLQLKIKFFAD28CC,成光段,.00,都市：住
RPUNMLQLKIKFFAD28CC,成光段,.00,都市：住
RPPNMLQLKIKFFHR27CC,東橋段,61.13,都市：其他
RPRNMLSLKIKFFDR37DC,仁得段,196.27,都市：住
RPVQMLTLKIKFFAD98CC,白金段,.00,都市：商
RPPQMLMLKIKFFER86CC,南港段,294.36,都市：工
RPTNMLKMKIKFFDR86DC,興業段,2314.00,都市：工
RPWOMLKMKIKFFHR57CC,兵南段,58.74,都市：住
RPUOMLOLKIKFFCD38CC,竹篙厝段,.00,都市：商
RPUOMLOLKIKFFCD38CC,竹篙厝段,.00,都市：商
RPXNMLNLKIKFFCD48CC,鹽埕段,.00,都市：住
RPXNMLNLKIKFFCD48CC,鹽埕段,.00,都市：住
RPOOMLNLKIKFFCD67CC,鹽埕段,.00,都市：住
RPPPMLPLKIKFFCD08CC,光明段,68.00,都市：住
RPPPMLPLKIKFFCD08CC,光明段,68.00,都市：住
RPPPMLPLKIKFFCD08CC,光明段,46.00,都市：住
RPSPMLLMKIKFFHR37CC,成功段,.00,都市：住
RPSNMLQLKIKFFCD28CC,裕東段,.00,都市：住
RPPNMLQLKIKFFAR56CC,永生段,92.50,都市：商
RPUPMLSLKIKFFCD88CC,仁和段,.00,都市：住
RPROMLSLKIKFFCD48CC,鹽埕段,626.00,都市：住
RPROMLSLKIKFFCD48CC,鹽埕段,96.00,都市：住
RPROMLSLKIKFFCD48CC,鹽埕段,1.00,都市：住
RPPOMLLMKIKFFER66CC,北勢段,43.70,非都市：特定專用區 ; 非都市編定：甲種建築用地
RPQNMLLJJHLFFHR56CC,鹽新段,.00,都市：住
RPWNMLQJJHLFFAD18CC,金華段,68.26,都市：商
RPQNMLMJJHLFFAD17CC,南寧段,.00,都市：住
RPPNMLMJJHLFFAD07CC,康樂段,.00,都市：商
RPOPMLPJJHLFFAD47CC,公園段,.00,都市：商
RPQNMLQJJHLFFAD57CC,青年段,.00,都市：其他
RPQNMLQJJHLFFAD57CC,青年段,.00,都市：其他
RPQNMLQJJHLFFAD57CC,青年段,.00,都市：其他
RPPNMLLJJHLFFFR88CC,清水段,.00,都市：住
RPPNMLLJJHLFFFR88CC,清水段,.00,都市：住
RPPNMLLJJHLFFFR88CC,清水段,.00,都市：住
RPPNMLLJJHLFFFR88CC,清水段,.00,都市：住
RPROMLLMKIKFFCD87CC,鹽埕段,69.00,都市：住
RPROMLLMKIKFFCD87CC,鹽埕段,2.00,都市：住
RPROMLLMKIKFFCD87CC,鹽埕段,35.00,都市：住
RPQOMLRJJHLFFAD77CC,郡王段,.00,都市：住
RPQOMLQJJHLFFHR17CC,南工段,.00,都市：住
RPROMLRJJHLFFAD87CC,東豐段,.00,都市：住
RPROMLRJJHLFFAD87CC,東豐段,.00,都市：住
RPPNMLTJJHLFFAD77CC,南寧段,.00,都市：住
RPQNMLTJJHLFFAD87CC,正興段,.00,都市：住
RPPNMLMJJHLFFER88CC,南港段,231.03,都市：工
RPWNMLOJJHLFFER17CC,七王段,25.47,都市：其他
RPWNMLOJJHLFFER17CC,七王段,2.95,都市：其他
RPPNMLLJJHLFFBD07CC,海中段,.00,都市：住
RPPNMLKKJHLFFAD96CC,新美段,50.23,都市：商
RPSNMLQJJHLFFDR86CC,大塭寮段,.00,非都市：鄉村區 ; 非都市編定：乙種建築用地
RPSNMLKKJHLFFAD27CC,立人段,6.16,都市：住
RPRNMLKKJHLFFAD17CC,自強段,31.37,都市：商
RPTNMLLKJHLFFHR96CC,永和段,29.89,都市：商
RPXNMLKKJHLFFAD77CC,立人段,11.84,都市：住
RPOOMLKKJHLFFAD96CC,立人段,7.20,都市：住
RPOOMLKKJHLFFAD96CC,立人段,.94,都市：住
RPWNMLKKJHLFFAD67CC,立人段,11.59,都市：住
RPPOMLMKJHLFFHR76CC,安康段,.00,都市：其他
RPVNMLMKJHLFFAD77CC,華興段,.00,都市：住
RPQOMLMKJHLFFHR86CC,北灣段,.00,都市：住
RPROMLMKJHLFFCD67CC,竹篙厝段,.00,都市：商
RPSOMLRJJHLFFCD18CC,龍山段,2.34,都市：住
RPSOMLRJJHLFFCD18CC,龍山段,1.52,都市：住
RPOOMLMKJHLFFCD37CC,德高段,.00,都市：住
RPWNMLNKJHLFFFR27CC,武東段,120.15,都市：住
RPQOMLRJJHLFFCD97CC,竹篙厝段,2006.00,都市：其他
RPQOMLRJJHLFFCD97CC,竹篙厝段,9.79,都市：其他
RPVOMLMKJHLFFCD08CC,公英段,.00,都市：其他
RPWNMLMKJHLFFCD08CC,東光段,.00,都市：商
RPPOMLMKJHLFFCD47CC,鹽埕段,83.00,都市：住
RPSQMLOKJHLFFAD97CC,大港段,.00,都市：住
RPSQMLOKJHLFFAD97CC,大港段,.00,都市：住
RPSPMLPKJHLFFAD97CC,富台段,.00,都市：住
RPRPMLPKJHLFFAD87CC,富台段,.00,都市：住
RPSNMLNKJHLFFBD67CC,溪頂段,.00,都市：住
RPTNMLNKJHLFFBD77CC,東和段,.00,都市：住
RPPRMLPKJHLFFAD87CC,北安段,205.14,都市：其他
RPPNMLQKJHLFFHR07CC,六合段,.00,都市：住
RPPNMLQKJHLFFHR07CC,六合段,.00,都市：住
RPQNMLQKJHLFFHR17CC,蜈蜞潭段,.00,都市：住
RPSRMLKLJHLFFAD77CC,建興段,.00,非都市： ; 非都市編定：
RPOPMLSKJHLFFAD87CC,成光段,82.92,都市：住
RPOPMLSKJHLFFAD87CC,成光段,81.43,都市：住
RPXNMLLLJHLFFHR47CC,大灣段,.00,都市：住
RPVNMLPKJHLFFCD28CC,德高段,.00,都市：住
RPTOMLSKJHLFFCD48CC,仁和段,66.00,都市：住
RPSRMLLLJHLFFCD18DC,建南段,973.74,都市：農
RPVPMLLLJHLFFCD18CC,鹽埕段,.00,非都市： ; 非都市編定：
RPVPMLLLJHLFFCD18CC,鹽埕段,.00,非都市： ; 非都市編定：
RPVPMLLLJHLFFCD18CC,鹽埕段,.00,非都市： ; 非都市編定：
RPQNMLQKJHLFFCD87CC,光明段,.00,都市：住
RPPNMLQKJHLFFCD77CC,虎尾寮段,.00,都市：住
RPXNMLLLJHLFFDR17DC,安西段,49.93,都市：其他
RPXRMLMLJHLFFCD68CC,鹽埕段,20.00,都市：住
RPSNMLOKJHLFFCD87CC,竹篙厝段,.00,都市：住
RPSNMLOKJHLFFCD87CC,竹篙厝段,.00,都市：住
RPRPMLMLJHLFFCD87CC,鹽埕段,25.00,都市：住
RPTOMLMLJHLFFCD97CC,竹篙厝段,132.00,都市：商
RPTOMLMLJHLFFCD97CC,竹篙厝段,153.00,都市：商
RPRSMLMLJHLFFAD97CC,新南段,.00,都市：住
RPQSMLMLJHLFFAD87CC,延平段,.00,都市：商
RPPSMLMLJHLFFCD97CC,新興段,.00,都市：住
RPQNMLNLJHLFFCD67CC,竹篙厝段,.00,都市：住
RPQNMLNLJHLFFAD47CC,中山段,.00,都市：住
RPRNMLMLJHLFFFR76CC,新工段,.00,都市：商
RPVNMLMLJHLFFFR17CC,仁義段,86.17,都市：商
RPVNMLMLJHLFFFR17CC,仁義段,72.24,都市：商
RPVNMLMLJHLFFFR17CC,仁義段,72.06,都市：商
RPVNMLMLJHLFFFR17CC,仁義段,31.58,都市：商
RPRNMLNLJHLFFCD77CC,虎尾寮段,.00,都市：住
RPUTMLMLJHLFFAD38CC,永安段,.00,都市：住
RPRNMLNLJHLFFHR07CC,六甲頂段,.00,都市：住
RPRNMLPLJHLFFHR27CC,六甲頂段,.00,都市：住
RPQNMLNLJHLFFHR96CC,成功段,.00,都市：住
RPRRMLPLJHLFFCD38CC,光華段,.00,都市：住
RPOWMLQLJHLFFAD48CC,金華段,26.01,都市：住
RPTNMLRLJHLFFHR67CC,信義段,77.65,都市：住
RPXQMLQLJHLFFAD88DC,金華段,929.00,都市：住
RPUNMLQLJHLFFHR67CC,大灣段,.00,都市：住
RPPQMLQLJHLFFAD97CC,小北段,.00,非都市： ; 非都市編定：
RPPQMLQLJHLFFAD97CC,小北段,.00,非都市： ; 非都市編定：
RPPQMLQLJHLFFAD97CC,小北段,.00,非都市： ; 非都市編定：
RPPQMLQLJHLFFAD97CC,小北段,.00,非都市： ; 非都市編定：
RPPQMLQLJHLFFAD97CC,小北段,.00,非都市： ; 非都市編定：
RPPQMLQLJHLFFAD97CC,小北段,.00,非都市： ; 非都市編定：
RPTNMLRLJHLFFFR47CC,太乙段,.00,都市：其他
RPQPMLSLJHLFFHR67CC,永大段,23.24,都市：住
RPWNMLSLJHLFFER77CC,大成段,36.79,都市：其他
RPWNMLSLJHLFFER77CC,大成段,.61,都市：其他
RPVOMLRLJHLFFCD68CC,鹽埕段,.00,都市：其他
RPXOMLRLJHLFFCD88CC,東寧段,276.00,都市：住
RPTRMLTLJHLFFHR28CC,中興段,.00,都市：住
RPSOMLTLJHLFFHR87CC,六甲頂段,.00,都市：住
RPSOMLTLJHLFFAD38CC,白金段,.00,非都市： ; 非都市編定：
RPQNMLSLJHLFFDR17DC,北文段,94.68,都市：住
RPPNMLKMJHLFFCD37CC,鹽埕段,442.39,都市：住
RPQNMLKMJHLFFHR76CC,二王段,.00,都市：住
RPTNMLKMJHLFFER76CC,善中段,33.71,都市：住
RPRNMLRLJHLFFBD08CC,公學段,92.00,都市：其他
RPWNMLRLJHLFFBD58CC,頂安段,.00,都市：住
RPXNMLSLJHLFFAR47CC,永生段,36.20,都市：商
RPRNMLKMJHLFFFR66CC,八甲段,.00,非都市：特定農業區 ; 非都市編定：農牧用地
RPRNMLKMJHLFFFR66CC,八甲段,.00,非都市：特定農業區 ; 非都市編定：農牧用地
RPQNMLSKJHLFFCR86CC,番子田段,154.00,都市：住
