﻿編號,屋齡,建物移轉面積平方公尺,主要用途,主要建材,建築完成日期,總層數,建物分層
The serial number,room age,building shifting area square meter,the main use,main building materials,construction completes the date,total layer,building lamination
RPVNMLMJJIKFFBE87CC,47,156.24,,加強磚造,57年11月1日,三層,
RPWNMLMJJIKFFBE97CC,24,128.73,商業用,鋼筋混凝土造,80年7月22日,十二層,
RPQNMLMJJIKFFFE77CC,23,405.67,商業用,鋼造,81年4月19日,一層,
RPXNMLMJJIKFFBE08CC,39,77.36,,鋼筋混凝土造,65年11月24日,十層,
RPPNMLLJJIKFFGE67CC,41,150.40,住商用,加強磚造,63年5月24日,三層,
RPTNMLMJJIKFFGE18CC,4,46.27,見其他登記事項,鋼筋混凝土造,100年9月12日,十五層,
RPPOMLMJJIKFFEE67CC,8,21.69,住商用,鋼筋混凝土造,96年7月6日,五層,
RPUOMLMJJIKFFEE18CC,9,88.52,住商用,鋼筋混凝土造,95年6月29日,十四層,
RPOOMLMJJIKFFEE57CC,35,160.17,,鋼筋混凝土造,70年4月11日,三層,
RPQPMLMJJIKFFEE87CC,26,70.15,見其它登記事項,鋼筋混凝土造,79年3月26日,十九層,
RPRPMLMJJIKFFDE87CC,21,59.21,商業用,鋼筋混凝土造,83年11月1日,十二層,
RPTNMLNJJIKFFBE77CC,9,95.40,住家用,鋼筋混凝土造,96年4月13日,十五層,
RPTNMLNJJIKFFBE77CC,9,43.96,共有部分,鋼筋混凝土造,96年4月13日,十五層,
RPWNMLNJJIKFFAE97CC,10,84.31,住家用,鋼筋混凝土造,95年4月14日,十五層,
RPTNMLMJJIKFFAE57CC,12,51.76,住家用,鋼筋混凝土造,92年12月10日,五層,
RPTNMLMJJIKFFAE57CC,12,51.35,住家用,鋼筋混凝土造,92年12月10日,五層,
RPQOMLNJJIKFFAE47CC,26,150.74,商業用,鋼筋混凝土造,79年2月16日,十二層,
RPSNMLNJJIKFFDE87CC,43,107.91,,加強磚造,62年1月30日,三層,
RPQNMLNJJIKFFDE67CC,19,125.79,住家用,鋼筋混凝土造,85年5月28日,十三層,
RPUNMLNJJIKFFDE08CC,45,120.94,住家用,加強磚造,60年4月27日,二層,
RPROMLOJJIKFFBE87DC,40,114.44,,鋼筋混凝土造,64年4月19日,四層,
RPQPMLNJJIKFFEE97CC,23,429.09,見其它登記事項,見其它登記事項,81年12月10日,二十層,
RPXOMLNJJIKFFEE58CC,11,92.62,住家用,鋼筋混凝土造,94年1月31日,十一層,
RPXOMLNJJIKFFEE58CC,11,11.34,住家用,鋼筋混凝土造,94年1月31日,十一層,
RPXOMLNJJIKFFEE58CC,11,75.43,見使用執照,鋼筋混凝土造,94年1月31日,十一層,
RPWPMLMJJIKFFCE28CC,10,88.33,住家用,鋼筋混凝土造,94年12月28日,十五層,
RPWPMLMJJIKFFCE28CC,10,66.08,共有部份,鋼筋混凝土造,94年12月28日,十五層,
RPTPMLMJJIKFFCE97CC,40,460.32,住商用,鋼筋混凝土造,64年7月26日,三層,
RPWOMLNJJIKFFEE48CC,11,92.62,住家用,鋼筋混凝土造,94年1月31日,十一層,
RPWOMLNJJIKFFEE48CC,11,10.44,住家用,鋼筋混凝土造,94年1月31日,十一層,
RPWOMLNJJIKFFEE48CC,11,74.92,見使用執照,鋼筋混凝土造,94年1月31日,十一層,
RPWNMLNJJIKFFCE18CC,10,203.87,住家用,鋼筋混凝土造,95年3月2日,十五層,
RPUOMLOJJIKFFDE28CC,22,85.30,住家用,鋼筋混凝土造,82年10月21日,九層,
RPUOMLOJJIKFFDE28CC,22,38.04,見使用執照,鋼筋混凝土造,82年10月21日,九層,
RPTNMLNJJIKFFCE87CC,18,101.40,住家用,鋼筋混凝土造,86年5月27日,二十七層,
RPTNMLNJJIKFFCE87CC,18,12.20,住家用,鋼筋混凝土造,86年5月27日,二十七層,
RPTNMLNJJIKFFCE87CC,18,40.10,見使用執照,鋼筋混凝土造,86年5月27日,二十七層,
RPSNMLOJJIKFFBE77CC,43,183.18,住商用,加強磚造,61年6月9日,三層,
RPRNMLOJJIKFFBE67CC,42,40.14,,鋼筋混凝土造,63年2月19日,四層,
RPVNMLMJJIKFFCE97CC,36,160.40,,鋼筋混凝土造,68年6月29日,三層,
RPTNMLOJJIKFFAE77CC,21,119.09,住家用,鋼筋混凝土造,84年3月2日,二十層,
RPOOMLOJJIKFFBE47CC,14,79.66,住家用,鋼筋混凝土造,91年4月3日,十四層,
RPSNMLOJJIKFFAE67CC,50,226.39,,加強磚造,54年7月15日,三層,
RPQPMLPJJIKFFAE77CC,20,60.18,住商用,鋼筋混凝土造,84年10月11日,十六層,
RPQPMLPJJIKFFAE77CC,20,45.82,見使用執照,鋼筋混凝土造,84年10月11日,十六層,
RPTOMLPJJIKFFAE97CC,10,87.70,住家用,鋼筋混凝土造,94年6月16日,十四層,
RPTNMLPJJIKFFBE97CC,36,59.85,,鋼筋混凝土造,69年1月29日,五層,
RPQNMLPJJIKFFEE97CC,1,119.66,住家用,見其它登記事項,103年7月8日,十五層,
RPVNMLPJJIKFFDE38CC,22,117.00,住家用,鋼筋混凝土造,83年1月21日,十五層,
RPSNMLOJJIKFFCE87CC,21,39.84,見使用執照,鋼筋混凝土造,84年3月27日,十九層,
RPTNMLOJJIKFFCE97CC,6,86.78,住家用,鋼筋混凝土造,98年7月22日,十四層,
RPVNMLOJJIKFFCE18CC,40,213.34,,鋼筋混凝土造,64年5月5日,四層,
RPRNMLOJJIKFFCE77CC,40,183.68,,鋼筋混凝土造,64年5月5日,四層,
RPWNMLOJJIKFFCE28CC,28,159.19,住家用,鋼筋混凝土造,76年9月22日,五層,
RPQOMLOJJIKFFEE97CC,9,154.70,住商用,鋼筋混凝土造,96年4月2日,十五層,
RPSNMLQJJIKFFEE28CC,9,84.23,見其它登記事項,加強磚造,95年10月30日,二層,
RPWNMLQJJIKFFBE38CC,26,43.24,,鋼筋混凝土造,78年11月9日,十二層,
RPSOMLQJJIKFFEE38CC,1,165.67,住家用,見其它登記事項,103年7月4日,二十八層,
RPSOMLQJJIKFFEE38CC,1,149.21,住家用,見其它登記事項,103年7月4日,二十八層,
RPUNMLTJJIKFFBE48CC,27,102.28,,鋼筋混凝土造,78年1月14日,十七層,
RPQOMLTJJIKFFBE18CC,41,297.45,,鋼筋混凝土造,63年8月14日,四層,
RPXNMLTJJIKFFEE09CC,35,97.98,,加強磚造,69年8月15日,二層,
RPOOMLTJJIKFFEE28CC,1,85.42,住家用,鋼筋混凝土造,103年11月4日,十五層,
RPRNMLTJJIKFFAE08CC,8,134.62,住家用,鋼筋混凝土造,96年5月10日,十五層,
RPRNMLNJJIKFFLE68DC,44,142.48,住商用,加強磚造,60年6月10日,二層,
RPPOMLTJJIKFFIE78CC,12,278.11,見其他登記事項,鋼筋混凝土造,92年12月23日,五層,
RPVNMLTJJIKFFCE68CC,32,88.43,,鋼筋混凝土造,73年4月12日,五層,
RPPNMLTJJIKFFCE08CC,30,82.92,,鋼筋混凝土造,74年12月13日,五層,
RPXNMLQJJIKFFCE58CC,10,143.88,住家用,鋼筋混凝土造,94年12月28日,十五層,
RPRNMLQJJIKFFCE97CC,21,26.74,住家用,鋼筋混凝土造,83年10月1日,二十層,
RPRNMLQJJIKFFCE97CC,21,11.76,見使用執照,鋼筋混凝土造,83年10月1日,二十層,
RPTOMLTJJIKFFDE68CC,21,979.63,商業用,鋼筋混凝土造,82年6月11日,五層,
RPTOMLTJJIKFFDE68CC,21,29.33,商業用,鋼筋混凝土造,82年6月11日,五層,
RPTOMLTJJIKFFDE68CC,21,662.18,見使用執照,鋼筋混凝土造,82年6月11日,五層,
RPVOMLKKJIKFFAE77CC,27,251.09,商業用,鋼筋混凝土造,77年11月17日,十二層,
RPRNMLKKJIKFFCE47CC,21,20.86,住家用,鋼筋混凝土造,83年8月9日,十二層,
RPQNMLTJJIKFFGE58CC,3,169.09,見其他登記事項,見其他登記事項,101年6月1日,十五層,
RPTNMLTJJIKFFGE88CC,21,33.05,見使用執照,鋼筋混凝土造,83年10月26日,十九層,
RPSNMLKKJIKFFGE97CC,24,423.50,見其他登記事項,見其他登記事項,80年6月10日,一層,
RPXNMLLKJIKFFAE97CC,7,197.83,住家用,鋼筋混凝土造,97年10月14日,二十七層,
RPXNMLLKJIKFFAE97CC,7,38.37,住家用,鋼筋混凝土造,97年10月14日,二十七層,
RPXNMLLKJIKFFAE97CC,7,105.52,共有部分,鋼筋混凝土造,97年10月14日,二十七層,
RPXOMLKKJIKFFAE97CC,19,25.48,住家用,鋼筋混凝土造,85年5月6日,十二層,
RPXOMLKKJIKFFAE97CC,19,9.42,見使用執照,鋼筋混凝土造,85年5月6日,十二層,
RPQPMLTJJIKFFDE48CC,30,95.29,,鋼筋混凝土造,75年1月28日,五層,
RPOOMLLKJIKFFAE17CC,17,36.18,住家用,鋼筋混凝土造,87年8月4日,十四層,
RPOOMLLKJIKFFAE17CC,17,8.89,住家用,鋼筋混凝土造,87年8月4日,十四層,
RPOOMLLKJIKFFAE17CC,17,42.62,共有部分,鋼筋混凝土造,87年8月4日,十四層,
RPSNMLKKJIKFFDE67CC,27,126.14,,鋼筋混凝土造,78年4月3日,十二層,
RPSNMLKKJIKFFDE67CC,27,30.66,,鋼筋混凝土造,78年4月3日,十二層,
RPRNMLLKJIKFFGE97CC,34,73.65,住家用,鋼筋混凝土造,71年4月30日,五層,
RPSNMLLKJIKFFFE97CC,,194.04,工業用,見其他登記事項,104年7月23日,一層,
RPSOMLMKJIKFFCE87CC,8,181.10,住家用,鋼筋混凝土造,97年3月7日,二十九層,
RPSOMLMKJIKFFCE87CC,8,91.11,共有部份,鋼筋混凝土造,97年3月7日,二十九層,
RPTNMLNKJIKFFGE38CC,21,99.06,見使用執照,鋼筋混凝土造,83年6月15日,六層,
RPOOMLKKJIKFFBE17CC,36,63.78,,鋼筋混凝土造,68年6月28日,五層,
RPXNMLKKJIKFFBE97CC,19,113.39,住家用,鋼筋混凝土造,86年4月21日,三十五層,
RPPNMLLKJIKFFEE57CC,15,207.11,住家用,見其它登記事項,89年6月23日,十四層,
RPUNMLLKJIKFFBE77CC,25,170.82,,鋼筋混凝土造,79年8月18日,十一層,
RPUNMLLKJIKFFBE77CC,25,37.62,,鋼筋混凝土造,79年8月18日,十一層,
RPUNMLNKJIKFFGE48CC,6,105.89,見其他登記事項,鋼筋混凝土造,99年1月28日,四層,
RPSNMLOKJIKFFEE18CC,19,17.00,住商用,鋼筋混凝土造,86年2月3日,四層,
RPSOMLLKJIKFFEE97CC,1,49.07,住家用,鋼筋混凝土造,103年11月4日,十五層,
RPSOMLLKJIKFFEE97CC,1,6.34,住家用,鋼筋混凝土造,103年11月4日,十五層,
RPSOMLLKJIKFFEE97CC,1,30.01,見其它登記事項,鋼筋混凝土造,103年11月4日,十五層,
RPTOMLLKJIKFFEE08CC,2,47.62,住家用,鋼筋混凝土造,103年3月27日,十五層,
RPTOMLLKJIKFFEE08CC,2,8.59,住家用,鋼筋混凝土造,103年3月27日,十五層,
RPTOMLLKJIKFFEE08CC,2,58.38,見其它登記事項,鋼筋混凝土造,103年3月27日,十五層,
RPSOMLMKJIKFFEE08CC,9,294.86,住家用,鋼筋混凝土造,95年8月17日,五層,
RPRNMLOKJIKFFEE08CC,19,51.51,住商用,鋼筋混凝土造,86年2月3日,四層,
RPQOMLLKJIKFFEE77CC,1,45.36,住家用,鋼筋混凝土造,103年11月4日,十五層,
RPQOMLLKJIKFFEE77CC,1,7.11,住家用,鋼筋混凝土造,103年11月4日,十五層,
RPQOMLLKJIKFFEE77CC,1,38.89,見其它登記事項,鋼筋混凝土造,103年11月4日,十五層,
RPPNMLOKJIKFFDE77CC,21,182.72,住商用,鋼筋混凝土造,83年11月24日,十三層,
RPRNMLOKJIKFFDE97CC,46,159.06,住商用,加強磚造,58年11月11日,三層,
RPQNMLOKJIKFFDE87CC,18,122.20,住家用,鋼筋混凝土造,86年7月9日,十四層,
RPWNMLQKJIKFFCE58CC,37,50.02,,鋼筋混凝土造,67年7月15日,五層,
RPPNMLOKJIKFFBE57CC,38,52.15,,鋼筋混凝土造,66年11月10日,五層,
RPSNMLQKJIKFFGE58CC,21,78.08,住家用,鋼筋混凝土造,83年6月28日,十二層,
RPSNMLQKJIKFFGE58CC,21,11.57,住家用,鋼筋混凝土造,83年6月28日,十二層,
RPSNMLQKJIKFFGE58CC,21,1.50,住家用,鋼筋混凝土造,83年6月28日,十二層,
RPSNMLQKJIKFFGE58CC,21,37.16,共有部份,鋼筋混凝土造,83年6月28日,十二層,
RPQNMLOKJIKFFAE57CC,35,102.21,,鋼筋混凝土造,70年4月25日,五層,
RPSNMLOKJIKFFAE77CC,10,80.02,住家用,鋼筋混凝土造,95年4月7日,十三層,
RPPNMLOKJIKFFAE47CC,20,31.72,住家用,鋼筋混凝土造,85年5月6日,十二層,
RPPNMLOKJIKFFAE47CC,20,52.96,住家用,鋼筋混凝土造,85年5月6日,十二層,
RPSNMLQKJIKFFDE28CC,54,120.33,商業用,加強磚造,50年5月20日,二層,
RPOOMLRKJIKFFDE08CC,18,120.51,住家用,鋼筋混凝土造,86年7月9日,十四層,
RPPNMLQKJIKFFDE97CC,31,187.70,,鋼筋混凝土造,73年9月21日,三層,
RPUNMLRKJIKFFDE58CC,23,150.87,住家用,鋼筋混凝土造,82年3月20日,十二層,
RPQNMLQKJIKFFDE08CC,2,162.01,住家用,鋼筋混凝土造,103年5月1日,五層,
RPSNMLRKJIKFFDE38CC,19,81.55,住家用,鋼筋混凝土造,85年7月29日,十六層,
RPTNMLRKJIKFFCE38CC,10,174.21,住家用,鋼筋混凝土造,95年3月14日,十四層,
RPTNMLRKJIKFFAE18CC,10,213.85,住家用,鋼筋混凝土造,95年1月4日,四層,
RPQNMLRKJIKFFCE08CC,10,63.41,住家用,見其它登記事項,95年2月27日,九層,
RPQNMLRKJIKFFCE08CC,10,9.87,住家用,見其它登記事項,95年2月27日,九層,
RPQNMLRKJIKFFCE08CC,10,31.51,共有部份,見其它登記事項,95年2月27日,九層,
RPXNMLQKJIKFFIE66CC,8,100.11,商業用,見其他登記事項,96年8月7日,一層,
RPWNMLRKJIKFFAE48CC,11,43.61,住家用,鋼筋混凝土造,93年8月5日,十四層,
RPUNMLRKJIKFFAE28CC,26,45.26,商業用,鋼筋混凝土造,79年2月23日,十二層,
RPVNMLRKJIKFFAE38CC,5,283.50,住商用,鋼筋混凝土造,99年9月8日,五層,
RPQOMLRKJIKFFAE97CC,29,175.00,,鋼筋混凝土造,75年12月8日,三層,
RPQNMLRKJIKFFBE97CC,43,58.42,,加強磚造,62年5月11日,三層,
RPRNMLRKJIKFFBE08CC,19,130.28,商業用,鋼造,86年2月12日,二十七層,
RPRNMLRKJIKFFBE08CC,19,85.09,見使用執照,鋼造,86年2月12日,二十七層,
RPVNMLRKJIKFFBE48CC,23,123.21,商業用,鋼筋混凝土造,81年9月15日,二十五層,
RPVNMLRKJIKFFBE48CC,23,44.23,見使用執照,鋼筋混凝土造,81年9月15日,二十五層,
RPVNMLSKJIKFFBE58CC,1,54.43,住家用,鋼筋混凝土造,103年10月30日,十五層,
RPVNMLSKJIKFFBE58CC,1,28.30,共有部分,鋼筋混凝土造,103年10月30日,十五層,
RPOOMLSKJIKFFBE97CC,24,192.53,商業用,鋼筋混凝土造,80年12月19日,十八層,
RPOOMLSKJIKFFBE97CC,24,139.57,見使用執照,鋼筋混凝土造,80年12月19日,十八層,
RPXOMLSKJIKFFDE56DC,18,188.70,商業用,鋼造,84年3月30日,一層,
RPVOMLSKJIKFFEE98CC,18,128.31,住商用,鋼筋混凝土造,86年8月21日,八層,
RPPNMLTKJIKFFIE78CC,29,211.05,住家用,鋼筋混凝土造,76年3月2日,四層,
RPXOMLTKJIKFFEE66CC,20,33.00,住商用,鋼筋混凝土造,83年8月29日,五層,
RPSOMLTKJIKFFDE68CC,25,121.52,,鋼筋混凝土造,79年12月11日,九層,
RPSOMLTKJIKFFDE68CC,25,46.98,,鋼筋混凝土造,79年12月11日,九層,
RPVNMLTKJIKFFAE58CC,7,69.25,住商用,鋼筋混凝土造,97年9月8日,五層,
RPROMLTKJIKFFAE28CC,20,74.43,住家用,鋼筋混凝土造,84年11月29日,十九層,
RPRNMLTKJIKFFCE38CC,5,57.48,住家用,鋼筋混凝土造,100年1月25日,十五層,
RPRNMLTKJIKFFCE38CC,5,40.00,見其它登記事項,鋼筋混凝土造,100年1月25日,十五層,
RPSOMLRKJIKFFEE58CC,42,711.24,,鐵造,63年2月19日,一層,
RPTOMLRKJIKFFEE68CC,1,314.88,住家用,見其它登記事項,103年7月4日,二十八層,
RPOOMLRKJIKFFEE18CC,1,135.92,住家用,見其它登記事項,103年10月27日,十二層,
RPOOMLKLJIKFFBE27CC,43,1872.20,,加強磚造,62年4月25日,三層,
RPQNMLTKJIKFFBE18CC,35,80.28,,鋼筋混凝土造,69年8月11日,五層,
RPRNMLRKJIKFFEE38CC,1,169.32,住家用,見其它登記事項,103年12月10日,三十五層,
RPRNMLRKJIKFFEE38CC,1,28.55,住家用,見其它登記事項,103年12月10日,三十五層,
RPRNMLRKJIKFFEE38CC,1,138.89,見其它登記事項,見其它登記事項,103年12月10日,三十五層,
RPUNMLTKJIKFFBE58CC,8,31.19,住家用,鋼筋混凝土造,96年5月8日,十五層,
RPUNMLTKJIKFFBE58CC,8,14.83,共有部分,鋼筋混凝土造,96年5月8日,十五層,
RPUNMLRKJIKFFEE68CC,2,47.62,住家用,鋼筋混凝土造,103年3月27日,十五層,
RPUNMLRKJIKFFEE68CC,2,8.59,住家用,鋼筋混凝土造,103年3月27日,十五層,
RPUNMLRKJIKFFEE68CC,2,54.37,見其它登記事項,鋼筋混凝土造,103年3月27日,十五層,
RPQNMLLLJIKFFCE57CC,12,200.95,見其它登記事項,見其它登記事項,92年6月12日,二層,
RPPNMLLLJIKFFEE67CC,26,337.08,住商用,加強磚造,78年7月17日,二層,
RPSNMLKLJIKFFDE77CC,10,225.28,住商用,鋼筋混凝土造,95年1月25日,四層,
RPWPMLKLJIKFFEE48CC,14,639.39,住家用,見其它登記事項,90年11月6日,三層,
RPQNMLNLJIKFFDE87CC,21,50.35,商業用,鋼筋混凝土造,83年11月1日,十二層,
RPVNMLNLJIKFFEE48CC,12,86.03,住家用,鋼筋混凝土造,92年8月11日,十四層,
RPVNMLNLJIKFFEE48CC,12,31.28,見其它登記事項,鋼筋混凝土造,92年8月11日,十四層,
RPXNMLNLJIKFFDE58CC,25,147.63,,鋼筋混凝土造,80年3月1日,十二層,
RPXNMLNLJIKFFDE58CC,25,115.78,,鋼筋混凝土造,80年3月1日,十二層,
RPXNMLNLJIKFFDE58CC,25,240.91,,鋼筋混凝土造,80年3月1日,十二層,
RPOOMLNLJIKFFDE77CC,50,255.89,住家用,鋼筋混凝土加強磚造,54年11月25日,三層,
RPTNMLOLJIKFFDE38DC,8,62.74,住商用,鋼筋混凝土造,96年6月7日,五層,
RPOPMLOLJIKFFDE97CC,48,53.03,住商用,加強磚造,57年1月8日,二層,
RPRPMLOLJIKFFEE38CC,19,68.96,住家用,鋼筋混凝土造,85年6月25日,十三層,
RPRPMLOLJIKFFEE38CC,19,24.46,見使用執照,鋼筋混凝土造,85年6月25日,十三層,
RPVNMLPLJIKFFDE58CC,20,23.27,住家用,鋼筋混凝土造,84年6月15日,二十一層,
RPVNMLPLJIKFFDE58CC,20,9.33,見使用執照,鋼筋混凝土造,84年6月15日,二十一層,
RPPOMLPLJIKFFDE08CC,9,90.24,住家用,鋼筋混凝土造,96年1月26日,二層,
RPPOMLPLJIKFFDE08CC,9,10.07,見其它登記事項,鋼筋混凝土造,96年1月26日,二層,
RPXNMLNLJIKFFAE38DC,7,301.10,商業用,鋼筋混凝土造,97年10月1日,二十四層,
RPVNMLPLJIKFFLE76CC,12,178.78,住商用,鋼筋混凝土造,93年4月12日,四層,
RPVOMLPLJIKFFIE56CC,4,164.80,見其他登記事項,鋼筋混凝土造,101年5月18日,三層,
RPTOMLPLJIKFFIE98CC,3,175.07,見其他登記事項,鋼筋混凝土造,101年10月9日,四層,
RPPOMLPLJIKFFCE97CC,17,154.81,共有部份,見其它登記事項,88年2月9日,三十九層,
RPTNMLPLJIKFFCE28CC,35,211.36,,鋼筋混凝土造,69年8月8日,四層,
RPUOMLPLJIKFFGE88CC,11,80.38,見其他登記事項,見其他登記事項,93年11月18日,十三層,
RPUOMLPLJIKFFGE88CC,11,36.57,見其他登記事項,見其他登記事項,93年11月18日,十三層,
RPSOMLPLJIKFFBE18CC,36,182.40,,鋼筋混凝土造,69年1月5日,五層,
RPPOMLPLJIKFFBE87CC,49,98.36,,加強磚造,55年12月23日,二層,
RPQNMLPLJIKFFBE87CC,3,39.83,住家用,鋼筋混凝土造,102年1月10日,十五層,
RPQNMLPLJIKFFBE87CC,3,4.65,住家用,鋼筋混凝土造,102年1月10日,十五層,
RPQNMLPLJIKFFBE87CC,3,22.68,共有部分,鋼筋混凝土造,102年1月10日,十五層,
RPWOMLPLJIKFFEE88CC,37,117.64,,鋼筋混凝土造,68年4月11日,五層,
RPRNMLPLJIKFFEE28CC,1,50.70,住家用,鋼筋混凝土造,103年11月4日,十五層,
RPRNMLPLJIKFFEE28CC,1,7.69,住家用,鋼筋混凝土造,103年11月4日,十五層,
RPRNMLPLJIKFFEE28CC,1,42.04,見其它登記事項,鋼筋混凝土造,103年11月4日,十五層,
RPTNMLPLJIKFFEE48CC,30,80.36,住家用,鋼筋混凝土造,74年11月29日,十二層,
RPTNMLPLJIKFFEE48CC,30,12.69,住家用,鋼筋混凝土造,74年11月29日,十二層,
RPTNMLPLJIKFFEE48CC,30,14.29,,鋼筋混凝土造,74年11月29日,十二層,
RPUNMLPLJIKFFEE58CC,4,123.64,住家用,鋼筋混凝土造,100年6月16日,十五層,
RPUNMLPLJIKFFEE58CC,4,17.62,住家用,鋼筋混凝土造,100年6月16日,十五層,
RPUNMLPLJIKFFEE58CC,4,90.97,見其它登記事項,鋼筋混凝土造,100年6月16日,十五層,
RPXNMLPLJIKFFEE98DC,21,137.09,住商用,鋼筋混凝土造,84年4月28日,十六層,
RPPPMLQLJIKFFCE28DC,40,98.28,,加強磚造,65年2月23日,二層,
RPTNMLQLJIKFFDE58DC,17,149.31,住商用,鋼筋混凝土造,87年11月2日,十四層,
RPTNMLQLJIKFFDE58DC,17,48.49,見使用執照,鋼筋混凝土造,87年11月2日,十四層,
RPTNMLQLJIKFFAE18CC,27,27.23,,鋼筋混凝土造,77年6月6日,十二層,
RPTNMLQLJIKFFAE18CC,27,1071.63,,鋼筋混凝土造,77年6月6日,十二層,
RPTOMLPLJIKFFAE18CC,20,50.35,住家用,鋼筋混凝土造,84年8月21日,十二層,
RPOOMLQLJIKFFAE77CC,16,76.40,住家用,鋼筋混凝土造,88年9月30日,十四層,
RPQOMLQLJIKFFAE97CC,39,225.81,,鋼筋混凝土造,66年3月26日,三層,
RPWOMLPLJIKFFBE58CC,19,145.12,住家用,鋼筋混凝土造,86年4月21日,三十五層,
RPWNMLRLJIKFFEE98CC,22,64.08,住家用,鋼筋混凝土造,82年6月1日,七層,
RPWOMLQLJIKFFDE88CC,18,191.70,住商用,鋼筋混凝土造,87年1月22日,十四層,
RPOOMLQLJIKFFDE08CC,19,36.30,住家用,鋼筋混凝土造,85年10月2日,十二層,
RPVOMLQLJIKFFEE88CC,13,206.23,住家用,見其它登記事項,91年8月20日,四層,
RPRNMLRLJIKFFDE38CC,46,93.71,住家用,加強磚造,58年10月20日,三層,
RPQNMLRLJIKFFIE78CC,22,192.15,住商用,鋼筋混凝土造,83年3月18日,四層,
RPRNMLRLJIKFFIE88CC,31,152.21,見其他登記事項,加強磚造,73年6月25日,二層,
RPTNMLRLJIKFFAE28CC,31,75.23,,鋼筋混凝土造,73年12月26日,五層,
RPPNMLRLJIKFFBE97CC,33,36.67,,鋼筋混凝土造,71年6月13日,十二層,
RPQNMLRLJIKFFBE08CC,19,145.13,住家用,鋼筋混凝土造,86年4月21日,三十五層,
RPTNMLRLJIKFFBE38CC,43,175.80,,加強磚造,62年1月6日,三層,
RPXNMLRLJIKFFCE98DC,41,62.56,住商用,鋼筋混凝土造,64年4月10日,三層,
RPOOMLRLJIKFFBE08DC,41,48.44,,加強磚造,63年4月10日,三層,
RPPNMLSLJIKFFBE08CC,41,220.32,,鋼筋混凝土造,63年9月10日,三層,
RPOOMLRLJIKFFFE38CC,10,441.16,住商用,鋼筋混凝土造,95年5月12日,十三層,
RPQNMLSLJIKFFBE18CC,18,112.79,住商用,鋼筋混凝土造,86年11月7日,五層,
RPWNMLKMJIKFFDE28CC,21,44.75,住商用,鋼筋混凝土造,83年11月24日,十三層,
RPTOMLKMJIKFFDE08CC,6,81.42,住家用,鋼筋混凝土造,99年4月1日,十五層,
RPTOMLKMJIKFFDE08CC,6,65.32,見其它登記事項,鋼筋混凝土造,99年4月1日,十五層,
RPUOMLKMJIKFFDE18CC,9,418.75,見其它登記事項,鋼筋混凝土造,96年1月26日,二層,
RPVOMLKMJIKFFEE38CC,2,85.36,住家用,鋼筋混凝土造,103年3月27日,十五層,
RPQSMLKMJIKFFEE28CC,2,50.38,住家用,鋼筋混凝土造,103年3月27日,十五層,
RPQSMLKMJIKFFEE28CC,2,5.87,住家用,鋼筋混凝土造,103年3月27日,十五層,
RPQSMLKMJIKFFEE28CC,2,29.11,見其它登記事項,鋼筋混凝土造,103年3月27日,十五層,
RPPNMLSLJIKFFLE09CC,28,1258.12,工商用,鋼筋混凝土造,76年11月30日,四層,
RPPNMLSLJIKFFLE09CC,15,646.37,見其他登記事項,鋼筋混凝土造,90年4月10日,四層,
RPUNMLKMJIKFFBE87CC,1,78.46,住家用,鋼筋混凝土造,104年3月6日,十四層,
RPOOMLKMJIKFFBE37CC,38,53.35,,鋼筋混凝土造,66年11月10日,五層,
RPPOMLKMJIKFFBE47CC,17,116.15,住家用,鋼筋混凝土造,87年12月17日,十四層,
RPPOMLKMJIKFFBE47CC,17,14.00,住家用,鋼筋混凝土造,87年12月17日,十四層,
RPPOMLKMJIKFFBE47CC,17,73.77,見其他登記事項,鋼筋混凝土造,87年12月17日,十四層,
RPROMLKMJIKFFBE67CC,33,211.97,,鋼筋混凝土造,71年9月25日,十二層,
RPSOMLKMJIKFFBE77CC,27,51.05,,鋼筋混凝土造,77年11月2日,七層,
RPSOMLKMJIKFFBE77CC,27,21.26,,鋼筋混凝土造,77年11月2日,七層,
RPSOMLKMJIKFFBE77CC,27,9.55,,鋼筋混凝土造,77年11月2日,七層,
RPQNMLSLJIKFFFE58CC,27,68.80,住商用,鋼筋混凝土造,77年9月19日,四層,
RPXNMLKMJIKFFFE58CC,39,93.44,住商用,鋼筋混凝土造,65年12月1日,二層,
RPTOMLKMJIKFFBE87CC,37,75.30,,鋼筋混凝土造,67年8月21日,十四層,
RPTOMLKMJIKFFBE87CC,37,45.45,,鋼筋混凝土造,67年8月21日,十四層,
RPTOMLKMJIKFFBE87CC,37,78.28,,鋼筋混凝土造,67年8月21日,十四層,
RPTOMLKMJIKFFBE87CC,37,42.82,,鋼筋混凝土造,67年8月21日,十四層,
RPPNMLKMJIKFFAE27CC,20,157.53,商業用,鋼骨混凝土造,84年11月22日,二十五層,
RPPNMLKMJIKFFAE27CC,20,37.29,見使用執照,鋼骨混凝土造,84年11月22日,二十五層,
RPPNMLKMJIKFFAE27CC,20,121.42,見使用執照,鋼骨混凝土造,84年11月22日,二十五層,
RPUOMLKMJIKFFBE97CC,43,165.50,,加強磚造,62年3月6日,三層,
RPUOMLKMJIKFFBE97CC,43,165.50,,加強磚造,62年3月6日,三層,
RPPOMLKMJIKFFAE37CC,9,55.56,住家用,鋼筋混凝土造,95年8月25日,十五層,
RPPOMLKMJIKFFAE37CC,9,5.01,住家用,鋼筋混凝土造,95年8月25日,十五層,
RPPOMLKMJIKFFAE37CC,9,26.10,共有部分,鋼筋混凝土造,95年8月25日,十五層,
RPROMLKMJIKFFAE57CC,30,51.28,,鋼筋混凝土造,75年2月5日,五層,
RPROMLKMJIKFFAE57CC,30,21.63,,鋼筋混凝土造,75年2月5日,五層,
RPROMLKMJIKFFAE57CC,30,4.18,見使用執照,鋼筋混凝土造,75年2月5日,五層,
RPSOMLKMJIKFFAE67CC,19,155.32,住商用,鋼筋混凝土造,85年11月20日,十四層,
RPSOMLKMJIKFFAE67CC,19,43.75,見使用執照,鋼筋混凝土造,85年11月20日,十四層,
RPUNMLKMJIKFFCE97CC,40,128.13,,鋼筋混凝土造,64年10月13日,三層,
RPQQMLKMJIKFFEE18DC,20,100.37,住商用,鋼筋混凝土造,84年10月13日,十六層,
RPVNMLKMJIKFFCE08CC,39,222.80,,鋼筋混凝土造,65年6月16日,四層,
RPVNMLKMJIKFFGE48CC,36,47.72,住商用,鋼筋混凝土造,68年12月30日,五層,
RPOPMLLJKIKFFAE27CC,10,55.68,住家用,鋼筋混凝土造,95年3月3日,十五層,
RPOPMLLJKIKFFAE27CC,10,29.49,共有部分,鋼筋混凝土造,95年3月3日,十五層,
RPQOMLRLJIKFFGE68CC,35,148.57,住商用,鋼筋混凝土造,69年8月30日,三層,
RPPOMLLJKIKFFAE27CC,13,130.37,住家用,鋼筋混凝土造,91年10月30日,十四層,
RPPOMLLJKIKFFAE27CC,13,69.37,共有部分,鋼筋混凝土造,91年10月30日,十四層,
RPROMLRLJIKFFGE78CC,20,139.68,住家用,鋼筋混凝土造,84年5月10日,十六層,
RPROMLLJKIKFFCE67CC,28,195.34,,鋼筋混凝土造,76年5月16日,四層,
RPRNMLLJKIKFFCE57CC,35,63.17,,鋼筋混凝土造,69年8月8日,五層,
RPPPMLLJKIKFFCE57CC,1,133.54,見其它登記事項,鋼筋混凝土造,104年5月4日,十四層,
RPPPMLLJKIKFFCE57CC,1,22.11,見其它登記事項,鋼筋混凝土造,104年5月4日,十四層,
RPVNMLLJKIKFFCE97CC,9,48.29,住家用,鋼筋混凝土造,95年6月14日,十五層,
RPVNMLLJKIKFFCE97CC,9,9.51,住家用,鋼筋混凝土造,95年6月14日,十五層,
RPVNMLLJKIKFFCE97CC,9,22.57,共有部份,鋼筋混凝土造,95年6月14日,十五層,
RPUOMLLJKIKFFCE97CC,19,118.93,住商用,鋼筋混凝土造,85年9月24日,十六層,
RPUOMLLJKIKFFCE97CC,19,31.02,見使用執照,鋼筋混凝土造,85年9月24日,十六層,
RPPNMLLJKIKFFBE27CC,4,131.26,住家用,鋼筋混凝土造,101年2月15日,十五層,
RPPNMLLJKIKFFBE27CC,4,17.72,住家用,鋼筋混凝土造,101年2月15日,十五層,
RPPNMLLJKIKFFBE27CC,4,108.12,見其他登記事項,鋼筋混凝土造,101年2月15日,十五層,
RPQNMLLJKIKFFBE37CC,47,156.24,,加強磚造,57年11月1日,三層,
RPPOMLLJKIKFFIE08CC,2,264.57,見其他登記事項,鋼筋混凝土造,102年7月5日,四層,
RPTNMLLJKIKFFGE18CC,35,140.94,住商用,鋼筋混凝土造,70年2月5日,三層,
RPVOMLLJKIKFFDE18CC,17,39.47,住家用,鋼骨鋼筋混凝土造,87年9月29日,二十五層,
RPXNMLMJKIKFFBE18CC,50,97.50,,加強磚造,54年10月27日,二層,
RPSOMLMJKIKFFDE97CC,43,86.27,,加強磚造,61年10月13日,二層,
RPUOMLLJKIKFFDE08CC,47,81.92,住家用,加強磚造,57年10月29日,二層,
RPQOMLLJKIKFFDE67CC,17,47.23,住商用,鋼筋混凝土造,87年8月12日,十四層,
RPQOMLLJKIKFFDE67CC,17,28.55,見使用執照,鋼筋混凝土造,87年8月12日,十四層,
RPQOMLLJKIKFFEE77CC,9,52.75,住家用,鋼筋混凝土造,95年11月28日,十五層,
RPQOMLLJKIKFFEE77CC,9,3.76,住家用,鋼筋混凝土造,95年11月28日,十五層,
RPQOMLLJKIKFFEE77CC,9,23.83,見其它登記事項,鋼筋混凝土造,95年11月28日,十五層,
RPROMLMJKIKFFBE67CC,26,7.87,,鋼筋混凝土造,78年11月9日,十二層,
RPQOMLMJKIKFFBE57CC,26,7.87,,鋼筋混凝土造,78年11月9日,十二層,
RPSOMLLJKIKFFEE97CC,27,48.94,住商用,鋼筋混凝土造,77年12月28日,四層,
RPXPMLLJKIKFFEE58CC,23,96.45,住家用,鋼筋混凝土造,81年5月18日,六層,
RPXPMLLJKIKFFEE58CC,23,37.05,見使用執照,鋼筋混凝土造,81年5月18日,六層,
RPSOMLMJKIKFFAE67CC,29,88.76,,鋼筋混凝土造,75年6月2日,四層,
RPQNMLMJKIKFFAE37CC,42,42.37,,加強磚造,62年11月13日,三層,
RPQNMLMJKIKFFAE37CC,42,40.49,,加強磚造,62年11月13日,三層,
RPWOMLMJKIKFFAE08CC,26,22.45,商業用,鋼筋混凝土造,79年2月23日,十二層,
RPVNMLMJKIKFFCE08CC,16,44.95,住家用,見其它登記事項,88年2月9日,三十九層,
RPVNMLMJKIKFFCE08CC,16,20.78,共有部份,見其它登記事項,88年2月9日,三十九層,
RPPPMLMJKIKFFCE67CC,11,75.73,住家用,鋼筋混凝土造,94年3月30日,十五層,
RPPPMLMJKIKFFCE67CC,11,50.48,共有部份,鋼筋混凝土造,94年3月30日,十五層,
RPROMLNJKIKFFCE87CC,5,34.16,住家用,鋼筋混凝土造,100年1月25日,十五層,
RPROMLNJKIKFFCE87CC,5,18.41,見其它登記事項,鋼筋混凝土造,100年1月25日,十五層,
RPQPMLMJKIKFFCE77CC,17,229.16,商業用,鋼筋混凝土造,87年7月14日,二十八層,
RPQPMLMJKIKFFCE77CC,17,103.37,共有部份,鋼筋混凝土造,87年7月14日,二十八層,
RPPOMLNJKIKFFDE77CC,6,144.23,住家用,鋼筋混凝土造,99年4月1日,十五層,
RPVNMLOJKIKFFGE68CC,27,195.86,見使用執照,鋼筋混凝土造,77年10月20日,三層,
RPPNMLOJKIKFFDE77CC,26,127.39,,鋼筋混凝土造,77年6月9日,十二層,
RPPNMLNJKIKFFGE97CC,14,46.79,見其他登記事項,鋼筋混凝土造,90年6月22日,十二層,
RPPNMLNJKIKFFGE97CC,14,6.93,見其他登記事項,鋼筋混凝土造,90年6月22日,十二層,
RPPNMLNJKIKFFGE97CC,14,17.89,見其他登記事項,鋼筋混凝土造,90年6月22日,十二層,
RPSNMLOJKIKFFDE08CC,8,199.36,商業用,鋼筋混凝土造,96年6月4日,十五層,
RPSNMLOJKIKFFDE08CC,8,183.46,商業用,鋼筋混凝土造,96年6月4日,十五層,
RPTNMLOJKIKFFEE28CC,7,13.93,住商用,鋼筋混凝土造,96年7月6日,五層,
RPOOMLOJKIKFFEE87CC,25,547.67,住商用,鋼筋混凝土造,79年7月20日,五層,
RPQNMLPJKIKFFEE08CC,14,52.47,住家用,見其它登記事項,90年9月20日,十四層,
RPQNMLPJKIKFFEE08CC,14,22.70,見使用執照,見使用執照,90年9月20日,十四層,
RPTOMLRJKIKFFAE28CC,24,230.45,住商用,鋼筋混凝土造,81年5月14日,七層,
RPRNMLPJKIKFFAE77CC,10,82.28,住家用,鋼筋混凝土造,94年6月2日,十五層,
RPOOMLNJKIKFFBE47CC,30,190.22,,鋼筋混凝土造,75年2月6日,五層,
RPXNMLNJKIKFFBE28CC,26,276.48,,鋼筋混凝土造,79年3月28日,十二層,
RPXNMLNJKIKFFBE28CC,26,262.29,,鋼筋混凝土造,79年3月28日,十二層,
RPXNMLRJKIKFFCE78CC,22,182.97,住商用,鋼筋混凝土造,82年7月30日,二十四層,
RPXNMLRJKIKFFCE78CC,22,87.90,見使用執照,鋼筋混凝土造,82年7月30日,二十四層,
RPRNMLNJKIKFFBE67CC,9,122.95,住家用,鋼筋混凝土造,96年4月13日,十五層,
RPROMLNJKIKFFBE77CC,14,150.01,住家用,鋼骨鋼筋混凝土造,91年3月1日,二十六層,
RPROMLNJKIKFFBE77CC,14,77.78,見其他登記事項,鋼骨鋼筋混凝土造,91年3月1日,二十六層,
RPQNMLPJKIKFFDE97CC,22,151.82,住家用,鋼筋混凝土造,83年1月11日,十九層,
RPQOMLRJKIKFFBE08CC,1,50.49,住家用,鋼筋混凝土造,103年10月30日,十五層,
RPQOMLRJKIKFFBE08CC,1,26.35,共有部分,鋼筋混凝土造,103年10月30日,十五層,
RPPOMLRJKIKFFEE28CC,10,238.22,商業用,鋼筋混凝土造,94年10月24日,二層,
RPPOMLRJKIKFFEE28CC,10,4.26,見其它登記事項,鋼筋混凝土造,94年10月24日,二層,
RPXNMLRJKIKFFDE88CC,44,72.01,住商用,加強磚造,60年8月3日,二層,
RPTNMLSJKIKFFEE68CC,12,153.35,商業用,見使用執照,93年2月4日,一層,
RPQNMLSJKIKFFBE08CC,39,103.31,,鋼筋混凝土造,65年11月24日,十層,
RPPNMLSJKIKFFBE97CC,39,36.56,,鋼筋混凝土造,65年11月24日,十層,
RPUNMLSJKIKFFBE48CC,39,68.99,,鋼筋混凝土造,65年11月24日,十層,
RPSNMLSJKIKFFBE28CC,39,85.69,,鋼筋混凝土造,65年11月24日,十層,
RPTOMLSJKIKFFDE68CC,1,362.50,住家用,鋼筋混凝土造,103年10月15日,五層,
RPVOMLSJKIKFFDE88CC,4,117.90,住家用,鋼筋混凝土造,101年2月8日,十五層,
RPXNMLSJKIKFFBE78CC,26,50.21,,鋼筋混凝土造,78年11月9日,十二層,
RPPNMLSJKIKFFDE18CC,21,61.82,商業用,鋼筋混凝土造,83年11月1日,十二層,
RPQOMLSJKIKFFDE38CC,24,212.99,,鋼造,80年12月7日,二層,
RPPNMLSJKIKFFCE08CC,17,108.82,住家用,見其它登記事項,88年2月9日,三十九層,
RPTNMLTJKIKFFAE38CC,31,104.39,,鋼筋混凝土造,74年2月25日,五層,
RPRNMLTJKIKFFEE58CC,10,344.35,住商用,鋼筋混凝土造,93年10月27日,二層,
RPUOMLTJKIKFFCE78CC,10,165.00,住家用,鋼筋混凝土造,95年3月17日,十五層,
RPUNMLTJKIKFFEE88CC,36,95.14,,鋼筋混凝土造,69年5月13日,二層,
RPUPMLTJKIKFFEE09CC,3,210.76,住家用,鋼筋混凝土造,101年6月15日,十五層,
RPUOMLKKKIKFFEE18CC,32,80.16,,鋼筋混凝土造,73年4月26日,五層,
RPPNMLKKKIKFFDE47CC,3,357.10,見其它登記事項,鋼筋混凝土造,101年9月3日,二層,
RPPOMLKKKIKFFDE57CC,25,63.24,,鋼筋混凝土造,79年9月27日,十八層,
RPPOMLKKKIKFFDE57CC,25,135.60,,鋼筋混凝土造,79年9月27日,十七層,
RPOOMLKKKIKFFAE17CC,9,101.64,住家用,鋼筋混凝土造,95年6月13日,二十二層,
RPOOMLKKKIKFFAE17CC,9,11.39,住家用,鋼筋混凝土造,95年6月13日,二十二層,
RPOOMLKKKIKFFAE17CC,9,2.21,住家用,鋼筋混凝土造,95年6月13日,二十二層,
RPOOMLKKKIKFFAE17CC,3,93.93,見其它登記事項,鋼筋混凝土造,101年7月10日,十五層,
RPTNMLLKKIKFFCE87CC,37,68.47,,鋼筋混凝土造,68年1月6日,五層,
RPUNMLKKKIKFFLE88DC,20,82.39,住家用,鋼筋混凝土造,85年5月10日,十一層,
RPPOMLKKKIKFFCE47CC,1,108.80,住家用,鋼筋混凝土造,102年9月18日,十五層,
RPPOMLKKKIKFFCE47CC,1,14.11,住家用,鋼筋混凝土造,102年9月18日,十五層,
RPPOMLKKKIKFFCE47CC,1,96.95,共有部份,鋼筋混凝土造,102年9月18日,十五層,
RPUOMLLKKIKFFCE08CC,17,139.06,商業用,鋼筋混凝土造,87年7月14日,二十八層,
RPUOMLLKKIKFFCE08CC,17,13.08,商業用,鋼筋混凝土造,87年7月14日,二十八層,
RPUOMLLKKIKFFCE08CC,17,151.75,商業用,鋼筋混凝土造,87年7月14日,二十八層,
RPVNMLOJKIKFFHE78CC,34,48.48,住商用,加強磚造,71年4月2日,二層,
RPOPMLLKKIKFFCE57CC,1,191.91,住家用,鋼筋混凝土造,103年7月15日,二十九層,
RPOPMLLKKIKFFCE57CC,1,15.14,住家用,鋼筋混凝土造,103年7月15日,二十九層,
RPOPMLLKKIKFFCE57CC,1,124.96,見其它登記事項,鋼筋混凝土造,103年7月15日,二十九層,
RPXOMLLKKIKFFCE38CC,4,170.80,住家用,見其它登記事項,100年6月22日,二十七層,
RPXOMLLKKIKFFCE38CC,4,22.48,住家用,見其它登記事項,100年6月22日,二十七層,
RPXOMLLKKIKFFCE38CC,4,130.69,見其它登記事項,見其它登記事項,100年6月22日,二十七層,
RPPPMLLKKIKFFCE67CC,1,191.91,住家用,鋼筋混凝土造,103年7月15日,二十九層,
RPPPMLLKKIKFFCE67CC,1,15.14,住家用,鋼筋混凝土造,103年7月15日,二十九層,
RPPPMLLKKIKFFCE67CC,1,123.09,見其它登記事項,鋼筋混凝土造,103年7月15日,二十九層,
RPSNMLKKKIKFFBE57CC,19,48.60,見使用執照,鋼筋混凝土造,86年4月21日,三十五層,
RPSNMLKKKIKFFBE57CC,19,229.01,住商用,鋼筋混凝土造,86年4月21日,三十五層,
RPSOMLLKKIKFFBE77CC,17,19.43,商業用,鋼骨鋼筋混凝土造,88年4月1日,八十五層,
RPSOMLLKKIKFFBE77CC,17,4.89,商業用,鋼骨鋼筋混凝土造,88年4月1日,八十五層,
RPTNMLKKKIKFFBE67CC,19,135.48,住商用,鋼筋混凝土造,86年4月21日,三十五層,
RPTNMLKKKIKFFBE67CC,19,47.94,見使用執照,鋼筋混凝土造,86年4月21日,三十五層,
RPPOMLKKKIKFFBE47DC,48,132.47,,加強磚造,57年1月25日,三層,
RPPOMLKKKIKFFAE27CC,9,83.71,住家用,鋼筋混凝土造,95年8月25日,十五層,
RPXNMLLKKIKFFAE08CC,1,72.66,住家用,鋼筋混凝土造,103年5月15日,十五層,
RPXNMLLKKIKFFAE08CC,1,13.57,住家用,鋼筋混凝土造,103年5月15日,十五層,
RPXNMLLKKIKFFAE08CC,1,59.67,見其它登記事項,鋼筋混凝土造,103年5月15日,十五層,
RPRPMLLKKIKFFAE67CC,1,45.59,住家用,鋼筋混凝土造,104年3月25日,十五層,
RPRPMLLKKIKFFAE67CC,1,3.39,住家用,鋼筋混凝土造,104年3月25日,十五層,
RPRPMLLKKIKFFAE67CC,1,23.42,見其它登記事項,鋼筋混凝土造,104年3月25日,十五層,
RPWNMLLKKIKFFAE97CC,9,49.38,住家用,鋼筋混凝土造,95年10月13日,十五層,
RPWNMLLKKIKFFAE97CC,9,8.09,住家用,鋼筋混凝土造,95年10月13日,十五層,
RPWNMLLKKIKFFAE97CC,9,41.32,見其它登記事項,鋼筋混凝土造,95年10月13日,十五層,
RPVNMLLKKIKFFAE87CC,3,41.89,住家用,鋼筋混凝土造,102年5月27日,十五層,
RPVNMLLKKIKFFAE87CC,3,7.61,住家用,鋼筋混凝土造,102年5月27日,十五層,
RPVNMLLKKIKFFAE87CC,3,60.54,見其它登記事項,鋼筋混凝土造,102年5月27日,十五層,
RPPOMLLKKIKFFDE67CC,34,82.89,,鋼筋混凝土造,69年7月22日,五層,
RPOOMLLKKIKFFDE57CC,20,93.48,住家用,鋼筋混凝土造,84年10月20日,十層,
RPQNMLLKKIKFFDE67CC,20,73.81,住家用,鋼筋混凝土造,85年3月20日,十二層,
RPQOMLLKKIKFFDE77CC,32,11.57,,鋼筋混凝土造,73年5月3日,四層,
RPQOMLLKKIKFFIE28CC,2,330.53,見其他登記事項,鋼筋混凝土造,102年8月7日,四層,
RPQOMLLKKIKFFIE28CC,2,19.87,見其他登記事項,鋼筋混凝土造,102年8月7日,四層,
RPTOMLLKKIKFFGE38CC,14,81.29,住家用,鋼筋混凝土造,89年5月20日,十二層,
RPWNMLLKKIKFFEE38CC,10,82.93,住家用,鋼筋混凝土造,95年4月10日,十五層,
RPWNMLLKKIKFFEE38CC,10,36.10,見使用執照,鋼筋混凝土造,95年4月10日,十五層,
RPOOMLLKKIKFFEE67CC,9,71.37,住家用,鋼筋混凝土造,95年7月6日,十五層,
RPOOMLLKKIKFFEE67CC,9,11.72,住家用,鋼筋混凝土造,95年7月6日,十五層,
RPOOMLLKKIKFFEE67CC,9,53.91,見其它登記事項,鋼筋混凝土造,95年7月6日,十五層,
RPOQMLOKKIKFFEE18CC,21,108.08,住商用,鋼筋混凝土造,84年1月19日,十二層,
RPQPMLLKKIKFFEE97CC,20,120.25,工業用,鋼筋混凝土造,84年5月2日,十三層,
RPVOMLOKKIKFFEE68CC,2,50.56,住家用,鋼筋混凝土造,100年10月28日,十五層,
RPSNMLOKKIKFFEE28CC,37,38.51,,鋼筋混凝土造,68年5月18日,四層,
RPSNMLOKKIKFFEE28CC,37,53.63,,鋼筋混凝土造,68年5月18日,四層,
RPSNMLOKKIKFFEE28CC,37,53.63,,鋼筋混凝土造,68年5月18日,四層,
RPXNMLLKKIKFFEE48CC,22,379.97,住家用,鋼筋混凝土造,83年6月6日,五層,
RPSNMLOKKIKFFEE28CC,37,53.63,,鋼筋混凝土造,68年5月18日,四層,
RPXNMLLKKIKFFEE48CC,22,12.92,住家用,鋼筋混凝土造,83年6月6日,五層,
RPSNMLOKKIKFFEE28CC,37,15.12,,鋼筋混凝土造,68年5月18日,四層,
RPXNMLLKKIKFFEE48CC,22,3.23,住家用,鋼筋混凝土造,83年6月6日,五層,
RPWOMLLKKIKFFEE48CC,11,424.31,住家用,鋼筋混凝土造,94年1月26日,五層,
RPQOMLLKKIKFFEE87CC,2,50.38,住家用,鋼筋混凝土造,103年3月27日,十五層,
RPQOMLLKKIKFFEE87CC,2,5.87,住家用,鋼筋混凝土造,103年3月27日,十五層,
RPQOMLLKKIKFFEE87CC,2,58.38,見其它登記事項,鋼筋混凝土造,103年3月27日,十五層,
RPPOMLOKKIKFFGE28CC,10,142.24,見其他登記事項,見其他登記事項,94年6月30日,十四層,
RPWOMLOKKIKFFGE98CC,2,253.34,見其他登記事項,見其他登記事項,102年6月20日,二層,
RPWOMLOKKIKFFGE98CC,2,255.76,見其他登記事項,見其他登記事項,102年6月20日,二層,
RPWNMLOKKIKFFDE58CC,6,355.78,見其它登記事項,鋼筋混凝土造,96年6月26日,二十四層,
RPWNMLOKKIKFFDE58CC,6,73.72,見其它登記事項,鋼筋混凝土造,96年6月26日,二十四層,
RPTOMLOKKIKFFDE38CC,3,129.47,住家用,鋼筋混凝土造,101年11月28日,五層,
RPTOMLOKKIKFFDE38CC,3,192.22,共有部分,鋼筋混凝土造,101年11月28日,五層,
RPUPMLOKKIKFFDE58CC,20,33.17,住家用,鋼筋混凝土造,85年1月25日,七層,
RPTPMLOKKIKFFCE38CC,4,161.60,見其它登記事項,見其它登記事項,100年9月21日,一層,
RPQOMLOKKIKFFCE97CC,5,55.01,住家用,鋼筋混凝土造,100年1月25日,十五層,
RPQOMLOKKIKFFCE97CC,5,4.75,住家用,鋼筋混凝土造,100年1月25日,十五層,
RPQOMLOKKIKFFCE97CC,5,53.02,見其它登記事項,鋼筋混凝土造,100年1月25日,十五層,
RPQOMLOKKIKFFAE77CC,3,90.36,住商用,鋼筋混凝土造,102年6月4日,十五層,
RPQOMLOKKIKFFAE77CC,3,30.12,見其它登記事項,鋼筋混凝土造,102年6月4日,十五層,
RPVNMLOKKIKFFCE38CC,20,111.24,住家用,鋼筋混凝土造,84年12月12日,二十七層,
RPVNMLOKKIKFFCE38CC,20,60.25,見使用執照,鋼筋混凝土造,84年12月12日,二十七層,
RPWPMLOKKIKFFCE68CC,5,52.70,住家用,鋼筋混凝土造,100年1月25日,十五層,
RPWPMLOKKIKFFCE68CC,5,8.40,住家用,鋼筋混凝土造,100年1月25日,十五層,
RPWPMLOKKIKFFCE68CC,5,40.73,見其它登記事項,鋼筋混凝土造,100年1月25日,十五層,
RPRQMLOKKIKFFCE28CC,39,222.80,,鋼筋混凝土造,65年6月16日,四層,
RPXPMLOKKIKFFCE78CC,2,203.81,住家用,見其它登記事項,102年7月10日,二十九層,
RPXPMLOKKIKFFCE78CC,2,39.66,住家用,見其它登記事項,102年7月10日,二十九層,
RPXPMLOKKIKFFCE78CC,2,121.62,見其它登記事項,見其它登記事項,102年7月10日,二十九層,
RPPQMLOKKIKFFCE08CC,40,128.13,,鋼筋混凝土造,64年10月13日,三層,
RPROMLOKKIKFFCE08CC,4,169.93,住家用,見其它登記事項,100年6月22日,二十七層,
RPROMLOKKIKFFCE08CC,4,20.15,住家用,見其它登記事項,100年6月22日,二十七層,
RPROMLOKKIKFFCE08CC,4,129.14,見其它登記事項,見其它登記事項,100年6月22日,二十七層,
RPOPMLOKKIKFFBE77CC,38,53.35,,鋼筋混凝土造,66年11月10日,五層,
RPOOMLOKKIKFFAE57CC,1,191.24,住家用,鋼筋混凝土造,104年3月23日,十五層,
RPUNMLPKKIKFFBE28CC,36,94.14,,鋼筋混凝土造,68年12月17日,五層,
RPUNMLPKKIKFFBE28CC,36,140.54,,鋼筋混凝土造,68年12月17日,五層,
RPXNMLPKKIKFFBE58CC,27,61.79,,鋼筋混凝土造,77年6月23日,十二層,
RPXNMLPKKIKFFBE58CC,27,10.72,,鋼筋混凝土造,77年6月23日,十二層,
RPOPMLPKKIKFFBE87CC,35,88.11,,鋼筋混凝土造,69年6月25日,五層,
RPQPMLPKKIKFFBE08CC,26,100.40,,鋼筋混凝土造,78年11月9日,十二層,
RPTNMLPKKIKFFCE28CC,17,120.39,住家用,鋼筋混凝土造,87年11月23日,二十三層,
RPTNMLPKKIKFFCE28CC,17,16.56,住家用,鋼筋混凝土造,87年11月23日,二十三層,
RPTNMLPKKIKFFCE28CC,17,75.11,共有部份,鋼筋混凝土造,87年11月23日,二十三層,
RPUNMLPKKIKFFCE38CC,1,94.90,住家用,鋼筋混凝土造,103年7月31日,十一層,
RPSOMLPKKIKFFBE18CC,35,17.49,,鋼筋混凝土造,70年4月24日,七層,
RPXNMLPKKIKFFCE68CC,20,710.39,住商用,見其它登記事項,85年1月3日,二層,
RPUOMLPKKIKFFBE38CC,7,31.01,住家用,鋼筋混凝土造,97年9月19日,十三層,
RPUOMLPKKIKFFBE38CC,7,8.41,共有部分,鋼筋混凝土造,97年9月19日,十三層,
RPXOMLPKKIKFFAE58CC,4,70.21,住家用,鋼筋混凝土造,100年6月24日,十層,
RPXOMLPKKIKFFAE58CC,4,65.60,見其它登記事項,鋼筋混凝土造,100年6月24日,十層,
RPSNMLPKKIKFFDE28CC,25,103.26,,鋼筋混凝土造,80年5月3日,十二層,
RPPOMLPKKIKFFDE08CC,47,58.17,住商用,加強磚造,57年12月30日,三層,
RPOPMLPKKIKFFDE08CC,1,81.83,住家用,鋼筋混凝土造,103年8月15日,十五層,
RPVNMLPKKIKFFDE58CC,42,79.16,住商用,鋼筋混凝土造,63年4月6日,四層,
RPVNMLPKKIKFFDE58CC,42,79.16,住商用,鋼筋混凝土造,63年4月6日,四層,
RPPPMLPKKIKFFDE18CC,18,60.57,住商用,鋼筋混凝土造,87年4月20日,十四層,
RPRNMLPKKIKFFGE48CC,43,81.54,住商用,加強磚造,62年3月1日,二層,
RPVPMLPKKIKFFEE88CC,2,253.93,商業用,鋼筋混凝土造,102年7月29日,十五層,
RPVPMLPKKIKFFEE88CC,2,129.66,見其它登記事項,鋼筋混凝土造,102年7月29日,十五層,
RPXOMLQKKIKFFEE09CC,26,56.56,見其它登記事項,鋼筋混凝土造,79年3月26日,十九層,
RPSNMLQKKIKFFGE68CC,31,89.37,住家用,鋼筋混凝土造,74年5月5日,五層,
RPVPMLQKKIKFFGE56CC,56,232.25,商業用,加強磚造,48年9月1日,三層,
RPOPMLQKKIKFFDE18CC,29,44.18,,鋼筋混凝土造,75年6月17日,二層,
RPTNMLQKKIKFFDE48CC,6,37.57,住家用,鋼筋混凝土造,98年11月30日,二十二層,
RPTNMLQKKIKFFDE48CC,6,203.66,住家用,鋼筋混凝土造,98年11月30日,二十二層,
RPTNMLQKKIKFFDE48CC,6,104.17,見其它登記事項,鋼筋混凝土造,98年11月30日,二十二層,
RPPNMLQKKIKFFCE97CC,22,343.02,商業用,鋼造,80年10月30日,三十七層,
RPPNMLQKKIKFFCE97CC,22,173.60,商業用,鋼造,80年10月30日,三十七層,
RPOPMLQKKIKFFAE87CC,9,101.19,住家用,鋼筋混凝土造,95年8月23日,十五層,
RPOPMLQKKIKFFAE87CC,9,13.33,住家用,鋼筋混凝土造,95年8月23日,十五層,
RPOPMLQKKIKFFAE87CC,9,58.49,共有部分,鋼筋混凝土造,95年8月23日,十五層,
RPPNMLRKKIKFFCE08CC,40,111.23,,鋼筋混凝土造,64年5月5日,四層,
RPSNMLQKKIKFFCE28CC,17,306.21,商業用,鋼筋混凝土造,87年11月23日,二十三層,
RPSNMLQKKIKFFCE28CC,17,27.33,商業用,鋼筋混凝土造,87年11月23日,二十三層,
RPSNMLQKKIKFFCE28CC,17,93.14,共有部份,鋼筋混凝土造,87年11月23日,二十三層,
RPWOMLRKKIKFFCE88CC,38,150.05,,鋼筋混凝土造,66年11月22日,七層,
RPUOMLRKKIKFFAE48CC,9,137.03,住商用,鋼筋混凝土造,95年12月5日,五層,
RPTNMLRKKIKFFBE38CC,38,240.07,,鋼筋混凝土造,66年11月18日,四層,
RPWNMLRKKIKFFDE88CC,3,466.54,住商用,鋼筋混凝土造,101年8月13日,五層,
RPSOMLRKKIKFFDE58CC,5,52.12,住家用,鋼筋混凝土造,98年4月30日,十五層,
RPSOMLRKKIKFFDE58CC,5,12.08,住家用,鋼筋混凝土造,98年4月30日,十五層,
RPSOMLRKKIKFFDE58CC,5,47.51,見其它登記事項,鋼筋混凝土造,98年4月30日,十五層,
RPVOMLRKKIKFFDE88CC,3,157.40,住商用,鋼筋混凝土造,101年10月24日,五層,
RPTOMLRKKIKFFDE68CC,7,289.12,住商用,鋼筋混凝土造,97年8月1日,五層,
RPROMLRKKIKFFGE78CC,11,52.64,見其他登記事項,見其他登記事項,94年6月15日,三層,
RPSOMLRKKIKFFGE88CC,11,52.64,見其他登記事項,見其他登記事項,94年6月15日,三層,
RPRNMLRKKIKFFEE48CC,21,124.07,住商用,鋼筋混凝土造,84年5月11日,十六層,
RPRNMLRKKIKFFEE48CC,21,38.08,見使用執照,鋼筋混凝土造,84年5月11日,十六層,
RPQOMLRKKIKFFEE48CC,16,279.21,住商用,見其它登記事項,88年3月3日,十六層,
RPSOMLRKKIKFFEE68CC,2,122.90,住家用,鋼筋混凝土造,102年11月11日,十五層,
RPSOMLRKKIKFFEE68CC,2,17.04,住家用,鋼筋混凝土造,102年11月11日,十五層,
RPSOMLRKKIKFFEE68CC,2,90.73,見其它登記事項,鋼筋混凝土造,102年11月11日,十五層,
RPUPMLRKKIKFFEE98CC,1,220.00,住商用,鋼筋混凝土造,103年3月27日,十五層,
RPTOMLSKKIKFFDE78CC,44,319.15,住商用,鋼筋混凝土造,60年8月31日,四層,
RPSRMLSKKIKFFDE98CC,25,132.28,,鋼筋混凝土造,79年9月13日,十二層,
RPSRMLSKKIKFFDE98CC,25,51.75,,鋼筋混凝土造,79年9月13日,十二層,
RPTNMLSKKIKFFAE38CC,24,93.53,住商用,鋼筋混凝土造,81年5月13日,七層,
RPTNMLSKKIKFFAE38CC,24,14.86,見使用執照,鋼筋混凝土造,81年5月13日,七層,
RPXNMLSKKIKFFAE78CC,50,63.30,住商用,加強磚造,54年11月19日,四層,
RPVNMLSKKIKFFFE09CC,17,207.36,住商用,鋼筋混凝土造,87年10月3日,四層,
RPPOMLSKKIKFFAE08CC,14,175.51,住家用,鋼筋混凝土造,91年4月3日,十四層,
RPPOMLSKKIKFFAE08CC,14,90.43,共有部分,鋼筋混凝土造,91年4月3日,十四層,
RPSNMLQKKIKFFFE58CC,21,77.70,住家用,鋼筋混凝土造,82年12月20日,十六層,
RPSNMLQKKIKFFFE58CC,21,82.28,住家用,鋼筋混凝土造,82年12月20日,十六層,
RPPOMLSKKIKFFDE48DC,26,262.86,,鋼筋混凝土造,78年4月29日,四層,
RPVOMLLLKIKFFGE68CC,40,52.17,住家用,加強磚造,64年6月25日,一層,
RPPNMLKLKIKFFGE87CC,1,118.50,見其他登記事項,鋼筋混凝土造,103年10月13日,十五層,
RPSNMLTKKIKFFEE78CC,34,90.73,,鋼筋混凝土造,70年12月23日,五層,
RPXNMLTKKIKFFCE09CC,39,21.45,,鋼筋混凝土造,66年4月18日,三層,
RPOOMLTKKIKFFCE28CC,39,21.45,,鋼筋混凝土造,66年4月18日,三層,
RPPNMLMLKIKFFBE57CC,21,110.43,住家用,鋼筋混凝土造,83年5月5日,十九層,
RPXOMLLLKIKFFAE28CC,20,139.72,住商用,鋼筋混凝土造,84年11月6日,十六層,
RPXOMLLLKIKFFAE28CC,20,25.72,見使用執照,鋼筋混凝土造,84年11月6日,十七層,
RPPNMLLLKIKFFBE47CC,49,108.26,,加強磚造,55年7月2日,二層,
RPQOMLLLKIKFFAE57CC,12,57.01,住家用,鋼筋混凝土造,92年11月11日,十四層,
RPQOMLLLKIKFFAE57CC,12,23.84,共有部分,鋼筋混凝土造,92年11月11日,十四層,
RPXOMLLLKIKFFEE68CC,23,223.82,住家用,鋼筋混凝土造,81年11月11日,二十四層,
RPQNMLMLKIKFFBE67CC,25,129.23,,鋼筋混凝土造,79年5月30日,十九層,
RPQNMLMLKIKFFAE57CC,2,228.55,住家用,鋼筋混凝土造,102年6月4日,十五層,
RPPOMLMLKIKFFAE57CC,10,206.48,住商用,鋼筋混凝土造,95年5月25日,五層,
RPRNMLMLKIKFFBE77CC,17,134.24,商業用,鋼筋混凝土造,87年7月14日,十三層,
RPRNMLMLKIKFFBE77CC,17,136.47,見其他登記事項,鋼筋混凝土造,87年7月14日,十三層,
RPOOMLMLKIKFFAE47CC,56,107.76,,加強磚造,48年7月10日,二層,
RPTNMLLLKIKFFDE08CC,28,152.95,,鋼造,76年7月25日,一層,
RPPOMLLLKIKFFDE77CC,49,107.96,,加強磚造,56年4月11日,二層,
RPQOMLLLKIKFFDE87CC,2,93.10,住家用,鋼筋混凝土造,102年4月29日,十一層,
RPTOMLMLKIKFFAE97CC,22,95.85,住家用,鋼筋混凝土造,83年1月24日,十層,
RPXOMLMLKIKFFEE78CC,2,41.58,住家用,鋼筋混凝土造,100年10月28日,十五層,
RPXOMLMLKIKFFEE78CC,2,9.74,住家用,鋼筋混凝土造,100年10月28日,十五層,
RPXOMLMLKIKFFEE78CC,2,29.46,見其它登記事項,鋼筋混凝土造,100年10月28日,十五層,
RPXNMLMLKIKFFEE68CC,11,182.49,住家用,鋼筋混凝土造,93年11月9日,四層,
RPPPMLMLKIKFFEE08CC,,49.07,住家用,鋼筋混凝土造,103年11月4日,十五層,
RPPPMLMLKIKFFEE08CC,,6.34,住家用,鋼筋混凝土造,103年11月4日,十五層,
RPPPMLMLKIKFFEE08CC,,30.01,見其它登記事項,鋼筋混凝土造,103年11月4日,十五層,
RPSPMLMLKIKFFEE38CC,10,79.41,住家用,鋼筋混凝土造,95年3月6日,十五層,
RPSPMLMLKIKFFEE38CC,10,8.60,住家用,鋼筋混凝土造,95年3月6日,十五層,
RPSPMLMLKIKFFEE38CC,10,63.52,見其它登記事項,鋼筋混凝土造,95年3月6日,十五層,
RPUOMLMLKIKFFEE48CC,9,166.22,商業用,鋼筋混凝土造,95年11月28日,十五層,
RPUOMLMLKIKFFEE48CC,9,84.03,見其它登記事項,鋼筋混凝土造,95年11月28日,十五層,
RPQPMLMLKIKFFEE18CC,,50.38,住家用,鋼筋混凝土造,103年3月27日,十五層,
RPQPMLMLKIKFFEE18CC,,5.87,住家用,鋼筋混凝土造,103年3月27日,十五層,
RPQPMLMLKIKFFEE18CC,,29.11,見其它登記事項,鋼筋混凝土造,103年3月27日,十五層,
RPVOMLMLKIKFFEE58CC,8,50.90,住家用,鋼筋混凝土造,94年11月25日,十四層,
RPVOMLMLKIKFFEE58CC,8,6.83,住家用,鋼筋混凝土造,94年11月25日,十四層,
RPVOMLMLKIKFFEE58CC,8,40.83,見使用執照,鋼筋混凝土造,94年11月25日,十四層,
RPWNMLMLKIKFFGE78CC,18,140.09,住家用,鋼筋混凝土造,86年6月27日,十四層,
RPXOMLNLKIKFFDE78CC,4,75.91,住家用,鋼筋混凝土造,101年6月5日,二十二層,
RPSNMLNLKIKFFAE87CC,19,392.03,住家用,鋼筋混凝土造,83年3月7日,八層,
RPOOMLNLKIKFFCE77CC,4,37.41,住家用,鋼筋混凝土造,100年1月25日,十五層,
RPOOMLNLKIKFFCE77CC,4,20.16,見其它登記事項,鋼筋混凝土造,100年1月25日,十五層,
RPWOMLNLKIKFFAE38CC,43,163.55,,加強磚造,61年7月10日,三層,
RPOPMLNLKIKFFCE87CC,24,36.69,見使用執照,鋼筋混凝土造,80年9月14日,十六層,
RPOPMLNLKIKFFCE87CC,24,25.75,商業用,鋼筋混凝土造,80年9月14日,十六層,
RPRPMLMLKIKFFFE38CC,21,69.24,住家用,鋼筋混凝土造,83年6月18日,十二層,
RPRPMLMLKIKFFFE38CC,21,31.06,見其他登記事項,鋼筋混凝土造,83年6月18日,十二層,
RPUNMLNLKIKFFBE18CC,36,126.63,,鋼筋混凝土造,68年9月25日,七層,
RPXNMLSKKIKFFCE98CC,16,44.95,住家用,見其它登記事項,88年2月9日,三十九層,
RPXNMLSKKIKFFCE98CC,16,20.78,共有部份,見其它登記事項,88年2月9日,三十九層,
RPUNMLNLKIKFFGE88EC,39,209.15,住商用,加強磚造,63年8月10日,三層,
RPOPMLNLKIKFFBE77CC,39,75.04,,鋼筋混凝土造,65年11月24日,十層,
RPWOMLNLKIKFFBE48CC,8,250.32,住家用,鋼筋混凝土造,96年8月13日,十五層,
RPWOMLNLKIKFFBE48CC,8,90.28,,鋼筋混凝土造,96年8月13日,十五層,
RPRNMLOLKIKFFBE97CC,26,98.41,,鋼筋混凝土造,78年11月9日,十二層,
RPQPMLNLKIKFFBE97CC,37,25.47,,鋼筋混凝土造,67年8月21日,十四層,
RPPPMLNLKIKFFBE87CC,56,335.89,,加強磚造,47年6月5日,三層,
RPROMLNLKIKFFBE97CC,57,332.37,,見使用執照,47年12月24日,四層,
RPSNMLOLKIKFFBE08CC,29,125.08,,鋼筋混凝土造,75年3月20日,五層,
RPQOMLNLKIKFFBE87CC,53,91.89,,加強磚造,52年4月14日,二層,
RPOOMLNLKIKFFBE67CC,37,89.28,,鋼筋混凝土造,67年11月11日,五層,
RPWNMLOLKIKFFBE48CC,19,94.71,住家用,鋼筋混凝土造,86年4月21日,三十五層,
RPXNMLOLKIKFFBE58CC,19,113.39,住家用,鋼筋混凝土造,86年4月21日,三十五層,
RPVPMLOLKIKFFBE58CC,21,73.26,商業用,鋼筋混凝土造,82年4月1日,二十層,
RPVPMLOLKIKFFBE58CC,21,6.08,見使用執照,鋼筋混凝土造,82年4月1日,二十層,
RPXOMLOLKIKFFBE68CC,21,259.50,商業用,鋼骨鋼筋混凝土造,81年7月25日,四十二層,
RPOPMLSKKIKFFCE28CC,30,99.11,,鋼筋混凝土造,74年8月5日,五層,
RPOOMLOLKIKFFGE28CC,8,61.99,見其他登記事項,見其他登記事項,96年12月15日,二十八層,
RPOOMLOLKIKFFGE28CC,8,30.76,見其他登記事項,見其他登記事項,96年12月15日,二十八層,
RPQQMLOLKIKFFCE28CC,44,103.74,住家用,加強磚造,60年7月25日,二層,
RPUOMLOLKIKFFCE48CC,5,59.76,住家用,鋼筋混凝土造,100年1月25日,十五層,
RPUOMLOLKIKFFCE48CC,5,40.00,見其它登記事項,鋼筋混凝土造,100年1月25日,十五層,
RPRSMLOLKIKFFEE78CC,1,55.41,住家用,鋼筋混凝土造,103年11月4日,十五層,
RPRSMLOLKIKFFEE78CC,1,40.38,見其它登記事項,鋼筋混凝土造,103年11月4日,十五層,
RPQNMLPLKIKFFHE58CC,21,196.34,住家用,鋼筋混凝土造,81年4月20日,四層,
RPWOMLOLKIKFFAE48CC,8,80.02,住家用,鋼筋混凝土造,95年4月7日,十三層,
RPWOMLOLKIKFFAE48CC,8,35.55,共有部分,鋼筋混凝土造,95年4月7日,十三層,
RPVOMLOLKIKFFAE38CC,1,138.83,住家用,鋼筋混凝土造,104年3月23日,十五層,
RPVOMLOLKIKFFAE38CC,1,52.41,見其它登記事項,鋼筋混凝土造,104年3月23日,十五層,
RPVOMLOLKIKFFAE38CC,1,29.47,見其它登記事項,鋼筋混凝土造,104年3月23日,十五層,
RPOOMLPLKIKFFEE18CC,2,46.98,住家用,鋼筋混凝土造,103年3月27日,十五層,
RPOOMLPLKIKFFEE18CC,2,8.44,住家用,鋼筋混凝土造,103年3月27日,十五層,
RPOOMLPLKIKFFEE18CC,2,28.64,見其它登記事項,鋼筋混凝土造,103年3月27日,十五層,
RPRPMLPLKIKFFDE48CC,36,251.82,,鋼筋混凝土造,69年2月21日,五層,
RPUOMLPLKIKFFDE68CC,19,119.97,住家用,鋼筋混凝土造,85年11月13日,十四層,
RPWNMLPLKIKFFAE48CC,26,140.62,住家用,鋼筋混凝土造,79年3月30日,七層,
RPPNMLPLKIKFFIE58CC,22,93.28,住商用,鋼筋混凝土造,82年10月15日,三層,
RPPNMLPLKIKFFIE58CC,22,19.36,住商用,鋼筋混凝土造,82年10月15日,三層,
RPSOMLPLKIKFFBE28CC,43,144.77,,加強磚造,61年7月29日,三層,
RPVNMLPLKIKFFCE58CC,10,84.71,住家用,鋼筋混凝土造,94年12月28日,十五層,
RPVNMLPLKIKFFCE58CC,10,36.17,共有部份,鋼筋混凝土造,94年12月28日,十五層,
RPQNMLQLKIKFFGE58CC,35,40.88,住商用,鋼筋混凝土造,69年10月15日,四層,
RPQOMLOLKIKFFEE28CC,15,53.62,住家用,鋼筋混凝土造,87年7月6日,十四層,
RPQOMLOLKIKFFEE28CC,15,38.20,見使用執照,鋼筋混凝土造,87年7月6日,十四層,
RPUNMLQLKIKFFGE98CC,15,179.36,住商用,鋼筋混凝土造,89年8月10日,十三層,
RPUNMLQLKIKFFGE98CC,15,15.55,共有部份,鋼筋混凝土造,89年8月10日,十三層,
RPUNMLQLKIKFFGE98CC,15,.04,見使用執照,鋼筋混凝土造,89年8月10日,十三層,
RPUNMLQLKIKFFGE98CC,15,.18,見使用執照,鋼筋混凝土造,89年8月10日,十三層,
RPUNMLQLKIKFFGE98CC,15,.07,見使用執照,鋼筋混凝土造,89年8月10日,十三層,
RPPNMLRLKIKFFEE38CC,23,108.14,住家用,鋼筋混凝土造,82年6月23日,八層,
RPQOMLRLKIKFFEE58CC,19,229.23,住商用,鋼筋混凝土造,85年8月30日,二十二層,
RPTOMLSLKIKFFGE56CC,32,93.11,住家用,鋼筋混凝土造,73年4月5日,五層,
RPVOMLPLKIKFFFE98CC,24,45.55,住家用,鋼筋混凝土造,80年10月10日,八層,
RPVOMLPLKIKFFFE98CC,24,5.10,共有部份,鋼筋混凝土造,80年10月10日,八層,
RPTOMLPLKIKFFFE88DC,30,102.24,住商用,加強磚造,75年3月14日,二層,
RPUOMLSLKIKFFDE98CC,25,414.94,,鋼筋混凝土造,77年12月10日,四層,
RPQOMLSLKIKFFDE58CC,26,156.64,,鋼筋混凝土造,79年3月22日,七層,
RPWOMLSLKIKFFEE66CC,2,51.06,住家用,鋼筋混凝土造,103年3月27日,十五層,
RPWOMLSLKIKFFEE66CC,2,5.95,住家用,鋼筋混凝土造,103年3月27日,十五層,
RPWOMLSLKIKFFEE66CC,2,58.62,見其它登記事項,鋼筋混凝土造,103年3月27日,十五層,
RPSQMLSLKIKFFEE09CC,2,50.38,住家用,鋼筋混凝土造,103年3月27日,十五層,
RPSQMLSLKIKFFEE09CC,2,5.87,住家用,鋼筋混凝土造,103年3月27日,十五層,
RPSQMLSLKIKFFEE09CC,2,54.53,住家用,鋼筋混凝土造,103年3月27日,十五層,
RPTPMLSLKIKFFDE98CC,10,77.92,商業用,見使用執照,92年7月3日,一層,
RPUNMLSLKIKFFAE58CC,14,69.64,住家用,鋼筋混凝土造,90年10月8日,十四層,
RPOOMLSLKIKFFAE08CC,23,211.26,住商用,鋼筋混凝土造,81年7月4日,十二層,
RPQOMLSLKIKFFCE48CC,22,146.42,住商用,鋼筋混凝土造,80年7月24日,八層,
RPQOMLSLKIKFFCE48CC,22,10.89,見使用執照,鋼筋混凝土造,80年7月24日,八層,
RPQOMLSLKIKFFCE48CC,22,30.30,見使用執照,鋼筋混凝土造,80年7月24日,八層,
RPOOMLSLKIKFFCE28CC,6,134.38,住家用,鋼筋混凝土造,98年12月24日,十九層,
RPOOMLSLKIKFFCE28CC,6,85.09,見其它登記事項,鋼筋混凝土造,98年12月24日,十九層,
RPSOMLSLKIKFFEE88CC,10,221.05,住商用,鋼筋混凝土造,95年4月13日,四層,
RPTOMLSLKIKFFEE98CC,1,247.71,見其它登記事項,見其它登記事項,103年9月29日,四層,
RPQOMLSLKIKFFEE68CC,37,195.42,,鋼筋混凝土造,68年5月26日,三層,
RPVOMLSLKIKFFEE56CC,1,36.93,住家用,鋼筋混凝土造,103年11月4日,十五層,
RPVOMLSLKIKFFEE56CC,1,4.73,住家用,鋼筋混凝土造,103年11月4日,十五層,
RPVOMLSLKIKFFEE56CC,1,22.63,見其它登記事項,鋼筋混凝土造,103年11月4日,十五層,
RPXOMLSLKIKFFBE09CC,6,189.85,住家用,鋼筋混凝土造,98年11月9日,二十四層,
RPXOMLSLKIKFFBE09CC,6,31.38,住家用,鋼筋混凝土造,98年11月9日,二十四層,
RPXOMLSLKIKFFBE09CC,6,120.48,見其他登記事項,鋼筋混凝土造,98年11月9日,二十四層,
RPOPMLSLKIKFFBE28CC,20,198.65,商業用,鋼筋混凝土造,83年9月10日,二十二層,
RPOPMLSLKIKFFBE28CC,20,595.02,商業用,鋼筋混凝土造,83年9月10日,二十二層,
RPVNMLTLKIKFFAE78CC,45,188.31,,加強磚造,59年9月8日,三層,
RPWOMLTLKIKFFAE98CC,27,87.60,,鋼筋混凝土造,76年5月7日,五層,
RPRQMLTLKIKFFAE68CC,36,158.41,,鋼筋混凝土造,68年6月7日,十二層,
RPTPMLTLKIKFFAE78CC,9,104.00,住家用,鋼筋混凝土造,95年11月1日,十五層,
RPWNMLTLKIKFFBE98CC,38,66.87,,鋼筋混凝土造,66年11月10日,五層,
RPSPMLTLKIKFFAE68CC,8,75.97,住商用,鋼筋混凝土造,96年8月14日,十五層,
RPSPMLTLKIKFFAE68CC,8,76.34,住商用,鋼筋混凝土造,96年8月14日,十五層,
RPSPMLTLKIKFFAE68CC,8,13.55,住商用,鋼筋混凝土造,96年8月14日,十五層,
RPSPMLTLKIKFFAE68CC,8,39.82,共有部分,鋼筋混凝土造,96年8月14日,十五層,
RPXNMLTLKIKFFBE09CC,18,225.39,商業用,鋼造,86年2月12日,二十七層,
RPQNMLTLKIKFFGE88CC,39,179.57,住商用,鋼筋混凝土造,66年6月11日,三層,
RPQNMLTLKIKFFDE58CC,19,35.00,住商用,鋼筋混凝土造,85年7月19日,二十四層,
RPQNMLTLKIKFFDE58CC,19,48.81,住商用,鋼筋混凝土造,85年7月19日,二十四層,
RPQNMLTLKIKFFDE58CC,19,16.24,住商用,鋼筋混凝土造,85年7月19日,二十四層,
RPQNMLTLKIKFFDE58CC,19,14.62,住商用,鋼筋混凝土造,85年7月19日,二十四層,
RPPRMLTLKIKFFEE98CC,37,53.34,,鋼筋混凝土造,68年2月20日,三層,
RPSPMLTLKIKFFEE09CC,10,80.06,住家用,鋼筋混凝土造,94年10月12日,十五層,
RPSPMLTLKIKFFEE09CC,10,32.16,見使用執照,鋼筋混凝土造,94年10月12日,十五層,
RPRRMLKMKIKFFEE38CC,11,131.56,商業用,鋼筋混凝土造,94年6月14日,十五層,
RPROMLKMKIKFFDE97CC,25,84.58,,鋼筋混凝土造,80年3月1日,十二層,
RPROMLKMKIKFFDE97CC,25,41.13,,鋼筋混凝土造,80年3月1日,十二層,
RPSPMLTLKIKFFGE86EC,,328.92,見其他登記事項,見其他登記事項,102年7月3日,一層,
RPWOMLKMKIKFFDE48CC,26,134.03,,鋼筋混凝土造,79年3月19日,十二層,
RPVOMLKMKIKFFAE08CC,3,150.48,住家用,鋼筋混凝土造,102年3月1日,二十七層,
RPVOMLKMKIKFFAE08CC,3,87.79,見其它登記事項,鋼筋混凝土造,102年3月1日,二十七層,
RPOPMLLMKIKFFDE87CC,33,256.99,,鋼筋混凝土造,71年7月5日,十二層,
RPOPMLLMKIKFFDE87CC,33,55.68,,鋼筋混凝土造,71年7月5日,十二層,
RPOPMLLMKIKFFDE87CC,33,311.42,,鋼筋混凝土造,71年7月5日,十二層,
RPPPMLTLKIKFFBE48CC,10,29.91,住商用,鋼筋混凝土造,95年4月24日,四層,
RPQPMLLMKIKFFGE38CC,26,265.71,住商用,鋼筋混凝土造,79年1月2日,五層,
RPXNMLKMKIKFFBE28CC,35,77.83,住家用,鋼筋混凝土造,68年2月24日,五層,
RPWOMLLMKIKFFBE38CC,43,63.51,,加強磚造,62年2月26日,三層,
RPVNMLLMKIKFFBE18CC,55,143.89,,鋼筋混凝土造,48年10月5日,三層,
RPSPMLTLKIKFFBE78CC,49,166.62,,加強磚造,55年12月5日,三層,
RPXOMLLMKIKFFBE48CC,43,63.51,,加強磚造,62年2月26日,三層,
RPOQMLLMKIKFFEE08CC,21,89.41,住家用,鋼筋混凝土造,83年7月1日,十層,
RPOQMLLMKIKFFEE08CC,21,43.13,見使用執照,鋼筋混凝土造,83年7月1日,十層,
RPRNMLLJJHLFFCE47CC,11,152.74,住家用,鋼筋混凝土造,94年5月4日,十四層,
RPQNMLLJJHLFFDE47CC,37,133.29,,鋼筋混凝土造,67年6月24日,三層,
RPUNMLMJJHLFFBE77CC,19,137.59,住家用,鋼筋混凝土造,86年4月21日,三十五層,
RPQNMLLJJHLFFBE27CC,45,100.70,住商用,加強磚造,59年11月27日,三層,
RPSOMLOJJHLFFBE87CC,31,128.22,,鋼筋混凝土造,73年10月27日,七層,
RPQNMLMJJHLFFBE37CC,19,135.54,住家用,鋼筋混凝土造,86年4月21日,三十五層,
RPVOMLOJJHLFFBE18CC,40,262.88,,鋼筋混凝土造,64年11月13日,四層,
RPTOMLOJJHLFFBE97CC,21,147.50,住家用,鋼筋混凝土造,84年5月10日,八層,
RPRPMLOJJHLFFBE87CC,24,221.94,商業用,鋼筋混凝土造,80年7月22日,十二層,
RPRNMLMJJHLFFAE37CC,11,91.88,住家用,鋼筋混凝土造,94年6月16日,十四層,
RPRNMLMJJHLFFAE37CC,11,38.71,共有部分,鋼筋混凝土造,94年6月16日,十四層,
RPQNMLMJJHLFFAE27CC,26,241.54,商業用,鋼筋混凝土造,79年1月12日,七層,
RPQNMLMJJHLFFAE27CC,26,96.95,見使用執照,鋼筋混凝土造,79年1月12日,七層,
RPWOMLOJJHLFFAE18CC,1,170.00,商業用,鋼骨鋼筋混凝土造,101年10月11日,三十層,
RPSNMLMJJHLFFAE47CC,54,133.76,住商用,加強磚造,50年8月25日,四層,
RPRPMLOJJHLFFCE97CC,18,114.82,商業用,鋼筋混凝土造,86年11月5日,二十八層,
RPRPMLOJJHLFFCE97CC,18,136.55,商業用,鋼筋混凝土造,86年11月5日,二十八層,
RPRPMLOJJHLFFCE97CC,18,11.30,商業用,鋼筋混凝土造,86年11月5日,二十八層,
RPRPMLOJJHLFFCE97CC,18,33.10,共有部份,鋼筋混凝土造,86年11月5日,二十八層,
RPXPMLOJJHLFFCE58CC,23,66.27,住家用,鋼筋混凝土造,82年2月2日,六層,
RPXPMLOJJHLFFCE58CC,23,38.90,見使用執照,鋼筋混凝土造,82年2月2日,六層,
RPSPMLOJJHLFFAE87CC,4,88.09,住商用,鋼筋混凝土造,98年12月30日,十五層,
RPTPMLOJJHLFFAE97CC,4,88.09,住商用,鋼筋混凝土造,98年12月30日,十五層,
RPVPMLOJJHLFFAE18CC,1,197.39,住商用,鋼筋混凝土造,102年5月27日,十五層,
RPXPMLOJJHLFFAE38CC,8,77.00,住商用,鋼筋混凝土造,95年2月27日,五層,
RPRQMLOJJHLFFDE18CC,23,130.05,住家用,鋼筋混凝土造,81年11月18日,十七層,
RPSQMLOJJHLFFEE38CC,22,148.07,住家用,鋼筋混凝土造,83年5月2日,八層,
RPWQMLOJJHLFFDE68CC,31,157.88,,鋼筋混凝土造,73年6月13日,四層,
RPQRMLOJJHLFFDE18CC,15,92.33,住家用,鋼筋混凝土造,90年6月15日,十四層,
RPQRMLOJJHLFFDE18CC,15,61.53,見使用執照,鋼筋混凝土造,90年6月15日,十四層,
RPSPMLPJJHLFFIE78CC,,179.92,見其他登記事項,見其他登記事項,103年1月17日,一層,
RPVNMLPJJHLFFDE48DC,6,89.71,住商用,鋼筋混凝土造,99年4月29日,五層,
RPOOMLPJJHLFFDE87DC,55,57.09,住商用,加強磚造,49年10月20日,三層,
RPQPMLOJJHLFFFE18CC,10,76.89,住商用,鋼筋混凝土造,95年5月12日,十三層,
RPTPMLOJJHLFFFE48CC,18,244.71,住商用,鋼筋混凝土造,86年7月6日,四層,
RPTOMLQJJHLFFBE18CC,27,201.75,,鋼筋混凝土造,78年3月10日,十四層,
RPUNMLQJJHLFFBE18CC,23,190.63,商業用,鋼筋混凝土造,81年9月15日,二十五層,
RPUNMLQJJHLFFBE18CC,23,66.86,見使用執照,鋼筋混凝土造,81年9月15日,二十五層,
RPVOMLOJJHLFFGE68CC,22,90.09,住家用,鋼筋混凝土造,82年9月17日,八層,
RPOPMLQJJHLFFBE77CC,49,76.80,住家用,加強磚造,55年11月6日,二層,
RPTOMLPJJHLFFBE08CC,34,16.53,,鋼筋混凝土造,68年8月16日,五層,
RPOQMLQJJHLFFEE18CC,22,527.35,住商用,鋼筋混凝土造,83年4月2日,五層,
RPVQMLQJJHLFFEE88CC,16,461.83,住家用,見其它登記事項,88年11月19日,一層,
RPVQMLQJJHLFFEE88CC,16,505.68,住家用,見其它登記事項,88年11月19日,二層,
RPRPMLQJJHLFFEE38CC,36,103.81,,鋼筋混凝土造,68年9月15日,二層,
RPXNMLQJJHLFFDE68CC,44,108.01,住商用,加強磚造,60年8月23日,二層,
RPVNMLQJJHLFFDE48CC,37,159.83,,鋼筋混凝土造,68年5月14日,四層,
RPPRMLQJJHLFFAE97CC,9,148.19,商業用,鋼筋混凝土造,95年2月20日,十五層,
RPPRMLQJJHLFFAE97CC,9,56.46,商業用,鋼筋混凝土造,95年2月20日,十五層,
RPPRMLQJJHLFFAE97CC,9,5.28,商業用,鋼筋混凝土造,95年2月20日,十五層,
RPPRMLQJJHLFFAE97CC,9,42.34,共有部分,鋼筋混凝土造,95年2月20日,十五層,
RPPRMLQJJHLFFAE97CC,9,51.43,共有部分,鋼筋混凝土造,95年2月20日,十五層,
RPQNMLRJJHLFFAE77CC,7,92.26,住家用,鋼筋混凝土造,95年1月26日,十五層,
RPTNMLRJJHLFFDE38CC,26,133.68,,鋼筋混凝土造,79年3月22日,十二層,
RPTNMLRJJHLFFDE38CC,26,63.53,見使用執照,鋼筋混凝土造,79年3月22日,十二層,
RPTNMLRJJHLFFAE08CC,8,88.64,住家用,鋼筋混凝土造,93年10月6日,十四層,
RPUNMLRJJHLFFAE18CC,1,120.05,住家用,鋼筋混凝土造,102年8月5日,二十四層,
RPUNMLRJJHLFFAE18CC,1,16.03,住家用,鋼筋混凝土造,102年8月5日,二十四層,
RPUNMLRJJHLFFAE18CC,1,99.45,住家用,鋼筋混凝土造,102年8月5日,二十四層,
RPOSMLQJJHLFFAE97CC,8,56.92,住家用,鋼筋混凝土造,95年3月3日,十五層,
RPQPMLSJJHLFFAE08CC,3,99.52,住家用,鋼筋混凝土造,101年11月7日,十五層,
RPUOMLSJJHLFFAE38CC,9,59.41,住家用,鋼筋混凝土造,96年2月8日,十五層,
RPUOMLSJJHLFFAE38CC,9,23.22,見其它登記事項,鋼筋混凝土造,96年2月8日,十五層,
RPORMLQJJHLFFGE48CC,9,78.13,見其他登記事項,見其他登記事項,93年11月18日,十三層,
RPXQMLQJJHLFFGE66CC,1,273.92,見其他登記事項,見其他登記事項,103年12月10日,四層,
RPSPMLSJJHLFFAE28CC,8,117.48,住家用,鋼筋混凝土造,95年10月30日,二十七層,
RPSPMLSJJHLFFAE28CC,8,14.46,住家用,鋼筋混凝土造,95年10月30日,二十七層,
RPSPMLSJJHLFFAE28CC,8,5.74,住家用,鋼筋混凝土造,95年10月30日,二十七層,
RPSPMLSJJHLFFAE28CC,8,39.64,見其它登記事項,鋼筋混凝土造,95年10月30日,二十七層,
RPSPMLSJJHLFFAE28CC,8,16.70,見其它登記事項,鋼筋混凝土造,95年10月30日,二十七層,
RPVPMLSJJHLFFAE58CC,26,223.44,商業用,鋼筋混凝土造,79年1月22日,十四層,
RPVPMLSJJHLFFAE58CC,26,55.58,見使用執照,鋼筋混凝土造,79年1月22日,十四層,
RPXNMLSJJHLFFCE78CC,17,31.89,住家用,見其它登記事項,88年2月9日,三十九層,
RPXNMLSJJHLFFCE78CC,17,15.58,共有部份,見其它登記事項,88年2月9日,三十九層,
RPOOMLSJJHLFFCE97CC,10,85.46,住家用,鋼筋混凝土造,95年3月14日,十四層,
RPOOMLSJJHLFFCE97CC,10,37.18,共有部份,鋼筋混凝土造,95年3月14日,十四層,
RPUOMLSJJHLFFCE58CC,17,291.37,住商用,鋼筋混凝土造,87年9月4日,三層,
RPPOMLSJJHLFFCE08CC,10,84.22,住家用,鋼筋混凝土造,95年3月14日,十四層,
RPPOMLSJJHLFFCE08CC,10,36.63,共有部份,鋼筋混凝土造,95年3月14日,十四層,
RPVNMLTJJHLFFIE66CC,2,278.03,見其他登記事項,鋼筋混凝土造,102年7月10日,四層,
RPQPMLSJJHLFFGE68CC,24,238.45,見使用執照,鋼筋混凝土造,80年10月7日,十層,
RPXNMLSJJHLFFDE88CC,42,391.11,,鋼筋混凝土造,62年6月23日,四層,
RPPQMLSJJHLFFDE38CC,42,129.30,,加強磚造,63年5月31日,三層,
RPPNMLTJJHLFFCE08CC,30,174.22,,鋼筋混凝土造,74年9月11日,三層,
RPROMLLKJHLFFCE67CC,7,207.50,住商用,鋼筋混凝土造,96年3月12日,五層,
RPOOMLLKJHLFFCE37CC,9,105.67,住家用,鋼筋混凝土造,94年12月28日,十五層,
RPWOMLLKJHLFFCE18CC,10,67.20,住商用,鋼筋混凝土造,95年2月17日,四層,
RPOPMLLKJHLFFAE27CC,19,161.85,,鋼筋混凝土造,85年11月20日,十三層,
RPQPMLLKJHLFFAE47CC,7,79.07,住家用,鋼筋混凝土造,98年2月17日,十五層,
RPTOMLSJJHLFFBE38CC,3,309.11,商業用,鋼筋混凝土造,102年1月10日,十五層,
RPQNMLTJJHLFFBE08CC,47,125.56,,加強磚造,58年2月6日,四層,
RPRPMLSJJHLFFBE28CC,23,720.83,商業用,鋼筋混凝土造,82年3月4日,二十八層,
RPUOMLSJJHLFFBE48CC,14,149.07,住家用,鋼骨鋼筋混凝土造,91年3月1日,二十六層,
RPUOMLSJJHLFFBE48CC,14,97.23,見其他登記事項,鋼骨鋼筋混凝土造,91年3月1日,二十六層,
RPXOMLSJJHLFFBE78CC,9,171.44,住家用,鋼骨鋼筋混凝土造,95年7月28日,十五層,
RPPPMLSJJHLFFBE08CC,27,85.23,,鋼筋混凝土造,76年5月15日,十五層,
RPXOMLSJJHLFFBE78CC,9,70.64,見其他登記事項,鋼骨鋼筋混凝土造,95年7月28日,十五層,
RPPPMLSJJHLFFBE08CC,27,2.93,,鋼筋混凝土造,76年5月15日,十五層,
RPPPMLSJJHLFFBE08CC,27,20.31,,鋼筋混凝土造,76年5月15日,十五層,
RPQPMLSJJHLFFBE18CC,6,138.86,住家用,鋼筋混凝土造,98年10月5日,十五層,
RPQPMLSJJHLFFBE18CC,,63.93,見其他登記事項,鋼筋混凝土造,,十五層,
RPTOMLMKJHLFFDE18DC,15,27.67,商業用,鋼骨鋼筋混凝土造,87年9月29日,二十五層,
RPTOMLMKJHLFFDE18DC,15,18.59,見使用執照,鋼骨鋼筋混凝土造,87年9月29日,二十五層,
RPPNMLMKJHLFFIE08CC,11,182.73,見其他登記事項,鋼筋混凝土造,94年2月22日,四層,
RPQNMLMKJHLFFEE97EC,12,175.56,住商用,見使用執照,92年1月14日,十四層,
RPQNMLMKJHLFFEE97EC,12,22.94,見使用執照,見使用執照,92年1月14日,十四層,
RPRNMLMKJHLFFEE87CC,8,223.19,住商用,鋼筋混凝土造,97年4月10日,十五層,
RPXOMLLKJHLFFGE68CC,37,65.95,住家用,鋼筋混凝土造,68年3月21日,五層,
RPXNMLLKJHLFFGE58CC,4,46.27,見其他登記事項,鋼筋混凝土造,100年9月12日,十五層,
RPROMLMKJHLFFEE97CC,22,89.41,住家用,鋼筋混凝土造,83年7月1日,十層,
RPROMLMKJHLFFEE97CC,22,43.13,見使用執照,鋼筋混凝土造,83年7月1日,十層,
RPQOMLMKJHLFFGE08CC,35,60.25,住家用,鋼筋混凝土造,70年4月15日,五層,
RPUQMLMKJHLFFEE48CC,16,89.34,住家用,鋼筋混凝土造,88年9月30日,十四層,
RPUQMLMKJHLFFEE48CC,16,31.62,見使用執照,見使用執照,88年9月30日,十四層,
RPQPMLLKJHLFFGE18DC,4,144.75,見其他登記事項,鋼筋混凝土造,101年6月5日,十四層,
RPQPMLLKJHLFFGE18DC,4,87.52,見其他登記事項,鋼筋混凝土造,101年6月5日,十四層,
RPVNMLMKJHLFFAE87CC,24,42.37,住家用,鋼筋混凝土造,80年8月10日,十六層,
RPVNMLMKJHLFFAE87CC,24,16.32,,鋼筋混凝土造,80年8月10日,十六層,
RPWNMLNKJHLFFCE28CC,10,79.46,住家用,鋼筋混凝土造,94年12月28日,十五層,
RPPNMLNKJHLFFCE57CC,22,325.11,商業用,鋼筋混凝土造,81年2月25日,十八層,
RPPNMLNKJHLFFCE57CC,22,40.48,見使用執照,鋼筋混凝土造,81年2月25日,十八層,
RPPNMLNKJHLFFCE57CC,22,53.13,見使用執照,鋼筋混凝土造,81年2月25日,十八層,
RPXNMLNKJHLFFCE38CC,7,255.37,住家用,鋼筋混凝土造,97年3月7日,二十九層,
RPXNMLNKJHLFFCE38CC,7,31.38,住家用,鋼筋混凝土造,97年3月7日,二十九層,
RPXNMLNKJHLFFCE38CC,7,137.89,住家用,鋼筋混凝土造,97年3月7日,二十九層,
RPTNMLMKJHLFFCE87CC,15,26.92,住家用,見其它登記事項,88年2月9日,三十九層,
RPTNMLMKJHLFFCE87CC,15,12.98,共有部份,見其它登記事項,88年2月9日,三十九層,
RPPOMLNKJHLFFCE67CC,7,255.37,住家用,鋼筋混凝土造,97年3月7日,二十九層,
RPPOMLNKJHLFFCE67CC,7,31.38,住家用,鋼筋混凝土造,97年3月7日,二十九層,
RPPOMLNKJHLFFCE67CC,7,137.89,住家用,鋼筋混凝土造,97年3月7日,二十九層,
RPQNMLNKJHLFFEE87CC,8,106.25,商業用,鋼筋混凝土造,97年3月19日,一層,
RPQNMLNKJHLFFEE87CC,8,106.25,商業用,鋼筋混凝土造,97年3月19日,一層,
RPSOMLMKJHLFFBE77CC,19,94.05,住家用,鋼筋混凝土造,86年4月21日,三十五層,
RPUOMLNKJHLFFGE58CC,31,54.17,見其他登記事項,見其他登記事項,74年3月10日,三層,
RPQOMLMKJHLFFBE57CC,34,21.26,,鋼筋混凝土造,68年11月19日,七層,
RPQOMLLKJHLFFBE47CC,33,120.28,,鋼筋混凝土造,70年8月15日,十二層,
RPWOMLNKJHLFFGE78CC,21,191.02,住家用,鋼筋混凝土造,83年8月18日,七層,
RPPNMLNKJHLFFHE18DC,23,16.66,住家用,鋼造,81年9月4日,一層,
RPQPMLOKJHLFFEE18CC,11,63.60,住家用,鋼筋混凝土造,94年1月31日,十一層,
RPQPMLOKJHLFFEE18CC,11,7.00,住家用,鋼筋混凝土造,94年1月31日,十一層,
RPQPMLOKJHLFFEE18CC,11,1.69,住家用,鋼筋混凝土造,94年1月31日,十一層,
RPQPMLOKJHLFFEE18CC,11,30.77,見使用執照,鋼筋混凝土造,94年1月31日,十一層,
RPQPMLOKJHLFFEE18CC,11,31.28,見使用執照,鋼筋混凝土造,94年1月31日,十一層,
RPQNMLOKJHLFFFE08CC,20,84.63,住家用,鋼筋混凝土造,83年9月20日,六層,
RPSPMLOKJHLFFEE38CC,11,37.83,住商用,鋼筋混凝土造,94年1月7日,四層,
RPSPMLOKJHLFFEE38CC,11,44.51,住商用,鋼筋混凝土造,94年1月7日,四層,
RPSPMLOKJHLFFEE38CC,11,44.51,住商用,鋼筋混凝土造,94年1月7日,四層,
RPSPMLOKJHLFFEE38CC,11,22.84,住商用,鋼筋混凝土造,94年1月7日,四層,
RPSPMLOKJHLFFEE38CC,11,9.76,住商用,鋼筋混凝土造,94年1月7日,四層,
RPSPMLOKJHLFFEE38CC,11,32.80,住商用,鋼筋混凝土造,94年1月7日,四層,
RPXPMLOKJHLFFEE88CC,10,48.50,住家用,鋼筋混凝土造,95年5月5日,十三層,
RPXPMLOKJHLFFEE88CC,10,8.87,住家用,鋼筋混凝土造,95年5月5日,十三層,
RPXPMLOKJHLFFEE88CC,10,1.13,住家用,鋼筋混凝土造,95年5月5日,十三層,
RPXPMLOKJHLFFEE88CC,10,24.71,見使用執照,鋼筋混凝土造,95年5月5日,十三層,
RPQNMLNKJHLFFHE28DC,22,50.77,商業用,鋼造,82年9月25日,一層,
RPSNMLOKJHLFFBE87CC,16,170.34,住家用,鋼骨鋼筋混凝土造,89年6月28日,二十七層,
RPSNMLOKJHLFFBE87CC,16,17.24,住家用,鋼骨鋼筋混凝土造,89年6月28日,二十七層,
RPSNMLOKJHLFFBE87CC,16,59.73,見其他登記事項,鋼骨鋼筋混凝土造,89年6月28日,二十七層,
RPSOMLNKJHLFFBE87CC,22,146.26,商業用,鋼筋混凝土造,82年7月17日,五層,
RPSOMLNKJHLFFBE87CC,22,17.85,見使用執照,鋼筋混凝土造,82年7月17日,五層,
RPRNMLOKJHLFFBE77CC,39,33.12,,鋼筋混凝土造,65年11月24日,十層,
RPUNMLOKJHLFFBE08CC,19,23.80,住家用,鋼筋混凝土造,86年4月16日,十四層,
RPUNMLOKJHLFFBE08CC,19,2.50,住家用,鋼筋混凝土造,86年4月16日,十四層,
RPUNMLOKJHLFFBE08CC,19,9.79,見使用執照,鋼筋混凝土造,86年4月16日,十四層,
RPTOMLNKJHLFFBE97CC,22,146.26,商業用,鋼筋混凝土造,82年7月17日,五層,
RPTOMLNKJHLFFBE97CC,22,17.85,見使用執照,鋼筋混凝土造,82年7月17日,五層,
RPXOMLOKJHLFFCE58CC,9,107.99,住家用,見其它登記事項,95年11月21日,十五層,
RPXOMLOKJHLFFCE58CC,9,20.56,住家用,見其它登記事項,95年11月21日,十五層,
RPXOMLOKJHLFFCE58CC,9,58.74,住家用,見其它登記事項,95年11月21日,十五層,
RPSOMLPKJHLFFCE18CC,8,65.35,住家用,見其它登記事項,95年2月27日,九層,
RPSOMLPKJHLFFCE18CC,8,21.86,共有部份,見其它登記事項,95年2月27日,九層,
RPUNMLPKJHLFFBE18CC,62,51.21,,鋼筋混凝土加強磚造,42年7月30日,三層,
RPUNMLPKJHLFFBE18CC,62,54.25,,鋼筋混凝土加強磚造,42年7月30日,三層,
RPUNMLPKJHLFFBE18CC,62,51.30,,鋼筋混凝土加強磚造,42年7月30日,三層,
RPUNMLPKJHLFFBE18CC,62,14.43,,鋼筋混凝土加強磚造,42年7月30日,三層,
RPRNMLOKJHLFFAE67CC,38,70.87,,鋼筋混凝土造,66年12月30日,十二層,
RPRNMLOKJHLFFAE67CC,38,12.34,,鋼筋混凝土造,66年12月30日,十二層,
RPQNMLOKJHLFFAE57CC,7,112.51,住商用,鋼筋混凝土造,97年9月8日,五層,
RPVPMLOKJHLFFAE28CC,8,68.59,住家用,鋼筋混凝土造,97年5月7日,十五層,
RPVPMLOKJHLFFAE28CC,8,6.36,住家用,鋼筋混凝土造,97年5月7日,十五層,
RPVPMLOKJHLFFAE28CC,8,2.21,住家用,鋼筋混凝土造,97年5月7日,十五層,
RPVPMLOKJHLFFAE28CC,8,48.42,共有部分,鋼筋混凝土造,97年5月7日,十五層,
RPPOMLPKJHLFFBE77CC,25,164.14,,鋼筋混凝土造,79年8月18日,十一層,
RPPOMLPKJHLFFBE77CC,25,37.56,,鋼筋混凝土造,79年8月18日,十一層,
RPTOMLPKJHLFFBE18CC,17,98.96,商業用,鋼骨鋼筋混凝土造,88年4月1日,八十五層,
RPTOMLPKJHLFFBE18CC,17,57.87,見其他登記事項,鋼骨鋼筋混凝土造,88年4月1日,八十五層,
RPTOMLPKJHLFFBE18CC,17,6.66,見其他登記事項,鋼骨鋼筋混凝土造,88年4月1日,八十五層,
RPTOMLPKJHLFFBE18CC,17,11.24,見其他登記事項,鋼骨鋼筋混凝土造,88年4月1日,八十五層,
RPQRMLPKJHLFFEE48CC,26,53.95,見其它登記事項,鋼筋混凝土造,79年3月26日,十九層,
RPVOMLPKJHLFFBE38CC,51,93.27,住家用,加強磚造,54年4月10日,二層,
RPOOMLPKJHLFFIE38CC,20,216.71,住商用,鋼筋混凝土造,85年2月2日,三層,
RPOOMLSKJHLFFBE08DC,42,60.25,,鋼筋混凝土造,61年3月2日,四層,
RPXOMLPKJHLFFDE78CC,42,88.92,,加強磚造,63年4月1日,二層,
RPWNMLPKJHLFFDE58CC,15,93.68,住家用,鋼筋混凝土造,86年7月9日,十四層,
RPWNMLPKJHLFFDE58CC,15,28.52,見使用執照,鋼筋混凝土造,86年7月9日,十四層,
RPVOMLPKJHLFFDE68DC,1,86.00,住家用,鋼筋混凝土造,102年4月29日,十一層,
RPPNMLSKJHLFFHE68DC,34,229.32,住商用,鋼筋混凝土加強磚造,70年11月28日,四層,
RPOPMLSKJHLFFDE28CC,19,91.29,住家用,鋼筋混凝土造,86年7月9日,十四層,
RPOPMLSKJHLFFDE28CC,19,12.81,住家用,鋼筋混凝土造,86年7月9日,十四層,
RPOPMLSKJHLFFDE28CC,19,52.05,見使用執照,鋼筋混凝土造,86年7月9日,十四層,
RPVOMLSKJHLFFDE88CC,28,9.64,,鋼筋混凝土造,77年6月9日,十二層,
RPVOMLSKJHLFFDE88CC,28,139.30,,鋼筋混凝土造,77年6月9日,十二層,
RPVOMLSKJHLFFDE88CC,28,25.28,,鋼筋混凝土造,77年6月9日,十二層,
RPTNMLSKJHLFFGE88CC,21,118.13,見使用執照,鋼筋混凝土造,83年10月26日,十九層,
RPOPMLSKJHLFFEE38CC,6,92.47,住商用,鋼筋混凝土造,96年7月6日,五層,
RPRUMLSKJHLFFEE56CC,21,210.85,住商用,鋼筋混凝土造,83年11月22日,四層,
RPXNMLSKJHLFFIE86CC,,49.08,見其他登記事項,鋼筋混凝土造,104年7月24日,十五層,
RPXNMLSKJHLFFIE86CC,,28.19,見其他登記事項,鋼筋混凝土造,104年7月24日,十五層,
RPQNMLSKJHLFFBE08CC,45,110.36,住商用,加強磚造,59年7月8日,三層,
RPQNMLSKJHLFFBE08CC,45,32.49,住商用,加強磚造,59年7月8日,三層,
RPSVMLSKJHLFFEE76CC,9,71.31,住家用,鋼筋混凝土造,96年4月4日,十四層,
RPSVMLSKJHLFFEE76CC,9,8.01,住家用,鋼筋混凝土造,96年4月4日,十四層,
RPSVMLSKJHLFFEE76CC,9,33.51,共有部分,鋼筋混凝土造,96年4月4日,十四層,
RPSVMLSKJHLFFEE76CC,9,27.57,共有部分,鋼筋混凝土造,96年4月4日,十四層,
RPXNMLSKJHLFFBE78CC,6,48.00,住家用,鋼筋混凝土造,97年9月19日,十三層,
RPPOMLSKJHLFFIE78CC,26,234.49,住家用,鋼筋混凝土造,79年1月19日,五層,
RPUOMLTKJHLFFAE58CC,9,161.07,共有部分,鋼筋混凝土造,94年8月19日,十四層,
RPTOMLOKJHLFFDE28CC,26,399.86,,鋼筋混凝土造,79年2月8日,十二層,
RPPNMLTKJHLFFAE97CC,35,88.88,,鋼筋混凝土造,68年1月9日,三層,
RPWPMLNKJHLFFDE58CC,55,73.94,住商用,加強磚造,49年10月1日,二層,
RPTNMLOKJHLFFDE18CC,29,57.00,,鋼筋混凝土造,75年7月14日,五層,
RPTNMLOKJHLFFDE18CC,29,57.00,,鋼筋混凝土造,75年7月14日,五層,
RPWOMLTKJHLFFAE78CC,6,49.78,住家用,鋼筋混凝土造,95年10月13日,十五層,
RPWOMLTKJHLFFAE78CC,6,2.39,住家用,鋼筋混凝土造,95年10月13日,十五層,
RPWOMLTKJHLFFAE78CC,6,1.66,住家用,鋼筋混凝土造,95年10月13日,十五層,
RPWOMLTKJHLFFAE78CC,6,24.53,見其它登記事項,鋼筋混凝土造,95年10月13日,十五層,
RPWOMLSKJHLFFCE88CC,8,47.51,住家用,鋼筋混凝土造,96年9月20日,十八層,
RPWOMLSKJHLFFCE88CC,8,22.03,共有部份,鋼筋混凝土造,96年9月20日,十八層,
RPSOMLSKJHLFFCE48CC,2,188.69,住家用,鋼筋混凝土造,102年12月16日,二十四層,
RPSOMLSKJHLFFCE48CC,2,89.14,見其它登記事項,鋼筋混凝土造,102年12月16日,二十四層,
RPWOMLTKJHLFFCE98CC,1,157.85,住家用,鋼筋混凝土造,103年7月15日,二十九層,
RPWOMLTKJHLFFCE98CC,1,73.75,見其它登記事項,鋼筋混凝土造,103年7月15日,二十九層,
RPRNMLSKJHLFFCE28CC,19,103.95,工業用,鋼筋混凝土造,86年5月15日,二層,
RPRNMLSKJHLFFCE28CC,19,106.44,工業用,鋼筋混凝土造,86年5月15日,二層,
RPRNMLSKJHLFFCE28CC,19,13.35,工業用,鋼筋混凝土造,86年5月15日,二層,
RPRNMLSKJHLFFCE28CC,19,7.86,工業用,鋼筋混凝土造,86年5月15日,二層,
RPTOMLTKJHLFFEE88CC,22,82.98,住家用,鋼筋混凝土造,83年5月2日,八層,
RPTOMLTKJHLFFEE88CC,22,11.32,住家用,鋼筋混凝土造,83年5月2日,八層,
RPTOMLTKJHLFFEE88CC,22,42.78,見使用執照,鋼筋混凝土造,83年5月2日,八層,
RPOPMLTKJHLFFAE08CC,1,162.29,商業用,鋼骨鋼筋混凝土造,101年10月11日,三十層,
RPOPMLTKJHLFFAE08CC,1,65.68,商業用,鋼骨鋼筋混凝土造,101年10月11日,三十層,
RPOPMLTKJHLFFAE08CC,1,76.08,見其它登記事項,鋼骨鋼筋混凝土造,101年10月11日,三十層,
RPSOMLTKJHLFFGE98CC,44,84.93,住家用,加強磚造,60年8月20日,二層,
RPUOMLTKJHLFFGE56CC,4,182.50,見其他登記事項,鋼筋混凝土造,101年5月2日,十四層,
RPUOMLTKJHLFFGE56CC,4,120.62,見其他登記事項,鋼筋混凝土造,101年5月2日,十四層,
RPVOMLTKJHLFFGE66CC,4,152.89,見其他登記事項,鋼筋混凝土造,101年5月2日,十四層,
RPVOMLTKJHLFFGE66CC,4,91.86,見其他登記事項,鋼筋混凝土造,101年5月2日,十四層,
RPSNMLTKJHLFFDE58CC,42,302.49,,加強磚造,62年9月1日,三層,
RPVNMLKLJHLFFDE08CC,19,232.86,住商用,鋼筋混凝土造,85年11月13日,十四層,
RPVNMLKLJHLFFDE08CC,19,40.62,見使用執照,鋼筋混凝土造,85年11月13日,十四層,
RPTNMLTKJHLFFBE48CC,12,107.56,住家用,鋼筋混凝土造,93年7月5日,十一層,
RPTNMLTKJHLFFBE48CC,12,62.44,見其他登記事項,鋼筋混凝土造,93年7月5日,十四層,
RPXNMLTKJHLFFBE88CC,25,148.78,,鋼筋混凝土造,80年5月22日,十六層,
RPTOMLTKJHLFFFE09DC,17,215.88,住商用,鋼筋混凝土造,86年7月6日,四層,
RPOPMLKLJHLFFGE87CC,36,71.85,住家用,鋼筋混凝土造,68年8月5日,四層,
RPVWMLKLJHLFFEE09CC,4,148.00,商業用,見其它登記事項,101年7月18日,一層,
RPSNMLTKJHLFFBE38CC,22,33.71,住家用,鋼筋混凝土造,82年10月5日,十二層,
RPSNMLTKJHLFFBE38CC,22,12.31,見使用執照,鋼筋混凝土造,82年10月5日,十二層,
RPTONLKLJHLFFEE18CC,26,44.69,見其它登記事項,鋼筋混凝土造,79年3月26日,十九層,
RPRWMLKLJHLFFEE68CC,10,108.39,住家用,鋼筋混凝土造,94年10月12日,十五層,
RPRWMLKLJHLFFEE68CC,10,26.67,見使用執照,鋼筋混凝土造,94年10月12日,十五層,
RPTOMLKLJHLFFDE97CC,40,300.28,,鋼筋混凝土造,63年1月14日,四層,
RPXNMLKLJHLFFDE28CC,43,187.21,,加強磚造,61年11月3日,三層,
RPTNMLKLJHLFFCE77CC,11,264.39,見其它登記事項,鋼筋混凝土造,94年5月4日,十四層,
RPUNMLKLJHLFFCE87CC,17,85.05,住家用,見其它登記事項,88年2月9日,三十九層,
RPUNMLKLJHLFFCE87CC,17,16.54,住家用,見其它登記事項,88年2月9日,三十九層,
RPUNMLKLJHLFFCE87CC,17,41.55,住家用,見其它登記事項,88年2月9日,三十九層,
RPVNMLKLJHLFFCE97CC,21,86.69,住家用,鋼筋混凝土造,83年8月9日,十二層,
RPVNMLKLJHLFFCE97CC,21,42.25,住家用,鋼筋混凝土造,83年8月9日,十二層,
RPOOMLLLJHLFFCE47CC,21,93.31,住家用,鋼筋混凝土造,83年8月9日,十二層,
RPOOMLLLJHLFFCE47CC,21,44.65,住家用,鋼筋混凝土造,83年8月9日,十二層,
RPSOMLTKJHLFFBE48CC,29,141.62,,鋼筋混凝土造,75年7月21日,十二層,
RPQNMLKLJHLFFBE37CC,55,85.96,住家用,加強磚造,50年5月1日,二層,
RPTNMLKLJHLFFBE67CC,12,55.29,住家用,鋼筋混凝土造,92年11月28日,十四層,
RPOOMLKLJHLFFBE27CC,15,221.93,住家用,鋼筋混凝土造,89年11月22日,十四層,
RPQNMLLLJHLFFBE47CC,21,340.73,商業用,鋼筋混凝土造,83年9月29日,十二層,
RPSNMLLLJHLFFBE67CC,57,183.22,,加強磚造,47年7月14日,二層,
RPWOMLLLJHLFFBE18CC,46,232.00,住商用,加強磚造,59年5月6日,四層,
RPVOMLLLJHLFFBE08CC,26,45.88,,鋼筋混凝土造,78年11月9日,十二層,
RPOOMLLLJHLFFBE37CC,22,112.64,,鋼筋混凝土造,80年3月12日,十二層,
RPTNMLKLJHLFFAE57CC,11,148.50,住家用,鋼筋混凝土造,93年12月6日,十四層,
RPRPMLKLJHLFFAE67DC,7,32.67,住家用,鋼筋混凝土造,95年5月19日,十四層,
RPOPMLKLJHLFFAE27CC,8,93.11,住家用,鋼筋混凝土造,95年5月19日,十四層,
RPPOMLKLJHLFFAE27CC,10,59.90,住商用,鋼筋混凝土造,94年12月8日,五層,
RPWNMLLLJHLFFDE28CC,3,189.25,商業用,見其它登記事項,101年12月11日,二層,
RPWOMLMLJHLFFDE48CC,15,96.97,住商用,鋼筋混凝土造,89年10月9日,二十八層,
RPWOMLMLJHLFFDE48CC,15,34.27,見使用執照,鋼筋混凝土造,89年10月9日,二十八層,
RPXOMLMLJHLFFDE58CC,48,67.74,住家用,加強磚造,57年7月15日,二層,
RPRNMLMLJHLFFEE97CC,10,48.69,見使用執照,鋼筋混凝土造,95年4月13日,四層,
RPWPMLMLJHLFFEE68CC,18,128.44,住家用,鋼筋混凝土造,87年1月16日,九層,
RPOOMLMLJHLFFGE97CC,41,14.40,住商用,加強磚造,64年1月10日,三層,
RPVNMLMLJHLFFGE58CC,41,46.00,住商用,加強磚造,64年1月10日,三層,
RPVNMLMLJHLFFIE78CC,37,175.92,住商用,鋼筋混凝土造,68年1月17日,三層,
RPUNMLLLJHLFFIE68DC,6,256.68,見其他登記事項,見其他登記事項,98年12月11日,二層,
RPQOMLMLJHLFFCE77CC,3,31.32,住家用,鋼筋混凝土造,100年1月25日,十五層,
RPROMLMLJHLFFCE87CC,8,70.55,住家用,鋼筋混凝土造,94年12月28日,十五層,
RPTOMLMLJHLFFCE08CC,3,42.36,住家用,鋼筋混凝土造,100年1月25日,十五層,
RPTOMLMLJHLFFCE08CC,3,71.00,住家用,鋼筋混凝土造,100年1月25日,十五層,
RPTOMLMLJHLFFCE08CC,3,26.65,住家用,鋼筋混凝土造,100年1月25日,十五層,
RPWNMLMLJHLFFBE18CC,58,164.74,,加強磚造,46年11月1日,二層,
RPSNMLMLJHLFFBE77CC,37,81.07,,鋼筋混凝土造,68年6月27日,五層,
RPQNMLNLJHLFFBE67CC,19,135.54,住家用,鋼筋混凝土造,86年4月21日,三十五層,
RPWOMLPLJHLFFEE88CC,2,178.20,見其它登記事項,見其它登記事項,100年10月11日,,
RPWOMLPLJHLFFEE88CC,2,146.53,見其它登記事項,見其它登記事項,100年10月11日,,
RPWOMLPLJHLFFEE88CC,2,243.80,見其它登記事項,見其它登記事項,100年10月11日,,
RPWPMLPLJHLFFEE98CC,17,122.20,住家用,見其它登記事項,88年2月2日,十四層,
RPPNMLPLJHLFFCE87CC,19,169.30,住商用,鋼筋混凝土造,86年5月27日,二十七層,
RPPNMLPLJHLFFCE87CC,19,13.47,見使用執照,鋼筋混凝土造,86年5月27日,二十七層,
RPXNMLMLJHLFFBE28CC,14,143.50,見其他登記事項,見其他登記事項,90年3月26日,四十一層,
RPXNMLMLJHLFFBE28CC,14,36.55,住家用,見其他登記事項,90年3月26日,四十一層,
RPXNMLMLJHLFFBE28CC,14,249.29,住家用,見其他登記事項,90年3月26日,四十一層,
RPQQMLPLJHLFFEE48CC,20,109.17,住家用,鋼筋混凝土造,85年2月16日,二十三層,
RPQQMLPLJHLFFEE48CC,20,30.48,見使用執照,鋼筋混凝土造,85年2月16日,二十三層,
RPSNMLQLJHLFFEE48CC,1,64.68,住家用,鋼筋混凝土造,103年11月4日,十五層,
RPSNMLQLJHLFFEE48CC,1,45.62,見其它登記事項,鋼筋混凝土造,103年11月4日,十五層,
RPVNMLPLJHLFFGE88CC,19,16.01,共有部份,鋼筋混凝土造,86年1月17日,十四層,
RPVNMLPLJHLFFGE88CC,19,220.92,住商用,鋼筋混凝土造,86年1月17日,十四層,
RPVNMLPLJHLFFGE88CC,19,41.91,共有部份,鋼筋混凝土造,86年1月17日,十四層,
RPPOMLQLJHLFFDE18CC,34,111.61,,鋼筋混凝土造,70年12月10日,十二層,
RPPOMLQLJHLFFDE18CC,34,.91,,鋼筋混凝土造,70年12月10日,十二層,
RPUNMLQLJHLFFDE58CC,5,178.59,商業用,鋼筋混凝土造,99年11月16日,十二層,
RPUNMLQLJHLFFDE58CC,5,73.79,共有部分,鋼筋混凝土造,99年11月16日,十二層,
RPTNMLQLJHLFFCE38CC,45,89.78,住家用,加強磚造,60年5月10日,二層,
RPWNMLQLJHLFFCE68CC,10,128.94,住家用,鋼筋混凝土造,94年12月28日,十五層,
RPWNMLQLJHLFFCE68CC,9,58.58,共有部份,鋼筋混凝土造,96年5月9日,二十七層,
RPSNMLRLJHLFFBE28CC,19,6.54,住家用,鋼筋混凝土造,83年12月7日,十二層,
RPSNMLRLJHLFFBE28CC,19,24.59,住家用,鋼筋混凝土造,83年12月7日,十二層,
RPXQMLRLJHLFFEE76CC,10,124.89,住家用,鋼筋混凝土造,95年4月10日,十五層,
RPXNMLQLJHLFFCE78CC,38,68.04,,鋼筋混凝土造,65年12月11日,四層,
RPVNMLRLJHLFFBE58CC,28,110.56,,鋼筋混凝土造,76年9月11日,七層,
RPVNMLRLJHLFFCE68CC,37,67.61,,鋼筋混凝土造,65年9月18日,四層,
RPTNMLRLJHLFFBE38CC,19,147.11,住家用,鋼筋混凝土造,86年4月21日,三十五層,
RPPOMLQLJHLFFCE08CC,17,152.06,住家用,見其它登記事項,88年2月9日,三十九層,
RPPOMLQLJHLFFCE08CC,17,49.35,共有部份,見其它登記事項,88年2月9日,三十九層,
RPPOMLQLJHLFFCE08CC,17,34.79,見其它登記事項,見其它登記事項,88年2月9日,三十九層,
RPQRMLRLJHLFFEE78CC,2,50.38,住家用,鋼筋混凝土造,103年3月27日,十五層,
RPQRMLRLJHLFFEE78CC,2,5.87,住家用,鋼筋混凝土造,103年3月27日,十五層,
RPQRMLRLJHLFFEE78CC,2,29.12,見其它登記事項,鋼筋混凝土造,103年3月27日,十五層,
RPVOMLSLJHLFFFE56CC,30,114.40,住商用,加強磚造,74年10月27日,一層,
RPOOMLSLJHLFFBE08CC,3,60.98,住家用,鋼筋混凝土造,102年5月17日,十四層,
RPOOMLSLJHLFFBE08CC,3,29.40,共有部分,鋼筋混凝土造,102年5月17日,十四層,
RPROMLSLJHLFFBE38CC,4,50.59,住家用,鋼筋混凝土造,101年5月9日,十四層,
RPROMLSLJHLFFBE38CC,4,29.12,見其他登記事項,鋼筋混凝土造,101年5月9日,十四層,
RPUNMLRLJHLFFGE09DC,,54.68,見其他登記事項,見其他登記事項,103年3月10日,二層,
RPQOMLSLJHLFFGE78CC,24,112.39,住商用,鋼筋混凝土造,81年4月20日,二層,
RPOOMLTLJHLFFAE08CC,10,161.09,住家用,鋼筋混凝土造,94年8月19日,十四層,
RPSNMLSLJHLFFCE48CC,26,160.89,住家用,鋼筋混凝土造,78年11月28日,四層,
RPRNMLSLJHLFFAE18CC,32,98.01,,鋼筋混凝土造,73年3月27日,五層,
RPVOMLSLJHLFFCE88CC,14,230.13,住商用,鋼筋混凝土造,91年2月22日,三層,
RPTNMLTLJHLFFCE68CC,18,150.57,商業用,鋼筋混凝土造,87年7月14日,二十八層,
RPTNMLTLJHLFFCE68CC,18,67.93,共有部份,鋼筋混凝土造,87年7月14日,二十八層,
RPWNMLTLJHLFFCE98CC,23,71.04,商業用,鋼筋混凝土造,79年12月20日,七層,
RPWNMLTLJHLFFCE98CC,23,14.62,見使用執照,鋼筋混凝土造,79年12月20日,七層,
RPWNMLTLJHLFFCE98CC,23,23.24,見使用執照,鋼筋混凝土造,79年12月20日,七層,
RPROMLSLJHLFFDE58CC,33,114.97,,鋼筋混凝土造,72年4月4日,十二層,
RPXNMLTLJHLFFIE07CC,20,219.48,住家用,鋼筋混凝土造,83年3月18日,五層,
RPXNMLTLJHLFFIE07CC,20,30.64,住家用,鋼筋混凝土造,83年3月18日,五層,
RPXNMLTLJHLFFIE07CC,20,.07,住家用,鋼筋混凝土造,83年3月18日,五層,
RPXOMLSLJHLFFEE66CC,15,600.65,見其它登記事項,見其它登記事項,89年9月7日,三層,
RPVOMLTLJHLFFEE56CC,26,74.08,見其它登記事項,鋼筋混凝土造,79年3月26日,十九層,
RPUPMLTLJHLFFEE56CC,22,105.75,見使用執照,鋼筋混凝土造,81年12月10日,二十層,
RPUPMLTLJHLFFEE56CC,22,60.97,見使用執照,鋼筋混凝土造,81年12月10日,二十層,
RPVPMLTLJHLFFEE66CC,22,104.06,見使用執照,鋼筋混凝土造,81年12月10日,二十層,
RPVPMLTLJHLFFEE66CC,22,47.44,見使用執照,鋼筋混凝土造,81年12月10日,二十層,
RPWNMLKMJHLFFGE58CC,5,102.22,見其他登記事項,見其他登記事項,99年9月9日,三層,
RPWNMLKMJHLFFGE58CC,5,87.24,見其他登記事項,見其他登記事項,99年9月9日,三層,
RPOOMLKMJHLFFDE57CC,21,119.25,住家用,鋼筋混凝土造,83年11月14日,二十三層,
RPOOMLKMJHLFFDE57CC,21,25.67,見使用執照,鋼筋混凝土造,83年11月14日,二十三層,
RPOOMLKMJHLFFDE57CC,21,12.45,見使用執照,鋼筋混凝土造,83年11月14日,二十三層,
RPOOMLKMJHLFFDE57CC,21,9.31,見使用執照,鋼筋混凝土造,83年11月14日,二十三層,
RPROMLKMJHLFFCE77CC,4,63.08,住家用,鋼筋混凝土造,98年12月24日,十九層,
RPROMLKMJHLFFCE77CC,4,33.56,見其它登記事項,鋼筋混凝土造,98年12月24日,十九層,
RPSOMLKMJHLFFCE87CC,7,59.08,住家用,鋼筋混凝土造,95年3月14日,十四層,
RPSOMLKMJHLFFCE87CC,7,49.88,共有部份,鋼筋混凝土造,95年3月14日,十四層,
RPTOMLKMJHLFFCE97CC,8,59.08,住家用,鋼筋混凝土造,95年3月14日,十四層,
RPTOMLKMJHLFFCE97CC,8,25.70,共有部份,鋼筋混凝土造,95年3月14日,十四層,
RPUOMLKMJHLFFCE08CC,15,31.89,住家用,見其它登記事項,88年2月9日,三十九層,
RPUOMLKMJHLFFCE08CC,15,15.58,共有部份,見其它登記事項,88年2月9日,三十九層,
RPVOMLKMJHLFFCE18CC,39,21.45,,鋼筋混凝土造,66年4月18日,三層,
RPWOMLKMJHLFFCE28CC,15,31.89,住家用,見其它登記事項,88年2月9日,三十九層,
RPWOMLKMJHLFFCE28CC,15,15.58,共有部份,見其它登記事項,88年2月9日,三十九層,
RPSNMLKMJHLFFAE57CC,17,141.59,住家用,鋼骨鋼筋混凝土造,85年2月15日,三十五層,
RPSNMLKMJHLFFAE57CC,17,32.66,見使用執照,鋼骨鋼筋混凝土造,85年2月15日,三十五層,
RPPNMLLMJHLFFGE97CC,10,181.77,見其他登記事項,見其他登記事項,95年5月25日,三層,
RPTNMLKMJHLFFBE77CC,23,135.86,商業用,鋼筋混凝土造,82年3月4日,二十八層,
RPTNMLKMJHLFFBE77CC,23,57.38,見使用執照,鋼筋混凝土造,82年3月4日,二十八層,
RPTNMLKMJHLFFBE77CC,23,170.93,商業用,鋼筋混凝土造,82年3月4日,二十八層,
RPTNMLKMJHLFFBE77CC,23,72.40,見使用執照,鋼筋混凝土造,82年3月4日,二十八層,
RPXOMLKMJHLFFCE38CC,8,59.08,住家用,鋼筋混凝土造,95年3月14日,十四層,
RPXOMLKMJHLFFCE38CC,8,49.88,共有部份,鋼筋混凝土造,95年3月14日,十四層,
RPROMLTLJHLFFBE48CC,12,150.01,住家用,鋼骨鋼筋混凝土造,91年3月1日,二十六層,
RPROMLTLJHLFFBE48CC,12,57.94,見其他登記事項,鋼骨鋼筋混凝土造,91年3月1日,二十六層,
RPTNMLTLJHLFFBE58CC,33,75.93,,鋼筋混凝土造,72年3月5日,十二層,
RPTNMLTLJHLFFBE58CC,33,16.98,,鋼筋混凝土造,72年3月5日,十二層,
RPQOMLTLJHLFFBE38CC,13,150.01,住家用,鋼骨鋼筋混凝土造,91年3月1日,二十六層,
RPQOMLTLJHLFFBE38CC,13,57.94,見其他登記事項,鋼骨鋼筋混凝土造,91年3月1日,二十六層,
RPPOMLTLJHLFFBE28CC,6,142.38,住家用,鋼筋混凝土造,96年8月13日,十五層,
RPPOMLTLJHLFFBE28CC,6,67.17,,鋼筋混凝土造,96年8月13日,十五層,
RPRNMLTLJHLFFBE38CC,30,91.42,,鋼筋混凝土造,75年1月15日,五層,
RPRNMLTLJHLFFBE38CC,30,10.85,,鋼筋混凝土造,75年1月15日,五層,
RPVNMLTLJHLFFBE78CC,30,26.97,,鋼筋混凝土造,72年3月5日,十二層,
RPVNMLTLJHLFFBE78CC,30,6.74,,鋼筋混凝土造,72年3月5日,十二層,
