﻿編號,土地區段位置,土地移轉面積平方公尺,使用分區或編定
The serial number,land sector position,land shifting area square meter,the use zoning or compiles and checks
RPQNMLLKJIKFFAX09DA,文光段,4.13,都市：其他
RPRNMLLKJIKFFAX56DA,文光段,2.32,都市：其他
RPVOMLPJJIKFFAX37DA,國宅段,1436.57,非都市：一般農業區 ; 非都市編定：農牧用地
RPTNMLTJJIKFFAX37CA,七美二段,1583.51,非都市：鄉村區 ; 非都市編定：乙種建築用地
RPSNMLTJJIKFFAX27CA,山水北段,127.90,非都市：一般農業區 ; 非都市編定：水利用地
RPPOMLPJJIKFFAX66CA,興仁段,114.17,非都市：鄉村區 ; 非都市編定：乙種建築用地
RPTNMLMKJIKFFAX86DA,興仁段,99.76,非都市：鄉村區 ; 非都市編定：乙種建築用地
RPVNMLPJJIKFFAX27DA,文光段,4.30,都市：其他
RPXNMLPJJIKFFAX47DA,文光段,3.09,都市：其他
RPOOMLPJJIKFFAX66DA,文光段,13.87,都市：其他
RPWNMLPJJIKFFAX37DA,文光段,124.79,都市：其他
RPWNMLPJJIKFFAX37DA,文光段,12.17,都市：其他
RPPNMLKLJIKFFAX98DA,許家段,17.58,非都市：一般農業區 ; 非都市編定：甲種建築用地
RPUNMLTJJIKFFAX57DA,後寮段,199.00,非都市：一般農業區 ; 非都市編定：農牧用地
RPUNMLTJJIKFFAX57DA,後寮段,10.00,非都市：一般農業區 ; 非都市編定：交通用地
RPQNMLTJJIKFFAX07CA,鐵線段,278.45,非都市：一般農業區 ; 非都市編定：農牧用地
RPQNMLTJJIKFFAX07CA,鐵線段,195.51,非都市：一般農業區 ; 非都市編定：農牧用地
RPSNMLLKJIKFFAX66DA,文光段,2.32,都市：其他
RPQNMLMKJIKFFAX09CA,埕西段,114.94,都市：住
RPPOMLRKJIKFFAX96CA,五德西段,87.04,非都市：一般農業區 ; 非都市編定：農牧用地
RPUNMLKKJIKFFAX66CA,紅羅段,284.72,非都市：一般農業區 ; 非都市編定：農牧用地
RPQOMLNLJIKFFAX96EA,興仁段,57.08,非都市：鄉村區 ; 非都市編定：乙種建築用地
RPSNMLMKJIKFFAX66CA,望安段,85.31,非都市：鄉村區 ; 非都市編定：乙種建築用地
RPSNMLMKJIKFFAX66CA,望安段,37.17,非都市：鄉村區 ; 非都市編定：乙種建築用地
RPTNMLOLJIKFFAX07CA,望安段,36.56,非都市：鄉村區 ; 非都市編定：乙種建築用地
RPTNMLOLJIKFFAX07CA,望安段,37.17,非都市：鄉村區 ; 非都市編定：乙種建築用地
RPVNMLKKJIKFFAX76CA,埕東段,1.12,都市：住
RPVNMLKKJIKFFAX76CA,埕東段,27.41,都市：住
RPTNMLTKJIKFFAX47CA,馬公段,36.16,都市：住
RPSNMLTKJIKFFAX37CA,文寮段,2.99,都市：住
RPPNMLTJJIKFFAX17EA,馬公段,7.65,都市：住
RPSNMLTKJIKFFAX37CA,文寮段,14.16,都市：住
RPSNMLTKJIKFFAX37CA,文寮段,9.72,都市：住
RPPNMLTJJIKFFAX17EA,馬公段,2.45,都市：住
RPTNMLKKJIKFFAX56CA,沙港南段,718.63,非都市：一般農業區 ; 非都市編定：農牧用地
RPRNMLTJJIKFFAX17CA,五福段,24.70,非都市：鄉村區 ; 非都市編定：乙種建築用地
RPRNMLTJJIKFFAX17CA,五福段,16.01,非都市：鄉村區 ; 非都市編定：乙種建築用地
RPPNMLRLJIKFFAX96CA,五福段,452.37,非都市：一般農業區 ; 非都市編定：農牧用地
RPTNMLLKJIKFFAX76DA,文光段,5.81,都市：其他
RPVNMLLKJIKFFAX96DA,文光段,3.97,都市：其他
RPWNMLLKJIKFFAX07DA,文光段,4.24,都市：其他
RPUNMLLKJIKFFAX86DA,文光段,2.49,都市：其他
RPUNMLLKJIKFFAX86DA,文光段,3.25,都市：其他
RPRNMLKKJIKFFAX98CA,馬公段,36.25,都市：住
RPSNMLKKJIKFFAX09CA,沙港南段,522.21,非都市：一般農業區 ; 非都市編定：農牧用地
RPSNMLKKJIKFFAX09CA,沙港南段,60.29,非都市：一般農業區 ; 非都市編定：交通用地
RPSNMLKKJIKFFAX09CA,沙港南段,35.24,非都市：一般農業區 ; 非都市編定：交通用地
RPRNMLMKJIKFFAX56CA,馬公段,50.00,都市：商
RPPNMLMKJIKFFAX98CA,馬公段,35.00,都市：住
RPPNMLMKJIKFFAX98CA,馬公段,28.80,都市：住
RPTNMLNKJIKFFAX86CA,興崁段,773.36,非都市：一般農業區 ; 非都市編定：農牧用地
RPQOMLRKJIKFFAX07CA,六合段,24.65,非都市：一般農業區 ; 非都市編定：交通用地
RPQOMLRKJIKFFAX07CA,六合段,218.18,非都市：一般農業區 ; 非都市編定：農牧用地
RPSOMLRKJIKFFAX27CA,隘門新段,734.34,非都市：一般農業區 ; 非都市編定：農牧用地
RPSOMLRKJIKFFAX27CA,隘門新段,829.64,非都市：風景區 ; 非都市編定：農牧用地
RPVOMLRKJIKFFAX57CA,沙港北段,150.83,非都市：鄉村區 ; 非都市編定：乙種建築用地
RPVOMLRKJIKFFAX57CA,沙港北段,42.83,非都市：鄉村區 ; 非都市編定：乙種建築用地
RPUOMLRKJIKFFAX47CA,鎮海新段,685.62,非都市：風景區 ; 非都市編定：農牧用地
RPPNMLNKJIKFFAX56DA,光華段,53.04,非都市：鄉村區 ; 非都市編定：乙種建築用地
RPRNMLNKJIKFFAX76DA,光華段,51.31,非都市：鄉村區 ; 非都市編定：乙種建築用地
RPRNMLRKJIKFFAX07CA,講美段,476.61,非都市：一般農業區 ; 非都市編定：農牧用地
RPVNMLOLJIKFFAX47EA,竹灣段,370.91,非都市：森林區 ; 非都市編定：農牧用地
RPXNMLOLJIKFFAX47CA,龍門西段,210.41,非都市：鄉村區 ; 非都市編定：乙種建築用地
RPPNMLQKJIKFFAX96EA,鐵線段,721.82,非都市：一般農業區 ; 非都市編定：農牧用地
RPSNMLNKJIKFFAX96EA,許家段,252.92,非都市：一般農業區 ; 非都市編定：農牧用地
RPWNMLRKJIKFFAX67DA,大池角段,44.00,非都市：鄉村區 ; 非都市編定：乙種建築用地
RPWNMLRKJIKFFAX67DA,大池角段,184.00,非都市：鄉村區 ; 非都市編定：乙種建築用地
RPRNMLQKJIKFFAX96CA,光榮段,81.90,都市：住
RPSNMLRKJIKFFAX27DA,文光段,1.51,都市：其他
RPQNMLQKJIKFFAX96DA,馬公段,16.33,都市：商
RPXNMLRKJIKFFAX67CA,山水南段,420.93,非都市：鄉村區 ; 非都市編定：乙種建築用地
RPTNMLQKJIKFFAX17CA,五德東段,230.21,非都市：一般農業區 ; 非都市編定：農牧用地
RPTNMLQKJIKFFAX17CA,五德東段,118.04,非都市：一般農業區 ; 非都市編定：交通用地
RPOOMLOLJIKFFAX66CA,中西段,307.55,非都市：一般農業區 ; 非都市編定：農牧用地
RPOOMLOLJIKFFAX66CA,沙港東段,528.72,非都市：一般農業區 ; 非都市編定：農牧用地
RPOOMLOLJIKFFAX66CA,沙港東段,609.95,非都市：一般農業區 ; 非都市編定：農牧用地
RPOOMLOLJIKFFAX66CA,沙港東段,290.36,非都市：一般農業區 ; 非都市編定：農牧用地
RPSNMLQKJIKFFAX07CA,中山段,78.10,都市：住
RPSNMLQKJIKFFAX07CA,中山段,1.89,都市：農
RPSNMLQKJIKFFAX07CA,中山段,152.18,都市：農
RPSNMLQKJIKFFAX07CA,中山段,9.10,都市：其他
RPSNMLQKJIKFFAX07CA,中山段,35.84,都市：住
RPTOMLRKJIKFFAX37CA,鐵線段,303.10,非都市：一般農業區 ; 非都市編定：農牧用地
RPTOMLRKJIKFFAX37CA,鐵線段,303.10,非都市：一般農業區 ; 非都市編定：農牧用地
RPTOMLRKJIKFFAX37CA,鐵線段,565.10,非都市：一般農業區 ; 非都市編定：農牧用地
RPTOMLRKJIKFFAX37CA,鐵線段,565.10,非都市：一般農業區 ; 非都市編定：農牧用地
RPTOMLRKJIKFFAX37CA,鐵線段,246.08,非都市：一般農業區 ; 非都市編定：農牧用地
RPTOMLRKJIKFFAX37CA,鐵線段,246.08,非都市：一般農業區 ; 非都市編定：農牧用地
RPTNMLNLJIKFFAX96CA,文光段,25.52,都市：住
RPTNMLNLJIKFFAX96CA,文光段,3.30,都市：住
RPVOMLNLJIKFFAX27CA,七美二段,60.28,非都市：一般農業區 ; 非都市編定：農牧用地
RPUNMLOJKIKFFAX07CA,文東段,150.49,非都市：一般農業區 ; 非都市編定：甲種建築用地
RPUNMLOJKIKFFAX07CA,文東段,44.56,非都市：一般農業區 ; 非都市編定：交通用地
RPRNMLNJKIKFFAX76DA,興仁段,2134.70,非都市：一般農業區 ; 非都市編定：農牧用地
RPTNMLRKJIKFFAX37DA,文光段,12.08,都市：其他
RPRNMLOLJIKFFAX96DA,興仁段,57.08,非都市：鄉村區 ; 非都市編定：乙種建築用地
RPRNMLLJKIKFFAX09CA,文寮段,7.05,都市：住
RPRNMLLJKIKFFAX09CA,文寮段,584.90,都市：住
RPVNMLOJKIKFFAX17CA,文東段,152.08,非都市：一般農業區 ; 非都市編定：甲種建築用地
RPVNMLOJKIKFFAX17CA,文東段,44.56,非都市：一般農業區 ; 非都市編定：交通用地
RPUNMLTKJIKFFAX77EA,馬公段,1.20,都市：商
RPUNMLTKJIKFFAX77EA,馬公段,6.55,都市：商
RPUNMLTKJIKFFAX77EA,馬公段,.50,都市：商
RPVNMLTKJIKFFAX87EA,北澳段,51.77,非都市：鄉村區 ; 非都市編定：乙種建築用地
RPSNMLKMJIKFFAX66CA,文寮段,302.38,非都市：一般農業區 ; 非都市編定：農牧用地
RPPNMLNLJIKFFAX76EA,中屯新,156.25,非都市：鄉村區 ; 非都市編定：乙種建築用地
RPSNMLLJKIKFFAX56CA,文寮段,278.64,都市：住
RPPOMLNLJIKFFAX66CA,埕西段,5.39,都市：住
RPROMLNLJIKFFAX86CA,竹灣段,294.12,非都市：一般農業區 ; 非都市編定：農牧用地
RPQNMLMJKIKFFAX09CA,太武西段,1028.03,非都市：一般農業區 ; 非都市編定：農牧用地
RPQNMLPKKIKFFAX07EA,西溪新段,1510.53,非都市：一般農業區 ; 非都市編定：農牧用地
RPQNMLPKKIKFFAX07EA,西溪新段,87.32,非都市：鄉村區 ; 非都市編定：乙種建築用地
RPWNMLTKJIKFFAX77CA,山水東段,194.11,非都市：一般農業區 ; 非都市編定：農牧用地
RPPNMLPKKIKFFAX96EA,東澳段,52.69,都市：住
RPPNMLTKJIKFFAX07CA,中屯新,61.36,非都市：鄉村區 ; 非都市編定：乙種建築用地
RPQNMLSKJIKFFAX07CA,文東段,226.36,非都市：一般農業區 ; 非都市編定：農牧用地
RPQNMLSKJIKFFAX07CA,文東段,5.23,非都市：一般農業區 ; 非都市編定：交通用地
RPOOMLTKJIKFFAX07CA,文化段,406.16,都市：住
RPPOMLTKJIKFFAX17CA,馬公段,11.00,都市：商
RPPOMLTKJIKFFAX17CA,馬公段,11.00,都市：商
RPXNMLTKJIKFFAX87CA,尖山南段,2279.22,非都市：一般農業區 ; 非都市編定：農牧用地
RPSNMLRJKIKFFAX27DA,尖山中段,315.83,非都市：一般農業區 ; 非都市編定：甲種建築用地
RPSNMLRJKIKFFAX27DA,尖山中段,95.08,非都市：一般農業區 ; 非都市編定：交通用地
RPWNMLOJKIKFFAX27CA,鼎灣新段,1065.12,非都市：一般農業區 ; 非都市編定：農牧用地
RPQOMLTKJIKFFAX27CA,烏崁新段,493.42,非都市：特定專用區 ; 非都市編定：國土保安用地
SPPOMLOLJIKFFAX96DA,五福段,1706.51,非都市：一般農業區 ; 非都市編定：農牧用地
RPPOMLOLJIKFFAX86DA,四維段,676.91,非都市：一般農業區 ; 非都市編定：農牧用地
RPTNMLMJKIKFFAX86DA,興仁段,225.07,非都市：一般農業區 ; 非都市編定：農牧用地
RPTNMLRJKIKFFAX37DA,沙港北段,406.95,非都市：一般農業區 ; 非都市編定：農牧用地
RPRNMLPLJIKFFAX96CA,光華段,69.48,非都市：一般農業區 ; 非都市編定：甲種建築用地
RPUOMLNLJIKFFAX27DA,安宅段,548.02,非都市：一般農業區 ; 非都市編定：農牧用地
RPUNMLOLJIKFFAX17CA,五福段,358.20,非都市：一般農業區 ; 非都市編定：農牧用地
RPSOMLNLJIKFFAX96CA,文寮段,238.54,都市：農
RPSNMLOLJIKFFAX17EA,北寮新段,68.02,非都市：鄉村區 ; 非都市編定：乙種建築用地
RPTOMLNLJIKFFAX07CA,山水南段,292.85,非都市：鄉村區 ; 非都市編定：乙種建築用地
RPQOMLNLJIKFFAX86DA,埕西段,216.64,都市：住
RPPNMLMJKIKFFAX98CA,緝馬灣段,301.00,非都市：森林區 ; 非都市編定：農牧用地
RPRNMLRLJIKFFAX17CA,岐頭段,570.00,非都市：一般農業區 ; 非都市編定：農牧用地
RPRNMLRLJIKFFAX17CA,岐頭段,814.40,非都市：一般農業區 ; 非都市編定：農牧用地
RPOOMLNLJIKFFAX56CA,東澳段,126.87,都市：住
RPPNMLPLJIKFFAX76CA,二崁南段,2.46,都市：其他
RPQNMLPLJIKFFAX86CA,二崁南段,8.46,都市：其他
RPQNMLPLJIKFFAX86CA,二崁南段,481.64,都市：其他
RPQNMLPLJIKFFAX86CA,二崁南段,15.22,都市：其他
RPQNMLQLJIKFFAX96CA,青螺新段,110.11,非都市：鄉村區 ; 非都市編定：乙種建築用地
RPPNMLKMJIKFFAX98CA,文石段,88.69,非都市：一般農業區 ; 非都市編定：甲種建築用地
RPPNMLKMJIKFFAX98CA,文石段,15.73,非都市：一般農業區 ; 非都市編定：交通用地
RPPNMLQLJIKFFAX86CA,馬公段,86.00,都市：住
RPXNMLOJKIKFFAX37CA,文光段,12.68,都市：住
RPXNMLOJKIKFFAX37CA,文光段,12.68,都市：住
RPXNMLOJKIKFFAX37CA,文光段,1.64,都市：住
RPXNMLOJKIKFFAX37CA,文光段,1.64,都市：住
RPSNMLPKKIKFFAX07CA,興崁段,365.59,非都市：一般農業區 ; 非都市編定：農牧用地
RPSNMLPKKIKFFAX07CA,興崁段,284.95,非都市：一般農業區 ; 非都市編定：農牧用地
RPSNMLPKKIKFFAX07CA,興崁段,132.81,非都市：一般農業區 ; 非都市編定：農牧用地
RPSNMLPKKIKFFAX07CA,興崁段,149.41,非都市：一般農業區 ; 非都市編定：農牧用地
RPPNMLMKKIKFFAX09CA,吉貝東段,29.13,非都市：鄉村區 ; 非都市編定：乙種建築用地
RPPNMLMKKIKFFAX09CA,吉貝東段,29.13,非都市：鄉村區 ; 非都市編定：乙種建築用地
RPWNMLOLJIKFFAX57EA,沙港北段,341.52,非都市：一般農業區 ; 非都市編定：農牧用地
RPPNMLTJKIKFFAX07CA,四維段,65.97,非都市：鄉村區 ; 非都市編定：乙種建築用地
RPRNMLPKKIKFFAX96CA,文光段,27.04,都市：住
RPXNMLMJKIKFFAX17CA,大嶼段,194.00,非都市：一般農業區 ; 非都市編定：甲種建築用地
RPXNMLMJKIKFFAX17CA,大嶼段,127.00,非都市：一般農業區 ; 非都市編定：農牧用地
RPXNMLMJKIKFFAX17CA,大嶼段,89.00,非都市：一般農業區 ; 非都市編定：交通用地
RPTNMLPKKIKFFAX17CA,興崁段,60.93,非都市：一般農業區 ; 非都市編定：農牧用地
RPTNMLPKKIKFFAX17CA,興崁段,47.49,非都市：一般農業區 ; 非都市編定：農牧用地
RPTNMLPKKIKFFAX17CA,興崁段,22.13,非都市：一般農業區 ; 非都市編定：農牧用地
RPTNMLPKKIKFFAX17CA,興崁段,24.90,非都市：一般農業區 ; 非都市編定：農牧用地
RPPNMLOJKIKFFAX56CA,興崁段,1424.83,非都市：一般農業區 ; 非都市編定：農牧用地
RPTNMLKMJIKFFAX86DA,沙港南段,1739.00,非都市：一般農業區 ; 非都市編定：農牧用地
RPRNMLOJKIKFFAX86DA,文光段,19.77,都市：其他
SPPNMLSJKIKFFAX07CA,赤崁中段,2.01,非都市：一般農業區 ; 非都市編定：農牧用地
RPPNMLSJKIKFFAX96CA,中西段,1.85,非都市：一般農業區 ; 非都市編定：農牧用地
RPOOMLOJKIKFFAX56CA,成功南段,206.38,非都市：一般農業區 ; 非都市編定：農牧用地
RPOOMLOJKIKFFAX56CA,成功南段,179.20,非都市：一般農業區 ; 非都市編定：農牧用地
RPOOMLOJKIKFFAX56CA,成功南段,176.17,非都市：一般農業區 ; 非都市編定：農牧用地
RPOOMLOJKIKFFAX56CA,成功南段,198.45,非都市：一般農業區 ; 非都市編定：農牧用地
RPWNMLKMJIKFFAX07CA,春暉段,70.55,都市：住
RPVNMLKMJIKFFAX96CA,龍門西段,1157.60,非都市：一般農業區 ; 非都市編定：農牧用地
RPUNMLKMJIKFFAX86CA,安宅段,1610.27,非都市：一般農業區 ; 非都市編定：農牧用地
RPPOMLOJKIKFFAX66CA,湖西北段,7.41,非都市：一般農業區 ; 非都市編定：交通用地
RPPOMLOJKIKFFAX66CA,湖西北段,7.41,非都市：一般農業區 ; 非都市編定：交通用地
RPPOMLOJKIKFFAX66CA,湖西北段,275.40,非都市：一般農業區 ; 非都市編定：農牧用地
RPPOMLOJKIKFFAX66CA,湖西北段,280.38,非都市：一般農業區 ; 非都市編定：農牧用地
RPQNMLRLJIKFFAX07CA,文寮段,171.35,非都市：一般農業區 ; 非都市編定：甲種建築用地
RPQNMLRLJIKFFAX07CA,文寮段,54.75,非都市：一般農業區 ; 非都市編定：交通用地
RPRNMLKMJIKFFAX76EA,文石段,40.08,非都市：一般農業區 ; 非都市編定：農牧用地
RPPNMLLJKIKFFAX98DA,鐵線段,139.22,非都市：一般農業區 ; 非都市編定：農牧用地
RPPNMLLJKIKFFAX98DA,鐵線段,97.76,非都市：一般農業區 ; 非都市編定：農牧用地
RPQNMLLJKIKFFAX98CA,六合段,2163.28,非都市：一般農業區 ; 非都市編定：農牧用地
RPQNMLOJKIKFFAX86EA,文光段,25.19,都市：住
RPQNMLOJKIKFFAX86EA,文光段,3.26,都市：住
RPUNMLMJKIKFFAX86CA,中屯新,582.45,非都市：一般農業區 ; 非都市編定：農牧用地
RPRNMLMJKIKFFAX56CA,五福段,1014.58,非都市：一般農業區 ; 非都市編定：農牧用地
RPUNMLNJKIKFFAX07DA,太武新段,713.70,非都市：一般農業區 ; 非都市編定：農牧用地
RPUNMLNJKIKFFAX07DA,隘門新段,1426.43,非都市：風景區 ; 非都市編定：農牧用地
RPVNMLNJKIKFFAX17DA,花宅段,209.00,非都市：鄉村區 ; 非都市編定：乙種建築用地
RPVNMLNJKIKFFAX17DA,花宅段,92.00,非都市：鄉村區 ; 非都市編定：乙種建築用地
RPSNMLOJKIKFFAX96DA,馬公段,6.00,都市：其他
RPUNMLPKKIKFFAX27CA,馬公段,44.31,都市：住
RPWNMLMJKIKFFAX27EA,井垵西段,39.05,非都市：一般農業區 ; 非都市編定：交通用地
RPVNMLMJKIKFFAX96CA,湖西南段,491.80,非都市：鄉村區 ; 非都市編定：乙種建築用地
RPRNMLRJKIKFFAX07CA,井垵西段,446.02,非都市：一般農業區 ; 非都市編定：農牧用地
RPTNMLOJKIKFFAX96CA,文石段,742.07,非都市：一般農業區 ; 非都市編定：農牧用地
RPTNMLOJKIKFFAX96CA,文石段,577.44,非都市： ; 非都市編定：
RPWNMLNJKIKFFAX17CA,五福段,162.62,非都市：一般農業區 ; 非都市編定：甲種建築用地
RPWNMLNJKIKFFAX17CA,五福段,34.38,非都市：一般農業區 ; 非都市編定：交通用地
RPUNMLRJKIKFFAX47DA,光榮段,247.03,都市：住
RPPNMLRJKIKFFAX86CA,馬公段,9.00,都市：住
RPQOMLOJKIKFFAX76CA,文石段,760.78,非都市：一般農業區 ; 非都市編定：農牧用地
RPPNMLQJKIKFFAX76CA,大嶼段,1377.00,非都市：一般農業區 ; 非都市編定：農牧用地
RPSNMLNJKIKFFAX86DA,山水西段,400.17,非都市：一般農業區 ; 非都市編定：農牧用地
RPROMLOJKIKFFAX86CA,大池角段,310.00,非都市：一般農業區 ; 非都市編定：農牧用地
RPROMLOJKIKFFAX86CA,大池角段,310.00,非都市：一般農業區 ; 非都市編定：農牧用地
RPROMLOJKIKFFAX86CA,大池角段,310.00,非都市：一般農業區 ; 非都市編定：農牧用地
RPROMLOJKIKFFAX86CA,大池角段,310.00,非都市：一般農業區 ; 非都市編定：農牧用地
RPROMLOJKIKFFAX86CA,大池角段,311.00,非都市：一般農業區 ; 非都市編定：農牧用地
RPROMLOJKIKFFAX86CA,大池角段,311.00,非都市：一般農業區 ; 非都市編定：農牧用地
RPROMLOJKIKFFAX86CA,大池角段,311.00,非都市：一般農業區 ; 非都市編定：農牧用地
RPTNMLNJKIKFFAX07EA,四維段,61.55,非都市：鄉村區 ; 非都市編定：乙種建築用地
RPQNMLTJKIKFFAX17CA,埕東段,49.90,都市：商
RPSNMLTJKIKFFAX37CA,興崁段,151.15,非都市：一般農業區 ; 非都市編定：甲種建築用地
RPSNMLTJKIKFFAX37CA,興崁段,6.76,非都市：一般農業區 ; 非都市編定：交通用地
RPUNMLKLKIKFFAX96DA,山水北段,221.38,非都市：一般農業區 ; 非都市編定：甲種建築用地
RPUNMLKLKIKFFAX96DA,山水北段,12.58,非都市：一般農業區 ; 非都市編定：交通用地
RPQNMLRJKIKFFAX96CA,光華段,64.24,非都市：一般農業區 ; 非都市編定：甲種建築用地
RPSOMLOJKIKFFAX96CA,東澳段,77.09,都市：住
RPTNMLKKKIKFFAX66CA,五德西段,223.03,非都市：鄉村區 ; 非都市編定：乙種建築用地
RPTNMLKKKIKFFAX66CA,五德西段,364.85,非都市：鄉村區 ; 非都市編定：乙種建築用地
RPUNMLKKKIKFFAX76CA,五福段,419.91,非都市：一般農業區 ; 非都市編定：農牧用地
RPVNMLKKKIKFFAX86CA,國宅段,112.01,都市：住
RPSNMLKKKIKFFAX56CA,五德西段,248.48,非都市：鄉村區 ; 非都市編定：乙種建築用地
RPQNMLOKKIKFFAX86DA,成功南段,680.11,非都市：一般農業區 ; 非都市編定：農牧用地
RPUNMLLMKIKFFAX07CA,大嶼段,248.67,非都市：一般農業區 ; 非都市編定：農牧用地
RPUNMLLMKIKFFAX07CA,大嶼段,129.00,非都市：一般農業區 ; 非都市編定：甲種建築用地
RPUNMLLMKIKFFAX07CA,大嶼段,40.67,非都市：一般農業區 ; 非都市編定：交通用地
RPUNMLLMKIKFFAX07CA,大嶼段,197.33,非都市：一般農業區 ; 非都市編定：農牧用地
RPUNMLLMKIKFFAX07CA,大嶼段,863.33,非都市：一般農業區 ; 非都市編定：農牧用地
RPPPMLQKKIKFFAX17DA,北澳段,44.10,非都市：鄉村區 ; 非都市編定：乙種建築用地
RPVNMLRJKIKFFAX57DA,文澳段,50.43,都市：住
RPRNMLKKKIKFFAX09CA,東澳段,111.90,都市：住
RPQNMLRKKIKFFAX17DA,東衛段,18.70,非都市：一般農業區 ; 非都市編定：農牧用地
RPQPMLTLKIKFFAX57CA,山水北段,33.93,非都市：一般農業區 ; 非都市編定：農牧用地
RPQPMLTLKIKFFAX57CA,山水北段,33.93,非都市：一般農業區 ; 非都市編定：農牧用地
RPQPMLTLKIKFFAX57CA,山水北段,33.93,非都市：一般農業區 ; 非都市編定：農牧用地
RPQPMLTLKIKFFAX57CA,山水北段,113.09,非都市：一般農業區 ; 非都市編定：農牧用地
RPQPMLTLKIKFFAX57CA,山水北段,33.93,非都市：一般農業區 ; 非都市編定：農牧用地
RPQPMLTLKIKFFAX57CA,山水北段,33.93,非都市：一般農業區 ; 非都市編定：農牧用地
RPQPMLTLKIKFFAX57CA,山水北段,33.93,非都市：一般農業區 ; 非都市編定：農牧用地
RPQPMLTLKIKFFAX57CA,山水北段,113.08,非都市：一般農業區 ; 非都市編定：農牧用地
RPQPMLTLKIKFFAX57CA,山水北段,46.10,非都市：一般農業區 ; 非都市編定：農牧用地
RPQPMLTLKIKFFAX57CA,山水北段,46.10,非都市：一般農業區 ; 非都市編定：農牧用地
RPQPMLTLKIKFFAX57CA,山水北段,46.10,非都市：一般農業區 ; 非都市編定：農牧用地
RPQPMLTLKIKFFAX57CA,山水北段,153.67,非都市：一般農業區 ; 非都市編定：農牧用地
RPQPMLTLKIKFFAX57CA,山水南段,111.67,非都市：一般農業區 ; 非都市編定：農牧用地
RPQPMLTLKIKFFAX57CA,山水南段,111.67,非都市：一般農業區 ; 非都市編定：農牧用地
RPQPMLTLKIKFFAX57CA,山水南段,111.67,非都市：一般農業區 ; 非都市編定：農牧用地
RPQPMLTLKIKFFAX57CA,山水南段,372.23,非都市：一般農業區 ; 非都市編定：農牧用地
RPWOMLQKKIKFFAX77DA,東衛段,6.28,非都市：一般農業區 ; 非都市編定：農牧用地
RPPNMLLLKIKFFAX56DA,文石段,450.62,非都市：鄉村區 ; 非都市編定：乙種建築用地
RPPNMLLLKIKFFAX56DA,文石段,359.68,非都市：鄉村區 ; 非都市編定：乙種建築用地
RPTNMLQKKIKFFAX37DA,東衛段,335.08,非都市：一般農業區 ; 非都市編定：農牧用地
RPTNMLQKKIKFFAX37DA,東衛段,1075.04,非都市：一般農業區 ; 非都市編定：農牧用地
RPQOMLQKKIKFFAX17DA,東衛段,771.01,非都市：一般農業區 ; 非都市編定：農牧用地
RPSOMLQKKIKFFAX37DA,東衛段,40.51,非都市：一般農業區 ; 非都市編定：農牧用地
RPROMLQKKIKFFAX27DA,東衛段,139.85,非都市：一般農業區 ; 非都市編定：農牧用地
RPROMLQKKIKFFAX27DA,東衛段,188.68,非都市：一般農業區 ; 非都市編定：農牧用地
RPROMLQKKIKFFAX27DA,東衛段,5.93,非都市：一般農業區 ; 非都市編定：農牧用地
RPTOMLQKKIKFFAX47DA,東衛段,18.70,非都市：一般農業區 ; 非都市編定：農牧用地
RPUOMLQKKIKFFAX57DA,東衛段,49.95,非都市：一般農業區 ; 非都市編定：農牧用地
RPUOMLQKKIKFFAX57DA,東衛段,130.56,非都市：一般農業區 ; 非都市編定：農牧用地
RPUOMLQKKIKFFAX57DA,東衛段,67.38,非都市：一般農業區 ; 非都市編定：農牧用地
RPUOMLQKKIKFFAX57DA,東衛段,2.12,非都市：一般農業區 ; 非都市編定：農牧用地
RPQNMLSJKIKFFAX27EA,通梁中段,41.14,都市：住
RPRNMLTJKIKFFAX27CA,五福段,59.00,非都市：一般農業區 ; 非都市編定：交通用地
RPRNMLTJKIKFFAX27CA,五福段,172.45,非都市：一般農業區 ; 非都市編定：甲種建築用地
RPPNMLKKKIKFFAX88CA,光華段,5176.39,非都市：一般農業區 ; 非都市編定：農牧用地
RPPNMLQKKIKFFAX96DA,東衛段,18.70,非都市：一般農業區 ; 非都市編定：農牧用地
RPPNMLTLKIKFFAX27CA,山水北段,1445.70,非都市：一般農業區 ; 非都市編定：農牧用地
RPPNMLTLKIKFFAX27CA,山水北段,127.90,非都市：一般農業區 ; 非都市編定：農牧用地
RPQNMLKKKIKFFAX98CA,五福段,244.07,非都市：一般農業區 ; 非都市編定：農牧用地
RPRNMLQKKIKFFAX17DA,東衛段,247.96,非都市：一般農業區 ; 非都市編定：農牧用地
RPRNMLQKKIKFFAX17DA,東衛段,159.56,非都市：一般農業區 ; 非都市編定：農牧用地
RPPNMLOKKIKFFAX66CA,南寮北段,495.77,非都市：一般農業區 ; 非都市編定：農牧用地
RPPNMLOKKIKFFAX66CA,南寮北段,514.59,非都市：一般農業區 ; 非都市編定：農牧用地
RPXNMLKLKIKFFAX17CA,後寮段,276.50,非都市：一般農業區 ; 非都市編定：農牧用地
RPXNMLKLKIKFFAX17CA,後寮段,276.50,非都市：一般農業區 ; 非都市編定：農牧用地
RPQNMLOLKIKFFAX86CA,後寮段,242.00,非都市：一般農業區 ; 非都市編定：農牧用地
RPQNMLOLKIKFFAX86CA,後寮段,286.00,非都市：一般農業區 ; 非都市編定：農牧用地
RPQNMLOLKIKFFAX86CA,後寮段,359.00,非都市：一般農業區 ; 非都市編定：農牧用地
RPQNMLOLKIKFFAX86CA,後寮段,320.00,非都市：一般農業區 ; 非都市編定：農牧用地
RPQNMLOLKIKFFAX86CA,後寮段,238.00,非都市：一般農業區 ; 非都市編定：農牧用地
RPTOMLTLKIKFFAX87DA,鐵線段,417.67,非都市：一般農業區 ; 非都市編定：農牧用地
RPPNMLLKKIKFFAX56EA,沙港北段,19.46,非都市：鄉村區 ; 非都市編定：乙種建築用地
RPUNMLQKKIKFFAX47DA,東衛段,80.02,非都市：一般農業區 ; 非都市編定：農牧用地
RPQNMLQKKIKFFAX07DA,東衛段,28.05,非都市：一般農業區 ; 非都市編定：農牧用地
RPVNMLQKKIKFFAX57DA,東衛段,139.85,非都市：一般農業區 ; 非都市編定：農牧用地
RPVNMLQKKIKFFAX57DA,東衛段,188.68,非都市：一般農業區 ; 非都市編定：農牧用地
RPVNMLQKKIKFFAX57DA,東衛段,5.93,非都市：一般農業區 ; 非都市編定：農牧用地
RPSNMLQKKIKFFAX27DA,東衛段,1.24,非都市：一般農業區 ; 非都市編定：農牧用地
RPOPMLQKKIKFFAX07DA,東衛段,6.28,非都市：一般農業區 ; 非都市編定：農牧用地
RPUNMLRKKIKFFAX57DA,東衛段,373.82,非都市：一般農業區 ; 非都市編定：農牧用地
RPWNMLRKKIKFFAX77DA,東衛段,856.83,非都市：一般農業區 ; 非都市編定：農牧用地
RPVNMLRKKIKFFAX67DA,東衛段,612.65,非都市：一般農業區 ; 非都市編定：農牧用地
RPVPMLRLKIKFFAX97DA,國宅段,116.93,都市：住
RPUPMLRLKIKFFAX87DA,國宅段,126.25,都市：住
RPTPMLRLKIKFFAX77DA,國宅段,127.41,都市：住
RPWPMLRLKIKFFAX08DA,國宅段,116.50,都市：住
RPSPMLRLKIKFFAX67DA,國宅段,120.33,都市：住
RPRNMLRLKIKFFAX37DA,山水南段,44.55,非都市：鄉村區 ; 非都市編定：乙種建築用地
RPOQMLRLKIKFFAX37DA,國宅段,105.64,都市：住
RPQNMLLKKIKFFAX66EA,沙港北段,13.39,非都市：鄉村區 ; 非都市編定：乙種建築用地
RPXNMLQKKIKFFAX77DA,東衛段,87.41,非都市：一般農業區 ; 非都市編定：農牧用地
RPXNMLQKKIKFFAX77DA,東衛段,228.48,非都市：一般農業區 ; 非都市編定：農牧用地
RPXNMLQKKIKFFAX77DA,東衛段,117.92,非都市：一般農業區 ; 非都市編定：農牧用地
RPXNMLQKKIKFFAX77DA,東衛段,3.71,非都市：一般農業區 ; 非都市編定：農牧用地
RPPOMLRLKIKFFAX17CA,文東段,253.74,非都市：一般農業區 ; 非都市編定：殯葬用地
RPPNMLOLKIKFFAX76CA,五福段,47.49,非都市：一般農業區 ; 非都市編定：交通用地
RPPNMLOLKIKFFAX76CA,五福段,280.46,非都市：一般農業區 ; 非都市編定：甲種建築用地
RPQOMLRLKIKFFAX27CA,文東段,156.25,非都市：一般農業區 ; 非都市編定：甲種建築用地
RPQOMLRLKIKFFAX27CA,文東段,44.56,非都市：一般農業區 ; 非都市編定：交通用地
RPPNMLNKKIKFFAX56CA,文光段,72.45,都市：住
RPPNMLNKKIKFFAX56CA,文光段,27.41,都市：住
RPQPMLLMKIKFFAX86CA,中衛段,185.43,非都市：一般農業區 ; 非都市編定：農牧用地
RPSNMLKLKIKFFAX66CA,文寮段,131.08,非都市：鄉村區 ; 非都市編定：乙種建築用地
RPTNMLKLKIKFFAX76CA,文寮段,133.44,非都市：鄉村區 ; 非都市編定：乙種建築用地
RPXPMLRLKIKFFAX18DA,國宅段,56.26,都市：住
RPXPMLRLKIKFFAX18DA,國宅段,56.26,都市：住
RPOOMLQKKIKFFAX96DA,東衛段,87.41,非都市：一般農業區 ; 非都市編定：農牧用地
RPOOMLQKKIKFFAX96DA,東衛段,228.48,非都市：一般農業區 ; 非都市編定：農牧用地
RPOOMLQKKIKFFAX96DA,東衛段,117.92,非都市：一般農業區 ; 非都市編定：農牧用地
RPOOMLQKKIKFFAX96DA,東衛段,2.47,非都市：一般農業區 ; 非都市編定：農牧用地
RPPOMLQKKIKFFAX07DA,東衛段,49.95,非都市：一般農業區 ; 非都市編定：農牧用地
RPPOMLQKKIKFFAX07DA,東衛段,130.56,非都市：一般農業區 ; 非都市編定：農牧用地
RPPOMLQKKIKFFAX07DA,東衛段,67.38,非都市：一般農業區 ; 非都市編定：農牧用地
RPPOMLQKKIKFFAX07DA,東衛段,2.12,非都市：一般農業區 ; 非都市編定：農牧用地
RPRNMLOKKIKFFAX86CA,五福段,158.04,非都市：一般農業區 ; 非都市編定：農牧用地
RPVOMLRKKIKFFAX67CA,五福段,250.97,非都市：一般農業區 ; 非都市編定：農牧用地
RPVOMLRKKIKFFAX67CA,五福段,248.98,非都市：一般農業區 ; 非都市編定：農牧用地
RPVOMLRKKIKFFAX67CA,五福段,256.97,非都市：一般農業區 ; 非都市編定：農牧用地
RPXNMLRKKIKFFAX87DA,東衛段,40.51,非都市：一般農業區 ; 非都市編定：農牧用地
RPQPMLQKKIKFFAX27DA,東衛段,6.28,非都市：一般農業區 ; 非都市編定：農牧用地
RPPNMLQLKIKFFAX07DA,鐵線段,293.27,非都市：一般農業區 ; 非都市編定：農牧用地
RPOOMLRKKIKFFAX07DA,東衛段,2121.63,非都市：一般農業區 ; 非都市編定：農牧用地
RPRNMLRKKIKFFAX27DA,東衛段,49.95,非都市：一般農業區 ; 非都市編定：農牧用地
RPRNMLRKKIKFFAX27DA,東衛段,130.56,非都市：一般農業區 ; 非都市編定：農牧用地
RPRNMLRKKIKFFAX27DA,東衛段,67.38,非都市：一般農業區 ; 非都市編定：農牧用地
RPRNMLRKKIKFFAX27DA,東衛段,2.12,非都市：一般農業區 ; 非都市編定：農牧用地
RPSNMLRKKIKFFAX37DA,東衛段,49.95,非都市：一般農業區 ; 非都市編定：農牧用地
RPSNMLRKKIKFFAX37DA,東衛段,130.56,非都市：一般農業區 ; 非都市編定：農牧用地
RPSNMLRKKIKFFAX37DA,東衛段,67.38,非都市：一般農業區 ; 非都市編定：農牧用地
RPSNMLRKKIKFFAX37DA,東衛段,2.12,非都市：一般農業區 ; 非都市編定：農牧用地
RPPNMLRKKIKFFAX07DA,東衛段,49.95,非都市：一般農業區 ; 非都市編定：農牧用地
RPPNMLRKKIKFFAX07DA,東衛段,130.56,非都市：一般農業區 ; 非都市編定：農牧用地
RPPNMLRKKIKFFAX07DA,東衛段,67.38,非都市：一般農業區 ; 非都市編定：農牧用地
RPPNMLRKKIKFFAX07DA,東衛段,2.12,非都市：一般農業區 ; 非都市編定：農牧用地
RPSOMLRKKIKFFAX47DA,東衛段,2470.02,非都市：一般農業區 ; 非都市編定：農牧用地
RPTNMLLMKIKFFAX17EA,埕中段,50.03,都市：住
RPROMLRKKIKFFAX37DA,東衛段,456.77,非都市：一般農業區 ; 非都市編定：農牧用地
RPQOMLRKKIKFFAX27DA,東衛段,1.24,非都市：一般農業區 ; 非都市編定：農牧用地
RPTNMLRKKIKFFAX47DA,東衛段,87.41,非都市：一般農業區 ; 非都市編定：農牧用地
RPTNMLRKKIKFFAX47DA,東衛段,228.48,非都市：一般農業區 ; 非都市編定：農牧用地
RPTNMLRKKIKFFAX47DA,東衛段,117.92,非都市：一般農業區 ; 非都市編定：農牧用地
RPTNMLRKKIKFFAX47DA,東衛段,2.47,非都市：一般農業區 ; 非都市編定：農牧用地
RPSNMLPLKIKFFAX17CA,五德西段,268.65,非都市：一般農業區 ; 非都市編定：農牧用地
RPXNMLPKKIKFFAX67DA,沙港北段,527.54,非都市：一般農業區 ; 非都市編定：甲種建築用地
RPPNMLSKKIKFFAX07CA,二崁南段,682.24,非都市：風景區 ; 非都市編定：農牧用地
RPTNMLPLKIKFFAX27CA,五德西段,257.02,非都市：鄉村區 ; 非都市編定：乙種建築用地
RPPNMLTKKIKFFAX17CA,井垵西段,37.69,非都市：一般農業區 ; 非都市編定：農牧用地
RPPNMLTKKIKFFAX17CA,井垵西段,62.28,非都市：一般農業區 ; 非都市編定：農牧用地
RPPNMLTKKIKFFAX17CA,井垵西段,14.61,非都市：一般農業區 ; 非都市編定：農牧用地
RPPNMLTKKIKFFAX17CA,井垵西段,67.16,非都市：風景區 ; 非都市編定：農牧用地
RPPNMLTKKIKFFAX17CA,井垵西段,9.45,非都市：一般農業區 ; 非都市編定：農牧用地
RPPNMLTKKIKFFAX17CA,井垵西段,73.04,非都市：一般農業區 ; 非都市編定：農牧用地
RPPNMLTKKIKFFAX17CA,井垵西段,69.31,非都市：一般農業區 ; 非都市編定：農牧用地
RPPNMLTKKIKFFAX17CA,井垵西段,36.40,非都市：一般農業區 ; 非都市編定：農牧用地
RPPNMLTKKIKFFAX17CA,井垵西段,36.37,非都市：一般農業區 ; 非都市編定：農牧用地
RPPNMLTKKIKFFAX17CA,井垵西段,13.03,非都市：鄉村區 ; 非都市編定：乙種建築用地
RPPNMLTKKIKFFAX17CA,井垵西段,28.25,非都市：一般農業區 ; 非都市編定：農牧用地
RPWNMLQKKIKFFAX57CA,城北段,1421.14,非都市：一般農業區 ; 非都市編定：農牧用地
RPVOMLQKKIKFFAX67DA,湖東新段,152.59,非都市：一般農業區 ; 非都市編定：水利用地
RPQNMLKLKIKFFAX09CA,內垵一段,74.10,非都市：一般農業區 ; 非都市編定：甲種建築用地
RPXOMLQKKIKFFAX87DA,埕東段,18.21,都市：住
RPXOMLQKKIKFFAX87DA,埕東段,.82,都市：住
RPWOMLRKKIKFFAX87DA,吉貝東段,38.84,非都市：鄉村區 ; 非都市編定：乙種建築用地
RPTOMLRKKIKFFAX57DA,東衛段,139.85,非都市：一般農業區 ; 非都市編定：農牧用地
RPTOMLRKKIKFFAX57DA,東衛段,188.68,非都市：一般農業區 ; 非都市編定：農牧用地
RPTOMLRKKIKFFAX57DA,東衛段,5.93,非都市：一般農業區 ; 非都市編定：農牧用地
RPSNMLSKKIKFFAX47DA,東衛段,46.18,非都市：一般農業區 ; 非都市編定：農牧用地
RPPNMLOJJHLFFAX09CA,安宅段,1056.32,非都市：一般農業區 ; 非都市編定：農牧用地
RPPNMLOJJHLFFAX09CA,安宅段,283.17,非都市：一般農業區 ; 非都市編定：交通用地
RPRNMLOJJHLFFAX66CA,後寮段,4.77,非都市：風景區 ; 非都市編定：農牧用地
RPRNMLOJJHLFFAX66CA,後寮段,57.38,非都市：一般農業區 ; 非都市編定：農牧用地
RPRNMLOJJHLFFAX66CA,後寮段,22.31,非都市：鄉村區 ; 非都市編定：乙種建築用地
RPRNMLOJJHLFFAX66CA,後寮段,62.62,非都市：一般農業區 ; 非都市編定：農牧用地
RPRNMLOJJHLFFAX66CA,後寮段,99.23,非都市：一般農業區 ; 非都市編定：農牧用地
RPRNMLOJJHLFFAX66CA,後寮段,20.92,非都市：風景區 ; 非都市編定：農牧用地
RPRNMLOJJHLFFAX66CA,後寮段,22.31,非都市：風景區 ; 非都市編定：農牧用地
RPRNMLOJJHLFFAX66CA,後寮段,45.54,非都市：一般農業區 ; 非都市編定：農牧用地
RPRNMLOJJHLFFAX66CA,後寮段,44.77,非都市：一般農業區 ; 非都市編定：農牧用地
RPRNMLOJJHLFFAX66CA,後寮段,30.62,非都市：鄉村區 ; 非都市編定：乙種建築用地
RPRNMLOJJHLFFAX66CA,後寮南段,77.72,非都市：一般農業區 ; 非都市編定：農牧用地
RPRNMLOJJHLFFAX66CA,後寮南段,20.92,非都市：一般農業區 ; 非都市編定：農牧用地
RPRNMLOJJHLFFAX66CA,後寮南段,45.57,非都市：一般農業區 ; 非都市編定：農牧用地
RPRNMLOJJHLFFAX66CA,後寮南段,87.32,非都市：一般農業區 ; 非都市編定：農牧用地
RPPOMLRKKIKFFAX17DA,文光段,9.32,都市：其他
RPUOMLRKKIKFFAX67DA,東衛段,139.85,非都市：一般農業區 ; 非都市編定：農牧用地
RPUOMLRKKIKFFAX67DA,東衛段,188.68,非都市：一般農業區 ; 非都市編定：農牧用地
RPUOMLRKKIKFFAX67DA,東衛段,5.93,非都市：一般農業區 ; 非都市編定：農牧用地
RPOOMLRLKIKFFAX17DA,東石新段,1011.05,非都市：一般農業區 ; 非都市編定：農牧用地
RPOOMLRLKIKFFAX17DA,東石新段,94.94,非都市：一般農業區 ; 非都市編定：交通用地
RPROMLRLKIKFFAX37CA,許家段,422.01,非都市：一般農業區 ; 非都市編定：甲種建築用地
RPROMLRLKIKFFAX37CA,許家段,280.77,非都市：一般農業區 ; 非都市編定：甲種建築用地
RPOOMLOJJHLFFAX09CA,光榮段,13.76,都市：商
RPRNMLKLKIKFFAX56CA,後寮段,399.50,非都市：一般農業區 ; 非都市編定：農牧用地
RPRNMLKLKIKFFAX56CA,後寮段,49.50,非都市：一般農業區 ; 非都市編定：農牧用地
RPRNMLKLKIKFFAX56CA,後寮段,199.00,非都市：一般農業區 ; 非都市編定：農牧用地
RPRNMLKLKIKFFAX56CA,後寮段,218.50,非都市：一般農業區 ; 非都市編定：農牧用地
RPQOMLKMKIKFFAX66CA,馬公段,1286.00,都市：商
RPRNMLSKKIKFFAX37DA,東衛段,49.95,非都市：一般農業區 ; 非都市編定：農牧用地
RPRNMLSKKIKFFAX37DA,東衛段,130.56,非都市：一般農業區 ; 非都市編定：農牧用地
RPRNMLSKKIKFFAX37DA,東衛段,67.38,非都市：一般農業區 ; 非都市編定：農牧用地
RPRNMLSKKIKFFAX37DA,東衛段,2.12,非都市：一般農業區 ; 非都市編定：農牧用地
RPPNMLKLKIKFFAX98CA,馬公段,22.00,都市：商
RPQNMLSKKIKFFAX17CA,文石段,135.54,非都市：一般農業區 ; 非都市編定：甲種建築用地
RPQNMLSKKIKFFAX17CA,文石段,48.18,非都市：一般農業區 ; 非都市編定：交通用地
RPPQMLRLKIKFFAX47DA,國宅段,105.98,都市：住
RPUNMLOJJHLFFAX07DA,湖西段,69.50,非都市：一般農業區 ; 非都市編定：殯葬用地
RPUNMLOJJHLFFAX07DA,西溪新段,822.92,非都市：一般農業區 ; 非都市編定：農牧用地
RPXNMLPJJHLFFAX37CA,風櫃西段,243.51,非都市：風景區 ; 非都市編定：丙種建築用地
RPXNMLPJJHLFFAX37CA,風櫃西段,40.09,非都市：風景區 ; 非都市編定：交通用地
RPXNMLPJJHLFFAX37CA,風櫃西段,17.08,非都市：風景區 ; 非都市編定：交通用地
RPPNMLNLKIKFFAX86EA,湖東新段,645.00,非都市：一般農業區 ; 非都市編定：農牧用地
RPPNMLRLKIKFFAX17DA,國宅段,439.78,非都市：一般農業區 ; 非都市編定：農牧用地
RPQNMLRLKIKFFAX27DA,鐵線段,213.70,非都市：一般農業區 ; 非都市編定：農牧用地
RPQNMLRLKIKFFAX27DA,鐵線段,190.59,非都市：一般農業區 ; 非都市編定：農牧用地
RPSNMLPJJHLFFAX96DA,五福段,238.28,非都市：一般農業區 ; 非都市編定：農牧用地
RPSNMLPJJHLFFAX96DA,五福段,237.35,非都市：一般農業區 ; 非都市編定：農牧用地
RPRNMLSJJHLFFAX07CA,五德東段,59.77,非都市：一般農業區 ; 非都市編定：農牧用地
RPUOMLRJJHLFFAX37CA,馬公段,138.00,都市：住
RPVOMLRJJHLFFAX47CA,馬公段,137.00,都市：住
RPUOMLPJJHLFFAX17CA,安宅段,1319.00,非都市：一般農業區 ; 非都市編定：農牧用地
RPTOMLPJJHLFFAX07CA,安宅段,2541.00,非都市：一般農業區 ; 非都市編定：農牧用地
RPSNMLKMKIKFFAX86DA,文光段,13.78,都市：其他
RPPPMLNKJHLFFAX76DA,馬公段,127.00,都市：商
RPRPMLLMKIKFFAX96CA,許家段,432.01,非都市：一般農業區 ; 非都市編定：農牧用地
RPWNMLPLKIKFFAX57CA,文石段,151.21,非都市：一般農業區 ; 非都市編定：甲種建築用地
RPWNMLPLKIKFFAX57CA,文石段,24.45,非都市：一般農業區 ; 非都市編定：交通用地
RPWNMLPLKIKFFAX57CA,文石段,23.65,非都市：一般農業區 ; 非都市編定：交通用地
RPXNMLPLKIKFFAX67CA,文石段,151.64,非都市：一般農業區 ; 非都市編定：甲種建築用地
RPXNMLPLKIKFFAX67CA,文石段,24.45,非都市：一般農業區 ; 非都市編定：交通用地
RPXNMLPLKIKFFAX67CA,文石段,23.65,非都市：一般農業區 ; 非都市編定：交通用地
RPVNMLPLKIKFFAX47CA,文石段,24.45,非都市：一般農業區 ; 非都市編定：交通用地
RPVNMLPLKIKFFAX47CA,文石段,153.08,非都市：一般農業區 ; 非都市編定：甲種建築用地
RPVNMLPLKIKFFAX47CA,文石段,23.65,非都市：一般農業區 ; 非都市編定：交通用地
RPRNMLPLKIKFFAX07CA,北極段,517.29,都市：農
RPRNMLPLKIKFFAX07CA,北極段,43.08,非都市：一般農業區 ; 非都市編定：農牧用地
RPOPMLNKJHLFFAX56CA,文寮段,1805.96,非都市：一般農業區 ; 非都市編定：農牧用地
RPRNMLOLKIKFFAX96CA,小赤段,44.44,非都市：一般農業區 ; 非都市編定：交通用地
RPRNMLOLKIKFFAX96CA,小赤段,1400.18,非都市：一般農業區 ; 非都市編定：農牧用地
RPQNMLNLKIKFFAX76CA,北澳段,170.47,非都市：一般農業區 ; 非都市編定：甲種建築用地
RPQNMLNLKIKFFAX76CA,北澳段,85.23,非都市：一般農業區 ; 非都市編定：交通用地
RPQNMLMLKIKFFAX66CA,埕東段,76.46,都市：住
RPROMLPJJHLFFAX86CA,沙港東段,645.10,非都市：一般農業區 ; 非都市編定：農牧用地
RPROMLPJJHLFFAX86CA,沙港東段,91.26,非都市：一般農業區 ; 非都市編定：交通用地
RPSNMLSLKIKFFAX47CA,馬公段,58.00,都市：商
RPTNMLLKJHLFFAX66CA,興崁段,188.02,非都市：一般農業區 ; 非都市編定：農牧用地
RPWPMLKMKIKFFAX37CA,海堤段,95.74,都市：住
RPWPMLKMKIKFFAX37CA,海堤段,95.56,都市：住
RPXOMLTLKIKFFAX18CA,北極段,152.56,都市：農
RPXOMLTLKIKFFAX18CA,北極段,2854.44,都市：農
RPPOMLPJJHLFFAX66CA,文澳段,379.00,都市：住
RPTNMLSJJHLFFAX27CA,五德東段,114.33,非都市：一般農業區 ; 非都市編定：農牧用地
RPWNMLNLKIKFFAX47DA,埕西段,18.30,都市：其他
RPXNMLNLKIKFFAX57DA,埕西段,80.61,都市：其他
RPTNMLNLKIKFFAX17DA,文光段,14.57,都市：其他
RPSNMLMLKIKFFAX96DA,四維段,75.21,非都市：一般農業區 ; 非都市編定：農牧用地
RPSNMLMLKIKFFAX96DA,五福段,189.61,非都市：一般農業區 ; 非都市編定：農牧用地
RPQNMLSLKIKFFAX27CA,文石段,.74,非都市：一般農業區 ; 非都市編定：交通用地
RPQNMLSLKIKFFAX27CA,文石段,119.45,非都市：一般農業區 ; 非都市編定：甲種建築用地
RPQNMLSLKIKFFAX27CA,文石段,51.41,非都市：一般農業區 ; 非都市編定：交通用地
RPPNMLSLKIKFFAX27DA,五福段,347.90,非都市：一般農業區 ; 非都市編定：農牧用地
RPPNMLSLKIKFFAX27DA,五福段,173.95,非都市：一般農業區 ; 非都市編定：農牧用地
RPPNMLSLKIKFFAX27DA,五福段,173.95,非都市：一般農業區 ; 非都市編定：農牧用地
RPRNMLNLKIKFFAX96DA,鼎灣新段,2270.03,非都市：一般農業區 ; 非都市編定：農牧用地
RPTNMLRLKIKFFAX57DA,五福段,264.50,非都市：一般農業區 ; 非都市編定：農牧用地
RPTNMLRLKIKFFAX57DA,五福段,181.86,非都市：一般農業區 ; 非都市編定：農牧用地
RPTNMLRLKIKFFAX57DA,五福段,859.16,非都市：一般農業區 ; 非都市編定：農牧用地
RPPNMLOLKIKFFAX96EA,海堤段,176.58,都市：住
RPTNMLQJJHLFFAX17DA,講美段,810.69,非都市：一般農業區 ; 非都市編定：農牧用地
RPRNMLPKJHLFFAX86CA,文石段,161.65,非都市：一般農業區 ; 非都市編定：甲種建築用地
RPRNMLPKJHLFFAX86CA,文石段,21.33,非都市：一般農業區 ; 非都市編定：交通用地
SPWOMLRJJHLFFAX67CA,馬公段,38.27,都市：住
RPSNMLOKJHLFFAX86CA,合界段,1481.00,非都市：一般農業區 ; 非都市編定：農牧用地
RPSNMLOKJHLFFAX86CA,合界段,272.63,非都市：一般農業區 ; 非都市編定：農牧用地
RPVNMLQJJHLFFAX37DA,南寮北段,154.82,非都市：鄉村區 ; 非都市編定：乙種建築用地
RPPNMLPLKIKFFAX07EA,將軍澳段,431.00,非都市：鄉村區 ; 非都市編定：遊憩用地
RPPNMLPLKIKFFAX07EA,將軍澳段,100.00,非都市：鄉村區 ; 非都市編定：交通用地
RPPNMLNKJHLFFAX09CA,興崁段,182.80,非都市：一般農業區 ; 非都市編定：農牧用地
RPPNMLNKJHLFFAX09CA,興崁段,142.48,非都市：一般農業區 ; 非都市編定：農牧用地
RPPNMLNKJHLFFAX09CA,興崁段,66.40,非都市：一般農業區 ; 非都市編定：農牧用地
RPPNMLNKJHLFFAX09CA,興崁段,74.71,非都市：一般農業區 ; 非都市編定：農牧用地
RPRPMLRLKIKFFAX47CA,文寮段,2426.02,非都市：一般農業區 ; 非都市編定：農牧用地
RPRNMLOKJHLFFAX76CA,馬公段,47.00,都市：商
RPRNMLOKJHLFFAX76CA,馬公段,28.00,都市：商
RPOOMLPJJHLFFAX56CA,內垵一段,1062.32,非都市：一般農業區 ; 非都市編定：農牧用地
RPVNMLNLKIKFFAX37DA,埕西段,18.09,都市：其他
RPUNMLNLKIKFFAX27DA,埕西段,14.13,都市：其他
RPUNMLNLKIKFFAX27DA,埕西段,23.78,都市：其他
RPUNMLPLKIKFFAX37CA,五德西段,257.02,非都市：鄉村區 ; 非都市編定：乙種建築用地
RPWNMLSLKIKFFAX87CA,後寮段,73.00,非都市：一般農業區 ; 非都市編定：農牧用地
RPOOMLNLKIKFFAX76DA,埕西段,80.61,都市：其他
RPSNMLNLKIKFFAX07DA,許家段,2163.13,非都市：一般農業區 ; 非都市編定：農牧用地
RPPOMLNLKIKFFAX76CA,北澳段,174.55,非都市：一般農業區 ; 非都市編定：甲種建築用地
RPPOMLNLKIKFFAX76CA,北澳段,85.23,非都市：一般農業區 ; 非都市編定：交通用地
RPQNMLPLKIKFFAX96CA,成功南段,2006.79,非都市：一般農業區 ; 非都市編定：農牧用地
RPQPMLRLKIKFFAX37CA,風櫃西段,308.86,非都市：一般農業區 ; 非都市編定：農牧用地
RPSOMLRJJHLFFAX17CA,興崁段,378.35,非都市：一般農業區 ; 非都市編定：農牧用地
RPXOMLRJJHLFFAX67CA,裡新段,679.10,非都市：風景區 ; 非都市編定：農牧用地
RPXOMLRJJHLFFAX67CA,裡新段,95.64,非都市：風景區 ; 非都市編定：農牧用地
RPSOMLPJJHLFFAX96CA,馬公段,125.85,都市：商
RPTOMLRLKIKFFAX57CA,五福段,541.80,非都市：一般農業區 ; 非都市編定：農牧用地
RPWNMLQJJHLFFAX47DA,外垵一段,757.43,非都市：一般農業區 ; 非都市編定：農牧用地
RPWNMLQJJHLFFAX47DA,外垵一段,300.97,非都市：一般農業區 ; 非都市編定：農牧用地
RPWNMLQJJHLFFAX47DA,外垵二段,146.01,非都市：一般農業區 ; 非都市編定：農牧用地
RPUNMLQJJHLFFAX27DA,春暉段,103.50,都市：住
RPVNMLRLKIKFFAX77DA,山水北段,279.20,非都市：一般農業區 ; 非都市編定：農牧用地
RPVNMLRLKIKFFAX77DA,山水北段,418.80,非都市：一般農業區 ; 非都市編定：農牧用地
RPVNMLRLKIKFFAX77DA,山水北段,418.80,非都市：一般農業區 ; 非都市編定：農牧用地
RPRNMLSLKIKFFAX37CA,文澳段,87.00,都市：住
RPUNMLSLKIKFFAX87EA,安宅段,538.78,非都市：一般農業區 ; 非都市編定：農牧用地
RPXOMLNKJHLFFAX47DA,鎖港西段,786.82,非都市：一般農業區 ; 非都市編定：農牧用地
RPUNMLRLKIKFFAX67DA,興崁段,347.17,非都市：一般農業區 ; 非都市編定：農牧用地
RPVOMLTLKIKFFAX08DA,埕西段,13.09,都市：其他
RPVOMLTLKIKFFAX08DA,埕西段,48.96,都市：其他
RPVOMLTLKIKFFAX08DA,埕西段,9.41,都市：其他
RPWOMLTLKIKFFAX18DA,埕西段,13.09,都市：其他
RPWOMLTLKIKFFAX18DA,埕西段,48.96,都市：其他
RPWOMLTLKIKFFAX18DA,埕西段,9.41,都市：其他
RPPNMLKMKIKFFAX56DA,埕西段,18.09,都市：其他
RPWOMLNKJHLFFAX37DA,講美段,893.45,非都市：一般農業區 ; 非都市編定：農牧用地
RPQNMLKMKIKFFAX66DA,埕西段,76.35,都市：其他
RPQPMLNKJHLFFAX76CA,東衛段,69.44,非都市：一般農業區 ; 非都市編定：交通用地
RPQPMLNKJHLFFAX76CA,東衛段,189.10,非都市：一般農業區 ; 非都市編定：甲種建築用地
RPUOMLTLKIKFFAX97DA,埕西段,7.81,都市：其他
RPPNMLOKJHLFFAX56CA,山水北段,162.37,非都市：鄉村區 ; 非都市編定：乙種建築用地
RPOOMLLMKIKFFAX56CA,國宅段,1319.43,非都市：一般農業區 ; 非都市編定：農牧用地
RPSNMLMKJHLFFAX66CA,六合段,838.11,非都市：一般農業區 ; 非都市編定：農牧用地
RPXNMLLMKIKFFAX37CA,國宅段,1096.22,非都市：一般農業區 ; 非都市編定：農牧用地
RPQNMLPJJHLFFAX66CA,山水南段,186.12,非都市：一般農業區 ; 非都市編定：農牧用地
RPPPMLLMKIKFFAX96EA,北極段,75.28,都市：住
RPPPMLLMKIKFFAX96EA,北極段,13.65,都市：其他
RPPPMLLMKIKFFAX96EA,北極段,120.16,都市：住
RPPPMLLMKIKFFAX96EA,鎖港西段,433.36,都市：農
RPPPMLLMKIKFFAX96EA,鎖港西段,22.42,都市：其他
RPPPMLLMKIKFFAX96EA,鎖港西段,3.70,都市：住
RPPPMLLMKIKFFAX96EA,鎖港西段,3.61,都市：住
RPPPMLLMKIKFFAX96EA,鎖港西段,423.85,都市：農
RPPPMLLMKIKFFAX96EA,鎖港西段,819.53,都市：農
RPUOMLRLKIKFFAX67CA,東衛段,1232.15,非都市：一般農業區 ; 非都市編定：農牧用地
RPTNMLSLKIKFFAX57CA,北澳段,45.89,非都市：鄉村區 ; 非都市編定：乙種建築用地
RPSOMLRLKIKFFAX47CA,五福段,35.86,非都市：一般農業區 ; 非都市編定：交通用地
RPSOMLRLKIKFFAX47CA,五福段,188.51,非都市：一般農業區 ; 非都市編定：甲種建築用地
RPVOMLRLKIKFFAX77CA,許家段,543.39,非都市：一般農業區 ; 非都市編定：農牧用地
RPVOMLRLKIKFFAX77CA,許家段,543.39,非都市：一般農業區 ; 非都市編定：農牧用地
RPVOMLRLKIKFFAX77CA,許家段,543.39,非都市：一般農業區 ; 非都市編定：農牧用地
RPVOMLRLKIKFFAX77CA,許家段,543.39,非都市：一般農業區 ; 非都市編定：農牧用地
RPTPMLKMKIKFFAX17DA,埕西段,13.09,都市：其他
RPTPMLKMKIKFFAX17DA,埕西段,48.96,都市：其他
RPTPMLKMKIKFFAX17DA,埕西段,9.41,都市：其他
RPVNMLSJJHLFFAX47CA,海堤段,1745.35,非都市：一般農業區 ; 非都市編定：農牧用地
RPSNMLRJJHLFFAX07CA,六合段,496.67,非都市：一般農業區 ; 非都市編定：農牧用地
RPSNMLRJJHLFFAX07CA,六合段,5.05,都市：農
RPXNMLRLKIKFFAX97DA,埕東段,19.37,都市：住
RPXNMLRLKIKFFAX97DA,埕東段,5.52,都市：住
RPXNMLRLKIKFFAX97DA,埕東段,89.47,都市：住
RPTNMLLMKIKFFAX07DA,鼎灣新段,1065.12,非都市：一般農業區 ; 非都市編定：農牧用地
RPVNMLLKJHLFFAX86CA,鐵線段,592.00,非都市：一般農業區 ; 非都市編定：農牧用地
RPQOMLOJJHLFFAX76DA,文東段,265.94,非都市：一般農業區 ; 非都市編定：農牧用地
RPTOMLRJJHLFFAX37DA,五福段,248.71,非都市：一般農業區 ; 非都市編定：農牧用地
RPTNMLOJJHLFFAX96DA,西溪新段,822.92,非都市：一般農業區 ; 非都市編定：農牧用地
RPTNMLOJJHLFFAX96DA,湖西段,69.50,非都市：一般農業區 ; 非都市編定：殯葬用地
RPPPMLRLKIKFFAX37DA,光榮段,59.45,都市：商
RPPPMLRLKIKFFAX37DA,光榮段,59.45,都市：商
RPPPMLRLKIKFFAX37DA,光榮段,59.45,都市：商
RPWNMLRLKIKFFAX87DA,五福段,239.18,非都市：一般農業區 ; 非都市編定：農牧用地
SPOOMLOKJHLFFAX66CA,山水北段,191.82,非都市：鄉村區 ; 非都市編定：乙種建築用地
RPQNMLOKJHLFFAX66CA,四維段,88.11,非都市：鄉村區 ; 非都市編定：乙種建築用地
RPOOMLOKJHLFFAX56CA,山水北段,132.98,非都市：鄉村區 ; 非都市編定：乙種建築用地
RPOOMLOKJHLFFAX56CA,山水北段,34.76,非都市：鄉村區 ; 非都市編定：乙種建築用地
RPUNMLSKJHLFFAX47CA,山水北段,904.61,非都市：一般農業區 ; 非都市編定：農牧用地
RPUNMLSKJHLFFAX47CA,山水北段,70.60,非都市：一般農業區 ; 非都市編定：交通用地
RPOOMLSLKIKFFAX27DA,文光段,73.23,都市：住
RPVOMLPJJHLFFAX37DA,埕西段,114.14,都市：住
RPWNMLKLJHLFFAX96CA,山水北段,120.75,非都市：鄉村區 ; 非都市編定：乙種建築用地
RPWNMLKLJHLFFAX96CA,山水北段,34.76,非都市：鄉村區 ; 非都市編定：乙種建築用地
RPRPMLNKJHLFFAX86CA,五福段,162.00,非都市：一般農業區 ; 非都市編定：甲種建築用地
RPRPMLNKJHLFFAX86CA,五福段,34.38,非都市：一般農業區 ; 非都市編定：交通用地
RPQNMLNKJHLFFAX56CA,興崁段,156.68,非都市：一般農業區 ; 非都市編定：農牧用地
RPQNMLNKJHLFFAX56CA,興崁段,122.12,非都市：一般農業區 ; 非都市編定：農牧用地
RPQNMLNKJHLFFAX56CA,興崁段,56.92,非都市：一般農業區 ; 非都市編定：農牧用地
RPQNMLNKJHLFFAX56CA,興崁段,64.03,非都市：一般農業區 ; 非都市編定：農牧用地
RPUNMLOKJHLFFAX07CA,許家段,1299.84,非都市：一般農業區 ; 非都市編定：農牧用地
RPUPMLNKJHLFFAX17CA,二崁南段,413.15,非都市：風景區 ; 非都市編定：農牧用地
RPTPMLNKJHLFFAX07CA,二崁南段,394.78,非都市：風景區 ; 非都市編定：農牧用地
RPROMLTLKIKFFAX67DA,裡新段,126.35,非都市：一般農業區 ; 非都市編定：甲種建築用地
RPROMLTLKIKFFAX67DA,裡新段,71.29,非都市：一般農業區 ; 非都市編定：甲種建築用地
RPPNMLQJJHLFFAX66CA,東衛段,124.29,非都市：鄉村區 ; 非都市編定：乙種建築用地
RPQNMLQJJHLFFAX76CA,東衛段,126.92,非都市：鄉村區 ; 非都市編定：乙種建築用地
RPTOMLLMKIKFFAX07CA,許家段,566.12,非都市：一般農業區 ; 非都市編定：農牧用地
RPWNMLTLKIKFFAX97CA,安宅段,249.81,非都市：一般農業區 ; 非都市編定：農牧用地
RPWNMLTLKIKFFAX97CA,安宅段,249.76,非都市：一般農業區 ; 非都市編定：農牧用地
RPWNMLTLKIKFFAX97CA,安宅段,249.78,非都市：一般農業區 ; 非都市編定：農牧用地
RPQNMLTLKIKFFAX37CA,東澳段,2.52,都市：住
RPSNMLKLJHLFFAX66DA,文石段,.74,非都市：一般農業區 ; 非都市編定：交通用地
RPSNMLKLJHLFFAX66DA,文石段,51.41,非都市：一般農業區 ; 非都市編定：交通用地
RPSNMLKLJHLFFAX66DA,文石段,119.43,非都市：一般農業區 ; 非都市編定：甲種建築用地
RPWOMLKMKIKFFAX27CA,安宅段,913.91,非都市：一般農業區 ; 非都市編定：農牧用地
RPSOMLLMKIKFFAX96CA,沙港南段,39.75,非都市：一般農業區 ; 非都市編定：交通用地
RPSOMLLMKIKFFAX96CA,沙港南段,45.10,非都市：一般農業區 ; 非都市編定：交通用地
RPSOMLLMKIKFFAX96CA,沙港南段,259.12,非都市：一般農業區 ; 非都市編定：農牧用地
RPXNMLSKJHLFFAX77CA,成功南段,867.50,非都市：一般農業區 ; 非都市編定：農牧用地
RPUOMLLMKIKFFAX17CA,小池角段,272.00,非都市：鄉村區 ; 非都市編定：乙種建築用地
RPRNMLTLKIKFFAX47CA,南寮南段,710.16,非都市：一般農業區 ; 非都市編定：農牧用地
RPRNMLTLKIKFFAX47CA,南寮南段,1605.33,非都市：一般農業區 ; 非都市編定：農牧用地
RPSNMLTLKIKFFAX57CA,通梁南段,1.84,都市：住
RPPPMLTLKIKFFAX47CA,鎖港西段,546.17,都市：住
RPXPMLKMKIKFFAX47CA,五德東段,1267.20,非都市：一般農業區 ; 非都市編定：農牧用地
RPTNMLTLKIKFFAX67CA,埕中段,68.31,都市：住
RPWOMLLMKIKFFAX37CA,後寮段,436.00,非都市：一般農業區 ; 非都市編定：農牧用地
RPOPMLTLKIKFFAX37CA,五福段,97.61,非都市：一般農業區 ; 非都市編定：甲種建築用地
RPOPMLTLKIKFFAX37CA,五福段,17.13,非都市：一般農業區 ; 非都市編定：交通用地
RPSNMLOJJHLFFAX76CA,後寮段,55.77,非都市：鄉村區 ; 非都市編定：乙種建築用地
RPSNMLOJJHLFFAX76CA,後寮段,11.92,非都市：風景區 ; 非都市編定：農牧用地
RPSNMLOJJHLFFAX76CA,後寮段,52.31,非都市：風景區 ; 非都市編定：農牧用地
RPSNMLOJJHLFFAX76CA,後寮段,76.54,非都市：鄉村區 ; 非都市編定：乙種建築用地
RPXNMLLKJHLFFAX07CA,四維段,375.87,非都市：一般農業區 ; 非都市編定：農牧用地
RPRNMLMKJHLFFAX56CA,光榮段,615.07,都市：住
RPTNMLOKJHLFFAX96CA,成功南段,202.08,非都市：一般農業區 ; 非都市編定：甲種建築用地
RPTNMLOKJHLFFAX96CA,成功南段,46.10,非都市：一般農業區 ; 非都市編定：交通用地
RPUNMLMKJHLFFAX86CA,興崁段,43.42,非都市：一般農業區 ; 非都市編定：交通用地
RPUNMLMKJHLFFAX86CA,興崁段,175.24,非都市：一般農業區 ; 非都市編定：甲種建築用地
RPROMLRJJHLFFAX07CA,文光段,23.45,都市：住
RPROMLRJJHLFFAX07CA,文光段,3.04,都市：住
RPWOMLRLKIKFFAX87CA,五福段,35.86,非都市：一般農業區 ; 非都市編定：交通用地
RPWOMLRLKIKFFAX87CA,五福段,188.47,非都市：一般農業區 ; 非都市編定：甲種建築用地
RPROMLMLJHLFFAX76CA,山水東段,194.11,非都市：一般農業區 ; 非都市編定：農牧用地
RPROMLMLJHLFFAX76CA,山水東段,791.39,非都市：一般農業區 ; 非都市編定：農牧用地
RPROMLMLJHLFFAX76CA,山水東段,201.55,非都市：一般農業區 ; 非都市編定：農牧用地
RPXOMLRLKIKFFAX97CA,鼎灣新段,1022.60,非都市：一般農業區 ; 非都市編定：農牧用地
RPTNMLKMKIKFFAX96DA,埕西段,44.11,都市：其他
RPQNMLPLJHLFFAX86CA,文光段,27.04,都市：住
RPPNMLLLJHLFFAX98CA,許家段,1272.08,非都市：一般農業區 ; 非都市編定：農牧用地
RPPNMLLLJHLFFAX98CA,許家段,36.39,非都市：一般農業區 ; 非都市編定：交通用地
RPPNMLLLJHLFFAX98CA,許家段,74.40,非都市：一般農業區 ; 非都市編定：交通用地
RPVNMLKMKIKFFAX17DA,鐵線段,200.12,非都市：一般農業區 ; 非都市編定：農牧用地
RPUNMLKMKIKFFAX07DA,埕西段,19.55,都市：其他
RPPOMLKMKIKFFAX66DA,文光段,2.76,都市：其他
RPTOMLKMKIKFFAX07DA,南澳段,88.53,都市：商
RPOPMLLLJHLFFAX09CA,北澳段,120.70,非都市：一般農業區 ; 非都市編定：甲種建築用地
RPWNMLSKJHLFFAX67CA,文化段,74.40,都市：住
RPWNMLKMKIKFFAX27DA,埕西段,18.09,都市：其他
RPXNMLKMKIKFFAX37DA,埕西段,11.89,都市：其他
RPRNMLLKJHLFFAX09CA,文光段,25.35,都市：住
RPRNMLLKJHLFFAX09CA,文光段,3.28,都市：住
RPUNMLLKJHLFFAX86DA,文石段,159.02,非都市：一般農業區 ; 非都市編定：甲種建築用地
RPUNMLLKJHLFFAX86DA,文石段,24.45,非都市：一般農業區 ; 非都市編定：交通用地
RPUNMLLKJHLFFAX86DA,文石段,23.65,非都市：一般農業區 ; 非都市編定：交通用地
RPQPMLKMKIKFFAX86DA,埕西段,2.93,都市：其他
RPUNMLTLKIKFFAX97EA,文光段,185.18,都市：住
RPQOMLTLKIKFFAX67EA,興崁段,821.40,非都市：一般農業區 ; 非都市編定：農牧用地
RPQOMLTLKIKFFAX67EA,興崁段,1077.04,非都市：一般農業區 ; 非都市編定：農牧用地
RPSOMLTLKIKFFAX87EA,馬公段,18.00,都市：住
RPPOMLTLKIKFFAX57EA,馬公段,14.00,都市：商
RPXNMLTLKIKFFAX18DA,四維段,41.76,非都市：一般農業區 ; 非都市編定：農牧用地
RPPNMLPJJHLFFAX66DA,山水西段,649.44,非都市：一般農業區 ; 非都市編定：農牧用地
RPPNMLPJJHLFFAX66DA,山水西段,180.56,非都市：一般農業區 ; 非都市編定：農牧用地
RPPNMLPJJHLFFAX66DA,山水西段,276.61,非都市：一般農業區 ; 非都市編定：農牧用地
RPUNMLSJJHLFFAX47DA,馬公段,6.29,都市：住
RPQNMLLMKIKFFAX76DA,林投北段,1240.96,非都市：一般農業區 ; 非都市編定：農牧用地
RPSNMLLMKIKFFAX96DA,鼎灣新段,1332.90,非都市：一般農業區 ; 非都市編定：農牧用地
RPSNMLLMKIKFFAX96DA,鼎灣新段,1370.50,非都市：一般農業區 ; 非都市編定：農牧用地
RPSNMLLMKIKFFAX96DA,鼎灣新段,1332.90,非都市：一般農業區 ; 非都市編定：農牧用地
RPSNMLLMKIKFFAX96DA,鼎灣新段,1370.50,非都市：一般農業區 ; 非都市編定：農牧用地
RPSPMLLLJHLFFAX96DA,許家段,470.70,非都市：一般農業區 ; 非都市編定：農牧用地
RPSPMLLLJHLFFAX96DA,許家段,470.70,非都市：一般農業區 ; 非都市編定：農牧用地
RPSPMLLLJHLFFAX96DA,許家段,146.64,非都市：一般農業區 ; 非都市編定：農牧用地
RPSPMLLLJHLFFAX96DA,許家段,146.64,非都市：一般農業區 ; 非都市編定：農牧用地
RPSPMLLLJHLFFAX96DA,許家段,91.09,非都市：一般農業區 ; 非都市編定：交通用地
RPSPMLLLJHLFFAX96DA,許家段,91.09,非都市：一般農業區 ; 非都市編定：交通用地
RPTPMLLLJHLFFAX07DA,山水北段,206.87,非都市：一般農業區 ; 非都市編定：農牧用地
RPSPMLKMKIKFFAX07DA,埕西段,13.09,都市：其他
RPSPMLKMKIKFFAX07DA,埕西段,48.96,都市：其他
RPSPMLKMKIKFFAX07DA,埕西段,9.41,都市：其他
RPQOMLLMKIKFFAX86DA,東澳段,1.97,都市：住
RPQOMLLMKIKFFAX86DA,東澳段,29.88,都市：住
RPPNMLLMKIKFFAX66DA,光榮段,85.08,都市：住
RPOOMLKMKIKFFAX56DA,埕西段,3.96,都市：其他
RPOOMLTLKIKFFAX37DA,岐頭段,242.50,非都市：鄉村區 ; 非都市編定：乙種建築用地
RPPPMLKMKIKFFAX76DA,埕西段,3.42,都市：其他
RPTPMLLMKIKFFAX17CA,中衛段,733.78,非都市：一般農業區 ; 非都市編定：農牧用地
RPXOMLLMKIKFFAX47CA,後寮段,1678.00,非都市：一般農業區 ; 非都市編定：農牧用地
RPXOMLLMKIKFFAX47CA,後寮段,291.00,非都市：一般農業區 ; 非都市編定：農牧用地
RPXOMLLMKIKFFAX47CA,後寮段,495.00,非都市：一般農業區 ; 非都市編定：農牧用地
RPOOMLLLJHLFFAX98CA,五福段,180.22,非都市：鄉村區 ; 非都市編定：乙種建築用地
RPSNMLPLJHLFFAX07CA,文光段,26.95,都市：住
RPVOMLLMKIKFFAX27CA,城北段,1698.32,非都市：一般農業區 ; 非都市編定：農牧用地
RPOQMLKMKIKFFAX66CA,東衛段,150.78,非都市：鄉村區 ; 非都市編定：乙種建築用地
RPQNMLOJJHLFFAX56CA,通梁東段,1212.00,非都市：一般農業區 ; 非都市編定：農牧用地
RPQNMLOJJHLFFAX56CA,通梁東段,383.75,非都市：一般農業區 ; 非都市編定：農牧用地
RPRNMLPJJHLFFAX76CA,五福段,263.19,非都市：一般農業區 ; 非都市編定：農牧用地
RPRNMLPJJHLFFAX76CA,五福段,275.04,非都市：一般農業區 ; 非都市編定：農牧用地
RPVNMLOJJHLFFAX07CA,中屯新,344.56,非都市：一般農業區 ; 非都市編定：農牧用地
RPVNMLOJJHLFFAX07CA,中屯新,1011.37,非都市：風景區 ; 非都市編定：農牧用地
RPVNMLOJJHLFFAX07CA,中屯新,555.64,非都市：風景區 ; 非都市編定：農牧用地
RPVNMLOJJHLFFAX07CA,中屯新,441.79,非都市：一般農業區 ; 非都市編定：農牧用地
RPVNMLOJJHLFFAX07CA,中屯新,20.03,非都市：鄉村區 ; 非都市編定：乙種建築用地
RPVNMLOJJHLFFAX07CA,中屯新,28.41,非都市：鄉村區 ; 非都市編定：乙種建築用地
RPVNMLOJJHLFFAX07CA,中屯新,1.82,非都市：鄉村區 ; 非都市編定：乙種建築用地
RPVNMLOJJHLFFAX07CA,中屯新,359.76,非都市：一般農業區 ; 非都市編定：農牧用地
RPVNMLOJJHLFFAX07CA,中屯新,1087.80,非都市：一般農業區 ; 非都市編定：農牧用地
RPVNMLOJJHLFFAX07CA,中屯新,148.30,非都市：一般農業區 ; 非都市編定：農牧用地
RPVNMLRJJHLFFAX37CA,文光段,25.44,都市：住
RPVNMLRJJHLFFAX37CA,文光段,3.29,都市：住
RPWNMLMLJHLFFAX17CA,興仁段,1558.92,非都市：一般農業區 ; 非都市編定：農牧用地
RPVNMLMLJHLFFAX07CA,興仁段,827.30,非都市：一般農業區 ; 非都市編定：農牧用地
RPXNMLRJJHLFFAX57CA,文光段,25.35,都市：住
RPXNMLRJJHLFFAX57CA,文光段,3.28,都市：住
RPQOMLMLJHLFFAX66CA,山水東段,781.25,非都市：一般農業區 ; 非都市編定：農牧用地
RPQOMLMLJHLFFAX66CA,山水東段,693.40,非都市：一般農業區 ; 非都市編定：農牧用地
RPXOMLLLJHLFFAX27CA,文東段,3539.56,非都市：一般農業區 ; 非都市編定：農牧用地
RPOOMLRJJHLFFAX76CA,文光段,25.35,都市：住
RPOOMLRJJHLFFAX76CA,文光段,3.28,都市：住
RPQOMLRJJHLFFAX96CA,文光段,25.19,都市：住
RPQOMLRJJHLFFAX96CA,文光段,3.26,都市：住
RPWNMLRJJHLFFAX47CA,文光段,25.52,都市：住
RPWNMLRJJHLFFAX47CA,文光段,3.30,都市：住
RPSNMLQLJHLFFAX17CA,中衛段,1321.25,非都市：一般農業區 ; 非都市編定：農牧用地
RPSNMLQLJHLFFAX17CA,中衛段,267.35,非都市：一般農業區 ; 非都市編定：交通用地
RPUNMLRJJHLFFAX27CA,文光段,25.60,都市：住
RPUNMLRJJHLFFAX27CA,文光段,3.31,都市：住
RPROMLKMKIKFFAX76CA,春暉段,110.94,都市：住
RPQNMLMKJHLFFAX09CA,光榮段,554.06,都市：住
RPTNMLMKJHLFFAX76CA,光榮段,27.71,都市：住
RPVOMLKMKIKFFAX27DA,安宅段,137.00,非都市：一般農業區 ; 非都市編定：農牧用地
RPTNMLNKJHLFFAX86CA,文光段,27.01,都市：住
RPTNMLNKJHLFFAX86CA,文光段,3.50,都市：住
RPXOMLKMKIKFFAX47DA,埕西段,3.42,都市：其他
RPOPMLKMKIKFFAX66DA,埕西段,3.42,都市：其他
RPQOMLLLJHLFFAX56CA,五福段,103.12,非都市：鄉村區 ; 非都市編定：乙種建築用地
RPPOMLLLJHLFFAX09CA,五福段,1154.38,非都市：一般農業區 ; 非都市編定：農牧用地
RPPOMLLLJHLFFAX09CA,五福段,1416.10,非都市：一般農業區 ; 非都市編定：農牧用地
RPPOMLLLJHLFFAX09CA,五福段,251.86,非都市：一般農業區 ; 非都市編定：農牧用地
RPTNMLLLJHLFFAX76CA,文光段,77.97,都市：住
RPTNMLLLJHLFFAX76CA,文光段,26.21,都市：住
RPUNMLLLJHLFFAX86CA,文光段,26.21,都市：住
RPUNMLLLJHLFFAX86CA,文光段,77.35,都市：住
RPUPMLLLJHLFFAX17DA,山水北段,43.55,非都市：一般農業區 ; 非都市編定：農牧用地
RPOPMLRJJHLFFAX96DA,五德西段,564.02,非都市：一般農業區 ; 非都市編定：農牧用地
SPPNMLSLJHLFFAX27DA,六合段,268.25,非都市：一般農業區 ; 非都市編定：農牧用地
RPPNMLNJJHLFFAX09DA,五福段,288.37,非都市：一般農業區 ; 非都市編定：農牧用地
TPPNMLSLJHLFFAX37DA,六合段,302.33,非都市：一般農業區 ; 非都市編定：農牧用地
RPRPMLKMKIKFFAX07EA,馬公段,95.00,都市：商
RPTNMLQJJHLFFAX27EA,埕東段,11.71,都市：住
UPPNMLSLJHLFFAX47DA,六合段,221.80,非都市：一般農業區 ; 非都市編定：農牧用地
VPPNMLSLJHLFFAX57DA,六合段,228.26,非都市：一般農業區 ; 非都市編定：農牧用地
RPQNMLNJJHLFFAX56DA,山水西段,336.29,非都市：一般農業區 ; 非都市編定：農牧用地
WPPNMLSLJHLFFAX67DA,六合段,240.35,非都市：一般農業區 ; 非都市編定：農牧用地
RPPNMLSLJHLFFAX17DA,六合段,280.96,非都市：一般農業區 ; 非都市編定：農牧用地
XPPNMLSLJHLFFAX77DA,六合段,244.06,非都市：一般農業區 ; 非都市編定：農牧用地
RPXOMLLMKIKFFAX67EA,小池角段,207.10,非都市：一般農業區 ; 非都市編定：農牧用地
RPXOMLLMKIKFFAX67EA,小池角段,414.20,非都市：一般農業區 ; 非都市編定：農牧用地
RPXOMLLMKIKFFAX67EA,小池角段,414.20,非都市：一般農業區 ; 非都市編定：農牧用地
RPXOMLLMKIKFFAX67EA,小池角段,414.20,非都市：一般農業區 ; 非都市編定：農牧用地
RPQNMLRJJHLFFAX96DA,西澳段,129.23,都市：住
RPPOMLOJJHLFFAX66DA,赤崁南段,269.80,非都市：一般農業區 ; 非都市編定：農牧用地
RPPOMLOJJHLFFAX66DA,赤崁南段,201.06,非都市：一般農業區 ; 非都市編定：農牧用地
RPPOMLOJJHLFFAX66DA,赤崁南段,202.78,非都市：一般農業區 ; 非都市編定：農牧用地
RPXNMLLLJHLFFAX17CA,五福段,451.22,非都市：一般農業區 ; 非都市編定：農牧用地
RPROMLLLJHLFFAX66CA,五福段,1298.26,非都市：一般農業區 ; 非都市編定：農牧用地
RPROMLLLJHLFFAX66CA,五福段,114.00,非都市：一般農業區 ; 非都市編定：農牧用地
RPRNMLNJJHLFFAX66DA,馬公段,34.25,都市：住
RPXNMLMLJHLFFAX27CA,中山段,681.37,都市：住
RPXNMLMLJHLFFAX27CA,中山段,37.49,都市：住
RPXNMLMLJHLFFAX27CA,中山段,49.73,都市：農
RPXNMLMLJHLFFAX27CA,中山段,632.47,都市：農
RPXNMLMLJHLFFAX27CA,中山段,205.40,都市：住
RPXNMLMLJHLFFAX27CA,中山段,71.29,都市：其他
RPXNMLMLJHLFFAX27CA,中山段,13.44,都市：住
RPVOMLLLJHLFFAX07CA,埕中段,154.98,都市：住
RPSNMLSJJHLFFAX17CA,文寮段,907.13,非都市：一般農業區 ; 非都市編定：農牧用地
RPSNMLSJJHLFFAX17CA,文寮段,209.20,非都市：一般農業區 ; 非都市編定：農牧用地
RPVNMLPJJHLFFAX17CA,二崁南段,664.51,非都市：風景區 ; 非都市編定：農牧用地
RPVNMLPJJHLFFAX17CA,二崁南段,924.98,非都市：一般農業區 ; 非都市編定：農牧用地
RPUNMLMLJHLFFAX96CA,興崁段,304.16,非都市：一般農業區 ; 非都市編定：交通用地
RPUNMLMLJHLFFAX96CA,興崁段,1437.43,非都市：一般農業區 ; 非都市編定：農牧用地
RPRNMLNKJHLFFAX66CA,文光段,26.95,都市：住
RPUNMLNKJHLFFAX96CA,文光段,25.60,都市：住
RPUNMLNKJHLFFAX96CA,文光段,3.31,都市：住
RPPNMLRJJHLFFAX86DA,西澳段,121.41,都市：住
RPPNMLRJJHLFFAX86DA,西澳段,127.84,都市：住
RPPOMLRJJHLFFAX86CA,文光段,25.60,都市：住
RPPOMLRJJHLFFAX86CA,文光段,3.31,都市：住
RPQOMLPJJHLFFAX76CA,興崁段,1160.04,非都市：一般農業區 ; 非都市編定：農牧用地
RPTNMLPJJHLFFAX96CA,後寮段,105.00,非都市：一般農業區 ; 非都市編定：甲種建築用地
RPTNMLPJJHLFFAX96CA,後寮段,117.17,非都市：一般農業區 ; 非都市編定：農牧用地
RPXNMLQJJHLFFAX57DA,中衛段,1025.55,非都市：一般農業區 ; 非都市編定：農牧用地
RPXNMLQJJHLFFAX57DA,中衛段,1025.55,非都市： ; 非都市編定：
RPWOMLPJJHLFFAX37CA,文光段,23.45,都市：住
RPWOMLPJJHLFFAX37CA,文光段,3.04,都市：住
RPUNMLPJJHLFFAX07CA,文光段,26.85,都市：住
RPUNMLPJJHLFFAX07CA,文光段,3.47,都市：住
RPVNMLNKJHLFFAX17DA,埕西段,23.42,都市：其他
RPXOMLPJJHLFFAX47CA,文光段,23.45,都市：住
RPXOMLPJJHLFFAX47CA,文光段,3.04,都市：住
RPRNMLPLJHLFFAX96CA,文光段,25.35,都市：住
RPRNMLPLJHLFFAX96CA,文光段,3.28,都市：住
RPVNMLLLJHLFFAX96CA,文光段,101.50,都市：住
RPVNMLLLJHLFFAX96CA,文光段,52.42,都市：住
RPVNMLLLJHLFFAX96CA,文光段,135.31,都市：住
RPPNMLMKJHLFFAX09DA,外垵二段,40.87,非都市：鄉村區 ; 非都市編定：交通用地
RPWNMLMKJHLFFAX07CA,文光段,25.60,都市：住
RPWNMLMKJHLFFAX07CA,文光段,3.31,都市：住
RPUOMLNKJHLFFAX17DA,埕西段,18.09,都市：其他
RPPNMLSJJHLFFAX07EA,鎮海新段,131.58,非都市：一般農業區 ; 非都市編定：農牧用地
RPSOMLMLJHLFFAX07EA,龍門南段,47.37,非都市：鄉村區 ; 非都市編定：乙種建築用地
RPVOMLNKJHLFFAX27DA,埕西段,18.09,都市：其他
RPQOMLNKJHLFFAX76DA,埕西段,3.96,都市：其他
RPPNMLKKJHLFFAX78CA,東澳段,131.43,都市：住
RPPNMLKKJHLFFAX78CA,東澳段,41.41,都市：住
RPWNMLNKJHLFFAX27DA,埕西段,3.42,都市：其他
RPRNMLRJJHLFFAX96CA,東衛段,117.76,非都市：鄉村區 ; 非都市編定：乙種建築用地
RPPOMLNKJHLFFAX66DA,埕西段,7.81,都市：其他
RPOOMLNKJHLFFAX56DA,埕西段,3.42,都市：其他
RPROMLNKJHLFFAX86DA,埕西段,3.96,都市：其他
RPSOMLNKJHLFFAX96DA,埕西段,23.78,都市：其他
RPUOMLLLJHLFFAX07DA,中衛段,378.47,非都市：一般農業區 ; 非都市編定：農牧用地
RPSNMLSKJHLFFAX27CA,將軍澳段,239.33,非都市：一般農業區 ; 非都市編定：農牧用地
RPQNMLPKJHLFFAX76CA,下瓦硐段,66.47,非都市：一般農業區 ; 非都市編定：農牧用地
RPPNMLPKJHLFFAX66CA,井垵西段,49.83,非都市：一般農業區 ; 非都市編定：農牧用地
RPPNMLPKJHLFFAX66CA,井垵西段,11.69,非都市：一般農業區 ; 非都市編定：農牧用地
RPPNMLPKJHLFFAX66CA,井垵西段,53.73,非都市：風景區 ; 非都市編定：農牧用地
RPPNMLPKJHLFFAX66CA,井垵西段,30.15,非都市：一般農業區 ; 非都市編定：農牧用地
RPPNMLPKJHLFFAX66CA,井垵西段,7.56,非都市：一般農業區 ; 非都市編定：農牧用地
RPPNMLPKJHLFFAX66CA,井垵西段,58.43,非都市：一般農業區 ; 非都市編定：農牧用地
RPPNMLPKJHLFFAX66CA,井垵西段,55.45,非都市：一般農業區 ; 非都市編定：農牧用地
RPTNMLSKJHLFFAX37CA,山水南段,141.48,非都市：鄉村區 ; 非都市編定：乙種建築用地
RPTNMLSKJHLFFAX37CA,山水南段,98.54,非都市：鄉村區 ; 非都市編定：乙種建築用地
RPTNMLSKJHLFFAX37CA,山水南段,119.02,非都市：鄉村區 ; 非都市編定：乙種建築用地
RPTNMLSKJHLFFAX37CA,山水南段,184.02,非都市：一般農業區 ; 非都市編定：農牧用地
RPOOMLLKJHLFFAX88CA,光華段,71.09,非都市：一般農業區 ; 非都市編定：甲種建築用地
RPTOMLNKJHLFFAX07DA,埕西段,11.89,都市：其他
RPPNMLKLJHLFFAX98DA,馬公段,6.29,都市：住
RPQNMLKLJHLFFAX98CA,文光段,25.52,都市：住
RPQNMLKLJHLFFAX98CA,文光段,3.30,都市：住
RPQNMLKMJHLFFAX56DA,外垵一段,1.10,非都市：一般農業區 ; 非都市編定：農牧用地
RPTOMLMLJHLFFAX96CA,國宅段,20.04,都市：住
RPTOMLMLJHLFFAX96CA,國宅段,20.04,都市：住
RPTNMLKLJHLFFAX86EA,埕西段,.28,都市：住
RPWOMLNKJHLFFAX47EA,文光段,19.85,都市：住
RPXNMLOKJHLFFAX37CA,鼎灣新段,1931.76,非都市：一般農業區 ; 非都市編定：農牧用地
RPXNMLOKJHLFFAX37CA,鼎灣新段,35.78,非都市：鄉村區 ; 非都市編定：乙種建築用地
RPPNMLLJKHLFFAX88CA,興仁段,114.17,非都市：鄉村區 ; 非都市編定：乙種建築用地
RPSNMLPKJHLFFAX17EA,春暉段,24.97,都市：住
RPPNMLTKJHLFFAX27EA,文寮段,329.03,非都市：一般農業區 ; 非都市編定：農牧用地
RPQNMLTKJHLFFAX37EA,文寮段,370.90,非都市：一般農業區 ; 非都市編定：農牧用地
RPTNMLPKJHLFFAX07CA,馬公段,11.00,都市：商
RPTNMLPKJHLFFAX07CA,馬公段,11.00,都市：商
RPPNMLKMJHLFFAX09DA,外垵一段,1.10,非都市：一般農業區 ; 非都市編定：農牧用地
RPSOMLLLJHLFFAX76CA,文東段,1295.61,非都市：一般農業區 ; 非都市編定：丁種建築用地
RPSNMLSLJHLFFAX37CA,五福段,194.10,非都市：一般農業區 ; 非都市編定：農牧用地
RPSNMLMLJHLFFAX76CA,山水東段,434.67,非都市：一般農業區 ; 非都市編定：農牧用地
RPTNMLMLJHLFFAX86CA,山水東段,434.67,非都市：一般農業區 ; 非都市編定：農牧用地
RPQNMLSLJHLFFAX17CA,二崁北段,708.02,非都市：一般農業區 ; 非都市編定：農牧用地
RPQNMLLJKHLFFAX98CA,東衛段,142.64,非都市：一般農業區 ; 非都市編定：甲種建築用地
RPVNMLSKJHLFFAX77EA,興仁段,133.28,非都市：一般農業區 ; 非都市編定：農牧用地
RPVNMLKLJHLFFAX86CA,海堤段,371.89,都市：工
RPVNMLKLJHLFFAX86CA,海堤段,645.82,都市：工
RPPNMLPLKHLFFAX86CA,文光段,23.45,都市：住
RPPNMLPLKHLFFAX86CA,文光段,3.04,都市：住
RPSNMLTLJHLFFAX47CA,文光段,23.45,都市：住
RPSNMLTLJHLFFAX47CA,文光段,3.04,都市：住
RPRNMLMLJHLFFAX66CA,案山段,415.94,都市：工
RPPNMLMLJHLFFAX09CA,風櫃東段,246.37,非都市：風景區 ; 非都市編定：農牧用地
RPQNMLMJKHLFFAX09CA,瓦硐段,364.00,非都市：一般農業區 ; 非都市編定：農牧用地
RPQNMLMJKHLFFAX09CA,港子段,257.00,非都市：一般農業區 ; 非都市編定：農牧用地
RPQNMLMJKHLFFAX09CA,安宅段,276.15,非都市：一般農業區 ; 非都市編定：農牧用地
RPQNMLMJKHLFFAX09CA,南寮南段,480.01,非都市：一般農業區 ; 非都市編定：農牧用地
RPQNMLMJKHLFFAX09CA,南寮南段,689.95,非都市：一般農業區 ; 非都市編定：農牧用地
RPQNMLMJKHLFFAX09CA,南寮南段,513.79,非都市：一般農業區 ; 非都市編定：殯葬用地
RPQNMLMJKHLFFAX09CA,鎮海新段,194.31,非都市：一般農業區 ; 非都市編定：殯葬用地
RPRPMLLLJHLFFAX86DA,北極段,121.98,都市：商
RPRPMLLLJHLFFAX86DA,北極段,151.50,都市：商
RPRNMLTLJHLFFAX37CA,興崁段,1438.98,非都市：一般農業區 ; 非都市編定：農牧用地
RPRNMLTLJHLFFAX37CA,興崁段,395.71,非都市：一般農業區 ; 非都市編定：農牧用地
RPRNMLTLJHLFFAX37CA,興崁段,1108.98,非都市：一般農業區 ; 非都市編定：農牧用地
RPRNMLTLJHLFFAX37CA,興崁段,330.00,非都市：一般農業區 ; 非都市編定：農牧用地
RPTOMLLLJHLFFAX86CA,文光段,28.65,都市：住
RPWOMLLLJHLFFAX27DA,馬公段,29.77,都市：住
RPUNMLMJKHLFFAX86CA,港子段,33.00,非都市：森林區 ; 非都市編定：水利用地
RPUNMLMJKHLFFAX86CA,港子段,33.00,非都市：森林區 ; 非都市編定：水利用地
RPQNMLTLJHLFFAX27CA,鎖港西段,819.53,都市：農
RPQNMLTLJHLFFAX27CA,北極段,13.65,都市：其他
RPQNMLTLJHLFFAX27CA,北極段,75.28,都市：住
RPQNMLTLJHLFFAX27CA,北極段,120.16,都市：住
RPQNMLTLJHLFFAX27CA,鎖港西段,433.36,都市：農
RPQNMLTLJHLFFAX27CA,鎖港西段,22.42,都市：其他
RPQNMLTLJHLFFAX27CA,鎖港西段,3.70,都市：住
RPQNMLTLJHLFFAX27CA,鎖港西段,3.61,都市：住
RPVNMLPLJHLFFAX37CA,中衛段,72.47,非都市：一般農業區 ; 非都市編定：水利用地
RPWNMLPLJHLFFAX47CA,赤崁南段,283.06,非都市：一般農業區 ; 非都市編定：農牧用地
RPVNMLMJKHLFFAX96CA,鐵線段,104.84,非都市：一般農業區 ; 非都市編定：農牧用地
RPVNMLMJKHLFFAX96CA,鐵線段,144.89,非都市：一般農業區 ; 非都市編定：農牧用地
RPVNMLMJKHLFFAX96CA,鐵線段,3.00,非都市：一般農業區 ; 非都市編定：農牧用地
RPVNMLMJKHLFFAX96CA,鐵線段,2.45,非都市：一般農業區 ; 非都市編定：甲種建築用地
RPTNMLPLJHLFFAX17CA,成功南段,270.67,非都市：一般農業區 ; 非都市編定：甲種建築用地
RPPNMLPJKHLFFAX66CA,文寮段,632.12,非都市：一般農業區 ; 非都市編定：農牧用地
RPPNMLNJKHLFFAX09CA,四維段,84.18,非都市：鄉村區 ; 非都市編定：乙種建築用地
RPPNMLRLJHLFFAX96CA,五福段,34.29,非都市：一般農業區 ; 非都市編定：甲種建築用地
RPRNMLRLJHLFFAX17CA,馬公段,3.00,都市：商
RPRNMLRLJHLFFAX17CA,馬公段,35.00,都市：商
RPRNMLKMJHLFFAX56CA,馬公段,10.88,都市：住
RPRNMLSLJHLFFAX27CA,後寮段,248.08,非都市：一般農業區 ; 非都市編定：農牧用地
RPRNMLSLJHLFFAX27CA,後寮段,143.46,非都市：一般農業區 ; 非都市編定：農牧用地
RPRNMLSLJHLFFAX27CA,後寮段,113.85,非都市：一般農業區 ; 非都市編定：農牧用地
RPRNMLSLJHLFFAX27CA,後寮段,55.77,非都市：風景區 ; 非都市編定：農牧用地
RPRNMLSLJHLFFAX27CA,後寮段,156.54,非都市：一般農業區 ; 非都市編定：農牧用地
RPRNMLSLJHLFFAX27CA,後寮段,111.92,非都市：一般農業區 ; 非都市編定：農牧用地
RPRNMLSLJHLFFAX27CA,後寮南段,194.29,非都市：一般農業區 ; 非都市編定：農牧用地
RPRNMLSLJHLFFAX27CA,後寮南段,52.31,非都市：一般農業區 ; 非都市編定：農牧用地
RPRNMLSLJHLFFAX27CA,後寮南段,113.92,非都市：一般農業區 ; 非都市編定：農牧用地
RPRNMLSLJHLFFAX27CA,後寮南段,218.29,非都市：一般農業區 ; 非都市編定：農牧用地
RPRNMLLJKHLFFAX56DA,南寮南段,997.98,非都市：一般農業區 ; 非都市編定：農牧用地
RPSNMLMJKHLFFAX66CA,二崁南段,664.51,非都市：風景區 ; 非都市編定：農牧用地
RPSNMLMJKHLFFAX66CA,二崁南段,924.98,非都市：一般農業區 ; 非都市編定：農牧用地
RPUNMLNJKHLFFAX96CA,鎮海新段,211.68,非都市：風景區 ; 非都市編定：農牧用地
RPUNMLNJKHLFFAX96CA,鎮海新段,211.68,非都市：風景區 ; 非都市編定：農牧用地
RPTNMLMJKHLFFAX76CA,山水西段,18.44,非都市：一般農業區 ; 非都市編定：農牧用地
RPTNMLMJKHLFFAX76CA,山水西段,18.44,非都市：一般農業區 ; 非都市編定：農牧用地
RPTNMLMJKHLFFAX76CA,山水西段,18.44,非都市：一般農業區 ; 非都市編定：農牧用地
RPTNMLMJKHLFFAX76CA,山水西段,43.30,非都市：一般農業區 ; 非都市編定：農牧用地
RPTNMLMJKHLFFAX76CA,山水西段,43.30,非都市：一般農業區 ; 非都市編定：農牧用地
RPTNMLMJKHLFFAX76CA,山水西段,43.30,非都市：一般農業區 ; 非都市編定：農牧用地
RPTNMLMJKHLFFAX76CA,山水西段,12.04,非都市：一般農業區 ; 非都市編定：農牧用地
RPTNMLMJKHLFFAX76CA,山水西段,12.04,非都市：一般農業區 ; 非都市編定：農牧用地
RPTNMLMJKHLFFAX76CA,山水西段,12.04,非都市：一般農業區 ; 非都市編定：農牧用地
RPTNMLNJKHLFFAX86CA,鎮海新段,265.40,非都市：風景區 ; 非都市編定：農牧用地
RPTNMLNJKHLFFAX86CA,鎮海新段,159.24,非都市：風景區 ; 非都市編定：農牧用地
RPTNMLNJKHLFFAX86CA,鎮海新段,106.16,非都市：風景區 ; 非都市編定：農牧用地
RPPNMLOJKHLFFAX66DA,光榮段,91.30,都市：住
RPWNMLMJKHLFFAX07CA,文東段,1043.48,非都市：一般農業區 ; 非都市編定：農牧用地
RPRNMLNJKHLFFAX66CA,馬公段,9.00,都市：商
RPPNMLMLKHLFFAX56CA,光榮段,11.44,都市：住
RPPNMLMLKHLFFAX56CA,光榮段,151.33,都市：住
RPSNMLSKKHLFFAX47DA,文光段,6.11,都市：其他
