﻿鄉鎮市區,交易標的,土地區段位置建物區段門牌,土地面積平方公尺,都市土地使用分區,非都市土地使用分區,非都市土地使用編定,租賃年月日,租賃筆棟數,租賃層次,總樓層數,建物型態,主要用途,主要建材,建築完成年月,建物總面積平方公尺,建物現況格局-房,建物現況格局-廳,建物現況格局-衛,建物現況格局-隔間,有無管理組織,有無附傢俱,總額元,單價元平方公尺,車位類別,車位面積平方公尺,車位總額元,備註,編號
The villages and towns urban district,transaction sign,land sector position building sector house number plate,land shifting total area square meter,the use zoning or compiles and checks,the non-metropolis land use district,non-metropolis land use,transaction year month and day,transaction pen number,shifting level,total floor number,building state,main use,main building materials,construction to complete the years,building shifting total area,Building present situation pattern - room,building present situation pattern - hall,building present situation pattern - health,building present situation pattern - compartmented,Whether there is manages the organization,Whether there is attaches the furniture,total price NTD,the unit price (NTD / square meter),the berth category,berth shifting total area square meter,the berth total price NTD,the note,serial number
北區,房地(土地+建物),臺南市北區開元路73巷41弄1~30號,37.0,住,,,1030424,土地1建物1車位0,全,2,透天厝,住家用,加強磚造,0590506,70.95,2,2,1,有,無,有,4000,56,,0.0,0,,RPROMLLJNHJFFAD47CC
東區,房地(土地+建物),臺南市東區育樂街61~90號,0.0,住,,,1030412,土地1建物1車位0,四層,4,公寓(5樓含以下無電梯),住家用,鋼筋混凝土構造,0690502,33.83,2,1,1,有,無,有,5500,163,,0.0,0,租賃合約書無填寫土地租賃.租金包含第4台,RPWNMLLJNHJFFCD08CC
東區,房地(土地+建物)+車位,臺南市東區長榮路一段1~30號,0.0,住,,,1030429,土地1建物1車位1,九層,14,住宅大樓(11層含以上有電梯),住家用,鋼筋混凝土構造,0991213,70.17,2,1,1,有,無,有,16000,228,坡道平面,18.23,0,,RPXNMLLJNHJFFCD18CC
佳里區,房地(土地+建物),臺南市佳里區文化路421~450號,96.58,住,,,1030301,土地2建物1車位0,全,3,透天厝,住家用,鋼筋混凝土造,0720108,174.64,0,0,0,無,無,無,3000,17,,0.0,0,親友關係所以酌收租金,RPTNMLLJNHJFFDR76DC
東區,房地(土地+建物),臺南市東區中華東路三段91~120號,574.0,商,,,1030502,土地1建物1車位0,見其他登記事項,1,店面(店鋪),見其他登記事項,見其他登記事項,0750724,201.66,0,0,0,有,無,有,102000,506,,0.0,0,,RPPPMLMJNHJFFCD77DC
善化區,房地(土地+建物),臺南市善化區陽光大道358巷1~30號,111.0,住,,,1030501,土地1建物1車位0,見其他登記事項,3,其他,見其他登記事項,鋼筋混凝土造,1020709,185.4,4,2,4,有,無,無,18000,97,,0.0,0,有車位,RPSNMLMJNHJFFER76CC
新市區,房地(土地+建物),臺南市新市區豐榮31~60號,75.0,,鄉村區,乙種建築用地,1030501,土地1建物1車位0,全,4,透天厝,住商用,鋼筋混凝土造,0840413,165.21,5,2,3,有,無,有,13000,79,,0.0,0,,RPTNMLMJNHJFFER86CC
東區,建物,臺南市東區東寧路31~60號,93.58,商,,,1030423,土地0建物1車位0,三層,11,住宅大樓(11層含以上有電梯),住家用,鋼筋混凝土構造,0861008,103.08,5,1,2,有,無,有,22000,213,,0.0,0,,RPSNMLMJNHJFFCD77CC
東區,建物,臺南市東區林森路一段121~150號,25.8,商,,,1030425,土地0建物1車位0,十一層,22,住宅大樓(11層含以上有電梯),住家用,鋼筋混凝土構造,0800111,29.63,1,1,1,有,無,有,6000,202,,0.0,0,,RPVNMLMJNHJFFCD08CC
東區,建物,臺南市東區中華東路一段61~90號,0.0,商,,,1030413,土地0建物1車位0,十一層,14,住宅大樓(11層含以上有電梯),住家用,鋼筋混凝土構造,0890822,98.0,4,1,2,有,有,有,17000,173,,0.0,0,1.租賃契約書無填寫土地租賃面積。2.由所有權人提供租屋資訊。,RPWNMLMJNHJFFCD18CC
東區,建物,臺南市東區建東街35巷1~30號,0.0,住,,,1030409,土地0建物1車位0,全,2,透天厝,住家用,加強磚造,0571205,71.0,5,2,4,有,無,有,12000,169,,0.0,0,1.租賃契約書無填寫土地租賃面積。2.由所有權人提供租屋資訊。,RPXNMLMJNHJFFCD28CC
南區,建物,臺南市南區大同路二段430巷9弄1~30號,0.0,住,,,1030421,土地0建物1車位0,四層,4,公寓(5樓含以下無電梯),住家用,鋼筋混凝土構造,0670412,92.48,6,2,3,有,無,有,9000,97,,0.0,0,,RPOOMLMJNHJFFCD47CC
北區,建物,臺南市北區公園路321巷1~30號,141.45,住,,,1030423,土地0建物1車位0,四層,4,公寓(5樓含以下無電梯),住家用,鋼筋混凝土造,0701218,141.45,3,2,3,有,無,有,13000,92,,0.0,0,,RPXNMLMJNHJFFAD08CC
中西區,建物,臺南市中西區和平街61~90號,0.0,商,,,1030420,土地0建物1車位0,三層,3,公寓(5樓含以下無電梯),住家用,鋼筋混凝土造,0790322,78.77,3,1,1,有,無,有,5000,63,,0.0,0,,RPQOMLMJNHJFFAD47CC
安平區,建物,臺南市安平區慶平路511~540號,47.1,商,,,1030427,土地0建物1車位0,十七層,24,住宅大樓(11層含以上有電梯),見其他登記事項,鋼筋混凝土造,0880211,50.47,4,2,2,有,無,有,11500,228,,0.0,0,,RPPNMLNJNHJFFAD37CC
北區,建物,臺南市北區公園南路361~390號,44.4,住,,,1030422,土地0建物1車位0,十層,14,住宅大樓(11層含以上有電梯),見其他登記事項,見其他登記事項,0960824,50.15,2,1,1,有,無,有,23000,459,,0.0,0,,RPQNMLNJNHJFFAD47CC
北區,房地(土地+建物),臺南市北區育德一街271~300號,102.38,住,,,1030501,土地1建物1車位0,全,4,透天厝,住家用,見其他登記事項,0930601,247.87,6,2,4,有,無,有,25000,101,,0.0,0,,RPWNMLNJNHJFFAD08CC
安平區,房地(土地+建物),臺南市安平區郡平路181~210號,11.67,其他,,,1030430,土地1建物1車位0,十三層,17,住宅大樓(11層含以上有電梯),住家用,鋼筋混凝土造,0850907,41.03,2,2,2,有,無,有,15000,366,,0.0,0,,RPVOMLNJNHJFFAD08CC
東區,建物,臺南市東區長榮路二段24巷1~30號,141.42,住,,,1030428,土地0建物1車位0,全,2,透天厝,住家用,加強磚造,0580915,141.42,8,2,5,有,無,有,35000,247,,0.0,0,,RPPNMLNJNHJFFCD57CC
永康區,建物,臺南市永康區南工街247巷35弄91~120號,109.18,住,,,1030430,土地0建物1車位0,全,2,透天厝,住家用,加強磚造,0780325,112.83,5,2,3,有,無,有,15000,133,,0.0,0,,RPRNMLNJNHJFFHR07CC
學甲區,房地(土地+建物),臺南市學甲區八德街61~90號,271.25,住,,,1030505,土地1建物1車位0,全,2,透天厝,住家用,加強磚造,0791009,69.35,1,2,1,有,無,無,20000,288,,0.0,0,,RPQOMLPJNHJFFDR86CC
安南區,房地(土地+建物),臺南市安南區安和路三段61~90號,144.6,工,,,1030405,土地1建物1車位0,一層,1,店面(店鋪),住商用,加強磚造,,62.47,0,0,0,無,無,有,18000,288,,0.0,0,,RPRNMLPJNHJFFBD08EC
南區,房地(土地+建物),臺南市南區中華南路二段241~270號,40.27,住,,,1030503,土地1建物1車位0,一層,5,公寓(5樓含以下無電梯),住家用,鋼筋混凝土構造,0701126,136.0,3,2,1,有,無,有,9000,66,,0.0,0,,RPQNMLQJNHJFFCD08DC
南區,房地(土地+建物),臺南市南區福吉三街80巷1~30號,105.0,住,,,1030429,土地1建物1車位0,全,4,透天厝,住商用,鋼筋混凝土構造,0720629,354.93,4,2,4,有,無,無,22000,62,,0.0,0,,RPXOMLQJNHJFFCD78CC
中西區,土地,新美段961~990地號,16.87,商,,,1030424,土地1建物0車位0,,,其他,,,,0.0,0,0,0,有,無,無,9000,533,,0.0,0,,RPQPMLQJNHJFFAD97CC
中西區,建物,臺南市中西區民權路三段400巷1~30號,0.0,住,,,1030504,土地0建物1車位0,四層,10,華廈(10層含以下有電梯),見其他登記事項,鋼筋混凝土造,0880730,135.56,3,2,2,有,無,有,28000,207,,0.0,0,,RPQOMLRJNHJFFAD97CC
東區,房地(土地+建物),臺南市東區府東街241~270號,77.0,住,,,1030428,土地1建物1車位0,全,4,透天厝,住商用,鋼筋混凝土構造,0690505,194.58,5,2,4,有,無,無,15000,77,,0.0,0,,RPWNMLRJNHJFFCD68CC
中西區,房地(土地+建物),臺南市中西區民權路二段121~150號,170.04,商,,,1030501,土地1建物1車位0,二層,4,店面(店鋪),住商用,加強磚造,0580925,291.18,0,0,0,無,無,無,50000,172,,0.0,0,,RPTNMLSJNHJFFAD28CC
永康區,房地(土地+建物),臺南市永康區復國二路346巷1~30號,82.31,住,,,1030420,土地1建物1車位0,全,4,透天厝,住家用,鋼筋混凝土造,0831118,182.4,4,2,3,有,無,無,13000,71,,0.0,0,,RPRNMLSJNHJFFHR57CC
永康區,建物,臺南市永康區南工街211~240號,215.4,住,,,1030430,土地0建物1車位0,全,5,透天厝,住商用,鋼筋混凝土造,0841127,240.93,5,2,3,有,無,有,16800,70,,0.0,0,,RPOOMLSJNHJFFHR37CC
北區,房地(土地+建物),臺南市北區公園南路370巷31~60號,1.44,住,,,1030414,土地1建物1車位0,十六層,16,住宅大樓(11層含以上有電梯),住家用,鋼筋混凝土造,0840912,73.92,2,2,2,有,有,有,9500,129,,0.0,0,,RPWPMLTJNHJFFAD88CC
中西區,房地(土地+建物),臺南市中西區民族路二段391~420號,37.72,商,,,1030411,土地3建物1車位0,全,4,透天厝,,鋼筋混凝土造,0650228,109.08,0,0,0,無,無,無,21000,193,,0.0,0,,RPOQMLTJNHJFFAD18CC
歸仁區,房地(土地+建物),臺南市歸仁區仁愛北街61~90號,1909.0,住,,,1030413,土地1建物1車位0,二層,8,華廈(10層含以下有電梯),住商用,鋼筋混凝土造,0840106,77.15,2,2,2,有,無,有,7500,97,,0.0,0,,RPPNMLLKNHJFFFR56CC
善化區,建物,臺南市善化區月眉園路51巷1~30號,112.78,住,,,1030428,土地0建物1車位0,全,4,透天厝,見其他登記事項,鋼筋混凝土造,1020715,191.0,4,2,4,有,無,有,26000,136,,0.0,0,,RPSNMLMKNHJFFER86CC
永康區,房地(土地+建物)+車位,臺南市永康區永二街391~420號,0.0,住,,,1030425,土地1建物1車位1,九層,15,住宅大樓(11層含以上有電梯),住家用,鋼筋混凝土造,0830504,71.84,3,2,2,有,無,有,17600,245,坡道機械,10.8,0,,RPPNMLMKNHJFFHR86CC
永康區,建物,臺南市永康區復國一路511~540號,181.55,住,,,1030501,土地0建物1車位0,全,4,透天厝,住商用,鋼筋混凝土造,0811116,204.63,4,2,3,有,無,有,10000,49,,0.0,0,,RPROMLMKNHJFFHR17CC
中西區,建物,臺南市中西區大德街1~30號,383.1,商,,,1030426,土地0建物0車位0,全,4,透天厝,住工用,鋼筋混凝土造,0811107,12.7,1,0,1,有,無,有,7000,551,,0.0,0,,RPTOMLMKNHJFFAD87CC
安平區,建物,臺南市安平區育平九街192巷61~90號,63.26,商,,,1030502,土地0建物1車位0,九層,11,住宅大樓(11層含以上有電梯),住家用,鋼筋混凝土造,0830512,77.28,2,2,2,有,無,有,10000,129,,0.0,0,,RPUOMLMKNHJFFAD97CC
東區,建物,臺南市東區慶東街127巷1~30號,77.76,住,,,1030501,土地0建物1車位0,三層,5,公寓(5樓含以下無電梯),住家用,鋼筋混凝土構造,0700202,77.76,3,1,2,有,無,有,9000,116,,0.0,0,,RPUNMLMKNHJFFCD08CC
東區,建物,臺南市東區裕農路841~870號,99.36,住,,,1030505,土地0建物1車位0,全,4,透天厝,住商用,鋼筋混凝土構造,0920731,99.36,0,0,1,有,無,有,19000,191,,0.0,0,,RPVNMLOKNHJFFCD38CC
中西區,建物,臺南市中西區民權路三段400巷1~30號,0.0,住,,,1030504,土地0建物1車位0,八層,10,華廈(10層含以下有電梯),見其他登記事項,鋼筋混凝土造,0880730,122.62,3,2,2,有,無,有,22000,179,,0.0,0,,RPTOMLOKNHJFFAD08CC
北區,建物,臺南市北區公園南路331~360號,0.0,住,,,1030502,土地0建物1車位0,五層,,住宅大樓(11層含以上有電梯),,,,44.8,2,1,1,有,無,有,25000,558,,0.0,0,,RPVOMLOKNHJFFAD28CC
北區,房地(土地+建物),臺南市北區成功路571~600號,3.04,住,,,1030417,土地1建物1車位0,八層,12,住宅大樓(11層含以上有電梯),住家用,鋼筋混凝土造,0840307,25.29,1,1,1,有,有,有,5000,198,,0.0,0,,RPUPMLOKNHJFFAD28CC
北區,房地(土地+建物),臺南市北區公園南路361~390號,3.26,住,,,1030417,土地1建物1車位0,十二層,12,住宅大樓(11層含以上有電梯),見其他登記事項,見其他登記事項,0960824,19.27,1,0,1,有,有,有,7500,389,,0.0,0,,RPVPMLOKNHJFFAD38CC
安平區,建物,臺南市安平區永華路二段1231~1260號,215.58,住,,,1030506,土地0建物1車位0,全,2,透天厝,住家用,鋼筋混凝土造,0961101,224.06,5,3,3,有,無,有,35000,156,,0.0,0,,RPTNMLPKNHJFFAD08CC
北區,建物,臺南市北區公園南路331~360號,73.06,住,,,1030508,土地0建物1車位0,四層,14,住宅大樓(11層含以上有電梯),見其他登記事項,見其他登記事項,0960824,81.63,3,2,2,有,無,有,22500,276,,0.0,0,,RPUNMLPKNHJFFAD18CC
新市區,房地(土地+建物),臺南市新市區大營271~300號,73.0,,鄉村區,乙種建築用地,1030514,土地1建物1車位0,全,2,透天厝,住家用,加強磚造,0690826,72.38,5,2,2,有,無,有,8000,111,,0.0,0,,RPVNMLPKNHJFFER47CC
安南區,房地(土地+建物),臺南市安南區安中路二段37巷31~60號,90.3,住,,,1030515,土地1建物1車位0,全,3,透天厝,見其他登記事項,鋼筋混凝土造,0820622,285.26,6,2,3,有,無,無,15000,53,,0.0,0,,RPXNMLQKNHJFFBD68CC
安南區,房地(土地+建物),臺南市安南區怡安路一段271~300號,110.01,住,,,1030515,土地1建物1車位0,全,3,透天厝,住商用,鋼筋混凝土造,0830126,233.44,5,3,4,有,無,無,20000,86,,0.0,0,,RPOOMLQKNHJFFBD87CC
安平區,房地(土地+建物),臺南市安平區國平路181~210號,10195.0,住,,,1030516,土地1建物1車位0,一層,1,店面(店鋪),見其他登記事項,見其他登記事項,1030103,225.37,0,0,0,無,無,有,80000,355,,0.0,0,,RPSNMLQKNHJFFAD08CC
安平區,建物,臺南市安平區建平路661~690號,50.69,住,,,1030509,土地0建物1車位0,全,5,透天厝,見其他登記事項,見其他登記事項,0991104,68.93,1,0,1,有,無,有,18000,261,,0.0,0,,RPOPMLQKNHJFFAD87CC
北區,房地(土地+建物),臺南市北區東豐路61~90號,93.0,住,,,1030501,土地1建物1車位0,全,6,透天厝,住商用,鋼筋混凝土造,0840529,298.58,20,1,21,有,無,有,40000,134,,0.0,0,,RPOOMLTKNHJFFAD08CC
中西區,建物,臺南市中西區五妃街241~270號,48.83,住,,,1030510,土地0建物1車位0,七層,8,華廈(10層含以下有電梯),見其他登記事項,鋼筋混凝土造,0931203,50.89,1,1,1,有,無,有,13500,265,,0.0,0,,RPROMLTKNHJFFAD38CC
東區,房地(土地+建物)+車位,臺南市東區中華東路二段226巷27弄1~30號,22.41,商,,,1030426,土地1建物1車位1,一層,18,住宅大樓(11層含以上有電梯),商業用,鋼筋混凝土構造,1020711,120.1,0,0,0,無,有,無,30000,250,坡道平面,0.0,0,,RPQOMLKLNHJFFCD67CC
南區,建物,臺南市南區賢南街1~30號,66.64,住,,,1030515,土地0建物1車位0,六層,6,華廈(10層含以下有電梯),住家用,鋼筋混凝土構造,0811121,81.26,2,1,2,有,無,有,6500,80,,0.0,0,,RPPNMLLLNHJFFCD57CC
中西區,建物,臺南市中西區南華街1~30號,113.97,住,,,1030513,土地0建物1車位0,全,2,透天厝,住家用,加強磚造,0600618,126.57,2,2,3,有,無,有,20000,158,,0.0,0,,RPPOMLLLNHJFFAD47CC
安平區,建物,臺南市安平區永華八街1~30號,133.26,商,,,1030515,土地0建物1車位0,一層,14,住宅大樓(11層含以上有電梯),見其他登記事項,鋼筋混凝土造,0960719,133.26,0,1,1,有,無,有,35000,263,,0.0,0,,RPSOMLLLNHJFFAD77CC
中西區,房地(土地+建物),臺南市北區成功路331~360號,818.22,商,,,1030513,土地5建物2車位0,一層,10,辦公商業大樓,商業用,鋼筋混凝土造,0800205,374.06,0,2,2,有,無,有,50000,134,,0.0,0,,RPXNMLMLNHJFFAD28CC
善化區,房地(土地+建物),臺南市善化區光復路211~240號,82.67,住,,,1030501,土地1建物1車位0,全,4,透天厝,住商用,鋼筋混凝土造,1010203,204.0,4,2,4,有,無,有,30000,147,,0.0,0,,RPRNMLMLNHJFFER86CC
北區,房地(土地+建物),臺南市北區西門路四段271~300號,434.82,商,,,1030517,土地1建物1車位0,一層,4,辦公商業大樓,住商用,鋼筋混凝土造,0751120,273.16,0,0,0,無,無,無,26000,95,,0.0,0,,RPSOMLNLNHJFFAD97CC
北區,房地(土地+建物),臺南市北區開南街275巷8弄1~30號,60.0,住,,,1030507,土地1建物1車位0,全,2,透天厝,住家用,加強磚造,0640308,79.65,3,2,2,有,無,無,10000,126,,0.0,0,,RPTNMLOLNHJFFAD08CC
中西區,建物,臺南市中西區五妃街309巷1~30號,114.43,住,,,1030520,土地0建物1車位0,四層,5,公寓(5樓含以下無電梯),住家用,鋼筋混凝土造,0730626,125.44,4,2,2,有,無,有,12000,96,,0.0,0,,RPOOMLQLNHJFFAD87CC
東區,建物,臺南市東區富農街一段131巷31~60號,89.4,住,,,1030515,土地0建物1車位0,見其他登記事項,9,華廈(10層含以下有電梯),住家用,鋼筋混凝土構造,0840112,159.44,1,2,1,有,無,有,11000,69,,0.0,0,,RPRNMLQLNHJFFCD28CC
東區,建物,臺南市東區怡東路150巷1~30號,81.46,住,,,1030515,土地0建物1車位0,十一層,12,住宅大樓(11層含以上有電梯),國民住宅,鋼筋混凝土構造,0881116,91.47,5,0,2,有,無,有,19000,208,,0.0,0,,RPSNMLQLNHJFFCD38CC
南區,建物,臺南市南區大同路二段406巷12弄1~30號,89.56,住,,,1030517,土地0建物1車位0,二層,5,公寓(5樓含以下無電梯),住家用,鋼筋混凝土構造,0701231,103.66,3,2,2,有,無,有,120000,1158,,0.0,0,,RPTNMLQLNHJFFCD48CC
南區,建物,臺南市南區仁慈街61~90號,87.47,住,,,1030520,土地0建物1車位0,全,4,透天厝,住家用,鋼筋混凝土構造,0681013,87.47,2,1,1,有,無,有,9800,112,,0.0,0,,RPVNMLQLNHJFFCD68CC
永康區,土地,鹽行段1501~1530地號,3412.0,其他,,,1030501,土地5建物0車位0,,,其他,,,,0.0,0,0,0,有,無,無,100000,29,,0.0,0,,RPVNMLQLNHJFFHR97CC
永康區,房地(土地+建物),臺南市永康區臺南市永康區東橋三路421~450號,190.81,住,,,1030517,土地1建物1車位0,見其他登記事項,5,店面(店鋪),住商用,鋼筋混凝土造,0980722,497.09,6,3,4,有,無,無,55000,111,,0.0,0,,RPUOMLRLNHJFFHR18DC
永康區,建物,臺南市永康區勝學路241~270號,0.0,住,,,1030429,土地0建物1車位0,九層,13,住宅大樓(11層含以上有電梯),住家用,鋼筋混凝土造,0880701,136.32999999999998,5,2,2,有,有,有,15000,110,,0.0,0,,RPTNMLSLNHJFFHR97CC
永康區,建物,臺南市永康區復國二路90巷1~30號,0.0,住,,,1030430,土地0建物1車位0,一層,7,華廈(10層含以下有電梯),住家用,見其他登記事項,1020618,104.77,3,2,2,有,有,有,14500,138,,0.0,0,1.合約書無填具土地租賃面積.2.由所有權人提供出租資訊3.租金以包含平面車位,RPUNMLSLNHJFFHR08CC
永康區,建物,臺南市永康區中華路7巷1~30號,0.0,住,,,1030430,土地0建物1車位0,七層,19,住宅大樓(11層含以上有電梯),見其他登記事項,見其他登記事項,1010817,88.37,2,1,1,有,有,有,19500,221,,0.0,0,,RPVNMLSLNHJFFHR18CC
仁德區,建物,臺南市仁德區太子路86巷1~30號,42.78,農,,,1030527,土地0建物1車位0,見其他登記事項,1,廠辦,農舍,混凝土造,0670523,42.78,0,0,0,無,無,有,24000,561,,0.0,0,租賃契約毋需填寫土地租賃面積由所有權人提供租屋資訊,RPRNMLSLNHJFFFR57CC
東區,建物,臺南市東區崇德十八街1~30號,54.9,商,,,1030521,土地0建物1車位0,三層,6,華廈(10層含以下有電梯),商業用,鋼筋混凝土構造,0820216,58.18,3,1,1,有,無,有,10000,172,,0.0,0,,RPQNMLSLNHJFFCD38CC
東區,建物,臺南市東區衛國街112巷31~60號,0.0,住,,,1030428,土地0建物1車位0,七層,7,華廈(10層含以下有電梯),國民住宅,鋼筋混凝土構造,0690522,62.0,2,1,1,有,有,有,8000,129,,0.0,0,,RPRNMLSLNHJFFCD48CC
東區,建物,臺南市東區東寧路31~60號,0.0,商,,,1030519,土地0建物0車位0,一層,2,店面(店鋪),住商用,加強磚造,0670824,57.85,0,0,0,無,無,無,42500,735,,0.0,0,,RPROMLSLNHJFFCD58CC
安平區,建物,臺南市安平區健康三街12巷1~30號,75.18,住,,,1030521,土地0建物1車位0,七層,14,住宅大樓(11層含以上有電梯),見其他登記事項,鋼筋混凝土造,0890822,86.44,3,2,2,有,無,有,15000,174,,0.0,0,,RPPOMLSLNHJFFAD18CC
中西區,建物,臺南市中西區慶中街1~30號,88.64,住,,,1030523,土地0建物1車位0,七層,7,華廈(10層含以下有電梯),住家用,鋼筋混凝土造,0741127,98.38,4,2,2,有,無,有,18000,183,,0.0,0,,RPQOMLSLNHJFFAD28CC
中西區,建物,臺南市中西區建安街52巷1~30號,70.0,商,,,1030527,土地0建物1車位0,全,2,透天厝,住家用,磚造,0490101,109.0,4,1,3,有,無,有,28000,257,,0.0,0,,RPROMLSLNHJFFAD38CC
北區,建物,臺南市北區長榮路五段41巷1~30號,0.0,住,,,1030430,土地0建物1車位0,二層,14,住宅大樓(11層含以上有電梯),國民住宅,鋼筋混凝土造,0920916,168.95,4,2,2,有,無,有,16000,95,,0.0,0,,RPTOMLSLNHJFFAD58CC
北區,建物,臺南市北區小東路307巷20弄1~30號,0.0,住,,,1030501,土地0建物1車位0,全,2,透天厝,住商用,加強磚造,0650211,94.02,4,1,2,有,無,無,10000,106,,0.0,0,,RPUOMLSLNHJFFAD68CC
安平區,建物,臺南市安平區平通路61~90號,0.0,住,,,1030503,土地0建物1車位0,全,6,透天厝,住商用,鋼筋混凝土造,0791228,277.77,3,2,4,有,無,無,20000,72,,0.0,0,,RPVOMLSLNHJFFAD78CC
北區,建物,臺南市北區民德路58巷31~60號,0.0,住,,,1030504,土地0建物1車位0,見其他登記事項,1,店面(店鋪),見其他登記事項,見其他登記事項,0891027,45.69,0,0,0,有,無,無,16000,350,,0.0,0,,RPWOMLSLNHJFFAD88CC
北區,建物,臺南市北區北園街31~60號,0.0,商,,,1030509,土地0建物1車位0,四層,14,住宅大樓(11層含以上有電梯),見其他登記事項,鋼筋混凝土造,0870420,78.77000000000001,2,1,1,有,有,有,11500,146,,0.0,0,,RPXOMLSLNHJFFAD98CC
北區,建物,臺南市北區北安路一段176巷1~30號,0.0,商,,,1030426,土地0建物1車位0,十層,13,住宅大樓(11層含以上有電梯),見其他登記事項,見其他登記事項,0951129,100.36,2,1,1,有,有,有,17500,174,,0.0,0,,RPOPMLSLNHJFFAD18CC
安平區,房地(土地+建物),臺南市安平區永華路二段841~870號,220.0,住,,,1030530,土地1建物1車位0,全,2,透天厝,住家用,見其他登記事項,0950217,265.71,5,3,2,有,無,無,33000,124,,0.0,0,,RPUNMLKMNHJFFAD87CC
中西區,建物,臺南市中西區大智街121~150號,81.12,住,,,1030512,土地0建物1車位0,全,2,透天厝,住家用,磚造,0500101,81.12,4,1,3,有,無,有,18000,222,,0.0,0,,RPROMLKMNHJFFAD67CC
中西區,房地(土地+建物),臺南市中西區五妃街241~270號,10.3,住,,,1030511,土地1建物1車位0,四層,8,華廈(10層含以下有電梯),見其他登記事項,鋼筋混凝土造,0931203,42.51,2,1,1,有,無,有,11000,259,,0.0,0,,RPVOMLKMNHJFFAD08CC
安平區,房地(土地+建物),臺南市安平區慶平路151~180號,0.0,商,,,1030524,土地1建物1車位0,一層,2,住宅大樓(11層含以上有電梯),商業用,鋼筋混凝土造,0840819,48.77,0,0,0,無,無,無,11000,226,,0.0,0,,RPTPMLKMNHJFFAD97CC
安平區,房地(土地+建物),臺南市安平區慶平路151~180號,0.0,商,,,1030524,土地1建物1車位0,二層,2,住宅大樓(11層含以上有電梯),商業用,鋼筋混凝土造,0840819,72.74,0,0,0,無,無,無,10000,137,,0.0,0,,RPXPMLKMNHJFFAD38CC
新市區,房地(土地+建物),臺南市新市區永華三街1~30號,43.75,,特定專用區,甲種建築用地,1030510,土地1建物1車位0,六層,8,華廈(10層含以下有電梯),住家用,鋼筋混凝土造,0860825,79.85,3,2,2,有,有,無,8500,106,,0.0,0,,RPUQMLKMNHJFFER47DC
仁德區,房地(土地+建物),臺南市仁德區中正路三段181~210號,143.04,住,,,1030516,土地3建物1車位0,全,2,透天厝,住家用,加強磚造,0600701,134.3,6,3,3,有,無,無,16000,119,,0.0,0,,RPQNMLLMNHJFFFR86CC
安南區,房地(土地+建物),臺南市安南區同安路391~420號,13.24,住,,,1030530,土地1建物1車位0,一層,18,住宅大樓(11層含以上有電梯),住家用,鋼筋混凝土造,0851125,91.26,4,1,2,有,有,有,12000,131,,0.0,0,,RPQNMLLMNHJFFBD67CC
善化區,土地,慶安段61~90地號,289.51,農,,,1030530,土地1建物0車位0,,,其他,,,,0.0,0,0,0,有,無,無,20000,69,,0.0,0,,RPRNMLLMNHJFFER86CC
善化區,房地(土地+建物),臺南市善化區陽光大道358巷1~30號,111.0,住,,,1030601,土地1建物1車位0,全,3,透天厝,見其他登記事項,鋼筋混凝土造,1020709,185.4,4,2,4,有,無,有,18000,97,,0.0,0,有車庫,RPXOMLNJOHJFFER57CC
仁德區,建物,臺南市仁德區亞航街198巷1~30號,81.18,住,,,1030518,土地0建物1車位0,全,2,透天厝,住家用,加強磚造,0661017,81.18,3,2,2,有,無,有,10000,123,,0.0,0,租賃契約毋需填寫土地租賃面積由所有權人提供租屋資訊,RPVOMLNJOHJFFFR47CC
南區,建物,臺南市南區大同路二段406巷12弄1~30號,75.98,住,,,1030523,土地0建物1車位0,全,5,透天厝,住家用,鋼筋混凝土構造,0710217,87.09,3,1,1,有,無,有,12000,138,,0.0,0,,RPVOMLNJOHJFFCD38CC
東區,建物,臺南市東區崇明路721~750號,98.15,住,,,1030529,土地0建物1車位0,全,5,透天厝,見其他登記事項,鋼筋混凝土構造,0960626,131.15,1,1,2,有,無,有,15000,114,,0.0,0,,RPXOMLNJOHJFFCD58CC
南區,建物,臺南市南區大同路二段136巷1~30號,88.01,住,,,1030530,土地0建物1車位0,十一層,13,住宅大樓(11層含以上有電梯),國民住宅,鋼筋混凝土構造,0881021,96.25,3,2,2,有,無,有,13000,135,,0.0,0,,RPOPMLNJOHJFFCD77CC
東區,土地,育樂段301~330地號,46.0,商,,,1030501,土地1建物0車位0,,,其他,,,,0.0,0,0,0,有,無,無,8500,185,,0.0,0,,RPPOMLOJOHJFFCD87CC
北區,房地(土地+建物),臺南市北區和緯路二段181~210號,98.07,住,,,1030528,土地1建物1車位0,全,4,透天厝,見其他登記事項,鋼筋混凝土造,0961126,257.37,0,0,1,有,無,無,16000,62,,0.0,0,,RPUNMLOJOHJFFAD08CC
安平區,房地(土地+建物),臺南市安平區建平十七街211~240號,10.61,其他,,,1030530,土地1建物1車位0,五層,17,住宅大樓(11層含以上有電梯),住家用,鋼筋混凝土造,0840829,155.67,4,2,2,有,無,無,15000,96,,0.0,0,,RPQNMLPJOHJFFAD77CC
南區,建物,臺南市南區健康路二段511~540號,0.0,住,,,1030517,土地0建物0車位0,見其他登記事項,5,店面(店鋪),見其他登記事項,鋼筋混凝土構造,0970214,205.38,1,3,3,有,無,有,34000,166,,0.0,0,,RPROMLQJOHJFFCD28CC
北區,房地(土地+建物),臺南市北區公園北路151~180號,15.37,住,,,1030605,土地1建物1車位0,八層,14,住宅大樓(11層含以上有電梯),見其他登記事項,見其他登記事項,0951001,58.04,2,1,1,有,有,有,17000,293,,0.0,0,,RPWNMLRJOHJFFAD58CC
安南區,房地(土地+建物),臺南市安南區慈安路109巷1~30號,49.78,住,,,1030528,土地1建物1車位0,全,4,透天厝,見其他登記事項,鋼筋混凝土造,1011207,173.73,5,2,4,有,無,有,21000,121,,0.0,0,,RPSNMLRJOHJFFBD28CC
新市區,房地(土地+建物),臺南市新市區港墘里國際路1~30號,4402.01,其他,,,1030109,土地4建物1車位0,一層,1,廠辦,見其他登記事項,鋼筋混凝土造,0761208,2453.85,0,0,0,無,無,無,280000,114,,0.0,0,,RPQNMLTJOHJFFER37CC
善化區,建物,臺南市善化區光復路211~240號,85.5,住,,,1030603,土地0建物1車位0,全,4,透天厝,住商用,鋼筋混凝土造,1010203,53.71,2,0,1,有,無,有,10000,186,,0.0,0,,RPRNMLTJOHJFFER47CC
新市區,土地,新北段211~240地號,431.9,住,,,1030510,土地1建物0車位0,,,其他,,,,0.0,0,0,0,有,無,有,28600,66,,0.0,0,,RPSNMLTJOHJFFER57CC
新市區,土地,新北段211~240地號,431.9,住,,,1030510,土地1建物0車位0,,,其他,,,,0.0,0,0,0,有,無,有,28600,66,,0.0,0,,RPTNMLTJOHJFFER67CC
新營區,房地(土地+建物),臺南市新營區隋唐街271~300號,126.29,住,,,1030609,土地1建物1車位0,全,5,透天厝,住商用,鋼筋混凝土造,0830810,69.45,0,1,1,有,無,無,18000,259,,0.0,0,,RPRNMLTJOHJFFAR07CC
東區,房地(土地+建物),臺南市東區仁和路31~60號,89.15,住,,,1030601,土地1建物1車位0,一層,1,店面(店鋪),見其他登記事項,鋼筋混凝土構造,1010522,57.69,0,0,1,有,無,無,19000,329,,0.0,0,,RPSNMLTJOHJFFCD68DC
佳里區,房地(土地+建物),臺南市佳里區進學路301~330號,72.0,住,,,1030608,土地1建物1車位0,全,3,透天厝,住商用,加強磚造,0660305,174.53,4,2,3,有,無,無,16000,92,,0.0,0,,RPRNMLKKOHJFFDR56CC
永康區,房地(土地+建物),臺南市永康區成功路172巷31~60號,120.73,住,,,1030609,土地1建物1車位0,全,2,透天厝,住家用,加強磚造,0770204,165.02,4,1,3,有,無,無,20000,121,,0.0,0,,RPUNMLKKOHJFFHR27CC
東區,房地(土地+建物)+車位,臺南市東區長榮路一段1~30號,19.49,住,,,1030531,土地1建物1車位1,五層,14,住宅大樓(11層含以上有電梯),住家用,鋼筋混凝土構造,0991213,182.54,4,2,2,有,有,無,20000,0,坡道平面,36.7,0,,RPSPMLKKOHJFFCD97CC
東區,房地(土地+建物),臺南市東區裕農路345巷1~30號,84.0,住,,,1030601,土地1建物1車位0,全,3,透天厝,住商用,鋼筋混凝土構造,0671230,136.8,4,2,3,有,無,無,11000,80,,0.0,0,,RPOOMLLKOHJFFCD57CC
北區,房地(土地+建物),臺南市北區開元路421~450號,386.0,住,,,1030610,土地1建物1車位0,全,3,透天厝,住商用,加強磚造,,109.79,3,2,2,有,無,無,50000,455,,0.0,0,,RPSNMLLKOHJFFAD67CC
安平區,房地(土地+建物),臺南市安平區建平7街211~240號,0.0,住,,,1030530,土地1建物1車位0,五層,6,華廈(10層含以下有電梯),住家用,鋼筋混凝土造,0830802,24.55,1,0,1,有,無,有,5500,224,,0.0,0,,RPXNMLLKOHJFFAD18CC
永康區,房地(土地+建物),臺南市永康區忠孝路1~30號,35.17,住,,,1030610,土地1建物1車位0,二層,20,住宅大樓(11層含以上有電梯),見其他登記事項,鋼筋混凝土造,0810519,298.72,0,0,0,無,無,有,35000,117,,0.0,0,,RPQNMLLKOHJFFHR96CC
永康區,房地(土地+建物)+車位,臺南市永康區永平街298巷1~30號,21.8,住,,,1030601,土地1建物1車位0,九層,9,華廈(10層含以下有電梯),住家用,鋼筋混凝土造,0850515,142.94,4,2,2,有,有,無,11500,80,坡道平面,10.39,0,,RPPOMLLKOHJFFHR96CC
永康區,房地(土地+建物)+車位,臺南市永康區龍安街271~300號,21.11,住,,,1030610,土地1建物1車位1,二層,9,華廈(10層含以下有電梯),住家用,鋼筋混凝土造,0841130,128.77,3,2,2,有,有,有,9500,74,坡道平面,10.0,0,,RPQOMLLKOHJFFHR07CC
東區,房地(土地+建物)+車位,臺南市東區東門路三段295巷1~30號,18.4,住,,,1030612,土地1建物1車位1,三層,13,住宅大樓(11層含以上有電梯),住商用,鋼筋混凝土構造,0851005,109.03,3,2,2,有,有,無,18000,165,坡道平面,0.0,0,,RPPOMLMKOHJFFCD87DC
安南區,房地(土地+建物),臺南市安南區公學路四段10巷21弄31~60號,72.93,住,,,1030523,土地1建物1車位0,全,4,透天厝,住家用,鋼筋混凝土造,0840901,121.41,3,2,2,有,無,無,7500,62,,0.0,0,,RPOOMLMKOHJFFBD67DC
南區,建物,臺南市南區新興路241~270號,19.42,住,,,1030531,土地0建物1車位0,全,2,透天厝,住家用,加強磚造,0570612,19.42,0,0,1,有,無,有,13000,669,,0.0,0,,RPXNMLMKOHJFFCD48CC
東區,建物,臺南市東區林森路一段153巷15弄1~30號,107.78,住,,,1030602,土地0建物1車位0,九層,15,住宅大樓(11層含以上有電梯),住家用,鋼筋混凝土構造,0811022,119.91,4,1,2,有,無,有,11000,92,,0.0,0,,RPOOMLMKOHJFFCD67CC
東區,建物,臺南市東區東門路二段365巷34弄1~30號,83.8,住,,,1030603,土地0建物1車位0,三層,5,公寓(5樓含以下無電梯),住家用,鋼筋混凝土構造,0771224,94.71,3,2,2,有,無,有,9500,100,,0.0,0,,RPROMLNKOHJFFCD08CC
南區,建物,臺南市南區大德街141巷31~60號,60.09,住,,,1030606,土地0建物1車位0,五層,5,公寓(5樓含以下無電梯),住家用,鋼筋混凝土構造,0800109,60.09,2,1,1,有,無,有,12000,200,,0.0,0,,RPTOMLNKOHJFFCD28CC
安平區,建物,臺南市安平區建平五街22巷36弄31~60號,22.1,住,,,1030603,土地0建物1車位0,四層,6,華廈(10層含以下有電梯),住家用,鋼筋混凝土造,0811105,22.28,1,1,1,有,無,有,6000,269,,0.0,0,,RPVNMLNKOHJFFAD18CC
中西區,建物,臺南市中西區民生路二段361~390號,57.54,住,,,1030607,土地0建物1車位0,全,3,透天厝,住商用,加強磚造,0621202,75.94,0,2,1,有,無,有,18000,237,,0.0,0,,RPSOMLNKOHJFFAD97CC
安平區,建物,臺南市安平區建平八街434巷6弄1~30號,124.82,住,,,1030608,土地0建物1車位0,全,2,透天厝,住家用,鋼筋混凝土造,0760806,132.02,4,2,3,有,無,有,16000,121,,0.0,0,,RPUOMLNKOHJFFAD18CC
北區,建物,臺南市北區開元路117巷8弄1~30號,0.0,住,,,1030522,土地0建物1車位0,全,2,透天厝,住家用,加強磚造,0590514,76.0,4,2,3,有,無,有,13000,171,,0.0,0,,RPVOMLNKOHJFFAD28CC
北區,建物,臺南市北區育德一街1~30號,55.34,住,,,1030610,土地0建物1車位0,八層,10,華廈(10層含以下有電梯),見其他登記事項,鋼筋混凝土造,0930830,62.12,2,2,1,有,無,有,20000,322,,0.0,0,,RPWOMLNKOHJFFAD38CC
新營區,房地(土地+建物),臺南市新營區民治路331~360號,286.71,住,,,1030613,土地2建物1車位0,一層,10,辦公商業大樓,商業用,鋼骨鋼筋混凝土造,0970704,573.12,0,0,0,無,無,無,133500,233,,0.0,0,,RPSOMLNKOHJFFAR76CC
永康區,建物,臺南市永康區中山南路91~120號,0.0,住,,,1030509,土地0建物1車位0,五層,8,華廈(10層含以下有電梯),住家用,鋼筋混凝土造,0820910,95.64,2,1,2,有,有,有,12000,125,,0.0,0,,RPWNMLNKOHJFFHR77CC
永康區,建物,臺南市永康區南工街323巷32弄1~30號,0.0,住,,,1030512,土地0建物1車位0,四層,8,華廈(10層含以下有電梯),住家用,鋼筋混凝土造,0831229,87.0,3,2,2,有,有,有,10000,115,,0.0,0,1.合約書無填具土地租賃面積.2.由所有權人提供出租資訊3.租金以包含機械車位,RPXNMLNKOHJFFHR87CC
永康區,建物,臺南市永康區中華一路203巷1~30號,0.0,住,,,1030515,土地0建物1車位0,十層,11,住宅大樓(11層含以上有電梯),見其他登記事項,鋼筋混凝土造,0871026,75.39999999999999,3,1,2,有,有,有,12000,159,,0.0,0,,RPOOMLNKOHJFFHR07CC
永康區,建物,臺南市永康區中正南路168巷2弄91~120號,93.48,住,,,1030604,土地0建物1車位0,全,2,透天厝,住家用,加強磚造,0631105,93.48,3,2,2,有,無,有,7500,80,,0.0,0,,RPQOMLNKOHJFFHR27CC
永康區,建物,臺南市永康區永二街244巷31~60號,0.0,住,,,1030520,土地0建物1車位0,全,2,透天厝,住家用,加強磚造,0690201,119.38,4,1,2,有,無,有,24000,201,,0.0,0,,RPSOMLNKOHJFFHR47CC
安南區,建物,臺南市安南區仁安路61~90號,0.0,住,,,1030515,土地0建物1車位0,全,4,透天厝,見其他登記事項,鋼筋混凝土造,1000824,201.99,5,2,5,有,無,有,22000,109,,0.0,0,,RPUOMLNKOHJFFBD28CC
東區,房地(土地+建物),臺南市東區裕豐街31~60號,61.63,住,,,1030611,土地1建物1車位0,全,2,透天厝,住家用,加強磚造,0630516,93.89,2,1,2,有,無,無,18000,192,,0.0,0,,RPRNMLOKOHJFFCD08CC
東區,房地(土地+建物),臺南市東區光明街61~90號,0.0,商,,,1030611,土地1建物1車位0,一層,5,店面(店鋪),商業用,見其他登記事項,0951016,7.06,0,0,0,無,無,無,30000,4249,,0.0,0,,RPPOMLQKOHJFFCD18CC
中西區,房地(土地+建物),臺南市中西區興華街1~30號,0.0,住,,,1030525,土地2建物1車位0,四層,6,華廈(10層含以下有電梯),住家用,鋼筋混凝土造,0780911,112.17,4,2,2,有,無,無,16000,143,,0.0,0,,RPSOMLQKOHJFFAD28CC
東區,建物,臺南市東區生產路241~270號,12.72,住,,,1030501,土地0建物1車位0,一層,12,住宅大樓(11層含以上有電梯),商業用,鋼筋混凝土構造,0890621,102.47,0,0,0,無,有,無,19400,189,,0.0,0,,RPSNMLRKOHJFFCD48CC
新市區,房地(土地+建物),臺南市新市區銘傳街61~90號,90.56,住,,,1030615,土地1建物1車位0,全,4,透天厝,見其他登記事項,鋼筋混凝土造,1020115,248.31,8,1,8,有,無,有,6500,26,,0.0,0,,RPUNMLRKOHJFFER67CC
新市區,房地(土地+建物),臺南市新市區大營121~150號,84.0,,特定農業區,甲種建築用地,1030615,土地1建物1車位0,全,4,透天厝,住家用,鋼筋混凝土造,0860624,183.09,5,1,4,有,無,有,15000,82,,0.0,0,,RPXNMLRKOHJFFER97CC
善化區,建物,臺南市善化區光復路241~270號,1005.01,農,,,1030613,土地0建物1車位0,見其他登記事項,2,農舍,農舍,鋼筋混凝土造,0971113,221.08,0,0,0,無,無,無,40000,,,0.0,0,,RPTPMLRKOHJFFER77CC
永康區,房地(土地+建物),臺南市永康區復國一路120巷1~30號,71.85,住,,,1030614,土地1建物1車位0,全,2,透天厝,住家用,鋼筋混凝土造,0780316,117.24,4,2,3,有,無,有,10000,85,,0.0,0,,RPPOMLRKOHJFFHR57CC
永康區,建物,臺南市永康區中華二路266巷31~60號,0.0,住,,,1030614,土地0建物1車位0,六層,7,華廈(10層含以下有電梯),住家用,鋼筋混凝土造,0870602,31.45,1,1,1,有,有,有,7200,229,,0.0,0,,RPPOMLSKOHJFFHR67CC
新化區,房地(土地+建物),臺南市新化區永新路31~60號,43.84,,特定專用區,甲種建築用地,1030613,土地1建物1車位0,二層,8,華廈(10層含以下有電梯),住家用,鋼筋混凝土造,0860825,79.57,3,2,2,有,無,有,10000,126,,0.0,0,,RPROMLSKOHJFFER57CC
安南區,房地(土地+建物),臺南市安南區安中路一段271~300號,68.07,其他,,,1030616,土地1建物1車位0,全,4,透天厝,住商用,鋼筋混凝土造,0990701,129.75,4,1,3,有,無,有,25000,193,,0.0,0,,RPPOMLSKOHJFFBD28CC
北區,土地,北元段1051~1080地號,305.0,住,,,1030615,土地1建物0車位0,,,其他,,,,0.0,0,0,0,有,無,無,43000,141,,0.0,0,,RPQOMLSKOHJFFAD28CC
北區,建物,臺南市北區北成路391~420號,0.0,住,,,1030524,土地0建物1車位0,十四層,14,住宅大樓(11層含以上有電梯),見其他登記事項,鋼筋混凝土造,0990406,70.68,1,1,1,有,有,有,18000,255,,0.0,0,,RPSOMLSKOHJFFAD48CC
北區,建物,臺南市北區中華北路二段53巷33弄1~30號,0.0,住,,,1030530,土地0建物1車位0,全,4,透天厝,見其他登記事項,鋼筋混凝土造,0890303,188.26,6,2,4,有,無,有,23000,122,,0.0,0,,RPUOMLSKOHJFFAD68CC
中西區,建物,臺南市中西區永福路一段1~30號,0.0,住,,,1030531,土地0建物1車位0,二層,3,公寓(5樓含以下無電梯),住商用,加強磚造,0640107,325.4,2,1,1,有,無,有,12000,37,,0.0,0,,RPVOMLSKOHJFFAD78CC
安平區,建物,臺南市安平區育平九街192巷61~90號,0.0,商,,,1030511,土地0建物1車位0,五層,11,住宅大樓(11層含以上有電梯),住家用,鋼筋混凝土造,0830512,60.89,2,2,1,有,無,有,11000,181,,0.0,0,,RPXOMLSKOHJFFAD98CC
中西區,建物,臺南市中西區湖美街70巷1~30號,80.64,住,,,1030612,土地0建物1車位0,六層,14,住宅大樓(11層含以上有電梯),住家用,鋼筋混凝土造,0871203,91.57,3,2,2,有,無,有,15000,164,,0.0,0,,RPSNMLTKOHJFFAD48CC
中西區,建物,臺南市中西區府前路一段196巷1~30號,97.34,住,,,1030612,土地0建物1車位0,全,4,透天厝,住家用,鋼筋混凝土造,0681002,97.34,3,2,2,有,無,有,11000,113,,0.0,0,,RPTNMLTKOHJFFAD58CC
東區,建物,臺南市東區東門路三段31~60號,109.25,住,,,1030611,土地0建物1車位0,十三層,14,住宅大樓(11層含以上有電梯),住家用,鋼筋混凝土構造,0820512,121.08,3,2,2,有,無,有,13500,111,,0.0,0,,RPSNMLTKOHJFFCD68CC
南區,建物,臺南市南區府緯街115巷1~30號,47.61,住,,,1030612,土地0建物1車位0,全,4,透天厝,住商用,鋼筋混凝土構造,0731017,47.61,1,1,1,有,無,有,5000,105,,0.0,0,,RPTNMLTKOHJFFCD78CC
東區,建物,臺南市東區勝利路52巷31~60號,116.52,住,,,1030612,土地0建物1車位0,三層,5,公寓(5樓含以下無電梯),住家用,鋼筋混凝土構造,0781208,122.72,4,2,2,有,無,有,13000,106,,0.0,0,,RPVNMLTKOHJFFCD98CC
南區,建物,臺南市南區大林路31~60號,62.49,住,,,1030614,土地0建物1車位0,全,5,透天厝,住家用,鋼筋混凝土構造,0861215,67.7,3,1,1,有,無,有,11000,162,,0.0,0,,RPWNMLTKOHJFFCD09CC
南區,建物,臺南市南區金華路一段484巷99弄1~30號,70.23,住,,,1030615,土地0建物1車位0,五層,5,公寓(5樓含以下無電梯),住家用,鋼筋混凝土構造,0700203,70.23,3,2,2,有,無,有,8000,114,,0.0,0,,RPXNMLTKOHJFFCD56CC
東區,建物,臺南市東區崇德路511~540號,0.0,住,,,1030607,土地0建物0車位0,全,4,透天厝,住商用,鋼筋混凝土構造,0730816,50.89,0,1,1,有,無,無,24200,476,,0.0,0,,RPOQMLTKOHJFFCD58CC
永康區,建物,臺南市永康區中正路256巷1~30號,83.96,住,,,1030611,土地0建物1車位0,十五層,15,住宅大樓(11層含以上有電梯),住家用,鋼筋混凝土造,0820824,95.72,3,2,2,有,無,有,12000,125,,0.0,0,,RPQNMLTKOHJFFHR77CC
永康區,建物,臺南市永康區自強路481~510號,72.73,住,,,1030614,土地0建物1車位0,六層,6,華廈(10層含以下有電梯),住家用,鋼筋混凝土造,0830104,89.21,3,1,2,有,無,有,8000,90,,0.0,0,,RPSNMLTKOHJFFHR97CC
佳里區,房地(土地+建物),臺南市佳里區育善街276巷31~60號,67.94,住,,,1030621,土地1建物1車位0,全,2,透天厝,住商用,加強磚造,0700819,97.12,5,2,3,有,無,無,7000,72,,0.0,0,,RPPNMLLLOHJFFDR56CC
東區,建物,臺南市東區大同路一段91~120號,77.28,商,,,1030614,土地0建物1車位0,三層,4,公寓(5樓含以下無電梯),住商用,鋼筋混凝土構造,0720305,85.17,1,0,1,有,無,有,6000,70,,0.0,0,,RPRNMLLLOHJFFCD87CC
東區,建物,臺南市東區大同路一段275巷31~60號,80.61,住,,,1030618,土地0建物1車位0,全,4,透天厝,住家用,鋼筋混凝土構造,0770527,91.76,2,1,1,有,無,有,8000,87,,0.0,0,,RPSNMLLLOHJFFCD97CC
中西區,建物,臺南市中西區湖美街70巷1~30號,159.58,其他,,,1030617,土地0建物1車位0,一層,14,住宅大樓(11層含以上有電梯),見其他登記事項,鋼筋混凝土造,0871203,168.33,2,1,2,有,無,有,21000,125,,0.0,0,,RPPNMLLLOHJFFAD47CC
北區,建物,臺南市北區勝利路377巷1~30號,59.8,住,,,1030617,土地0建物1車位0,四層,5,公寓(5樓含以下無電梯),住家用,鋼筋混凝土造,0840613,67.78,2,1,1,有,無,有,10000,148,,0.0,0,,RPQNMLLLOHJFFAD57CC
北區,建物,臺南市北區北安路一段176巷1~30號,59.45,住,,,1030616,土地0建物1車位0,全,2,透天厝,住商用,加強磚造,0690529,59.45,1,0,1,有,無,有,6500,109,,0.0,0,,RPRNMLLLOHJFFAD67CC
東區,房地(土地+建物),臺南市東區大同路一段175巷61~90號,0.0,住,,,1030618,土地1建物1車位0,二層,4,公寓(5樓含以下無電梯),住家用,鋼筋混凝土構造,0601217,73.77,3,1,1,有,無,有,8000,108,,0.0,0,,RPRNMLMLOHJFFCD97CC
東區,建物,臺南市東區仁和路139巷31~60號,0.0,住,,,1030616,土地0建物1車位0,七層,9,華廈(10層含以下有電梯),住家用,鋼筋混凝土構造,0840810,117.88,3,2,2,有,無,無,15500,131,,0.0,0,,RPQOMLNLOHJFFCD08CC
中西區,建物,臺南市中西區國華街二段1~30號,0.0,住,,,1030620,土地0建物1車位0,一層,3,公寓(5樓含以下無電梯),住家用,鋼筋混凝土造,0750808,92.15,3,2,2,有,無,無,10000,109,,0.0,0,,RPRPMLNLOHJFFAD08CC
善化區,房地(土地+建物),臺南市善化區大成路121~150號,74.68,住,,,1030507,土地1建物1車位0,一層,4,店面(店鋪),住商用,鋼筋混凝土造,0811215,36.21,0,0,0,無,無,無,15000,414,,0.0,0,,RPWNMLOLOHJFFER67CC
南區,房地(土地+建物),臺南市南區西門路一段661~690號,253.0,商,,,1030602,土地1建物1車位0,二層,5,店面(店鋪),見其他登記事項,見其他登記事項,1000623,328.05,0,0,0,無,無,無,200000,610,,0.0,0,,RPQPMLOLOHJFFCD38DC
歸仁區,房地(土地+建物),臺南市歸仁區民生12街71巷31~60號,330.0,,鄉村區,乙種建築用地,1030616,土地1建物1車位0,一層,1,工廠,住工用,鐵造,0820710,155.55,1,1,1,有,無,無,15000,,,0.0,0,,RPPNMLPLOHJFFFR37EC
永康區,房地(土地+建物),臺南市永康區國光八街91~120號,83.0,住,,,1030616,土地1建物1車位0,全,4,透天厝,住家用,鋼筋混凝土造,0821021,215.41,5,2,5,有,無,無,23000,107,,0.0,0,,RPRNMLPLOHJFFHR57CC
永康區,房地(土地+建物),臺南市永康區小東路661~690號,11.28,住,,,1030605,土地1建物1車位0,四層,22,辦公商業大樓,見其他登記事項,鋼筋混凝土造,0810519,145.6,0,0,0,無,有,無,10000,69,,0.0,0,,RPUNMLPLOHJFFHR87CC
中西區,建物,臺南市中西區永福路二段31~60號,0.0,商,,,1030613,土地0建物0車位0,一層,4,店面(店鋪),住商用,鋼筋混凝土造,0600626,52.71,0,0,0,無,無,無,22000,417,,0.0,0,,RPUOMLPLOHJFFAD48CC
安平區,建物,臺南市安平區慶平路211~240號,95.26,住,,,1030619,土地0建物1車位0,十一層,12,住宅大樓(11層含以上有電梯),住家用,鋼筋混凝土造,0840311,109.33,4,2,2,有,無,有,22000,201,,0.0,0,,RPUNMLQLOHJFFAD48CC
北區,建物,臺南市北區開元路451~480號,120.91,商,,,1030620,土地0建物1車位0,一層,19,住宅大樓(11層含以上有電梯),見其他登記事項,鋼筋混凝土造,0961227,120.91,1,1,1,有,無,有,22000,182,,0.0,0,,RPVNMLQLOHJFFAD58CC
東區,建物,臺南市東區崇學路1~30號,70.93,住,,,1030622,土地0建物1車位0,九層,9,華廈(10層含以下有電梯),住家用,鋼筋混凝土構造,0850305,84.37,3,2,2,有,無,有,12000,142,,0.0,0,,RPSNMLQLOHJFFCD48CC
佳里區,房地(土地+建物),臺南市佳里區光復路271~300號,141.31,商,,,1030605,土地2建物1車位0,二層,1,華廈(10層含以下有電梯),見其他登記事項,鋼筋混凝土造,0701231,72.2,0,0,0,無,無,無,5000,69,,0.0,0,,RPSNMLQLOHJFFDR47DC
永康區,建物,臺南市永康區中華二路266巷1~30號,0.0,住,,,1030611,土地0建物1車位0,七層,19,套房(1房1廳1衛),住家用,鋼筋混凝土造,0860128,35.04,1,1,1,有,有,有,7000,200,,0.0,0,,RPQPMLRLOHJFFHR87CC
安南區,房地(土地+建物),臺南市安南區館前街69巷1~30號,95.15,住,,,1030623,土地1建物1車位0,全,4,透天厝,見其他登記事項,鋼筋混凝土造,1020408,236.97,4,2,4,有,無,有,25000,105,,0.0,0,,RPTOMLRLOHJFFBD68CC
東區,建物,臺南市東區仁東街1~30號,0.0,住,,,1030622,土地0建物1車位0,八層,14,住宅大樓(11層含以上有電梯),住家用,鋼筋混凝土構造,0871218,116.7,3,2,2,有,無,無,14000,120,,0.0,0,,RPPNMLSLOHJFFCD38CC
東區,房地(土地+建物),臺南市東區東門路二段271~300號,180.0,商,,,1030626,土地2建物1車位0,見其他登記事項,5,店面(店鋪),見其他登記事項,鋼筋混凝土構造,0960301,347.95,0,0,0,無,無,無,99800,287,,0.0,0,,RPQOMLKMOHJFFCD97DC
安南區,房地(土地+建物),臺南市安南區海佃路二段781~810號,199.77,住,,,1030604,土地1建物1車位0,全,4,透天厝,住家用,鋼筋混凝土造,0840808,306.64,0,0,0,無,無,有,18000,59,,0.0,0,,RPRNMLLJPHJFFBD77DC
西港區,房地(土地+建物),臺南市西港區中州1~30號,113.01,,特定農業區,甲種建築用地,1030630,土地2建物1車位0,全,2,透天厝,住家用,鋼筋混凝土造,0850501,102.26,2,2,3,有,無,無,10000,98,,0.0,0,,RPUNMLLJPHJFFDR96CC
仁德區,建物,臺南市仁德區民安路二段61~90號,0.0,住,,,1030701,土地0建物1車位0,六層,11,住宅大樓(11層含以上有電梯),住家用,鋼筋混凝土造,0840331,86.92,2,2,2,有,無,有,15000,173,,0.0,0,1.合約書無填具土地租賃面積.2.由所有權人提供出租資訊3.租金已包含車位,RPVNMLLJPHJFFFR27CC
永康區,建物,臺南市永康區中山東路151~180號,0.0,住,,,1030701,土地0建物1車位0,三層,11,住宅大樓(11層含以上有電梯),住家用,鋼筋混凝土造,0900110,78.56,3,2,2,有,無,有,14000,178,,0.0,0,,RPROMLLJPHJFFHR17CC
南區,建物,臺南市南區大成路一段31~60號,41.82,住,,,1030624,土地0建物0車位0,三層,4,套房(1房1廳1衛),見其他登記事項,鋼筋混凝土構造,1021217,41.82,1,1,1,有,無,有,6000,143,,0.0,0,,RPTNMLLJPHJFFCD97CC
東區,建物,臺南市東區龍山街61~90號,64.77,住,,,1030625,土地0建物1車位0,九層,14,住宅大樓(11層含以上有電梯),住家用,鋼筋混凝土構造,0960906,69.87,3,2,2,有,無,有,22000,315,,0.0,0,,RPUNMLLJPHJFFCD08CC
安平區,建物,臺南市安平區慶平路541~570號,78.68,住,,,1030623,土地0建物1車位0,八層,13,住宅大樓(11層含以上有電梯),住家用,鋼筋混凝土造,0870915,91.78,3,2,2,有,無,有,19000,207,,0.0,0,,RPQOMLLJPHJFFAD57CC
中西區,建物,臺南市中西區民權路一段151~180號,67.87,住,,,1030623,土地0建物1車位0,九層,9,華廈(10層含以下有電梯),住家用,鋼筋混凝土造,0740822,71.76,3,2,1,有,無,有,10500,146,,0.0,0,,RPROMLLJPHJFFAD67CC
北區,建物,臺南市北區西門路四段421~450號,297.82,商,,,1030623,土地0建物1車位0,四層,7,辦公商業大樓,商業用,鋼筋混凝土造,0750203,297.82,0,0,0,無,無,有,13000,44,,0.0,0,,RPTOMLLJPHJFFAD87CC
東區,房地(土地+建物)+車位,臺南市東區崇明路121~150號,0.0,住,,,1030617,土地1建物1車位0,六層,16,住宅大樓(11層含以上有電梯),住家用,鋼筋混凝土構造,0850203,78.09,3,2,2,有,無,有,17000,218,坡道平面,13.37,0,,RPSQMLMJPHJFFCD28CC
南區,建物,臺南市南區金華路一段30巷31~60號,92.56,住,,,1030626,土地0建物1車位0,全,2,透天厝,住家用,加強磚造,0680111,92.56,2,2,1,有,無,有,10000,108,,0.0,0,,RPOOMLNJPHJFFCD77CC
南區,建物,臺南市南區大同路二段704巷61~90號,89.99,住,,,1030626,土地0建物1車位0,全,2,透天厝,住家用,加強磚造,0690206,89.99,3,2,2,有,無,有,11000,122,,0.0,0,,RPPOMLNJPHJFFCD87CC
中西區,建物,臺南市中西區永福路二段1~30號,79.85,住,,,1030627,土地0建物1車位0,七層,8,華廈(10層含以下有電梯),住家用,鋼筋混凝土造,0670817,79.85,2,2,2,有,無,有,8900,111,,0.0,0,,RPSOMLNJPHJFFAD97CC
中西區,建物,臺南市中西區武聖路69巷40弄1~30號,71.32,住,,,1030629,土地0建物1車位0,十二層,12,住宅大樓(11層含以上有電梯),住家用,鋼筋混凝土造,0831108,78.98,3,2,2,有,無,有,8000,101,,0.0,0,,RPTOMLNJPHJFFAD08CC
永康區,建物,臺南市永康區中正南路91~120號,71.29,,,,1030606,土地0建物1車位0,全,1,透天厝,住家用,加強磚造,0560301,66.24,0,0,1,有,無,有,20500,309,,0.0,0,,RPOOMLNJPHJFFHR07CC
仁德區,建物,臺南市仁德區民安路二段61~90號,52.49,住,,,1030625,土地0建物1車位0,二層,11,住宅大樓(11層含以上有電梯),住家用,鋼筋混凝土造,0840331,63.36,4,2,2,有,無,有,11000,174,,0.0,0,租賃契約無須填寫土地租賃面積由所有權人提供租屋資訊,RPXNMLNJPHJFFFR67CC
歸仁區,建物,臺南市歸仁區中正南路二段1~30號,202.27,住,,,1030625,土地0建物1車位0,全,4,透天厝,住商用,鋼筋混凝土造,0961009,234.21,5,2,3,有,無,有,11000,47,,0.0,0,租賃契約無須填寫土地租賃面積由所有權人提供租屋資訊,RPOOMLNJPHJFFFR86CC
善化區,房地(土地+建物),臺南市善化區興農路61~90號,563.0,農,,,1030701,土地1建物1車位0,全,3,透天厝,見其他登記事項,鋼骨鋼筋混凝土造,0970425,46.3,30,1,31,有,無,有,19000,410,,0.0,0,,RPUNMLNJPHJFFER27CC
永康區,建物,臺南市永康區大灣路931~960號,174.0,住,,,1030630,土地0建物1車位0,全,4,透天厝,住商用,鋼筋混凝土造,0700402,372.54,4,2,3,有,無,無,60000,161,,0.0,0,,RPXNMLNJPHJFFHR97DC
永康區,房地(土地+建物),臺南市永康區中華路280巷18弄1~30號,41.0,住,,,1030621,土地0建物1車位0,一層,9,華廈(10層含以下有電梯),住家用,鋼筋混凝土造,0820510,179.78000000000003,3,2,4,有,無,無,12000,67,,0.0,0,中華路樓店 1-3樓,RPWNMLOJPHJFFHR87CC
中西區,房地(土地+建物)+車位,臺南市中西區中華西路二段511~540號,12.06,住,,,1030703,土地1建物1車位1,十一層,15,住宅大樓(11層含以上有電梯),見其他登記事項,見其他登記事項,1020620,91.54,2,1,1,有,有,有,5000,55,坡道平面,24.83,0,,RPUOMLOJPHJFFAD28CC
東區,土地,裕東段451~480地號,274.65,其他,,,1030619,土地1建物0車位0,,,其他,,,,0.0,0,0,0,有,無,無,18000,66,,0.0,0,,RPQOMLOJPHJFFCD08CC
安平區,建物,臺南市安平區健康三街12巷60弄1~30號,84.36,住,,,1030701,土地0建物1車位0,全,5,透天厝,見其他登記事項,鋼筋混凝土造,0961002,257.85,4,2,3,有,無,有,30000,116,,0.0,0,,RPRNMLPJPHJFFAD97CC
北區,建物,臺南市北區公園南路370巷31~60號,70.14,住,,,1030627,土地0建物1車位0,十三層,18,住宅大樓(11層含以上有電梯),住家用,鋼筋混凝土造,0840912,77.75,3,2,2,有,無,有,11000,141,,0.0,0,,RPQOMLSJPHJFFAD28CC
中西區,建物,臺南市中西區中山路164巷1~30號,37.88,住,,,1030628,土地0建物1車位0,三層,5,公寓(5樓含以下無電梯),住家用,鋼筋混凝土造,0801228,40.85,1,1,1,有,無,有,6800,166,,0.0,0,,RPSOMLSJPHJFFAD48CC
東區,建物,臺南市東區裕豐街214巷31~60號,81.5,住,,,1030630,土地0建物1車位0,三層,5,公寓(5樓含以下無電梯),住家用,鋼筋混凝土構造,0690726,81.5,3,2,2,有,無,有,9000,110,,0.0,0,,RPUNMLSJPHJFFCD78CC
東區,房地(土地+建物),臺南市東區長榮路一段1~30號,6.57,住,,,1030701,土地1建物1車位0,三層,14,住宅大樓(11層含以上有電梯),住家用,鋼筋混凝土構造,0991213,234.21,4,2,2,有,無,有,27000,115,,0.0,0,,RPVNMLSJPHJFFCD88CC
永康區,房地(土地+建物),臺南市永康區中華二路331~360號,3.85,住,,,1030630,土地1建物1車位0,五層,14,住宅大樓(11層含以上有電梯),住家用,鋼筋混凝土造,0970903,101.12,1,1,1,有,無,有,15000,148,,0.0,0,,RPVNMLSJPHJFFHR18CC
永康區,房地(土地+建物),臺南市永康區永華路181~210號,89.0,住,,,1030610,土地1建物1車位0,全,4,透天厝,住商用,鋼筋混凝土造,0861222,201.34,7,2,4,有,無,有,23000,114,,0.0,0,,RPTOMLTJPHJFFHR18CC
東區,房地(土地+建物),臺南市東區富農街二段1~30號,26.91,住,,,1030702,土地1建物1車位0,五層,5,華廈(10層含以下有電梯),住家用,鋼筋混凝土構造,0811216,111.55,3,2,2,有,有,有,12000,108,,0.0,0,,RPOOMLTJPHJFFCD38CC
北區,房地(土地+建物),臺南市北區公園南路361~390號,3.62,商,,,1030703,土地1建物1車位0,十層,14,套房(1房1廳1衛),見其他登記事項,見其他登記事項,0960824,21.16,1,0,1,有,有,有,8000,378,,0.0,0,,RPXNMLTJPHJFFAD98CC
中西區,房地(土地+建物),臺南市中西區神農街31~60號,17.62,商,,,1030621,土地1建物1車位0,四層,5,公寓(5樓含以下無電梯),住家用,鋼筋混凝土造,0740111,62.99,3,1,1,有,無,有,8500,135,,0.0,0,,RPOOMLTJPHJFFAD18CC
北區,房地(土地+建物),臺南市北區大興街585巷15弄1~30號,0.0,住,,,1030702,土地1建物1車位0,全,4,透天厝,住家用,見其他登記事項,0930707,213.17,5,2,4,有,無,無,18000,84,,0.0,0,,RPSPMLKKPHJFFAD87CC
東區,房地(土地+建物)+車位,臺南市東區中華東路一段號,15.56,住,,,1030709,土地1建物1車位1,一層,14,住宅大樓(11層含以上有電梯),住家用,鋼筋混凝土構造,0890822,148.36,4,2,2,有,有,無,20000,135,坡道機械,24.72,0,,RPWOMLKKPHJFFCD38CC
南區,房地(土地+建物)+車位,臺南市南區大林路1~30號,0.0,住,,,1030707,土地1建物1車位1,十三層,13,住宅大樓(11層含以上有電梯),國民住宅,鋼筋混凝土構造,0881021,81.29,3,2,2,有,無,無,10000,123,坡道平面,31.08,0,,RPVPMLKKPHJFFCD38CC
永康區,房地(土地+建物),臺南市永康區東橋十街91~120號,52.12,住,,,1030707,土地2建物2車位0,全,5,透天厝,見其他登記事項,見其他登記事項,1010619,100.12,0,0,0,無,無,無,15000,150,,0.0,0,,RPROMLKKPHJFFHR17CC
新市區,房地(土地+建物),臺南市新市區華美街1~30號,93.47,住,,,1030702,土地1建物1車位0,全,3,透天厝,住商用,鋼筋混凝土造,0890211,192.22,7,1,7,有,無,有,5000,26,,0.0,0,,RPQNMLLKPHJFFER76CC
新市區,房地(土地+建物),臺南市新市區銘傳街61~90號,90.56,住,,,1030711,土地1建物1車位0,全,4,透天厝,見其他登記事項,鋼筋混凝土造,1020115,248.31,8,1,8,有,無,有,6500,26,,0.0,0,,RPRNMLLKPHJFFER86CC
佳里區,房地(土地+建物),臺南市佳里區六安里六安91~120號,5013.43,,工業區,丁種建築用地,1030707,土地5建物2車位0,見其他登記事項,1,廠辦,見其他登記事項,鋼造,0730602,2305.77,0,0,0,無,有,無,160000,69,,0.0,0,,RPSOMLLKPHJFFDR07DC
新市區,房地(土地+建物),臺南市新市區中山路211~240號,83.29,住,,,1030701,土地1建物1車位0,全,4,透天厝,住商用,鋼筋混凝土造,0760219,158.75,4,2,3,有,無,有,21000,132,,0.0,0,,RPSNMLLKPHJFFER07DC
安平區,房地(土地+建物),臺南市安平區慶平路511~540號,8.05,商,,,1030710,土地1建物1車位0,十七層,24,住宅大樓(11層含以上有電梯),見其他登記事項,鋼筋混凝土造,0880211,87.36,4,2,2,有,有,有,20000,229,,0.0,0,,RPVNMLNKPHJFFAD28CC
東區,土地,育樂段661~690地號,132.0,商,,,1030710,土地1建物0車位0,,,其他,,,,0.0,0,0,0,有,無,無,110000,833,,0.0,0,,RPXOMLPKPHJFFCD98CC
安平區,建物,臺南市安平區慶平路511~540號,0.0,商,,,1030624,土地0建物1車位0,二十一層,24,住宅大樓(11層含以上有電梯),見其他登記事項,鋼筋混凝土造,0880211,165.86,4,2,3,有,無,有,25000,151,,0.0,0,,RPUOMLQKPHJFFAD58CC
新營區,房地(土地+建物),臺南市新營區富強街31~60號,17.75,住,,,1030713,土地1建物1車位0,三層,3,華廈(10層含以下有電梯),住家用,鋼筋混凝土造,0830204,70.6,3,2,2,有,有,無,8000,113,,0.0,0,,RPQNMLQKPHJFFAR86CC
永康區,建物,臺南市永康區中華二路266巷1~30號,0.0,住,,,1030611,土地0建物1車位0,九層,19,套房(1房1廳1衛),住商用,鋼筋混凝土造,0720531,35.04,1,0,1,有,有,有,7000,200,,0.0,0,,RPUNMLQKPHJFFHR97CC
永康區,建物,臺南市永康區東橋三路77巷1~30號,0.0,住,,,1030615,土地0建物1車位0,全,4,透天厝,住家用,鋼筋混凝土造,0960803,190.86,4,3,5,有,無,有,23000,121,,0.0,0,,RPWNMLQKPHJFFHR18CC
中西區,房地(土地+建物),臺南市中西區府前路一段301~330號,73.85,住,,,1030716,土地4建物1車位0,一層,4,店面(店鋪),住商用,鋼筋混凝土造,0880721,61.34,0,0,0,無,無,無,18000,293,,0.0,0,,RPQOMLRKPHJFFAD28CC
東區,房地(土地+建物)+車位,臺南市東區自由路三段1~30號,0.0,住,,,1030711,土地1建物1車位1,八層,15,住宅大樓(11層含以上有電梯),住家用,鋼筋混凝土構造,0851004,82.83,3,2,2,有,無,有,17000,205,坡道平面,13.77,0,,RPSNMLRKPHJFFCD58CC
東區,建物,臺南市東區裕農路1~30號,0.0,住,,,1030701,土地0建物1車位0,四層,13,住宅大樓(11層含以上有電梯),住家用,鋼筋混凝土構造,0830201,148.39,3,2,2,有,有,有,22000,148,,0.0,0,,RPUNMLSKPHJFFCD88CC
佳里區,房地(土地+建物),臺南市佳里區林園街211~240號,21.18,住,,,1030718,土地6建物1車位0,五層,12,公寓(5樓含以下無電梯),住家用,鋼筋混凝土造,0850215,145.01,3,2,2,有,有,有,10000,69,,0.0,0,,RPSNMLSKPHJFFDR57CC
安南區,土地,新順段1171~1200地號,484.19,商,,,1030707,土地1建物0車位0,,,其他,,,,0.0,0,0,0,有,無,無,52000,107,,0.0,0,,RPQNMLTKPHJFFBD48CC
東區,建物,臺南市東區崇善路25巷121~150號,13.69,其他,,,1030715,土地0建物1車位0,一層,14,住宅大樓(11層含以上有電梯),商業用,鋼筋混凝土構造,0990507,37.27,1,1,2,有,無,無,34650,930,,0.0,0,,RPQNMLTKPHJFFCD58CC
北區,建物,臺南市北區文賢路1030巷25弄1~30號,57.61,,,,1030720,土地0建物1車位0,全,2,透天厝,住家用,加強磚造,0710224,89.18,4,2,2,有,無,有,11000,123,,0.0,0,,RPRNMLLLPHJFFAD77CC
永康區,房地(土地+建物),臺南市永康區南臺街13巷31~60號,207289.0,商,,,1030716,土地1建物1車位0,見其他登記事項,3,店面(店鋪),住商用,鋼筋混凝土造,0840523,11856.0,4,2,3,有,無,有,25000,2,,0.0,0,,RPSOMLLLPHJFFHR47CC
中西區,建物,臺南市中西區永福路一段61~90號,58.8,其他,,,1030714,土地0建物1車位0,一層,5,店面(店鋪),見其他登記事項,見其他登記事項,1021115,52.96,0,1,1,有,無,無,32000,604,,0.0,0,,RPRNMLMLPHJFFAD87CC
北區,建物,臺南市北區北忠街58巷31~60號,0.0,商,,,1030719,土地0建物1車位0,五層,5,公寓(5樓含以下無電梯),住家用,鋼筋混凝土造,0700703,34.8,1,0,1,有,無,有,7000,201,,0.0,0,,RPQOMLOLPHJFFAD08CC
中西區,土地,保安段1981~2010地號,77.0,商,,,1030628,土地1建物0車位0,,,其他,,,,0.0,0,0,0,有,無,無,25000,325,,0.0,0,,RPSOMLOLPHJFFAD28CC
南區,建物,臺南市南區府緯街91~120號,0.0,住,,,1030705,土地0建物1車位0,五層,5,公寓(5樓含以下無電梯),住家用,鋼筋混凝土構造,0701223,66.76,2,1,1,有,無,無,5000,75,,0.0,0,,RPVNMLOLPHJFFCD68CC
南區,房地(土地+建物),臺南市南區金華路二段39巷1~30號,65.0,住,,,1030715,土地1建物1車位0,全,2,透天厝,住家用,見其他登記事項,0640716,72.48,3,2,2,有,無,無,9000,124,,0.0,0,,RPROMLOLPHJFFCD38CC
北區,建物,臺南市北區開南街1~30號,0.0,住,,,1030618,土地0建物1車位0,一層,5,公寓(5樓含以下無電梯),商業用,鋼筋混凝土造,0700217,58.85,2,1,1,有,無,有,8000,136,,0.0,0,,RPWOMLPLPHJFFAD78CC
安平區,建物,臺南市安平區府前三街121~150號,0.0,住,,,1030618,土地0建物1車位0,七層,10,套房(1房1廳1衛),住家用,鋼筋混凝土造,0850106,27.25,1,1,1,有,無,有,6000,220,,0.0,0,,RPXOMLPLPHJFFAD88CC
北區,房地(土地+建物),臺南市北區文成路181~210號,270.71,住,,,1030722,土地1建物1車位0,一層,1,店面(店鋪),見其他登記事項,見其他登記事項,0940829,23.98,0,0,0,無,無,無,60000,2502,,0.0,0,,RPOPMLPLPHJFFAD08CC
永康區,建物,臺南市永康區華興街61~90號,0.0,商,,,1030619,土地0建物1車位0,一層,15,店面(店鋪),商業用,鋼筋混凝土造,0840331,116.01,1,1,1,有,無,有,12000,103,,0.0,0,1.合約書無填具土地租賃面積.2.由所有權人提供出租資訊3.出租1樓+2樓,RPSOMLPLPHJFFHR87CC
佳里區,房地(土地+建物),臺南市佳里區安西路331~360號,21.68,住,,,1030722,土地9建物1車位0,十二層,12,住宅大樓(11層含以上有電梯),住家用,鋼筋混凝土造,0830719,139.02,3,2,2,有,有,有,7500,54,,0.0,0,,RPPNMLPLPHJFFDR07CC
善化區,房地(土地+建物),臺南市善化區興華路211~240號,85.5,其他,,,1030724,土地1建物1車位0,全,4,透天厝,見其他登記事項,鋼筋混凝土造,0850501,304.51,6,3,3,有,無,有,30000,99,,0.0,0,,RPPOMLPLPHJFFER27CC
善化區,房地(土地+建物),臺南市善化區大成路301~330號,111.76,商,,,1030725,土地1建物1車位0,見其他登記事項,3,店面(店鋪),住商用,加強磚造,0650719,156.18,5,2,3,有,無,無,18000,115,,0.0,0,,RPWNMLSLPHJFFER18CC
永康區,建物,臺南市永康區中華路912巷31~60號,44.67,住,,,1030701,土地0建物1車位0,六層,7,華廈(10層含以下有電梯),住家用,鋼筋混凝土造,0830328,50.27,2,1,1,有,無,有,10000,199,,0.0,0,,RPPOMLSLPHJFFHR87CC
南區,房地(土地+建物),臺南市南區仁慈街1~30號,4.96,住,,,1030722,土地1建物1車位0,一層,6,華廈(10層含以下有電梯),住家用,鋼筋混凝土構造,0791024,34.89,1,1,1,有,有,有,6500,186,,0.0,0,,RPVNMLSLPHJFFCD56DC
安平區,建物,臺南市安平區育平九街372巷23弄31~60號,191.24,住,,,1030701,土地0建物1車位0,全,3,透天厝,住家用,鋼筋混凝土造,0781207,198.08,3,2,3,有,無,有,22000,111,,0.0,0,,RPOOMLSLPHJFFAD28CC
安平區,建物,臺南市安平區安平路301~330號,38.06,住,,,1030703,土地0建物1車位0,七層,7,套房(1房1廳1衛),住家用,鋼筋混凝土造,0710223,38.06,1,1,1,有,無,有,10000,263,,0.0,0,,RPPOMLSLPHJFFAD38CC
安平區,建物,臺南市安平區育平五街61~90號,77.22,住,,,1030709,土地0建物1車位0,二十七層,27,住宅大樓(11層含以上有電梯),住家用,鋼筋混凝土造,0850213,87.3,3,2,2,有,無,有,11000,126,,0.0,0,,RPROMLSLPHJFFAD58CC
北區,建物,臺南市北區大武街337巷1~30號,85.8,其他,,,1030713,土地0建物1車位0,全,2,透天厝,住家用,加強磚造,0680312,104.72,4,2,3,有,無,有,15000,143,,0.0,0,,RPTOMLSLPHJFFAD78CC
中西區,建物,臺南市中西區建業街37巷1~30號,101.46,住,,,1030714,土地0建物1車位0,全,5,透天厝,住家用,鋼筋混凝土造,0740529,118.92,4,2,2,有,無,有,13000,109,,0.0,0,,RPUOMLSLPHJFFAD88CC
安平區,建物,臺南市安平區慶平路511~540號,89.49,住,,,1030711,土地0建物1車位0,十九層,24,住宅大樓(11層含以上有電梯),見其他登記事項,鋼筋混凝土造,0880211,102.24,3,2,2,有,無,有,17000,166,,0.0,0,,RPWOMLSLPHJFFAD09CC
中西區,建物,臺南市中西區五妃街241~270號,53.0,住,,,1030713,土地0建物1車位0,五層,8,華廈(10層含以下有電梯),見其他登記事項,鋼筋混凝土造,0931203,61.57,1,1,1,有,無,有,14500,236,,0.0,0,,RPXOMLSLPHJFFAD56CC
中西區,建物,臺南市中西區觀亭街61~90號,115.42,住,,,1030712,土地0建物1車位0,一層,7,店面(店鋪),住商用,鋼筋混凝土造,0850117,117.93,0,0,0,無,無,有,12000,102,,0.0,0,,RPOPMLSLPHJFFAD38CC
中西區,建物,臺南市中西區觀亭街61~90號,115.42,住,,,1030712,土地0建物1車位0,一層,7,店面(店鋪),住商用,鋼筋混凝土造,0850117,117.93,0,0,0,無,無,有,12000,102,,0.0,0,,RPPPMLSLPHJFFAD48CC
中西區,建物,臺南市中西區永華路一段31~60號,15.26,住,,,1030714,土地0建物1車位0,五層,12,套房(1房1廳1衛),住家用,鋼筋混凝土造,0850301,21.97,1,1,1,有,無,有,3600,164,,0.0,0,,RPQPMLSLPHJFFAD58CC
中西區,建物,臺南市中西區民族路二段91~120號,117.37,住,,,1030719,土地0建物1車位0,十一層,13,住宅大樓(11層含以上有電梯),住家用,鋼筋混凝土造,0831019,132.72,4,2,2,有,無,有,10000,75,,0.0,0,,RPRPMLSLPHJFFAD68CC
東區,建物,臺南市東區德東街235巷1~30號,85.3,住,,,1030701,土地0建物1車位0,四層,7,華廈(10層含以下有電梯),住家用,鋼筋混凝土構造,0870112,97.17,4,1,2,有,無,有,13000,134,,0.0,0,,RPPOMLSLPHJFFCD58CC
東區,建物,臺南市東區大同路一段151~180號,305.07,商,,,1030708,土地0建物0車位0,十二層,12,套房(1房1廳1衛),商業用,鋼筋混凝土構造,0800718,305.07,1,0,1,有,無,有,6000,20,,0.0,0,,RPROMLSLPHJFFCD78CC
東區,建物,臺南市東區中華東路二段331~360號,0.0,商,,,1030514,土地0建物1車位0,全,5,透天厝,住商用,鋼筋混凝土構造,0860213,290.45,7,1,4,有,無,無,42000,145,,0.0,0,,RPTOMLSLPHJFFCD98CC
南區,建物,臺南市南區大成路一段31~60號,42.2,住,,,1030709,土地0建物0車位0,三層,4,套房(1房1廳1衛),見其他登記事項,鋼筋混凝土構造,1021217,42.2,1,1,1,有,無,有,7000,166,,0.0,0,,RPUOMLSLPHJFFCD09CC
東區,建物,臺南市東區林森路二段192巷1~30號,0.0,住,,,1030715,土地0建物1車位0,一層,12,住宅大樓(11層含以上有電梯),商業用,鋼筋混凝土構造,0730118,116.47,1,1,1,有,有,有,13500,116,,0.0,0,,RPWOMLSLPHJFFCD66CC
東區,建物,臺南市東區東安路31~60號,0.0,住,,,1030701,土地0建物1車位0,五層,7,住宅大樓(11層含以上有電梯),住家用,鋼筋混凝土構造,0701224,90.11,3,1,2,有,有,有,10000,111,,0.0,0,,RPXOMLSLPHJFFCD76CC
東區,建物,臺南市東區東興路211~240號,86.04,住,,,1030712,土地0建物1車位0,三層,5,公寓(5樓含以下無電梯),住家用,鋼筋混凝土構造,0701219,110.03,3,2,2,有,無,有,10000,91,,0.0,0,,RPOPMLSLPHJFFCD58CC
東區,建物,臺南市東區怡東路61~90號,0.0,住,,,1030701,土地0建物1車位0,四層,5,公寓(5樓含以下無電梯),住家用,鋼筋混凝土構造,0721216,97.11999999999999,3,2,2,有,無,有,9000,93,,0.0,0,,RPPPMLSLPHJFFCD68CC
東區,建物,臺南市東區崇德三街1~30號,0.0,住,,,1030705,土地0建物1車位0,九層,16,住宅大樓(11層含以上有電梯),住家用,鋼筋混凝土構造,0860508,196.92000000000002,4,1,2,有,有,有,21000,107,,0.0,0,,RPQPMLSLPHJFFCD78CC
東區,建物,臺南市東區莊敬路271~300號,0.0,商,,,1030630,土地0建物1車位0,全,4,透天厝,住商用,鋼筋混凝土構造,0691020,274.16,6,1,7,有,無,有,53000,193,,0.0,0,,RPRPMLSLPHJFFCD88CC
南區,建物,臺南市南區體育路43巷31~60號,85.67,住,,,1030720,土地0建物1車位0,五層,5,公寓(5樓含以下無電梯),住家用,鋼筋混凝土構造,0700911,90.28,2,2,2,有,無,有,10000,111,,0.0,0,,RPSPMLSLPHJFFCD98CC
東區,建物,臺南市東區中華東路二段73巷1~30號,0.0,住,,,1030701,土地0建物1車位0,三層,6,套房(1房1廳1衛),住家用,鋼筋混凝土構造,0791229,44.45,1,1,1,有,有,有,9000,202,,0.0,0,,RPTPMLSLPHJFFCD09CC
北區,房地(土地+建物),臺南市北區海安路三段181~210號,0.0,住,,,1030712,土地1建物1車位0,見其他登記事項,4,店面(店鋪),住商用,鋼筋混凝土造,0760511,245.22,6,0,4,有,無,無,29000,118,,0.0,0,,RPSNMLTLPHJFFAD68CC
東區,房地(土地+建物)+車位,臺南市東區東寧路31~60號,27.11,其他,,,1030701,土地1建物1車位1,三層,16,住宅大樓(11層含以上有電梯),住家用,鋼筋混凝土構造,0860131,200.27,4,2,2,有,無,有,20000,100,坡道平面,0.0,0,,RPUNMLTLPHJFFCD56DC
東區,建物,臺南市東區中華東路二段185巷31~60號,5.83,商,,,1030720,土地0建物1車位0,一層,20,住宅大樓(11層含以上有電梯),商業用,鋼筋混凝土構造,0841106,45.25,0,0,0,無,有,無,12000,265,,0.0,0,,RPWNMLTLPHJFFCD76DC
永康區,房地(土地+建物),臺南市永康區南工街323巷32弄1~30號,0.0,住,,,1030727,土地1建物1車位0,八層,8,華廈(10層含以下有電梯),住家用,鋼筋混凝土造,0831229,38.59,2,1,1,有,無,有,7500,194,,0.0,0,租賃合約書無填寫土地租賃.租金包含電梯保養費,RPVNMLTLPHJFFHR48CC
永康區,土地,鹽東段1021~1050地號,3017.17,其他,,,1030726,土地1建物0車位0,,,其他,,,,0.0,0,0,0,有,無,無,80000,27,,0.0,0,正式租期以鑑界日後15日後起算,RPVPMLTLPHJFFHR68CC
永康區,建物,臺南市永康區勝學路260巷1~30號,61.18,住,,,1030722,土地0建物1車位0,九層,12,住宅大樓(11層含以上有電梯),住家用,鋼筋混凝土造,0880426,68.06,4,2,2,有,無,有,14000,206,,0.0,0,,RPXNMLKMPHJFFHR87CC
永康區,房地(土地+建物),臺南市永康區新興路35巷15弄1~30號,17.49,住,,,1030718,土地2建物1車位0,二層,6,華廈(10層含以下有電梯),住家用,鋼筋混凝土造,0801023,76.62,2,1,1,有,有,有,8000,104,,0.0,0,,RPTOMLKMPHJFFHR57CC
新市區,房地(土地+建物),臺南市新市區大營里大營路121~150號,88.0,,特定農業區,甲種建築用地,1030720,土地1建物1車位0,全,4,透天厝,住商用,鋼筋混凝土造,0870812,207.41,5,2,3,有,無,有,18000,87,,0.0,0,,RPVNMLKMPHJFFER37CC
安南區,房地(土地+建物),臺南市安南區海佃路二段211~240號,544.71,住,,,1030702,土地2建物1車位0,全,2,透天厝,住家用,加強磚造,0651111,182.61,9,2,3,有,無,無,66000,361,,0.0,0,,RPSOMLKMPHJFFBD08CC
安南區,房地(土地+建物),臺南市安南區安中路三段361~390號,105.45,住,,,1030722,土地1建物1車位0,全,3,透天厝,住商用,鋼筋混凝土造,0771013,209.05,6,1,3,有,無,無,25000,120,,0.0,0,,RPVOMLKMPHJFFBD38CC
安平區,建物,臺南市安平區建平十七街151~180號,78.95,住,,,1030721,土地0建物1車位0,六層,13,住宅大樓(11層含以上有電梯),住家用,鋼筋混凝土造,0821213,95.21,2,2,2,有,無,有,22500,236,,0.0,0,,RPVNMLKMPHJFFAD18CC
北區,房地(土地+建物),臺南市北區公園南路361~390號,4.71,住,,,1030711,土地1建物1車位0,十三層,14,住宅大樓(11層含以上有電梯),見其他登記事項,見其他登記事項,0960824,32.53,1,0,1,有,有,有,12000,369,,0.0,0,,RPOOMLKMPHJFFAD57CC
北區,房地(土地+建物),臺南市北區臨安路二段151~180號,0.0,住,,,1030730,土地2建物1車位0,見其他登記事項,5,店面(店鋪),住商用,鋼筋混凝土造,0821203,328.14,6,0,6,有,無,有,41000,125,,0.0,0,,RPVOMLKMPHJFFAD28CC
南區,建物,臺南市南區大成路一段61巷31~60號,138.96,住,,,1030722,土地0建物1車位0,全,2,透天厝,住商用,鋼筋混凝土構造,0730326,146.16,7,2,5,有,無,有,18000,123,,0.0,0,,RPXNMLKMPHJFFCD58CC
中西區,建物,臺南市中西區健康路一段410巷31~60號,90.16,住,,,1030726,土地0建物1車位0,五層,7,華廈(10層含以下有電梯),住家用,鋼筋混凝土造,0721210,97.84,3,1,1,有,無,有,10000,102,,0.0,0,,RPQOMLLMPHJFFAD87CC
北區,建物,臺南市北區北成路331~360號,54.25,住,,,1030729,土地0建物1車位0,二層,10,華廈(10層含以下有電梯),見其他登記事項,見其他登記事項,0941213,57.83,2,1,1,有,無,有,16000,277,,0.0,0,,RPSOMLLMPHJFFAD08CC
安平區,建物,臺南市安平區國平路571~600號,69.53,住,,,1030723,土地0建物1車位0,十一層,14,住宅大樓(11層含以上有電梯),見其他登記事項,見其他登記事項,0950406,79.71,3,1,2,有,無,有,13000,163,,0.0,0,,RPTOMLLMPHJFFAD18CC
中西區,建物,臺南市中西區信義街108巷31~60號,19.11,住,,,1030722,土地0建物1車位0,四層,5,套房(1房1廳1衛),住家用,鋼筋混凝土造,0820515,20.9,1,0,1,有,無,有,4500,215,,0.0,0,,RPUOMLLMPHJFFAD28CC
安南區,建物,臺南市安南區北安路二段241~270號,290.21,住,,,1030721,土地0建物1車位0,全,4,透天厝,住家用,鋼筋混凝土造,0990924,301.57,3,4,5,有,無,有,52000,172,,0.0,0,,RPWNMLLMPHJFFBD48CC
安南區,建物,臺南市安南區長和路一段901~930號,97.78,住,,,1030726,土地0建物1車位0,全,2,透天厝,住家用,加強磚造,0691106,97.78,4,1,2,有,無,有,18000,184,,0.0,0,,RPQOMLLMPHJFFBD97CC
永康區,房地(土地+建物),臺南市永康區東橋十街91~120號,52.12,住,,,1030707,土地2建物2車位0,全,5,透天厝,見其他登記事項,見其他登記事項,1010619,100.12,0,0,0,無,無,無,15000,150,,0.0,0,,RPVPMLLMPHJFFHR97CC
