﻿編號,屋齡,建物移轉面積平方公尺,主要用途,主要建材,建築完成日期,總層數,建物分層
The serial number,room age,building shifting area square meter,the main use,main building materials,construction completes the date,total layer,building lamination
RPTOMLQJNHJFFAM88CA,17,134.98,住家用,鋼筋混凝土造,85年11月21日,四層,一層 二層 三層 四層
RPOOMLMJNHJFFCM18CA,8,176.36,住家用,鋼骨鋼筋混凝土造,95年8月25日,三層,一層 二層 三層
RPPNMLPJNHJFFCM48CA,19,123.60,住家用,鋼筋混凝土造,84年3月21日,三層,一層 二層 三層 屋頂突出物
RPWOMLNKNHJFFAM98CA,36,115.64,住家用,鋼筋混凝土加強磚造,67年7月12日,二層,一層 二層
RPOOMLQLNHJFFAM58CA,18,291.99,商業用,見其他登記事項,85年2月10日,一層,一層
RPUNMLNLNHJFFAM78CA,9,199.05,住商用,鋼筋混凝土造,93年11月17日,三層,一層 二層 三層 屋頂突出物 騎樓
RPXOMLSJNHJFFCM07CA,,381.06,見其他登記事項,見其他登記事項,103年1月23日,二層,一層 二層 見其他登記事項
RPWOMLSJNHJFFCM96CA,,362.48,見其他登記事項,見其他登記事項,103年1月23日,二層,一層 二層 見其他登記事項
RPSNMLQJNHJFFDM98CA,33,117.00,住家用,鋼筋混凝土加強磚造,69年12月31日,二層,一層 二層
RPUNMLRLNHJFFAM56CA,33,116.96,住家用,鋼筋混凝土造,70年1月10日,二層,一層 二層 騎樓
RPUNMLRLNHJFFAM56CA,30,117.41,住家用,鋼筋混凝土造,73年1月14日,二層,一層 二層
RPTNMLRLNHJFFAM09CA,,178.19,住家用,鋼筋混凝土造,102年12月3日,三層,一層 二層 三層 屋頂突出物
RPQOMLTKNHJFFCM56CA,19,28.77,見其他登記事項,鋼筋混凝土造,83年11月28日,九層,四層
RPQOMLTKNHJFFCM56CA,19,11.08,見其他登記事項,鋼筋混凝土造,83年11月28日,九層,
RPTOMLPJNHJFFBM88CA,21,90.55,住家用,鋼筋混凝土造,82年3月12日,七層,四層 見其他登記事項
RPRNMLQKNHJFFCM98DA,24,29.48,住商用,鋼筋混凝土造,78年11月10日,二層,一層 二層 騎樓
RPRNMLSJNHJFFBM88CA,1,177.75,見其他登記事項,鋼筋混凝土造,102年4月11日,三層,一層 二層 三層 見其他登記事項
RPWOMLPJNHJFFBM56CA,,187.66,見其他登記事項,鋼筋混凝土造,103年1月6日,三層,見其他登記事項 一層 二層 三層
RPUOMLPJNHJFFBM98CA,25,133.08,住家用,鋼筋混凝土造,77年12月19日,二層,一層 二層 夾層
RPSOMLPKNHJFFBM88CA,1,167.13,見其他登記事項,鋼筋混凝土造,102年9月2日,四層,四層 二層 三層 一層
RPPOMLPKNHJFFAM58DA,10,154.09,住家用,鋼筋混凝土造,92年12月9日,四層,一層 二層 三層 四層
RPSNMLSJNHJFFBM98CA,1,182.07,見其他登記事項,鋼筋混凝土造,102年4月11日,三層,一層 二層 三層 見其他登記事項
RPVNMLSLNHJFFAM86DA,11,161.88,住家用,鋼筋混凝土造,92年8月19日,三層,一層 二層 三層 見其他登記事項
RPPNMLRJNHJFFAM48CA,1,251.23,見其他登記事項,鋼筋混凝土造,101年12月27日,四層,一層 二層 三層 四層
RPOOMLQJNHJFFAM38CA,20,144.42,住家用,鋼筋混凝土造,83年7月19日,三層,一層 二層 三層
RPOOMLNKNHJFFAM18CA,20,146.77,見其他登記事項,鋼筋混凝土造,83年6月2日,五層,一層 二層 三層 四層 五層
RPOOMLNKNHJFFAM18CA,20,16.31,見其他登記事項,鋼筋混凝土造,83年6月2日,五層,一層 二層 三層 四層 五層
RPTOMLPJNHJFFAM78CA,35,93.48,住家用,鋼筋混凝土加強磚造,68年6月29日,二層,一層 二層
RPROMLQJNHJFFAM68CA,20,.50,見其他登記事項,鋼筋混凝土造,82年11月10日,十四層,地下層
RPROMLQJNHJFFAM68CA,20,884.82,見其他登記事項,鋼筋混凝土造,82年11月10日,十四層,
RPQNMLRJNHJFFAM58CA,15,93.12,住家用,鋼筋混凝土造,87年10月27日,十三層,五層
RPQNMLRJNHJFFAM58CA,15,.49,見其他登記事項,鋼筋混凝土造,87年10月27日,十三層,
RPRNMLRJNHJFFBM78CA,22,73.93,住家用,鋼筋混凝土造,81年2月13日,七層,七層
RPRNMLRJNHJFFBM78CA,22,22.60,見其他登記事項,鋼筋混凝土造,81年2月13日,七層,
RPQNMLSJNHJFFCM88CA,7,155.50,住家用,見其他登記事項,96年5月11日,一層,一層
RPRNMLNKNHJFFAM38CA,10,41.35,住家用,鋼筋混凝土造,93年3月1日,五層,二層
RPXNMLTKNHJFFAM96CA,1,224.65,見其他登記事項,鋼筋混凝土造,102年1月30日,二層,一層 二層 屋頂突出物
RPWNMLRLNHJFFBM86CA,21,206.35,住商用,鋼筋混凝土造,82年5月3日,四層,一層 二層 三層 四層
RPPNMLSJNHJFFAM68DA,21,87.96,住家用,鋼筋混凝土造,82年3月22日,八層,五層
RPPNMLSJNHJFFAM68DA,21,20.57,見其他登記事項,鋼筋混凝土造,82年3月22日,八層,
RPQNMLQJNHJFFCM78DA,34,193.23,住商用,鋼筋混凝土造,68年11月30日,二層,一層 二層 騎樓
RPSNMLQKNHJFFCM09DA,24,29.48,住商用,鋼筋混凝土造,78年11月10日,二層,騎樓 一層 二層
RPQOMLSLNHJFFCM56CA,6,205.91,見其他登記事項,見其他登記事項,97年3月14日,三層,一層 二層 三層 見其他登記事項
RPOOMLKMNHJFFCM28CA,13,170.01,見其他登記事項,鋼筋混凝土造,89年10月30日,二層,一層 二層
RPTNMLSJNHJFFBM09CA,1,190.83,見其他登記事項,鋼筋混凝土造,102年4月11日,三層,一層 二層 三層 見其他登記事項
RPXNMLSJNHJFFBM86CA,46,68.00,住家用,鋼筋混凝土加強磚造,57年9月5日,二層,一層 二層
RPQOMLSJNHJFFBM88CA,29,103.18,住商用,鋼筋混凝土造,73年11月30日,二層,二層 騎樓 一層
RPVNMLSJNHJFFBM66CA,38,229.92,住商用,鋼筋混凝土加強磚造,65年6月12日,三層,一層 二層 三層 騎樓
RPXNMLRJNHJFFAM66CA,,156.95,住家用,鋼筋混凝土造,103年1月22日,三層,一層 二層 三層
RPPOMLRJNHJFFAM58CA,,184.73,住家用,鋼筋混凝土造,103年1月22日,三層,一層 二層 三層
RPOOMLRJNHJFFAM48CA,,156.08,住家用,鋼筋混凝土造,103年1月22日,三層,一層 二層 三層
RPQNMLSKOHJFFCM09CA,34,104.03,住商用,加強磚造,68年10月30日,二層,一層 二層 騎樓
RPRNMLTKNHJFFBM09CA,1,187.00,見其他登記事項,鋼筋混凝土造,102年9月2日,四層,一層 二層 三層 四層
RPOPMLNKNHJFFAM28CA,33,98.84,住家用,鋼筋混凝土加強磚造,69年12月24日,二層,一層 二層
RPUNMLTKNHJFFBM76CA,,261.75,見其他登記事項,鋼筋混凝土造,102年10月29日,三層,一層 二層 三層 見其他登記事項
RPSNMLNJOHJFFAM48CA,34,115.20,住商用,鋼筋混凝土加強磚造,69年10月1日,二層,一層 二層 騎樓
RPQNMLSJNHJFFDM98CA,15,181.33,住家用,鋼筋混凝土造,88年5月12日,三層,一層 二層 三層 電梯樓梯間
RPRNMLMLNHJFFAM38CA,36,99.14,住商用,鋼筋混凝土加強磚造,66年10月18日,二層,一層 二層 騎樓
RPUNMLMLNHJFFAM68CA,20,176.58,住家用,鋼筋混凝土造,82年12月8日,三層,三層 屋頂突出物 一層 地下層 二層
RPUNMLMLNHJFFAM68CA,20,7.90,見其他登記事項,鋼筋混凝土造,82年12月8日,十層,
RPVNMLPKNHJFFBM09CA,23,12.18,見其他登記事項,鋼筋混凝土造,80年9月20日,十一層,
RPVNMLPKNHJFFBM09CA,23,87.40,住家用,鋼筋混凝土造,80年9月20日,十一層,七層
RPVNMLPKNHJFFBM09CA,23,14.67,見其他登記事項,鋼筋混凝土造,80年9月20日,十一層,
RPVNMLPKNHJFFBM09CA,23,9.42,見其他登記事項,鋼筋混凝土造,80年9月20日,十一層,
RPVNMLPKNHJFFBM09CA,23,10.19,見其他登記事項,鋼筋混凝土造,80年9月20日,十一層,
RPRNMLNKNHJFFBM48CA,35,98.18,住家用,鋼筋混凝土加強磚造,68年2月22日,二層,一層 二層
RPRNMLLLNHJFFBM38CA,6,15.75,農舍,見其他登記事項,97年8月14日,一層,一層
RPQOMLSJNHJFFAM78CA,34,102.73,住家用,鋼筋混凝土加強磚造,69年2月1日,二層,一層 二層
RPRNMLMKNHJFFBM38CA,25,130.16,住家用,加強磚造,78年6月10日,二層,一層 二層
RPRNMLPKNHJFFBM68CA,1,184.26,見其他登記事項,鋼筋混凝土造,102年4月11日,三層,一層 二層 三層 見其他登記事項
RPROMLSJNHJFFAM88CA,13,159.19,住家用,見其他登記事項,90年1月15日,三層,一層 二層 三層 屋頂突出物
RPWNMLNKNHJFFAM88CA,34,140.54,住家用,鋼筋混凝土加強磚造,69年6月18日,二層,一層 二層 騎樓
RPTNMLTJNHJFFAM09CA,18,12.59,見其他登記事項,鋼筋混凝土造,85年4月10日,七層,
RPTNMLTJNHJFFAM09CA,18,23.46,住家用,鋼筋混凝土造,85年4月10日,七層,二層
RPPPMLNKNHJFFAM38CA,5,29.16,住家用,見其他登記事項,98年1月21日,三層,二層
RPPPMLNKNHJFFAM38CA,5,15.61,住家用,見其他登記事項,98年1月21日,四層,
RPPNMLLKNHJFFAM97CA,33,87.05,住商用,鋼筋混凝土加強磚造,69年12月8日,二層,一層 二層
RPQOMLMKNHJFFAM28CA,,156.06,住家用,鋼筋混凝土造,103年1月22日,三層,二層 三層 一層
RPPOMLMKNHJFFAM18CA,,190.22,住家用,鋼筋混凝土造,103年1月22日,三層,一層 二層 三層
RPSNMLPKNHJFFBM78CA,23,106.04,住家用,鋼筋混凝土造,80年9月30日,五層,五層
RPSNMLPKNHJFFBM78CA,23,31.50,見其他登記事項,鋼筋混凝土造,80年9月30日,五層,
RPQNMLNJOHJFFCM48CA,47,85.27,住商用,磚造,56年1月12日,二層,一層 二層 騎樓
RPSNMLNKNHJFFBM58CA,24,130.60,住家用,鋼筋混凝土造,78年10月5日,二層,一層 二層
RPTNMLNKNHJFFBM68CA,19,75.51,住家用,鋼筋混凝土造,84年9月12日,七層,四層
RPTNMLNKNHJFFBM68CA,19,27.53,見其他登記事項,鋼筋混凝土造,84年9月12日,七層,
RPPOMLTKNHJFFAM88CA,22,176.00,住家用,加強磚造,80年11月5日,二層,一層 二層
RPQNMLLLNHJFFBM28CA,1,252.70,見其他登記事項,鋼筋混凝土造,102年9月2日,四層,三層 四層 一層 二層
RPXOMLQKNHJFFCM96CA,,188.76,住家用,鋼筋混凝土造,103年2月13日,三層,一層 二層 三層 見其他登記事項
RPOPMLQKNHJFFCM78CA,,174.99,住家用,鋼筋混凝土造,103年2月13日,三層,一層 二層 三層 見其他登記事項
RPQNMLNKNHJFFDM58CA,33,166.50,住商用,鋼筋混凝土加強磚造,70年5月8日,四層,一層 二層 三層 四層 騎樓
SPQNMLNKNHJFFDM68CA,33,166.50,住商用,鋼筋混凝土加強磚造,70年5月8日,四層,一層 二層 三層 四層 騎樓
RPRNMLNKNHJFFDM68CA,1,242.25,見其他登記事項,鋼筋混凝土造,102年1月31日,四層,一層 二層 三層 四層
RPOOMLKLNHJFFBM08CA,46,80.96,住家用,鋼筋混凝土加強磚造,57年8月17日,二層,一層 二層
RPPPMLQKNHJFFCM88CA,,193.63,住家用,鋼筋混凝土造,103年2月13日,三層,一層 二層 三層 見其他登記事項
RPTNMLPKNHJFFCM09DA,10,177.86,見其他登記事項,鋼筋混凝土造,92年10月21日,二層,一層 二層 屋頂突出物
RPPNMLMKNHJFFEM48CA,31,126.47,住商用,鋼筋混凝土加強磚造,72年8月8日,二層,一層 二層 騎樓
RPROMLPKNHJFFAM68CA,,176.12,住家用,鋼筋混凝土造,102年11月27日,四層,三層 四層 一層 二層
RPSOMLPKNHJFFAM78CA,,81.82,住家用,鋼筋混凝土造,102年11月27日,四層,二層 三層 一層 四層
RPWOMLPKNHJFFAM56CA,,94.26,住家用,鋼筋混凝土造,102年11月27日,四層,一層 二層 三層 四層
RPSOMLPKNHJFFAM78CA,,81.82,住家用,鋼筋混凝土造,102年11月27日,四層,一層 二層 三層 四層
RPWOMLPKNHJFFAM56CA,,94.26,住家用,鋼筋混凝土造,102年11月27日,四層,一層 二層 三層 四層
RPQNMLTKNHJFFCM09CA,38,160.69,住商用,鋼筋混凝土造,65年5月1日,二層,一層 二層 騎樓
RPROMLKMNHJFFCM58CA,19,31.92,見其他登記事項,鋼筋混凝土造,83年11月28日,九層,三層
RPROMLKMNHJFFCM58CA,19,11.68,見其他登記事項,鋼筋混凝土造,83年11月28日,九層,
RPROMLPKNHJFFBM88DA,8,292.18,住商用,鋼筋混凝土造,95年1月25日,四層,一層 二層 三層 四層
RPROMLPKNHJFFBM88DA,8,233.88,住商用,鋼筋混凝土造,95年1月25日,三層,一層 二層 三層 屋頂突出物
RPXNMLNKNHJFFBM09CA,,216.31,住家用,鋼筋混凝土造,103年2月20日,四層,一層 四層 二層 三層
RPXNMLMKNHJFFBM98CA,1,297.27,見其他登記事項,鋼筋混凝土造,102年6月26日,四層,一層 二層 三層 四層 屋頂突出物
RPQOMLMLNHJFFCM58CA,21,94.00,見其他登記事項,鋼筋混凝土造,82年8月30日,七層,七層
RPQOMLMLNHJFFCM58CA,21,19.69,見其他登記事項,鋼筋混凝土造,82年8月30日,見其他登記事項,
RPPNMLNLNHJFFAM28CA,33,100.45,住家用,鋼筋混凝土加強磚造,69年11月6日,二層,一層 二層
RPRNMLPKNHJFFAM58CA,20,82.90,住家用,鋼筋混凝土造,82年11月10日,十四層,七層
RPRNMLPKNHJFFAM58CA,20,10.42,見其他登記事項,鋼筋混凝土造,82年11月10日,十四層,
RPRNMLPKNHJFFAM58CA,20,8.97,見其他登記事項,鋼筋混凝土造,82年11月10日,十四層,
RPSNMLPKNHJFFAM68CA,20,146.70,住家用,鋼筋混凝土造,83年9月30日,三層,一層 二層 三層 夾層
RPPNMLSLNHJFFAM78CA,,172.52,住家用,鋼筋混凝土造,102年11月27日,四層,一層 二層 三層 四層
RPTNMLPKNHJFFAM78CA,24,135.26,住家用,鋼筋混凝土造,79年6月2日,二層,一層 二層
RPQOMLTKNHJFFAM98CA,31,98.20,住商用,鋼筋混凝土加強磚造,72年8月4日,二層,一層 二層
RPVNMLKMNHJFFAM68CA,21,79.56,住家用,鋼筋混凝土造,82年10月1日,十二層,十一層
RPVNMLKMNHJFFAM68CA,21,9.40,見其他登記事項,鋼筋混凝土造,82年10月1日,十二層,
RPVNMLKMNHJFFAM68CA,8,12.56,見其他登記事項,鋼筋混凝土造,94年12月13日,十一層,
RPWNMLNKNHJFFBM98CA,23,21.21,見其他登記事項,鋼筋混凝土造,80年8月31日,六層,
RPWNMLNKNHJFFBM98CA,23,64.90,住家用,鋼筋混凝土造,80年8月31日,六層,三層
RPWNMLNKNHJFFBM98CA,23,7.72,見其他登記事項,鋼筋混凝土造,80年8月31日,六層,
RPSNMLPKNHJFFCM88CA,30,100.62,住商用,鋼筋混凝土造,73年1月13日,二層,一層 二層 騎樓
RPPNMLOKNHJFFDM58CA,35,89.76,住家用,鋼筋混凝土加強磚造,68年9月26日,二層,一層 二層
RPQNMLLLNHJFFCM38CA,20,95.46,住家用,鋼筋混凝土造,83年8月13日,十五層,三層
RPQNMLLLNHJFFCM38CA,20,28.44,見其他登記事項,鋼筋混凝土造,83年8月13日,十五層,
RPUNMLKMNHJFFAM68DA,18,32.46,住家用,鋼筋混凝土造,85年4月10日,七層,四層
RPUNMLKMNHJFFAM68DA,18,12.67,見其他登記事項,鋼筋混凝土造,85年4月10日,七層,
RPRNMLOKNHJFFDM78CA,28,91.36,住商用,鋼筋混凝土加強磚造,75年1月30日,二層,一層 二層 騎樓
RPPOMLLKOHJFFCM38CA,20,129.00,住家用,鋼筋混凝土造,83年8月1日,三層,一層 二層 三層
RPQPMLQKNHJFFCM98CA,39,54.60,住家用,磚造,64年6月30日,一層,一層 騎樓
RPUNMLLLNHJFFBM68CA,2,8.00,農舍,見其他登記事項,101年7月23日,一層,一層
RPUNMLNLNHJFFCM98CA,37,345.73,見其他登記事項,見其他登記事項,65年11月18日,一層,一層
RPUNMLNLNHJFFCM98CA,37,345.73,見其他登記事項,見其他登記事項,65年11月18日,一層,一層
RPQOMLPKNHJFFCM78CA,34,126.76,住商用,加強磚造,69年5月2日,二層,一層 二層 騎樓
RPTNMLQLNHJFFCM56CA,19,142.10,住家用,加強磚造,84年6月1日,三層,二層 三層 一層
RPPOMLSLNHJFFBM98CA,1,187.23,見其他登記事項,鋼筋混凝土造,102年9月2日,四層,一層 二層 三層 四層
RPOOMLNJOHJFFCM38CA,19,79.22,見其他登記事項,鋼筋混凝土造,83年12月31日,十二層,二層
RPTNMLLLNHJFFAM48CA,9,215.81,住家用,鋼筋混凝土造,94年6月7日,四層,三層 一層 二層 四層 屋頂突出物
RPTOMLPKNHJFFBM98CA,1,283.54,見其他登記事項,鋼筋混凝土造,102年6月26日,四層,一層 二層 三層 四層 屋頂突出物
RPPNMLQKNHJFFBM58CA,18,96.08,住家用,鋼筋混凝土造,85年3月12日,八層,八層
RPPNMLQKNHJFFBM58CA,18,37.79,見其他登記事項,鋼筋混凝土造,85年3月12日,八層,
RPSOMLMLNHJFFAM58CA,35,232.70,住商用,鋼筋混凝土加強磚造,68年3月22日,四層,四層 騎樓 一層 二層 三層
RPWNMLPKNHJFFAM09CA,22,150.61,住家用,鋼筋混凝土造,80年12月5日,三層,三層 一層 二層
RPSNMLTKNHJFFAM09CA,,195.32,住家用,鋼筋混凝土造,103年1月22日,三層,一層 二層 三層
RPRNMLTKNHJFFAM98CA,,156.87,住家用,鋼筋混凝土造,103年1月22日,三層,一層 二層 三層
RPQNMLTKNHJFFAM88CA,,169.81,住家用,鋼筋混凝土造,103年1月22日,三層,一層 二層 三層
RPROMLKMNHJFFAM38CA,25,118.12,住家用,加強磚造,77年10月29日,二層,一層 二層
RPSNMLNLNHJFFBM68CA,40,123.04,住家用,加強磚造,63年3月15日,二層,一層 二層
RPQNMLQKNHJFFBM68CA,,201.46,住家用,鋼筋混凝土造,103年1月10日,四層,一層 二層 三層 四層
RPQNMLKLNHJFFBM18CA,11,231.19,住家用,鋼筋混凝土造,91年11月25日,四層,一層 二層 三層 四層
RPSNMLRLNHJFFCM56CA,40,108.30,住家用,鋼筋混凝土加強磚造,63年4月12日,二層,一層 二層
RPOOMLMLNHJFFCM38CA,43,70.40,住家用,鋼筋混凝土加強磚造,59年12月1日,二層,一層 二層
RPOOMLQJOHJFFBM58CA,18,331.39,住家用,鋼筋混凝土造,85年5月27日,四層,
RPSOMLRLNHJFFCM66CA,40,188.54,住商用,鋼筋混凝土加強磚造,63年6月8日,二層,一層 二層 騎樓
RPUNMLQJOHJFFBM09CA,6,202.69,農舍,見其他登記事項,97年9月15日,二層,一層 二層
RPRNMLKMNHJFFBM38CA,15,137.28,住家用,鋼筋混凝土造,88年2月12日,九層,七層
RPRNMLKMNHJFFBM38CA,15,58.91,見其他登記事項,鋼筋混凝土造,88年2月12日,九層,
RPVNMLTKNHJFFCM96CA,3,208.71,見其他登記事項,鋼筋混凝土造,100年1月25日,三層,一層 二層 三層 見其他登記事項
RPPNMLTKNHJFFDM09CA,1,211.00,住家用,鋼筋混凝土造,102年5月7日,三層,三層 一層 二層
RPSNMLQKNHJFFBM98DA,10,115.37,見其他登記事項,鋼筋混凝土造,93年2月5日,七層,六層
RPSNMLQKNHJFFBM98DA,10,68.90,見其他登記事項,鋼筋混凝土造,93年2月5日,七層,
RPPNMLKLNHJFFCM18CA,19,50.88,見其他登記事項,鋼筋混凝土造,84年9月7日,九層,二層
RPPNMLKLNHJFFCM18CA,19,19.03,見其他登記事項,鋼筋混凝土造,84年9月7日,九層,
RPSNMLKLNHJFFCM48CA,9,175.27,見其他登記事項,鋼筋混凝土造,94年2月5日,三層,一層 二層 三層 屋頂突出物
RPROMLMLNHJFFCM68CA,38,74.67,住家用,鋼筋混凝土加強磚造,65年1月6日,二層,一層 二層
RPXNMLMLNHJFFCM56CA,,250.14,見其他登記事項,鋼筋混凝土造,102年12月16日,二層,一層 二層 見其他登記事項
RPTNMLMLNHJFFCM78CA,39,165.98,住商用,鋼筋混凝土加強磚造,64年6月2日,二層,一層 二層 騎樓
RPTNMLMLNHJFFCM78CA,47,221.55,住家用,鋼筋混凝土加強磚造,56年5月19日,三層,一層 二層 三層 騎樓
RPSNMLTJOHJFFBM56CA,10,105.09,見其他登記事項,鋼筋混凝土造,93年3月22日,七層,四層
RPSNMLTJOHJFFBM56CA,10,57.99,見其他登記事項,鋼筋混凝土造,93年3月22日,七層,
RPQNMLRKOHJFFBM88CA,20,37.65,見其他登記事項,鋼筋混凝土造,83年4月11日,八層,
RPQNMLRKOHJFFBM88CA,20,96.81,住家用,鋼筋混凝土造,83年4月11日,八層,七層
RPTNMLTLNHJFFBM76CA,1,196.88,見其他登記事項,鋼筋混凝土造,102年4月11日,三層,一層 二層 三層 見其他登記事項
RPPNMLOLNHJFFAM38CA,36,90.68,住商用,鋼筋混凝土加強磚造,67年5月19日,二層,一層 二層 騎樓
RPWNMLTKNHJFFAM86CA,35,181.05,住商用,鋼筋混凝土加強磚造,68年11月1日,三層,一層 二層 三層
RPWNMLKLNHJFFAM68CA,1,251.27,見其他登記事項,鋼筋混凝土造,102年10月15日,三層,屋頂突出物 一層 二層 三層
RPTNMLKLNHJFFAM38CA,34,92.84,住家用,鋼筋混凝土加強磚造,69年5月3日,二層,一層 二層
RPVNMLLKOHJFFAM68CA,,178.19,住家用,鋼筋混凝土造,102年12月3日,三層,屋頂突出物 一層 二層 三層
RPOOMLLKOHJFFAM08CA,19,91.25,住家用,鋼筋混凝土造,83年11月9日,十六層,十二層
RPSNMLQLNHJFFBM98CA,1,190.87,住家用,鋼筋混凝土造,102年7月24日,三層,一層 二層 三層 見其他登記事項
RPVOMLLKOHJFFAM78CA,,178.19,住家用,鋼筋混凝土造,102年12月3日,三層,一層 二層 三層 屋頂突出物
RPOPMLLKOHJFFAM18CA,,168.03,見其他登記事項,鋼筋混凝土造,102年12月3日,三層,一層 二層 三層 屋頂突出物
RPVNMLQLNHJFFCM76CA,20,808.90,住家用,鋼筋混凝土造,83年1月12日,四層,一層 二層 三層 四層 見其他登記事項
RPSNMLKKOHJFFAM28CA,17,149.33,住家用,鋼筋混凝土造,86年6月20日,三層,一層 二層 三層 屋頂突出物
RPPNMLMLNHJFFCM48DA,34,316.48,見其他登記事項,鋼筋混凝土造,69年3月21日,四層,一層 二層 三層 四層 騎樓
RPOPMLMLNHJFFAM38DA,33,223.76,住商用,鋼筋混凝土加強磚造,70年7月31日,四層,三層 四層 騎樓 一層 二層
RPSNMLSKOHJFFCM66CA,6,145.67,住家用,鋼骨鋼筋混凝土造,97年7月31日,三層,一層 二層 三層
RPQNMLLMNHJFFCM48CA,18,105.74,見其他登記事項,鋼筋混凝土造,84年11月22日,十二層,五層
RPRNMLMLNHJFFDM78DA,33,93.32,住商用,鋼筋混凝土加強磚造,69年12月27日,二層,一層 二層 騎樓
RPQNMLMLNHJFFDM58CA,13,40.92,住家用,見其他登記事項,90年5月28日,一層,一層
RPVNMLMLNHJFFCM98CA,19,195.93,農舍,見其他登記事項,84年1月19日,一層,一層 騎樓
RPVNMLNJOHJFFBM98DA,19,105.95,住家用,鋼筋混凝土造,83年11月7日,十三層,十層
RPVNMLNJOHJFFBM98DA,19,34.99,見其他登記事項,鋼筋混凝土造,83年11月7日,十三層,
RPPNMLQLNHJFFAM58CA,38,130.09,住家用,鋼筋混凝土加強磚造,65年6月1日,三層,一層 二層 三層
RPSNMLLLNHJFFAM38CA,,257.84,見其他登記事項,鋼筋混凝土造,102年10月15日,三層,一層 二層 三層 屋頂突出物
RPPNMLMLNHJFFAM18CA,3,226.27,見其他登記事項,鋼筋混凝土造,100年7月18日,四層,一層 二層 三層 四層
RPVNMLRLNHJFFAM66CA,33,85.35,住商用,鋼筋混凝土加強磚造,69年12月31日,二層,一層 二層 騎樓
RPRNMLMKOHJFFAM48DA,,156.95,住家用,鋼筋混凝土造,103年1月22日,三層,一層 二層 三層
RPVNMLNKOHJFFBM98CA,24,1088.23,住家用,鋼筋混凝土造,79年1月10日,三層,
RPQOMLSKOHJFFBM09CA,39,100.44,住商用,鋼筋混凝土加強磚造,64年4月30日,二層,一層 二層 騎樓
RPXNMLPJOHJFFAM56CA,19,93.18,住家用,鋼筋混凝土造,83年11月9日,十六層,五層
RPPNMLTJOHJFFAM78CA,21,79.49,住家用,鋼筋混凝土造,82年3月22日,八層,二層
RPXNMLPJOHJFFAM56CA,19,14.11,見其他登記事項,鋼筋混凝土造,83年11月9日,十六層,
RPPNMLTJOHJFFAM78CA,21,18.92,見其他登記事項,鋼筋混凝土造,82年3月22日,八層,
RPUNMLOJOHJFFAM78CA,16,86.72,住家用,鋼筋混凝土造,86年9月19日,十四層,十層
RPQPMLMLNHJFFAM48CA,,196.72,見其他登記事項,鋼筋混凝土造,102年11月27日,四層,一層 二層 三層 四層
RPOOMLTJOHJFFAM78CA,19,176.47,住家用,鋼筋混凝土造,84年1月6日,三層,一層 二層 三層 屋頂突出物
RPRNMLQLNHJFFBM88CA,1,190.48,住家用,鋼筋混凝土造,102年9月18日,四層,一層 二層 三層 四層
RPVNMLMLNHJFFBM88CA,19,136.35,住家用,鋼筋混凝土造,84年3月8日,三層,一層 二層 三層
RPUNMLNJOHJFFAM68CA,19,12.67,停車空間,鋼筋混凝土造,84年2月16日,十三層,
RPPNMLNLNHJFFBM38CA,16,327.90,見其他登記事項,見其他登記事項,86年11月18日,一層,一層 騎樓
RPVNMLNJOHJFFAM78CA,19,12.67,停車空間,鋼筋混凝土造,84年2月16日,十三層,
RPUNMLKMNHJFFCM78CA,28,144.21,見其他登記事項,鋼筋混凝土造,75年2月6日,二層,一層 二層 騎樓
RPSNMLNLNHJFFDM88CA,20,25.62,見其他登記事項,鋼筋混凝土造,83年11月2日,五層,
RPSNMLNLNHJFFDM88CA,20,38.43,見其他登記事項,鋼筋混凝土造,83年11月2日,五層,四層
RPTNMLNLNHJFFDM98CA,20,26.04,見其他登記事項,鋼筋混凝土造,83年11月2日,五層,
RPTNMLNLNHJFFDM98CA,20,38.43,見其他登記事項,鋼筋混凝土造,83年11月2日,五層,四層
RPRNMLMLNHJFFCM58CA,18,145.48,住家用,鋼筋混凝土造,84年12月30日,四層,一層 二層 三層 四層
RPPNMLTJOHJFFEM56CA,9,217.08,住家用,鋼筋混凝土造,94年10月5日,四層,一層 二層 三層 四層
RPQNMLSLNHJFFCM09CA,35,87.74,住家用,鋼筋混凝土加強磚造,68年2月14日,二層,一層 二層
RPPNMLSLNHJFFDM09CA,7,158.14,住商用,鋼筋混凝土造,96年7月2日,四層,一層 二層 三層 四層 騎樓
RPOOMLNLNHJFFCM48CA,32,121.57,住家用,加強磚造,71年7月26日,二層,一層 二層 騎樓
RPTNMLLMNHJFFCM78CA,32,107.21,住商用,加強磚造,70年10月27日,二層,一層 二層 騎樓
RPSNMLQLNHJFFCM09CA,34,101.72,住商用,鋼筋混凝土造,68年11月26日,二層,一層 二層
RPRNMLRLNHJFFBM98CA,8,190.55,住家用,鋼筋混凝土造,95年7月7日,三層,一層 二層 三層 屋頂突出物
RPSNMLQLNHJFFAM88CA,20,99.53,住家用,鋼筋混凝土造,82年11月15日,三層,一層 二層 三層
RPQOMLSLNHJFFBM09CA,1,169.08,見其他登記事項,鋼筋混凝土造,102年9月2日,四層,四層 一層 二層 三層
RPQNMLNJOHJFFAM28CA,7,107.07,住家用,見其他登記事項,95年12月12日,一層,一層
RPPOMLLKOHJFFAM18CA,34,96.27,住商用,鋼筋混凝土加強磚造,69年4月12日,二層,一層 二層 騎樓
RPQNMLQJOHJFFAM58CA,,179.49,住家用,鋼筋混凝土造,103年1月22日,三層,一層 二層 三層
RPRNMLQLNHJFFAM78CA,35,284.41,住商用,鋼筋混凝土造,67年10月30日,四層,一層 二層 三層 四層 騎樓 地下層
RPROMLTLNHJFFAM56CA,22,175.63,住家用,鋼筋混凝土造,81年6月17日,三層,一層 二層 三層 屋頂突出物
RPPNMLTLNHJFFBM98CA,18,67.65,住家用,鋼筋混凝土造,84年12月15日,十二層,八層
RPPNMLTLNHJFFBM98CA,18,15.17,見其他登記事項,鋼筋混凝土造,84年12月15日,十二層,
RPUNMLOJOHJFFBM88CA,17,120.01,住家用,鋼筋混凝土造,86年6月30日,三層,一層 二層 三層
RPUNMLOJOHJFFBM88CA,17,.17,見其他登記事項,鋼筋混凝土造,86年6月30日,一層,
RPUNMLOJOHJFFBM88CA,17,35.47,停車空間,鋼筋混凝土造,86年6月30日,地下層,
RPPNMLQKOHJFFBM68CA,5,288.61,農舍,見其他登記事項,97年12月15日,三層,一層 二層 三層
RPRNMLSJOHJFFBM98CA,1,229.26,見其他登記事項,鋼筋混凝土造,102年9月2日,四層,一層 二層 三層 四層
RPSNMLSJOHJFFBM09CA,1,187.23,見其他登記事項,鋼筋混凝土造,102年9月2日,四層,一層 二層 三層 四層
RPSOMLQKOHJFFCM56CA,16,55.76,住家用,鋼筋混凝土造,87年10月19日,二層,一層 二層 屋頂突出物
RPSOMLQKOHJFFCM56CA,16,55.76,住家用,鋼筋混凝土造,87年10月19日,二層,一層 二層 屋頂突出物
RPUNMLTLNHJFFCM96CA,24,55.46,住家用,鋼筋混凝土造,78年11月22日,二層,一層 二層
RPTNMLPJOHJFFCM98CA,5,248.44,農舍,見其他登記事項,97年11月21日,一層,一層
RPPNMLSJOHJFFCM88CA,34,111.06,住家用,鋼筋混凝土加強磚造,69年2月29日,二層,一層 二層
RPOOMLKMNHJFFAM18DA,11,148.53,見其他登記事項,鋼筋混凝土造,91年12月13日,三層,三層 一層 二層
RPROMLRLNHJFFCM56CA,38,380.13,工業用,見其他登記事項,65年7月20日,一層,
RPTNMLRLNHJFFCM66CA,35,96.81,住商用,鋼筋混凝土加強磚造,68年3月4日,二層,一層 二層 騎樓
RPPOMLRLNHJFFCM98CA,34,76.80,住家用,加強磚造,69年5月22日,一層,一層 騎樓
RPOOMLSLNHJFFCM98CA,26,116.84,住家用,鋼筋混凝土造,77年6月13日,二層,一層 二層
RPPNMLKMNHJFFCM28CA,2,212.99,見其他登記事項,鋼筋混凝土造,100年11月10日,四層,一層 二層 三層 四層
RPXNMLPJOHJFFBM66CA,20,199.90,住家用,鋼筋混凝土造,83年5月16日,四層,一層 二層 三層 四層
RPRNMLOJOHJFFBM58CA,26,115.98,住商用,加強磚造,77年1月25日,二層,一層 二層 騎樓
RPTNMLKMNHJFFBM58CA,1,229.46,住家用,鋼筋混凝土造,102年3月8日,四層,一層 二層 三層 四層
RPQOMLSLNHJFFAM98CA,10,183.65,住家用,鋼筋混凝土造,93年4月6日,三層,一層 二層 三層
RPROMLSLNHJFFAM09CA,36,84.83,住商用,鋼筋混凝土加強磚造,67年5月6日,二層,一層 二層
RPTNMLPJOHJFFAM78CA,26,109.13,住家用,鋼筋混凝土加強磚造,77年9月17日,二層,一層 二層
RPRNMLNJOHJFFAM38CA,19,179.58,見其他登記事項,鋼筋混凝土造,84年4月10日,四層,一層 二層 三層 四層 騎樓
RPOPMLKMNHJFFAM18CA,35,63.00,住家用,鋼筋混凝土加強磚造,67年11月6日,一層,一層
RPTNMLOJOHJFFAM68CA,34,84.92,住家用,鋼筋混凝土加強磚造,69年11月14日,二層,一層 二層
RPTOMLKMNHJFFAM58CA,10,154.09,住家用,鋼筋混凝土造,92年12月9日,四層,一層 二層 三層 四層
RPRNMLQJOHJFFAM68CA,32,122.94,見其他登記事項,鋼筋混凝土造,71年6月17日,三層,一層 二層 三層 騎樓
RPRNMLQJOHJFFAM68CA,32,122.94,見其他登記事項,鋼筋混凝土造,71年6月17日,三層,一層 二層 三層 騎樓
RPRNMLQJOHJFFAM68CA,32,122.94,見其他登記事項,鋼筋混凝土造,71年6月17日,三層,一層 二層 三層 騎樓
RPPNMLKKOHJFFAM97CA,25,102.66,住家用,鋼筋混凝土造,78年9月22日,二層,一層 二層
RPWNMLKKOHJFFAM68CA,21,262.17,住家用,鋼筋混凝土造,81年12月6日,四層,二層
RPWNMLKKOHJFFAM68CA,21,262.17,商業用,鋼筋混凝土造,81年12月6日,四層,一層
RPWNMLKKOHJFFAM68CA,21,269.77,住家用,鋼筋混凝土造,81年12月6日,四層,三層
RPWNMLKKOHJFFAM68CA,21,269.77,住家用,鋼筋混凝土造,81年12月6日,四層,四層
RPRNMLSLNHJFFAM98CA,,173.92,住家用,鋼筋混凝土造,103年1月22日,三層,一層 二層 三層
RPOOMLPJOHJFFBM48CA,25,138.39,住家用,加強磚造,78年1月18日,二層,一層 二層 夾層
RPSOMLSLNHJFFCM76CA,37,92.74,住家用,鋼筋混凝土加強磚造,66年2月3日,二層,一層 二層
RPUNMLKMNHJFFBM68CA,1,290.23,住家用,鋼筋混凝土造,101年12月19日,四層,一層 二層 三層 四層
RPXNMLSLNHJFFCM17CA,41,50.02,住家用,鋼筋混凝土加強磚造,62年3月14日,一層,一層
RPWNMLSLNHJFFCM07CA,44,75.69,住家用,鋼筋混凝土加強磚造,59年3月9日,一層,一層
RPVNMLNJOHJFFCM98CA,39,70.02,住家用,鋼筋混凝土加強磚造,64年6月13日,二層,一層 二層
RPTNMLSLNHJFFAM66DA,34,78.12,住商用,鋼筋混凝土加強磚造,69年4月29日,二層,一層 二層
RPRNMLKMNHJFFCM58DA,14,166.38,住家用,見其他登記事項,89年9月13日,二層,一層 二層 屋頂突出物
RPVOMLNLOHJFFCM66CA,30,182.00,住家用,鋼筋混凝土加強磚造,73年3月15日,二層,一層 二層
RPPNMLKMNHJFFBM28DA,20,29.73,住家用,鋼筋混凝土造,83年1月17日,十二層,十一層
RPPNMLKMNHJFFBM28DA,20,13.58,見其他登記事項,鋼筋混凝土造,83年1月17日,十二層,
RPUNMLTLNHJFFBM96DA,29,79.38,農舍,加強磚造,74年7月12日,二層,
RPUNMLNKOHJFFCM98CA,32,130.20,住家用,加強磚造,70年12月31日,二層,一層 二層 騎樓
RPSNMLTLNHJFFCM76CA,18,176.40,農舍,見其他登記事項,85年5月14日,二層,一層 二層
RPPNMLNJOHJFFCM38CA,21,191.33,住商用,鋼筋混凝土造,82年7月3日,二層,一層 二層 騎樓
RPRNMLLMNHJFFCM58CA,2,235.51,見其他登記事項,鋼筋混凝土造,101年8月13日,四層,一層 二層 三層 四層 騎樓 見其他登記事項
RPQNMLTLNHJFFBM09CA,2,160.36,住家用,鋼筋混凝土造,101年10月23日,三層,一層 二層 三層
RPPNMLLMNHJFFBM28CA,20,172.71,住家用,鋼筋混凝土造,83年2月7日,四層,一層 二層 三層 四層
RPSNMLLMNHJFFCM68CA,2,235.38,見其他登記事項,鋼筋混凝土造,101年8月13日,四層,一層 二層 三層 四層 騎樓 見其他登記事項
RPXNMLSLNHJFFAM96CA,22,126.81,住家用,鋼筋混凝土造,81年8月3日,三層,一層 二層 三層
RPVNMLPJOHJFFAM98CA,2,19.43,農舍,見其他登記事項,101年3月15日,一層,一層
RPSNMLQJOHJFFBM88CA,6,15.00,農舍,見其他登記事項,97年9月8日,一層,一層
RPQPMLKMNHJFFAM38CA,12,88.91,住家用,鋼筋混凝土造,91年5月20日,二層,一層 二層 屋頂突出物
RPQNMLQKOHJFFAM68CA,21,.50,見其他登記事項,鋼筋混凝土造,82年11月10日,十四層,
RPQNMLQKOHJFFAM68CA,21,71.31,住家用,鋼筋混凝土造,82年11月10日,十四層,十層
RPQNMLQKOHJFFAM68CA,21,8.56,見其他登記事項,鋼筋混凝土造,82年11月10日,十四層,
RPQNMLQKOHJFFAM68CA,21,7.72,見其他登記事項,鋼筋混凝土造,82年11月10日,十四層,
RPQNMLQKOHJFFAM68CA,21,884.82,見其他登記事項,鋼筋混凝土造,82年11月10日,十四層,
RPSPMLKMNHJFFAM58CA,16,201.81,住商用,鋼筋混凝土造,87年6月9日,三層,一層 二層 三層 屋頂突出物
RPXNMLQJOHJFFAM66CA,20,178.21,住家用,鋼筋混凝土造,83年3月31日,四層,一層 二層 三層 四層
RPUOMLKMNHJFFAM68CA,34,120.96,農舍,加強磚造,68年12月4日,二層,一層 二層 騎樓
RPRNMLKMNHJFFAM28CA,34,65.78,商業用,鋼筋混凝土加強磚造,69年6月1日,一層,一層 騎樓
RPPNMLTKOHJFFCM09CA,33,18.21,住家用,加強磚造,70年1月23日,一層,一層
RPPNMLTKOHJFFCM09CA,33,18.21,住家用,加強磚造,70年1月23日,一層,一層
RPXNMLKMNHJFFAM88CA,21,186.09,住家用,鋼筋混凝土造,82年6月17日,三層,一層 二層 三層 屋頂突出物 騎樓
RPPNMLSKOHJFFAM78CA,34,99.01,住家用,鋼筋混凝土加強磚造,69年6月13日,二層,一層 二層
RPQNMLNLOHJFFAM48CA,23,116.53,住商用,鋼筋混凝土造,79年12月5日,二層,一層 二層 騎樓
RPVOMLKMNHJFFAM88DA,10,42.70,住家用,鋼筋混凝土造,93年1月29日,三層,一層
RPVOMLKMNHJFFAM88DA,10,80.78,住家用,鋼筋混凝土造,93年1月29日,三層,二層 三層
RPVOMLKMNHJFFAM88DA,10,8.19,住家用,鋼筋混凝土造,93年1月29日,三層,
RPQNMLKLOHJFFDM48CA,7,115.74,住家用,鋼筋混凝土造,95年12月26日,三層,一層 二層 三層
RPSNMLNJOHJFFDM78CA,20,36.63,見其他登記事項,鋼筋混凝土造,83年11月2日,五層,四層
RPSNMLNJOHJFFDM78CA,20,19.84,見其他登記事項,鋼筋混凝土造,83年11月2日,五層,
RPSNMLOJOHJFFDM88CA,21,118.19,住商用,鋼筋混凝土造,82年11月8日,二層,一層 二層 騎樓 電梯樓梯間
RPRNMLNLOHJFFCM88DA,13,53.89,住家用,見其他登記事項,90年2月14日,一層,一層
RPRNMLNLOHJFFCM88DA,13,53.89,住家用,見其他登記事項,90年2月14日,一層,一層
RPRNMLTKOHJFFBM56CA,,224.65,見其他登記事項,鋼筋混凝土造,103年3月26日,三層,一層 二層 三層 見其他登記事項
RPTNMLNJOHJFFCM78CA,10,152.35,住家用,鋼骨鋼筋混凝土造,93年8月13日,二層,一層 二層
RPQNMLNLOHJFFBM58CA,1,252.53,住家用,鋼筋混凝土造,102年5月28日,四層,一層 二層 三層 四層
RPUNMLNJOHJFFBM78CA,34,158.91,住商用,鋼筋混凝土加強磚造,69年5月28日,三層,騎樓 一層 二層 三層
RPXNMLKMNHJFFBM98CA,1,286.80,見其他登記事項,鋼筋混凝土造,102年6月26日,四層,三層 四層 屋頂突出物 一層 二層
RPSNMLTJOHJFFAM09CA,23,136.76,住家用,鋼筋混凝土造,80年4月17日,二層,一層 二層
RPTNMLNJOHJFFAM58CA,2,288.92,住家用,鋼筋混凝土造,100年12月28日,四層,一層 二層 三層 四層
RPPNMLPJOHJFFAM38CA,1,197.97,住家用,鋼筋混凝土造,102年6月5日,四層,一層 二層 三層 四層
RPXNMLSKOHJFFAM96CA,7,220.67,住商用,鋼筋混凝土造,96年5月10日,四層,一層 二層 三層 四層 屋頂突出物
RPSNMLPJOHJFFAM68CA,3,255.52,見其他登記事項,鋼筋混凝土造,100年7月18日,四層,三層 四層 一層 二層
RPQNMLPJOHJFFAM48CA,1,197.97,住家用,鋼筋混凝土造,102年6月5日,四層,一層 二層 三層 四層
RPUNMLNLOHJFFAM88CA,31,337.56,住商用,鋼筋混凝土加強磚造,72年5月18日,四層,一層 二層 三層 四層 騎樓
RPQNMLQLOHJFFAM78CA,39,80.18,住家用,加強磚造,64年5月6日,二層,一層 二層
RPQNMLKLOHJFFBM28CA,3,15.00,農舍,見其他登記事項,99年7月12日,一層,一層
RPWNMLSKOHJFFCM07CA,,216.43,住家用,鋼筋混凝土造,103年2月6日,四層,一層 二層 三層 四層
RPXNMLSKOHJFFCM17CA,,207.49,住家用,鋼筋混凝土造,103年2月6日,四層,一層 二層 三層 四層
RPTNMLSKOHJFFCM76CA,,225.41,住家用,鋼筋混凝土造,103年2月6日,四層,一層 二層 三層 四層
RPQOMLSKOHJFFCM56CA,,326.81,住家用,鋼筋混凝土造,103年2月6日,四層,一層 二層 三層 四層
RPOOMLSKOHJFFCM98CA,,207.60,住家用,鋼筋混凝土造,103年2月6日,四層,一層 二層 三層 四層
RPPOMLSKOHJFFCM09CA,,228.27,住家用,鋼筋混凝土造,103年2月6日,四層,一層 二層 三層 四層
RPOOMLRLOHJFFAM78CA,28,205.97,住家用,鋼筋混凝土造,75年8月19日,四層,一層 二層 三層 四層 騎樓
RPPNMLRLOHJFFAM78CA,19,88.47,住家用,鋼筋混凝土造,84年2月16日,十三層,四層
RPPNMLRLOHJFFAM78CA,19,23.37,見其他登記事項,鋼筋混凝土造,84年2月16日,十三層,
RPUNMLMKOHJFFAM78DA,,179.67,住家用,鋼筋混凝土造,103年1月22日,三層,一層 二層 三層
RPUNMLQKOHJFFAM56DA,20,88.89,住家用,鋼筋混凝土造,83年10月7日,十一層,五層
RPUNMLQKOHJFFAM56DA,20,35.19,見其他登記事項,鋼筋混凝土造,83年10月7日,十一層,
RPQOMLKKOHJFFCM48DA,34,87.62,住家用,加強磚造,69年5月21日,二層,一層 二層
RPPNMLSJOHJFFDM98CA,1,155.57,住家用,鋼筋混凝土造,102年5月7日,三層,一層 二層 三層
RPPNMLTJOHJFFDM56DA,24,167.96,住家用,鋼筋混凝土造,79年9月12日,三層,一層 二層 三層 地下層
RPTNMLOLOHJFFDM56CA,19,220.72,住家用,鋼筋混凝土造,84年8月22日,四層,二層 三層 一層 四層 電梯樓梯間
RPRNMLPJOHJFFCM78CA,20,92.70,見其他登記事項,鋼筋混凝土造,83年5月26日,五層,一層
RPPOMLQJOHJFFCM78CA,22,204.01,住商用,鋼筋混凝土造,81年3月25日,三層,一層 二層 三層 騎樓
RPXNMLQJOHJFFBM76CA,24,174.69,住商用,鋼筋混凝土造,78年12月27日,三層,一層 二層 三層 騎樓 電梯樓梯間
RPVNMLKKOHJFFCM78CA,28,80.02,見其他登記事項,鋼筋混凝土造,74年12月15日,三層,一層 二層 三層 騎樓
RPVNMLKKOHJFFCM78CA,28,80.02,見其他登記事項,鋼筋混凝土造,74年12月15日,三層,二層 三層 一層 騎樓
RPSNMLPJOHJFFBM78CA,21,163.50,住家用,鋼筋混凝土造,82年4月23日,三層,一層 二層 三層 電梯樓梯間
RPQNMLQKOHJFFBM78CA,39,117.20,住家用,磚造,64年11月7日,一層,一層
RPWNMLQJOHJFFAM56CA,21,84.26,住家用,鋼筋混凝土造,82年3月22日,八層,四層
RPWNMLQJOHJFFAM56CA,21,25.51,見其他登記事項,鋼筋混凝土造,82年3月22日,八層,
RPUNMLQLOHJFFBM66CA,7,3112.52,見其他登記事項,見其他登記事項,96年2月16日,一層,見其他登記事項
RPSNMLSKOHJFFAM09CA,2,230.43,見其他登記事項,鋼筋混凝土造,101年9月4日,四層,四層 騎樓 一層 二層 三層
RPTNMLNKOHJFFAM68CA,11,169.94,住商用,鋼筋混凝土造,92年4月22日,三層,一層 二層 三層 屋頂突出物
RPPNMLKMOHJFFAM18CA,19,84.38,住家用,鋼筋混凝土造,84年2月16日,十三層,六層
RPPNMLTJOHJFFBM88CA,19,193.72,住家用,鋼筋混凝土造,84年8月2日,四層,一層 二層 三層 四層
RPUNMLSKOHJFFBM76CA,25,897.81,商業用,鋼筋混凝土加強磚造,78年5月8日,二層,
RPRNMLMJPHJFFAM38CA,,178.19,住家用,鋼筋混凝土造,102年12月3日,三層,一層 二層 三層 屋頂突出物
RPVNMLMJPHJFFAM78CA,9,86.53,住家用,鋼筋混凝土造,93年12月28日,十二層,十二層
RPVNMLMJPHJFFAM78CA,9,15.23,住家用,鋼筋混凝土造,93年12月28日,十二層,
RPVNMLMJPHJFFAM78CA,9,10.38,見其他登記事項,鋼筋混凝土造,93年12月28日,十二層,
RPROMLQJOHJFFBM88CA,18,132.77,住家用,鋼筋混凝土造,84年11月21日,三層,
RPPNMLLLOHJFFBM28CA,1,169.08,見其他登記事項,鋼筋混凝土造,102年9月2日,四層,一層 二層 三層 四層
RPSNMLKKOHJFFCM48CA,33,52.01,住家用,鋼筋混凝土加強磚造,70年1月15日,二層,一層 二層
RPSNMLKKOHJFFCM48CA,33,52.01,住家用,鋼筋混凝土加強磚造,70年1月15日,二層,二層 一層
RPPOMLQKOHJFFCM88CA,9,175.27,見其他登記事項,鋼筋混凝土造,94年1月28日,三層,一層 二層 三層 屋頂突出物
RPSNMLKMOHJFFCM78DA,43,86.53,住商用,鋼筋混凝土加強磚造,60年9月20日,二層,一層 二層 騎樓
RPTOMLKMOHJFFCM88CA,39,118.49,住商用,磚造,64年1月15日,二層,一層 二層 騎樓
RPXNMLOKPHJFFCM86CA,9,161.70,住商用,鋼筋混凝土造,93年10月5日,十層,一層 二層 三層
RPSNMLKLOHJFFEM78CA,13,141.73,住家用,鋼筋混凝土造,90年3月21日,三層,一層 二層 三層
RPRNMLOLOHJFFEM09CA,5,179.50,見其他登記事項,見其他登記事項,98年9月8日,三層,一層 二層 三層 見其他登記事項
RPTNMLOLOHJFFEM66CA,5,179.50,見其他登記事項,見其他登記事項,98年9月8日,三層,見其他登記事項 一層 二層 三層
RPVNMLOLOHJFFEM86CA,5,179.50,見其他登記事項,見其他登記事項,98年9月8日,三層,一層 二層 三層 見其他登記事項
RPPOMLOLOHJFFEM98CA,5,179.50,見其他登記事項,見其他登記事項,98年9月8日,三層,見其他登記事項 一層 二層 三層
RPXNMLOLOHJFFEM07CA,5,179.50,見其他登記事項,見其他登記事項,98年9月8日,三層,一層 二層 三層 見其他登記事項
RPRNMLKKOHJFFCM38CA,34,126.32,住家用,加強磚造,69年1月10日,二層,一層 二層
RPRNMLKKOHJFFCM38CA,34,130.90,住家用,加強磚造,69年1月10日,二層,一層 二層
RPXNMLTJOHJFFCM17CA,20,87.86,見其他登記事項,鋼筋混凝土造,83年1月14日,十一層,九層
RPPNMLOKOHJFFCM58CA,23,155.02,住家用,鋼筋混凝土造,80年10月8日,四層,一層 二層 三層 四層
RPSNMLKKOHJFFBM48DA,20,195.94,住家用,鋼筋混凝土造,82年11月26日,三層,一層 二層 三層
RPRNMLKKOHJFFBM38DA,20,195.94,住家用,鋼筋混凝土造,82年11月26日,三層,一層 二層 三層
RPXNMLQJOHJFFCM86CA,20,62.44,住家用,鋼筋混凝土造,83年5月3日,三層,一層 二層 三層
RPXNMLQJOHJFFCM86CA,20,62.44,住家用,鋼筋混凝土造,83年5月3日,三層,一層 二層 三層
RPTNMLSJOHJFFBM56CA,21,68.47,住家用,鋼筋混凝土造,82年5月27日,七層,六層
RPTNMLSJOHJFFBM56CA,21,14.12,見其他登記事項,鋼筋混凝土造,82年5月27日,七層,
RPTNMLSJOHJFFBM56CA,21,11.37,見其他登記事項,鋼筋混凝土造,82年5月27日,七層,
RPQNMLTJOHJFFBM98CA,1,256.47,見其他登記事項,鋼筋混凝土造,102年10月29日,三層,二層 一層 三層 見其他登記事項
RPOOMLKKOHJFFAM97CA,25,139.92,住家用,鋼筋混凝土造,78年8月2日,三層,一層 二層 三層
RPQNMLTJOHJFFAM88CA,,297.22,見其他登記事項,鋼筋混凝土造,102年10月4日,四層,一層 二層 三層 四層 騎樓
RPPNMLMJPHJFFAM18CA,19,112.86,住家用,鋼筋混凝土造,83年11月9日,十六層,三層
RPXOMLLKOHJFFAM98CA,21,78.10,住家用,鋼筋混凝土造,82年3月22日,八層,五層
RPWNMLMKOHJFFBM98CA,1,190.48,住家用,鋼筋混凝土造,102年9月18日,四層,一層 二層 三層 四層
RPQOMLKKOHJFFAM18CA,,182.49,見其他登記事項,鋼筋混凝土造,102年11月27日,四層,一層 二層 三層 四層
RPPNMLLKOHJFFAM08CA,36,211.46,住家用,加強磚造,,二層,一層 二層
RPPNMLKKOHJFFBM08CA,1,229.46,住家用,鋼筋混凝土造,102年3月8日,四層,一層 二層 三層 四層
RPWNMLKKOHJFFCM88CA,11,66.22,住家用,加強磚造,92年1月27日,一層,一層
RPWNMLKKOHJFFCM88CA,11,76.46,住家用,加強磚造,92年8月27日,一層,一層
RPVNMLNKOHJFFCM09CA,43,69.67,住家用,鋼筋混凝土加強磚造,60年10月28日,二層,一層 二層
RPRNMLLJPHJFFCM48CA,19,22.18,見其他登記事項,鋼筋混凝土造,83年11月28日,九層,
RPRNMLLJPHJFFCM48CA,19,57.53,見其他登記事項,鋼筋混凝土造,83年11月28日,九層,八層
RPSNMLOJPHJFFCM88CA,20,78.54,見其他登記事項,鋼筋混凝土造,83年7月7日,十三層,十一層
RPSNMLOJPHJFFCM88CA,20,26.76,見其他登記事項,鋼筋混凝土造,83年7月7日,十三層,
RPRNMLLKOHJFFDM58CA,21,146.00,住家用,鋼筋混凝土造,82年5月20日,三層,一層 二層 三層
RPPNMLNKOHJFFDM68DA,36,124.20,住家用,鋼筋混凝土加強磚造,67年5月1日,二層,一層 二層 騎樓
RPSNMLNJPHJFFDM88CA,18,79.40,見其他登記事項,鋼筋混凝土造,85年3月21日,八層,六層
RPSNMLNJPHJFFDM88CA,18,18.22,見其他登記事項,鋼筋混凝土造,85年3月21日,八層,
RPSNMLNJPHJFFDM88CA,18,12.29,見其他登記事項,鋼筋混凝土造,85年3月21日,八層,
RPRNMLSKOHJFFDM76DA,44,93.90,住家用,磚造,59年1月1日,一層,一層
RPQNMLLKOHJFFDM48CA,21,176.76,住商用,鋼筋混凝土造,82年6月28日,三層,一層 二層 三層 騎樓
RPPPMLSKOHJFFCM66DA,33,146.20,住商用,鋼筋混凝土造,69年12月19日,三層,二層 三層 騎樓 一層
RPVNMLTKOHJFFCM07CA,32,111.94,住商用,鋼筋混凝土加強磚造,71年2月3日,二層,一層 二層 騎樓
RPROMLQKOHJFFCM09CA,18,175.01,住家用,鋼筋混凝土造,84年12月30日,四層,一層 二層 三層 四層
RPWOMLQKOHJFFCM96CA,18,86.80,見其他登記事項,鋼筋混凝土造,85年2月9日,十五層,八層
RPQNMLMKOHJFFBM48DA,,213.14,見其他登記事項,鋼筋混凝土造,103年3月26日,三層,一層 二層 三層 見其他登記事項
RPPNMLSKOHJFFBM88CA,36,187.46,住商用,鋼筋混凝土加強磚造,67年4月6日,二層,
RPRNMLMKOHJFFCM58CA,20,129.89,住家用,鋼筋混凝土造,83年8月1日,三層,一層 二層 三層
RPSNMLLKOHJFFBM48CA,20,26.44,住家用,鋼筋混凝土造,83年7月21日,十三層,五層
RPSNMLLKOHJFFBM48CA,20,16.24,見其他登記事項,鋼筋混凝土造,83年7月21日,十三層,
RPQOMLRLOHJFFAM98CA,16,86.70,住家用,鋼筋混凝土造,86年9月19日,十四層,十層
RPQOMLRLOHJFFAM98CA,16,22.05,見其他登記事項,鋼筋混凝土造,86年9月19日,十四層,
RPPOMLRLOHJFFAM88CA,16,86.72,住家用,鋼筋混凝土造,86年9月19日,十四層,十層
RPPOMLRLOHJFFAM88CA,16,22.27,見其他登記事項,鋼筋混凝土造,86年9月19日,十四層,
RPOOMLRKOHJFFAM68CA,17,86.70,住家用,鋼筋混凝土造,86年9月19日,十四層,十三層
RPOOMLRKOHJFFAM68CA,17,21.41,見其他登記事項,鋼筋混凝土造,86年9月19日,十四層,
RPOOMLMKOHJFFBM28CA,1,181.14,見其他登記事項,鋼筋混凝土造,102年9月11日,三層,一層 二層 三層 屋頂突出物 騎樓
RPPOMLKMOHJFFAM28CA,6,262.27,住家用,鋼筋混凝土造,97年8月27日,四層,一層 二層 三層 四層
RPOOMLQKOHJFFCM78CA,19,207.81,住家用,鋼筋混凝土造,84年2月27日,四層,屋頂突出物 地下層 一層 二層 三層 四層
RPSNMLQKOHJFFCM09CA,10,148.40,住商用,鋼筋混凝土造,93年11月16日,九層,一層 二層 三層 騎樓
RPRNMLQKOHJFFCM98CA,10,180.72,住商用,鋼筋混凝土造,93年11月16日,九層,一層 二層 三層 騎樓
RPVOMLQKOHJFFCM86CA,10,155.73,住家用,見其他登記事項,93年8月18日,三層,一層 二層 三層
RPSOMLLJPHJFFBM58CA,7,234.32,見其他登記事項,鋼筋混凝土造,96年9月21日,四層,一層 二層 三層 四層
RPPNMLNKOHJFFBM48DA,33,116.16,住家用,鋼筋混凝土加強磚造,70年3月9日,二層,二層 一層
RPTNMLOJPHJFFBM88CA,21,167.80,住家用,鋼筋混凝土造,82年7月10日,三層,二層 三層 一層
RPPNMLOLOHJFFEM88CA,10,151.39,住家用,鋼筋混凝土造,92年12月17日,三層,二層 三層 屋頂突出物 一層
RPTNMLSKOHJFFAM56CA,29,106.08,住家用,加強磚造,74年4月26日,二層,一層 二層
RPOOMLSKOHJFFAM78CA,22,79.29,住家用,鋼筋混凝土造,81年5月7日,三層,三層 屋頂突出物
RPSNMLLJPHJFFCM58CA,20,39.81,見其他登記事項,鋼筋混凝土造,83年7月7日,十三層,
RPSNMLLJPHJFFCM58CA,20,110.34,見其他登記事項,鋼筋混凝土造,83年7月7日,十三層,二層
RPPOMLTKOHJFFAM98CA,19,12.67,停車空間,鋼筋混凝土造,84年2月16日,十三層,
RPQNMLLLOHJFFBM38CA,1,187.13,見其他登記事項,鋼筋混凝土造,102年9月2日,四層,一層 二層 三層 四層
RPSNMLKLOHJFFBM48CA,,198.59,住家用,鋼筋混凝土造,102年11月18日,四層,二層 三層 四層 一層
RPPNMLMLOHJFFBM38CA,25,139.98,住家用,加強磚造,78年2月1日,二層,一層 二層
RPROMLNLOHJFFCM88CA,19,148.44,見其他登記事項,鋼筋混凝土造,84年3月14日,三層,一層 二層 三層 屋頂突出物 騎樓
RPQPMLSKOHJFFCM66CA,23,115.26,住家用,鋼筋混凝土造,80年2月9日,三層,一層 二層 三層
RPPNMLQKOHJFFCM88DA,35,100.73,住家用,加強磚造,68年4月17日,二層,一層 二層
RPOOMLLKPHJFFCM38CA,21,165.89,住家用,鋼筋混凝土造,82年6月7日,三層,一層 二層 三層
RPQNMLNLOHJFFDM78CA,46,125.02,住家用,鋼筋混凝土加強磚造,57年1月1日,二層,一層 二層
RPSPMLSKOHJFFCM86CA,37,71.63,住家用,鋼筋混凝土加強磚造,66年3月15日,一層,一層 騎樓
RPPNMLKMOHJFFCM38CA,19,92.38,見其他登記事項,鋼筋混凝土造,84年11月22日,十二層,九層
RPXNMLRKOHJFFCM07CA,38,53.42,住家用,鋼筋混凝土加強磚造,65年9月20日,一層,一層
RPQOMLRKOHJFFCM09CA,59,37.12,住家用,磚造,44年5月1日,二層,一層 二層
RPVNMLQKOHJFFAM56CA,33,131.69,住商用,鋼筋混凝土加強磚造,70年1月20日,三層,三層 一層 二層
RPTNMLOLOHJFFAM88CA,20,127.80,住家用,鋼筋混凝土造,83年6月18日,三層,一層 二層 三層
RPWNMLSKOHJFFBM96CA,18,154.76,住家用,鋼筋混凝土造,84年12月30日,四層,一層 二層 三層 四層
RPWNMLSKOHJFFBM96CA,18,27.50,見其他登記事項,鋼筋混凝土造,84年12月30日,四層,
RPQOMLKLOHJFFAM28CA,28,143.00,住商用,鋼筋混凝土造,75年11月4日,二層,一層 二層
RPQOMLNLOHJFFCM78CA,17,281.97,農舍,鋼筋混凝土造,86年4月19日,三層,一層 二層 三層 屋頂突出物
RPQNMLRJPHJFFCM98CA,18,238.22,住家用,鋼筋混凝土造,84年11月18日,四層,一層 二層 三層 四層
RPPNMLNLOHJFFBM48CA,21,140.37,住家用,鋼筋混凝土造,82年10月29日,十層,四層
RPPNMLNLOHJFFBM48CA,21,35.40,見其他登記事項,鋼筋混凝土造,82年10月29日,十層,
RPVNMLOJPHJFFAM98CA,,167.52,見其他登記事項,鋼筋混凝土造,103年4月16日,三層,一層 二層 三層 屋頂突出物
RPQNMLRJPHJFFBM88CA,1,187.23,見其他登記事項,鋼筋混凝土造,102年9月2日,四層,一層 二層 三層 四層
RPWNMLKLOHJFFCM09DA,24,167.23,住家用,鋼筋混凝土造,79年11月30日,三層,一層 二層 三層
RPSNMLTKOHJFFAM66DA,21,109.52,住家用,鋼筋混凝土造,82年1月8日,二層,一層 二層 電梯樓梯間
RPPNMLKLOHJFFEM48CA,21,124.60,住家用,鋼筋混凝土造,82年6月19日,二層,一層 二層
RPROMLMJPHJFFCM68CA,33,85.04,住商用,鋼筋混凝土造,70年10月1日,四層,四層 一層 二層 三層
RPWNMLLJPHJFFCM09DA,23,115.96,住家用,鋼筋混凝土造,80年3月12日,二層,一層 二層 騎樓
RPSOMLMJPHJFFCM78CA,43,166.80,住家用,鋼筋混凝土加強磚造,60年9月29日,三層,一層 二層 三層 騎樓
RPPNMLLKPHJFFBM28CA,13,92.86,住家用,鋼筋混凝土造,89年12月1日,四層,三層
RPPNMLLKPHJFFBM28CA,13,18.40,見其他登記事項,鋼筋混凝土造,89年12月1日,四層,
RPTNMLKLOHJFFDM78CA,32,108.71,住商用,鋼筋混凝土加強磚造,71年1月1日,二層,一層 二層 騎樓
RPXNMLSJPHJFFDM27CA,47,604.33,工業用,見其他登記事項,56年3月20日,一層,
RPXNMLSJPHJFFDM27CA,47,282.82,見其他登記事項,鋼筋混凝土加強磚造,56年3月20日,二層,一層 二層
RPQNMLRKPHJFFCM09CA,44,128.37,住家用,加強磚造,58年12月1日,二層,一層 二層 騎樓
RPRNMLSKPHJFFCM66CA,18,86.80,見其他登記事項,鋼筋混凝土造,85年2月9日,十五層,六層
RPSNMLPLOHJFFCM09CA,19,85.35,見其他登記事項,鋼筋混凝土造,83年12月31日,十二層,四層
RPSNMLPLOHJFFCM09CA,19,19.90,見其他登記事項,鋼筋混凝土造,83年12月31日,十二層,
RPPNMLTKOHJFFBM98CA,40,132.40,住家用,鋼筋混凝土加強磚造,63年8月1日,二層,一層 二層
RPPOMLLJPHJFFBM28CA,21,86.34,住家用,鋼筋混凝土造,82年5月27日,七層,四層
RPPOMLLJPHJFFBM28CA,21,16.78,見其他登記事項,鋼筋混凝土造,82年5月27日,七層,
RPPOMLLJPHJFFBM28CA,21,8.85,見其他登記事項,鋼筋混凝土造,82年5月27日,七層,
RPQOMLTKOHJFFCM76DA,17,115.25,住家用,鋼筋混凝土造,86年2月5日,三層,一層 二層 三層
RPUOMLTKOHJFFCM07CA,3,328.05,住家用,鋼筋混凝土造,99年11月11日,四層,一層 二層 三層 四層
RPTOMLTKOHJFFCM96CA,3,327.82,住家用,鋼筋混凝土造,99年11月11日,四層,一層 二層 三層 四層
RPOOMLKKPHJFFDM38CA,16,171.63,農舍,鋼筋混凝土造,87年2月10日,一層,一層
RPOOMLKKPHJFFDM38CA,16,171.63,見其他登記事項,鋼筋混凝土造,87年2月10日,一層,一層
RPRNMLSJPHJFFCM56CA,14,65.69,見其他登記事項,見其他登記事項,89年1月19日,二層,一層 二層
RPPNMLTKOHJFFAM88CA,19,123.21,住家用,鋼筋混凝土造,83年12月22日,二層,一層 二層 屋頂突出物
RPRNMLRLOHJFFAM98CA,48,129.68,住商用,鋼筋混凝土加強磚造,55年8月1日,二層,一層 二層 騎樓
RPWNMLOJPHJFFAM09CA,,167.52,見其他登記事項,鋼筋混凝土造,103年4月16日,三層,一層 二層 三層 屋頂突出物
RPRNMLKKPHJFFAM28CA,32,90.20,住家用,鋼筋混凝土加強磚造,70年12月31日,二層,一層 二層
RPTNMLTKOHJFFBM76CA,1,229.46,住家用,鋼筋混凝土造,102年3月8日,四層,一層 二層 三層 四層
RPQNMLMLOHJFFAM38CA,22,155.67,見其他登記事項,鋼筋混凝土造,81年1月21日,四層,一層 二層 三層 四層 地下層
RPUNMLOLOHJFFCM56CA,33,99.25,住家用,加強磚造,70年4月25日,二層,一層 二層 騎樓
RPTNMLQLOHJFFBM56CA,40,135.22,住商用,鋼筋混凝土加強磚造,63年7月20日,二層,一層 二層 騎樓
RPPNMLKKPHJFFBM18CA,8,170.55,見其他登記事項,鋼筋混凝土造,95年1月26日,三層,一層 二層 三層 屋頂突出物
RPQNMLQLOHJFFCM98CA,33,18.14,住家用,加強磚造,70年1月23日,一層,一層
RPQNMLQLOHJFFCM98CA,33,18.21,住家用,加強磚造,70年1月23日,一層,一層
RPSNMLPLOHJFFDM56CA,11,185.48,住家用,鋼筋混凝土造,92年6月20日,三層,
RPSNMLPLOHJFFDM56CA,11,172.99,住家用,鋼筋混凝土造,92年6月20日,三層,
RPQNMLPLOHJFFDM98CA,22,186.04,住商用,鋼筋混凝土造,81年5月9日,三層,一層 二層 三層 騎樓
RPPNMLTLOHJFFDM66CA,20,213.90,住商用,鋼筋混凝土造,83年1月12日,三層,一層 二層 三層 騎樓 電梯樓梯間
RPOOMLNLOHJFFCM58CA,29,227.02,住家用,鋼筋混凝土造,74年5月17日,三層,一層 二層 三層 騎樓
RPRNMLMJPHJFFCM58CA,20,202.38,農舍,見其他登記事項,83年7月26日,二層,一層 二層
RPRNMLNLOHJFFAM58CA,34,65.78,住商用,鋼筋混凝土加強磚造,69年6月1日,一層,一層 騎樓
RPVNMLOLOHJFFAM09CA,37,99.98,住商用,鋼筋混凝土加強磚造,66年6月6日,二層,一層 二層 騎樓
RPWNMLSJPHJFFAM96DA,9,95.98,住家用,鋼筋混凝土造,93年12月28日,十二層,三層
RPWNMLSJPHJFFAM96DA,9,9.55,見其他登記事項,鋼筋混凝土造,93年12月28日,十二層,
RPWNMLSJPHJFFAM96DA,9,13.88,住家用,鋼筋混凝土造,93年12月28日,十二層,
RPWNMLMJPHJFFAM88CA,36,90.28,住家用,鋼筋混凝土加強磚造,67年7月12日,二層,一層 二層
RPWNMLOLOHJFFAM56CA,24,178.20,住家用,鋼筋混凝土造,79年9月26日,四層,一層 二層 三層 四層
RPSNMLNLOHJFFBM78CA,23,133.36,住家用,鋼筋混凝土造,79年12月26日,二層,一層 二層
RPRNMLOJPHJFFCM78CA,19,85.35,見其他登記事項,鋼筋混凝土造,83年12月31日,十二層,二層
RPRNMLOJPHJFFCM78CA,19,19.90,見其他登記事項,鋼筋混凝土造,83年12月31日,十二層,
RPTPMLSJPHJFFCM96CA,19,85.35,見其他登記事項,鋼筋混凝土造,83年12月31日,十二層,三層
RPPPMLSJPHJFFCM56CA,13,166.70,見其他登記事項,鋼骨鋼筋混凝土造,90年10月17日,三層,一層 二層 三層 騎樓
RPQNMLKKPHJFFEM58CA,15,235.51,住商用,鋼筋混凝土造,88年7月21日,四層,一層 二層 三層 四層 騎樓
RPPNMLLJPHJFFDM38CA,10,202.69,住家用,鋼筋混凝土造,93年2月26日,四層,一層 二層 三層 四層 屋頂突出物
RPPNMLPLOHJFFCM78CA,19,78.21,見其他登記事項,鋼筋混凝土造,84年11月22日,十二層,四層
RPPNMLPLOHJFFCM78CA,19,18.26,見其他登記事項,鋼筋混凝土造,84年11月22日,十二層,
RPQNMLPLOHJFFCM88CA,36,98.29,住商用,鋼筋混凝土加強磚造,67年9月9日,二層,一層 二層
RPPOMLPKPHJFFDM98CA,19,100.49,見其他登記事項,鋼筋混凝土造,84年4月8日,六層,一層
RPPOMLPKPHJFFDM98CA,19,17.52,見其他登記事項,鋼筋混凝土造,84年4月8日,六層,
RPPOMLPKPHJFFDM98CA,19,.30,見其他登記事項,鋼筋混凝土造,84年4月8日,六層,
RPPOMLPKPHJFFDM98CA,19,.30,見其他登記事項,鋼筋混凝土造,84年4月8日,六層,
RPROMLPKPHJFFDM56CA,19,81.55,見其他登記事項,鋼筋混凝土造,84年4月8日,六層,六層
RPROMLPKPHJFFDM56CA,19,.48,見其他登記事項,鋼筋混凝土造,84年4月8日,六層,
RPROMLPKPHJFFDM56CA,19,28.16,見其他登記事項,鋼筋混凝土造,84年4月8日,六層,
RPROMLPKPHJFFDM56CA,19,.48,見其他登記事項,鋼筋混凝土造,84年4月8日,六層,
RPQOMLPKPHJFFDM09CA,19,119.17,見其他登記事項,鋼筋混凝土造,84年4月8日,六層,二層
RPQOMLPKPHJFFDM09CA,19,.35,見其他登記事項,鋼筋混凝土造,84年4月8日,六層,
RPQOMLPKPHJFFDM09CA,19,.35,見其他登記事項,鋼筋混凝土造,84年4月8日,六層,
RPQOMLPKPHJFFDM09CA,19,20.54,見其他登記事項,鋼筋混凝土造,84年4月8日,六層,
RPSOMLPKPHJFFDM66CA,19,80.96,見其他登記事項,鋼筋混凝土造,84年4月8日,六層,六層
RPSOMLPKPHJFFDM66CA,19,.37,見其他登記事項,鋼筋混凝土造,84年4月8日,六層,
RPSOMLPKPHJFFDM66CA,19,21.69,見其他登記事項,鋼筋混凝土造,84年4月8日,六層,
RPSOMLPKPHJFFDM66CA,19,.37,見其他登記事項,鋼筋混凝土造,84年4月8日,六層,
RPOOMLPKPHJFFDM88CA,19,100.46,見其他登記事項,鋼筋混凝土造,84年4月8日,六層,一層
RPOOMLPKPHJFFDM88CA,19,17.77,見其他登記事項,鋼筋混凝土造,84年4月8日,六層,
RPOOMLPKPHJFFDM88CA,19,.30,見其他登記事項,鋼筋混凝土造,84年4月8日,六層,
RPOOMLPKPHJFFDM88CA,19,.30,見其他登記事項,鋼筋混凝土造,84年4月8日,六層,
RPXNMLPKPHJFFDM07CA,19,79.63,見其他登記事項,鋼筋混凝土造,84年4月8日,六層,五層
RPXNMLPKPHJFFDM07CA,19,.68,見其他登記事項,鋼筋混凝土造,84年4月8日,六層,
RPXNMLPKPHJFFDM07CA,19,39.92,見其他登記事項,鋼筋混凝土造,84年4月8日,六層,
RPXNMLPKPHJFFDM07CA,19,.68,見其他登記事項,鋼筋混凝土造,84年4月8日,六層,
RPVNMLLJPHJFFBM78CA,9,124.99,農舍,加強磚造,94年2月3日,一層,一層
RPQNMLPLOHJFFBM88DA,35,126.77,住家用,鋼筋混凝土加強磚造,68年6月6日,二層,一層 二層
RPTNMLLJPHJFFBM68DA,19,81.00,住家用,鋼筋混凝土造,84年5月12日,八層,五層
RPTNMLLJPHJFFBM68DA,19,27.57,見其他登記事項,鋼筋混凝土造,84年5月12日,八層,
RPSNMLQLOHJFFBM09CA,1,251.93,住家用,鋼筋混凝土造,102年5月28日,四層,一層 二層 三層 四層
RPQOMLLJPHJFFBM38CA,20,68.75,住家用,鋼筋混凝土造,83年11月7日,十三層,五層
RPQOMLLJPHJFFBM38CA,20,19.35,見其他登記事項,鋼筋混凝土造,83年11月7日,十三層,
RPSNMLKMOHJFFBM58CA,1,190.60,住家用,鋼筋混凝土造,102年9月18日,四層,一層 二層 三層 四層
RPXNMLPLOHJFFBM86CA,8,170.80,住商用,鋼筋混凝土造,95年5月12日,三層,一層 二層 三層 屋頂突出物
RPPNMLMJPHJFFBM28CA,35,113.96,住商用,鋼筋混凝土加強磚造,68年6月28日,二層,一層 二層 騎樓
RPSOMLMJPHJFFAM58CA,20,94.09,住家用,鋼筋混凝土造,83年6月17日,八層,一層
RPSOMLMJPHJFFAM58CA,20,24.68,見其他登記事項,鋼筋混凝土造,83年6月17日,八層,
RPTNMLPKPHJFFAM98CA,33,83.16,住家用,鋼筋混凝土加強磚造,69年12月1日,二層,一層 二層
RPSNMLKKPHJFFAM38CA,34,102.42,住商用,鋼筋混凝土加強磚造,69年6月4日,二層,一層 二層
RPRNMLQLOHJFFAM88CA,33,99.12,住家用,鋼筋混凝土加強磚造,69年12月25日,二層,一層 二層
RPPNMLQLOHJFFAM68CA,33,86.40,住家用,鋼筋混凝土加強磚造,69年12月1日,二層,一層 二層
RPSNMLRKPHJFFBM56CA,21,171.64,農舍,鋼造,82年4月3日,一層,一層
RPPNMLRLOHJFFBM98DA,47,79.99,住家用,見其他登記事項,56年7月8日,四層,一層 騎樓
RPXNMLLJPHJFFCM09CA,27,111.16,住家用,鋼筋混凝土造,76年8月21日,二層,一層 二層
RPQNMLMJPHJFFCM48CA,37,47.70,住家用,加強磚造,66年4月9日,一層,一層
RPQNMLMJPHJFFEM68CA,20,174.54,住家用,鋼筋混凝土造,83年3月10日,三層,一層 二層 三層
RPQNMLRLOHJFFCM09CA,40,106.40,住家用,鋼筋混凝土加強磚造,63年6月10日,二層,一層 二層
RPRNMLQKPHJFFBM98CA,23,191.02,住商用,鋼筋混凝土造,80年10月22日,四層,四層 騎樓 一層 二層 三層
RPPNMLMJPHJFFCM38CA,33,99.84,住商用,鋼筋混凝土造,70年10月1日,四層,一層 二層 三層 四層
RPQOMLRLOHJFFDM66CA,20,79.90,住家用,鋼筋混凝土造,83年5月24日,五層,五層
RPQOMLRLOHJFFDM66CA,20,25.72,見其他登記事項,鋼筋混凝土造,83年5月24日,五層,
RPPNMLLJPHJFFCM28CA,,47.15,農舍,鋼筋混凝土造,103年3月26日,一層,
RPSNMLSJPHJFFCM66CA,,242.46,住家用,鋼筋混凝土造,103年2月6日,四層,四層 一層 二層 三層
RPSNMLLJPHJFFBM48CA,20,96.39,住商用,鋼筋混凝土造,83年4月11日,八層,一層 二層 騎樓
RPSNMLLJPHJFFBM48CA,20,15.69,見其他登記事項,鋼筋混凝土造,83年4月11日,八層,
RPQNMLLJPHJFFBM28CA,20,75.89,住家用,鋼筋混凝土造,83年1月11日,六層,五層
RPQNMLLJPHJFFBM28CA,20,26.96,見其他登記事項,鋼筋混凝土造,83年1月11日,六層,
RPPNMLLJPHJFFBM18CA,19,85.11,住家用,鋼筋混凝土造,84年9月27日,十二層,六層
RPPNMLLJPHJFFBM18CA,19,29.47,見其他登記事項,鋼筋混凝土造,84年9月27日,十二層,
RPUNMLRLOHJFFAM66CA,13,95.27,住家用,鋼筋混凝土造,90年3月21日,二層,一層 二層
RPSNMLRLOHJFFAM09CA,35,82.04,住家用,鋼筋混凝土加強磚造,68年5月25日,二層,一層 二層
RPSOMLOJPHJFFAM78CA,38,105.81,住家用,鋼筋混凝土加強磚造,65年2月1日,二層,一層 二層
RPXOMLMJPHJFFAM09CA,19,88.39,住家用,鋼筋混凝土造,84年2月16日,十三層,三層
RPQOMLMJPHJFFAM38CA,36,62.40,住家用,加強磚造,,一層,一層
RPRNMLKMOHJFFBM48CA,18,183.90,住家用,鋼筋混凝土造,85年5月2日,四層,一層 二層 三層 四層
RPVNMLLJPHJFFCM88CA,35,129.50,住商用,鋼筋混凝土造,68年10月22日,二層,一層 二層 騎樓
RPUNMLLJPHJFFCM78CA,25,48.74,農舍,木造,78年8月3日,一層,一層 騎樓
RPUNMLLJPHJFFCM78CA,25,32.50,農舍,木造,78年8月3日,一層,一層 騎樓
RPRNMLNJPHJFFBM58CA,24,212.77,農舍,加強磚造,79年8月3日,二層,一層 二層
RPUNMLRJPHJFFBM66CA,1,260.45,見其他登記事項,鋼筋混凝土造,102年9月2日,五層,一層 二層 三層 四層 五層
RPVNMLLJPHJFFDM98CA,34,81.50,住家用,加強磚造,69年1月19日,二層,一層 二層
RPUNMLRKPHJFFAM66CA,37,105.63,農舍,鋼筋混凝土加強磚造,66年10月1日,一層,一層
RPTNMLLJPHJFFCM68CA,20,82.27,見其他登記事項,鋼筋混凝土造,83年1月14日,十一層,六層
RPQNMLQKPHJFFDM09CA,7,241.16,見其他登記事項,鋼筋混凝土造,96年10月23日,三層,一層 二層 三層
RPRNMLMJPHJFFEM78CA,,175.83,見其他登記事項,見其他登記事項,103年3月17日,三層,一層 二層 三層 見其他登記事項
RPSNMLOLPHJFFBM98CA,16,470.34,農舍,鋼筋混凝土造,87年2月9日,三層,一層 二層 三層
RPQNMLNJPHJFFCM58CA,35,74.78,住商用,鋼筋混凝土加強磚造,67年12月19日,二層,一層 二層
RPRNMLLJPHJFFBM38CA,40,76.37,住家用,鋼筋混凝土加強磚造,63年8月26日,二層,一層 二層
RPTOMLLJPHJFFBM68CA,21,95.53,住家用,鋼筋混凝土造,82年3月12日,七層,四層
RPTOMLLJPHJFFBM68CA,21,19.54,見其他登記事項,鋼筋混凝土造,82年3月12日,七層,
RPVNMLKMOHJFFAM78CA,20,187.76,住家用,鋼筋混凝土造,83年3月31日,三層,一層 二層 三層 屋頂突出物 地下層
RPVNMLKMOHJFFAM78CA,20,1.39,見其他登記事項,鋼筋混凝土造,83年3月31日,四層,
RPVNMLKMOHJFFAM78CA,20,16.93,見其他登記事項,鋼筋混凝土造,83年3月31日,四層,
RPRNMLMJPHJFFBM48CA,30,135.01,住商用,鋼筋混凝土造,73年4月1日,二層,一層 二層 騎樓
RPUNMLMJPHJFFAM68CA,25,75.32,住家用,鋼筋混凝土造,78年4月28日,四層,一層 二層 三層 四層 騎樓
RPWNMLTJPHJFFAM96CA,17,102.26,住家用,鋼筋混凝土造,85年11月21日,十一層,十一層
RPPNMLNJPHJFFAM28CA,,259.47,農舍,鋼筋混凝土造,103年5月2日,二層,一層 二層
RPTNMLNJPHJFFAM68CA,3,12.00,農舍,見其他登記事項,100年4月7日,一層,一層
RPXNMLTJPHJFFAM07CA,17,102.26,住家用,鋼筋混凝土造,85年11月21日,十一層,十一層
RPPNMLOJPHJFFCM68DA,20,90.51,見其他登記事項,鋼筋混凝土造,83年1月14日,十一層,五層
RPPNMLOJPHJFFCM68DA,20,22.22,見其他登記事項,鋼筋混凝土造,83年1月14日,十一層,
RPVOMLSJPHJFFCM07CA,23,54.00,住家用,加強磚造,80年1月1日,二層,一層 二層
RPTNMLNLPHJFFAM88CA,33,103.38,住家用,鋼筋混凝土加強磚造,69年12月1日,二層,一層 二層
RPWOMLSJPHJFFCM17CA,34,109.97,住商用,加強磚造,68年10月30日,二層,一層 二層 騎樓
RPPNMLNJPHJFFDM58CA,24,184.32,住家用,鋼筋混凝土造,78年11月28日,三層,三層 一層 二層
RPTNMLOKPHJFFDM56CA,23,198.66,住商用,鋼筋混凝土造,80年1月29日,四層,騎樓 一層 二層 三層 四層
RPRNMLSLPHJFFBM76DA,17,98.83,商業用,鋼筋混凝土造,86年10月13日,五層,四層
RPRNMLSLPHJFFBM76DA,17,98.83,住家用,鋼筋混凝土造,86年10月13日,五層,五層
RPRNMLSLPHJFFBM76DA,17,37.14,見其他登記事項,鋼筋混凝土造,86年10月13日,五層,
RPRNMLSLPHJFFBM76DA,17,37.14,見其他登記事項,鋼筋混凝土造,86年10月13日,五層,
RPSNMLPKPHJFFDM56CA,4,227.37,農舍,鋼筋混凝土造,99年4月9日,二層,一層 二層
RPRNMLTJPHJFFDM76CA,1,249.18,見其他登記事項,鋼筋混凝土造,102年8月23日,三層,一層 二層 三層 屋頂突出物
RPUPMLLJQHJFFCM09CA,,198.76,住家用,鋼筋混凝土造,103年1月6日,四層,三層 四層 一層 二層
RPTPMLLJQHJFFCM98CA,,196.30,住家用,鋼筋混凝土造,103年1月6日,四層,一層 二層 三層 四層
RPPOMLOJQHJFFCM78CA,,196.30,住家用,鋼筋混凝土造,103年1月6日,四層,一層 二層 三層 四層
RPSPMLSJPHJFFCM86CA,20,82.27,見其他登記事項,鋼筋混凝土造,83年1月14日,十一層,九層
RPUOMLKKPHJFFCM88CA,19,200.55,住家用,鋼筋混凝土造,84年9月14日,四層,一層 二層 三層 四層
RPXNMLLLPHJFFBM56CA,22,.47,見其他登記事項,鋼筋混凝土造,81年12月12日,一層,
RPXNMLLLPHJFFBM56CA,22,146.23,商業用,鋼筋混凝土造,81年12月12日,四層,一層 二層 三層 四層
RPXNMLLLPHJFFBM56CA,22,35.88,見其他登記事項,鋼筋混凝土造,81年12月12日,地下一層,
RPQOMLOJPHJFFCM78CA,19,86.32,見其他登記事項,鋼筋混凝土造,84年10月2日,七層,四層
RPOOMLKKPHJFFCM28CA,20,153.83,見其他登記事項,鋼筋混凝土造,83年1月14日,十一層,一層 二層 三層 騎樓
RPVNMLKKPHJFFCM88CA,19,152.36,見其他登記事項,鋼筋混凝土造,84年4月6日,三層,一層 二層 三層 騎樓
RPSNMLTLPHJFFCM96CA,32,111.51,住商用,鋼筋混凝土加強磚造,71年2月3日,二層,一層 二層 騎樓
RPVNMLRJPHJFFBM76CA,1,187.23,見其他登記事項,鋼筋混凝土造,102年9月2日,四層,一層 二層 三層 四層
RPVNMLNJPHJFFAM88CA,16,131.84,住家用,鋼筋混凝土造,87年4月20日,三層,一層 二層 三層
RPQNMLLLPHJFFBM48CA,15,190.97,住家用,鋼筋混凝土造,88年12月15日,四層,一層 二層 三層 四層
RPQNMLTJPHJFFAM98CA,31,360.27,住商用,鋼筋混凝土造,72年11月22日,四層,一層 二層 三層 四層 騎樓 地下層
RPTNMLKKPHJFFAM48CA,2,163.42,住家用,鋼筋混凝土造,101年9月6日,四層,一層 二層 三層 四層
RPQNMLRJPHJFFAM78CA,25,75.32,住家用,鋼筋混凝土造,78年4月28日,四層,一層 二層 三層 四層 騎樓
RPVNMLOKPHJFFBM56CA,22,203.32,住家用,鋼筋混凝土造,81年10月30日,三層,一層 二層 三層
RPPNMLRKPHJFFBM88CA,15,212.92,住家用,鋼筋混凝土造,88年4月9日,四層,一層 二層 三層 四層
RPRNMLRJPHJFFBM98CA,4,147.76,農舍,見其他登記事項,99年11月17日,三層,一層 二層 三層
RPPNMLQKPHJFFAM68CA,4,278.21,見其他登記事項,鋼筋混凝土造,99年1月26日,三層,騎樓 夾層 一層 二層 三層 屋頂突出物
RPPNMLSJPHJFFBM88CA,1,190.60,住家用,鋼筋混凝土造,102年9月18日,四層,一層 二層 三層 四層
RPPNMLQKPHJFFAM68CA,4,1.12,見其他登記事項,鋼筋混凝土造,99年1月26日,二層,
RPQNMLLLPHJFFAM38CA,16,91.35,住家用,鋼筋混凝土造,87年3月6日,九層,七層
RPQNMLLLPHJFFAM38CA,,.21,見其他登記事項,鋼筋混凝土造,,九層,
RPQNMLLLPHJFFAM38CA,16,12.84,見其他登記事項,鋼筋混凝土造,87年3月6日,九層,
RPQNMLLLPHJFFAM38CA,16,11.09,見其他登記事項,鋼筋混凝土造,87年3月6日,九層,
RPQNMLLLPHJFFAM38CA,16,553.11,見其他登記事項,鋼筋混凝土造,87年3月6日,九層,
RPQNMLLLPHJFFAM38CA,16,2.22,見其他登記事項,鋼筋混凝土造,87年3月6日,九層,
RPRNMLTJPHJFFBM56CA,16,195.10,住商用,鋼筋混凝土造,87年6月11日,四層,一層 二層 三層 四層 騎樓
RPQNMLTJPHJFFBM09CA,16,189.77,住商用,鋼筋混凝土造,87年6月11日,四層,一層 二層 三層 四層 騎樓
RPPNMLPKPHJFFEM98CA,,243.69,見其他登記事項,見其他登記事項,103年3月17日,三層,一層 二層 三層 見其他登記事項
RPTNMLLKPHJFFDM88CA,19,104.80,住家用,鋼筋混凝土造,84年9月1日,三層,一層 二層 三層 電梯樓梯間
RPTNMLLLPHJFFCM88CA,36,69.29,住家用,鋼筋混凝土加強磚造,67年6月1日,一層,一層
RPSNMLMLPHJFFEM09CA,,77.40,住家用,鋼筋混凝土加強磚造,,二層,一層 二層
RPPNMLTJPHJFFCM09CA,34,97.08,住家用,鋼筋混凝土加強磚造,69年4月8日,二層,一層 二層
RPSNMLTJPHJFFBM66CA,17,120.01,住家用,鋼筋混凝土造,86年6月30日,三層,一層 二層 三層
RPSNMLTJPHJFFBM66CA,17,.17,見其他登記事項,鋼筋混凝土造,86年6月30日,一層,
RPSNMLTJPHJFFBM66CA,17,35.47,停車空間,鋼筋混凝土造,86年6月30日,地下層,
RPRNMLKKPHJFFBM38CA,8,194.92,住家用,鋼筋混凝土造,95年10月18日,三層,一層 二層 三層 屋頂突出物
RPTNMLSJPHJFFBM66CA,1,308.81,見其他登記事項,鋼筋混凝土造,102年3月22日,三層,一層 二層 三層 屋頂突出物
RPUNMLOKPHJFFBM09CA,25,99.73,住家用,加強磚造,78年11月23日,二層,一層 二層 屋頂突出物
RPQNMLLJQHJFFAM28CA,19,65.82,住家用,鋼筋混凝土造,84年2月16日,十三層,六層
RPQNMLLJQHJFFAM28CA,19,16.91,見其他登記事項,鋼筋混凝土造,84年2月16日,十三層,
RPTNMLKKPHJFFBM58CA,17,138.57,住家用,鋼筋混凝土造,86年12月3日,三層,一層 二層 三層 電梯樓梯間
RPPNMLKLPHJFFBM28CA,8,175.98,住商用,鋼筋混凝土造,95年5月12日,三層,一層 二層 三層 屋頂突出物
RPRNMLTKPHJFFAM56CA,17,85.48,住家用,鋼筋混凝土造,86年9月19日,十四層,十層
RPRNMLTKPHJFFAM56CA,17,21.83,見其他登記事項,鋼筋混凝土造,86年9月19日,十四層,
RPPNMLTKPHJFFAM98CA,20,173.53,住家用,鋼筋混凝土造,83年10月7日,四層,一層 二層 三層 四層
RPPNMLTKPHJFFAM98CA,20,45.13,見其他登記事項,鋼筋混凝土造,83年10月7日,十一層,
RPQNMLTKPHJFFAM09CA,20,173.51,住家用,鋼筋混凝土造,83年10月7日,四層,一層 二層 三層 四層
RPQNMLTKPHJFFAM09CA,20,45.13,見其他登記事項,鋼筋混凝土造,83年10月7日,十一層,
RPSNMLOKPHJFFBM88CA,,190.56,見其他登記事項,鋼筋混凝土造,103年2月17日,三層,一層 二層 三層 見其他登記事項
RPUNMLKKPHJFFAM58CA,27,95.76,住家用,鋼筋混凝土造,76年9月16日,二層,一層 二層
RPPNMLKKPHJFFCM28CA,19,252.45,住家用,鋼筋混凝土造,84年2月27日,四層,四層 屋頂突出物 一層 二層 三層 地下層
RPOOMLSJPHJFFCM98CA,,216.37,住家用,鋼筋混凝土造,103年2月6日,四層,三層 四層 一層 二層
RPWNMLSJPHJFFCM07CA,,214.12,住家用,鋼筋混凝土造,103年2月6日,四層,一層 二層 三層 四層
RPVNMLTLPHJFFCM27CA,19,148.72,住家用,加強磚造,84年6月1日,三層,一層 二層 三層
RPPNMLSJPHJFFDM09CA,20,68.80,住家用,鋼筋混凝土造,83年5月24日,五層,五層
RPQNMLSJPHJFFDM56CA,23,205.39,住商用,鋼筋混凝土造,80年12月4日,三層,一層 二層 三層 屋頂突出物 騎樓
RPTNMLSJPHJFFDM86CA,31,155.25,住商用,鋼筋混凝土加強磚造,72年1月1日,三層,一層 二層 三層 騎樓
RPUNMLSJPHJFFDM96CA,13,129.31,住家用,鋼筋混凝土造,90年10月4日,二層,一層 二層 屋頂突出物
RPOOMLOLPHJFFAM58CA,33,129.72,住商用,鋼筋混凝土加強磚造,69年12月19日,三層,一層 二層 三層 騎樓
RPWNMLLLIIJFFCM58CA,12,28.14,住商用,鋼骨鋼筋混凝土造,91年1月8日,二層,一層 二層
RPWNMLLLIIJFFCM58CA,12,28.14,住商用,鋼骨鋼筋混凝土造,91年1月8日,二層,一層 二層
RPSNMLKKPHJFFCM58CA,2,14.00,農舍,見其他登記事項,100年7月29日,一層,一層
RPSNMLTJPHJFFCM76CA,12,120.69,住家用,鋼筋混凝土造,91年6月18日,二層,一層 二層 屋頂突出物
RPOOMLTJPHJFFAM88CA,9,215.81,住家用,鋼筋混凝土造,94年6月7日,四層,屋頂突出物 一層 二層 三層 四層
RPRNMLLKPHJFFAM38CA,21,142.10,見其他登記事項,鋼筋混凝土造,82年8月28日,六層,一層 二層 騎樓 地下層
RPRNMLLKPHJFFAM38CA,21,47.65,見其他登記事項,鋼筋混凝土造,82年8月28日,六層,
RPPNMLLKPHJFFAM28DA,10,43.54,住家用,鋼筋混凝土造,93年1月29日,三層,一層
RPPNMLLKPHJFFAM28DA,10,40.24,住家用,鋼筋混凝土造,93年1月29日,三層,
RPPNMLLKPHJFFAM28DA,10,40.24,住家用,鋼筋混凝土造,93年1月29日,三層,
RPUNMLRKPHJFFBM76CA,6,307.74,農舍,鋼筋混凝土造,97年5月12日,三層,二層 三層 一層
RPTNMLOKPHJFFBM98CA,1,229.46,住家用,鋼筋混凝土造,102年3月8日,四層,一層 二層 三層 四層
RPQNMLTLPHJFFAM56CA,23,136.76,住家用,鋼筋混凝土造,80年4月17日,二層,一層 二層
RPWNMLLMPHJFFDM86DA,7,166.76,住家用,鋼筋混凝土造,96年1月2日,三層,二層 三層 一層 屋頂突出物
RPQNMLLKPHJFFAM38DA,10,42.59,住家用,鋼筋混凝土造,93年1月29日,三層,一層
RPQNMLLKPHJFFAM38DA,10,80.56,住家用,鋼筋混凝土造,93年1月29日,三層,
RPQNMLOKPHJFFDM88CA,17,742.49,工業用,見其他登記事項,86年5月27日,一層,一層
RPWNMLKKPHJFFDM09CA,21,94.79,見其他登記事項,鋼筋混凝土造,82年4月29日,五層,四層
RPWNMLKKPHJFFDM09CA,21,21.34,見其他登記事項,鋼筋混凝土造,82年4月29日,五層,
RPPNMLLJQHJFFDM48CA,33,96.68,住商用,鋼筋混凝土加強磚造,69年12月22日,二層,一層 二層 騎樓
RPPNMLOKPHJFFEM88CA,20,147.82,住家用,鋼筋混凝土造,83年11月21日,三層,一層 二層 三層 屋頂突出物
RPOOMLQLQHJFFCM09CA,,61.31,農舍,見其他登記事項,103年5月6日,一層,
RPSNMLPKPHJFFBM98CA,33,98.00,住商用,鋼筋混凝土造,70年11月1日,二層,一層 二層 騎樓
RPRNMLPKPHJFFBM88CA,33,101.08,住商用,鋼筋混凝土造,70年11月15日,二層,一層 二層 騎樓
RPWNMLRJQHJFFCM07CA,22,127.35,住商用,鋼筋混凝土造,81年5月20日,三層,一層 二層 三層 騎樓
RPSNMLLLPHJFFAM58CA,48,46.49,住家用,見其他登記事項,,一層,一層
RPSNMLKKPHJFFBM48CA,33,117.17,住家用,鋼筋混凝土加強磚造,69年12月1日,二層,二層 一層
RPUNMLKKPHJFFBM68CA,21,209.90,住家用,鋼筋混凝土造,82年10月1日,三層,一層 二層 三層
RPPNMLNLPHJFFBM58CA,19,150.96,住家用,鋼造,84年6月30日,一層,一層
RPTOMLSKPHJFFAM76CA,20,98.00,住家用,鋼筋混凝土造,83年11月9日,十六層,八層
RPTOMLSKPHJFFAM76CA,20,14.90,見其他登記事項,鋼筋混凝土造,83年11月9日,十六層,
RPPOMLSKPHJFFAM98CA,1,266.10,見其他登記事項,鋼筋混凝土造,102年7月24日,四層,一層 二層 三層 四層
RPSNMLQKPHJFFAM98CA,17,86.72,住家用,鋼筋混凝土造,86年9月19日,十四層,十一層
RPQNMLMLPHJFFAM48CA,34,88.16,住家用,鋼筋混凝土加強磚造,69年1月9日,二層,一層 二層
RPQOMLOKPHJFFBM78CA,1,162.34,見其他登記事項,鋼筋混凝土造,102年11月25日,三層,一層 二層 三層 見其他登記事項
RPPOMLLKPHJFFCM48CA,21,132.84,住家用,鋼筋混凝土造,82年12月23日,三層,一層 二層 三層
RPQNMLPKPHJFFCM88CA,19,64.94,住家用,鋼造,84年5月18日,一層,一層
RPQNMLPJQHJFFAM68CA,21,81.14,住家用,鋼筋混凝土造,82年1月13日,三層,一層 二層 三層 騎樓
RPROMLKMPHJFFCM88DA,31,102.13,見其他登記事項,鋼筋混凝土加強磚造,72年1月18日,二層,一層 二層
RPTNMLPLPHJFFCM66CA,19,193.05,住家用,鋼筋混凝土造,84年10月20日,四層,一層 二層 三層 四層 屋頂突出物
RPVNMLPKPHJFFCM76CA,33,85.04,住商用,鋼筋混凝土造,70年10月1日,四層,三層 四層 一層 二層
RPRNMLRKPHJFFCM56CA,38,157.65,住商用,鋼筋混凝土造,65年12月9日,三層,一層 二層 三層 騎樓
RPPNMLLLPHJFFEM68CA,18,224.94,住商用,鋼筋混凝土造,85年3月22日,三層,一層 騎樓 二層 屋頂突出物 三層
RPXNMLQKPHJFFAM86CA,20,187.76,住家用,鋼筋混凝土造,83年3月31日,三層,三層 屋頂突出物 一層 地下層 二層
RPXNMLQKPHJFFAM86CA,20,16.93,見其他登記事項,鋼筋混凝土造,83年3月31日,四層,
RPXNMLQKPHJFFAM86CA,20,1.39,見其他登記事項,鋼筋混凝土造,83年3月31日,四層,
RPPNMLRKPHJFFAM78CA,20,176.58,住家用,鋼筋混凝土造,82年12月8日,三層,一層 二層 三層 屋頂突出物 地下層
RPPNMLRKPHJFFAM78CA,20,7.90,見其他登記事項,鋼筋混凝土造,82年12月8日,十層,
RPQOMLSKPHJFFAM09CA,44,99.88,住家用,見其他登記事項,59年4月30日,二層,一層 二層
RPTOMLTLPHJFFAM96CA,15,16.94,國民住宅,鋼筋混凝土造,88年6月3日,七層,
RPTOMLTLPHJFFAM96CA,15,91.11,國民住宅,鋼筋混凝土造,88年6月3日,七層,三層
RPTOMLTLPHJFFAM96CA,15,13.62,國民住宅,鋼筋混凝土造,88年6月3日,七層,
RPTNMLOLPHJFFAM98CA,21,68.78,住家用,鋼筋混凝土造,82年3月22日,八層,四層
RPTNMLOLPHJFFAM98CA,21,19.47,見其他登記事項,鋼筋混凝土造,82年3月22日,八層,
RPSNMLQKPHJFFBM09CA,1,252.67,見其他登記事項,鋼筋混凝土造,102年9月2日,四層,一層 二層 三層 四層
RPRNMLKMPHJFFBM58CA,15,121.80,住家用,鋼造,88年10月8日,二層,一層 二層
RPQNMLQKPHJFFBM88CA,1,187.76,見其他登記事項,鋼筋混凝土造,102年9月2日,四層,一層 二層 三層 四層
RPXNMLRKPHJFFBM07CA,14,171.81,住家用,鋼筋混凝土造,89年12月1日,三層,一層 二層 三層 騎樓 電梯樓梯間
RPPNMLSKPHJFFBM09DA,34,139.02,住家用,鋼筋混凝土加強磚造,69年2月4日,二層,一層 二層 騎樓
RPPNMLKMPHJFFCM48CA,41,210.70,住家用,鋼筋混凝土加強磚造,62年7月30日,三層,一層 二層 三層 騎樓
RPUNMLMKQHJFFCM09CA,20,11.17,見其他登記事項,鋼筋混凝土造,83年11月28日,九層,
RPUNMLMKQHJFFCM09CA,20,30.88,見其他登記事項,鋼筋混凝土造,83年11月28日,九層,三層
RPPNMLRKPHJFFDM09CA,16,85.88,見其他登記事項,鋼筋混凝土造,87年11月17日,八層,八層
RPPNMLRKPHJFFDM09CA,16,41.45,見其他登記事項,鋼筋混凝土造,87年11月17日,八層,
RPXNMLOLPHJFFCM96CA,19,120.35,見其他登記事項,鋼筋混凝土造,83年12月31日,十二層,十二層
RPXNMLOLPHJFFCM96CA,19,24.85,見其他登記事項,鋼筋混凝土造,83年12月31日,十二層,
RPXNMLOLPHJFFCM96CA,19,.26,見其他登記事項,鋼筋混凝土造,83年12月31日,十二層,
RPXNMLOLPHJFFCM96CA,19,12.10,見其他登記事項,鋼筋混凝土造,83年12月31日,十二層,
RPUNMLOLPHJFFDM76CA,18,31.34,見其他登記事項,鋼筋混凝土造,85年3月9日,七層,五層
RPUNMLOLPHJFFDM76CA,18,5.99,見其他登記事項,鋼筋混凝土造,85年3月9日,七層,
RPUNMLOLPHJFFDM76CA,18,6.43,見其他登記事項,鋼筋混凝土造,85年3月9日,七層,
RPPNMLOLPHJFFBM68CA,2,109.00,農舍,見其他登記事項,101年9月12日,一層,一層
RPWNMLRKPHJFFBM07DA,10,105.09,見其他登記事項,鋼筋混凝土造,93年3月22日,七層,六層
RPWNMLRKPHJFFBM07DA,10,61.21,見其他登記事項,鋼筋混凝土造,93年3月22日,七層,
RPQNMLRKPHJFFBM98CA,39,105.51,住家用,鋼筋混凝土加強磚造,64年1月21日,三層,一層 二層 三層
RPPNMLSKPHJFFCM09CA,25,134.56,住商用,鋼筋混凝土造,78年7月25日,三層,一層 二層 三層 騎樓
RPOOMLPJQHJFFAM58CA,19,179.58,見其他登記事項,鋼筋混凝土造,84年4月10日,四層,一層 二層 三層 四層 騎樓
RPVNMLRKPHJFFAM76CA,34,102.61,住家用,鋼筋混凝土加強磚造,69年2月1日,二層,一層 二層
RPQNMLMLPHJFFBM58CA,1,166.62,見其他登記事項,鋼筋混凝土造,102年2月18日,三層,一層 二層 三層 見其他登記事項
RPTNMLLKQHJFFAM68CA,1,164.60,見其他登記事項,鋼筋混凝土造,102年12月3日,三層,一層 二層 三層 屋頂突出物
RPQNMLSKPHJFFBM56DA,23,26.00,住家用,鋼筋混凝土造,80年9月20日,九層,五層
RPQNMLSKPHJFFBM56DA,23,8.66,見其他登記事項,鋼筋混凝土造,80年9月20日,九層,
RPQNMLSKPHJFFBM56DA,23,4.71,見其他登記事項,鋼筋混凝土造,80年9月20日,十一層,
RPPNMLNLPHJFFEM88CA,20,119.25,住家用,鋼筋混凝土造,82年12月17日,三層,
RPOOMLOLPHJFFBM78DA,33,138.84,住家用,鋼筋混凝土造,70年2月10日,三層,一層 二層 三層 騎樓
RPWNMLLLPHJFFCM56CA,39,74.68,住家用,磚造,64年3月15日,一層,一層
RPRNMLMLPHJFFBM68CA,17,158.62,住家用,鋼筋混凝土造,86年10月7日,三層,一層 二層 三層 電梯樓梯間
RPRNMLMLPHJFFCM78CA,33,73.13,住商用,見其他登記事項,70年1月16日,二層,一層 二層
RPPNMLLLPHJFFDM58CA,8,192.71,住家用,鋼筋混凝土造,95年1月26日,三層,
RPQOMLOJQHJFFCM88CA,3,182.34,見其他登記事項,鋼筋混凝土造,100年4月11日,三層,一層 二層 三層 見其他登記事項
RPVNMLMKQHJFFCM56CA,20,103.94,見其他登記事項,鋼筋混凝土造,83年5月30日,七層,六層
RPVNMLMKQHJFFCM56CA,20,16.52,見其他登記事項,鋼筋混凝土造,83年5月30日,七層,
RPVNMLMKQHJFFCM56CA,20,12.14,見其他登記事項,鋼筋混凝土造,83年5月30日,七層,
RPUNMLTLPHJFFCM17CA,20,24.03,見其他登記事項,鋼筋混凝土造,83年10月13日,十二層,十二層
RPOOMLSLPHJFFCM56CA,30,97.46,住商用,鋼筋混凝土造,73年5月31日,二層,一層 二層 騎樓
RPTNMLLLPHJFFBM78CA,1,229.46,住家用,鋼筋混凝土造,102年3月8日,四層,一層 二層 三層 四層
RPRNMLLLPHJFFBM58CA,22,195.49,住家用,鋼筋混凝土造,81年6月9日,四層,一層 二層 三層 四層
RPUNMLLLPHJFFBM88CA,1,228.62,住家用,鋼筋混凝土造,102年3月8日,四層,一層 二層 三層 四層
RPSNMLLLPHJFFBM68CA,20,105.95,住家用,鋼筋混凝土造,83年11月7日,十三層,十一層
RPSNMLLLPHJFFBM68CA,20,34.99,見其他登記事項,鋼筋混凝土造,83年11月7日,十三層,
RPQOMLPLPHJFFBM98CA,1,187.23,見其他登記事項,鋼筋混凝土造,102年9月2日,四層,三層 四層 一層 二層
RPTNMLSLPHJFFAM76CA,20,93.18,住家用,鋼筋混凝土造,83年11月9日,十六層,八層
RPTNMLSLPHJFFAM76CA,20,14.11,見其他登記事項,鋼筋混凝土造,83年11月9日,十六層,
RPTOMLOLPHJFFAM09CA,28,106.68,住家用,加強磚造,75年5月6日,二層,一層 二層
RPOOMLTLPHJFFAM09CA,22,109.44,農舍,見其他登記事項,81年8月15日,一層,一層
RPTOMLPLPHJFFBM66CA,13,175.28,住家用,鋼筋混凝土造,90年4月21日,三層,一層 二層 三層 屋頂突出物
RPPNMLTLPHJFFEM86CA,27,131.52,農舍,鋼筋混凝土加強磚造,76年3月14日,二層,一層 二層
RPPNMLNLPHJFFAM48CA,46,118.86,住商用,鋼筋混凝土加強磚造,,二層,一層 二層
RPPNMLNLPHJFFAM48CA,40,150.32,住商用,鋼筋混凝土加強磚造,63年1月1日,二層,一層 二層
RPPNMLNLPHJFFAM48CA,46,127.44,住商用,鋼筋混凝土加強磚造,,二層,一層 二層
RPROMLOLPHJFFAM98DA,32,115.85,住商用,鋼筋混凝土加強磚造,71年2月22日,二層,一層 二層 騎樓
RPTNMLLKQHJFFDM98CA,11,184.34,住家用,鋼筋混凝土造,92年2月19日,三層,一層 二層 三層 屋頂突出物
RPUNMLOJQHJFFAM98CA,10,91.66,住家用,鋼筋混凝土造,93年12月28日,十二層,七層
RPUNMLOJQHJFFAM98CA,10,13.60,住家用,鋼筋混凝土造,93年12月28日,十二層,
RPUNMLOJQHJFFAM98CA,10,9.31,見其他登記事項,鋼筋混凝土造,93年12月28日,十二層,
RPWNMLLMPHJFFCM66CA,25,197.19,住商用,鋼筋混凝土造,78年6月29日,七層,一層 二層 三層 騎樓
RPVNMLLMPHJFFCM56CA,2,235.51,見其他登記事項,鋼筋混凝土造,101年8月13日,四層,一層 二層 三層 四層 騎樓 見其他登記事項
RPXNMLSJQHJFFCM27CA,35,134.41,住商用,鋼筋混凝土加強磚造,68年3月24日,二層,一層 二層 騎樓
RPSNMLLLQHJFFCM88CA,9,133.78,住家用,鋼筋混凝土造,94年3月17日,三層,一層 二層 三層 屋頂突出物
RPPNMLSLPHJFFBM09CA,18,76.35,住家用,鋼筋混凝土造,85年6月13日,九層,四層
RPPNMLSLPHJFFBM09CA,18,23.13,見其他登記事項,鋼筋混凝土造,85年6月13日,九層,
RPWNMLOLPHJFFBM76CA,1,190.60,住家用,鋼筋混凝土造,102年9月18日,四層,一層 二層 三層 四層
RPPNMLQJQHJFFDM98CA,25,210.68,住家用,鋼筋混凝土造,78年11月28日,三層,一層 二層 三層
RPUNMLPLPHJFFBM66CA,1,229.46,住家用,鋼筋混凝土造,102年3月8日,四層,一層 二層 三層 四層
RPPNMLOLPHJFFAM58CA,34,104.22,住商用,鋼筋混凝土加強磚造,69年11月20日,二層,一層 二層 騎樓
RPPNMLKMPHJFFAM28CA,34,93.28,住家用,鋼筋混凝土加強磚造,69年5月30日,二層,一層 二層
RPPOMLOLPHJFFAM68CA,35,111.18,住家用,鋼筋混凝土加強磚造,68年3月5日,二層,一層 二層
RPSOMLOLPHJFFAM98CA,11,61.92,住家用,鋼筋混凝土造,92年8月21日,四層,三層
RPSOMLOLPHJFFAM98CA,11,3.04,住家用,鋼筋混凝土造,92年8月21日,四層,
RPPNMLSLPHJFFAM98CA,34,152.40,住商用,鋼筋混凝土加強磚造,69年6月1日,三層,一層 二層 三層 騎樓
RPTOMLLMPHJFFAM88CA,32,96.42,住家用,加強磚造,71年1月1日,二層,一層 二層
RPVNMLOJQHJFFAM09CA,38,93.92,住家用,鋼筋混凝土加強磚造,65年4月2日,二層,一層 二層
RPSNMLOJQHJFFAM78CA,15,104.59,國民住宅,鋼筋混凝土造,88年6月3日,七層,三層
RPSNMLOJQHJFFAM78CA,15,19.38,國民住宅,鋼筋混凝土造,88年6月3日,七層,
RPSNMLOJQHJFFAM78CA,15,15.58,國民住宅,鋼筋混凝土造,88年6月3日,七層,
RPTOMLLJQHJFFAM68CA,6,202.30,住家用,鋼筋混凝土造,97年4月10日,四層,一層 二層 三層 四層
RPPOMLPLPHJFFBM88CA,47,182.02,住家用,鋼筋混凝土加強磚造,56年1月10日,三層,一層 二層 三層 騎樓
RPQNMLSLPHJFFBM56CA,7,169.44,住家用,鋼筋混凝土造,96年5月8日,三層,一層 二層 三層 電梯樓梯間
RPQNMLLJQHJFFDM58CA,40,82.82,住家用,鋼筋混凝土加強磚造,63年6月1日,二層,一層 二層 騎樓
RPSOMLLJQHJFFAM58CA,13,174.79,住家用,鋼筋混凝土造,90年7月26日,三層,一層 二層 三層 屋頂突出物
RPOOMLSKQHJFFAM98CA,17,86.72,住家用,鋼筋混凝土造,86年9月19日,十四層,十層
RPOOMLSKQHJFFAM98CA,17,22.27,見其他登記事項,鋼筋混凝土造,86年9月19日,十四層,
RPSNMLQJQHJFFCM66DA,35,94.75,住家用,鋼筋混凝土加強磚造,68年11月13日,二層,一層 二層 騎樓
RPRNMLPLPHJFFDM56CA,20,232.22,住家用,鋼筋混凝土造,83年5月24日,三層,一層 二層 三層 騎樓
RPSNMLPLPHJFFDM66CA,36,112.00,住商用,鋼筋混凝土加強磚造,67年3月15日,二層,一層 二層 騎樓
RPWNMLPLPHJFFCM96CA,20,110.69,見其他登記事項,鋼筋混凝土造,83年7月8日,十二層,八層
RPRNMLLLQHJFFAM58CA,9,112.34,住家用,鋼筋混凝土造,94年12月13日,十一層,五層
RPRNMLLLQHJFFAM58CA,9,14.45,見其他登記事項,鋼筋混凝土造,94年12月13日,十一層,
RPRNMLLLQHJFFAM58CA,9,21.67,見其他登記事項,鋼筋混凝土造,94年12月13日,十一層,
RPQNMLPLPHJFFDM09CA,9,57.27,住商用,鋼筋混凝土造,94年5月2日,三層,一層 二層 三層 屋頂突出物
RPQNMLPLPHJFFDM09CA,9,57.27,住商用,鋼筋混凝土造,94年5月2日,三層,一層 二層 三層 屋頂突出物
RPPNMLTLPHJFFCM76DA,10,147.66,住家用,鋼筋混凝土造,93年3月24日,二層,一層 二層
RPRNMLRLPHJFFCM66CA,10,134.14,見其他登記事項,鋼筋混凝土造,93年7月12日,三層,一層 二層 三層
RPTOMLTLPHJFFCM17CA,2,192.12,住家用,鋼筋混凝土造,101年4月26日,三層,一層 二層 三層
RPTNMLPJQHJFFCM56CA,30,100.62,住商用,鋼筋混凝土造,73年1月13日,二層,一層 二層 騎樓
RPTNMLSKQHJFFAM76CA,21,51.20,住家用,鋼筋混凝土造,82年11月10日,十四層,九層
RPTNMLSKQHJFFAM76CA,21,10.91,見其他登記事項,鋼筋混凝土造,82年11月10日,十四層,
RPTNMLSKQHJFFAM76CA,21,7.68,見其他登記事項,鋼筋混凝土造,82年11月10日,十四層,
RPPNMLSKQHJFFEM76CA,17,150.26,住商用,鋼筋混凝土造,86年10月24日,三層,一層 二層 三層 屋頂突出物 騎樓
RPUNMLSLPHJFFBM96CA,21,374.01,農舍,加強磚造,82年3月1日,二層,一層 二層 屋頂突出物
RPRNMLTLPHJFFBM76CA,35,61.02,住商用,鋼筋混凝土加強磚造,68年6月19日,二層,一層 二層 騎樓
RPTNMLKMPHJFFBM78CA,10,215.53,住家用,鋼筋混凝土造,93年5月31日,四層,四層 一層 二層 三層
RPUNMLLLQHJFFCM09CA,26,200.48,住商用,鋼筋混凝土造,77年4月18日,三層,一層 二層 三層 騎樓
RPSNMLPJQHJFFAM88CA,34,194.77,住商用,鋼筋混凝土加強磚造,70年1月1日,二層,一層 二層 騎樓
RPROMLLJQHJFFAM48CA,24,164.16,住商用,鋼筋混凝土造,79年2月15日,三層,一層 二層 三層 騎樓
RPUOMLPJQHJFFAM56CA,34,95.44,見其他登記事項,鋼筋混凝土造,69年4月15日,二層,一層 二層 屋頂突出物 騎樓
RPOOMLSLPHJFFAM98CA,20,133.89,住家用,鋼筋混凝土造,83年9月30日,三層,一層 二層 三層 夾層
RPXOMLPJQHJFFAM86CA,2,365.94,見其他登記事項,鋼筋混凝土造,100年10月13日,四層,一層 二層 三層 四層 屋頂突出物 騎樓
RPSNMLTLPHJFFBM86CA,1,222.24,見其他登記事項,鋼筋混凝土造,102年11月5日,三層,一層 二層 三層 屋頂突出物
RPTOMLPJQHJFFCM66CA,19,178.30,住家用,鋼筋混凝土造,84年9月14日,四層,一層 二層 三層 四層
RPTOMLPJQHJFFCM66CA,19,138.30,住家用,鋼筋混凝土造,84年9月14日,三層,一層 二層 三層
RPVNMLLJQHJFFCM98CA,18,39.11,見其他登記事項,鋼筋混凝土造,85年2月9日,十五層,九層
RPVNMLLJQHJFFCM98CA,18,9.75,見其他登記事項,鋼筋混凝土造,85年2月9日,十五層,
RPVNMLLJQHJFFCM98CA,18,39.11,見其他登記事項,鋼筋混凝土造,85年2月9日,十五層,九層
RPVNMLLJQHJFFCM98CA,18,9.75,見其他登記事項,鋼筋混凝土造,85年2月9日,十五層,
RPPNMLOJQHJFFCM68CA,34,135.70,住家用,鋼筋混凝土加強磚造,69年1月15日,三層,一層 二層 三層
RPWNMLTLPHJFFDM47CA,20,328.33,住商用,鋼筋混凝土造,83年6月10日,四層,一層 二層 三層 四層 騎樓 電梯樓梯間
RPXNMLKMPHJFFCM66CA,17,163.63,住商用,鋼筋混凝土造,86年11月3日,三層,一層 二層 三層 屋頂突出物 騎樓
RPUNMLLMPHJFFCM09CA,,89.44,住家用,鋼筋混凝土造,83年8月13日,十五層,五層
RPQNMLRJQHJFFCM09CA,39,641.28,見其他登記事項,見其他登記事項,64年1月1日,,一層
RPQNMLRJQHJFFCM09CA,37,534.71,見其他登記事項,見其他登記事項,66年12月1日,一層,一層
RPQOMLKMPHJFFCM68CA,19,74.44,見其他登記事項,鋼筋混凝土造,84年11月22日,十二層,十層
RPWNMLKMPHJFFCM56CA,20,163.54,住家用,鋼筋混凝土造,83年4月12日,四層,四層 屋頂突出物 一層 二層 三層
RPROMLRJQHJFFCM66CA,9,200.47,住家用,鋼筋混凝土造,94年5月12日,四層,一層 二層 三層 四層
RPQNMLKMPHJFFBM58DA,18,105.40,住家用,鋼筋混凝土造,85年6月13日,九層,六層
RPQNMLKMPHJFFBM58DA,18,.10,見其他登記事項,鋼筋混凝土造,85年6月13日,九層,
RPQNMLKMPHJFFBM58DA,18,2512.11,見其他登記事項,鋼筋混凝土造,85年6月13日,九層,
RPQNMLKMPHJFFBM58DA,18,36.46,見其他登記事項,鋼筋混凝土造,85年6月13日,九層,
RPUOMLPJQHJFFCM76CA,19,133.18,住家用,鋼筋混凝土造,84年9月14日,三層,一層 二層 三層
RPPNMLLJQHJFFCM38CA,16,165.05,見其他登記事項,鋼筋混凝土造,87年12月31日,八層,一層 二層 騎樓
RPPNMLLJQHJFFCM38CA,16,77.10,見其他登記事項,鋼筋混凝土造,87年12月31日,八層,
RPPNMLKMPHJFFDM58CA,18,33.89,見其他登記事項,鋼筋混凝土造,85年3月9日,七層,四層
RPROMLLKQHJFFCM78CA,20,28.57,見其他登記事項,鋼筋混凝土造,83年7月7日,十三層,
RPROMLLKQHJFFCM78CA,20,188.45,住商用,鋼筋混凝土造,83年7月7日,十三層,一層 二層 三層 騎樓
RPUOMLLJQHJFFAM78CA,21,100.92,住家用,鋼筋混凝土造,82年11月10日,十四層,十二層
RPUOMLLJQHJFFAM78CA,21,10.11,見其他登記事項,鋼筋混凝土造,82年11月10日,十四層,
RPUOMLLJQHJFFAM78CA,21,9.22,見其他登記事項,鋼筋混凝土造,82年11月10日,十四層,
RPRNMLLMPHJFFEM98CA,11,22.23,農舍,見其他登記事項,92年4月7日,一層,一層
RPPNMLTLPHJFFDM76CA,19,183.53,住家用,鋼筋混凝土造,84年7月10日,四層,三層 四層 一層 二層
RPSNMLLMPHJFFEM09CA,11,22.23,農舍,見其他登記事項,92年4月7日,一層,一層
RPTNMLLLQHJFFAM78CA,21,94.91,住家用,鋼筋混凝土造,82年1月4日,八層,七層
RPTNMLLLQHJFFAM78CA,21,27.72,見其他登記事項,鋼筋混凝土造,82年1月4日,八層,
RPUNMLLMPHJFFAM88CA,,246.63,見其他登記事項,鋼筋混凝土造,103年6月4日,三層,一層 二層 三層 屋頂突出物
RPTNMLLJQHJFFAM58CA,17,86.70,住家用,鋼筋混凝土造,86年9月19日,十四層,十一層
RPVOMLPJQHJFFAM66CA,20,74.28,住家用,鋼筋混凝土造,83年9月8日,五層,二層
RPVNMLLMPHJFFAM98CA,9,82.95,住家用,鋼筋混凝土造,94年7月28日,五層,四層
RPWNMLLMPHJFFAM09CA,,246.63,見其他登記事項,鋼筋混凝土造,103年6月4日,三層,一層 二層 三層 屋頂突出物
RPSNMLLMPHJFFAM68CA,,246.63,見其他登記事項,鋼筋混凝土造,103年6月4日,三層,一層 二層 三層 屋頂突出物
RPRNMLLMPHJFFAM58CA,,246.63,見其他登記事項,鋼筋混凝土造,103年6月4日,三層,三層 屋頂突出物 一層 二層
RPPNMLPJQHJFFAM58CA,6,228.91,住家用,鋼筋混凝土造,97年4月10日,四層,一層 二層 三層 四層
RPQNMLLMPHJFFAM48CA,,246.63,見其他登記事項,鋼筋混凝土造,103年6月4日,三層,一層 二層 三層 屋頂突出物
RPPNMLLMPHJFFAM38CA,,272.52,見其他登記事項,鋼筋混凝土造,103年6月4日,四層,一層 二層 三層 四層 騎樓
RPSNMLRJQHJFFBM56CA,2,338.56,住家用,鋼筋混凝土造,101年12月10日,五層,一層 二層 三層 四層 五層
RPROMLSJQHJFFCM76CA,18,81.41,見其他登記事項,鋼筋混凝土造,85年2月9日,十五層,九層
RPROMLSJQHJFFCM76CA,18,20.22,見其他登記事項,鋼筋混凝土造,85年2月9日,十五層,
RPPNMLPKQHJFFCM88CA,19,171.74,住家用,鋼筋混凝土造,84年8月11日,四層,二層 三層 一層 四層
RPQNMLMKQHJFFDM78CA,22,93.60,住家用,加強磚造,81年12月23日,二層,一層 二層
RPOOMLLKQHJFFCM48CA,3,211.28,見其他登記事項,鋼筋混凝土造,100年3月7日,三層,一層 二層 三層 見其他登記事項
RPRNMLLJQHJFFDM68CA,11,185.84,住家用,鋼筋混凝土造,92年3月27日,三層,一層 二層 三層 屋頂突出物
RPUNMLQLQHJFFCM96CA,12,99.83,住家用,鋼筋混凝土造,91年3月29日,三層,一層 二層 三層
RPXNMLSKQHJFFAM17CA,15,91.40,國民住宅,鋼筋混凝土造,88年6月3日,七層,一層
RPXNMLSKQHJFFAM17CA,15,16.87,國民住宅,鋼筋混凝土造,88年6月3日,七層,
RPXNMLSKQHJFFAM17CA,15,13.57,國民住宅,鋼筋混凝土造,88年6月3日,七層,
RPRNMLLKQHJFFBM58CA,12,228.07,住家用,鋼筋混凝土造,91年11月25日,四層,一層 二層 三層 四層
RPXNMLNKQHJFFAM66CA,57,47.08,住家用,磚造,46年7月10日,一層,
RPXNMLNKQHJFFAM66CA,37,80.32,住家用,鋼筋混凝土加強磚造,66年4月30日,二層,一層 二層
RPPNMLPJQHJFFBM68CA,18,144.50,住家用,鋼筋混凝土造,85年8月15日,三層,一層 二層 三層
RPUNMLSJQHJFFAM76CA,34,98.79,住商用,鋼筋混凝土加強磚造,69年1月23日,二層,一層 二層 騎樓
RPQOMLLJQHJFFAM38CA,16,132.36,住家用,鋼筋混凝土造,87年4月20日,三層,一層 二層 三層
RPWNMLRLQHJFFCM27CA,20,81.78,見其他登記事項,鋼筋混凝土造,83年1月14日,十一層,七層
