﻿編號,土地區段位置,土地移轉面積平方公尺,使用分區或編定
The serial number,land sector position,land shifting area square meter,the use zoning or compiles and checks
RPSNMLQLOHJFFCP07CC,來惠段,493.13,非都市：鄉村區 ; 非都市編定：乙種建築用地
RPQNMLPKNHJFFDP66CC,虎新段,14.87,都市：商
RPXNMLMJNHJFFDP96CC,忠孝段,182.65,都市：住
RPXNMLMJNHJFFDP96CC,忠孝段,187.57,都市：住
RPWNMLMJNHJFFDP86CC,忠孝段,182.65,都市：住
RPWNMLMJNHJFFDP86CC,忠孝段,187.57,都市：住
RPPNMLNJNHJFFDP88CC,忠孝段,182.65,都市：住
RPPNMLNJNHJFFDP88CC,忠孝段,187.57,都市：住
RPWNMLTLNHJFFDP77CC,虎新段,23.14,都市：商
