﻿編號,土地區段位置,土地移轉面積平方公尺,使用分區或編定
The serial number,land sector position,land shifting area square meter,the use zoning or compiles and checks
RPPNMLLJJILFFHL58CC,新興段,.00,都市：住
RPQPMLLJJILFFCB37CC,惠國段,11.99,都市：其他
RPUPMLLJJILFFCB77CC,惠民段,18.40,都市：其他
RPSPMLLJJILFFCB57CC,福安段,27.76,都市：住
RPRPMLLJJILFFCB47CC,惠民段,19.75,都市：其他
RPPPMLLJJILFFCB27CC,大新段,.00,都市：住
RPRNMLMJJILFFFL68CC,橫山段,96.00,都市：農
RPUNMLLJJILFFAB37CC,公館段,85.00,都市：商
RPWNMLLJJILFFAB57CC,麻園頭段,29.56,都市：住
RPSNMLMJJILFFCB47CC,上石碑段,20.98,都市：住
RPOPMLMJJILFFCB27CC,福安段,47.92,都市：住
RPVOMLMJJILFFCB87CC,惠民段,10.65,都市：其他
RPRQMLMJJILFFCB67CC,中正段,8.57,都市：商
RPPQMLMJJILFFCB47CC,中正段,7.04,都市：商
RPXNMLLJJILFFAB67CC,麻園頭段,44.78,都市：住
RPXNMLMJJILFFAL78CC,安康段,132.78,都市：住
RPOOMLLJJILFFAL87CC,豐社段,80.00,都市：農
RPRNMLMJJILFFCB37CC,惠來厝段,74.00,都市：住
RPTPMLMJJILFFCB77CC,中仁段,.00,都市：住
RPWQMLMJJILFFCB18CC,中正段,8.49,都市：商
RPTQMLMJJILFFCB87CC,上石碑段,3.44,都市：商
RPTQMLMJJILFFCB87CC,上石碑段,3.07,都市：商
RPRNMLNJJILFFAB27CC,麻園頭段,.00,都市：其他
RPWNMLMJJILFFAB67CC,旱平段,25.55,都市：住
RPVNMLMJJILFFAB57CC,大益段,122.00,都市：住
RPVPMLOJJILFFCB18CC,中義段,7.38,都市：住
RPROMLOJJILFFCB67CC,福順段,31.61,都市：住
RPRNMLOJJILFFCB57CC,楓樹段,79.00,都市：住
RPRNMLOJJILFFCB57CC,楓樹段,19.85,都市：住
RPQPMLOJJILFFCB67CC,惠民段,11.77,都市：其他
RPQNMLNJJILFFCB37CC,惠泰段,124.99,都市：住
RPQNMLNJJILFFCB37CC,惠泰段,125.00,都市：住
RPQNMLNJJILFFCB37CC,惠泰段,125.00,都市：住
RPQNMLNJJILFFCB37CC,惠泰段,125.01,都市：住
RPSQMLNJJILFFCB87CC,惠民段,17.27,都市：其他
RPOOMLOJJILFFAB17CC,半平厝段,6.15,都市：住
RPTPMLOJJILFFAB77CC,麻園頭段,19.85,都市：住
RPSOMLOJJILFFAB57CC,半平厝段,24.53,都市：住
RPVNMLOJJILFFAB77CC,土庫段,.00,都市：住
RPRPMLOJJILFFAB57CC,麻園頭段,17.52,都市：住
RPTPMLMJJILFFBB67CC,邱厝子段,2.73,都市：商
RPTPMLMJJILFFBB67CC,賴厝段,3.41,都市：商
RPOPMLMJJILFFBB17CC,邱厝子段,2.38,都市：商
RPOPMLMJJILFFBB17CC,賴厝段,2.96,都市：商
RPWRMLNJJILFFBB28CC,乾溝子段,14.24,都市：住
RPWRMLNJJILFFBB28CC,乾溝子段,.41,都市：住
RPVPMLMJJILFFBB87CC,東峰段,10.49,都市：商
RPQOMLRJJILFFCB87CC,大新段,566.00,都市：住
RPROMLRJJILFFCB97CC,大新段,566.00,都市：住
RPSPMLOJJILFFAB67CC,後子段,10.34,都市：住
RPQNMLOJJILFFHL98CC,新興段,.00,都市：住
RPOPMLSJJILFFCB87CC,惠民段,20.94,都市：其他
RPXNMLOJJILFFGL96CC,新榮泉段,20.04,都市：住
RPQNMLRJJILFFHL66CC,育賢段,.00,都市：商
RPVNMLSJJILFFFL07CC,潭興段,23.00,都市：住
RPVNMLSJJILFFFL07CC,潭興段,70.30,都市：住
RPTNMLRJJILFFFL76CC,家興段,14.62,都市：住
RPXNMLSJJILFFAL76CC,向陽段,103.00,都市：商
RPPNMLSJJILFFAL68DC,陽明段,214.00,都市：住
RPXNMLTJJILFFAB48CC,樹子腳段,4.87,都市：住
RPOOMLTJJILFFGL66CC,北新段,94.93,都市：住
RPUOMLTJJILFFAB28CC,麻園頭段,99.00,都市：其他
RPTPMLOJJILFFBB87CC,中清段,.00,都市：住
RPWOMLOJJILFFBB08CC,邱厝子段,.17,都市：商
RPWOMLOJJILFFBB08CC,賴厝段,.21,都市：商
RPQNMLRJJILFFBB67CC,平田段,85.00,都市：住
RPQNMLRJJILFFBB67CC,平田段,96.00,都市：住
RPSPMLSJJILFFBB18CC,長安段,29.66,都市：住
RPOQMLOJJILFFBB47CC,仁美段,19.18,都市：商
RPROMLTJJILFFCB18CC,大墩段,8.89,都市：住
RPQOMLTJJILFFCB08CC,惠來厝段,7.43,都市：住
RPPOMLTJJILFFCB97CC,大明段,.00,都市：住
RPQSMLKKJILFFCB67CC,中正段,8.21,都市：商
RPVNMLTJJILFFAB38DC,後子段,87.00,都市：住
RPVNMLTJJILFFAB38DC,後子段,6.00,都市：住
RPOOMLKKJILFFCB07CC,豐功段,.00,都市：住
RPUNMLSJJILFFHL27DC,宜欣段,4.81,都市：住
RPVNMLSJJILFFHL37DC,宜欣段,37.27,都市：住
RPTNMLSJJILFFHL17DC,宜欣段,4.68,都市：住
RPWPMLKKJILFFBB87CC,崇德段,435.22,都市：住
RPRRMLKKJILFFBB57CC,東山段,20.00,都市：商
RPQRMLKKJILFFBB47CC,邱厝子段,2.82,都市：商
RPQRMLKKJILFFBB47CC,賴厝段,3.51,都市：商
RPTQMLKKJILFFBB67CC,邱厝子段,2.33,都市：商
RPTQMLKKJILFFBB67CC,賴厝段,2.90,都市：商
RPPRMLKKJILFFBB37CC,邱厝子段,2.53,都市：商
RPPRMLKKJILFFBB37CC,賴厝段,3.16,都市：商
RPRQMLKKJILFFBB47CC,邱厝子段,2.65,都市：商
RPRQMLKKJILFFBB47CC,賴厝段,3.30,都市：商
RPQQMLKKJILFFBB37CC,邱厝子段,2.39,都市：商
RPQQMLKKJILFFBB37CC,賴厝段,2.97,都市：商
RPOQMLKKJILFFBB17CC,崇德段,337.36,都市：住
RPTPMLLKJILFFBB67CC,賴厝段,.00,都市：住
RPTNMLKKJILFFHL98CC,新興段,6.48,都市：住
RPOOMLLKJILFFAL97CC,下南坑段,83.00,都市：住
RPQRMLLKJILFFCB67CC,東林段,58.54,都市：住
RPQRMLLKJILFFCB67CC,東林段,35.27,都市：住
RPQRMLLKJILFFCB67CC,東林段,7.39,都市：住
RPQOMLLKJILFFCB37CC,國安段,5.94,都市：住
RPSRMLLKJILFFCB87CC,東林段,76.03,都市：住
RPSRMLLKJILFFCB87CC,東林段,35.27,都市：住
RPSRMLLKJILFFCB87CC,東林段,7.39,都市：住
RPQSMLLKJILFFCB77CC,永安段,186.77,都市：其他
RPXNMLLKJILFFAL78CC,下南坑段,83.00,都市：住
RPWOMLOKJILFFGL07CC,振坤段,568.98,都市：工
RPWOMLOKJILFFGL07CC,振坤段,640.79,都市：工
RPWOMLOKJILFFGL07CC,振坤段,346.96,都市：工
RPRNMLOKJILFFCB67CC,惠國段,12.67,都市：其他
RPXPMLOKJILFFBB38CC,中清段,24.96,都市：住
RPTNMLOKJILFFCB97DC,國安段,10.39,都市：住
RPWNMLLKJILFFBB77CC,水源段,44.00,都市：住
RPUOMLPKJILFFBB08CC,賴厝段,1325.00,都市：住
RPVNMLOKJILFFCL09CC,三田段,134.00,都市：住
RPSQMLPKJILFFCB18CC,中正段,6.48,都市：住
RPUQMLPKJILFFCB38CC,中正段,5.67,都市：住
RPWPMLPKJILFFCB48CC,西屯段,5.55,都市：住
RPROMLPKJILFFCB87CC,寶山段,42.75,都市：住
RPVOMLLKJILFFAB67CC,後子段,61.73,都市：住
RPXOMLPKJILFFGL27CC,東城段,401.64,都市：其他
RPXOMLPKJILFFGL27CC,東城段,50.24,都市：其他
RPXOMLPKJILFFGL27CC,東城段,501.51,都市：其他
RPXOMLPKJILFFGL27CC,東城段,1.27,都市：其他
RPXOMLPKJILFFGL27CC,東城段,33.06,都市：其他
RPXOMLPKJILFFGL27CC,東城段,347.61,都市：其他
RPORMLLKJILFFAB27CC,麻園頭段,107.00,都市：住
RPVQMLLKJILFFAB87CC,麻園頭段,.00,都市：住
RPTNMLPKJILFFAB77CC,番婆段,28.06,都市：住
RPPPMLOKJILFFAB47CC,下橋子頭段,1.83,都市：商
RPOPMLOKJILFFAB37CC,下橋子頭段,1.65,都市：商
RPXQMLPKJILFFCB68CC,西屯段,95.00,都市：商
RPWQMLPKJILFFCB58CC,福星段,210.08,都市：住
RPWQMLPKJILFFCB58CC,福星段,177.24,都市：住
RPTNMLPKJILFFAL88DC,四塊厝段,286.00,非都市：特定農業區 ; 非都市編定：甲種建築用地
RPWNMLPKJILFFAL56DC,合作段,73.05,都市：住
RPPNMLPKJILFFFL88CC,大豐段,62.76,都市：住
RPUOMLPKJILFFFL86CC,大豐段,112.54,都市：農
RPUOMLPKJILFFFL86CC,大豐段,171.76,都市：其他
RPVNMLQKJILFFGL07CC,新榮泉段,37.42,都市：住
RPPOMLPKJILFFFL98CC,學雅段,27.00,都市：住
RPPOMLPKJILFFFL98CC,學雅段,14.80,都市：住
RPQOMLPKJILFFFL09CC,上楓段,14.00,都市：住
RPWNMLPKJILFFCB38DC,中和段,12.60,都市：住
RPOPMLPKJILFFCB77DC,下石碑段,36.87,都市：住
RPVNMLPKJILFFCB28DC,中和段,7.30,都市：住
RPOOMLPKJILFFCB67DC,大新段,85.00,都市：住
RPSOMLQKJILFFCB08CC,惠民段,73.27,都市：住
RPWQMLQKJILFFCB68CC,國安段,9.84,都市：住
RPOQMLQKJILFFCB87CC,下石碑段,27.03,都市：住
RPXNMLQKJILFFAB28CC,樹子腳段,4.87,都市：住
RPROMLQKJILFFAB77CC,柳川段一小段,1.57,都市：商
RPROMLQKJILFFAB77CC,柳川段一小段,.36,都市：商
RPQOMLQKJILFFBB77CC,陳平段,22.17,都市：住
RPTNMLRKJILFFCL66DC,北勢坑段六路厝小段,495.86,都市：其他
RPQPMLQKJILFFBB87CC,賴厝段,2.87,都市：商
RPRPMLQKJILFFBB97CC,賴厝段,2.87,都市：商
RPORMLQKJILFFCB97CC,惠民段,12.55,都市：其他
RPUPMLSKJILFFCB58CC,惠民段,14.37,都市：其他
RPQRMLQKJILFFCB18CC,大進段,40.00,都市：商
RPQPMLSKJILFFCB18CC,福安段,642.00,都市：商
RPRRMLQKJILFFCB28CC,下石碑段,17.60,都市：住
RPUPMLRKJILFFCB48CC,田心段,96.00,都市：住
RPTPMLSKJILFFCB48CC,豐富段,89.84,都市：住
RPTPMLSKJILFFBB38CC,邱厝子段,.22,都市：商
RPTPMLSKJILFFBB38CC,賴厝段,.28,都市：商
RPWPMLSKJILFFBB68CC,邱厝子段,.11,都市：商
RPWPMLSKJILFFBB68CC,賴厝段,.14,都市：商
RPQQMLSKJILFFBB18CC,邱厝子段,.17,都市：商
RPQQMLSKJILFFBB18CC,賴厝段,.21,都市：商
RPXOMLSKJILFFBB68CC,太和段,23.92,都市：住
RPVNMLSKJILFFBB48DC,北屯段,32.00,都市：住
RPVNMLSKJILFFBB48DC,北屯段,26.00,都市：住
RPOPMLSKJILFFBB87CC,太和段,23.92,都市：住
RPRQMLSKJILFFBB28CC,邱厝子段,2.56,都市：商
RPRQMLSKJILFFBB28CC,賴厝段,3.19,都市：商
RPXNMLSKJILFFBB68DC,賴厝段,14.13,都市：其他
RPOOMLRKJILFFIL76CC,新庄段,20.64,非都市：鄉村區 ; 非都市編定：乙種建築用地
RPPNMLSKJILFFFL56CC,上楓段,1321.00,都市：工
RPPNMLSKJILFFFL56CC,上楓段,486.00,都市：工
RPQNMLTKJILFFAB87CC,東勢子段,69.00,都市：住
RPRNMLTKJILFFCB18CC,上石碑段,116.00,都市：住
RPRNMLTKJILFFAB97CC,仁愛段五小段,.21,都市：商
RPPNMLTKJILFFBB87CC,太原段,20.00,都市：住
RPRNMLTKJILFFBB08CC,東光段,17.70,都市：商
RPROMLLLJILFFCB57CC,永新段,406.27,都市：住
RPQNMLTKJILFFBB97CC,文正段,70.00,都市：商
RPRPMLLLJILFFCB67CC,大新段,469.00,都市：商
RPQPMLLLJILFFCB57CC,惠民段,10.82,都市：其他
RPQNMLTKJILFFHL96CC,育賢段,649.63,都市：住
RPRNMLTKJILFFHL07CC,三汴段,180.06,都市：住
RPVNMLTKJILFFBB48CC,太原段,20.00,都市：住
RPSNMLTKJILFFBB18CC,太原段,20.00,都市：住
RPUPMLLLJILFFCB97CC,福順段,6.21,都市：住
RPUPMLLLJILFFCB97CC,福順段,24.19,都市：住
RPQQMLLLJILFFCB67CC,惠民段,13.84,都市：其他
RPSQMLLLJILFFCB87CC,大進段,14.69,都市：住
RPWQMLLLJILFFCB28CC,中正段,6.72,都市：商
RPXQMLLLJILFFCB38CC,惠仁段,23.15,都市：商
RPPRMLLLJILFFCB67CC,中正段,6.72,都市：商
RPORMLLLJILFFCB57CC,中正段,6.72,都市：商
RPRQMLLLJILFFCB77CC,上石碑段,9.60,都市：商
RPRQMLLLJILFFCB77CC,上石碑段,.42,都市：商
RPTQMLLLJILFFCB97CC,大進段,22.83,都市：住
RPRPMLLLJILFFAB47CC,麻園頭段,14.90,都市：住
RPUPMLLLJILFFAB77CC,麻園頭段,13.07,都市：住
RPQQMLLLJILFFAB47CC,下橋子頭段,10.13,都市：住
RPVPMLLLJILFFBB97CC,東山段,22.02,都市：住
RPQRMLLLJILFFBB67CC,邱厝子段,.17,都市：商
RPQRMLLLJILFFBB67CC,賴厝段,.21,都市：商
RPTQMLLLJILFFBB87CC,東光段,11.98,都市：商
RPPRMLLLJILFFBB57CC,邱厝子段,2.74,都市：商
RPPRMLLLJILFFBB57CC,賴厝段,3.42,都市：商
RPORMLLLJILFFBB47CC,中德段,21.08,都市：住
RPXQMLLLJILFFBB28CC,邱厝子段,3.86,都市：商
RPXQMLLLJILFFBB28CC,賴厝段,4.81,都市：商
RPURMLLLJILFFBB08CC,東峰段,9.99,都市：商
RPVRMLLLJILFFBB18CC,東峰段,5.83,都市：商
RPTRMLLLJILFFBB97CC,東峰段,6.84,都市：商
RPSRMLLLJILFFBB87CC,邱厝子段,2.57,都市：商
RPSRMLLLJILFFBB87CC,賴厝段,3.20,都市：商
RPTRMLLLJILFFCB18DC,協成段,1808.60,都市：農
RPTRMLLLJILFFCB18DC,協成段,347.17,都市：農
RPWPMLNLJILFFCB38CC,國安段,28.11,都市：住
RPTOMLMLJILFFCB87CC,惠義段,89.34,都市：住
RPTNMLMLJILFFCB77CC,上石碑段,.00,都市：商
RPTNMLMLJILFFCB77CC,上石碑段,.00,都市：商
RPTNMLMLJILFFCB77CC,上石碑段,.00,都市：商
RPTNMLMLJILFFCB77CC,上石碑段,.00,都市：商
RPTNMLMLJILFFCB77CC,上石碑段,.00,都市：商
RPTNMLMLJILFFCB77CC,上石碑段,.00,都市：商
RPVPMLMLJILFFBB08CC,邱厝子段,2.57,都市：商
RPVPMLMLJILFFBB08CC,賴厝段,3.20,都市：商
RPRQMLNLJILFFCB97CC,中正段,7.76,都市：商
RPQOMLNLJILFFBB57CC,乾溝子段,23.91,都市：住
RPQOMLNLJILFFBB57CC,乾溝子段,.68,都市：住
RPROMLNLJILFFBB67CC,乾溝子段,23.91,都市：住
RPROMLNLJILFFBB67CC,乾溝子段,.68,都市：住
RPXOMLNLJILFFBB28CC,水源段,44.00,都市：住
RPOPMLNLJILFFBB47CC,平田段,6.72,都市：住
RPSNMLMLJILFFHL56CC,平欣段,.00,都市：商
RPTNMLMLJILFFHL66CC,番子路段,5.85,都市：住
RPTNMLMLJILFFHL66CC,新高段,8.41,都市：住
RPRNMLMLJILFFHL56DC,樹孝段,14.06,都市：住
RPRNMLMLJILFFHL56DC,樹孝段,.72,都市：住
RPRNMLMLJILFFHL56DC,樹孝段,.04,都市：住
RPUNMLMLJILFFHL76CC,樹孝段,12.37,都市：住
RPUNMLMLJILFFHL76CC,樹孝段,.04,都市：住
RPWPMLNLJILFFBB28CC,邱厝子段,2.68,都市：商
RPWPMLNLJILFFBB28CC,賴厝段,3.34,都市：商
RPOQMLNLJILFFBB57CC,邱厝子段,.22,都市：商
RPOQMLNLJILFFBB57CC,賴厝段,.28,都市：商
RPQQMLNLJILFFBB77CC,東峰段,6.84,都市：商
RPRQMLNLJILFFBB87CC,乾溝子段,24.08,都市：住
RPRQMLNLJILFFBB87CC,乾溝子段,.69,都市：住
RPUQMLNLJILFFBB18CC,乾溝子段,.30,都市：住
RPUQMLNLJILFFBB18CC,乾溝子段,10.37,都市：住
RPXQMLNLJILFFBB48CC,東峰段,9.15,都市：商
RPORMLNLJILFFBB67CC,東峰段,5.83,都市：商
RPTNMLNLJILFFAL68CC,大社東段,15.08,都市：住
RPTOMLNLJILFFGL76CC,新甲段,25.80,都市：其他
RPPPMLOLJILFFBB67CC,水源段,11.42,都市：住
RPOOMLOLJILFFCB57CC,惠安段,25.25,都市：商
RPQNMLOLJILFFCB67CC,中仁段,.00,都市：住
RPQNMLOLJILFFFL09DC,上楓段,550.00,都市：住
RPQNMLOLJILFFFL09DC,上楓段,1081.00,都市：住
RPROMLOLJILFFBB87DC,賴厝段,6.32,都市：住
RPPPMLOLJILFFCB77CC,惠民段,.00,都市：商
RPROMLOLJILFFAB67CC,樹子腳段,.00,都市：住
RPXNMLOLJILFFAB18CC,後子段,139.00,都市：住
RPOOMLOLJILFFAB37CC,樹子腳段,1.94,都市：住
RPPOMLPLJILFFBB67CC,東山段,15.48,都市：住
RPRNMLPLJILFFBB77CC,賴厝段,30.95,都市：住
RPSNMLPLJILFFAL88DC,大明段,421.82,都市：農
RPPPMLPLJILFFBB77CC,文正段,12.78,都市：住
RPUNMLPLJILFFBB18DC,東義段,80.00,都市：住
RPUNMLPLJILFFBB18DC,東義段,25.96,都市：住
RPPNMLQLJILFFCB77CC,大新段,1163.00,都市：商
RPRNMLSLJILFFAB97CC,後子段,.00,都市：住
RPSNMLSLJILFFAB08CC,麻園頭段,.00,都市：商
RPSNMLSLJILFFAB08CC,麻園頭段,.00,都市：商
RPVUMLMLJILFFAB48CC,下橋子頭段,1.72,都市：商
RPPQMLSLJILFFCB28CC,中正段,9.86,都市：住
RPRNMLNLJILFFAB47CC,練武段,.00,都市：商
RPXUMLMLJILFFAB68CC,下橋子頭段,1.72,都市：商
RPROMLNLJILFFAB57CC,大益段,10.38,都市：住
RPROMLNLJILFFAB57CC,大益段,3.17,都市：住
RPOPMLSLJILFFCB08CC,廣福段,38.91,都市：商
RPSOMLNLJILFFAB67CC,大益段,157.00,都市：住
RPSOMLNLJILFFAB67CC,大益段,321.00,都市：住
RPOOMLSLJILFFAB77CC,麻園頭段,13.04,都市：住
RPPOMLSLJILFFAB87CC,麻園頭段,12.37,都市：住
RPXOMLSLJILFFCB98DC,信安段,20.78,都市：住
RPOQMLTLJILFFCB28CC,上石碑段,21.07,都市：商
RPXPMLTLJILFFCB09CC,西屯段,15.34,都市：住
RPUOMLTLJILFFCB68CC,大墩段,19.58,都市：住
RPPQMLTLJILFFCB38CC,惠國段,35.82,都市：商
RPTPMLTLJILFFCB68CC,惠民段,15.04,都市：其他
RPOPMLTLJILFFCB18CC,何安段,4.90,都市：住
RPQPMLTLJILFFCB38CC,上石碑段,13.36,都市：商
RPOOMLTLJILFFAB97DC,旱溪段,101.00,都市：住
RPQNMLTLJILFFHL07CC,育賢段,15.94,都市：住
RPQNMLTLJILFFHL07CC,育賢段,.08,都市：住
RPQNMLTLJILFFHL07CC,育賢段,.04,都市：住
RPQNMLTLJILFFHL07CC,育賢段,78.11,都市：住
RPSSMLTLJILFFCB88CC,大墩段,76.00,都市：住
RPPRMLKMJILFFCB67CC,黎明段,16.09,都市：住
RPQRMLKMJILFFCB77CC,三塊厝段,13.11,都市：住
RPSRMLKMJILFFCB97CC,黎明段,88.00,都市：住
RPSNMLKMJILFFCB57CC,下石碑段,17.86,都市：住
RPRRMLKMJILFFCB87CC,三塊厝段,11.72,都市：住
RPTOMLLJKILFFAB47CC,麻園頭段,64.00,都市：住
RPOPMLLJKILFFAB07CC,麻園頭段,3.99,都市：商
RPUOMLKMJILFFAB67CC,公館段,4.06,都市：住
RPUOMLKMJILFFAB67CC,公館段,3.52,都市：住
RPVOMLKMJILFFAB77CC,公館段,1.29,都市：住
RPVOMLKMJILFFAB77CC,公館段,1.11,都市：住
RPPPMLKMJILFFBB47DC,平田段,1.03,都市：住
RPPPMLKMJILFFBB47DC,平田段,5.58,都市：其他
RPQNMLLJKILFFBB17CC,平田段,9.48,都市：住
RPQNMLLJKILFFBB17CC,平田段,1.75,都市：住
RPTNMLLJKILFFBB47CC,平田段,85.00,都市：住
RPUNMLLJKILFFBB57CC,青雲段,26.28,都市：住
RPVNMLLJKILFFBB67CC,中興段,28.22,都市：住
RPWPMLKMJILFFBB08CC,松茂段,18.75,都市：住
RPWQMLLJKILFFBB08CC,邱厝子段,3.78,都市：商
RPWQMLLJKILFFBB08CC,賴厝段,4.71,都市：商
RPXQMLLJKILFFBB18CC,邱厝子段,.22,都市：商
RPXQMLLJKILFFBB18CC,賴厝段,.28,都市：商
RPWRMLLJKILFFBB18CC,東峰段,9.15,都市：商
RPQRMLLJKILFFBB57CC,邱厝子段,2.53,都市：商
RPQRMLLJKILFFBB57CC,賴厝段,3.16,都市：商
RPWQMLSLJILFFBB88CC,邱厝子段,8.65,都市：住
RPUOMLTLJILFFBB58CC,景美段,3.06,都市：住
RPXOMLSLJILFFBB78CC,賴厝段,193.17,都市：商
RPVPMLKMJILFFBB97CC,北屯段,4.39,都市：住
RPVPMLLJKILFFCB97CC,中正段,10.54,都市：商
RPPOMLLJKILFFCB27CC,何安段,.00,都市：住
RPROMLLJKILFFCB47CC,福安段,16.62,都市：住
RPUPMLLJKILFFCB87CC,中正段,7.84,都市：商
RPOOMLLJKILFFHL68CC,和平段,446.00,都市：工
RPPPMLLJKILFFBB37DC,賴厝段,22.90,都市：住
RPOQMLLJKILFFCB37CC,中正段,6.72,都市：商
RPXPMLLJKILFFCB18CC,中正段,9.86,都市：商
RPXPMLMJKILFFAB08CC,後子段,9.40,都市：住
RPQNMLMJKILFFHL88CC,豐中段,18.79,都市：其他
RPQNMLNJKILFFAL38DC,豐原段,103.00,都市：住
RPQNMLNJKILFFAL38DC,豐原段,104.00,都市：住
RPQNMLNJKILFFAL38DC,豐原段,6.00,都市：其他
RPXNMLPJKILFFAL56CC,南陽段,229.35,都市：住
RPTNMLPJKILFFAB77CC,麻園頭段,.00,都市：商
RPTNMLPJKILFFAB77CC,麻園頭段,.00,都市：商
RPUOMLPJKILFFAB97CC,麻園頭段,9.55,都市：住
RPORMLMJKILFFCB57CC,惠民段,5.76,都市：其他
RPRRMLMJKILFFCB87CC,何安段,4.10,都市：住
RPURMLMJKILFFCB18CC,上石碑段,4.61,都市：商
RPSRMLMJKILFFCB97CC,上石碑段,3.96,都市：商
RPWOMLPJKILFFAB18CC,麻園頭段,9.48,都市：住
RPVOMLPJKILFFAB08CC,麻園頭段,9.48,都市：住
RPRPMLPJKILFFBB87CC,東新段,19.24,都市：住
RPSNMLPJKILFFCB87CC,惠信段,10.76,都市：住
RPWQMLMJKILFFCB28CC,大新段,16.68,都市：住
RPSQMLMJKILFFCB87CC,惠民段,12.53,都市：其他
RPTQMLMJKILFFCB97CC,國安段,25.44,都市：住
RPXPMLPJKILFFBB48CC,東新段,26.16,都市：住
RPTOMLPJKILFFAB97DC,下橋子頭段,79.00,都市：住
RPQOMLPJKILFFCB77CC,大墩段,21.26,都市：住
RPROMLPJKILFFCB87CC,國安段,.00,都市：住
RPUNMLMJKILFFGL56CC,吉隆段,1312.97,都市：其他
RPQNMLQJKILFFCB77CC,中正段,141.00,都市：住
RPVOMLQJKILFFCB38CC,南屯段,72.00,都市：住
RPSOMLQJKILFFCB08CC,惠國段,.00,都市：商
RPOPMLQJKILFFCB77CC,何安段,6.58,都市：住
RPPPMLQJKILFFCB87CC,何安段,5.78,都市：住
RPOPMLQJKILFFBB67CC,錦村段,3.00,非都市： ; 非都市編定：
RPOPMLQJKILFFBB67CC,錦村段,80.00,非都市： ; 非都市編定：
RPRPMLQJKILFFCB08CC,何安段,4.08,都市：住
RPSPMLQJKILFFCB18CC,何安段,4.17,都市：住
RPQNMLQJKILFFBB67CC,乾溝子段,13.89,都市：住
RPVPMLQJKILFFCB48CC,中正段,5.68,都市：住
RPUNMLPJKILFFGL86CC,涼傘樹段,21.54,都市：商
RPUPMLQJKILFFCB38CC,中正段,6.28,都市：住
RPTNMLRJKILFFAB97CC,麻園頭段,19.48,都市：商
RPVNMLRJKILFFAB18CC,麻園頭段,13.04,都市：住
RPPOMLRJKILFFAB67CC,後子段,49.07,都市：住
RPOOMLRJKILFFAB57CC,麻園頭段,10.84,都市：商
RPVOMLRJKILFFAB28CC,樹子腳段,1.93,都市：住
RPSPMLRJKILFFAB08CC,大益段,22.19,都市：住
RPWNMLRJKILFFAB28CC,麻園頭段,11.68,都市：住
RPRPMLRJKILFFAB97CC,後子段,39.71,都市：住
RPVNMLRJKILFFBB28CC,大仁段,76.48,都市：住
RPVNMLRJKILFFBB28CC,大仁段,334.58,都市：住
RPSOMLRJKILFFCB18CC,大墩段,48.13,都市：住
RPQQMLRJKILFFCB18CC,惠國段,12.33,都市：其他
RPSQMLRJKILFFCB38CC,福安段,11.76,都市：住
RPXQMLRJKILFFCB88CC,惠民段,14.09,都市：其他
RPRQMLRJKILFFCB28CC,惠國段,11.99,都市：其他
RPTNMLRJKILFFCL56CC,三民段,9.00,都市：住
RPTNMLRJKILFFCL56CC,三民段,62.00,都市：住
RPSNMLRJKILFFAB97DC,旱溪段,88.00,都市：住
RPSOMLRJKILFFBB18DC,松昌段,16.69,都市：住
RPVOMLRJKILFFBB48DC,東正段,5.97,都市：住
RPUTMLRJKILFFCB88CC,上石碑段,5.47,都市：商
RPQTMLRJKILFFCB48CC,上石碑段,4.61,都市：商
RPSUMLRJKILFFCB78CC,大新段,.00,都市：住
RPWUMLRJKILFFCB56CC,上石碑段,3.96,都市：商
RPQUMLRJKILFFCB58CC,西屯段,12.91,都市：住
RPRTMLRJKILFFCB58CC,惠民段,15.14,都市：其他
RPUSMLRJKILFFCB78CC,上石碑段,20.36,都市：商
RPSNMLSJKILFFCB18CC,惠民段,27.56,都市：其他
RPOPMLSJKILFFCB97CC,中正段,5.99,都市：商
RPSTMLRJKILFFCB68CC,大新段,42.17,都市：住
RPOOMLSJKILFFAB67CC,麻園頭段,144.00,都市：住
RPOQMLSJKILFFBB97CC,邱厝子段,2.54,都市：商
RPOQMLSJKILFFBB97CC,賴厝段,3.16,都市：商
RPVPMLSJKILFFBB58CC,邱厝子段,3.43,都市：商
RPVPMLSJKILFFBB58CC,賴厝段,4.28,都市：商
RPVOMLSJKILFFBB48CC,東峰段,9.74,都市：商
RPVOMLTJKILFFAB48CC,下橋子頭段,1.87,都市：商
RPWOMLTJKILFFAB58CC,下橋子頭段,1.72,都市：商
RPPPMLTJKILFFAB97CC,下橋子頭段,1.83,都市：商
RPUOMLTJKILFFAB38CC,下橋子頭段,1.85,都市：商
RPRPMLTJKILFFAB18CC,下橋子頭段,1.83,都市：商
RPVNMLSJKILFFIL57DC,新興段,24.64,非都市：鄉村區 ; 非都市編定：乙種建築用地
RPPQMLSJKILFFBB08CC,賴厝段,.14,都市：商
RPPQMLSJKILFFBB08CC,邱厝子段,.11,都市：商
RPVNMLSJKILFFIL57DC,新興段,332.86,非都市：鄉村區 ; 非都市編定：乙種建築用地
RPVPMLTJKILFFAB58CC,下橋子頭段,9.87,都市：住
RPQQMLSJKILFFBB18CC,賴厝段,3.42,都市：商
RPQQMLSJKILFFBB18CC,邱厝子段,2.75,都市：商
RPQNMLTJKILFFCB08CC,大進段,18.40,都市：住
RPWNMLTJKILFFCL07CC,南勢坑段埔子小段,86.00,都市：其他
RPWNMLTJKILFFCL07CC,南勢坑段埔子小段,21.54,都市：其他
RPSTMLTJKILFFCB88CC,何厝段,73.00,都市：其他
RPRRMLTJKILFFCB58CC,下石碑段,28.91,都市：住
RPWRMLTJKILFFCB09CC,黎明段,11.81,都市：住
RPRSMLTJKILFFCB68CC,永富段,511.63,都市：商
RPRSMLTJKILFFCB68CC,永富段,768.99,都市：商
RPPSMLTJKILFFCB48CC,惠國段,34.04,都市：其他
RPSRMLTJKILFFCB68CC,惠民段,10.82,都市：其他
RPSNMLMKKILFFCL68CC,居仁段,130.74,都市：住
RPSNMLMKKILFFCL68CC,居仁段,147.39,都市：住
RPTNMLMKKILFFAL58CC,福德段,89.70,都市：住
RPTOMLMKKILFFFL56CC,栗林段,208.20,都市：工
RPTOMLMKKILFFFL56CC,栗林段,109.47,都市：工
RPTOMLTJKILFFBB38CC,乾溝子段,10.83,都市：住
RPROMLTJKILFFBB18CC,乾溝子段,10.83,都市：住
RPOQMLMKKILFFCB57CC,中正段,5.91,都市：住
RPPQMLMKKILFFCB67CC,中義段,70.00,都市：住
RPRQMLMKKILFFCB87CC,上石碑段,6.12,都市：住
RPRPMLMKKILFFAB57CC,麻園頭段,100.00,都市：住
RPQOMLMKKILFFBB47CC,松觀段,15.10,都市：住
RPQQMLMKKILFFCB77CC,中正段,5.55,都市：住
RPVQMLMKKILFFCB28CC,三塊厝段,.00,非都市： ; 非都市編定：
RPPRMLMKKILFFCB77CC,永春段,1398.51,都市：住
RPWQMLMKKILFFCB38CC,惠國段,13.01,都市：其他
RPUNMLMKKILFFHL76CC,太平段,76.11,都市：住
RPTOMLNKKILFFAB77CC,樹子腳段,1.92,都市：住
RPVOMLNKKILFFAB97CC,下橋子頭段,10.46,都市：住
RPOQMLNKKILFFBB57CC,賴厝段,5.05,都市：住
RPUQMLNKKILFFBB18CC,松茂段,.00,都市：住
RPPNMLNKKILFFHL98CC,永新段,238.43,都市：工
RPSNMLMKKILFFIL66CC,新東段,3.58,非都市：鄉村區 ; 非都市編定：乙種建築用地
RPRNMLMKKILFFIL56CC,永順段,96.86,非都市：鄉村區 ; 非都市編定：乙種建築用地
RPQOMLOKKILFFAB57CC,柳川段六小段,79.00,都市：商
RPQOMLOKKILFFAB57CC,柳川段六小段,27.00,都市：商
RPQOMLOKKILFFAB57CC,柳川段六小段,44.00,都市：商
RPVNMLMKKILFFIL96CC,自強段,71.21,非都市：鄉村區 ; 非都市編定：乙種建築用地
RPUNMLMKKILFFIL86CC,東園段,111.13,非都市：山坡地保育區 ; 非都市編定：丙種建築用地
RPWRMLNKKILFFCB58CC,中和段,675.00,都市：其他
RPSOMLOKKILFFAB77CC,麻園頭段,15.36,都市：住
RPXOMLNKKILFFCB38CC,下石碑段,27.73,都市：住
RPRPMLNKKILFFCB87CC,惠民段,10.21,都市：其他
RPRNMLOKKILFFHL66CC,宜欣段,2.00,都市：住
RPRNMLOKKILFFHL66CC,宜欣段,129.00,都市：住
RPVNMLOKKILFFGL07DC,湖日段,600.55,都市：住
RPSOMLPKKILFFBB97CC,北屯段,21.80,都市：住
RPTOMLPKKILFFBB08CC,東義段,7.83,都市：住
RPSOMLOKKILFFBB87CC,東峰段,335.47,都市：商
RPPNMLPKKILFFAB47CC,大益段,109.00,都市：住
RPROMLPKKILFFCL98CC,社口段社口小段,73.00,都市：住
RPROMLPKKILFFCL98CC,社口段社口小段,47.00,都市：住
RPROMLPKKILFFCL98CC,社口段社口小段,138.00,都市：住
RPVOMLOKKILFFAB08CC,下橋子頭段,22.34,都市：住
RPSNMLPKKILFFGL76CC,長春段,79.96,都市：住
RPPOMLOKKILFFAB57DC,麻園頭段,75.00,都市：商
RPQOMLOKKILFFCB77CC,中正段,5.27,都市：商
RPQNMLOKKILFFCB67CC,惠安段,68.37,都市：住
RPQNMLOKKILFFCB67CC,惠安段,17.30,都市：住
RPPQMLPKKILFFCB97CC,大墩段,594.00,都市：住
RPXNMLPKKILFFCB58DC,中義段,75.00,都市：住
RPWOMLQKKILFFCB58CC,三塊厝段,.00,都市：住
RPQRMLQKKILFFCB28CC,上石碑段,5.54,都市：商
RPQRMLQKKILFFCB28CC,上石碑段,4.95,都市：商
RPVQMLQKKILFFCB68CC,上石碑段,3.97,都市：商
RPWPMLQKKILFFCB68CC,中正段,5.27,都市：商
RPTPMLQKKILFFCB38CC,中正段,6.24,都市：商
RPWNMLQKKILFFCB48CC,上石碑段,.06,都市：商
RPWNMLQKKILFFCB48CC,上石碑段,.00,都市：商
RPWNMLQKKILFFCB48CC,上石碑段,.97,都市：商
RPWNMLQKKILFFCB48CC,上石碑段,.18,都市：商
RPWNMLQKKILFFCB48CC,上石碑段,4.02,都市：商
RPWNMLQKKILFFCB48CC,上石碑段,.07,都市：商
RPQOMLQKKILFFCB97CC,何安段,19.89,都市：住
RPSQMLQKKILFFCB38CC,上石碑段,3.44,都市：商
RPSQMLQKKILFFCB38CC,上石碑段,3.07,都市：商
RPRRMLQKKILFFCB38CC,上石碑段,.00,都市：商
RPRRMLQKKILFFCB38CC,上石碑段,.00,都市：商
RPVPMLQKKILFFBB48CC,邱厝子段,3.75,都市：商
RPVPMLQKKILFFBB48CC,賴厝段,4.67,都市：商
RPTOMLQKKILFFAB08CC,樹子腳段,1.76,都市：住
RPUPMLQKKILFFBB38CC,賴厝段,14.75,都市：商
RPXOMLQKKILFFCB68CC,下石碑段,17.63,都市：住
RPOPMLQKKILFFBB77CC,中清段,33.02,都市：住
RPOOMLQKKILFFGL56CC,大仁段,61.52,都市：住
RPTOMLQKKILFFGL07CC,大仁段,61.54,都市：住
RPRNMLRKKILFFAB87CC,頂橋子頭段,12.60,都市：住
RPRNMLRKKILFFAB87CC,頂橋子頭段,.19,都市：住
RPSNMLRKKILFFAL98CC,育仁段,125.65,都市：住
RPQNMLRKKILFFBB87CC,邱厝子段,2.71,都市：商
RPQNMLRKKILFFBB87CC,賴厝段,3.37,都市：商
RPRNMLRKKILFFBB97CC,邱厝子段,.22,都市：商
RPRNMLRKKILFFBB97CC,賴厝段,.28,都市：商
RPTNMLRKKILFFBB18CC,邱厝子段,.22,都市：商
RPTNMLRKKILFFBB18CC,賴厝段,.28,都市：商
RPSNMLRKKILFFBB08CC,邱厝子段,.17,都市：商
RPSNMLRKKILFFBB08CC,賴厝段,.21,都市：商
RPUNMLTKKILFFAB38CC,頂橋子頭段,.00,都市：住
RPVNMLRKKILFFBB38CC,東峰段,9.15,都市：商
RPQPMLTKKILFFBB28CC,松昌段,10.61,都市：住
RPVPMLTKKILFFBB78CC,青萍段,94.00,都市：住
RPROMLTKKILFFBB28CC,賴厝段,6.95,都市：住
RPRPMLTKKILFFGL27CC,公教段,220.59,非都市：鄉村區 ; 非都市編定：乙種建築用地
RPVOMLTKKILFFBB78DC,大滿段,30.54,都市：其他
RPVOMLTKKILFFBB78DC,大滿段,187.43,都市：其他
RPUQMLRKKILFFCB78DC,福安段,99.00,都市：住
RPPPMLTKKILFFCB28CC,上石碑段,.00,都市：住
RPPQMLTKKILFFCB38CC,惠智段,110.40,都市：住
RPOQMLTKKILFFCB28CC,惠順段,.00,都市：住
RPUNMLTKKILFFHL57DC,東平段,17.65,都市：住
RPWRMLKLKILFFCB38CC,中正段,9.49,都市：商
RPOSMLKLKILFFCB67CC,中正段,6.28,都市：商
RPRRMLKLKILFFCB87CC,西屯段,17.51,都市：住
RPURMLKLKILFFCB18CC,下石碑段,17.08,都市：住
RPVRMLKLKILFFCB28CC,上石碑段,9.08,都市：住
RPWPMLKLKILFFCB18CC,惠民段,12.14,都市：其他
RPQQMLKLKILFFCB67CC,福德段,16.75,都市：住
RPPSMLKLKILFFCB77CC,中正段,8.49,都市：商
RPOPMLKLKILFFCB37CC,上石碑段,5.16,都市：商
RPXNMLKLKILFFAB87CC,大益段,21.86,都市：住
RPVOMLKLKILFFBB87CC,中清段,155.00,都市：住
RPVOMLKLKILFFBB87CC,中清段,150.00,都市：住
RPVOMLKLKILFFBB87CC,中清段,150.00,都市：住
RPOOMLKLKILFFBB17CC,文正段,.00,都市：住
RPOOMLKLKILFFBB17CC,文正段,.00,都市：住
RPOOMLKLKILFFBB17CC,文正段,.00,都市：住
RPRRMLKLKILFFBB77CC,水湳段,21.27,都市：住
RPVOMLLLKILFFBB97CC,太和段,23.51,都市：住
RPQPMLKLKILFFAB37CC,大益段,22.80,都市：住
RPOOMLLLKILFFBB27CC,水源段,.00,都市：住
RPPPMLLLKILFFBB47CC,東山段,39.11,都市：住
RPPQMLKLKILFFAB37CC,城隍段八小段,37.00,都市：住
RPVNMLKLKILFFFL56CC,摘星段,73.34,都市：住
RPPPMLKLKILFFCL48CC,銀聯段,28.00,都市：住
RPPPMLKLKILFFCL48CC,銀聯段,650.00,都市：住
RPPOMLMLKILFFBB47CC,平田段,34.00,都市：住
RPSNMLMLKILFFAB57CC,土庫段,16.00,都市：商
RPUOMLLLKILFFCB97CC,中正段,5.99,都市：住
RPTOMLLLKILFFCB87CC,中正段,6.72,都市：住
RPXNMLLLKILFFCB18CC,大進段,1079.00,都市：住
RPXNMLLLKILFFCB18CC,大進段,98.00,都市：住
RPXNMLLLKILFFCB18CC,大進段,196.00,都市：住
RPQPMLMLKILFFBB67CC,北屯段,638.00,都市：住
RPOQMLMLKILFFCB67CC,惠民段,10.80,都市：其他
RPWPMLMLKILFFCB38CC,惠民段,19.20,都市：其他
RPWPMLMLKILFFCB38CC,惠民段,16.25,都市：其他
RPRPMLMLKILFFCB87CC,惠民段,21.82,都市：其他
RPSNMLNLKILFFAB67CC,建國段五小段,7.56,都市：商
RPSNMLNLKILFFAB67CC,建國段五小段,.14,都市：商
RPSNMLNLKILFFAB67CC,建國段五小段,.27,都市：商
RPSNMLNLKILFFAB67CC,建國段五小段,36.83,都市：商
RPSNMLNLKILFFAB67CC,建國段五小段,3.07,都市：商
RPWNMLNLKILFFGL07CC,新榮泉段,31.26,都市：住
RPROMLNLKILFFBB77CC,文正段,73.00,都市：商
RPRNMLNLKILFFIL86DC,三德段,89.00,都市：住
RPRNMLNLKILFFIL86DC,三德段,9.00,都市：住
RPWNMLMLKILFFCB28DC,大進段,454.00,都市：其他
RPWPMLNLKILFFCB48CC,豐功段,149.40,都市：住
RPWPMLNLKILFFCB48CC,豐功段,149.40,都市：住
RPVQMLMLKILFFCB38CC,何厝段,17.55,都市：商
RPPPMLNLKILFFCB77CC,下石碑段,23.50,都市：住
RPTPMLNLKILFFCB18CC,下石碑段,17.60,都市：住
RPROMLNLKILFFCB87CC,惠智段,36.73,都市：住
RPVNMLOLKILFFBB18CC,東峰段,6.42,都市：商
RPWNMLOLKILFFCB38CC,中正段,8.77,都市：商
RPXNMLOLKILFFCB48CC,上石碑段,3.40,都市：商
RPXNMLOLKILFFCB48CC,上石碑段,3.04,都市：商
RPWNMLOLKILFFBB28CC,東峰段,10.49,都市：商
RPWPMLQLKILFFBB68CC,東山段,17.46,都市：住
RPROMLQLKILFFBB08CC,崇德段,.00,都市：住
RPXNMLOLKILFFBB38CC,邱厝子段,.17,都市：商
RPXNMLOLKILFFBB38CC,賴厝段,.21,都市：商
RPUNMLOLKILFFCB18CC,中正段,10.18,都市：商
RPTNMLQLKILFFAL56DC,南陽段,22.19,都市：住
RPRNMLQLKILFFAL88CC,北陽段,2703.67,都市：住
RPRNMLQLKILFFAL88CC,北陽段,39.78,都市：住
RPPNMLQLKILFFIL86CC,自強段,50.10,非都市：鄉村區 ; 非都市編定：乙種建築用地
RPTPMLQLKILFFBB48DC,北屯段,24.88,都市：住
RPSNMLQLKILFFAL98CC,北陽段,2703.67,都市：住
RPSNMLQLKILFFAL98CC,北陽段,39.78,都市：住
RPRNMLQLKILFFAB87CC,大益段,86.00,都市：住
RPPOMLRLKILFFCB08CC,信安段,.00,都市：住
RPUNMLQLKILFFBB38DC,東光段,32.56,都市：住
RPWPMLSLKILFFCB98CC,國安段,.00,都市：住
RPSOMLRLKILFFCB38CC,黎明段,13.78,都市：住
RPTNMLSLKILFFIL47CC,文昌段,286.00,都市：工
RPTNMLSLKILFFIL47CC,文昌段,185.00,都市：工
RPTOMLRLKILFFBB48DC,東峰段,22.77,都市：住
RPTOMLRLKILFFCB48CC,黎明段,52.00,都市：住
RPRNMLSLKILFFBB18CC,東光段,11.60,都市：住
RPQSMLTLKILFFBB68CC,東峰段,10.24,都市：商
RPTRMLTLKILFFBB88CC,邱厝子段,.17,都市：商
RPTRMLTLKILFFBB88CC,賴厝段,.21,都市：商
RPQRMLTLKILFFBB58CC,水源段,54.00,都市：住
RPWRMLTLKILFFBB56CC,邱厝子段,2.39,都市：商
RPWRMLTLKILFFBB56CC,賴厝段,2.97,都市：商
RPVQMLTLKILFFBB98CC,北屯段,26.17,都市：住
RPVQMLTLKILFFBB98CC,北屯段,71.00,都市：住
RPVQMLTLKILFFBB98CC,北屯段,2.39,都市：住
RPVQMLTLKILFFBB98CC,北屯段,.05,都市：住
RPVRMLTLKILFFBB09CC,東正段,11.95,都市：商
RPURMLTLKILFFBB98CC,邱厝子段,2.79,都市：商
RPURMLTLKILFFBB98CC,賴厝段,3.47,都市：商
RPWQMLTLKILFFBB09CC,水源段,56.00,都市：住
RPWQMLTLKILFFBB09CC,水源段,44.00,都市：住
RPXRMLTLKILFFBB66CC,邱厝子段,.22,都市：商
RPXRMLTLKILFFBB66CC,賴厝段,.28,都市：商
RPPSMLTLKILFFBB58CC,東峰段,5.92,都市：商
RPRSMLTLKILFFBB78CC,東峰段,6.84,都市：商
RPOQMLTLKILFFCB38CC,惠民段,16.31,都市：其他
RPVQMLTLKILFFAB88CC,大益段,148.70,都市：其他
RPPSMLTLKILFFAB48CC,下橋子頭段,1.00,都市：住
RPQRMLTLKILFFAB48CC,後子段,8.68,都市：住
RPQRMLTLKILFFAB48CC,後子段,7.24,都市：住
RPQRMLTLKILFFAB48CC,後子段,6.47,都市：住
RPPPMLTLKILFFAB28DC,公館段,80.00,都市：商
RPSSMLTLKILFFAB78CC,公館段,7.31,都市：住
RPTSMLTLKILFFAB88CC,樹子腳段,1.92,都市：住
RPWOMLKMKILFFCB18CC,大新段,.00,都市：住
RPVNMLKMKILFFCB97CC,何安段,4.81,都市：住
RPOPMLKMKILFFCB47CC,中正段,24.92,都市：商
RPPOMLKMKILFFAB27CC,麻園頭段,.00,都市：住
RPXNMLKMKILFFCB18CC,上石碑段,81.00,都市：住
RPXNMLKMKILFFCB18CC,上石碑段,3.00,都市：住
RPXNMLKMKILFFCB18CC,上石碑段,63.00,都市：住
RPXNMLKMKILFFCB18CC,上石碑段,20.00,都市：住
RPSOMLKMKILFFCB77CC,惠民段,18.37,都市：其他
RPUNMLKMKILFFBB77CC,平田段,13.79,都市：住
RPUNMLKMKILFFBB77CC,平田段,2.55,都市：住
RPROMLKMKILFFCB67CC,西屯段,112.00,都市：住
RPQOMLKMKILFFCB57CC,惠民段,17.66,都市：其他
RPRNMLLMKILFFFL98CC,東寶一段,23.57,都市：住
RPVNMLKMKILFFBB87CC,平田段,8.29,都市：住
RPVNMLKMKILFFBB87CC,平田段,1.53,都市：住
RPQOMLKMKILFFAL38CC,豐原段,82.00,都市：商
RPQOMLKMKILFFAL38CC,豐原段,16.00,都市：商
RPWNMLLMKILFFAB97CC,下橋子頭段,1.72,都市：商
RPXNMLLMKILFFAB08CC,下橋子頭段,4.53,都市：商
RPPNMLMJJHMFFBL08CC,孔門段,245.00,都市：其他
RPPNMLMJJHMFFBL08CC,孔門段,655.00,都市：其他
RPPQMLNJJHMFFBB47CC,乾溝子段,239.00,都市：住
RPWPMLNJJHMFFBB08CC,平田段,6.90,都市：住
RPSOMLNJJHMFFBB67DC,錦村段,23.53,都市：住
RPSOMLNJJHMFFCB67CC,惠民段,33.85,都市：其他
RPVNMLNJJHMFFCB87CC,上石碑段,34.44,都市：住
RPXOMLNJJHMFFCB28DC,惠泰段,19.77,都市：住
RPOPMLNJJHMFFCB37CC,惠義段,34.15,都市：住
RPVPMLOJJHMFFBB08CC,邱厝子段,2.56,都市：商
RPVPMLOJJHMFFBB08CC,賴厝段,3.19,都市：商
RPUQMLOJJHMFFBB08CC,賴厝段,.28,都市：商
RPUQMLOJJHMFFBB08CC,邱厝子段,.22,都市：商
RPROMLOJJHMFFCB67CC,上石碑段,4.82,都市：商
RPPPMLOJJHMFFCB57CC,國安段,11.88,都市：住
RPTQMLOJJHMFFBB97CC,賴厝段,3.33,都市：商
RPTQMLOJJHMFFBB97CC,邱厝子段,2.67,都市：商
RPUQMLOJJHMFFCB18CC,惠民段,12.14,都市：其他
RPXPMLOJJHMFFCB38CC,國安段,.00,都市：住
RPSPMLOJJHMFFCB87CC,中和段,.00,都市：商
RPRPMLPJJHMFFBB77CC,錦村段,25.26,都市：住
RPVNMLOJJHMFFCL98CC,銀聯段,49.34,都市：住
RPOPMLPJJHMFFCB67DC,大新段,84.00,都市：住
RPQPMLPJJHMFFCB77CC,大新段,3674.00,都市：其他
RPQOMLPJJHMFFCB67CC,惠義段,1863.90,都市：住
RPTNMLQJJHMFFCB97CC,永定段,68.00,都市：住
RPOPMLQJJHMFFCB67CC,豐富段,38.91,都市：住
RPPPMLQJJHMFFCB77CC,何安段,3.46,都市：住
RPUOMLQJJHMFFBB08CC,東義段,7.33,都市：住
RPVPMLQJJHMFFBB28CC,東正段,7.37,都市：住
RPUPMLQJJHMFFCB28CC,黎明段,14.80,都市：住
RPQPMLQJJHMFFCB87CC,上石碑段,3.70,都市：商
RPSPMLQJJHMFFCB08CC,惠來厝段,5.32,都市：住
RPOQMLNJJHMFFAB27CC,信義段七小段,118.00,都市：住
RPSNMLPJJHMFFAB57CC,中民段九小段,690.00,都市：住
RPVNMLOJJHMFFAB77CC,平和段,2.80,都市：商
RPSPMLQJJHMFFAB97DC,下橋子頭段,76.00,都市：商
RPVNMLQJJHMFFAB97CC,公館段,1.45,都市：住
RPVNMLQJJHMFFAB97CC,公館段,1.26,都市：住
RPXNMLQJJHMFFAB18CC,下橋子頭段,3.26,都市：住
RPSNMLSJJHMFFAB87CC,麻園頭段,96.00,都市：住
RPSNMLSJJHMFFAB87CC,麻園頭段,714.00,都市：住
RPVNMLTJJHMFFBB38CC,太和段,24.96,都市：住
RPWOMLTJJHMFFBB58CC,邱厝子段,.00,都市：住
RPSNMLTJJHMFFCL56CC,銀聯段,29.00,都市：住
RPSNMLTJJHMFFCL56CC,銀聯段,116.00,都市：住
RPSNMLTJJHMFFCL56CC,銀聯段,93.00,都市：住
RPOQMLTJJHMFFAB87CC,大益段,.00,都市：住
RPXNMLTJJHMFFAB48CC,麻園頭段,10.98,都市：住
RPPOMLTJJHMFFAB87DC,麻園頭段,98.00,都市：住
RPPOMLTJJHMFFAB87DC,麻園頭段,79.00,都市：住
RPPOMLTJJHMFFAB87DC,麻園頭段,32.00,都市：住
RPPOMLTJJHMFFAB87DC,麻園頭段,4.00,都市：住
RPROMLKKJHMFFBB27CC,東義段,110.00,都市：住
RPXPMLKKJHMFFBB97CC,平田段,13.35,都市：住
RPSNMLQJJHMFFAL68CC,神工段,2127.27,非都市：工業區 ; 非都市編定：丁種建築用地
RPQOMLTJJHMFFCB08CC,上石碑段,75.00,都市：住
RPSOMLTJJHMFFCB28CC,寶山段,36.82,都市：住
RPOOMLKKJHMFFCB07CC,大進段,.00,都市：住
RPVPMLTJJHMFFCB68CC,田心段,81.00,都市：住
RPPPMLKKJHMFFCB27CC,上石碑段,15.90,都市：商
RPXOMLKKJHMFFCB97CC,大墩段,13.77,都市：住
RPOQMLKKJHMFFBB17CC,同榮段,13.59,都市：住
RPRQMLKKJHMFFBB47CC,東山段,22.35,都市：住
RPPNMLLKJHMFFCB17CC,寶文段,5254.77,都市：工
RPSPMLLKJHMFFCB77DC,田心段,12.05,都市：住
RPSQMLKKJHMFFBB57CC,錦村段,.00,都市：住
RPQRMLKKJHMFFBB47CC,北屯段,39.60,都市：住
RPOSMLLKJHMFFBB47CC,北屯段,379.00,都市：住
RPTQMLLKJHMFFBB87DC,賴厝段,6.43,都市：住
RPSQMLLKJHMFFBB77DC,東新段,6.65,都市：住
RPPRMLLKJHMFFBB47CC,松昌段,15.95,都市：住
RPSPMLLKJHMFFBB67DC,陳平段,7.39,都市：住
RPVNMLLKJHMFFAL68DC,新綠山段,2182.56,都市：住
RPXOMLKKJHMFFAB77CC,麻園頭段,11.54,都市：住
RPSPMLMKJHMFFCB77CC,國安段,7.11,都市：住
RPVNMLMKJHMFFCB87CC,中義段,91.00,都市：住
RPRNMLMKJHMFFBB37CC,和平段,.00,都市：住
RPQNMLMKJHMFFCB37CC,大新段,16.68,都市：住
RPQQMLMKJHMFFCB67CC,西屯段,4.70,都市：住
RPSNMLMKJHMFFBB47CC,和平段,163.50,都市：住
RPSNMLQJJHMFFHL76CC,樹孝段,.00,都市：住
RPOOMLLKJHMFFAB96CC,大益段,47.63,都市：住
RPUNMLMKJHMFFBB67CC,和平段,.00,都市：住
RPPSMLLKJHMFFBB57CC,東新段,36.21,都市：住
RPROMLMKJHMFFBB47CC,青田段,770.00,都市：商
RPPOMLMKJHMFFBB27CC,賴厝段,73.06,都市：住
RPTOMLMKJHMFFBB77DC,北屯段,8.12,都市：住
RPUOMLMKJHMFFBB87DC,軍福段,15.30,都市：住
RPSQMLNKJHMFFBB87CC,東峰段,6.42,都市：商
RPTQMLNKJHMFFBB97CC,東峰段,6.34,都市：商
RPUQMLNKJHMFFBB08CC,東峰段,6.84,都市：商
RPWPMLNKJHMFFBB18CC,邱厝子段,56.70,都市：住
RPWQMLNKJHMFFBB28CC,東峰段,5.83,都市：商
RPUNMLMKJHMFFAB57CC,平和段,2.80,都市：商
RPTNMLMKJHMFFAB47CC,後子段,.00,都市：商
RPTPMLMKJHMFFAB67CC,樹子腳段,38.03,都市：住
RPTPMLMKJHMFFAB67CC,樹子腳段,2.25,都市：住
RPTPMLMKJHMFFAB67CC,樹子腳段,2.25,都市：住
RPSOMLNKJHMFFAB57CC,後子段,16.53,都市：住
RPPRMLNKJHMFFBB67CC,賴厝段,3.34,都市：商
RPPRMLNKJHMFFBB67CC,邱厝子段,2.68,都市：商
RPXQMLNKJHMFFBB38CC,東峰段,10.28,都市：商
RPQRMLNKJHMFFBB77CC,賴厝段,.28,都市：商
RPQRMLNKJHMFFBB77CC,邱厝子段,.22,都市：商
RPORMLNKJHMFFBB57CC,東峰段,11.12,都市：商
RPXOMLNKJHMFFBB28DC,青萍段,23.12,都市：住
RPORMLNKJHMFFCB67CC,民安段,7.64,都市：住
RPVRMLNKJHMFFCB38CC,上石碑段,3.48,都市：商
RPVRMLNKJHMFFCB38CC,上石碑段,3.11,都市：商
RPPNMLPKJHMFFCB57CC,中正段,5.91,都市：住
RPWOMLQKJHMFFBB38CC,平田段,13.80,都市：住
RPWOMLQKJHMFFBB38CC,平田段,2.55,都市：住
RPXOMLQKJHMFFBB48CC,平田段,8.88,都市：住
RPXOMLQKJHMFFBB48CC,平田段,1.64,都市：住
RPSOMLQKJHMFFBB97CC,北屯段,12.85,都市：住
RPVOMLQKJHMFFBB28CC,賴厝段,46.00,都市：商
RPVOMLQKJHMFFBB28CC,賴厝段,26.00,都市：商
RPSPMLQKJHMFFBB08CC,東信段,.00,都市：住
RPROMLQKJHMFFBB87CC,北屯段,12.85,都市：住
RPUNMLQKJHMFFBB18DC,北屯段,20.72,都市：住
RPSOMLRKJHMFFBB08CC,邱厝子段,70.00,都市：住
RPOPMLRKJHMFFBB77CC,松觀段,.00,都市：住
RPQPMLQKJHMFFHL86CC,樹德段,78.05,都市：住
RPWOMLQKJHMFFHL37CC,平欣段,.00,都市：商
RPRNMLNKJHMFFGL98CC,大仁段,222.37,都市：商
RPRNMLNKJHMFFGL98CC,大仁段,245.75,都市：商
RPWPMLRKJHMFFAB48CC,麻園頭段,130.00,都市：商
RPTPMLRKJHMFFAB18CC,土庫段,80.00,都市：住
RPPNMLQKJHMFFAB47CC,下橋子頭段,16.08,都市：其他
RPPNMLQKJHMFFAB47CC,下橋子頭段,.17,都市：其他
RPPNMLQKJHMFFAB47CC,下橋子頭段,1.00,都市：其他
RPUPMLRKJHMFFAB28CC,麻園頭段,34.30,都市：住
RPQQMLRKJHMFFCB18CC,中正段,6.48,都市：商
RPXPMLRKJHMFFCB78CC,何厝段,160.87,都市：住
RPPQMLRKJHMFFCB08CC,大進段,.00,都市：住
RPTQMLRKJHMFFCB48CC,惠民段,15.40,都市：其他
RPSQMLRKJHMFFCB38CC,保安段,17.07,都市：住
RPXNMLRKJHMFFBB58DC,東義段,7.29,都市：住
RPSRMLRKJHMFFCB48CC,中正段,6.72,都市：商
RPQRMLRKJHMFFCB28CC,中正段,7.04,都市：商
RPVNMLSKJHMFFBB38CC,東光段,70.00,都市：商
RPOPMLSKJHMFFAB77CC,樹子腳段,1.92,都市：住
RPVNMLSKJHMFFAB28CC,後子段,43.10,都市：住
RPWQMLTKJHMFFAB78CC,樹子腳段,1.94,都市：住
RPRNMLRKJHMFFIL96CC,新東段,62.03,非都市：鄉村區 ; 非都市編定：乙種建築用地
RPQNMLRKJHMFFIL86CC,遊園南段,32.93,非都市：鄉村區 ; 非都市編定：乙種建築用地
RPQNMLRKJHMFFIL86CC,遊園南段,45.89,非都市：鄉村區 ; 非都市編定：乙種建築用地
RPPNMLPKJHMFFFL88CC,四德段,14.75,都市：住
RPSRMLTKJHMFFAB48CC,後子段,8.34,都市：住
RPURMLTKJHMFFAB68CC,後子段,15.82,都市：住
RPQRMLTKJHMFFAB28CC,旱溪段,27.56,都市：住
RPXSMLTKJHMFFCB66CC,何安段,6.14,都市：住
RPRTMLTKJHMFFCB78CC,西屯段,12.55,都市：住
RPQTMLTKJHMFFCB68CC,惠民段,15.58,都市：其他
RPPTMLTKJHMFFCB58CC,中正段,5.27,都市：商
RPTOMLSKJHMFFHL27CC,新高段,8.87,都市：住
RPTOMLSKJHMFFHL27CC,番子路段,6.17,都市：住
RPSOMLSKJHMFFHL17CC,平欣段,.00,都市：商
RPQOMLSKJHMFFHL96CC,平欣段,2.10,都市：住
RPOPMLSKJHMFFHL86CC,宜欣段,36.26,都市：住
RPPQMLSKJHMFFHL07CC,仁平段,19.05,都市：住
RPQQMLSKJHMFFHL17CC,溪洲段,95.87,都市：住
RPWTMLTKJHMFFCB66CC,福星段,33.84,都市：住
RPVTMLTKJHMFFCB56CC,福安段,95.49,都市：住
RPTTMLTKJHMFFCB98CC,福星段,24.80,都市：住
RPPUMLTKJHMFFCB68CC,黎明段,11.74,都市：住
RPROMLKLJHMFFAB27CC,土庫段,26.65,都市：商
RPTTMLKLJHMFFAB97CC,麻園頭段,48.50,都市：住
RPRSMLKLJHMFFAB67CC,麻園頭段,194.00,都市：住
RPTSMLKLJHMFFAB87CC,樹子腳段,3.18,都市：住
RPTSMLKLJHMFFAB87CC,樹子腳段,12.64,都市：住
RPRNMLTKJHMFFGL96CC,興祥段,14.73,都市：住
RPROMLKLJHMFFBB37CC,平田段,.36,都市：住
RPROMLKLJHMFFBB37CC,平田段,.32,都市：住
RPROMLKLJHMFFBB37CC,平田段,.17,都市：住
RPSSMLKLJHMFFBB87CC,建安段,330.00,都市：農
RPRVMLKLJHMFFAB97CC,頂橋子頭段,.00,都市：住
RPQUMLKLJHMFFBB87CC,水源段,.00,都市：住
RPQUMLKLJHMFFBB87CC,水源段,.00,都市：住
RPQUMLKLJHMFFBB87CC,水源段,.00,都市：住
RPQPMLKLJHMFFBB37CC,東信段,14.00,都市：商
RPRUMLTKJHMFFCB88CC,田心段,17.03,都市：住
RPQUMLTKJHMFFCB78CC,惠民段,17.78,都市：其他
RPTUMLTKJHMFFCB09CC,惠民段,6.85,都市：其他
RPVUMLTKJHMFFCB66CC,惠國段,36.39,都市：其他
RPOSMLKLJHMFFBB57DC,乾溝子段,26.05,都市：商
RPQPMLLLJHMFFAB37CC,下橋子頭段,1.72,都市：商
RPPPMLLLJHMFFAB27CC,下橋子頭段,1.83,都市：商
RPPNMLLLJHMFFAB07CC,下橋子頭段,10.83,都市：住
RPPNMLLLJHMFFAB07CC,下橋子頭段,.39,都市：住
RPWRMLKLJHMFFCB28CC,福安段,16.75,都市：住
RPRNMLLLJHMFFCB47CC,黎明段,15.14,都市：住
RPQNMLLLJHMFFCB37CC,三塊厝段,37.22,都市：住
RPUOMLNLJHMFFCB08CC,田心段,16.94,都市：住
RPTOMLNLJHMFFCB97CC,上石碑段,3.48,都市：商
RPOOMLNLJHMFFCB47CC,惠民段,13.08,都市：其他
RPQOMLNLJHMFFCB67CC,大明段,74.51,都市：住
RPVOMLNLJHMFFCB18CC,福安段,.00,都市：住
RPWOMLNLJHMFFCB28CC,大新段,19.26,都市：住
RPXOMLNLJHMFFCB38CC,福安段,.00,都市：住
RPPPMLNLJHMFFCB67CC,大墩段,15.60,都市：住
RPSPMLNLJHMFFCB97CC,惠民段,17.64,都市：商
RPVOMLNLJHMFFBB08CC,東峰段,15.80,都市：商
RPOOMLNLJHMFFAB27CC,公館段,1.48,都市：住
RPOOMLNLJHMFFAB27CC,公館段,1.28,都市：住
RPXNMLNLJHMFFAB08CC,公館段,1.09,都市：住
RPXNMLNLJHMFFAB08CC,公館段,.95,都市：住
RPSPMLNLJHMFFBB87CC,東山段,156.43,都市：住
RPXPMLNLJHMFFBB38CC,長安段,22.33,都市：住
RPRQMLNLJHMFFBB87CC,賴厝段,3.16,都市：商
RPRQMLNLJHMFFBB87CC,邱厝子段,2.53,都市：商
RPSQMLNLJHMFFBB97CC,賴厝段,3.16,都市：商
RPSQMLNLJHMFFBB97CC,邱厝子段,2.53,都市：商
RPRSMLNLJHMFFAB97CC,後子段,50.00,都市：住
RPUSMLNLJHMFFAB28CC,後子段,67.00,都市：住
RPPQMLNLJHMFFAB57CC,中墩段四小段,1.60,都市：商
RPPQMLNLJHMFFAB57CC,中墩段四小段,4.70,都市：商
RPTQMLNLJHMFFBB08CC,賴厝段,3.19,都市：商
RPTQMLNLJHMFFBB08CC,邱厝子段,2.56,都市：商
RPVQMLNLJHMFFBB28CC,邱厝子段,.22,都市：商
RPVQMLNLJHMFFBB28CC,賴厝段,.28,都市：商
RPWQMLNLJHMFFBB38CC,邱厝子段,.11,都市：商
RPWQMLNLJHMFFBB38CC,賴厝段,.14,都市：商
RPUQMLNLJHMFFBB18CC,邱厝子段,.22,都市：商
RPUQMLNLJHMFFBB18CC,賴厝段,.28,都市：商
RPXQMLNLJHMFFBB48CC,東峰段,9.15,都市：商
RPWRMLNLJHMFFAB38CC,樹子腳段,1.96,都市：住
RPQSMLNLJHMFFAB87CC,頂橋子頭段,23.21,都市：住
RPVQMLNLJHMFFAB18CC,樹子腳段,1.92,都市：住
RPXQMLNLJHMFFAB38CC,樹子腳段,1.93,都市：住
RPVNMLOLJHMFFAB97CC,麻園頭段,26.75,都市：商
RPQRMLNLJHMFFBB87CC,東峰段,9.48,都市：商
RPUOMLOLJHMFFCB18CC,大新段,29.20,都市：住
RPSNMLOLJHMFFHL76CC,新興段,21.45,都市：住
RPPOMLPLJHMFFAB57CC,麻園頭段,.00,都市：住
RPWPMLPLJHMFFAB38CC,樹子腳段,1.94,都市：住
RPQNMLNLJHMFFFL98DC,家福段,119.07,都市：住
RPTNMLNLJHMFFHL76CC,坪林段,83.94,非都市：鄉村區 ; 非都市編定：乙種建築用地
RPQPMLOLJHMFFCB87CC,文山段,20.00,都市：工
RPQPMLOLJHMFFCB87CC,文山段,1960.00,都市：工
RPPQMLPLJHMFFAB77CC,樹子腳段,6.10,都市：住
RPXOMLOLJHMFFCB48CC,國安段,.00,都市：住
RPORMLOLJHMFFBB77CC,水源段,.00,都市：住
RPORMLOLJHMFFBB77CC,水源段,.00,都市：住
RPSQMLPLJHMFFBB18CC,東山段,19.32,都市：住
RPUPMLPLJHMFFBB28CC,賴厝段,.00,都市：住
RPORMLPLJHMFFBB87CC,邱厝子段,.17,都市：商
RPORMLPLJHMFFBB87CC,賴厝段,.21,都市：商
RPPRMLPLJHMFFBB97CC,賴厝段,2.97,都市：商
RPPRMLPLJHMFFBB97CC,邱厝子段,2.39,都市：商
RPWQMLPLJHMFFBB58CC,賴厝段,2.97,都市：商
RPWQMLPLJHMFFBB58CC,邱厝子段,2.39,都市：商
RPRRMLPLJHMFFBB18CC,賴厝段,2.97,都市：商
RPRRMLPLJHMFFBB18CC,邱厝子段,2.39,都市：商
RPSRMLPLJHMFFBB28CC,東峰段,5.83,都市：商
RPURMLPLJHMFFBB48CC,東峰段,11.79,都市：商
RPTNMLPLJHMFFAL88CC,南陽段,29.41,都市：住
RPVOMLQLJHMFFBB38CC,水源段,.33,都市：住
RPVOMLQLJHMFFBB38CC,水源段,13.44,都市：住
RPWOMLQLJHMFFBB48CC,水源段,185.00,都市：住
RPOPMLQLJHMFFBB77CC,水源段,54.00,都市：住
RPUPMLQLJHMFFBB38CC,東新段,19.24,都市：住
RPRRMLPLJHMFFCB28CC,中正段,5.63,都市：商
RPXNMLPLJHMFFCB58DC,保安段,67.00,都市：住
RPXNMLPLJHMFFCB58DC,保安段,67.00,都市：住
RPWNMLPLJHMFFCB48DC,豐富段,16.83,都市：商
RPPRMLPLJHMFFCB08CC,中正段,9.73,都市：商
RPPQMLPLJHMFFCB97CC,惠民段,10.50,都市：其他
