﻿編號,土地區段位置,土地移轉面積平方公尺,使用分區或編定
The serial number,land sector position,land shifting area square meter,the use zoning or compiles and checks
RPXNMLLJJILFFEE38CC,新庄段十二小段,232.00,都市：住
RPTOMLLJJILFFGE38DC,道爺段,542.00,都市：住
RPOOMLMJJILFFLE48DC,龍潭段,64.79,都市：住
RPVOMLMJJILFFEE38CC,菜公段五小段,.34,都市：住
RPVOMLMJJILFFEE38CC,菜公段五小段,18.57,都市：住
RPWOMLMJJILFFEE48CC,福民段,17.54,都市：住
RPOPMLMJJILFFEE77CC,左西段,.00,都市：商
RPOPMLMJJILFFEE77CC,左西段,.00,都市：商
RPOPMLMJJILFFEE77CC,左西段,.00,都市：商
RPRNMLLJJILFFIE18CC,新赤山段,.00,都市：住
RPWOMLMJJILFFDE38CC,建德段,101.00,都市：商
RPVOMLMJJILFFAE97CC,龍華段八小段,11.25,都市：住
RPXOMLMJJILFFAE18CC,龍華段九小段,.00,都市：住
RPTOMLLJJILFFAE67CC,博孝段,46.00,都市：住
RPPNMLLJJILFFAE17CC,青海段,.00,都市：商
RPOOMLLJJILFFAE17CC,北金段,23.62,都市：住
RPOOMLLJJILFFAE17CC,北金段,11.19,都市：住
RPVNMLLJJILFFBE87CC,新興段二小段,19.33,都市：商
RPSOMLLJJILFFBE67CC,林德官段,16.70,都市：商
RPOOMLLJJILFFBE27CC,苓東段,105.00,都市：商
RPOPMLLJJILFFBE37CC,新興段二小段,17.66,都市：商
RPOPMLLJJILFFBE37CC,新興段二小段,38.86,都市：商
RPXNMLMJJILFFBE18CC,五塊厝段,51.00,非都市： ; 非都市編定：
RPTNMLMJJILFFBE77CC,意誠段,.00,都市：商
RPVNMLMJJILFFBE97CC,意誠段,.00,都市：商
RPWNMLMJJILFFBE08CC,意誠段,.00,都市：商
RPPOMLMJJILFFBE47CC,新興段四小段,56.00,都市：商
RPQOMLMJJILFFBE57CC,林德官段,.00,都市：商
RPXOMLMJJILFFBE28CC,林德官段二小段,57.77,都市：住
RPSOMLNJJILFFDE08CC,大港段七小段,163.00,都市：商
RPSOMLNJJILFFDE08CC,大港段七小段,14.00,都市：商
RPWNMLNJJILFFDE38CC,大豐段三小段,84.00,都市：商
RPRPMLNJJILFFLE88CC,後庄段,60.79,都市：住
RPWOMLOJJILFFDE58CC,獅頭段,76.00,都市：住
RPQNMLNJJILFFBE57CC,新興段四小段,.00,非都市： ; 非都市編定：
RPQNMLNJJILFFBE57CC,新興段四小段,.00,非都市： ; 非都市編定：
RPQNMLNJJILFFBE57CC,新興段四小段,.00,非都市： ; 非都市編定：
RPQNMLPJJILFFBE77CC,林德官段四小段,.00,都市：商
RPRNMLPJJILFFBE87CC,林德官段一小段,.00,都市：住
RPTNMLPJJILFFBE08CC,苓洲段,.00,都市：商
RPUNMLPJJILFFBE18CC,福裕段,.00,都市：住
RPPNMLPJJILFFDE87CC,大港段六小段,.66,都市：商
RPPNMLPJJILFFDE87CC,大港段六小段,36.33,都市：其他
RPTNMLPJJILFFDE28CC,中華段二小段,76.00,都市：商
RPTNMLPJJILFFDE28CC,中華段二小段,6.00,都市：商
RPWNMLNJJILFFEE48CC,福山段,.00,都市：商
RPPOMLNJJILFFEE87CC,福山段,273.25,都市：其他
RPVNMLRJJILFFEE78CC,新庄段二小段,84.00,都市：住
RPUNMLOJJILFFEE38CC,福山段,207.03,都市：商
RPPOMLRJJILFFEE28CC,楠梓段一小段,76.00,都市：住
RPUNMLOJJILFFCE18CC,獅甲段二小段,86.86,都市：其他
RPSNMLPJJILFFCE08CC,光華段一小段,14.20,都市：商
RPRNMLRJJILFFCE18CC,憲德段一小段,.00,都市：住
RPXNMLSJJILFFCE88CC,盛興段,.00,都市：商
RPUNMLSJJILFFCE58CC,高松段,19.11,都市：住
RPVNMLRJJILFFFE88CC,頂蚵子寮段,225.00,都市：住
RPVNMLRJJILFFFE88CC,頂蚵子寮段,113.00,都市：住
RPWNMLRJJILFFFE98CC,頂蚵子寮段,113.00,都市：住
RPWNMLRJJILFFFE98CC,頂蚵子寮段,225.00,都市：住
RPWNMLSJJILFFAE58CC,文東段,3.76,都市：住
RPOOMLSJJILFFAE87CC,青海段,98.90,都市：住
RPROMLSJJILFFAE18CC,青海段,16.34,都市：住
RPQNMLSJJILFFAE97CC,龍華段八小段,10.27,都市：住
RPPOMLSJJILFFBE08CC,福河段,70.00,都市：住
RPROMLSJJILFFBE28CC,過田子段,36.36,都市：商
RPOOMLSJJILFFBE97CC,過田子段,.00,都市：商
RPSOMLSJJILFFBE38CC,五塊厝段,.00,都市：住
RPSOMLSJJILFFBE38CC,五塊厝段,.00,都市：商
RPROMLSJJILFFFE68CC,維新段,63.12,非都市：一般農業區 ; 非都市編定：甲種建築用地
RPXNMLSJJILFFBE78CC,意誠段,.00,都市：商
RPTOMLSJJILFFBE48CC,苓洲段,.00,都市：商
RPVOMLSJJILFFBE68CC,苓洲段,.00,都市：商
RPWOMLSJJILFFBE78CC,過田子段,.00,都市：商
RPPOMLSJJILFFDE28CC,覆鼎金段覆鼎金小段,.00,都市：住
RPOOMLSJJILFFDE18CC,獅頭段,.00,都市：商
RPOOMLSJJILFFDE18CC,獅頭段,.00,都市：商
RPOOMLSJJILFFDE18CC,獅頭段,.00,都市：商
RPOOMLSJJILFFDE18CC,獅頭段,.00,都市：商
RPOOMLSJJILFFDE18CC,獅頭段,.00,都市：商
RPOOMLSJJILFFDE18CC,獅頭段,.00,都市：商
RPWOMLSJJILFFDE98CC,中都段四小段,29.88,都市：住
RPXOMLSJJILFFDE09CC,義民段,.00,都市：商
RPTNMLTJJILFFLE96DC,港子埔段,106.00,都市：住
RPQQMLSJJILFFEE68CC,新庄段三小段,.00,都市：住
RPPPMLSJJILFFEE48CC,福山段,9.98,都市：商
RPSPMLSJJILFFEE78CC,新庄段十三小段,11.80,都市：住
RPPNMLTJJILFFEE48DC,新庄段十三小段,.00,都市：商
RPPNMLTJJILFFEE48DC,新庄段十三小段,.00,都市：商
RPOQMLSJJILFFEE48CC,新庄段三小段,.00,都市：住
RPUNMLTJJILFFAE48CC,龍中段,17.85,都市：商
RPRQMLSJJILFFEE78CC,菜公段二小段,102.00,都市：工
RPRQMLSJJILFFEE78CC,菜公段二小段,332.00,都市：工
RPRQMLSJJILFFEE78CC,菜公段二小段,476.00,都市：工
RPTNMLSJJILFFEE68CC,興隆段,1.00,都市：其他
RPTNMLSJJILFFEE68CC,興隆段,3.20,都市：其他
RPTNMLSJJILFFEE68CC,興隆段,19.60,都市：其他
RPTNMLSJJILFFEE68CC,興隆段,11.80,都市：其他
RPTNMLSJJILFFEE68CC,興隆段,2.00,都市：其他
RPTNMLSJJILFFEE68CC,興隆段,8.00,都市：其他
RPOOMLTJJILFFEE38CC,福山段,8.78,都市：商
RPOOMLTJJILFFEE38CC,福山段,7.29,都市：商
RPOOMLTJJILFFCE18CC,憲德段二小段,.00,都市：商
RPTNMLKKJILFFAE57CC,青海段,8.11,都市：住
RPPOMLKKJILFFAE27CC,前金段,6.07,都市：住
RPWOMLTJJILFFCE98CC,愛群段,24.13,都市：商
RPRNMLKKJILFFBE47CC,新興段三小段,9.59,都市：商
RPQNMLKKJILFFCE47CC,愛群段,20.03,都市：商
RPQPMLTJJILFFGE88CC,鳳山段草店尾小段,.00,都市：商
RPRNMLLKJILFFDE77CC,大順段,9.62,都市：商
RPRNMLLKJILFFBE57CC,林聖段,.00,非都市： ; 非都市編定：
RPPOMLTJJILFFCE28CC,竹北段,27.56,都市：住
RPQOMLTJJILFFCE38CC,憲德段二小段,15.64,都市：商
RPXPMLTJJILFFCE66DC,獅甲段二小段,76.45,都市：住
RPXPMLTJJILFFCE66DC,獅甲段二小段,125.51,都市：住
RPOQMLTJJILFFCE48DC,獅甲段二小段,76.45,都市：住
RPOQMLTJJILFFCE48DC,獅甲段二小段,125.51,都市：住
RPSNMLKKJILFFCE67CC,憲德段二小段,18.05,都市：商
RPQNMLKKJILFFEE67CC,新福段七小段,15.15,都市：住
RPTNMLKKJILFFEE97CC,新吉段,77.64,都市：住
RPQNMLKKJILFFEE67CC,新福段七小段,15.20,都市：住
RPRNMLKKJILFFEE77CC,新庄段十三小段,8.67,都市：商
RPRNMLKKJILFFEE77CC,新庄段十三小段,6.70,都市：商
RPVNMLKKJILFFEE18CC,清豐段,84.00,都市：住
RPUPMLOKJILFFDE58CC,大港段,33.09,都市：住
RPVNMLOKJILFFEE58CC,菜公段三小段,151.00,都市：住
RPXNMLLKJILFFAE08CC,文東段,106.00,都市：商
RPUNMLOKJILFFAE08CC,青海段,18.53,都市：住
RPPOMLLKJILFFAE37CC,龍華段八小段,.00,都市：商
RPPOMLLKJILFFAE37CC,龍華段八小段,.00,都市：商
RPQOMLOKJILFFAE77CC,龍華段八小段,8.03,都市：商
RPXNMLOKJILFFAE38CC,博孝段,7.33,都市：商
RPTOMLOKJILFFAE08CC,龍華段二小段,15.11,都市：其他
RPVNMLOKJILFFAE18CC,龍水段一小段,23.55,都市：商
RPSNMLMKJILFFCE87CC,瑞崗段三小段,43.00,都市：住
RPTNMLOKJILFFIE78CC,青雲段,179.00,都市：住
RPRNMLOKJILFFLE88CC,後庄段,75.07,都市：住
RPSOMLOKJILFFGE58CC,文山段,10.83,都市：住
RPRNMLPKJILFFCE08CC,瑞崗段二小段,103.00,都市：商
RPUNMLPKJILFFIE98CC,竹園段,950.00,都市：農
RPUNMLPKJILFFIE98CC,竹園段,39.00,都市：農
RPPOMLPKJILFFIE58CC,青雲段,95.30,都市：住
RPSNMLPKJILFFBE08CC,意誠段,.00,都市：商
RPTNMLPKJILFFBE18CC,新興段四小段,.00,都市：商
RPUNMLPKJILFFBE28CC,過田子段,.00,都市：商
RPOOMLPKJILFFBE77CC,過田子段,.00,都市：商
RPOOMLPKJILFFBE77CC,過田子段,.00,都市：商
RPROMLPKJILFFAE97CC,青海段,16.17,都市：住
RPWOMLPKJILFFGE09CC,土角厝段,48.99,都市：商
RPVNMLPKJILFFGE88CC,新甲段,.00,都市：住
RPSNMLPKJILFFGE58CC,赤山段,23.60,都市：住
RPSNMLPKJILFFGE58CC,赤山段,25.60,都市：住
RPVNMLQKJILFFGE98CC,文山段,50.00,都市：住
RPOOMLQKJILFFDE08CC,鼎泰段,55.63,都市：住
RPTNMLQKJILFFGE78CC,青年段,297.99,都市：住
RPVNMLQKJILFFFE88CC,下竹圍段,428.49,都市：其他
RPTOMLQKJILFFGE88CC,赤山段,10.38,都市：商
RPOOMLPKJILFFIE48CC,青雲段,96.76,都市：住
RPQNMLQKJILFFJE88DC,竹東段,264.70,都市：商
RPSOMLRKJILFFAE28CC,龍華段八小段,.00,都市：商
RPWOMLPKJILFFEE88CC,後段,38.54,都市：商
RPSOMLRKJILFFEE68CC,新庄段七小段,28.85,都市：住
RPSOMLRKJILFFEE68CC,新庄段七小段,1.48,都市：住
RPUNMLQKJILFFBE38CC,大統段一小段,.00,都市：商
RPOOMLRKJILFFBE97CC,過田子段,74.50,都市：商
RPQOMLRKJILFFBE18CC,福東段,32.25,都市：住
RPWNMLQKJILFFBE58CC,五塊厝段,88.00,都市：商
RPQOMLSKJILFFDE48CC,大港段,24.77,都市：住
RPPOMLRKJILFFBE08CC,過田子段,78.00,都市：商
RPUNMLSKJILFFDE78CC,鼎金段,94.50,都市：住
RPPNMLTKJILFFGE68CC,新庄子段,44.00,都市：住
RPQNMLTKJILFFGE78CC,文英段,1177.00,都市：其他
RPOOMLLLJILFFGE97CC,五甲段,306.00,都市：住
RPSNMLSKJILFFAE28CC,東金段,82.00,都市：商
RPSNMLSKJILFFBE48DC,林德官段,15.62,都市：商
RPSNMLSKJILFFBE48DC,林德官段,7.47,都市：商
RPTNMLLLJILFFBE87CC,苓洲段,4.33,都市：商
RPXOMLRKJILFFCE98CC,經貿段一小段,6205.87,都市：其他
RPWNMLLLJILFFBE18CC,意誠段,.00,都市：商
RPROMLLLJILFFCE87CC,光華段一小段,46.80,都市：住
RPQOMLRKJILFFCE28CC,宏明段,20.89,都市：住
RPTNMLLLJILFFAE77CC,龍華段四小段,3573.00,都市：住
RPSPMLLLJILFFAE87CC,龍水段一小段,20.09,都市：住
RPXPMLLLJILFFAE38CC,文東段,7.05,都市：商
RPPOMLLLJILFFBE57CC,過田子段,.00,都市：商
RPSOMLLLJILFFBE87CC,意誠段,.00,都市：商
RPVOMLLLJILFFBE18CC,過田子段,.00,都市：商
RPUOMLLLJILFFBE08CC,過田子段,.00,都市：商
RPTOMLLLJILFFBE97CC,過田子段,.00,都市：商
RPQOMLLLJILFFBE67CC,過田子段,.00,都市：商
RPSNMLSKJILFFCE48CC,愛群段,7.29,都市：商
RPRNMLMLJILFFBE77CC,新興段四小段,115.20,都市：商
RPPNMLMLJILFFBE57CC,林德官段,1685.00,都市：商
RPUNMLMLJILFFBE08CC,苓東段,82.00,都市：商
RPQOMLMLJILFFBE77CC,成功段,9.86,都市：商
RPQNMLMLJILFFBE67CC,意誠段,7.68,都市：商
RPPOMLMLJILFFBE67CC,新興段二小段,12.73,都市：商
RPTNMLMLJILFFBE97CC,苓東段,82.00,都市：商
RPOOMLMLJILFFBE57CC,苓洲段,5.36,都市：商
RPXNMLMLJILFFBE38CC,新興段二小段,5.97,都市：商
RPTNMLMLJILFFGE48CC,鳳甲段,20.89,非都市： ; 非都市編定：
RPOOMLMLJILFFCE67CC,愛群段,.00,非都市： ; 非都市編定：
RPXNMLMLJILFFCE48CC,愛群段,.00,非都市： ; 非都市編定：
RPOOMLMLJILFFFE97CC,介壽段,28.76,都市：住
RPTNMLMLJILFFLE09DC,港子埔段,17.35,都市：住
RPWOMLMLJILFFDE58CC,灣志段,51.73,都市：其他
RPOPMLMLJILFFDE87CC,建豐段,10.16,都市：住
RPVNMLMLJILFFAE08CC,青海段,26.13,都市：住
RPTNMLMLJILFFAE87CC,龍華段八小段,8.00,都市：商
RPOOMLMLJILFFAE47CC,龍華段九小段,295.00,都市：住
RPPPMLMLJILFFDE97CC,中都段三小段,8.43,都市：住
RPQOMLMLJILFFCE87CC,愛群段,5.94,都市：商
RPOPMLNLJILFFDE97CC,三塊厝段,92.00,都市：商
RPXNMLNLJILFFAE38CC,文東段,.00,都市：商
RPUNMLNLJILFFGE68CC,五甲段,.00,都市：住
RPUNMLNLJILFFGE68CC,五甲段,.00,都市：住
RPWNMLMLJILFFGE78CC,頂庄段,.00,都市：住
RPXNMLMLJILFFGE88CC,七老爺段一甲小段,1.58,非都市： ; 非都市編定：
RPXNMLMLJILFFGE88CC,七老爺段一甲小段,8.37,非都市： ; 非都市編定：
RPXNMLMLJILFFGE88CC,七老爺段,7.27,非都市： ; 非都市編定：
RPXNMLMLJILFFGE88CC,七老爺段,7.69,非都市： ; 非都市編定：
RPTOMLNLJILFFGE68CC,新庄子段,94.00,都市：住
RPSNMLNLJILFFBE97CC,過田子段,.00,非都市： ; 非都市編定：
RPQNMLNLJILFFBE77CC,過田子段,.00,非都市： ; 非都市編定：
RPRNMLNLJILFFBE87CC,過田子段,.00,非都市： ; 非都市編定：
RPWNMLNLJILFFBE38CC,過田子段,.00,都市：商
RPUNMLNLJILFFBE18CC,福裕段,85.00,都市：住
RPROMLNLJILFFBE97CC,苓雅寮段,.00,都市：商
RPTOMLNLJILFFBE18CC,意誠段,.00,都市：商
RPPQMLMLJILFFEE18CC,新民段,24.22,都市：住
RPUOMLNLJILFFBE28CC,苓東段,13.40,都市：住
RPUOMLNLJILFFBE28CC,苓東段,20.60,都市：住
RPWNMLOLJILFFCE58CC,獅甲段三小段,85.10,都市：商
RPVNMLOLJILFFCE48CC,憲德段二小段,.00,都市：商
RPROMLOLJILFFCE18CC,瑞隆段一小段,51.49,都市：住
RPSPMLOLJILFFGE78CC,新甲段,20.01,都市：住
RPPNMLPLJILFFDE08CC,三塊厝段,76.00,都市：商
RPWOMLOLJILFFBE58CC,大港埔段,65.00,都市：商
RPSQMLOLJILFFDE58CC,建安段,6.60,都市：住
RPROMLPLJILFFDE38CC,大港段,12.58,都市：商
RPWNMLPLJILFFDE78CC,獅頭段,.00,都市：商
RPXNMLOLJILFFBE58CC,意誠段,.00,都市：商
RPQOMLOLJILFFAE87CC,龍華段八小段,10.55,都市：商
RPTNMLNLJILFFIE78CC,萬金段,572.32,都市：農
RPUOMLPLJILFFGE98CC,道爺段,294.59,都市：住
RPXNMLPLJILFFGE56CC,道爺段,.00,都市：住
RPPNMLRLJILFFDE28CC,獅頭段,12.05,都市：商
RPPNMLSLJILFFDE38CC,灣成段,34.90,都市：商
RPSOMLSLJILFFDE78CC,澄清段二小段,16.14,都市：住
RPPNMLPLJILFFFE38DC,橋南段,45.38,都市：商
RPPNMLPLJILFFCE97CC,愛群段,.00,都市：住
RPVNMLPLJILFFCE58CC,愛群段,.00,都市：住
RPVNMLPLJILFFCE58CC,愛群段,.00,都市：住
RPUOMLSLJILFFGE66CC,竹子腳段,61.00,都市：住
RPRNMLSLJILFFCE48CC,桂林段,216.00,都市：其他
RPRNMLSLJILFFCE48CC,桂林段,571.00,都市：其他
RPPNMLSLJILFFIE88CC,美德段,1157.02,都市：工
RPQOMLTLJILFFBE48CC,苓東段,33.47,都市：住
RPUNMLPLJILFFAE38DC,內惟段五小段,.00,都市：商
RPRNMLPLJILFFAE08DC,青海段,.00,都市：住
RPRNMLSLJILFFAE28CC,文東段,6.53,都市：商
RPSOMLTLJILFFBE68CC,苓東段,33.47,都市：住
RPRNMLSLJILFFBE38CC,意誠段,.00,都市：商
RPOPMLSLJILFFBE28CC,苓東段,.00,非都市： ; 非都市編定：
RPXOMLSLJILFFBE09CC,苓東段,.00,非都市： ; 非都市編定：
RPQOMLSLJILFFBE38CC,新興段一小段,59.00,都市：商
RPVOMLTLJILFFBE98CC,意誠段,.00,都市：商
RPUOMLSLJILFFBE78CC,正福段,22.81,都市：住
RPUOMLSLJILFFBE78CC,正福段,1.33,都市：住
RPUOMLSLJILFFBE78CC,正福段,4.09,都市：住
RPWOMLTLJILFFBE09CC,新興段二小段,56.00,都市：商
RPTNMLSLJILFFBE58CC,林德官段二小段,17.40,都市：住
RPXNMLKMJILFFDE48CC,灣和段,91.95,都市：住
RPXNMLTLJILFFDE66CC,水源段,11.29,都市：住
RPOOMLKMJILFFGE08DC,埤頂段,97.00,都市：住
RPOPMLKMJILFFCE77DC,愛群段,9.06,都市：商
RPOPMLKMJILFFCE77DC,愛群段,15.30,都市：住
RPOOMLTLJILFFIE98CC,澄清段,120.00,都市：住
RPWNMLTLJILFFIE07CC,澄潭段,77.60,都市：住
RPWNMLTLJILFFIE07CC,澄潭段,106.98,都市：住
RPXOMLKMJILFFCE48CC,愛群段,.00,都市：商
RPQPMLKMJILFFCE87CC,店鎮段一小段,281.00,都市：商
RPXNMLKMJILFFBE28CC,過田子段,.00,都市：商
RPSOMLKMJILFFBE87CC,衛武段,17.86,都市：商
RPUOMLKMJILFFBE08CC,過田子段,67.00,都市：商
RPVNMLLJKILFFBE97CC,新興段三小段,8.70,都市：住
RPPOMLTLJILFFIE09CC,育才段,277.49,都市：住
RPWNMLLJKILFFBE08CC,林德官段,68.00,都市：商
RPROMLLJKILFFBE67CC,意誠段,5.16,都市：住
RPPNMLTLJILFFAE18CC,青海段,.00,都市：商
RPUNMLLJKILFFCE97CC,獅甲段,.00,都市：住
RPOOMLLJKILFFCE47CC,憲德段一小段,.00,都市：商
RPOOMLLJKILFFCE47CC,憲德段一小段,.00,都市：商
RPTPMLLJKILFFDE18CC,大順段,2176.68,都市：商
RPUPMLLJKILFFDE28CC,灣華段,21.92,都市：住
RPUNMLTLJILFFAE68CC,龍華段八小段,9.54,都市：商
RPUNMLTLJILFFAE68CC,龍華段八小段,8.44,都市：商
RPXNMLTLJILFFAE98CC,青海段,17.80,都市：住
RPROMLLJKILFFAE57CC,前金段,2.83,都市：商
RPQOMLLJKILFFAE47CC,前金段,.00,都市：商
RPSOMLLJKILFFAE67CC,前金段,14.88,都市：商
RPTOMLLJKILFFGE38CC,明頂段,117.31,都市：住
RPTNMLKMJILFFIE58CC,仁新段,2185.00,都市：農
RPTNMLKMJILFFIE58CC,仁新段,768.00,都市：農
RPUNMLKMJILFFIE68CC,仁營段,.00,都市：住
RPSNMLMJKILFFDE97CC,獅頭段,35.57,都市：商
RPUNMLMJKILFFDE18CC,大港段三小段,.00,都市：商
RPTPMLMJKILFFCE28DC,光華段一小段,.00,都市：住
RPROMLMJKILFFCE97DC,光華段,7.83,都市：住
RPROMLMJKILFFCE97DC,光華段,.39,都市：住
RPPOMLMJKILFFFE97CC,大勇段,123.00,都市：工
RPPOMLMJKILFFFE97CC,大勇段,17.43,都市：工
RPRNMLMJKILFFAE57CC,龍中段,9.22,都市：住
RPUPMLMJKILFFCE28CC,愛群段,16.16,都市：商
RPVNMLMJKILFFBE08CC,新興段二小段,40.00,都市：商
RPQNMLMJKILFFIE28CC,暘善段,728.76,都市：農
RPPNMLMJKILFFLE48CC,磚子段,580.00,都市：農
RPPNMLMJKILFFLE48CC,磚子段,580.00,都市：農
RPWNMLMJKILFFBE18CC,大統段一小段,.00,都市：商
RPSNMLOJKILFFCE08CC,瑞隆段二小段,124.70,都市：住
RPSNMLOJKILFFCE08CC,瑞隆段二小段,45.90,都市：住
RPPNMLNJKILFFGE08CC,新甲段,102.50,都市：住
RPVNMLMJKILFFAE97CC,龍中段,13.28,都市：住
RPUNMLPJKILFFBE38DC,新興段四小段,.00,都市：商
RPPNMLPJKILFFDE97CC,大港段二小段,137.00,都市：住
RPVNMLPJKILFFDE58CC,三塊厝段,62.00,都市：商
RPVOMLPJKILFFBE48CC,林德官段,.00,都市：住
RPUOMLPJKILFFBE38CC,林德官段,.00,都市：住
RPXNMLPJKILFFAE48CC,龍華段八小段,.00,都市：商
RPOOMLPJKILFFAE67CC,青海段,67.64,都市：住
RPSOMLPJKILFFAE08CC,龍中段,109.85,都市：住
RPXOMLQJKILFFDE98CC,大港段七小段,44.00,都市：商
RPRPMLQJKILFFDE48CC,大港段四小段,81.00,都市：住
RPRPMLQJKILFFDE48CC,大港段四小段,87.00,都市：住
RPXNMLQJKILFFGE56CC,頂新段,350.41,都市：住
RPPOMLQJKILFFBE97CC,大統段一小段,82.00,都市：商
RPSOMLQJKILFFAE28DC,龍中段,339.44,都市：商
RPUNMLQJKILFFAE28CC,府北段五小段,141.00,都市：商
RPROMLQJKILFFBE18CC,林聖段一小段,19.33,都市：商
RPWOMLQJKILFFAE58CC,青海段,40.10,都市：住
RPQNMLQJKILFFCE08CC,憲德段二小段,7.34,都市：商
RPPQMLLJKILFFEE97CC,新福段五小段,.00,都市：住
RPVNMLMJKILFFEE38CC,右昌段六小段,28.22,都市：住
RPPOMLLJKILFFEE77CC,福山段,8.17,都市：住
RPSOMLPJKILFFEE48CC,福山段,11.57,都市：商
RPWNMLRJKILFFAE58CC,青海段,8.47,都市：商
RPSNMLRJKILFFBE28CC,大統段二小段,31.00,都市：商
RPOPMLRJKILFFBE08CC,大統段一小段,7.31,都市：商
RPPPMLRJKILFFBE18CC,新興段一小段,116.00,都市：商
RPSNMLRJKILFFGE78CC,道爺段,1000.00,都市：住
RPUNMLQJKILFFEE68CC,福民段,150.09,都市：住
RPOPMLQJKILFFEE28CC,新庄段十三小段,16.78,都市：住
RPQPMLQJKILFFEE48CC,新光段,9.98,都市：住
RPSPMLQJKILFFEE68CC,新庄段十三小段,6.70,都市：商
RPQPMLRJKILFFBE28CC,大統段一小段,7.31,都市：商
RPPOMLRJKILFFGE58CC,五甲段,72.00,都市：住
RPUNMLRJKILFFDE68CC,建民段,17.36,都市：住
RPUNMLRJKILFFDE68CC,建民段,6.09,都市：商
RPWOMLSJKILFFDE09CC,三塊厝段,76.00,都市：商
RPUOMLRJKILFFGE09CC,文英段,7.11,都市：住
RPTQMLSJKILFFDE98CC,建民段,9.95,都市：住
RPOOMLSJKILFFEE38CC,新庄段十三小段,8.67,都市：商
RPQOMLSJKILFFEE58CC,新庄段十三小段,8.67,都市：商
RPQNMLSJKILFFFE58CC,橋南段,135.00,都市：住
RPTPMLQJKILFFCE58CC,獅甲段一小段,33.13,都市：住
RPWPMLQJKILFFCE88CC,獅甲段一小段,37.07,都市：住
RPUOMLQJKILFFCE58CC,愛群段,4.52,都市：商
RPPQMLQJKILFFCE28CC,愛群段,11.23,都市：商
RPQOMLRJKILFFEE48CC,新民段,57.83,都市：住
RPOOMLRJKILFFEE28CC,新庄段十三小段,297.00,都市：住
RPOOMLSJKILFFBE08CC,過田子段,.00,都市：住
RPROMLSJKILFFGE88CC,鳳山段草店尾小段,.00,都市：商
RPQOMLSJKILFFGE78CC,七老爺段,79.23,都市：住
RPPNMLTJKILFFCE28CC,山明段,41.00,都市：住
RPVOMLSJKILFFGE66CC,華鳳段,4874.43,都市：住
RPSNMLTJKILFFBE48CC,五塊厝段,3.75,都市：其他
RPRNMLTJKILFFBE38CC,意誠段,.00,都市：商
RPQNMLTJKILFFBE28CC,意誠段,.00,都市：商
RPPNMLLKKILFFFE87CC,大仁段,4.62,都市：住
RPPNMLLKKILFFFE87CC,大仁段,.09,都市：住
RPPNMLLKKILFFFE87CC,大仁段,.17,都市：住
RPSNMLTJKILFFDE68CC,大豐段一小段,82.00,都市：商
RPSSMLTJKILFFGE86CC,七老爺段,498.00,都市：農
RPUNMLTJKILFFEE98CC,新庄段七小段,76.00,都市：住
RPOOMLMKKILFFEE87CC,藍昌段二小段,154.00,都市：住
RPSOMLSJKILFFAE38CC,龍中段,.00,都市：住
RPXOMLSJKILFFAE88CC,青海段,13.23,都市：商
RPPNMLNKKILFFCE77CC,鎮東段,4.00,都市：其他
RPPNMLNKKILFFCE77CC,鎮東段,53.00,都市：住
RPTNMLNKKILFFCE18CC,光華段一小段,.00,都市：住
RPUNMLNKKILFFCE28CC,鎮昌段一小段,.00,都市：住
RPVNMLNKKILFFCE38CC,獅甲段,.00,都市：商
RPUOMLNKKILFFCE38CC,瑞崗段四小段,12.25,都市：住
RPUOMLNKKILFFCE38CC,瑞崗段四小段,2.75,都市：商
RPQNMLMKKILFFBE67CC,過田子段,.00,非都市： ; 非都市編定：
RPQNMLKKKILFFBE47CC,意誠段,.00,都市：商
RPPNMLKKKILFFBE37CC,意誠段,.00,都市：商
RPTNMLMKKILFFAE87CC,龍華段八小段,.00,都市：商
RPVNMLNKKILFFAE18CC,龍中段,.00,都市：住
RPSNMLNKKILFFAE87CC,前金段,.00,都市：商
RPUNMLMKKILFFGE58CC,七老爺段一甲小段,55.00,都市：其他
RPSNMLMKKILFFGE38CC,新庄子段,5.25,都市：住
RPSNMLMKKILFFGE38CC,新庄子段,21.25,都市：住
RPSNMLMKKILFFGE38CC,新庄子段,62.00,都市：住
RPTOMLNKKILFFEE48CC,福文段,416.53,都市：住
RPOPMLNKKILFFEE08CC,福山段,.00,都市：住
RPROMLOKKILFFDE28CC,三塊厝段三小段,391.00,都市：住
RPSNMLOKKILFFIE78CC,興農段,363.64,都市：農
RPSOMLNKKILFFBE08CC,過田子段,92.00,都市：商
RPWNMLNKKILFFBE38CC,林德官段二小段,17.40,都市：住
RPXNMLOKKILFFBE58CC,大統段一小段,.00,都市：商
RPQNMLNKKILFFBE77CC,成功段,88.00,都市：商
RPRNMLNKKILFFBE87CC,新興段一小段,203.00,都市：其他
RPOOMLOKKILFFCE87CC,光華段一小段,58.27,都市：住
RPOOMLOKKILFFBE77CC,大統段一小段,.00,都市：商
RPVNMLNKKILFFBE28CC,林德官段,.00,都市：商
RPSNMLNKKILFFBE97CC,新興段四小段,26.66,都市：商
RPTOMLNKKILFFGE68CC,頂新段,12.18,都市：住
RPQOMLNKKILFFBE87CC,林德官段,15.66,都市：商
RPSOMLPKKILFFEE58CC,福山段,17.27,都市：商
RPPOMLOKKILFFBE87CC,新興段四小段,.00,都市：商
RPPOMLOKKILFFBE87CC,新興段四小段,.00,都市：商
RPOOMLPKKILFFIE58CC,金鼎段,75.84,都市：住
RPXOMLOKKILFFAE58CC,龍華段一小段,25.31,都市：住
RPVOMLOKKILFFAE38CC,文東段,6.21,都市：商
RPUNMLPKKILFFBE38CC,五塊厝段,20.77,都市：住
RPWNMLPKKILFFBE68DC,林興段,115.00,都市：住
RPRNMLOKKILFFAE87CC,北金段,10.11,都市：商
RPQPMLQKKILFFEE58CC,新庄段五小段,1358.00,都市：住
RPRPMLQKKILFFEE68CC,新庄段二小段,5904.00,都市：住
RPUPMLQKKILFFEE98CC,後段,45.00,都市：住
RPROMLPKKILFFDE38CC,鼎中段,43.59,都市：商
RPSOMLPKKILFFDE48CC,覆鼎金段覆鼎金小段,16.15,都市：商
RPUOMLPKKILFFDE68CC,覆鼎金段覆鼎金小段,15.22,都市：商
RPVOMLPKKILFFDE78CC,澄東段,39.76,都市：住
RPRNMLQKKILFFCE28CC,二苓段,145.00,都市：住
RPWNMLRKKILFFCE88CC,瑞崗段四小段,25.50,都市：商
RPPNMLRKKILFFBE08CC,五塊厝段,.00,都市：商
RPVNMLTKKILFFJE07CC,三爺埤段,997.73,非都市：一般農業區 ; 非都市編定：農牧用地
RPTNMLPKKILFFGE78CC,五甲段,391.44,非都市： ; 非都市編定：
RPVNMLPKKILFFGE98CC,七老爺段一甲小段,12.29,非都市： ; 非都市編定：
RPVNMLPKKILFFGE98CC,五甲段,.23,非都市： ; 非都市編定：
RPVNMLQKKILFFGE09CC,竹子腳段,.29,都市：住
RPVNMLQKKILFFGE09CC,竹子腳段,19.81,都市：住
RPPNMLRKKILFFGE58CC,埤頂段,.00,都市：住
RPSNMLTKKILFFEE88CC,新庄段十三小段,.00,都市：商
RPVNMLTKKILFFEE56CC,藍田西段,8.98,都市：住
RPOPMLQKKILFFAE97CC,鼓中段五小段,6.00,都市：其他
RPOPMLQKKILFFAE97CC,鼓中段五小段,17.00,都市：商
RPOPMLQKKILFFAE97CC,鼓中段五小段,170.00,都市：商
RPOPMLQKKILFFAE97CC,鼓中段五小段,65.00,都市：住
RPXOMLTKKILFFGE07CC,鳳山段大老衙小段,11.29,都市：商
RPSPMLTKKILFFGE66CC,文山段,14.99,都市：住
RPVNMLTKKILFFBE88CC,大統段一小段,.00,都市：商
RPSOMLQKKILFFIE09CC,八德段,88.00,都市：住
RPXNMLTKKILFFDE66CC,建昌段,.00,都市：住
RPUNMLTKKILFFDE98CC,大港段,120.00,都市：住
RPQOMLTKKILFFDE68CC,大港段二小段,.00,都市：商
RPQOMLTKKILFFDE68CC,大港段二小段,.00,都市：商
RPPNMLKLKILFFCE57CC,桂林段,.00,都市：住
RPUNMLKLKILFFBE97CC,大統段二小段,.00,都市：商
RPRPMLTKKILFFEE98CC,福山段,7.00,都市：住
RPRNMLKLKILFFFE08CC,文化段,1.00,都市：住
RPRNMLKLKILFFFE08CC,文化段,106.00,都市：住
RPRNMLKLKILFFFE08CC,文化段,286.00,都市：住
RPRNMLKLKILFFFE08CC,文化段,160.00,都市：住
RPRNMLKLKILFFFE08CC,文化段,205.00,都市：住
RPPNMLKLKILFFDE67CC,大港段二小段,82.00,都市：住
RPTOMLKLKILFFDE18CC,大港段三小段,.00,都市：商
RPROMLKLKILFFDE97CC,三塊厝段二小段,.00,都市：商
RPROMLKLKILFFDE97CC,三塊厝段二小段,.00,都市：商
RPROMLKLKILFFDE97CC,三塊厝段二小段,.00,都市：商
RPROMLKLKILFFDE97CC,三塊厝段二小段,.00,都市：商
RPXOMLKLKILFFGE88CC,赤山段,66.10,都市：住
RPVOMLKLKILFFIE88CC,育英段,136.07,都市：住
RPWOMLKLKILFFIE98CC,育英段,136.07,都市：住
RPXNMLLLKILFFDE58CC,陽明段二小段,22.32,都市：住
RPRPMLLLKILFFEE28CC,左西段,218.00,都市：住
RPSPMLLLKILFFEE38CC,右昌段三小段,67.00,都市：住
RPROMLLLKILFFCE97CC,光華段一小段,21.65,都市：住
RPVNMLLLKILFFBE18CC,意誠段,.00,都市：商
RPTNMLLLKILFFBE97CC,意誠段,.00,都市：商
RPUNMLLLKILFFBE08CC,意誠段,.00,都市：商
RPPOMLLLKILFFBE67CC,林德官段,76.00,都市：商
RPXNMLLLKILFFBE38CC,新興段一小段,13.51,都市：商
RPQNMLMLKILFFBE77CC,林德官段二小段,88.75,都市：其他
RPROMLTKKILFFAE48CC,龍華段八小段,15.44,都市：商
RPVNMLMLKILFFDE48CC,寶國段,2.14,都市：住
RPXNMLTKKILFFAE98CC,青海段,824.74,都市：商
RPTNMLTKKILFFAE58CC,民生段,15.40,都市：商
RPTNMLTKKILFFAE58CC,民生段,12.20,都市：商
RPPOMLTKKILFFAE28CC,東金段,12.01,都市：商
RPPOMLTKKILFFAE28CC,東金段,.81,都市：商
RPQOMLNLKILFFIE68CC,竹園段,1575.00,都市：工
RPVNMLMLKILFFIE98CC,新赤山段,192.72,都市：住
RPVNMLMLKILFFIE98CC,新赤山段,199.92,都市：住
RPWOMLMLKILFFGE98CC,明頂段,74.00,都市：住
RPVNMLLLKILFFAE08CC,前金段,2.89,都市：商
RPROMLLLKILFFAE77CC,青海段,8.73,都市：商
RPVOMLLLKILFFAE18CC,青海段,7.40,都市：住
RPUOMLLLKILFFAE08CC,青海段,9.18,都市：住
RPOOMLNLKILFFBE77CC,林德官段一小段,15.06,都市：住
RPSOMLNLKILFFBE18CC,新興段二小段,.00,都市：商
RPWNMLNLKILFFBE48CC,新興段一小段,9.88,都市：商
RPWNMLNLKILFFBE48CC,新興段一小段,3.47,都市：商
RPWNMLNLKILFFBE48CC,新興段一小段,.31,都市：商
RPPOMLNLKILFFBE87CC,新興段二小段,.00,都市：商
RPROMLNLKILFFBE08CC,新興段一小段,9.88,都市：住
RPSOMLQLKILFFBE48CC,新興段一小段,46.87,都市：商
RPUNMLQLKILFFBE58CC,意誠段,.00,都市：商
RPVNMLQLKILFFBE68CC,意誠段,.00,都市：商
RPXNMLNLKILFFBE58CC,成功段,3.83,都市：住
RPQOMLMLKILFFAE77CC,龍華段八小段,7.16,都市：商
RPQOMLQLKILFFIE98CC,仁龍段,1201.00,非都市：特定農業區 ; 非都市編定：農牧用地
RPPOMLQLKILFFDE38CC,大港段,.00,都市：商
RPPOMLQLKILFFDE38CC,大港段,.00,都市：住
RPXOMLRLKILFFEE76CC,新庄段十二小段,21.51,都市：商
RPSOMLRLKILFFEE88CC,福山段,108.16,都市：商
RPSOMLRLKILFFEE88CC,福山段,482.73,都市：商
RPSOMLRLKILFFEE88CC,福山段,.34,都市：商
RPPPMLQLKILFFEE58CC,福民段,.00,都市：住
RPROMLRLKILFFEE78CC,新庄段十三小段,.00,都市：商
RPQPMLQLKILFFEE68CC,新光段,.00,都市：住
RPRQMLRLKILFFEE98CC,新庄段六小段,383.00,都市：住
RPRQMLRLKILFFEE98CC,新光段,95.27,都市：住
RPRQMLRLKILFFEE98CC,新光段,216.30,都市：住
RPOOMLRLKILFFDE38CC,大裕段一小段,.00,都市：商
RPTOMLRLKILFFDE88CC,大順段,12.00,都市：住
RPTOMLRLKILFFDE88CC,大順段,3.90,都市：商
RPVOMLRLKILFFDE09CC,覆鼎金段覆鼎金小段,.00,都市：住
RPOPMLRLKILFFDE48CC,灣中段,86.77,都市：商
RPXOMLSLKILFFCE66CC,莊段,125.00,都市：住
RPVOMLRLKILFFCE98CC,光華段,.00,都市：商
RPXPMLSLKILFFCE76CC,愛群段,7.49,都市：商
RPQOMLQLKILFFAE28DC,內惟段九小段,8.94,都市：住
RPUOMLRLKILFFCE88CC,瑞隆段一小段,24.46,都市：住
RPXNMLRLKILFFAE88CC,龍中段,.00,都市：商
RPROMLRLKILFFCE58CC,憲德段二小段,.00,都市：住
RPXNMLRLKILFFGE86CC,赤山段,.00,都市：商
RPQQMLSLKILFFEE09DC,菜公段六小段,95.87,都市：住
RPROMLSLKILFFAE48CC,興福段,111.32,都市：商
RPSNMLSLKILFFEE88CC,興隆段,66.00,都市：商
RPPNMLSLKILFFBE28CC,過田子段,36.36,都市：商
RPPOMLRLKILFFBE28CC,林聖段,14.60,都市：住
RPQNMLRLKILFFBE28CC,林德官段,.00,都市：商
RPXNMLRLKILFFBE98CC,意誠段,8.36,都市：商
RPSNMLSLKILFFBE58CC,林德官段二小段,.00,都市：商
RPSNMLSLKILFFBE58CC,林德官段二小段,.00,都市：商
RPPNMLSLKILFFGE78CC,新庄子段,5.00,都市：住
RPPOMLSLKILFFGE88CC,五甲段,15.04,都市：商
RPPNMLSLKILFFGE78CC,新庄子段,104.00,都市：住
RPTOMLSLKILFFDE98CC,大港段五小段,25.25,都市：商
RPQOMLSLKILFFEE78CC,新庄段十二小段,120.00,都市：住
RPXOMLSLKILFFDE76CC,鼎泰段,35.98,都市：住
RPSPMLTLKILFFEE56CC,菜公段六小段,27.15,都市：住
RPOPMLTLKILFFEE78CC,後勁段二小段,46.00,都市：住
RPOPMLTLKILFFEE78CC,後勁段二小段,13.00,都市：住
RPOPMLTLKILFFEE78CC,後勁段二小段,38.00,都市：商
RPRQMLTLKILFFEE56CC,福山段,449.81,都市：商
RPQNMLTLKILFFDE68CC,三塊厝段,2.96,都市：商
RPQNMLTLKILFFDE68CC,三塊厝段,5.25,都市：商
RPQNMLTLKILFFDE68CC,三塊厝段,.77,都市：住
RPPQMLTLKILFFEE98CC,新庄段七小段,.00,都市：住
RPUPMLTLKILFFGE96CC,文英段,82.00,都市：住
RPTQMLTLKILFFDE66CC,三塊厝段,.00,都市：商
RPTQMLTLKILFFDE66CC,三塊厝段,.00,都市：商
RPWOMLTLKILFFCE66CC,高松段一小段,83.00,都市：住
RPWOMLKMKILFFCE48CC,愛群段,.00,都市：商
RPSPMLKMKILFFCE18CC,憲德段二小段,19.13,都市：商
RPOOMLKMKILFFIE28CC,金鼎段,77.88,都市：住
RPPOMLTLKILFFBE48CC,五塊厝段三小段,.00,都市：商
RPXPMLTLKILFFBE76CC,新興段四小段,261.00,都市：商
RPROMLTLKILFFBE68CC,武聖段,23.20,都市：住
RPROMLTLKILFFBE68CC,武聖段,22.55,都市：住
RPRPMLTLKILFFBE78CC,林德官段,.00,都市：商
RPXNMLKMKILFFBE38CC,苓洲段,.00,都市：商
RPXOMLTLKILFFAE56CC,龍華段八小段,.00,都市：商
RPSNMLKMKILFFFE28CC,頂蚵子寮段,113.00,都市：其他
RPPOMLKMKILFFIE38CC,仁春段,53.00,都市：住
RPPOMLKMKILFFIE38CC,仁春段,22.66,都市：住
RPPOMLKMKILFFLE68CC,磚子段,1328.00,都市：工
RPPOMLKMKILFFLE68CC,磚子段,1021.00,都市：工
RPSNMLKMKILFFEE18CC,新博段,18.59,都市：住
RPWNMLKMKILFFAE18CC,龍華段八小段,2.98,都市：商
RPROMLKMKILFFAE77CC,前金段,2.84,都市：商
RPSOMLKMKILFFEE28CC,福民段,609.35,都市：住
RPUOMLKMKILFFEE48CC,新庄段十三小段,.00,都市：商
RPUOMLKMKILFFEE48CC,新庄段十三小段,.00,都市：商
RPXOMLKMKILFFEE78CC,新庄段十三小段,6.24,都市：商
RPSNMLLMKILFFCE08CC,獅甲段,.00,都市：住
RPXNMLKMKILFFDE58CC,澄東段,159.87,都市：住
RPPNMLKMKILFFDE77CC,水源段,15.72,都市：住
RPPNMLKMKILFFDE77CC,水源段,3.18,都市：商
RPSOMLKMKILFFDE18CC,獅頭段,10.88,都市：商
RPXNMLLMKILFFDE68CC,覆鼎金段覆鼎金小段,48.40,都市：住
RPROMLLMKILFFDE18CC,三塊厝段三小段,.00,都市：住
RPPNMLLMKILFFBE67CC,衛武段,8.95,都市：住
RPPNMLLMKILFFBE67CC,衛武段,17.60,都市：商
RPQNMLMJJHMFFCE57CC,臨北段,10.93,都市：住
RPPNMLLJJHMFFCE37CC,鎮昌段,.00,非都市： ; 非都市編定：
RPSRMLNJJHMFFGE68CC,竹子腳段,26.69,都市：住
RPTNMLNJJHMFFIE58CC,興農段,363.64,都市：農
RPQSMLNJJHMFFGE58CC,道爺段,26.90,都市：住
RPPNMLMJJHMFFAE27CC,青海段,33.25,都市：住
RPVNMLNJJHMFFFE48CC,大公段,74.00,都市：商
RPSNMLNJJHMFFAE67CC,青海段,21.70,都市：住
RPRNMLNJJHMFFAE57CC,府北段五小段,8.37,都市：商
RPOOMLNJJHMFFAE37CC,文東段,8.31,都市：住
RPROMLNJJHMFFEE08CC,新福段七小段,15.09,都市：住
RPSOMLNJJHMFFEE18CC,新光段,9.98,都市：住
RPPPMLNJJHMFFEE97CC,福山段,265.95,都市：住
RPPNMLMJJHMFFDE57CC,鼎泰段一小段,230.35,都市：住
RPRNMLNJJHMFFEE08DC,莒光段二小段,521.00,都市：商
RPTOMLNJJHMFFEE28CC,果貿段,9.24,都市：住
RPRNMLNJJHMFFCE77CC,店子後段,31.56,都市：住
RPVNMLNJJHMFFCE18CC,愛群段,7.43,都市：商
RPRNMLOJJHMFFAE67CC,龍華段三小段,26.20,都市：住
RPSNMLOJJHMFFAE77CC,青海段,14.38,都市：住
RPXNMLOJJHMFFAE28CC,龍華段三小段,150.00,都市：住
RPRNMLOJJHMFFEE08CC,福山段,8.78,都市：商
RPRNMLOJJHMFFEE08CC,福山段,7.29,都市：商
RPQOMLOJJHMFFEE08CC,新光段,.00,都市：住
RPRNMLOJJHMFFBE77CC,五塊厝段,6.47,都市：商
RPRNMLOJJHMFFBE77CC,五塊厝段,6.11,都市：商
RPPNMLOJJHMFFBE57CC,意誠段,4.11,都市：商
RPPNMLOJJHMFFBE57CC,意誠段,5.50,都市：商
RPSOMLOJJHMFFBE97CC,意誠段,17.12,都市：商
RPSNMLNJJHMFFBE77CC,林德官段一小段,17.15,都市：住
RPWOMLNJJHMFFBE28CC,新興段一小段,33.20,都市：商
RPTNMLNJJHMFFBE87CC,苓洲段,5.36,都市：商
RPUNMLPJJHMFFDE38CC,大港段二小段,11.44,都市：商
RPUNMLPJJHMFFGE68CC,文英段,.00,都市：住
RPQNMLNJJHMFFBE57CC,新興段二小段,8.44,都市：商
RPRNMLNJJHMFFBE67CC,苓洲段,5.29,都市：商
RPROMLPJJHMFFGE48CC,七老爺段,61.00,都市：住
RPQNMLOJJHMFFBE67CC,意誠段,4.81,都市：商
RPVOMLQJJHMFFDE68CC,獅頭段,23.84,都市：住
RPPOMLPJJHMFFAE77DC,龍華段八小段,14.04,都市：商
RPXNMLPJJHMFFDE68CC,大港段七小段,60.00,都市：商
RPXOMLOJJHMFFDE68CC,鼎泰段一小段,81.60,都市：住
RPVNMLQJJHMFFBE38CC,意誠段,.00,都市：商
RPOOMLQJJHMFFBE77CC,成功段,.00,都市：商
RPVNMLRJJHMFFBE48CC,新興段四小段,.00,都市：商
RPVNMLRJJHMFFBE48CC,新興段四小段,.00,都市：商
RPUNMLRJJHMFFBE38CC,新興段四小段,.00,都市：商
RPUNMLRJJHMFFBE38CC,新興段四小段,.00,都市：商
RPTNMLRJJHMFFBE28CC,新興段四小段,.00,都市：商
RPTNMLRJJHMFFBE28CC,新興段四小段,.00,都市：商
RPUNMLQJJHMFFBE28CC,意誠段,.00,都市：商
RPXNMLRJJHMFFBE68CC,新興段四小段,.00,都市：商
RPXNMLRJJHMFFBE68CC,新興段四小段,.00,都市：商
RPQOMLQJJHMFFFE38CC,安西段,331.42,都市：工
RPRNMLRJJHMFFFE48CC,岡山段,6.74,都市：住
RPOOMLTJJHMFFFE48CC,灣裡段,1388.93,都市：農
RPOOMLTJJHMFFFE48CC,灣裡段,1229.50,都市：農
RPOOMLTJJHMFFFE48CC,灣裡段,558.74,都市：農
RPOOMLTJJHMFFFE48CC,灣裡段,166.48,都市：農
RPQOMLTJJHMFFDE48CC,長明段,8.23,都市：商
RPSQMLTJJHMFFDE88CC,建民段,8.91,都市：商
RPQPMLTJJHMFFCE48CC,愛群段,19.18,都市：商
RPOOMLTJJHMFFBE08CC,過田子段,87.00,都市：商
RPPOMLTJJHMFFEE48CC,新庄段五小段,76.00,都市：住
RPQNMLRJJHMFFIE68CC,興農段,1062.00,都市：住
RPWNMLTJJHMFFIE86CC,萬金段,591.74,都市：農
RPWOMLTJJHMFFIE07DC,大華段,246.00,都市：住
RPWOMLTJJHMFFIE07DC,大華段,276.00,都市：住
RPSNMLKKJHMFFCE67CC,光華段一小段,25.55,都市：住
RPVNMLKKJHMFFGE38CC,田中央段,81.84,都市：住
RPVNMLKKJHMFFBE87CC,林德官段一小段,.00,都市：商
RPVNMLKKJHMFFBE87CC,林德官段一小段,.00,都市：商
RPVNMLKKJHMFFBE87CC,林德官段一小段,.00,都市：商
RPVNMLKKJHMFFBE87CC,林德官段一小段,.00,都市：商
RPVNMLKKJHMFFBE87CC,林德官段一小段,.00,都市：商
RPWNMLKKJHMFFIE78DC,青雲段,67.52,都市：住
RPWPMLQJJHMFFGE56CC,頂新段,171.90,都市：住
RPPOMLTJJHMFFGE68CC,鳳青段,109.06,都市：住
RPPOMLKKJHMFFCE57DC,坪鳳段,674.54,都市：住
RPOPMLLKJHMFFIE18CC,大腿段,375.00,都市：工
RPOPMLLKJHMFFIE18CC,大腿段,2048.00,都市：工
RPUNMLKKJHMFFAE77DC,龍華段一小段,93.00,都市：住
RPWNMLKKJHMFFAE87CC,東金段,.00,都市：商
RPQOMLLKJHMFFDE77CC,灣復段,23.61,都市：商
RPXNMLLKJHMFFBE18CC,林德官段,23.66,都市：住
RPWOMLLKJHMFFCE28CC,獅甲段,.97,都市：住
RPXOMLLKJHMFFCE38CC,獅甲段二小段,.00,都市：住
RPUOMLLKJHMFFCE08CC,獅甲段,1.62,都市：住
RPTNMLKKJHMFFEE97CC,新庄段十三小段,11.04,都市：住
RPOOMLKKJHMFFEE57CC,藍昌段二小段,64.00,都市：其他
RPQOMLKKJHMFFEE77CC,藍昌段三小段,67.00,都市：其他
RPQOMLKKJHMFFEE77CC,藍昌段三小段,23.14,都市：其他
RPPNMLMKJHMFFBE47CC,大統段二小段,33.48,都市：商
RPOPMLMKJHMFFEE87CC,新民段,124.36,都市：住
RPPPMLLKJHMFFGE08CC,竹子腳段,84.00,都市：住
RPPPMLLKJHMFFGE08CC,竹子腳段,1.00,都市：住
RPQNMLNKJHMFFIE38CC,澄合段,360.01,都市：住
RPVNMLTJJHMFFAE58CC,龍華段八小段,11.24,都市：商
RPTNMLMKJHMFFDE08CC,三塊厝段,59.00,都市：住
RPRNMLNKJHMFFDE97CC,三塊厝段,.00,非都市： ; 非都市編定：
RPSNMLNKJHMFFCE97CC,瑞隆段一小段,19.92,非都市： ; 非都市編定：
RPUOMLQKJHMFFBE48CC,新興段四小段,.00,非都市： ; 非都市編定：
RPROMLQKJHMFFBE18CC,林德官段,.00,都市：商
RPXNMLQKJHMFFBE68CC,成功段,.00,都市：商
RPVNMLQKJHMFFDE68CC,鼎泰段,3623.00,都市：住
RPPNMLMKJHMFFLE58DC,福德段,77.14,都市：住
RPOOMLLKJHMFFLE38CC,翁公園段,462.70,都市：農
RPOOMLLKJHMFFLE38CC,翁公園段,462.70,都市：農
RPOOMLLKJHMFFLE38CC,翁公園段,462.70,都市：農
RPOOMLLKJHMFFLE38CC,翁公園段,462.70,都市：農
RPSNMLNKJHMFFLE88CC,翁公園段,602.00,都市：農
RPSNMLNKJHMFFLE88CC,翁公園段,430.00,都市：農
RPSNMLNKJHMFFLE88CC,翁公園段,537.50,都市：農
RPWOMLQKJHMFFEE98CC,加昌段,645.00,都市：住
RPXOMLQKJHMFFEE09CC,新庄段十二小段,124.00,都市：住
RPQOMLTJJHMFFAE18CC,龍中段,29.02,都市：商
RPQPMLQKJHMFFEE48CC,新庄段十三小段,.00,都市：商
RPQPMLQKJHMFFEE48CC,新庄段十三小段,.00,都市：商
RPQNMLQKJHMFFGE48CC,鳳山段縣口小段,113.00,都市：住
RPPNMLQKJHMFFGE38CC,明頂段,68.00,都市：住
RPRNMLQKJHMFFEE48DC,新庄段二小段,28.16,都市：住
RPTOMLQKJHMFFBE48DC,大統段二小段,25.00,都市：商
RPWNMLQKJHMFFGE09CC,新甲段,.00,都市：住
RPUOMLQKJHMFFGE98CC,福誠段,10175.65,非都市： ; 非都市編定：
RPPOMLNKJHMFFAE57CC,龍中段,16.94,都市：住
RPVNMLRKJHMFFGE09CC,新庄子段,62.92,都市：住
RPWOMLRKJHMFFIE86CC,育才段,50.89,都市：住
RPQOMLRKJHMFFEE48CC,新民段,810.36,都市：住
RPQOMLRKJHMFFEE48CC,新民段,780.53,都市：住
RPSOMLRKJHMFFDE58CC,澄東段,21.02,都市：住
RPQPMLRKJHMFFDE48CC,中華段二小段,.00,都市：商
RPSPMLRKJHMFFDE68CC,大港段三小段,81.00,都市：住
RPUOMLRKJHMFFCE68CC,獅甲段一小段,37.07,都市：住
RPTNMLSKJHMFFCE58CC,愛群段,10.01,都市：商
RPTNMLSKJHMFFCE58CC,愛群段,10.01,都市：商
RPWQMLSKJHMFFCE56CC,愛群段,10.19,都市：商
RPXNMLSKJHMFFCE98CC,店鎮段一小段,39.97,都市：住
RPVNMLQKJHMFFAE38CC,龍北段,2275.44,都市：住
RPSNMLQKJHMFFAE08CC,青海段,118.00,都市：商
RPQOMLRKJHMFFAE08CC,青海段,31.80,都市：住
RPPNMLSKJHMFFAE97CC,青海段,26.68,都市：住
RPVNMLSKJHMFFAE58CC,龍華段九小段,.00,都市：住
RPSOMLRKJHMFFBE38CC,林德官段一小段,13.90,都市：商
RPROMLRKJHMFFBE28CC,正明段,.00,都市：住
RPRNMLSKJHMFFAE18CC,青海段,20.20,都市：住
RPXNMLSKJHMFFBE88CC,意誠段,.00,都市：商
RPRNMLSKJHMFFBE28CC,五塊厝段,13.26,都市：商
RPSNMLSKJHMFFBE38CC,意誠段,13.55,都市：商
RPPNMLSKJHMFFBE08CC,五塊厝段,6.82,都市：商
RPTOMLSKJHMFFBE58CC,新興段二小段,.00,都市：商
RPQOMLSKJHMFFDE48CC,澄清段二小段,126.00,都市：住
RPUNMLSKJHMFFDE78CC,大港段,35.23,都市：住
RPOOMLSKJHMFFDE28CC,獅頭段一小段,77.00,都市：商
RPOOMLSKJHMFFDE28CC,獅頭段一小段,77.00,都市：商
RPRNMLSKJHMFFDE48CC,三塊厝段三小段,16.81,都市：住
RPQNMLSKJHMFFEE48CC,新庄段十三小段,6.21,都市：商
RPRNMLSKJHMFFEE58CC,福山段,10.30,都市：商
RPWOMLSKJHMFFEE56CC,新庄段十二小段,29.38,都市：住
RPWOMLSKJHMFFEE56CC,新庄段十二小段,27.47,都市：住
RPRPMLSKJHMFFGE98CC,青年段,252.22,都市：住
RPVOMLSKJHMFFGE66CC,七老爺段,100.00,都市：農
RPUNMLTKJHMFFGE56CC,文英段,5.46,都市：住
RPVOMLSKJHMFFBE78CC,大統段一小段,.00,非都市： ; 非都市編定：
RPUOMLSKJHMFFBE68CC,新興段二小段,145.00,都市：商
RPOOMLSKJHMFFBE08CC,意誠段,.00,都市：商
RPXOMLTKJHMFFFE86CC,鳳雄段,.00,非都市：一般農業區 ; 非都市編定：農牧用地
RPPOMLTKJHMFFCE38CC,盛興段,12.87,都市：住
RPOPMLTKJHMFFAE18CC,龍水段一小段,25.46,都市：商
RPRNMLTKJHMFFDE58CC,三塊厝段三小段,517.00,都市：住
RPWOMLTKJHMFFCE09CC,桂林段,119.00,都市：住
RPROMLKLJHMFFLE68CC,潮寮北段,330.57,都市：農
RPSPMLKLJHMFFDE08CC,三塊厝段四小段,34.57,都市：住
RPPPMLTKJHMFFBE38CC,過田子段,59.00,都市：商
RPQPMLTKJHMFFBE48CC,武聖段,78.00,都市：住
RPUOMLTKJHMFFBE78CC,意誠段,.00,都市：商
RPOPMLTKJHMFFBE28CC,林德官段,.00,都市：商
RPUOMLKLJHMFFEE28CC,新庄段十三小段,10.40,都市：商
RPUNMLKLJHMFFBE87CC,新興段三小段,.00,非都市： ; 非都市編定：
RPOOMLNLJHMFFAE57CC,龍華段六小段,130.38,都市：住
RPXOMLTKJHMFFBE09CC,林德官段二小段,.00,都市：商
RPXOMLTKJHMFFBE09CC,林德官段二小段,.00,都市：住
RPPNMLLLJHMFFAE37CC,青海段,231.27,都市：住
RPXNMLNLJHMFFGE98CC,道爺段下菜園小段,68.00,都市：住
RPXNMLNLJHMFFGE98CC,道爺段下菜園小段,68.00,都市：住
RPORMLNLJHMFFDE18CC,鼎盛段,23.57,都市：住
RPXOMLNLJHMFFLE07DC,山子頂段,.00,都市：農
RPSOMLNLJHMFFBE08CC,成功段,15.00,都市：商
RPSOMLNLJHMFFBE08CC,成功段,63.00,都市：商
RPWNMLKLJHMFFGE58CC,竹子腳段,39.10,都市：住
RPTPMLSKJHMFFGE56CC,鳳甲段,.00,都市：住
RPSNMLKLJHMFFGE18CC,文山段,33.00,都市：住
RPWOMLNLJHMFFBE48CC,新興段二小段,11.92,都市：商
RPTOMLNLJHMFFEE48CC,新庄段六小段,80.00,都市：住
RPXOMLOLJHMFFDE88CC,長明段,60.37,都市：商
RPQOMLOLJHMFFGE48CC,新甲段,83.00,都市：住
RPOQMLOLJHMFFEE28CC,藍田西段,8.82,都市：商
RPWNMLOLJHMFFFE88CC,瓊西段,243.71,都市：工
RPWNMLOLJHMFFFE88CC,瓊西段,231.04,都市：工
RPUOMLOLJHMFFDE58CC,寶國段,2.37,都市：商
RPRNMLOLJHMFFBE97CC,苓雅寮段,.00,都市：住
RPUNMLOLJHMFFBE28CC,林德官段一小段,.00,都市：住
RPROMLOLJHMFFCE18CC,愛群段,8.29,都市：商
RPROMLOLJHMFFCE18CC,愛群段,8.68,都市：商
RPUOMLOLJHMFFCE48CC,愛群段,5.91,都市：住
RPSOMLOLJHMFFCE28CC,獅甲段,.97,都市：住
RPSOMLOLJHMFFCE28CC,獅甲段,.31,都市：住
RPVOMLOLJHMFFCE58CC,愛群段,6.77,都市：住
RPWNMLOLJHMFFBE48CC,意誠段,.00,都市：商
RPSNMLOLJHMFFCE18CC,憲德段二小段,16.58,都市：住
RPROMLOLJHMFFBE08CC,苓洲段,14.75,都市：住
RPUOMLOLJHMFFBE38CC,成功段,15.22,都市：住
RPPPMLOLJHMFFBE97CC,意誠段,9.21,都市：住
RPXOMLOLJHMFFCE78CC,獅甲段二小段,14.17,都市：住
RPPPMLOLJHMFFCE08CC,獅甲段,.97,都市：住
RPPPMLOLJHMFFCE08CC,獅甲段,.31,都市：住
RPWOMLPLJHMFFCE78CC,店鎮段二小段,9.44,都市：住
RPXPMLOLJHMFFCE88CC,莊段,803.00,都市：商
RPXPMLOLJHMFFCE88CC,莊段,13.00,都市：商
RPSPMLOLJHMFFCE38CC,獅甲段,.31,都市：住
RPSPMLOLJHMFFCE38CC,獅甲段,.97,都市：住
RPQPMLOLJHMFFCE18CC,憲德段二小段,17.56,都市：住
RPPQMLPLJHMFFCE28CC,竹北段,.00,非都市： ; 非都市編定：
RPQOMLPLJHMFFAE97CC,青海段,5091.00,都市：商
RPVNMLPLJHMFFAE38CC,龍華段八小段,.00,都市：商
RPUNMLOLJHMFFAE18CC,龍華段六小段,130.38,都市：住
RPUOMLPLJHMFFIE56CC,仁營段,567.00,都市：農
RPXOMLPLJHMFFGE66CC,七老爺段,330.57,都市：農
RPPPMLPLJHMFFGE58CC,鳳頂段,385.52,都市：住
RPXNMLPLJHMFFBE68CC,大統段一小段,.00,都市：商
RPTNMLPLJHMFFBE28CC,五塊厝段,.00,都市：商
RPWNMLPLJHMFFBE58CC,意誠段,.00,都市：商
RPOPMLPLJHMFFBE97CC,林德官段,.00,都市：商
RPOPMLPLJHMFFBE97CC,林德官段,.00,都市：商
RPOPMLPLJHMFFBE97CC,林德官段,.00,都市：商
RPVNMLPLJHMFFBE58DC,林德官段二小段,23.23,都市：住
RPVNMLPLJHMFFBE58DC,林德官段二小段,23.23,都市：住
RPTNMLQLJHMFFDE58CC,大港段三小段,66.00,都市：住
RPUNMLPLJHMFFDE58CC,大港段四小段,819.00,都市：住
RPUNMLPLJHMFFDE58CC,大港段四小段,6.00,都市：其他
RPVQMLPLJHMFFDE98CC,三塊厝段一小段,2.99,都市：商
RPXPMLPLJHMFFEE56CC,福山段,595.04,都市：住
RPXPMLQLJHMFFEE66CC,福山段,1396.00,都市：住
RPPQMLPLJHMFFEE48CC,藍田東段,99.90,都市：住
RPTOMLQLJHMFFEE78CC,菜公段六小段,12.74,都市：住
RPTOMLQLJHMFFFE88CC,建樹段,97.90,都市：商
RPTOMLQLJHMFFFE88CC,建樹段,169.87,都市：商
RPTOMLQLJHMFFFE88CC,建樹段,8.68,都市：商
RPPPMLQLJHMFFGE68CC,鳳青段,524.90,都市：住
RPSNMLQLJHMFFBE28CC,意誠段,4.02,都市：商
RPVNMLQLJHMFFBE58CC,意誠段,.00,都市：商
RPUNMLQLJHMFFBE48CC,意誠段,.00,都市：商
RPVNMLPLJHMFFCE68DC,愛群段,17.23,都市：商
RPWNMLQLJHMFFJE86CC,智仁段,78.81,都市：住
RPUNMLQLJHMFFJE66CC,忠孝段,53.51,都市：住
RPUNMLQLJHMFFJE66CC,忠孝段,43.32,都市：住
RPROMLQLJHMFFJE09CC,中興段,9.91,都市：住
RPROMLQLJHMFFJE09CC,中興段,9.91,都市：住
