﻿鄉鎮市區,交易標的,土地區段位置建物區段門牌,土地面積平方公尺,都市土地使用分區,非都市土地使用分區,非都市土地使用編定,租賃年月日,租賃筆棟數,租賃層次,總樓層數,建物型態,主要用途,主要建材,建築完成年月,建物總面積平方公尺,建物現況格局-房,建物現況格局-廳,建物現況格局-衛,建物現況格局-隔間,有無管理組織,有無附傢俱,總額元,單價元平方公尺,車位類別,車位面積平方公尺,車位總額元,備註,編號
The villages and towns urban district,transaction sign,land sector position building sector house number plate,land shifting total area square meter,the use zoning or compiles and checks,the non-metropolis land use district,non-metropolis land use,transaction year month and day,transaction pen number,shifting level,total floor number,building state,main use,main building materials,construction to complete the years,building shifting total area,Building present situation pattern - room,building present situation pattern - hall,building present situation pattern - health,building present situation pattern - compartmented,Whether there is manages the organization,Whether there is attaches the furniture,total price NTD,the unit price (NTD / square meter),the berth category,berth shifting total area square meter,the berth total price NTD,the note,serial number
竹北市,建物,新竹縣竹北市成功八路181~210號,0.0,住,,,1051021,土地0建物1車位2,十二層,19,住宅大樓(11層含以上有電梯),住家用,鋼筋混凝土造,1001128,226.76,4,2,2,有,有,有,18000,79,坡道機械,0.0,0,,RPTOMLMJJILFFBJ38CC
竹北市,建物,新竹縣竹北市科大一路181~210號,0.0,住,,,1051020,土地0建物1車位1,五層,13,住宅大樓(11層含以上有電梯),住家用,鋼筋混凝土造,1010531,166.62,3,2,2,有,有,有,18000,108,坡道平面,0.0,0,租金含管,RPVOMLMJJILFFBJ58CC
新豐鄉,房地(土地+建物),新竹縣新豐鄉博學街121~150號,71.88,住,,,1051101,土地1建物1車位0,全,3,透天厝,見其他登記事項,鋼筋混凝土造,0931128,152.37,4,2,5,有,無,無,18000,118,,0.0,0,,RPQNMLMJJILFFDJ18CC
竹北市,建物,新竹縣竹北市嘉豐十路1~30號,0.0,商,,,1051022,土地0建物1車位1,五層,13,住宅大樓(11層含以上有電梯),商業用,鋼筋混凝土造,0970321,44.27,1,0,1,有,有,有,12500,282,坡道平面,0.0,0,租金含管理費.網路.第四台,RPRNMLNJJILFFBJ18CC
竹北市,建物,新竹縣竹北市六家五路二段271~300號,0.0,住,,,1051021,土地0建物1車位1,十層,25,住宅大樓(11層含以上有電梯),住家用,鋼筋混凝土造,1010924,292.8,4,2,2,有,有,有,23000,79,坡道平面,0.0,0,,RPSNMLNJJILFFBJ28CC
竹北市,建物,新竹縣竹北市莊敬六街1~30號,0.0,商,,,1051024,土地0建物1車位1,四層,15,住宅大樓(11層含以上有電梯),住家用,鋼筋混凝土造,0941114,155.5,3,2,2,有,有,無,16000,103,坡道平面,0.0,0,續租,RPTNMLNJJILFFBJ38CC
竹北市,建物,新竹縣竹北市十興路305巷13弄1~30號,0.0,住,,,1051022,土地0建物1車位1,全,5,透天厝,住家用,鋼筋混凝土造,0880205,227.14,4,2,3,有,有,有,18000,79,坡道平面,0.0,0,續租,RPUNMLNJJILFFBJ48CC
竹北市,建物,新竹縣竹北市縣政一路31~60號,0.0,住,,,1051013,土地0建物1車位1,三層,6,華廈(10層含以下有電梯),住家用,鋼筋混凝土造,0930902,75.85,2,2,1,有,有,有,15000,198,坡道機械,0.0,0,租金含管.網路.第四台續租,RPWNMLNJJILFFBJ68CC
竹北市,建物,新竹縣竹北市新瀧一街1~30號,0.0,商,,,1051026,土地0建物1車位1,五層,24,住宅大樓(11層含以上有電梯),住家用,鋼筋混凝土造,1050126,159.51,3,2,2,有,有,有,19000,119,坡道平面,0.0,0,,RPOOMLNJJILFFBJ97CC
竹北市,建物,新竹縣竹北市自強六街1~30號,0.0,商,,,1051022,土地0建物1車位1,五層,10,華廈(10層含以下有電梯),商業用,鋼筋混凝土造,0940721,87.58,3,2,2,有,有,有,15000,171,坡道機械,0.0,0,租金含管,RPQOMLNJJILFFBJ18CC
竹北市,建物,新竹縣竹北市成功八路181~210號,0.0,住,,,1051024,土地0建物1車位2,十層,19,住宅大樓(11層含以上有電梯),住家用,鋼筋混凝土造,1031009,259.57,3,2,2,有,有,有,23800,92,坡道平面,0.0,0,附部份傢俱,RPROMLNJJILFFBJ28CC
竹北市,建物,新竹縣竹北市六家一路一段121~150號,0.0,商,,,1051027,土地0建物1車位1,二層,15,套房(1房1廳1衛),住家用,鋼筋混凝土造,1000707,104.37,1,1,1,有,有,有,16000,153,坡道平面,0.0,0,租金含管.網路.第四台,RPSOMLNJJILFFBJ38CC
竹北市,建物,新竹縣竹北市高鐵二路158巷1~30號,0.0,住,,,1051029,土地0建物1車位1,九層,15,住宅大樓(11層含以上有電梯),住家用,鋼筋混凝土造,0980311,230.12,3,2,2,有,有,有,27800,121,坡道平面,0.0,0,租金含管理費,RPTOMLNJJILFFBJ48CC
竹北市,建物,新竹縣竹北市三民路121~150號,0.0,住,,,1051015,土地0建物1車位1,二層,7,華廈(10層含以下有電梯),住家用,鋼筋混凝土造,0820818,162.25,3,2,2,有,無,有,16000,99,升降機械,0.0,0,租金不含管理費租賃期間105/11/1~106/10/30,RPWOMLNJJILFFBJ78CC
竹北市,建物,新竹縣竹北市光明六路東二段301~330號,0.0,住,,,1051019,土地0建物1車位2,二十層,22,住宅大樓(11層含以上有電梯),住家用,鋼筋混凝土造,1021107,253.17000000000002,3,2,2,有,有,有,31000,122,坡道平面,0.0,0,租金內含管理費租期:105/11/1~106/10/31,RPPPMLNJJILFFBJ18CC
竹北市,建物,新竹縣竹北市興隆路一段31~60號,0.0,住,,,1051108,土地0建物1車位1,十四層,15,住宅大樓(11層含以上有電梯),住家用,鋼筋混凝土造,1011012,181.72,3,2,2,有,有,有,22000,121,坡道平面,0.0,0,,RPUNMLSJJILFFBJ98CC
竹北市,建物,新竹縣竹北市莊敬三街241~270號,0.0,商,,,1050924,土地0建物1車位1,十八層,29,住宅大樓(11層含以上有電梯),住家用,鋼筋混凝土造,1040417,131.66,3,2,2,有,有,無,19000,144,坡道平面,0.0,0,,RPTQMLSJJILFFBJ56CC
竹北市,建物,新竹縣竹北市勝利八街二段31~60號,0.0,住,,,1051015,土地0建物1車位2,一層,14,店面(店鋪),商業用,鋼筋混凝土造,1010625,179.05,0,0,0,無,有,無,27000,151,坡道平面,0.0,0,,RPURMLSJJILFFBJ76CC
竹北市,房地(土地+建物),新竹縣竹北市自強南路241~270號,67.97,其他,,,1051107,土地2建物1車位0,全,5,透天厝,住家用,鋼筋混凝土造,0970325,204.65,4,2,3,有,無,有,25000,122,,0.0,0,,RPXRMLSJJILFFBJ07CC
竹北市,建物,新竹縣竹北市興隆路一段1~30號,0.0,住,,,1050923,土地0建物1車位2,二層,14,住宅大樓(11層含以上有電梯),住家用,鋼筋混凝土造,1000904,208.63,2,2,2,有,有,有,26000,125,坡道平面,0.0,0,,RPTSMLSJJILFFBJ76CC
竹北市,建物,新竹縣竹北市莊敬五街61~90號,0.0,商,,,1050909,土地0建物1車位1,五層,15,住宅大樓(11層含以上有電梯),住家用,鋼筋混凝土造,0950519,184.53,4,2,3,有,有,有,26000,141,坡道平面,0.0,0,,RPPTMLSJJILFFBJ09CC
竹北市,建物,新竹縣竹北市縣政十一街61~90號,0.0,住,,,1050826,土地0建物1車位2,三層,10,華廈(10層含以下有電梯),住家用,鋼筋混凝土造,0971105,247.11,4,2,2,有,有,有,30000,121,坡道平面,0.0,0,,RPTTMLSJJILFFBJ86CC
竹北市,建物,新竹縣竹北市嘉豐二街二段61~90號,0.0,住,,,1051021,土地0建物1車位0,一層,12,店面(店鋪),商業用,鋼筋混凝土造,0950907,123.07,2,2,2,有,有,無,35000,284,坡道平面,0.0,0,,RPWTMLSJJILFFBJ17CC
竹北市,建物,新竹縣竹北市聯發街1~30號,0.0,住,,,1050906,土地0建物1車位1,五層,14,住宅大樓(11層含以上有電梯),住家用,鋼筋混凝土造,1040519,132.81,2,2,1,有,有,有,17000,128,坡道平面,0.0,0,,RPXTMLSJJILFFBJ27CC
竹北市,建物,新竹縣竹北市六家七路61~90號,0.0,住,,,1050909,土地0建物1車位1,九層,14,住宅大樓(11層含以上有電梯),住家用,鋼筋混凝土造,0970927,160.67000000000002,3,2,2,有,有,無,20000,124,坡道平面,0.0,0,,RPPUMLSJJILFFBJ56CC
竹北市,建物,新竹縣竹北市新光一街31~60號,0.0,住,,,1051015,土地0建物1車位1,八層,13,住宅大樓(11層含以上有電梯),住家用,鋼筋混凝土造,1030826,120.85,2,2,1,有,有,有,21000,174,坡道平面,0.0,0,,RPQUMLSJJILFFBJ66CC
竹北市,建物,新竹縣竹北市莊敬五街151~180號,0.0,商,,,1050827,土地0建物1車位1,二十一層,23,住宅大樓(11層含以上有電梯),住家用,鋼筋混凝土造,1030501,186.01,3,2,2,有,有,有,20000,108,坡道平面,0.0,0,,RPRUMLSJJILFFBJ76CC
竹北市,建物,新竹縣竹北市東興路一段211~240號,0.0,,特定農業區,甲種建築用地,1051028,土地0建物1車位0,全,4,透天厝,住家用,鋼筋混凝土造,0800930,67.34,4,1,1,有,無,有,16000,238,,0.0,0,,RPSUMLSJJILFFBJ86CC
竹北市,建物,新竹縣竹北市勝利五路31~60號,0.0,住,,,1050830,土地0建物1車位0,一層,4,店面(店鋪),住商用,鋼筋混凝土造,0980122,73.3,0,0,0,無,無,無,31000,423,,0.0,0,,RPTUMLSJJILFFBJ96CC
竹北市,建物,新竹縣竹北市華興街61~90號,0.0,住,,,1051007,土地0建物1車位0,三層,8,華廈(10層含以下有電梯),住家用,鋼筋混凝土造,0830622,133.53,3,2,2,有,有,無,10000,75,,0.0,0,,RPUUMLSJJILFFBJ07CC
竹北市,建物,新竹縣竹北市環北路一段91~120號,0.0,住,,,1050923,土地0建物1車位0,三層,8,華廈(10層含以下有電梯),住家用,鋼筋混凝土造,1041026,150.45,2,2,2,有,有,無,15000,100,,0.0,0,,RPVUMLSJJILFFBJ17CC
竹北市,建物,新竹縣竹北市成功一街61~90號,0.0,商,,,1051109,土地0建物1車位1,六層,14,住宅大樓(11層含以上有電梯),住家用,鋼筋混凝土造,0930524,133.26,3,2,2,有,有,有,18000,135,坡道平面,0.0,0,,RPOQMLTJJILFFBJ78CC
湖口鄉,房地(土地+建物),新竹縣湖口鄉中山路二段50巷1~30號,26.72,住,,,1051012,土地1建物1車位0,三層,5,公寓(5樓含以下無電梯),住家用,鋼筋混凝土造,0831216,155.33,3,2,2,有,無,有,8500,55,,0.0,0,,RPQNMLTJJILFFDJ98DC
竹東鎮,建物,新竹縣竹東鎮富榮街95巷1~30號,0.0,,,,1051031,土地0建物0車位0,三層,4,套房(1房1廳1衛),見其他登記事項,鋼筋混凝土造,1040120,26.48,1,1,1,有,無,有,8500,321,,0.0,0,,RPVNMLTJJILFFCJ66CC
關西鎮,房地(土地+建物),新竹縣關西鎮北平路481~510號,709.82,住,,,1051101,土地5建物1車位0,見其他登記事項,2,店面(店鋪),商業用,鋼筋混凝土造,0930826,432.4,0,0,0,無,無,無,50000,116,,0.0,0,,RPWPMLTJJILFFBJ96DC
竹北市,建物,新竹縣竹北市環北路一段91~120號,0.0,住,,,1050921,土地0建物1車位1,四層,8,華廈(10層含以下有電梯),住家用,鋼筋混凝土造,1041026,155.12,3,2,2,有,有,有,17300,112,坡道平面,0.0,1500,,RPTNMLKKJILFFBJ18CC
竹北市,建物,新竹縣竹北市隘口八街91~120號,0.0,住,,,1051010,土地0建物1車位2,八層,15,住宅大樓(11層含以上有電梯),住家用,鋼筋混凝土造,0970723,223.11,4,2,2,有,有,無,24000,108,坡道平面,0.0,0,租金含管.二代健保.稅金續租,RPTOMLKKJILFFBJ28CC
竹東鎮,房地(土地+建物),新竹縣竹東鎮北興路三段561巷1~30號,98.25,住,,,1051022,土地1建物1車位0,全,4,透天厝,見其他登記事項,鋼筋混凝土造,1031202,226.93,5,2,4,有,無,有,32000,141,,0.0,0,,RPWNMLLKJILFFCJ68CC
竹北市,建物,新竹縣竹北市文興路151~180號,0.0,商,,,1051111,土地0建物1車位2,十四層,19,住宅大樓(11層含以上有電梯),住家用,鋼筋混凝土造,1000510,296.15,3,2,3,有,有,有,30000,101,坡道平面,0.0,0,,RPSNMLOKJILFFBJ48CC
竹北市,建物,新竹縣竹北市嘉興二街1~30號,0.0,住,,,1051114,土地0建物1車位1,三層,14,住宅大樓(11層含以上有電梯),住家用,鋼筋混凝土造,1040901,114.77,2,2,1,有,有,有,20000,174,坡道平面,0.0,0,,RPRNMLPKJILFFBJ48CC
竹北市,建物,新竹縣竹北市縣政十街186巷1弄1~30號,0.0,住,,,1051014,土地0建物1車位0,全,4,透天厝,住家用,鋼筋混凝土造,0860517,151.9,4,2,2,有,無,有,15000,99,,0.0,0,,RPTNMLPKJILFFBJ68CC
竹北市,土地,自強段61~90地號,2293.28,住,,,1051005,土地2建物0車位0,,,其他,,,,0.0,0,0,0,有,無,無,100000,44,,0.0,0,,RPUNMLPKJILFFBJ78CC
竹北市,建物,新竹縣竹北市嘉興路338巷1~30號,0.0,住,,,1051030,土地0建物1車位1,十二層,12,住宅大樓(11層含以上有電梯),住家用,鋼筋混凝土造,1030228,136.88,2,2,1,有,有,有,19000,139,坡道平面,0.0,0,,RPOPMLPKJILFFBJ38CC
竹北市,建物,新竹縣竹北市博愛街481~510號,0.0,商,,,1051115,土地0建物1車位0,一層,14,住宅大樓(11層含以上有電梯),住商用,鋼筋混凝土造,0970627,100.06,0,0,0,無,有,無,30500,305,,0.0,0,,RPTNMLRKJILFFBJ88CC
竹北市,建物,新竹縣竹北市環北路一段91~120號,0.0,住,,,1051101,土地0建物1車位1,二層,8,華廈(10層含以下有電梯),住家用,鋼筋混凝土造,1041026,150.45,3,2,2,有,有,無,18500,123,坡道平面,0.0,1500,,RPVNMLRKJILFFBJ09CC
竹北市,建物,新竹縣竹北市六家五路一段211~240號,0.0,商,,,1051108,土地0建物1車位1,二層,14,住宅大樓(11層含以上有電梯),住家用,鋼筋混凝土造,1030127,137.5,2,2,1,有,有,有,30000,218,坡道平面,0.0,0,,RPSPMLRKJILFFBJ98CC
竹東鎮,建物,新竹縣竹東鎮富榮街95巷1~30號,0.0,商,,,1051112,土地0建物0車位0,三層,4,套房(1房1廳1衛),見其他登記事項,鋼筋混凝土造,1040120,26.44,1,1,1,有,無,有,8000,303,,0.0,0,,RPPNMLSKJILFFCJ68CC
竹北市,建物,新竹縣竹北市中央路231巷1~30號,0.0,住,,,1051119,土地0建物1車位0,五層,7,華廈(10層含以下有電梯),住家用,鋼筋混凝土造,0820914,108.82,3,2,2,有,有,無,12000,110,,0.0,0,,RPOOMLLLJILFFBJ97CC
竹北市,房地(土地+建物),新竹縣竹北市三民路301~330號,66.68,住,,,1051117,土地1建物1車位0,全,4,透天厝,住商用,鋼筋混凝土造,0980122,248.32,0,0,0,無,無,有,102168,411,,0.0,0,,RPXPMLLLJILFFBJ98CC
竹北市,建物,新竹縣竹北市六家一路二段31~60號,0.0,住,,,1051117,土地0建物1車位2,十四層,14,住宅大樓(11層含以上有電梯),住家用,鋼筋混凝土造,1011025,218.26999999999998,3,2,2,有,有,有,38000,174,坡道平面,0.0,0,,RPSNMLMLJILFFBJ38CC
竹北市,房地(土地+建物),新竹縣竹北市六家七路228巷50弄1~30號,78.61,住,,,1051104,土地3建物1車位0,全,5,透天厝,住家用,鋼筋混凝土造,0960608,274.65,5,2,4,有,無,有,35000,127,,0.0,0,一樓可做停車使用,RPSOMLMLJILFFBJ48CC
竹北市,建物,新竹縣竹北市復興一街241~270號,0.0,住,,,1051121,土地0建物1車位0,一層,16,套房(1房1廳1衛),商業用,鋼筋混凝土造,0970915,93.25,1,1,1,有,有,無,18000,193,坡道平面,0.0,0,,RPXOMLSLJILFFBJ96CC
竹北市,建物,新竹縣竹北市六家一路一段121~150號,0.0,,,,1051124,土地0建物1車位0,三層,15,住宅大樓(11層含以上有電梯),住家用,鋼筋混凝土造,1000707,63.83,2,2,1,有,無,有,21000,329,,0.0,0,,RPRPMLSLJILFFBJ09CC
竹北市,建物,新竹縣竹北市成功十五街61~90號,0.0,住,,,1051121,土地0建物1車位0,三層,5,華廈(10層含以下有電梯),商業用,鋼筋混凝土造,1010104,106.68,0,0,0,無,無,無,20000,187,,0.0,0,,RPQQMLSLJILFFBJ09CC
竹北市,建物,新竹縣竹北市縣政二路451~480號,0.0,住,,,1051128,土地0建物1車位0,全,3,透天厝,住商用,鋼筋混凝土造,0880309,214.04,3,2,3,有,無,有,39000,182,,0.0,0,,RPRQMLSLJILFFBJ56CC
竹北市,建物,新竹縣竹北市成功十一街121~150號,0.0,住,,,1051109,土地0建物1車位2,十一層,14,住宅大樓(11層含以上有電梯),住家用,鋼筋混凝土造,1000128,234.89,4,2,2,有,有,有,25000,106,坡道平面,0.0,0,租金含管理費,RPSNMLTLJILFFBJ09CC
竹北市,建物,新竹縣竹北市莊敬六街1~30號,0.0,商,,,1051107,土地0建物1車位1,七層,15,住宅大樓(11層含以上有電梯),住家用,鋼筋混凝土造,0941114,136.10000000000002,3,2,2,有,有,有,16000,118,坡道平面,0.0,0,租金含管,RPTNMLTLJILFFBJ56CC
竹北市,建物,新竹縣竹北市六家五路一段151~180號,0.0,商,,,1051109,土地0建物1車位2,九層,13,住宅大樓(11層含以上有電梯),住家用,鋼筋混凝土造,1040828,187.41,3,2,2,有,有,有,25000,133,坡道平面,0.0,0,租金含管,RPWNMLTLJILFFBJ86CC
竹北市,建物,新竹縣竹北市六家六街18巷1~30號,0.0,住,,,1051110,土地0建物1車位0,全,5,透天厝,住家用,鋼筋混凝土造,0960827,221.1,3,2,4,有,有,有,27777,126,,0.0,0,租金含稅金,RPXNMLTLJILFFBJ96CC
竹北市,建物,新竹縣竹北市華興街91~120號,0.0,住,,,1051113,土地0建物1車位1,七層,7,華廈(10層含以下有電梯),住家用,鋼筋混凝土造,0830927,113.89,3,2,2,有,有,有,10500,92,坡道平面,0.0,0,,RPOOMLTLJILFFBJ78CC
竹北市,建物,新竹縣竹北市六家一路一段211~240號,0.0,住,,,1051112,土地0建物1車位2,八層,15,住宅大樓(11層含以上有電梯),住家用,鋼筋混凝土造,1030725,202.0,3,2,2,有,有,有,10000,50,坡道平面,0.0,0,,RPPOMLTLJILFFBJ88CC
竹北市,建物,新竹縣竹北市勝利二路91~120號,0.0,商,,,1051120,土地0建物1車位1,十五層,21,住宅大樓(11層含以上有電梯),住家用,鋼筋混凝土造,0930517,116.96000000000001,3,2,2,有,有,有,22000,188,坡道平面,0.0,0,租金含管,RPQOMLTLJILFFBJ98CC
竹北市,建物,新竹縣竹北市嘉祥一街22巷1~30號,0.0,住,,,1051116,土地0建物1車位1,全,5,透天厝,住家用,鋼筋混凝土造,0920412,119.41,3,2,2,有,有,有,15000,126,坡道平面,0.0,0,租金含管續租,RPROMLTLJILFFBJ09CC
竹北市,建物,新竹縣竹北市臺元街31~60號,0.0,住,,,1051110,土地0建物1車位1,三層,14,住宅大樓(11層含以上有電梯),住家用,鋼筋混凝土造,0970627,135.35,4,2,2,有,有,有,23555,174,坡道平面,0.0,0,租金含稅.二代健保,RPSOMLTLJILFFBJ56CC
竹北市,建物,新竹縣竹北市六家五路一段241~270號,0.0,住,,,1051124,土地0建物1車位1,三層,14,住宅大樓(11層含以上有電梯),住家用,鋼筋混凝土造,1001202,109.11,2,2,2,有,有,有,17000,156,坡道機械,0.0,0,續租,RPTOMLTLJILFFBJ66CC
竹北市,建物,新竹縣竹北市福興東路一段121~150號,0.0,住,,,1051120,土地0建物1車位2,九層,15,住宅大樓(11層含以上有電梯),住家用,鋼筋混凝土造,0941201,345.44,4,2,2,有,有,有,45000,130,坡道平面,0.0,0,租金含稅續租,RPUOMLTLJILFFBJ76CC
竹北市,建物,新竹縣竹北市勝利八街一段211~240號,0.0,商,,,1051124,土地0建物1車位1,十七層,27,住宅大樓(11層含以上有電梯),住家用,鋼筋混凝土造,1050608,125.32,2,2,1,有,有,無,12000,96,坡道平面,0.0,0,,RPWOMLTLJILFFBJ96CC
竹北市,建物,新竹縣竹北市隘口六街121~150號,0.0,住,,,1051124,土地0建物1車位1,三層,12,住宅大樓(11層含以上有電梯),住家用,鋼筋混凝土造,0991231,108.02000000000001,3,2,2,有,有,有,21000,194,坡道平面,0.0,0,租金含管,RPOPMLTLJILFFBJ88CC
竹北市,建物,新竹縣竹北市莊敬南路31~60號,0.0,住,,,1051114,土地0建物1車位2,八層,12,住宅大樓(11層含以上有電梯),住家用,鋼筋混凝土造,0940531,184.51,3,2,2,有,有,有,22000,119,坡道平面,0.0,0,續租,RPQPMLTLJILFFBJ09CC
竹北市,建物,新竹縣竹北市嘉政五街1~30號,0.0,住,,,1051126,土地0建物1車位2,十層,14,住宅大樓(11層含以上有電梯),住家用,鋼筋混凝土造,1020329,258.07,3,2,2,有,有,無,25000,97,坡道平面,0.0,0,,RPRPMLTLJILFFBJ56CC
竹北市,建物,新竹縣竹北市福興東路二段31~60號,0.0,住,,,1051127,土地0建物1車位2,十一層,13,住宅大樓(11層含以上有電梯),住家用,鋼筋混凝土造,1050311,225.63,3,2,2,有,有,有,24000,106,坡道平面,0.0,0,,RPSPMLTLJILFFBJ66CC
竹北市,建物,新竹縣竹北市博愛街511~540號,0.0,商,,,1051126,土地0建物1車位1,三層,10,華廈(10層含以下有電梯),住家用,鋼筋混凝土造,0900903,105.45,3,2,2,有,有,有,16000,152,坡道平面,0.0,0,租金含管,RPTPMLTLJILFFBJ76CC
竹北市,建物,新竹縣竹北市勝利二街121~150號,0.0,商,,,1051125,土地0建物1車位1,十三層,21,住宅大樓(11層含以上有電梯),住家用,鋼筋混凝土造,0930517,123.34,4,2,2,有,有,有,26000,211,坡道平面,0.0,0,,RPQOMLLJKILFFBJ08CC
竹北市,建物,新竹縣竹北市自強南路59巷1~30號,0.0,住,,,1051129,土地0建物1車位1,九層,14,套房(1房1廳1衛),住家用,鋼筋混凝土造,0930611,75.82000000000001,2,2,1,有,有,有,16000,211,坡道平面,0.0,0,租金含管.網路.第四台,RPWNMLMJKILFFBJ68CC
竹北市,建物,新竹縣竹北市莊敬北路91~120號,0.0,商,,,1051120,土地0建物1車位0,一層,11,店面(店鋪),商業用,鋼筋混凝土造,0940331,74.37,0,0,0,無,有,無,30000,403,,0.0,0,,RPSOMLPJKILFFBJ78DC
竹北市,建物,新竹縣竹北市復興三路二段61~90號,0.0,農,,,1051201,土地0建物1車位0,見其他登記事項,13,店面(店鋪),商業用,鋼筋混凝土造,0970321,166.44,0,0,0,無,有,無,30000,180,,0.0,0,租1+2樓+騎樓  租金第三年度起調漲為32000元/月 第五年起調漲為35000元/月,RPQPMLQJKILFFBJ68CC
竹北市,建物,新竹縣竹北市勝利一路91~120號,0.0,住,,,1051130,土地0建物1車位1,十八層,21,住宅大樓(11層含以上有電梯),住家用,鋼筋混凝土造,0930517,124.0,2,2,2,有,有,有,27812,224,坡道平面,0.0,0,租金含管理費.租賃稅.二代健保,RPQNMLTJKILFFBJ78CC
竹北市,建物,新竹縣竹北市文興路一段61~90號,0.0,住,,,1051029,土地0建物1車位0,全,5,透天厝,住家用,鋼筋混凝土造,0971123,112.84,0,0,0,無,無,有,18000,160,,0.0,0,,RPQQMLMKKILFFBJ58DC
竹東鎮,房地(土地+建物),新竹縣竹東鎮中興路二段101巷1~30號,66.02,,特定農業區,丁種建築用地,1051121,土地1建物1車位0,十層,14,華廈(10層含以下有電梯),見其他登記事項,鋼筋混凝土造,1020822,159.9,4,2,3,有,有,無,18000,113,,0.0,0,,RPSNMLNKKILFFCJ58CC
竹北市,房地(土地+建物)+車位,新竹縣竹北市光明六路東二段331~360號,38.07,其他,,,1051112,土地1建物1車位1,一層,22,店面(店鋪),住商用,鋼筋混凝土造,1021107,200.42000000000002,0,0,2,有,有,無,28000,140,坡道平面,0.0,0,,RPOSMLNKKILFFBJ58CC
竹北市,建物,新竹縣竹北市環北路一段361~390號,0.0,工,,,1051201,土地0建物1車位0,見其他登記事項,3,工廠,工業用,鋼筋混凝土造,0960302,463.38,0,0,0,無,無,無,88000,,,0.0,0,,RPXQMLKLKILFFBJ09CC
竹北市,建物,新竹縣竹北市六家五路二段181~210號,0.0,住,,,1051211,土地0建物1車位1,四層,15,住宅大樓(11層含以上有電梯),住家用,鋼筋混凝土造,0980504,95.14,3,2,2,有,有,有,20000,210,坡道平面,0.0,0,租金含管,RPQOMLMLKILFFBJ38CC
竹北市,建物,新竹縣竹北市六家一路一段211~240號,0.0,住,,,1051207,土地0建物1車位1,四層,14,住宅大樓(11層含以上有電梯),住家用,鋼筋混凝土造,1030127,85.1,2,2,1,有,有,有,16000,188,坡道平面,0.0,0,續租,RPUOMLMLKILFFBJ78CC
竹北市,建物,新竹縣竹北市高鐵七路61~90號,0.0,住,,,1051208,土地0建物1車位0,十七層,18,住宅大樓(11層含以上有電梯),商業用,鋼筋混凝土造,0990208,44.37,1,0,1,有,有,有,11000,248,,0.0,0,租金含管.網路.第四台續租,RPWOMLMLKILFFBJ98CC
竹北市,建物,新竹縣竹北市福興一路31~60號,0.0,商,,,1051215,土地0建物1車位1,二十層,24,住宅大樓(11層含以上有電梯),住家用,鋼筋混凝土造,1030728,190.21,4,2,2,有,有,無,20000,105,坡道平面,0.0,0,,RPXOMLMLKILFFBJ09CC
竹北市,建物,新竹縣竹北市復興二路211~240號,0.0,商,,,1051212,土地0建物1車位1,四層,11,套房(1房1廳1衛),商業用,鋼筋混凝土造,0961204,62.980000000000004,1,0,1,有,有,有,11000,175,坡道平面,0.0,0,租金含管,RPPPMLMLKILFFBJ38CC
竹北市,建物,新竹縣竹北市聯發街1~30號,0.0,住,,,1051215,土地0建物1車位1,三層,14,住宅大樓(11層含以上有電梯),住家用,鋼筋混凝土造,1040519,132.81,2,2,1,有,有,有,20000,151,坡道平面,0.0,0,租金含管續租,RPQPMLMLKILFFBJ48CC
竹北市,建物,新竹縣竹北市嘉豐十路1~30號,0.0,商,,,1051217,土地0建物1車位0,十層,13,套房(1房1廳1衛),商業用,鋼筋混凝土造,0970321,33.589999999999996,1,1,1,有,有,有,9000,268,,0.0,0,租金含管.網路,RPSPMLMLKILFFBJ68CC
竹北市,建物,新竹縣竹北市成功八路151~180號,0.0,住,,,1051216,土地0建物1車位2,十一層,19,住宅大樓(11層含以上有電梯),住家用,鋼筋混凝土造,1031009,202.3,3,2,2,有,有,無,22000,109,坡道平面,0.0,0,租金含管,RPXPMLMLKILFFBJ56CC
竹北市,建物,新竹縣竹北市文興路二段61~90號,0.0,住,,,1051222,土地0建物1車位1,十六層,19,住宅大樓(11層含以上有電梯),住家用,鋼筋混凝土造,0970201,271.35,4,2,2,有,有,有,36000,133,坡道平面,0.0,0,,RPSQMLMLKILFFBJ78CC
竹北市,建物,新竹縣竹北市新瀧一街1~30號,0.0,住,,,1051216,土地0建物1車位1,十八層,24,住宅大樓(11層含以上有電梯),住家用,鋼筋混凝土造,1050126,159.51,3,2,2,有,有,有,17000,107,坡道平面,0.0,0,,RPSOMLNLKILFFBJ68CC
竹北市,建物,新竹縣竹北市莊敬五街151~180號,0.0,,,,1051229,土地0建物1車位1,十四層,23,住宅大樓(11層含以上有電梯),住家用,鋼筋混凝土造,1030501,237.7,4,2,2,有,有,有,30000,126,坡道平面,47.01,0,,RPUTMLKMKILFFBJ56CC
竹北市,建物,新竹縣竹北市光明六路東一段271~300號,0.0,商,,,1051221,土地0建物1車位0,十五層,23,住宅大樓(11層含以上有電梯),住家用,鋼筋混凝土造,0960528,319.64,4,2,3,有,有,有,40000,125,坡道平面,0.0,0,,RPTPMLNJJHMFFBJ58CC
竹北市,建物,新竹縣竹北市高鐵七路61~90號,0.0,商,,,1051230,土地0建物2車位2,七層,18,住宅大樓(11層含以上有電梯),商業用,鋼筋混凝土造,0990208,326.81,0,0,0,無,有,無,48000,147,坡道平面,74.92,0,辦公室使用,RPVWMLOJJHMFFBJ96CC
竹北市,建物,新竹縣竹北市嘉豐十一路二段1~30號,0.0,,,,1051212,土地0建物1車位1,一層,19,店面(店鋪),商業用,鋼筋混凝土造,0970201,248.38,0,0,2,有,有,無,36118,145,坡道平面,30.66,0,,RPQQMLQJJHMFFBJ68CC
竹北市,建物,新竹縣竹北市成功十三街1~30號,0.0,住,,,1051229,土地0建物1車位1,二層,10,華廈(10層含以下有電梯),見其他登記事項,鋼筋混凝土造,1040604,136.03,0,0,0,無,有,無,19500,143,坡道平面,0.0,0,,RPSRMLQJJHMFFBJ98CC
湖口鄉,房地(土地+建物),新竹縣湖口鄉明德街21巷10弄1~30號,31.69,住,,,1060109,土地1建物1車位0,四層,6,華廈(10層含以下有電梯),住家用,鋼筋混凝土造,0830217,83.9,3,2,2,有,無,有,9000,107,,0.0,0,,RPVOMLTJJHMFFDJ86CC
竹北市,建物,新竹縣竹北市莊敬六街1~30號,0.0,住,,,1051227,土地0建物1車位1,十四層,15,住宅大樓(11層含以上有電梯),住家用,鋼筋混凝土造,0941114,127.22,2,2,2,有,有,有,17000,134,坡道平面,0.0,0,租金含管,RPTNMLKKJHMFFBJ18CC
竹北市,建物,新竹縣竹北市嘉豐南路二段151~180號,0.0,住,,,1051211,土地0建物1車位1,二層,12,住宅大樓(11層含以上有電梯),住家用,鋼筋混凝土造,0961109,227.11,3,2,2,有,有,有,25000,110,坡道平面,0.0,0,租金含管,RPUNMLKKJHMFFBJ28CC
竹北市,建物,新竹縣竹北市莊敬六街1~30號,0.0,商,,,1060102,土地0建物1車位1,五層,15,住宅大樓(11層含以上有電梯),住家用,鋼筋混凝土造,0941114,111.52,2,2,2,有,有,無,16000,143,坡道平面,0.0,0,租金含管,RPVNMLKKJHMFFBJ38CC
竹北市,建物,新竹縣竹北市興隆路一段511~540號,0.0,住,,,1060110,土地0建物1車位2,十層,24,住宅大樓(11層含以上有電梯),住家用,鋼筋混凝土造,1020515,424.87,4,2,3,有,有,有,88693,209,坡道平面,0.0,0,續租租金含租賃稅.二代健保.網路.MOD費用,RPWNMLKKJHMFFBJ48CC
竹北市,建物,新竹縣竹北市自強六街1~30號,0.0,商,,,1060109,土地0建物1車位1,六層,11,住宅大樓(11層含以上有電梯),商業用,鋼筋混凝土造,0940721,97.01,3,2,2,有,有,有,21000,216,坡道平面,0.0,0,含管理費,RPXNMLKKJHMFFBJ58CC
竹北市,建物,新竹縣竹北市嘉豐十路1~30號,6.62,住,,,1051225,土地0建物1車位0,十二層,13,套房(1房1廳1衛),商業用,鋼筋混凝土造,0970321,24.61,1,1,1,有,無,有,13000,528,,0.0,0,,RPQOMLLKJHMFFBJ08CC
竹北市,建物,新竹縣竹北市東興路一段391~420號,0.0,住,,,1051222,土地0建物1車位1,八層,14,住宅大樓(11層含以上有電梯),住家用,鋼筋混凝土造,0950524,164.14999999999998,3,2,2,有,有,無,18000,110,坡道平面,0.0,0,,RPRNMLMKJHMFFBJ18CC
竹北市,建物,新竹縣竹北市文興路二段91~120號,0.0,商,,,1051227,土地0建物1車位0,一層,19,店面(店鋪),商業用,鋼筋混凝土造,0970201,229.13,0,0,0,無,有,無,80000,349,,0.0,0,租賃層次：B1~2F,RPSNMLMKJHMFFBJ28CC
竹北市,土地,永興段511~540地號,665.97,住,,,1051213,土地1建物0車位0,,,其他,,,,0.0,0,0,0,有,無,無,60000,90,,0.0,0,,RPQOMLMKJHMFFBJ18CC
竹北市,建物,新竹縣竹北市福興路755巷1~30號,0.0,住,,,1060106,土地0建物1車位0,全,3,透天厝,住商用,鋼筋混凝土造,0861008,185.66,5,2,3,有,無,有,32000,172,,0.0,0,,RPTOMLNKJHMFFBJ58CC
竹北市,建物,新竹縣竹北市文興路151~180號,0.0,商,,,1060104,土地0建物1車位2,一層,19,店面(店鋪),商業用,鋼筋混凝土造,1000510,321.92,1,0,1,有,有,無,60000,186,坡道平面,0.0,0,,RPTQMLNKJHMFFBJ78CC
竹北市,建物,新竹縣竹北市嘉豐六路二段91~120號,0.0,住,,,1060105,土地0建物1車位0,見其他登記事項,14,住宅大樓(11層含以上有電梯),住商用,鋼筋混凝土造,0980106,201.10999999999999,5,2,3,有,有,無,30000,149,,0.0,0,一層+二層+地下一層,RPQOMLTKJHMFFBJ88CC
竹北市,建物,新竹縣竹北市文興路二段91~120號,0.0,住,,,1051215,土地0建物1車位0,一層,4,店面(店鋪),見其他登記事項,鋼筋混凝土造,1051208,922.86,0,0,0,無,有,無,315000,341,,0.0,0,店面承租一樓及，二樓,RPUOMLTKJHMFFBJ76DC
竹東鎮,房地(土地+建物),新竹縣竹東鎮北興路三段91~120號,7.12,住,,,1060110,土地1建物1車位0,七層,11,住宅大樓(11層含以上有電梯),住家用,鋼筋混凝土造,0941130,27.61,1,1,1,有,有,有,6500,235,,0.0,0,,RPQPMLKLJHMFFCJ28CC
竹北市,建物,新竹縣竹北市六家五路二段181~210號,0.0,住,,,1060110,土地0建物1車位1,十層,15,住宅大樓(11層含以上有電梯),住家用,鋼筋混凝土造,0980504,110.1,3,2,2,有,有,有,21500,195,坡道平面,0.0,0,租金含管續租,RPWOMLKLJHMFFBJ68CC
竹北市,建物,新竹縣竹北市縣政十街61~90號,0.0,住,,,1060105,土地0建物1車位1,九層,10,華廈(10層含以下有電梯),住家用,鋼筋混凝土造,0900807,134.75,3,2,2,有,有,有,22000,163,坡道平面,0.0,0,租金含管,RPXOMLKLJHMFFBJ78CC
竹北市,建物,新竹縣竹北市莊敬五街31~60號,0.0,商,,,1060113,土地0建物1車位0,十二層,15,住宅大樓(11層含以上有電梯),住家用,鋼筋混凝土造,0950519,105.46000000000001,2,2,2,有,有,有,17600,167,,0.0,0,租金含管.租賃稅,RPOPMLKLJHMFFBJ97CC
竹北市,建物,新竹縣竹北市嘉政十街1~30號,0.0,住,,,1060109,土地0建物1車位0,四層,5,公寓(5樓含以下無電梯),住家用,鋼筋混凝土造,1030516,132.32,4,2,2,有,無,無,23000,174,,0.0,0,,RPPPMLKLJHMFFBJ08CC
竹北市,建物,新竹縣竹北市嘉豐六路二段61~90號,0.0,住,,,1060116,土地0建物1車位2,十一層,14,住宅大樓(11層含以上有電梯),住家用,鋼筋混凝土造,0980106,145.15,3,2,2,有,有,無,24000,165,坡道平面,0.0,0,租金含管,RPQPMLKLJHMFFBJ18CC
竹北市,建物,新竹縣竹北市六家七路1~30號,0.0,住,,,1060113,土地0建物1車位1,五層,12,住宅大樓(11層含以上有電梯),住家用,鋼筋混凝土造,0950907,153.3,3,2,2,有,有,無,24000,157,坡道平面,0.0,0,租金含管續租,RPRPMLKLJHMFFBJ28CC
竹北市,建物,新竹縣竹北市成功八路181~210號,0.0,住,,,1060110,土地0建物1車位0,五層,19,住宅大樓(11層含以上有電梯),住家用,鋼筋混凝土造,1001128,146.43,4,2,2,有,有,有,27000,184,,0.0,0,租金含管,RPSPMLKLJHMFFBJ38CC
竹北市,建物,新竹縣竹北市成功九街91~120號,0.0,住,,,1060120,土地0建物1車位0,見其他登記事項,15,店面(店鋪),商業用,鋼筋混凝土造,1001103,147.28,0,0,0,無,無,有,40000,272,,0.0,0,租賃層次：1~2層,RPPNMLLLJHMFFBJ97CC
竹北市,建物,新竹縣竹北市嘉豐南路一段121~150號,0.0,住,,,1060117,土地0建物1車位0,三層,5,辦公商業大樓,住家用,鋼筋混凝土造,0951218,299.99,3,2,2,有,有,無,60000,200,,0.0,0,,RPVNMLPLJHMFFBJ98CC
竹北市,土地,莊敬段181~210地號,515.11,住,,,1060119,土地2建物0車位0,,,其他,,,,0.0,0,0,0,有,無,無,45000,87,,0.0,0,,RPVOMLPLJHMFFBJ09CC
