﻿編號,土地區段位置,土地移轉面積平方公尺,使用分區或編定
The serial number,land sector position,land shifting area square meter,the use zoning or compiles and checks
RPWNMLLJJILFFAU86CC,政明段,108.19,都市：商
RPSNMLSJJILFFAU27DC,太昌段,74.00,都市：住
RPSNMLSJJILFFAU27DC,太昌段,1.00,都市：其他
RPPNMLMJJILFFAU88CC,民享段,9.59,都市：商
RPRNMLNJJILFFAU66DC,碧雲段,143.60,都市：住
RPSNMLNJJILFFAU76DC,宜安段,16.67,都市：住
RPQNMLQKJILFFAU86CC,莊敬段,42.21,都市：住
RPVOMLKKJILFFAU07EC,慈勝段,389.36,都市：住
RPOOMLKKJILFFAU78CC,慶豐段,51.50,都市：住
RPWNMLLKJILFFAU96CC,慈勝段,83.38,都市：住
RPXNMLKKJILFFAU96CC,宜昌段,57.00,都市：住
RPWNMLKKJILFFAU86CC,富國段,7.80,都市：住
RPWNMLNLJILFFAU27CC,北濱段,1.88,都市：商
RPVNMLSKJILFFAU57CC,富國段,1.69,都市：商
RPOOMLMLJILFFAU09CC,永安段,52.17,非都市：鄉村區 ; 非都市編定：乙種建築用地
RPOOMLMLJILFFAU09CC,永安段,48.05,非都市：鄉村區 ; 非都市編定：乙種建築用地
RPPOMLMLJILFFAU56CC,明義段,204.00,都市：住
RPQOMLMLJILFFAU66CC,福興段,87.36,都市：住
RPOOMLNLJILFFAU56CC,福德段,46.00,都市：農
RPPOMLNLJILFFAU66CC,富國段,8.40,都市：住
RPQOMLNLJILFFAU76CC,富國段,13.34,都市：商
RPTNMLSLJILFFAU57DC,宜昌段,108.00,都市：住
RPSOMLKMJILFFAU76CC,民享段,22.10,都市：商
RPTOMLKMJILFFAU86CC,林森段,2.27,都市：住
RPTOMLKMJILFFAU86CC,林森段,4.25,都市：住
RPSNMLRJKILFFAU17CC,民勤段,44.00,都市：住
RPTOMLKMJILFFAU86CC,林森段,8.35,都市：住
RPSNMLRJKILFFAU17CC,民勤段,8.37,都市：住
RPPPMLSJKILFFAU17CC,富國段,8.40,都市：住
RPWNMLKMJILFFAU07CC,富國段,8.51,都市：住
RPTOMLTJKILFFAU57CC,南埔段,13.63,非都市：鄉村區 ; 非都市編定：乙種建築用地
RPROMLTJKILFFAU37CC,南埔段,13.63,非都市：鄉村區 ; 非都市編定：乙種建築用地
RPUOMLTJKILFFAU67CC,太昌段,101.00,都市：住
RPRNMLMKKILFFAU66CC,北濱段,6.16,都市：商
RPUNMLMKKILFFAU96CC,宜寧段,82.00,都市：住
RPROMLOKKILFFAU96CC,主權段,46.96,都市：住
RPWNMLQKKILFFAU57CC,慶豐段,417.00,都市：農
RPWNMLQKKILFFAU57CC,慶豐段,1551.00,都市：農
RPWNMLQKKILFFAU57CC,慶豐段,107.00,都市：農
RPWNMLQKKILFFAU57CC,慶豐段,3.00,都市：農
RPWNMLQKKILFFAU57CC,慶豐段,74.00,都市：農
RPTOMLOKKILFFAU17CC,莊敬段,54.80,都市：住
RPSOMLOKKILFFAU07CC,國風段,7.68,都市：住
RPOOMLMKKILFFAU56DC,富國段,8.51,都市：住
RPVOMLMLKILFFAU27CC,北濱段,17.99,都市：商
RPRNMLLLKILFFAU66CC,石壁段,172.00,非都市：一般農業區 ; 非都市編定：甲種建築用地
RPUOMLOKKILFFAU27CC,主權段,26.83,都市：住
RPUNMLLLKILFFAU96CC,福祥段,123.00,都市：住
RPXNMLRLKILFFAU87CC,裕民段,11.62,都市：商
RPVNMLSLKILFFAU87DC,樹人段,.23,都市：住
RPVOMLTLKILFFAU97CC,民生段,213.00,都市：商
RPWOMLTLKILFFAU08CC,林森段,26.00,都市：商
RPWOMLTLKILFFAU08CC,林森段,35.00,都市：商
RPQPMLTLKILFFAU67DC,仁廉段,76.00,都市：住
RPTNMLPJJHMFFAU96CC,德安段,17.49,都市：住
RPSNMLPJJHMFFAU86CC,莊敬段,97.00,都市：住
RPRNMLTJJHMFFAU17CC,宜安段,24.03,都市：住
RPWNMLQJJHMFFAU37CC,仁恥段,84.00,都市：住
RPPNMLLKJHMFFAU98DC,自強段,40.05,都市：住
RPXNMLKKJHMFFAU96CC,主權段,55.00,都市：商
RPSNMLTJJHMFFAU27CC,富國段,6.58,都市：住
RPPOMLMKJHMFFAU09CC,德安段,17.07,都市：住
RPOOMLKKJHMFFAU78CC,平和段,2325.06,都市：農
RPTNMLTJJHMFFAU37CC,福安段,70.00,都市：住
RPUOMLSKJHMFFAU57CC,樹人段,10.45,都市：商
RPUOMLSKJHMFFAU57CC,樹人段,9.75,都市：商
RPRNMLQKJHMFFAU96CC,自強段,101.00,都市：住
RPRNMLQKJHMFFAU96CC,自強段,2.00,都市：住
RPPNMLRKJHMFFAU86CC,民德段,499.00,都市：住
RPTOMLMKJHMFFAU86CC,仁恥段,24.18,都市：住
RPTOMLMKJHMFFAU86CC,仁恥段,.18,都市：住
RPPOMLTKJHMFFAU17CC,仁禮段,88.00,都市：住
RPROMLMKJHMFFAU66CC,莊敬段,100.12,都市：住
RPTNMLTKJHMFFAU47CC,碧雲段,151.00,都市：住
RPUOMLMKJHMFFAU96CC,慶豐段,113.00,都市：住
RPTNMLRKJHMFFAU27CC,宜安段,24.78,都市：住
RPTNMLRKJHMFFAU27CC,宜安段,6.03,都市：住
RPWNMLKLJHMFFAU96CC,自強段,28.70,都市：住
RPTNMLNLJHMFFAU96CC,民享段,30.40,都市：住
RPXNMLNLJHMFFAU37CC,嘉北段,109.00,都市：住
RPXNMLOLJHMFFAU47CC,太昌段,231.00,都市：住
RPQNMLQLJHMFFAU96CC,林森段,2.00,都市：其他
RPQNMLQLJHMFFAU96CC,林森段,87.00,都市：其他
RPVNMLOLJHMFFAU27CC,仁禮段,88.00,都市：住
RPOOMLNLJHMFFAU56CC,福興段,45.00,都市：住
RPWNMLNLJHMFFAU27CC,富國段,21.62,都市：住
RPVNMLPLJHMFFAU37CC,裕民段,88.00,都市：住
RPXNMLPLJHMFFAU57CC,民生段,9.33,都市：住
RPVNMLNLJHMFFAU17CC,自強段,5.62,都市：住
RPRNMLQLJHMFFAU07CC,民孝段,49.03,都市：住
