﻿鄉鎮市區,交易標的,土地區段位置建物區段門牌,土地面積平方公尺,都市土地使用分區,非都市土地使用分區,非都市土地使用編定,租賃年月日,租賃筆棟數,租賃層次,總樓層數,建物型態,主要用途,主要建材,建築完成年月,建物總面積平方公尺,建物現況格局-房,建物現況格局-廳,建物現況格局-衛,建物現況格局-隔間,有無管理組織,有無附傢俱,總額元,單價元平方公尺,車位類別,車位面積平方公尺,車位總額元,備註,編號
The villages and towns urban district,transaction sign,land sector position building sector house number plate,land shifting total area square meter,the use zoning or compiles and checks,the non-metropolis land use district,non-metropolis land use,transaction year month and day,transaction pen number,shifting level,total floor number,building state,main use,main building materials,construction to complete the years,building shifting total area,Building present situation pattern - room,building present situation pattern - hall,building present situation pattern - health,building present situation pattern - compartmented,Whether there is manages the organization,Whether there is attaches the furniture,total price NTD,the unit price (NTD / square meter),the berth category,berth shifting total area square meter,the berth total price NTD,the note,serial number
北區,房地(土地+建物),臺南市北區公園南路331~360號,19.47,住,,,1040104,土地2建物1車位0,三層,14,住宅大樓(11層含以上有電梯),見其他登記事項,鋼筋混凝土造,0971219,123.53,3,2,2,有,有,有,29000,235,,0.0,0,,RPRNMLLJKHKFFAD17CC
北區,房地(土地+建物),臺南市北區北安路一段271~300號,0.0,住,,,1040127,土地1建物1車位0,一層,4,店面(店鋪),見其他登記事項,鋼筋混凝土造,0911007,62.8,0,0,0,無,無,無,15000,239,,0.0,0,,RPQPMLMJKHKFFAD37CC
北區,房地(土地+建物),臺南市北區北安路一段271~300號,0.0,住,,,1040127,土地1建物1車位0,全,4,透天厝,見其他登記事項,鋼筋混凝土造,0911007,211.65,5,2,4,有,無,無,20000,94,,0.0,0,,RPSPMLMJKHKFFAD57CC
中西區,房地(土地+建物),臺南市中西區五妃街1~30號,0.0,住,,,1040127,土地1建物1車位0,六層,8,華廈(10層含以下有電梯),住家用,鋼筋混凝土造,0851016,46.86,2,1,1,有,無,有,12000,256,,0.0,0,,RPTPMLMJKHKFFAD67CC
中西區,房地(土地+建物),臺南市中西區開山路35巷1弄1~30號,0.0,住,,,1040127,土地1建物1車位0,二層,2,公寓(5樓含以下無電梯),住家用,鋼筋混凝土造,0920312,32.34,2,1,1,有,無,有,8000,247,,0.0,0,,RPVPMLMJKHKFFAD87CC
中西區,房地(土地+建物),臺南市中西區開山路35巷1弄1~30號,0.0,住,,,1040127,土地1建物1車位0,二層,2,公寓(5樓含以下無電梯),住家用,鋼筋混凝土造,0920312,32.34,2,1,1,有,無,有,8000,247,,0.0,0,,RPWPMLMJKHKFFAD97CC
東區,房地(土地+建物),臺南市東區崇善路1~30號,0.0,住,,,1040113,土地1建物1車位0,一層,2,店面(店鋪),住家用,加強磚造,0580816,36.49,0,0,0,無,無,無,20000,548,,0.0,0,,RPTOMLMJKHKFFCD77CC
新市區,房地(土地+建物),臺南市新市區豐榮31~60號,75.0,,鄉村區,乙種建築用地,1040201,土地1建物1車位0,全,4,透天厝,住商用,鋼筋混凝土造,0840413,165.21,5,2,3,有,無,有,15000,91,,0.0,0,,RPPOMLMJKHKFFER98CC
永康區,房地(土地+建物),臺南市永康區中山北路164巷91~120號,25.41,住,,,1040201,土地1建物1車位0,全,4,透天厝,住商用,鋼筋混凝土造,0720126,55.18,4,2,3,有,無,有,15000,272,,0.0,0,,RPPPMLMJKHKFFHR76CC
永康區,房地(土地+建物)+車位,臺南市永康區中山南路151~180號,0.0,住,,,1040123,土地1建物1車位0,十六層,19,住宅大樓(11層含以上有電梯),住家用,鋼筋混凝土造,0810723,87.67,3,2,2,有,無,有,16000,183,坡道平面,5.11,0,,RPQPMLMJKHKFFHR86CC
永康區,土地,蔦松段751~780地號,495.0,農,,,1040202,土地1建物0車位0,,,其他,,,,0.0,0,0,0,有,無,無,38000,77,,0.0,0,,RPROMLNJKHKFFHR96CC
中西區,房地(土地+建物),臺南市中西區南門路68巷1~30號,0.0,住,,,1040203,土地1建物1車位0,二層,7,華廈(10層含以下有電梯),住家用,鋼筋混凝土造,0701231,73.53,3,2,1,有,無,無,8500,116,,0.0,0,,RPSPMLNJKHKFFAD67CC
北區,建物,臺南市北區北園街8巷1~30號,0.0,商,,,1040131,土地0建物1車位0,十七層,19,住宅大樓(11層含以上有電梯),見其他登記事項,鋼筋混凝土造,0961227,211.11,3,2,3,有,有,有,30000,142,,0.0,0,,RPUNMLOJKHKFFAD77CC
永康區,建物,臺南市永康區中山東路151~180號,0.0,住,,,1040129,土地0建物1車位0,九層,11,住宅大樓(11層含以上有電梯),住家用,鋼筋混凝土造,0900110,49.82,2,1,2,有,有,有,10000,201,,0.0,0,,RPSNMLOJKHKFFHR07CC
東區,建物,臺南市東區大同路二段601~630號,48.97,商,,,1040130,土地0建物1車位0,五層,22,辦公商業大樓,商業用,鋼筋混凝土構造,0790917,536.26,0,0,0,無,無,無,35000,65,,0.0,0,租賃範圍非整樓層，僅租賃部分面積,RPVNMLPJKHKFFCD28DC
安平區,建物,臺南市安平區永華路二段811~840號,0.0,商,,,1040128,土地0建物1車位0,一層,26,住宅大樓(11層含以上有電梯),見其他登記事項,鋼筋混凝土造,0870105,287.0,0,0,0,無,無,無,80000,279,,0.0,0,,RPWNMLPJKHKFFAD08CC
北區,房地(土地+建物),臺南市北區文賢路292巷121~150號,103.92,其他,,,1040205,土地1建物1車位0,全,3,透天厝,住商用,鋼筋混凝土造,0801021,269.09,7,2,3,有,無,無,23000,85,,0.0,0,,RPWOMLQJKHKFFAD28CC
永康區,房地(土地+建物),臺南市永康區中華路31~60號,20.69,商,,,1040110,土地1建物1車位0,見其他登記事項,8,華廈(10層含以下有電梯),住商用,鋼筋混凝土造,0780713,96.16,0,0,0,無,有,有,20000,208,,0.0,0,,RPSNMLRJKHKFFHR37CC
新市區,房地(土地+建物),臺南市新市區中正路91~120號,221.51,其他,,,1040205,土地1建物1車位0,全,3,透天厝,住商用,鋼筋混凝土造,0970701,122.61,0,0,0,無,無,有,25000,204,,0.0,0,,RPPNMLRJKHKFFER76CC
安南區,房地(土地+建物),臺南市安南區國安街155巷20弄1~30號,40.92,其他,,,1040203,土地1建物1車位0,見其他登記事項,2,店面(店鋪),住家用,加強磚造,0701030,78.52,3,2,2,有,無,無,10000,127,,0.0,0,,RPSNMLTJKHKFFBD18CC
仁德區,建物,臺南市仁德區太子路190巷1~30號,0.0,住,,,1040121,土地0建物1車位0,二層,5,公寓(5樓含以下無電梯),住家用,鋼筋混凝土造,0790927,94.72,3,1,2,有,無,無,5000,53,,0.0,0,1.租賃契約書無填寫土地租賃面積。2.由所有權人提供租屋資訊。,RPQNMLTJKHKFFFR17CC
北區,建物,臺南市北區長榮路五段1~30號,0.0,住,,,1040203,土地0建物1車位0,二層,7,華廈(10層含以下有電梯),住家用,鋼筋混凝土造,0770825,98.28,2,1,1,有,有,有,8000,81,,0.0,0,,RPSNMLTJKHKFFAD08CC
北區,建物,臺南市北區公園路121~150號,0.0,住,,,1040115,土地0建物1車位0,七層,10,華廈(10層含以下有電梯),住家用,鋼筋混凝土造,0780803,31.23,1,0,1,有,有,有,4500,144,,0.0,0,,RPTNMLTJKHKFFAD18CC
中西區,建物,臺南市中西區忠義路二段38巷1~30號,0.0,住,,,1040117,土地0建物1車位0,四層,6,華廈(10層含以下有電梯),住家用,鋼筋混凝土造,0701224,97396.44,3,2,2,有,有,有,11400,0,,0.0,0,,RPXNMLTJKHKFFAD58CC
東區,建物,臺南市東區崇德二十街1~30號,0.0,住,,,1040120,土地0建物1車位0,六層,6,華廈(10層含以下有電梯),住家用,鋼筋混凝土構造,0810508,114.94999999999999,3,1,2,有,有,有,14000,122,升降機械,0.0,0,1.租賃契約書無填寫土地租賃面積。2.由所有權人提供租屋資訊。3.有附一機械車位，租金以包含車位。,RPTNMLTJKHKFFCD38CC
東區,建物,臺南市東區中華東路二段73巷1~30號,0.0,住,,,1040127,土地0建物1車位0,四層,6,公寓(5樓含以下無電梯),住家用,鋼筋混凝土構造,0790821,38.769999999999996,1,0,1,有,無,有,4000,103,,0.0,0,,RPWNMLTJKHKFFCD68CC
東區,建物,臺南市東區裕農路621巷45弄1~30號,0.0,住,,,1040118,土地0建物1車位0,全,2,透天厝,住商用,加強磚造,0581005,73.9,3,1,1,有,無,有,10000,135,,0.0,0,,RPXNMLTJKHKFFCD78CC
東區,房地(土地+建物),臺南市東區崇善路151~180號,5.67,其他,,,1040208,土地1建物1車位0,三層,7,華廈(10層含以下有電梯),住家用,鋼筋混凝土構造,0800121,40.83,1,1,1,有,無,有,5000,122,,0.0,0,,RPXNMLKKKHKFFCD97CC
東區,土地,竹篙厝段1861~1890地號,188.0,其他,,,1040209,土地1建物0車位0,,,其他,,,,0.0,0,0,0,有,無,無,10000,53,,0.0,0,建物無保存登記,RPOOMLKKKHKFFCD17CC
中西區,房地(土地+建物),臺南市中西區慶中街61~90號,179.0,住,,,1040207,土地1建物1車位0,見其他登記事項,1,店面(店鋪),,木造,0230101,75.7,0,0,0,無,無,無,25000,330,,0.0,0,,RPWNMLKKKHKFFAD67CC
永康區,房地(土地+建物),臺南市永康區復國一路391~420號,91.28,其他,,,1040121,土地1建物1車位0,見其他登記事項,4,店面(店鋪),住商用,鋼筋混凝土造,0810512,208.99,3,2,3,有,無,有,25000,120,,0.0,0,,RPQQMLKKKHKFFHR86CC
北區,房地(土地+建物)+車位,臺南市北區長榮路五段41巷31~60號,0.0,住,,,1040205,土地1建物1車位1,六層,14,住宅大樓(11層含以上有電梯),國民住宅,鋼筋混凝土造,0920916,100.78,3,2,2,有,無,有,16000,159,坡道平面,20.8,0,,RPUNMLLKKHKFFAD57CC
北區,房地(土地+建物),臺南市北區長榮路五段1~30號,0.0,住,,,1040209,土地1建物1車位0,七層,7,華廈(10層含以下有電梯),住家用,鋼筋混凝土造,0770825,70.89,2,2,2,有,無,有,12000,169,,0.0,0,,RPVNMLLKKHKFFAD67CC
中西區,建物,臺南市中西區大智街61~90號,0.0,住,,,1040207,土地0建物1車位0,五層,7,華廈(10層含以下有電梯),住家用,鋼筋混凝土造,0711109,71.43,2,1,1,有,無,有,6500,91,,0.0,0,,RPSNMLMKKHKFFAD47CC
東區,建物,臺南市東區臺南市光明街201巷1~30號,72.9,其他,,,1040127,土地0建物1車位0,全,5,透天厝,見其他登記事項,鋼筋混凝土構造,0960209,138.7,0,0,0,無,無,無,29000,209,,0.0,0,,RPPNMLMKKHKFFCD37CC
東區,建物,臺南市東區東門路一段61~90號,0.0,住,,,1040203,土地0建物1車位0,三層,5,公寓(5樓含以下無電梯),住家用,鋼筋混凝土構造,0690505,90.77,3,2,2,有,無,有,8000,88,,0.0,0,,RPSNMLMKKHKFFCD67CC
南區,建物,臺南市南區府緯街91~120號,0.0,住,,,1040205,土地0建物1車位0,三層,7,套房(1房1廳1衛),住家用,鋼筋混凝土構造,0801102,29.72,1,0,1,有,有,有,5000,168,,0.0,0,,RPTNMLMKKHKFFCD77CC
南區,建物,臺南市南區南門路331~360號,0.0,住,,,1040207,土地0建物1車位0,三層,3,套房(1房1廳1衛),住商用,鋼筋混凝土構造,0781115,19.83,1,1,1,有,有,有,4100,207,,0.0,0,,RPVNMLMKKHKFFCD97CC
永康區,房地(土地+建物),臺南市永康區中華路1~30號,24.25,商,,,1040205,土地1建物1車位0,十二層,24,辦公商業大樓,見其他登記事項,鋼造,0791205,368.36,0,0,0,無,有,無,40000,109,,0.0,0,,RPOOMLMKKHKFFHR66CC
永康區,建物,臺南市永康區龍埔街451~480號,0.0,其他,,,1040209,土地0建物1車位0,全,4,透天厝,住商用,鋼筋混凝土造,0840109,211.09,5,3,4,有,無,有,15500,73,,0.0,0,,RPROMLNKKHKFFHR07CC
東區,房地(土地+建物),臺南市東區裕農路931~960號,472.35,商,,,1040119,土地1建物1車位0,見其他登記事項,2,店面(店鋪),商業用,見其他登記事項,1000610,237.53,0,0,0,無,無,無,140000,589,,0.0,0,,RPRNMLOKKHKFFCD77CC
中西區,房地(土地+建物),臺南市中西區中成路1~30號,12.25,住,,,1040210,土地1建物1車位0,一層,20,住宅大樓(11層含以上有電梯),住家用,鋼筋混凝土造,0860127,89.16,3,2,2,有,有,有,14000,157,,0.0,0,,RPSNMLPKKHKFFAD77CC
東區,建物,臺南市東區崇德路661~690號,0.0,住,,,1040211,土地0建物1車位0,全,5,透天厝,見其他登記事項,見其他登記事項,0940524,269.39,4,2,4,有,無,無,45000,167,,0.0,0,,RPROMLQKKHKFFCD08CC
東區,房地(土地+建物),臺南市東區中華東路二段151~180號,2.96,住,,,1040211,土地1建物1車位0,十四層,14,套房(1房1廳1衛),住家用,鋼筋混凝土構造,0970229,34.2,1,0,1,有,有,有,8500,249,,0.0,0,租金含管理費、網路、第四台。,RPVOMLRKKHKFFCD58CC
佳里區,建物,臺南市佳里區中山路391~420號,82.0,商,,,1040127,土地0建物0車位0,全,5,透天厝,住商用,鋼筋混凝土造,0781106,35.0,1,0,1,有,無,有,6000,171,,0.0,0,2樓前房套房出租含水費第四台網路清潔費,RPSNMLRKKHKFFDR17DC
佳里區,建物,臺南市佳里區中山路391~420號,82.0,商,,,1040214,土地0建物0車位0,全,5,透天厝,住商用,鋼筋混凝土造,0781106,25.0,1,0,1,有,無,有,4500,180,,0.0,0,3樓後房套房出租含水費第四台網路清潔費,RPTNMLRKKHKFFDR27DC
永康區,房地(土地+建物)+車位,臺南市永康區大灣三街31~60號,16.34,住,,,1040216,土地1建物1車位1,二層,8,華廈(10層含以下有電梯),住家用,鋼筋混凝土造,0840617,93.12,3,2,2,有,有,有,12000,129,坡道機械,0.0,0,,RPXNMLOLKHKFFHR87DC
永康區,建物,臺南市永康區中華二路266巷1~30號,0.0,住,,,1040214,土地0建物1車位0,四層,7,華廈(10層含以下有電梯),住家用,鋼筋混凝土造,0870602,36.36,1,1,1,有,有,有,7000,193,,0.0,0,,RPXNMLPLKHKFFHR87CC
南區,建物,臺南市南區金華路一段242巷1~30號,0.0,住,,,1040212,土地0建物1車位0,全,4,透天厝,見其他登記事項,鋼筋混凝土構造,0840509,268.14,6,2,3,有,無,有,15000,56,,0.0,0,,RPXNMLPLKHKFFCD58CC
東區,建物,臺南市東區崇仁街66巷1~30號,0.0,住,,,1040213,土地0建物1車位0,十一層,14,住宅大樓(11層含以上有電梯),住家用,鋼筋混凝土構造,0960906,144.44,4,2,2,有,有,有,26000,180,,0.0,0,,RPOOMLPLKHKFFCD77CC
東區,建物,臺南市東區龍山街61~90號,0.0,住,,,1040216,土地0建物1車位0,十層,14,住宅大樓(11層含以上有電梯),住家用,鋼筋混凝土構造,0960906,79.35,2,1,1,有,有,有,21000,265,,0.0,0,,RPPOMLPLKHKFFCD87CC
安平區,建物,臺南市安平區健康路三段691~720號,0.0,住,,,1040131,土地0建物1車位0,五層,7,華廈(10層含以下有電梯),見其他登記事項,見其他登記事項,0940917,114.49,2,1,2,有,有,有,16000,140,,0.0,0,,RPVOMLPLKHKFFAD28CC
中西區,建物,臺南市中西區西門路一段451~480號,0.0,住,,,1040213,土地0建物1車位0,三層,7,華廈(10層含以下有電梯),住家用,鋼筋混凝土造,0700605,80.44,3,2,2,有,有,有,13000,162,,0.0,0,,RPOPMLPLKHKFFAD67CC
安平區,房地(土地+建物),臺南市安平區育平二街31~60號,23.32,住,,,1040127,土地1建物1車位0,一層,14,住宅大樓(11層含以上有電梯),見其他登記事項,鋼筋混凝土造,0890822,53.61,0,0,0,無,有,無,5488,102,,0.0,0,,RPUQMLPLKHKFFAD38CC
七股區,房地(土地+建物),臺南市七股區竹橋1~30號,624.0,,特定農業區,農牧用地,1040225,土地1建物1車位0,全,3,透天厝,農舍,鋼筋混凝土造,0820907,242.53,5,2,2,有,無,有,10000,41,,0.0,0,,RPPNMLQLKHKFFDR76CC
新市區,房地(土地+建物),臺南市新市區中正路92巷1~30號,20.56,其他,,,1040227,土地1建物1車位0,六層,8,華廈(10層含以下有電梯),住家用,鋼筋混凝土造,0830806,75.04,3,2,2,有,有,有,9000,120,,0.0,0,,RPPNMLRLKHKFFER96CC
中西區,建物,臺南市中西區金華路三段211~240號,0.0,住,,,1040226,土地0建物1車位0,六層,18,住宅大樓(11層含以上有電梯),住家用,鋼筋混凝土造,0840704,48.53,1,1,1,有,有,有,8000,165,,0.0,0,,RPQNMLRLKHKFFAD87CC
東區,建物,臺南市東區中華東路二段151~180號,0.0,住,,,1040225,土地0建物1車位0,四層,14,住宅大樓(11層含以上有電梯),住家用,鋼筋混凝土構造,0970229,41.23,1,1,1,有,有,有,10000,243,,0.0,0,,RPSNMLRLKHKFFCD28CC
東區,房地(土地+建物),臺南市東區臺南市東區富強二路1~30號,19.05,其他,,,1040101,土地1建物1車位0,一層,10,華廈(10層含以下有電梯),商業用,鋼筋混凝土構造,0951207,97.44,0,1,1,有,無,無,8000,82,,0.0,0,,RPPNMLSLKHKFFCD08CC
東區,房地(土地+建物),臺南市東區富強二路1~30號,19.05,其他,,,1040201,土地1建物1車位0,一層,10,華廈(10層含以下有電梯),商業用,鋼筋混凝土構造,0951207,89.65,0,0,1,有,無,有,8500,95,,0.0,0,,RPQNMLSLKHKFFCD18CC
北區,土地,北元段961~990地號,745.67,住,,,1040101,土地1建物0車位0,,,其他,,,,0.0,0,0,0,有,無,無,67000,90,,0.0,0,,RPPNMLSLKHKFFAD87CC
中西區,房地(土地+建物),臺南市中西區臺南市中西區康樂街151~180號,4.31,其他,,,1040101,土地1建物0車位0,七層,12,住宅大樓(11層含以上有電梯),住家用,鋼筋混凝土造,0781002,39.6,1,1,1,有,無,有,10000,253,,0.0,0,,RPQNMLSLKHKFFAD97CC
北區,土地,北元段181~210地號,1805.12,其他,,,1040121,土地1建物0車位0,,,其他,,,,0.0,0,0,0,有,無,有,56700,31,,0.0,0,,RPRNMLSLKHKFFAD08CC
北區,房地(土地+建物),臺南市北區臺南市北區成功路571~600號,3.53,其他,,,1040122,土地1建物1車位0,五層,12,住宅大樓(11層含以上有電梯),住家用,鋼筋混凝土造,0840307,27.61,1,0,1,有,無,有,15000,543,,0.0,0,,RPSNMLSLKHKFFAD18CC
北區,房地(土地+建物),臺南市北區臺南市北區文賢路871~900號,63.76,其他,,,1040213,土地1建物1車位0,全,4,透天厝,住家用,鋼筋混凝土造,0701007,208.98,6,1,6,有,無,有,26000,124,,0.0,0,,RPTNMLSLKHKFFAD28CC
新市區,房地(土地+建物),臺南市新市區中正路92巷1~30號,20.56,其他,,,1040227,土地1建物1車位0,四層,8,華廈(10層含以下有電梯),住家用,鋼筋混凝土造,0830806,75.04,2,2,1,有,有,有,7500,100,,0.0,0,,RPQNMLMJLHKFFER09CC
永康區,建物,臺南市永康區大同街751~780號,0.0,住,,,1040202,土地0建物1車位0,五層,12,住宅大樓(11層含以上有電梯),住家用,鋼筋混凝土造,0820614,83.57,3,2,2,有,有,有,10500,126,,0.0,0,,RPXNMLMJLHKFFHR47CC
北區,土地,東興段931~960地號,39.0,住,,,150302,土地1建物0車位0,,,其他,,,,0.0,2,0,0,有,無,無,8000,205,,0.0,0,,RPUOMLMJLHKFFAD87DC
永康區,房地(土地+建物),臺南市永康區中山東路121~150號,19.39,住,,,1040302,土地2建物1車位0,二層,2,住宅大樓(11層含以上有電梯),住商用,鋼筋混凝土造,0860823,153.04,3,2,3,有,無,無,22000,144,,0.0,0,,RPUOMLNJLHKFFHR37CC
仁德區,房地(土地+建物),臺南市仁德區文華路三段428巷152弄1~30號,1651.97,工,,,1040209,土地2建物1車位0,見其他登記事項,1,工廠,工業用,見其他登記事項,1001108,163.16,0,0,0,無,無,無,55000,,,0.0,0,,RPPNMLNJLHKFFFR56CC
永康區,建物,臺南市永康區臺南市永康區中華路280巷18弄1~30號,41.0,其他,,,1040226,土地0建物1車位0,一層,7,華廈(10層含以下有電梯),住家用,鋼筋混凝土造,0820510,179.78,3,2,2,有,有,無,14500,81,,0.0,0,中華路樓店 出租1+2+3樓,RPVNMLOJLHKFFHR47CC
永康區,房地(土地+建物),臺南市永康區中山北路264巷286弄1~30號,6.95,住,,,1040129,土地1建物1車位0,五層,5,公寓(5樓含以下無電梯),住家用,鋼筋混凝土造,0830416,24.44,2,2,2,有,無,有,8000,327,,0.0,0,"房間數應為2+1房,其中一間為和室",RPWNMLPJLHKFFHR67CC
善化區,建物,臺南市善化區小新營331~360號,96.0,住,,,1040305,土地0建物1車位0,一層,4,店面(店鋪),見其他登記事項,鋼筋混凝土造,1000328,58.91,0,0,0,無,無,無,13000,221,,0.0,0,,RPQNMLRJLHKFFER96CC
北區,建物,臺南市北區公園南路331~360號,0.0,住,,,1040212,土地0建物1車位0,十四層,14,住宅大樓(11層含以上有電梯),見其他登記事項,鋼筋混凝土造,0971219,78.38,2,1,1,有,有,有,26000,332,,0.0,0,,RPQNMLRJLHKFFAD77CC
北區,建物,臺南市北區北園街8巷1~30號,0.0,住,,,1040302,土地0建物1車位0,十二層,19,住宅大樓(11層含以上有電梯),見其他登記事項,鋼筋混凝土造,0961227,60.5,2,1,1,有,有,有,16000,264,,0.0,0,,RPUNMLRJLHKFFAD18CC
東區,建物,臺南市東區崇善路835巷1~30號,0.0,住,,,1040225,土地0建物1車位0,一層,9,華廈(10層含以下有電梯),見其他登記事項,鋼筋混凝土構造,0831107,219.01,3,3,3,有,有,無,15000,68,,0.0,0,1.合約書無填具土地租賃面積.2.由所有權人提供出租資訊3.租金已包含車位,RPSOMLTJLHKFFCD48CC
善化區,房地(土地+建物),臺南市善化區和平路1~30號,78.62,其他,,,1040304,土地1建物1車位0,全,4,透天厝,見其他登記事項,鋼筋混凝土造,0850501,253.32,7,2,4,有,無,有,20000,79,,0.0,0,,RPQNMLTJLHKFFER17CC
佳里區,房地(土地+建物),臺南市佳里區中和街61~90號,80.0,商,,,1040308,土地1建物1車位0,全,4,透天厝,住商用,鋼筋混凝土造,0671023,194.16,6,2,3,有,無,無,10000,52,,0.0,0,,RPPNMLTJLHKFFDR96CC
下營區,土地,營中段781~810地號,72.1,其他,,,1040309,土地1建物0車位0,,,其他,,,,0.0,0,0,0,有,無,無,15000,208,,0.0,0,,RPRNMLKKLHKFFCR88CC
東區,建物,臺南市東區東門路二段365巷33弄1~30號,0.0,住,,,1040210,土地0建物0車位0,全,3,透天厝,見其他登記事項,鋼筋混凝土構造,0990915,24.0,1,0,1,有,有,有,9000,375,,0.0,0,,RPPOMLKKLHKFFCD37CC
東區,房地(土地+建物),臺南市東區中華東路二段133巷70弄1~30號,43.0,住,,,1040304,土地1建物1車位0,全,4,透天厝,住家用,鋼筋混凝土構造,0811114,113.8,6,2,4,有,無,有,20000,176,,0.0,0,,RPQOMLKKLHKFFCD47CC
中西區,房地(土地+建物),臺南市中西區忠義路二段31~60號,0.0,其他,,,1040210,土地1建物1車位0,四層,,辦公商業大樓,,,,10.06,0,0,0,無,無,無,18000,1789,,0.0,0,,RPPNMLKKLHKFFAD07CC
中西區,建物,臺南市中西區中成路1~30號,2.96,其他,,,1040302,土地0建物1車位0,八層,20,住宅大樓(11層含以上有電梯),住家用,鋼筋混凝土造,0860127,35.879999999999995,1,1,1,有,有,有,9200,256,,0.0,0,,RPRPMLKKLHKFFAD47CC
中西區,土地,赤崁段481~510地號,57.3,商,,,1040306,土地1建物0車位0,,,其他,,,,0.0,0,0,0,有,無,無,30000,524,,0.0,0,,RPVUMLKKLHKFFAD38CC
安平區,房地(土地+建物),臺南市安平區永華路二段691~720號,245.0,商,,,1040304,土地1建物1車位0,二層,1,店面(店鋪),見其他登記事項,見其他登記事項,1030103,307.45,0,0,0,無,無,無,100000,325,,0.0,0,,RPXUMLKKLHKFFAD58CC
中西區,建物,臺南市中西區民族路二段91~120號,0.0,商,,,1040205,土地0建物1車位0,三層,10,辦公商業大樓,見其他登記事項,鋼筋混凝土造,0851114,115.29,0,0,0,無,有,無,16000,139,,0.0,0,,RPQVMLKKLHKFFAD97CC
永康區,房地(土地+建物)+車位,臺南市永康區大同街315巷1~30號,12.88,住,,,1040216,土地1建物1車位1,一層,9,華廈(10層含以下有電梯),住家用,鋼筋混凝土造,0821129,73.02,3,1,2,有,有,無,9500,130,坡道平面,44.97,0,,RPSNMLLKLHKFFHR07DC
安南區,土地,北興段271~300地號,71884.47,其他,,,1040312,土地1建物0車位0,,,其他,,,,0.0,6,0,0,有,無,無,20000,0,,0.0,0,,RPTNMLMKLHKFFBD77CC
安平區,房地(土地+建物),臺南市安平區育平四街31~60號,11.69,住,,,1040311,土地1建物1車位0,二層,17,住宅大樓(11層含以上有電梯),住商用,鋼筋混凝土造,0850907,105.72,1,2,2,有,有,有,12000,114,,0.0,0,,RPSNMLNKLHKFFAD67CC
安平區,房地(土地+建物),臺南市安平區永華路二段691~720號,245.0,商,,,1040312,土地1建物1車位0,二層,1,店面(店鋪),見其他登記事項,見其他登記事項,1030103,307.45,0,0,0,無,無,無,100000,325,,0.0,0,,RPOOMLNKLHKFFAD37CC
東區,房地(土地+建物),臺南市東區崇善路241~270號,88.0,其他,,,1040302,土地1建物1車位0,見其他登記事項,3,店面(店鋪),住商用,鋼筋混凝土構造,0691027,177.4,4,2,3,有,無,有,20000,113,,0.0,0,,RPRNMLOKLHKFFCD87CC
東區,房地(土地+建物),臺南市東區仁和路139巷71弄1~30號,281.59,住,,,1040201,土地2建物2車位0,全,3,透天厝,住家用,加強磚造,0650723,209.52,0,5,2,有,無,無,55000,263,,0.0,0,,RPTOMLOKLHKFFCD18CC
安南區,土地,州南段31~60地號,62.0,其他,,,1040311,土地2建物0車位0,,,其他,,,,0.0,5,0,0,有,無,無,15000,242,,0.0,0,建物未保存登記含增建或未登記建物。,RPPNMLOKLHKFFBD57CC
永康區,房地(土地+建物),臺南市永康區中華路331~360號,19.35,其他,,,1040309,土地1建物2車位0,七層,17,辦公商業大樓,見其他登記事項,鋼筋混凝土造,0850129,196.46,2,2,1,有,無,無,18000,92,,0.0,0,,RPPNMLOKLHKFFHR96CC
永康區,房地(土地+建物),臺南市永康區中華2路206巷1~30號,0.0,住,,,1040304,土地1建物1車位0,六層,7,華廈(10層含以下有電梯),住家用,鋼筋混凝土造,0811228,53.37,2,1,1,有,無,有,9000,169,,0.0,0,,RPTNMLPKLHKFFHR47CC
永康區,房地(土地+建物),臺南市永康區中正六街211~240號,5.72,住,,,1040228,土地2建物1車位0,三層,7,套房(1房1廳1衛),住家用,鋼筋混凝土造,0830316,24.88,1,0,1,有,無,有,5800,233,,0.0,0,,RPPNMLQKLHKFFHR17CC
新市區,房地(土地+建物),臺南市新市區華美街1巷1~30號,95.97,住,,,1040315,土地1建物1車位0,全,3,透天厝,住家用,鋼筋混凝土造,0850822,95.97,5,2,3,有,無,有,16000,167,,0.0,0,有車位,RPQNMLQKLHKFFER96CC
新化區,土地,新化段王公廟小段1861~1890地號,3736.0,,特定農業區,農牧用地,1040315,土地2建物0車位0,,,其他,,,,0.0,0,0,0,有,無,無,37000,10,,0.0,0,本租賃包含地上未保存登記建物一筆,RPSNMLQKLHKFFER17CC
新市區,房地(土地+建物),臺南市新市區仁愛街61~90號,25.37,其他,,,1040314,土地1建物1車位0,四層,8,華廈(10層含以下有電梯),住家用,鋼筋混凝土造,0830806,93.66,4,1,2,有,有,有,10000,107,,0.0,0,,RPTNMLQKLHKFFER27CC
東區,房地(土地+建物),臺南市東區榮譽街31~60號,133.86,住,,,1040301,土地2建物1車位0,見其他登記事項,4,店面(店鋪),見其他登記事項,鋼筋混凝土構造,0991020,146.91,0,0,0,無,無,無,25000,170,,0.0,0,,RPPNMLQKLHKFFCD97DC
永康區,房地(土地+建物),臺南市永康區中正北路121~150號,290.82,商,,,1040316,土地2建物1車位0,一層,1,店面(店鋪),住家用,鐵造,0811006,114.15,2,0,1,有,無,無,45000,394,,0.0,0,,RPWNMLRKLHKFFHR08DC
安南區,建物,臺南市安南區仁安路151~180號,0.0,住,,,1040302,土地0建物1車位0,全,4,透天厝,見其他登記事項,鋼筋混凝土造,1020801,54.32,4,3,4,有,無,有,22000,405,,0.0,0,,RPTNMLRKLHKFFBD28CC
安南區,建物,臺南市安南區怡安路一段1~30號,0.0,住,,,1040305,土地0建物1車位0,全,5,透天厝,住商用,鋼筋混凝土造,0970523,245.32,3,2,4,有,無,有,23000,94,,0.0,0,,RPUNMLRKLHKFFBD38CC
永康區,建物,臺南市永康區?洲一街61~90號,0.0,住,,,1040309,土地0建物1車位0,全,3,透天厝,住家用,加強磚造,0621201,91.32,4,2,2,有,無,有,11000,120,,0.0,0,,RPVNMLRKLHKFFHR87CC
東區,建物,臺南市東區崇善十二街31~60號,0.0,住,,,1040228,土地0建物1車位0,全,3,透天厝,住商用,鋼筋混凝土構造,0720829,158.0,4,2,3,有,無,有,14000,89,,0.0,0,,RPQNMLRKLHKFFCD08CC
東區,建物,臺南市東區府連路181~210號,0.0,住,,,1040302,土地0建物1車位0,七層,7,華廈(10層含以下有電梯),住家用,鋼筋混凝土構造,0791017,82.64,1,2,2,有,有,有,8500,103,,0.0,0,,RPSNMLRKLHKFFCD28CC
南區,建物,臺南市南區福吉四街31~60號,0.0,住,,,1040302,土地0建物1車位0,全,2,透天厝,住商用,加強磚造,0621201,113.1,3,2,2,有,無,有,18000,159,,0.0,0,,RPUNMLRKLHKFFCD48CC
東區,建物,臺南市東區中華東路二段133巷17弄1~30號,0.0,住,,,1040305,土地0建物1車位0,一層,7,華廈(10層含以下有電梯),住商用,鋼筋混凝土構造,0721022,52.36,2,1,2,有,有,有,12500,239,,0.0,0,,RPWNMLRKLHKFFCD68CC
中西區,建物,臺南市中西區民族路二段91~120號,0.0,住,,,1040309,土地0建物1車位0,七層,13,住宅大樓(11層含以上有電梯),住家用,鋼筋混凝土造,0831019,79.13,3,1,2,有,有,有,13500,171,,0.0,0,,RPUNMLRKLHKFFAD28CC
安平區,建物,臺南市安平區建平一街23巷25弄1~30號,0.0,住,,,1040313,土地0建物1車位0,六層,7,華廈(10層含以下有電梯),住家用,鋼筋混凝土造,0830729,135.17,3,2,2,有,有,有,8000,59,,0.0,0,,RPVNMLRKLHKFFAD38CC
北區,房地(土地+建物),臺南市北區和緯路五段234巷4弄1~30號,0.0,住,,,1040307,土地2建物1車位0,全,4,透天厝,住家用,鋼筋混凝土造,0821116,327.78,5,2,5,有,無,有,28500,87,,0.0,0,,RPTNMLSKLHKFFAD28CC
北區,房地(土地+建物),臺南市北區開元路148巷91~120號,0.0,住,,,1040314,土地1建物1車位0,全,2,透天厝,住家用,加強磚造,0570107,82.08,4,1,2,有,無,無,13000,158,,0.0,0,,RPUNMLSKLHKFFAD38CC
安平區,建物,臺南市安平區郡平路31~60號,0.0,商,,,1040303,土地0建物1車位0,一層,14,其他,見其他登記事項,鋼筋混凝土造,0960719,275.93,0,1,1,有,有,無,38000,138,,0.0,0,,RPOOMLSKLHKFFAD87CC
安平區,建物,臺南市安平區郡平路271~300號,0.0,商,,,1040313,土地0建物1車位0,見其他登記事項,7,辦公商業大樓,住商用,鋼筋混凝土造,0840711,146.16,1,1,2,有,有,有,16000,109,,0.0,0,,RPQOMLSKLHKFFAD08CC
東區,建物,臺南市東區東門路一段241~270號,59.5,其他,,,1040311,土地0建物1車位0,見其他登記事項,2,店面(店鋪),住商用,鋼筋混凝土構造,0680720,89.91,1,4,2,有,無,無,30000,334,,0.0,0,,RPUNMLSKLHKFFCD58CC
永康區,房地(土地+建物),臺南市永康區中華1路182巷1弄1~30號,0.0,住,,,1040301,土地1建物1車位0,全,2,透天厝,住家用,鋼筋混凝土造,0770322,84.96,4,1,3,有,無,有,12000,141,,0.0,0,,RPUNMLSKLHKFFHR87CC
永康區,建物,臺南市永康區竹園二街61~90號,0.0,住,,,1040313,土地0建物1車位0,全,3,透天厝,住家用,鋼筋混凝土造,0800321,256.89,5,2,5,有,無,有,30000,117,,0.0,0,,RPUNMLKLLHKFFHR17CC
永康區,建物,臺南市永康區中華二路340巷1~30號,0.0,住,,,1040304,土地0建物1車位0,十五層,17,住宅大樓(11層含以上有電梯),住家用,鋼筋混凝土造,0811016,141.38,4,1,2,有,有,無,16000,113,,0.0,0,,RPVNMLKLLHKFFHR27CC
善化區,房地(土地+建物),臺南市善化區東關里中山路451~480號,50.6,住,,,1040220,土地1建物1車位0,一層,2,店面(店鋪),住商用,磚造,0180101,51.26,0,0,0,有,無,無,8000,156,,0.0,0,含騎樓,RPRNMLKLLHKFFER56CC
南區,房地(土地+建物),臺南市南區金華路二段289巷31~60號,22.72,其他,,,1040320,土地1建物1車位0,一層,5,公寓(5樓含以下無電梯),住家用,鋼筋混凝土構造,0710915,85.18,3,2,2,有,無,無,8500,100,,0.0,0,,RPPOMLKLLHKFFCD47CC
東區,建物,臺南市東區樹林街一段61~90號,0.0,住,,,1040316,土地0建物1車位0,全,3,透天厝,住商用,鋼筋混凝土構造,0661104,86.32,3,1,2,有,無,無,12000,139,,0.0,0,,RPQOMLKLLHKFFCD57CC
東區,房地(土地+建物),臺南市東區東門路一段52巷3弄1~30號,36.25,其他,,,1040320,土地1建物1車位0,一層,4,公寓(5樓含以下無電梯),住家用,鋼筋混凝土構造,0690307,87.83,3,2,2,有,無,無,12000,137,,0.0,0,,RPSNMLNLLHKFFCD97CC
北區,房地(土地+建物),臺南市北區文賢一路301~330號,248.0,住,,,1040320,土地1建物1車位0,一層,1,廠辦,見其他登記事項,見其他登記事項,0900530,151.5,1,0,0,無,無,無,35000,231,,0.0,0,,RPXOMLNLLHKFFAD38CC
北區,房地(土地+建物),臺南市北區公園南路361~390號,1.2,住,,,1040224,土地1建物1車位0,八層,14,住宅大樓(11層含以上有電梯),見其他登記事項,見其他登記事項,0960824,13.3,1,0,1,有,有,有,9000,677,,0.0,0,,RPPPMLNLLHKFFAD67CC
安定區,土地,港子尾段451~480地號,50.0,,鄉村區,乙種建築用地,1040320,土地1建物0車位0,,,其他,,,,0.0,2,0,0,有,無,無,10000,200,,0.0,0,,RPRNMLNLLHKFFER86CC
安定區,土地,安定段2101~2130地號,4215.0,農,,,1040226,土地3建物0車位0,,,其他,,,,0.0,0,0,0,有,無,無,409091,97,,0.0,0,"只租本3個地號面積共約4215平方公尺約1275坪,含增建或未登記建物面積約3471.08平方公尺約1050坪。",RPWNMLNLLHKFFER37CC
新化區,房地(土地+建物),臺南市新化區護國街61~90號,423.16,商,,,1040315,土地1建物1車位0,見其他登記事項,2,店面(店鋪),見其他登記事項,鐵造,0620501,848.92,2,1,1,有,無,無,12000,14,,0.0,0,本土地上有多間鐵皮屋，只是其中一間。含增建或未登記建物。,RPQNMLNLLHKFFER86DC
安南區,房地(土地+建物),臺南市安南區國安街155巷20弄1~30號,40.91,其他,,,1040315,土地1建物1車位0,全,2,透天厝,住商用,加強磚造,0701030,72.04,2,2,2,有,無,無,10000,139,,0.0,0,,RPWNMLPLLHKFFBD48CC
仁德區,建物,臺南市仁德區中清路31~60號,25.31,住,,,1040306,土地0建物1車位0,一層,4,店面(店鋪),住商用,鋼筋混凝土造,1010702,40.72,1,0,1,有,無,無,4500,111,,0.0,0,,RPUOMLPLLHKFFFR57CC
中西區,建物,臺南市中西區永華路一段241~270號,0.0,住,,,1040305,土地0建物1車位0,六層,8,華廈(10層含以下有電梯),住家用,鋼筋混凝土造,0840418,105.7,3,2,2,有,有,有,12245,116,,0.0,0,,RPROMLPLLHKFFAD97CC
北區,建物,臺南市北區成功路361~390號,0.0,住,,,1040312,土地0建物1車位0,九層,12,住宅大樓(11層含以上有電梯),住家用,鋼筋混凝土造,0711012,60.02,1,1,1,有,有,有,6000,100,,0.0,0,,RPSOMLPLLHKFFAD08CC
安平區,建物,臺南市安平區國平路541~570號,0.0,住,,,1040312,土地0建物1車位0,見其他登記事項,4,店面(店鋪),見其他登記事項,見其他登記事項,0951124,219.03,5,3,4,有,無,有,36000,164,,0.0,0,,RPTOMLPLLHKFFAD18CC
安平區,建物,臺南市安平區育平路211~240號,0.0,住,,,1040312,土地0建物1車位0,十六層,17,住宅大樓(11層含以上有電梯),住家用,鋼筋混凝土造,0840729,77.59,2,1,1,有,有,有,12000,155,,0.0,0,,RPVOMLPLLHKFFAD38CC
東區,建物,臺南市東區東光路二段61~90號,0.0,住,,,1040324,土地0建物1車位0,五層,5,公寓(5樓含以下無電梯),住家用,鋼筋混凝土構造,0681205,92.54,4,1,1,有,無,有,11000,119,,0.0,0,,RPOOMLPLLHKFFCD87CC
東區,建物,臺南市東區崇德三街91~120號,0.0,住,,,1040311,土地0建物1車位0,七層,7,華廈(10層含以下有電梯),住家用,鋼筋混凝土構造,0811231,91.08,3,2,1,有,無,有,13000,143,,0.0,0,,RPSOMLPLLHKFFCD28CC
南區,建物,臺南市南區中華南路二段151~180號,0.0,住,,,1040311,土地0建物1車位0,二層,4,套房(1房1廳1衛),住商用,鋼筋混凝土構造,0810916,55.32,1,1,1,有,無,有,5000,90,,0.0,0,,RPTOMLPLLHKFFCD38CC
東區,建物,臺南市東區臺南市東區中華東路二段226巷27弄1~30號,32.12,其他,,,1040317,土地0建物1車位0,二層,18,住宅大樓(11層含以上有電梯),住家用,鋼筋混凝土構造,1020711,339.63,4,2,2,有,有,無,38000,112,,0.0,0,,RPVOMLPLLHKFFCD58CC
北區,建物,臺南市北區開南街1~30號,0.0,住,,,1040316,土地0建物1車位0,四層,5,公寓(5樓含以下無電梯),住家用,鋼筋混凝土造,0700217,68.03999999999999,2,1,1,有,無,有,6000,88,,0.0,0,,RPQNMLQLLHKFFAD87CC
北區,建物,臺南市北區公園南路331~360號,0.0,住,,,1040316,土地0建物1車位0,一層,14,住宅大樓(11層含以上有電梯),見其他登記事項,鋼筋混凝土造,0971219,76.96,2,1,1,有,有,有,23000,299,,0.0,0,,RPOOMLQLLHKFFAD77CC
中西區,房地(土地+建物),臺南市中西區信義街108巷31~60號,5.57,住,,,1040314,土地1建物1車位0,二層,6,套房(1房1廳1衛),住家用,鋼筋混凝土造,0820327,25.59,1,1,1,有,無,有,3500,137,,0.0,0,,RPQOMLQLLHKFFAD97CC
安平區,建物,臺南市安平區郡平路301~330號,0.0,住,,,1040319,土地0建物1車位0,全,4,透天厝,見其他登記事項,鋼筋混凝土造,0961127,291.7,5,2,4,有,無,有,37000,127,,0.0,0,,RPSNMLRLLHKFFAD18CC
中西區,建物,臺南市中西區民權路一段121~150號,0.0,住,,,1040322,土地0建物1車位0,全,2,透天厝,住家用,磚造,0380101,72.0,4,2,5,有,無,有,20000,278,,0.0,0,,RPTNMLRLLHKFFAD28CC
安平區,建物,臺南市安平區建平一街224巷21弄1~30號,0.0,住,,,1040322,土地0建物1車位0,六層,7,華廈(10層含以下有電梯),住家用,鋼筋混凝土造,0840418,96.41,3,2,2,有,有,有,15000,156,,0.0,0,,RPUNMLRLLHKFFAD38CC
南區,建物,臺南市南區永興四街31~60號,0.0,商,,,1040316,土地0建物1車位0,全,4,透天厝,見其他登記事項,見其他登記事項,0950103,193.66,5,2,4,有,無,有,20000,103,,0.0,0,,RPRNMLRLLHKFFCD28CC
南區,建物,臺南市南區金華路一段242巷1~30號,0.0,住,,,1040317,土地0建物1車位0,全,4,透天厝,見其他登記事項,鋼筋混凝土構造,0840509,259.69,6,2,3,有,無,有,16000,62,,0.0,0,,RPSNMLRLLHKFFCD38CC
善化區,房地(土地+建物),臺南市善化區蓮潭路121~150號,161.0,其他,,,1040325,土地1建物1車位0,全,3,透天厝,見其他登記事項,鋼筋混凝土造,1010406,201.16,5,2,4,有,無,有,20000,99,,0.0,0,,RPROMLRLLHKFFER37CC
永康區,建物,臺南市永康區小東路477巷1~30號,0.0,住,,,1040315,土地0建物1車位0,四層,4,套房(1房1廳1衛),住商用,鋼筋混凝土造,0770322,7.0,1,0,1,有,無,有,5000,714,,0.0,0,,RPQNMLRLLHKFFHR47CC
永康區,建物,臺南市永康區新興街1~30號,0.0,住,,,1040317,土地0建物1車位0,十一層,14,住宅大樓(11層含以上有電梯),住家用,鋼筋混凝土造,0880519,87.04,3,2,2,有,有,有,13000,149,,0.0,0,,RPRNMLRLLHKFFHR57CC
永康區,建物,臺南市永康區中華一路299巷1~30號,0.0,住,,,1040319,土地0建物1車位0,全,2,透天厝,住家用,加強磚造,0710226,120.55,14,0,14,有,無,有,50000,415,,0.0,0,,RPSNMLRLLHKFFHR67CC
佳里區,房地(土地+建物),臺南市佳里區林園街211~240號,35.22,住,,,1040328,土地6建物1車位0,見其他登記事項,12,住宅大樓(11層含以上有電梯),住家用,鋼筋混凝土造,0850215,242.15,5,3,4,有,有,有,15000,62,,0.0,0,,RPQNMLSLLHKFFDR17CC
南區,建物,臺南市南區大同路二段750巷40弄1~30號,0.0,住,,,1040327,土地0建物1車位0,全,2,透天厝,住家用,加強磚造,0680111,90.65,4,1,2,有,無,有,12000,132,,0.0,0,1.合約書無填具土地租賃面積.2.由所有權人提供出租資訊,RPSNMLSLLHKFFCD48CC
北區,建物,臺南市北區長榮路五段41巷1~30號,0.0,住,,,1040327,土地0建物1車位0,二層,14,住宅大樓(11層含以上有電梯),國民住宅,鋼筋混凝土造,0920916,168.95,4,2,2,有,有,有,18000,107,,0.0,0,,RPPNMLSLLHKFFAD97CC
中西區,房地(土地+建物),臺南市中西區民族路三段121~150號,97.0,住,,,1040228,土地1建物1車位0,全,4,透天厝,住商用,加強磚造,0561213,347.67,10,2,4,有,無,無,30000,86,,0.0,0,,RPROMLKMLHKFFAD57CC
東區,房地(土地+建物),臺南市東區東門路三段31~60號,29.51,住,,,1040311,土地1建物1車位0,六層,14,住宅大樓(11層含以上有電梯),商業用,鋼筋混凝土構造,0820512,249.12,16,0,0,有,無,有,6500,26,,0.0,0,,RPXNMLLMLHKFFCD38CC
東區,房地(土地+建物),臺南市東區東門路三段31~60號,29.51,住,,,1040301,土地1建物1車位0,六層,14,住宅大樓(11層含以上有電梯),商業用,鋼筋混凝土構造,0820512,249.12,16,0,0,有,無,有,7500,30,,0.0,0,,RPOOMLLMLHKFFCD57CC
東區,房地(土地+建物),臺南市東區東門路三段31~60號,29.51,住,,,1040301,土地1建物1車位0,六層,14,住宅大樓(11層含以上有電梯),商業用,鋼筋混凝土構造,0820512,249.12,16,0,0,有,無,有,11000,44,,0.0,0,,RPPOMLLMLHKFFCD67CC
永康區,建物,臺南市永康區三村一街138巷48弄1~30號,0.0,住,,,1040304,土地0建物1車位0,全,2,透天厝,住家用,加強磚造,0781106,126.44,3,2,2,有,無,有,13000,103,,0.0,0,,RPSOMLLMLHKFFHR27CC
中西區,房地(土地+建物),臺南市中西區海安路二段115巷1~30號,69.0,住,,,1040225,土地3建物1車位0,全,3,透天厝,住家用,加強磚造,0571030,195.4,5,2,3,有,無,有,25000,128,,0.0,0,,RPXOMLLJMHKFFAD18DC
南區,建物,臺南市南區水交社路80巷1~30號,0.0,住,,,1040305,土地0建物1車位0,四層,7,華廈(10層含以下有電梯),見其他登記事項,鋼筋混凝土構造,1031016,158.05,3,1,2,有,有,有,30000,190,,0.0,0,1.租賃契約書無填寫土地租賃面積。2.由所有權人提供租屋資訊。3.租金已包含一平面車位，因無法計算面積顧以此備註。,RPSNMLLJMHKFFCD67CC
東區,建物,臺南市東區富農街一段131巷1~30號,0.0,住,,,1040307,土地0建物1車位0,一層,8,華廈(10層含以下有電梯),住商用,鋼筋混凝土構造,0860307,216.4,1,2,1,有,有,無,18100,84,,0.0,0,,RPTNMLLJMHKFFCD77CC
安平區,房地(土地+建物),臺南市安平區育平五街61~90號,9.64,住,,,1040401,土地1建物1車位0,十九層,22,住宅大樓(11層含以上有電梯),住家用,鋼筋混凝土造,0871121,116.76,3,2,1,有,無,有,12000,103,,0.0,0,,RPPNMLLJMHKFFAD17CC
北區,房地(土地+建物),臺南市北區公園南路370巷1~30號,13.03,住,,,1040401,土地1建物1車位0,二層,18,華廈(10層含以下有電梯),住商用,鋼筋混凝土造,0840912,87.69,2,2,2,有,無,無,12500,143,,0.0,0,,RPROMLLJMHKFFAD47CC
中西區,房地(土地+建物),臺南市中西區成功路91~120號,109.96,商,,,1040330,土地1建物1車位0,全,5,透天厝,住商用,鋼筋混凝土造,0600715,154.0,0,0,0,無,無,有,20000,130,,0.0,0,,RPSOMLLJMHKFFAD57CC
中西區,房地(土地+建物),臺南市中西區成功路91~120號,109.96,商,,,1040330,土地1建物1車位0,全,5,透天厝,住商用,鋼筋混凝土造,0600715,154.0,0,0,0,無,無,有,20000,130,,0.0,0,,RPTOMLLJMHKFFAD67CC
東區,建物,臺南市東區林森路二段91~120號,28.3,其他,,,1040323,土地0建物1車位0,三層,13,住宅大樓(11層含以上有電梯),見其他登記事項,鋼筋混凝土構造,0860702,288.06,3,2,2,有,有,無,12000,42,,0.0,0,,RPWNMLMJMHKFFCD18CC
東區,房地(土地+建物),臺南市東區府東街241~270號,77.0,住,,,1040327,土地1建物1車位0,全,4,透天厝,住商用,鋼筋混凝土構造,0690505,194.58,5,2,4,有,無,有,13000,67,,0.0,0,,RPOOMLMJMHKFFCD57DC
安南區,房地(土地+建物),臺南市安南區安中路二段61~90號,132.59,商,,,1040331,土地1建物1車位0,三層,3,店面(店鋪),見其他登記事項,鋼筋混凝土造,1030324,206.35,2,1,2,有,無,無,30000,145,,0.0,0,,RPSNMLMJMHKFFBD67CC
中西區,房地(土地+建物),臺南市中西區中和街61~90號,249.0,住,,,1040324,土地5建物1車位0,全,2,透天厝,住家用,見其他登記事項,0880423,139.51,0,0,0,無,無,無,10000,72,,0.0,0,,RPTNMLNJMHKFFAD77CC
北區,土地,裕民段1051~1080地號,357.02,住,,,1040305,土地1建物0車位0,,,其他,,,,0.0,0,0,0,有,無,無,40000,112,,0.0,0,,RPVNMLNJMHKFFAD97CC
新市區,房地(土地+建物),臺南市新市區中山路181~210號,166.33,其他,,,1040401,土地1建物1車位0,見其他登記事項,3,廠辦,見其他登記事項,鋼筋混凝土造,0811109,278.91,0,0,0,有,無,有,30000,108,,0.0,0,,RPXNMLRJMHKFFER77CC
新市區,房地(土地+建物),臺南市新市區中正路116巷2弄1~30號,63.33,住,,,1040405,土地1建物1車位0,全,3,透天厝,住家用,鋼筋混凝土造,0820408,175.2,3,2,2,有,無,無,12000,68,,0.0,0,有車位B1,RPOOMLRJMHKFFER96CC
永康區,建物,臺南市永康區中華二路206巷68弄1~30號,0.0,住,,,1040329,土地0建物0車位0,三層,5,公寓(5樓含以下無電梯),住家用,鋼筋混凝土造,0700604,102.82,1,0,1,有,無,有,3300,32,,0.0,0,,RPQNMLSJMHKFFHR47CC
安南區,房地(土地+建物),臺南市安南區北安路二段31~60號,97.84,住,,,1040316,土地1建物1車位0,全,3,透天厝,住商用,鋼筋混凝土造,0701009,143.6,3,2,2,有,無,有,12000,84,,0.0,0,,RPOOMLSJMHKFFBD08DC
北區,建物,臺南市北區西門路四段171巷31~60號,0.0,住,,,1040407,土地0建物1車位0,全,3,透天厝,住商用,鋼筋混凝土造,0711125,149.76,4,2,3,有,無,無,15000,100,,0.0,0,,RPRNMLSJMHKFFAD08CC
東區,建物,臺南市東區中華東路二段133巷17弄1~30號,0.0,住,,,1040330,土地0建物1車位0,三層,5,公寓(5樓含以下無電梯),住家用,鋼筋混凝土構造,0700304,130.77,4,2,2,有,無,有,18000,138,,0.0,0,,RPQNMLSJMHKFFCD18CC
南區,建物,臺南市南區鹽埕路291巷31~60號,0.0,住,,,1040323,土地0建物1車位0,全,2,透天厝,住家用,加強磚造,0610906,76.39,4,1,3,有,無,有,9000,118,,0.0,0,,RPQNMLTJMHKFFCD28CC
南區,建物,臺南市南區健康路二段481~510號,0.0,住,,,1040323,土地0建物1車位0,三層,7,華廈(10層含以下有電梯),住家用,鋼筋混凝土構造,0820208,39.66,1,0,1,有,有,有,5500,139,,0.0,0,,RPRNMLTJMHKFFCD38CC
南區,建物,臺南市南區夏林路91~120號,0.0,住,,,1040323,土地0建物1車位0,全,5,透天厝,見其他登記事項,鋼筋混凝土構造,0961031,287.98,5,2,6,有,無,有,47000,163,,0.0,0,,RPSNMLTJMHKFFCD48CC
東區,建物,臺南市東區東門路一段121~150號,0.0,住,,,1040326,土地0建物1車位0,五層,15,住宅大樓(11層含以上有電梯),住家用,鋼筋混凝土構造,0820809,117.03,3,1,2,有,有,有,9500,81,,0.0,0,,RPTNMLTJMHKFFCD58CC
南區,建物,臺南市南區健民街1~30號,0.0,住,,,1040328,土地0建物1車位0,四層,4,公寓(5樓含以下無電梯),住家用,鋼筋混凝土構造,0691001,111.87,2,2,2,有,無,有,10000,89,,0.0,0,,RPUNMLTJMHKFFCD68CC
東區,建物,臺南市東區林森路二段192巷1~30號,0.0,住,,,1040328,土地0建物1車位0,三層,12,住宅大樓(11層含以上有電梯),住家用,鋼筋混凝土構造,0730118,114.29,3,2,2,有,無,有,12000,105,,0.0,0,,RPVNMLTJMHKFFCD78CC
南區,建物,臺南市南區新興路181~210號,0.0,住,,,1040402,土地0建物1車位0,一層,4,店面(店鋪),住商用,鋼筋混凝土構造,0680604,71.55,0,0,0,無,無,無,10000,140,,0.0,0,,RPXNMLTJMHKFFCD98CC
南區,建物,臺南市南區建南路271~300號,0.0,住,,,1040406,土地0建物1車位0,四層,4,套房(1房1廳1衛),住商用,鋼筋混凝土構造,0770226,7.45,1,0,1,有,無,有,6000,805,,0.0,0,,RPOOMLTJMHKFFCD18CC
東區,建物,臺南市東區長東街41巷61~90號,0.0,住,,,1040310,土地0建物0車位0,全,2,透天厝,住家用,加強磚造,0720606,23.0,1,0,1,有,無,有,6500,283,,0.0,0,1.租賃契約書無填寫土地租賃面積。2.由所有權人提供租屋資訊。3.物件為透天分租套房，出租面積約23平方公尺，租賃樓層為1樓後。,RPXOMLTJMHKFFCD09CC
安平區,建物,臺南市安平區慶平路691~720號,0.0,商,,,1040323,土地0建物1車位0,一層,6,華廈(10層含以下有電梯),商業用,鋼筋混凝土造,0830108,162.89,3,2,2,有,有,有,20000,123,,0.0,0,,RPSNMLTJMHKFFAD28CC
中西區,建物,臺南市中西區金華路三段91~120號,0.0,住,,,1040324,土地0建物1車位0,全,4,透天厝,住商用,鋼筋混凝土造,0860426,122.61,1,1,1,有,無,有,25000,204,,0.0,0,,RPVNMLTJMHKFFAD58CC
中西區,建物,臺南市中西區健康路一段420巷1~30號,0.0,住,,,1040327,土地0建物1車位0,全,5,透天厝,住商用,鋼筋混凝土造,0730519,259.95,4,2,4,有,無,有,15000,58,,0.0,0,,RPXNMLTJMHKFFAD78CC
北區,建物,臺南市北區長榮路四段31巷23弄1~30號,0.0,住,,,1040326,土地0建物1車位0,三層,5,公寓(5樓含以下無電梯),住家用,鋼筋混凝土造,0741226,111.06,3,2,2,有,有,有,13000,117,,0.0,0,,RPOOMLTJMHKFFAD97CC
中西區,建物,臺南市中西區五妃街241~270號,0.0,其他,,,1040328,土地0建物1車位0,七層,8,華廈(10層含以下有電梯),見其他登記事項,鋼筋混凝土造,0931203,95.3,1,1,1,有,有,有,13500,142,,0.0,0,,RPROMLTJMHKFFAD28CC
安平區,建物,臺南市安平區健康三街211~240號,0.0,住,,,1040330,土地0建物1車位0,二層,8,華廈(10層含以下有電梯),住家用,鋼筋混凝土造,0830603,71.1,2,1,1,有,有,有,11500,162,,0.0,0,,RPSOMLTJMHKFFAD38CC
安平區,建物,臺南市安平區建平十七街151~180號,0.0,商,,,1040401,土地0建物1車位0,一層,12,店面(店鋪),商業用,鋼筋混凝土造,0841121,58.13,0,1,1,有,有,有,10000,172,,0.0,0,,RPTOMLTJMHKFFAD48CC
中西區,建物,臺南市中西區金華路三段211~240號,0.0,住,,,1040403,土地0建物1車位0,十二層,18,住宅大樓(11層含以上有電梯),住家用,鋼筋混凝土造,0840704,43.51,1,0,1,有,有,有,7000,161,,0.0,0,,RPUOMLTJMHKFFAD58CC
中西區,房地(土地+建物),臺南市中西區青年路226巷61~90號,0.0,住,,,1040318,土地1建物1車位0,五層,5,華廈(10層含以下有電梯),住家用,鋼筋混凝土造,0770401,42.0,2,1,1,有,無,有,6500,155,,0.0,0,,RPUNMLKKMHKFFAD67CC
安平區,土地,新南段31~60地號,590.0,其他,,,1040321,土地1建物0車位0,,,其他,,,,0.0,0,0,0,有,無,無,50000,85,,0.0,0,,RPVNMLKKMHKFFAD77CC
北區,土地,北元段181~210地號,1805.12,住,,,1040313,土地1建物0車位0,,,其他,,,,0.0,0,0,0,有,無,無,55000,30,,0.0,0,,RPWNMLKKMHKFFAD87CC
南區,房地(土地+建物),臺南市南區仁慈街61~90號,0.0,住,,,1040328,土地2建物1車位0,一層,4,公寓(5樓含以下無電梯),住家用,鋼筋混凝土構造,0681013,87.47,2,1,1,有,無,有,9000,103,,0.0,0,租賃合約書無填寫土地租賃.租金包含網路及第四台費用,RPWNMLKKMHKFFCD08CC
南區,房地(土地+建物),臺南市南區永華路31~60號,723.0,住,,,1040331,土地5建物1車位0,一層,1,店面(店鋪),見其他登記事項,磚造,0110101,193.3,0,0,0,無,無,無,150000,776,,0.0,0,,RPOOMLKKMHKFFCD37CC
東區,房地(土地+建物)+車位,臺南市東區裕農路1~30號,8.24,其他,,,1040328,土地1建物1車位1,六層,13,住宅大樓(11層含以上有電梯),住家用,鋼筋混凝土構造,0830201,53.32,3,2,2,有,有,有,20000,375,坡道機械,3.23,0,,RPPOMLKKMHKFFCD47CC
東區,房地(土地+建物),臺南市東區大同路二段61巷1~30號,4.74,其他,,,1040407,土地1建物1車位0,一層,16,住宅大樓(11層含以上有電梯),住商用,鋼筋混凝土構造,0831216,56.49,2,3,2,有,有,有,20000,354,,0.0,0,"本物件出租範圍為1層+2層,總樓層為16層",RPROMLKKMHKFFCD67CC
東區,建物,臺南市東區崇善東路1~30號,0.0,住,,,1040316,土地0建物1車位0,七層,8,華廈(10層含以下有電梯),住家用,鋼筋混凝土構造,0890202,84.35,2,1,1,有,有,有,11000,130,,0.0,0,,RPQPMLKKMHKFFCD67CC
永康區,建物,臺南市永康區中華西街21巷1~30號,0.0,住,,,1040330,土地0建物1車位0,五層,6,華廈(10層含以下有電梯),住家用,鋼筋混凝土造,0820524,117.94999999999999,3,1,2,有,有,有,13000,110,,0.0,0,,RPOOMLKKMHKFFHR66CC
永康區,建物,臺南市永康區鹽洲二街91~120號,0.0,住,,,1040410,土地0建物1車位0,全,4,透天厝,住商用,鋼筋混凝土造,0840209,209.82,5,1,4,有,無,有,17000,81,,0.0,0,,RPPNMLLKMHKFFHR76CC
中西區,土地,康樂段331~360地號,684.0,商,,,1040403,土地1建物0車位0,,,其他,,,,0.0,0,0,0,有,無,無,80000,117,,0.0,0,,RPPNMLLKMHKFFAD27CC
中西區,建物,臺南市中西區五妃街309巷1~30號,0.0,住,,,1040408,土地0建物1車位0,三層,5,公寓(5樓含以下無電梯),住家用,鋼筋混凝土造,0730626,124.78,3,2,2,有,無,有,7000,56,,0.0,0,,RPQNMLLKMHKFFAD37CC
善化區,房地(土地+建物),臺南市善化區永福路31~60號,54.42,其他,,,1040408,土地1建物1車位0,全,2,透天厝,住家用,鋼筋混凝土造,0700624,69.62,2,1,2,有,無,有,6500,93,,0.0,0,,RPRNMLNKMHKFFER86CC
歸仁區,建物,臺南市歸仁區中正南路二段1~30號,0.0,住,,,1040410,土地0建物1車位0,全,4,透天厝,住商用,鋼筋混凝土造,0961009,235.22,5,2,3,有,無,有,25000,106,,0.0,0,1.租賃契約書無填寫土地租賃面積2.由所有權人提供租屋資訊,RPSNMLOKMHKFFFR17CC
永康區,房地(土地+建物),臺南市永康區中華路211~240號,77.05,商,,,1040401,土地1建物1車位0,見其他登記事項,4,店面(店鋪),住家用,鋼筋混凝土造,0750609,192.51,5,2,3,有,無,有,30000,156,,0.0,0,,RPTNMLOKMHKFFHR47CC
安平區,建物,臺南市安平區健康路三段691~720號,0.0,住,,,1040411,土地0建物1車位0,三層,7,華廈(10層含以下有電梯),見其他登記事項,見其他登記事項,0940917,142.56,2,1,2,有,有,有,15000,105,,0.0,0,,RPUNMLOKMHKFFAD08CC
東區,建物,臺南市東區怡東路150巷1~30號,0.0,住,,,1040410,土地0建物1車位0,四層,12,住宅大樓(11層含以上有電梯),國民住宅,鋼筋混凝土構造,0881116,133.22,5,1,3,有,有,有,19000,143,,0.0,0,,RPWNMLOKMHKFFCD48CC
東區,房地(土地+建物),臺南市東區崇德八街31~60號,92.0,其他,,,1040411,土地1建物1車位0,見其他登記事項,3,店面(店鋪),住商用,鋼筋混凝土構造,0730423,204.17,7,2,3,有,無,無,23000,113,,0.0,0,,RPQOMLOKMHKFFCD97CC
東區,建物,臺南市東區東興路199巷1~30號,4788.0,其他,,,1040315,土地0建物1車位0,一層,12,住宅大樓(11層含以上有電梯),國民住宅,鋼筋混凝土構造,0881116,81.38,3,2,2,有,有,無,10000,123,,0.0,0,,RPSOMLOKMHKFFCD18CC
東區,建物,臺南市東區怡東路150巷1~30號,0.0,住,,,1040414,土地0建物1車位0,十一層,12,住宅大樓(11層含以上有電梯),國民住宅,鋼筋混凝土構造,0881116,129.1,5,0,2,有,有,有,19000,147,,0.0,0,,RPRNMLPKMHKFFCD08CC
東區,房地(土地+建物),臺南市東區東門路一段61~90號,3.99,住,,,1040325,土地2建物1車位0,四層,9,套房(1房1廳1衛),住家用,鋼筋混凝土構造,0800122,17.44,1,0,1,有,無,有,2500,143,,0.0,0,,RPWNMLPKMHKFFCD58CC
北區,建物,臺南市北區育德路121~150號,0.0,住,,,1040317,土地0建物1車位0,二層,4,公寓(5樓含以下無電梯),住家用,鋼筋混凝土造,0700529,112.89,3,2,1,有,無,有,9000,80,,0.0,0,,RPQNMLPKMHKFFAD77CC
北區,房地(土地+建物)+車位,臺南市北區公園南路370巷61~90號,16.66,住,,,1040415,土地1建物1車位1,十六層,16,住宅大樓(11層含以上有電梯),住家用,鋼筋混凝土造,0840912,105.24,3,2,2,有,無,有,12000,114,坡道機械,0.0,0,,RPVOMLPKMHKFFAD38CC
北區,房地(土地+建物),臺南市北區東豐路227巷1~30號,109.0,住,,,1040318,土地1建物1車位0,全,4,透天厝,住家用,鋼筋混凝土造,0750421,157.64,8,0,8,有,無,有,6500,41,,0.0,0,,RPWOMLPKMHKFFAD48CC
安南區,房地(土地+建物),臺南市安南區安昌街174巷181~210號,83.45,住,,,1040412,土地1建物1車位0,全,3,透天厝,住商用,鋼筋混凝土造,1021122,164.27,1,0,1,有,無,有,5000,30,,0.0,0,,RPRNMLPKMHKFFBD97CC
善化區,建物,臺南市善化區建國路329巷1~30號,0.0,住,,,1040329,土地0建物1車位0,全,3,透天厝,住家用,鋼筋混凝土造,1000505,290.8,5,3,4,有,有,有,35000,120,,0.0,0,1.合約書無填具土地租賃面積.2.由所有權人提供出租資訊.,RPQNMLQKMHKFFER07CC
永康區,房地(土地+建物),臺南市永康區四維街1~30號,97.54,住,,,1040410,土地2建物1車位0,一層,4,店面(店鋪),住商用,鋼筋混凝土造,0961217,55.49,0,0,1,有,無,無,15000,270,,0.0,0,,RPSNMLQKMHKFFHR57CC
永康區,建物,臺南市永康區中華路7巷1~30號,0.0,住,,,1040402,土地0建物1車位0,八層,19,住宅大樓(11層含以上有電梯),見其他登記事項,見其他登記事項,1010817,89.91,2,1,1,有,有,有,17000,189,,0.0,0,,RPXNMLQKMHKFFHR08CC
永康區,建物,臺南市永康區中華路7巷1~30號,0.0,住,,,1040329,土地0建物1車位0,十二層,19,住宅大樓(11層含以上有電梯),見其他登記事項,見其他登記事項,1010817,89.91,2,1,1,有,有,有,20000,222,,0.0,0,,RPOOMLQKMHKFFHR27CC
永康區,土地,鹽南段481~510地號,495.76,工,,,1040409,土地2建物0車位0,,,其他,,,,0.0,0,0,0,有,無,有,23625,48,,0.0,0,,RPQOMLQKMHKFFHR47CC
北區,房地(土地+建物),臺南市北區文賢三街331~360號,74.2,住,,,1040416,土地1建物1車位0,全,4,透天厝,見其他登記事項,見其他登記事項,0940103,190.44,5,2,4,有,無,有,22000,116,,0.0,0,,RPRNMLQKMHKFFAD97CC
東區,建物,臺南市東區光華街211~240號,0.0,住,,,1040320,土地0建物1車位0,四層,7,套房(1房1廳1衛),住家用,鋼筋混凝土構造,0791226,39.66,1,1,1,有,有,有,5500,139,,0.0,0,,RPTNMLQKMHKFFCD38CC
永康區,土地,保生段31~60地號,917.29,住,,,1040401,土地1建物0車位0,,,其他,,,,0.0,0,0,0,有,無,無,90000,98,,0.0,0,,RPQNMLRKMHKFFHR47CC
仁德區,建物,臺南市仁德區保安路一段72巷1~30號,0.0,工,,,1040417,土地0建物1車位0,一層,1,工廠,工業用,鋼筋混凝土造,0760729,1145.77,0,0,0,無,無,有,150000,,,0.0,0,1.租賃契約書無填寫土地租賃面積2.由所有權人提供租屋資訊,RPUNMLSKMHKFFFR77CC
東區,建物,臺南市東區府東街31~60號,0.0,住,,,1040415,土地0建物1車位0,四層,6,華廈(10層含以下有電梯),住家用,鋼筋混凝土構造,0830204,145.11,3,2,2,有,無,有,13000,90,,0.0,0,,RPRNMLSKMHKFFCD38CC
東區,建物,臺南市東區怡東路150巷1~30號,0.0,住,,,1040416,土地0建物1車位0,三層,12,住宅大樓(11層含以上有電梯),國民住宅,鋼筋混凝土構造,0881116,133.22,5,1,3,有,有,有,19000,143,,0.0,0,,RPSNMLSKMHKFFCD48CC
永康區,房地(土地+建物),臺南市永康區中正七街31~60號,80.0,商,,,1040331,土地1建物1車位0,全,4,透天厝,住商用,鋼筋混凝土造,0930810,211.02,8,1,9,有,無,有,50000,237,,0.0,0,,RPWNMLKLMHKFFHR47CC
仁德區,土地,牛稠段1~30地號,228.21,住,,,1040414,土地2建物0車位0,,,其他,,,,0.0,0,0,0,有,無,無,6000,26,,0.0,0,,RPQNMLLLMHKFFFR76CC
東區,建物,臺南市東區東寧路61~90號,0.0,商,,,1040330,土地0建物0車位0,全,5,透天厝,住商用,鋼筋混凝土構造,0740202,176.68,0,2,2,有,無,無,52000,294,,0.0,0,,RPSNMLMLMHKFFCD97CC
東區,建物,臺南市東區大同路一段151~180號,0.0,商,,,1040418,土地0建物1車位0,十二層,12,住宅大樓(11層含以上有電梯),商業用,鋼筋混凝土構造,0800718,443.15,1,0,1,有,有,有,5500,12,,0.0,0,1.租賃契約書無填寫土地租賃面積2.由所有權人提供租屋資訊3.分租套房，租賃面積不確定，約略8坪,RPRNMLNLMHKFFCD97CC
南區,建物,臺南市南區金華路一段503巷1~30號,0.0,住,,,1040422,土地0建物1車位0,五層,5,公寓(5樓含以下無電梯),住家用,鋼筋混凝土構造,0710430,80.18,3,2,1,有,無,有,9000,112,,0.0,0,,RPUNMLNLMHKFFCD28CC
東區,房地(土地+建物),臺南市東區崇明路241~270號,0.0,住,,,1040410,土地1建物1車位0,全,4,透天厝,住商用,鋼筋混凝土構造,0771219,43.38,0,0,0,無,無,無,25000,576,,0.0,0,,RPVOMLNLMHKFFCD48CC
北區,建物,臺南市北區北門路二段241~270號,0.0,住,,,1040417,土地0建物1車位0,十層,11,住宅大樓(11層含以上有電梯),國民住宅,鋼筋混凝土構造,0911115,133.4,5,2,2,有,有,有,20000,150,,0.0,0,,RPQNMLNLMHKFFAD67CC
北區,建物,臺南市北區北門路二段31~60號,0.0,住,,,1040419,土地0建物1車位0,全,3,透天厝,住家用,鋼筋混凝土構造,0700519,50.1,1,1,1,有,無,有,12000,240,,0.0,0,,RPRNMLNLMHKFFAD77CC
中西區,建物,臺南市中西區南門路187巷1~30號,0.0,住,,,1040420,土地0建物1車位0,四層,5,公寓(5樓含以下無電梯),住家用,鋼筋混凝土構造,0721130,146.34,4,2,2,有,有,有,16000,109,,0.0,0,,RPSNMLNLMHKFFAD87CC
北區,建物,臺南市北區公園路321巷1~30號,0.0,住,,,1040413,土地0建物1車位0,全,4,透天厝,住家用,鋼筋混凝土構造,0701218,141.45,3,2,3,有,無,有,13000,92,,0.0,0,,RPTNMLNLMHKFFAD97CC
中西區,建物,臺南市中西區西門路二段61~90號,0.0,其他,,,1040423,土地0建物1車位0,一層,3,店面(店鋪),住商用,加強磚造,0460801,66.12,0,0,0,無,無,無,38000,575,,0.0,0,,RPSPMLOLMHKFFAD18CC
佳里區,房地(土地+建物),臺南市佳里區佳北路31~60號,917.55,住,,,1040417,土地1建物1車位0,一層,1,其他,商業用,鋼造,0830316,318.61,0,0,0,無,有,無,31000,97,,0.0,0,,RPSNMLOLMHKFFDR07CC
永康區,房地(土地+建物),臺南市永康區小東路423巷1~30號,59.47,商,,,1040420,土地1建物1車位0,一層,14,店面(店鋪),見其他登記事項,見其他登記事項,1010320,138.49,0,0,0,無,無,無,45000,325,,0.0,0,,RPPOMLOLMHKFFHR27CC
佳里區,房地(土地+建物),臺南市佳里區勝利路31~60號,232.18,其他,,,1030428,土地2建物2車位0,全,3,透天厝,住商用,鋼筋混凝土造,0730523,449.81,0,0,0,無,無,無,11000,24,,0.0,0,,RPUNMLOLMHKFFDR37DC
歸仁區,建物,臺南市歸仁區中正南路二段1~30號,0.0,住,,,1040410,土地0建物1車位0,全,4,透天厝,住商用,鋼筋混凝土造,0961009,239.71,5,2,3,有,無,有,25000,104,,0.0,0,1.租賃契約書無填寫土地租賃面積2.由所有權人提供租屋資訊,RPTNMLPLMHKFFFR47CC
中西區,建物,臺南市中西區開山路89巷1~30號,0.0,住,,,1040423,土地0建物1車位0,五層,5,公寓(5樓含以下無電梯),住家用,鋼筋混凝土構造,0790409,65.32000000000001,1,1,2,有,無,有,6000,92,,0.0,0,,RPPNMLPLMHKFFAD77CC
東區,建物,臺南市東區育樂街61~90號,0.0,住,,,1040424,土地0建物1車位0,七層,8,華廈(10層含以下有電梯),國民住宅,鋼筋混凝土構造,0910102,156.16,4,2,2,有,有,有,17000,109,,0.0,0,,RPPNMLPLMHKFFCD97CC
中西區,建物,臺南市中西區青年路31~60號,73.93,商,,,1040423,土地0建物1車位0,全,3,透天厝,住商用,加強磚造,0640725,179.5,3,2,2,有,無,無,30000,167,,0.0,0,,RPPNMLQLMHKFFAD97DC
東區,房地(土地+建物),臺南市東區東安路50巷10弄1~30號,27.75,住,,,1040424,土地1建物1車位0,三層,5,公寓(5樓含以下無電梯),住家用,鋼筋混凝土構造,0710223,77.26,3,2,2,有,無,有,12000,155,,0.0,0,,RPRNMLRLMHKFFCD48DC
東區,房地(土地+建物),臺南市東區東安路50巷10弄1~30號,27.75,住,,,1040424,土地1建物1車位0,三層,5,公寓(5樓含以下無電梯),住家用,鋼筋混凝土構造,0710223,77.26,3,2,2,有,無,有,12000,155,,0.0,0,,RPTNMLSLMHKFFCD88EC
永康區,土地,東橋段241~270地號,292.06,住,,,1040331,土地4建物0車位0,,,其他,,,,0.0,0,0,0,有,無,無,13000,45,,0.0,0,,RPVNMLSLMHKFFHR18CC
永康區,土地,東橋段241~270地號,810.53,住,,,1040331,土地12建物0車位0,,,其他,,,,0.0,0,0,0,有,無,無,140000,173,,0.0,0,,RPWNMLSLMHKFFHR28CC
永康區,土地,東橋段271~300地號,150.12,住,,,1040331,土地2建物0車位0,,,其他,,,,0.0,0,0,0,有,無,無,8000,53,,0.0,0,,RPXNMLSLMHKFFHR38CC
永康區,建物,臺南市永康區南工街226巷2弄1~30號,0.0,住,,,1040427,土地0建物1車位0,全,4,透天厝,住家用,鋼筋混凝土造,0851030,199.47,6,2,3,有,無,有,20000,100,,0.0,0,,RPOPMLSLMHKFFHR67CC
東區,房地(土地+建物),臺南市東區大同路二段631~660號,85.85,其他,,,1040421,土地1建物1車位0,全,3,透天厝,住商用,加強磚造,0630826,184.56,0,0,3,有,無,有,23000,125,,0.0,0,是開放空間,RPVNMLSLMHKFFCD88CC
東區,建物,臺南市東區育樂街66巷1~30號,0.0,住,,,1040425,土地0建物1車位0,五層,9,華廈(10層含以下有電梯),國民住宅,鋼筋混凝土構造,0910102,161.74,4,2,2,有,有,有,18000,111,,0.0,0,,RPOOMLSLMHKFFCD28CC
北區,建物,臺南市北區和緯路四段95巷31~60號,0.0,住,,,1040425,土地0建物1車位0,五層,5,公寓(5樓含以下無電梯),住家用,鋼筋混凝土構造,0701017,89.15,3,1,1,有,無,有,12000,135,,0.0,0,,RPQOMLSLMHKFFAD28CC
中西區,建物,臺南市中西區開山路89巷1~30號,0.0,住,,,1040426,土地0建物1車位0,三層,5,公寓(5樓含以下無電梯),住家用,鋼筋混凝土構造,0700720,98.9,3,2,2,有,無,有,12000,121,,0.0,0,,RPTOMLSLMHKFFAD58CC
北區,建物,臺南市北區公園南路331~360號,0.0,住,,,1040420,土地0建物1車位0,一層,14,住宅大樓(11層含以上有電梯),見其他登記事項,鋼筋混凝土構造,0971219,56.79,2,2,1,有,有,有,21000,370,,0.0,0,,RPWPMLSLMHKFFAD98CC
安平區,建物,臺南市安平區建平七街61~90號,0.0,住,,,1040428,土地0建物1車位0,全,5,透天厝,住商用,鋼筋混凝土構造,0820308,274.02,5,2,5,有,無,無,36000,131,,0.0,0,,RPRNMLTLMHKFFAD38CC
北區,房地(土地+建物),臺南市北區育德路481~510號,112.99,住,,,1040426,土地1建物1車位0,一層,5,店面(店鋪),見其他登記事項,鋼筋混凝土構造,0980626,62.23,0,0,1,有,無,無,20000,321,,0.0,0,,RPRNMLKMMHKFFAD57CC
安平區,房地(土地+建物),臺南市安平區郡平路181~210號,18.71,其他,,,1040315,土地1建物1車位0,十五層,16,住宅大樓(11層含以上有電梯),住家用,鋼筋混凝土構造,0850907,119.86,3,2,3,有,無,有,25000,209,,0.0,0,,RPTNMLKMMHKFFAD77CC
永康區,建物,臺南市永康區大橋里中華路619巷22弄1~30號,0.0,住,,,1040411,土地0建物1車位0,全,4,透天厝,住商用,鋼筋混凝土造,0770620,163.13,5,1,2,有,無,有,16000,98,,0.0,0,,RPQOMLKMMHKFFHR07CC
