﻿鄉鎮市區,交易標的,土地區段位置建物區段門牌,土地面積平方公尺,都市土地使用分區,非都市土地使用分區,非都市土地使用編定,租賃年月日,租賃筆棟數,租賃層次,總樓層數,建物型態,主要用途,主要建材,建築完成年月,建物總面積平方公尺,建物現況格局-房,建物現況格局-廳,建物現況格局-衛,建物現況格局-隔間,有無管理組織,有無附傢俱,總額元,單價元平方公尺,車位類別,車位面積平方公尺,車位總額元,備註,編號
The villages and towns urban district,transaction sign,land sector position building sector house number plate,land shifting total area square meter,the use zoning or compiles and checks,the non-metropolis land use district,non-metropolis land use,transaction year month and day,transaction pen number,shifting level,total floor number,building state,main use,main building materials,construction to complete the years,building shifting total area,Building present situation pattern - room,building present situation pattern - hall,building present situation pattern - health,building present situation pattern - compartmented,Whether there is manages the organization,Whether there is attaches the furniture,total price NTD,the unit price (NTD / square meter),the berth category,berth shifting total area square meter,the berth total price NTD,the note,serial number
斗六市,房地(土地+建物),雲林縣斗六市南揚街114巷1~30號,181.0,住,,,1040201,土地1建物1車位0,全,2,透天厝,住家用,加強磚造,0760630,179.44,3,1,2,有,無,有,16000,89,,0.0,0,,RPQOMLOLKHKFFAP09EC
西螺鎮,房地(土地+建物),雲林縣西螺鎮詔安1~30號,53.81,住,,,1040305,土地1建物1車位0,全,4,透天厝,住家用,鋼筋混凝土造,0810403,151.33,3,2,2,有,無,無,6500,43,,0.0,0,,RPPNMLRKLHKFFCP56CC
西螺鎮,房地(土地+建物),雲林縣西螺鎮公正路121~150號,62.0,住,,,1040401,土地1建物1車位0,全,3,透天厝,住家用,鋼筋混凝土加強磚造,0611002,98.0,4,1,2,有,無,有,12000,122,,0.0,0,以週租3000元,RPTNMLMJMHKFFCP56DC
