﻿編號,屋齡,建物移轉面積平方公尺,主要用途,主要建材,建築完成日期,總層數,建物分層
The serial number,room age,building shifting area square meter,the main use,main building materials,construction completes the date,total layer,building lamination
RPPNMLNJKHKFFAV88DA,37,101.76,住家用,加強磚造,66年8月16日,二層,一層 二層
RPPNMLOJKHKFFDV56CA,,130.08,住家用,鋼筋混凝土造,,三層,一層 二層 三層
RPPOMLMJKHKFFAV88DA,33,110.99,住家用,加強磚造,70年11月3日,二層,騎樓 一層 二層
RPPOMLMJKHKFFAV88DA,33,38.22,住家用,鋼筋混凝土造,71年5月7日,三層,三層
RPROMLOLKHKFFAV76CA,43,93.28,住家用,見其他登記事項,61年4月4日,二層,一層 二層
RPRNMLPLKHKFFAV86DA,20,435.03,見其他登記事項,見其他登記事項,84年3月8日,一層,一層
RPRNMLPJKHKFFAV56CA,19,294.96,住商用,鋼筋混凝土造,85年3月20日,四層,一層 二層 三層 四層
RPPNMLPJKHKFFAV98CA,20,73.96,見其他登記事項,鋼筋混凝土造,84年6月1日,五層,四層
RPPNMLPJKHKFFAV98CA,20,8.53,見其他登記事項,鋼筋混凝土造,84年6月1日,五層,
RPPNMLQJKHKFFAV09CA,40,39.90,住家用,見其他登記事項,64年1月1日,一層,一層
RPPNMLPJKHKFFAV98CA,20,10.63,見其他登記事項,鋼筋混凝土造,84年6月1日,五層,
RPSOMLOLKHKFFAV86CA,21,205.98,住家用,鋼筋混凝土造,83年5月13日,三層,一層 二層 三層
RPSNMLPJKHKFFAV76DA,32,78.02,住家用,加強磚造,71年10月13日,一層,一層
RPPNMLTJKHKFFAV86DA,36,80.49,住家用,加強磚造,68年1月8日,二層,一層 二層
RPSNMLQJKHKFFCV96CA,,67.38,住商用,見其他登記事項,,二層,一層 二層 騎樓
RPSNMLTJLHKFFAV17CA,31,103.44,住家用,加強磚造,72年12月21日,二層,一層 二層 騎樓
RPXNMLTJKHKFFAV57CA,,227.19,住家用,見其他登記事項,103年8月12日,三層,一層 二層 三層
RPSNMLTJKHKFFAV07CA,16,89.27,見其他登記事項,鋼筋混凝土造,87年10月14日,七層,一層 二層 騎樓
RPSNMLTJKHKFFAV07CA,16,13.33,見其他登記事項,鋼筋混凝土造,87年10月14日,七層,
RPSNMLTJKHKFFAV07CA,16,20.17,見其他登記事項,鋼筋混凝土造,87年10月14日,七層,
RPTNMLMKKHKFFAV56CA,22,97.78,住家用,鋼筋混凝土造,82年7月16日,七層,一層
RPTNMLMKKHKFFAV56CA,22,30.20,見其他登記事項,鋼筋混凝土造,82年7月16日,七層,
RPVNMLOJLHKFFAV07DA,21,143.82,住家用,鋼筋混凝土造,82年10月13日,三層,一層 二層 三層
RPTOMLTJKHKFFAV27CA,,250.58,見其他登記事項,見其他登記事項,103年12月16日,三層,二層 三層 見其他登記事項 一層
RPUOMLTJKHKFFAV37CA,,254.21,見其他登記事項,見其他登記事項,103年12月16日,三層,一層 二層 三層 見其他登記事項
RPOOMLLKKHKFFAV68CA,19,168.18,住家用,鋼筋混凝土造,85年1月13日,四層,一層 二層 三層 四層
RPSNMLKKKHKFFAV88CA,16,89.19,見其他登記事項,鋼筋混凝土造,87年12月16日,九層,三層
RPSNMLKKKHKFFAV88CA,16,15.51,見其他登記事項,鋼筋混凝土造,87年12月16日,九層,
RPSNMLKKKHKFFAV88CA,16,10.98,見其他登記事項,鋼筋混凝土造,87年12月16日,九層,
RPQNMLLKKHKFFBV98DA,,274.59,農舍,見其他登記事項,103年11月5日,三層,一層 二層 三層
RPPNMLQKKHKFFDV86CA,17,35.30,商業用,鋼筋混凝土造,87年3月6日,十層,四層
RPPNMLQKKHKFFDV86CA,17,1.12,見其他登記事項,鋼筋混凝土造,87年3月6日,十五層,
RPPNMLQKKHKFFDV86CA,17,6.55,見其他登記事項,鋼筋混凝土造,87年3月6日,十五層,
RPPNMLQKKHKFFDV86CA,17,5.06,見其他登記事項,鋼筋混凝土造,87年3月6日,十層,
RPVOMLMJLHKFFAV86CA,33,119.27,住家用,加強磚造,70年12月30日,二層,一層 二層 騎樓
RPPNMLPKKHKFFAV09CA,33,100.10,住家用,加強磚造,70年8月11日,二層,一層 二層
RPQNMLNKKHKFFCV66DA,37,129.88,住商用,加強磚造,67年5月24日,二層,一層 二層 騎樓
RPROMLNKKHKFFAV56CA,20,74.68,見其他登記事項,鋼筋混凝土造,84年2月17日,八層,六層
RPROMLNKKHKFFAV56CA,20,4.45,見其他登記事項,鋼筋混凝土造,84年2月17日,八層,
RPROMLNKKHKFFAV56CA,20,26.19,見其他登記事項,鋼筋混凝土造,84年2月17日,八層,
RPROMLNKKHKFFAV56CA,20,9.05,見其他登記事項,鋼筋混凝土造,84年2月17日,八層,
RPUNMLRKKHKFFCV37CA,10,99.65,見其他登記事項,鋼筋混凝土造,94年1月21日,三層,三層
RPUNMLRKKHKFFCV37CA,10,4.38,見其他登記事項,鋼筋混凝土造,94年1月21日,一層,
RPUNMLRKKHKFFCV37CA,10,14.48,見其他登記事項,鋼筋混凝土造,94年1月21日,八層,
RPPOMLMKKHKFFAV98DA,38,80.60,住家用,見其他登記事項,65年10月1日,二層,一層 二層
RPRNMLMKKHKFFAV98CA,,38.28,商業用,加強磚造,,一層,一層 騎樓
RPUOMLLKKHKFFAV66CA,,175.94,見其他登記事項,見其他登記事項,103年12月10日,三層,一層 二層 三層 見其他登記事項
RPWOMLMKKHKFFAV96CA,11,290.25,住商用,鋼筋混凝土造,92年8月1日,三層,三層 騎樓 一層 二層
RPOPMLMKKHKFFAV88CA,20,117.62,住家用,鋼筋混凝土造,83年12月19日,五層,四層
RPOPMLMKKHKFFAV88CA,20,1.18,見其他登記事項,鋼筋混凝土造,83年12月19日,五層,
RPOPMLMKKHKFFAV88CA,20,1.18,見其他登記事項,鋼筋混凝土造,83年12月19日,五層,
RPOPMLMKKHKFFAV88CA,20,23.97,見其他登記事項,鋼筋混凝土造,83年12月19日,五層,
RPQOMLQKKHKFFAV76CA,,319.94,住商用,見其他登記事項,,三層,
RPQOMLQKKHKFFAV76CA,,316.78,住商用,見其他登記事項,,三層,
RPQOMLQKKHKFFAV76CA,44,115.55,商業用,見其他登記事項,59年12月15日,一層,
RPQOMLQKKHKFFAV76CA,44,39.96,商業用,見其他登記事項,59年12月15日,一層,
RPQOMLQKKHKFFAV76CA,43,138.16,住家用,見其他登記事項,60年11月10日,三層,
RPQOMLQKKHKFFAV76CA,43,29.12,商業用,見其他登記事項,60年11月10日,一層,
RPQOMLQKKHKFFAV76CA,42,175.44,住家用,見其他登記事項,61年11月10日,三層,
RPQOMLQKKHKFFAV76CA,40,54.57,住家用,見其他登記事項,63年11月28日,三層,
RPQOMLQKKHKFFAV76CA,40,51.70,住家用,見其他登記事項,63年10月29日,三層,
RPQOMLMKKHKFFAV98CA,19,77.29,見其他登記事項,鋼筋混凝土造,84年12月20日,七層,四層
RPQOMLMKKHKFFAV98CA,,28.01,見其他登記事項,鋼筋混凝土造,,七層,
RPUNMLOLKHKFFAV07DA,34,72.27,住家用,見其他登記事項,69年10月1日,一層,一層 騎樓
RPWNMLOLKHKFFAV17CA,,150.29,住家用,見其他登記事項,103年12月10日,三層,一層 二層 三層
RPPNMLPJLHKFFAV09CA,22,152.80,住家用,鋼筋混凝土造,82年5月27日,三層,一層 二層 三層
RPXNMLQKKHKFFAV47DA,18,5.77,商業用,鋼筋混凝土造,86年3月3日,七層,一層
RPXNMLQKKHKFFAV47DA,18,2.48,見其他登記事項,鋼筋混凝土造,86年3月3日,七層,
RPXNMLQKKHKFFAV47DA,18,6.19,見其他登記事項,鋼筋混凝土造,86年3月3日,七層,
RPROMLNJLHKFFAV56CA,36,88.64,國民住宅,加強磚造,67年11月9日,二層,一層 二層
RPXNMLOLKHKFFAV27CA,,172.35,住家用,見其他登記事項,103年12月3日,三層,一層 二層 三層
RPPNMLOJLHKFFDV76DA,21,24.26,住家用,鋼筋混凝土造,82年12月31日,五層,三層
RPPNMLOJLHKFFDV76DA,21,9.02,見其他登記事項,鋼筋混凝土造,82年12月31日,五層,
SPPNMLOJLHKFFDV86DA,21,24.26,住家用,鋼筋混凝土造,82年12月31日,五層,三層
SPPNMLOJLHKFFDV86DA,21,9.02,見其他登記事項,鋼筋混凝土造,82年12月31日,五層,
RPTNMLQJLHKFFAV96CA,21,178.90,住家用,鋼筋混凝土造,82年10月30日,七層,七層
RPTNMLQJLHKFFAV96CA,21,40.64,住家用,鋼筋混凝土造,82年10月30日,七層,
RPTNMLQJLHKFFAV96CA,21,29.38,住家用,鋼筋混凝土造,82年10月30日,七層,
RPVNMLQKKHKFFAV17CA,20,124.33,見其他登記事項,鋼筋混凝土造,84年1月4日,三層,一層 二層 三層
RPSNMLQKLHKFFCV17CA,35,138.00,住商用,見其他登記事項,69年5月6日,二層,一層 二層 騎樓
RPSNMLQKLHKFFCV17CA,35,138.00,住商用,見其他登記事項,69年5月6日,二層,一層 二層 騎樓
RPWNMLQKKHKFFAV27CA,21,157.83,住商用,鋼筋混凝土造,82年7月16日,七層,一層 二層 三層 騎樓
RPWNMLQKKHKFFAV27CA,21,48.64,見其他登記事項,鋼筋混凝土造,82年7月16日,七層,
RPPOMLQKKHKFFAV66CA,1,251.40,住家用,見其他登記事項,103年3月12日,三層,一層 二層 三層 見其他登記事項
RPPNMLPLKHKFFAV56CA,21,97.53,見其他登記事項,鋼筋混凝土造,82年8月14日,七層,五層
RPPNMLPLKHKFFAV56CA,21,18.28,見其他登記事項,鋼筋混凝土造,82年8月14日,七層,
RPPNMLPLKHKFFAV56CA,21,9.59,見其他登記事項,鋼筋混凝土造,82年8月14日,七層,
RPPNMLPLKHKFFAV56CA,21,1.48,見其他登記事項,鋼筋混凝土造,82年8月14日,七層,
RPUNMLOJLHKFFCV07CA,,101.60,住商用,見其他登記事項,,二層,一層 二層 騎樓
RPVNMLQLKHKFFAV27CA,20,79.23,見其他登記事項,鋼筋混凝土造,84年6月1日,五層,一層
RPVNMLQLKHKFFAV27CA,20,9.33,見其他登記事項,鋼筋混凝土造,84年6月1日,五層,
RPVNMLQLKHKFFAV27CA,20,9.80,見其他登記事項,鋼筋混凝土造,84年6月1日,五層,
RPRNMLOJLHKFFAV56CA,21,.32,見其他登記事項,鋼筋混凝土造,83年5月16日,十三層,
RPRNMLOJLHKFFAV56CA,21,99.13,見其他登記事項,鋼筋混凝土造,83年5月16日,十三層,六層
RPRNMLOJLHKFFAV56CA,21,.34,見其他登記事項,鋼筋混凝土造,83年5月16日,十三層,
RPRNMLOJLHKFFAV56CA,21,.34,見其他登記事項,鋼筋混凝土造,83年5月16日,十三層,
RPRNMLOJLHKFFAV56CA,21,.42,見其他登記事項,鋼筋混凝土造,83年5月16日,十三層,
RPRNMLOJLHKFFAV56CA,21,.34,見其他登記事項,鋼筋混凝土造,83年5月16日,十三層,
RPRNMLOJLHKFFAV56CA,21,.34,見其他登記事項,鋼筋混凝土造,83年5月16日,十三層,
RPRNMLOJLHKFFAV56CA,21,.16,見其他登記事項,鋼筋混凝土造,83年5月16日,十三層,
RPRNMLOJLHKFFAV56CA,21,.42,見其他登記事項,鋼筋混凝土造,83年5月16日,十三層,
RPRNMLOJLHKFFAV56CA,21,.85,見其他登記事項,鋼筋混凝土造,83年5月16日,十三層,
RPRNMLOJLHKFFAV56CA,21,.42,見其他登記事項,鋼筋混凝土造,83年5月16日,十三層,
RPRNMLOJLHKFFAV56CA,21,.30,見其他登記事項,鋼筋混凝土造,83年5月16日,十三層,
RPRNMLOJLHKFFAV56CA,21,.38,見其他登記事項,鋼筋混凝土造,83年5月16日,十三層,
RPRNMLOJLHKFFAV56CA,21,.34,見其他登記事項,鋼筋混凝土造,83年5月16日,十三層,
RPRNMLOJLHKFFAV56CA,21,.34,見其他登記事項,鋼筋混凝土造,83年5月16日,十三層,
RPRNMLOJLHKFFAV56CA,21,.42,見其他登記事項,鋼筋混凝土造,83年5月16日,十三層,
RPRNMLOJLHKFFAV56CA,21,12.52,見其他登記事項,鋼筋混凝土造,83年5月16日,十三層,
RPRNMLOJLHKFFAV56CA,21,1.27,見其他登記事項,鋼筋混凝土造,83年5月16日,十三層,
RPRNMLOJLHKFFAV56CA,21,.59,見其他登記事項,鋼筋混凝土造,83年5月16日,十三層,
RPRNMLOJLHKFFAV56CA,21,.42,見其他登記事項,鋼筋混凝土造,83年5月16日,十三層,
RPRNMLOJLHKFFAV56CA,21,.34,見其他登記事項,鋼筋混凝土造,83年5月16日,十三層,
RPRNMLOJLHKFFAV56CA,21,.30,見其他登記事項,鋼筋混凝土造,83年5月16日,十三層,
RPRNMLOJLHKFFAV56CA,21,.42,見其他登記事項,鋼筋混凝土造,83年5月16日,十三層,
RPRNMLOJLHKFFAV56CA,21,.34,見其他登記事項,鋼筋混凝土造,83年5月16日,十三層,
RPRNMLOJLHKFFAV56CA,21,.34,見其他登記事項,鋼筋混凝土造,83年5月16日,十三層,
RPRNMLOJLHKFFAV56CA,21,.34,見其他登記事項,鋼筋混凝土造,83年5月16日,十三層,
RPRNMLOJLHKFFAV56CA,21,.64,見其他登記事項,鋼筋混凝土造,83年5月16日,十三層,
RPRNMLOJLHKFFAV56CA,21,.16,見其他登記事項,鋼筋混凝土造,83年5月16日,十三層,
RPRNMLOJLHKFFAV56CA,21,.33,見其他登記事項,鋼筋混凝土造,83年5月16日,十三層,
RPRNMLOJLHKFFAV56CA,21,.42,見其他登記事項,鋼筋混凝土造,83年5月16日,十三層,
RPRNMLOJLHKFFAV56CA,21,.42,見其他登記事項,鋼筋混凝土造,83年5月16日,十三層,
RPRNMLOJLHKFFAV56CA,21,.42,見其他登記事項,鋼筋混凝土造,83年5月16日,十三層,
RPRNMLOJLHKFFAV56CA,21,.42,見其他登記事項,鋼筋混凝土造,83年5月16日,十三層,
RPQNMLRLKHKFFCV17DA,17,307.72,住家用,加強磚造,87年1月2日,二層,一層 二層 屋頂突出物
RPRNMLQLKHKFFAV86CA,28,75.44,住家用,加強磚造,75年11月5日,二層,一層 二層
RPWNMLNJLHKFFAV96CA,19,343.09,見其他登記事項,鋼筋混凝土造,84年12月11日,三層,一層 二層 三層 地下層
RPWNMLNJLHKFFAV96CA,19,42.64,見其他登記事項,鋼筋混凝土造,84年12月11日,三層,
RPPNMLSKLHKFFDV17CA,19,184.99,住家用,鋼筋混凝土造,84年7月25日,三層,一層 二層 三層 騎樓
RPQOMLKKLHKFFAV98DA,33,99.91,住家用,加強磚造,71年5月31日,二層,一層 二層 騎樓
RPTNMLPLKHKFFAV07DA,26,136.61,住家用,加強磚造,78年5月29日,二層,一層 二層
RPVNMLSKLHKFFAV47CA,31,105.04,國民住宅,鋼筋混凝土造,72年10月4日,四層,一層
RPVNMLSKLHKFFAV47CA,,5.21,見其他登記事項,見其他登記事項,,四層,
RPXNMLNJLHKFFAV07CA,49,102.84,住家用,見其他登記事項,55年5月1日,二層,一層 二層
RPQNMLPLKHKFFBV76CA,29,102.56,住家用,加強磚造,75年6月30日,二層,騎樓 一層 二層
RPPNMLNJLHKFFAV88CA,,103.88,住商用,見其他登記事項,,一層,
RPPNMLMJLHKFFAV78CA,35,111.80,住家用,加強磚造,69年7月2日,二層,一層 二層 騎樓
RPQNMLMJLHKFFAV88CA,23,476.67,住家用,鋼筋混凝土造,81年6月18日,三層,一層 二層 三層 騎樓 地下層
RPRNMLMJLHKFFAV98CA,9,231.83,見其他登記事項,見其他登記事項,94年8月29日,三層,一層 二層 三層 騎樓
RPQNMLQLKHKFFAV76CA,,283.38,住家用,見其他登記事項,103年9月25日,四層,一層 二層 三層 四層
RPQNMLQJLHKFFCV86CA,19,150.00,見其他登記事項,見其他登記事項,84年9月18日,一層,一層
RPRNMLQJLHKFFCV96CA,19,140.00,農舍,見其他登記事項,84年9月18日,一層,一層
RPUNMLNJLHKFFAV86DA,42,84.00,住家用,見其他登記事項,62年1月23日,二層,一層 二層 騎樓
RPPNMLNJLHKFFCV09CA,,134.50,住家用,見其他登記事項,,二層,一層 二層 騎樓
RPSNMLQJLHKFFDV17CA,17,35.30,商業用,鋼筋混凝土造,87年3月6日,十五層,十三層
RPSNMLQJLHKFFDV17CA,17,1.12,見其他登記事項,鋼筋混凝土造,87年3月6日,十五層,
RPSNMLQJLHKFFDV17CA,17,6.55,見其他登記事項,鋼筋混凝土造,87年3月6日,十五層,
RPSNMLQJLHKFFDV17CA,17,5.06,見其他登記事項,鋼筋混凝土造,87年3月6日,十層,
RPUNMLRKLHKFFAV27CA,38,108.88,住家用,見其他登記事項,66年6月18日,二層,一層 二層 騎樓
RPXNMLMJLHKFFAV96CA,20,86.31,見其他登記事項,鋼筋混凝土造,84年6月1日,五層,三層
RPXNMLMJLHKFFAV96CA,20,10.48,見其他登記事項,鋼筋混凝土造,84年6月1日,五層,
RPXNMLMJLHKFFAV96CA,20,8.34,見其他登記事項,鋼筋混凝土造,84年6月1日,五層,
RPSNMLNJLHKFFAV56CA,,377.16,見其他登記事項,見其他登記事項,103年12月16日,四層,一層 二層 三層 四層 見其他登記事項
RPRNMLQJLHKFFAV76CA,21,50.59,見其他登記事項,鋼筋混凝土造,82年8月14日,七層,六層
RPRNMLQJLHKFFAV76CA,21,7.58,見其他登記事項,鋼筋混凝土造,82年8月14日,七層,
RPRNMLQJLHKFFAV76CA,21,.74,見其他登記事項,鋼筋混凝土造,82年8月14日,七層,
RPRNMLQJLHKFFAV76CA,21,4.77,見其他登記事項,鋼筋混凝土造,82年8月14日,七層,
RPUNMLTJLHKFFAV37CA,21,93.26,見其他登記事項,見其他登記事項,82年8月17日,七層,六層
RPUNMLTJLHKFFAV37CA,21,13.02,見其他登記事項,鋼筋混凝土造,82年8月17日,七層,
RPUNMLTJLHKFFAV37CA,21,3.70,見其他登記事項,鋼筋混凝土造,82年8月17日,七層,
RPUNMLTJLHKFFAV37CA,21,6.03,見其他登記事項,鋼筋混凝土造,82年8月17日,七層,
RPUNMLTJLHKFFAV37CA,21,4.40,見其他登記事項,鋼筋混凝土造,82年8月17日,七層,
RPXNMLOJLHKFFAV17CA,10,190.91,住家用,鋼筋混凝土造,94年4月29日,三層,一層 二層 三層
RPTNMLOJLHKFFAV76CA,18,178.95,住家用,鋼筋混凝土造,86年7月16日,三層,一層 二層 三層
RPOOMLKLLHKFFAV78CA,19,209.60,見其他登記事項,鋼筋混凝土造,84年10月5日,三層,一層 二層 三層
RPSNMLQJLHKFFAV96DA,7,321.08,見其他登記事項,見其他登記事項,97年6月18日,一層,一層
RPVOMLKKLHKFFAV76CA,,111.50,住家用,見其他登記事項,103年9月15日,三層,一層 二層 三層
RPVOMLKKLHKFFAV76CA,,111.50,住家用,見其他登記事項,103年9月15日,三層,一層 二層 三層
RPPNMLNKLHKFFAV98CA,16,227.10,住家用,鋼筋混凝土造,88年2月5日,二層,一層 二層
RPSNMLRJMHKFFDV37CA,21,32.91,商業用,鋼筋混凝土造,83年4月27日,九層,二層
RPSNMLRJMHKFFDV37CA,21,37.85,見其他登記事項,鋼筋混凝土造,83年4月27日,九層,
RPSNMLRJMHKFFDV37CA,21,7.75,見其他登記事項,鋼筋混凝土造,83年4月27日,九層,
RPQNMLQJLHKFFDV96CA,,80.62,住家用,見其他登記事項,,一層,一層 騎樓
RPWNMLLMLHKFFAV07CA,31,89.74,住家用,鋼筋混凝土造,72年10月19日,四層,三層
RPWNMLLMLHKFFAV07CA,,4.78,見其他登記事項,見其他登記事項,,四層,
RPRNMLTJLHKFFAV07CA,,337.80,住家用,見其他登記事項,103年12月5日,三層,一層 二層 三層
RPPNMLKKLHKFFAV68CA,34,110.88,住家用,加強磚造,69年10月6日,二層,一層 二層 騎樓
RPXNMLNKLHKFFAV17CA,21,22.58,見其他登記事項,鋼筋混凝土造,83年1月26日,七層,七層
RPXNMLNKLHKFFAV17CA,21,.48,共有部分,鋼筋混凝土造,83年1月26日,七層,
RPXNMLNKLHKFFAV17CA,21,.48,共有部分,鋼筋混凝土造,83年1月26日,七層,
RPXNMLNKLHKFFAV17CA,21,.48,共有部分,鋼筋混凝土造,83年1月26日,七層,
RPXNMLNKLHKFFAV17CA,21,.48,共有部分,鋼筋混凝土造,83年1月26日,七層,
RPXNMLNKLHKFFAV17CA,21,3.66,共有部分,鋼筋混凝土造,83年1月26日,七層,
RPXNMLNKLHKFFAV17CA,21,.49,共有部分,鋼筋混凝土造,83年1月26日,七層,
RPXNMLNKLHKFFAV17CA,21,.48,共有部分,鋼筋混凝土造,83年1月26日,七層,
RPXNMLNKLHKFFAV17CA,21,.48,共有部分,鋼筋混凝土造,83年1月26日,七層,
SPSNMLSKLHKFFAV27CA,22,28.06,見其他登記事項,鋼筋混凝土造,82年5月22日,十二層,十層
SPSNMLSKLHKFFAV27CA,22,3.34,共有部分,鋼筋混凝土造,82年5月22日,十二層,
SPSNMLSKLHKFFAV27CA,22,7.04,見其他登記事項,鋼筋混凝土造,82年5月22日,十二層,
TPSNMLSKLHKFFAV37CA,22,28.06,見其他登記事項,鋼筋混凝土造,82年5月22日,十二層,十層
TPSNMLSKLHKFFAV37CA,22,3.34,共有部分,鋼筋混凝土造,82年5月22日,十二層,
TPSNMLSKLHKFFAV37CA,22,7.04,見其他登記事項,鋼筋混凝土造,82年5月22日,十二層,
RPSNMLSKLHKFFAV17CA,22,28.06,見其他登記事項,鋼筋混凝土造,82年5月22日,十二層,九層
RPSNMLSKLHKFFAV17CA,22,3.34,共有部分,鋼筋混凝土造,82年5月22日,十二層,
RPSNMLSKLHKFFAV17CA,22,7.04,見其他登記事項,鋼筋混凝土造,82年5月22日,十二層,
RPRNMLLKLHKFFAV98CA,54,38.50,住家用,竹造,50年7月15日,一層,一層 騎樓
RPRNMLRLLHKFFCV27CA,30,54.45,住家用,加強磚造,74年6月5日,二層,一層 二層
RPRNMLRLLHKFFCV27CA,30,54.45,住家用,加強磚造,74年6月5日,二層,一層 二層
RPPNMLLKLHKFFDV09CA,29,101.50,住家用,加強磚造,75年1月21日,二層,一層 二層
RPUNMLMKLHKFFAV86DA,19,99.47,見其他登記事項,鋼筋混凝土造,84年12月20日,七層,六層
RPUNMLMKLHKFFAV86DA,,36.25,見其他登記事項,鋼筋混凝土造,,七層,
RPWNMLNKLHKFFAV07CA,,84.13,住家用,見其他登記事項,103年8月22日,,一層 二層 三層
RPUNMLMKLHKFFBV86CA,15,90.58,農舍,見其他登記事項,89年5月3日,一層,一層
RPXNMLLKLHKFFAV96CA,14,199.03,住家用,鋼筋混凝土造,90年4月11日,四層,一層 二層 三層 四層
RPSNMLLKLHKFFAV09CA,22,28.06,見其他登記事項,鋼筋混凝土造,82年5月22日,十二層,六層
RPSNMLLKLHKFFAV09CA,22,7.04,見其他登記事項,鋼筋混凝土造,82年5月22日,十二層,
RPSNMLLKLHKFFAV09CA,22,3.34,共有部分,鋼筋混凝土造,82年5月22日,十二層,
RPQNMLRKLHKFFBV96CA,35,99.46,住家用,加強磚造,69年7月1日,二層,二層 騎樓 一層
SPTNMLMKLHKFFAV76CA,19,.05,商業用,鋼筋混凝土造,85年6月28日,九層,一層
SPTNMLMKLHKFFAV76CA,19,39.59,見其他登記事項,鋼筋混凝土造,85年6月28日,九層,
RPQNMLMKLHKFFAV98CA,37,34.77,住家用,見其他登記事項,67年2月22日,一層,一層
RPTNMLMKLHKFFAV66CA,19,90.95,見其他登記事項,鋼筋混凝土造,85年6月28日,九層,三層
RPTNMLMKLHKFFAV66CA,19,10.65,見其他登記事項,鋼筋混凝土造,85年6月28日,九層,
RPTNMLMKLHKFFAV66CA,19,10.39,見其他登記事項,鋼筋混凝土造,85年6月28日,九層,
RPTNMLKLLHKFFAV66DA,36,84.48,住家用,加強磚造,68年4月25日,二層,二層 一層
RPPNMLOKLHKFFAV09CA,14,199.03,住家用,鋼筋混凝土造,90年4月11日,四層,一層 二層 三層 四層
RPQNMLNKLHKFFDV86DA,28,314.12,住商用,鋼筋混凝土造,76年5月4日,三層,一層 二層 三層 騎樓
RPPNMLRKLHKFFDV07CA,21,67.34,見其他登記事項,加強磚造,83年6月15日,二層,一層 二層
RPWNMLNLLHKFFAV17CA,,172.35,住家用,見其他登記事項,103年12月3日,三層,三層 一層 二層
RPPNMLQKLHKFFAV66CA,21,87.17,見其他登記事項,鋼筋混凝土造,83年4月19日,十四層,三層
RPPNMLQKLHKFFAV66CA,21,24.52,見其他登記事項,鋼筋混凝土造,83年4月19日,十四層,
RPQNMLOLLHKFFDV96CA,20,8.03,見其他登記事項,鋼筋混凝土造,84年7月14日,八層,
RPQNMLOLLHKFFDV96CA,20,36.30,見其他登記事項,鋼筋混凝土造,84年7月14日,八層,五層
SPQNMLOLLHKFFDV07CA,20,6.94,見其他登記事項,鋼筋混凝土造,84年7月14日,八層,
SPQNMLOLLHKFFDV07CA,20,30.87,見其他登記事項,鋼筋混凝土造,84年7月14日,八層,五層
RPXNMLMJMHKFFAV07CA,36,111.29,住家用,加強磚造,67年12月24日,二層,一層 二層 騎樓
RPRNMLSKLHKFFAV07CA,36,81.03,住家用,加強磚造,68年1月8日,二層,一層 二層
RPQNMLSKLHKFFAV96CA,41,93.98,住家用,見其他登記事項,62年11月5日,二層,一層 二層 騎樓
RPXNMLRKLHKFFAV57CA,21,53.78,見其他登記事項,鋼筋混凝土造,82年10月19日,七層,六層
RPXNMLRKLHKFFAV57CA,21,14.75,見其他登記事項,鋼筋混凝土造,82年10月19日,七層,
RPXNMLRKLHKFFAV57CA,21,5.90,見其他登記事項,鋼筋混凝土造,82年10月19日,七層,
RPQNMLTKLHKFFAV07CA,1,193.34,住家用,見其他登記事項,103年8月14日,三層,一層 二層 三層
RPRNMLMJMHKFFAV09CA,27,124.64,住家用,加強磚造,77年5月13日,二層,一層 二層 騎樓
RPPNMLKLLHKFFAV78CA,31,101.52,,加強磚造,73年2月1日,二層,一層 二層 騎樓
RPTNMLSKLHKFFAV27CA,,192.24,住家用,見其他登記事項,103年10月6日,三層,一層 二層 三層
RPPNMLRKLHKFFAV76CA,35,76.92,住家用,加強磚造,69年4月21日,二層,一層 二層 騎樓
RPTNMLRLLHKFFAV27CA,16,100.08,見其他登記事項,鋼筋混凝土造,87年12月16日,九層,九層
RPTNMLRLLHKFFAV27CA,16,20.52,見其他登記事項,鋼筋混凝土造,87年12月16日,九層,
RPTNMLRLLHKFFAV27CA,16,14.53,見其他登記事項,鋼筋混凝土造,87年12月16日,九層,
RPRNMLKLLHKFFAV98CA,20,79.37,見其他登記事項,鋼筋混凝土造,84年1月25日,十層,五層
RPRNMLKLLHKFFAV98CA,,2.14,見其他登記事項,鋼筋混凝土造,,十層,
RPRNMLKLLHKFFAV98CA,20,9.44,見其他登記事項,鋼筋混凝土造,84年1月25日,十層,
RPRNMLKLLHKFFAV98CA,20,2.26,見其他登記事項,鋼筋混凝土造,84年1月25日,十層,
RPRNMLKLLHKFFAV98CA,20,11.52,見其他登記事項,鋼筋混凝土造,84年1月25日,十層,
RPVNMLKLLHKFFAV76CA,28,30.54,農舍,磚造,76年8月7日,一層,一層
RPPNMLTKLHKFFBV07CA,33,89.96,住家用,加強磚造,70年9月8日,二層,一層 二層 騎樓
RPOOMLMJMHKFFAV88CA,1,259.99,見其他登記事項,見其他登記事項,104年1月5日,三層,一層 二層 三層 騎樓 見其他登記事項
RPUNMLTKLHKFFAV47CA,21,65.78,見其他登記事項,鋼筋混凝土造,83年4月19日,十四層,九層
RPUNMLTKLHKFFAV47CA,21,20.51,見其他登記事項,鋼筋混凝土造,83年4月19日,十四層,
RPWNMLKLLHKFFAV86CA,41,116.38,住家用,見其他登記事項,63年4月27日,二層,一層 二層 騎樓
RPPOMLKLLHKFFAV88CA,31,88.82,國民住宅,鋼筋混凝土造,72年10月19日,四層,四層
RPPOMLKLLHKFFAV88CA,,4.63,見其他登記事項,見其他登記事項,,四層,
RPXNMLKLLHKFFAV96CA,20,20.46,見其他登記事項,鋼筋混凝土造,84年7月31日,七層,
RPXNMLKLLHKFFAV96CA,20,142.01,見其他登記事項,鋼筋混凝土造,84年7月31日,七層,七層
RPXNMLKLLHKFFAV96CA,20,43.68,見其他登記事項,鋼筋混凝土造,84年7月31日,七層,
RPSNMLNLLHKFFAV76CA,21,83.53,見其他登記事項,鋼筋混凝土造,83年5月16日,十三層,十三層
RPSNMLNLLHKFFAV76CA,21,11.13,見其他登記事項,鋼筋混凝土造,83年5月16日,十三層,
RPSNMLNLLHKFFAV76CA,21,.56,見其他登記事項,鋼筋混凝土造,83年5月16日,十三層,
RPSNMLNLLHKFFAV76CA,21,.75,見其他登記事項,鋼筋混凝土造,83年5月16日,十三層,
RPSNMLNLLHKFFAV76CA,21,.37,見其他登記事項,鋼筋混凝土造,83年5月16日,十三層,
RPSNMLNLLHKFFAV76CA,21,.14,見其他登記事項,鋼筋混凝土造,83年5月16日,十三層,
RPSNMLNLLHKFFAV76CA,21,.30,見其他登記事項,鋼筋混凝土造,83年5月16日,十三層,
RPSNMLNLLHKFFAV76CA,21,.30,見其他登記事項,鋼筋混凝土造,83年5月16日,十三層,
RPSNMLNLLHKFFAV76CA,21,.37,見其他登記事項,鋼筋混凝土造,83年5月16日,十三層,
RPSNMLNLLHKFFAV76CA,21,.28,見其他登記事項,鋼筋混凝土造,83年5月16日,十三層,
RPSNMLNLLHKFFAV76CA,21,.30,見其他登記事項,鋼筋混凝土造,83年5月16日,十三層,
RPSNMLNLLHKFFAV76CA,21,.30,見其他登記事項,鋼筋混凝土造,83年5月16日,十三層,
RPSNMLNLLHKFFAV76CA,21,.27,見其他登記事項,鋼筋混凝土造,83年5月16日,十三層,
RPSNMLNLLHKFFAV76CA,21,.34,見其他登記事項,鋼筋混凝土造,83年5月16日,十三層,
RPSNMLNLLHKFFAV76CA,21,.30,見其他登記事項,鋼筋混凝土造,83年5月16日,十三層,
RPSNMLNLLHKFFAV76CA,21,.30,見其他登記事項,鋼筋混凝土造,83年5月16日,十三層,
RPSNMLNLLHKFFAV76CA,21,.37,見其他登記事項,鋼筋混凝土造,83年5月16日,十三層,
RPSNMLNLLHKFFAV76CA,21,.53,見其他登記事項,鋼筋混凝土造,83年5月16日,十三層,
RPSNMLNLLHKFFAV76CA,21,.37,見其他登記事項,鋼筋混凝土造,83年5月16日,十三層,
RPSNMLNLLHKFFAV76CA,21,.37,見其他登記事項,鋼筋混凝土造,83年5月16日,十三層,
RPSNMLNLLHKFFAV76CA,21,.30,見其他登記事項,鋼筋混凝土造,83年5月16日,十三層,
RPSNMLNLLHKFFAV76CA,21,.37,見其他登記事項,鋼筋混凝土造,83年5月16日,十三層,
RPSNMLNLLHKFFAV76CA,21,.37,見其他登記事項,鋼筋混凝土造,83年5月16日,十三層,
RPSNMLNLLHKFFAV76CA,21,.30,見其他登記事項,鋼筋混凝土造,83年5月16日,十三層,
RPSNMLNLLHKFFAV76CA,21,.37,見其他登記事項,鋼筋混凝土造,83年5月16日,十三層,
RPSNMLNLLHKFFAV76CA,21,.27,見其他登記事項,鋼筋混凝土造,83年5月16日,十三層,
RPSNMLNLLHKFFAV76CA,21,.37,見其他登記事項,鋼筋混凝土造,83年5月16日,十三層,
RPSNMLNLLHKFFAV76CA,21,.30,見其他登記事項,鋼筋混凝土造,83年5月16日,十三層,
RPSNMLNLLHKFFAV76CA,21,.37,見其他登記事項,鋼筋混凝土造,83年5月16日,十三層,
RPSNMLNLLHKFFAV76CA,21,.14,見其他登記事項,鋼筋混凝土造,83年5月16日,十三層,
RPSNMLNLLHKFFAV76CA,21,1.13,見其他登記事項,鋼筋混凝土造,83年5月16日,十三層,
RPSNMLNLLHKFFAV76CA,21,.30,見其他登記事項,鋼筋混凝土造,83年5月16日,十三層,
RPSNMLNLLHKFFAV76CA,21,.30,見其他登記事項,鋼筋混凝土造,83年5月16日,十三層,
RPVNMLPLLHKFFAV27CA,20,308.86,住家用,鋼筋混凝土造,83年11月21日,五層,騎樓 一層 二層 三層 四層 五層
RPQNMLNKMHKFFBV66CA,24,158.50,住家用,加強磚造,80年4月23日,二層,一層 二層 騎樓
RPQOMLNLLHKFFAV66CA,21,50.59,見其他登記事項,鋼筋混凝土造,82年8月14日,七層,六層
RPQOMLNLLHKFFAV66CA,21,7.49,見其他登記事項,鋼筋混凝土造,82年8月14日,七層,
RPQOMLNLLHKFFAV66CA,21,.73,見其他登記事項,鋼筋混凝土造,82年8月14日,七層,
RPQOMLNLLHKFFAV66CA,21,4.71,見其他登記事項,鋼筋混凝土造,82年8月14日,七層,
RPQOMLNLLHKFFAV66CA,21,4.71,見其他登記事項,鋼筋混凝土造,82年8月14日,七層,
RPVNMLNLLHKFFAV07CA,38,220.90,住家用,鋼筋混凝土加強磚造,66年3月23日,二層,一層 二層 騎樓
RPOOMLTKLHKFFAV07DA,38,126.50,住家用,見其他登記事項,65年12月15日,二層,一層 二層 騎樓
RPRNMLPLLHKFFAV86CA,1,267.89,住家用,見其他登記事項,103年7月3日,三層,一層 二層 三層
RPRNMLOLLHKFFAV76CA,21,28.00,見其他登記事項,鋼筋混凝土造,82年10月26日,六層,五層
RPRNMLOLLHKFFAV76CA,21,11.62,見其他登記事項,鋼筋混凝土造,82年10月26日,六層,
RPSNMLLJMHKFFAV09CA,55,175.34,見其他登記事項,見其他登記事項,49年7月15日,二層,一層 二層 騎樓
RPTNMLOLLHKFFAV96CA,,79.76,住家用,見其他登記事項,,二層,一層 二層 騎樓
RPQNMLOLLHKFFAV66CA,35,99.76,住家用,加強磚造,69年5月14日,二層,一層 二層
RPROMLNLLHKFFAV76CA,20,109.58,見其他登記事項,鋼筋混凝土造,84年2月17日,八層,七層
RPROMLNLLHKFFAV76CA,20,33.59,見其他登記事項,鋼筋混凝土造,84年2月17日,八層,
RPROMLNLLHKFFAV76CA,20,14.08,見其他登記事項,鋼筋混凝土造,84年2月17日,八層,
RPRNMLQLLHKFFAV96CA,,208.99,住家用,見其他登記事項,104年1月8日,三層,一層 二層 三層
RPUNMLQLLHKFFAV27CA,33,192.72,住家用,見其他登記事項,71年4月21日,三層,一層 二層 三層 騎樓
RPPOMLLJMHKFFAV88CA,,200.95,住家用,見其他登記事項,104年1月7日,三層,一層 二層 三層
RPWNMLLJMHKFFAV86CA,,198.09,住家用,見其他登記事項,104年1月7日,三層,一層 二層 三層
RPVNMLRLLHKFFCV67CA,31,149.10,住家用,鋼筋混凝土造,73年5月26日,四層,一層 二層 三層 四層 騎樓
RPROMLLJMHKFFAV09CA,,200.95,住家用,見其他登記事項,104年1月7日,三層,一層 二層 三層
RPQNMLNJMHKFFAV09CA,,182.35,住家用,見其他登記事項,104年1月7日,三層,一層 二層 三層
RPQNMLLJMHKFFAV88CA,,182.35,住家用,見其他登記事項,104年1月7日,三層,一層 二層 三層
RPPNMLKKMHKFFAV78CA,,182.35,住家用,見其他登記事項,104年1月8日,三層,一層 二層 三層
RPRNMLRJMHKFFAV96CA,21,114.42,國民住宅,鋼筋混凝土造,82年12月3日,四層,四層
RPRNMLRJMHKFFAV96CA,21,.29,見其他登記事項,鋼筋混凝土造,82年12月3日,四層,
RPRNMLRJMHKFFAV96CA,21,.28,見其他登記事項,鋼筋混凝土造,82年12月3日,四層,
RPRNMLRJMHKFFAV96CA,21,.28,見其他登記事項,鋼筋混凝土造,82年12月3日,四層,
RPRNMLRJMHKFFAV96CA,21,.28,見其他登記事項,鋼筋混凝土造,82年12月3日,四層,
RPRNMLRJMHKFFAV96CA,21,3.97,見其他登記事項,鋼筋混凝土造,82年12月3日,四層,
RPRNMLRJMHKFFAV96CA,21,.28,見其他登記事項,鋼筋混凝土造,82年12月3日,四層,
RPRNMLRJMHKFFAV96CA,21,.29,見其他登記事項,鋼筋混凝土造,82年12月3日,四層,
RPRNMLRJMHKFFAV96CA,21,.28,見其他登記事項,鋼筋混凝土造,82年12月3日,四層,
RPRNMLRJMHKFFAV96CA,21,.29,見其他登記事項,鋼筋混凝土造,82年12月3日,四層,
RPRNMLRJMHKFFAV96CA,21,.28,見其他登記事項,鋼筋混凝土造,82年12月3日,四層,
RPRNMLRJMHKFFAV96CA,21,.29,見其他登記事項,鋼筋混凝土造,82年12月3日,四層,
RPRNMLRJMHKFFAV96CA,21,.28,見其他登記事項,鋼筋混凝土造,82年12月3日,四層,
RPRNMLRJMHKFFAV96CA,21,.28,見其他登記事項,鋼筋混凝土造,82年12月3日,四層,
RPRNMLRJMHKFFAV96CA,21,.28,見其他登記事項,鋼筋混凝土造,82年12月3日,四層,
RPRNMLRJMHKFFAV96CA,21,2.50,見其他登記事項,鋼筋混凝土造,82年12月3日,四層,
RPRNMLRJMHKFFAV96CA,21,.77,見其他登記事項,鋼筋混凝土造,82年12月3日,四層,
RPRNMLRJMHKFFAV96CA,21,.28,見其他登記事項,鋼筋混凝土造,82年12月3日,四層,
RPRNMLRJMHKFFAV96CA,21,.29,見其他登記事項,鋼筋混凝土造,82年12月3日,四層,
RPRNMLRJMHKFFAV96CA,21,.28,見其他登記事項,鋼筋混凝土造,82年12月3日,四層,
RPRNMLRJMHKFFAV96CA,21,.28,見其他登記事項,鋼筋混凝土造,82年12月3日,四層,
RPRNMLRJMHKFFAV96CA,21,.28,見其他登記事項,鋼筋混凝土造,82年12月3日,四層,
RPRNMLRJMHKFFAV96CA,21,.28,見其他登記事項,鋼筋混凝土造,82年12月3日,四層,
RPRNMLRJMHKFFAV96CA,21,.29,見其他登記事項,鋼筋混凝土造,82年12月3日,四層,
RPRNMLRJMHKFFAV96CA,21,.28,見其他登記事項,鋼筋混凝土造,82年12月3日,四層,
RPRNMLRJMHKFFAV96CA,21,.28,見其他登記事項,鋼筋混凝土造,82年12月3日,四層,
RPRNMLRJMHKFFAV96CA,21,.28,見其他登記事項,鋼筋混凝土造,82年12月3日,四層,
RPRNMLRJMHKFFAV96CA,21,.28,見其他登記事項,鋼筋混凝土造,82年12月3日,四層,
RPRNMLRJMHKFFAV96CA,21,.29,見其他登記事項,鋼筋混凝土造,82年12月3日,四層,
RPRNMLRJMHKFFAV96CA,21,.28,見其他登記事項,鋼筋混凝土造,82年12月3日,四層,
RPRNMLRJMHKFFAV96CA,21,.28,見其他登記事項,鋼筋混凝土造,82年12月3日,四層,
RPRNMLRJMHKFFAV96CA,21,.29,見其他登記事項,鋼筋混凝土造,82年12月3日,四層,
RPRNMLRJMHKFFAV96CA,21,.77,見其他登記事項,鋼筋混凝土造,82年12月3日,四層,
RPRNMLRJMHKFFAV96CA,21,.28,見其他登記事項,鋼筋混凝土造,82年12月3日,四層,
RPRNMLRJMHKFFAV96CA,21,.28,見其他登記事項,鋼筋混凝土造,82年12月3日,四層,
RPQNMLRLLHKFFAV96CA,18,67.86,農舍,見其他登記事項,85年10月5日,一層,一層
RPTNMLQLLHKFFAV17CA,19,91.50,見其他登記事項,鋼筋混凝土造,85年6月21日,七層,四層
RPTNMLQLLHKFFAV17CA,19,6.17,見其他登記事項,鋼筋混凝土造,85年6月21日,七層,
RPTNMLQLLHKFFAV17CA,19,8.68,見其他登記事項,鋼筋混凝土造,85年6月21日,七層,
RPTNMLQLLHKFFAV17CA,19,16.82,見其他登記事項,鋼筋混凝土造,85年6月21日,七層,
RPTNMLQLLHKFFAV17CA,19,5.87,見其他登記事項,鋼筋混凝土造,85年6月21日,七層,
RPPNMLTLLHKFFAV17DA,36,92.46,住家用,加強磚造,68年6月28日,二層,一層 二層 騎樓
RPPOMLMJMHKFFAV98CA,,212.89,見其他登記事項,見其他登記事項,104年1月5日,三層,一層 二層 三層 騎樓 見其他登記事項
RPPNMLSJMHKFFDV17CA,20,31.54,見其他登記事項,鋼筋混凝土造,83年9月30日,八層,三層
RPPNMLSJMHKFFDV17CA,20,6.07,見其他登記事項,鋼筋混凝土造,83年9月30日,八層,
RPQNMLPLLHKFFAV76CA,1,230.32,住家用,見其他登記事項,103年8月12日,三層,一層 二層 三層
SPPNMLSJMHKFFDV27CA,20,31.54,見其他登記事項,鋼筋混凝土造,83年9月30日,八層,三層
SPPNMLSJMHKFFDV27CA,20,6.07,見其他登記事項,鋼筋混凝土造,83年9月30日,八層,
RPUNMLLMLHKFFAV86CA,33,101.29,住家用,鋼筋混凝土造,70年10月21日,七層,七層
RPUNMLLMLHKFFAV86CA,,14.92,見其他登記事項,鋼筋混凝土造,,一層,
RPUNMLLMLHKFFAV86CA,33,16.57,見其他登記事項,鋼筋混凝土造,70年10月21日,七層,
RPWNMLRLLHKFFCV87DA,33,113.98,住家用,加強磚造,71年5月28日,二層,一層 二層 騎樓
RPVNMLLJMHKFFAV76CA,,101.28,住家用,見其他登記事項,104年1月7日,三層,一層 二層 三層
RPVNMLLJMHKFFAV76CA,,101.28,住家用,見其他登記事項,104年1月7日,三層,一層 二層 三層
RPUNMLMJMHKFFAV76CA,34,46.68,住家用,見其他登記事項,70年8月1日,一層,一層
RPVNMLKKMHKFFAV76CA,,196.23,住家用,見其他登記事項,104年1月7日,三層,一層 二層 三層
RPTNMLKKMHKFFAV56CA,32,308.58,住家用,加強磚造,71年9月27日,二層,一層 二層 騎樓
RPTNMLRJMHKFFDV47CA,21,27.98,商業用,鋼筋混凝土造,82年12月31日,五層,五層
RPTNMLRJMHKFFDV47CA,21,9.02,見其他登記事項,鋼筋混凝土造,82年12月31日,五層,
RPSOMLQLLHKFFAV17CA,,85.26,見其他登記事項,見其他登記事項,103年12月16日,三層,一層 二層 三層 見其他登記事項
RPSOMLQLLHKFFAV17CA,,85.26,見其他登記事項,見其他登記事項,103年12月16日,三層,一層 二層 三層 見其他登記事項
RPSOMLQLLHKFFAV17CA,,85.26,見其他登記事項,見其他登記事項,103年12月16日,三層,一層 二層 三層 見其他登記事項
RPVNMLLMLHKFFAV07DA,1,315.00,見其他登記事項,見其他登記事項,104年2月5日,三層,一層 二層 三層 見其他登記事項
RPTNMLNKMHKFFBV96CA,21,118.91,見其他登記事項,加強磚造,83年9月9日,二層,一層 二層
RPTNMLLMLHKFFAV76CA,19,190.96,住家用,鋼筋混凝土造,85年1月29日,三層,一層 二層 三層
RPWNMLKMLHKFFAV96CA,37,133.32,住家用,加強磚造,67年8月3日,二層,一層 二層
RPPNMLKLMHKFFBV09DA,36,105.56,住家用,加強磚造,68年6月1日,二層,一層 二層
RPSNMLLMLHKFFAV66CA,37,83.16,住家用,加強磚造,67年1月25日,二層,一層 二層
RPQNMLRJMHKFFAV86CA,39,91.90,住家用,見其他登記事項,65年2月21日,二層,一層 二層
RPUNMLRJMHKFFAV27CA,22,211.86,住家用,鋼筋混凝土造,82年8月26日,四層,一層 二層 三層 四層
RPPNMLRJMHKFFAV76CA,19,186.96,見其他登記事項,鋼筋混凝土造,85年3月26日,八層,一層 二層 三層 騎樓
RPPNMLRJMHKFFAV76CA,19,29.15,見其他登記事項,鋼筋混凝土造,85年3月26日,八層,
RPPNMLRJMHKFFAV76CA,19,44.53,見其他登記事項,鋼筋混凝土造,85年3月26日,八層,
RPQNMLRJMHKFFDV17CA,46,86.98,住家用,見其他登記事項,58年1月1日,一層,一層 騎樓
RPRNMLLJMHKFFAV09DA,36,97.18,住家用,加強磚造,68年4月25日,二層,一層 二層 夾層
RPXNMLKKMHKFFAV96CA,,200.95,住家用,見其他登記事項,104年1月7日,三層,一層 二層 三層
RPQNMLNKMHKFFCV86DA,10,117.00,農舍,加強磚造,93年11月18日,一層,一層
RPSNMLMJMHKFFAV56CA,,337.80,住家用,見其他登記事項,103年12月5日,三層,一層 二層 三層
RPVNMLMJMHKFFAV86CA,22,192.46,住家用,鋼筋混凝土造,82年5月27日,三層,二層 三層 一層 騎樓
RPTNMLSJMHKFFAV27CA,1,182.35,住家用,見其他登記事項,104年1月8日,三層,一層 二層 三層
RPRNMLTJMHKFFAV17CA,35,93.94,住家用,見其他登記事項,69年1月23日,一層,一層
RPWNMLMJMHKFFAV96CA,21,23.33,見其他登記事項,鋼筋混凝土造,83年1月26日,七層,五層
RPWNMLMJMHKFFAV96CA,21,.57,共有部分,鋼筋混凝土造,83年1月26日,七層,
RPWNMLMJMHKFFAV96CA,21,.57,共有部分,鋼筋混凝土造,83年1月26日,七層,
RPWNMLMJMHKFFAV96CA,21,.57,共有部分,鋼筋混凝土造,83年1月26日,七層,
RPWNMLMJMHKFFAV96CA,21,.57,共有部分,鋼筋混凝土造,83年1月26日,七層,
RPWNMLMJMHKFFAV96CA,21,.57,共有部分,鋼筋混凝土造,83年1月26日,七層,
RPWNMLMJMHKFFAV96CA,21,.57,共有部分,鋼筋混凝土造,83年1月26日,七層,
RPWNMLMJMHKFFAV96CA,21,4.27,共有部分,鋼筋混凝土造,83年1月26日,七層,
RPWNMLMJMHKFFAV96CA,21,.57,共有部分,鋼筋混凝土造,83年1月26日,七層,
RPPOMLRJMHKFFAV86CA,44,77.00,住家用,加強磚造,60年3月1日,一層,一層
RPTNMLRJMHKFFAV17CA,20,79.10,見其他登記事項,鋼筋混凝土造,84年1月25日,十層,十層
RPTNMLRJMHKFFAV17CA,,2.14,見其他登記事項,鋼筋混凝土造,,十層,
RPTNMLRJMHKFFAV17CA,20,9.44,見其他登記事項,鋼筋混凝土造,84年1月25日,十層,
RPTNMLRJMHKFFAV17CA,20,2.26,見其他登記事項,鋼筋混凝土造,84年1月25日,十層,
RPTNMLRJMHKFFAV17CA,20,11.52,見其他登記事項,鋼筋混凝土造,84年1月25日,十層,
RPQOMLRJMHKFFAV96CA,,231.79,住家用,見其他登記事項,103年8月12日,三層,一層 二層 三層
RPVNMLLLMHKFFAV96CA,1,210.15,見其他登記事項,見其他登記事項,104年1月5日,三層,一層 二層 三層 騎樓 見其他登記事項
RPUNMLLLMHKFFAV86CA,1,202.26,見其他登記事項,見其他登記事項,104年1月5日,三層,一層 二層 三層 騎樓
SPUNMLLLMHKFFAV96CA,1,292.39,見其他登記事項,見其他登記事項,104年1月5日,三層,三層 騎樓 一層 二層
RPSNMLMLMHKFFAV76CA,1,259.99,見其他登記事項,見其他登記事項,104年1月5日,三層,一層 二層 三層 騎樓 見其他登記事項
RPVNMLOKMHKFFAV17CA,28,115.57,農舍,見其他登記事項,75年10月7日,一層,一層
RPPOMLOKMHKFFAV66CA,22,94.89,住家用,鋼筋混凝土造,82年7月16日,七層,一層
RPPOMLOKMHKFFAV66CA,22,29.32,見其他登記事項,鋼筋混凝土造,82年7月16日,七層,
RPTNMLTJMHKFFAV37CA,,457.28,見其他登記事項,見其他登記事項,103年10月24日,三層,一層 二層 三層
RPQNMLKKMHKFFAV88CA,,280.94,住家用,見其他登記事項,,二層,一層 二層
RPSNMLPKMHKFFBV07CA,36,47.46,住家用,加強磚造,68年9月1日,一層,一層 騎樓
RPSOMLOKMHKFFAV96CA,8,217.85,見其他登記事項,見其他登記事項,95年11月3日,三層,一層 二層 三層
RPVNMLPKMHKFFAV27CA,41,100.82,住家用,見其他登記事項,63年3月6日,二層,一層 二層 騎樓
RPRNMLPKMHKFFAV86CA,3,385.38,住家用,見其他登記事項,101年8月8日,四層,一層 二層 三層 四層
SPXNMLOKMHKFFAV47CA,19,87.84,見其他登記事項,鋼筋混凝土造,85年6月28日,九層,九層
SPXNMLOKMHKFFAV47CA,19,9.50,見其他登記事項,鋼筋混凝土造,85年6月28日,九層,
SPXNMLOKMHKFFAV47CA,19,9.85,見其他登記事項,鋼筋混凝土造,85年6月28日,九層,
RPTNMLMLMHKFFAV86CA,31,85.95,住家用,鋼筋混凝土造,73年1月30日,四層,二層
RPTNMLMLMHKFFAV86CA,31,9.75,見其他登記事項,鋼筋混凝土造,73年1月30日,四層,
RPQNMLNKMHKFFAV66DA,21,79.35,見其他登記事項,鋼筋混凝土造,83年4月19日,十四層,四層
RPQNMLNKMHKFFAV66DA,21,22.29,見其他登記事項,鋼筋混凝土造,83年4月19日,十四層,
RPTNMLNKMHKFFAV86CA,31,94.92,國民住宅,鋼筋混凝土造,72年10月19日,四層,二層
RPTNMLNKMHKFFAV86CA,,4.63,見其他登記事項,鋼筋混凝土造,,四層,
RPPOMLRLMHKFFAV07CA,1,182.35,住家用,見其他登記事項,104年1月8日,三層,一層 二層 三層
SPWNMLRJNHKFFAV67CA,23,191.28,住家用,鋼筋混凝土造,81年1月31日,三層,一層 二層 三層
RPWNMLRJNHKFFAV57CA,23,191.28,住家用,鋼筋混凝土造,81年1月31日,三層,一層 二層 三層
RPQNMLQKMHKFFAV86CA,46,89.42,住家用,見其他登記事項,58年2月1日,二層,一層 二層
RPRNMLQKMHKFFAV96CA,34,83.60,住家用,鋼筋混凝土加強磚造,69年10月14日,二層,一層 二層
RPPNMLRKMHKFFAV86CA,45,86.24,住家用,見其他登記事項,59年9月2日,二層,
RPVNMLKMMHKFFAV96CA,19,48.29,商業用,鋼筋混凝土造,85年6月28日,七層,一層
RPVNMLKMMHKFFAV96CA,19,2.43,見其他登記事項,鋼筋混凝土造,85年6月28日,七層,
RPVNMLKMMHKFFAV96CA,19,1.97,見其他登記事項,鋼筋混凝土造,85年6月28日,七層,
RPVNMLKMMHKFFAV96CA,19,15.81,見其他登記事項,鋼筋混凝土造,85年6月28日,七層,
RPPNMLQKMHKFFBV86CA,22,188.20,住家用,鋼筋混凝土造,82年5月22日,三層,一層 二層 三層
RPUNMLQKMHKFFAV27CA,26,145.23,住家用,加強磚造,78年3月20日,二層,一層 二層
RPQNMLLLMHKFFBV56CA,16,100.95,住家用,鋼筋混凝土造,87年12月17日,五層,五層
RPQNMLKLMHKFFAV09DA,31,109.97,住家用,加強磚造,73年5月10日,二層,一層 二層
RPUNMLKLMHKFFAV76CA,22,146.07,住家用,鋼筋混凝土造,82年1月16日,三層,一層 二層 三層
RPRNMLLLMHKFFBV66CA,32,114.40,住家用,加強磚造,72年7月29日,二層,一層 二層 騎樓
RPRNMLNLMHKFFAV76CA,29,99.20,住家用,加強磚造,75年1月31日,二層,一層 二層
RPRNMLKMMHKFFAV56CA,36,96.01,住家用,加強磚造,67年12月24日,二層,一層 二層
RPRNMLTLMHKFFAV37CA,33,89.57,住家用,加強磚造,71年2月4日,四層,三層
RPRNMLTLMHKFFAV37CA,33,6.63,見其他登記事項,加強磚造,71年2月4日,四層,
RPRNMLTLMHKFFAV37CA,33,8.30,見其他登記事項,加強磚造,71年2月4日,四層,
RPQNMLTLMHKFFAV27CA,20,79.66,見其他登記事項,鋼筋混凝土造,84年1月25日,十層,九層
RPQNMLTLMHKFFAV27CA,,2.14,見其他登記事項,鋼筋混凝土造,,十層,
RPQNMLTLMHKFFAV27CA,20,9.44,見其他登記事項,鋼筋混凝土造,84年1月25日,十層,
RPQNMLTLMHKFFAV27CA,20,2.26,見其他登記事項,鋼筋混凝土造,84年1月25日,十層,
RPQNMLTLMHKFFAV27CA,20,11.52,見其他登記事項,鋼筋混凝土造,84年1月25日,十層,
RPQOMLOLMHKFFAV86CA,28,207.75,住家用,加強磚造,76年8月6日,二層,一層 二層 騎樓
RPPNMLMLMHKFFAV09CA,19,145.08,住家用,鋼筋混凝土造,85年1月11日,三層,一層 二層 三層
RPTNMLNLMHKFFAV96CA,33,56.48,住家用,加強磚造,70年11月28日,二層,一層 二層 騎樓
RPQNMLNLMHKFFAV66CA,36,86.58,住家用,加強磚造,67年11月9日,二層,一層 二層
RPUNMLTJNHKFFAV57CA,,90.72,住家用,磚造,,二層,一層 二層
RPTNMLTJNHKFFAV47CA,20,92.42,見其他登記事項,鋼筋混凝土造,83年12月17日,八層,一層
RPTNMLTJNHKFFAV47CA,20,11.59,見其他登記事項,鋼筋混凝土造,83年12月17日,八層,
RPTNMLTJNHKFFAV47CA,20,17.43,見其他登記事項,鋼筋混凝土造,83年12月17日,八層,
RPTNMLTJNHKFFAV47CA,20,8.45,見其他登記事項,鋼筋混凝土造,83年12月17日,八層,
SPSNMLLLMHKFFAV76CA,21,29.06,住家用,鋼筋混凝土造,82年10月27日,六層,四層
SPSNMLLLMHKFFAV76CA,21,15.37,見其他登記事項,鋼筋混凝土造,82年10月27日,六層,
RPXNMLKMMHKFFAV17CA,21,80.55,見其他登記事項,鋼筋混凝土造,82年10月19日,七層,三層
RPXNMLKMMHKFFAV17CA,21,23.51,見其他登記事項,鋼筋混凝土造,82年10月19日,七層,
RPXNMLKMMHKFFAV17CA,21,9.41,見其他登記事項,鋼筋混凝土造,82年10月19日,七層,
RPSNMLLLMHKFFAV66CA,21,30.33,住家用,鋼筋混凝土造,82年10月27日,六層,三層
RPSNMLLLMHKFFAV66CA,21,15.66,見其他登記事項,鋼筋混凝土造,82年10月27日,六層,
RPVNMLNLMHKFFAV27DA,36,45.66,住家用,見其他登記事項,68年5月1日,一層,一層
RPSNMLSLMHKFFAV47DA,21,23.18,見其他登記事項,鋼筋混凝土造,83年4月19日,十四層,
RPSNMLSLMHKFFAV47DA,21,71.23,見其他登記事項,鋼筋混凝土造,83年4月19日,十四層,六層
RPWNMLRLMHKFFAV67CA,20,88.87,住家用,鋼筋混凝土造,84年2月16日,八層,三層
RPWNMLRLMHKFFAV67CA,20,8.33,見其他登記事項,鋼筋混凝土造,84年2月16日,八層,
RPWNMLRLMHKFFAV67CA,20,13.06,見其他登記事項,鋼筋混凝土造,84年2月16日,八層,
RPWNMLRLMHKFFAV67CA,20,3.74,見其他登記事項,鋼筋混凝土造,84年2月16日,八層,
RPRNMLSLMHKFFAV27CA,,153.01,住家用,加強磚造,,三層,一層 二層 三層 騎樓
RPSNMLTJNHKFFAV37CA,34,138.96,住家用,加強磚造,70年7月10日,二層,
RPVNMLRLMHKFFAV57CA,33,120.18,住家用,加強磚造,70年12月3日,二層,一層 二層 騎樓
RPQNMLSLMHKFFAV17CA,14,199.03,住家用,鋼筋混凝土造,90年4月11日,四層,一層 二層 三層 四層
RPPNMLRLMHKFFCV27DA,21,208.35,住家用,鋼筋混凝土造,83年6月1日,三層,一層 二層 三層 騎樓
RPSNMLTLMHKFFCV67CA,,189.91,住商用,鋼筋混凝土造,,三層,一層 二層 三層 騎樓
RPPOMLQJNHKFFAV86CA,25,156.90,住家用,加強磚造,79年4月27日,二層,一層 二層
RPQNMLSJNHKFFCV37DA,21,172.15,見其他登記事項,加強磚造,83年2月7日,二層,一層 二層 騎樓
RPOOMLKMMHKFFAV98CA,20,81.88,見其他登記事項,鋼筋混凝土造,84年6月1日,五層,一層
RPOOMLKMMHKFFAV98CA,20,9.58,見其他登記事項,鋼筋混凝土造,84年6月1日,五層,
RPOOMLKMMHKFFAV98CA,20,10.46,見其他登記事項,鋼筋混凝土造,84年6月1日,五層,
RPVNMLSJNHKFFDV87CA,21,29.74,住家用,鋼筋混凝土造,82年12月31日,五層,二層
RPVNMLSJNHKFFDV87CA,21,9.79,見其他登記事項,鋼筋混凝土造,82年12月31日,五層,
RPPNMLLJNHKFFBV09DA,33,168.78,住家用,加強磚造,70年11月1日,二層,
RPQNMLKMMHKFFDV76CA,33,98.90,住家用,鋼筋混凝土造,70年12月11日,二層,一層 二層 騎樓
RPPNMLLJNHKFFDV56CA,21,38.25,見其他登記事項,鋼筋混凝土造,82年11月8日,八層,四層
RPPNMLLJNHKFFDV56CA,21,14.01,見其他登記事項,鋼筋混凝土造,82年11月8日,八層,
RPSOMLKMMHKFFAV76CA,1,196.67,住家用,見其他登記事項,103年12月25日,三層,一層 二層 三層
RPTOMLKMMHKFFAV86CA,21,32.70,見其他登記事項,鋼筋混凝土造,83年4月19日,十四層,二層
RPTOMLKMMHKFFAV86CA,21,13.37,見其他登記事項,鋼筋混凝土造,83年4月19日,十四層,
RPTNMLMKNHKFFCV07CA,33,224.92,住家用,見其他登記事項,70年12月14日,三層,一層 二層 三層 騎樓
RPQNMLLJNHKFFCV66DA,18,174.64,住家用,鋼筋混凝土造,86年9月2日,四層,一層 二層 三層 四層
RPROMLSJNHKFFAV27CA,8,185.21,見其他登記事項,見其他登記事項,95年10月31日,三層,一層 二層 三層
RPRNMLTJNHKFFAV27CA,20,81.88,見其他登記事項,鋼筋混凝土造,84年6月1日,五層,一層
RPRNMLTJNHKFFAV27CA,20,10.46,見其他登記事項,鋼筋混凝土造,84年6月1日,五層,
RPRNMLTJNHKFFAV27CA,20,9.58,見其他登記事項,鋼筋混凝土造,84年6月1日,五層,
RPUNMLOJNHKFFAV07CA,22,24.33,見其他登記事項,鋼筋混凝土造,82年5月22日,十二層,十層
RPUNMLOJNHKFFAV07CA,22,3.03,共有部分,鋼筋混凝土造,82年5月22日,十二層,
RPUNMLOJNHKFFAV07CA,22,6.37,見其他登記事項,鋼筋混凝土造,82年5月22日,十二層,
RPUOMLKMMHKFFAV96CA,35,88.20,住家用,見其他登記事項,68年10月22日,二層,一層 二層
RPUNMLMKNHKFFCV17CA,15,111.04,住家用,鋼筋混凝土造,88年11月1日,三層,一層 二層 三層
RPSNMLKMMHKFFAV66CA,19,216.83,見其他登記事項,鋼筋混凝土造,84年12月23日,七層,六層
RPSNMLKMMHKFFAV66CA,19,69.68,見其他登記事項,鋼筋混凝土造,84年12月3日,七層,
RPVOMLKMMHKFFAV07CA,21,78.36,見其他登記事項,鋼筋混凝土造,83年4月19日,十四層,十二層
RPVOMLKMMHKFFAV07CA,21,24.52,見其他登記事項,鋼筋混凝土造,83年4月19日,十四層,
RPSNMLOJNHKFFAV86CA,37,94.62,住家用,見其他登記事項,66年12月2日,二層,一層 二層
RPWNMLMKNHKFFAV17CA,20,79.51,見其他登記事項,鋼筋混凝土造,84年1月25日,十層,五層
RPWNMLMKNHKFFAV17CA,,2.14,見其他登記事項,鋼筋混凝土造,,十層,
RPWNMLMKNHKFFAV17CA,20,9.44,見其他登記事項,鋼筋混凝土造,84年1月25日,十層,
RPWNMLMKNHKFFAV17CA,20,2.26,見其他登記事項,鋼筋混凝土造,84年1月25日,十層,
RPWNMLMKNHKFFAV17CA,20,11.52,見其他登記事項,鋼筋混凝土造,84年1月25日,十層,
RPQNMLPJNHKFFCV96CA,6,147.31,住家用,鋼筋混凝土造,98年6月19日,三層,一層 二層 三層
SPQNMLPJNHKFFCV07CA,6,147.31,住家用,鋼筋混凝土造,98年6月19日,三層,一層 二層 三層
RPPNMLPJNHKFFCV86CA,6,147.31,住家用,鋼筋混凝土造,98年6月19日,三層,一層 二層 三層
RPXNMLSLNHKFFAV97CA,22,95.83,見其他登記事項,鋼筋混凝土造,82年8月14日,七層,七層
RPXNMLSLNHKFFAV97CA,22,9.48,見其他登記事項,鋼筋混凝土造,82年8月14日,七層,
RPXNMLSLNHKFFAV97CA,22,18.07,見其他登記事項,鋼筋混凝土造,82年8月14日,七層,
RPXNMLSLNHKFFAV97CA,22,1.47,見其他登記事項,鋼筋混凝土造,82年8月14日,七層,
