﻿鄉鎮市區,交易標的,土地區段位置建物區段門牌,土地移轉總面積平方公尺,都市土地使用分區,非都市土地使用分區,非都市土地使用編定,交易年月日,交易筆棟數,移轉層次,總樓層數,建物型態,主要用途,主要建材,建築完成年月,建物移轉總面積平方公尺,建物現況格局-房,建物現況格局-廳,建物現況格局-衛,建物現況格局-隔間,有無管理組織,總價元,單價元平方公尺,車位類別,車位移轉總面積平方公尺,車位總價元,備註,編號
The villages and towns urban district,transaction sign,land sector position building sector house number plate,land shifting total area square meter,the use zoning or compiles and checks,the non-metropolis land use district,non-metropolis land use,transaction year month and day,transaction pen number,shifting level,total floor number,building state,main use,main building materials,construction to complete the years,building shifting total area,Building present situation pattern - room,building present situation pattern - hall,building present situation pattern - health,building present situation pattern - compartmented,Whether there is manages the organization,total price NTD,the unit price (NTD / square meter),the berth category,berth shifting total area square meter,the berth total price NTD,the note,serial number
暖暖區,房地(土地+建物),源遠段811~840地號,14.31,住,,,1010823,土地1建物1車位0,十一層,12,住宅大樓(11層含以上有電梯),住家用,鋼筋混凝土造,,76.52,2,2,1,有,無,4000000,52274,,0.0,0,,RPRNMLKMMHIFFCC37CB
暖暖區,房地(土地+建物),源遠段811~840地號,14.31,住,,,1010907,土地1建物1車位0,十二層,12,住宅大樓(11層含以上有電梯),住家用,鋼筋混凝土造,,76.52,2,2,1,有,無,3900000,50967,,0.0,0,,RPSNMLKMMHIFFCC47CB
暖暖區,房地(土地+建物)+車位,源遠段811~840地號,14.96,住,,,1010309,土地1建物1車位1,二層,12,住宅大樓(11層含以上有電梯),住家用,鋼筋混凝土造,,96.54,2,2,1,有,無,3690000,42905,升降機械,18.46,340000,,RPTNMLKMMHIFFCC57CB
暖暖區,房地(土地+建物)+車位,源遠段811~840地號,14.96,住,,,1010222,土地1建物1車位1,四層,12,住宅大樓(11層含以上有電梯),住家用,鋼筋混凝土造,,96.54,2,2,1,有,無,4170000,49052,升降機械,18.46,340000,,RPUNMLKMMHIFFCC67CB
暖暖區,房地(土地+建物),源遠段811~840地號,14.66,住,,,1010826,土地1建物1車位0,十一層,12,住宅大樓(11層含以上有電梯),住家用,鋼筋混凝土造,,78.08,2,2,1,有,無,3840000,49180,,0.0,0,,RPVNMLKMMHIFFCC77CB
暖暖區,房地(土地+建物),源遠段811~840地號,14.66,住,,,1010907,土地1建物1車位0,十二層,12,住宅大樓(11層含以上有電梯),住家用,鋼筋混凝土造,,78.08,2,2,1,有,無,3930000,50333,,0.0,0,,RPWNMLKMMHIFFCC87CB
暖暖區,房地(土地+建物)+車位,源遠段811~840地號,25.3,住,,,1010324,土地1建物1車位1,二層,12,住宅大樓(11層含以上有電梯),住家用,鋼筋混凝土造,,169.17,4,2,2,有,無,7230000,50132,坡道平面,36.92,600000,,RPXNMLKMMHIFFCC97CB
暖暖區,房地(土地+建物)+車位,源遠段811~840地號,25.3,住,,,1010511,土地1建物1車位1,四層,12,住宅大樓(11層含以上有電梯),住家用,鋼筋混凝土造,,169.17,4,2,2,有,無,6500000,43856,坡道平面,36.92,700000,,RPOOMLKMMHIFFCC17CB
暖暖區,房地(土地+建物)+車位,源遠段811~840地號,25.3,住,,,1010302,土地1建物1車位1,七層,12,住宅大樓(11層含以上有電梯),住家用,鋼筋混凝土造,,169.17,4,2,2,有,無,6900000,46881,坡道平面,36.92,700000,,RPPOMLKMMHIFFCC27CB
暖暖區,房地(土地+建物)+車位,源遠段811~840地號,25.3,住,,,1010505,土地1建物1車位1,十一層,12,住宅大樓(11層含以上有電梯),住家用,鋼筋混凝土造,,169.17,4,2,2,有,無,7080000,47864,坡道平面,36.92,750000,,RPQOMLKMMHIFFCC37CB
暖暖區,房地(土地+建物)+車位,源遠段811~840地號,25.3,住,,,1010615,土地1建物1車位1,十二層,12,住宅大樓(11層含以上有電梯),住家用,鋼筋混凝土造,,169.17,4,2,2,有,無,7930000,53535,坡道平面,36.92,850000,,RPROMLKMMHIFFCC47CB
暖暖區,房地(土地+建物)+車位,源遠段811~840地號,22.05,住,,,1010327,土地1建物1車位1,四層,12,住宅大樓(11層含以上有電梯),住家用,鋼筋混凝土造,,134.65,3,2,2,有,無,5680000,45959,升降機械,18.46,340000,,RPSOMLKMMHIFFCC57CB
暖暖區,房地(土地+建物)+車位,源遠段811~840地號,22.05,住,,,1010609,土地1建物1車位1,五層,12,住宅大樓(11層含以上有電梯),住家用,鋼筋混凝土造,,134.65,3,2,2,有,無,5500000,44152,升降機械,18.46,370000,,RPTOMLKMMHIFFCC67CB
暖暖區,房地(土地+建物)+車位,源遠段811~840地號,22.05,住,,,1010609,土地1建物1車位1,七層,12,住宅大樓(11層含以上有電梯),住家用,鋼筋混凝土造,,134.65,3,2,2,有,無,5880000,47250,坡道機械,18.46,390000,,RPUOMLKMMHIFFCC77CB
暖暖區,房地(土地+建物)+車位,源遠段811~840地號,22.05,住,,,1010609,土地1建物1車位1,八層,12,住宅大樓(11層含以上有電梯),住家用,鋼筋混凝土造,,134.65,3,2,2,有,無,5880000,46131,升降機械,18.46,520000,,RPVOMLKMMHIFFCC87CB
暖暖區,房地(土地+建物)+車位,源遠段811~840地號,22.05,住,,,1010609,土地1建物1車位1,九層,12,住宅大樓(11層含以上有電梯),住家用,鋼筋混凝土造,,134.65,3,2,2,有,無,5880000,46390,升降機械,18.46,490000,,RPWOMLKMMHIFFCC97CB
暖暖區,房地(土地+建物)+車位,源遠段811~840地號,22.05,住,,,1010705,土地1建物1車位1,十層,12,住宅大樓(11層含以上有電梯),住家用,鋼筋混凝土造,,134.65,3,2,2,有,無,5970000,48025,升降機械,18.46,390000,,RPXOMLKMMHIFFCC08CB
暖暖區,房地(土地+建物)+車位,源遠段811~840地號,22.05,住,,,1010928,土地1建物1車位1,十二層,12,住宅大樓(11層含以上有電梯),住家用,鋼筋混凝土造,,134.65,3,2,2,有,無,6150000,48885,升降機械,18.46,470000,,RPOPMLKMMHIFFCC27CB
暖暖區,房地(土地+建物)+車位,源遠段811~840地號,22.58,住,,,1010817,土地1建物1車位1,三層,12,住宅大樓(11層含以上有電梯),住家用,鋼筋混凝土造,,137.71,3,2,2,有,無,6050000,47463,升降機械,18.46,390000,,RPPPMLKMMHIFFCC37CB
暖暖區,房地(土地+建物)+車位,源遠段811~840地號,22.58,住,,,1010629,土地1建物1車位1,四層,12,住宅大樓(11層含以上有電梯),住家用,鋼筋混凝土造,,137.71,3,2,2,有,無,5830000,45786,升降機械,18.46,370000,,RPQPMLKMMHIFFCC47CB
暖暖區,房地(土地+建物)+車位,源遠段811~840地號,22.58,住,,,1010609,土地1建物1車位1,八層,12,住宅大樓(11層含以上有電梯),住家用,鋼筋混凝土造,,137.71,3,2,2,有,無,5880000,44948,升降機械,18.46,520000,,RPRPMLKMMHIFFCC57CB
暖暖區,房地(土地+建物)+車位,源遠段811~840地號,22.88,住,,,1010112,土地1建物1車位1,九層,12,住宅大樓(11層含以上有電梯),住家用,鋼筋混凝土造,,156.17,3,2,2,有,無,6000000,45283,坡道平面,36.92,600000,,RPSPMLKMMHIFFCC67CB
暖暖區,房地(土地+建物)+車位,源遠段811~840地號,22.58,住,,,1010825,土地1建物1車位1,十一層,12,住宅大樓(11層含以上有電梯),住家用,鋼筋混凝土造,,137.71,3,2,2,有,無,6030000,47463,升降機械,18.46,370000,,RPTPMLKMMHIFFCC77CB
暖暖區,房地(土地+建物)+車位,源遠段811~840地號,22.58,住,,,1010928,土地1建物1車位1,十二層,12,住宅大樓(11層含以上有電梯),住家用,鋼筋混凝土造,,137.71,3,2,2,有,無,6200000,48050,升降機械,18.46,470000,,RPUPMLKMMHIFFCC87CB
暖暖區,房地(土地+建物),源遠段811~840地號,16.08,住,,,1010302,土地1建物1車位0,七層,12,住宅大樓(11層含以上有電梯),住家用,鋼筋混凝土造,,85.87,2,2,1,有,無,4240000,49377,,0.0,0,,RPVPMLKMMHIFFCC97CB
暖暖區,房地(土地+建物)+車位,源遠段811~840地號,16.38,住,,,1010424,土地1建物1車位1,十層,12,住宅大樓(11層含以上有電梯),住家用,鋼筋混凝土造,,104.33,2,2,1,有,無,4880000,52871,升降機械,18.46,340000,,RPWPMLKMMHIFFCC08CB
暖暖區,房地(土地+建物)+車位,源遠段811~840地號,16.38,住,,,1010601,土地1建物1車位1,十一層,12,住宅大樓(11層含以上有電梯),住家用,鋼筋混凝土造,,104.33,2,2,1,有,無,4420000,46931,升降機械,18.46,390000,,RPXPMLKMMHIFFCC18CB
暖暖區,房地(土地+建物)+車位,源遠段811~840地號,16.38,住,,,1010713,土地1建物1車位1,十二層,12,住宅大樓(11層含以上有電梯),住家用,鋼筋混凝土造,,104.33,2,2,1,有,無,4460000,47397,升降機械,18.46,390000,,RPOQMLKMMHIFFCC37CB
暖暖區,房地(土地+建物)+車位,源遠段811~840地號,26.84,住,,,1010215,土地1建物1車位1,三層,12,住宅大樓(11層含以上有電梯),住家用,鋼筋混凝土造,,177.88,4,2,2,有,無,7410000,47602,坡道平面,36.92,700000,,RPPQMLKMMHIFFCC47CB
暖暖區,房地(土地+建物)+車位,源遠段811~840地號,26.84,住,,,1010403,土地1建物1車位1,四層,12,住宅大樓(11層含以上有電梯),住家用,鋼筋混凝土造,,177.88,4,2,2,有,無,6960000,44410,坡道平面,36.92,700000,,RPQQMLKMMHIFFCC57CB
暖暖區,房地(土地+建物)+車位,源遠段811~840地號,26.84,住,,,1010608,土地1建物1車位1,十二層,12,住宅大樓(11層含以上有電梯),住家用,鋼筋混凝土造,,177.88,4,2,2,有,無,7500000,48241,坡道平面,36.92,700000,,RPRQMLKMMHIFFCC67CB
暖暖區,房地(土地+建物)+車位,源遠段811~840地號,16.32,住,,,1010315,土地1建物1車位1,七層,12,住宅大樓(11層含以上有電梯),住家用,鋼筋混凝土造,,104.2,2,2,1,有,無,4450000,47936,升降機械,18.46,340000,,RPSQMLKMMHIFFCC77CB
暖暖區,房地(土地+建物),源遠段811~840地號,16.02,住,,,1010203,土地1建物1車位0,九層,12,住宅大樓(11層含以上有電梯),住家用,鋼筋混凝土造,,85.74,2,2,1,有,無,4120000,48052,,0.0,0,,RPTQMLKMMHIFFCC87CB
暖暖區,房地(土地+建物),源遠段811~840地號,16.02,住,,,1010423,土地1建物1車位0,十層,12,住宅大樓(11層含以上有電梯),住家用,鋼筋混凝土造,,85.74,2,2,1,有,無,4420000,51551,,0.0,0,,RPUQMLKMMHIFFCC97CB
暖暖區,房地(土地+建物)+車位,源遠段811~840地號,16.32,住,,,1010630,土地1建物1車位1,十一層,12,住宅大樓(11層含以上有電梯),住家用,鋼筋混凝土造,,104.2,2,2,1,有,無,4490000,47819,升降機械,18.46,390000,,RPVQMLKMMHIFFCC08CB
暖暖區,房地(土地+建物),源遠段811~840地號,13.66,住,,,1010501,土地1建物1車位0,六層,12,住宅大樓(11層含以上有電梯),住家用,鋼筋混凝土造,,73.22,2,2,1,有,無,3280000,44797,,0.0,0,,RPWQMLKMMHIFFCC18CB
暖暖區,房地(土地+建物)+車位,源遠段811~840地號,13.95,住,,,1010906,土地1建物1車位1,十一層,12,住宅大樓(11層含以上有電梯),住家用,鋼筋混凝土造,,91.68,2,2,1,有,無,3870000,48211,升降機械,18.46,340000,,RPXQMLKMMHIFFCC28CB
暖暖區,房地(土地+建物),源遠段811~840地號,13.66,住,,,1010910,土地1建物1車位0,十二層,12,住宅大樓(11層含以上有電梯),住家用,鋼筋混凝土造,,73.22,2,2,1,有,無,3600000,49167,,0.0,0,,RPORMLKMMHIFFCC47CB
暖暖區,房地(土地+建物)+車位,源遠段811~840地號,14.25,住,,,1010504,土地1建物1車位1,十一層,12,住宅大樓(11層含以上有電梯),住家用,鋼筋混凝土造,,93.2,2,2,1,有,無,3980000,46695,升降機械,18.46,490000,,RPPRMLKMMHIFFCC57CB
暖暖區,房地(土地+建物)+車位,源遠段811~840地號,14.25,住,,,1010630,土地1建物1車位1,十二層,12,住宅大樓(11層含以上有電梯),住家用,鋼筋混凝土造,,93.2,2,2,1,有,無,3980000,48301,升降機械,18.46,370000,,RPQRMLKMMHIFFCC67CB
暖暖區,房地(土地+建物)+車位,源遠段811~840地號,14.07,住,,,1010323,土地1建物1車位1,六層,12,住宅大樓(11層含以上有電梯),住家用,鋼筋混凝土造,,92.23,2,2,1,有,無,4300000,53680,升降機械,18.46,340000,,RPRRMLKMMHIFFCC77CB
暖暖區,房地(土地+建物)+車位,源遠段811~840地號,14.07,住,,,1010501,土地1建物1車位1,八層,12,住宅大樓(11層含以上有電梯),住家用,鋼筋混凝土造,,92.23,2,2,1,有,無,4190000,52189,升降機械,18.46,340000,,RPSRMLKMMHIFFCC87CB
暖暖區,房地(土地+建物),源遠段811~840地號,13.77,住,,,1010423,土地1建物1車位0,十層,12,住宅大樓(11層含以上有電梯),住家用,鋼筋混凝土造,,73.77,2,2,1,有,無,3350000,45411,,0.0,0,,RPTRMLKMMHIFFCC97CB
暖暖區,房地(土地+建物)+車位,源遠段811~840地號,14.07,住,,,1010908,土地1建物1車位1,十二層,12,住宅大樓(11層含以上有電梯),住家用,鋼筋混凝土造,,92.23,2,2,1,有,無,3980000,48936,升降機械,18.46,370000,,RPURMLKMMHIFFCC08CB
暖暖區,房地(土地+建物)+車位,源遠段811~840地號,14.37,住,,,1010327,土地1建物1車位1,八層,12,住宅大樓(11層含以上有電梯),住家用,鋼筋混凝土造,,93.8,2,2,1,有,無,4200000,51234,升降機械,18.46,340000,,RPVRMLKMMHIFFCC18CB
暖暖區,房地(土地+建物)+車位,源遠段811~840地號,14.66,住,,,1010423,土地1建物1車位1,十層,12,住宅大樓(11層含以上有電梯),住家用,鋼筋混凝土造,,112.26,2,2,1,有,無,4230000,45527,坡道平面,36.92,800000,,RPWRMLKMMHIFFCC28CB
暖暖區,房地(土地+建物)+車位,源遠段811~840地號,14.37,住,,,1010817,土地1建物1車位1,十一層,12,住宅大樓(11層含以上有電梯),住家用,鋼筋混凝土造,,93.8,2,2,1,有,無,3900000,46854,升降機械,18.46,370000,,RPXRMLKMMHIFFCC38CB
暖暖區,房地(土地+建物)+車位,源遠段811~840地號,14.37,住,,,1010908,土地1建物1車位1,十二層,12,住宅大樓(11層含以上有電梯),住家用,鋼筋混凝土造,,93.8,2,2,1,有,無,4050000,48845,升降機械,18.46,370000,,RPOSMLKMMHIFFCC57CB
暖暖區,房地(土地+建物),源遠段811~840地號,19.86,住,,,1010427,土地1建物1車位0,三層,12,住宅大樓(11層含以上有電梯),住家用,鋼筋混凝土造,,106.44,3,2,2,有,無,4900000,46035,,0.0,0,,RPQSMLKMMHIFFCC77CB
暖暖區,房地(土地+建物)+車位,源遠段811~840地號,20.04,住,,,1010427,土地1建物1車位1,六層,12,住宅大樓(11層含以上有電梯),住家用,鋼筋混凝土造,,124.63,3,2,2,有,無,5250000,46247,升降機械,18.46,340000,,RPRSMLKMMHIFFCC87CB
暖暖區,房地(土地+建物)+車位,源遠段811~840地號,20.04,住,,,1010216,土地1建物1車位1,七層,12,住宅大樓(11層含以上有電梯),住家用,鋼筋混凝土造,,124.63,3,2,2,有,無,5690000,50579,升降機械,18.46,320000,,RPSSMLKMMHIFFCC97CB
暖暖區,房地(土地+建物)+車位,源遠段811~840地號,20.04,住,,,1010506,土地1建物1車位1,八層,12,住宅大樓(11層含以上有電梯),住家用,鋼筋混凝土造,,124.63,3,2,2,有,無,6060000,52651,升降機械,18.46,470000,,RPTSMLKMMHIFFCC08CB
暖暖區,房地(土地+建物)+車位,源遠段811~840地號,20.04,住,,,1010511,土地1建物1車位1,十層,12,住宅大樓(11層含以上有電梯),住家用,鋼筋混凝土造,,124.63,3,2,2,有,無,6000000,53311,升降機械,18.46,340000,,RPUSMLKMMHIFFCC18CB
暖暖區,房地(土地+建物)+車位,源遠段811~840地號,20.04,住,,,1010928,土地1建物1車位1,十二層,12,住宅大樓(11層含以上有電梯),住家用,鋼筋混凝土造,,124.63,3,2,2,有,無,5880000,50768,升降機械,18.46,490000,,RPVSMLKMMHIFFCC28CB
暖暖區,房地(土地+建物),源遠段811~840地號,21.93,住,,,1010424,土地1建物1車位0,二層,12,住宅大樓(11層含以上有電梯),住家用,鋼筋混凝土造,,117.82,3,2,2,有,無,5900000,50076,,0.0,0,,RPWSMLKMMHIFFCC38CB
暖暖區,房地(土地+建物)+車位,源遠段811~840地號,22.23,住,,,1010501,土地1建物1車位1,三層,12,住宅大樓(11層含以上有電梯),住家用,鋼筋混凝土造,,136.28,3,2,2,有,無,5580000,44475,升降機械,18.46,340000,,RPXSMLKMMHIFFCC48CB
暖暖區,房地(土地+建物)+車位,源遠段811~840地號,22.23,住,,,1010526,土地1建物1車位1,四層,12,住宅大樓(11層含以上有電梯),住家用,鋼筋混凝土造,,136.28,3,2,2,有,無,6120000,49228,升降機械,18.46,320000,,RPOTMLKMMHIFFCC67CB
暖暖區,房地(土地+建物)+車位,源遠段811~840地號,22.23,住,,,1010608,土地1建物1車位1,五層,12,住宅大樓(11層含以上有電梯),住家用,鋼筋混凝土造,,136.21,3,2,2,有,無,5680000,44926,升降機械,18.46,390000,,RPPTMLKMMHIFFCC77CB
暖暖區,房地(土地+建物)+車位,源遠段811~840地號,22.23,住,,,1010518,土地1建物1車位1,六層,12,住宅大樓(11層含以上有電梯),住家用,鋼筋混凝土造,,136.21,3,2,2,有,無,5680000,44076,升降機械,18.46,490000,,RPQTMLKMMHIFFCC87CB
暖暖區,房地(土地+建物)+車位,源遠段811~840地號,22.23,住,,,1010609,土地1建物1車位1,七層,12,住宅大樓(11層含以上有電梯),住家用,鋼筋混凝土造,,136.21,3,2,2,有,無,5910000,46030,升降機械,18.46,490000,,RPRTMLKMMHIFFCC97CB
暖暖區,房地(土地+建物)+車位,源遠段811~840地號,22.23,住,,,1010518,土地1建物1車位1,八層,12,住宅大樓(11層含以上有電梯),住家用,鋼筋混凝土造,,136.21,3,2,2,有,無,6000000,48238,升降機械,18.46,320000,,RPSTMLKMMHIFFCC08CB
暖暖區,房地(土地+建物)+車位,源遠段811~840地號,22.23,住,,,1010629,土地1建物1車位1,九層,12,住宅大樓(11層含以上有電梯),住家用,鋼筋混凝土造,,136.21,3,2,2,有,無,6020000,47134,升降機械,18.46,470000,,RPTTMLKMMHIFFCC18CB
暖暖區,房地(土地+建物)+車位,源遠段811~840地號,22.23,住,,,1010629,土地1建物1車位1,十層,12,住宅大樓(11層含以上有電梯),住家用,鋼筋混凝土造,,136.21,3,2,2,有,無,6030000,47219,升降機械,18.46,470000,,RPUTMLKMMHIFFCC28CB
暖暖區,房地(土地+建物)+車位,源遠段811~840地號,22.23,住,,,1010727,土地1建物1車位1,十一層,12,住宅大樓(11層含以上有電梯),住家用,鋼筋混凝土造,,136.21,3,2,2,有,無,5800000,47049,升降機械,18.46,260000,,RPVTMLKMMHIFFCC38CB
暖暖區,房地(土地+建物)+車位,源遠段811~840地號,22.23,住,,,1011009,土地1建物1車位1,十二層,12,住宅大樓(11層含以上有電梯),住家用,鋼筋混凝土造,,136.21,3,2,2,有,無,6050000,48493,升降機械,18.46,340000,,RPWTMLKMMHIFFCC48CB
暖暖區,房地(土地+建物)+車位,源遠段811~840地號,22.17,住,,,1010630,土地1建物1車位1,四層,13,住宅大樓(11層含以上有電梯),住家用,鋼筋混凝土造,,135.69,3,2,2,有,無,5900000,46149,升降機械,18.46,490000,,RPXTMLKMMHIFFCC58CB
暖暖區,房地(土地+建物),源遠段811~840地號,21.87,住,,,1010316,土地1建物1車位0,八層,13,住宅大樓(11層含以上有電梯),住家用,鋼筋混凝土造,,117.25,3,2,2,有,無,5500000,46908,,0.0,0,,RPOUMLKMMHIFFCC77CB
暖暖區,房地(土地+建物)+車位,源遠段811~840地號,22.47,住,,,1010309,土地1建物1車位1,九層,13,住宅大樓(11層含以上有電梯),住家用,鋼筋混凝土造,,154.17,3,2,2,有,無,6300000,47761,坡道平面,36.92,700000,,RPPUMLKMMHIFFCC87CB
暖暖區,房地(土地+建物)+車位,源遠段811~840地號,22.17,住,,,1010513,土地1建物1車位1,十層,13,住宅大樓(11層含以上有電梯),住家用,鋼筋混凝土造,,135.71,3,2,2,有,無,6100000,47846,升降機械,18.46,490000,,RPQUMLKMMHIFFCC97CB
暖暖區,房地(土地+建物)+車位,源遠段811~840地號,22.17,住,,,1010829,土地1建物1車位1,十一層,13,住宅大樓(11層含以上有電梯),住家用,鋼筋混凝土造,,135.71,3,2,2,有,無,5980000,47676,升降機械,18.46,390000,,RPRUMLKMMHIFFCC08CB
暖暖區,房地(土地+建物)+車位,源遠段811~840地號,22.17,住,,,1010717,土地1建物1車位1,十二層,13,住宅大樓(11層含以上有電梯),住家用,鋼筋混凝土造,,135.71,3,2,2,有,無,6630000,52537,升降機械,18.46,470000,,RPSUMLKMMHIFFCC18CB
暖暖區,房地(土地+建物)+車位,源遠段811~840地號,22.94,住,,,1010801,土地1建物1車位1,十三層,13,住宅大樓(11層含以上有電梯),住家用,鋼筋混凝土造,,156.43,3,2,2,有,無,7750000,57736,坡道平面,36.92,850000,,RPTUMLKMMHIFFCC28CB
暖暖區,房地(土地+建物)+車位,源遠段811~840地號,22.41,住,,,1010525,土地1建物1車位1,二層,13,住宅大樓(11層含以上有電梯),住家用,鋼筋混凝土造,,154.03,3,2,2,有,無,6320000,47989,坡道平面,36.92,700000,,RPUUMLKMMHIFFCC38CB
暖暖區,房地(土地+建物)+車位,源遠段811~840地號,22.11,住,,,1010508,土地1建物1車位1,三層,13,住宅大樓(11層含以上有電梯),住家用,鋼筋混凝土造,,135.57,3,2,2,有,無,5450000,44317,升降機械,18.46,260000,,RPVUMLKMMHIFFCC48CB
暖暖區,房地(土地+建物)+車位,源遠段811~840地號,22.11,住,,,1010610,土地1建物1車位1,四層,13,住宅大樓(11層含以上有電梯),住家用,鋼筋混凝土造,,135.57,3,2,2,有,無,6180000,49441,升降機械,18.46,390000,,RPWUMLKMMHIFFCC58CB
暖暖區,房地(土地+建物)+車位,源遠段811~840地號,22.11,住,,,1010511,土地1建物1車位1,六層,13,住宅大樓(11層含以上有電梯),住家用,鋼筋混凝土造,,135.57,3,2,2,有,無,6230000,49014,升降機械,18.46,490000,,RPXUMLKMMHIFFCC68CB
暖暖區,房地(土地+建物)+車位,源遠段811~840地號,22.11,住,,,1010514,土地1建物1車位1,七層,13,住宅大樓(11層含以上有電梯),住家用,鋼筋混凝土造,,135.57,3,2,2,有,無,5500000,43634,升降機械,18.46,390000,,RPOVMLKMMHIFFCC87CB
暖暖區,房地(土地+建物)+車位,源遠段811~840地號,22.41,住,,,1010309,土地1建物1車位1,九層,13,住宅大樓(11層含以上有電梯),住家用,鋼筋混凝土造,,154.03,3,2,2,有,無,6300000,47818,坡道平面,36.92,700000,,RPPVMLKMMHIFFCC97CB
暖暖區,房地(土地+建物)+車位,源遠段811~840地號,22.11,住,,,1010713,土地1建物1車位1,十一層,13,住宅大樓(11層含以上有電梯),住家用,鋼筋混凝土造,,135.57,3,2,2,有,無,6160000,48587,升降機械,18.46,470000,,RPQVMLKMMHIFFCC08CB
暖暖區,房地(土地+建物)+車位,源遠段811~840地號,22.17,住,,,1010808,土地1建物1車位1,十三層,13,住宅大樓(11層含以上有電梯),住家用,鋼筋混凝土造,,135.57,3,2,2,有,無,6130000,49185,升降機械,18.46,370000,,RPRVMLKMMHIFFCC18CB
暖暖區,房地(土地+建物)+車位,源遠段811~840地號,22.11,住,,,1010525,土地1建物1車位1,二層,13,住宅大樓(11層含以上有電梯),住家用,鋼筋混凝土造,,135.57,3,2,2,有,無,5980000,47733,升降機械,18.46,390000,,RPSVMLKMMHIFFCC28CB
暖暖區,房地(土地+建物)+車位,源遠段811~840地號,22.11,住,,,1010427,土地1建物1車位1,三層,13,住宅大樓(11層含以上有電梯),住家用,鋼筋混凝土造,,135.57,3,2,2,有,無,6600000,52173,升降機械,18.46,490000,,RPTVMLKMMHIFFCC38CB
暖暖區,房地(土地+建物)+車位,源遠段811~840地號,22.11,住,,,1010518,土地1建物1車位1,四層,13,住宅大樓(11層含以上有電梯),住家用,鋼筋混凝土造,,135.57,3,2,2,有,無,5760000,45854,升降機械,18.46,390000,,RPUVMLKMMHIFFCC48CB
暖暖區,房地(土地+建物)+車位,源遠段811~840地號,22.11,住,,,1010406,土地1建物1車位1,七層,13,住宅大樓(11層含以上有電梯),住家用,鋼筋混凝土造,,135.57,3,2,2,有,無,6280000,50295,升降機械,18.46,390000,,RPVVMLKMMHIFFCC58CB
暖暖區,房地(土地+建物)+車位,源遠段811~840地號,22.11,住,,,1010504,土地1建物1車位1,八層,13,住宅大樓(11層含以上有電梯),住家用,鋼筋混凝土造,,135.57,3,2,2,有,無,6410000,50551,升降機械,18.46,490000,,RPWVMLKMMHIFFCC68CB
暖暖區,房地(土地+建物)+車位,源遠段811~840地號,22.11,住,,,1010608,土地1建物1車位1,九層,13,住宅大樓(11層含以上有電梯),住家用,鋼筋混凝土造,,135.57,3,2,2,有,無,5880000,46879,升降機械,18.46,390000,,RPXVMLKMMHIFFCC78CB
暖暖區,房地(土地+建物)+車位,源遠段811~840地號,22.11,住,,,1010608,土地1建物1車位1,十層,13,住宅大樓(11層含以上有電梯),住家用,鋼筋混凝土造,,135.57,3,2,2,有,無,5900000,46196,升降機械,18.46,490000,,RPOWMLKMMHIFFCC97CB
暖暖區,房地(土地+建物),源遠段811~840地號,21.82,住,,,1010727,土地1建物1車位0,十一層,13,住宅大樓(11層含以上有電梯),住家用,鋼筋混凝土造,,117.11,3,2,2,有,無,5400000,46110,,0.0,0,,RPPWMLKMMHIFFCC08CB
暖暖區,房地(土地+建物)+車位,源遠段811~840地號,22.11,住,,,1010720,土地1建物1車位1,十二層,13,住宅大樓(11層含以上有電梯),住家用,鋼筋混凝土造,,135.57,3,2,2,有,無,6130000,49014,升降機械,18.46,390000,,RPQWMLKMMHIFFCC18CB
暖暖區,房地(土地+建物),源遠段811~840地號,21.87,住,,,1010907,土地1建物1車位0,十三層,13,住宅大樓(11層含以上有電梯),住家用,鋼筋混凝土造,,117.11,3,2,2,有,無,5980000,51063,,0.0,0,,RPRWMLKMMHIFFCC28CB
暖暖區,房地(土地+建物)+車位,源遠段811~840地號,28.67,住,,,1010420,土地1建物1車位1,二層,13,住宅大樓(11層含以上有電梯),住家用,鋼筋混凝土造,,187.72,4,2,2,有,無,8000000,48408,坡道平面,36.92,700000,,RPSWMLKMMHIFFCC38CB
暖暖區,房地(土地+建物)+車位,源遠段811~840地號,28.67,住,,,1010224,土地1建物1車位1,六層,13,住宅大樓(11層含以上有電梯),住家用,鋼筋混凝土造,,187.72,4,2,2,有,無,7950000,48077,坡道平面,36.92,700000,,RPTWMLKMMHIFFCC48CB
暖暖區,房地(土地+建物)+車位,源遠段811~840地號,28.67,住,,,1010324,土地1建物1車位1,七層,13,住宅大樓(11層含以上有電梯),住家用,鋼筋混凝土造,,187.72,4,2,2,有,無,8500000,51724,坡道平面,36.92,700000,,RPUWMLKMMHIFFCC58CB
暖暖區,房地(土地+建物)+車位,源遠段811~840地號,28.67,住,,,1010410,土地1建物1車位1,八層,13,住宅大樓(11層含以上有電梯),住家用,鋼筋混凝土造,,187.72,4,2,2,有,無,8550000,52056,坡道平面,36.92,700000,,RPVWMLKMMHIFFCC68CB
暖暖區,房地(土地+建物)+車位,源遠段811~840地號,28.67,住,,,1010511,土地1建物1車位1,九層,13,住宅大樓(11層含以上有電梯),住家用,鋼筋混凝土造,,187.72,4,2,2,有,無,7700000,46419,坡道平面,36.92,700000,,RPWWMLKMMHIFFCC78CB
暖暖區,房地(土地+建物)+車位,源遠段811~840地號,28.67,住,,,1010504,土地1建物1車位1,十一層,13,住宅大樓(11層含以上有電梯),住家用,鋼筋混凝土造,,187.72,4,2,2,有,無,7780000,46950,坡道平面,36.92,700000,,RPXWMLKMMHIFFCC88CB
暖暖區,房地(土地+建物)+車位,源遠段811~840地號,28.67,住,,,1010520,土地1建物1車位1,十二層,13,住宅大樓(11層含以上有電梯),住家用,鋼筋混凝土造,,187.72,4,2,2,有,無,8050000,47745,坡道平面,36.92,850000,,RPONNLKMMHIFFCC17CB
暖暖區,房地(土地+建物)+車位,源遠段811~840地號,28.97,住,,,1010903,土地1建物1車位1,十三層,13,住宅大樓(11層含以上有電梯),住家用,鋼筋混凝土造,,188.57,4,2,2,有,無,9330000,55918,坡道平面,36.92,850000,,RPPNNLKMMHIFFCC27CB
暖暖區,房地(土地+建物)+車位,源遠段811~840地號,15.25,住,,,1010304,土地1建物1車位1,三層,12,住宅大樓(11層含以上有電梯),住家用,鋼筋混凝土造,,98.61,2,2,1,有,無,4000000,45789,升降機械,18.46,330000,,RPQNNLKMMHIFFCC37CB
暖暖區,房地(土地+建物)+車位,源遠段811~840地號,15.25,住,,,1010316,土地1建物1車位1,五層,12,住宅大樓(11層含以上有電梯),住家用,鋼筋混凝土造,,98.61,2,2,1,有,無,4040000,46163,升降機械,18.46,340000,,RPRNNLKMMHIFFCC47CB
暖暖區,房地(土地+建物)+車位,源遠段811~840地號,15.25,住,,,1010505,土地1建物1車位1,六層,12,住宅大樓(11層含以上有電梯),住家用,鋼筋混凝土造,,98.61,2,2,1,有,無,3880000,44167,升降機械,18.46,340000,,RPSNNLKMMHIFFCC57CB
暖暖區,房地(土地+建物)+車位,源遠段811~840地號,15.25,住,,,1010316,土地1建物1車位1,七層,12,住宅大樓(11層含以上有電梯),住家用,鋼筋混凝土造,,98.61,2,2,1,有,無,3990000,45540,升降機械,18.46,340000,,RPTNNLKMMHIFFCC67CB
暖暖區,房地(土地+建物)+車位,源遠段811~840地號,15.25,住,,,1010427,土地1建物1車位1,八層,12,住宅大樓(11層含以上有電梯),住家用,鋼筋混凝土造,,98.61,2,2,1,有,無,3900000,44417,升降機械,18.46,340000,,RPUNNLKMMHIFFCC77CB
暖暖區,房地(土地+建物)+車位,源遠段811~840地號,15.25,住,,,1010423,土地1建物1車位1,九層,12,住宅大樓(11層含以上有電梯),住家用,鋼筋混凝土造,,98.61,2,2,1,有,無,3930000,44791,升降機械,18.46,340000,,RPVNNLKMMHIFFCC87CB
暖暖區,房地(土地+建物)+車位,源遠段811~840地號,15.25,住,,,1010308,土地1建物1車位1,十層,12,住宅大樓(11層含以上有電梯),住家用,鋼筋混凝土造,,98.61,2,2,1,有,無,4000000,45664,升降機械,18.46,340000,,RPWNNLKMMHIFFCC97CB
暖暖區,房地(土地+建物)+車位,源遠段811~840地號,15.25,住,,,1010424,土地1建物1車位1,十一層,12,住宅大樓(11層含以上有電梯),住家用,鋼筋混凝土造,,98.61,2,2,1,有,無,4060000,46413,升降機械,18.46,340000,,RPXNNLKMMHIFFCC08CB
暖暖區,房地(土地+建物)+車位,源遠段811~840地號,15.25,住,,,1010811,土地1建物1車位1,十二層,12,住宅大樓(11層含以上有電梯),住家用,鋼筋混凝土造,,98.61,2,2,1,有,無,4600000,52152,升降機械,18.46,420000,,RPOONLKMMHIFFCC27CB
暖暖區,房地(土地+建物),源遠段811~840地號,15.84,住,,,1010629,土地1建物1車位0,四層,12,住宅大樓(11層含以上有電梯),住家用,鋼筋混凝土造,,84.97,2,2,1,有,無,3940000,46369,,0.0,0,,RPPONLKMMHIFFCC37CB
暖暖區,房地(土地+建物),源遠段811~840地號,15.84,住,,,1010803,土地1建物1車位0,五層,12,住宅大樓(11層含以上有電梯),住家用,鋼筋混凝土造,,84.97,2,2,1,有,無,3820000,44957,,0.0,0,,RPQONLKMMHIFFCC47CB
暖暖區,房地(土地+建物)+車位,源遠段811~840地號,16.14,住,,,1010713,土地1建物1車位1,六層,12,住宅大樓(11層含以上有電梯),住家用,鋼筋混凝土造,,103.43,2,2,1,有,無,4370000,46487,升降機械,18.46,420000,,RPRONLKMMHIFFCC57CB
暖暖區,房地(土地+建物),源遠段811~840地號,15.84,住,,,1010803,土地1建物1車位0,七層,12,住宅大樓(11層含以上有電梯),住家用,鋼筋混凝土造,,84.97,2,2,1,有,無,3930000,46252,,0.0,0,,RPSONLKMMHIFFCC67CB
暖暖區,房地(土地+建物)+車位,源遠段811~840地號,16.14,住,,,1010630,土地1建物1車位1,八層,12,住宅大樓(11層含以上有電梯),住家用,鋼筋混凝土造,,103.43,2,2,1,有,無,4600000,49547,升降機械,18.46,390000,,RPTONLKMMHIFFCC77CB
暖暖區,房地(土地+建物)+車位,源遠段811~840地號,16.14,住,,,1010618,土地1建物1車位1,九層,12,住宅大樓(11層含以上有電梯),住家用,鋼筋混凝土造,,103.43,2,2,1,有,無,4370000,46840,升降機械,18.46,390000,,RPUONLKMMHIFFCC87CB
暖暖區,房地(土地+建物),源遠段811~840地號,15.84,住,,,1010321,土地1建物1車位0,十層,12,住宅大樓(11層含以上有電梯),住家用,鋼筋混凝土造,,84.97,2,2,1,有,無,4300000,50606,,0.0,0,,RPVONLKMMHIFFCC97CB
暖暖區,房地(土地+建物)+車位,源遠段811~840地號,16.14,住,,,1010829,土地1建物1車位1,十一層,12,住宅大樓(11層含以上有電梯),住家用,鋼筋混凝土造,,103.43,2,2,1,有,無,4680000,50488,升降機械,18.46,390000,,RPWONLKMMHIFFCC08CB
暖暖區,房地(土地+建物),源遠段811~840地號,15.9,住,,,1010428,土地1建物1車位0,三層,12,住宅大樓(11層含以上有電梯),住家用,鋼筋混凝土造,,85.3,2,2,1,有,無,4040000,47362,,0.0,0,,RPXONLKMMHIFFCC18CB
暖暖區,房地(土地+建物)+車位,源遠段811~840地號,16.2,住,,,1010824,土地1建物1車位1,四層,12,住宅大樓(11層含以上有電梯),住家用,鋼筋混凝土造,,103.76,2,2,1,有,無,4550000,48417,升降機械,18.46,420000,,RPOPNLKMMHIFFCC37CB
暖暖區,房地(土地+建物)+車位,源遠段811~840地號,16.2,住,,,1010525,土地1建物1車位1,五層,12,住宅大樓(11層含以上有電梯),住家用,鋼筋混凝土造,,103.76,2,2,1,有,無,4650000,50528,升降機械,18.46,340000,,RPPPNLKMMHIFFCC47CB
暖暖區,房地(土地+建物)+車位,源遠段811~840地號,16.2,住,,,1010720,土地1建物1車位1,六層,12,住宅大樓(11層含以上有電梯),住家用,鋼筋混凝土造,,103.76,2,2,1,有,無,4260000,45369,升降機械,18.46,390000,,RPQPNLKMMHIFFCC57CB
暖暖區,房地(土地+建物)+車位,源遠段811~840地號,16.2,住,,,1010727,土地1建物1車位1,七層,12,住宅大樓(11層含以上有電梯),住家用,鋼筋混凝土造,,103.76,2,2,1,有,無,4260000,45018,升降機械,18.46,420000,,RPRPNLKMMHIFFCC67CB
暖暖區,房地(土地+建物)+車位,源遠段811~840地號,16.2,住,,,1010815,土地1建物1車位1,八層,12,住宅大樓(11層含以上有電梯),住家用,鋼筋混凝土造,,103.76,2,2,1,有,無,4380000,46776,升降機械,18.46,390000,,RPSPNLKMMHIFFCC77CB
暖暖區,房地(土地+建物)+車位,源遠段811~840地號,16.2,住,,,1010618,土地1建物1車位1,九層,12,住宅大樓(11層含以上有電梯),住家用,鋼筋混凝土造,,103.76,2,2,1,有,無,4380000,45604,升降機械,18.46,490000,,RPTPNLKMMHIFFCC87CB
暖暖區,房地(土地+建物),源遠段811~840地號,15.9,住,,,1010824,土地1建物1車位0,十層,12,住宅大樓(11層含以上有電梯),住家用,鋼筋混凝土造,,85.3,2,2,1,有,無,4150000,48652,,0.0,0,,RPUPNLKMMHIFFCC97CB
暖暖區,房地(土地+建物)+車位,源遠段811~840地號,16.2,住,,,1010825,土地1建物1車位1,十一層,12,住宅大樓(11層含以上有電梯),住家用,鋼筋混凝土造,,103.76,2,2,1,有,無,4680000,49355,升降機械,18.46,470000,,RPVPNLKMMHIFFCC08CB
暖暖區,房地(土地+建物)+車位,源遠段811~840地號,22.11,住,,,1010518,土地1建物1車位1,三層,12,住宅大樓(11層含以上有電梯),住家用,鋼筋混凝土造,,135.48,3,2,2,有,無,5870000,47257,升降機械,18.46,340000,,RPWPNLKMMHIFFCC18CB
暖暖區,房地(土地+建物)+車位,源遠段811~840地號,22.11,住,,,1010518,土地1建物1車位1,四層,12,住宅大樓(11層含以上有電梯),住家用,鋼筋混凝土造,,135.48,3,2,2,有,無,5820000,46830,升降機械,18.46,340000,,RPXPNLKMMHIFFCC28CB
暖暖區,房地(土地+建物)+車位,源遠段811~840地號,22.11,住,,,1010527,土地1建物1車位1,五層,12,住宅大樓(11層含以上有電梯),住家用,鋼筋混凝土造,,135.48,3,2,2,有,無,5700000,44522,升降機械,18.46,490000,,RPOQNLKMMHIFFCC47CB
暖暖區,房地(土地+建物)+車位,源遠段811~840地號,22.11,住,,,1010828,土地1建物1車位1,六層,12,住宅大樓(11層含以上有電梯),住家用,鋼筋混凝土造,,135.48,3,2,2,有,無,5700000,45377,升降機械,18.46,390000,,RPPQNLKMMHIFFCC57CB
暖暖區,房地(土地+建物)+車位,源遠段811~840地號,22.11,住,,,1010820,土地1建物1車位1,七層,12,住宅大樓(11層含以上有電梯),住家用,鋼筋混凝土造,,135.48,3,2,2,有,無,5600000,43839,升降機械,18.46,470000,,RPQQNLKMMHIFFCC67CB
暖暖區,房地(土地+建物)+車位,源遠段811~840地號,22.41,住,,,1010821,土地1建物1車位2,八層,12,住宅大樓(11層含以上有電梯),住家用,鋼筋混凝土造,,153.94,3,2,2,有,無,6170000,46231,升降機械,36.92,760000,,RPRQNLKMMHIFFCC77CB
暖暖區,房地(土地+建物),源遠段811~840地號,21.82,住,,,1010910,土地1建物1車位0,九層,12,住宅大樓(11層含以上有電梯),住家用,鋼筋混凝土造,,117.02,3,2,2,有,無,5680000,48539,,0.0,0,,RPSQNLKMMHIFFCC87CB
暖暖區,房地(土地+建物)+車位,源遠段811~840地號,22.11,住,,,1010916,土地1建物1車位1,十層,12,住宅大樓(11層含以上有電梯),住家用,鋼筋混凝土造,,135.48,3,2,2,有,無,6100000,47941,升降機械,18.46,490000,,RPTQNLKMMHIFFCC97CB
暖暖區,房地(土地+建物)+車位,源遠段811~840地號,22.11,住,,,1010919,土地1建物1車位1,十一層,12,住宅大樓(11層含以上有電梯),住家用,鋼筋混凝土造,,135.48,3,2,2,有,無,6000000,47684,升降機械,18.46,420000,,RPUQNLKMMHIFFCC08CB
暖暖區,房地(土地+建物)+車位,源遠段811~840地號,22.11,住,,,1010928,土地1建物1車位1,十二層,12,住宅大樓(11層含以上有電梯),住家用,鋼筋混凝土造,,135.48,3,2,2,有,無,6300000,50248,升降機械,18.46,420000,,RPVQNLKMMHIFFCC18CB
暖暖區,房地(土地+建物)+車位,源遠段811~840地號,22.82,住,,,1010713,土地1建物1車位1,二層,13,住宅大樓(11層含以上有電梯),住家用,鋼筋混凝土造,,139.29,3,2,2,有,無,6280000,48746,升降機械,18.46,390000,,RPWQNLKMMHIFFCC28CB
暖暖區,房地(土地+建物)+車位,源遠段811~840地號,22.82,住,,,1010825,土地1建物1車位1,三層,13,住宅大樓(11層含以上有電梯),住家用,鋼筋混凝土造,,139.29,3,2,2,有,無,5900000,45601,升降機械,18.46,390000,,RPXQNLKMMHIFFCC38CB
暖暖區,房地(土地+建物)+車位,源遠段811~840地號,22.82,住,,,1010914,土地1建物1車位1,四層,13,住宅大樓(11層含以上有電梯),住家用,鋼筋混凝土造,,139.29,3,2,2,有,無,5750000,44360,升降機械,18.46,390000,,RPORNLKMMHIFFCC57CB
暖暖區,房地(土地+建物),源遠段811~840地號,22.52,住,,,1010302,土地1建物1車位0,六層,13,住宅大樓(11層含以上有電梯),住家用,鋼筋混凝土造,,120.83,3,2,2,有,無,6080000,50319,,0.0,0,,RPPRNLKMMHIFFCC67CB
暖暖區,房地(土地+建物)+車位,源遠段811~840地號,22.82,住,,,1010917,土地1建物1車位1,十一層,13,住宅大樓(11層含以上有電梯),住家用,鋼筋混凝土造,,139.29,3,2,2,有,無,7020000,54870,升降機械,18.46,390000,,RPQRNLKMMHIFFCC77CB
暖暖區,房地(土地+建物)+車位,源遠段811~840地號,23.12,住,,,1010203,土地1建物1車位1,十二層,13,住宅大樓(11層含以上有電梯),住家用,鋼筋混凝土造,,157.75,3,2,2,有,無,7180000,54457,坡道平面,36.92,600000,,RPRRNLKMMHIFFCC87CB
暖暖區,房地(土地+建物)+車位,源遠段811~840地號,22.88,住,,,1010928,土地1建物1車位1,十三層,13,住宅大樓(11層含以上有電梯),住家用,鋼筋混凝土造,,139.29,3,2,2,有,無,6380000,49574,升降機械,18.46,390000,,RPSRNLKMMHIFFCC97CB
暖暖區,房地(土地+建物)+車位,源遠段811~840地號,22.76,住,,,1010914,土地1建物1車位1,二層,13,住宅大樓(11層含以上有電梯),住家用,鋼筋混凝土造,,138.96,3,2,2,有,無,5640000,43734,升降機械,18.46,370000,,RPTRNLKMMHIFFCC08CB
暖暖區,房地(土地+建物)+車位,源遠段811~840地號,22.76,住,,,1010413,土地1建物1車位1,三層,13,住宅大樓(11層含以上有電梯),住家用,鋼筋混凝土造,,138.96,3,2,2,有,無,6600000,50705,升降機械,18.46,490000,,RPURNLKMMHIFFCC18CB
暖暖區,房地(土地+建物)+車位,源遠段811~840地號,22.76,住,,,1010811,土地1建物1車位1,四層,13,住宅大樓(11層含以上有電梯),住家用,鋼筋混凝土造,,138.96,3,2,2,有,無,6000000,46556,升降機械,18.46,390000,,RPVRNLKMMHIFFCC28CB
暖暖區,房地(土地+建物)+車位,源遠段811~840地號,23.06,住,,,1010405,土地1建物1車位1,八層,13,住宅大樓(11層含以上有電梯),住家用,鋼筋混凝土造,,157.42,3,2,2,有,無,7180000,54606,坡道平面,36.92,600000,,RPWRNLKMMHIFFCC38CB
暖暖區,房地(土地+建物)+車位,源遠段811~840地號,23.06,住,,,1010203,土地1建物1車位2,九層,13,住宅大樓(11層含以上有電梯),住家用,鋼筋混凝土造,,157.42,3,2,2,有,無,6800000,50622,升降機械,36.92,700000,,RPXRNLKMMHIFFCC48CB
暖暖區,房地(土地+建物)+車位,源遠段811~840地號,23.06,住,,,1010601,土地1建物1車位2,十層,13,住宅大樓(11層含以上有電梯),住家用,鋼筋混凝土造,,157.42,3,2,2,有,無,6400000,45809,升降機械,36.92,880000,,RPOSNLKMMHIFFCC67CB
暖暖區,房地(土地+建物)+車位,源遠段811~840地號,22.76,住,,,1010824,土地1建物1車位1,十一層,13,住宅大樓(11層含以上有電梯),住家用,鋼筋混凝土造,,138.96,3,2,2,有,無,6250000,48631,升降機械,18.46,390000,,RPQSNLKMMHIFFCC87CB
暖暖區,房地(土地+建物)+車位,源遠段811~840地號,22.76,住,,,1010926,土地1建物1車位1,十二層,13,住宅大樓(11層含以上有電梯),住家用,鋼筋混凝土造,,157.42,3,2,2,有,無,6680000,49627,坡道平面,36.92,700000,,RPRSNLKMMHIFFCC97CB
暖暖區,房地(土地+建物)+車位,源遠段811~840地號,22.88,住,,,1010812,土地1建物1車位1,十三層,13,住宅大樓(11層含以上有電梯),住家用,鋼筋混凝土造,,139.29,3,2,2,有,無,6180000,48084,升降機械,18.46,370000,,RPSSNLKMMHIFFCC08CB
暖暖區,房地(土地+建物)+車位,源遠段811~840地號,17.2,住,,,1010409,土地1建物1車位1,二層,13,住宅大樓(11層含以上有電梯),住家用,鋼筋混凝土造,,109.21,2,2,1,有,無,5180000,52782,升降機械,18.46,390000,,RPTSNLKMMHIFFCC18CB
暖暖區,房地(土地+建物),源遠段811~840地號,16.91,住,,,1010402,土地1建物1車位0,四層,13,住宅大樓(11層含以上有電梯),住家用,鋼筋混凝土造,,90.75,2,2,1,有,無,4010000,44187,,0.0,0,,RPUSNLKMMHIFFCC28CB
暖暖區,房地(土地+建物)+車位,源遠段811~840地號,17.2,住,,,1010211,土地1建物1車位1,十層,13,住宅大樓(11層含以上有電梯),住家用,鋼筋混凝土造,,109.21,2,2,1,有,無,5510000,53003,升降機械,18.46,700000,,RPVSNLKMMHIFFCC38CB
暖暖區,房地(土地+建物)+車位,源遠段811~840地號,17.2,住,,,1010831,土地1建物1車位1,十一層,13,住宅大樓(11層含以上有電梯),住家用,鋼筋混凝土造,,109.21,2,2,1,有,無,5260000,53664,升降機械,18.46,390000,,RPWSNLKMMHIFFCC48CB
暖暖區,房地(土地+建物)+車位,源遠段811~840地號,17.2,住,,,1010906,土地1建物1車位1,十二層,13,住宅大樓(11層含以上有電梯),住家用,鋼筋混凝土造,,109.21,2,2,1,有,無,4890000,49807,升降機械,18.46,370000,,RPXSNLKMMHIFFCC58CB
暖暖區,房地(土地+建物)+車位,源遠段811~840地號,17.14,住,,,1010501,土地1建物1車位1,十三層,13,住宅大樓(11層含以上有電梯),住家用,鋼筋混凝土造,,108.98,2,2,1,有,無,4900000,48719,升降機械,18.46,490000,,RPOTNLKMMHIFFCC77CB
暖暖區,房地(土地+建物)+車位,源遠段811~840地號,31.57,住,,,1010507,土地1建物1車位1,二層,13,住宅大樓(11層含以上有電梯),住家用,鋼筋混凝土造,,203.26,4,2,2,有,無,8180000,44968,坡道平面,36.92,700000,,RPPTNLKMMHIFFCC87CB
暖暖區,房地(土地+建物)+車位,源遠段811~840地號,31.57,住,,,1010402,土地1建物1車位1,四層,13,住宅大樓(11層含以上有電梯),住家用,鋼筋混凝土造,,203.26,4,2,2,有,無,8600000,47493,坡道平面,36.92,700000,,RPQTNLKMMHIFFCC97CB
暖暖區,房地(土地+建物)+車位,源遠段811~840地號,31.87,住,,,1010211,土地1建物1車位2,十層,13,住宅大樓(11層含以上有電梯),住家用,鋼筋混凝土造,,221.72,4,2,2,有,無,9920000,53084,坡道平面,55.38,1090000,,RPRTNLKMMHIFFCC08CB
暖暖區,房地(土地+建物)+車位,源遠段811~840地號,30.57,住,,,1010324,土地1建物1車位1,十三層,13,住宅大樓(11層含以上有電梯),住家用,鋼筋混凝土造,,197.84,4,2,2,有,無,10260000,59408,坡道平面,36.92,700000,,RPSTNLKMMHIFFCC18CB
