﻿鄉鎮市區,交易標的,土地區段位置建物區段門牌,土地面積平方公尺,都市土地使用分區,非都市土地使用分區,非都市土地使用編定,租賃年月日,租賃筆棟數,租賃層次,總樓層數,建物型態,主要用途,主要建材,建築完成年月,建物總面積平方公尺,建物現況格局-房,建物現況格局-廳,建物現況格局-衛,建物現況格局-隔間,有無管理組織,有無附傢俱,總額元,單價元平方公尺,車位類別,車位面積平方公尺,車位總額元,備註,編號
The villages and towns urban district,transaction sign,land sector position building sector house number plate,land shifting total area square meter,the use zoning or compiles and checks,the non-metropolis land use district,non-metropolis land use,transaction year month and day,transaction pen number,shifting level,total floor number,building state,main use,main building materials,construction to complete the years,building shifting total area,Building present situation pattern - room,building present situation pattern - hall,building present situation pattern - health,building present situation pattern - compartmented,Whether there is manages the organization,Whether there is attaches the furniture,total price NTD,the unit price (NTD / square meter),the berth category,berth shifting total area square meter,the berth total price NTD,the note,serial number
北區,房地(土地+建物),臺南市北區和緯路二段151~180號,68.11,住,,,1020115,土地1建物1車位0,全,2,透天厝,見其他登記事項,見其他登記事項,1010409,86.05,0,0,0,無,無,有,76000,883,,0.0,0,,RPXNMLMJKHIFFAD67CC
北區,房地(土地+建物),臺南市北區北成路481~510號,15.73,住,,,1020104,土地1建物1車位0,十一層,14,住宅大樓(11層含以上有電梯),見其他登記事項,鋼筋混凝土構造,0980109,114.71,2,2,1,有,無,有,16000,139,,0.0,0,,RPOOMLMJKHIFFAD86CC
安定區,房地(土地+建物),臺南市安定區中榮里1~30號,78.84,住,鄉村區,乙種建築用地,1020121,土地1建物1車位0,全,4,透天厝,見其他登記事項,鋼筋混凝土造,0940615,215.62,5,2,3,有,無,有,18000,83,,0.0,0,,RPQNMLMJKHIFFER78CC
中西區,房地(土地+建物),臺南市中西區府前路二段31~60號,124.0,商,,,1020205,土地1建物1車位0,一層,7,店面(店鋪),,鋼筋混凝土構造,0700612,169.43,2,1,1,有,無,有,45000,266,,0.0,0,,RPPOMLMJKHIFFAD07DC
北區,房地(土地+建物),臺南市北區西門路四段391~420號,89.1,住,,,1020108,土地1建物1車位0,五層,4,店面(店鋪),住商用,鋼筋混凝土構造,0731217,306.15,5,2,3,有,無,無,22000,72,,0.0,0,,RPWOMLOJKHIFFAD97DC
新營區,建物,臺南市新營區復興路61~90號,44.15,商,,,1020129,土地0建物1車位0,一層,4,店面(店鋪),住商用,鋼筋混凝土造,0790821,44.15,0,0,0,無,無,無,13000,294,,0.0,0,僅承租1樓,RPQOMLOJKHIFFAR68CC
永康區,房地(土地+建物),臺南市永康區中華路212巷31~60號,74.02,住,,,1020214,土地1建物1車位0,全,3,透天厝,住家用,加強磚造,0690207,103.07,3,3,2,有,無,有,9000,87,,0.0,0,,RPPOMLOJKHIFFHR66CC
新市區,建物,臺南市新市區信義街1~30號,80.6,住,,,1020203,土地0建物0車位0,全,4,透天厝,見其他登記事項,鋼筋混凝土造,1001107,11.86,1,0,1,有,無,有,3500,295,,0.0,0,,RPPNMLOJKHIFFER88CC
新市區,房地(土地+建物),臺南市新市區永就里121~150號,82.0,其他,特定專用區,甲種建築用地,1020204,土地1建物1車位0,全,3,透天厝,住家用,鋼筋混凝土造,0810320,145.32,3,2,2,有,無,有,8000,55,,0.0,0,透天有車位,RPWNMLOJKHIFFER96CC
善化區,房地(土地+建物),臺南市善化區和平路91~120號,85.1,住,,,1020215,土地1建物1車位0,,5,店面(店鋪),見其他登記事項,鋼筋混凝土造,0930629,250.24,4,3,5,有,無,有,29000,116,,0.0,0,,RPSOMLOJKHIFFER66CC
東區,房地(土地+建物),臺南市東區崇明路121~150號,11.64,住,,,1020201,土地1建物0車位0,十一層,16,住宅大樓(11層含以上有電梯),住家用,鋼筋混凝土構造,0850203,30.61,1,0,1,有,有,有,5000,163,,0.0,0,,RPPOMLPJKHIFFCD57DC
麻豆區,房地(土地+建物),臺南市麻豆區新生北路61~90號,239.0,住,,,1020114,土地2建物2車位0,二層,5,店面(店鋪),見其他登記事項,鋼筋混凝土造,0790326,263.06,6,4,4,有,無,有,50000,190,,0.0,0,,RPVNMLPJKHIFFCR86DC
佳里區,房地(土地+建物),臺南市佳里區萊芊療1~30號,5415.18,,工業區,丁種建築用地,1020108,土地3建物1車位0,一層,1,工廠,工業用,見其他登記事項,0690529,2789.69,0,0,0,無,無,無,55000,,,0.0,0,,RPTNMLQJKHIFFDR86DC
南區,建物,臺南市南區夏林路121~150號,141.0,,,,1020216,土地0建物1車位0,一層,4,店面(店鋪),住商用,鋼筋混凝土構造,0690716,574.59,0,0,0,無,無,有,110000,191,,0.0,0,,RPSOMLQJKHIFFCD87CC
東區,建物,臺南市東區大學路1~30號,95.0,,,,1020222,土地0建物1車位0,一層,4,店面(店鋪),住商用,鋼筋混凝土構造,0681110,317.47,0,0,0,無,無,有,180000,567,,0.0,0,,RPVOMLQJKHIFFCD18CC
北區,建物,臺南市北區開南街1~30號,0.0,住,,,1011106,土地0建物1車位0,二層,5,公寓(5樓含以下無電梯),住家用,鋼筋混凝土構造,0700217,54.54,2,1,1,有,無,無,7000,128,,0.0,0,1.合約書無填具土地租賃面積.2.由所有權人提供出租資訊,RPUNMLQJKHIFFAD77CC
安平區,房地(土地+建物),臺南市中西區安平路91~120號,80.5,其他,,,1011218,土地1建物1車位0,一層,3,店面(店鋪),住商用,加強磚造,0621015,205.68,4,2,3,有,無,無,20000,97,,0.0,0,b1-3f整棟出租,RPXOMLQJKHIFFAD18CC
北區,建物,臺南市北區北園街1~30號,0.0,住,,,1020107,土地0建物1車位0,十三層,14,住宅大樓(11層含以上有電梯),見其他登記事項,鋼筋混凝土構造,0870420,84.19,2,2,1,有,無,有,12000,143,,0.0,0,1.合約書無填具土地租賃面積.2.由所有權人提供出租資訊,RPOPMLQJKHIFFAD37CC
中西區,房地(土地+建物),臺南市中西區府前路二段31~60號,124.0,商,,,1020205,土地1建物1車位0,一層,7,店面(店鋪),,鋼筋混凝土構造,0700612,169.43,2,1,1,有,無,有,45000,266,,0.0,0,,RPTPMLRJKHIFFAD08DC
永康區,房地(土地+建物),臺南市永康區復華八街47巷1~30號,5.8,住,,,1020119,土地1建物1車位0,四層,6,套房(1房1廳1衛),住家用,鋼筋混凝土造,0850305,20.67,1,0,1,有,無,有,5000,242,,0.0,0,,RPPQMLRJKHIFFHR17CC
永康區,房地(土地+建物),臺南市永康區中華路361~390號,90.27,商,,,1020129,土地1建物1車位0,見使用執照,4,店面(店鋪),住商用,加強磚造,0690606,255.71,6,1,4,有,無,無,20000,78,,0.0,0,,RPQQMLRJKHIFFHR27CC
東區,房地(土地+建物),臺南市東區光明街175巷8弄1~30號,0.0,住,,,1020114,土地1建物1車位0,全,2,透天厝,住家用,加強磚造,0620515,76.24,3,1,2,有,無,有,7000,92,,0.0,0,,RPPNMLSJKHIFFCD67CC
東區,房地(土地+建物)+車位,臺南市東區莊敬路1~30號,0.0,其他,,,1020208,土地1建物1車位1,二層,9,店面(店鋪),住商用,鋼筋混凝土構造,0870914,85.21,1,1,2,有,無,無,15000,176,坡道平面,28.19,0,,RPPNMLTJKHIFFCD77CC
中西區,建物,臺南市中西區頂美一街1~30號,127.27,住,,,1020206,土地0建物1車位0,一層,7,店面(店鋪),住家用,鋼筋混凝土構造,0661202,491.96,0,1,2,有,無,無,35000,71,,0.0,0,,RPPNMLPKKHIFFAD27CC
南區,建物,臺南市南區南明街31~60號,0.0,住,,,1020109,土地0建物1車位0,三層,6,華廈(10層含以下有電梯),住家用,鋼筋混凝土構造,0790827,41.5,1,1,1,有,無,有,5500,133,,0.0,0,,RPXNMLSKKHIFFCD58CC
永康區,建物,臺南市永康區中華路661巷1~30號,0.0,住,,,1020215,土地0建物1車位0,四層,14,住宅大樓(11層含以上有電梯),住家用,鋼筋混凝土造,0850408,138.66,3,1,2,有,有,有,8500,61,,0.0,0,1.合約書無填具土地租賃面積.2.由所有權人提供出租資訊,RPXOMLSKKHIFFHR97CC
永康區,建物,臺南市永康區大灣路891巷31~60號,0.0,住,,,1020118,土地0建物1車位0,三層,3,廠辦,住工用,加強磚造,0630101,195.84,0,0,1,有,無,無,12000,61,,0.0,0,1.合約書無填具土地租賃面積.2.由所有權人提供出租資訊3.整棟出租,RPOPMLSKKHIFFHR17CC
永康區,建物,臺南市永康區中華二路266巷1~30號,0.0,住,,,1020121,土地0建物1車位0,三層,16,住宅大樓(11層含以上有電梯),住家用,鋼筋混凝土造,0850522,101.71000000000001,3,1,2,有,無,有,12000,118,,0.0,0,1.合約書無填具土地租賃面積.2.由所有權人提供出租資訊3.租金以包含機械式車位,RPUOMLKLKHIFFHR96CC
東區,建物,臺南市東區東安路30巷1~30號,0.0,住,,,1020121,土地0建物1車位0,五層,5,公寓(5樓含以下無電梯),住家用,鋼筋混凝土構造,0710223,112.02,3,1,2,有,無,有,9000,80,,0.0,0,,RPVNMLKLKHIFFCD67CC
東區,房地(土地+建物),臺南市東區富農街一段131巷31~60號,30.54,其他,,,1020220,土地1建物1車位0,全,1,透天厝,住家用,鋼筋混凝土構造,0840112,159.44,1,1,1,有,無,無,11000,69,,0.0,0,,RPSOMLKLKHIFFCD47CC
善化區,房地(土地+建物),臺南市善化區成功路349巷1~30號,73.0,住,,,1020201,土地1建物1車位0,全,3,透天厝,住家用,鋼筋混凝土造,0830305,139.71,4,2,3,有,無,無,12000,86,,0.0,0,,RPSNMLKLKHIFFER98CC
善化區,房地(土地+建物),臺南市善化區光華路128巷1~30號,1360.45,其他,,,1020220,土地1建物1車位0,三層,7,華廈(10層含以下有電梯),住家用,鋼筋混凝土造,0830625,57.78,2,2,1,有,有,有,9000,156,,0.0,0,,RPPOMLKLKHIFFER78CC
新市區,建物,臺南市新市區中正路116巷2弄1~30號,63.15,住,,,1020122,土地0建物1車位0,全,4,透天厝,見其他登記事項,鋼筋混凝土造,0820408,175.2,4,2,3,有,無,有,13000,74,,0.0,0,,RPQOMLKLKHIFFER88CC
安平區,房地(土地+建物),臺南市安平區育平五街1~30號,7.83,住,,,1020301,土地1建物1車位0,二層,22,住宅大樓(11層含以上有電梯),住商用,鋼筋混凝土構造,0861021,111.76,1,2,2,有,無,有,13000,116,,0.0,0,,RPQNMLKLKHIFFAD96CC
北區,建物,臺南市北區文成一路1~30號,0.0,住,,,1020109,土地0建物1車位0,二層,4,其他,住商用,鋼筋混凝土構造,0751120,164.45,2,3,1,有,無,有,15000,91,,0.0,0,,RPROMLKLKHIFFAD17CC
北區,建物,臺南市北區開元路485巷41弄1~30號,0.0,商,,,1020120,土地0建物1車位0,十層,14,住宅大樓(11層含以上有電梯),見其他登記事項,鋼筋混凝土構造,0891120,33.1,1,0,1,有,有,有,6500,196,,0.0,0,,RPSOMLKLKHIFFAD27CC
北區,建物,臺南市北區勝利路206巷31~60號,0.0,住,,,1020121,土地0建物1車位0,三層,4,公寓(5樓含以下無電梯),住家用,鋼筋混凝土構造,0690503,75.36,3,2,2,有,無,有,8650,115,,0.0,0,,RPUOMLKLKHIFFAD47CC
安平區,建物,臺南市安平區永華路二段811~840號,0.0,住,,,1020122,土地0建物1車位0,二十二層,24,住宅大樓(11層含以上有電梯),住家用,鋼筋混凝土構造,0840530,117.4,3,2,2,有,有,有,18000,153,,0.0,0,,RPVOMLKLKHIFFAD57CC
安平區,土地,妙壽段1~30地號,123.66,住,,,1020301,土地2建物0車位0,,,店面(店鋪),,,,0.0,1,1,1,無,無,有,35000,283,,0.0,0,,RPWOMLKLKHIFFAD67CC
北區,土地,北元段181~210地號,1805.12,其他,,,1020201,土地1建物0車位0,,,其他,,,,0.0,0,0,0,有,無,有,167155,93,,0.0,0,,RPXOMLLLKHIFFAD87CC
新市區,房地(土地+建物),臺南市新市區仁愛街181~210號,78.91,其他,,,1020301,土地1建物1車位0,全,3,透天厝,住商用,鋼筋混凝土造,0711016,158.67,4,3,3,有,無,有,16000,101,,0.0,0,店住,RPPNMLLLKHIFFER78CC
新市區,房地(土地+建物),臺南市新市區長安街61~90號,94.95,其他,,,1020301,土地1建物1車位0,全,4,透天厝,見其他登記事項,鋼筋混凝土造,0961009,192.65,4,2,3,有,無,有,25000,130,,0.0,0,車庫騎樓,RPQNMLLLKHIFFER88CC
新市區,房地(土地+建物),臺南市新市區光明街31~60號,67.04,其他,,,1020221,土地1建物1車位0,全,4,透天厝,見其他登記事項,鋼筋混凝土造,0820708,189.44,5,1,3,有,無,無,18000,95,,0.0,0,車庫地下1樓,RPWNMLLLKHIFFER86CC
麻豆區,房地(土地+建物),臺南市麻豆區麻豆口1~30號,117.0,工,,,1020131,土地1建物1車位0,全,3,透天厝,見其他登記事項,鋼筋混凝土造,0820525,167.2,4,3,3,有,無,無,8000,48,,0.0,0,,RPPNMLLLKHIFFCR58CC
善化區,房地(土地+建物),臺南市善化區茄拔331~360號,477.0,其他,特定農業區,甲種建築用地,1020301,土地1建物1車位0,全,4,透天厝,見其他登記事項,鋼筋混凝土造,0851102,184.26,4,2,3,有,無,有,9000,49,,0.0,0,有車位,RPUNMLMLKHIFFER76CC
新市區,房地(土地+建物),臺南市新市區仁愛街1~30號,67.06,其他,,,1020301,土地1建物1車位0,全,4,透天厝,住商用,鋼筋混凝土造,0841019,133.56,4,2,3,有,無,無,18000,135,,0.0,0,,RPQNMLNLKHIFFER09CC
永康區,房地(土地+建物),臺南市永康區成功路172巷8弄1~30號,0.0,住,,,1020222,土地2建物1車位0,全,4,透天厝,住家用,加強磚造,0770114,178.83,5,2,4,有,無,有,20000,112,,0.0,0,租賃合約書無填寫土地租賃.,RPPNMLNLKHIFFHR66CC
新市區,房地(土地+建物),臺南市新市區勝利街1~30號,78.04,住,,,1020210,土地1建物1車位0,全,3,透天厝,住商用,加強磚造,0720523,109.13,4,1,3,有,無,無,15000,137,,0.0,0,,RPSNMLQLKHIFFER07DC
新市區,房地(土地+建物),臺南市新市區大營121~150號,85.0,其他,特定農業區,甲種建築用地,1020305,土地1建物1車位0,全,4,透天厝,住商用,鋼筋混凝土造,0850315,178.76,4,1,3,有,無,有,22000,123,,0.0,0,,RPVNMLRLKHIFFER37CC
東區,建物,臺南市東區莊敬路91~120號,0.0,其他,,,1020127,土地0建物1車位0,三層,17,住宅大樓(11層含以上有電梯),住家用,鋼筋混凝土構造,0790803,147.1,3,2,2,有,有,有,10000,68,,0.0,0,,RPUNMLRLKHIFFCD28CC
東區,房地(土地+建物),臺南市東區裕文路361~390號,619.3,住,,,1020401,土地1建物1車位0,一層,1,其他,住家用,見其他登記事項,0950822,161.8,3,2,1,有,無,無,60000,371,,0.0,0,,RPQNMLSLKHIFFCD97CC
安定區,房地(土地+建物),臺南市安定區港南61~90號,88.0,住,鄉村區,乙種建築用地,1020301,土地1建物1車位0,全,3,透天厝,住家用,鋼筋混凝土造,0851230,178.0,4,2,3,有,無,有,8000,45,,0.0,0,,RPQNMLLJLHIFFER78CC
北區,建物,臺南市北區北園街1~30號,0.0,商,,,1020131,土地0建物1車位0,十二層,14,住宅大樓(11層含以上有電梯),見其他登記事項,鋼筋混凝土構造,0870420,78.77000000000001,2,2,1,有,有,有,13000,165,,0.0,0,1.合約書無填具土地租賃面積.2.由所有權人提供出租資訊3.租金以包含機械車位,RPPPMLLJLHIFFAD07CC
北區,建物,臺南市北區北園街1~30號,0.0,商,,,1020131,土地0建物1車位0,十層,14,住宅大樓(11層含以上有電梯),見其他登記事項,鋼筋混凝土構造,0870420,68.41,2,1,1,有,有,有,10000,146,,0.0,0,1.合約書無填具土地租賃面積.2.由所有權人提供出租資訊3.租金以包含機械車位,RPUPMLLJLHIFFAD57CC
善化區,房地(土地+建物),臺南市善化區蓮潭路121~150號,161.0,其他,,,1020305,土地1建物1車位0,全,3,透天厝,見其他登記事項,鋼筋混凝土造,1010406,201.16,5,2,4,有,無,有,22500,112,,0.0,0,有車位,RPRNMLMJLHIFFER98CC
新市區,房地(土地+建物),臺南市新市區中正路92巷1~30號,2672.42,其他,,,1020309,土地1建物1車位0,六層,8,華廈(10層含以下有電梯),住家用,鋼筋混凝土造,0830806,89.49,3,2,2,有,有,有,8500,95,,0.0,0,,RPSNMLMJLHIFFER09CC
北區,房地(土地+建物),臺南市北區前鋒路271~300號,0.0,商,,,1020301,土地1建物1車位0,八層,12,辦公商業大樓,商業用,鋼筋混凝土構造,0800123,54.28,0,0,0,無,有,無,7954,147,,0.0,0,租賃合約書無填寫土地租賃,RPRNMLNJLHIFFAD27CC
安南區,土地,幸福段451~480地號,548.91,其他,,,1020301,土地1建物0車位0,,,工廠,,,,0.0,0,0,0,有,無,無,22000,,,0.0,0,,RPUNMLOJLHIFFBD77CC
北區,建物,臺南市北區開元路394巷31~60號,0.0,住,,,1020201,土地0建物1車位0,全,3,透天厝,住商用,鋼筋混凝土構造,0680604,109.11,4,2,3,有,無,無,6500,60,,0.0,0,1.合約書無填具土地租賃面積.2.由所有權人提供出租資訊,RPRPMLPJLHIFFAD67CC
東區,房地(土地+建物)+車位,臺南市東區龍山街91~120號,5093.0,住,,,1020218,土地1建物1車位1,十層,14,華廈(10層含以下有電梯),住家用,鋼筋混凝土構造,0960906,72.64,3,1,2,有,無,有,23500,324,坡道平面,0.0,0,,RPRNMLPJLHIFFCD67CC
麻豆區,房地(土地+建物),臺南市麻豆區小埤里苓子林1~30號,283.0,其他,,,1020305,土地2建物1車位0,一層,1,店面(店鋪),工業用,見其他登記事項,0861003,197.31,0,0,0,無,無,有,16000,81,,0.0,0,,RPPNMLQJLHIFFCR98CC
永康區,房地(土地+建物),臺南市永康區中華西街127巷1~30號,0.0,住,,,1020305,土地1建物1車位0,二層,5,公寓(5樓含以下無電梯),住家用,鋼筋混凝土造,0701211,91.19,3,2,2,有,無,有,7000,77,,0.0,0,,RPROMLQJLHIFFHR17CC
永康區,房地(土地+建物),臺南市永康區中華一路324巷1~30號,0.0,住,,,1020307,土地1建物1車位0,全,5,透天厝,住家用,鋼筋混凝土造,0810411,223.05,7,1,3,有,無,有,14000,63,,0.0,0,,RPSOMLRJLHIFFHR37CC
新市區,房地(土地+建物),臺南市新市區大營里121~150號,88.0,,特定農業區,甲種建築用地,1020225,土地1建物1車位0,全,4,透天厝,住商用,鋼筋混凝土造,0870812,207.41,5,1,3,有,無,無,15000,72,,0.0,0,,RPXNMLRJLHIFFER57DC
新市區,房地(土地+建物),臺南市新市區社內61~90號,75.0,,鄉村區,乙種建築用地,1020220,土地1建物1車位0,全,3,透天厝,住家用,鋼筋混凝土造,0850315,158.42,4,1,3,有,無,有,13000,82,,0.0,0,,RPOOMLRJLHIFFER76DC
新市區,房地(土地+建物),臺南市新市區光華街31~60號,4752.08,工,,,1020210,土地1建物1車位0,一層,1,倉庫,見其他登記事項,見其他登記事項,0850813,651.84,0,0,0,無,無,有,14000,,,0.0,0,,RPPOMLRJLHIFFER86DC
北區,房地(土地+建物),臺南市北區和緯路二段181~210號,88.34,住,,,1020226,土地3建物1車位0,全,5,透天厝,見其他登記事項,鋼筋混凝土構造,0961126,101.07,5,3,6,有,無,無,27000,267,,0.0,0,,RPPOMLRJLHIFFAD67DC
中西區,房地(土地+建物),臺南市中西區西華南街36巷1~30號,0.0,住,,,1020227,土地1建物1車位0,一層,3,公寓(5樓含以下無電梯),住家用,鋼筋混凝土構造,0840313,34.86,1,1,1,有,無,有,5800,166,,0.0,0,租賃合約書無填寫土地租賃,RPTOMLRJLHIFFAD97CC
北區,房地(土地+建物),臺南市北區中華北路二段194巷59弄1~30號,0.0,住,,,1020215,土地1建物1車位0,全,4,透天厝,見其他登記事項,鋼筋混凝土構造,0920324,198.43,5,2,4,有,無,有,20000,101,,0.0,0,,RPVOMLRJLHIFFAD18CC
東區,房地(土地+建物),臺南市東區東門路三段241~270號,133.0,其他,,,1020306,土地1建物1車位0,一層,1,工廠,見其他登記事項,見其他登記事項,0741120,42.44,0,0,1,有,無,無,20000,,,0.0,0,,RPUNMLSJLHIFFCD28CC
新市區,建物,臺南市新市區大營路121~150號,81.0,,特定農業區,甲種建築用地,1020320,土地0建物1車位0,全,4,透天厝,住家用,鋼筋混凝土造,0860624,201.6,5,2,3,有,無,無,11000,55,,0.0,0,,RPPNMLSJLHIFFER76CC
善化區,土地,六分寮段541~570地號,192.0,其他,特定農業區,農牧用地,1020306,土地1建物0車位0,,,其他,,,,0.0,0,0,0,有,無,有,12000,63,,0.0,0,地上門牌登記,RPRNMLSJLHIFFER96CC
東區,房地(土地+建物),臺南市東區崇明十三街1~30號,88.0,住,,,1020401,土地1建物1車位0,全,4,透天厝,見其他登記事項,鋼筋混凝土構造,0970430,166.12,5,2,3,有,無,有,16000,96,,0.0,0,,RPRNMLTJLHIFFCD08CC
北區,房地(土地+建物),臺南市北區公園南路331~360號,8.76,住,,,1020301,土地2建物1車位0,三層,14,住宅大樓(11層含以上有電梯),見其他登記事項,鋼筋混凝土構造,0971219,57.58,2,2,1,有,有,有,13800,240,,0.0,0,,RPVNMLTJLHIFFAD28CC
北區,房地(土地+建物),臺南市北區育德一街1~30號,20.32,住,,,1020215,土地1建物1車位0,十層,10,華廈(10層含以下有電梯),見其他登記事項,鋼筋混凝土構造,0930818,61.49,2,2,1,有,有,有,13000,211,,0.0,0,,RPWNMLTJLHIFFAD38CC
佳里區,房地(土地+建物),臺南市佳里區佳里興211~240號,674.0,,鄉村區,乙種建築用地,1020221,土地4建物1車位0,一層,1,廠辦,見其他登記事項,見其他登記事項,0890919,261.95,7,1,1,有,無,有,20000,76,,0.0,0,,RPTNMLTJLHIFFDR17CC
東區,房地(土地+建物),臺南市東區崇德四街7巷16弄1~30號,0.0,住,,,1020311,土地1建物1車位0,二層,5,店面(店鋪),住商用,鋼筋混凝土構造,0701221,106.39,2,0,2,有,無,無,8800,83,,0.0,0,,RPOPMLLKLHIFFCD27CC
東區,房地(土地+建物),臺南市東區立德十路31~60號,0.0,住,,,1020204,土地1建物1車位0,全,2,透天厝,住商用,加強磚造,0631113,93.22,2,3,2,有,無,無,9000,97,,0.0,0,1.因合約書無填具土地租賃面積2.有所有權人提供出資料3.此租賃層次為整棟,RPQOMLMKLHIFFCD47CC
南區,房地(土地+建物),臺南市南區賢南街151~180號,0.0,住,,,1020123,土地1建物1車位0,全,4,透天厝,住商用,鋼筋混凝土構造,0681207,272.06,5,1,3,有,無,無,12000,44,,0.0,0,1.因合約書無填具土地租賃面積2.有所有權人提供出資料3.租賃層次為整棟,RPROMLMKLHIFFCD57CC
南區,建物,臺南市南區南樂街1~30號,0.0,住,,,1020131,土地0建物1車位0,五層,5,公寓(5樓含以下無電梯),住家用,鋼筋混凝土構造,0780512,84.17,2,1,1,有,無,無,6500,77,,0.0,0,1.因合約書無填具土地租賃面積2.有所有權人提供出資料,RPSOMLMKLHIFFCD67CC
東區,建物,臺南市東區崇明路691~720號,0.0,住,,,1020131,土地0建物1車位0,五層,5,辦公商業大樓,見其他登記事項,鋼筋混凝土構造,0960626,95.55,1,1,2,有,無,無,16000,167,,0.0,0,1.因合約書無填具土地租賃面積2.有所有權人提供出資料,RPTOMLMKLHIFFCD77CC
中西區,建物,臺南市中西區府前路一段211~240號,0.0,住,,,1020221,土地0建物1車位1,一層,12,店面(店鋪),見其他登記事項,鋼筋混凝土構造,0921106,249.32999999999998,2,1,2,有,有,無,45000,180,坡道平面,28.53,0,,RPVNMLMKLHIFFAD67CC
中西區,房地(土地+建物),臺南市中西區五妃街322巷1~30號,0.0,住,,,1020215,土地1建物1車位0,全,5,透天厝,見其他登記事項,鋼筋混凝土構造,0961130,19.83,1,0,1,有,無,有,5500,277,,0.0,0,1.因合約書無填具土地租賃面積2.有所有權人提供出資料3.此租賃為透天分租,RPQOMLMKLHIFFAD27CC
安平區,建物,臺南市安平區永華八街1~30號,0.0,住,,,1020212,土地0建物1車位0,十四層,14,住宅大樓(11層含以上有電梯),見其他登記事項,鋼筋混凝土構造,0960719,73.25,2,2,1,有,有,有,18000,246,,0.0,0,,RPROMLMKLHIFFAD37CC
中西區,建物,臺南市中西區中成路1~30號,0.0,住,,,1020206,土地0建物1車位0,二十層,20,住宅大樓(11層含以上有電梯),住家用,鋼筋混凝土構造,0860127,120.15,3,2,2,有,有,有,13800,115,,0.0,0,1.因合約書無填具土地租賃面積2.有所有權人提供出資料,RPSOMLMKLHIFFAD47CC
安平區,建物,臺南市安平區育平九街192巷61~90號,0.0,住,,,1020107,土地0建物1車位0,三層,11,住宅大樓(11層含以上有電梯),住家用,鋼筋混凝土構造,0830512,78.91,2,1,1,有,有,有,8500,108,,0.0,0,1.因合約書無填具土地租賃面積2.有所有權人提供出資料,RPWOMLMKLHIFFAD87CC
學甲區,房地(土地+建物),臺南市學甲區華宗路121~150號,6143.88,工,,,1020312,土地10建物3車位0,一層,1,工廠,見其他登記事項,鋼造,0780619,3094.23,0,0,0,無,無,無,130000,,,0.0,0,,RPPNMLMKLHIFFDR78CC
永康區,建物,臺南市永康區復國路31~60號,0.0,住,,,1020128,土地0建物1車位0,十三層,14,住宅大樓(11層含以上有電梯),住家用,鋼筋混凝土造,0960920,201.31,4,2,2,有,有,無,12000,60,,0.0,0,,RPPOMLMKLHIFFHR66CC
歸仁區,房地(土地+建物),臺南市歸仁區武東村高鐵十二路151~180號,0.0,住,,,1020202,土地1建物1車位0,全,4,透天厝,住商用,鋼筋混凝土造,0960215,202.97,5,2,3,有,無,有,16000,79,,0.0,0,1.因合約書無填具土地租賃面積2.有所有權人提供出資料3.此租賃層次為整層,RPWNMLMKLHIFFFR07CC
南區,房地(土地+建物),臺南市南區大同路二段136巷5弄1~30號,40.76,住,,,1020301,土地1建物1車位0,見其他登記事項,13,住宅大樓(11層含以上有電梯),住商用,鋼筋混凝土構造,0881021,100.54,2,2,2,有,有,有,12000,119,,0.0,0,,RPUOMLNKLHIFFCD08DC
永康區,建物,臺南市永康區中華二路1~30號,0.0,住,,,1020220,土地0建物0車位0,七層,16,住宅大樓(11層含以上有電梯),住家用,鋼筋混凝土造,0811016,131.84,2,2,2,有,有,有,11000,83,,0.0,0,,RPQOMLNKLHIFFHR86CC
安南區,房地(土地+建物),臺南市安南區安和路一段151~180號,0.0,住,,,1020225,土地1建物1車位0,全,3,透天厝,住商用,鋼筋混凝土構造,0660426,189.53,3,1,2,有,無,無,13000,69,,0.0,0,1.因合約書無填具土地租賃面積2.由所權人提供出資料3.租賃層次為整棟,RPRNMLNKLHIFFBD47CC
安平區,建物,臺南市安平區慶平路511~540號,0.0,住,,,1020220,土地0建物1車位0,十七層,24,住宅大樓(11層含以上有電梯),見其他登記事項,鋼筋混凝土構造,0880211,122.25,3,2,2,有,有,有,11000,90,,0.0,0,1.因合約書無填具土地租賃面積2.由所權人提供出資料,RPQOMLNKLHIFFAD37CC
安平區,建物,臺南市安平區國平路571~600號,0.0,住,,,1020223,土地0建物1車位0,九層,14,住宅大樓(11層含以上有電梯),見其他登記事項,見其他登記事項,0950406,72.4,2,2,1,有,有,無,10000,138,,0.0,0,1.因合約書無填具土地租賃面積2.由所權人提供出資料,RPROMLNKLHIFFAD47CC
北區,房地(土地+建物),臺南市北區南園街127巷17弄31~60號,0.0,住,,,1020225,土地1建物1車位0,全,2,透天厝,住家用,加強磚造,0631221,85.91,3,2,2,有,無,有,9000,105,,0.0,0,1.因合約書無填具土地租賃面積2.由所權人提供出資料3.租賃層次為整棟,RPTOMLNKLHIFFAD67CC
北區,房地(土地+建物),臺南市北區文賢路1122巷78弄1~30號,0.0,住,,,1020225,土地1建物1車位0,全,4,透天厝,住商用,鋼筋混凝土構造,0690604,136.41,4,2,3,有,無,無,10000,73,,0.0,0,1.因合約書無填具土地租賃面積2.由所權人提供出資料3.租賃層次為整棟,RPUOMLNKLHIFFAD77CC
北區,房地(土地+建物),臺南市北區國華街四段9巷1~30號,0.0,住,,,1020308,土地1建物1車位0,全,2,透天厝,住家用,加強磚造,0660913,59.17,2,1,1,有,無,無,7000,118,,0.0,0,1.因合約書無填具土地租賃面積2.由所權人提供出資料3.租賃層次為整棟,RPWOMLNKLHIFFAD97CC
中西區,建物,臺南市中西區民權路一段151~180號,0.0,住,,,1020308,土地0建物1車位0,九層,9,華廈(10層含以下有電梯),住家用,鋼筋混凝土構造,0740822,120.55000000000001,3,2,2,有,有,有,10600,88,,0.0,0,1.因合約書無填具土地租賃面積2.由所權人提供出資料,RPXOMLNKLHIFFAD08CC
東區,房地(土地+建物),臺南市東區崇明十四街31~60號,0.0,住,,,1020223,土地1建物1車位0,全,3,透天厝,住商用,鋼筋混凝土構造,0701230,180.5,0,4,3,有,無,無,22000,122,,0.0,0,1.因合約書無填具土地租賃面積2.由所權人提供出資料3.租賃層次為整棟,RPQOMLNKLHIFFCD57CC
南區,建物,臺南市南區中華南路二段400巷4弄1~30號,0.0,住,,,1020226,土地0建物1車位0,四層,5,公寓(5樓含以下無電梯),國民住宅,鋼筋混凝土構造,0711129,89.53,3,1,2,有,無,無,6500,73,,0.0,0,,RPROMLNKLHIFFCD67CC
東區,房地(土地+建物),臺南市東區崇明路571~600號,0.0,住,,,1020301,土地1建物1車位0,全,4,透天厝,見其他登記事項,鋼筋混凝土構造,0970527,379.95,0,0,0,有,無,無,60000,158,,0.0,0,,RPSOMLNKLHIFFCD77CC
南區,房地(土地+建物),臺南市南區夏林路241~270號,84.0,其他,,,1020311,土地1建物1車位0,二層,5,店面(店鋪),住商用,鋼筋混凝土構造,0720718,420.13,0,2,2,有,無,無,36000,86,,0.0,0,,RPTNMLOKLHIFFCD87CC
南區,房地(土地+建物),臺南市南區新興路241~270號,0.0,商,,,1020314,土地1建物1車位0,一層,7,華廈(10層含以下有電梯),商業用,鋼筋混凝土構造,0730817,82.55,0,0,1,有,無,有,9000,109,,0.0,0,,RPVOMLOKLHIFFCD18CC
中西區,房地(土地+建物),臺南市中西區府中街31~60號,0.0,住,,,1020310,土地1建物1車位0,三層,5,公寓(5樓含以下無電梯),住家用,鋼筋混凝土構造,0701224,64.91,3,2,1,有,無,有,7500,116,,0.0,0,租賃合約書無填寫土地租賃,RPPNMLOKLHIFFAD27CC
北區,建物,臺南市北區北園街8巷1~30號,0.0,商,,,1020221,土地0建物1車位0,八層,19,住宅大樓(11層含以上有電梯),住家用,鋼筋混凝土構造,0851202,34.19,1,0,1,有,有,有,6000,175,,0.0,0,1.合約書無填具土地租賃面積.2.由所有權人提供出租資訊,RPTNMLQKLHIFFAD87CC
北區,建物,臺南市北區北園街8巷1~30號,0.0,商,,,1020222,土地0建物1車位0,十四層,19,住宅大樓(11層含以上有電梯),住家用,鋼筋混凝土構造,0851202,33.42,1,1,1,有,有,有,6500,194,,0.0,0,1.合約書無填具土地租賃面積.2.由所有權人提供出租資訊,RPUNMLQKLHIFFAD97CC
東區,建物,臺南市東區裕和路331~360號,0.0,住,,,1020227,土地0建物1車位0,全,5,透天厝,見其他登記事項,鋼筋混凝土構造,0860920,229.99,6,2,4,有,無,無,31110,135,,0.0,0,1.合約書無填具土地租賃面積.2.由所有權人提供出租資訊,RPWNMLQKLHIFFCD38CC
永康區,建物,臺南市永康區復國二路241~270號,0.0,住,,,1020219,土地0建物1車位0,一層,7,華廈(10層含以下有電梯),住家用,鋼筋混凝土造,0830513,129.61,3,1,1,有,有,有,8000,62,,0.0,0,,RPSNMLQKLHIFFHR27CC
東區,房地(土地+建物),臺南市東區裕農路621巷36弄1~30號,25.46,住,,,1020222,土地1建物1車位0,三層,6,華廈(10層含以下有電梯),住家用,鋼筋混凝土構造,0830523,88.2,3,2,2,有,無,有,11000,125,,0.0,0,,RPRNMLRKLHIFFCD97CC
東區,建物,臺南市東區生產路271~300號,4.65,住,,,1020316,土地0建物1車位0,一層,12,店面(店鋪),商業用,鋼筋混凝土構造,0890621,82.58,0,0,0,無,無,無,19900,241,,0.0,0,,RPQNMLSKLHIFFCD97CC
善化區,房地(土地+建物),臺南市善化區中山路121~150號,64.17,住,,,1020420,土地2建物1車位0,全,2,透天厝,住家用,加強磚造,0561001,85.45,4,4,2,有,無,無,17000,199,,0.0,0,,RPPOMLSKLHIFFER96CC
永康區,房地(土地+建物),臺南市永康區中山南路631~660號,77.13,住,,,1020219,土地1建物1車位0,二層,2,店面(店鋪),住家用,加強磚造,0640101,84.0,4,1,2,有,無,有,10000,119,,0.0,0,,RPROMLSKLHIFFHR47CC
佳里區,房地(土地+建物),臺南市佳里區林園街211~240號,21.18,住,,,1020315,土地6建物1車位0,五層,12,公寓(5樓含以下無電梯),住家用,鋼筋混凝土造,0850215,145.01,3,2,2,有,有,有,11000,76,,0.0,0,,RPQNMLSKLHIFFDR86CC
永康區,建物,臺南市永康區東橋十街61~90號,0.0,住,,,1020302,土地0建物1車位0,全,4,透天厝,見其他登記事項,見其他登記事項,1010619,208.0,4,2,4,有,有,無,45000,216,,0.0,0,,RPUNMLTKLHIFFHR77CC
東區,建物,臺南市東區中華東路三段301~330號,157.0,住,,,1020403,土地0建物1車位0,二層,2,店面(店鋪),住商用,見其他登記事項,0810128,567.75,3,1,3,有,無,無,80000,141,,0.0,0,,RPPNMLTKLHIFFCD97CC
安平區,建物,臺南市安平區華平路691~720號,0.0,商,,,1020307,土地0建物0車位0,一層,5,店面(店鋪),見其他登記事項,鋼筋混凝土構造,0960612,181.32,1,0,0,有,無,無,63800,352,,0.0,0,,RPRNMLTKLHIFFAD97CC
北區,建物,臺南市北區北成路391~420號,2932.86,住,,,1020301,土地0建物1車位0,十二層,14,住宅大樓(11層含以上有電梯),見其他登記事項,鋼筋混凝土構造,0990406,52.06,2,1,1,有,無,有,20000,384,,0.0,0,,RPTNMLTKLHIFFAD18CC
安平區,建物,臺南市安平區安平區育平五街十一樓之1~30號,0.0,,,,1020301,土地0建物1車位0,十一層,22,住宅大樓(11層含以上有電梯),住家用,鋼筋混凝土構造,0861021,80.93,1,1,1,有,有,有,6000,74,,0.0,0,附電視1台、冷氣1台、窗簾、熱水器、抽油煙機、流理台、瓦斯爐,RPVNMLTKLHIFFAD38CC
北區,房地(土地+建物),臺南市北區和緯路一段61~90號,0.0,住,,,1020319,土地1建物1車位0,二層,10,店面(店鋪),見其他登記事項,鋼筋混凝土構造,0930329,113.05,2,0,2,有,無,有,16000,142,,0.0,0,租賃合約書無填寫土地租賃.租金含管理費用。,RPUNMLKLLHIFFAD47CC
中西區,建物,臺南市中西區中正路181~210號,0.0,商,,,1020308,土地0建物1車位0,全,3,透天厝,見其他登記事項,加強磚造,0240901,75.83,1,2,1,有,無,無,40000,527,,0.0,0,,RPVNMLKLLHIFFAD57CC
東區,建物,臺南市東區東寧路31~60號,0.0,住,,,1020312,土地0建物1車位0,一層,4,公寓(5樓含以下無電梯),住家用,鋼筋混凝土構造,0700930,113.31,3,2,2,有,無,無,13000,115,,0.0,0,,RPUNMLKLLHIFFCD67CC
安定區,房地(土地+建物),臺南市安定區新吉31~60號,84.0,住,特定農業區,甲種建築用地,1020320,土地1建物1車位0,全,4,透天厝,見其他登記事項,鋼筋混凝土造,0941121,175.2,4,2,5,有,無,有,15000,86,,0.0,0,,RPRNMLKLLHIFFER98CC
善化區,建物,臺南市善化區小新營331~360號,96.0,,,,1020318,土地0建物1車位0,一層,4,店面(店鋪),見其他登記事項,鋼筋混凝土造,1000328,43.38,1,1,1,有,無,有,8000,184,,0.0,0,,RPTOMLKLLHIFFER66CC
永康區,房地(土地+建物),臺南市永康區中山南路436巷1~30號,2093.31,住,,,1020301,土地1建物1車位0,二層,10,華廈(10層含以下有電梯),住商用,鋼筋混凝土造,0800513,127.35,3,2,2,有,無,無,13000,102,,0.0,0,,RPUNMLLLLHIFFHR07CC
永康區,房地(土地+建物),臺南市永康區東橋五路331~360號,76.93,住,,,1020501,土地1建物1車位0,五層,5,店面(店鋪),住商用,鋼筋混凝土造,0991230,169.54,5,2,4,有,無,無,20000,118,,0.0,0,,RPXNMLLLLHIFFHR37CC
安平區,房地(土地+建物),臺南市安平區建平七街271~300號,84.0,其他,,,1020318,土地1建物1車位0,全,4,透天厝,住商用,鋼筋混凝土構造,0820421,103.86,0,0,1,無,無,有,10000,96,,0.0,0,,RPRNMLLLLHIFFAD37DC
永康區,房地(土地+建物),臺南市永康區東橋五路61~90號,88.77,住,,,1020301,土地1建物1車位0,見其他登記事項,4,店面(店鋪),見其他登記事項,見其他登記事項,1010605,197.01,3,2,4,有,無,無,26000,132,,0.0,0,,RPWNMLLLLHIFFHR37DC
善化區,房地(土地+建物)+車位,臺南市善化區興華路211~240號,85.5,住,,,1020401,土地1建物1車位2,全,4,透天厝,見其他登記事項,鋼筋混凝土造,0850501,327.0,7,2,4,有,無,有,29000,89,其他,0.0,0,,RPWNMLMLLHIFFER07CC
新化區,房地(土地+建物),臺南市新化區信義路86巷1~30號,108.0,其他,鄉村區,乙種建築用地,1020325,土地1建物1車位0,全,4,透天厝,住家用,鋼筋混凝土造,0791222,196.08,7,1,4,有,無,有,9000,46,,0.0,0,,RPOOMLMLLHIFFER98CC
南區,房地(土地+建物),臺南市南區金華路二段241~270號,26.62,住,,,1020315,土地1建物1車位0,全,5,透天厝,住商用,鋼筋混凝土構造,0700321,56.18,0,0,0,無,無,無,22000,392,,0.0,0,,RPPNMLMLLHIFFCD37CC
東區,土地,竹篙厝段931~960地號,260.0,商,,,1020716,土地2建物0車位0,,,其他,,,,0.0,0,0,0,有,無,無,85000,327,,0.0,0,,RPQNMLNLLHIFFCD57CC
東區,建物,臺南市東區東安路31~60號,84.0,住,,,1020405,土地0建物1車位0,一層,3,店面(店鋪),住商用,鋼筋混凝土構造,0760213,137.18,0,0,0,無,無,無,25000,182,,0.0,0,,RPRNMLNLLHIFFCD67CC
新市區,房地(土地+建物),臺南市新市區民生路31~60號,203.53,其他,,,1020401,土地1建物1車位0,全,4,透天厝,住家用,鋼筋混凝土造,0780225,316.53,6,2,5,有,無,有,35000,111,,0.0,0,,RPPNMLNLLHIFFER09CC
東區,土地,路東段661~690地號,133.19,其他,,,1020415,土地1建物0車位0,全,,透天厝,,,,0.0,0,0,0,無,無,有,98000,736,,0.0,0,,RPVOMLPLLHIFFCD38CC
中西區,建物,臺南市中西區府前路一段301~330號,0.0,住,,,1020326,土地0建物1車位0,全,4,透天厝,住商用,鋼筋混凝土構造,0880721,30.32,1,0,1,有,無,無,5000,165,,0.0,0,承租人僅租透天中二樓之套房一間,RPQOMLQLLHIFFAD77CC
中西區,建物,臺南市中西區中山路151~180號,0.0,商,,,1020227,土地0建物1車位0,一層,2,店面(店鋪),住商用,鋼造,0781207,656.34,0,0,0,無,無,無,300000,457,,0.0,0,租賃範圍:一樓及二樓及其附屬建物,RPROMLQLLHIFFAD87CC
歸仁區,土地,南興段601~630地號,70.37,住,,,1020319,土地1建物0車位0,,,其他,,,,0.0,1,2,2,有,無,無,8000,114,,0.0,0,建物未保存,RPRNMLQLLHIFFFR07CC
仁德區,房地(土地+建物),臺南市仁德區太乙一街31~60號,198.45,住,,,1020326,土地1建物1車位0,二層,2,廠辦,工業用,加強磚造,0720602,102.96,3,2,2,有,無,無,15000,146,,0.0,0,,RPOOMLQLLHIFFFR86CC
佳里區,房地(土地+建物),臺南市佳里區中山路391~420號,82.0,商,,,1020325,土地1建物1車位0,全,5,透天厝,住商用,鋼筋混凝土造,0781106,108.95,0,0,0,無,無,無,14000,128,,0.0,0,,RPTNMLQLLHIFFDR07CC
佳里區,房地(土地+建物),臺南市佳里區南勢街211~240號,102.86,住,,,1020302,土地1建物1車位0,全,3,透天厝,住家用,鋼筋混凝土造,0860503,47.29,1,1,1,有,無,無,5000,106,,0.0,0,,RPXOMLRLLHIFFDR67CC
北區,房地(土地+建物),臺南市北區長榮路五段1~30號,0.0,住,,,1020320,土地1建物1車位0,一層,14,店面(店鋪),見其他登記事項,鋼筋混凝土構造,0920916,50.35,0,0,0,無,無,無,8000,159,,0.0,0,租賃合約書無填寫土地租賃,RPPNMLRLLHIFFAD67CC
北區,房地(土地+建物),臺南市北區長榮路五段1~30號,0.0,住,,,1020320,土地1建物1車位0,見其他登記事項,14,店面(店鋪),見其他登記事項,鋼筋混凝土構造,0920916,106.65,2,1,2,有,無,無,12000,113,,0.0,0,租賃合約書無填寫土地租賃,RPQNMLRLLHIFFAD77CC
中西區,房地(土地+建物),臺南市中西區成功路61~90號,0.0,商,,,1020326,土地1建物1車位0,一層,4,店面(店鋪),商業用,鋼筋混凝土構造,0600518,69.0,0,0,0,無,無,無,34000,493,,0.0,0,租賃合約書無填寫土地租賃,RPTNMLRLLHIFFAD08CC
東區,房地(土地+建物),臺南市東區裕信路391~420號,0.0,住,,,1020322,土地1建物1車位0,一層,10,店面(店鋪),見其他登記事項,鋼筋混凝土構造,0880312,79.35,1,1,2,有,無,無,17000,214,,0.0,0,"租賃合約書無填寫土地租賃,含管理費",RPPNMLRLLHIFFCD87CC
東區,房地(土地+建物),臺南市東區林森路一段153巷27弄1~30號,0.0,住,,,1020326,土地1建物1車位0,九層,15,住宅大樓(11層含以上有電梯),住家用,鋼筋混凝土構造,0811022,92.41,3,2,2,有,無,有,8500,92,,0.0,0,,RPTNMLRLLHIFFCD28CC
善化區,房地(土地+建物),臺南市善化區興農路61~90號,563.0,農,,,1020311,土地1建物1車位0,全,3,透天厝,住家用,磚造,0590201,46.3,30,1,31,有,無,有,6500,140,,0.0,0,,RPXNMLRLLHIFFER67CC
東區,建物,臺南市東區中華東路一段80巷11弄1~30號,0.0,商,,,1020301,土地0建物1車位0,全,4,透天厝,住家用,鋼筋混凝土構造,0770825,43.04,0,0,0,無,無,無,8000,186,,0.0,0,1.租賃契約書無填寫土地租賃面積.2.由房屋所有權人提供出租資訊,RPWNMLSLLHIFFCD68CC
永康區,房地(土地+建物),臺南市永康區中山東路218巷23弄1~30號,18.0,住,,,1020401,土地1建物1車位0,四層,5,公寓(5樓含以下無電梯),住家用,鋼筋混凝土造,0700929,70.72,2,2,1,有,無,無,5000,71,,0.0,0,,RPXOMLSLLHIFFHR18CC
安平區,房地(土地+建物)+車位,臺南市安平區國平路571~600號,19.6,商,,,1020326,土地1建物1車位1,二層,21,住宅大樓(11層含以上有電梯),商業用,鋼筋混凝土構造,0831222,154.25,1,2,2,有,有,無,23000,149,坡道機械,0.0,0,,RPWNMLSLLHIFFAD58DC
安南區,建物,臺南市安南區安中路一段757巷1~30號,0.0,住,,,1020305,土地0建物1車位0,全,4,透天厝,住商用,鋼筋混凝土構造,0870223,202.38,4,2,2,有,無,有,18000,89,,0.0,0,1.合約書無填具土地租賃面積.2.由所有權人提供出租資訊,RPURMLTLLHIFFBD88CC
安南區,房地(土地+建物),臺南市安南區海佃路二段307巷33弄1~30號,238.85,商,,,1020320,土地2建物2車位0,三層,3,廠辦,住商用,加強磚造,0690913,205.38,7,3,3,有,無,無,26000,127,,0.0,0,,RPXRMLTLLHIFFBD56CC
東區,建物,臺南市東區仁和路31~60號,0.0,住,,,1020316,土地0建物1車位0,一層,13,店面(店鋪),商業用,鋼筋混凝土構造,1010723,168.51000000000002,1,1,1,有,有,無,35000,208,,0.0,0,,RPVPMLTLLHIFFCD88CC
善化區,土地,光華段571~600地號,361.59,其他,,,1020318,土地2建物0車位0,全,,透天厝,,,,0.0,4,0,4,有,無,有,30000,83,,0.0,0,地上有未保存建物，出租4間套房,RPVOMLTLLHIFFER77CC
中西區,建物,臺南市中西區公園路1~30號,83.97,商,,,1020501,土地0建物1車位0,一層,3,店面(店鋪),住商用,見其他登記事項,0760701,83.97,0,1,0,有,無,無,30000,357,,0.0,0,外牆作為廣告使用。,RPVNMLTLLHIFFAD48CC
北區,建物,臺南市北區北園街1~30號,0.0,商,,,1020301,土地0建物1車位0,十二層,14,住宅大樓(11層含以上有電梯),國民住宅,鋼筋混凝土構造,0870420,77.32,2,1,1,有,有,有,11000,142,,0.0,0,1.合約書無填具土地租賃面積.2.由所有權人提供出租資訊3.租金以包含機械式車位,RPTOMLTLLHIFFAD38CC
北區,建物,臺南市北區長榮路四段76巷1~30號,0.0,住,,,1020319,土地0建物1車位0,全,2,透天厝,住家用,加強磚造,0561230,75.15,3,1,1,有,無,有,17000,226,,0.0,0,1.合約書無填具土地租賃面積.2.由所有權人提供出租資訊,RPVOMLTLLHIFFAD58CC
北區,建物,臺南市北區北園街8巷1~30號,0.0,商,,,1020322,土地0建物1車位0,十九層,19,住宅大樓(11層含以上有電梯),住家用,鋼筋混凝土構造,0851202,25.95,1,0,1,有,無,有,6000,231,,0.0,0,1.合約書無填具土地租賃面積.2.由所有權人提供出租資訊,RPWOMLTLLHIFFAD68CC
仁德區,房地(土地+建物),臺南市仁德區太子路190巷1~30號,60.8,住,,,1020401,土地1建物1車位0,全,4,透天厝,住家用,鋼筋混凝土造,0871208,199.24,5,2,4,有,無,有,13000,65,,0.0,0,整棟承租,RPUNMLLJMHIFFFR86DC
中西區,房地(土地+建物),臺南市中西區健康路一段151~180號,63.5,住,,,1020329,土地1建物1車位0,二層,6,華廈(10層含以下有電梯),住商用,鋼筋混凝土構造,0730315,280.69,0,0,1,無,有,無,80000,285,,0.0,0,,RPPPMLMJMHIFFAD37DC
新市區,建物,臺南市新市區大社571~600號,74.0,農,特定農業區,甲種建築用地,1020401,土地0建物1車位0,全,3,透天厝,住商用,鋼筋混凝土造,0861105,176.88,5,0,0,有,無,有,20000,113,,0.0,0,,RPTNMLMJMHIFFER66CC
新市區,建物,臺南市新市區信義街31~60號,136.73,其他,,,1020401,土地0建物0車位0,全,4,透天厝,住家用,鋼筋混凝土造,0800517,65.17,5,1,2,有,無,有,5000,77,,0.0,0,,RPWNMLMJMHIFFER96CC
東區,建物,臺南市東區中華東路二段151~180號,0.0,住,,,1020323,土地0建物1車位0,二層,14,住宅大樓(11層含以上有電梯),住家用,鋼筋混凝土構造,0970229,34.18,1,1,1,有,有,有,8000,234,,0.0,0,1.因合約書無填具土地租賃面積2.由所權人提供出資料,RPPOMLNJMHIFFCD47CC
東區,建物,臺南市東區小東路241~270號,0.0,住,,,1020325,土地0建物1車位0,十七層,25,住宅大樓(11層含以上有電梯),住家用,鋼筋混凝土構造,0840106,93.91,2,1,1,有,有,有,9000,96,,0.0,0,1.因合約書無填具土地租賃面積2.由所權人提供出資料,RPQOMLNJMHIFFCD57CC
南區,建物,臺南市南區大同路二段721~750號,0.0,住,,,1020319,土地0建物1車位0,五層,5,公寓(5樓含以下無電梯),住家用,鋼筋混凝土構造,0750628,84.04,3,2,2,有,無,無,5000,59,,0.0,0,1.因合約書無填具土地租賃面積2.由所權人提供出資料,RPROMLNJMHIFFCD67CC
南區,房地(土地+建物),臺南市南區金華路一段352巷75弄31~60號,0.0,住,,,1020320,土地1建物1車位0,全,2,透天厝,住家用,加強磚造,0680712,86.28,4,2,2,有,無,無,10000,116,,0.0,0,,RPSOMLNJMHIFFCD77CC
東區,房地(土地+建物),臺南市東區仁和路91~120號,131.0,住,,,1020415,土地1建物1車位0,全,2,透天厝,住家用,加強磚造,0580127,51.42,0,0,0,無,無,無,21000,408,,0.0,0,,RPTOMLNJMHIFFCD87CC
東區,建物,臺南市東區崇善十一街31~60號,0.0,住,,,1020319,土地0建物1車位0,七層,14,住宅大樓(11層含以上有電梯),住家用,鋼筋混凝土構造,0880802,79.37,2,1,1,有,有,有,13500,170,,0.0,0,,RPUOMLNJMHIFFCD97CC
東區,建物,臺南市東區裕農路1~30號,0.0,住,,,1020319,土地0建物1車位0,十二層,13,住宅大樓(11層含以上有電梯),住家用,鋼筋混凝土構造,0830201,81.98,3,2,2,有,有,有,12000,146,,0.0,0,,RPVOMLNJMHIFFCD08CC
南區,建物,臺南市南區健康路二段401巷1~30號,0.0,住,,,1020312,土地0建物1車位0,五層,5,公寓(5樓含以下無電梯),住家用,鋼筋混凝土構造,0701214,117.24000000000001,2,2,2,有,無,無,7000,60,,0.0,0,1.因合約書無填具土地租賃面積2.由所權人提供出資料,RPWOMLNJMHIFFCD18CC
東區,房地(土地+建物),臺南市東區榮譽街1~30號,258.07,住,,,1020501,土地1建物1車位0,全,2,透天厝,住家用,加強磚造,0550118,100.98,3,3,2,有,無,無,20000,198,,0.0,0,,RPPPMLNJMHIFFCD57CC
安平區,建物,臺南市安平區永華路二段901~930號,0.0,住,,,1020318,土地0建物1車位0,三層,14,住宅大樓(11層含以上有電梯),見其他登記事項,見其他登記事項,0960111,177.11,3,2,2,有,有,有,20000,113,,0.0,0,1.因合約書無填具土地租賃面積2.由所權人提供出資料,RPWPMLNJMHIFFAD08CC
安平區,建物,臺南市安平區育平五街61~90號,0.0,住,,,1020317,土地0建物1車位0,二十六層,27,住宅大樓(11層含以上有電梯),住家用,鋼筋混凝土構造,0850213,132.1,3,2,2,有,有,有,13000,98,,0.0,0,1.因合約書無填具土地租賃面積2.由所權人提供出資料,RPXPMLNJMHIFFAD18CC
北區,建物,臺南市北區公園南路370巷31~60號,0.0,住,,,1020313,土地0建物1車位0,十三層,18,住宅大樓(11層含以上有電梯),住家用,鋼筋混凝土構造,0840912,107.46000000000001,3,2,2,有,有,有,12000,112,,0.0,0,1.因合約書無填具土地租賃面積2.由所權人提供出資料,RPOQMLNJMHIFFAD37CC
中西區,房地(土地+建物),臺南市中西區國華街二段121~150號,0.0,住,,,1020311,土地1建物1車位0,一層,3,店面(店鋪),見其他登記事項,見其他登記事項,0920714,130.2,3,2,2,有,無,無,30000,230,,0.0,0,1.因合約書無填具土地租賃面積2.由所權人提供出資料3.租賃層次為整棟,RPPQMLNJMHIFFAD47CC
北區,建物,臺南市北區公園南路361~390號,0.0,住,,,1020319,土地0建物1車位0,十層,14,住宅大樓(11層含以上有電梯),見其他登記事項,見其他登記事項,0960824,67.47,2,1,1,有,有,有,17000,252,,0.0,0,1.因合約書無填具土地租賃面積2.由所權人提供出資料,RPQQMLNJMHIFFAD57CC
善化區,土地,茄拔段二小段631~660地號,145.25,,特定農業區,農牧用地,1020326,土地1建物0車位0,,,農舍,,,,0.0,0,0,0,無,無,無,6000,,,0.0,0,含增建或未登記建物。,RPPNMLOJMHIFFER09CC
永康區,房地(土地+建物)+車位,臺南市永康區中華二路266巷1~30號,14.04,住,,,1020410,土地1建物1車位1,九層,16,住宅大樓(11層含以上有電梯),住家用,鋼筋混凝土造,0850522,86.72,3,2,2,有,有,無,11000,127,坡道機械,22.0,0,,RPPNMLPJMHIFFHR86CC
永康區,房地(土地+建物),臺南市永康區南臺街151~180號,10.81,住,,,1020328,土地1建物1車位0,四層,7,華廈(10層含以下有電梯),住家用,鋼筋混凝土造,0850130,67.75,2,2,1,有,有,無,3000,44,,0.0,0,,RPPNMLQJMHIFFHR96CC
東區,房地(土地+建物)+車位,臺南市東區仁東街61~90號,14.29,其他,,,1020312,土地1建物1車位1,十一層,12,住宅大樓(11層含以上有電梯),住家用,鋼筋混凝土構造,0870919,57.24,2,2,1,有,有,有,12000,210,坡道平面,19.83,0,,RPSNMLRJMHIFFCD08CC
東區,建物,臺南市東區東寧路481~510號,0.0,住,,,1020317,土地0建物0車位0,全,7,透天厝,商業用,鋼筋混凝土構造,0831206,100.61,0,0,0,無,無,無,13000,129,,0.0,0,,RPQOMLSJMHIFFCD08CC
永康區,房地(土地+建物),臺南市永康區東橋三路421~450號,99.55,其他,,,1010329,土地1建物1車位0,四層,4,店面(店鋪),住商用,鋼筋混凝土造,0991230,212.01,4,2,4,有,無,無,25000,118,,0.0,0,,RPVNMLSJMHIFFHR87DC
永康區,房地(土地+建物),臺南市永康區東橋三路421~450號,99.55,其他,,,1010329,土地1建物1車位0,四層,4,店面(店鋪),住商用,鋼筋混凝土造,0991230,212.01,4,2,4,有,無,無,25000,118,,0.0,0,,RPWNMLSJMHIFFHR97DC
永康區,房地(土地+建物),臺南市永康區東橋三路421~450號,99.55,住,,,1020329,土地1建物1車位0,,4,店面(店鋪),住商用,鋼筋混凝土造,0991230,212.01,4,2,4,有,無,有,25000,118,,0.0,0,,RPXNMLSJMHIFFHR08DC
永康區,房地(土地+建物),臺南市永康區復興路121~150號,2198.0,其他,,,1020601,土地2建物1車位0,二層,2,廠辦,農舍,鋼筋混凝土造,0801024,161.47,0,0,0,無,無,無,80000,495,,0.0,0,,RPSOMLTJMHIFFHR67CC
東區,房地(土地+建物),臺南市東區東門路三段11巷1~30號,28.15,住,,,1020311,土地2建物1車位0,四層,5,公寓(5樓含以下無電梯),住家用,鋼筋混凝土構造,0701229,114.05,3,2,2,有,無,有,7000,61,,0.0,0,,RPSNMLTJMHIFFCD28CC
新化區,房地(土地+建物),臺南市新化區中山路3巷61~90號,1332.0,,特定農業區,農牧用地,1020320,土地1建物1車位0,一層,2,倉庫,農舍,鋼造,0910509,334.93,0,0,0,無,無,無,15000,,,0.0,0,僅租賃一樓當倉庫使用約一百坪,RPTNMLKKMHIFFER66DC
新市區,房地(土地+建物),臺南市新市區信義街151~180號,37.73,住,,,1020401,土地1建物1車位0,九層,11,住宅大樓(11層含以上有電梯),住商用,鋼筋混凝土造,0840727,119.4,3,2,2,有,有,無,11000,92,,0.0,0,"租金含屋主應納之租賃所得稅及應繳納之二代建保之保費,及含一處坡道機械車位,該車位面積並計於共同使用部份內",RPUNMLKKMHIFFER76DC
新市區,房地(土地+建物),臺南市新市區中正路331~360號,137.04,住,,,1020401,土地3建物1車位0,全,3,透天厝,住商用,鋼骨鋼筋混凝土造,0700822,97.64,0,0,0,無,無,無,15000,154,,0.0,0,僅租賃一樓,RPVNMLKKMHIFFER86DC
永康區,房地(土地+建物),臺南市永康區龍中街151~180號,73.0,住,,,1020301,土地1建物1車位0,全,5,透天厝,住商用,鋼筋混凝土造,0811104,16.6,1,0,1,有,無,有,3800,229,,0.0,0,僅承租二樓雅房一間,RPVNMLLKMHIFFHR17CC
永康區,建物,臺南市永康區中華路1~30號,0.0,住,,,1020328,土地0建物1車位0,見其他登記事項,19,店面(店鋪),見其他登記事項,見其他登記事項,1010817,372.24,0,2,3,有,有,無,130000,349,,0.0,0,,RPQOMLLKMHIFFHR76CC
東區,房地(土地+建物),臺南市東區崇明路61~90號,81.0,住,,,1020501,土地1建物1車位0,全,3,透天厝,住商用,鋼筋混凝土構造,0741120,129.66,3,2,2,有,無,有,19000,147,,0.0,0,,RPRNMLLKMHIFFCD47CC
新市區,建物,臺南市新市區民族路121~150號,94.35,其他,,,1020501,土地0建物1車位0,全,4,透天厝,見其他登記事項,鋼筋混凝土造,0940104,219.52,6,1,7,有,無,有,18000,82,,0.0,0,,RPRNMLLKMHIFFER09CC
善化區,土地,曾文段2641~2670地號,41.0,其他,,,1020415,土地1建物0車位0,,,其他,,,,0.0,0,0,0,有,無,無,12000,293,,0.0,0,,RPUNMLLKMHIFFER76CC
善化區,建物,臺南市善化區胡厝寮241~270號,514.0,住,鄉村區,乙種建築用地,1020407,土地0建物1車位0,全,2,透天厝,住家用,加強磚造,0831104,211.06,3,2,3,有,無,有,12000,57,,0.0,0,,RPWNMLLKMHIFFER96CC
善化區,房地(土地+建物),臺南市善化區中山路151~180號,154.66,住,,,1020410,土地1建物1車位0,全,4,透天厝,住家用,鋼筋混凝土造,0860710,374.13,3,3,3,有,無,有,29400,79,,0.0,0,,RPPNMLNKMHIFFER09CC
中西區,房地(土地+建物),臺南市中西區中山路61~90號,0.0,商,,,1020402,土地1建物1車位0,十層,12,辦公商業大樓,住商用,鋼筋混凝土構造,0671026,32.18,0,0,0,無,無,無,6000,186,,0.0,0,租賃契約書無填寫土地租賃,RPPNMLNKMHIFFAD27CC
北區,建物,臺南市北區長榮路四段76巷1~30號,0.0,住,,,1020319,土地0建物1車位0,全,2,透天厝,住家用,加強磚造,0561230,75.15,5,1,3,有,無,有,17000,226,,0.0,0,1.合約書無填具土地租賃面積.2.由所有權人提供出租資訊,RPTOMLPKMHIFFAD97CC
北區,建物,臺南市北區北園街8巷1~30號,0.0,商,,,1020322,土地0建物1車位0,十九層,19,套房(1房1廳1衛),住家用,鋼筋混凝土構造,0851202,34.19,1,0,1,有,有,有,6000,175,,0.0,0,1.合約書無填具土地租賃面積.2.由所有權人提供出租資訊,RPUOMLPKMHIFFAD08CC
北區,建物,臺南市北區公園路391~420號,0.0,住,,,1020325,土地0建物1車位0,二層,2,店面(店鋪),商業用,鋼筋混凝土加強磚造,0550101,64.0,4,2,3,有,有,無,20000,313,,0.0,0,1.合約書無填具土地租賃面積.2.由所有權人提供出租資訊,RPVOMLPKMHIFFAD18CC
北區,建物,臺南市北區北園街8巷1~30號,0.0,商,,,1020327,土地0建物1車位0,十九層,19,住宅大樓(11層含以上有電梯),見其他登記事項,鋼筋混凝土構造,0961227,85.03,2,2,1,有,有,有,16000,188,,0.0,0,1.合約書無填具土地租賃面積.2.由所有權人提供出租資訊,RPWOMLPKMHIFFAD28CC
善化區,房地(土地+建物),臺南市善化區北子店124巷1~30號,94.99,,特定農業區,甲種建築用地,1020415,土地5建物1車位0,全,2,透天厝,住家用,加強磚造,0650514,96.71,2,2,2,有,無,無,8000,83,,0.0,0,,RPQNMLPKMHIFFER76CC
東區,房地(土地+建物),臺南市東區東門路二段331~360號,134.0,其他,,,1020415,土地1建物1車位0,全,5,透天厝,住商用,鋼筋混凝土構造,0711123,275.12,0,0,0,無,無,有,140000,509,,0.0,0,,RPUOMLPKMHIFFCD28CC
安南區,建物,臺南市安南區長和街二段12巷261弄31~60號,90.34,住,,,1020413,土地0建物1車位0,全,2,透天厝,住家用,鋼筋混凝土構造,0820810,53.12,1,0,1,有,無,有,5000,94,,0.0,0,,RPSNMLPKMHIFFBD87CC
歸仁區,房地(土地+建物),臺南市歸仁區中正南路二段50巷2弄1~30號,591.65,住,,,1020328,土地1建物1車位0,全,4,透天厝,住家用,鋼筋混凝土造,0961009,177.6,6,2,3,有,無,有,20000,113,,0.0,0,,RPVOMLPKMHIFFFR47CC
歸仁區,房地(土地+建物),臺南市歸仁區中山路二段31~60號,82.0,商,,,1020401,土地1建物1車位0,,4,店面(店鋪),住家用,鋼筋混凝土造,0610101,204.34,0,0,4,有,無,無,30000,147,,0.0,0,,RPWOMLPKMHIFFFR57CC
南區,房地(土地+建物),臺南市南區大同路二段391~420號,783.0,商,,,1020409,土地1建物1車位0,五層,5,辦公商業大樓,見其他登記事項,鋼筋混凝土構造,0850625,285.25,0,1,2,有,無,無,13330,47,,0.0,0,只租賃建物使用,RPQNMLQKMHIFFCD97DC
永康區,房地(土地+建物),臺南市永康區中華路1~30號,12.66,住,,,1020328,土地1建物1車位0,十三層,24,辦公商業大樓,見其他登記事項,鋼造,0791205,207.38,0,0,0,無,有,無,16500,80,,0.0,0,,RPUNMLQKMHIFFHR57CC
東區,房地(土地+建物),臺南市東區崇善路151~180號,135.0,商,,,1020327,土地1建物1車位0,一層,4,店面(店鋪),住商用,鋼筋混凝土構造,1010303,26.52,0,0,0,無,無,無,35000,1320,,0.0,0,,RPWNMLQKMHIFFCD48CC
安平區,土地,妙壽段931~960地號,169.28,住,,,1020415,土地2建物0車位0,,,店面(店鋪),,,,0.0,3,1,0,有,無,無,15000,89,,0.0,0,土地上有一筆建物~但因建物為未保存登記所以調不到謄本調閱查詢,RPSNMLQKMHIFFAD87CC
北區,房地(土地+建物),臺南市北區文賢二街121巷1~30號,85.77,住,,,1020414,土地1建物1車位0,全,4,透天厝,住家用,鋼筋混凝土構造,0781212,182.92,5,2,3,有,無,無,10000,55,,0.0,0,,RPUNMLQKMHIFFAD08CC
中西區,房地(土地+建物),臺南市中西區友愛街1~30號,96.0,住,,,1020327,土地1建物1車位0,全,4,透天厝,住商用,鋼筋混凝土構造,0770328,31.59,5,2,4,有,無,無,35000,1108,,0.0,0,,RPUNMLRKMHIFFAD18CC
東區,房地(土地+建物),臺南市東區凱旋路331~360號,89.0,住,,,1020501,土地1建物1車位0,全,3,透天厝,住家用,鋼筋混凝土構造,0751004,167.32,4,2,3,有,無,有,21000,126,,0.0,0,,RPOOMLRKMHIFFCD97DC
仁德區,建物,臺南市仁德區大同路三段151~180號,0.0,工,,,1020410,土地0建物1車位0,全,2,透天厝,住家用,加強磚造,0620801,298.02,0,1,1,有,無,無,35000,117,,0.0,0,,RPQNMLRKMHIFFFR07CC
安平區,建物,臺南市安平區平通路1~30號,438.0,住,,,1020408,土地0建物1車位0,見其他登記事項,2,廠辦,住家用,見其他登記事項,0880505,87.28,2,2,1,有,無,無,45000,516,,0.0,0,含增建或未登記建物。,RPOOMLRKMHIFFAD77DC
東區,房地(土地+建物),臺南市東區崇明路1~30號,79.0,商,,,1020414,土地1建物1車位0,三層,3,店面(店鋪),住商用,鋼筋混凝土構造,0751018,117.17,3,3,3,有,無,有,23000,196,,0.0,0,,RPUNMLRKMHIFFCD58EC
安南區,房地(土地+建物),臺南市安南區海佃路一段241~270號,145.8,住,,,1020417,土地1建物1車位0,三層,1,店面(店鋪),住商用,鋼筋混凝土構造,0681114,212.03,5,2,3,有,無,無,35000,165,,0.0,0,,RPOOMLSKMHIFFBD87CC
善化區,房地(土地+建物),臺南市善化區青年路151~180號,89.78,住,,,1020501,土地1建物1車位0,全,3,透天厝,住商用,鋼筋混凝土造,0871215,194.81,4,3,3,有,無,無,25000,128,,0.0,0,,RPTOMLSKMHIFFER47CC
善化區,建物,臺南市善化區光華路128巷1~30號,17.41,其他,,,1020420,土地0建物1車位0,二層,7,華廈(10層含以下有電梯),住家用,鋼筋混凝土造,0830625,63.65,3,2,2,有,無,有,11000,173,,0.0,0,,RPWOMLSKMHIFFER77CC
新市區,建物,臺南市新市區中正路31~60號,66.87,其他,,,1020416,土地0建物1車位0,全,2,透天厝,住家用,加強磚造,0680401,100.38,5,0,5,有,無,有,22000,219,,0.0,0,,RPXOMLSKMHIFFER87CC
善化區,建物,臺南市善化區小新營331~360號,96.0,其他,,,1020420,土地0建物0車位0,全,4,透天厝,見其他登記事項,鋼筋混凝土造,1000328,29.6,1,0,1,有,無,有,4500,152,,0.0,0,,RPRNMLTKMHIFFER27CC
善化區,建物,臺南市善化區小新營331~360號,96.0,其他,,,1020420,土地0建物0車位0,全,4,透天厝,見其他登記事項,鋼筋混凝土造,1000328,29.6,1,0,1,有,無,有,4500,152,,0.0,0,,RPSNMLTKMHIFFER37CC
新市區,建物,臺南市新市區永就里永華二街31~60號,51.04,其他,特定專用區,甲種建築用地,1020421,土地0建物1車位0,三層,8,華廈(10層含以下有電梯),住家用,鋼筋混凝土造,0860825,107.79,3,2,2,有,無,有,12000,111,,0.0,0,,RPVNMLTKMHIFFER67CC
安南區,房地(土地+建物),臺南市安南區同安路52巷1~30號,99.11,住,,,1020414,土地1建物1車位0,全,2,透天厝,住家用,加強磚造,0700515,94.17,3,2,2,有,無,無,11000,117,,0.0,0,,RPPNMLTKMHIFFBD97CC
仁德區,房地(土地+建物),臺南市仁德區中山路241~270號,142.8,住,,,1020418,土地1建物1車位0,四層,4,店面(店鋪),住商用,鋼筋混凝土造,0970912,304.76,6,2,7,有,無,無,40000,131,,0.0,0,,RPWNMLTKMHIFFFR87CC
南區,房地(土地+建物),臺南市南區健康路二段31~60號,0.0,商,,,1020418,土地1建物1車位0,見其他登記事項,4,店面(店鋪),住商用,鋼筋混凝土構造,0691216,278.19,5,1,3,有,無,無,22000,79,,0.0,0,,RPROMLMLMHIFFCD77CC
北區,房地(土地+建物),臺南市北區文賢一路301~330號,248.0,住,,,1020409,土地1建物1車位0,一層,1,廠辦,見其他登記事項,見其他登記事項,0900530,151.5,0,0,0,無,無,無,35000,231,,0.0,0,,RPPNMLMLMHIFFAD27CC
中西區,房地(土地+建物),臺南市中西區民族路二段211~240號,0.0,住,,,1020417,土地3建物1車位0,見其他登記事項,3,店面(店鋪),住家用,磚造,0510101,104.44,2,0,1,有,無,無,20000,191,,0.0,0,租賃合約書無填寫土地租賃,RPWOMLMLMHIFFAD08CC
中西區,房地(土地+建物),臺南市中西區民族路二段208巷1~30號,0.0,住,,,1020420,土地1建物1車位0,全,1,透天厝,住家用,木造,0100101,20.9,0,0,1,有,無,無,6000,287,,0.0,0,租賃合約書無填寫土地租賃,RPXOMLMLMHIFFAD18CC
中西區,建物,臺南市中西區建業街31~60號,0.0,住,,,1020401,土地0建物0車位0,一層,4,店面(店鋪),見其他登記事項,見其他登記事項,0960112,74.64,0,1,1,有,無,無,30000,402,,0.0,0,,RPWPMLMLMHIFFAD18CC
東區,建物,臺南市東區崇信街121~150號,0.0,住,,,1020327,土地0建物1車位0,二層,18,住宅大樓(11層含以上有電梯),住商用,鋼筋混凝土構造,0850209,109.97999999999999,2,1,2,有,有,有,9000,82,,0.0,0,1.租賃契約書無填寫土地租賃面積。2.由所有權人提供出租資訊。3.租賃樓層為2~3樓。,RPXOMLNLMHIFFCD48CC
永康區,建物,臺南市永康區中華二路266巷1~30號,0.0,住,,,1020404,土地0建物1車位0,九層,19,住宅大樓(11層含以上有電梯),住家用,鋼筋混凝土造,0860128,63.470000000000006,2,1,1,有,有,有,8000,126,,0.0,0,,RPOOMLNLMHIFFHR86CC
東區,房地(土地+建物),臺南市東區崇明十一街31巷1~30號,112.0,商,,,1020419,土地1建物1車位0,一層,3,店面(店鋪),住商用,鋼筋混凝土構造,0760721,76.68,1,1,1,有,無,有,15000,196,,0.0,0,,RPOOMLOLMHIFFCD67CC
新市區,房地(土地+建物),臺南市新市區光華街91~120號,89.69,其他,,,1020501,土地1建物1車位0,全,4,透天厝,見其他登記事項,鋼筋混凝土造,0801205,199.63,5,2,5,有,無,有,27000,135,,0.0,0,有車位騎樓,RPUNMLPLMHIFFER27CC
安南區,房地(土地+建物),臺南市安南區公學路四段361~390號,76.87,住,,,1020403,土地2建物1車位0,全,3,透天厝,住商用,鋼筋混凝土構造,0870623,194.59,6,2,3,有,無,無,10000,51,,0.0,0,,RPPOMLPLMHIFFBD77CC
安南區,房地(土地+建物),臺南市安南區國安街111巷31~60號,92.54,住,,,1020501,土地1建物1車位0,全,2,透天厝,住商用,加強磚造,0690125,93.6,2,2,2,有,無,無,10000,107,,0.0,0,,RPQOMLPLMHIFFBD87CC
安南區,土地,十字段811~840地號,127.21,住,,,1020501,土地2建物0車位0,,,其他,,,,0.0,0,0,0,有,無,無,8500,67,,0.0,0,,RPROMLPLMHIFFBD97CC
東區,建物,臺南市東區裕豐街163巷1~30號,0.0,,,,1020501,土地0建物1車位0,三層,5,公寓(5樓含以下無電梯),住家用,鋼筋混凝土構造,0710610,75.41,3,2,2,有,無,有,10000,133,,0.0,0,"成租方合約到期時須繳付二千五百元整清潔費 租賃期間內乙方若擬提前遷離他處時,乙方應賠償甲方二個月租金,乙方決無異議",RPSOMLQLMHIFFCD38DC
新市區,房地(土地+建物),臺南市新市區永華三街1~30號,11276.0,其他,特定專用區,甲種建築用地,1020501,土地1建物1車位0,七層,7,華廈(10層含以下有電梯),住家用,鋼筋混凝土造,0860825,79.85,3,2,2,有,有,有,9000,113,,0.0,0,有車位,RPOOMLQLMHIFFER86CC
北區,建物,臺南市北區長榮路四段31巷1~30號,0.0,住,,,1020329,土地0建物1車位0,三層,5,公寓(5樓含以下無電梯),住家用,鋼筋混凝土構造,0741219,174.71,4,2,2,有,無,有,15000,86,,0.0,0,1.合約書無填具土地租賃面積.2.由所有權人提供出租資訊,RPRPMLRLMHIFFAD18CC
永康區,建物,臺南市永康區中華路7巷1~30號,0.0,住,,,1020412,土地0建物1車位0,三層,19,住宅大樓(11層含以上有電梯),見其他登記事項,見其他登記事項,1010817,59.35,2,1,1,有,有,有,16000,270,,0.0,0,,RPOWMLRLMHIFFHR08CC
永康區,建物,臺南市永康區復國一路391~420號,92.56,,,,1040430,土地0建物0車位0,四層,4,店面(店鋪),住商用,鋼筋混凝土造,0810512,208.94,5,2,3,有,無,無,16000,77,,0.0,0,,RPUQMLTLMHIFFHR28CC
中西區,房地(土地+建物),臺南市中西區永華路一段31~60號,22.88,商,,,1020429,土地0建物1車位0,一層,10,店面(店鋪),商業用,鋼筋混凝土構造,0850301,51.34,0,0,0,無,無,無,56000,1091,,0.0,0,,RPPNMLTLMHIFFAD97CC
東區,建物,臺南市東區中華東路二段151~180號,0.0,住,,,1020331,土地0建物1車位0,七層,14,住宅大樓(11層含以上有電梯),住家用,鋼筋混凝土構造,0970229,34.19,1,1,1,有,有,有,9350,273,,0.0,0,租金含管理費。,RPPPMLTLMHIFFCD38CC
