﻿鄉鎮市區,交易標的,土地區段位置建物區段門牌,土地面積平方公尺,都市土地使用分區,非都市土地使用分區,非都市土地使用編定,租賃年月日,租賃筆棟數,租賃層次,總樓層數,建物型態,主要用途,主要建材,建築完成年月,建物總面積平方公尺,建物現況格局-房,建物現況格局-廳,建物現況格局-衛,建物現況格局-隔間,有無管理組織,有無附傢俱,總額元,單價元平方公尺,車位類別,車位面積平方公尺,車位總額元,備註,編號
The villages and towns urban district,transaction sign,land sector position building sector house number plate,land shifting total area square meter,the use zoning or compiles and checks,the non-metropolis land use district,non-metropolis land use,transaction year month and day,transaction pen number,shifting level,total floor number,building state,main use,main building materials,construction to complete the years,building shifting total area,Building present situation pattern - room,building present situation pattern - hall,building present situation pattern - health,building present situation pattern - compartmented,Whether there is manages the organization,Whether there is attaches the furniture,total price NTD,the unit price (NTD / square meter),the berth category,berth shifting total area square meter,the berth total price NTD,the note,serial number
大園區,房地(土地+建物),桃園縣大園鄉三和路3巷4弄1~30號,71.0,住,,,1020301,土地1建物1車位0,全,2,透天厝,住家用,加強磚造,0670401,95.7,3,1,2,有,無,有,10000,104,,0.0,0,,RPOOMLLJKHIFFEH67DC
桃園區,房地(土地+建物),桃園縣桃園市三民路三段361~390號,683.0,工,,,1020201,土地1建物1車位0,五層,7,華廈(10層含以下有電梯),工業用,鋼筋混凝土造,0811118,116.23,4,2,2,有,無,有,10000,86,,0.0,0,,RPTNMLMJKHIFFAH67CC
桃園區,房地(土地+建物)+車位,桃園縣桃園市桃鶯路361~390號,6521.98,住,,,1020205,土地1建物1車位1,十二層,12,住宅大樓(11層含以上有電梯),住家用,鋼筋混凝土造,1001128,119.65,4,2,2,有,有,有,22000,184,坡道平面,0.0,0,,RPVNMLMJKHIFFAH87CC
桃園區,房地(土地+建物)+車位,桃園縣桃園市大興西路二段69巷61~90號,7813.0,住,,,1020205,土地1建物1車位1,十五層,15,住宅大樓(11層含以上有電梯),住家用,鋼筋混凝土造,1000309,59.16,2,1,1,有,有,有,16000,270,坡道平面,0.0,0,,RPWNMLMJKHIFFAH97CC
桃園區,房地(土地+建物),桃園縣桃園市吉林路31~60號,1071.3,住,,,1020115,土地1建物1車位0,十三層,15,套房(1房1廳1衛),住家用,鋼筋混凝土造,0980603,34.03,1,0,1,無,有,有,11000,323,,0.0,0,,RPXNMLMJKHIFFAH08CC
桃園區,房地(土地+建物),桃園縣桃園市大有路631~660號,5433.08,住,,,1020105,土地1建物1車位0,八層,16,套房(1房1廳1衛),住家用,鋼筋混凝土造,0860901,30.13,1,0,1,無,有,有,7500,249,,0.0,0,,RPOOMLMJKHIFFAH27CC
桃園區,房地(土地+建物),桃園縣桃園市大有路481~510號,10213.57,住,,,1020201,土地1建物1車位0,六層,18,住宅大樓(11層含以上有電梯),住家用,鋼筋混凝土造,0840419,89.82,3,2,2,有,有,有,13500,150,,0.0,0,,RPSOMLMJKHIFFAH67CC
桃園區,房地(土地+建物),桃園縣桃園市大有路151~180號,1367.41,住,,,1020115,土地1建物1車位0,十一層,12,套房(1房1廳1衛),住家用,鋼筋混凝土造,0830318,25.09,1,1,1,無,有,有,7400,295,,0.0,0,,RPTOMLMJKHIFFAH77CC
桃園區,房地(土地+建物),桃園縣桃園市民有東路23巷1~30號,4319.59,住,,,1020205,土地1建物1車位0,十一層,12,住宅大樓(11層含以上有電梯),住家用,鋼筋混凝土造,0880205,95.37,3,2,3,有,有,有,14000,147,,0.0,0,,RPUOMLMJKHIFFAH87CC
桃園區,房地(土地+建物),桃園縣桃園市大興西路一段323巷1~30號,5762.0,住,,,1020201,土地1建物1車位0,十七層,17,住宅大樓(11層含以上有電梯),住家用,鋼筋混凝土造,0860701,61.73,2,1,1,有,有,有,13000,211,,0.0,0,,RPVOMLMJKHIFFAH97CC
蘆竹區,建物,桃園縣蘆竹鄉南福街61~90號,0.0,住,,,1020201,土地0建物1車位0,十層,14,住宅大樓(11層含以上有電梯),住家用,鋼筋混凝土造,0890405,123.1,4,2,2,有,有,有,19364,157,,0.0,0,,RPVNMLMJKHIFFEH28CC
蘆竹區,房地(土地+建物),桃園縣蘆竹鄉南福街91~120號,4982.75,住,,,1020205,土地1建物1車位0,十層,14,住宅大樓(11層含以上有電梯),住家用,鋼筋混凝土造,0920728,97.46,3,2,2,有,有,有,18000,185,,0.0,0,,RPWNMLMJKHIFFEH38CC
蘆竹區,建物,桃園縣蘆竹鄉南福街91~120號,0.0,,,,1020201,土地0建物1車位0,一層,3,店面(店鋪),見其他登記事項,鋼筋混凝土造,0770701,94.5,0,0,0,無,無,無,27000,286,,0.0,0,,RPXNMLMJKHIFFEH48CC
八德區,房地(土地+建物),桃園縣八德市和平路301~330號,94.84,住,,,1020220,土地2建物1車位0,一層,5,店面(店鋪),住商用,鋼筋混凝土造,0970123,51.04,0,0,0,無,無,無,20000,392,,0.0,0,,RPRNMLMJKHIFFFH97CC
八德區,土地,興豐段751~780地號,26.44,住,,,1020206,土地1建物0車位0,,,其他,,,,0.0,0,0,0,有,無,有,6000,227,,0.0,0,建物無保存登記,RPVNMLOJKHIFFFH58CC
中壢區,建物,桃園縣中壢市環北路331~360號,0.0,,,,1020118,土地0建物1車位0,九層,21,住宅大樓(11層含以上有電梯),住家用,鋼筋混凝土造,0980629,30.58,1,2,1,有,有,有,12625,413,,0.0,0,,RPPTMLOJKHIFFBH18CC
桃園區,房地(土地+建物),桃園縣桃園市大興西路一段301~330號,15.27,住,,,1020125,土地1建物1車位0,九層,17,住宅大樓(11層含以上有電梯),住家用,鋼筋混凝土造,0860701,118.47,4,2,2,有,有,有,15000,127,,0.0,0,,RPPNMLOJKHIFFAH47CC
桃園區,房地(土地+建物),桃園縣桃園市江南十街6巷1~30號,20.21,住,,,1011220,土地1建物1車位0,五層,12,住宅大樓(11層含以上有電梯),住家用,鋼筋混凝土造,0821104,116.28,4,2,1,有,有,有,14000,120,,0.0,0,,RPOOMLOJKHIFFAH47CC
桃園區,房地(土地+建物),桃園縣桃園市民有三街1~30號,8.31,住,,,1020115,土地1建物1車位0,五層,7,套房(1房1廳1衛),住家用,鋼筋混凝土造,0890707,45.120000000000005,1,1,1,無,無,有,8500,188,,0.0,0,,RPVOMLOJKHIFFAH18CC
桃園區,房地(土地+建物)+車位,桃園縣桃園市民有五街121~150號,17.48,住,,,1011230,土地1建物1車位1,二層,13,住宅大樓(11層含以上有電梯),住家用,鋼筋混凝土造,0981029,95.97,2,2,2,有,有,有,15000,0,坡道平面,32.79,0,房租含管理費車位，附窗簾熱水器冷氣,RPQPMLOJKHIFFAH77CC
平鎮區,房地(土地+建物),桃園縣平鎮市南東路50巷21弄1~30號,26.27,住,,,1020215,土地1建物1車位0,五層,5,公寓(5樓含以下無電梯),工業用,鋼筋混凝土造,0820506,86.92,3,2,2,有,無,無,7000,81,,0.0,0,,RPOPMLOJKHIFFGH18CC
中壢區,房地(土地+建物),桃園縣中壢市復華街301~330號,15.17,住,,,1020201,土地1建物1車位0,八層,13,住宅大樓(11層含以上有電梯),見其他登記事項,鋼筋混凝土造,1000720,121.51,2,2,1,有,無,有,14000,115,,0.0,0,,RPPRMLOJKHIFFBH08DC
中壢區,房地(土地+建物),桃園縣中壢市復華街301~330號,25.86,住,,,1020301,土地1建物1車位0,一層,14,店面(店鋪),見其他登記事項,鋼筋混凝土造,1000720,183.3,1,1,1,有,有,無,30000,164,,0.0,0,,RPRRMLOJKHIFFBH28DC
中壢區,房地(土地+建物),桃園縣中壢市長春五路31~60號,12.73,住,,,1020202,土地1建物1車位0,七層,10,華廈(10層含以下有電梯),住家用,鋼筋混凝土造,0961001,92.89,1,1,1,有,有,有,12200,131,,0.0,0,,RPSRMLOJKHIFFBH38DC
中壢區,土地,自立段751~780地號,80.0,住,,,1020201,土地2建物0車位0,,,其他,,,,0.0,0,0,0,有,無,無,25000,313,,0.0,0,,RPURMLOJKHIFFBH58DC
桃園區,建物,桃園縣桃園市宏昌六街121~150號,0.0,住,,,1020116,土地0建物1車位0,二層,7,華廈(10層含以下有電梯),住家用,鋼筋混凝土造,0841114,159.94,1,1,1,有,有,有,8000,50,坡道平面,0.0,0,,RPVOMLPJKHIFFAH38DC
楊梅區,房地(土地+建物)+車位,桃園縣楊梅鎮梅高路二段431巷211~240號,122.57,,一般農業區,甲種建築用地,1020113,土地1建物1車位1,全,4,透天厝,住家用,鋼筋混凝土造,0821204,188.36,5,2,3,有,無,無,8000,42,一樓平面,0.0,0,,RPUNMLPJKHIFFDH38CC
八德區,房地(土地+建物),桃園縣八德市義勇街151~180號,16.98,住,,,1020205,土地1建物1車位0,五層,8,華廈(10層含以下有電梯),住家用,鋼筋混凝土造,0840710,102.62,3,2,2,有,有,無,12000,117,,0.0,0,,RPSNMLPJKHIFFFH48DC
八德區,房地(土地+建物),桃園縣八德市大和路121~150號,17.26,住,,,1020301,土地1建物1車位0,三層,13,住宅大樓(11層含以上有電梯),住家用,鋼筋混凝土造,0981016,148.2,3,2,2,有,有,有,15000,101,,0.0,0,含管理費。,RPXNMLPJKHIFFFH98DC
桃園區,房地(土地+建物),桃園縣桃園市泰山街47巷1~30號,559.0,住,,,1020201,土地2建物1車位0,四層,5,公寓(5樓含以下無電梯),住家用,鋼筋混凝土造,0720113,58.06,2,2,1,有,無,有,6800,117,,0.0,0,,RPRPMLPJKHIFFAH97CC
中壢區,建物,桃園縣中壢市溪洲街241~270號,0.0,住,,,1020127,土地0建物1車位0,三層,11,住宅大樓(11層含以上有電梯),住家用,鋼筋混凝土造,0940519,109.1,2,1,1,有,有,無,15500,142,,0.0,0,,RPVPMLPJKHIFFBH48CC
中壢區,建物,桃園縣中壢市環北路391~420號,0.0,住,,,1020109,土地0建物1車位0,二十層,20,辦公商業大樓,見其他登記事項,鋼筋混凝土造,0810527,213.56,0,0,0,無,有,無,24000,112,,0.0,0,,RPOQMLPJKHIFFBH87CC
中壢區,建物,桃園縣中壢市九和三街31~60號,0.0,住,,,1020114,土地0建物1車位0,七層,15,住宅大樓(11層含以上有電梯),住家用,鋼筋混凝土造,0870804,168.92000000000002,4,2,2,有,有,無,18000,107,,0.0,0,,RPQQMLPJKHIFFBH08CC
中壢區,建物,桃園縣中壢市健行路211~240號,506.0,住,,,1020110,土地0建物1車位0,五層,5,套房(1房1廳1衛),見其他登記事項,鋼筋混凝土造,1000715,16.52,1,0,1,有,無,有,5800,351,,0.0,0,,RPXRMLPJKHIFFBH88CC
八德區,房地(土地+建物),桃園縣八德市中華路5巷17弄1~30號,60.04,住,,,1020122,土地1建物1車位0,全,5,透天厝,見其他登記事項,鋼筋混凝土造,0870515,247.96,6,2,5,有,無,無,18000,73,,0.0,0,,RPRNMLPJKHIFFFH28CC
大園區,建物,桃園縣大園鄉高鐵南路一段121~150號,0.0,住,,,1020106,土地0建物1車位0,全,5,透天厝,見其他登記事項,鋼筋混凝土造,0970129,330.09999999999997,6,3,4,有,無,無,20000,61,,0.0,0,,RPVPMLPJKHIFFEH78CC
中壢區,建物,桃園縣中壢市環北路331~360號,0.0,,,,1020131,土地0建物1車位0,十八層,22,住宅大樓(11層含以上有電梯),住家用,鋼筋混凝土造,0980629,100.61,3,2,2,有,有,有,35000,348,,0.0,0,,RPPQMLRJKHIFFBH18CC
中壢區,建物,桃園縣中壢市環北路331~360號,0.0,,,,1020118,土地0建物1車位0,十四層,21,住宅大樓(11層含以上有電梯),住家用,鋼筋混凝土造,0980629,63.05,2,2,1,有,有,有,27000,428,,0.0,0,,RPQQMLRJKHIFFBH28CC
桃園區,建物,桃園縣桃園市成功路二段1~30號,0.0,住,,,1020125,土地0建物1車位0,一層,10,華廈(10層含以下有電梯),見其他登記事項,鋼筋混凝土造,0740321,624.38,0,0,0,無,有,無,38500,62,,0.0,0,,RPOSMLRJKHIFFAH18CC
桃園區,房地(土地+建物),桃園縣桃園市大有路631~660號,5433.08,住,,,1020110,土地1建物1車位0,十二層,17,套房(1房1廳1衛),住家用,鋼筋混凝土造,0860901,30.13,1,0,1,無,有,有,7400,246,,0.0,0,,RPPPMLSJKHIFFAH08CC
桃園區,房地(土地+建物),桃園縣桃園市春日路1141~1170號,5.2,住,,,1020208,土地1建物1車位0,六層,20,住宅大樓(11層含以上有電梯),住家用,鋼筋混凝土造,0840808,41.62,1,1,1,有,有,有,5500,132,,0.0,0,,RPWSMLSJKHIFFAH09CC
平鎮區,房地(土地+建物),桃園縣平鎮市民族路雙連二段1~30號,52.04,住,,,1010825,土地1建物1車位0,全,4,透天厝,見其他登記事項,鋼筋混凝土造,0960426,192.99,4,3,3,有,無,無,18000,93,,0.0,0,,RPPOMLSJKHIFFGH78EC
中壢區,建物,桃園縣中壢市環北路331~360號,0.0,,,,1020125,土地0建物1車位0,十五層,22,住宅大樓(11層含以上有電梯),住家用,鋼筋混凝土造,0980629,96.67,3,2,2,有,有,有,33000,341,,0.0,0,,RPROMLSKKHIFFBH38CC
桃園區,房地(土地+建物)+車位,桃園縣桃園市民富八街1~30號,82.42,住,,,1020123,土地1建物1車位1,全,4,透天厝,住商用,鋼筋混凝土造,0850106,210.22,4,2,3,有,無,無,22000,105,坡道平面,28.53,0,,RPPRMLTKKHIFFAH48CC
平鎮區,土地,北興段601~630地號,2421.0,農,,,1030301,土地2建物0車位0,,,其他,,,,0.0,0,0,0,有,無,無,105000,43,,0.0,0,,RPSNMLTKKHIFFGH09DC
蘆竹區,房地(土地+建物)+車位,桃園縣蘆竹鄉長興路一段1~30號,3098.19,住,,,1020301,土地1建物1車位2,五層,13,住宅大樓(11層含以上有電梯),住家用,鋼筋混凝土造,1010413,89.46,3,2,2,有,有,無,15000,168,坡道平面,0.0,0,,RPTPMLTKKHIFFEH56DC
桃園區,房地(土地+建物),桃園縣桃園市大有路511~540號,10213.57,住,,,1020120,土地1建物1車位0,五層,19,住宅大樓(11層含以上有電梯),住家用,鋼筋混凝土造,0840419,87.02,3,2,2,有,有,有,12500,144,,0.0,0,,RPTOMLKLKHIFFAH77CC
桃園區,房地(土地+建物),桃園縣桃園市經國路391~420號,1887.0,住,,,1020120,土地1建物1車位0,六層,16,住宅大樓(11層含以上有電梯),住家用,鋼筋混凝土造,0831026,58.01,2,2,1,有,有,有,10000,172,,0.0,0,,RPQPMLKLKHIFFAH57CC
桃園區,房地(土地+建物),桃園縣桃園市朝陽街1~30號,2040.0,住,,,1020210,土地1建物1車位0,十層,14,套房(1房1廳1衛),見其他登記事項,鋼筋混凝土造,0861117,22.53,1,0,1,無,有,有,7000,311,,0.0,0,,RPRPMLKLKHIFFAH67CC
桃園區,房地(土地+建物),桃園縣桃園市中華路1~30號,3837.0,住,,,1020205,土地1建物1車位0,十三層,17,套房(1房1廳1衛),見其他登記事項,鋼筋混凝土造,0861224,34.48,1,0,1,無,有,有,8500,247,,0.0,0,,RPSPMLKLKHIFFAH77CC
,車位,桃園縣桃園市中正三街331~360號,0.0,,,,1020301,土地0建物0車位1,,,其他,,,,0.0,0,0,0,有,有,無,1700,,坡道平面,0.0,0,,RPTPMLKLKHIFFAH87CC
桃園區,房地(土地+建物),桃園縣桃園市民有六街1~30號,3230.58,住,,,1020201,土地1建物1車位0,十六層,17,套房(1房1廳1衛),住家用,鋼筋混凝土造,0850118,27.41,1,0,1,無,有,有,7900,288,,0.0,0,,RPUPMLKLKHIFFAH97CC
蘆竹區,房地(土地+建物),桃園縣蘆竹鄉南崁路231巷1~30號,15400.0,工,,,1020202,土地1建物1車位0,一層,2,廠辦,見其他登記事項,鋼筋混凝土造,0781120,552.06,0,0,0,無,無,有,35000,63,,0.0,0,,RPQPMLLLKHIFFEH08CC
龜山區,房地(土地+建物),桃園縣龜山鄉萬壽路二段1231~1260號,41.58,住,,,1020121,土地2建物2車位0,一層,5,公寓(5樓含以下無電梯),住家用,鋼筋混凝土造,0690806,159.58,6,2,2,有,無,無,16000,100,,0.0,0,,RPTPMLLLKHIFFAH08DC
龜山區,房地(土地+建物),桃園縣龜山鄉光峰路千禧新城1~30號,26.83,住,,,1020112,土地1建物1車位0,十一層,13,住宅大樓(11層含以上有電梯),國民住宅,鋼筋混凝土造,0910117,157.91,3,2,2,有,無,有,9500,60,,0.0,0,,RPVPMLLLKHIFFAH28DC
龜山區,房地(土地+建物),桃園縣龜山鄉壽德街31~60號,32.0,住,,,1020116,土地1建物1車位0,四層,4,公寓(5樓含以下無電梯),住家用,鋼筋混凝土造,0700420,80.87,1,1,1,有,無,有,6000,74,,0.0,0,,RPOQMLLLKHIFFAH67DC
龜山區,房地(土地+建物)+車位,桃園縣龜山鄉陸光路91~120號,38.05,住,,,1020121,土地1建物1車位1,十二層,14,住宅大樓(11層含以上有電梯),住家用,鋼骨鋼筋混凝土造,0940205,185.47000000000003,3,2,2,有,有,有,13550,73,坡道平面,0.0,0,,RPQQMLLLKHIFFAH87DC
中壢區,房地(土地+建物),桃園縣中壢市福州路181~210號,409.0,商,,,1020218,土地0建物1車位0,二層,7,店面(店鋪),商業用,鋼筋混凝土造,0870526,213.71,0,0,0,無,無,有,26000,122,,0.0,0,,RPTOMLLLKHIFFBH08DC
中壢區,房地(土地+建物),桃園縣中壢市忠勤街31~60號,25.28,住,,,1020125,土地1建物1車位0,三層,5,公寓(5樓含以下無電梯),住家用,鋼筋混凝土造,0761211,85.67,3,2,2,有,無,有,8000,93,,0.0,0,,RPQOMLMLKHIFFBH87DC
中壢區,房地(土地+建物),桃園縣中壢市龍泉街89巷1~30號,81.09,住,,,1020301,土地2建物1車位0,全,2,透天厝,住家用,加強磚造,0651231,81.0,3,2,2,有,無,無,10000,123,,0.0,0,,RPOPMLMLKHIFFBH67CC
中壢區,房地(土地+建物)+車位,桃園縣中壢市環西路二段331~360號,16.81,住,,,1020220,土地1建物1車位1,三層,15,住宅大樓(11層含以上有電梯),見其他登記事項,鋼筋混凝土造,1001215,193.9,4,2,2,有,有,無,22000,113,坡道平面,0.0,0,,RPRPMLMLKHIFFBH97CC
中壢區,房地(土地+建物)+車位,桃園縣中壢市民族路271~300號,914.0,住,,,1020122,土地1建物1車位1,七層,7,華廈(10層含以下有電梯),住家用,鋼筋混凝土造,0830604,95.6,6,2,4,有,無,有,14000,146,升降機械,0.0,0,,RPOTMLMLKHIFFBH08CC
中壢區,房地(土地+建物),桃園縣中壢市榮安五街1~30號,9.6,住,,,1020221,土地1建物0車位0,七層,7,住宅大樓(11層含以上有電梯),住家用,鋼筋混凝土造,0821012,134.01,3,2,2,有,有,有,12000,90,坡道平面,0.0,0,,RPTPMLNLKHIFFBH28CC
蘆竹區,房地(土地+建物)+車位,桃園縣蘆竹鄉仁愛路三段260巷61~90號,31.25,其他,,,1020221,土地1建物1車位1,八層,10,住宅大樓(11層含以上有電梯),住家用,鋼筋混凝土造,0950412,94.71,4,2,2,有,有,有,21000,222,坡道平面,33.4,0,,RPPNMLNLKHIFFEH97CC
蘆竹區,建物,桃園縣蘆竹鄉吉林路1~30號,0.0,,,,1020207,土地0建物2車位0,全,4,透天厝,見其他登記事項,鋼筋混凝土造,1001028,1137.4,0,0,0,無,無,有,220000,193,,0.0,0,,RPOPMLNLKHIFFEH08CC
蘆竹區,房地(土地+建物)+車位,桃園縣蘆竹鄉錦明街1~30號,19.24,其他,,,1020220,土地1建物1車位1,八層,11,住宅大樓(11層含以上有電梯),住家用,鋼筋混凝土造,0940701,115.59,2,1,1,有,無,有,16000,138,坡道平面,0.0,0,,RPPPMLNLKHIFFEH18CC
八德區,建物,桃園縣八德市力行街61~90號,0.0,住,,,1020223,土地0建物1車位0,一層,7,華廈(10層含以下有電梯),見其他登記事項,鋼筋混凝土造,0820215,111.27,0,0,0,無,有,無,10000,90,,0.0,0,,RPPNMLOLKHIFFFH18CC
桃園區,房地(土地+建物),桃園縣桃園市文中路47巷1~30號,9.24,住,,,1020128,土地1建物1車位0,五層,14,住宅大樓(11層含以上有電梯),住家用,鋼筋混凝土造,0921031,77.38,2,2,1,有,有,有,12000,155,,0.0,0,,RPPNMLOLKHIFFAH67CC
大園區,房地(土地+建物)+車位,桃園縣大園鄉領航北路四段391~420號,38.84,住,,,1020201,土地1建物1車位1,八層,10,華廈(10層含以下有電梯),住家用,鋼筋混凝土造,0971002,184.71,3,2,2,有,無,有,13000,70,坡道平面,0.0,0,,RPPNMLOLKHIFFEH18DC
大溪區,房地(土地+建物),桃園縣大溪鎮仁善里15鄰松樹1~30號,92498.0,工,,,1020201,土地1建物1車位0,一層,1,工廠,工業用,鋼造,0740311,2593.04,0,0,0,無,有,有,385800,,,0.0,0,,RPSOMLPLKHIFFCH48DC
中壢區,建物,桃園縣中壢市九和一街1~30號,2877.69,,,,1020216,土地0建物1車位0,十五層,22,住宅大樓(11層含以上有電梯),住家用,鋼筋混凝土造,0970406,91.53,2,1,1,有,有,有,20000,219,,0.0,0,,RPOQMLPLKHIFFBH18DC
平鎮區,房地(土地+建物)+車位,桃園縣平鎮市平鎮市延平路二段31~60號,3963.0,住,,,1020301,土地1建物1車位1,六層,14,住宅大樓(11層含以上有電梯),住家用,鋼筋混凝土造,0930625,59.15,2,2,1,有,有,有,8000,216,其他,33.72,2500,,RPROMLPLKHIFFGH68CC
龜山區,房地(土地+建物),桃園縣龜山鄉新樂街31~60號,19.96,商,,,1020125,土地1建物1車位0,全,2,透天厝,住商用,加強磚造,0570901,16.12,0,0,0,無,無,無,22000,1365,,0.0,0,,RPVNMLPLKHIFFAH38CC
龜山區,房地(土地+建物)+車位,桃園縣龜山鄉陸光路91~120號,13.09,住,,,1020131,土地1建物1車位1,七層,13,住宅大樓(11層含以上有電梯),住家用,鋼骨鋼筋混凝土造,0940205,38.61,4,2,2,有,有,有,13710,958,坡道平面,26.39,0,,RPWNMLPLKHIFFAH48CC
蘆竹區,房地(土地+建物)+車位,桃園縣蘆竹鄉忠孝西路182巷1~30號,23.67,其他,,,1020301,土地1建物1車位1,六層,15,住宅大樓(11層含以上有電梯),住家用,鋼筋混凝土造,1010426,99.98,3,2,2,有,有,有,18500,185,坡道平面,30.07,0,,RPSNMLPLKHIFFEH48CC
中壢區,房地(土地+建物),桃園縣中壢市民權路241~270號,96.0,住,,,1020206,土地1建物1車位0,三層,4,公寓(5樓含以下無電梯),住家用,加強磚造,0660512,85.41,3,2,1,有,無,有,12000,140,,0.0,0,,RPPOMLPLKHIFFBH97CC
中壢區,建物,桃園縣中壢市中北路二段208巷31~60號,0.0,,,,1020201,土地0建物1車位0,一層,10,華廈(10層含以下有電梯),住家用,鋼筋混凝土造,0900115,59.56,2,2,1,有,有,有,13000,218,,0.0,0,,RPUPMLQLKHIFFBH68CC
中壢區,建物,桃園縣中壢市中北路二段208巷31~60號,0.0,,,,1020202,土地0建物1車位0,一層,9,華廈(10層含以下有電梯),住家用,鋼筋混凝土造,0910404,70.11,3,2,2,有,有,無,15000,214,,0.0,0,,RPVPMLQLKHIFFBH78CC
中壢區,房地(土地+建物),桃園縣中壢市榮民路61~90號,18.97,住,,,1020301,土地1建物1車位0,六層,7,華廈(10層含以下有電梯),住家用,鋼筋混凝土造,0830629,105.23,3,2,1,有,無,有,12000,114,,0.0,0,,RPSQMLQLKHIFFBH58CC
桃園區,房地(土地+建物),桃園縣桃園市成功路一段31~60號,98.71,商,,,1020131,土地1建物1車位0,十二層,15,辦公商業大樓,見其他登記事項,見其他登記事項,0820916,573.55,0,0,0,無,有,無,65000,113,,0.0,0,,RPVNMLQLKHIFFAH48CC
桃園區,建物,桃園縣桃園市大興西路二段139巷151~180號,0.0,住,,,1020224,土地0建物1車位1,五層,12,住宅大樓(11層含以上有電梯),住家用,鋼筋混凝土造,0970424,114.18,1,1,1,有,無,有,18000,158,一樓平面,0.0,0,,RPWRMLQLKHIFFAH98CC
桃園區,房地(土地+建物),桃園縣桃園市同德六街121~150號,26.44,住,,,1020131,土地1建物1車位0,一層,13,店面(店鋪),商業用,鋼筋混凝土造,0990526,195.0,0,0,2,有,有,無,80000,410,,0.0,0,,RPPQMLQLKHIFFAH28DC
桃園區,房地(土地+建物),桃園縣桃園市自強路151~180號,17.35,其他,,,1020220,土地1建物1車位0,二層,2,店面(店鋪),見其他登記事項,鋼筋混凝土造,0910607,150.52,0,2,2,有,無,無,55000,365,,0.0,0,,RPQQMLQLKHIFFAH38DC
桃園區,房地(土地+建物),桃園縣桃園市莊一街181~210號,12.39,其他,,,1020221,土地1建物1車位0,一層,11,住宅大樓(11層含以上有電梯),商業用,鋼筋混凝土造,0941028,56.43,0,0,1,無,有,無,30000,532,,0.0,0,,RPURMLQLKHIFFAH88DC
中壢區,建物,桃園縣中壢市環中東路211~240號,0.0,,,,1020206,土地0建物1車位0,四層,14,住宅大樓(11層含以上有電梯),住家用,鋼筋混凝土造,0900402,83.93,3,2,2,有,有,有,13000,155,,0.0,0,,RPQRMLQLKHIFFBH58DC
中壢區,建物,桃園縣中壢市九和一街1~30號,2877.69,,,,1020216,土地0建物0車位0,十五層,22,住宅大樓(11層含以上有電梯),住家用,鋼筋混凝土造,0970406,91.53,2,1,1,有,有,有,22727,248,,0.0,0,,RPTNMLRLKHIFFBH58DC
龜山區,房地(土地+建物),桃園縣龜山鄉文興路61~90號,17.55,住,,,1020225,土地1建物1車位0,二層,9,住宅大樓(11層含以上有電梯),見其他登記事項,鋼筋混凝土造,0871231,54.370000000000005,1,1,1,有,無,有,10000,184,,0.0,0,,RPXQMLRLKHIFFAH09CC
蘆竹區,建物,桃園縣蘆竹鄉六福路241~270號,0.0,住,,,1020131,土地0建物1車位0,十層,12,住宅大樓(11層含以上有電梯),住家用,鋼筋混凝土造,0861106,411.91999999999996,3,2,2,有,有,有,38000,92,坡道平面,0.0,0,,RPVRMLRLKHIFFEH76CC
八德區,房地(土地+建物)+車位,桃園縣八德市大智路121~150號,19.6,住,,,1020225,土地1建物1車位1,三層,13,住宅大樓(11層含以上有電梯),住家用,鋼筋混凝土造,1001118,122.75999999999999,3,2,2,有,有,有,15000,122,坡道平面,30.76,0,,RPPOMLRLKHIFFFH58CC
八德區,房地(土地+建物),桃園縣八德市義勇街1~30號,105.98,住,,,1020225,土地1建物1車位0,全,5,透天厝,見使用執照,鋼筋混凝土造,0951116,314.16,3,3,4,有,有,無,45000,143,,0.0,0,出租1-5樓,RPQOMLRLKHIFFFH68CC
桃園區,房地(土地+建物),桃園縣桃園市春日路1141~1170號,1558.61,住,,,1020225,土地3建物1車位0,十五層,20,住宅大樓(11層含以上有電梯),住家用,鋼筋混凝土造,0840808,25.57,1,0,1,有,有,有,6300,246,,0.0,0,,RPTNMLSLKHIFFAH48CC
桃園區,房地(土地+建物),桃園縣桃園市朝陽街1~30號,2040.0,住,,,1020225,土地1建物1車位0,十層,14,套房(1房1廳1衛),見其他登記事項,鋼筋混凝土造,0861117,23.23,1,0,1,無,有,有,7400,319,,0.0,0,,RPUNMLSLKHIFFAH58CC
桃園區,房地(土地+建物),桃園縣桃園市春日路1111~1140號,2201.52,住,,,1020220,土地1建物1車位0,十二層,14,住宅大樓(11層含以上有電梯),住家用,鋼筋混凝土造,0890831,49.51,1,1,1,有,有,有,12900,261,,0.0,0,,RPVNMLSLKHIFFAH68CC
桃園區,房地(土地+建物),桃園縣桃園市泰昌十街1~30號,2096.42,住,,,1020220,土地1建物1車位0,九層,16,住宅大樓(11層含以上有電梯),住家用,鋼筋混凝土造,0840914,79.56,2,2,2,有,有,有,13000,163,,0.0,0,,RPWNMLSLKHIFFAH78CC
桃園區,房地(土地+建物),桃園縣桃園市春日路1111~1140號,2201.52,住,,,1020215,土地1建物1車位0,十層,14,住宅大樓(11層含以上有電梯),住家用,鋼筋混凝土造,0890831,53.05,1,1,1,有,有,有,12960,244,,0.0,0,,RPXNMLSLKHIFFAH88CC
桃園區,房地(土地+建物),桃園縣桃園市大有路511~540號,10213.57,住,,,1020210,土地1建物1車位0,七層,19,住宅大樓(11層含以上有電梯),住家用,鋼筋混凝土造,0840419,67.32,2,1,1,有,有,有,11000,163,,0.0,0,,RPOOMLSLKHIFFAH08CC
,車位,桃園縣桃園市經國路391~420號,0.0,,,,1020301,土地0建物0車位1,,,其他,,,,0.0,0,0,0,有,有,有,2000,,坡道平面,0.0,2000,,RPPOMLSLKHIFFAH18CC
桃園區,房地(土地+建物),桃園縣桃園市民富二街31~60號,4755.88,住,,,1020201,土地1建物1車位0,七層,12,套房(1房1廳1衛),住家用,鋼筋混凝土造,0840520,68.42,1,0,1,無,有,有,5500,80,,0.0,0,,RPRNMLLJLHIFFAH47CC
龜山區,建物,桃園縣龜山鄉復興一路212巷31~60號,0.0,,,,1020301,土地0建物1車位0,四層,7,套房(1房1廳1衛),住家用,鋼筋混凝土造,0820916,39.0,1,0,1,有,有,有,10000,256,,0.0,0,,RPVOMLLJLHIFFAH97CC
桃園區,房地(土地+建物)+車位,桃園縣桃園市大興西路二段139巷121~150號,8.99,住,,,1020301,土地1建物1車位1,五層,12,住宅大樓(11層含以上有電梯),住家用,鋼筋混凝土造,0970424,50.66,1,1,1,有,有,有,13500,266,坡道平面,31.88,0,,RPUQMLLJLHIFFAH08CC
中壢區,房地(土地+建物),桃園縣中壢市環西路二段361~390號,7.27,住,,,1020318,土地1建物1車位0,十二層,15,住宅大樓(11層含以上有電梯),見其他登記事項,鋼筋混凝土造,1001215,72.51,1,2,1,有,有,有,15000,207,,0.0,0,,RPTNMLLJLHIFFBH77CC
桃園區,房地(土地+建物),桃園縣桃園市國強一街241~270號,2866.0,住,,,1020210,土地1建物1車位0,十層,13,住宅大樓(11層含以上有電梯),住家用,鋼筋混凝土造,0910620,84.64,3,2,2,有,有,有,14000,165,,0.0,0,,RPRNMLMJLHIFFAH57CC
桃園區,房地(土地+建物),桃園縣桃園市民有六街1~30號,3230.58,住,,,1020225,土地1建物1車位0,五層,17,套房(1房1廳1衛),住家用,鋼筋混凝土造,0850118,30.4,1,0,1,無,有,有,8000,263,,0.0,0,,RPSNMLMJLHIFFAH67CC
桃園區,房地(土地+建物),桃園縣桃園市民有東路2巷1~30號,6677.56,住,,,1020216,土地1建物1車位0,八層,13,住宅大樓(11層含以上有電梯),住家用,鋼筋混凝土造,0931127,61.97,2,1,1,有,有,有,15000,242,,0.0,0,,RPTNMLMJLHIFFAH77CC
桃園區,房地(土地+建物)+車位,桃園縣桃園市國聖一街1~30號,20.21,住,,,1020315,土地1建物1車位1,十層,16,住宅大樓(11層含以上有電梯),住家用,鋼筋混凝土造,0951208,100.0,3,2,2,有,有,有,18000,180,坡道平面,0.0,0,含管理費,RPUNMLMJLHIFFAH97DC
大園區,房地(土地+建物)+車位,桃園縣大園鄉領航北路四段331~360號,56.77,住,,,1020301,土地1建物1車位1,一層,10,華廈(10層含以下有電梯),見其他登記事項,鋼筋混凝土造,0970401,169.14,0,0,0,無,有,無,40000,236,坡道平面,0.0,0,,RPPNMLNJLHIFFEH97DC
大園區,房地(土地+建物),桃園縣大園鄉大華一街31~60號,42.42,住,,,1020301,土地1建物1車位0,全,4,透天厝,見其他登記事項,鋼筋混凝土造,1000304,140.26,0,0,0,無,無,無,18000,128,,0.0,0,,RPQNMLNJLHIFFEH08DC
桃園區,房地(土地+建物),桃園縣桃園市莊敬路一段331~360號,8.97,住,,,1020220,土地1建物1車位0,八層,12,住宅大樓(11層含以上有電梯),住家用,鋼筋混凝土造,0900223,69.75,1,1,1,有,無,有,11000,158,,0.0,0,,RPOOMLOJLHIFFAH67DC
桃園區,房地(土地+建物),桃園縣桃園市中正路1381~1410號,72.0,住,,,1020227,土地1建物1車位0,見其他登記事項,4,店面(店鋪),住商用,鋼筋混凝土造,0750225,208.32,4,1,2,有,無,無,60000,288,,0.0,0,,RPQPMLOJLHIFFAH97DC
桃園區,房地(土地+建物),桃園縣桃園市天祥七街61~90號,18.9,住,,,1020302,土地1建物1車位0,四層,8,華廈(10層含以下有電梯),住家用,鋼筋混凝土造,0840927,99.80999999999999,3,2,2,有,有,有,13000,130,,0.0,0,,RPXOMLOJLHIFFAH48CC
龜山區,房地(土地+建物),桃園縣龜山鄉文化二路34巷14弄1~30號,8.84,住,,,1020304,土地1建物1車位0,十五層,15,住宅大樓(11層含以上有電梯),住家用,鋼筋混凝土造,0850508,75.6,2,1,1,有,無,有,11000,146,,0.0,0,,RPOTMLOJLHIFFAH08CC
大園區,土地,大牛稠段大牛稠小段661~690地號,2110.0,農,特定農業區,農牧用地,1020301,土地1建物0車位0,,,其他,,,,0.0,0,0,0,有,無,無,41667,20,,0.0,0,,RPUNMLOJLHIFFEH48CC
桃園區,房地(土地+建物),桃園縣桃園市忠五路61~90號,6.38,住,,,1020201,土地1建物1車位0,五層,6,套房(1房1廳1衛),住家用,鋼筋混凝土造,0831101,39.07,1,1,1,有,無,有,6000,154,,0.0,0,,RPRNMLPJLHIFFAH87CC
龜山區,房地(土地+建物),桃園縣龜山鄉新樂街31~60號,66.0,其他,,,1020207,土地1建物1車位0,全,4,透天厝,住商用,加強磚造,0570901,54.94,2,1,2,有,無,無,8000,146,,0.0,0,,RPVNMLPJLHIFFAH28CC
龍潭區,房地(土地+建物),桃園縣龍潭鄉百年2街31~60號,34.67,住,鄉村區,乙種建築用地,1020210,土地2建物3車位0,三層,15,住宅大樓(11層含以上有電梯),住家用,鋼筋混凝土造,0860626,116.25,3,2,2,有,有,無,7833,67,,0.0,0,,RPWNMLPJLHIFFCH58CC
龍潭區,房地(土地+建物)+車位,桃園縣龍潭鄉百年路1~30號,25.06,住,鄉村區,乙種建築用地,1030301,土地2建物3車位1,八層,12,住宅大樓(11層含以上有電梯),住家用,鋼筋混凝土造,0860626,117.62,2,1,1,有,有,有,8800,75,坡道平面,36.44,0,,RPXPMLPJLHIFFCH88CC
龍潭區,房地(土地+建物)+車位,桃園縣龍潭鄉百年二街1~30號,28.26,住,鄉村區,乙種建築用地,1020301,土地2建物3車位1,十二層,14,住宅大樓(11層含以上有電梯),住家用,鋼筋混凝土造,0860626,126.87,2,2,1,有,有,有,8680,68,坡道平面,36.44,0,,RPOQMLPJLHIFFCH08CC
龍潭區,房地(土地+建物)+車位,桃園縣龍潭鄉百年二街31~60號,24.53,住,鄉村區,乙種建築用地,1020301,土地2建物3車位1,一層,15,住宅大樓(11層含以上有電梯),住家用,鋼筋混凝土造,0860626,115.03,2,2,2,有,有,有,8800,77,坡道平面,36.44,0,,RPQQMLPJLHIFFCH28CC
平鎮區,房地(土地+建物),桃園縣平鎮市新富街91~120號,20.25,住,,,1020401,土地1建物1車位0,一層,7,華廈(10層含以下有電梯),商業用,鋼筋混凝土造,0820702,42.85,0,0,0,無,有,無,8000,187,,0.0,0,,RPOOMLQJLHIFFGH38CC
桃園區,房地(土地+建物),桃園縣桃園市中正路841~870號,149.0,住,,,1020223,土地1建物1車位0,五層,5,套房(1房1廳1衛),住商用,鋼筋混凝土造,0800108,102.62,1,0,1,有,無,有,8000,78,,0.0,0,本物件第五層隔成四間套房，出租一間（503房），約7坪。,RPTOMLQJLHIFFAH28CC
蘆竹區,房地(土地+建物)+車位,桃園縣蘆竹鄉奉化路181~210號,20.29,住,,,1020226,土地1建物1車位1,八層,12,住宅大樓(11層含以上有電梯),住家用,鋼筋混凝土造,0890914,106.76,3,2,2,有,有,有,20000,187,坡道平面,39.75,0,,RPPPMLQJLHIFFEH38CC
中壢區,建物,桃園縣中壢市中園路91~120號,0.0,住,,,1020222,土地0建物1車位0,一層,8,店面(店鋪),商業用,鋼筋混凝土造,0910729,229.14000000000001,0,0,0,無,有,無,12500,55,,0.0,0,,RPRQMLRJLHIFFBH48CC
桃園區,房地(土地+建物)+車位,桃園縣桃園市中埔二街31~60號,10.72,住,,,1020206,土地1建物1車位1,七層,14,住宅大樓(11層含以上有電梯),住家用,鋼筋混凝土造,0921121,106.38,3,2,2,有,有,有,12360,116,坡道平面,23.0,0,,RPPNMLRJLHIFFAH87CC
平鎮區,建物,桃園縣平鎮市中豐路181~210號,0.0,住,,,1020221,土地0建物1車位0,四層,5,公寓(5樓含以下無電梯),住家用,鋼筋混凝土造,0881030,138.42000000000002,3,2,2,有,有,無,19000,137,,0.0,0,,RPTOMLRJLHIFFGH98CC
平鎮區,建物,桃園縣平鎮市環南路二段1~30號,0.0,商,,,1020301,土地0建物1車位0,十四層,24,辦公商業大樓,商業用,鋼筋混凝土造,0820412,188.16,0,0,0,無,有,無,14000,74,,0.0,0,,RPUOMLRJLHIFFGH09CC
大園區,土地,埔心段埔心小段1531~1560地號,730.0,,特定農業區,甲種建築用地,1020301,土地1建物0車位0,,,其他,,,,0.0,0,0,0,有,無,有,22000,30,,0.0,0,,RPUNMLRJLHIFFEH88DC
大園區,土地,埔心段埔心小段1531~1560地號,730.0,,特定農業區,甲種建築用地,1020301,土地1建物0車位0,,,其他,,,,0.0,0,0,0,有,無,有,22000,30,,0.0,0,,RPQOMLRJLHIFFEH58DC
八德區,房地(土地+建物),桃園縣八德市裕民街13巷1~30號,75.41,住,,,1020301,土地1建物1車位0,五層,5,公寓(5樓含以下無電梯),住家用,鋼筋混凝土造,0691001,73.13,3,2,1,有,無,無,6000,82,,0.0,0,,RPWNMLRJLHIFFFH56DC
桃園區,房地(土地+建物)+車位,桃園縣桃園市民富九街61~90號,22.36,住,,,1020307,土地2建物1車位1,十一層,18,住宅大樓(11層含以上有電梯),住家用,鋼筋混凝土造,0811117,153.84,3,2,2,有,有,有,12000,78,坡道平面,40.52,0,,RPTPMLSJLHIFFAH58CC
桃園區,房地(土地+建物)+車位,桃園縣桃園市民光東路151~180號,13.24,住,,,1020307,土地1建物2車位1,二層,14,住宅大樓(11層含以上有電梯),住家用,鋼筋混凝土造,0920918,136.31,3,2,2,有,有,有,17000,125,坡道平面,25.02,0,,RPVQMLSJLHIFFAH88CC
桃園區,房地(土地+建物),桃園縣桃園市大有路151~180號,4.64,住,,,1020310,土地1建物1車位0,十層,12,住宅大樓(11層含以上有電梯),住家用,鋼筋混凝土造,0830318,39.36,1,0,1,有,有,無,6000,152,,0.0,0,,RPSOMLLKLHIFFAH77CC
桃園區,建物,桃園縣桃園市大興西路二段69巷61~90號,0.0,,,,1020308,土地0建物1車位1,九層,15,住宅大樓(11層含以上有電梯),住家用,鋼筋混凝土造,1000309,116.56,2,2,1,有,有,有,21000,180,一樓平面,0.0,0,,RPTOMLLKLHIFFAH87CC
蘆竹區,建物,桃園縣蘆竹鄉南福街1~30號,18.47,住,,,1020227,土地0建物1車位0,十層,13,住宅大樓(11層含以上有電梯),住家用,鋼筋混凝土造,0830531,115.17,3,2,2,有,有,無,10000,87,,0.0,0,,RPXNMLLKLHIFFEH58CC
龍潭區,房地(土地+建物),桃園縣龍潭鄉百年二街2巷31~60號,73.06,住,鄉村區,乙種建築用地,1020310,土地2建物3車位0,全,4,透天厝,住家用,鋼筋混凝土造,0860130,244.65,4,1,3,有,有,無,12000,49,,0.0,0,,RPSNMLLKLHIFFCH87CC
中壢區,房地(土地+建物)+車位,桃園縣中壢市內江街1~30號,1560.0,住,,,1020315,土地1建物1車位1,二層,12,住宅大樓(11層含以上有電梯),見其他登記事項,鋼筋混凝土造,1011005,160.55,3,2,2,有,有,無,16000,100,坡道平面,0.0,0,,RPUOMLLKLHIFFBH18DC
中壢區,房地(土地+建物)+車位,桃園縣中壢市內江街1~30號,1560.0,住,,,1020315,土地1建物1車位1,二層,12,住宅大樓(11層含以上有電梯),見其他登記事項,鋼筋混凝土造,1011005,160.55,3,2,2,有,有,無,16000,100,坡道平面,0.0,0,,RPWOMLLKLHIFFBH38DC
中壢區,房地(土地+建物),桃園縣中壢市莊敬路838巷1~30號,650.41,住,,,1020401,土地1建物1車位0,一層,8,華廈(10層含以下有電梯),商業用,鋼筋混凝土造,0840515,75.36,3,2,2,有,無,有,30000,398,,0.0,0,,RPOOMLMKLHIFFBH67DC
中壢區,房地(土地+建物),桃園縣中壢市自立五街1~30號,9610.0,住,,,1020305,土地1建物1車位0,三層,14,住宅大樓(11層含以上有電梯),國民住宅,鋼筋混凝土造,0920311,126.81,3,2,2,有,無,有,14000,110,,0.0,0,,RPPOMLMKLHIFFBH77DC
龍潭區,房地(土地+建物),桃園縣龍潭鄉百年二街31~60號,35.81,住,鄉村區,乙種建築用地,1020311,土地2建物3車位0,七層,15,住宅大樓(11層含以上有電梯),住家用,鋼筋混凝土造,0860626,117.55,3,1,1,有,有,有,7600,65,,0.0,0,,RPVNMLMKLHIFFCH28CC
桃園區,房地(土地+建物)+車位,桃園縣桃園市莊敬路二段61~90號,2271.0,住,,,1020305,土地1建物1車位1,四層,14,華廈(10層含以下有電梯),住家用,鋼筋混凝土造,0871224,92.68,4,2,2,有,有,有,18000,194,坡道機械,0.0,0,,RPQNMLMKLHIFFAH67DC
桃園區,房地(土地+建物)+車位,桃園縣桃園市桃園市中正路1081~1110號,4117.0,住,,,1020301,土地1建物1車位1,二層,14,住宅大樓(11層含以上有電梯),住家用,鋼筋混凝土造,0930727,79.93,3,2,2,有,無,有,27000,338,坡道平面,0.0,0,,RPVNMLMKLHIFFAH18DC
桃園區,房地(土地+建物)+車位,桃園縣桃園市大業路二段91~120號,22.26,住,,,1020301,土地1建物1車位1,七層,9,華廈(10層含以下有電梯),住家用,鋼筋混凝土造,0900709,154.71,2,2,1,有,有,有,12000,78,坡道平面,0.0,1500,,RPWOMLMKLHIFFAH48EC
中壢區,房地(土地+建物)+車位,桃園縣中壢市榮安一街391~420號,30.08,住,,,1020401,土地1建物1車位1,十層,14,住宅大樓(11層含以上有電梯),國民住宅,鋼筋混凝土造,0920311,168.88,3,2,2,有,有,有,13000,77,坡道平面,0.0,0,,RPSOMLMKLHIFFBH97CC
桃園區,房地(土地+建物),桃園縣桃園市吉昌街181~210號,28.48,其他,,,1020114,土地1建物1車位0,二層,2,店面(店鋪),住商用,鋼筋混凝土造,0861128,250.67,0,0,0,無,有,無,68000,271,,0.0,0,,RPTPMLMKLHIFFAH08CC
蘆竹區,建物,桃園縣蘆竹鄉南崁路一段91~120號,0.0,,,,1020601,土地0建物1車位0,七層,14,辦公商業大樓,工業用,鋼筋混凝土造,0820824,388.17,0,0,0,無,無,無,46000,119,,0.0,0,,RPTNMLNKLHIFFEH38CC
蘆竹區,建物,桃園縣蘆竹鄉南順四街1~30號,0.0,,,,1020307,土地0建物1車位0,二層,13,住宅大樓(11層含以上有電梯),住家用,鋼筋混凝土造,1000804,157.74,3,2,2,有,有,有,20000,127,,0.0,0,,RPPQMLNKLHIFFEH28CC
楊梅區,房地(土地+建物),桃園縣楊梅鎮永美路91~120號,89.0,其他,,,1020401,土地1建物1車位0,一層,3,店面(店鋪),住家用,加強磚造,0481001,49.82,6,2,3,有,無,有,20000,401,,0.0,0,,RPXNMLNKLHIFFDH78DC
平鎮區,土地,德育段391~420地號,34.18,其他,,,1020128,土地2建物0車位0,,,其他,,,,0.0,0,0,0,有,無,有,16000,468,,0.0,0,,RPRNMLNKLHIFFGH38CC
中壢區,房地(土地+建物),桃園縣中壢市龍岡路二段393巷1~30號,177.86,住,,,1040331,土地3建物1車位0,全,2,透天厝,住家用,加強磚造,0650216,151.14,4,2,2,有,無,無,20000,132,,0.0,0,,RPWQMLOKLHIFFBH88DC
中壢區,房地(土地+建物),桃園縣中壢市高鐵站前西路211~240號,1054.37,住,,,1020312,土地2建物1車位0,五層,5,店面(店鋪),見其他登記事項,鋼筋混凝土造,0981123,354.84,4,2,3,有,無,有,30000,85,,0.0,0,,RPWSMLOKLHIFFBH09DC
八德區,房地(土地+建物)+車位,桃園縣八德市大興路191巷1~30號,11.22,,特定農業區,甲種建築用地,1020110,土地1建物1車位1,五層,11,住宅大樓(11層含以上有電梯),住家用,鋼筋混凝土造,1010507,105.99,3,2,2,有,有,無,15000,142,坡道平面,0.0,0,,RPQNMLOKLHIFFFH48EC
蘆竹區,建物,桃園縣蘆竹鄉中正路391~420號,0.0,,,,1020303,土地0建物1車位0,一層,5,店面(店鋪),見其他登記事項,鋼筋混凝土造,0770213,77.61,0,0,0,無,無,無,29500,380,,0.0,0,,RPRNMLOKLHIFFEH28CC
蘆竹區,建物,桃園縣蘆竹鄉長春路91~120號,0.0,,,,1020307,土地0建物1車位1,二層,12,住宅大樓(11層含以上有電梯),住家用,鋼筋混凝土造,0870515,96.1,3,2,2,有,有,有,12500,204,坡道平面,44.58,0,,RPWNMLOKLHIFFEH78CC
中壢區,房地(土地+建物)+車位,桃園縣中壢市莊敬路811~840號,20.24,住,,,1020315,土地1建物1車位1,二層,8,華廈(10層含以下有電梯),住家用,鋼筋混凝土造,0840515,90.4,3,2,2,有,有,無,11000,120,坡道平面,11.25,0,,RPORMLOKLHIFFBH08CC
中壢區,土地,青昇段391~420地號,3721.03,其他,,,1020308,土地1建物0車位0,,,其他,,,,0.0,0,0,0,無,無,無,168000,45,,0.0,0,,RPSUMLOKLHIFFBH78CC
八德區,建物,桃園縣八德市介壽路二段685巷50弄38衖1~30號,21.54,住,鄉村區,乙種建築用地,1020315,土地0建物1車位0,三層,4,公寓(5樓含以下無電梯),住家用,加強磚造,0700726,83.96,3,2,2,有,無,有,8800,105,,0.0,0,,RPWNMLPKLHIFFFH98CC
楊梅區,土地,草湳坡段草湳坡小段1~30地號,5196.0,農,,,1020301,土地6建物0車位0,,,其他,,,,0.0,0,0,0,有,無,無,165000,32,,0.0,0,,RPROMLPKLHIFFDH38CC
桃園區,房地(土地+建物),桃園縣桃園市中埔二街151~180號,4802.0,住,,,1020310,土地1建物1車位0,全,5,透天厝,見其他登記事項,鋼筋混凝土造,0840311,181.0,4,3,3,有,有,有,16000,88,,0.0,0,,RPQRMLPKLHIFFAH38DC
中壢區,房地(土地+建物),桃園縣中壢市龍昌路226巷31~60號,80.73,住,,,1020401,土地1建物1車位0,全,3,透天厝,住家用,加強磚造,0670429,25.42,6,3,2,無,無,有,12000,472,,0.0,0,,RPRQMLQKLHIFFBH58DC
蘆竹區,建物,桃園縣蘆竹鄉南山路一段61~90號,4722.44,住,,,1020225,土地0建物1車位0,十八層,20,住宅大樓(11層含以上有電梯),住家用,鋼筋混凝土造,0840811,132.53,4,2,2,有,無,無,12000,91,,0.0,0,,RPPNMLQKLHIFFEH28CC
中壢區,建物,桃園縣中壢市九和一街31~60號,0.0,,,,1020221,土地0建物1車位0,九層,21,住宅大樓(11層含以上有電梯),住家用,鋼筋混凝土造,0950321,127.68,3,2,2,有,有,有,34000,266,,0.0,0,,RPPPMLSKLHIFFBH38CC
龜山區,建物,桃園縣龜山鄉文化二路34巷14弄八樓1~30號,0.0,,,,1020318,土地0建物1車位0,十三層,16,住宅大樓(11層含以上有電梯),住家用,鋼筋混凝土造,0861202,49.78,1,1,1,有,有,有,12000,241,,0.0,0,,RPSRMLSKLHIFFAH78CC
桃園區,房地(土地+建物),桃園縣桃園市天祥七街91~120號,19.45,住,,,1020315,土地1建物1車位0,五層,7,華廈(10層含以下有電梯),住家用,鋼筋混凝土造,0821230,111.38,3,2,2,有,有,有,12000,108,,0.0,0,,RPTRMLSKLHIFFAH88CC
中壢區,房地(土地+建物),桃園縣中壢市龍和一街248巷1~30號,25.12,住,,,1020401,土地1建物1車位0,一層,5,公寓(5樓含以下無電梯),住家用,鋼筋混凝土造,0821224,112.24,3,2,2,無,有,無,10000,89,,0.0,0,,RPOOMLSKLHIFFBH28DC
平鎮區,房地(土地+建物),桃園縣平鎮市大昌路55巷1~30號,23.91,工,,,1020315,土地1建物1車位0,一層,5,公寓(5樓含以下無電梯),見其他登記事項,鋼筋混凝土造,0821016,93.44,3,2,2,有,無,有,8000,86,,0.0,0,,RPVNMLTKLHIFFGH76CC
龍潭區,房地(土地+建物)+車位,桃園縣龍潭鄉百年二街31~60號,30.47,住,鄉村區,乙種建築用地,1020316,土地2建物3車位1,二層,15,住宅大樓(11層含以上有電梯),住家用,鋼筋混凝土造,0860626,163.9,2,1,2,有,有,有,8640,53,坡道平面,36.45,0,,RPQNMLTKLHIFFCH48CC
蘆竹區,房地(土地+建物),桃園縣蘆竹鄉南昌路241~270號,2169.43,其他,,,1020301,土地1建物1車位0,二層,8,華廈(10層含以下有電梯),住家用,鋼筋混凝土造,0881103,86.8,3,2,2,無,有,有,15000,173,,0.0,0,,RPUNMLTKLHIFFEH56DC
八德區,房地(土地+建物),桃園縣八德市新興路342巷62弄1~30號,51.07,,鄉村區,乙種建築用地,1020316,土地1建物1車位0,全,2,透天厝,住家用,加強磚造,0691220,88.52,4,2,3,有,無,無,8000,90,,0.0,0,,RPRNMLTKLHIFFFH09EC
蘆竹區,房地(土地+建物),桃園縣蘆竹鄉奉化路104巷46弄1~30號,17.89,住,,,1020401,土地1建物1車位0,一層,8,店面(店鋪),商業用,鋼筋混凝土造,0841207,81.69,0,0,0,無,無,無,25000,306,,0.0,0,,RPXOMLTKLHIFFEH86CC
八德區,建物,桃園縣八德市中正路211~240號,77.2,住,,,1020305,土地0建物1車位0,全,4,透天厝,見其他登記事項,鋼筋混凝土造,0950103,201.4,4,3,3,有,無,無,20000,99,,0.0,0,,RPWNMLKLLHIFFFH58CC
八德區,建物,桃園縣八德市建國路91巷1~30號,70.39,住,,,1020401,土地0建物1車位0,全,2,透天厝,住商用,加強磚造,0670905,95.06,2,2,1,有,無,無,7500,79,,0.0,0,,RPPOMLKLLHIFFFH97CC
桃園區,建物,桃園縣桃園市大興西路一段301~330號,0.0,住,,,1020317,土地0建物1車位0,九層,17,住宅大樓(11層含以上有電梯),住家用,鋼筋混凝土造,0860701,29.04,1,1,1,有,有,有,8500,293,,0.0,0,,RPOPMLKLLHIFFAH47CC
桃園區,房地(土地+建物),桃園縣桃園市自強路65巷1~30號,33.27,住,,,1020320,土地1建物1車位0,一層,5,公寓(5樓含以下無電梯),見其他登記事項,鋼筋混凝土造,0751115,133.73,0,0,0,無,有,無,26000,194,,0.0,0,含增建或未登記建物。含營業設備。,RPXPMLKLLHIFFAH38CC
八德區,房地(土地+建物),桃園縣八德市八德市金和路91~120號,28.14,住,,,1020118,土地1建物1車位0,一層,13,店面(店鋪),住商用,鋼筋混凝土造,0981016,191.32,0,0,0,無,有,有,26000,136,,0.0,0,,RPQNMLLLLHIFFFH08CC
中壢區,房地(土地+建物),桃園縣中壢市莊敬路841~870號,4.79,住,,,1020320,土地1建物1車位0,八層,8,華廈(10層含以下有電梯),見其他登記事項,鋼筋混凝土造,0880909,30.6,1,1,1,有,有,有,5500,180,,0.0,0,,RPWNMLLLLHIFFBH28CC
八德區,房地(土地+建物),桃園縣八德市銀和街71巷1~30號,14.51,住,,,1020205,土地1建物1車位0,一層,18,住宅大樓(11層含以上有電梯),住商用,鋼骨鋼筋混凝土造,0870729,119.94,3,2,2,有,有,無,10000,83,,0.0,0,,RPPNMLLLLHIFFFH18EC
八德區,房地(土地+建物),桃園縣八德市中正路32巷1~30號,21.38,住,,,1020304,土地2建物1車位0,七層,14,住宅大樓(11層含以上有電梯),住家用,鋼筋混凝土造,1001024,161.64,0,0,1,有,有,無,14000,87,,0.0,0,,RPTOMLLLLHIFFFH68EC
八德區,房地(土地+建物),桃園縣八德市義勇街31~60號,77.0,商,,,1020317,土地1建物1車位0,四層,4,店面(店鋪),見其他登記事項,鋼筋混凝土造,1010109,260.22,4,2,4,有,無,無,40000,154,,0.0,0,,RPPOMLLLLHIFFFH18DC
大園區,房地(土地+建物),桃園縣蘆竹鄉領航北路四段135巷1~30號,1115.0,住,特定農業區,甲種建築用地,1020310,土地2建物1車位0,全,4,透天厝,見其他登記事項,鋼筋混凝土造,0960822,217.71,4,2,3,有,有,無,14000,64,,0.0,0,,RPSNMLLLLHIFFEH28DC
中壢區,房地(土地+建物),桃園縣中壢市中園路1~30號,14.9,住,,,1020312,土地1建物1車位0,四層,15,住宅大樓(11層含以上有電梯),住家用,鋼筋混凝土造,0960301,112.06,3,2,2,有,有,有,19318,172,,0.0,0,,RPQNMLLLLHIFFBH77DC
中壢區,房地(土地+建物),桃園縣中壢市吉長街31~60號,22.0,住,,,1020325,土地1建物1車位0,三層,4,公寓(5樓含以下無電梯),住家用,鋼筋混凝土造,0700225,25.34,1,0,0,有,無,有,4600,182,,0.0,0,,RPRQMLMLLHIFFBH28DC
平鎮區,房地(土地+建物),桃園縣平鎮市承德路1~30號,7.0,住,,,1020325,土地0建物0車位0,全,4,透天厝,住家用,加強磚造,0650517,20.0,1,1,1,有,無,有,5500,275,,0.0,0,,RPTNMLMLLHIFFGH58CC
大園區,房地(土地+建物)+車位,桃園縣大園鄉領航北路四段361~390號,38.96,住,,,1020309,土地1建物1車位1,三層,10,華廈(10層含以下有電梯),住家用,鋼筋混凝土造,0970401,129.08,4,2,3,有,有,有,15000,116,坡道平面,0.0,0,,RPSUMLMLLHIFFEH09DC
八德區,房地(土地+建物),桃園縣八德市義勇街1~30號,105.98,商,,,1020223,土地1建物1車位0,,5,店面(店鋪),見使用執照,鋼筋混凝土造,0951116,314.17,4,2,3,有,無,有,45000,143,,0.0,0,租賃1~5樓,RPSNMLMLLHIFFFH38CC
八德區,房地(土地+建物),桃園縣八德市介壽路二段490巷17弄4衖1~30號,24.44,住,鄉村區,乙種建築用地,1020227,土地1建物1車位0,四層,4,公寓(5樓含以下無電梯),住家用,鋼筋混凝土造,0730310,88.68,3,2,1,有,無,有,6500,73,,0.0,0,,RPTNMLMLLHIFFFH48CC
八德區,建物,桃園縣八德市和平路151~180號,0.0,商,,,1020321,土地0建物1車位0,一層,5,公寓(5樓含以下無電梯),商業用,鋼筋混凝土造,0781207,55.71,1,1,1,有,無,無,16000,287,,0.0,0,,RPPOMLMLLHIFFFH18CC
蘆竹區,建物,桃園縣蘆竹鄉奉化路1~30號,0.0,住,,,1020401,土地0建物1車位0,二層,9,華廈(10層含以下有電梯),住家用,鋼筋混凝土造,0940201,54.4,2,1,1,有,有,有,14277,262,,0.0,0,,RPTPMLMLLHIFFEH58CC
桃園區,建物,桃園縣桃園市大興西路二段69巷121~150號,16.61,住,,,1020320,土地0建物1車位1,十一層,15,住宅大樓(11層含以上有電梯),住家用,鋼筋混凝土造,1000309,125.86,2,2,1,有,有,有,17500,139,一樓平面,0.0,0,,RPROMLMLLHIFFAH87CC
桃園區,房地(土地+建物),桃園縣桃園市三民路一段61~90號,3094.0,住,,,1020320,土地1建物1車位0,八層,16,套房(1房1廳1衛),住家用,鋼筋混凝土造,0840511,27.61,1,0,1,無,有,有,7000,254,,0.0,0,,RPTOMLPLLHIFFAH38CC
桃園區,房地(土地+建物),桃園縣桃園市民有六街1~30號,3230.58,住,,,1020301,土地1建物1車位0,十七層,17,套房(1房1廳1衛),住家用,鋼筋混凝土造,0850118,30.4,1,0,1,無,有,有,6400,211,,0.0,0,,RPOPMLPLLHIFFAH97CC
桃園區,房地(土地+建物),桃園縣桃園市安東街31~60號,6612.0,住,,,1020320,土地1建物1車位0,四層,6,套房(1房1廳1衛),住家用,鋼筋混凝土造,0690826,32.03,1,0,1,無,有,有,9500,297,,0.0,0,,RPRPMLPLLHIFFAH28CC
桃園區,房地(土地+建物)+車位,桃園縣桃園市鎮撫街31~60號,587.0,住,,,1020320,土地1建物1車位1,五層,8,華廈(10層含以下有電梯),住家用,鋼筋混凝土造,0850822,37.76,1,1,1,有,有,有,11000,291,坡道平面,0.0,0,,RPWPMLPLLHIFFAH78CC
桃園區,房地(土地+建物),桃園縣桃園市大有路511~540號,10213.57,住,,,1020320,土地1建物1車位0,十八層,19,住宅大樓(11層含以上有電梯),住家用,鋼筋混凝土造,0840419,67.32,2,1,1,有,有,有,12500,186,,0.0,0,,RPXPMLPLLHIFFAH88CC
桃園區,房地(土地+建物),桃園縣桃園市中正三街331~360號,3322.0,住,,,1020310,土地1建物1車位0,四層,10,華廈(10層含以下有電梯),住家用,鋼筋混凝土造,0940411,41.62,1,1,1,有,有,有,11000,264,,0.0,0,,RPPQMLPLLHIFFAH18CC
桃園區,房地(土地+建物),桃園縣桃園市朝陽街1~30號,2040.0,住,,,1020305,土地1建物1車位0,九層,14,住宅大樓(11層含以上有電梯),見其他登記事項,鋼筋混凝土造,0861117,25.1,1,1,1,無,有,有,7500,299,,0.0,0,,RPQQMLPLLHIFFAH28CC
桃園區,房地(土地+建物),桃園縣桃園市宏昌七街91~120號,537.4,住,,,1020320,土地1建物1車位0,三層,5,套房(1房1廳1衛),住家用,鋼筋混凝土造,0910821,30.04,1,0,1,無,有,有,9000,300,,0.0,0,,RPSQMLPLLHIFFAH48CC
桃園區,房地(土地+建物)+車位,桃園縣桃園市民光東路181~210號,4138.0,住,,,1020305,土地1建物1車位1,四層,14,住宅大樓(11層含以上有電梯),住家用,鋼筋混凝土造,0920918,84.08,3,2,2,有,有,有,17000,202,坡道平面,0.0,0,,RPTQMLPLLHIFFAH58CC
桃園區,房地(土地+建物),桃園縣桃園市朝陽街1~30號,2040.0,住,,,1020301,土地1建物1車位0,六層,14,套房(1房1廳1衛),見其他登記事項,鋼筋混凝土造,0861117,25.1,1,0,1,無,有,有,7000,279,,0.0,0,,RPUQMLPLLHIFFAH68CC
桃園區,房地(土地+建物),桃園縣桃園市大有路631~660號,5433.08,住,,,1020305,土地1建物1車位0,八層,17,套房(1房1廳1衛),住家用,鋼筋混凝土造,0860901,22.38,1,0,1,無,有,有,7000,313,,0.0,0,,RPVQMLPLLHIFFAH78CC
龜山區,房地(土地+建物),桃園縣龜山鄉光峰路271~300號,25.7,其他,,,1020304,土地1建物1車位0,一層,5,公寓(5樓含以下無電梯),商業用,鋼筋混凝土造,1001110,116.02,0,0,0,無,無,無,15000,129,,0.0,0,,RPPRMLPLLHIFFAH28CC
龜山區,房地(土地+建物),桃園縣龜山鄉頂興路37巷29弄1~30號,20.01,其他,,,1020301,土地1建物1車位0,三層,5,公寓(5樓含以下無電梯),住家用,鋼筋混凝土造,0690325,90.1,3,2,1,有,無,無,10000,111,,0.0,0,,RPQSMLPLLHIFFAH48CC
八德區,建物,桃園縣八德市興豐路631~660號,75.0,其他,鄉村區,乙種建築用地,1020122,土地0建物1車位0,一層,3,店面(店鋪),住商用,鋼筋混凝土造,0771008,48.5,0,0,0,無,無,無,13000,268,,0.0,0,,RPXNMLPLLHIFFFH56CC
中壢區,建物,桃園縣中壢市中山路121~150號,0.0,商,,,1020227,土地0建物2車位0,十一層,13,辦公商業大樓,見其他登記事項,鋼筋混凝土造,0920408,403.24,0,0,0,無,有,無,91061,226,,0.0,0,,RPSVMLPLLHIFFBH09CC
大園區,土地,內海墘段361~390地號,241.0,其他,,,1020320,土地1建物0車位0,,,其他,,,,0.0,0,0,0,有,無,有,9000,37,,0.0,0,,RPROMLPLLHIFFEH78EC
龍潭區,房地(土地+建物),桃園縣龍潭鄉百年二街1~30號,36.49,住,鄉村區,乙種建築用地,1020325,土地2建物3車位0,四層,14,住宅大樓(11層含以上有電梯),住家用,鋼筋混凝土造,0860130,111.13,3,2,2,有,有,有,7620,69,,0.0,0,,RPPNMLPLLHIFFCH08CC
中壢區,土地,大江段481~510地號,168.0,其他,,,1020317,土地1建物0車位0,,,其他,,,,0.0,0,0,0,有,無,無,20000,119,,0.0,0,,RPUVMLPLLHIFFBH76DC
中壢區,土地,大江段481~510地號,168.0,其他,,,1020317,土地1建物0車位0,,,其他,,,,0.0,0,0,0,有,無,無,20000,119,,0.0,0,,RPWVMLPLLHIFFBH96DC
中壢區,土地,大江段481~510地號,168.0,其他,,,1020317,土地1建物0車位0,,,其他,,,,0.0,0,0,0,有,無,無,20000,119,,0.0,0,,RPXVMLPLLHIFFBH07DC
中壢區,房地(土地+建物),桃園縣中壢市龍和一街255巷1~30號,11239.34,住,,,1020308,土地1建物1車位0,五層,9,華廈(10層含以下有電梯),住家用,鋼筋混凝土造,0840518,94.8,3,2,2,有,無,有,10000,105,,0.0,0,,RPRWMLPLLHIFFBH56DC
龍潭區,房地(土地+建物)+車位,桃園縣龍潭鄉百年二街15巷1~30號,36.49,住,鄉村區,乙種建築用地,1020401,土地2建物3車位1,十三層,14,住宅大樓(11層含以上有電梯),住家用,鋼筋混凝土造,0860130,153.23000000000002,3,1,2,有,有,無,10320,67,坡道平面,40.33,0,,RPSNMLQLLHIFFCH48CC
蘆竹區,房地(土地+建物),桃園縣蘆竹鄉中山路211~240號,22.44,住,,,1020401,土地1建物0車位0,三層,12,住宅大樓(11層含以上有電梯),住家用,鋼筋混凝土造,1000511,29.8,2,1,1,有,有,有,17000,570,,0.0,0,,RPWNMLQLLHIFFEH56DC
八德區,房地(土地+建物)+車位,桃園縣八德市仁愛街8巷1~30號,24.16,住,,,1020314,土地1建物1車位1,四層,13,住宅大樓(11層含以上有電梯),國民住宅,鋼筋混凝土造,0881125,134.4,3,2,2,有,有,有,10000,74,坡道平面,0.0,0,,RPTNMLQLLHIFFFH88CC
中壢區,建物,桃園縣中壢市中華路一段901~930號,0.0,工,,,1020326,土地0建物1車位0,全,3,透天厝,住商用,加強磚造,0690603,139.83,0,0,0,無,無,無,30000,215,,0.0,0,,RPOOMLRLLHIFFBH18CC
中壢區,建物,桃園縣中壢市普騰街26巷1~30號,1950.8,住,,,1020228,土地0建物0車位0,七層,10,華廈(10層含以下有電梯),住家用,鋼筋混凝土造,0820723,75.21,3,2,1,有,有,有,12000,160,,0.0,0,,RPPPMLRLLHIFFBH38CC
中壢區,建物,桃園縣中壢市合定路1~30號,198.0,工,工業區,丁種建築用地,1020401,土地0建物1車位0,一層,1,倉庫,見其他登記事項,見其他登記事項,0810527,198.0,1,0,0,無,無,無,38000,,,0.0,0,,RPOQMLRLLHIFFBH48DC
龍潭區,房地(土地+建物),桃園縣龍潭鄉中豐路331~360號,175.64,商,鄉村區,乙種建築用地,1020327,土地2建物3車位0,全,4,透天厝,住商用,鋼筋混凝土造,0860626,594.49,4,2,3,有,有,無,20000,34,,0.0,0,,RPOOMLSLLHIFFCH38CC
中壢區,建物,桃園縣中壢市致祥一街232巷1~30號,0.0,住,,,1020401,土地0建物1車位0,五層,5,公寓(5樓含以下無電梯),住家用,鋼筋混凝土造,0841009,28.56,3,2,2,有,無,無,10000,350,,0.0,0,,RPVOMLSLLHIFFBH98CC
桃園區,建物,桃園縣桃園市桃園市中央街121~150號,107.0,住,,,1020328,土地0建物1車位0,四層,4,公寓(5樓含以下無電梯),住家用,鋼筋混凝土造,0680404,70.94,1,1,1,有,無,有,8000,113,,0.0,0,,RPSNMLSLLHIFFAH48CC
桃園區,房地(土地+建物),桃園縣桃園市國際路一段991~1020號,4023.0,住,,,1020325,土地1建物1車位0,全,5,透天厝,見其他登記事項,鋼筋混凝土造,0921223,214.74,0,0,0,無,有,無,16000,75,,0.0,0,,RPQOMLTLLHIFFAH48CC
桃園區,建物,桃園縣桃園市樹仁一街121~150號,1292.29,住,,,1020301,土地0建物1車位0,四層,5,公寓(5樓含以下無電梯),住家用,鋼筋混凝土造,0780920,96.82,3,2,2,有,無,有,9000,93,,0.0,0,,RPQRMLTLLHIFFAH78CC
中壢區,房地(土地+建物),桃園縣中壢市福星七街121~150號,10.8,住,,,1020310,土地1建物1車位0,五層,5,華廈(10層含以下有電梯),住家用,鋼筋混凝土造,0820301,107.79,3,1,1,有,有,有,10000,93,,0.0,0,,RPWPMLTLLHIFFBH66CC
中壢區,房地(土地+建物),桃園縣中壢市民族路264巷7弄1~30號,26.25,住,,,1020315,土地1建物1車位0,五層,6,華廈(10層含以下有電梯),住家用,鋼筋混凝土造,0821106,121.55,3,2,2,有,無,有,9000,74,,0.0,0,,RPXPMLTLLHIFFBH76CC
中壢區,建物,桃園縣中壢市南園二路331~360號,0.0,住,,,1020314,土地0建物1車位1,一層,14,店面(店鋪),商業用,鋼筋混凝土造,1001109,162.61,0,1,1,有,有,無,27000,166,坡道平面,41.13,0,,RPQSMLTLLHIFFBH98CC
大園區,房地(土地+建物)+車位,桃園縣大園鄉領航北路四段331~360號,31.67,住,,,1020401,土地1建物1車位1,二層,10,華廈(10層含以下有電梯),見其他登記事項,鋼筋混凝土造,0970401,105.02,0,0,0,無,有,無,18000,171,坡道平面,0.0,0,,RPSNMLLMLHIFFEH38DC
龍潭區,房地(土地+建物)+車位,桃園縣龍潭鄉百年路1~30號,25.67,住,鄉村區,乙種建築用地,1020401,土地2建物3車位1,十層,12,住宅大樓(11層含以上有電梯),住家用,鋼筋混凝土造,0860626,115.24,2,1,1,有,有,有,8800,76,坡道平面,36.45,0,,RPWOMLLJMHIFFCH38CC
龍潭區,房地(土地+建物)+車位,桃園縣龍潭鄉百年二街42巷1弄1~30號,71.01,住,鄉村區,乙種建築用地,1020405,土地2建物3車位1,全,4,透天厝,住家用,鋼筋混凝土造,0860626,250.09,4,2,2,有,有,有,11200,45,坡道平面,0.0,0,,RPQPMLLJMHIFFCH87CC
中壢區,房地(土地+建物),桃園縣中壢市長春路271~300號,9.23,住,,,1020301,土地1建物1車位0,一層,9,店面(店鋪),見其他登記事項,鋼筋混凝土造,0880611,103.47,1,1,1,有,無,無,25000,242,,0.0,0,,RPSOMLLJMHIFFBH97DC
中壢區,房地(土地+建物),桃園縣中壢市光華街1~30號,1646.0,住,,,1020310,土地1建物1車位0,一層,11,住宅大樓(11層含以上有電梯),商業用,鋼筋混凝土造,0820323,58.16,3,2,2,有,無,有,13000,224,,0.0,0,,RPQPMLLJMHIFFBH87DC
八德區,房地(土地+建物)+車位,桃園縣八德市義勇街138巷6弄1~30號,20.46,住,,,1020401,土地1建物1車位1,六層,9,華廈(10層含以下有電梯),住家用,鋼筋混凝土造,0830809,141.29,3,2,2,有,有,無,10000,71,坡道平面,0.0,0,,RPXNMLLJMHIFFFH68CC
八德區,房地(土地+建物),桃園縣八德市東勇街61~90號,12.84,住,,,1020301,土地1建物1車位0,十三層,13,住宅大樓(11層含以上有電梯),住家用,鋼筋混凝土造,0840125,115.64,3,2,2,有,有,有,10000,86,,0.0,0,,RPOOMLLJMHIFFFH87CC
八德區,房地(土地+建物),桃園縣八德市介壽路一段645巷11弄1~30號,16.64,住,,,1020305,土地1建物1車位0,二層,5,公寓(5樓含以下無電梯),住家用,鋼筋混凝土造,0690924,81.2,2,2,1,有,無,有,8000,99,,0.0,0,,RPPOMLLJMHIFFFH97CC
八德區,房地(土地+建物),桃園縣八德市永福街107巷40弄1~30號,16.11,住,,,1020401,土地1建物1車位0,三層,4,公寓(5樓含以下無電梯),住家用,鋼筋混凝土造,0730702,44.59,2,1,1,有,無,無,7000,157,,0.0,0,,RPQOMLLJMHIFFFH08CC
八德區,房地(土地+建物),桃園縣八德市介壽路二段748巷5弄1~30號,34.76,住,鄉村區,乙種建築用地,1020401,土地1建物1車位0,二層,4,公寓(5樓含以下無電梯),見使用執照,鋼筋混凝土造,0910927,107.77,3,2,2,有,無,有,10000,93,,0.0,0,,RPROMLLJMHIFFFH18CC
桃園區,房地(土地+建物),桃園縣桃園市民富三街31~60號,25.3,住,,,1020330,土地1建物1車位0,一層,6,店面(店鋪),住家用,鋼筋混凝土造,0830825,112.96,0,0,0,無,有,有,13000,115,,0.0,0,,RPOPMLLJMHIFFAH47CC
桃園區,房地(土地+建物),桃園縣桃園市桃鶯路91~120號,219.0,住,,,1020303,土地1建物1車位0,一層,1,店面(店鋪),住家用,磚造,0480120,63.36,0,0,1,有,無,無,23000,363,,0.0,0,,RPQNMLMJMHIFFAH57CC
桃園區,房地(土地+建物),桃園縣桃園市寶山街211~240號,16.41,住,,,1020315,土地1建物1車位0,四層,12,住宅大樓(11層含以上有電梯),住家用,鋼筋混凝土造,0860918,105.16,4,2,2,有,有,有,11000,105,,0.0,0,,RPRNMLMJMHIFFAH67CC
桃園區,建物,桃園縣桃園市桃園市中山路841~870號,0.0,商,,,1020308,土地0建物0車位0,十六層,16,辦公商業大樓,見其他登記事項,鋼筋混凝土造,0840814,467.11,5,1,0,有,有,無,84222,180,,0.0,0,續租。承租本建號半層面積。,RPOPMLNJMHIFFAH67CC
桃園區,車位,桃園縣桃園市中山路841~870號,0.0,,,,1020308,土地0建物0車位3,,,其他,,,,120.04,0,0,0,有,有,無,9000,,坡道平面,120.03,9000,車位位於大樓B2、B3且無法區分車位編號所屬建號,RPRPMLNJMHIFFAH97CC
桃園區,房地(土地+建物)+車位,桃園縣桃園市民光東路61~90號,16.47,住,,,1020401,土地1建物1車位1,十三層,16,住宅大樓(11層含以上有電梯),住家用,鋼筋混凝土造,0840425,119.33,3,2,2,有,有,有,15500,130,坡道平面,41.97,0,,RPTRMLNJMHIFFAH38CC
蘆竹區,房地(土地+建物)+車位,桃園縣蘆竹鄉南崁路一段271~300號,28.21,工,,,1020305,土地1建物1車位1,五層,12,住宅大樓(11層含以上有電梯),見其他登記事項,鋼筋混凝土造,0970620,63.1,2,2,1,有,有,有,11600,184,坡道平面,15.56,0,,RPRQMLNJMHIFFEH48CC
平鎮區,房地(土地+建物),桃園縣平鎮市民族路二段211~240號,10.35,住,,,1020331,土地1建物1車位0,一層,14,住宅大樓(11層含以上有電梯),見其他登記事項,鋼筋混凝土造,0930205,96.89,0,0,1,有,無,有,18000,186,,0.0,0,,RPOQMLNJMHIFFGH38CC
中壢區,房地(土地+建物),桃園縣中壢市中山路121~150號,16.61,商,,,1020321,土地1建物1車位0,五層,13,住宅大樓(11層含以上有電梯),見其他登記事項,鋼筋混凝土造,0920408,150.74,0,0,0,無,有,無,33000,219,,0.0,0,,RPUOMLSJMHIFFBH88DC
中壢區,房地(土地+建物)+車位,桃園縣中壢市環西路二段300巷1~30號,14.36,住,,,1020401,土地1建物1車位1,五層,15,住宅大樓(11層含以上有電梯),見其他登記事項,鋼筋混凝土造,1000628,88.35,2,2,1,有,有,有,15500,175,坡道平面,0.0,0,,RPVOMLSJMHIFFBH98DC
中壢區,房地(土地+建物),桃園縣中壢市環北路331~360號,12.14,住,,,1020401,土地1建物1車位0,十層,21,住宅大樓(11層含以上有電梯),住家用,鋼筋混凝土造,0980629,166.22,3,2,2,有,無,有,31500,190,,0.0,0,,RPWOMLSJMHIFFBH09DC
蘆竹區,房地(土地+建物)+車位,桃園縣蘆竹鄉長壽二街1~30號,31.54,其他,,,1020401,土地1建物1車位1,八層,13,住宅大樓(11層含以上有電梯),住家用,鋼筋混凝土造,0840415,143.72,4,2,3,有,有,無,19000,132,坡道平面,38.65,0,,RPOOMLSJMHIFFEH48CC
中壢區,建物,桃園縣中壢市榮安八街31~60號,0.0,住,,,1020329,土地0建物1車位0,一層,10,店面(店鋪),見其他登記事項,鋼筋混凝土造,1010614,131.06,0,0,0,無,無,有,19000,145,,0.0,0,,RPTPMLSJMHIFFBH78CC
中壢區,建物,桃園縣中壢市忠孝路283巷1~30號,0.0,住,,,1020312,土地0建物1車位0,全,2,透天厝,住家用,加強磚造,0661221,105.74,3,2,2,有,無,有,22000,208,,0.0,0,,RPXPMLSJMHIFFBH56CC
桃園區,房地(土地+建物),桃園縣桃園市中埔二街151~180號,17.47,住,,,1020326,土地1建物1車位0,十層,14,住宅大樓(11層含以上有電梯),住家用,鋼筋混凝土造,0840809,114.03999999999999,3,2,2,有,有,有,15000,132,,0.0,0,,RPTRMLSJMHIFFAH88CC
龜山區,房地(土地+建物),桃園縣龜山鄉復興一路301~330號,33.88,住,,,1020331,土地1建物1車位0,全,6,透天厝,見其他登記事項,鋼筋混凝土造,0930521,101.3,0,0,0,無,無,無,68800,679,,0.0,0,,RPPRMLTJMHIFFAH58CC
龜山區,房地(土地+建物),桃園縣龜山鄉萬壽路二段991~1020號,183.0,其他,,,1020401,土地1建物1車位0,一層,2,店面(店鋪),商業用,加強磚造,0451025,86.85,0,0,0,無,無,無,30000,345,,0.0,0,,RPXSMLTJMHIFFAH86CC
龍潭區,房地(土地+建物),桃園縣龍潭鄉百年三街53巷31~60號,70.41,住,鄉村區,乙種建築用地,1020401,土地1建物1車位0,全,4,透天厝,住家用,鋼筋混凝土造,0860626,66.41,4,2,2,有,有,有,15000,226,,0.0,0,,RPWNMLTJMHIFFCH56DC
中壢區,房地(土地+建物),桃園縣中壢市中山東路二段181~210號,69.56,住,,,1020321,土地1建物1車位0,一層,5,店面(店鋪),住商用,鋼筋混凝土造,0790504,76.6,1,1,1,有,無,有,12000,157,,0.0,0,,RPSOMLKKMHIFFBH97DC
中壢區,房地(土地+建物),桃園縣中壢市長樂街96巷1~30號,17.45,住,,,1020329,土地1建物1車位0,二層,4,公寓(5樓含以下無電梯),住家用,鋼筋混凝土造,0690415,66.31,3,2,1,有,無,有,9000,136,,0.0,0,,RPSQMLKKMHIFFBH18DC
桃園區,建物,桃園縣桃園市大興西路二段31~60號,0.0,住,,,1020409,土地0建物1車位1,九層,23,住宅大樓(11層含以上有電梯),住家用,鋼筋混凝土造,0840225,92.79,3,2,1,有,有,有,17000,183,坡道平面,0.0,0,,RPSOMLKKMHIFFAH77CC
蘆竹區,房地(土地+建物),桃園縣蘆竹鄉竹中街61~90號,21.66,住,,,1020409,土地1建物1車位0,八層,13,住宅大樓(11層含以上有電梯),住家用,鋼筋混凝土造,1010831,65.92,2,1,1,有,有,無,12000,182,,0.0,0,,RPVNMLKKMHIFFEH38CC
中壢區,房地(土地+建物),桃園縣中壢市興仁路二段631~660號,79.0,住,,,1020325,土地1建物1車位0,見其他登記事項,3,店面(店鋪),住商用,鋼筋混凝土造,0720906,165.56,6,2,2,有,無,無,20000,121,,0.0,0,,RPWOMLLKMHIFFBH38CC
桃園區,房地(土地+建物),桃園縣桃園市同德11街61~90號,59.65,住,,,1020222,土地1建物1車位0,全,4,透天厝,見其他登記事項,鋼筋混凝土造,0780113,107.6,0,0,0,無,無,無,40000,372,,0.0,0,本案件只租B1~1樓,RPRRMLLKMHIFFAH08CC
龜山區,建物,桃園縣龜山鄉文化二路34巷14弄31~60號,0.0,商,,,1020329,土地0建物1車位0,一層,14,住宅大樓(11層含以上有電梯),見其他登記事項,鋼筋混凝土造,0830912,177.45,2,2,1,有,無,無,33000,186,,0.0,0,,RPOTMLLKMHIFFAH97CC
龍潭區,房地(土地+建物)+車位,桃園縣龍潭鄉百年二街15巷1~30號,37.09,住,鄉村區,乙種建築用地,1020410,土地2建物3車位1,十四層,14,住宅大樓(11層含以上有電梯),住家用,鋼筋混凝土造,0860130,157.35999999999999,3,1,2,有,有,無,9360,59,坡道平面,40.33,0,,RPWNMLLKMHIFFCH38CC
桃園區,房地(土地+建物),桃園縣桃園市中正路1081~1110號,13.17,住,,,1020406,土地1建物1車位0,十一層,14,住宅大樓(11層含以上有電梯),住家用,鋼筋混凝土造,0930727,120.07,3,2,2,有,無,有,19000,158,,0.0,0,,RPVRMLLKMHIFFAH58DC
平鎮區,房地(土地+建物),桃園縣平鎮市南豐路61~90號,132.89,住,,,1020415,土地1建物1車位0,二層,2,店面(店鋪),住家用,加強磚造,0640908,85.56,0,0,2,無,無,無,52000,608,,0.0,0,,RPTNMLLKMHIFFGH58DC
中壢區,房地(土地+建物),桃園縣中壢市龍岡路三段151~180號,193.05,住,,,1020420,土地2建物1車位0,全,2,透天厝,住家用,磚造,0610821,65.23,0,0,0,無,無,無,25000,383,,0.0,0,,RPSPMLMKMHIFFBH38EC
龍潭區,房地(土地+建物),桃園縣龍潭鄉復興路89巷1~30號,85.0,住,鄉村區,乙種建築用地,1020415,土地1建物1車位0,全,3,透天厝,住家用,加強磚造,0701229,85.2,5,2,2,有,無,無,8000,94,,0.0,0,,RPVNMLMKMHIFFCH48DC
龍潭區,房地(土地+建物),桃園縣龍潭鄉復興路89巷1~30號,85.0,住,鄉村區,乙種建築用地,1020415,土地1建物1車位0,全,3,透天厝,住家用,加強磚造,0701229,85.2,5,2,2,有,無,無,8000,94,,0.0,0,,RPWNMLMKMHIFFCH58DC
蘆竹區,房地(土地+建物),桃園縣蘆竹鄉中正路301~330號,2160.46,住,,,1020401,土地1建物1車位0,十七層,17,住宅大樓(11層含以上有電梯),住家用,鋼筋混凝土造,0910523,28.49,1,1,1,有,無,有,10500,369,,0.0,0,,RPOPMLMKMHIFFEH18DC
龍潭區,房地(土地+建物),桃園縣龍潭鄉百年二街1~30號,29.94,住,鄉村區,乙種建築用地,1020412,土地2建物3車位0,九層,14,住宅大樓(11層含以上有電梯),住家用,鋼筋混凝土造,0860626,161.8,1,1,1,有,有,有,7920,49,,0.0,0,,RPXNMLMKMHIFFCH58CC
桃園區,房地(土地+建物),桃園縣桃園市安東街31~60號,6612.0,住,,,1020329,土地1建物1車位0,三層,6,套房(1房1廳1衛),住家用,鋼筋混凝土造,0690826,33.9,1,0,1,無,有,有,6500,192,,0.0,0,,RPPNMLNKMHIFFAH67CC
桃園區,房地(土地+建物),桃園縣桃園市朝陽街1~30號,2040.0,住,,,1020403,土地1建物1車位0,四層,14,住宅大樓(11層含以上有電梯),見其他登記事項,鋼筋混凝土造,0861117,28.23,1,1,1,有,有,有,8000,283,,0.0,0,,RPQNMLNKMHIFFAH77CC
桃園區,房地(土地+建物),桃園縣桃園市大興西路二段31~60號,5298.0,住,,,1020401,土地1建物1車位0,六層,11,套房(1房1廳1衛),住家用,鋼筋混凝土造,0850713,41.83,1,0,1,無,有,有,9000,215,,0.0,0,,RPSNMLNKMHIFFAH97CC
桃園區,房地(土地+建物),桃園縣桃園市大業路一段61~90號,6742.2,住,,,1020410,土地1建物1車位0,十七層,21,住宅大樓(11層含以上有電梯),住家用,鋼筋混凝土造,0850412,37.4,1,1,1,有,有,有,7500,201,,0.0,0,,RPUNMLNKMHIFFAH18CC
桃園區,房地(土地+建物),桃園縣桃園市大興西路二段1~30號,7724.0,住,,,1020401,土地1建物1車位0,十三層,18,住宅大樓(11層含以上有電梯),住家用,鋼筋混凝土造,0830713,110.61,3,2,2,有,有,有,11000,99,,0.0,0,,RPVNMLNKMHIFFAH28CC
桃園區,房地(土地+建物),桃園縣桃園市莊敬路一段151~180號,1334.0,住,,,1020415,土地1建物1車位0,十一層,13,住宅大樓(11層含以上有電梯),住家用,鋼筋混凝土造,0831223,94.72,3,2,2,有,有,有,12000,127,,0.0,0,,RPXNMLNKMHIFFAH48CC
桃園區,房地(土地+建物)+車位,桃園縣桃園市中正路1081~1110號,4117.0,住,,,1020415,土地1建物1車位1,四層,14,住宅大樓(11層含以上有電梯),住家用,鋼筋混凝土造,0930727,117.01,4,2,2,有,有,有,18000,154,坡道平面,0.0,0,,RPOOMLNKMHIFFAH67CC
桃園區,房地(土地+建物),桃園縣桃園市經國路391~420號,1887.0,住,,,1020410,土地1建物1車位0,六層,16,住宅大樓(11層含以上有電梯),住家用,鋼筋混凝土造,0831026,58.01,2,2,1,有,有,有,11000,190,,0.0,0,,RPPOMLNKMHIFFAH77CC
桃園區,房地(土地+建物),桃園縣桃園市春日路1141~1170號,7.11,住,,,1020410,土地1建物1車位0,七層,20,住宅大樓(11層含以上有電梯),住家用,鋼筋混凝土造,0840808,57.05,1,1,1,有,有,有,7500,131,,0.0,0,續租。,RPVOMLNKMHIFFAH38CC
桃園區,房地(土地+建物),桃園縣桃園市春日路1141~1170號,5.18,住,,,1020413,土地1建物1車位0,十三層,20,住宅大樓(11層含以上有電梯),住家用,鋼筋混凝土造,0840808,41.62,1,1,1,有,無,有,8000,192,,0.0,0,,RPWOMLNKMHIFFAH48CC
蘆竹區,建物,桃園縣蘆竹鄉南山路一段31~60號,11.12,住,,,1020410,土地0建物1車位0,二十層,20,住宅大樓(11層含以上有電梯),住家用,鋼筋混凝土造,0840925,130.17,4,2,2,有,無,無,14000,108,,0.0,0,,RPONNLNKMHIFFEH08CC
蘆竹區,建物,桃園縣蘆竹鄉中山路121~150號,0.0,住,,,1020316,土地0建物1車位0,九層,14,住宅大樓(11層含以上有電梯),住家用,鋼筋混凝土造,0880602,175.3,4,2,2,有,無,有,21591,123,,0.0,0,,RPRPMLPKMHIFFEH68CC
八德區,建物,桃園縣八德市介壽路一段361~390號,0.0,住,,,1020403,土地0建物1車位0,十五層,16,住宅大樓(11層含以上有電梯),住家用,鋼筋混凝土造,0840418,103.0,3,2,2,有,有,無,8500,83,,0.0,0,,RPSNMLPKMHIFFFH68CC
八德區,建物,桃園縣八德市介壽路一段361~390號,0.0,住,,,1020403,土地0建物1車位0,十五層,16,住宅大樓(11層含以上有電梯),住家用,鋼筋混凝土造,0840418,51.6,3,2,2,有,有,無,4500,87,,0.0,0,,RPUNMLPKMHIFFFH88CC
中壢區,建物,桃園縣中壢市長春路241~270號,0.0,住,,,1020327,土地0建物1車位0,一層,10,店面(店鋪),見其他登記事項,鋼筋混凝土造,0880611,103.47,0,0,0,無,有,無,17000,164,,0.0,0,,RPXOMLPKMHIFFBH88CC
中壢區,建物,桃園縣中壢市環北路391~420號,0.0,住,,,1020401,土地0建物1車位0,十七層,22,辦公商業大樓,見其他登記事項,鋼筋混凝土造,0810527,187.21,0,0,0,無,有,無,20000,107,,0.0,0,,RPOPMLPKMHIFFBH08CC
桃園區,建物,桃園縣桃園市縣府路211~240號,0.0,住,,,1020409,土地0建物1車位0,一層,5,公寓(5樓含以下無電梯),住家用,鋼筋混凝土造,0680810,156.66,0,0,2,無,無,無,55000,351,,0.0,0,,RPQOMLPKMHIFFAH18DC
中壢區,建物,桃園縣中壢市普義路151~180號,0.0,住,,,1020412,土地0建物1車位0,二層,12,住宅大樓(11層含以上有電梯),見其他登記事項,鋼筋混凝土造,0860530,436.37,3,0,2,有,有,無,50000,115,,0.0,0,,RPOOMLQKMHIFFBH08CC
中壢區,建物,桃園縣中壢市九和一街31~60號,0.0,商,,,1020321,土地0建物1車位0,十三層,21,住宅大樓(11層含以上有電梯),住家用,鋼筋混凝土造,0950321,119.73,2,1,1,有,有,無,18000,150,,0.0,0,,RPXPMLQKMHIFFBH09CC
蘆竹區,房地(土地+建物),桃園縣蘆竹鄉奉化路258巷31~60號,13.42,住,,,1020405,土地1建物1車位0,四層,13,住宅大樓(11層含以上有電梯),住家用,鋼筋混凝土造,0950218,88.29,2,1,1,有,有,有,13000,147,,0.0,0,,RPTNMLQKMHIFFEH78CC
桃園區,建物,桃園縣桃園市力行路1~30號,0.0,商,,,1020328,土地0建物1車位0,八層,16,辦公商業大樓,見其他登記事項,鋼筋混凝土造,0800430,226.74,0,0,0,無,有,無,16500,73,,0.0,0,,RPPPMLQKMHIFFAH18CC
桃園區,房地(土地+建物),桃園縣桃園市大有路421~450號,0.0,住,,,1020409,土地1建物1車位0,見其他登記事項,6,店面(店鋪),住家用,鋼筋混凝土造,0940414,283.12,0,2,2,有,無,無,45000,159,,0.0,0,,RPTRMLRKMHIFFAH88CC
中壢區,房地(土地+建物)+車位,桃園縣中壢市環西路300巷1~30號,14.36,住,,,1020401,土地1建物1車位1,五層,15,住宅大樓(11層含以上有電梯),見其他登記事項,鋼筋混凝土造,1000628,88.35,2,2,1,有,無,有,15500,175,坡道平面,0.0,0,,RPSPMLRKMHIFFBH78DC
中壢區,房地(土地+建物),桃園縣中壢市環北路331~360號,12.14,住,,,1020401,土地1建物1車位0,十層,21,住宅大樓(11層含以上有電梯),住家用,鋼筋混凝土造,0980629,166.22,3,2,2,有,有,有,31500,190,,0.0,0,,RPTPMLRKMHIFFBH88DC
蘆竹區,房地(土地+建物)+車位,桃園縣蘆竹鄉上竹四街31~60號,35.7,住,,,1020615,土地1建物1車位1,二層,12,住宅大樓(11層含以上有電梯),住家用,鋼筋混凝土造,1010831,206.61,4,2,2,有,有,有,20000,97,坡道平面,0.0,0,,RPUOMLRKMHIFFEH56DC
桃園區,房地(土地+建物),桃園縣桃園市國豐六街211~240號,25.33,住,,,1020401,土地1建物1車位0,一層,8,店面(店鋪),見其他登記事項,鋼筋混凝土造,0830413,131.97,0,0,1,有,無,無,10000,76,,0.0,0,,RPRNMLSKMHIFFAH48DC
蘆竹區,建物,桃園縣蘆竹鄉南山路一段31~60號,9.67,住,,,1020414,土地0建物1車位0,十層,20,住宅大樓(11層含以上有電梯),住家用,鋼筋混凝土造,0840925,109.23,3,2,2,有,有,無,10000,92,,0.0,0,,RPTPMLSKMHIFFEH56CC
中壢區,房地(土地+建物)+車位,桃園縣中壢市文智路121~150號,3967.0,其他,,,1020401,土地1建物1車位1,六層,12,住宅大樓(11層含以上有電梯),見其他登記事項,鋼筋混凝土造,1000601,265.78,3,2,2,有,無,有,30000,113,坡道平面,0.0,0,,RPORMLSKMHIFFBH58CC
中壢區,房地(土地+建物),桃園縣中壢市環中東路151巷1~30號,97.8,其他,,,1020515,土地2建物1車位0,全,3,透天厝,住家用,加強磚造,0700731,87.76,3,2,2,有,無,無,16000,182,,0.0,0,,RPWQMLTKMHIFFBH76CC
中壢區,建物,桃園縣中壢市中北路二段211~240號,0.0,,,,1020413,土地0建物1車位0,三層,14,住宅大樓(11層含以上有電梯),住家用,鋼筋混凝土造,0910404,106.47,4,2,2,有,有,有,20000,188,,0.0,0,,RPQSMLTKMHIFFBH98CC
八德區,房地(土地+建物),桃園縣八德市桃德路121~150號,91.12,住,,,1020320,土地1建物1車位0,全,3,透天厝,見其他登記事項,鋼筋混凝土造,0780930,269.17,4,2,3,有,無,無,21000,78,,0.0,0,,RPWNMLTKMHIFFFH86CC
桃園區,房地(土地+建物),桃園縣桃園市天祥三街1~30號,28.89,其他,,,1030403,土地1建物1車位0,三層,13,住宅大樓(11層含以上有電梯),住家用,鋼筋混凝土造,0941201,158.96,3,2,2,有,有,有,16000,101,,0.0,0,,RPPOMLTKMHIFFAH48DC
楊梅區,建物,桃園縣楊梅鎮青年路3巷1~30號,78.56,,,,1020415,土地0建物0車位0,全,4,透天厝,見其他登記事項,鋼筋混凝土造,0830614,229.38,5,5,3,有,無,無,13000,57,,0.0,0,,RPXOMLMLMHIFFDH88CC
中壢區,建物,桃園縣中壢市元化路1~30號,0.0,,,,1020415,土地0建物1車位0,一層,2,店面(店鋪),住家用,加強磚造,0560510,87.77,0,0,0,無,無,無,33000,376,,0.0,0,,RPXOMLMLMHIFFBH68CC
中壢區,房地(土地+建物)+車位,桃園縣中壢市三光路151~180號,11.71,住,,,1020416,土地1建物1車位1,一層,14,住宅大樓(11層含以上有電梯),住商用,鋼筋混凝土造,0960125,109.39000000000001,3,2,1,有,有,有,15500,142,坡道平面,14.75,0,,RPPPMLMLMHIFFBH97CC
龜山區,建物,桃園縣龜山鄉萬壽路ㄧ段391~420號,0.0,住,,,1020414,土地0建物1車位0,一層,19,住宅大樓(11層含以上有電梯),商業用,鋼筋混凝土造,0840126,149.69,0,1,1,有,有,無,40000,267,,0.0,0,,RPRSMLMLMHIFFAH38CC
蘆竹區,房地(土地+建物)+車位,桃園縣蘆竹鄉南崁路一段91~120號,17.55,其他,,,1020501,土地1建物1車位1,九層,15,住宅大樓(11層含以上有電梯),住家用,鋼筋混凝土造,0950116,132.46,3,2,2,有,無,有,25000,189,坡道平面,0.0,0,,RPWNMLNLMHIFFEH88CC
楊梅區,房地(土地+建物),桃園縣楊梅鎮福德街87巷4弄31~60號,72.0,住,,,1020422,土地1建物1車位0,全,3,透天厝,住家用,鋼筋混凝土造,0781213,132.69,4,2,3,有,無,無,11500,87,,0.0,0,,RPUNMLNLMHIFFDH58CC
八德區,房地(土地+建物),桃園縣八德市桃鶯路宏福巷31~60號,33.55,,鄉村區,乙種建築用地,1020421,土地1建物1車位0,二層,7,華廈(10層含以下有電梯),住家用,鋼筋混凝土造,0840612,103.77,3,2,2,有,無,有,9500,92,,0.0,0,,RPQNMLNLMHIFFFH58EC
桃園區,房地(土地+建物),桃園縣桃園市民有十一街91~120號,34.89,住,,,1020501,土地4建物1車位0,一層,6,華廈(10層含以下有電梯),住家用,鋼筋混凝土造,0810811,119.67,3,2,2,有,無,無,17000,142,,0.0,0,,RPSPMLNLMHIFFAH48EC
蘆竹區,建物,桃園縣蘆竹鄉福祿一街181~210號,23.32,住,,,1020331,土地0建物1車位0,六層,9,華廈(10層含以下有電梯),住家用,鋼筋混凝土造,0880312,85.52,3,2,2,有,有,有,15000,175,,0.0,0,,RPVOMLOLMHIFFEH56EC
龜山區,建物,桃園縣龜山鄉光峰路千禧新城31~60號,27.3,,,,1020501,土地0建物1車位0,六層,14,住宅大樓(11層含以上有電梯),國民住宅,鋼筋混凝土造,0920821,102.59,3,2,1,有,有,有,12000,117,,0.0,0,,RPXTMLOLMHIFFAH76DC
中壢區,土地,青平段121~150地號,2120.03,其他,,,1020401,土地1建物0車位0,,,其他,,,,0.0,0,0,0,有,無,無,228900,108,,0.0,0,,RPVRMLOLMHIFFBH09DC
桃園區,建物,桃園縣桃園市大興西路一段301~330號,5762.0,,,,1020405,土地0建物1車位0,六層,17,住宅大樓(11層含以上有電梯),住家用,鋼筋混凝土造,0860701,75.0,2,2,2,有,有,有,8000,107,,0.0,0,,RPOPMLOLMHIFFAH97CC
桃園區,建物,桃園縣桃園市新埔六街61~90號,0.0,,,,1020501,土地0建物1車位0,一層,15,住宅大樓(11層含以上有電梯),住商用,鋼筋混凝土造,0960725,137.62,0,0,0,無,有,無,50000,363,,0.0,0,,RPPPMLOLMHIFFAH08CC
桃園區,建物,桃園縣桃園市中正路781~810號,11.95,住,,,1020401,土地0建物1車位1,十五層,20,住宅大樓(11層含以上有電梯),住家用,鋼筋混凝土造,0860605,131.24,3,2,2,有,有,無,15000,114,坡道平面,41.31,0,,RPQPMLOLMHIFFAH18CC
桃園區,房地(土地+建物),桃園縣桃園市大有路511~540號,10213.57,住,,,1020416,土地1建物1車位0,七層,19,住宅大樓(11層含以上有電梯),住家用,鋼筋混凝土造,0840419,67.32,2,1,1,有,有,有,11700,174,,0.0,0,,RPVNMLPLMHIFFAH58CC
桃園區,房地(土地+建物),桃園縣桃園市民有東路23巷1~30號,4319.59,住,,,1020423,土地1建物1車位0,七層,12,住宅大樓(11層含以上有電梯),住家用,鋼筋混凝土造,0880205,94.67,3,2,2,有,有,有,13000,137,,0.0,0,,RPSOMLPLMHIFFAH38CC
桃園區,房地(土地+建物),桃園縣桃園市民光東路181~210號,4138.0,住,,,1020405,土地1建物1車位0,六層,14,住宅大樓(11層含以上有電梯),住家用,鋼筋混凝土造,0920918,84.94,3,2,2,有,有,無,11800,139,,0.0,0,,RPVOMLPLMHIFFAH68CC
桃園區,房地(土地+建物),桃園縣桃園市大有路652巷1~30號,5433.08,住,,,1020410,土地1建物1車位0,十一層,17,住宅大樓(11層含以上有電梯),住家用,鋼筋混凝土造,0860901,74.31,2,2,2,有,有,有,12500,168,,0.0,0,,RPXOMLPLMHIFFAH88CC
桃園區,房地(土地+建物),桃園縣桃園市中華路1~30號,3837.0,住,,,1020415,土地1建物1車位0,十三層,17,套房(1房1廳1衛),見其他登記事項,鋼筋混凝土造,0861224,34.48,1,0,1,無,有,有,10000,290,,0.0,0,,RPOPMLPLMHIFFAH08CC
龜山區,房地(土地+建物),桃園縣龜山鄉大湖一路1~30號,46.6,住,,,1020425,土地1建物1車位0,一層,6,店面(店鋪),見其他登記事項,鋼筋混凝土造,0930630,181.14,0,0,0,無,有,無,36200,200,,0.0,0,含增建或未登記建物。,RPUSMLPLMHIFFAH98CC
蘆竹區,建物,桃園縣蘆竹鄉大正街1~30號,0.0,,,,1020415,土地0建物1車位0,八層,15,住宅大樓(11層含以上有電梯),住家用,鋼筋混凝土造,1001202,81.89,3,2,2,有,有,有,17000,208,,0.0,0,,RPXRMLPLMHIFFEH96CC
桃園區,房地(土地+建物)+車位,桃園縣桃園市民有五街61~90號,21.4,住,,,1020501,土地1建物1車位1,九層,12,住宅大樓(11層含以上有電梯),住家用,鋼筋混凝土造,0891128,216.2,3,2,2,有,有,有,21000,98,坡道平面,33.03,0,含裝潢家具冷氣.車位 *1並含管理費。本戶共有2個車位，本約出租附一個車位。,RPPPMLQLMHIFFAH28CC
桃園區,房地(土地+建物)+車位,桃園縣桃園市新埔七街91~120號,26.87,住,,,1030510,土地1建物1車位1,四層,9,華廈(10層含以下有電梯),住家用,加強磚造,0640529,173.45,4,2,2,有,有,無,25000,144,坡道平面,0.0,0,,RPUPMLQLMHIFFAH78CC
桃園區,房地(土地+建物)+車位,桃園縣桃園市永安路403巷1~30號,9.92,住,,,1020327,土地1建物1車位1,十層,10,華廈(10層含以下有電梯),住家用,鋼筋混凝土造,0890203,58.91,1,1,1,有,無,有,12000,204,坡道平面,0.0,0,,RPWPMLQLMHIFFAH98CC
桃園區,建物,桃園縣桃園市國聖一街121~150號,20.63,住,,,1020408,土地0建物1車位0,一層,14,住宅大樓(11層含以上有電梯),商業用,鋼筋混凝土造,0870519,110.92,0,1,1,有,有,無,28000,252,,0.0,0,,RPWSMLQLMHIFFAH66CC
中壢區,房地(土地+建物),桃園縣中壢市中光路61~90號,2.0,商,,,1020409,土地1建物1車位0,全,2,透天厝,商業用,加強磚造,0531001,97.38,1,1,2,有,無,無,15000,154,,0.0,0,,RPTNMLQLMHIFFBH68DC
桃園區,房地(土地+建物),桃園縣桃園市吉昌街91~120號,1502.69,住,,,1020401,土地1建物1車位0,七層,12,住宅大樓(11層含以上有電梯),住家用,鋼筋混凝土造,0851223,104.18,3,2,2,有,無,有,13000,125,,0.0,0,,RPXNMLQLMHIFFAH98DC
桃園區,房地(土地+建物),桃園縣桃園市莊一街121~150號,9760.0,商,,,1020401,土地1建物1車位0,一層,4,店面(店鋪),見其他登記事項,鋼筋混凝土造,0950407,354.68,0,0,0,無,無,有,30000,85,,0.0,0,,RPQPMLQLMHIFFAH48DC
桃園區,房地(土地+建物)+車位,桃園縣桃園市國鼎二街1~30號,77.16,其他,,,1020424,土地1建物1車位2,一層,21,住宅大樓(11層含以上有電梯),商業用,鋼筋混凝土造,0971121,423.09,0,0,1,無,有,無,120000,284,坡道平面,57.64,0,,RPTQMLQLMHIFFAH88DC
桃園區,房地(土地+建物)+車位,桃園縣桃園市永安路181~210號,18.41,其他,,,1020423,土地2建物1車位1,五層,17,住宅大樓(11層含以上有電梯),見其他登記事項,鋼筋混凝土造,0810129,168.25,0,0,0,無,有,無,19500,116,坡道平面,30.47,0,,RPPRMLQLMHIFFAH58DC
中壢區,建物,桃園縣中壢市九和二街1~30號,25.24,,,,1020401,土地0建物1車位0,九層,15,住宅大樓(11層含以上有電梯),住家用,鋼筋混凝土造,0870804,110.73,3,2,2,有,有,有,16000,144,,0.0,0,,RPXQMLQLMHIFFBH86EC
中壢區,房地(土地+建物),桃園縣中壢市中山東路一段165巷31~60號,99.22,住,,,1020415,土地1建物1車位0,全,3,透天厝,住家用,加強磚造,0680125,89.28,5,2,2,有,無,無,15500,174,,0.0,0,,RPTOMLRLMHIFFBH88DC
蘆竹區,房地(土地+建物),桃園縣蘆竹鄉忠孝西路151~180號,22.31,住,,,1020501,土地1建物1車位0,一層,13,店面(店鋪),見其他登記事項,鋼筋混凝土造,1010618,62.97,0,1,1,有,有,無,50000,794,,0.0,0,,RPPNMLSLMHIFFEH68CC
八德區,房地(土地+建物),桃園縣八德市前程街1~30號,14.13,住,,,1020222,土地1建物1車位0,一層,16,住宅大樓(11層含以上有電梯),商業用,鋼筋混凝土造,0840418,114.37,0,0,1,有,無,有,10000,87,,0.0,0,,RPQOMLTLMHIFFFH66EC
八德區,房地(土地+建物),桃園縣八德市和平路691~720號,271.24,其他,特定農業區,丁種建築用地,1020430,土地1建物1車位0,一層,1,廠辦,見其他登記事項,見其他登記事項,0820908,183.75,0,0,0,無,無,無,33000,180,,0.0,0,,RPRPMLKMMHIFFFH48CC
八德區,房地(土地+建物)+車位,桃園縣八德市忠勇街211~240號,26.0,住,,,1020428,土地1建物1車位1,七層,7,華廈(10層含以下有電梯),住家用,鋼筋混凝土造,0870704,113.47,3,2,2,有,有,有,12000,106,坡道平面,0.0,0,租金含管理費1500元,RPRRMLKMMHIFFFH68CC
中壢區,建物,桃園縣中壢市健行路211~240號,5.6,住,,,1020401,土地0建物1車位0,三層,5,套房(1房1廳1衛),見其他登記事項,鋼筋混凝土造,1000715,16.52,1,0,1,有,無,有,5800,351,,0.0,0,,RPTPMLKMMHIFFBH28CC
中壢區,建物,桃園縣中壢市健行路211~240號,5.6,住,,,1020420,土地0建物1車位0,四層,5,套房(1房1廳1衛),見其他登記事項,鋼筋混凝土造,1000715,16.52,1,0,1,有,無,有,5800,351,,0.0,0,,RPUPMLKMMHIFFBH38CC
桃園區,房地(土地+建物),桃園縣桃園市介壽路1~30號,10.27,住,,,1020403,土地1建物1車位0,六層,14,住宅大樓(11層含以上有電梯),住家用,鋼筋混凝土造,0920728,66.95,2,2,1,有,有,有,11000,164,,0.0,0,,RPQNMLKMMHIFFAH67CC
龜山區,房地(土地+建物)+車位,桃園縣龜山鄉中興路31~60號,13.24,其他,,,1020410,土地1建物1車位1,十二層,13,住宅大樓(11層含以上有電梯),住家用,鋼筋混凝土造,0980924,79.57,2,1,1,有,有,有,12000,151,坡道平面,15.43,0,,RPQWMLKMMHIFFAH58CC
