﻿編號,屋齡,建物移轉面積平方公尺,主要用途,主要建材,建築完成日期,總層數,建物分層
The serial number,room age,building shifting area square meter,the main use,main building materials,construction completes the date,total layer,building lamination
RPPNMLQJKHIFFBQ58DA,19,83.05,住家用,鋼筋混凝土造,82年12月7日,五層,二層
RPRNMLMLKHIFFDQ78DA,,179.43,見其他登記事項,鋼筋混凝土造,101年11月19日,四層,一層 二層 三層 四層
RPXNMLPJKHIFFDQ76CA,34,88.00,住家用,鋼筋混凝土加強磚造,67年7月10日,二層,一層 二層
RPSNMLOJKHIFFDQ88DA,32,108.64,住商用,鋼筋混凝土加強磚造,69年8月20日,二層,二層 一層
RPSOMLPJKHIFFDQ09DA,14,88.09,見其他登記事項,鋼筋混凝土造,88年5月31日,五層,
RPUNMLRJKHIFFDQ76DA,31,105.04,住家用,鋼筋混凝土加強磚造,71年2月28日,二層,一層 二層 騎樓
RPWNMLOJKHIFFBQ09DA,19,135.89,住商用,鋼筋混凝土造,83年3月8日,三層,一層 二層 三層
RPQNMLSJKHIFFBQ78CA,29,124.07,住家用,鋼筋混凝土加強磚造,73年3月27日,二層,一層 二層 騎樓
RPRNMLKLKHIFFDQ58DA,5,210.66,見其他登記事項,鋼筋混凝土造,96年8月22日,四層,一層 二層 三層 四層
RPQOMLRJKHIFFDQ98CA,14,132.56,見其他登記事項,鋼筋混凝土造,88年5月31日,三層,
RPUNMLQJKHIFFDQ56CA,,164.13,見其他登記事項,鋼筋混凝土造,101年11月22日,三層,一層 二層 三層 見其他登記事項
RPQNMLQJKHIFFDQ78CA,,162.92,見其他登記事項,鋼筋混凝土造,101年11月22日,三層,一層 二層 三層 見其他登記事項
RPOOMLRJKHIFFDQ88DA,6,164.19,見其他登記事項,鋼筋混凝土造,96年1月17日,三層,一層 二層 三層 見其他登記事項
RPPOMLPJKHIFFDQ68CA,1,148.90,住家用,鋼筋混凝土造,101年3月16日,三層,一層 二層 三層
RPROMLRJKHIFFDQ09CA,6,.65,見其他登記事項,鋼筋混凝土造,95年7月18日,三層,
RPROMLRJKHIFFDQ09CA,6,.27,見其他登記事項,鋼筋混凝土造,95年7月18日,一層,
RPROMLRJKHIFFDQ09CA,6,.48,見其他登記事項,鋼筋混凝土造,95年7月18日,四層,
RPROMLRJKHIFFDQ09CA,,272.68,集合住宅,鋼筋混凝土造,101年8月29日,四層,一層 二層 三層 四層
RPWNMLQJKHIFFDQ76CA,33,87.08,住家用,鋼筋混凝土加強磚造,68年10月1日,二層,一層 二層
RPSNMLRJKHIFFBQ88CA,7,24.89,住家用,鋼筋混凝土造,94年10月3日,十層,四層
RPSNMLRJKHIFFBQ88CA,7,.14,見其他登記事項,鋼筋混凝土造,94年10月3日,十層,
RPSNMLRJKHIFFBQ88CA,7,11.75,見其他登記事項,鋼筋混凝土造,94年10月3日,十層,
RPPNMLKLKHIFFBQ18DA,9,199.77,住商用,鋼筋混凝土造,93年5月28日,四層,一層 二層 三層 四層
RPVNMLQJKHIFFDQ86EA,2,152.86,住家用,鋼筋混凝土造,99年10月11日,三層,一層 二層 三層
RPTNMLQLKHIFFDQ66CA,7,164.20,見其他登記事項,鋼筋混凝土造,94年7月19日,三層,一層 二層 三層
RPPNMLMJLHIFFDQ38CA,32,95.68,住家用,鋼筋混凝土加強磚造,69年8月13日,二層,一層 二層
RPRNMLRLKHIFFDQ66DA,4,159.21,見其他登記事項,鋼筋混凝土造,97年9月3日,三層,一層 二層 三層
RPPNMLSLKHIFFDQ09CA,19,33.00,見其他登記事項,鋼筋混凝土造,82年10月6日,九層,四層
RPSOMLSJKHIFFDQ66CA,,221.92,集合住宅,鋼筋混凝土造,101年8月29日,四層,一層 二層 三層 四層
RPSOMLSJKHIFFDQ66CA,6,.65,見其他登記事項,鋼筋混凝土造,95年7月18日,三層,
RPSOMLSJKHIFFDQ66CA,6,.27,見其他登記事項,鋼筋混凝土造,95年7月18日,一層,
RPSOMLSJKHIFFDQ66CA,6,.48,見其他登記事項,鋼筋混凝土造,95年7月18日,四層,
RPSOMLRJKHIFFDQ56CA,6,.65,見其他登記事項,鋼筋混凝土造,95年7月18日,三層,
RPSOMLRJKHIFFDQ56CA,6,.27,見其他登記事項,鋼筋混凝土造,95年7月18日,一層,
RPSOMLRJKHIFFDQ56CA,6,.48,見其他登記事項,鋼筋混凝土造,95年7月18日,四層,
RPSOMLRJKHIFFDQ56CA,,223.44,集合住宅,鋼筋混凝土造,101年8月29日,四層,一層 二層 三層 四層
RPVNMLLJLHIFFCQ98EA,1,203.26,住家用,鋼筋混凝土造,101年6月28日,三層,一層 二層 三層
RPWOMLQJKHIFFDQ86CA,19,168.16,見其他登記事項,鋼筋混凝土造,82年10月6日,九層,一層 二層 騎樓 地下層
RPWOMLQJKHIFFDQ86CA,19,21.29,見其他登記事項,鋼筋混凝土造,82年10月6日,九層,
RPWOMLQJKHIFFDQ86CA,19,26.23,見其他登記事項,鋼筋混凝土造,82年10月6日,9,
RPUOMLRJKHIFFDQ76CA,,221.92,集合住宅,鋼筋混凝土造,101年8月29日,四層,一層 二層 三層 四層
RPUOMLRJKHIFFDQ76CA,6,.65,見其他登記事項,鋼筋混凝土造,95年7月18日,三層,
RPUOMLRJKHIFFDQ76CA,6,.27,見其他登記事項,鋼筋混凝土造,95年7月18日,一層,
RPUOMLRJKHIFFDQ76CA,6,.48,見其他登記事項,鋼筋混凝土造,95年7月18日,四層,
RPUNMLLJLHIFFCQ88EA,33,225.00,見其他登記事項,見其他登記事項,68年12月19日,一層,一層
RPUNMLLJLHIFFCQ88EA,33,23.80,見其他登記事項,見其他登記事項,68年12月19日,一層,一層
RPUNMLLJLHIFFCQ88EA,33,3950.46,見其他登記事項,見其他登記事項,68年12月19日,一層,一層
RPQNMLSJKHIFFCQ88CA,18,84.14,見其他登記事項,鋼筋混凝土造,84年1月25日,五層,四層
RPQNMLSJKHIFFCQ88CA,18,7.55,共有部分,鋼筋混凝土造,84年1月25日,五層,
RPPOMLSJKHIFFCQ88CA,6,21.15,見其他登記事項,鋼筋混凝土造,96年6月23日,五層,二層
RPPOMLSJKHIFFCQ88CA,6,7.03,見其他登記事項,鋼筋混凝土造,96年6月23日,五層,
RPVOMLRJKHIFFDQ86CA,,198.30,集合住宅,鋼筋混凝土造,101年8月29日,四層,一層 二層 三層 四層
RPVOMLRJKHIFFDQ86CA,6,.65,見其他登記事項,鋼筋混凝土造,95年7月18日,三層,
RPVOMLRJKHIFFDQ86CA,6,.27,見其他登記事項,鋼筋混凝土造,95年7月18日,一層,
RPVOMLRJKHIFFDQ86CA,6,.48,見其他登記事項,鋼筋混凝土造,95年7月18日,四層,
RPRNMLQJKHIFFBQ68CA,28,157.29,住家用,鋼筋混凝土加強磚造,74年6月6日,三層,一層 二層 三層 騎樓
RPVNMLSLKHIFFDQ07CA,35,91.34,住家用,鋼筋混凝土加強磚造,67年3月10日,二層,一層 二層 騎樓
SPUNMLPJLHIFFDQ66CA,19,33.00,見其他登記事項,鋼筋混凝土造,82年10月6日,九層,九層
SPUNMLPJLHIFFDQ66CA,19,1.95,見其他登記事項,鋼筋混凝土造,82年10月6日,九層,
SPUNMLPJLHIFFDQ66CA,19,8.94,見其他登記事項,鋼筋混凝土造,82年10月6日,九層,
SPUNMLPJLHIFFDQ66CA,19,5.20,見其他登記事項,鋼筋混凝土造,82年10月6日,9,
RPUNMLPJLHIFFDQ56CA,19,32.58,見其他登記事項,鋼筋混凝土造,82年10月6日,九層,九層
RPUNMLPJLHIFFDQ56CA,19,1.95,見其他登記事項,鋼筋混凝土造,82年10月6日,九層,
RPUNMLPJLHIFFDQ56CA,19,8.94,見其他登記事項,鋼筋混凝土造,82年10月6日,九層,
RPUNMLPJLHIFFDQ56CA,19,4.98,見其他登記事項,鋼筋混凝土造,82年10月6日,9,
RPWNMLPJLHIFFCQ66CA,31,95.35,住家用,鋼筋混凝土加強磚造,71年2月27日,二層,一層 二層
RPPNMLTKKHIFFCQ56EA,18,166.23,住家用,鋼筋混凝土造,83年9月13日,四層,一層 二層 三層 四層
RPPNMLSKKHIFFCQ98DA,19,192.87,住商用,鋼筋混凝土加強磚造,83年2月1日,四層,三層 四層 電梯樓梯間 一層 二層
RPQNMLTKKHIFFDQ66DA,19,209.52,住家用,鋼筋混凝土造,82年11月22日,三層,一層 二層 三層 夾層
RPUNMLSJKHIFFBQ56CA,16,90.00,住家用,鋼筋混凝土造,85年8月15日,十四層,十三層
RPSNMLLKLHIFFCQ58CA,,227.10,見其他登記事項,鋼筋混凝土造,101年10月23日,四層,一層 四層 二層 三層
RPRNMLLKLHIFFCQ48CA,,227.10,見其他登記事項,鋼筋混凝土造,101年10月23日,四層,一層 二層 三層 四層
RPUNMLMLKHIFFDQ98CA,,192.76,見其他登記事項,鋼筋混凝土造,101年11月22日,三層,三層 見其他登記事項 一層 二層
RPVNMLMLKHIFFDQ09CA,,164.13,見其他登記事項,鋼筋混凝土造,101年11月22日,三層,一層 二層 三層 見其他登記事項
RPPNMLQLKHIFFDQ88CA,7,174.35,住家用,鋼筋混凝土造,95年5月22日,四層,一層 二層 三層 四層
RPQNMLNLKHIFFBQ58DA,13,162.30,住家用,鋼筋混凝土造,88年12月29日,三層,二層 三層 一層 夾層
RPUNMLSLKHIFFDQ96CA,20,132.75,住商用,鋼筋混凝土造,81年12月21日,二層,一層 二層
RPSNMLPLKHIFFCQ98CA,33,100.10,住家用,鋼筋混凝土加強磚造,69年4月30日,二層,一層 二層 騎樓
RPPNMLQLKHIFFCQ78CA,18,150.81,住家用,鋼筋混凝土造,84年2月17日,三層,一層 二層 三層 電梯樓梯間
RPRNMLPLKHIFFCQ88CA,31,115.13,住家用,鋼筋混凝土加強磚造,70年12月14日,二層,
RPTNMLPKLHIFFEQ66CA,20,106.31,住家用,鋼筋混凝土造,82年4月1日,十八層,十七層
RPTNMLPKLHIFFEQ66CA,20,19.81,見其他登記事項,鋼筋混凝土造,82年4月1日,十八層,
RPTNMLPKLHIFFEQ66CA,20,5.61,見其他登記事項,鋼筋混凝土造,82年4月1日,,
RPQNMLOJLHIFFDQ78DA,37,101.31,住家用,木造,65年7月20日,一層,一層 騎樓
RPQNMLNLKHIFFCQ78EA,18,25.18,住家用,鋼筋混凝土造,84年2月28日,五層,三層
RPTNMLOKLHIFFCQ98CA,31,94.60,住家用,鋼筋混凝土加強磚造,71年3月6日,二層,一層 二層
RPRNMLRLKHIFFBQ09DA,18,41.78,住商用,鋼筋混凝土造,83年7月26日,三層,騎樓 一層 三層 二層
RPRNMLRLKHIFFBQ09DA,18,54.90,住商用,鋼筋混凝土造,83年7月26日,三層,一層 二層 三層 騎樓
RPRNMLRLKHIFFBQ09DA,18,54.90,住商用,鋼筋混凝土造,83年7月26日,三層,一層 騎樓 二層 三層
RPRNMLRLKHIFFBQ09DA,18,13.21,住商用,鋼筋混凝土造,83年7月26日,三層,二層 三層 騎樓 一層
RPSNMLQLKHIFFBQ98CA,31,77.18,住商用,鋼筋混凝土加強磚造,70年12月28日,三層,一層 二層 三層 騎樓
RPSNMLQLKHIFFBQ98CA,31,77.18,住商用,鋼筋混凝土加強磚造,70年12月28日,三層,三層 騎樓 一層 二層
RPPNMLPLKHIFFBQ58CA,17,233.16,見其他登記事項,磚造,84年11月17日,一層,一層 見其他登記事項
RPPNMLPLKHIFFBQ58CA,17,201.00,見其他登記事項,磚造,84年11月17日,一層,一層
RPPNMLPLKHIFFBQ58CA,17,201.00,見其他登記事項,磚造,84年11月17日,一層,一層
RPPNMLPLKHIFFBQ58CA,17,201.00,見其他登記事項,磚造,84年11月17日,一層,一層
RPPNMLPLKHIFFBQ58CA,17,204.00,見其他登記事項,磚造,84年11月17日,一層,一層
RPPNMLPLKHIFFBQ58CA,17,201.00,見其他登記事項,磚造,84年11月17日,一層,一層
RPPNMLPLKHIFFBQ58CA,17,201.00,見其他登記事項,磚造,84年11月17日,一層,一層
RPPNMLPLKHIFFBQ58CA,17,201.00,見其他登記事項,磚造,84年11月17日,一層,一層
RPPNMLPLKHIFFBQ58CA,17,239.59,見其他登記事項,磚造,84年11月17日,一層,一層 見其他登記事項
RPPNMLPLKHIFFBQ58CA,17,201.00,見其他登記事項,磚造,84年11月17日,一層,一層
RPPNMLPLKHIFFBQ58CA,17,201.00,見其他登記事項,磚造,84年11月17日,一層,一層
RPPNMLPLKHIFFBQ58CA,17,201.00,見其他登記事項,磚造,84年11月17日,一層,一層
RPPNMLPLKHIFFBQ58CA,17,201.00,見其他登記事項,磚造,84年11月17日,一層,一層
RPPNMLPLKHIFFBQ58CA,17,204.00,見其他登記事項,磚造,84年11月17日,一層,一層
RPPNMLPLKHIFFBQ58CA,17,201.00,見其他登記事項,磚造,84年11月17日,一層,一層
RPPNMLPLKHIFFBQ58CA,17,201.00,見其他登記事項,磚造,84年11月17日,一層,一層
RPPNMLPLKHIFFBQ58CA,17,201.00,見其他登記事項,磚造,84年11月17日,一層,一層
RPPNMLPLKHIFFBQ58CA,17,201.00,見其他登記事項,磚造,84年11月17日,一層,一層
RPPOMLMKLHIFFDQ58CA,32,103.75,住家用,鋼筋混凝土加強磚造,69年11月14日,二層,一層 二層 騎樓
RPQNMLPJLHIFFBQ58CA,5,198.51,住家用,鋼筋混凝土造,96年9月17日,四層,一層 二層 三層 四層
RPQNMLQLKHIFFDQ98CA,5,250.30,住商用,鋼筋混凝土造,97年7月4日,四層,一層 二層 三層 四層
RPPNMLQJLHIFFDQ78CA,16,179.01,住商用,鋼筋混凝土造,86年3月31日,四層,三層 四層 一層 二層
RPPNMLLJLHIFFCQ18CA,21,184.80,農舍,鋼筋混凝土加強磚造,80年11月28日,二層,一層 二層
RPTNMLLLLHIFFDQ09EA,7,169.36,見其他登記事項,鋼筋混凝土造,94年12月9日,一層,一層
RPQNMLRLKHIFFCQ98CA,18,118.18,住家用,鋼筋混凝土造,83年10月4日,五層,四層
RPQNMLRLKHIFFCQ98CA,18,16.53,共有部分,鋼筋混凝土造,83年10月4日,五層,
RPPNMLPJLHIFFCQ58CA,23,968.17,農舍,鋼造,79年3月10日,一層,一層
RPRNMLSJLHIFFCQ09CA,32,98.10,住家用,鋼筋混凝土加強磚造,70年2月1日,二層,一層 二層
RPUNMLNKLHIFFBQ88CA,9,194.28,見其他登記事項,鋼筋混凝土造,93年3月26日,四層,一層 二層 三層 四層
RPPNMLPJLHIFFDQ78DA,33,102.18,住家用,鋼筋混凝土加強磚造,68年9月1日,二層,一層 二層 騎樓
RPTNMLLJLHIFFCQ78EA,21,167.74,住商用,鋼筋混凝土造,81年6月24日,三層,一層 二層 三層 電梯樓梯間
RPPNMLRJLHIFFDQ98DA,,175.91,見其他登記事項,鋼筋混凝土造,101年11月19日,四層,二層 三層 四層 一層
RPSNMLTKLHIFFCQ76CA,33,54.83,住家用,鋼筋混凝土加強磚造,69年7月1日,一層,一層
RPRNMLPJLHIFFCQ78CA,20,186.43,住商用,鋼筋混凝土造,82年5月31日,四層,一層 二層 三層 四層 騎樓
RPRNMLOJLHIFFDQ78CA,18,82.44,住家用,鋼筋混凝土造,83年9月26日,三層,一層 二層 三層
RPRNMLOJLHIFFDQ78CA,18,82.44,住家用,鋼筋混凝土造,83年9月26日,三層,一層 二層 三層
RPRNMLRJLHIFFDQ09CA,35,88.52,住家用,鋼筋混凝土加強磚造,67年7月10日,二層,一層 二層
RPPNMLNJLHIFFBQ28CA,16,87.82,住家用,鋼筋混凝土造,85年8月15日,十四層,十一層 十二層
RPSNMLOJLHIFFDQ98DA,17,228.55,住商用,鋼筋混凝土造,84年8月30日,四層,二層 三層 一層 四層
RPRNMLKLLHIFFCQ48CA,18,19.32,共有部分,鋼筋混凝土造,83年8月8日,十一層,
RPRNMLKLLHIFFCQ48CA,18,163.83,住商用,鋼筋混凝土造,83年8月8日,十一層,一層 二層 三層 騎樓
RPRNMLKLLHIFFCQ48CA,18,19.30,共有部分,鋼筋混凝土造,83年8月8日,十一層,
RPPNMLRLLHIFFDQ09CA,32,129.12,住家用,鋼筋混凝土造,70年1月21日,二層,一層 二層
RPQNMLSKLHIFFCQ66EA,30,67.70,住家用,鋼筋混凝土加強磚造,72年4月23日,二層,一層 二層
RPUNMLPJLHIFFCQ09CA,31,109.96,住商用,鋼筋混凝土加強磚造,70年10月12日,二層,
RPQNMLNKLHIFFCQ58CA,11,223.02,商業用,鋼筋混凝土造,90年8月21日,三層,一層 二層 三層 騎樓
SPSNMLPJLHIFFDQ09CA,6,207.19,見其他登記事項,鋼筋混凝土造,95年12月22日,四層,一層 二層 三層 四層
RPQNMLQJLHIFFDQ88CA,16,65.25,住家用,鋼造,85年10月30日,一層,一層
RPRNMLNKLHIFFBQ58CA,1,168.66,住家用,鋼筋混凝土造,101年3月7日,三層,一層 二層 三層
RPPNMLMLLHIFFEQ68CA,17,178.89,住家用,鋼筋混凝土造,85年6月24日,四層,二層 三層 四層 一層
RPPNMLMKLHIFFCQ38CA,33,108.70,住家用,鋼筋混凝土加強磚造,68年12月5日,二層,一層 二層 騎樓
RPPNMLLKLHIFFCQ28CA,,201.13,見其他登記事項,鋼筋混凝土造,101年12月19日,三層,一層 二層 三層 見其他登記事項
RPOOMLPLLHIFFCQ78CA,29,80.12,住家用,鋼筋混凝土加強磚造,72年9月15日,二層,
RPRNMLMKLHIFFEQ98EA,15,90.55,住家用,鋼筋混凝土造,87年7月17日,八層,二層
RPPNMLSJLHIFFBQ88DA,30,286.33,住家用,鋼筋混凝土加強磚造,72年4月14日,三層,一層 二層 三層 騎樓
RPSNMLRJLHIFFBQ09DA,16,195.07,住家用,鋼筋混凝土加強磚造,86年7月31日,四層,二層 三層 四層 一層
RPSNMLSJLHIFFCQ56CA,8,181.39,見其他登記事項,鋼筋混凝土造,94年2月21日,三層,一層 二層 三層 電梯樓梯間
RPRNMLRJLHIFFDQ66EA,31,75.27,住家用,鋼筋混凝土加強磚造,70年12月5日,二層,一層 二層
RPQNMLKKLHIFFDQ38CA,35,86.52,住家用,鋼筋混凝土加強磚造,66年9月26日,二層,一層 二層
RPVNMLQLLHIFFDQ96CA,30,110.94,住家用,鋼筋混凝土加強磚造,71年8月5日,二層,一層 二層
RPXNMLLJMHIFFDQ56CA,19,89.65,住家用,鋼筋混凝土造,82年12月17日,三層,一層 二層 三層
RPQNMLOLLHIFFDQ88CA,8,145.99,見其他登記事項,鋼筋混凝土造,93年11月15日,四層,四層 一層 二層 三層
RPPNMLNKLHIFFCQ48CA,18,135.23,見其他登記事項,鋼筋混凝土造,84年7月24日,三層,
RPPNMLNLLHIFFDQ68CA,,176.28,見其他登記事項,鋼筋混凝土造,102年1月18日,三層,一層 二層 三層 見其他登記事項
RPWNMLMLLHIFFDQ66CA,,162.00,集合住宅,鋼筋混凝土造,102年1月18日,三層,一層 二層 三層
RPPOMLMLLHIFFDQ68CA,,181.34,見其他登記事項,鋼筋混凝土造,102年1月18日,三層,二層 一層 三層 見其他登記事項
RPOOMLMLLHIFFDQ58CA,,158.33,集合住宅,鋼筋混凝土造,102年1月18日,三層,一層 二層 三層
RPRNMLSJLHIFFBQ09DA,25,110.03,住家用,鋼筋混凝土加強磚造,77年7月28日,二層,一層 二層 騎樓
RPQNMLMKLHIFFBQ38CA,1,211.64,住商用,鋼筋混凝土造,101年5月7日,四層,一層 二層 三層 四層
RPQNMLLKLHIFFBQ28CA,5,129.82,見其他登記事項,鋼筋混凝土造,97年4月8日,四層,一層 二層 三層 四層 地下一層
RPQNMLLKLHIFFBQ28CA,5,129.82,見其他登記事項,鋼筋混凝土造,97年4月8日,四層,一層 二層 三層 四層 地下一層
RPQNMLLKLHIFFBQ28CA,5,4.08,見其他登記事項,鋼筋混凝土造,97年4月8日,三層,
RPQNMLLKLHIFFBQ28CA,5,25.97,停車空間,鋼筋混凝土造,97年4月8日,四層,
RPPOMLPLLHIFFCQ88CA,,180.92,見其他登記事項,鋼筋混凝土造,101年11月5日,三層,一層 二層 三層 見其他登記事項
RPQNMLLKLHIFFDQ58DA,32,52.90,住家用,鋼筋混凝土加強磚造,70年1月14日,一層,一層
RPQNMLRLLHIFFCQ56DA,32,103.11,住家用,加強磚造,69年10月8日,二層,一層 二層
RPQNMLRLLHIFFCQ56DA,32,102.61,住家用,鋼筋混凝土加強磚造,69年10月15日,二層,一層 二層 騎樓
RPPNMLTKLHIFFBQ09DA,20,208.74,住家用,鋼筋混凝土加強磚造,82年1月11日,四層,一層 二層 三層 四層
RPQNMLLKLHIFFCQ38CA,,201.82,見其他登記事項,鋼筋混凝土造,101年10月4日,四層,見其他登記事項 一層 二層 三層
RPROMLMLLHIFFDQ88CA,,225.50,住房,鋼筋混凝土造,102年1月18日,三層,一層 二層 三層
RPPNMLTJLHIFFBQ88CA,20,167.45,住商用,鋼筋混凝土加強磚造,82年7月8日,三層,一層 二層 三層 騎樓
RPQNMLKMLHIFFCQ48CA,19,159.55,住家用,鋼筋混凝土造,83年6月29日,三層,一層 二層 三層 電梯樓梯間
RPRNMLSKLHIFFBQ09CA,9,178.01,住商用,鋼筋混凝土造,92年9月22日,四層,三層 一層 二層 四層
RPTNMLMKLHIFFDQ88CA,,197.02,集合住宅,鋼筋混凝土造,101年8月29日,四層,一層 二層 三層 四層
RPTNMLMKLHIFFDQ88CA,7,.65,見其他登記事項,鋼筋混凝土造,95年7月18日,三層,
RPTNMLMKLHIFFDQ88CA,7,.27,見其他登記事項,鋼筋混凝土造,95年7月18日,一層,
RPTNMLMKLHIFFDQ88CA,7,.48,見其他登記事項,鋼筋混凝土造,95年7月18日,四層,
RPSOMLMLLHIFFDQ98CA,,193.98,見其他登記事項,鋼筋混凝土造,102年1月18日,三層,二層 三層 見其他登記事項 一層
RPVOMLMLLHIFFDQ66CA,,199.77,集合住宅,鋼筋混凝土造,102年1月18日,四層,一層 二層 三層 四層
RPTOMLMLLHIFFDQ09CA,,152.16,集合住宅,鋼筋混凝土造,102年1月18日,三層,一層 二層 三層
RPUOMLMLLHIFFDQ56CA,,152.12,集合住宅,鋼筋混凝土造,102年1月18日,三層,一層 二層 三層
RPRNMLOLLHIFFDQ98CA,16,77.79,住家用,鋼筋混凝土造,86年5月24日,五層,三層
RPRNMLOLLHIFFDQ98CA,16,11.82,見其他登記事項,鋼筋混凝土造,86年5月24日,五層,
RPRNMLOLLHIFFDQ98CA,16,26.61,見其他登記事項,鋼筋混凝土造,86年5月24日,五層,
RPWNMLLJMHIFFCQ98CA,30,75.73,住家用,鋼筋混凝土加強磚造,72年8月19日,二層,一層 二層 電梯樓梯間
RPTNMLMKLHIFFBQ68CA,5,259.64,見其他登記事項,鋼筋混凝土造,97年4月8日,四層,一層 二層 四層 地下一層 三層
RPTNMLMKLHIFFBQ68CA,5,4.08,見其他登記事項,鋼筋混凝土造,97年4月8日,三層,
RPTNMLMKLHIFFBQ68CA,5,25.97,停車空間,鋼筋混凝土造,97年4月8日,四層,
RPUNMLMKLHIFFBQ78CA,11,20.33,住家用,鋼筋混凝土造,91年4月23日,四層,四層
RPTNMLNKLHIFFBQ78CA,1,168.66,住家用,鋼筋混凝土造,101年3月7日,三層,一層 二層 三層
RPRNMLPLLHIFFBQ88CA,14,62.36,住商用,鋼筋混凝土造,87年12月3日,五層,一層
RPRNMLPLLHIFFBQ88CA,14,16.28,見其他登記事項,鋼筋混凝土造,87年12月3日,五層,
RPPNMLRLLHIFFBQ88CA,19,225.20,住商用,鋼筋混凝土造,82年12月7日,四層,一層 二層 三層 四層
RPRNMLLKLHIFFDQ68DA,20,235.03,住家用,鋼筋混凝土造,82年3月6日,四層,一層 二層 三層 四層 地下層
RPOPMLNJMHIFFDQ68CA,6,335.15,見其他登記事項,鋼筋混凝土造,95年12月22日,四層,一層 二層 三層 四層 地下層
RPOPMLNJMHIFFDQ68CA,7,5.08,見其他登記事項,鋼筋混凝土造,94年8月26日,二層,
RPOPMLNJMHIFFDQ68CA,7,1.59,見其他登記事項,鋼筋混凝土造,94年8月26日,三層,
RPVNMLLJMHIFFDQ09DA,39,92.40,住家用,見其他登記事項,62年12月1日,一層,一層
RPTNMLMJMHIFFCQ78CA,32,107.86,住家用,鋼筋混凝土加強磚造,70年6月1日,二層,
RPSNMLNKLHIFFBQ68CA,25,155.70,住家用,鋼筋混凝土加強磚造,76年10月23日,三層,二層 三層 騎樓 一層
RPQNMLKKMHIFFCQ38CA,32,112.00,住家用,鋼筋混凝土加強磚造,70年3月20日,二層,
RPVNMLNKLHIFFBQ98CA,3,284.24,住家用,鋼筋混凝土造,98年11月11日,四層,一層 二層 三層 四層
RPVNMLNKLHIFFBQ98CA,3,1.08,見其他登記事項,鋼筋混凝土造,98年11月11日,二層,
RPRNMLTJMHIFFCQ76DA,1,225.32,住家用,鋼筋混凝土造,101年6月28日,三層,一層 二層 三層
RPSNMLTKLHIFFCQ96EA,19,138.75,住家用,鋼筋混凝土造,83年6月29日,三層,一層 二層 三層
RPUNMLMKLHIFFDQ98CA,,223.44,集合住宅,鋼筋混凝土造,101年8月29日,四層,一層 二層 三層 四層
RPUNMLMKLHIFFDQ98CA,7,.65,見其他登記事項,鋼筋混凝土造,95年7月18日,三層,
RPUNMLMKLHIFFDQ98CA,7,.27,見其他登記事項,鋼筋混凝土造,95年7月18日,一層,
RPUNMLMKLHIFFDQ98CA,7,.48,見其他登記事項,鋼筋混凝土造,95年7月18日,四層,
RPPNMLOKLHIFFDQ68CA,5,250.06,住商用,鋼筋混凝土造,97年7月4日,四層,一層 二層 三層 四層
RPSNMLTKLHIFFDQ86CA,33,95.58,住家用,鋼筋混凝土加強磚造,69年4月1日,二層,一層 二層
RPRNMLOKLHIFFBQ68CA,10,17.93,住家用,鋼筋混凝土造,92年8月21日,五層,五層
RPWOMLMLLHIFFDQ76CA,,214.76,見其他登記事項,鋼筋混凝土造,102年1月11日,三層,一層 二層 三層 見其他登記事項
RPOPMLMLLHIFFDQ68CA,,194.74,見其他登記事項,鋼筋混凝土造,102年1月11日,三層,一層 二層 三層 見其他登記事項
RPXOMLMLLHIFFDQ86CA,,175.89,見其他登記事項,鋼筋混凝土造,102年1月18日,三層,二層 三層 一層
RPQPMLMLLHIFFDQ88CA,,154.83,集合住宅,鋼筋混凝土造,102年1月11日,三層,一層 二層 三層
RPSPMLMLLHIFFDQ09CA,,180.39,見其他登記事項,鋼筋混凝土造,102年1月18日,三層,一層 二層 三層 見其他登記事項
RPPPMLMLLHIFFDQ78CA,,201.73,集合住宅,鋼筋混凝土造,102年1月18日,三層,一層 二層 三層
RPTPMLMLLHIFFDQ56CA,,158.88,集合住宅,鋼筋混凝土造,102年1月18日,三層,一層 二層 三層
RPRPMLMLLHIFFDQ98CA,,167.94,集合住宅,鋼筋混凝土造,102年1月18日,三層,二層 三層 一層
RPSNMLSKLHIFFBQ56CA,25,141.80,,見其他登記事項,77年7月16日,三層,二層 三層 一層
RPRNMLSKLHIFFCQ76EA,20,81.59,住家用,鋼筋混凝土造,81年11月30日,五層,五層
RPTQMLMLLHIFFDQ66CA,,180.22,集合住宅,鋼筋混凝土造,102年1月18日,三層,一層 二層 三層
RPTNMLPKLHIFFCQ09CA,,183.81,見其他登記事項,鋼筋混凝土造,101年11月12日,四層,三層 四層 一層 二層
RPSNMLOKLHIFFBQ88DA,16,69.32,住家用,鋼筋混凝土造,86年1月10日,十層,五層
RPWNMLKKMHIFFCQ56EA,18,166.86,住家用,鋼筋混凝土造,84年2月23日,四層,四層 電梯樓梯間 一層 二層 三層
RPUNMLMJMHIFFCQ88CA,,221.20,見其他登記事項,鋼筋混凝土造,101年10月26日,四層,一層 二層 三層 四層
RPQOMLTJMHIFFCQ66CA,18,216.82,住商用,鋼筋混凝土造,83年9月16日,四層,一層 二層 三層 四層
RPPNMLPKLHIFFEQ09EA,20,185.90,住家用,鋼筋混凝土造,82年3月8日,四層,一層 二層 三層 四層 騎樓
RPQNMLKLLHIFFBQ28CA,6,253.23,住家用,鋼筋混凝土造,95年12月28日,四層,二層 三層 四層 一層
RPWNMLMJMHIFFCQ09CA,18,202.85,住家用,鋼筋混凝土造,83年9月8日,三層,一層 二層 三層 電梯樓梯間 夾層
RPTNMLKKMHIFFDQ78CA,7,148.79,住家用,鋼筋混凝土造,95年4月27日,三層,一層 二層 三層
RPUNMLKMLHIFFCQ88CA,23,178.01,住家用,鋼筋混凝土加強磚造,79年2月19日,三層,三層 騎樓 一層 二層
RPTNMLQLLHIFFCQ86EA,20,58.32,住家用,鋼筋混凝土造,81年11月30日,五層,一層
RPTNMLQLLHIFFCQ86EA,20,6.14,共有部分,鋼筋混凝土造,81年11月30日,地下層,
RPTNMLQLLHIFFCQ86EA,20,6.64,共有部分,鋼筋混凝土造,81年11月30日,五層,
RPQNMLQLLHIFFDQ56DA,67,132.23,住家用,木造,34年10月2日,一層,
RPPNMLTKLHIFFCQ56DA,,179.84,見其他登記事項,鋼筋混凝土造,101年10月1日,三層,一層 二層 三層 見其他登記事項
RPRNMLTKLHIFFCQ86EA,9,192.67,見其他登記事項,鋼筋混凝土造,93年1月30日,三層,一層 二層 三層
RPQNMLTKLHIFFDQ76DA,33,89.50,住商用,鋼筋混凝土加強磚造,69年3月31日,二層,一層 二層 騎樓
RPPNMLQLLHIFFDQ09DA,26,119.72,住家用,鋼筋混凝土加強磚造,76年4月18日,二層,一層 二層
RPTNMLTKLHIFFDQ96CA,16,68.95,見其他登記事項,鋼筋混凝土造,86年6月23日,六層,六層
RPTNMLTKLHIFFDQ96CA,16,18.38,見其他登記事項,鋼筋混凝土造,86年6月23日,七層,
RPTNMLTKLHIFFDQ96CA,16,12.02,見其他登記事項,鋼筋混凝土造,86年6月23日,七層,
RPXNMLKLLHIFFDQ56CA,7,1.59,見其他登記事項,鋼筋混凝土造,94年8月26日,三層,
RPXNMLKLLHIFFDQ56CA,7,5.08,見其他登記事項,鋼筋混凝土造,94年8月26日,二層,
RPXNMLKLLHIFFDQ56CA,7,309.86,見其他登記事項,鋼筋混凝土造,95年2月16日,四層,二層 一層 地下層 四層 三層
RPPNMLPKMHIFFCQ78CA,33,101.08,住家用,鋼筋混凝土加強磚造,68年12月31日,二層,一層 二層 電梯樓梯間
RPVNMLMLLHIFFDQ56CA,35,67.66,住家用,鋼筋混凝土加強磚造,67年7月1日,二層,一層 二層
RPSQMLMLLHIFFDQ56CA,,178.53,見其他登記事項,鋼筋混凝土造,102年1月18日,三層,一層 二層 三層
RPQNMLOJMHIFFEQ88CA,21,163.71,住家用,鋼筋混凝土造,81年7月6日,三層,三層 一層 二層
RPOOMLTJMHIFFCQ09CA,32,106.96,住家用,鋼筋混凝土加強磚造,70年4月7日,二層,一層 二層 騎樓 電梯樓梯間
RPUPMLMLLHIFFDQ66CA,,176.28,見其他登記事項,鋼筋混凝土造,102年1月18日,三層,一層 二層 三層 見其他登記事項
RPVNMLSJMHIFFCQ96CA,31,109.44,住商用,鋼筋混凝土加強磚造,70年10月12日,二層,
RPRNMLPKMHIFFDQ09CA,16,95.02,見其他登記事項,鋼筋混凝土造,86年6月23日,七層,一層 二層
RPRNMLPKMHIFFDQ09CA,16,20.92,見其他登記事項,鋼筋混凝土造,86年6月23日,七層,
RPRNMLMLLHIFFCQ68CA,,328.38,見其他登記事項,鋼筋混凝土造,101年11月8日,三層,一層 二層 三層
RPRNMLLLLHIFFEQ98EA,16,155.09,住家用,鋼筋混凝土加強磚造,86年4月30日,三層,一層 二層 三層 電梯樓梯間
RPUNMLTLLHIFFDQ17CA,13,158.95,住家用,鋼筋混凝土造,89年4月8日,三層,一層 二層 三層
RPUNMLQLLHIFFCQ76CA,18,22.87,住家用,鋼筋混凝土造,84年8月15日,五層,二層
RPUNMLQLLHIFFCQ76CA,18,3.76,共有部分,鋼筋混凝土造,84年8月15日,五層,
RPTNMLPLLHIFFCQ56CA,33,101.72,住商用,鋼筋混凝土加強磚造,69年1月24日,二層,一層 二層 騎樓
RPQNMLMLLHIFFEQ78CA,9,156.58,見其他登記事項,鋼筋混凝土造,93年4月28日,三層,車庫 一層 二層 三層
RPPNMLOKMHIFFBQ68DA,17,188.40,住家用,鋼筋混凝土造,85年3月8日,三層,一層 二層 三層
RPPNMLQLLHIFFCQ88CA,14,78.59,住家用,鋼筋混凝土造,88年6月29日,四層,三層
RPQNMLTJMHIFFCQ66DA,1,225.32,住家用,鋼筋混凝土造,101年6月28日,三層,一層 二層 三層
RPQNMLQLLHIFFCQ98CA,38,97.00,住家用,加強磚造,64年8月19日,二層,一層 二層
RPPNMLSJMHIFFBQ98DA,28,111.12,見其他登記事項,鋼筋混凝土加強磚造,73年11月20日,二層,一層 二層 騎樓
RPRNMLLJMHIFFDQ68DA,7,342.59,見其他登記事項,鋼筋混凝土造,95年7月18日,四層,一層 二層 三層 四層
RPRNMLLJMHIFFDQ68DA,7,2.09,見其他登記事項,鋼筋混凝土造,95年7月18日,三層,
RPRNMLLJMHIFFDQ68DA,7,.88,見其他登記事項,鋼筋混凝土造,95年7月18日,一層,
RPRNMLLJMHIFFDQ68DA,7,1.54,見其他登記事項,鋼筋混凝土造,95年7月18日,四層,
RPRNMLLLLHIFFBQ48CA,5,259.64,見其他登記事項,鋼筋混凝土造,97年4月8日,四層,一層 二層 三層 四層 地下一層
RPRNMLLLLHIFFBQ48CA,5,4.08,見其他登記事項,鋼筋混凝土造,97年4月8日,三層,
RPRNMLLLLHIFFBQ48CA,5,25.97,停車空間,鋼筋混凝土造,97年4月8日,四層,
RPUNMLKLLHIFFDQ88CA,1,221.92,集合住宅,鋼筋混凝土造,101年8月29日,四層,一層 二層 四層 三層
RPUNMLKLLHIFFDQ88CA,7,.65,見其他登記事項,鋼筋混凝土造,95年7月18日,三層,
RPUNMLKLLHIFFDQ88CA,7,.27,見其他登記事項,鋼筋混凝土造,95年7月18日,一層,
RPUNMLKLLHIFFDQ88CA,7,.48,見其他登記事項,鋼筋混凝土造,95年7月18日,四層,
RPSNMLMLLHIFFDQ88CA,25,211.98,住商用,鋼筋混凝土造,77年1月8日,三層,一層 二層 三層 騎樓
RPVPMLMLLHIFFDQ76CA,,151.00,集合住宅,鋼筋混凝土造,102年1月18日,三層,三層 一層 二層
RPRQMLMLLHIFFDQ09CA,,152.16,集合住宅,鋼筋混凝土造,102年1月18日,三層,一層 二層 三層
RPROMLPLLHIFFCQ09CA,5,165.24,住家用,鋼筋混凝土造,96年11月30日,三層,一層 二層 三層 電梯樓梯間
RPQQMLMLLHIFFDQ98CA,,175.94,見其他登記事項,鋼筋混凝土造,102年1月18日,三層,一層 二層 三層
RPXPMLMLLHIFFDQ96CA,,188.79,見其他登記事項,鋼筋混凝土造,102年1月18日,三層,一層 二層 三層 見其他登記事項
RPOQMLMLLHIFFDQ78CA,,152.16,集合住宅,鋼筋混凝土造,102年1月11日,三層,一層 二層 三層
RPPNMLTLLHIFFDQ66CA,35,105.90,住家用,鋼筋混凝土加強磚造,66年12月16日,二層,一層 二層
RPQNMLPLLHIFFEQ66EA,18,.36,住家用,鋼筋混凝土造,84年2月3日,一層,
RPQNMLPLLHIFFEQ66EA,18,160.12,住家用,鋼筋混凝土造,84年2月3日,四層,二層 一層 三層 四層
RPQNMLLLLHIFFEQ68CA,33,203.97,住商用,鋼筋混凝土造,69年2月7日,三層,一層 二層 三層 騎樓
RPUNMLLLLHIFFCQ88CA,20,174.18,住家用,鋼筋混凝土造,82年5月31日,四層,一層 二層 三層 四層
RPUNMLQLLHIFFDQ96DA,33,103.06,住商用,鋼筋混凝土加強磚造,68年9月29日,二層,一層 二層
RPQOMLPLLHIFFCQ98CA,2,176.18,見其他登記事項,鋼筋混凝土造,100年8月5日,三層,電梯樓梯間 一層 二層 三層
RPRNMLSLLHIFFCQ76DA,18,79.72,住家用,鋼筋混凝土造,83年10月4日,五層,五層
RPSNMLKMLHIFFCQ68CA,11,100.04,見其他登記事項,鋼筋混凝土造,91年7月25日,五層,
RPSNMLKMLHIFFCQ68CA,11,12.64,見其他登記事項,鋼筋混凝土造,91年7月25日,五層,
RPSNMLKMLHIFFCQ68CA,11,33.34,停車空間,鋼筋混凝土造,91年7月25日,五層,
RPRNMLTLLHIFFCQ76CA,34,82.13,住商用,鋼筋混凝土加強磚造,68年1月3日,二層,一層 二層 騎樓
RPPNMLKMLHIFFCQ38CA,31,102.64,住家用,鋼筋混凝土加強磚造,70年12月17日,二層,二層 電梯樓梯間 一層
RPUNMLOJMHIFFEQ66CA,20,33.90,住家用,鋼筋混凝土造,82年4月1日,十八層,二層
RPUNMLOJMHIFFEQ66CA,20,6.78,見其他登記事項,鋼筋混凝土造,82年4月1日,十八層,
RPUNMLOJMHIFFEQ66CA,20,1.75,見其他登記事項,鋼筋混凝土造,82年4月1日,,
RPSNMLQKMHIFFCQ56CA,31,112.31,住家用,鋼筋混凝土加強磚造,70年12月17日,二層,一層 二層
RPQNMLKKMHIFFBQ28CA,3,.83,見其他登記事項,鋼筋混凝土造,98年11月11日,二層,
RPQNMLKKMHIFFBQ28CA,3,210.15,住商用,鋼筋混凝土造,98年11月11日,四層,二層 一層 三層 四層
RPPOMLPKMHIFFCQ88CA,,221.20,見其他登記事項,鋼筋混凝土造,101年10月26日,四層,一層 二層 三層 四層
RPXNMLPKMHIFFCQ96CA,,223.63,見其他登記事項,鋼筋混凝土造,101年10月23日,四層,一層 二層 三層 四層
RPRNMLSJMHIFFBQ09CA,10,193.40,住商用,鋼筋混凝土造,92年1月13日,四層,一層 二層 三層 四層
RPQNMLSJMHIFFBQ98CA,9,223.65,見其他登記事項,鋼筋混凝土造,93年3月26日,四層,四層 見其他登記事項 一層 二層 三層
RPTNMLRLLHIFFDQ86CA,5,250.30,住商用,鋼筋混凝土造,97年7月4日,四層,一層 二層 三層 四層
RPSNMLRLLHIFFDQ76CA,5,250.30,住商用,鋼筋混凝土造,97年7月4日,四層,三層 四層 一層 二層
RPUNMLRLLHIFFDQ96CA,,221.92,集合住宅,鋼筋混凝土造,101年8月29日,四層,一層 二層 三層 四層
RPUNMLRLLHIFFDQ96CA,7,.65,見其他登記事項,鋼筋混凝土造,95年7月18日,三層,
RPUNMLRLLHIFFDQ96CA,7,.27,見其他登記事項,鋼筋混凝土造,95年7月18日,一層,
RPUNMLRLLHIFFDQ96CA,7,.48,見其他登記事項,鋼筋混凝土造,95年7月18日,四層,
RPPOMLTJMHIFFDQ66CA,33,92.68,住商用,鋼筋混凝土加強磚造,69年2月22日,二層,二層 騎樓 一層
RPQNMLQLLHIFFBQ88CA,17,132.47,住家用,鋼筋混凝土造,85年8月15日,十四層,十三層 十四層
RPQNMLRLLHIFFCQ66EA,40,42.81,住家用,木造,61年12月4日,一層,一層
RPRNMLTLLHIFFDQ96DA,8,1.59,見其他登記事項,鋼筋混凝土造,94年8月26日,三層,
RPRNMLTLLHIFFDQ96DA,8,178.89,見其他登記事項,鋼筋混凝土造,94年8月26日,四層,一層 四層 三層 二層
RPRNMLTLLHIFFDQ96DA,8,5.08,見其他登記事項,鋼筋混凝土造,94年8月26日,二層,
RPTNMLRLLHIFFCQ96EA,20,154.20,住商用,見其他登記事項,81年10月30日,三層,二層 三層 電梯樓梯間 一層
RPRNMLRLLHIFFDQ76DA,9,130.05,住家用,鋼筋混凝土造,92年9月9日,三層,一層 二層 三層
RPVNMLRKMHIFFDQ07CA,8,16.15,見其他登記事項,鋼筋混凝土造,94年8月15日,五層,五層
RPVNMLRKMHIFFDQ07CA,8,7.19,見其他登記事項,鋼筋混凝土造,94年8月15日,五層,
RPTNMLRKMHIFFDQ86CA,8,15.37,見其他登記事項,鋼筋混凝土造,94年8月15日,五層,五層
RPTNMLRKMHIFFDQ86CA,8,6.84,見其他登記事項,鋼筋混凝土造,94年8月15日,五層,
RPPNMLOJMHIFFCQ58CA,18,173.56,住家用,鋼筋混凝土造,83年11月7日,三層,二層 三層 電梯樓梯間 一層
RPWNMLRKMHIFFDQ17CA,8,15.37,見其他登記事項,鋼筋混凝土造,94年8月15日,五層,五層
RPWNMLRKMHIFFDQ17CA,8,6.84,見其他登記事項,鋼筋混凝土造,94年8月15日,五層,
RPPNMLRJMHIFFBQ78CA,12,226.96,住家用,鋼筋混凝土造,90年5月21日,三層,一層 二層 三層
RPPNMLSKMHIFFDQ56CA,33,102.28,住家用,鋼筋混凝土加強磚造,69年3月1日,二層,一層 二層 騎樓
RPVNMLTLLHIFFDQ27CA,20,81.35,住家用,鋼筋混凝土造,82年9月3日,三層,一層 二層 三層 騎樓
RPQNMLRLLHIFFDQ56CA,1,149.54,住家用,鋼筋混凝土造,101年3月16日,三層,一層 二層 三層
RPXNMLRLLHIFFDQ27CA,,220.61,見其他登記事項,鋼筋混凝土造,102年1月11日,三層,一層 二層 三層 見其他登記事項
RPRNMLSLLHIFFBQ56CA,38,89.64,住家用,磚造,64年7月1日,一層,
RPWNMLOLMHIFFDQ96CA,,186.35,見其他登記事項,鋼筋混凝土造,102年2月4日,三層,一層 二層 三層 見其他登記事項
RPWNMLSJMHIFFCQ07CA,20,134.99,住家用,鋼筋混凝土造,81年10月16日,三層,一層 二層 三層
RPTOMLNJMHIFFDQ09CA,33,100.91,住家用,鋼筋混凝土加強磚造,69年6月26日,二層,一層 二層 騎樓
RPTNMLTLLHIFFDQ17DA,17,114.46,住家用,鋼筋混凝土造,85年8月9日,三層,一層 二層 三層
RPQNMLSLLHIFFEQ96EA,30,54.55,住家用,磚造,71年11月9日,一層,一層
RPOOMLMJMHIFFDQ58DA,33,65.91,住家用,磚造,69年2月27日,一層,一層
RPVOMLNLMHIFFDQ86CA,,169.40,見其他登記事項,鋼筋混凝土造,102年2月4日,三層,一層 二層 三層 見其他登記事項
RPUOMLOLMHIFFDQ86CA,,139.36,住家用,鋼筋混凝土造,102年1月22日,四層,四層 一層 二層 三層
RPSOMLOLMHIFFDQ66CA,,153.32,住家用,鋼筋混凝土造,102年1月22日,四層,一層 二層 三層 四層
RPQOMLOLMHIFFDQ09CA,,196.19,住家用,鋼筋混凝土造,102年1月22日,四層,一層 二層 三層 四層
RPPQMLNLMHIFFDQ09CA,,169.40,見其他登記事項,鋼筋混凝土造,102年2月4日,三層,一層 二層 三層 見其他登記事項
RPXPMLNLMHIFFDQ17CA,,169.40,見其他登記事項,鋼筋混凝土造,102年2月4日,三層,一層 二層 三層 見其他登記事項
RPSQMLNLMHIFFDQ76CA,,169.40,見其他登記事項,鋼筋混凝土造,102年2月4日,三層,三層 見其他登記事項 一層 二層
RPUQMLNLMHIFFDQ96CA,,169.40,見其他登記事項,鋼筋混凝土造,102年2月4日,三層,一層 二層 三層 見其他登記事項
RPSNMLOJMHIFFEQ09CA,15,145.75,住家用,見其他登記事項,86年12月30日,一層,一層
RPPNMLOJMHIFFEQ78CA,7,200.59,住家用,鋼筋混凝土造,95年7月6日,三層,一層 二層 三層
RPSNMLTLLHIFFEQ07CA,22,143.65,住家用,鋼筋混凝土造,79年11月26日,三層,一層 二層 三層
RPSNMLTLLHIFFDQ07DA,35,98.64,住家用,鋼筋混凝土加強磚造,67年3月10日,二層,一層 二層 騎樓
RPWQMLNLMHIFFDQ17CA,,169.40,見其他登記事項,鋼筋混凝土造,102年2月4日,三層,一層 二層 三層 見其他登記事項
RPORMLNLMHIFFDQ09CA,,206.60,見其他登記事項,鋼筋混凝土造,102年2月4日,三層,一層 二層 三層 見其他登記事項
RPUNMLQKMHIFFDQ86CA,18,268.49,見其他登記事項,鋼筋混凝土造,84年5月18日,四層,一層 二層 三層 四層 地下層
RPRNMLMLMHIFFDQ88CA,5,210.50,見其他登記事項,鋼筋混凝土造,97年1月4日,三層,一層 二層 三層 見其他登記事項
RPOOMLPKMHIFFCQ78CA,,224.69,見其他登記事項,鋼筋混凝土造,101年10月23日,四層,二層 一層 三層 四層
RPTNMLKMLHIFFCQ78CA,31,105.02,住家用,鋼筋混凝土加強磚造,70年12月29日,二層,電梯樓梯間 一層 二層
RPSNMLRKMHIFFDQ76CA,8,15.37,見其他登記事項,鋼筋混凝土造,94年8月15日,五層,五層
RPSNMLRKMHIFFDQ76CA,8,6.84,見其他登記事項,鋼筋混凝土造,94年8月15日,五層,
RPPNMLOKMHIFFCQ68CA,19,92.92,見其他登記事項,鋼筋混凝土造,83年8月8日,十一層,四層
RPUNMLRKMHIFFDQ96CA,8,16.15,見其他登記事項,鋼筋混凝土造,94年8月15日,五層,五層
RPUNMLRKMHIFFDQ96CA,8,7.19,見其他登記事項,鋼筋混凝土造,94年8月15日,五層,
RPUNMLPKMHIFFDQ76CA,18,222.91,住家用,鋼筋混凝土造,84年3月13日,三層,一層 二層 三層
RPQNMLOJMHIFFCQ68CA,18,161.02,住商用,鋼筋混凝土造,83年10月4日,五層,一層 二層 三層 騎樓
RPQNMLOJMHIFFCQ68CA,18,2.42,共有部分,鋼筋混凝土造,83年10月4日,五層,
RPRNMLOJMHIFFDQ88CA,17,99.96,見其他登記事項,見其他登記事項,84年10月27日,三層,一層 二層 三層
RPRNMLOJMHIFFDQ88CA,17,8.44,見其他登記事項,見其他登記事項,84年10月27日,三層,
RPVNMLLJMHIFFBQ78CA,18,175.72,住商用,鋼筋混凝土造,83年11月1日,三層,一層 二層 三層 騎樓
RPSNMLNJMHIFFCQ98EA,18,308.68,住家用,鋼筋混凝土造,84年5月8日,四層,四層 三層 一層 二層
RPWNMLNJMHIFFDQ86EA,7,168.00,住家用,鋼筋混凝土造,94年11月29日,四層,一層 二層 三層 四層
RPUNMLNJMHIFFCQ56EA,18,312.93,住家用,鋼筋混凝土造,84年5月8日,四層,一層 二層 三層 四層
RPRNMLMJMHIFFCQ58CA,21,253.09,住商用,鋼筋混凝土造,80年10月23日,三層,一層 二層 三層
RPQRMLNLMHIFFDQ66CA,,84.86,見其他登記事項,鋼筋混凝土造,102年2月4日,三層,一層 二層 三層 見其他登記事項
RPSRMLNLMHIFFDQ86CA,,81.38,見其他登記事項,鋼筋混凝土造,102年2月4日,三層,一層 二層 三層 見其他登記事項
RPUNMLLJMHIFFBQ78DA,5,208.87,住商用,鋼筋混凝土造,97年1月31日,四層,一層 二層 三層 四層
RPWOMLOLMHIFFDQ07CA,,176.82,住家用,鋼筋混凝土造,102年1月22日,四層,一層 二層 三層 四層
RPSNMLLJMHIFFBQ58DA,7,24.89,住家用,鋼筋混凝土造,94年10月3日,十層,七層
RPSNMLLJMHIFFBQ58DA,7,.14,見其他登記事項,鋼筋混凝土造,94年10月3日,十層,
RPSNMLLJMHIFFBQ58DA,7,11.75,見其他登記事項,鋼筋混凝土造,94年10月3日,十層,
RPSNMLLJMHIFFBQ58DA,7,16.18,住家用,鋼筋混凝土造,94年10月3日,十層,七層
RPSNMLLJMHIFFBQ58DA,7,.10,見其他登記事項,鋼筋混凝土造,94年10月3日,十層,
RPSNMLLJMHIFFBQ58DA,7,8.53,見其他登記事項,鋼筋混凝土造,94年10月3日,十層,
RPSNMLLJMHIFFBQ58DA,7,17.49,住家用,鋼筋混凝土造,94年10月3日,十層,七層
RPSNMLLJMHIFFBQ58DA,7,.11,見其他登記事項,鋼筋混凝土造,94年10月3日,十層,
RPSNMLLJMHIFFBQ58DA,7,9.22,見其他登記事項,鋼筋混凝土造,94年10月3日,十層,
RPSNMLLKMHIFFCQ78DA,,178.75,見其他登記事項,鋼筋混凝土造,102年2月6日,四層,一層 二層 三層 四層
RPSNMLOJMHIFFCQ88CA,32,103.80,住家用,鋼筋混凝土加強磚造,70年2月10日,二層,一層 二層 電梯樓梯間
RPPNMLPJMHIFFCQ68CA,6,21.15,見其他登記事項,鋼筋混凝土造,96年6月23日,五層,五層
RPPNMLPJMHIFFCQ68CA,6,7.03,見其他登記事項,鋼筋混凝土造,96年6月23日,五層,
RPSSMLNLMHIFFDQ96CA,,162.75,見其他登記事項,鋼筋混凝土造,102年2月4日,三層,一層 二層 三層 見其他登記事項
RPVNMLMKMHIFFCQ56DA,,173.50,見其他登記事項,鋼筋混凝土造,102年2月6日,四層,一層 二層 三層 四層
RPQSMLNLMHIFFDQ76CA,,162.75,見其他登記事項,鋼筋混凝土造,102年2月4日,三層,一層 二層 三層 見其他登記事項
RPUSMLNLMHIFFDQ17CA,,162.75,見其他登記事項,鋼筋混凝土造,102年2月4日,三層,一層 二層 三層 見其他登記事項
RPOSMLNLMHIFFDQ56CA,,162.75,見其他登記事項,鋼筋混凝土造,102年2月4日,三層,見其他登記事項 一層 二層 三層
RPTNMLKKMHIFFCQ68CA,18,85.27,住家用,鋼筋混凝土造,83年11月11日,十一層,十層
RPTNMLKKMHIFFCQ68CA,18,10.33,共有部分,鋼筋混凝土造,83年11月11日,十一層,
RPTNMLKKMHIFFCQ68CA,18,3.18,共有部分,鋼筋混凝土造,83年11月11日,十一層,
RPPNMLMJMHIFFDQ48CA,4,141.67,住家用,鋼筋混凝土造,97年10月30日,三層,一層 二層 三層
RPQNMLMJMHIFFDQ58CA,4,141.31,住家用,鋼筋混凝土造,97年10月30日,三層,一層 二層 三層
RPPOMLMJMHIFFDQ58CA,5,250.30,住商用,鋼筋混凝土造,97年7月4日,四層,三層 四層 一層 二層
RPQOMLMJMHIFFDQ68CA,5,250.30,住商用,鋼筋混凝土造,97年7月4日,四層,一層 二層 三層 四層
RPUNMLNJMHIFFDQ09CA,4,165.63,見其他登記事項,鋼筋混凝土造,97年10月30日,三層,一層 二層 三層 見其他登記事項
RPOOMLNJMHIFFDQ58CA,10,165.63,見其他登記事項,鋼筋混凝土造,91年12月26日,四層,一層 二層 三層 四層
RPPNMLNLMHIFFCQ68CA,34,95.40,住商用,鋼筋混凝土加強磚造,68年1月13日,二層,一層 二層 騎樓
RPQNMLOJMHIFFDQ78CA,29,102.58,住家用,鋼筋混凝土加強磚造,73年3月17日,二層,一層 二層
RPSNMLOJMHIFFDQ98CA,33,112.64,住商用,鋼筋混凝土加強磚造,69年8月20日,二層,一層 二層
RPQNMLSJMHIFFCQ09CA,,192.08,見其他登記事項,鋼筋混凝土造,101年10月4日,四層,見其他登記事項 一層 二層 三層 四層
RPPNMLSJMHIFFCQ98CA,1,202.85,見其他登記事項,鋼筋混凝土造,101年5月23日,四層,一層 二層 三層 四層
RPRNMLTLMHIFFCQ07EA,18,44.56,見其他登記事項,鋼筋混凝土造,84年5月2日,五層,四層
RPRNMLNJMHIFFCQ68CA,20,105.73,國民住宅,鋼筋混凝土造,82年2月17日,五層,一層
RPTNMLLKMHIFFDQ88CA,18,175.62,住家用,鋼筋混凝土造,84年3月13日,三層,一層 二層 三層
RPQNMLNJMHIFFDQ78DA,7,179.28,農舍,鋼筋混凝土造,95年4月7日,三層,一層 二層 三層
RPWNMLNJMHIFFCQ66DA,19,264.89,住商用,鋼筋混凝土造,83年6月30日,三層,地下層 一層 二層 三層 電梯樓梯間
RPWNMLNJMHIFFCQ66DA,19,8.20,見其他登記事項,鋼筋混凝土造,83年6月30日,一層,
RPRNMLNLMHIFFBQ78CA,24,183.03,住商用,鋼筋混凝土加強磚造,78年6月1日,三層,一層 二層 三層 騎樓
RPOOMLSJMHIFFCQ09DA,20,199.16,住家用,鋼筋混凝土造,81年10月30日,四層,一層 二層 三層 四層
RPROMLPLMHIFFCQ56CA,9,188.21,見其他登記事項,鋼筋混凝土造,92年12月12日,三層,一層 二層 三層
RPTRMLNLMHIFFDQ96CA,7,1.70,見其他登記事項,鋼筋混凝土造,95年7月18日,三層,
RPTRMLNLMHIFFDQ96CA,7,.72,見其他登記事項,鋼筋混凝土造,95年7月18日,一層,
RPTRMLNLMHIFFDQ96CA,7,1.25,見其他登記事項,鋼筋混凝土造,95年7月18日,四層,
RPWSMLNLMHIFFDQ37CA,,162.75,見其他登記事項,鋼筋混凝土造,102年2月4日,三層,一層 二層 三層 見其他登記事項
RPTRMLNLMHIFFDQ96CA,7,278.57,見其他登記事項,鋼筋混凝土造,95年7月18日,四層,一層 二層 三層 四層
RPOTMLNLMHIFFDQ66CA,,197.42,見其他登記事項,鋼筋混凝土造,102年2月4日,三層,一層 二層 三層 見其他登記事項
RPVRMLNLMHIFFDQ17CA,7,1.59,見其他登記事項,鋼筋混凝土造,94年8月26日,三層,
RPVRMLNLMHIFFDQ17CA,7,5.08,見其他登記事項,鋼筋混凝土造,94年8月26日,二層,
RPVRMLNLMHIFFDQ17CA,7,309.72,見其他登記事項,鋼筋混凝土造,95年2月16日,四層,一層 二層 三層 四層 地下層
RPQTMLNLMHIFFDQ86CA,,200.87,見其他登記事項,鋼筋混凝土造,102年2月4日,三層,一層 二層 三層 見其他登記事項
RPURMLNLMHIFFDQ07CA,7,1.67,見其他登記事項,鋼筋混凝土造,95年7月18日,三層,
RPURMLNLMHIFFDQ07CA,7,.71,見其他登記事項,鋼筋混凝土造,95年7月18日,一層,
RPURMLNLMHIFFDQ07CA,7,1.23,見其他登記事項,鋼筋混凝土造,95年7月18日,四層,
RPURMLNLMHIFFDQ07CA,7,274.85,見其他登記事項,鋼筋混凝土造,95年7月18日,四層,一層 二層 三層 四層
RPPOMLPLMHIFFDQ09CA,35,65.06,住家用,鋼筋混凝土加強磚造,67年7月10日,二層,一層 二層
RPXNMLNLMHIFFDQ07DA,,252.61,見其他登記事項,鋼筋混凝土造,102年2月22日,四層,一層 二層 三層 四層 見其他登記事項
RPOOMLNLMHIFFDQ88DA,19,174.89,住家用,鋼筋混凝土造,83年4月8日,四層,一層 二層 三層 四層
RPXNMLSJMHIFFCQ37EA,20,176.29,住商用,鋼筋混凝土造,82年3月16日,三層,一層 二層 三層 電梯樓梯間
RPPNMLLKMHIFFCQ38CA,,185.63,見其他登記事項,鋼筋混凝土造,101年10月17日,四層,一層 二層 三層 四層
RPPNMLKLMHIFFDQ48CA,20,169.37,住家用,鋼筋混凝土造,82年5月17日,三層,一層 二層 三層
RPQNMLLKMHIFFEQ68CA,6,227.26,住家用,鋼筋混凝土造,95年10月24日,三層,一層 二層 三層 屋頂突出物
RPOOMLMKMHIFFDQ68DA,35,45.66,住商用,鋼筋混凝土加強磚造,67年7月20日,二層,一層 二層
RPPNMLLKMHIFFDQ48CA,35,79.91,住家用,鋼筋混凝土加強磚造,67年9月1日,一層,一層
RPPNMLSJMHIFFDQ09CA,27,123.24,住家用,鋼筋混凝土加強磚造,75年4月14日,二層,一層 二層
RPWNMLSKMHIFFDQ27CA,34,107.96,住家用,鋼筋混凝土加強磚造,68年6月30日,二層,一層 二層
RPVNMLTJMHIFFDQ17CA,32,60.99,住家用,磚造,70年6月5日,一層,一層
RPPNMLPJMHIFFBQ58CA,20,198.65,住商用,鋼筋混凝土加強磚造,82年6月15日,三層,一層 二層 三層 騎樓
RPPOMLMKMHIFFCQ58CA,19,78.52,見其他登記事項,鋼筋混凝土造,83年8月10日,七層,六層
RPPOMLMKMHIFFCQ58CA,19,8.66,共有部分,鋼筋混凝土造,83年8月10日,七層,
RPPOMLMKMHIFFCQ58CA,19,13.25,共有部分,鋼筋混凝土造,83年8月10日,七層,
RPRNMLTJMHIFFBQ66DA,32,137.34,住家用,鋼筋混凝土加強磚造,70年7月15日,三層,一層 二層 三層 騎樓
RPVNMLTJMHIFFCQ07CA,20,168.51,住家用,鋼筋混凝土造,82年3月30日,三層,一層 二層 三層 電梯樓梯間
RPPNMLTJMHIFFCQ56DA,18,162.26,住家用,鋼筋混凝土造,84年2月17日,三層,一層 二層 三層 電梯樓梯間
RPRNMLMKMHIFFBQ68DA,27,109.36,住家用,鋼筋混凝土加強磚造,75年3月19日,二層,一層 二層
RPQOMLPLMHIFFDQ56CA,20,214.00,見其他登記事項,鋼筋混凝土造,82年8月17日,三層,一層 二層 三層
RPSTMLNLMHIFFDQ07CA,,169.40,見其他登記事項,鋼筋混凝土造,102年2月4日,三層,一層 二層 三層 見其他登記事項
RPQNMLPLMHIFFDQ56DA,,209.39,見其他登記事項,鋼筋混凝土造,101年12月26日,三層,一層 二層 三層 見其他登記事項
RPSNMLPLMHIFFDQ76DA,,184.05,見其他登記事項,鋼筋混凝土造,101年12月26日,三層,一層 二層 三層 見其他登記事項
RPUOMLPLMHIFFCQ96DA,1,222.02,住家用,鋼筋混凝土造,101年6月28日,三層,一層 二層 三層
RPRNMLPLMHIFFDQ66DA,,199.14,見其他登記事項,鋼筋混凝土造,101年12月26日,三層,一層 二層 三層 見其他登記事項
RPQNMLMKMHIFFDQ78DA,32,94.02,住家用,鋼筋混凝土加強磚造,70年1月21日,二層,一層 二層
RPPNMLLKMHIFFEQ78EA,22,148.65,住家用,鋼筋混凝土造,80年1月25日,三層,一層 二層 三層
RPSNMLLKMHIFFBQ58CA,6,212.16,見其他登記事項,鋼筋混凝土造,96年6月28日,四層,一層 二層 三層 四層
RPXNMLKKMHIFFCQ09CA,1,149.93,見其他登記事項,鋼筋混凝土造,101年5月23日,四層,二層 三層 一層 四層
RPSNMLPKMHIFFDQ56CA,7,181.24,住商用,鋼筋混凝土造,95年1月25日,四層,一層 二層 三層 四層
RPTNMLKMMHIFFDQ98CA,18,81.13,見其他登記事項,鋼筋混凝土造,84年9月8日,十二層,三層
RPTNMLKMMHIFFDQ98CA,18,17.18,見其他登記事項,鋼筋混凝土造,84年9月8日,十二層,
RPTNMLKMMHIFFDQ98CA,18,19.66,見其他登記事項,鋼筋混凝土造,84年9月8日,十二層,
RPTNMLPLMHIFFDQ86DA,,173.32,見其他登記事項,鋼筋混凝土造,101年12月26日,三層,一層 二層 三層 見其他登記事項
RPQOMLLKMHIFFDQ68CA,36,87.10,住家用,鋼筋混凝土加強磚造,66年4月20日,二層,一層 二層
RPPNMLPLMHIFFDQ09DA,,192.52,見其他登記事項,鋼筋混凝土造,101年12月26日,三層,一層 二層 三層 見其他登記事項
RPUNMLMKMHIFFDQ09CA,1,198.30,集合住宅,鋼筋混凝土造,101年8月29日,四層,一層 二層 三層 四層
RPUNMLMKMHIFFDQ09CA,7,.65,見其他登記事項,鋼筋混凝土造,95年7月18日,三層,
RPUNMLMKMHIFFDQ09CA,7,.27,見其他登記事項,鋼筋混凝土造,95年7月18日,一層,
RPUNMLMKMHIFFDQ09CA,7,.48,見其他登記事項,鋼筋混凝土造,95年7月18日,四層,
RPTNMLMKMHIFFDQ98CA,1,197.02,集合住宅,鋼筋混凝土造,101年8月29日,四層,四層 一層 二層 三層
RPTNMLMKMHIFFDQ98CA,7,.65,見其他登記事項,鋼筋混凝土造,95年7月18日,三層,
RPTNMLMKMHIFFDQ98CA,7,.27,見其他登記事項,鋼筋混凝土造,95年7月18日,一層,
RPTNMLMKMHIFFDQ98CA,7,.48,見其他登記事項,鋼筋混凝土造,95年7月18日,四層,
RPXNMLLKMHIFFDQ66CA,10,86.76,住家用,鋼筋混凝土造,92年5月30日,三層,一層 二層 三層
RPQNMLKLMHIFFDQ58CA,33,95.66,住家用,鋼筋混凝土加強磚造,68年11月21日,二層,一層 二層
RPTNMLQKMHIFFCQ66CA,24,104.28,住家用,鋼筋混凝土加強磚造,78年3月31日,二層,一層 二層 騎樓 電梯樓梯間
RPRNMLLKMHIFFCQ68DA,32,82.08,住家用,加強磚造,70年2月15日,二層,一層 二層 騎樓
RPTNMLLJNHIFFDQ88CA,8,15.37,見其他登記事項,鋼筋混凝土造,94年8月15日,五層,三層
RPTNMLLJNHIFFDQ88CA,8,6.84,見其他登記事項,鋼筋混凝土造,94年8月15日,五層,
RPUNMLLJNHIFFDQ98CA,8,15.37,見其他登記事項,鋼筋混凝土造,94年8月15日,五層,三層
RPUNMLLJNHIFFDQ98CA,8,6.84,見其他登記事項,鋼筋混凝土造,94年8月15日,五層,
RPSNMLMKMHIFFBQ78DA,31,100.35,住商用,鋼筋混凝土加強磚造,71年2月26日,三層,一層 二層 三層
RPVNMLLJNHIFFDQ09CA,8,15.37,見其他登記事項,鋼筋混凝土造,94年8月15日,五層,三層
RPVNMLLJNHIFFDQ09CA,8,6.84,見其他登記事項,鋼筋混凝土造,94年8月15日,五層,
RPSOMLPLMHIFFDQ76CA,35,82.00,,鋼筋混凝土加強磚造,67年4月7日,二層,一層 二層
RPQNMLQJNHIFFCQ98CA,20,140.99,住家用,鋼筋混凝土造,82年3月8日,二層,二層 電梯樓梯間 夾層 一層
RPVNMLPKMHIFFDQ07EA,33,112.71,住商用,鋼筋混凝土加強磚造,69年8月20日,二層,一層 二層
RPUNMLMKMHIFFBQ88CA,29,99.36,住家用,鋼筋混凝土加強磚造,73年2月6日,二層,一層 二層 騎樓
RPPNMLMKMHIFFBQ38CA,5,291.06,見其他登記事項,鋼筋混凝土造,97年4月8日,四層,一層 二層 三層 四層 地下一層
RPPNMLMKMHIFFBQ38CA,5,5.15,見其他登記事項,鋼筋混凝土造,97年4月8日,三層,
RPPNMLMKMHIFFBQ38CA,5,32.78,停車空間,鋼筋混凝土造,97年4月8日,四層,
RPPNMLLLMHIFFCQ48CA,20,155.14,住家用,鋼筋混凝土造,82年7月22日,三層,一層 二層 三層
RPQNMLMKMHIFFBQ48CA,9,202.07,住商用,鋼筋混凝土造,93年5月24日,四層,一層 二層 三層 四層
RPOOMLLKMHIFFDQ48CA,5,250.30,住商用,鋼筋混凝土造,97年7月4日,四層,三層 四層 一層 二層
RPWNMLMKMHIFFDQ66CA,1,223.44,集合住宅,鋼筋混凝土造,101年8月29日,四層,一層 二層 三層 四層
RPWNMLMKMHIFFDQ66CA,7,.65,見其他登記事項,鋼筋混凝土造,95年7月18日,三層,
RPWNMLMKMHIFFDQ66CA,7,.27,見其他登記事項,鋼筋混凝土造,95年7月18日,一層,
RPWNMLMKMHIFFDQ66CA,7,.48,見其他登記事項,鋼筋混凝土造,95年7月18日,四層,
RPTNMLQJNHIFFCQ66CA,,221.20,見其他登記事項,鋼筋混凝土造,101年10月26日,四層,一層 二層 三層 四層
RPVNMLMKMHIFFDQ56CA,1,197.02,集合住宅,鋼筋混凝土造,101年8月29日,四層,一層 二層 三層 四層
RPVNMLMKMHIFFDQ56CA,7,.65,見其他登記事項,鋼筋混凝土造,95年7月18日,三層,
RPVNMLMKMHIFFDQ56CA,7,.27,見其他登記事項,鋼筋混凝土造,95年7月18日,一層,
RPVNMLMKMHIFFDQ56CA,7,.48,見其他登記事項,鋼筋混凝土造,95年7月18日,四層,
RPPOMLLKMHIFFDQ58CA,5,250.30,住商用,鋼筋混凝土造,97年7月4日,四層,一層 二層 三層 四層
RPRNMLMLMHIFFCQ78CA,35,52.15,住家用,見其他登記事項,67年1月1日,一層,一層
RPOOMLLJNHIFFDQ48CA,17,70.64,見其他登記事項,鋼筋混凝土造,84年12月27日,五層,二層
RPOOMLLJNHIFFDQ48CA,17,12.77,見其他登記事項,鋼筋混凝土造,84年12月27日,五層,
RPRNMLQKMHIFFCQ09CA,32,269.78,住家用,鋼筋混凝土加強磚造,70年6月5日,三層,一層 二層 三層 騎樓 電梯樓梯間
RPUTMLNLMHIFFDQ27CA,,162.75,見其他登記事項,鋼筋混凝土造,102年2月4日,三層,二層 三層 一層 見其他登記事項
RPQNMLQKMHIFFDQ66EA,33,97.50,住家用,鋼筋混凝土加強磚造,69年7月1日,二層,一層 二層
RPVNMLTKMHIFFCQ17CA,18,204.89,住家用,鋼筋混凝土造,83年10月29日,四層,一層 二層 三層 四層
RPRNMLQKMHIFFBQ98CA,17,296.75,農舍,鋼筋混凝土加強磚造,84年12月29日,三層,一層 二層 三層
RPSNMLQJNHIFFCQ56CA,1,237.89,住家用,鋼筋混凝土造,101年8月13日,四層,一層 二層 三層 四層
RPPNMLPLMHIFFCQ88CA,9,192.67,見其他登記事項,鋼筋混凝土造,93年1月30日,三層,二層 三層 一層
RPQNMLPLMHIFFCQ98CA,9,192.67,見其他登記事項,鋼筋混凝土造,93年1月30日,三層,一層 二層 三層
RPQQMLNLMHIFFDQ66DA,,179.02,見其他登記事項,鋼筋混凝土造,101年12月26日,三層,一層 二層 三層 見其他登記事項
RPSNMLRJNHIFFDQ76CA,18,178.63,住家用,鋼筋混凝土造,84年10月2日,三層,一層 二層 三層
RPQOMLLJNHIFFDQ68CA,31,116.18,住商用,鋼筋混凝土加強磚造,70年12月28日,二層,一層 二層 騎樓
RPPOMLLJNHIFFDQ58CA,22,219.69,住家用,鋼筋混凝土造,80年4月25日,三層,一層 二層 三層
RPSNMLTKMHIFFCQ86CA,32,114.80,住家用,鋼筋混凝土加強磚造,70年1月20日,二層,一層 二層 騎樓
RPPNMLPKNHIFFCQ88CA,30,75.54,住家用,鋼筋混凝土加強磚造,72年8月19日,二層,一層 二層 電梯樓梯間
RPPNMLTKMHIFFCQ56CA,7,195.98,見其他登記事項,鋼筋混凝土造,95年4月24日,四層,一層 二層 三層 四層
RPVNMLOKNHIFFDQ86CA,19,172.42,住家用,鋼筋混凝土造,83年1月13日,四層,一層 二層 三層 四層
RPQOMLNKNHIFFDQ98CA,7,146.21,住家用,鋼筋混凝土造,94年12月29日,三層,三層 一層 二層
RPSNMLNLMHIFFCQ98CA,36,1545.83,見其他登記事項,鋼筋混凝土加強磚造,66年1月8日,二層,一層 二層 騎樓 地下層
RPSNMLNLMHIFFCQ98CA,36,34.67,見其他登記事項,鋼筋混凝土加強磚造,66年1月8日,一層,一層
RPSNMLNLMHIFFCQ98CA,31,431.58,見其他登記事項,見其他登記事項,71年8月7日,一層,一層
RPSNMLNLMHIFFCQ98CA,36,1857.24,見其他登記事項,見其他登記事項,66年1月17日,一層,一層
RPSNMLNLMHIFFCQ98CA,37,85.40,見其他登記事項,鋼筋混凝土加強磚造,65年7月23日,一層,一層
RPSNMLNLMHIFFCQ98CA,36,2193.36,見其他登記事項,見其他登記事項,66年1月28日,一層,一層
RPSNMLNLMHIFFCQ98CA,36,1388.42,見其他登記事項,見其他登記事項,66年1月28日,一層,一層
RPSNMLNLMHIFFCQ98CA,36,330.62,見其他登記事項,見其他登記事項,66年1月28日,一層,一層
RPSNMLNLMHIFFCQ98CA,36,321.20,見其他登記事項,見其他登記事項,66年1月28日,一層,一層
RPUOMLNLMHIFFDQ76CA,1,198.30,集合住宅,鋼筋混凝土造,101年8月29日,四層,一層 二層 四層 三層
RPUOMLNLMHIFFDQ76CA,7,.65,見其他登記事項,鋼筋混凝土造,95年7月18日,三層,
RPUOMLNLMHIFFDQ76CA,7,.27,見其他登記事項,鋼筋混凝土造,95年7月18日,一層,
RPUOMLNLMHIFFDQ76CA,7,.48,見其他登記事項,鋼筋混凝土造,95年7月18日,四層,
RPRPMLNLMHIFFDQ56CA,1,221.92,集合住宅,鋼筋混凝土造,101年8月29日,四層,四層 一層 二層 三層
RPRPMLNLMHIFFDQ56CA,7,.65,見其他登記事項,鋼筋混凝土造,95年7月18日,三層,
RPRPMLNLMHIFFDQ56CA,7,.27,見其他登記事項,鋼筋混凝土造,95年7月18日,一層,
RPRPMLNLMHIFFDQ56CA,7,.48,見其他登記事項,鋼筋混凝土造,95年7月18日,四層,
RPQPMLNLMHIFFDQ09CA,1,221.92,集合住宅,鋼筋混凝土造,101年8月29日,四層,一層 二層 三層 四層
RPQPMLNLMHIFFDQ09CA,7,.65,見其他登記事項,鋼筋混凝土造,95年7月18日,三層,
RPQPMLNLMHIFFDQ09CA,7,.27,見其他登記事項,鋼筋混凝土造,95年7月18日,一層,
RPQPMLNLMHIFFDQ09CA,7,.48,見其他登記事項,鋼筋混凝土造,95年7月18日,四層,
RPUNMLKMMHIFFDQ09CA,20,175.89,住家用,鋼筋混凝土造,82年7月20日,四層,一層 二層 三層 四層
RPUNMLMLMHIFFCQ09CA,31,95.35,住家用,鋼筋混凝土加強磚造,71年2月27日,二層,一層 二層
RPSNMLOLMHIFFDQ56CA,16,68.95,見其他登記事項,鋼筋混凝土造,86年6月23日,六層,五層
RPSNMLOLMHIFFDQ56CA,16,11.73,見其他登記事項,鋼筋混凝土造,86年6月23日,七層,
RPSNMLOLMHIFFDQ56CA,16,12.02,見其他登記事項,鋼筋混凝土造,86年6月23日,七層,
RPTNMLOLMHIFFEQ76CA,34,189.56,住家用,鋼筋混凝土加強磚造,68年5月25日,二層,一層 二層
RPTNMLMLMHIFFBQ98DA,17,144.00,住家用,鋼筋混凝土造,84年10月26日,三層,一層 二層 三層
RPTNMLKMMHIFFCQ88CA,17,240.24,住商用,鋼筋混凝土造,85年3月15日,四層,四層 一層 二層 三層 騎樓
RPSNMLTKMHIFFBQ86DA,28,295.68,見其他登記事項,見其他登記事項,74年7月27日,一層,一層
RPSNMLTKMHIFFBQ86DA,28,51.43,見其他登記事項,鋼筋混凝土加強磚造,74年7月27日,一層,一層
RPSNMLTKMHIFFBQ86DA,28,152.18,見其他登記事項,鋼筋混凝土加強磚造,74年7月27日,一層,一層
RPPNMLLJNHIFFEQ58CA,20,37.23,住家用,鋼筋混凝土造,82年4月1日,十八層,八層
RPPNMLLJNHIFFEQ58CA,20,7.31,見其他登記事項,鋼筋混凝土造,82年4月1日,十八層,
RPPNMLLJNHIFFEQ58CA,20,1.75,見其他登記事項,鋼筋混凝土造,82年4月1日,,
RPUPMLNLMHIFFDQ86CA,1,221.92,集合住宅,鋼筋混凝土造,101年8月29日,四層,一層 二層 四層 三層
RPUPMLNLMHIFFDQ86CA,7,.65,見其他登記事項,鋼筋混凝土造,95年7月18日,三層,
RPUPMLNLMHIFFDQ86CA,7,.27,見其他登記事項,鋼筋混凝土造,95年7月18日,一層,
RPUPMLNLMHIFFDQ86CA,7,.48,見其他登記事項,鋼筋混凝土造,95年7月18日,四層,
RPVPMLNLMHIFFDQ96CA,1,223.44,集合住宅,鋼筋混凝土造,101年8月29日,四層,一層 二層 三層 四層
RPVPMLNLMHIFFDQ96CA,7,.65,見其他登記事項,鋼筋混凝土造,95年7月18日,三層,
RPVPMLNLMHIFFDQ96CA,7,.27,見其他登記事項,鋼筋混凝土造,95年7月18日,一層,
RPVPMLNLMHIFFDQ96CA,7,.48,見其他登記事項,鋼筋混凝土造,95年7月18日,四層,
RPWPMLNLMHIFFDQ07CA,1,223.44,集合住宅,鋼筋混凝土造,101年8月29日,四層,一層 二層 三層 四層
RPWPMLNLMHIFFDQ07CA,7,.65,見其他登記事項,鋼筋混凝土造,95年7月18日,三層,
RPWPMLNLMHIFFDQ07CA,7,.27,見其他登記事項,鋼筋混凝土造,95年7月18日,一層,
RPWPMLNLMHIFFDQ07CA,7,.48,見其他登記事項,鋼筋混凝土造,95年7月18日,四層,
RPWOMLNLMHIFFDQ96CA,1,197.02,集合住宅,鋼筋混凝土造,101年8月29日,四層,一層 二層 三層 四層
RPWOMLNLMHIFFDQ96CA,7,.65,見其他登記事項,鋼筋混凝土造,95年7月18日,三層,
RPWOMLNLMHIFFDQ96CA,7,.27,見其他登記事項,鋼筋混凝土造,95年7月18日,一層,
RPWOMLNLMHIFFDQ96CA,7,.48,見其他登記事項,鋼筋混凝土造,95年7月18日,四層,
RPXOMLNLMHIFFDQ07CA,1,197.02,集合住宅,鋼筋混凝土造,101年8月29日,四層,一層 二層 三層 四層
RPXOMLNLMHIFFDQ07CA,7,.65,見其他登記事項,鋼筋混凝土造,95年7月18日,三層,
RPXOMLNLMHIFFDQ07CA,7,.27,見其他登記事項,鋼筋混凝土造,95年7月18日,一層,
RPXOMLNLMHIFFDQ07CA,7,.48,見其他登記事項,鋼筋混凝土造,95年7月18日,四層,
RPQNMLOLMHIFFCQ88CA,19,210.77,住家用,鋼筋混凝土造,82年12月15日,四層,一層 二層 三層 四層
RPSOMLPLMHIFFCQ66CA,46,66.25,住家用,見其他登記事項,56年6月15日,一層,
RPSNMLPLMHIFFCQ56CA,20,164.31,住家用,鋼筋混凝土造,82年5月7日,三層,二層 一層 三層 電梯樓梯間
RPPNMLRLMHIFFCQ09CA,32,169.65,住家用,鋼筋混凝土加強磚造,69年10月27日,三層,電梯樓梯間 一層 二層 三層 騎樓
RPTNMLNKNHIFFCQ09CA,17,183.96,住家用,鋼筋混凝土造,85年5月3日,三層,
RPSPMLNLMHIFFDQ66CA,1,201.51,集合住宅,鋼筋混凝土造,101年8月29日,四層,一層 二層 三層 四層
RPSPMLNLMHIFFDQ66CA,7,.65,見其他登記事項,鋼筋混凝土造,95年7月18日,三層,
RPSPMLNLMHIFFDQ66CA,7,.27,見其他登記事項,鋼筋混凝土造,95年7月18日,一層,
RPSPMLNLMHIFFDQ66CA,7,.48,見其他登記事項,鋼筋混凝土造,95年7月18日,四層,
RPPNMLLKNHIFFCQ48CA,33,99.36,住家用,鋼筋混凝土加強磚造,69年6月20日,二層,一層 二層
RPVNMLKKNHIFFCQ98CA,1,141.70,住家用,鋼筋混凝土造,101年9月12日,三層,一層 二層 三層
RPSOMLNLMHIFFDQ56CA,5,250.30,住商用,鋼筋混凝土造,97年7月4日,四層,二層 一層 三層 四層
RPROMLNLMHIFFDQ09CA,5,250.30,住商用,鋼筋混凝土造,97年7月4日,四層,一層 二層 三層 四層
RPQOMLNLMHIFFDQ98CA,5,250.30,住商用,鋼筋混凝土造,97年7月4日,四層,二層 三層 四層 一層
RPQNMLNLMHIFFDQ88CA,19,209.52,住家用,鋼筋混凝土造,82年11月22日,三層,夾層 一層 二層 三層
RPVNMLNLMHIFFDQ76CA,16,151.56,見其他登記事項,鋼筋混凝土造,85年11月22日,四層,
RPTNMLOLMHIFFCQ56CA,11,127.88,住家用,鋼筋混凝土造,91年1月14日,三層,
RPTNMLQLMHIFFBQ66CA,29,77.94,住商用,鋼筋混凝土造,73年3月19日,三層,一層 二層 三層 騎樓
RPVOMLPLMHIFFCQ96CA,16,102.09,國民住宅,鋼筋混凝土造,85年11月15日,五層,四層
RPPNMLOLMHIFFCQ78CA,1,176.35,住家用,鋼筋混凝土造,101年1月18日,三層,一層 二層 三層 電梯樓梯間
RPTNMLNLMHIFFCQ09CA,1,218.18,見其他登記事項,鋼筋混凝土造,101年8月13日,四層,一層 二層 三層 四層
RPWNMLMLMHIFFBQ56CA,18,49.47,住家用,鋼筋混凝土造,84年7月4日,七層,六層
RPWNMLMLMHIFFBQ56CA,18,49.47,住家用,鋼筋混凝土造,84年7月4日,七層,六層
RPRNMLSJNHIFFEQ96DA,6,117.98,見其他登記事項,見其他登記事項,96年9月3日,一層,一層
RPXNMLOLMHIFFDQ07CA,4,142.12,住家用,鋼筋混凝土造,97年10月30日,三層,一層 二層 三層
RPVNMLTLMHIFFDQ37CA,32,99.81,住家用,鋼筋混凝土加強磚造,70年8月26日,二層,一層 二層 騎樓
RPUNMLPLMHIFFCQ86DA,17,68.87,住家用,鋼筋混凝土造,85年8月24日,四層,一層 二層 三層 四層 電梯樓梯間
RPWNMLQLMHIFFDQ17CA,9,16.26,見其他登記事項,鋼筋混凝土造,93年6月9日,五層,五層
RPWNMLQLMHIFFDQ17CA,9,4.65,見其他登記事項,鋼筋混凝土造,93年6月9日,五層,
RPOOMLOLMHIFFDQ88CA,4,151.39,見其他登記事項,鋼筋混凝土造,97年10月30日,三層,一層 二層 三層 見其他登記事項
RPVNMLPLMHIFFCQ07EA,30,65.03,住家用,鋼筋混凝土加強磚造,72年6月20日,二層,二層 騎樓 一層 電梯樓梯間
RPWNMLTLMHIFFCQ37CA,18,254.65,住商用,鋼筋混凝土造,83年10月28日,三層,一層 二層 三層 騎樓 電梯樓梯間
RPXNMLTLMHIFFCQ47CA,20,91.15,國民住宅,鋼筋混凝土造,82年2月17日,五層,五層
RPSNMLNLMHIFFBQ98DA,19,84.37,住家用,鋼筋混凝土造,83年9月10日,十三層,十三層
RPSNMLNLMHIFFBQ98DA,19,11.73,見其他登記事項,鋼筋混凝土造,83年9月10日,十三層,
RPSNMLNLMHIFFBQ98DA,19,23.89,見其他登記事項,鋼筋混凝土造,83年9月10日,十三層,
RPQNMLNKNHIFFBQ78DA,17,262.74,住商用,鋼筋混凝土造,84年10月26日,三層,一層 二層 三層
RPRNMLQLMHIFFBQ09CA,24,189.24,住家用,鋼筋混凝土造,78年8月2日,三層,一層 二層 三層
RPWNMLPKNHIFFCQ96CA,31,93.30,住家用,鋼筋混凝土加強磚造,71年2月11日,二層,
RPRNMLRKNHIFFCQ66CA,22,183.49,農舍,鋼造,80年2月12日,一層,一層
RPUNMLTLMHIFFCQ17CA,17,95.23,見其他登記事項,鋼筋混凝土造,85年5月17日,八層,八層
RPUNMLTLMHIFFCQ17CA,17,29.31,共有部分,鋼筋混凝土造,85年5月17日,八層,
RPUNMLTLMHIFFCQ17CA,17,3.00,共有部分,鋼筋混凝土造,85年5月17日,八層,
RPUNMLTLMHIFFCQ17CA,17,.08,見其他登記事項,鋼筋混凝土造,85年5月17日,八層,
RPVNMLNJNHIFFCQ56CA,19,160.39,住家用,鋼筋混凝土造,83年6月29日,三層,一層 二層 三層 電梯樓梯間
RPPNMLOLMHIFFDQ98DA,6,203.02,見其他登記事項,鋼筋混凝土造,95年12月5日,四層,一層 二層 三層 四層 地下層 見其他登記事項
RPQNMLQKNHIFFCQ09CA,21,164.19,住家用,鋼筋混凝土造,81年8月14日,三層,電梯樓梯間 夾層 一層 二層 三層
RPPNMLTKNHIFFCQ66CA,,221.20,見其他登記事項,鋼筋混凝土造,101年10月23日,四層,一層 二層 四層 三層
RPPNMLTKNHIFFCQ66CA,,221.20,見其他登記事項,鋼筋混凝土造,101年10月23日,四層,一層 二層 三層 四層
RPSNMLPLMHIFFBQ09CA,9,185.65,住家用,鋼筋混凝土造,93年6月2日,四層,一層 二層 三層 四層
RPXNMLPLMHIFFDQ17CA,10,21.92,見其他登記事項,鋼筋混凝土造,92年5月5日,五層,一層
RPTNMLPLMHIFFBQ66DA,34,34.10,住商用,鋼筋混凝土加強磚造,67年10月14日,三層,一層 二層 三層 騎樓
RPVNMLKLNHIFFDQ56CA,11,173.95,住商用,鋼筋混凝土造,91年1月30日,四層,四層 一層 二層 三層
RPPNMLKLNHIFFDQ68DA,9,201.09,住商用,鋼筋混凝土造,93年7月28日,四層,三層 四層 一層 二層
RPQNMLKMMHIFFCQ68DA,20,129.10,住家用,鋼筋混凝土造,82年6月29日,三層,一層 二層 三層 電梯樓梯間
RPPNMLQLMHIFFDQ09CA,20,164.94,住家用,鋼筋混凝土造,82年1月9日,三層,一層 二層 三層
RPPNMLRLMHIFFBQ98CA,8,17.25,住家用,鋼筋混凝土造,94年10月3日,十層,三層
RPPNMLRLMHIFFBQ98CA,8,.11,見其他登記事項,鋼筋混凝土造,94年10月3日,十層,
RPPNMLRLMHIFFBQ98CA,8,9.11,見其他登記事項,鋼筋混凝土造,94年10月3日,十層,
RPPNMLTLMHIFFCQ66CA,1,237.86,見其他登記事項,鋼筋混凝土造,101年8月13日,四層,一層 二層 三層 四層
RPRNMLTLMHIFFDQ07DA,20,2.36,見其他登記事項,鋼筋混凝土造,82年10月6日,九層,
RPRNMLTLMHIFFDQ07DA,20,15.83,見其他登記事項,鋼筋混凝土造,82年10月6日,9,
RPRNMLTLMHIFFDQ07DA,20,73.06,見其他登記事項,鋼筋混凝土造,82年10月6日,九層,七層
RPQNMLTLMHIFFBQ66CA,5,299.08,見其他登記事項,鋼筋混凝土造,97年4月8日,四層,地下一層 一層 三層 四層 二層
RPQNMLTLMHIFFBQ66CA,5,5.30,見其他登記事項,鋼筋混凝土造,97年4月8日,三層,
RPQNMLTLMHIFFBQ66CA,5,33.76,停車空間,鋼筋混凝土造,97年4月8日,四層,
RPOOMLQJNHIFFDQ98CA,33,95.50,住家用,鋼筋混凝土加強磚造,69年5月10日,二層,一層 二層
RPQNMLLJNHIFFDQ58CA,5,250.30,住商用,鋼筋混凝土造,97年7月4日,四層,三層 一層 二層 四層
RPPNMLNJNHIFFCQ58CA,12,133.60,住家用,鋼筋混凝土造,89年11月4日,三層,一層 二層 三層
RPVNMLNLNHIFFCQ76CA,11,99.13,見其他登記事項,鋼筋混凝土造,91年7月25日,五層,
RPVNMLNLNHIFFCQ76CA,11,11.73,見其他登記事項,鋼筋混凝土造,91年7月25日,五層,
RPVNMLNLNHIFFCQ76CA,11,.68,見其他登記事項,鋼筋混凝土造,91年7月25日,五層,
RPROMLRJNHIFFDQ76CA,17,69.93,見其他登記事項,鋼筋混凝土造,85年2月7日,九層,八層
RPROMLRJNHIFFDQ76CA,17,12.59,見其他登記事項,鋼筋混凝土造,85年2月7日,九層,
RPROMLRJNHIFFDQ76CA,17,8.68,見其他登記事項,鋼筋混凝土造,85年2月7日,九層,
RPPNMLLLNHIFFDQ68CA,34,114.13,住家用,鋼筋混凝土加強磚造,68年4月1日,一層,一層
RPORMLLJNHIFFDQ78CA,20,80.77,住家用,鋼筋混凝土造,82年9月7日,三層,二層 三層 一層
RPPNMLNJNHIFFBQ58DA,17,188.15,住家用,鋼筋混凝土加強磚造,85年1月17日,三層,一層 二層 三層
RPPNMLNJNHIFFBQ58DA,17,15.94,見其他登記事項,鋼筋混凝土加強磚造,85年1月17日,,
RPPNMLRJNHIFFDQ09CA,11,162.29,見其他登記事項,鋼筋混凝土造,91年6月17日,三層,二層 三層 一層
RPQOMLQJNHIFFDQ76EA,5,198.50,見其他登記事項,鋼筋混凝土造,97年5月16日,四層,一層 二層 三層 四層
RPXNMLKMMHIFFCQ86EA,19,459.06,住家用,鋼筋混凝土造,82年12月15日,四層,一層 二層 三層 四層
RPPNMLQJNHIFFDQ56EA,5,195.33,見其他登記事項,鋼筋混凝土造,97年1月4日,三層,一層 二層 三層 見其他登記事項
RPQNMLQJNHIFFDQ66EA,5,197.64,見其他登記事項,鋼筋混凝土造,97年1月4日,三層,一層 二層 三層 見其他登記事項
RPSNMLKMMHIFFBQ68CA,11,19.37,住家用,鋼筋混凝土造,91年4月23日,四層,二層
RPXNMLKLNHIFFCQ66CA,17,1082.69,見其他登記事項,鋼造,85年1月31日,一層,一層
RPQNMLTKNHIFFCQ76CA,21,119.52,住家用,加強磚造,81年8月3日,二層,一層 二層 電梯樓梯間
RPRNMLTKNHIFFCQ86CA,31,121.17,住家用,鋼筋混凝土加強磚造,70年12月17日,二層,一層 二層 電梯樓梯間
RPWNMLRLNHIFFCQ37DA,16,206.02,住家用,鋼筋混凝土造,86年4月11日,四層,電梯樓梯間 一層 二層 三層 四層
RPPNMLTJNHIFFBQ09CA,20,93.93,住家用,鋼筋混凝土造,82年7月12日,七層,五層
RPPNMLLJNHIFFDQ68EA,32,103.32,住家用,鋼筋混凝土加強磚造,69年11月18日,二層,一層 二層
RPPNMLSKNHIFFDQ66CA,31,89.52,住商用,鋼筋混凝土加強磚造,70年10月17日,二層,一層 二層 騎樓
RPPNMLRJNHIFFEQ56CA,1,221.77,住家用,鋼筋混凝土造,101年6月15日,三層,一層 二層 三層
RPTNMLRJNHIFFDQ86CA,33,113.36,住家用,鋼筋混凝土加強磚造,68年11月2日,二層,一層 二層
RPVOMLQJNHIFFDQ07CA,7,168.00,住商用,鋼筋混凝土造,94年11月14日,四層,一層 二層 三層 四層
RPQNMLLKNHIFFCQ58CA,20,79.75,住家用,鋼筋混凝土造,81年11月30日,五層,四層
RPQNMLLKNHIFFCQ58CA,20,8.04,共有部分,鋼筋混凝土造,81年11月30日,地下層,
RPQNMLLKNHIFFCQ58CA,20,6.94,共有部分,鋼筋混凝土造,81年11月30日,五層,
