﻿編號,土地區段位置,土地移轉面積平方公尺,使用分區或編定
The serial number,land sector position,land shifting area square meter,the use zoning or compiles and checks
RPSNMLLJKHIFFDV98CA,樂山段,4378.34,都市：農
RPPOMLLJKHIFFAV58DA,建本段,3936.83,都市：住
RPSNMLOJKHIFFAV98CA,岩灣段,162.31,都市：住
RPTNMLOJKHIFFAV09CA,馬蘭段,120.00,都市：住
RPPNMLTKKHIFFAV76DA,旭川段,28.68,都市：農
RPPNMLTKKHIFFAV76DA,旭川段,1925.20,都市：農
RPQOMLSKKHIFFAV76CA,興安段,191.73,都市：住
RPROMLSKKHIFFAV86CA,新生段,128.00,都市：住
RPUNMLPJKHIFFAV66CA,富岡南段,116.62,都市：住
RPXNMLSKKHIFFAV37CA,興安段,114.05,都市：住
RPUNMLOJKHIFFAV66DA,建和段,1468.55,都市：農
RPUOMLQJKHIFFAV86CA,下賓朗段,4717.42,都市：農
RPROMLQJKHIFFAV56CA,建樂段,5.27,都市：住
RPVNMLPJKHIFFAV76CA,石川段,85.38,都市：住
RPSNMLRJKHIFFAV66CA,南清段,55.35,都市：其他
RPSNMLRJKHIFFAV66CA,南清段,12.35,都市：住
RPSNMLRJKHIFFAV66CA,南清段,911.62,都市：住
RPSNMLRJKHIFFAV66CA,南清段,33.72,都市：其他
RPTOMLQJKHIFFAV86DA,建興段,5.00,都市：其他
RPTOMLQJKHIFFAV86DA,建興段,44.00,都市：商
RPPNMLOJKHIFFBV88DA,北佳里段,2500.00,都市：農
RPPNMLSJKHIFFAV09CA,旭川段,69.32,都市：住
RPUNMLRLKHIFFAV17DA,下南寮段,187.37,都市：其他
RPTPMLQJKHIFFAV86CA,永樂段,20.00,都市：住
RPUNMLRJKHIFFAV86CA,常德段,81.68,都市：住
RPUPMLQJKHIFFAV96CA,南清段,70.08,都市：住
RPOOMLRJKHIFFAV98CA,台東段,46.25,都市：住
RPRNMLRJKHIFFAV56CA,中心段,168.00,都市：商
RPRNMLRJKHIFFAV56CA,中心段,1.00,都市：商
RPQNMLRJKHIFFAV09CA,豐年段,135.28,都市：住
RPPOMLPJKHIFFAV88CA,興安段,92.69,都市：住
RPSNMLQJKHIFFBV76DA,烏石鼻段,3477.32,非都市：風景區 ; 非都市編定：農牧用地
RPRNMLPLKHIFFBV66CA,高原段,5268.00,非都市：森林區 ; 非都市編定：農牧用地
RPQNMLPLKHIFFBV56CA,高原段,17615.00,非都市：森林區 ; 非都市編定：農牧用地
RPQOMLPJKHIFFAV98CA,興安段,63.50,都市：住
SPQNMLRJKHIFFAV56CA,豐年段,25.55,都市：住
RPVOMLQJKHIFFAV96CA,台東段,113.50,都市：商
RPVOMLQJKHIFFAV96CA,台東段,113.50,都市：商
RPQPMLQJKHIFFAV56CA,岩灣段,143.18,都市：住
RPROMLPJKHIFFAV09CA,普優瑪段,121.03,都市：住
RPUNMLKLKHIFFAV98CA,豐工段,3290.30,都市：工
RPTNMLKLKHIFFAV88CA,豐工段,2711.46,都市：工
RPTNMLPJKHIFFAV56CA,中山段,48.00,都市：住
RPPOMLQJKHIFFAV98CA,新生段,155.00,都市：住
RPPOMLQJKHIFFAV98CA,新生段,155.00,都市：住
RPVNMLRLKHIFFAV17CA,台東段,110.00,都市：住
RPPNMLQJKHIFFAV98DA,台東段,169.00,都市：住
RPPNMLQJKHIFFAV98DA,台東段,185.00,都市：住
RPQNMLQJKHIFFAV09DA,豐源段,2552.59,都市：農
RPTNMLQJKHIFFAV76DA,上源段,15910.21,都市：農
RPSNMLQJKHIFFAV66DA,馬蘭段,45.60,都市：住
RPSOMLSKKHIFFAV96CA,中心段,24.00,都市：住
RPUNMLQJKHIFFAV86DA,煙草間段,110.39,非都市：特定農業區 ; 非都市編定：甲種建築用地
RPUOMLSKKHIFFAV17CA,岩灣段,159.69,都市：農
RPVNMLQJKHIFFAV96DA,建和段,959.80,都市：農
RPVNMLQJKHIFFAV96DA,建和段,724.04,都市：農
RPXNMLQJKHIFFAV17DA,新生段,110.00,都市：住
RPXNMLQJKHIFFAV17DA,新生段,49.00,都市：住
RPPNMLSJKHIFFDV76CA,荒野段,231.01,非都市：山坡地保育區 ; 非都市編定：丙種建築用地
RPWOMLQJKHIFFAV17DA,新生段,155.00,都市：住
RPXOMLQJKHIFFAV27DA,新生段,155.00,都市：住
RPSNMLPLKHIFFBV76CA,高原段,15861.00,非都市：森林區 ; 非都市編定：農牧用地
RPPNMLKLKHIFFDV88DA,多良段,2580.00,非都市：山坡地保育區 ; 非都市編定：林業用地
RPPNMLKLKHIFFDV88DA,多良段,7070.00,非都市：山坡地保育區 ; 非都市編定：林業用地
RPPNMLKLKHIFFDV88DA,多良段,2200.00,非都市：山坡地保育區 ; 非都市編定：農牧用地
RPPNMLKLKHIFFDV88DA,多良段,900.00,非都市：山坡地保育區 ; 非都市編定：農牧用地
RPPNMLKLKHIFFDV88DA,多良段,4680.00,非都市：山坡地保育區 ; 非都市編定：農牧用地
RPPNMLKLKHIFFDV88DA,多良段,450.00,非都市：鄉村區 ; 非都市編定：乙種建築用地
RPSNMLKLKHIFFAV98EA,新園段,694.00,都市：住
RPPNMLSKKHIFFBV66CA,北八里段,338.78,非都市：鄉村區 ; 非都市編定：乙種建築用地
RPPNMLQJKHIFFDV56CA,秀山段,10.39,都市：其他
RPPNMLQJKHIFFDV56CA,秀山段,.00,都市：其他
RPPNMLRJKHIFFBV09CA,萬年段,390.00,都市：住
RPPNMLRJKHIFFBV09CA,北佳里段,581.90,都市：農
RPPNMLSKKHIFFCV76CA,南山段,1330.74,都市：農
RPPNMLSKKHIFFCV76CA,南山段,1221.95,都市：農
RPPNMLRJKHIFFDV66CA,南興段,205.00,非都市：鄉村區 ; 非都市編定：乙種建築用地
RPQNMLRJKHIFFDV76CA,德其段,99.55,都市：住
RPPNMLPJLHIFFCV56DA,大原段,2807.00,非都市：特定農業區 ; 非都市編定：農牧用地
RPPNMLPJLHIFFCV56DA,大原段,1970.00,非都市：特定農業區 ; 非都市編定：農牧用地
RPSNMLKLKHIFFAV78CA,三塊厝段,64.45,非都市：山坡地保育區 ; 非都市編定：丙種建築用地
RPSNMLKLKHIFFAV78CA,三塊厝段,103.05,非都市：山坡地保育區 ; 非都市編定：丙種建築用地
RPRNMLQJLHIFFAV56CA,豐源段,3193.81,都市：農
RPTNMLQLKHIFFAV86CA,台東段,11.50,都市：商
RPTNMLQLKHIFFAV86CA,台東段,218.50,都市：商
RPVNMLOJLHIFFAV76CA,豐聖段,.81,都市：其他
RPUNMLOJLHIFFAV66CA,利家段,3077.00,都市：農
RPRNMLPJLHIFFAV56DA,中正段,18.00,都市：住
RPXNMLMLKHIFFAV86CA,興安段,177.70,都市：住
RPSPMLQJKHIFFAV86DA,光明段,68.00,都市：住
RPVNMLQLKHIFFAV07CA,下南寮段,50.81,都市：農
RPVOMLSKKHIFFAV27CA,南榮段,408.36,都市：農
RPVOMLSKKHIFFAV27CA,南榮段,77.56,都市：農
RPVOMLSKKHIFFAV27CA,南榮段,289.31,都市：農
RPVOMLSKKHIFFAV27CA,南榮段,8.00,都市：農
RPRNMLSKKHIFFAV76CA,台東段,106.00,都市：住
RPRNMLSKKHIFFAV76CA,台東段,1.00,都市：住
RPXOMLSKKHIFFAV47CA,山里段,1919.70,都市：農
RPQNMLPJLHIFFAV98CA,自強段,25.50,都市：住
RPQNMLPJLHIFFAV98CA,自強段,25.50,都市：住
RPRPMLQJKHIFFAV66CA,知本段,5718.00,都市：農
RPRPMLQJKHIFFAV66CA,知本段,4132.00,都市：農
RPVNMLSKKHIFFAV17CA,岩灣段,145.55,都市：住
RPUNMLQLKHIFFAV96CA,泰安段,278.02,都市：其他
RPWOMLSKKHIFFAV37CA,馬蘭段,39.38,都市：住
RPTOMLSKKHIFFAV07CA,馬蘭段,2.35,都市：住
RPTOMLSKKHIFFAV07CA,馬蘭段,2.77,都市：住
RPPNMLLLKHIFFBV68CA,都蘭段,766.00,非都市：風景區 ; 非都市編定：農牧用地
RPPNMLLLKHIFFBV68CA,都蘭段,1834.00,非都市：風景區 ; 非都市編定：農牧用地
RPQNMLKLKHIFFDV98DA,大武段,189.00,非都市：山坡地保育區 ; 非都市編定：農牧用地
RPRNMLTKKHIFFAV96DA,利泰段,1924.00,都市：其他
RPOOMLSKKHIFFAV66DA,豐嘉段,1181.15,都市：農
RPOOMLSKKHIFFAV66DA,豐嘉段,2022.33,都市：農
RPQNMLSJKHIFFDV96DA,多良段,5220.00,非都市：山坡地保育區 ; 非都市編定：農牧用地
RPQNMLSJKHIFFDV96DA,多良段,8230.00,非都市：山坡地保育區 ; 非都市編定：林業用地
RPQNMLSJKHIFFDV96DA,多良段,4380.00,非都市：山坡地保育區 ; 非都市編定：林業用地
RPQNMLSJKHIFFDV96DA,多良段,10120.00,非都市：山坡地保育區 ; 非都市編定：農牧用地
RPQNMLSJKHIFFDV96DA,多良段,3920.00,非都市：山坡地保育區 ; 非都市編定：林業用地
RPQNMLSJKHIFFDV96DA,多良段,2840.00,非都市：山坡地保育區 ; 非都市編定：林業用地
RPQNMLSJKHIFFDV96DA,多良段,940.00,非都市：山坡地保育區 ; 非都市編定：農牧用地
RPQNMLSJKHIFFDV96DA,多良段,8780.00,非都市：風景區 ; 非都市編定：農牧用地
RPQNMLSJKHIFFDV96DA,多良段,3300.00,非都市：山坡地保育區 ; 非都市編定：農牧用地
RPQNMLSJKHIFFDV96DA,多良段,8490.00,非都市：山坡地保育區 ; 非都市編定：農牧用地
RPQNMLSJKHIFFDV96DA,多良段,9320.00,非都市：山坡地保育區 ; 非都市編定：農牧用地
RPRNMLKLKHIFFCV98DA,慶福段,214.00,都市：住
RPRNMLSJKHIFFDV07DA,金富段,99.20,非都市：山坡地保育區 ; 非都市編定：農牧用地
RPQNMLSJKHIFFAV56CA,豐榮段,65.00,都市：住
RPTNMLSJKHIFFAV86CA,岩灣段,180.47,都市：住
RPPNMLKLKHIFFCV68CA,南山段,223.11,都市：住
RPQNMLRJLHIFFCV76CA,月野段,23.00,非都市：特定農業區 ; 非都市編定：特定目的事業用地
RPPNMLRJLHIFFAV56DA,新田段,1650.20,都市：其他
RPUNMLRJLHIFFAV07DA,台東段,325.00,都市：商
RPUNMLRJLHIFFAV07DA,台東段,52.00,都市：商
RPUNMLRJLHIFFAV07DA,台東段,11.00,都市：商
RPUNMLRJLHIFFAV07DA,台東段,856.00,都市：商
RPUNMLRJLHIFFAV07DA,台東段,188.00,都市：商
RPUNMLRJLHIFFAV07DA,台東段,74.00,都市：商
RPUNMLRJLHIFFAV07DA,台東段,480.00,都市：商
RPQNMLKLKHIFFCV78CA,豐泉段,15.74,都市：住
RPSNMLSJKHIFFCV07DA,高台段,1040.50,都市：其他
RPTNMLSJKHIFFCV17DA,四維段,2026.96,都市：其他
RPTNMLSJKHIFFCV17DA,四維段,2002.52,都市：其他
RPTNMLSJKHIFFCV17DA,四維段,2001.84,都市：其他
RPTNMLSJKHIFFCV17DA,四維段,2001.29,都市：其他
RPTNMLSJKHIFFCV17DA,四維段,1887.42,都市：其他
RPTNMLSJKHIFFCV17DA,四維段,1751.92,都市：其他
RPTNMLSJKHIFFCV17DA,四維段,1963.32,都市：其他
RPTNMLSJKHIFFCV17DA,四維段,2362.84,都市：其他
RPSNMLQLKHIFFAV76CA,台東段,64.00,都市：住
RPQNMLKLKHIFFAV58CA,豐年段,21.17,都市：住
RPRNMLLLKHIFFAV88DA,利卡夢段,205.94,都市：住
RPSNMLLLKHIFFAV98DA,馬蘭段,6.21,都市：住
RPSNMLLLKHIFFAV98DA,馬蘭段,7.31,都市：住
RPVNMLTKKHIFFAV27CA,岩灣段,174.97,都市：住
RPTNMLTKKHIFFAV07CA,岩灣段,172.05,都市：住
RPPNMLNLKHIFFBV88CA,藍寶段,598.06,非都市：風景區 ; 非都市編定：農牧用地
RPRNMLMLKHIFFCV09CA,福原段,61.95,都市：住
RPXNMLQLKHIFFAV27CA,興航段,142.84,都市：住
RPRNMLLLKHIFFCV09DA,水源段,4074.89,非都市：一般農業區 ; 非都市編定：特定目的事業用地
RPRNMLLLKHIFFCV09DA,水源段,920.25,非都市：一般農業區 ; 非都市編定：特定目的事業用地
RPRNMLLLKHIFFCV09DA,水源段,25.89,非都市：一般農業區 ; 非都市編定：農牧用地
RPRNMLLLKHIFFCV09DA,水源段,27.92,非都市：一般農業區 ; 非都市編定：農牧用地
RPPNMLTKLHIFFCV07DA,廣原段,5100.00,非都市：山坡地保育區 ; 非都市編定：農牧用地
RPPNMLMLKHIFFBV88DA,中濱段竹湖小段,3744.00,非都市：風景區 ; 非都市編定：農牧用地
RPPNMLPLKHIFFBV09CA,北佳里段,2600.23,非都市：風景區 ; 非都市編定：農牧用地
RPPNMLLLKHIFFDV98DA,壢坵段,13710.00,非都市：山坡地保育區 ; 非都市編定：農牧用地
RPRNMLPLKHIFFAV66DA,岩灣段,130.07,都市：住
RPSOMLMLKHIFFAV09CA,富岡段,75.29,非都市：鄉村區 ; 非都市編定：乙種建築用地
RPWNMLTKKHIFFAV37CA,岩灣段,161.06,都市：住
RPPNMLMLKHIFFDV09DA,多良段,13880.00,都市：其他
RPPNMLMLKHIFFDV09DA,多良段,390.00,都市：其他
RPPNMLMLKHIFFDV09DA,多良段,3710.00,都市：其他
RPPNMLMLKHIFFDV09DA,多良段,3540.00,都市：其他
RPQNMLMLKHIFFDV56DA,秀山段,8.08,都市：住
RPQNMLMLKHIFFDV56DA,秀山段,.00,都市：住
RPQNMLMLKHIFFCV09DA,鹿寮段,426.37,非都市：山坡地保育區 ; 非都市編定：丙種建築用地
RPPNMLMLKHIFFCV98DA,加拿段,2809.00,都市：農
RPPNMLQLKHIFFCV76DA,鹿野段,1268.00,都市：其他
RPPNMLQLKHIFFCV76DA,鹿野段,1273.00,都市：其他
RPPNMLQLKHIFFCV76DA,鹿野段,1238.00,都市：其他
RPPNMLQLKHIFFCV76DA,鹿野段,1049.00,都市：其他
RPPNMLQLKHIFFCV76DA,鹿野段,1144.00,都市：其他
RPPNMLQLKHIFFCV76DA,鹿野段,1129.00,都市：其他
RPPNMLQLKHIFFCV76DA,鹿野段,1096.00,都市：其他
RPPNMLQLKHIFFCV76DA,鹿野段,1060.00,都市：其他
RPPNMLQLKHIFFCV76DA,鹿野段,1139.00,都市：其他
RPPNMLQLKHIFFCV76DA,鹿野段,1080.00,都市：其他
RPPNMLQLKHIFFCV76DA,鹿野段,548.00,都市：其他
RPPNMLQLKHIFFCV76DA,鹿野段,753.00,都市：其他
RPRNMLMLKHIFFAV98DA,南榮段,1284.80,都市：農
RPQNMLMLKHIFFBV98DA,中濱段竹湖小段,3104.00,非都市：風景區 ; 非都市編定：農牧用地
RPRNMLMLKHIFFBV98CA,寧埔段石寧埔小段,2102.25,非都市：風景區 ; 非都市編定：農牧用地
RPRNMLMLKHIFFBV98CA,寧埔段石寧埔小段,2771.25,非都市：風景區 ; 非都市編定：農牧用地
RPVNMLMLKHIFFAV76DA,建華段,762.32,都市：農
RPVNMLMLKHIFFAV76DA,建華段,5838.16,都市：農
RPVNMLMLKHIFFAV76DA,建華段,1621.57,都市：農
RPVNMLMLKHIFFAV76DA,建華段,2948.54,都市：農
RPPNMLPLKHIFFAV09DA,煙草間段,147.35,非都市：鄉村區 ; 非都市編定：乙種建築用地
RPTNMLSKLHIFFAV07CA,東海段,22.69,都市：住
RPTNMLSKLHIFFAV07CA,東海段,1.46,都市：住
RPWNMLMLKHIFFAV86DA,北南王段,88.13,都市：住
RPROMLMLKHIFFAV98CA,豐谷段,112.00,都市：住
RPTNMLLLKHIFFAV98CA,台東段,94.00,都市：住
RPTNMLLLKHIFFAV98CA,台東段,175.00,都市：住
RPSNMLKLLHIFFAV98DA,台東段,10.08,都市：住
RPRNMLRLKHIFFAV86DA,豐年段,54.78,都市：住
RPRNMLRLKHIFFAV86DA,豐年段,14.49,都市：住
RPRNMLRLKHIFFAV86DA,豐年段,97.16,都市：住
RPQOMLMLKHIFFAV88CA,豐年段,77.23,都市：住
RPQOMLMLKHIFFAV88CA,豐年段,4.35,都市：農
RPTNMLMLKHIFFAV09CA,青林段,88.44,都市：住
RPWNMLNLKHIFFAV86CA,利家段,43.00,非都市：特定農業區 ; 非都市編定：農牧用地
RPWNMLNLKHIFFAV86CA,利家段,4315.00,非都市：特定農業區 ; 非都市編定：農牧用地
RPTNMLKLLHIFFAV98CA,馬蘭段,39.38,都市：住
RPUNMLNLKHIFFAV66CA,岩灣段,134.94,都市：住
RPWNMLQLKHIFFAV17CA,馬蘭段,11.54,都市：住
RPXNMLRLKHIFFAV37CA,建和段,126.29,都市：住
RPQNMLRLKHIFFAV66CA,豐川段,3579.24,都市：農
RPTNMLNLKHIFFAV56CA,新園段,796.00,非都市：特定農業區 ; 非都市編定：農牧用地
RPSNMLNLKHIFFAV09CA,新園段,7239.00,非都市：特定農業區 ; 非都市編定：農牧用地
RPTNMLPJLHIFFAV66CA,豐年段,22.46,都市：住
RPTNMLLKLHIFFAV98CA,建華段,373.46,都市：農
RPTNMLLKLHIFFAV98CA,建華段,739.59,都市：住
RPTNMLLKLHIFFAV98CA,建華段,175.26,都市：住
RPTNMLLKLHIFFAV98CA,建華段,3.54,都市：其他
RPPNMLNKLHIFFAV88DA,下賓朗段,5524.84,都市：農
RPPNMLNKLHIFFAV88DA,下賓朗段,1638.26,都市：農
RPPNMLNKLHIFFAV88DA,下賓朗段,4553.06,都市：農
RPPNMLNKLHIFFAV88DA,下賓朗段,131.74,都市：農
RPPNMLNKLHIFFAV88DA,下賓朗段,22.75,都市：農
RPPNMLNKLHIFFAV88DA,下賓朗段,4111.19,都市：農
RPPNMLNKLHIFFAV88DA,下賓朗段,2036.62,都市：農
RPPNMLNKLHIFFAV88DA,下賓朗段,235.77,都市：農
RPPNMLNKLHIFFAV88DA,下賓朗段,562.54,都市：農
RPPNMLNKLHIFFAV88DA,下賓朗段,640.15,都市：農
RPPNMLNKLHIFFAV88DA,下賓朗段,1541.89,都市：農
RPPNMLNKLHIFFAV88DA,下賓朗段,10184.10,都市：農
RPPNMLNKLHIFFAV88DA,下賓朗段,1937.63,都市：農
RPPNMLNKLHIFFAV88DA,下賓朗段,715.07,都市：農
RPQNMLNKLHIFFAV98DA,下賓朗段,465.06,都市：農
RPQNMLNKLHIFFAV98DA,下賓朗段,24.95,都市：農
RPQNMLNKLHIFFAV98DA,下賓朗段,179.90,都市：農
RPQNMLNKLHIFFAV98DA,下賓朗段,385.20,都市：農
RPQNMLNKLHIFFAV98DA,下賓朗段,1644.74,都市：農
RPQNMLNKLHIFFAV98DA,下賓朗段,239.07,都市：農
RPQNMLNKLHIFFAV98DA,下賓朗段,978.40,都市：農
RPQNMLNKLHIFFAV98DA,下賓朗段,482.01,都市：農
RPQNMLNKLHIFFAV98DA,下賓朗段,3582.34,都市：農
RPQNMLNKLHIFFAV98DA,下賓朗段,118.77,都市：農
RPQNMLNKLHIFFAV98DA,下賓朗段,293.07,都市：農
RPQNMLNKLHIFFAV98DA,下賓朗段,2149.95,都市：農
RPQNMLNKLHIFFAV98DA,下賓朗段,1485.31,都市：農
RPQNMLNKLHIFFAV98DA,下賓朗段,1550.21,都市：農
RPQNMLNKLHIFFAV98DA,下賓朗段,107.78,都市：農
RPPNMLTJLHIFFCV86CA,鸞山段,300.00,都市：農
RPPNMLTJLHIFFCV86CA,鸞山段,550.00,都市：農
RPPNMLTJLHIFFCV86CA,鸞山段,1320.00,都市：農
RPPNMLOJLHIFFCV98CA,豐泉段,4.31,都市：住
RPPNMLNLKHIFFAV88DA,鎮樂段,177.00,非都市：山坡地保育區 ; 非都市編定：農牧用地
RPPNMLNLKHIFFAV88DA,鎮樂段,78.00,非都市：山坡地保育區 ; 非都市編定：丙種建築用地
RPPNMLNLKHIFFAV88DA,鎮樂段,157.00,非都市：山坡地保育區 ; 非都市編定：丙種建築用地
RPRNMLQLKHIFFAV76DA,鎮樂段,1848.00,都市：農
RPRNMLQLKHIFFAV76DA,鎮樂段,102.00,都市：農
RPPNMLSJLHIFFAV56CA,常德段,12.53,都市：住
RPSNMLPLKHIFFAV66CA,射馬干段,136.00,非都市：特定農業區 ; 非都市編定：甲種建築用地
RPTNMLPLKHIFFAV76CA,射馬干段,134.98,非都市：特定農業區 ; 非都市編定：甲種建築用地
RPPNMLQLKHIFFAV09CA,中心段,165.00,都市：住
RPVNMLPLKHIFFAV96CA,東海段,143.18,都市：住
RPQNMLQLKHIFFAV56CA,常德段,110.75,都市：住
RPPOMLLLLHIFFAV78CA,自強段,144.10,都市：農
RPWNMLRLKHIFFAV37DA,大業段,1085.26,都市：其他
RPWNMLRLKHIFFAV37DA,大業段,.98,都市：住
RPWNMLRLKHIFFAV37DA,大業段,71.80,都市：其他
RPWNMLRLKHIFFAV37DA,大業段,.74,都市：住
RPWNMLRLKHIFFAV37DA,大業段,10.24,都市：其他
RPWNMLRLKHIFFAV37DA,大業段,390.08,都市：其他
RPWNMLRLKHIFFAV37DA,大業段,75.33,都市：住
RPVNMLPLKHIFFBV07CA,成功段,75.44,都市：住
RPTNMLPLKHIFFBV96DA,南佳里段,1446.00,都市：農
RPTNMLPLKHIFFBV96DA,南佳里段,1217.63,都市：農
RPPNMLPKLHIFFBV56DA,高原段,276.00,非都市：森林區 ; 非都市編定：丙種建築用地
RPTNMLOJLHIFFAV56CA,東海段,117.30,都市：住
RPPNMLOJLHIFFAV78CA,豐航段,80.28,都市：住
RPTNMLQJLHIFFAV86DA,知本段,4346.00,都市：農
RPTNMLQJLHIFFAV86DA,知本段,2949.00,都市：農
RPRNMLTJLHIFFAV86CA,南榮段,124.49,都市：住
RPPNMLSJLHIFFCV76CA,隆昌段,4348.01,都市：農
RPPNMLSJLHIFFCV76CA,隆昌段,1083.01,都市：農
RPPNMLSJLHIFFCV76CA,隆昌段,2724.01,都市：農
RPPNMLSJLHIFFCV76CA,隆昌段,10660.01,都市：農
RPPNMLSJLHIFFCV76CA,隆昌段,1343.01,都市：農
RPPNMLSJLHIFFCV76CA,隆昌段,3163.01,都市：農
RPPNMLSJLHIFFCV76CA,隆昌段,2089.01,都市：農
RPPNMLSJLHIFFCV76CA,隆昌段,1022.02,都市：農
RPPNMLSJLHIFFCV76CA,隆昌段,1163.13,都市：農
RPPNMLSJLHIFFCV76CA,隆昌段,325.02,都市：農
RPPNMLSJLHIFFCV76CA,隆昌段,2225.05,都市：農
RPPNMLSJLHIFFCV76CA,隆昌段,1135.01,都市：農
RPPNMLSJLHIFFCV76CA,隆昌段,7476.01,都市：農
RPPNMLSJLHIFFCV76CA,隆昌段,310.01,都市：農
RPSNMLRJLHIFFCV96CA,慶福段,96.47,都市：商
RPPNMLLJLHIFFCV78DA,水源段,51.71,非都市：一般農業區 ; 非都市編定：農牧用地
RPPNMLLJLHIFFCV78DA,水源段,1125.66,非都市：一般農業區 ; 非都市編定：農牧用地
RPQNMLTJLHIFFAV76CA,豐谷段,87.00,都市：住
RPPNMLTJLHIFFAV66CA,台東段,66.00,都市：住
RPPOMLRLKHIFFAV66CA,豐源段,4954.21,都市：農
RPWNMLLLLHIFFAV76CA,知本段,3110.00,都市：農
RPTNMLOKLHIFFBV86DA,長濱段,1826.00,非都市：風景區 ; 非都市編定：農牧用地
RPQOMLRLKHIFFAV76CA,光明段,10.00,都市：住
RPSOMLRLKHIFFAV96CA,光明段,8.00,都市：住
RPROMLRLKHIFFAV86CA,光明段,11.00,都市：住
RPTOMLRLKHIFFAV07CA,光明段,13.00,都市：住
RPVNMLOKLHIFFBV07DA,長濱段,1036.00,非都市：風景區 ; 非都市編定：農牧用地
RPVNMLLLLHIFFAV66CA,東海段,45.47,都市：住
RPVNMLLLLHIFFAV66CA,東海段,191.23,都市：住
RPVNMLLLLHIFFAV66CA,東海段,236.31,都市：住
RPWOMLRLKHIFFAV37CA,光明段,9.00,都市：住
RPUOMLRLKHIFFAV17CA,光明段,10.00,都市：住
RPVOMLRLKHIFFAV27CA,光明段,10.00,都市：住
RPVNMLMLLHIFFAV76CA,岩灣段,676.79,都市：住
RPOPMLRLKHIFFAV66CA,光明段,8.00,都市：住
RPPPMLRLKHIFFAV76CA,光明段,7.00,都市：住
RPXOMLRLKHIFFAV47CA,光明段,8.00,都市：住
RPQPMLRLKHIFFAV86CA,光明段,6.00,都市：住
RPSPMLRLKHIFFAV07CA,光明段,9.00,都市：住
RPRPMLRLKHIFFAV96CA,光明段,5.00,都市：住
RPRNMLMLLHIFFAV98CA,馬蘭段,12.17,都市：住
RPRNMLMLLHIFFAV98CA,馬蘭段,7.80,都市：住
RPQNMLOJLHIFFCV09CA,隆興段,361.01,非都市：山坡地保育區 ; 非都市編定：丙種建築用地
RPPNMLPJLHIFFBV98CA,都豐段,3623.50,非都市：風景區 ; 非都市編定：農牧用地
RPPNMLMKLHIFFCV88CA,鹿寮段,14551.66,都市：農
RPTNMLOJLHIFFCV76CA,高台段,2512.00,非都市：山坡地保育區 ; 非都市編定：農牧用地
RPTNMLOJLHIFFCV76CA,高台段,2500.00,非都市：山坡地保育區 ; 非都市編定：農牧用地
RPSNMLOJLHIFFCV66CA,高台段,2509.00,非都市：山坡地保育區 ; 非都市編定：農牧用地
RPSNMLOJLHIFFCV66CA,高台段,2501.00,非都市：山坡地保育區 ; 非都市編定：農牧用地
RPQNMLPJLHIFFCV66DA,大原段,285.00,非都市： ; 非都市編定：
RPRNMLPJLHIFFCV76DA,大原段,291.00,非都市： ; 非都市編定：
RPPNMLPJLHIFFAV88CA,豐榮段,91.00,都市：住
RPPNMLOJLHIFFBV98DA,和平南段,6721.92,非都市：風景區 ; 非都市編定：農牧用地
RPRNMLRJLHIFFAV76DA,建成段,103.77,都市：住
RPSNMLOJLHIFFAV56DA,豐康段,301.64,都市：農
RPSNMLOJLHIFFAV56DA,豐康段,2852.11,都市：農
RPQNMLOJLHIFFAV98DA,台東段,56.22,都市：住
RPQNMLOJLHIFFAV98DA,台東段,125.00,都市：住
RPUNMLSJLHIFFAV17DA,豐成段,139.02,都市：住
RPTPMLRLKHIFFAV17CA,光明段,5.00,都市：住
RPTPMLRLKHIFFAV17CA,光明段,2.00,都市：住
RPRNMLOJLHIFFCV56CA,中和段,2573.34,非都市：一般農業區 ; 非都市編定：農牧用地
RPRNMLOJLHIFFCV56CA,中和段,3623.65,非都市：一般農業區 ; 非都市編定：農牧用地
RPQNMLRJLHIFFDV96DA,台拉段,1381.04,都市：農
RPQNMLOJLHIFFDV66DA,金富段,289.17,都市：其他
RPQNMLOJLHIFFDV66DA,金富段,286.94,都市：其他
RPPNMLRJLHIFFDV86DA,台拉段,1060.00,都市：農
RPQOMLLLLHIFFAV88CA,南榮段,21.29,都市：農
RPQOMLLLLHIFFAV88CA,南榮段,3350.11,都市：農
RPQOMLLLLHIFFAV88CA,南榮段,1357.75,都市：農
RPQNMLSJLHIFFAV66CA,豐年段,72.39,都市：住
RPXNMLRJLHIFFAV27CA,豐年段,18.49,都市：住
RPPNMLSKLHIFFAV66CA,東海段,27.58,都市：住
RPPNMLSKLHIFFAV66CA,東海段,166.57,都市：住
RPTNMLNKLHIFFAV56CA,南清段,101.10,都市：住
RPVOMLQLMHIFFAV47DA,豐成段,128.89,都市：住
RPRNMLNLLHIFFAV09CA,新生段,118.00,都市：住
RPPNMLNLLHIFFAV88CA,新生段,135.00,都市：住
RPPNMLSJLHIFFDV86CA,秀山段,1.33,都市：商
RPPNMLSJLHIFFDV86CA,秀山段,17.45,都市：商
RPVNMLQJLHIFFAV07DA,台東段,66.00,都市：住
SPVNMLQJLHIFFAV17DA,台東段,65.00,都市：住
RPPNMLLJMHIFFCV78CA,大坡段,2111.52,非都市：風景區 ; 非都市編定：農牧用地
RPRNMLOKLHIFFBV66DA,黃金橋段,131.37,非都市：鄉村區 ; 非都市編定：乙種建築用地
RPSNMLOKLHIFFBV76DA,黃金橋段,71.35,非都市：鄉村區 ; 非都市編定：乙種建築用地
RPSNMLPLLHIFFAV86DA,豐成段,123.94,都市：住
RPPNMLPJLHIFFDV66DA,秀山段,10.39,都市：其他
RPPNMLPJLHIFFDV66DA,秀山段,.00,都市：其他
RPWNMLOKLHIFFBV17DA,中濱段竹湖小段,466.00,非都市：風景區 ; 非都市編定：農牧用地
RPWNMLOKLHIFFBV17DA,中濱段竹湖小段,432.00,非都市：風景區 ; 非都市編定：農牧用地
RPWNMLOKLHIFFBV17DA,中濱段竹湖小段,3470.00,非都市：風景區 ; 非都市編定：農牧用地
RPUNMLPLLHIFFAV96CA,台東段,155.00,都市：住
RPTNMLPLLHIFFAV96DA,台東段,81.00,都市：商
RPRNMLPLLHIFFAV76DA,豐成段,139.02,都市：住
RPPNMLQJLHIFFAV09DA,台東段,33.00,都市：住
RPPNMLQJLHIFFAV09DA,台東段,33.00,都市：住
RPQNMLPLLHIFFAV66DA,豐成段,139.00,都市：住
RPSNMLQJLHIFFAV76DA,豐利段,22.22,都市：住
RPPNMLQJLHIFFCV56CA,溪埔段,781.84,都市：農
RPRNMLSJLHIFFCV96CA,加拿段,1164.00,非都市：山坡地保育區 ; 非都市編定：農牧用地
RPRNMLSJLHIFFCV96CA,加拿段,908.00,非都市：山坡地保育區 ; 非都市編定：農牧用地
RPPNMLLKLHIFFCV78CA,中和段,2507.63,非都市：一般農業區 ; 非都市編定：農牧用地
RPQNMLLKLHIFFCV88CA,中和段,2500.00,非都市：一般農業區 ; 非都市編定：農牧用地
RPSNMLLKLHIFFCV09CA,隆興段,1738.61,非都市：一般農業區 ; 非都市編定：農牧用地
RPSNMLLKLHIFFCV09CA,隆興段,846.28,非都市：一般農業區 ; 非都市編定：農牧用地
RPSNMLLKLHIFFCV09CA,隆興段,591.22,非都市：一般農業區 ; 非都市編定：農牧用地
RPSNMLPJLHIFFAV56CA,台東段,75.00,都市：住
RPSNMLPJLHIFFAV56CA,台東段,8.00,都市：住
RPRNMLLKLHIFFCV98CA,里段,69.38,都市：住
RPRNMLLKLHIFFCV98CA,里段,12.28,都市：住
RPQNMLNLLHIFFAV98CA,新生段,117.00,都市：住
RPWNMLQJLHIFFAV07CA,馬蘭段,120.00,都市：住
RPSNMLSLLHIFFCV27CA,福原段,25.78,都市：住
RPPNMLSKLHIFFCV96DA,慶福段,125.29,都市：住
RPOOMLSJLHIFFAV56CA,永豐段,175.24,都市：農
RPOOMLSJLHIFFAV56CA,永豐段,42.25,都市：農
RPUNMLMKLHIFFAV66DA,知本段,150.00,都市：住
RPVNMLRJLHIFFAV07CA,利家段,1170.00,都市：農
RPPNMLLKLHIFFBV68CA,馬稼海段,2086.59,非都市：風景區 ; 非都市編定：農牧用地
RPPNMLLKLHIFFBV68CA,馬稼海段,4355.67,非都市：風景區 ; 非都市編定：農牧用地
RPSNMLRJLHIFFAV86DA,東海段,151.77,都市：農
RPRNMLLKLHIFFBV88CA,玉港段,2500.94,非都市：風景區 ; 非都市編定：農牧用地
RPRNMLLKLHIFFBV88CA,玉港段,2502.66,非都市：風景區 ; 非都市編定：農牧用地
RPRNMLLKLHIFFBV88CA,玉港段,2500.09,非都市：風景區 ; 非都市編定：農牧用地
RPTNMLRJLHIFFAV86CA,豐成段,123.95,非都市：特定農業區 ; 非都市編定：甲種建築用地
RPSNMLTJLHIFFAV07DA,康樂段,1995.00,都市：其他
RPRNMLSJLHIFFAV76CA,利家段,50.00,都市：住
RPWNMLMLLHIFFAV86CA,台東段,166.00,都市：其他
RPWNMLRJLHIFFAV17CA,馬蘭段,60.00,都市：住
RPWNMLRJLHIFFAV17CA,馬蘭段,60.00,都市：住
RPOOMLQLLHIFFAV56CA,富岡段,277.18,都市：農
RPSNMLPKLHIFFAV66CA,南榮段,373.38,都市：住
RPQNMLQLMHIFFAV96EA,石川段,871.45,非都市：山坡地保育區 ; 非都市編定：丙種建築用地
RPTNMLSJLHIFFAV96CA,新園段,2970.00,非都市：特定農業區 ; 非都市編定：農牧用地
RPQNMLSLLHIFFBV96CA,都蘭段,5718.00,非都市：風景區 ; 非都市編定：農牧用地
RPRNMLLJMHIFFBV88CA,北八里段,749.29,非都市：風景區 ; 非都市編定：農牧用地
RPRNMLLJMHIFFBV88CA,北八里段,4165.94,非都市：風景區 ; 非都市編定：農牧用地
RPUNMLLJMHIFFBV66DA,沙泥灣段,926.36,非都市：風景區 ; 非都市編定：農牧用地
RPUNMLLJMHIFFBV66DA,沙泥灣段,1136.03,非都市：風景區 ; 非都市編定：農牧用地
RPUNMLLJMHIFFBV66DA,沙泥灣段,1205.81,非都市：風景區 ; 非都市編定：農牧用地
RPUNMLLJMHIFFBV66DA,沙泥灣段,885.30,非都市：風景區 ; 非都市編定：農牧用地
RPXNMLSJLHIFFAV37CA,永和段,570.19,都市：其他
RPXNMLSJLHIFFAV37CA,永和段,570.19,都市：其他
RPXNMLSJLHIFFAV37CA,永和段,570.19,都市：其他
RPXNMLSJLHIFFAV37CA,永和段,570.19,都市：其他
RPWNMLSJLHIFFAV27CA,永和段,84.56,都市：其他
RPWNMLSJLHIFFAV27CA,永和段,362.68,都市：其他
RPWNMLSJLHIFFAV27CA,永和段,23.84,都市：其他
RPWNMLSJLHIFFAV27CA,永和段,153.30,都市：其他
RPVNMLSJLHIFFAV17CA,馬蘭段,102.00,都市：商
RPSNMLSJLHIFFAV86CA,豐樂段,64.50,都市：住
RPVNMLNKLHIFFAV76CA,豐川段,3467.72,非都市：特定農業區 ; 非都市編定：農牧用地
RPWNMLNKLHIFFAV86CA,豐川段,2752.33,非都市：特定農業區 ; 非都市編定：農牧用地
RPXNMLNKLHIFFAV96CA,豐川段,2698.03,非都市：特定農業區 ; 非都市編定：農牧用地
RPOOMLNKLHIFFAV78CA,豐川段,2727.94,非都市：特定農業區 ; 非都市編定：農牧用地
RPSOMLNJMHIFFAV66DA,台東段,57.92,都市：住
RPRNMLPKLHIFFAV56CA,豐川段,214.49,非都市：特定農業區 ; 非都市編定：水利用地
RPOOMLMLLHIFFAV78CA,利家段,217.00,非都市：鄉村區 ; 非都市編定：乙種建築用地
RPPNMLLKLHIFFAV58CA,富岡段,1569.23,非都市：風景區 ; 非都市編定：農牧用地
RPPNMLLKLHIFFAV58CA,富岡段,1377.89,非都市：風景區 ; 非都市編定：農牧用地
RPPNMLLKLHIFFAV58CA,富岡段,1968.00,非都市：風景區 ; 非都市編定：農牧用地
RPSNMLLJMHIFFBV98CA,北八里段,312.77,非都市：風景區 ; 非都市編定：丙種建築用地
RPQNMLLKLHIFFBV78CA,忠仁段,16.68,都市：其他
RPQNMLLKLHIFFBV78CA,忠仁段,266.60,都市：商
RPPNMLNJMHIFFAV78CA,建本段,2.47,都市：住
RPPNMLNJMHIFFAV78CA,建本段,278.62,都市：住
RPPNMLNJMHIFFAV78CA,建本段,123.33,都市：住
RPSNMLMJMHIFFBV09CA,八仙洞段,9.71,都市：農
RPSNMLMJMHIFFBV09CA,八仙洞段,1008.59,都市：農
RPPNMLOKLHIFFDV66DA,泰德段,4427.50,都市：農
RPPNMLOKLHIFFDV66DA,泰德段,5509.06,都市：農
RPUNMLLKLHIFFAV09CA,永清段,129.15,都市：住
RPUNMLLKLHIFFAV09CA,永清段,9.73,都市：住
RPVNMLMKLHIFFAV76DA,豐里段,2500.00,都市：農
RPPNMLMKLHIFFDV98CA,秀山段,10.39,都市：住
RPPNMLMKLHIFFDV98CA,秀山段,.00,都市：住
RPQNMLKLLHIFFCV88CA,隆興段,6959.91,非都市：一般農業區 ; 非都市編定：農牧用地
RPPNMLMLLHIFFDV09CA,金華段,16815.44,非都市：山坡地保育區 ; 非都市編定：農牧用地
RPPNMLMLLHIFFDV09CA,金華段,516.33,非都市：山坡地保育區 ; 非都市編定：農牧用地
RPRNMLNKLHIFFAV09DA,馬蘭段,168.27,都市：住
RPQNMLPKLHIFFBV56CA,東柄段,365.04,非都市：風景區 ; 非都市編定：農牧用地
RPQNMLPKLHIFFBV56CA,東柄段,6161.47,非都市：風景區 ; 非都市編定：農牧用地
RPVNMLLKLHIFFAV56CA,光明段,344.00,都市：其他
RPTNMLQLLHIFFAV96CA,馬蘭段,39.38,都市：住
RPPOMLNKLHIFFAV88CA,利家段,2891.00,都市：農
RPTNMLNLLHIFFAV66CA,台東段,203.00,都市：住
RPOOMLLLLHIFFAV68CA,豐年段,56.34,都市：住
RPSNMLMKLHIFFAV98CA,興安段,131.17,都市：住
RPRNMLSKLHIFFAV86CA,豐成段,123.88,非都市：特定農業區 ; 非都市編定：甲種建築用地
RPPNMLOKLHIFFBV98CA,萬年段,687.00,非都市：鄉村區 ; 非都市編定：乙種建築用地
RPSNMLNKLHIFFAV09CA,上岩灣段,91.40,都市：住
RPQNMLRLLHIFFBV86CA,長濱段,2500.00,都市：農
RPRNMLRLLHIFFBV96CA,長濱段,938.00,都市：農
RPPNMLKLLHIFFCV78CA,隆興段,3534.82,非都市：一般農業區 ; 非都市編定：農牧用地
RPQNMLPKLHIFFAV56DA,建業段,91.13,都市：住
RPPNMLPKLHIFFAV09DA,台東段,7.92,都市：住
RPPNMLNKLHIFFDV56DA,秀山段,20.78,都市：住
RPPNMLNKLHIFFDV56DA,秀山段,.01,都市：住
RPSNMLQLLHIFFAV86CA,石壁段,4156.83,都市：農
RPSNMLTKLHIFFAV07CA,鎮樂段,4570.00,都市：農
RPPNMLSJMHIFFBV86DA,和平南段,5232.06,非都市：風景區 ; 非都市編定：農牧用地
RPUNMLLKMHIFFAV66DA,富岡南段,591.72,都市：農
RPRNMLLKMHIFFAV98DA,富岡南段,1018.89,都市：農
RPVNMLLKMHIFFAV76DA,富岡南段,133.65,都市：住
RPVNMLLKMHIFFAV76DA,富岡南段,219.65,都市：住
RPTNMLLKMHIFFAV56DA,富岡南段,7482.90,都市：農
RPTNMLLKMHIFFAV56DA,富岡南段,855.06,都市：農
RPTNMLLKMHIFFAV56DA,富岡南段,1009.54,都市：農
RPTNMLLKMHIFFAV56DA,富岡南段,595.28,都市：農
RPTNMLLKMHIFFAV56DA,富岡南段,639.71,都市：農
RPVNMLQLLHIFFCV47DA,源隆段,93.00,都市：住
RPVNMLQLLHIFFCV47DA,源隆段,74.70,都市：住
RPVNMLQLLHIFFCV47DA,源隆段,18.41,都市：其他
RPRNMLKLLHIFFBV98DA,三間段大來小段,2211.00,非都市：風景區 ; 非都市編定：暫未編定
RPPNMLLJMHIFFBV68CA,新都威段,1543.42,非都市：風景區 ; 非都市編定：農牧用地
RPPNMLLKMHIFFAV68CA,台東段,101.00,都市：住
RPPNMLLKMHIFFAV68CA,台東段,83.00,都市：住
RPTNMLPKLHIFFAV86DA,普優瑪段,32.10,都市：農
RPTNMLPKLHIFFAV86DA,普優瑪段,6.70,都市：農
RPTNMLPKLHIFFAV86DA,北南王段,1683.04,都市：農
RPTNMLPKLHIFFAV86DA,北南王段,1400.06,都市：農
RPTNMLPKLHIFFAV86DA,北南王段,65.10,都市：農
RPTNMLTKLHIFFAV27DA,明峰段,3028.29,都市：農
RPVNMLQLLHIFFAV17CA,台東段,36.00,都市：住
RPRNMLTKLHIFFCV17CA,龍田段,70.61,都市：住
RPRNMLTKLHIFFCV17CA,龍田段,73.41,都市：住
RPRNMLTKLHIFFCV17CA,龍田段,72.69,都市：住
RPRNMLTKLHIFFCV17CA,龍田段,70.14,都市：住
RPRNMLTKLHIFFCV17CA,龍田段,70.41,都市：住
RPRNMLTKLHIFFCV17CA,龍田段,69.86,都市：住
RPRNMLTKLHIFFCV17CA,龍田段,67.37,都市：住
RPQNMLSKMHIFFAV96DA,富岡南段,3271.75,都市：農
RPQNMLSKMHIFFAV96DA,富岡南段,2924.48,都市：農
RPQNMLSKMHIFFAV96DA,富岡南段,711.83,都市：農
RPQNMLSKMHIFFAV96DA,富岡南段,333.38,都市：農
RPUNMLNLLHIFFAV76CA,新生段,14.64,都市：住
RPWNMLPKLHIFFAV07CA,台東段,82.00,都市：住
SPUNMLQLLHIFFAV17CA,建樂段,12.58,都市：住
RPSNMLNLLHIFFAV56CA,常德段,18.93,都市：住
RPPNMLOKLHIFFAV88CA,馬蘭段,20.98,都市：住
RPUNMLPKLHIFFAV86CA,馬蘭段,120.00,都市：住
RPUNMLQLLHIFFAV07CA,建樂段,12.58,都市：住
RPVNMLPKLHIFFAV07DA,豐航段,124.82,都市：住
RPVNMLPKLHIFFAV07DA,豐航段,99.26,都市：其他
RPVNMLPKLHIFFAV07DA,豐航段,38.70,都市：其他
RPVNMLPKLHIFFAV07DA,豐航段,51.28,都市：住
RPVNMLPKLHIFFAV07DA,豐航段,161.38,都市：其他
RPVNMLPKLHIFFAV07DA,豐航段,277.42,都市：住
RPVNMLPKLHIFFAV07DA,豐航段,109.39,都市：住
RPVNMLPKLHIFFAV07DA,豐航段,53.16,都市：其他
RPVNMLPKLHIFFAV07DA,豐航段,30.56,都市：其他
RPTNMLLJMHIFFBV09CA,萬年段,87.00,都市：住
RPSNMLKLLHIFFCV09CA,萬福段,1688.86,非都市：特定農業區 ; 非都市編定：農牧用地
RPSNMLKLLHIFFCV09CA,萬福段,675.30,非都市：特定農業區 ; 非都市編定：農牧用地
RPSNMLKLLHIFFCV09CA,萬福段,1580.11,非都市：特定農業區 ; 非都市編定：農牧用地
RPPNMLMLLHIFFAV78CA,東谷段,179.89,都市：住
RPPNMLMLLHIFFAV78CA,東谷段,17.39,都市：住
RPPNMLMLLHIFFAV78CA,東谷段,61.06,都市：住
RPQNMLTKLHIFFCV17DA,慶豐段,181.39,非都市：特定農業區 ; 非都市編定：甲種建築用地
RPQNMLOKLHIFFBV09CA,寧埔段石寧埔小段,144.00,非都市：鄉村區 ; 非都市編定：乙種建築用地
RPQNMLPKLHIFFDV96EA,大王段,8050.00,非都市：山坡地保育區 ; 非都市編定：農牧用地
RPQNMLPKLHIFFDV96EA,大王段,500.00,非都市：山坡地保育區 ; 非都市編定：農牧用地
RPXNMLQLLHIFFAV37CA,台東段,12.64,都市：住
RPQNMLTKLHIFFAV96DA,利家段,2541.00,非都市：山坡地保育區 ; 非都市編定：農牧用地
RPRNMLKLLHIFFAV88DA,建本段,93.46,都市：住
RPPNMLLLLHIFFCV98DA,鹿寮段,1296.08,都市：農
RPRNMLKLLHIFFCV98CA,萬朝段,4185.45,非都市：一般農業區 ; 非都市編定：農牧用地
RPRNMLKLLHIFFCV98CA,萬朝段,4577.56,非都市：一般農業區 ; 非都市編定：農牧用地
RPQNMLPLLHIFFBV76DA,新都威段,211.70,非都市：鄉村區 ; 非都市編定：乙種建築用地
RPQNMLLLLHIFFCV09DA,鹿寮段,361.47,都市：農
RPSNMLPLLHIFFBV86CA,都蘭段,3361.00,非都市：風景區 ; 非都市編定：暫未編定
RPSNMLPLLHIFFBV86CA,都蘭段,230.00,非都市：風景區 ; 非都市編定：農牧用地
RPPNMLMJMHIFFDV98CA,秀山段,10.39,都市：住
RPPNMLMJMHIFFDV98CA,秀山段,.00,都市：住
RPQNMLKLLHIFFBV78CA,小馬東段,2718.49,非都市：風景區 ; 非都市編定：農牧用地
RPUNMLTKLHIFFAV27CA,豐聖段,549.43,都市：農
RPSNMLSKLHIFFAV96CA,青林段,3400.36,非都市：山坡地保育區 ; 非都市編定：農牧用地
RPQNMLSKLHIFFAV76CA,興安段,136.73,都市：住
RPRNMLTKLHIFFAV07DA,龍過脈段,9666.37,非都市：山坡地保育區 ; 非都市編定：農牧用地
RPVNMLKLLHIFFAV66DA,下南寮段,41.80,都市：其他
RPVNMLKLLHIFFAV66DA,下南寮段,43.13,都市：其他
RPPNMLTKLHIFFBV86CA,長濱段,3309.00,非都市：風景區 ; 非都市編定：農牧用地
RPQNMLNLLHIFFCV56CA,大原段,1045.00,都市：農
RPQNMLNLLHIFFCV56CA,大原段,1151.00,都市：農
RPQNMLNLLHIFFCV56CA,大原段,1210.00,都市：農
RPQNMLNLLHIFFCV56CA,大原段,1075.00,都市：農
RPQNMLNLLHIFFCV56CA,大原段,1500.00,都市：農
RPQNMLNLLHIFFCV56CA,大原段,1090.00,都市：農
RPQNMLNLLHIFFCV56CA,大原段,615.00,都市：農
RPTNMLPLLHIFFBV96CA,忠勇段,811.51,都市：住
RPTNMLPLLHIFFBV96CA,忠勇段,363.29,都市：住
RPTNMLPLLHIFFBV96CA,忠勇段,7.18,都市：其他
RPTNMLPLLHIFFBV96CA,忠勇段,116.49,都市：其他
RPTNMLPLLHIFFBV96CA,忠勇段,24.80,都市：其他
RPUNMLLLLHIFFAV56CA,岩灣段,184.19,都市：住
RPQNMLLJMHIFFBV78CA,真柄段,11950.00,非都市：風景區 ; 非都市編定：農牧用地
RPPNMLNLLHIFFCV09CA,豐泉段,3.94,都市：住
RPXOMLLLLHIFFAV96CA,台東段,20.99,都市：住
RPSOMLLLLHIFFAV56DA,大豐段,3353.68,非都市：特定農業區 ; 非都市編定：農牧用地
RPQNMLMLLHIFFDV56CA,嘉新段,175.68,非都市：鄉村區 ; 非都市編定：乙種建築用地
RPUNMLKLLHIFFAV56DA,煙草間段,86.94,都市：住
RPUNMLKLLHIFFAV56DA,煙草間段,5.17,都市：其他
RPUNMLKLLHIFFAV56DA,煙草間段,2.78,都市：其他
RPUNMLKLLHIFFAV56DA,煙草間段,21.30,都市：其他
RPPNMLKLLHIFFBV78DA,高原段,107.00,非都市：鄉村區 ; 非都市編定：乙種建築用地
RPPNMLOLLHIFFBV09CA,高原段,2640.00,都市：農
RPPNMLOLLHIFFBV09CA,高原段,1778.00,都市：農
RPRNMLOLLHIFFBV66CA,高原段,3066.00,都市：農
RPQNMLOLLHIFFBV56CA,高原段,2372.00,都市：農
RPSNMLOLLHIFFBV76CA,城仔埔段,564.48,都市：其他
RPSNMLOLLHIFFBV76CA,城仔埔段,210.00,都市：其他
RPSNMLOLLHIFFBV76CA,城仔埔段,532.09,都市：其他
RPPOMLMLLHIFFAV88CA,利家段,3120.00,都市：農
RPQOMLMLLHIFFAV98CA,利家段,1040.00,都市：農
RPQOMLMLLHIFFAV98CA,利家段,1040.00,都市：農
RPQOMLMLLHIFFAV98CA,利家段,1040.00,都市：農
RPUNMLMLLHIFFAV66CA,東農段,271.15,都市：其他
RPWNMLQLLHIFFAV27CA,常德段,82.75,都市：住
RPOOMLPLLHIFFAV09CA,利家段,130.00,非都市：特定農業區 ; 非都市編定：甲種建築用地
RPROMLLLLHIFFAV98CA,建樂段,3295.31,都市：農
RPROMLLLLHIFFAV98CA,建樂段,3210.45,都市：農
RPROMLLLLHIFFAV98CA,建樂段,2776.39,都市：農
RPROMLLLLHIFFAV98CA,建樂段,1835.87,都市：農
RPROMLLLLHIFFAV98CA,建樂段,2167.24,都市：農
RPQNMLKLLHIFFAV68CA,馬蘭段,120.00,都市：住
RPTOMLNJMHIFFAV66CA,上岩灣段,72.67,都市：住
RPQNMLKKMHIFFAV68CA,豐成段,123.91,都市：住
RPVOMLLLLHIFFAV76CA,豐田段,96.00,都市：住
RPVOMLLLLHIFFAV76CA,豐田段,68.00,都市：住
RPVOMLLLLHIFFAV76CA,豐田段,2404.00,都市：其他
RPVOMLLLLHIFFAV76CA,豐田段,587.00,都市：其他
RPVOMLLLLHIFFAV76CA,豐田段,1453.00,都市：其他
RPVOMLLLLHIFFAV76CA,豐田段,108.00,都市：其他
RPSNMLKKMHIFFAV88CA,豐成段,133.03,非都市：特定農業區 ; 非都市編定：甲種建築用地
RPQNMLMLLHIFFAV98DA,下南寮段,137.77,都市：農
RPQNMLLLLHIFFAV78CA,岩灣段,1528.79,都市：住
RPQNMLLLLHIFFAV78CA,岩灣段,133.65,都市：住
RPTNMLLLLHIFFAV09CA,青林段,577.35,都市：其他
RPRNMLLLLHIFFAV88CA,豐谷段,23.00,都市：其他
RPXNMLLLLHIFFAV86CA,豐田段,3065.00,都市：住
RPSNMLLLLHIFFAV98CA,豐年段,86.89,都市：住
RPQNMLOLLHIFFAV56DA,青林段,2519.37,都市：農
RPPNMLOLLHIFFAV09DA,青林段,2519.37,都市：農
RPPNMLMLLHIFFBV88CA,大馬段,6172.00,非都市：風景區 ; 非都市編定：農牧用地
RPRNMLMLLHIFFBV09CA,大馬段,6172.00,非都市：風景區 ; 非都市編定：農牧用地
RPQNMLMLLHIFFBV98CA,大馬段,6172.00,非都市：風景區 ; 非都市編定：農牧用地
RPSNMLMLLHIFFBV56CA,大馬段,4100.00,非都市：風景區 ; 非都市編定：農牧用地
RPPNMLLMLHIFFBV88CA,高台段,19.47,都市：其他
RPPNMLMLLHIFFCV09DA,鹿野段,2900.00,都市：農
RPSNMLQLLHIFFCV17DA,慶福段,119.68,都市：住
RPRNMLOLLHIFFAV66DA,青林段,1868.62,都市：農
RPQNMLQLLHIFFCV86CA,大原段,2539.00,都市：農
RPPNMLQLLHIFFCV76CA,龍田段,640.62,都市：農
RPTOMLLLLHIFFAV56CA,台東段,84.00,都市：住
RPWOMLLLLHIFFAV86CA,台東段,22.00,都市：住
RPQNMLRLLHIFFCV96CA,大池段,287.86,非都市：風景區 ; 非都市編定：農牧用地
RPRNMLKMLHIFFAV88CA,中心段,295.00,都市：住
RPXNMLMLLHIFFAV96CA,台東段,19.00,都市：住
RPXNMLMLLHIFFAV96CA,台東段,52.00,都市：住
RPTNMLMLLHIFFAV56CA,豐榮段,54.00,都市：住
RPSNMLSKMHIFFAV17DA,後湖段,241.75,非都市：山坡地保育區 ; 非都市編定：丙種建築用地
RPOPMLLLLHIFFAV78CA,常德段,2.22,都市：住
RPSNMLRLLHIFFAV96CA,豐榮段,82.00,都市：住
RPUNMLRLLHIFFAV17CA,豐榮段,98.34,都市：住
RPUNMLRLLHIFFAV17CA,豐榮段,.90,都市：住
RPPPMLLLLHIFFAV88CA,豐年段,22.75,都市：住
RPPPMLLLLHIFFAV88CA,豐年段,60.99,都市：住
RPPOMLQLLHIFFAV66CA,知本段,4000.00,都市：農
RPVNMLPLLHIFFAV17DA,建樂段,4071.52,都市：農
RPTNMLRLLHIFFAV07CA,常德段,14.24,都市：住
RPPNMLQLLHIFFBV66CA,高原段,12080.00,非都市：森林區 ; 非都市編定：農牧用地
RPQNMLSLLHIFFAV86CA,豐谷段,102.00,都市：住
RPPNMLRLLHIFFAV66CA,利家段,25.00,都市：其他
RPPNMLLJMHIFFAV58CA,德安段,21.26,都市：住
RPPNMLLJMHIFFAV58CA,德安段,.15,都市：住
RPPNMLLJMHIFFAV58CA,德安段,1.96,都市：住
RPPNMLLJMHIFFAV58CA,德安段,.04,都市：住
RPPNMLQLLHIFFAV66DA,建業段,82.59,都市：住
RPXNMLPLLHIFFAV37DA,豐富段,69.04,都市：住
RPPNMLSLLHIFFCV07DA,廣原段,6170.00,非都市：一般農業區 ; 非都市編定：農牧用地
RPRNMLQLLHIFFCV07DA,福原段,111.33,都市：住
RPPNMLPKMHIFFBV56CA,成功段,118.65,都市：住
RPQNMLSLLHIFFCV07CA,隆興段,846.28,非都市：一般農業區 ; 非都市編定：農牧用地
RPQNMLSLLHIFFCV07CA,隆興段,591.22,非都市：一般農業區 ; 非都市編定：農牧用地
RPRNMLSLLHIFFCV17CA,中和段,2573.34,非都市：一般農業區 ; 非都市編定：農牧用地
RPRNMLSLLHIFFCV17CA,中和段,3623.65,非都市：一般農業區 ; 非都市編定：農牧用地
RPQNMLRKMHIFFAV76CA,台東段,155.00,都市：住
RPQNMLRLLHIFFAV76CA,馬蘭段,100.00,都市：住
RPPNMLTKMHIFFDV27DA,泰和段,415.00,非都市：山坡地保育區 ; 非都市編定：遊憩用地
RPSNMLRKMHIFFBV17DA,北都歷段,5050.22,非都市：風景區 ; 非都市編定：農牧用地
RPSNMLRKMHIFFBV17DA,北都歷段,5050.02,非都市：風景區 ; 非都市編定：農牧用地
RPRNMLQLLHIFFAV76CA,知本段,3100.00,非都市：特定農業區 ; 非都市編定：農牧用地
RPRNMLRKMHIFFBV07DA,北都歷段,1561.06,非都市：風景區 ; 非都市編定：農牧用地
RPRNMLRKMHIFFBV07DA,北都歷段,3914.60,非都市：風景區 ; 非都市編定：農牧用地
RPRNMLRKMHIFFBV07DA,北都歷段,5050.00,非都市：風景區 ; 非都市編定：農牧用地
RPWNMLQLMHIFFAV47DA,豐榮段,74.00,都市：住
RPQNMLRKMHIFFBV96DA,北都歷段,5050.30,非都市：風景區 ; 非都市編定：農牧用地
RPPNMLRKMHIFFBV86DA,北都歷段,1592.86,非都市：風景區 ; 非都市編定：農牧用地
RPPNMLRKMHIFFBV86DA,北都歷段,1007.51,非都市：風景區 ; 非都市編定：農牧用地
RPPNMLRKMHIFFBV86DA,北都歷段,700.54,非都市：風景區 ; 非都市編定：農牧用地
RPPNMLRKMHIFFBV86DA,北都歷段,643.13,非都市：風景區 ; 非都市編定：農牧用地
RPPNMLRKMHIFFBV86DA,北都歷段,199.44,非都市：風景區 ; 非都市編定：交通用地
RPPNMLRKMHIFFBV86DA,北都歷段,119.36,非都市：風景區 ; 非都市編定：交通用地
RPSOMLLKMHIFFAV09CA,岩灣段,134.54,都市：住
RPSOMLLKMHIFFAV09CA,岩灣段,135.17,都市：住
RPPNMLLMLHIFFAV78CA,知本段,4000.00,非都市：特定農業區 ; 非都市編定：農牧用地
RPPNMLSLLHIFFAV76CA,興安段,133.31,都市：住
RPTNMLSLLHIFFCV37CA,鹿野段,1328.00,都市：農
RPPNMLKMLHIFFAV68CA,豐利段,3.44,都市：住
RPPNMLKMLHIFFAV68CA,豐利段,130.24,都市：住
RPSNMLRLLHIFFBV07CA,濱海段,14.69,都市：農
RPSNMLRLLHIFFBV07CA,濱海段,13.51,都市：農
RPXNMLLJMHIFFAV76CA,東海段,72.28,都市：住
RPPNMLLKMHIFFCV88CA,日出段,1976.00,非都市：一般農業區 ; 非都市編定：農牧用地
RPPNMLLKMHIFFCV88CA,日出段,1608.00,非都市：一般農業區 ; 非都市編定：農牧用地
RPRNMLRLLHIFFAV96DA,台東段,77.00,都市：住
RPPNMLRLLHIFFCV96DA,大坡段,644.32,非都市：山坡地保育區 ; 非都市編定：農牧用地
RPQNMLQLLHIFFBV86DA,忠智段,169.17,都市：住
RPPNMLTLLHIFFBV07DA,北佳里段,702.28,都市：農
RPPNMLTLLHIFFBV07DA,北佳里段,960.35,都市：農
RPSNMLTKMHIFFAV17CA,公西段,63.41,都市：農
RPQNMLNJMHIFFAV88CA,台東段,142.00,都市：住
RPQNMLNJMHIFFAV88CA,台東段,118.00,都市：住
RPSNMLSLLHIFFBV17CA,寧埔段石寧埔小段,1203.00,非都市：風景區 ; 非都市編定：農牧用地
RPPNMLTLLHIFFCV17DA,鹿野段,915.00,都市：農
RPPNMLTLLHIFFCV17DA,鹿野段,913.00,都市：農
RPQNMLKKMHIFFBV88DA,新都威段,3301.13,非都市：風景區 ; 非都市編定：農牧用地
RPQNMLKKMHIFFBV88DA,新都威段,548.58,非都市：風景區 ; 非都市編定：農牧用地
RPRNMLQLMHIFFAV07EA,上原段,93.00,非都市：山坡地保育區 ; 非都市編定：丙種建築用地
RPPNMLMJMHIFFBV88DA,南河段,60.61,都市：住
RPPNMLMJMHIFFBV88DA,南河段,275.18,都市：住
RPUNMLLJMHIFFAV56DA,豐年段,16.64,都市：商
RPRNMLTLLHIFFAV17DA,台東段,52.41,都市：住
RPVNMLRLLHIFFAV37DA,台東段,265.00,都市：住
RPRNMLSKMHIFFBV17DA,新港段八邊小段,3623.00,非都市：風景區 ; 非都市編定：農牧用地
RPXNMLSJMHIFFAV47CA,新生段,22.00,都市：住
RPXNMLSJMHIFFAV47CA,新生段,75.00,都市：住
RPPNMLTLLHIFFDV17CA,愛國蒲段,177.84,都市：農
RPQNMLTLLHIFFDV27CA,愛國蒲段,173.97,都市：農
RPQNMLSKMHIFFBV07DA,忠仁段,67.53,都市：住
RPRNMLSLLHIFFBV07CA,萬年段,91.00,非都市：鄉村區 ; 非都市編定：乙種建築用地
RPSNMLKMLHIFFAV98CA,台東段,11.00,都市：住
RPSNMLKMLHIFFAV98CA,台東段,5.00,都市：住
RPSNMLKMLHIFFAV98CA,台東段,215.00,都市：住
RPVNMLNKMHIFFAV86CA,台東段,77.00,都市：住
RPRNMLSJMHIFFAV86CA,南榮段,168.60,都市：農
RPRNMLSJMHIFFAV86CA,南榮段,1203.00,都市：農
RPRNMLSJMHIFFAV86CA,南榮段,1252.72,都市：農
RPRNMLSJMHIFFAV86CA,南榮段,1252.72,都市：農
RPUNMLSJMHIFFAV17CA,豐年段,2455.07,都市：農
RPUNMLSJMHIFFAV17CA,豐年段,174.66,都市：農
RPUNMLSJMHIFFAV17CA,豐年段,244.93,都市：其他
RPUNMLSJMHIFFAV17CA,豐年段,155.38,都市：農
RPUNMLSJMHIFFAV17CA,豐年段,.54,都市：農
RPUNMLSJMHIFFAV17CA,豐年段,49.38,都市：其他
RPRNMLTLLHIFFDV37CA,愛國蒲段,186.02,都市：農
RPSNMLLJMHIFFAV88CA,新園段,2654.00,都市：農
RPQNMLRKMHIFFCV96CA,福原段,101.34,都市：住
RPTNMLTKMHIFFCV47CA,豐泉段,98.53,都市：住
RPSNMLTKMHIFFCV37CA,高台段,542.60,都市：其他
RPQNMLLJMHIFFAV78DA,台東段,128.00,都市：商
RPTNMLQLMHIFFAV07CA,青林段,10.58,都市：住
RPTNMLMLMHIFFCV86CA,萬安段水墜小段,800.00,非都市：特定農業區 ; 非都市編定：農牧用地
RPSNMLTLLHIFFAV27DA,自強段,94.00,都市：住
RPUOMLQLMHIFFAV37DA,常德段,97.73,都市：住
RPUOMLQLMHIFFAV37DA,常德段,375.00,都市：住
RPTNMLNJMHIFFAV66DA,山里段,2430.77,都市：農
RPTNMLNJMHIFFAV66DA,山里段,123.98,都市：農
RPTNMLNJMHIFFAV66DA,山里段,1826.33,都市：農
RPPNMLMLMHIFFBV98CA,三民段,545.08,非都市：風景區 ; 非都市編定：農牧用地
RPTNMLRKMHIFFBV17CA,樟原段大峰峰小段,1210.00,非都市：風景區 ; 非都市編定：農牧用地
RPRNMLLJMHIFFAV88DA,興安段,287.01,都市：住
RPROMLNJMHIFFAV56DA,中心段,1.00,都市：住
RPRNMLRKMHIFFCV17DA,大原段,4491.00,非都市：特定農業區 ; 非都市編定：農牧用地
RPPNMLSJMHIFFAV76DA,台東段,31.00,都市：住
RPUNMLNKMHIFFAV76CA,中清段,658.31,都市：農
RPUNMLNKMHIFFAV76CA,中清段,658.31,都市：農
RPUNMLNKMHIFFAV76CA,中清段,658.31,都市：農
RPUNMLNKMHIFFAV76CA,中清段,658.31,都市：農
RPUNMLNKMHIFFAV76CA,中清段,187.70,都市：農
RPUNMLNKMHIFFAV76CA,中清段,187.70,都市：農
RPUNMLNKMHIFFAV76CA,中清段,187.70,都市：農
RPUNMLNKMHIFFAV76CA,中清段,187.70,都市：農
RPRNMLKKMHIFFBV88CA,南佳里段,3530.00,非都市：風景區 ; 非都市編定：農牧用地
RPVNMLLJMHIFFBV66CA,長濱段,3029.00,非都市：風景區 ; 非都市編定：農牧用地
RPQNMLPKMHIFFBV66CA,新港段新港小段,5086.00,非都市：風景區 ; 非都市編定：農牧用地
RPQNMLPKMHIFFBV66CA,新港段新港小段,480.00,非都市：風景區 ; 非都市編定：農牧用地
RPQNMLPKMHIFFBV66CA,新港段新港小段,210.00,非都市：風景區 ; 非都市編定：農牧用地
RPWNMLLJMHIFFBV76CA,東柄段,2500.00,非都市：風景區 ; 非都市編定：農牧用地
RPWNMLLJMHIFFAV66CA,豐源段,884.76,非都市：特定農業區 ; 非都市編定：農牧用地
RPVNMLLJMHIFFAV56CA,台東段,20.39,都市：住
RPTNMLKKMHIFFAV98CA,台東段,107.00,都市：住
RPTNMLKKMHIFFAV98CA,台東段,44.00,都市：住
RPOOMLQKMHIFFAV56CA,康樂段,383.00,都市：農
RPOOMLQKMHIFFAV56CA,康樂段,1052.00,都市：農
RPQOMLQKMHIFFAV76CA,台東段,14.52,都市：住
RPQOMLQKMHIFFAV76CA,台東段,1.65,都市：住
RPRNMLNJMHIFFAV09DA,射馬干段,47.66,都市：住
RPPNMLSJMHIFFCV86CA,慶福段,330.59,都市：住
RPVNMLTJMHIFFAV37CA,利泰段,815.30,都市：農
RPVNMLTJMHIFFAV37CA,利泰段,7284.59,都市：農
RPPNMLMKMHIFFDV09CA,秀山段,7.72,都市：住
RPSNMLMKMHIFFDV76CA,秀山段,8.36,都市：住
RPQNMLMJMHIFFBV88CA,和平南段,3596.35,非都市：風景區 ; 非都市編定：農牧用地
RPPNMLMJMHIFFCV98DA,武陵段,800.00,非都市：山坡地保育區 ; 非都市編定：農牧用地
RPSNMLKKMHIFFBV09DA,新都威段,3000.00,非都市：風景區 ; 非都市編定：農牧用地
RPPNMLMJMHIFFAV68CA,泰安段,170.26,都市：住
RPPNMLMJMHIFFAV68CA,泰安段,41.48,都市：住
RPXNMLMKMHIFFAV07DA,知本段,150.00,都市：住
RPXNMLMKMHIFFAV07DA,知本段,514.00,非都市：特定農業區 ; 非都市編定：農牧用地
RPPNMLSJMHIFFDV07DA,秀山段,8.08,都市：其他
RPPNMLSJMHIFFDV07DA,秀山段,.00,都市：其他
RPPNMLMKMHIFFBV98DA,都豐段,614.00,都市：住
RPQNMLSJMHIFFDV17DA,德其段,75.56,都市：住
RPSNMLMJMHIFFAV09DA,煙草間段,104.80,都市：住
RPVNMLMJMHIFFAV66CA,岩灣段,133.32,都市：住
RPUNMLMJMHIFFAV56CA,興安段,173.43,都市：住
RPQNMLMJMHIFFAV78CA,豐年段,23.57,都市：住
RPRNMLMJMHIFFAV88CA,豐榮段,116.45,都市：住
RPPNMLMLMHIFFDV66DA,北太麻里段,296.00,非都市：山坡地保育區 ; 非都市編定：丙種建築用地
RPTNMLMJMHIFFAV09CA,興安段,174.62,都市：住
RPRNMLMJMHIFFBV98CA,中柄段,862.06,非都市：風景區 ; 非都市編定：農牧用地
RPWNMLNKMHIFFAV96CA,建業段,4798.00,都市：農
RPQNMLKKMHIFFDV98CA,秀山段,7.72,都市：住
RPPOMLNJMHIFFAV98DA,永樂段,84.00,都市：住
RPROMLLKMHIFFAV98CA,東谷段,85.45,都市：住
RPTNMLSJMHIFFAV07CA,豐康段,2500.00,非都市：特定農業區 ; 非都市編定：農牧用地
RPQNMLSJMHIFFAV76CA,台東段,54.00,都市：住
RPQNMLNJMHIFFCV56DA,高台段,6219.48,非都市：山坡地保育區 ; 非都市編定：農牧用地
RPPNMLNJMHIFFCV98CA,大池段,393.02,非都市：鄉村區 ; 非都市編定：乙種建築用地
RPQOMLSJMHIFFAV86CA,豐年段,232.97,都市：住
RPTNMLNKMHIFFAV66CA,南榮段,498.87,都市：農
RPOOMLSJMHIFFAV66CA,利家段,1041.90,都市：其他
RPOOMLSJMHIFFAV66CA,利家段,1041.90,都市：其他
RPOOMLSJMHIFFAV66CA,利家段,520.95,都市：其他
RPOOMLSJMHIFFAV66CA,利家段,347.30,都市：其他
RPOOMLSJMHIFFAV66CA,利家段,426.60,都市：其他
RPOOMLSJMHIFFAV66CA,利家段,426.60,都市：其他
RPOOMLSJMHIFFAV66CA,利家段,213.30,都市：其他
RPOOMLSJMHIFFAV66CA,利家段,142.20,都市：其他
RPOOMLSJMHIFFAV66CA,利家段,327.00,都市：其他
RPOOMLSJMHIFFAV66CA,利家段,327.00,都市：其他
RPOOMLSJMHIFFAV66CA,利家段,163.50,都市：其他
RPOOMLSJMHIFFAV66CA,利家段,109.00,都市：其他
RPOOMLSJMHIFFAV66CA,利家段,243.90,都市：其他
RPOOMLSJMHIFFAV66CA,利家段,243.90,都市：其他
RPOOMLSJMHIFFAV66CA,利家段,121.95,都市：其他
RPOOMLSJMHIFFAV66CA,利家段,81.30,都市：其他
RPTNMLTKMHIFFAV27CA,豐源段,665.74,都市：其他
RPUNMLTKMHIFFAV37CA,自強段,25.50,都市：住
RPUNMLTKMHIFFAV37CA,自強段,25.50,都市：住
RPRNMLPLMHIFFAV76CA,豐年段,1036.74,都市：農
RPRNMLPLMHIFFAV76CA,豐年段,648.22,都市：住
RPRNMLPLMHIFFAV76CA,豐年段,22.07,都市：其他
RPPNMLLKMHIFFBV78CA,真柄段,2893.00,非都市：風景區 ; 非都市編定：農牧用地
RPPNMLLKMHIFFBV78CA,真柄段,2893.00,非都市：風景區 ; 非都市編定：農牧用地
RPRNMLKKMHIFFDV09CA,秀山段,9.65,都市：住
RPVNMLSJMHIFFAV37DA,新生段,9.92,都市：住
RPWNMLSJMHIFFAV47DA,台東段,128.00,都市：住
RPQNMLPLMHIFFBV86DA,南都歷段,35.51,非都市：風景區 ; 非都市編定：丙種建築用地
RPPNMLKKMHIFFAV68DA,大業段,21.58,都市：住
RPWNMLRKMHIFFBV47CA,忠勇段,71.10,都市：住
RPPNMLPLMHIFFBV76DA,南都歷段,15.33,非都市：風景區 ; 非都市編定：農牧用地
RPVNMLKKMHIFFAV66DA,台東段,103.97,都市：住
RPTOMLLJNHIFFAV56CA,台東段,58.00,都市：住
RPRNMLTJMHIFFAV96CA,建成段,99.18,都市：住
RPQNMLMKMHIFFDV56CA,秀山段,7.72,都市：住
RPXOMLLJNHIFFAV96CA,中心段,50.00,都市：住
RPUOMLLJNHIFFAV66CA,岩灣段,218.36,都市：住
RPXNMLRKMHIFFBV57CA,南河段,104.79,都市：住
RPPNMLLJNHIFFDV98CA,金崙段,3800.00,都市：其他
RPSNMLPKMHIFFAV86DA,岩灣段,203.91,都市：商
RPRNMLKKMHIFFAV78CA,台東段,59.00,都市：住
RPQNMLTJMHIFFAV86CA,台東段,49.00,都市：住
RPVNMLMKMHIFFAV76CA,台東段,68.00,都市：住
RPSNMLTJMHIFFAV07CA,東海段,22.69,都市：住
RPSNMLTJMHIFFAV07CA,東海段,1.46,都市：住
RPQNMLRJNHIFFAV76CA,上岩灣段,72.67,都市：住
RPSNMLMKMHIFFAV09CA,富岡南段,43.41,都市：住
RPTNMLPKMHIFFAV86CA,東海段,20.30,都市：住
RPTNMLPKMHIFFAV86CA,東海段,1.31,都市：住
RPXNMLKKMHIFFAV76CA,興安段,141.40,都市：住
RPTNMLTJMHIFFAV17CA,興安段,173.39,都市：住
RPUNMLTJMHIFFAV27CA,興安段,176.72,都市：住
RPOOMLKKMHIFFAV58CA,興安段,356.91,都市：住
RPXNMLNKMHIFFAV07CA,建和段,4067.22,都市：農
RPXNMLNKMHIFFAV07CA,建和段,4813.12,都市：農
RPSNMLNKMHIFFAV56CA,台東段,46.25,都市：住
RPUNMLRKMHIFFBV27CA,坪頂段,1949.74,非都市：風景區 ; 非都市編定：農牧用地
RPQNMLNKMHIFFAV98CA,利家段,112.67,都市：住
RPQNMLNKMHIFFAV98CA,利家段,19.75,都市：住
RPUNMLKKMHIFFAV56DA,梧州段,54.04,都市：其他
RPUNMLKKMHIFFAV56DA,梧州段,1124.58,都市：農
RPRNMLMKMHIFFDV66CA,秀山段,6.43,都市：住
RPPNMLKKMHIFFDV98DA,達人段,601.46,都市：農
RPWNMLSKMHIFFAV57DA,豐年段,18.50,都市：住
RPPNMLKKMHIFFCV78CA,中福段,116.23,都市：住
RPTNMLRKMHIFFAV07CA,光明段,92.00,都市：住
RPPNMLSKMHIFFCV07DA,鸞山段,4710.00,非都市：山坡地保育區 ; 非都市編定：農牧用地
RPPNMLQKMHIFFAV66DA,自強段,82.00,都市：住
RPPNMLQKMHIFFAV66DA,自強段,75.00,都市：住
RPPNMLQKMHIFFAV66DA,自強段,124.00,都市：住
RPQNMLKMMHIFFAV98DA,南王段,228.11,都市：住
RPPNMLOKMHIFFBV09CA,萬年段,336.00,非都市：鄉村區 ; 非都市編定：乙種建築用地
RPPNMLOKMHIFFBV09CA,萬年段,1368.00,非都市：鄉村區 ; 非都市編定：乙種建築用地
RPTNMLPLMHIFFAV96CA,新生段,20.66,都市：住
SPWNMLMJNHIFFAV96CA,馬蘭段,2.53,都市：住
SPWNMLMJNHIFFAV96CA,馬蘭段,2.97,都市：住
RPWNMLMJNHIFFAV86CA,馬蘭段,2.35,都市：住
RPWNMLMJNHIFFAV86CA,馬蘭段,2.77,都市：住
RPXNMLSKMHIFFAV57CA,豐年段,17.00,都市：住
RPQNMLQKMHIFFAV76DA,台東段,72.00,都市：住
RPOOMLMJNHIFFAV78CA,馬蘭段,2.46,都市：住
RPOOMLMJNHIFFAV78CA,馬蘭段,2.89,都市：住
RPOOMLLKMHIFFAV68CA,豐里段,3228.73,都市：農
RPPNMLMKMHIFFAV78CA,知本段,3815.00,非都市：特定農業區 ; 非都市編定：農牧用地
RPRNMLNKMHIFFAV09CA,馬蘭段,51.94,都市：住
RPOOMLMKMHIFFAV78CA,興安段,130.46,都市：住
RPPOMLLKMHIFFAV78CA,利家段,3487.00,非都市：特定農業區 ; 非都市編定：農牧用地
RPPNMLNKMHIFFAV88CA,常德段,84.72,都市：住
RPRNMLMKMHIFFAV98CA,知本段,1855.00,非都市：特定農業區 ; 非都市編定：農牧用地
RPXNMLLKMHIFFAV86CA,豐里段,3228.73,都市：農
RPPNMLPKMHIFFCV66CA,隆興段,2969.49,非都市：一般農業區 ; 非都市編定：農牧用地
RPRNMLRKMHIFFAV86CA,上岩灣段,190.89,都市：農
RPQNMLMKMHIFFAV88CA,旭川段,73.18,非都市：鄉村區 ; 非都市編定：乙種建築用地
RPSNMLRKMHIFFAV96CA,南榮段,4.19,都市：其他
RPRNMLPKMHIFFAV66CA,豐年段,36.74,都市：住
RPRNMLPKMHIFFAV66CA,豐年段,15.59,都市：其他
RPQOMLLKMHIFFAV98DA,台東段,3.78,都市：住
RPPOMLTLMHIFFAV17DA,豐康段,2500.12,都市：農
RPQOMLMKMHIFFAV09DA,建本段,52.07,都市：住
RPQOMLMKMHIFFAV09DA,建本段,7.85,都市：住
RPVNMLNLMHIFFAV96CA,利家段,2069.00,都市：農
RPSNMLNLMHIFFAV76DA,知本段,460.00,非都市：特定農業區 ; 非都市編定：農牧用地
RPWNMLNLMHIFFAV07CA,利家段,3414.00,都市：農
RPUNMLQKMHIFFAV17DA,台東段,101.00,都市：住
RPUNMLQKMHIFFAV17DA,台東段,45.43,都市：住
RPPNMLNKMHIFFDV66DA,北橋段,2863.33,都市：農
RPQNMLPKMHIFFCV76CA,龍田段,404.98,都市：住
RPPNMLQKMHIFFCV76CA,中華東段,373.05,非都市：一般農業區 ; 非都市編定：農牧用地
RPWOMLTLMHIFFAV87DA,路頂段,3167.37,非都市：特定農業區 ; 非都市編定：農牧用地
RPWOMLTLMHIFFAV87DA,路頂段,111.67,非都市：特定農業區 ; 非都市編定：農牧用地
RPWNMLNJNHIFFAV96CA,光明段,168.00,都市：住
RPPNMLPKMHIFFAV56DA,台東段,48.17,都市：住
RPPNMLPKMHIFFAV56DA,台東段,9.00,都市：住
RPUNMLPKMHIFFAV96CA,光明段,67.25,都市：住
RPUNMLPKMHIFFAV96CA,光明段,184.00,都市：住
RPSNMLMLMHIFFCV86DA,中華東段,913.53,都市：其他
RPUNMLRKMHIFFAV17CA,下賓朗段,197.60,都市：其他
RPRNMLQKMHIFFAV86DA,東興段,3932.12,都市：農
RPWNMLQKMHIFFAV27CA,南清段,87.29,都市：其他
RPWNMLQKMHIFFAV27CA,南清段,4.12,都市：其他
RPQNMLQKMHIFFDV96CA,賓茂段,4085.00,非都市：山坡地保育區 ; 非都市編定：農牧用地
RPSNMLQKMHIFFDV17CA,嘉新段,302.13,非都市：山坡地保育區 ; 非都市編定：農牧用地
RPPNMLQKMHIFFDV86CA,德其段,216.72,都市：住
RPRNMLQKMHIFFDV07CA,嘉新段,296.47,非都市：山坡地保育區 ; 非都市編定：農牧用地
RPTNMLKKNHIFFCV66CA,福原段,18.63,都市：商
RPTOMLRJNHIFFAV17CA,新中寮段,91.32,都市：住
RPTOMLRJNHIFFAV17CA,新中寮段,27.04,都市：住
RPTOMLRJNHIFFAV17CA,新中寮段,187.86,都市：農
RPTOMLRJNHIFFAV17CA,新中寮段,61.14,都市：農
RPTOMLRJNHIFFAV17CA,新中寮段,304.57,都市：農
RPSNMLKKNHIFFCV66DA,福原段,20.48,都市：商
RPOPMLLJNHIFFAV78CA,德安段,23.13,都市：住
RPOPMLLJNHIFFAV78CA,德安段,.16,都市：住
RPOPMLLJNHIFFAV78CA,德安段,2.14,都市：住
RPOPMLLJNHIFFAV78CA,德安段,.04,都市：住
RPPNMLNLMHIFFBV09CA,南八里段,8075.30,非都市：風景區 ; 非都市編定：農牧用地
RPPNMLQKMHIFFBV66CA,加走灣段,2160.42,非都市：風景區 ; 非都市編定：農牧用地
RPPNMLQKMHIFFBV66CA,加走灣段,992.05,非都市：風景區 ; 非都市編定：農牧用地
RPSOMLRJNHIFFAV07CA,台東段,1.86,都市：住
RPSOMLRJNHIFFAV07CA,台東段,.94,都市：住
RPQOMLRJNHIFFAV86CA,東谷段,168.63,都市：住
RPPNMLTKMHIFFBV07DA,南都歷段,219.74,非都市：風景區 ; 非都市編定：交通用地
RPPNMLTKMHIFFBV07DA,南都歷段,29.18,非都市：風景區 ; 非都市編定：農牧用地
RPPNMLTKMHIFFBV07DA,南都歷段,128.88,非都市：風景區 ; 非都市編定：交通用地
RPPNMLTKMHIFFBV07DA,南都歷段,2.17,非都市：風景區 ; 非都市編定：交通用地
RPVOMLTLMHIFFAV77DA,路頂段,3005.87,非都市：特定農業區 ; 非都市編定：農牧用地
RPVOMLTLMHIFFAV77DA,路頂段,111.67,非都市：特定農業區 ; 非都市編定：農牧用地
RPUNMLQKMHIFFDV47DA,秀山段,13.85,都市：商
RPUNMLQKMHIFFDV47DA,秀山段,.00,都市：商
RPQNMLQKMHIFFCV96DA,崁頂段,520.00,非都市：鄉村區 ; 非都市編定：乙種建築用地
RPPNMLRKMHIFFDV07DA,介達段,1900.00,非都市：山坡地保育區 ; 非都市編定：林業用地
RPTNMLQKMHIFFDV37DA,秀山段,8.52,都市：住
RPTNMLQKMHIFFAV07DA,豐年段,72.13,都市：住
RPPNMLSKMHIFFAV86DA,自強段,66.00,都市：住
TPTNMLQKMHIFFAV27DA,豐年段,76.97,都市：住
SPTNMLQKMHIFFAV17DA,豐年段,76.44,都市：住
RPQNMLSKMHIFFCV07CA,萬福段,584.77,非都市：特定農業區 ; 非都市編定：農牧用地
RPQNMLSKMHIFFCV07CA,萬福段,1874.95,非都市：特定農業區 ; 非都市編定：農牧用地
UPTNMLQKMHIFFAV37DA,豐年段,77.17,都市：住
RPVNMLQKMHIFFDV47CA,秀山段,10.39,都市：住
RPVNMLQKMHIFFDV47CA,秀山段,.00,都市：住
RPTNMLSKMHIFFAV17CA,利家段,898.00,非都市：特定農業區 ; 非都市編定：農牧用地
RPXNMLQKMHIFFAV37CA,豐年段,7.00,都市：住
RPUNMLSKMHIFFAV27CA,台東段,19.00,都市：住
RPRNMLTKMHIFFAV07CA,岩灣段,132.60,都市：住
RPRNMLSKMHIFFAV96CA,光明段,67.25,都市：住
RPRNMLSKMHIFFAV96CA,光明段,184.00,都市：住
RPRNMLMLMHIFFCV66CA,月美段,2647.00,非都市：特定農業區 ; 非都市編定：農牧用地
SPQNMLOLMHIFFAV66CA,中心段,64.00,都市：住
RPQNMLOLMHIFFAV56CA,中心段,64.00,都市：住
RPOOMLTKMHIFFAV86CA,富山段,61.99,非都市：風景區 ; 非都市編定：丙種建築用地
RPOOMLTKMHIFFAV86CA,富山段,61.99,非都市：風景區 ; 非都市編定：丙種建築用地
RPOOMLTKMHIFFAV86CA,富山段,57.22,非都市：風景區 ; 非都市編定：丙種建築用地
RPOOMLTKMHIFFAV86CA,富山段,57.22,非都市：風景區 ; 非都市編定：丙種建築用地
RPOOMLTKMHIFFAV86CA,富山段,44.66,非都市：風景區 ; 非都市編定：林業用地
RPOOMLTKMHIFFAV86CA,富山段,44.66,非都市：風景區 ; 非都市編定：林業用地
RPOOMLTKMHIFFAV86CA,富山段,41.22,非都市：風景區 ; 非都市編定：林業用地
RPOOMLTKMHIFFAV86CA,富山段,41.22,非都市：風景區 ; 非都市編定：林業用地
RPPNMLNKNHIFFBV09CA,高台段,204.28,都市：農
RPRNMLPLMHIFFBV86CA,萬年段,2501.00,非都市：風景區 ; 非都市編定：農牧用地
RPOOMLSKMHIFFAV86DA,東農段,207.59,都市：住
RPUNMLNLMHIFFAV96DA,馬蘭段,582.00,都市：商
RPPOMLNKNHIFFAV56DA,台東段,113.00,都市：住
RPVNMLKMMHIFFBV86CA,城山段彭仔存小段,6397.00,非都市：風景區 ; 非都市編定：農牧用地
RPRNMLQLMHIFFCV07CA,錦富段,137.83,非都市：特定農業區 ; 非都市編定：甲種建築用地
RPSNMLLJNHIFFAV98CA,南榮段,3582.99,都市：農
RPPNMLTKMHIFFAV96DA,豐榮段,101.00,都市：住
RPRNMLMJNHIFFAV98CA,台東段,81.50,都市：住
RPRNMLMJNHIFFAV98CA,台東段,81.50,都市：住
RPWNMLTKMHIFFAV67DA,台東段,62.00,都市：住
RPTNMLLJNHIFFAV09CA,光明段,207.00,都市：住
RPTNMLLJNHIFFAV09CA,光明段,113.00,都市：住
RPTNMLLJNHIFFAV09CA,光明段,114.00,都市：住
RPSNMLMJNHIFFAV09CA,永清段,55.11,都市：住
RPSNMLMJNHIFFAV09CA,永清段,152.13,都市：住
RPPNMLRKNHIFFCV07DA,福文段,76.33,都市：住
RPSNMLRJNHIFFAV96CA,豐年段,8.50,都市：住
RPPNMLQLMHIFFBV76CA,都蘭段,2540.00,非都市：風景區 ; 非都市編定：農牧用地
RPUNMLNLMHIFFCV17DA,北庄段,84.91,非都市：鄉村區 ; 非都市編定：乙種建築用地
RPRNMLOKNHIFFCV86CA,福原段,127.46,都市：住
RPPNMLNLMHIFFCV66DA,慶福段,118.39,都市：住
RPQNMLLJNHIFFAV78CA,岩灣段,136.48,都市：住
RPVNMLTKMHIFFAV47CA,豐谷段,26.00,都市：住
RPVNMLTKMHIFFAV47CA,豐谷段,135.00,都市：其他
RPVNMLTKMHIFFAV47CA,豐谷段,108.00,都市：住
RPQNMLTKMHIFFAV96CA,岩灣段,131.09,都市：住
RPPOMLTKMHIFFAV96CA,光明段,67.25,都市：住
RPPOMLTKMHIFFAV96CA,光明段,184.00,都市：住
RPSNMLPLMHIFFAV86CA,普優瑪段,172.11,都市：住
RPTNMLMLMHIFFAV66CA,建成段,46.96,都市：商
RPTNMLMLMHIFFAV66CA,建成段,106.45,都市：商
RPTNMLMLMHIFFAV66CA,建成段,83.22,都市：商
RPTNMLMLMHIFFAV66CA,建成段,162.29,都市：住
RPTNMLMLMHIFFAV66CA,建成段,64.66,都市：其他
RPTNMLMLMHIFFAV66CA,建成段,115.59,都市：住
RPPNMLQLMHIFFCV86CA,鹿野段,2503.00,非都市：一般農業區 ; 非都市編定：農牧用地
RPQNMLQLMHIFFCV96CA,鹿野段,2503.00,非都市：一般農業區 ; 非都市編定：農牧用地
RPSNMLMLMHIFFAV56CA,常德段,14.24,都市：住
RPUNMLMLMHIFFAV76CA,馬蘭段,111.00,都市：住
RPQNMLQLMHIFFBV86CA,都蘭段,2540.00,非都市：風景區 ; 非都市編定：農牧用地
RPSNMLQLMHIFFBV07CA,都蘭段,2920.00,非都市：風景區 ; 非都市編定：農牧用地
RPRNMLQLMHIFFBV96CA,都蘭段,2920.00,非都市：風景區 ; 非都市編定：農牧用地
RPUNMLQLMHIFFBV27CA,都蘭段,2520.00,非都市：風景區 ; 非都市編定：農牧用地
RPTNMLQLMHIFFBV17CA,都蘭段,2600.00,非都市：風景區 ; 非都市編定：農牧用地
RPVNMLQLMHIFFBV37CA,都蘭段,556.29,非都市：風景區 ; 非都市編定：農牧用地
RPPNMLNJNHIFFBV98CA,高台段,564.88,非都市：風景區 ; 非都市編定：農牧用地
RPPNMLNJNHIFFBV98CA,高台段,3026.56,非都市：風景區 ; 非都市編定：農牧用地
RPPNMLOLMHIFFBV56CA,忠智段,127.03,都市：住
RPQNMLOLMHIFFBV66CA,小湊段石傘小段,2211.00,非都市：風景區 ; 非都市編定：農牧用地
RPQNMLOLMHIFFBV66CA,小湊段石傘小段,902.00,非都市：風景區 ; 非都市編定：農牧用地
RPQNMLOLMHIFFBV66CA,小湊段石傘小段,1765.00,非都市：風景區 ; 非都市編定：農牧用地
RPROMLRJNHIFFAV96CA,永清段,78.66,都市：住
RPROMLRJNHIFFAV96CA,永清段,148.62,都市：住
RPRNMLMLMHIFFAV56DA,台東段,43.00,都市：住
RPXNMLMLMHIFFAV17DA,利泰段,494.55,非都市：鄉村區 ; 非都市編定：乙種建築用地
RPQNMLMLMHIFFCV66DA,大埔段,373.42,都市：住
RPRNMLNLMHIFFCV86DA,鹿野段,1959.00,非都市：特定農業區 ; 非都市編定：農牧用地
RPRNMLNLMHIFFCV86DA,鹿野段,1894.00,非都市：特定農業區 ; 非都市編定：農牧用地
RPWNMLMLMHIFFAV07DA,台東段,260.00,都市：住
RPPNMLOLMHIFFDV76CA,笆札筏段,14.05,非都市：鄉村區 ; 非都市編定：乙種建築用地
RPPNMLOLMHIFFDV76CA,笆札筏段,329.79,非都市：鄉村區 ; 非都市編定：乙種建築用地
RPPNMLKKNHIFFBV88DA,萬年段,219.00,非都市：風景區 ; 非都市編定：農牧用地
RPTOMLQKNHIFFAV17CA,建康段,45.92,都市：住
RPTOMLQKNHIFFAV17CA,建康段,82.32,都市：住
RPTOMLQKNHIFFAV17CA,建康段,12.04,都市：住
RPROMLQKNHIFFAV96CA,自強段,121.00,都市：住
RPROMLQKNHIFFAV96CA,自強段,48.00,都市：住
RPPNMLPLMHIFFCV86DA,大同段,59.33,都市：住
RPPNMLNLMHIFFAV09DA,岩灣段,155.19,都市：住
RPPNMLRJNHIFFAV66CA,自強段,115.00,都市：住
RPQNMLNLMHIFFAV56DA,台東段,75.00,都市：住
RPVNMLMJNHIFFAV76CA,利家段,89.00,都市：住
RPTNMLOLMHIFFCV17DA,日出段,660.00,非都市：山坡地保育區 ; 非都市編定：農牧用地
RPSNMLOLMHIFFCV07DA,日出段,4620.00,非都市：山坡地保育區 ; 非都市編定：農牧用地
RPSNMLOLMHIFFCV07DA,日出段,1460.00,非都市：山坡地保育區 ; 非都市編定：農牧用地
RPTNMLNLMHIFFCV07DA,北庄段,160.14,非都市：鄉村區 ; 非都市編定：乙種建築用地
RPQNMLOLMHIFFCV76CA,溪埔段,65.65,都市：其他
RPQNMLOLMHIFFCV76CA,溪埔段,94.73,都市：其他
RPQNMLOLMHIFFCV76CA,溪埔段,1908.45,都市：工
RPQNMLOLMHIFFCV76CA,溪埔段,832.62,都市：工
RPQNMLNJNHIFFBV09CA,小馬東段,1489.27,非都市：風景區 ; 非都市編定：農牧用地
RPRNMLOLMHIFFBV76CA,忠勇段,83.62,都市：住
RPPNMLMLNHIFFCV66DA,隆興段,1408.06,非都市：一般農業區 ; 非都市編定：農牧用地
RPPNMLMLNHIFFCV66DA,隆興段,1582.36,非都市：一般農業區 ; 非都市編定：農牧用地
RPROMLLJNHIFFAV98CA,中山段,70.00,都市：住
RPTNMLMJNHIFFAV56CA,岩灣段,197.12,都市：住
RPPNMLKKNHIFFCV88CA,大坡段,2111.52,非都市：風景區 ; 非都市編定：農牧用地
RPQNMLQJNHIFFCV96DA,錦富段,2542.94,非都市：特定農業區 ; 非都市編定：農牧用地
RPQNMLQJNHIFFCV96DA,錦富段,159.74,非都市：特定農業區 ; 非都市編定：甲種建築用地
RPQNMLQJNHIFFCV96DA,錦富段,128.31,非都市：特定農業區 ; 非都市編定：甲種建築用地
RPSNMLQKNHIFFAV07DA,台東段,15.43,都市：住
RPUNMLMJNHIFFAV66CA,旭川段,67.40,都市：住
RPTNMLNLMHIFFAV86DA,上岩灣段,73.22,都市：住
RPPNMLOLMHIFFCV76DA,水井段,2500.00,非都市：特定農業區 ; 非都市編定：農牧用地
RPSNMLQLMHIFFCV27DA,大原段,578.00,非都市：特定農業區 ; 非都市編定：農牧用地
RPSNMLQLMHIFFCV27DA,大原段,1166.00,非都市：特定農業區 ; 非都市編定：農牧用地
RPSNMLQLMHIFFCV27DA,大原段,1158.00,非都市：特定農業區 ; 非都市編定：農牧用地
RPSNMLQLMHIFFCV27DA,大原段,1164.00,非都市：特定農業區 ; 非都市編定：農牧用地
RPQNMLKLNHIFFCV56DA,廣原段,4870.00,非都市：山坡地保育區 ; 非都市編定：農牧用地
RPQNMLMJNHIFFBV98CA,都豐段,1570.35,非都市：風景區 ; 非都市編定：農牧用地
RPTNMLOLMHIFFAV86CA,岩灣段,101.90,都市：住
RPSNMLOLMHIFFAV86DA,永和段,179.05,都市：住
RPUNMLOLMHIFFAV96CA,自強段,77.55,都市：住
RPRNMLOLMHIFFAV66CA,台東段,81.00,都市：住
RPPNMLRLMHIFFBV86CA,烏石鼻段,2219.37,非都市：風景區 ; 非都市編定：農牧用地
RPVNMLLJNHIFFAV66CA,富岡段,851.23,都市：其他
RPUNMLKMMHIFFBV76CA,坪頂段,2850.82,非都市：風景區 ; 非都市編定：農牧用地
RPRNMLKMMHIFFBV09CA,小馬東段,2572.74,非都市：風景區 ; 非都市編定：農牧用地
RPRNMLKMMHIFFBV09CA,小馬東段,519.68,非都市：風景區 ; 非都市編定：農牧用地
RPPOMLLJNHIFFAV78CA,台東段,3.19,都市：住
RPWNMLQJNHIFFAV27CA,台東段,23.25,都市：住
RPTNMLOKNHIFFCV07CA,瑞豐段,760.68,都市：農
RPTNMLOKNHIFFCV07CA,瑞豐段,1828.68,都市：農
RPTNMLOKNHIFFCV07CA,瑞豐段,2445.94,都市：農
RPRNMLKMMHIFFCV56CA,月野段,1361.00,非都市：特定農業區 ; 非都市編定：農牧用地
RPTNMLQLMHIFFCV37DA,鹿寮段,2396.07,非都市：山坡地保育區 ; 非都市編定：農牧用地
RPSNMLKMMHIFFCV66CA,月野段,268.00,非都市：特定農業區 ; 非都市編定：農牧用地
RPSNMLQLMHIFFAV07DA,利家段,2353.00,非都市：特定農業區 ; 非都市編定：農牧用地
RPWOMLQLMHIFFAV57DA,東海段,111.13,都市：住
RPTNMLPKNHIFFBV17DA,忠仁段,170.19,都市：其他
RPPNMLQLMHIFFAV76DA,普優瑪段,1912.79,都市：農
RPPNMLMJNHIFFDV56DA,大武段,189.00,非都市： ; 非都市編定：
RPTOMLQLMHIFFAV27DA,豐谷段,124.00,都市：住
RPQNMLKMMHIFFCV56DA,慶福段,52.45,都市：住
RPQNMLKMMHIFFCV56DA,慶福段,62.79,都市：住
RPPNMLKMMHIFFCV98CA,大原段,1471.00,非都市：特定農業區 ; 非都市編定：農牧用地
RPPNMLQJNHIFFBV66CA,藍寶段,3000.00,非都市：風景區 ; 非都市編定：農牧用地
RPTNMLKMMHIFFBV66CA,高原段,5250.00,非都市：森林區 ; 非都市編定：農牧用地
RPPNMLQLMHIFFDV07DA,金崙段,80.00,都市：住
RPQNMLQJNHIFFBV76CA,藍寶段,2873.08,非都市：風景區 ; 非都市編定：農牧用地
RPSNMLPKNHIFFAV96DA,永和段,114.59,都市：住
RPQNMLPKNHIFFAV76DA,永和段,127.61,都市：住
RPUNMLQJNHIFFAV07CA,自強段,165.07,都市：住
RPVNMLNJNHIFFAV86CA,興安段,781.03,都市：住
RPTPMLTLMHIFFAV57CA,豐成段,29.53,都市：其他
RPQNMLOKNHIFFAV56CA,自強段,291.58,都市：住
RPVNMLTLMHIFFAV67DA,豐榮段,91.00,都市：住
RPRNMLTLMHIFFAV27DA,光明段,90.00,都市：住
RPRNMLRLNHIFFCV27CA,萬朝段,467.04,都市：其他
RPWNMLRKNHIFFAV47CA,馬蘭段,20.12,都市：住
RPPNMLRLMHIFFAV76CA,豐康段,2500.00,都市：其他
RPSOMLQLMHIFFAV07CA,旭川段,4736.08,非都市：特定農業區 ; 非都市編定：農牧用地
RPWNMLLJNHIFFAV76CA,梧州段,152.14,都市：農
RPWNMLLJNHIFFAV76CA,梧州段,847.86,都市：農
RPXNMLMJNHIFFAV96CA,明峰段,8989.71,都市：農
RPQNMLTLMHIFFAV07CA,豐航段,624.98,都市：農
RPQNMLTLMHIFFAV07CA,豐航段,624.98,都市：農
RPSOMLTLMHIFFAV37CA,豐源段,3000.00,都市：農
RPSPMLTLMHIFFAV47CA,豐年段,87.51,都市：住
RPXNMLLJNHIFFAV86CA,岩灣段,217.70,都市：住
RPWNMLKMMHIFFAV86CA,台東段,7.67,都市：住
RPPOMLQLMHIFFAV76CA,馬蘭段,11.54,都市：住
RPRNMLLLNHIFFAV09CA,中正段,85.00,都市：住
RPQOMLTLMHIFFAV17CA,梅園段,245.78,都市：其他
RPWOMLLJNHIFFAV86CA,普優瑪段,2745.49,都市：農
RPVOMLLJNHIFFAV76CA,普優瑪段,3745.15,都市：農
RPQNMLSJNHIFFBV96CA,興隆段,3930.50,非都市：風景區 ; 非都市編定：農牧用地
RPQNMLTLMHIFFCV27CA,新興段,200.33,都市：農
RPPNMLRJNHIFFCV86CA,大原段,551.00,都市：農
RPPNMLRJNHIFFCV86CA,大原段,15671.00,都市：農
RPOPMLTLMHIFFAV17DA,豐源段,1369.80,都市：住
RPOOMLTLMHIFFAV07DA,南王段,746.03,都市：住
RPOOMLTLMHIFFAV07DA,南王段,154.33,都市：住
RPOOMLTLMHIFFAV07DA,南王段,176.47,都市：住
RPOOMLTLMHIFFAV07DA,南王段,107.92,都市：住
RPOOMLTLMHIFFAV07DA,南王段,3.58,都市：住
RPPPMLTLMHIFFAV27DA,豐源段,9035.22,都市：農
RPPPMLTLMHIFFAV27DA,豐源段,3374.37,都市：農
RPPPMLTLMHIFFAV27DA,豐源段,4065.13,都市：農
RPPNMLTLIIIFFAV66CA,豐航段,10454.57,都市：農
RPQPMLTLMHIFFAV37DA,豐源段,3193.81,都市：農
RPTOMLTLMHIFFAV57DA,豐聖段,139.72,都市：農
RPQNMLMJNHIFFDV66DA,大武段,850.00,非都市：山坡地保育區 ; 非都市編定：農牧用地
RPXNMLKMMHIFFAV07DA,射馬干段,118.79,都市：其他
RPPNMLNJNHIFFDV66DA,多良段,16020.00,非都市：山坡地保育區 ; 非都市編定：農牧用地
RPPNMLNJNHIFFDV66DA,多良段,20000.00,非都市：山坡地保育區 ; 非都市編定：林業用地
RPPNMLTLNHIFFAV07CA,自強段,37.79,都市：住
RPSNMLMJNHIFFCV66CA,萬朝段,1771.78,都市：農
RPSNMLMJNHIFFCV66CA,萬朝段,1252.73,都市：農
RPSNMLMJNHIFFCV66CA,萬朝段,527.30,都市：農
RPSNMLMJNHIFFCV66CA,萬朝段,852.91,都市：農
RPSNMLMJNHIFFCV66CA,萬朝段,2165.28,都市：農
RPPPMLLJNHIFFAV98DA,馬蘭段,44.23,都市：住
RPPNMLQLNHIFFAV86DA,台東段,121.12,都市：住
RPSNMLNJNHIFFAV66DA,台東段,165.00,都市：住
RPVNMLRLNHIFFCV77DA,高台段,1040.50,非都市：山坡地保育區 ; 非都市編定：農牧用地
RPQNMLRLNHIFFCV17CA,豐泉段,341.94,都市：住
RPPNMLMJNHIFFBV88CA,都蘭段,3087.00,非都市：風景區 ; 非都市編定：農牧用地
RPPNMLMJNHIFFBV88CA,都蘭段,937.00,非都市：風景區 ; 非都市編定：農牧用地
RPQNMLTLNHIFFCV47DA,加拿段,400.00,非都市：鄉村區 ; 非都市編定：乙種建築用地
RPPNMLRKNHIFFBV86CA,和平南段,4755.68,非都市：風景區 ; 非都市編定：農牧用地
RPPNMLRKNHIFFBV86CA,和平南段,1244.32,非都市：風景區 ; 非都市編定：農牧用地
RPRNMLTLNHIFFAV27CA,台東段,331.00,都市：其他
RPPOMLOKNHIFFAV56CA,富山段,4477.19,都市：農
RPUNMLSJNHIFFAV27CA,豐年段,21.17,都市：住
RPSNMLTJNHIFFAV17CA,台東段,12.68,都市：住
RPQOMLLJNHIFFAV88CA,台東段,60.00,都市：住
RPSOMLLJNHIFFAV09CA,豐成段,138.99,非都市：特定農業區 ; 非都市編定：甲種建築用地
RPRNMLMJNHIFFDV66CA,荖花段,1022.47,非都市：山坡地保育區 ; 非都市編定：丙種建築用地
RPSNMLMJNHIFFDV76CA,秀山段,8.08,都市：住
RPSNMLMJNHIFFDV76CA,秀山段,.00,都市：住
RPVNMLMLNHIFFAV96CA,豐年段,116.08,都市：住
RPVNMLMLNHIFFAV96CA,豐年段,24.99,都市：住
RPQNMLMJNHIFFAV88CA,新生段,132.00,都市：住
RPPNMLMJNHIFFAV78CA,豐樂段,111.00,都市：工
