﻿鄉鎮市區,交易標的,土地區段位置建物區段門牌,土地移轉總面積平方公尺,都市土地使用分區,非都市土地使用分區,非都市土地使用編定,交易年月日,交易筆棟數,移轉層次,總樓層數,建物型態,主要用途,主要建材,建築完成年月,建物移轉總面積平方公尺,建物現況格局-房,建物現況格局-廳,建物現況格局-衛,建物現況格局-隔間,有無管理組織,總價元,單價元平方公尺,車位類別,車位移轉總面積平方公尺,車位總價元,備註,編號
The villages and towns urban district,transaction sign,land sector position building sector house number plate,land shifting total area square meter,the use zoning or compiles and checks,the non-metropolis land use district,non-metropolis land use,transaction year month and day,transaction pen number,shifting level,total floor number,building state,main use,main building materials,construction to complete the years,building shifting total area,Building present situation pattern - room,building present situation pattern - hall,building present situation pattern - health,building present situation pattern - compartmented,Whether there is manages the organization,total price NTD,the unit price (NTD / square meter),the berth category,berth shifting total area square meter,the berth total price NTD,the note,serial number
三星鄉,房地(土地+建物),大德段571~600地號,199.0,,特定農業區,甲種建築用地,1040726,土地1建物1車位0,全,3,透天厝,住家用,鋼筋混凝土造,,273.55,3,3,4,有,無,14100000,51545,,0.0,0,,RPUOMLQKRHKFFAG66EB
三星鄉,房地(土地+建物),大德段571~600地號,158.0,,特定農業區,甲種建築用地,1040218,土地1建物1車位0,全,3,透天厝,住家用,鋼筋混凝土造,,259.88,3,3,4,有,無,13000000,50023,,0.0,0,,RPVOMLQKRHKFFAG76EB
三星鄉,房地(土地+建物),大德段571~600地號,156.0,,特定農業區,甲種建築用地,1040216,土地1建物1車位0,全,3,透天厝,住家用,鋼筋混凝土造,,259.88,3,3,4,有,無,12800000,49254,,0.0,0,,RPWOMLQKRHKFFAG86EB
三星鄉,房地(土地+建物),大德段571~600地號,159.0,,特定農業區,甲種建築用地,1040312,土地1建物1車位0,全,3,透天厝,住家用,鋼筋混凝土造,,259.88,3,3,4,有,無,12660000,48715,,0.0,0,,RPXOMLQKRHKFFAG96EB
三星鄉,房地(土地+建物),大德段571~600地號,159.0,,特定農業區,甲種建築用地,1040316,土地1建物1車位0,全,3,透天厝,住家用,鋼筋混凝土造,,259.88,3,3,4,有,無,12880000,49561,,0.0,0,,RPOPMLQKRHKFFAG78EB
三星鄉,房地(土地+建物),大德段571~600地號,169.0,,特定農業區,甲種建築用地,1040725,土地1建物1車位0,全,3,透天厝,住家用,鋼筋混凝土造,,260.56,3,3,4,有,無,13600000,52195,,0.0,0,,RPPPMLQKRHKFFAG88EB
