﻿編號,屋齡,建物移轉面積平方公尺,主要用途,主要建材,建築完成日期,總層數,建物分層
The serial number,room age,building shifting area square meter,the main use,main building materials,construction completes the date,total layer,building lamination
RPRNMLPJQHKFFBM98CA,20,157.06,住家用,鋼筋混凝土造,84年6月1日,四層,一層 二層 三層 四層
RPQNMLPJQHKFFBM88CA,33,188.24,住家用,鋼筋混凝土加強磚造,71年8月13日,二層,一層 二層
RPQNMLPJQHKFFBM88CA,23,187.24,住家用,鋼筋混凝土加強磚造,81年1月30日,二層,一層 二層 電梯樓梯間
RPRNMLOKQHKFFBM98CA,33,150.00,住商用,鋼筋混凝土造,71年12月23日,二層,二層 一層
RPOPMLLKQHKFFAM48CA,25,178.20,住家用,鋼筋混凝土造,79年9月26日,四層,一層 二層 三層 四層
RPVPMLLKQHKFFAM56CA,1,178.21,見其他登記事項,鋼筋混凝土造,103年10月23日,四層,一層 二層 三層 四層
RPVPMLLKQHKFFAM56CA,1,.31,住家用,鋼筋混凝土造,103年10月23日,一層,
RPPNMLRJQHKFFDM56CA,22,146.00,住家用,鋼筋混凝土造,82年5月20日,三層,一層 三層 二層
RPPNMLQJQHKFFDM09CA,14,202.93,農舍,鋼筋混凝土造,89年12月30日,一層,一層
RPTNMLRLQHKFFBM96CA,17,126.36,住家用,鋼筋混凝土造,86年12月11日,三層,三層 一層 電梯樓梯間 二層
RPOOMLKKQHKFFBM38CA,1,269.25,住家用,鋼筋混凝土造,103年12月22日,三層,一層 二層 三層
RPTNMLQKRHKFFBM86CA,26,180.96,農舍,見其他登記事項,78年12月29日,二層,一層 二層
RPVNMLLKQHKFFCM56CA,15,210.11,住商用,鋼筋混凝土造,89年11月20日,三層,屋頂突出物 二層 三層 一層
RPQNMLLKQHKFFCM68CA,8,451.20,見其他登記事項,鋼筋混凝土造,96年3月26日,四層,一層 二層 四層 三層 屋頂突出物
RPOOMLQJQHKFFCM98CA,34,20.46,住家用,加強磚造,70年1月23日,一層,一層
RPPNMLQJQHKFFAM78CA,23,158.30,住家用,鋼筋混凝土造,81年8月25日,三層,三層 騎樓 屋頂突出物 二層 一層
RPSNMLKKQHKFFAM58CA,,167.40,住家用,鋼筋混凝土造,104年4月22日,三層,一層 二層 三層
RPROMLLKQHKFFAM68CA,21,41.82,住家用,鋼筋混凝土造,83年7月22日,五層,四層
RPROMLLKQHKFFAM68CA,21,9.08,見其他登記事項,鋼筋混凝土造,83年7月22日,五層,
RPTNMLKKQHKFFAM68CA,,200.06,住家用,鋼筋混凝土造,104年4月22日,三層,一層 二層 三層
RPUNMLNJRHKFFAM09CA,21,128.50,農舍,見其他登記事項,83年6月24日,一層,一層
RPUNMLQJQHKFFCM86CA,59,139.66,住家用,加強磚造,46年1月1日,三層,一層 二層 三層
RPRNMLPJQHKFFAM88CA,22,77.93,住家用,鋼筋混凝土造,82年11月10日,十四層,八層
RPRNMLPJQHKFFAM88CA,22,13.50,見其他登記事項,鋼筋混凝土造,82年11月10日,十四層,
RPRNMLPJQHKFFAM88CA,22,8.47,見其他登記事項,鋼筋混凝土造,82年11月10日,十四層,
RPQNMLLMQHKFFAM68CA,33,130.05,住家用,加強磚造,71年1月1日,二層,一層 二層
RPVNMLMJRHKFFAM09CA,,154.00,農舍,見其他登記事項,104年6月5日,一層,一層
RPQNMLQJQHKFFBM98CA,3,17.22,農舍,見其他登記事項,101年10月22日,一層,一層
RPSNMLQKRHKFFBM76CA,27,117.09,農舍,鋼造,77年6月22日,一層,一層
RPUNMLKKQHKFFCM98CA,,197.92,住家用,鋼筋混凝土造,104年3月18日,四層,一層 二層 三層 四層
RPTNMLKKQHKFFCM88CA,,275.19,住家用,鋼筋混凝土造,104年3月18日,四層,一層 二層 三層 四層
RPQNMLKKQHKFFCM58CA,,101.29,住家用,鋼筋混凝土造,104年3月18日,四層,一層 二層 三層 四層
RPQNMLKKQHKFFCM58CA,,101.29,住家用,鋼筋混凝土造,104年3月18日,四層,一層 二層 三層 四層
RPSNMLKKQHKFFCM78CA,,106.02,住家用,鋼筋混凝土造,104年3月18日,四層,一層 二層 三層 四層
RPSNMLKKQHKFFCM78CA,,106.02,住家用,鋼筋混凝土造,104年3月18日,四層,一層 二層 三層 四層
RPOOMLLJRHKFFBM48CA,10,175.66,住家用,鋼筋混凝土造,94年3月4日,三層,屋頂突出物 三層 一層 二層
RPRNMLPKRHKFFBM56CA,,76.20,農舍,鋼造,,一層,一層
RPRNMLPLQHKFFCM66CA,28,54.69,農舍,加強磚造,76年4月24日,一層,一層
RPWNMLQJQHKFFDM17CA,35,117.00,住家用,鋼筋混凝土加強磚造,69年12月31日,二層,二層 一層
RPQNMLRJQHKFFDM66CA,10,142.09,住家用,鋼筋混凝土造,94年9月19日,三層,一層 二層 三層 屋頂突出物
RPSNMLLKQHKFFCM88CA,36,101.00,住家用,加強磚造,68年4月17日,二層,一層 二層
RPQOMLLKQHKFFCM78CA,20,142.10,住家用,加強磚造,84年6月1日,三層,一層 二層 三層
RPVNMLKKQHKFFBM98CA,36,162.44,住家用,鋼筋混凝土加強磚造,68年6月1日,三層,一層 二層 三層
RPTNMLRJQHKFFCM86CA,22,81.78,見其他登記事項,鋼筋混凝土造,83年1月14日,十一層,七層
RPTNMLRJQHKFFCM86CA,22,19.78,見其他登記事項,鋼筋混凝土造,83年1月14日,十一層,
RPOOMLQJQHKFFAM78CA,14,169.09,住家用,鋼筋混凝土造,90年3月2日,三層,屋頂突出物 三層 二層 一層
RPOPMLRJQHKFFAM98CA,19,473.42,住家用,見其他登記事項,85年10月11日,一層,一層
RPVNMLKKQHKFFAM88CA,19,94.64,住家用,鋼筋混凝土造,85年2月7日,八層,六層
RPVNMLKKQHKFFAM88CA,19,7.48,住家用,鋼筋混凝土造,85年2月7日,八層,
RPVNMLKKQHKFFAM88CA,19,29.59,住家用,鋼筋混凝土造,85年2月7日,八層,
RPQNMLRKQHKFFAM09CA,23,170.71,住家用,鋼筋混凝土造,81年9月24日,三層,二層 三層 一層
RPPOMLKKQHKFFCM58CA,35,122.85,住商用,加強磚造,69年5月29日,二層,一層 二層 騎樓
RPWNMLKKQHKFFCM56CA,19,172.27,農舍,見其他登記事項,85年1月15日,一層,一層
RPPNMLPKQHKFFCM98CA,16,93.66,見其他登記事項,鋼筋混凝土造,87年12月31日,八層,五層
RPPNMLPKQHKFFCM98CA,16,159.76,見其他登記事項,鋼筋混凝土造,87年12月31日,八層,二層 騎樓 一層
RPPNMLPKQHKFFCM98CA,16,64.18,見其他登記事項,鋼筋混凝土造,87年12月31日,八層,
RPPNMLPKQHKFFCM98CA,16,59.72,見其他登記事項,鋼筋混凝土造,87年12月31日,八層,
RPPNMLMKQHKFFEM88CA,8,79.43,住家用,見其他登記事項,96年4月17日,二層,一層 二層
RPVNMLPLQHKFFCM07CA,19,35.26,見其他登記事項,鋼筋混凝土造,85年2月9日,十五層,十二層
RPVNMLPLQHKFFCM07CA,19,7.79,見其他登記事項,鋼筋混凝土造,85年2月9日,十五層,
RPTNMLOLQHKFFDM86CA,17,142.76,住家用,鋼筋混凝土造,87年2月20日,三層,二層 一層 三層
RPTNMLOLQHKFFDM86CA,17,142.76,住家用,鋼筋混凝土造,87年2月20日,三層,三層 二層 一層
RPQNMLLKQHKFFDM78CA,24,205.39,住商用,鋼筋混凝土造,80年12月4日,三層,一層 二層 三層 屋頂突出物 騎樓
RPSNMLLKQHKFFBM78CA,41,76.37,住家用,鋼筋混凝土加強磚造,63年8月26日,二層,一層 二層
RPOOMLTKQHKFFCM76CA,21,96.79,見其他登記事項,鋼筋混凝土造,83年7月7日,十三層,十層
RPOOMLTKQHKFFCM76CA,21,18.89,見其他登記事項,鋼筋混凝土造,83年7月7日,十三層,
RPPNMLMKQHKFFCM68CA,15,183.67,住家用,見其他登記事項,90年1月20日,三層,一層 二層 三層
RPQNMLLKQHKFFBM58CA,33,146.71,住商用,鋼筋混凝土造,72年1月6日,三層,一層 三層 二層 騎樓
RPSNMLLMQHKFFAM88CA,21,384.48,商業用,鋼筋混凝土造,83年5月25日,四層,一層 騎樓 屋頂突出物 三層 四層 二層
RPQOMLKKQHKFFAM48CA,,172.89,見其他登記事項,鋼筋混凝土造,104年2月4日,三層,一層 二層 三層 屋頂突出物
RPUNMLNKQHKFFAM09CA,18,119.87,住家用,鋼筋混凝土造,86年9月19日,十四層,七層 八層
RPUNMLNKQHKFFAM09CA,18,28.97,見其他登記事項,鋼筋混凝土造,86年9月19日,十四層,
RPUOMLLKQHKFFAM98CA,11,179.19,住家用,鋼筋混凝土造,93年5月18日,四層,一層 二層 三層 四層
RPTNMLNJRHKFFCM56CA,20,232.86,住家用,鋼筋混凝土造,84年4月27日,四層,一層 二層 三層 四層
RPPNMLOJRHKFFBM78CA,28,137.00,住家用,加強磚造,76年10月5日,二層,一層 二層
RPPNMLOKQHKFFBM78CA,22,90.55,住家用,鋼筋混凝土造,82年3月12日,七層,二層 見其他登記事項
RPPNMLOKQHKFFBM78CA,22,19.82,見其他登記事項,鋼筋混凝土造,82年3月12日,七層,
RPRNMLQLQHKFFAM56CA,36,96.34,住商用,鋼筋混凝土加強磚造,69年1月23日,二層,一層 二層 騎樓
RPSNMLRLQHKFFBM86CA,37,81.78,住家用,鋼筋混凝土加強磚造,67年5月6日,二層,一層 二層
RPQNMLNKQHKFFCM88CA,,211.60,住家用,鋼筋混凝土造,104年3月18日,四層,二層 一層 四層 三層
RPQNMLRLQHKFFCM76CA,26,143.36,住家用,加強磚造,78年6月10日,一層,
RPRNMLLMQHKFFBM88CA,17,189.77,住商用,鋼筋混凝土造,87年6月11日,四層,二層 騎樓 四層 一層 三層
RPQNMLLMQHKFFEM09CA,25,245.55,住商用,鋼筋混凝土造,79年12月12日,三層,一層 二層 地下層 騎樓 三層
RPRNMLNKQHKFFBM88CA,8,397.87,農舍,見其他登記事項,96年7月5日,二層,一層 二層 見其他登記事項
RPRNMLNKQHKFFBM88CA,6,704.00,見其他登記事項,見其他登記事項,98年10月20日,一層,一層
RPRNMLTKQHKFFCM96CA,9,5406.74,見其他登記事項,見其他登記事項,95年12月29日,四層,三層 二層 四層 屋頂突出物 一層
RPPNMLSJRHKFFBM56CA,3,12.00,農舍,見其他登記事項,101年3月13日,一層,一層
RPQNMLOKQHKFFAM78CA,35,104.77,住家用,鋼筋混凝土加強磚造,69年9月12日,二層,騎樓 一層 二層
RPSNMLOKQHKFFAM98CA,36,104.65,住商用,鋼筋混凝土加強磚造,68年12月18日,二層,一層 騎樓 二層
RPTOMLOKQHKFFCM76CA,20,191.72,住家用,鋼筋混凝土造,84年12月30日,三層,屋頂突出物 二層 一層 三層
RPROMLTKQHKFFCM07CA,,228.62,見其他登記事項,鋼筋混凝土造,104年3月30日,四層,一層 二層 見其他登記事項 三層 四層
RPSOMLTKQHKFFCM17CA,,228.62,見其他登記事項,鋼筋混凝土造,104年3月30日,四層,一層 四層 二層 三層 見其他登記事項
RPQNMLKLQHKFFCM68CA,8,5406.74,見其他登記事項,見其他登記事項,95年12月29日,四層,四層 一層 屋頂突出物 三層 二層
RPPOMLTKQHKFFCM86CA,,228.62,見其他登記事項,鋼筋混凝土造,104年3月30日,四層,三層 見其他登記事項 一層 二層 四層
RPWNMLNJRHKFFAM66CA,16,193.74,住家用,鋼筋混凝土造,88年4月20日,三層,一層 三層 屋頂突出物 二層
RPQOMLTKQHKFFCM96CA,,228.62,見其他登記事項,鋼筋混凝土造,104年3月30日,四層,見其他登記事項 一層 三層 四層 二層
RPWOMLOKQHKFFCM07CA,43,123.10,住家用,鋼筋混凝土加強磚造,61年11月30日,二層,一層 騎樓 二層
RPUOMLOKQHKFFCM86CA,1,158.39,見其他登記事項,鋼筋混凝土造,104年1月7日,二層,二層 一層 見其他登記事項
RPUNMLNJRHKFFCM66CA,21,78.91,見其他登記事項,鋼筋混凝土造,83年7月8日,十二層,六層
RPUNMLNJRHKFFCM66CA,21,12.90,見其他登記事項,鋼筋混凝土造,83年7月8日,十二層,
RPQNMLKLQHKFFDM78CA,24,100.67,住家用,鋼筋混凝土造,81年1月24日,二層,一層 二層
RPQNMLOKQHKFFDM09CA,21,257.97,見其他登記事項,鋼筋混凝土造,84年1月13日,三層,三層 一層 二層
RPRNMLRKQHKFFAM66DA,18,275.79,住商用,鋼筋混凝土造,87年1月6日,四層,四層 屋頂突出物 三層 二層 騎樓 一層
RPRNMLRKQHKFFAM66DA,18,31.81,見其他登記事項,鋼筋混凝土造,87年1月6日,四層,
RPPNMLTJRHKFFCM76CA,1,97.80,農舍,見其他登記事項,103年6月3日,二層,一層 二層
RPRNMLOLQHKFFAM98CA,44,57.76,住商用,鋼筋混凝土加強磚造,60年12月29日,三層,一層 三層 二層
RPSNMLQKQHKFFAM56CA,22,100.93,住家用,鋼筋混凝土造,82年11月10日,十四層,十一層
RPSNMLQKQHKFFAM56CA,22,12.06,見其他登記事項,鋼筋混凝土造,82年11月10日,十四層,
RPSNMLQKQHKFFAM56CA,22,10.71,見其他登記事項,鋼筋混凝土造,82年11月10日,十四層,
RPUNMLNJRHKFFDM76CA,1,179.91,住家用,鋼筋混凝土造,103年12月11日,三層,一層 三層 二層
RPPNMLRLQHKFFDM76CA,47,70.40,住家用,鋼筋混凝土加強磚造,57年11月1日,二層,二層 一層
RPQNMLRLQHKFFDM86CA,12,159.34,住家用,鋼筋混凝土造,92年10月7日,三層,一層 二層 屋頂突出物 三層
RPQNMLPLQHKFFAM98CA,53,147.60,見其他登記事項,磚造,51年12月1日,一層,車庫 一層
RPPNMLSKQHKFFBM56CA,3,4.56,農舍,見其他登記事項,101年7月23日,一層,一層
RPQNMLKLQHKFFBM58CA,1,206.26,見其他登記事項,鋼筋混凝土造,103年6月25日,三層,一層 見其他登記事項 二層 三層
RPPNMLTKQHKFFAM56CA,35,96.27,住商用,鋼筋混凝土加強磚造,69年4月12日,二層,騎樓 一層 二層
RPOOMLLLQHKFFAM48CA,27,128.89,住商用,鋼筋混凝土造,77年8月27日,二層,騎樓 二層 一層
RPWOMLLLQHKFFAM66CA,19,60.14,住家用,鋼筋混凝土造,85年2月7日,八層,四層
RPWOMLLLQHKFFAM66CA,19,17.08,住家用,鋼筋混凝土造,85年2月7日,八層,
RPOOMLNJRHKFFAM58CA,2,249.38,住家用,鋼筋混凝土造,102年10月25日,三層,二層 三層 一層
RPSNMLSKQHKFFCM96CA,8,197.44,住家用,鋼骨鋼筋混凝土造,96年2月13日,二層,見其他登記事項 二層 一層
RPUOMLTKQHKFFCM37CA,4,213.55,見其他登記事項,鋼筋混凝土造,100年3月7日,三層,二層 一層 見其他登記事項 三層
RPPNMLPKQHKFFAM78CA,32,133.34,住家用,鋼筋混凝土加強磚造,72年8月19日,二層,一層 二層
RPPNMLPKQHKFFAM78CA,32,133.34,住家用,鋼筋混凝土加強磚造,72年8月19日,二層,二層 一層
RPUNMLKLQHKFFCM09CA,34,132.40,住商用,加強磚造,70年7月3日,二層,一層 二層 騎樓
RPVNMLLLQHKFFCM66CA,32,149.00,住家用,加強磚造,72年7月4日,二層,二層 一層
RPOOMLTKQHKFFDM86CA,42,76.05,住家用,見其他登記事項,62年4月9日,一層,騎樓 一層 見其他登記事項
RPQNMLSKQHKFFDM86CA,19,76.55,見其他登記事項,鋼筋混凝土造,85年3月21日,八層,六層
RPVNMLKLQHKFFDM66CA,19,21.99,見其他登記事項,鋼筋混凝土造,85年3月9日,五層,三層
RPVNMLKLQHKFFDM66CA,19,5.75,見其他登記事項,鋼筋混凝土造,85年3月9日,七層,
RPVNMLKLQHKFFDM66CA,19,3.71,見其他登記事項,鋼筋混凝土造,85年3月9日,五層,
RPSNMLOLQHKFFCM66CA,,138.36,見其他登記事項,鋼筋混凝土造,104年1月7日,二層,一層 見其他登記事項 二層
RPUNMLRLQHKFFAM96CA,5,155.15,住商用,鋼筋混凝土造,99年1月22日,三層,三層 一層 二層 騎樓 屋頂突出物 夾層
RPPNMLNJRHKFFEM98CA,12,151.71,住家用,鋼筋混凝土造,93年1月9日,三層,三層 二層 一層
RPPNMLRJRHKFFBM09CA,4,129.47,住家用,鋼筋混凝土造,100年10月12日,三層,三層 二層 一層
RPUNMLSJRHKFFAM96CA,35,134.22,住家用,鋼筋混凝土加強磚造,69年12月1日,一層,一層
RPPNMLLLQHKFFBM58CA,26,335.88,住家用,鋼筋混凝土造,78年8月25日,三層,二層 三層 一層 夾層
RPQNMLOLQHKFFCM09CA,,228.62,見其他登記事項,鋼筋混凝土造,104年3月30日,四層,一層 三層 四層 二層 見其他登記事項
RPPNMLKLQHKFFDM68CA,19,82.07,見其他登記事項,鋼筋混凝土造,85年3月21日,八層,七層
RPRNMLKLQHKFFAM68DA,13,180.81,見其他登記事項,鋼筋混凝土造,91年3月1日,五層,地下一層 一層 三層 四層 二層
RPRNMLKLQHKFFAM68DA,13,46.74,見其他登記事項,鋼筋混凝土造,91年3月1日,五層,
RPPNMLOLQHKFFDM09CA,22,200.24,住家用,鋼筋混凝土造,83年1月24日,三層,二層 三層 一層
RPTNMLRLQHKFFAM86CA,17,144.70,住家用,鋼筋混凝土造,87年5月25日,二層,二層 屋頂突出物 地下層 一層
RPPNMLMJRHKFFAM48CA,36,143.99,住商用,鋼筋混凝土加強磚造,68年4月3日,二層,一層 二層 騎樓
RPSNMLSJRHKFFDM07CA,37,82.50,住商用,鋼筋混凝土加強磚造,67年6月30日,二層,二層 一層
RPPNMLSLQHKFFAM56CA,17,42.38,住家用,鋼筋混凝土造,87年8月28日,五層,二層
RPPNMLSLQHKFFAM56CA,17,6.08,住家用,鋼筋混凝土造,87年8月28日,五層,
RPPNMLOKQHKFFBM09CD,22,97.87,住家用,鋼筋混凝土造,82年12月21日,十二層,六層
RPPNMLOKQHKFFBM09CD,22,13.80,見其他登記事項,鋼筋混凝土造,82年12月21日,十二層,
RPVOMLLLQHKFFAM56CA,23,84.30,住家用,鋼筋混凝土造,81年8月6日,五層,一層
RPUOMLLLQHKFFAM09CA,21,109.17,住家用,鋼筋混凝土造,83年12月23日,二層,一層 屋頂突出物 騎樓 二層
RPXNMLQKRHKFFCM37CA,,115.87,見其他登記事項,鋼筋混凝土造,104年6月16日,四層,一層 二層 三層 四層 見其他登記事項
RPXNMLQKRHKFFCM37CA,,115.87,見其他登記事項,鋼筋混凝土造,104年6月16日,四層,一層 二層 三層 四層 見其他登記事項
RPTNMLLMQHKFFBM09CA,22,286.22,住商用,鋼筋混凝土造,82年10月15日,五層,三層 騎樓 四層 一層 二層 五層
RPQNMLOLQHKFFBM98CA,44,153.75,工業用,鐵造,60年2月1日,一層,一層
RPPNMLPLQHKFFBM98CA,1,338.75,住家用,鋼筋混凝土造,103年5月13日,五層,三層 四層 一層 二層 五層
RPTNMLMJRHKFFAM88CA,19,87.78,住家用,鋼筋混凝土造,85年11月30日,七層,三層
RPTNMLMJRHKFFAM88CA,19,.49,見其他登記事項,鋼筋混凝土造,85年11月30日,七層,
RPTNMLMJRHKFFAM88CA,19,.13,,鋼筋混凝土造,85年11月30日,七層,
RPTNMLMJRHKFFAM88CA,19,26.24,,鋼筋混凝土造,85年11月30日,七層,
RPTNMLMJRHKFFAM88CA,19,7.50,,鋼筋混凝土造,85年11月30日,七層,
RPQNMLMJRHKFFAM58CA,22,100.41,住家用,鋼筋混凝土造,82年11月15日,三層,三層 二層 一層
RPRNMLMJRHKFFBM78CA,55,136.30,住家用,磚造,49年1月31日,二層,二層 騎樓 一層
RPRNMLMJRHKFFBM78CA,39,97.90,住家用,鋼筋混凝土加強磚造,65年2月17日,二層,騎樓 一層 二層
RPQNMLPLQHKFFDM66CA,33,110.94,住商用,鋼筋混凝土加強磚造,71年3月18日,二層,二層 騎樓 一層
RPQNMLQLQHKFFAM09CA,21,145.03,住家用,鋼筋混凝土造,83年10月19日,四層,一層 二層 三層 四層
RPSNMLPLQHKFFAM56CA,11,234.68,見其他登記事項,鋼筋混凝土造,93年6月4日,四層,二層 四層 三層 屋頂突出物 一層
RPTNMLQKRHKFFCM96CA,4,161.83,農舍,見其他登記事項,99年8月11日,一層,一層
RPUNMLTJRHKFFAM07CA,37,63.00,住家用,鋼筋混凝土加強磚造,67年11月6日,一層,一層
RPQNMLPKRHKFFAM98CA,36,93.51,住商用,鋼筋混凝土加強磚造,68年3月5日,二層,一層 二層 騎樓
RPVNMLLMQHKFFBM66CA,35,97.86,住家用,加強磚造,70年1月15日,二層,一層 二層
RPRNMLPLQHKFFAM56DA,11,166.35,住家用,鋼筋混凝土造,93年6月21日,三層,屋頂突出物 二層 一層 三層
RPRNMLRLQHKFFCM86CA,42,210.70,住家用,鋼筋混凝土加強磚造,62年7月30日,三層,二層 騎樓 一層 三層
RPRNMLOJRHKFFEM66CA,9,219.44,住商用,見其他登記事項,95年8月17日,四層,三層 二層 一層 四層
RPQNMLQKRHKFFAM09CA,22,155.70,住家用,鋼筋混凝土造,82年4月20日,三層,一層 二層 三層
RPPOMLQLQHKFFCM76DA,16,120.91,住家用,鋼筋混凝土造,88年5月6日,三層,一層 二層 三層
RPWNMLQKRHKFFAM07CA,25,130.01,住家用,鋼筋混凝土造,79年12月22日,三層,一層 二層 三層
RPPNMLQLQHKFFCM66DA,4,191.74,住家用,鋼筋混凝土造,100年7月18日,四層,四層 一層 二層 三層
RPUNMLPKRHKFFBM86CA,,216.32,見其他登記事項,鋼筋混凝土造,104年4月23日,三層,一層 二層 三層 見其他登記事項
RPUNMLRLQHKFFCM27DA,42,70.20,住家用,鋼筋混凝土加強磚造,62年8月20日,二層,二層 一層
RPUNMLRLQHKFFCM27DA,42,70.20,住家用,鋼筋混凝土加強磚造,62年8月20日,二層,二層 一層
RPXNMLPKRHKFFBM17CA,,216.32,見其他登記事項,鋼筋混凝土造,104年4月23日,三層,一層 二層 三層 見其他登記事項
RPWNMLPKRHKFFBM07CA,,216.32,見其他登記事項,鋼筋混凝土造,104年4月23日,三層,一層 二層 三層 見其他登記事項
RPVNMLPKRHKFFBM96CA,,216.32,見其他登記事項,鋼筋混凝土造,104年4月23日,三層,一層 二層 三層 見其他登記事項
RPPNMLQKRHKFFAM98CA,22,155.70,住家用,鋼筋混凝土造,82年4月20日,三層,一層 二層 三層
RPTNMLQLQHKFFCM96CA,,140.44,農舍,鋼筋混凝土造,104年4月8日,二層,二層 一層
RPTNMLSLQHKFFAM96CA,1,177.88,見其他登記事項,鋼筋混凝土造,103年12月19日,三層,一層 屋頂突出物 三層 二層
RPVNMLQLQHKFFCM17CA,1,47.15,農舍,鋼筋混凝土造,103年3月26日,一層,
RPPNMLQLQHKFFDM66CA,20,227.32,住商用,鋼筋混凝土造,84年4月29日,四層,一層 二層 三層 四層 騎樓
RPOOMLLJRHKFFCM58CA,17,93.66,見其他登記事項,鋼筋混凝土造,87年12月31日,八層,八層
RPOOMLLJRHKFFCM58CA,17,29.41,見其他登記事項,鋼筋混凝土造,87年12月31日,八層,
RPXNMLKKRHKFFCM76CA,1,308.61,住家用,鋼筋混凝土造,103年8月26日,四層,一層 二層 三層 四層
RPQNMLKKRHKFFCM68CA,34,73.13,住商用,見其他登記事項,70年1月16日,二層,一層 二層
RPWOMLQKRHKFFCM37CA,1,155.51,住家用,鋼筋混凝土造,103年8月26日,四層,一層 二層 三層 四層
RPWOMLQKRHKFFCM37CA,1,155.51,住家用,鋼筋混凝土造,103年8月26日,四層,一層 二層 三層 四層
RPQNMLSLQHKFFAM66CA,,158.74,住家用,鋼筋混凝土造,104年4月22日,三層,三層 二層 一層
RPTNMLRLQHKFFCM07CA,21,78.91,見其他登記事項,鋼筋混凝土造,83年7月8日,十二層,四層
RPTNMLRLQHKFFCM07CA,21,12.90,見其他登記事項,鋼筋混凝土造,83年7月8日,十二層,
RPRNMLSLQHKFFAM76CA,,171.22,住家用,鋼筋混凝土造,104年4月22日,三層,三層 二層 一層
RPQNMLPKRHKFFDM76DA,37,133.36,住家用,鋼筋混凝土加強磚造,67年8月1日,一層,一層
RPSNMLSLQHKFFCM17DA,38,88.24,住家用,加強磚造,66年9月8日,二層,二層 一層
RPVNMLRLQHKFFAM07CA,7,364.54,住家用,鋼筋混凝土造,97年9月16日,四層,一層 二層 三層 四層
RPQNMLSLQHKFFBM76CA,8,179.85,住家用,鋼筋混凝土造,96年11月26日,三層,三層 二層 一層
RPPNMLSLQHKFFBM66CA,19,191.47,住家用,鋼筋混凝土造,85年4月25日,四層,三層 二層 四層 一層
RPQNMLQKRHKFFBM56CA,20,132.77,住家用,鋼筋混凝土造,84年11月21日,三層,一層 二層 三層
RPSNMLRLQHKFFAM86DA,21,109.65,住家用,鋼筋混凝土造,83年11月9日,十六層,三層
RPSNMLRLQHKFFAM86DA,21,21.33,見其他登記事項,鋼筋混凝土造,83年11月9日,十六層,
RPRNMLOJRHKFFAM88CA,50,49.30,住家用,見其他登記事項,54年10月8日,一層,一層
RPPNMLLJRHKFFCM58CA,36,66.54,住家用,加強磚造,68年7月26日,一層,一層 騎樓
RPPNMLSJRHKFFCM66CA,20,29.29,見其他登記事項,鋼筋混凝土造,84年5月24日,六層,
RPPNMLSJRHKFFCM66CA,20,90.79,見其他登記事項,鋼筋混凝土造,84年5月24日,六層,五層
RPROMLLMQHKFFCM09CA,20,157.42,住家用,鋼筋混凝土造,84年12月30日,四層,三層 一層 四層 二層
RPPNMLSLQHKFFDM86CA,28,148.50,住家用,鋼筋混凝土加強磚造,76年7月20日,二層,二層 一層
RPRNMLRJRHKFFDM86CA,1,205.95,見其他登記事項,鋼筋混凝土造,103年10月13日,三層,一層 二層 屋頂突出物 三層
RPRNMLSLQHKFFDM07CA,36,137.10,住家用,鋼筋混凝土加強磚造,68年2月14日,三層,一層 三層 二層
RPSOMLLMQHKFFCM56CA,7,166.50,見其他登記事項,鋼筋混凝土造,97年11月18日,三層,二層 三層 見其他登記事項 一層
RPXNMLRJRHKFFCM37CA,13,343.49,見其他登記事項,鋼筋混凝土造,91年2月8日,三層,屋頂突出物 三層 一層 騎樓 二層
RPSOMLOJRHKFFCM66CA,20,183.70,見其他登記事項,鋼筋混凝土造,85年2月9日,十五層,一層 二層 騎樓
RPSOMLOJRHKFFCM66CA,20,.07,見其他登記事項,鋼筋混凝土造,85年2月9日,十五層,
RPUNMLLJRHKFFCM09CA,14,170.00,住家用,鋼筋混凝土造,90年12月12日,二層,二層 一層
RPWNMLOJRHKFFCM96CA,23,136.09,住家用,鋼筋混凝土造,82年1月8日,三層,一層 二層 三層 屋頂突出物
RPRNMLLMQHKFFAM78CA,23,111.75,住家用,鋼筋混凝土造,81年12月21日,三層,三層 二層 一層
RPPNMLKKRHKFFAM38CA,20,91.77,住家用,鋼筋混凝土造,84年2月16日,十三層,八層
RPPNMLKKRHKFFAM38CA,20,23.87,見其他登記事項,鋼筋混凝土造,84年2月16日,十三層,
RPPNMLKKRHKFFAM38CA,20,12.67,停車空間,鋼筋混凝土造,84年2月16日,十三層,
RPRNMLKKRHKFFAM58CA,1,172.41,見其他登記事項,鋼筋混凝土造,103年10月23日,四層,三層 二層 一層 四層
RPRNMLKKRHKFFAM58CA,1,.31,住家用,鋼筋混凝土造,103年10月23日,一層,
RPRNMLLJRHKFFBM68CA,15,121.98,住家用,鋼筋混凝土造,89年3月21日,三層,二層 一層 三層
RPSNMLKKRHKFFAM68CA,1,178.21,見其他登記事項,鋼筋混凝土造,103年10月23日,四層,四層 二層 三層 一層
RPSNMLKKRHKFFAM68CA,1,.31,住家用,鋼筋混凝土造,103年10月23日,一層,
RPTNMLKKRHKFFAM78CA,1,270.62,見其他登記事項,鋼筋混凝土造,103年10月23日,四層,一層 見其他登記事項 四層 三層 二層
RPTNMLKKRHKFFAM78CA,1,.56,住家用,鋼筋混凝土造,103年10月23日,一層,
RPPNMLNJRHKFFCM78CA,,217.18,住家用,鋼筋混凝土造,104年4月22日,三層,一層 二層 三層
RPWNMLLMQHKFFBM76CA,16,99.12,住家用,鋼筋混凝土造,88年2月12日,九層,五層
RPWNMLLMQHKFFBM76CA,16,48.58,見其他登記事項,鋼筋混凝土造,88年2月12日,九層,
RPXNMLLKRHKFFAM66CA,11,182.26,住家用,鋼筋混凝土造,93年5月18日,四層,一層 二層 三層 四層
RPXNMLLMQHKFFBM86CA,16,187.79,住家用,鋼筋混凝土造,88年11月6日,四層,四層 三層 二層 一層
RPUNMLLMQHKFFBM56CA,34,146.21,住商用,鋼筋混凝土加強磚造,70年12月14日,二層,一層 騎樓 二層
RPQNMLMJRHKFFEM98CA,23,215.39,住商用,鋼筋混凝土造,81年10月1日,三層,一層 二層 三層 騎樓
RPQNMLLJRHKFFBM58CA,22,97.87,住家用,鋼筋混凝土造,82年12月21日,十二層,三層
RPQNMLLJRHKFFBM58CA,22,13.80,見其他登記事項,鋼筋混凝土造,82年12月21日,十二層,
RPPNMLLJRHKFFBM48CA,24,90.78,商業用,鋼筋混凝土造,80年3月23日,十二層,八層
RPPNMLLJRHKFFBM48CA,24,45.55,見其他登記事項,鋼筋混凝土造,80年3月23日,十二層,
RPTNMLKMRHKFFCM56CA,20,87.99,見其他登記事項,鋼筋混凝土造,84年10月2日,七層,四層
RPTNMLKMRHKFFCM56CA,20,26.71,見其他登記事項,鋼筋混凝土造,84年10月2日,七層,
RPTNMLPKRHKFFCM86CA,20,69.88,見其他登記事項,鋼筋混凝土造,84年10月2日,七層,二層
RPTNMLPKRHKFFCM86CA,20,21.63,見其他登記事項,鋼筋混凝土造,84年10月2日,七層,
RPVNMLLJRHKFFCM56CA,21,103.83,見其他登記事項,鋼筋混凝土造,83年7月8日,十二層,十二層
RPVNMLLJRHKFFCM56CA,21,14.26,見其他登記事項,鋼筋混凝土造,83年7月8日,十二層,
RPVNMLPKRHKFFCM07CA,10,210.02,住家用,鋼筋混凝土造,94年5月12日,四層,一層 二層 三層 四層
RPXNMLOKRHKFFCM17CA,32,105.97,住家用,加強磚造,72年11月23日,二層,一層 二層 騎樓
RPQNMLMJRHKFFDM88CA,21,193.36,住家用,鋼筋混凝土造,83年7月18日,四層,四層 一層 電梯樓梯間 三層 二層
RPQNMLKLRHKFFAM58CA,,199.47,見其他登記事項,鋼筋混凝土造,103年12月18日,三層,一層 二層 三層 屋頂突出物
RPTNMLOJRHKFFCM66CA,9,174.42,住家用,鋼筋混凝土造,95年7月20日,四層,一層 二層 三層 四層
RPSNMLOKRHKFFDM76CA,44,59.25,住家用,磚造,61年1月1日,一層,
RPWNMLPKRHKFFCM17CA,22,103.10,住家用,鋼筋混凝土造,82年8月31日,三層,一層 二層 三層
RPXOMLQKRHKFFCM47CA,21,97.70,見其他登記事項,鋼筋混凝土造,83年7月7日,十三層,九層
RPXOMLQKRHKFFCM47CA,21,29.90,見其他登記事項,鋼筋混凝土造,83年7月7日,十三層,
RPRNMLNJRHKFFCM98CA,,234.80,見其他登記事項,鋼筋混凝土造,104年3月30日,四層,一層 二層 三層 四層 見其他登記事項
RPSNMLNJRHKFFCM09CA,,239.09,見其他登記事項,鋼筋混凝土造,104年3月30日,四層,一層 二層 三層 四層 見其他登記事項
RPUNMLOJRHKFFCM76CA,21,123.95,見其他登記事項,鋼筋混凝土造,83年12月31日,十二層,七層
RPUNMLOJRHKFFCM76CA,21,27.40,見其他登記事項,鋼筋混凝土造,83年12月31日,十二層,
RPXNMLSLKILFFAM96CA,36,52.72,住商用,鋼筋混凝土加強磚造,69年1月10日,二層,一層 二層 騎樓
RPXNMLSLKILFFAM96CA,36,52.72,住商用,鋼筋混凝土加強磚造,69年1月10日,二層,一層 二層 騎樓
RPWNMLNJRHKFFDM07DA,37,176.24,住家用,見其他登記事項,68年1月1日,二層,騎樓 二層 一層
RPPNMLNJRHKFFBM68CA,1,220.14,見其他登記事項,鋼筋混凝土造,103年6月25日,四層,三層 一層 四層 二層
RPPNMLLKRHKFFCM78DA,11,132.06,見其他登記事項,鋼筋混凝土造,93年11月16日,九層,四層
RPPNMLLKRHKFFCM78DA,11,56.68,見其他登記事項,鋼筋混凝土造,93年11月16日,九層,
RPSNMLNJRHKFFAM88CA,42,98.98,住家用,鋼筋混凝土加強磚造,62年12月28日,二層,一層 二層
RPQNMLNJRHKFFAM68CA,13,74.87,農舍,鋼筋混凝土造,92年1月6日,二層,一層 二層
RPQNMLNJRHKFFAM68CA,13,74.87,農舍,鋼筋混凝土造,92年1月6日,二層,二層 一層
RPQNMLLKRHKFFAM58CA,1,335.29,見其他登記事項,鋼筋混凝土造,103年3月10日,四層,一層 二層 三層 四層
RPQNMLMJRHKFFCM78CA,5,105.26,農舍,鋼筋混凝土造,99年8月2日,一層,一層
RPSNMLKMRHKFFBM09DA,37,131.01,住商用,鋼筋混凝土加強磚造,67年5月18日,二層,一層 二層 騎樓
RPUOMLOJRHKFFCM86CA,38,54.60,住家用,鋼筋混凝土加強磚造,66年2月11日,二層,一層 二層
RPUOMLOJRHKFFCM86CA,38,54.60,住家用,鋼筋混凝土加強磚造,66年2月11日,二層,一層 二層
RPPNMLNLRHKFFDM09CA,14,84.99,見其他登記事項,鋼筋混凝土造,91年1月10日,四層,二層
RPPNMLNLRHKFFDM09CA,14,7.58,見其他登記事項,鋼筋混凝土造,91年1月10日,四層,
RPROMLOJRHKFFCM56CA,49,85.14,住家用,磚造,55年6月24日,二層,
RPVNMLOKRHKFFDM07CA,13,154.20,住家用,鋼筋混凝土造,91年4月11日,三層,一層 二層 三層 屋頂突出物
RPSNMLOJRHKFFCM56CA,17,125.79,住家用,鋼筋混凝土造,87年10月19日,三層,一層 二層 三層
RPVNMLNJRHKFFCM76CA,1,211.82,住家用,鋼筋混凝土造,104年1月12日,三層,一層 二層 三層
RPUNMLRJRHKFFAM86CA,36,121.72,住商用,鋼筋混凝土加強磚造,68年12月24日,二層,騎樓 二層 一層
RPPNMLOJRHKFFAM68CA,20,200.86,住家用,鋼筋混凝土造,84年6月22日,三層,屋頂突出物 地下層 二層 一層 三層
RPPNMLOJRHKFFAM68CA,20,21.81,住家用,鋼筋混凝土造,84年6月22日,三層,
RPQNMLTJRHKFFCM96DA,,202.90,住家用,鋼筋混凝土造,104年4月22日,三層,一層 二層 三層
RPTNMLRJRHKFFCM07DA,34,102.08,住家用,加強磚造,70年4月8日,二層,一層 二層 騎樓
RPSNMLOKRHKFFBM56CA,24,185.85,住家用,鋼筋混凝土造,81年1月22日,三層,一層 二層 三層 電梯樓梯間
RPTNMLPKRHKFFAM66CA,,168.64,見其他登記事項,鋼筋混凝土造,104年5月15日,三層,一層 二層 三層 屋頂突出物
RPPNMLLKRHKFFAM58DA,35,2227.15,見其他登記事項,見其他登記事項,70年1月1日,二層,一層 二層 地下層
RPPNMLLKRHKFFAM58DA,,684.90,見其他登記事項,鋼筋混凝土造,,三層,一層 二層 三層 地下層 見其他登記事項
RPPOMLQKRHKFFAM09CA,20,86.04,住家用,鋼筋混凝土造,85年2月7日,八層,六層
RPOOMLQKRHKFFAM98CA,22,162.83,住家用,鋼筋混凝土造,82年5月13日,三層,一層 二層 三層 屋頂突出物
RPTNMLSJRHKFFCM07CA,36,74.26,住商用,鋼筋混凝土加強磚造,68年5月11日,二層,一層 二層 騎樓
RPRNMLOJRHKFFDM56CA,36,192.00,住商用,鋼筋混凝土加強磚造,68年6月13日,三層,騎樓 三層 二層 一層
RPQNMLKMRHKFFCM88CA,38,223.54,住家用,鋼筋混凝土造,66年6月20日,三層,一層 二層 三層
RPVNMLSJRHKFFAM07CA,35,86.46,住家用,加強磚造,69年3月24日,二層,二層 一層
RPTNMLPKRHKFFBM76CA,25,145.33,住家用,鋼筋混凝土造,79年12月8日,三層,一層 二層 三層 騎樓
RPTNMLOKRHKFFBM66CA,19,93.01,住家用,鋼筋混凝土造,85年6月13日,九層,一層
RPTNMLOKRHKFFBM66CA,19,34.22,見其他登記事項,鋼筋混凝土造,85年6月13日,九層,
RPQNMLSJRHKFFBM66CA,20,171.96,住家用,鋼筋混凝土造,84年8月25日,三層,三層 二層 電梯樓梯間 一層
RPRNMLKMRHKFFBM98DA,35,184.78,農舍,加強磚造,70年1月1日,二層,一層 二層
RPUNMLLKRHKFFBM09CA,24,145.35,住家用,鋼筋混凝土造,80年9月6日,三層,一層 二層 三層
RPPNMLMJIIKFFCM87CA,39,71.28,住家用,加強磚造,65年3月17日,一層,一層
RPUNMLMJIIKFFCM38CA,20,30.37,見其他登記事項,鋼筋混凝土造,85年2月9日,十五層,十二層
RPUNMLMJIIKFFCM38CA,20,9.39,見其他登記事項,鋼筋混凝土造,85年2月9日,十五層,
RPTNMLOKRHKFFDM86CA,37,140.92,住商用,鋼筋混凝土加強磚造,68年1月5日,二層,一層 二層
RPTNMLOKRHKFFDM86CA,37,70.46,住家用,鋼筋混凝土加強磚造,68年1月5日,三層,三層
RPXNMLOLRHKFFCM27CA,30,111.96,住商用,鋼筋混凝土造,74年5月15日,二層,一層 二層 騎樓
RPSNMLSKRHKFFAM86CA,27,132.48,住家用,鋼筋混凝土造,77年12月2日,二層,一層 二層 電梯樓梯間 夾層
RPSNMLRKRHKFFBM86CA,2,233.76,住家用,鋼筋混凝土造,102年5月14日,四層,一層 二層 三層 四層
RPRNMLTJRHKFFCM96CA,14,144.65,住家用,鋼筋混凝土造,90年12月27日,三層,一層 二層 三層 屋頂突出物
RPPNMLLKRHKFFEM88CA,13,199.41,住家用,鋼筋混凝土造,91年12月16日,三層,一層 二層 三層 屋頂突出物
RPUNMLLKRHKFFAM98CA,38,83.52,住商用,鋼筋混凝土加強磚造,66年8月12日,二層,一層 二層 騎樓
RPUNMLLKRHKFFAM98CA,38,83.36,住商用,鋼筋混凝土加強磚造,66年8月12日,二層,一層 二層 騎樓
RPVNMLLKRHKFFCM66CA,35,96.88,住家用,鋼筋混凝土加強磚造,69年3月25日,二層,一層 二層
RPPNMLLJIIKFFBM67CA,46,65.48,住家用,鋼筋混凝土加強磚造,59年1月20日,二層,一層 二層
RPTNMLLJIIKFFBM08CA,23,99.59,住家用,鋼筋混凝土造,81年10月3日,二層,一層 二層 騎樓 電梯樓梯間
RPPNMLKKRHKFFDM68CA,36,45.25,住商用,鋼筋混凝土加強磚造,68年10月1日,二層,二層 一層
RPPNMLOLRHKFFDM56CA,1,175.67,住家用,鋼筋混凝土造,103年12月11日,三層,一層 二層 三層
RPPNMLQKRHKFFCM56CA,35,20.46,住家用,加強磚造,70年1月23日,一層,一層
RPPNMLQKRHKFFCM56CA,35,20.46,住家用,加強磚造,70年1月23日,一層,一層
RPPNMLQJIIKFFCM28CA,33,107.37,住家用,鋼筋混凝土加強磚造,72年2月9日,二層,一層 二層
RPROMLKMRHKFFCM09CA,2,8.00,農舍,見其他登記事項,102年4月18日,一層,一層
RPROMLKMRHKFFCM09CA,2,8.00,農舍,見其他登記事項,102年4月18日,一層,一層
RPQNMLRKRHKFFAM56CA,3,198.98,見其他登記事項,鋼筋混凝土造,101年10月8日,三層,一層 二層 三層 屋頂突出物
RPVNMLQKRHKFFAM96CA,,158.74,住家用,鋼筋混凝土造,104年4月22日,三層,一層 二層 三層
RPTNMLOKRHKFFCM76CA,20,37.22,見其他登記事項,鋼筋混凝土造,84年11月22日,十二層,九層
RPTNMLOKRHKFFCM76CA,20,19.45,見其他登記事項,鋼筋混凝土造,84年11月22日,十二層,
RPRNMLNLRHKFFAM98CA,22,51.45,住家用,鋼筋混凝土造,82年11月10日,十四層,三層
RPRNMLNLRHKFFAM98CA,22,10.91,見其他登記事項,鋼筋混凝土造,82年11月10日,十四層,
RPRNMLNLRHKFFAM98CA,22,5.48,見其他登記事項,鋼筋混凝土造,82年11月10日,十四層,
RPQNMLSKRHKFFCM86CA,35,80.44,住家用,鋼筋混凝土加強磚造,70年1月9日,二層,一層 二層
RPPNMLTKRHKFFCM86CA,17,184.25,住家用,鋼筋混凝土造,87年11月16日,三層,一層 二層 三層 屋頂突出物
RPUNMLPKRHKFFAM76CA,20,95.12,住商用,鋼筋混凝土造,84年5月1日,七層,一層 二層 騎樓
RPSNMLTKRHKFFDM27CA,28,105.00,住商用,鋼筋混凝土加強磚造,76年6月29日,二層,二層 一層 騎樓
RPSNMLOKRHKFFAM09CA,7,305.62,農舍,鋼筋混凝土造,96年10月2日,二層,一層 二層
RPPNMLPKRHKFFAM88CA,1,232.21,住家用,鋼筋混凝土造,103年12月19日,四層,一層 二層 三層 四層
RPPNMLMKIIKFFEM18CA,14,236.40,住家用,鋼筋混凝土造,90年5月10日,三層,一層 二層 三層
RPQNMLMKIIKFFAM87CA,9,163.21,住家用,鋼筋混凝土造,95年8月14日,三層,一層 二層 三層 屋頂突出物
RPRNMLRKRHKFFCM86CA,,227.47,見其他登記事項,鋼筋混凝土造,104年3月30日,四層,一層 二層 三層 四層 見其他登記事項
RPWNMLOLRHKFFCM17CA,11,37.63,農舍,見其他登記事項,93年3月15日,一層,一層
RPSNMLRKRHKFFCM96CA,,247.07,見其他登記事項,鋼筋混凝土造,104年3月30日,四層,一層 二層 三層 四層 見其他登記事項
RPVNMLRKRHKFFCM27CA,,228.62,見其他登記事項,鋼筋混凝土造,104年3月30日,四層,一層 二層 三層 四層 見其他登記事項
RPSNMLKMRHKFFDM56CA,35,93.48,住家用,磚造,70年1月1日,一層,一層
RPQNMLPLRHKFFBM56CA,20,103.42,住家用,鋼筋混凝土造,84年7月19日,八層,七層
RPQNMLPLRHKFFBM56CA,20,35.41,見其他登記事項,鋼筋混凝土造,84年7月19日,八層,
RPTNMLMKIIKFFCM38CA,9,79.04,見其他登記事項,鋼筋混凝土造,95年4月13日,三層,一層 二層 三層 屋頂突出物
RPTNMLMKIIKFFCM38CA,9,79.04,見其他登記事項,鋼筋混凝土造,95年4月13日,三層,一層 二層 三層 屋頂突出物
RPRNMLSKRHKFFAM76CA,3,380.42,見其他登記事項,鋼筋混凝土造,101年5月1日,四層,一層 二層 三層 四層
RPRNMLSKRHKFFAM76CA,3,2.02,見其他登記事項,鋼筋混凝土造,101年5月3日,一層,
RPRNMLQKRHKFFBM76DA,17,185.01,住家用,鋼筋混凝土造,87年6月11日,四層,一層 二層 三層 四層
RPRNMLNLRHKFFBM09CA,12,112.66,見其他登記事項,鋼筋混凝土造,93年2月5日,七層,一層
RPRNMLNLRHKFFBM09CA,12,66.33,見其他登記事項,鋼筋混凝土造,93年2月5日,七層,
RPPNMLMLRHKFFBM78CA,7,200.97,農舍,見其他登記事項,97年5月19日,一層,一層 見其他登記事項
RPQNMLQKRHKFFDM76CA,19,23.16,見其他登記事項,鋼筋混凝土造,85年3月9日,七層,四層
RPQNMLQKRHKFFDM76CA,19,4.32,見其他登記事項,鋼筋混凝土造,85年3月9日,七層,
RPQNMLQKRHKFFDM76CA,19,4.29,見其他登記事項,鋼筋混凝土造,85年3月9日,七層,
RPPNMLRKRHKFFBM66DA,33,113.28,住商用,鋼筋混凝土造,71年9月3日,三層,一層 二層 三層 騎樓 電梯樓梯間
RPRNMLMLRHKFFDM56CA,19,148.57,住商用,鋼筋混凝土造,85年11月22日,三層,一層 二層 三層 騎樓
RPRNMLMJIIKFFAM87CA,39,66.96,住家用,見其他登記事項,65年12月10日,一層,一層
RPOOMLOLRHKFFCM09CA,35,59.05,住商用,鋼筋混凝土造,69年3月15日,二層,一層 二層 騎樓
RPOOMLOLRHKFFCM09CA,35,59.05,住商用,鋼筋混凝土造,69年3月15日,二層,一層 二層 騎樓
RPVOMLQKRHKFFCM27CA,1,311.09,住家用,鋼筋混凝土造,103年8月26日,四層,一層 二層 三層 四層
RPUOMLQKRHKFFCM17CA,39,136.86,見其他登記事項,見其他登記事項,65年8月6日,三層,一層 二層 三層 騎樓
RPRNMLSKRHKFFCM96CA,39,108.10,住商用,鋼筋混凝土加強磚造,65年10月9日,二層,一層 二層 騎樓
RPUNMLLLRHKFFCM66CA,20,154.62,見其他登記事項,鋼筋混凝土造,84年9月7日,九層,七層
RPUNMLLLRHKFFCM66CA,20,68.38,見其他登記事項,鋼筋混凝土造,84年9月7日,九層,
RPVNMLNLRHKFFCM96CA,42,158.29,住家用,鋼筋混凝土加強磚造,62年11月20日,二層,一層 二層 騎樓
RPVNMLMLRHKFFCM86CA,18,169.94,住家用,鋼筋混凝土造,86年11月19日,四層,一層 二層 三層 四層
RPVNMLMLRHKFFCM86CA,18,105.11,商業用,鋼筋混凝土造,86年11月19日,,
RPPNMLRKRHKFFAM09CA,1,209.23,見其他登記事項,鋼筋混凝土造,103年4月21日,三層,一層 二層 三層 屋頂突出物
RPXNMLMJIIKFFCM68CA,46,128.37,住家用,加強磚造,58年12月1日,二層,一層 二層 騎樓
RPPNMLSKRHKFFBM66CA,16,206.93,住家用,鋼筋混凝土造,88年3月9日,三層,一層 二層 三層 電梯樓梯間
RPSNMLLJIIKFFBM97CA,,158.62,見其他登記事項,加強磚造,,二層,一層 二層 騎樓
RPTNMLLLRHKFFBM09CA,42,105.54,住商用,鋼筋混凝土加強磚造,62年7月30日,四層,一層 二層 三層 四層
RPPNMLOLRHKFFCM56DA,19,145.33,住家用,鋼筋混凝土造,85年11月22日,三層,一層 二層 三層 屋頂突出物
RPVNMLKMRHKFFCM86DA,12,106.58,住家用,鋼筋混凝土造,92年6月5日,二層,一層 二層
RPQNMLLLRHKFFBM88DA,55,103.50,住家用,見其他登記事項,,二層,一層 二層
RPQNMLLLRHKFFDM09DA,25,283.50,農舍,鋼筋混凝土加強磚造,79年7月5日,二層,一層 二層
RPUNMLLLRHKFFBM56CA,,173.51,住家用,鋼筋混凝土造,104年4月20日,四層,一層 二層 三層 四層
RPRNMLLLRHKFFBM88CA,32,79.20,住家用,鋼筋混凝土造,72年4月12日,四層,四層
RPRNMLLLRHKFFBM88CA,32,5.40,國民住宅,鋼筋混凝土造,72年4月12日,四層,
RPRNMLLLRHKFFBM88CA,32,1.68,國民住宅,鋼筋混凝土造,72年4月12日,四層,
RPRNMLLLRHKFFBM88CA,32,.84,國民住宅,鋼筋混凝土造,72年4月12日,四層,
RPPNMLQJIIKFFAM08CA,15,197.65,住家用,鋼筋混凝土造,89年2月21日,四層,一層 二層 三層 四層 地下層
RPWNMLPJIIKFFBM78CA,,215.72,見其他登記事項,鋼筋混凝土造,104年3月27日,四層,一層 二層 三層 四層
RPRNMLOKIIKFFCM38CA,30,60.00,住家用,加強磚造,74年4月23日,二層,一層 二層
RPVNMLPJIIKFFAM58CA,21,88.47,住家用,鋼筋混凝土造,84年2月16日,十三層,十層
RPVNMLPJIIKFFAM58CA,21,23.37,見其他登記事項,鋼筋混凝土造,84年2月16日,十三層,
RPPNMLNKIIKFFAM87CA,17,5295.13,工業用,鋼造,87年12月24日,二層,一層 二層
RPWNMLLJIIKFFBM38CA,19,66.90,住家用,鋼筋混凝土造,85年6月13日,九層,三層
RPWNMLLJIIKFFBM38CA,19,24.61,見其他登記事項,鋼筋混凝土造,85年6月13日,九層,
RPPNMLMJIIKFFEM08CA,46,41.20,住家用,磚造,59年2月15日,二層,一層 二層
RPSNMLLLRHKFFBM98CA,,173.51,住家用,鋼筋混凝土造,104年4月20日,四層,一層 二層 三層 四層
RPPNMLPJIIKFFDM28CA,32,78.08,住家用,鋼筋混凝土加強磚造,73年1月25日,二層,一層 二層 騎樓
RPPNMLNLRHKFFBM88CA,35,118.65,住家用,加強磚造,69年12月18日,二層,一層 二層
RPRNMLPLRHKFFBM66CA,44,97.38,住家用,加強磚造,60年7月15日,二層,一層 二層
RPQNMLOLRHKFFCM56CA,17,94.03,見其他登記事項,鋼筋混凝土造,87年12月31日,八層,六層
RPQNMLOLRHKFFCM56CA,17,58.83,見其他登記事項,鋼筋混凝土造,87年12月31日,八層,
RPSNMLOLRHKFFAM56CA,,210.50,住家用,鋼筋混凝土造,104年4月27日,四層,一層 二層 三層 四層
RPPNMLQKIIKFFCM38CA,35,120.12,住商用,加強磚造,69年5月15日,一層,一層 騎樓 地下層
RPUNMLNLRHKFFAM66CA,13,196.28,農舍,鋼筋混凝土造,91年5月6日,三層,一層 二層 三層
RPOOMLPJIIKFFAM97CA,37,94.69,住商用,加強磚造,,二層,一層 二層
RPTNMLPLRHKFFBM86CA,23,190.34,見其他登記事項,鋼筋混凝土造,82年2月1日,三層,一層 二層 三層 電梯樓梯間
RPSNMLPLRHKFFBM76CA,35,104.15,住家用,加強磚造,69年6月1日,二層,一層 二層
RPPNMLTLRHKFFBM86CA,26,1.23,住家用,加強磚造,78年4月4日,二層,一層 二層 夾層
RPOOMLKMRHKFFBM68CA,33,146.71,住商用,鋼筋混凝土造,72年1月6日,三層,一層 二層 三層 騎樓
RPSNMLNLRHKFFBM56CA,15,161.42,住家用,鋼筋混凝土造,89年3月21日,三層,一層 二層 三層 屋頂突出物
RPUNMLKMRHKFFBM56CA,5,187.52,住家用,鋼筋混凝土造,100年1月24日,四層,一層 二層 三層 四層
RPUNMLPLRHKFFBM96CA,18,172.55,住家用,鋼筋混凝土造,86年3月13日,三層,一層 二層 三層 電梯樓梯間
RPVNMLKMRHKFFBM66CA,2,187.52,住家用,鋼筋混凝土造,100年1月24日,四層,一層 二層 三層 四層
RPVNMLLLIIKFFCM58CA,44,66.60,住家用,鋼筋混凝土加強磚造,60年7月29日,二層,一層 二層
RPPNMLPLRHKFFAM98CA,,158.74,住家用,鋼筋混凝土造,104年4月22日,三層,一層 二層 三層
RPQNMLPLRHKFFAM09CA,,169.05,住家用,鋼筋混凝土造,104年4月22日,三層,一層 二層 三層
RPRNMLPLRHKFFAM56CA,,161.28,住家用,鋼筋混凝土造,104年4月22日,三層,一層 二層 三層
RPSOMLKMRHKFFCM66DA,41,93.97,住商用,鋼筋混凝土加強磚造,63年5月20日,二層,一層 二層 騎樓
RPOOMLMJIIKFFCM87CA,21,109.20,住家用,鋼筋混凝土造,83年5月10日,三層,一層 二層 三層
RPPNMLNJIIKFFBM87CA,8,191.50,住家用,鋼筋混凝土造,96年9月14日,四層,一層 二層 三層 四層
RPVNMLMJIIKFFCM48CA,13,50.94,見其他登記事項,鋼骨鋼筋混凝土造,91年3月26日,三層,一層 二層 三層 屋頂突出物 騎樓
RPSNMLNLIIKFFDM58CA,12,157.50,住家用,鋼筋混凝土造,92年6月11日,三層,一層 二層 三層 屋頂突出物
RPUNMLMKIIKFFAM28CA,23,143.63,住家用,鋼筋混凝土造,81年6月19日,三層,一層 二層 三層 騎樓
RPUNMLLJIIKFFBM18CA,22,68.47,住家用,鋼筋混凝土造,82年5月27日,七層,七層
RPUNMLLJIIKFFBM18CA,22,14.12,見其他登記事項,鋼筋混凝土造,82年5月27日,七層,
RPUNMLLJIIKFFBM18CA,22,11.37,見其他登記事項,鋼筋混凝土造,82年5月27日,七層,
RPPNMLMJIIKFFDM97CA,37,117.80,住商用,鋼筋混凝土加強磚造,68年1月15日,二層,一層 二層 騎樓
RPSNMLMJIIKFFAM97CA,21,92.35,住家用,鋼筋混凝土造,84年2月16日,十三層,十二層
RPSNMLMJIIKFFAM97CA,21,23.37,見其他登記事項,鋼筋混凝土造,84年2月16日,十三層,
RPUNMLLJIIKFFAM08CA,13,165.25,住商用,鋼筋混凝土造,91年9月20日,四層,一層 二層 三層 四層
RPPNMLTJIIKFFCM58CA,,244.37,住家用,鋼筋混凝土造,104年5月21日,三層,一層 二層 三層 見其他登記事項
RPPNMLMLIIKFFAM87CA,36,81.41,住家用,鋼筋混凝土加強磚造,69年2月1日,二層,一層 二層
RPRNMLMLIIKFFBM28DA,24,176.78,住商用,鋼筋混凝土造,80年4月9日,三層,一層 二層 三層 騎樓
RPTNMLPJIIKFFDM68CA,39,169.41,見其他登記事項,加強磚造,66年2月7日,二層,一層 二層 騎樓
RPTNMLMKIIKFFDM48CA,35,162.45,住商用,鋼筋混凝土加強磚造,70年2月27日,三層,一層 二層 三層 騎樓
RPTNMLMKIIKFFDM48CA,35,166.98,住商用,鋼筋混凝土加強磚造,70年1月27日,三層,一層 二層 三層 騎樓
RPTNMLMKIIKFFBM28CA,,215.72,見其他登記事項,鋼筋混凝土造,104年3月27日,四層,一層 二層 三層 四層
RPQNMLMJIIKFFBM87CA,20,137.58,住家用,鋼筋混凝土造,84年3月8日,三層,一層 二層 三層
RPRNMLQJIIKFFBM38CA,21,103.32,住家用,加強磚造,83年4月22日,二層,一層 二層 電梯樓梯間
RPTNMLPLIIKFFCM78CA,20,48.38,見其他登記事項,鋼筋混凝土造,84年9月7日,九層,四層
RPROMLTKIIKFFAM78CA,36,105.38,住商用,鋼筋混凝土加強磚造,69年1月10日,二層,一層 二層 騎樓
RPPNMLPKIIKFFAM08CA,46,100.75,住家用,見其他登記事項,59年2月23日,二層,一層 二層
RPWNMLPJIIKFFAM68CA,35,109.20,住家用,鋼筋混凝土加強磚造,69年10月20日,二層,一層 二層
RPXNMLPJIIKFFAM78CA,35,86.86,住家用,鋼筋混凝土加強磚造,69年7月7日,二層,一層 二層
RPSNMLMKIIKFFBM18CA,20,191.71,住家用,鋼筋混凝土造,84年8月2日,四層,一層 二層 三層 四層
RPXNMLPJIIKFFBM88CA,24,21.55,住家用,鋼筋混凝土造,80年9月20日,九層,六層
RPXNMLPJIIKFFBM88CA,24,8.66,見其他登記事項,鋼筋混凝土造,80年9月20日,九層,
RPXNMLPJIIKFFBM88CA,24,4.71,見其他登記事項,鋼筋混凝土造,80年9月20日,十一層,
RPTNMLNLIIKFFBM48CA,,221.61,住家用,鋼筋混凝土造,104年5月25日,四層,一層 二層 三層 四層
RPOOMLPJIIKFFBM08CA,22,81.04,住家用,鋼筋混凝土造,82年12月21日,十二層,七層
RPOOMLPJIIKFFBM08CA,22,12.76,見其他登記事項,鋼筋混凝土造,82年12月21日,十二層,
RPWNMLRJIIKFFCM09CA,20,191.56,住家用,鋼筋混凝土造,84年9月14日,四層,一層 二層 三層 四層
RPUNMLTKIIKFFCM56CA,40,75.60,住家用,鋼筋混凝土加強磚造,64年6月27日,二層,一層 二層
RPUOMLPKIIKFFCM88CA,31,169.94,住家用,鋼筋混凝土造,73年8月23日,三層,一層 二層 三層
RPTNMLQJIIKFFDM78CA,16,169.70,住家用,鋼筋混凝土造,88年5月25日,三層,一層 二層 三層 電梯樓梯間
RPPNMLSJIIKFFDM58CA,47,70.40,住家用,鋼筋混凝土加強磚造,57年11月1日,二層,一層 二層
RPQNMLKLIIKFFCM97CA,31,221.00,商業用,鋼筋混凝土造,73年4月2日,三層,一層 二層 三層 騎樓
RPRNMLRJIIKFFCM58CA,20,109.39,見其他登記事項,鋼筋混凝土造,84年9月7日,九層,四層
RPRNMLRJIIKFFCM58CA,20,53.40,見其他登記事項,鋼筋混凝土造,84年9月7日,九層,
RPXNMLRJIIKFFCM56CA,35,108.37,住商用,加強磚造,69年8月18日,二層,一層 二層 騎樓
RPQNMLRJIIKFFCM48CA,20,109.39,見其他登記事項,鋼筋混凝土造,84年9月7日,九層,四層
RPQNMLRJIIKFFCM48CA,20,53.40,見其他登記事項,鋼筋混凝土造,84年9月7日,九層,
RPSNMLRJIIKFFCM68CA,20,110.91,見其他登記事項,鋼筋混凝土造,84年9月7日,九層,六層
RPSNMLRJIIKFFCM68CA,20,53.93,見其他登記事項,鋼筋混凝土造,84年9月7日,九層,
RPTNMLRJIIKFFCM78CA,20,154.62,見其他登記事項,鋼筋混凝土造,84年9月7日,九層,七層
RPTNMLRJIIKFFCM78CA,20,68.38,見其他登記事項,鋼筋混凝土造,84年9月7日,九層,
RPQPMLTKIIKFFBM88CA,10,145.84,住商用,鋼筋混凝土造,94年3月29日,三層,一層 二層 三層 屋頂突出物
RPQNMLMLIIKFFAM97CA,17,294.20,住商用,鋼筋混凝土造,87年3月9日,四層,一層 二層 三層 四層 屋頂突出物
RPPNMLKKIIKFFBM67CA,36,83.70,住家用,鋼筋混凝土造,69年1月24日,二層,一層 二層
RPXNMLSLIIKFFBM76CA,33,62.75,住商用,鋼筋混凝土造,71年11月6日,二層,一層 二層
RPRNMLSJIIKFFAM48CA,,167.40,住家用,鋼筋混凝土造,104年4月22日,三層,一層 二層 三層
RPPNMLKKIIKFFAM57CA,20,290.27,住家用,鋼筋混凝土造,85年1月29日,四層,一層 二層 三層 四層 屋頂突出物
RPQNMLSJIIKFFAM38CA,,161.29,住家用,鋼筋混凝土造,104年4月22日,三層,一層 二層 三層
RPXNMLRJIIKFFBM09CA,20,87.31,住家用,鋼筋混凝土造,84年9月27日,十二層,八層
RPXNMLRJIIKFFBM09CA,20,3.53,見其他登記事項,鋼筋混凝土造,84年9月27日,十二層,
RPPNMLMKIIKFFCM97CA,20,109.37,見其他登記事項,鋼筋混凝土造,85年2月9日,十五層,十層
RPPNMLMKIIKFFCM97CA,20,23.69,見其他登記事項,鋼筋混凝土造,85年2月9日,十五層,
RPQNMLNKIIKFFDM28CA,3,284.38,見其他登記事項,鋼筋混凝土造,102年1月31日,四層,一層 二層 三層 四層
RPSNMLPLJIKFFBM68CA,3,214.10,見其他登記事項,鋼筋混凝土造,101年10月18日,四層,一層 二層 三層 四層 騎樓
RPRNMLNKIIKFFBM28DA,48,76.38,住家用,鋼筋混凝土加強磚造,56年10月28日,三層,一層 二層 三層 騎樓
RPQNMLOKIIKFFEM48CA,19,172.27,農舍,鋼筋混凝土造,85年9月24日,二層,一層 二層 屋頂突出物
RPQOMLPKIIKFFCM48CA,20,105.74,見其他登記事項,鋼筋混凝土造,84年11月22日,十二層,十層
RPQOMLPKIIKFFCM48CA,20,38.97,見其他登記事項,鋼筋混凝土造,84年11月22日,十二層,
RPTNMLOKIIKFFCM58CA,43,152.81,住商用,鋼筋混凝土加強磚造,61年6月30日,四層,一層 二層 三層 四層 騎樓
RPTNMLOKIIKFFCM58CA,43,152.81,住商用,鋼筋混凝土加強磚造,61年6月30日,四層,一層 二層 三層 四層 騎樓
RPTNMLOKIIKFFCM58CA,43,66.22,住商用,鋼筋混凝土加強磚造,61年10月27日,三層,一層 二層 三層 騎樓
RPTNMLOKIIKFFCM58CA,43,66.22,住商用,鋼筋混凝土加強磚造,61年10月27日,三層,一層 二層 三層 騎樓
RPVNMLNKIIKFFBM58CA,,231.60,住家用,鋼筋混凝土造,104年5月25日,四層,一層 二層 三層 四層
RPWNMLNKIIKFFBM68CA,,221.49,住家用,鋼筋混凝土造,104年5月25日,四層,一層 二層 三層 四層
RPRNMLMLIIKFFAM08CA,34,108.24,住家用,鋼筋混凝土造,70年10月5日,二層,一層 二層 騎樓
RPSNMLTKIIKFFAM78CA,21,64.64,住家用,鋼筋混凝土造,83年6月8日,八層,三層
RPSNMLTKIIKFFAM78CA,21,25.09,見其他登記事項,鋼筋混凝土造,83年6月8日,八層,
RPVOMLTKIIKFFBM66CA,23,153.00,住家用,鋼筋混凝土造,81年4月10日,三層,一層 二層 三層
RPQNMLNKJIKFFCM28CA,35,19.27,住家用,加強磚造,69年7月3日,一層,一層
RPQNMLNKJIKFFCM28CA,35,19.27,住家用,加強磚造,69年7月3日,一層,一層
RPSNMLNKIIKFFBM28CA,24,44.82,住家用,鋼筋混凝土造,81年1月30日,六層,五層
RPSNMLNKIIKFFBM28CA,24,16.88,見其他登記事項,鋼筋混凝土造,81年1月30日,六層,
RPPNMLNKIIKFFCM08CA,7,167.76,見其他登記事項,鋼筋混凝土造,97年8月5日,三層,一層 二層 三層 屋頂突出物
RPTNMLNKIIKFFBM38CA,8,224.18,住家用,鋼筋混凝土造,96年11月26日,四層,一層 二層 三層 四層
RPQOMLMKIIKFFDM28CA,20,46.00,見其他登記事項,鋼筋混凝土造,85年3月9日,七層,五層
RPQOMLMKIIKFFDM28CA,20,10.71,見其他登記事項,鋼筋混凝土造,85年3月9日,七層,
RPQOMLMKIIKFFDM28CA,20,8.15,見其他登記事項,鋼筋混凝土造,85年3月9日,七層,
RPPNMLNKIIKFFDM18CA,20,82.24,見其他登記事項,鋼筋混凝土造,85年3月21日,八層,七層
RPRNMLNKIIKFFDM38CA,32,111.78,住商用,鋼筋混凝土加強磚造,73年3月23日,三層,一層 二層 三層
RPRNMLNKIIKFFEM48CA,40,94.50,住家用,鋼筋混凝土加強磚造,64年3月9日,二層,一層 二層
RPPNMLTKIIKFFEM88CA,10,186.27,住家用,鋼筋混凝土造,94年8月12日,三層,一層 二層 三層 見其他登記事項
RPPNMLKLIIKFFCM87CA,25,138.86,住家用,鋼筋混凝土造,79年3月28日,二層,一層 二層
RPRNMLTKIIKFFAM68CA,21,92.35,住家用,鋼筋混凝土造,84年2月16日,十三層,九層
RPRNMLTKIIKFFAM68CA,21,23.37,見其他登記事項,鋼筋混凝土造,84年2月16日,十三層,
RPXNMLTKIIKFFAM66CA,14,166.69,見其他登記事項,見其他登記事項,90年5月15日,三層,一層 二層 三層 屋頂突出物 騎樓
RPTNMLPKIIKFFAM48CA,,181.07,住家用,鋼筋混凝土造,104年4月27日,四層,一層 二層 三層 四層
RPWOMLTKIIKFFBM76CA,,173.51,住家用,鋼筋混凝土造,104年4月20日,四層,一層 二層 三層 四層
RPQNMLOKIIKFFAM08CA,11,228.15,住商用,鋼筋混凝土造,93年4月21日,四層,一層 二層 三層 四層 騎樓
RPOOMLPKIIKFFCM28CA,28,133.93,住商用,鋼筋混凝土造,76年9月9日,三層,一層 二層 三層 騎樓
RPQNMLOKIIKFFBM18CA,23,130.59,住家用,鋼筋混凝土造,81年10月3日,三層,一層 二層 三層 電梯樓梯間
RPRNMLTJJIKFFBM78CA,42,119.33,住商用,鋼筋混凝土加強磚造,62年7月30日,四層,一層 二層 三層 四層
RPOPMLTKIIKFFBM68CA,8,211.21,見其他登記事項,鋼筋混凝土造,96年9月21日,四層,一層 二層 三層 四層
RPTOMLPKIIKFFCM78CA,11,154.70,住家用,鋼筋混凝土造,93年10月1日,四層,一層 二層 三層 四層
RPXNMLTKIIKFFCM86CA,8,20.90,農舍,見其他登記事項,96年3月15日,一層,一層
RPOOMLNJJIKFFCM08CA,15,199.85,見其他登記事項,鋼筋混凝土造,90年3月9日,四層,一層 二層 三層 四層
RPWOMLPKIIKFFCM09CA,43,62.16,住家用,鋼筋混凝土加強磚造,61年6月28日,一層,一層
RPSNMLQKIIKFFBM58CA,28,72.86,住家用,加強磚造,76年9月2日,二層,一層 二層
RPSNMLTJJIKFFBM88CA,8,205.49,住家用,鋼筋混凝土造,97年1月16日,四層,一層 二層 三層 四層
RPPOMLSLIIKFFBM68CA,26,179.48,住商用,鋼筋混凝土造,78年5月10日,三層,一層 二層 三層 騎樓
TPRPMLTKIIKFFBM56CA,4,102.39,農舍,見其他登記事項,100年12月26日,三層,一層 二層 三層
RPSPMLTKIIKFFBM09CA,1,220.29,見其他登記事項,鋼筋混凝土造,103年6月25日,四層,一層 二層 三層 四層
RPQNMLPJJIKFFBM28CA,21,107.16,住家用,鋼筋混凝土造,83年10月29日,八層,二層
RPQNMLPJJIKFFBM28CA,21,38.11,見其他登記事項,鋼筋混凝土造,83年10月29日,八層,
RPPNMLLLIIKFFEM18CA,35,31.47,住家用,加強磚造,69年12月23日,二層,
RPPNMLLLIIKFFEM18CA,35,31.47,住家用,加強磚造,69年12月23日,二層,
RPTPMLTKIIKFFBM56CA,1,112.12,見其他登記事項,鋼筋混凝土造,103年6月25日,四層,一層 二層 三層 四層
RPTPMLTKIIKFFBM56CA,1,112.12,見其他登記事項,鋼筋混凝土造,103年6月25日,四層,一層 二層 三層 四層
RPTNMLOJJIKFFDM68CA,15,179.06,住家用,鋼筋混凝土造,89年12月18日,四層,一層 二層 三層 四層
RPVNMLTKIIKFFAM09CA,16,136.52,住家用,鋼筋混凝土造,88年12月27日,三層,一層 二層 三層
RPPNMLTJJIKFFDM78CA,19,106.92,見其他登記事項,鋼筋混凝土造,85年4月24日,七層,七層
RPXOMLTKIIKFFBM86CA,8,197.02,見其他登記事項,鋼筋混凝土造,97年2月1日,四層,一層 二層 三層 四層
RPPPMLTKIIKFFBM78CA,17,189.77,住商用,鋼筋混凝土造,87年6月11日,四層,一層 二層 三層 四層 騎樓
RPQNMLMLIIKFFBM08CA,35,116.16,住家用,加強磚造,69年12月31日,二層,一層 二層
RPPNMLTLIIKFFBM68CA,28,1572.38,見其他登記事項,見其他登記事項,76年8月17日,二層,一層 二層
RPPNMLTLIIKFFBM68CA,14,1408.32,見其他登記事項,見其他登記事項,90年9月14日,一層,一層
RPSNMLTKIIKFFCM98CA,23,182.07,住家用,鋼筋混凝土造,81年5月6日,三層,一層 二層 三層
RPPNMLLMIIKFFAM87CA,34,125.25,見其他登記事項,鋼筋混凝土造,,二層,一層 二層 騎樓
RPTNMLKLIIKFFCM28CA,34,107.90,住家用,鋼筋混凝土加強磚造,70年6月16日,二層,一層 二層
RPVNMLRLIIKFFCM56CA,13,41.21,住家用,見其他登記事項,91年5月3日,一層,一層
RPRNMLKLIIKFFDM18CA,39,93.08,住家用,鋼筋混凝土加強磚造,66年3月11日,二層,一層 二層
RPSNMLTKIIKFFDM09CA,5,253.62,農舍,鋼筋混凝土造,99年10月1日,一層,一層
RPPNMLSLIIKFFCM68CA,,49.22,住家用,加強磚造,,二層,一層 二層
RPQNMLQJJIKFFAM28CA,2,338.97,見其他登記事項,鋼筋混凝土造,102年12月2日,四層,一層 二層 三層 四層 屋頂突出物
RPSOMLOJJIKFFAM38CA,36,105.38,住商用,鋼筋混凝土加強磚造,69年1月10日,二層,一層 二層 騎樓
RPRNMLMLIIKFFCM28CA,20,146.54,住家用,鋼筋混凝土造,84年12月30日,四層,一層 二層 三層 四層
RPUNMLKLIIKFFCM38CA,21,96.79,見其他登記事項,鋼筋混凝土造,83年7月7日,十三層,八層
RPUNMLKLIIKFFCM38CA,21,38.73,見其他登記事項,鋼筋混凝土造,83年7月7日,十三層,
RPPNMLQLIIKFFCM48CA,,114.31,見其他登記事項,鋼筋混凝土造,104年3月30日,四層,一層 二層 三層 四層 見其他登記事項
RPPNMLQLIIKFFCM48CA,,114.31,見其他登記事項,鋼筋混凝土造,104年3月30日,四層,一層 二層 三層 四層 見其他登記事項
RPTNMLLLIIKFFCM38CA,35,88.50,住家用,加強磚造,70年1月5日,二層,一層 二層
RPQNMLLLIIKFFBM97CA,49,88.20,住家用,土磚石混合造,55年11月19日,一層,一層 騎樓
RPRNMLKLIIKFFAM87CA,45,83.04,住家用,磚造,59年11月20日,二層,一層 二層
RPPNMLSLIIKFFEM98DA,49,77.84,住家用,加強磚造,55年5月7日,二層,一層 二層
RPSNMLNLIIKFFAM28CA,,169.80,住家用,鋼筋混凝土造,104年4月22日,三層,一層 二層 三層
RPXNMLKKJIKFFAM48CA,36,76.88,住家用,鋼筋混凝土加強磚造,68年3月12日,二層,一層 二層
RPSNMLTLIIKFFBM98CA,22,84.03,住家用,鋼筋混凝土造,82年10月29日,十層,六層
RPSNMLTLIIKFFBM98CA,22,14.57,見其他登記事項,鋼筋混凝土造,82年10月29日,十層,
RPSNMLSLIIKFFAM78CA,6,338.27,住商用,鋼筋混凝土造,98年6月3日,三層,一層 二層 三層 屋頂突出物
RPQNMLLLIIKFFAM87CA,33,123.93,住商用,鋼筋混凝土加強磚造,71年4月20日,二層,一層 二層 騎樓
RPUNMLLLIIKFFCM48CA,29,177.66,住商用,鋼筋混凝土造,76年3月23日,二層,一層 二層 騎樓
RPPNMLRLIIKFFBM48CA,,214.36,見其他登記事項,鋼筋混凝土造,104年3月27日,四層,一層 二層 三層 四層
RPQOMLSLIIKFFCM88CA,14,106.71,住家用,見其他登記事項,90年8月22日,一層,一層
RPTNMLPJJIKFFCM68CA,11,342.97,見其他登記事項,見其他登記事項,94年4月1日,一層,一層
RPPNMLLLIIKFFDM08CA,21,225.17,住家用,鋼筋混凝土造,83年6月10日,四層,一層 二層 三層 四層
RPUNMLNJJIKFFCM58CA,19,110.00,見其他登記事項,鋼筋混凝土造,85年2月9日,十五層,一層
RPUNMLNJJIKFFCM58CA,19,23.69,見其他登記事項,鋼筋混凝土造,85年2月9日,十五層,
RPRNMLLLIIKFFCM18CA,11,264.89,見其他登記事項,鋼筋混凝土造,94年1月31日,二層,一層 二層
RPVNMLMJJIKFFAM38CA,20,136.01,住家用,鋼筋混凝土造,85年1月5日,四層,一層 二層 三層 四層
RPTNMLTLIIKFFBM09CA,,257.54,住家用,鋼筋混凝土造,104年5月5日,四層,一層 二層 三層 四層
RPPNMLLLIIKFFAM77CA,1,209.61,見其他登記事項,鋼筋混凝土造,103年4月21日,三層,一層 二層 三層 見其他登記事項
RPRNMLNLIIKFFBM28CA,3,202.66,住家用,鋼筋混凝土造,102年2月22日,四層,一層 二層 三層 四層
RPUNMLNLIIKFFBM58CA,23,144.03,住家用,加強磚造,81年6月18日,二層,一層 二層
RPRNMLSKJIKFFBM78CA,42,308.92,住商用,鋼筋混凝土加強磚造,62年4月27日,三層,一層 二層 三層 騎樓 電梯樓梯間
RPQNMLOJJIKFFDM38CA,2,249.18,見其他登記事項,鋼筋混凝土造,102年8月23日,三層,一層 二層 三層 屋頂突出物
RPRNMLRLIIKFFDM88CA,24,198.59,住商用,鋼筋混凝土造,80年12月9日,四層,一層 二層 三層 四層 騎樓
RPQNMLLMIIKFFDM28CA,15,224.70,住家用,鋼筋混凝土造,89年8月7日,三層,一層 二層 三層 電梯樓梯間
RPTOMLRKJIKFFAM88CA,1,292.37,見其他登記事項,鋼筋混凝土造,103年9月4日,四層,一層 二層 三層 四層
RPUNMLLKJIKFFCM48CA,10,190.89,住家用,鋼筋混凝土造,94年12月22日,四層,一層 二層 三層 四層 見其他登記事項
RPRNMLTLIIKFFAM78CA,14,110.39,住家用,鋼筋混凝土造,90年6月21日,三層,一層 二層 三層 屋頂突出物
RPQNMLQKJIKFFDM68CA,,132.82,農舍,見其他登記事項,104年8月3日,一層,一層
RPSOMLRKJIKFFAM78CA,36,81.41,住家用,鋼筋混凝土加強磚造,69年2月1日,二層,一層 二層
RPRNMLNLIIKFFCM38CA,20,157.74,住家用,鋼筋混凝土造,84年11月28日,四層,一層 二層 三層 四層
RPTNMLQLIIKFFCM88CA,37,70.78,住家用,鋼筋混凝土加強磚造,67年6月1日,一層,一層
RPTNMLQLIIKFFBM78CA,8,203.27,住家用,鋼筋混凝土造,96年10月19日,四層,一層 二層 三層 四層
RPPNMLQLIIKFFBM38CA,32,79.20,住家用,鋼筋混凝土造,72年4月12日,四層,二層
RPPNMLQLIIKFFBM38CA,32,5.40,國民住宅,鋼筋混凝土造,72年4月12日,四層,
RPPNMLQLIIKFFBM38CA,32,1.68,國民住宅,鋼筋混凝土造,72年4月12日,四層,
RPPNMLQLIIKFFBM38CA,32,.84,國民住宅,鋼筋混凝土造,72年4月12日,四層,
RPSNMLRLIIKFFBM78CA,17,182.24,住家用,鋼筋混凝土造,87年11月6日,三層,一層 二層 三層 屋頂突出物
RPUNMLSLIIKFFBM09CA,27,122.04,住家用,加強磚造,78年4月4日,二層,一層 二層 夾層
RPWNMLRKJIKFFCM66CA,47,73.20,住家用,鋼筋混凝土加強磚造,57年7月25日,二層,一層 二層
RPQNMLTJJIKFFBM78DA,24,66.81,住家用,鋼筋混凝土造,81年2月13日,七層,六層
RPQNMLTJJIKFFBM78DA,24,22.60,見其他登記事項,鋼筋混凝土造,81年2月13日,七層,
RPOOMLQLIIKFFAM28CA,,158.89,住家用,鋼筋混凝土造,104年4月27日,四層,一層 二層 三層 四層
RPTOMLQLIIKFFAM78CA,,179.56,住家用,鋼筋混凝土造,104年4月27日,四層,一層 二層 三層 四層
RPQNMLRLIIKFFBM58CA,1,218.55,見其他登記事項,鋼筋混凝土造,103年6月25日,四層,一層 二層 三層 四層
RPSOMLQLIIKFFAM68CA,,179.56,住家用,鋼筋混凝土造,104年4月27日,四層,一層 二層 三層 四層
RPQNMLSKJIKFFDM88CA,1,180.23,住家用,鋼筋混凝土造,103年12月11日,三層,一層 二層 三層
RPPOMLQLIIKFFAM38CA,,90.54,住家用,鋼筋混凝土造,104年4月27日,四層,一層 二層 三層 四層
RPPOMLQLIIKFFAM38CA,,90.54,住家用,鋼筋混凝土造,104年4月27日,四層,一層 二層 三層 四層
RPPNMLNJJIKFFAM87CA,25,110.97,住家用,鋼筋混凝土造,79年12月14日,三層,一層 二層 三層
RPTNMLKKJIKFFAM08CA,22,85.01,住家用,鋼筋混凝土造,82年11月10日,十四層,十三層
RPTNMLKKJIKFFAM08CA,22,10.42,見其他登記事項,鋼筋混凝土造,82年11月10日,十四層,
RPTNMLKKJIKFFAM08CA,22,8.97,見其他登記事項,鋼筋混凝土造,82年11月10日,十四層,
RPTNMLKKJIKFFAM08CA,22,1.01,見其他登記事項,鋼筋混凝土造,82年11月10日,十四層,
RPTNMLKKJIKFFAM08CA,22,15.00,見其他登記事項,鋼筋混凝土造,82年11月10日,十四層,
RPTNMLOJJIKFFAM38CA,,179.56,住家用,鋼筋混凝土造,104年4月27日,四層,一層 二層 三層 四層
RPQNMLOJJIKFFAM08CA,2,144.95,住家用,鋼筋混凝土造,102年10月3日,三層,一層 二層 三層
RPXNMLTJJIKFFAM66CA,,190.72,見其他登記事項,鋼筋混凝土造,104年5月26日,三層,一層 二層 三層 屋頂突出物
RPQNMLMJJIKFFCM08CA,,242.17,見其他登記事項,鋼筋混凝土造,104年3月30日,四層,一層 二層 三層 四層 見其他登記事項
RPUNMLOJJIKFFCM68CA,21,133.68,住家用,鋼筋混凝土造,83年9月22日,三層,一層 二層 三層
RPQNMLNLJIKFFAM18CA,18,119.87,住家用,鋼筋混凝土造,86年9月19日,十四層,五層 六層
RPXNMLSLIIKFFCM86CA,20,148.72,住家用,加強磚造,84年6月1日,三層,一層 二層 三層
RPPNMLSLIIKFFAM48CA,35,96.27,住商用,鋼筋混凝土加強磚造,69年4月12日,二層,一層 二層 騎樓
RPRNMLRLIIKFFBM68CA,21,150.06,住家用,鋼筋混凝土造,83年6月28日,四層,一層 二層 三層 四層
RPPNMLNKJIKFFDM28CA,29,123.10,住商用,鋼筋混凝土加強磚造,75年4月22日,二層,一層 二層 騎樓
RPRNMLNJJIKFFBM18CA,20,186.51,住商用,鋼筋混凝土造,84年6月1日,四層,一層 二層 三層 四層
RPRNMLKMIIKFFBM18DA,,114.86,住家用,鋼筋混凝土造,,二層,一層 二層
RPQNMLTJJIKFFEM09DA,6,179.96,見其他登記事項,見其他登記事項,98年9月8日,三層,一層 二層 三層 見其他登記事項
RPPNMLLJJIKFFBM77CA,20,156.26,住商用,鋼筋混凝土造,84年9月21日,八層,一層 二層 三層 騎樓
RPPNMLLJJIKFFBM77CA,20,39.22,見其他登記事項,鋼筋混凝土造,84年9月21日,八層,
RPPNMLLLJIKFFCM08CA,,219.81,見其他登記事項,鋼筋混凝土造,104年6月3日,三層,一層 二層 三層 見其他登記事項
RPSNMLTJJIKFFAM78CA,17,93.96,住家用,鋼筋混凝土造,87年10月27日,十三層,八層
RPPNMLQJJIKFFCM38CA,17,93.54,見其他登記事項,鋼筋混凝土造,87年12月31日,八層,八層
RPPNMLQJJIKFFCM38CA,17,60.17,見其他登記事項,鋼筋混凝土造,87年12月31日,八層,
RPPNMLOJJIKFFCM18CA,12,95.31,見其他登記事項,鋼筋混凝土造,93年1月15日,五層,一層 二層 三層 四層 五層
RPSNMLKKJIKFFAM97CA,48,215.53,住商用,鋼筋混凝土造,56年7月4日,三層,
RPRNMLKMIIKFFCM18CA,14,133.69,住家用,見其他登記事項,90年8月28日,二層,一層 二層
RPTNMLKMIIKFFCM38CA,35,85.04,住家用,加強磚造,69年5月23日,二層,一層 二層
RPRNMLMJJIKFFCM18CA,1,228.62,見其他登記事項,鋼筋混凝土造,104年3月30日,四層,一層 二層 三層 四層 見其他登記事項
RPQNMLQKJIKFFBM48CA,22,154.46,住商用,鋼筋混凝土造,82年10月30日,九層,一層 二層 騎樓
RPQNMLQKJIKFFBM48CA,22,18.46,見其他登記事項,鋼筋混凝土造,82年10月30日,九層,
RPQNMLSKJIKFFBM68CA,,201.11,見其他登記事項,鋼筋混凝土造,104年9月7日,三層,一層 二層 三層 見其他登記事項
RPPNMLKMIIKFFBM87CA,32,79.20,住家用,鋼筋混凝土造,72年4月12日,四層,四層
RPPNMLKMIIKFFBM87CA,32,5.40,國民住宅,鋼筋混凝土造,72年4月12日,四層,
RPPNMLKMIIKFFBM87CA,32,1.68,國民住宅,鋼筋混凝土造,72年4月12日,四層,
RPPNMLKMIIKFFBM87CA,32,.84,國民住宅,鋼筋混凝土造,72年4月12日,四層,
RPQNMLNJJIKFFEM38CA,34,142.83,住商用,鋼筋混凝土加強磚造,70年12月30日,三層,一層 二層 三層 騎樓
RPQNMLPLJIKFFBM48CA,33,145.35,農舍,鋼筋混凝土加強磚造,71年11月2日,二層,一層 二層
RPTNMLMJJIKFFBM28CA,20,97.66,住家用,鋼筋混凝土造,85年1月12日,十層,五層
RPTNMLMJJIKFFBM28CA,20,39.18,見其他登記事項,鋼筋混凝土造,85年1月12日,十層,
RPQNMLMJJIKFFBM08DA,18,181.64,住商用,鋼筋混凝土造,86年5月27日,四層,一層 二層 三層 四層 騎樓
RPWNMLKKJIKFFBM58DA,35,118.36,住商用,鋼筋混凝土加強磚造,69年10月13日,二層,一層 二層 騎樓
RPUNMLOJJIKFFDM78CA,22,146.00,住家用,鋼筋混凝土造,82年5月20日,三層,一層 二層 三層
RPVNMLMJJIKFFCM68DA,37,105.00,住商用,鋼筋混凝土加強磚造,67年9月18日,二層,一層 二層 騎樓
RPQNMLOJJIKFFBM18CA,8,243.32,住家用,鋼筋混凝土造,96年10月29日,三層,一層 二層 三層
RPRNMLMJJIKFFDM28CA,20,50.03,見其他登記事項,鋼筋混凝土造,85年4月1日,四層,一層
RPRNMLMJJIKFFDM28CA,20,27.84,見其他登記事項,鋼筋混凝土造,85年4月1日,四層,
RPVNMLSKJIKFFBM56CA,,184.52,見其他登記事項,鋼筋混凝土造,104年9月7日,三層,一層 二層 三層 見其他登記事項
