﻿編號,屋齡,建物移轉面積平方公尺,主要用途,主要建材,建築完成日期,總層數,建物分層
The serial number,room age,building shifting area square meter,the main use,main building materials,construction completes the date,total layer,building lamination
RPUNMLQLQHKFFCQ47CA,13,99.84,見其他登記事項,鋼筋混凝土造,91年7月25日,五層,
RPUNMLQLQHKFFCQ47CA,13,11.69,見其他登記事項,鋼筋混凝土造,91年7月25日,五層,
RPUNMLQLQHKFFCQ47CA,13,.68,見其他登記事項,鋼筋混凝土造,91年7月25日,五層,
RPRNMLRJQHKFFCQ07CA,22,90.80,住家用,鋼筋混凝土造,82年12月14日,七層,七層
RPRNMLRJQHKFFCQ07CA,22,9.47,共有部分,鋼筋混凝土造,82年12月14日,七層,
RPRNMLRJQHKFFCQ07CA,22,34.39,共有部分,鋼筋混凝土造,82年12月14日,七層,
RPRNMLQLQHKFFCQ17CA,,246.80,見其他登記事項,鋼筋混凝土造,104年4月29日,三層,一層 二層 三層 見其他登記事項
RPTNMLQLQHKFFCQ37CA,,123.42,見其他登記事項,鋼筋混凝土造,104年4月29日,三層,一層 二層 三層 見其他登記事項
RPTNMLQLQHKFFCQ37CA,,123.42,見其他登記事項,鋼筋混凝土造,104年4月29日,三層,一層 二層 三層 見其他登記事項
RPPNMLOJQHKFFDQ66CA,1,125.41,住家用,鋼筋混凝土造,103年10月6日,三層,一層 二層 三層
RPTPMLKKQHKFFDQ96CA,,158.96,見其他登記事項,鋼筋混凝土造,104年6月25日,三層,一層 三層 二層
RPRPMLKKQHKFFDQ76CA,,155.68,見其他登記事項,鋼筋混凝土造,104年6月25日,三層,一層 三層 二層
RPQPMLKKQHKFFDQ66CA,,173.91,見其他登記事項,鋼筋混凝土造,104年6月25日,三層,一層 見其他登記事項 三層 二層
RPUNMLKKQHKFFDQ86CA,,192.24,見其他登記事項,鋼筋混凝土造,104年6月25日,三層,一層 見其他登記事項 三層 二層
RPSNMLKKQHKFFDQ66CA,,184.11,見其他登記事項,鋼筋混凝土造,104年6月25日,三層,一層 見其他登記事項 三層 二層
RPOOMLKKQHKFFDQ98CA,,183.55,見其他登記事項,鋼筋混凝土造,104年6月25日,三層,一層 見其他登記事項 三層 二層
RPSPMLKKQHKFFDQ86CA,,158.96,住家用,鋼筋混凝土造,104年6月25日,三層,三層 二層 一層
RPVNMLKKQHKFFDQ96CA,,184.11,見其他登記事項,鋼筋混凝土造,104年6月25日,三層,一層 見其他登記事項 三層 二層
RPXNMLKKQHKFFDQ17CA,,184.11,見其他登記事項,鋼筋混凝土造,104年6月25日,三層,一層 見其他登記事項 三層 二層
RPWNMLKKQHKFFDQ07CA,,183.63,見其他登記事項,鋼筋混凝土造,104年6月25日,三層,一層 見其他登記事項 三層 二層
RPUPMLKKQHKFFDQ07CA,,173.52,見其他登記事項,鋼筋混凝土造,104年6月25日,三層,一層 見其他登記事項 三層 二層
RPQOMLKKQHKFFDQ56CA,,184.10,見其他登記事項,鋼筋混凝土造,104年6月25日,三層,一層 見其他登記事項 三層 二層
RPTOMLKKQHKFFDQ86CA,,158.35,住家用,鋼筋混凝土造,104年6月25日,三層,一層 三層 二層
RPUOMLKKQHKFFDQ96CA,,174.73,見其他登記事項,鋼筋混凝土造,104年6月25日,三層,一層 見其他登記事項 三層 二層
RPWOMLKKQHKFFDQ17CA,,158.96,見其他登記事項,鋼筋混凝土造,104年6月25日,三層,一層 三層 二層
RPVOMLKKQHKFFDQ07CA,,177.71,見其他登記事項,鋼筋混凝土造,104年6月25日,三層,一層 見其他登記事項 三層 二層
RPQNMLLKQHKFFDQ56CA,,183.55,見其他登記事項,鋼筋混凝土造,104年6月25日,三層,一層 二層 三層 見其他登記事項
RPVPMLKKQHKFFDQ17CA,,156.06,見其他登記事項,鋼筋混凝土造,104年6月25日,三層,一層 三層 二層
RPRNMLMLQHKFFDQ86CA,8,208.78,見其他登記事項,鋼筋混凝土造,96年1月10日,四層,一層 二層 三層 四層 地下層
RPRNMLMLQHKFFDQ86CA,8,15.00,見其他登記事項,鋼筋混凝土造,96年1月10日,,
RPRNMLSKQHKFFCQ37DA,39,93.47,住家用,磚造,65年12月20日,一層,一層 騎樓
RPROMLKKQHKFFDQ66CA,,183.56,見其他登記事項,鋼筋混凝土造,104年6月25日,三層,一層 見其他登記事項 三層 二層
RPWPMLKKQHKFFDQ27CA,,158.35,住家用,鋼筋混凝土造,104年6月25日,三層,一層 三層 二層
RPSOMLKKQHKFFDQ76CA,,192.23,見其他登記事項,鋼筋混凝土造,104年6月25日,三層,一層 見其他登記事項 三層 二層
RPXOMLKKQHKFFDQ27CA,,155.68,見其他登記事項,鋼筋混凝土造,104年6月25日,三層,一層 三層 二層
RPPPMLKKQHKFFDQ56CA,,182.44,見其他登記事項,鋼筋混凝土造,104年6月25日,三層,見其他登記事項 三層 二層 一層
RPOPMLKKQHKFFDQ09CA,,173.91,見其他登記事項,鋼筋混凝土造,104年6月25日,三層,一層 見其他登記事項 三層 二層
RPPOMLKKQHKFFDQ09CA,,186.09,見其他登記事項,鋼筋混凝土造,104年6月25日,三層,一層 見其他登記事項 三層 二層
RPUOMLLLQHKFFDQ17CA,34,183.99,住家用,鋼筋混凝土加強磚造,70年5月27日,三層,一層 二層 三層 騎樓
RPQNMLNKQHKFFDQ76CA,13,162.78,見其他登記事項,鋼筋混凝土造,91年6月17日,三層,一層 二層 三層
RPWNMLLKQHKFFCQ07CA,,200.95,住家用,鋼筋混凝土造,104年4月24日,四層,一層 二層 三層 四層
RPUNMLLKQHKFFCQ86CA,,195.25,住家用,鋼筋混凝土造,104年4月24日,四層,一層 二層 三層 四層
RPVNMLLKQHKFFCQ96CA,,194.81,住家用,鋼筋混凝土造,104年4月24日,四層,一層 二層 三層 四層
RPTNMLLKQHKFFCQ76CA,,189.93,住家用,鋼筋混凝土造,104年4月24日,四層,一層 二層 三層 四層
RPXNMLLKQHKFFCQ17CA,,200.95,住家用,鋼筋混凝土造,104年4月24日,四層,一層 二層 三層 四層
RPXNMLKKQHKFFCQ07CA,22,241.71,住商用,鋼筋混凝土造,82年10月15日,四層,一層 二層 電梯樓梯間 四層 三層
RPQNMLQJQHKFFEQ27EA,22,224.16,住商用,鋼筋混凝土造,82年4月12日,三層,一層 二層 三層
RPPNMLMKQHKFFEQ86EA,24,144.11,農舍,鋼筋混凝土加強磚造,80年6月20日,二層,二層 一層
RPVNMLRKQHKFFCQ57CA,4,227.79,住家用,鋼筋混凝土造,100年8月5日,三層,一層 二層 三層 電梯樓梯間
RPPNMLRJQHKFFCQ86CA,1,265.13,住家用,鋼筋混凝土造,103年8月13日,四層,一層 四層 三層 二層
RPRNMLPJQHKFFBQ76CA,1,294.25,見其他登記事項,鋼筋混凝土造,103年10月24日,三層,一層 二層 三層
RPRNMLPJQHKFFBQ76CA,1,1.00,見其他登記事項,鋼筋混凝土造,104年1月6日,一層,
RPWNMLPJQHKFFBQ27CA,7,420.66,見其他登記事項,鋼筋混凝土造,97年4月8日,四層,一層 二層 三層 四層 地下一層
RPWNMLPJQHKFFBQ27CA,7,9.35,見其他登記事項,鋼筋混凝土造,97年4月8日,三層,
RPWNMLPJQHKFFBQ27CA,7,58.43,停車空間,鋼筋混凝土造,97年4月8日,四層,
RPUNMLRKQHKFFCQ47CA,22,177.36,住家用,鋼筋混凝土造,82年12月10日,三層,一層 二層 三層 電梯樓梯間
RPTNMLRJQHKFFBQ17CA,27,141.80,住家用,見其他登記事項,77年7月16日,三層,三層 二層 一層
RPQNMLLKQHKFFEQ66CA,18,185.33,住家用,鋼筋混凝土造,86年10月7日,四層,三層 二層 一層 四層
RPPNMLKKQHKFFEQ09CA,22,38.83,住家用,鋼筋混凝土造,82年4月1日,十八層,六層
RPPNMLKKQHKFFEQ09CA,22,7.68,見其他登記事項,鋼筋混凝土造,82年4月1日,十八層,
RPPNMLKKQHKFFEQ09CA,22,1.75,見其他登記事項,鋼筋混凝土造,82年4月1日,,
RPUNMLRJQHKFFBQ27CA,39,146.26,住家用,鋼筋混凝土加強磚造,65年12月1日,二層,
RPOOMLOLQHKFFCQ76CA,33,163.60,住家用,鋼筋混凝土加強磚造,71年7月13日,三層,三層 一層 二層 騎樓
RPPNMLSJQHKFFBQ86CA,38,123.00,住家用,鋼筋混凝土加強磚造,66年12月3日,二層,一層 二層 三層
RPVNMLRJQHKFFBQ37CA,,235.98,住家用,鋼筋混凝土造,104年5月25日,四層,一層 二層 三層 四層
RPRNMLLJRHKFFDQ66CA,2,18.00,見其他登記事項,見其他登記事項,102年8月27日,一層,一層
RPOPMLMJRHKFFCQ56CA,30,97.52,住家用,鋼筋混凝土加強磚造,74年4月4日,一層,一層
RPOPMLMJRHKFFCQ56CA,2,2258.27,見其他登記事項,見其他登記事項,103年1月21日,一層,一層
RPOPMLMJRHKFFCQ56CA,2,21.09,見其他登記事項,見其他登記事項,103年1月21日,一層,一層
RPWNMLSKQHKFFCQ77CA,16,520.12,見其他登記事項,鋼筋混凝土造,88年3月17日,四層,一層 二層 三層 四層
RPRNMLLMQHKFFBQ66CA,2,170.88,住家用,鋼筋混凝土造,102年12月11日,三層,
RPSNMLNKQHKFFCQ86CA,31,155.19,住商用,見其他登記事項,73年8月17日,三層,一層 電梯樓梯間 三層 二層
RPVNMLNKQHKFFCQ17CA,23,151.43,住家用,鋼筋混凝土造,81年4月15日,三層,一層 二層 三層 電梯樓梯間
RPVPMLLLQHKFFCQ27CA,,146.33,住家用,鋼筋混凝土造,104年6月1日,三層,一層 二層 三層
RPUPMLLLQHKFFCQ17CA,,146.44,住家用,鋼筋混凝土造,104年6月1日,三層,一層 二層 三層
RPTPMLLLQHKFFCQ07CA,,145.87,住家用,鋼筋混凝土造,104年6月1日,三層,一層 二層 三層
RPRNMLLKQHKFFDQ66CA,1,205.44,見其他登記事項,鋼筋混凝土造,103年7月7日,三層,一層 二層 三層 見其他登記事項
RPPNMLPLQHKFFDQ96CA,33,97.00,住家用,鋼筋混凝土加強磚造,71年9月10日,二層,一層 二層
RPXPMLKKQHKFFDQ47DA,20,184.56,住商用,鋼筋混凝土造,84年9月18日,四層,一層 四層 三層 二層
RPRNMLLKQHKFFCQ76EA,30,156.28,住商用,見其他登記事項,74年6月11日,三層,一層 二層 電梯樓梯間 三層
RPUNMLSKQHKFFCQ67DA,25,147.99,見其他登記事項,見其他登記事項,80年1月15日,一層,一層 電梯樓梯間 地下層
RPUNMLSKQHKFFCQ67DA,25,897.25,見其他登記事項,鋼造,80年1月15日,一層,一層
RPSNMLPLQHKFFDQ37DA,16,98.71,見其他登記事項,鋼筋混凝土造,88年5月31日,五層,
RPVNMLRKQHKFFBQ57DA,11,145.11,住商用,鋼筋混凝土造,93年8月31日,三層,一層 二層 三層
RPPNMLLKQHKFFBQ88CA,,242.30,住家用,鋼筋混凝土造,104年5月25日,四層,一層 二層 三層 四層
SPVNMLLMQHKFFCQ27CA,13,68.95,見其他登記事項,鋼筋混凝土造,91年7月25日,五層,
SPVNMLLMQHKFFCQ27CA,13,11.73,見其他登記事項,鋼筋混凝土造,91年7月25日,五層,
SPVNMLLMQHKFFCQ27CA,13,.68,見其他登記事項,鋼筋混凝土造,91年7月25日,五層,
RPVNMLLMQHKFFCQ17CA,13,65.73,見其他登記事項,鋼筋混凝土造,91年7月25日,五層,
RPVNMLLMQHKFFCQ17CA,13,11.73,見其他登記事項,鋼筋混凝土造,91年7月25日,五層,
RPVNMLLMQHKFFCQ17CA,13,.68,見其他登記事項,鋼筋混凝土造,91年7月25日,五層,
RPWNMLLMQHKFFCQ27CA,8,178.73,住家用,鋼筋混凝土造,96年11月30日,三層,三層 一層 電梯樓梯間 二層
RPPNMLMKQHKFFBQ98CA,13,155.60,住家用,鋼筋混凝土造,92年1月14日,三層,二層 三層 一層
RPRNMLNKQHKFFCQ76CA,23,79.90,住家用,鋼筋混凝土造,81年11月30日,五層,四層
RPRNMLNKQHKFFCQ76CA,23,8.04,共有部分,鋼筋混凝土造,81年11月30日,地下層,
RPRNMLNKQHKFFCQ76CA,23,6.74,共有部分,鋼筋混凝土造,81年11月30日,五層,
RPPNMLOKQHKFFEQ07EA,35,81.14,住家用,鋼筋混凝土加強磚造,69年11月18日,二層,二層 一層
RPRNMLMKQHKFFCQ66CA,38,49.30,住家用,加強磚造,65年12月28日,二層,二層 騎樓 一層
RPXNMLLLQHKFFDQ37CA,37,109.07,住家用,鋼筋混凝土加強磚造,67年9月25日,二層,一層 二層 騎樓
RPTNMLRKQHKFFCQ37CA,,180.33,見其他登記事項,鋼筋混凝土造,104年4月7日,三層,一層 二層 三層 見其他登記事項
SPVNMLSLQHKFFBQ77CA,9,15.06,住家用,鋼筋混凝土造,95年8月28日,八層,二層
SPVNMLSLQHKFFBQ77CA,9,5.78,共有部份,鋼筋混凝土造,95年8月28日,,
SPVNMLSLQHKFFBQ77CA,9,4.20,共有部份,鋼筋混凝土造,95年8月28日,,
RPRNMLRKQHKFFCQ17CA,1,248.26,住家用,鋼筋混凝土造,103年11月18日,四層,一層 二層 三層 四層
RPVNMLSLQHKFFBQ67CA,9,15.06,住家用,鋼筋混凝土造,95年8月28日,八層,二層
RPVNMLSLQHKFFBQ67CA,9,5.78,共有部份,鋼筋混凝土造,95年8月28日,,
RPVNMLSLQHKFFBQ67CA,9,4.20,共有部份,鋼筋混凝土造,95年8月28日,,
RPSOMLMKQHKFFDQ96CA,,192.23,見其他登記事項,鋼筋混凝土造,104年6月25日,三層,一層 見其他登記事項 三層 二層
RPROMLMKQHKFFDQ86CA,,193.15,見其他登記事項,鋼筋混凝土造,104年6月25日,三層,一層 見其他登記事項 二層 三層
RPTNMLKLQHKFFDQ86CA,2,154.08,見其他登記事項,鋼筋混凝土造,102年8月6日,三層,一層 二層 三層
RPSNMLNKQHKFFDQ96CA,36,106.56,住家用,鋼筋混凝土加強磚造,69年1月12日,二層,二層 一層
RPPNMLMKQHKFFDQ56CA,39,66.66,住家用,磚造,65年8月4日,一層,一層
RPPOMLMKQHKFFDQ76DA,21,198.44,見其他登記事項,鋼筋混凝土造,83年8月8日,三層,二層 地下層 一層 三層
RPPOMLMKQHKFFDQ76DA,21,20.23,見其他登記事項,鋼筋混凝土造,83年8月8日,,
RPVNMLMKQHKFFBQ07DA,40,410.38,工業用,見其他登記事項,64年11月30日,一層,一層
RPVNMLOKQHKFFDQ47DA,37,95.25,住家用,鋼筋混凝土加強磚造,67年7月15日,二層,一層 二層
RPRNMLOKQHKFFDQ07DA,25,174.42,住家用,鋼筋混凝土加強磚造,79年5月3日,二層,一層 二層
RPTNMLLMQHKFFEQ17CA,24,93.44,住家用,鋼筋混凝土造,80年6月25日,三層,一層 二層 三層 騎樓
RPRNMLRJRHKFFDQ27CA,34,161.57,住商用,鋼筋混凝土加強磚造,70年2月11日,三層,三層 一層 騎樓 二層
RPPNMLPKQHKFFBQ66CA,1,214.66,見其他登記事項,鋼筋混凝土造,103年2月24日,三層,一層 二層 三層 見其他登記事項
RPXNMLRKQHKFFCQ77CA,29,166.88,住家用,鋼筋混凝土造,75年10月30日,四層,一層 二層 三層 四層 騎樓 電梯樓梯間
RPPNMLOKQHKFFCQ66CA,36,104.21,住家用,鋼筋混凝土加強磚造,68年6月12日,二層,一層 二層 騎樓 電梯樓梯間
RPTNMLOKQHKFFCQ07CA,34,111.71,住家用,鋼筋混凝土加強磚造,70年12月29日,二層,一層 二層
RPXNMLOKQHKFFDQ57CA,23,175.65,住家用,鋼筋混凝土造,81年8月10日,四層,一層 二層 三層 四層
RPPNMLRKQHKFFDQ07CA,12,205.39,住商用,鋼筋混凝土造,92年3月12日,四層,一層 二層 三層 四層
RPPNMLOKQHKFFDQ76CA,38,86.52,住家用,加強磚造,66年7月15日,二層,一層 二層
RPUOMLNKQHKFFDQ27CA,10,15.37,見其他登記事項,鋼筋混凝土造,94年8月15日,五層,三層
RPQNMLOKQHKFFBQ76DA,19,117.24,農舍,鋼筋混凝土加強磚造,85年8月27日,三層,一層 二層 三層
RPPNMLRLQHKFFDQ17CA,9,154.30,見其他登記事項,鋼筋混凝土造,95年12月11日,三層,一層 二層 三層
RPTNMLTKQHKFFEQ97EA,22,228.52,住家用,鋼筋混凝土造,82年7月16日,三層,一層 二層 三層
RPPNMLPKQHKFFCQ76CA,32,73.96,住家用,磚造,73年1月10日,二層,一層 二層
RPPNMLSKQHKFFBQ96CA,24,230.68,住家用,鋼筋混凝土加強磚造,80年10月22日,四層,一層 二層 三層 四層
RPSNMLSKQHKFFBQ27CA,24,230.68,住家用,鋼筋混凝土加強磚造,80年10月22日,四層,一層 二層 三層 四層
RPXNMLSKQHKFFCQ87CA,34,64.68,住家用,磚造,70年10月17日,一層,一層
RPTNMLSKQHKFFBQ37CA,24,236.34,住家用,鋼筋混凝土加強磚造,80年10月22日,四層,一層 二層 三層 四層
RPVOMLNJRHKFFCQ27CA,1,251.01,見其他登記事項,鋼筋混凝土造,103年8月6日,四層,一層 二層 三層 四層 見其他登記事項
RPTNMLSKQHKFFDQ57CA,1,129.25,住家用,鋼筋混凝土造,103年10月6日,三層,一層 二層 三層
RPTNMLMLKIKFFCQ09CA,,188.09,住家用,鋼筋混凝土造,104年6月1日,四層,一層 二層 三層 四層
RPPNMLSKQHKFFDQ27DA,4,163.37,見其他登記事項,鋼筋混凝土造,100年9月15日,三層,一層 二層 三層 見其他登記事項
RPPNMLMLQHKFFCQ66DA,36,112.24,住商用,鋼筋混凝土加強磚造,68年9月24日,二層,一層 二層 電梯樓梯間 夾層
RPUNMLLLQHKFFDQ07CA,,156.33,見其他登記事項,鋼筋混凝土造,104年6月25日,三層,一層 二層 三層
RPWNMLOLQHKFFCQ47CA,26,130.25,住家用,鋼筋混凝土加強磚造,78年5月11日,二層,一層 電梯樓梯間 二層
RPTNMLLMQHKFFCQ96CA,18,166.91,農舍,鋼筋混凝土加強磚造,86年12月30日,二層,一層 二層 電梯樓梯間
RPTNMLLMQHKFFCQ96CA,18,166.91,農舍,鋼筋混凝土加強磚造,86年12月30日,二層,一層 二層 電梯樓梯間
RPVNMLLLQHKFFDQ17CA,,176.42,見其他登記事項,鋼筋混凝土造,104年6月25日,三層,一層 二層 三層 見其他登記事項
RPXNMLRJRHKFFCQ77CA,23,146.70,住家用,鋼筋混凝土造,81年3月21日,三層,二層 三層 一層
RPRNMLKLQHKFFCQ76EA,32,88.10,見其他登記事項,鋼筋混凝土造,72年3月12日,五層,三層
RPTOMLLLQHKFFCQ17EA,10,361.93,見其他登記事項,鋼筋混凝土造,95年1月4日,三層,一層 二層 三層 騎樓
RPOPMLLLQHKFFCQ76EA,20,162.26,住家用,鋼筋混凝土造,84年2月17日,三層,一層 二層 三層 電梯樓梯間
RPTNMLLLQHKFFDQ96CA,10,168.00,住家用,鋼筋混凝土造,94年11月29日,四層,一層 二層 三層 四層
RPXNMLLKRHKFFCQ27CA,21,197.74,住家用,鋼筋混凝土造,83年9月5日,四層,一層 二層 三層 四層 電梯樓梯間 夾層
RPVNMLQLQHKFFBQ47CA,6,221.13,住商用,鋼筋混凝土造,98年11月11日,四層,一層 二層 三層 四層
RPVNMLQLQHKFFBQ47CA,6,.88,見其他登記事項,鋼筋混凝土造,98年11月11日,二層,
RPOOMLQLQHKFFBQ86CA,21,139.88,住家用,見其他登記事項,83年5月9日,三層,一層 二層 三層
RPUNMLSLQHKFFDQ77CA,11,154.76,住家用,鋼筋混凝土造,93年6月21日,三層,三層 一層 二層
RPRNMLRKRHKFFDQ47DA,34,95.55,住家用,鋼筋混凝土加強磚造,70年12月30日,二層,一層 二層
RPRNMLSLQHKFFCQ37CA,34,109.77,住家用,鋼筋混凝土加強磚造,70年11月16日,二層,一層 二層 騎樓 電梯樓梯間
RPSNMLOLQHKFFCQ07CA,37,119.63,住家用,加強磚造,68年1月15日,二層,二層 一層
RPUNMLOKRHKFFCQ27CA,36,101.86,住家用,鋼筋混凝土加強磚造,68年11月6日,二層,一層 二層 騎樓
RPPNMLQLQHKFFBQ86CA,29,104.01,住家用,鋼筋混凝土加強磚造,76年2月10日,二層,一層 二層 騎樓
RPPNMLQLQHKFFDQ17DA,12,50.08,見其他登記事項,見其他登記事項,92年4月7日,一層,
RPPNMLOLQHKFFCQ96EA,39,136.80,住家用,鋼筋混凝土加強磚造,65年2月20日,二層,一層 二層 騎樓
RPPNMLKKRHKFFDQ09CA,35,121.13,住家用,見其他登記事項,69年6月30日,二層,一層 二層
RPTNMLQLQHKFFBQ27CA,21,103.46,住家用,鋼筋混凝土造,83年11月15日,七層,六層
RPWOMLMJRHKFFCQ27CA,21,.81,共有部份,鋼筋混凝土造,83年10月4日,五層,
RPWOMLMJRHKFFCQ27CA,21,48.61,住商用,鋼筋混凝土造,83年10月4日,五層,一層 二層 三層 騎樓
RPWOMLMJRHKFFCQ27CA,21,.81,共有部份,鋼筋混凝土造,83年10月4日,五層,
RPWOMLMJRHKFFCQ27CA,21,48.61,住商用,鋼筋混凝土造,83年10月4日,五層,一層 二層 三層 騎樓
RPWOMLMJRHKFFCQ27CA,21,.81,共有部份,鋼筋混凝土造,83年10月4日,五層,
RPWOMLMJRHKFFCQ27CA,21,48.61,住商用,鋼筋混凝土造,83年10月4日,五層,一層 二層 三層 騎樓
RPSNMLSLQHKFFBQ47DA,,121.37,住商用,鋼筋混凝土加強磚造,68年1月15日,二層,一層 二層
RPSNMLNKRHKFFBQ86CA,,198.95,見其他登記事項,鋼筋混凝土造,104年3月19日,三層,二層 三層 見其他登記事項 一層
RPRNMLNKRHKFFBQ76CA,,202.86,見其他登記事項,鋼筋混凝土造,104年3月19日,三層,一層 二層 三層 見其他登記事項
RPQNMLOKRHKFFBQ76CA,,180.39,見其他登記事項,鋼筋混凝土造,104年4月13日,三層,一層 二層 三層 見其他登記事項
RPWOMLNJRHKFFCQ37CA,35,55.78,住家用,磚造,69年10月5日,一層,一層
RPSOMLNJRHKFFCQ96CA,13,102.61,見其他登記事項,鋼筋混凝土造,91年7月25日,五層,
RPSOMLNJRHKFFCQ96CA,13,33.34,停車空間,鋼筋混凝土造,91年7月25日,五層,
RPSOMLNJRHKFFCQ96CA,13,12.17,見其他登記事項,鋼筋混凝土造,91年7月25日,五層,
RPSOMLNJRHKFFCQ96CA,13,.61,見其他登記事項,鋼筋混凝土造,91年7月25日,五層,
RPSNMLRJRHKFFBQ17CA,2,145.29,見其他登記事項,鋼筋混凝土造,102年7月15日,三層,一層 二層 三層 見其他登記事項
RPQNMLOKRHKFFDQ96CA,16,195.34,住家用,鋼筋混凝土造,88年12月23日,三層,二層 一層 三層
RPSNMLLMQHKFFDQ96CA,22,63.63,見其他登記事項,鋼筋混凝土造,82年10月6日,九層,六層
RPSNMLLMQHKFFDQ96CA,22,8.06,見其他登記事項,鋼筋混凝土造,82年10月6日,九層,
RPSNMLLMQHKFFDQ96CA,22,10.40,見其他登記事項,鋼筋混凝土造,82年10月6日,9,
RPTNMLNJRHKFFCQ96CA,,176.05,見其他登記事項,鋼筋混凝土造,104年5月21日,三層,一層 二層 三層 見其他登記事項
RPUNMLNJRHKFFCQ07CA,,176.86,見其他登記事項,鋼筋混凝土造,104年5月21日,三層,一層 二層 三層 見其他登記事項
RPSNMLNJRHKFFCQ86CA,,203.31,見其他登記事項,鋼筋混凝土造,104年5月21日,三層,一層 二層 三層 見其他登記事項
RPRNMLRLQHKFFBQ17CA,24,236.34,住家用,鋼筋混凝土加強磚造,80年10月22日,四層,一層 二層 三層 四層
RPQNMLSLQHKFFBQ17CA,28,124.11,住家用,鋼筋混凝土加強磚造,76年10月20日,二層,一層 二層 騎樓
RPSNMLLMQHKFFCQ86CA,21,220.90,住商用,鋼筋混凝土造,83年9月16日,四層,一層 騎樓 四層 電梯樓梯間 三層 二層
RPQNMLMKRHKFFCQ66CA,10,691.24,見其他登記事項,鋼筋混凝土造,94年8月31日,四層,一層 二層 三層 四層 見其他登記事項
RPPNMLSLQHKFFCQ17CA,34,102.64,住家用,鋼筋混凝土加強磚造,70年12月29日,二層,一層 二層 電梯樓梯間
RPRNMLLMQHKFFCQ76CA,21,142.36,見其他登記事項,鋼筋混凝土造,83年8月19日,四層,一層 二層 三層 四層
RPRNMLOJRHKFFCQ86CA,,143.06,住家用,鋼筋混凝土造,104年6月1日,三層,一層 二層 三層
RPWNMLNJRHKFFCQ27CA,9,235.08,見其他登記事項,鋼筋混凝土造,95年8月14日,四層,一層 二層 三層 四層
RPTOMLLLRHKFFDQ17CA,18,69.21,見其他登記事項,鋼筋混凝土造,86年7月15日,四層,三層
RPTOMLLLRHKFFDQ17CA,18,5.10,見其他登記事項,鋼筋混凝土造,86年7月15日,四層,
RPVNMLLKRHKFFCQ27EA,35,1610.39,工業用,見其他登記事項,69年11月1日,一層,一層
RPUOMLNJRHKFFDQ27CA,10,15.37,見其他登記事項,鋼筋混凝土造,94年8月15日,五層,五層
RPUOMLNJRHKFFDQ27CA,10,7.54,見其他登記事項,鋼筋混凝土造,94年8月15日,五層,
RPPNMLTLQHKFFDQ37CA,34,107.93,住家用,鋼筋混凝土加強磚造,70年7月31日,二層,二層 騎樓 一層
RPPNMLNJRHKFFEQ76CA,34,61.44,住家用,鋼筋混凝土加強磚造,70年8月19日,一層,一層
RPQNMLLMQHKFFDQ76CA,1,214.58,見其他登記事項,鋼筋混凝土造,103年7月7日,三層,二層 一層 見其他登記事項 三層
RPPNMLRKRHKFFCQ27EA,35,108.95,住家用,鋼筋混凝土加強磚造,69年10月30日,二層,一層 二層 騎樓
RPUNMLLMQHKFFDQ27DA,36,111.66,住家用,鋼筋混凝土加強磚造,68年9月26日,二層,騎樓 二層 一層
RPWNMLNJRHKFFDQ37CA,20,268.49,見其他登記事項,鋼筋混凝土造,84年5月18日,四層,一層 二層 三層 四層 地下層
RPUNMLLJRHKFFDQ96CA,18,9.31,見其他登記事項,鋼筋混凝土造,86年6月23日,七層,
RPUNMLLJRHKFFDQ96CA,18,65.91,見其他登記事項,鋼筋混凝土造,86年6月23日,六層,六層
RPUNMLLJRHKFFDQ96CA,18,9.92,見其他登記事項,鋼筋混凝土造,86年6月23日,七層,
RPXOMLMJRHKFFCQ37CA,35,126.59,住家用,鋼筋混凝土加強磚造,69年5月2日,二層,一層 二層 騎樓 電梯樓梯間
RPPNMLMKRHKFFDQ66CA,35,83.68,住家用,鋼筋混凝土加強磚造,69年8月1日,二層,一層 二層
RPVNMLLKRHKFFEQ27CA,22,119.50,住家用,鋼筋混凝土造,82年4月1日,十八層,五層
RPVNMLLKRHKFFEQ27CA,22,5.61,見其他登記事項,鋼筋混凝土造,82年4月1日,,
RPVNMLLKRHKFFEQ27CA,22,19.81,見其他登記事項,鋼筋混凝土造,82年4月1日,十八層,
RPPNMLRJRHKFFBQ86CA,16,140.27,住家用,鋼筋混凝土造,88年6月21日,三層,一層 二層 三層
RPPNMLNLRHKFFCQ76CA,9,210.02,住家用,鋼筋混凝土造,95年9月19日,三層,一層 二層 三層 電梯樓梯間
RPTNMLMJRHKFFDQ07DA,20,185.11,住家用,鋼筋混凝土造,84年9月18日,三層,一層 二層 三層 地下層
RPRNMLLKRHKFFBQ56CA,1,294.25,見其他登記事項,鋼筋混凝土造,103年10月24日,三層,一層 二層 三層
RPRNMLLKRHKFFBQ56CA,1,1.00,見其他登記事項,鋼筋混凝土造,104年1月6日,一層,
RPQNMLLKRHKFFCQ56CA,21,173.98,住家用,鋼筋混凝土造,83年9月13日,四層,一層 二層 三層 四層
RPVNMLNJRHKFFCQ17CA,,187.23,見其他登記事項,鋼筋混凝土造,104年5月21日,三層,一層 二層 三層 見其他登記事項
RPRNMLSJRHKFFCQ27CA,,143.06,住家用,鋼筋混凝土造,104年6月1日,三層,三層 二層 一層
RPQNMLOJRHKFFCQ76CA,21,257.17,住家用,鋼筋混凝土造,83年10月28日,三層,一層 二層 三層 電梯樓梯間
RPSOMLLLRHKFFDQ27EA,22,178.56,住家用,鋼筋混凝土造,82年10月4日,四層,一層 二層 四層 三層
RPQNMLNLRHKFFBQ76CA,,294.25,見其他登記事項,鋼筋混凝土造,104年7月20日,三層,二層 三層 一層
RPQNMLNLRHKFFBQ76CA,1,1.00,見其他登記事項,鋼筋混凝土造,104年1月6日,一層,
RPVNMLRJRHKFFCQ57CA,22,214.10,見其他登記事項,鋼筋混凝土造,82年4月19日,三層,一層 地下層 二層 三層 電梯樓梯間 水箱
RPUNMLOKRHKFFBQ17CA,,186.36,見其他登記事項,鋼筋混凝土造,104年4月13日,三層,一層 二層 三層 見其他登記事項
RPQNMLRJRHKFFEQ27CA,34,66.18,住家用,磚造,70年10月8日,一層,一層
RPVNMLLKRHKFFDQ27DA,21,166.50,住家用,鋼筋混凝土造,83年3月3日,三層,一層 二層 三層
RPRNMLSJRHKFFDQ37CA,36,87.08,住家用,鋼筋混凝土加強磚造,68年10月1日,二層,一層 二層
RPOOMLOKRHKFFDQ86CA,34,62.49,住家用,鋼筋混凝土加強磚造,70年6月5日,一層,一層
RPPNMLMKRHKFFCQ56CA,39,95.00,住家用,鋼筋混凝土加強磚造,66年1月15日,二層,一層 二層 騎樓
RPQNMLSKRHKFFDQ47DA,20,180.46,住家用,鋼筋混凝土造,84年11月8日,三層,一層 二層 三層
RPRNMLQKRHKFFDQ37DA,38,93.76,住商用,鋼筋混凝土加強磚造,66年11月8日,二層,一層 二層
RPVNMLTJRHKFFCQ77CA,20,17.53,住家用,鋼筋混凝土造,84年8月15日,五層,四層
RPVNMLTJRHKFFCQ77CA,20,6.81,共有部份,鋼筋混凝土造,84年8月15日,五層,
RPVNMLQKRHKFFCQ57CA,1,150.99,住家用,鋼筋混凝土造,103年8月15日,三層,一層 二層 三層
RPTNMLLKRHKFFCQ86CA,23,143.30,住商用,鋼筋混凝土造,82年1月19日,三層,一層 二層 三層 電梯樓梯間
RPRNMLNLRHKFFBQ86CA,1,226.54,見其他登記事項,鋼筋混凝土造,103年6月25日,四層,一層 二層 三層 四層 見其他登記事項
RPPNMLPKRHKFFCQ07EA,24,178.81,住家用,鋼筋混凝土加強磚造,80年8月8日,三層,一層 二層 三層 電梯樓梯間
RPQOMLPKRHKFFCQ07CA,21,92.92,見其他登記事項,鋼筋混凝土造,83年8月8日,十一層,十層
RPQOMLPKRHKFFCQ07CA,21,15.71,共有部份,鋼筋混凝土造,83年8月8日,十一層,
RPQOMLPKRHKFFCQ07CA,21,19.30,共有部份,鋼筋混凝土造,83年8月8日,十一層,
RPVNMLOKRHKFFBQ27CA,,180.06,見其他登記事項,鋼筋混凝土造,104年4月13日,三層,一層 二層 三層 見其他登記事項
RPQNMLSJRHKFFBQ07CA,10,16.65,住家用,鋼筋混凝土造,94年10月3日,十層,
RPRNMLSJRHKFFBQ17CA,19,162.81,住家用,鋼筋混凝土加強磚造,85年3月14日,三層,一層 二層 三層
RPPNMLSJRHKFFBQ96CA,34,115.88,住商用,鋼筋混凝土加強磚造,70年12月15日,二層,
RPRNMLKKRHKFFEQ76CA,30,184.95,見其他登記事項,鋼筋混凝土造,74年10月29日,三層,一層 二層 三層 屋頂突出物
RPVNMLSKRHKFFEQ97CA,41,82.40,住家用,木造,63年6月3日,二層,一層 二層
RPTNMLTJRHKFFCQ57CA,23,133.24,住家用,鋼筋混凝土造,81年3月21日,三層,一層 二層 三層
RPUNMLTJRHKFFCQ67CA,28,206.08,見其他登記事項,鋼筋混凝土造,76年8月18日,五層,一層 二層 三層 四層 五層 騎樓
RPSNMLKMRHKFFBQ76CA,36,149.52,住商用,鋼筋混凝土加強磚造,68年5月22日,三層,一層 二層 三層
RPPNMLKKRHKFFCQ98CA,,145.91,住家用,鋼筋混凝土造,104年6月1日,三層,一層 二層 三層
RPTNMLNKRHKFFBQ96CA,,222.95,見其他登記事項,鋼筋混凝土造,104年3月19日,三層,一層 二層 三層 見其他登記事項
RPPNMLLKRHKFFEQ86EA,4,136.46,住家用,鋼筋混凝土造,100年4月7日,三層,一層 二層 三層
RPQOMLSKRHKFFCQ37CA,20,88.13,見其他登記事項,鋼筋混凝土造,84年11月28日,五層,四層
RPQOMLSKRHKFFCQ37CA,20,17.89,共有部分,鋼筋混凝土造,84年11月28日,五層,
RPSNMLMJIIKFFDQ68CA,,165.70,見其他登記事項,鋼筋混凝土造,104年3月24日,三層,一層 二層 三層 見其他登記事項
RPPOMLLKRHKFFBQ09CA,34,188.10,住商用,鋼筋混凝土加強磚造,70年10月8日,四層,一層 二層 三層 四層 騎樓
RPQNMLLKRHKFFDQ66CA,17,141.22,住家用,見其他登記事項,87年12月14日,二層,一層 二層
RPSNMLLKRHKFFDQ86CA,34,89.98,住商用,鋼筋混凝土加強磚造,70年10月17日,二層,一層 二層 騎樓
RPTNMLRJIIKFFBQ09CA,12,39.18,住家用,加強磚造,92年7月8日,一層,一層
RPTNMLRJIIKFFBQ09CA,12,39.18,住家用,加強磚造,92年7月8日,一層,一層
RPSNMLRJIIKFFBQ98CA,12,39.18,住家用,加強磚造,92年7月8日,一層,一層
RPSNMLRJIIKFFBQ98CA,12,39.18,住家用,加強磚造,92年7月8日,一層,一層
RPUNMLOKRHKFFDQ37CA,30,85.38,住家用,鋼筋混凝土加強磚造,74年4月20日,二層,一層 二層
RPQNMLMJIIKFFDQ58DA,37,95.63,住家用,鋼筋混凝土加強磚造,67年3月15日,二層,一層 二層 騎樓
RPPNMLMJIIKFFDQ48DA,34,112.80,住商用,鋼筋混凝土加強磚造,70年5月1日,二層,一層 二層 騎樓
RPTNMLSKRHKFFBQ47CA,21,96.71,住家用,鋼筋混凝土造,83年9月10日,十三層,九層
RPTNMLSKRHKFFBQ47CA,21,14.46,見其他登記事項,鋼筋混凝土造,83年9月10日,十三層,
RPTNMLSKRHKFFBQ47CA,21,27.99,見其他登記事項,鋼筋混凝土造,83年9月10日,十三層,
RPSNMLPKRHKFFCQ17CA,34,112.86,住家用,鋼筋混凝土加強磚造,70年12月26日,二層,一層 二層 電梯樓梯間
RPTNMLPKRHKFFCQ27CA,21,92.92,見其他登記事項,鋼筋混凝土造,83年8月8日,十一層,八層
RPTNMLPKRHKFFCQ27CA,21,15.71,共有部份,鋼筋混凝土造,83年8月8日,十一層,
RPTNMLPKRHKFFCQ27CA,21,19.30,共有部份,鋼筋混凝土造,83年8月8日,十一層,
RPPNMLQKRHKFFCQ96CA,22,184.60,住家用,見其他登記事項,83年1月7日,三層,一層 二層 三層 電梯樓梯間
RPPOMLSKRHKFFCQ27CA,19,139.92,住家用,鋼筋混凝土造,85年6月21日,三層,二層 三層 一層
RPSNMLMJIIKFFCQ58CA,38,91.20,住家用,鋼筋混凝土加強磚造,66年10月15日,二層,一層 二層 騎樓
RPRNMLOKRHKFFBQ86CA,34,118.67,住家用,鋼筋混凝土加強磚造,70年12月7日,二層,
RPXNMLOKRHKFFDQ77DA,34,157.91,住家用,鋼筋混凝土加強磚造,70年6月20日,二層,二層 一層
RPUNMLMJIIKFFDQ88CA,,190.72,見其他登記事項,鋼筋混凝土造,104年3月20日,三層,一層 二層 三層 見其他登記事項
RPSNMLNLRHKFFBQ96CA,1,294.25,見其他登記事項,鋼筋混凝土造,103年10月24日,三層,一層 二層 三層
RPSNMLNLRHKFFBQ96CA,1,1.00,見其他登記事項,鋼筋混凝土造,104年1月6日,一層,
RPXNMLPKRHKFFDQ77CA,35,99.64,住商用,鋼筋混凝土加強磚造,69年12月27日,二層,一層 二層
RPPNMLRKRHKFFDQ27DA,20,173.15,住家用,鋼筋混凝土加強磚造,85年1月13日,二層,一層 二層
RPPNMLQKRHKFFBQ86CA,22,92.80,住家用,鋼筋混凝土造,82年7月12日,七層,一層
RPQNMLSKRHKFFBQ17CA,7,238.91,見其他登記事項,鋼筋混凝土造,97年4月8日,四層,四層 地下一層 一層 二層 三層
RPRNMLPKRHKFFBQ96CA,34,56.40,住家用,鋼筋混凝土加強磚造,70年5月15日,二層,一層 二層
RPSPMLLLRHKFFBQ96CA,11,21.28,住家用,鋼筋混凝土造,94年1月3日,五層,
RPSPMLLLRHKFFBQ96CA,11,2.15,見其他登記事項,鋼筋混凝土造,94年1月3日,五層,
RPSPMLLLRHKFFBQ96CA,11,3.27,見其他登記事項,鋼筋混凝土造,94年1月3日,五層,
RPQNMLRKRHKFFCQ17CA,20,67.57,見其他登記事項,鋼筋混凝土造,84年5月29日,四層,二層
RPQNMLTJIIKFFDQ56CA,36,156.18,見其他登記事項,鋼筋混凝土加強磚造,69年1月9日,一層,一層 地下層
RPQNMLTJIIKFFDQ56CA,36,21.00,見其他登記事項,鋼筋混凝土加強磚造,69年1月9日,一層,一層
RPQNMLTJIIKFFDQ56CA,36,18.32,見其他登記事項,鋼筋混凝土加強磚造,69年1月9日,一層,一層
RPQNMLTJIIKFFDQ56CA,26,170.80,見其他登記事項,鋼筋混凝土加強磚造,78年5月15日,二層,一層 二層
RPVNMLRKRHKFFCQ67CA,32,76.65,見其他登記事項,鋼筋混凝土造,72年3月12日,五層,二層
RPVNMLRKRHKFFCQ67CA,32,7.87,共有部份,鋼筋混凝土造,72年3月12日,五層,
SPVNMLRKRHKFFCQ77CA,32,.31,見其他登記事項,鋼筋混凝土造,72年3月12日,五層,
SPVNMLRKRHKFFCQ77CA,32,7.86,共有部份,鋼筋混凝土造,72年3月12日,五層,
RPTNMLKMRHKFFCQ96CA,33,130.19,住家用,鋼筋混凝土加強磚造,71年9月30日,二層,一層 二層 電梯樓梯間
RPQNMLQKIIKFFCQ88CA,,219.57,見其他登記事項,鋼筋混凝土造,104年7月3日,四層,一層 二層 三層 四層
RPRNMLMKIIKFFBQ48CA,,202.86,見其他登記事項,鋼筋混凝土造,104年3月19日,三層,一層 二層 三層 見其他登記事項
RPSNMLMKIIKFFBQ58CA,,199.06,見其他登記事項,鋼筋混凝土造,104年3月19日,三層,一層 二層 三層 見其他登記事項
RPXNMLQKIIKFFCQ96CA,,233.49,見其他登記事項,鋼筋混凝土造,104年7月3日,四層,一層 二層 三層 四層
RPTNMLQKIIKFFCQ56CA,,222.76,見其他登記事項,鋼筋混凝土造,104年7月3日,四層,一層 二層 三層 四層
RPPOMLQKIIKFFCQ88CA,,248.73,見其他登記事項,鋼筋混凝土造,104年7月3日,四層,一層 二層 三層 四層
RPWNMLQKIIKFFCQ86CA,,222.76,見其他登記事項,鋼筋混凝土造,104年7月3日,四層,一層 二層 三層 四層
RPUNMLQKIIKFFCQ66CA,,222.40,見其他登記事項,鋼筋混凝土造,104年7月3日,四層,一層 二層 三層 四層
RPVNMLQKIIKFFCQ76CA,,222.76,見其他登記事項,鋼筋混凝土造,104年7月3日,四層,一層 二層 三層 四層
RPOOMLQKIIKFFCQ78CA,,256.98,住家用,鋼筋混凝土造,104年7月3日,四層,一層 二層 三層 四層
RPSNMLRKRHKFFCQ37CA,1,385.13,住家用,鋼筋混凝土造,104年2月1日,四層,一層 二層 三層 四層
RPTNMLNLRHKFFBQ07CA,6,224.13,住商用,鋼筋混凝土造,98年11月11日,四層,一層 二層 三層 四層
RPTNMLNLRHKFFBQ07CA,6,.88,見其他登記事項,鋼筋混凝土造,98年11月11日,二層,
RPOOMLSKRHKFFCQ27DA,35,106.50,住家用,鋼筋混凝土加強磚造,70年2月10日,二層,一層 二層 電梯樓梯間
RPQNMLLJIIKFFCQ28CA,32,81.62,住家用,鋼筋混凝土加強磚造,72年9月15日,二層,
RPUNMLSKRHKFFCQ67CA,34,128.64,住家用,鋼筋混凝土加強磚造,70年5月16日,二層,一層 二層 電梯樓梯間
RPWNMLLLRHKFFBQ17CA,21,133.50,住家用,鋼筋混凝土造,83年7月18日,三層,一層 二層 三層
RPPNMLTLRHKFFDQ47CA,35,99.24,住家用,鋼筋混凝土加強磚造,69年6月1日,二層,一層 二層
RPVNMLKMRHKFFDQ27CA,35,106.52,住家用,鋼筋混凝土加強磚造,69年8月15日,二層,一層 二層 騎樓
RPTNMLSKRHKFFDQ67CA,22,32.58,見其他登記事項,鋼筋混凝土造,82年10月6日,九層,四層
RPTNMLSKRHKFFDQ67CA,22,1.95,見其他登記事項,鋼筋混凝土造,82年10月6日,九層,
RPTNMLSKRHKFFDQ67CA,22,4.98,見其他登記事項,鋼筋混凝土造,82年10月6日,9,
RPTNMLSKRHKFFDQ67CA,22,8.94,見其他登記事項,鋼筋混凝土造,82年10月6日,九層,
RPSNMLSKRHKFFDQ57CA,10,16.15,見其他登記事項,鋼筋混凝土造,94年8月15日,五層,五層
RPSNMLSKRHKFFDQ57CA,10,7.19,見其他登記事項,鋼筋混凝土造,94年8月15日,五層,
RPQNMLOLRHKFFDQ17DA,41,48.64,住家用,磚造,63年11月18日,一層,一層 騎樓
RPQNMLNLRHKFFCQ86CA,34,104.11,住家用,鋼筋混凝土加強磚造,70年3月20日,二層,一層 二層 電梯樓梯間
RPVNMLLLRHKFFBQ17DA,22,188.88,住商用,見其他登記事項,82年12月29日,三層,一層 二層 三層 騎樓
RPPNMLMLRHKFFEQ86CA,19,193.09,見其他登記事項,鋼筋混凝土造,85年9月2日,四層,一層 二層 三層 四層
RPSNMLMLRHKFFCQ17EA,25,214.59,住家用,鋼筋混凝土造,79年4月6日,四層,三層 一層 二層 夾層 四層
RPPNMLPKIIKFFCQ68CA,,198.59,見其他登記事項,鋼筋混凝土造,104年4月7日,三層,一層 二層 三層 見其他登記事項
RPOOMLNLRHKFFCQ86DA,37,101.14,見其他登記事項,見其他登記事項,67年12月12日,一層,一層 地下層
RPOOMLNLRHKFFCQ86DA,37,679.69,工業用,見其他登記事項,67年12月12日,一層,一層
RPPNMLNLRHKFFDQ07EA,28,90.86,住家用,鋼筋混凝土加強磚造,76年2月27日,二層,一層 二層
RPPNMLNJIIKFFDQ48CA,28,211.98,住商用,鋼筋混凝土造,77年1月8日,三層,一層 二層 三層 騎樓
RPRNMLKLIIKFFCQ48CA,12,186.68,住家用,鋼筋混凝土造,93年1月16日,三層,一層 二層 三層
RPUNMLPKIIKFFDQ66CA,,187.66,住家用,見其他登記事項,104年7月31日,三層,一層 二層 三層 見其他登記事項
RPTNMLPKIIKFFDQ56CA,,185.38,住家用,見其他登記事項,104年7月31日,三層,一層 二層 三層 見其他登記事項
RPPNMLSLRHKFFCQ27CA,2,227.12,住家用,鋼筋混凝土造,102年7月16日,三層,一層 二層 三層
RPQOMLKMRHKFFDQ86CA,34,101.72,住商用,鋼筋混凝土加強磚造,70年10月21日,二層,一層 二層 騎樓
RPQNMLLJIIKFFDQ38CA,10,16.15,見其他登記事項,鋼筋混凝土造,94年8月15日,五層,二層
RPQNMLLJIIKFFDQ38CA,10,7.19,見其他登記事項,鋼筋混凝土造,94年8月15日,五層,
RPQNMLSLRHKFFCQ37CA,1,200.89,住家用,鋼筋混凝土造,103年6月20日,四層,一層 二層 三層 四層
RPUNMLTKIIKFFDQ07CA,11,156.90,住家用,鋼筋混凝土造,94年1月27日,三層,一層 二層 三層
RPRNMLOLRHKFFBQ96CA,35,124.06,住商用,鋼筋混凝土加強磚造,69年4月12日,二層,一層 二層 騎樓
RPQNMLRJIIKFFCQ88CA,34,120.89,住家用,鋼筋混凝土加強磚造,71年2月22日,二層,一層 二層 電梯樓梯間
RPRNMLRJIIKFFCQ98CA,34,120.89,住家用,鋼筋混凝土加強磚造,71年2月22日,二層,一層 二層 電梯樓梯間
RPRNMLMJIIKFFDQ68DA,23,145.30,住家用,鋼筋混凝土造,81年11月26日,三層,一層 二層 三層
RPXNMLPJIIKFFDQ96DA,11,177.55,見其他登記事項,鋼筋混凝土造,93年11月18日,三層,一層 二層 三層
RPPNMLOLRHKFFBQ76CA,7,119.45,見其他登記事項,鋼筋混凝土造,97年4月8日,四層,一層 二層 三層 四層 地下一層
RPPNMLOLRHKFFBQ76CA,7,1.95,見其他登記事項,鋼筋混凝土造,97年4月8日,三層,
RPPNMLOLRHKFFBQ76CA,7,12.17,停車空間,鋼筋混凝土造,97年4月8日,四層,
RPPNMLOLRHKFFBQ76CA,7,119.45,見其他登記事項,鋼筋混凝土造,97年4月8日,四層,一層 二層 三層 四層 地下一層
RPPNMLOLRHKFFBQ76CA,7,1.95,見其他登記事項,鋼筋混凝土造,97年4月8日,三層,
RPPNMLOLRHKFFBQ76CA,7,12.17,停車空間,鋼筋混凝土造,97年4月8日,四層,
RPUNMLNKIIKFFDQ09CA,22,194.12,住商用,鋼筋混凝土造,82年12月30日,四層,一層 二層 三層 四層
RPPNMLMJIIKFFCQ48EA,35,173.87,住商用,見其他登記事項,69年5月27日,二層,一層 二層 騎樓 電梯樓梯間
RPQNMLLKIIKFFDQ48CA,33,95.16,住商用,鋼筋混凝土加強磚造,71年7月9日,二層,一層 二層
RPPNMLQKIIKFFCQ78CA,3,328.38,見其他登記事項,鋼筋混凝土造,101年11月8日,三層,一層 二層 三層
RPQNMLKMRHKFFBQ56CA,21,202.83,住家用,鋼筋混凝土加強磚造,83年6月1日,二層,一層 二層 屋頂突出物
RPPNMLKMRHKFFBQ09CA,31,183.72,住商用,鋼筋混凝土加強磚造,73年4月26日,三層,一層 二層 三層 騎樓
RPUNMLSJIIKFFCQ76CA,22,202.43,見其他登記事項,鋼筋混凝土造,82年4月19日,三層,一層 二層 三層 水箱 電梯樓梯間 地下一層
RPPNMLLKIIKFFDQ38CA,5,167.93,見其他登記事項,鋼筋混凝土造,99年1月27日,三層,一層 二層 三層 見其他登記事項
RPVNMLPKIIKFFDQ76CA,,181.80,住家用,見其他登記事項,104年7月31日,三層,一層 二層 三層 見其他登記事項
RPPNMLLJIIKFFDQ38DA,34,116.82,住家用,鋼筋混凝土加強磚造,70年12月18日,二層,一層 二層
RPPNMLNJIIKFFEQ58CA,37,84.36,住家用,鋼筋混凝土加強磚造,67年12月22日,二層,一層 二層 騎樓 電梯樓梯間
RPPOMLRJIIKFFDQ98CA,12,15.89,見其他登記事項,鋼筋混凝土造,92年5月5日,五層,二層
RPPOMLRJIIKFFDQ98CA,12,2.79,見其他登記事項,鋼筋混凝土造,92年5月5日,五層,
RPUNMLRJIIKFFCQ66CA,35,101.22,住商用,鋼筋混凝土加強磚造,69年6月19日,二層,一層 二層
RPRNMLLJIIKFFCQ38CA,25,217.37,住家用,鋼筋混凝土加強磚造,79年12月27日,三層,一層 二層 三層 騎樓 電梯樓梯間
RPUNMLSJIIKFFDQ86CA,21,394.74,住家用,鋼筋混凝土造,83年11月22日,四層,一層 二層 三層 四層 騎樓
RPPNMLPJIIKFFCQ58CA,23,92.85,見其他登記事項,鋼筋混凝土造,82年2月17日,五層,二層
RPWNMLPKIIKFFBQ66CA,,432.50,見其他登記事項,鋼筋混凝土造,104年7月20日,三層,一層 二層 三層
RPWNMLPKIIKFFBQ66CA,1,1.00,見其他登記事項,鋼筋混凝土造,104年1月6日,一層,
RPRNMLPKIIKFFBQ78CA,1,226.54,見其他登記事項,鋼筋混凝土造,103年6月25日,四層,一層 二層 三層 四層 見其他登記事項
RPSNMLRJIIKFFEQ66CA,34,82.92,住家用,鋼筋混凝土加強磚造,70年12月14日,二層,一層 二層 騎樓
RPSNMLQJIIKFFCQ98CA,36,104.21,住家用,鋼筋混凝土加強磚造,68年6月30日,二層,一層 二層 騎樓 電梯樓梯間
RPTNMLQJIIKFFCQ09CA,2,211.41,見其他登記事項,鋼筋混凝土造,103年2月24日,三層,一層 二層 三層 見其他登記事項
RPWNMLMKIIKFFCQ09CA,28,104.23,住商用,鋼筋混凝土加強磚造,77年1月21日,二層,一層 二層 騎樓 電梯樓梯間
RPQNMLOLIIKFFCQ78CA,1,248.99,住家用,鋼筋混凝土造,103年9月9日,四層,一層 二層 三層 四層
RPPNMLOLIIKFFBQ58CA,36,99.26,住商用,鋼筋混凝土加強磚造,68年9月14日,二層,一層 二層
RPPNMLOLIIKFFBQ58CA,14,86.94,住家用,鋼筋混凝土加強磚造,90年11月28日,三層,一層 二層 三層
RPPNMLTKIIKFFCQ09CA,22,93.30,住家用,鋼筋混凝土造,82年12月14日,七層,六層
RPRNMLQJIIKFFBQ78CA,,294.25,見其他登記事項,鋼筋混凝土造,104年7月20日,三層,一層 二層 三層
RPRNMLQJIIKFFBQ78CA,1,1.00,見其他登記事項,鋼筋混凝土造,104年1月6日,一層,
RPWNMLMKIIKFFDQ56CA,16,87.78,見其他登記事項,鋼筋混凝土造,88年5月31日,五層,
RPWNMLMKIIKFFDQ56CA,16,10.93,見其他登記事項,鋼筋混凝土造,88年5月31日,五層,
RPWNMLMKIIKFFDQ56CA,16,.80,見其他登記事項,鋼筋混凝土造,88年5月31日,一層,
RPVNMLQJIIKFFCQ86EA,22,168.11,住家用,鋼筋混凝土造,82年5月20日,四層,一層 二層 三層 四層 騎樓
RPQNMLPKIIKFFCQ78CA,21,197.74,住家用,鋼筋混凝土造,83年9月5日,四層,一層 二層 三層 四層 電梯樓梯間 夾層
RPQOMLKLIIKFFCQ48CA,36,119.67,見其他登記事項,加強磚造,68年8月14日,二層,一層 二層 騎樓 電梯樓梯間
RPTNMLPJIIKFFCQ98CA,21,108.30,住家用,鋼筋混凝土造,84年1月23日,三層,一層 二層 三層
RPPNMLRJIIKFFDQ88CA,34,68.65,住家用,磚造,70年7月31日,一層,一層
RPTNMLPKIIKFFBQ98CA,6,224.13,住商用,鋼筋混凝土造,98年11月11日,四層,二層 三層 一層 四層
RPTNMLPKIIKFFBQ98CA,6,.88,見其他登記事項,鋼筋混凝土造,98年11月11日,二層,
RPVNMLRJIIKFFCQ76CA,23,153.69,住商用,見使用執照,81年10月30日,三層,一層 二層 三層 電梯樓梯間
RPPNMLMLIIKFFBQ38CA,9,283.33,住家用,鋼筋混凝土造,95年6月19日,三層,一層 二層 三層
RPQNMLLMIIKFFDQ68CA,3,162.00,集合住宅,鋼筋混凝土造,102年1月18日,三層,一層 二層 三層
RPRNMLPJIIKFFCQ78CA,22,98.64,住家用,鋼筋混凝土造,82年12月14日,七層,一層 二層
RPRNMLPJIIKFFCQ78CA,22,6.31,共有部分,鋼筋混凝土造,82年12月14日,七層,
RPRNMLPJIIKFFCQ78CA,22,5.35,共有部分,鋼筋混凝土造,82年12月14日,七層,
RPSNMLPJIIKFFCQ88CA,15,178.30,住家用,鋼筋混凝土造,89年3月21日,三層,一層 二層 三層 電梯樓梯間
RPQNMLQKIIKFFDQ98CA,34,106.68,住家用,鋼筋混凝土加強磚造,70年12月9日,二層,一層 二層
RPQNMLQJIIKFFBQ68CA,11,18.11,住家用,鋼筋混凝土造,94年1月3日,五層,三層
RPSNMLQJIIKFFBQ88CA,,294.25,見其他登記事項,鋼筋混凝土造,104年7月20日,三層,一層 二層 三層
RPSNMLQJIIKFFBQ88CA,1,1.00,見其他登記事項,鋼筋混凝土造,104年1月6日,一層,
RPSNMLPKIIKFFBQ88CA,6,210.79,住商用,鋼筋混凝土造,98年11月11日,四層,一層 二層 三層 四層
RPSNMLPKIIKFFBQ88CA,6,.82,見其他登記事項,鋼筋混凝土造,98年11月11日,二層,
RPUNMLQJIIKFFCQ56CA,38,122.77,住家用,鋼筋混凝土加強磚造,66年9月1日,二層,一層 二層 騎樓
RPQNMLQJIIKFFCQ78CA,25,168.64,住家用,鋼筋混凝土造,79年11月14日,三層,一層 二層 三層 騎樓 電梯樓梯間
RPRNMLRLIIKFFCQ56CA,48,41.08,住家用,見其他登記事項,57年1月1日,一層,一層 騎樓
RPTNMLPKIIKFFCQ09CA,,205.66,見其他登記事項,鋼筋混凝土造,104年5月21日,三層,一層 二層 三層 見其他登記事項
RPWNMLPKIIKFFCQ76CA,,405.62,住家用,鋼筋混凝土造,104年5月21日,四層,一層 二層 三層 四層
RPUNMLPKIIKFFCQ56CA,,202.95,見其他登記事項,鋼筋混凝土造,104年5月21日,三層,一層 二層 三層 見其他登記事項
RPVNMLPKIIKFFCQ66CA,,203.31,見其他登記事項,鋼筋混凝土造,104年5月21日,三層,一層 二層 三層 見其他登記事項
RPWNMLPKIIKFFDQ86CA,,165.61,住家用,見其他登記事項,104年7月31日,三層,一層 二層 三層 見其他登記事項
RPRNMLNKIIKFFDQ78CA,38,55.58,住家用,鋼筋混凝土加強磚造,67年3月1日,一層,一層
RPTNMLSJIIKFFDQ76CA,17,143.73,住家用,鋼筋混凝土造,87年11月19日,四層,一層 二層 三層 四層
RPRNMLRJIIKFFBQ88CA,1,50.55,見其他登記事項,鋼筋混凝土造,103年8月15日,八層,六層
RPRNMLRJIIKFFBQ88CA,1,44.29,見其他登記事項,鋼筋混凝土造,103年8月15日,八層,
RPTNMLRJIIKFFDQ66CA,28,178.14,見其他登記事項,鋼筋混凝土造,76年9月6日,三層,一層 二層 三層
RPVNMLSJIIKFFDQ96CA,20,196.01,住家用,鋼筋混凝土造,84年12月22日,三層,一層 二層 三層
RPPNMLKKIIKFFEQ38CA,34,81.21,住家用,鋼筋混凝土加強磚造,70年4月21日,二層,一層 二層 電梯樓梯間
RPPOMLOKIIKFFDQ78CA,18,176.40,見其他登記事項,鋼筋混凝土造,86年6月30日,四層,一層 二層 三層 四層
RPTNMLRJIIKFFCQ56CA,11,160.98,住家用,鋼筋混凝土造,93年5月19日,三層,一層 二層 三層
RPPNMLRJIIKFFBQ68CA,32,84.88,住商用,鋼筋混凝土造,72年5月16日,四層,一層 二層 三層 四層
RPPNMLTKIIKFFEQ66CA,35,95.63,住家用,鋼筋混凝土加強磚造,69年10月14日,二層,一層 二層 騎樓
RPROMLPKIIKFFCQ56EA,24,198.51,住家用,鋼筋混凝土造,80年6月7日,四層,一層 二層 三層 四層 地下層
RPROMLPKIIKFFCQ56EA,24,27.04,共有部份,鋼筋混凝土造,80年6月7日,地下層,
RPSNMLNKIIKFFCQ98EA,19,91.78,見其他登記事項,鋼筋混凝土造,85年12月20日,十一層,九層
RPUNMLNKIIKFFCQ98CA,2,276.22,見其他登記事項,鋼筋混凝土造,102年7月22日,三層,一層 二層 三層 見其他登記事項
RPTNMLTKIIKFFEQ27EA,22,37.23,住家用,鋼筋混凝土造,82年4月1日,十八層,五層
RPTNMLTKIIKFFEQ27EA,22,7.34,見其他登記事項,鋼筋混凝土造,82年4月1日,十八層,
RPTNMLTKIIKFFEQ27EA,22,1.75,見其他登記事項,鋼筋混凝土造,82年4月1日,,
RPSNMLMLIIKFFBQ68CA,15,158.39,住家用,鋼筋混凝土造,89年10月20日,四層,一層 二層 三層 四層
RPTNMLMLIIKFFBQ78CA,31,77.00,住商用,鋼筋混凝土加強磚造,73年8月21日,三層,一層 二層 三層
RPPNMLOKIIKFFCQ58CA,32,123.98,住家用,鋼筋混凝土加強磚造,72年4月23日,二層,一層 二層 電梯樓梯間
RPSNMLKLIIKFFDQ78DA,9,338.19,見其他登記事項,鋼筋混凝土造,95年7月18日,四層,一層 二層 三層 四層
RPSNMLKLIIKFFDQ78DA,9,2.08,見其他登記事項,鋼筋混凝土造,95年7月18日,三層,
RPSNMLKLIIKFFDQ78DA,9,.88,見其他登記事項,鋼筋混凝土造,95年7月18日,一層,
RPSNMLKLIIKFFDQ78DA,9,1.53,見其他登記事項,鋼筋混凝土造,95年7月18日,四層,
RPQNMLOKIIKFFDQ88DA,25,148.97,住家用,鋼筋混凝土造,80年2月12日,三層,一層 二層 三層 夾層
RPPNMLLMIIKFFCQ48CA,24,147.65,住家用,鋼筋混凝土造,80年7月19日,三層,一層 二層 三層
RPVNMLPKIIKFFBQ56CA,,294.25,見其他登記事項,鋼筋混凝土造,104年7月20日,三層,一層 二層 三層
RPVNMLPKIIKFFBQ56CA,1,1.00,見其他登記事項,鋼筋混凝土造,104年1月6日,一層,
RPPNMLMJJIKFFCQ38CA,20,165.03,住家用,鋼筋混凝土造,84年8月17日,三層,一層 二層 三層
RPXNMLPKIIKFFBQ76CA,,294.25,見其他登記事項,鋼筋混凝土造,104年7月20日,三層,一層 二層 三層
RPXNMLPKIIKFFBQ76CA,1,1.00,見其他登記事項,鋼筋混凝土造,104年1月6日,一層,
RPWNMLMJJIKFFDQ56CA,20,198.57,住家用,鋼筋混凝土造,84年5月18日,四層,一層 二層 三層 四層
RPUNMLMLIIKFFBQ88CA,38,123.64,住商用,鋼筋混凝土加強磚造,66年11月2日,二層,一層 二層 騎樓
RPVNMLMLIIKFFBQ98CA,16,159.31,住家用,鋼筋混凝土造,88年6月21日,三層,一層 二層 三層
RPRNMLRKIIKFFCQ09CA,1,231.88,見其他登記事項,鋼筋混凝土造,104年2月1日,四層,一層 二層 三層 四層
RPPNMLNKIIKFFBQ38CA,40,89.64,住家用,磚造,64年7月1日,一層,
RPTNMLMJJIKFFDQ88CA,21,136.52,住商用,鋼筋混凝土造,83年5月14日,三層,一層 二層 三層 騎樓
RPTNMLMJJIKFFDQ88CA,21,136.52,住商用,鋼筋混凝土造,83年5月14日,三層,一層 二層 三層 騎樓
RPVNMLOKIIKFFCQ56CA,,203.31,住家用,鋼筋混凝土造,104年8月13日,四層,一層 二層 三層 四層
RPRNMLNKIIKFFBQ58CA,,161.80,住家用,鋼筋混凝土造,104年7月27日,三層,一層 二層 三層
RPRNMLNKIIKFFBQ58CA,,161.80,住家用,鋼筋混凝土造,104年7月27日,三層,一層 二層 三層
RPRNMLQKIIKFFCQ98CA,35,133.61,住家用,鋼筋混凝土加強磚造,70年1月29日,二層,一層 二層 電梯樓梯間
RPTOMLPKIIKFFCQ56CA,17,89.80,見其他登記事項,鋼筋混凝土造,87年4月3日,五層,五層
RPTOMLPKIIKFFCQ56CA,17,21.85,停車空間,鋼筋混凝土造,87年4月3日,五層,
RPTOMLPKIIKFFCQ56CA,17,18.84,共有部份,鋼筋混凝土造,87年4月3日,五層,
RPRNMLOLIIKFFEQ09CA,22,37.23,住家用,鋼筋混凝土造,82年4月1日,十八層,七層
RPRNMLOLIIKFFEQ09CA,22,7.31,見其他登記事項,鋼筋混凝土造,82年4月1日,十八層,
RPRNMLOLIIKFFEQ09CA,22,1.75,見其他登記事項,鋼筋混凝土造,82年4月1日,,
RPPNMLOKIIKFFDQ68CA,24,150.70,住家用,鋼筋混凝土造,80年8月13日,三層,一層 二層 三層
RPPNMLNLIIKFFDQ68CA,31,130.35,住家用,鋼筋混凝土加強磚造,74年2月7日,三層,一層 二層 三層
RPQNMLRKIIKFFEQ56CA,33,171.22,住商用,鋼筋混凝土加強磚造,71年5月29日,三層,一層 二層 三層 騎樓
RPQOMLPKIIKFFCQ88CA,34,146.13,住商用,鋼筋混凝土加強磚造,70年7月25日,三層,一層 二層 三層 騎樓 電梯樓梯間
RPSOMLKLIIKFFCQ68CA,38,91.20,住家用,鋼筋混凝土加強磚造,66年12月30日,二層,一層 二層 騎樓
RPRNMLTLIIKFFDQ86CA,21,175.34,住家用,鋼筋混凝土造,83年6月20日,四層,一層 二層 三層 四層 地下層
RPRNMLTLIIKFFDQ86CA,21,25.84,共有部分,鋼筋混凝土造,83年6月20日,,
RPTNMLMJJIKFFCQ78CA,1,251.01,見其他登記事項,鋼筋混凝土造,103年8月6日,四層,一層 二層 三層 四層 見其他登記事項
RPVNMLSLIIKFFCQ27EA,22,151.98,住家用,鋼筋混凝土造,82年7月8日,三層,一層 二層 三層 電梯樓梯間
RPQNMLOKIIKFFBQ58CA,7,259.64,見其他登記事項,鋼筋混凝土造,97年4月8日,四層,一層 二層 三層 四層 地下一層
RPQNMLOKIIKFFBQ58CA,7,4.08,見其他登記事項,鋼筋混凝土造,97年4月8日,三層,
RPQNMLOKIIKFFBQ58CA,7,25.97,停車空間,鋼筋混凝土造,97年4月8日,四層,
RPPNMLMJJIKFFBQ28CA,9,15.06,住家用,鋼筋混凝土造,95年8月28日,八層,五層
RPPNMLMJJIKFFBQ28CA,9,5.79,共有部份,鋼筋混凝土造,95年8月28日,,
RPPNMLMJJIKFFBQ28CA,9,4.40,共有部份,鋼筋混凝土造,95年8月28日,,
RPPNMLMJJIKFFBQ28CA,9,5.79,共有部份,鋼筋混凝土造,95年8月28日,,
RPPNMLMJJIKFFBQ28CA,9,4.40,共有部份,鋼筋混凝土造,95年8月28日,,
RPPNMLMJJIKFFBQ28CA,9,15.06,住家用,鋼筋混凝土造,95年8月28日,八層,五層
RPUNMLNJJIKFFCQ98CA,20,64.72,見其他登記事項,鋼筋混凝土造,84年5月29日,四層,四層
RPPNMLOLIIKFFCQ68CA,23,83.63,住家用,鋼筋混凝土造,81年11月30日,五層,五層
RPPNMLOLIIKFFCQ68CA,23,8.25,共有部份,鋼筋混凝土造,81年11月30日,地下層,
RPPNMLOLIIKFFCQ68CA,23,6.94,共有部份,鋼筋混凝土造,81年11月30日,五層,
RPPNMLOLIIKFFDQ78CA,15,143.60,住家用,鋼筋混凝土造,89年4月8日,三層,一層 二層 三層
RPXNMLLMIIKFFDQ76CA,34,144.92,住商用,鋼筋混凝土加強磚造,70年2月11日,三層,一層 二層 三層 騎樓
RPSNMLKKJIKFFDQ68CA,20,268.49,見其他登記事項,鋼筋混凝土造,84年5月18日,四層,一層 二層 三層 四層 地下層
RPOOMLOKIIKFFDQ78DA,38,34.14,住家用,鋼筋混凝土加強磚造,67年1月20日,一層,一層
RPXNMLNLIIKFFDQ86CA,16,214.76,住商用,鋼筋混凝土造,88年6月3日,四層,
RPUNMLRLIIKFFDQ96CA,31,579.00,見其他登記事項,鋼造,73年6月6日,一層,
RPUNMLRLIIKFFDQ96CA,31,864.85,見其他登記事項,見其他登記事項,73年6月6日,二層,
RPQNMLKLIIKFFDQ48CA,5,216.58,住商用,鋼筋混凝土造,99年12月28日,四層,一層 二層 三層 四層
RPPNMLQKIIKFFBQ68CA,26,135.10,住家用,鋼筋混凝土加強磚造,79年2月17日,一層,一層
RPRNMLQKIIKFFBQ88CA,29,135.53,住家用,鋼筋混凝土加強磚造,75年5月12日,二層,一層 二層
RPSOMLQKIIKFFCQ76EA,22,192.04,住家用,鋼筋混凝土造,82年1月16日,三層,一層 二層 三層 電梯樓梯間
RPPNMLNJJIKFFBQ38CA,,294.25,見其他登記事項,鋼筋混凝土造,104年7月20日,三層,一層 二層 三層
RPPNMLNJJIKFFBQ38CA,1,1.00,見其他登記事項,鋼筋混凝土造,104年1月6日,一層,
RPUNMLLLIIKFFBQ78CA,21,182.48,住商用,見其他登記事項,83年7月26日,三層,一層 二層 三層 騎樓
RPSNMLKLIIKFFCQ58CA,34,118.44,住家用,鋼筋混凝土加強磚造,70年5月20日,二層,一層 二層 電梯樓梯間
RPRNMLMLIIKFFCQ88EA,35,176.64,住商用,鋼筋混凝土造,70年2月3日,三層,一層 二層 三層 電梯樓梯間
RPQNMLTKIIKFFBQ09CA,22,230.62,住商用,鋼筋混凝土造,82年8月4日,三層,一層 二層 三層
RPRNMLTKIIKFFBQ56CA,50,73.14,住家用,鋼筋混凝土造,54年8月31日,二層,一層 二層
RPQNMLMJJIKFFBQ48DA,33,95.49,住家用,鋼筋混凝土加強磚造,71年3月31日,二層,一層 二層
RPUNMLLMIIKFFCQ98CA,34,94.60,住家用,鋼筋混凝土加強磚造,70年12月17日,二層,一層 二層
RPWNMLTKIIKFFEQ37CA,23,51.58,住家用,鋼筋混凝土造,82年4月1日,十八層,六層
RPWNMLTKIIKFFEQ37CA,23,10.28,見其他登記事項,鋼筋混凝土造,82年4月1日,十八層,
RPWNMLTKIIKFFEQ37CA,23,2.45,見其他登記事項,鋼筋混凝土造,82年4月1日,,
RPPNMLLLIIKFFDQ48CA,36,105.78,住家用,鋼筋混凝土加強磚造,69年1月18日,二層,一層 二層 騎樓
RPTNMLKMIIKFFDQ88CA,22,133.35,住家用,鋼筋混凝土造,83年2月3日,三層,
RPVNMLNJJIKFFDQ56CA,22,179.26,住家用,鋼筋混凝土造,82年5月28日,四層,一層 二層 三層 四層
RPUNMLNJJIKFFDQ09CA,34,103.18,住商用,鋼筋混凝土加強磚造,70年4月9日,二層,一層 二層 騎樓
RPUNMLMJJIKFFDQ98CA,16,161.82,住家用,鋼筋混凝土造,88年5月10日,三層,一層 二層 三層
RPVNMLMLIIKFFDQ56CA,9,205.70,見其他登記事項,鋼筋混凝土造,95年12月5日,四層,一層 二層 三層 四層 地下層 見其他登記事項
RPOOMLNLIIKFFDQ78DA,20,129.41,住家用,鋼筋混凝土造,84年9月21日,三層,
RPXNMLKLIIKFFDQ56CA,21,103.23,見其他登記事項,鋼筋混凝土造,83年8月19日,七層,七層
RPXNMLKLIIKFFDQ56CA,21,21.52,見其他登記事項,鋼筋混凝土造,83年8月19日,七層,
RPXNMLKLIIKFFDQ56CA,21,10.90,見其他登記事項,鋼筋混凝土造,83年8月19日,七層,
RPRNMLRLIIKFFDQ66CA,14,134.77,住家用,鋼筋混凝土造,90年12月24日,三層,一層 二層 三層
RPXNMLRLIIKFFDQ27CA,21,175.41,住家用,鋼筋混凝土造,83年8月11日,三層,一層 二層 三層 地下層
RPROMLKLIIKFFCQ58CA,21,79.35,見其他登記事項,鋼筋混凝土造,83年8月10日,七層,三層
RPROMLKLIIKFFCQ58CA,21,8.81,共有部份,鋼筋混凝土造,83年8月10日,七層,
RPROMLKLIIKFFCQ58CA,21,13.17,共有部份,鋼筋混凝土造,83年8月10日,七層,
RPSNMLNKJIKFFDQ98CA,38,96.00,住家用,鋼筋混凝土加強磚造,66年8月25日,二層,一層 二層
RPRNMLOLIIKFFCQ88CA,8,21.15,見其他登記事項,鋼筋混凝土造,96年6月23日,五層,五層
SPRNMLOLIIKFFCQ98CA,8,22.04,見其他登記事項,鋼筋混凝土造,96年6月23日,五層,五層
RPTNMLMLIIKFFCQ88CA,34,118.25,住家用,鋼筋混凝土加強磚造,70年12月11日,二層,一層 二層 電梯樓梯間
RPPNMLSLIIKFFEQ66CA,,163.98,見其他登記事項,鋼筋混凝土造,104年7月31日,三層,一層 二層 三層
RPQNMLNJJIKFFBQ48CA,,294.25,見其他登記事項,鋼筋混凝土造,104年7月20日,三層,一層 二層 三層
RPQNMLNJJIKFFBQ48CA,1,1.00,見其他登記事項,鋼筋混凝土造,104年1月6日,一層,
RPQNMLSLIIKFFEQ76CA,,164.38,見其他登記事項,鋼筋混凝土造,104年7月31日,三層,一層 二層 三層
RPRNMLMLIIKFFEQ09EA,37,83.92,住家用,鋼筋混凝土加強磚造,68年1月12日,二層,一層 二層
RPQNMLLLIIKFFBQ38CA,20,191.60,住商用,鋼筋混凝土造,84年10月26日,三層,一層 二層 三層
RPRNMLLMIIKFFCQ68CA,25,124.28,住商用,鋼筋混凝土加強磚造,79年6月26日,二層,一層 二層 騎樓 電梯樓梯間
RPROMLPJJIKFFCQ98CA,34,100.08,住商用,鋼筋混凝土加強磚造,70年11月4日,二層,一層 二層 電梯樓梯間
RPTOMLPJJIKFFCQ56CA,15,135.15,住家用,鋼筋混凝土造,89年4月28日,三層,一層 二層 三層
RPSNMLSLIIKFFEQ96CA,,164.38,見其他登記事項,鋼筋混凝土造,104年7月31日,三層,一層 二層 三層
RPRNMLSLIIKFFEQ86CA,,163.98,見其他登記事項,鋼筋混凝土造,104年7月31日,三層,一層 二層 三層
RPQNMLQLIIKFFEQ56CA,23,52.05,住家用,鋼筋混凝土造,82年4月1日,十八層,十七層
RPQNMLQLIIKFFEQ56CA,23,2.45,見其他登記事項,鋼筋混凝土造,82年4月1日,,
RPQNMLQLIIKFFEQ56CA,23,10.16,見其他登記事項,鋼筋混凝土造,82年4月1日,十八層,
RPUNMLSLIIKFFEQ17CA,,165.89,見其他登記事項,鋼筋混凝土造,104年7月31日,三層,一層 二層 三層
RPQNMLNLIIKFFDQ88DA,5,217.47,住商用,鋼筋混凝土造,99年12月28日,四層,一層 二層 三層 四層
RPQNMLLLIIKFFDQ58CA,18,203.89,住家用,鋼筋混凝土造,86年7月22日,四層,一層 二層 三層 四層
RPTNMLSLIIKFFEQ07CA,,165.50,見其他登記事項,鋼筋混凝土造,104年7月31日,三層,一層 二層 三層
RPVOMLMJJIKFFCQ09CA,23,81.47,住家用,鋼筋混凝土造,81年11月30日,五層,二層
RPQNMLMJJIKFFCQ48CA,37,96.00,住商用,鋼筋混凝土加強磚造,68年1月13日,二層,一層 二層 騎樓
RPQNMLNLIIKFFEQ09EA,40,72.50,住家用,見其他登記事項,64年5月15日,二層,一層 二層
RPTNMLNLIIKFFEQ56CA,,72.78,住家用,見其他登記事項,,一層,一層 騎樓
RPQNMLNLIIKFFBQ58CA,11,18.19,住家用,鋼筋混凝土造,94年1月3日,五層,三層
RPXNMLRLIIKFFBQ07CA,,184.96,住家用,鋼筋混凝土造,104年7月17日,四層,一層 二層 三層 四層
RPRNMLQLIIKFFBQ98CA,,422.32,見其他登記事項,鋼筋混凝土造,104年7月20日,三層,一層 二層 三層
RPRNMLQLIIKFFBQ98CA,1,1.00,見其他登記事項,鋼筋混凝土造,104年1月6日,一層,
RPWNMLRLIIKFFBQ96CA,,88.36,住家用,鋼筋混凝土造,104年7月17日,四層,一層 二層 三層 四層
RPVNMLRLIIKFFBQ86CA,,201.00,住家用,鋼筋混凝土造,104年7月17日,四層,一層 二層 三層 四層
RPUNMLRLIIKFFBQ76CA,,184.96,住家用,鋼筋混凝土造,104年7月17日,四層,一層 二層 三層 四層
RPQOMLRLIIKFFBQ09CA,,181.03,住家用,鋼筋混凝土造,104年7月17日,四層,三層 四層 一層 二層
RPRNMLNLIIKFFCQ78CA,24,121.86,住家用,鋼筋混凝土造,81年3月4日,三層,一層 二層 三層 電梯樓梯間
RPPNMLPLIIKFFCQ78CA,24,133.24,住家用,鋼筋混凝土造,81年3月21日,三層,一層 二層 三層
RPRNMLNLIIKFFDQ98DA,36,106.52,住家用,鋼筋混凝土加強磚造,69年1月18日,二層,一層 二層 騎樓
RPRNMLRLIIKFFEQ76CA,,230.65,見其他登記事項,鋼筋混凝土造,104年4月15日,三層,一層 二層 三層 屋頂突出物
RPSNMLRLIIKFFEQ86CA,,230.65,見其他登記事項,鋼筋混凝土造,104年4月15日,三層,一層 二層 三層 屋頂突出物
RPUNMLRKJIKFFCQ86CA,34,97.16,住家用,鋼筋混凝土加強磚造,70年9月23日,二層,一層 二層
RPPNMLQKJIKFFDQ98CA,34,89.63,住商用,鋼筋混凝土加強磚造,70年10月17日,二層,一層 二層 騎樓
RPXNMLPJJIKFFDQ96CA,34,102.40,住家用,鋼筋混凝土加強磚造,70年11月15日,二層,一層 二層
RPSNMLRLIIKFFDQ76CA,20,280.45,見其他登記事項,鋼筋混凝土造,84年5月18日,四層,一層 二層 三層 四層 地下層
RPQNMLTJJIKFFDQ66CA,37,89.65,住家用,鋼筋混凝土加強磚造,67年6月28日,二層,一層 二層
RPSNMLQKJIKFFEQ76CA,20,82.72,住家用,鋼筋混凝土造,84年8月30日,四層,一層 二層 三層 四層
RPSNMLQKJIKFFEQ76CA,20,82.72,住家用,鋼筋混凝土造,84年8月30日,四層,一層 二層 三層 四層
RPTNMLKKJIKFFDQ78CA,31,375.76,住家用,鋼筋混凝土加強磚造,73年4月2日,二層,一層 二層
RPRNMLQLIIKFFCQ66EA,2,187.35,住家用,鋼筋混凝土造,102年7月4日,三層,一層 二層 三層
RPSNMLPKJIKFFCQ09CA,,127.88,,,,,
RPPNMLPKJIKFFCQ78CA,22,134.90,住家用,鋼筋混凝土造,83年1月20日,三層,一層 二層 三層 電梯樓梯間
RPTNMLSLIIKFFBQ76CA,35,73.36,住家用,鋼筋混凝土加強磚造,69年10月23日,二層,一層 二層
RPRNMLSLIIKFFBQ56CA,10,16.18,住家用,鋼筋混凝土造,94年10月3日,十層,二層
RPRNMLSLIIKFFBQ56CA,10,.10,見其他登記事項,鋼筋混凝土造,94年10月3日,十層,
RPRNMLSLIIKFFBQ56CA,10,8.53,見其他登記事項,鋼筋混凝土造,94年10月3日,十層,
RPUNMLPJJIKFFBQ09CA,29,127.61,住商用,鋼筋混凝土加強磚造,75年10月13日,二層,一層 二層 騎樓
RPXNMLKLJIKFFDQ66CA,21,164.57,住家用,鋼筋混凝土造,83年9月15日,三層,一層 二層 三層
RPRNMLNJJIKFFBQ58CA,,420.35,見其他登記事項,鋼筋混凝土造,104年7月20日,三層,一層 二層 三層
RPRNMLNJJIKFFBQ58CA,1,1.00,見其他登記事項,鋼筋混凝土造,104年1月6日,一層,
RPRNMLNKJIKFFBQ68CA,,92.48,住家用,鋼筋混凝土造,104年7月17日,四層,一層 二層 三層 四層
RPRNMLNKJIKFFBQ68CA,,92.48,住家用,鋼筋混凝土造,104年7月17日,四層,一層 二層 三層 四層
RPSNMLLMIIKFFEQ98CA,30,49.00,住家用,加強磚造,75年1月27日,二層,一層 二層
RPTNMLNJJIKFFDQ98CA,44,235.66,見其他登記事項,鋼造,60年12月31日,一層,一層
RPSNMLSLIIKFFBQ66CA,41,90.95,住商用,鋼筋混凝土加強磚造,63年11月20日,二層,一層 二層 騎樓
RPPOMLMJJIKFFCQ48CA,20,162.53,住家用,鋼筋混凝土造,84年5月8日,四層,一層 二層 三層 四層
RPQNMLSLIIKFFBQ09CA,25,119.16,住商用,鋼筋混凝土造,79年10月5日,三層,一層 二層 三層 騎樓
RPRNMLKMIIKFFBQ48CA,11,189.76,住家用,鋼筋混凝土造,94年1月25日,四層,二層 三層 四層 一層
RPTNMLTLIIKFFBQ86CA,,184.88,住家用,鋼筋混凝土造,104年7月17日,四層,四層 一層 二層 三層
RPPNMLRKJIKFFBQ88CA,1,222.84,見其他登記事項,鋼筋混凝土造,104年3月19日,三層,一層 二層 三層 見其他登記事項
RPWNMLPJJIKFFBQ66CA,31,105.35,住家用,鋼筋混凝土加強磚造,74年1月29日,二層,一層 二層
RPUNMLNKJIKFFCQ09CA,35,98.50,住家用,鋼筋混凝土加強磚造,70年3月10日,二層,一層 二層 騎樓 電梯樓梯間
RPOOMLPJJIKFFCQ68CA,6,187.17,見其他登記事項,鋼筋混凝土造,98年11月26日,四層,一層 二層 三層 四層
RPPNMLTKJIKFFBQ09CA,1,238.37,住家用,鋼筋混凝土造,104年3月20日,四層,一層 二層 三層 四層
RPUNMLKLJIKFFDQ98CA,34,130.63,住家用,鋼筋混凝土加強磚造,70年5月27日,二層,一層 二層
RPTNMLTLIIKFFCQ96CA,23,83.63,住家用,鋼筋混凝土造,81年11月30日,五層,三層
RPTNMLTLIIKFFCQ96CA,23,8.46,共有部份,鋼筋混凝土造,81年11月30日,地下層,
RPTNMLTLIIKFFCQ96CA,23,6.94,共有部份,鋼筋混凝土造,81年11月30日,五層,
RPTNMLNKJIKFFEQ56CA,23,38.83,住家用,鋼筋混凝土造,82年4月1日,十八層,十三層
RPTNMLNKJIKFFEQ56CA,23,7.53,見其他登記事項,鋼筋混凝土造,82年4月1日,十八層,
RPTNMLNKJIKFFEQ56CA,23,1.75,見其他登記事項,鋼筋混凝土造,82年4月1日,,
RPPOMLPJJIKFFDQ88CA,36,102.51,住家用,鋼筋混凝土加強磚造,69年1月12日,二層,一層 二層
RPQOMLPJJIKFFDQ98CA,10,16.15,見其他登記事項,鋼筋混凝土造,94年8月15日,五層,三層
RPQOMLPJJIKFFDQ98CA,10,7.92,見其他登記事項,鋼筋混凝土造,94年8月15日,五層,
RPUNMLLMIIKFFDQ09CA,10,169.75,住家用,鋼筋混凝土造,94年11月29日,四層,一層 二層 三層 四層
RPQNMLKKJIKFFCQ48DA,23,86.54,住家用,鋼筋混凝土造,81年11月30日,五層,三層
RPQNMLKKJIKFFCQ48DA,23,8.89,共有部份,鋼筋混凝土造,81年11月30日,地下層,
RPQNMLKKJIKFFCQ48DA,23,6.94,共有部份,鋼筋混凝土造,81年11月30日,五層,
RPPNMLKMIIKFFDQ58DA,21,223.72,住家用,鋼筋混凝土造,84年3月13日,三層,一層 二層 三層
RPTNMLLMIIKFFCQ88CA,,209.33,住家用,鋼筋混凝土造,104年4月24日,四層,一層 二層 三層 四層
RPUOMLMJJIKFFCQ98CA,32,105.51,住家用,鋼筋混凝土加強磚造,72年8月15日,二層,一層 二層 騎樓 電梯樓梯間
RPSNMLLMIIKFFCQ78CA,,198.08,住家用,鋼筋混凝土造,104年4月24日,四層,一層 二層 三層 四層
RPSNMLMJJIKFFCQ68CA,9,182.30,見其他登記事項,鋼筋混凝土造,95年9月5日,四層,一層 二層 三層 四層
RPPNMLLJJIKFFCQ28CA,9,101.94,住家用,鋼筋混凝土造,95年9月19日,三層,一層 二層 三層 電梯樓梯間
RPPNMLLJJIKFFCQ28CA,9,101.94,住家用,鋼筋混凝土造,95年9月19日,三層,一層 二層 三層 電梯樓梯間
RPWNMLNLJIKFFDQ96DA,14,208.98,農舍,見其他登記事項,90年7月2日,一層,一層
RPQNMLMJJIKFFEQ88EA,21,147.60,住家用,鋼筋混凝土造,83年5月20日,三層,一層 二層 三層
RPWNMLMJJIKFFCQ66EA,28,221.47,住家用,鋼筋混凝土造,76年12月2日,三層,一層 二層 三層 騎樓 電梯樓梯間
RPUNMLMJJIKFFCQ09EA,,217.17,商業用,木造,,二層,一層 二層 騎樓
RPSNMLTJJIKFFBQ66CA,1,294.25,見其他登記事項,鋼筋混凝土造,103年10月24日,三層,
RPSNMLTJJIKFFBQ66CA,1,1.00,見其他登記事項,鋼筋混凝土造,104年1月6日,一層,
RPTNMLOLJIKFFCQ56CA,22,210.33,住商用,鋼筋混凝土造,83年1月5日,四層,一層 二層 三層 四層
RPPNMLKKJIKFFBQ18CA,,256.83,住家用,鋼筋混凝土造,104年5月25日,四層,
RPVNMLMJJIKFFCQ09DA,21,370.40,住商用,鋼筋混凝土造,83年6月30日,三層,一層 二層 三層 電梯樓梯間
RPVNMLMJJIKFFCQ09DA,21,8.20,見其他登記事項,鋼筋混凝土造,83年6月30日,一層,
RPUNMLPLJIKFFCQ76CA,34,48.49,住家用,鋼筋混凝土加強磚造,71年3月6日,二層,一層 二層
RPQNMLSKJIKFFEQ76CA,37,273.13,工業用,鋼造,67年10月19日,一層,
RPQNMLSKJIKFFEQ76CA,37,141.45,工業用,鋼造,67年4月13日,一層,
RPQNMLSKJIKFFEQ76CA,37,277.53,商業用,鋼造,67年4月13日,一層,
RPQNMLSKJIKFFEQ76CA,37,8.05,見其他登記事項,鋼造,67年4月13日,一層,
RPQNMLSKJIKFFEQ76CA,37,5.33,見其他登記事項,鋼筋混凝土加強磚造,67年4月13日,一層,
RPQNMLQKJIKFFEQ56CA,,164.38,見其他登記事項,鋼筋混凝土造,104年7月31日,三層,一層 二層 三層
