﻿編號,屋齡,建物移轉面積平方公尺,主要用途,主要建材,建築完成日期,總層數,建物分層
The serial number,room age,building shifting area square meter,the main use,main building materials,construction completes the date,total layer,building lamination
RPWNMLLKQHKFFAW57DA,16,86.93,住家用,鋼筋混凝土造,88年3月10日,五層,三層
RPWNMLLKQHKFFAW57DA,16,9.74,見其他登記事項,鋼筋混凝土造,88年3月10日,五層,
RPUNMLQJQHKFFAW67CA,,63.64,見其他登記事項,鋼筋混凝土造,104年4月29日,三層,一層 地下一層
RPUNMLQJQHKFFAW67CA,,20.30,見其他登記事項,鋼筋混凝土造,104年4月29日,三層,
RPWNMLQJQHKFFAW87CA,,40.70,見其他登記事項,鋼筋混凝土造,104年4月29日,三層,三層
RPWNMLQJQHKFFAW87CA,,12.98,見其他登記事項,鋼筋混凝土造,104年4月29日,三層,
RPTNMLQJQHKFFAW57CA,,56.81,見其他登記事項,鋼筋混凝土造,104年4月29日,三層,三層
RPTNMLQJQHKFFAW57CA,,18.12,見其他登記事項,鋼筋混凝土造,104年4月29日,三層,
RPSNMLQJQHKFFAW47CA,,56.81,見其他登記事項,鋼筋混凝土造,104年4月29日,三層,二層
RPSNMLQJQHKFFAW47CA,,18.12,見其他登記事項,鋼筋混凝土造,104年4月29日,三層,
RPQNMLPJQHKFFAW17CA,1,24.34,見其他登記事項,鋼筋混凝土造,103年10月16日,三層,二層
RPRNMLPJQHKFFAW27CA,20,76.10,住家用,鋼筋混凝土造,84年5月29日,二層,一層
RPQNMLPJQHKFFAW17CA,1,3.74,見其他登記事項,鋼筋混凝土造,103年10月16日,三層,
RPVOMLPJQHKFFAW77CA,,172.57,農舍,鋼筋混凝土造,104年6月12日,二層,一層 二層
RPUPMLPJQHKFFAW87DA,12,198.52,見其他登記事項,鋼筋混凝土造,92年2月26日,三層,三層 一層 二層 屋頂突出物
SPXNMLQJIIKFFAW37CA,,40.70,見其他登記事項,鋼筋混凝土造,104年4月29日,三層,二層
SPXNMLQJIIKFFAW37CA,,12.98,見其他登記事項,鋼筋混凝土造,104年4月29日,三層,
SPXNMLQJIIKFFAW37CA,,39.78,見其他登記事項,鋼筋混凝土造,104年4月29日,三層,
RPXNMLQJIIKFFAW27CA,,45.59,見其他登記事項,鋼筋混凝土造,104年4月29日,三層,二層
RPXNMLQJIIKFFAW27CA,,14.54,見其他登記事項,鋼筋混凝土造,104年4月29日,三層,
RPXNMLQJIIKFFAW27CA,,39.78,見其他登記事項,鋼筋混凝土造,104年4月29日,三層,
RPXNMLQJQHKFFAW97CA,,45.59,見其他登記事項,鋼筋混凝土造,104年4月29日,三層,三層
RPXNMLQJQHKFFAW97CA,,14.54,見其他登記事項,鋼筋混凝土造,104年4月29日,三層,
RPPOMLQJQHKFFAW27CA,,47.77,見其他登記事項,鋼筋混凝土造,104年4月29日,三層,二層
RPPOMLQJQHKFFAW27CA,,15.24,見其他登記事項,鋼筋混凝土造,104年4月29日,三層,
RPPNMLSJIIKFFAW66CA,,71.44,見其他登記事項,鋼筋混凝土造,104年4月29日,三層,一層 地下一層
RPPNMLSJIIKFFAW66CA,,22.78,見其他登記事項,鋼筋混凝土造,104年4月29日,三層,
RPPNMLSJIIKFFAW66CA,,39.78,見其他登記事項,鋼筋混凝土造,104年4月29日,三層,
SPXNMLRJIIKFFAW47CA,,47.77,見其他登記事項,鋼筋混凝土造,104年4月29日,三層,三層
SPXNMLRJIIKFFAW47CA,,15.24,見其他登記事項,鋼筋混凝土造,104年4月29日,三層,
RPXNMLRJIIKFFAW37CA,,74.08,見其他登記事項,鋼筋混凝土造,104年4月29日,三層,一層 地下一層
RPXNMLRJIIKFFAW37CA,,23.63,見其他登記事項,鋼筋混凝土造,104年4月29日,三層,
RPXNMLRJIIKFFAW37CA,,39.78,見其他登記事項,鋼筋混凝土造,104年4月29日,三層,
RPPNMLQJQHKFFAW27DA,,62.60,見其他登記事項,鋼筋混凝土造,104年4月28日,三層,三層
RPPNMLQJQHKFFAW27DA,,5.42,見其他登記事項,鋼筋混凝土造,104年4月28日,三層,
RPPNMLKKQHKFFAW66CA,2,46.15,見其他登記事項,鋼筋混凝土造,102年3月19日,七層,一層
RPPNMLKKQHKFFAW66CA,2,47.10,見其他登記事項,鋼筋混凝土造,102年3月19日,七層,一層
RPPNMLKKQHKFFAW66CA,2,106.26,見其他登記事項,鋼筋混凝土造,102年3月19日,七層,
RPPNMLKKQHKFFAW66CA,2,19.05,見其他登記事項,鋼筋混凝土造,102年3月19日,七層,
RPRNMLOKPHKFFAW47CD,28,160.50,住家用,鋼筋混凝土造,76年10月14日,三層,一層 二層 三層
RPTNMLRJQHKFFAW67CA,,69.27,見其他登記事項,鋼筋混凝土造,104年4月30日,三層,二層
RPTNMLRJQHKFFAW67CA,,6.02,見其他登記事項,鋼筋混凝土造,104年4月30日,三層,
RPUNMLKKQHKFFAW27DA,1,189.00,住家用,鋼筋混凝土造,103年5月8日,三層,一層 見其他登記事項 二層 三層
RPUNMLLKQHKFFAW27CA,,58.73,見其他登記事項,鋼筋混凝土造,104年5月28日,三層,一層
RPUNMLLKQHKFFAW27CA,,7.28,見其他登記事項,鋼筋混凝土造,104年5月28日,三層,
RPSNMLLKQHKFFAW07CA,,60.49,見其他登記事項,鋼筋混凝土造,104年5月28日,三層,二層
RPSNMLLKQHKFFAW07CA,,7.53,見其他登記事項,鋼筋混凝土造,104年5月28日,三層,
RPQNMLLKQHKFFAW86CA,,60.49,見其他登記事項,鋼筋混凝土造,104年5月28日,三層,三層
RPQNMLLKQHKFFAW86CA,,7.53,見其他登記事項,鋼筋混凝土造,104年5月28日,三層,
RPVNMLPLQHKFFAW97DA,,217.68,見其他登記事項,鋼筋混凝土造,104年4月27日,五層,一層 二層
RPVNMLPLQHKFFAW97DA,,28.54,見其他登記事項,鋼筋混凝土造,104年4月27日,五層,
RPVNMLPLQHKFFAW97DA,,.00,見其他登記事項,鋼筋混凝土造,104年4月27日,五層,
RPSNMLNKQHKFFAW27CA,,74.13,見其他登記事項,鋼筋混凝土造,104年4月30日,三層,一層
RPSNMLNKQHKFFAW27CA,,6.02,見其他登記事項,鋼筋混凝土造,104年4月30日,三層,
RPQNMLNKQHKFFAW07CA,,69.27,見其他登記事項,鋼筋混凝土造,104年4月30日,三層,二層
RPQNMLNKQHKFFAW07CA,,6.02,見其他登記事項,鋼筋混凝土造,104年4月30日,三層,
RPQNMLMKQHKFFAW07DA,,77.36,見其他登記事項,鋼筋混凝土造,104年4月28日,三層,三層
RPQNMLMKQHKFFAW07DA,,5.36,見其他登記事項,鋼筋混凝土造,104年4月28日,三層,
SPWNMLMKQHKFFAW67CA,21,106.68,住家用,鋼筋混凝土加強磚造,83年11月1日,一層,一層
RPVNMLMKQHKFFAW47CA,1,32.24,見其他登記事項,鋼筋混凝土造,103年11月13日,三層,一層
RPVNMLMKQHKFFAW47CA,1,4.37,見其他登記事項,鋼筋混凝土造,103年11月13日,三層,
RPWNMLMKQHKFFAW57CA,21,112.40,住家用,鋼筋混凝土加強磚造,83年11月1日,一層,一層
RPTNMLMKQHKFFAW27CA,,230.28,見其他登記事項,鋼筋混凝土造,104年2月17日,三層,一層 二層 三層 見其他登記事項
RPSNMLMKQHKFFAW27DA,35,114.06,見其他登記事項,鋼筋混凝土造,69年11月7日,三層,一層 二層 三層
RPWNMLNKQHKFFAW67CA,,72.12,見其他登記事項,鋼筋混凝土造,104年4月30日,三層,三層
RPWNMLNKQHKFFAW67CA,,6.02,見其他登記事項,鋼筋混凝土造,104年4月30日,三層,
RPPNMLPKQHKFFAW17CA,80,93.77,住家用,見其他登記事項,25年1月1日,一層,一層
RPUNMLSKQHKFFAW97CA,,60.49,見其他登記事項,鋼筋混凝土造,104年5月28日,三層,二層
RPUNMLSKQHKFFAW97CA,,7.53,見其他登記事項,鋼筋混凝土造,104年5月28日,三層,
RPSNMLSKQHKFFAW77CA,,60.49,見其他登記事項,鋼筋混凝土造,104年5月28日,三層,三層
RPSNMLSKQHKFFAW77CA,,7.53,見其他登記事項,鋼筋混凝土造,104年5月28日,三層,
RPOOMLSKQHKFFAW57DA,21,251.91,住家用,鋼筋混凝土加強磚造,83年12月30日,三層,一層 二層 三層
RPQNMLKLQHKFFAW86CA,,84.72,見其他登記事項,鋼筋混凝土造,104年4月28日,三層,二層
RPQNMLKLQHKFFAW86CA,,5.65,見其他登記事項,鋼筋混凝土造,104年4月28日,三層,
RPPNMLLLQHKFFAW86CA,37,182.00,住家用,鋼筋混凝土加強磚造,67年8月20日,二層,一層 二層
RPSNMLLLQHKFFAW17CA,,81.75,見其他登記事項,鋼筋混凝土造,104年6月17日,三層,一層
RPSNMLLLQHKFFAW17CA,,11.23,見其他登記事項,鋼筋混凝土造,104年6月17日,三層,
RPPOMLSKQHKFFAW57CA,,70.73,見其他登記事項,鋼筋混凝土造,104年4月30日,三層,二層
RPPOMLSKQHKFFAW57CA,,6.02,見其他登記事項,鋼筋混凝土造,104年4月30日,三層,
RPRNMLOKRHKFFAW37CA,6,144.17,見其他登記事項,鋼筋混凝土造,98年10月19日,三層,一層 二層 三層
RPRNMLKLQHKFFAW96CA,,43.27,見其他登記事項,鋼筋混凝土造,104年4月29日,三層,一層
RPRNMLKLQHKFFAW96CA,,13.80,見其他登記事項,鋼筋混凝土造,104年4月29日,三層,
RPQOMLKLQHKFFAW96CA,,85.27,見其他登記事項,鋼筋混凝土造,104年4月8日,三層,三層
RPQOMLKLQHKFFAW96CA,,5.68,見其他登記事項,鋼筋混凝土造,104年4月8日,三層,
RPQNMLQLQHKFFAW57DA,,79.79,見其他登記事項,鋼筋混凝土造,104年4月28日,三層,二層
RPQNMLQLQHKFFAW57DA,,5.29,見其他登記事項,鋼筋混凝土造,104年4月28日,三層,
RPUNMLKLQHKFFAW27CA,,73.12,見其他登記事項,鋼筋混凝土造,104年6月5日,三層,二層
RPUNMLKLQHKFFAW27CA,,9.92,見其他登記事項,鋼筋混凝土造,104年6月5日,三層,
RPWNMLKLQHKFFAW47CA,,81.75,見其他登記事項,鋼筋混凝土造,104年6月17日,三層,三層
RPWNMLKLQHKFFAW47CA,,11.23,見其他登記事項,鋼筋混凝土造,104年6月17日,三層,
RPUNMLOLQHKFFAW77DA,1,55.80,見其他登記事項,鋼筋混凝土造,104年2月16日,三層,一層
RPUNMLOLQHKFFAW77DA,1,4.35,見其他登記事項,鋼筋混凝土造,104年2月16日,三層,
RPTNMLKLQHKFFAW17CA,,73.12,見其他登記事項,鋼筋混凝土造,104年6月5日,三層,一層
RPTNMLKLQHKFFAW17CA,,9.92,見其他登記事項,鋼筋混凝土造,104年6月5日,三層,
RPPOMLKLQHKFFAW86CA,,73.12,見其他登記事項,鋼筋混凝土造,104年6月5日,三層,三層
RPPOMLKLQHKFFAW86CA,,9.92,見其他登記事項,鋼筋混凝土造,104年6月5日,三層,
RPTNMLOLQHKFFAW67DA,,61.13,見其他登記事項,鋼筋混凝土造,104年2月16日,三層,二層
RPTNMLOLQHKFFAW67DA,,4.35,見其他登記事項,鋼筋混凝土造,104年2月16日,三層,
RPSNMLPLQHKFFAW67DA,,55.05,見其他登記事項,鋼筋混凝土造,104年2月16日,三層,一層
RPSNMLPLQHKFFAW67DA,,55.05,見其他登記事項,鋼筋混凝土造,104年2月16日,三層,一層
RPSNMLPLQHKFFAW67DA,,4.35,見其他登記事項,鋼筋混凝土造,104年2月16日,三層,
RPSNMLPLQHKFFAW67DA,,4.40,見其他登記事項,鋼筋混凝土造,104年2月16日,三層,
RPUNMLSLQHKFFAW18DA,,77.36,見其他登記事項,鋼筋混凝土造,104年4月28日,三層,三層
RPUNMLSLQHKFFAW18DA,,6.71,見其他登記事項,鋼筋混凝土造,104年4月28日,三層,
RPRNMLLMQHKFFAW17CA,,84.53,見其他登記事項,鋼筋混凝土造,104年4月8日,三層,三層
RPRNMLLMQHKFFAW17CA,,5.68,見其他登記事項,鋼筋混凝土造,104年4月8日,三層,
RPUNMLOKRHKFFAW67CA,20,213.75,見其他登記事項,鋼筋混凝土加強磚造,84年8月31日,三層,一層 二層 三層 騎樓
RPRNMLLKRHKFFAW07CA,,83.52,見其他登記事項,鋼筋混凝土造,104年5月29日,三層,一層
RPRNMLLKRHKFFAW07CA,,5.05,見其他登記事項,鋼筋混凝土造,104年5月29日,三層,
SPRNMLLKRHKFFAW17CA,,83.52,見其他登記事項,鋼筋混凝土造,104年5月29日,三層,一層
SPRNMLLKRHKFFAW17CA,,5.05,見其他登記事項,鋼筋混凝土造,104年5月29日,三層,
RPTNMLMJRHKFFAW27CA,,177.70,見其他登記事項,鋼筋混凝土造,104年5月8日,三層,一層 二層 三層
RPXNMLMJRHKFFAW67CA,,164.21,見其他登記事項,鋼筋混凝土造,104年5月8日,三層,一層 二層 三層
RPQNMLMJRHKFFAW96CA,,83.52,見其他登記事項,鋼筋混凝土造,104年5月29日,三層,三層
RPQNMLMJRHKFFAW96CA,,5.05,見其他登記事項,鋼筋混凝土造,104年5月29日,三層,
RPVNMLMJRHKFFAW47CA,,166.41,見其他登記事項,鋼筋混凝土造,104年5月8日,三層,一層 二層 三層
RPPNMLMJRHKFFAW86CA,,83.52,見其他登記事項,鋼筋混凝土造,104年5月29日,三層,三層
RPPNMLMJRHKFFAW86CA,,5.05,見其他登記事項,鋼筋混凝土造,104年5月29日,三層,
RPOOMLMJRHKFFAW86CA,6,141.75,見其他登記事項,鋼筋混凝土造,98年10月19日,三層,一層 二層 三層
RPPNMLRJRHKFFAW47DA,,77.36,見其他登記事項,鋼筋混凝土造,104年4月28日,三層,二層
RPPNMLRJRHKFFAW47DA,,5.36,見其他登記事項,鋼筋混凝土造,104年4月28日,三層,
RPQNMLOJRHKFFAW17CA,,64.26,見其他登記事項,鋼筋混凝土造,104年4月2日,三層,二層
RPQNMLOJRHKFFAW17CA,,18.98,見其他登記事項,鋼筋混凝土造,104年4月2日,三層,
RPPNMLOJRHKFFAW07CA,,55.94,見其他登記事項,鋼筋混凝土造,104年4月14日,三層,三層
RPPNMLOJRHKFFAW07CA,,10.98,見其他登記事項,鋼筋混凝土造,104年4月14日,三層,
RPQNMLRJRHKFFAW47CA,,64.26,見其他登記事項,鋼筋混凝土造,104年4月2日,三層,二層
RPQNMLRJRHKFFAW47CA,,18.98,見其他登記事項,鋼筋混凝土造,104年4月2日,三層,
RPTNMLKKRHKFFAW17CA,,64.18,見其他登記事項,鋼筋混凝土造,104年7月20日,三層,一層
RPTNMLKKRHKFFAW17CA,,9.56,見其他登記事項,鋼筋混凝土造,104年7月20日,三層,
RPWNMLKKRHKFFAW47CA,,67.16,見其他登記事項,鋼筋混凝土造,104年7月20日,三層,三層
RPWNMLKKRHKFFAW47CA,,9.56,見其他登記事項,鋼筋混凝土造,104年7月20日,三層,
RPOOMLQJIIKFFAW09CA,,83.52,見其他登記事項,鋼筋混凝土造,104年5月29日,三層,二層
RPOOMLQJIIKFFAW09CA,,5.05,見其他登記事項,鋼筋混凝土造,104年5月29日,三層,
RPVNMLKKRHKFFAW37CA,,67.16,見其他登記事項,鋼筋混凝土造,104年7月20日,三層,二層
RPVNMLKKRHKFFAW37CA,,9.56,見其他登記事項,鋼筋混凝土造,104年7月20日,三層,
RPSNMLOJRHKFFAW37CA,,164.16,見其他登記事項,鋼筋混凝土造,104年5月8日,三層,一層 二層 三層
RPPNMLLKRHKFFAW86CA,,83.52,見其他登記事項,鋼筋混凝土造,104年5月29日,三層,三層
RPPNMLLKRHKFFAW86CA,,5.05,見其他登記事項,鋼筋混凝土造,104年5月29日,三層,
RPWNMLQJIIKFFAW17CA,,83.52,見其他登記事項,鋼筋混凝土造,104年5月29日,三層,二層
RPWNMLQJIIKFFAW17CA,,5.05,見其他登記事項,鋼筋混凝土造,104年5月29日,三層,
RPSNMLQKRHKFFAW67CA,,84.53,見其他登記事項,鋼筋混凝土造,104年4月8日,三層,二層
RPSNMLQKRHKFFAW67CA,,5.68,見其他登記事項,鋼筋混凝土造,104年4月8日,三層,
RPRNMLQKRHKFFAW57CA,,85.27,見其他登記事項,鋼筋混凝土造,104年4月8日,三層,二層
RPRNMLQKRHKFFAW57CA,,5.68,見其他登記事項,鋼筋混凝土造,104年4月8日,三層,
RPTNMLLJIIKFFAW98CA,,172.51,見其他登記事項,鋼筋混凝土造,104年5月8日,三層,一層 二層 三層
RPWOMLRKRHKFFAW28CA,,58.73,見其他登記事項,鋼筋混凝土造,104年5月28日,三層,一層
RPWOMLRKRHKFFAW28CA,,7.28,見其他登記事項,鋼筋混凝土造,104年5月28日,三層,
RPVNMLNLRHKFFAW77CA,7,16.56,見其他登記事項,鋼筋混凝土造,97年10月29日,五層,
RPVNMLNLRHKFFAW77CA,7,97.86,見其他登記事項,鋼筋混凝土造,97年10月29日,五層,三層
RPPNMLLLRHKFFAW96CA,,127.07,見其他登記事項,鋼筋混凝土造,104年4月2日,三層,一層 地下一層
RPPNMLLLRHKFFAW96CA,,50.61,見其他登記事項,鋼筋混凝土造,104年4月2日,三層,
RPTNMLNLRHKFFAW57CA,,184.62,見其他登記事項,鋼筋混凝土造,104年5月8日,三層,一層 二層 三層
RPUOMLOLRHKFFAW87CA,,79.04,見其他登記事項,鋼筋混凝土造,104年5月28日,三層,三層
RPUOMLOLRHKFFAW87CA,,6.51,見其他登記事項,鋼筋混凝土造,104年5月28日,三層,
RPSNMLQJIIKFFAW76CA,,31.83,見其他登記事項,鋼筋混凝土造,104年7月23日,三層,二層
RPSNMLQJIIKFFAW76CA,,2.76,見其他登記事項,鋼筋混凝土造,104年7月23日,三層,
RPSNMLQJIIKFFAW76CA,,3.18,見其他登記事項,鋼筋混凝土造,104年7月23日,三層,
RPTNMLQJIIKFFAW86CA,,26.92,見其他登記事項,鋼筋混凝土造,104年7月23日,三層,二層
RPTNMLQJIIKFFAW86CA,,2.23,見其他登記事項,鋼筋混凝土造,104年7月23日,三層,
RPTNMLQJIIKFFAW86CA,,2.56,見其他登記事項,鋼筋混凝土造,104年7月23日,三層,
RPRNMLQJIIKFFAW66CA,,27.57,見其他登記事項,鋼筋混凝土造,104年7月23日,三層,二層
RPRNMLQJIIKFFAW66CA,,2.39,見其他登記事項,鋼筋混凝土造,104年7月23日,三層,
RPRNMLQJIIKFFAW66CA,,2.75,見其他登記事項,鋼筋混凝土造,104年7月23日,三層,
RPQNMLQJIIKFFAW56CA,,31.83,見其他登記事項,鋼筋混凝土造,104年7月23日,三層,二層
RPQNMLQJIIKFFAW56CA,,2.76,見其他登記事項,鋼筋混凝土造,104年7月23日,三層,
RPQNMLQJIIKFFAW56CA,,3.17,見其他登記事項,鋼筋混凝土造,104年7月23日,三層,
RPTNMLMJIIKFFAW09CA,16,135.93,住家用,鋼筋混凝土造,88年5月17日,三層,一層 二層 三層
RPWNMLNLRHKFFAW87CA,,36.96,見其他登記事項,鋼筋混凝土造,104年7月21日,三層,二層
RPWNMLNLRHKFFAW87CA,,19.10,見其他登記事項,鋼筋混凝土造,104年7月21日,三層,
RPPNMLTJIIKFFAW76CA,,26.75,見其他登記事項,鋼筋混凝土造,104年7月23日,三層,二層
RPPNMLTJIIKFFAW76CA,,2.16,見其他登記事項,鋼筋混凝土造,104年7月23日,三層,
RPPNMLTJIIKFFAW76CA,,2.50,見其他登記事項,鋼筋混凝土造,104年7月23日,三層,
RPQNMLTJIIKFFAW86CA,,26.92,見其他登記事項,鋼筋混凝土造,104年7月23日,三層,二層
RPQNMLTJIIKFFAW86CA,,2.18,見其他登記事項,鋼筋混凝土造,104年7月23日,三層,
RPQNMLTJIIKFFAW86CA,,2.52,見其他登記事項,鋼筋混凝土造,104年7月23日,三層,
RPTOMLNKIIKFFAW76CA,,26.92,見其他登記事項,鋼筋混凝土造,104年7月23日,三層,三層
RPTOMLNKIIKFFAW76CA,,2.18,見其他登記事項,鋼筋混凝土造,104年7月23日,三層,
RPTOMLNKIIKFFAW76CA,,2.51,見其他登記事項,鋼筋混凝土造,104年7月23日,三層,
RPPOMLNKIIKFFAW98CA,,27.57,見其他登記事項,鋼筋混凝土造,104年7月23日,三層,三層
RPPOMLNKIIKFFAW98CA,,2.39,見其他登記事項,鋼筋混凝土造,104年7月23日,三層,
RPPOMLNKIIKFFAW98CA,,2.75,見其他登記事項,鋼筋混凝土造,104年7月23日,三層,
RPSOMLNKIIKFFAW66CA,,26.75,見其他登記事項,鋼筋混凝土造,104年7月23日,三層,三層
RPSOMLNKIIKFFAW66CA,,2.16,見其他登記事項,鋼筋混凝土造,104年7月23日,三層,
RPSOMLNKIIKFFAW66CA,,2.50,見其他登記事項,鋼筋混凝土造,104年7月23日,三層,
RPXNMLNKIIKFFAW07CA,,26.64,見其他登記事項,鋼筋混凝土造,104年7月23日,三層,二層
RPXNMLNKIIKFFAW07CA,,2.20,見其他登記事項,鋼筋混凝土造,104年7月23日,三層,
RPXNMLNKIIKFFAW07CA,,2.54,見其他登記事項,鋼筋混凝土造,104年7月23日,三層,
RPROMLNKIIKFFAW56CA,,26.92,見其他登記事項,鋼筋混凝土造,104年7月23日,三層,三層
RPROMLNKIIKFFAW56CA,,2.23,見其他登記事項,鋼筋混凝土造,104年7月23日,三層,
RPROMLNKIIKFFAW56CA,,2.56,見其他登記事項,鋼筋混凝土造,104年7月23日,三層,
RPOOMLNKIIKFFAW88CA,,31.83,見其他登記事項,鋼筋混凝土造,104年7月23日,三層,三層
RPOOMLNKIIKFFAW88CA,,2.76,見其他登記事項,鋼筋混凝土造,104年7月23日,三層,
RPOOMLNKIIKFFAW88CA,,3.17,見其他登記事項,鋼筋混凝土造,104年7月23日,三層,
RPWNMLNKIIKFFAW96CA,,26.75,見其他登記事項,鋼筋混凝土造,104年7月23日,三層,二層
RPWNMLNKIIKFFAW96CA,,2.17,見其他登記事項,鋼筋混凝土造,104年7月23日,三層,
RPWNMLNKIIKFFAW96CA,,2.50,見其他登記事項,鋼筋混凝土造,104年7月23日,三層,
RPQOMLNKIIKFFAW09CA,,27.57,見其他登記事項,鋼筋混凝土造,104年7月23日,三層,三層
RPQOMLNKIIKFFAW09CA,,2.39,見其他登記事項,鋼筋混凝土造,104年7月23日,三層,
RPQOMLNKIIKFFAW09CA,,2.75,見其他登記事項,鋼筋混凝土造,104年7月23日,三層,
RPSNMLOLRHKFFAW67DA,,225.31,見其他登記事項,鋼筋混凝土造,104年7月13日,三層,一層 二層 三層
RPUOMLNKIIKFFAW86CA,,26.92,見其他登記事項,鋼筋混凝土造,104年7月23日,三層,三層
RPUOMLNKIIKFFAW86CA,,2.18,見其他登記事項,鋼筋混凝土造,104年7月23日,三層,
RPUOMLNKIIKFFAW86CA,,2.52,見其他登記事項,鋼筋混凝土造,104年7月23日,三層,
RPWOMLNKIIKFFAW07CA,,26.64,見其他登記事項,鋼筋混凝土造,104年7月23日,三層,三層
RPWOMLNKIIKFFAW07CA,,2.20,見其他登記事項,鋼筋混凝土造,104年7月23日,三層,
RPWOMLNKIIKFFAW07CA,,2.54,見其他登記事項,鋼筋混凝土造,104年7月23日,三層,
RPVOMLNKIIKFFAW96CA,,26.75,見其他登記事項,鋼筋混凝土造,104年7月23日,三層,三層
RPVOMLNKIIKFFAW96CA,,2.17,見其他登記事項,鋼筋混凝土造,104年7月23日,三層,
RPVOMLNKIIKFFAW96CA,,2.50,見其他登記事項,鋼筋混凝土造,104年7月23日,三層,
RPTNMLNKIIKFFAW66CA,1,95.01,見其他登記事項,鋼筋混凝土造,103年8月29日,三層,一層
RPTNMLNKIIKFFAW66CA,1,7.91,見其他登記事項,鋼筋混凝土造,103年8月29日,三層,
RPTNMLNKIIKFFAW66CA,1,39.30,見其他登記事項,鋼筋混凝土造,103年8月29日,三層,
RPPOMLQJIIKFFAW66DA,18,178.40,商業用,鋼筋混凝土造,86年9月13日,七層,一層
RPPOMLQJIIKFFAW66DA,18,49.81,共用部份,鋼筋混凝土造,86年9月13日,七層,
RPPOMLQJIIKFFAW66DA,18,26.11,共用部份,鋼筋混凝土造,86年9月13日,,
RPSNMLLLIIKFFAW09CA,,150.22,見其他登記事項,鋼筋混凝土造,104年6月9日,三層,一層 地下一層
RPSNMLLLIIKFFAW09CA,,25.74,見其他登記事項,鋼筋混凝土造,104年6月9日,三層,
SPOOMLLLIIKFFAW88CA,,95.07,見其他登記事項,鋼筋混凝土造,104年6月9日,三層,三層
SPOOMLLLIIKFFAW88CA,,16.29,見其他登記事項,鋼筋混凝土造,104年6月9日,三層,
RPROMLLLIIKFFAW09CA,,79.21,見其他登記事項,鋼筋混凝土造,104年6月9日,三層,二層
RPROMLLLIIKFFAW09CA,,13.57,見其他登記事項,鋼筋混凝土造,104年6月9日,三層,
SPROMLLLIIKFFAW56CA,,95.07,見其他登記事項,鋼筋混凝土造,104年6月9日,三層,二層
SPROMLLLIIKFFAW56CA,,16.29,見其他登記事項,鋼筋混凝土造,104年6月9日,三層,
RPUNMLLLIIKFFAW66CA,,173.46,見其他登記事項,鋼筋混凝土造,104年6月9日,三層,一層 地下一層
RPUNMLLLIIKFFAW66CA,,29.77,見其他登記事項,鋼筋混凝土造,104年6月9日,三層,
RPOOMLLLIIKFFAW78CA,,79.21,見其他登記事項,鋼筋混凝土造,104年6月9日,三層,三層
RPOOMLLLIIKFFAW78CA,,13.57,見其他登記事項,鋼筋混凝土造,104年6月9日,三層,
RPRNMLSJIIKFFAW86CA,,56.04,見其他登記事項,鋼筋混凝土造,104年4月14日,三層,三層
RPRNMLSJIIKFFAW86CA,,8.91,見其他登記事項,鋼筋混凝土造,104年4月14日,三層,
RPUNMLNKIIKFFAW76CA,,89.50,見其他登記事項,鋼筋混凝土造,104年6月9日,三層,一層
RPUNMLNKIIKFFAW76CA,,8.97,見其他登記事項,鋼筋混凝土造,104年6月9日,三層,
RPRNMLOKIIKFFAW56CA,,89.37,見其他登記事項,鋼筋混凝土造,104年6月9日,三層,三層
RPRNMLOKIIKFFAW56CA,,8.97,見其他登記事項,鋼筋混凝土造,104年6月9日,三層,
RPPNMLOKIIKFFAW98CA,,102.86,見其他登記事項,鋼筋混凝土造,104年6月9日,三層,三層
RPPNMLOKIIKFFAW98CA,,13.96,見其他登記事項,鋼筋混凝土造,104年6月9日,三層,
RPQNMLPKIIKFFAW56CA,,163.03,見其他登記事項,鋼筋混凝土造,104年5月8日,三層,一層 二層 三層
RPQNMLOKIIKFFAW09CA,3,57.12,見其他登記事項,鋼筋混凝土造,102年2月23日,五層,三層
RPQOMLLLIIKFFAW98CA,,89.76,見其他登記事項,鋼筋混凝土造,104年8月14日,三層,一層
RPQOMLLLIIKFFAW98CA,,8.54,見其他登記事項,鋼筋混凝土造,104年8月14日,三層,
RPTNMLTKIIKFFAW27CA,,89.37,見其他登記事項,鋼筋混凝土造,104年6月9日,三層,二層
SPTNMLTKIIKFFAW37CA,,88.26,見其他登記事項,鋼筋混凝土造,104年6月9日,三層,二層
RPTNMLTKIIKFFAW27CA,,8.97,見其他登記事項,鋼筋混凝土造,104年6月9日,三層,
SPTNMLTKIIKFFAW37CA,,8.97,見其他登記事項,鋼筋混凝土造,104年6月9日,三層,
RPSNMLTKIIKFFAW17CA,,102.86,見其他登記事項,鋼筋混凝土造,104年6月9日,三層,二層
RPSNMLTKIIKFFAW17CA,,13.96,見其他登記事項,鋼筋混凝土造,104年6月9日,三層,
RPPNMLSKIIKFFAW76CA,,36.39,見其他登記事項,鋼筋混凝土造,104年8月11日,四層,二層
RPPNMLSKIIKFFAW76CA,,6.82,見其他登記事項,鋼筋混凝土造,104年8月11日,四層,
RPQNMLTKIIKFFAW96CA,,85.20,見其他登記事項,鋼筋混凝土造,104年4月8日,三層,一層
RPQNMLTKIIKFFAW96CA,,8.68,見其他登記事項,鋼筋混凝土造,104年4月8日,三層,
RPQNMLSKIIKFFAW86CA,,36.39,見其他登記事項,鋼筋混凝土造,104年8月11日,四層,四層
RPQNMLSKIIKFFAW86CA,,6.82,見其他登記事項,鋼筋混凝土造,104年8月11日,四層,
RPSNMLMKJIKFFAW56CA,,32.13,見其他登記事項,鋼筋混凝土造,104年4月2日,三層,二層
RPSNMLMKJIKFFAW56CA,,9.49,見其他登記事項,鋼筋混凝土造,104年4月2日,三層,
RPRNMLKLIIKFFAW98DA,,31.83,見其他登記事項,鋼筋混凝土造,104年7月23日,三層,三層
RPRNMLKLIIKFFAW98DA,,2.76,見其他登記事項,鋼筋混凝土造,104年7月23日,三層,
RPRNMLKLIIKFFAW98DA,,3.18,見其他登記事項,鋼筋混凝土造,104年7月23日,三層,
RPRNMLTKIIKFFAW07CA,20,173.18,住家用,鋼筋混凝土造,84年6月13日,二層,一層 二層
RPQNMLKKJIKFFAW78CA,3,170.82,住家用,鋼筋混凝土造,101年12月26日,三層,
RPQNMLKLIIKFFAW78CA,,92.57,見其他登記事項,鋼筋混凝土造,104年7月21日,三層,一層
RPQNMLKLIIKFFAW78CA,,47.82,見其他登記事項,鋼筋混凝土造,104年7月21日,三層,
RPPNMLPLIIKFFAW56CA,,36.39,見其他登記事項,鋼筋混凝土造,104年8月11日,四層,四層
RPPNMLPLIIKFFAW56CA,,6.82,見其他登記事項,鋼筋混凝土造,104年8月11日,四層,
RPTOMLLLIIKFFAW66CA,,89.76,見其他登記事項,鋼筋混凝土造,104年8月14日,三層,三層
RPTOMLLLIIKFFAW66CA,,8.54,見其他登記事項,鋼筋混凝土造,104年8月14日,三層,
RPXNMLLLIIKFFAW07DA,,27.57,見其他登記事項,鋼筋混凝土造,104年7月23日,三層,二層
RPXNMLLLIIKFFAW07DA,,2.39,見其他登記事項,鋼筋混凝土造,104年7月23日,三層,
RPXNMLLLIIKFFAW07DA,,2.75,見其他登記事項,鋼筋混凝土造,104年7月23日,三層,
RPVNMLLLIIKFFAW86DA,,101.36,見其他登記事項,鋼筋混凝土造,104年7月23日,三層,二層
RPVNMLLLIIKFFAW86DA,,5.76,見其他登記事項,鋼筋混凝土造,104年7月23日,三層,
RPRNMLMKJIKFFAW56DA,,96.48,見其他登記事項,鋼筋混凝土造,104年7月23日,三層,三層
RPRNMLMKJIKFFAW56DA,,5.76,見其他登記事項,鋼筋混凝土造,104年7月23日,三層,
RPPNMLOLJIKFFAW56CA,2,104.32,見其他登記事項,鋼筋混凝土造,102年11月20日,三層,三層
RPPNMLOLJIKFFAW56CA,2,10.74,見其他登記事項,鋼筋混凝土造,102年11月20日,三層,
RPPNMLOLJIKFFAW56CA,2,48.36,見其他登記事項,鋼筋混凝土造,102年11月20日,三層,
RPTNMLRLIIKFFAW27DA,20,195.75,住商用,鋼筋混凝土加強磚造,84年12月20日,三層,一層 二層 三層
RPRNMLRLIIKFFAW96CA,,109.28,見其他登記事項,鋼筋混凝土造,104年8月5日,三層,二層
RPRNMLRLIIKFFAW96CA,,12.72,見其他登記事項,鋼筋混凝土造,104年8月5日,三層,
RPPNMLRLIIKFFAW76CA,,229.06,住家用,鋼筋混凝土造,104年8月5日,三層,一層 二層 三層
RPVNMLQLIIKFFAW27CA,,109.28,見其他登記事項,鋼筋混凝土造,104年8月5日,三層,一層
RPVNMLQLIIKFFAW27CA,,12.72,見其他登記事項,鋼筋混凝土造,104年8月5日,三層,
RPTOMLLKJIKFFAW66CA,2,98.04,見其他登記事項,鋼筋混凝土造,102年11月20日,三層,二層
RPTOMLLKJIKFFAW66CA,2,12.13,見其他登記事項,鋼筋混凝土造,102年11月20日,三層,
RPTNMLSLIIKFFAW27CA,1,221.25,見其他登記事項,鋼筋混凝土造,104年2月17日,三層,一層 二層 三層 見其他登記事項
RPPNMLSJJIKFFAW76CA,6,205.69,見其他登記事項,鋼筋混凝土造,98年12月25日,三層,一層 二層 三層
RPQNMLSJJIKFFAW86CA,,36.39,見其他登記事項,鋼筋混凝土造,104年8月11日,四層,三層
RPQNMLSJJIKFFAW86CA,,6.82,見其他登記事項,鋼筋混凝土造,104年8月11日,四層,
RPRNMLKMIIKFFAW98CA,1,155.42,住家用,鋼筋混凝土造,103年11月24日,三層,一層 二層 三層
RPQNMLMJJIKFFAW88CA,1,152.53,住家用,鋼筋混凝土造,103年11月24日,三層,一層 二層 三層
RPRNMLOJJIKFFAW66DA,3,153.73,見其他登記事項,鋼筋混凝土造,101年5月1日,三層,
RPRNMLOJJIKFFAW66DA,3,23.35,見其他登記事項,鋼筋混凝土造,101年5月1日,三層,
RPQNMLNJJIKFFAW09DA,20,71.68,住家用,鋼筋混凝土造,84年7月27日,四層,二層
RPQNMLNJJIKFFAW09DA,20,7.22,共用部份,鋼筋混凝土造,84年7月27日,四層,
