﻿編號,屋齡,建物移轉面積平方公尺,主要用途,主要建材,建築完成日期,總層數,建物分層
The serial number,room age,building shifting area square meter,the main use,main building materials,construction completes the date,total layer,building lamination
RPUNMLPKQHNFFID07CC,16,23.83,住家用,鋼筋混凝土造,91年10月3日,五層,
RPUNMLPKQHNFFID07CC,16,2.42,共有部分,鋼筋混凝土造,91年10月3日,五層,
RPWNMLPKQHNFFAD09CC,1,125.17,見其他登記事項,見其他登記事項,106年5月18日,二十四層,
RPXOMLNKQHNFFAD09CC,3,55.09,見其他登記事項,見其他登記事項,104年11月5日,二十四層,
RPXOMLNKQHNFFAD09CC,3,23.51,見其他登記事項,見其他登記事項,104年11月5日,二十四層,
RPTNMLPKQHNFFID96CC,38,122.67,住家用,加強磚造,69年12月24日,二層,
RPTNMLNKQHNFFBD68CC,1,178.28,住商用,鋼筋混凝土造,107年1月3日,四層,
RPSOMLPKQHNFFBD88CC,12,118.77,見其他登記事項,鋼筋混凝土造,95年6月2日,三層,
RPQNMLOKQHNFFBD48CC,42,182.61,住家用,加強磚造,65年11月11日,二層,
RPUOMLPKQHNFFAD98CC,12,49.59,見其他登記事項,見其他登記事項,96年1月11日,十四層,
RPVOMLPKQHNFFAD09CC,25,33.06,住商用,鋼筋混凝土造,82年5月12日,四層,
RPPPMLPKQHNFFAD58CC,16,97.72,見其他登記事項,鋼筋混凝土造,91年12月27日,十三層,
RPPPMLPKQHNFFAD58CC,16,45.36,共有部分,鋼筋混凝土造,91年12月27日,十三層,
RPTOMLPKQHNFFAD88CC,23,70.00,住家用,鋼筋混凝土造,84年8月29日,十七層,
RPTOMLPKQHNFFAD88CC,23,13.29,共有部分,鋼筋混凝土造,84年8月29日,十七層,
RPTOMLPKQHNFFAD88CC,23,36.90,共有部分,鋼筋混凝土造,84年8月29日,十七層,
RPSPMLPKQHNFFAD88CC,23,29.77,住家用,鋼筋混凝土造,84年7月4日,十八層,
RPSPMLPKQHNFFAD88CC,23,13.74,共有部分,鋼筋混凝土造,84年7月4日,十八層,
RPTPMLPKQHNFFAD98CC,19,79.40,見其他登記事項,鋼筋混凝土造,88年4月14日,八層,
RPTPMLPKQHNFFAD98CC,19,26.50,共有部分,鋼筋混凝土造,88年4月14日,八層,
RPROMLPKQHNFFBD78CC,37,93.56,見其他登記事項,鋼筋混凝土造,70年9月7日,四層,
RPROMLPKQHNFFBD78CC,37,3.21,見其他登記事項,鋼筋混凝土造,70年9月7日,四層,
RPROMLPKQHNFFBD78CC,37,7.80,共有部分,鋼筋混凝土造,70年9月7日,四層,
RPUOMLOKQHNFFBD98CC,24,243.63,住家用,鋼筋混凝土造,83年11月15日,四層,
RPUPMLPKQHNFFAD09CC,7,128.05,見其他登記事項,見其他登記事項,100年3月10日,十四層,
RPUPMLPKQHNFFAD09CC,7,79.44,見其他登記事項,見其他登記事項,100年3月10日,十四層,
RPSOMLQKQHNFFAD98DC,18,77.81,見其他登記事項,鋼筋混凝土造,89年8月22日,十四層,
RPTOMLQKQHNFFAD09DC,24,101.67,住家用,鋼筋混凝土造,83年11月8日,十二層,
RPUNMLNKQHNFFHD76CC,21,101.96,住家用,鋼筋混凝土造,86年8月25日,八層,
RPPOMLPKQHNFFHD56CC,11,114.55,住家用,鋼筋混凝土造,96年9月27日,十二層,
RPPOMLPKQHNFFHD56CC,11,15.64,見其他登記事項,鋼筋混凝土造,96年9月27日,十二層,
RPPOMLPKQHNFFHD56CC,11,43.81,見其他登記事項,鋼筋混凝土造,96年9月27日,一層,
RPWNMLPKQHNFFCD66CC,39,45.54,住商用,鋼筋混凝土造,68年3月10日,四層,
RPPOMLRKQHNFFCD88CC,23,34.37,住家用,鋼筋混凝土造,84年11月6日,二十層,
RPUOMLPKQHNFFCD56CC,36,159.16,住商用,鋼筋混凝土造,71年3月19日,三層,
RPQOMLRKQHNFFCD98CC,36,88.69,住家用,鋼筋混凝土造,71年8月24日,五層,
RPQOMLRKQHNFFCD98CC,36,.00,共有部分,鋼筋混凝土造,71年8月24日,五層,
RPPOMLQKQHNFFHD66CC,2,24.12,見其他登記事項,鋼筋混凝土造,105年5月11日,四層,
RPOQMLRKQHNFFCD98CC,43,125.46,住家用,鋼筋混凝土造,64年10月28日,三層,
RPWNMLRKQHNFFAD66CC,3,149.36,見其他登記事項,見其他登記事項,104年11月5日,二十四層,
RPXNMLRKQHNFFAD76CC,2,118.95,見其他登記事項,見其他登記事項,105年6月4日,二十七層,
RPOOMLRKQHNFFAD58CC,11,114.36,見其他登記事項,鋼筋混凝土造,96年8月15日,二十一層,
RPOOMLRKQHNFFAD58CC,11,20.12,見其他登記事項,鋼筋混凝土造,96年8月15日,二十一層,
RPOOMLRKQHNFFAD58CC,11,82.15,共有部分,鋼筋混凝土造,96年8月15日,二十一層,
RPOOMLRKQHNFFAD58CC,11,20.70,共有部分,鋼筋混凝土造,96年8月15日,二十一層,
RPPOMLRKQHNFFAD68CC,8,90.04,見其他登記事項,見其他登記事項,99年9月2日,一層,
RPQNMLKLQHNFFCD28CC,36,133.10,住家用,鋼筋混凝土造,71年5月3日,五層,
RPVOMLRKQHNFFBD76CC,38,152.88,住商用,鋼筋混凝土造,69年3月27日,三層,
RPXOMLMLQHNFFKD47CC,4,16.52,見其他登記事項,見其他登記事項,103年7月15日,四層,
RPUOMLLLQHNFFKD07CC,36,52.43,住家用,鋼筋混凝土造,71年8月10日,五層,
RPUOMLLLQHNFFKD07CC,36,10.18,共有部分,鋼筋混凝土造,71年8月10日,五層,
RPOOMLMLQHNFFKD56CC,1,59.27,住家用,見其他登記事項,106年6月23日,十五層,
RPXNMLKLQHNFFHD86CC,1,230.91,住家用,鋼筋混凝土構造,106年4月11日,四層,
RPTOMLLLQHNFFKD96CC,11,198.72,住商用,鋼筋混凝土構造,96年10月16日,四層,
RPTOMLPKQHNFFKD27CC,25,18.39,住家用,鋼筋混凝土造,82年7月16日,七層,
RPTOMLPKQHNFFKD27CC,25,1.86,共有部分,鋼筋混凝土造,82年7月16日,七層,
RPTOMLPKQHNFFKD27CC,25,4.26,共有部分,鋼筋混凝土造,82年7月16日,七層,
RPVOMLRKQHNFFKD67CC,2,111.35,住家用,見其他登記事項,105年5月12日,二十層,
RPVOMLRKQHNFFKD67CC,2,73.08,見其他登記事項,見其他登記事項,105年5月12日,二十層,
RPRNMLSKQHNFFKD27CC,33,115.53,工業用,鋼造,74年9月25日,一層,
RPRNMLSKQHNFFKD27CC,33,116.62,見其他登記事項,加強磚造,74年9月25日,二層,
RPQNMLRKQHNFFKD07CC,35,85.15,國民住宅,鋼筋混凝土造,72年2月24日,五層,
RPQNMLRKQHNFFKD07CC,35,5.18,共有部分,鋼筋混凝土造,72年2月24日,,
RPQNMLRKQHNFFKD07CC,35,.34,見其他登記事項,鋼筋混凝土造,72年2月24日,地下層,
RPQNMLRKQHNFFKD07CC,35,.34,見其他登記事項,鋼筋混凝土造,72年2月24日,地下層,
RPQNMLRKQHNFFKD07CC,35,.34,見其他登記事項,鋼筋混凝土造,72年2月24日,地下層,
RPQNMLRKQHNFFKD07CC,35,.34,見其他登記事項,鋼筋混凝土造,72年2月24日,地下層,
RPQNMLRKQHNFFKD07CC,35,.34,共有部分,鋼筋混凝土造,72年2月24日,,
RPQNMLRKQHNFFKD07CC,35,.15,國民住宅,鋼筋混凝土造,72年2月24日,五層,
RPQNMLRKQHNFFKD07CC,35,.34,共有部分,鋼筋混凝土造,72年2月24日,,
RPPPMLPKQHNFFKD96CC,2,111.80,住家用,見其他登記事項,105年5月12日,二十層,
RPPPMLPKQHNFFKD96CC,2,73.33,見其他登記事項,見其他登記事項,105年5月12日,二十層,
RPSOMLMLQHNFFCD78CC,38,1488.70,見其他登記事項,加強磚造,69年10月15日,一層,
RPOPMLMLQHNFFKD66CC,18,87.78,住家用,鋼筋混凝土造,89年5月4日,十八層,
RPOPMLMLQHNFFKD66CC,18,17.46,共有部分,鋼筋混凝土造,89年5月4日,十八層,
RPOPMLMLQHNFFKD66CC,18,8.85,共有部分,鋼筋混凝土造,89年5月4日,十八層,
RPVOMLMLQHNFFCD09CC,37,26.45,住家用,鋼筋混凝土造,70年12月23日,五層,
RPOPMLMLQHNFFCD48CC,35,241.36,見其他登記事項,鋼筋混凝土造,72年3月22日,三層,
RPTOMLMLQHNFFAD68CC,23,80.70,住家用,鋼筋混凝土造,84年9月12日,十八層,
RPTOMLMLQHNFFAD68CC,23,12.99,共有部分,鋼筋混凝土造,84年9月12日,十八層,
RPTOMLMLQHNFFAD68CC,23,11.25,共有部分,鋼筋混凝土造,84年9月12日,十八層,
RPSOMLNLQHNFFAD68CC,27,98.67,商業用,鋼筋混凝土造,80年8月30日,七層,
RPSOMLNLQHNFFAD68CC,27,51.26,共有部分,鋼筋混凝土造,80年8月30日,七層,
RPVOMLMLQHNFFAD88CC,24,54.98,住家用,鋼筋混凝土造,83年11月7日,九層,
RPVOMLMLQHNFFAD88CC,24,37.40,共有部分,鋼筋混凝土造,83年11月7日,九層,
RPWOMLMLQHNFFCD56CC,27,128.95,住商用,鋼筋混凝土造,81年1月25日,六層,
RPWOMLMLQHNFFCD56CC,27,9.67,共有部分,鋼筋混凝土造,81年1月25日,六層,
RPWOMLMLQHNFFCD56CC,27,4.34,共有部分,鋼筋混凝土造,81年1月25日,六層,
RPWOMLMLQHNFFCD56CC,27,16.37,共有部分,鋼筋混凝土造,81年1月25日,六層,
RPWOMLRLQHNFFAD86CC,11,122.04,見其他登記事項,鋼筋混凝土造,96年12月27日,十九層,
RPWOMLRLQHNFFAD86CC,11,30.58,共有部分,鋼筋混凝土造,96年12月27日,十九層,
RPQNMLTLQHNFFCD56CC,32,83.72,住家用,鋼筋混凝土造,75年6月28日,五層,
RPQNMLTLQHNFFCD56CC,32,7.07,共有部分,鋼筋混凝土造,75年6月28日,五層,
RPQNMLTLQHNFFCD56CC,32,16.59,共有部分,鋼筋混凝土造,75年6月28日,五層,
RPTNMLTLQHNFFCD86CC,24,75.21,住家用,鋼筋混凝土造,83年10月28日,七層,
RPTNMLTLQHNFFCD86CC,24,33.24,共有部分,鋼筋混凝土造,83年10月28日,八層,
RPROMLMLQHNFFBD58CC,12,53.59,見其他登記事項,鋼筋混凝土造,95年7月4日,四層,
RPWNMLMLQHNFFBD98CC,1,43.62,住商用,鋼筋混凝土造,107年1月3日,四層,
RPVNMLTLQHNFFCD07CC,23,49.97,住家用,鋼筋混凝土造,84年11月6日,二十層,
RPVNMLTLQHNFFCD07CC,23,10.49,共有部分,鋼筋混凝土造,84年11月6日,二十層,
RPVNMLTLQHNFFCD07CC,23,13.16,共有部分,鋼筋混凝土造,84年11月6日,二十層,
RPOOMLTLQHNFFCD09CC,37,1034.98,見其他登記事項,鋼筋混凝土加強磚造,70年11月16日,三層,
RPQNMLTLQHNFFAD98CC,26,19.60,住家用,鋼筋混凝土造,81年4月21日,七層,
RPQNMLTLQHNFFAD98CC,26,8.45,共有部分,鋼筋混凝土造,81年4月21日,七層,
RPTNMLRLQHNFFDD86DC,34,45.55,住商用,加強磚造,73年6月20日,二層,
RPVOMLTLQHNFFAD96CC,37,325.34,住商用,鋼筋混凝土造,71年1月15日,四層,
RPRNMLTLQHNFFAD09CC,24,38.58,商業用,鋼筋混凝土造,83年12月22日,二十一層,
RPRNMLTLQHNFFAD09CC,24,26.78,共有部分,鋼筋混凝土造,83年12月22日,二十一層,
RPRNMLTLQHNFFAD09CC,24,6.01,共有部分,鋼筋混凝土造,83年12月22日,二十一層,
RPPNMLSLQHNFFGD76CC,25,205.61,住商用,鋼筋混凝土構造,82年10月4日,四層,
RPWNMLTLQHNFFAD96CC,19,87.80,見其他登記事項,鋼筋混凝土造,88年2月23日,十四層,
RPWNMLTLQHNFFAD96CC,19,54.50,共有部分,鋼筋混凝土造,88年2月23日,十四層,
RPXOMLTLQHNFFAD17CC,2,85.41,見其他登記事項,見其他登記事項,106年1月24日,二十三層,
RPXOMLTLQHNFFAD17CC,2,71.78,見其他登記事項,見其他登記事項,106年1月24日,二十六層,
RPOPMLTLQHNFFAD98CC,30,50.11,住商用,鋼筋混凝土造,77年11月19日,三層,
RPQPMLTLQHNFFAD56CC,44,542.65,住商用,鋼筋混凝土構造,64年1月10日,四層,
RPXPMLTLQHNFFAD27CC,18,102.34,見其他登記事項,鋼筋混凝土造,89年4月6日,二十三層,
RPUPMLTLQHNFFAD96CC,23,23.40,住家用,鋼筋混凝土造,84年9月12日,十八層,
RPUNMLKMQHNFFAD58CC,24,51.17,住家用,鋼造,83年7月23日,一層,
RPROMLKMQHNFFCD58CC,33,58.28,住商用,鋼筋混凝土造,75年1月30日,四層,
RPSNMLNJRHNFFCD68CC,53,33.26,商業用,加強磚造,54年8月7日,二層,
RPSOMLKMQHNFFCD68CC,10,21.48,住家用,鋼筋混凝土造,97年2月29日,十四層,
RPSOMLKMQHNFFCD68CC,10,5.30,共有部分,鋼筋混凝土造,97年2月29日,十四層,
RPSOMLKMQHNFFCD68CC,10,6.99,共有部分,鋼筋混凝土造,97年2月29日,十四層,
RPROMLNJRHNFFHD56CC,3,177.33,見其他登記事項,見其他登記事項,104年9月3日,一層,
RPXNMLNJRHNFFAD98CC,,175.50,住商用,磚造,,四層,
RPUPMLNJRHNFFKD27CC,25,84.65,住家用,鋼筋混凝土構造,82年3月10日,十層,
RPVPMLNJRHNFFAD98CC,14,112.54,見其他登記事項,鋼筋混凝土造,93年5月21日,十一層,
RPPPMLNJRHNFFAD38CC,1,62.81,見其他登記事項,見其他登記事項,106年3月7日,十五層,
RPQNMLPJRHNFFKD86CC,14,168.16,住家用,鋼筋混凝土構造,94年1月4日,四層,
RPVNMLOJRHNFFKD27CC,22,77.25,住家用,鋼筋混凝土構造,85年9月18日,十二層,
RPRNMLPJRHNFFKD96CC,26,145.63,住家用,鋼筋混凝土構造,81年7月20日,四層,
RPTNMLPJRHNFFKD17CC,1,57.71,住家用,見其他登記事項,106年11月14日,十六層,
RPTNMLPJRHNFFKD17CC,1,29.60,見其他登記事項,見其他登記事項,106年11月14日,十六層,
RPQPMLNJRHNFFAD48CC,,78.60,見其他登記事項,見其他登記事項,104年11月5日,二十四層,
RPWNMLTLQHNFFKD97CC,15,209.84,住家用,鋼筋混凝土構造,92年12月23日,四層,
RPQOMLPJRHNFFCD78CC,1,59.95,見其他登記事項,鋼筋混凝土造,107年1月12日,五層,
RPQOMLPJRHNFFCD78CC,1,8.31,共有部分,鋼筋混凝土造,107年1月12日,五層,
RPQOMLPJRHNFFCD78CC,1,14.15,見其他登記事項,鋼筋混凝土造,107年1月12日,五層,
RPWNMLPJRHNFFAD56DC,15,270.85,見其他登記事項,見其他登記事項,92年10月29日,四層,
RPSNMLPJRHNFFCD88CC,35,87.47,住家用,鋼筋混凝土造,72年11月21日,五層,
RPSNMLPJRHNFFCD88CC,35,10.72,共有部分,鋼筋混凝土造,72年11月21日,五層,
RPVOMLQJRHNFFAD56CC,36,43.21,住家用,鋼筋混凝土造,71年11月19日,七層,
RPWNMLQJRHNFFCD76CC,2,64.98,見其他登記事項,鋼筋混凝土造,105年11月14日,七層,
RPWNMLQJRHNFFCD76CC,2,38.64,見其他登記事項,鋼筋混凝土造,105年11月14日,七層,
RPWNMLQJRHNFFCD76CC,2,9.36,見其他登記事項,鋼筋混凝土造,105年11月14日,七層,
RPXNMLQJRHNFFCD86CC,21,47.00,住商用,鋼筋混凝土造,87年2月16日,四層,
RPPOMLQJRHNFFAD58CC,14,88.38,見其他登記事項,鋼筋混凝土造,93年3月30日,十一層,
RPPOMLQJRHNFFAD58CC,14,45.96,共有部分,鋼筋混凝土造,93年3月30日,十一層,
RPOOMLQJRHNFFID66CC,24,149.92,住家用,鋼筋混凝土構造,83年4月22日,三層,
RPRNMLRJRHNFFCD98CC,11,31.23,住家用,鋼筋混凝土構造,97年2月29日,十四層,
RPTNMLRJRHNFFCD56CC,1,62.13,見其他登記事項,鋼筋混凝土構造,106年11月8日,十層,
RPTNMLRJRHNFFCD56CC,1,47.19,見其他登記事項,鋼筋混凝土構造,106年11月8日,十層,
RPVOMLKKRHNFFID86CC,40,83.42,住家用,加強磚造,67年8月10日,二層,
RPTNMLKKRHNFFBD58DC,35,107.53,住商用,加強磚造,72年5月3日,二層,
RPUNMLKKRHNFFDD78CC,24,25.69,住家用,鋼筋混凝土構造,83年5月3日,六層,
RPOOMLKKRHNFFHD68CC,21,92.01,住家用,鋼筋混凝土構造,86年8月25日,八層,
RPOOMLKKRHNFFHD68CC,21,12.41,見其他登記事項,鋼筋混凝土構造,86年8月25日,八層,
RPOOMLKKRHNFFHD68CC,21,32.09,見其他登記事項,鋼筋混凝土構造,86年8月25日,八層,
RPQOMLLKRHNFFAD28CC,72,80.34,住商用,磚造,36年1月1日,二層,
RPOOMLLKRHNFFAD08CC,3,74.26,見其他登記事項,見其他登記事項,104年11月5日,二十四層,
RPOOMLLKRHNFFAD08CC,3,12.25,見其他登記事項,見其他登記事項,104年11月5日,二十四層,
RPOOMLLKRHNFFAD08CC,3,2.66,見其他登記事項,見其他登記事項,104年11月5日,二十四層,
RPOOMLLKRHNFFAD08CC,3,70.53,見其他登記事項,見其他登記事項,104年11月5日,二十四層,
RPROMLLKRHNFFAD38CC,36,125.30,住商用,鋼筋混凝土造,72年2月26日,五層,
RPSOMLLKRHNFFAD48CC,1,84.13,見其他登記事項,見其他登記事項,106年10月20日,一層,
RPUNMLMKRHNFFCD88CC,46,234.72,見其他登記事項,見其他登記事項,61年12月30日,一層,
RPUNMLMKRHNFFCD88CC,44,196.98,住商用,加強磚造,63年6月7日,二層,
RPVNMLMKRHNFFCD98CC,10,29.43,住家用,鋼筋混凝土構造,97年2月29日,十四層,
RPVNMLMKRHNFFCD98CC,10,7.33,共有部分,鋼筋混凝土構造,97年2月29日,十四層,
RPVNMLMKRHNFFCD98CC,10,8.70,共有部分,鋼筋混凝土構造,97年2月29日,十四層,
RPWNMLNKRHNFFCD56CC,21,209.34,住家用,鋼筋混凝土構造,86年5月8日,十六層,
RPTNMLNKRHNFFCD88CC,18,64.42,見其他登記事項,鋼筋混凝土構造,89年9月15日,七層,
RPTNMLNKRHNFFCD88CC,8,26.89,見其他登記事項,鋼筋混凝土構造,99年5月7日,十四層,
RPROMLRJRHNFFKD27CC,24,80.96,住家用,鋼筋混凝土構造,83年6月2日,七層,
RPROMLRJRHNFFKD27CC,24,30.64,共有部分,鋼筋混凝土構造,83年6月2日,七層,
RPTNMLNKRHNFFKD07CC,34,45.84,住家用,鋼筋混凝土構造,73年10月29日,五層,
RPTNMLNKRHNFFKD07CC,34,7.02,共有部分,鋼筋混凝土構造,73年10月29日,五層,
RPWOMLNKRHNFFAD09CC,40,94.92,住家用,加強磚造,67年8月24日,二層,
RPUNMLNKRHNFFKD17CC,23,42.68,見其他登記事項,鋼筋混凝土構造,84年3月31日,十五層,
RPUOMLNKRHNFFAD88CC,10,122.20,見其他登記事項,鋼筋混凝土造,97年12月19日,十四層,
RPVQMLNKRHNFFAD56CC,1,147.84,見其他登記事項,見其他登記事項,106年5月18日,二十四層,
RPVQMLNKRHNFFAD56CC,1,67.87,見其他登記事項,見其他登記事項,106年5月18日,二十四層,
RPVQMLNKRHNFFAD56CC,1,36.52,見其他登記事項,見其他登記事項,106年5月18日,二十四層,
RPOOMLNKRHNFFKD66CC,1,103.35,見其他登記事項,見其他登記事項,106年6月23日,十五層,
RPOOMLNKRHNFFKD66CC,1,46.34,見其他登記事項,見其他登記事項,106年6月23日,十五層,
RPTOMLQJRHNFFKD37CC,37,146.89,工業用,鋼造,70年12月3日,一層,
RPROMLNKRHNFFAD68DC,37,81.53,住家用,鋼筋混凝土構造,70年10月17日,五層,
RPVNMLOKRHNFFCD56CC,7,105.14,見其他登記事項,鋼筋混凝土構造,100年5月17日,五層,
RPWNMLOKRHNFFCD66CC,7,106.43,見其他登記事項,鋼筋混凝土構造,100年5月17日,五層,
RPOPMLOKRHNFFAD48CC,12,23.38,見其他登記事項,見其他登記事項,95年7月13日,十一層,
RPOPMLOKRHNFFAD48CC,12,3.31,見其他登記事項,見其他登記事項,95年7月13日,十一層,
RPOPMLOKRHNFFAD48CC,12,4.30,共有部分,見其他登記事項,95年7月13日,十一層,
RPOPMLOKRHNFFAD48CC,12,7.12,共有部分,見其他登記事項,95年7月13日,十一層,
RPOPMLOKRHNFFAD48CC,12,.01,共有部分,見其他登記事項,95年7月13日,十一層,
RPXNMLOKRHNFFCD76CC,34,58.21,住家用,鋼筋混凝土構造,74年1月12日,五層,
RPQOMLOKRHNFFCD78CC,24,119.39,住家用,見其他登記事項,83年7月25日,一層,
RPVPMLRKRHNFFCD07CC,38,243.35,住商用,鋼筋混凝土構造,69年4月16日,四層,
RPVNMLRKRHNFFAD76DC,26,125.01,住商用,鋼筋混凝土造,82年1月7日,六層,
RPXPMLRKRHNFFAD07CC,16,80.74,見其他登記事項,鋼筋混凝土造,91年10月7日,四層,
RPPOMLRKRHNFFAD88DC,23,200.97,住商用,鋼筋混凝土造,84年10月24日,十三層,
RPPOMLRKRHNFFBD88CC,1,55.03,商業用,見其他登記事項,106年9月7日,一層,
RPWOMLRKRHNFFCD17DC,31,65.94,住商用,鋼筋混凝土構造,76年9月17日,四層,
RPWOMLRKRHNFFCD17DC,31,62.04,住商用,鋼筋混凝土構造,76年9月17日,四層,
RPVNMLSKRHNFFAD76CC,23,33.07,住家用,鋼筋混凝土造,84年11月21日,十二層,
RPQNMLTKRHNFFCD56CC,35,70.80,住家用,鋼筋混凝土構造,73年1月9日,五層,
RPQNMLTKRHNFFCD56CC,35,17.62,共有部分,鋼筋混凝土構造,73年1月9日,五層,
RPRNMLTKRHNFFCD66CC,37,85.86,住家用,鋼筋混凝土構造,70年9月4日,五層,
RPRNMLTKRHNFFCD66CC,37,1.15,共有部分,鋼筋混凝土構造,70年9月4日,五層,
RPUOMLTKRHNFFCD07CC,10,27.58,住家用,鋼筋混凝土構造,97年2月29日,十四層,
RPUOMLTKRHNFFCD07CC,10,6.80,共有部分,鋼筋混凝土構造,97年2月29日,十四層,
RPUOMLTKRHNFFCD07CC,10,9.00,共有部分,鋼筋混凝土構造,97年2月29日,十四層,
RPPNMLTKRHNFFKD27CC,19,94.10,住家用,鋼筋混凝土構造,88年8月24日,十四層,
RPPNMLTKRHNFFKD27CC,19,2.34,共有部分,鋼筋混凝土構造,88年8月24日,十四層,
RPPNMLTKRHNFFKD27CC,19,17.46,共有部分,鋼筋混凝土構造,88年8月24日,十四層,
RPPNMLTKRHNFFKD27CC,19,18.51,共有部分,鋼筋混凝土構造,88年8月24日,十四層,
RPVNMLTKRHNFFAD86CC,35,19.98,共有部分,鋼筋混凝土造,72年12月7日,五層,
RPVNMLTKRHNFFAD86CC,35,103.14,住家用,鋼筋混凝土造,72年12月7日,五層,
RPXNMLTKRHNFFHD77CC,28,96.30,住商用,鐵造,79年3月14日,二層,
RPXNMLTKRHNFFAD07CC,4,53.08,見其他登記事項,見其他登記事項,104年1月26日,九層,
RPXNMLTKRHNFFAD07CC,4,29.83,見其他登記事項,見其他登記事項,104年1月26日,九層,
RPOOMLTKRHNFFAD88CC,2,20.25,住家用,見其他登記事項,105年5月9日,五層,
RPROMLTKRHNFFAD56CC,2,56.75,見其他登記事項,見其他登記事項,106年1月24日,二十六層,
RPROMLTKRHNFFAD56CC,2,57.94,見其他登記事項,見其他登記事項,106年1月24日,二十六層,
RPQOMLTKRHNFFHD17CC,35,126.44,住家用,加強磚造,72年4月6日,二層,
RPPOMLTKRHNFFHD07CC,28,96.30,住商用,鐵造,79年3月14日,二層,
RPVNMLKLRHNFFBD78CC,11,227.18,見其他登記事項,鋼筋混凝土構造,96年4月3日,四層,
RPQNMLTKRHNFFID17CC,24,84.63,住家用,鋼筋混凝土構造,83年8月6日,七層,
RPQNMLTKRHNFFID17CC,24,24.78,共有部分,鋼筋混凝土構造,83年8月6日,七層,
RPQPMLKLRHNFFBD48CC,1,54.96,商業用,見其他登記事項,106年9月7日,一層,
RPOOMLKLRHNFFKD09CC,18,18.68,住家用,鋼筋混凝土構造,90年1月10日,十一層,
RPOOMLKLRHNFFKD09CC,18,4.21,共有部分,鋼筋混凝土構造,90年1月10日,十一層,
RPOOMLKLRHNFFKD09CC,18,2.73,共有部分,鋼筋混凝土構造,90年1月10日,十一層,
RPSOMLKLRHNFFKD86CC,19,41.31,住家用,鋼筋混凝土構造,88年3月17日,十一層,
RPSOMLKLRHNFFKD86CC,19,33.05,共有部分,鋼筋混凝土構造,88年3月17日,十一層,
RPSOMLKLRHNFFKD86CC,19,7.07,共有部分,鋼筋混凝土構造,88年3月17日,十一層,
RPUNMLKLRHNFFCD78CC,24,87.77,住家用,鋼筋混凝土構造,83年4月1日,十四層,
RPUNMLKLRHNFFCD78CC,24,23.75,共有部分,鋼筋混凝土構造,83年4月1日,十四層,
RPSNMLKLRHNFFCD58CC,27,175.03,住家用,鋼筋混凝土構造,80年6月20日,二十層,
RPSNMLKLRHNFFCD58CC,27,.79,共有部分,鋼筋混凝土構造,80年6月20日,二十一層,
RPSNMLKLRHNFFCD58CC,27,23.42,共有部分,鋼筋混凝土構造,80年6月20日,二十一層,
RPSNMLKLRHNFFCD58CC,27,16.06,共有部分,鋼筋混凝土構造,80年6月20日,二十一層,
RPSNMLKLRHNFFCD58CC,27,11.08,停車空間,鋼筋混凝土構造,80年6月20日,二十一層,
RPXNMLKLRHNFFCD09CC,19,115.01,見其他登記事項,鋼筋混凝土構造,88年11月16日,十二層,
RPXNMLKLRHNFFCD09CC,19,23.96,共有部分,鋼筋混凝土構造,88年11月16日,十二層,
RPXNMLKLRHNFFCD09CC,19,19.86,共有部分,鋼筋混凝土構造,88年11月16日,十二層,
RPUOMLKLRHNFFCD88CC,10,28.32,住家用,鋼筋混凝土構造,97年2月29日,十四層,
RPUOMLKLRHNFFCD88CC,10,6.98,共有部分,鋼筋混凝土構造,97年2月29日,十四層,
RPUOMLKLRHNFFCD88CC,10,8.36,共有部分,鋼筋混凝土構造,97年2月29日,十四層,
RPSNMLTKRHNFFAD56CC,9,33.06,見其他登記事項,鋼筋混凝土造,98年5月25日,五層,
RPWNMLTKRHNFFAD96CC,26,253.92,住商用,鋼筋混凝土構造,81年7月25日,四層,
RPSOMLKLRHNFFCD68CC,28,27.86,住家用,鋼筋混凝土構造,79年8月27日,六層,
RPSOMLKLRHNFFCD68CC,28,13.64,共有部分,鋼筋混凝土構造,79年8月27日,六層,
RPQNMLKLRHNFFAD18CC,23,47.48,住家用,鋼筋混凝土構造,84年7月25日,十五層,
RPQNMLKLRHNFFAD18CC,23,4.14,共有部分,鋼筋混凝土構造,84年7月25日,十五層,
RPQNMLKLRHNFFAD18CC,23,8.87,共有部分,鋼筋混凝土構造,84年7月25日,十五層,
RPROMLKLRHNFFAD38CC,3,72.63,見其他登記事項,見其他登記事項,104年11月5日,二十四層,
RPROMLKLRHNFFAD38CC,3,30.74,見其他登記事項,見其他登記事項,104年11月5日,二十四層,
RPRNMLKLRHNFFAD28CC,22,388.46,住商用,鋼筋混凝土構造,85年5月7日,四層,
RPPOMLKLRHNFFAD18CC,2,56.75,見其他登記事項,見其他登記事項,106年1月24日,二十六層,
RPPOMLKLRHNFFAD18CC,2,57.94,見其他登記事項,見其他登記事項,106年1月24日,二十六層,
RPWNMLKLRHNFFAD78CC,88,53.72,商業用,鋼筋混凝土加強磚造,20年1月1日,三層,
RPXOMLKLRHNFFAD98CC,3,71.28,見其他登記事項,見其他登記事項,104年11月5日,二十四層,
RPXOMLKLRHNFFAD98CC,3,29.53,見其他登記事項,見其他登記事項,104年11月5日,二十四層,
RPWOMLKLRHNFFAD88CC,2,100.88,見其他登記事項,見其他登記事項,105年11月8日,十三層,
RPWOMLKLRHNFFAD88CC,2,80.76,見其他登記事項,見其他登記事項,105年11月8日,十三層,
RPUOMLKLRHNFFAD68CC,25,43.26,住商用,鋼筋混凝土構造,82年12月3日,五層,
RPQPMLKLRHNFFAD38CC,63,38.93,住家用,加強磚造,44年7月18日,一層,
RPRNMLLLRHNFFCD58CC,27,39.16,住家用,鋼筋混凝土構造,80年11月2日,七層,
RPQQMLKLRHNFFAD48CC,42,392.67,,鋼筋混凝土構造,65年4月2日,三層,
RPRPMLKLRHNFFAD48CC,19,149.84,見其他登記事項,鋼筋混凝土構造,88年7月16日,十三層,
RPRPMLKLRHNFFAD48CC,19,22.58,共有部分,鋼筋混凝土構造,88年7月16日,十三層,
RPRPMLKLRHNFFAD48CC,19,49.58,共有部分,鋼筋混凝土構造,88年7月16日,十三層,
RPUNMLLLRHNFFCD88CC,10,23.30,住家用,鋼筋混凝土構造,97年2月29日,十四層,
RPUNMLLLRHNFFCD88CC,10,5.74,共有部分,鋼筋混凝土構造,97年2月29日,十四層,
RPUNMLLLRHNFFCD88CC,10,6.88,共有部分,鋼筋混凝土構造,97年2月29日,十四層,
RPTNMLLLRHNFFHD66CC,43,110.32,住家用,加強磚造,64年7月15日,二層,
RPRQMLKLRHNFFAD58CC,15,227.25,見其他登記事項,見其他登記事項,92年10月29日,四層,
RPSQMLKLRHNFFAD68CC,3,55.02,見其他登記事項,見其他登記事項,104年11月5日,二十四層,
RPSQMLKLRHNFFAD68CC,3,23.51,見其他登記事項,見其他登記事項,104年11月5日,二十四層,
RPPOMLLLRHNFFAD28CC,29,50.82,住商用,鋼筋混凝土造,79年3月5日,四層,
RPRNMLNLRHNFFAD58CC,11,21.16,見其他登記事項,見其他登記事項,96年8月24日,十四層,
RPXNMLPLRHNFFCD96CC,28,28.30,住家用,鋼筋混凝土構造,79年10月17日,七層,
RPXNMLPLRHNFFCD96CC,28,7.42,共有部分,鋼筋混凝土構造,79年10月17日,七層,
RPXNMLPLRHNFFCD96CC,28,3.69,共有部分,鋼筋混凝土構造,79年10月17日,七層,
RPWOMLPLRHNFFKD77CC,33,16.53,見其他登記事項,鋼筋混凝土構造,74年7月30日,二層,
RPUPMLPLRHNFFKD67CC,27,127.27,住商用,鋼筋混凝土構造,80年5月13日,十層,
RPQNMLNLRHNFFAD48CC,11,24.00,見其他登記事項,見其他登記事項,96年8月24日,十四層,
RPTOMLPLRHNFFCD66CC,2,54.69,見其他登記事項,鋼筋混凝土構造,105年12月1日,七層,
RPTOMLPLRHNFFCD66CC,2,31.58,見其他登記事項,鋼筋混凝土構造,105年12月1日,七層,
RPRNMLQLRHNFFKD27CC,34,66.46,住家用,鋼筋混凝土構造,73年10月29日,五層,
RPRNMLQLRHNFFKD27CC,34,4.14,共有部分,鋼筋混凝土構造,73年10月29日,五層,
RPVOMLPLRHNFFAD66CC,38,66.26,住家用,鋼筋混凝土造,69年5月7日,八層,
RPVOMLPLRHNFFAD66CC,38,8.34,共有部分,鋼筋混凝土造,69年5月7日,八層,
RPTNMLQLRHNFFKD47CC,25,24.83,住家用,鋼筋混凝土構造,82年7月16日,七層,
RPTNMLQLRHNFFKD47CC,25,1.89,共有部分,鋼筋混凝土構造,82年7月16日,七層,
RPTNMLQLRHNFFKD47CC,25,5.35,共有部分,鋼筋混凝土構造,82年7月16日,七層,
RPVNMLQLRHNFFKD67CC,25,71.15,住家用,鋼筋混凝土構造,82年8月12日,七層,
RPVNMLQLRHNFFKD67CC,25,6.57,見其他登記事項,鋼筋混凝土構造,82年8月12日,七層,
RPVNMLQLRHNFFKD67CC,25,7.27,共有部分,鋼筋混凝土構造,82年8月12日,七層,
RPWNMLQLRHNFFKD77CC,46,16.53,住家用,鋼筋混凝土加強磚造,61年2月28日,二層,
RPQNMLQLRHNFFCD98CC,39,48.15,住商用,鋼筋混凝土構造,68年9月3日,四層,
RPXNMLQLRHNFFCD07CC,32,103.16,住家用,鋼筋混凝土構造,75年6月28日,五層,
RPPOMLQLRHNFFCD98CC,28,17.02,商業用,鋼筋混凝土構造,79年9月26日,十二層,
RPPOMLQLRHNFFCD98CC,28,16.91,商業用,鋼筋混凝土構造,79年9月26日,十二層,
RPPOMLQLRHNFFCD98CC,28,8.71,共有部分,鋼筋混凝土構造,79年9月26日,十二層,
RPPOMLQLRHNFFCD98CC,28,8.86,共有部分,鋼筋混凝土構造,79年9月26日,十二層,
RPQNMLQLRHNFFAD78CC,11,9.83,共有部分,鋼筋混凝土造,96年7月19日,十四層,
RPQNMLQLRHNFFAD78CC,11,49.85,見其他登記事項,鋼筋混凝土造,96年7月19日,十四層,
RPQNMLQLRHNFFAD78CC,11,11.95,共有部分,鋼筋混凝土造,96年7月19日,十四層,
RPUOMLQLRHNFFAD66CC,14,143.60,見其他登記事項,鋼筋混凝土造,93年8月18日,十層,
RPWOMLQLRHNFFAD86CC,31,48.23,住家用,鋼筋混凝土造,77年2月22日,五層,
RPWOMLQLRHNFFAD86CC,31,10.76,共有部分,鋼筋混凝土造,77年2月22日,五層,
RPPPMLQLRHNFFAD88CC,20,24.60,見其他登記事項,鋼筋混凝土造,87年7月6日,五層,
RPPPMLQLRHNFFAD88CC,20,8.84,共有部分,鋼筋混凝土造,87年7月6日,五層,
RPQPMLQLRHNFFAD98CC,20,23.93,見其他登記事項,鋼筋混凝土造,87年7月6日,五層,
RPQPMLQLRHNFFAD98CC,20,8.84,共有部分,鋼筋混凝土造,87年7月6日,五層,
RPTPMLQLRHNFFAD66CC,20,23.93,見其他登記事項,鋼筋混凝土造,87年7月6日,五層,
RPTPMLQLRHNFFAD66CC,20,8.84,共有部分,鋼筋混凝土造,87年7月6日,五層,
RPWPMLQLRHNFFAD96CC,20,24.01,見其他登記事項,鋼筋混凝土造,87年7月6日,五層,
RPWPMLQLRHNFFAD96CC,20,8.87,共有部分,鋼筋混凝土造,87年7月6日,五層,
RPOQMLQLRHNFFAD88CC,20,24.01,見其他登記事項,鋼筋混凝土造,87年7月6日,五層,
RPOQMLQLRHNFFAD88CC,20,8.87,共有部分,鋼筋混凝土造,87年7月6日,五層,
RPUOMLQLRHNFFKD67CC,38,171.16,住商用,加強磚造,69年6月6日,三層,
RPSOMLQLRHNFFKD47CC,21,164.79,住商用,鋼筋混凝土構造,86年9月26日,十一層,
RPSOMLQLRHNFFKD47CC,21,41.99,共有部分,鋼筋混凝土構造,86年9月26日,十一層,
RPSOMLQLRHNFFKD47CC,21,16.43,共有部分,鋼筋混凝土構造,86年9月26日,十一層,
RPSNMLQLRHNFFID17CC,39,157.78,見其他登記事項,加強磚造,68年10月1日,二層,
RPSNMLQLRHNFFID17CC,39,269.62,工業用,鋼造,68年10月1日,一層,
RPQQMLQLRHNFFAD09CC,20,24.05,見其他登記事項,鋼筋混凝土造,87年7月6日,五層,
RPQQMLQLRHNFFAD09CC,20,8.67,共有部分,鋼筋混凝土造,87年7月6日,五層,
RPSQMLQLRHNFFAD66CC,20,49.87,見其他登記事項,鋼筋混凝土造,87年7月6日,五層,
RPSQMLQLRHNFFAD66CC,20,17.74,共有部分,鋼筋混凝土造,87年7月6日,五層,
RPRQMLQLRHNFFAD56CC,20,24.60,住家用,鋼筋混凝土造,87年7月6日,五層,
RPRQMLQLRHNFFAD56CC,20,8.84,共有部分,鋼筋混凝土造,87年7月6日,五層,
RPXOMLSLRHNFFCD37CC,11,28.26,住家用,鋼筋混凝土構造,97年2月29日,十四層,
RPXOMLSLRHNFFCD37CC,11,6.98,共有部分,鋼筋混凝土構造,97年2月29日,十四層,
RPXOMLSLRHNFFCD37CC,11,8.41,共有部分,鋼筋混凝土構造,97年2月29日,十四層,
RPTOMLSLRHNFFCD96CC,19,85.55,見其他登記事項,鋼筋混凝土構造,88年3月12日,十層,
RPTOMLSLRHNFFCD96CC,19,.03,共有部分,鋼筋混凝土構造,88年3月12日,十層,
RPTOMLSLRHNFFCD96CC,19,3.95,共有部分,鋼筋混凝土構造,88年3月12日,十層,
RPSNMLRLRHNFFCD66CC,35,87.14,住家用,鋼筋混凝土構造,73年1月18日,十二層,
RPSNMLRLRHNFFCD66CC,35,15.92,共有部分,鋼筋混凝土構造,73年1月18日,十二層,
RPOPMLSLRHNFFCD56CC,11,21.70,住家用,鋼筋混凝土構造,97年2月29日,十四層,
RPOPMLSLRHNFFCD56CC,11,5.39,共有部分,鋼筋混凝土構造,97年2月29日,十四層,
RPOPMLSLRHNFFCD56CC,11,7.11,共有部分,鋼筋混凝土構造,97年2月29日,十四層,
RPPQMLRLRHNFFAD09CC,20,24.05,見其他登記事項,鋼筋混凝土造,87年7月6日,五層,
RPPQMLRLRHNFFAD09CC,20,8.63,共有部分,鋼筋混凝土造,87年7月6日,五層,
RPRQMLRLRHNFFAD66CC,20,23.63,見其他登記事項,鋼筋混凝土造,87年7月6日,五層,
RPRQMLRLRHNFFAD66CC,20,8.67,共有部分,鋼筋混凝土造,87年7月6日,五層,
RPVOMLSLRHNFFAD96CC,41,37.66,住家用,鋼筋混凝土造,66年12月2日,七層,
RPVOMLSLRHNFFAD96CC,41,6.14,共有部分,鋼筋混凝土造,66年12月2日,七層,
RPTOMLSLRHNFFAD76CC,41,31.30,住家用,鋼筋混凝土造,66年12月2日,七層,
RPTOMLSLRHNFFAD76CC,41,6.14,共有部分,鋼筋混凝土造,66年12月2日,七層,
RPUPMLSLRHNFFAD96CC,39,114.56,住商用,鋼筋混凝土構造,68年12月7日,三層,
RPVNMLSLRHNFFHD57CC,22,148.49,住家用,鋼筋混凝土構造,85年11月8日,三層,
RPQNMLQLRHNFFFD66CC,1,149.83,見其他登記事項,見其他登記事項,107年3月20日,一層,
RPSNMLTLRHNFFCD86CC,33,129.62,住家用,鋼筋混凝土構造,74年11月22日,二層,
RPQOMLSLRHNFFAD56DC,21,102.38,住家用,鋼筋混凝土造,86年10月22日,二十四層,
RPROMLTLRHNFFAD66CC,38,82.81,住家用,鋼筋混凝土造,69年5月7日,八層,
RPROMLTLRHNFFAD66CC,38,8.34,共有部分,鋼筋混凝土造,69年5月7日,八層,
RPVNMLKMRHNFFAD78CC,11,22.55,見其他登記事項,見其他登記事項,96年8月24日,十四層,
RPOOMLMJIINFFKD28CC,20,31.45,住家用,鋼筋混凝土構造,87年6月2日,七層,
RPSNMLLJIINFFKD48CC,6,59.03,見其他登記事項,見其他登記事項,101年8月17日,十九層,
RPSNMLLJIINFFKD48CC,6,29.35,見其他登記事項,見其他登記事項,101年8月17日,十九層,
RPPOMLKMRHNFFAD28CC,11,18.72,見其他登記事項,見其他登記事項,96年8月24日,十四層,
RPTOMLKMRHNFFAD68CC,10,56.95,見其他登記事項,鋼筋混凝土造,97年12月19日,十四層,
RPWOMLMJIINFFCD28CC,24,62.07,住家用,鋼筋混凝土構造,84年3月25日,十四層,
RPSOMLMJIINFFCD87CC,8,33.06,見其他登記事項,鋼筋混凝土構造,99年9月15日,三層,
RPPNMLSLRHNFFDD56CC,37,117.92,住商用,加強磚造,70年12月31日,二層,
RPXOMLMJIINFFCD38CC,38,181.83,住商用,鋼筋混凝土構造,69年12月17日,三層,
RPWPMLMJIINFFCD38CC,11,412.10,見其他登記事項,鋼筋混凝土構造,96年8月17日,一層,
RPTPMLMJIINFFCD08CC,2,205.16,見其他登記事項,鋼筋混凝土構造,106年1月9日,五層,
RPTPMLMJIINFFCD08CC,2,50.46,見其他登記事項,鋼筋混凝土構造,106年1月9日,五層,
RPTNMLNJIINFFCD97CC,38,147.45,住家用,鋼筋混凝土構造,69年12月20日,三層,
RPROMLMJIINFFAD57CC,43,38.80,住商用,加強磚造,64年12月4日,二層,
RPSOMLMJIINFFAD67CC,23,37.08,住家用,鋼筋混凝土造,84年10月24日,十三層,
RPXNMLMJIINFFAD08CC,22,64.06,住家用,鋼筋混凝土造,85年3月19日,五層,
RPXNMLMJIINFFAD08CC,22,4.20,共有部分,鋼筋混凝土造,85年3月19日,五層,
RPRPMLMJIINFFAD67CC,37,60.61,住家用,鋼筋混凝土造,70年12月28日,十二層,
RPUPMLMJIINFFAD97CC,26,43.44,住家用,鋼筋混凝土造,81年8月13日,五層,
RPRNMLMJIINFFAD57DC,25,148.05,住家用,鋼筋混凝土造,82年7月3日,六層,
RPOOMLOJIINFFCD67CC,11,23.20,住家用,鋼筋混凝土構造,97年2月29日,十四層,
RPOOMLOJIINFFCD67CC,11,5.74,共有部分,鋼筋混凝土構造,97年2月29日,十四層,
RPOOMLOJIINFFCD67CC,11,7.56,共有部分,鋼筋混凝土構造,97年2月29日,十四層,
RPVNMLNJIINFFKD98CC,37,70.74,住家用,鋼筋混凝土構造,70年12月7日,五層,
RPVNMLNJIINFFKD98CC,37,13.27,共有部分,鋼筋混凝土構造,70年12月7日,五層,
RPVNMLPJIINFFCD38CC,3,253.34,見其他登記事項,鋼筋混凝土構造,104年4月16日,四層,
RPWNMLPJIINFFBD38CC,28,141.14,住商用,鋼筋混凝土構造,80年2月4日,二層,
RPRNMLOJIINFFAD67CC,45,284.59,住家用,加強磚造,62年4月2日,三層,
RPTNMLOJIINFFAD87CC,23,34.29,住商用,鋼筋混凝土構造,84年8月29日,十七層,
RPTNMLOJIINFFAD87CC,23,52.29,住商用,鋼筋混凝土構造,84年8月29日,十七層,
RPTNMLOJIINFFAD87CC,23,52.29,住商用,鋼筋混凝土構造,84年8月29日,十七層,
RPTNMLOJIINFFAD87CC,23,18.00,住商用,鋼筋混凝土構造,84年8月29日,十七層,
RPTNMLOJIINFFAD87CC,23,12.96,住商用,鋼筋混凝土構造,84年8月29日,十七層,
RPTNMLOJIINFFAD87CC,23,52.63,共有部分,鋼筋混凝土構造,84年8月29日,十七層,
RPWOMLPJIINFFAD48DC,2,118.31,見其他登記事項,見其他登記事項,106年1月24日,二十層,
RPWOMLPJIINFFAD48DC,2,42.56,見其他登記事項,見其他登記事項,106年1月24日,二十六層,
RPWOMLPJIINFFAD48DC,2,42.56,見其他登記事項,見其他登記事項,106年1月24日,二十六層,
RPVQMLSJIINFFCD98CC,5,63.16,見其他登記事項,鋼筋混凝土構造,102年12月17日,四層,
RPRNMLNJIINFFKD58CC,22,76.22,國民住宅,鋼筋混凝土構造,86年1月28日,十九層,
RPRNMLNJIINFFKD58CC,22,8.21,共有部分,鋼筋混凝土構造,86年1月28日,十九層,
RPRNMLNJIINFFKD58CC,22,14.32,共有部分,鋼筋混凝土構造,86年1月28日,十九層,
RPUNMLOJIINFFKD98CC,28,87.14,住家用,鋼筋混凝土構造,79年11月7日,六層,
RPUNMLOJIINFFKD98CC,28,25.72,共有部分,鋼筋混凝土構造,79年11月7日,六層,
RPPNMLSJIINFFKD88CC,29,117.84,見其他登記事項,鋼筋混凝土構造,79年3月17日,十六層,
RPPNMLSJIINFFKD88CC,29,117.84,見其他登記事項,鋼筋混凝土構造,79年3月17日,十六層,
RPXNMLSJIINFFAD68CC,17,279.24,住商用,鋼筋混凝土造,90年11月14日,四層,
RPPOMLTJIINFFKD09CC,19,54.95,見使用執照,鋼筋混凝土構造,88年4月26日,十二層,
RPPOMLTJIINFFKD09CC,19,6.23,共有部分,鋼筋混凝土構造,88年4月26日,十二層,
RPPOMLTJIINFFKD09CC,19,16.99,共有部分,鋼筋混凝土構造,88年4月26日,十二層,
RPQOMLTJIINFFKD56CC,24,86.97,住家用,鋼筋混凝土構造,83年9月26日,十四層,
RPQOMLTJIINFFKD56CC,24,42.66,共有部分,鋼筋混凝土構造,83年9月26日,十四層,
RPRRMLTJIINFFCD78CC,25,23.48,住家用,鋼筋混凝土構造,82年8月26日,五層,
RPRRMLTJIINFFCD78CC,25,8.64,共有部分,鋼筋混凝土構造,82年8月26日,五層,
RPVRMLTJIINFFCD56CC,38,76.29,見其他登記事項,鋼筋混凝土構造,69年5月22日,七層,
RPVRMLTJIINFFCD56CC,38,9.84,共有部分,鋼筋混凝土構造,69年5月22日,七層,
RPROMLTJIINFFAD28CC,19,57.45,見其他登記事項,鋼筋混凝土造,88年4月6日,八層,
RPROMLTJIINFFAD28CC,19,29.24,共有部分,鋼筋混凝土造,88年4月6日,八層,
RPOOMLTJIINFFBD08CC,23,38.64,住家用,鋼筋混凝土構造,84年9月1日,三層,
RPOOMLSJIINFFAD87CC,38,104.59,住家用,鋼筋混凝土造,69年9月30日,四層,
RPOOMLSJIINFFAD87CC,38,14.17,共有部分,鋼筋混凝土造,69年9月30日,四層,
RPTNMLLKIINFFCD87CC,38,678.13,見其他登記事項,見其他登記事項,70年2月13日,二層,
RPUOMLLKIINFFBD97CC,22,99.67,住家用,鋼筋混凝土構造,85年8月16日,十七層,
RPPNMLKKIINFFHD87CC,23,120.44,住家用,鋼筋混凝土構造,84年11月16日,二層,
RPQNMLKKIINFFHD97CC,9,90.59,住家用,鋼筋混凝土構造,98年5月4日,十三層,
RPUNMLLKIINFFCD97CC,11,89.29,住家用,鋼筋混凝土構造,96年9月6日,十四層,
RPWNMLLKIINFFCD28DC,35,92.93,住家用,鋼筋混凝土構造,73年1月18日,十二層,
RPPOMLMKIINFFCD67CC,26,90.82,住家用,鋼筋混凝土構造,81年7月9日,七層,
RPPOMLMKIINFFCD67CC,26,40.18,共有部分,鋼筋混凝土構造,81年7月9日,七層,
RPVNMLMKIINFFKD98CC,24,249.49,住商用,鋼筋混凝土構造,83年9月24日,五層,
RPOOMLMKIINFFAD37CC,3,58.73,見其他登記事項,見其他登記事項,104年11月5日,二十四層,
RPOOMLMKIINFFAD37CC,3,25.32,見其他登記事項,見其他登記事項,104年11月5日,二十四層,
RPWPMLMKIINFFAD38DC,10,1183.09,見其他登記事項,鋼筋混凝土造,97年8月25日,五層,
RPQNMLNKIINFFAD57CC,40,16.52,住家用,加強磚造,67年11月11日,二層,
RPRNMLNKIINFFAD67CC,40,56.18,住家用,加強磚造,67年11月11日,二層,
RPOOMLMKIINFFID18CC,26,159.61,住家用,鋼筋混凝土構造,82年2月19日,三層,
RPUOMLPKIINFFAD28CC,20,23.93,見其他登記事項,鋼筋混凝土造,87年7月6日,五層,
RPUOMLPKIINFFAD28CC,20,8.84,共有部分,鋼筋混凝土造,87年7月6日,五層,
RPROMLPKIINFFAD97CC,20,23.63,見其他登記事項,鋼筋混凝土造,87年7月6日,五層,
RPROMLPKIINFFAD97CC,20,8.67,共有部分,鋼筋混凝土造,87年7月6日,五層,
RPPOMLPKIINFFCD97CC,23,51.96,住家用,鋼筋混凝土構造,84年12月21日,八層,
RPPOMLPKIINFFCD97CC,23,9.93,共有部分,鋼筋混凝土構造,84年12月21日,八層,
RPPOMLPKIINFFCD97CC,23,5.00,共有部分,鋼筋混凝土構造,84年12月21日,八層,
RPROMLTJIINFFID09CC,24,154.72,住家用,鋼筋混凝土構造,83年12月24日,三層,
RPTOMLPKIINFFCD38CC,11,25.48,住家用,鋼筋混凝土構造,97年2月29日,十四層,
RPTOMLPKIINFFCD38CC,11,6.36,共有部分,鋼筋混凝土構造,97年2月29日,十四層,
RPTOMLPKIINFFCD38CC,11,8.32,共有部分,鋼筋混凝土構造,97年2月29日,十四層,
RPRPMLQKIINFFDD48CC,24,74.23,住家用,鋼筋混凝土構造,83年4月1日,八層,
RPWOMLPKIINFFAD48CC,2,83.00,見其他登記事項,見其他登記事項,105年11月9日,二十七層,
RPWOMLPKIINFFAD48CC,2,73.00,見其他登記事項,見其他登記事項,105年11月9日,二十七層,
RPQNMLQKIINFFAD87CC,20,34.05,見其他登記事項,鋼筋混凝土造,87年7月6日,五層,
RPQNMLQKIINFFAD87CC,20,37.15,共有部分,鋼筋混凝土造,87年7月6日,五層,
RPPOMLRKIINFFCD18CC,11,43.36,住家用,鋼筋混凝土構造,97年2月29日,十四層,
RPPOMLRKIINFFCD18CC,11,10.86,共有部分,鋼筋混凝土構造,97年2月29日,十四層,
RPPOMLRKIINFFCD18CC,11,12.82,共有部分,鋼筋混凝土構造,97年2月29日,十四層,
RPXNMLSKIINFFKD17CC,24,49.34,見其他登記事項,鋼筋混凝土構造,84年3月31日,十五層,
RPXNMLRKIINFFKD07CC,23,169.31,見其他登記事項,鋼筋混凝土構造,84年5月12日,四層,
RPRNMLSKIINFFKD56CC,4,93.24,見其他登記事項,見其他登記事項,104年1月20日,二層,
RPPNMLRKIINFFAD87CC,35,89.96,住家用,鋼筋混凝土造,72年7月26日,五層,
RPROMLRKIINFFHD88CC,25,151.53,見其他登記事項,鋼筋混凝土構造,82年8月4日,七層,
RPROMLRKIINFFHD88CC,25,29.81,見其他登記事項,鋼筋混凝土構造,82年8月4日,七層,
RPTNMLSKIINFFKD76CC,22,138.15,住商用,鋼筋混凝土構造,85年10月28日,八層,
RPVOMLSKIINFFKD07CC,38,64.80,住商用,鋼筋混凝土構造,69年11月6日,二層,
RPUOMLSKIINFFKD96CC,28,188.10,見其他登記事項,鋼筋混凝土構造,79年8月24日,五層,
RPPOMLSKIINFFCD28CC,8,173.25,住家用,鋼筋混凝土構造,99年12月13日,十四層,
RPWOMLSKIINFFKD17CC,6,106.54,見其他登記事項,見其他登記事項,101年8月17日,十九層,
RPWOMLSKIINFFKD17CC,6,56.46,見其他登記事項,見其他登記事項,101年8月17日,十九層,
RPTNMLSKIINFFHD09CC,2,68.10,見其他登記事項,鋼筋混凝土構造,105年5月31日,五層,
RPVNMLSKIINFFAD58CC,14,19.83,見其他登記事項,鋼筋混凝土造,93年8月18日,四層,
RPQOMLSKIINFFAD18CC,44,96.97,住家用,加強磚造,63年8月16日,二層,
RPTOMLSKIINFFAD48CC,22,70.53,住家用,鋼筋混凝土造,85年9月7日,十七層,
RPWPMLSKIINFFAD88CC,12,286.72,見其他登記事項,見其他登記事項,95年11月17日,五層,
RPWNMLSKIINFFAD68CC,18,89.72,見其他登記事項,鋼筋混凝土造,89年11月20日,十四層,
RPVPMLSKIINFFAD78CC,2,118.48,見其他登記事項,見其他登記事項,106年1月24日,二十三層,
RPVPMLSKIINFFAD78CC,2,.83,見其他登記事項,見其他登記事項,106年1月24日,二十六層,
RPVPMLSKIINFFAD78CC,2,.55,見其他登記事項,見其他登記事項,106年1月24日,二十六層,
RPVPMLSKIINFFAD78CC,2,87.86,見其他登記事項,見其他登記事項,106年1月24日,二十六層,
RPQPMLSKIINFFAD28CC,3,180.35,住家用,見其他登記事項,104年11月23日,四層,
RPQPMLSKIINFFAD28CC,3,.11,見其他登記事項,見其他登記事項,104年11月23日,四層,
RPRNMLTKIINFFCD48CC,23,60.79,住家用,鋼筋混凝土構造,84年11月6日,二十層,
RPRNMLTKIINFFCD48CC,23,12.79,共有部分,鋼筋混凝土構造,84年11月6日,二十層,
RPRNMLTKIINFFCD48CC,23,17.47,共有部分,鋼筋混凝土構造,84年11月6日,二十層,
RPUNMLTKIINFFAD58CC,28,582.63,商業用,鋼筋混凝土造,79年4月30日,十二層,
RPWNMLMLIINFFCD38CC,3,254.45,見其他登記事項,見其他登記事項,104年4月20日,一層,
RPQNMLKLIINFFHD08CC,11,108.96,見其他登記事項,鋼筋混凝土構造,96年7月12日,五層,
RPTOMLTKIINFFKD96CC,14,58.31,住商用,鋼筋混凝土構造,94年3月15日,五層,
RPPNMLKLIINFFHD97CC,24,71.12,住家用,鋼筋混凝土構造,83年8月6日,八層,
RPTOMLTKIINFFAD58CC,2,56.69,見其他登記事項,見其他登記事項,106年1月24日,二十六層,
RPTOMLTKIINFFAD58CC,2,.40,見其他登記事項,見其他登記事項,106年1月24日,二十六層,
RPTOMLTKIINFFAD58CC,2,.27,見其他登記事項,見其他登記事項,106年1月24日,二十六層,
RPTOMLTKIINFFAD58CC,2,57.95,見其他登記事項,見其他登記事項,106年1月24日,二十六層,
RPUOMLTKIINFFAD68CC,5,60.44,見其他登記事項,見其他登記事項,102年6月20日,十五層,
RPUOMLTKIINFFAD68CC,5,14.91,見其他登記事項,見其他登記事項,102年6月20日,十五層,
RPUOMLTKIINFFAD68CC,5,16.52,見其他登記事項,見其他登記事項,102年6月20日,十五層,
RPPNMLMLIINFFAD47CC,1,167.64,見其他登記事項,見其他登記事項,107年2月6日,二層,
RPPNMLMLIINFFAD47CC,1,167.64,住家用,見其他登記事項,107年2月6日,二層,
RPWQMLMLIINFFAD48CC,25,66.11,住家用,鋼筋混凝土造,82年12月9日,八層,
RPWQMLMLIINFFAD48CC,25,13.00,共有部分,鋼筋混凝土造,82年12月9日,八層,
RPWQMLMLIINFFAD48CC,25,13.74,共有部分,鋼筋混凝土造,82年12月9日,八層,
RPPRMLMLIINFFAD87CC,20,24.10,見其他登記事項,鋼筋混凝土造,87年7月6日,五層,
RPPRMLMLIINFFAD87CC,20,8.84,共有部分,鋼筋混凝土造,87年7月6日,五層,
RPTRMLMLIINFFAD28CC,20,30.02,見其他登記事項,鋼筋混凝土造,87年7月6日,五層,
RPTRMLMLIINFFAD28CC,20,17.68,共有部分,鋼筋混凝土造,87年7月6日,五層,
RPRRMLMLIINFFAD08CC,20,24.05,見其他登記事項,鋼筋混凝土造,87年7月6日,五層,
RPRRMLMLIINFFAD08CC,20,8.67,共有部分,鋼筋混凝土造,87年7月6日,五層,
RPQRMLMLIINFFAD97CC,20,23.71,見其他登記事項,鋼筋混凝土造,87年7月6日,五層,
RPQRMLMLIINFFAD97CC,20,8.63,共有部分,鋼筋混凝土造,87年7月6日,五層,
RPSRMLMLIINFFAD18CC,20,24.10,見其他登記事項,鋼筋混凝土造,87年7月6日,五層,
RPSRMLMLIINFFAD18CC,20,8.84,共有部分,鋼筋混凝土造,87年7月6日,五層,
RPVNMLNLIINFFKD56CC,33,13.22,見其他登記事項,鋼筋混凝土構造,74年7月30日,二層,
RPURMLMLIINFFAD38CC,20,18.18,見其他登記事項,鋼筋混凝土造,87年7月6日,五層,
RPURMLMLIINFFAD38CC,20,17.68,共有部分,鋼筋混凝土造,87年7月6日,五層,
RPVRMLMLIINFFAD48CC,27,17.81,商業用,鋼筋混凝土造,80年9月3日,六層,
RPVRMLMLIINFFAD48CC,27,7.42,共有部分,鋼筋混凝土造,80年9月3日,六層,
RPXNMLOLIINFFHD56CC,11,73.60,見其他登記事項,鋼筋混凝土構造,96年10月18日,四層,
RPOOMLPLIINFFBD97DC,6,188.58,見其他登記事項,鋼筋混凝土構造,101年12月4日,四層,
RPOOMLOLIINFFHD38CC,25,246.69,住商用,鋼筋混凝土構造,82年8月9日,四層,
RPXNMLOLIINFFKD86CC,8,226.13,住家用,鋼筋混凝土構造,100年1月5日,三層,
RPRNMLPLIINFFKD98CC,2,156.29,工業用,見其他登記事項,106年3月1日,一層,
RPUPMLOLIINFFAD38CC,5,101.18,見其他登記事項,見其他登記事項,102年6月20日,十五層,
RPVNMLPLIINFFKD76CC,25,99.95,住家用,鋼筋混凝土構造,82年10月27日,六層,
RPPPMLPLIINFFAD97CC,37,81.53,住家用,鋼筋混凝土造,70年10月17日,五層,
RPXNMLPLIINFFAD58CC,27,22.90,住家用,鋼筋混凝土造,80年7月29日,七層,
RPXNMLPLIINFFAD58CC,27,2.47,共有部分,鋼筋混凝土造,80年7月29日,七層,
RPXNMLPLIINFFAD58CC,27,4.79,共有部分,鋼筋混凝土造,80年7月29日,七層,
RPXNMLPLIINFFAD58CC,27,2.03,共有部分,鋼筋混凝土造,80年7月29日,七層,
RPUNMLQLIINFFCD58CC,12,98.27,住家用,見其他登記事項,95年11月22日,十三層,
RPWNMLPLIINFFKD86CC,20,31.45,住家用,鋼筋混凝土構造,87年6月2日,七層,
RPUNMLQLIINFFAD38CC,26,38.85,住商用,鋼筋混凝土造,82年1月7日,六層,
RPROMLPLIINFFKD09CC,22,106.71,住家用,鋼筋混凝土構造,85年11月6日,二十六層,
RPROMLPLIINFFKD09CC,22,2.45,共有部分,鋼筋混凝土構造,85年11月6日,二十六層,
RPROMLPLIINFFKD09CC,22,20.12,共有部分,鋼筋混凝土構造,85年11月6日,二十六層,
RPUOMLPLIINFFKD76CC,1,79.51,住家用,見其他登記事項,107年1月9日,五層,
RPUOMLPLIINFFKD76CC,1,45.13,見其他登記事項,見其他登記事項,107年1月9日,五層,
RPOOMLQLIINFFAD87CC,26,42.26,住商用,鋼筋混凝土造,82年1月7日,六層,
RPOOMLQLIINFFAD87CC,26,7.97,共有部分,鋼筋混凝土造,82年1月7日,六層,
RPOOMLQLIINFFAD87CC,26,8.29,共有部分,鋼筋混凝土造,82年1月7日,六層,
RPPOMLQLIINFFAD97CC,12,26.69,見其他登記事項,見其他登記事項,95年7月13日,九層,
RPPOMLQLIINFFAD97CC,12,4.30,共有部分,見其他登記事項,95年7月13日,十一層,
RPPOMLQLIINFFAD97CC,12,8.63,共有部分,見其他登記事項,95年7月13日,九層,
RPPOMLQLIINFFAD97CC,12,.01,共有部分,見其他登記事項,95年7月13日,十一層,
RPSOMLQLIINFFAD28CC,26,33.06,住商用,鋼筋混凝土造,81年7月16日,五層,
RPTOMLQLIINFFAD38CC,26,33.06,住商用,鋼筋混凝土造,81年7月16日,五層,
RPUOMLQLIINFFAD48CC,26,33.06,住商用,鋼筋混凝土造,81年7月16日,五層,
RPRNMLTLIINFFKD76CC,33,16.52,見其他登記事項,鋼筋混凝土構造,74年7月30日,二層,
RPQNMLKMIINFFKD48CC,33,13.22,見其他登記事項,鋼筋混凝土構造,74年7月30日,二層,
RPPNMLKMIINFFKD38CC,10,256.12,見其他登記事項,鋼筋混凝土構造,98年3月17日,四層,
RPVNMLQLIINFFHD56CC,36,7268.96,工業用,鋼筋混凝土構造,72年3月8日,一層,
RPVNMLKMIINFFCD18CC,37,62.17,住家用,鋼筋混凝土構造,70年12月29日,五層,
RPVNMLKMIINFFCD18CC,37,17.00,共有部分,鋼筋混凝土構造,70年12月29日,五層,
RPVOMLQLIINFFAD58CC,26,33.06,住商用,鋼筋混凝土造,81年7月16日,五層,
RPUNMLKMIINFFBD97CC,24,45.60,住商用,鋼筋混凝土構造,83年11月8日,四層,
RPUNMLTLIINFFAD68CC,37,200.22,商業用,鋼筋混凝土造,70年12月26日,七層,
RPUNMLTLIINFFAD68CC,37,3.68,共有部分,鋼筋混凝土造,70年12月26日,七層,
RPVNMLKMIINFFBD08CC,24,87.10,住商用,鋼筋混凝土構造,83年11月8日,四層,
RPTOMLKMIINFFCD08CC,1,90.66,見其他登記事項,鋼筋混凝土構造,107年3月19日,十三層,
RPTOMLKMIINFFCD08CC,1,5.54,見其他登記事項,鋼筋混凝土構造,107年3月19日,十三層,
RPTOMLKMIINFFCD08CC,1,41.23,見其他登記事項,鋼筋混凝土構造,107年3月19日,十三層,
RPTOMLKMIINFFCD08CC,1,21.22,見其他登記事項,鋼筋混凝土構造,107年3月19日,十三層,
RPVNMLKMIINFFID78CC,2,485.45,見其他登記事項,見其他登記事項,106年3月22日,一層,
RPTNMLLMIINFFKD88CC,22,26.69,住家用,鋼筋混凝土構造,86年1月28日,十九層,
RPTNMLLMIINFFKD88CC,22,3.30,共有部分,鋼筋混凝土構造,86年1月28日,十九層,
RPTNMLLMIINFFKD88CC,22,5.05,共有部分,鋼筋混凝土構造,86年1月28日,十九層,
RPTNMLLMIINFFHD58CC,7,213.63,見其他登記事項,鋼筋混凝土構造,101年4月6日,三層,
RPPOMLLMIINFFKD58CC,2,143.30,住家用,見其他登記事項,105年10月20日,十四層,
RPWNMLLMIINFFKD56CC,18,52.41,住家用,鋼筋混凝土構造,90年1月10日,十一層,
RPXOMLLMIINFFAD38CC,4,419.51,見其他登記事項,見其他登記事項,104年2月24日,二十六層,
RPRPMLLMIINFFAD87CC,13,84.60,見其他登記事項,見其他登記事項,94年12月13日,十層,
RPPPMLLMIINFFAD67CC,10,114.71,見其他登記事項,鋼筋混凝土造,98年1月9日,十四層,
RPOOMLLJJINFFKD28CC,36,57.33,住家用,鋼筋混凝土構造,71年6月4日,五層,
RPOOMLLJJINFFKD28CC,36,5.58,共有部分,鋼筋混凝土構造,71年6月4日,五層,
RPPQMLLJJINFFCD77CC,30,218.78,住商用,鋼筋混凝土構造,77年5月23日,三層,
RPUNMLLJJINFFAD77CC,25,33.06,住商用,鋼筋混凝土造,82年5月12日,四層,
RPTNMLLJJINFFAD67CC,34,72.96,住商用,鋼筋混凝土造,73年5月19日,五層,
RPVNMLLJJINFFAD87CC,25,23.14,住商用,鋼筋混凝土造,82年5月12日,四層,
RPWNMLLJJINFFAD97CC,27,71.26,住商用,鋼筋混凝土造,81年3月3日,五層,
RPQOMLLJJINFFAD47CC,34,90.50,住家用,鋼筋混凝土造,74年3月20日,十層,
RPQOMLLJJINFFAD47CC,34,10.64,共有部分,鋼筋混凝土造,74年3月20日,十層,
RPQOMLLJJINFFAD47CC,34,16.93,共有部分,鋼筋混凝土造,74年3月20日,十層,
RPXOMLMJJINFFCD48CC,27,92.31,住家用,鋼筋混凝土構造,80年8月29日,十二層,
RPXOMLMJJINFFCD48CC,27,6.68,共有部分,鋼筋混凝土構造,80年8月29日,十二層,
RPXOMLMJJINFFCD48CC,27,16.61,共有部分,鋼筋混凝土構造,80年8月29日,十二層,
RPQQMLLJJINFFCD87CC,25,84.12,住家用,鋼筋混凝土構造,83年1月8日,七層,
RPQQMLLJJINFFCD87CC,25,42.72,共有部分,鋼筋混凝土構造,83年1月8日,七層,
RPPPMLMJJINFFCD77CC,21,130.87,住家用,鋼筋混凝土構造,86年5月8日,十六層,
RPPPMLMJJINFFCD77CC,21,16.28,共有部分,鋼筋混凝土構造,86年5月8日,十六層,
RPPPMLMJJINFFCD77CC,21,71.81,共有部分,鋼筋混凝土構造,86年5月8日,十六層,
RPPPMLMJJINFFCD77CC,21,18.99,共有部分,鋼筋混凝土構造,86年5月8日,十六層,
RPTNMLMJJINFFKD78CC,1,78.83,住家用,見其他登記事項,106年11月14日,十六層,
RPTNMLMJJINFFKD78CC,1,62.62,見其他登記事項,見其他登記事項,106年11月14日,十六層,
RPOOMLMJJINFFKD38CC,14,53.23,住商用,鋼筋混凝土構造,93年11月12日,四層,
RPQNMLMJJINFFID28CC,24,251.07,住家用,鋼筋混凝土構造,84年3月21日,三層,
RPUNMLMJJINFFAD87CC,29,26.76,住家用,鋼筋混凝土造,78年12月23日,七層,
RPUNMLMJJINFFAD87CC,29,1.23,共有部分,鋼筋混凝土造,78年12月23日,七層,
RPUNMLMJJINFFAD87CC,29,11.32,共有部分,鋼筋混凝土造,78年12月23日,七層,
RPWNMLMJJINFFAD08CC,26,29.56,住家用,鋼筋混凝土造,81年4月21日,七層,
RPWNMLMJJINFFAD08CC,26,17.05,共有部分,鋼筋混凝土造,81年4月21日,七層,
RPTNMLMJJINFFDD08CC,25,62.08,住家用,鋼筋混凝土構造,82年5月28日,五層,
RPTNMLMJJINFFDD08CC,25,12.97,共有部分,鋼筋混凝土構造,82年5月28日,五層,
RPXNMLMJJINFFAD18CC,20,24.10,見其他登記事項,鋼筋混凝土造,87年7月6日,五層,
RPXNMLMJJINFFAD18CC,20,8.84,共有部分,鋼筋混凝土造,87年7月6日,五層,
RPOOMLMJJINFFAD37CC,20,23.63,見其他登記事項,鋼筋混凝土造,87年7月6日,五層,
RPOOMLMJJINFFAD37CC,20,8.67,共有部分,鋼筋混凝土造,87年7月6日,五層,
RPQOMLMJJINFFAD57CC,,89.51,住家用,磚造,,二層,
RPRNMLNJJINFFAD67CC,3,62.00,見其他登記事項,見其他登記事項,104年11月5日,二十四層,
RPSNMLPJJINFFKD09DC,3,198.26,見其他登記事項,見其他登記事項,105年1月26日,一層,
RPTNMLPJJINFFHD78CC,31,105.76,住家用,加強磚造,76年5月26日,二層,
RPQOMLQJJINFFCD18CC,38,103.44,住家用,鋼筋混凝土構造,70年1月21日,五層,
RPQOMLQJJINFFCD18CC,38,13.98,共有部分,鋼筋混凝土構造,70年1月21日,五層,
RPTNMLPJJINFFCD28CC,33,33.74,住家用,鋼筋混凝土構造,74年8月1日,三層,
RPSOMLQJJINFFCD38CC,20,141.68,住商用,鋼筋混凝土構造,87年10月6日,八層,
RPSOMLQJJINFFCD38CC,20,35.89,共有部分,鋼筋混凝土構造,87年10月6日,八層,
RPXNMLMJJINFFKD56CC,27,91.48,住家用,鋼筋混凝土構造,80年10月24日,十一層,
RPXNMLMJJINFFKD56CC,27,18.77,共有部分,鋼筋混凝土構造,80年10月24日,十一層,
RPOOMLQJJINFFKD78CC,20,23.11,住家用,鋼筋混凝土構造,87年6月2日,七層,
RPOOMLQJJINFFKD78CC,20,2.22,共有部分,鋼筋混凝土構造,87年6月2日,七層,
RPOOMLQJJINFFKD78CC,20,7.35,共有部分,鋼筋混凝土構造,87年6月2日,七層,
RPWNMLRJJINFFBD68CC,29,116.10,住商用,鋼筋混凝土構造,78年9月2日,三層,
RPTNMLQJJINFFDD48CC,,94.61,見其他登記事項,鋼筋混凝土構造,,十層,
RPTOMLQJJINFFAD28CC,39,36.75,住家用,鋼筋混凝土造,69年2月25日,四層,
RPTOMLQJJINFFAD28CC,39,15.74,共有部分,鋼筋混凝土造,69年2月25日,五層,
RPWNMLRJJINFFCD78CC,33,146.45,住商用,鋼筋混凝土構造,74年7月13日,五層,
RPRNMLPJJINFFFD48DC,19,47.61,見其他登記事項,見其他登記事項,89年3月30日,一層,
RPXNMLRJJINFFCD88CC,23,117.88,住家用,鋼筋混凝土構造,84年8月10日,九層,
RPUOMLQJJINFFAD38CC,23,191.47,住家用,鋼筋混凝土造,85年1月17日,四層,
RPVPMLRJJINFFAD68CC,34,61.94,住家用,鋼筋混凝土造,73年12月28日,十四層,
RPUNMLPJJINFFHD88CC,31,105.76,住家用,加強磚造,76年5月26日,二層,
RPSOMLSJJINFFKD76CC,19,84.63,住家用,鋼筋混凝土構造,88年8月24日,十四層,
RPSOMLSJJINFFKD76CC,19,2.09,共有部分,鋼筋混凝土構造,88年8月24日,十四層,
RPSOMLSJJINFFKD76CC,19,3.80,共有部分,鋼筋混凝土構造,88年8月24日,十四層,
RPSOMLSJJINFFKD76CC,19,16.60,共有部分,鋼筋混凝土構造,88年8月24日,十四層,
RPTNMLRJJINFFAD28CC,1,84.13,見其他登記事項,見其他登記事項,106年10月20日,一層,
RPSNMLTJJINFFHD09CC,37,156.15,住家用,見其他登記事項,70年7月27日,一層,
RPUNMLTJJINFFHD66CC,37,156.15,住家用,見其他登記事項,70年7月27日,一層,
RPTNMLTJJINFFHD56CC,37,156.15,住家用,見其他登記事項,70年7月27日,一層,
RPPNMLKKJINFFCD47CC,1,189.97,見其他登記事項,鋼筋混凝土構造,106年9月14日,四層,
RPWPMLSJJINFFAD88CC,40,69.46,住家用,加強磚造,67年6月19日,二層,
RPWOMLSJJINFFAD88DC,11,233.83,見其他登記事項,鋼筋混凝土造,96年4月27日,四層,
RPRNMLTJJINFFAD28CC,,122.21,住商用,磚造,,三層,
