﻿編號,屋齡,建物移轉面積平方公尺,主要用途,主要建材,建築完成日期,總層數,建物分層
The serial number,room age,building shifting area square meter,the main use,main building materials,construction completes the date,total layer,building lamination
RPTNMLNLQHNFFCQ37CA,1,227.75,見其他登記事項,鋼筋混凝土造,106年11月24日,三層,一層 二層 三層 見其他登記事項
RPTNMLSJRHNFFCQ77CA,,191.36,見其他登記事項,鋼筋混凝土造,107年5月15日,三層,一層 二層 三層 見其他登記事項
RPUNMLSJRHNFFCQ87CA,,191.36,見其他登記事項,鋼筋混凝土造,107年5月15日,三層,一層 二層 三層 見其他登記事項
RPSNMLTJRHNFFCQ77CA,,201.28,見其他登記事項,鋼筋混凝土造,107年5月15日,三層,一層 二層 三層 見其他登記事項
RPQNMLRKQHNFFCQ37CA,27,174.44,住家用,鋼筋混凝土加強磚造,80年8月8日,三層,一層 二層 三層 電梯樓梯間
RPVNMLNKQHNFFCQ67EA,36,67.81,住家用,鋼筋混凝土加強磚造,71年12月31日,二層,一層 二層
RPQNMLRKQHNFFEQ57CA,2,153.66,見其他登記事項,鋼筋混凝土造,106年12月21日,三層,一層 二層 三層 見其他登記事項
RPRNMLLMQHNFFEQ27CA,2,236.16,見其他登記事項,鋼筋混凝土造,107年2月22日,四層,一層 二層 三層 四層
RPQNMLRKQHNFFDQ57DA,50,56.56,住家用,木造,57年4月1日,二層,一層 二層
RPRNMLSJRHNFFCQ57CA,,190.44,見其他登記事項,鋼筋混凝土造,107年5月15日,三層,一層 二層 三層 見其他登記事項
RPXNMLOKQHNFFDQ87CA,35,99.84,住家用,鋼筋混凝土加強磚造,72年12月31日,二層,一層 二層
RPWNMLRKQHNFFDQ08CA,,209.16,住家用,鋼筋混凝土造,107年4月23日,三層,一層 二層 三層 見其他登記事項
RPVNMLQKQHNFFDQ87CA,,169.26,住家用,鋼筋混凝土造,107年5月22日,四層,一層 二層 三層 四層
RPXNMLRKQHNFFDQ18CA,,208.74,住家用,鋼筋混凝土造,107年4月23日,三層,一層 二層 三層 見其他登記事項
RPQNMLSLQHNFFDQ67CA,38,94.58,住家用,鋼筋混凝土加強磚造,69年7月1日,二層,一層 二層
RPSNMLMLQHNFFCQ17CA,38,172.69,住家用,見其他登記事項,69年3月19日,三層,一層 二層 三層
RPPNMLQKQHNFFCQ17CA,20,155.34,住家用,鋼筋混凝土造,88年1月4日,三層,一層 二層 三層 電梯樓梯間
RPPNMLKLQHNFFCQ66CA,36,93.30,住家用,鋼筋混凝土加強磚造,71年2月11日,二層,一層 二層
RPPNMLOLQHNFFCQ07CA,26,186.39,住商用,鋼筋混凝土造,81年8月15日,四層,一層 二層 三層 四層 電梯樓梯間
RPSNMLKLQHNFFDQ07CA,26,155.74,住家用,鋼筋混凝土造,81年12月1日,三層,一層 二層 三層
RPVNMLTLQHNFFBQ08CA,1,221.81,住家用,鋼筋混凝土造,106年5月12日,四層,一層 二層 三層 四層
RPROMLPKQHNFFDQ47CA,,166.76,住房,鋼筋混凝土造,107年5月22日,四層,一層 二層 三層 四層
RPOOMLRKQHNFFDQ37CA,,207.83,住家用,鋼筋混凝土造,107年4月23日,三層,一層 二層 三層 見其他登記事項
RPPNMLRJRHNFFEQ47CA,37,70.50,住家用,磚造,70年10月8日,一層,一層
RPPOMLRKQHNFFDQ47CA,,186.45,住家用,鋼筋混凝土造,107年4月23日,三層,一層 二層 三層 見其他登記事項
RPXNMLRKQHNFFEQ28CA,27,138.97,住家用,鋼筋混凝土造,80年2月11日,四層,一層 二層 三層 四層
RPRNMLKLQHNFFEQ07CA,4,187.00,住家用,鋼筋混凝土造,103年12月22日,四層,一層 二層 三層 四層
RPROMLRKQHNFFDQ67CA,,185.45,住家用,鋼筋混凝土造,107年4月23日,三層,一層 二層 三層 見其他登記事項
RPQNMLQKQHNFFBQ27DA,23,84.36,住家用,鋼筋混凝土造,84年7月4日,七層,一層
RPQNMLQKQHNFFBQ27DA,23,1.83,見其他登記事項,鋼筋混凝土造,84年7月4日,七層,
RPQNMLQKQHNFFBQ27DA,23,10.04,見其他登記事項,鋼筋混凝土造,84年7月4日,七層,
RPTOMLRKQHNFFDQ87CA,,174.33,住家用,鋼筋混凝土造,107年4月23日,三層,一層 二層 三層 見其他登記事項
RPQNMLKKRHNFFDQ07EA,37,84.80,住家用,鋼筋混凝土造,70年6月1日,二層,一層 二層
RPUOMLRKQHNFFDQ97CA,,174.71,住家用,鋼筋混凝土造,107年4月23日,三層,一層 二層 三層 見其他登記事項
RPQOMLRKQHNFFDQ57CA,,94.46,住家用,鋼筋混凝土造,107年4月23日,三層,一層 二層 三層 見其他登記事項
RPQOMLRKQHNFFDQ57CA,,94.46,住家用,鋼筋混凝土造,107年4月23日,三層,一層 二層 三層 見其他登記事項
RPVOMLRKQHNFFDQ08CA,,190.86,住家用,鋼筋混凝土造,107年4月23日,三層,一層 二層 三層 見其他登記事項
RPWNMLLLQHNFFDQ57CA,,199.19,住家用,鋼筋混凝土造,107年3月13日,四層,一層 二層 三層 四層
RPTNMLRKQHNFFDQ87DA,41,51.48,住家用,鋼筋混凝土加強磚造,66年3月1日,二層,一層 二層 騎樓
RPSOMLRKQHNFFDQ77CA,,190.45,住家用,鋼筋混凝土造,107年4月23日,三層,一層 二層 三層 見其他登記事項
RPUNMLKKRHNFFDQ27CA,2,212.94,見其他登記事項,鋼筋混凝土造,105年10月14日,三層,一層 二層 三層 見其他登記事項
RPTNMLTJRHNFFCQ87CA,,191.36,見其他登記事項,鋼筋混凝土造,107年5月15日,三層,一層 二層 三層 見其他登記事項
RPQNMLTJRHNFFCQ57CA,,95.70,見其他登記事項,鋼筋混凝土造,107年5月15日,三層,一層 二層 三層 見其他登記事項
RPRNMLTJRHNFFCQ67CA,,191.36,見其他登記事項,鋼筋混凝土造,107年5月15日,三層,一層 二層 三層 見其他登記事項
RPQNMLKMQHNFFCQ86CA,49,85.72,住家用,鋼筋混凝土加強磚造,58年2月5日,二層,一層 二層
RPQNMLKMQHNFFCQ86CA,51,37.15,住家用,磚造,57年1月10日,一層,一層
RPPNMLRJRHNFFBQ17CA,23,334.84,農舍,鋼筋混凝土加強磚造,84年11月27日,三層,一層 二層 三層
RPRNMLLLQHNFFCQ96CA,18,165.68,住家用,鋼筋混凝土造,89年11月4日,三層,一層 二層 三層 電梯樓梯間
RPXNMLLLQHNFFCQ77EA,37,120.57,住家用,鋼筋混凝土加強磚造,70年12月29日,二層,一層 二層 電梯樓梯間
RPRNMLNLQHNFFCQ17CA,23,174.30,住商用,鋼筋混凝土造,84年3月17日,四層,一層 二層 三層 四層 騎樓
RPSNMLRLQHNFFCQ67CA,25,191.14,住家用,鋼筋混凝土造,82年6月9日,三層,一層 二層 三層 電梯樓梯間
RPRNMLLMQHNFFDQ17CA,1,193.90,見其他登記事項,鋼筋混凝土造,106年10月7日,四層,一層 二層 三層 四層
RPTNMLLLQHNFFCQ17CA,20,407.48,農舍,鋼筋混凝土造,87年10月30日,三層,一層 二層 三層 電梯樓梯間
RPTNMLLLQHNFFCQ17CA,18,1791.47,見其他登記事項,見其他登記事項,89年11月10日,二層,一層 二層
RPPNMLLJRHNFFCQ66CA,17,125.47,住家用,鋼筋混凝土造,91年1月14日,三層,一層 二層 三層
RPSNMLNLQHNFFBQ17CA,27,246.57,住家用,鋼筋混凝土加強磚造,80年4月9日,四層,一層 二層 三層 四層
RPWNMLKKRHNFFCQ37CA,39,199.85,住家用,鋼筋混凝土加強磚造,68年1月2日,二層,一層 二層 騎樓
RPPNMLTLQHNFFCQ57CA,23,163.54,住家用,鋼筋混凝土造,84年8月30日,三層,一層 二層 三層 電梯樓梯間
RPRNMLQJRHNFFCQ37CA,11,21.15,見其他登記事項,鋼筋混凝土造,96年6月23日,五層,一層
RPRNMLQJRHNFFCQ37CA,11,7.03,見其他登記事項,鋼筋混凝土造,96年6月23日,五層,
RPTNMLMLQHNFFBQ17CA,22,88.63,住家用,鋼筋混凝土造,86年1月10日,十層,九層
RPTNMLMLQHNFFBQ17CA,22,21.95,見其他登記事項,鋼筋混凝土造,86年1月10日,十層,
RPTNMLMLQHNFFBQ17CA,22,15.47,見其他登記事項,鋼筋混凝土造,86年1月10日,十層,
RPPNMLMLQHNFFBQ76CA,43,104.09,住家用,鋼筋混凝土加強磚造,64年11月14日,二層,一層 二層
RPTNMLLMQHNFFBQ17CA,,195.98,見其他登記事項,鋼筋混凝土造,107年3月7日,三層,一層 二層 三層 見其他登記事項
RPPNMLOLQHNFFEQ27CA,37,81.21,住家用,鋼筋混凝土加強磚造,70年4月21日,二層,一層 二層 電梯樓梯間
RPRNMLLJRHNFFBQ76CA,,240.50,住家用,鋼筋混凝土造,107年2月13日,四層,一層 二層 三層 四層
RPOOMLLLQHNFFDQ96DA,32,111.35,住家用,鋼筋混凝土加強磚造,75年2月5日,二層,一層 二層
RPUNMLLMQHNFFBQ27CA,,195.98,見其他登記事項,鋼筋混凝土造,107年3月7日,三層,一層 二層 三層 見其他登記事項
RPQNMLMLQHNFFDQ17DA,,231.57,住家用,見其他登記事項,107年3月30日,四層,一層 二層 三層 四層 地下一層
RPQNMLLJRHNFFBQ66CA,,236.62,住家用,鋼筋混凝土造,107年2月13日,四層,一層 二層 三層 四層
RPUNMLMLQHNFFDQ47CA,79,40.20,住家用,木造,29年1月15日,一層,
RPVNMLTLQHNFFDQ38DA,1,218.84,見其他登記事項,鋼筋混凝土造,106年12月28日,四層,一層 二層 三層 四層 騎樓
RPTNMLNJRHNFFDQ37CA,,120.47,農舍,鋼筋混凝土造,107年2月5日,二層,一層 二層
RPUNMLRKRHNFFDQ97CA,20,190.11,住家用,鋼筋混凝土造,87年11月25日,四層,一層 二層 三層 四層
RPPNMLSJRHNFFEQ57CA,24,148.86,住家用,鋼筋混凝土造,83年6月28日,三層,一層 二層 三層
RPTNMLQJRHNFFDQ67CA,12,148.32,住家用,鋼筋混凝土造,95年5月12日,三層,一層 二層 三層
RPSNMLNKRHNFFCQ27CA,13,200.70,見其他登記事項,鋼筋混凝土造,93年12月1日,三層,一層 二層 三層 騎樓 電梯樓梯間
RPTNMLTLQHNFFEQ38EA,,7.35,住家用,木造,,一層,
RPRNMLRLQHNFFCQ77EA,14,14.34,見其他登記事項,鋼筋混凝土造,94年1月20日,五層,二層
RPPNMLNLQHNFFBQ86CA,31,164.77,住家用,鋼筋混凝土加強磚造,76年7月9日,二層,一層 二層 騎樓
RPQNMLRKRHNFFCQ47CA,25,174.16,住商用,鋼筋混凝土造,82年7月22日,三層,一層 二層 三層 電梯樓梯間
RPRNMLNKRHNFFEQ37CA,25,102.13,住家用,鋼筋混凝土造,82年8月17日,三層,一層 二層 三層
RPPNMLMKRHNFFEQ07CA,1,305.87,見其他登記事項,鋼筋混凝土造,106年10月31日,四層,一層 二層 三層 四層
RPQNMLOLQHNFFCQ17CA,37,60.55,住家用,鋼筋混凝土加強磚造,70年12月16日,一層,一層
RPVNMLNJRHNFFBQ37CA,13,17.64,住家用,鋼筋混凝土造,94年10月3日,十層,七層
RPVNMLNJRHNFFBQ37CA,13,.11,見其他登記事項,鋼筋混凝土造,94年10月3日,十層,
RPVNMLNJRHNFFBQ37CA,13,9.30,見其他登記事項,鋼筋混凝土造,94年10月3日,十層,
RPRNMLLJRHNFFEQ07CA,35,53.58,住家用,鋼筋混凝土加強磚造,72年6月29日,一層,一層
RPVNMLNJRHNFFCQ57DA,3,193.53,見其他登記事項,鋼筋混凝土造,104年11月13日,三層,一層 二層 三層 見其他登記事項
RPPNMLKLRHNFFBQ66CA,29,165.50,住家用,鋼筋混凝土加強磚造,78年3月13日,三層,一層 二層 三層 騎樓
RPTNMLLMQHNFFDQ37CA,35,114.30,住家用,鋼筋混凝土加強磚造,72年3月15日,二層,一層 二層 騎樓
RPRNMLLJRHNFFDQ96CA,37,109.11,住家用,鋼筋混凝土加強磚造,70年11月24日,二層,一層 二層 騎樓
RPUNMLKLRHNFFBQ17CA,29,153.23,住家用,鋼筋混凝土加強磚造,78年3月13日,三層,一層 二層 三層 騎樓
RPQNMLKMQHNFFDQ96CA,13,16.15,見其他登記事項,鋼筋混凝土造,94年8月15日,五層,四層
RPQNMLKMQHNFFDQ96CA,13,7.19,見其他登記事項,鋼筋混凝土造,94年8月15日,五層,
RPSNMLNKRHNFFDQ37CA,1,72.69,集合住宅,鋼筋混凝土造,106年4月21日,十五層,十層
RPSNMLNKRHNFFDQ37CA,1,11.39,見其他登記事項,鋼筋混凝土造,106年4月21日,十六層,
RPSNMLNKRHNFFDQ37CA,1,18.63,見其他登記事項,鋼筋混凝土造,106年4月21日,十五層,
RPSNMLNKRHNFFDQ37CA,1,29.87,見其他登記事項,鋼筋混凝土造,106年4月21日,十六層,
RPWNMLOJRHNFFDQ77CA,36,79.10,住家用,見其他登記事項,71年2月15日,一層,一層
RPXNMLRLQHNFFDQ28CA,13,15.37,見其他登記事項,鋼筋混凝土造,94年8月15日,五層,一層
RPXNMLRLQHNFFDQ28CA,13,6.84,見其他登記事項,鋼筋混凝土造,94年8月15日,五層,
SPXNMLRLQHNFFDQ38CA,13,15.37,見其他登記事項,鋼筋混凝土造,94年8月15日,五層,一層
SPXNMLRLQHNFFDQ38CA,13,6.84,見其他登記事項,鋼筋混凝土造,94年8月15日,五層,
RPTNMLRLQHNFFCQ77CA,40,99.63,住家用,鋼筋混凝土加強磚造,67年3月23日,二層,一層 二層
RPPNMLSLQHNFFCQ47CA,37,123.90,住家用,鋼筋混凝土加強磚造,70年2月15日,二層,一層 二層 騎樓 電梯樓梯間
RPPNMLMLRHNFFDQ07CA,37,108.00,住商用,鋼筋混凝土加強磚造,70年5月4日,二層,一層 二層 騎樓
RPPNMLPLRHNFFBQ17CA,33,186.01,住商用,鋼筋混凝土加強磚造,74年2月24日,三層,一層 二層 三層 騎樓
RPUNMLTLQHNFFCQ28EA,,51.52,見其他登記事項,鋼筋混凝土造,107年4月23日,六層,三層
RPUNMLTLQHNFFCQ28EA,,16.61,見其他登記事項,鋼筋混凝土造,107年4月23日,六層,
RPUNMLQJRHNFFDQ77CA,36,103.82,住家用,鋼筋混凝土加強磚造,71年11月17日,二層,一層 二層
RPQNMLKMQHNFFEQ17DA,23,139.82,住家用,鋼筋混凝土造,84年7月5日,三層,一層 二層 三層
RPQNMLTKRHNFFCQ67CA,36,93.07,住家用,鋼筋混凝土加強磚造,71年11月15日,二層,一層 二層 電梯樓梯間
RPQNMLLJRHNFFEQ96CA,25,51.58,住家用,鋼筋混凝土造,82年4月1日,十八層,六層
RPQNMLLJRHNFFEQ96CA,25,2.45,見其他登記事項,鋼筋混凝土造,82年4月1日,,
RPQNMLLJRHNFFEQ96CA,25,10.05,見其他登記事項,鋼筋混凝土造,82年4月1日,十八層,
RPSNMLTLQHNFFDQ97CA,37,113.67,住家用,鋼筋混凝土加強磚造,70年12月11日,二層,一層 二層 騎樓
RPSNMLSLQHNFFDQ87CA,38,103.97,住家用,加強磚造,69年1月18日,二層,一層 二層
RPPNMLLMQHNFFBQ76CA,12,165.89,見其他登記事項,鋼筋混凝土造,95年8月28日,三層,一層 二層 三層 見其他登記事項
RPSNMLSKRHNFFDQ87CA,,168.23,見其他登記事項,鋼筋混凝土造,107年5月17日,三層,一層 二層 三層 見其他登記事項
RPUNMLSKRHNFFDQ08CA,,84.12,見其他登記事項,鋼筋混凝土造,107年5月17日,三層,一層 二層 三層 見其他登記事項
RPUNMLSKRHNFFDQ08CA,,84.12,見其他登記事項,鋼筋混凝土造,107年5月17日,三層,一層 二層 三層 見其他登記事項
RPPNMLKMQHNFFDQ86CA,13,16.15,見其他登記事項,鋼筋混凝土造,94年8月15日,五層,五層
RPPNMLKMQHNFFDQ86CA,13,7.19,見其他登記事項,鋼筋混凝土造,94年8月15日,五層,
RPRNMLKMQHNFFDQ07CA,2,201.84,住家用,鋼筋混凝土造,106年1月10日,四層,一層 二層 三層 四層
RPOOMLTLQHNFFDQ67CA,38,258.37,住家用,鋼筋混凝土加強磚造,69年1月28日,三層,一層 二層 三層 騎樓
RPUNMLPLRHNFFDQ87CA,1,189.94,住家用,鋼筋混凝土造,106年10月18日,三層,一層 二層 三層 見其他登記事項
RPSNMLKMQHNFFDQ17CA,2,197.35,住家用,鋼筋混凝土造,106年1月10日,四層,一層 二層 三層 四層
RPUNMLRJRHNFFBQ67CA,39,77.04,住家用,鋼筋混凝土加強磚造,68年7月1日,二層,一層 二層
RPUNMLTJRHNFFCQ97CA,28,176.15,住商用,見其他登記事項,79年12月13日,三層,一層 二層 三層 騎樓 電梯樓梯間
RPUNMLPLRHNFFCQ77CA,41,91.20,住家用,鋼筋混凝土加強磚造,66年12月30日,二層,一層 二層 騎樓
RPUNMLRKRHNFFEQ08CA,22,215.85,住家用,鋼筋混凝土造,85年10月4日,五層,一層 二層 三層 四層 五層
RPQNMLNJRHNFFEQ17CA,1,162.88,見其他登記事項,鋼筋混凝土造,106年12月21日,三層,一層 二層 三層 見其他登記事項
RPPNMLMKRHNFFCQ86CA,28,320.57,農舍,鋼造,79年6月4日,一層,一層
RPRNMLNKRHNFFDQ27CA,3,161.81,見其他登記事項,鋼筋混凝土造,104年3月18日,三層,一層 二層 三層 見其他登記事項
RPVNMLKMQHNFFDQ47CA,,94.46,住家用,鋼筋混凝土造,107年4月23日,三層,一層 二層 三層 見其他登記事項
RPVNMLKMQHNFFDQ47CA,,94.46,住家用,鋼筋混凝土造,107年4月23日,三層,一層 二層 三層 見其他登記事項
RPWNMLKMQHNFFDQ57CA,,174.28,住家用,鋼筋混凝土造,107年4月23日,三層,一層 二層 三層 見其他登記事項
RPPNMLMJRHNFFDQ86CA,11,148.32,見其他登記事項,鋼筋混凝土造,96年12月6日,四層,一層 二層 三層 四層
RPUNMLOJRHNFFDQ57CA,25,86.01,見其他登記事項,鋼筋混凝土造,82年10月6日,九層,七層
RPUNMLOJRHNFFDQ57CA,25,10.91,見其他登記事項,鋼筋混凝土造,82年10月6日,九層,
RPUNMLOJRHNFFDQ57CA,25,13.34,見其他登記事項,鋼筋混凝土造,82年10月6日,9,
RPUNMLOJRHNFFDQ57CA,25,2.01,見其他登記事項,鋼筋混凝土造,82年10月6日,九層,
RPUNMLOJRHNFFDQ57CA,25,10.63,見其他登記事項,鋼筋混凝土造,82年10月6日,9,
RPRNMLQJRHNFFEQ57CA,35,61.80,住家用,見其他登記事項,72年8月1日,一層,一層
RPTNMLNJRHNFFBQ27DA,17,4352.83,見其他登記事項,見其他登記事項,90年3月14日,二層,一層 二層
RPTNMLSKRHNFFDQ97CA,,195.76,見其他登記事項,鋼筋混凝土造,107年5月17日,三層,一層 二層 三層 見其他登記事項
RPUNMLLMQHNFFCQ37CA,37,106.96,住家用,鋼筋混凝土加強磚造,70年4月7日,二層,一層 二層 騎樓 電梯樓梯間
RPQNMLSKRHNFFCQ57CA,16,99.84,見其他登記事項,鋼筋混凝土造,91年7月25日,五層,二層
RPQNMLSKRHNFFCQ57CA,16,12.64,見其他登記事項,鋼筋混凝土造,91年7月25日,五層,
RPQNMLSKRHNFFCQ57CA,16,.60,見其他登記事項,鋼筋混凝土造,91年7月25日,五層,
RPPNMLSKRHNFFBQ37CA,,251.34,住家用,鋼筋混凝土造,107年2月13日,四層,一層 二層 三層 四層
RPSNMLNKRHNFFBQ17CA,12,166.67,見其他登記事項,鋼筋混凝土造,95年8月28日,三層,一層 二層 三層 見其他登記事項
RPSNMLNKRHNFFBQ17CA,12,.25,見其他登記事項,鋼筋混凝土造,95年8月28日,一層,一層
RPRNMLPJRHNFFCQ27CA,23,31.69,住家用,鋼筋混凝土造,84年2月28日,五層,二層
RPRNMLPJRHNFFCQ27CA,23,8.33,共有部份,鋼筋混凝土造,84年2月28日,五層,
RPQNMLRLRHNFFBQ57DA,27,124.09,住商用,鋼筋混凝土造,80年4月18日,三層,一層 二層 三層 騎樓
RPQNMLNJRHNFFCQ96CA,25,213.59,見其他登記事項,鋼筋混凝土造,82年4月19日,三層,一層 二層 三層 水箱 電梯樓梯間 地下層
RPRNMLRKRHNFFEQ77CA,,40.70,見其他登記事項,見其他登記事項,107年5月15日,一層,一層
RPTNMLRLRHNFFDQ97CA,25,101.79,見其他登記事項,鋼筋混凝土造,82年10月6日,九層,四層
RPTNMLRLRHNFFDQ97CA,25,14.02,見其他登記事項,鋼筋混凝土造,82年10月6日,9,
RPTNMLRLRHNFFDQ97CA,25,13.64,見其他登記事項,鋼筋混凝土造,82年10月6日,九層,
RPXNMLQJRHNFFDQ18DA,42,119.53,住商用,鋼筋混凝土加強磚造,65年9月10日,二層,一層 二層 騎樓
RPRNMLOJRHNFFDQ37DA,,228.10,住家用,見其他登記事項,107年3月30日,四層,一層 二層 三層 四層 地下一層
RPSNMLQLRHNFFDQ77CA,19,172.19,住家用,鋼筋混凝土造,88年12月27日,三層,一層 二層 三層
RPVNMLPJRHNFFDQ87DA,38,102.51,住家用,鋼筋混凝土加強磚造,69年8月6日,二層,一層 二層
RPRNMLPJRHNFFDQ47DA,19,88.09,見其他登記事項,鋼筋混凝土造,88年5月31日,五層,四層
RPRNMLPJRHNFFDQ47DA,19,10.94,見其他登記事項,鋼筋混凝土造,88年5月31日,五層,
RPRNMLPJRHNFFDQ47DA,19,.80,見其他登記事項,鋼筋混凝土造,88年5月31日,一層,
RPPNMLNJIINFFDQ78CA,27,160.21,住家用,鋼筋混凝土造,80年3月20日,四層,一層 二層 三層 四層
RPSNMLSKRHNFFCQ77CA,40,93.42,住家用,鋼筋混凝土加強磚造,67年4月25日,二層,一層 二層
RPUNMLRKRHNFFCQ87CA,37,101.71,住家用,鋼筋混凝土加強磚造,70年10月15日,二層,一層 二層
RPSNMLOJRHNFFDQ47DA,,193.97,住家用,見其他登記事項,107年3月30日,四層,一層 二層 三層 四層
RPRNMLMKRHNFFCQ07CA,37,113.45,住家用,鋼筋混凝土加強磚造,70年12月11日,二層,一層 二層 電梯樓梯間
RPSNMLLLRHNFFCQ17CA,38,109.86,住家用,鋼筋混凝土加強磚造,69年7月15日,二層,一層 二層 騎樓
RPSNMLQJRHNFFDQ57CA,36,112.29,住家用,鋼筋混凝土加強磚造,71年2月18日,二層,一層 二層 騎樓
RPTNMLNKRHNFFDQ47CA,26,167.49,見其他登記事項,鋼筋混凝土造,82年1月9日,四層,一層 二層 三層 四層
RPRNMLOKRHNFFDQ37CA,24,163.80,住家用,鋼筋混凝土造,83年12月27日,三層,一層 二層 三層
RPSNMLRLRHNFFDQ87CA,28,180.20,住商用,鋼筋混凝土造,79年11月17日,三層,一層 二層 三層
RPQNMLNJIINFFDQ88CA,40,43.96,住商用,鋼筋混凝土加強磚造,67年7月20日,二層,一層 二層
RPTNMLLLRHNFFDQ37CA,46,55.00,住家用,木造,61年12月18日,一層,一層
RPPNMLLJIINFFDQ58CA,41,85.76,住家用,鋼筋混凝土加強磚造,66年7月1日,二層,一層 二層 騎樓
RPSNMLRJRHNFFCQ57CA,37,109.77,住家用,鋼筋混凝土加強磚造,70年11月16日,二層,一層 二層 騎樓 電梯樓梯間
RPWOMLOKRHNFFCQ87CA,26,132.90,住家用,鋼筋混凝土造,81年7月31日,三層,一層 二層 三層
RPPNMLRLRHNFFCQ47CA,37,120.57,住家用,鋼筋混凝土加強磚造,70年12月29日,二層,一層 二層 電梯樓梯間
RPTNMLLLRHNFFCQ27CA,26,85.07,住家用,鋼筋混凝土造,81年11月30日,五層,五層
RPTNMLLLRHNFFCQ27CA,26,8.68,共有部份,鋼筋混凝土造,81年11月30日,地下層,
RPTNMLLLRHNFFCQ27CA,26,6.94,共有部份,鋼筋混凝土造,81年11月30日,五層,
RPQNMLRJRHNFFCQ37CA,23,237.19,住商用,鋼筋混凝土造,84年2月28日,四層,一層 二層 三層 四層 騎樓
RPRNMLRJRHNFFBQ37CA,23,188.15,住家用,鋼筋混凝土加強磚造,85年1月17日,三層,一層 二層 三層
RPQNMLRLRHNFFCQ57CA,24,92.92,見其他登記事項,鋼筋混凝土造,83年8月8日,十一層,十一層
RPQNMLRLRHNFFCQ57CA,24,15.71,共有部份,鋼筋混凝土造,83年8月8日,十一層,
RPQNMLRLRHNFFCQ57CA,24,19.30,共有部份,鋼筋混凝土造,83年8月8日,十一層,
RPPNMLRKRHNFFEQ57CA,25,38.68,住家用,鋼筋混凝土造,82年4月1日,十八層,二層
RPUNMLRJRHNFFDQ87CA,21,163.91,住家用,鋼筋混凝土造,86年10月8日,三層,一層 二層 三層
RPXNMLRKRHNFFDQ28CA,1,238.29,見其他登記事項,鋼筋混凝土造,106年10月7日,四層,一層 二層 三層 四層
RPOOMLRKRHNFFDQ47CA,1,207.93,見其他登記事項,鋼筋混凝土造,106年10月7日,四層,一層 二層 三層 四層
RPUNMLTLRHNFFDQ28CA,23,341.10,住家用,鋼筋混凝土造,84年2月21日,四層,一層 二層 三層 四層
RPXNMLLLRHNFFDQ77CA,33,105.83,住家用,鋼筋混凝土加強磚造,74年6月1日,二層,一層 二層 騎樓
RPUNMLRLRHNFFBQ87CA,27,192.07,住家用,鋼筋混凝土加強磚造,80年10月22日,四層,一層 二層 三層 四層
RPPNMLPKRHNFFCQ17CA,5,138.83,住家用,鋼筋混凝土造,102年8月14日,三層,一層 二層 三層
RPSNMLMKRHNFFBQ07CA,30,139.27,住家用,鋼筋混凝土加強磚造,77年5月2日,二層,一層 二層 騎樓
RPQNMLPKRHNFFCQ27CA,,203.35,見其他登記事項,鋼筋混凝土造,107年6月22日,三層,一層 二層 三層 見其他登記事項
RPPNMLTJIINFFBQ56CA,12,15.06,住家用,鋼筋混凝土造,95年8月28日,八層,六層
RPPNMLTJIINFFBQ56CA,12,5.78,共有部份,鋼筋混凝土造,95年8月28日,,
RPPNMLTJIINFFBQ56CA,12,4.20,共有部份,鋼筋混凝土造,95年8月28日,,
RPTNMLMKRHNFFCQ27CA,26,151.43,住家用,鋼筋混凝土造,81年4月15日,三層,一層 二層 三層 電梯樓梯間
RPSNMLPKRHNFFCQ47CA,,199.68,見其他登記事項,鋼筋混凝土造,107年6月22日,三層,一層 二層 三層 見其他登記事項
RPPNMLNKRHNFFCQ96CA,22,80.32,住家用,鋼筋混凝土造,85年2月9日,五層,一層 二層
RPWNMLSJIINFFCQ27CA,,218.46,見其他登記事項,鋼筋混凝土造,107年5月15日,三層,一層 二層 三層 見其他登記事項
RPQNMLNKRHNFFCQ07CA,16,100.04,見其他登記事項,鋼筋混凝土造,91年7月25日,五層,三層
RPTNMLSJIINFFBQ86CA,,196.14,見其他登記事項,鋼筋混凝土造,107年3月7日,三層,一層 二層 三層 見其他登記事項
RPXNMLSJIINFFCQ37CA,,197.79,住家用,鋼筋混凝土造,107年5月15日,三層,一層 二層 三層 四層
RPPOMLRKRHNFFDQ57CA,1,191.00,見其他登記事項,鋼筋混凝土造,106年10月7日,四層,一層 二層 三層 四層
RPQOMLRKRHNFFDQ67CA,1,209.04,見其他登記事項,鋼筋混凝土造,106年10月7日,四層,一層 二層 三層 四層
RPWNMLPKRHNFFCQ87CA,,211.76,見其他登記事項,鋼筋混凝土造,107年6月22日,三層,一層 二層 三層 見其他登記事項
RPRNMLPKRHNFFCQ37CA,,210.87,見其他登記事項,鋼筋混凝土造,107年6月22日,三層,一層 二層 三層 見其他登記事項
RPRNMLMKRHNFFDQ17CA,,188.93,住家用,鋼筋混凝土造,107年4月23日,三層,一層 二層 三層 見其他登記事項
RPSNMLMKRHNFFDQ27CA,,189.75,住家用,鋼筋混凝土造,107年4月23日,三層,一層 二層 三層 見其他登記事項
RPUNMLMKRHNFFDQ47CA,,204.90,住家用,鋼筋混凝土造,107年4月23日,三層,一層 二層 三層 見其他登記事項
RPTNMLMKRHNFFDQ37CA,,204.28,住家用,鋼筋混凝土造,107年4月23日,三層,一層 二層 三層 見其他登記事項
RPVNMLMKRHNFFDQ57CA,,190.70,住家用,鋼筋混凝土造,107年4月23日,三層,一層 二層 三層 見其他登記事項
RPXNMLPKRHNFFCQ97CA,,205.98,見其他登記事項,鋼筋混凝土造,107年6月22日,三層,一層 二層 三層 見其他登記事項
RPQNMLOKRHNFFEQ37CA,36,102.26,住家用,鋼筋混凝土加強磚造,72年1月17日,一層,一層 騎樓
RPQNMLMKRHNFFCQ17EA,25,152.63,住家用,鋼筋混凝土造,82年7月22日,三層,一層 二層 三層 電梯樓梯間
RPPNMLTLRHNFFDQ77CA,42,70.08,住家用,鋼筋混凝土加強磚造,66年2月3日,二層,一層 二層
RPQNMLMLRHNFFDQ17CA,38,153.45,住家用,鋼筋混凝土加強磚造,69年3月18日,二層,一層 二層
RPSNMLLJIINFFDQ88CA,13,16.15,見其他登記事項,鋼筋混凝土造,94年8月15日,五層,二層
RPSNMLLJIINFFDQ88CA,13,7.19,見其他登記事項,鋼筋混凝土造,94年8月15日,五層,
RPSNMLLJIINFFDQ88CA,13,16.15,見其他登記事項,鋼筋混凝土造,94年8月15日,五層,二層
RPSNMLLJIINFFDQ88CA,13,7.19,見其他登記事項,鋼筋混凝土造,94年8月15日,五層,
RPTNMLPKRHNFFCQ57CA,,210.81,見其他登記事項,鋼筋混凝土造,107年6月22日,三層,一層 二層 三層 見其他登記事項
RPUNMLPKRHNFFCQ67CA,,185.03,見其他登記事項,鋼筋混凝土造,107年6月22日,三層,一層 二層 三層 見其他登記事項
RPVNMLPKRHNFFCQ77CA,,214.72,見其他登記事項,鋼筋混凝土造,107年6月22日,三層,一層 二層 三層 見其他登記事項
RPXOMLPJIINFFBQ17DA,22,143.41,住家用,鋼筋混凝土造,85年5月25日,十層,六層
RPXOMLPJIINFFBQ17DA,22,10.71,見其他登記事項,鋼筋混凝土造,85年5月25日,十層,
RPXOMLPJIINFFBQ17DA,22,26.53,見其他登記事項,鋼筋混凝土造,85年5月25日,十層,
RPQNMLNKRHNFFBQ96CA,43,157.48,住商用,鋼筋混凝土加強磚造,65年2月23日,三層,一層 二層 三層 騎樓
RPTNMLRKRHNFFBQ67CA,38,93.96,住商用,加強磚造,69年4月25日,二層,一層 二層
RPVOMLOKRHNFFCQ77CA,39,116.31,住家用,鋼筋混凝土加強磚造,68年8月30日,二層,一層 二層 電梯樓梯間
RPSNMLLLRHNFFDQ27CA,37,123.88,住家用,鋼筋混凝土加強磚造,70年12月22日,三層,一層 二層 三層
RPSNMLOKRHNFFDQ47CA,23,149.19,住家用,鋼筋混凝土造,84年12月14日,三層,一層 二層 三層
RPWNMLSKRHNFFDQ28CA,,164.80,見其他登記事項,鋼筋混凝土造,107年4月13日,三層,一層 二層 三層 見其他登記事項
RPPOMLSKRHNFFDQ67CA,,166.29,見其他登記事項,鋼筋混凝土造,107年4月13日,三層,一層 二層 三層 見其他登記事項
RPOOMLSKRHNFFDQ57CA,,162.27,見其他登記事項,鋼筋混凝土造,107年4月13日,三層,一層 二層 三層 見其他登記事項
RPRNMLQLRHNFFCQ57CA,4,196.23,見其他登記事項,鋼筋混凝土造,103年8月18日,三層,一層 二層 三層 見其他登記事項
RPSOMLSKRHNFFDQ97CA,,173.73,見其他登記事項,鋼筋混凝土造,107年4月13日,三層,一層 二層 三層 見其他登記事項
RPROMLSKRHNFFDQ87CA,,156.02,住家用,鋼筋混凝土造,107年4月13日,三層,一層 二層 三層
RPTOMLSKRHNFFDQ08CA,,177.17,住家用,鋼筋混凝土造,107年4月13日,四層,一層 二層 三層 四層
RPRNMLSLRHNFFCQ77CA,8,186.59,見其他登記事項,鋼筋混凝土造,99年3月17日,三層,一層 二層 三層 電梯樓梯間
RPQNMLTLRHNFFDQ87CA,3,158.96,見其他登記事項,鋼筋混凝土造,104年6月25日,三層,一層 二層 三層
RPXNMLTLRHNFFDQ58CA,6,272.22,見其他登記事項,鋼筋混凝土造,102年2月22日,四層,一層 二層 三層 四層 見其他登記事項
RPQNMLSKRHNFFDQ77DA,14,69.93,住家用,見其他登記事項,93年2月3日,4,一層
RPQNMLSKRHNFFDQ77DA,14,61.82,住家用,見其他登記事項,93年2月3日,4,二層
RPQNMLSKRHNFFDQ77DA,14,59.04,住家用,見其他登記事項,93年2月3日,4,三層
RPQNMLSKRHNFFDQ77DA,14,47.70,住家用,見其他登記事項,93年2月3日,4,四層
RPQNMLSKRHNFFDQ77DA,14,15.92,見其他登記事項,見其他登記事項,93年2月3日,四層,
RPWNMLTJIINFFDQ47CA,30,118.92,住家用,鋼筋混凝土加強磚造,77年5月9日,二層,一層 二層
RPUNMLRLRHNFFDQ08CA,24,147.67,住家用,鋼筋混凝土加強磚造,83年4月6日,三層,一層 二層 三層
RPTOMLKLRHNFFEQ47CA,44,66.43,住家用,鋼筋混凝土加強磚造,64年1月29日,一層,一層
RPTNMLPLRHNFFEQ87CA,38,102.28,住家用,鋼筋混凝土加強磚造,69年9月15日,二層,一層 二層 騎樓
RPUOMLSKRHNFFDQ18CA,,173.55,見其他登記事項,鋼筋混凝土造,107年4月13日,三層,一層 二層 三層 見其他登記事項
RPVOMLSKRHNFFDQ28CA,,169.14,見其他登記事項,鋼筋混凝土造,107年4月13日,三層,一層 二層 三層 見其他登記事項
RPWOMLSKRHNFFDQ38CA,,171.42,見其他登記事項,鋼筋混凝土造,107年4月13日,三層,一層 二層 三層 見其他登記事項
RPOPMLSKRHNFFDQ67CA,,159.01,見其他登記事項,鋼筋混凝土造,107年4月13日,三層,一層 二層 三層 見其他登記事項
RPXOMLSKRHNFFDQ48CA,,171.42,見其他登記事項,鋼筋混凝土造,107年4月13日,三層,一層 二層 三層 見其他登記事項
RPPPMLSKRHNFFDQ77CA,,149.91,住家用,鋼筋混凝土造,107年4月13日,三層,一層 二層 三層
RPQPMLSKRHNFFDQ87CA,,168.95,見其他登記事項,鋼筋混凝土造,107年4月13日,三層,一層 二層 三層 見其他登記事項
RPRPMLSKRHNFFDQ97CA,,168.95,見其他登記事項,鋼筋混凝土造,107年4月13日,三層,一層 二層 三層 見其他登記事項
RPQOMLOKRHNFFCQ27CA,22,98.63,住家用,鋼筋混凝土造,85年11月15日,五層,三層
RPRNMLLLRHNFFEQ27CA,24,.36,住家用,鋼筋混凝土造,84年2月3日,一層,一層 騎樓
RPRNMLLLRHNFFEQ27CA,24,195.29,住家用,鋼筋混凝土造,84年2月3日,四層,一層 二層 三層 四層 騎樓
RPRNMLKLRHNFFCQ96CA,36,124.09,住家用,鋼筋混凝土加強磚造,71年12月21日,二層,一層 二層 電梯樓梯間
RPVNMLSJIINFFBQ07CA,,196.14,見其他登記事項,鋼筋混凝土造,107年3月7日,三層,一層 二層 三層 見其他登記事項
RPPNMLTLRHNFFCQ67CA,17,125.47,住家用,鋼筋混凝土造,91年1月14日,三層,一層 二層 三層
RPRNMLMLRHNFFBQ07CA,35,115.14,見其他登記事項,加強磚造,72年7月3日,二層,一層 二層 屋頂突出物
RPXOMLMKIINFFCQ96CA,20,89.80,見其他登記事項,鋼筋混凝土造,87年4月3日,五層,四層
RPSNMLPLRHNFFBQ57DA,31,148.78,住家用,鋼筋混凝土加強磚造,76年7月9日,二層,一層 二層 騎樓
RPUNMLNJIINFFDQ66CA,1,72.69,集合住宅,鋼筋混凝土造,106年4月21日,十六層,十層
RPUNMLNJIINFFDQ66CA,1,11.39,見其他登記事項,鋼筋混凝土造,106年4月21日,十六層,
RPUNMLNJIINFFDQ66CA,1,20.24,見其他登記事項,鋼筋混凝土造,106年4月21日,十六層,
RPUNMLNJIINFFDQ66CA,1,29.87,見其他登記事項,鋼筋混凝土造,106年4月21日,十六層,
RPRNMLTKRHNFFDQ08EA,31,65.96,住家用,鋼筋混凝土加強磚造,76年2月11日,二層,一層 二層
RPWNMLKLRHNFFEQ77DA,,203.36,見其他登記事項,鋼筋混凝土造,107年8月2日,三層,一層 二層 三層 見其他登記事項
RPXNMLKLRHNFFEQ87DA,,171.27,見其他登記事項,鋼筋混凝土造,107年8月2日,四層,一層 二層 三層 四層
RPRNMLSKRHNFFDQ77CA,23,658.12,見其他登記事項,見其他登記事項,84年12月3日,一層,一層
RPOOMLKLRHNFFEQ07DA,,220.82,見其他登記事項,鋼筋混凝土造,107年8月2日,三層,一層 二層 三層 見其他登記事項
RPPOMLKLRHNFFEQ17DA,1,161.83,見其他登記事項,鋼筋混凝土造,107年8月2日,四層,一層 二層 三層 四層
RPPOMLTLRHNFFDQ87CA,35,114.30,住家用,鋼筋混凝土加強磚造,72年8月15日,二層,一層 二層 騎樓
RPVNMLTLRHNFFDQ38CA,10,557.00,見其他登記事項,鋼筋混凝土造,97年8月4日,五層,一層 二層 三層 四層 五層
RPWNMLTLRHNFFDQ48CA,39,88.82,住家用,鋼筋混凝土加強磚造,68年10月1日,二層,一層 二層
RPUNMLLLRHNFFDQ47CA,44,49.07,住家用,鋼筋混凝土加強磚造,63年7月27日,一層,一層
RPSNMLSJIINFFDQ96CA,12,.88,見其他登記事項,鋼筋混凝土造,95年7月18日,一層,地下層
RPSNMLSJIINFFDQ96CA,12,1.54,見其他登記事項,鋼筋混凝土造,95年7月18日,四層,一層 二層 三層 四層 地下層
RPSNMLSJIINFFDQ96CA,12,342.26,見其他登記事項,鋼筋混凝土造,95年7月18日,四層,一層 二層 三層 四層
RPSNMLSJIINFFDQ96CA,12,2.09,見其他登記事項,鋼筋混凝土造,95年7月18日,三層,一層 二層 三層 地下層
RPTNMLTKRHNFFCQ97CA,1,208.05,見其他登記事項,鋼筋混凝土造,106年11月24日,四層,一層 二層 三層 四層
RPTNMLPLRHNFFCQ67CA,16,100.04,見其他登記事項,鋼筋混凝土造,91年7月25日,五層,四層
RPQNMLMJIINFFBQ58CA,39,120.81,住家用,加強磚造,68年10月15日,二層,一層 二層
RPXNMLLJIINFFBQ56CA,41,92.00,住家用,鋼筋混凝土加強磚造,66年10月28日,二層,一層 二層
RPQNMLPKIINFFCQ09CA,24,142.36,見其他登記事項,鋼筋混凝土造,83年8月19日,四層,一層 二層 三層 四層
RPPNMLPKIINFFCQ98CA,51,52.42,住家用,加強磚造,57年1月30日,二層,一層 二層 騎樓
RPPNMLMLRHNFFCQ96CA,12,169.31,住家用,鋼筋混凝土造,95年9月4日,四層,一層 二層 三層 四層
RPROMLKLRHNFFEQ37DA,1,161.83,見其他登記事項,鋼筋混凝土造,107年8月2日,四層,一層 二層 三層 四層
RPPNMLKLRHNFFDQ86CA,14,19.73,見其他登記事項,鋼筋混凝土造,94年2月4日,五層,三層
RPPNMLKLRHNFFDQ86CA,14,7.22,見其他登記事項,鋼筋混凝土造,94年2月4日,五層,
RPSNMLTKRHNFFDQ97CA,12,.65,見其他登記事項,鋼筋混凝土造,95年7月18日,三層,一層 二層 三層 地下層
RPSNMLTKRHNFFDQ97CA,12,.27,見其他登記事項,鋼筋混凝土造,95年7月18日,一層,地下層
RPSNMLTKRHNFFDQ97CA,12,.48,見其他登記事項,鋼筋混凝土造,95年7月18日,四層,一層 二層 三層 四層 地下層
RPSNMLTKRHNFFDQ97CA,6,279.25,集合住宅,鋼筋混凝土造,101年8月29日,四層,一層 二層 三層 四層
RPQNMLKLRHNFFDQ96CA,22,168.83,見其他登記事項,鋼筋混凝土造,85年3月22日,四層,一層 二層 三層 四層
RPXNMLQLRHNFFDQ28CA,12,1.69,見其他登記事項,鋼筋混凝土造,95年7月18日,三層,
RPXNMLQLRHNFFDQ28CA,12,.72,見其他登記事項,鋼筋混凝土造,95年7月18日,一層,
RPXNMLQLRHNFFDQ28CA,12,1.25,見其他登記事項,鋼筋混凝土造,95年7月18日,四層,
RPXNMLQLRHNFFDQ28CA,12,310.59,見其他登記事項,鋼筋混凝土造,95年7月18日,四層,一層 二層 三層 四層
RPSNMLPLRHNFFEQ77CA,37,95.36,住商用,鋼筋混凝土加強磚造,71年2月27日,二層,一層 二層 騎樓
RPTNMLSLRHNFFDQ08CA,1,191.02,見其他登記事項,鋼筋混凝土造,106年10月7日,四層,一層 二層 三層 四層
RPRNMLPJIINFFCQ09CA,1,23657.36,見其他登記事項,見其他登記事項,104年11月12日,四層,一層 二層 三層 四層 見其他登記事項
RPQNMLQKIINFFCQ56CA,1,219.02,見其他登記事項,鋼筋混凝土造,106年11月17日,三層,一層 二層 三層 見其他登記事項
RPVNMLPLRHNFFCQ87CA,37,114.78,住商用,鋼筋混凝土加強磚造,71年2月27日,二層,一層 二層 騎樓 電梯樓梯間
RPTNMLLJIINFFBQ78CA,3,294.25,見其他登記事項,鋼筋混凝土造,104年7月20日,三層,一層 二層 三層
RPTNMLLJIINFFBQ78CA,3,1.00,見其他登記事項,鋼筋混凝土造,104年1月6日,一層,一層
RPPNMLSKIINFFBQ56CA,12,165.89,見其他登記事項,鋼筋混凝土造,95年8月28日,三層,一層 二層 三層 見其他登記事項
RPRNMLTLRHNFFDQ97CA,13,175.92,住商用,鋼筋混凝土造,95年1月25日,四層,一層 二層 三層 四層
RPSNMLPJIINFFDQ66CA,37,115.52,住家用,鋼筋混凝土加強磚造,70年12月25日,二層,一層 二層
RPRNMLNJIINFFDQ98CA,42,100.66,住家用,木造,65年7月16日,二層,一層 二層 騎樓
RPOOMLTLRHNFFDQ77CA,6,139.24,住家用,鋼筋混凝土造,102年1月22日,四層,一層 二層 三層 四層
RPOOMLTKIINFFCQ76CA,36,69.53,住家用,鋼筋混凝土加強磚造,71年12月31日,二層,一層 二層
RPRNMLTLRHNFFCQ87CA,14,188.81,住家用,鋼筋混凝土造,93年9月10日,三層,一層 二層 三層 電梯樓梯間
RPOOMLPKIINFFDQ09CA,23,128.77,見其他登記事項,鋼筋混凝土造,84年9月8日,十二層,六層
RPOOMLPKIINFFDQ09CA,23,31.72,見其他登記事項,鋼筋混凝土造,84年9月8日,十二層,
RPOOMLPKIINFFDQ09CA,23,27.11,見其他登記事項,鋼筋混凝土造,84年9月8日,十二層,
RPQNMLSLRHNFFCQ67CA,24,155.61,住家用,鋼筋混凝土造,84年1月13日,三層,一層 二層 三層 電梯樓梯間
RPSNMLMJIINFFCQ88CA,11,21.57,見其他登記事項,鋼筋混凝土造,96年6月23日,五層,五層
RPSNMLMJIINFFCQ88CA,11,7.03,見其他登記事項,鋼筋混凝土造,96年6月23日,五層,
SPSNMLMJIINFFCQ98CA,11,21.15,見其他登記事項,鋼筋混凝土造,96年6月23日,五層,五層
SPSNMLMJIINFFCQ98CA,11,7.03,見其他登記事項,鋼筋混凝土造,96年6月23日,五層,
RPPNMLLKIINFFBQ48CA,12,19.19,住家用,鋼筋混凝土造,95年8月28日,八層,四層
RPPNMLLKIINFFBQ48CA,12,7.43,共有部份,鋼筋混凝土造,95年8月28日,,
RPPNMLLKIINFFBQ48CA,12,4.61,共有部份,鋼筋混凝土造,95年8月28日,,
RPPNMLNKIINFFCQ78CA,12,184.88,住家用,鋼筋混凝土造,95年3月24日,三層,一層 二層 三層 電梯樓梯間
RPPOMLLJIINFFDQ68CA,,198.95,住家用,鋼筋混凝土造,107年5月17日,三層,一層 二層 三層 見其他登記事項
RPRNMLLJIINFFBQ58CA,1,221.81,住家用,鋼筋混凝土造,106年5月12日,四層,一層 二層 三層 四層
RPQNMLTLRHNFFEQ97CA,25,119.82,住家用,鋼筋混凝土加強磚造,83年1月20日,二層,一層 二層
RPQNMLSLRHNFFDQ87DA,19,186.61,住房,見其他登記事項,88年6月3日,三層,一層 二層 三層 見其他登記事項
RPPNMLTLRHNFFEQ87CA,27,205.35,住家用,鋼筋混凝土造,80年4月29日,三層,一層 二層 三層 騎樓
RPQNMLTJIINFFDQ86CA,37,113.97,住商用,鋼筋混凝土加強磚造,70年5月1日,二層,一層 二層 騎樓
RPPNMLTJIINFFDQ76CA,27,150.70,住家用,鋼筋混凝土造,80年8月13日,三層,一層 二層 三層
RPPOMLTKIINFFCQ86CA,,202.45,住家用,鋼筋混凝土造,107年8月14日,四層,一層 二層 三層 四層
RPTNMLOJIINFFDQ66CA,25,151.30,住家用,鋼筋混凝土造,82年7月26日,三層,一層 二層 三層
RPOOMLLJIINFFDQ58CA,,194.56,住家用,鋼筋混凝土造,107年5月17日,三層,一層 二層 三層 見其他登記事項
RPQOMLTKIINFFCQ96CA,,220.26,住家用,鋼筋混凝土造,107年8月14日,四層,一層 二層 三層 四層
RPROMLTKIINFFCQ07CA,,211.12,住家用,鋼筋混凝土造,107年8月14日,四層,一層 二層 三層 四層
RPTOMLTKIINFFCQ27CA,,189.67,住家用,鋼筋混凝土造,107年8月14日,四層,一層 二層 三層 四層
RPSOMLTKIINFFCQ17CA,,191.38,住家用,鋼筋混凝土造,107年8月14日,四層,一層 二層 三層 四層
RPXNMLTKIINFFCQ57CA,,204.86,住家用,鋼筋混凝土造,107年8月14日,四層,一層 二層 三層 四層
RPPNMLMJIINFFCQ58CA,23,116.59,住家用,鋼筋混凝土造,84年6月14日,三層,一層 二層 三層
RPTNMLMJIINFFCQ98CA,23,400.23,住家用,鋼筋混凝土造,84年6月12日,三層,一層 二層 三層 電梯樓梯間
RPSNMLMJIINFFBQ78CA,1,222.44,住家用,鋼筋混凝土造,107年2月13日,四層,一層 二層 三層 四層
RPTNMLMJIINFFBQ88CA,1,173.20,住家用,鋼筋混凝土造,107年2月13日,四層,一層 二層 三層 四層
RPUNMLLJIINFFDQ09CA,,204.87,住家用,鋼筋混凝土造,107年5月17日,三層,一層 二層 三層 見其他登記事項
RPXNMLLJIINFFDQ76CA,,195.06,住家用,鋼筋混凝土造,107年5月17日,三層,一層 二層 三層 見其他登記事項
RPWNMLLJIINFFDQ66CA,,160.86,住家用,鋼筋混凝土造,107年5月17日,三層,一層 二層 三層 見其他登記事項
RPPNMLOJIINFFDQ88CA,38,119.41,住家用,鋼筋混凝土加強磚造,69年10月16日,二層,一層 二層 騎樓
RPUNMLSJIINFFCQ27EA,37,59.48,住家用,磚造,70年3月13日,一層,一層
RPSNMLNJIINFFDQ56DA,35,100.14,見其他登記事項,鋼筋混凝土加強磚造,73年1月5日,二層,一層 二層 騎樓
RPPNMLMJIINFFDQ78DA,39,117.75,住家用,鋼筋混凝土加強磚造,69年1月12日,二層,一層 二層
RPPNMLPJIINFFCQ88CA,26,103.73,住家用,鋼筋混凝土造,82年2月17日,五層,三層
RPPNMLPJIINFFCQ88CA,26,10.16,共有部份,鋼筋混凝土造,82年2月17日,五層,
RPTNMLPJIINFFCQ66CA,12,2334.41,見其他登記事項,見其他登記事項,95年3月8日,一層,一層
RPRNMLNJIINFFCQ88CA,35,62.12,住家用,鋼筋混凝土造,72年3月12日,五層,二層
RPRNMLNJIINFFCQ88CA,35,.25,見其他登記事項,鋼筋混凝土造,72年3月12日,五層,一層
RPUOMLMKIINFFCQ66CA,37,112.31,住家用,鋼筋混凝土加強磚造,70年12月17日,二層,一層 二層
RPVNMLSJIINFFCQ17CA,32,101.68,住家用,鋼筋混凝土加強磚造,76年1月26日,二層,一層 二層 騎樓 電梯樓梯間
RPWNMLNJIINFFDQ86CA,,195.06,住家用,鋼筋混凝土造,107年5月17日,三層,一層 二層 三層 見其他登記事項
RPTNMLNJIINFFDQ66DA,38,99.63,住商用,鋼筋混凝土加強磚造,69年12月27日,二層,一層 二層
RPTNMLMKIINFFDQ66DA,21,139.12,住家用,鋼筋混凝土造,86年12月29日,三層,一層 二層 三層
RPUNMLOJIINFFDQ76CA,13,15.37,見其他登記事項,鋼筋混凝土造,94年8月15日,五層,二層
RPUNMLOJIINFFDQ76CA,13,6.84,見其他登記事項,鋼筋混凝土造,94年8月15日,五層,
RPPNMLQJIINFFEQ56CA,25,119.50,住家用,鋼筋混凝土造,82年4月1日,十八層,八層
RPPNMLQJIINFFEQ56CA,25,19.81,見其他登記事項,鋼筋混凝土造,82年4月1日,十八層,
RPPNMLQJIINFFEQ56CA,25,5.61,見其他登記事項,鋼筋混凝土造,82年4月1日,,
RPQNMLMKIINFFDQ88CA,30,221.60,住家用,鋼筋混凝土加強磚造,77年3月23日,三層,一層 二層 三層
RPWNMLOJIINFFDQ96CA,13,15.37,見其他登記事項,鋼筋混凝土造,94年8月15日,五層,二層
RPWNMLOJIINFFDQ96CA,13,6.84,見其他登記事項,鋼筋混凝土造,94年8月15日,五層,
RPQNMLTJIINFFBQ66CA,3,198.72,見其他登記事項,鋼筋混凝土造,104年4月13日,三層,一層 二層 三層 見其他登記事項
RPUNMLPKIINFFBQ76CA,27,195.81,住家用,鋼筋混凝土加強磚造,80年10月22日,四層,一層 二層 三層 四層
RPSOMLNLIINFFDQ76CA,1,158.97,住家用,鋼筋混凝土造,106年3月16日,三層,一層 二層 三層 見其他登記事項
RPQNMLOJIINFFDQ56EA,23,268.49,見其他登記事項,鋼筋混凝土造,84年5月18日,四層,一層 二層 三層 四層 地下層
RPPNMLLJJINFFCQ78EA,48,28.73,住家用,加強磚造,60年1月1日,一層,一層
RPRNMLTJIINFFBQ76CA,1,188.31,見其他登記事項,鋼筋混凝土造,107年2月9日,二層,一層 二層 見其他登記事項
RPRNMLKMIINFFBQ78CA,13,16.76,住家用,鋼筋混凝土造,94年10月3日,十層,四層
RPRNMLKMIINFFBQ78CA,13,.10,見其他登記事項,鋼筋混凝土造,94年10月3日,十層,
RPRNMLKMIINFFBQ78CA,13,8.83,見其他登記事項,鋼筋混凝土造,94年10月3日,十層,
RPQNMLLKIINFFBQ58CA,22,119.15,住家用,鋼筋混凝土造,85年8月15日,十四層,十四層
RPQNMLLKIINFFBQ58CA,22,34.67,見其他登記事項,鋼筋混凝土造,85年8月15日,十四層,
RPRNMLSJIINFFBQ66CA,4,52.10,見其他登記事項,鋼筋混凝土造,103年8月15日,八層,四層
RPRNMLSJIINFFBQ66CA,4,42.30,見其他登記事項,鋼筋混凝土造,103年8月15日,八層,
RPSNMLTJIINFFBQ86CA,1,188.31,見其他登記事項,鋼筋混凝土造,107年2月9日,二層,一層 二層 見其他登記事項
RPXNMLOJIINFFDQ07CA,10,159.21,見其他登記事項,鋼筋混凝土造,97年9月3日,三層,一層 二層 三層
RPWNMLSJIINFFDQ37CA,21,184.68,住家用,鋼筋混凝土造,86年3月12日,四層,一層 二層 三層 四層
RPTNMLTJIINFFDQ17CA,38,66.53,住家用,鋼筋混凝土加強磚造,69年4月7日,一層,一層 騎樓
RPPOMLPKIINFFDQ56CA,18,142.72,住家用,鋼筋混凝土造,89年9月25日,四層,一層 二層 三層 四層
RPPNMLLKIINFFEQ78CA,40,30.97,住家用,鋼筋混凝土加強磚造,68年1月12日,二層,一層 二層
RPSNMLLKIINFFDQ98CA,41,49.32,住家用,磚造,66年12月25日,一層,一層 騎樓
RPTNMLLKIINFFDQ09CA,1,222.14,住家用,鋼筋混凝土造,107年3月13日,四層,一層 二層 三層 四層
RPOOMLKMIINFFDQ78CA,,203.27,見其他登記事項,鋼筋混凝土造,107年8月9日,四層,一層 二層 三層 四層
RPPNMLQLIINFFDQ66CA,1,163.21,見其他登記事項,鋼筋混凝土造,106年12月27日,四層,一層 二層 三層 四層
RPSNMLOLIINFFDQ76CA,40,107.48,住家用,鋼筋混凝土加強磚造,67年3月15日,二層,一層 二層 騎樓
RPRNMLQJIINFFBQ09CA,1,171.66,住家用,鋼筋混凝土造,107年2月13日,四層,一層 二層 三層 四層
RPTNMLSKIINFFCQ07CA,13,152.90,見其他登記事項,鋼筋混凝土造,94年8月24日,三層,一層 二層 三層 電梯樓梯間
RPUNMLSKIINFFDQ27CA,27,147.38,住商用,鋼筋混凝土造,81年2月26日,三層,一層 二層 三層
RPVNMLOLIINFFCQ96CA,24,92.92,見其他登記事項,鋼筋混凝土造,83年8月8日,十一層,十一層
RPVNMLOLIINFFCQ96CA,24,15.71,共有部份,鋼筋混凝土造,83年8月8日,十一層,
RPVNMLOLIINFFCQ96CA,24,19.30,共有部份,鋼筋混凝土造,83年8月8日,十一層,
RPRNMLPKIINFFCQ56CA,38,99.45,見其他登記事項,鋼筋混凝土加強磚造,70年2月10日,二層,一層 二層 騎樓 電梯樓梯間
RPSNMLLKIINFFCQ88CA,24,254.65,住商用,鋼筋混凝土造,83年10月28日,三層,一層 二層 三層 騎樓 電梯樓梯間
RPSNMLTJIINFFCQ96CA,17,125.47,住家用,鋼筋混凝土造,91年1月14日,三層,一層 二層 三層
RPTNMLLKIINFFBQ88CA,25,89.22,住家用,鋼筋混凝土造,82年12月7日,五層,四層
RPTNMLLKIINFFBQ88CA,25,5.19,見其他登記事項,鋼筋混凝土造,82年12月7日,五層,
RPRNMLTJIINFFDQ96CA,41,116.94,住商用,鋼筋混凝土加強磚造,66年8月25日,二層,一層 二層 騎樓
RPPNMLNLIINFFEQ09CA,36,97.89,住商用,鋼筋混凝土加強磚造,71年10月23日,二層,一層 二層 騎樓
RPVNMLTJIINFFDQ37CA,28,227.04,住商用,鋼筋混凝土造,79年7月13日,四層,一層 二層 三層 四層 騎樓
RPPNMLLKIINFFDQ78DA,37,157.44,住商用,鋼筋混凝土加強磚造,70年12月8日,三層,一層 二層 三層 騎樓
RPXNMLPKIINFFDQ27CA,40,85.08,住家用,鋼筋混凝土加強磚造,67年4月7日,二層,一層 二層
RPQNMLPKIINFFBQ09DA,2,191.76,見其他登記事項,鋼筋混凝土造,105年8月4日,三層,一層 二層 三層
RPTNMLPKIINFFDQ86CA,1,158.85,見其他登記事項,鋼筋混凝土造,106年12月22日,三層,一層 二層 三層 見其他登記事項
RPRNMLOLIINFFDQ66CA,31,95.20,住家用,鋼筋混凝土加強磚造,76年4月2日,二層,一層 二層
RPQNMLQKIINFFBQ09CA,3,200.53,見其他登記事項,鋼筋混凝土造,104年4月13日,三層,一層 二層 三層 見其他登記事項
RPVNMLMKIINFFCQ66CA,37,58.59,住家用,加強磚造,70年11月1日,一層,一層
RPPNMLTKIINFFBQ66CA,24,83.75,住家用,鋼筋混凝土造,83年9月10日,十二層,十二層
RPPNMLTKIINFFBQ66CA,24,8.24,見其他登記事項,鋼筋混凝土造,83年9月10日,十二層,
RPPNMLTKIINFFBQ66CA,24,6.58,見其他登記事項,鋼筋混凝土造,83年9月10日,十三層,
RPUNMLQLIINFFCQ07CA,25,178.19,住家用,鋼筋混凝土造,82年12月8日,三層,一層 二層 三層 電梯樓梯間
RPRNMLTLIINFFCQ07CA,36,66.20,住家用,鋼筋混凝土加強磚造,71年10月6日,一層,一層
RPRNMLTLIINFFCQ07CA,36,66.75,住家用,見其他登記事項,71年10月6日,一層,一層
RPTNMLRKIINFFBQ86CA,14,18.11,住家用,鋼筋混凝土造,94年1月3日,五層,三層
RPTNMLRKIINFFBQ86CA,14,1.79,見其他登記事項,鋼筋混凝土造,94年1月3日,五層,
RPTNMLRKIINFFBQ86CA,14,2.73,見其他登記事項,鋼筋混凝土造,94年1月3日,五層,
RPPPMLMKIINFFCQ88CA,,203.44,見其他登記事項,鋼筋混凝土造,107年8月7日,四層,一層 二層 三層 四層
RPQPMLMKIINFFCQ98CA,,204.20,見其他登記事項,鋼筋混凝土造,107年8月7日,四層,一層 二層 三層 四層
SPQPMLMKIINFFCQ09CA,,204.20,見其他登記事項,鋼筋混凝土造,107年8月7日,四層,一層 二層 三層 四層
RPWNMLLJJINFFCQ66CA,23,165.67,住家用,鋼筋混凝土造,84年4月12日,三層,一層 二層 三層 電梯樓梯間
RPPNMLNKIINFFDQ88CA,19,132.56,見其他登記事項,鋼筋混凝土造,88年5月31日,三層,一層 二層 三層
RPPNMLRKIINFFEQ76CA,37,81.21,住家用,鋼筋混凝土加強磚造,70年4月21日,二層,一層 二層 電梯樓梯間
RPRNMLPKIINFFBQ56DA,2,191.76,見其他登記事項,鋼筋混凝土造,105年8月4日,三層,一層 二層 三層
RPPNMLMLIINFFEQ98CA,37,125.38,住家用,鋼筋混凝土加強磚造,70年8月19日,二層,一層 二層
RPTOMLMLIINFFDQ76CA,,190.10,見其他登記事項,鋼筋混凝土造,107年5月17日,三層,一層 二層 三層 見其他登記事項
RPWNMLSKIINFFDQ47CA,25,153.38,住家用,鋼筋混凝土造,82年10月21日,二層,一層 二層 三層
RPSNMLTJJINFFDQ17CA,1,72.69,集合住宅,鋼筋混凝土造,106年4月21日,十五層,二層
RPSNMLTJJINFFDQ17CA,1,11.39,見其他登記事項,鋼筋混凝土造,106年4月21日,十六層,
RPSNMLTJJINFFDQ17CA,1,18.63,見其他登記事項,鋼筋混凝土造,106年4月21日,十五層,
RPSNMLTJJINFFDQ17CA,1,29.87,見其他登記事項,鋼筋混凝土造,106年4月21日,十六層,
RPQNMLSKIINFFCQ96EA,22,9.83,共有部份,鋼筋混凝土造,85年11月15日,五層,
RPQNMLSKIINFFCQ96EA,22,102.09,國民住宅,鋼筋混凝土造,85年11月15日,五層,四層
RPQNMLSKIINFFCQ96EA,22,.52,共有部份,鋼筋混凝土造,85年11月15日,地下二層,
RPROMLRJJINFFCQ86CA,35,38.76,住家用,鋼筋混凝土造,73年3月6日,二層,一層 二層 電梯樓梯間
RPTNMLSKIINFFDQ17CA,20,176.77,住家用,鋼筋混凝土造,87年7月31日,三層,一層 二層 三層
RPQNMLQKIINFFDQ66CA,26,178.68,住商用,鋼筋混凝土造,81年9月17日,三層,一層 二層 三層
RPQNMLLJJINFFCQ68CA,2,232.93,住家用,鋼筋混凝土造,106年3月6日,四層,一層 二層 三層 四層
RPRNMLQKIINFFDQ86DA,37,140.00,住家用,鋼筋混凝土加強磚造,70年10月7日,二層,一層 二層
RPVNMLMLIINFFBQ76DA,15,176.06,住商用,鋼筋混凝土造,92年9月22日,四層,一層 二層 三層 四層
RPOOMLMJJINFFDQ78CA,13,15.37,見其他登記事項,鋼筋混凝土造,94年8月15日,五層,二層
RPSNMLSKIINFFDQ07CA,26,132.75,住商用,鋼筋混凝土造,81年12月21日,二層,一層 二層
RPWNMLMLIINFFDQ96CA,1,191.02,見其他登記事項,鋼筋混凝土造,106年10月7日,四層,一層 二層 三層 四層
RPXNMLSKIINFFDQ57CA,,198.95,住家用,鋼筋混凝土造,107年5月17日,三層,一層 二層 三層 見其他登記事項
RPVNMLRJJINFFCQ17CA,,184.43,見其他登記事項,鋼筋混凝土造,107年6月15日,三層,一層 二層 三層 見其他登記事項
RPXNMLRJJINFFCQ37CA,,166.72,住家用,鋼筋混凝土造,107年6月15日,三層,一層 二層 三層
RPPOMLRJJINFFCQ66CA,,166.72,住家用,鋼筋混凝土造,107年6月15日,三層,一層 二層 三層
RPRNMLRJJINFFCQ76CA,,205.93,見其他登記事項,鋼筋混凝土造,107年6月15日,三層,一層 二層 三層 見其他登記事項
RPSNMLRJJINFFCQ86CA,,192.20,見其他登記事項,鋼筋混凝土造,107年6月15日,三層,一層 二層 三層 見其他登記事項
RPSOMLSKIINFFBQ96CA,55,86.02,住家用,鋼筋混凝土加強磚造,52年11月25日,二層,一層 二層 騎樓
RPTNMLTKIINFFCQ17CA,23,167.11,住商用,鋼筋混凝土造,84年8月30日,三層,一層 二層 三層 騎樓 電梯樓梯間
RPTNMLRJJINFFCQ96CA,,165.66,住家用,鋼筋混凝土造,107年6月15日,三層,一層 二層 三層
RPQNMLRJJINFFCQ66CA,,165.66,住家用,鋼筋混凝土造,107年6月15日,三層,一層 二層 三層
RPVNMLTKIINFFCQ37CA,38,116.62,住家用,鋼筋混凝土加強磚造,69年8月4日,二層,一層 二層 騎樓
RPPNMLRJJINFFCQ56CA,,190.33,見其他登記事項,鋼筋混凝土造,107年6月15日,三層,一層 二層 三層 見其他登記事項
RPUNMLRJJINFFCQ07CA,,194.40,見其他登記事項,鋼筋混凝土造,107年6月15日,三層,一層 二層 三層 見其他登記事項
RPWNMLRJJINFFCQ27CA,,169.80,住家用,鋼筋混凝土造,107年6月15日,三層,一層 二層 三層
RPQNMLNLIINFFCQ98CA,22,95.23,見其他登記事項,鋼筋混凝土造,85年5月17日,八層,八層
RPQOMLRJJINFFCQ76CA,,168.43,住家用,鋼筋混凝土造,107年6月15日,三層,一層 二層 三層
RPPNMLPLIINFFCQ09CA,38,108.23,住家用,鋼筋混凝土加強磚造,70年1月20日,二層,一層 二層 騎樓
RPUNMLNLIINFFDQ86CA,22,174.84,住家用,鋼筋混凝土造,85年9月11日,四層,一層 二層 三層 四層
RPPOMLNLIINFFDQ09CA,33,111.91,住家用,鋼筋混凝土加強磚造,74年4月11日,二層,一層 二層
RPXNMLMLIINFFDQ07CA,1,340.89,見其他登記事項,鋼筋混凝土造,106年10月7日,四層,一層 二層 三層 四層
RPSNMLNLIINFFDQ76DA,24,146.40,住商用,鋼筋混凝土造,83年4月8日,四層,一層 二層 三層 四層
RPOOMLLJJINFFDQ68CA,39,112.96,住家用,鋼筋混凝土加強磚造,69年1月26日,三層,一層 二層 三層 騎樓
RPPNMLTKIINFFCQ96EA,2,186.68,見其他登記事項,鋼筋混凝土造,106年2月20日,三層,一層 二層 三層 見其他登記事項
RPPNMLTKIINFFEQ17EA,,260.40,見其他登記事項,鋼筋混凝土造,107年8月2日,四層,一層 二層 三層 四層
RPRNMLLJJINFFEQ98CA,5,446.34,農舍,鋼筋混凝土造,102年9月3日,二層,一層 二層
RPTNMLTJJINFFDQ27CA,1,102.84,集合住宅,鋼筋混凝土造,106年4月21日,十五層,十四層
RPTNMLTJJINFFDQ27CA,1,16.41,見其他登記事項,鋼筋混凝土造,106年4月21日,十六層,
RPTNMLTJJINFFDQ27CA,1,26.83,見其他登記事項,鋼筋混凝土造,106年4月21日,十五層,
RPTNMLTJJINFFDQ27CA,1,29.87,見其他登記事項,鋼筋混凝土造,106年4月21日,十六層,
RPSNMLMLIINFFDQ56CA,19,87.78,見其他登記事項,鋼筋混凝土造,88年5月31日,五層,三層
RPSNMLMLIINFFDQ56CA,19,10.93,見其他登記事項,鋼筋混凝土造,88年5月31日,五層,
RPSNMLMLIINFFDQ56CA,19,.80,見其他登記事項,鋼筋混凝土造,88年5月31日,一層,
RPUNMLMJJINFFEQ76CA,1,194.76,見其他登記事項,鋼筋混凝土造,106年6月27日,四層,一層 二層 三層 四層
RPTNMLMJJINFFEQ66CA,1,185.10,見其他登記事項,鋼筋混凝土造,106年6月27日,四層,一層 二層 三層 四層
RPQNMLKLIINFFDQ78CA,3,218.09,住家用,見其他登記事項,104年9月10日,四層,一層 二層 三層 四層
RPPNMLOLIINFFDQ09CA,39,126.80,住商用,鋼筋混凝土加強磚造,69年3月18日,二層,一層 二層
RPUNMLTLIINFFCQ37CA,12,197.70,見其他登記事項,鋼筋混凝土造,95年9月4日,四層,一層 二層 三層 四層
RPROMLNLIINFFDQ66CA,23,229.05,住商用,鋼筋混凝土造,84年4月6日,四層,一層 二層 三層 四層
RPQNMLMLIINFFCQ88CA,3,101.40,住家用,鋼筋混凝土造,104年5月21日,四層,一層 二層 三層 四層
RPRNMLNLIINFFBQ98CA,38,97.00,住商用,鋼筋混凝土加強磚造,69年11月11日,二層,一層 二層
RPPNMLMLIINFFCQ78CA,24,162.12,住家用,鋼筋混凝土造,84年2月17日,三層,一層 二層 三層 電梯樓梯間
RPTNMLOLIINFFBQ66CA,4,430.25,見其他登記事項,鋼筋混凝土造,104年1月6日,三層,一層 二層 三層
RPTNMLOLIINFFBQ66CA,4,1.00,見其他登記事項,鋼筋混凝土造,104年1月6日,一層,一層
RPXNMLPLIINFFCQ27CA,,180.78,見其他登記事項,鋼筋混凝土造,107年8月17日,三層,一層 二層 三層 見其他登記事項
RPOOMLPLIINFFCQ56DA,22,98.63,住家用,鋼筋混凝土造,85年11月15日,五層,四層
RPQNMLMLIINFFDQ09DA,42,66.66,住家用,磚造,65年8月4日,一層,一層
RPSNMLLMIINFFCQ09CA,36,131.82,住商用,鋼筋混凝土加強磚造,71年7月13日,三層,一層 二層 三層 騎樓
RPPNMLOLIINFFEQ66DA,25,110.05,住家用,鋼筋混凝土造,82年6月17日,三層,一層 二層 三層
RPSNMLPJJINFFDQ76CA,,207.20,見其他登記事項,鋼筋混凝土造,107年8月9日,三層,一層 二層 三層 見其他登記事項
RPTNMLPJJINFFDQ86CA,,185.66,見其他登記事項,鋼筋混凝土造,107年8月9日,三層,一層 二層 三層 見其他登記事項
RPVNMLPJJINFFDQ07CA,22,159.10,見其他登記事項,鋼筋混凝土造,85年11月22日,四層,一層 二層 三層 四層
RPRNMLPJJINFFDQ66CA,,188.87,見其他登記事項,鋼筋混凝土造,107年8月9日,三層,一層 二層 三層 見其他登記事項
RPQNMLQJJINFFDQ66CA,2,252.96,住家用,鋼筋混凝土造,105年8月2日,四層,一層 二層 三層 四層 見其他登記事項
RPVNMLKMIINFFDQ76CA,14,173.71,住商用,鋼筋混凝土造,94年1月7日,三層,一層 二層 三層 騎樓
RPPNMLNLIINFFDQ09DA,22,233.14,農舍,加強磚造,85年11月15日,二層,一層 二層
RPQOMLMLIINFFDQ09CA,15,165.92,住家用,鋼筋混凝土造,92年6月24日,三層,一層 二層 三層
RPXNMLNLIINFFDQ17CA,13,15.37,見其他登記事項,鋼筋混凝土造,94年8月15日,五層,三層
RPXNMLNLIINFFDQ17CA,13,6.84,見其他登記事項,鋼筋混凝土造,94年8月15日,五層,
RPUNMLPJJINFFDQ96CA,,87.04,見其他登記事項,鋼筋混凝土造,107年8月9日,三層,一層 二層 三層 見其他登記事項
RPUNMLPJJINFFDQ96CA,,87.04,見其他登記事項,鋼筋混凝土造,107年8月9日,三層,一層 二層 三層 見其他登記事項
RPTNMLNLIINFFDQ76CA,27,90.29,住家用,鋼筋混凝土造,80年4月30日,三層,一層 二層 三層
RPPNMLPLIINFFBQ98CA,1,199.76,住家用,鋼筋混凝土造,107年2月13日,四層,一層 二層 三層 四層
RPSOMLRJJINFFCQ96CA,26,243.94,住商用,見其他登記事項,81年9月29日,三層,一層 二層 三層 騎樓
RPTNMLOLIINFFCQ76CA,25,159.37,見其他登記事項,鋼筋混凝土造,82年10月28日,四層,一層 二層 三層 四層
RPQNMLQLIINFFCQ66CA,,184.45,見其他登記事項,鋼筋混凝土造,107年8月17日,三層,一層 二層 三層 見其他登記事項
RPQOMLPLIINFFCQ66CA,,192.68,住家用,鋼筋混凝土造,107年8月21日,三層,一層 二層 三層
RPQOMLPLIINFFCQ66CA,,192.68,住家用,鋼筋混凝土造,107年8月21日,三層,一層 二層 三層
RPRNMLQLIINFFCQ76CA,,184.45,見其他登記事項,鋼筋混凝土造,107年8月17日,三層,一層 二層 三層 見其他登記事項
RPPOMLPLIINFFCQ56CA,,192.68,住家用,鋼筋混凝土造,107年8月21日,三層,一層 二層 三層
RPQNMLPLIINFFBQ09CA,1,204.81,見其他登記事項,鋼筋混凝土造,107年2月13日,四層,一層 二層 三層 四層
RPRNMLPLIINFFDQ76CA,,182.49,住家用,鋼筋混凝土造,107年4月13日,四層,一層 二層 三層 四層
RPPOMLMJJINFFDQ88CA,26,132.61,住商用,鋼筋混凝土造,81年12月21日,二層,一層 二層
RPQNMLRLIINFFEQ96CA,44,37.95,住家用,見其他登記事項,64年1月15日,一層,一層
RPQNMLOLIINFFBQ98CA,35,104.72,住家用,鋼筋混凝土加強磚造,73年4月5日,二層,一層 二層
RPTNMLKMIINFFCQ09CA,37,119.33,住家用,加強磚造,70年7月1日,二層,一層 二層 騎樓
RPPNMLQLIINFFCQ56CA,41,91.20,住家用,鋼筋混凝土加強磚造,66年12月30日,二層,一層 二層 騎樓
RPTNMLTJJINFFCQ17CA,37,142.80,住商用,鋼筋混凝土加強磚造,70年7月24日,三層,一層 二層 三層 電梯樓梯間
RPUNMLPLIINFFCQ96CA,37,64.77,住家用,見其他登記事項,70年10月8日,一層,一層
RPRNMLPLIINFFCQ66CA,23,74.22,見其他登記事項,鋼筋混凝土造,84年7月24日,三層,一層 二層 三層 電梯樓梯間
RPRNMLPLIINFFCQ66CA,23,74.22,見其他登記事項,鋼筋混凝土造,84年7月24日,三層,一層 二層 三層 電梯樓梯間
RPPNMLKMIINFFEQ98DA,36,64.22,住家用,磚造,71年12月31日,一層,一層
RPPNMLTLIINFFDQ96CA,,210.86,住家用,鋼筋混凝土造,107年3月13日,四層,一層 二層 三層 四層
RPROMLTLIINFFBQ07CA,,194.76,見其他登記事項,鋼筋混凝土造,107年9月6日,四層,一層 二層 三層 四層
RPRNMLKMIINFFCQ88CA,1,230.60,見其他登記事項,鋼筋混凝土造,106年9月18日,四層,一層 二層 三層 四層
RPPOMLTLIINFFBQ86CA,,194.32,見其他登記事項,鋼筋混凝土造,107年9月6日,四層,一層 二層 三層 四層
RPOOMLTLIINFFBQ76CA,,194.32,見其他登記事項,鋼筋混凝土造,107年9月6日,四層,一層 二層 三層 四層
RPTNMLPLIINFFDQ96CA,37,95.65,住商用,鋼筋混凝土加強磚造,70年6月25日,二層,一層 二層 騎樓
RPUNMLPLIINFFDQ07CA,,208.55,住家用,鋼筋混凝土造,107年4月23日,三層,一層 二層 三層 見其他登記事項
RPQOMLTLIINFFBQ96CA,,64.92,見其他登記事項,鋼筋混凝土造,107年9月6日,四層,一層 二層 三層 四層
RPQOMLTLIINFFBQ96CA,,64.92,見其他登記事項,鋼筋混凝土造,107年9月6日,四層,一層 二層 三層 四層
RPQOMLTLIINFFBQ96CA,,64.92,見其他登記事項,鋼筋混凝土造,107年9月6日,四層,一層 二層 三層 四層
RPRNMLRLIINFFDQ96CA,38,127.28,住家用,鋼筋混凝土加強磚造,69年12月16日,三層,一層 二層 三層
RPPNMLMJJINFFDQ88DA,41,95.63,住家用,鋼筋混凝土加強磚造,67年3月15日,二層,一層 二層 騎樓
RPSNMLTLIINFFDQ27CA,19,173.45,住家用,鋼筋混凝土造,88年6月5日,三層,一層 二層 三層
RPROMLPJJINFFBQ56CA,38,117.19,住商用,鋼筋混凝土加強磚造,70年2月3日,二層,一層 二層
RPPNMLKKJINFFBQ48CA,27,196.59,住家用,鋼筋混凝土加強磚造,80年10月22日,四層,一層 二層 三層 四層
RPQNMLKKJINFFBQ58CA,27,187.06,住家用,鋼筋混凝土加強磚造,80年10月22日,四層,一層 二層 三層 四層
RPQNMLNLJINFFCQ09CA,16,100.16,見其他登記事項,鋼筋混凝土造,91年7月25日,五層,五層
RPQNMLNLJINFFCQ09CA,16,14.17,見其他登記事項,鋼筋混凝土造,91年7月25日,五層,
RPQNMLNLJINFFCQ09CA,16,33.34,停車空間,鋼筋混凝土造,91年7月25日,五層,
RPXNMLPJJINFFBQ07CA,32,184.33,住商用,鋼筋混凝土加強磚造,75年6月21日,三層,一層 二層 三層 騎樓 見其他登記事項
RPSNMLMJJINFFCQ56EA,37,120.59,住家用,鋼筋混凝土加強磚造,70年12月28日,二層,一層 二層 電梯樓梯間
RPQNMLKMIINFFCQ78CA,37,110.89,住家用,鋼筋混凝土加強磚造,70年12月31日,二層,一層 二層
RPQOMLPJJINFFCQ56CA,8,187.74,住家用,鋼筋混凝土造,100年3月22日,三層,一層 二層 三層 電梯樓梯間
RPTNMLTLIINFFDQ37CA,13,16.15,見其他登記事項,鋼筋混凝土造,94年8月15日,五層,三層
RPTNMLTLIINFFDQ37CA,13,7.19,見其他登記事項,鋼筋混凝土造,94年8月15日,五層,
RPRNMLKMIINFFDQ98CA,13,7.51,見其他登記事項,鋼筋混凝土造,94年8月15日,五層,二層
RPRNMLKMIINFFDQ98CA,13,3.35,見其他登記事項,鋼筋混凝土造,94年8月15日,五層,
RPRNMLKMIINFFDQ98CA,13,7.51,見其他登記事項,鋼筋混凝土造,94年8月15日,五層,二層
RPRNMLKMIINFFDQ98CA,13,3.35,見其他登記事項,鋼筋混凝土造,94年8月15日,五層,
RPPNMLKKJINFFEQ78CA,20,83.51,住家用,鋼筋混凝土造,87年7月17日,八層,八層
RPUNMLKLJINFFCQ56CA,24,75.34,見其他登記事項,鋼筋混凝土造,83年8月8日,十一層,十層
RPUNMLKLJINFFCQ56CA,24,15.71,共有部份,鋼筋混凝土造,83年8月8日,十一層,
RPUNMLKLJINFFCQ56CA,24,19.30,共有部份,鋼筋混凝土造,83年8月8日,十一層,
RPPNMLLMIINFFDQ98DA,35,102.58,住家用,鋼筋混凝土加強磚造,73年3月17日,二層,一層 二層
RPSNMLOKJINFFDQ76CA,,172.52,見其他登記事項,鋼筋混凝土造,107年8月9日,四層,一層 二層 三層 四層
RPSNMLOKJINFFDQ76CA,,172.52,見其他登記事項,鋼筋混凝土造,107年8月9日,四層,一層 二層 三層 四層
RPRNMLNKJINFFBQ98CA,12,15.06,住家用,鋼筋混凝土造,95年8月28日,八層,五層
RPRNMLNKJINFFBQ98CA,12,5.78,共有部份,鋼筋混凝土造,95年8月28日,,
RPRNMLNKJINFFBQ98CA,12,4.20,共有部份,鋼筋混凝土造,95年8月28日,,
RPQNMLLMIINFFDQ98CA,24,46.07,見其他登記事項,鋼筋混凝土造,83年8月19日,七層,六層
RPQNMLLMIINFFDQ98CA,24,21.52,見其他登記事項,鋼筋混凝土造,83年8月19日,七層,
RPQNMLLMIINFFDQ98CA,24,10.90,見其他登記事項,鋼筋混凝土造,83年8月19日,七層,
RPTNMLOKJINFFDQ86CA,,198.51,見其他登記事項,鋼筋混凝土造,107年8月9日,三層,一層 二層 三層 見其他登記事項
RPVNMLPKJINFFBQ07DA,38,129.17,住商用,鋼筋混凝土加強磚造,69年7月24日,三層,一層 二層 三層 騎樓
RPTNMLMJJINFFDQ56CA,39,50.93,住家用,磚造,68年12月27日,一層,一層
RPQNMLKKJINFFDQ78CA,,165.31,住房,鋼筋混凝土造,107年5月22日,四層,一層 二層 三層 四層
RPVNMLSLJINFFCQ47CA,23,167.11,住商用,鋼筋混凝土造,84年5月8日,三層,一層 二層 三層 騎樓 電梯樓梯間
RPTNMLMJJINFFBQ98CA,23,242.05,住家用,鋼筋混凝土造,84年4月14日,三層,一層 二層 三層
RPRNMLLJJINFFCQ78CA,27,277.34,住商用,鋼筋混凝土造,80年7月15日,三層,一層 二層 三層 騎樓 電梯樓梯間
RPPNMLSKJINFFCQ76CA,27,133.24,住家用,鋼筋混凝土造,81年3月21日,三層,一層 二層 三層
RPUNMLLJJINFFCQ66EA,37,175.47,住商用,鋼筋混凝土加強磚造,70年11月5日,三層,一層 二層 三層 騎樓 電梯樓梯間
RPQNMLLLJINFFEQ66EA,36,103.66,住家用,鋼筋混凝土加強磚造,71年11月2日,二層,一層 二層
RPQNMLKKJINFFCQ68CA,27,255.97,住商用,鋼筋混凝土造,80年8月2日,四層,一層 二層 三層 四層 騎樓
RPXNMLMKJINFFCQ96CA,25,162.23,住家用,鋼筋混凝土造,82年7月8日,三層,一層 二層 三層 電梯樓梯間
RPVNMLLJJINFFCQ56CA,,203.62,見其他登記事項,鋼筋混凝土造,107年8月7日,四層,一層 二層 三層 四層
RPPNMLMKJINFFDQ88CA,26,132.61,住商用,鋼筋混凝土造,81年12月21日,二層,一層 二層
RPSNMLLMIINFFDQ56CA,23,64.71,見其他登記事項,鋼筋混凝土造,84年9月8日,十二層,四層
RPSNMLLMIINFFDQ56CA,23,15.86,見其他登記事項,鋼筋混凝土造,84年9月8日,十二層,
RPSNMLLMIINFFDQ56CA,23,13.69,見其他登記事項,鋼筋混凝土造,84年9月8日,十二層,
RPPNMLRJJINFFDQ66CA,38,133.80,見其他登記事項,見其他登記事項,69年11月14日,三層,一層 二層 三層
RPPNMLNJJINFFDQ88CA,6,49.66,店舖,見其他登記事項,101年9月13日,一層,一層
RPRNMLMJJINFFEQ09CA,31,190.10,住商用,鋼筋混凝土加強磚造,76年6月19日,二層,一層 二層 騎樓
RPUNMLTJJINFFDQ47DA,34,103.48,住家用,鋼筋混凝土加強磚造,73年5月20日,二層,一層 二層 騎樓
RPQOMLMJJINFFDQ98CA,37,103.18,住家用,鋼筋混凝土加強磚造,70年5月1日,二層,一層 二層 騎樓
RPUNMLKMJINFFCQ66CA,59,97.99,見其他登記事項,見其他登記事項,48年10月5日,二層,一層 二層 騎樓
RPVNMLLJJINFFBQ09CA,,240.43,見其他登記事項,鋼筋混凝土造,107年9月6日,四層,一層 二層 三層 四層
RPWNMLLJJINFFBQ56CA,,267.99,見其他登記事項,鋼筋混凝土造,107年9月6日,四層,一層 二層 三層 四層
RPXNMLLJJINFFBQ66CA,,230.60,見其他登記事項,鋼筋混凝土造,107年9月6日,四層,一層 二層 三層 四層
RPUNMLTLJINFFBQ37CA,25,137.80,住家用,鋼筋混凝土造,83年2月22日,三層,一層 二層 三層
RPWNMLMKJINFFCQ86CA,14,411.00,住家用,鋼筋混凝土造,93年8月9日,三層,一層 二層 三層
RPWOMLPJJINFFBQ07CA,12,15.06,住家用,鋼筋混凝土造,95年8月28日,八層,八層
RPWOMLPJJINFFBQ07CA,12,4.20,共有部份,鋼筋混凝土造,95年8月28日,,
RPWOMLPJJINFFBQ07CA,12,5.72,共有部份,鋼筋混凝土造,95年8月28日,,
RPQNMLQJJINFFBQ09CA,41,121.72,住商用,鋼筋混凝土加強磚造,66年12月28日,二層,一層 二層 騎樓
RPXNMLQJJINFFBQ17CA,1,8036.77,見其他登記事項,見其他登記事項,106年8月11日,二層,一層 二層
RPRNMLPJJINFFCQ56CA,,195.56,住家用,鋼筋混凝土造,107年8月21日,三層,一層 二層 三層
RPVNMLQJJINFFBQ96CA,,182.53,住家用,鋼筋混凝土造,107年4月27日,三層,一層 二層 三層
RPTNMLOKJINFFBQ66CA,,240.43,見其他登記事項,鋼筋混凝土造,107年9月6日,四層,一層 二層 三層 四層
RPUNMLOKJINFFBQ76CA,,240.43,見其他登記事項,鋼筋混凝土造,107年9月6日,四層,一層 二層 三層 四層
RPSNMLLLJINFFDQ56CA,22,134.43,住家用,鋼筋混凝土造,85年9月11日,四層,一層 二層 三層 四層
RPPNMLQJJINFFBQ09DA,38,88.95,住家用,鋼筋混凝土加強磚造,69年11月18日,二層,一層 二層
RPQNMLQJJINFFCQ76EA,24,29.46,共有部份,鋼筋混凝土造,83年8月10日,七層,
RPQNMLQJJINFFCQ76EA,24,85.22,見其他登記事項,鋼筋混凝土造,83年8月10日,七層,六層
RPQNMLQJJINFFCQ76EA,24,11.75,共有部份,鋼筋混凝土造,83年8月10日,七層,
RPQNMLOKJINFFCQ09CA,1,218.97,見其他登記事項,鋼筋混凝土造,107年3月12日,三層,一層 二層 三層 見其他登記事項
RPTNMLLKJINFFCQ09CA,,180.78,見其他登記事項,鋼筋混凝土造,107年8月17日,三層,一層 二層 三層 見其他登記事項
RPPNMLLKJINFFCQ68CA,,184.45,見其他登記事項,鋼筋混凝土造,107年8月17日,三層,一層 二層 三層 見其他登記事項
RPUNMLQJJINFFDQ07CA,37,103.18,住家用,鋼筋混凝土加強磚造,70年5月1日,二層,一層 二層 騎樓
RPTNMLQJJINFFDQ96CA,8,152.86,住家用,鋼筋混凝土造,99年10月11日,三層,一層 二層 三層
RPUNMLSJJINFFBQ07CA,3,190.82,住家用,鋼筋混凝土造,104年11月12日,四層,一層 二層 三層 四層
RPPNMLRJJINFFBQ09CA,,3255.80,見其他登記事項,見其他登記事項,107年5月17日,二層,一層 二層
RPUNMLQLJINFFDQ27CA,,158.78,住家用,鋼筋混凝土造,107年8月14日,三層,一層 二層 三層 見其他登記事項
RPTNMLQLJINFFDQ17CA,,154.36,住家用,鋼筋混凝土造,107年8月14日,三層,一層 二層 三層 見其他登記事項
RPSNMLQLJINFFDQ07CA,,160.05,住家用,鋼筋混凝土造,107年8月14日,三層,一層 二層 三層 見其他登記事項
RPRNMLQLJINFFDQ96CA,,186.49,見其他登記事項,鋼筋混凝土造,107年8月14日,三層,一層 二層 三層 見其他登記事項
RPQNMLTKJINFFEQ17CA,12,359.03,住家用,鋼筋混凝土造,95年4月19日,三層,一層 二層 三層
RPPNMLRLJINFFEQ96CA,19,118.80,農舍,木造,88年10月15日,二層,一層 二層
RPVNMLKLJINFFCQ66CA,25,104.70,住家用,鋼筋混凝土造,82年12月14日,七層,四層
RPVNMLKLJINFFCQ66CA,25,9.47,共有部份,鋼筋混凝土造,82年12月14日,七層,
RPVNMLKLJINFFCQ66CA,25,9.90,共有部份,鋼筋混凝土造,82年12月14日,七層,
RPUNMLSJJINFFCQ17CA,26,85.07,住家用,鋼筋混凝土造,81年11月30日,五層,五層
RPUNMLSJJINFFCQ17CA,26,8.68,共有部份,鋼筋混凝土造,81年11月30日,地下層,
RPUNMLSJJINFFCQ17CA,26,6.94,共有部份,鋼筋混凝土造,81年11月30日,五層,
RPRNMLKKJINFFCQ78CA,26,148.24,住商用,鋼筋混凝土造,81年10月7日,三層,一層 二層 三層 電梯樓梯間
RPPNMLQKJINFFCQ56CA,42,94.92,住家用,鋼筋混凝土加強磚造,65年7月30日,二層,一層 二層
RPRNMLTJJINFFCQ17EA,,195.57,見其他登記事項,鋼筋混凝土造,107年5月15日,三層,一層 二層 三層 見其他登記事項
RPSNMLQKJINFFCQ86CA,12,218.69,見其他登記事項,鋼筋混凝土造,96年3月28日,四層,一層 二層 三層 四層
RPPNMLLKJINFFBQ58CA,1,150.08,見其他登記事項,鋼筋混凝土加強磚造,107年2月7日,三層,一層 二層 三層 見其他登記事項
RPTNMLMKJINFFCQ56CA,26,618.26,住商用,鋼造,81年7月20日,二層,一層 二層
RPQNMLMKJINFFDQ98CA,37,62.82,住家用,磚造,70年6月5日,一層,一層
RPQNMLOKJINFFDQ66DA,37,114.76,住家用,鋼筋混凝土加強磚造,70年12月18日,二層,一層 二層
RPPNMLNKJINFFDQ98CA,22,282.27,住家用,鋼筋混凝土造,85年8月27日,四層,一層 二層 三層 四層
RPRNMLKKJINFFDQ88CA,23,172.36,住家用,鋼筋混凝土造,84年7月21日,三層,一層 二層 三層 夾層
RPOOMLNJKINFFCQ88CA,,217.17,見其他登記事項,鋼筋混凝土造,107年6月15日,三層,一層 二層 三層 見其他登記事項
RPPOMLNJKINFFCQ98CA,,172.07,住家用,鋼筋混凝土造,107年6月15日,三層,一層 二層 三層
RPXNMLNJKINFFCQ07CA,,165.56,住家用,鋼筋混凝土造,107年6月15日,三層,一層 二層 三層
RPQNMLOKJINFFEQ86EA,26,38.83,住家用,鋼筋混凝土造,82年4月1日,十八層,九層
RPQNMLOKJINFFEQ86EA,26,7.68,見其他登記事項,鋼筋混凝土造,82年4月1日,十八層,
RPQNMLOKJINFFEQ86EA,26,1.75,見其他登記事項,鋼筋混凝土造,82年4月1日,,
RPQNMLMLJINFFDQ09CA,11,260.80,住家用,鋼筋混凝土造,96年8月10日,三層,一層 二層 三層
RPSNMLTKJINFFCQ17CA,24,170.95,住家用,鋼筋混凝土造,83年9月13日,四層,一層 二層 三層 四層
