﻿編號,土地區段位置,土地移轉面積平方公尺,使用分區或編定
The serial number,land sector position,land shifting area square meter,the use zoning or compiles and checks
RPRNMLLJJIHFFFA07CC,仁愛段四小段,.00,都市：住
RPRNMLLJJIHFFFA07CC,仁愛段四小段,.00,都市：其他
RPPOMLLJJIHFFFA96CC,仁愛段五小段,3.72,都市：商
RPPOMLLJJIHFFFA96CC,仁愛段五小段,3.65,都市：商
RPPOMLLJJIHFFFA96CC,仁愛段五小段,3.65,都市：商
RPXNMLLJJIHFFEA57CC,三玉段三小段,167.00,都市：住
RPSNMLLJJIHFFBA76CC,雙連段二小段,25.18,都市：商
RPOOMLLJJIHFFBA09CC,城中段二小段,.00,都市：商
RPWOMLLJJIHFFFA67CC,復興段三小段,.00,都市：其他
RPOPMLLJJIHFFFA96CC,辛亥段四小段,.00,都市：住
RPVOMLLJJIHFFFA57CC,懷生段三小段,.00,都市：住
RPQNMLMJJIHFFFA17DC,懷生段一小段,155.00,都市：住
RPQNMLMJJIHFFFA17DC,懷生段一小段,3.00,都市：其他
RPQNMLMJJIHFFFA17DC,懷生段一小段,115.00,都市：住
RPXNMLMJJIHFFFA77CC,仁愛段四小段,.00,都市：住
RPQOMLMJJIHFFFA17CC,仁愛段五小段,.00,都市：住
RPWNMLMJJIHFFAA17CC,興隆段二小段,497.00,都市：住
RPXQMLMJJIHFFAA57CC,興安段三小段,.00,都市：住
RPUNMLLJJIHFFCA07CC,正義段三小段,16.76,都市：商
RPUOMLLJJIHFFCA17CC,碧湖段二小段,608.00,非都市： ; 非都市編定：
RPOPMLLJJIHFFCA66CC,康寧段四小段,.00,都市：商
RPPPMLMJJIHFFEA07CC,文林段五小段,.00,都市：住
RPQPMLMJJIHFFEA17CC,芝蘭段一小段,14.24,都市：住
RPQPMLMJJIHFFEA17CC,芝蘭段一小段,.06,都市：住
RPQPMLMJJIHFFEA17CC,芝蘭段一小段,11.86,都市：住
RPQPMLMJJIHFFEA17CC,芝蘭段一小段,.95,都市：住
RPSPMLLJJIHFFDA17CC,祥和段三小段,.00,都市：住
RPQRMLLJJIHFFDA27DC,信義段四小段,.00,都市：商
RPQSMLLJJIHFFDA27CC,逸仙段三小段,.00,都市：其他
RPQSMLLJJIHFFDA27CC,逸仙段三小段,.00,都市：其他
RPQSMLLJJIHFFDA27CC,逸仙段三小段,.00,都市：其他
RPUPMLMJJIHFFDA47CC,美仁段二小段,.00,都市：住
RPUPMLMJJIHFFDA47CC,美仁段二小段,.00,都市：商
RPUSMLMJJIHFFDA77CC,南港段一小段,.00,都市：商
RPPQMLMJJIHFFDA07CC,雅祥段一小段,.00,都市：商
RPPTMLMJJIHFFDA37CC,雅祥段四小段,.00,都市：商
RPPTMLMJJIHFFDA37CC,雅祥段四小段,.00,都市：住
RPOOMLMJJIHFFBA56CC,迪化段一小段,.00,都市：商
RPQNMLMJJIHFFBA66CC,臨沂段四小段,.00,都市：住
RPQNMLMJJIHFFBA66CC,臨沂段四小段,.00,都市：住
RPTOMLMJJIHFFCA17CC,中山段一小段,.00,都市：商
RPVOMLMJJIHFFCA37CC,中山段一小段,.00,都市：商
RPUOMLMJJIHFFCA27CC,長安段四小段,190.00,都市：住
RPQOMLMJJIHFFCA86CC,中山段二小段,.00,都市：商
RPPOMLMJJIHFFCA76CC,中山段三小段,.00,都市：商
RPOOMLMJJIHFFCA66CC,長春段二小段,.00,都市：住
RPXNMLMJJIHFFCA47CC,吉林段三小段,.00,都市：商
RPWOMLMJJIHFFCA47CC,正義段四小段,.00,都市：商
RPSQMLMJJIHFFCA27CC,長安段三小段,.00,都市：其他
RPXOMLMJJIHFFCA57CC,正義段二小段,.00,都市：商
RPXPMLMJJIHFFCA67CC,長春段二小段,.00,都市：住
RPVPMLMJJIHFFCA47CC,大湖段二小段,218.77,都市：住
RPTNMLNJJIHFFDA27CC,信義段五小段,6.14,都市：住
RPXQMLMJJIHFFCA77CC,康寧段三小段,.00,都市：商
RPVQMLMJJIHFFCA57CC,康寧段四小段,38.10,都市：住
RPPRMLMJJIHFFCA07CC,榮星段六小段,33.00,都市：商
RPPNMLNJJIHFFCA76CC,中山段三小段,5.98,都市：住
RPQNMLNJJIHFFCA86CC,中山段一小段,.00,都市：商
RPWQMLMJJIHFFCA67CC,長安段一小段,.00,都市：住
RPRNMLNJJIHFFCA96CC,長春段二小段,.00,都市：住
RPPNMLNJJIHFFFA07CC,金華段三小段,.00,都市：商
RPPNMLNJJIHFFFA07CC,金華段三小段,.00,都市：住
RPQNMLNJJIHFFFA17CC,學府段一小段,.00,都市：其他
RPPNMLOJJIHFFBA76CC,城中段一小段,.00,都市：商
RPTNMLNJJIHFFFA47CC,通化段五小段,.00,都市：住
RPRNMLNJJIHFFFA27CC,學府段一小段,.00,都市：其他
RPPNMLNJJIHFFAA56CC,河堤段四小段,.00,非都市： ; 非都市編定：
RPSNMLPJJIHFFBA17CC,城中段一小段,1506.00,都市：商
RPXOMLPJJIHFFBA77CC,臨沂段二小段,.00,非都市： ; 非都市編定：
RPQNMLOJJIHFFCA96CC,潭美段五小段,.00,都市：商
RPTPMLPJJIHFFBA47CC,大同段一小段,29.00,都市：商
RPTQMLPJJIHFFCA67CC,中山段三小段,.00,都市：商
RPTQMLPJJIHFFCA67CC,中山段三小段,.00,都市：商
RPTQMLPJJIHFFCA67CC,中山段三小段,.00,都市：商
RPTQMLPJJIHFFCA67CC,中山段三小段,.00,都市：商
RPRQMLPJJIHFFCA47CC,西湖段四小段,.00,都市：工
RPUNMLNJJIHFFFA57CC,復興段三小段,.00,都市：住
RPPSMLPJJIHFFCA47CC,長春段三小段,.00,都市：商
RPXPMLPJJIHFFBA87CC,大龍段三小段,80.25,都市：商
RPWRMLPJJIHFFCA08CC,長春段三小段,.00,都市：商
RPXPMLPJJIHFFBA87CC,大龍段三小段,106.00,都市：商
RPWRMLPJJIHFFCA08CC,長春段三小段,.00,都市：商
RPOQMLPJJIHFFBA07CC,迪化段三小段,21.44,都市：住
RPXRMLPJJIHFFCA18CC,長春段三小段,.00,都市：商
RPWSMLPJJIHFFCA18CC,中山段一小段,.00,都市：商
RPPQMLPJJIHFFAA07CC,河堤段四小段,.00,非都市： ; 非都市編定：
RPTNMLPJJIHFFFA67CC,通化段五小段,.00,都市：住
RPSOMLPJJIHFFFA77DC,大安段三小段,.00,都市：住
RPUNMLPJJIHFFFA77CC,復興段二小段,.00,都市：商
RPUOMLPJJIHFFFA97DC,大安段三小段,.00,都市：住
RPOUMLPJJIHFFDA67CC,南港段三小段,23.25,都市：住
RPTSMLPJJIHFFDA97CC,民生段,6.57,都市：其他
RPWOMLPJJIHFFDA87CC,美仁段一小段,.00,都市：住
RPURMLPJJIHFFDA97CC,雅祥段四小段,.00,都市：商
RPVNMLQJJIHFFFA97CC,通化段二小段,.00,都市：住
RPSNMLQJJIHFFFA67CC,金華段四小段,.00,非都市： ; 非都市編定：
RPSNMLQJJIHFFFA67CC,金華段四小段,.00,非都市： ; 非都市編定：
RPUNMLPJJIHFFEA67CC,芝山段一小段,.00,都市：住
RPUOMLPJJIHFFEA77CC,天母段三小段,.00,都市：住
RPWOMLPJJIHFFEA97CC,百齡段五小段,31.36,都市：住
RPQOMLQJJIHFFEA47CC,蘭雅段一小段,.00,都市：住
RPXOMLPJJIHFFEA08CC,永新段二小段,39.50,都市：住
RPXPMLQJJIHFFCA18DC,金泰段,9.58,都市：其他
RPUPMLQJJIHFFCA87DC,金泰段,9.58,都市：其他
RPUOMLQJJIHFFFA97CC,仁愛段六小段,169.04,都市：商
RPXOMLQJJIHFFFA28CC,復興段一小段,.00,都市：商
RPQOMLQJJIHFFFA57CC,仁愛段三小段,.00,都市：住
RPVNMLQJJIHFFCA67CC,榮星段二小段,.00,都市：住
RPTNMLQJJIHFFCA47CC,石潭段四小段,.00,都市：住
RPWNMLQJJIHFFCA77CC,吉林段四小段,.00,都市：商
RPSPMLQJJIHFFCA57CC,吉林段五小段,.00,都市：其他
RPTOMLQJJIHFFAA37CC,南海段一小段,167.00,非都市： ; 非都市編定：
RPTOMLQJJIHFFAA37CC,南海段一小段,309.00,非都市： ; 非都市編定：
RPOPMLQJJIHFFDA37DC,信義段五小段,.00,都市：其他
RPUNMLRJJIHFFCA67CC,中山段三小段,4.13,都市：商
RPVNMLRJJIHFFCA77CC,舊宗段,.00,都市：商
RPWQMLQJJIHFFDA18CC,寶清段一小段,.00,都市：住
RPTQMLQJJIHFFDA87CC,美仁段一小段,9.48,都市：商
RPWRMLQJJIHFFDA28CC,敦化段一小段,.00,都市：其他
RPOQMLRJJIHFFCA37CC,西湖段四小段,.00,都市：商
RPPQMLRJJIHFFCA47CC,西湖段四小段,80.70,都市：工
RPXNMLRJJIHFFCA97CC,西湖段四小段,.00,都市：商
RPUPMLRJJIHFFCA87CC,吉林段二小段,.00,都市：其他
RPUPMLRJJIHFFCA87CC,吉林段二小段,.00,都市：住
RPVOMLRJJIHFFAA67CC,河堤段一小段,.00,非都市： ; 非都市編定：
RPUNMLRJJIHFFBA57CC,臨沂段三小段,.00,都市：住
RPORMLRJJIHFFAA27CC,景美段三小段,.00,都市：商
RPWOMLQJJIHFFFA18CC,仁愛段六小段,160.00,都市：商
RPOOMLRJJIHFFBA17DC,雙園段三小段,14.75,都市：其他
RPXNMLRJJIHFFBA97DC,雙園段三小段,4.46,都市：其他
RPXNMLRJJIHFFFA38DC,大安段一小段,20.31,都市：住
RPOOMLRJJIHFFFA47CC,金華段四小段,.00,非都市： ; 非都市編定：
RPOOMLRJJIHFFFA47CC,金華段四小段,.00,非都市： ; 非都市編定：
RPOOMLRJJIHFFFA47CC,金華段四小段,.00,非都市： ; 非都市編定：
RPWNMLRJJIHFFFA18CC,金華段四小段,.00,非都市： ; 非都市編定：
RPWNMLRJJIHFFFA18CC,金華段四小段,.00,非都市： ; 非都市編定：
RPSOMLRJJIHFFFA87CC,懷生段二小段,.00,都市：住
RPXOMLRJJIHFFDA18CC,福德段三小段,.00,都市：住
RPROMLRJJIHFFDA57CC,吳興段一小段,107.00,都市：住
RPSNMLRJJIHFFDA57CC,福德段二小段,.00,都市：住
RPOOMLRJJIHFFDA27CC,敦化段五小段,.00,都市：其他
RPQPMLRJJIHFFDA57CC,吳興段一小段,.00,都市：住
RPPPMLRJJIHFFDA47CC,敦化段一小段,.00,都市：其他
RPUOMLRJJIHFFEA97CC,桃源段二小段,38.26,都市：住
RPXOMLRJJIHFFEA28CC,行義段二小段,67.69,都市：住
RPROMLRJJIHFFEA67CC,振興段四小段,77.00,都市：商
RPOPMLRJJIHFFEA47CC,光華段一小段,.00,都市：商
RPOPMLRJJIHFFEA47CC,光華段一小段,.00,都市：商
RPUOMLSJJIHFFFA18CC,瑞安段一小段,.00,都市：商
RPWNMLSJJIHFFFA28CC,金華段三小段,.00,都市：商
RPSNMLSJJIHFFFA87CC,仁愛段二小段,.00,都市：住
RPROMLSJJIHFFFA87CC,懷生段二小段,.00,都市：商
RPRNMLSJJIHFFFA77CC,復興段三小段,.00,都市：住
RPUNMLSJJIHFFFA08CC,瑞安段三小段,.00,都市：住
RPXNMLSJJIHFFFA48DC,懷生段二小段,.00,都市：商
RPQOMLSJJIHFFFA87DC,懷生段三小段,.00,非都市： ; 非都市編定：
RPOPMLSJJIHFFCA47DC,吉林段三小段,.00,非都市： ; 非都市編定：
RPVOMLSJJIHFFAA77CC,景美段一小段,.00,都市：商
RPOOMLSJJIHFFCA27CC,長春段一小段,.00,都市：商
RPUOMLSJJIHFFCA87CC,西湖段四小段,73.31,都市：工
RPVNMLSJJIHFFBA77CC,成功段一小段,.00,都市：商
RPTNMLSJJIHFFBA67DC,臨沂段一小段,.00,非都市： ; 非都市編定：
RPTNMLSJJIHFFBA67DC,臨沂段一小段,.00,非都市： ; 非都市編定：
RPSQMLTJJIHFFCA97CC,西湖段四小段,.00,都市：工
RPRPMLTJJIHFFCA77CC,東湖段二小段,79.90,都市：住
RPOPMLTJJIHFFCA47CC,西湖段四小段,.00,都市：工
RPUQMLTJJIHFFCA18CC,中山段四小段,.00,都市：商
RPWSMLTJJIHFFCA58CC,潭美段四小段,.00,都市：住
RPXSMLTJJIHFFCA68CC,長春段一小段,.00,都市：商
RPPPMLTJJIHFFAA37CC,河堤段二小段,.00,都市：商
RPQPMLTJJIHFFAA47CC,景美段五小段,.00,都市：商
RPRNMLTJJIHFFFA87CC,復興段二小段,22.15,都市：商
RPWNMLTJJIHFFFA38CC,龍泉段一小段,.00,都市：住
RPTPMLTJJIHFFFA28CC,辛亥段三小段,.00,非都市： ; 非都市編定：
RPUPMLTJJIHFFFA38CC,金華段一小段,.00,都市：住
RPVPMLTJJIHFFFA48CC,復興段三小段,.00,都市：商
RPVPMLTJJIHFFFA48CC,復興段三小段,.00,都市：商
RPPNMLSJJIHFFDA37CC,向陽段,14.18,都市：商
RPTNMLKKJIHFFDA07CC,吳興段一小段,.00,都市：住
RPVNMLSJJIHFFDA97CC,三興段一小段,.00,都市：商
RPPNMLKKJIHFFDA66CC,吳興段一小段,.00,都市：商
RPURMLTJJIHFFDA38CC,逸仙段二小段,19.00,都市：商
RPRRMLTJJIHFFDA08CC,西松段二小段,340.00,都市：商
RPRRMLTJJIHFFDA08CC,西松段二小段,54.00,都市：商
RPVSMLTJJIHFFDA58CC,雅祥段一小段,.00,都市：商
RPPOMLSJJIHFFDA47CC,信義段三小段,.00,都市：其他
RPUNMLKKJIHFFDA17CC,信義段三小段,27.11,都市：其他
RPXNMLMKJIHFFCA57CC,文德段四小段,4.29,非都市： ; 非都市編定：
RPSQMLMKJIHFFCA37CC,文德段五小段,13.69,都市：工
RPRNMLMKJIHFFFA27CC,通化段六小段,.00,都市：其他
RPQNMLMKJIHFFFA17CC,通化段三小段,.00,都市：商
RPQNMLMKJIHFFFA17CC,通化段三小段,.00,都市：商
RPQNMLMKJIHFFFA17CC,通化段三小段,.00,都市：商
RPPOMLMKJIHFFFA17CC,大安段三小段,19.37,都市：商
RPPOMLMKJIHFFFA17CC,大安段三小段,19.71,都市：商
RPPNMLLKJIHFFCA66CC,東湖段三小段,.00,都市：商
RPPOMLMKJIHFFAA66CC,萬芳段四小段,.00,都市：住
RPVNMLKKJIHFFDA27CC,寶清段二小段,.00,都市：商
RPSSMLMKJIHFFCA57CC,中山段一小段,.00,都市：商
RPQRMLMKJIHFFCA27CC,西湖段二小段,496.00,都市：工
RPORMLMKJIHFFCA07CC,長春段二小段,.00,都市：住
RPPRMLMKJIHFFCA17CC,吉林段三小段,2187.00,都市：商
RPTSMLMKJIHFFCA67CC,長春段二小段,.00,非都市： ; 非都市編定：
RPTSMLMKJIHFFCA67CC,長春段二小段,.00,都市：住
RPQNMLMKJIHFFBA76CC,漢中段二小段,.00,非都市： ; 非都市編定：
RPROMLMKJIHFFBA96CC,市府段二小段,.00,都市：商
RPRQMLNKJIHFFBA27CC,中正段二小段,17.48,非都市： ; 非都市編定：
RPPNMLLKJIHFFEA86CC,立農段四小段,598.00,都市：住
RPQQMLMKJIHFFDA27CC,信義段三小段,.00,都市：其他
RPSQMLMKJIHFFDA47CC,向陽段,.00,都市：住
RPVPMLMKJIHFFDA67CC,雅祥段四小段,.00,都市：商
RPSNMLMKJIHFFDA17CC,美仁段二小段,6.78,都市：商
RPPQMLMKJIHFFDA17CC,福德段三小段,36.75,都市：住
RPUQMLMKJIHFFDA67CC,美仁段一小段,.00,都市：住
RPTQMLMKJIHFFDA57CC,西松段一小段,.00,都市：商
RPTQMLMKJIHFFDA57CC,西松段一小段,.00,都市：商
RPUNMLNKJIHFFCA37CC,中山段一小段,.00,都市：商
RPORMLNKJIHFFCA17CC,石潭段四小段,.00,都市：住
RPUPMLNKJIHFFCA57CC,長安段一小段,.00,都市：商
RPRRMLNKJIHFFCA47CC,榮星段五小段,.00,非都市： ; 非都市編定：
RPTSMLNKJIHFFCA77CC,德惠段四小段,.00,都市：商
RPSPMLMKJIHFFEA47CC,大業段三小段,.00,都市：商
RPSPMLMKJIHFFEA47CC,大業段三小段,.00,都市：商
RPVSMLNKJIHFFCA97CC,德惠段三小段,.00,都市：住
RPVTMLNKJIHFFCA08CC,長春段二小段,.00,都市：住
RPVNMLNKJIHFFAA37DC,河堤段一小段,.00,都市：住
RPOOMLNKJIHFFAA76DC,河堤段二小段,.00,都市：商
RPUQMLNKJIHFFBA57CC,臨沂段三小段,.00,都市：商
RPWOMLNKJIHFFAA47CC,木新段三小段,.00,都市：住
RPXNMLNKJIHFFDA77CC,吳興段一小段,1754.00,都市：住
RPOOMLNKJIHFFDA96CC,信義段三小段,.00,都市：其他
RPQRMLNKJIHFFDA47CC,南港段三小段,128.60,非都市： ; 非都市編定：
RPTNMLNKJIHFFFA57CC,仁愛段三小段,.00,都市：住
RPVNMLNKJIHFFFA77CC,金華段二小段,.00,都市：商
RPOOMLNKJIHFFFA17CC,通化段六小段,5.01,都市：住
RPOOMLNKJIHFFFA17CC,通化段六小段,.92,都市：住
RPXNMLNKJIHFFFA97CC,仁愛段二小段,.00,都市：住
RPTOMLNKJIHFFFA67CC,大安段二小段,.00,都市：商
RPQOMLNKJIHFFFA37CC,復興段二小段,.00,都市：住
RPUOMLNKJIHFFFA77CC,金華段一小段,.00,非都市： ; 非都市編定：
RPVPMLNKJIHFFEA87CC,天母段一小段,.00,都市：住
RPUNMLOKJIHFFEA67CC,大業段五小段,3216.00,都市：住
RPTNMLOKJIHFFEA57CC,蘭雅段一小段,.00,非都市： ; 非都市編定：
RPUPMLOKJIHFFEA87CC,三玉段二小段,.00,都市：住
RPVPMLOKJIHFFEA97CC,天母段三小段,.00,都市：商
RPPNMLOKJIHFFAA76CC,南海段四小段,11.58,都市：住
RPUOMLOKJIHFFAA37CC,河堤段二小段,.00,都市：商
RPPPMLOKJIHFFAA96CC,南海段一小段,.00,都市：商
RPXPMLOKJIHFFCA08DC,中山段四小段,90.27,都市：商
RPQOMLOKJIHFFCA27DC,長安段二小段,.00,非都市： ; 非都市編定：
RPTOMLOKJIHFFCA57DC,長安段二小段,.00,非都市： ; 非都市編定：
RPOOMLOKJIHFFFA27CC,金華段四小段,.00,非都市： ; 非都市編定：
RPPOMLOKJIHFFFA37CC,復興段一小段,.00,非都市： ; 非都市編定：
RPXNMLOKJIHFFFA08CC,龍泉段三小段,.00,非都市： ; 非都市編定：
RPRNMLOKJIHFFFA47CC,復興段三小段,7.55,非都市： ; 非都市編定：
RPRNMLOKJIHFFFA47CC,復興段三小段,.02,非都市： ; 非都市編定：
RPWNMLOKJIHFFFA97CC,仁愛段一小段,.00,都市：商
RPXNMLOKJIHFFCA77CC,榮星段六小段,2163.00,非都市： ; 非都市編定：
RPUNMLOKJIHFFFA87DC,復興段三小段,.00,非都市： ; 非都市編定：
RPPNMLOKJIHFFCA96CC,德惠段四小段,12.00,都市：商
RPOOMLOKJIHFFCA96CC,中山段二小段,.00,都市：住
RPVNMLOKJIHFFCA57CC,文德段四小段,.00,都市：商
RPPOMLOKJIHFFCA07CC,康寧段三小段,17.55,都市：商
RPOOMLOKJIHFFBA96DC,臨沂段一小段,.00,非都市： ; 非都市編定：
RPPPMLOKJIHFFBA17DC,市府段一小段,.00,非都市： ; 非都市編定：
RPRPMLOKJIHFFCA37CC,文德段二小段,620.29,都市：住
RPUPMLOKJIHFFCA67CC,西湖段二小段,.00,都市：商
RPXOMLOKJIHFFCA87CC,西湖段四小段,.00,都市：工
RPXNMLOKJIHFFBA77DC,市府段一小段,.00,非都市： ; 非都市編定：
RPTNMLOKJIHFFFA77DC,懷生段三小段,.00,非都市： ; 非都市編定：
RPQOMLOKJIHFFFA47CC,通化段三小段,.00,都市：商
RPQOMLOKJIHFFFA47CC,通化段三小段,.00,都市：商
RPQOMLOKJIHFFFA47CC,通化段三小段,.00,都市：商
RPOPMLPKJIHFFBA07CC,市府段一小段,.00,都市：其他
RPOPMLPKJIHFFBA07CC,市府段一小段,.00,都市：其他
RPOPMLPKJIHFFBA07CC,公園段一小段,.00,都市：其他
RPXOMLPKJIHFFBA87CC,圓環段二小段,.00,都市：商
RPVPMLOKJIHFFDA87CC,信義段三小段,.00,都市：其他
RPUPMLOKJIHFFDA77CC,南港段三小段,45.49,都市：工
RPXOMLOKJIHFFDA97CC,祥和段四小段,.00,都市：商
RPXNMLOKJIHFFDA87CC,西松段一小段,.00,都市：住
RPOQMLOKJIHFFDA27CC,信義段五小段,.00,都市：其他
RPOQMLOKJIHFFDA27CC,信義段五小段,.00,都市：其他
RPTRMLPKJIHFFCA87CC,石潭段四小段,.00,都市：住
RPVQMLPKJIHFFCA97CC,文德段二小段,7.49,非都市： ; 非都市編定：
RPOOMLPKJIHFFCA07CC,德惠段二小段,.00,非都市： ; 非都市編定：
RPOOMLPKJIHFFCA07CC,德惠段二小段,.00,非都市： ; 非都市編定：
RPVQMLPKJIHFFCA97CC,文德段二小段,49.25,非都市： ; 非都市編定：
RPXRMLPKJIHFFCA28CC,西湖段四小段,540.27,都市：其他
RPOPMLPKJIHFFDA27CC,逸仙段三小段,.00,都市：住
RPOPMLPKJIHFFDA27CC,逸仙段三小段,.00,都市：商
RPOPMLPKJIHFFDA27CC,逸仙段三小段,.00,都市：商
RPOPMLPKJIHFFDA27CC,逸仙段三小段,.00,都市：商
RPOPMLPKJIHFFDA27CC,逸仙段三小段,.00,都市：商
RPOPMLPKJIHFFDA27CC,逸仙段三小段,.00,都市：商
RPVNMLPKJIHFFBA67DC,市府段一小段,.00,非都市： ; 非都市編定：
RPSOMLPKJIHFFBA47DC,城中段一小段,55.72,都市：商
RPROMLQKJIHFFEA67CC,三玉段四小段,23.48,都市：住
RPVOMLQKJIHFFEA08CC,豐年段四小段,.00,都市：其他
RPPOMLQKJIHFFCA37DC,文德段五小段,165.82,都市：工
RPUNMLQKJIHFFAA47CC,南海段二小段,.00,都市：商
RPQNMLQKJIHFFCA27CC,東湖段二小段,33.00,都市：住
RPOOMLQKJIHFFCA17CC,中山段一小段,4.56,都市：商
RPUOMLQKJIHFFCA77CC,石潭段四小段,.00,都市：住
RPQPMLQKJIHFFCA47CC,西湖段四小段,.00,都市：工
RPRQMLQKJIHFFCA67CC,長春段一小段,.00,都市：商
RPTPMLQKJIHFFCA77CC,北安段三小段,.00,非都市： ; 非都市編定：
RPORMLQKJIHFFCA47CC,碧湖段三小段,26.50,都市：住
RPWQMLQKJIHFFCA18CC,德惠段四小段,3.09,都市：商
RPURMLQKJIHFFCA08CC,金泰段,.00,都市：商
RPQNMLPKJIHFFFA47CC,瑞安段二小段,3.90,都市：商
RPQNMLPKJIHFFFA47CC,瑞安段二小段,.15,都市：商
RPXNMLPKJIHFFFA18CC,學府段三小段,.00,非都市： ; 非都市編定：
RPQOMLPKJIHFFFA57CC,復興段二小段,.00,都市：住
RPROMLQKJIHFFFA77CC,仁愛段二小段,.00,都市：商
RPSOMLQKJIHFFBA47CC,臨沂段二小段,.00,都市：住
RPUNMLQKJIHFFFA97CC,仁愛段一小段,253.00,都市：住
RPOOMLPKJIHFFFA37CC,仁愛段六小段,.00,都市：商
RPPOMLQKJIHFFFA57CC,學府段三小段,.00,都市：住
RPPNMLRKJIHFFCA27CC,正義段四小段,.00,都市：商
RPPNMLRKJIHFFCA27CC,正義段四小段,.00,都市：商
RPQNMLRKJIHFFCA37CC,中山段二小段,.00,都市：商
RPRNMLRKJIHFFCA47CC,長春段一小段,.00,都市：商
RPSNMLRKJIHFFCA57CC,北安段三小段,.00,都市：住
RPQNMLQKJIHFFDA37CC,新光段三小段,.00,都市：住
RPOSMLQKJIHFFDA67CC,雅祥段四小段,.00,都市：其他
RPVQMLQKJIHFFDA18CC,三興段三小段,.00,都市：商
RPQQMLTKJIHFFCA87CC,潭美段五小段,2649.37,都市：商
RPUNMLRKJIHFFCA77CC,長安段三小段,.00,都市：住
RPQNMLRKJIHFFDA47CC,雅祥段一小段,.00,都市：商
RPPNMLRKJIHFFDA37CC,信義段五小段,.00,都市：其他
RPPNMLRKJIHFFDA37CC,信義段五小段,.00,都市：其他
RPTNMLRKJIHFFDA77CC,雅祥段四小段,.00,都市：商
RPTNMLRKJIHFFDA77CC,雅祥段四小段,.00,都市：商
RPTNMLRKJIHFFDA77CC,雅祥段四小段,.00,都市：商
RPTNMLRKJIHFFDA77CC,雅祥段四小段,.00,都市：商
RPTNMLRKJIHFFDA77CC,雅祥段四小段,.00,都市：住
RPTNMLRKJIHFFDA77CC,雅祥段四小段,.00,都市：住
RPSNMLTKJIHFFAA57CC,南海段三小段,.00,非都市： ; 非都市編定：
RPSNMLTKJIHFFBA67CC,雙連段二小段,.00,都市：商
RPVNMLTKJIHFFBA97CC,城中段一小段,9.51,都市：商
RPXNMLTKJIHFFBA18CC,城中段一小段,7.98,都市：商
RPTOMLTKJIHFFAA77CC,政大段一小段,60.00,都市：住
RPUOMLTKJIHFFEA38DC,溫泉段一小段,.00,非都市： ; 非都市編定：
RPROMLKLJIHFFEA17CC,振興段一小段,.00,都市：住
RPXOMLTKJIHFFFA68CC,懷生段二小段,121.00,都市：住
RPPQMLTKJIHFFFA08CC,通化段三小段,.00,非都市： ; 非都市編定：
RPPQMLTKJIHFFFA08CC,通化段三小段,.00,非都市： ; 非都市編定：
RPPQMLTKJIHFFFA08CC,通化段三小段,.00,非都市： ; 非都市編定：
RPUOMLKLJIHFFEA47CC,芝山段二小段,.00,都市：住
RPXOMLKLJIHFFEA77CC,光華段四小段,.00,都市：住
RPTPMLTKJIHFFDA18CC,信義段五小段,8.89,都市：住
RPPOMLTKJIHFFDA67CC,虎林段三小段,.00,都市：住
RPOQMLTKJIHFFDA77CC,玉成段三小段,.00,都市：工
RPQOMLTKJIHFFDA77CC,永吉段四小段,.00,都市：其他
RPQOMLTKJIHFFDA77CC,永吉段四小段,.00,都市：其他
RPQOMLTKJIHFFDA77CC,永吉段四小段,.00,都市：其他
RPWPMLTKJIHFFDA48CC,敦化段一小段,.00,都市：商
RPQQMLTKJIHFFDA97CC,南港段四小段,4.50,都市：住
RPQQMLTKJIHFFDA97CC,南港段四小段,27.00,都市：住
RPOPMLKLJIHFFBA66CC,臨沂段二小段,.00,都市：住
RPOPMLKLJIHFFBA66CC,臨沂段二小段,.00,都市：住
RPROMLKLJIHFFBA96DC,城中段一小段,.00,都市：商
RPRPMLKLJIHFFBA96CC,公園段三小段,.00,都市：商
RPRPMLKLJIHFFBA96CC,公園段三小段,.00,都市：商
RPSPMLKLJIHFFBA07CC,臨沂段三小段,.00,都市：商
RPWPMLKLJIHFFBA47CC,成功段二小段,.00,都市：商
RPTPMLKLJIHFFBA17CC,臨沂段三小段,.00,都市：商
RPRPMLKLJIHFFDA17CC,向陽段,41.15,都市：住
RPVNMLKLJIHFFAA07CC,南海段二小段,.00,都市：住
RPTOMLKLJIHFFAA96CC,南海段四小段,416.00,非都市： ; 非都市編定：
RPTOMLKLJIHFFAA96CC,南海段四小段,186.00,非都市： ; 非都市編定：
RPSOMLKLJIHFFCA07CC,長春段二小段,70.00,非都市： ; 非都市編定：
RPUNMLKLJIHFFCA17CC,中山段二小段,13.96,都市：商
RPPOMLKLJIHFFCA76CC,文德段五小段,.00,都市：商
RPWOMLKLJIHFFCA47CC,東湖段一小段,35.43,都市：住
RPRQMLKLJIHFFDA27CC,延吉段一小段,.00,都市：住
RPORMLKLJIHFFDA07CC,信義段一小段,.00,都市：住
RPPQMLKLJIHFFDA07CC,玉成段三小段,.00,都市：商
RPPQMLKLJIHFFDA07CC,玉成段三小段,.00,都市：商
RPQSMLKLJIHFFDA37CC,雅祥段四小段,.00,都市：其他
RPXOMLKLJIHFFCA57CC,長安段一小段,.00,非都市： ; 非都市編定：
RPWPMLKLJIHFFCA57CC,石潭段四小段,.00,都市：住
RPVQMLKLJIHFFCA57CC,長春段二小段,.00,都市：住
RPRPMLKLJIHFFCA07CC,石潭段四小段,.00,非都市： ; 非都市編定：
RPPQMLKLJIHFFCA96CC,正義段三小段,.00,都市：商
RPWRMLKLJIHFFCA77CC,中山段一小段,.00,都市：商
RPURMLKLJIHFFCA57CC,中山段一小段,.00,都市：商
RPURMLKLJIHFFCA57CC,中山段一小段,.00,都市：商
RPVRMLKLJIHFFCA67CC,西湖段一小段,36.45,都市：住
RPXRMLKLJIHFFCA87CC,中山段一小段,.00,都市：商
RPOSMLKLJIHFFCA07CC,中山段一小段,.00,都市：商
RPQQMLLLJIHFFCA17CC,正義段一小段,.00,都市：商
RPWOMLLLJIHFFCA57CC,吉林段三小段,39.20,都市：住
RPUPMLLLJIHFFCA47CC,長春段三小段,.00,都市：住
RPXOMLLLJIHFFCA67CC,德惠段四小段,.00,非都市： ; 非都市編定：
RPQRMLLLJIHFFCA27CC,西湖段四小段,.00,都市：其他
RPQOMLLLJIHFFCA96CC,長安段三小段,.00,都市：商
RPOSMLLLJIHFFCA17CC,吉林段三小段,.00,都市：住
RPQOMLLLJIHFFCA96CC,長安段三小段,.00,都市：商
RPUTMLLLJIHFFCA87CC,中山段一小段,.00,都市：住
RPPQMLLLJIHFFCA07CC,榮星段二小段,.00,都市：商
RPPTMLLLJIHFFCA37CC,金泰段,.00,都市：商
RPWTMLLLJIHFFCA08CC,潭美段五小段,8.00,都市：其他
RPQUMLLLJIHFFCA57CC,德惠段四小段,.00,都市：商
RPOUMLLLJIHFFCA37CC,正義段三小段,.00,都市：商
RPPUMLLLJIHFFCA47CC,正義段三小段,.00,都市：商
RPVOMLLLJIHFFBA37CC,臨沂段一小段,.00,都市：住
RPWRMLLLJIHFFCA97DC,康寧段三小段,155.00,都市：住
RPXRMLLLJIHFFCA08DC,康寧段三小段,155.48,都市：住
RPPQMLLLJIHFFBA07DC,公園段二小段,.00,非都市： ; 非都市編定：
RPVNMLLLJIHFFBA37DC,莒光段一小段,44.75,都市：住
RPOPMLLLJIHFFBA76CC,圓環段二小段,.00,都市：商
RPVNMLLLJIHFFAA17CC,實踐段三小段,.00,都市：住
RPROMLLLJIHFFDA17CC,民生段,.00,都市：住
RPTQMLLLJIHFFDA57CC,信義段四小段,.00,都市：其他
RPTNMLLLJIHFFFA47CC,復興段一小段,2.46,都市：商
RPTNMLLLJIHFFFA47CC,復興段一小段,.37,都市：商
RPTNMLLLJIHFFFA47CC,復興段一小段,13.98,都市：商
RPTNMLLLJIHFFFA47CC,復興段一小段,14.07,都市：商
RPQOMLLLJIHFFFA27CC,復興段三小段,.00,都市：其他
RPXOMLLLJIHFFEA87CC,永平段一小段,.00,都市：住
RPXOMLLLJIHFFFA97CC,大安段二小段,.00,都市：住
RPROMLMLJIHFFFA47CC,金華段三小段,.00,非都市： ; 非都市編定：
RPTNMLMLJIHFFEA47CC,海光段二小段,21.20,都市：商
RPTNMLMLJIHFFEA47CC,海光段二小段,.90,都市：商
RPTNMLMLJIHFFEA47CC,海光段二小段,13.00,都市：住
RPPOMLMLJIHFFEA17CC,天母段一小段,71.20,都市：住
RPPNMLMLJIHFFAA66CC,南海段二小段,.00,都市：商
RPOOMLLLJIHFFDA86CC,永吉段四小段,.00,都市：其他
RPTNMLLLJIHFFDA27CC,南港段二小段,40.25,都市：商
RPUPMLLLJIHFFDA67DC,寶清段三小段,.00,都市：住
RPPQMLMLJIHFFDA37DC,敦化段五小段,35.85,都市：住
RPOOMLMLJIHFFBA86DC,公園段二小段,.00,都市：商
RPPQMLMLJIHFFDA37DC,敦化段五小段,14.76,都市：住
RPWOMLLLJIHFFDA67CC,雅祥段四小段,26.50,都市：住
RPUPMLMLJIHFFCA57CC,長安段三小段,.00,都市：其他
RPPPMLLLJIHFFFA27CC,金華段二小段,.00,都市：住
RPXNMLMLJIHFFCA67CC,西湖段四小段,650.92,都市：工
RPUOMLMLJIHFFAA27CC,興隆段四小段,.00,都市：住
RPQPMLLLJIHFFFA37CC,金華段二小段,.00,都市：住
RPVPMLMLJIHFFCA67CC,榮星段五小段,.00,都市：住
RPTPMLMLJIHFFAA27CC,景美段三小段,.00,都市：商
RPPPMLNLJIHFFCA17CC,榮星段三小段,.00,都市：商
RPWOMLNLJIHFFCA77CC,碧湖段四小段,33.18,都市：住
RPWSMLNLJIHFFCA18CC,東湖段二小段,.00,非都市： ; 非都市編定：
RPPTMLNLJIHFFCA57CC,榮星段三小段,.00,都市：商
RPTQMLNLJIHFFCA67CC,金泰段,14.16,都市：商
RPOSMLNLJIHFFCA37CC,長安段三小段,.00,都市：住
RPTTMLNLJIHFFCA97CC,長安段二小段,.00,都市：商
RPOOMLNLJIHFFCA07DC,長春段三小段,.00,非都市： ; 非都市編定：
RPORMLMLJIHFFDA27CC,南港段一小段,.00,都市：商
RPORMLMLJIHFFDA27CC,南港段一小段,.00,都市：商
RPRNMLMLJIHFFDA17CC,信義段五小段,6.18,都市：其他
RPQQMLMLJIHFFDA37CC,雅祥段四小段,.00,都市：其他
RPUNMLNLJIHFFAA27CC,南海段三小段,27.25,非都市： ; 非都市編定：
RPPOMLNLJIHFFAA86CC,景美段二小段,.00,都市：住
RPPOMLNLJIHFFAA86CC,景美段二小段,.00,都市：住
RPPNMLPLJIHFFFA47CC,仁愛段三小段,535.00,都市：住
RPROMLNLJIHFFEA47CC,三玉段一小段,.00,都市：住
RPPNMLPLJIHFFCA17CC,吉林段四小段,.00,都市：商
RPPOMLNLJIHFFBA96CC,中正段二小段,.00,都市：住
RPRNMLNLJIHFFBA17DC,市府段一小段,.00,非都市： ; 非都市編定：
RPQNMLPLJIHFFCA27CC,中山段一小段,.00,都市：商
RPRNMLPLJIHFFCA37CC,中山段三小段,.00,都市：商
RPSNMLPLJIHFFCA47CC,正義段二小段,.00,都市：商
RPTNMLPLJIHFFCA57CC,中山段一小段,.00,都市：商
RPUNMLPLJIHFFCA67CC,吉林段三小段,.00,都市：商
RPWNMLPLJIHFFCA87CC,吉林段四小段,.00,都市：商
RPVNMLPLJIHFFCA77CC,吉林段四小段,.00,都市：商
RPTOMLQLJIHFFCA77CC,榮星段三小段,.00,都市：商
RPSNMLNLJIHFFDA37CC,寶清段五小段,.00,都市：商
RPQQMLNLJIHFFDA57DC,信義段二小段,14.15,都市：商
RPPNMLPLJIHFFDA27CC,敦化段四小段,.00,都市：住
RPUNMLNLJIHFFDA57CC,寶清段五小段,.00,都市：商
RPSOMLNLJIHFFDA47CC,南港段四小段,21.65,都市：住
RPRNMLQLJIHFFBA37CC,市府段一小段,.00,都市：商
RPWNMLQLJIHFFBA87CC,大龍段三小段,.00,都市：商
RPOPMLQLJIHFFBA27CC,成功段二小段,.00,都市：商
RPSOMLQLJIHFFDA77CC,和段四小段,.00,都市：住
RPUOMLQLJIHFFBA77CC,臨沂段三小段,816.06,都市：住
RPOOMLQLJIHFFDA37CC,祥和段三小段,.00,都市：住
RPXNMLQLJIHFFDA18CC,西松段一小段,.00,都市：商
RPXNMLQLJIHFFDA18CC,西松段一小段,.00,都市：商
RPTNMLQLJIHFFDA77CC,民生段,6.57,都市：住
RPTNMLQLJIHFFDA77CC,民生段,6.57,都市：住
RPQNMLQLJIHFFDA47CC,敦化段五小段,.00,都市：住
RPRQMLQLJIHFFDA87CC,敦化段一小段,.00,都市：商
RPRQMLQLJIHFFDA87CC,敦化段一小段,.00,都市：商
RPRQMLQLJIHFFDA87CC,敦化段一小段,.00,都市：商
RPRQMLQLJIHFFDA87CC,敦化段一小段,.00,都市：商
RPRQMLQLJIHFFDA87CC,敦化段一小段,.00,都市：商
RPOPMLQLJIHFFDA47CC,逸仙段三小段,.00,都市：住
RPOPMLQLJIHFFDA47CC,逸仙段三小段,.00,都市：商
RPTPMLQLJIHFFDA97CC,美仁段二小段,.00,都市：住
RPXNMLQLJIHFFFA38CC,仁愛段二小段,.00,都市：住
RPXNMLQLJIHFFFA38CC,仁愛段二小段,.00,都市：住
RPQOMLRLJIHFFAA37CC,福和段二小段,8.10,都市：商
RPUOMLQLJIHFFCA97DC,吉林段二小段,.00,都市：住
RPUNMLRLJIHFFFA18CC,金華段三小段,.00,都市：商
RPUNMLQLJIHFFEA97CC,天母段三小段,.00,都市：住
RPTNMLRLJIHFFFA08CC,通化段三小段,.00,都市：商
RPTNMLRLJIHFFFA08CC,通化段三小段,.00,都市：住
RPTNMLRLJIHFFFA08CC,通化段三小段,.00,都市：住
RPOOMLRLJIHFFFA67CC,大安段三小段,.00,都市：住
RPOPMLRLJIHFFEA67CC,蘭雅段一小段,.00,都市：其他
RPWPMLRLJIHFFEA48CC,振興段二小段,.00,都市：商
RPSOMLRLJIHFFFA08CC,復興段三小段,.00,都市：商
RPSPMLRLJIHFFCA87CC,舊宗段,4105.67,都市：工
RPWNMLRLJIHFFCA08CC,西湖段四小段,246.02,都市：工
RPVOMLQLJIHFFDA18DC,祥和段二小段,30.54,都市：住
RPSNMLRLJIHFFCA67CC,潭美段五小段,.00,都市：其他
RPXQMLRLJIHFFDA58CC,民生段,.00,都市：住
RPVPMLRLJIHFFCA18CC,吉林段一小段,.00,都市：商
RPOQMLRLJIHFFCA57CC,康寧段四小段,.00,非都市： ; 非都市編定：
RPOQMLRLJIHFFCA57CC,康寧段四小段,.00,非都市： ; 非都市編定：
RPOQMLRLJIHFFCA57CC,康寧段四小段,.00,非都市： ; 非都市編定：
RPOQMLRLJIHFFCA57CC,康寧段四小段,.00,非都市： ; 非都市編定：
RPPPMLSLJIHFFCA67CC,碧湖段二小段,.00,都市：住
RPTPMLSLJIHFFCA08CC,長安段三小段,.00,都市：商
RPTPMLSLJIHFFCA08CC,長安段三小段,.00,都市：商
RPUPMLSLJIHFFCA18CC,長安段一小段,.00,都市：住
RPSPMLSLJIHFFCA97CC,大湖段二小段,.00,都市：商
RPRNMLRLJIHFFBA47CC,圓環段三小段,.00,非都市： ; 非都市編定：
RPTOMLRLJIHFFBA77CC,市府段一小段,.00,都市：其他
RPTOMLRLJIHFFBA77CC,市府段一小段,.00,都市：其他
RPTOMLRLJIHFFBA77CC,公園段一小段,.00,都市：其他
RPUNMLRLJIHFFBA77CC,市府段一小段,.34,都市：其他
RPUNMLRLJIHFFBA77CC,市府段一小段,2.21,都市：其他
RPUNMLRLJIHFFBA77CC,市府段一小段,2.10,都市：其他
RPUOMLRLJIHFFBA87CC,市府段一小段,.00,都市：其他
RPUOMLRLJIHFFBA87CC,市府段一小段,.00,都市：其他
RPUOMLRLJIHFFBA87CC,公園段一小段,.00,都市：其他
RPVNMLSLJIHFFFA38CC,懷生段一小段,.00,非都市： ; 非都市編定：
RPVNMLSLJIHFFFA38CC,懷生段一小段,.00,非都市： ; 非都市編定：
RPUOMLSLJIHFFFA38CC,復興段三小段,.00,都市：其他
RPQPMLSLJIHFFFA08CC,仁愛段五小段,.73,都市：商
RPPPMLSLJIHFFFA97CC,大安段二小段,.00,都市：住
RPOPMLSLJIHFFFA87CC,復興段二小段,2347.00,都市：其他
RPXOMLSLJIHFFFA68CC,懷生段四小段,.00,都市：住
RPRPMLSLJIHFFAA67CC,南海段一小段,.00,非都市： ; 非都市編定：
RPROMLSLJIHFFAA57CC,木新段三小段,33.70,都市：其他
RPSPMLTLJIHFFCA18DC,長安段四小段,.00,非都市： ; 非都市編定：
RPSPMLTLJIHFFCA18DC,長安段四小段,.00,非都市： ; 非都市編定：
RPSPMLSLJIHFFDA08CC,玉成段二小段,.00,都市：工
RPOPMLSLJIHFFDA67CC,三興段一小段,.00,都市：住
RPXPMLTLJIHFFCA68DC,吉林段三小段,.00,非都市： ; 非都市編定：
RPXOMLSLJIHFFDA48CC,美仁段一小段,51.00,都市：住
RPXOMLSLJIHFFDA48CC,美仁段一小段,41.00,都市：住
RPXNMLTLJIHFFFA68CC,仁愛段四小段,.00,都市：其他
RPXNMLTLJIHFFFA68CC,仁愛段四小段,.00,都市：其他
RPTQMLTLJIHFFCA28CC,金泰段,.00,都市：商
RPQQMLTLJIHFFCA97CC,長安段三小段,.00,都市：商
RPPRMLTLJIHFFCA97CC,金泰段,.00,都市：商
RPRQMLKMJIHFFCA27CC,西湖段二小段,.00,都市：其他
RPSQMLKMJIHFFCA37CC,長春段二小段,.00,都市：住
RPOSMLKMJIHFFCA17CC,長安段三小段,.00,都市：其他
RPPSMLKMJIHFFCA27CC,文德段二小段,.00,都市：住
RPOOMLKMJIHFFFA07CC,通化段五小段,.00,非都市： ; 非都市編定：
RPWNMLKMJIHFFFA77CC,金華段二小段,.00,都市：住
RPWNMLKMJIHFFFA77CC,金華段二小段,.00,都市：住
RPWNMLKMJIHFFFA77CC,金華段二小段,.00,都市：住
RPPOMLKMJIHFFFA17CC,仁愛段三小段,.00,都市：商
RPPOMLKMJIHFFFA17CC,仁愛段三小段,.00,都市：商
RPQOMLKMJIHFFFA27CC,仁愛段四小段,.00,都市：住
RPQOMLKMJIHFFFA27CC,仁愛段四小段,.00,都市：住
RPQOMLKMJIHFFFA27CC,仁愛段四小段,.00,都市：住
RPROMLKMJIHFFFA37CC,復興段二小段,.00,都市：住
RPQNMLTLJIHFFDA77CC,雅祥段三小段,11.04,都市：住
RPXNMLTLJIHFFDA48CC,南港段一小段,.00,都市：住
RPQNMLKMJIHFFEA07CC,蘭雅段二小段,6.47,都市：工
RPQRMLSLJIHFFEA18CC,奇岩段一小段,.00,都市：住
RPQRMLSLJIHFFEA18CC,奇岩段一小段,.00,都市：住
RPPNMLKMJIHFFEA96CC,新民段一小段,31.49,都市：住
RPRQMLSLJIHFFEA18CC,行義段二小段,568.37,都市：住
RPSNMLKMJIHFFCA17DC,長安段三小段,.00,都市：商
RPSNMLKMJIHFFCA17DC,長安段三小段,.00,都市：商
RPTOMLKMJIHFFEA47CC,陽明段四小段,.00,都市：住
RPWSMLKMJIHFFDA08CC,敦化段五小段,.00,都市：住
RPWOMLTLJIHFFDA48CC,逸仙段二小段,.00,都市：商
RPWOMLTLJIHFFDA48CC,逸仙段二小段,.00,都市：商
RPQNMLLJKIHFFFA07CC,通化段五小段,.00,非都市： ; 非都市編定：
RPPNMLLJKIHFFFA96CC,金華段四小段,.00,都市：商
RPRNMLLJKIHFFCA86CC,北安段二小段,.00,都市：住
RPSOMLLJKIHFFCA07CC,正義段一小段,.00,都市：商
RPPNMLMJKIHFFCA76CC,榮星段五小段,83.60,都市：住
RPXNMLNJKIHFFCA67CC,西湖段二小段,51.68,都市：商
RPXNMLNJKIHFFCA67CC,西湖段二小段,5.84,都市：商
RPPQMLNJKIHFFCA17CC,碧湖段三小段,532.00,都市：住
RPSQMLNJKIHFFCA47CC,中山段二小段,.00,都市：住
RPSRMLNJKIHFFCA57CC,長安段四小段,.00,都市：住
RPRRMLNJKIHFFCA47CC,中山段二小段,.00,都市：商
RPURMLNJKIHFFCA77CC,長安段三小段,.00,都市：住
RPVRMLNJKIHFFCA87CC,金泰段,.00,都市：住
RPSNMLLJKIHFFBA86CC,市府段二小段,.00,都市：商
RPUNMLLJKIHFFBA07CC,臨沂段四小段,.00,都市：住
RPXRMLNJKIHFFCA08CC,吉林段四小段,.00,都市：商
RPPSMLNJKIHFFCA37CC,金泰段,.00,都市：住
RPOSMLNJKIHFFCA27CC,吉林段四小段,.00,都市：商
RPPUMLNJKIHFFCA57CC,榮星段七小段,.00,都市：商
RPSTMLNJKIHFFCA77CC,榮星段六小段,.00,都市：住
RPOOMLKMJIHFFDA96DC,延吉段一小段,102.00,都市：住
RPOOMLKMJIHFFDA96DC,延吉段一小段,1042.00,都市：住
RPOOMLKMJIHFFDA96DC,延吉段一小段,81.00,都市：住
RPPOMLNJKIHFFBA86CC,大同段一小段,118.00,都市：其他
RPOOMLNJKIHFFBA76CC,圓環段三小段,26.20,都市：商
RPVOMLNJKIHFFBA47CC,玉泉段一小段,.00,都市：商
RPWOMLNJKIHFFEA87CC,溫泉段一小段,.00,都市：商
RPRNMLLJKIHFFDA96CC,福德段一小段,.00,都市：住
RPRNMLLJKIHFFDA96CC,福德段一小段,.00,都市：其他
RPRNMLLJKIHFFDA96CC,福德段一小段,.00,都市：其他
RPVNMLLJKIHFFDA37CC,美仁段一小段,.00,都市：商
RPVNMLLJKIHFFDA37CC,美仁段一小段,.00,都市：商
RPQNMLLJKIHFFDA86CC,永吉段四小段,.00,都市：其他
RPQNMLLJKIHFFDA86CC,永吉段四小段,.00,都市：其他
RPQNMLNJKIHFFAA76CC,萬慶段三小段,9.13,都市：住
RPQNMLNJKIHFFAA76CC,萬慶段三小段,6.87,都市：住
RPOOMLOJKIHFFAA76CC,南海段一小段,.00,都市：住
RPQOMLNJKIHFFAA86CC,萬隆段二小段,.00,都市：住
RPTOMLOJKIHFFAA27CC,華興段三小段,.00,都市：住
RPPPMLOJKIHFFEA47DC,崇仰段四小段,127.34,都市：住
RPVOMLOJKIHFFEA87CC,開明段二小段,.00,都市：住
RPXPMLNJKIHFFFA28DC,大安段三小段,.00,都市：住
RPOQMLNJKIHFFFA47DC,大安段三小段,.00,都市：住
RPRPMLNJKIHFFFA67DC,大安段三小段,.00,都市：住
RPSNMLOJKIHFFCA27CC,中山段一小段,.00,非都市： ; 非都市編定：
RPXNMLOJKIHFFBA67CC,雙連段二小段,.00,非都市： ; 非都市編定：
RPVNMLOJKIHFFBA47CC,中正段一小段,26.00,都市：住
RPXOMLOJKIHFFCA87CC,正義段一小段,.00,非都市： ; 非都市編定：
RPVPMLOJKIHFFCA77CC,中山段三小段,.00,都市：商
RPTPMLOJKIHFFCA57CC,西湖段四小段,132.00,都市：工
RPTQMLOJKIHFFCA67CC,金泰段,.00,都市：其他
RPWPMLOJKIHFFCA87CC,碧湖段五小段,.00,都市：住
RPPOMLPJKIHFFCA17CC,長安段二小段,.00,都市：住
RPSPMLPJKIHFFCA57CC,文德段五小段,103.96,都市：工
RPROMLPJKIHFFCA37CC,中山段一小段,.00,都市：商
RPTOMLPJKIHFFCA57CC,碧湖段四小段,.00,都市：其他
RPUPMLPJKIHFFCA77CC,西湖段四小段,27.79,都市：工
RPOQMLPJKIHFFCA27CC,吉林段三小段,.00,非都市： ; 非都市編定：
RPXPMLPJKIHFFCA08CC,中山段三小段,.00,都市：商
RPQQMLPJKIHFFCA47CC,正義段一小段,.00,都市：商
RPRRMLPJKIHFFCA67CC,吉林段五小段,.00,都市：商
RPUPMLOJKIHFFDA77CC,雅祥段四小段,.00,都市：商
RPUPMLOJKIHFFDA77CC,雅祥段四小段,.00,都市：住
RPXNMLOJKIHFFDA87CC,永吉段四小段,2.64,都市：住
RPXNMLOJKIHFFDA87CC,永吉段四小段,2.00,都市：住
RPPQMLOJKIHFFDA37CC,祥和段四小段,1021.00,都市：住
RPVQMLPJKIHFFEA18CC,崇仰段三小段,.00,非都市： ; 非都市編定：
RPQNMLPJKIHFFDA27CC,美仁段一小段,.00,都市：商
RPUPMLPJKIHFFEA97CC,芝山段二小段,.00,都市：住
RPTOMLPJKIHFFDA67CC,雅祥段四小段,.00,都市：商
RPTOMLPJKIHFFDA67CC,雅祥段四小段,.00,都市：住
RPQOMLPJKIHFFDA37CC,寶清段七小段,10.48,非都市： ; 非都市編定：
RPQOMLPJKIHFFBA17CC,臨沂段三小段,.00,非都市： ; 非都市編定：
RPXRMLPJKIHFFEA48CC,振興段四小段,.00,都市：住
RPRNMLPJKIHFFFA57CC,通化段三小段,3.24,都市：住
RPQOMLPJKIHFFFA57CC,通化段五小段,3.62,非都市： ; 非都市編定：
RPQOMLPJKIHFFFA57CC,通化段五小段,1.90,非都市： ; 非都市編定：
RPPOMLPJKIHFFFA47CC,大安段一小段,.00,都市：住
RPWNMLPJKIHFFFA08CC,復興段一小段,6.62,都市：商
RPWNMLPJKIHFFFA08CC,復興段一小段,.21,都市：商
RPSNMLPJKIHFFBA37DC,青年段一小段,.00,非都市： ; 非都市編定：
RPOOMLPJKIHFFFA47DC,復興段三小段,31.20,都市：住
RPWQMLQJKIHFFCA28DC,西湖段四小段,.00,都市：工
RPRNMLQJKIHFFFA67CC,辛亥段三小段,.00,都市：住
RPOOMLQJKIHFFFA47CC,仁愛段六小段,.00,都市：商
RPTOMLQJKIHFFFA97CC,復興段二小段,.00,都市：住
RPUOMLPJKIHFFFA97CC,復興段二小段,.00,都市：其他
RPUOMLPJKIHFFFA97CC,復興段二小段,.00,都市：其他
RPUOMLPJKIHFFFA97CC,復興段二小段,.00,都市：其他
RPPQMLQJKIHFFEA67CC,天母段一小段,.00,都市：住
RPUQMLQJKIHFFEA18CC,蘭雅段一小段,.00,都市：住
RPSQMLQJKIHFFEA97CC,崇仰段二小段,.00,都市：住
RPTQMLQJKIHFFEA08CC,天母段四小段,.00,都市：住
RPQPMLNJKIHFFDA27CC,信義段五小段,.00,都市：其他
RPURMLQJKIHFFDA28DC,信義段一小段,.00,都市：住
RPOOMLNJKIHFFDA96CC,玉成段二小段,99.30,都市：工
RPWPMLNJKIHFFDA87CC,信義段三小段,.00,都市：其他
RPRPMLNJKIHFFDA37CC,信義段五小段,.00,都市：其他
RPSNMLQJKIHFFDA57CC,信義段五小段,.00,都市：住
RPQQMLQJKIHFFDA67CC,敦化段一小段,.00,都市：商
RPQQMLQJKIHFFDA67CC,敦化段一小段,.00,都市：商
RPQQMLQJKIHFFDA67CC,敦化段一小段,.00,都市：商
RPPNMLQJKIHFFCA17CC,碧湖段四小段,.00,都市：住
RPQNMLQJKIHFFCA27CC,中山段二小段,.00,都市：商
RPROMLQJKIHFFCA47CC,金泰段,.00,都市：商
RPOPMLQJKIHFFCA27CC,西湖段二小段,.00,都市：住
RPPPMLQJKIHFFCA37CC,長安段四小段,.00,都市：住
RPQRMLQJKIHFFCA67CC,金泰段,.00,都市：商
RPRRMLQJKIHFFCA77CC,文德段四小段,.00,都市：商
RPXNMLRJKIHFFCA08CC,吉林段一小段,18.65,都市：商
RPOQMLRJKIHFFCA47CC,長安段一小段,91.00,非都市： ; 非都市編定：
RPPQMLRJKIHFFCA57CC,長安段二小段,.00,非都市： ; 非都市編定：
RPRRMLQJKIHFFDA87CC,敦化段二小段,.00,都市：商
RPUQMLQJKIHFFDA08CC,美仁段二小段,.00,都市：商
RPPRMLQJKIHFFDA67CC,福德段三小段,.00,都市：住
RPORMLQJKIHFFDA57CC,雅祥段四小段,.00,都市：住
RPTRMLQJKIHFFDA08CC,雅祥段四小段,.00,都市：住
RPSOMLRJKIHFFEA87CC,立農段二小段,.00,都市：住
RPSOMLRJKIHFFEA87CC,立農段二小段,.00,都市：住
RPSOMLRJKIHFFEA87CC,立農段二小段,.00,都市：住
RPSOMLRJKIHFFEA87CC,立農段二小段,.00,都市：住
RPSOMLRJKIHFFEA87CC,立農段二小段,.00,都市：住
RPSOMLRJKIHFFEA87CC,立農段二小段,.00,都市：住
RPVOMLRJKIHFFEA18CC,翠山段一小段,87.29,都市：住
RPOOMLRJKIHFFFA57CC,復興段一小段,.00,都市：商
RPRNMLRJKIHFFFA77CC,大安段三小段,7.22,都市：住
RPXPMLRJKIHFFEA48CC,天母段二小段,.00,都市：住
RPXOMLRJKIHFFEA38CC,三玉段五小段,.00,都市：住
RPROMLRJKIHFFBA47CC,莒光段一小段,15.60,都市：住
RPSOMLRJKIHFFBA57CC,雙連段二小段,.00,都市：商
RPPOMLRJKIHFFCA47DC,碧湖段五小段,.00,都市：住
RPPOMLRJKIHFFCA47DC,碧湖段五小段,.00,都市：其他
RPSNMLRJKIHFFFA97DC,學府段四小段,.00,都市：商
RPXOMLRJKIHFFAA97CC,永昌段五小段,14.60,都市：住
RPRNMLSJKIHFFCA57CC,正義段一小段,154.00,都市：商
RPPNMLSJKIHFFCA37CC,中山段三小段,106.00,都市：商
RPUNMLSJKIHFFCA87CC,吉林段三小段,1064.00,都市：商
RPTNMLSJKIHFFCA77CC,吉林段三小段,1306.00,都市：商
RPSNMLSJKIHFFCA67CC,中山段三小段,454.00,都市：商
RPVNMLSJKIHFFCA97CC,長春段三小段,168.00,都市：其他
RPRPMLKKKIHFFCA07CC,吉林段一小段,12.86,都市：住
RPOQMLKKKIHFFCA86CC,西湖段一小段,.00,非都市： ; 非都市編定：
RPSPMLKKKIHFFCA17CC,中山段一小段,.00,都市：商
RPORMLKKKIHFFCA96CC,石潭段三小段,.00,都市：商
RPQQMLKKKIHFFCA17DC,長安段二小段,.00,非都市： ; 非都市編定：
RPWQMLKKKIHFFCA67CC,中山段一小段,.00,都市：商
RPSNMLKKKIHFFFA27CC,懷生段一小段,.00,非都市： ; 非都市編定：
RPRNMLSJKIHFFDA67CC,福德段一小段,507.00,都市：住
RPRNMLSJKIHFFDA67CC,福德段一小段,771.00,都市：住
RPQPMLKKKIHFFEA17CC,天母段三小段,.00,非都市： ; 非都市編定：
RPWPMLKKKIHFFEA77CC,振興段四小段,.00,都市：商
RPWPMLKKKIHFFEA77CC,振興段四小段,.00,都市：商
RPWPMLKKKIHFFEA77CC,振興段四小段,.00,都市：商
RPQNMLLKKIHFFBA76CC,臨沂段三小段,29.68,非都市： ; 非都市編定：
RPOOMLLKKIHFFBA66CC,市府段一小段,.00,都市：其他
RPVNMLLKKIHFFBA27CC,市府段三小段,.00,都市：商
RPWOMLLKKIHFFBA47CC,市府段一小段,.00,都市：其他
RPQPMLLKKIHFFCA07CC,長春段三小段,.00,都市：住
RPSNMLMKKIHFFCA17CC,中山段三小段,.00,都市：商
RPVPMLKKKIHFFBA37CC,市府段三小段,.00,都市：商
RPTOMLQJKIHFFBA57CC,圓環段三小段,.00,都市：商
RPXOMLQJKIHFFBA97CC,臨沂段三小段,.00,都市：商
RPRRMLLKKIHFFCA37CC,長安段一小段,89.00,都市：住
RPOQMLMKKIHFFCA07CC,吉林段五小段,.00,都市：商
RPVPMLMKKIHFFCA67CC,長安段一小段,.00,都市：住
RPRQMLMKKIHFFCA37CC,榮星段七小段,.00,都市：住
RPQQMLMKKIHFFCA27CC,碧湖段四小段,.00,都市：其他
RPQOMLMKKIHFFCA07CC,中山段一小段,.00,都市：商
RPSQMLMKKIHFFCA47CC,東湖段七小段,.00,都市：商
RPVOMLLKKIHFFFA77CC,仁愛段六小段,.00,都市：住
RPSOMLLKKIHFFFA47CC,金華段四小段,.00,都市：商
RPSOMLLKKIHFFFA47CC,金華段四小段,.00,都市：商
RPSOMLLKKIHFFFA47CC,金華段四小段,.00,都市：商
RPVNMLLKKIHFFFA67CC,復興段三小段,55.40,都市：住
RPTQMLMKKIHFFCA57CC,中山段四小段,.00,都市：商
RPXQMLMKKIHFFCA97CC,長春段二小段,.00,都市：住
RPTRMLMKKIHFFCA67CC,榮星段六小段,.00,都市：商
RPORMLMKKIHFFCA17CC,正義段四小段,.00,都市：商
RPPRMLMKKIHFFCA27CC,長安段三小段,.00,都市：商
RPPRMLMKKIHFFCA27CC,長安段三小段,.00,都市：商
RPQNMLMKKIHFFFA27CC,懷生段一小段,.00,非都市： ; 非都市編定：
RPRNMLMKKIHFFFA37CC,懷生段一小段,.00,非都市： ; 非都市編定：
RPVNMLMKKIHFFFA77CC,仁愛段二小段,.00,都市：住
RPSOMLMKKIHFFFA57CC,龍泉段一小段,.00,都市：商
RPTOMLMKKIHFFFA67CC,龍泉段一小段,.00,都市：商
RPVOMLMKKIHFFFA87CC,懷生段四小段,.00,都市：住
RPUOMLMKKIHFFEA67CC,天母段一小段,29.70,都市：商
RPUOMLMKKIHFFEA67CC,天母段一小段,6.00,都市：商
RPUOMLMKKIHFFEA67CC,天母段一小段,3.97,都市：商
RPQPMLMKKIHFFEA37CC,三玉段一小段,.00,都市：住
RPPPMLMKKIHFFEA27CC,桃源段二小段,.00,都市：住
RPRPMLMKKIHFFEA47CC,振興段四小段,106.00,都市：商
RPQPMLNKKIHFFEA47CC,天母段一小段,.00,都市：商
RPRPMLNKKIHFFEA57CC,芝山段一小段,.00,都市：住
RPOOMLNKKIHFFEA17CC,天母段一小段,.00,都市：住
RPSNMLNKKIHFFFA57CC,復興段三小段,.00,都市：住
RPSNMLNKKIHFFFA57CC,復興段三小段,.00,都市：住
RPPOMLNKKIHFFFA37CC,通化段五小段,22.89,都市：住
RPPOMLNKKIHFFFA37CC,通化段五小段,22.89,都市：住
RPTNMLNKKIHFFEA57CC,崇仰段二小段,.00,都市：住
RPOQMLNKKIHFFEA37CC,雙溪段重劃一小段,51.71,都市：住
RPSOMLMKKIHFFBA17CC,大同段一小段,.00,都市：商
RPQOMLMKKIHFFBA96CC,公園段二小段,.00,都市：商
RPRNMLNKKIHFFEA47DC,光華段一小段,71.00,都市：住
RPTNMLNKKIHFFAA17CC,南海段一小段,13.46,非都市： ; 非都市編定：
RPVNMLNKKIHFFAA37CC,南海段三小段,74.12,非都市： ; 非都市編定：
RPXOMLNKKIHFFEA18DC,三玉段五小段,.00,都市：住
RPWNMLNKKIHFFCA67CC,中山段一小段,.00,都市：商
RPUOMLNKKIHFFBA47CC,市府段一小段,15.19,都市：住
RPSNMLNKKIHFFBA17CC,公園段一小段,.34,都市：其他
RPSNMLNKKIHFFBA17CC,市府段一小段,2.21,都市：其他
RPSNMLNKKIHFFBA17CC,市府段一小段,2.10,都市：其他
RPQOMLLKKIHFFDA07CC,虎林段四小段,28.80,都市：商
RPSOMLNKKIHFFCA37CC,長春段二小段,.00,都市：住
RPSOMLNKKIHFFBA37DC,市府段一小段,.00,非都市： ; 非都市編定：
RPUQMLNKKIHFFCA77CC,中山段四小段,.00,都市：商
RPORMLNKKIHFFCA27CC,北安段二小段,32.37,都市：住
RPOQMLOKKIHFFCA27CC,北安段二小段,.00,都市：住
RPSPMLOKKIHFFCA57CC,榮星段二小段,.00,都市：住
RPWRMLOKKIHFFCA18CC,東湖段一小段,.00,非都市： ; 非都市編定：
RPPRMLOKKIHFFCA47CC,金泰段,.00,非都市： ; 非都市編定：
RPPQMLOKKIHFFCA37CC,碧湖段三小段,.00,都市：住
RPORMLOKKIHFFCA37CC,榮星段五小段,.00,都市：住
RPXRMLOKKIHFFCA28CC,金泰段,.00,都市：商
RPTNMLOKKIHFFBA37CC,漢中段一小段,.00,都市：商
RPSNMLOKKIHFFBA27CC,市府段一小段,.00,都市：商
RPQOMLOKKIHFFFA67DC,仁愛段三小段,.00,都市：住
RPXNMLOKKIHFFFA28DC,金華段一小段,173.00,都市：商
RPPNMLOKKIHFFFA47DC,懷生段二小段,.00,都市：住
RPPNMLOKKIHFFFA47DC,懷生段二小段,.00,都市：商
RPTPMLNKKIHFFDA77DC,福德段三小段,.00,非都市： ; 非都市編定：
RPXNMLOKKIHFFEA08CC,三玉段二小段,54.43,都市：住
RPVNMLOKKIHFFEA87CC,文林段三小段,.00,都市：住
RPPNMLPKKIHFFEA37CC,芝蘭段四小段,49.37,都市：住
RPWNMLOKKIHFFEA97CC,百齡段二小段,.00,都市：工
RPPNMLPKKIHFFAA96CC,河堤段四小段,17.60,都市：商
RPPNMLPKKIHFFAA96CC,河堤段四小段,3.80,都市：商
RPXNMLRKKIHFFFA48CC,仁愛段二小段,.00,都市：商
RPXNMLRKKIHFFFA48CC,仁愛段二小段,.00,都市：商
RPXNMLRKKIHFFFA48CC,仁愛段二小段,.00,都市：商
RPQNMLQKKIHFFEA57CC,行義段二小段,.00,非都市： ; 非都市編定：
RPQNMLQKKIHFFEA57CC,行義段二小段,.00,非都市： ; 非都市編定：
RPRPMLRKKIHFFEA97CC,芝山段一小段,.00,都市：住
RPRPMLRKKIHFFEA97CC,芝山段二小段,.00,都市：住
RPRPMLRKKIHFFEA97CC,芝山段二小段,.00,都市：住
RPRPMLRKKIHFFEA97CC,芝山段一小段,.00,都市：住
RPXQMLRKKIHFFEA68CC,三玉段二小段,14.57,都市：商
RPQNMLRKKIHFFCA47CC,正義段四小段,.00,都市：商
RPWNMLRKKIHFFCA08CC,東湖段二小段,.00,都市：商
RPRNMLRKKIHFFCA57CC,榮星段六小段,.00,都市：商
RPRNMLRKKIHFFCA57CC,榮星段六小段,.00,都市：商
RPXOMLRKKIHFFBA18CC,玉泉段二小段,124600.00,非都市： ; 非都市編定：
RPXOMLRKKIHFFCA28CC,舊宗段,.00,都市：工
RPOOMLRKKIHFFCA37CC,西湖段四小段,.00,都市：工
RPXPMLRKKIHFFCA38CC,吉林段四小段,.00,都市：商
RPVPMLRKKIHFFCA18CC,康寧段三小段,.00,都市：商
RPPQMLRKKIHFFCA67CC,長春段三小段,10.69,都市：住
RPWNMLSKKIHFFCA18CC,中山段三小段,.00,非都市： ; 非都市編定：
RPWNMLSKKIHFFCA18CC,中山段三小段,.00,非都市： ; 非都市編定：
RPPQMLSKKIHFFCA77CC,德惠段三小段,125.00,都市：住
RPUQMLSKKIHFFCA28CC,西湖段四小段,.00,都市：工
RPSPMLSKKIHFFCA97CC,東湖段二小段,.00,都市：住
RPTOMLSKKIHFFCA97CC,東湖段三小段,23.59,非都市： ; 非都市編定：
RPSQMLSKKIHFFCA08CC,中山段一小段,402.00,都市：商
RPWQMLSKKIHFFCA48CC,正義段四小段,101.00,都市：商
RPORMLSKKIHFFCA77CC,舊宗段,.00,都市：工
RPRRMLSKKIHFFCA08CC,中山段三小段,1592.00,都市：商
RPWRMLSKKIHFFCA58CC,榮星段六小段,.00,都市：其他
RPQSMLSKKIHFFCA08CC,西湖段四小段,.00,都市：商
RPPSMLSKKIHFFCA97CC,中山段三小段,.00,都市：商
RPROMLSKKIHFFFA08CC,通化段二小段,.00,都市：商
RPTOMLSKKIHFFFA28CC,通化段六小段,.00,都市：商
RPTOMLSKKIHFFFA28CC,通化段六小段,.00,都市：商
RPTOMLSKKIHFFFA28CC,通化段六小段,.00,都市：商
RPTOMLSKKIHFFFA28CC,通化段六小段,.00,都市：商
RPVNMLSKKIHFFBA97CC,中正段一小段,.00,都市：其他
RPTNMLSKKIHFFFA28DC,通化段一小段,.00,都市：住
RPWOMLSKKIHFFEA48CC,大業段二小段,60.95,都市：住
RPVOMLSKKIHFFFA48CC,仁愛段四小段,.00,都市：其他
RPVOMLSKKIHFFFA48CC,仁愛段四小段,.00,都市：其他
RPVNMLTKKIHFFFA58DC,通化段二小段,.00,非都市： ; 非都市編定：
RPVOMLTKKIHFFFA68DC,仁愛段四小段,10.69,都市：住
RPVOMLTKKIHFFFA68DC,仁愛段四小段,4.89,都市：住
RPQPMLTKKIHFFFA28DC,龍泉段二小段,26.88,都市：住
RPSNMLTKKIHFFFA18CC,仁愛段二小段,.00,都市：住
RPTNMLTKKIHFFFA28CC,大安段二小段,.00,都市：其他
RPPOMLTKKIHFFFA97CC,通化段六小段,.00,都市：其他
RPSOMLTKKIHFFFA28CC,仁愛段六小段,.00,都市：商
RPTOMLTKKIHFFFA38CC,金華段四小段,9.36,都市：住
RPWOMLTKKIHFFFA68CC,復興段二小段,.00,都市：商
RPQOMLTKKIHFFEA97CC,三玉段二小段,.00,都市：住
RPXPMLSKKIHFFEA68CC,三玉段一小段,.00,都市：住
RPVOMLTKKIHFFEA48CC,天母段一小段,.00,都市：商
RPWOMLTKKIHFFEA58CC,開明段三小段,45.00,都市：住
RPPPMLTKKIHFFEA97CC,三玉段二小段,.00,都市：商
RPTNMLTKKIHFFCA97CC,長春段一小段,.00,都市：商
RPOOMLTKKIHFFCA57CC,榮星段六小段,.00,都市：商
RPRNMLTKKIHFFCA77CC,石潭段四小段,.00,都市：商
RPUPMLTKKIHFFCA28CC,金泰段,.00,都市：住
RPPQMLTKKIHFFCA87CC,長安段四小段,.00,都市：住
RPQPMLTKKIHFFEA08CC,天山段二小段,.00,都市：住
RPSQMLTKKIHFFCA18CC,正義段三小段,.00,都市：商
RPROMLTKKIHFFEA08CC,天母段一小段,.00,都市：商
RPROMLTKKIHFFEA08CC,天母段一小段,.00,都市：商
RPOQMLTKKIHFFCA77CC,北安段三小段,.00,都市：住
RPOQMLTKKIHFFCA77CC,北安段三小段,.00,都市：住
RPPSMLTKKIHFFCA08CC,中山段三小段,.00,非都市： ; 非都市編定：
RPQQMLTKKIHFFCA97CC,正義段四小段,.00,都市：商
RPVNMLKLKIHFFCA37CC,北安段三小段,13.42,都市：住
RPSOMLKLKIHFFCA17CC,文德段四小段,.00,都市：商
RPWQMLKLKIHFFCA77CC,大湖段二小段,.00,都市：商
RPQRMLKLKIHFFCA27CC,長春段一小段,.00,都市：住
RPPRMLKLKIHFFCA17CC,東湖段一小段,64.65,都市：住
RPTRMLKLKIHFFCA57CC,吉林段三小段,.00,都市：商
RPURMLKLKIHFFCA67CC,文德段四小段,.00,都市：商
RPXRMLKLKIHFFCA97CC,長安段三小段,.00,都市：商
RPXRMLKLKIHFFCA97CC,長安段三小段,.00,都市：住
RPSSMLKLKIHFFCA57CC,正義段二小段,.00,都市：商
RPQSMLKLKIHFFCA37CC,榮星段六小段,.00,都市：商
RPWRMLKLKIHFFCA87CC,長春段二小段,.00,都市：住
RPPSMLKLKIHFFCA27CC,長春段一小段,.00,都市：商
RPTSMLKLKIHFFCA67CC,長春段二小段,935.00,都市：商
RPQPMLKLKIHFFFA37CC,仁愛段三小段,.00,都市：商
RPQPMLKLKIHFFFA37CC,仁愛段三小段,.00,都市：住
RPROMLKLKIHFFBA96CC,公園段一小段,.20,都市：其他
RPROMLKLKIHFFBA96CC,市府段一小段,1.33,都市：其他
RPROMLKLKIHFFBA96CC,市府段一小段,1.26,都市：其他
RPWOMLKLKIHFFBA47CC,成功段一小段,.00,都市：商
RPWOMLKLKIHFFBA47CC,成功段一小段,.00,都市：商
RPPNMLKLKIHFFBA66CC,漢中段一小段,.00,非都市： ; 非都市編定：
RPPNMLKLKIHFFBA66CC,漢中段一小段,.00,非都市： ; 非都市編定：
RPWOMLKLKIHFFFA87CC,復興段三小段,.00,非都市： ; 非都市編定：
RPUOMLKLKIHFFFA67CC,復興段一小段,.00,都市：商
RPPPMLKLKIHFFFA27CC,仁愛段四小段,.00,都市：住
RPPPMLKLKIHFFFA27CC,仁愛段四小段,.00,都市：住
RPPPMLKLKIHFFFA27CC,仁愛段四小段,.00,都市：住
RPVPMLKLKIHFFCA67DC,西湖段四小段,.00,都市：工
RPSOMLLLKIHFFAA07CC,南海段五小段,.00,都市：住
RPSOMLLLKIHFFAA07CC,南海段五小段,.00,都市：住
RPRNMLLLKIHFFFA37CC,辛亥段三小段,.00,都市：住
RPUNMLLLKIHFFFA67CC,仁愛段四小段,.00,都市：商
RPTNMLLLKIHFFFA57CC,仁愛段二小段,.00,都市：住
RPPQMLKLKIHFFEA27CC,三玉段一小段,.00,都市：住
RPOQMLKLKIHFFEA17CC,行義段三小段,.00,都市：住
RPSPMLKLKIHFFEA47CC,立農段三小段,.00,非都市： ; 非都市編定：
RPSPMLLLKIHFFCA37CC,德惠段四小段,.00,都市：商
RPUPMLKLKIHFFEA67CC,光華段三小段,.00,都市：住
RPXNMLLLKIHFFCA67CC,碧湖段二小段,.00,都市：住
RPPPMLLLKIHFFCA07CC,吉林段二小段,.00,都市：住
RPSNMLLLKIHFFBA07CC,大同段二小段,.00,非都市： ; 非都市編定：
RPSNMLLLKIHFFBA07CC,大同段二小段,.00,非都市： ; 非都市編定：
RPVPMLLLKIHFFCA67CC,石潭段四小段,85.65,都市：住
RPQPMLMLKIHFFCA27CC,長安段四小段,11.62,都市：商
RPQPMLMLKIHFFCA27CC,長安段四小段,1.19,都市：商
RPXQMLMLKIHFFCA08CC,吉林段二小段,.00,都市：住
RPTRMLMLKIHFFCA77CC,康寧段三小段,.00,都市：住
RPRNMLMLKIHFFFA47CC,復興段三小段,.00,都市：商
RPRNMLMLKIHFFFA47CC,復興段三小段,.00,都市：商
RPORMLMLKIHFFCA27CC,中山段二小段,.00,都市：商
RPOOMLMLKIHFFBA86CC,福星段三小段,.00,都市：商
RPOOMLMLKIHFFFA27CC,懷生段一小段,.00,都市：商
RPOOMLMLKIHFFFA27CC,懷生段一小段,.00,都市：商
RPOOMLMLKIHFFFA27CC,懷生段一小段,.00,都市：商
RPOOMLMLKIHFFFA27CC,懷生段一小段,.00,都市：商
RPOOMLMLKIHFFFA27CC,懷生段一小段,.00,都市：商
RPOOMLMLKIHFFFA27CC,懷生段一小段,.00,都市：商
RPOOMLMLKIHFFFA27CC,懷生段一小段,.00,都市：商
RPOOMLMLKIHFFFA27CC,懷生段一小段,.00,都市：商
RPOOMLMLKIHFFFA27CC,懷生段一小段,.00,都市：商
RPOOMLMLKIHFFFA27CC,懷生段一小段,.00,都市：商
RPROMLMLKIHFFFA57CC,金華段四小段,.00,都市：商
RPROMLMLKIHFFFA57CC,金華段四小段,.00,都市：商
RPROMLMLKIHFFFA57CC,金華段四小段,.00,都市：商
RPROMLMLKIHFFFA57CC,金華段四小段,.00,都市：商
RPROMLMLKIHFFFA57CC,金華段四小段,.00,都市：商
RPROMLMLKIHFFFA57CC,金華段四小段,.00,都市：商
RPVNMLMLKIHFFBA47CC,市府段一小段,.00,都市：其他
RPVNMLMLKIHFFBA47CC,市府段一小段,.00,都市：其他
RPVNMLMLKIHFFBA47CC,公園段一小段,.00,都市：其他
RPSOMLKLKIHFFDA37DC,西松段一小段,.00,都市：住
RPXNMLOLKIHFFFA28CC,學府段一小段,.00,都市：商
RPOOMLOLKIHFFAA07DC,實踐段一小段,35.66,都市：住
RPOOMLOLKIHFFFA47CC,龍泉段一小段,13.69,都市：住
RPPOMLOLKIHFFFA57CC,辛亥段三小段,20.18,都市：住
RPSOMLOLKIHFFFA87CC,懷生段四小段,.00,都市：商
RPSOMLOLKIHFFFA87CC,懷生段四小段,.00,都市：商
RPSOMLOLKIHFFFA87CC,懷生段四小段,.00,都市：商
RPSOMLOLKIHFFFA87CC,懷生段四小段,.00,都市：商
RPVPMLOLKIHFFFA28CC,學府段一小段,23.71,都市：住
RPQOMLOLKIHFFCA37CC,潭美段五小段,.00,都市：其他
RPWPMLOLKIHFFCA08CC,東湖段二小段,.00,非都市： ; 非都市編定：
RPQOMLPLKIHFFCA47CC,吉林段五小段,.00,都市：其他
RPXPMLPLKIHFFCA28CC,金泰段,.00,都市：住
RPWQMLPLKIHFFCA28CC,中山段一小段,.00,都市：商
RPQQMLPLKIHFFCA67CC,潭美段五小段,.00,非都市： ; 非都市編定：
RPUQMLPLKIHFFCA08CC,石潭段四小段,14.97,都市：住
RPXQMLPLKIHFFCA38CC,中山段一小段,.00,都市：商
RPSRMLPLKIHFFCA97CC,金泰段,.00,都市：住
RPUOMLMLKIHFFEA77CC,行義段三小段,584.41,都市：住
RPROMLMLKIHFFEA47CC,振興段三小段,764.54,都市：住
RPVNMLPLKIHFFBA77CC,市府段一小段,.00,都市：其他
RPVNMLPLKIHFFBA77CC,市府段一小段,.00,都市：其他
RPVNMLPLKIHFFBA77CC,公園段一小段,.00,都市：其他
RPUNMLPLKIHFFFA08CC,瑞安段二小段,.00,都市：商
RPUOMLPLKIHFFBA77CC,臨沂段四小段,.00,都市：住
RPVNMLPLKIHFFFA28DC,懷生段二小段,.00,都市：住
RPVNMLPLKIHFFFA28DC,懷生段二小段,.00,都市：商
RPQQMLPLKIHFFFA97CC,仁愛段三小段,.00,都市：住
RPVOMLPLKIHFFAA77CC,南海段二小段,31.16,都市：住
RPWPMLPLKIHFFFA48CC,仁愛段二小段,.00,都市：住
RPRQMLPLKIHFFFA08CC,仁愛段三小段,.00,都市：住
RPTQMLPLKIHFFFA28CC,懷生段二小段,.00,都市：住
RPVQMLPLKIHFFFA48CC,龍泉段一小段,.00,都市：住
RPTNMLPLKIHFFEA87CC,天母段三小段,.00,非都市： ; 非都市編定：
RPWNMLPLKIHFFEA18CC,振興段二小段,.00,都市：商
RPPOMLPLKIHFFEA57CC,光華段一小段,52.14,非都市： ; 非都市編定：
RPSPMLPLKIHFFEA97CC,振興段三小段,.00,非都市： ; 非都市編定：
RPXPMLPLKIHFFEA48CC,天山段二小段,.00,都市：住
RPWPMLPLKIHFFEA38CC,天母段一小段,.00,非都市： ; 非都市編定：
RPOQMLPLKIHFFEA67CC,三玉段二小段,.00,非都市： ; 非都市編定：
RPXOMLPLKIHFFEA38CC,天母段一小段,.00,非都市： ; 非都市編定：
RPPPMLQLKIHFFEA77CC,振興段三小段,.00,都市：住
RPVPMLQLKIHFFEA38CC,蘭雅段一小段,.00,都市：其他
RPQNMLQLKIHFFFA77CC,大安段一小段,.00,都市：商
RPPOMLQLKIHFFFA77CC,仁愛段二小段,.00,都市：住
RPQOMLQLKIHFFFA87CC,復興段三小段,.00,非都市： ; 非都市編定：
RPOOMLQLKIHFFFA67CC,仁愛段六小段,.00,都市：住
RPXQMLQLKIHFFCA58DC,吉林段五小段,3547.00,都市：商
RPROMLQLKIHFFFA97CC,瑞安段三小段,.00,都市：住
RPRQMLQLKIHFFCA87CC,長安段二小段,.00,都市：商
RPRSMLQLKIHFFCA08CC,中山段一小段,.00,非都市： ; 非都市編定：
RPSTMLQLKIHFFCA28CC,中山段三小段,.00,都市：商
RPSNMLRLKIHFFCA77CC,中山段一小段,.00,都市：商
RPQNMLRLKIHFFCA57CC,長春段二小段,.00,都市：住
RPTNMLRLKIHFFCA87CC,西湖段一小段,30.06,都市：住
RPSPMLRLKIHFFCA97CC,金泰段,.00,都市：其他
RPUPMLRLKIHFFCA18CC,長安段二小段,.00,都市：商
RPXPMLRLKIHFFCA48CC,吉林段二小段,.00,都市：住
RPQOMLRLKIHFFFA97CC,仁愛段三小段,.00,都市：住
RPUNMLRLKIHFFAA77CC,南海段四小段,.00,非都市： ; 非都市編定：
RPQPMLRLKIHFFAA57CC,南海段二小段,.00,都市：住
RPWOMLRLKIHFFEA48CC,振興段三小段,.00,都市：住
RPVNMLRLKIHFFEA28CC,天母段四小段,3.07,都市：住
RPUOMLSLKIHFFFA48CC,復興段三小段,.00,都市：住
RPUOMLSLKIHFFFA48CC,復興段三小段,.00,都市：商
RPUNMLSLKIHFFFA38CC,仁愛段一小段,.00,都市：商
RPUPMLSLKIHFFFA58CC,龍泉段二小段,.00,都市：住
RPXPMLSLKIHFFEA78CC,立農段五小段,.00,都市：住
RPPRMLSLKIHFFEA18CC,豐年段四小段,.00,都市：其他
RPUNMLQLKIHFFBA77CC,中正段二小段,.00,都市：住
RPUNMLQLKIHFFBA77CC,中正段二小段,.00,都市：住
RPUNMLQLKIHFFBA77CC,中正段二小段,.00,都市：住
RPOQMLSLKIHFFFA18DC,仁愛段一小段,9.77,都市：商
RPUNMLRLKIHFFBA87CC,雙園段三小段,.00,非都市： ; 非都市編定：
RPQQMLSLKIHFFFA28CC,大安段三小段,.00,都市：住
RPWNMLQLKIHFFBA97CC,公園段三小段,.00,都市：商
RPWNMLQLKIHFFBA97CC,公園段三小段,.00,都市：商
RPVPMLQLKIHFFDA38DC,中南段四小段,43.41,都市：住
RPPPMLSLKIHFFBA77DC,直興段三小段,76.00,都市：商
RPTQMLSLKIHFFBA18CC,市府段一小段,.00,都市：其他
RPOOMLSLKIHFFBA47CC,市府段一小段,.00,都市：其他
RPTPMLSLKIHFFBA08CC,市府段一小段,.00,都市：其他
RPUPMLSLKIHFFBA18CC,市府段一小段,.00,都市：其他
RPUPMLSLKIHFFBA18CC,市府段一小段,.00,都市：其他
RPORMLSLKIHFFBA77CC,大同段二小段,.00,都市：商
RPORMLSLKIHFFBA77CC,大同段二小段,.00,都市：商
RPORMLSLKIHFFBA77CC,大同段二小段,.00,都市：商
RPXOMLSLKIHFFBA38CC,公園段一小段,.34,都市：其他
RPXOMLSLKIHFFBA38CC,市府段一小段,2.21,都市：其他
RPXOMLSLKIHFFBA38CC,市府段一小段,2.10,都市：其他
RPUOMLSLKIHFFBA08CC,公園段三小段,.00,非都市： ; 非都市編定：
RPOPMLSLKIHFFBA57CC,公園段一小段,6.61,都市：其他
RPOPMLSLKIHFFBA57CC,市府段一小段,6.28,都市：其他
RPOPMLSLKIHFFBA57CC,市府段一小段,1.00,都市：其他
RPRNMLSLKIHFFCA77CC,長春段二小段,.00,都市：住
RPUOMLSLKIHFFCA18CC,中山段三小段,4.65,非都市： ; 非都市編定：
RPPOMLSLKIHFFCA67CC,西湖段四小段,2501.34,都市：工
RPROMLSLKIHFFCA87CC,正義段一小段,.00,都市：商
RPSPMLSLKIHFFCA08CC,中山段三小段,.00,都市：商
RPPRMLSLKIHFFCA97CC,中山段三小段,.00,都市：商
RPUPMLSLKIHFFCA28CC,北安段三小段,.00,都市：住
RPURMLSLKIHFFCA48CC,正義段三小段,.00,都市：住
RPOSMLSLKIHFFCA97CC,長春段二小段,.00,都市：住
RPWNMLSLKIHFFBA18CC,城中段二小段,.00,都市：商
RPWNMLSLKIHFFBA18CC,城中段二小段,.00,都市：商
RPUSMLSLKIHFFCA58CC,金泰段,.00,都市：商
RPUNMLTLKIHFFFA48CC,瑞安段二小段,.00,非都市： ; 非都市編定：
RPWSMLSLKIHFFCA78CC,中山段一小段,.00,都市：商
RPXSMLSLKIHFFCA88CC,長安段三小段,.00,都市：商
RPXSMLSLKIHFFCA88CC,長安段三小段,.00,都市：商
RPPNMLLMKIHFFAA76CC,萬慶段二小段,.00,都市：住
RPPNMLLMKIHFFFA27CC,復興段三小段,.00,都市：其他
RPPNMLLMKIHFFCA96CC,文德段二小段,1.71,非都市： ; 非都市編定：
RPPNMLLMKIHFFCA96CC,文德段二小段,11.25,非都市： ; 非都市編定：
RPPNMLLJJHIFFCA56CC,康寧段三小段,18.87,都市：商
RPUNMLMJJHIFFCA17CC,正義段一小段,.00,都市：商
RPSNMLMJJHIFFCA96CC,吉林段四小段,.00,都市：商
RPTNMLMJJHIFFCA07CC,正義段四小段,.00,都市：商
RPPNMLMJJHIFFCA66CC,吉林段四小段,.00,都市：商
RPRNMLMJJHIFFCA86CC,正義段三小段,.00,都市：商
RPPOMLMJJHIFFCA76CC,大湖段二小段,47.26,都市：住
RPRRMLMJJHIFFCA27CC,長安段二小段,.00,都市：商
RPXOMLMJJHIFFCA57CC,中山段三小段,.00,都市：商
RPVNMLMJJHIFFCA27CC,吉林段四小段,.00,都市：商
RPOOMLMJJHIFFCA66CC,正義段二小段,.00,非都市： ; 非都市編定：
RPOSMLMJJHIFFCA07CC,中山段二小段,.00,都市：商
RPRSMLMJJHIFFCA37CC,吉林段四小段,.00,都市：商
RPRPMLMJJHIFFCA17DC,康寧段三小段,26.62,都市：住
RPSNMLMJJHIFFBA86CC,城中段一小段,8.46,都市：商
RPOOMLMJJHIFFBA56CC,臨沂段一小段,.00,都市：住
RPXNMLMJJHIFFBA37CC,市府段一小段,.00,都市：其他
RPOOMLMJJHIFFEA86CC,振興段一小段,48.08,都市：商
RPVPMLMJJHIFFEA67CC,三玉段五小段,.00,都市：住
RPQNMLNJJHIFFEA07CC,天山段二小段,.00,都市：住
RPTNMLNJJHIFFEA37CC,振興段一小段,.00,非都市： ; 非都市編定：
RPWOMLNJJHIFFFA87CC,復興段三小段,.00,都市：其他
RPOOMLNJJHIFFBA66CC,公園段二小段,.00,都市：商
RPPNMLMJJHIFFFA96CC,龍泉段二小段,.01,都市：住
RPUOMLMJJHIFFFA57CC,大安段二小段,.00,都市：其他
RPVOMLMJJHIFFFA67CC,復興段一小段,.00,都市：住
RPQNMLMJJHIFFFA07CC,學府段一小段,.00,非都市： ; 非都市編定：
RPOPMLMJJHIFFFA07CC,懷生段四小段,33.43,都市：住
RPQOMLMJJHIFFFA17CC,仁愛段三小段,.00,都市：住
RPPPMLMJJHIFFFA17CC,金華段一小段,161.00,非都市： ; 非都市編定：
RPVNMLMJJHIFFFA57CC,仁愛段一小段,.00,都市：住
RPVNMLMJJHIFFFA57CC,仁愛段一小段,.00,都市：住
RPVNMLMJJHIFFFA57CC,仁愛段一小段,.00,都市：住
RPPOMLNJJHIFFBA76CC,市府段三小段,.00,都市：商
RPTOMLNJJHIFFEA47CC,天山段一小段,.00,都市：住
RPTOMLNJJHIFFEA47CC,天山段一小段,.00,都市：住
RPPQMLNJJHIFFCA07CC,碧湖段四小段,.00,都市：住
RPPOMLNJJHIFFCA86CC,潭美段四小段,30.00,都市：住
RPVQMLNJJHIFFCA67CC,西湖段一小段,.00,非都市： ; 非都市編定：
RPOPMLNJJHIFFCA86CC,吉林段一小段,.00,都市：其他
RPRNMLNJJHIFFCA96CC,吉林段四小段,.00,非都市： ; 非都市編定：
RPRNMLNJJHIFFCA96CC,吉林段四小段,.00,非都市： ; 非都市編定：
RPPPMLNJJHIFFCA96CC,大湖段二小段,.00,都市：住
RPTPMLNJJHIFFCA37CC,金泰段,.00,都市：其他
RPTQMLNJJHIFFCA47CC,潭美段五小段,.00,都市：住
RPTOMLOJJHIFFBA27CC,臨沂段三小段,.00,都市：住
RPWNMLOJJHIFFFA87CC,瑞安段一小段,.00,都市：住
RPSOMLOJJHIFFFA57CC,金華段四小段,.00,非都市： ; 非都市編定：
RPSOMLOJJHIFFFA57CC,金華段四小段,.00,非都市： ; 非都市編定：
RPUOMLOJJHIFFCA47CC,長安段四小段,.00,都市：商
RPXOMLOJJHIFFCA77CC,文德段五小段,.00,都市：工
RPTOMLOJJHIFFCA37CC,德惠段四小段,.00,非都市： ; 非都市編定：
RPROMLOJJHIFFCA17CC,北安段三小段,.00,都市：住
RPWPMLOJJHIFFCA77CC,中山段一小段,.00,都市：商
RPTQMLOJJHIFFCA57CC,吉林段三小段,.00,都市：商
RPVRMLOJJHIFFCA87CC,德惠段三小段,.00,非都市： ; 非都市編定：
RPRNMLPJJHIFFBA07CC,萬大段二小段,.00,都市：住
RPRNMLRJJHIFFBA27CC,臨沂段三小段,.00,都市：住
RPPOMLRJJHIFFBA17CC,市府段一小段,.00,都市：商
RPRPMLRJJHIFFBA47CC,公園段一小段,1548.00,都市：其他
RPRPMLRJJHIFFBA47CC,市府段一小段,10159.00,都市：其他
RPRPMLRJJHIFFBA47CC,市府段一小段,9656.00,都市：其他
RPQPMLRJJHIFFBA37CC,漢中段一小段,.66,都市：商
RPQPMLRJJHIFFBA37CC,漢中段一小段,4.25,都市：商
RPSPMLRJJHIFFBA57CC,公園段一小段,.34,都市：其他
RPSPMLRJJHIFFBA57CC,市府段一小段,2.21,都市：其他
RPSPMLRJJHIFFBA57CC,市府段一小段,2.10,都市：其他
RPXNMLRJJHIFFCA97CC,長安段一小段,17.06,都市：商
RPUPMLRJJHIFFCA87CC,文德段二小段,.00,都市：住
RPOPMLRJJHIFFCA27CC,榮星段六小段,.00,都市：住
RPTQMLRJJHIFFCA87CC,榮星段五小段,.00,都市：住
RPTQMLRJJHIFFCA87CC,榮星段五小段,.00,都市：住
RPSQMLRJJHIFFCA77CC,長安段二小段,.00,非都市： ; 非都市編定：
RPVNMLRJJHIFFCA77CC,長安段一小段,36.98,都市：商
RPWPMLRJJHIFFCA08CC,西湖段四小段,.00,都市：工
RPVOMLRJJHIFFEA08CC,天母段三小段,.00,都市：住
RPUNMLRJJHIFFEA87CC,文林段三小段,20.66,非都市： ; 非都市編定：
RPQNMLPJJHIFFFA37CC,通化段四小段,.00,都市：商
RPVNMLRJJHIFFEA97CC,振興段三小段,.00,都市：住
RPRNMLRJJHIFFFA67CC,學府段三小段,.00,非都市： ; 非都市編定：
RPRNMLRJJHIFFFA67CC,學府段三小段,.00,非都市： ; 非都市編定：
RPUOMLRJJHIFFFA08CC,仁愛段一小段,.00,都市：商
RPPNMLRJJHIFFBA17DC,青年段一小段,17.46,都市：住
RPPNMLRJJHIFFBA17DC,青年段一小段,12.22,都市：住
RPUOMLOJJHIFFAA27CC,萬慶段二小段,.00,都市：商
RPPPMLRJJHIFFAA17CC,河堤段一小段,.00,非都市： ; 非都市編定：
RPVNMLOJJHIFFAA37DC,華興段二小段,38.25,都市：住
RPTOMLRJJHIFFBA67DC,雙園段一小段,.00,都市：商
RPVOMLRJJHIFFAA67CC,河堤段一小段,.00,非都市： ; 非都市編定：
RPUPMLRJJHIFFBA87DC,青年段一小段,6.73,都市：住
RPWPMLRJJHIFFBA08DC,莒光段一小段,87.00,都市：住
RPQOMLRJJHIFFFA77DC,大安段三小段,.00,都市：住
RPXNMLRJJHIFFFA38DC,通化段一小段,.00,都市：商
RPXNMLRJJHIFFFA38DC,通化段一小段,.00,都市：住
RPXNMLRJJHIFFFA38DC,通化段一小段,.00,都市：住
RPXNMLRJJHIFFFA38DC,通化段一小段,.00,都市：住
RPPOMLRJJHIFFFA67DC,通化段三小段,.00,都市：商
RPOOMLRJJHIFFFA57DC,學府段二小段,.00,都市：商
RPVNMLSJJHIFFFA18CC,金華段三小段,.00,非都市： ; 非都市編定：
RPRQMLSJJHIFFEA97CC,振興段四小段,121.00,都市：商
RPPOMLSJJHIFFCA37CC,文德段三小段,.00,都市：住
RPOOMLSJJHIFFCA27CC,榮星段六小段,.00,都市：住
RPSOMLSJJHIFFCA67CC,東湖段六小段,.00,都市：住
RPWOMLSJJHIFFCA08CC,正義段四小段,.00,非都市： ; 非都市編定：
RPRPMLSJJHIFFCA67CC,榮星段三小段,.00,非都市： ; 非都市編定：
RPUQMLSJJHIFFCA08CC,中山段一小段,.00,都市：商
RPPNMLSJJHIFFDA47DC,美仁段一小段,.00,非都市： ; 非都市編定：
RPPQMLRJJHIFFDA67DC,信義段一小段,15.20,都市：住
RPOOMLRJJHIFFDA37DC,敦化段五小段,26.33,都市：商
RPWOMLSJJHIFFBA97CC,公園段二小段,.00,都市：商
RPXNMLRJJHIFFDA18DC,濱江段四小段,43.01,都市：住
RPSOMLRJJHIFFDA77DC,信義段二小段,.00,都市：商
RPSOMLRJJHIFFDA77DC,信義段二小段,.00,都市：商
RPPPMLSJJHIFFBA37CC,市府段二小段,.00,都市：商
RPTNMLSJJHIFFDA87DC,延壽段一小段,13.06,都市：住
RPTNMLSJJHIFFDA87DC,延壽段一小段,16.72,都市：住
RPXPMLTJJHIFFCA38CC,吉林段二小段,.00,都市：其他
RPVPMLTJJHIFFCA18CC,潭美段四小段,.00,非都市： ; 非都市編定：
RPOQMLTJJHIFFCA57CC,吉林段三小段,.00,都市：商
RPPPMLTJJHIFFEA77CC,三玉段四小段,.00,都市：住
RPRPMLTJJHIFFEA97CC,蘭雅段一小段,.00,都市：住
RPSPMLTJJHIFFEA08CC,芝山段一小段,.00,都市：住
RPSOMLKKJHIFFAA76CC,河堤段六小段,.00,都市：住
RPSOMLKKJHIFFAA76CC,河堤段六小段,.00,都市：住
RPRNMLTJJHIFFFA87CC,瑞安段一小段,.00,都市：商
RPRNMLTJJHIFFFA87CC,瑞安段一小段,.00,都市：商
RPPOMLTJJHIFFBA37CC,華中段三小段,84.00,都市：住
RPSOMLTJJHIFFBA67CC,雙園段三小段,24.00,都市：住
RPPOMLKKJHIFFEA96DC,三玉段二小段,42.25,都市：住
RPTOMLTJJHIFFBA87DC,迪化段一小段,72.00,都市：商
RPTOMLTJJHIFFBA87DC,迪化段一小段,82.00,都市：商
RPTOMLKKJHIFFDA27DC,玉成段二小段,79.81,都市：工
RPWQMLKKJHIFFCA57CC,中山段一小段,63.64,都市：商
RPXQMLKKJHIFFCA67CC,長春段三小段,21.83,都市：住
RPWQMLLKJHIFFCA67CC,長安段三小段,.00,都市：其他
RPWNMLLKJHIFFCA37CC,長春段二小段,.00,都市：住
RPWQMLLKJHIFFCA67CC,長安段三小段,.00,都市：其他
RPPQMLLKJHIFFDA07CC,雅祥段四小段,.00,都市：其他
RPVQMLLKJHIFFCA57CC,康寧段三小段,.00,都市：住
RPXPMLLKJHIFFDA77CC,雅祥段四小段,.00,都市：其他
RPXPMLLKJHIFFDA77CC,雅祥段四小段,.00,都市：其他
RPWOMLLKJHIFFCA47CC,文德段五小段,.00,都市：工
RPSNMLLKJHIFFCA96CC,正義段一小段,20.83,都市：住
RPOPMLLKJHIFFAA56CC,景美段一小段,.00,都市：住
RPXOMLLKJHIFFAA37CC,萬隆段二小段,.00,都市：其他
RPXOMLLKJHIFFAA37CC,萬隆段二小段,.00,都市：商
RPTOMLLKJHIFFDA37DC,信義段五小段,310.26,都市：住
RPTQMLLKJHIFFCA47DC,吉林段二小段,.00,非都市： ; 非都市編定：
RPSNMLLKJHIFFFA27CC,瑞安段一小段,.00,都市：住
RPTNMLLKJHIFFFA37CC,復興段三小段,29.83,都市：商
RPOOMLLKJHIFFFA96CC,通化段六小段,.00,都市：其他
RPSNMLMKJHIFFDA17CC,三興段一小段,.00,都市：商
RPRNMLMKJHIFFBA86CC,市府段一小段,.00,都市：其他
RPTNMLMKJHIFFDA27CC,三興段一小段,.00,都市：商
RPQNMLMKJHIFFBA76CC,市府段一小段,.00,都市：其他
RPQOMLKKJHIFFEA07DC,崇仰段四小段,117.00,非都市： ; 非都市編定：
RPQOMLLKJHIFFFA17CC,大安段一小段,.00,都市：住
RPQNMLMKJHIFFFA17CC,仁愛段二小段,.00,都市：住
RPROMLLKJHIFFFA27CC,仁愛段一小段,.00,都市：住
RPPNMLMKJHIFFCA76CC,吉林段二小段,.00,都市：商
RPTQMLLKJHIFFEA57CC,天母段一小段,.00,都市：住
RPQRMLLKJHIFFEA37CC,立農段一小段,.00,都市：住
RPPOMLOKJHIFFBA96CC,莒光段二小段,.00,都市：住
RPQOMLOKJHIFFBA07CC,市府段三小段,.00,都市：商
RPUNMLOKJHIFFBA37CC,中正段二小段,150.00,都市：住
RPUNMLOKJHIFFBA37CC,中正段二小段,19.00,都市：住
RPUNMLOKJHIFFBA37CC,中正段二小段,27.00,都市：住
RPUNMLOKJHIFFBA37CC,中正段二小段,53.00,都市：住
RPUNMLOKJHIFFBA37CC,中正段二小段,130.00,都市：住
RPSQMLOKJHIFFCA57CC,西湖段一小段,.00,都市：住
RPRQMLOKJHIFFCA47CC,長春段二小段,.00,都市：商
RPUQMLOKJHIFFCA77CC,長春段二小段,5.00,都市：商
RPVQMLOKJHIFFCA87CC,正義段三小段,.00,都市：商
RPPQMLOKJHIFFCA27CC,正義段四小段,.00,都市：商
RPQNMLNKJHIFFDA07CC,南港段三小段,37.00,都市：住
RPPOMLOKJHIFFDA17CC,信義段五小段,.00,都市：其他
RPUPMLOKJHIFFDA77CC,雅祥段四小段,.00,都市：住
RPUPMLOKJHIFFDA77CC,雅祥段四小段,.00,都市：住
RPUPMLOKJHIFFDA77CC,雅祥段四小段,.00,都市：住
RPSPMLOKJHIFFDA57CC,南港段四小段,31.60,都市：住
RPORMLOKJHIFFCA27CC,長春段一小段,.00,都市：商
RPORMLOKJHIFFCA27CC,長春段一小段,.00,都市：商
RPQPMLOKJHIFFDA37CC,南港段二小段,30.10,都市：商
RPQOMLOKJHIFFEA37CC,蘭雅段一小段,.00,都市：工
RPPRMLOKJHIFFCA37CC,中山段三小段,.00,都市：商
RPWNMLOKJHIFFFA97CC,仁愛段三小段,.00,都市：商
RPPNMLOKJHIFFFA27CC,瑞安段一小段,.00,都市：住
RPOPMLOKJHIFFCA17DC,德惠段四小段,1509.00,都市：商
RPQNMLOKJHIFFFA47DC,學府段一小段,27.14,都市：住
RPUNMLPKJHIFFEA77CC,芝山段一小段,.00,都市：住
RPOQMLPKJHIFFEA47CC,天山段一小段,.00,都市：住
RPTNMLPKJHIFFEA67CC,三玉段四小段,.00,都市：住
RPPNMLPKJHIFFFA37CC,龍泉段三小段,.00,都市：商
RPUNMLOKJHIFFEA77DC,光華段二小段,33.00,都市：住
RPQNMLPKJHIFFFA47CC,金華段一小段,.00,非都市： ; 非都市編定：
RPQNMLPKJHIFFCA17CC,碧湖段五小段,8.56,非都市： ; 非都市編定：
RPSNMLPKJHIFFFA67CC,瑞安段一小段,.00,非都市： ; 非都市編定：
RPSNMLPKJHIFFFA67CC,瑞安段一小段,.00,非都市： ; 非都市編定：
RPWNMLPKJHIFFFA08CC,通化段五小段,.00,非都市： ; 非都市編定：
RPWNMLPKJHIFFFA08CC,通化段五小段,.00,非都市： ; 非都市編定：
RPXOMLPKJHIFFFA28CC,金華段四小段,62.18,都市：商
RPQOMLPKJHIFFFA57CC,仁愛段六小段,64.24,都市：住
RPUNMLPKJHIFFFA87CC,通化段二小段,.00,非都市： ; 非都市編定：
RPOPMLPKJHIFFFA47CC,仁愛段六小段,.00,都市：商
RPOOMLPKJHIFFFA37CC,仁愛段六小段,.00,非都市： ; 非都市編定：
RPPPMLPKJHIFFFA57CC,復興段一小段,.00,都市：商
RPWNMLPKJHIFFCA77CC,北安段三小段,.00,都市：商
RPRNMLPKJHIFFDA37CC,永吉段一小段,.00,都市：住
RPROMLQKJHIFFBA37CC,臨沂段三小段,.00,都市：住
RPPOMLQKJHIFFBA17CC,大同段二小段,.00,非都市： ; 非都市編定：
RPSQMLQKJHIFFDA87CC,逸仙段三小段,13.84,都市：住
RPVOMLQKJHIFFDA97CC,福德段一小段,.00,都市：住
RPTNMLQKJHIFFDA67CC,延吉段一小段,.00,都市：住
RPROMLPKJHIFFDA47CC,敦化段三小段,.00,非都市： ; 非都市編定：
RPROMLPKJHIFFDA47CC,敦化段三小段,.00,非都市： ; 非都市編定：
RPXQMLQKJHIFFCA28CC,中山段一小段,97.00,都市：商
RPUPMLQKJHIFFCA87CC,長安段二小段,.00,非都市： ; 非都市編定：
RPTRMLQKJHIFFCA97CC,德惠段四小段,.00,非都市： ; 非都市編定：
RPVQMLQKJHIFFCA08CC,西湖段四小段,.00,都市：工
RPTNMLQKJHIFFCA57CC,中山段二小段,.00,都市：住
RPSRMLQKJHIFFCA87CC,中山段一小段,.00,非都市： ; 非都市編定：
RPUQMLQKJHIFFCA97CC,長安段一小段,.00,非都市： ; 非都市編定：
RPROMLQKJHIFFFA77CC,通化段二小段,30.00,都市：商
RPROMLQKJHIFFFA77CC,通化段二小段,4.00,都市：其他
RPXPMLQKJHIFFCA18CC,西湖段四小段,.00,非都市： ; 非都市編定：
RPPOMLQKJHIFFFA57CC,辛亥段六小段,.00,都市：住
RPSPMLQKJHIFFFA97CC,復興段一小段,.00,都市：商
RPSPMLQKJHIFFFA97CC,復興段一小段,.00,都市：商
RPSPMLQKJHIFFFA97CC,復興段一小段,.00,都市：商
RPVOMLRKJHIFFEA18CC,蘭雅段二小段,.00,都市：工
RPVOMLRKJHIFFEA18CC,蘭雅段二小段,.00,都市：住
RPVOMLRKJHIFFEA18CC,蘭雅段二小段,.00,都市：住
RPROMLRKJHIFFAA37CC,福和段一小段,.00,都市：住
RPROMLRKJHIFFAA37CC,福和段一小段,.00,都市：其他
RPROMLRKJHIFFAA37CC,福和段一小段,.00,都市：住
RPOSMLRKJHIFFCA77DC,中山段三小段,9.42,非都市： ; 非都市編定：
RPQOMLRKJHIFFCA47CC,長春段三小段,.00,都市：商
RPQOMLRKJHIFFCA47CC,長春段三小段,.00,都市：商
RPWOMLRKJHIFFFA38CC,瑞安段二小段,.00,都市：住
RPPOMLRKJHIFFFA67CC,仁愛段一小段,.00,都市：住
RPTOMLRKJHIFFFA08CC,通化段六小段,.00,都市：住
RPWOMLRKJHIFFCA08CC,舊宗段,.00,都市：工
RPTPMLRKJHIFFCA87CC,中山段四小段,.00,都市：商
RPUNMLRKJHIFFFA08CC,仁愛段二小段,.00,都市：住
RPTQMLRKJHIFFCA97CC,金泰段,.00,都市：商
RPVNMLRKJHIFFFA18CC,懷生段二小段,121.00,都市：住
RPROMLRKJHIFFFA87CC,仁愛段一小段,91.38,都市：住
RPVOMLRKJHIFFFA28CC,仁愛段二小段,.00,都市：住
RPQRMLRKJHIFFCA77CC,中山段四小段,.00,非都市： ; 非都市編定：
RPSSMLRKJHIFFCA08CC,中山段二小段,.00,都市：商
RPTSMLRKJHIFFCA18CC,長安段二小段,.00,都市：住
RPWRMLRKJHIFFCA38CC,西湖段四小段,54.78,都市：其他
RPWSMLRKJHIFFCA48CC,吉林段五小段,.00,都市：商
RPXSMLRKJHIFFCA58CC,長安段三小段,.00,都市：住
RPTOMLRKJHIFFBA67CC,大同段一小段,.00,非都市： ; 非都市編定：
RPUNMLRKJHIFFBA67CC,迪化段一小段,.00,都市：其他
RPTPMLRKJHIFFBA77CC,城中段二小段,.00,都市：商
RPRQMLRKJHIFFDA87CC,敦化段一小段,.00,非都市： ; 非都市編定：
RPPOMLRKJHIFFDA47CC,雅祥段二小段,.00,都市：住
RPQQMLRKJHIFFDA77CC,美仁段一小段,.00,都市：商
RPQQMLRKJHIFFDA77CC,美仁段一小段,.00,都市：商
RPUNMLSKJHIFFBA77CC,福星段二小段,.00,都市：商
RPOPMLSKJHIFFBA37CC,臨沂段三小段,.00,非都市： ; 非都市編定：
RPOOMLSKJHIFFDA47CC,敦化段三小段,.00,非都市： ; 非都市編定：
RPOOMLSKJHIFFDA47CC,敦化段三小段,.00,非都市： ; 非都市編定：
RPWOMLSKJHIFFDA28CC,西松段二小段,732.00,都市：住
RPWOMLSKJHIFFDA28CC,西松段二小段,1607.00,都市：商
RPUPMLSKJHIFFDA18CC,敦化段五小段,.00,都市：住
RPTPMLSKJHIFFDA08CC,敦化段五小段,.00,都市：住
RPOQMLSKJHIFFDA67CC,雅祥段四小段,.00,都市：商
RPOQMLSKJHIFFDA67CC,雅祥段四小段,.00,都市：住
RPSQMLSKJHIFFBA87CC,臨沂段一小段,.00,非都市： ; 非都市編定：
RPSQMLSKJHIFFBA87CC,臨沂段一小段,.00,非都市： ; 非都市編定：
RPSQMLSKJHIFFBA87CC,臨沂段一小段,.00,非都市： ; 非都市編定：
RPRNMLSKJHIFFCA57CC,長春段三小段,.00,都市：住
RPQOMLSKJHIFFAA37CC,景美段一小段,.00,都市：商
RPSOMLSKJHIFFAA57CC,萬隆段二小段,.00,都市：住
RPWPMLSKJHIFFCA28CC,正義段三小段,.00,都市：商
RPRRMLSKJHIFFDA08CC,敦化段二小段,.00,都市：商
RPPQMLSKJHIFFDA77CC,逸仙段三小段,.00,都市：住
RPORMLSKJHIFFDA77CC,南港段一小段,33.66,都市：商
RPWRMLSKJHIFFCA48CC,康寧段三小段,.00,都市：住
RPTNMLSKJHIFFEA97CC,桃源段四小段,21.63,都市：住
RPQRMLSKJHIFFDA97CC,延吉段一小段,.00,都市：商
RPQRMLSKJHIFFDA97CC,延吉段一小段,.00,都市：商
RPQRMLSKJHIFFDA97CC,延吉段一小段,.00,都市：住
RPPOMLSKJHIFFEA67CC,蘭雅段一小段,.00,都市：工
RPWRMLSKJHIFFEA68CC,天母段四小段,.00,都市：住
RPTPMLSKJHIFFEA18CC,天山段一小段,.00,都市：住
RPURMLSKJHIFFEA48CC,天母段四小段,.00,都市：住
RPQNMLTKJHIFFBA47CC,公園段二小段,.00,都市：商
RPQNMLTKJHIFFBA47CC,公園段二小段,.00,都市：商
RPRNMLTKJHIFFBA57CC,公園段二小段,.00,都市：商
RPRNMLTKJHIFFBA57CC,公園段二小段,.00,都市：商
RPOOMLLLJHIFFDA86CC,美仁段一小段,.00,都市：商
RPRNMLLLJHIFFBA86CC,雙連段三小段,.00,都市：其他
RPPOMLSKJHIFFFA77CC,大安段一小段,.00,都市：其他
RPTOMLSKJHIFFFA18CC,大安段二小段,.00,都市：住
RPPPMLSKJHIFFFA87CC,學府段四小段,.00,非都市： ; 非都市編定：
RPRPMLSKJHIFFFA08CC,仁愛段二小段,.00,都市：商
RPRPMLSKJHIFFFA08CC,仁愛段二小段,.00,都市：住
RPOPMLSKJHIFFFA77CC,學府段一小段,.00,都市：住
RPWOMLSKJHIFFFA48CC,學府段二小段,.00,非都市： ; 非都市編定：
RPSQMLLLJHIFFDA47CC,玉成段一小段,.00,都市：工
RPUQMLLLJHIFFDA67CC,信義段三小段,.00,都市：其他
RPSNMLLLJHIFFFA37CC,復興段一小段,.00,非都市： ; 非都市編定：
RPQPMLLLJHIFFEA27CC,天母段一小段,.00,都市：住
RPTNMLLLJHIFFFA47CC,仁愛段六小段,.00,都市：其他
RPQNMLLLJHIFFAA66CC,南海段一小段,.00,非都市： ; 非都市編定：
RPORMLLLJHIFFCA07CC,中山段一小段,.00,都市：商
RPQQMLLLJHIFFCA17CC,中山段一小段,.00,都市：商
RPRQMLLLJHIFFCA27CC,西湖段四小段,.00,都市：工
RPQRMLLLJHIFFCA27CC,中山段四小段,.00,都市：商
RPTOMLLLJHIFFEA57DC,大業段三小段,7.80,都市：商
RPWRMLLLJHIFFCA87CC,石潭段四小段,.00,都市：住
RPUQMLLLJHIFFCA57CC,東湖段八小段,.00,都市：商
RPUNMLLLJHIFFDA47DC,美仁段一小段,.00,非都市： ; 非都市編定：
RPPOMLMLJHIFFBA96DC,臨沂段四小段,.00,都市：住
RPPOMLMLJHIFFBA96DC,臨沂段四小段,.00,都市：住
RPOSMLLLJHIFFCA27DC,西湖段四小段,.00,都市：工
RPSNMLLLJHIFFCA17DC,吉林段二小段,.00,非都市： ; 非都市編定：
RPOOMLMLJHIFFCA96DC,德惠段三小段,1793.00,都市：住
RPOOMLMLJHIFFCA96DC,德惠段三小段,1062.00,都市：住
RPQPMLMLJHIFFFA57DC,大安段一小段,6.76,都市：其他
RPRPMLMLJHIFFFA67DC,復興段二小段,5.53,都市：其他
RPRPMLMLJHIFFFA67DC,復興段二小段,.05,都市：其他
RPXNMLMLJHIFFCA77DC,德惠段三小段,1793.00,都市：住
RPXNMLMLJHIFFCA77DC,德惠段三小段,1062.00,都市：住
RPROMLMLJHIFFCA27DC,德惠段三小段,1793.00,都市：住
RPROMLMLJHIFFCA27DC,德惠段三小段,1062.00,都市：住
RPRPMLMLJHIFFCA27CC,長安段三小段,.00,都市：商
RPTPMLMLJHIFFEA67CC,天母段一小段,.00,都市：住
RPRRMLMLJHIFFEA67CC,天母段四小段,.00,都市：住
RPSRMLMLJHIFFEA77CC,芝山段二小段,.00,都市：住
RPPQMLMLJHIFFCA17CC,正義段三小段,.00,都市：商
RPWSMLMLJHIFFCA08CC,東湖段二小段,.00,非都市： ; 非都市編定：
RPRRMLMLJHIFFCA47CC,正義段二小段,.00,非都市： ; 非都市編定：
RPRRMLMLJHIFFCA47CC,正義段二小段,.00,非都市： ; 非都市編定：
RPUPMLMLJHIFFCA57CC,吉林段四小段,.00,都市：商
RPQSMLMLJHIFFCA47CC,石潭段三小段,.00,都市：住
RPOTMLMLJHIFFCA37CC,西湖段二小段,.00,都市：其他
RPVNMLMLJHIFFFA77CC,瑞安段一小段,.00,非都市： ; 非都市編定：
RPVOMLMLJHIFFFA87CC,仁愛段三小段,.00,都市：住
RPUNMLMLJHIFFFA67CC,通化段六小段,.00,非都市： ; 非都市編定：
RPUNMLMLJHIFFFA67CC,通化段六小段,.00,非都市： ; 非都市編定：
RPPPMLMLJHIFFFA37CC,金華段四小段,.00,都市：住
RPQTMLMLJHIFFCA57CC,碧湖段四小段,.00,都市：其他
RPRTMLMLJHIFFCA67CC,吉林段五小段,.00,都市：商
RPOOMLNLJHIFFBA86CC,圓環段二小段,.00,都市：商
RPSOMLMLJHIFFBA17CC,雙園段二小段,10.41,都市：住
RPRNMLMLJHIFFBA96CC,臨沂段四小段,.00,都市：住
RPPNMLNLJHIFFBA86CC,福星段三小段,.00,非都市： ; 非都市編定：
RPPNMLNLJHIFFBA86CC,福星段三小段,.00,非都市： ; 非都市編定：
RPPPMLMLJHIFFDA17CC,三興段二小段,.00,非都市： ; 非都市編定：
RPOOMLMLJHIFFDA96CC,永春段二小段,.00,都市：住
RPORMLMLJHIFFDA27CC,信義段五小段,.00,都市：其他
RPTTMLMLJHIFFCA87CC,長安段一小段,.00,都市：住
RPTPMLNLJHIFFBA47CC,臨沂段一小段,278.00,都市：住
RPQPMLNLJHIFFBA17CC,臨沂段三小段,.00,都市：住
RPPOMLNLJHIFFCA07CC,吉林段二小段,.00,都市：其他
RPQOMLNLJHIFFCA17CC,吉林段五小段,1.53,都市：住
RPOTMLNLJHIFFCA47CC,石潭段四小段,.00,都市：商
RPVQMLNLJHIFFDA97CC,逸仙段三小段,.00,非都市： ; 非都市編定：
RPUNMLNLJHIFFDA57CC,敦化段三小段,10.08,都市：住
RPSNMLNLJHIFFDA37CC,逸仙段二小段,.00,都市：住
RPSNMLNLJHIFFDA37CC,逸仙段二小段,.00,都市：住
RPSNMLNLJHIFFDA37CC,逸仙段二小段,.00,都市：住
RPSNMLNLJHIFFDA37CC,逸仙段二小段,.00,都市：住
RPSNMLNLJHIFFDA37CC,逸仙段二小段,.00,都市：住
RPSNMLNLJHIFFDA37CC,逸仙段二小段,.00,都市：住
RPSNMLNLJHIFFDA37CC,逸仙段二小段,.00,都市：住
RPPTMLNLJHIFFCA57CC,正義段三小段,206.00,都市：商
RPTOMLNLJHIFFDA57CC,三興段三小段,.00,都市：商
RPQOMLNLJHIFFDA27CC,永吉段四小段,.00,都市：其他
RPQOMLNLJHIFFDA27CC,永吉段四小段,.00,都市：商
RPQOMLNLJHIFFDA27CC,永吉段四小段,.00,都市：商
RPUOMLNLJHIFFDA67CC,雅祥段四小段,.00,都市：住
RPUOMLNLJHIFFDA67CC,雅祥段四小段,.00,都市：商
RPRTMLNLJHIFFCA77CC,文德段四小段,.00,都市：商
RPVTMLNLJHIFFCA18CC,長春段二小段,2045.00,都市：住
RPQNMLNLJHIFFFA37CC,復興段一小段,.00,非都市： ; 非都市編定：
RPSOMLNLJHIFFEA57CC,天山段二小段,.00,都市：住
RPXTMLNLJHIFFCA38CC,金泰段,.00,非都市： ; 非都市編定：
RPUUMLNLJHIFFCA18CC,長春段二小段,183.00,都市：商
RPTUMLNLJHIFFCA08CC,長春段二小段,.00,都市：商
RPTUMLNLJHIFFCA08CC,長春段二小段,.00,都市：商
RPVUMLNLJHIFFCA28CC,長安段三小段,.00,都市：商
RPVUMLNLJHIFFCA28CC,長安段三小段,.00,都市：商
RPTPMLNLJHIFFFA87CC,復興段三小段,.00,非都市： ; 非都市編定：
RPTPMLNLJHIFFFA87CC,復興段三小段,.00,非都市： ; 非都市編定：
RPTPMLNLJHIFFFA87CC,復興段三小段,.00,非都市： ; 非都市編定：
RPTPMLNLJHIFFFA87CC,復興段三小段,.00,非都市： ; 非都市編定：
RPTPMLNLJHIFFEA77CC,振興段三小段,.00,都市：商
RPOQMLNLJHIFFEA37CC,三玉段五小段,.00,都市：住
RPPQMLNLJHIFFEA47CC,新民段二小段,.00,非都市： ; 非都市編定：
RPXOMLNLJHIFFEA08CC,行義段四小段,.00,都市：住
RPXPMLNLJHIFFEA18CC,新民段一小段,231.00,都市：住
RPXPMLNLJHIFFEA18CC,新民段一小段,519.00,都市：其他
RPXPMLNLJHIFFEA18CC,新民段一小段,2994.00,都市：住
RPROMLNLJHIFFFA67DC,仁愛段二小段,737.00,都市：住
RPXOMLNLJHIFFCA97DC,中山段一小段,96.00,都市：商
RPPPMLNLJHIFFAA96CC,萬芳段一小段,.00,都市：住
RPWOMLNLJHIFFAA57CC,永昌段二小段,324.00,都市：住
RPWOMLNLJHIFFAA57CC,永昌段二小段,15.00,都市：住
RPUOMLOLJHIFFAA47CC,南海段四小段,4.84,非都市： ; 非都市編定：
RPRPMLNLJHIFFAA17CC,博嘉段四小段,.00,都市：住
RPOPMLNLJHIFFAA86CC,木柵段二小段,.00,都市：住
RPVNMLOLJHIFFCA67CC,中山段三小段,.00,都市：其他
RPVOMLOLJHIFFAA57CC,河堤段四小段,.00,都市：住
RPSPMLNLJHIFFAA27CC,南海段二小段,.00,都市：住
RPSPMLNLJHIFFAA27CC,南海段二小段,.00,都市：商
RPQOMLOLJHIFFCA27CC,榮星段三小段,70.14,都市：商
RPOPMLOLJHIFFCA17CC,長春段二小段,2045.00,都市：住
RPRPMLOLJHIFFCA47CC,長春段一小段,1557.00,都市：商
RPTPMLOLJHIFFCA67CC,吉林段五小段,1524.00,都市：商
RPWPMLOLJHIFFCA97CC,中山段二小段,562.00,都市：住
RPUQMLOLJHIFFCA87CC,東湖段五小段,38.26,都市：其他
RPUQMLOLJHIFFCA87CC,東湖段五小段,.10,都市：其他
RPPQMLOLJHIFFCA37CC,中山段四小段,.00,非都市： ; 非都市編定：
RPWRMLOLJHIFFCA18CC,東湖段八小段,.00,都市：住
RPOQMLOLJHIFFCA27CC,長春段一小段,93.00,都市：商
RPSNMLOLJHIFFFA77DC,通化段四小段,.00,非都市： ; 非都市編定：
RPPOMLOLJHIFFFA47CC,復興段一小段,.00,都市：住
RPOQMLOLJHIFFFA57CC,懷生段一小段,.00,都市：住
RPUNMLOLJHIFFDA67CC,西松段二小段,.00,都市：住
RPSPMLOLJHIFFDA67CC,中南段一小段,.00,都市：住
RPXPMLOLJHIFFDA18CC,三興段一小段,.00,都市：商
RPRQMLOLJHIFFDA67CC,逸仙段三小段,.00,都市：住
RPRQMLOLJHIFFDA67CC,逸仙段三小段,.00,都市：商
RPQPMLOLJHIFFDA47CC,雅祥段一小段,.00,都市：商
RPQPMLOLJHIFFDA47CC,雅祥段一小段,.00,都市：住
RPOOMLPLJHIFFDA27CC,延吉段一小段,.00,都市：商
RPQOMLOLJHIFFBA17CC,城中段二小段,.00,都市：商
RPOOMLPLJHIFFDA27CC,延吉段一小段,.00,都市：商
RPQOMLOLJHIFFBA17CC,城中段二小段,.00,都市：商
RPOOMLPLJHIFFDA27CC,延吉段一小段,.00,都市：住
RPSNMLPLJHIFFBA37CC,大龍段二小段,.00,都市：住
RPROMLPLJHIFFDA57CC,祥和段三小段,.00,都市：住
RPQNMLOLJHIFFBA07CC,公園段三小段,.00,都市：商
RPQNMLOLJHIFFBA07CC,公園段三小段,.00,都市：商
RPTOMLOLJHIFFBA47CC,公園段三小段,.00,都市：商
RPTOMLOLJHIFFBA47CC,公園段三小段,.00,都市：商
RPWOMLPLJHIFFDA08CC,逸仙段三小段,.00,都市：住
RPWPMLPLJHIFFDA18CC,寶清段四小段,.00,都市：其他
RPVQMLPLJHIFFDA18CC,福德段三小段,.00,都市：住
RPXOMLPLJHIFFDA18CC,逸仙段三小段,.00,非都市： ; 非都市編定：
RPXOMLPLJHIFFDA18CC,逸仙段三小段,.00,非都市： ; 非都市編定：
RPXOMLPLJHIFFDA18CC,逸仙段三小段,.00,非都市： ; 非都市編定：
RPXNMLPLJHIFFCA97CC,吉林段二小段,.00,都市：住
RPTOMLPLJHIFFCA67CC,吉林段五小段,.00,都市：住
RPQOMLPLJHIFFCA37CC,正義段三小段,.00,都市：住
RPXOMLPLJHIFFCA08CC,榮星段六小段,.00,都市：住
RPXOMLPLJHIFFCA08CC,榮星段六小段,.00,都市：住
RPSNMLPLJHIFFCA47CC,中山段三小段,.00,都市：住
RPSOMLPLJHIFFCA57CC,康寧段四小段,.00,都市：住
RPSOMLPLJHIFFCA57CC,康寧段四小段,.00,都市：住
RPVOMLPLJHIFFCA87CC,中山段一小段,.00,都市：商
RPQPMLPLJHIFFCA47CC,北安段三小段,.00,都市：商
RPUOMLPLJHIFFCA77CC,中山段三小段,.00,都市：商
RPPSMLPLJHIFFCA67CC,長安段一小段,.00,都市：住
RPUSMLPLJHIFFCA18CC,正義段一小段,.00,都市：商
RPTTMLPLJHIFFCA18CC,正義段三小段,.00,都市：商
RPROMLPLJHIFFEA67CC,三玉段二小段,.00,都市：住
RPTOMLPLJHIFFEA87CC,三玉段三小段,.00,都市：住
RPUOMLPLJHIFFEA97CC,天母段一小段,.00,都市：住
RPUPMLPLJHIFFEA08CC,福林段三小段,.00,都市：住
RPTOMLPLJHIFFFA97CC,金華段三小段,318.00,都市：商
RPSOMLPLJHIFFFA87CC,龍泉段一小段,.00,都市：住
RPVOMLPLJHIFFFA18CC,龍泉段二小段,.00,都市：住
RPRPMLPLJHIFFFA87CC,金華段二小段,.00,都市：商
RPUNMLPLJHIFFFA97CC,復興段二小段,.00,都市：住
RPPOMLPLJHIFFFA57CC,復興段三小段,.00,都市：其他
RPQQMLPLJHIFFEA77CC,三玉段四小段,.00,都市：住
RPWPMLPLJHIFFEA28CC,三玉段五小段,.00,都市：住
RPSQMLPLJHIFFEA97CC,三玉段二小段,.00,都市：住
RPSQMLPLJHIFFEA97CC,三玉段二小段,.00,都市：住
RPTOMLPLJHIFFAA47CC,萬隆段二小段,.00,都市：住
RPSRMLPLJHIFFEA08CC,三玉段三小段,.00,都市：住
RPRRMLPLJHIFFEA97CC,崇仰段四小段,.00,都市：住
RPRPMLPLJHIFFAA37CC,華興段一小段,.00,都市：商
RPRPMLPLJHIFFAA37CC,華興段一小段,.00,都市：商
RPWRMLPLJHIFFEA48CC,行義段三小段,.00,都市：住
RPRQMLPLJHIFFEA97DC,天母段一小段,66.02,都市：住
RPQNMLQLJHIFFAA17CC,實踐段二小段,.00,都市：商
RPTPMLPLJHIFFDA97DC,延吉段一小段,185.00,都市：住
RPTNMLQLJHIFFCA67CC,中山段四小段,.00,都市：商
RPRNMLQLJHIFFDA57CC,雅祥段三小段,.00,都市：商
RPVOMLSLJHIFFDA28CC,永吉段二小段,.00,都市：住
RPQPMLSLJHIFFBA67CC,臨沂段二小段,.00,非都市： ; 非都市編定：
RPXOMLSLJHIFFCA38CC,西湖段二小段,.00,都市：工
RPOPMLSLJHIFFFA97DC,仁愛段四小段,30.70,都市：商
RPOPMLSLJHIFFFA97DC,仁愛段四小段,10.46,都市：住
RPOPMLSLJHIFFFA97DC,仁愛段四小段,12.08,都市：住
RPORMLSLJHIFFCA77CC,德惠段四小段,.00,非都市： ; 非都市編定：
RPQNMLSLJHIFFFA87CC,復興段一小段,.00,都市：住
RPUQMLSLJHIFFDA38CC,信義段三小段,8.25,都市：其他
RPXPMLSLJHIFFDA58CC,信義段五小段,.00,都市：住
RPXPMLSLJHIFFDA58CC,信義段五小段,.00,都市：住
RPSNMLSLJHIFFFA08CC,復興段三小段,.00,都市：其他
RPVNMLSLJHIFFFA38CC,通化段五小段,.00,都市：商
RPVNMLSLJHIFFFA38CC,通化段五小段,.00,都市：商
RPTRMLSLJHIFFDA38CC,福德段三小段,27.96,都市：商
RPSPMLSLJHIFFFA28CC,懷生段三小段,.00,都市：住
RPQNMLTLJHIFFFA97CC,龍泉段二小段,.00,都市：住
RPXNMLSLJHIFFEA58DC,三玉段二小段,42.25,都市：住
RPXPMLSLJHIFFEA68CC,芝蘭段一小段,.00,非都市： ; 非都市編定：
RPPOMLSLJHIFFEA87DC,行義段四小段,24.40,都市：住
RPQPMLTLJHIFFFA18CC,復興段二小段,.00,非都市： ; 非都市編定：
RPQPMLTLJHIFFFA18CC,復興段二小段,.00,非都市： ; 非都市編定：
RPUOMLTLJHIFFEA38CC,蘭雅段二小段,.00,都市：商
RPXRMLTLJHIFFEA98CC,振興段一小段,.00,都市：住
RPQQMLTLJHIFFCA97CC,長安段二小段,.00,都市：住
RPOPMLTLJHIFFCA67CC,金泰段,.00,都市：商
RPRQMLTLJHIFFCA08CC,潭美段五小段,46.73,都市：商
RPTQMLTLJHIFFCA28CC,正義段三小段,.00,都市：商
RPUQMLTLJHIFFCA38CC,西湖段四小段,7.70,都市：其他
RPWQMLTLJHIFFCA58CC,長安段二小段,.00,都市：商
RPSSMLTLJHIFFCA38CC,文德段五小段,.00,都市：住
RPSNMLTLJHIFFCA97DC,西湖段四小段,.00,都市：其他
RPOSMLTLJHIFFCA97CC,文德段五小段,.00,都市：其他
RPRRMLTLJHIFFCA18CC,長安段三小段,.00,都市：商
RPPSMLTLJHIFFCA08CC,舊宗段,.00,都市：商
RPRPMLTLJHIFFDA08CC,敦化段一小段,.00,都市：住
RPOPMLTLJHIFFDA77CC,中南段二小段,.00,都市：住
RPXOMLTLJHIFFDA58CC,敦化段二小段,.00,都市：商
RPXOMLTLJHIFFDA58CC,敦化段二小段,.00,都市：商
RPWNMLTLJHIFFDA38CC,雅祥段四小段,27.36,都市：商
RPWNMLTLJHIFFDA38CC,雅祥段四小段,11.47,都市：住
RPQNMLKMJHIFFDA96CC,信義段五小段,.00,都市：住
RPTOMLTLJHIFFDA18CC,敦化段一小段,.00,都市：其他
RPPPMLTLJHIFFDA87CC,三興段三小段,.00,都市：住
RPPPMLTLJHIFFDA87CC,三興段三小段,.00,都市：商
RPTNMLKMJHIFFAA96CC,南海段二小段,.00,非都市： ; 非都市編定：
RPTNMLKMJHIFFAA96CC,南海段二小段,.00,非都市： ; 非都市編定：
RPWPMLKMJHIFFAA47CC,河堤段一小段,.00,都市：住
RPUSMLKMJHIFFCA77CC,西湖段四小段,3248.83,都市：工
RPQPMLKMJHIFFCA07CC,吉林段四小段,.00,都市：商
RPSOMLKMJHIFFDA27CC,美仁段一小段,.00,都市：住
RPSOMLKMJHIFFDA27CC,美仁段一小段,.00,都市：住
RPWPMLKMJHIFFCA67CC,北安段三小段,.00,都市：住
RPUNMLKMJHIFFBA17CC,臨沂段一小段,.00,都市：其他
RPUNMLKMJHIFFBA17CC,臨沂段一小段,.00,都市：其他
RPOPMLKMJHIFFBA76CC,雙連段三小段,.00,都市：商
RPOOMLKMJHIFFBA66CC,公園段三小段,.00,都市：商
RPSOMLKMJHIFFFA47CC,金華段三小段,13.10,都市：商
RPQOMLKMJHIFFFA27CC,仁愛段三小段,.00,都市：住
RPVNMLKMJHIFFFA67CC,仁愛段四小段,.00,都市：商
RPVNMLKMJHIFFFA67CC,仁愛段四小段,.00,都市：住
RPWOMLKMJHIFFFA87CC,復興段三小段,.00,都市：其他
RPQPMLKMJHIFFDA17CC,三興段一小段,.00,都市：住
RPRNMLLMJHIFFCA17DC,中山段二小段,.00,非都市： ; 非都市編定：
RPTPMLLMJHIFFCA47CC,中山段一小段,97.00,都市：其他
RPRPMLLMJHIFFCA27CC,德惠段四小段,342.00,都市：商
RPRPMLLMJHIFFCA27CC,德惠段四小段,114.00,都市：商
RPORMLLMJHIFFCA17CC,長春段二小段,.00,都市：商
RPRQMLLMJHIFFEA67DC,陽明段二小段,205.00,都市：商
RPRQMLLMJHIFFEA67DC,陽明段二小段,677.00,都市：商
RPTQMLLMJHIFFEA77CC,三玉段三小段,.00,都市：住
RPPOMLLMJHIFFBA86CC,臨沂段四小段,.00,都市：住
RPOOMLLMJHIFFBA76CC,臨沂段四小段,.00,都市：住
RPOOMLLMJHIFFDA96CC,三興段三小段,.00,都市：商
RPXOMLLMJHIFFBA67CC,市府段一小段,.00,非都市： ; 非都市編定：
RPWOMLLMJHIFFBA57CC,城中段一小段,.00,非都市： ; 非都市編定：
RPROMLLMJHIFFFA47CC,仁愛段六小段,.00,都市：商
RPOOMLLMJHIFFFA17CC,仁愛段二小段,.00,都市：住
RPQOMLLMJHIFFFA37CC,仁愛段六小段,.00,都市：商
RPOOMLLMJHIFFFA17CC,仁愛段二小段,.00,都市：住
RPOOMLLMJHIFFFA17CC,仁愛段二小段,.00,都市：住
