﻿編號,屋齡,建物移轉面積平方公尺,主要用途,主要建材,建築完成日期,總層數,建物分層
The serial number,room age,building shifting area square meter,the main use,main building materials,construction completes the date,total layer,building lamination
RPVOMLMJJIHFFDH28DC,31,111.86,住家用,加強磚造,70年6月29日,二層,
RPUPMLLJJIHFFEH18CC,18,127.86,商業用,鋼筋混凝土造,83年5月3日,九層,
RPUNMLNJJIHFFBH87CC,19,141.22,住家用,鋼筋混凝土造,82年12月1日,七層,
RPQOMLLJJIHFFBH47DC,20,384.53,見其他登記事項,鋼筋混凝土造,81年12月23日,十七層,
RPRQMLMJJIHFFBH77CC,8,38.29,住家用,鋼筋混凝土造,94年3月1日,十四層,
RPRQMLMJJIHFFBH77CC,8,5.47,住家用,鋼筋混凝土造,94年3月1日,十四層,
RPRQMLMJJIHFFBH77CC,8,7.57,共有部份,鋼筋混凝土造,94年3月1日,十四層,
RPRQMLMJJIHFFBH77CC,8,.17,共有部份,鋼筋混凝土造,94年3月1日,十四層,
RPSOMLLJJIHFFBH67DC,22,25.28,工業用,鋼筋混凝土造,80年1月24日,六層,
RPUOMLMJJIHFFBH08EC,3,100.61,住家用,鋼筋混凝土造,98年6月29日,二十二層,
RPRQMLPJJIHFFBH18DC,20,72.63,住家用,鋼筋混凝土造,81年12月8日,五層,
RPROMLMJJIHFFBH77EC,13,576.45,見其他登記事項,鋼筋混凝土造,88年3月6日,六層,
RPTQMLPJJIHFFBH28CC,11,38.50,住家用,鋼筋混凝土造,90年7月16日,十四層,
RPVNMLPJJIHFFDH48DC,10,152.66,商業用,鋼筋混凝土造,92年2月19日,十三層,
RPOOMLPJJIHFFDH87DC,5,41.58,見其他登記事項,鋼筋混凝土造,97年2月29日,四層,
RPOOMLPJJIHFFDH87DC,5,44.66,見其他登記事項,鋼筋混凝土造,97年2月29日,四層,
RPWOMLPJJIHFFDH68DC,10,159.40,國民住宅,鋼筋混凝土造,91年7月3日,十三層,
RPPNMLMJJIHFFFH67CC,19,177.00,住家用,鋼筋混凝土造,82年5月17日,十五層,
RPVOMLPJJIHFFCH38CC,16,104.18,住家用,鋼筋混凝土造,86年1月30日,十四層,
RPVOMLPJJIHFFCH38CC,16,7.66,共有部份,鋼筋混凝土造,86年1月30日,十四層,
RPVOMLPJJIHFFCH38CC,16,.18,共有部份,鋼筋混凝土造,86年1月30日,十八層,
RPVOMLPJJIHFFCH38CC,16,40.33,共有部份,鋼筋混凝土造,86年1月30日,十八層,
RPVOMLPJJIHFFCH38CC,16,.05,共有部份,鋼筋混凝土造,86年1月30日,一層,
RPVOMLPJJIHFFCH38CC,16,3.24,見其他登記事項,鋼筋混凝土造,86年1月30日,十四層,
RPVOMLPJJIHFFCH38CC,15,.05,見其他登記事項,鋼筋混凝土造,86年6月26日,十五層,
RPPQMLPJJIHFFEH28DC,3,289.26,見其他登記事項,鋼筋混凝土造,98年6月3日,五層,
RPXNMLPJJIHFFFH78CC,19,74.02,住家用,鋼筋混凝土造,82年5月17日,十五層,
RPWRMLPJJIHFFAH58CC,15,30.13,住家用,鋼筋混凝土造,86年9月1日,十六層,
RPQRMLPJJIHFFAH97CC,19,174.28,住家用,鋼筋混凝土造,82年8月4日,三層,
RPQRMLPJJIHFFAH97CC,19,5.88,住家用,鋼筋混凝土造,82年8月4日,三層,
RPQOMLPJJIHFFAH87EC,21,184.02,見其他登記事項,鋼筋混凝土造,80年12月5日,十六層,
RPVOMLPJJIHFFAH38EC,1,72.30,住家用,鋼筋混凝土造,101年3月27日,十三層,
RPPQMLPJJIHFFAH97EC,9,55.66,住家用,鋼筋混凝土造,92年4月14日,十二層,
RPQSMLPJJIHFFAH08CC,14,95.37,住家用,鋼筋混凝土造,88年2月5日,十二層,
RPWSMLPJJIHFFAH68CC,10,24.10,住家用,鋼筋混凝土造,91年8月21日,五層,
RPOUMLPJJIHFFAH08CC,18,43.63,住家用,鋼筋混凝土造,84年4月19日,十九層,
RPUUMLPJJIHFFAH68CC,17,35.91,住家用,鋼筋混凝土造,85年4月12日,二十一層,
RPSTMLPJJIHFFAH38CC,7,85.41,住家用,鋼筋混凝土造,95年1月3日,十三層,
RPUVMLPJJIHFFAH78CC,15,68.92,住家用,鋼筋混凝土造,86年9月1日,十七層,
RPUVMLPJJIHFFAH78CC,15,6.51,住家用,鋼筋混凝土造,86年9月1日,十七層,
RPUVMLPJJIHFFAH78CC,15,1.69,住家用,鋼筋混凝土造,86年9月1日,十七層,
RPUVMLPJJIHFFAH78CC,15,2857.45,共有部份,鋼筋混凝土造,86年9月1日,十七層,
RPUVMLPJJIHFFAH78CC,15,1582.23,共有部份,鋼筋混凝土造,86年9月1日,十七層,
RPPOMLQJJIHFFDH08DC,24,96.70,工商用,鋼筋混凝土造,77年9月5日,三層,
RPQQMLQJJIHFFBH08CC,1,16.52,見其他登記事項,鋼筋混凝土造,100年7月15日,六層,
RPRQMLQJJIHFFBH18CC,1,16.52,見其他登記事項,鋼筋混凝土造,100年7月15日,六層,
RPVOMLPJJIHFFAH18CC,7,34.38,見其他登記事項,鋼筋混凝土造,95年1月25日,五層,
RPOSMLPJJIHFFAH87CC,9,42.31,住家用,鋼筋混凝土造,92年7月28日,十四層,
RPWNMLQJJIHFFAH28CC,5,56.41,住家用,鋼筋混凝土造,97年4月24日,十二層,
RPRTMLQJJIHFFAH38CC,5,64.06,住家用,鋼筋混凝土造,97年4月24日,十二層,
RPRTMLQJJIHFFAH38CC,5,27.89,共有部份,鋼筋混凝土造,97年4月24日,十三層,
RPPQMLQJJIHFFAH97DC,4,86.78,住家用,鋼筋混凝土造,97年5月2日,十一層,
RPTTMLQJJIHFFAH58CC,4,16.00,共有部份,鋼筋混凝土造,97年10月20日,十三層,
RPSPMLQJJIHFFAH08CC,7,148.09,住家用,鋼筋混凝土造,95年1月24日,十一層,
RPTTMLQJJIHFFAH58CC,4,14.21,共有部份,鋼筋混凝土造,97年10月20日,十四層,
RPTTMLQJJIHFFAH58CC,4,80.67,商業用,鋼筋混凝土造,97年10月20日,十四層,
RPQTMLQJJIHFFAH38DC,27,115.44,住家用,鋼筋混凝土造,74年7月20日,五層,
RPWOMLQJJIHFFAH38CC,7,23.14,住家用,鋼筋混凝土造,95年1月17日,十二層,
RPVSMLQJJIHFFAH78DC,5,185.63,見其他登記事項,鋼筋混凝土造,97年2月22日,十二層,
RPTNMLQJJIHFFBH18DC,20,118.32,住家用,鋼筋混凝土造,81年12月8日,五層,
RPUPMLRJJIHFFBH48CC,3,49.23,見其他登記事項,鋼筋混凝土造,98年11月29日,三層,
RPQPMLRJJIHFFBH18DC,13,57.76,住家用,鋼筋混凝土造,88年9月14日,七層,
RPSPMLRJJIHFFBH28CC,5,186.62,住家用,鋼筋混凝土造,97年4月6日,二十二層,
RPVPMLRJJIHFFBH58CC,5,48.00,見其他登記事項,鋼筋混凝土造,96年7月16日,四層,
RPRPMLRJJIHFFBH28DC,5,132.72,住商用,鋼筋混凝土造,96年10月25日,八層,
RPXOMLRJJIHFFBH68CC,3,263.17,見其他登記事項,鋼筋混凝土造,98年4月30日,四層,
RPOPMLRJJIHFFBH87CC,25,136.62,見其他登記事項,加強磚造,76年12月28日,二層,
RPPPMLRJJIHFFBH97CC,15,26.42,住家用,鋼筋混凝土造,86年5月7日,七層,
RPPPMLRJJIHFFBH97CC,15,8.47,共有部份,鋼筋混凝土造,86年5月7日,七層,
RPPPMLRJJIHFFBH97CC,15,3.28,共有部份,鋼筋混凝土造,86年5月7日,七層,
RPUOMLRJJIHFFBH38CC,15,110.22,住家用,鋼筋混凝土造,86年10月30日,七層,
RPUOMLRJJIHFFBH38CC,15,26.97,共有部份,鋼筋混凝土造,86年10月30日,七層,
RPUOMLRJJIHFFBH38CC,15,.94,共有部份,鋼筋混凝土造,86年10月30日,七層,
RPWOMLRJJIHFFBH58CC,2,73.26,住家用,鋼筋混凝土造,99年9月17日,十三層,
RPWOMLRJJIHFFBH58CC,2,32.57,見其他登記事項,鋼筋混凝土造,99年9月17日,十三層,
RPUNMLRJJIHFFEH58CC,14,118.78,住家用,鋼筋混凝土造,87年6月29日,十四層,
RPQNMLRJJIHFFEH18CC,18,56.98,住家用,鋼筋混凝土造,84年4月15日,十三層,
RPQNMLRJJIHFFEH18CC,18,7.15,住家用,鋼筋混凝土造,84年4月15日,十三層,
RPQNMLRJJIHFFEH18CC,18,12.99,共有部份,鋼筋混凝土造,84年4月15日,十三層,
RPQNMLRJJIHFFEH18CC,18,2.24,共有部份,鋼筋混凝土造,84年4月15日,十三層,
RPWSMLSJJIHFFAH98CC,8,289.93,見其他登記事項,鋼筋混凝土造,94年1月30日,二層,
RPRNMLTJJIHFFBH28DC,3,154.97,住家用,鋼筋混凝土造,98年6月29日,二十二層,
RPRPMLRJJIHFFAH08CC,7,234.02,見其他登記事項,鋼筋混凝土造,94年10月13日,三層,
RPRPMLRJJIHFFAH08CC,7,26.84,共有部份,鋼筋混凝土造,94年10月13日,四層,
RPURMLSJJIHFFAH78DC,7,132.79,住商用,鋼筋混凝土造,94年4月25日,十五層,
RPURMLSJJIHFFAH78DC,7,21.33,見其他登記事項,鋼筋混凝土造,94年4月25日,十五層,
RPVNMLRJJIHFFAH28CC,26,102.54,住家用,鋼筋混凝土造,75年9月17日,五層,
RPVNMLRJJIHFFAH28CC,26,14.28,共有部份,鋼筋混凝土造,75年9月17日,五層,
RPVNMLRJJIHFFAH28CC,26,1.08,共有部份,鋼筋混凝土造,75年9月17日,五層,
RPWNMLSJJIHFFAH48CC,5,56.17,住家用,鋼筋混凝土造,97年4月24日,十二層,
RPWNMLSJJIHFFAH48CC,5,23.91,共有部份,鋼筋混凝土造,97年4月24日,十三層,
RPQSMLRJJIHFFAH28CC,31,172.68,住商用,鋼筋混凝土造,70年8月18日,四層,
RPWRMLSJJIHFFAH98DC,24,156.70,見其他登記事項,鋼筋混凝土造,77年7月7日,一層,
RPTSMLSJJIHFFAH78DC,5,101.53,見其他登記事項,鋼筋混凝土造,96年7月9日,七層,
RPTSMLSJJIHFFAH78DC,5,83.75,見其他登記事項,鋼筋混凝土造,96年7月9日,七層,
RPVNMLSJJIHFFEH88DC,4,89.76,住家用,鋼筋混凝土造,97年10月2日,十層,
RPXNMLTJJIHFFBH88DC,13,65.29,商業用,鋼筋混凝土造,89年5月29日,八層,
RPXNMLTJJIHFFBH88DC,13,23.22,商業用,鋼筋混凝土造,89年5月29日,八層,
RPXNMLTJJIHFFBH88DC,13,6.45,共有部份,鋼筋混凝土造,89年5月29日,八層,
RPXNMLTJJIHFFBH88DC,13,9.29,共有部份,鋼筋混凝土造,89年5月29日,八層,
RPUOMLTJJIHFFAH68EC,18,87.00,工業用,鋼筋混凝土造,84年1月24日,五層,
RPVOMLTJJIHFFAH78EC,20,45.26,住家用,鋼筋混凝土造,82年4月8日,七層,
RPVOMLTJJIHFFAH78EC,20,2597.20,住家用,鋼筋混凝土造,82年5月13日,七層,
RPVOMLTJJIHFFAH78EC,20,260.92,住家用,鋼筋混凝土造,82年5月13日,七層,
RPUOMLTJJIHFFAH48CC,18,88.88,住家用,鋼筋混凝土造,83年10月26日,十六層,
RPSQMLTJJIHFFAH48CC,27,75.96,見其他登記事項,鋼筋混凝土造,74年6月17日,五層,
RPSOMLTJJIHFFAH28CC,32,31.50,住家用,鋼筋混凝土造,69年8月26日,六層,
RPPOMLTJJIHFFAH97CC,19,100.91,住家用,鋼筋混凝土造,83年4月11日,十六層,
RPQNMLLKJIHFFAH27CC,14,172.59,住家用,鋼筋混凝土造,87年5月19日,十四層,
RPVPMLTJJIHFFAH68CC,3,52.99,住家用,鋼筋混凝土造,98年11月10日,十二層,
RPVOMLTJJIHFFAH58CC,28,83.74,住家用,鋼筋混凝土造,73年7月28日,五層,
RPUSMLMKJIHFFAH28CC,26,87.64,見其他登記事項,鋼筋混凝土造,75年6月25日,二層,
RPPTMLMKJIHFFAH87CC,19,72.55,住家用,鋼筋混凝土造,83年3月5日,八層,
RPWSMLMKJIHFFAH48CC,26,87.64,見其他登記事項,鋼筋混凝土造,75年6月25日,二層,
RPWRMLMKJIHFFAH38CC,17,35.09,住家用,鋼筋混凝土造,84年7月7日,七層,
RPWNMLMKJIHFFFH48CC,4,51.68,住家用,鋼筋混凝土造,97年4月25日,十五層,
RPTPMLNKJIHFFAH97CC,8,156.82,住家用,鋼筋混凝土造,92年9月4日,七層,
RPTPMLNKJIHFFAH97CC,8,20.48,共有部份,鋼筋混凝土造,92年9月4日,七層,
RPTPMLNKJIHFFAH97CC,8,20.66,共有部份,鋼筋混凝土造,92年9月4日,九層,
RPSTMLNKJIHFFAH28CC,2,114.41,住家用,鋼筋混凝土造,100年3月9日,十五層,
RPXPMLOKJIHFFAH48CC,3,300.46,商業用,鋼筋混凝土造,99年4月22日,二十五層,
RPWPMLOKJIHFFBH48CC,22,120.70,住家用,鋼筋混凝土造,80年2月6日,十二層,
RPRPMLNKJIHFFBH87CC,32,295.00,見其他登記事項,鋼筋混凝土造,70年1月28日,七層,
RPUPMLOKJIHFFBH28CC,13,30.60,見其他登記事項,鋼筋混凝土造,88年9月9日,八層,
RPWNMLOKJIHFFBH28CC,31,112.26,住家用,鋼筋混凝土造,71年2月27日,五層,
RPROMLMKJIHFFEH97CC,3,52.72,住家用,鋼筋混凝土造,98年6月30日,十二層,
RPUUMLNKJIHFFAH58CC,22,206.71,見其他登記事項,鋼筋混凝土造,79年11月16日,十二層,
RPUUMLNKJIHFFAH58CC,22,44.07,住家用,鋼筋混凝土造,79年12月14日,五層,
RPVPMLOKJIHFFEH68CC,2,121.73,住家用,鋼筋混凝土造,100年5月11日,十二層,
RPVPMLMKJIHFFEH48CC,5,81.17,住家用,鋼筋混凝土造,97年4月1日,十層,
RPVPMLMKJIHFFEH48CC,5,11.50,共有部份,鋼筋混凝土造,97年4月1日,十層,
RPVPMLMKJIHFFEH48CC,5,22.54,共有部份,鋼筋混凝土造,97年4月1日,十層,
RPQNMLSKJIHFFDH28CC,15,111.35,住家用,鋼筋混凝土造,86年12月24日,十三層,
RPRNMLOKJIHFFFH18CC,18,108.19,見其他登記事項,鋼筋混凝土造,84年1月25日,十三層,
RPUNMLQKJIHFFBH38DC,8,83.68,住家用,鋼筋混凝土造,93年9月24日,十三層,
RPUNMLRKJIHFFBH48DC,1,373.55,見其他登記事項,鋼筋混凝土造,101年3月22日,二十四層,
RPTNMLRKJIHFFBH38DC,1,373.55,見其他登記事項,鋼筋混凝土造,101年3月22日,二十四層,
RPVPMLTKJIHFFBH88CC,17,143.75,工業用,鋼筋混凝土造,84年10月17日,二層,
RPWOMLNKJIHFFAH28DC,10,50.06,住家用,鋼筋混凝土造,92年1月24日,九層,
RPSPMLNKJIHFFAH97DC,7,43.77,住家用,鋼筋混凝土造,94年11月10日,九層,
RPXNMLPKJIHFFAH38CC,19,115.97,住家用,鋼筋混凝土造,83年4月11日,十六層,
RPRSMLTKJIHFFAH68CC,12,183.67,住家用,鋼筋混凝土造,89年10月6日,十四層,
RPPNMLPKJIHFFGH18CC,24,147.38,住家用,鋼筋混凝土造,78年4月3日,二層,
RPTOMLKLJIHFFAH77DC,1,122.35,住家用,鋼筋混凝土造,100年11月7日,十五層,
RPURMLTKJIHFFAH98DC,8,105.46,住家用,鋼筋混凝土造,94年3月2日,十三層,
RPSOMLKLJIHFFDH97DC,16,184.67,住家用,鋼筋混凝土造,85年10月28日,四層,
RPQOMLTKJIHFFAH28DC,7,503.30,見其他登記事項,鋼筋混凝土造,94年10月31日,十三層,
RPQOMLTKJIHFFAH28DC,7,353.04,共有部份,鋼筋混凝土造,94年10月31日,十三層,
RPQOMLTKJIHFFAH28DC,7,557.70,見其他登記事項,鋼筋混凝土造,94年10月31日,十三層,
RPQOMLTKJIHFFAH28DC,7,313.81,共有部份,鋼筋混凝土造,94年10月31日,十三層,
RPQOMLTKJIHFFAH28DC,7,305.43,商業用,鋼筋混凝土造,94年10月31日,十三層,
RPQOMLTKJIHFFAH28DC,7,137.49,共有部份,鋼筋混凝土造,94年10月31日,十三層,
RPVPMLKLJIHFFBH18DC,29,89.19,住家用,鋼筋混凝土造,72年6月25日,五層,
RPOPMLTKJIHFFGH68CC,19,150.85,商業用,鋼筋混凝土造,82年8月19日,六層,
RPQNMLSKJIHFFGH58CC,13,122.55,住家用,鋼筋混凝土造,88年10月27日,七層,
RPVNMLKLJIHFFGH58EC,19,88.47,見其他登記事項,鋼筋混凝土造,82年8月10日,五層,
RPSNMLKLJIHFFGH18DC,8,58.05,住家用,鋼筋混凝土造,93年7月1日,十五層,
RPORMLLLJIHFFAH57CC,5,143.01,見其他登記事項,鋼筋混凝土造,96年10月4日,四層,
RPPNMLSKJIHFFGH48CC,39,108.17,住家用,加強磚造,63年2月11日,二層,
RPUQMLKLJIHFFBH18DC,1,373.55,見其他登記事項,鋼筋混凝土造,101年3月22日,二十四層,
RPSOMLKLJIHFFAH57CC,32,59.62,商業用,鋼筋混凝土造,69年10月7日,十二層,
RPXRMLKLJIHFFAH38CC,19,144.85,住家用,鋼筋混凝土造,83年4月11日,十三層,
RPTQMLKLJIHFFAH97DC,9,117.40,住家用,鋼筋混凝土造,92年9月18日,十四層,
RPSNMLMLJIHFFDH08DC,19,143.17,住家用,鋼筋混凝土造,82年7月24日,六層,
RPUOMLMLJIHFFAH97CC,7,85.41,住家用,鋼筋混凝土造,95年1月3日,十三層,
RPQPMLLLJIHFFBH77DC,18,14.87,工業用,鋼筋混凝土造,83年8月4日,七層,
RPPNMLMLJIHFFBH57DC,6,88.74,住商用,鋼筋混凝土造,96年4月30日,十四層,
RPTQMLLLJIHFFBH18DC,6,88.74,住商用,鋼筋混凝土造,96年4月30日,十四層,
RPUNMLMLJIHFFBH08DC,3,154.94,住家用,鋼筋混凝土造,98年6月29日,二十二層,
RPVOMLMLJIHFFAH08CC,17,27.41,住家用,鋼筋混凝土造,85年1月18日,十七層,
RPSOMLNLJIHFFBH08DC,24,130.98,住家用,加強磚造,78年2月1日,二層,
RPTNMLNLJIHFFCH08CC,32,66.00,住家用,鋼筋混凝土造,70年2月3日,四層,
RPTPMLTKJIHFFEH98CC,14,141.26,住家用,鋼筋混凝土造,87年6月29日,十四層,
RPPRMLLLJIHFFEH08CC,9,28.35,住家用,鋼筋混凝土造,92年7月28日,十四層,
RPSRMLLLJIHFFEH38CC,11,95.78,住家用,鋼筋混凝土造,90年8月1日,十四層,
RPTOMLNLJIHFFBH18DC,14,184.52,見其他登記事項,鋼筋混凝土造,87年7月1日,七層,
RPQPMLNLJIHFFEH18CC,6,95.26,住家用,鋼筋混凝土造,95年11月24日,十五層,
RPQPMLNLJIHFFEH18CC,6,11.42,住家用,鋼筋混凝土造,95年11月24日,十五層,
RPRQMLMLJIHFFAH87CC,22,110.12,住商用,鋼筋混凝土造,79年10月27日,六層,
RPWOMLMLJIHFFAH18CC,32,32.03,住家用,鋼筋混凝土造,69年8月26日,六層,
RPRPMLMLJIHFFAH77CC,26,51.24,住家用,鋼筋混凝土造,75年8月1日,二層,
RPRPMLMLJIHFFAH77CC,26,54.69,住家用,鋼筋混凝土造,75年8月1日,二層,
RPRPMLMLJIHFFAH77CC,26,6.30,住家用,鋼筋混凝土造,75年8月1日,二層,
RPRPMLMLJIHFFAH77CC,26,27.75,住家用,鋼筋混凝土造,75年8月1日,二層,
RPRPMLMLJIHFFAH77CC,26,3.17,住家用,鋼筋混凝土造,75年8月1日,二層,
RPRPMLMLJIHFFAH77CC,26,6.62,住家用,鋼筋混凝土造,75年8月1日,二層,
RPVOMLNLJIHFFBH38DC,5,87.62,商業用,鋼筋混凝土造,96年9月29日,十二層,
RPPNMLPLJIHFFFH18CC,19,59.83,見其他登記事項,鋼筋混凝土造,82年10月20日,十三層,
RPQNMLPLJIHFFBH87CC,12,108.42,住家用,鋼筋混凝土造,90年1月15日,十層,
RPSNMLPLJIHFFBH08CC,11,168.78,住家用,鋼筋混凝土造,91年4月4日,十四層,
RPUNMLPLJIHFFBH28CC,11,58.34,住家用,鋼筋混凝土造,91年4月4日,九層,
RPTNMLPLJIHFFBH18CC,11,113.97,住家用,鋼筋混凝土造,91年4月4日,十四層,
RPVNMLPLJIHFFBH38CC,11,134.42,住家用,鋼筋混凝土造,91年4月4日,十四層,
RPPNMLPLJIHFFAH67CC,11,67.90,住家用,鋼骨鋼筋混凝土造,90年11月29日,十七層,
RPPNMLPLJIHFFAH67CC,11,5.35,共有部份,鋼骨鋼筋混凝土造,90年11月29日,二十層,
RPPNMLPLJIHFFAH67CC,11,12.54,共有部份,鋼骨鋼筋混凝土造,90年11月29日,二十層,
RPRNMLPLJIHFFAH87CC,19,100.27,商業用,鋼筋混凝土造,82年6月30日,八層,
RPPNMLQLJIHFFAH77CC,9,93.50,住家用,鋼筋混凝土造,92年7月28日,十四層,
RPOSMLQLJIHFFAH18CC,20,60.06,住家用,鋼筋混凝土造,82年1月18日,五層,
RPUPMLQLJIHFFAH48CC,19,75.40,住家用,鋼筋混凝土造,83年4月11日,十六層,
RPQNMLPLJIHFFAH77CC,8,190.26,住家用,鋼筋混凝土造,93年12月31日,十四層,
RPUQMLQLJIHFFAH58CC,41,149.88,住商用,加強磚造,61年1月10日,二層,
RPQSMLQLJIHFFAH38CC,31,91.97,見其他登記事項,鋼筋混凝土造,71年5月18日,五層,
RPORMLQLJIHFFBH18CC,25,152.10,住家用,加強磚造,77年3月21日,三層,
RPORMLQLJIHFFBH18CC,25,152.10,住家用,加強磚造,77年3月21日,二層,
RPVOMLQLJIHFFDH88DC,14,198.51,見其他登記事項,鋼筋混凝土造,87年8月7日,五層,
RPTOMLQLJIHFFDH68DC,18,169.89,見其他登記事項,鋼筋混凝土造,83年12月5日,八層,
RPUOMLQLJIHFFDH78DC,17,165.59,住家用,鋼筋混凝土造,84年7月18日,三層,
RPVOMLRLJIHFFFH09CC,14,124.94,住家用,鋼骨鋼筋混凝土造,87年7月29日,十九層,
RPXNMLRLJIHFFEH09CC,6,115.27,住家用,鋼筋混凝土造,95年11月24日,十五層,
RPPOMLRLJIHFFEH38CC,15,85.83,住家用,鋼筋混凝土造,87年5月1日,九層,
RPWNMLRLJIHFFEH98CC,20,90.63,住家用,鋼筋混凝土造,82年3月25日,五層,
RPUQMLRLJIHFFAH68CC,22,114.07,住家用,鋼筋混凝土造,80年1月19日,五層,
RPTPMLSLJIHFFAH58CC,18,67.58,見其他登記事項,鋼筋混凝土造,84年4月14日,十七層,
RPQSMLRLJIHFFAH48CC,7,159.47,住商用,鋼筋混凝土造,94年12月1日,十二層,
RPOSMLRLJIHFFAH38DC,3,158.53,住家用,鋼筋混凝土造,99年5月20日,十四層,
RPWRMLRLJIHFFAH09DC,12,113.95,住家用,鋼筋混凝土造,89年12月13日,九層,
RPWRMLRLJIHFFAH09DC,12,33.06,共有部份,鋼筋混凝土造,89年12月13日,九層,
RPWRMLRLJIHFFAH09DC,12,16.59,共有部份,鋼筋混凝土造,89年12月13日,九層,
RPPSMLRLJIHFFAH48DC,8,105.15,住家用,鋼筋混凝土造,94年3月2日,十三層,
RPPSMLRLJIHFFAH48DC,8,23.95,見其他登記事項,鋼筋混凝土造,94年3月2日,十三層,
RPUPMLRLJIHFFAH78EC,13,92.68,國民住宅,鋼筋混凝土造,88年8月20日,十二層,
RPUPMLRLJIHFFAH78EC,13,37.59,共有部份,鋼筋混凝土造,88年8月20日,十二層,
RPUPMLRLJIHFFAH78EC,13,15.13,共有部份,鋼筋混凝土造,88年8月20日,十二層,
RPTQMLSLJIHFFAH68CC,4,58.84,見其他登記事項,鋼筋混凝土造,97年10月6日,五層,
RPTQMLSLJIHFFAH68CC,4,4.79,共有部份,鋼筋混凝土造,97年10月6日,五層,
RPTQMLSLJIHFFAH68CC,4,75.29,共有部份,鋼筋混凝土造,97年10月6日,五層,
RPWSMLSLJIHFFAH56CC,8,154.87,住家用,鋼筋混凝土造,93年7月27日,十四層,
RPQQMLSLJIHFFAH38CC,4,67.98,見其他登記事項,鋼筋混凝土造,97年10月6日,五層,
RPQQMLSLJIHFFAH38CC,4,4.79,共有部份,鋼筋混凝土造,97年10月6日,五層,
RPQQMLSLJIHFFAH38CC,4,75.29,共有部份,鋼筋混凝土造,97年10月6日,五層,
RPPOMLSLJIHFFGH68CC,18,100.35,住家用,鋼筋混凝土造,84年4月1日,十二層,
RPPOMLSLJIHFFGH68CC,18,26.41,共有部份,鋼筋混凝土造,84年4月1日,十二層,
RPTNMLSLJIHFFAH48DC,33,130.30,住商用,鋼筋混凝土造,69年1月10日,五層,
RPSPMLSLJIHFFEH88CC,1,218.00,見其他登記事項,鋼筋混凝土造,101年2月17日,四層,
RPSPMLSLJIHFFEH88CC,1,153.76,共有部份,鋼筋混凝土造,101年2月17日,四層,
RPSPMLSLJIHFFEH88CC,1,213.39,見其他登記事項,鋼筋混凝土造,101年2月17日,四層,
RPSPMLSLJIHFFEH88CC,1,213.39,見其他登記事項,鋼筋混凝土造,101年2月17日,四層,
RPSPMLSLJIHFFEH88CC,1,213.39,見其他登記事項,鋼筋混凝土造,101年2月17日,四層,
RPRQMLTLJIHFFEH98CC,17,43.96,住家用,鋼筋混凝土造,84年9月25日,二十層,
RPUQMLTLJIHFFEH66CC,19,36.99,住家用,鋼筋混凝土造,82年9月21日,十二層,
RPVQMLTLJIHFFEH76CC,17,96.23,住家用,鋼筋混凝土造,84年12月7日,八層,
RPVOMLSLJIHFFBH78CC,21,122.00,住家用,鋼筋混凝土造,81年1月29日,十二層,
RPWQMLTLJIHFFAH09CC,17,112.60,商業用,鋼筋混凝土造,84年7月14日,十三層,
RPXNMLSLJIHFFDH56DC,18,132.73,住家用,鋼筋混凝土造,84年3月22日,三層,
RPWNMLKMJIHFFAH97CC,18,40.76,住家用,鋼筋混凝土造,84年4月19日,十九層,
RPSPMLKMJIHFFGH38CC,2,40.00,見其他登記事項,鋼筋混凝土造,99年12月22日,五層,
RPOOMLKMJIHFFAH27CC,9,34.55,住家用,鋼筋混凝土造,92年7月28日,十四層,
RPOOMLKMJIHFFBH47DC,19,88.85,商業用,鋼筋混凝土造,82年8月18日,七層,
RPUNMLKMJIHFFBH97DC,15,153.06,商業用,鋼筋混凝土造,87年5月13日,十四層,
RPUOMLSLJIHFFFH66EC,1,72.00,見其他登記事項,鋼筋混凝土造,100年11月17日,十二層,
RPUOMLSLJIHFFFH66EC,1,16.73,見其他登記事項,鋼筋混凝土造,100年11月17日,十二層,
RPUOMLSLJIHFFFH66EC,1,15.24,見其他登記事項,鋼筋混凝土造,100年11月17日,十二層,
RPVOMLSLJIHFFFH76EC,22,219.59,見其他登記事項,鋼筋混凝土造,79年9月24日,四層,
RPVOMLSLJIHFFFH76EC,22,55.91,共有部份,鋼筋混凝土造,79年9月24日,四層,
RPTOMLKMJIHFFFH48EC,1,92.61,住家用,鋼筋混凝土造,100年10月24日,十四層,
RPTOMLKMJIHFFFH48EC,1,43.91,見其他登記事項,鋼筋混凝土造,100年10月24日,十四層,
RPTOMLKMJIHFFFH48EC,1,20.09,見其他登記事項,鋼筋混凝土造,100年10月24日,十四層,
RPTOMLKMJIHFFEH28DC,19,139.65,工業用,鋼筋混凝土造,82年11月29日,十層,
RPXNMLKMJIHFFEH68EC,5,265.96,見其他登記事項,鋼筋混凝土造,97年1月29日,五層,
RPOOMLLJKIHFFAH17CC,5,50.66,住家用,鋼筋混凝土造,97年4月24日,十二層,
RPVPMLNJKIHFFAH18CC,14,126.36,商業用,鋼筋混凝土造,88年1月28日,八層,
RPVPMLNJKIHFFAH18CC,14,17.10,共有部份,鋼筋混凝土造,88年1月28日,九層,
RPVPMLNJKIHFFAH18CC,14,13.79,共有部份,鋼筋混凝土造,88年1月28日,九層,
RPPQMLNJKIHFFAH67CC,3,141.26,住家用,鋼筋混凝土造,98年10月30日,十二層,
RPPQMLNJKIHFFAH67CC,3,81.71,見其他登記事項,鋼筋混凝土造,98年10月30日,十二層,
RPQNMLNJKIHFFCH67CC,44,39.55,住家用,見其他登記事項,58年6月1日,一層,
RPTNMLNJKIHFFFH28CC,17,83.18,住家用,鋼筋混凝土造,84年7月10日,八層,
RPTNMLNJKIHFFFH28CC,17,21.06,住家用,鋼筋混凝土造,84年7月10日,八層,
RPOPMLNJKIHFFFH97CC,22,176.43,見其他登記事項,鋼筋混凝土造,79年8月13日,四層,
RPSNMLNJKIHFFDH97CC,30,74.76,住家用,鋼筋混凝土造,71年5月27日,四層,
RPRNMLNJKIHFFDH08EC,30,16.53,住家用,鋼筋混凝土造,71年5月27日,四層,
RPSNMLNJKIHFFDH18EC,16,184.67,住家用,鋼筋混凝土造,85年10月28日,四層,
RPOSMLSLJIHFFBH48CC,23,110.02,住家用,鋼筋混凝土造,78年6月13日,五層,
RPOSMLSLJIHFFBH48CC,23,5.42,共有部份,鋼筋混凝土造,78年6月13日,五層,
RPQNMLNJKIHFFBH77EC,19,139.17,住家用,鋼筋混凝土造,82年10月18日,七層,
RPPRMLSLJIHFFBH58DC,32,810.00,工業用,鋼造,69年11月5日,見其他登記事項,
RPPRMLSLJIHFFBH58DC,32,937.44,工業用,鋼筋混凝土造,69年11月5日,二層,
RPXSMLSLJIHFFBH76CC,1,69.01,見其他登記事項,鋼筋混凝土造,100年6月28日,十五層,
RPXSMLSLJIHFFBH76CC,1,34.08,見其他登記事項,鋼筋混凝土造,100年6月28日,十五層,
RPXSMLSLJIHFFBH76CC,1,12.47,見其他登記事項,鋼筋混凝土造,100年6月28日,十五層,
RPPNMLNJKIHFFBH67EC,6,249.56,見其他登記事項,鋼筋混凝土造,95年7月13日,四層,
RPPNMLNJKIHFFBH67EC,6,87.17,共有部份,鋼筋混凝土造,95年7月13日,四層,
RPVPMLNJKIHFFBH28CC,32,78.75,住家用,鋼筋混凝土造,70年2月11日,四層,
RPRNMLLJKIHFFEH77CC,15,142.12,住家用,鋼筋混凝土造,87年5月15日,十三層,
RPTNMLLJKIHFFEH97CC,14,142.49,住家用,鋼筋混凝土造,87年6月29日,十四層,
RPOSMLOJKIHFFAH97DC,16,66.54,住家用,鋼筋混凝土造,85年7月13日,十五層,
RPXPMLNJKIHFFAH48DC,14,79.69,住家用,鋼筋混凝土造,87年12月24日,十四層,
RPQOMLNJKIHFFAH67DC,18,126.29,住家用,鋼筋混凝土造,84年1月18日,十六層,
RPOQMLNJKIHFFBH77DC,6,41.91,住家用,鋼筋混凝土造,96年3月1日,十五層,
RPTOMLNJKIHFFEH38DC,4,130.62,住家用,鋼筋混凝土造,97年7月14日,十五層,
RPTOMLNJKIHFFEH38DC,4,21.70,共有部份,鋼筋混凝土造,97年7月14日,二十六層,
RPTOMLNJKIHFFEH38DC,4,24.59,共有部份,鋼筋混凝土造,97年7月14日,十五層,
RPUNMLOJKIHFFEH48DC,4,130.62,住家用,鋼筋混凝土造,97年7月14日,十五層,
RPVOMLNJKIHFFEH58DC,4,130.62,住家用,鋼筋混凝土造,97年7月14日,十五層,
RPVOMLNJKIHFFEH58DC,4,21.70,共有部份,鋼筋混凝土造,97年7月14日,二十六層,
RPVOMLNJKIHFFEH58DC,4,24.59,共有部份,鋼筋混凝土造,97年7月14日,十五層,
RPTNMLOJKIHFFEH38DC,4,130.62,住家用,鋼筋混凝土造,97年7月14日,十五層,
RPTNMLOJKIHFFEH38DC,4,21.70,共有部份,鋼筋混凝土造,97年7月14日,二十六層,
RPTNMLOJKIHFFEH38DC,4,24.59,共有部份,鋼筋混凝土造,97年7月14日,十五層,
RPOPMLOJKIHFFBH77DC,16,124.59,商業用,鋼筋混凝土造,86年2月27日,十七層,
RPWOMLNJKIHFFEH68DC,4,130.62,住家用,鋼筋混凝土造,97年7月14日,十五層,
RPWOMLNJKIHFFEH68DC,4,21.70,共有部份,鋼筋混凝土造,97年7月14日,二十六層,
RPWOMLNJKIHFFEH68DC,4,24.59,共有部份,鋼筋混凝土造,97年7月14日,十五層,
RPSOMLNJKIHFFEH28DC,4,130.62,住家用,鋼筋混凝土造,97年7月14日,十五層,
RPSOMLNJKIHFFEH28DC,4,21.07,共有部份,鋼筋混凝土造,97年7月14日,二十六層,
RPSOMLNJKIHFFEH28DC,4,24.59,共有部份,鋼筋混凝土造,97年7月14日,十五層,
RPQPMLOJKIHFFCH97CC,15,86.45,住家用,鋼筋混凝土造,86年6月26日,十二層,
RPQPMLOJKIHFFCH97CC,15,4.53,共有部份,鋼筋混凝土造,86年6月26日,十二層,
RPQPMLOJKIHFFCH97CC,15,.91,共有部份,鋼筋混凝土造,86年6月26日,十四層,
RPQPMLOJKIHFFCH97CC,15,37.05,見其他登記事項,鋼筋混凝土造,86年6月26日,十八層,
RPQPMLOJKIHFFCH97CC,15,.05,共有部份,鋼筋混凝土造,86年6月26日,一層,
RPQPMLOJKIHFFCH97CC,15,2.94,見其他登記事項,鋼筋混凝土造,86年6月26日,十五層,
RPQPMLOJKIHFFCH97CC,16,.05,見其他登記事項,鋼筋混凝土造,86年1月30日,十四層,
RPROMLPJKIHFFCH08CC,15,105.83,住家用,鋼筋混凝土造,86年6月26日,十二層,
RPROMLPJKIHFFCH08CC,15,6.80,共有部份,鋼筋混凝土造,86年6月26日,十二層,
RPROMLPJKIHFFCH08CC,15,1.11,共有部份,鋼筋混凝土造,86年6月26日,十四層,
RPROMLPJKIHFFCH08CC,15,11.63,見其他登記事項,鋼筋混凝土造,86年6月26日,十八層,
RPROMLPJKIHFFCH08CC,15,.06,共有部份,鋼筋混凝土造,86年6月26日,一層,
RPROMLPJKIHFFCH08CC,15,2.94,見其他登記事項,鋼筋混凝土造,86年6月26日,十五層,
RPROMLPJKIHFFCH08CC,16,.05,見其他登記事項,鋼筋混凝土造,86年1月30日,十四層,
RPUOMLPJKIHFFCH38CC,15,105.83,住家用,鋼筋混凝土造,86年6月26日,十二層,
RPUOMLPJKIHFFCH38CC,15,6.97,共有部份,鋼筋混凝土造,86年6月26日,十二層,
RPUOMLPJKIHFFCH38CC,15,1.12,共有部份,鋼筋混凝土造,86年6月26日,十四層,
RPUOMLPJKIHFFCH38CC,15,37.05,見其他登記事項,鋼筋混凝土造,86年6月26日,十八層,
RPUOMLPJKIHFFCH38CC,15,.06,共有部份,鋼筋混凝土造,86年6月26日,一層,
RPUOMLPJKIHFFCH38CC,15,.05,見其他登記事項,鋼筋混凝土造,86年6月26日,十五層,
RPUOMLPJKIHFFCH38CC,16,3.59,見其他登記事項,鋼筋混凝土造,86年1月30日,十四層,
RPSRMLPJKIHFFAH28CC,20,96.57,住家用,鋼筋混凝土造,81年12月30日,七層,
RPPOMLPJKIHFFBH77CC,6,127.38,住家用,鋼筋混凝土造,96年1月25日,十五層,
RPTOMLPJKIHFFBH18CC,12,136.40,住家用,鋼筋混凝土造,90年1月15日,十層,
RPOPMLPJKIHFFBH87DC,15,199.04,住商用,鋼筋混凝土造,87年1月9日,四層,
RPRNMLQJKIHFFEH28CC,21,1040.49,見其他登記事項,鋼筋混凝土造,81年3月14日,八層,
RPRNMLQJKIHFFEH28CC,21,179.93,共有部份,鋼筋混凝土造,81年3月14日,八層,
RPRNMLQJKIHFFEH28CC,21,135.87,共有部份,鋼筋混凝土造,81年3月14日,八層,
RPVPMLRJKIHFFEH98CC,17,36.67,住家用,鋼筋混凝土造,84年9月25日,二十層,
RPOQMLQJKIHFFAH97DC,8,66.45,住家用,鋼筋混凝土造,94年4月11日,七層,
RPTPMLRJKIHFFEH78CC,41,224.42,住家用,加強磚造,60年12月1日,二層,
RPQOMLPJKIHFFCH97CC,14,72.88,住家用,鋼筋混凝土造,86年6月26日,十二層,
RPQOMLPJKIHFFCH97CC,15,4.80,住商用,鋼筋混凝土造,86年1月30日,四層,
RPQOMLPJKIHFFCH97CC,14,.77,共有部份,鋼筋混凝土造,86年6月26日,十四層,
RPQOMLPJKIHFFCH97CC,14,11.33,見其他登記事項,鋼筋混凝土造,86年6月26日,十八層,
RPQOMLPJKIHFFCH97CC,14,.04,共有部份,鋼筋混凝土造,86年6月26日,一層,
RPQOMLPJKIHFFCH97CC,14,2.46,見其他登記事項,鋼筋混凝土造,86年6月26日,十五層,
RPQOMLPJKIHFFCH97CC,15,.05,見其他登記事項,鋼筋混凝土造,86年1月30日,十四層,
RPQOMLRJKIHFFAH97CC,15,56.69,商業用,鋼筋混凝土造,86年10月20日,十四層,
RPUQMLRJKIHFFAH68DC,22,205.41,見其他登記事項,鋼筋混凝土造,80年6月4日,四層,
RPTPMLRJKIHFFAH48DC,16,98.33,住家用,鋼筋混凝土造,86年2月4日,五層,
RPOPMLRJKIHFFEH38DC,33,64.30,住家用,加強磚造,68年7月4日,二層,
RPSNMLRJKIHFFDH48DC,5,162.03,見其他登記事項,鋼筋混凝土造,97年2月29日,四層,
RPVOMLQJKIHFFBH48CC,31,54.81,住家用,鋼筋混凝土造,70年6月17日,四層,
RPQOMLRJKIHFFFH58DC,13,157.81,國民住宅,鋼筋混凝土造,88年11月25日,十三層,
RPPPMLRJKIHFFBH08CC,19,100.23,住家用,鋼筋混凝土造,82年10月16日,七層,
RPSNMLRJKIHFFAH28EC,21,86.02,住家用,鋼筋混凝土造,80年6月10日,十三層,
RPSNMLRJKIHFFAH28EC,21,20.86,見其他登記事項,鋼筋混凝土造,80年6月10日,十三層,
RPWOMLQJKIHFFBH58CC,31,54.84,住家用,鋼筋混凝土造,70年6月17日,四層,
RPTNMLRJKIHFFAH38EC,17,99.28,住家用,鋼筋混凝土造,85年2月12日,五層,
RPTNMLRJKIHFFAH38EC,17,14.57,共有部份,鋼筋混凝土造,85年2月12日,五層,
RPTNMLRJKIHFFAH38EC,17,31.62,共有部份,鋼筋混凝土造,85年2月12日,五層,
RPTNMLRJKIHFFAH38EC,17,8.43,共有部份,鋼筋混凝土造,85年2月12日,五層,
RPVNMLSJKIHFFDH78CC,20,67.60,住家用,鋼筋混凝土造,82年3月3日,五層,
RPPQMLKKKIHFFAH57DC,28,87.78,住家用,鋼筋混凝土造,74年5月23日,三層,
RPPPMLKKKIHFFAH47DC,19,96.71,住家用,鋼筋混凝土造,83年3月11日,四層,
RPVQMLKKKIHFFAH18DC,1,90.70,住家用,鋼筋混凝土造,101年3月28日,十五層,
RPVOMLRJKIHFFEH09EC,17,123.09,商業用,鋼筋混凝土造,84年11月9日,八層,
RPVOMLRJKIHFFEH09EC,17,5.70,共有部份,鋼筋混凝土造,84年11月9日,八層,
RPVOMLRJKIHFFEH09EC,17,46.60,共有部份,鋼筋混凝土造,84年11月9日,八層,
RPQRMLKKKIHFFAH77DC,6,58.79,住家用,鋼筋混凝土造,95年9月10日,十四層,
RPSWMLLKKIHFFAH48CC,46,202.82,住家用,加強磚造,55年10月10日,三層,
RPRNMLLKKIHFFBH67DC,9,87.12,住家用,鋼筋混凝土造,92年7月15日,十三層,
RPPNMLKKKIHFFBH37DC,8,113.24,住商用,鋼筋混凝土造,94年5月19日,十一層,
RPRQMLKKKIHFFBH87DC,6,77.91,見其他登記事項,鋼筋混凝土造,96年4月30日,十四層,
RPTNMLSJKIHFFBH48DC,6,68.94,住家用,鋼筋混凝土造,96年3月1日,十五層,
RPSOMLKKKIHFFBH77DC,31,86.10,住家用,鋼筋混凝土造,71年2月27日,五層,
RPSNMLLKKIHFFBH77DC,9,87.12,住家用,鋼筋混凝土造,92年7月15日,十三層,
RPVNMLLKKIHFFBH97CC,39,96.38,住家用,加強磚造,62年7月20日,一層,
RPUQMLMKKIHFFAH18CC,17,79.56,住家用,鋼筋混凝土造,84年9月14日,十六層,
RPQOMLLKKIHFFBH57CC,1,16.52,見其他登記事項,鋼筋混凝土造,100年7月15日,六層,
RPQSMLMKKIHFFAH97CC,17,27.41,住家用,鋼筋混凝土造,85年1月18日,十七層,
RPWNMLLKKIHFFBH08CC,43,142.84,住商用,鋼筋混凝土造,59年5月22日,四層,
RPQVMLMKKIHFFAH28CC,3,234.10,見其他登記事項,鋼筋混凝土造,99年4月22日,二十五層,
RPQVMLMKKIHFFAH28CC,3,200.65,見其他登記事項,鋼筋混凝土造,99年4月22日,二十五層,
RPVNNLMKKIHFFAH08CC,4,134.21,住家用,鋼筋混凝土造,98年3月26日,十二層,
RPXNMLNKKIHFFGH98DC,17,111.48,住家用,鋼筋混凝土造,84年6月13日,七層,
RPWNMLNKKIHFFBH38DC,3,191.99,住家用,鋼筋混凝土造,98年6月29日,二十一層,
RPVNMLNKKIHFFFH58CC,19,147.94,見其他登記事項,鋼筋混凝土造,83年3月7日,七層,
RPVNMLNKKIHFFFH58CC,19,152.56,見其他登記事項,鋼筋混凝土造,83年3月7日,七層,
RPVNMLNKKIHFFFH58CC,19,217.00,商業用,鋼筋混凝土造,83年3月7日,七層,
RPVNMLNKKIHFFFH58CC,19,29.28,商業用,鋼筋混凝土造,83年3月7日,七層,
RPOPMLNKKIHFFBH77DC,6,156.65,見其他登記事項,鋼筋混凝土造,96年3月12日,五層,
RPVOMLNKKIHFFBH48EC,1,16.52,見其他登記事項,鋼筋混凝土造,100年7月15日,六層,
RPTOMLKKKIHFFBH87DC,31,86.10,住家用,鋼筋混凝土造,71年2月27日,五層,
RPUOMLNKKIHFFGH68CC,6,64.72,見其他登記事項,鋼筋混凝土造,95年10月18日,四層,
RPPPMLKKKIHFFBH57DC,15,2326.92,見其他登記事項,鋼筋混凝土造,87年1月13日,十四層,
RPPPMLKKKIHFFBH57DC,15,2326.92,見其他登記事項,鋼筋混凝土造,87年1月13日,十四層,
RPXPMLMKKIHFFBH58DC,3,191.99,住家用,鋼筋混凝土造,98年6月29日,二十一層,
RPSNMLOKKIHFFGH48CC,6,69.39,住家用,鋼筋混凝土造,95年7月16日,十三層,
RPSNMLOKKIHFFGH48CC,6,13.42,共有部份,鋼筋混凝土造,95年7月16日,十三層,
RPSNMLOKKIHFFGH48CC,6,14.23,共有部份,鋼筋混凝土造,95年7月16日,十三層,
RPOOMLOKKIHFFBH67CC,16,77.30,商業用,鋼筋混凝土造,85年8月29日,十三層,
RPOOMLOKKIHFFBH67CC,16,1.63,共有部份,鋼筋混凝土造,85年8月29日,十三層,
RPOOMLOKKIHFFBH67CC,16,12.53,共有部份,鋼筋混凝土造,85年8月29日,十三層,
RPPOMLOKKIHFFAH67CC,1,90.70,住家用,鋼筋混凝土造,101年3月28日,十五層,
RPWOMLOKKIHFFAH38CC,1,163.18,住家用,鋼筋混凝土造,101年3月28日,十五層,
RPUNMLRKKIHFFAH38CC,2,76.57,住家用,鋼筋混凝土造,100年3月9日,十五層,
RPUNMLRKKIHFFAH38CC,2,9.48,住家用,鋼筋混凝土造,100年3月9日,十五層,
RPUNMLRKKIHFFAH38CC,2,3.05,住家用,鋼筋混凝土造,100年3月9日,十五層,
RPUNMLRKKIHFFAH38CC,2,27729.51,見其他登記事項,鋼筋混凝土造,100年3月9日,十五層,
RPROMLRKKIHFFAH18CC,19,69.88,住家用,鋼筋混凝土造,82年10月15日,十三層,
RPROMLRKKIHFFAH18CC,19,20.59,住家用,鋼筋混凝土造,82年10月15日,十三層,
RPSOMLRKKIHFFCH48CC,15,281.41,住商用,鋼筋混凝土造,86年6月26日,四層,
RPSOMLRKKIHFFCH48CC,15,32.55,住商用,鋼筋混凝土造,86年6月26日,四層,
RPSOMLRKKIHFFCH48CC,15,.14,共有部份,鋼筋混凝土造,86年6月26日,一層,
RPSOMLRKKIHFFCH48CC,15,17.76,見其他登記事項,鋼筋混凝土造,86年6月26日,十五層,
RPSOMLRKKIHFFCH48CC,16,.05,見其他登記事項,鋼筋混凝土造,86年1月30日,十四層,
RPWNMLOKKIHFFFH78CC,17,124.63,住家用,鋼筋混凝土造,84年7月10日,七層,
RPQOMLOKKIHFFFH28CC,1,111.42,住家用,鋼筋混凝土造,100年11月18日,十三層,
RPQOMLOKKIHFFFH28CC,1,25.91,見其他登記事項,鋼筋混凝土造,100年11月18日,十三層,
RPQOMLOKKIHFFFH28CC,1,47.62,見其他登記事項,鋼筋混凝土造,100年11月18日,十三層,
RPQNMLRKKIHFFCH28DC,7,198.80,見其他登記事項,鋼筋混凝土造,94年10月12日,四層,
RPWNMLRKKIHFFBH68CC,12,30.88,住家用,鋼筋混凝土造,90年3月30日,五層,
RPRNMLRKKIHFFDH38CC,14,74.08,住家用,鋼筋混凝土造,88年4月7日,八層,
RPXNMLOKKIHFFBH48CC,18,76.03,商業用,鋼筋混凝土造,84年1月4日,十三層,
RPXNMLOKKIHFFBH48CC,18,5.45,共有部份,鋼筋混凝土造,84年1月4日,十三層,
RPUNMLOKKIHFFEH48CC,16,29.98,住家用,鋼筋混凝土造,86年1月22日,二十七層,
RPVOMLRKKIHFFBH78DC,1,217.69,見其他登記事項,鋼筋混凝土造,101年3月22日,二十四層,
RPWNMLNKKIHFFEH58CC,17,73.56,住家用,鋼筋混凝土造,85年5月28日,十二層,
RPWNMLNKKIHFFEH58CC,17,10.40,住家用,鋼筋混凝土造,85年5月28日,十二層,
RPWNMLNKKIHFFEH58CC,17,2.68,住家用,鋼筋混凝土造,85年5月28日,十二層,
RPSOMLSKKIHFFEH88DC,5,80.79,見其他登記事項,鋼筋混凝土造,97年4月1日,十層,
RPVOMLRKKIHFFEH09DC,8,116.16,住家用,鋼筋混凝土造,93年11月17日,十二層,
RPTOMLRKKIHFFEH78CC,1,91.14,住家用,鋼筋混凝土造,100年12月26日,十一層,
RPXOMLRKKIHFFEH76EC,14,135.37,住家用,鋼筋混凝土造,88年1月27日,十層,
RPOQMLRKKIHFFEH48CC,9,76.75,住家用,鋼筋混凝土造,93年3月25日,十四層,
RPPPMLRKKIHFFEH58DC,8,116.16,住家用,鋼筋混凝土造,93年11月17日,十二層,
RPUOMLRKKIHFFEH88CC,11,117.33,住家用,鋼筋混凝土造,90年10月3日,十三層,
RPVOMLSKKIHFFAH78DC,13,69.45,住家用,鋼筋混凝土造,89年6月14日,九層,
RPSQMLSKKIHFFAH68DC,9,98.60,住家用,鋼筋混凝土造,92年11月14日,十四層,
RPXOMLSKKIHFFAH88CC,13,83.16,商業用,鋼筋混凝土造,89年1月3日,八層,
RPWNMLTKKIHFFAH78CC,19,90.74,住家用,鋼筋混凝土造,82年8月23日,十二層,
RPRNMLSKKIHFFCH48DC,19,213.59,住商用,鋼筋混凝土造,82年9月6日,三層,
RPXNMLTKKIHFFAH88CC,9,53.89,住家用,鋼筋混凝土造,93年2月20日,八層,
RPPOMLTKKIHFFAH18CC,16,41.83,住家用,鋼筋混凝土造,85年7月13日,十一層,
RPPNMLSKKIHFFEH38CC,11,99.17,住家用,鋼筋混凝土造,91年5月23日,十七層,
RPTOMLTKKIHFFAH58CC,17,30.40,住家用,鋼筋混凝土造,85年1月18日,十七層,
RPSOMLTKKIHFFAH48CC,12,57.29,住家用,鋼筋混凝土造,89年8月31日,十四層,
RPWOMLTKKIHFFAH88CC,17,31.56,住家用,鋼筋混凝土造,84年8月8日,二十層,
RPSPMLTKKIHFFAH58CC,12,72.72,住家用,鋼筋混凝土造,89年12月5日,十二層,
RPSPMLTKKIHFFAH58CC,12,10.41,共有部份,鋼筋混凝土造,89年12月5日,十二層,
RPSPMLTKKIHFFAH58CC,12,11.98,共有部份,鋼筋混凝土造,89年12月5日,十二層,
RPTPMLTKKIHFFAH68CC,15,70.94,住家用,鋼筋混凝土造,87年1月21日,九層,
RPTPMLTKKIHFFAH68CC,15,9.26,共有部份,鋼筋混凝土造,87年1月21日,九層,
RPTPMLTKKIHFFAH68CC,15,15.12,共有部份,鋼筋混凝土造,87年1月21日,九層,
RPVOMLTKKIHFFAH78CC,9,89.65,住家用,鋼筋混凝土造,92年6月23日,十層,
RPXPMLTKKIHFFAH09CC,21,229.62,見其他登記事項,鋼筋混凝土造,80年7月26日,五層,
RPXPMLTKKIHFFAH09CC,21,51.46,共有部份,鋼筋混凝土造,80年7月26日,五層,
RPTQMLTKKIHFFAH78CC,18,74.82,住家用,鋼筋混凝土造,84年5月20日,十二層,
RPTNMLTKKIHFFFH98CC,6,295.87,住家用,鋼筋混凝土造,95年11月17日,三層,
RPROMLTKKIHFFAH58EC,11,97.60,商業用,鋼筋混凝土造,90年11月6日,七層,
RPWPMLTKKIHFFBH09CC,3,63.31,住家用,鋼筋混凝土造,98年6月29日,二十一層,
RPWPMLTKKIHFFBH09CC,3,2.53,共有部份,鋼筋混凝土造,98年6月29日,二十二層,
RPWPMLTKKIHFFBH09CC,3,2.98,共有部份,鋼筋混凝土造,98年6月29日,二十一層,
RPWPMLTKKIHFFBH09CC,3,11.90,共有部份,鋼筋混凝土造,98年6月29日,二十一層,
RPWPMLTKKIHFFBH09CC,3,30.55,共有部份,鋼筋混凝土造,98年6月29日,二十二層,
RPVNMLTKKIHFFEH09CC,8,91.43,住家用,鋼筋混凝土造,94年1月31日,十四層,
RPVNMLTKKIHFFEH09CC,8,11.92,住家用,鋼筋混凝土造,94年1月31日,十四層,
RPVNMLTKKIHFFEH09CC,8,2.37,住家用,鋼筋混凝土造,94年1月31日,十四層,
RPORMLKLKIHFFAH57CC,7,148.09,住家用,鋼筋混凝土造,95年1月24日,十一層,
RPTPMLLLKIHFFAH97CC,17,22.57,住家用,鋼筋混凝土造,84年8月8日,二十層,
RPXRMLKLKIHFFEH88CC,18,234.36,工業用,見其他登記事項,84年3月7日,一層,
RPSOMLLLKIHFFEH18CC,12,87.00,住家用,鋼筋混凝土造,90年3月8日,十一層,
RPOPMLLLKIHFFEH87CC,26,259.10,見其他登記事項,鋼筋混凝土造,75年11月26日,二層,
RPUOMLLLKIHFFBH18DC,14,180.89,住家用,鋼筋混凝土造,88年5月26日,六層,
RPUPMLLLKIHFFBH18CC,22,257.60,工業用,鋼筋混凝土造,79年10月5日,十層,
RPXQMLSKKIHFFBH66DC,1,75.61,見其他登記事項,鋼筋混凝土造,101年3月22日,二十四層,
RPPQMLSKKIHFFBH48DC,8,113.24,住商用,鋼筋混凝土造,94年5月19日,十一層,
RPUSMLMLKIHFFAH48CC,8,107.58,住家用,鋼筋混凝土造,93年12月31日,十四層,
RPSQMLMLKIHFFEH48CC,11,100.26,見其他登記事項,鋼筋混凝土造,91年5月23日,十七層,
RPXNMLMLKIHFFBH38CC,8,258.62,住商用,鋼筋混凝土造,94年3月31日,五層,
RPRSMLOLKIHFFAH48DC,16,185.33,見其他登記事項,鋼筋混凝土造,86年5月19日,二十層,
RPURMLOLKIHFFBH68CC,18,25.00,住家用,鋼筋混凝土造,83年9月14日,四層,
RPWNMLKLKIHFFGH58CC,17,65.48,住家用,鋼筋混凝土造,85年3月16日,十二層,
RPUNMLPLKIHFFBH48DC,14,262.77,見其他登記事項,鋼筋混凝土造,87年7月1日,七層,
RPPOMLPLKIHFFDH28DC,5,55.60,見其他登記事項,鋼筋混凝土造,96年6月27日,四層,
RPWNMLPLKIHFFDH88DC,14,198.21,見其他登記事項,鋼筋混凝土造,87年8月7日,五層,
RPQOMLPLKIHFFDH38DC,5,84.94,見其他登記事項,鋼筋混凝土造,96年11月19日,四層,
RPQOMLPLKIHFFDH38DC,6,1.48,見其他登記事項,鋼筋混凝土造,96年3月19日,三層,
RPQOMLPLKIHFFDH38DC,6,.29,見其他登記事項,鋼筋混凝土造,96年3月19日,三層,
RPRNMLOLKIHFFFH38CC,14,69.34,住家用,鋼筋混凝土造,87年7月4日,七層,
RPRNMLOLKIHFFFH38CC,14,7.88,住家用,鋼筋混凝土造,87年7月4日,七層,
RPRNMLOLKIHFFFH38CC,14,9.30,住家用,鋼筋混凝土造,87年7月4日,七層,
RPWOMLPLKIHFFBH78DC,14,180.89,住家用,鋼筋混凝土造,88年5月26日,六層,
RPVNMLPLKIHFFBH58DC,18,116.35,商業用,鋼筋混凝土造,83年8月15日,七層,
RPQOMLOLKIHFFFH58EC,39,62.91,住家用,加強磚造,62年11月30日,二層,
RPPSMLQLKIHFFBH48CC,12,72.65,住家用,鋼筋混凝土造,90年1月15日,十層,
RPOOMLQLKIHFFAH87CC,2,78.17,住家用,鋼筋混凝土造,100年3月9日,十五層,
RPXPMLPLKIHFFAH88DC,16,70.90,住家用,鋼筋混凝土造,85年7月28日,八層,
RPPSMLLLKIHFFAH97DC,9,181.88,見其他登記事項,鋼筋混凝土造,92年10月31日,十四層,
RPROMLLLKIHFFAH77DC,17,48.47,見其他登記事項,鋼筋混凝土造,84年9月30日,二十層,
RPROMLLLKIHFFAH77DC,17,48.47,見其他登記事項,鋼筋混凝土造,84年9月30日,二十層,
RPPOMLQLKIHFFBH18DC,4,101.19,住家用,鋼筋混凝土造,98年6月30日,十三層,
RPQNMLRLKIHFFBH28DC,35,122.61,住家用,加強磚造,66年11月25日,二層,
RPUOMLRLKIHFFAH58CC,,153.23,住家用,鋼筋混凝土造,101年7月15日,十五層,
RPQQMLRLKIHFFAH38CC,11,49.94,住家用,鋼筋混凝土造,90年11月2日,八層,
RPWOMLRLKIHFFFH66CC,18,125.12,住家用,鋼筋混凝土造,83年8月9日,六層,
RPOOMLQLKIHFFDH28DC,16,84.42,住家用,鋼筋混凝土造,85年9月30日,十層,
RPUOMLRLKIHFFDH98DC,16,67.56,住家用,鋼筋混凝土造,86年5月12日,五層,
RPQSMLSLKIHFFAH68CC,55,155.70,住商用,鋼筋混凝土造,46年8月27日,二層,
RPPOMLSLKIHFFFH78DC,5,460.47,住商用,鋼筋混凝土造,96年10月16日,五層,
RPPNMLTLKIHFFAH18CC,19,101.98,住家用,鋼筋混凝土造,82年10月18日,五層,
RPSNMLPLKIHFFFH58CC,39,121.22,住商用,加強磚造,63年6月3日,二層,
RPTNMLPLKIHFFFH68CC,32,81.65,住家用,鋼筋混凝土造,69年10月2日,五層,
RPSNMLLMKIHFFBH97DC,22,29.63,住商用,鋼筋混凝土造,79年10月12日,七層,
RPSNMLLMKIHFFBH97DC,22,61.20,住商用,鋼筋混凝土造,79年10月12日,七層,
RPSNMLLMKIHFFBH97DC,22,33.30,住商用,鋼筋混凝土造,79年10月12日,七層,
RPSNMLLMKIHFFBH97DC,22,15.91,住商用,鋼筋混凝土造,79年10月12日,七層,
RPQNMLLMKIHFFEH97CC,21,457.24,住工用,鋼筋混凝土造,81年5月20日,四層,
RPPNMLLMKIHFFEH87CC,9,273.83,見其他登記事項,見其他登記事項,92年7月17日,一層,
RPPNMLLJJHIFFFH57CC,43,163.68,住商用,加強磚造,59年4月30日,二層,
RPQNMLLJJHIFFAH17CC,7,115.24,住家用,鋼筋混凝土造,95年1月3日,十三層,
RPSOMLMJJHIFFFH08CC,32,84.18,住家用,鋼筋混凝土造,69年10月8日,四層,
RPSOMLMJJHIFFBH67CC,3,121.64,住家用,鋼筋混凝土造,98年6月29日,二十二層,
RPSTMLNJJHIFFEH68DC,4,127.64,住家用,鋼筋混凝土造,97年10月2日,十層,
RPTTMLNJJHIFFEH78DC,5,157.54,住家用,鋼筋混凝土造,97年4月1日,十層,
RPSRMLMJJHIFFAH97DC,5,172.28,見其他登記事項,鋼筋混凝土造,97年2月22日,十二層,
RPUNMLNJJHIFFEH18CC,18,116.22,住家用,鋼筋混凝土造,83年10月3日,七層,
RPXPMLMJJHIFFAH18CC,18,86.43,住家用,鋼筋混凝土造,83年10月26日,十六層,
RPXRMLMJJHIFFAH38CC,18,59.77,住家用,鋼筋混凝土造,84年6月26日,十七層,
RPQPMLMJJHIFFAH47CC,18,91.27,住家用,鋼筋混凝土造,83年11月30日,十二層,
RPPOMLMJJHIFFAH27CC,17,51.85,住家用,鋼筋混凝土造,85年1月18日,十七層,
RPVOMLMJJHIFFAH87CC,18,74.82,住家用,鋼筋混凝土造,84年5月20日,十三層,
RPWNMLMJJHIFFAH87CC,34,82.52,住家用,鋼筋混凝土造,68年2月16日,四層,
RPXNMLMJJHIFFAH97CC,18,115.89,住家用,鋼筋混凝土造,83年6月22日,七層,
RPXOMLMJJHIFFAH08CC,17,57.78,住家用,鋼筋混凝土造,84年12月15日,十七層,
RPRQMLNJJHIFFAH77CC,17,62.73,住家用,鋼筋混凝土造,84年12月15日,十七層,
RPPPMLPJJHIFFBH77CC,4,152.66,見其他登記事項,鋼筋混凝土造,97年9月25日,十五層,
RPPPMLPJJHIFFBH77CC,4,28.38,共有部份,鋼筋混凝土造,97年9月25日,十五層,
RPPPMLPJJHIFFBH77CC,4,68.30,共有部份,鋼筋混凝土造,97年9月25日,十五層,
RPXOMLPJJHIFFBH48CC,4,63.31,住家用,鋼筋混凝土造,98年6月29日,二十一層,
RPXOMLPJJHIFFBH48CC,4,2.98,共有部份,鋼筋混凝土造,98年6月29日,二十一層,
RPXOMLPJJHIFFBH48CC,4,11.98,共有部份,鋼筋混凝土造,98年6月29日,二十一層,
RPXOMLPJJHIFFBH48CC,4,2.54,共有部份,鋼筋混凝土造,98年6月29日,二十二層,
RPSPMLPJJHIFFBH08CC,1,71.57,見其他登記事項,鋼筋混凝土造,100年11月9日,十四層,
RPSPMLPJJHIFFBH08CC,1,62.39,見其他登記事項,鋼筋混凝土造,100年11月9日,十四層,
RPUPMLPJJHIFFBH28CC,8,83.59,住家用,鋼筋混凝土造,94年5月19日,十二層,
RPUPMLPJJHIFFBH28CC,8,14.10,共有部份,鋼筋混凝土造,94年5月19日,十二層,
RPUPMLPJJHIFFBH28CC,8,18.41,共有部份,鋼筋混凝土造,94年5月19日,十二層,
RPWPMLPJJHIFFBH48CC,21,45.18,見其他登記事項,鋼筋混凝土造,81年4月8日,十二層,
RPWPMLPJJHIFFBH48CC,21,32.54,共有部份,鋼筋混凝土造,81年4月8日,十二層,
RPXNMLOJJHIFFEH68DC,4,127.64,住家用,鋼筋混凝土造,97年10月2日,十層,
RPPNMLPJJHIFFEH87CC,10,149.16,見其他登記事項,鋼筋混凝土造,92年6月11日,四層,
RPPNMLPJJHIFFEH87CC,10,22.95,共有部份,鋼筋混凝土造,92年6月11日,四層,
RPQNMLPJJHIFFEH97CC,16,140.60,住家用,鋼筋混凝土造,86年4月17日,九層,
RPQNMLPJJHIFFEH97CC,16,16.59,共有部份,鋼筋混凝土造,86年4月17日,九層,
RPQNMLPJJHIFFEH97CC,16,72.52,共有部份,鋼筋混凝土造,86年4月17日,九層,
RPVOMLRJJHIFFBH48CC,11,125.55,住家用,鋼筋混凝土造,90年12月5日,七層,
RPVOMLRJJHIFFBH48CC,11,50.69,共有部份,鋼筋混凝土造,90年12月5日,七層,
RPQOMLRJJHIFFBH97CC,12,87.61,住商用,鋼筋混凝土造,89年10月21日,九層,
RPQOMLRJJHIFFBH97CC,12,6.50,見其他登記事項,鋼筋混凝土造,89年10月21日,九層,
RPQOMLRJJHIFFBH97CC,12,2.29,見其他登記事項,鋼筋混凝土造,89年10月21日,九層,
RPQOMLRJJHIFFBH97CC,12,7.25,見其他登記事項,鋼筋混凝土造,89年10月21日,九層,
RPUOMLRJJHIFFBH38CC,26,146.46,住家用,鋼筋混凝土造,76年1月16日,三層,
RPXOMLRJJHIFFBH78DC,11,128.95,住家用,鋼筋混凝土造,90年10月26日,二十一層,
RPUPMLRJJHIFFBH58DC,32,71.56,住家用,加強磚造,70年6月1日,二層,
RPXPMLRJJHIFFBH88DC,35,148.36,住家用,加強磚造,66年12月29日,三層,
RPSQMLRJJHIFFFH78CC,34,71.16,住家用,鋼筋混凝土造,67年7月25日,四層,
RPOQMLSJJHIFFEH48DC,9,77.42,住家用,鋼筋混凝土造,92年12月5日,十四層,
RPTNMLPJJHIFFGH48CC,14,167.70,見其他登記事項,鋼筋混凝土造,87年12月3日,四層,
RPPOMLOJJHIFFGH08CC,,61.30,住家用,磚造,,一層,
RPPOMLOJJHIFFGH08CC,38,33.07,住家用,加強磚造,64年6月4日,三層,
RPRPMLRJJHIFFAH08CC,17,81.07,住家用,鋼筋混凝土造,84年7月4日,十三層,
RPRPMLRJJHIFFAH08CC,17,5.17,共有部份,鋼筋混凝土造,84年7月4日,十三層,
RPRPMLRJJHIFFAH08CC,17,37.10,共有部份,鋼筋混凝土造,84年7月4日,十三層,
RPRPMLRJJHIFFAH08CC,17,1.93,共有部份,鋼筋混凝土造,84年7月4日,十三層,
RPVQMLRJJHIFFAH58CC,2,42.85,住家用,鋼筋混凝土造,100年3月9日,十五層,
RPQPMLRJJHIFFAH97CC,17,80.68,住家用,鋼筋混凝土造,84年6月26日,十七層,
RPQPMLRJJHIFFAH97CC,17,8.86,共有部份,鋼筋混凝土造,84年6月26日,十七層,
RPQPMLRJJHIFFAH97CC,17,20.18,共有部份,鋼筋混凝土造,84年6月26日,十七層,
RPOPMLRJJHIFFAH77CC,5,53.79,住家用,鋼筋混凝土造,96年10月23日,十三層,
RPOPMLRJJHIFFAH77CC,5,54.50,共有部份,鋼筋混凝土造,96年10月23日,十三層,
RPWTMLSJJHIFFBH56CC,9,75.28,住家用,鋼筋混凝土造,93年3月25日,十層,
RPVOMLSJJHIFFEH88CC,21,94.07,住家用,鋼筋混凝土造,80年12月19日,七層,
RPXNMLSJJHIFFEH98CC,5,273.53,見其他登記事項,鋼筋混凝土造,97年1月29日,五層,
RPXNMLSJJHIFFEH98CC,5,7.14,共有部份,鋼筋混凝土造,97年1月29日,五層,
RPXNMLSJJHIFFEH98CC,5,27.98,共有部份,鋼筋混凝土造,97年1月29日,五層,
RPXTMLSJJHIFFBH66CC,12,50.98,住家用,鋼筋混凝土造,90年1月15日,十層,
RPTNMLTJJHIFFFH78CC,14,99.71,住商用,鋼骨鋼筋混凝土造,87年7月29日,十八層,
RPRQMLSJJHIFFAH38DC,12,74.22,住家用,鋼筋混凝土造,90年3月20日,八層,
RPTOMLTJJHIFFEH88DC,,38.26,見其他登記事項,鋼筋混凝土造,101年11月6日,十層,
RPRPMLSJJHIFFAH18CC,15,99.03,住家用,鋼筋混凝土造,87年5月27日,十八層,
RPRPMLSJJHIFFAH18CC,15,34.57,共有部份,鋼筋混凝土造,87年5月27日,十八層,
RPRPMLSJJHIFFAH18CC,15,20.12,共有部份,鋼筋混凝土造,87年5月27日,十八層,
RPSSMLSJJHIFFAH78EC,18,92.28,商業用,鋼筋混凝土造,83年8月27日,十二層,
RPWQMLSJJHIFFAH88DC,12,81.73,住家用,鋼筋混凝土造,90年2月23日,十四層,
RPPPMLSJJHIFFAH97CC,15,21.14,住家用,鋼筋混凝土造,86年9月1日,十七層,
RPPQMLSJJHIFFAH18DC,1,58.64,住家用,鋼筋混凝土造,100年7月11日,十四層,
RPVNMLTJJHIFFBH68DC,31,87.42,住家用,鋼筋混凝土造,70年7月17日,五層,
RPXNMLTJJHIFFBH88DC,32,84.24,住商用,加強磚造,69年8月4日,二層,
RPSOMLTJJHIFFBH48DC,10,112.40,國民住宅,鋼筋混凝土造,91年9月20日,十四層,
RPQOMLTJJHIFFBH28DC,7,75.95,見其他登記事項,鋼筋混凝土造,94年8月24日,十二層,
RPTOMLTJJHIFFBH58DC,34,21.50,住家用,鋼筋混凝土造,68年2月28日,3,
RPUOMLTJJHIFFBH68DC,36,21.50,住家用,加強磚造,65年12月18日,二層,
RPWOMLTJJHIFFBH88DC,34,21.50,住家用,鋼筋混凝土造,68年2月28日,3,
RPWPMLTJJHIFFBH98DC,31,87.42,住家用,鋼筋混凝土造,70年7月17日,五層,
RPWNMLKKJHIFFEH18CC,9,137.85,住家用,鋼筋混凝土造,93年3月25日,十四層,
RPXNMLKKJHIFFEH28CC,5,85.85,見其他登記事項,鋼筋混凝土造,97年6月6日,五層,
RPVOMLKKJHIFFEH18CC,9,28.33,住家用,鋼筋混凝土造,92年7月28日,十四層,
RPXOMLKKJHIFFEH38CC,11,142.94,住家用,鋼骨鋼筋混凝土造,91年2月5日,二十三層,
RPOOMLKKJHIFFEH47CC,9,27.66,住家用,鋼筋混凝土造,92年7月28日,十四層,
RPXQMLTJJHIFFAH98CC,12,172.42,工業用,見其他登記事項,89年7月17日,一層,
RPVOMLTJJHIFFAH68DC,13,143.21,住家用,鋼筋混凝土造,88年11月22日,九層,
RPQPMLKKJHIFFAH37CC,17,236.39,見其他登記事項,鋼筋混凝土造,84年10月30日,三層,
RPQNMLTJJHIFFAH08DC,19,46.44,住商用,鋼筋混凝土造,82年8月21日,十四層,
RPXNMLLKJHIFFEH38CC,12,46.07,住家用,鋼筋混凝土造,89年9月14日,十二層,
RPPOMLLKJHIFFEH67CC,11,91.60,住家用,鋼筋混凝土造,91年5月8日,十二層,
RPTOMLOKJHIFFEH38CC,16,30.97,住家用,鋼筋混凝土造,86年1月22日,二十七層,
RPRNMLMKJHIFFEH87CC,1,159.98,住家用,鋼筋混凝土造,101年4月26日,十五層,
RPOPMLOKJHIFFEH97CC,15,141.62,見其他登記事項,鋼筋混凝土造,87年6月29日,十四層,
RPOPMLOKJHIFFEH97CC,15,126.01,見其他登記事項,鋼筋混凝土造,87年6月29日,十四層,
RPPTMLLKJHIFFAH77CC,18,91.10,住家用,鋼筋混凝土造,83年7月13日,十七層,
RPPTMLLKJHIFFAH77CC,18,16.17,共有部份,鋼筋混凝土造,83年7月13日,十七層,
RPPTMLLKJHIFFAH77CC,18,12.43,共有部份,鋼筋混凝土造,83年7月13日,十七層,
RPVOMLLKJHIFFAH87CC,20,465.61,見其他登記事項,鋼筋混凝土造,81年7月31日,十二層,
RPQOMLMKJHIFFAH47CC,9,93.73,住家用,鋼筋混凝土造,92年7月28日,十四層,
RPWPMLOKJHIFFAH38CC,32,71.20,住家用,鋼筋混凝土造,70年2月12日,四層,
RPOSMLOKJHIFFAH97DC,18,74.85,住家用,鋼筋混凝土造,83年8月25日,八層,
RPSUMLOKJHIFFAH48CC,8,145.28,住商用,鋼筋混凝土造,94年4月25日,十五層,
RPSOMLOKJHIFFAH87CC,13,188.71,住家用,鋼筋混凝土造,89年3月4日,十九層,
RPSOMLLKJHIFFAH67DC,8,137.17,住商用,鋼筋混凝土造,94年4月25日,十五層,
RPROMLMKJHIFFAH57CC,15,128.91,住家用,鋼筋混凝土造,86年11月28日,二十五層,
RPQTMLLKJHIFFAH87CC,17,97.79,住家用,鋼筋混凝土造,84年9月14日,十六層,
RPQTMLLKJHIFFAH87CC,17,17.91,共有部份,鋼筋混凝土造,84年9月14日,十六層,
RPQTMLLKJHIFFAH87CC,17,1.36,共有部份,鋼筋混凝土造,84年9月14日,十六層,
RPQTMLLKJHIFFAH87CC,17,16.61,共有部份,鋼筋混凝土造,84年9月14日,十六層,
RPSNMLOKJHIFFCH97CC,16,389.41,見其他登記事項,鋼筋混凝土造,85年11月18日,三層,
RPRPMLPKJHIFFBH18DC,19,78.25,住家用,鋼筋混凝土造,83年4月15日,十六層,
RPQRMLRKJHIFFBH38CC,11,156.86,住家用,鋼筋混凝土造,90年10月26日,二十一層,
RPTRMLRKJHIFFBH68CC,3,154.26,住家用,鋼筋混凝土造,98年6月29日,二十二層,
RPXPMLQKJHIFFBH88DC,11,25.86,住家用,鋼筋混凝土造,90年10月26日,二十一層,
RPUNMLQKJHIFFFH88EC,6,397.29,見使用執照,鋼筋混凝土造,95年9月15日,四層,
RPPOMLQKJHIFFFH38DC,4,80.59,住家用,鋼筋混凝土造,97年9月19日,十層,
RPTSMLQKJHIFFBH68CC,,75.91,商業用,加強磚造,,四層,
RPSTMLQKJHIFFBH68CC,,420.70,商業用,加強磚造,,四層,
RPVOMLQKJHIFFGH98CC,17,72.25,住家用,鋼筋混凝土造,84年9月1日,七層,
RPQPMLLLJHIFFAH57CC,5,40.35,住家用,鋼筋混凝土造,96年9月6日,十五層,
RPPOMLLLJHIFFBH47CC,22,91.28,住家用,鋼筋混凝土造,80年2月6日,十二層,
RPORMLSKJHIFFAH18CC,11,68.78,住家用,鋼筋混凝土造,91年6月20日,十三層,
RPTQMLSKJHIFFAH58CC,2,152.28,住家用,鋼筋混凝土造,100年7月1日,十五層,
RPQQMLSKJHIFFAH28CC,9,113.60,住家用,鋼筋混凝土造,93年6月30日,十二層,
RPQQMLSKJHIFFAH28CC,9,13.46,見其他登記事項,鋼筋混凝土造,93年6月30日,十二層,
RPOQMLLLJHIFFBH57CC,32,203.32,見其他登記事項,加強磚造,69年8月25日,二層,
RPUPMLRKJHIFFAH68EC,1,93.88,住家用,鋼筋混凝土造,101年3月27日,十三層,
RPWNMLTKJHIFFAH68CC,27,104.62,住家用,鋼筋混凝土造,74年7月12日,五層,
RPTQMLRKJHIFFAH58DC,8,84.38,住商用,鋼筋混凝土造,93年11月18日,五層,
RPVQMLRKJHIFFAH78DC,44,54.94,住商用,加強磚造,57年9月1日,二層,
RPSPMLLLJHIFFEH38EC,16,57.61,住家用,鋼筋混凝土造,85年12月3日,二十五層,
RPROMLMLJHIFFFH38EC,5,128.58,住家用,鋼筋混凝土造,96年8月15日,十五層,
RPRPMLMLJHIFFAH87DC,33,125.98,住商用,加強磚造,68年10月6日,二層,
RPWNMLMLJHIFFBH28DC,32,55.50,住家用,鋼筋混凝土造,70年7月14日,四層,
RPSOMLMLJHIFFBH87CC,19,65.34,住家用,鋼筋混凝土造,82年10月16日,七層,
RPPNMLMLJHIFFFH87CC,16,128.04,住家用,鋼筋混凝土造,86年3月8日,十四層,
RPUNMLMLJHIFFBH08DC,3,115.42,住家用,鋼筋混凝土造,98年6月29日,二十一層,
RPUOMLMLJHIFFCH18CC,19,202.53,住家用,鋼筋混凝土造,83年6月20日,三層,
RPUOMLMLJHIFFEH38CC,7,101.72,住家用,鋼筋混凝土造,95年4月12日,十層,
RPSOMLLLJHIFFGH48EC,9,60.88,住家用,鋼筋混凝土造,93年2月5日,十四層,
RPROMLLLJHIFFGH38EC,32,94.43,住家用,鋼筋混凝土造,70年5月20日,五層,
RPXOMLMLJHIFFEH68CC,8,111.14,住家用,鋼筋混凝土造,93年12月10日,十二層,
RPUPMLMLJHIFFEH48CC,12,29.48,住家用,鋼筋混凝土造,90年8月1日,十二層,
RPWQMLNLJHIFFBH58CC,38,65.13,住家用,加強磚造,63年9月3日,一層,
RPWQMLNLJHIFFBH58CC,38,66.84,住家用,加強磚造,63年9月3日,二層,
RPSNMLNLJHIFFCH97CC,19,135.90,住家用,鋼筋混凝土造,83年6月27日,三層,
RPTNMLMLJHIFFGH38CC,2,40.00,見其他登記事項,鋼筋混凝土造,99年12月22日,五層,
RPROMLNLJHIFFCH97CC,16,139.27,住家用,鋼筋混凝土造,86年1月30日,十八層,
RPROMLNLJHIFFCH97CC,16,4.30,見其他登記事項,鋼筋混凝土造,86年1月30日,十四層,
RPROMLNLJHIFFCH97CC,16,.05,見其他登記事項,鋼筋混凝土造,86年6月26日,十五層,
RPROMLNLJHIFFCH97CC,16,6.82,共有部份,鋼筋混凝土造,86年1月30日,十八層,
RPROMLNLJHIFFCH97CC,16,3.20,共有部份,鋼筋混凝土造,86年1月30日,十八層,
RPROMLNLJHIFFCH97CC,16,41.67,共有部份,鋼筋混凝土造,86年1月30日,十八層,
RPROMLNLJHIFFCH97CC,16,.07,共有部份,鋼筋混凝土造,86年1月30日,一層,
RPWOMLNLJHIFFAH38DC,9,128.55,見其他登記事項,鋼筋混凝土造,92年11月21日,十四層,
RPOQMLMLJHIFFAH77EC,20,39.60,住家用,見其他登記事項,82年4月30日,二十二層,
RPOQMLMLJHIFFAH77EC,20,1.53,住家用,見其他登記事項,82年4月30日,二十二層,
RPOQMLMLJHIFFAH77EC,20,1.70,共有部份,鋼骨鋼筋混凝土造,82年4月30日,二十二層,
RPTTMLNLJHIFFAH68EC,7,142.21,住家用,鋼筋混凝土造,94年12月28日,十四層,
RPOQMLMLJHIFFAH77EC,20,10.23,共有部份,鋼骨鋼筋混凝土造,82年4月30日,二十二層,
RPXOMLOLJHIFFFH09DC,21,97.85,住家用,鋼筋混凝土造,80年12月27日,五層,
RPQWMLOLJHIFFBH68CC,9,76.43,住家用,鋼筋混凝土造,92年10月24日,十層,
RPQWMLOLJHIFFBH68CC,9,9.82,共有部份,鋼筋混凝土造,92年10月24日,十層,
RPQWMLOLJHIFFBH68CC,9,16.96,共有部份,鋼筋混凝土造,92年10月24日,十層,
RPXPMLOLJHIFFBH78DC,40,14.60,住家用,加強磚造,61年12月31日,一層,
RPONNLOLJHIFFBH67CC,22,111.21,商業用,鋼筋混凝土造,79年11月27日,十五層,
RPONNLOLJHIFFBH67CC,22,6.87,共有部份,鋼筋混凝土造,79年11月27日,十五層,
RPUOMLOKJHIFFDH48DC,8,62.07,商業用,鋼筋混凝土造,94年7月5日,十層,
RPUNMLNLJHIFFFH68EC,1,111.37,住家用,鋼筋混凝土造,100年11月18日,十三層,
RPUNMLNLJHIFFFH68EC,1,26.20,見其他登記事項,鋼筋混凝土造,100年11月18日,十三層,
RPUNMLNLJHIFFFH68EC,1,47.76,見其他登記事項,鋼筋混凝土造,100年11月18日,十三層,
RPTNMLNLJHIFFFH58EC,1,113.09,住家用,鋼筋混凝土造,100年11月18日,十三層,
RPTNMLNLJHIFFFH58EC,1,26.62,見其他登記事項,鋼筋混凝土造,100年11月18日,十三層,
RPTNMLNLJHIFFFH58EC,1,48.04,見其他登記事項,鋼筋混凝土造,100年11月18日,十三層,
RPUOMLOLJHIFFFH68CC,24,215.28,見其他登記事項,鋼筋混凝土造,77年12月21日,二層,
RPWNMLNLJHIFFFH88EC,13,93.84,國民住宅,鋼筋混凝土造,88年11月25日,十三層,
RPWNMLNLJHIFFFH88EC,13,18.95,共有部份,鋼筋混凝土造,88年11月25日,十三層,
RPUNMLOLJHIFFFH58CC,15,141.48,見其他登記事項,鋼筋混凝土造,87年6月10日,四層,
RPWNMLNLJHIFFFH88EC,13,23.45,共有部份,鋼筋混凝土造,88年11月25日,十三層,
RPVNMLNLJHIFFFH78EC,5,89.57,住家用,鋼筋混凝土造,96年8月15日,十三層,
RPVNMLNLJHIFFFH78EC,5,12.66,共有部份,鋼筋混凝土造,96年8月15日,十五層,
RPVNMLNLJHIFFFH78EC,5,15.14,共有部份,鋼筋混凝土造,96年8月15日,十三層,
RPXNMLNLJHIFFFH98EC,4,90.45,住家用,鋼筋混凝土造,97年4月25日,十五層,
RPXNMLNLJHIFFFH98EC,4,40.74,共有部份,鋼筋混凝土造,97年4月25日,,
RPXNMLNLJHIFFFH98EC,4,24.57,共有部份,鋼筋混凝土造,97年4月25日,十五層,
RPOOMLNLJHIFFFH18EC,19,71.91,住家用,鋼筋混凝土造,82年2月25日,十一層,
RPOOMLNLJHIFFFH18EC,19,12.54,共有部份,鋼筋混凝土造,82年2月25日,十一層,
RPOOMLNLJHIFFFH18EC,19,8.98,共有部份,鋼筋混凝土造,82年2月25日,十三層,
RPWQMLPLJHIFFBH78CC,25,91.91,住商用,鋼筋混凝土造,77年6月6日,五層,
RPTOMLOLJHIFFAH08CC,25,220.21,見其他登記事項,鋼筋混凝土造,77年5月17日,三層,
RPSRMLPLJHIFFEH78CC,17,112.68,住家用,鋼筋混凝土造,84年8月11日,二十層,
RPVNMLOLJHIFFAH18CC,10,51.53,住家用,鋼筋混凝土造,92年1月17日,九層,
RPSPMLSLJHIFFBH58CC,11,96.00,住家用,鋼筋混凝土造,91年4月4日,十四層,
RPVPMLSLJHIFFBH88CC,12,49.22,住家用,鋼筋混凝土造,90年1月15日,十層,
RPUOMLOLJHIFFAH18CC,25,220.21,見其他登記事項,鋼筋混凝土造,77年5月17日,三層,
RPQRMLSLJHIFFBH68DC,4,51.33,住家用,鋼筋混凝土造,98年6月29日,二十一層,
RPQRMLSLJHIFFBH68DC,4,11.98,住家用,鋼筋混凝土造,98年6月29日,二十一層,
RPQNMLSLJHIFFFH68DC,19,105.99,住家用,鋼筋混凝土造,83年6月28日,七層,
RPOQMLOLJHIFFAH77CC,6,551.93,見其他登記事項,鋼筋混凝土造,95年9月1日,五層,
RPOPMLPLJHIFFAH87DC,24,12.48,住商用,鋼筋混凝土造,77年11月9日,四層,
RPUTMLPLJHIFFAH78CC,20,68.00,住家用,鋼筋混凝土造,82年2月22日,十二層,
RPUTMLPLJHIFFAH78CC,20,12.88,共有部份,鋼筋混凝土造,82年2月22日,十二層,
RPUTMLPLJHIFFAH78CC,28,24.60,住家用,鋼筋混凝土造,74年1月25日,五層,
RPOOMLQLJHIFFAH77CC,40,108.07,住家用,加強磚造,62年2月13日,三層,
RPXOMLSLJHIFFEH66CC,1,54.23,住家用,鋼筋混凝土造,101年4月26日,十四層,
RPSNMLSLJHIFFEH78DC,8,59.33,住家用,鋼筋混凝土造,93年12月10日,十二層,
RPSNMLSLJHIFFEH78DC,8,20.94,共有部份,鋼筋混凝土造,93年12月10日,十二層,
RPOPMLTLJHIFFEH58CC,16,8925.63,見其他登記事項,見其他登記事項,86年4月10日,一層,
RPVNMLSLJHIFFEH56EC,8,59.33,住家用,鋼筋混凝土造,93年12月10日,十二層,
RPVNMLSLJHIFFEH56EC,8,20.94,共有部份,鋼筋混凝土造,93年12月10日,十二層,
RPWNMLTLJHIFFEH56CC,40,6596.20,見其他登記事項,見其他登記事項,62年6月25日,四層,
RPTNMLTLJHIFFFH98CC,15,127.83,住家用,鋼筋混凝土造,86年9月19日,九層,
RPSPMLTLJHIFFBH68CC,22,97.90,住家用,鋼筋混凝土造,79年12月8日,四層,
RPWOMLKMJHIFFBH18CC,21,291.95,見其他登記事項,鋼筋混凝土造,81年5月27日,二十二層,
RPWOMLKMJHIFFBH18CC,21,101.69,共有部份,鋼筋混凝土造,81年5月27日,二十二層,
RPWOMLKMJHIFFBH18CC,21,18.64,共有部份,鋼筋混凝土造,81年5月27日,二十二層,
RPWOMLKMJHIFFBH18CC,21,75.69,見其他登記事項,鋼筋混凝土造,81年5月27日,二十二層,
RPWPMLTLJHIFFEH76CC,7,306.19,見其他登記事項,鋼筋混凝土造,95年5月19日,五層,
RPTNMLLMJHIFFFH48EC,15,.81,見其他登記事項,鋼筋混凝土造,87年6月10日,二層,
RPTNMLLMJHIFFFH48EC,15,197.15,見其他登記事項,鋼筋混凝土造,87年6月10日,四層,
RPVQMLLMJHIFFBH38CC,9,119.47,住家用,鋼筋混凝土造,93年5月15日,十四層,
RPQOMLLMJHIFFFH08CC,39,120.66,住商用,加強磚造,63年6月3日,二層,
RPXOMLKMJHIFFAH18CC,22,102.62,住商用,鋼筋混凝土造,80年1月8日,五層,
RPVRMLKMJHIFFAH48EC,8,175.17,住家用,鋼筋混凝土造,94年1月27日,十四層,
RPVRMLKMJHIFFAH48EC,8,31.92,共有部份,鋼筋混凝土造,94年1月27日,十四層,
RPVRMLKMJHIFFAH48EC,8,31.00,共有部份,鋼筋混凝土造,94年1月27日,十四層,
RPVRMLKMJHIFFAH48EC,8,24.78,共有部份,鋼筋混凝土造,94年1月27日,十四層,
RPVOMLKMJHIFFAH97CC,,84.44,住家用,鋼筋混凝土造,101年7月26日,十五層,
RPVOMLKMJHIFFAH97CC,,9.32,住家用,鋼筋混凝土造,101年7月26日,十五層,
RPVOMLKMJHIFFAH97CC,,4.42,見其他登記事項,鋼筋混凝土造,101年7月26日,十五層,
RPVOMLKMJHIFFAH97CC,,35.53,見其他登記事項,鋼筋混凝土造,101年7月26日,十五層,
RPSRMLKMJHIFFAH18EC,21,108.82,住家用,鋼筋混凝土造,80年8月1日,五層,
RPSRMLKMJHIFFAH18EC,21,1.92,共有部份,鋼筋混凝土造,80年8月1日,五層,
RPSRMLKMJHIFFAH18EC,21,29.24,共有部份,鋼筋混凝土造,80年8月1日,五層,
RPXNMLLMJHIFFDH58DC,17,225.34,住家用,鋼筋混凝土造,85年3月14日,五層,
