﻿編號,土地區段位置,土地移轉面積平方公尺,使用分區或編定
The serial number,land sector position,land shifting area square meter,the use zoning or compiles and checks
RPSSMLMKQHOFFAB78CC,大益段,10.31,都市：住
RPSSMLMKQHOFFAB78CC,大益段,3.17,都市：住
RPWRMLMKQHOFFAB09CC,麻園頭段,10.51,都市：住
RPTOMLMKQHOFFCB78DC,惠來厝段,38.00,都市：商
RPWSMLMKQHOFFAB56CC,半平厝段,19.40,都市：住
RPTOMLMKQHOFFBB58CC,北屯段,.00,都市：住
RPUQMLMKQHOFFBB88CC,東峰段,.00,都市：住
RPTNMLMKQHOFFCB58CC,國安段,.00,都市：住
RPSPMLMKQHOFFCB68CC,惠民段,13.43,都市：其他
RPTPMLMKQHOFFCB78CC,惠民段,17.95,都市：其他
RPXNMLMKQHOFFCB98CC,上石碑段,.00,都市：住
RPSQMLMKQHOFFBB68CC,賴厝段,.21,都市：商
RPSQMLMKQHOFFBB68CC,邱厝子段,.17,都市：商
RPRPMLMKQHOFFCB58CC,惠民段,11.10,都市：其他
RPQQMLMKQHOFFBB48CC,東峰段,9.99,都市：商
RPOOMLNKQHOFFHB78CC,雅潭段,12.74,都市：住
RPXNMLNKQHOFFIB07CC,興祥段,13.32,都市：住
RPROMLNKQHOFFCB58CC,惠民段,14.48,都市：其他
RPXNMLNKQHOFFBB98CC,東信段,61.55,都市：商
RPQQMLMKQHOFFCB58CC,惠民段,12.64,都市：其他
RPOQMLMKQHOFFCB38CC,田心段,18.64,都市：住
RPQOMLNKQHOFFCB48CC,惠民段,29.49,都市：其他
RPPOMLNKQHOFFCB38CC,惠民段,15.22,都市：其他
RPPQMLMKQHOFFCB48CC,寶文段,.00,非都市： ; 非都市編定：
RPTQMLNKQHOFFCB98CC,福安段,.00,都市：住
RPRQMLMKQHOFFCB68CC,寶文段,.00,非都市： ; 非都市編定：
RPUOMLNKQHOFFCB88CC,惠民段,12.88,都市：其他
RPPOMLNKQHOFFAB18CC,下橋子頭段,1.72,都市：商
RPTNMLOKQHOFFFB09CC,市鎮北段,18.78,都市：商
RPQOMLOKQHOFFCB68DC,上石碑段,75.00,都市：住
RPVOMLNKQHOFFCB98CC,寶山段,113.00,都市：住
RPVOMLNKQHOFFCB98CC,寶山段,5.00,都市：住
RPSNMLOKQHOFFKB86CC,新東段,13.32,非都市：鄉村區 ; 非都市編定：乙種建築用地
RPTSMLOKQHOFFCB66CC,寶文段,.00,都市：住
RPTSMLOKQHOFFCB66CC,寶文段,.00,都市：住
RPUNMLPKQHOFFCB98CC,大進段,.00,都市：住
RPUNMLPKQHOFFCB98CC,大進段,.00,都市：住
RPQQMLPKQHOFFCB88CC,惠民段,.00,都市：其他
RPSNMLOKQHOFFAB48CC,後子段,5.25,都市：商
RPSNMLOKQHOFFAB48CC,後子段,19.75,都市：商
RPSNMLOKQHOFFAB48CC,後子段,5.00,都市：商
RPRNMLPKQHOFFAB48CC,麻園頭段,16.30,都市：商
RPSQMLPKQHOFFCB09CC,西屯段,.00,都市：住
RPOPMLPKQHOFFBB48CC,景美段,.00,都市：住
RPSOMLPKQHOFFCB88CC,惠國段,12.33,都市：其他
RPTNMLPKQHOFFBB78CC,邱厝子段,32.90,都市：住
RPUPMLPKQHOFFCB56CC,惠民段,16.16,都市：商
RPUPMLPKQHOFFCB56CC,惠民段,15.75,都市：商
RPXRMLNKQHOFFBB76CC,陳平段,.00,都市：其他
RPXRMLNKQHOFFBB76CC,陳平段,.00,都市：其他
RPUOMLQKQHOFFFB86CC,南勢坑段埔子小段,152.06,都市：住
RPXNMLTKQHOFFJB77CC,新光段,4.92,都市：住
RPPNMLQKQHOFFDB68CC,北庄段,323.00,非都市：特定農業區 ; 非都市編定：甲種建築用地
RPPNMLQKQHOFFDB68CC,北庄段,324.00,非都市：特定農業區 ; 非都市編定：甲種建築用地
RPUPMLQKQHOFFAB09CC,麻園頭段,.00,都市：住
RPQPMLQKQHOFFCB88CC,大新段,.00,都市：商
RPQPMLQKQHOFFCB88CC,大新段,.00,都市：商
RPQPMLQKQHOFFCB88CC,大新段,.00,都市：商
RPTNMLQKQHOFFBB88CC,賴厝段,19.80,都市：住
RPOSMLTKQHOFFCB66CC,福德段,801.16,都市：住
RPXRMLTKQHOFFCB47CC,國安段,27.34,都市：住
RPUPMLTKQHOFFCB96CC,惠信段,185.86,都市：住
RPSSMLTKQHOFFCB07CC,中正段,5.55,都市：商
RPTNMLOKQHOFFHB66CC,四維段,23.97,都市：住
RPPOMLTKQHOFFAB78CC,樹子腳段,.00,都市：住
RPVOMLTKQHOFFAB76CC,後子段,36.75,都市：住
RPRNMLOKQHOFFHB09CC,四德段,10.33,都市：住
RPRNMLOKQHOFFHB09CC,四德段,59.91,都市：住
RPRNMLOKQHOFFHB09CC,四德段,4.11,都市：住
RPRNMLOKQHOFFHB09CC,四德段,.13,都市：住
RPRNMLOKQHOFFHB09CC,四德段,3.02,都市：住
RPWOMLTKQHOFFAB86CC,後子段,33.57,都市：住
RPQNMLOKQHOFFHB98CC,學雅段,9.80,都市：住
RPSPMLTKQHOFFBB66CC,和平段,984.50,都市：住
RPPNMLTKQHOFFBB78CC,水源段,.00,都市：住
RPUPMLTKQHOFFBB86CC,中清段,8.56,都市：商
RPTOMLTKQHOFFBB66CC,邱厝子段,.00,都市：住
RPWPMLTKQHOFFBB07CC,中清段,8.56,都市：商
RPVPMLTKQHOFFBB96CC,中清段,8.56,都市：商
RPTPMLTKQHOFFBB76CC,中清段,8.56,都市：商
RPUQMLTKQHOFFBB96CC,賴厝段,.14,都市：商
RPUQMLTKQHOFFBB96CC,邱厝子段,.11,都市：商
RPXPMLTKQHOFFBB17CC,中清段,8.56,都市：商
RPRPMLTKQHOFFBB56CC,太原段,.00,都市：住
RPUNMLKLQHOFFAB48DC,後子段,4.06,都市：住
RPUNMLKLQHOFFAB48DC,後子段,3.05,都市：住
RPOQMLTKQHOFFBB98CC,中清段,8.50,都市：商
RPQNMLKLQHOFFJB88CC,新興段,.00,都市：住
RPPPMLKLQHOFFFB58CC,銀聯段,91.00,都市：住
RPROMLKLQHOFFHB88CC,甘潭段,9.21,都市：住
RPQOMLKLQHOFFCB38DC,中仁段,4.95,都市：住
RPSOMLKLQHOFFCB58DC,上石碑段,5.06,都市：住
RPSPMLKLQHOFFCB68DC,惠民段,23.16,都市：其他
RPRNMLKLQHOFFJB98CC,新興段,81.14,都市：住
RPRNMLKLQHOFFJB98CC,新興段,7.01,都市：住
RPTNMLKLQHOFFAB38DC,公館段,1.48,都市：住
RPTNMLKLQHOFFAB38DC,公館段,1.28,都市：住
RPOPMLKLQHOFFBB08CC,文正段,6.00,都市：住
RPOPMLKLQHOFFBB08CC,文正段,.88,都市：住
RPVOMLKLQHOFFBB68CC,文正段,6.00,都市：住
RPVOMLKLQHOFFBB68CC,文正段,.88,都市：住
RPQPMLKLQHOFFBB28CC,文正段,6.00,都市：住
RPQPMLKLQHOFFBB28CC,文正段,.88,都市：住
RPPPMLKLQHOFFBB18CC,文正段,6.00,都市：住
RPPPMLKLQHOFFBB18CC,文正段,.88,都市：住
RPTOMLKLQHOFFBB48CC,文正段,6.00,都市：住
RPTOMLKLQHOFFBB48CC,文正段,.88,都市：住
RPUOMLKLQHOFFBB58CC,文正段,6.00,都市：住
RPUOMLKLQHOFFBB58CC,文正段,.88,都市：住
RPRPMLKLQHOFFBB38CC,北屯段,28.69,都市：住
RPSOMLKLQHOFFAB28CC,半平厝段,23.85,都市：住
RPQOMLKLQHOFFAB08CC,土庫段,21.69,都市：住
RPSNMLKLQHOFFAB18CC,樹子腳段,82.00,都市：住
RPSNMLKLQHOFFAB18CC,樹子腳段,1.64,都市：住
RPSNMLKLQHOFFAB18CC,樹子腳段,1.10,都市：住
RPSNMLKLQHOFFAB18CC,樹子腳段,.58,都市：住
RPSNMLKLQHOFFAB18CC,樹子腳段,.69,都市：住
RPSNMLKLQHOFFAB18CC,樹子腳段,1.37,都市：住
RPSNMLKLQHOFFAB18CC,樹子腳段,1.88,都市：住
RPXNMLKLQHOFFAB68CC,下橋子頭段,1.83,都市：商
RPUNMLLLQHOFFHB66DC,大新段,170.78,都市：住
RPUOMLKLQHOFFAB48CC,頂橋子頭段,2.17,都市：住
RPROMLKLQHOFFAB18CC,麻園頭段,11.41,都市：住
RPVNMLLLQHOFFHB76DC,大新段,170.78,都市：住
RPUPMLKLQHOFFCB78CC,惠民段,12.94,都市：其他
RPSNMLLLQHOFFHB98CC,大明段,38.22,都市：住
RPQQMLKLQHOFFCB48CC,上石碑段,26.77,都市：住
RPOQMLKLQHOFFCB28CC,三塊厝段,15.11,都市：住
RPUOMLLLQHOFFCB78CC,寶山段,1052.00,都市：農
RPPOMLLLQHOFFCB28CC,惠智段,1057.46,都市：住
RPXOMLLLQHOFFCB09CC,寶文段,48.94,都市：住
RPVPMLLLQHOFFBB88CC,崇德段,584.09,都市：住
RPQOMLLLQHOFFCB38CC,惠安段,.00,都市：商
RPSOMLLLQHOFFBB48CC,乾溝子段,21.00,都市：商
RPSOMLLLQHOFFBB48CC,乾溝子段,59.00,都市：商
RPSOMLLLQHOFFBB48CC,乾溝子段,26.00,都市：商
RPSOMLLLQHOFFIB56CC,公教段,97.61,非都市：鄉村區 ; 非都市編定：乙種建築用地
RPQOMLLLQHOFFBB28CC,太和段,162.54,都市：住
RPOPMLMLQHOFFAB18CC,土庫段,.00,都市：住
RPOPMLMLQHOFFAB18CC,土庫段,.00,都市：住
RPOPMLMLQHOFFAB18CC,土庫段,.00,都市：其他
RPOPMLMLQHOFFAB18CC,土庫段,.00,都市：住
RPXPMLMLQHOFFCB76DC,順安段,68.59,都市：住
RPVNMLNLQHOFFCB98CC,大進段,.00,非都市： ; 非都市編定：
RPXNMLMLQHOFFKB27CC,東園段,9.73,非都市：鄉村區 ; 非都市編定：乙種建築用地
RPSOMLMLQHOFFCB68CC,上石碑段,.19,都市：商
RPSOMLMLQHOFFCB68CC,上石碑段,.00,都市：商
RPSOMLMLQHOFFCB68CC,上石碑段,3.25,都市：商
RPSOMLMLQHOFFCB68CC,上石碑段,.60,都市：商
RPSOMLMLQHOFFCB68CC,上石碑段,13.47,都市：商
RPSOMLMLQHOFFCB68CC,上石碑段,.23,都市：商
RPXQMLNLQHOFFCB86CC,何安段,.00,都市：住
RPXOMLLLQHOFFIB07CC,武德段,136.83,都市：住
RPUOMLNLQHOFFAB78CC,後子段,42.90,都市：住
RPOQMLMLQHOFFCB48CC,永富段,670.96,都市：住
RPOQMLMLQHOFFCB48CC,永富段,106.92,都市：住
RPQRMLMLQHOFFBB68CC,東光段,15.70,都市：住
RPVVMLNLQHOFFBB07CC,東峰段,.00,非都市： ; 非都市編定：
RPPVMLNLQHOFFBB09CC,東峰段,.00,非都市： ; 非都市編定：
RPTRMLNLQHOFFCB56CC,民安段,.00,都市：住
RPQNMLOLQHOFFFB88CC,市鎮北段,14.99,都市：商
RPXPNLOLQHOFFBB86CC,中德段,2.19,都市：住
RPPNMLOLQHOFFFB78CC,市鎮北段,18.64,都市：商
RPTPMLNLQHOFFCB98CC,豐業段,92.21,都市：住
RPQQMLQLQHOFFBB98CC,中清段,8.50,都市：商
RPPNMLOLQHOFFBB38CC,松昌段,65.00,都市：住
RPOOMLQLQHOFFKB86CC,東園段,.00,非都市：鄉村區 ; 非都市編定：乙種建築用地
RPVNMLQLQHOFFBB56CC,水源段,464.00,都市：住
RPXNMLQLQHOFFKB67CC,東園段,.00,非都市：鄉村區 ; 非都市編定：乙種建築用地
RPRNMLPLQHOFFAB68DC,麻園頭段,72.82,都市：住
RPSOMLQLQHOFFCB09CC,中和段,14.72,都市：住
RPWNMLQLQHOFFAB56CC,正義段九小段,.00,都市：商
RPWNMLQLQHOFFAB56CC,正義段九小段,.00,都市：住
RPXOMLQLQHOFFBB86CC,乾溝子段,9.32,都市：商
RPXOMLQLQHOFFBB86CC,乾溝子段,.26,都市：商
RPPQMLQLQHOFFBB88CC,東峰段,6.84,都市：商
RPPPMLQLQHOFFBB78CC,賴厝段,.00,都市：住
RPPPMLQLQHOFFBB78CC,賴厝段,.00,都市：住
RPPOMLQLQHOFFBB68CC,錦村段,.00,非都市： ; 非都市編定：
RPUOMLQLQHOFFCB66CC,西屯段,.00,非都市： ; 非都市編定：
RPUNMLQLQHOFFAB98CC,繼光段四小段,.00,非都市： ; 非都市編定：
RPUNMLQLQHOFFAB98CC,繼光段四小段,.00,非都市： ; 非都市編定：
RPPQMLQLQHOFFCB98CC,寶山段,.00,非都市： ; 非都市編定：
RPQNMLQLQHOFFCB78CC,大進段,15.64,都市：住
RPRQMLQLQHOFFCB56CC,寶山段,.00,非都市： ; 非都市編定：
RPOPMLRLQHOFFAB68CC,下橋子頭段,1.72,都市：商
RPVOMLRLQHOFFAB66CC,下橋子頭段,1.83,都市：商
RPWOMLRLQHOFFAB76CC,下橋子頭段,3.73,都市：商
RPSPMLRLQHOFFAB09CC,萬安段九小段,.00,都市：住
RPSPMLRLQHOFFAB09CC,正義段九小段,.00,都市：住
RPSPMLRLQHOFFAB09CC,正義段九小段,.00,都市：商
RPRNMLSLQHOFFFB76CC,市鎮北段,19.01,都市：商
RPOOMLSLQHOFFBB78CC,東山段,7.29,都市：住
RPVOMLRLQHOFFCB86CC,新富段,654.27,都市：住
RPVOMLRLQHOFFCB86CC,新富段,493.74,都市：住
RPTNMLRLQHOFFCB56CC,中和段,24.48,都市：住
RPWOMLQLQHOFFCB86CC,黎明段,.00,都市：住
RPOQMLRLQHOFFBB88CC,東峰段,10.44,都市：商
RPQPMLRLQHOFFBB98CC,太原段,16.42,都市：住
RPWNMLSLQHOFFBB86CC,中清段,7.31,都市：住
RPVOMLSLQHOFFCB96CC,何安段,.00,都市：住
RPVOMLSLQHOFFCB96CC,何安段,.00,都市：其他
RPTNMLTLQHOFFIB47DC,涼傘樹段,925.00,非都市：特定農業區 ; 非都市編定：農牧用地
RPVNMLRLQHOFFBB66CC,東信段,.00,都市：住
RPOPMLRLQHOFFBB78CC,長安段,73.00,都市：住
RPTOMLTLQHOFFBB76CC,松昌段,.00,都市：住
RPROMLTLQHOFFBB56CC,賴厝段,8.42,都市：住
RPTPMLKMQHOFFBB68CC,東新段,.00,都市：住
RPQNMLLMQHOFFHB88CC,三和段,92.00,都市：住
RPVNMLTLQHOFFBB96DC,中興段,26.96,都市：商
RPTNMLLMQHOFFBB58CC,東山段,3.37,都市：住
RPUNMLMJRHOFFHB56CC,秀雅段,100.00,都市：住
RPUOMLKMQHOFFBB68CC,北屯段,.00,都市：住
RPSNMLMJRHOFFHB98CC,大明段,4.77,都市：住
RPSNMLMJRHOFFHB98CC,大明段,4.52,都市：住
RPSNMLMJRHOFFHB98CC,大明段,4.49,都市：住
RPOOMLMJRHOFFJB88CC,勤益段,7.39,非都市：鄉村區 ; 非都市編定：乙種建築用地
RPRNMLMJRHOFFJB09CC,愛平段,22.27,都市：住
RPSOMLMJRHOFFJB66CC,勤益段,6.64,非都市：鄉村區 ; 非都市編定：乙種建築用地
RPROMLMJRHOFFJB56CC,勤益段,11.38,非都市：鄉村區 ; 非都市編定：乙種建築用地
RPPOMLMJRHOFFJB98CC,勤益段,4.32,非都市：鄉村區 ; 非都市編定：乙種建築用地
RPRNMLMJRHOFFFB68CC,市鎮北段,11.65,都市：商
RPTOMLMJRHOFFJB76CC,勤益段,6.64,非都市：鄉村區 ; 非都市編定：乙種建築用地
RPROMLMJRHOFFIB09CC,新義段,3.23,都市：住
RPROMLMJRHOFFIB09CC,新義段,26.43,都市：住
RPSOMLMJRHOFFIB56CC,新義段,3.23,都市：住
RPSOMLMJRHOFFIB56CC,新義段,26.43,都市：住
RPVOMLMJRHOFFIB86CC,立仁段,26.91,非都市：鄉村區 ; 非都市編定：乙種建築用地
RPPPMLMJRHOFFBB28CC,東正段,21.88,都市：住
RPXPMLMJRHOFFBB09CC,東峰段,25.31,都市：住
RPQNMLKMQHOFFBB18CC,賴厝段,.00,都市：住
RPTPMLMJRHOFFIB76CC,仁化段,11.40,都市：住
RPOPMLMJRHOFFCB38DC,惠民段,.00,非都市： ; 非都市編定：
RPSNMLMJRHOFFAB28CC,平和段,2.60,都市：商
RPXSMLMJRHOFFBB76CC,賴厝段,4.83,都市：商
RPXSMLMJRHOFFBB76CC,邱厝子段,3.88,都市：商
RPXNMLMJRHOFFAB78CC,半平厝段,10.27,都市：住
RPXRMLMJRHOFFBB66CC,東義段,31.13,都市：住
RPPOMLMJRHOFFAB08CC,半平厝段,20.15,都市：住
RPPTMLMJRHOFFAB58CC,重慶段三小段,29.00,都市：商
RPRTMLMJRHOFFAB78CC,頂橋子頭段,10.88,都市：住
RPTTMLMJRHOFFAB98CC,中墩段二小段,1.00,都市：商
RPSTMLMJRHOFFAB88CC,中墩段二小段,1.00,都市：商
RPXOMLMJRHOFFAB88CC,仁愛段二小段,6.20,都市：商
RPXOMLMJRHOFFAB88CC,仁愛段二小段,3.43,都市：商
RPTPMLMJRHOFFCB78CC,福星段,2305.09,都市：住
RPUTMLMJRHOFFAB09CC,正義段九小段,1.09,都市：商
RPQOMLMJRHOFFCB38CC,上石碑段,7.17,都市：其他
RPVPMLMJRHOFFCB98CC,中正段,10.54,都市：商
RPWPMLMJRHOFFCB09CC,中正段,6.24,都市：商
RPSPMLMJRHOFFCB68CC,中正段,7.20,都市：商
RPUSMLMJRHOFFBB09CC,邱厝子段,.08,都市：住
RPUSMLMJRHOFFBB09CC,邱厝子段,2.04,都市：住
RPVRMLMJRHOFFBB09CC,東峰段,10.58,都市：商
RPOSMLMJRHOFFBB48CC,東峰段,5.84,都市：商
RPOQMLMJRHOFFCB38CC,寶文段,10.27,都市：住
RPTNMLNJRHOFFFB98CC,市鎮北段,19.25,都市：商
RPOPMLNJRHOFFBB28CC,東正段,16.74,都市：住
RPUPMLNJRHOFFBB88CC,東正段,4.55,都市：商
RPQQMLNJRHOFFBB58CC,平田段,4.90,都市：住
RPWQMLNJRHOFFBB56CC,同榮段,12.55,都市：住
RPQNMLOJRHOFFIB09CC,東城段,14.28,都市：住
RPXNMLOJRHOFFJB27CC,豐中段,.00,非都市： ; 非都市編定：
RPSNMLMJRHOFFDB58CC,一心段,137.96,都市：住
RPSNMLMJRHOFFDB58CC,一心段,133.19,都市：住
RPWNMLOJRHOFFBB98CC,陳平段,.00,都市：住
RPWNMLOJRHOFFJB17CC,新高段,8.87,都市：住
RPWNMLOJRHOFFJB17CC,番子路段,6.17,都市：住
RPSNMLOJRHOFFJB76CC,平欣段,14.38,都市：住
RPUPMLOJRHOFFBB98CC,文正段,6.00,都市：住
RPUPMLOJRHOFFBB98CC,文正段,.88,都市：住
RPSPMLOJRHOFFBB78CC,文正段,7.50,都市：住
RPSPMLOJRHOFFBB78CC,文正段,1.10,都市：住
RPUNMLOJRHOFFBB78CC,平田段,67.00,都市：住
RPUNMLOJRHOFFBB78CC,平田段,19.83,都市：住
RPXPMLOJRHOFFBB66CC,文正段,7.50,都市：住
RPXPMLOJRHOFFBB66CC,文正段,1.10,都市：住
RPPPMLOJRHOFFBB48CC,文正段,7.50,都市：住
RPPPMLOJRHOFFBB48CC,文正段,1.10,都市：住
RPOQMLOJRHOFFBB48CC,文正段,7.50,都市：住
RPOQMLOJRHOFFBB48CC,文正段,1.10,都市：住
RPORMLOJRHOFFBB58CC,錦村段,.92,都市：商
RPORMLOJRHOFFBB58CC,錦村段,.80,都市：商
RPORMLOJRHOFFBB58CC,錦村段,.02,都市：商
RPXQMLOJRHOFFBB76CC,錦村段,.92,都市：商
RPXQMLOJRHOFFBB76CC,錦村段,.80,都市：商
RPXQMLOJRHOFFBB76CC,錦村段,.02,都市：商
RPTOMLOJRHOFFAB68CC,頂橋子頭段,.00,非都市： ; 非都市編定：
RPSNMLOJRHOFFCB68CC,惠民段,17.95,都市：其他
RPUNMLOJRHOFFKB07CC,東園段,.00,非都市：鄉村區 ; 非都市編定：乙種建築用地
RPQQMLOJRHOFFBB68CC,文正段,7.50,都市：住
RPQQMLOJRHOFFBB68CC,文正段,1.10,都市：住
RPUNMLOJRHOFFCB88CC,惠國段,24.20,都市：其他
RPPOMLOJRHOFFIB09CC,東榮段,22.68,都市：住
RPOOMLOJRHOFFCB38CC,民安段,.00,都市：住
RPVNMLOJRHOFFKB17CC,東園段,.00,非都市：鄉村區 ; 非都市編定：乙種建築用地
RPQQMLOJRHOFFAB58CC,後子段,4.04,都市：商
RPQQMLOJRHOFFAB58CC,後子段,.75,都市：商
RPQOMLOJRHOFFCB58CC,上石碑段,6.64,都市：住
RPPQMLOJRHOFFCB68CC,寶山段,135.00,都市：農
RPQNMLPJRHOFFDB68CC,圳前段,106.66,都市：商
RPUNMLPJRHOFFBB88CC,文正段,7.50,都市：住
RPUNMLPJRHOFFBB88CC,文正段,1.10,都市：住
RPWOMLQJRHOFFBB76DC,北屯段,13.15,都市：住
RPSPMLOJRHOFFAB68CC,尚武段,.00,非都市： ; 非都市編定：
RPWOMLOJRHOFFAB98CC,下橋子頭段,.00,非都市： ; 非都市編定：
RPWOMLOJRHOFFAB98CC,下橋子頭段,.00,非都市： ; 非都市編定：
RPRNMLQJRHOFFBB68CC,中德段,9.45,都市：住
RPOPMLPJRHOFFAB38CC,麻園頭段,19.48,都市：住
RPUNMLPJRHOFFCB98CC,黎明段,24.90,都市：住
RPSNMLQJRHOFFFB66DC,大庄段大庄小段,79.00,都市：住
RPUNMLQJRHOFFAB88CC,後子段,15.20,都市：住
RPVNMLQJRHOFFAB98CC,麻園頭段,19.41,都市：住
RPUPMLPJRHOFFCB56CC,上石碑段,.00,都市：住
RPQPMLPJRHOFFCB78CC,新富段,18.27,都市：住
RPQPMLPJRHOFFCB78CC,新富段,.04,都市：住
RPQPMLPJRHOFFCB78CC,新富段,4.81,都市：住
RPOQMLQJRHOFFBB68CC,文正段,.00,都市：商
RPQNMLQJRHOFFCB68CC,福德段,.00,都市：住
RPQOMLQJRHOFFCB78CC,下石碑段,.00,都市：住
RPSPMLPJRHOFFAB78CC,下橋子頭段,74.00,都市：住
RPQPMLQJRHOFFCB88CC,惠民段,15.24,都市：其他
RPSPMLQJRHOFFCB09CC,惠民段,15.85,都市：其他
RPQNMLTJRHOFFBB88CC,東正段,.00,都市：商
RPRPMLQJRHOFFCB98CC,福安段,8.75,都市：住
RPTNMLRJRHOFFBB98CC,北屯段,27.51,都市：住
RPQNMLRJRHOFFCB78CC,惠國段,76.20,都市：住
RPROMLTJRHOFFBB56DC,和平段,556.88,都市：住
RPSOMLTJRHOFFBB56CC,賴厝段,124.00,都市：住
RPTQMLTJRHOFFCB96CC,寶文段,.00,非都市： ; 非都市編定：
RPPNMLKKRHOFFJB78CC,育賢段,.00,都市：住
RPUQMLKKRHOFFBB78CC,乾溝子段,23.21,都市：住
RPUQMLKKRHOFFBB78CC,乾溝子段,.66,都市：住
RPQQMLQJRHOFFCB98CC,惠國段,10.96,都市：其他
RPTSMLKKRHOFFBB88CC,中清段,8.56,都市：商
RPTPMLQJRHOFFCB56CC,寶山段,19.73,都市：住
RPUPMLKKRHOFFBB68CC,中興段,4.72,都市：住
RPUSMLKKRHOFFBB98CC,中清段,7.75,都市：商
RPRNMLLKRHOFFJB56DC,新興段,11.82,都市：住
RPTNMLLKRHOFFBB48CC,東峰段,.00,都市：商
RPQPMLKKRHOFFCB38CC,惠民段,21.82,都市：其他
RPTNMLTJRHOFFCB66CC,上石碑段,11.20,都市：住
RPTPMLLKRHOFFCB78CC,大墩段,24.38,都市：住
RPVNMLLKRHOFFFB09CC,市鎮北段,13.09,都市：商
RPUNMLLKRHOFFFB98CC,市鎮北段,18.12,都市：商
RPPNMLMKRHOFFDB48DC,豐洲北段,.00,都市：農
RPOQMLMKRHOFFCB58DC,惠民段,.00,非都市： ; 非都市編定：
RPQRMLLKRHOFFCB68CC,何安段,.00,都市：住
RPPNMLMKRHOFFJB98CC,新光段,21.98,都市：住
RPQOMLMKRHOFFFB78CC,市鎮北段,14.12,都市：商
RPQNMLMKRHOFFCB38CC,大墩段,12.31,都市：住
RPOOMLMKRHOFFCB28CC,保安段,.00,都市：商
RPOOMLMKRHOFFCB28CC,保安段,.00,都市：住
RPPNMLMKRHOFFHB78CC,學雅段,15.24,都市：住
RPOPMLTJRHOFFCB98CC,三塊厝段,14.26,都市：住
RPXNMLMKRHOFFCB09CC,福星段,33.03,都市：住
RPUQMLTJRHOFFCB07CC,寶文段,.00,非都市： ; 非都市編定：
RPROMLMKRHOFFBB48CC,錦村段,.00,都市：住
RPRNMLMKRHOFFCB48CC,民安段,12.57,都市：住
RPXNMLMKRHOFFHB96CC,祥和段,21.40,都市：住
RPQNMLMKRHOFFHB88CC,民生段,.05,都市：住
RPQNMLMKRHOFFHB88CC,民生段,.43,都市：住
RPQNMLMKRHOFFHB88CC,民生段,.73,都市：住
RPQNMLMKRHOFFHB88CC,民生段,24.66,都市：住
RPTQMLQKRHOFFBB66CC,錦村段,.00,都市：住
RPSPMLMKRHOFFBB68CC,東峰段,18.00,都市：住
RPWQMLQKRHOFFBB96CC,水源段,116.00,都市：住
RPWQMLQKRHOFFBB96CC,水源段,19.00,都市：住
RPQRMLQKRHOFFBB09CC,賴厝82bb段,82.00,都市：住
RPQRMLQKRHOFFBB09CC,賴厝82bb段,6.00,都市：住
RPQRMLQKRHOFFBB09CC,賴厝82bb段,17.00,都市：住
RPPTMLQKRHOFFBB56CC,賴厝段,2.97,都市：商
RPPTMLQKRHOFFBB56CC,邱厝子段,2.39,都市：商
RPPNMLMKRHOFFKB09CC,福麗段,1500.00,都市：工
RPQTMLQKRHOFFBB66CC,賴厝段,.14,都市：商
RPQTMLQKRHOFFBB66CC,邱厝子段,.11,都市：商
RPRNMLQKRHOFFKB07CC,遠東段,44.22,都市：住
RPUTMLQKRHOFFBB07CC,東峰段,9.74,都市：商
RPXTMLQKRHOFFBB37CC,東峰段,9.49,都市：商
RPSOMLQKRHOFFAB88CC,土庫段,405.00,都市：商
RPPPMLQKRHOFFCB88CC,惠民段,14.43,都市：其他
RPWPMLQKRHOFFAB76CC,土庫段,7.78,都市：住
RPWTMLQKRHOFFBB27CC,東峰段,6.42,都市：商
RPPOMLRKRHOFFJB96CC,瑞欣段,293.00,都市：工
RPPOMLRKRHOFFJB96CC,瑞欣段,103.00,都市：工
RPSRMLQKRHOFFCB76CC,中正段,6.36,都市：商
RPSPMLQKRHOFFCB56CC,上石碑段,4.18,都市：住
RPPRMLQKRHOFFCB09CC,中正段,6.23,都市：商
RPQRMLQKRHOFFCB56CC,中正段,6.23,都市：商
RPQOMLSKRHOFFBB98CC,松昌段,.00,都市：商
RPQOMLSKRHOFFBB98CC,松昌段,.00,都市：住
RPTNMLSKRHOFFJB37CC,番子路段,.00,都市：住
RPTNMLSKRHOFFJB37CC,番子路段,.00,都市：住
RPROMLRKRHOFFBB98CC,賴厝段,3598.00,都市：住
RPSNMLSKRHOFFJB27CC,番子路段,.00,都市：住
RPSNMLSKRHOFFJB27CC,番子路段,.00,都市：住
RPSNMLSKRHOFFJB27CC,番子路段,.00,都市：住
RPPUMLQKRHOFFBB66CC,東峰段,6.34,都市：商
RPRNMLSKRHOFFHB96CC,三和段,14.22,都市：其他
RPSTMLQKRHOFFBB86CC,賴厝段,4.75,都市：商
RPSTMLQKRHOFFBB86CC,邱厝子段,3.81,都市：商
RPWNMLTKRHOFFAB86CC,萬安段九小段,.00,都市：住
RPWNMLTKRHOFFAB86CC,萬安段九小段,.00,都市：住
RPWNMLTKRHOFFAB86CC,頂橋子頭段,.00,都市：住
RPWNMLTKRHOFFAB86CC,信義段九小段,.00,都市：住
RPTNMLTKRHOFFFB07CC,市鎮北段,17.26,都市：商
RPUOMLTKRHOFFBB86CC,東光段,.00,都市：商
RPPPMLTKRHOFFBB09CC,太祥段,.00,都市：住
RPXOMLSKRHOFFAB96CC,東勢子段,.00,非都市： ; 非都市編定：
RPUOMLSKRHOFFAB66CC,繼光段四小段,.00,非都市： ; 非都市編定：
RPUOMLSKRHOFFAB66CC,繼光段四小段,.00,非都市： ; 非都市編定：
RPRNMLKLRHOFFIB98CC,成功段,.00,都市：住
RPPOMLTKRHOFFCB09CC,上石碑段,.00,都市：住
RPTPMLKLRHOFFCB78CC,國安段,.00,都市：住
RPPQMLTKRHOFFCB66CC,寶文段,.00,都市：住
RPPQMLTKRHOFFCB66CC,寶文段,.00,都市：住
RPPQMLTKRHOFFCB66CC,寶文段,.00,都市：住
RPTNMLKLRHOFFCB58CC,豐功段,.00,都市：住
RPPQMLTKRHOFFCB66CC,寶文段,.00,都市：住
RPXQMLTKRHOFFCB47CC,上石碑段,73.00,都市：住
RPXQMLTKRHOFFCB47CC,上石碑段,19.00,都市：住
RPXNMLKLRHOFFAB78CC,下橋子頭段,.00,都市：住
RPVPMLKLRHOFFBB98DC,水源段,28.84,都市：住
RPUOMLKLRHOFFBB68CC,碧柳段,122.31,都市：住
RPVOMLKLRHOFFAB68CC,公館段,.00,都市：住
RPVOMLKLRHOFFAB68CC,公館段,.00,都市：住
RPSOMLKLRHOFFBB48CC,碧柳段,116.69,都市：住
RPVPMLKLRHOFFAB78CC,振興段,.00,都市：住
RPQNMLLLRHOFFCB38CC,上石碑段,24.28,都市：商
RPUPMLKLRHOFFAB68CC,土庫段,40.75,都市：住
RPVNMLNLRHOFFCB56DC,何厝段,18.00,都市：住
RPQNMLNLRHOFFJB76DC,宜欣段,4.81,都市：住
RPRPMLNLRHOFFCB88CC,田心段,92.00,都市：商
RPRPMLNLRHOFFCB88CC,田心段,94.00,都市：商
RPWOMLNLRHOFFCB66CC,上石碑段,.00,都市：商
RPWOMLNLRHOFFCB66CC,上石碑段,.00,都市：商
RPSOMLKLRHOFFAB38CC,麻園頭段,16.29,都市：住
RPPPMLNLRHOFFCB68CC,大新段,78.00,都市：住
RPPNMLNLRHOFFJB66DC,宜欣段,4.29,都市：住
RPPQMLNLRHOFFCB78CC,上石碑段,.00,都市：住
RPXNMLNLRHOFFAB09CC,下橋子頭段,21.54,都市：住
RPTNMLNLRHOFFIB86CC,興祥段,13.32,都市：住
RPOQMLNLRHOFFCB68CC,福星段,.00,都市：住
RPVOMLNLRHOFFAB98CC,公館段,.00,都市：商
RPVOMLNLRHOFFAB98CC,公館段,.00,都市：住
RPQQMLNLRHOFFCB88CC,中正段,8.13,都市：商
RPQPMLNLRHOFFBB68CC,中清段,8.53,都市：商
RPSOMLNLRHOFFBB78CC,水源段,.00,都市：住
RPVOMLNLRHOFFBB09CC,中清段,8.53,都市：商
RPPOMLOLRHOFFAB58DC,繼光段一小段,22.37,都市：商
RPPPMLNLRHOFFBB58CC,中清段,8.56,都市：商
RPWOMLNLRHOFFBB56CC,中清段,8.56,都市：商
RPOPMLNLRHOFFBB48CC,中清段,8.56,都市：商
RPROMLOLRHOFFCB88CC,寶文段,.00,非都市： ; 非都市編定：
RPQOMLOLRHOFFAB68DC,繼光段一小段,25.01,都市：商
RPXRMLOLRHOFFBB07CC,北屯段,.00,都市：住
RPPQMLOLRHOFFCB88CC,大新段,29.56,都市：商
RPQQMLOLRHOFFCB98CC,大新段,30.59,都市：商
RPOOMLPLRHOFFCB68CC,何厝段,17.56,都市：商
RPPOMLOLRHOFFCB68CC,永新段,178.75,都市：住
RPVNMLPLRHOFFCB66CC,中仁段,28.34,都市：住
RPSNMLPLRHOFFCB98CC,惠民段,17.04,都市：其他
RPROMLPLRHOFFCB98CC,田心段,18.45,都市：住
RPTOMLPLRHOFFCB56CC,大新段,30.73,都市：住
RPQNMLPLRHOFFFB09CC,居仁段,222.37,都市：住
RPQNMLPLRHOFFFB09CC,居仁段,13.86,都市：住
RPQNMLPLRHOFFFB09CC,居仁段,.40,都市：住
RPQPMLPLRHOFFCB98CC,中正段,19.45,都市：商
RPXOMLPLRHOFFCB96CC,福安段,16.75,都市：住
RPSPMLNLRHOFFBB88CC,東峰段,5.92,都市：商
RPUOMLPLRHOFFBB56CC,鑫新平段,1364.62,都市：商
RPTNMLPLRHOFFAB88CC,後子段,18.45,都市：商
RPXNMLQLRHOFFAB76CC,萬安段九小段,.00,都市：住
RPXNMLQLRHOFFAB76CC,正義段九小段,.00,都市：住
RPXNMLQLRHOFFAB76CC,正義段九小段,.00,都市：商
RPXNMLPLRHOFFAB66CC,後子段,4.15,都市：住
RPSOMLQLRHOFFCB66DC,福安段,52.03,都市：其他
RPSNMLQLRHOFFHB96CC,中山段,14.73,都市：住
RPTPMLQLRHOFFCB76CC,龍富段,.00,都市：住
RPVPMLQLRHOFFCB96CC,大新段,36.91,都市：商
RPQPMLPLRHOFFBB88CC,太祥段,21.78,都市：住
RPSPMLPLRHOFFBB09CC,水源段,.00,都市：住
RPSPMLPLRHOFFBB09CC,錦村段,.00,都市：住
RPSPMLPLRHOFFBB09CC,水源段,.00,都市：住
RPSPMLPLRHOFFBB09CC,錦村段,.00,都市：住
RPSPMLPLRHOFFBB09CC,錦村段,.00,都市：住
RPSPMLPLRHOFFBB09CC,錦村段,.00,都市：住
RPSPMLPLRHOFFBB09CC,錦村段,.00,都市：其他
RPSPMLPLRHOFFBB09CC,錦村段,.00,都市：其他
RPXPMLPLRHOFFBB96CC,太原段,22.99,都市：住
RPOOMLRLRHOFFHB76CC,大明段,38.21,都市：住
RPQOMLQLRHOFFBB88CC,邱厝子段,71.00,都市：住
RPUQMLQLRHOFFBB86CC,中清段,.00,都市：住
RPTNMLQLRHOFFBB09CC,邱厝子段,135.00,都市：住
RPPOMLRLRHOFFHB86CC,四德段,14.75,都市：住
RPSNMLRLRHOFFBB09CC,東山段,23.00,都市：住
RPWPMLRLRHOFFBB07CC,松觀段,15.10,都市：住
RPQQMLRLRHOFFBB56CC,文正段,7.79,都市：商
RPTNMLRLRHOFFFB96CC,市鎮北段,19.25,都市：商
RPSOMLRLRHOFFBB56CC,仁德段,.00,都市：住
RPSOMLRLRHOFFBB56CC,仁德段,.00,都市：住
RPPNMLKMRHOFFAB18DC,後子段,.00,都市：住
RPSOMLKMRHOFFFB98CC,市鎮北段,8.05,都市：商
RPVPMLRLRHOFFCB07CC,西屯段,.00,都市：住
RPVPMLRLRHOFFCB07CC,西屯段,.00,都市：住
RPOSMLRLRHOFFCB66CC,中和段,32.75,都市：住
RPRQMLQLRHOFFCB66CC,惠國段,13.01,都市：其他
RPOOMLRLRHOFFBB78CC,青雲段,165.00,都市：商
RPUQMLRLRHOFFAB86CC,下橋子頭段,13.77,都市：住
RPQOMLRLRHOFFBB98CC,邱厝子段,160.00,都市：住
RPPPMLKMRHOFFBB38CC,東峰段,54.37,都市：商
RPPOMLKMRHOFFCB38CC,黎明段,49.95,都市：住
RPPPMLKMRHOFFCB48CC,上石碑段,19.85,都市：住
RPSPMLKMRHOFFAB58CC,麻園頭段,19.83,都市：住
RPPOMLLJIIOFFDB57DC,萬年段,119.98,都市：住
RPWPMLLJIIOFFCB18CC,何安段,7.45,都市：住
RPOPMLLJIIOFFBB37DC,邱厝子段,3.30,都市：住
RPUPMLLJIIOFFBB97DC,賴厝段,6.60,都市：住
RPSPMLLJIIOFFBB77DC,北屯段,17.30,都市：住
RPSRMLLJIIOFFCB97CC,國安段,26.03,都市：住
RPQPMLLJIIOFFBB57DC,賴厝段,6.98,都市：住
RPRRMLLJIIOFFCB87CC,國安段,26.03,都市：住
RPRPMLLJIIOFFBB67DC,東光段,3.05,都市：住
RPOQMLLJIIOFFBB37CC,乾溝子段,.67,都市：住
RPOQMLLJIIOFFBB37CC,乾溝子段,23.56,都市：住
RPOOMLLJIIOFFIB87CC,東榮段,22.68,都市：住
RPPQMLLJIIOFFCB57CC,大新段,35.60,都市：住
RPPQMLLJIIOFFCB57CC,大新段,16.82,都市：住
RPSQMLLJIIOFFBB77CC,東峰段,10.29,都市：商
RPVQMLLJIIOFFBB08CC,賴厝段,.14,都市：商
RPVQMLLJIIOFFBB08CC,邱厝子段,.11,都市：商
RPTRMLLJIIOFFCB08CC,豐功段,20.73,都市：商
RPTQMLLJIIOFFBB87CC,東峰段,9.24,都市：商
RPTRMLLJIIOFFBB97CC,東山段,16.84,都市：住
RPVRMLLJIIOFFBB18CC,乾溝子段,6.65,都市：商
RPQQMLLJIIOFFAB47CC,公館段,10.20,都市：商
RPXQMLLJIIOFFBB28CC,賴厝段,3.33,都市：商
RPXQMLLJIIOFFBB28CC,邱厝子段,2.68,都市：商
RPURMLLJIIOFFBB08CC,陳平段,15.88,都市：住
RPTNMLMJIIOFFAB57CC,樹子腳段,8.31,都市：商
RPPQMLLJIIOFFAB37CC,正義段九小段,6.47,都市：商
RPPQMLLJIIOFFAB37CC,正義段九小段,6.72,都市：商
RPTNMLMJIIOFFHB28CC,學雅段,27.00,都市：住
RPTNMLMJIIOFFHB28CC,學雅段,14.80,都市：住
RPVNMLMJIIOFFAB77CC,頂橋子頭段,11.65,都市：住
RPVNMLMJIIOFFAB77CC,頂橋子頭段,9.99,都市：住
RPVNMLMJIIOFFAB77CC,頂橋子頭段,.90,都市：住
RPUNMLMJIIOFFHB38CC,學雅段,27.00,都市：住
RPUNMLMJIIOFFHB38CC,學雅段,14.80,都市：住
RPQOMLMJIIOFFJB28CC,育賢段,.00,都市：商
RPWNMLMJIIOFFIB68CC,北新段,180.09,都市：住
RPTOMLMJIIOFFAB67CC,後子段,4.04,都市：商
RPTOMLMJIIOFFAB67CC,後子段,.75,都市：商
RPTOMLMJIIOFFBB77CC,東義段,3.70,都市：住
RPVNMLMJIIOFFIB58CC,振坤段,21.05,都市：住
RPWNMLNJIIOFFFB48CC,大學段,5.20,都市：住
RPPNMLNJIIOFFIB18DC,吉隆段,82.76,都市：住
RPVOMLMJIIOFFBB97CC,東義段,3.70,都市：住
RPVNMLNJIIOFFFB38CC,大學段,4.93,都市：住
RPSPMLMJIIOFFAB67CC,後子段,4.04,都市：商
RPSPMLMJIIOFFAB67CC,後子段,.75,都市：商
RPORMLNJIIOFFBB67CC,東信段,21.90,都市：住
RPRPMLNJIIOFFCB87CC,惠國段,24.42,都市：商
RPXRMLNJIIOFFCB68CC,寶山段,.00,非都市： ; 非都市編定：
RPVNMLNJIIOFFKB88CC,東園段,.00,非都市：鄉村區 ; 非都市編定：乙種建築用地
RPUQMLNJIIOFFCB28CC,新富段,.00,都市：住
RPUQMLNJIIOFFCB28CC,新富段,.00,都市：住
RPXTMLNJIIOFFCB88CC,中和段,13.20,都市：商
RPQRMLNJIIOFFBB87CC,平田段,8.88,都市：住
RPQRMLNJIIOFFBB87CC,平田段,1.64,都市：住
RPSOMLNJIIOFFIB58DC,東湖段,13.74,都市：住
RPTNMLOJIIOFFJB68CC,樹孝段,.00,都市：住
RPTNMLOJIIOFFJB68CC,樹孝段,.00,都市：住
RPTNMLOJIIOFFJB68CC,樹孝段,.00,都市：住
RPQNMLOJIIOFFCB67CC,上石碑段,.00,都市：住
RPQNMLNJIIOFFDB67CC,福隆段,140.00,都市：住
RPUNMLOJIIOFFCB08CC,西屯段,.00,都市：住
RPUNMLOJIIOFFCB08CC,西屯段,.00,都市：住
RPUNMLOJIIOFFCB08CC,西屯段,.00,都市：住
RPUNMLOJIIOFFCB08CC,西屯段,.00,都市：住
RPRQMLMJIIOFFBB77CC,邱厝子段,.00,都市：住
RPSNMLOJIIOFFFB18CC,梧棲段,60.00,都市：商
RPSNMLOJIIOFFBB77CC,文正段,7.50,都市：住
RPSNMLOJIIOFFBB77CC,文正段,1.10,都市：住
RPSNMLOJIIOFFJB58CC,新高段,.00,都市：商
RPROMLPJIIOFFCB08DC,福星段,.00,非都市： ; 非都市編定：
RPVNMLOJIIOFFBB08CC,文正段,6.00,都市：住
RPVNMLOJIIOFFBB08CC,文正段,.88,都市：住
RPTNMLRJIIOFFFB58CC,永安段,806.00,都市：工
RPTNMLRJIIOFFFB58CC,永安段,210.00,都市：工
RPTNMLRJIIOFFFB58CC,永安段,993.00,都市：工
RPTNMLRJIIOFFFB58CC,永安段,152.00,都市：工
RPTNMLRJIIOFFFB58CC,永安段,726.00,都市：工
RPVNMLOJIIOFFCB28DC,上石碑段,403.52,都市：商
RPPOMLOJIIOFFAB47CC,後子段,.00,都市：住
RPUNMLOJIIOFFBB97CC,松茂段,107.00,都市：住
RPSNMLRJIIOFFBB08CC,水源段,.00,都市：住
RPSNMLRJIIOFFBB08CC,水源段,.00,都市：住
RPSNMLRJIIOFFBB08CC,水源段,.00,都市：其他
RPTNMLRJIIOFFBB18CC,軍福段,.00,都市：商
RPPRMLRJIIOFFBB18CC,賴厝段,3.19,都市：商
RPPRMLRJIIOFFBB18CC,邱厝子段,2.56,都市：商
RPXNMLPJIIOFFBB38CC,賴厝段,19.55,都市：商
RPTRMLRJIIOFFBB58CC,東峰段,11.63,都市：商
RPOOMLOJIIOFFBB47CC,文正段,7.50,都市：住
RPOOMLOJIIOFFBB47CC,文正段,1.10,都市：住
RPSRMLRJIIOFFBB48CC,中清段,8.56,都市：商
RPVNMLRJIIOFFAB28CC,公館段,1.26,都市：住
RPVNMLRJIIOFFAB28CC,公館段,1.09,都市：住
RPWNMLRJIIOFFAB38CC,中華段四小段,2.39,都市：商
RPWNMLRJIIOFFAB38CC,中華段四小段,.71,都市：商
RPVOMLRJIIOFFCB58CC,惠國段,.00,都市：其他
RPVOMLRJIIOFFCB58CC,惠國段,.00,都市：其他
RPOQMLRJIIOFFCB08CC,春安段,.00,都市：商
RPQRMLRJIIOFFCB38CC,永春段,414.71,都市：住
RPXNMLRJIIOFFAB48CC,麻園頭段,17.92,都市：住
RPVRMLRJIIOFFBB78CC,東峰段,9.74,都市：商
RPRRMLRJIIOFFBB38CC,東峰段,9.49,都市：商
RPORMLRJIIOFFBB08CC,賴厝段,3.11,都市：商
RPORMLRJIIOFFBB08CC,邱厝子段,2.49,都市：商
RPURMLRJIIOFFBB68CC,東峰段,9.24,都市：商
RPVPMLSJIIOFFBB78DC,東義段,155.00,都市：住
RPXNMLTJIIOFFAB68CC,後子段,157.47,都市：住
RPRRMLRJIIOFFCB48CC,中正段,8.57,都市：商
RPVPMLTJIIOFFAB68CC,柳川段一小段,.00,都市：商
RPOQMLTJIIOFFAB08CC,麻園頭段,37.27,都市：商
RPWOMLTJIIOFFCB88CC,南屯段,9.19,都市：商
RPVOMLTJIIOFFCB78CC,上石碑段,.00,都市：商
RPVOMLTJIIOFFCB78CC,上石碑段,.00,都市：商
RPVOMLTJIIOFFCB78CC,上石碑段,.00,都市：商
RPVOMLTJIIOFFCB78CC,上石碑段,.00,都市：商
RPVOMLTJIIOFFCB78CC,上石碑段,.00,都市：商
RPVOMLTJIIOFFCB78CC,上石碑段,.00,都市：商
RPQOMLTJIIOFFAB08CC,麻園頭段,53.00,都市：住
RPPNMLLKIIOFFAB17CC,中墩段四小段,18.00,都市：商
RPPNMLLKIIOFFAB17CC,中墩段四小段,18.00,都市：商
RPPNMLLKIIOFFAB17CC,中墩段四小段,58.00,都市：商
RPVNMLTJIIOFFDB78CC,社南段,1076.00,都市：農
RPPNMLLKIIOFFBB27CC,東山段,365.00,都市：住
RPWNMLLKIIOFFBB97CC,中清段,8.56,都市：商
RPQNMLKKIIOFFFB67CC,市鎮北段,15.92,都市：商
RPUNMLLKIIOFFBB77CC,中清段,7.75,都市：商
RPVNMLLKIIOFFBB87CC,中清段,8.56,都市：商
RPSNMLOKIIOFFFB28CC,梧棲段,8.96,都市：商
RPQPMLSJIIOFFAB08CC,大益段,.00,都市：住
RPPNMLKKIIOFFFB57CC,市鎮北段,16.00,都市：商
RPTNMLOKIIOFFFB38CC,銀聯段,104.00,都市：住
RPUNMLOKIIOFFJB88CC,新興段,.00,都市：住
RPSNMLLKIIOFFJB38CC,壽平段,80.00,都市：住
RPOOMLOKIIOFFCB67CC,惠民段,15.24,都市：其他
RPSPMLOKIIOFFBB08CC,賴厝段,3.05,都市：商
RPSPMLOKIIOFFBB08CC,邱厝子段,2.45,都市：商
RPTPMLOKIIOFFAB08CC,後子段,15.75,都市：住
RPRNMLOKIIOFFCB87CC,保安段,.00,都市：住
RPSNMLOKIIOFFCB97CC,保安段,.00,都市：住
RPRPMLOKIIOFFBB97CC,賴厝段,.14,都市：商
RPRPMLOKIIOFFBB97CC,邱厝子段,.11,都市：商
RPUPMLOKIIOFFBB28CC,東峰段,9.99,都市：商
RPVOMLOKIIOFFCB38CC,惠順段,27.47,都市：其他
RPROMLPKIIOFFCB08CC,惠國段,67.14,都市：住
RPOOMLPKIIOFFCB77CC,惠民段,4.41,都市：其他
RPPOMLPKIIOFFCB87CC,上石碑段,29.26,都市：住
RPWNMLPKIIOFFCB48CC,惠民段,1793.45,都市：其他
RPPPMLPKIIOFFBB87CC,東義段,33.90,都市：住
RPXPMLPKIIOFFBB68CC,東正段,119.00,都市：住
RPUNMLPKIIOFFBB18CC,賴厝段,19.80,都市：住
RPWQMLPKIIOFFBB68CC,賴厝段,58517.00,都市：住
RPVNMLPKIIOFFDB48CC,文德段,.00,都市：住
RPUNMLQKIIOFFHB88CC,上楓段,19.02,都市：住
RPWNMLQKIIOFFHB09CC,四維段,101.66,都市：住
RPVQMLPKIIOFFBB58CC,平田段,5878.00,都市：住
RPPNMLQKIIOFFBB77CC,水源段,.00,都市：住
RPPNMLQKIIOFFBB77CC,水源段,.00,都市：住
RPPOMLQKIIOFFCB08DC,中和段,258.00,都市：商
RPQOMLQKIIOFFCB18DC,民安段,75.67,都市：商
RPUNMLQKIIOFFJB09CC,欣欣段,.00,都市：工
RPWOMLQKIIOFFJB76CC,勤益段,.00,非都市：鄉村區 ; 非都市編定：乙種建築用地
RPVOMLQKIIOFFJB66CC,勤益段,.00,非都市：鄉村區 ; 非都市編定：乙種建築用地
RPTOMLQKIIOFFJB09CC,勤益段,.00,非都市：鄉村區 ; 非都市編定：乙種建築用地
RPWQMLQKIIOFFBB78CC,賴厝段,.29,都市：商
RPWQMLQKIIOFFBB78CC,邱厝子段,.23,都市：商
RPUQMLQKIIOFFBB58CC,賴厝段,.21,都市：商
RPUQMLQKIIOFFBB58CC,邱厝子段,.17,都市：商
RPPOMLQKIIOFFBB87CC,北屯段,103.00,都市：工
RPTQMLQKIIOFFBB48CC,賴厝段,2.95,都市：商
RPTQMLQKIIOFFBB48CC,邱厝子段,2.37,都市：商
RPPNMLQKIIOFFIB58DC,大孝段,738.74,都市：住
RPRNMLQKIIOFFCB08CC,田心段,.00,都市：住
RPUNMLQKIIOFFCB38CC,中正段,10.94,都市：商
RPPOMLQKIIOFFAB77CC,麻園頭段,17.26,都市：商
RPQOMLQKIIOFFAB87CC,頂橋子頭段,.00,都市：其他
RPTOMLQKIIOFFCB38CC,寶文段,48.94,都市：住
RPVNMLQKIIOFFDB58CC,聯合段,121.07,都市：住
RPRPMLQKIIOFFAB08CC,頂橋子頭段,.00,都市：住
RPVOMLQKIIOFFCB58CC,惠仁段,19.64,都市：商
RPOOMLQKIIOFFCB87CC,西屯段,.00,都市：住
RPTOMLQKIIOFFAB18CC,半平厝段,.00,非都市： ; 非都市編定：
RPQQMLQKIIOFFCB28CC,上石碑段,.00,非都市： ; 非都市編定：
RPSNMLQKIIOFFAB97CC,下橋子頭段,1.85,都市：商
RPVNMLRKIIOFFIB66DC,新仁段,82.00,都市：住
RPTNMLRKIIOFFCB38CC,埔興段,56.00,都市：住
RPXNMLRKIIOFFKB96CC,茄投段,1275.00,都市：工
RPXNMLRKIIOFFKB96CC,茄投段,215.00,都市：工
RPXNMLRKIIOFFKB96CC,茄投段,1.00,都市：工
RPXNMLRKIIOFFKB96CC,茄投段,58.00,都市：工
RPTOMLRKIIOFFCB48CC,中正段,8.49,都市：商
RPVOMLRKIIOFFCB68CC,中正段,5.55,都市：商
RPWOMLRKIIOFFIB76CC,新榮和段,2.90,都市：住
RPXNMLRKIIOFFAB58CC,麻園頭段,19.85,都市：住
RPOOMLRKIIOFFAB77CC,麻園頭段,15.28,都市：住
RPXOMLRKIIOFFIB86CC,新榮和段,2.90,都市：住
RPSPMLRKIIOFFAB28CC,樹子腳段,103.24,都市：住
RPRNMLSKIIOFFIB88CC,新榮和段,2.90,都市：住
RPSNMLSKIIOFFIB98CC,新榮和段,2.90,都市：住
RPQNMLSKIIOFFIB78CC,新榮和段,2.90,都市：住
RPWOMLRKIIOFFCB78CC,上石碑段,3.49,都市：商
RPWOMLRKIIOFFCB78CC,上石碑段,3.12,都市：商
RPWNMLQKIIOFFDB68CC,三豐段,81.44,都市：住
RPQQMLSKIIOFFCB58DC,大新段,482.00,都市：其他
RPUPMLRKIIOFFBB58CC,東峰段,9.74,都市：商
RPPOMLSKIIOFFBB18DC,水源段,28.84,都市：住
RPPPMLRKIIOFFBB08CC,東峰段,9.89,都市：住
RPVPMLRKIIOFFBB68CC,東峰段,9.23,都市：商
RPSQMLSKIIOFFBB58CC,邱厝子段,26.04,都市：住
RPUNMLSKIIOFFBB48CC,景美段,29.46,都市：住
RPQOMLRKIIOFFBB08CC,錦村段,.00,非都市： ; 非都市編定：
RPWNMLSKIIOFFBB68CC,太和段,.00,都市：住
RPQOMLSKIIOFFBB18CC,陳平段,.00,都市：住
RPXRMLSKIIOFFBB56CC,東信段,.00,都市：住
RPTPMLSKIIOFFAB48CC,後子段,.00,都市：住
RPTPMLSKIIOFFAB48CC,後子段,.00,都市：商
RPROMLLLIIOFFCB87DC,西屯段,18.70,都市：住
RPPQMLSKIIOFFCB38CC,惠禮段,14.37,都市：住
RPWPMLLLIIOFFJB09CC,宜欣段,.00,都市：商
RPTOMLLLIIOFFCB97CC,田心段,74.00,都市：住
RPXPMLSKIIOFFAB88CC,信義段七小段,103.00,都市：住
RPVPMLLLIIOFFCB28CC,福德段,872.87,都市：商
RPWPMLLLIIOFFCB38CC,惠民段,10.02,都市：商
RPVOMLLLIIOFFCB18CC,黎明段,93.86,都市：住
RPUQMLLLIIOFFCB28CC,寶山段,14.48,都市：住
RPUNMLSKIIOFFCB58CC,春安段,.00,都市：商
RPSOMLLLIIOFFAB67CC,練武段,1.81,都市：住
RPOPMLLLIIOFFAB37CC,麻園頭段,2.91,都市：住
RPPOMLLLIIOFFBB47CC,太順段,.00,都市：住
RPTQMLLLIIOFFBB08CC,太祥段,19.47,都市：住
RPXPMLMLIIOFFIB56CC,中興段,28.00,都市：商
RPXOMLLLIIOFFJB09CC,長億段,22.64,都市：住
RPUNMLLLIIOFFIB58CC,烏日段,72.00,都市：住
RPWOMLMLIIOFFBB28CC,乾溝子段,9.50,都市：住
RPUPMLMLIIOFFIB88CC,新三和段,30.39,都市：住
RPUPMLLLIIOFFAB97CC,麻園頭段,.00,都市：住
RPPOMLMLIIOFFAB47CC,土庫段,20.09,都市：住
RPQPMLMLIIOFFAB67CC,頂橋子頭段,.34,都市：住
RPQPMLMLIIOFFAB67CC,頂橋子頭段,.75,都市：住
RPQPMLMLIIOFFAB67CC,頂橋子頭段,.30,都市：住
RPXUMLMLIIOFFBB98CC,東峰段,23.62,都市：住
RPPVMLMLIIOFFBB28CC,錦村段,61.00,都市：住
RPVOMLMLIIOFFBB18CC,北屯段,180.00,都市：商
RPOVMLMLIIOFFBB18CC,東光段,33.64,都市：住
RPSUMLMLIIOFFBB48CC,建業段,26.86,都市：住
RPOOMLMLIIOFFAB37CC,樹子腳段,25.67,都市：住
RPRPMLMLIIOFFAB77CC,旱溪段,39.53,都市：住
RPRVMLMLIIOFFBB48CC,東義段,3.70,都市：住
RPVOMLMLIIOFFCB28CC,福德段,15.10,都市：商
RPRQMLMLIIOFFCB08CC,惠民段,27.22,都市：其他
RPTRMLMLIIOFFCB38CC,惠民段,13.28,都市：其他
RPQRMLMLIIOFFCB08CC,福安段,26.12,都市：住
RPSPMLNLIIOFFBB18DC,文正段,8.31,都市：商
RPSPMLNLIIOFFBB18DC,文正段,8.77,都市：商
RPVNMLMLIIOFFDB28CC,安康段,73.38,都市：住
RPRVMLMLIIOFFCB58CC,中和段,19.34,都市：住
RPPTMLNLIIOFFCB28CC,中正段,9.01,都市：商
RPOTMLNLIIOFFCB18CC,中正段,5.31,都市：商
RPPVMLMLIIOFFCB38CC,大墩段,18.88,都市：商
RPPNMLNLIIOFFFB97CC,南勢坑段埔子小段,22.38,都市：住
RPPNMLNLIIOFFFB97CC,南勢坑段埔子小段,66.00,都市：住
RPQPMLOLIIOFFBB08DC,松昌段,21.89,都市：住
RPTNMLNLIIOFFAB87CC,尚武段,36.66,都市：商
RPPPMLNLIIOFFBB77CC,東峰段,10.25,都市：商
RPVNMLNLIIOFFAB08CC,後子段,.00,都市：商
RPXNMLOLIIOFFBB48CC,東新段,.00,都市：住
RPPOMLOLIIOFFIB48CC,新義段,5.63,都市：住
RPPOMLOLIIOFFIB48CC,新義段,46.04,都市：住
RPRNMLOLIIOFFBB87CC,錦村段,.00,都市：商
RPVOMLNLIIOFFBB28CC,東山段,21.86,都市：住
RPXOMLNLIIOFFBB48CC,東峰段,11.80,都市：商
RPROMLOLIIOFFBB97CC,東正段,21.45,都市：住
RPSNMLNLIIOFFAB77CC,下橋子頭段,1.83,都市：商
RPPOMLNLIIOFFAB57CC,頂橋子頭段,10.88,都市：住
RPRNMLNLIIOFFAB67CC,下橋子頭段,6.12,都市：商
RPORMLOLIIOFFBB97CC,東正段,12.40,都市：住
RPOOMLOLIIOFFAB57CC,頂橋子頭段,8.76,都市：住
RPTQMLOLIIOFFBB38CC,太原段,14.92,都市：住
RPSOMLOLIIOFFBB08CC,東正段,21.45,都市：住
RPOQMLOLIIOFFCB97CC,黎明段,12.69,都市：住
RPPOMLOLIIOFFAB67CC,頂橋子頭段,8.76,都市：住
RPQOMLOLIIOFFAB77CC,尚武段,26.88,都市：住
RPWOMLOLIIOFFAB38CC,下橋子頭段,2.41,都市：商
RPUNMLOLIIOFFDB38CC,南陽段,100.13,都市：住
RPPOMLPLIIOFFFB28CC,六福段,20.86,都市：住
RPTSMLOLIIOFFCB68CC,民安段,9.07,都市：住
RPVOMLPLIIOFFAB38CC,半平厝段,8.40,都市：住
RPXVMLPLIIOFFCB86CC,中和段,24.69,都市：住
RPOPMLPLIIOFFCB97CC,春安段,13.60,都市：住
RPOPMLPLIIOFFCB97CC,春安段,1.92,都市：住
RPOPMLPLIIOFFCB97CC,春安段,1.92,都市：住
RPRNMLPLIIOFFAB87CC,頂橋子頭段,21.46,都市：住
RPTNMLPLIIOFFJB98CC,平欣段,9.50,都市：商
RPROMLPLIIOFFAB97CC,土庫段,24.76,都市：住
RPROMLPLIIOFFAB97CC,土庫段,1.03,都市：住
RPROMLPLIIOFFAB97CC,土庫段,1.33,都市：住
RPSQMLOLIIOFFCB38CC,大墩段,11.07,都市：住
RPOPMLPLIIOFFAB77CC,頂橋子頭段,10.88,都市：住
RPXOMLPLIIOFFAB58CC,忠孝段四小段,13.78,都市：住
RPXOMLPLIIOFFAB58CC,忠孝段四小段,13.22,都市：住
RPQSMLOLIIOFFCB38CC,田心段,29.31,都市：住
RPPPMLPLIIOFFAB87CC,頂橋子頭段,10.88,都市：住
RPQPMLPLIIOFFAB97CC,頂橋子頭段,10.88,都市：住
RPOPMLPLIIOFFBB87CC,北屯段,21.22,都市：住
RPPOMLPLIIOFFBB87CC,東光段,2.36,都市：商
RPVNMLPLIIOFFBB38CC,乾溝子段,.00,都市：住
RPVNMLPLIIOFFBB38CC,乾溝子段,.00,都市：住
RPQNMLQLIIOFFBB97CC,東山段,2058.00,都市：住
RPOPMLSLIIOFFJB98CC,中華段,83.06,非都市：鄉村區 ; 非都市編定：乙種建築用地
RPTPMLSLIIOFFAB68DC,繼光段五小段,.00,都市：商
RPTPMLSLIIOFFAB68DC,繼光段五小段,.00,都市：商
RPRNMLQLIIOFFBB08CC,東山段,2697.00,都市：商
RPPQMLSLIIOFFHB98CC,牛埔段,70.81,都市：農
RPOQMLSLIIOFFHB88CC,四德段,24.20,都市：住
RPTQMLPLIIOFFBB48CC,賴厝段,15.30,都市：住
RPUPMLPLIIOFFBB48CC,松竹段,16.07,都市：住
RPTPMLPLIIOFFBB38CC,松昌段,4.40,都市：住
RPSRMLSLIIOFFIB86CC,武德段,23.25,都市：住
RPSQMLSLIIOFFHB66CC,石牌段,20.38,都市：住
RPURMLSLIIOFFIB07CC,仁化段,13.83,都市：住
RPWNMLSLIIOFFFB56CC,六福段,12.83,都市：住
RPPNMLSLIIOFFFB48CC,六福段,20.86,都市：住
RPQPMLSLIIOFFIB09CC,峰西段,12.06,都市：商
RPVRMLSLIIOFFIB17CC,東榮段,3.58,都市：住
RPWRMLSLIIOFFIB27CC,武德段,19.54,都市：住
RPUNMLSLIIOFFBB58CC,東正段,3.21,都市：住
RPUNMLSLIIOFFBB58CC,東正段,11.25,都市：住
RPRNMLSLIIOFFBB28CC,仁德段,26.07,都市：住
RPROMLSLIIOFFBB38CC,建和段,33.99,都市：住
RPSTMLSLIIOFFAB88CC,練武段,11.45,都市：商
RPVOMLSLIIOFFBB78CC,北屯段,567.00,都市：其他
RPTTMLSLIIOFFAB98CC,城隍段三小段,11.03,都市：住
RPTTMLSLIIOFFAB98CC,城隍段三小段,4.63,都市：住
RPTTMLSLIIOFFAB98CC,城隍段三小段,27.12,都市：住
RPXNMLSLIIOFFCB98CC,中義段,14.00,都市：住
RPXNMLSLIIOFFCB98CC,中義段,10.60,都市：住
RPTRNLSLIIOFFCB09CC,上石碑段,16.91,都市：住
RPSPMLSLIIOFFCB68CC,寶山段,11.35,都市：住
RPPSNLSLIIOFFCB78CC,國安段,3.84,都市：住
RPOTMLSLIIOFFBB58CC,中清段,8.50,都市：商
RPQSNLSLIIOFFCB88CC,國安段,34.71,都市：住
RPOPMLTLIIOFFFB68CC,大同段,19.43,都市：商
RPSOMLSLIIOFFAB38CC,公館段,3.04,都市：商
RPXOMLTLIIOFFFB86CC,六福段,28.78,都市：住
RPQPMLTLIIOFFCB58CC,中和段,.00,都市：住
RPQPMLTLIIOFFCB58CC,中和段,.00,都市：住
RPRNNLTLIIOFFCB58CC,永富段,387.27,都市：住
RPRNNLTLIIOFFCB58CC,永富段,45.44,都市：住
RPUVMLTLIIOFFCB96CC,惠國段,27.00,都市：商
RPQWMLTLIIOFFCB66CC,中正段,8.56,都市：住
RPROMLTLIIOFFHB09CC,四德段,11.70,都市：住
RPWSMLSLIIOFFBB66CC,東山段,40.29,都市：住
RPROMLTLIIOFFDB68CC,市政段,60.56,都市：其他
RPTPMLTLIIOFFBB78CC,錦村段,9.44,都市：商
RPUPMLTLIIOFFAB78CC,公館段,8.97,都市：住
RPSQMLTLIIOFFBB78CC,錦村段,11.25,都市：住
RPSQMLTLIIOFFBB78CC,錦村段,6.33,都市：住
RPSQMLTLIIOFFBB78CC,錦村段,1.08,都市：住
RPQPMLTLIIOFFAB38CC,頂橋子頭段,10.73,都市：住
RPWPMLTLIIOFFAB98CC,公館段,3.98,都市：住
RPWPMLTLIIOFFAB98CC,公館段,4.60,都市：住
RPORMLTLIIOFFBB48CC,仁和段,20.11,都市：住
RPTSMLSLIIOFFBB98CC,東義段,26.02,都市：住
RPPOMLSLIIOFFBB18CC,中興段,5.08,都市：住
RPPTMLSLIIOFFBB68CC,北屯段,13.68,都市：商
RPXSMLSLIIOFFBB76CC,中清段,8.53,都市：商
RPURMLKMIIOFFAB28DC,公館段,2.17,都市：住
RPURMLKMIIOFFAB28DC,公館段,2.51,都市：住
RPQSMLKMIIOFFAB97DC,土庫段,12.19,都市：住
RPRRMLTLIIOFFBB78CC,錦村段,11.23,都市：住
RPQOMLKMIIOFFIB28CC,新榮和段,3.97,都市：住
RPXRMLTLIIOFFBB76CC,平田段,10.52,都市：住
RPVOMLKMIIOFFJB88CC,宜欣段,22.22,都市：住
RPROMLKMIIOFFIB38CC,新榮和段,3.97,都市：住
RPPOMLKMIIOFFFB87CC,市鎮北段,14.99,都市：商
RPWOMLKMIIOFFFB58CC,新犁份段,31.69,都市：住
RPUNMLKMIIOFFFB28CC,市鎮北段,18.12,都市：商
RPUOMLKMIIOFFJB78CC,宜欣段,22.22,都市：住
RPWOMLKMIIOFFIB88CC,益民段,40.20,都市：住
RPSOMLKMIIOFFIB48CC,立仁段,23.90,非都市：鄉村區 ; 非都市編定：乙種建築用地
RPPPMLKMIIOFFBB67DC,賴厝段,6.42,都市：住
RPUNMLKMIIOFFJB78DC,忠平段,335.00,都市：工
RPQPMLKMIIOFFBB77DC,賴厝段,6.59,都市：住
RPVNMLKMIIOFFBB97CC,文正段,6.00,都市：住
RPVNMLKMIIOFFBB97CC,文正段,.88,都市：住
RPTOMLKMIIOFFBB87CC,東峰段,9.18,都市：住
RPVOMLKMIIOFFBB08CC,東光段,.00,都市：住
RPROMLKMIIOFFBB67CC,東山段,70.00,都市：商
RPRPMLKMIIOFFAB67CC,後子段,33.53,都市：其他
RPOPMLKMIIOFFBB47CC,太祥段,20.33,都市：住
RPXOMLKMIIOFFIB98CC,東湖段,22.47,都市：商
RPTPMLKMIIOFFBB97CC,東山段,21.77,都市：住
RPUNMLLMIIOFFIB68CC,中興段,.00,都市：住
RPSOMLLMIIOFFIB58CC,霧峰段霧峰小段,106.49,非都市：山坡地保育區 ; 非都市編定：丙種建築用地
RPVNMLLMIIOFFHB68CC,中山段,10.00,都市：住
RPSPMLKMIIOFFAB77CC,麻園頭段,14.90,都市：住
RPVQMLLMIIOFFCB48CC,中義段,4.71,都市：住
RPOVMLKMIIOFFAB97CC,公館段,1.28,都市：商
RPOVMLKMIIOFFAB97CC,公館段,1.47,都市：商
RPPOMLLMIIOFFBB67DC,錦村段,.00,非都市： ; 非都市編定：
RPWQMLLMIIOFFCB58CC,中義段,4.71,都市：住
RPWRMLLMIIOFFCB68CC,南屯段,15.13,都市：住
RPSWNLKMIIOFFCB78CC,惠民段,10.13,都市：其他
RPPTMLLMIIOFFAB97CC,旱平段,24.11,都市：住
RPTTMLLMIIOFFAB38CC,頂橋子頭段,10.88,都市：住
RPVONLLMIIOFFCB38CC,三塊厝段,16.56,都市：住
RPRNMLLMIIOFFAB57CC,下橋子頭段,21.50,都市：住
RPVPMLLMIIOFFBB28CC,北屯段,3.04,都市：住
RPOUMLLMIIOFFAB97CC,尚武段,6.01,都市：住
RPOUMLLMIIOFFAB97CC,尚武段,27.96,都市：住
RPWPMLLMIIOFFBB38CC,中清段,8.53,都市：商
RPOPNLLMIIOFFCB77CC,中正段,10.54,都市：商
RPRWMLLMIIOFFCB68CC,保安段,8.98,都市：住
RPRWMLLMIIOFFCB68CC,保安段,7.27,都市：住
RPPQMLLMIIOFFBB77CC,賴厝段,.21,都市：商
RPPQMLLMIIOFFBB77CC,邱厝子段,.17,都市：商
RPOQMLLMIIOFFBB67CC,賴厝段,2.96,都市：商
RPOQMLLMIIOFFBB67CC,邱厝子段,2.38,都市：商
RPQQMLLMIIOFFBB87CC,東峰段,6.34,都市：商
RPWOMLLJJIOFFBB08CC,水湳段,48.00,都市：住
RPQPMLLJJIOFFBB57CC,東義段,25.83,都市：住
RPUNMLLMIIOFFDB18CC,三陽段,.00,都市：住
RPOOMLLJJIOFFFB67CC,文光段,100.10,都市：住
RPQOMLLJJIOFFFB87CC,市鎮北段,15.00,都市：商
RPXNMLLJJIOFFHB68CC,東寶一段,15.55,都市：住
RPQPMLLJJIOFFAB47CC,東勢子段,10.60,都市：住
RPTPMLLJJIOFFAB77CC,麻園頭段,25.57,都市：住
RPQQMLLJJIOFFCB77CC,惠國段,.00,都市：其他
RPQQMLLJJIOFFCB77CC,惠國段,.00,都市：其他
RPWNMLLJJIOFFHB58CC,家興段,9.32,都市：住
RPQSMLLJJIOFFCB97CC,寶山段,.00,都市：住
RPWOMLOJJIOFFIB09CC,北新段,12.64,都市：住
RPRPMLOJJIOFFCB18DC,惠順段,26.37,都市：商
RPUOMLLJJIOFFJB68CC,光明段,27.50,非都市：鄉村區 ; 非都市編定：乙種建築用地
RPRQMLLJJIOFFCB87CC,國安段,5.24,都市：住
RPOTMLLJJIOFFCB87CC,惠國段,27.00,都市：商
RPQUMLLJJIOFFCB18CC,惠信段,22.82,都市：住
RPQPMLOJJIOFFIB58CC,北新段,14.28,都市：住
RPVOMLOJJIOFFIB98CC,吉隆段,27.07,都市：住
RPVOMLOJJIOFFIB98CC,吉隆段,.10,都市：住
RPUPMLOJJIOFFAB18CC,樹子腳段,114.00,都市：住
RPVNMLOJJIOFFBB18CC,邱厝子段,44.77,都市：住
RPSOMLOJJIOFFAB87CC,仁愛段二小段,.00,都市：商
RPOOMLOJJIOFFBB57CC,太祥段,18.44,都市：住
RPWQMLOJJIOFFCB68CC,福德段,.00,都市：住
RPSPMLOJJIOFFCB18CC,國安段,29.08,都市：住
RPWNMLOJJIOFFCB38CC,國安段,29.75,都市：住
RPUPMLOJJIOFFCB38CC,三富段,1959.62,都市：住
RPUPMLOJJIOFFCB38CC,三富段,742.39,都市：住
RPRNMLOJJIOFFCB87CC,何安段,4.81,都市：住
RPQPMLOJJIOFFBB87CC,東光段,20.28,都市：住
RPXNMLOJJIOFFBB38CC,賴厝段,3.18,都市：住
RPXOMLPJJIOFFAB48CC,麻園頭段,.00,非都市： ; 非都市編定：
RPPSMLPJJIOFFBB18CC,松竹段,.00,非都市： ; 非都市編定：
RPXNMLPJJIOFFJB66CC,宜欣段,.00,非都市： ; 非都市編定：
RPTSMLPJJIOFFCB68CC,順和段,.00,非都市： ; 非都市編定：
RPQNMLQJJIOFFHB48CC,民生段,30.49,都市：住
RPUSMLPJJIOFFCB78CC,大新段,4.13,都市：商
RPSNMLQJJIOFFIB78CC,新榮泉段,19.83,都市：住
RPSOMLQJJIOFFCB28CC,惠民段,17.45,都市：其他
RPTOMLQJJIOFFCB38CC,惠國段,19.90,都市：其他
RPVSMLPJJIOFFCB88CC,西屯段,.00,非都市： ; 非都市編定：
RPROMLQJJIOFFCB18CC,惠民段,37.00,都市：其他
RPRPMLQJJIOFFCB28CC,福安段,9.00,都市：住
RPQPMLQJJIOFFCB18CC,何厝段,13.71,都市：商
RPUNMLQJJIOFFDB48CC,新水源段,152.32,都市：工
RPTNMLQJJIOFFAB08CC,後子段,17.47,都市：住
RPWOMLQJJIOFFCB68CC,中和段,24.84,都市：住
RPSOMLQJJIOFFAB08CC,半平厝段,13.56,都市：住
RPXOMLQJJIOFFCB78CC,惠民段,14.21,都市：其他
RPTOMLQJJIOFFBB28CC,錦村段,.00,都市：商
RPXNMLRJJIOFFBB78DC,崇德段,38.03,都市：住
RPQNMLRJJIOFFIB68CC,崇光段,.00,都市：商
RPROMLRJJIOFFBB28DC,北屯段,41.00,都市：商
RPROMLRJJIOFFBB28DC,北屯段,21.00,都市：商
RPXPMLQJJIOFFBB78CC,賴厝段,27.63,都市：住
RPOPMLQJJIOFFBB87CC,乾溝子段,16.15,都市：住
RPVOMLRJJIOFFBB58CC,錦村段,.00,都市：商
RPTNMLRJJIOFFHB98DC,東寶三段,412.35,都市：農
RPTNMLRJJIOFFHB98DC,東寶三段,662.67,都市：農
RPTNMLRJJIOFFHB98DC,東寶三段,313.45,都市：農
RPPNMLRJJIOFFCB97CC,三塊厝段,.00,都市：住
RPSOMLRJJIOFFCB38CC,國安段,16.44,都市：住
RPVOMLRJJIOFFCB68CC,福星段,20.31,都市：住
RPTOMLRJJIOFFCB48CC,國安段,16.44,都市：住
RPRPMLRJJIOFFBB38DC,松昌段,80.00,都市：住
RPUNMLRJJIOFFJB66DC,宜欣段,4.81,都市：住
RPVOMLRJJIOFFAB48CC,麻園頭段,14.55,都市：住
RPVNMLRJJIOFFJB76DC,宜欣段,6.49,都市：住
RPORMLSJJIOFFCB38CC,上石碑段,4.62,都市：住
RPURMLSJJIOFFCB98CC,中正段,5.99,都市：商
RPWNMLSJJIOFFDB88CC,豐原段,2.99,都市：住
RPXNMLSJJIOFFDB98CC,建成段,10.32,都市：住
RPVNMLSJJIOFFAB48CC,大益段,.00,都市：住
RPXNMLSJJIOFFAB68CC,綠川段五小段,32.55,都市：商
RPXNMLSJJIOFFAB68CC,綠川段五小段,15.84,都市：商
RPTPMLSJJIOFFAB48CC,麻園頭段,11.48,都市：住
RPSPMLSJJIOFFAB38CC,麻園頭段,11.48,都市：住
RPUNMLSJJIOFFAB38CC,麻園頭段,14.68,都市：住
RPVOMLSJJIOFFBB68CC,陳平段,16.38,都市：住
RPTNMLSJJIOFFBB38CC,東正段,12.45,都市：住
RPQNMLTJJIOFFAB08CC,頂橋子頭段,39.25,都市：住
