﻿編號,屋齡,建物移轉面積平方公尺,主要用途,主要建材,建築完成日期,總層數,建物分層
The serial number,room age,building shifting area square meter,the main use,main building materials,construction completes the date,total layer,building lamination
RPTNMLOKQHOFFID96CC,17,41.41,住商用,鋼筋混凝土造,91年5月3日,四層,
RPPOMLMKQHOFFCD48CC,26,19.83,住商用,鋼筋混凝土造,82年4月1日,四層,
RPUNMLOKQHOFFAD88CC,37,111.25,住家用,鋼筋混凝土造,71年11月20日,六層,
RPUNMLOKQHOFFAD88CC,37,21.67,共有部分,鋼筋混凝土造,71年11月20日,六層,
RPROMLMKQHOFFCD68CC,30,27.59,住家用,鋼筋混凝土造,78年6月20日,九層,
RPOOMLPKQHOFFCD68CC,48,75.80,住家用,鋼筋混凝土造,60年12月12日,四層,
RPOOMLPKQHOFFCD68CC,48,6.92,見其他登記事項,鋼筋混凝土造,60年12月12日,四層,
RPQOMLOKQHOFFHD66CC,1,160.55,見其他登記事項,見其他登記事項,107年11月22日,一層,
RPOOMLOKQHOFFHD09CC,24,81.60,住家用,鋼筋混凝土造,84年5月31日,八層,
RPOOMLOKQHOFFHD09CC,24,22.00,見其他登記事項,鋼筋混凝土造,84年5月31日,八層,
RPWOMLPKQHOFFCD86CC,1,89.97,見其他登記事項,鋼筋混凝土造,107年3月19日,十三層,
RPWOMLPKQHOFFCD86CC,1,5.62,見其他登記事項,鋼筋混凝土造,107年3月19日,十三層,
RPWOMLPKQHOFFCD86CC,1,66.36,見其他登記事項,鋼筋混凝土造,107年3月19日,十三層,
RPWOMLPKQHOFFCD86CC,1,21.08,見其他登記事項,鋼筋混凝土造,107年3月19日,十三層,
RPRNMLMKQHOFFAD38CC,25,238.40,住家用,鋼筋混凝土造,83年3月11日,四層,
RPTNMLMKQHOFFAD58CC,40,19.83,住家用,加強磚造,68年10月20日,二層,
RPXOMLPKQHOFFAD76CC,26,145.62,住商用,鋼筋混凝土造,82年11月30日,四層,
RPQOMLPKQHOFFKD07CC,24,101.96,住家用,鋼筋混凝土造,84年5月23日,十六層,
RPQOMLPKQHOFFKD07CC,24,23.09,共有部分,鋼筋混凝土造,84年5月23日,十六層,
RPROMLMKQHOFFAD48CC,27,30.00,住商用,鋼筋混凝土造,81年7月16日,五層,
RPTNMLQKQHOFFID17CC,13,163.65,住家用,鋼筋混凝土造,95年9月29日,三層,
RPRNMLQKQHOFFAD78CC,37,74.69,住商用,鋼筋混凝土造,71年9月10日,八層,
RPSNMLOKQHOFFKD07CC,29,191.47,住家用,鋼筋混凝土造,79年5月8日,十二層,
RPSNMLOKQHOFFKD07CC,29,16.12,共有部分,鋼筋混凝土造,79年5月8日,十二層,
RPSNMLOKQHOFFKD07CC,29,4.70,共有部分,鋼筋混凝土造,79年5月8日,十二層,
RPSNMLOKQHOFFKD07CC,29,23.78,共有部分,鋼筋混凝土造,79年5月8日,十二層,
RPPNMLQKQHOFFKD96CC,2,84.36,住家用,見其他登記事項,106年11月14日,十六層,
RPPNMLQKQHOFFKD96CC,2,65.28,見其他登記事項,見其他登記事項,106年11月14日,十六層,
RPQOMLMKQHOFFAD38CC,27,43.00,住商用,鋼筋混凝土造,81年7月16日,五層,
RPOOMLTKQHOFFBD98CC,2,54.96,商業用,見其他登記事項,106年9月7日,一層,
RPRNMLQKQHOFFCD09DC,43,361.66,住商用,鋼筋混凝土造,65年11月11日,三層,
RPOOMLKLQHOFFCD28CC,32,241.45,住商用,鋼筋混凝土造,77年1月20日,二層,
RPVNMLTKQHOFFCD07CC,1,62.59,見其他登記事項,見其他登記事項,107年11月8日,十三層,
RPVNMLTKQHOFFCD07CC,1,41.04,見其他登記事項,見其他登記事項,107年11月8日,十三層,
RPVNMLTKQHOFFCD07CC,1,4.35,見其他登記事項,見其他登記事項,107年11月8日,十三層,
RPVNMLTKQHOFFCD07CC,1,14.21,見其他登記事項,見其他登記事項,107年11月8日,十三層,
RPXOMLTKQHOFFCD37CC,24,99.85,住家用,鋼筋混凝土造,85年1月17日,七層,
RPXOMLTKQHOFFCD37CC,24,35.56,共有部分,鋼筋混凝土造,85年1月17日,七層,
RPVNMLQKQHOFFAD56CC,38,81.48,住家用,鋼筋混凝土造,70年7月20日,五層,
RPVNMLQKQHOFFAD56CC,38,6.97,共有部分,鋼筋混凝土造,70年7月20日,五層,
RPUNMLQKQHOFFAD09CC,20,102.24,見其他登記事項,鋼筋混凝土造,88年2月11日,二十四層,
RPUNMLQKQHOFFAD09CC,20,12.04,共有部分,鋼筋混凝土造,88年2月11日,二十四層,
RPUNMLQKQHOFFAD09CC,20,20.82,共有部分,鋼筋混凝土造,88年2月11日,二十四層,
RPUNMLQKQHOFFAD09CC,20,4.59,共有部分,鋼筋混凝土造,88年2月11日,二十四層,
RPOOMLQKQHOFFAD58CC,42,28.23,住家用,鋼筋混凝土造,66年12月2日,七層,
RPOOMLQKQHOFFAD58CC,42,6.15,共有部分,鋼筋混凝土造,66年12月2日,七層,
RPUNMLKLQHOFFCD78CC,20,111.69,住商用,鋼筋混凝土造,88年10月21日,十三層,
RPUNMLKLQHOFFCD78CC,20,1.30,共有部分,鋼筋混凝土造,88年10月21日,十三層,
RPUNMLKLQHOFFCD78CC,20,2.28,共有部分,鋼筋混凝土造,88年10月21日,十三層,
RPQOMLQKQHOFFAD78CC,23,388.46,住商用,鋼筋混凝土造,85年5月7日,四層,
RPTNMLKLQHOFFCD68CC,5,67.14,見其他登記事項,鋼筋混凝土造,103年10月16日,七層,
RPTNMLKLQHOFFCD68CC,5,23.10,見其他登記事項,鋼筋混凝土造,103年10月16日,七層,
RPTNMLKLQHOFFCD68CC,5,8.00,見其他登記事項,鋼筋混凝土造,103年10月16日,七層,
RPUNMLKLQHOFFBD68CC,7,226.15,住家用,鋼筋混凝土造,101年11月5日,四層,
RPUNMLKLQHOFFBD68CC,7,.39,見其他登記事項,鋼筋混凝土造,101年11月5日,一層,
RPWNMLKLQHOFFKD17CC,26,91.45,住家用,鋼筋混凝土造,82年8月27日,十五層,
RPWNMLKLQHOFFKD17CC,26,11.71,共有部分,鋼筋混凝土造,82年8月27日,十五層,
RPWNMLKLQHOFFKD17CC,26,12.97,見其他登記事項,鋼筋混凝土造,82年8月27日,十六層,
RPQNMLKLQHOFFDD48CC,38,151.36,住家用,鋼筋混凝土造,70年7月30日,三層,
RPRNMLLLQHOFFBD48CC,38,95.51,住家用,加強磚造,70年5月15日,二層,
RPUNMLLLQHOFFAD68CC,26,60.19,住家用,鋼筋混凝土造,82年11月2日,十三層,
RPUNMLLLQHOFFAD68CC,26,13.62,共有部分,鋼筋混凝土造,82年11月2日,十三層,
RPUNMLLLQHOFFAD68CC,26,1.00,共有部分,鋼筋混凝土造,82年11月2日,十三層,
RPROMLKLQHOFFAD38CC,23,32.06,住家用,鋼筋混凝土造,85年3月1日,十二層,
RPROMLKLQHOFFAD38CC,23,11.06,共有部分,鋼筋混凝土造,85年3月1日,十二層,
RPQNMLKLQHOFFAD18CC,12,26.61,見其他登記事項,見其他登記事項,96年8月24日,十四層,
RPQNMLKLQHOFFAD18CC,12,3.58,共有部分,見其他登記事項,96年8月24日,十四層,
RPQNMLKLQHOFFAD18CC,12,6.87,共有部分,見其他登記事項,96年8月24日,十四層,
RPSNMLLLQHOFFAD48CC,45,113.40,住家用,加強磚造,63年7月10日,二層,
RPROMLKLQHOFFKD76CC,29,368.38,見其他登記事項,鋼造,79年12月5日,二十四層,
RPSOMLLLQHOFFKD96CC,12,23.14,住家用,鋼筋混凝土造,97年1月2日,四層,
RPVNMLKLQHOFFAD68CC,4,88.87,見其他登記事項,見其他登記事項,104年11月5日,二十四層,
RPVNMLKLQHOFFAD68CC,4,37.98,見其他登記事項,見其他登記事項,104年11月5日,二十四層,
RPPOMLKLQHOFFAD18CC,6,61.62,見其他登記事項,見其他登記事項,102年12月25日,十四層,
RPPOMLKLQHOFFAD18CC,6,47.14,見其他登記事項,見其他登記事項,102年11月25日,十四層,
RPPOMLKLQHOFFAD18CC,6,14.32,見其他登記事項,見其他登記事項,102年11月25日,十四層,
RPRNMLLLQHOFFCD58CC,36,241.36,見其他登記事項,鋼筋混凝土造,72年3月22日,三層,
RPTNMLMLQHOFFID86CC,3,257.65,見其他登記事項,見其他登記事項,105年6月15日,一層,
RPVNMLMLQHOFFKD27CC,20,94.11,住家用,鋼筋混凝土造,88年8月24日,十四層,
RPVNMLMLQHOFFKD27CC,20,2.40,共有部分,鋼筋混凝土造,88年8月24日,十四層,
RPVNMLMLQHOFFKD27CC,20,4.32,共有部分,鋼筋混凝土造,88年8月24日,十四層,
RPVNMLMLQHOFFKD27CC,20,18.62,共有部分,鋼筋混凝土造,88年8月24日,十四層,
RPOOMLNLQHOFFKD76CC,38,173.68,見其他登記事項,見其他登記事項,70年8月25日,三層,
RPWOMLMLQHOFFAD09CC,35,91.69,住家用,鋼筋混凝土造,73年12月24日,五層,
RPWOMLMLQHOFFAD09CC,35,19.21,共有部分,鋼筋混凝土造,73年12月24日,五層,
RPSPMLMLQHOFFCD98CC,30,33.06,住商用,鋼筋混凝土造,78年11月8日,四層,
RPQOMLNLQHOFFKD96CC,33,131.57,住商用,加強磚造,75年10月28日,二層,
RPQOMLLLQHOFFCD58CC,44,130.05,住商用,鋼筋混凝土造,64年9月12日,四層,
RPOOMLNLQHOFFAD38CC,58,66.60,住家用,磚造,51年1月1日,二層,
RPSOMLNLQHOFFAD78CC,13,26.69,見其他登記事項,見其他登記事項,95年7月13日,十一層,
RPSOMLNLQHOFFAD78CC,13,4.30,共有部分,見其他登記事項,95年7月13日,十一層,
RPSOMLNLQHOFFAD78CC,13,7.12,共有部分,見其他登記事項,95年7月13日,十一層,
RPSOMLNLQHOFFAD78CC,13,.01,共有部分,見其他登記事項,95年7月13日,十一層,
RPWNMLMLQHOFFBD09CC,24,69.42,商業用,見其他登記事項,84年7月11日,三層,
RPQOMLNLQHOFFCD78CC,11,21.93,住家用,鋼筋混凝土造,97年2月29日,十四層,
RPQOMLNLQHOFFCD78CC,11,5.47,共有部分,鋼筋混凝土造,97年2月29日,十四層,
RPQOMLNLQHOFFCD78CC,11,6.47,共有部分,鋼筋混凝土造,97年2月29日,十四層,
RPXOMLNLQHOFFAD66CC,15,20.00,見其他登記事項,鋼筋混凝土造,93年8月18日,四層,
RPSOMLNLQHOFFCD98CC,27,86.94,住家用,鋼筋混凝土造,81年8月28日,十層,
RPSOMLNLQHOFFCD98CC,27,10.89,共有部分,鋼筋混凝土造,81年8月28日,十層,
RPSOMLNLQHOFFCD98CC,27,17.20,共有部分,鋼筋混凝土造,81年8月28日,十層,
RPUPMLMLQHOFFCD56CC,30,370.57,住商用,鋼筋混凝土造,78年3月14日,四層,
RPOPMLMLQHOFFCD58CC,28,63.68,住商用,鋼筋混凝土造,81年1月2日,五層,
RPSOMLNLQHOFFKD17CC,21,23.11,住家用,鋼筋混凝土造,87年6月2日,七層,
RPSOMLNLQHOFFKD17CC,21,2.22,共有部分,鋼筋混凝土造,87年6月2日,七層,
RPSOMLNLQHOFFKD17CC,21,7.35,共有部分,鋼筋混凝土造,87年6月2日,七層,
RPOPMLNLQHOFFAD48CC,27,25.20,住商用,鋼筋混凝土造,81年7月16日,五層,
RPTOMLQLQHOFFCD76CC,31,122.53,住家用,鋼筋混凝土造,77年11月29日,五層,
RPTOMLQLQHOFFCD76CC,31,6.07,共有部分,鋼筋混凝土造,77年11月29日,五層,
RPTOMLQLQHOFFCD76CC,31,7.13,共有部分,鋼筋混凝土造,77年11月29日,五層,
RPTNMLQLQHOFFCD66CC,41,75.67,住家用,鋼筋混凝土造,67年5月9日,四層,
RPOOMLQLQHOFFCD88CC,46,94.68,住家用,加強磚造,62年4月25日,二層,
RPQOMLQLQHOFFAD88CC,32,177.57,住商用,鋼筋混凝土造,76年9月1日,三層,
RPVOMLQLQHOFFAD76CC,22,82.56,住家用,鋼筋混凝土造,86年12月15日,五層,
RPVOMLQLQHOFFAD76CC,22,14.02,共有部分,鋼筋混凝土造,86年12月15日,五層,
RPPOMLNLQHOFFCD68CC,38,62.35,住家用,鋼筋混凝土造,70年12月2日,五層,
RPPOMLNLQHOFFCD68CC,38,12.50,共有部分,鋼筋混凝土造,70年12月2日,五層,
RPQPMLQLQHOFFAD98CC,61,34.60,住家用,磚造,48年1月1日,一層,
RPTOMLQLQHOFFAD56CC,36,93.79,住家用,鋼筋混凝土造,72年8月18日,八層,
RPTOMLQLQHOFFAD56CC,36,17.87,共有部分,鋼筋混凝土造,72年8月18日,八層,
RPVNMLQLQHOFFAD66CC,19,69.51,見其他登記事項,鋼筋混凝土造,89年11月20日,十四層,
RPVNMLQLQHOFFAD66CC,19,20.22,共有部分,鋼筋混凝土造,89年11月20日,十四層,
RPUNMLQLQHOFFID37CC,16,19.60,農舍,鋼筋混凝土造,92年2月20日,三層,
RPVNMLQLQHOFFKD67CC,25,29.75,住家用,加強磚造,83年12月2日,三層,
RPWNMLQLQHOFFKD77CC,26,68.59,住家用,鋼筋混凝土造,82年3月10日,十層,
RPWNMLQLQHOFFKD77CC,26,19.29,共有部分,鋼筋混凝土造,82年3月10日,十一層,
RPWNMLQLQHOFFKD77CC,26,14.74,共有部分,鋼筋混凝土造,82年3月10日,十一層,
RPTOMLQLQHOFFKD57CC,9,19.27,住家用,鋼筋混凝土造,99年12月23日,四層,
RPXPMLQLQHOFFKD08CC,44,97.44,住家用,加強磚造,64年7月1日,二層,
RPQOMLQLQHOFFKD27CC,24,77.88,住家用,鋼筋混凝土造,84年12月4日,十五層,
RPQOMLQLQHOFFKD27CC,24,38.22,共有部分,鋼筋混凝土造,84年12月4日,十五層,
RPQPMLQLQHOFFKD37CC,20,41.31,住家用,鋼筋混凝土造,88年3月17日,十一層,
RPQPMLQLQHOFFKD37CC,20,3515.71,共有部分,鋼筋混凝土造,88年3月17日,十一層,
RPQPMLQLQHOFFKD37CC,20,543.51,共有部分,鋼筋混凝土造,88年3月17日,十一層,
RPUOMLQLQHOFFKD67CC,24,94.04,住家用,鋼筋混凝土造,84年12月22日,十一層,
RPUOMLQLQHOFFKD67CC,24,23.60,共有部分,鋼筋混凝土造,84年12月22日,十一層,
RPVNMLQLQHOFFID47CC,19,19.57,住家用,鋼筋混凝土造,89年5月8日,四層,
RPXNMLQLQHOFFBD96CC,28,236.73,住商用,鋼筋混凝土造,80年7月8日,三層,
RPVOMLQLQHOFFHD47CC,25,113.84,住商用,鋼筋混凝土造,83年5月6日,四層,
RPQOMLSLQHOFFAD09CC,4,125.58,見其他登記事項,見其他登記事項,104年11月5日,二十四層,
RPTNMLRLQHOFFCD76CC,21,67.45,住家用,鋼筋混凝土造,87年12月18日,十四層,
RPTNMLRLQHOFFCD76CC,21,16.64,共有部分,鋼筋混凝土造,87年12月18日,十四層,
RPTNMLRLQHOFFCD76CC,15,1.43,見其他登記事項,見其他登記事項,93年12月23日,四層,
RPTNMLRLQHOFFCD76CC,21,7.27,共有部分,鋼筋混凝土造,87年12月18日,十四層,
RPQNMLSLQHOFFHD07CC,10,59.59,住家用,鋼筋混凝土造,98年5月4日,十三層,
RPQNMLSLQHOFFHD07CC,10,29.15,見其他登記事項,鋼筋混凝土造,98年5月4日,十三層,
RPSNMLSLQHOFFHD27CC,27,116.00,住家用,鋼筋混凝土造,81年8月5日,七層,
RPQNMLTLQHOFFHD17CC,20,200.11,住商用,鋼筋混凝土造,89年2月11日,三層,
RPSNMLSLQHOFFCD76CC,25,75.21,住家用,鋼筋混凝土造,83年10月28日,七層,
RPSNMLSLQHOFFCD76CC,25,33.24,共有部分,鋼筋混凝土造,83年10月28日,八層,
RPSNMLTLQHOFFHD37CC,5,23.15,住家用,鋼筋混凝土造,103年4月23日,四層,
RPUNMLSLQHOFFAD76CC,15,169.29,住家用,見其他登記事項,93年7月7日,四層,
RPSNMLTLQHOFFKD67CC,20,28.53,商業用,鋼筋混凝土造,88年8月24日,十四層,
RPSNMLTLQHOFFKD67CC,20,.81,共有部分,鋼筋混凝土造,88年8月24日,十四層,
RPQNMLSLQHOFFCD56CC,20,95.72,見其他登記事項,鋼筋混凝土造,88年10月21日,十三層,
RPQNMLSLQHOFFCD56CC,20,17.55,共有部分,鋼筋混凝土造,88年10月21日,十三層,
RPQNMLSLQHOFFCD56CC,20,33.68,共有部分,鋼筋混凝土造,88年10月21日,十三層,
RPPOMLRLQHOFFCD09CC,24,65.58,住家用,鋼筋混凝土造,84年11月6日,二十層,
RPPOMLRLQHOFFCD09CC,24,13.74,共有部分,鋼筋混凝土造,84年11月6日,二十層,
RPPOMLRLQHOFFCD09CC,24,35.66,共有部分,鋼筋混凝土造,84年11月6日,二十層,
RPXNMLSLQHOFFAD07CC,30,98.59,住商用,鋼筋混凝土造,78年8月11日,十三層,
RPXNMLSLQHOFFAD07CC,30,32.74,共有部分,鋼筋混凝土造,78年8月11日,十三層,
RPUNMLTLQHOFFCD07CC,32,72.26,住家用,鋼筋混凝土造,76年4月29日,五層,
RPUNMLTLQHOFFCD07CC,32,13.44,共有部分,鋼筋混凝土造,76年4月29日,五層,
RPTNMLTLQHOFFKD77CC,25,73.90,住家用,鋼筋混凝土造,83年4月8日,十三層,
RPTNMLTLQHOFFKD77CC,25,36.62,共有部分,鋼筋混凝土造,83年4月8日,十三層,
RPXNMLTLQHOFFAD17CC,39,128.93,商業用,鋼筋混凝土造,69年10月21日,三層,
RPOOMLTLQHOFFAD98CC,,95.09,住商用,鋼筋混凝土造,,四層,
RPOQMLTLQHOFFCD76CC,24,279.45,商業用,鋼筋混凝土造,84年10月18日,九層,
RPOQMLTLQHOFFCD76CC,24,86.33,共有部分,鋼筋混凝土造,84年10月18日,九層,
RPSNMLSLQHOFFID37CC,10,62.21,住商用,鋼筋混凝土造,99年1月19日,四層,
RPRPMLTLQHOFFCD96CC,38,106.47,住家用,加強磚造,70年5月12日,二層,
RPWOMLKMQHOFFCD56CC,26,78.01,商業用,鋼筋混凝土造,82年12月16日,十二層,
RPROMLMJRHOFFKD86CC,38,69.89,住家用,鋼筋混凝土造,70年9月29日,五層,
RPPOMLKMQHOFFKD66CC,25,79.77,住家用,鋼筋混凝土造,83年10月6日,十二層,
RPPOMLKMQHOFFKD66CC,25,26.05,共有部分,鋼筋混凝土造,83年10月6日,十二層,
RPXNMLKMQHOFFKD37CC,12,109.87,住家用,鋼筋混凝土造,96年9月20日,十三層,
RPXNMLKMQHOFFKD37CC,12,63.34,共有部分,鋼筋混凝土造,96年9月20日,十三層,
RPVOMLKMQHOFFKD27CC,26,71.23,住家用,鋼筋混凝土造,82年8月24日,十六層,
RPVOMLKMQHOFFKD27CC,26,13.63,共有部分,鋼筋混凝土造,82年8月24日,十六層,
RPVOMLKMQHOFFKD27CC,26,30.98,共有部分,鋼筋混凝土造,82年8月24日,見其他登記事項,
RPSOMLKMQHOFFID76CC,12,197.60,住商用,鋼筋混凝土造,96年10月9日,四層,
RPTOMLKMQHOFFID86CC,43,80.90,住家用,加強磚造,65年11月1日,二層,
RPPOMLOJRHOFFCD68CC,44,73.08,住家用,加強磚造,65年1月18日,二層,
RPSNMLOJRHOFFCD88CC,24,229.71,住商用,鋼筋混凝土造,85年1月25日,五層,
RPRQMLOJRHOFFAD88CC,37,47.82,住家用,鋼筋混凝土造,71年11月19日,七層,
RPRQMLOJRHOFFAD88CC,37,19.07,共有部分,鋼筋混凝土造,71年11月19日,七層,
RPQPMLOJRHOFFAD68CC,45,112.52,住商用,加強磚造,63年7月9日,三層,
RPXNMLNJRHOFFAD09CC,44,73.74,住商用,鋼筋混凝土造,64年6月8日,三層,
RPTOMLNJRHOFFAD78CC,3,95.53,見其他登記事項,見其他登記事項,105年11月9日,二十七層,
RPTOMLNJRHOFFAD78CC,3,31.89,見其他登記事項,見其他登記事項,105年11月9日,二十七層,
RPTOMLMJRHOFFAD68CC,40,19.83,住家用,加強磚造,68年10月20日,二層,
RPUNMLOJRHOFFAD88CC,13,736.03,見其他登記事項,見其他登記事項,95年4月3日,四層,
RPQOMLOJRHOFFCD78CC,44,50.95,住家用,加強磚造,65年2月4日,二層,
RPOOMLOJRHOFFKD76CC,25,22.15,住家用,加強磚造,83年12月2日,三層,
RPPNMLPJRHOFFBD58CC,25,129.99,住商用,鋼筋混凝土造,83年7月20日,二層,
RPQNMLOJRHOFFFD98CC,27,124.71,住家用,鋼筋混凝土造,81年4月18日,二層,
RPTNMLOJRHOFFID96CC,18,21.13,住家用,鋼筋混凝土造,90年9月5日,四層,
RPTNMLPJRHOFFAD88CC,29,75.93,住家用,鋼筋混凝土造,79年12月1日,五層,
RPTNMLPJRHOFFAD88CC,29,18.49,共有部分,鋼筋混凝土造,79年12月1日,五層,
RPPPMLOJRHOFFAD58CC,24,53.03,住商用,鋼筋混凝土造,84年7月8日,五層,
RPTNMLPJRHOFFCD09CC,40,132.06,住家用,鋼筋混凝土造,68年12月5日,三層,
RPUPMLPJRHOFFCD76CC,6,52.48,見其他登記事項,鋼筋混凝土造,102年10月23日,十二層,
RPUPMLPJRHOFFCD76CC,6,13.66,見其他登記事項,鋼筋混凝土造,102年10月23日,十二層,
RPVNMLPJRHOFFCD66CC,38,62.17,住家用,鋼筋混凝土造,70年12月29日,五層,
RPVNMLPJRHOFFCD66CC,38,17.01,共有部分,鋼筋混凝土造,70年12月29日,五層,
RPUNMLPJRHOFFCD56CC,39,26.45,住商用,鋼筋混凝土造,70年1月24日,三層,
RPROMLOJRHOFFCD88CC,44,61.60,住家用,加強磚造,65年2月4日,二層,
RPXNMLPJRHOFFCD86CC,29,115.18,住商用,鋼筋混凝土造,79年3月1日,七層,
RPXNMLPJRHOFFCD86CC,29,9.45,共有部分,鋼筋混凝土造,79年3月1日,七層,
RPOOMLQJRHOFFAD58CC,26,84.67,住家用,鋼筋混凝土造,82年10月18日,七層,
RPOOMLQJRHOFFAD58CC,26,21.56,共有部分,鋼筋混凝土造,82年10月18日,七層,
RPOOMLQJRHOFFAD58CC,26,9.68,共有部分,鋼筋混凝土造,82年10月18日,七層,
RPPOMLQJRHOFFAD68CC,2,175.60,住家用,見其他登記事項,106年4月24日,一層,
RPPPMLQJRHOFFAD78CC,53,39.83,住商用,加強磚造,55年3月21日,三層,
RPSNMLQJRHOFFAD88CC,22,172.68,見其他登記事項,鋼筋混凝土造,87年1月26日,五層,
RPQOMLQJRHOFFAD78CC,6,97.88,見其他登記事項,見其他登記事項,102年11月25日,十四層,
RPQOMLQJRHOFFAD78CC,6,25.72,見其他登記事項,見其他登記事項,102年11月25日,十四層,
RPQOMLQJRHOFFAD78CC,6,22.21,見其他登記事項,見其他登記事項,102年11月25日,十四層,
RPXNMLQJRHOFFBD86CC,39,89.25,住商用,加強磚造,69年12月17日,二層,
RPWNMLQJRHOFFCD86CC,38,360.20,見其他登記事項,加強磚造,70年9月19日,一層,
RPWNMLQJRHOFFCD86CC,29,293.25,見其他登記事項,鋼筋混凝土造,79年3月6日,二層,
RPVNMLTJRHOFFHD57CC,8,231.56,住商用,鋼筋混凝土造,101年2月3日,四層,
RPUPMLTJRHOFFAD96CC,23,112.57,見其他登記事項,鋼筋混凝土造,85年10月9日,六層,
RPUPMLTJRHOFFAD96CC,23,45.74,共有部分,鋼筋混凝土造,85年10月9日,七層,
RPUPMLTJRHOFFAD96CC,23,21.06,共有部分,鋼筋混凝土造,85年10月9日,七層,
RPUPMLTJRHOFFAD96CC,23,.00,共有部分,鋼筋混凝土造,85年10月9日,七層,
RPQQMLQJRHOFFCD56CC,45,86.63,住家用,加強磚造,63年6月8日,二層,
RPPQMLQJRHOFFCD09CC,52,16.60,住家用,見其他登記事項,56年9月26日,二層,
RPVNMLTJRHOFFCD07CC,20,96.10,見其他登記事項,鋼筋混凝土造,88年10月21日,十三層,
RPVNMLTJRHOFFCD07CC,20,16.75,共有部分,鋼筋混凝土造,88年10月21日,十三層,
RPVNMLTJRHOFFCD07CC,20,33.67,共有部分,鋼筋混凝土造,88年10月21日,十三層,
RPPNMLTJRHOFFID07CC,26,104.37,住家用,鋼筋混凝土造,82年7月14日,七層,
RPUNMLTJRHOFFKD77CC,25,30.56,住家用,鋼筋混凝土造,83年5月24日,十二層,
RPOOMLTJRHOFFBD98CC,26,266.44,住家用,鋼筋混凝土造,82年9月6日,四層,
RPPOMLKKRHOFFCD38CC,37,121.10,住家用,鋼筋混凝土造,71年7月22日,五層,
RPTPMLTJRHOFFAD86CC,13,46.36,見其他登記事項,見其他登記事項,95年7月13日,十一層,
RPPNMLKKRHOFFAD08CC,27,228.94,商業用,鋼筋混凝土造,81年11月18日,七層,
RPPNMLKKRHOFFAD08CC,27,43.47,共有部分,鋼筋混凝土造,81年11月18日,七層,
RPSOMLKKRHOFFAD48CC,15,64.41,見其他登記事項,鋼筋混凝土造,93年3月29日,十層,
RPSOMLKKRHOFFAD48CC,15,45.49,共有部分,鋼筋混凝土造,93年3月29日,十一層,
RPTOMLKKRHOFFKD96CC,29,141.55,見其他登記事項,鋼造,79年12月5日,二十四層,
RPTOMLKKRHOFFKD96CC,29,6.08,共有部分,鋼造,79年12月5日,二十四層,
RPTOMLKKRHOFFKD96CC,29,11.32,共有部分,鋼造,79年12月5日,二十四層,
RPTOMLKKRHOFFKD96CC,29,10.09,共有部分,鋼造,79年12月5日,二十四層,
RPTOMLKKRHOFFKD96CC,29,29.91,共有部分,鋼造,79年12月5日,二十四層,
RPQNMLLKRHOFFHD98CC,3,207.64,見其他登記事項,鋼筋混凝土造,105年5月11日,四層,
RPVNMLPJRHOFFKD47CC,31,19.83,見其他登記事項,鋼筋混凝土造,77年10月3日,四層,
RPTNMLLKRHOFFKD96CC,26,86.28,住家用,鋼筋混凝土造,82年12月29日,十三層,
RPTNMLLKRHOFFKD96CC,,20.97,共有部分,鋼筋混凝土造,,十三層,
RPOOMLLKRHOFFCD38CC,47,83.11,住家用,加強磚造,62年2月19日,二層,
RPPOMLLKRHOFFAD28CC,1,77.55,見其他登記事項,見其他登記事項,107年5月31日,二十層,
RPPOMLLKRHOFFAD28CC,1,76.79,見其他登記事項,見其他登記事項,107年5月31日,二十層,
RPOOMLLKRHOFFAD18CC,30,124.92,住家用,鋼筋混凝土造,78年5月19日,五層,
RPROMLLKRHOFFCD68CC,3,101.52,見其他登記事項,鋼筋混凝土造,105年3月14日,十四層,
RPOOMLLKRHOFFAD18CC,30,39.99,共有部分,鋼筋混凝土造,78年5月19日,五層,
RPROMLLKRHOFFCD68CC,3,108.66,見其他登記事項,鋼筋混凝土造,105年3月14日,十四層,
RPROMLLKRHOFFCD68CC,3,29.75,見其他登記事項,鋼筋混凝土造,105年3月14日,十四層,
RPOOMLMKRHOFFCD48CC,30,66.76,住家用,鋼筋混凝土造,79年2月1日,七層,
RPOOMLMKRHOFFCD48CC,30,27.77,共有部分,鋼筋混凝土造,79年2月1日,七層,
RPQOMLLKRHOFFAD38CC,34,90.93,住家用,鋼筋混凝土造,74年12月26日,五層,
RPQOMLLKRHOFFAD38CC,34,20.13,共有部分,鋼筋混凝土造,74年12月26日,五層,
RPTNMLQKRHOFFKD47CC,28,30.51,住家用,鋼筋混凝土造,80年3月15日,七層,
RPQOMLLKRHOFFKD76CC,7,59.03,見其他登記事項,見其他登記事項,101年8月17日,十九層,
RPQOMLLKRHOFFKD76CC,7,29.35,見其他登記事項,見其他登記事項,101年8月17日,十九層,
RPQOMLRKRHOFFKD37CC,26,159.04,住商用,鋼筋混凝土造,83年3月11日,十四層,
RPQOMLRKRHOFFKD37CC,26,17.23,共有部分,鋼筋混凝土造,83年3月11日,十四層,
RPXNMLSKRHOFFCD27CC,15,218.95,見其他登記事項,見其他登記事項,93年10月18日,五層,
RPRNMLSKRHOFFDD76CC,40,94.55,住家用,加強磚造,68年8月7日,二層,
RPUNMLQKRHOFFHD27CC,13,314.44,見其他登記事項,鋼筋混凝土造,95年6月27日,三層,
RPXNMLRKRHOFFHD67CC,1,176.51,見其他登記事項,鋼筋混凝土造,108年1月4日,四層,
RPXNMLRKRHOFFHD67CC,1,.08,見其他登記事項,鋼筋混凝土造,108年1月4日,一層,
RPTNMLSKRHOFFHD37CC,38,156.15,住家用,見其他登記事項,70年7月27日,一層,
RPVNMLKLRHOFFCD98CC,15,275.89,住商用,見其他登記事項,93年12月2日,五層,
RPQNMLTKRHOFFKD47CC,2,104.01,住家用,見其他登記事項,106年3月3日,十四層,
RPQNMLTKRHOFFKD47CC,2,78.40,見其他登記事項,見其他登記事項,106年3月3日,十四層,
RPWOMLKLRHOFFKD37CC,26,13.23,住家用,鋼筋混凝土造,82年6月15日,三層,
RPSNMLNLRHOFFCD98CC,35,58.85,商業用,見其他登記事項,73年7月23日,一層,
RPPNMLLLRHOFFHD98CC,3,81.99,住家用,鋼筋混凝土造,105年8月18日,七層,
RPWOMLTKRHOFFAD17CC,23,6.99,共有部分,鋼筋混凝土造,86年1月27日,二十層,
RPWOMLTKRHOFFAD17CC,23,5.25,共有部分,鋼筋混凝土造,86年1月27日,二十層,
RPWOMLTKRHOFFAD17CC,23,3.03,共有部分,鋼筋混凝土造,86年1月27日,二十層,
RPWOMLTKRHOFFAD17CC,23,29.46,住家用,鋼筋混凝土造,86年1月27日,二十層,
RPOOMLSKRHOFFAD88CC,23,26.97,住家用,鋼筋混凝土造,86年1月27日,二十層,
RPOOMLSKRHOFFAD88CC,23,5.42,共有部分,鋼筋混凝土造,86年1月27日,二十層,
RPOOMLSKRHOFFAD88CC,23,4.10,共有部分,鋼筋混凝土造,86年1月27日,二十層,
RPOOMLSKRHOFFAD88CC,23,2.37,共有部分,鋼筋混凝土造,86年1月27日,二十層,
RPPOMLSKRHOFFAD98CC,35,124.62,住工用,見其他登記事項,74年1月9日,一層,
RPOPMLTKRHOFFAD09CC,32,132.02,住家用,鋼筋混凝土造,76年8月6日,二層,
RPXOMLKLRHOFFKD47CC,23,94.85,住家用,鋼筋混凝土造,85年10月3日,九層,
RPXOMLKLRHOFFKD47CC,23,30.79,共有部分,鋼筋混凝土造,85年10月3日,九層,
RPXOMLKLRHOFFKD47CC,23,10.80,共有部分,鋼筋混凝土造,85年10月3日,九層,
RPTNMLNLRHOFFCD09CC,31,175.32,住家用,加強磚造,78年2月15日,二層,
RPOPMLNLRHOFFCD78CC,9,131.46,商業用,鋼筋混凝土造,99年5月7日,十四層,
RPOPMLNLRHOFFCD78CC,9,54.74,見其他登記事項,鋼筋混凝土造,99年5月7日,十四層,
RPVNMLKLRHOFFBD88CC,7,265.13,住家用,鋼筋混凝土造,101年8月9日,三層,
RPRNMLKLRHOFFFD88CC,37,166.44,住商用,鋼筋混凝土造,71年5月11日,三層,
RPPOMLNLRHOFFAD58CC,29,17.56,住家用,鋼筋混凝土造,79年12月1日,五層,
RPPOMLNLRHOFFAD58CC,29,.70,共有部分,鋼筋混凝土造,79年12月1日,五層,
RPPOMLNLRHOFFAD58CC,29,5.57,共有部分,鋼筋混凝土造,79年12月1日,五層,
RPQPMLNLRHOFFAD78CC,25,141.23,住家用,鋼筋混凝土造,84年1月4日,二十五層,
RPQPMLNLRHOFFAD78CC,25,24.16,共有部分,鋼筋混凝土造,84年1月4日,二十四層,
RPQPMLNLRHOFFAD78CC,25,19.89,共有部分,鋼筋混凝土造,84年1月4日,二十四層,
RPXOMLKLRHOFFID27CC,8,163.16,工業用,見其他登記事項,100年11月8日,一層,
RPSPMLNLRHOFFAD98CC,9,53.93,共有部分,鋼筋混凝土造,99年4月6日,十四層,
RPSPMLNLRHOFFAD98CC,9,58.43,見其他登記事項,鋼筋混凝土造,99年4月6日,十四層,
RPSOMLOLRHOFFAD98CC,12,49.85,見其他登記事項,鋼筋混凝土造,96年7月19日,十四層,
RPSOMLOLRHOFFAD98CC,12,9.83,共有部分,鋼筋混凝土造,96年7月19日,十四層,
RPSOMLOLRHOFFAD98CC,12,11.95,共有部分,鋼筋混凝土造,96年7月19日,十四層,
RPUOMLNLRHOFFCD66CC,8,236.56,見其他登記事項,鋼筋混凝土造,100年5月17日,五層,
RPSNMLOLRHOFFBD98CC,40,39.67,住家用,鋼筋混凝土造,69年1月26日,二層,
RPQOMLOLRHOFFCD98CC,33,50.84,住商用,鋼筋混凝土造,75年10月18日,三層,
RPXOMLOLRHOFFAD86CC,25,101.46,住家用,鋼筋混凝土造,83年5月10日,八層,
RPXOMLOLRHOFFAD86CC,25,46.80,共有部分,鋼筋混凝土造,83年5月10日,八層,
RPQOMLOLRHOFFAD78CC,47,93.81,住商用,加強磚造,62年1月26日,二層,
RPOOMLPLRHOFFCD88CC,38,99.33,住家用,鋼筋混凝土造,70年9月30日,四層,
RPOOMLPLRHOFFCD88CC,38,10.40,共有部分,鋼筋混凝土造,70年9月30日,四層,
RPPOMLPLRHOFFCD98CC,38,99.33,住家用,鋼筋混凝土造,70年9月30日,四層,
RPPOMLPLRHOFFCD98CC,38,10.40,共有部分,鋼筋混凝土造,70年9月30日,四層,
RPPPMLPLRHOFFCD09CC,38,99.33,住家用,鋼筋混凝土造,70年9月30日,四層,
RPPPMLPLRHOFFCD09CC,38,10.40,共有部分,鋼筋混凝土造,70年9月30日,四層,
RPOOMLOLRHOFFKD96CC,14,47.65,住商用,鋼筋混凝土造,94年10月11日,四層,
RPSOMLPLRHOFFKD47CC,12,96.61,住家用,鋼筋混凝土造,96年9月20日,十四層,
RPSOMLPLRHOFFKD47CC,12,59.63,共有部分,鋼筋混凝土造,96年9月20日,十四層,
RPRNMLQLRHOFFCD56CC,12,64.25,見其他登記事項,鋼筋混凝土造,96年4月27日,五層,
RPPOMLQLRHOFFCD09CC,30,175.04,住商用,鋼筋混凝土造,78年3月27日,三層,
RPPPMLQLRHOFFKD37CC,27,53.81,住家用,鋼筋混凝土造,81年7月23日,十層,
RPPPMLQLRHOFFKD37CC,27,14.11,共有部分,鋼筋混凝土造,81年7月23日,十層,
RPQOMLQLRHOFFCD56CC,30,141.21,住家用,鋼筋混凝土造,78年6月17日,二層,
RPPOMLOLRHOFFAD68CC,35,195.61,住商用,鋼筋混凝土造,73年5月19日,五層,
RPPOMLQLRHOFFAD88CC,24,23.41,住家用,鋼筋混凝土造,84年9月12日,十八層,
RPPOMLQLRHOFFAD88CC,24,7.67,共有部分,鋼筋混凝土造,84年9月12日,十八層,
RPPOMLQLRHOFFAD88CC,24,3.75,共有部分,鋼筋混凝土造,84年9月12日,十八層,
RPWOMLQLRHOFFAD96CC,2,165.69,見其他登記事項,見其他登記事項,106年9月15日,十五層,
RPWOMLQLRHOFFAD96CC,2,134.50,共有部分,見其他登記事項,106年9月15日,十五層,
RPTNMLRLRHOFFCD86CC,2,67.46,見其他登記事項,鋼筋混凝土造,106年5月31日,十四層,
RPTNMLRLRHOFFCD86CC,2,54.52,見其他登記事項,鋼筋混凝土造,106年5月31日,十四層,
RPTNMLRLRHOFFCD86CC,2,15.40,見其他登記事項,鋼筋混凝土造,106年5月31日,十四層,
RPOOMLRLRHOFFKD27CC,24,86.32,住家用,鋼筋混凝土造,84年4月7日,十七層,
RPOOMLRLRHOFFKD27CC,26,30.07,共有部分,鋼筋混凝土造,83年2月21日,十七層,
RPXNMLRLRHOFFCD27CC,56,87.80,國民住宅,磚造,53年1月1日,二層,
RPSNMLRLRHOFFBD66CC,16,170.87,見其他登記事項,鋼筋混凝土造,92年10月3日,四層,
RPTQMLRLRHOFFHD77DC,25,163.13,住商用,鋼筋混凝土造,84年1月24日,十三層,
RPTQMLRLRHOFFHD77DC,25,4.26,見其他登記事項,鋼筋混凝土造,84年1月24日,十三層,
RPTQMLRLRHOFFHD77DC,25,60.56,見其他登記事項,鋼筋混凝土造,84年1月24日,十三層,
RPPNMLRLRHOFFID17DC,45,139.42,住家用,加強磚造,,一層,
RPPOMLRLRHOFFAD98CC,21,46.49,住家用,見其他登記事項,88年2月10日,一層,
RPPOMLKMRHOFFAD38CC,3,30.65,見其他登記事項,見其他登記事項,106年1月24日,二十六層,
RPWNMLRLRHOFFAD96CC,24,40.07,住家用,鋼筋混凝土造,84年8月19日,十六層,
RPWNMLRLRHOFFAD96CC,24,24.70,共有部分,鋼筋混凝土造,84年8月19日,十六層,
RPWNMLRLRHOFFAD96CC,24,8.74,共有部分,鋼筋混凝土造,84年8月19日,十六層,
RPQNMLKMRHOFFAD38CC,15,342.49,見其他登記事項,見其他登記事項,93年9月3日,五層,
RPPNMLSLRHOFFAD98CC,3,84.35,見其他登記事項,見其他登記事項,106年1月24日,二十六層,
RPPNMLSLRHOFFAD98CC,3,40.75,見其他登記事項,見其他登記事項,106年1月24日,二十六層,
RPSNMLLJIIOFFHD28CC,38,156.15,住家用,見其他登記事項,70年7月27日,一層,
RPSQMLLJIIOFFCD08CC,26,57.92,住家用,鋼筋混凝土造,82年6月22日,五層,
RPSQMLLJIIOFFCD08CC,26,9.84,共有部分,鋼筋混凝土造,82年6月22日,五層,
RPROMLKMRHOFFCD78CC,1,67.86,見其他登記事項,見其他登記事項,107年11月14日,七層,
RPROMLKMRHOFFCD78CC,1,57.54,見其他登記事項,見其他登記事項,107年11月14日,七層,
RPROMLKMRHOFFCD78CC,1,9.91,見其他登記事項,見其他登記事項,107年11月14日,七層,
RPVQMLLJIIOFFCD38CC,25,37.93,住商用,鋼筋混凝土造,83年8月1日,八層,
RPVQMLLJIIOFFCD38CC,25,47.49,共有部分,鋼筋混凝土造,83年8月1日,八層,
RPUQMLLJIIOFFCD28CC,25,44.99,住商用,鋼筋混凝土造,83年8月1日,八層,
RPUQMLLJIIOFFCD28CC,25,47.49,共有部分,鋼筋混凝土造,83年8月1日,八層,
RPXQMLLJIIOFFCD58CC,38,143.12,住家用,鋼筋混凝土造,70年3月14日,三層,
RPOQMLLJIIOFFAD47CC,37,29.06,見其他登記事項,見其他登記事項,71年12月3日,一層,
RPOQMLLJIIOFFAD47CC,37,163.59,見其他登記事項,見其他登記事項,71年12月6日,一層,
RPTPMLLJIIOFFAD87CC,48,67.86,工業用,見其他登記事項,60年11月26日,一層,
RPUNMLMJIIOFFAD87CC,27,75.30,住家用,鋼筋混凝土造,82年2月27日,六層,
RPUNMLMJIIOFFAD87CC,27,25.22,共有部分,鋼筋混凝土造,82年2月27日,六層,
RPTNMLMJIIOFFAD77CC,3,56.75,見其他登記事項,見其他登記事項,106年1月24日,二十六層,
RPTNMLMJIIOFFAD77CC,3,57.95,見其他登記事項,見其他登記事項,106年1月24日,二十六層,
RPVNMLMJIIOFFAD97CC,3,84.39,見其他登記事項,見其他登記事項,106年1月24日,二十六層,
RPVNMLMJIIOFFAD97CC,3,74.40,見其他登記事項,見其他登記事項,106年1月24日,二十六層,
RPQOMLMJIIOFFAD57CC,3,85.48,見其他登記事項,見其他登記事項,105年11月9日,二十七層,
RPQOMLMJIIOFFAD57CC,3,41.48,見其他登記事項,見其他登記事項,105年11月9日,二十七層,
RPROMLMJIIOFFAD67CC,1,49.66,見其他登記事項,見其他登記事項,108年1月21日,七層,
RPROMLMJIIOFFAD67CC,1,26.26,見其他登記事項,見其他登記事項,108年1月21日,七層,
RPXOMLMJIIOFFAD28CC,28,188.28,商業用,鋼筋混凝土造,80年12月12日,十七層,
RPXOMLMJIIOFFAD28CC,28,21.34,共有部分,鋼筋混凝土造,80年12月12日,十七層,
RPXOMLMJIIOFFAD28CC,28,8.58,共有部分,鋼筋混凝土造,80年12月12日,十七層,
RPXOMLMJIIOFFAD28CC,28,38.89,共有部分,鋼筋混凝土造,80年12月12日,十七層,
RPROMLMJIIOFFCD87CC,6,77.32,見其他登記事項,鋼筋混凝土造,102年5月7日,四層,
RPUNMLMJIIOFFCD08CC,28,16.14,住家用,鋼筋混凝土造,80年5月18日,十一層,
RPUNMLMJIIOFFCD08CC,28,1.39,共有部分,鋼筋混凝土造,80年5月18日,十一層,
RPUNMLMJIIOFFCD08CC,28,3.89,共有部分,鋼筋混凝土造,80年5月18日,十一層,
RPRNMLMJIIOFFKD58CC,12,109.87,住家用,鋼筋混凝土造,96年9月20日,十四層,
RPRNMLMJIIOFFKD58CC,12,67.84,共有部分,鋼筋混凝土造,96年9月20日,十四層,
RPXNMLRLRHOFFBD17CC,2,20.45,見其他登記事項,鋼筋混凝土造,107年1月3日,四層,
RPUNMLKMRHOFFBD88CC,6,174.27,見其他登記事項,鋼筋混凝土造,102年7月1日,三層,
RPWNMLRLRHOFFBD07CC,2,19.84,見其他登記事項,鋼筋混凝土造,107年1月3日,四層,
RPXOMLMJIIOFFCD48CC,38,175.91,住商用,鋼筋混凝土造,70年12月23日,三層,
RPVNMLRLRHOFFBD96CC,2,19.84,見其他登記事項,鋼筋混凝土造,107年1月3日,四層,
RPSOMLMJIIOFFCD97CC,9,64.42,住家用,鋼筋混凝土造,99年5月7日,十四層,
RPSOMLMJIIOFFCD97CC,9,26.89,見其他登記事項,鋼筋混凝土造,99年5月7日,十四層,
RPPNMLNJIIOFFHD18CC,40,94.00,住商用,加強磚造,68年8月1日,二層,
RPTNMLNJIIOFFID68CC,9,82.89,住家用,鋼筋混凝土造,99年3月30日,一層,
RPUNMLNJIIOFFKD98CC,26,157.18,住家用,鋼筋混凝土造,82年12月30日,七層,
RPUNMLNJIIOFFKD98CC,26,133.34,共有部分,鋼筋混凝土造,82年12月30日,七層,
RPUOMLMJIIOFFKD98CC,26,60.00,住商用,鋼筋混凝土造,82年6月12日,四層,
RPOOMLMJIIOFFKD38CC,12,188.52,住家用,鋼筋混凝土造,96年12月31日,四層,
RPTNMLNJIIOFFKD88CC,31,140.16,見其他登記事項,鋼筋混凝土造,77年11月16日,二層,
RPPNMLOJIIOFFAD57CC,16,49.57,見其他登記事項,見其他登記事項,92年12月12日,四層,
RPSOMLOJIIOFFAD97CC,2,259.22,見其他登記事項,見其他登記事項,107年2月14日,四層,
RPQNMLOJIIOFFAD67CC,1,85.83,見其他登記事項,見其他登記事項,107年9月21日,二十九層,
RPQNMLOJIIOFFAD67CC,1,62.11,見其他登記事項,見其他登記事項,107年9月21日,二十九層,
RPUNMLOJIIOFFAD08CC,12,60.12,見其他登記事項,鋼筋混凝土造,96年12月27日,十九層,
RPUNMLOJIIOFFAD08CC,12,24.56,共有部分,鋼筋混凝土造,96年12月27日,十九層,
RPWNMLOJIIOFFAD28CC,35,277.19,商業用,鋼筋混凝土造,73年6月28日,七層,
RPWNMLOJIIOFFAD28CC,35,291.20,商業用,鋼筋混凝土造,73年6月28日,七層,
RPWNMLOJIIOFFAD28CC,35,52.34,共有部分,鋼筋混凝土造,73年6月28日,七層,
RPWNMLOJIIOFFAD28CC,35,52.34,共有部分,鋼筋混凝土造,73年6月28日,七層,
RPRNMLOJIIOFFKD78CC,26,71.68,住家用,鋼筋混凝土造,82年10月27日,六層,
RPRNMLOJIIOFFKD78CC,26,28.27,共有部分,鋼筋混凝土造,82年10月27日,六層,
RPXOMLPJIIOFFHD66CC,22,136.84,住家用,鋼筋混凝土造,86年8月25日,七層,
RPTNMLOJIIOFFKD98CC,25,50.58,見其他登記事項,鋼筋混凝土造,84年3月31日,十五層,
RPTNMLOJIIOFFKD98CC,25,10.63,共有部分,鋼筋混凝土造,84年3月31日,十五層,
RPSOMLPJIIOFFCD28CC,25,103.04,住家用,鋼筋混凝土造,83年12月6日,八層,
RPOPMLPJIIOFFHD48CC,25,135.20,住家用,鋼筋混凝土造,83年8月6日,八層,
RPSNMLRJIIOFFAD18CC,26,75.73,住家用,鋼筋混凝土造,82年9月11日,七層,
RPSNMLRJIIOFFAD18CC,26,43.71,共有部分,鋼筋混凝土造,82年9月11日,七層,
RPSNMLRJIIOFFAD18CC,26,26.41,共有部分,鋼筋混凝土造,82年9月11日,七層,
RPSOMLNJIIOFFCD08CC,39,122.67,住商用,鋼筋混凝土造,69年4月17日,三層,
RPRNMLNJIIOFFCD87CC,26,18.18,住家用,鋼筋混凝土造,82年6月22日,五層,
RPPOMLNJIIOFFCD77CC,26,293.22,住家用,鋼筋混凝土造,82年12月28日,五層,
RPQOMLNJIIOFFCD87CC,24,84.08,商業用,鋼筋混凝土造,84年12月27日,十六層,
RPQOMLNJIIOFFCD87CC,24,34.75,共有部分,鋼筋混凝土造,84年12月27日,十六層,
RPQOMLNJIIOFFCD87CC,24,13.64,共有部分,鋼筋混凝土造,84年12月27日,十六層,
RPXNMLTJIIOFFCD09CC,35,165.81,住商用,鋼筋混凝土造,73年4月9日,三層,
RPXNMLTJIIOFFCD09CC,35,161.26,住商用,鋼筋混凝土造,73年4月9日,三層,
RPSNMLNJIIOFFCD97CC,24,110.16,住家用,鋼筋混凝土造,84年11月6日,二十層,
RPSNMLNJIIOFFCD97CC,24,13.49,共有部分,鋼筋混凝土造,84年11月6日,二十層,
RPSNMLNJIIOFFCD97CC,24,17.00,共有部分,鋼筋混凝土造,84年11月6日,二十層,
RPWNMLTJIIOFFBD88CC,4,206.27,住商用,鋼筋混凝土造,104年8月5日,三層,
RPWNMLTJIIOFFHD86CC,12,224.48,住家用,鋼筋混凝土造,96年5月22日,四層,
RPOOMLTJIIOFFCD28CC,20,91.48,見其他登記事項,鋼筋混凝土造,88年11月16日,十二層,
RPOOMLTJIIOFFCD28CC,20,.20,見其他登記事項,鋼筋混凝土造,88年11月16日,十二層,
RPOOMLTJIIOFFCD28CC,20,22.03,共有部分,鋼筋混凝土造,88年11月16日,十二層,
RPOOMLTJIIOFFCD28CC,20,18.54,共有部分,鋼筋混凝土造,88年11月16日,十二層,
RPXNMLTJIIOFFKD27CC,3,100.10,住家用,見其他登記事項,105年10月26日,二十三層,
RPXNMLTJIIOFFKD27CC,3,81.00,見其他登記事項,見其他登記事項,105年10月26日,二十三層,
RPPOMLTJIIOFFCD38CC,34,122.20,住商用,加強磚造,74年12月7日,二層,
RPOOMLTJIIOFFKD09CC,12,63.12,住商用,鋼筋混凝土造,97年3月5日,四層,
RPPOMLTJIIOFFKD56CC,24,16.79,住家用,鋼筋混凝土造,84年6月17日,八層,
RPPOMLTJIIOFFKD56CC,24,11.37,共有部分,鋼筋混凝土造,84年6月17日,八層,
RPSPMLTJIIOFFCD78CC,12,59.07,見其他登記事項,鋼筋混凝土造,96年4月27日,五層,
RPTNMLOKIIOFFKD09CC,28,151.76,住商用,鋼筋混凝土造,80年10月24日,十一層,
RPTNMLOKIIOFFKD09CC,28,17.41,共有部分,鋼筋混凝土造,80年10月24日,十一層,
RPUNMLOKIIOFFCD38CC,28,92.03,住家用,鋼筋混凝土造,80年11月21日,六層,
RPUNMLOKIIOFFCD38CC,28,17.65,共有部分,鋼筋混凝土造,80年11月21日,六層,
RPQOMLOKIIOFFHD58CC,9,230.45,住家用,鋼筋混凝土造,99年10月20日,四層,
RPQOMLOKIIOFFHD58CC,9,.04,見其他登記事項,鋼筋混凝土造,99年10月20日,一層,
RPPOMLTJIIOFFAD18CC,34,77.92,住家用,鋼筋混凝土造,74年6月20日,五層,
RPPOMLTJIIOFFAD18CC,34,7.59,共有部分,鋼筋混凝土造,74年6月20日,五層,
RPXNMLOKIIOFFBD58CC,25,146.22,見其他登記事項,鋼筋混凝土造,84年3月9日,四層,
RPROMLOKIIOFFHD68CC,7,23.19,住家用,鋼筋混凝土造,101年7月20日,四層,
RPSNMLPKIIOFFCD28CC,2,67.46,見其他登記事項,鋼筋混凝土造,106年5月31日,十四層,
RPSNMLPKIIOFFCD28CC,2,56.55,見其他登記事項,鋼筋混凝土造,106年5月31日,十四層,
RPSNMLPKIIOFFCD28CC,2,15.40,見其他登記事項,鋼筋混凝土造,106年5月31日,十四層,
RPUOMLPKIIOFFCD58CC,27,107.57,住家用,鋼筋混凝土造,81年7月9日,七層,
RPUOMLPKIIOFFCD58CC,27,25.34,共有部分,鋼筋混凝土造,81年7月9日,七層,
RPWNMLPKIIOFFCD68CC,27,239.99,住商用,鋼筋混凝土造,81年12月29日,十一層,
RPWNMLPKIIOFFCD68CC,27,21.78,共有部分,鋼筋混凝土造,81年12月29日,十一層,
RPWNMLPKIIOFFCD68CC,27,35.42,共有部分,鋼筋混凝土造,81年12月29日,十一層,
RPPOMLPKIIOFFID68CC,28,76.96,住家用,鋼筋混凝土造,80年7月25日,五層,
RPPOMLPKIIOFFID68CC,28,11.36,共有部分,鋼筋混凝土造,80年7月25日,五層,
RPUNMLPKIIOFFHD98CC,5,175.54,住家用,鋼筋混凝土造,103年11月13日,三層,
RPTNMLPKIIOFFKD56CC,39,26.45,住家用,加強磚造,69年5月29日,二層,
RPXNMLQKIIOFFAD68CC,23,80.13,住家用,鋼筋混凝土造,85年9月7日,十七層,
RPXNMLQKIIOFFAD68CC,23,55.54,共有部分,鋼筋混凝土造,85年9月7日,十七層,
RPTNMLQKIIOFFHD98CC,5,12.61,見其他登記事項,鋼筋混凝土造,103年11月27日,三層,
RPUNMLRKIIOFFKD86CC,51,205.66,住家用,磚造,57年6月1日,二層,
RPOPMLRKIIOFFKD09CC,19,86.13,見使用執照,鋼造,90年3月7日,一層,
RPXOMLSKIIOFFKD37CC,25,78.25,住家用,鋼筋混凝土造,83年4月30日,七層,
RPXOMLSKIIOFFKD37CC,25,11.67,共有部分,鋼筋混凝土造,83年4月30日,七層,
RPXOMLSKIIOFFKD37CC,25,11.46,共有部分,鋼筋混凝土造,83年4月30日,七層,
RPPNMLPKIIOFFAD77CC,38,69.35,住家用,鋼筋混凝土造,70年6月12日,五層,
RPPNMLPKIIOFFAD77CC,38,12.26,共有部分,鋼筋混凝土造,70年6月12日,五層,
RPOOMLPKIIOFFAD77CC,2,97.43,見其他登記事項,見其他登記事項,106年10月20日,一層,
RPOOMLPKIIOFFAD77CC,2,1.02,見其他登記事項,見其他登記事項,106年10月20日,一層,
RPUNMLLLIIOFFKD98CC,9,317.57,住商用,鋼筋混凝土造,99年10月6日,四層,
RPROMLLLIIOFFHD48CC,23,191.50,住家用,鋼筋混凝土造,85年5月31日,三層,
RPSOMLRKIIOFFID56CC,22,218.83,住家用,鋼筋混凝土造,87年4月14日,四層,
RPRNMLNLIIOFFKD88CC,,791.64,,,,,
RPRNMLNLIIOFFKD88CC,,244.41,,,,,
RPRNMLNLIIOFFKD88CC,,215.09,,,,,
RPUPMLNLIIOFFCD58CC,25,118.08,住家用,鋼筋混凝土造,83年10月24日,十層,
RPUPMLNLIIOFFCD58CC,25,27.52,共有部分,鋼筋混凝土造,83年10月24日,十層,
RPUPMLNLIIOFFCD58CC,25,18.92,共有部分,鋼筋混凝土造,83年10月24日,十層,
RPPOMLQKIIOFFAD97CC,25,94.80,住家用,鋼筋混凝土造,83年10月13日,八層,
RPPOMLQKIIOFFAD97CC,25,9.06,共有部分,鋼筋混凝土造,83年10月13日,八層,
RPPOMLQKIIOFFAD97CC,25,33.79,共有部分,鋼筋混凝土造,83年10月13日,八層,
RPPOMLSKIIOFFAD18CC,23,101.59,見其他登記事項,鋼筋混凝土造,85年10月9日,九層,
RPPOMLSKIIOFFAD18CC,23,35.86,共有部分,鋼筋混凝土造,85年10月9日,九層,
RPPOMLSKIIOFFAD18CC,23,15.67,共有部分,鋼筋混凝土造,85年10月9日,九層,
RPPOMLSKIIOFFAD18CC,23,.00,共有部分,鋼筋混凝土造,85年10月9日,九層,
RPPOMLSKIIOFFAD18CC,23,.00,共有部分,鋼筋混凝土造,85年10月9日,九層,
RPRQMLNLIIOFFCD38CC,24,55.88,住家用,鋼筋混凝土造,84年11月15日,二十三層,
RPRQMLNLIIOFFCD38CC,24,4.89,共有部分,鋼筋混凝土造,84年11月15日,二十三層,
RPRQMLNLIIOFFCD38CC,24,15.31,共有部分,鋼筋混凝土造,84年11月15日,二十三層,
RPRQMLNLIIOFFCD38CC,24,2.32,共有部分,鋼筋混凝土造,84年11月15日,二十三層,
RPOOMLNLIIOFFKD68CC,37,71.53,國民住宅,鋼筋混凝土造,72年2月24日,五層,
RPOOMLNLIIOFFKD68CC,37,.29,見其他登記事項,鋼筋混凝土造,72年2月24日,地下層,
RPOOMLNLIIOFFKD68CC,37,.29,見其他登記事項,鋼筋混凝土造,72年2月24日,地下層,
RPOOMLNLIIOFFKD68CC,37,.29,見其他登記事項,鋼筋混凝土造,72年2月24日,地下層,
RPOOMLNLIIOFFKD68CC,37,.29,見其他登記事項,鋼筋混凝土造,72年2月24日,地下層,
RPOOMLNLIIOFFKD68CC,37,.29,共有部分,鋼筋混凝土造,72年2月24日,,
RPOOMLNLIIOFFKD68CC,37,.13,國民住宅,鋼筋混凝土造,72年2月24日,五層,
RPOOMLNLIIOFFKD68CC,37,.29,共有部分,鋼筋混凝土造,72年2月24日,,
RPOOMLNLIIOFFKD68CC,37,5.18,共有部分,鋼筋混凝土造,72年2月24日,,
RPVOMLMLIIOFFAD28CC,22,96.58,見其他登記事項,鋼筋混凝土造,87年1月5日,二十六層,
RPVOMLMLIIOFFAD28CC,22,5.27,共有部分,鋼筋混凝土造,87年1月5日,二十六層,
RPVOMLMLIIOFFAD28CC,22,19.71,共有部分,鋼筋混凝土造,87年1月5日,二十六層,
RPSPMLMLIIOFFAD08CC,42,37.66,住家用,鋼筋混凝土造,66年12月2日,七層,
RPSPMLMLIIOFFAD08CC,42,6.14,共有部分,鋼筋混凝土造,66年12月2日,七層,
RPTNMLOLIIOFFKD56CC,39,114.06,住家用,加強磚造,70年1月17日,二層,
RPQNMLNLIIOFFDD08CC,33,144.01,住家用,加強磚造,75年8月4日,二層,
RPXNMLOLIIOFFID76CC,47,54.48,住家用,加強磚造,61年5月1日,一層,
RPPNMLOLIIOFFKD78CC,23,52.90,住商用,鋼筋混凝土造,85年5月25日,四層,
RPRNMLOLIIOFFKD98CC,31,26.15,見其他登記事項,鋼筋混凝土造,77年12月5日,五層,
RPQOMLOLIIOFFCD18CC,27,75.47,住家用,鋼筋混凝土造,81年8月28日,六層,
RPQOMLOLIIOFFCD18CC,27,22.56,共有部分,鋼筋混凝土造,81年8月28日,六層,
RPVNMLOLIIOFFCD58CC,35,101.27,住家用,加強磚造,73年5月28日,二層,
RPUOMLOLIIOFFCD58CC,27,21.10,住家用,鋼筋混凝土造,81年8月13日,十二層,
RPUOMLOLIIOFFCD58CC,27,7.22,共有部分,鋼筋混凝土造,81年8月13日,十二層,
RPUOMLOLIIOFFCD58CC,27,2.63,共有部分,鋼筋混凝土造,81年8月13日,十二層,
RPPNMLOLIIOFFHD48CC,29,142.00,住家用,鋼筋混凝土造,79年7月9日,三層,
RPOPMLNLIIOFFAD77CC,23,29.74,住家用,鋼筋混凝土造,85年11月27日,十一層,
RPOPMLNLIIOFFAD77CC,23,7.65,共有部分,鋼筋混凝土造,85年11月27日,十一層,
RPOPMLNLIIOFFAD77CC,23,3.55,共有部分,鋼筋混凝土造,85年11月27日,十一層,
RPTOMLNLIIOFFAD18CC,35,88.65,住家用,鋼筋混凝土造,73年11月8日,五層,
RPTOMLNLIIOFFAD18CC,35,11.42,共有部分,鋼筋混凝土造,73年11月8日,五層,
RPTNMLOLIIOFFAD18CC,3,110.21,見其他登記事項,見其他登記事項,105年10月26日,十八層,
RPTNMLOLIIOFFAD18CC,3,44.15,見其他登記事項,見其他登記事項,105年10月26日,十八層,
RPTNMLOLIIOFFAD18CC,3,25.47,見其他登記事項,見其他登記事項,105年10月26日,十八層,
RPSNMLOLIIOFFAD08CC,37,111.24,住家用,加強磚造,71年8月20日,二層,
RPROMLOLIIOFFAD08CC,12,55.30,見其他登記事項,見其他登記事項,96年8月24日,十四層,
RPROMLOLIIOFFAD08CC,12,7.49,共有部分,見其他登記事項,96年8月24日,十四層,
RPROMLOLIIOFFAD08CC,12,11.76,共有部分,見其他登記事項,96年8月24日,十四層,
RPOOMLPLIIOFFCD08CC,42,252.96,見其他登記事項,磚造,66年11月24日,一層,
RPOOMLPLIIOFFCD08CC,38,1192.06,見其他登記事項,鋼筋混凝土加強磚造,70年7月22日,二層,
RPOOMLPLIIOFFCD08CC,42,732.56,見其他登記事項,見其他登記事項,66年11月24日,二層,
RPTNMLPLIIOFFCD48CC,20,96.22,住家用,鋼筋混凝土造,89年1月15日,十三層,
RPTNMLPLIIOFFCD48CC,20,9.56,共有部分,鋼筋混凝土造,89年1月15日,十三層,
RPTNMLPLIIOFFCD48CC,20,16.27,共有部分,鋼筋混凝土造,89年1月15日,十三層,
RPTNMLPLIIOFFCD48CC,20,33.92,共有部分,鋼筋混凝土造,89年1月15日,十三層,
RPRNMLPLIIOFFKD09CC,9,342.96,住商用,鋼筋混凝土造,99年10月6日,四層,
RPSNMLPLIIOFFKD56CC,25,40.48,見其他登記事項,鋼筋混凝土造,84年3月31日,十五層,
RPSNMLPLIIOFFKD56CC,25,8.86,共有部分,鋼筋混凝土造,84年3月31日,十五層,
RPUNMLSLIIOFFKD07CC,24,70.23,住家用,鋼筋混凝土造,84年9月8日,十九層,
RPUNMLSLIIOFFKD07CC,24,24.07,共有部分,鋼筋混凝土造,84年9月8日,十九層,
RPUNMLKMIIOFFCD18CC,22,139.74,住家用,鋼筋混凝土造,86年9月19日,二十五層,
RPUNMLKMIIOFFCD18CC,22,94.33,共有部分,鋼筋混凝土造,86年9月19日,二十五層,
RPROMLPLIIOFFBD28CC,28,179.62,住商用,鋼筋混凝土造,80年6月19日,三層,
RPTNMLPLIIOFFAD28CC,16,95.01,見其他登記事項,鋼筋混凝土造,93年3月30日,十層,
RPTNMLPLIIOFFAD28CC,16,44.38,共有部分,鋼筋混凝土造,93年3月30日,十一層,
RPUNMLPLIIOFFAD38CC,1,85.03,見其他登記事項,見其他登記事項,107年9月21日,二十九層,
RPUNMLPLIIOFFAD38CC,1,61.70,見其他登記事項,見其他登記事項,107年9月21日,二十九層,
RPWOMLPLIIOFFAD68CC,29,147.38,住商用,鋼筋混凝土造,80年1月12日,五層,
RPROMLPLIIOFFAD18CC,25,49.86,住家用,鋼筋混凝土造,84年4月18日,八層,
RPROMLPLIIOFFAD18CC,25,21.16,共有部分,鋼筋混凝土造,84年4月18日,八層,
RPVOMLPLIIOFFAD58CC,29,102.83,住商用,鋼筋混凝土造,80年1月12日,五層,
RPUNMLTLIIOFFAD88DC,40,116.43,住家用,鋼筋混凝土造,68年12月7日,三層,
RPUNMLKMIIOFFKD98CC,5,103.91,見其他登記事項,見其他登記事項,104年1月20日,二層,
RPSNMLKMIIOFFKD78CC,5,23.15,見其他登記事項,見其他登記事項,103年7月15日,四層,
RPVNMLKMIIOFFAD08CC,,46.00,住家用,磚造,,一層,
RPVNMLKMIIOFFID88CC,12,19.83,住家用,鋼筋混凝土造,97年3月10日,三層,
RPPPMLLMIIOFFID58CC,40,72.00,住家用,加強磚造,68年9月1日,二層,
RPPPMLLMIIOFFCD97CC,2,81.54,見其他登記事項,鋼筋混凝土造,107年3月19日,十三層,
RPPPMLLMIIOFFCD97CC,2,5.08,見其他登記事項,鋼筋混凝土造,107年3月19日,十三層,
RPPPMLLMIIOFFCD97CC,2,63.78,見其他登記事項,鋼筋混凝土造,107年3月19日,十三層,
RPPPMLLMIIOFFCD97CC,2,.82,見其他登記事項,鋼筋混凝土造,107年3月19日,十三層,
RPVNMLLMIIOFFBD28CC,7,21.55,見其他登記事項,鋼筋混凝土造,101年12月4日,四層,
RPUNMLLMIIOFFHD78CC,38,156.15,住家用,見其他登記事項,70年7月27日,一層,
RPRNMLLMIIOFFHD48CC,15,457.70,住家用,見其他登記事項,93年11月2日,二層,
RPROMLLJJIOFFCD87CC,25,72.45,住家用,鋼筋混凝土造,84年3月25日,十四層,
RPROMLLJJIOFFCD87CC,25,8.69,共有部分,鋼筋混凝土造,84年3月25日,十四層,
RPROMLLJJIOFFCD87CC,25,31.22,共有部分,鋼筋混凝土造,84年3月25日,十四層,
RPTNMLKMIIOFFKD88CC,27,95.21,住家用,鋼筋混凝土造,81年10月16日,十六層,
RPTNMLKMIIOFFKD88CC,27,5.66,共有部分,鋼筋混凝土造,81年10月16日,十七層,
RPTNMLKMIIOFFKD88CC,27,16.23,共有部分,鋼筋混凝土造,81年10月16日,十六層,
RPXOMLLJJIOFFCD48CC,25,74.75,住家用,鋼筋混凝土造,84年3月25日,十四層,
RPXOMLLJJIOFFCD48CC,25,7.32,共有部分,鋼筋混凝土造,84年3月25日,十四層,
RPXOMLLJJIOFFCD48CC,25,32.15,共有部分,鋼筋混凝土造,84年3月25日,十四層,
RPUNMLLJJIOFFID68CC,15,210.81,住家用,鋼筋混凝土造,93年11月3日,四層,
RPRPMLLJJIOFFAD77CC,61,329.00,住商用,磚造,48年1月1日,三層,
RPTNMLLJJIOFFAD77CC,1,77.55,見其他登記事項,見其他登記事項,107年5月31日,二十層,
RPTNMLLJJIOFFAD77CC,1,76.79,見其他登記事項,見其他登記事項,107年5月31日,二十層,
RPQOMLLJJIOFFAD57CC,32,55.30,住商用,鋼筋混凝土造,76年8月1日,四層,
RPRNMLOJJIOFFKD88CC,8,6.00,見其他登記事項,見其他登記事項,100年6月7日,四層,
RPUNMLOJJIOFFHD88CC,1,23.14,見其他登記事項,鋼筋混凝土造,107年6月28日,四層,
RPSOMLLMIIOFFAD97CC,19,56.87,見其他登記事項,鋼筋混凝土造,89年8月22日,十四層,
RPSOMLLMIIOFFAD97CC,19,15.22,共有部分,鋼筋混凝土造,89年8月22日,十四層,
RPTOMLLMIIOFFAD08CC,24,54.75,住家用,鋼筋混凝土造,84年7月29日,十七層,
RPTOMLLMIIOFFAD08CC,24,14.48,共有部分,鋼筋混凝土造,84年7月29日,十七層,
RPQPMLLMIIOFFAD87CC,17,39.67,見其他登記事項,鋼筋混凝土造,91年10月7日,四層,
RPWNMLLJJIOFFKD09CC,31,181.50,住家用,加強磚造,77年10月7日,二層,
RPVNMLOJJIOFFCD48CC,2,75.15,見其他登記事項,見其他登記事項,106年12月6日,四層,
RPVNMLOJJIOFFCD48CC,2,165.00,住家用,見其他登記事項,106年12月6日,四層,
RPVNMLOJJIOFFCD48CC,2,37.43,見其他登記事項,見其他登記事項,106年12月6日,四層,
RPVNMLOJJIOFFCD48CC,2,73.03,見其他登記事項,見其他登記事項,106年12月6日,四層,
RPQNMLLMIIOFFAD67CC,4,72.67,見其他登記事項,見其他登記事項,104年11月5日,二十四層,
RPQNMLLMIIOFFAD67CC,4,30.74,見其他登記事項,見其他登記事項,104年11月5日,二十四層,
RPUNMLOJJIOFFKD56CC,4,312.90,見其他登記事項,見其他登記事項,104年7月20日,一層,
RPSNMLOJJIOFFKD98CC,8,6.00,見其他登記事項,見其他登記事項,100年6月7日,四層,
RPQVMLQJJIOFFCD98CC,13,93.91,住家用,鋼筋混凝土造,95年12月7日,十層,
RPQVMLQJJIOFFCD98CC,13,28.18,共有部分,鋼筋混凝土造,95年12月7日,十層,
RPQVMLQJJIOFFCD98CC,13,10.11,共有部分,鋼筋混凝土造,95年12月7日,十層,
RPRVMLQJJIOFFCD09CC,34,53.93,住商用,鋼筋混凝土造,74年11月20日,二層,
RPSNMLQJJIOFFCD38CC,36,83.71,住家用,鋼筋混凝土造,72年12月16日,五層,
RPSNMLQJJIOFFCD38CC,36,15.45,共有部分,鋼筋混凝土造,72年12月16日,五層,
RPUVMLQJJIOFFCD76CC,27,67.30,住家用,鋼筋混凝土造,82年3月8日,七層,
RPUVMLQJJIOFFCD76CC,27,33.68,共有部分,鋼筋混凝土造,82年3月8日,七層,
RPRNMLQJJIOFFCD28CC,19,76.47,住家用,鋼筋混凝土造,89年11月28日,二十層,
RPRNMLQJJIOFFCD28CC,19,8.40,共有部分,鋼筋混凝土造,89年11月28日,二十層,
RPRNMLQJJIOFFCD28CC,19,16.79,共有部分,鋼筋混凝土造,89年11月28日,二十層,
RPRNMLQJJIOFFCD28CC,19,11.77,共有部分,鋼筋混凝土造,89年11月28日,二十層,
RPVVMLQJJIOFFCD86CC,40,13.86,住家用,加強磚造,68年10月22日,二層,
RPSVMLQJJIOFFCD56CC,30,27.59,住家用,鋼筋混凝土造,78年6月20日,九層,
RPTNMLQJJIOFFCD48CC,25,60.30,住家用,鋼筋混凝土造,83年10月24日,十層,
RPTNMLQJJIOFFCD48CC,25,16.65,共有部分,鋼筋混凝土造,83年10月24日,十層,
RPTNMLQJJIOFFCD48CC,25,11.09,共有部分,鋼筋混凝土造,83年10月24日,十層,
RPWNMLQJJIOFFID76CC,34,404.62,住工用,鋼筋混凝土造,74年11月15日,二層,
RPQNMLQJJIOFFKD98CC,31,128.07,住家用,加強磚造,77年11月8日,二層,
RPWNMLQJJIOFFAD58CC,35,52.54,住商用,鋼筋混凝土造,73年8月18日,四層,
RPSNMLRJJIOFFKD66CC,12,84.81,商業用,見其他登記事項,96年5月22日,一層,
RPWNMLQJJIOFFKD96CC,27,203.44,住商用,鋼筋混凝土造,81年10月7日,四層,
RPUNMLQJJIOFFKD76CC,46,63.08,住家用,加強磚造,62年12月1日,二層,
RPVNMLQJJIOFFKD86CC,35,998.47,工業用,鋼造,73年7月12日,一層,
RPVNMLQJJIOFFKD86CC,35,61.14,見其他登記事項,加強磚造,73年7月12日,,
RPPOMLQJJIOFFID78CC,24,289.41,工商用,鋼造,84年9月21日,二層,
RPVNMLRJJIOFFAD58CC,41,15.20,住家用,加強磚造,67年11月11日,二層,
RPPPMLRJJIOFFAD18CC,26,20.90,住家用,鋼筋混凝土造,82年5月15日,五層,
RPPPMLRJJIOFFAD18CC,26,3.78,共有部分,鋼筋混凝土造,82年5月15日,五層,
RPPPMLRJJIOFFAD18CC,26,1.77,共有部分,鋼筋混凝土造,82年5月15日,五層,
RPOPMLRJJIOFFAD08CC,26,299.27,住商用,鋼筋混凝土造,82年9月14日,五層,
RPXOMLSJJIOFFAD98CC,44,38.80,住商用,加強磚造,64年12月4日,二層,
RPVOMLRJJIOFFAD68CC,26,30.70,住商用,鋼筋混凝土造,83年3月30日,九層,
RPVOMLRJJIOFFAD68CC,26,55.12,共有部分,鋼筋混凝土造,83年3月30日,九層,
RPSOMLSJJIOFFCD68CC,41,38.72,住家用,鋼筋混凝土造,68年3月24日,四層,
RPVNMLRJJIOFFCD78CC,52,84.62,住家用,加強磚造,57年2月10日,二層,
RPQNMLRJJIOFFCD28CC,34,51.25,住商用,鋼筋混凝土造,74年11月8日,三層,
RPQNMLRJJIOFFCD28CC,34,51.25,住商用,鋼筋混凝土造,74年11月8日,三層,
RPTNMLSJJIOFFKD86CC,38,69.44,住家用,鋼筋混凝土造,71年2月22日,五層,
RPTNMLSJJIOFFKD86CC,38,2.51,共有部分,鋼筋混凝土造,71年2月22日,五層,
RPTNMLSJJIOFFKD86CC,38,1.68,共有部分,鋼筋混凝土造,71年2月22日,五層,
RPTNMLSJJIOFFKD86CC,38,1.40,共有部分,鋼筋混凝土造,71年2月22日,五層,
RPTNMLSJJIOFFKD86CC,38,2.29,共有部分,鋼筋混凝土造,71年2月22日,五層,
RPTNMLSJJIOFFKD86CC,38,.58,共有部分,鋼筋混凝土造,71年2月22日,五層,
RPTNMLSJJIOFFKD86CC,38,4.38,共有部分,鋼筋混凝土造,71年2月22日,五層,
RPSNMLSJJIOFFHD09CC,20,200.11,住商用,鋼筋混凝土造,89年2月11日,三層,
RPSOMLSJJIOFFKD86CC,26,112.35,商業用,鋼筋混凝土造,82年8月17日,六層,
RPSOMLSJJIOFFKD86CC,26,25.26,共有部分,鋼筋混凝土造,82年8月17日,六層,
RPTOMLSJJIOFFKD96CC,25,40.48,見其他登記事項,鋼筋混凝土造,84年3月31日,十五層,
RPTOMLSJJIOFFKD96CC,25,8.86,共有部分,鋼筋混凝土造,84年3月31日,十五層,
RPUNMLRJJIOFFCD78DC,48,260.57,住商用,加強磚造,61年1月14日,三層,
RPRNMLRJJIOFFCD38CC,53,75.27,住家用,加強磚造,56年1月1日,二層,
RPQOMLSJJIOFFKD66CC,30,153.33,住家用,鋼筋混凝土造,79年2月5日,三層,
RPQNMLTJJIOFFCD48CC,28,153.18,商業用,鋼筋混凝土造,80年7月18日,十二層,
RPQNMLTJJIOFFBD38CC,6,26.45,住家用,鋼筋混凝土造,102年12月9日,三層,
