﻿編號,土地區段位置,土地移轉面積平方公尺,使用分區或編定
The serial number,land sector position,land shifting area square meter,the use zoning or compiles and checks
RPTNMLOKQHOFFID96CC,白崙段,.00,都市：商
RPPOMLMKQHOFFCD48CC,虎尾寮段,.00,非都市： ; 非都市編定：
RPUNMLOKQHOFFAD88CC,永福段,26.00,都市：商
RPROMLMKQHOFFCD68CC,東安段,.00,非都市： ; 非都市編定：
RPWNMLPKQHOFFID37CC,媽祖廟段二小段,.00,非都市：特定農業區 ; 非都市編定：農牧用地
RPOOMLPKQHOFFCD68CC,育樂段,32.75,都市：住
RPQOMLOKQHOFFHD66CC,圳西段,.00,都市：工
RPOOMLOKQHOFFHD09CC,三德段,22.12,都市：住
RPWOMLPKQHOFFCD86CC,仁和段,.00,都市：住
RPRNMLMKQHOFFAD38CC,頂美段,95.54,都市：住
RPTNMLMKQHOFFAD58CC,仁愛段,.00,非都市： ; 非都市編定：
RPXOMLPKQHOFFAD76CC,觀音段,90.70,都市：商
RPXOMLPKQHOFFAD76CC,觀音段,9.24,都市：商
RPQOMLPKQHOFFKD07CC,頂南段,.00,都市：住
RPROMLMKQHOFFAD48CC,金華段,.00,非都市： ; 非都市編定：
RPTNMLQKQHOFFID17CC,健康段,.00,都市：住
RPRNMLQKQHOFFAD78CC,三民段,.00,非都市： ; 非都市編定：
RPRNMLQKQHOFFAD78CC,三民段,.00,非都市： ; 非都市編定：
RPSNMLOKQHOFFKD07CC,成功段,34.73,都市：住
RPPNMLQKQHOFFKD96CC,橋北段,.00,都市：住
RPQOMLMKQHOFFAD38CC,金華段,.00,非都市： ; 非都市編定：
RPOOMLTKQHOFFBD98CC,溪東段,109.70,都市：住
RPRNMLQKQHOFFCD09DC,龍泉段,99.34,都市：商
RPRNMLQKQHOFFCD09DC,龍泉段,19.44,都市：商
RPOOMLKLQHOFFCD28CC,鹽埕段,146.00,都市：住
RPVNMLTKQHOFFCD07CC,仁和段,23.94,都市：住
RPXOMLTKQHOFFCD37CC,德高段,.00,非都市： ; 非都市編定：
RPVNMLQKQHOFFAD56CC,銀同段,.00,非都市： ; 非都市編定：
RPVNMLQKQHOFFAD56CC,銀同段,.00,非都市： ; 非都市編定：
RPVNMLQKQHOFFAD56CC,銀同段,.00,非都市： ; 非都市編定：
RPUNMLQKQHOFFAD09CC,金華段,.00,非都市： ; 非都市編定：
RPOOMLQKQHOFFAD58CC,頂美段,.00,非都市： ; 非都市編定：
RPUNMLKLQHOFFCD78CC,公英段,35.83,都市：住
RPQOMLQKQHOFFAD78CC,金城段,.00,非都市： ; 非都市編定：
RPTNMLKLQHOFFCD68CC,水交社段,.00,非都市： ; 非都市編定：
RPUNMLKLQHOFFBD68CC,和館段,.00,都市：住
RPWNMLKLQHOFFKD17CC,鹽東段,.00,都市：住
RPQNMLKLQHOFFDD48CC,新岸段,75.02,都市：住
RPRNMLLLQHOFFBD48CC,海東段,.00,都市：住
RPUNMLLLQHOFFAD68CC,廣慈段,.00,都市：商
RPUNMLLLQHOFFAD68CC,廣慈段,.00,都市：商
RPUNMLLLQHOFFAD68CC,廣慈段,.00,都市：商
RPROMLKLQHOFFAD38CC,保安段,.00,非都市： ; 非都市編定：
RPQNMLKLQHOFFAD18CC,立人段,.00,都市：住
RPSNMLLLQHOFFAD48CC,大豐段,.00,都市：住
RPROMLKLQHOFFKD76CC,兵南段,24.25,都市：住
RPSOMLLLQHOFFKD96CC,大灣段,.00,非都市： ; 非都市編定：
RPVNMLKLQHOFFAD68CC,開元段,.00,都市：其他
RPVNMLKLQHOFFAD68CC,開元段,.00,都市：商
RPVNMLKLQHOFFAD68CC,開元段,.00,都市：住
RPPOMLKLQHOFFAD18CC,金華段,.00,都市：住
RPRNMLLLQHOFFCD58CC,大林段,.00,都市：住
RPTNMLMLQHOFFID86CC,林仔段,.00,都市：工
RPVNMLMLQHOFFKD27CC,六甲頂段,.00,都市：住
RPOOMLNLQHOFFKD76CC,頂西段,.00,都市：工
RPOOMLNLQHOFFKD76CC,頂西段,.00,都市：工
RPWOMLMLQHOFFAD09CC,仁愛段,.00,都市：住
RPSPMLMLQHOFFCD98CC,虎尾寮段,.00,都市：住
RPSPMLMLQHOFFCD98CC,虎尾寮段,.00,都市：住
RPQOMLNLQHOFFKD96CC,大灣段,.00,都市：住
RPQOMLLLQHOFFCD58CC,東寧段,.00,都市：商
RPOOMLNLQHOFFAD38CC,郡王祠段,37.50,都市：住
RPSOMLNLQHOFFAD78CC,青年段,.00,都市：商
RPSOMLNLQHOFFAD78CC,青年段,.00,都市：商
RPSOMLNLQHOFFAD78CC,青年段,.00,都市：商
RPWNMLMLQHOFFBD09CC,怡中段,.00,都市：住
RPQOMLNLQHOFFCD78CC,虎尾寮段,.00,都市：住
RPXOMLNLQHOFFAD66CC,小北段,.00,非都市： ; 非都市編定：
RPXOMLNLQHOFFAD66CC,小北段,.00,非都市： ; 非都市編定：
RPSOMLNLQHOFFCD98CC,光明段,.00,都市：住
RPUPMLMLQHOFFCD56CC,富強段,112.48,都市：住
RPOPMLMLQHOFFCD58CC,精忠段,.00,都市：住
RPSOMLNLQHOFFKD17CC,兵北段,.00,都市：住
RPOPMLNLQHOFFAD48CC,金華段,.00,非都市： ; 非都市編定：
RPTOMLQLQHOFFCD76CC,公英段,.00,都市：住
RPTNMLQLQHOFFCD66CC,鹽埕段,.00,都市：住
RPOOMLQLQHOFFCD88CC,新東段,.00,都市：住
RPQOMLQLQHOFFAD88CC,小北段,.00,都市：住
RPVOMLQLQHOFFAD76CC,自強段,.00,都市：商
RPVOMLQLQHOFFAD76CC,自強段,.00,都市：商
RPVOMLQLQHOFFAD76CC,自強段,.00,都市：商
RPVOMLQLQHOFFAD76CC,自強段,.00,都市：商
RPPOMLNLQHOFFCD68CC,虎尾寮段,.00,都市：住
RPQPMLQLQHOFFAD98CC,富台段,.00,都市：住
RPTOMLQLQHOFFAD56CC,仁愛段,.00,都市：住
RPVNMLQLQHOFFAD66CC,開元段,.00,都市：商
RPUNMLQLQHOFFID37CC,豬厝段,.00,非都市：一般農業區 ; 非都市編定：農牧用地
RPVNMLQLQHOFFKD67CC,蔦松南段,.00,都市：住
RPWNMLQLQHOFFKD77CC,中興段,.00,都市：住
RPOOMLQLQHOFFID86CC,媽祖廟段二小段,.00,非都市：鄉村區 ; 非都市編定：乙種建築用地
RPTOMLQLQHOFFKD57CC,鹽中段,.00,都市：住
RPXPMLQLQHOFFKD08CC,兵南段,.00,都市：商
RPQOMLQLQHOFFKD27CC,南新段,.00,都市：住
RPQOMLQLQHOFFKD27CC,南新段,.00,都市：住
RPQOMLQLQHOFFKD27CC,南新段,.00,都市：住
RPQOMLQLQHOFFKD27CC,南新段,.00,都市：住
RPQOMLQLQHOFFKD27CC,南新段,.00,都市：住
RPQPMLQLQHOFFKD37CC,永康段,1811.00,都市：住
RPUOMLQLQHOFFKD67CC,鹽埕段,.00,都市：住
RPVNMLQLQHOFFID47CC,豬厝段,.00,非都市：一般農業區 ; 非都市編定：甲種建築用地
RPXNMLQLQHOFFBD96CC,海東段,.00,都市：住
RPVOMLQLQHOFFHD47CC,大榮段,43.80,都市：住
RPQOMLSLQHOFFAD09CC,開元段,.40,都市：住
RPQOMLSLQHOFFAD09CC,開元段,84.70,都市：商
RPQOMLSLQHOFFAD09CC,開元段,.03,都市：其他
RPTNMLRLQHOFFCD76CC,仁和段,.00,都市：住
RPQNMLSLQHOFFHD07CC,光華段,.00,都市：住
RPSNMLSLQHOFFHD27CC,華興段,22.10,都市：住
RPQNMLTLQHOFFHD17CC,南港段,93.47,非都市： ; 非都市編定：
RPSNMLSLQHOFFCD76CC,富農段,.00,都市：住
RPSNMLTLQHOFFHD37CC,慶安段,.00,都市：住
RPUNMLSLQHOFFAD76CC,光賢段,.00,非都市： ; 非都市編定：
RPUNMLSLQHOFFAD76CC,光賢段,.00,非都市： ; 非都市編定：
RPSNMLTLQHOFFKD67CC,六甲頂段,.00,都市：住
RPQNMLSLQHOFFCD56CC,公英段,.00,都市：住
RPPOMLRLQHOFFCD09CC,富農段,.00,都市：住
RPPOMLRLQHOFFCD09CC,富農段,.00,都市：住
RPXNMLSLQHOFFAD07CC,中山段,.00,都市：商
RPUNMLTLQHOFFCD07CC,東安段,.00,非都市： ; 非都市編定：
RPSNMLRLQHOFFGD17DC,興化段,167.00,非都市：鄉村區 ; 非都市編定：乙種建築用地
RPTNMLTLQHOFFKD77CC,六甲頂段,.00,都市：住
RPTOMLTLQHOFFAD86CC,三民段,74.24,都市：商
RPXNMLTLQHOFFAD17CC,大豐段,.00,都市：住
RPXNMLTLQHOFFAD17CC,大豐段,.00,都市：住
RPOOMLTLQHOFFAD98CC,銀同段,.00,都市：商
RPOOMLTLQHOFFAD98CC,銀同段,.00,都市：商
RPOQMLTLQHOFFCD76CC,光華段,.00,非都市： ; 非都市編定：
RPTNMLMJRHOFFKD96CC,蜈蜞潭段,9.60,都市：住
RPSNMLSLQHOFFID37CC,中清段,.00,都市：住
RPRPMLTLQHOFFCD96CC,鹽埕段,.00,都市：住
RPWOMLKMQHOFFCD56CC,龍泉段,3.31,都市：商
RPWOMLKMQHOFFCD56CC,龍泉段,3.15,都市：商
RPROMLMJRHOFFKD86CC,南工段,.00,非都市： ; 非都市編定：
RPROMLMJRHOFFKD86CC,南工段,.00,非都市： ; 非都市編定：
RPSOMLMJRHOFFCD78CC,光明段,50.00,都市：商
RPSOMLMJRHOFFCD78CC,光明段,10.00,都市：商
RPSOMLMJRHOFFCD78CC,光明段,56.00,都市：商
RPSOMLMJRHOFFCD78CC,光明段,4.00,都市：商
RPPOMLKMQHOFFKD66CC,永信段,.00,都市：住
RPXNMLKMQHOFFKD37CC,永興段,.00,都市：住
RPVOMLKMQHOFFKD27CC,永強段,.00,都市：住
RPSOMLKMQHOFFID76CC,武東段,132.93,都市：住
RPSOMLKMQHOFFID76CC,武東段,503.22,都市：住
RPTOMLKMQHOFFID86CC,歸仁南段,62.00,非都市：鄉村區 ; 非都市編定：乙種建築用地
RPPOMLOJRHOFFCD68CC,鹽埕段,.00,都市：住
RPSNMLOJRHOFFCD88CC,竹篙厝段,64.00,都市：住
RPRQMLOJRHOFFAD88CC,保安段,.00,都市：商
RPRQMLOJRHOFFAD88CC,保安段,.00,都市：商
RPQPMLOJRHOFFAD68CC,東豐段,.00,都市：住
RPQPMLOJRHOFFAD68CC,東豐段,.00,都市：住
RPXNMLNJRHOFFAD09CC,新南段,97.39,都市：住
RPTOMLNJRHOFFAD78CC,漁光段,24.75,都市：商
RPTOMLMJRHOFFAD68CC,仁愛段,.00,非都市： ; 非都市編定：
RPTNMLOJRHOFFAD78CC,新南段,756.00,都市：住
RPUNMLOJRHOFFAD88CC,金城段,297.00,都市：住
RPUNMLOJRHOFFAD88CC,金城段,229.00,都市：住
RPSOMLOJRHOFFKD17CC,崑山段,.00,都市：住
RPQOMLOJRHOFFCD78CC,虎尾寮段,.00,都市：住
RPVNMLPJRHOFFID27CC,媽祖廟段二小段,.00,非都市：鄉村區 ; 非都市編定：乙種建築用地
RPOOMLOJRHOFFKD76CC,蔦松南段,.00,都市：住
RPPNMLPJRHOFFBD58CC,公學段,.00,非都市： ; 非都市編定：
RPQNMLOJRHOFFFD98CC,溝子墘段,.00,都市：農
RPTNMLOJRHOFFID96CC,崙中段,.00,都市：住
RPTNMLPJRHOFFAD88CC,郡王祠段,.00,非都市： ; 非都市編定：
RPPPMLOJRHOFFAD58CC,立人段,.00,都市：住
RPTNMLPJRHOFFCD09CC,新東段,.00,非都市： ; 非都市編定：
RPUPMLPJRHOFFCD76CC,仁和段,.00,都市：住
RPVNMLPJRHOFFCD66CC,鹽埕段,.00,都市：住
RPVNMLPJRHOFFCD66CC,鹽埕段,.00,都市：住
RPUNMLPJRHOFFCD56CC,竹篙厝段,.00,都市：住
RPROMLOJRHOFFCD88CC,虎尾寮段,.00,都市：住
RPXNMLPJRHOFFCD86CC,竹篙厝段,.00,都市：住
RPOOMLQJRHOFFAD58CC,金城段,.00,非都市： ; 非都市編定：
RPPOMLQJRHOFFAD68CC,金城段,.00,非都市： ; 非都市編定：
RPPOMLQJRHOFFAD68CC,金城段,.00,非都市： ; 非都市編定：
RPPPMLQJRHOFFAD78CC,青年段,5.33,都市：其他
RPSNMLQJRHOFFAD88CC,中正段,.00,都市：商
RPQOMLQJRHOFFAD78CC,金華段,.00,非都市： ; 非都市編定：
RPXNMLQJRHOFFBD86CC,淵西段,.00,非都市： ; 非都市編定：
RPVOMLTJRHOFFBD07CC,東和段,342.99,都市：農
RPWNMLQJRHOFFCD86CC,鹽埕段,.00,都市：工
RPVNMLTJRHOFFHD57CC,善昌段,91.38,非都市： ; 非都市編定：
RPUPMLTJRHOFFAD96CC,正興段,.00,都市：住
RPQQMLQJRHOFFCD56CC,仁和段,.00,非都市： ; 非都市編定：
RPPQMLQJRHOFFCD09CC,新東段,.00,非都市： ; 非都市編定：
RPVNMLTJRHOFFCD07CC,公英段,.00,都市：住
RPPNMLTJRHOFFID07CC,中正段,20.30,都市：住
RPUNMLTJRHOFFKD77CC,鹽東段,734.87,都市：住
RPOOMLTJRHOFFBD98CC,鎮安段,72.55,都市：住
RPOOMLTJRHOFFBD98CC,鎮安段,1.15,都市：住
RPOOMLTJRHOFFBD98CC,鎮安段,8.11,都市：住
RPOOMLTJRHOFFBD98CC,鎮安段,.39,都市：住
RPOOMLTJRHOFFBD98CC,鎮安段,10.69,都市：住
RPOOMLTJRHOFFBD98CC,鎮安段,.39,都市：住
RPPOMLKKRHOFFCD38CC,竹篙厝段,31.97,都市：住
RPQNMLKKRHOFFKD56CC,崑山段,14.29,都市：住
RPQNMLKKRHOFFKD56CC,崑山段,15.50,都市：住
RPQNMLKKRHOFFKD56CC,崑山段,109.61,都市：住
RPQNMLKKRHOFFKD56CC,崑山段,72.43,都市：住
RPQNMLKKRHOFFKD56CC,崑山段,327.82,都市：住
RPQNMLKKRHOFFKD56CC,崑山段,60.27,都市：住
RPQNMLKKRHOFFKD56CC,崑山段,78.87,都市：住
RPQNMLKKRHOFFKD56CC,崑山段,136.38,都市：住
RPQNMLKKRHOFFKD56CC,崑山段,136.46,都市：住
RPQNMLKKRHOFFKD56CC,崑山段,130.67,都市：住
RPQNMLKKRHOFFKD56CC,崑山段,156.34,都市：住
RPQNMLKKRHOFFKD56CC,崑山段,149.66,都市：住
RPQNMLKKRHOFFKD56CC,崑山段,138.56,都市：住
RPQNMLKKRHOFFKD56CC,崑山段,13.54,都市：住
RPQNMLKKRHOFFKD56CC,崑山段,39.96,都市：住
RPOOMLKKRHOFFAD18DC,北元段,564.86,都市：住
RPTPMLTJRHOFFAD86CC,青年段,814.54,都市：住
RPTPMLTJRHOFFAD86CC,青年段,1907.47,都市：住
RPTPMLTJRHOFFAD86CC,青年段,77.59,都市：住
RPPNMLKKRHOFFAD08CC,金華段,.00,都市：住
RPSOMLKKRHOFFAD48CC,延平段,41.91,都市：住
RPUOMLKKRHOFFBD78CC,草湖段,394.72,都市：住
RPTOMLKKRHOFFKD96CC,兵南段,13.03,都市：住
RPQNMLLKRHOFFHD98CC,善昌段,.00,都市：住
RPVNMLPJRHOFFKD47CC,成功段,.00,都市：住
RPTNMLLKRHOFFKD96CC,六甲頂段,.00,非都市： ; 非都市編定：
RPTNMLLKRHOFFKD96CC,六甲頂段,.00,非都市： ; 非都市編定：
RPTNMLLKRHOFFKD96CC,六甲頂段,.00,非都市： ; 非都市編定：
RPTNMLLKRHOFFKD96CC,六甲頂段,.00,非都市： ; 非都市編定：
RPOOMLLKRHOFFCD38CC,富裕段,.00,非都市： ; 非都市編定：
RPPOMLLKRHOFFAD28CC,頂美段,.00,都市：住
RPOOMLLKRHOFFAD18CC,自強段,.00,都市：商
RPROMLLKRHOFFCD68CC,水交社段,.00,都市：商
RPOOMLMKRHOFFCD48CC,竹篙厝段,.00,都市：住
RPQOMLLKRHOFFAD38CC,仁愛段,.00,都市：住
RPPNMLMKRHOFFKD66CC,崑山段,367.10,都市：工
RPPNMLMKRHOFFKD66CC,崑山段,231.30,都市：工
RPTNMLSKRHOFFKD67CC,永中段,.00,都市：農
RPTNMLSKRHOFFKD67CC,永中段,.00,都市：農
RPTNMLSKRHOFFKD67CC,永中段,.00,都市：農
RPTNMLSKRHOFFKD67CC,永中段,.00,都市：農
RPTNMLSKRHOFFKD67CC,永中段,.00,都市：農
RPTNMLSKRHOFFKD67CC,永中段,.00,都市：農
RPTNMLQKRHOFFKD47CC,南新段,6.91,非都市： ; 非都市編定：
RPQOMLLKRHOFFKD76CC,兵南段,.00,都市：住
RPQOMLRKRHOFFKD37CC,大灣段,.00,都市：商
RPXNMLSKRHOFFCD27CC,裕東段,.00,都市：住
RPRNMLQKRHOFFHD96CC,新吉段,2613.00,非都市：一般農業區 ; 非都市編定：農牧用地
RPVNMLSKRHOFFID67CC,車頭段,.00,都市：農
RPRNMLSKRHOFFDD76CC,茄苳fb4a段,72.00,都市：住
RPUNMLQKRHOFFHD27CC,華興段,166.22,都市：住
RPXNMLTKRHOFFBD27CC,溪南段,998.57,都市：農
RPXNMLRKRHOFFHD67CC,新吉段,.00,非都市：特定農業區 ; 非都市編定：甲種建築用地
RPTNMLSKRHOFFHD37CC,光文段,122.19,非都市： ; 非都市編定：
RPTNMLSKRHOFFHD37CC,光文段,120.43,非都市： ; 非都市編定：
RPVNMLKLRHOFFCD98CC,新興段,.00,都市：住
RPQNMLTKRHOFFKD47CC,大灣段,.00,都市：商
RPWOMLKLRHOFFKD37CC,蜈蜞潭段,.00,都市：住
RPWOMLKLRHOFFKD37CC,蜈蜞潭段,.00,都市：住
RPSNMLNLRHOFFCD98CC,鹽埕段,127.00,都市：住
RPPNMLLLRHOFFHD98CC,大成段,22.06,都市：住
RPWOMLTKRHOFFAD17CC,觀音段,.00,非都市： ; 非都市編定：
RPOOMLSKRHOFFAD88CC,觀音段,.00,都市：商
RPPOMLSKRHOFFAD98CC,星鑽段,193.81,都市：住
RPPOMLSKRHOFFAD98CC,星鑽段,13.92,都市：住
RPOPMLTKRHOFFAD09CC,金華段,.00,非都市： ; 非都市編定：
RPXOMLKLRHOFFKD47CC,蜈蜞潭段,.00,都市：住
RPTNMLNLRHOFFCD09CC,鹽埕段,.00,都市：住
RPOPMLNLRHOFFCD78CC,竹篙厝段,.00,都市：商
RPVNMLKLRHOFFBD88CC,砂崙段,.00,都市：住
RPRNMLKLRHOFFFD88CC,中段,86.00,都市：住
RPPOMLNLRHOFFAD58CC,自強段,.00,都市：商
RPQPMLNLRHOFFAD78CC,立人段,.00,都市：住
RPXOMLKLRHOFFID27CC,崁腳北段,238.32,都市：農
RPSPMLNLRHOFFAD98CC,北元段,.00,都市：住
RPSOMLOLRHOFFAD98CC,金華段,.00,都市：商
RPUOMLNLRHOFFCD66CC,泉南段,136.70,都市：住
RPRNMLOLRHOFFBD88CC,安東段,.00,都市：住
RPSNMLOLRHOFFBD98CC,國安段,.00,都市：住
RPQOMLOLRHOFFCD98CC,竹篙厝段,74.00,都市：商
RPXOMLOLRHOFFAD86CC,金華段,26.36,都市：住
RPQOMLOLRHOFFAD78CC,康祥段,.00,都市：住
RPQOMLOLRHOFFAD78CC,康祥段,.00,都市：住
RPOOMLPLRHOFFCD88CC,東寧段,23.62,都市：商
RPTNMLPLRHOFFKD47CC,六合段,264.46,都市：住
RPPOMLPLRHOFFCD98CC,東寧段,23.62,都市：商
RPSNMLPLRHOFFAD98CC,赤崁段,19.01,都市：商
RPPPMLPLRHOFFCD09CC,東寧段,23.62,都市：商
RPOOMLOLRHOFFKD96CC,鹽東段,.00,都市：住
RPSOMLPLRHOFFKD47CC,永興段,.00,都市：住
RPRNMLQLRHOFFCD56CC,育樂段,.00,都市：住
RPRNMLQLRHOFFCD56CC,育樂段,.00,都市：住
RPPOMLQLRHOFFCD09CC,龍泉段,.00,都市：住
RPPPMLQLRHOFFKD37CC,大灣段,.00,都市：商
RPQOMLQLRHOFFCD56CC,德高段,.00,都市：住
RPPOMLOLRHOFFAD68CC,南門段,.00,都市：商
RPPOMLQLRHOFFAD88CC,立人段,.00,都市：住
RPWOMLQLRHOFFAD96CC,青年段,.00,都市：商
RPUOMLQLRHOFFBD86CC,朝皇段,.00,都市：住
RPUOMLQLRHOFFBD86CC,朝皇段,.00,都市：住
RPUOMLQLRHOFFBD86CC,朝皇段,.00,都市：住
RPTNMLRLRHOFFCD86CC,水交社段,.00,都市：商
RPOOMLRLRHOFFKD27CC,兵南段,.00,都市：住
RPXNMLRLRHOFFCD27CC,東寧段,.00,都市：住
RPSNMLRLRHOFFBD66CC,怡中段,.00,都市：住
RPTQMLRLRHOFFHD77DC,善文段,.00,非都市： ; 非都市編定：
RPTQMLRLRHOFFHD77DC,善文段,.00,非都市： ; 非都市編定：
RPPNMLRLRHOFFID17DC,車路墘段,558.00,都市：住
RPPNMLRLRHOFFID17DC,車路墘段,1193.00,都市：農
RPPOMLRLRHOFFAD98CC,金華段,306.00,都市：住
RPPOMLKMRHOFFAD38CC,漁光段,.00,都市：商
RPWNMLRLRHOFFAD96CC,新南段,.00,都市：商
RPQNMLKMRHOFFAD38CC,頂美段,.00,非都市： ; 非都市編定：
RPPNMLSLRHOFFAD98CC,漁光段,.00,非都市： ; 非都市編定：
RPUQMLKMRHOFFHD17CC,潭頂段,76.00,非都市：鄉村區 ; 非都市編定：乙種建築用地
RPSNMLLJIIOFFHD28CC,光文段,122.19,非都市： ; 非都市編定：
RPSNMLLJIIOFFHD28CC,光文段,120.43,非都市： ; 非都市編定：
RPSQMLLJIIOFFCD08CC,龍泉段,.00,都市：住
RPROMLKMRHOFFCD78CC,水交社段,13.28,都市：住
RPVQMLLJIIOFFCD38CC,富農段,.00,都市：住
RPUQMLLJIIOFFCD28CC,富農段,.00,都市：住
RPXQMLLJIIOFFCD58CC,仁和段,.00,都市：住
RPOQMLLJIIOFFAD47CC,大興段,6.29,都市：其他
RPOQMLLJIIOFFAD47CC,大興段,67.28,都市：住
RPOQMLLJIIOFFAD47CC,大興段,57.60,都市：住
RPOQMLLJIIOFFAD47CC,大興段,57.60,都市：住
RPOQMLLJIIOFFAD47CC,大興段,67.28,都市：住
RPOQMLLJIIOFFAD47CC,大興段,6.29,都市：其他
RPOQMLLJIIOFFAD47CC,大興段,6.29,都市：其他
RPOQMLLJIIOFFAD47CC,大興段,251.74,都市：住
RPOQMLLJIIOFFAD47CC,大興段,101.07,都市：住
RPOQMLLJIIOFFAD47CC,大興段,5.55,都市：其他
RPOQMLLJIIOFFAD47CC,大興段,133.05,都市：住
RPOQMLLJIIOFFAD47CC,大興段,139.30,都市：住
RPTPMLLJIIOFFAD87CC,武聖段,106.39,都市：住
RPUNMLMJIIOFFAD87CC,金華段,.00,都市：住
RPTNMLMJIIOFFAD77CC,漁光段,.00,都市：商
RPVNMLMJIIOFFAD97CC,漁光段,.00,都市：商
RPQOMLMJIIOFFAD57CC,漁光段,.00,都市：商
RPROMLMJIIOFFAD67CC,自強段,.00,都市：商
RPROMLMJIIOFFAD67CC,自強段,.00,都市：商
RPXOMLMJIIOFFAD28CC,永安段,.00,都市：商
RPXOMLMJIIOFFAD28CC,永安段,.00,都市：商
RPXOMLMJIIOFFAD28CC,永安段,.00,都市：住
RPXOMLMJIIOFFAD28CC,永安段,.00,都市：住
RPROMLMJIIOFFCD87CC,虎尾寮段,.00,都市：住
RPUNMLMJIIOFFCD08CC,龍泉段,.00,都市：商
RPUNMLMJIIOFFCD08CC,龍泉段,.00,都市：商
RPUNMLMJIIOFFCD08CC,龍泉段,.00,都市：住
RPUNMLMJIIOFFCD08CC,龍泉段,.00,都市：住
RPVNMLMJIIOFFHD68CC,新音段,.00,都市：住
RPRNMLMJIIOFFKD58CC,永興段,.00,都市：住
RPTNMLRLRHOFFBD86DC,新淵段,147.16,都市：住
RPXNMLRLRHOFFBD17CC,溪東段,.00,非都市： ; 非都市編定：
RPUNMLKMRHOFFBD88CC,溪東段,84.05,都市：住
RPWNMLRLRHOFFBD07CC,溪東段,.00,非都市： ; 非都市編定：
RPXOMLMJIIOFFCD48CC,光明段,.00,都市：住
RPVNMLRLRHOFFBD96CC,溪東段,.00,非都市： ; 非都市編定：
RPWNMLNJIIOFFHD88CC,大榮段,71.25,都市：住
RPSOMLMJIIOFFCD97CC,竹篙厝段,.00,都市：商
RPPNMLNJIIOFFHD18CC,南港段,93.64,都市：住
RPTNMLNJIIOFFID68CC,歸仁北段,.00,都市：住
RPTNMLNJIIOFFID68CC,歸仁北段,.00,都市：住
RPUNMLNJIIOFFKD98CC,鹽新段,.00,都市：住
RPUOMLMJIIOFFKD98CC,永信段,.00,都市：住
RPOOMLMJIIOFFKD38CC,烏竹段,.00,都市：住
RPOOMLMJIIOFFKD38CC,烏竹段,.00,都市：住
RPTNMLNJIIOFFKD88CC,頂中段,.00,都市：住
RPPNMLOJIIOFFAD57CC,小北段,.00,都市：住
RPSOMLOJIIOFFAD97CC,保安段,81.00,都市：住
RPQNMLOJIIOFFAD67CC,新南段,.00,都市：商
RPUNMLOJIIOFFAD08CC,開元段,.00,都市：商
RPWNMLOJIIOFFAD28CC,星鑽段,178.29,都市：商
RPWNMLOJIIOFFAD28CC,星鑽段,32.31,都市：商
RPWNMLOJIIOFFAD28CC,星鑽段,1.45,都市：其他
RPWNMLOJIIOFFAD28CC,星鑽段,139.09,都市：商
RPRNMLOJIIOFFKD78CC,鹽行段,.00,都市：住
RPXOMLPJIIOFFHD66CC,北勢段,43.95,非都市：特定專用區 ; 非都市編定：甲種建築用地
RPTNMLOJIIOFFKD98CC,成功段,.00,都市：商
RPSOMLPJIIOFFCD28CC,竹篙厝段,14.19,都市：住
RPOPMLPJIIOFFHD48CC,大榮段,14.21,都市：住
RPOPMLPJIIOFFHD48CC,大榮段,.77,都市：住
RPOPMLPJIIOFFHD48CC,大榮段,9.59,都市：住
RPSNMLRJIIOFFAD18CC,金城段,.00,都市：住
RPSOMLNJIIOFFCD08CC,富農段,.00,都市：住
RPRNMLNJIIOFFCD87CC,精忠段,.00,都市：住
RPPOMLNJIIOFFCD77CC,竹篙厝段,.00,都市：住
RPQOMLNJIIOFFCD87CC,富強段,.00,都市：住
RPXNMLTJIIOFFCD09CC,竹篙厝段,79.00,都市：住
RPXNMLTJIIOFFCD09CC,竹篙厝段,80.00,都市：住
RPSNMLNJIIOFFCD97CC,富農段,.00,都市：住
RPSNMLNJIIOFFCD97CC,富農段,.00,都市：住
RPWNMLTJIIOFFBD88CC,州南段,88.84,都市：住
RPWNMLTJIIOFFHD86CC,三民段,113.92,都市：住
RPOOMLTJIIOFFCD28CC,光明段,.00,都市：住
RPXNMLTJIIOFFKD27CC,橋北段,.00,都市：商
RPPOMLTJIIOFFCD38CC,德高段,.00,都市：住
RPPOMLTJIIOFFCD38CC,德高段,.00,都市：住
RPPOMLTJIIOFFCD38CC,德高段,.00,都市：住
RPOOMLTJIIOFFKD09CC,五王段,82.93,都市：住
RPPOMLTJIIOFFKD56CC,東灣段,16.34,都市：住
RPSPMLTJIIOFFCD78CC,育樂段,.00,都市：住
RPTNMLOKIIOFFKD09CC,永強段,.00,都市：住
RPUNMLOKIIOFFCD38CC,虎尾寮段,.00,都市：住
RPQOMLOKIIOFFHD58CC,善新段,.00,都市：住
RPPOMLTJIIOFFAD18CC,延平段,.00,都市：住
RPXNMLOKIIOFFBD58CC,怡中段,.00,都市：住
RPROMLOKIIOFFHD68CC,光華段,.00,都市：住
RPSNMLPKIIOFFCD28CC,水交社段,15.42,都市：商
RPUOMLPKIIOFFCD58CC,竹篙厝段,32.18,都市：住
RPWNMLPKIIOFFCD68CC,竹篙厝段,.00,都市：住
RPWNMLPKIIOFFGD56DC,佳果段,280.19,都市：住
RPWNMLPKIIOFFGD56DC,佳果段,399.74,都市：住
RPWNMLQKIIOFFKD96CC,南工段,104.31,都市：住
RPWNMLQKIIOFFKD96CC,南工段,106.95,都市：住
RPPOMLPKIIOFFID68CC,德南段,.00,都市：住
RPUNMLPKIIOFFHD98CC,善化段,89.00,都市：住
RPTNMLPKIIOFFKD56CC,六甲頂段,.00,都市：住
RPXNMLQKIIOFFAD68CC,金華段,11.69,都市：住
RPXOMLPKIIOFFAD68CC,延平段,227.00,都市：住
RPTNMLQKIIOFFHD98CC,光華段,100.00,都市：住
RPUNMLRKIIOFFKD86CC,頂安段,146.40,都市：工
RPUNMLRKIIOFFKD86CC,頂安段,127.41,都市：工
RPOPMLRKIIOFFKD09CC,大灣段,240.00,都市：商
RPXOMLSKIIOFFKD37CC,頂南段,.00,都市：住
RPPNMLPKIIOFFAD77CC,南門段,24.42,都市：住
RPOOMLPKIIOFFAD77CC,金華段,.00,都市：商
RPUNMLLLIIOFFKD98CC,兵北段,.00,都市：住
RPUNMLLLIIOFFKD98CC,兵北段,.00,都市：住
RPRNMLLLIIOFFID48CC,虎山段,.00,都市：農
RPROMLLLIIOFFHD48CC,善中段,.00,都市：住
RPSOMLRKIIOFFID56CC,新工段,78.18,都市：住
RPRNMLNLIIOFFKD88CC,車行段,1235.00,都市：工
RPUPMLNLIIOFFCD58CC,虎尾寮段,.00,都市：住
RPPOMLQKIIOFFAD97CC,光賢段,28.08,都市：住
RPPOMLSKIIOFFAD18CC,正興段,.00,都市：住
RPRQMLNLIIOFFCD38CC,富農段,.00,都市：住
RPRQMLNLIIOFFCD38CC,富農段,.00,都市：住
RPRQMLNLIIOFFCD38CC,富農段,.00,都市：住
RPOOMLNLIIOFFKD68CC,永仁段,.00,都市：住
RPQNMLOLIIOFFKD88CC,鹽西段,.00,都市：工
RPVOMLMLIIOFFAD28CC,金華段,8.67,都市：住
RPSPMLMLIIOFFAD08CC,頂美段,9.27,都市：住
RPTNMLOLIIOFFKD56CC,蜈蜞潭段,125.00,都市：住
RPQNMLNLIIOFFDD08CC,新生段,141.03,都市：住
RPXNMLOLIIOFFID76CC,二空段,.00,都市：住
RPPNMLOLIIOFFKD78CC,鹽行段,.00,都市：住
RPRNMLOLIIOFFKD98CC,成功段,.00,都市：住
RPRNMLNLIIOFFED28CC,新東段,185.82,非都市：鄉村區 ; 非都市編定：乙種建築用地
RPRNMLNLIIOFFED28CC,新東段,182.93,非都市：鄉村區 ; 非都市編定：乙種建築用地
RPQOMLOLIIOFFCD18CC,竹篙厝段,.00,都市：住
RPVNMLOLIIOFFCD58CC,虎尾寮段,.00,都市：住
RPUOMLOLIIOFFCD58CC,竹篙厝段,.00,都市：商
RPPNMLOLIIOFFHD48CC,大成段,.00,都市：住
RPPNMLOLIIOFFHD48CC,大成段,.00,都市：住
RPQOMLOLIIOFFID78CC,媽祖廟段二小段,.00,非都市：特定農業區 ; 非都市編定：農牧用地
RPOPMLNLIIOFFAD77CC,星鑽段,.00,都市：商
RPOPMLNLIIOFFAD77CC,星鑽段,.00,都市：商
RPOPMLNLIIOFFAD77CC,星鑽段,.00,都市：商
RPTOMLNLIIOFFAD18CC,郡王祠段,.00,都市：住
RPTNMLOLIIOFFAD18CC,頂美段,.00,都市：住
RPSNMLOLIIOFFAD08CC,康祥段,.00,都市：住
RPSNMLOLIIOFFAD08CC,康祥段,.00,都市：住
RPROMLOLIIOFFAD08CC,立人段,.00,都市：住
RPOOMLPLIIOFFCD08CC,鹽埕段,3040.00,都市：工
RPTNMLPLIIOFFCD48CC,竹篙厝段,22.87,都市：住
RPRNMLPLIIOFFKD09CC,兵北段,.00,都市：住
RPSNMLPLIIOFFKD56CC,成功段,.00,都市：商
RPUNMLSLIIOFFKD07CC,永和段,.00,都市：其他
RPUNMLKMIIOFFCD18CC,泉南段,6.55,都市：住
RPUNMLKMIIOFFCD18CC,泉南段,.07,都市：住
RPUNMLKMIIOFFCD18CC,泉南段,10.33,都市：住
RPROMLPLIIOFFBD28CC,安中段,.00,都市：住
RPTNMLPLIIOFFAD28CC,延平段,.00,都市：住
RPUNMLPLIIOFFAD38CC,新南段,.00,都市：商
RPWOMLPLIIOFFAD68CC,新南段,.00,都市：住
RPROMLPLIIOFFAD18CC,環河段,9.06,都市：住
RPVOMLPLIIOFFAD58CC,新南段,.00,都市：住
RPUPMLTLIIOFFAD98CC,保安段,82.00,都市：住
RPUNMLTLIIOFFAD88DC,康祥段,54.00,都市：住
RPUNMLKMIIOFFKD98CC,龍潭段,.00,都市：住
RPSNMLKMIIOFFKD78CC,鹽埕段,.00,都市：住
RPVNMLKMIIOFFAD08CC,公園段,.00,都市：商
RPVNMLKMIIOFFAD08CC,公園段,.00,都市：商
RPVNMLKMIIOFFID88CC,健康段,.00,都市：住
RPPPMLLMIIOFFID58CC,歸仁北段,.00,都市：住
RPPPMLLMIIOFFCD97CC,仁和段,.00,都市：住
RPUNMLLMIIOFFHD78CC,光文段,122.19,非都市： ; 非都市編定：
RPVNMLLMIIOFFBD28CC,和館段,.00,都市：住
RPUNMLLMIIOFFHD78CC,光文段,120.43,非都市： ; 非都市編定：
RPRNMLLMIIOFFHD48CC,南社內段,205.77,非都市：特定農業區 ; 非都市編定：甲種建築用地
RPRNMLLMIIOFFHD48CC,南社內段,185.30,非都市：特定農業區 ; 非都市編定：甲種建築用地
RPWOMLLJJIOFFCD38CC,府東段,.38,都市：住
RPWOMLLJJIOFFCD38CC,府東段,.17,都市：住
RPWOMLLJJIOFFCD38CC,府東段,16.35,都市：住
RPROMLLJJIOFFCD87CC,新東段,.00,都市：住
RPROMLLJJIOFFCD87CC,新東段,.00,都市：住
RPTNMLKMIIOFFKD88CC,兵北段,.00,都市：住
RPXOMLLJJIOFFCD48CC,新東段,.00,都市：住
RPXOMLLJJIOFFCD48CC,新東段,.00,都市：住
RPUNMLLJJIOFFID68CC,城光段,.00,都市：住
RPRPMLLJJIOFFAD77CC,檨仔林段,.00,都市：商
RPTNMLLJJIOFFAD77CC,頂美段,.00,都市：住
RPQOMLLJJIOFFAD57CC,環河段,.00,都市：住
RPRNMLOJJIOFFKD88CC,鹽中段,3.50,都市：住
RPUNMLOJJIOFFHD88CC,胡厝寮段,11.00,都市：住
RPSOMLLMIIOFFAD97CC,金華段,.00,都市：住
RPTOMLLMIIOFFAD08CC,金華段,.00,都市：住
RPQPMLLMIIOFFAD87CC,北元段,.00,都市：住
RPQPMLLMIIOFFAD87CC,北元段,.00,都市：住
RPWNMLLJJIOFFKD09CC,六甲頂段,.00,都市：住
RPVNMLOJJIOFFCD48CC,富農段,152.25,都市：住
RPVNMLOJJIOFFCD48CC,富農段,22.79,都市：住
RPVNMLOJJIOFFCD48CC,富農段,62.82,都市：住
RPQNMLLMIIOFFAD67CC,開元段,.00,都市：商
RPQNMLLMIIOFFAD67CC,開元段,.00,都市：住
RPQPMLOJJIOFFAD97CC,郡王祠段,37.31,都市：住
RPUNMLOJJIOFFAD18CC,五條港段,3.27,都市：商
RPUNMLOJJIOFFAD18CC,五條港段,11.86,都市：商
RPUNMLOJJIOFFAD18CC,五條港段,21.08,都市：商
RPUNMLOJJIOFFAD18CC,五條港段,23.01,都市：商
RPUNMLOJJIOFFAD18CC,五條港段,23.22,都市：商
RPPPMLQJJIOFFAD08CC,北元段,1805.12,都市：住
RPUNMLOJJIOFFKD56CC,鹽中段,504.07,都市：工
RPSNMLOJJIOFFKD98CC,鹽中段,3.50,都市：住
RPQVMLQJJIOFFCD98CC,虎尾寮段,.00,都市：商
RPRVMLQJJIOFFCD09CC,竹篙厝段,.00,非都市： ; 非都市編定：
RPSNMLQJJIOFFCD38CC,光明段,.00,都市：住
RPUVMLQJJIOFFCD76CC,德高段,.00,都市：住
RPRNMLQJJIOFFCD28CC,竹篙厝段,.00,都市：住
RPVVMLQJJIOFFCD86CC,東光段,.00,都市：住
RPVVMLQJJIOFFCD86CC,東光段,.00,都市：其他
RPSVMLQJJIOFFCD56CC,東安段,.00,非都市： ; 非都市編定：
RPTNMLQJJIOFFCD48CC,虎尾寮段,.00,都市：住
RPWNMLQJJIOFFID76CC,太子段,71.04,都市：工
RPWNMLQJJIOFFID76CC,太子段,390.69,都市：工
RPQNMLQJJIOFFKD98CC,大灣段,91.00,都市：住
RPWNMLQJJIOFFAD58CC,東興段,.00,都市：住
RPSNMLRJJIOFFKD66CC,大灣段,.00,都市：住
RPTNMLQJJIOFFKD66CC,大灣段,.00,都市：住
RPWNMLQJJIOFFKD96CC,鹽埕段,.00,都市：住
RPUNMLQJJIOFFKD76CC,勝利段,.00,都市：住
RPVNMLQJJIOFFKD86CC,竹行段,1058.51,都市：工
RPVNMLQJJIOFFKD86CC,竹行段,92.89,都市：工
RPPOMLQJJIOFFID78CC,嘉南段,293.93,都市：工
RPPOMLQJJIOFFID78CC,嘉南段,6.10,都市：工
RPVNMLRJJIOFFAD58CC,華興段,.00,都市：住
RPPPMLRJJIOFFAD18CC,永安段,.00,都市：住
RPOPMLRJJIOFFAD08CC,金華段,90.00,都市：住
RPXOMLSJJIOFFAD98CC,開元段,.00,都市：住
RPVOMLRJJIOFFAD68CC,金華段,.00,都市：住
RPVOMLRJJIOFFAD68CC,金華段,.00,都市：住
RPSOMLSJJIOFFCD68CC,育樂段,.00,都市：住
RPVNMLRJJIOFFCD78CC,富裕段,.00,都市：住
RPSNMLSJJIOFFHD09CC,南港段,93.47,非都市： ; 非都市編定：
RPQNMLRJJIOFFCD28CC,虎尾寮段,.00,都市：住
RPQNMLRJJIOFFCD28CC,虎尾寮段,.00,都市：住
RPTNMLSJJIOFFKD86CC,六合段,.00,都市：住
RPTNMLSJJIOFFKD86CC,六合段,.00,都市：住
RPSOMLSJJIOFFKD86CC,六甲頂段,.00,都市：住
RPSOMLSJJIOFFKD86CC,六甲頂段,.00,都市：住
RPTOMLSJJIOFFKD96CC,成功段,.00,都市：商
RPUNMLRJJIOFFCD78DC,大同段,123.31,都市：商
RPRNMLRJJIOFFCD38CC,光華段,.00,非都市： ; 非都市編定：
RPQOMLSJJIOFFKD66CC,蜈蜞潭段,.00,都市：住
RPQNMLTJJIOFFCD48CC,府連段,.00,非都市： ; 非都市編定：
RPQNMLTJJIOFFBD38CC,淵東段,.00,非都市： ; 非都市編定：
