﻿編號,土地區段位置,土地移轉面積平方公尺,使用分區或編定
The serial number,land sector position,land shifting area square meter,the use zoning or compiles and checks
RPOPMLMKQHOFFDE68CC,建安段,86.00,都市：商
RPTPMLMKQHOFFDE56CC,灣子內段寶珠溝小段,.00,都市：住
RPSOMLMKQHOFFBE78CC,過田子段,.00,都市：商
RPSPMLMKQHOFFDE09CC,大順段,.00,都市：商
RPUPMLMKQHOFFDE66CC,灣子內段寶珠溝小段,.00,都市：住
RPXNMLMKQHOFFEE86CC,藍田中段,116.00,都市：住
RPTNMLMKQHOFFEE09CC,新民段,.00,都市：商
RPOOMLMKQHOFFBE38CC,新興段三小段,4.74,都市：商
RPROMLMKQHOFFBE68CC,林興段,99.00,都市：住
RPROMLMKQHOFFBE68CC,林興段,7.00,都市：住
RPRNMLMKQHOFFAE48CC,龍中段,16.62,都市：商
RPXNMLMKQHOFFAE09CC,龍華段八小段,8.09,都市：商
RPPNMLMKQHOFFCE48CC,盛興段,14.37,都市：住
RPQNMLMKQHOFFCE58CC,盛興段,12.09,都市：住
RPTOMLMKQHOFFCE98CC,盛興段,18.14,都市：住
RPSNMLMKQHOFFAE58CC,前金段,5.71,都市：商
RPUOMLMKQHOFFCE09CC,盛興段,12.20,都市：住
RPVOMLMKQHOFFCE56CC,盛興段,18.14,都市：住
RPVNMLMKQHOFFGE86CC,華鳳段,14.69,都市：住
RPPNMLMKQHOFFAE28CC,大智段,5.97,都市：商
RPWOMLNKQHOFFCE76CC,小港段,2056.00,都市：工
RPPPMLNKQHOFFCE78CC,店鎮段二小段,.00,都市：住
RPRNMLNKQHOFFGE56CC,五甲段,118.00,都市：住
RPROMLMKQHOFFGE56CC,五甲段,87.00,都市：商
RPPOMLMKQHOFFGE98CC,鳳山段縣口小段,11.49,都市：商
RPPOMLMKQHOFFGE98CC,鳳山段縣口小段,4.42,都市：商
RPPOMLMKQHOFFGE98CC,鳳山段縣口小段,.78,都市：商
RPTNMLMKQHOFFIE86CC,大安段,163.00,都市：住
RPRNMLNKQHOFFEE98CC,藍田中段,244.00,都市：商
RPQOMLNKQHOFFGE56CC,竹子腳段,.17,都市：住
RPQOMLNKQHOFFGE56CC,竹子腳段,11.54,都市：住
RPPNMLNKQHOFFEE78CC,援中段一小段,.00,都市：商
RPOOMLNKQHOFFEE78CC,新庄段七小段,23.75,都市：住
RPWOMLNKQHOFFEE96CC,果貿段,76.00,都市：住
RPVOMLNKQHOFFEE86CC,福民段,121.90,都市：住
RPWNMLMKQHOFFIE17CC,新後港西段,28.70,都市：商
RPXOMLNKQHOFFEE07CC,和平段五小段,552.00,都市：住
RPXOMLNKQHOFFEE07CC,和平段五小段,1062.00,都市：住
RPWPMLNKQHOFFEE07CC,新庄段六小段,.00,都市：住
RPUNMLNKQHOFFBE98CC,意誠段,.00,都市：商
RPSOMLNKQHOFFGE76CC,文山段,12.34,都市：住
RPTNMLNKQHOFFBE88CC,苓洲段,12.34,都市：商
RPXNMLNKQHOFFDE86CC,河濱段,14.00,都市：住
RPXNMLNKQHOFFDE86CC,河濱段,32.00,都市：商
RPROMLNKQHOFFBE78CC,意誠段,10.72,都市：商
RPVNMLNKQHOFFBE09CC,苓雅寮段,.00,都市：商
RPSNMLNKQHOFFAE68CC,青海段,9.67,都市：商
RPUOMLNKQHOFFBE09CC,苓雅寮段,6.35,都市：商
RPQOMLOKQHOFFDE98CC,三塊厝段,.00,都市：住
RPQPMLNKQHOFFDE98CC,灣子內段寶珠溝小段,.00,都市：商
RPSOMLOKQHOFFDE56CC,灣和段,.00,都市：住
RPVPMLNKQHOFFDE86CC,建安段,.00,都市：商
RPXOMLNKQHOFFDE96CC,獅頭段,12.64,都市：商
RPUNMLNKQHOFFAE88CC,北金段,628.00,都市：住
RPWNMLNKQHOFFDE76CC,大港段二小段,.00,都市：住
RPTNMLPKQHOFFCE56CC,獅甲段一小段,33.13,都市：住
RPWNMLPKQHOFFDE96CC,建民段,.00,都市：住
RPPOMLPKQHOFFEE09CC,翠屏段四小段,13.41,都市：住
RPPPMLOKQHOFFDE98CC,大港段四小段,.00,都市：商
RPTOMLPKQHOFFEE86CC,新庄段十三小段,.00,都市：商
RPSPMLNKQHOFFDE56CC,建豐段,.00,都市：商
RPSPMLNKQHOFFDE56CC,建豐段,.00,都市：商
RPQNMLOKQHOFFCE78CC,港和段一小段,19.51,都市：商
RPWOMLOKQHOFFCE86CC,愛群段,11.62,都市：商
RPUPMLPKQHOFFAE66CC,龍中段,.00,都市：住
RPWNMLPKQHOFFCE86CC,光華段一小段,10.78,都市：住
RPRNMLOKQHOFFGE66CC,赤山段,83.00,都市：住
RPRNMLNKQHOFFAE58CC,龍中段,14.23,都市：商
RPQNMLNKQHOFFAE48CC,前金段,10.56,都市：商
RPXNMLQKQHOFFBE96CC,新興段二小段,4.08,都市：商
RPQNMLPKQHOFFBE78CC,苓洲段,.00,都市：商
RPROMLQKQHOFFAE98CC,龍中段,.00,都市：商
RPSOMLQKQHOFFAE09CC,前金段,6.48,都市：商
RPPNMLQKQHOFFAE68CC,前金段,2.09,都市：商
RPPNMLQKQHOFFAE68CC,前金段,2.84,都市：商
RPPNMLQKQHOFFAE68CC,前金段,3.40,都市：商
RPRNMLQKQHOFFEE66CC,菜公段一小段,27.98,都市：住
RPPOMLQKQHOFFEE56CC,和平段五小段,16.97,都市：住
RPXOMLQKQHOFFAE96CC,博孝段,5.68,都市：商
RPTNMLPKQHOFFBE09CC,意誠段,.00,都市：商
RPPNMLPKQHOFFBE68CC,林德官段,.00,都市：商
RPPOMLQKQHOFFAE78CC,前金段,5.22,都市：商
RPPOMLPKQHOFFBE78CC,大統段一小段,.00,都市：商
RPVNMLPKQHOFFBE66CC,意誠段,.00,都市：商
RPUNMLRKQHOFFEE07CC,新庄段八小段,397.00,都市：住
RPUNMLRKQHOFFEE07CC,新庄段八小段,622.00,都市：住
RPUNMLRKQHOFFEE07CC,新庄段八小段,210.00,都市：住
RPUNMLRKQHOFFEE07CC,新庄段八小段,211.00,都市：住
RPWOMLQKQHOFFAE86CC,鼓南段一小段,.00,都市：商
RPWOMLQKQHOFFAE86CC,鼓南段一小段,.00,都市：商
RPWOMLQKQHOFFAE86CC,鼓南段一小段,.00,都市：商
RPWOMLQKQHOFFAE86CC,鼓南段一小段,.00,都市：商
RPWOMLQKQHOFFAE86CC,鼓南段一小段,.00,都市：商
RPWNMLQKQHOFFCE96CC,仁愛段,267.00,都市：工
RPPOMLQKQHOFFCE98CC,獅甲段二小段,10.32,都市：商
RPQNMLTKQHOFFBE56CC,成功段,6.79,都市：商
RPPNMLRKQHOFFBE88CC,林德官段二小段,6.53,都市：商
RPPNMLRKQHOFFBE88CC,林德官段二小段,9.89,都市：商
RPTNMLQKQHOFFLE57CC,大寮段,258.00,都市：工
RPTNMLQKQHOFFLE57CC,大寮段,32.50,都市：工
RPUNMLQKQHOFFDE86CC,覆鼎金段覆鼎金小段,11.40,都市：住
RPUNMLQKQHOFFDE86CC,鼎泰段一小段,7.14,都市：住
RPTNMLTKQHOFFBE86CC,新興段三小段,.00,都市：商
RPQOMLPKQHOFFBE88CC,意誠段,.00,都市：商
RPQOMLQKQHOFFGE86CC,竹子腳段,58.00,都市：商
RPXNMLTKQHOFFBE27CC,林德官段一小段,42.51,都市：住
RPSNMLTKQHOFFAE66CC,興仁段,18.00,都市：商
RPSNMLTKQHOFFAE66CC,興仁段,49.00,都市：商
RPVNMLTKQHOFFBE07CC,新興段四小段,.00,都市：商
RPURMLTKQHOFFEE67CC,藍田中段,446.00,都市：商
RPXRMLTKQHOFFEE97CC,新庄段十三小段,8.76,都市：商
RPOSMLTKQHOFFEE17CC,新夏段,27.82,都市：住
RPWOMLTKQHOFFDE47CC,大順段,.00,都市：住
RPQOMLTKQHOFFDE86CC,澄東段,.00,都市：住
RPROMLTKQHOFFDE96CC,三塊厝段一小段,12.83,都市：商
RPOOMLQKQHOFFCE88CC,盛興段,14.37,都市：住
RPXOMLTKQHOFFDE57CC,灣和段,.00,都市：住
RPQNMLTKQHOFFGE07CC,華鳳段,18.51,都市：住
RPRPMLTKQHOFFAE76CC,民生段,9.31,都市：其他
RPRPMLTKQHOFFAE76CC,民生段,80.87,都市：商
RPROMLTKQHOFFAE66CC,興福段,13.21,都市：商
RPWOMLTKQHOFFAE17CC,前金段,1.84,都市：商
RPWOMLTKQHOFFAE17CC,前金段,2.50,都市：商
RPWOMLTKQHOFFAE17CC,前金段,3.00,都市：商
RPUNMLKLQHOFFCE88CC,愛群段,24.70,都市：住
RPUNMLKLQHOFFCE88CC,愛群段,9.50,都市：住
RPUNMLKLQHOFFCE88CC,愛群段,4.20,都市：住
RPTOMLTKQHOFFIE67CC,興農段,.00,都市：住
RPTOMLTKQHOFFFE37CC,興龍段,.00,非都市：特定農業區 ; 非都市編定：甲種建築用地
RPXOMLKLQHOFFCE66CC,獅甲段一小段,.00,都市：住
RPQOMLKLQHOFFCE58CC,憲德段二小段,9.80,都市：商
RPSOMLKLQHOFFGE56CC,埤頂段,.00,都市：住
RPXOMLKLQHOFFDE76CC,建豐段,.00,都市：商
RPTOMLTKQHOFFGE47CC,二甲段,.00,都市：住
RPROMLTKQHOFFGE37DC,埤頂段,56.00,都市：住
RPSNMLKLQHOFFIE66CC,興農段,.00,都市：住
RPSNMLKLQHOFFEE88CC,新庄段十三小段,6.70,都市：商
RPQPMLTKQHOFFDE96CC,灣子內段寶珠溝小段,.00,都市：商
RPUOMLKLQHOFFEE56CC,新庄段八小段,97.00,都市：住
RPPNMLKLQHOFFAE18CC,龍華段八小段,.00,都市：商
RPWOMLKLQHOFFEE76CC,新庄段十三小段,7.94,都市：商
RPTOMLKLQHOFFEE09CC,新庄段十二小段,.00,都市：商
RPPPMLTKQHOFFDE86CC,灣子內段寶珠溝小段,.00,都市：商
RPRPMLKLQHOFFEE98CC,新華段,14.56,都市：住
RPTNMLKLQHOFFEE98CC,新庄段十三小段,.00,都市：商
RPROMLKLQHOFFEE88CC,福山段,5.93,都市：商
RPVPMLKLQHOFFEE76CC,福山段,6.19,都市：商
RPSPMLKLQHOFFEE09CC,福山段,29.82,都市：住
RPPPMLKLQHOFFAE38CC,東金段,.00,都市：商
RPUOMLKLQHOFFAE78CC,前金段,10.22,都市：商
RPROMLKLQHOFFAE48CC,前金段,7.24,都市：商
RPOOMLKLQHOFFAE18CC,內惟段二小段,21.91,都市：住
RPRNMLKLQHOFFAE38CC,龍華段八小段,.00,都市：商
RPWOMLKLQHOFFAE98CC,博孝段,5.45,都市：商
RPSNMLKLQHOFFAE48CC,龍華段一小段,.00,都市：其他
RPPNMLKLQHOFFBE28CC,新興段四小段,.00,都市：商
RPPNMLKLQHOFFBE28CC,新興段四小段,.00,都市：商
RPWNMLKLQHOFFBE98CC,新興段四小段,.00,都市：商
RPRNMLKLQHOFFBE48CC,成功段,14.34,都市：商
RPUNMLLLQHOFFBE88CC,林德官段,.00,都市：商
RPUOMLLLQHOFFAE88CC,鼓中段一小段,.00,都市：住
RPQNMLLLQHOFFAE38CC,龍中段,.00,都市：商
RPOOMLLLQHOFFAE28CC,內惟段三小段,26.30,都市：住
RPPNMLLLQHOFFBE38CC,五塊厝段,8.66,都市：商
RPPNMLLLQHOFFBE38CC,五塊厝段,8.83,都市：商
RPPOMLLLQHOFFDE68CC,大順段,.00,都市：住
RPUOMLLLQHOFFDE56CC,灣和段,.00,都市：住
RPQNMLLLQHOFFBE48CC,意誠段,.00,都市：商
RPXOMLLLQHOFFDE86CC,大港段四小段,13.49,都市：商
RPUNMLLLQHOFFDE09CC,大港段二小段,.00,都市：住
RPXNMLLLQHOFFBE56CC,新興段四小段,.00,都市：商
RPPPMLLLQHOFFGE09CC,七老爺段一甲小段,.00,都市：住
RPQPMLLLQHOFFGE56CC,七老爺段一甲小段,.00,都市：住
RPROMLLLQHOFFAE58CC,鼓南段四小段,.00,都市：住
RPPOMLMLQHOFFIE66CC,圳觀段,337.19,都市：農
RPRNMLMLQHOFFGE56CC,埤頂段一小段,.00,都市：住
RPTNMLMLQHOFFDE09CC,大港段七小段,.00,都市：商
RPUNMLLLQHOFFFE66CC,文化段,.00,都市：住
RPTNMLLLQHOFFCE88CC,光華段,.00,都市：住
RPROMLMLQHOFFDE98CC,大港段五小段,.00,都市：商
RPSNMLLLQHOFFFE09CC,大仁段,105.00,都市：住
RPQNMLMLQHOFFJE76CC,峰崗段,19127.17,非都市：一般農業區 ; 非都市編定：特定目的事業用地
RPPOMLMLQHOFFDE78CC,中都段二小段,.00,都市：住
RPPOMLLLQHOFFIE56CC,大華段,.00,都市：住
RPPNMLMLQHOFFBE48CC,意誠段,1.16,都市：商
RPPOMLLLQHOFFIE56CC,大華段,.00,都市：住
RPPNMLMLQHOFFBE48CC,意誠段,.28,都市：商
RPQOMLMLQHOFFBE68CC,意誠段,.00,都市：商
RPSOMLMLQHOFFDE09CC,義民段,.00,都市：住
RPRNMLMLQHOFFBE68CC,意誠段,11.44,都市：商
RPTOMLMLQHOFFBE98CC,林德官段一小段,.00,都市：住
RPSNMLNLQHOFFDE09CC,大港段,18.88,都市：商
RPTNMLNLQHOFFIE07CC,金鼎段,39.56,都市：住
RPUNMLNLQHOFFBE09CC,新興段四小段,11.73,都市：商
RPVNMLMLQHOFFAE98CC,鹽壽段,.00,都市：商
RPPOMLNLQHOFFGE56CC,七老爺段一甲小段,14.00,都市：住
RPPOMLNLQHOFFGE56CC,七老爺段一甲小段,33.00,都市：住
RPOOMLNLQHOFFGE09CC,赤山段,29.00,都市：住
RPSOMLNLQHOFFDE56CC,灣中段,.00,都市：住
RPRNMLNLQHOFFLE17CC,翁公園段,566.00,都市：其他
RPRNMLNLQHOFFLE17CC,翁公園段,566.00,都市：其他
RPRNMLNLQHOFFLE17CC,翁公園段,20.66,都市：其他
RPQOMLNLQHOFFBE78CC,林德官段,.00,都市：商
RPXNMLNLQHOFFBE76CC,大統段一小段,11.72,都市：商
RPOOMLQLQHOFFBE88CC,新興段四小段,.00,都市：商
RPOOMLQLQHOFFBE88CC,新興段四小段,.00,都市：商
RPPOMLQLQHOFFBE98CC,苓雅寮段,.00,都市：商
RPPNMLNLQHOFFFE98CC,橋子頭段,88.00,都市：住
RPRNMLPLQHOFFBE98CC,苓洲段,6.64,都市：商
RPSOMLQLQHOFFBE66CC,新興段二小段,.00,都市：商
RPQOMLNLQHOFFAE68CC,龍華段八小段,11.96,都市：商
RPSOMLNLQHOFFAE88CC,文東段,42.00,都市：商
RPSOMLNLQHOFFAE88CC,文東段,17.00,都市：商
RPTOMLQLQHOFFBE76CC,新興段四小段,.00,都市：商
RPUOMLQLQHOFFBE86CC,新興段四小段,.00,都市：商
RPXNMLQLQHOFFBE07CC,林德官段一小段,6.24,都市：商
RPOPMLQLQHOFFBE98CC,新興段三小段,82.00,都市：商
RPQPMLQLQHOFFBE56CC,正明段,64.98,都市：商
RPQPMLQLQHOFFDE76CC,金獅段,6.07,都市：商
RPVOMLQLQHOFFBE96CC,林德官段二小段,.00,都市：商
RPSNMLQLQHOFFDE76CC,大順段,8.99,都市：商
RPSNMLQLQHOFFDE76CC,大順段,27.62,都市：住
RPWOMLQLQHOFFBE07CC,新興段二小段,.00,都市：商
RPQOMLRLQHOFFCE66CC,二苓段一小段,1487.60,都市：工
RPTNMLQLQHOFFCE76CC,瑞隆段二小段,92.00,都市：住
RPWNMLRLQHOFFCE17CC,愛群段,5.86,都市：商
RPWNMLQLQHOFFIE67CC,北屋段,967.36,都市：住
RPVNMLQLQHOFFIE57CC,保甲段,902.52,都市：農
RPWNMLRLQHOFFFE47CC,興龍段,.00,非都市：特定農業區 ; 非都市編定：甲種建築用地
RPSOMLRLQHOFFCE86CC,愛群段,15.37,都市：商
RPTOMLRLQHOFFCE96CC,獅甲段,6.77,都市：商
RPTOMLRLQHOFFCE96CC,獅甲段,6.23,都市：住
RPTOMLQLQHOFFCE86CC,獅甲段,.00,都市：住
RPROMLRLQHOFFCE76CC,獅甲段,.31,都市：商
RPROMLRLQHOFFCE76CC,獅甲段,.97,都市：商
RPOOMLRLQHOFFCE09CC,獅甲段,.31,都市：商
RPOOMLRLQHOFFCE09CC,獅甲段,.97,都市：商
RPWNMLRLQHOFFBE07CC,林德官段,.00,都市：商
RPVNMLRLQHOFFBE96CC,新興段一小段,3.47,都市：商
RPVNMLRLQHOFFBE96CC,新興段一小段,9.88,都市：商
RPVNMLRLQHOFFBE96CC,新興段一小段,.31,都市：商
RPXOMLRLQHOFFDE47CC,獅頭段,.00,都市：商
RPXOMLRLQHOFFDE47CC,獅頭段,.00,都市：住
RPUNMLRLQHOFFBE86CC,新興段一小段,5.30,都市：商
RPUNMLRLQHOFFBE86CC,新興段一小段,1.86,都市：商
RPUNMLRLQHOFFBE86CC,新興段一小段,.17,都市：商
RPXNMLRLQHOFFBE17CC,新興段二小段,.00,都市：商
RPRNMLRLQHOFFBE56CC,新興段四小段,.00,都市：商
RPOOMLRLQHOFFBE98CC,五權段,29.97,都市：住
RPTOMLRLQHOFFAE76CC,龍中段,.00,都市：住
RPVNMLRLQHOFFAE86CC,龍北段,10.26,都市：住
RPPOMLRLQHOFFAE98CC,龍中段,14.72,都市：商
RPPOMLRLQHOFFBE09CC,成功段,15.22,都市：商
RPQNMLSLQHOFFAE09CC,龍華段三小段,26.20,都市：住
RPUNMLRLQHOFFAE76CC,民生段,.00,都市：商
RPPNMLSLQHOFFAE98CC,青海段,24.28,都市：住
RPQNMLSLQHOFFIE27CC,竹園段,282.00,都市：工
RPWNMLSLQHOFFCE27CC,愛群段,14.04,都市：商
RPVNMLSLQHOFFCE17CC,愛群段,11.23,都市：商
RPRNMLTLQHOFFDE96CC,灣復段,.00,都市：商
RPOOMLTLQHOFFGE07CC,五甲段,.00,都市：住
RPOOMLTLQHOFFDE76CC,灣子內段寶珠溝小段,.00,都市：商
RPTPMLTLQHOFFCE27CC,竹北段,108.00,都市：住
RPRNMLTLQHOFFBE76CC,新興段四小段,.00,都市：商
RPRNMLTLQHOFFBE76CC,新興段四小段,.00,都市：商
RPWNMLTLQHOFFDE47CC,建安段,15.19,都市：商
RPUNMLSLQHOFFDE17CC,大港段四小段,.00,都市：住
RPPPMLKMQHOFFAE48CC,前金段,6.76,都市：商
RPQNMLTLQHOFFAE56CC,龍華段七小段,103.00,都市：住
RPXNMLTLQHOFFAE27CC,前金段,.00,都市：商
RPOOMLTLQHOFFAE09CC,青海段,19.04,都市：住
RPSOMLTLQHOFFAE86CC,青海段,21.50,都市：住
RPSNMLTLQHOFFCE07DC,獅甲段二小段,76.45,都市：住
RPSNMLTLQHOFFCE07DC,獅甲段二小段,125.51,都市：住
RPVOMLTLQHOFFAE17CC,龍華段二小段,68.12,都市：住
RPTPMLKMQHOFFAE88CC,前金段,.00,都市：商
RPQNMLKMQHOFFCE58CC,盛興段,12.20,都市：住
RPTNMLKMQHOFFFE56CC,嘉興段,3355.00,非都市：特定農業區 ; 非都市編定：農牧用地
RPPOMLKMQHOFFFE88CC,興龍段,.00,非都市：特定農業區 ; 非都市編定：甲種建築用地
RPPNMLKMQHOFFGE88CC,大貝湖段,.00,都市：住
RPPNMLKMQHOFFGE88CC,大貝湖段,.00,都市：住
RPROMLKMQHOFFCE78CC,草衙段二小段,.00,都市：商
RPROMLKMQHOFFGE56CC,文山段,.00,都市：住
RPSOMLKMQHOFFCE88CC,草衙段二小段,.00,都市：商
RPTPMLKMQHOFFGE86CC,新甲段,.00,都市：住
RPRNMLLMQHOFFCE78CC,憲德段二小段,14.18,都市：商
RPPNMLLMQHOFFCE58CC,盛興段,12.20,都市：住
RPQOMLKMQHOFFDE78CC,建民段,17.78,都市：住
RPSNMLLMQHOFFCE88CC,盛興段,14.49,都市：住
RPQNMLLMQHOFFBE58CC,過田子段,24.21,都市：住
RPPNMLLMQHOFFBE48CC,武聖段,6.67,都市：住
RPPNMLLMQHOFFBE48CC,武聖段,16.83,都市：住
RPOPMLKMQHOFFGE98CC,文山段,.00,都市：住
RPWOMLKMQHOFFIE27CC,北屋段,174.56,都市：住
RPUPMLKMQHOFFAE98CC,前金段,.00,都市：商
RPRNMLLJRHOFFGE98CC,文山段,16.38,都市：住
RPRNMLMJRHOFFLE96CC,赤崁段潮州寮三小段,5304.00,都市：工
RPQPMLKMQHOFFDE88CC,陽明段二小段,4.83,都市：商
RPQPMLKMQHOFFDE88CC,陽明段二小段,12.40,都市：住
RPRNMLMJRHOFFDE78CC,澄清段一小段,36.74,都市：商
RPPOMLMJRHOFFDE68CC,覆鼎金段覆鼎金一小段,.00,都市：住
RPRNMLLJRHOFFDE68CC,獅頭段一小段,17.59,都市：商
RPQNMLMJRHOFFCE58CC,盛興段,12.21,都市：住
RPWNMLMJRHOFFDE66CC,三塊厝段三小段,.00,都市：住
RPUOMLMJRHOFFDE56CC,覆鼎金段覆鼎金一小段,.00,都市：住
RPVNMLKMQHOFFDE56CC,灣愛段,.00,都市：住
RPSOMLMJRHOFFFE56CC,興龍段,.00,非都市：特定農業區 ; 非都市編定：甲種建築用地
RPQOMLMJRHOFFCE68CC,草衙段二小段,.00,都市：商
RPUOMLMJRHOFFFE76CC,興龍段,.00,非都市：特定農業區 ; 非都市編定：甲種建築用地
RPTOMLMJRHOFFFE66CC,興龍段,.00,非都市：特定農業區 ; 非都市編定：甲種建築用地
RPVNMLMJRHOFFEE66CC,興隆段,16.97,都市：住
RPPPMLMJRHOFFEE88CC,福山段,10.70,都市：商
RPXOMLMJRHOFFEE96CC,新庄段四小段,.00,都市：住
RPUNMLMJRHOFFBE88CC,苓洲段,8.31,都市：商
RPRNMLMJRHOFFBE58CC,苓洲段,4.42,都市：商
RPUOMLMJRHOFFEE66CC,新庄段十三小段,.00,都市：住
RPSOMLMJRHOFFEE09CC,果貿段,.00,都市：住
RPTNMLMJRHOFFBE78CC,苓洲段,5.36,都市：商
RPWNMLMJRHOFFBE09CC,新興段一小段,7.02,都市：商
RPVOMLMJRHOFFEE76CC,新庄段一小段,.00,都市：住
RPVOMLNJRHOFFAE09CC,前金段,5.14,都市：商
RPROMLMJRHOFFAE58CC,東金段,.00,都市：商
RPOOMLNJRHOFFDE68CC,灣復段,.00,都市：商
RPVNMLOJRHOFFGE07CC,五甲段,67.00,都市：住
RPQOMLNJRHOFFDE88CC,建豐段,17.12,都市：商
RPROMLNJRHOFFDE98CC,建豐段,13.32,都市：商
RPTNMLOJRHOFFCE09CC,青島段四小段,29.98,都市：住
RPTNMLOJRHOFFCE09CC,青島段四小段,50.46,都市：住
RPTNMLOJRHOFFCE09CC,青島段四小段,46.66,都市：住
RPQOMLOJRHOFFCE88CC,盛興段,12.09,都市：住
RPSOMLOJRHOFFEE66CC,新庄段二小段,14.94,都市：工
RPTOMLNJRHOFFGE86CC,灣頭段,76.11,都市：住
RPTNMLOJRHOFFGE86CC,文山段,.00,都市：住
RPSNMLNJRHOFFGE66CC,大貝湖段,216.74,都市：住
RPUNMLNJRHOFFBE98CC,苓東段,54.00,都市：商
RPUNMLNJRHOFFBE98CC,苓東段,11.00,都市：商
RPSNMLNJRHOFFBE78CC,成功段,.00,都市：商
RPXNMLOJRHOFFBE76CC,新興段一小段,3.40,都市：商
RPRNMLPJRHOFFBE88CC,新興段三小段,.00,都市：商
RPWNMLPJRHOFFBE76CC,意誠段,4.80,都市：商
RPTNMLPJRHOFFBE09CC,新興段三小段,.00,都市：商
RPXNMLPJRHOFFDE07CC,金獅段,.00,都市：住
RPTOMLPJRHOFFGE07CC,五甲段,.00,都市：住
RPQNMLOJRHOFFAE58CC,東金段,61.90,非都市： ; 非都市編定：
RPRNMLPJRHOFFDE09CC,金獅段,22.53,都市：住
RPOQMLPJRHOFFCE98CC,憲德段二小段,.00,都市：商
RPTNMLPJRHOFFDE66CC,大港段,8.30,都市：住
RPWNMLOJRHOFFBE66CC,意誠段,140.00,都市：商
RPSNMLQJRHOFFIE17CC,竹園段,998.00,都市：工
RPVNMLPJRHOFFDE86CC,大港段二小段,113.00,都市：住
RPOPMLQJRHOFFDE09CC,覆鼎金段覆鼎金一小段,51.00,都市：住
RPOPMLQJRHOFFDE09CC,覆鼎金段覆鼎金一小段,23.46,都市：住
RPVNMLQJRHOFFCE86CC,憲德段二小段,12.26,都市：商
RPPPMLQJRHOFFDE56CC,三塊厝段四小段,64.00,都市：住
RPPNMLQJRHOFFEE09CC,翠屏段一小段,.00,都市：住
RPROMLQJRHOFFEE76CC,新庄段十三小段,7.00,都市：商
RPRNMLQJRHOFFIE07CC,灣勢段,494.92,都市：農
RPTPMLQJRHOFFEE07CC,德昌段,11.77,都市：住
RPTNMLQJRHOFFBE56CC,新興段四小段,.00,都市：商
RPTNMLQJRHOFFBE56CC,新興段四小段,.00,都市：商
RPUNMLQJRHOFFBE66CC,過田子段,.00,都市：商
RPRNMLRJRHOFFDE66CC,建昌段,16.16,都市：其他
RPRNMLRJRHOFFDE66CC,建昌段,12.26,都市：住
RPVNMLPJRHOFFIE37CC,興農段,.00,都市：住
RPOOMLQJRHOFFFE56CC,興龍段,.00,非都市：特定農業區 ; 非都市編定：甲種建築用地
RPVNMLQJRHOFFFE17CC,興龍段,.00,非都市：特定農業區 ; 非都市編定：甲種建築用地
RPSNMLQJRHOFFFE86CC,興龍段,.00,非都市：特定農業區 ; 非都市編定：甲種建築用地
RPUNMLQJRHOFFFE07CC,興龍段,.00,非都市：特定農業區 ; 非都市編定：甲種建築用地
RPXOMLTJRHOFFBE37CC,新興段二小段,.00,都市：商
RPUNMLTJRHOFFAE86CC,龍水段,.00,都市：住
RPUNMLTJRHOFFAE86CC,青海段,.00,都市：住
RPPNMLTJRHOFFAE98CC,龍華段八小段,.00,非都市： ; 非都市編定：
RPUPMLTJRHOFFEE47CC,新民段,14.46,都市：商
RPPQMLTJRHOFFEE07CC,新福段四小段,35.18,都市：住
RPXQMLTJRHOFFEE87CC,福民段,.00,都市：住
RPOPMLTJRHOFFBE56CC,新興段三小段,10.44,都市：商
RPQOMLKKRHOFFCE58CC,愛群段,.00,都市：商
RPQOMLKKRHOFFCE58CC,愛群段,.00,都市：商
RPTOMLKKRHOFFCE88CC,店鎮段一小段,.00,都市：商
RPTNMLTJRHOFFAE76CC,龍華段四小段,19.10,都市：住
RPPNMLKKRHOFFIE98CC,興農段,.00,都市：住
RPPNMLKKRHOFFIE98CC,興農段,.00,都市：住
RPUOMLTJRHOFFGE57CC,牛潮埔段,21.05,都市：住
RPTNMLTJRHOFFCE96CC,光華段一小段,71.00,都市：住
RPRPMLKKRHOFFCE78CC,瑞崗段二小段,56.00,都市：住
RPSQMLTJRHOFFEE37CC,新庄段十二小段,98.00,都市：住
RPTPMLKKRHOFFFE66CC,興龍段,.00,非都市：特定農業區 ; 非都市編定：甲種建築用地
RPRPMLKKRHOFFFE09CC,安西段,148.46,都市：農
RPXPMLKKRHOFFFE07CC,興龍段,.00,非都市：特定農業區 ; 非都市編定：甲種建築用地
RPSPMLKKRHOFFFE56CC,興龍段,.00,非都市：特定農業區 ; 非都市編定：甲種建築用地
RPVPMLKKRHOFFFE86CC,興龍段,.00,非都市：特定農業區 ; 非都市編定：甲種建築用地
RPROMLKKRHOFFAE48CC,龍北段,28.67,都市：住
RPSOMLKKRHOFFAE58CC,青海段,22.98,都市：住
RPPNMLKKRHOFFAE18CC,青海段,.00,都市：住
RPSNMLKKRHOFFBE58CC,苓洲段,.00,都市：商
RPTNMLKKRHOFFBE68CC,福河段,200.00,都市：住
RPVNMLKKRHOFFEE56CC,高楠段,444.00,都市：農
RPPOMLKKRHOFFAE28CC,龍華段八小段,5.22,都市：商
RPOQMLKKRHOFFFE88CC,鳳雄段,.00,非都市：一般農業區 ; 非都市編定：甲種建築用地
RPXNMLKKRHOFFEE76CC,和平段五小段,.00,都市：住
RPQNMLKKRHOFFEE68CC,新庄段十三小段,.00,都市：商
RPOOMLKKRHOFFEE58CC,新庄段七小段,12.14,都市：住
RPTNMLKKRHOFFAE58CC,前金段,.00,都市：商
RPTNMLKKRHOFFAE58CC,前金段,.00,都市：商
RPSOMLKKRHOFFEE98CC,福山段,.00,都市：商
RPUNMLKKRHOFFBE78CC,福東段,37.00,都市：其他
RPWOMLKKRHOFFEE76CC,新庄段十三小段,3.58,都市：住
RPXOMLKKRHOFFEE86CC,新庄段三小段,.00,都市：住
RPSPMLKKRHOFFEE09CC,新庄段八小段,21.08,都市：住
RPOPMLKKRHOFFEE68CC,新庄段十三小段,.00,都市：住
RPUNMLKKRHOFFDE98CC,灣中段,12.52,都市：商
RPUOMLKKRHOFFAE78CC,東金段,.00,都市：商
RPTOMLLKRHOFFBE88CC,苓洲段,4.33,都市：商
RPSOMLLKRHOFFBE78CC,新興段四小段,.00,都市：商
RPTPMLKKRHOFFEE56CC,新庄段十二小段,147.00,都市：商
RPVOMLLKRHOFFDE66CC,水源段,11.29,都市：住
RPVOMLLKRHOFFDE66CC,水源段,2.29,都市：商
RPXNMLLKRHOFFEE86CC,清豐段,.00,都市：住
RPWNMLLKRHOFFAE98CC,龍華段八小段,10.88,都市：商
RPVNMLLKRHOFFAE88CC,龍華段八小段,12.77,都市：商
RPSNMLLKRHOFFAE58CC,鼓南段一小段,33.00,都市：商
RPSNMLLKRHOFFAE58CC,鼓南段一小段,135.00,都市：商
RPSNMLLKRHOFFAE58CC,鼓南段一小段,12.00,都市：商
RPTNMLLKRHOFFFE56CC,深水段,1314.00,非都市：山坡地保育區 ; 非都市編定：農牧用地
RPRNMLLKRHOFFAE48CC,後金段,23.70,都市：商
RPTNMLLKRHOFFAE68CC,龍中段,2108.60,都市：住
RPROMLLKRHOFFBE68CC,大統段二小段,.00,都市：商
RPVNMLLKRHOFFFE76CC,興龍段,.00,非都市：特定農業區 ; 非都市編定：甲種建築用地
RPXNMLLKRHOFFFE96CC,興龍段,.00,非都市：特定農業區 ; 非都市編定：甲種建築用地
RPWNMLLKRHOFFFE86CC,興龍段,.00,非都市：特定農業區 ; 非都市編定：甲種建築用地
RPTOMLLKRHOFFDE09CC,灣子內段寶珠溝小段,.00,都市：商
RPOOMLLKRHOFFAE28CC,青海段,.00,都市：住
RPTNMLLKRHOFFGE66CC,新甲段,20.65,都市：住
RPSNMLLKRHOFFGE56CC,道爺段,27.00,都市：住
RPRNMLLKRHOFFGE09CC,道爺段,27.00,都市：住
RPUNMLLKRHOFFAE88DC,大成段,474.00,都市：住
RPUNMLLKRHOFFAE88DC,大成段,9.00,都市：住
RPPOMLLKRHOFFGE98CC,牛潮埔段,218.00,都市：工
RPVNMLMKRHOFFGE96CC,文英段,585.00,都市：住
RPXNMLLKRHOFFGE07CC,華鳳段,10.37,都市：住
RPOOMLMKRHOFFLE86CC,琉球段,.00,都市：住
RPUNMLMKRHOFFIE07CC,鳳松段,121.00,都市：住
RPQOMLMKRHOFFFE09CC,興龍段,.00,非都市：特定農業區 ; 非都市編定：甲種建築用地
RPTNMLLKRHOFFIE96DC,烏林段,26.65,非都市：鄉村區 ; 非都市編定：乙種建築用地
RPTNMLLKRHOFFIE96DC,烏林段,66.37,非都市：鄉村區 ; 非都市編定：乙種建築用地
RPROMLLKRHOFFIE76CC,慈惠段,.00,非都市： ; 非都市編定：
RPQNMLMKRHOFFIE66CC,大安段,76.00,都市：住
RPOOMLLKRHOFFFE78CC,興龍段,.00,非都市：特定農業區 ; 非都市編定：甲種建築用地
RPSOMLLKRHOFFFE56CC,興龍段,.00,非都市：特定農業區 ; 非都市編定：甲種建築用地
RPPOMLLKRHOFFFE88CC,興龍段,.00,非都市：特定農業區 ; 非都市編定：甲種建築用地
RPROMLMKRHOFFFE56CC,興龍段,.00,非都市：特定農業區 ; 非都市編定：甲種建築用地
RPQOMLLKRHOFFFE98CC,興龍段,.00,非都市：特定農業區 ; 非都市編定：甲種建築用地
RPQNMLMKRHOFFAE48CC,大成段,288.00,都市：商
RPTOMLMKRHOFFFE76CC,興龍段,.00,非都市：特定農業區 ; 非都市編定：甲種建築用地
RPOOMLMKRHOFFAE38CC,龍中段,.00,都市：住
RPSOMLMKRHOFFAE78CC,龍中段,15.43,都市：商
RPRPMLMKRHOFFAE78CC,龍華段四小段,.00,都市：住
RPVOMLMKRHOFFAE09CC,前金段,.00,都市：商
RPUOMLMKRHOFFFE86CC,興龍段,.00,非都市：特定農業區 ; 非都市編定：甲種建築用地
RPRNMLMKRHOFFEE98CC,新庄段十二小段,.00,都市：住
RPRNMLMKRHOFFEE98CC,新庄段十二小段,.00,都市：住
RPWOMLMKRHOFFEE96CC,福民段,.00,都市：住
RPQNMLOKRHOFFDE98CC,覆鼎金段覆鼎金小段,.00,都市：住
RPSNMLPKRHOFFGE96CC,灣頭段,.00,都市：住
RPUOMLPKRHOFFEE07CC,福山段,.00,都市：住
RPVOMLMKRHOFFFE96CC,興龍段,.00,非都市：特定農業區 ; 非都市編定：甲種建築用地
RPQNMLMKRHOFFCE68CC,瑞隆段二小段,65.17,都市：住
RPWOMLMKRHOFFDE86CC,灣子內段寶珠溝小段,.00,都市：商
RPOPMLQKRHOFFDE56CC,義民段,66.07,都市：住
RPQOMLMKRHOFFCE78CC,憲德段一小段,159.00,都市：住
RPOOMLQKRHOFFGE76CC,鳳翔段,2396.35,都市：住
RPWOMLQKRHOFFDE27CC,灣復段,6.25,都市：商
RPVPMLQKRHOFFDE27CC,三塊厝段一小段,20.62,都市：商
RPVNMLQKRHOFFAE76CC,青海段,9.26,都市：商
RPSPMLQKRHOFFDE96CC,大港段三小段,.00,都市：商
RPUPMLQKRHOFFDE17CC,大港段六小段,.00,都市：商
RPRNMLQKRHOFFAE98CC,鹽新段,12.00,都市：商
RPRNMLQKRHOFFAE98CC,鹽新段,53.00,都市：商
RPQOMLQKRHOFFEE76CC,福山段,15.46,都市：住
RPWNMLQKRHOFFEE27CC,新庄段十二小段,270.00,都市：住
RPVOMLQKRHOFFEE27CC,新博段,34.08,都市：住
RPQOMLQKRHOFFBE09CC,新興段一小段,37.00,都市：商
RPQPMLQKRHOFFBE56CC,五權段,.00,都市：住
RPWNMLQKRHOFFIE67CC,灣北段,69.99,都市：住
RPPPMLQKRHOFFBE09CC,意誠段,6.03,都市：商
RPROMLRKRHOFFBE66CC,過田子段,.00,都市：商
RPSOMLRKRHOFFBE76CC,成功段,.00,都市：商
RPVNMLRKRHOFFBE96CC,過田子段,.00,都市：商
RPVNMLRKRHOFFBE96CC,過田子段,.00,都市：商
RPQNMLRKRHOFFDE66CC,覆鼎金段覆鼎金小段,9.60,都市：住
RPRPMLQKRHOFFEE96CC,右昌段六小段,.00,都市：住
RPQPMLRKRHOFFDE86CC,大港段二小段,.00,都市：商
RPUOMLRKRHOFFDE17CC,大豐段二小段,.00,都市：住
RPTNMLRKRHOFFAE66CC,東金段,.00,都市：商
RPRNMLRKRHOFFEE86CC,楠梓段四小段,89.00,都市：住
RPPNMLRKRHOFFCE09CC,愛群段,24.99,都市：住
RPPNMLRKRHOFFCE09CC,愛群段,3.62,都市：住
RPSOMLRKRHOFFDE96CC,大港段四小段,.00,都市：住
RPQNMLRKRHOFFCE56CC,愛群段,2.28,都市：商
RPWNMLRKRHOFFCE17CC,憲德段一小段,.00,都市：住
RPWNMLRKRHOFFCE17CC,憲德段一小段,.00,都市：商
RPWOMLRKRHOFFEE47CC,莒光段三小段,.00,都市：住
RPWOMLSKRHOFFCE37CC,獅甲段,1.94,都市：商
RPTOMLRKRHOFFEE17CC,新庄段五小段,.00,都市：住
RPTOMLRKRHOFFEE17CC,新庄段五小段,.00,都市：住
RPOOMLRKRHOFFLE37CC,內湖段,.00,都市：住
RPPPMLRKRHOFFEE86CC,新庄段十三小段,.00,都市：商
RPRNMLSKRHOFFCE76CC,仁愛段,47.00,都市：商
RPXNMLRKRHOFFFE57CC,梓平段,173.14,都市：住
RPVOMLSKRHOFFCE37DC,愛群段,128.00,都市：商
RPTNMLSKRHOFFGE37CC,鳳山段草店尾小段,6.22,都市：商
RPTPMLSKRHOFFCE17CC,光華段一小段,.00,都市：商
RPPPMLSKRHOFFCE76CC,獅甲段,33.33,都市：住
RPQNMLSKRHOFFEE86CC,新庄段一小段,.00,都市：住
RPXOMLSKRHOFFCE57DC,獅甲段,.64,都市：商
RPXOMLSKRHOFFCE57DC,獅甲段,.20,都市：商
RPWNMLSKRHOFFBE27DC,過田子段,11.72,都市：商
RPQOMLSKRHOFFEE96CC,新庄段三小段,.00,都市：住
RPSPMLSKRHOFFEE27CC,新庄段一小段,15.27,都市：其他
RPROMLSKRHOFFBE86DC,意誠段,8.32,都市：商
RPROMLSKRHOFFGE27CC,七老爺段一甲小段,.00,都市：住
RPUNMLSKRHOFFBE96CC,林德官段一小段,.00,都市：住
RPTNMLSKRHOFFBE86CC,過田子段,76.00,都市：商
RPRNMLSKRHOFFAE56CC,龍華段八小段,.00,都市：商
RPVNMLSKRHOFFBE07CC,新興段四小段,5.19,都市：商
RPXNMLSKRHOFFAE17CC,龍華段八小段,.00,都市：商
RPTOMLSKRHOFFAE86CC,後金段,15.07,都市：商
RPOOMLSKRHOFFBE09CC,苓洲段,.00,都市：商
RPROMLSKRHOFFAE66CC,民生段,.00,都市：商
RPRNMLTKRHOFFBE76CC,苓洲段,4.33,都市：商
RPXNMLSKRHOFFGE77CC,灣頭段,.00,都市：住
RPOOMLTKRHOFFBE56CC,五塊厝段,19.42,都市：住
RPPOMLSKRHOFFBE56CC,成功段,.00,都市：商
RPQNMLTKRHOFFBE66CC,過田子段,.00,都市：商
RPTNMLTKRHOFFBE96CC,大港埔段,65.00,都市：商
RPXNMLTKRHOFFBE37CC,新興段二小段,.00,都市：商
RPOOMLTKRHOFFAE09CC,龍中段,16.31,都市：商
RPPNMLTKRHOFFEE86CC,新庄段十三小段,.00,都市：商
RPPNMLTKRHOFFEE86CC,新庄段十三小段,.00,都市：商
RPROMLTKRHOFFBE86CC,意誠段,19.90,都市：商
RPUNMLTKRHOFFAE96CC,青海段,27.05,都市：住
RPVOMLTKRHOFFAE17CC,龍中段,12.86,都市：住
RPQOMLSKRHOFFAE56CC,青海段,38.60,都市：住
RPWOMLSKRHOFFAE17CC,內惟段五小段,.00,都市：商
RPRNMLTKRHOFFAE66CC,龍中段,.00,都市：商
RPUPMLTKRHOFFEE57CC,果貿段,.00,都市：住
RPPOMLTKRHOFFEE96CC,興隆段,12.08,都市：住
RPXNMLTKRHOFFEE67CC,福民段,.00,都市：住
RPSQMLTKRHOFFEE47CC,和平段二小段,.00,都市：住
RPXPMLTKRHOFFEE87CC,加昌段二小段,10.82,都市：商
RPSOMLTKRHOFFBE96CC,林德官段二小段,211.08,都市：住
RPWNMLTKRHOFFAE17CC,前金段,11.31,都市：商
RPVNMLTKRHOFFDE37CC,建民段,.00,都市：商
RPUNMLTKRHOFFDE27CC,覆鼎金段覆鼎金一小段,.00,都市：住
RPTQMLTKRHOFFEE57CC,新光段,512.44,都市：住
RPORMLTKRHOFFEE17CC,新華段,14.08,都市：住
RPXQMLTKRHOFFEE97CC,藍昌段三小段,6.61,都市：商
RPPOMLTKRHOFFDE86CC,獅頭段,14.99,都市：商
RPVQMLTKRHOFFEE77CC,翠屏段一小段,30.26,都市：住
RPQNMLTKRHOFFCE76CC,愛群段,7.85,都市：商
RPVNMLTKRHOFFCE27CC,憲德段二小段,12.68,都市：商
RPUNMLTKRHOFFCE17CC,獅甲段,.00,都市：商
RPOOMLTKRHOFFDE76CC,大港段二小段,13.40,都市：商
RPTOMLTKRHOFFDE27CC,大港段二小段,74.00,都市：住
RPWOMLTKRHOFFGE87CC,曹公段,379.16,都市：工
RPQOMLTKRHOFFGE27CC,曹公段,454.00,都市：工
RPUOMLTKRHOFFDE37CC,灣子內段寶珠溝小段,.00,都市：商
RPPOMLTKRHOFFCE76CC,大業段,22.57,都市：商
RPROMLTKRHOFFGE37CC,新甲段,.00,都市：住
RPQNMLTKRHOFFFE07CC,後壁田段,26.07,都市：商
RPROMLTKRHOFFCE96CC,愛群段,16.99,都市：商
RPXNMLTKRHOFFCE47CC,獅甲段,1.75,都市：商
RPXNMLTKRHOFFCE47CC,獅甲段,5.50,都市：商
RPVNMLKLRHOFFCE09CC,愛群段,5.94,都市：商
RPWNMLKLRHOFFCE56CC,青島段一小段,.00,非都市： ; 非都市編定：
RPQPMLKLRHOFFFE09CC,瓊西段,2247.43,都市：農
RPQOMLKLRHOFFCE68CC,宏明段,113.76,都市：住
RPXOMLTKRHOFFGE97CC,中崙段,41.27,都市：住
RPVOMLKLRHOFFCE56CC,愛群段,.00,都市：住
RPRNMLKLRHOFFIE66CC,竹園段,998.00,都市：工
RPVPMLKLRHOFFFE96CC,文化段,.00,都市：住
RPQNMLKLRHOFFLE86CC,大寮段,870.00,都市：工
RPQNMLKLRHOFFLE86CC,大寮段,725.00,都市：工
RPTNMLTKRHOFFFE37CC,興龍段,.00,非都市：特定農業區 ; 非都市編定：甲種建築用地
RPTNMLKLRHOFFGE66CC,頂庄段,.00,都市：住
RPWNMLKLRHOFFIE17CC,保社段,452.83,都市：農
RPVNMLKLRHOFFIE07CC,大腿段,281.00,都市：農
RPXNMLKLRHOFFIE27CC,保安段,1607.00,都市：農
RPPOMLKLRHOFFIE56CC,金鼎段,1185.44,都市：住
RPSNMLKLRHOFFDE88CC,三塊厝段,99.65,都市：商
RPOOMLKLRHOFFDE58CC,大港段,.00,都市：住
RPOOMLKLRHOFFDE58CC,大港段,.00,都市：住
RPTOMLKLRHOFFDE09CC,獅頭段一小段,.00,都市：住
RPTPMLKLRHOFFEE66CC,藍昌段一小段,.00,都市：住
RPSOMLKLRHOFFDE98CC,獅頭段一小段,.00,都市：住
RPWNMLKLRHOFFEE76CC,新庄段十三小段,8.41,都市：商
RPTRMLKLRHOFFEE86CC,和平東段,.00,都市：住
RPOSMLKLRHOFFEE09CC,楠梓段五小段,.00,都市：住
RPRSMLKLRHOFFEE76CC,加昌段,13.40,都市：住
RPRSMLKLRHOFFEE76CC,加昌段,19.80,都市：住
RPRSMLKLRHOFFEE76CC,加昌段,.27,都市：住
RPSRMLKLRHOFFEE76CC,新博段,.00,都市：住
RPPNMLKLRHOFFAE28CC,前金段,4.04,都市：商
RPRRMLKLRHOFFEE66CC,菜公段一小段,.00,都市：住
RPVPMLKLRHOFFEE86CC,援中段一小段,.00,都市：商
RPTNMLKLRHOFFDE98CC,澄清段二小段,31.92,都市：住
RPVOMLKLRHOFFDE66CC,大港段二小段,.00,都市：住
RPTNMLKLRHOFFAE68CC,龍中段,11.59,都市：住
RPTOMLKLRHOFFBE88CC,新興段二小段,7.01,都市：商
RPUOMLKLRHOFFBE98CC,正德段,.00,都市：住
RPPOMLKLRHOFFBE48CC,意誠段,5.85,都市：商
RPWOMLKLRHOFFBE56CC,大統段一小段,.00,都市：商
RPPPMLKLRHOFFBE58CC,意誠段,.00,都市：商
RPTNMLKLRHOFFBE78CC,過田子段,11.80,都市：其他
RPTNMLKLRHOFFBE78CC,過田子段,6.36,都市：其他
RPXRMLKLRHOFFEE27CC,新庄段五小段,.00,都市：住
RPQPMLKLRHOFFBE68CC,新興段一小段,7.62,都市：商
RPTPMLKLRHOFFBE98CC,新興段二小段,.00,都市：商
RPUNMLLLRHOFFAE88CC,龍華段一小段,30.10,都市：住
RPVNMLLLRHOFFAE98CC,龍華段八小段,12.13,都市：商
RPQNMLLLRHOFFDE78CC,灣內段,226.63,都市：住
RPROMLNLRHOFFDE56CC,三塊厝段一小段,3.44,都市：商
RPPQMLKLRHOFFBE68CC,大統段一小段,.00,都市：商
RPPNMLNLRHOFFAE58CC,北金段,6.47,都市：商
RPWPMLKLRHOFFBE66CC,五塊厝段,13.26,都市：商
RPUNMLNLRHOFFAE09CC,後金段,9.52,都市：商
RPRNMLLLRHOFFBE68CC,意誠段,.00,都市：商
RPSNMLOLRHOFFFE86CC,九甲圍段,766.00,非都市：一般農業區 ; 非都市編定：農牧用地
RPSNMLOLRHOFFFE86CC,九甲圍段,984.00,非都市：一般農業區 ; 非都市編定：農牧用地
RPPOMLNLRHOFFFE56CC,安西段,219.86,都市：工
RPWNMLOLRHOFFFE27CC,興龍段,.00,非都市：特定農業區 ; 非都市編定：甲種建築用地
RPTOMLNLRHOFFEE86CC,福民段,.00,都市：住
RPSPMLNLRHOFFEE86CC,福山段,25.30,都市：住
RPPOMLOLRHOFFFE66CC,興龍段,.00,非都市：特定農業區 ; 非都市編定：甲種建築用地
RPQOMLOLRHOFFFE76CC,興龍段,.00,非都市：特定農業區 ; 非都市編定：甲種建築用地
RPPOMLNLRHOFFEE09CC,新民段,75.60,都市：住
RPSNMLOLRHOFFCE56CC,愛群段,52.00,都市：商
RPVOMLNLRHOFFGE27CC,七老爺段一甲小段,747.00,都市：住
RPQNMLOLRHOFFGE76CC,文山段,789.00,都市：住
RPUNMLOLRHOFFCE76CC,光華段,.00,都市：住
RPSNMLOLRHOFFIE17CC,澄觀段,290.00,都市：住
RPTNMLOLRHOFFCE66CC,光華段,.00,都市：住
RPRNMLOLRHOFFIE07CC,新後港西段,62.71,都市：住
RPRNMLOLRHOFFIE07CC,新後港西段,22.39,都市：住
RPUOMLNLRHOFFGE17CC,鳳甲段,4179.94,都市：住
RPUNMLOLRHOFFAE56CC,龍華段九小段,436.50,都市：住
RPVNMLOLRHOFFAE66CC,文東段,.00,都市：商
RPQOMLOLRHOFFAE88CC,內惟段九小段,.00,都市：住
RPQOMLOLRHOFFAE88CC,內惟段九小段,.00,都市：住
RPVNMLOLRHOFFBE76CC,大統段一小段,12.14,都市：商
RPSOMLOLRHOFFEE86CC,新庄段十三小段,10.03,都市：商
RPQNMLOLRHOFFEE56CC,藍田西段,13.75,都市：商
RPTNMLOLRHOFFDE76CC,灣復段,.00,都市：商
RPOOMLPLRHOFFDE09CC,三塊厝段,.00,都市：住
RPOOMLPLRHOFFDE09CC,三塊厝段,.00,都市：其他
RPTOMLOLRHOFFDE86CC,三塊厝段四小段,.00,都市：住
RPSNMLOLRHOFFLE47CC,內坑段,.00,都市：住
RPSNMLOLRHOFFLE47CC,內坑段,.00,都市：住
RPVPMLPLRHOFFDE27CC,大順段,.00,都市：住
RPSNMLPLRHOFFBE56CC,新興段四小段,.00,都市：商
RPSNMLPLRHOFFBE56CC,新興段四小段,.00,都市：商
RPPOMLPLRHOFFBE98CC,五塊厝段,25.10,都市：商
RPTNMLPLRHOFFLE67CC,大寮段芎蕉腳小段,215.00,都市：農
RPWNMLOLRHOFFAE76CC,龍水段一小段,15.35,都市：住
RPSNMLPLRHOFFAE09CC,青海段,.00,都市：住
RPTNMLPLRHOFFBE66CC,過田子段,.00,都市：商
RPQNMLOLRHOFFDE09CC,鼎泰段,13.07,都市：住
RPWNMLPLRHOFFIE67CC,善德段,463.93,都市：農
RPXNMLPLRHOFFAE96CC,龍華段八小段,10.43,都市：商
RPWNMLPLRHOFFGE47CC,牛潮埔段,229.00,都市：工
RPPOMLPLRHOFFLE37CC,內湖段,.00,都市：住
RPVOMLPLRHOFFBE96CC,林德官段二小段,.00,都市：住
RPVNMLPLRHOFFLE87CC,中門段,372.11,都市：工
RPSOMLPLRHOFFFE07CC,興龍段,.00,非都市：特定農業區 ; 非都市編定：甲種建築用地
RPPNMLPLRHOFFCE98CC,店鎮段,18.55,都市：住
RPVNMLPLRHOFFGE37CC,大貝湖段,216.74,都市：住
RPWNMLPLRHOFFLE97CC,翁公園段,68.00,都市：其他
RPQNMLPLRHOFFIE17DC,新後港西段,24.23,都市：住
RPVNMLPLRHOFFIE67DC,新後港西段,6.65,都市：住
RPVNMLPLRHOFFIE67DC,新後港西段,87.89,都市：住
RPXNMLPLRHOFFCE27DC,坪頂段,1132.04,都市：住
RPXNMLQLRHOFFFE57CC,後壁田段,10.96,都市：商
RPSNMLQLRHOFFAE56CC,青海段,27.04,都市：商
RPXOMLQLRHOFFCE37CC,憲德段二小段,.00,都市：商
RPROMLQLRHOFFCE76CC,盛興段,18.14,都市：住
RPOOMLPLRHOFFIE07DC,新後港西段,21.97,都市：住
RPPOMLQLRHOFFAE98CC,龍華段一小段,.00,都市：住
RPSOMLQLRHOFFAE66CC,龍華段八小段,.00,都市：商
RPQNMLQLRHOFFBE09CC,林德官段,.00,都市：商
RPQNMLQLRHOFFBE09CC,林德官段,.00,都市：住
RPSNMLQLRHOFFBE66CC,武聖段,33.50,都市：住
RPTNMLQLRHOFFBE76CC,林德官段,13.46,都市：商
RPTNMLQLRHOFFBE76CC,林德官段,1.28,都市：商
RPOOMLQLRHOFFBE98CC,過田子段,.00,都市：住
RPPOMLQLRHOFFBE09CC,過田子段,.00,都市：住
RPTOMLQLRHOFFAE76CC,龍中段,.00,都市：商
RPUNMLPLRHOFFAE66CC,龍中段,.00,都市：商
RPQOMLQLRHOFFBE56CC,過田子段,.00,都市：住
RPOSMLQLRHOFFDE96CC,大港段四小段,60.00,都市：住
RPOOMLPLRHOFFGE76CC,過埤段,231.08,都市：農
RPVPMLQLRHOFFEE47CC,新光段,.00,都市：商
RPSOMLRLRHOFFEE17CC,新庄段十三小段,7.34,都市：商
RPWPMLQLRHOFFEE57CC,果貿段,.00,都市：住
RPWOMLRLRHOFFEE57CC,新庄段四小段,73.00,都市：住
RPRSMLQLRHOFFDE27CC,大港段四小段,60.00,都市：住
RPQPMLRLRHOFFEE07CC,新庄段十三小段,12.36,都市：住
RPUOMLQLRHOFFGE47CC,文英段,21.81,都市：住
RPXOMLQLRHOFFGE77CC,竹子腳段,.00,都市：住
RPXOMLQLRHOFFGE77CC,竹子腳段,.00,都市：住
RPXOMLQLRHOFFGE77CC,竹子腳段,.00,都市：住
RPXOMLQLRHOFFGE77CC,竹子腳段,.00,都市：住
RPOOMLRLRHOFFDE66CC,灣復段,.00,都市：商
RPUOMLQLRHOFFDE17CC,金獅段,.00,都市：商
RPPOMLRLRHOFFDE76CC,灣復段,.00,都市：商
RPRSMLRLRHOFFDE37CC,大豐段二小段,101.00,都市：住
RPUPMLRLRHOFFDE37CC,三塊厝段,63.00,都市：住
RPVNMLRLRHOFFBE07CC,大統段二小段,.00,都市：商
RPWNMLRLRHOFFBE17CC,新興段一小段,10.72,都市：商
RPRPMLRLRHOFFEE17CC,左東段,72.00,都市：住
RPRPMLRLRHOFFEE17CC,左東段,72.00,都市：住
RPSQMLRLRHOFFEE37CC,和平段四小段,391.00,都市：住
RPQOMLRLRHOFFDE86CC,灣復段,9.06,都市：商
RPVOMLRLRHOFFDE37CC,建工段,10.00,都市：商
RPVOMLRLRHOFFDE37CC,建工段,66.00,都市：商
RPQNMLRLRHOFFAE09CC,青海段,.00,都市：住
RPRNMLRLRHOFFAE56CC,龍華段八小段,.00,都市：商
RPPOMLRLRHOFFBE56CC,苓東段,119.76,都市：商
RPTOMLRLRHOFFAE86CC,青海段,18.49,都市：住
RPOOMLRLRHOFFBE09CC,林德官段,3.39,都市：商
RPPQMLRLRHOFFAE66CC,博孝段,4.78,都市：商
RPOOMLRLRHOFFGE96CC,文英段,22.27,都市：住
RPROMLRLRHOFFFE17CC,為隨段,1140.00,非都市：特定農業區 ; 非都市編定：農牧用地
RPROMLRLRHOFFFE17CC,為隨段,1140.00,非都市：特定農業區 ; 非都市編定：農牧用地
RPUOMLRLRHOFFFE47CC,興龍段,.00,非都市：特定農業區 ; 非都市編定：甲種建築用地
RPROMLRLRHOFFCE86CC,愛群段,82.00,都市：商
RPXQMLRLRHOFFDE77CC,灣子內段寶珠溝小段,.00,都市：商
RPSNMLRLRHOFFLE77CC,大寮段芎蕉腳小段,363.63,都市：農
RPPNMLSLRHOFFCE66CC,愛群段,7.62,都市：商
RPOOMLRLRHOFFLE47CC,林園段,83.00,都市：商
RPRNMLSLRHOFFGE27CC,新庄子段一小段,84.51,都市：住
RPSPMLRLRHOFFAE86CC,府北段五小段,3.20,都市：商
RPRNMLSLRHOFFBE76CC,苓東段,11.12,都市：商
RPRNMLSLRHOFFBE76CC,苓東段,21.04,都市：住
RPPNMLSLRHOFFBE56CC,林德官段,9.76,都市：商
RPPNMLSLRHOFFBE56CC,林德官段,.92,都市：其他
RPRNMLTLRHOFFEE17CC,新庄段十三小段,.00,都市：住
RPSNMLSLRHOFFGE37CC,鳳山段大老衙小段,12.47,都市：商
RPQNMLTLRHOFFAE66CC,龍中段,.00,都市：商
RPQNMLSLRHOFFCE76CC,憲德段二小段,18.51,都市：商
RPRNMLSLRHOFFCE86CC,愛群段,7.61,都市：商
RPOOMLKMRHOFFAE38CC,前金段,1.68,都市：商
RPOOMLKMRHOFFAE38CC,前金段,2.28,都市：商
RPOOMLKMRHOFFAE38CC,前金段,2.73,都市：商
RPQOMLKMRHOFFAE58CC,青海段,13.75,都市：商
RPPNMLKMRHOFFBE48CC,過田子段,.00,都市：商
RPOOMLKMRHOFFBE48CC,新興段二小段,5.97,都市：商
RPQQMLKMRHOFFDE09CC,獅頭段,129.00,都市：商
RPQQMLKMRHOFFDE09CC,獅頭段,371.00,都市：商
RPXQMLKMRHOFFDE17CC,灣復段,.00,都市：商
RPQNMLSLRHOFFEE96CC,新庄段十三小段,6.55,都市：商
RPRNMLKMRHOFFDE88CC,建興段,25.82,都市：商
RPRNMLKMRHOFFDE88CC,建興段,9.86,都市：商
RPSQMLKMRHOFFDE66CC,灣子內段寶珠溝小段,.00,都市：商
RPUQMLKMRHOFFDE86CC,灣子內段寶珠溝小段,.00,都市：商
RPRQMLKMRHOFFDE56CC,灣子內段寶珠溝小段,.00,都市：商
RPPNMLTLRHOFFDE86CC,大港段二小段,.00,都市：住
RPQOMLKMRHOFFGE56CC,新甲段,.00,都市：住
RPWQMLKMRHOFFEE17CC,新庄段十二小段,464.00,都市：住
RPTQMLKMRHOFFEE86CC,福山段,8.09,都市：商
RPQPMLKMRHOFFEE09CC,新庄段十三小段,6.70,都市：商
RPRQMLKMRHOFFEE66CC,新光段,6.20,都市：住
RPTNMLKMRHOFFEE56CC,新民段,12.28,都市：住
RPXQMLKMRHOFFEE27CC,新庄段二小段,29.07,都市：住
RPSNMLKMRHOFFEE09CC,新庄段十二小段,.00,都市：住
RPROMLKMRHOFFCE88CC,愛群段,.00,都市：住
RPSOMLKMRHOFFCE98CC,港和段一小段,24.76,都市：商
RPQOMLKMRHOFFFE09CC,大紅段,9.77,都市：住
RPXOMLKMRHOFFFE17CC,興龍段,.00,非都市：特定農業區 ; 非都市編定：甲種建築用地
RPOPMLKMRHOFFFE98CC,興龍段,.00,非都市：特定農業區 ; 非都市編定：甲種建築用地
RPXNMLKMRHOFFGE17CC,大貝湖段,2438.45,都市：住
RPRNMLKMRHOFFIE76CC,尖山腳段,.00,非都市：山坡地保育區 ; 非都市編定：丙種建築用地
RPPPMLKMRHOFFFE09CC,興龍段,.00,非都市：特定農業區 ; 非都市編定：甲種建築用地
RPSNMLLJIIOFFGE28CC,文山段,22.43,都市：住
RPUOMLLJIIOFFGE58CC,中崙段,41.41,都市：住
RPOPMLLJIIOFFCE67CC,愛群段,5.94,都市：商
RPVPMLLJIIOFFDE48CC,獅頭段,7.78,都市：商
RPWNMLLJIIOFFIE88CC,鳳松段,8.62,都市：住
RPXNMLLJIIOFFIE98CC,興農段,.00,都市：住
RPXNMLLJIIOFFIE98CC,興農段,.00,都市：住
RPQNMLMJIIOFFAE57CC,龍華段三小段,32.00,都市：住
RPRNMLMJIIOFFBE77CC,意誠段,.00,都市：商
RPSNMLLJIIOFFEE08CC,加昌段,11.58,都市：住
RPSNMLLJIIOFFEE08CC,加昌段,14.44,都市：住
RPRNMLLJIIOFFEE97CC,新庄段六小段,7.24,都市：住
RPWNMLMJIIOFFAE18CC,青海段,48.33,都市：住
RPVNMLLJIIOFFEE38CC,菜公段六小段,.00,都市：住
RPTNMLLJIIOFFBE87CC,過田子段,.00,都市：住
RPOOMLMJIIOFFBE57CC,意誠段,.00,都市：商
RPSNMLMJIIOFFBE87CC,意誠段,.00,都市：商
RPVNMLLJIIOFFAE97CC,府北段五小段,.00,都市：商
RPUOMLMJIIOFFBE18CC,林德官段,10.62,都市：商
RPXOMLMJIIOFFBE48CC,新興段一小段,101.00,都市：商
RPROMLMJIIOFFBE87CC,林德官段一小段,62.00,都市：住
RPPOMLMJIIOFFBE67CC,意誠段,.00,都市：商
RPWNMLMJIIOFFBE28CC,大統段一小段,57.26,都市：商
RPSOMLMJIIOFFAE87CC,東金段,31.44,都市：商
RPSNMLMJIIOFFDE08CC,大港段二小段,20.88,都市：住
RPRNMLMJIIOFFLE78CC,大寮段芎蕉腳小段,495.87,都市：農
RPPPMLMJIIOFFEE08CC,新庄段十三小段,.00,都市：商
RPPOMLMJIIOFFEE97CC,菜公段六小段,9.18,都市：住
RPPOMLNJIIOFFGE28CC,華鳳段,20.06,都市：住
RPUNMLMJIIOFFCE18CC,愛群段,29.76,都市：商
RPXNMLNJIIOFFGE98CC,埤頂段,.00,都市：住
RPUOMLNJIIOFFEE58CC,福山段,8.42,都市：商
RPUNMLNJIIOFFIE88CC,金鼎段,347.39,都市：住
RPPNMLNJIIOFFBE67CC,過田子段,.00,都市：商
RPVNMLNJIIOFFBE28CC,林德官段,47.90,都市：商
RPSOMLMJIIOFFLE98CC,赤崁段,1606.00,都市：農
RPQOMLOJIIOFFAE87CC,龍中段,18.08,都市：商
RPQOMLNJIIOFFBE87CC,福裕段,12.00,都市：商
RPSNMLNJIIOFFAE87CC,龍華段八小段,.00,都市：商
RPWOMLOJIIOFFAE48CC,龍中段,19.84,都市：商
RPOPMLOJIIOFFEE18CC,興隆段,79.00,都市：商
RPSNMLOJIIOFFLE09CC,赤崁段潮州寮小段,330.58,都市：農
RPWOMLOJIIOFFDE78CC,大港段,.00,都市：住
RPOOMLNJIIOFFGE18CC,大貝湖段,71.31,都市：住
RPOOMLOJIIOFFIE48CC,草潭段,121.31,都市：其他
RPTNMLOJIIOFFBE18CC,苓東段,.00,都市：住
RPTNMLOJIIOFFBE18CC,苓東段,.00,都市：其他
RPQOMLOJIIOFFBE97CC,林德官段,.00,都市：商
RPQNMLOJIIOFFFE28CC,中山段,228.10,都市：住
RPQNMLOJIIOFFFE28CC,中山段,274.08,都市：住
RPQNMLOJIIOFFFE28CC,中山段,67.51,都市：住
RPOOMLOJIIOFFEE18DC,菜公段六小段,8.69,都市：住
RPXOMLOJIIOFFDE88CC,大港段二小段,119.00,都市：商
RPROMLPJIIOFFFE58CC,後壁田段,.00,都市：商
RPXNMLPJIIOFFCE78CC,獅甲段,.00,都市：商
RPQNMLPJIIOFFCE08CC,愛群段,.00,都市：商
RPXOMLPJIIOFFDE98CC,三塊厝段,.00,都市：商
RPSNMLOJIIOFFFE48CC,安東段,280.16,都市：工
RPSNMLOJIIOFFFE48CC,安東段,652.32,都市：農
RPSNMLOJIIOFFJE88CC,中路段,3115.00,非都市：特定農業區 ; 非都市編定：農牧用地
RPROMLPJIIOFFEE48CC,和平東段,.00,都市：住
RPVOMLPJIIOFFEE88CC,福山段,8.41,都市：住
RPRNMLPJIIOFFBE08CC,過田子段,.00,都市：商
RPVNMLRJIIOFFBE68CC,苓洲段,4.25,都市：商
RPVOMLPJIIOFFDE78CC,大港段,.00,都市：住
RPTNMLRJIIOFFBE48CC,苓洲段,5.30,都市：商
RPPOMLRJIIOFFBE18CC,成功段,8.37,都市：商
RPXNMLRJIIOFFBE88CC,林德官段,5.68,都市：商
RPRPMLRJIIOFFAE38CC,龍華段三小段,65.00,都市：農
RPRPMLRJIIOFFBE48CC,新興段二小段,.00,都市：商
RPTNMLPJIIOFFLE66CC,六合段,.00,都市：住
RPOOMLRJIIOFFEE38CC,福民段,9.50,都市：住
RPQPMLRJIIOFFAE28CC,龍中段,.00,都市：商
RPQPMLRJIIOFFAE28CC,龍中段,.00,都市：商
RPQPMLRJIIOFFAE28CC,龍中段,.00,都市：商
RPWPMLRJIIOFFDE56CC,覆鼎金段覆鼎金一小段,.00,都市：住
RPRNMLRJIIOFFGE78CC,竹子腳段,376.00,都市：住
RPPNMLRJIIOFFIE78CC,林邊段,396.69,都市：農
RPPPMLRJIIOFFAE18CC,龍華段一小段,22.33,都市：住
RPSPMLRJIIOFFAE48CC,興仁段,.00,都市：住
RPSPMLRJIIOFFAE48CC,興仁段,.00,都市：住
RPSPMLRJIIOFFAE48CC,興仁段,.00,都市：住
RPROMLRJIIOFFDE58CC,獅頭段,.00,都市：住
RPRNMLRJIIOFFCE38CC,憲德段二小段,17.07,都市：商
RPQOMLRJIIOFFEE58CC,新庄段八小段,11.72,都市：住
RPWQMLRJIIOFFEE76CC,菜公段六小段,37.36,都市：住
RPSNMLSJIIOFFCE58CC,獅甲段,9.07,都市：商
RPXQMLRJIIOFFEE86CC,楠梓段五小段,.00,都市：住
RPTNMLSJIIOFFCE68CC,獅甲段二小段,14.17,都市：商
RPQNMLRJIIOFFIE88CC,大腿段,1024.79,都市：工
RPSNMLSJIIOFFEE78CC,新庄段七小段,177.00,都市：住
RPTNMLSJIIOFFEE88CC,新庄段十三小段,.00,都市：商
RPQOMLSJIIOFFBE38CC,林德官段二小段,12.88,都市：商
RPPOMLSJIIOFFAE18CC,青海段,40.65,都市：商
RPPOMLSJIIOFFAE18CC,龍水段一小段,10.71,都市：商
RPXNMLSJIIOFFEE66CC,新庄段十三小段,23.92,都市：住
RPQNMLSJIIOFFAE18CC,青海段,11.70,都市：商
RPVNMLSJIIOFFEE09CC,新庄段十三小段,20.21,都市：住
RPWNMLRJIIOFFFE56CC,大公段,8.70,都市：住
RPWNMLRJIIOFFFE56CC,大公段,29.20,都市：住
RPPNMLTJIIOFFBE28CC,意誠段,16.78,都市：商
RPSOMLSJIIOFFCE68CC,仁愛段,42.89,都市：住
RPUNMLTJIIOFFBE78CC,五塊厝段,.00,都市：商
RPUNMLTJIIOFFAE68CC,龍華段八小段,.00,都市：商
RPWNMLTJIIOFFBE98CC,新興段二小段,.00,都市：商
RPOOMLTJIIOFFAE18CC,內惟段一小段,95.00,都市：住
RPUOMLTJIIOFFAE78CC,青海段,9.67,都市：商
RPWPMLTJIIOFFAE09CC,龍中段,13.70,都市：住
RPVOMLTJIIOFFAE88CC,前金段,11.67,都市：商
RPTPMLTJIIOFFAE78CC,青海段,26.82,都市：商
RPTOMLTJIIOFFAE68CC,青海段,.00,都市：商
RPQNMLTJIIOFFCE48CC,光華段,19.19,都市：住
RPPPMLTJIIOFFDE68CC,大港段七小段,39.38,都市：商
RPPPMLTJIIOFFDE68CC,大港段七小段,55.46,都市：商
RPPPMLTJIIOFFDE68CC,大港段七小段,3.69,都市：其他
RPPPMLTJIIOFFDE68CC,大港段七小段,5.23,都市：其他
RPQPMLTJIIOFFDE78CC,大港段七小段,.00,都市：商
RPQPMLTJIIOFFDE78CC,大港段七小段,.00,都市：商
RPQPMLTJIIOFFDE78CC,大港段七小段,.00,都市：其他
RPQPMLTJIIOFFDE78CC,大港段七小段,.00,都市：其他
RPUNMLTJIIOFFCE88CC,愛群段,9.71,都市：商
RPPOMLTJIIOFFFE78CC,後壁田段,9.97,都市：住
RPPOMLTJIIOFFFE78CC,後壁田段,142.52,都市：商
RPXNMLTJIIOFFGE96CC,文英段,.00,都市：住
RPROMLTJIIOFFGE09CC,福誠段,25.00,都市：住
RPOOMLTJIIOFFEE58CC,菜公段二小段,.00,都市：工
RPOOMLTJIIOFFIE98CC,北屋段,15.97,都市：住
RPPOMLTJIIOFFEE68CC,福山段,12.75,都市：商
RPTOMLTJIIOFFEE09CC,新庄段十二小段,33.31,都市：住
RPPNMLTJIIOFFIE98CC,永和段,165.28,都市：住
RPOOMLTJIIOFFLE66CC,水源段,17.68,都市：住
RPPNMLKKIIOFFGE97CC,鳳青段,109.06,都市：住
RPTNMLTJIIOFFEE98CC,新庄段七小段,147.00,都市：住
RPQNMLLKIIOFFEE97CC,福山段,13.34,都市：住
RPUNMLKKIIOFFEE28CC,新庄段六小段,.00,都市：住
RPUNMLTJIIOFFEE09CC,新民段,83.10,都市：住
RPSNMLKKIIOFFEE08CC,新民段,1522.06,都市：住
RPSNMLLKIIOFFDE08CC,建民段,5.55,都市：商
RPTNMLLKIIOFFEE28CC,新福段七小段,15.70,都市：住
RPSNMLLKIIOFFEE18CC,新福段四小段,13.61,都市：住
RPVNMLLKIIOFFDE38CC,中華段一小段,14.01,都市：商
RPPNMLLKIIOFFEE87CC,新華段,18.16,都市：住
RPXNMLLKIIOFFDE58CC,澄義段,67.78,都市：住
RPPNMLLKIIOFFAE47CC,內惟段五小段,80.67,都市：住
RPQNMLLKIIOFFAE57CC,龍中段,21.46,都市：商
RPRNMLLKIIOFFEE08CC,新庄段四小段,85.00,都市：住
RPRNMLLKIIOFFDE97CC,鼎中段,8.08,都市：商
RPTNMLLKIIOFFAE87CC,青海段,55.52,都市：住
RPTNMLLKIIOFFDE18CC,鼎泰段一小段,10.36,都市：住
RPUNMLLKIIOFFDE28CC,灣中段,11.18,都市：商
RPWNMLLKIIOFFDE48CC,大港段四小段,17.32,都市：商
RPUNMLLKIIOFFAE97CC,文東段,3.70,都市：商
RPRNMLLKIIOFFAE67CC,鹽中段,35.64,都市：商
RPRNMLLKIIOFFAE67CC,鹽中段,8.28,都市：商
RPRNMLLKIIOFFAE67CC,鹽中段,1.80,都市：商
RPSNMLOKIIOFFFE58CC,岡山段,36.63,都市：住
RPSOMLOKIIOFFGE78CC,五甲段,75.00,都市：住
RPRNMLLKIIOFFBE77CC,苓東段,16.00,都市：住
RPPNMLLKIIOFFGE08CC,五甲段,16.47,都市：住
RPQNMLLKIIOFFGE18CC,鳳甲段,35.11,都市：住
RPWNMLOKIIOFFIE66CC,北屋段,5.48,都市：住
RPWNMLOKIIOFFIE66CC,北屋段,17.67,都市：住
RPOPMLOKIIOFFGE48CC,新甲段,32.20,都市：住
RPROMLPKIIOFFAE18CC,龍水段一小段,34.48,都市：商
RPQNMLLKIIOFFCE77CC,憲德段二小段,18.56,都市：商
RPPNMLLKIIOFFCE67CC,憲德段二小段,17.69,都市：商
RPRNMLLKIIOFFCE87CC,愛群段,14.57,都市：商
RPSNMLPKIIOFFAE18CC,龍水段,2.53,都市：其他
RPSNMLPKIIOFFAE18CC,青海段,9.18,都市：其他
RPPOMLOKIIOFFAE87CC,文東段,55.00,都市：商
RPPOMLOKIIOFFAE87CC,文東段,18.00,都市：商
RPPOMLOKIIOFFAE87CC,文東段,6.00,都市：商
RPPOMLOKIIOFFAE87CC,文東段,4.00,都市：商
RPPOMLOKIIOFFAE87CC,文東段,40.00,都市：商
RPPOMLOKIIOFFAE87CC,文東段,55.00,都市：商
RPQOMLPKIIOFFDE38CC,灣興段,359.17,都市：工
RPXOMLPKIIOFFAE78CC,北金段,27.76,都市：商
RPPOMLPKIIOFFDE28CC,灣和段,18.83,都市：住
RPPPMLPKIIOFFDE38CC,大順段,.00,都市：住
RPQNMLPKIIOFFDE28CC,建豐段,204.00,都市：商
RPQNMLPKIIOFFDE28CC,建豐段,112.00,都市：商
RPQOMLPKIIOFFBE18CC,新興段四小段,.00,都市：商
RPROMLPKIIOFFDE48CC,鼎泰段一小段,230.35,都市：住
RPRNMLPKIIOFFEE48CC,加昌段,6.64,都市：商
RPWNMLPKIIOFFEE98CC,新福段六小段,15.77,都市：住
RPROMLPKIIOFFEE58CC,菜公段六小段,34.11,都市：住
RPSNMLPKIIOFFEE58CC,新民段,32.79,都市：住
RPPOMLPKIIOFFEE38CC,新福段六小段,15.77,都市：住
RPROMLOKIIOFFCE28CC,愛群段,11.62,都市：商
RPXNMLOKIIOFFCE78CC,獅甲段,1.13,都市：商
RPXNMLOKIIOFFCE78CC,獅甲段,3.56,都市：商
RPROMLPKIIOFFBE28CC,過田子段,.00,都市：商
RPVNMLPKIIOFFBE58CC,過田子段,.00,都市：商
RPXNMLPKIIOFFLE17CC,六合段,15.69,都市：住
RPOOMLPKIIOFFIE68CC,北屋段,255.31,都市：住
RPWNMLPKIIOFFGE56CC,文英段,30.56,都市：住
RPQNMLPKIIOFFIE78CC,大腿段,247.93,都市：農
RPPNMLPKIIOFFCE08CC,盛興段,12.09,都市：住
RPUPMLPKIIOFFEE98CC,新庄段六小段,.00,都市：住
RPUNMLPKIIOFFCE58CC,獅甲段,1.64,都市：商
RPUNMLPKIIOFFCE58CC,獅甲段,5.18,都市：商
RPSNMLPKIIOFFCE38CC,瑞隆段二小段,73.00,都市：住
RPRNMLQKIIOFFIE98CC,保甲段,198.34,都市：農
RPSNMLPKIIOFFIE98CC,林內段,76.00,都市：住
RPSNMLQKIIOFFCE48CC,愛群段,17.19,都市：商
RPSPMLQKIIOFFCE68CC,瑞隆段二小段,73.00,都市：住
RPTNMLQKIIOFFCE58CC,盛興段,12.09,都市：住
RPRNMLPKIIOFFIE88CC,豐禾段,198.34,都市：住
RPXOMLQKIIOFFEE66CC,新庄段十二小段,.00,都市：住
RPXOMLQKIIOFFEE66CC,新庄段十二小段,.00,都市：住
RPPOMLQKIIOFFBE18CC,大統段一小段,.00,非都市： ; 非都市編定：
RPVOMLRKIIOFFEE56CC,新庄段十三小段,.00,都市：商
RPVOMLRKIIOFFEE56CC,新庄段十三小段,.00,都市：商
RPQOMLRKIIOFFAE28CC,北金段,.00,都市：住
RPOOMLPKIIOFFCE08CC,瑞崗段一小段,120.00,都市：住
RPUOMLRKIIOFFCE88CC,朝興段,540.69,都市：其他
RPPOMLRKIIOFFCE38CC,瑞隆段三小段,43.56,都市：住
RPROMLRKIIOFFBE48CC,過田子段,.00,都市：商
RPWNMLQKIIOFFBE78CC,大統段一小段,.00,都市：商
RPQOMLSKIIOFFCE58CC,憲德段一小段,69.00,都市：住
RPXNMLRKIIOFFBE98CC,苓中段,133.00,都市：商
RPSOMLRKIIOFFAE48CC,北金段,.00,都市：住
RPWNMLRKIIOFFFE66CC,大仁段,149.00,都市：住
RPROMLSKIIOFFCE68CC,獅甲段,6.94,都市：商
RPROMLSKIIOFFCE68CC,獅甲段,6.39,都市：商
RPVNMLRKIIOFFGE66CC,埤頂段,.00,都市：住
RPSOMLSKIIOFFCE78CC,獅甲段,7.45,都市：住
RPTOMLSKIIOFFCE88CC,盛興段,12.20,都市：住
RPRNMLSKIIOFFGE98CC,新甲段,.00,都市：住
RPSNMLSKIIOFFLE96CC,磚子段,429.75,都市：農
RPOOMLSKIIOFFIE98CC,大腿段,936.00,都市：農
RPPOMLSKIIOFFLE76CC,開封段,22.02,都市：住
RPXNMLSKIIOFFIE17CC,慈惠段,124.68,都市：住
RPVNMLSKIIOFFEE56CC,新福段七小段,15.20,都市：住
RPXNMLSKIIOFFEE76CC,福山段,8.67,都市：商
RPRNMLSKIIOFFDE68CC,澄東段,39.73,都市：住
RPQOMLSKIIOFFLE86CC,赤崁段潮州寮小段,1360.00,都市：農
RPXNMLSKIIOFFDE66CC,金獅段,161.98,都市：住
RPQOMLSKIIOFFIE56CC,慈惠段,.00,非都市： ; 非都市編定：
RPQNMLSKIIOFFGE88CC,大貝湖段,71.31,都市：住
RPWNMLSKIIOFFGE96DC,新庄子段,72.00,都市：住
RPRQMLSKIIOFFEE09CC,福民段,.00,都市：住
RPUOMLSKIIOFFEE56CC,加昌段,.00,都市：住
RPRNMLSKIIOFFAE38CC,龍華段八小段,10.69,都市：商
RPSNMLSKIIOFFAE48CC,龍中段,14.85,都市：商
RPQOMLSKIIOFFAE38CC,前金段,5.32,都市：商
RPSOMLSKIIOFFAE58CC,青海段,48.33,都市：住
RPWNMLSKIIOFFBE98CC,意誠段,.00,都市：商
RPQNMLSKIIOFFAE28CC,前金段,58.74,都市：商
RPQNMLSKIIOFFAE28CC,前金段,42.89,都市：商
RPXNMLSKIIOFFBE09CC,意誠段,.00,都市：商
RPTOMLSKIIOFFAE68CC,龍華段一小段,59.10,都市：住
RPPOMLSKIIOFFBE38CC,意誠段,.00,都市：商
RPTPMLSKIIOFFDE09CC,獅頭段一小段,33.70,都市：商
RPVNMLSKIIOFFBE88CC,衛武段,32.35,都市：住
RPVNMLSKIIOFFBE88CC,衛武段,.03,都市：住
RPPNMLTKIIOFFGE88CC,南華段,102.46,都市：住
RPPNMLTKIIOFFGE88CC,南華段,.36,都市：住
RPQOMLSKIIOFFBE48CC,意誠段,.00,都市：商
RPVNMLTKIIOFFGE86CC,鳳甲段,4179.94,都市：住
RPRNMLKLIIOFFAE67CC,內惟段三小段,69.00,都市：住
RPRNMLKLIIOFFEE08CC,新庄段八小段,15.87,都市：住
RPPNMLLLIIOFFDE87CC,獅頭段一小段,.00,都市：商
RPPPMLLLIIOFFDE08CC,大豐段三小段,64.00,都市：住
RPPNMLLLIIOFFAE57CC,龍華段七小段,22.04,都市：住
RPSPMLLLIIOFFEE48CC,新庄段四小段,.00,都市：住
RPUNMLLLIIOFFBE18CC,林德官段一小段,.00,都市：住
RPQOMLLLIIOFFDE08CC,澄清段二小段,53.72,都市：住
RPSOMLLLIIOFFBE08CC,新興段三小段,4.40,都市：商
RPVNMLLLIIOFFGE78CC,新庄子段,102.00,都市：住
RPPOMLLLIIOFFCE87CC,籬子內段籬子內小段,.00,都市：住
RPTOMLMLIIOFFFE68CC,興龍段,.00,非都市：特定農業區 ; 非都市編定：甲種建築用地
RPROMLMLIIOFFCE18CC,草衙段二小段,42.37,都市：商
RPVOMLMLIIOFFFE88CC,興龍段,.00,非都市：特定農業區 ; 非都市編定：甲種建築用地
RPQOMLMLIIOFFGE48CC,埤頂段,.00,都市：住
RPXOMLMLIIOFFFE09CC,興龍段,.00,非都市：特定農業區 ; 非都市編定：甲種建築用地
RPQPMLLLIIOFFDE18CC,中華段二小段,.00,都市：商
RPROMLLLIIOFFGE48CC,新甲段,.00,都市：住
RPXOMLMLIIOFFAE58CC,龍華段一小段,228.00,都市：住
RPUNMLMLIIOFFIE98CC,興農段,.00,都市：住
RPSNMLMLIIOFFAE97CC,民生段,.00,都市：商
RPQNMLMLIIOFFBE87CC,過田子段,.00,都市：商
RPROMLMLIIOFFFE48CC,興龍段,.00,非都市：特定農業區 ; 非都市編定：甲種建築用地
RPOOMLLLIIOFFFE08CC,仕豐段,69.00,都市：住
RPPQMLMLIIOFFDE28CC,三塊厝段五小段,.00,都市：住
RPVOMLMLIIOFFAE38CC,龍中段,12.08,都市：住
RPUOMLMLIIOFFGE88CC,保泰段,12.96,都市：商
RPRNMLMLIIOFFBE97CC,過田子段,.00,都市：商
RPVPMLNLIIOFFEE98CC,楠都段一小段,.00,都市：住
RPRPMLMLIIOFFEE48CC,新庄段三小段,1156.00,都市：工
RPWPMLMLIIOFFEE98CC,新庄段十三小段,3.28,都市：商
RPTPMLMLIIOFFEE68CC,新庄段十一小段,22.92,都市：住
RPPNMLMLIIOFFEE08CC,福民段,.00,都市：住
RPUPMLMLIIOFFEE78CC,加昌段二小段,.00,都市：商
RPWPMLNLIIOFFEE09CC,新庄段三小段,75.00,都市：住
RPPPMLNLIIOFFDE28CC,獅頭段一小段,.00,都市：住
RPXOMLNLIIOFFDE98CC,大順段,.00,都市：住
RPPOMLNLIIOFFDE18CC,中華段一小段,529.00,都市：工
RPPOMLNLIIOFFDE18CC,中華段一小段,159.00,都市：工
RPQOMLNLIIOFFBE08CC,意誠段,.00,都市：商
RPTNMLNLIIOFFBE28CC,新興段二小段,8.43,都市：商
RPXNMLNLIIOFFBE68CC,成功段,14.56,都市：商
RPPOMLNLIIOFFBE97CC,成功段,18.31,都市：商
RPQOMLNLIIOFFIE78CC,仁義段,330.57,非都市：山坡地保育區 ; 非都市編定：農牧用地
RPSOMLNLIIOFFBE28CC,新興段四小段,.00,都市：商
RPWOMLNLIIOFFBE68CC,林德官段二小段,.00,都市：住
RPUNMLNLIIOFFBE38CC,林德官段,3.46,都市：商
RPROMLNLIIOFFBE18CC,意誠段,.00,都市：商
RPWNMLNLIIOFFGE09CC,七老爺段,165.29,都市：農
RPXQMLMLIIOFFDE09CC,灣子內段寶珠溝小段,.00,都市：商
RPTNMLNLIIOFFGE78CC,明頂段,138.45,都市：商
RPOPMLNLIIOFFCE08CC,店鎮段一小段,.00,都市：商
RPQOMLNLIIOFFGE68DC,文山段,34.50,都市：住
RPVNMLOLIIOFFCE68CC,莊段,14.01,都市：商
RPQNMLNLIIOFFGE48CC,五甲段,794.00,都市：商
RPUNMLNLIIOFFAE38DC,文東段,69.00,都市：商
RPUNMLNLIIOFFAE38DC,文東段,55.00,都市：商
RPWOMLNLIIOFFCE78CC,愛群段,6.44,都市：商
RPUNMLOLIIOFFCE58CC,憲德段一小段,22.30,都市：商
RPROMLOLIIOFFCE38CC,獅甲段,2.27,都市：住
RPROMLOLIIOFFCE38CC,獅甲段,.72,都市：住
RPQOMLNLIIOFFCE18CC,愛群段,8.09,都市：住
RPWOMLOLIIOFFBE78CC,新興段二小段,6.00,都市：商
RPVOMLOLIIOFFBE68CC,苓東段,18.49,都市：住
RPVOMLOLIIOFFBE68CC,苓東段,1.80,都市：住
RPVOMLOLIIOFFBE68CC,苓東段,2.11,都市：住
RPQNMLOLIIOFFBE08CC,新興段三小段,17.09,都市：商
RPPNMLOLIIOFFBE97CC,過田子段,.00,都市：商
RPPNMLOLIIOFFBE97CC,過田子段,.00,都市：商
RPPNMLOLIIOFFBE97CC,過田子段,.00,都市：其他
RPPNMLOLIIOFFBE97CC,過田子段,.00,都市：其他
RPSOMLOLIIOFFBE38CC,苓洲段,5.36,都市：商
RPWOMLOLIIOFFFE56CC,興龍段,.00,非都市：特定農業區 ; 非都市編定：甲種建築用地
RPXOMLOLIIOFFFE66CC,興龍段,.00,非都市：特定農業區 ; 非都市編定：甲種建築用地
RPSNMLOLIIOFFAE18CC,龍中段,12.61,都市：商
RPUOMLOLIIOFFGE09CC,埤頂段,92.00,都市：住
RPTNMLOLIIOFFAE28CC,前金段,14.88,都市：商
RPTOMLOLIIOFFFE88CC,仕隆段一小段,96.68,都市：住
RPSOMLOLIIOFFAE28CC,博孝段,9.47,都市：住
RPWOMLOLIIOFFDE98CC,大港段,.00,都市：住
RPXNMLOLIIOFFDE98CC,大順段,5.02,都市：住
RPXNMLOLIIOFFDE98CC,大順段,4.57,都市：住
RPXNMLOLIIOFFDE98CC,大順段,2.28,都市：住
RPXNMLOLIIOFFDE98CC,大順段,8.37,都市：住
RPRPMLOLIIOFFDE58CC,大港段,.00,都市：商
RPQPMLOLIIOFFDE48CC,三塊厝段四小段,.00,都市：住
RPSNMLOLIIOFFDE48CC,鼎泰段,.00,都市：住
RPTNMLOLIIOFFDE58CC,鼎泰段,.00,都市：住
RPSPMLOLIIOFFDE68CC,灣復段,.00,都市：商
RPQOMLOLIIOFFDE38CC,獅頭段,10.79,都市：商
RPSPMLPLIIOFFEE88CC,新庄段一小段,70.00,都市：住
RPQPMLPLIIOFFEE68CC,福民段,.00,都市：住
RPTNMLPLIIOFFEE78CC,新庄段十三小段,.00,都市：商
RPROMLPLIIOFFDE58CC,鼎山段,240.56,都市：住
RPPQMLOLIIOFFDE48CC,三塊厝段,.00,都市：住
RPTNMLOLIIOFFEE68CC,新庄段八小段,33.22,都市：住
RPWOMLOLIIOFFEE09CC,福山段,7.37,都市：商
RPQOMLOLIIOFFEE48CC,新福段九小段,9.24,都市：商
RPSOMLOLIIOFFEE68CC,新庄段十三小段,16.00,都市：商
RPPOMLPLIIOFFBE18CC,林德官段,.00,都市：商
RPVNMLOLIIOFFEE88CC,福山段,.00,都市：住
RPVQMLPLIIOFFGE86CC,大貝湖段,216.74,都市：住
RPXNMLPLIIOFFFE66CC,烏樹林段,72.00,非都市： ; 非都市編定：
RPRNMLQLIIOFFAE28CC,龍華段一小段,301.00,都市：住
RPQOMLPLIIOFFLE66CC,大寮段芎蕉腳小段,326.00,都市：農
RPPNMLQLIIOFFBE18CC,意誠段,.00,都市：商
RPQNMLQLIIOFFDE48CC,獅頭段,29.39,都市：商
RPUNMLQLIIOFFDE88CC,獅頭段,12.05,都市：商
RPPNMLPLIIOFFFE48CC,後壁田段,43.46,都市：住
RPXNMLSLIIOFFDE76CC,大港段七小段,.00,都市：商
RPPNMLPLIIOFFAE97CC,龍中段,.00,都市：商
RPUOMLSLIIOFFDE56CC,大順段,.00,都市：住
RPOOMLSLIIOFFEE68CC,新庄段八小段,97.00,都市：住
RPVPMLSLIIOFFEE86CC,新福段七小段,69.12,都市：住
RPWPMLSLIIOFFEE96CC,新福段七小段,.00,都市：住
RPXNMLSLIIOFFAE09CC,青海段,14.38,都市：住
RPQNMLSLIIOFFDE68CC,三塊厝段一小段,.00,都市：商
RPTOMLSLIIOFFBE88CC,新興段四小段,10.43,都市：商
RPVNMLSLIIOFFCE09CC,愛群段,.00,都市：商
RPVNMLPLIIOFFFE09CC,岡山段,35.55,都市：住
RPUNMLSLIIOFFIE96CC,仁義段,1725.00,非都市：山坡地保育區 ; 非都市編定：農牧用地
RPSNMLSLIIOFFAE58CC,龍華段八小段,18.08,都市：商
RPRNMLSLIIOFFAE48CC,龍中段,7.01,都市：商
RPWOMLSLIIOFFFE96CC,興龍段,.00,非都市：特定農業區 ; 非都市編定：甲種建築用地
RPPPMLSLIIOFFGE09CC,埤頂段,.00,都市：住
RPRQMLSLIIOFFGE76CC,牛潮埔段,26.00,都市：工
RPRQMLSLIIOFFGE76CC,牛潮埔段,898.00,都市：工
RPOOMLSLIIOFFGE88CC,文英段,7.58,都市：住
RPXOMLSLIIOFFFE07CC,頂蚵子寮段,81.00,都市：商
RPXPMLSLIIOFFEE07CC,新庄段八小段,33.34,都市：住
RPWOMLTLIIOFFGE17CC,牛潮埔段,.00,都市：住
RPUNMLSLIIOFFLE27CC,內坑段,.00,都市：住
RPUNMLSLIIOFFLE27CC,內坑段,.00,都市：住
RPVNMLSLIIOFFIE07CC,興農段,.00,都市：住
RPPNMLTLIIOFFCE58CC,愛群段,.00,都市：商
RPQNMLTLIIOFFFE98CC,仕興段,75.00,都市：住
RPVOMLTLIIOFFFE96CC,興龍段,.00,非都市：特定農業區 ; 非都市編定：甲種建築用地
RPQOMLTLIIOFFBE68CC,五權段,.00,都市：住
RPPOMLTLIIOFFBE58CC,新興段一小段,6.97,都市：商
RPQNMLTLIIOFFBE58CC,苓洲段,59.00,都市：商
RPOOMLTLIIOFFBE48CC,過田子段,59.00,都市：商
RPTNMLSLIIOFFEE56DC,福山段,197.70,都市：商
RPRPMLTLIIOFFBE88CC,新興段三小段,4.40,都市：商
RPVOMLTLIIOFFBE56CC,大統段二小段,11.43,都市：商
RPQOMLTLIIOFFAE58CC,龍中段,19.47,都市：商
RPTNMLTLIIOFFEE56CC,果貿段,24.20,都市：住
RPWNMLTLIIOFFEE86CC,後勁段四小段,.00,非都市： ; 非都市編定：
RPROMLTLIIOFFEE09CC,藍昌段三小段,10.58,都市：商
RPSOMLTLIIOFFEE56CC,新福段四小段,13.61,都市：住
RPTPMLTLIIOFFBE09CC,大統段一小段,11.73,都市：商
RPSPMLTLIIOFFBE98CC,新興段三小段,4.40,都市：商
RPTOMLTLIIOFFEE66CC,新庄段十三小段,6.24,都市：商
RPVOMLTLIIOFFEE86CC,左東段,11.02,都市：住
RPWOMLTLIIOFFEE96CC,新華段,13.77,都市：住
RPROMLTLIIOFFDE98CC,鼎泰段,61.88,都市：住
RPUOMLTLIIOFFDE66CC,澄東段,24.16,都市：住
RPXOMLTLIIOFFEE07CC,新庄段十三小段,9.77,都市：商
RPOOMLTLIIOFFAE38CC,內惟段一小段,.00,都市：住
RPXNMLKMIIOFFDE68CC,獅頭段一小段,.00,都市：商
RPWOMLTLIIOFFAE56CC,前金段,.00,都市：住
RPOOMLKMIIOFFDE87CC,中都段三小段,.00,都市：住
RPXOMLTLIIOFFDE96CC,大順段,.00,都市：住
RPTNMLKMIIOFFEE38CC,新庄段十三小段,56.82,都市：商
RPTNMLKMIIOFFEE38CC,新庄段十三小段,23.51,都市：商
RPROMLKMIIOFFEE28CC,新福段七小段,11.08,都市：住
RPTOMLKMIIOFFEE48CC,左東段,41.60,都市：商
RPTOMLKMIIOFFEE48CC,左東段,9.20,都市：商
RPWOMLKMIIOFFEE78CC,新庄段十三小段,19.89,都市：商
RPUNMLKMIIOFFAE08CC,文東段,.00,都市：商
RPSNMLKMIIOFFAE87CC,龍北段,19.34,都市：住
RPPOMLKMIIOFFBE77CC,新興段一小段,9.88,都市：商
RPQOMLKMIIOFFBE87CC,林德官段,15.66,都市：商
RPTOMLKMIIOFFCE28CC,憲德段二小段,24.39,都市：住
RPTNMLKMIIOFFCE18CC,盛興段,14.37,都市：住
RPRPMLKMIIOFFEE38CC,新庄段八小段,120.00,都市：住
RPQNMLKMIIOFFAE67CC,前金段,33.59,都市：商
RPQNMLKMIIOFFAE67CC,前金段,5.35,都市：商
RPOOMLKMIIOFFGE18CC,新甲段,65.00,都市：住
RPWNMLKMIIOFFIE09CC,美德段,26.44,都市：農
RPSNMLKMIIOFFGE48CC,四甲段,52.78,都市：住
RPSNMLKMIIOFFGE48CC,四甲段,12.16,都市：住
RPPNMLKMIIOFFGE18CC,新甲段,53.00,都市：住
RPVOMLKMIIOFFIE09CC,暘善段,147.20,都市：農
RPVOMLKMIIOFFIE09CC,暘善段,1679.72,都市：農
RPTNMLKMIIOFFLE09CC,磚子段,330.58,都市：農
RPUNMLKMIIOFFIE88CC,尖山腳段,2550.32,非都市：一般農業區 ; 非都市編定：農牧用地
RPUNMLKMIIOFFIE88CC,尖山腳段,1786.43,非都市：一般農業區 ; 非都市編定：農牧用地
RPUNMLKMIIOFFIE88CC,尖山腳段,4841.49,非都市：一般農業區 ; 非都市編定：農牧用地
RPWNMLKMIIOFFDE58CC,三塊厝段,.00,都市：住
RPTNMLLMIIOFFFE58CC,岡山段,60.87,都市：住
RPQOMLLMIIOFFBE97CC,正文段,39.28,都市：住
RPUNMLLMIIOFFCE38CC,憲德段一小段,.00,都市：商
RPTNMLLMIIOFFCE28CC,仁愛段,346.00,都市：住
RPVOMLLMIIOFFCE58CC,憲德段一小段,64.00,都市：住
RPXNMLKMIIOFFIE56CC,仁新段,165.28,都市：農
RPQNMLKMIIOFFIE48CC,埔段,1652.89,都市：農
RPQNMLLMIIOFFAE77CC,龍華段一小段,21.83,都市：住
RPVNMLLMIIOFFEE68CC,新庄段六小段,103.00,都市：住
RPRPMLLMIIOFFBE18CC,林德官段,.00,都市：商
RPOPMLLMIIOFFBE87CC,林德官段,.00,都市：商
RPWOMLLMIIOFFBE58CC,林德官段,.00,都市：商
RPUNMLLMIIOFFAE18CC,青海段,18.49,都市：住
RPRNMLLMIIOFFDE18CC,三塊厝段四小段,.00,都市：商
RPWNMLLMIIOFFGE98CC,新甲段,.00,非都市： ; 非都市編定：
RPTPMLLMIIOFFDE58CC,三塊厝段,37.23,都市：住
RPTPMLLMIIOFFDE58CC,三塊厝段,.25,都市：住
RPSNMLLJJIOFFAE77CC,前金段,.00,都市：商
RPOPMLLJJIOFFDE87CC,獅頭段,51.00,都市：商
RPPOMLLJJIOFFAE57CC,青海段,29.05,都市：住
RPUNMLLJJIOFFAE97CC,前金段,14.94,都市：商
RPSNMLLJJIOFFDE08CC,獅頭段,13.31,都市：商
RPTNMLLMIIOFFDE38CC,灣子內段寶珠溝小段,6.28,都市：商
RPSOMLLJJIOFFCE08CC,竹北段,.00,都市：住
RPPPMLLJJIOFFGE28CC,五甲段,.00,非都市： ; 非都市編定：
RPRNMLMJJIOFFAE77CC,興福段,13.21,都市：商
RPPNMLMJJIOFFCE77CC,鎮昌段一小段,17.74,都市：商
RPQNMLMJJIOFFAE67CC,龍華段九小段,24.18,都市：住
RPUNMLLJJIOFFFE58DC,大全段,98.00,都市：住
RPQOMLLJJIOFFLE78CC,赤崁段潮州寮三小段,.00,非都市： ; 非都市編定：
RPTNMLMJJIOFFEE38CC,新庄段七小段,14.53,都市：住
RPQNMLMJJIOFFBE77CC,成功段,11.03,都市：商
RPRSMLLJJIOFFEE58CC,新庄段十二小段,125.00,都市：住
RPRSMLLJJIOFFEE58CC,新庄段十二小段,125.00,都市：住
RPPOMLOJJIOFFEE28CC,新光段,480.29,都市：住
RPSNMLMJJIOFFEE28CC,新庄段八小段,33.34,都市：住
RPTNMLMJJIOFFBE08CC,意誠段,.00,都市：商
RPTOMLOJJIOFFBE38CC,新興段一小段,.00,都市：商
RPQPMLOJJIOFFDE38CC,大裕段一小段,679.00,都市：商
RPWNMLPJJIOFFLE07CC,赤崁段潮州寮小段,491.00,都市：工
RPOOMLOJJIOFFAE77CC,龍華段八小段,159.00,都市：商
RPQOMLPJJIOFFBE18CC,成功段,26.52,都市：商
RPOOMLPJJIOFFLE09DC,赤崁段潮州寮三小段,1563.00,都市：工
RPXOMLOJJIOFFDE98CC,覆鼎金段覆鼎金小段,88.00,都市：商
RPROMLPJJIOFFBE28CC,林德官段,87.00,都市：商
RPVNMLOJJIOFFLE86CC,翁公園段二小段,826.45,都市：農
RPWNMLOJJIOFFCE68CC,新生段,19.84,都市：工
RPWNMLOJJIOFFCE68CC,新生段,12.78,都市：工
RPWNMLOJJIOFFCE68CC,新生段,.09,都市：其他
RPPOMLPJJIOFFDE28CC,大港段二小段,.00,都市：住
RPWNMLPJJIOFFGE56CC,鳳山段火房口小段,105.00,都市：商
RPQOMLPJJIOFFDE38CC,獅頭段一小段,.00,都市：商
RPTPMLPJJIOFFEE88CC,新庄段十二小段,.00,都市：住
RPOOMLQJJIOFFEE38CC,楠都段四小段,10.70,都市：住
RPUOMLPJJIOFFEE88CC,福民段,21.72,都市：住
RPTOMLQJJIOFFEE88CC,福山段,32.02,都市：商
RPRNMLQJJIOFFBE28CC,過田子段,.00,都市：商
RPUPMLPJJIOFFEE98CC,新庄段一小段,80.00,都市：住
RPRNMLQJJIOFFEE58CC,新庄段十二小段,.00,都市：商
RPSNMLOJJIOFFCE28CC,桂林段,17.12,都市：住
RPQNMLQJJIOFFBE18CC,過田子段,.00,都市：商
RPRNMLQJJIOFFDE48CC,建德段,.00,都市：商
RPWNMLQJJIOFFAE68CC,龍華段二小段,31.11,都市：商
RPUOMLQJJIOFFGE56CC,竹子腳段,.00,都市：住
RPOOMLQJJIOFFBE08CC,意誠段,4.02,都市：商
RPSOMLQJJIOFFGE98CC,文英段,14.99,都市：住
RPUNMLQJJIOFFFE98CC,後壁田段,984.26,都市：住
RPPOMLQJJIOFFLE56CC,赤崁段潮州寮三小段,1563.00,都市：工
RPVNMLRJJIOFFFE56CC,石螺潭段,6041.00,非都市：特定農業區 ; 非都市編定：農牧用地
RPTNMLQJJIOFFAE38CC,民生段,68.00,都市：商
RPXNMLQJJIOFFFE66CC,大全段,71.00,都市：商
RPUNMLRJJIOFFLE07CC,翁公園段二小段,396.69,都市：農
RPPOMLRJJIOFFIE98CC,大華段,.00,都市：住
RPPOMLRJJIOFFIE98CC,大華段,.00,都市：住
RPQNMLRJJIOFFAE18CC,龍中段,13.76,都市：商
RPWNMLQJJIOFFLE17CC,赤崁段潮州寮小段,897.00,都市：農
RPPNMLRJJIOFFAE08CC,北金段,3.96,都市：商
RPQNMLQJJIOFFLE56CC,山子頂段,56.00,都市：住
RPWNMLSJJIOFFEE66CC,新庄段十三小段,9.63,都市：商
RPROMLQJJIOFFFE78CC,岡山段,96.96,都市：住
RPQOMLSJJIOFFEE78CC,新庄段十三小段,6.24,都市：商
RPROMLSJJIOFFDE78CC,三塊厝段三小段,31.37,都市：住
RPXOMLRJJIOFFBE09CC,大統段二小段,123.00,都市：商
RPPPMLRJJIOFFDE58CC,大港段七小段,179.00,都市：商
RPWOMLRJJIOFFBE98CC,新興段一小段,74.00,都市：商
RPPNMLSJJIOFFBE28CC,大統段一小段,59.00,都市：商
RPXNMLRJJIOFFDE56CC,大港段四小段,60.00,都市：住
RPVNMLSJJIOFFDE09CC,鼎泰段,18.11,都市：住
RPXNMLSJJIOFFIE17CC,保社段,654.99,都市：住
RPTOMLSJJIOFFAE68CC,龍華段八小段,7.93,都市：商
RPROMLSJJIOFFAE48CC,青海段,25.36,都市：住
RPVOMLSJJIOFFIE07CC,大丘園段,165.28,非都市：一般農業區 ; 非都市編定：農牧用地
RPUOMLSJJIOFFAE78CC,龍中段,9.54,都市：住
RPPOMLSJJIOFFIE09CC,圳觀段,429.75,都市：農
RPVNMLSJJIOFFIE96CC,大腿段,1000.00,都市：農
RPVNMLSJJIOFFIE96CC,大腿段,742.15,都市：農
RPVNMLSJJIOFFGE76CC,赤山段,91.00,都市：住
RPVNMLSJJIOFFGE76CC,赤山段,90.00,都市：住
RPOOMLSJJIOFFIE98CC,林內段,586.44,都市：住
RPXOMLSJJIOFFIE27CC,興農段,73.00,都市：住
RPXOMLSJJIOFFIE27CC,興農段,69.00,都市：住
RPXOMLSJJIOFFIE27CC,興農段,104.00,都市：住
RPXNMLSJJIOFFGE96CC,五甲段,26.51,都市：住
RPSNMLSJJIOFFJE76CC,三爺埤段,991.73,非都市：一般農業區 ; 非都市編定：農牧用地
RPRNMLSJJIOFFFE88CC,北角宿段,396.69,非都市：特定農業區 ; 非都市編定：農牧用地
RPSNMLSJJIOFFBE58CC,大統段二小段,12.53,都市：商
RPVNMLSJJIOFFBE88CC,正明段,238.03,都市：商
RPQOMLSJJIOFFBE48CC,五塊厝段,13.83,都市：商
RPWNMLSJJIOFFFE76CC,後壁田段,16.26,都市：商
RPTNMLSJJIOFFFE09CC,新興段,549.26,都市：農
RPTNMLSJJIOFFFE09CC,新興段,508.59,都市：農
RPPOMLSJJIOFFCE48CC,愛群段,4.52,都市：商
RPQNMLTJJIOFFLE86CC,赤崁段潮州寮三小段,812.00,都市：工
RPPNMLTJJIOFFEE68CC,新庄段十三小段,8.24,都市：商
RPPNMLTJJIOFFIE09CC,林內段,1132.00,都市：住
