﻿編號,土地區段位置,土地移轉面積平方公尺,使用分區或編定
The serial number,land sector position,land shifting area square meter,the use zoning or compiles and checks
RPVOMLKLQHOFFAI09CA,湖子內段興安小段,468.37,都市：住
RPVNMLNKQHOFFAI56CA,湖子內段湖美小段,198.35,都市：商
RPPNMLQKQHOFFAI88CA,埤子頭段,39.00,都市：住
RPQOMLMKQHOFFAI88EA,白川段,4.00,都市：住
RPQOMLMKQHOFFAI88EA,玉川段,77.00,都市：住
RPPOMLMKQHOFFAI78EA,白川段,60.00,都市：住
RPPOMLMKQHOFFAI78EA,玉川段,23.00,都市：住
RPXOMLKLQHOFFAI66CA,育人段,51.35,都市：住
RPRNMLSKQHOFFAI66CA,湖子內段湖美小段,480.00,都市：其他
RPRNMLSKQHOFFAI66CA,湖子內段湖美小段,480.00,都市：其他
RPRNMLSKQHOFFAI66CA,湖子內段湖美小段,480.01,都市：其他
RPSPMLNLQHOFFAI56CA,湖子內段興安小段,67.65,都市：住
RPSPMLNLQHOFFAI56CA,湖子內段興安小段,116.76,都市：住
RPOOMLPJRHOFFAI78CA,車店段車店小段,6.85,都市：住
RPOPMLNLQHOFFAI78CA,埤子頭段,25.18,都市：住
RPPOMLRLQHOFFAI76EA,湖子內段新民小段,1043.68,都市：其他
RPWNMLNKQHOFFAI66CA,下路頭段,93.00,都市：住
RPWNMLNKQHOFFAI66CA,下路頭段,10.83,都市：住
RPWNMLNKQHOFFAI66CA,下路頭段,16.50,都市：住
RPWOMLRLQHOFFAI27CA,盧厝段,37.90,都市：住
RPWOMLRLQHOFFAI27CA,盧厝段,102.00,都市：住
RPRPMLNLQHOFFAI09CA,長竹段,28.60,都市：住
RPPNMLNKQHOFFAI58CA,台斗坑段,17.16,都市：住
RPPNMLLLQHOFFAI48CA,下路頭段,98.00,都市：住
RPPOMLPJRHOFFAI88CA,車店段車店小段,6.34,都市：住
RPROMLKKRHOFFAI68CA,竹圍子段,63.00,都市：商
RPROMLKKRHOFFAI68CA,竹圍子段,5.00,都市：商
RPPNMLTKQHOFFAI56CA,台斗坑段,7.60,都市：住
RPRNMLQKQHOFFAI09CA,新厝段,1.00,都市：住
RPRNMLQKQHOFFAI09CA,新厝段,17.00,都市：住
RPRNMLQKQHOFFAI09CA,新厝段,.33,都市：住
RPRNMLQKQHOFFAI09CA,新厝段,114.00,都市：住
RPRNMLQKQHOFFAI09CA,新厝段,.08,都市：住
RPRNMLQKQHOFFAI09CA,新厝段,.42,都市：住
RPRNMLQKQHOFFAI09CA,新厝段,43.00,都市：農
RPTNMLQKQHOFFAI66CA,港子坪段港坪小段,239.00,都市：住
RPUNMLQKQHOFFAI76CA,民族段四小段,60.00,都市：住
RPTPMLMLQHOFFAI56CA,東川段,120.00,都市：住
RPTPMLMLQHOFFAI56CA,東川段,74.00,都市：住
RPUOMLNKQHOFFAI56CA,榮段四小段,82.00,都市：商
RPUPMLSKQHOFFAI17CA,陳厝段,128.71,都市：住
RPUPMLSKQHOFFAI17CA,陳厝段,2.48,都市：住
RPUPMLSKQHOFFAI17CA,陳厝段,22.58,都市：住
RPUPMLSKQHOFFAI17CA,陳厝段,.50,都市：住
RPUPMLSKQHOFFAI17CA,陳厝段,3.58,都市：住
RPUPMLSKQHOFFAI17CA,陳厝段,.43,都市：住
RPQNMLNKQHOFFAI68CA,山下段,17.70,都市：住
RPSNMLNKQHOFFAI88CA,山下段,17.70,都市：住
RPTOMLNLQHOFFAI56CA,長竹段,213.00,都市：住
RPSNMLLLQHOFFAI78CA,興村段,28.00,都市：住
RPUOMLNLQHOFFAI66CA,湖子內段興安小段,1089.78,都市：住
RPUOMLNLQHOFFAI66CA,湖子內段興安小段,1652.89,都市：住
RPUOMLNLQHOFFAI66CA,湖子內段興安小段,1652.89,都市：住
RPOOMLMJRHOFFAI48CA,遠東段,20.53,都市：住
RPWNMLPKQHOFFAI86CA,北門段六小段,38.00,都市：商
RPTOMLQLQHOFFAI86CA,竹圍子段二小段,172.00,都市：住
RPVNMLMJRHOFFAI66EA,八掌段,29.78,都市：住
RPVNMLMJRHOFFAI66EA,八掌段,10.88,都市：住
RPVNMLMJRHOFFAI66EA,八掌段,.50,都市：住
RPVNMLMJRHOFFAI66EA,八掌段,104.97,都市：住
RPVNMLMJRHOFFAI66EA,八掌段,9.20,都市：農
RPSOMLKLQHOFFAI78CA,車店段車店小段,6.11,都市：住
RPUNMLKLQHOFFAI88CA,湖內段,13.45,都市：商
RPVNMLKLQHOFFAI98CA,盧厝段,6.52,都市：住
RPROMLTKQHOFFAI86CA,竹圍子段,22.44,都市：住
RPROMLTKQHOFFAI86CA,竹圍子段,84.00,都市：住
RPROMLQLQHOFFAI66CA,盧厝段,8.43,都市：住
RPPOMLOJRHOFFAI78CA,湖子內段湖美小段,388.39,都市：商
RPQOMLTKQHOFFAI96EA,育人段,277.27,都市：農
RPTNMLTKQHOFFAI17EA,榮段四小段,79.00,都市：商
RPQNMLQKQHOFFAI56EA,頂庄段,16.00,都市：住
RPQNMLQKQHOFFAI56EA,頂庄段,163.00,都市：住
RPQNMLQKQHOFFAI56EA,頂庄段,24.00,都市：住
RPPNMLKLQHOFFAI58EA,同興段,21.87,都市：住
RPQNMLLMQHOFFAI68CA,湖子內段興安小段,191.92,都市：住
RPVNMLKKRHOFFAI98CA,湖子內段湖美小段,111.55,都市：住
RPQNMLOJRHOFFAI78CA,湖子內段興安小段,410.03,都市：住
RPQOMLPJRHOFFAI98CA,台斗坑段,29.27,都市：住
RPQOMLPJRHOFFAI98CA,台斗坑段,103.00,都市：住
RPQOMLPJRHOFFAI98CA,台斗坑段,.45,都市：住
RPVNMLLKRHOFFAI09CA,劉厝段玉山小段,85.20,都市：住
RPRNMLLLQHOFFAI68CA,西門段五小段,6.33,都市：商
RPPOMLTJRHOFFAI66CA,台斗坑段,39.00,都市：住
RPXNMLTJRHOFFAI37CA,下路頭段,18.93,都市：住
RPXNMLTJRHOFFAI37CA,下路頭段,3.17,都市：住
RPXNMLTLQHOFFAI47CA,盧厝段,37.90,都市：住
RPXNMLTLQHOFFAI47CA,盧厝段,102.00,都市：住
RPTNMLKMQHOFFAI88CA,榮段四小段,193.00,都市：商
RPXPMLSKQHOFFAI47CA,湖子內段新民小段,604.92,都市：其他
RPRNMLMKRHOFFAI78CA,短竹段,7.90,都市：商
RPTNMLLLQHOFFAI88CA,竹圍子段,12.79,都市：住
RPQOMLKLQHOFFAI58CA,劉厝段,30.00,都市：住
RPUOMLKLQHOFFAI98CA,下路頭段,7.61,都市：住
RPSOMLNLQHOFFAI09CA,北社尾段,12.36,都市：住
RPROMLKLQHOFFAI68CA,埤子頭段新厝小段,21.53,都市：住
RPXNMLKLQHOFFAI56CA,港子坪段港坪小段,24.63,都市：住
RPPPMLKLQHOFFAI58CA,下路頭段,7.61,都市：住
RPVNMLLLQHOFFAI09CA,同興段,52.00,都市：住
RPRNMLLMQHOFFAI78CA,仁義段,632.89,都市：其他
RPQNMLNJRHOFFAI68CA,竹圍子段一小段,17.56,都市：住
RPPNMLLJRHOFFAI38CA,興村段,1.92,都市：住
RPPNMLLJRHOFFAI38CA,興村段,11.59,都市：住
RPTNMLQKRHOFFAI76CA,盧厝段,43.33,都市：住
RPROMLTLQHOFFAI96CA,車店段,11.36,都市：住
RPSNMLRLQHOFFAI76CA,陳厝段,226.22,都市：住
RPQOMLTJRHOFFAI76CA,盧厝段,43.27,都市：住
RPQOMLTJRHOFFAI76CA,長竹段,.48,都市：住
RPRNMLMLQHOFFAI78CA,下路頭段,73.00,都市：住
RPXNMLRKRHOFFAI27CA,湖內段,165.00,都市：住
RPOOMLRKRHOFFAI09CA,湖內段,56.00,都市：住
RPOOMLTJRHOFFAI56CA,北門段四小段,136.00,都市：商
RPUNMLTLQHOFFAI17CA,台斗坑段,15.13,都市：住
RPUNMLTLQHOFFAI17CA,台斗坑段,.01,都市：住
RPQOMLOJRHOFFAI88CA,東川段,116.00,都市：住
RPQOMLOJRHOFFAI88CA,東川段,1.00,都市：住
RPTNMLRLQHOFFAI86CA,湖子內段新民小段,96.54,都市：商
RPPOMLSKRHOFFAI66CA,竹圍子段二小段,9.96,都市：住
RPXNMLLLQHOFFAI66CA,埤子頭段,24.06,都市：住
RPXNMLLLQHOFFAI66CA,埤子頭段,5.51,都市：住
RPXNMLOJRHOFFAI86CA,遠東段,14.93,都市：住
RPWNMLMJRHOFFAI56CA,後庄段,1019.00,都市：農
RPWNMLMJRHOFFAI56CA,後庄段,176.43,都市：農
RPVOMLKMQHOFFAI56CA,盧厝段,13.58,都市：住
RPWOMLKMQHOFFAI66CA,盧厝段,5.97,都市：住
RPSOMLKMQHOFFAI88CA,竹圍子段,22.29,都市：住
RPPNMLMLQHOFFAI58CA,湖子內段興安小段,100.04,都市：住
RPTNMLMLQHOFFAI56EA,劉厝段,39.50,都市：住
RPTNMLMJRHOFFAI88CA,短竹段,30.84,都市：住
RPXNMLMJRHOFFAI66CA,下路頭段,87.00,都市：住
RPROMLMLQHOFFAI88CA,盧厝段,49.42,都市：住
RPPOMLMLQHOFFAI68CA,盧厝段,41.69,都市：住
RPQOMLMLQHOFFAI78CA,盧厝段,41.69,都市：住
RPQNMLMLQHOFFAI88EA,中庄段,46.50,都市：住
RPVNMLQLQHOFFAI17EA,埤子頭段新厝小段,123.00,都市：住
RPQNMLQJRHOFFAI56EA,劉厝段玉山小段,149.65,都市：住
RPXNMLMLQHOFFAI96EA,後庄段,14.00,都市：農
RPRNMLNLQHOFFAI88CA,湖子內段興安小段,100.02,都市：住
RPWNMLQLQHOFFAI07CA,湖子內段新民小段,330.58,都市：商
RPWNMLTJRHOFFAI47EA,湖子內段湖美小段,2730.47,都市：其他
RPVNMLTJRHOFFAI37EA,湖子內段湖美小段,2436.39,都市：其他
RPVNMLQKRHOFFAI17EA,湖子內段新民小段,194.29,都市：其他
RPWNMLQKRHOFFAI27EA,湖子內段新民小段,325.66,都市：其他
RPOOMLMLQHOFFAI78EA,湖子內段湖美小段,366.65,都市：住
RPTOMLKMQHOFFAI98CA,竹圍子段三小段,130.00,都市：住
RPTOMLKMQHOFFAI98CA,竹圍子段三小段,140.00,都市：住
RPROMLPJRHOFFAI09CA,西門段五小段,19.69,都市：商
RPROMLPJRHOFFAI09CA,西門段五小段,8.12,都市：商
RPROMLNLQHOFFAI98CA,西門段四小段,6.79,都市：商
RPQNMLLJRHOFFAI48CA,短竹段,5.00,都市：住
RPQOMLQLQHOFFAI56CA,短竹段,11.50,都市：住
RPPNMLTLQHOFFAI66CA,太平段,314.00,都市：住
RPWNMLMKRHOFFAI66CA,劉厝段玉山小段,122.56,都市：住
RPSNMLTJRHOFFAI86CA,湖子內段興安小段,209.83,都市：住
RPRNMLKKRHOFFAI58CA,西門段八小段,8.49,都市：商
RPXNMLOKRHOFFAI96CA,湖子內段興安小段,101.99,都市：住
RPPPMLNLQHOFFAI88CA,短竹段,24.49,都市：其他
RPPPMLNLQHOFFAI88CA,短竹段,.22,都市：其他
RPTPMLNLQHOFFAI66CA,短竹段,24.49,都市：其他
RPTPMLNLQHOFFAI66CA,短竹段,.22,都市：其他
RPOQMLNLQHOFFAI88CA,短竹段,2.44,都市：其他
RPOQMLNLQHOFFAI88CA,短竹段,105.33,都市：其他
RPVPMLNLQHOFFAI86CA,短竹段,24.49,都市：其他
RPVPMLNLQHOFFAI86CA,短竹段,.22,都市：其他
RPQPMLNLQHOFFAI98CA,短竹段,.49,都市：其他
RPQPMLNLQHOFFAI98CA,短竹段,21.07,都市：其他
RPWPMLNLQHOFFAI96CA,短竹段,21.07,都市：其他
RPWPMLNLQHOFFAI96CA,短竹段,.49,都市：其他
RPQNMLTJRHOFFAI66CA,彌陀段日新小段,124.52,都市：商
RPUPMLNLQHOFFAI76CA,短竹段,21.07,都市：其他
RPUPMLNLQHOFFAI76CA,短竹段,.49,都市：其他
RPXPMLNLQHOFFAI07CA,短竹段,122.44,都市：其他
RPXPMLNLQHOFFAI07CA,短竹段,1.11,都市：其他
RPVNMLOJRHOFFAI86EA,埤子頭段,.11,都市：其他
RPPNMLRLQHOFFAI09CA,埤子頭段,82.00,都市：住
RPXNMLQLQHOFFAI17CA,湖子內段湖美小段,578.04,都市：住
RPVNMLNLQHOFFAI86EA,劉厝段玉山小段,131.55,都市：住
RPRNMLTLQHOFFAI07EA,下路頭段,53.00,都市：住
RPWNMLNLQHOFFAI76CA,竹圍子段,49.00,都市：住
RPOOMLQLQHOFFAI98CA,湖子內段新民小段,542.78,都市：住
RPQOMLRLQHOFFAI66CA,竹圍子段,19.93,都市：住
RPSNMLNLQHOFFAI98CA,短竹段,21.07,都市：其他
RPSNMLNLQHOFFAI98CA,短竹段,.49,都市：其他
RPWNMLRLQHOFFAI37EA,中庄段,96.00,都市：住
RPOOMLNLQHOFFAI68CA,短竹段,21.07,都市：其他
RPOOMLNLQHOFFAI68CA,短竹段,.49,都市：其他
RPTNMLNLQHOFFAI09CA,短竹段,24.49,都市：其他
RPTNMLNLQHOFFAI09CA,短竹段,.22,都市：其他
RPQOMLNLQHOFFAI88CA,短竹段,24.49,都市：其他
RPQOMLNLQHOFFAI88CA,短竹段,.22,都市：其他
RPPNMLOLQHOFFAI78CA,民族段四小段,6.29,都市：住
RPTNMLOLQHOFFAI56CA,劉厝段,233.50,都市：住
RPRNMLOLQHOFFAI98CA,劉厝段,467.00,都市：住
RPQNMLOLQHOFFAI88CA,劉厝段,233.50,都市：住
RPSNMLOLQHOFFAI09CA,劉厝段,467.00,都市：住
RPVNMLQJRHOFFAI86CA,埤子頭段,5.10,都市：住
RPSOMLRLQHOFFAI86CA,湖子內段湖美小段,108.86,都市：住
RPUOMLRLQHOFFAI07CA,湖子內段湖美小段,109.06,都市：住
RPXOMLMKRHOFFAI86CA,竹圍子段三小段,15.00,都市：住
RPTNMLTJRHOFFAI96CA,短竹段,3.39,都市：住
RPPOMLRKRHOFFAI56CA,白川段,35.62,都市：住
RPTOMLRLQHOFFAI96CA,新富段四小段,2.18,都市：商
RPOPMLMKRHOFFAI68CA,車店段車店小段,13.40,都市：住
RPUNMLKKRHOFFAI88CA,盧厝段,73.00,都市：農
RPWNMLSKRHOFFAI27CA,港子坪段港坪小段,21.42,都市：住
RPROMLKMQHOFFAI78CA,興村段,33.36,都市：住
RPPNMLOJRHOFFAI68CA,港子坪段港坪小段,130.00,都市：住
RPXNMLPJRHOFFAI96CA,盧厝段,49.42,都市：住
RPQOMLTLQHOFFAI86CA,盧厝段,120.00,都市：住
RPQOMLTLQHOFFAI86CA,盧厝段,37.90,都市：住
RPQOMLMJRHOFFAI68CA,北園段,57.00,都市：住
RPWNMLLKRHOFFAI56CA,台斗坑段,29.27,都市：住
RPQOMLMJRHOFFAI68CA,北園段,2.25,都市：住
RPQOMLMJRHOFFAI68CA,北園段,1.92,都市：住
RPWNMLLKRHOFFAI56CA,台斗坑段,104.00,都市：住
RPQOMLMJRHOFFAI68CA,北園段,26.50,都市：住
RPWNMLLKRHOFFAI56CA,台斗坑段,.45,都市：住
RPSNMLRJRHOFFAI66CA,盧厝段,89.00,都市：住
RPVNMLRJRHOFFAI96CA,興村段,17.80,都市：商
RPPOMLQLQHOFFAI09CA,湖子內段興安小段,1245.03,都市：住
RPQNMLRLQHOFFAI76EA,民族段二小段,190.00,都市：住
RPWOMLSKRHOFFAI37CA,北社尾段保安小段,103.00,都市：住
RPRNMLRKRHOFFAI66CA,遠東段,87.00,都市：住
RPQNMLTLQHOFFAI96EA,八掌段,521.04,都市：農
RPROMLRLQHOFFAI76CA,車店段,4.43,都市：住
RPROMLRLQHOFFAI76CA,車店段,1.57,都市：住
RPWNMLTLQHOFFAI37CA,湖子內段湖美小段,9982.05,都市：其他
RPRNMLRLQHOFFAI86EA,車店段車店小段,179.20,都市：住
RPPNMLMJRHOFFAI48CA,遠東段,17.20,都市：住
RPVNMLKMQHOFFAI09CA,新厝段,17.00,都市：住
RPVNMLKMQHOFFAI09CA,新厝段,.33,都市：住
RPVNMLKMQHOFFAI09CA,新厝段,.08,都市：住
RPVNMLKMQHOFFAI09CA,新厝段,115.00,都市：住
RPVNMLKMQHOFFAI09CA,新厝段,.42,都市：住
RPVNMLKMQHOFFAI09CA,新厝段,86.00,都市：農
RPRNMLLJRHOFFAI58CA,湖內段,14.57,都市：住
RPRNMLLJRHOFFAI58CA,湖內段,18.42,都市：住
RPSNMLKMQHOFFAI78CA,北園段,72.00,都市：住
RPRQMLSLQHOFFAI07CA,下路頭段,674.92,都市：農
RPRQMLSLQHOFFAI07CA,下路頭段,369.58,都市：農
RPRQMLSLQHOFFAI07CA,下路頭段,2.50,都市：農
RPRQMLSLQHOFFAI07CA,下路頭段,1.50,都市：農
RPSNMLLJRHOFFAI68CA,車店段車店小段,4.76,都市：住
RPQNMLSLQHOFFAI66CA,山下段,20.58,都市：住
RPTNMLKKRHOFFAI78CA,盧厝段,16.12,都市：住
RPPOMLKMQHOFFAI78EA,八掌段,266.80,都市：農
RPPOMLKMQHOFFAI78EA,八掌段,89.29,都市：農
RPPOMLKMQHOFFAI78EA,八掌段,278.62,都市：農
RPPOMLKMQHOFFAI78EA,八掌段,220.40,都市：農
RPOOMLSKRHOFFAI56CA,彌陀段,93.00,都市：住
RPROMLTJRHOFFAI86CA,北社尾段保安小段,7.49,都市：住
RPRNMLLKRHOFFAI68CA,劉厝段劉厝小段,5.22,都市：商
RPUNMLMJRHOFFAI98CA,彌陀段,85.00,都市：住
RPXNMLQJRHOFFAI07CA,劉厝段玉山小段,144.89,都市：住
RPTNMLQJRHOFFAI66CA,竹圍子段三小段,20.90,都市：住
RPROMLMKRHOFFAI88CA,竹圍子段,8.61,都市：其他
RPROMLMKRHOFFAI88CA,竹圍子段,23.18,都市：住
RPOOMLKLRHOFFAI48CA,湖內段,.14,都市：住
RPOOMLKLRHOFFAI48CA,湖內段,5.00,都市：住
RPXNMLKLRHOFFAI66CA,湖內段,4.94,都市：住
RPXNMLKLRHOFFAI66CA,湖內段,.14,都市：住
RPPOMLKLRHOFFAI58CA,湖內段,.14,都市：住
RPPOMLKLRHOFFAI58CA,湖內段,4.94,都市：住
RPPNMLKMQHOFFAI68EA,彌陀段,20.33,都市：住
RPQNMLKMQHOFFAI78EA,埤子頭段,109.00,都市：商
RPQNMLKMQHOFFAI78EA,埤子頭段,11.00,都市：商
RPPNMLRJRHOFFAI98CA,台斗坑段,17.73,都市：住
RPSOMLKLRHOFFAI88CA,湖內段,.14,都市：住
RPSOMLKLRHOFFAI88CA,湖內段,5.00,都市：住
RPWNMLKMQHOFFAI56CA,北湖段,124.00,都市：住
RPROMLMJRHOFFAI78CA,北社尾段保安小段,7.68,都市：住
RPQOMLKLRHOFFAI68CA,湖內段,.14,都市：住
RPQOMLKLRHOFFAI68CA,湖內段,5.00,都市：住
RPROMLKLRHOFFAI78CA,湖內段,.14,都市：住
RPROMLKLRHOFFAI78CA,湖內段,5.00,都市：住
RPRNMLMJRHOFFAI88EA,育人段,20.02,都市：住
RPRNMLMJRHOFFAI88EA,育人段,.33,都市：住
RPRNMLMJRHOFFAI88EA,育人段,109.77,都市：住
RPXOMLKMQHOFFAI76CA,下路頭段,72.00,都市：住
RPRNMLKMQHOFFAI68CA,湖子內段興安小段,105.26,都市：住
RPTOMLSKRHOFFAI07CA,新富段二小段,26.14,都市：住
RPTOMLSKRHOFFAI07CA,新富段二小段,.09,都市：住
RPQNMLKMQHOFFAI58CA,後庄段,128.00,都市：農
RPQNMLKMQHOFFAI58CA,後庄段,30.44,都市：農
RPQNMLKMQHOFFAI58CA,後庄段,.11,都市：農
RPOPMLKLRHOFFAI58CA,下路頭段,22.88,都市：住
RPOPMLKLRHOFFAI58CA,下路頭段,50.00,都市：住
RPXOMLTJRHOFFAI47CA,新厝段,778.54,都市：農
RPRNMLPLRHOFFAI56CA,白川段,36.96,都市：住
RPXOMLSKRHOFFAI47CA,短竹段,7.00,都市：住
RPOPMLKMQHOFFAI58CA,下埤段,70.65,都市：住
RPOPMLKMQHOFFAI58CA,下埤段,1.69,都市：農
RPXNMLLKRHOFFAI66CA,軍輝段,57.05,都市：住
RPROMLSKRHOFFAI86CA,竹圍子段二小段,9.97,都市：住
RPSPMLKLRHOFFAI98CA,台斗坑段,20.00,都市：住
RPQOMLRKRHOFFAI66CA,白川段,19.00,都市：住
RPRNMLSKRHOFFAI76CA,中庄段,23.46,都市：住
RPRNMLSKRHOFFAI76CA,中庄段,82.00,都市：住
RPRNMLNJRHOFFAI78CA,湖子內段興安小段,349.19,都市：住
RPQNMLMJRHOFFAI58CA,北社尾段,70.00,都市：住
RPUNMLQJRHOFFAI76CA,劉厝段玉山小段,139.12,都市：住
RPSOMLOLRHOFFAI66CA,盧厝段,43.56,都市：住
RPQOMLOLRHOFFAI09CA,白川段,64.00,都市：其他
RPQOMLOLRHOFFAI09CA,白川段,22.00,都市：其他
RPPNMLNJRHOFFAI58CA,車店段,19.50,都市：住
RPPNMLNJRHOFFAI58CA,車店段,4.25,都市：住
RPVNMLRLRHOFFAI17CA,白川段,35.57,都市：住
RPQNMLRJRHOFFAI09CA,埤子頭段,30.00,都市：住
RPQNMLRJRHOFFAI09CA,埤子頭段,95.00,都市：住
RPSNMLKLRHOFFAI78CA,中庄段,110.00,都市：住
RPWNMLRJRHOFFAI07CA,北社尾段,25.17,都市：住
RPPOMLMJRHOFFAI58CA,台斗坑段,15.13,都市：住
RPXNMLNJRHOFFAI76CA,湖子內段興安小段,81.84,都市：住
RPPOMLNJRHOFFAI68CA,湖子內段興安小段,81.94,都市：住
RPOOMLNJRHOFFAI58CA,湖子內段興安小段,81.97,都市：住
RPSNMLKKRHOFFAI68CA,劉厝段,67.00,都市：住
RPUNMLTJRHOFFAI07CA,竹圍子段,9.74,都市：住
RPPNMLPKRHOFFAI88CA,埤子頭段,9.20,都市：其他
RPPNMLPKRHOFFAI88CA,埤子頭段,2.10,都市：其他
RPPNMLPKRHOFFAI88CA,埤子頭段,68.00,都市：住
RPTNMLOKRHOFFAI56CA,短竹段,5.48,都市：住
RPTNMLRKRHOFFAI86CA,下路頭段,110.00,都市：住
RPTNMLRKRHOFFAI86CA,下路頭段,27.00,都市：住
RPTNMLRKRHOFFAI86CA,下路頭段,17.00,都市：住
RPTNMLOJRHOFFAI66EA,下路頭段,64.00,都市：住
RPRNMLPKRHOFFAI09CA,白川段,35.86,都市：住
RPRNMLOJRHOFFAI09EA,竹圍子段,107.00,都市：住
RPSNMLLJIIOFFAI87CA,湖子內段興安小段,84.72,都市：住
RPQNMLPKRHOFFAI98CA,遠東段,28.00,都市：住
RPQNMLPKRHOFFAI98CA,遠東段,86.00,都市：住
RPWOMLMKRHOFFAI76CA,遠東段,9.62,都市：住
RPUNMLRJRHOFFAI86CA,何庄段,567.52,都市：農
RPUNMLRJRHOFFAI86CA,何庄段,66.64,都市：農
RPPNMLPJRHOFFAI98EA,彌陀段,165.00,都市：住
RPOOMLQLRHOFFAI09CA,盧厝段,119.92,都市：住
RPOPMLTJRHOFFAI66CA,湖子內段興安小段,103.25,都市：住
RPTOMLOLRHOFFAI76CA,北門段六小段,76.00,都市：商
RPRNMLTJRHOFFAI76CA,新富段三小段,14.00,都市：商
RPRNMLTJRHOFFAI76CA,新富段三小段,35.00,都市：商
RPQOMLMKRHOFFAI78CA,竹圍子段三小段,14.10,都市：住
RPUNMLOJRHOFFAI56CA,竹圍子段三小段,304.00,都市：住
RPSNMLPJRHOFFAI09CA,湖子內段興安小段,99.51,都市：住
RPPNMLKKRHOFFAI38CA,玉川段,56.00,都市：住
RPQPMLKLRHOFFAI78CA,北社尾段保安小段,10.84,都市：住
RPVNMLNJRHOFFAI56CA,車店段車店小段,105.00,都市：住
RPTNMLOJRHOFFAI09CA,民族段二小段,12.79,都市：住
RPTNMLRLRHOFFAI96CA,車店段,26.98,都市：住
RPTNMLRLRHOFFAI96CA,白川段,4.29,都市：住
RPOOMLOJRHOFFAI68CA,下路頭段,67.00,都市：住
RPROMLSLRHOFFAI96CA,陳厝段,84.65,都市：住
RPROMLSLRHOFFAI96CA,陳厝段,2.48,都市：住
RPROMLSLRHOFFAI96CA,陳厝段,22.58,都市：住
RPROMLSLRHOFFAI96CA,陳厝段,.50,都市：住
RPROMLSLRHOFFAI96CA,陳厝段,3.58,都市：住
RPROMLSLRHOFFAI96CA,陳厝段,.43,都市：住
RPPOMLQLRHOFFAI56CA,長竹段,66.00,都市：住
RPPOMLQLRHOFFAI56CA,長竹段,4.00,都市：住
RPUNMLPJRHOFFAI66CA,劉厝段玉山小段,108.75,都市：住
RPWNMLQLRHOFFAI17CA,竹圍子段,7.97,都市：住
RPXOMLKMRHOFFAI86CA,湖子內段新民小段,1575.29,都市：其他
RPOPMLKMRHOFFAI68CA,湖子內段新民小段,1393.83,都市：其他
RPWNMLPJRHOFFAI86CA,中庄段,31.00,都市：住
RPWNMLPJRHOFFAI86CA,中庄段,78.00,都市：住
RPWNMLOJRHOFFAI76CA,中庄段,106.00,都市：住
RPRNMLPJRHOFFAI98CA,短竹段,4.21,都市：住
RPQOMLSLRHOFFAI86CA,陳厝段,121.62,都市：住
RPQOMLSLRHOFFAI86CA,陳厝段,2.48,都市：住
RPQOMLSLRHOFFAI86CA,陳厝段,22.58,都市：住
RPQOMLSLRHOFFAI86CA,陳厝段,.50,都市：住
RPQOMLSLRHOFFAI86CA,陳厝段,3.58,都市：住
RPQOMLSLRHOFFAI86CA,陳厝段,.43,都市：住
RPPPMLKMRHOFFAI78CA,北園段,16.01,都市：住
RPQNMLKMRHOFFAI68CA,湖子內段湖美小段,99.62,都市：住
RPQOMLQKRHOFFAI56CA,車店段,35.54,都市：住
RPPNMLTJRHOFFAI56CA,埤子頭段,5.10,都市：住
RPTNMLRJRHOFFAI76CA,頂庄段,17.41,都市：住
RPTNMLRJRHOFFAI76CA,頂庄段,91.00,都市：住
RPTNMLRJRHOFFAI76CA,頂庄段,.21,都市：住
RPPNMLQJRHOFFAI09EA,竹圍子段,97.00,都市：住
RPVPMLLJIIOFFAI38CA,竹村段,54.72,都市：住
RPUNMLRKRHOFFAI96CA,同興段,28.60,都市：住
RPUNMLQJRHOFFAI96EA,短竹段,1.00,都市：商
RPUNMLQJRHOFFAI96EA,短竹段,276.00,都市：商
RPWNMLOKRHOFFAI86CA,中庄段,41.33,都市：住
RPUNMLOKRHOFFAI66CA,短竹段,5.00,都市：住
RPQNMLLKRHOFFAI58CA,中山段三小段,15.87,都市：住
RPUNMLMKRHOFFAI09CA,湖子內段湖美小段,140.25,都市：商
RPXNMLKKRHOFFAI76EA,玉川段,21.42,都市：住
RPXNMLKKRHOFFAI76EA,下路頭段,8.74,都市：住
RPQNMLPLRHOFFAI66EA,車店段,40.00,都市：住
RPQNMLPLRHOFFAI66EA,車店段,2.00,都市：其他
RPOOMLQJRHOFFAI88CA,湖子內段興安小段,257.50,都市：住
RPPOMLQJRHOFFAI98CA,東川段,10.54,都市：住
RPUNMLLJIIOFFAI08CA,湖子內段興安小段,84.64,都市：住
RPROMLQLRHOFFAI76CA,湖子內段興安小段,199.38,都市：住
RPRNMLQKRHOFFAI56CA,竹圍子段,78.00,都市：住
RPRNMLOLRHOFFAI09CA,下路頭段,7.61,都市：住
RPXNMLQLRHOFFAI27CA,短竹段,14.64,都市：住
RPUOMLKMRHOFFAI56CA,東川段,16.00,都市：住
RPUOMLKMRHOFFAI56CA,東川段,314.00,都市：住
RPRNMLQJRHOFFAI09CA,玉川段,96.00,都市：住
RPQNMLKKRHOFFAI48CA,檜段七小段,89.00,都市：商
RPWOMLQLRHOFFAI27CA,盧東段,.01,都市：住
RPWOMLQLRHOFFAI27CA,盧東段,.65,都市：住
RPWOMLQLRHOFFAI27CA,盧東段,137.59,都市：住
RPVOMLQLRHOFFAI17CA,盧東段,.01,都市：住
RPVOMLQLRHOFFAI17CA,盧東段,.65,都市：住
RPVOMLQLRHOFFAI17CA,盧東段,159.00,都市：住
RPUOMLQLRHOFFAI07CA,盧東段,155.99,都市：住
RPUOMLQLRHOFFAI07CA,盧東段,.01,都市：住
RPUOMLQLRHOFFAI07CA,盧東段,.65,都市：住
RPXOMLQLRHOFFAI37CA,盧東段,.01,都市：住
RPXOMLQLRHOFFAI37CA,盧東段,.65,都市：住
RPXOMLQLRHOFFAI37CA,盧東段,133.37,都市：住
RPOPMLQLRHOFFAI56CA,盧東段,.01,都市：住
RPOPMLQLRHOFFAI56CA,盧東段,.65,都市：住
RPOPMLQLRHOFFAI56CA,盧東段,117.13,都市：住
RPXOMLRLRHOFFAI47CA,竹圍子段友愛小段,235.00,都市：住
RPXOMLRLRHOFFAI47CA,竹圍子段友愛小段,235.00,都市：住
RPXOMLRLRHOFFAI47CA,竹圍子段友愛小段,41.00,都市：住
RPXOMLRLRHOFFAI47CA,竹圍子段友愛小段,277.00,都市：住
RPXOMLRLRHOFFAI47CA,竹圍子段友愛小段,235.00,都市：住
RPUOMLTJRHOFFAI17CA,湖子內段興安小段,100.18,都市：住
RPROMLNLRHOFFAI09CA,興村段,12.30,都市：住
RPTOMLNLRHOFFAI66CA,湖子內段興安小段,95.33,都市：住
RPWOMLTJRHOFFAI37CA,下路頭段,46.00,都市：住
RPVOMLTJRHOFFAI27CA,湖子內段興安小段,100.91,都市：住
RPTOMLTJRHOFFAI27EA,育人段,72.49,都市：農
RPPOMLKKRHOFFAI48CA,埤子頭段,105.00,都市：住
RPPOMLKKRHOFFAI48CA,埤子頭段,105.00,都市：住
RPVNMLOKRHOFFAI76CA,北園段,7.00,都市：住
RPWNMLKKRHOFFAI66EA,北園段,64.00,都市：住
RPQOMLKKRHOFFAI58CA,北園段,93.00,都市：住
RPUOMLOLRHOFFAI86CA,埤子頭段,78.00,都市：住
RPRPMLKLRHOFFAI88CA,盧東段,1415.00,都市：農
RPRPMLKLRHOFFAI88CA,盧東段,235.06,都市：農
RPSOMLTJRHOFFAI17EA,育人段,4.38,都市：農
RPQOMLQLRHOFFAI66CA,竹圍子段二小段,413.00,都市：住
RPWOMLKLRHOFFAI66CA,軍輝段,548.00,都市：住
RPSNMLQKRHOFFAI66CA,竹圍子段,83.00,都市：住
RPPOMLQKRHOFFAI09CA,玉川段,27.92,都市：住
RPPNMLMKRHOFFAI58CA,興村段,15.89,都市：住
RPPNMLMJIIOFFAI87EA,同興段,23.24,都市：住
RPRNMLOJIIOFFAI08CA,育人段,.39,都市：住
RPRNMLOJIIOFFAI08CA,育人段,5.00,都市：住
RPRNMLOJIIOFFAI08CA,育人段,10.00,都市：住
RPRNMLOJIIOFFAI08CA,育人段,75.84,都市：住
RPSOMLNLRHOFFAI56CA,下路頭段,110.00,都市：住
RPQNMLRLRHOFFAI66CA,車店段車店小段,6.11,都市：住
RPOPMLRLRHOFFAI66CA,短竹段,18.36,都市：住
RPOPMLRLRHOFFAI66CA,短竹段,73.00,都市：住
RPOPMLRLRHOFFAI66CA,短竹段,23.00,都市：住
RPOPMLRLRHOFFAI66CA,短竹段,76.00,都市：住
RPOPMLRLRHOFFAI66CA,短竹段,86.00,都市：住
RPOPMLRLRHOFFAI66CA,短竹段,107.00,都市：住
RPOPMLRLRHOFFAI66CA,短竹段,107.00,都市：住
RPOPMLRLRHOFFAI66CA,短竹段,159.00,都市：住
RPOPMLRLRHOFFAI66CA,短竹段,313.00,都市：住
RPOPMLRLRHOFFAI66CA,短竹段,15.30,都市：住
RPOPMLRLRHOFFAI66CA,短竹段,6.12,都市：住
RPOPMLRLRHOFFAI66CA,短竹段,4.81,都市：住
RPOPMLRLRHOFFAI66CA,短竹段,27.10,都市：住
RPVOMLRLRHOFFAI27CA,白川段,12.08,都市：住
RPSNMLLKRHOFFAI78CA,下路頭段,76.00,都市：住
RPSNMLLKRHOFFAI78CA,下路頭段,8.00,都市：住
RPQNMLSLRHOFFAI76CA,溪東段,1924.28,都市：農
RPQNMLSLRHOFFAI76CA,溪東段,237.39,都市：農
RPTNMLLKRHOFFAI88CA,湖子內段興安小段,122.90,都市：住
RPOOMLKKRHOFFAI38CA,頭港段,4025.53,都市：農
RPPNMLLKRHOFFAI48CA,北園段,86.00,都市：住
RPUOMLMKRHOFFAI56CA,白川段,34.88,都市：住
RPSNMLOKRHOFFAI09CA,埤子頭段,81.00,都市：住
RPPOMLPLRHOFFAI09CA,育人段,108.50,都市：住
RPSOMLNJIIOFFAI18CA,劉厝段劉厝小段,68.00,都市：住
RPSOMLMKRHOFFAI98CA,白川段,35.00,都市：住
RPSOMLMKRHOFFAI98CA,白川段,11.00,都市：住
RPTOMLMKRHOFFAI09CA,竹圍子段,14.12,都市：住
RPTOMLMKRHOFFAI09CA,竹圍子段,.12,都市：住
RPOOMLMKRHOFFAI58CA,遠東段,15.07,都市：住
RPTNMLMKRHOFFAI98CA,湖子內段興安小段,132.51,都市：住
RPOOMLQKRHOFFAI98CA,民族段二小段,60.00,都市：住
RPOOMLQKRHOFFAI98CA,民族段二小段,59.00,都市：住
RPQNMLQKRHOFFAI09CA,湖子內段湖美小段,108.99,都市：住
RPVNMLRKRHOFFAI07CA,埤子頭段,25.84,都市：住
RPVNMLRKRHOFFAI07CA,埤子頭段,5.92,都市：住
RPXNMLQKRHOFFAI17CA,湖子內段興安小段,108.36,都市：住
RPUNMLQKRHOFFAI86CA,湖子內段湖美小段,108.73,都市：住
RPXOMLKLRHOFFAI76CA,溪東段,1002.00,都市：農
RPQNMLMKRHOFFAI68CA,後庄段,51.00,都市：農
RPSNMLMKRHOFFAI88CA,後庄段,119.00,都市：農
RPSNMLMKRHOFFAI88CA,後庄段,30.44,都市：農
RPSNMLMKRHOFFAI88CA,後庄段,.11,都市：農
RPPNMLNLRHOFFAI78CA,頂庄段,37.00,都市：住
RPQNMLRKRHOFFAI56CA,湖子內段興安小段,93.97,都市：住
RPPNMLRKRHOFFAI09CA,湖子內段興安小段,105.48,都市：住
RPTNMLKLRHOFFAI88CA,港子坪段港坪小段,95.00,都市：住
RPSOMLRKRHOFFAI86CA,北社尾段,89.00,都市：住
RPRNMLLJIIOFFAI77CA,湖子內段興安小段,84.76,都市：住
RPQNMLLJIIOFFAI67CA,湖子內段興安小段,84.79,都市：住
RPPNMLLJIIOFFAI57CA,湖子內段興安小段,91.43,都市：住
RPVNMLLJIIOFFAI18CA,湖子內段興安小段,86.49,都市：住
RPOOMLLJIIOFFAI57CA,湖子內段興安小段,86.45,都市：住
RPXNMLNJIIOFFAI58CA,車店段車店小段,11.40,都市：住
RPWNMLKMRHOFFAI66CA,北門段五小段,62.00,都市：其他
RPXNMLKMRHOFFAI76CA,玉川段,92.23,都市：其他
RPUNMLKMRHOFFAI09CA,大溪段,7.99,都市：其他
RPUNMLKMRHOFFAI09CA,大溪段,35.79,都市：其他
RPUNMLKMRHOFFAI09CA,大溪段,6.44,都市：其他
RPUNMLKMRHOFFAI09CA,大溪段,4.55,都市：其他
RPUNMLKMRHOFFAI09CA,中山段四小段,1.40,都市：其他
RPUNMLKMRHOFFAI09CA,大溪段,12.52,都市：其他
RPUNMLKMRHOFFAI09CA,台斗坑段,36.50,都市：其他
RPUNMLKMRHOFFAI09CA,大溪段,23.16,都市：其他
RPUNMLKMRHOFFAI09CA,中山段四小段,24.40,都市：其他
RPUNMLKMRHOFFAI09CA,長竹段,43.85,都市：其他
RPUNMLKMRHOFFAI09CA,長竹段,51.50,都市：其他
RPPNMLTLRHOFFAI76CA,新厝段,83.00,都市：住
RPUNMLSKRHOFFAI07CA,下路頭段,458.00,都市：住
RPSNMLSLRHOFFAI96CA,竹圍子段,14.10,都市：住
RPVOMLKLRHOFFAI56CA,榮段五小段,97.00,都市：住
RPQPMLKMRHOFFAI88CA,新富段六小段,50.00,都市：商
RPQPMLKMRHOFFAI88CA,新富段六小段,35.00,都市：商
RPQPMLKMRHOFFAI88CA,新富段六小段,594.00,都市：商
RPQPMLKMRHOFFAI88CA,新富段六小段,11.00,都市：商
RPPNMLMKIIOFFAI77CA,港子坪段港坪小段,7.92,都市：住
RPWNMLRKRHOFFAI17CA,短竹段,78.56,都市：其他
RPWNMLRKRHOFFAI17CA,短竹段,486.89,都市：其他
RPPOMLLJIIOFFAI67CA,湖子內段興安小段,86.41,都市：住
RPUOMLLJIIOFFAI18CA,湖子內段興安小段,96.52,都市：住
RPROMLLJIIOFFAI87CA,湖子內段興安小段,88.21,都市：住
RPTOMLLJIIOFFAI08CA,湖子內段興安小段,93.75,都市：住
RPWNMLKLRHOFFAI76EA,車店段,17.40,都市：住
RPWNMLKLRHOFFAI76EA,車店段,.59,都市：住
RPPNMLOLRHOFFAI88CA,竹圍子段二小段,9.55,都市：住
RPPOMLMKRHOFFAI68CA,遠東段,18.81,都市：住
RPPNMLQKRHOFFAI56EA,民族段五小段,12.25,都市：商
RPPNMLQKRHOFFAI56EA,民族段五小段,7.75,都市：商
RPPNMLQKRHOFFAI56EA,民族段五小段,1.00,都市：商
RPPNMLQKRHOFFAI56EA,民族段五小段,5.75,都市：商
RPSNMLOLRHOFFAI56CA,竹圍子段二小段,81.00,都市：住
RPUOMLOKIIOFFAI58CA,白川段,48.63,都市：住
RPTNMLOLRHOFFAI66CA,竹圍子段二小段,84.00,都市：住
RPROMLOLRHOFFAI56CA,溪東段,1657.96,都市：農
RPROMLRKRHOFFAI76CA,軍輝段,150.00,都市：住
RPUOMLSKRHOFFAI17CA,劉厝段,86.00,都市：住
RPTNMLNLRHOFFAI56CA,北湖段,68.00,都市：農
RPUNMLNLRHOFFAI66CA,盧厝段,102.00,都市：農
RPVNMLNLRHOFFAI76CA,盧厝段,289.00,都市：農
RPPOMLKMRHOFFAI68CA,北社尾段保安小段,6.06,都市：住
RPPOMLKMRHOFFAI68CA,北社尾段保安小段,7.86,都市：住
RPRNMLSLRHOFFAI86CA,盧厝段,96.00,都市：住
RPTNMLSKRHOFFAI96CA,竹圍子段二小段,17.80,都市：住
RPWOMLRLRHOFFAI37CA,檜段七小段,3.95,都市：商
RPSOMLQLRHOFFAI86CA,車店段,94.00,都市：住
RPTOMLQLRHOFFAI96CA,下路頭段,24.09,都市：住
RPQNMLSJIIOFFAI38CA,北湖段,102.00,都市：住
RPRNMLKLRHOFFAI68CA,竹圍子段,13.52,都市：住
RPRNMLNKIIOFFAI08CA,興村段,8.52,都市：住
RPQOMLKMRHOFFAI78CA,中庄段,45.50,都市：住
RPRNMLKMRHOFFAI78CA,中山段五小段,6.98,都市：住
RPRNMLKMRHOFFAI78CA,山下段,21.95,都市：住
RPWNMLRJIIOFFAI88CA,埤子頭段,.00,都市：住
RPWNMLRJIIOFFAI88CA,埤子頭段,.06,都市：其他
RPWNMLRJIIOFFAI88CA,埤子頭段,.11,都市：其他
RPWNMLRJIIOFFAI88CA,埤子頭段,264.31,都市：住
RPWNMLRJIIOFFAI88CA,埤子頭段,.80,都市：其他
RPWNMLRJIIOFFAI88CA,埤子頭段,.02,都市：其他
RPWNMLRJIIOFFAI88CA,埤子頭段,.04,都市：住
RPWNMLRJIIOFFAI88CA,埤子頭段,.02,都市：住
RPWNMLRJIIOFFAI88CA,埤子頭段,130.26,都市：住
RPWNMLRJIIOFFAI88CA,埤子頭段,.61,都市：住
RPWNMLRJIIOFFAI88CA,埤子頭段,.05,都市：住
RPWNMLRJIIOFFAI88CA,埤子頭段,.12,都市：住
RPWNMLRJIIOFFAI88CA,埤子頭段,.40,都市：住
RPWNMLRJIIOFFAI88CA,埤子頭段,.62,都市：住
RPUNMLQLRHOFFAI96CA,埤子頭段,29.93,都市：住
RPUOMLRLRHOFFAI17CA,短竹段,4.76,都市：住
RPXNMLNLRHOFFAI17EA,短竹段,330.90,都市：其他
RPQNMLMLRHOFFAI78CA,湖子內段興安小段,105.54,都市：住
RPPNMLSKRHOFFAI76EA,下路頭段,101.00,都市：住
RPVOMLSKRHOFFAI27CA,長竹段,25.45,都市：住
RPPNMLMLRHOFFAI68CA,育人段,16.34,都市：住
RPPNMLMLRHOFFAI68CA,育人段,80.46,都市：住
RPPNMLTKRHOFFAI66CA,湖子內段興安小段,109.56,都市：住
RPVNMLKLRHOFFAI66EA,埤子頭段,68.00,都市：住
RPUOMLNJIIOFFAI38CA,湖子內段興安小段,82.00,都市：住
RPWNMLNLRHOFFAI86CA,下路頭段,32.95,都市：住
RPQNMLNLRHOFFAI88CA,盧東段,33.43,都市：其他
RPQNMLNLRHOFFAI88CA,盧東段,149.75,都市：住
RPQNMLNLRHOFFAI88CA,盧東段,.02,都市：住
RPSNMLSKRHOFFAI96DA,榮段二小段,131.00,都市：商
RPUOMLKLRHOFFAI09CA,同興段,28.70,都市：住
RPUNMLTKRHOFFAI37EA,育人段,107.89,都市：農
RPUNMLTKRHOFFAI37EA,育人段,318.20,都市：農
RPTNMLSLRHOFFAI07CA,北社尾段保安小段,170.00,都市：住
RPSNMLQLRHOFFAI96EA,北湖段,117.00,都市：住
RPSNMLQLRHOFFAI96EA,北湖段,1.00,都市：住
RPRNMLRLRHOFFAI76CA,盧厝段,6.52,都市：住
RPOOMLSLRHOFFAI66CA,短竹段,4.88,都市：住
RPQNMLKLRHOFFAI58CA,太平段,9.65,都市：住
RPVNMLSLRHOFFAI27CA,下路頭段,32.95,都市：住
RPSOMLLJIIOFFAI97CA,湖子內段興安小段,84.41,都市：住
RPTNMLLJIIOFFAI97CA,湖子內段興安小段,84.68,都市：住
RPQNMLTKRHOFFAI76CA,後庄段,111.00,都市：農
RPQNMLTKRHOFFAI76CA,後庄段,30.44,都市：農
RPQNMLTKRHOFFAI76CA,後庄段,.11,都市：農
RPQNMLTKRHOFFAI76CA,後庄段,7.00,都市：農
RPXNMLMJIIOFFAI48CA,車店段,55.00,都市：住
RPXNMLMJIIOFFAI48CA,白川段,50.00,都市：住
RPQOMLLJIIOFFAI77CA,湖子內段興安小段,88.25,都市：住
RPPNMLNJIIOFFAI77CA,八掌段,119.31,都市：農
RPPNMLNJIIOFFAI77CA,八掌段,329.00,都市：農
RPPNMLNJIIOFFAI77CA,八掌段,329.00,都市：農
RPPNMLNJIIOFFAI77CA,八掌段,2.13,都市：農
RPPNMLNJIIOFFAI77CA,八掌段,17.85,都市：農
RPQNMLTLRHOFFAI86CA,北社尾段,197.00,都市：住
RPQNMLTLRHOFFAI86CA,北社尾段,105.00,都市：住
RPQNMLTLRHOFFAI86CA,北社尾段,30.00,都市：其他
RPQNMLTLRHOFFAI86CA,北社尾段,1.00,都市：其他
RPPNMLSLRHOFFAI66CA,車店段,49.00,都市：住
RPUNMLSLRHOFFAI17CA,竹圍子段三小段,105.00,都市：住
RPWNMLLJIIOFFAI28CA,台斗坑段,102.00,都市：住
RPPNMLNKIIOFFAI87CA,檜段七小段,5.81,都市：商
RPPPMLKLRHOFFAI68CA,短竹段,6.79,都市：住
RPQNMLOLRHOFFAI98CA,榮段六小段,184.00,都市：商
RPVNMLOLRHOFFAI86CA,北社尾段保安小段,124.65,都市：住
RPVNMLOLRHOFFAI86CA,北社尾段保安小段,.00,都市：住
RPWNMLTKRHOFFAI37CA,東門段四小段,80.00,都市：住
RPXNMLOLRHOFFAI27EA,北門段六小段,25.00,都市：商
RPXNMLOLRHOFFAI27EA,北門段六小段,1.00,都市：其他
RPOOMLOLRHOFFAI09EA,北門段六小段,94.00,都市：商
RPVOMLOLRHOFFAI96CA,車店段,8.00,都市：住
RPVOMLOLRHOFFAI96CA,車店段,.27,都市：住
RPPNMLKLRHOFFAI68EA,中庄段,61.00,都市：住
RPPNMLKLRHOFFAI68EA,中庄段,20.00,都市：住
RPPOMLSLRHOFFAI76CA,埤子頭段,81.00,都市：住
RPUNMLOLRHOFFAI76CA,竹圍子段,1.11,都市：住
RPUNMLOLRHOFFAI76CA,竹圍子段,.12,都市：住
RPUNMLOLRHOFFAI76CA,竹圍子段,83.00,都市：住
RPTOMLKLRHOFFAI98CA,玉川段,66.00,都市：住
RPTOMLKLRHOFFAI98CA,玉川段,13.00,都市：住
RPTOMLKLRHOFFAI98CA,玉川段,2.00,都市：住
RPQPMLQKIIOFFAI48CA,車店段,65.00,都市：住
RPUOMLNLRHOFFAI76CA,竹圍子段,19.93,都市：住
RPQNMLQLRHOFFAI56CA,遠東段,33.00,都市：其他
RPQNMLQLRHOFFAI56CA,遠東段,884.00,都市：住
RPQNMLQLRHOFFAI56CA,遠東段,29.00,都市：住
RPXNMLSLRHOFFAI47CA,興村段,35.36,都市：住
RPWNMLTJIIOFFAI09CA,北湖段,97.00,都市：住
RPWNMLTJIIOFFAI09CA,北湖段,18.73,都市：住
RPWNMLTJIIOFFAI09CA,北湖段,.55,都市：住
RPWNMLTJIIOFFAI09CA,北湖段,.55,都市：住
RPXNMLPLRHOFFAI17CA,溪東段,654.89,都市：農
RPWNMLSLRHOFFAI37CA,溪東段,369.05,都市：農
RPWNMLSLRHOFFAI37CA,溪東段,369.06,都市：農
RPWNMLSLRHOFFAI37CA,溪東段,369.06,都市：農
RPSOMLPKIIOFFAI48CA,劉厝段劉厝小段,42.35,都市：商
RPROMLSJIIOFFAI58CA,湖子內段湖美小段,1452.20,都市：住
RPUNMLRLRHOFFAI07CA,遠東段,90.00,都市：住
RPPOMLPKIIOFFAI18CA,台斗坑段,17.41,都市：住
RPPOMLPKIIOFFAI18CA,台斗坑段,.35,都市：住
RPPOMLPKIIOFFAI18CA,台斗坑段,.29,都市：住
RPPOMLPKIIOFFAI18CA,台斗坑段,71.00,都市：住
RPQOMLPKIIOFFAI28CA,玉川段,10.62,都市：住
RPQOMLPKIIOFFAI28CA,玉川段,68.00,都市：住
RPXPMLQKIIOFFAI56CA,盧厝段,61.00,都市：住
RPQNMLNKIIOFFAI97CA,湖內段,25.75,都市：住
RPTPMLLJIIOFFAI18CA,下路頭段,68.00,都市：住
RPTNMLKMRHOFFAI98CA,湖內段,495.00,都市：住
RPTOMLPLRHOFFAI86CA,車店段車店小段,7.80,都市：住
RPSOMLPLRHOFFAI76CA,車店段車店小段,7.80,都市：住
RPSNMLPKIIOFFAI38CA,埤子頭段,115.00,都市：住
RPRNMLPKIIOFFAI28CA,埤子頭段,45.00,都市：住
RPUNMLMJIIOFFAI18CA,埤子頭段,19.23,都市：住
RPQOMLLKIIOFFAI87CA,盧東段,78.12,都市：農
RPQOMLLKIIOFFAI87CA,盧東段,28.50,都市：農
RPTOMLTJIIOFFAI88CA,車店段車店小段,32.40,都市：住
RPUNMLPLRHOFFAI86CA,車店段,163.00,都市：住
RPPOMLOLRHOFFAI98CA,湖子內段興安小段,122.70,都市：住
RPPNMLPLRHOFFAI56EA,竹村段,12.39,都市：住
RPPNMLPLRHOFFAI56EA,竹村段,12.07,都市：住
RPQOMLTJIIOFFAI58CA,短竹段,3.50,都市：住
RPPOMLNLRHOFFAI88CA,湖內段,1715.00,都市：其他
RPSNMLPLRHOFFAI76DA,短竹段,106.00,都市：其他
RPSNMLPLRHOFFAI76DA,短竹段,27.20,都市：其他
RPXNMLSKIIOFFAI56CA,竹村段,224.05,都市：農
RPSPMLQKIIOFFAI68CA,盧厝段,74.00,都市：住
RPQOMLNLRHOFFAI98CA,下路頭段,29.47,都市：住
RPTPMLQKIIOFFAI78CA,竹圍子段,13.78,都市：住
RPROMLPLRHOFFAI66CA,白川段,5.00,都市：住
RPROMLPLRHOFFAI66CA,白川段,1.00,都市：住
RPUPMLLJIIOFFAI28CA,東川段,15.19,都市：住
RPQOMLPLRHOFFAI56CA,北社尾段保安小段,7.73,都市：住
RPRPMLKMRHOFFAI98CA,北門段六小段,44.00,都市：商
RPQOMLRLRHOFFAI76CA,末廣段三小段,26.00,都市：商
RPUOMLPLRHOFFAI96CA,長竹段,74.00,都市：住
RPOOMLKMRHOFFAI58CA,湖子內段新民小段,396.01,都市：住
RPPNMLRLRHOFFAI56CA,白川段,36.44,都市：住
RPSNMLMJIIOFFAI97CA,彌陀段,30.72,都市：住
RPPOMLSJIIOFFAI38CA,中庄段,23.46,都市：住
RPPOMLSJIIOFFAI38CA,中庄段,98.00,都市：住
RPTNMLQLRHOFFAI86CA,車店段,400.00,都市：其他
RPVOMLNJIIOFFAI48CA,竹圍子段二小段,13.55,都市：住
RPPPMLQKIIOFFAI38CA,元段七小段,30.00,都市：商
RPXNMLSJIIOFFAI09CA,東門段七小段,.67,都市：商
RPTNMLOJIIOFFAI28CA,溪厝段,603.16,都市：農
RPVOMLTJIIOFFAI09CA,下路頭段,85.00,都市：住
RPQOMLSJIIOFFAI48CA,中庄段,76.00,都市：住
RPROMLLLIIOFFAI08CA,短竹段,13.33,都市：住
RPWPMLLJIIOFFAI48CA,後庄段,76.00,都市：住
RPQNMLNJIIOFFAI08EA,太平段,71.00,都市：住
RPOOMLPLRHOFFAI56EA,末廣段四小段,71.00,都市：商
RPUNMLTKIIOFFAI98CA,竹圍子段二小段,9.14,都市：住
RPVNMLTKIIOFFAI09CA,北社尾段,18.34,都市：住
RPPNMLQLRHOFFAI66EA,後庄段,287.50,都市：農
RPPNMLPJIIOFFAI18EA,竹圍子段,14.07,都市：住
RPPNMLPJIIOFFAI18EA,竹圍子段,5.11,都市：其他
RPUNMLNLIIOFFAI48CA,盧東段,64.68,都市：農
RPUNMLNLIIOFFAI48CA,盧東段,75.27,都市：農
RPUNMLNLIIOFFAI48CA,盧東段,26.10,都市：農
RPUNMLNLIIOFFAI48CA,盧東段,223.79,都市：農
RPUNMLNLIIOFFAI48CA,盧東段,.96,都市：農
RPUNMLNLIIOFFAI48CA,盧東段,11.42,都市：農
RPUNMLNLIIOFFAI48CA,盧東段,.85,都市：農
RPUNMLNLIIOFFAI48CA,盧東段,9.66,都市：農
RPUNMLNLIIOFFAI48CA,盧東段,3.99,都市：農
RPSOMLOKIIOFFAI38CA,遠東段,100.00,都市：住
RPSOMLOKIIOFFAI38CA,遠東段,567.00,都市：住
RPSOMLOKIIOFFAI38CA,遠東段,17.37,都市：住
RPSOMLSKIIOFFAI78CA,盧厝段,210.00,都市：住
RPXNMLLLIIOFFAI78EA,下路頭段,73.00,都市：住
RPWNMLNJIIOFFAI48CA,竹圍子段三小段,18.56,都市：住
RPPNMLQJIIOFFAI08CA,車店段,38.00,都市：住
RPPNMLQJIIOFFAI08CA,車店段,70.00,都市：住
RPSNMLPLIIOFFAI48CA,竹圍子段,24.65,都市：住
RPOPMLQKIIOFFAI28CA,軍輝段,35.29,都市：住
RPPNMLQKIIOFFAI18CA,下路頭段,227.67,都市：其他
RPUOMLLLIIOFFAI38CA,末廣段一小段,13.22,都市：商
RPTOMLSKIIOFFAI88CA,北社尾段,13.78,都市：住
RPQNMLPJIIOFFAI08CA,元段六小段,1.28,都市：商
RPROMLRLRHOFFAI86CA,竹圍子段,23.69,都市：住
RPROMLRLRHOFFAI86CA,竹圍子段,7.61,都市：住
RPPOMLRLRHOFFAI66CA,下路頭段,6.00,都市：住
RPUNMLOJIIOFFAI38CA,港子坪段港坪小段,13.65,都市：住
RPSOMLRLRHOFFAI96CA,新厝段,89.00,都市：住
RPTOMLRLRHOFFAI07CA,遠東段,21.61,都市：住
RPWNMLOLIIOFFAI78CA,育人段,120.46,都市：住
RPXNMLLJIIOFFAI38CA,下路頭段,101.00,都市：住
RPWOMLKMRHOFFAI76CA,湖子內段湖美小段,185.37,都市：住
RPXNMLRJIIOFFAI98CA,新厝段,17.00,都市：住
RPXNMLRJIIOFFAI98CA,新厝段,.33,都市：住
RPXNMLRJIIOFFAI98CA,新厝段,75.00,都市：住
RPXNMLRJIIOFFAI98CA,新厝段,.08,都市：住
RPXNMLRJIIOFFAI98CA,新厝段,.42,都市：住
RPPOMLRJIIOFFAI28CA,劉厝段劉厝小段,103.50,都市：農
RPQNMLQJIIOFFAI18CA,湖子內段新民小段,262.40,都市：商
RPOOMLRJIIOFFAI18CA,新厝段,17.00,都市：住
RPOOMLRJIIOFFAI18CA,新厝段,.33,都市：住
RPOOMLRJIIOFFAI18CA,新厝段,84.00,都市：住
RPOOMLRJIIOFFAI18CA,新厝段,.08,都市：住
RPOOMLRJIIOFFAI18CA,新厝段,.42,都市：住
RPPNMLKMRHOFFAI58CA,台斗坑段,14.47,都市：住
RPSNMLKMRHOFFAI88CA,湖子內段湖美小段,91.07,都市：住
RPOQMLLJIIOFFAI77CA,新厝段,98.00,都市：住
RPOQMLLJIIOFFAI77CA,新厝段,24.33,都市：住
RPWNMLMJIIOFFAI38CA,車店段車店小段,103.00,都市：住
RPROMLKMRHOFFAI88CA,車店段,93.00,都市：住
RPROMLKMRHOFFAI88CA,車店段,26.67,都市：住
RPVOMLKMRHOFFAI66CA,湖子內段湖美小段,107.49,都市：住
RPPQMLLJIIOFFAI87CA,車店段車店小段,27.59,都市：住
RPWOMLLJIIOFFAI38CA,竹圍子段,6.81,都市：住
RPSOMLTJIIOFFAI78CA,湖子內段湖美小段,1175.37,都市：住
RPQOMLQKIIOFFAI38CA,盧東段,.01,都市：住
RPQOMLQKIIOFFAI38CA,盧東段,.65,都市：住
RPQOMLQKIIOFFAI38CA,盧東段,152.98,都市：住
RPOOMLSJIIOFFAI28CA,北湖段,1865.00,都市：農
RPSOMLQKIIOFFAI58CA,盧東段,.01,都市：住
RPSOMLQKIIOFFAI58CA,盧東段,.65,都市：住
RPSOMLQKIIOFFAI58CA,盧東段,164.72,都市：住
RPWOMLTJIIOFFAI56CA,遠東段,21.05,都市：住
RPRNMLQKIIOFFAI38CA,同興段,7.00,都市：其他
RPQNMLQKIIOFFAI28CA,同興段,12.00,都市：其他
RPQNMLQKIIOFFAI28CA,同興段,1.00,都市：其他
RPPPMLTJIIOFFAI58CA,陳厝段,89.72,都市：住
RPPPMLTJIIOFFAI58CA,陳厝段,9.90,都市：住
RPPPMLTJIIOFFAI58CA,陳厝段,14.30,都市：住
RPSNMLQKIIOFFAI48CA,同興段,87.00,都市：其他
RPTNMLQKIIOFFAI58CA,同興段,201.00,都市：其他
RPVNMLQKIIOFFAI78CA,同興段,650.00,都市：其他
RPVNMLQKIIOFFAI78CA,同興段,6.00,都市：其他
RPWNMLQKIIOFFAI88CA,同興段,3.00,都市：其他
RPUNMLQKIIOFFAI68CA,同興段,543.00,都市：其他
RPUNMLQKIIOFFAI68CA,同興段,41.00,都市：其他
RPXNMLQKIIOFFAI98CA,同興段,23.00,都市：其他
RPXNMLQKIIOFFAI98CA,同興段,5.00,都市：其他
RPOOMLQKIIOFFAI18CA,同興段,9.00,都市：其他
RPTOMLPLIIOFFAI68CA,新厝段,19.30,都市：住
RPTOMLPLIIOFFAI68CA,新厝段,.01,都市：住
RPVNMLRKIIOFFAI88CA,遠東段,9.62,都市：住
RPRNMLRKIIOFFAI48CA,下路頭段,35.50,都市：住
RPTOMLPKIIOFFAI58CA,車店段,7.15,都市：住
RPVOMLLJIIOFFAI28CA,遠東段,16.13,都市：住
RPWPMLQKIIOFFAI09CA,西門段三小段,2.73,都市：商
RPWPMLQKIIOFFAI09CA,西門段三小段,.69,都市：商
RPXOMLTJIIOFFAI66CA,下路頭段,99.00,都市：住
RPPOMLNJIIOFFAI87CA,短竹段,5.12,都市：住
RPPOMLLLIIOFFAI87CA,長竹段,2488.50,都市：農
RPPOMLLLIIOFFAI87CA,長竹段,61.50,都市：其他
RPPOMLLLIIOFFAI87CA,長竹段,74.50,都市：農
RPPOMLLLIIOFFAI87CA,長竹段,18.50,都市：農
RPPOMLLLIIOFFAI87CA,長竹段,18.50,都市：農
RPPOMLLLIIOFFAI87CA,長竹段,18.75,都市：農
RPPOMLLLIIOFFAI87CA,長竹段,18.75,都市：農
RPQNMLMJIIOFFAI77CA,竹村段貨轉小段,42.29,都市：住
RPQOMLSKIIOFFAI58CA,榮段五小段,108.00,都市：商
RPSNMLTLIIOFFAI88CA,車店段,34.51,都市：住
RPSNMLTLIIOFFAI88CA,白川段,3.27,都市：住
RPPNMLRLIIOFFAI38CA,車店段,72.00,都市：住
RPRNMLMJIIOFFAI87CA,同興段,12.30,都市：住
RPTNMLTKIIOFFAI88CA,玉川段,72.00,都市：住
RPRNMLTLIIOFFAI78CA,台斗坑段,24.59,都市：住
RPVNMLMLIIOFFAI48CA,民族段二小段,14.94,都市：住
RPUNMLTLIIOFFAI09CA,下路頭段,.01,都市：住
RPUNMLTLIIOFFAI09CA,下路頭段,60.44,都市：住
RPQOMLNJIIOFFAI18EA,新厝段,662.00,都市：農
RPWNMLTKIIOFFAI56CA,竹圍子段二小段,86.00,都市：住
RPWNMLTKIIOFFAI56CA,竹圍子段二小段,13.80,都市：住
RPPNMLKMIIOFFAI77CA,北社尾段,54.00,都市：住
RPQNMLRJIIOFFAI48EA,盧厝段,96.00,都市：農
RPVNMLSLIIOFFAI09CA,湖子內段湖美小段,144.91,都市：住
RPXNMLSLIIOFFAI66CA,後庄段,120.00,都市：住
RPUNMLSLIIOFFAI98CA,湖子內段湖美小段,144.96,都市：住
RPWNMLSLIIOFFAI56CA,湖子內段湖美小段,146.27,都市：住
RPTNMLSLIIOFFAI88CA,湖子內段湖美小段,123.79,都市：住
RPUOMLTJIIOFFAI98CA,湖子內段湖美小段,918.89,都市：住
RPUOMLTJIIOFFAI98CA,湖子內段湖美小段,460.30,都市：住
RPVNMLSJIIOFFAI98DA,同興段,10.00,都市：其他
RPVNMLSJIIOFFAI98DA,同興段,51.50,都市：住
RPSNMLSLIIOFFAI78CA,湖子內段湖美小段,240.35,都市：住
RPPNMLTJIIOFFAI38CA,後庄段,1393.00,都市：農
RPPNMLTJIIOFFAI38CA,後庄段,1359.00,都市：農
RPUNMLTJIIOFFAI88CA,下路頭段,125.00,都市：其他
RPRPMLQKIIOFFAI58CA,車店段車店小段,8.71,都市：住
RPTOMLNJIIOFFAI28CA,湖內段,25.02,都市：商
RPTNMLNJIIOFFAI18CA,湖子內段興安小段,99.87,都市：住
RPSNMLNJIIOFFAI08CA,湖子內段興安小段,99.57,都市：住
RPROMLTJIIOFFAI68CA,軍輝段,16.48,都市：住
RPUNMLNJIIOFFAI28CA,湖子內段興安小段,100.01,都市：住
RPQNMLTJIIOFFAI48CA,北社尾段保安小段,76.00,都市：住
RPWNMLSJIIOFFAI98CA,埤子頭段,174.00,都市：住
RPWNMLSJIIOFFAI98CA,埤子頭段,8.00,都市：住
RPXNMLOJIIOFFAI68CA,埤子頭段,84.00,都市：住
RPVNMLNJIIOFFAI38CA,湖子內段興安小段,99.81,都市：住
RPVNMLOJIIOFFAI48CA,遠東段,16.80,都市：住
RPVPMLQKIIOFFAI98CA,北社尾段,14.52,都市：住
RPPNMLKKIIOFFAI57CA,湖內段,32.34,都市：住
RPPOMLNLIIOFFAI08CA,興村段,30.56,都市：商
RPTOMLQKIIOFFAI88EA,湖子內段興安小段,911.09,都市：住
RPUOMLPLIIOFFAI78CA,湖子內段新民小段,171.90,都市：住
RPXNMLTLIIOFFAI76CA,港子坪段,87.00,都市：住
RPRNMLRJIIOFFAI38CA,湖子內段興安小段,94.02,都市：住
RPSNMLPJIIOFFAI48EA,劉厝段劉厝小段,72.00,都市：住
RPQNMLSKIIOFFAI48CA,堀川段,55.00,都市：住
RPQNMLSKIIOFFAI48CA,堀川段,12.00,都市：住
RPPNMLRJIIOFFAI18CA,新富段六小段,22.00,都市：商
RPPNMLRJIIOFFAI18CA,新富段六小段,10.00,都市：商
RPWNMLOJIIOFFAI58CA,港子坪段,84.00,都市：住
RPWNMLOJIIOFFAI58CA,港子坪段,6.00,都市：其他
RPXNMLKMIIOFFAI58CA,盧厝段,7.60,都市：住
RPSNMLRJIIOFFAI48CA,下路頭段,23.50,都市：住
RPSNMLRJIIOFFAI48CA,下路頭段,163.50,都市：住
RPSNMLRJIIOFFAI48CA,下路頭段,315.00,都市：住
RPRNMLPJIIOFFAI18CA,下路頭段,23.14,都市：住
RPVNMLRJIIOFFAI78CA,下路頭段,40.44,都市：住
RPPNMLSJIIOFFAI28CA,湖子內段湖美小段,108.93,都市：住
RPUNMLRJIIOFFAI68CA,車店段車店小段,113.31,都市：住
RPTNMLPJIIOFFAI58EA,湖子內段湖美小段,240.00,都市：其他
RPXNMLPLIIOFFAI98CA,長竹段,26.22,都市：住
RPXNMLPKIIOFFAI09EA,盧厝段,56.00,都市：住
RPQNMLOLIIOFFAI28DA,頂庄段,73.00,都市：住
RPRNMLSLIIOFFAI68CA,短竹段,.31,都市：住
RPRNMLSLIIOFFAI68CA,短竹段,4.94,都市：住
RPWNMLPKIIOFFAI88DA,新富段四小段,6.00,都市：商
RPSNMLSJIIOFFAI58CA,北湖段,23.00,都市：農
RPPOMLPLIIOFFAI28CA,埤子頭段,78.00,都市：住
RPRNMLSJIIOFFAI48CA,檜段五小段,26.80,都市：商
RPPNMLOKIIOFFAI97CA,劉厝段玉山小段,2135.15,都市：住
RPWOMLPJJIOFFAI88CA,北社尾段保安小段,15.67,都市：住
RPSNMLTJIIOFFAI68CA,劉厝段劉厝小段,6.76,都市：商
RPUNMLQLIIOFFAI78CA,南門段六小段,2.67,都市：商
RPUNMLQLIIOFFAI78CA,元段六小段,7.29,都市：商
RPUNMLQLIIOFFAI78CA,元段六小段,10.56,都市：商
RPVNMLTJIIOFFAI98CA,下路頭段,68.00,都市：住
RPVNMLTJIIOFFAI98CA,下路頭段,16.00,都市：其他
RPXNMLLLIIOFFAI58CA,竹圍子段,19.08,都市：住
RPUOMLPKIIOFFAI68CA,湖東段,67.00,都市：住
RPQNMLMKIIOFFAI87CA,湖子內段湖美小段,112.30,都市：住
RPWOMLOKIIOFFAI78CA,同興段,36.90,都市：住
RPROMLPKIIOFFAI38CA,下路頭段,104.00,都市：住
RPSNMLTKIIOFFAI78CA,白川段,2.00,都市：住
RPSNMLTKIIOFFAI78CA,白川段,70.00,都市：住
RPQNMLQLIIOFFAI38CA,劉厝段劉厝小段,10.43,都市：商
RPPOMLTJIIOFFAI48CA,軍輝段,74.00,都市：住
RPXNMLTJIIOFFAI56CA,下路頭段,9.13,都市：住
RPSNMLOKIIOFFAI28CA,竹圍子段,63.00,都市：住
RPTNMLTJIIOFFAI98EA,中庄段,53.00,都市：住
RPQNMLMJJIOFFAI87CA,車店段,106.00,都市：住
RPQNMLMJJIOFFAI87CA,車店段,.74,都市：住
RPQNMLMJJIOFFAI87CA,車店段,1.11,都市：住
RPQNMLMJJIOFFAI87CA,車店段,.53,都市：住
RPQNMLMJJIOFFAI87CA,車店段,34.58,都市：住
RPPNMLTLIIOFFAI78EA,育人段,13.39,都市：農
RPOOMLSLIIOFFAI48CA,湖子內段湖美小段,145.00,都市：住
RPPOMLLMIIOFFAI97CA,西門段一小段,53.00,都市：商
RPRNMLSKIIOFFAI58CA,湖內段,.14,都市：住
RPRNMLSKIIOFFAI58CA,湖內段,5.00,都市：住
RPVNMLSKIIOFFAI98CA,湖內段,.14,都市：住
RPVNMLSKIIOFFAI98CA,湖內段,4.94,都市：住
RPXNMLLJJIOFFAI48CA,竹圍子段一小段,13.05,都市：住
RPWNMLSKIIOFFAI09CA,湖內段,.14,都市：住
RPWNMLSKIIOFFAI09CA,湖內段,5.00,都市：住
RPTNMLSKIIOFFAI78CA,湖內段,.14,都市：住
RPTNMLSKIIOFFAI78CA,湖內段,5.00,都市：住
RPWNMLPLIIOFFAI88CA,車店段,9.75,都市：住
RPVOMLPLIIOFFAI88CA,北門段七小段,3.94,都市：商
RPWNMLPLIIOFFAI88CA,白川段,6.90,都市：住
RPVOMLPLIIOFFAI88CA,北門段七小段,.09,都市：商
RPVOMLPLIIOFFAI88CA,北門段七小段,.02,都市：商
RPUOMLQKIIOFFAI78CA,車店段,34.51,都市：其他
RPUOMLQKIIOFFAI78CA,白川段,3.27,都市：住
RPVNMLPKIIOFFAI68CA,盧厝段,24.01,都市：住
RPRNMLLKIIOFFAI87CA,同興段,29.90,都市：住
RPRNMLLKIIOFFAI87CA,同興段,83.00,都市：住
RPQNMLLKIIOFFAI77CA,同興段,29.90,都市：住
RPQNMLLKIIOFFAI77CA,同興段,83.00,都市：住
RPSNMLLKIIOFFAI97CA,同興段,29.90,都市：住
RPSNMLLKIIOFFAI97CA,同興段,83.00,都市：住
RPTNMLLKIIOFFAI08CA,同興段,29.90,都市：住
RPTNMLLKIIOFFAI08CA,同興段,81.00,都市：住
RPUNMLLKIIOFFAI18CA,同興段,29.90,都市：住
RPUNMLLKIIOFFAI18CA,同興段,80.00,都市：住
RPVNMLLKIIOFFAI28CA,同興段,29.90,都市：住
RPVNMLLKIIOFFAI28CA,同興段,80.00,都市：住
RPTNMLLLIIOFFAI18CA,港子坪段,15.18,都市：住
RPROMLPJJIOFFAI38CA,車店段車店小段,95.00,都市：住
RPWNMLLKIIOFFAI38CA,同興段,29.90,都市：住
RPWNMLLKIIOFFAI38CA,同興段,80.00,都市：住
RPXNMLLKIIOFFAI48CA,同興段,29.90,都市：住
RPXNMLLKIIOFFAI48CA,同興段,86.00,都市：住
RPOOMLLKIIOFFAI67CA,同興段,29.90,都市：住
RPOOMLLKIIOFFAI67CA,同興段,92.00,都市：住
RPPNMLRKIIOFFAI28CA,劉厝段玉山小段,263.89,都市：其他
RPOOMLPKIIOFFAI08CA,下路頭段,50.00,都市：住
RPUNMLPKIIOFFAI58CA,西門段四小段,7.09,都市：商
RPTNMLPKIIOFFAI48CA,東川段,157.00,都市：住
RPVOMLPKIIOFFAI78CA,短竹段,1.00,都市：其他
RPQNMLPKIIOFFAI18CA,湖子內段興安小段,100.06,都市：住
RPPNMLPKIIOFFAI08CA,湖子內段興安小段,101.04,都市：住
RPPOMLPJJIOFFAI18CA,短竹段,2.31,都市：其他
RPPOMLPJJIOFFAI18CA,短竹段,3.55,都市：其他
RPPOMLPJJIOFFAI18CA,短竹段,35.24,都市：其他
RPPOMLPJJIOFFAI18CA,短竹段,82.00,都市：其他
RPPOMLPJJIOFFAI18CA,短竹段,.38,都市：其他
RPPOMLLKIIOFFAI77CA,同興段,29.90,都市：住
RPPOMLLKIIOFFAI77CA,同興段,92.00,都市：住
RPVNMLNLIIOFFAI58CA,盧東段,1.00,都市：農
RPVNMLNLIIOFFAI58CA,盧東段,.89,都市：農
RPVNMLNLIIOFFAI58CA,盧東段,10.03,都市：農
RPVNMLNLIIOFFAI58CA,盧東段,4.15,都市：農
RPVNMLNLIIOFFAI58CA,盧東段,67.14,都市：農
RPVNMLNLIIOFFAI58CA,盧東段,78.13,都市：農
RPVNMLNLIIOFFAI58CA,盧東段,27.09,都市：農
RPVNMLNLIIOFFAI58CA,盧東段,232.16,都市：農
RPSNMLLLIIOFFAI08CA,下路頭段,331.00,都市：住
RPPOMLRJJIOFFAI38CA,竹圍子段二小段,22.18,都市：住
RPTNMLPJJIOFFAI48CA,東川段,8.00,都市：住
RPTNMLPJJIOFFAI48CA,東川段,58.00,都市：住
RPVOMLOKIIOFFAI68CA,東門段七小段,28.00,都市：商
RPVOMLOKIIOFFAI68CA,東門段七小段,13.00,都市：商
RPVOMLOKIIOFFAI68CA,東門段七小段,38.00,都市：商
RPVNMLPJJIOFFAI68CA,下埤段,300.08,都市：農
RPPNMLQKIIOFFAI38EA,下路頭段,90.00,都市：商
RPPNMLQKIIOFFAI38EA,下路頭段,57.00,都市：其他
RPRNMLLLIIOFFAI97CA,北園段,3055.00,都市：農
RPPOMLTLIIOFFAI68CA,竹村段,28.29,都市：住
RPXNMLTKIIOFFAI66CA,育人段,1870.15,都市：農
RPQOMLKMIIOFFAI97CA,車店段車店小段,1.60,都市：住
RPQOMLKMIIOFFAI97CA,車店段車店小段,4.19,都市：住
RPOOMLLLIIOFFAI77CA,後庄段,102.00,都市：住
RPPOMLLJJIOFFAI77CA,竹圍子段,77.00,都市：住
RPOOMLTKIIOFFAI48CA,育人段,501.68,都市：農
RPPNMLOLIIOFFAI18DA,盧厝段,69.00,都市：住
RPPNMLOLIIOFFAI18DA,盧厝段,4.00,都市：住
RPTNMLRKIIOFFAI68CA,下路頭段,78.00,都市：住
RPTNMLQLIIOFFAI68CA,埤子頭段,43.00,都市：住
RPTNMLQLIIOFFAI68CA,埤子頭段,48.00,都市：住
RPROMLQKIIOFFAI48CA,北園段,75.00,都市：住
RPROMLQKIIOFFAI48CA,北園段,120.00,都市：住
RPUOMLSKIIOFFAI98CA,竹圍子段,96.00,都市：住
RPUOMLSKIIOFFAI98CA,竹圍子段,28.00,都市：住
RPPNMLLLIIOFFAI77CA,車店段車店小段,5.93,都市：住
RPRNMLQLIIOFFAI48CA,車店段,34.51,都市：住
RPRNMLQLIIOFFAI48CA,白川段,3.27,都市：住
RPTNMLOLIIOFFAI48CA,湖子內段興安小段,98.47,都市：住
RPSNMLSKIIOFFAI68CA,白川段,42.00,都市：住
RPUNMLRKIIOFFAI78CA,湖子內段湖美小段,907.10,都市：其他
RPXOMLQKIIOFFAI09CA,下路頭段,41.58,都市：住
RPTNMLSJJIOFFAI78CA,短竹段,4.64,都市：住
RPSNMLMLIIOFFAI18CA,湖子內段興安小段,123.90,都市：住
RPRNMLTKIIOFFAI68CA,何庄段,101.46,都市：住
RPPNMLTKIIOFFAI48CA,車店段車店小段,12.18,都市：住
RPPOMLSKIIOFFAI68EA,盧厝段,1.00,都市：農
RPPOMLSKIIOFFAI68EA,盧厝段,1049.00,都市：農
RPPOMLSKIIOFFAI68EA,盧厝段,1.00,都市：農
RPPOMLSKIIOFFAI68EA,盧厝段,1.00,都市：農
RPSOMLLLIIOFFAI18CA,新厝段,96.00,都市：住
RPSOMLLLIIOFFAI18CA,新厝段,24.33,都市：住
RPTOMLLLIIOFFAI28CA,新厝段,94.00,都市：住
RPTOMLLLIIOFFAI28CA,新厝段,24.33,都市：住
RPTNMLLKJIOFFAI18CA,下路頭段,14.14,都市：住
RPWOMLQKIIOFFAI56EA,湖子內段湖美小段,479.99,都市：其他
RPVOMLQKIIOFFAI09EA,湖子內段湖美小段,481.15,都市：其他
RPUNMLSJJIOFFAI88CA,興村段,17.42,都市：住
RPRNMLQJJIOFFAI38CA,下路頭段,494.00,都市：其他
RPQNMLQJJIOFFAI28CA,下路頭段,214.00,都市：其他
RPQNMLQJJIOFFAI28CA,下路頭段,49.00,都市：其他
RPWNMLMLIIOFFAI58CA,遠東段,90.00,都市：住
RPPPMLLKJIOFFAI97CA,湖子內段興安小段,725.15,都市：住
RPVNMLMJJIOFFAI38CA,竹圍子段二小段,22.18,都市：住
RPVNMLLLIIOFFAI38CA,埤子頭段,7.70,都市：住
RPQNMLRLIIOFFAI48CA,湖子內段湖美小段,1040.00,都市：其他
RPQNMLRLIIOFFAI48CA,湖子內段湖美小段,520.00,都市：其他
RPROMLSKIIOFFAI68CA,竹圍子段二小段,8.54,都市：商
RPUNMLSKIIOFFAI88CA,盧厝段,22.01,都市：住
RPQOMLPLIIOFFAI38CA,中山段六小段,23.00,都市：住
RPXNMLMLIIOFFAI68CA,太平段,14.48,都市：住
RPROMLPLIIOFFAI48CA,何庄段,495.87,都市：農
RPPOMLSLIIOFFAI58CA,劉厝段劉厝小段,77.00,都市：住
RPRNMLLMIIOFFAI08CA,短竹段,10.66,都市：商
RPWNMLNLIIOFFAI68CA,北社尾段保安小段,19.02,都市：住
RPOOMLLMIIOFFAI87CA,竹圍子段,46.00,都市：住
RPPOMLMJJIOFFAI87CA,下路頭段,68.00,都市：住
RPSOMLPLIIOFFAI58CA,盧厝段,86.00,都市：農
RPSOMLPLIIOFFAI58CA,盧厝段,22.25,都市：農
RPQOMLLJJIOFFAI87CA,北湖段,215.00,都市：住
RPUNMLLLIIOFFAI28CA,同興段,15.03,都市：住
RPOOMLNLIIOFFAI97CA,湖子內段湖美小段,240.01,都市：其他
RPUNMLOKJIOFFAI58CA,下路頭段,7.00,都市：住
RPUNMLOKJIOFFAI58CA,下路頭段,79.00,都市：住
RPUNMLOKJIOFFAI58CA,下路頭段,5.00,都市：住
RPSOMLLKJIOFFAI18CA,竹圍子段二小段,19.93,都市：住
RPSOMLLJJIOFFAI08CA,港子坪段港坪小段,29.95,都市：住
RPUNMLMLIIOFFAI58EA,下路頭段,39.00,都市：住
RPPNMLPKJIOFFAI18CA,竹圍子段,453.00,都市：住
RPPNMLPKJIOFFAI18CA,竹圍子段,25.00,都市：其他
RPPNMLPKJIOFFAI18CA,竹圍子段,33.00,都市：住
RPPOMLPKJIOFFAI28CA,埤子頭段,11.40,都市：住
RPPOMLPKJIOFFAI28CA,埤子頭段,8.80,都市：住
RPXNMLQJJIOFFAI98CA,盧厝段,49.42,都市：住
RPRNMLSKJIOFFAI68CA,興村段,65.00,都市：住
RPWNMLMJJIOFFAI48CA,劉厝段玉山小段,145.96,都市：住
RPUNMLNKJIOFFAI68EA,遠東段,17.20,都市：住
RPRNMLMLIIOFFAI28EA,車店段,.98,都市：住
RPRNMLMLIIOFFAI28EA,車店段,3.30,都市：住
RPRNMLMLIIOFFAI28EA,車店段,14.52,都市：住
RPSNMLNLIIOFFAI28CA,太平段,.08,都市：住
RPVNMLOKJIOFFAI68CA,竹圍子段,22.96,都市：住
RPVNMLOKJIOFFAI68CA,竹圍子段,3.45,都市：住
RPXNMLOKJIOFFAI88CA,軍輝段,11.84,都市：住
RPOOMLPJJIOFFAI08CA,車店段車店小段,11.12,都市：住
RPVNMLTLIIOFFAI56CA,埤子頭段,23.71,都市：住
RPPOMLMLIIOFFAI97CA,湖子內段湖美小段,108.80,都市：住
RPOOMLTLIIOFFAI58CA,東川段,19.77,都市：其他
RPRNMLNLIIOFFAI18CA,新富段五小段,742.00,都市：商
RPQNMLNLIIOFFAI08CA,下路頭段,57.00,都市：住
RPQNMLNLIIOFFAI08CA,下路頭段,42.00,都市：住
RPTNMLNLIIOFFAI38CA,湖子內段興安小段,1453.09,都市：住
RPQOMLNLIIOFFAI18CA,港子坪段,19.95,都市：住
RPQOMLNKJIOFFAI18CA,盧厝段,24.87,都市：住
RPXNMLNLIIOFFAI78CA,竹圍子段三小段,174.00,都市：住
RPRNMLPLIIOFFAI38CA,埤子頭段,69.50,都市：住
RPQNMLKMIIOFFAI87CA,遠東段,86.00,都市：住
RPPNMLNLIIOFFAI97CA,湖子內段興安小段,100.09,都市：住
RPSOMLSLIIOFFAI88CA,白川段,35.76,都市：住
RPXNMLLMIIOFFAI68CA,車店段,24.64,都市：住
RPXNMLLMIIOFFAI68CA,車店段,.04,都市：住
RPXNMLLMIIOFFAI68CA,白川段,4.43,都市：住
RPXNMLLMIIOFFAI68CA,白川段,.51,都市：住
RPUNMLLMIIOFFAI38CA,遠東段,6.53,都市：住
RPOOMLMJJIOFFAI77CA,竹圍子段二小段,19.93,都市：住
RPWNMLLMIIOFFAI58CA,台斗坑段,21.09,都市：住
RPWNMLLMIIOFFAI58CA,台斗坑段,.01,都市：住
RPSNMLOLIIOFFAI38CA,湖子內段興安小段,105.60,都市：住
RPQNMLTLIIOFFAI68CA,太平段,25.73,都市：住
RPVNMLLKJIOFFAI38CA,北社尾段,22.00,都市：住
RPVNMLLKJIOFFAI38CA,北社尾段,53.00,都市：住
RPOOMLLJJIOFFAI67CA,興村段,33.10,都市：住
RPXNMLPJJIOFFAI88CA,短竹段,4.21,都市：住
RPPOMLKMIIOFFAI87CA,南門段四小段,81.00,都市：商
RPPOMLKMIIOFFAI87CA,南門段四小段,6.00,都市：商
RPOPMLPJJIOFFAI18CA,劉厝段玉山小段,104.23,都市：住
RPPNMLTJJIOFFAI48CA,盧厝段,41.69,都市：住
RPRNMLPKJIOFFAI38CA,太平段,.80,都市：住
RPQPMLPJJIOFFAI38CA,西門段三小段,3.85,都市：商
RPQPMLPJJIOFFAI38CA,西門段三小段,.97,都市：商
RPWNMLPJJIOFFAI78CA,車店段車店小段,304.00,都市：住
RPOOMLKMIIOFFAI77CA,下路頭段,15.40,都市：其他
RPQNMLSLIIOFFAI58CA,中庄段,42.46,都市：住
RPQNMLSJJIOFFAI68EA,湖子內段新民小段,362.34,都市：住
RPOOMLSKJIOFFAI48CA,竹村段,4.60,都市：其他
RPOOMLSKJIOFFAI48CA,竹村段,135.94,都市：其他
RPOOMLSKJIOFFAI48CA,竹村段,530.44,都市：住
RPOOMLSKJIOFFAI48CA,竹村段,1.30,都市：其他
RPOOMLSKJIOFFAI48CA,竹村段,4.53,都市：住
RPOOMLSKJIOFFAI48CA,竹村段,4.26,都市：其他
RPOOMLSKJIOFFAI48CA,竹村段,58.48,都市：其他
RPTNMLKLJIOFFAI18CA,大溪段,132.66,都市：住
RPQOMLSLIIOFFAI68CA,竹圍子段二小段,3.58,都市：商
RPSOMLLMIIOFFAI28CA,北社尾段,64.00,都市：住
RPSOMLLMIIOFFAI28CA,北社尾段,1.00,都市：住
RPSOMLLMIIOFFAI28CA,北社尾段,9.00,都市：住
RPUNMLPLIIOFFAI68CA,港子坪段港坪小段,155.00,都市：住
RPUNMLOLIIOFFAI58CA,北社尾段,12.36,都市：住
RPQNMLPKJIOFFAI28CA,太平段,24.93,都市：住
RPTNMLOJJIOFFAI58EA,新富段七小段,5.89,都市：商
RPPNMLSKJIOFFAI48CA,同興段,12.30,都市：住
RPROMLNKJIOFFAI28CA,白川段,46.98,都市：住
RPXOMLPJJIOFFAI98CA,湖子內段湖美小段,1702.64,都市：住
RPVNMLLMIIOFFAI48CA,竹圍子段,1.11,都市：住
RPVNMLLMIIOFFAI48CA,竹圍子段,.12,都市：住
RPVNMLLMIIOFFAI48CA,竹圍子段,83.00,都市：住
RPRNMLLMIIOFFAI28EA,短竹段,8.91,都市：住
RPWNMLLKJIOFFAI48CA,下路頭段,9.92,都市：住
RPWNMLLKJIOFFAI48CA,下路頭段,112.00,都市：住
RPUOMLPJJIOFFAI68CA,盧厝段,52.00,都市：住
RPUOMLPJJIOFFAI68CA,盧厝段,13.75,都市：住
RPOOMLOKJIOFFAI08CA,車店段車店小段,8.58,都市：住
RPXNMLMJJIOFFAI58CA,北社尾段,12.36,都市：住
RPPNMLSLIIOFFAI68EA,興村段,95.00,都市：住
RPWNMLTLIIOFFAI66CA,檜段四小段,112.00,都市：商
RPQOMLPKJIOFFAI38CA,短竹段,92.00,都市：其他
RPQOMLPKJIOFFAI38CA,短竹段,91.00,都市：其他
RPQOMLOKJIOFFAI28CA,港子坪段港坪小段,28.19,都市：住
RPVNMLMKJIOFFAI48CA,車店段車店小段,27.00,都市：住
RPOOMLPLIIOFFAI18CA,彌陀段,78.00,都市：住
RPOOMLPLIIOFFAI18CA,彌陀段,19.57,都市：住
RPOOMLPLIIOFFAI18CA,彌陀段,.14,都市：住
RPWNMLQJJIOFFAI88CA,遠東段,21.61,都市：住
RPSNMLSKJIOFFAI78CA,遠東段,4815.00,都市：工
RPSNMLSKJIOFFAI78CA,遠東段,4.00,都市：工
RPSNMLSKJIOFFAI78CA,遠東段,159.00,都市：工
RPRNMLKMIIOFFAI18EA,中庄段,51.00,都市：住
RPTNMLTLIIOFFAI98CA,新富段三小段,148.00,都市：商
RPUNMLKMIIOFFAI48EA,北社尾段,15.41,都市：住
RPVNMLPLIIOFFAI78CA,下路頭段,40.00,都市：住
RPVNMLPLIIOFFAI78CA,下路頭段,40.00,都市：住
RPVNMLPLIIOFFAI78CA,下路頭段,.08,都市：住
RPVNMLPLIIOFFAI78CA,下路頭段,.08,都市：住
RPOPMLMLJIOFFAI08CA,遠東段,11.20,都市：住
RPTNMLKMIIOFFAI18CA,車店段車店小段,40.00,都市：住
RPTNMLKMIIOFFAI18CA,車店段車店小段,46.00,都市：住
RPTNMLKMIIOFFAI18CA,車店段車店小段,21.00,都市：住
RPROMLSLIIOFFAI78CA,長竹段,31.46,都市：住
RPVNMLKMIIOFFAI38CA,軍輝段,70.00,都市：住
RPPNMLRLJIOFFAI48CA,育人段,119.62,都市：住
RPWNMLKMIIOFFAI48CA,車店段車店小段,7.31,都市：住
RPOOMLQJJIOFFAI18CA,下路頭段,18.73,都市：住
RPUNMLLJJIOFFAI18CA,埤子頭段,11.64,都市：住
RPRNMLRJJIOFFAI48CA,車店段車店小段,85.00,都市：住
RPRNMLMJJIOFFAI97CA,下路頭段,143.00,都市：住
RPWNMLNLJIOFFAI78CA,同興段,31.44,都市：住
RPXNMLNLJIOFFAI88CA,同興段,15.03,都市：住
RPTOMLMLJIOFFAI48CA,下路頭段,70.00,都市：住
RPTOMLMLJIOFFAI48CA,下路頭段,12.70,都市：住
RPTOMLPJJIOFFAI58CA,車店段,32.33,都市：住
RPROMLLJJIOFFAI97CA,北門段七小段,3.94,都市：商
RPROMLLJJIOFFAI97CA,北門段七小段,.09,都市：商
RPROMLLJJIOFFAI97CA,北門段七小段,.02,都市：商
RPQNMLLMIIOFFAI97CA,湖子內段湖美小段,156.12,都市：商
RPSNMLMJJIOFFAI08CA,下路頭段,90.00,都市：住
RPTNMLSKJIOFFAI88CA,港子坪段港坪小段,426.00,都市：住
RPTOMLLJJIOFFAI18CA,下路頭段,4.44,都市：住
RPQNMLRJJIOFFAI38CA,同興段,20.50,都市：住
RPROMLPKJIOFFAI48CA,湖子內段新民小段,614.44,都市：其他
RPROMLPKJIOFFAI48CA,湖子內段新民小段,604.58,都市：其他
RPROMLPKJIOFFAI48CA,湖子內段新民小段,179.48,都市：其他
RPROMLPKJIOFFAI48CA,湖子內段新民小段,181.47,都市：其他
RPROMLPKJIOFFAI48CA,湖子內段新民小段,607.12,都市：其他
RPROMLPKJIOFFAI48CA,湖子內段新民小段,610.54,都市：其他
RPTNMLLMIIOFFAI48EA,竹圍子段,82.00,都市：住
RPSNMLRJJIOFFAI58CA,同興段,19.14,都市：住
RPSOMLPJJIOFFAI48CA,埤子頭段,61.00,都市：住
RPUNMLLKJIOFFAI48EA,興村段,1.52,都市：住
RPUNMLLKJIOFFAI48EA,興村段,9.16,都市：住
RPWNMLPLJIOFFAI98CA,北社尾段,13.78,都市：住
RPVPMLPLJIOFFAI09CA,西門段五小段,11.00,都市：商
RPVPMLPLJIOFFAI09CA,西門段五小段,21.00,都市：商
RPTOMLRLJIOFFAI98CA,湖子內段興安小段,126.90,都市：住
RPSNMLPLJIOFFAI58CA,湖子內段興安小段,529.38,都市：住
RPPNMLKLJIOFFAI77CA,車店段車店小段,375.38,都市：住
RPRNMLPLJIOFFAI48CA,北社尾段保安小段,15.67,都市：住
RPQNMLOJJIOFFAI28EA,竹圍子段中興小段,8.89,都市：商
RPPNMLMJJIOFFAI77CA,盧東段,86.31,都市：住
RPPNMLMJJIOFFAI77CA,盧東段,1.39,都市：住
RPVNMLOJJIOFFAI58CA,白川段,138.00,都市：住
RPVNMLOJJIOFFAI58CA,白川段,29.14,都市：住
RPWOMLPLJIOFFAI09CA,北社尾段,.46,都市：住
RPSNMLLMIIOFFAI38EA,溪東段,89.56,都市：住
RPSNMLLMIIOFFAI38EA,溪東段,2.00,都市：住
RPSNMLLMIIOFFAI38EA,溪東段,17.40,都市：住
RPSNMLLMIIOFFAI38EA,溪東段,.13,都市：住
RPPNMLLMIIOFFAI08EA,湖內段,23.89,都市：住
RPWNMLMLJIOFFAI68CA,興村段,35.36,都市：住
RPROMLLMIIOFFAI18CA,盧東段,59.51,都市：其他
RPUOMLRLJIOFFAI09CA,湖子內段興安小段,126.90,都市：住
RPPNMLRJJIOFFAI28CA,北湖段,68.00,都市：農
RPQOMLLMIIOFFAI08CA,竹圍子段,60.00,都市：住
RPPPMLPJJIOFFAI28CA,東門段七小段,13.39,都市：商
RPTOMLLKJIOFFAI28CA,短竹段,36.30,都市：其他
RPRPMLPJJIOFFAI48CA,下路頭段,4.35,都市：住
RPPNMLPJJIOFFAI28EA,車店段車店小段,32.22,都市：住
RPPNMLMKJIOFFAI87CA,白川段,34.29,都市：住
RPVNMLLJJIOFFAI28CA,竹圍子段,63.13,都市：住
RPVNMLLJJIOFFAI28CA,竹圍子段,.12,都市：住
RPRNMLLJJIOFFAI87CA,下路頭段,55.00,都市：住
RPRNMLLJJIOFFAI87CA,下路頭段,16.00,都市：住
RPUNMLMJJIOFFAI28CA,竹圍子段,5.00,都市：商
RPUNMLMJJIOFFAI28CA,竹圍子段,162.00,都市：住
RPTNMLMJJIOFFAI18CA,下路頭段,7.07,都市：住
RPWNMLQLJIOFFAI09CA,竹村段,133.37,都市：住
RPWNMLQLJIOFFAI09CA,竹村段,7.12,都市：住
RPWNMLLJJIOFFAI38CA,湖子內段興安小段,66.10,都市：住
RPWNMLLJJIOFFAI38CA,湖子內段興安小段,66.10,都市：住
RPQNMLPLJIOFFAI38CA,埤子頭段,142.00,都市：住
RPQNMLPLJIOFFAI38CA,埤子頭段,143.00,都市：住
RPTNMLRJJIOFFAI68CA,竹村段,23.07,都市：住
RPRNMLPJJIOFFAI28CA,竹圍子段二小段,53.22,都市：商
RPOOMLMLJIOFFAI97CA,竹圍子段,30.55,都市：住
RPRPMLPLJIOFFAI68CA,下路頭段,4.89,都市：住
RPXNMLMLJIOFFAI78CA,下路頭段,28.00,都市：住
RPVOMLMLJIOFFAI68CA,短竹段,.31,都市：住
RPVOMLMLJIOFFAI68CA,短竹段,4.94,都市：住
RPUPMLPLJIOFFAI98CA,榮段三小段,10.00,都市：商
RPUPMLPLJIOFFAI98CA,榮段三小段,34.00,都市：商
RPVNMLNKJIOFFAI58CA,西門段九小段,233.00,都市：商
RPSOMLPKJIOFFAI58CA,湖子內段興安小段,201.08,都市：住
RPWOMLMLJIOFFAI78CA,台斗坑段,18.22,都市：住
RPSOMLMLJIOFFAI38CA,竹圍子段一小段,19.09,都市：住
RPWPMLPLJIOFFAI56CA,太平段,110.00,都市：住
RPWPMLPLJIOFFAI56CA,太平段,4.75,都市：住
RPWPMLPLJIOFFAI56CA,台斗坑段,.44,都市：住
RPUNMLRJJIOFFAI78CA,新富段三小段,1.90,都市：住
RPUNMLRJJIOFFAI78CA,新富段三小段,2.00,都市：商
RPUOMLMLJIOFFAI58CA,車店段車店小段,13.68,都市：住
RPWNMLSKJIOFFAI56CA,短竹段,33.00,都市：住
RPWNMLSKJIOFFAI56CA,短竹段,91.00,都市：住
RPQNMLSKJIOFFAI58CA,湖內段,11.55,都市：商
RPSNMLMKJIOFFAI18CA,育人段,209.55,都市：住
RPWNMLOJJIOFFAI68CA,埤子頭段,344.00,都市：住
RPSOMLNKJIOFFAI38CA,檜段七小段,12.79,都市：商
RPUNMLQJJIOFFAI88EA,竹圍子段,77.00,都市：商
RPSNMLQJJIOFFAI68EA,盧厝段,56.00,都市：住
RPQNMLPJJIOFFAI18CA,下路頭段,3.81,都市：住
RPVNMLRJJIOFFAI88CA,短竹段,14.64,都市：住
RPTNMLQJJIOFFAI58CA,遠東段,4.67,都市：住
RPXNMLLKJIOFFAI58CA,港子坪段,.01,都市：住
RPXNMLLKJIOFFAI58CA,港子坪段,93.00,都市：住
RPXNMLLKJIOFFAI58CA,港子坪段,7.33,都市：住
RPPNMLPLJIOFFAI28CA,太平段,13.67,都市：住
RPQOMLPJJIOFFAI28CA,新厝段,94.00,都市：住
RPQOMLPJJIOFFAI28CA,新厝段,24.33,都市：住
RPVNMLKLJIOFFAI38CA,北園段,487.00,都市：農
RPSNMLLKJIOFFAI08CA,下路頭段,.01,都市：住
RPSNMLLKJIOFFAI08CA,下路頭段,52.55,都市：其他
RPTPMLPJJIOFFAI68CA,車店段車店小段,27.55,都市：住
RPSNMLTKJIOFFAI88CA,港子坪段港坪小段,34.89,都市：住
RPWNMLKLJIOFFAI48CA,北園段,486.00,都市：農
RPXNMLRJJIOFFAI66EA,頂庄段,504.00,都市：農
RPPNMLKKJIOFFAI67CA,遠東段,4330.00,都市：工
RPWNMLRLJIOFFAI56CA,遠東段,2554.00,都市：工
RPROMLRJJIOFFAI58CA,竹圍子段中興小段,17.46,都市：住
RPWNMLRJJIOFFAI98CA,竹圍子段三小段,295.00,都市：住
RPWNMLRJJIOFFAI98CA,竹圍子段三小段,181.00,都市：住
RPRNMLQJJIOFFAI58EA,後庄段,495.81,都市：農
RPSNMLOKJIOFFAI38CA,竹村段,7818.70,都市：農
RPSNMLOKJIOFFAI38CA,竹村段,30.21,都市：農
RPOOMLRJJIOFFAI28CA,埤子頭段,87.00,都市：住
RPXNMLRLJIOFFAI66CA,劉厝段玉山小段,541.58,都市：住
RPPOMLNLJIOFFAI18CA,興村段,34.40,都市：住
RPOOMLNLJIOFFAI08CA,竹圍子段,23.40,都市：住
RPSOMLRLJIOFFAI88CA,育人段,.39,都市：農
RPSOMLRLJIOFFAI88CA,育人段,5.00,都市：住
RPSOMLRLJIOFFAI88CA,育人段,10.00,都市：住
RPSOMLRLJIOFFAI88CA,育人段,75.84,都市：住
RPSPMLPLJIOFFAI78CA,劉厝段劉厝小段,13.35,都市：住
RPROMLKLJIOFFAI08CA,竹圍子段三小段,105.00,都市：住
RPSNMLSJJIOFFAI68CA,劉厝段玉山小段,173.30,都市：住
RPVNMLQJJIOFFAI78CA,後庄段,114.00,都市：住
RPSOMLKLJIOFFAI18CA,竹圍子段三小段,119.00,都市：住
RPTNMLOKJIOFFAI48CA,後庄段,140.00,都市：其他
RPTNMLOKJIOFFAI48CA,後庄段,130.00,都市：其他
RPTNMLOKJIOFFAI48CA,後庄段,79.00,都市：住
RPPOMLMLJIOFFAI08CA,台斗坑段,76.00,都市：住
RPQOMLNLJIOFFAI28CA,中山段二小段,5.59,都市：住
RPQOMLNLJIOFFAI28CA,中山段二小段,11.13,都市：住
RPOPMLPLJIOFFAI38CA,新富段七小段,2.67,都市：商
RPRNMLMKJIOFFAI08CA,下路頭段,88.00,都市：住
RPRNMLMKJIOFFAI08CA,下路頭段,102.00,都市：住
RPRNMLTLJIOFFAI88CA,短竹段,17.55,都市：住
RPRNMLOKJIOFFAI28CA,北湖段,5375.00,都市：農
RPOPMLLKJIOFFAI87CA,台斗坑段,13.15,都市：住
RPUNMLNLJIOFFAI58CA,竹圍子段二小段,10.39,都市：住
RPQPMLLKJIOFFAI08CA,竹圍子段,8.55,都市：其他
RPVNMLNLJIOFFAI68CA,新富段一小段,.62,都市：商
RPVNMLNLJIOFFAI68CA,南門段七小段,17.08,都市：商
RPRNMLSJJIOFFAI58CA,埤子頭段,82.00,都市：住
RPQOMLLKJIOFFAI18EA,劉厝段,39.50,都市：住
RPXOMLLKJIOFFAI88EA,下路頭段,4.87,都市：住
RPXOMLLKJIOFFAI88EA,下路頭段,9.90,都市：住
RPXOMLLKJIOFFAI88EA,湖內段,.32,都市：住
RPXOMLLKJIOFFAI88EA,湖內段,3.40,都市：住
RPXOMLLKJIOFFAI88EA,湖內段,4.98,都市：住
RPPOMLLKJIOFFAI08EA,竹圍子段二小段,23.37,都市：住
RPOOMLOKJIOFFAI28EA,遠東段,1153.00,都市：工
RPVOMLLKJIOFFAI68EA,竹村段,147.34,都市：農
RPVOMLLKJIOFFAI68EA,竹村段,687.16,都市：農
RPRNMLLLJIOFFAI08CA,盧東段,174.27,都市：住
RPRNMLLKJIOFFAI97CA,太平段,.61,都市：住
RPRNMLLKJIOFFAI97CA,太平段,117.00,都市：住
RPROMLLKJIOFFAI28EA,民族段三小段,135.00,都市：住
RPQNMLMKJIOFFAI97CA,短竹段,3.59,都市：住
RPPOMLOKJIOFFAI38EA,遠東段,1991.00,都市：工
RPPOMLOKJIOFFAI38EA,遠東段,1954.00,都市：工
RPUOMLLKJIOFFAI38CA,白川段,15.00,都市：住
RPUOMLLKJIOFFAI38CA,白川段,9.00,都市：住
RPUOMLLKJIOFFAI38CA,白川段,53.00,都市：住
RPQNMLOKJIOFFAI18CA,車店段,25.33,都市：住
RPQNMLOKJIOFFAI18CA,白川段,4.27,都市：住
RPPNMLNKJIOFFAI97CA,育人段,27.99,都市：住
RPPNMLNKJIOFFAI97CA,育人段,87.70,都市：住
RPPNMLNKJIOFFAI97CA,育人段,6.89,都市：住
RPQNMLLKJIOFFAI87CA,短竹段,5.00,都市：住
RPWNMLNKJIOFFAI68CA,湖子內段湖美小段,158.49,都市：商
RPQNMLMLJIOFFAI08CA,車店段車店小段,97.00,都市：住
RPROMLNLJIOFFAI38CA,竹圍子段,103.00,都市：住
RPROMLNLJIOFFAI38CA,竹圍子段,26.45,都市：住
RPRNMLMJKIOFFAI08CA,北社尾段保安小段,25.33,都市：其他
RPRNMLMJKIOFFAI08CA,埤子頭段,6.33,都市：住
RPROMLMLJIOFFAI28CA,元段五小段,19.00,都市：商
RPROMLMLJIOFFAI28CA,元段五小段,17.00,都市：商
RPROMLMLJIOFFAI28CA,元段五小段,19.00,都市：商
RPSNMLNJKIOFFAI28CA,荖藤段,90.00,都市：住
RPQNMLOJKIOFFAI18CA,下路頭段,23.00,都市：住
RPQNMLOJKIOFFAI18CA,下路頭段,21.80,都市：住
RPPNMLOJKIOFFAI08CA,育人段,125.39,都市：住
RPQOMLOJKIOFFAI28CA,盧厝段,43.33,都市：住
RPPOMLPJKIOFFAI48EA,竹圍子段,17.97,都市：住
RPWOMLOJKIOFFAI88CA,遠東段,65.57,都市：住
