﻿編號,土地區段位置,土地移轉面積平方公尺,使用分區或編定
The serial number,land sector position,land shifting area square meter,the use zoning or compiles and checks
RPUOMLNJIIOFFDK56DC,牛欄湖段,21901.00,非都市：山坡地保育區 ; 非都市編定：農牧用地
RPSNMLKMIIOFFBK58CC,玉清段,.00,非都市：鄉村區 ; 非都市編定：乙種建築用地
RPQNMLTLIIOFFBK56CC,苗栗段,.00,都市：商
RPPNMLPJJIOFFBK58CC,文峰段,445.00,都市：住
RPQNMLQKIIOFFBK78CC,恭敬段,.00,都市：住
RPQNMLLJIIOFFBK18CC,文峰段,19.65,都市：住
RPPNMLOJIIOFFBK38CC,巨蛋段,45.26,都市：住
RPQNMLTJRHOFFBK17CC,苗栗段,265.00,都市：住
