﻿編號,土地區段位置,土地移轉面積平方公尺,使用分區或編定
The serial number,land sector position,land shifting area square meter,the use zoning or compiles and checks
RPPOMLOKQHOFFAO86CB,東光段,18.99,都市：其他
RPUOMLOKQHOFFAO37CB,東光段,19.12,都市：其他
RPVOMLOKQHOFFAO47CB,東光段,19.12,都市：其他
RPSOMLOKQHOFFAO17CB,東光段,26.80,都市：其他
RPOPMLOKQHOFFAO86CB,東光段,20.47,都市：其他
RPWOMLOKQHOFFAO57CB,東光段,20.20,都市：其他
RPXOMLOKQHOFFAO67CB,東光段,20.47,都市：其他
RPPPMLOKQHOFFAO96CB,東光段,20.07,都市：其他
RPRPMLOKQHOFFAO17CB,東光段,23.57,都市：其他
RPQPMLOKQHOFFAO07CB,東光段,23.57,都市：其他
RPSPMLOKQHOFFAO27CB,東光段,20.60,都市：其他
RPUPMLOKQHOFFAO47CB,東光段,17.91,都市：其他
RPTPMLOKQHOFFAO37CB,東光段,20.60,都市：其他
RPOPMLMKQHOFFAO86EB,香村段,155.25,非都市：山坡地保育區 ; 非都市編定：丙種建築用地
RPOPMLMKQHOFFAO86EB,香村段,25.33,非都市：山坡地保育區 ; 非都市編定：丙種建築用地
RPOPMLMKQHOFFAO86EB,香村段,5.55,非都市：山坡地保育區 ; 非都市編定：丙種建築用地
RPOPMLMKQHOFFAO86EB,香村段,5.35,非都市：山坡地保育區 ; 非都市編定：丙種建築用地
RPOPMLMKQHOFFAO86EB,香村段,6.64,非都市：山坡地保育區 ; 非都市編定：丙種建築用地
RPOPMLMKQHOFFAO86EB,香村段,22.37,非都市：山坡地保育區 ; 非都市編定：農牧用地
RPPPMLMKQHOFFAO96EB,香村段,160.92,非都市：山坡地保育區 ; 非都市編定：丙種建築用地
RPPPMLMKQHOFFAO96EB,香村段,25.33,非都市：山坡地保育區 ; 非都市編定：丙種建築用地
RPPPMLMKQHOFFAO96EB,香村段,5.55,非都市：山坡地保育區 ; 非都市編定：丙種建築用地
RPPPMLMKQHOFFAO96EB,香村段,5.35,非都市：山坡地保育區 ; 非都市編定：丙種建築用地
RPPPMLMKQHOFFAO96EB,香村段,6.64,非都市：山坡地保育區 ; 非都市編定：丙種建築用地
RPPPMLMKQHOFFAO96EB,香村段,22.37,非都市：山坡地保育區 ; 非都市編定：農牧用地
RPWNMLMKQHOFFAO47EB,香村段,147.11,非都市：山坡地保育區 ; 非都市編定：丙種建築用地
RPWNMLMKQHOFFAO47EB,香村段,25.33,非都市：山坡地保育區 ; 非都市編定：丙種建築用地
RPWNMLMKQHOFFAO47EB,香村段,5.55,非都市：山坡地保育區 ; 非都市編定：丙種建築用地
RPWNMLMKQHOFFAO47EB,香村段,5.35,非都市：山坡地保育區 ; 非都市編定：丙種建築用地
RPWNMLMKQHOFFAO47EB,香村段,6.64,非都市：山坡地保育區 ; 非都市編定：丙種建築用地
RPWNMLMKQHOFFAO47EB,香村段,22.37,非都市：山坡地保育區 ; 非都市編定：農牧用地
RPOOMLMKQHOFFAO76EB,香村段,155.68,非都市：山坡地保育區 ; 非都市編定：丙種建築用地
RPOOMLMKQHOFFAO76EB,香村段,25.33,非都市：山坡地保育區 ; 非都市編定：丙種建築用地
RPOOMLMKQHOFFAO76EB,香村段,5.55,非都市：山坡地保育區 ; 非都市編定：丙種建築用地
RPOOMLMKQHOFFAO76EB,香村段,5.35,非都市：山坡地保育區 ; 非都市編定：丙種建築用地
RPOOMLMKQHOFFAO76EB,香村段,6.64,非都市：山坡地保育區 ; 非都市編定：丙種建築用地
RPOOMLMKQHOFFAO76EB,香村段,22.37,非都市：山坡地保育區 ; 非都市編定：農牧用地
RPOOMLMKQHOFFAO76EB,香村段,10.18,非都市：山坡地保育區 ; 非都市編定：丙種建築用地
RPVNMLMKQHOFFAO37EB,香村段,153.01,非都市：山坡地保育區 ; 非都市編定：丙種建築用地
RPVNMLMKQHOFFAO37EB,香村段,25.33,非都市：山坡地保育區 ; 非都市編定：丙種建築用地
RPVNMLMKQHOFFAO37EB,香村段,5.55,非都市：山坡地保育區 ; 非都市編定：丙種建築用地
RPVNMLMKQHOFFAO37EB,香村段,5.35,非都市：山坡地保育區 ; 非都市編定：丙種建築用地
RPVNMLMKQHOFFAO37EB,香村段,6.64,非都市：山坡地保育區 ; 非都市編定：丙種建築用地
RPVNMLMKQHOFFAO37EB,香村段,22.37,非都市：山坡地保育區 ; 非都市編定：農牧用地
RPXOMLMKQHOFFAO67EB,香村段,147.11,非都市：山坡地保育區 ; 非都市編定：丙種建築用地
RPXOMLMKQHOFFAO67EB,香村段,25.33,非都市：山坡地保育區 ; 非都市編定：丙種建築用地
RPXOMLMKQHOFFAO67EB,香村段,5.55,非都市：山坡地保育區 ; 非都市編定：丙種建築用地
RPXOMLMKQHOFFAO67EB,香村段,5.35,非都市：山坡地保育區 ; 非都市編定：丙種建築用地
RPXOMLMKQHOFFAO67EB,香村段,6.64,非都市：山坡地保育區 ; 非都市編定：丙種建築用地
RPXOMLMKQHOFFAO67EB,香村段,22.37,非都市：山坡地保育區 ; 非都市編定：農牧用地
RPWOMLMKQHOFFAO57EB,香村段,176.61,非都市：山坡地保育區 ; 非都市編定：丙種建築用地
RPWOMLMKQHOFFAO57EB,香村段,25.33,非都市：山坡地保育區 ; 非都市編定：丙種建築用地
RPWOMLMKQHOFFAO57EB,香村段,5.55,非都市：山坡地保育區 ; 非都市編定：丙種建築用地
RPWOMLMKQHOFFAO57EB,香村段,5.35,非都市：山坡地保育區 ; 非都市編定：丙種建築用地
RPWOMLMKQHOFFAO57EB,香村段,6.64,非都市：山坡地保育區 ; 非都市編定：丙種建築用地
RPWOMLMKQHOFFAO57EB,香村段,22.37,非都市：山坡地保育區 ; 非都市編定：農牧用地
RPTQMLOKQHOFFAO47CB,東光段,19.12,都市：其他
RPUQMLOKQHOFFAO57CB,東光段,19.12,都市：其他
RPXPMLOKQHOFFAO77CB,東光段,18.85,都市：其他
RPVPMLOKQHOFFAO57CB,東光段,12.79,都市：其他
RPPQMLOKQHOFFAO07CB,東光段,18.85,都市：其他
RPQQMLOKQHOFFAO17CB,東光段,24.51,都市：其他
RPWPMLOKQHOFFAO67CB,東光段,20.60,都市：其他
RPRQMLOKQHOFFAO27CB,東光段,20.87,都市：其他
RPVQMLOKQHOFFAO67CB,東光段,20.20,都市：其他
RPOQMLOKQHOFFAO96CB,東光段,20.20,都市：其他
RPWQMLOKQHOFFAO77CB,東光段,18.85,都市：其他
RPORMLOKQHOFFAO07CB,東光段,23.57,都市：其他
RPQRMLOKQHOFFAO27CB,東光段,20.20,都市：其他
RPPRMLOKQHOFFAO17CB,東光段,20.20,都市：其他
RPRRMLOKQHOFFAO37CB,東光段,20.47,都市：其他
RPSRMLOKQHOFFAO47CB,東光段,20.34,都市：其他
RPXQMLOKQHOFFAO87CB,東光段,20.47,都市：其他
RPQSMLOKQHOFFAO37CB,東光段,24.51,都市：其他
RPTRMLOKQHOFFAO57CB,東光段,20.47,都市：其他
RPSQMLOKQHOFFAO37CB,東光段,20.20,都市：其他
RPURMLOKQHOFFAO67CB,東光段,20.60,都市：其他
RPXRMLOKQHOFFAO97CB,東光段,20.20,都市：其他
RPVRMLOKQHOFFAO77CB,東光段,20.47,都市：其他
RPOSMLOKQHOFFAO17CB,東光段,20.47,都市：其他
RPPSMLOKQHOFFAO27CB,東光段,12.66,都市：其他
RPWRMLOKQHOFFAO87CB,東光段,24.51,都市：其他
RPRSMLOKQHOFFAO47CB,東光段,23.57,都市：其他
RPVSMLOKQHOFFAO87CB,東光段,23.57,都市：其他
RPSSMLOKQHOFFAO57CB,東光段,18.85,都市：其他
RPWSMLOKQHOFFAO97CB,東光段,20.20,都市：其他
RPPTMLOKQHOFFAO37CB,東光段,24.51,都市：其他
RPOTMLOKQHOFFAO27CB,東光段,20.20,都市：其他
RPUSMLOKQHOFFAO77CB,東光段,20.20,都市：其他
RPQTMLOKQHOFFAO47CB,東光段,20.47,都市：其他
RPTSMLOKQHOFFAO67CB,東光段,20.60,都市：其他
RPXSMLOKQHOFFAO08CB,東光段,20.47,都市：其他
RPWTMLOKQHOFFAO08CB,東光段,24.51,都市：其他
RPUTMLOKQHOFFAO87CB,東光段,24.51,都市：其他
RPTTMLOKQHOFFAO77CB,東光段,17.91,都市：其他
RPVTMLOKQHOFFAO97CB,東光段,20.60,都市：其他
RPSTMLOKQHOFFAO67CB,東光段,20.60,都市：其他
RPRTMLOKQHOFFAO57CB,東光段,19.12,都市：其他
RPOUMLOKQHOFFAO37CB,東光段,20.20,都市：其他
RPQUMLOKQHOFFAO57CB,東光段,19.39,都市：其他
RPSUMLOKQHOFFAO77CB,東光段,19.39,都市：其他
RPPUMLOKQHOFFAO47CB,東光段,19.39,都市：其他
RPVUMLOKQHOFFAO08CB,東光段,20.20,都市：其他
RPTUMLOKQHOFFAO87CB,東光段,20.20,都市：其他
RPUUMLOKQHOFFAO97CB,東光段,20.47,都市：其他
RPRUMLOKQHOFFAO67CB,東光段,20.47,都市：其他
RPWUMLOKQHOFFAO18CB,東光段,20.20,都市：其他
RPXUMLOKQHOFFAO28CB,東光段,19.39,都市：其他
RPXTMLOKQHOFFAO18CB,東光段,20.20,都市：其他
RPPVMLOKQHOFFAO57CB,東光段,23.57,都市：其他
RPRVMLOKQHOFFAO77CB,東光段,20.47,都市：其他
RPSVMLOKQHOFFAO87CB,東光段,20.60,都市：其他
RPQVMLOKQHOFFAO67CB,東光段,12.79,都市：其他
RPUVMLOKQHOFFAO08CB,東光段,24.51,都市：其他
RPOVMLOKQHOFFAO47CB,東光段,18.85,都市：其他
RPTVMLOKQHOFFAO97CB,東光段,24.51,都市：其他
RPWVMLOKQHOFFAO28CB,東光段,19.12,都市：其他
RPVVMLOKQHOFFAO18CB,東光段,20.20,都市：其他
RPXVMLOKQHOFFAO38CB,東光段,20.60,都市：其他
RPPWMLOKQHOFFAO67CB,東光段,24.51,都市：其他
RPOWMLOKQHOFFAO57CB,東光段,19.12,都市：其他
RPXWMLOKQHOFFAO48CB,東光段,24.51,都市：其他
RPONNLOKQHOFFAO76CB,東光段,20.20,都市：其他
RPVWMLOKQHOFFAO28CB,東光段,20.20,都市：其他
RPWWMLOKQHOFFAO38CB,東光段,20.60,都市：其他
RPTWMLOKQHOFFAO08CB,東光段,20.47,都市：其他
RPSWMLOKQHOFFAO97CB,東光段,20.20,都市：其他
RPUWMLOKQHOFFAO18CB,東光段,20.47,都市：其他
RPPNNLOKQHOFFAO86CB,東光段,21.55,都市：其他
RPQWMLOKQHOFFAO77CB,東光段,18.85,都市：其他
RPRWMLOKQHOFFAO87CB,東光段,20.20,都市：其他
RPQNNLOKQHOFFAO96CB,東光段,23.57,都市：其他
RPSNNLOKQHOFFAO17CB,東光段,20.47,都市：其他
RPRNNLOKQHOFFAO07CB,東光段,20.47,都市：其他
RPUNNLOKQHOFFAO37CB,東光段,23.57,都市：其他
RPTNNLOKQHOFFAO27CB,東光段,19.39,都市：其他
RPVNNLOKQHOFFAO47CB,東光段,19.12,都市：其他
RPWNNLOKQHOFFAO57CB,東光段,18.85,都市：其他
RPSONLOKQHOFFAO27CB,東光段,20.07,都市：其他
RPXNNLOKQHOFFAO67CB,東光段,20.20,都市：其他
RPPONLOKQHOFFAO96CB,東光段,20.20,都市：其他
RPRONLOKQHOFFAO17CB,東光段,23.57,都市：其他
RPQONLOKQHOFFAO07CB,東光段,20.47,都市：其他
RPOONLOKQHOFFAO86CB,東光段,20.20,都市：其他
RPUONLOKQHOFFAO47CB,東光段,19.39,都市：其他
RPTONLOKQHOFFAO37CB,東光段,18.85,都市：其他
RPVONLOKQHOFFAO57CB,東光段,19.39,都市：其他
RPWONLOKQHOFFAO67CB,東光段,20.20,都市：其他
RPPPNLOKQHOFFAO07CB,東光段,20.47,都市：其他
RPVPNLOKQHOFFAO67CB,東光段,20.20,都市：其他
RPXONLOKQHOFFAO77CB,東光段,20.47,都市：其他
RPQPNLOKQHOFFAO17CB,東光段,20.20,都市：其他
RPOPNLOKQHOFFAO96CB,東光段,20.07,都市：其他
RPSPNLOKQHOFFAO37CB,東光段,20.20,都市：其他
RPTPNLOKQHOFFAO47CB,東光段,20.20,都市：其他
RPRPNLOKQHOFFAO27CB,東光段,20.47,都市：其他
RPUPNLOKQHOFFAO57CB,東光段,20.20,都市：其他
RPWPNLOKQHOFFAO77CB,東光段,19.12,都市：其他
RPOQNLOKQHOFFAO07CB,東光段,20.60,都市：其他
RPXPNLOKQHOFFAO87CB,東光段,20.20,都市：其他
RPUQNLOKQHOFFAO67CB,東光段,23.57,都市：其他
RPVQNLOKQHOFFAO77CB,東光段,20.47,都市：其他
RPWQNLOKQHOFFAO87CB,東光段,20.47,都市：其他
RPORNLOKQHOFFAO17CB,東光段,19.39,都市：其他
RPXQNLOKQHOFFAO97CB,東光段,18.85,都市：其他
RPQRNLOKQHOFFAO37CB,東光段,19.12,都市：其他
RPPRNLOKQHOFFAO27CB,東光段,20.47,都市：其他
RPRRNLOKQHOFFAO47CB,東光段,18.85,都市：其他
RPTRNLOKQHOFFAO67CB,東光段,19.39,都市：其他
RPSRNLOKQHOFFAO57CB,東光段,20.20,都市：其他
RPRQNLOKQHOFFAO37CB,東光段,19.39,都市：其他
RPPQNLOKQHOFFAO17CB,東光段,20.20,都市：其他
RPQQNLOKQHOFFAO27CB,東光段,19.39,都市：其他
RPSQNLOKQHOFFAO47CB,東光段,17.91,都市：其他
RPTQNLOKQHOFFAO57CB,東光段,12.66,都市：其他
RPOSNLOKQHOFFAO27CB,東光段,20.20,都市：其他
RPQSNLOKQHOFFAO47CB,東光段,24.51,都市：其他
RPPSNLOKQHOFFAO37CB,東光段,20.07,都市：其他
RPRSNLOKQHOFFAO57CB,東光段,20.20,都市：其他
RPSSNLOKQHOFFAO67CB,東光段,20.20,都市：其他
RPTSNLOKQHOFFAO77CB,東光段,19.12,都市：其他
RPUSNLOKQHOFFAO87CB,東光段,20.47,都市：其他
RPWSNLOKQHOFFAO08CB,東光段,20.07,都市：其他
RPVSNLOKQHOFFAO97CB,東光段,18.85,都市：其他
RPXSNLOKQHOFFAO18CB,東光段,20.47,都市：其他
RPQTNLOKQHOFFAO57CB,東光段,20.20,都市：其他
RPPTNLOKQHOFFAO47CB,東光段,24.51,都市：其他
RPSTNLOKQHOFFAO77CB,東光段,23.57,都市：其他
RPWRNLOKQHOFFAO97CB,東光段,19.39,都市：其他
RPVRNLOKQHOFFAO87CB,東光段,20.07,都市：其他
RPXRNLOKQHOFFAO08CB,東光段,18.85,都市：其他
RPURNLOKQHOFFAO77CB,東光段,23.57,都市：其他
RPTTNLOKQHOFFAO87CB,東光段,20.07,都市：其他
RPWTNLOKQHOFFAO18CB,東光段,20.20,都市：其他
RPUTNLOKQHOFFAO97CB,東光段,20.20,都市：其他
RPVTNLOKQHOFFAO08CB,東光段,20.47,都市：其他
RPOTNLOKQHOFFAO37CB,東光段,20.60,都市：其他
RPRTNLOKQHOFFAO67CB,東光段,19.39,都市：其他
RPWUNLOKQHOFFAO28CB,東光段,19.12,都市：其他
RPVUNLOKQHOFFAO18CB,東光段,18.85,都市：其他
RPXUNLOKQHOFFAO38CB,東光段,18.85,都市：其他
RPOVNLOKQHOFFAO57CB,東光段,20.60,都市：其他
RPQVNLOKQHOFFAO77CB,東光段,19.12,都市：其他
RPPVNLOKQHOFFAO67CB,東光段,19.39,都市：其他
RPSVNLOKQHOFFAO97CB,東光段,20.47,都市：其他
RPRVNLOKQHOFFAO87CB,東光段,19.39,都市：其他
RPXTNLOKQHOFFAO28CB,東光段,20.20,都市：其他
RPSUNLOKQHOFFAO87CB,東光段,20.20,都市：其他
RPOUNLOKQHOFFAO47CB,東光段,20.07,都市：其他
RPPUNLOKQHOFFAO57CB,東光段,20.60,都市：其他
RPTUNLOKQHOFFAO97CB,東光段,12.79,都市：其他
RPQUNLOKQHOFFAO67CB,東光段,20.07,都市：其他
RPTVNLOKQHOFFAO08CB,東光段,20.20,都市：其他
RPRUNLOKQHOFFAO77CB,東光段,12.66,都市：其他
RPUVNLOKQHOFFAO18CB,東光段,20.20,都市：其他
RPUUNLOKQHOFFAO08CB,東光段,20.07,都市：其他
RPVVNLOKQHOFFAO28CB,東光段,23.57,都市：其他
RPOWNLOKQHOFFAO67CB,東光段,19.39,都市：其他
RPWVNLOKQHOFFAO38CB,東光段,22.49,都市：其他
RPXVNLOKQHOFFAO48CB,東光段,24.91,都市：其他
RPQWNLOKQHOFFAO87CB,東光段,24.91,都市：其他
RPPWNLOKQHOFFAO77CB,東光段,18.85,都市：其他
RPRWNLOKQHOFFAO97CB,東光段,21.68,都市：其他
RPQNOLOKQHOFFAO07CB,東光段,17.64,都市：其他
RPXWNLOKQHOFFAO58CB,東光段,13.06,都市：其他
RPWWNLOKQHOFFAO48CB,東光段,19.39,都市：其他
RPTNOLOKQHOFFAO37CB,東光段,16.56,都市：其他
RPSWNLOKQHOFFAO08CB,東光段,22.62,都市：其他
RPSNOLOKQHOFFAO27CB,東光段,16.16,都市：其他
RPTWNLOKQHOFFAO18CB,東光段,18.45,都市：其他
RPPNOLOKQHOFFAO96CB,東光段,25.05,都市：其他
RPVWNLOKQHOFFAO38CB,東光段,14.54,都市：其他
RPUWNLOKQHOFFAO28CB,東光段,16.16,都市：其他
RPUNOLOKQHOFFAO47CB,東光段,19.39,都市：其他
RPVNOLOKQHOFFAO57CB,東光段,24.91,都市：其他
RPWNOLOKQHOFFAO67CB,東光段,17.64,都市：其他
RPXNOLOKQHOFFAO77CB,東光段,18.45,都市：其他
RPOOOLOKQHOFFAO96CB,東光段,19.39,都市：其他
RPOPOLOKQHOFFAO07CB,東光段,18.85,都市：其他
RPWOOLOKQHOFFAO77CB,東光段,19.39,都市：其他
RPQOOLOKQHOFFAO17CB,東光段,18.45,都市：其他
RPPPOLOKQHOFFAO17CB,東光段,18.85,都市：其他
RPPOOLOKQHOFFAO07CB,東光段,13.06,都市：其他
RPQPOLOKQHOFFAO27CB,東光段,19.39,都市：其他
RPVOOLOKQHOFFAO67CB,東光段,19.39,都市：其他
RPROOLOKQHOFFAO27CB,東光段,19.39,都市：其他
RPUOOLOKQHOFFAO57CB,東光段,17.64,都市：其他
RPXOOLOKQHOFFAO87CB,東光段,19.39,都市：其他
RPSOOLOKQHOFFAO37CB,東光段,23.43,都市：其他
RPTOOLOKQHOFFAO47CB,東光段,24.91,都市：其他
RPTPOLOKQHOFFAO57CB,東光段,18.45,都市：其他
RPUPOLOKQHOFFAO67CB,東光段,12.66,都市：其他
RPSPOLOKQHOFFAO47CB,東光段,13.06,都市：其他
RPVPOLOKQHOFFAO77CB,東光段,13.60,都市：其他
RPRPOLOKQHOFFAO37CB,東光段,19.39,都市：其他
RPOQOLOKQHOFFAO17CB,東光段,13.60,都市：其他
RPRQOLOKQHOFFAO47CB,東光段,17.64,都市：其他
RPQQOLOKQHOFFAO37CB,東光段,24.91,都市：其他
RPPQOLOKQHOFFAO27CB,東光段,13.60,都市：其他
RPWPOLOKQHOFFAO87CB,東光段,13.60,都市：其他
RPXPOLOKQHOFFAO97CB,東光段,13.60,都市：其他
RPTQOLOKQHOFFAO67CB,東光段,21.68,都市：其他
RPSQOLOKQHOFFAO57CB,東光段,24.91,都市：其他
RPUQOLOKQHOFFAO77CB,東光段,17.64,都市：其他
RPVQOLOKQHOFFAO87CB,東光段,22.49,都市：其他
RPPROLOKQHOFFAO37CB,東光段,13.60,都市：其他
RPQROLOKQHOFFAO47CB,東光段,18.85,都市：其他
RPRROLOKQHOFFAO57CB,東光段,14.54,都市：其他
RPSROLOKQHOFFAO67CB,東光段,13.06,都市：其他
RPVROLOKQHOFFAO97CB,東光段,18.85,都市：其他
RPTROLOKQHOFFAO77CB,東光段,22.62,都市：其他
RPUROLOKQHOFFAO87CB,東光段,18.45,都市：其他
RPWROLOKQHOFFAO08CB,東光段,16.16,都市：其他
RPQSOLOKQHOFFAO57CB,東光段,18.85,都市：其他
RPRSOLOKQHOFFAO67CB,東光段,17.64,都市：其他
RPSSOLOKQHOFFAO77CB,東光段,13.60,都市：其他
RPTSOLOKQHOFFAO87CB,東光段,24.91,都市：其他
RPWQOLOKQHOFFAO97CB,東光段,19.39,都市：其他
RPVSOLOKQHOFFAO08CB,東光段,18.45,都市：其他
RPUSOLOKQHOFFAO97CB,東光段,14.54,都市：其他
RPXQOLOKQHOFFAO08CB,東光段,18.45,都市：其他
RPXROLOKQHOFFAO18CB,東光段,14.54,都市：其他
RPPSOLOKQHOFFAO47CB,東光段,19.39,都市：其他
RPOSOLOKQHOFFAO37CB,東光段,13.60,都市：其他
RPOROLOKQHOFFAO27CB,東光段,18.85,都市：其他
RPRTOLOKQHOFFAO77CB,東光段,22.49,都市：其他
RPSTOLOKQHOFFAO87CB,東光段,24.91,都市：其他
RPVTOLOKQHOFFAO18CB,東光段,13.06,都市：其他
RPTTOLOKQHOFFAO97CB,東光段,18.45,都市：其他
RPUTOLOKQHOFFAO08CB,東光段,18.45,都市：其他
RPWSOLOKQHOFFAO18CB,東光段,13.06,都市：其他
RPXSOLOKQHOFFAO28CB,東光段,16.16,都市：其他
RPQTOLOKQHOFFAO67CB,東光段,17.64,都市：其他
RPPTOLOKQHOFFAO57CB,東光段,24.91,都市：其他
RPOTOLOKQHOFFAO47CB,東光段,22.49,都市：其他
RPOUOLOKQHOFFAO57CB,東光段,21.68,都市：其他
RPWTOLOKQHOFFAO28CB,東光段,17.64,都市：其他
RPPUOLOKQHOFFAO67CB,東光段,12.66,都市：其他
RPXTOLOKQHOFFAO38CB,東光段,24.91,都市：其他
RPQUOLOKQHOFFAO77CB,東光段,23.43,都市：其他
RPRUOLOKQHOFFAO87CB,東光段,21.68,都市：其他
RPSUOLOKQHOFFAO97CB,東光段,24.91,都市：其他
RPTUOLOKQHOFFAO08CB,東光段,18.85,都市：其他
RPUUOLOKQHOFFAO18CB,東光段,24.91,都市：其他
RPXUOLOKQHOFFAO48CB,東光段,21.68,都市：其他
RPWUOLOKQHOFFAO38CB,東光段,13.60,都市：其他
RPVUOLOKQHOFFAO28CB,東光段,13.06,都市：其他
RPPVOLOKQHOFFAO77CB,東光段,22.62,都市：其他
RPOVOLOKQHOFFAO67CB,東光段,25.86,都市：其他
RPQVOLOKQHOFFAO87CB,東光段,17.64,都市：其他
RPRVOLOKQHOFFAO97CB,東光段,18.85,都市：其他
RPVVOLOKQHOFFAO38CB,東光段,18.45,都市：其他
RPTVOLOKQHOFFAO18CB,東光段,13.60,都市：其他
RPUVOLOKQHOFFAO28CB,東光段,18.85,都市：其他
RPSVOLOKQHOFFAO08CB,東光段,24.91,都市：其他
RPXVOLOKQHOFFAO58CB,東光段,18.85,都市：其他
RPWVOLOKQHOFFAO48CB,東光段,18.85,都市：其他
RPOWOLOKQHOFFAO77CB,東光段,22.62,都市：其他
RPVWOLOKQHOFFAO48CB,東光段,16.16,都市：其他
RPWWOLOKQHOFFAO58CB,東光段,16.16,都市：其他
RPXWOLOKQHOFFAO68CB,東光段,22.49,都市：其他
RPONPLOKQHOFFAO96CB,東光段,18.45,都市：其他
RPPNPLOKQHOFFAO07CB,東光段,18.85,都市：其他
RPQNPLOKQHOFFAO17CB,東光段,21.68,都市：其他
RPRNPLOKQHOFFAO27CB,東光段,13.06,都市：其他
RPTNPLOKQHOFFAO47CB,東光段,13.06,都市：其他
RPUNPLOKQHOFFAO57CB,東光段,13.06,都市：其他
RPVNPLOKQHOFFAO67CB,東光段,13.06,都市：其他
RPWNPLOKQHOFFAO77CB,東光段,13.06,都市：其他
RPXNPLOKQHOFFAO87CB,東光段,16.16,都市：其他
RPOOPLOKQHOFFAO07CB,東光段,24.91,都市：其他
RPROPLOKQHOFFAO37CB,東光段,13.60,都市：其他
RPPOPLOKQHOFFAO17CB,東光段,18.85,都市：其他
RPQOPLOKQHOFFAO27CB,東光段,16.16,都市：其他
RPSOPLOKQHOFFAO47CB,東光段,12.66,都市：其他
RPUOPLOKQHOFFAO67CB,東光段,18.85,都市：其他
RPTOPLOKQHOFFAO57CB,東光段,18.85,都市：其他
RPVOPLOKQHOFFAO77CB,東光段,22.62,都市：其他
RPOPPLOKQHOFFAO17CB,東光段,13.60,都市：其他
RPWOPLOKQHOFFAO87CB,東光段,25.86,都市：其他
RPXOPLOKQHOFFAO97CB,東光段,19.39,都市：其他
RPPPPLOKQHOFFAO27CB,東光段,18.45,都市：其他
RPRWOLOKQHOFFAO08CB,東光段,18.85,都市：其他
RPTWOLOKQHOFFAO28CB,東光段,17.64,都市：其他
RPQWOLOKQHOFFAO97CB,東光段,24.91,都市：其他
RPSWOLOKQHOFFAO18CB,東光段,16.16,都市：其他
RPUWOLOKQHOFFAO38CB,東光段,18.85,都市：其他
RPQPPLOKQHOFFAO37CB,東光段,18.72,都市：其他
RPPWOLOKQHOFFAO87CB,東光段,22.62,都市：其他
RPRPPLOKQHOFFAO47CB,東光段,13.60,都市：其他
RPTPPLOKQHOFFAO67CB,東光段,16.16,都市：其他
RPSQPLOKQHOFFAO67CB,東光段,19.39,都市：其他
RPUPPLOKQHOFFAO77CB,東光段,24.91,都市：其他
RPVPPLOKQHOFFAO87CB,東光段,22.49,都市：其他
RPTQPLOKQHOFFAO77CB,東光段,17.64,都市：其他
RPSPPLOKQHOFFAO57CB,東光段,17.64,都市：其他
RPXPPLOKQHOFFAO08CB,東光段,12.66,都市：其他
RPRQPLOKQHOFFAO57CB,東光段,24.91,都市：其他
RPPQPLOKQHOFFAO37CB,東光段,21.68,都市：其他
RPWPPLOKQHOFFAO97CB,東光段,24.91,都市：其他
RPQQPLOKQHOFFAO47CB,東光段,24.91,都市：其他
RPOQPLOKQHOFFAO27CB,東光段,22.62,都市：其他
RPUQPLOKQHOFFAO87CB,東光段,13.06,都市：其他
RPVQPLOKQHOFFAO97CB,東光段,16.16,都市：其他
RPXQPLOKQHOFFAO18CB,東光段,18.45,都市：其他
RPORPLOKQHOFFAO37CB,東光段,18.05,都市：其他
RPPRPLOKQHOFFAO47CB,東光段,18.05,都市：其他
RPWQPLOKQHOFFAO08CB,東光段,16.16,都市：其他
RPSRPLOKQHOFFAO77CB,東光段,20.47,都市：其他
RPTRPLOKQHOFFAO87CB,東光段,20.74,都市：其他
RPURPLOKQHOFFAO97CB,東光段,20.20,都市：其他
RPRRPLOKQHOFFAO67CB,東光段,19.39,都市：其他
RPVRPLOKQHOFFAO08CB,東光段,19.39,都市：其他
RPRSPLOKQHOFFAO77CB,東光段,20.74,都市：其他
RPSSPLOKQHOFFAO87CB,東光段,12.66,都市：其他
RPTSPLOKQHOFFAO97CB,東光段,19.80,都市：其他
RPUSPLOKQHOFFAO08CB,東光段,12.12,都市：其他
RPQRPLOKQHOFFAO57CB,東光段,18.05,都市：其他
RPVSPLOKQHOFFAO18CB,東光段,20.74,都市：其他
RPQSPLOKQHOFFAO67CB,東光段,18.05,都市：其他
RPXRPLOKQHOFFAO28CB,東光段,20.20,都市：其他
RPWRPLOKQHOFFAO18CB,東光段,18.85,都市：其他
RPPSPLOKQHOFFAO57CB,東光段,18.05,都市：其他
RPOSPLOKQHOFFAO47CB,東光段,19.39,都市：其他
RPOTPLOKQHOFFAO57CB,東光段,19.39,都市：其他
RPPTPLOKQHOFFAO67CB,東光段,18.85,都市：其他
RPXSPLOKQHOFFAO38CB,東光段,19.39,都市：其他
RPQTPLOKQHOFFAO77CB,東光段,20.74,都市：其他
RPWSPLOKQHOFFAO28CB,東光段,12.66,都市：其他
RPRTPLOKQHOFFAO87CB,東光段,18.85,都市：其他
RPSTPLOKQHOFFAO97CB,東光段,12.66,都市：其他
RPXTPLOKQHOFFAO48CB,東光段,19.39,都市：其他
RPOUPLOKQHOFFAO67CB,東光段,19.39,都市：其他
RPTTPLOKQHOFFAO08CB,東光段,19.39,都市：其他
RPWTPLOKQHOFFAO38CB,東光段,19.39,都市：其他
RPQUPLOKQHOFFAO87CB,東光段,16.70,都市：其他
RPVTPLOKQHOFFAO28CB,東光段,16.70,都市：其他
RPPUPLOKQHOFFAO77CB,東光段,20.47,都市：其他
RPRUPLOKQHOFFAO97CB,東光段,16.70,都市：其他
RPSUPLOKQHOFFAO08CB,東光段,19.39,都市：其他
RPWUPLOKQHOFFAO48CB,東光段,18.05,都市：其他
RPVUPLOKQHOFFAO38CB,東光段,16.70,都市：其他
RPOVPLOKQHOFFAO77CB,東光段,18.05,都市：其他
RPTUPLOKQHOFFAO18CB,東光段,20.20,都市：其他
RPUUPLOKQHOFFAO28CB,東光段,19.39,都市：其他
RPXUPLOKQHOFFAO58CB,東光段,18.05,都市：其他
RPPVPLOKQHOFFAO87CB,東光段,18.05,都市：其他
RPQVPLOKQHOFFAO97CB,東光段,18.05,都市：其他
RPSVPLOKQHOFFAO18CB,東光段,18.85,都市：其他
RPRVPLOKQHOFFAO08CB,東光段,18.05,都市：其他
RPTVPLOKQHOFFAO28CB,東光段,20.74,都市：其他
RPUVPLOKQHOFFAO38CB,東光段,20.74,都市：其他
RPVVPLOKQHOFFAO48CB,東光段,19.39,都市：其他
RPWVPLOKQHOFFAO58CB,東光段,20.47,都市：其他
RPXVPLOKQHOFFAO68CB,東光段,20.20,都市：其他
RPQWPLOKQHOFFAO08CB,東光段,12.66,都市：其他
RPOWPLOKQHOFFAO87CB,東光段,18.85,都市：其他
RPRWPLOKQHOFFAO18CB,東光段,20.47,都市：其他
RPSWPLOKQHOFFAO28CB,東光段,19.39,都市：其他
RPVWPLOKQHOFFAO58CB,東光段,20.74,都市：其他
RPPWPLOKQHOFFAO97CB,東光段,20.47,都市：其他
RPWWPLOKQHOFFAO68CB,東光段,19.53,都市：其他
RPUWPLOKQHOFFAO48CB,東光段,19.39,都市：其他
RPXWPLOKQHOFFAO78CB,東光段,16.70,都市：其他
RPQNQLOKQHOFFAO27CB,東光段,12.66,都市：其他
RPTNQLOKQHOFFAO57CB,東光段,19.39,都市：其他
RPSNQLOKQHOFFAO47CB,東光段,20.47,都市：其他
RPONQLOKQHOFFAO07CB,東光段,19.39,都市：其他
RPPNQLOKQHOFFAO17CB,東光段,16.70,都市：其他
RPWNQLOKQHOFFAO87CB,東光段,20.20,都市：其他
RPRNQLOKQHOFFAO37CB,東光段,12.66,都市：其他
RPUNQLOKQHOFFAO67CB,東光段,20.74,都市：其他
RPXNQLOKQHOFFAO97CB,東光段,20.87,都市：其他
RPVNQLOKQHOFFAO77CB,東光段,16.70,都市：其他
RPPOQLOKQHOFFAO27CB,東光段,19.39,都市：其他
RPOOQLOKQHOFFAO17CB,東光段,19.39,都市：其他
RPQOQLOKQHOFFAO37CB,東光段,20.20,都市：其他
RPVOQLOKQHOFFAO87CB,東光段,19.39,都市：其他
RPUOQLOKQHOFFAO77CB,東光段,19.39,都市：其他
RPWOQLOKQHOFFAO97CB,東光段,20.74,都市：其他
RPQPQLOKQHOFFAO47CB,東光段,20.74,都市：其他
RPXOQLOKQHOFFAO08CB,東光段,20.20,都市：其他
RPPPQLOKQHOFFAO37CB,東光段,16.70,都市：其他
RPOPQLOKQHOFFAO27CB,東光段,20.20,都市：其他
RPTPQLOKQHOFFAO77CB,東光段,12.66,都市：其他
RPSPQLOKQHOFFAO67CB,東光段,16.70,都市：其他
RPRPQLOKQHOFFAO57CB,東光段,20.47,都市：其他
RPTOQLOKQHOFFAO67CB,東光段,20.47,都市：其他
RPROQLOKQHOFFAO47CB,東光段,16.70,都市：其他
RPUPQLOKQHOFFAO87CB,東光段,18.85,都市：其他
RPVPQLOKQHOFFAO97CB,東光段,20.47,都市：其他
RPXPQLOKQHOFFAO18CB,東光段,19.39,都市：其他
RPOQQLOKQHOFFAO37CB,東光段,19.39,都市：其他
RPWPQLOKQHOFFAO08CB,東光段,18.85,都市：其他
RPQQQLOKQHOFFAO57CB,東光段,20.34,都市：其他
RPPQQLOKQHOFFAO47CB,東光段,19.39,都市：其他
RPRQQLOKQHOFFAO67CB,東光段,18.85,都市：其他
RPSQQLOKQHOFFAO77CB,東光段,20.20,都市：其他
RPTQQLOKQHOFFAO87CB,東光段,20.20,都市：其他
RPUQQLOKQHOFFAO97CB,東光段,19.53,都市：其他
RPVQQLOKQHOFFAO08CB,東光段,12.66,都市：其他
RPSOQLOKQHOFFAO57CB,東光段,19.39,都市：其他
RPPRQLOKQHOFFAO57CB,東光段,18.85,都市：其他
RPTRQLOKQHOFFAO97CB,東光段,18.85,都市：其他
RPSRQLOKQHOFFAO87CB,東光段,12.66,都市：其他
RPORQLOKQHOFFAO47CB,東光段,19.39,都市：其他
RPQRQLOKQHOFFAO67CB,東光段,12.66,都市：其他
RPXQQLOKQHOFFAO28CB,東光段,20.74,都市：其他
RPRRQLOKQHOFFAO77CB,東光段,12.66,都市：其他
RPWQQLOKQHOFFAO18CB,東光段,16.70,都市：其他
RPURQLOKQHOFFAO08CB,東光段,20.47,都市：其他
RPVRQLOKQHOFFAO18CB,東光段,20.47,都市：其他
RPXRQLOKQHOFFAO38CB,東光段,20.74,都市：其他
RPOSQLOKQHOFFAO57CB,東光段,20.47,都市：其他
RPQSQLOKQHOFFAO77CB,東光段,18.85,都市：其他
RPPSQLOKQHOFFAO67CB,東光段,20.20,都市：其他
RPRSQLOKQHOFFAO87CB,東光段,20.47,都市：其他
RPTSQLOKQHOFFAO08CB,東光段,18.05,都市：其他
RPXSQLOKQHOFFAO48CB,東光段,18.85,都市：其他
RPSSQLOKQHOFFAO97CB,東光段,12.66,都市：其他
RPOTQLOKQHOFFAO67CB,東光段,20.20,都市：其他
RPUSQLOKQHOFFAO18CB,東光段,18.05,都市：其他
RPQTQLOKQHOFFAO87CB,東光段,18.85,都市：其他
RPVSQLOKQHOFFAO28CB,東光段,20.47,都市：其他
RPPTQLOKQHOFFAO77CB,東光段,12.66,都市：其他
RPWSQLOKQHOFFAO38CB,東光段,20.87,都市：其他
RPRTQLOKQHOFFAO97CB,東光段,20.20,都市：其他
RPSTQLOKQHOFFAO08CB,東光段,16.70,都市：其他
RPVTQLOKQHOFFAO38CB,東光段,19.39,都市：其他
RPTTQLOKQHOFFAO18CB,東光段,19.39,都市：其他
RPUTQLOKQHOFFAO28CB,東光段,16.70,都市：其他
RPQUQLOKQHOFFAO97CB,東光段,26.66,都市：其他
RPXTQLOKQHOFFAO58CB,東光段,18.85,都市：其他
RPOUQLOKQHOFFAO77CB,東光段,18.85,都市：其他
RPWTQLOKQHOFFAO48CB,東光段,16.70,都市：其他
RPPUQLOKQHOFFAO87CB,東光段,12.66,都市：其他
RPRUQLOKQHOFFAO08CB,東光段,26.80,都市：其他
RPTUQLOKQHOFFAO28CB,東光段,26.80,都市：其他
RPSUQLOKQHOFFAO18CB,東光段,26.80,都市：其他
RPVUQLOKQHOFFAO48CB,東光段,25.86,都市：其他
RPUUQLOKQHOFFAO38CB,東光段,23.03,都市：其他
RPXUQLOKQHOFFAO68CB,東光段,20.34,都市：其他
RPWUQLOKQHOFFAO58CB,東光段,18.85,都市：其他
RPOVQLOKQHOFFAO87CB,東光段,20.34,都市：其他
RPRVQLOKQHOFFAO18CB,東光段,20.47,都市：其他
RPQVQLOKQHOFFAO08CB,東光段,20.20,都市：其他
RPPVQLOKQHOFFAO97CB,東光段,23.16,都市：其他
RPTVQLOKQHOFFAO38CB,東光段,19.39,都市：其他
RPSVQLOKQHOFFAO28CB,東光段,23.16,都市：其他
RPUVQLOKQHOFFAO48CB,東光段,21.82,都市：其他
RPOWQLOKQHOFFAO97CB,東光段,20.20,都市：其他
RPVVQLOKQHOFFAO58CB,東光段,19.39,都市：其他
RPXVQLOKQHOFFAO78CB,東光段,18.85,都市：其他
RPTWQLOKQHOFFAO48CB,東光段,19.39,都市：其他
RPWVQLOKQHOFFAO68CB,東光段,26.80,都市：其他
RPSWQLOKQHOFFAO38CB,東光段,20.34,都市：其他
RPQWQLOKQHOFFAO18CB,東光段,23.16,都市：其他
RPPWQLOKQHOFFAO08CB,東光段,20.34,都市：其他
RPUWQLOKQHOFFAO58CB,東光段,23.16,都市：其他
RPRWQLOKQHOFFAO28CB,東光段,20.34,都市：其他
RPVWQLOKQHOFFAO68CB,東光段,18.85,都市：其他
RPQNRLOKQHOFFAO37CB,東光段,12.66,都市：其他
RPWWQLOKQHOFFAO78CB,東光段,18.85,都市：其他
RPXWQLOKQHOFFAO88CB,東光段,22.49,都市：其他
RPPNRLOKQHOFFAO27CB,東光段,27.34,都市：其他
RPONRLOKQHOFFAO17CB,東光段,20.20,都市：其他
RPSNRLOKQHOFFAO57CB,東光段,26.80,都市：其他
RPRNRLOKQHOFFAO47CB,東光段,18.85,都市：其他
RPTNRLOKQHOFFAO67CB,東光段,21.82,都市：其他
RPWNRLOKQHOFFAO97CB,東光段,22.09,都市：其他
RPVNRLOKQHOFFAO87CB,東光段,21.82,都市：其他
RPXNRLOKQHOFFAO08CB,東光段,23.16,都市：其他
RPUNRLOKQHOFFAO77CB,東光段,12.66,都市：其他
RPWORLOKQHOFFAO08CB,東光段,26.80,都市：其他
RPXORLOKQHOFFAO18CB,東光段,22.09,都市：其他
RPQORLOKQHOFFAO47CB,東光段,19.39,都市：其他
RPRORLOKQHOFFAO57CB,東光段,12.66,都市：其他
RPPORLOKQHOFFAO37CB,東光段,20.20,都市：其他
RPOORLOKQHOFFAO27CB,東光段,21.82,都市：其他
RPTORLOKQHOFFAO77CB,東光段,22.09,都市：其他
RPPPRLOKQHOFFAO47CB,東光段,27.34,都市：其他
RPSORLOKQHOFFAO67CB,東光段,23.03,都市：其他
RPOPRLOKQHOFFAO37CB,東光段,21.82,都市：其他
RPQPRLOKQHOFFAO57CB,東光段,21.82,都市：其他
RPRPRLOKQHOFFAO67CB,東光段,22.09,都市：其他
RPSPRLOKQHOFFAO77CB,東光段,23.03,都市：其他
RPTPRLOKQHOFFAO87CB,東光段,20.34,都市：其他
RPUORLOKQHOFFAO87CB,東光段,27.34,都市：其他
RPUPRLOKQHOFFAO97CB,東光段,19.39,都市：其他
RPPQRLOKQHOFFAO57CB,東光段,20.34,都市：其他
RPVPRLOKQHOFFAO08CB,東光段,12.93,都市：其他
RPVORLOKQHOFFAO97CB,東光段,26.40,都市：其他
RPXPRLOKQHOFFAO28CB,東光段,18.85,都市：其他
RPOQRLOKQHOFFAO47CB,東光段,20.34,都市：其他
RPWPRLOKQHOFFAO18CB,東光段,20.34,都市：其他
RPQQRLOKQHOFFAO67CB,東光段,22.09,都市：其他
RPRQRLOKQHOFFAO77CB,東光段,23.16,都市：其他
RPSQRLOKQHOFFAO87CB,東光段,21.68,都市：其他
RPTQRLOKQHOFFAO97CB,東光段,20.34,都市：其他
RPUQRLOKQHOFFAO08CB,東光段,20.20,都市：其他
RPORRLOKQHOFFAO57CB,東光段,20.34,都市：其他
RPWQRLOKQHOFFAO28CB,東光段,22.09,都市：其他
RPRRRLOKQHOFFAO87CB,東光段,12.66,都市：其他
RPXQRLOKQHOFFAO38CB,東光段,19.39,都市：其他
RPSRRLOKQHOFFAO97CB,東光段,26.40,都市：其他
RPVQRLOKQHOFFAO18CB,東光段,22.09,都市：其他
RPQRRLOKQHOFFAO77CB,東光段,21.82,都市：其他
RPTRRLOKQHOFFAO08CB,東光段,20.20,都市：其他
RPURRLOKQHOFFAO18CB,東光段,22.09,都市：其他
RPVRRLOKQHOFFAO28CB,東光段,23.16,都市：其他
RPXRRLOKQHOFFAO48CB,東光段,25.86,都市：其他
RPWRRLOKQHOFFAO38CB,東光段,22.76,都市：其他
RPOSRLOKQHOFFAO67CB,東光段,20.20,都市：其他
RPPSRLOKQHOFFAO77CB,東光段,22.09,都市：其他
RPTSRLOKQHOFFAO18CB,東光段,22.09,都市：其他
RPVSRLOKQHOFFAO38CB,東光段,20.34,都市：其他
RPUSRLOKQHOFFAO28CB,東光段,27.34,都市：其他
RPSSRLOKQHOFFAO08CB,東光段,26.80,都市：其他
RPRSRLOKQHOFFAO97CB,東光段,12.66,都市：其他
RPQSRLOKQHOFFAO87CB,東光段,12.66,都市：其他
RPWSRLOKQHOFFAO48CB,東光段,23.03,都市：其他
RPXSRLOKQHOFFAO58CB,東光段,12.66,都市：其他
RPOTRLOKQHOFFAO77CB,東光段,21.82,都市：其他
RPPTRLOKQHOFFAO87CB,東光段,23.16,都市：其他
RPRTRLOKQHOFFAO08CB,東光段,18.85,都市：其他
RPQTRLOKQHOFFAO97CB,東光段,23.16,都市：其他
RPSTRLOKQHOFFAO18CB,東光段,21.82,都市：其他
RPUTRLOKQHOFFAO38CB,東光段,22.09,都市：其他
RPWTRLOKQHOFFAO58CB,東光段,20.20,都市：其他
RPRURLOKQHOFFAO18CB,東光段,20.20,都市：其他
RPQURLOKQHOFFAO08CB,東光段,20.34,都市：其他
RPOURLOKQHOFFAO87CB,東光段,13.33,都市：其他
RPXTRLOKQHOFFAO68CB,東光段,26.80,都市：其他
RPPURLOKQHOFFAO97CB,東光段,23.03,都市：其他
RPTTRLOKQHOFFAO28CB,東光段,21.82,都市：其他
RPVTRLOKQHOFFAO48CB,東光段,19.39,都市：其他
RPSURLOKQHOFFAO28CB,東光段,20.87,都市：其他
RPTURLOKQHOFFAO38CB,東光段,27.07,都市：其他
RPVURLOKQHOFFAO58CB,東光段,18.85,都市：其他
RPUURLOKQHOFFAO48CB,東光段,18.85,都市：其他
RPWURLOKQHOFFAO68CB,東光段,19.39,都市：其他
RPXURLOKQHOFFAO78CB,東光段,12.66,都市：其他
RPOVRLOKQHOFFAO97CB,東光段,23.03,都市：其他
RPPVRLOKQHOFFAO08CB,東光段,12.66,都市：其他
RPQVRLOKQHOFFAO18CB,東光段,12.93,都市：其他
RPRVRLOKQHOFFAO28CB,東光段,19.39,都市：其他
RPUVRLOKQHOFFAO58CB,東光段,20.20,都市：其他
RPVVRLOKQHOFFAO68CB,東光段,26.40,都市：其他
RPSVRLOKQHOFFAO38CB,東光段,22.09,都市：其他
RPTVRLOKQHOFFAO48CB,東光段,22.36,都市：其他
RPXVRLOKQHOFFAO88CB,東光段,12.66,都市：其他
RPWVRLOKQHOFFAO78CB,東光段,20.87,都市：其他
RPOWRLOKQHOFFAO08CB,東光段,21.01,都市：其他
RPPWRLOKQHOFFAO18CB,東光段,19.39,都市：其他
RPQWRLOKQHOFFAO28CB,東光段,18.85,都市：其他
RPRWRLOKQHOFFAO38CB,東光段,13.33,都市：其他
RPSWRLOKQHOFFAO48CB,東光段,20.20,都市：其他
RPTWRLOKQHOFFAO58CB,東光段,12.66,都市：其他
RPVWRLOKQHOFFAO78CB,東光段,12.66,都市：其他
RPUWRLOKQHOFFAO68CB,東光段,22.36,都市：其他
RPPNSLOKQHOFFAO37CB,東光段,20.34,都市：其他
RPWWRLOKQHOFFAO88CB,東光段,18.99,都市：其他
RPXWRLOKQHOFFAO98CB,東光段,22.36,都市：其他
RPONSLOKQHOFFAO27CB,東光段,22.22,都市：其他
RPQNSLOKQHOFFAO47CB,東光段,19.39,都市：其他
RPRNSLOKQHOFFAO57CB,東光段,26.40,都市：其他
RPSNSLOKQHOFFAO67CB,東光段,23.16,都市：其他
RPTNSLOKQHOFFAO77CB,東光段,18.85,都市：其他
RPUNSLOKQHOFFAO87CB,東光段,18.85,都市：其他
RPVNSLOKQHOFFAO97CB,東光段,18.85,都市：其他
RPWNSLOKQHOFFAO08CB,東光段,12.66,都市：其他
RPXNSLOKQHOFFAO18CB,東光段,20.20,都市：其他
RPTOSLOKQHOFFAO87CB,東光段,26.80,都市：其他
RPOOSLOKQHOFFAO37CB,東光段,22.09,都市：其他
RPQOSLOKQHOFFAO57CB,東光段,23.16,都市：其他
RPSOSLOKQHOFFAO77CB,東光段,22.22,都市：其他
RPPOSLOKQHOFFAO47CB,東光段,27.34,都市：其他
RPUOSLOKQHOFFAO97CB,東光段,12.66,都市：其他
RPROSLOKQHOFFAO67CB,東光段,23.03,都市：其他
RPVOSLOKQHOFFAO08CB,東光段,23.03,都市：其他
RPXOSLOKQHOFFAO28CB,東光段,26.80,都市：其他
RPWOSLOKQHOFFAO18CB,東光段,20.20,都市：其他
RPOPSLOKQHOFFAO47CB,東光段,23.03,都市：其他
RPPPSLOKQHOFFAO57CB,東光段,21.82,都市：其他
RPRPSLOKQHOFFAO77CB,東光段,20.34,都市：其他
RPTPSLOKQHOFFAO97CB,東光段,13.60,都市：其他
RPSPSLOKQHOFFAO87CB,東光段,19.39,都市：其他
RPVPSLOKQHOFFAO18CB,東光段,27.34,都市：其他
RPQPSLOKQHOFFAO67CB,東光段,19.39,都市：其他
RPSQSLOKQHOFFAO97CB,東光段,18.99,都市：其他
RPRQSLOKQHOFFAO87CB,東光段,19.12,都市：其他
RPTQSLOKQHOFFAO08CB,東光段,19.12,都市：其他
RPUQSLOKQHOFFAO18CB,東光段,17.91,都市：其他
RPXPSLOKQHOFFAO38CB,東光段,21.82,都市：其他
RPOQSLOKQHOFFAO57CB,東光段,20.87,都市：其他
RPWPSLOKQHOFFAO28CB,東光段,12.93,都市：其他
RPUPSLOKQHOFFAO08CB,東光段,22.09,都市：其他
RPXQSLOKQHOFFAO48CB,東光段,19.12,都市：其他
RPWQSLOKQHOFFAO38CB,東光段,19.12,都市：其他
RPVQSLOKQHOFFAO28CB,東光段,19.26,都市：其他
RPQQSLOKQHOFFAO77CB,東光段,17.91,都市：其他
RPPQSLOKQHOFFAO67CB,東光段,19.26,都市：其他
RPQRSLOKQHOFFAO87CB,東光段,19.26,都市：其他
RPPRSLOKQHOFFAO77CB,東光段,19.12,都市：其他
RPORSLOKQHOFFAO67CB,東光段,19.26,都市：其他
RPRRSLOKQHOFFAO97CB,東光段,19.26,都市：其他
RPSRSLOKQHOFFAO08CB,東光段,18.05,都市：其他
RPTRSLOKQHOFFAO18CB,東光段,19.12,都市：其他
RPURSLOKQHOFFAO28CB,東光段,19.12,都市：其他
RPVRSLOKQHOFFAO38CB,東光段,19.26,都市：其他
RPWRSLOKQHOFFAO48CB,東光段,19.26,都市：其他
RPXRSLOKQHOFFAO58CB,東光段,19.26,都市：其他
RPPSSLOKQHOFFAO87CB,東光段,17.91,都市：其他
RPOSSLOKQHOFFAO77CB,東光段,17.91,都市：其他
RPUSSLOKQHOFFAO38CB,東光段,19.12,都市：其他
RPRSSLOKQHOFFAO08CB,東光段,17.91,都市：其他
RPVSSLOKQHOFFAO48CB,東光段,19.26,都市：其他
RPWSSLOKQHOFFAO58CB,東光段,17.91,都市：其他
RPTSSLOKQHOFFAO28CB,東光段,17.91,都市：其他
RPSSSLOKQHOFFAO18CB,東光段,19.12,都市：其他
RPQSSLOKQHOFFAO97CB,東光段,19.12,都市：其他
RPVTSLOKQHOFFAO58CB,東光段,19.12,都市：其他
RPWTSLOKQHOFFAO68CB,東光段,19.12,都市：其他
RPOUSLOKQHOFFAO97CB,東光段,18.32,都市：其他
RPXTSLOKQHOFFAO78CB,東光段,19.12,都市：其他
RPQUSLOKQHOFFAO18CB,東光段,19.93,都市：其他
RPPUSLOKQHOFFAO08CB,東光段,19.12,都市：其他
RPRUSLOKQHOFFAO28CB,東光段,19.26,都市：其他
RPSUSLOKQHOFFAO38CB,東光段,19.12,都市：其他
RPTTSLOKQHOFFAO38CB,東光段,17.91,都市：其他
RPSTSLOKQHOFFAO28CB,東光段,19.12,都市：其他
RPOTSLOKQHOFFAO87CB,東光段,19.26,都市：其他
RPRTSLOKQHOFFAO18CB,東光段,19.26,都市：其他
RPPTSLOKQHOFFAO97CB,東光段,19.12,都市：其他
RPUTSLOKQHOFFAO48CB,東光段,19.26,都市：其他
RPQTSLOKQHOFFAO08CB,東光段,17.91,都市：其他
RPUUSLOKQHOFFAO58CB,東光段,19.12,都市：其他
RPXSSLOKQHOFFAO68CB,東光段,17.91,都市：其他
RPTUSLOKQHOFFAO48CB,東光段,19.12,都市：其他
RPWUSLOKQHOFFAO78CB,東光段,19.12,都市：其他
RPVUSLOKQHOFFAO68CB,東光段,19.12,都市：其他
RPOVSLOKQHOFFAO08CB,東光段,19.12,都市：其他
RPXUSLOKQHOFFAO88CB,東光段,17.91,都市：其他
RPPVSLOKQHOFFAO18CB,東光段,19.12,都市：其他
RPTVSLOKQHOFFAO58CB,東光段,19.12,都市：其他
RPQVSLOKQHOFFAO28CB,東光段,19.12,都市：其他
RPVVSLOKQHOFFAO78CB,東光段,19.12,都市：其他
RPSVSLOKQHOFFAO48CB,東光段,17.91,都市：其他
RPRVSLOKQHOFFAO38CB,東光段,19.12,都市：其他
RPWVSLOKQHOFFAO88CB,東光段,19.12,都市：其他
RPUVSLOKQHOFFAO68CB,東光段,17.91,都市：其他
RPPOMLTKQHOFFAO57EB,光武段,.53,都市：商
RPPOMLTKQHOFFAO57EB,光武段,4.24,都市：商
RPPOMLTKQHOFFAO57EB,光武段,.85,都市：商
RPPOMLTKQHOFFAO57EB,光武段,1.20,都市：商
RPPOMLTKQHOFFAO57EB,光武段,.70,都市：商
RPPOMLTKQHOFFAO57EB,光武段,4.00,都市：商
RPPOMLTKQHOFFAO57EB,光武段,3.13,都市：商
RPPOMLTKQHOFFAO57EB,光武段,.69,都市：商
RPPOMLTKQHOFFAO57EB,光武段,1.15,都市：商
RPPOMLTKQHOFFAO57EB,光武段,2.97,都市：商
RPPOMLTKQHOFFAO57EB,光武段,1.34,都市：商
RPPOMLTKQHOFFAO57EB,光武段,.56,都市：商
RPPOMLTKQHOFFAO57EB,光武段,1.21,都市：商
RPPOMLTKQHOFFAO57EB,光武段,.78,都市：商
RPPOMLTKQHOFFAO57EB,光武段,.91,都市：商
RPPOMLTKQHOFFAO57EB,光武段,.51,都市：商
RPPOMLTKQHOFFAO57EB,光武段,.91,都市：商
RPPOMLTKQHOFFAO57EB,光武段,2.64,都市：商
RPPOMLTKQHOFFAO57EB,光武段,4.01,都市：商
RPPOMLTKQHOFFAO57EB,光武段,1.25,都市：商
RPPOMLTKQHOFFAO57EB,光武段,.51,都市：商
RPPOMLTKQHOFFAO57EB,光武段,.42,都市：商
RPUOMLTKQHOFFAO87CB,東光段,18.05,都市：其他
RPPPMLTKQHOFFAO47CB,東光段,35.82,都市：其他
RPQPMLTKQHOFFAO57CB,東光段,51.44,都市：其他
RPRPMLTKQHOFFAO67CB,東光段,13.60,都市：其他
RPOPMLTKQHOFFAO37CB,東光段,61.68,都市：其他
RPSPMLTKQHOFFAO77CB,東光段,69.36,都市：其他
RPUPMLTKQHOFFAO97CB,東光段,23.03,都市：其他
RPTPMLTKQHOFFAO87CB,東光段,13.06,都市：其他
