﻿編號,屋齡,建物移轉面積平方公尺,主要用途,主要建材,建築完成日期,總層數,建物分層
The serial number,room age,building shifting area square meter,the main use,main building materials,construction completes the date,total layer,building lamination
RPSNMLQKQHOFFAV87CA,18,189.00,農舍,見其他登記事項,90年8月6日,一層,一層
RPSNMLQKQHOFFAV87CA,17,479.00,見其他登記事項,見其他登記事項,91年11月28日,一層,一層
RPPNMLTKQHOFFBV08DA,23,113.46,見其他登記事項,加強磚造,85年6月14日,二層,一層 二層
RPPNMLQKQHOFFAV67DA,40,80.07,住家用,加強磚造,68年1月8日,二層,一層 二層
RPOOMLMLQHOFFAV27CA,24,35.66,見其他登記事項,鋼筋混凝土造,84年2月21日,五層,五層
RPOOMLMLQHOFFAV27CA,24,7.38,見其他登記事項,鋼筋混凝土造,84年2月21日,五層,
RPOOMLMLQHOFFAV27CA,24,7.61,見其他登記事項,鋼筋混凝土造,84年2月21日,五層,
RPOOMLMLQHOFFAV27CA,24,1.71,共有部分,鋼筋混凝土造,84年2月21日,五層,
RPQNMLNKQHOFFAV37CA,,161.37,見其他登記事項,見其他登記事項,108年1月15日,三層,一層 二層 三層
RPQNMLKLQHOFFCV47DA,33,220.46,住家用,鋼筋混凝土造,76年1月12日,三層,一層 二層 三層
RPXNMLNKQHOFFAV08CA,24,109.58,見其他登記事項,鋼筋混凝土造,84年2月17日,八層,八層
RPXNMLNKQHOFFAV08CA,24,19.35,見其他登記事項,鋼筋混凝土造,84年2月17日,八層,
RPXNMLNKQHOFFAV08CA,24,14.08,見其他登記事項,鋼筋混凝土造,84年2月17日,八層,
RPOOMLNKQHOFFAV27CA,25,206.11,住商用,鋼筋混凝土造,83年12月14日,三層,一層 二層 三層 騎樓
RPSOMLNKQHOFFAV67CA,2,270.50,見其他登記事項,見其他登記事項,106年10月31日,四層,一層 二層 三層 四層 見其他登記事項
RPQNMLPKQHOFFAV57CA,42,92.02,住家用,加強磚造,66年12月2日,二層,一層 二層
RPSNMLPKQHOFFAV77CA,32,156.74,住家用,加強磚造,76年3月3日,二層,一層 二層 騎樓
RPQNMLQKQHOFFAV67CA,35,89.88,住家用,加強磚造,73年8月6日,二層,一層 二層
RPRNMLPKQHOFFAV67CA,2,247.85,見其他登記事項,見其他登記事項,106年10月31日,四層,一層 二層 三層 四層 見其他登記事項
RPRNMLTKQHOFFAV08CA,32,253.15,住商用,鋼筋混凝土造,76年6月21日,三層,一層 二層 三層 騎樓 地下層
RPPNMLPJRHOFFAV47CA,,199.21,住家用,見其他登記事項,108年3月25日,三層,一層 二層 三層
RPTNMLTJRHOFFAV28CA,15,161.10,見其他登記事項,鋼筋混凝土造,93年4月13日,三層,一層 二層 三層 騎樓
RPXNMLQKQHOFFAV38CA,11,205.73,見其他登記事項,見其他登記事項,98年1月20日,三層,一層 二層 三層
RPXNMLKLQHOFFAV87CA,40,42.16,住家用,見其他登記事項,68年10月12日,一層,一層 騎樓
RPRNMLSLQHOFFAV18DA,18,207.62,住商用,鋼筋混凝土造,90年10月22日,三層,一層 二層 三層
RPSNMLKLQHOFFAV37CA,44,47.04,住家用,見其他登記事項,64年2月28日,二層,一層 二層
RPPNMLLJRHOFFAV07CA,23,73.40,見其他登記事項,鋼筋混凝土造,85年3月26日,八層,四層
RPPNMLLJRHOFFAV07CA,23,8.44,見其他登記事項,鋼筋混凝土造,85年3月26日,八層,
RPPNMLLJRHOFFAV07CA,23,12.89,見其他登記事項,鋼筋混凝土造,85年3月26日,八層,
RPQNMLKLQHOFFBV27CA,44,239.40,住商用,鋼筋混凝土加強磚造,64年9月17日,三層,一層 二層 三層
RPPNMLLLQHOFFAV17CA,22,122.69,見其他登記事項,鋼筋混凝土造,86年10月13日,七層,四層
RPPNMLLLQHOFFAV17CA,22,31.56,見其他登記事項,鋼筋混凝土造,86年10月13日,七層,
RPPNMLLLQHOFFAV17CA,22,27.25,見其他登記事項,鋼筋混凝土造,86年10月13日,七層,
RPRNMLQLQHOFFCV08CA,,90.11,商業用,木造,,一層,一層 騎樓
RPQNMLQLQHOFFCV97CA,,87.21,商業用,木造,,一層,一層 騎樓
RPTNMLLLQHOFFAV57CA,,164.74,見其他登記事項,鋼筋混凝土造,108年5月8日,四層,一層 二層 三層 四層
RPWNMLKLQHOFFAV77CA,12,112.86,住家用,見其他登記事項,96年7月3日,三層,一層 二層 三層
RPSNMLLLQHOFFAV47CA,26,57.05,住家用,鋼筋混凝土造,82年8月19日,七層,四層
RPSNMLLLQHOFFAV47CA,26,9.51,見其他登記事項,鋼筋混凝土造,82年8月19日,七層,
RPSNMLLLQHOFFAV47CA,26,10.03,見其他登記事項,鋼筋混凝土造,82年8月19日,七層,
RPSNMLLLQHOFFAV47CA,26,1.67,見其他登記事項,鋼筋混凝土造,82年8月19日,七層,
RPQNMLNLQHOFFBV57CA,17,175.20,住家用,鋼筋混凝土造,91年12月31日,二層,一層 二層
RPPNMLQLQHOFFAV67CA,39,108.00,住家用,加強磚造,69年9月16日,二層,一層 二層 騎樓
RPRNMLRLQHOFFDV28CA,21,35.30,商業用,鋼筋混凝土造,87年3月6日,十五層,十三層
RPRNMLRLQHOFFDV28CA,21,1.12,見其他登記事項,鋼筋混凝土造,87年3月6日,十五層,
RPRNMLRLQHOFFDV28CA,21,5.57,見其他登記事項,鋼筋混凝土造,87年3月6日,十層,
RPRNMLRLQHOFFDV28CA,21,7.21,見其他登記事項,鋼筋混凝土造,87年3月6日,十五層,
RPWNMLNLQHOFFAV08CA,22,36.58,見其他登記事項,鋼筋混凝土造,86年3月3日,七層,五層
RPWNMLNLQHOFFAV08CA,22,7.20,見其他登記事項,鋼筋混凝土造,86年3月3日,七層,
RPWNMLNLQHOFFAV08CA,22,7.18,見其他登記事項,鋼筋混凝土造,86年3月3日,七層,
RPXNMLNLQHOFFAV18CA,23,177.19,見其他登記事項,鋼筋混凝土造,85年5月23日,四層,一層 二層 三層 四層
RPPOMLNLQHOFFAV47CA,,219.18,見其他登記事項,見其他登記事項,108年6月26日,三層,一層 二層 三層
RPPNMLRLQHOFFAV77CA,29,185.29,住家用,鋼筋混凝土造,79年7月5日,三層,一層 二層 三層
RPSNMLMLQHOFFAV57CA,3,215.78,見其他登記事項,見其他登記事項,105年6月17日,三層,一層 二層 三層 騎樓 見其他登記事項
RPQNMLRLQHOFFAV87CA,1,310.92,見其他登記事項,見其他登記事項,106年12月12日,四層,一層 二層 三層 四層 見其他登記事項
RPOOMLNLQHOFFAV37CA,,195.91,見其他登記事項,見其他登記事項,108年6月26日,三層,一層 二層 三層
RPRNMLNLQHOFFAV57CA,24,155.82,住商用,見其他登記事項,84年7月13日,三層,一層 二層 三層 騎樓
RPTNMLQLQHOFFDV38CA,25,31.54,見其他登記事項,鋼筋混凝土造,83年9月30日,八層,八層
RPTNMLQLQHOFFDV38CA,25,6.07,見其他登記事項,鋼筋混凝土造,83年9月30日,八層,
RPRNMLLKRHOFFAV37CA,45,46.92,住家用,見其他登記事項,63年7月12日,一層,一層
RPOOMLNJRHOFFAV27CA,40,38.64,住家用,加強磚造,68年8月14日,二層,一層 二層
RPPNMLTJRHOFFDV18CA,21,40.71,商業用,鋼筋混凝土造,87年3月6日,十五層,十二層
RPPNMLTJRHOFFDV18CA,21,8.54,見其他登記事項,鋼筋混凝土造,87年3月6日,十五層,
RPPNMLTJRHOFFDV18CA,21,1.31,見其他登記事項,鋼筋混凝土造,87年3月6日,十五層,
RPPNMLTJRHOFFDV18CA,21,6.53,見其他登記事項,鋼筋混凝土造,87年3月6日,十層,
RPQNMLRLQHOFFDV18CA,21,35.30,商業用,鋼筋混凝土造,87年3月6日,十五層,十三層
RPQNMLRLQHOFFDV18CA,21,1.12,見其他登記事項,鋼筋混凝土造,87年3月6日,十五層,
RPQNMLRLQHOFFDV18CA,21,5.57,見其他登記事項,鋼筋混凝土造,87年3月6日,十層,
RPQNMLRLQHOFFDV18CA,21,7.21,見其他登記事項,鋼筋混凝土造,87年3月6日,十五層,
RPSNMLOJRHOFFAV67CA,24,72.13,住家用,鋼筋混凝土造,84年12月5日,六層,五層
RPSNMLOJRHOFFAV67CA,24,14.10,見其他登記事項,鋼筋混凝土造,84年12月5日,六層,
RPSNMLOJRHOFFAV67CA,24,8.11,見其他登記事項,鋼筋混凝土造,84年12月5日,六層,
RPSNMLLKRHOFFAV47CA,7,281.09,住家用,見其他登記事項,101年11月23日,四層,一層 二層 三層 四層
RPPNMLSLQHOFFAV97DA,38,75.89,住家用,加強磚造,70年2月13日,一層,一層 騎樓
RPSNMLSLQHOFFAV18CA,18,199.03,住家用,鋼筋混凝土造,90年4月11日,四層,一層 二層 三層 四層
RPQNMLSKRHOFFAV97CA,36,147.12,住家用,鋼筋混凝土造,72年4月19日,三層,一層 二層 三層 騎樓
RPUNMLSLQHOFFAV38CA,44,30.12,住家用,見其他登記事項,64年3月28日,二層,一層 二層
RPQNMLKMQHOFFAV27CA,40,113.40,住家用,加強磚造,68年5月29日,二層,一層 二層 騎樓
RPSNMLMJRHOFFAV47CA,,32.09,住家用,見其他登記事項,,一層,一層
RPVNMLSLQHOFFAV48CA,5,182.35,住家用,見其他登記事項,104年1月7日,三層,一層 二層 三層
RPQNMLTLQHOFFAV08CA,,158.31,見其他登記事項,鋼筋混凝土造,108年5月8日,四層,一層 二層 三層 四層
RPSNMLTLQHOFFAV28CA,24,110.35,見其他登記事項,鋼筋混凝土造,84年2月17日,八層,一層
RPSNMLTLQHOFFAV28CA,24,14.08,見其他登記事項,鋼筋混凝土造,84年2月17日,八層,
RPSNMLTLQHOFFAV28CA,24,19.35,見其他登記事項,鋼筋混凝土造,84年2月17日,八層,
RPRNMLOJRHOFFAV57CA,23,177.61,見其他登記事項,鋼筋混凝土造,85年2月8日,三層,一層 二層 三層
RPPNMLNJRHOFFAV37DA,,105.19,住家用,見其他登記事項,,二層,一層 二層 騎樓
RPPNMLNJRHOFFAV37DA,,103.62,住家用,見其他登記事項,,二層,一層 二層 騎樓
RPQNMLMKRHOFFAV37CA,4,243.55,住家用,見其他登記事項,104年2月16日,四層,一層 二層 三層 四層
RPTNMLKMQHOFFAV57CA,24,79.66,見其他登記事項,鋼筋混凝土造,84年1月25日,十層,四層
RPTNMLKMQHOFFAV57CA,24,2.26,見其他登記事項,鋼筋混凝土造,84年1月25日,十層,
RPTNMLKMQHOFFAV57CA,,2.14,見其他登記事項,鋼筋混凝土造,,十層,
RPTNMLKMQHOFFAV57CA,24,11.52,見其他登記事項,鋼筋混凝土造,84年1月25日,十層,
RPTNMLKMQHOFFAV57CA,24,9.44,見其他登記事項,鋼筋混凝土造,84年1月25日,十層,
RPPNMLMJRHOFFAV27DA,37,63.84,住家用,加強磚造,71年6月8日,二層,一層 二層 騎樓
RPXNMLNJRHOFFAV08CA,1,239.44,見其他登記事項,見其他登記事項,107年3月23日,三層,一層 二層 三層 見其他登記事項
RPRNMLTLQHOFFAV18CA,21,179.58,住家用,鋼筋混凝土造,87年5月26日,三層,一層 二層 三層
RPTNMLMJRHOFFAV57CA,,219.19,見其他登記事項,見其他登記事項,108年6月26日,三層,一層 二層 三層
RPQNMLOJRHOFFAV47CA,25,205.40,住家用,鋼筋混凝土造,83年8月9日,四層,一層 二層 三層 四層
RPUNMLRKRHOFFAV28CA,16,159.59,住家用,鋼筋混凝土造,92年9月17日,三層,一層 二層 三層
RPQNMLQJRHOFFAV67CA,41,136.00,住家用,見其他登記事項,67年4月1日,一層,一層 騎樓
RPXNMLTJRHOFFAV68CA,6,188.06,住家用,見其他登記事項,102年8月8日,三層,一層 二層 三層
RPSNMLQJRHOFFAV87CA,13,124.83,見其他登記事項,鋼筋混凝土造,95年3月10日,十層,八層
RPSNMLQJRHOFFAV87CA,13,90.80,見其他登記事項,鋼筋混凝土造,95年3月10日,十層,
RPQNMLPJRHOFFDV87CA,32,111.66,住家用,加強磚造,76年2月25日,二層,一層 二層 騎樓
RPOOMLQJRHOFFAV57CA,39,102.10,住家用,加強磚造,69年9月26日,二層,一層 二層 騎樓
RPRNMLPJRHOFFAV67CA,51,58.27,住商用,見其他登記事項,57年7月5日,三層,一層 二層 三層
RPQNMLRKRHOFFAV87CA,24,179.58,見其他登記事項,鋼筋混凝土造,84年12月31日,三層,一層 二層 三層
RPPNMLPJRHOFFDV77CA,21,35.30,商業用,鋼筋混凝土造,87年3月6日,十層,九層
RPPNMLPJRHOFFDV77CA,21,1.12,見其他登記事項,鋼筋混凝土造,87年3月6日,十五層,
RPPNMLPJRHOFFDV77CA,21,6.55,見其他登記事項,鋼筋混凝土造,87年3月6日,十五層,
RPPNMLPJRHOFFDV77CA,21,5.06,見其他登記事項,鋼筋混凝土造,87年3月6日,十層,
RPWNMLPJRHOFFAV18CA,34,85.92,住家用,加強磚造,74年8月2日,二層,一層 二層
RPRNMLSKRHOFFAV08CA,27,194.56,住家用,鋼筋混凝土造,81年4月29日,三層,一層 二層 三層
RPQNMLPJRHOFFAV67DA,36,91.70,見其他登記事項,見其他登記事項,72年10月4日,四層,三層
RPQNMLPJRHOFFAV67DA,,4.54,見其他登記事項,鋼筋混凝土造,,四層,
RPPNMLQJRHOFFCV87DA,,40.08,住商用,加強磚造,,二層,一層 二層 騎樓
RPVNMLPJRHOFFAV08CA,40,87.36,住家用,加強磚造,68年8月13日,二層,一層 二層
RPVNMLQJRHOFFAV18CA,20,198.66,住家用,鋼筋混凝土造,88年11月2日,三層,一層 二層 三層
RPQNMLKLRHOFFAV27CA,1,209.56,見其他登記事項,見其他登記事項,108年1月25日,五層,五層
RPQNMLKLRHOFFAV27CA,1,107.68,共有部分,見其他登記事項,108年1月25日,,
RPQNMLTKRHOFFBV18CA,33,45.87,住家用,加強磚造,75年7月21日,一層,一層 騎樓
RPSNMLOLRHOFFAV87CA,24,46.00,見其他登記事項,鋼筋混凝土造,84年3月27日,十層,七層
RPSNMLOLRHOFFAV87CA,24,10.27,見其他登記事項,鋼筋混凝土造,84年3月27日,十層,
RPSNMLOLRHOFFAV87CA,24,10.83,見其他登記事項,鋼筋混凝土造,84年3月27日,十層,
RPSNMLOLRHOFFAV87CA,24,41.94,見其他登記事項,鋼筋混凝土造,84年3月27日,十層,二層
RPSNMLSKRHOFFAV18CA,44,49.66,住家用,加強磚造,64年10月4日,一層,一層
RPRNMLTKRHOFFAV18CA,48,44.78,住家用,見其他登記事項,60年6月30日,一層,一層 騎樓
RPRNMLTJRHOFFAV08CA,,81.00,住家用,見其他登記事項,,二層,一層 二層
RPQNMLTJRHOFFAV97CA,1,310.84,見其他登記事項,見其他登記事項,106年12月12日,四層,一層 二層 三層 四層 見其他登記事項
RPQNMLLKRHOFFAV27CA,24,12.90,見其他登記事項,鋼筋混凝土造,84年2月16日,八層,
RPQNMLLKRHOFFAV27CA,24,80.68,住家用,鋼筋混凝土造,84年2月16日,八層,七層
RPQNMLLKRHOFFAV27CA,24,8.22,見其他登記事項,鋼筋混凝土造,84年2月16日,八層,
RPQNMLLKRHOFFAV27CA,24,3.70,見其他登記事項,鋼筋混凝土造,84年2月16日,八層,
RPPNMLKKRHOFFAV07CA,38,89.57,住家用,加強磚造,71年2月4日,三層,三層
RPPNMLKKRHOFFAV07CA,38,6.63,見其他登記事項,加強磚造,71年2月4日,四層,
RPPNMLKKRHOFFAV07CA,38,8.30,見其他登記事項,加強磚造,71年2月4日,四層,
RPTNMLLKRHOFFAV57CA,42,35.69,住家用,見其他登記事項,67年2月22日,一層,一層
RPVNMLTJRHOFFAV48CA,,74.38,住家用,混凝土造,,二層,一層 二層
RPQNMLSLRHOFFAV08CA,33,127.87,住家用,加強磚造,75年5月2日,二層,一層 二層 騎樓
RPSNMLTJRHOFFAV18CA,1,330.28,見其他登記事項,見其他登記事項,106年12月12日,四層,一層 二層 三層 四層 見其他登記事項
RPQNMLQKRHOFFAV77CA,24,142.01,見其他登記事項,鋼筋混凝土造,84年7月31日,七層,七層
RPQNMLQKRHOFFAV77CA,24,20.46,見其他登記事項,鋼筋混凝土造,84年7月31日,七層,
RPQNMLQKRHOFFAV77CA,24,43.68,見其他登記事項,鋼筋混凝土造,84年7月31日,七層,
RPUNMLKKRHOFFAV57CA,63,104.90,住家用,見其他登記事項,45年6月30日,一層,一層 騎樓
RPSNMLKKRHOFFAV37CA,23,189.09,住家用,鋼筋混凝土造,85年2月16日,三層,一層 二層 三層
RPPNMLMKRHOFFAV27CA,46,91.96,住家用,見其他登記事項,62年12月20日,二層,一層 二層 騎樓
RPTNMLKKRHOFFAV47CA,5,276.89,住家用,見其他登記事項,103年4月15日,三層,一層 二層 三層
RPXNMLQKRHOFFAV48CA,7,233.36,住家用,見其他登記事項,101年10月18日,三層,一層 二層 三層
RPVNMLLKRHOFFAV77CA,24,10.27,見其他登記事項,鋼筋混凝土造,84年3月27日,十層,
RPVNMLLKRHOFFAV77CA,24,46.71,見其他登記事項,鋼筋混凝土造,84年3月27日,十層,八層
RPUNMLQKRHOFFAV18CA,23,161.19,住家用,加強磚造,85年6月18日,二層,一層 二層
RPWNMLKKRHOFFAV77CA,50,76.32,住家用,見其他登記事項,,一層,一層
RPWNMLQKRHOFFAV38CA,7,230.14,住家用,見其他登記事項,101年10月18日,三層,一層 二層 三層
RPXNMLKKRHOFFAV87CA,24,81.88,見其他登記事項,鋼筋混凝土造,84年6月1日,五層,一層
RPXNMLKKRHOFFAV87CA,24,10.46,見其他登記事項,鋼筋混凝土造,84年6月1日,五層,
RPXNMLKKRHOFFAV87CA,24,9.58,見其他登記事項,鋼筋混凝土造,84年6月1日,五層,
RPUNMLSKRHOFFAV38CA,,90.00,住家用,見其他登記事項,,二層,一層 二層
RPPNMLOKRHOFFAV47CA,31,186.64,住家用,加強磚造,77年9月14日,二層,一層 二層
RPSNMLRKRHOFFAV08CA,1,33.32,見其他登記事項,見其他登記事項,107年3月23日,九層,
RPOOMLQKRHOFFAV77DA,22,173.40,見其他登記事項,鋼筋混凝土造,86年10月13日,七層,四層
RPOOMLQKRHOFFAV77DA,22,38.53,見其他登記事項,鋼筋混凝土造,86年10月13日,七層,
RPOOMLQKRHOFFAV77DA,22,44.63,見其他登記事項,鋼筋混凝土造,86年10月13日,七層,
RPPNMLOJIIOFFAV66DA,24,852.99,商業用,鋼筋混凝土造,84年7月12日,八層,四層
RPPNMLOJIIOFFAV66DA,24,159.80,見其他登記事項,鋼筋混凝土造,84年7月12日,八層,
RPPNMLOJIIOFFAV66DA,24,75.08,見其他登記事項,鋼筋混凝土造,84年7月12日,八層,
RPPNMLOJIIOFFAV66DA,24,63.96,見其他登記事項,鋼筋混凝土造,84年7月12日,八層,
RPPNMLOJIIOFFAV66DA,24,42.84,見其他登記事項,見其他登記事項,84年7月12日,屋頂突出物,
RPPNMLRKRHOFFAV77CA,,221.08,住家用,見其他登記事項,108年4月15日,三層,一層 二層 三層
RPRNMLMKRHOFFAV47CA,1,228.37,見其他登記事項,鋼筋混凝土造,107年5月23日,四層,一層 二層 三層 四層
RPXNMLSKRHOFFAV78DA,37,95.00,住家用,加強磚造,71年3月30日,一層,一層
RPXNMLSKRHOFFAV78DA,38,5.61,見其他登記事項,加強磚造,71年2月4日,四層,
RPXNMLSKRHOFFAV78DA,,6.42,見其他登記事項,加強磚造,,地下層,
RPROMLSKRHOFFAV18CA,57,62.19,住家用,見其他登記事項,52年1月1日,一層,一層
RPSNMLMKRHOFFAV57CA,7,282.50,住家用,見其他登記事項,101年11月23日,四層,一層 二層 三層 四層
RPPNMLLKRHOFFDV47CA,24,83.60,住商用,鋼筋混凝土造,84年9月8日,三層,一層 二層 三層 騎樓
RPPNMLLKRHOFFDV47CA,24,83.60,住商用,鋼筋混凝土造,84年9月8日,三層,一層 二層 三層 騎樓
RPSNMLQKRHOFFAV97CA,36,107.30,見其他登記事項,鋼筋混凝土造,72年2月22日,四層,三層
RPSNMLQKRHOFFAV97CA,36,10.88,見其他登記事項,鋼筋混凝土造,72年2月22日,四層,
RPPNMLTKRHOFFAV08DA,12,163.06,住家用,見其他登記事項,96年6月15日,三層,一層 二層 三層
RPQOMLSKRHOFFAV08CA,29,235.44,住家用,鋼筋混凝土造,79年11月2日,三層,一層 二層 三層 騎樓
RPWNMLRKRHOFFAV48CA,40,82.78,住家用,加強磚造,68年6月7日,二層,一層 二層 夾層
RPVNMLRKRHOFFAV38CA,40,87.34,住家用,加強磚造,68年3月2日,二層,一層 二層
RPUNMLOJIIOFFAV07CA,17,32.99,農舍,鋼筋混凝土造,91年12月6日,二層,一層 二層
RPTNMLKMRHOFFDV08DA,37,113.62,住家用,加強磚造,71年9月20日,二層,一層 二層 騎樓
RPPOMLSKRHOFFAV97CA,29,140.64,住家用,加強磚造,79年5月2日,二層,一層 二層 騎樓
RPXNMLRKRHOFFAV58CA,12,191.19,見其他登記事項,見其他登記事項,96年9月21日,三層,一層 二層 三層
RPQNMLTKRHOFFAV18DA,38,111.76,住家用,加強磚造,70年12月30日,二層,一層 二層
RPQNMLKLRHOFFDV67DA,24,30.87,見其他登記事項,鋼筋混凝土造,84年7月14日,八層,三層
RPQNMLKLRHOFFDV67DA,24,7.44,見其他登記事項,鋼筋混凝土造,84年7月14日,八層,
RPPNMLKLRHOFFDV57DA,24,30.87,見其他登記事項,鋼筋混凝土造,84年7月14日,八層,三層
RPPNMLKLRHOFFDV57DA,24,7.44,見其他登記事項,鋼筋混凝土造,84年7月14日,八層,
RPXNMLTKRHOFFAV78CA,30,140.21,住家用,加強磚造,78年9月6日,二層,一層 二層
RPQOMLTKRHOFFAV18CA,35,89.88,住家用,加強磚造,73年8月6日,二層,一層 二層
RPQNMLRKIIOFFAV07CA,25,214.90,見其他登記事項,鋼筋混凝土造,83年5月16日,十三層,一層 二層 三層 騎樓
RPQNMLRKIIOFFAV07CA,25,.20,見其他登記事項,鋼筋混凝土造,83年5月16日,十三層,
RPQNMLRKIIOFFAV07CA,25,.39,見其他登記事項,鋼筋混凝土造,83年5月16日,十三層,
RPQNMLRKIIOFFAV07CA,25,.51,見其他登記事項,鋼筋混凝土造,83年5月16日,十三層,
RPQNMLRKIIOFFAV07CA,25,.51,見其他登記事項,鋼筋混凝土造,83年5月16日,十三層,
RPQNMLRKIIOFFAV07CA,25,.41,見其他登記事項,鋼筋混凝土造,83年5月16日,十三層,
RPQNMLRKIIOFFAV07CA,25,.41,見其他登記事項,鋼筋混凝土造,83年5月16日,十三層,
RPQNMLRKIIOFFAV07CA,25,.41,見其他登記事項,鋼筋混凝土造,83年5月16日,十三層,
RPQNMLRKIIOFFAV07CA,25,.37,見其他登記事項,鋼筋混凝土造,83年5月16日,十三層,
RPQNMLRKIIOFFAV07CA,25,.51,見其他登記事項,鋼筋混凝土造,83年5月16日,十三層,
RPQNMLRKIIOFFAV07CA,25,.41,見其他登記事項,鋼筋混凝土造,83年5月16日,十三層,
RPQNMLRKIIOFFAV07CA,25,.47,見其他登記事項,鋼筋混凝土造,83年5月16日,十三層,
RPQNMLRKIIOFFAV07CA,25,.51,見其他登記事項,鋼筋混凝土造,83年5月16日,十三層,
RPQNMLRKIIOFFAV07CA,25,1.03,見其他登記事項,鋼筋混凝土造,83年5月16日,十三層,
RPQNMLRKIIOFFAV07CA,25,.37,見其他登記事項,鋼筋混凝土造,83年5月16日,十三層,
RPQNMLRKIIOFFAV07CA,25,.20,見其他登記事項,鋼筋混凝土造,83年5月16日,十三層,
RPQNMLRKIIOFFAV07CA,25,.51,見其他登記事項,鋼筋混凝土造,83年5月16日,十三層,
RPQNMLRKIIOFFAV07CA,25,.51,見其他登記事項,鋼筋混凝土造,83年5月16日,十三層,
RPQNMLRKIIOFFAV07CA,25,.41,見其他登記事項,鋼筋混凝土造,83年5月16日,十三層,
RPQNMLRKIIOFFAV07CA,25,.51,見其他登記事項,鋼筋混凝土造,83年5月16日,十三層,
RPQNMLRKIIOFFAV07CA,25,.41,見其他登記事項,鋼筋混凝土造,83年5月16日,十三層,
RPQNMLRKIIOFFAV07CA,25,.41,見其他登記事項,鋼筋混凝土造,83年5月16日,十三層,
RPQNMLRKIIOFFAV07CA,25,.78,見其他登記事項,鋼筋混凝土造,83年5月16日,十三層,
RPQNMLRKIIOFFAV07CA,25,.72,見其他登記事項,鋼筋混凝土造,83年5月16日,十三層,
RPQNMLRKIIOFFAV07CA,25,.41,見其他登記事項,鋼筋混凝土造,83年5月16日,十三層,
RPQNMLRKIIOFFAV07CA,25,.51,見其他登記事項,鋼筋混凝土造,83年5月16日,十三層,
RPQNMLRKIIOFFAV07CA,25,1.56,見其他登記事項,鋼筋混凝土造,83年5月16日,十三層,
RPQNMLRKIIOFFAV07CA,25,.51,見其他登記事項,鋼筋混凝土造,83年5月16日,十三層,
RPQNMLRKIIOFFAV07CA,25,.51,見其他登記事項,鋼筋混凝土造,83年5月16日,十三層,
RPQNMLRKIIOFFAV07CA,25,.41,見其他登記事項,鋼筋混凝土造,83年5月16日,十三層,
RPQNMLRKIIOFFAV07CA,25,.41,見其他登記事項,鋼筋混凝土造,83年5月16日,十三層,
RPQNMLRKIIOFFAV07CA,25,15.31,見其他登記事項,鋼筋混凝土造,83年5月16日,十三層,
RPQNMLRKIIOFFAV07CA,25,.41,見其他登記事項,鋼筋混凝土造,83年5月16日,十三層,
RPTNMLTKRHOFFAV38CA,33,121.27,住家用,加強磚造,75年11月10日,二層,一層 二層
RPPNMLNLRHOFFBV57CA,21,100.95,住家用,鋼筋混凝土造,87年12月17日,五層,五層
RPPNMLNLRHOFFBV57CA,21,47.05,共有部分,鋼筋混凝土造,87年12月17日,五層,
RPOOMLTKRHOFFAV97CA,51,66.16,住家用,見其他登記事項,58年2月1日,二層,一層 二層
RPSNMLKLRHOFFAV47CA,47,77.70,住家用,見其他登記事項,61年5月1日,二層,一層 二層 騎樓
RPUNMLKLRHOFFAV67CA,38,138.93,住家用,加強磚造,70年8月18日,二層,一層 二層 騎樓
RPTNMLKLRHOFFAV57CA,28,183.14,住家用,鋼筋混凝土造,81年1月31日,三層,一層 二層 三層
RPWNMLKLRHOFFAV87CA,26,.74,見其他登記事項,鋼筋混凝土造,82年8月14日,七層,
RPWNMLKLRHOFFAV87CA,26,50.59,見其他登記事項,鋼筋混凝土造,82年8月14日,七層,五層
RPWNMLKLRHOFFAV87CA,26,7.58,見其他登記事項,鋼筋混凝土造,82年8月14日,七層,
RPWNMLKLRHOFFAV87CA,26,4.77,見其他登記事項,鋼筋混凝土造,82年8月14日,七層,
RPRNMLNLRHOFFAV67CA,,158.31,見其他登記事項,鋼筋混凝土造,108年5月8日,四層,一層 二層 三層 四層
RPPNMLKLRHOFFAV27DA,38,184.80,見其他登記事項,見其他登記事項,70年10月24日,三層,一層 二層 三層 騎樓 地下層
RPRNMLRJIIOFFAV07CA,33,116.71,住家用,加強磚造,75年12月16日,二層,一層 二層 騎樓
RPPNMLQLRHOFFBV87CA,37,124.69,住家用,加強磚造,71年4月3日,二層,一層 二層 騎樓
RPPNMLNLRHOFFCV77DA,38,101.80,住家用,見其他登記事項,70年5月14日,二層,一層 二層
RPVNMLOLRHOFFAV18CA,32,102.31,住商用,加強磚造,76年8月1日,二層,一層 二層 騎樓
RPPNMLRLRHOFFDV18CA,25,31.54,見其他登記事項,鋼筋混凝土造,83年9月30日,八層,八層
RPPNMLRLRHOFFDV18CA,25,6.07,見其他登記事項,鋼筋混凝土造,83年9月30日,八層,
RPTNMLOLRHOFFAV97CA,24,65.68,住家用,鋼筋混凝土造,84年12月5日,六層,三層
RPTNMLOLRHOFFAV97CA,24,7.63,見其他登記事項,鋼筋混凝土造,84年12月5日,六層,
RPTNMLOLRHOFFAV97CA,24,13.25,見其他登記事項,鋼筋混凝土造,84年12月5日,六層,
RPQNMLPLRHOFFAV77CA,26,32.93,見其他登記事項,見其他登記事項,82年8月17日,七層,四層
RPQNMLPLRHOFFAV77CA,26,2.46,見其他登記事項,鋼筋混凝土造,82年8月17日,七層,
RPQNMLPLRHOFFAV77CA,26,1.51,見其他登記事項,鋼筋混凝土造,82年8月17日,七層,
RPQNMLPLRHOFFAV77CA,26,1.79,見其他登記事項,鋼筋混凝土造,82年8月17日,七層,
RPQNMLPLRHOFFAV77CA,26,5.31,見其他登記事項,鋼筋混凝土造,82年8月17日,七層,
RPSNMLRJIIOFFAV17CA,26,23.28,見其他登記事項,鋼筋混凝土造,83年1月26日,七層,三層
RPSNMLRJIIOFFAV17CA,26,.57,共有部分,鋼筋混凝土造,83年1月26日,七層,
RPSNMLRJIIOFFAV17CA,26,.57,共有部分,鋼筋混凝土造,83年1月26日,七層,
RPSNMLRJIIOFFAV17CA,26,.57,共有部分,鋼筋混凝土造,83年1月26日,七層,
RPSNMLRJIIOFFAV17CA,26,.57,共有部分,鋼筋混凝土造,83年1月26日,七層,
RPSNMLRJIIOFFAV17CA,26,.57,共有部分,鋼筋混凝土造,83年1月26日,七層,
RPSNMLRJIIOFFAV17CA,26,.57,共有部分,鋼筋混凝土造,83年1月26日,七層,
RPSNMLRJIIOFFAV17CA,26,.57,共有部分,鋼筋混凝土造,83年1月26日,七層,
RPSNMLRJIIOFFAV17CA,26,4.27,共有部分,鋼筋混凝土造,83年1月26日,七層,
RPSNMLQLRHOFFAV08CA,38,159.42,住家用,鋼筋混凝土造,70年12月30日,三層,一層 二層 三層 騎樓
RPPNMLPLRHOFFAV77DA,45,120.37,住商用,見其他登記事項,63年8月17日,三層,一層 二層 三層 騎樓
RPRNMLLJIIOFFAV09CA,22,227.88,住家用,鋼筋混凝土造,86年7月7日,三層,一層 二層 三層
RPUNMLOLRHOFFAV08CA,26,102.22,見其他登記事項,鋼筋混凝土造,82年12月3日,四層,二層
RPUNMLOLRHOFFAV08CA,26,.25,見其他登記事項,鋼筋混凝土造,82年12月3日,四層,
RPUNMLOLRHOFFAV08CA,26,.25,見其他登記事項,鋼筋混凝土造,82年12月3日,四層,
RPUNMLOLRHOFFAV08CA,26,3.58,見其他登記事項,鋼筋混凝土造,82年12月3日,四層,
RPUNMLOLRHOFFAV08CA,26,.25,見其他登記事項,鋼筋混凝土造,82年12月3日,四層,
RPUNMLOLRHOFFAV08CA,26,.26,見其他登記事項,鋼筋混凝土造,82年12月3日,四層,
RPUNMLOLRHOFFAV08CA,26,.25,見其他登記事項,鋼筋混凝土造,82年12月3日,四層,
RPUNMLOLRHOFFAV08CA,26,.25,見其他登記事項,鋼筋混凝土造,82年12月3日,四層,
RPUNMLOLRHOFFAV08CA,26,.26,見其他登記事項,鋼筋混凝土造,82年12月3日,四層,
RPUNMLOLRHOFFAV08CA,26,.25,見其他登記事項,鋼筋混凝土造,82年12月3日,四層,
RPUNMLOLRHOFFAV08CA,26,.25,見其他登記事項,鋼筋混凝土造,82年12月3日,四層,
RPUNMLOLRHOFFAV08CA,26,.25,見其他登記事項,鋼筋混凝土造,82年12月3日,四層,
RPUNMLOLRHOFFAV08CA,26,.69,見其他登記事項,鋼筋混凝土造,82年12月3日,四層,
RPUNMLOLRHOFFAV08CA,26,.25,見其他登記事項,鋼筋混凝土造,82年12月3日,四層,
RPUNMLOLRHOFFAV08CA,26,.25,見其他登記事項,鋼筋混凝土造,82年12月3日,四層,
RPUNMLOLRHOFFAV08CA,26,.25,見其他登記事項,鋼筋混凝土造,82年12月3日,四層,
RPUNMLOLRHOFFAV08CA,26,.25,見其他登記事項,鋼筋混凝土造,82年12月3日,四層,
RPUNMLOLRHOFFAV08CA,26,.25,見其他登記事項,鋼筋混凝土造,82年12月3日,四層,
RPUNMLOLRHOFFAV08CA,26,.25,見其他登記事項,鋼筋混凝土造,82年12月3日,四層,
RPUNMLOLRHOFFAV08CA,26,.26,見其他登記事項,鋼筋混凝土造,82年12月3日,四層,
RPUNMLOLRHOFFAV08CA,26,.26,見其他登記事項,鋼筋混凝土造,82年12月3日,四層,
RPUNMLOLRHOFFAV08CA,26,.25,見其他登記事項,鋼筋混凝土造,82年12月3日,四層,
RPUNMLOLRHOFFAV08CA,26,.26,見其他登記事項,鋼筋混凝土造,82年12月3日,四層,
RPUNMLOLRHOFFAV08CA,26,.25,見其他登記事項,鋼筋混凝土造,82年12月3日,四層,
RPUNMLOLRHOFFAV08CA,26,2.26,見其他登記事項,鋼筋混凝土造,82年12月3日,四層,
RPUNMLOLRHOFFAV08CA,26,.26,見其他登記事項,鋼筋混凝土造,82年12月3日,四層,
RPUNMLOLRHOFFAV08CA,26,.25,見其他登記事項,鋼筋混凝土造,82年12月3日,四層,
RPUNMLOLRHOFFAV08CA,26,.69,見其他登記事項,鋼筋混凝土造,82年12月3日,四層,
RPUNMLOLRHOFFAV08CA,26,.25,見其他登記事項,鋼筋混凝土造,82年12月3日,四層,
RPUNMLOLRHOFFAV08CA,26,.25,見其他登記事項,鋼筋混凝土造,82年12月3日,四層,
RPUNMLOLRHOFFAV08CA,26,.25,見其他登記事項,鋼筋混凝土造,82年12月3日,四層,
RPUNMLOLRHOFFAV08CA,26,.26,見其他登記事項,鋼筋混凝土造,82年12月3日,四層,
RPUNMLOLRHOFFAV08CA,26,.25,見其他登記事項,鋼筋混凝土造,82年12月3日,四層,
RPUNMLOLRHOFFAV08CA,26,.26,見其他登記事項,鋼筋混凝土造,82年12月3日,四層,
RPUNMLOLRHOFFAV08CA,26,.25,見其他登記事項,鋼筋混凝土造,82年12月3日,四層,
RPQNMLRLRHOFFAV97CA,21,60.94,見其他登記事項,鋼筋混凝土造,87年12月16日,九層,三層
RPQNMLRLRHOFFAV97CA,21,7.74,見其他登記事項,鋼筋混凝土造,87年12月16日,九層,
RPQNMLRLRHOFFAV97CA,21,10.93,見其他登記事項,鋼筋混凝土造,87年12月16日,九層,
RPQNMLMJIIOFFAV09CA,25,317.38,見其他登記事項,鋼筋混凝土造,83年10月26日,四層,一層 二層 三層 四層 騎樓
RPRNMLRLRHOFFAV08CA,45,46.92,住家用,見其他登記事項,63年7月12日,一層,一層
RPUNMLKMRHOFFAV77CA,23,6.29,見其他登記事項,鋼筋混凝土造,85年6月21日,七層,
RPUNMLKMRHOFFAV77CA,23,89.46,見其他登記事項,鋼筋混凝土造,85年6月21日,七層,五層
RPUNMLKMRHOFFAV77CA,23,5.87,見其他登記事項,鋼筋混凝土造,85年6月21日,七層,
RPUNMLKMRHOFFAV77CA,23,8.85,見其他登記事項,鋼筋混凝土造,85年6月21日,七層,
RPUNMLKMRHOFFAV77CA,23,16.82,見其他登記事項,鋼筋混凝土造,85年6月21日,七層,
RPQNMLKMRHOFFAV37CA,,230.35,住家用,見其他登記事項,108年4月15日,三層,一層 二層 三層
RPTNMLQLRHOFFAV18CA,2,264.14,見其他登記事項,見其他登記事項,106年10月31日,四層,一層 二層 三層 四層 見其他登記事項
RPVNMLQLRHOFFAV38CA,2,286.67,見其他登記事項,見其他登記事項,106年10月31日,四層,一層 二層 三層 四層 見其他登記事項
RPUNMLQLRHOFFAV28CA,42,80.88,住家用,見其他登記事項,66年6月18日,二層,一層 二層
RPQNMLQLRHOFFAV87CA,12,497.60,見其他登記事項,見其他登記事項,97年1月8日,二層,一層 二層 地下層
RPPNMLKMRHOFFAV27CA,25,170.13,住商用,鋼筋混凝土造,83年5月11日,四層,一層 二層 三層 四層 騎樓
RPTNMLKMRHOFFAV67CA,24,155.60,見其他登記事項,鋼筋混凝土造,84年3月31日,三層,一層 二層 三層
RPQNMLOKIIOFFAV76CA,41,59.22,住家用,見其他登記事項,67年6月30日,一層,一層
RPQNMLSKIIOFFCV37CA,27,200.00,農舍,見其他登記事項,81年10月6日,一層,一層
RPRNMLMJIIOFFAV56CA,,4.97,見其他登記事項,鋼筋混凝土造,,四層,
RPRNMLMJIIOFFAV56CA,36,87.01,見其他登記事項,鋼筋混凝土造,72年10月12日,四層,二層
RPQNMLOJIIOFFAV66CA,24,8.51,見其他登記事項,鋼筋混凝土造,84年6月1日,五層,
RPQNMLOJIIOFFAV66CA,24,73.96,見其他登記事項,鋼筋混凝土造,84年6月1日,五層,五層
RPQNMLOJIIOFFAV66CA,24,9.71,見其他登記事項,鋼筋混凝土造,84年6月1日,五層,
RPPNMLMJIIOFFDV66CA,25,34.45,見其他登記事項,鋼筋混凝土造,83年9月30日,八層,八層
RPPNMLMJIIOFFDV66CA,25,7.16,見其他登記事項,鋼筋混凝土造,83年9月30日,八層,
RPXNMLOJIIOFFAV37CA,1,325.34,見其他登記事項,見其他登記事項,107年11月7日,四層,一層 二層 三層 四層 屋頂突出物 騎樓
RPXNMLOJIIOFFAV37CA,1,325.34,見其他登記事項,見其他登記事項,107年11月7日,四層,一層 二層 三層 四層 屋頂突出物 騎樓
RPPNMLMJIIOFFCV66DA,,145.49,住家用,見其他登記事項,,二層,一層 二層 騎樓
RPPNMLMJIIOFFCV66DA,,129.32,住家用,見其他登記事項,,二層,一層 二層 騎樓
RPTNMLMLIIOFFAV96CA,,217.89,住家用,見其他登記事項,108年4月15日,三層,一層 二層 三層
RPPNMLPJIIOFFCV86CA,37,108.91,住家用,見其他登記事項,71年4月7日,二層,一層 二層 騎樓
RPPNMLRJIIOFFBV96CA,36,115.84,住家用,加強磚造,73年3月1日,二層,一層 二層 騎樓
RPQNMLPJIIOFFCV07DA,24,144.18,住家用,鋼筋混凝土造,84年7月8日,三層,一層 二層 三層
RPRNMLPJIIOFFCV07CA,20,142.40,見其他登記事項,加強磚造,88年12月29日,一層,一層
RPWNMLRJIIOFFAV57CA,,40.95,住家用,見其他登記事項,,一層,一層 騎樓
RPPOMLRJIIOFFAV96CA,39,220.48,住家用,鋼筋混凝土加強磚造,69年4月2日,三層,一層 二層 三層 地下層
RPPNMLSJIIOFFAV96CA,45,87.00,住家用,見其他登記事項,63年5月1日,二層,一層 二層
RPPNMLPJIIOFFAV66CA,26,48.76,見其他登記事項,鋼筋混凝土造,82年8月14日,七層,六層
RPPNMLPJIIOFFAV66CA,26,48.76,見其他登記事項,鋼筋混凝土造,82年8月14日,七層,六層
RPPNMLPJIIOFFAV66CA,26,7.62,見其他登記事項,鋼筋混凝土造,82年8月14日,七層,
RPPNMLPJIIOFFAV66CA,26,7.62,見其他登記事項,鋼筋混凝土造,82年8月14日,七層,
RPPNMLPJIIOFFAV66CA,26,.74,見其他登記事項,鋼筋混凝土造,82年8月14日,七層,
RPPNMLPJIIOFFAV66CA,26,.74,見其他登記事項,鋼筋混凝土造,82年8月14日,七層,
RPPNMLPJIIOFFAV66CA,26,4.79,見其他登記事項,鋼筋混凝土造,82年8月14日,七層,
RPPNMLPJIIOFFAV66CA,26,4.79,見其他登記事項,鋼筋混凝土造,82年8月14日,七層,
RPOOMLRJIIOFFAV86CA,40,113.40,住家用,加強磚造,68年5月29日,二層,一層 二層 騎樓
RPQNMLTJIIOFFAV17CA,34,150.00,住家用,加強磚造,75年1月6日,二層,一層 二層
RPTNMLOKIIOFFAV07CA,42,34.77,住家用,見其他登記事項,67年2月22日,一層,一層
RPTNMLOKIIOFFAV07CA,42,34.77,住家用,見其他登記事項,67年2月22日,一層,一層
RPRNMLSJIIOFFAV17CA,46,137.28,住商用,見其他登記事項,63年1月15日,三層,一層 二層 三層 騎樓
RPSNMLNLIIOFFAV96CA,27,283.49,住家用,鋼筋混凝土造,81年12月4日,三層,一層 二層 三層
RPPNMLSKIIOFFBV17CA,40,41.28,住家用,加強磚造,68年8月15日,一層,一層
RPOOMLPLIIOFFAV86CA,,165.18,住家用,加強磚造,,二層,一層 二層 騎樓
RPPNMLTJIIOFFAV17DA,44,47.60,住家用,見其他登記事項,65年3月1日,一層,一層
RPPNMLOKIIOFFAV66CA,26,158.15,住商用,鋼筋混凝土造,83年2月25日,十二層,一層 二層 三層 騎樓
RPPNMLOKIIOFFAV66CA,26,22.70,見其他登記事項,鋼筋混凝土造,83年2月25日,十二層,
RPPNMLOKIIOFFAV66CA,26,21.33,見其他登記事項,鋼筋混凝土造,83年2月25日,十二層,
RPXNMLRJIIOFFAV67CA,,158.31,見其他登記事項,鋼筋混凝土造,108年5月8日,四層,一層 二層 三層 四層
RPRNMLTJIIOFFAV27CA,3,116.27,見其他登記事項,見其他登記事項,106年3月24日,三層,一層 二層 三層 屋頂突出物 騎樓
RPRNMLTJIIOFFAV27CA,3,116.27,見其他登記事項,見其他登記事項,106年3月24日,三層,一層 二層 三層 屋頂突出物 騎樓
RPRNMLTJIIOFFAV27CA,3,116.27,見其他登記事項,見其他登記事項,106年3月24日,三層,一層 二層 三層 屋頂突出物 騎樓
RPXNMLPLIIOFFAV67CA,23,186.33,住家用,見其他登記事項,85年12月18日,三層,一層 二層 三層
RPRNMLOKIIOFFAV86CA,,222.48,住家用,見其他登記事項,108年8月15日,三層,一層 二層 三層
RPQNMLPKIIOFFAV86CA,40,87.36,住家用,加強磚造,68年8月13日,二層,一層 二層
RPUNMLMLIIOFFAV07CA,25,78.95,見其他登記事項,鋼筋混凝土造,84年1月25日,十層,十層
RPUNMLMLIIOFFAV07CA,,2.14,見其他登記事項,鋼筋混凝土造,,十層,
RPUNMLMLIIOFFAV07CA,25,9.44,見其他登記事項,鋼筋混凝土造,84年1月25日,十層,
RPUNMLMLIIOFFAV07CA,25,2.26,見其他登記事項,鋼筋混凝土造,84年1月25日,十層,
RPUNMLMLIIOFFAV07CA,25,11.52,見其他登記事項,鋼筋混凝土造,84年1月25日,十層,
RPPNMLQKIIOFFAV86CA,35,91.90,住家用,加強磚造,73年4月3日,二層,一層 二層
RPQNMLSJJIOFFCV37CA,15,116.65,見其他登記事項,鋼筋混凝土造,94年1月21日,二層,二層
RPQNMLSJJIOFFCV37CA,15,11.80,見其他登記事項,鋼筋混凝土造,94年1月21日,八層,
RPQNMLSJJIOFFCV37CA,15,5.02,見其他登記事項,鋼筋混凝土造,94年1月21日,一層,
RPPNMLSJJIOFFCV27CA,15,85.10,見其他登記事項,鋼筋混凝土造,94年1月21日,一層,一層
RPPNMLSJJIOFFCV27CA,15,9.21,見其他登記事項,鋼筋混凝土造,94年1月21日,八層,
RPPNMLSJJIOFFCV27CA,15,3.98,見其他登記事項,鋼筋混凝土造,94年1月21日,一層,
RPSNMLOKIIOFFAV96CA,,174.22,住家用,加強磚造,,二層,一層 二層
RPRNMLLLIIOFFAV66CA,24,58.46,見其他登記事項,鋼筋混凝土造,84年6月1日,五層,五層
RPRNMLLLIIOFFAV66CA,24,6.96,見其他登記事項,鋼筋混凝土造,84年6月1日,五層,
RPRNMLLLIIOFFAV66CA,24,6.27,見其他登記事項,鋼筋混凝土造,84年6月1日,五層,
RPTNMLPLIIOFFAV27CA,27,176.19,住家用,鋼筋混凝土造,82年3月22日,三層,一層 二層 三層
RPPNMLOLIIOFFAV76CA,34,121.95,住家用,加強磚造,74年3月26日,二層,一層 二層
RPXNMLRKIIOFFAV77CA,16,93.57,見其他登記事項,鋼筋混凝土造,92年5月27日,九層,一層 二層 騎樓
RPXNMLRKIIOFFAV77CA,16,37.28,見其他登記事項,鋼筋混凝土造,92年5月27日,九層,
RPPNMLRKIIOFFAV96CA,26,53.13,見其他登記事項,鋼筋混凝土造,82年10月19日,七層,一層
RPPNMLRKIIOFFAV96CA,26,5.73,見其他登記事項,鋼筋混凝土造,82年10月19日,七層,
RPPNMLRKIIOFFAV96CA,26,14.31,見其他登記事項,鋼筋混凝土造,82年10月19日,七層,
RPWNMLNLIIOFFAV37CA,8,246.42,見其他登記事項,見其他登記事項,100年6月24日,三層,一層 二層 三層 騎樓
RPRNMLNLIIOFFAV86CA,23,29.35,見其他登記事項,鋼筋混凝土造,85年6月28日,九層,五層
RPRNMLNLIIOFFAV86CA,23,5.76,見其他登記事項,鋼筋混凝土造,85年6月28日,九層,
RPRNMLNLIIOFFAV86CA,23,3.56,見其他登記事項,鋼筋混凝土造,85年6月28日,九層,
RPVNMLLMIIOFFAV17CA,49,241.03,商業用,見其他登記事項,59年11月2日,三層,一層 二層 三層 騎樓
RPQNMLSKIIOFFAV17CA,23,25.66,見其他登記事項,鋼筋混凝土造,85年6月28日,九層,二層
RPQNMLSKIIOFFAV17CA,23,3.01,見其他登記事項,鋼筋混凝土造,85年6月28日,九層,
RPQNMLSKIIOFFAV17CA,23,4.89,見其他登記事項,鋼筋混凝土造,85年6月28日,九層,
RPTNMLNLIIOFFAV07CA,25,12.74,見其他登記事項,鋼筋混凝土造,84年2月17日,八層,
RPTNMLNLIIOFFAV07CA,25,100.22,見其他登記事項,鋼筋混凝土造,84年2月17日,八層,三層
RPTNMLNLIIOFFAV07CA,25,17.65,見其他登記事項,鋼筋混凝土造,84年2月17日,八層,
RPVNMLLLIIOFFAV07CA,1,209.15,見其他登記事項,見其他登記事項,108年1月25日,五層,四層
RPVNMLLLIIOFFAV07CA,1,107.68,共有部分,見其他登記事項,108年1月25日,,
RPPNMLSKIIOFFAV07CA,38,119.27,住家用,加強磚造,70年12月30日,二層,一層 二層 騎樓
RPPNMLLLIIOFFAV09CA,,219.29,住家用,見其他登記事項,108年8月15日,三層,一層 二層 三層
RPUNMLLLIIOFFAV96CA,37,6.83,見其他登記事項,鋼筋混凝土造,72年2月22日,四層,
RPUNMLLLIIOFFAV96CA,37,94.14,見其他登記事項,鋼筋混凝土造,72年2月22日,四層,三層
RPVNMLPLIIOFFAV47CA,66,23.25,住家用,木造,43年1月15日,一層,一層
RPRNMLMLIIOFFAV76CA,30,103.84,住家用,加強磚造,78年4月13日,二層,一層 二層 騎樓
RPQNMLNLIIOFFAV76CA,4,225.67,住家用,見其他登記事項,104年7月20日,三層,一層 二層 三層
RPQNMLSLIIOFFAV27CA,40,114.38,住家用,加強磚造,69年1月23日,二層,一層 二層 騎樓
RPRNMLOLIIOFFBV07CA,24,147.30,住家用,鋼筋混凝土造,84年7月28日,三層,一層 二層 三層
RPRNMLPLIIOFFBV17CA,33,165.49,住家用,加強磚造,75年9月4日,二層,一層 二層
RPVNMLTLIIOFFAV87CA,2,217.00,見其他登記事項,見其他登記事項,107年2月1日,三層,一層 二層 三層
RPPNMLNLIIOFFAV66CA,46,57.38,住家用,見其他登記事項,63年3月30日,一層,一層 騎樓
RPPNMLLJJIOFFAV98CA,39,121.80,住家用,鋼筋混凝土加強磚造,69年12月26日,二層,一層 二層 騎樓
RPSNMLOLIIOFFAV07CA,41,81.22,住家用,加強磚造,67年11月9日,二層,一層 二層
RPTNMLOLIIOFFAV17CA,6,222.06,住家用,見其他登記事項,102年3月21日,三層,一層 二層 三層
RPPNMLPLIIOFFAV86CA,11,186.01,見其他登記事項,見其他登記事項,97年7月31日,三層,一層 二層 三層
RPRNMLTLIIOFFAV57DA,4,250.00,住家用,見其他登記事項,104年7月2日,三層,一層 二層 三層
RPVNMLNLIIOFFAV27CA,19,214.14,見其他登記事項,鋼筋混凝土造,89年10月6日,四層,一層 二層 三層 四層
RPPNMLSLIIOFFAV17CA,24,143.35,見其他登記事項,鋼筋混凝土造,84年7月31日,七層,五層
RPPNMLSLIIOFFAV17CA,24,21.00,見其他登記事項,鋼筋混凝土造,84年7月31日,七層,
RPPNMLSLIIOFFAV17CA,24,44.82,見其他登記事項,鋼筋混凝土造,84年7月31日,七層,
RPPNMLLMIIOFFAV56CA,,33.46,住家用,見其他登記事項,,二層,一層 二層
RPWNMLLMIIOFFAV27CA,27,157.50,住家用,鋼筋混凝土造,81年9月23日,三層,一層 二層 三層
RPQNMLOLIIOFFAV86CA,23,91.50,見其他登記事項,鋼筋混凝土造,85年6月21日,七層,四層
RPQNMLOLIIOFFAV86CA,23,8.68,見其他登記事項,鋼筋混凝土造,85年6月21日,七層,
RPQNMLOLIIOFFAV86CA,23,6.17,見其他登記事項,鋼筋混凝土造,85年6月21日,七層,
RPQNMLOLIIOFFAV86CA,23,16.82,見其他登記事項,鋼筋混凝土造,85年6月21日,七層,
RPQNMLOLIIOFFAV86CA,23,5.87,見其他登記事項,鋼筋混凝土造,85年6月21日,七層,
RPRNMLOLIIOFFAV07DA,41,97.64,住家用,加強磚造,67年12月4日,二層,一層 二層
RPPOMLPLIIOFFAV96CA,37,97.47,見其他登記事項,鋼筋混凝土造,72年2月9日,四層,三層
RPPOMLPLIIOFFAV96CA,37,7.37,見其他登記事項,鋼筋混凝土造,72年2月9日,四層,
RPPOMLPLIIOFFAV96CA,37,.99,見其他登記事項,鋼筋混凝土造,72年2月9日,四層,
RPPOMLPLIIOFFAV96CA,37,1.15,見其他登記事項,鋼筋混凝土造,72年2月9日,四層,
RPPNMLPJJIOFFAV76CA,24,275.20,見其他登記事項,鋼筋混凝土造,84年7月21日,五層,一層 二層 三層 四層 五層 騎樓
RPPNMLPJJIOFFAV76CA,24,29.29,見其他登記事項,鋼筋混凝土造,84年7月21日,二層,
RPQNMLTLIIOFFCV57CA,38,40.32,住家用,加強磚造,70年10月5日,一層,一層
RPPNMLKMIIOFFBV56CA,40,119.61,住家用,加強磚造,68年7月1日,二層,一層 二層 騎樓
RPQOMLPLIIOFFAV07CA,26,236.24,住家用,鋼筋混凝土造,82年12月20日,四層,一層 二層 三層 四層 騎樓
RPPOMLTLIIOFFAV37CA,25,70.57,見其他登記事項,鋼筋混凝土造,83年4月19日,十四層,十一層
RPPOMLTLIIOFFAV37CA,25,24.07,見其他登記事項,鋼筋混凝土造,83年4月19日,十四層,
RPPOMLLMIIOFFAV66CA,22,190.67,住商用,鋼筋混凝土造,86年4月11日,三層,一層 二層 三層 騎樓
RPQOMLTLIIOFFAV47CA,35,91.99,住家用,加強磚造,73年4月3日,二層,一層 二層
RPQNMLRJJIOFFDV47DA,40,526.58,住家用,鋼筋混凝土造,68年4月28日,三層,一層 二層 三層
RPVNMLLJJIOFFAV96CA,2,247.85,見其他登記事項,見其他登記事項,106年10月31日,四層,一層 二層 三層 四層 見其他登記事項
RPUNMLTLIIOFFAV77CA,,224.22,住家用,見其他登記事項,108年8月15日,三層,一層 二層 三層
RPPNMLKLJIOFFBV56CA,31,116.93,住家用,加強磚造,77年10月22日,二層,一層 二層
RPSNMLTLIIOFFBV67CA,39,164.80,住家用,鋼筋混凝土加強磚造,69年6月23日,三層,一層 二層 三層 騎樓
RPSNMLOJJIOFFBV07CA,39,73.01,住家用,加強磚造,70年1月15日,一層,一層 騎樓
RPSNMLOJJIOFFAV96CA,24,255.96,見其他登記事項,鋼筋混凝土造,84年7月21日,五層,一層 二層 三層 四層 五層
RPRNMLPJJIOFFAV96CA,43,62.64,,見其他登記事項,66年1月15日,二層,一層 二層 騎樓
RPSNMLOJJIOFFAV96CA,24,29.29,見其他登記事項,鋼筋混凝土造,84年7月21日,二層,
RPQNMLTLIIOFFAV37CA,27,161.88,住家用,鋼筋混凝土造,81年11月18日,四層,一層 二層 三層 四層
RPPNMLKMIIOFFAV09CA,41,93.92,住家用,加強磚造,67年12月24日,二層,一層 二層
RPWNMLTLIIOFFAV97CA,47,84.00,住家用,見其他登記事項,61年7月11日,二層,一層 二層 騎樓
RPPNMLOJJIOFFDV96CA,25,31.54,見其他登記事項,鋼筋混凝土造,83年9月30日,八層,七層
RPPNMLOJJIOFFDV96CA,25,6.07,見其他登記事項,鋼筋混凝土造,83年9月30日,八層,
RPSNMLOKJIOFFAV17DA,,275.27,見其他登記事項,見其他登記事項,108年4月18日,四層,一層 二層 三層 四層
RPPOMLLJJIOFFAV09CA,27,66.00,農舍,見其他登記事項,82年3月30日,一層,一層
RPQOMLLJJIOFFAV56CA,,228.85,見其他登記事項,見其他登記事項,108年9月5日,三層,一層 二層 三層 見其他登記事項
RPPNMLNJJIOFFAV56CA,,23.68,住家用,竹造,,一層,一層
RPRNMLKMIIOFFAV66CA,24,166.76,住家用,加強磚造,84年11月9日,二層,一層 二層
RPRNMLQJJIOFFAV07CA,6,226.40,見其他登記事項,見其他登記事項,102年8月5日,三層,一層 二層 三層 屋頂突出物
RPXNMLKLJIOFFAV27CA,40,98.70,住家用,加強磚造,68年4月30日,二層,一層 二層
RPQNMLKMIIOFFAV56CA,25,100.22,見其他登記事項,鋼筋混凝土造,84年2月17日,八層,七層
RPQNMLKMIIOFFAV56CA,25,12.74,見其他登記事項,鋼筋混凝土造,84年2月17日,八層,
RPQNMLKMIIOFFAV56CA,25,17.65,見其他登記事項,鋼筋混凝土造,84年2月17日,八層,
RPXNMLLJJIOFFAV17CA,,219.29,住家用,見其他登記事項,108年8月15日,三層,一層 二層 三層
RPWNMLLJJIOFFAV07CA,,219.29,住家用,見其他登記事項,108年8月15日,三層,一層 二層 三層
RPPNMLOJJIOFFBV76CA,36,91.16,住家用,鋼筋混凝土加強磚造,72年12月11日,三層,一層 二層 三層
RPQNMLLMIIOFFAV66CA,39,97.44,住家用,加強磚造,69年11月24日,二層,一層 二層
RPXNMLLMIIOFFAV37CA,25,80.93,見其他登記事項,鋼筋混凝土造,84年1月25日,十層,六層
RPXNMLLMIIOFFAV37CA,,1.81,見其他登記事項,鋼筋混凝土造,,十層,
RPXNMLLMIIOFFAV37CA,25,7.99,見其他登記事項,鋼筋混凝土造,84年1月25日,十層,
RPXNMLLMIIOFFAV37CA,25,2.81,見其他登記事項,鋼筋混凝土造,84年1月25日,十層,
RPXNMLLMIIOFFAV37CA,25,14.28,見其他登記事項,鋼筋混凝土造,84年1月25日,十層,
RPRNMLLJJIOFFAV56CA,38,95.00,住家用,加強磚造,71年3月30日,三層,三層
RPRNMLLJJIOFFAV56CA,,5.61,見其他登記事項,加強磚造,,四層,
RPRNMLLJJIOFFAV56CA,,6.42,見其他登記事項,加強磚造,,地下層,
RPSNMLQJJIOFFAV17CA,44,94.51,住家用,見其他登記事項,65年3月12日,二層,一層 二層 騎樓
RPQNMLPJJIOFFAV86CA,,219.29,住家用,見其他登記事項,108年8月15日,三層,一層 二層 三層
RPTNMLOJJIOFFAV07CA,,191.34,見其他登記事項,見其他登記事項,108年4月24日,三層,一層 二層 三層
RPPNMLRJJIOFFAV96CA,,109.35,住家用,見其他登記事項,,三層,一層 二層 騎樓 夾層
RPSNMLPJJIOFFAV17DA,36,112.36,住家用,加強磚造,72年5月12日,二層,一層 二層 騎樓
RPWNMLQJJIOFFAV57CA,14,216.56,見其他登記事項,見其他登記事項,94年5月9日,三層,一層 二層 三層 騎樓
RPUNMLQJJIOFFAV37CA,25,7.04,見其他登記事項,鋼筋混凝土造,84年2月17日,八層,
RPUNMLQJJIOFFAV37CA,25,54.79,見其他登記事項,鋼筋混凝土造,84年2月17日,八層,八層
RPUNMLQJJIOFFAV37CA,25,9.68,見其他登記事項,鋼筋混凝土造,84年2月17日,八層,
RPUNMLQJJIOFFAV37CA,25,54.79,見其他登記事項,鋼筋混凝土造,84年2月17日,八層,八層
RPUNMLQJJIOFFAV37CA,25,7.04,見其他登記事項,鋼筋混凝土造,84年2月17日,八層,
RPUNMLQJJIOFFAV37CA,25,9.68,見其他登記事項,鋼筋混凝土造,84年2月17日,八層,
RPVNMLQJJIOFFAV47CA,,222.48,住家用,見其他登記事項,108年8月15日,三層,一層 二層 三層
RPXNMLRJJIOFFAV77CA,,228.85,見其他登記事項,見其他登記事項,108年9月5日,三層,一層 二層 三層 見其他登記事項
RPQNMLQJJIOFFAV96CA,1,148.90,見其他登記事項,見其他登記事項,107年11月13日,三層,一層 二層 三層 見其他登記事項
RPQNMLQJJIOFFAV96CA,1,148.90,見其他登記事項,見其他登記事項,107年11月13日,三層,一層 二層 三層 見其他登記事項
RPPNMLLKJIOFFDV76CA,24,30.87,見其他登記事項,鋼筋混凝土造,84年7月14日,八層,三層
RPPNMLLKJIOFFDV76CA,24,7.44,見其他登記事項,鋼筋混凝土造,84年7月14日,八層,
RPSOMLOKJIOFFAV17CA,,198.04,住商用,見其他登記事項,,二層,一層 二層 騎樓
RPUNMLMJKIOFFAV07CA,22,222.52,住家用,鋼筋混凝土造,87年4月3日,三層,一層 二層 三層
RPRNMLRJJIOFFAV17CA,,4.65,見其他登記事項,鋼筋混凝土造,,四層,
RPRNMLRJJIOFFAV17CA,36,84.50,見其他登記事項,鋼筋混凝土造,72年9月23日,四層,一層
RPTNMLRJJIOFFDV77DA,25,31.54,見其他登記事項,鋼筋混凝土造,83年9月30日,八層,五層
RPTNMLRJJIOFFDV77DA,25,6.07,見其他登記事項,鋼筋混凝土造,83年9月30日,八層,
RPSNMLRJJIOFFDV67DA,25,31.54,見其他登記事項,鋼筋混凝土造,83年9月30日,八層,五層
RPSNMLRJJIOFFDV67DA,25,6.07,見其他登記事項,鋼筋混凝土造,83年9月30日,八層,
RPRNMLSJJIOFFDV57CA,22,35.30,商業用,鋼筋混凝土造,87年3月6日,十五層,十二層
RPRNMLSJJIOFFDV57CA,22,1.12,見其他登記事項,鋼筋混凝土造,87年3月6日,十五層,
RPRNMLSJJIOFFDV57CA,22,5.06,見其他登記事項,鋼筋混凝土造,87年3月6日,十層,
RPRNMLSJJIOFFDV57CA,22,6.55,見其他登記事項,鋼筋混凝土造,87年3月6日,十五層,
RPPNMLLKJIOFFAV09CA,10,218.66,住家用,見其他登記事項,99年3月29日,三層,一層 二層 三層
RPQNMLMKJIOFFAV66CA,,222.48,住家用,見其他登記事項,108年8月15日,三層,一層 二層 三層
RPUNMLSKJIOFFAV67CA,14,140.00,農舍,見其他登記事項,94年9月13日,一層,一層
RPWNMLLKJIOFFAV17CA,4,230.50,住家用,見其他登記事項,105年3月18日,三層,一層 二層 三層
RPSOMLPKJIOFFAV27CA,24,203.39,住家用,鋼筋混凝土造,85年2月16日,三層,一層 二層 三層 騎樓
RPOOMLLKJIOFFAV09CA,,219.29,住家用,見其他登記事項,108年8月15日,三層,一層 二層 三層
RPSNMLMKJIOFFAV86CA,7,225.91,住家用,見其他登記事項,102年1月4日,三層,一層 二層 三層
RPPNMLMKJIOFFAV56CA,47,110.08,住家用,見其他登記事項,62年1月1日,二層,一層 二層 騎樓
