﻿編號,土地區段位置,土地移轉面積平方公尺,使用分區或編定
The serial number,land sector position,land shifting area square meter,the use zoning or compiles and checks
RPRNMLKKQHHFFAB37DC,麻園頭段,10.90,都市：住
RPSNMLKKQHHFFAB37CC,練武段,31.41,都市：住
RPPNMLRJQHHFFGL66CC,金城段,67.99,都市：住
RPSNMLSJQHHFFAB08CC,後子段,10.35,都市：住
RPSNMLSJQHHFFAB08CC,後子段,.77,都市：住
RPSNMLSJQHHFFAB08CC,公館段,.29,都市：住
RPPNMLKKQHHFFCL38DC,南勢坑段埔子小段,163.00,都市：住
RPQNMLRJQHHFFCB08DC,惠民段,8.40,都市：住
RPRNMLNKQHHFFCB87DC,惠信段,5.16,都市：住
RPUNMLSJQHHFFBB48DC,東光段,5.31,都市：住
RPTNMLKKQHHFFBB57CC,東山段,19.73,都市：住
RPUNMLOKQHHFFBB18DC,北屯段,30.00,都市：住
RPOOMLNKQHHFFBB47CC,長安段,15.05,都市：住
RPQNMLKKQHHFFBB37DC,松昌段,38.00,都市：住
RPQNMLKKQHHFFBB37DC,松昌段,9.00,都市：住
RPQNMLKKQHHFFBB37DC,松昌段,60.00,都市：住
RPUNMLNKQHHFFBB08DC,中清段,17.39,都市：住
RPRNMLOKQHHFFAL78DC,中陽段,65.00,都市：住
RPTNMLRKQHHFFCL86DC,銀聯段,103.00,都市：其他
RPQNMLPKQHHFFBB87DC,北屯段,48.75,都市：住
RPVNMLPKQHHFFBB28CC,東峰段,18.00,都市：住
RPQNMLOKQHHFFFL09CC,大明段,13.60,都市：住
RPQNMLPKQHHFFAL68CC,西湳段,119.47,都市：住
RPRNMLQKQHHFFGL86CC,新義段,115.00,都市：住
RPRPMLRKQHHFFAB18CC,樹子腳段,20.28,都市：住
RPPNMLSKQHHFFFL76CC,華泰段,82.65,都市：住
RPTNMLRKQHHFFBB28CC,賴厝段,9.00,都市：住
RPWNMLQKQHHFFBB48CC,水源段,86.00,都市：住
RPWNMLQKQHHFFBB48CC,水源段,17.00,都市：住
RPTOMLRKQHHFFBB38CC,東義段,160.00,都市：住
RPUOMLQKQHHFFBB38CC,文正段,62.00,都市：商
RPUOMLQKQHHFFBB38CC,文正段,74.00,都市：商
RPVNMLKLQHHFFBB97DC,邱厝子段,.00,非都市： ; 非都市編定：
RPUOMLQKQHHFFBB38CC,文正段,74.00,都市：商
RPUOMLQKQHHFFBB38CC,文正段,87.00,都市：商
RPUOMLQKQHHFFBB38CC,文正段,117.00,都市：商
RPUOMLQKQHHFFBB38CC,文正段,45.00,都市：住
RPUOMLQKQHHFFBB38CC,文正段,45.00,都市：商
RPUOMLQKQHHFFBB38CC,文正段,33.50,都市：住
RPUOMLQKQHHFFBB38CC,文正段,33.50,都市：商
RPVNMLKLQHHFFBB97DC,邱厝子段,.00,非都市： ; 非都市編定：
RPVNMLKLQHHFFBB97DC,邱厝子段,.00,非都市： ; 非都市編定：
RPVNMLKLQHHFFBB97DC,邱厝子段,.00,非都市： ; 非都市編定：
RPQNMLKLQHHFFFL78CC,聖宮段,9.38,都市：住
RPRNMLKLQHHFFGL98CC,德芳段,83.19,都市：商
RPUNMLKLQHHFFBB77CC,邱厝子段,21.02,都市：住
RPROMLKLQHHFFBB57CC,平田段,16.33,都市：住
RPPPMLKLQHHFFCB57CC,上石碑段,13.27,都市：商
RPOPMLKLQHHFFCB47CC,中正段,4023.00,都市：商
RPPOMLLLQHHFFCB57CC,西屯段,6.73,非都市： ; 非都市編定：
RPROMLLLQHHFFCB77CC,大墩段,12319.00,非都市： ; 非都市編定：
RPSOMLLLQHHFFCB97DC,西屯段,.00,非都市： ; 非都市編定：
RPQPMLLLQHHFFCB87DC,大新段,.00,非都市： ; 非都市編定：
RPWOMLLLQHHFFBB18CC,賴厝段,7.22,都市：商
RPXOMLLLQHHFFCB38CC,黎明段,12.85,都市：住
RPPOMLLLQHHFFBB47CC,中興段,.00,非都市： ; 非都市編定：
RPRNMLKLQHHFFFL88CC,甘潭段,5.03,都市：住
RPPPMLLLQHHFFBB57CC,北屯段,63.00,都市：住
RPXPMLLLQHHFFBB38CC,北屯段,1652.00,都市：農
RPSNMLNLQHHFFFL76DC,中山段,19.94,都市：住
RPXOMLNLQHHFFCB58CC,何安段,22.84,都市：住
RPVNMLKLQHHFFAB77CC,下橋子頭段,11.31,都市：住
RPRNMLNLQHHFFBB87DC,中清段,28.11,都市：住
RPTNMLRLQHHFFBB38CC,東光段,2.75,都市：住
RPVNMLMLQHHFFCB18CC,上石碑段,11.02,都市：住
RPWOMLSLQHHFFCB98CC,三塊厝段,16.56,都市：住
RPPOMLSLQHHFFBB18CC,東正段,5.31,都市：住
RPQOMLLLQHHFFAB47CC,土庫段,24.26,都市：住
RPSNMLNLQHHFFCL09DC,忠孝段,136.00,都市：住
RPOQMLSLQHHFFBB38DC,邱厝子段,57.00,都市：住
RPTPMLTLQHHFFCB98DC,大墩段,.00,都市：住
RPQPMLTLQHHFFCB68DC,大墩段,.00,都市：住
RPQOMLMLQHHFFGL56CC,三民段,106.67,都市：住
RPVOMLRLQHHFFGL67DC,新仁段,13.94,都市：住
RPSNMLSLQHHFFFL17CC,祥和段,1065.44,都市：農
RPRNMLSLQHHFFFL07CC,四德段,20.60,都市：其他
RPTNMLTLQHHFFFL37CC,潭興段,112.85,都市：住
RPXNMLTLQHHFFBB09DC,賴厝段,2.87,都市：住
RPOOMLTLQHHFFBB28DC,賴厝段,3.06,都市：住
RPTOMLTLQHHFFBB78DC,賴厝段,2.87,都市：住
RPROMLTLQHHFFBB58DC,賴厝段,2.67,都市：住
RPTNMLSLQHHFFAL76CC,育仁段,994.02,都市：商
RPVOMLTLQHHFFBB98DC,賴厝段,2.67,都市：住
RPXOMLTLQHHFFBB56DC,賴厝段,3.06,都市：住
RPPPMLTLQHHFFBB48DC,賴厝段,2.67,都市：住
RPQNMLTLQHHFFCB38CC,惠來厝段,.00,非都市： ; 非都市編定：
RPPPMLTLQHHFFCB48CC,惠信段,.00,非都市： ; 非都市編定：
RPOPMLTLQHHFFBB28CC,景東段,4.57,都市：住
RPVPMLTLQHHFFBB98CC,邱厝子段,.00,非都市： ; 非都市編定：
RPSNMLKMQHHFFFL56DC,大埔厝段大埔厝小段,46.00,都市：其他
RPWNMLKMQHHFFBB08CC,賴厝段,3.17,都市：商
RPXNMLKMQHHFFBB18CC,賴厝段,3.51,都市：商
RPTOMLKMQHHFFBB87CC,中德段,.00,非都市： ; 非都市編定：
RPTNMLKMQHHFFBB77CC,東峰段,8.14,都市：住
RPPPMLKMQHHFFBB57CC,北屯段,96.00,都市：住
RPWOMLKMQHHFFBB18CC,乾溝子段,14.85,都市：住
RPSPMLKMQHHFFBB87CC,賴厝段,3.21,都市：商
RPSPMLKMQHHFFBB87CC,邱厝子段,2.57,都市：商
RPQOMLKMQHHFFCB67CC,國安段,11.19,都市：其他
RPQOMLKMQHHFFCB67CC,國安段,5.38,都市：其他
RPOSMLKMQHHFFCB87CC,惠來厝段,67.00,都市：住
RPRRMLKMQHHFFCB08CC,大進段,36.00,都市：住
RPRRMLKMQHHFFCB08CC,大進段,35.00,都市：住
RPUSMLKMQHHFFCB48CC,惠禮段,.00,都市：住
RPPSMLKMQHHFFCB97CC,中正段,5.63,都市：商
RPURMLKMQHHFFCB38CC,大墩段,.00,都市：住
RPSRMLKMQHHFFCB18CC,中正段,8.57,都市：商
RPVSMLKMQHHFFCB58CC,何厝段,17.25,都市：住
RPPNMLSKQHHFFHL96CC,平欣段,93.00,都市：商
RPRNMLSLQHHFFHL37DC,勤益段,74.00,都市：住
RPSSMLKMQHHFFAB08CC,柳川段一小段,.00,都市：商
RPXTMLKMQHHFFAB68CC,下橋子頭段,.00,都市：住
RPOUMLKMQHHFFAB87CC,下橋子頭段,.00,都市：住
RPSUMLKMQHHFFAB28CC,下橋子頭段,.00,都市：住
RPPUMLKMQHHFFAB97CC,麻園頭段,39.00,都市：商
RPRUMLKMQHHFFAB18CC,大益段,148.70,都市：商
RPWTMLKMQHHFFAB58CC,麻園頭段,22.12,都市：商
RPOQMLLMQHHFFCB87DC,寶文段,5473.68,都市：工
RPVNMLLMQHHFFCB18CC,寶山段,2945.00,都市：住
RPWNMLLMQHHFFBB18CC,中清段,5.47,都市：住
RPWPMLLMQHHFFCB48CC,大墩段,11.62,都市：住
RPPQMLLMQHHFFCB87CC,西屯段,9.83,都市：住
RPTNMLLJRHHFFBB67CC,松茂段,20.73,都市：住
RPSQMLKMQHHFFAB97DC,大益段,14.20,都市：住
RPUNMLLJRHHFFBB77CC,松茂段,96.00,都市：住
RPPOMLNJRHHFFAB47CC,頂橋子頭段,387.00,都市：住
RPPNMLLJRHHFFAB17CC,下橋子頭段,9.11,都市：住
RPTNMLNJRHHFFAL78CC,豐中段,9.85,都市：住
RPWNMLLMQHHFFCL66CC,南勢坑段埔子小段,68.00,都市：住
RPSOMLLMQHHFFCL98CC,遠東段,16.63,非都市：鄉村區 ; 非都市編定：乙種建築用地
RPTUMLKMQHHFFAB38CC,下橋子頭段,.00,都市：住
RPWNMLNJRHHFFBB18CC,松竹段,28.04,都市：住
RPQPMLNJRHHFFBB77CC,仁美段,2292.72,都市：住
RPSRMLNJRHHFFCB28CC,大墩段,.00,非都市： ; 非都市編定：
RPUQMLNJRHHFFCB38CC,惠國段,.00,都市：其他
RPXQMLNJRHHFFCB68CC,大進段,.00,非都市： ; 非都市編定：
RPWQMLNJRHHFFCB58CC,大墩段,.00,都市：住
RPWOMLNJRHHFFCB38CC,大進段,1884.00,都市：住
RPPPMLNJRHHFFBB77DC,東新段,4.29,都市：商
RPTNMLOJRHHFFBB97CC,東正段,8.96,都市：商
RPVNMLOJRHHFFBB18CC,東正段,11.95,都市：住
RPOPMLOJRHHFFBB67CC,東義段,.00,非都市： ; 非都市編定：
RPOOMLOJRHHFFBB57CC,松昌段,41.00,都市：住
RPOOMLOJRHHFFBB57CC,松昌段,102.00,都市：住
RPSPMLOJRHHFFBB08CC,陳平段,.00,非都市： ; 非都市編定：
RPTPMLOJRHHFFBB18CC,陳平段,.00,非都市： ; 非都市編定：
RPQNMLOJRHHFFCB87DC,下石碑段,69.00,都市：住
RPPOMLOJRHHFFAB57CC,麻園頭段,.00,都市：住
RPRNMLOJRHHFFAB67CC,麻園頭段,81.36,非都市： ; 非都市編定：
RPUOMLOJRHHFFAB18DC,旱新段,.00,非都市： ; 非都市編定：
RPTNMLOJRHHFFCB08CC,國安段,8.79,都市：住
RPVNMLOJRHHFFCB28CC,惠國段,90.77,都市：住
RPPPMLOJRHHFFCB87CC,大新段,24.90,都市：住
RPUOMLOJRHHFFCB38DC,大新段,11.99,都市：住
RPQOMLOJRHHFFFL56CC,大豐段,83.50,都市：住
RPQOMLOJRHHFFFL56CC,大豐段,39.42,都市：住
RPQOMLOJRHHFFFL56CC,大豐段,.70,都市：住
RPQOMLOJRHHFFFL56CC,大豐段,1.13,都市：住
RPPNMLOJRHHFFHL56CC,欣欣段,74.00,都市：其他
RPQOMLPJRHHFFCL09DC,新興段,.00,都市：其他
RPUOMLPJRHHFFAB18CC,後子段,100.00,都市：住
RPWNMLPJRHHFFHL37CC,義平段,13.31,都市：其他
RPWNMLPJRHHFFHL37CC,義平段,13.91,都市：其他
RPXNMLPJRHHFFHL47CC,宜欣段,19.05,都市：住
RPRQMLPJRHHFFCB38DC,西屯段,.00,都市：住
RPQPMLPJRHHFFAB87CC,旱新段,.00,非都市： ; 非都市編定：
RPTNMLPJRHHFFFL86CC,埔子墘段,22.13,都市：其他
RPTNMLPJRHHFFFL86CC,埔子墘段,82.00,都市：其他
RPTNMLPJRHHFFFL86CC,埔子墘段,3.64,都市：其他
RPTNMLPJRHHFFFL86CC,埔子墘段,.86,都市：其他
RPTNMLPJRHHFFFL86CC,埔子墘段,.19,都市：其他
RPSOMLPJRHHFFBB18DC,長安段,70.00,都市：住
RPVNMLPJRHHFFBB28CC,乾溝子段,.00,非都市： ; 非都市編定：
RPSPMLPJRHHFFBB28DC,松竹段,11.35,都市：住
RPPOMLPJRHHFFBB77CC,北屯段,.00,非都市： ; 非都市編定：
RPUPMLPJRHHFFBB48DC,東新段,4.01,都市：商
RPXOMLPJRHHFFBB58CC,松觀段,77.00,都市：住
RPOPMLPJRHHFFBB77CC,松昌段,20.00,都市：其他
RPUOMLPJRHHFFCB38CC,上石碑段,15.21,都市：住
RPOQMLPJRHHFFBB87CC,景美段,67.55,都市：住
RPOQMLPJRHHFFBB87CC,景美段,1.31,都市：住
RPOQMLPJRHHFFBB87CC,景美段,3.56,都市：住
RPTQMLPJRHHFFCB48CC,寶山段,17.50,都市：住
RPSRMLPJRHHFFCB48CC,大墩段,101.00,都市：住
RPORMLPJRHHFFCB08CC,大進段,10.08,都市：住
RPTPMLQJRHHFFCB58DC,廣福段,1050.00,都市：農
RPTPMLQJRHHFFCB58DC,廣福段,270.00,都市：農
RPWRMLPJRHHFFCB88CC,廣明段,5.38,非都市： ; 非都市編定：
RPSPMLQJRHHFFCB38CC,豐功段,60.39,都市：住
RPSPMLQJRHHFFCB38CC,豐功段,93.31,都市：住
RPXPMLPJRHHFFBB78DC,東光段,35.80,都市：商
RPVPMLQJRHHFFCB68CC,田心段,155.00,都市：住
RPQRMLQJRHHFFCB38CC,西屯段,.00,非都市： ; 非都市編定：
RPSRMLQJRHHFFCB58CC,上石碑段,.00,非都市： ; 非都市編定：
RPVPMLQJRHHFFAB58DC,麻園頭段,89.00,都市：住
RPROMLQJRHHFFGL07DC,地利段,5.00,都市：其他
RPPOMLQJRHHFFGL86DC,天時段,3.47,都市：其他
RPVNMLRJRHHFFCB68DC,福安段,6.50,都市：住
RPWPMLRJRHHFFCB98DC,寶山段,1.99,非都市： ; 非都市編定：
RPOPMLQJRHHFFBB87CC,平田段,16.50,都市：住
RPSPMLQJRHHFFBB28CC,平田段,18.59,都市：住
RPPQMLQJRHHFFBB08CC,水湳段,54.00,都市：住
RPVNMLQJRHHFFBB48DC,北屯段,168.00,都市：住
RPPRMLQJRHHFFBB18CC,平田段,13.91,都市：住
RPPOMLRJRHHFFCL09CC,遠東段,68.64,非都市：鄉村區 ; 非都市編定：乙種建築用地
RPPOMLRJRHHFFCL09CC,遠東段,18.33,非都市：鄉村區 ; 非都市編定：乙種建築用地
RPQSMLRJRHHFFAB38CC,後子段,9.00,都市：其他
RPQQMLRJRHHFFAB28DC,後子段,11.90,都市：住
RPPOMLRJRHHFFFL76CC,東寶二段,83.59,非都市： ; 非都市編定：
RPSNMLRJRHHFFFL96CC,永興段,95.98,都市：商
RPQOMLRJRHHFFFL86CC,東寶二段,20.00,非都市： ; 非都市編定：
RPQNMLRJRHHFFBB08DC,賴厝段,2.87,都市：住
RPPNMLRJRHHFFBB97DC,賴厝段,2.87,都市：住
RPSNMLRJRHHFFBB28DC,賴厝段,2.87,都市：住
RPTNMLRJRHHFFBB38DC,賴厝段,2.87,都市：住
RPUNMLRJRHHFFBB48DC,賴厝段,4.58,都市：住
RPVNMLRJRHHFFBB58DC,賴厝段,4.58,都市：住
RPSOMLRJRHHFFBB38DC,松茂段,2.09,都市：住
RPWNMLTJRHHFFCB98DC,大進段,5.30,都市：住
RPWNMLTJRHHFFCB98DC,大進段,9.91,都市：住
RPOPMLRJRHHFFBB08DC,賴厝段,4.97,都市：住
RPQPMLRJRHHFFBB28DC,賴厝段,24.80,都市：住
RPVPMLRJRHHFFBB78DC,東正段,11.95,都市：住
RPTNMLSJRHHFFBB38CC,景東段,21.16,都市：住
RPXNMLKKRHHFFBB08CC,平田段,18.67,都市：住
RPPNMLKKRHHFFHL98DC,宜欣段,9.09,都市：住
RPQNMLKKRHHFFHL09DC,宜欣段,4.81,都市：住
RPUOMLQJRHHFFAL66CC,東湳段,975.29,都市：住
RPXNMLQJRHHFFAL86CC,豐洲段,150.39,都市：住
RPPPMLRJRHHFFBB08CC,水湳段,94.00,都市：住
RPWNMLKKRHHFFCB08CC,中仁段,30.47,都市：住
RPXNMLKKRHHFFAL09DC,豐洲北段,274.75,都市：工
RPOQMLRJRHHFFBB08CC,文正段,2.50,都市：住
RPXNMLKKRHHFFCB18CC,中仁段,95.53,都市：住
RPTPMLKKRHHFFCB97CC,信安段,9.71,都市：其他
RPQOMLKKRHHFFAB37CC,後子段,.00,非都市： ; 非都市編定：
RPRNMLQJRHHFFAL88CC,豐原段,149.00,都市：商
RPPPMLKKRHHFFAL38CC,豐圳段,.00,都市：商
RPROMLKKRHHFFAL48CC,翁明段,53.13,都市：住
RPROMLKKRHHFFAL48CC,翁明段,69.17,都市：住
RPTOMLKKRHHFFAL68CC,豐圳段,.00,都市：商
RPQQMLLKRHHFFCB87CC,上石碑段,20.59,都市：商
RPQPMLLKRHHFFCB77CC,大進段,16.06,非都市： ; 非都市編定：
RPRPMLLKRHHFFCB87CC,保安段,196.25,都市：住
RPRPMLLKRHHFFCB87CC,保安段,7.32,都市：住
RPSPMLLKRHHFFBB87CC,賴厝段,4.18,都市：商
RPRQMLLKRHHFFCB97CC,信安段,27.11,都市：住
RPTPMLLKRHHFFBB97CC,賴厝段,3.16,都市：商
RPTPMLLKRHHFFBB97CC,邱厝子段,2.54,都市：商
RPVPMLLKRHHFFBB18CC,賴厝段,3.23,都市：商
RPVPMLLKRHHFFBB18CC,邱厝子段,2.60,都市：商
RPWPMLLKRHHFFBB28CC,賴厝段,3.35,都市：商
RPWPMLLKRHHFFBB28CC,邱厝子段,2.69,都市：商
RPWPMLLKRHHFFCB38CC,中正段,6.28,都市：商
RPQQMLLKRHHFFBB77CC,陳平段,41.40,都市：住
RPWNMLMKRHHFFBB18CC,賴厝段,2.67,都市：商
RPWNMLMKRHHFFCB28CC,信安段,98.76,都市：住
RPWNMLMKRHHFFFL96CC,民生段,67.01,非都市： ; 非都市編定：
RPVNMLMKRHHFFFL86CC,復興段,67.69,都市：住
RPUNMLMKRHHFFFL76CC,四德段,59.00,非都市： ; 非都市編定：
RPUPMLMKRHHFFBB18CC,東峰段,7.86,都市：商
RPVOMLMKRHHFFBB28DC,邱厝子段,17.03,都市：住
RPXOMLMKRHHFFBB48DC,松竹段,10.14,都市：住
RPXNMLMKRHHFFCL76CC,南勢坑段埔子小段,79.00,都市：住
RPXOMLMKRHHFFGL27CC,新仁段,414.00,都市：住
RPVQMLNKRHHFFCB68DC,大進段,12.71,都市：住
RPTQMLNKRHHFFCB48DC,大新段,74.00,都市：住
RPOOMLNKRHHFFFL98CC,上楓段,70.00,都市：其他
RPWQMLNKRHHFFCB78DC,大進段,15.47,都市：住
RPTNMLNKRHHFFCB08CC,福安段,11.17,都市：住
RPPPMLNKRHHFFAB77DC,番婆段,8.58,都市：住
RPQOMLNKRHHFFCB87CC,西屯段,19.11,都市：住
RPQOMLNKRHHFFCB87CC,西屯段,8.42,都市：住
RPROMLOKRHHFFCB18DC,福安段,20.40,都市：住
RPWNMLMKRHHFFAB08CC,公館段,1.08,都市：住
RPWNMLMKRHHFFAB08CC,公館段,.93,都市：住
RPSOMLMKRHHFFAB77CC,公館段,1.00,都市：住
RPSOMLMKRHHFFAB77CC,公館段,.90,都市：住
RPWNMLNKRHHFFFL17DC,甘潭段,23.51,都市：住
RPTQMLOKRHHFFCB48CC,西屯段,3.80,都市：住
RPXNMLOKRHHFFCB58CC,信安段,5.52,非都市： ; 非都市編定：
RPTNMLOKRHHFFFL86CC,民生段,.00,非都市： ; 非都市編定：
RPXOMLNKRHHFFBB48CC,東新段,4.17,都市：商
RPRNMLNKRHHFFBB77CC,東峰段,58.79,都市：商
RPXOMLOKRHHFFBB58CC,邱厝子段,11.82,都市：住
RPPPMLNKRHHFFBB77CC,東新段,4.94,都市：商
RPTNMLNKRHHFFAL88CC,三陽段,1830.64,都市：住
RPPPMLOKRHHFFAL78CC,三豐段,160.36,都市：住
RPPPMLOKRHHFFAL78CC,三豐段,160.37,都市：住
RPROMLOKRHHFFBB97CC,青萍段,65.00,都市：住
RPUOMLOKRHHFFBB38DC,同榮段,20.70,都市：住
RPUQMLOKRHHFFAB38CC,公館段,4.80,都市：住
RPVQMLOKRHHFFAB48CC,公館段,4.80,都市：住
RPWQMLOKRHHFFAB58CC,公館段,4.80,都市：住
RPXQMLOKRHHFFAB68CC,公館段,4.80,都市：住
RPQNMLPKRHHFFFL66CC,家興段,12.71,都市：住
RPROMLRKRHHFFBB28CC,錦村段,35.30,都市：住
RPSNMLPKRHHFFBB08CC,太順段,14.50,都市：住
RPSNMLPKRHHFFBB08CC,太順段,3.18,都市：住
RPVOMLRKRHHFFCB78CC,國安段,16.40,都市：住
RPUNMLRKRHHFFCB58CC,何安段,38.55,都市：住
RPUOMLRKRHHFFCB68CC,上石碑段,.00,都市：商
RPVPMLOKRHHFFAB48DC,大益段,.00,非都市： ; 非都市編定：
RPPPMLRKRHHFFCB28CC,上石碑段,.00,都市：商
RPSPMLOKRHHFFAB18DC,麻園頭段,.00,非都市： ; 非都市編定：
RPTNMLSKRHHFFFL37DC,學雅段,84.36,都市：住
RPUNMLSKRHHFFFL47DC,潭陽段,.00,都市：住
RPUNMLSKRHHFFFL47DC,潭陽段,.00,都市：住
RPVOMLSKRHHFFAB78DC,麻園頭段,19.03,都市：住
RPQNMLPKRHHFFAL78CC,五汴段,23.37,都市：住
RPPNMLPKRHHFFAL68CC,五汴段,73.41,都市：住
RPPOMLSKRHHFFGL07CC,育德段,.00,都市：工
RPOOMLSKRHHFFBB18DC,賴厝段,59.09,都市：住
RPTQMLSKRHHFFCB88CC,何厝段,.00,都市：商
RPUOMLSKRHHFFCB78CC,中正段,75.00,都市：住
RPUOMLSKRHHFFCB78CC,中正段,714.00,都市：住
RPQNMLRKRHHFFAB97CC,麻園頭段,72.74,都市：住
RPPPMLRKRHHFFAB08CC,柳川段一小段,.00,都市：商
RPPPMLRKRHHFFAB08CC,柳川段一小段,.00,都市：商
RPTOMLRKRHHFFAB48DC,下橋子頭段,71.00,都市：住
RPWQMLSKRHHFFCB56CC,上石碑段,.00,都市：商
RPVQMLSKRHHFFCB09CC,上石碑段,52.00,都市：住
RPVQMLSKRHHFFCB09CC,上石碑段,35.00,都市：住
RPVQMLSKRHHFFCB09CC,上石碑段,9.00,都市：住
RPVQMLSKRHHFFCB09CC,上石碑段,7.00,都市：住
RPVQMLSKRHHFFCB09CC,上石碑段,4.00,都市：住
RPQRMLSKRHHFFCB68CC,上石碑段,.00,都市：商
RPRRMLSKRHHFFCB78CC,上石碑段,.00,都市：商
RPUPMLRKRHHFFCB78CC,中義段,.00,都市：住
RPXQMLSKRHHFFBB56CC,賴厝段,.00,都市：商
RPWOMLRKRHHFFCB88CC,上石碑段,.00,都市：商
RPVNMLTKRHHFFCL37DC,梧棲段,116.00,都市：商
RPQNMLTKRHHFFFL17DC,頭家段,.00,都市：住
RPVPMLTKRHHFFBB98CC,水源段,.00,都市：住
RPPOMLTKRHHFFBB28CC,乾溝子段,.00,非都市： ; 非都市編定：
RPWNMLTKRHHFFBB88CC,中德段,18.74,都市：住
RPXPMLTKRHHFFBB56CC,陳平段,.00,都市：住
RPXPMLTKRHHFFBB56CC,陳平段,.00,都市：住
RPSNMLTKRHHFFCB58CC,國安段,13.21,都市：住
RPRNMLTKRHHFFCB48CC,上石碑段,13.27,都市：商
RPQNMLTKRHHFFCB38CC,福安段,21.75,都市：住
RPRPMLTKRHHFFCB68CC,信安段,12.88,都市：住
RPPQMLTKRHHFFCB58CC,上石碑段,3.94,都市：商
RPTNMLTKRHHFFCB68CC,國安段,9.51,都市：住
RPSPMLTKRHHFFCB78CC,上石碑段,.00,都市：商
RPQQMLTKRHHFFBB58CC,賴厝段,4.06,都市：商
RPQQMLTKRHHFFBB58CC,邱厝子段,3.26,都市：商
RPQQMLTKRHHFFCB68CC,上石碑段,3.88,都市：商
RPRQMLTKRHHFFCB78CC,上石碑段,.00,都市：商
RPSOMLTKRHHFFGL47CC,涼傘樹段,.00,都市：住
RPVOMLKLRHHFFCL66DC,北勢坑段北勢坑小段,79.00,都市：住
RPVNMLKLRHHFFAL98DC,十五庄段,77.37,都市：住
RPPOMLTKRHHFFAB28DC,麻園頭段,10.89,都市：住
RPXOMLKLRHHFFCB48DC,保安段,14.06,都市：住
RPQPMLKLRHHFFCB87DC,保安段,15.35,都市：住
RPWNMLTKRHHFFHL87CC,番子路段,8.78,都市：住
RPRPMLKLRHHFFCB97DC,寶山段,16.46,都市：住
RPRNMLTKRHHFFFL17CC,大明段,114.65,非都市： ; 非都市編定：
RPSOMLKLRHHFFAB67CC,麻園頭段,17.53,非都市： ; 非都市編定：
RPVOMLKLRHHFFCB18CC,田心段,63.18,都市：住
RPWOMLKLRHHFFCB28CC,永定段,18.65,都市：住
RPXNMLSKRHHFFBL27CC,賢仁段,124.37,都市：住
RPOOMLTKRHHFFBB28DC,賴厝段,79.00,都市：住
RPTNMLLLRHHFFBB87CC,水源段,.00,都市：商
RPPPMLLLRHHFFBB67CC,景福段,330.58,都市：住
RPPPMLLLRHHFFBB67CC,景福段,330.58,都市：住
RPRPMLLLRHHFFBB87CC,太和段,18.04,都市：住
RPOQMLKLRHHFFCB67CC,惠民段,43.30,非都市： ; 非都市編定：
RPSPMLLLRHHFFBB97CC,太和段,19.85,都市：住
RPTNMLLLRHHFFCB08DC,保安段,15.35,都市：住
RPVOMLLLRHHFFCB28CC,中正段,5.91,非都市： ; 非都市編定：
RPUNMLLLRHHFFCB08CC,三塊厝段,14.42,都市：住
RPWPMLLLRHHFFCB48CC,上石碑段,5.44,都市：住
RPWNMLLLRHHFFCB28CC,民安段,154.95,都市：住
RPTPMLLLRHHFFBB08CC,太和段,19.85,都市：住
RPOPMLLLRHHFFAB57DC,後子段,86.00,都市：住
RPUPMLLLRHHFFBB18CC,東峰段,22.76,都市：商
RPPNMLNLRHHFFCB77CC,福安段,16.00,都市：住
RPPNMLMLRHHFFCB77DC,大墩段,12.32,都市：住
RPQNMLOLRHHFFCB08DC,惠民段,4.50,都市：住
RPRNMLOLRHHFFCB08CC,大新段,.00,都市：住
RPSNMLOLRHHFFCB18CC,大新段,13.96,都市：住
RPVNMLOLRHHFFCB48CC,田心段,90.00,都市：住
RPOOMLKLRHHFFGL98DC,光日段,72.13,都市：住
RPUOMLOLRHHFFCB48CC,國安段,32.00,都市：住
RPVNMLKLRHHFFGL86CC,三民段,71.65,都市：住
RPXNMLOLRHHFFCB68CC,福安段,34.44,都市：住
RPQOMLOLRHHFFCL09CC,龍井段竹坑小段,19.70,都市：住
RPUNMLLLRHHFFGL86CC,中興段,64.00,都市：住
RPUNMLLLRHHFFGL86CC,中興段,25.66,都市：其他
RPQNMLOLRHHFFBB97DC,賴厝段,2.67,都市：住
RPQPMLOLRHHFFBB08CC,東新段,4.42,都市：商
RPRNMLOLRHHFFBB08DC,賴厝段,2.87,都市：住
RPPNMLOLRHHFFBB87DC,賴厝段,3.25,都市：住
RPSNMLOLRHHFFBB18DC,賴厝段,2.87,都市：住
RPTNMLOLRHHFFBB28DC,賴厝段,2.87,都市：住
RPUNMLOLRHHFFBB38DC,賴厝段,24.80,都市：住
RPXNMLOLRHHFFBB68DC,賴厝段,3.06,都市：住
RPWNMLOLRHHFFBB58DC,賴厝段,24.80,都市：住
RPOOMLOLRHHFFBB87DC,賴厝段,2.87,都市：住
RPVNMLOLRHHFFBB48DC,賴厝段,3.06,都市：住
RPQNMLOLRHHFFAB77CC,大益段,21.86,都市：住
RPQOMLOLRHHFFAB87CC,旱溪段,68.00,非都市： ; 非都市編定：
RPWOMLPLRHHFFCB88DC,三塊厝段,.00,非都市： ; 非都市編定：
RPVNMLPLRHHFFFL27CC,大明段,65.43,都市：住
RPVNMLOLRHHFFAB28CC,下橋子頭段,5.21,都市：住
RPVNMLOLRHHFFAB28CC,下橋子頭段,2.82,都市：住
RPVNMLOLRHHFFAB28CC,下橋子頭段,.25,都市：住
RPVNMLOLRHHFFAB28CC,下橋子頭段,.20,都市：住
RPTNMLPLRHHFFFL07CC,上楓段,16.04,都市：住
RPPNMLOLRHHFFAB67CC,土庫段,9.79,都市：住
RPPNMLOLRHHFFAB67CC,後子段,17.40,都市：住
RPUNMLPLRHHFFCB48CC,惠來厝段,.00,非都市： ; 非都市編定：
RPXOMLPLRHHFFBB88DC,東峰段,19.57,都市：住
RPSPMLPLRHHFFCB48CC,田心段,67.00,都市：其他
RPWRMLPLRHHFFCB09CC,上石碑段,66.72,都市：住
RPRPMLQLRHHFFCB58DC,惠泰段,.60,都市：住
RPRPMLQLRHHFFCB58DC,惠泰段,19.05,都市：住
RPRPMLQLRHHFFCB58DC,惠泰段,83.78,都市：住
RPSOMLQLRHHFFBB48DC,東義段,7.29,都市：住
RPWPMLQLRHHFFCB09DC,惠民段,.00,非都市： ; 非都市編定：
RPWOMLQLRHHFFAB68CC,旱溪段,81.00,都市：住
RPROMLRLRHHFFCB58DC,廣昌段,661.15,都市：農
RPQOMLPLRHHFFFL86CC,甘潭段,18.11,都市：住
RPROMLRLRHHFFAB28CC,信義段四小段,16.53,都市：住
RPPOMLRLRHHFFCB28CC,惠民段,21.34,都市：住
RPQPMLRLRHHFFCB48CC,豐富段,25.17,都市：住
RPUPMLRLRHHFFCB88CC,寶文段,.00,都市：工
RPOOMLPLRHHFFFL66CC,大榮段,21.72,都市：住
RPTPMLRLRHHFFBB78DC,倡和段,21.81,都市：住
RPROMLRLRHHFFBB38CC,長安段,.12,非都市： ; 非都市編定：
RPROMLRLRHHFFBB38CC,長安段,20.68,非都市： ; 非都市編定：
RPROMLRLRHHFFBB38CC,長安段,1.57,非都市： ; 非都市編定：
RPROMLRLRHHFFBB38CC,長安段,.22,非都市： ; 非都市編定：
RPROMLRLRHHFFBB38CC,長安段,.17,非都市： ; 非都市編定：
RPSOMLRLRHHFFBB48CC,松茂段,16.62,都市：住
RPOPMLRLRHHFFBB18CC,北屯段,44.14,都市：住
RPTOMLRLRHHFFAL96DC,合作段,.00,都市：住
RPTPMLSLRHHFFBB78CC,東新段,7.96,都市：商
RPXOMLSLRHHFFBB09CC,平田段,17.94,都市：住
RPVQMLSLRHHFFBB09CC,錦村段,3.55,都市：住
RPWQMLSLRHHFFBB56CC,平田段,13.13,都市：住
RPSPMLSLRHHFFBB68CC,錦村段,17.31,都市：商
RPVPMLSLRHHFFBB98CC,平田段,10.82,都市：住
RPRQMLSLRHHFFBB68CC,平田段,6.85,都市：住
RPPOMLSLRHHFFCB38CC,田心段,101.59,都市：其他
RPPPMLQLRHHFFAL09CC,新東陽段,86.47,都市：住
RPOOMLSLRHHFFAL56DC,林厝段,34.00,都市：住
RPXQMLSLRHHFFCB76CC,中正段,59.76,都市：住
RPSQMLSLRHHFFCB88CC,惠來厝段,29.74,都市：其他
RPXPMLSLRHHFFBB66DC,東正段,13.88,都市：住
RPPOMLSLRHHFFHL27CC,長安段,131.03,非都市：鄉村區 ; 非都市編定：乙種建築用地
RPPNMLTLRHHFFCB48DC,惠民段,8.80,都市：住
RPXNMLSLRHHFFHL97CC,宜欣段,82.00,都市：住
RPUNMLLJIIHFFCB17DC,寶山段,28.61,非都市： ; 非都市編定：
RPSNMLLJIIHFFCB96DC,寶山段,81.90,都市：住
RPPOMLLJIIHFFCL77DC,龍津段,12.35,都市：住
RPQNMLLJIIHFFGL18DC,自治段,65.13,都市：住
RPSOMLLJIIHFFCL97CC,南勢坑段埔子小段,47.00,都市：住
RPUNMLLJIIHFFHL58CC,宜欣段,79.00,都市：住
RPSOMLLJIIHFFFL28CC,自立段,85.00,都市：住
RPRNMLLJIIHFFBB76DC,賴厝段,2.67,都市：住
RPTNMLLJIIHFFBB96DC,賴厝段,4.78,都市：住
RPUNMLLJIIHFFBB07DC,賴厝段,14.88,都市：住
RPWNMLSLRHHFFAL17CC,豐田段,.00,非都市： ; 非都市編定：
RPWNMLLJIIHFFBB27DC,賴厝段,4.58,都市：住
RPVNMLLJIIHFFBB17DC,賴厝段,2.87,都市：住
RPTOMLLJIIHFFCB07CC,豐功段,70.80,都市：住
RPSQMLLJIIHFFBB07CC,東信段,127.74,都市：住
RPQQMLLJIIHFFCB96CC,上石碑段,.00,都市：商
RPSOMLLJIIHFFCB96CC,三塊厝段,5.50,都市：住
RPRNMLSLRHHFFAB28CC,麻園頭段,100.98,都市：住
RPSOMLMJIIHFFCB17DC,大新段,59.95,都市：商
RPOOMLMJIIHFFCB66CC,中義段,2175.00,都市：住
RPWOMLMJIIHFFCB57DC,大新段,74.00,都市：住
RPPQMLMJIIHFFBB96DC,東正段,20.66,都市：住
RPUOMLMJIIHFFBB17CC,中清段,.00,都市：住
RPTOMLMJIIHFFBB17DC,東峰段,8.14,都市：住
RPOPMLMJIIHFFAB66DC,平和段,21.26,都市：住
RPWNMLMJIIHFFHL98DC,溪洲段,32.49,都市：住
RPWNMLMJIIHFFAB17CC,練武段,31.42,非都市： ; 非都市編定：
RPTNMLMJIIHFFHL68DC,溪洲段,43.00,都市：住
RPQOMLNJIIHFFHL58DC,番子路段,78.85,都市：住
RPRNMLNJIIHFFAB86DC,萬安段九小段,3.00,都市：住
RPOOMLNJIIHFFAB56CC,大益段,11.79,都市：其他
RPSOMLNJIIHFFAB96CC,東勢子段,19.17,都市：商
RPSOMLNJIIHFFAB96CC,東勢子段,19.17,都市：商
RPVNMLNJIIHFFBB37DC,松茂段,84.00,都市：住
RPUNMLNJIIHFFCB27CC,惠來厝段,.00,都市：住
RPUQMLNJIIHFFCB57CC,大新段,81.00,都市：住
RPTRMLNJIIHFFCB57CC,大新段,11.31,都市：住
RPVRMLNJIIHFFCB77CC,大新段,14.74,都市：住
RPSOMLNJIIHFFBB07CC,邱厝子段,30.30,都市：商
RPSOMLNJIIHFFBB07CC,邱厝子段,4.80,都市：其他
RPROMLMJIIHFFAL77CC,豐原段,102.00,都市：其他
RPWOMLOJIIHFFBB57CC,平田段,12.23,都市：住
RPWOMLOJIIHFFBB57CC,平田段,10.84,都市：住
RPWOMLOJIIHFFBB57CC,平田段,10.82,都市：住
RPWOMLOJIIHFFBB57CC,平田段,3.04,都市：住
RPWOMLOJIIHFFBB57CC,平田段,2.05,都市：住
RPTPMLOJIIHFFBB37CC,松昌段,13.88,都市：商
RPXOMLOJIIHFFCB77CC,大新段,11.66,都市：住
RPSNMLOJIIHFFHL78DC,平欣段,78.00,都市：住
RPWOMLOJIIHFFCB67CC,田心段,90.00,都市：住
RPWNMLOJIIHFFCB57CC,中正段,34.09,非都市： ; 非都市編定：
RPOPMLNJIIHFFAL67CC,泉州段,63.84,都市：住
RPTPMLOJIIHFFCB47CC,上石碑段,11.13,都市：住
RPWNMLOJIIHFFFL88CC,家興段,12.93,都市：住
RPQOMLOJIIHFFFL38CC,四德段,.00,非都市： ; 非都市編定：
RPQOMLOJIIHFFFL38CC,四德段,.00,非都市： ; 非都市編定：
RPQOMLOJIIHFFFL38CC,四德段,.00,非都市： ; 非都市編定：
RPOQMLOJIIHFFAB86CC,土庫段,4.11,都市：住
RPOQMLOJIIHFFAB86CC,土庫段,6.85,都市：住
RPUPMLPJIIHFFBB67DC,北屯段,33.06,都市：住
RPTQMLOJIIHFFAB37CC,下橋子頭段,.00,非都市： ; 非都市編定：
RPUPMLPJIIHFFAB47CC,樹子腳段,10.43,都市：住
RPUPMLPJIIHFFAB47CC,樹子腳段,1.19,都市：住
RPUPMLPJIIHFFAB47CC,樹子腳段,.92,都市：住
RPROMLPJIIHFFGL68CC,崇光段,3881.01,都市：住
RPWNMLPJIIHFFBB57CC,賴厝段,4.55,都市：商
RPWNMLPJIIHFFBB57CC,邱厝子段,3.65,都市：商
RPSPMLPJIIHFFCB57DC,永新段,3517.85,都市：住
RPVSMLPJIIHFFCB08CC,田心段,29.36,都市：住
RPVPMLPJIIHFFCB77CC,上石碑段,5.29,都市：商
RPRUMLPJIIHFFCB87CC,大進段,.00,都市：住
RPXTMLPJIIHFFCB38CC,惠國段,.00,都市：其他
RPTUMLPJIIHFFCB08CC,中正段,.00,都市：住
RPUUMLPJIIHFFCB18CC,福安段,.00,都市：住
RPQUMLPJIIHFFCB77CC,中正段,.00,都市：住
RPWTMLPJIIHFFCB28CC,大新段,.00,非都市： ; 非都市編定：
RPWTMLPJIIHFFCB28CC,大新段,.00,非都市： ; 非都市編定：
RPOOMLPJIIHFFBB86CC,東新段,38.83,都市：住
RPPOMLPJIIHFFBB96CC,賴厝段,3.19,都市：商
RPPOMLPJIIHFFBB96CC,邱厝子段,2.56,都市：商
RPSOMLPJIIHFFBB27CC,賴厝段,17.01,都市：商
RPUQMLPJIIHFFBB67CC,景美段,83.82,都市：住
RPOSMLPJIIHFFBB27CC,東光段,.00,都市：住
RPTRMLPJIIHFFBB67CC,東光段,.00,都市：住
RPOOMLQJIIHFFCB07CC,大墩段,24.39,都市：住
RPXOMLQJIIHFFCB97CC,田心段,191.00,都市：住
RPPSMLPJIIHFFBB37CC,東光段,.00,都市：住
RPXQMLPJIIHFFBB97CC,中清段,33.03,都市：住
RPVQMLPJIIHFFBB77CC,景美段,83.82,都市：住
RPRNMLRJIIHFFBB37DC,松竹段,5.97,都市：住
RPRPMLQJIIHFFCB47CC,大墩段,62.27,都市：住
RPPNMLQJIIHFFHL58CC,太平段,31.76,都市：其他
RPROMLSJIIHFFCL68DC,沙鹿段斗抵小段,77.00,非都市： ; 非都市編定：
RPXNMLSJIIHFFCL56DC,鹿寮段,92.90,都市：住
RPSPMLSJIIHFFCB87DC,田心段,7.38,都市：住
RPTNMLSJIIHFFBB67DC,賴厝段,2.87,都市：住
RPUNMLSJIIHFFBB77DC,賴厝段,2.67,都市：住
RPSNMLSJIIHFFBB57DC,賴厝段,3.06,都市：住
RPSPMLSJIIHFFBB77DC,仁和段,43.34,都市：商
RPTPMLSJIIHFFAB67CC,旱平段,135.00,都市：住
RPRQMLSJIIHFFCB77CC,國安段,.00,都市：住
RPVQMLSJIIHFFCB18CC,國安段,.00,都市：住
RPTQMLTJIIHFFCB08CC,國安段,.00,都市：住
RPVVMLTJIIHFFBB68CC,東峰段,76.00,都市：住
RPOPMLTJIIHFFCB47CC,大新段,75.00,都市：商
RPQQMLTJIIHFFCB77CC,國安段,.00,都市：住
RPUPMLTJIIHFFAB87CC,麻園頭段,2937.00,都市：住
RPXSMLTJIIHFFBB68DC,中興段,.00,非都市： ; 非都市編定：
RPVQMLTJIIHFFAB08CC,下橋子頭段,.00,非都市： ; 非都市編定：
RPUQMLTJIIHFFAB97CC,下橋子頭段,.00,非都市： ; 非都市編定：
RPXQMLTJIIHFFAB28CC,下橋子頭段,.00,非都市： ; 非都市編定：
RPTNMLKKIIHFFAB76CC,下橋子頭段,10.68,都市：其他
RPTNMLKKIIHFFAB76CC,下橋子頭段,5.90,都市：其他
RPTNMLKKIIHFFAB76CC,下橋子頭段,.24,都市：其他
RPTNMLKKIIHFFAB76CC,下橋子頭段,.27,都市：其他
RPTNMLKKIIHFFAB76CC,下橋子頭段,1.23,都市：其他
RPTNMLKKIIHFFAB76CC,下橋子頭段,8.19,都市：其他
RPPOMLKKIIHFFCB66CC,信安段,4.00,都市：住
RPSOMLKKIIHFFCB96CC,何安段,2147.57,都市：住
RPTOMLKKIIHFFCB07CC,上石碑段,2.82,非都市： ; 非都市編定：
RPPNMLLKIIHFFCB66CC,協成段,893.00,都市：農
RPXNMLLKIIHFFCB47CC,惠來厝段,68.92,非都市： ; 非都市編定：
RPOOMLLKIIHFFBB56CC,東光段,417.00,都市：住
RPSNMLTJIIHFFHL56CC,太平段,33.94,都市：住
RPSNMLTJIIHFFHL56CC,溪洲段,4.14,都市：住
RPWPMLLKIIHFFBB47CC,賴厝段,3.37,都市：其他
RPSNMLKKIIHFFHL48DC,樹孝段,90.18,都市：住
RPQOMLLKIIHFFCB86CC,田心段,94.80,都市：住
RPOQMLLKIIHFFBB76CC,錦村段,4.10,都市：住
RPTPMLLKIIHFFGL68CC,武德段,2518.28,都市：工
RPTNMLLKIIHFFFL38CC,興華段,90.72,都市：其他
RPTNMLLKIIHFFFL38CC,興華段,51.77,都市：其他
RPTNMLLKIIHFFAB96DC,麻園頭段,90.00,都市：住
RPTOMLMKIIHFFCB37DC,下石碑段,15.96,都市：住
RPUOMLTJIIHFFCL98CC,竹林段竹林小段,129.98,都市：住
RPQNMLMKIIHFFHL38CC,太平段,37.69,都市：其他
RPSOMLMKIIHFFBB07CC,東正段,13.03,非都市： ; 非都市編定：
RPXPMLMKIIHFFBB67CC,賴厝段,13.54,都市：商
RPPQMLMKIIHFFBB96CC,賴厝段,81.00,都市：住
RPQQMLMKIIHFFBB07CC,賴厝段,2.51,都市：商
RPTQMLMKIIHFFBB37CC,東正段,5.48,都市：商
RPSOMLMKIIHFFCB17CC,民安段,81.93,都市：其他
RPORMLMKIIHFFCB07CC,中正段,5.31,都市：商
RPPRMLMKIIHFFCB17CC,惠來厝段,.00,都市：住
RPQRMLMKIIHFFCB27CC,中正段,5.27,都市：商
RPRRMLMKIIHFFCB37CC,中正段,8.49,都市：商
RPRNMLNKIIHFFCB07CC,上石碑段,16.62,都市：商
RPUOMLMKIIHFFAL18CC,新東陽段,94.50,都市：農
RPUOMLMKIIHFFAL18CC,新東陽段,94.50,都市：農
RPSNMLLKIIHFFAL77CC,建國段,3837.00,都市：農
RPQNMLLKIIHFFAL57CC,神圳段,66.33,都市：住
RPQNMLNKIIHFFHL48CC,溪洲段,72.11,都市：住
RPPOMLSJIIHFFAL18CC,豐圳段,.00,都市：商
RPVNMLSJIIHFFAL68CC,豐圳段,.00,都市：商
RPUNMLSJIIHFFAL58CC,豐圳段,.00,都市：商
RPQOMLSJIIHFFAL28CC,豐圳段,.00,都市：商
RPPNMLOKIIHFFCB96CC,中義段,.00,非都市： ; 非都市編定：
RPUQMLPKIIHFFCB87CC,國安段,.00,都市：住
RPXPMLPKIIHFFCB08CC,下石碑段,18.21,都市：住
RPRNMLOKIIHFFCL28DC,南勢坑段埔子小段,47.00,都市：其他
RPRNMLOKIIHFFCL28DC,南勢坑段埔子小段,20.40,都市：其他
RPVNMLPKIIHFFBB57CC,同榮段,81.00,都市：住
RPVNMLPKIIHFFBB57CC,同榮段,81.00,都市：住
RPUPMLPKIIHFFBB67CC,賴厝段,9.48,都市：其他
RPXNMLPKIIHFFBB77CC,東新段,4.74,都市：住
RPQQMLPKIIHFFBB37CC,仁和段,15.43,都市：住
RPQQMLPKIIHFFBB37CC,仁德段,84.37,都市：住
RPQQMLPKIIHFFBB37CC,仁德段,1.33,都市：住
RPXPMLPKIIHFFBB97CC,邱厝子段,.00,都市：住
RPWNMLPKIIHFFAB67DC,旱溪段,140.00,都市：工
RPTPMLPKIIHFFBB57CC,東正段,69.47,都市：商
RPQOMLPKIIHFFGL68CC,烏日段,22.14,非都市： ; 非都市編定：
RPVPMLPKIIHFFAB67CC,公館段,1.26,都市：其他
RPVPMLPKIIHFFAB67CC,公館段,1.09,都市：其他
RPWPMLPKIIHFFAB77CC,樹子腳段,40.68,都市：住
RPOQMLPKIIHFFAB17DC,下橋子頭段,7.92,都市：住
RPTNMLQKIIHFFBB57DC,東新段,4.07,都市：住
RPOPMLPKIIHFFBB17DC,水源段,.00,都市：住
RPOPMLPKIIHFFBB17DC,水源段,.00,都市：住
RPQPMLPKIIHFFCB37CC,惠安段,92.00,都市：住
RPSOMLQKIIHFFCB57CC,惠國段,30.00,都市：其他
RPXOMLQKIIHFFCB08CC,西屯段,5.10,都市：住
RPOPMLQKIIHFFCB27CC,西屯段,3.80,都市：住
RPPPMLQKIIHFFCB37CC,下石碑段,5.80,都市：住
RPVNMLQKIIHFFHL76DC,宜欣段,8.93,都市：住
RPSNMLQKIIHFFHL09DC,宜欣段,6.59,都市：住
RPQPMLQKIIHFFCB47CC,下石碑段,5.80,都市：住
RPUPMLRKIIHFFHL96DC,樹孝段,10.00,都市：住
RPUPMLRKIIHFFHL96DC,樹孝段,2.00,都市：住
RPUPMLRKIIHFFHL96DC,樹孝段,2.00,都市：住
RPSOMLRKIIHFFAL58DC,建成段,87.41,都市：住
RPUNMLRKIIHFFFL56DC,四維段,85.01,都市：住
RPROMLRKIIHFFAL48DC,下溪洲段后寮小段,75.00,都市：住
RPVNMLRKIIHFFCB87CC,中仁段,192.90,非都市： ; 非都市編定：
RPVSMLRKIIHFFCB48DC,惠民段,35.03,都市：住
RPUSMLRKIIHFFCB38DC,惠國段,26.04,都市：商
RPXRMLRKIIHFFCB58DC,惠國段,16.33,都市：住
RPXNMLRKIIHFFCB08CC,上石碑段,54.97,非都市： ; 非都市編定：
RPPOMLRKIIHFFCB37CC,何厝段,17.25,都市：住
RPVOMLRKIIHFFCB97CC,何厝段,17.25,都市：住
RPUOMLRKIIHFFCB87CC,惠義段,32.53,都市：住
RPUOMLRKIIHFFCB87CC,惠義段,80.28,都市：住
RPRQMLRKIIHFFCB77CC,西屯段,3.80,都市：住
RPOQMLRKIIHFFCB47CC,順和段,.00,非都市： ; 非都市編定：
RPXOMLRKIIHFFCB18CC,大墩段,1.01,非都市： ; 非都市編定：
RPXOMLRKIIHFFCB18CC,大墩段,1.50,非都市： ; 非都市編定：
RPWPMLRKIIHFFBB08CC,水源段,7.20,都市：住
RPQNMLRKIIHFFBB27CC,賴厝段,106.00,都市：住
RPRRMLRKIIHFFCB87CC,國安段,7.87,都市：住
RPVPMLRKIIHFFCB08CC,上石碑段,.00,都市：商
RPPRMLRKIIHFFAB57DC,下橋子頭段,72.00,都市：住
RPROMLRKIIHFFAB37CC,旱溪段,.00,都市：住
RPROMLRKIIHFFAB37CC,旱溪段,.00,都市：住
RPROMLRKIIHFFAB37CC,旱溪段,.00,都市：住
RPQQMLRKIIHFFAB47CC,土庫段,18.99,都市：住
RPQQMLRKIIHFFAB47CC,土庫段,.27,都市：住
RPQQMLRKIIHFFAB47CC,土庫段,.72,都市：住
RPRNMLRKIIHFFAB27CC,樹子腳段,.00,都市：商
RPPNMLRKIIHFFAL08CC,北陽段,2676.00,都市：住
RPRQMLMKIIHFFBB17CC,賴厝段,7.36,都市：商
RPOOMLRKIIHFFAL08CC,下溪洲段后寮小段,844.00,都市：工
RPVNMLSKIIHFFBB87CC,青田段,43.00,都市：住
RPVNMLSKIIHFFBB87CC,青田段,16.00,都市：住
RPWOMLSKIIHFFBB08CC,水湳段,41.21,都市：住
RPUOMLSKIIHFFBB87CC,水湳段,20.12,都市：住
RPOPMLSKIIHFFBB37CC,東新段,4.74,都市：住
RPXNMLSKIIHFFFL86CC,三和段,21.19,都市：住
RPQNMLSKIIHFFFL78CC,東寶七段,73.04,都市：住
RPSOMLSKIIHFFBB67CC,水湳段,40.67,都市：住
RPTNMLRKIIHFFGL09CC,南湖段,102.89,都市：住
RPRONLSKIIHFFBB67CC,陳平段,230.00,都市：住
RPSONLSKIIHFFBB77CC,陳平段,.00,非都市： ; 非都市編定：
RPTONLSKIIHFFBB87CC,景美段,8.86,都市：住
RPTONLSKIIHFFBB87CC,景美段,4.96,都市：住
RPWQMLSKIIHFFCB38CC,大新段,112.00,都市：住
RPQNMLSKIIHFFCB47CC,民安段,16.25,都市：住
RPQNMLSKIIHFFCB47CC,民安段,.03,都市：住
RPROMLTKIIHFFCB77CC,黎明段,14.72,都市：住
RPPOMLTKIIHFFCB57CC,大墩段,84.00,都市：住
RPXOMLTKIIHFFCB38CC,三塊厝段,2790.00,都市：住
RPSOMLTKIIHFFCB87CC,寶山段,15.96,都市：住
RPQOMLTKIIHFFCB67CC,寶山段,15.07,都市：住
RPUOMLTKIIHFFCB08CC,大新段,359.00,都市：商
RPUQMLTKIIHFFCB28CC,中仁段,101.00,都市：住
RPSSMLTKIIHFFCB28CC,西屯段,.00,都市：住
RPTNMLTKIIHFFBL88DC,朝陽段,13.39,都市：住
RPWNNLTKIIHFFBB18CC,邱厝子段,74.00,都市：商
RPWNNLTKIIHFFBB18CC,邱厝子段,71.00,都市：商
RPRNMLTKIIHFFFL98CC,祥和段,1598.91,非都市： ; 非都市編定：
RPQNNLTKIIHFFBB57CC,賴厝段,.00,都市：住
RPUQMLTKIIHFFAB08CC,大益段,.00,都市：住
RPSOMLTKIIHFFAB67CC,下橋子頭段,11.90,都市：住
RPTOMLTKIIHFFAB77CC,後子段,20.23,都市：住
RPPQMLTKIIHFFBB77DC,中清段,81.36,都市：商
RPTQMLTKIIHFFAB97CC,後子段,.00,都市：商
RPTNMLKLIIHFFBB96CC,倡和段,11.57,都市：住
RPUNMLKLIIHFFBB07CC,倡和段,11.57,都市：住
RPPNMLKLIIHFFCB66CC,大墩段,79.00,都市：住
RPXNMLKLIIHFFAB27CC,大益段,35.59,都市：商
RPVOMLKLIIHFFCB37CC,大墩段,56.19,都市：住
RPQNMLKLIIHFFAB56CC,大益段,12.20,都市：住
RPQNMLLLIIHFFAB66CC,下橋子頭段,.00,都市：住
RPPNMLLLIIHFFAB56CC,下橋子頭段,.00,非都市： ; 非都市編定：
RPXOMLMLIIHFFAB57CC,後子段,65.00,都市：商
RPSOMLMLIIHFFHL88DC,宜欣段,4.81,都市：住
RPVQMLMLIIHFFAB57CC,下橋子頭段,.00,非都市： ; 非都市編定：
RPWPMLMLIIHFFAB57CC,半平厝段,9.39,非都市： ; 非都市編定：
RPORMLMLIIHFFAB96CC,下橋子頭段,.00,非都市： ; 非都市編定：
RPQNMLMLIIHFFHL48CC,太平段,37.69,都市：農
RPXQMLMLIIHFFAB77CC,下橋子頭段,.00,非都市： ; 非都市編定：
RPRPMLMLIIHFFGL68CC,大仁段,61.54,都市：住
RPOQMLMLIIHFFCB07CC,何厝段,24.72,都市：住
RPUQMLMLIIHFFCB67CC,惠信段,12.16,都市：住
RPQOMLMLIIHFFBB96CC,乾溝子段,667.00,都市：住
RPWNMLMLIIHFFBB47CC,乾溝子段,.00,都市：住
RPWNMLMLIIHFFBB47CC,乾溝子段,.00,都市：住
RPTOMLMLIIHFFBB27CC,東新段,4.17,都市：住
RPUOMLMLIIHFFBB37CC,賴厝段,62.00,都市：商
RPTOMLRKIIHFFCL78CC,榮華段,46.81,都市：住
RPSOMLRKIIHFFCL68CC,頂街段,122.01,都市：住
RPUPMLMLIIHFFBB47CC,松竹段,19.47,都市：住
RPUOMLNLIIHFFCB57CC,惠禮段,35.98,都市：住
RPUPMLNLIIHFFCB67CC,上石碑段,3.32,都市：商
RPTRMLNLIIHFFBB67CC,邱厝子段,5.32,都市：住
RPWPMLNLIIHFFCB87CC,廣福段,54.32,都市：住
RPWPMLNLIIHFFCB87CC,廣福段,15.98,都市：住
RPVPMLNLIIHFFCB77CC,上石碑段,2.14,都市：商
RPQRMLNLIIHFFCB47CC,國安段,9.99,都市：住
RPQRMLNLIIHFFCB47CC,國安段,4.80,都市：住
RPOOMLNLIIHFFAB86DC,旱平段,122.07,都市：住
RPOOMLNLIIHFFAB86DC,旱平段,8.24,都市：住
RPVNMLNLIIHFFAB47DC,旱平段,122.07,都市：住
RPVNMLNLIIHFFAB47DC,旱平段,8.24,都市：住
RPRNMLNLIIHFFBB17DC,賴厝段,2.67,都市：住
RPRNMLMLIIHFFAL87CC,豐原段,232.00,都市：商
RPUNMLNLIIHFFBB47DC,賴厝段,2.87,都市：住
RPSNMLNLIIHFFBB27DC,賴厝段,2.67,都市：住
RPPOMLNLIIHFFBB07DC,賴厝段,2.87,都市：住
RPVNMLNLIIHFFBB57DC,賴厝段,3.06,都市：住
RPXOMLNLIIHFFCL88CC,忠和段,257.00,都市：工
RPROMLNLIIHFFBB27DC,賴厝段,2.87,都市：住
RPTOMLNLIIHFFBB47DC,賴厝段,2.67,都市：住
RPOPMLNLIIHFFBB07DC,賴厝段,3.06,都市：住
RPVOMLNLIIHFFBB67DC,賴厝段,2.87,都市：住
RPQQMLNLIIHFFBB37DC,松竹段,27.70,非都市： ; 非都市編定：
RPUSMLMLIIHFFGL66CC,學田段,931.00,都市：農
RPUSMLMLIIHFFGL66CC,學田段,621.00,都市：農
RPUSMLMLIIHFFGL66CC,學田段,309.00,都市：農
RPPNMLNLIIHFFAB76CC,旱溪段,80.00,都市：住
RPSPMLNLIIHFFAB27CC,旱清段,6.95,都市：其他
RPSPMLNLIIHFFAB27CC,旱清段,20.84,都市：其他
RPWOMLOLIIHFFAB67CC,麻園頭段,18.27,非都市： ; 非都市編定：
RPPNMLNLIIHFFFL28CC,復興段,13.12,都市：住
RPUNMLNLIIHFFFL78CC,家興段,17.96,都市：住
RPQNMLOLIIHFFFL48CC,自強段,.00,非都市：特定農業區 ; 非都市編定：甲種建築用地
RPRQMLOLIIHFFBB57DC,東新段,8.40,都市：住
RPSOMLOLIIHFFGL98DC,中興段,19.28,都市：住
RPQOMLOLIIHFFGL68CC,益民段,6.65,都市：住
RPQOMLOLIIHFFGL68CC,益民段,10.95,都市：住
RPQOMLOLIIHFFGL68CC,益民段,.34,都市：住
RPQOMLOLIIHFFGL68CC,益民段,10.06,都市：住
RPQOMLOLIIHFFGL68CC,益民段,2.43,都市：住
RPOOMLOLIIHFFCB07CC,何安段,.03,都市：住
RPOOMLOLIIHFFCB07CC,何安段,.08,都市：住
RPOOMLOLIIHFFCB07CC,何安段,26.71,都市：住
RPXUMLOLIIHFFCB58CC,惠信段,.00,都市：商
RPUNMLOLIIHFFCB57CC,中正段,6.48,都市：商
RPPQMLOLIIHFFCB37CC,大進段,.00,非都市： ; 非都市編定：
RPTVMLOLIIHFFCB28CC,大墩段,.00,都市：商
RPSPMLOLIIHFFBB47CC,錦村段,25.00,都市：住
RPUNMLOLIIHFFAL38CC,三陽段,92.21,都市：住
RPOSMLOLIIHFFBB37CC,乾溝子段,.00,都市：住
RPXNMLNLIIHFFAL58CC,豐中段,11.68,都市：住
RPRNMLPLIIHFFBB27CC,賴厝段,54.00,都市：住
RPRNMLPLIIHFFBB27CC,賴厝段,98.00,都市：住
RPWOMLPLIIHFFAL88DC,一心段,109.08,都市：住
RPTPMLPLIIHFFBB67CC,平田段,3.26,都市：住
RPRPMLPLIIHFFBB47CC,東正段,6.90,非都市： ; 非都市編定：
RPUPMLPLIIHFFBB77CC,平田段,4.66,非都市： ; 非都市編定：
RPSPMLPLIIHFFCB67CC,田心段,72.00,都市：其他
RPTOMLPLIIHFFCB67CC,何厝段,2465.00,都市：住
RPTPMLPLIIHFFCB77CC,安和段,1653.00,都市：工
RPSOMLPLIIHFFCB57CC,惠來厝段,14.36,非都市： ; 非都市編定：
RPWTMLPLIIHFFCB48CC,三塊厝段,15.64,都市：住
RPTOMLPLIIHFFBB67DC,東新段,19.81,都市：住
RPPOMLPLIIHFFGL68CC,三民段,71.82,都市：住
RPROMLPLIIHFFAB27CC,旱溪段,58.00,都市：住
RPUOMLPLIIHFFCL78CC,北勢坑段六路厝小段,58.00,都市：住
RPROMLPLIIHFFAB27CC,旱溪段,19.00,都市：住
RPUOMLPLIIHFFCL78CC,北勢坑段六路厝小段,8.69,都市：住
RPRNMLPLIIHFFFL68CC,復興段,77.05,都市：住
RPSOMLQLIIHFFCB77DC,三塊厝段,31.58,都市：住
RPSNMLQLIIHFFFL88CC,四德段,10.39,都市：住
RPSNMLQLIIHFFFL88CC,四德段,2.97,都市：住
RPSNMLQLIIHFFFL88CC,四德段,7.76,都市：住
RPSNMLQLIIHFFFL88CC,四德段,2.85,都市：住
RPSNMLQLIIHFFFL88CC,四德段,2.17,都市：住
RPUPMLQLIIHFFCB08DC,豐富段,34.50,都市：住
RPXNMLQLIIHFFCL09CC,榮華段,1701.21,都市：住
RPXNMLQLIIHFFCL09CC,榮華段,1701.21,都市：住
RPROMLQLIIHFFCB57CC,中義段,74.00,都市：住
RPQPMLQLIIHFFCB57CC,保安段,1836.29,都市：住
RPSPMLQLIIHFFCB77CC,西屯段,.00,都市：住
RPSPMLQLIIHFFCB77CC,西屯段,.00,都市：住
RPSPMLQLIIHFFCB77CC,西屯段,.00,都市：住
RPSPMLQLIIHFFCB77CC,西屯段,.00,都市：住
RPTPMLQLIIHFFCB87CC,黎明段,88.00,都市：住
RPSNMLQLIIHFFBB47CC,東信段,18.57,都市：住
RPTNMLQLIIHFFBB57CC,陳平段,36.75,都市：住
RPTPMLQLIIHFFBB77CC,乾溝子段,87.00,都市：其他
RPTPMLQLIIHFFBB77CC,乾溝子段,16.00,都市：其他
RPRNMLRLIIHFFAB37CC,正義段九小段,22.00,都市：商
RPSOMLQLIIHFFGL09CC,新三和段,88.15,都市：住
RPROMLTLIIHFFCB97DC,惠國段,26.04,都市：商
RPTOMLTLIIHFFCB18DC,上石碑段,.00,都市：商
RPWOMLTLIIHFFAB18CC,半平厝段,3993.00,都市：住
RPROMLTLIIHFFCL88CC,和平段,72.72,都市：農
RPSNMLTLIIHFFAB67CC,信義段二小段,56.00,都市：住
RPSNMLTLIIHFFAB67CC,信義段二小段,16.00,都市：住
RPRNMLTLIIHFFHL66CC,新福段,54.40,都市：住
RPRNMLTLIIHFFHL66CC,新福段,11.63,都市：住
RPSOMLTLIIHFFBB87CC,乾溝子段,33.12,都市：住
RPTNMLTLIIHFFBB87CC,北屯段,73.71,都市：住
RPQNMLTLIIHFFFL09DC,家興段,3503.03,都市：住
RPVQMLTLIIHFFCB48CC,大進段,64.00,都市：住
RPUOMLTLIIHFFBB08CC,賴厝段,3705.00,都市：住
RPVOMLTLIIHFFCB28CC,中仁段,1170.00,都市：住
RPPPMLTLIIHFFCB77CC,中和段,1123.00,都市：住
RPVNMLKMIIHFFCB37CC,惠智段,1367.45,都市：住
RPURMLKMIIHFFCB67CC,大進段,.00,都市：住
RPSSMLKMIIHFFCB57CC,中義段,15.00,都市：住
RPSSMLKMIIHFFCB57CC,中義段,125.00,都市：住
RPRQMLKMIIHFFBB17CC,陳平段,11.84,都市：住
RPSRMLKMIIHFFBB37CC,松觀段,14.66,都市：住
RPXQMLKMIIHFFBB77CC,東義段,10.62,都市：住
RPXRMLKMIIHFFBB87CC,陳平段,39.15,都市：住
RPQSMLKMIIHFFBB27CC,乾溝子段,5.00,都市：住
RPTQMLLMIIHFFBB57DC,東義段,6.82,都市：住
RPXNMLLMIIHFFBB57CC,松茂段,59.00,都市：住
RPUOMLLMIIHFFBB37CC,東義段,240.00,都市：住
RPPPMLLMIIHFFBB96CC,松昌段,21.85,都市：住
RPVPMLLMIIHFFBB57CC,東義段,.00,非都市： ; 非都市編定：
RPQNMLLMIIHFFCB96CC,福安段,.00,都市：住
RPUNMLLMIIHFFCB37CC,福安段,.00,都市：住
RPSQMLLMIIHFFBB37CC,北屯段,8.12,都市：住
RPXNMLLMIIHFFCB67CC,中正段,.00,都市：住
RPTOMLLMIIHFFCB37CC,惠國段,.00,都市：其他
RPROMLLMIIHFFCB17CC,中和段,.00,都市：住
RPOOMLQLIIHFFAL08CC,豐圳段,.00,都市：商
RPXNMLQLIIHFFAL88CC,豐圳段,.00,都市：商
RPWOMLLMIIHFFCB67CC,惠民段,.00,都市：其他
RPRPMLLMIIHFFCB27CC,中正段,5.31,都市：商
RPPOMLQLIIHFFAL18CC,豐圳段,.00,都市：商
RPSPMLLMIIHFFCB37CC,中正段,10.54,都市：商
RPSQMLLMIIHFFCB47CC,何厝段,46.97,都市：農
RPOOMLLMIIHFFHL38CC,宜欣段,29.00,都市：其他
RPOOMLLMIIHFFHL38CC,宜欣段,92.00,都市：其他
RPQQMLLMIIHFFCL28CC,東海段,53.97,非都市：鄉村區 ; 非都市編定：乙種建築用地
RPOOMLLMIIHFFGL28CC,新義段,108.00,都市：住
RPSNMLLMIIHFFBB17DC,賴厝段,2.67,都市：住
RPTNMLLMIIHFFBB27DC,賴厝段,2.87,都市：住
RPRNMLLMIIHFFBB07DC,賴厝段,2.87,都市：住
RPQNMLLMIIHFFBB96DC,賴厝段,2.87,都市：住
RPVNMLLMIIHFFBB47DC,賴厝段,4.58,都市：住
RPUNMLLMIIHFFBB37DC,賴厝段,2.67,都市：住
RPPNMLLMIIHFFAB66CC,大益段,.00,都市：住
RPUNMLLMIIHFFAB17CC,土庫段,.00,都市：住
