﻿編號,屋齡,建物移轉面積平方公尺,主要用途,主要建材,建築完成日期,總層數,建物分層
The serial number,room age,building shifting area square meter,the main use,main building materials,construction completes the date,total layer,building lamination
RPUNMLRKQHHFFHR97CC,16,55.41,住家用,鋼筋混凝土造,85年4月26日,十層,
RPWNMLRKQHHFFAD68CC,20,34.73,住家用,鋼筋混凝土構造,81年8月13日,五層,
RPXNMLRKQHHFFAD78CC,18,42.51,住家用,鋼筋混凝土構造,84年2月7日,十二層,
RPUNMLRKQHHFFAD48CC,24,126.22,住家用,加強磚造,77年2月10日,二層,
RPSNMLQKQHHFFAD18CC,17,238.14,住家用,鋼筋混凝土構造,84年7月22日,五層,
RPRNMLSJQHHFFAD18CC,4,55.86,見其他登記事項,鋼筋混凝土構造,97年12月19日,十四層,
RPXNMLRKQHHFFHR28CC,2,128.67,住商用,鋼筋混凝土造,99年10月6日,四層,
RPPOMLMLQHHFFHR17CC,22,198.96,見其他登記事項,鋼造,79年12月5日,二十四層,
RPPNMLKKQHHFFDR09DC,18,101.82,住家用,鋼筋混凝土造,83年3月19日,三層,
RPPNMLSJQHHFFDR07CC,19,242.53,農舍,鋼筋混凝土造,82年9月7日,三層,
RPQNMLKKQHHFFDR09CC,18,110.97,住家用,鋼筋混凝土造,83年8月16日,三層,
RPWNMLNLQHHFFAD38CC,22,25.09,住家用,鋼筋混凝土構造,79年9月20日,七層,
RPPNMLNLQHHFFAD77DC,25,93.41,住家用,鋼筋混凝土構造,76年6月12日,二層,
RPUPMLNLQHHFFAD38CC,15,99.79,國民住宅,鋼筋混凝土構造,87年1月5日,二十六層,
RPQNMLNLQHHFFCR76CC,20,196.81,住家用,鋼筋混凝土造,82年8月7日,四層,
RPWNMLOLQHHFFAD48CC,19,197.80,商業用,鋼筋混凝土構造,82年12月13日,十三層,
RPQOMLNLQHHFFHR47DC,19,49.48,住家用,鋼筋混凝土造,82年12月30日,九層,
RPXOMLOLQHHFFHR18CC,20,148.60,住家用,鋼筋混凝土造,81年7月23日,十七層,
RPTOMLOLQHHFFHR77CC,12,78.56,住家用,鋼筋混凝土造,90年1月10日,十一層,
RPWOMLOLQHHFFHR08CC,20,97.76,住家用,鋼筋混凝土造,81年9月18日,六層,
RPOPMLOLQHHFFHR37CC,20,85.24,住家用,鋼筋混凝土造,81年7月23日,十七層,
RPPNMLNLQHHFFFR96CC,17,82.47,住家用,鋼筋混凝土造,84年3月31日,十一層,
RPPNMLQLQHHFFAD97CC,46,44.51,住家用,加強磚造,56年2月1日,一層,
RPVOMLRLQHHFFAD78CC,21,200.06,住商用,鋼筋混凝土構造,80年5月10日,六層,
RPWNMLRLQHHFFAD78CC,31,77.12,住家用,鋼筋混凝土構造,70年10月17日,五層,
RPTNMLRLQHHFFAD48CC,34,19.83,住商用,鋼筋混凝土構造,68年1月6日,三層,
RPQNMLSLQHHFFFR57CC,5,33.05,住商用,鋼筋混凝土造,96年2月15日,四層,
RPUNMLOLQHHFFER47CC,6,203.05,見其他登記事項,鋼筋混凝土造,95年8月22日,四層,
RPOOMLSLQHHFFAD18CC,7,239.08,見其他登記事項,見其他登記事項,94年12月26日,五層,
RPWNMLLLQHHFFER47DC,15,95.46,住家用,鋼筋混凝土造,86年8月25日,八層,
RPVNMLOLQHHFFER57CC,24,316.53,住家用,鋼筋混凝土造,78年2月25日,四層,
RPVNMLLLQHHFFER37DC,15,95.46,住家用,鋼筋混凝土造,86年8月25日,八層,
RPVNMLSLQHHFFHR28CC,13,117.89,住家用,鋼筋混凝土造,88年8月24日,十四層,
RPVNMLSLQHHFFER97CC,31,92.60,住家用,加強磚造,71年2月27日,二層,
RPRNMLMLQHHFFER96CC,15,95.46,住家用,鋼筋混凝土造,86年8月25日,八層,
RPPOMLSLQHHFFHR77CC,31,26.44,住家用,加強磚造,70年11月28日,二層,
RPQNMLTLQHHFFHR87CC,13,111.87,住商用,鋼筋混凝土造,88年12月3日,八層,
RPSNMLTLQHHFFFR87CC,8,24.80,住家用,鋼筋混凝土造,93年7月14日,四層,
RPUNMLLMQHHFFAD08CC,17,179.23,住商用,鋼筋混凝土構造,84年7月29日,十七層,
RPSNMLLJRHHFFAD67CC,18,52.89,商業用,鋼筋混凝土構造,83年12月22日,二十一層,
RPRNMLNJRHHFFER96CC,38,151.16,住商用,鋼筋混凝土造,63年5月30日,二層,
RPTNMLKMQHHFFBD97CC,32,163.41,住商用,鋼筋混凝土構造,69年5月20日,三層,
RPQNMLOJRHHFFDR96DC,39,130.64,住商用,加強磚造,63年1月21日,二層,
RPWNMLOJRHHFFDR57DC,23,136.57,住家用,鋼筋混凝土造,78年12月22日,三層,
RPXNMLOJRHHFFDR67DC,16,51.17,國民住宅,鋼筋混凝土造,85年8月21日,十層,
RPPNMLMJRHHFFAD47CC,40,61.03,住家用,加強磚造,61年7月12日,二層,
RPQNMLMJRHHFFAD57CC,7,152.48,見其他登記事項,見其他登記事項,94年5月31日,四層,
RPPNMLSLQHHFFCD38CC,16,139.41,國民住宅,鋼筋混凝土構造,85年10月5日,十六層,
RPPOMLRLQHHFFCD38CC,34,179.82,住商用,鋼筋混凝土構造,67年6月8日,三層,
RPUNMLRLQHHFFCD78CC,23,15.11,住商用,鋼筋混凝土構造,78年11月14日,五層,
RPPNMLLMQHHFFBD67CC,17,193.60,住家用,鋼筋混凝土構造,84年10月26日,四層,
RPSNMLLMQHHFFCD08CC,18,89.73,住家用,鋼筋混凝土構造,84年1月6日,二十五層,
RPUNMLPJRHHFFFR57CC,18,149.92,住家用,鋼筋混凝土造,83年4月22日,三層,
RPVNMLPJRHHFFHR87CC,16,22.98,住家用,鋼筋混凝土造,85年10月28日,八層,
RPROMLPJRHHFFHR57CC,14,50.68,見其他登記事項,鋼筋混凝土造,87年10月26日,十一層,
RPROMLPJRHHFFHR57CC,14,6.68,共有部分,鋼筋混凝土造,87年10月26日,十一層,
RPROMLPJRHHFFHR57CC,14,36.20,共有部分,鋼筋混凝土造,87年10月26日,十一層,
RPRNMLQJRHHFFHR67DC,14,16.99,住家用,鋼筋混凝土造,87年6月2日,七層,
RPUOMLQJRHHFFHR97CC,20,65.68,住家用,鋼筋混凝土造,81年7月23日,十七層,
RPUOMLQJRHHFFHR97CC,20,14.55,共有部分,鋼筋混凝土造,81年7月23日,十七層,
RPUOMLQJRHHFFHR97CC,20,1.56,共有部分,鋼筋混凝土造,81年7月23日,十九層,
RPUOMLQJRHHFFHR97CC,20,3.45,共有部分,鋼筋混凝土造,81年7月23日,十九層,
RPROMLPJRHHFFAD08CC,28,140.00,住家用,鋼筋混凝土構造,73年12月24日,五層,
RPRNMLRJRHHFFER37CC,8,219.52,見其他登記事項,鋼筋混凝土造,94年1月4日,四層,
RPPNMLSJRHHFFER27CC,28,115.37,住商用,鋼筋混凝土造,73年7月10日,四層,
RPXOMLQJRHHFFHR28CC,20,100.82,住家用,鋼筋混凝土造,81年12月16日,六層,
RPXOMLQJRHHFFHR28CC,20,43.65,共有部分,鋼筋混凝土造,81年12月16日,六層,
RPQOMLPJRHHFFCD18CC,16,122.81,國民住宅,鋼筋混凝土構造,85年10月5日,十六層,
RPPOMLPJRHHFFCD08CC,7,56.36,見其他登記事項,鋼筋混凝土構造,94年11月21日,五層,
RPSOMLQJRHHFFAD28CC,32,86.00,住商用,加強磚造,69年12月12日,二層,
RPUOMLQJRHHFFAD48CC,4,148.48,見其他登記事項,鋼筋混凝土構造,97年8月12日,十四層,
RPUOMLQJRHHFFAD48CC,4,101.99,共有部分,鋼筋混凝土構造,97年8月12日,十四層,
RPUOMLQJRHHFFAD48CC,4,26.96,共有部分,鋼筋混凝土構造,97年8月12日,十四層,
RPPNMLTJRHHFFHR67CC,6,125.00,住家用,鋼筋混凝土造,95年12月15日,十層,
RPPNMLTJRHHFFHR67CC,6,70.34,共有部分,鋼筋混凝土造,95年12月15日,十四層,
RPQNMLTJRHHFFCD48CC,17,28.33,住家用,鋼筋混凝土構造,85年2月3日,十六層,
RPQNMLTJRHHFFCD48CC,17,4.63,共有部分,鋼筋混凝土構造,85年2月3日,十六層,
RPQNMLTJRHHFFCD48CC,17,4.24,共有部分,鋼筋混凝土構造,85年2月3日,十六層,
RPPNMLTJRHHFFCD38CC,5,64.76,住家用,鋼筋混凝土構造,96年9月6日,十四層,
RPPNMLTJRHHFFCD38CC,5,13.43,共有部分,鋼筋混凝土構造,96年9月6日,十四層,
RPPNMLTJRHHFFCD38CC,5,10.94,共有部分,鋼筋混凝土構造,96年9月6日,十四層,
RPSNMLKKRHHFFAD67CC,25,60.54,住家用,鋼筋混凝土構造,77年2月22日,五層,
RPPNMLTJRHHFFAD18CC,64,30.51,商業用,磚造,38年1月1日,三層,
RPUNMLKKRHHFFDR96CC,13,147.50,住家用,鋼筋混凝土造,88年9月17日,十層,
RPSNMLKKRHHFFCR76DC,24,170.96,住家用,鋼筋混凝土造,78年3月6日,三層,
RPRNMLTJRHHFFHR87CC,21,114.75,住家用,鋼筋混凝土造,80年8月12日,十七層,
RPRNMLTJRHHFFHR87CC,21,27.15,共有部分,鋼筋混凝土造,80年8月12日,十八層,
RPQNMLTJRHHFFHR77CC,31,72.22,住家用,鋼筋混凝土造,70年10月25日,四層,
RPQNMLTJRHHFFHR77CC,31,4.48,共有部分,鋼筋混凝土造,70年10月25日,四層,
RPQNMLTJRHHFFHR77CC,31,2.43,共有部分,鋼筋混凝土造,70年10月25日,四層,
RPQNMLTJRHHFFHR77CC,31,2.43,共有部分,鋼筋混凝土造,70年10月25日,四層,
RPPNMLSJRHHFFCD28CC,24,66.64,住家用,鋼筋混凝土構造,77年4月23日,五層,
RPPNMLSJRHHFFCD28CC,24,15.82,共有部分,鋼筋混凝土構造,77年4月23日,五層,
RPTNMLLKRHHFFCD08CC,16,98.12,住家用,鋼筋混凝土構造,86年1月25日,九層,
RPTNMLLKRHHFFCD08CC,16,16.33,共有部分,鋼筋混凝土構造,86年1月25日,九層,
RPTNMLLKRHHFFCD08CC,16,35.51,共有部分,鋼筋混凝土構造,86年1月25日,九層,
RPUNMLLKRHHFFCD18CC,21,16.14,住家用,鋼筋混凝土構造,80年5月18日,十一層,
RPUNMLLKRHHFFCD18CC,21,1.39,共有部分,鋼筋混凝土構造,80年5月18日,十一層,
RPUNMLLKRHHFFCD18CC,21,3.89,共有部分,鋼筋混凝土構造,80年5月18日,十一層,
RPVNMLKKRHHFFCD28DC,31,77.46,住家用,鋼筋混凝土構造,70年5月26日,四層,
RPSNMLMKRHHFFDR96CC,25,75.96,住家用,鋼造,76年8月10日,一層,
RPVNMLMKRHHFFCD38CC,19,55.22,住家用,鋼筋混凝土構造,83年1月8日,七層,
RPWNMLMKRHHFFCD48CC,32,209.56,住商用,鋼筋混凝土構造,69年3月28日,三層,
RPSNMLMKRHHFFHR37CC,18,26.44,住家用,鋼筋混凝土造,83年9月9日,五層,
RPRNMLOKRHHFFAD97CC,32,128.78,住家用,鋼筋混凝土構造,69年9月30日,四層,
RPROMLLKRHHFFAD77CC,8,97.02,國民住宅,鋼筋混凝土構造,93年5月21日,十一層,
RPROMLLKRHHFFAD77CC,8,48.26,共有部分,鋼筋混凝土構造,93年5月21日,十一層,
RPTOMLNKRHHFFAD18CC,31,269.10,住商用,鋼造,70年11月18日,二層,
RPPPMLMKRHHFFAD87DC,25,245.69,住商用,鋼筋混凝土構造,76年8月25日,四層,
RPTNMLOKRHHFFAD18CC,81,81.80,見其他登記事項,見其他登記事項,21年1月1日,三層,
RPPOMLLKRHHFFAD57CC,,28.61,住家用,加強磚造,,二層,
RPTNMLOKRHHFFCD38CC,17,263.16,住商用,鋼筋混凝土構造,84年6月19日,五層,
RPUNMLOKRHHFFCD48CC,22,16.54,住家用,鋼筋混凝土構造,80年1月24日,六層,
RPUNMLOKRHHFFCD48CC,22,5.49,共有部分,鋼筋混凝土構造,80年1月24日,六層,
RPPOMLSKRHHFFER47CC,1,223.93,見其他登記事項,鋼筋混凝土造,100年11月7日,四層,
RPWNMLSKRHHFFCD09CC,21,2091.78,住商用,鋼筋混凝土構造,80年4月9日,七層,
RPUNMLTKRHHFFER97CC,7,75.76,見其他登記事項,鋼筋混凝土造,94年8月19日,四層,
RPROMLOKRHHFFAD08CC,31,268.15,住家用,鋼筋混凝土構造,70年10月16日,三層,
RPQPMLOKRHHFFAD08CC,8,167.86,見其他登記事項,鋼筋混凝土構造,93年3月29日,十層,
RPQNMLPKRHHFFAD97CC,22,42.01,商業用,鋼筋混凝土構造,79年10月8日,五層,
RPTOMLLKRHHFFAD97CC,17,108.18,住家用,鋼筋混凝土構造,84年9月15日,三層,
RPWNMLTKRHHFFAD98CC,64,358.83,住商用,加強磚造,38年1月1日,四層,
RPVOMLOKRHHFFHR97CC,21,158.25,住家用,鋼筋混凝土造,81年3月5日,三層,
RPRNMLKLRHHFFHR17CC,12,57.21,住家用,鋼筋混凝土造,90年1月10日,十一層,
RPRNMLKLRHHFFHR17CC,12,12.95,共有部分,鋼筋混凝土造,90年1月10日,十一層,
RPRNMLKLRHHFFHR17CC,12,8.40,共有部分,鋼筋混凝土造,90年1月10日,十一層,
RPQNMLKLRHHFFHR07CC,13,89.97,住家用,鋼筋混凝土造,88年8月24日,十四層,
RPQNMLKLRHHFFHR07CC,13,2.05,共有部分,鋼筋混凝土造,88年8月24日,十四層,
RPQNMLKLRHHFFHR07CC,13,17.28,共有部分,鋼筋混凝土造,88年8月24日,十四層,
RPQNMLKLRHHFFHR07CC,13,16.06,共有部分,鋼筋混凝土造,88年8月24日,十四層,
RPSNMLKLRHHFFHR27CC,20,46.90,住家用,鋼筋混凝土造,81年6月27日,五層,
RPVNMLKLRHHFFHR57CC,13,84.63,國民住宅,鋼筋混凝土造,88年8月24日,十四層,
RPVNMLKLRHHFFHR57CC,13,2.09,共有部分,鋼筋混凝土造,88年8月24日,十四層,
RPVNMLKLRHHFFHR57CC,13,3.80,共有部分,鋼筋混凝土造,88年8月24日,十四層,
RPVNMLKLRHHFFHR57CC,13,16.57,共有部分,鋼筋混凝土造,88年8月24日,十四層,
RPPOMLTKRHHFFAD38CC,17,152.54,住家用,鋼筋混凝土構造,84年8月29日,十七層,
RPXNMLTKRHHFFAD09CC,11,406.82,住家用,鋼筋混凝土構造,90年4月11日,三層,
RPRNMLLLRHHFFAD77CC,20,81.11,住商用,鋼筋混凝土構造,82年1月7日,六層,
RPVNMLKLRHHFFER27CC,6,20.00,見其他登記事項,鋼筋混凝土造,95年11月16日,四層,
RPTNMLTKRHHFFCD98DC,31,142.00,住商用,見其他登記事項,70年7月16日,二層,
RPPOMLLLRHHFFAD67CC,6,51.89,見其他登記事項,見其他登記事項,95年7月13日,九層,
RPPOMLLLRHHFFAD67CC,6,43.21,共有部分,見其他登記事項,95年7月13日,十一層,
RPPOMLLLRHHFFAD67CC,6,17.02,共有部分,見其他登記事項,95年7月13日,九層,
RPPOMLLLRHHFFAD67CC,6,.02,共有部分,見其他登記事項,95年7月13日,十一層,
RPWNMLKLRHHFFAD18CC,23,124.41,住家用,鋼筋混凝土構造,78年9月26日,二層,
RPVNMLLLRHHFFHR77DC,19,36.62,住家用,鋼筋混凝土造,82年12月30日,九層,
RPXNMLLLRHHFFHR97DC,1,13.40,見其他登記事項,鋼筋混凝土造,100年4月22日,四層,
RPOOMLLLRHHFFHR17DC,1,13.40,見其他登記事項,鋼筋混凝土造,100年4月22日,四層,
RPROMLOLRHHFFER37CC,16,167.82,住商用,鋼筋混凝土造,85年4月16日,四層,
RPRNMLPLRHHFFFR47CC,6,169.45,住商用,鋼筋混凝土造,96年2月15日,四層,
RPUNMLOLRHHFFHR87CC,18,86.00,住家用,鋼筋混凝土造,83年10月18日,十三層,
RPWNMLLLRHHFFCD48CC,16,274.91,住商用,鋼筋混凝土構造,85年12月28日,五層,
RPUNMLOLRHHFFCD58CC,32,69.10,住家用,鋼筋混凝土構造,69年9月12日,五層,
RPVNMLLLRHHFFCD38CC,21,27.04,住家用,鋼筋混凝土構造,81年1月25日,五層,
RPVNMLLLRHHFFCD38CC,21,9.27,共有部分,鋼筋混凝土構造,81年1月25日,五層,
RPTNMLLLRHHFFCD18CC,17,83.86,住家用,鋼筋混凝土構造,84年11月6日,二十層,
RPTNMLLLRHHFFCD18CC,17,13.36,共有部分,鋼筋混凝土構造,84年11月6日,二十層,
RPTNMLLLRHHFFCD18CC,17,21.54,共有部分,鋼筋混凝土構造,84年11月6日,二十層,
RPUNMLKLRHHFFAD97CC,20,96.28,住家用,鋼筋混凝土構造,81年5月29日,十二層,
RPUNMLKLRHHFFAD97CC,20,2.28,共有部分,鋼筋混凝土構造,81年5月29日,十二層,
RPUNMLKLRHHFFAD97CC,20,13.27,共有部分,鋼筋混凝土構造,81年5月29日,十二層,
RPVNMLOLRHHFFAD48CC,17,54.75,住家用,鋼筋混凝土構造,84年7月29日,十七層,
RPVNMLOLRHHFFAD48CC,17,14.48,共有部分,鋼筋混凝土構造,84年7月29日,十七層,
RPPOMLKLRHHFFAD57CC,5,61.02,見其他登記事項,鋼筋混凝土構造,96年12月27日,十九層,
RPPOMLKLRHHFFAD57CC,5,41.57,共有部分,鋼筋混凝土構造,96年12月27日,十九層,
RPXNMLOLRHHFFAD68CC,30,95.27,住商用,加強磚造,71年12月3日,二層,
RPVOMLPLRHHFFCD88CC,18,36.78,住家用,鋼筋混凝土構造,83年9月1日,八層,
RPVOMLPLRHHFFCD88CC,18,3.58,共有部分,鋼筋混凝土構造,83年9月1日,八層,
RPVOMLPLRHHFFCD88CC,18,12.42,共有部分,鋼筋混凝土構造,83年9月1日,八層,
RPOQMLPLRHHFFCD38CC,19,74.33,住家用,鋼筋混凝土構造,83年1月22日,九層,
RPOQMLPLRHHFFCD38CC,19,25.09,共有部分,鋼筋混凝土構造,83年1月22日,九層,
RPOQMLPLRHHFFCD38CC,19,9.27,共有部分,鋼筋混凝土構造,83年1月22日,九層,
RPWPMLPLRHHFFCD09CC,23,93.82,住家用,鋼筋混凝土構造,78年5月12日,五層,
RPWPMLPLRHHFFCD09CC,23,25.97,共有部分,鋼筋混凝土構造,78年5月12日,五層,
RPPPMLPLRHHFFCD38CC,23,30.41,住家用,鋼筋混凝土構造,79年2月1日,七層,
RPPPMLPLRHHFFCD38CC,23,12.76,共有部分,鋼筋混凝土構造,79年2月1日,七層,
RPVPMLPLRHHFFCD98CC,31,77.42,住家用,鋼筋混凝土構造,70年12月30日,五層,
RPVPMLPLRHHFFCD98CC,31,3.99,共有部分,鋼筋混凝土構造,70年12月30日,五層,
RPUPMLPLRHHFFCD88CC,31,119.29,國民住宅,鋼筋混凝土構造,70年11月26日,五層,
RPUPMLPLRHHFFCD88CC,31,10.55,共有部分,鋼筋混凝土構造,70年11月26日,五層,
RPSPMLPLRHHFFCD68CC,1,163.56,見其他登記事項,鋼筋混凝土構造,100年3月22日,四層,
RPOPMLPLRHHFFCD28CC,40,33.27,住家用,加強磚造,61年10月20日,二層,
RPWOMLPLRHHFFCD98CC,20,52.27,住家用,鋼筋混凝土構造,82年2月8日,七層,
RPWOMLPLRHHFFCD98CC,20,17.95,共有部分,鋼筋混凝土構造,82年2月8日,七層,
RPTOMLPLRHHFFCD68CC,13,172.54,國民住宅,鋼筋混凝土構造,88年10月21日,十三層,
RPTOMLPLRHHFFCD68CC,13,18.32,共有部分,鋼筋混凝土構造,88年10月21日,十三層,
RPTOMLPLRHHFFCD68CC,13,31.51,共有部分,鋼筋混凝土構造,88年10月21日,十三層,
RPXNMLPLRHHFFCD09DC,42,71.64,見其他登記事項,見其他登記事項,60年1月4日,四層,
RPQPMLPLRHHFFCD58DC,18,77.46,住家用,鋼筋混凝土構造,84年1月12日,九層,
RPXNMLQLRHHFFHR38CC,13,83.45,國民住宅,鋼筋混凝土造,88年8月24日,十四層,
RPXNMLQLRHHFFHR38CC,13,2.19,共有部分,鋼筋混凝土造,88年8月24日,十四層,
RPXNMLQLRHHFFHR38CC,13,30.25,共有部分,鋼筋混凝土造,88年8月24日,十四層,
RPXNMLQLRHHFFHR38CC,13,16.83,共有部分,鋼筋混凝土造,88年8月24日,十四層,
RPWNMLPLRHHFFAD68CC,19,70.95,住家用,鋼筋混凝土構造,82年7月24日,十二層,
RPWNMLPLRHHFFAD68CC,19,17.41,共有部分,鋼筋混凝土構造,82年7月24日,十二層,
RPOOMLPLRHHFFAD97CC,34,43.60,住商用,鋼筋混凝土構造,67年10月26日,十二層,
RPOOMLPLRHHFFAD97CC,34,7.34,共有部分,鋼筋混凝土構造,67年10月26日,十二層,
RPPOMLPLRHHFFAD08CC,6,96.26,見其他登記事項,見其他登記事項,95年8月22日,十四層,
RPPOMLPLRHHFFAD08CC,6,20.18,共有部分,見其他登記事項,95年8月22日,十四層,
RPPOMLPLRHHFFAD08CC,6,17.80,共有部分,見其他登記事項,95年8月22日,十四層,
RPOPMLPLRHHFFAD08CC,17,56.13,住家用,鋼筋混凝土構造,84年7月29日,十七層,
RPOPMLPLRHHFFAD08CC,17,14.09,共有部分,鋼筋混凝土構造,84年7月29日,十七層,
RPQOMLPLRHHFFAD18CC,38,77.48,住家用,鋼筋混凝土構造,63年8月20日,三層,
RPQOMLPLRHHFFAD18CC,22,2.53,共有部分,鋼筋混凝土構造,79年3月22日,,
RPPNMLQLRHHFFER27CC,3,73.26,見其他登記事項,見其他登記事項,98年5月7日,一層,
RPVOMLPLRHHFFAD68CC,28,88.65,住家用,鋼筋混凝土構造,73年11月8日,五層,
RPVOMLPLRHHFFAD68CC,28,11.42,共有部分,鋼筋混凝土構造,73年11月8日,五層,
RPWOMLPLRHHFFAD78CC,29,23.01,住商用,鋼筋混凝土構造,72年6月30日,五層,
RPXOMLPLRHHFFAD88CC,16,70.65,住商用,鋼筋混凝土構造,85年7月16日,八層,
RPXOMLPLRHHFFAD88CC,16,21.00,共有部分,鋼筋混凝土構造,85年7月16日,八層,
RPQOMLQLRHHFFCD48CC,23,41.48,住家用,鋼筋混凝土構造,79年2月1日,七層,
RPPOMLRLRHHFFAD38DC,16,504.09,住商用,鋼筋混凝土構造,85年8月29日,五層,
RPTNMLSLRHHFFER87CC,4,21.48,見其他登記事項,鋼骨鋼筋混凝土造,97年4月25日,三層,
RPROMLSLRHHFFAD58CC,22,108.64,住家用,鋼筋混凝土構造,79年8月20日,八層,
RPSNMLSLRHHFFAD58CC,16,25.46,住家用,鋼筋混凝土構造,86年1月27日,二十層,
RPPNMLLJIIHFFAD56CC,26,75.18,住家用,鋼筋混凝土構造,75年12月18日,五層,
RPTNMLLJIIHFFAD96CC,17,55.37,住家用,鋼筋混凝土構造,84年8月19日,十六層,
RPQOMLLJIIHFFAD76CC,38,70.52,住家用,加強磚造,63年8月17日,二層,
RPVOMLRLRHHFFCD09CC,25,74.00,住商用,鋼筋混凝土構造,76年10月9日,四層,
RPWNMLNJIIHFFAD57DC,25,99.72,住家用,鋼筋混凝土構造,76年6月12日,二層,
RPWOMLNJIIHFFAD67DC,25,99.72,住家用,鋼筋混凝土構造,76年6月12日,二層,
RPVNMLNJIIHFFER56CC,31,151.62,住商用,鋼筋混凝土造,71年4月17日,三層,
RPWNMLNJIIHFFER66CC,4,46.30,見其他登記事項,鋼骨鋼筋混凝土造,97年4月25日,三層,
RPPPMLNJIIHFFAD96CC,16,39.90,見其他登記事項,鋼筋混凝土構造,85年5月9日,七層,
RPOOMLSLRHHFFHR77CC,52,24.30,住商用,磚造,50年1月1日,二層,
RPUNMLOJIIHFFAD37CC,18,62.88,住家用,鋼筋混凝土構造,83年8月26日,七層,
RPVOMLRLRHHFFHR38CC,24,9.91,住商用,鋼筋混凝土造,77年3月22日,四層,
RPTPMLSLRHHFFHR48DC,18,137.52,住商用,鋼筋混凝土造,83年9月26日,十四層,
RPTPMLSLRHHFFHR48DC,18,6.22,共有部分,鋼筋混凝土造,83年9月26日,十四層,
RPSOMLNJIIHFFHR76DC,30,52.43,住家用,鋼筋混凝土造,71年8月10日,五層,
RPSOMLNJIIHFFHR76DC,30,10.18,共有部分,鋼筋混凝土造,71年8月10日,五層,
RPSPMLRLRHHFFHR18CC,5,109.85,住家用,鋼筋混凝土造,96年9月20日,十四層,
RPSPMLRLRHHFFHR18CC,5,67.84,共有部分,鋼筋混凝土造,96年9月20日,十四層,
RPVPMLOJIIHFFAD67CC,6,163.45,住家用,鋼筋混凝土構造,96年2月14日,四層,
RPWNMLOJIIHFFAD57CC,42,366.23,住商用,加強磚造,59年6月25日,四層,
RPSNMLOJIIHFFHR66CC,28,259.16,見其他登記事項,鋼筋混凝土造,74年1月31日,四層,
RPPOMLOJIIHFFHR56DC,27,93.44,住家用,加強磚造,75年1月30日,二層,
RPQNMLPJIIHFFAD17DC,17,25.55,住商用,鋼筋混凝土構造,85年2月13日,二十七層,
RPVNMLPJIIHFFAD67DC,15,135.23,住家用,鋼筋混凝土構造,86年10月22日,二十四層,
RPUNMLOJIIHFFBD47CC,7,116.81,見其他登記事項,鋼筋混凝土構造,94年5月27日,三層,
RPQNMLQJIIHFFAD27DC,27,62.71,住家用,鋼筋混凝土構造,74年5月6日,五層,
RPQNMLQJIIHFFAD27DC,27,8.39,住家用,鋼筋混凝土構造,74年5月6日,五層,
RPSNMLPJIIHFFAD27CC,8,322.57,見其他登記事項,見其他登記事項,93年6月9日,四層,
RPPNMLPJIIHFFBD17DC,24,199.16,住家用,加強磚造,77年7月16日,二層,
RPPOMLSJIIHFFAD37CC,10,159.53,見其他登記事項,鋼筋混凝土構造,91年11月15日,十一層,
RPUNMLTJIIHFFAD87CC,2,64.75,見其他登記事項,見其他登記事項,99年11月4日,五層,
RPRNMLTJIIHFFHR17DC,33,26.02,住家用,鋼筋混凝土造,68年10月2日,四層,
RPROMLSJIIHFFHR17DC,20,276.67,見其他登記事項,鋼筋混凝土造,81年12月15日,二十二層,
RPWNMLMKIIHFFHR07DC,18,58.03,住商用,鋼筋混凝土造,83年11月23日,四層,
RPRNMLTJIIHFFBD67CC,1,162.20,住商用,鋼筋混凝土構造,100年11月4日,四層,
RPPNMLOJIIHFFCD07CC,28,39.04,住商用,鋼筋混凝土構造,74年2月4日,五層,
RPRNMLPJIIHFFCD47DC,39,545.58,住家用,加強磚造,62年6月7日,二層,
RPSNMLOJIIHFFCD37CC,16,77.21,國民住宅,鋼筋混凝土構造,85年10月4日,十五層,
RPRNMLOJIIHFFCD27CC,38,61.11,商業用,加強磚造,63年10月12日,一層,
RPRNMLOJIIHFFCD27CC,38,125.73,見其他登記事項,加強磚造,63年10月12日,一層,
RPRNMLMKIIHFFCD27DC,9,200.72,見其他登記事項,鋼筋混凝土構造,92年6月17日,五層,
RPPNMLOKIIHFFCD17CC,22,189.68,住家用,鋼筋混凝土構造,79年12月29日,七層,
RPWNMLPKIIHFFCD97CC,17,54.27,商業用,見其他登記事項,84年7月27日,一層,
RPPNMLOKIIHFFAD96CC,59,111.36,見其他登記事項,磚造,43年2月9日,二層,
RPWNMLPKIIHFFAD77CC,35,96.08,住商用,加強磚造,66年11月29日,二層,
RPVNMLPKIIHFFAD67CC,42,82.88,住家用,加強磚造,59年7月31日,二層,
RPSNMLPKIIHFFDR09CC,16,121.20,住商用,鋼筋混凝土造,85年5月1日,二層,
RPRNMLLJIIHFFAR18CC,,182.75,住商用,磚造,,二層,
RPWNMLPKIIHFFER96CC,23,206.01,住家用,鋼筋混凝土造,78年12月23日,三層,
RPSNMLSJIIHFFAR98CC,,192.18,住商用,鋼筋混凝土造,,三層,
RPPNMLQKIIHFFER98CC,34,100.38,住家用,加強磚造,68年4月1日,二層,
RPQNMLQKIIHFFCD47CC,32,42.90,住家用,鋼筋混凝土構造,69年11月11日,四層,
RPQNMLQKIIHFFCD47CC,32,17.08,共有部分,鋼筋混凝土構造,69年11月11日,四層,
RPUOMLRKIIHFFFR17CC,16,66.57,商業用,鋼筋混凝土造,86年3月17日,九層,
RPUOMLRKIIHFFFR17CC,16,47.16,共有部分,鋼筋混凝土造,86年3月17日,九層,
RPUOMLRKIIHFFFR17CC,16,9.89,共有部分,鋼筋混凝土造,86年3月17日,九層,
RPSOMLRKIIHFFFR96CC,16,66.57,商業用,鋼筋混凝土造,86年3月17日,九層,
RPSOMLRKIIHFFFR96CC,16,47.16,共有部分,鋼筋混凝土造,86年3月17日,九層,
RPSOMLRKIIHFFFR96CC,16,9.89,共有部分,鋼筋混凝土造,86年3月17日,九層,
RPPNMLOKIIHFFBD07CC,20,155.07,住家用,鋼筋混凝土構造,82年3月3日,二層,
RPQNMLOKIIHFFBD17CC,31,107.41,住商用,加強磚造,70年9月10日,二層,
RPOOMLPKIIHFFHR66DC,26,115.80,住商用,加強磚造,75年8月6日,二層,
RPUNMLRKIIHFFDR96DC,6,168.94,見其他登記事項,鋼筋混凝土造,95年12月22日,三層,
RPVNMLSKIIHFFER27DC,14,178.69,住商用,鋼筋混凝土造,87年8月12日,四層,
RPSNMLRKIIHFFDR76DC,6,168.94,見其他登記事項,鋼筋混凝土造,95年12月22日,三層,
RPTNMLRKIIHFFDR86DC,6,168.94,見其他登記事項,鋼筋混凝土造,95年12月22日,三層,
RPWNMLSKIIHFFER37DC,39,300.25,工業用,見其他登記事項,62年9月1日,一層,
RPXNMLSKIIHFFER47DC,1,226.68,見其他登記事項,鋼筋混凝土造,100年11月7日,四層,
RPSNMLRKIIHFFHR07CC,17,249.04,住商用,鋼筋混凝土造,84年12月5日,四層,
RPROMLRKIIHFFHR07CC,17,83.51,住家用,鋼筋混凝土造,84年11月2日,八層,
RPXNMLTKIIHFFDR37CC,21,24.00,住商用,鋼筋混凝土造,80年8月16日,三層,
RPUNMLSKIIHFFCD08CC,21,126.17,住家用,鋼筋混凝土構造,80年8月29日,十二層,
RPOOMLSKIIHFFCD57CC,19,91.04,住家用,鋼筋混凝土構造,82年5月4日,七層,
RPTOMLSKIIHFFHR37CC,5,214.03,住家用,鋼筋混凝土造,96年6月8日,四層,
RPUOMLTKIIHFFHR57CC,13,160.48,住商用,鋼筋混凝土造,89年5月4日,十八層,
RPQNMLKLIIHFFER58CC,,216.29,,,,,
RPVNMLTKIIHFFAD08CC,16,150.23,住商用,鋼筋混凝土構造,85年7月16日,八層,
RPXPMLSKIIHFFAD38CC,10,67.81,見其他登記事項,鋼筋混凝土構造,91年10月7日,四層,
RPPQMLSKIIHFFAD67CC,13,76.74,見其他登記事項,鋼筋混凝土構造,88年8月16日,十四層,
RPOOMLMLIIHFFBD96CC,30,108.81,住商用,加強磚造,72年2月11日,二層,
RPROMLMLIIHFFAD17CC,25,129.37,住家用,鋼筋混凝土構造,76年5月18日,二層,
RPPOMLMLIIHFFAD07DC,8,92.50,見其他登記事項,見其他登記事項,93年7月19日,1,
RPTNMLMLIIHFFHR76CC,18,82.88,住家用,鋼筋混凝土造,83年9月9日,五層,
RPXNMLMLIIHFFCD87CC,38,86.36,住家用,加強磚造,63年9月3日,二層,
RPXNMLMLIIHFFHR17CC,18,71.07,住家用,鋼筋混凝土造,83年10月6日,十二層,
RPXNMLMLIIHFFHR17CC,18,10.09,住家用,鋼筋混凝土造,83年10月6日,十二層,
RPXNMLMLIIHFFHR17CC,18,24.57,共有部分,鋼筋混凝土造,83年10月6日,十二層,
RPOOMLMLIIHFFCD07CC,37,72.48,住家用,見其他登記事項,64年7月16日,二層,
RPQOMLMLIIHFFCD27CC,31,72.51,住家用,鋼筋混凝土構造,70年6月4日,五層,
RPQOMLMLIIHFFCD27CC,31,9.29,共有部分,鋼筋混凝土構造,70年6月4日,五層,
RPPOMLMLIIHFFCD17CC,29,86.75,住家用,鋼筋混凝土構造,73年1月18日,十二層,
RPPOMLMLIIHFFCD17CC,29,12.03,共有部分,鋼筋混凝土構造,73年1月18日,十二層,
RPSNMLNLIIHFFDR98CC,18,184.35,見其他登記事項,鋼筋混凝土造,83年7月18日,五層,
RPROMLOLIIHFFAD37CC,17,96.61,住家用,鋼筋混凝土構造,85年1月17日,七層,
RPPNMLMLIIHFFAR28CC,46,86.20,住家用,磚造,56年1月24日,一層,
RPOOMLOLIIHFFAD17DC,22,475.47,商業用,鋼筋混凝土構造,79年4月21日,十二層,
RPVOMLOLIIHFFHR37DC,22,320.78,見其他登記事項,鋼筋混凝土造,79年6月12日,二層,
RPPOMLOLIIHFFBD27CC,1,165.64,住家用,鋼筋混凝土構造,100年9月28日,四層,
RPSOMLPLIIHFFAD57CC,10,261.49,見其他登記事項,見其他登記事項,92年4月29日,二層,
RPROMLPLIIHFFAD47CC,31,105.61,商業用,鋼筋混凝土構造,70年12月28日,十二層,
RPOPMLQLIIHFFCD57CC,11,164.89,見其他登記事項,鋼筋混凝土構造,91年4月26日,四層,
RPQNMLNLIIHFFCD27CC,2,61.10,住家用,鋼筋混凝土構造,99年5月7日,十四層,
RPSPMLQLIIHFFCD97CC,1,182.16,見其他登記事項,鋼筋混凝土構造,100年12月5日,四層,
RPVNMLNLIIHFFCD77CC,30,93.24,國民住宅,鋼筋混凝土構造,72年4月22日,五層,
RPOOMLPLIIHFFCD37CC,31,189.80,住商用,鋼筋混凝土構造,70年4月16日,三層,
RPRNMLQLIIHFFER66CC,18,136.37,住家用,鋼筋混凝土造,83年12月28日,三層,
RPPNMLNLIIHFFAR48DC,14,127.48,住家用,鋼筋混凝土造,87年8月28日,十三層,
RPUOMLPLIIHFFHR27CC,31,28.50,住家用,鋼筋混凝土造,70年6月4日,五層,
RPOOMLQLIIHFFCD67EC,31,149.15,住商用,鋼筋混凝土構造,70年9月24日,四層,
RPROMLKMIIHFFAD17DC,55,17.71,住家用,磚造,47年1月1日,一層,
RPXNMLQLIIHFFAD18DC,40,57.21,住家用,加強磚造,62年4月6日,二層,
RPPPMLKMIIHFFAD96CC,10,95.10,見其他登記事項,見其他登記事項,92年1月28日,五層,
RPPNMLRLIIHFFCD57CC,36,82.12,住商用,加強磚造,65年12月4日,二層,
RPTOMLLMIIHFFAD37CC,4,148.48,見其他登記事項,鋼筋混凝土構造,97年8月12日,十四層,
RPTOMLLMIIHFFAD37CC,4,101.99,共有部分,鋼筋混凝土構造,97年8月12日,十四層,
RPTOMLLMIIHFFAD37CC,4,26.96,共有部分,鋼筋混凝土構造,97年8月12日,十四層,
RPQOMLQLIIHFFBD57CC,24,133.34,住商用,鋼筋混凝土構造,78年2月23日,二層,
RPXOMLLMIIHFFAD77CC,32,86.00,住商用,加強磚造,69年12月12日,二層,
RPVOMLQLIIHFFHR57DC,14,54.64,住商用,鋼筋混凝土造,87年6月11日,二層,
RPUNMLLMIIHFFCD57CC,14,159.92,住家用,鋼筋混凝土構造,87年9月19日,十二層,
RPWNMLLMIIHFFER76CC,4,228.94,農舍,鋼筋混凝土造,97年11月13日,二層,
RPPNMLRLIIHFFBD47CC,24,136.96,住商用,鋼筋混凝土構造,78年2月23日,二層,
RPVNMLKMIIHFFHR86CC,13,111.87,住商用,鋼筋混凝土造,88年12月3日,八層,
RPOPMLKMIIHFFHR98CC,5,109.85,住家用,鋼筋混凝土造,96年9月20日,十四層,
RPOPMLKMIIHFFHR98CC,5,67.84,共有部分,鋼筋混凝土造,96年9月20日,十四層,
RPWOMLKMIIHFFHR07CC,20,100.82,住家用,鋼筋混凝土造,81年12月16日,六層,
RPWOMLKMIIHFFHR07CC,20,43.65,共有部分,鋼筋混凝土造,81年12月16日,六層,
RPVOMLKMIIHFFHR96CC,20,65.68,住家用,鋼筋混凝土造,81年7月23日,十七層,
RPVOMLKMIIHFFHR96CC,20,14.55,共有部分,鋼筋混凝土造,81年7月23日,十七層,
RPVOMLKMIIHFFHR96CC,20,1.56,共有部分,鋼筋混凝土造,81年7月23日,十九層,
RPVOMLKMIIHFFHR96CC,20,3.45,共有部分,鋼筋混凝土造,81年7月23日,十九層,
RPXNMLKMIIHFFHR07CC,16,22.98,住家用,鋼筋混凝土造,85年10月28日,八層,
RPOOMLKMIIHFFHR88CC,14,50.68,見其他登記事項,鋼筋混凝土造,87年10月26日,十一層,
RPOOMLKMIIHFFHR88CC,14,6.68,共有部分,鋼筋混凝土造,87年10月26日,十一層,
RPOOMLKMIIHFFHR88CC,14,36.20,共有部分,鋼筋混凝土造,87年10月26日,十一層,
