﻿鄉鎮市區,交易標的,土地區段位置建物區段門牌,土地面積平方公尺,都市土地使用分區,非都市土地使用分區,非都市土地使用編定,租賃年月日,租賃筆棟數,租賃層次,總樓層數,建物型態,主要用途,主要建材,建築完成年月,建物總面積平方公尺,建物現況格局-房,建物現況格局-廳,建物現況格局-衛,建物現況格局-隔間,有無管理組織,有無附傢俱,總額元,單價元平方公尺,車位類別,車位面積平方公尺,車位總額元,備註,編號
The villages and towns urban district,transaction sign,land sector position building sector house number plate,land shifting total area square meter,the use zoning or compiles and checks,the non-metropolis land use district,non-metropolis land use,transaction year month and day,transaction pen number,shifting level,total floor number,building state,main use,main building materials,construction to complete the years,building shifting total area,Building present situation pattern - room,building present situation pattern - hall,building present situation pattern - health,building present situation pattern - compartmented,Whether there is manages the organization,Whether there is attaches the furniture,total price NTD,the unit price (NTD / square meter),the berth category,berth shifting total area square meter,the berth total price NTD,the note,serial number
北區,建物,臺南市北區公園南路331~360號,0.0,商,,,1010806,土地0建物1車位0,十四層,14,住宅大樓(11層含以上有電梯),見其他登記事項,鋼筋混凝土構造,0971219,55.86,2,1,1,有,無,有,16800,301,,0.0,0,,RPRNMLSJQHHFFAD18CC
七股區,房地(土地+建物),臺南市七股區竹橋里竹橋1~30號,624.0,農,特定農業區,農牧用地,1010805,土地1建物1車位0,全,3,透天厝,農舍,鋼筋混凝土造,0820907,242.53,5,2,1,有,無,無,8000,33,,0.0,0,,RPPNMLSJQHHFFDR07CC
西港區,房地(土地+建物),臺南市西港區劉厝里劉厝91~120號,96.0,,鄉村區,乙種建築用地,1010810,土地2建物1車位0,全,3,透天厝,住家用,鋼筋混凝土造,0830816,110.97,4,1,2,有,無,無,5000,45,,0.0,0,,RPQNMLKKQHHFFDR09CC
西港區,房地(土地+建物),臺南市西港區堀子頭61~90號,65.0,住,,,1010806,土地1建物1車位0,全,3,透天厝,住家用,鋼筋混凝土造,0830319,101.82,4,2,3,有,無,無,7000,69,,0.0,0,,RPPNMLKKQHHFFDR09DC
安南區,土地,淵南段1~30地號,26.55,其他,,,1010810,土地1建物0車位0,,,其他,,,,0.0,0,0,0,有,無,無,7000,264,,0.0,0,,RPRTMLPKQHHFFBD68CC
北區,房地(土地+建物),臺南市北區賢北街15巷1~30號,75.31,住,,,1010815,土地1建物1車位0,全,5,透天厝,住家用,鋼筋混凝土構造,0840722,238.14,0,0,0,無,無,無,16000,67,,0.0,0,,RPSNMLQKQHHFFAD18CC
北區,房地(土地+建物),臺南市北區大武街542巷31~60號,0.0,住,,,1010807,土地1建物1車位0,全,3,透天厝,住家用,加強磚造,0770210,126.22,4,2,2,有,無,無,10000,79,,0.0,0,,RPUNMLRKQHHFFAD48CC
北區,建物,臺南市北區勝利路211~240號,0.0,住,,,1010810,土地0建物1車位0,五層,5,公寓(5樓含以下無電梯),住家用,鋼筋混凝土構造,0810813,34.73,1,1,1,有,無,有,6500,187,,0.0,0,,RPWNMLRKQHHFFAD68CC
安平區,建物,臺南市安平區慶平路61~90號,0.0,商,,,1010810,土地0建物1車位0,四層,12,住宅大樓(11層含以上有電梯),住家用,鋼筋混凝土構造,0840207,42.51,2,1,1,有,有,有,7670,180,,0.0,0,,RPXNMLRKQHHFFAD78CC
永康區,建物,臺南市永康區復華八街51巷31~60號,0.0,,,,1010811,土地0建物1車位0,八層,10,華廈(10層含以下有電梯),住家用,鋼筋混凝土造,0850426,55.41,3,1,1,有,無,有,10000,180,,0.0,0,,RPUNMLRKQHHFFHR97CC
永康區,建物,臺南市永康區勝學路271~300號,0.0,,,,1010812,土地0建物1車位0,全,5,透天厝,住商用,鋼筋混凝土造,0991006,128.67,4,2,3,有,無,有,17500,136,,0.0,0,,RPXNMLRKQHHFFHR28CC
中西區,土地,保安段1981~2010地號,77.0,商,,,1010901,土地1建物0車位0,,,其他,,,,0.0,0,0,0,有,無,有,26000,338,,0.0,0,,RPXOMLLLQHHFFAD48DC
新市區,房地(土地+建物),臺南市新市區永華二街1~30號,11846.0,,特定專用區,甲種建築用地,1010820,土地1建物1車位0,一層,8,華廈(10層含以下有電梯),住家用,鋼筋混凝土造,0860825,95.46,3,1,2,有,有,有,10000,105,,0.0,0,,RPVNMLLLQHHFFER37DC
新市區,房地(土地+建物),臺南市新市區永華二街1~30號,11846.0,,特定專用區,甲種建築用地,1010820,土地1建物1車位0,一層,8,華廈(10層含以下有電梯),住家用,鋼筋混凝土造,0860825,95.46,3,1,2,有,有,有,10000,105,,0.0,0,,RPWNMLLLQHHFFER47DC
永康區,房地(土地+建物),臺南市永康區中華路1~30號,13.02,住,,,1010916,土地1建物1車位0,六層,24,辦公商業大樓,見其他登記事項,鋼造,0791205,198.96,0,0,0,無,有,無,13500,68,,0.0,0,,RPPOMLMLQHHFFHR17CC
新市區,房地(土地+建物),臺南市新市區永華二街1~30號,11846.0,,特定專用區,甲種建築用地,1010820,土地1建物1車位0,一層,8,華廈(10層含以下有電梯),住家用,鋼筋混凝土造,0860825,95.46,3,1,2,有,有,有,10000,105,,0.0,0,,RPRNMLMLQHHFFER96CC
仁德區,建物,臺南市仁德區民安路二段61~90號,0.0,,,,1010809,土地0建物1車位0,十層,11,住宅大樓(11層含以上有電梯),住家用,鋼筋混凝土造,0840331,82.47,4,1,2,有,有,有,12000,146,,0.0,0,,RPPNMLNLQHHFFFR96CC
中西區,建物,臺南市中西區臨安路一段61~90號,0.0,住,,,1010825,土地0建物0車位0,六層,7,套房(1房1廳1衛),住家用,鋼筋混凝土構造,0790920,25.09,1,0,1,有,無,有,4500,179,,0.0,0,,RPWNMLNLQHHFFAD38CC
安平區,建物,臺南市安平區建平八街541~570號,0.0,住,,,1010815,土地0建物1車位0,二十二層,26,住宅大樓(11層含以上有電梯),國民住宅,鋼筋混凝土構造,0870105,99.79,4,2,2,有,有,有,9500,95,,0.0,0,,RPUPMLNLQHHFFAD38CC
安平區,房地(土地+建物),臺南市安平區慶平路511~540號,8.29,商,,,1010810,土地1建物1車位0,七層,24,住宅大樓(11層含以上有電梯),住家用,鋼筋混凝土構造,0760612,93.41,3,2,2,有,有,有,17000,182,,0.0,0,,RPPNMLNLQHHFFAD77DC
六甲區,房地(土地+建物),臺南市六甲區中社里龜仔港65巷1~30號,96.0,,特定農業區,甲種建築用地,1010813,土地1建物1車位0,全,3,透天厝,住家用,鋼筋混凝土造,0820807,196.81,5,2,2,有,無,無,6000,30,,0.0,0,,RPQNMLNLQHHFFCR76CC
永康區,建物,臺南市永康區新民街47巷1~30號,7.14,住,,,1010808,土地0建物1車位0,五層,12,住宅大樓(11層含以上有電梯),住家用,鋼筋混凝土造,0821230,49.48,1,0,1,有,無,有,5000,101,,0.0,0,,RPQOMLNLQHHFFHR47DC
永康區,建物,臺南市永康區中山東路151~180號,0.0,,,,1010803,土地0建物1車位0,六層,11,住宅大樓(11層含以上有電梯),住家用,鋼筋混凝土造,0900110,78.56,3,2,2,有,有,有,10000,127,,0.0,0,,RPTOMLOLQHHFFHR77CC
永康區,建物,臺南市永康區忠孝路410巷50弄1~30號,0.0,,,,1010803,土地0建物1車位0,三層,6,華廈(10層含以下有電梯),住家用,鋼筋混凝土造,0810918,97.76,2,2,2,有,無,有,9500,97,,0.0,0,,RPWOMLOLQHHFFHR08CC
永康區,建物,臺南市永康區中華路578巷1~30號,0.0,,,,1010805,土地0建物1車位0,十七層,17,住宅大樓(11層含以上有電梯),住家用,鋼筋混凝土造,0810723,148.6,3,2,2,有,有,有,12000,81,,0.0,0,,RPXOMLOLQHHFFHR18CC
永康區,建物,臺南市永康區中華路578巷1~30號,0.0,,,,1010812,土地0建物1車位0,三層,17,住宅大樓(11層含以上有電梯),住家用,鋼筋混凝土造,0810723,85.24,2,2,2,有,無,有,8200,96,,0.0,0,,RPOPMLOLQHHFFHR37CC
安平區,房地(土地+建物),臺南市北區建平十七街151~180號,47.14,商,,,1010809,土地1建物1車位0,一層,13,店面(店鋪),商業用,鋼筋混凝土構造,0821213,197.8,0,0,0,無,無,無,15000,76,,0.0,0,,RPWNMLOLQHHFFAD48CC
安定區,房地(土地+建物),臺南市安定區港口391~420號,718.0,其他,鄉村區,乙種建築用地,1010901,土地2建物1車位0,全,4,透天厝,見其他登記事項,鋼筋混凝土造,0950822,203.05,5,2,3,有,有,有,14000,69,,0.0,0,,RPUNMLOLQHHFFER47CC
新市區,房地(土地+建物),臺南市新市區民生路31~60號,203.53,其他,,,1010901,土地1建物1車位0,全,4,透天厝,住家用,鋼筋混凝土造,0780225,316.53,7,1,4,有,無,有,30000,95,,0.0,0,,RPVNMLOLQHHFFER57CC
中西區,房地(土地+建物),臺南市中西區永華路一段170巷1~30號,0.0,住,,,1010820,土地1建物1車位0,全,3,透天厝,住家用,加強磚造,0560201,44.51,3,1,3,有,無,無,8000,180,,0.0,0,,RPPNMLQLQHHFFAD97CC
北區,建物,臺南市北區西門路四段271~300號,0.0,住,,,1010806,土地0建物0車位0,全,3,透天厝,住商用,鋼筋混凝土構造,0680106,19.83,1,0,1,有,無,有,6000,303,,0.0,0,,RPTNMLRLQHHFFAD48CC
北區,房地(土地+建物),臺南市北區和緯路四段95巷31~60號,0.0,住,,,1010825,土地2建物1車位0,三層,5,公寓(5樓含以下無電梯),住家用,鋼筋混凝土構造,0701017,77.12,3,1,1,有,無,無,6500,84,,0.0,0,,RPWNMLRLQHHFFAD78CC
安平區,房地(土地+建物),臺南市安平區建平十一街361~390號,1308.0,住,,,1010807,土地1建物1車位0,三層,6,華廈(10層含以下有電梯),住商用,鋼筋混凝土構造,0800510,200.06,4,1,2,有,有,無,12000,60,,0.0,0,,RPVOMLRLQHHFFAD78CC
東區,建物,臺南市東區富農街二段31~60號,0.0,住,,,1010806,土地0建物0車位0,全,5,透天厝,住商用,鋼筋混凝土構造,0781114,15.11,1,0,1,有,有,有,9600,635,,0.0,0,,RPUNMLRLQHHFFCD78CC
南區,房地(土地+建物),臺南市南區大同路二段631~660號,90.68,住,,,1010901,土地1建物1車位0,見其他登記事項,3,店面(店鋪),住商用,鋼筋混凝土構造,0670608,179.82,4,2,3,有,無,無,15000,83,,0.0,0,,RPPOMLRLQHHFFCD38CC
東區,建物,臺南市東區東門路三段295巷1~30號,0.0,住,,,1010811,土地0建物1車位0,三層,16,住宅大樓(11層含以上有電梯),國民住宅,鋼筋混凝土構造,0851005,139.41,4,2,2,有,有,有,15000,108,,0.0,0,,RPPNMLSLQHHFFCD38CC
新市區,房地(土地+建物),臺南市新市區中正301巷18弄1~30號,96.1,其他,,,1010916,土地1建物1車位0,全,2,透天厝,住家用,加強磚造,0710227,92.6,4,1,2,有,無,有,7500,81,,0.0,0,,RPVNMLSLQHHFFER97CC
仁德區,建物,臺南市仁德區中山路687巷1~30號,0.0,,,,1010813,土地0建物0車位0,全,4,透天厝,住商用,鋼筋混凝土造,0960215,33.05,1,0,1,有,無,有,5000,151,,0.0,0,,RPQNMLSLQHHFFFR57CC
中西區,土地,建興段481~510地號,242.0,其他,,,1010810,土地2建物0車位0,,,其他,,,,0.0,0,0,0,有,無,有,10000,41,,0.0,0,,RPQNMLSLQHHFFAD28CC
中西區,房地(土地+建物),臺南市中西區中華西路二段631~660號,88.69,住,,,1010815,土地1建物1車位0,五層,5,店面(店鋪),見其他登記事項,見其他登記事項,0941226,239.08,8,4,8,有,無,有,30000,125,,0.0,0,,RPOOMLSLQHHFFAD18CC
永康區,建物,臺南市永康區大橋一街31~60號,0.0,,,,1010803,土地0建物1車位0,十二層,14,住宅大樓(11層含以上有電梯),住家用,鋼筋混凝土造,0880824,117.89,3,2,2,有,有,有,13000,110,,0.0,0,,RPVNMLSLQHHFFHR28CC
永康區,建物,臺南市永康區新興街34巷61~90號,0.0,,,,1010813,土地0建物0車位0,全,4,透天厝,住家用,加強磚造,0701128,26.44,1,0,1,有,無,有,4400,166,,0.0,0,,RPPOMLSLQHHFFHR77CC
永康區,房地(土地+建物),臺南市永康區文化路211~240號,19.7,住,,,1010815,土地1建物1車位0,一層,8,華廈(10層含以下有電梯),住商用,鋼筋混凝土造,0881203,111.87,2,2,2,有,有,有,8000,72,,0.0,0,,RPQNMLTLQHHFFHR87CC
仁德區,建物,臺南市仁德區長興五街1~30號,0.0,,,,1010808,土地0建物0車位0,一層,4,套房(1房1廳1衛),住家用,鋼筋混凝土造,0930714,24.8,1,0,1,有,無,有,4000,161,,0.0,0,,RPSNMLTLQHHFFFR87CC
安南區,房地(土地+建物),臺南市安南區海佃路一段213巷1~30號,107.04,其他,,,1010901,土地2建物1車位0,全,3,透天厝,住商用,鋼筋混凝土構造,0690520,163.41,3,3,3,有,無,無,16000,98,,0.0,0,,RPTNMLKMQHHFFBD97CC
佳里區,土地,建南段271~300地號,195.7,住,,,1010830,土地2建物0車位0,,,其他,,,,0.0,0,0,0,有,無,無,6000,31,,0.0,0,,RPTNMLKMQHHFFDR07DC
安南區,建物,臺南市安南區安昌街219巷18弄1~30號,183.6,,,,1010807,土地0建物1車位0,全,3,透天厝,住家用,鋼筋混凝土構造,0841026,193.6,4,2,3,有,無,無,13000,67,,0.0,0,,RPPNMLLMQHHFFBD67CC
東區,建物,臺南市東區小東路241~270號,89.73,,,,1010806,土地0建物1車位0,十五層,25,住宅大樓(11層含以上有電梯),住家用,鋼筋混凝土構造,0840106,89.73,3,2,2,有,無,無,12500,139,,0.0,0,,RPSNMLLMQHHFFCD08CC
安平區,建物,臺南市安平區建平七街691~720號,20.37,其他,,,1010901,土地0建物0車位0,一層,17,住宅大樓(11層含以上有電梯),住商用,鋼筋混凝土構造,0840729,179.23,3,2,3,有,有,有,8000,45,,0.0,0,,RPUNMLLMQHHFFAD08CC
安平區,房地(土地+建物),臺南市安平區國平路571~600號,4.43,住,,,1010810,土地1建物1車位0,六層,21,住宅大樓(11層含以上有電梯),商業用,鋼筋混凝土構造,0831222,52.89,1,1,1,有,有,有,7000,132,,0.0,0,,RPSNMLLJRHHFFAD67CC
北區,房地(土地+建物),臺南市北區長德街61~90號,50.0,住,,,1010817,土地1建物1車位0,全,2,透天厝,住家用,加強磚造,0610712,61.03,2,2,1,有,無,無,6000,98,,0.0,0,,RPPNMLMJRHHFFAD47CC
中西區,房地(土地+建物),臺南市中西區健康路一段301~330號,116.76,住,,,1010806,土地1建物1車位0,二層,4,店面(店鋪),見其他登記事項,見其他登記事項,0940531,152.48,1,2,2,有,無,無,37000,243,,0.0,0,,RPQNMLMJRHHFFAD57CC
中西區,土地,普濟段1081~1110地號,42.78,商,,,1010824,土地1建物0車位0,,,店面(店鋪),,,,0.0,0,1,1,有,無,無,7000,164,,0.0,0,,RPRNMLMJRHHFFAD67CC
善化區,房地(土地+建物),臺南市善化區中正路271~300號,122.47,住,,,1010821,土地1建物1車位0,全,2,透天厝,住商用,鋼筋混凝土造,0630530,151.16,5,2,3,有,無,有,25000,165,,0.0,0,,RPRNMLNJRHHFFER96CC
善化區,土地,善西段511~540地號,155.43,住,,,1010815,土地1建物0車位0,全,,透天厝,,,,0.0,2,0,1,有,無,有,12000,77,,0.0,0,,RPSNMLNJRHHFFER07CC
佳里區,房地(土地+建物),臺南市佳里區光復路391~420號,85.0,住,,,1010823,土地1建物1車位0,全,2,透天厝,住商用,加強磚造,0630121,130.64,4,2,2,有,無,無,12000,92,,0.0,0,,RPQNMLOJRHHFFDR96DC
西港區,房地(土地+建物),臺南市西港區慶安路97巷24弄1~30號,89.5,住,,,1010804,土地1建物1車位0,全,3,透天厝,住家用,鋼筋混凝土造,0781222,136.57,4,2,3,有,無,無,8000,59,,0.0,0,,RPWNMLOJRHHFFDR57DC
佳里區,房地(土地+建物),臺南市佳里區義民街331~360號,10.09,住,,,1010804,土地1建物1車位0,八層,10,住宅大樓(11層含以上有電梯),國民住宅,鋼筋混凝土造,0850821,51.17,2,1,1,有,無,無,6800,133,,0.0,0,,RPXNMLOJRHHFFDR67DC
佳里區,土地,子龍段541~570地號,6448.0,,特定農業區,農牧用地,1010811,土地3建物0車位0,,,其他,,,,0.0,0,0,0,有,無,無,10000,2,,0.0,0,,RPOOMLOJRHHFFDR86DC
永康區,建物,臺南市永康區中華路578巷1~30號,0.0,,,,1010815,土地0建物0車位0,六層,8,套房(1房1廳1衛),住家用,鋼筋混凝土造,0851028,22.98,1,0,1,有,有,有,5300,231,,0.0,0,,RPVNMLPJRHHFFHR87CC
永康區,建物,臺南市永康區中華一路203巷1~30號,0.0,,,,1010817,土地0建物1車位0,八層,11,住宅大樓(11層含以上有電梯),見其他登記事項,鋼筋混凝土造,0871026,93.56,3,1,2,有,有,有,11000,118,,0.0,0,,RPROMLPJRHHFFHR57CC
仁德區,房地(土地+建物),臺南市仁德區文賢路一段554巷10弄1~30號,0.0,,,,1010815,土地1建物1車位0,全,3,透天厝,住家用,鋼筋混凝土造,0830422,149.92,4,2,3,有,無,有,12000,80,,0.0,0,,RPUNMLPJRHHFFFR57CC
東區,房地(土地+建物),臺南市東區裕文路61~90號,0.0,住,,,1010814,土地1建物1車位0,全,5,透天厝,見其他登記事項,鋼筋混凝土構造,0941121,56.36,0,0,1,有,無,有,25000,444,,0.0,0,,RPPOMLPJRHHFFCD08CC
東區,建物,臺南市東區東門路三段295巷1~30號,0.0,住,,,1010811,土地0建物1車位0,十一層,16,住宅大樓(11層含以上有電梯),國民住宅,鋼筋混凝土構造,0851005,122.81,3,1,2,有,有,有,10000,81,,0.0,0,,RPQOMLPJRHHFFCD18CC
北區,建物,臺南市北區長榮路四段31巷1~30號,0.0,住,,,1010815,土地0建物1車位0,五層,5,公寓(5樓含以下無電梯),住家用,鋼筋混凝土構造,0731224,140.0,5,2,3,有,無,有,15000,107,,0.0,0,,RPROMLPJRHHFFAD08CC
安平區,土地,新南段91~120地號,413.0,住,,,1010814,土地1建物0車位0,,,其他,,,,0.0,0,0,0,有,無,無,38000,92,,0.0,0,,RPOOMLQJRHHFFAD87CC
北區,建物,臺南市北區北園街87巷31~60號,0.0,住,,,1010821,土地0建物1車位0,,2,店面(店鋪),住商用,加強磚造,0691212,86.0,3,2,2,有,無,無,7000,81,,0.0,0,,RPSOMLQJRHHFFAD28CC
中西區,建物,臺南市中西區中正路331~360號,0.0,商,,,1010823,土地0建物1車位0,二層,14,辦公商業大樓,見其他登記事項,鋼筋混凝土構造,0970812,277.42999999999995,3,2,2,有,無,有,28000,101,,0.0,0,,RPUOMLQJRHHFFAD48CC
永康區,建物,臺南市永康區中華路578巷1~30號,0.0,,,,1010820,土地0建物1車位0,十層,17,住宅大樓(11層含以上有電梯),住家用,鋼筋混凝土造,0810723,85.24000000000001,2,2,1,有,有,有,10000,117,,0.0,0,,RPUOMLQJRHHFFHR97CC
永康區,建物,臺南市永康區永安路165巷30弄1~30號,0.0,,,,1010821,土地0建物1車位0,六層,6,華廈(10層含以下有電梯),住家用,鋼筋混凝土造,0811216,144.47,3,1,2,有,無,有,9000,62,,0.0,0,,RPXOMLQJRHHFFHR28CC
永康區,房地(土地+建物),臺南市永康區中華二路266巷1~30號,898.04,住,,,1010810,土地1建物1車位0,三層,10,住宅大樓(11層含以上有電梯),住家用,鋼筋混凝土造,0870602,16.99,1,1,1,有,有,有,6300,371,,0.0,0,,RPRNMLQJRHHFFHR67DC
永康區,土地,頂東段1~30地號,219.0,工,,,1010813,土地1建物0車位0,,,其他,,,,0.0,0,0,0,有,無,無,10000,46,,0.0,0,,RPTNMLQJRHHFFHR87DC
新市區,房地(土地+建物),臺南市新市區民族121~150號,94.35,住,,,1010901,土地1建物1車位0,全,4,透天厝,見其他登記事項,鋼筋混凝土造,0940104,219.52,6,2,6,有,無,有,20000,91,,0.0,0,,RPRNMLRJRHHFFER37CC
善化區,房地(土地+建物),臺南市善化區中山路241~270號,82.28,住,,,1010907,土地3建物1車位0,全,4,透天厝,住商用,鋼筋混凝土造,0730710,115.37,4,3,6,有,無,有,26000,225,,0.0,0,,RPPNMLSJRHHFFER27CC
東區,建物,臺南市東區東成街28巷1~30號,0.0,住,,,1010816,土地0建物1車位0,五層,5,公寓(5樓含以下無電梯),住家用,鋼筋混凝土構造,0770423,82.46000000000001,3,1,2,有,無,有,8000,97,,0.0,0,,RPPNMLSJRHHFFCD28CC
東區,建物,臺南市東區龍山街91~120號,0.0,商,,,1010823,土地0建物1車位0,七層,14,住宅大樓(11層含以上有電梯),住家用,鋼筋混凝土構造,0960906,89.13000000000001,2,2,1,有,有,有,18000,202,,0.0,0,,RPPNMLTJRHHFFCD38CC
東區,建物,臺南市東區崇明路121~150號,0.0,住,,,1010822,土地0建物1車位0,四層,16,套房(1房1廳1衛),住家用,鋼筋混凝土構造,0850203,37.199999999999996,1,0,1,有,有,有,5000,134,,0.0,0,,RPQNMLTJRHHFFCD48CC
中西區,房地(土地+建物),臺南市中西區臺南市中西區西門路二段241~270號,47.57,商,,,1010920,土地1建物1車位0,一層,3,店面(店鋪),商業用,磚造,0380101,30.51,0,1,1,有,無,有,22000,721,,0.0,0,,RPPNMLTJRHHFFAD18CC
永康區,建物,臺南市永康區中華路58巷31~60號,0.0,,,,1010821,土地0建物1車位0,六層,10,華廈(10層含以下有電梯),住家用,鋼筋混凝土造,0951215,195.34,4,2,2,有,有,有,15000,77,,0.0,0,,RPPNMLTJRHHFFHR67CC
永康區,建物,臺南市永康區四維街68巷1~30號,0.0,,,,1010821,土地0建物1車位0,三層,4,公寓(5樓含以下無電梯),住家用,鋼筋混凝土造,0701025,81.56,3,2,2,有,無,有,8000,98,,0.0,0,,RPQNMLTJRHHFFHR77CC
永康區,建物,臺南市永康區中華路1~30號,0.0,,,,1010819,土地0建物1車位0,四層,17,住宅大樓(11層含以上有電梯),住家用,鋼筋混凝土造,0800812,141.9,4,2,2,有,有,有,12000,85,,0.0,0,,RPRNMLTJRHHFFHR87CC
東區,房地(土地+建物),臺南市東區榮譽街84巷31~60號,34.38,住,,,1010907,土地1建物1車位0,三層,4,公寓(5樓含以下無電梯),住家用,鋼筋混凝土構造,0700526,77.46,3,1,1,有,無,無,6500,84,,0.0,0,,RPVNMLKKRHHFFCD28DC
麻豆區,房地(土地+建物),臺南市麻豆區大同街1~30號,89.0,住,,,1010908,土地1建物1車位0,全,3,透天厝,住家用,鋼筋混凝土造,0780306,170.96,4,2,3,有,無,有,10000,58,,0.0,0,,RPSNMLKKRHHFFCR76DC
中西區,房地(土地+建物),臺南市中西區金城街61~90號,15.8,住,,,1010910,土地1建物1車位0,一層,5,公寓(5樓含以下無電梯),住家用,鋼筋混凝土構造,0770222,60.54,2,2,1,有,無,有,6000,99,,0.0,0,,RPSNMLKKRHHFFAD67CC
佳里區,房地(土地+建物),臺南市佳里區佳安東路1~30號,21.08,,鄉村區,乙種建築用地,1010909,土地1建物1車位0,七層,10,公寓(5樓含以下無電梯),住家用,鋼筋混凝土造,0880917,147.5,3,2,2,有,有,有,10000,68,,0.0,0,,RPUNMLKKRHHFFDR96CC
東區,建物,臺南市東區中華東路二段203巷19弄31~60號,0.0,住,,,1010815,土地0建物1車位1,九層,9,華廈(10層含以下有電梯),住家用,鋼筋混凝土構造,0860125,149.96,3,2,2,有,有,有,16000,107,其他,0.0,0,,RPTNMLLKRHHFFCD08CC
東區,建物,臺南市東區東門路一段271~300號,0.0,住,,,1010822,土地0建物1車位0,七層,11,套房(1房1廳1衛),住家用,鋼筋混凝土構造,0800518,21.42,1,0,1,有,有,有,4000,187,,0.0,0,,RPUNMLLKRHHFFCD18CC
中西區,建物,臺南市中西區金華路四段151~180號,0.0,住,,,1010811,土地0建物1車位0,一層,2,店面(店鋪),住家用,加強磚造,,28.61,0,2,2,有,無,無,11500,402,,0.0,0,,RPPOMLLKRHHFFAD57CC
北區,建物,臺南市北區北門路二段577巷1~30號,0.0,住,,,1010819,土地0建物1車位0,八層,11,住宅大樓(11層含以上有電梯),國民住宅,鋼筋混凝土構造,0930521,145.28,3,2,2,有,有,有,12500,86,,0.0,0,,RPROMLLKRHHFFAD77CC
安平區,建物,臺南市安平區安北路196巷1~30號,56.03,住,,,1011001,土地0建物1車位0,全,5,透天厝,住家用,鋼筋混凝土構造,0840915,108.18,4,2,5,有,無,有,38000,351,,0.0,0,,RPTOMLLKRHHFFAD97CC
東區,房地(土地+建物),臺南市東區崇善15街33巷31~60號,0.0,住,,,1010920,土地1建物1車位0,五層,7,華廈(10層含以下有電梯),住家用,鋼筋混凝土構造,0830108,55.22,2,1,1,有,無,有,7500,136,,0.0,0,,RPVNMLMKRHHFFCD38CC
南區,房地(土地+建物),臺南市南區永仁街1~30號,0.0,其他,,,1010916,土地1建物1車位0,全,3,透天厝,住商用,鋼筋混凝土構造,0690328,209.56,7,2,5,有,無,無,18000,86,,0.0,0,,RPWNMLMKRHHFFCD48CC
學甲區,房地(土地+建物),臺南市學甲區中山路91~120號,89.14,商,,,1010910,土地1建物1車位0,一層,1,店面(店鋪),住家用,鋼造,0760810,75.96,0,0,0,無,無,有,10000,132,,0.0,0,,RPSNMLMKRHHFFDR96CC
安平區,房地(土地+建物),臺南市安平區永華路二段661~690號,83.0,住,,,1011101,土地1建物1車位0,四層,4,店面(店鋪),住商用,鋼筋混凝土構造,0760825,245.69,5,3,4,有,無,無,30000,122,,0.0,0,,RPPPMLMKRHHFFAD87DC
永康區,建物,臺南市永康區大橋五街91~120號,17.36,,,,1010915,土地0建物0車位0,五層,5,套房(1房1廳1衛),住家用,鋼筋混凝土造,0830909,26.44,1,0,1,有,無,有,5000,189,,0.0,0,,RPSNMLMKRHHFFHR37CC
中西區,建物,臺南市中西區民族路二段61~90號,371.96,,,,1011101,土地0建物1車位0,一層,2,店面(店鋪),住商用,鋼造,0701118,269.1,0,0,0,有,無,有,180000,669,,0.0,0,,RPTOMLNKRHHFFAD18CC
中西區,建物,臺南市中西區五妃街181~210號,60.71,住,,,1010905,土地0建物1車位0,一層,4,公寓(5樓含以下無電梯),住家用,鋼筋混凝土構造,0690930,128.78,3,2,2,有,無,無,40000,311,,0.0,0,,RPRNMLOKRHHFFAD97CC
中西區,建物,臺南市中西區中正路31~60號,115.0,,,,1011001,土地0建物1車位0,一層,,店面(店鋪),,,,81.8,0,0,0,無,無,無,36000,440,,0.0,0,,RPTNMLOKRHHFFAD18CC
北區,房地(土地+建物),臺南市北區公園路1074巷1~30號,76.37,住,,,1010820,土地1建物1車位0,全,3,透天厝,住家用,鋼筋混凝土構造,0701016,268.15,4,1,3,有,無,有,9500,35,,0.0,0,,RPROMLOKRHHFFAD08CC
北區,房地(土地+建物),臺南市北區和緯路一段86巷31~60號,42.11,住,,,1010906,土地1建物1車位0,二層,10,華廈(10層含以下有電梯),見其他登記事項,鋼筋混凝土構造,0930329,167.86,1,1,2,有,有,無,10000,60,,0.0,0,,RPQPMLOKRHHFFAD08CC
東區,房地(土地+建物),臺南市東區東寧路331~360號,76.0,其他,,,1011101,土地1建物1車位0,一層,5,店面(店鋪),住商用,鋼筋混凝土構造,0840619,263.16,1,1,1,有,無,無,18000,68,,0.0,0,,RPTNMLOKRHHFFCD38CC
南區,建物,臺南市南區聖南街140巷1~30號,0.0,,,,1010818,土地0建物0車位0,四層,6,華廈(10層含以下有電梯),住家用,鋼筋混凝土構造,0800124,22.03,1,0,1,有,有,有,3200,145,,0.0,0,,RPUNMLOKRHHFFCD48CC
永康區,房地(土地+建物),臺南市永康區鹽行路204巷11弄1~30號,90.2,住,,,1010913,土地1建物1車位0,全,3,透天厝,住家用,鋼筋混凝土造,0810305,158.25,4,2,3,有,無,無,11000,70,,0.0,0,,RPVOMLOKRHHFFHR97CC
中西區,房地(土地+建物),臺南市中西區開山路122巷1~30號,0.0,商,,,1010901,土地1建物1車位0,一層,5,店面(店鋪),商業用,鋼筋混凝土構造,0791008,42.01,0,0,0,無,無,無,6000,143,,0.0,0,,RPQNMLPKRHHFFAD97CC
東區,房地(土地+建物),臺南市東區東興路391~420號,163.36,住,,,1010912,土地1建物1車位0,二層,2,店面(店鋪),住商用,鋼筋混凝土構造,0800409,2091.78,3,3,3,有,無,有,17000,8,,0.0,0,,RPWNMLSKRHHFFCD09CC
新市區,房地(土地+建物),臺南市新市區信義街1~30號,80.6,住,,,1010917,土地1建物1車位0,全,4,透天厝,見其他登記事項,鋼筋混凝土造,1001107,223.93,1,0,1,有,無,有,4500,20,,0.0,0,,RPPOMLSKRHHFFER47CC
善化區,土地,坐駕段391~420地號,83.0,住,,,1010901,土地1建物0車位0,全,,透天厝,,,,0.0,4,2,3,有,無,無,22000,265,,0.0,0,,RPQNMLTKRHHFFER57CC
善化區,房地(土地+建物),臺南市善化區中興路151~180號,92.88,商,,,1010901,土地1建物1車位0,全,4,透天厝,見其他登記事項,鋼筋混凝土造,0940819,75.76,9,2,8,有,無,有,10000,132,,0.0,0,,RPUNMLTKRHHFFER97CC
中西區,建物,臺南市中西區中正路211~240號,0.0,商,,,1010821,土地0建物1車位0,一層,4,店面(店鋪),住商用,加強磚造,0380101,358.83,0,0,0,無,無,無,90000,251,,0.0,0,,RPWNMLTKRHHFFAD98CC
安平區,建物,臺南市安平區郡平路271~300號,0.0,住,,,1010823,土地0建物1車位0,一層,3,店面(店鋪),住家用,鋼筋混凝土構造,0900411,406.82,5,4,6,有,無,無,45000,111,,0.0,0,,RPXNMLTKRHHFFAD09CC
安平區,建物,臺南市安平區建平十七街211~240號,0.0,商,,,1010826,土地0建物1車位0,八層,17,住宅大樓(11層含以上有電梯),住家用,鋼筋混凝土構造,0840829,152.54,3,2,2,有,有,無,9000,59,,0.0,0,,RPPOMLTKRHHFFAD38CC
東區,房地(土地+建物),臺南市東區中華東路三段181~210號,280.0,商,,,1011022,土地1建物1車位0,二層,2,店面(店鋪),住商用,見其他登記事項,0700716,142.0,0,2,0,有,無,有,80000,563,,0.0,0,,RPTNMLTKRHHFFCD98DC
永康區,建物,臺南市永康區中華西街196巷31~60號,0.0,,,,1010825,土地0建物1車位0,十三層,14,住宅大樓(11層含以上有電梯),住家用,鋼筋混凝土造,0880824,125.36,3,1,2,有,無,有,9500,76,,0.0,0,,RPQNMLKLRHHFFHR07CC
永康區,建物,臺南市永康區中山東路121~150號,0.0,,,,1010829,土地0建物1車位0,十一層,11,住宅大樓(11層含以上有電梯),住家用,鋼筋混凝土造,0900110,78.56,3,2,2,有,有,有,8250,105,,0.0,0,,RPRNMLKLRHHFFHR17CC
永康區,建物,臺南市永康區大橋二街181~210號,0.0,,,,1010826,土地0建物0車位0,二層,5,其他,住家用,鋼筋混凝土造,0810627,46.9,1,0,1,有,無,有,5000,107,,0.0,0,,RPSNMLKLRHHFFHR27CC
永康區,建物,臺南市永康區大橋一街31~60號,0.0,,,,1010823,土地0建物1車位0,九層,14,住宅大樓(11層含以上有電梯),國民住宅,鋼筋混凝土造,0880824,107.09,3,1,2,有,有,有,11000,103,,0.0,0,,RPVNMLKLRHHFFHR57CC
北區,建物,臺南市北區西門路三段121~150號,0.0,商,,,1010825,土地0建物1車位0,八層,12,住宅大樓(11層含以上有電梯),住家用,鋼筋混凝土構造,0810529,111.83,3,2,2,有,有,有,9000,80,,0.0,0,,RPUNMLKLRHHFFAD97CC
北區,建物,臺南市北區大武街597巷54弄1~30號,0.0,住,,,1010821,土地0建物1車位0,全,2,透天厝,住家用,鋼筋混凝土構造,0780926,124.41,5,2,3,有,無,無,15000,121,,0.0,0,,RPWNMLKLRHHFFAD18CC
北區,建物,臺南市北區北園街8巷1~30號,0.0,商,,,1010820,土地0建物1車位1,十九層,19,住宅大樓(11層含以上有電梯),見其他登記事項,鋼筋混凝土構造,0961227,102.59,2,2,1,有,無,有,15000,146,其他,16.66,0,,RPPOMLKLRHHFFAD57CC
善化區,房地(土地+建物),臺南市善化區小新營1~30號,64.0,住,,,1011001,土地1建物1車位0,全,4,透天厝,見其他登記事項,鋼筋混凝土造,0951116,20.0,8,0,8,有,無,有,5500,275,,0.0,0,,RPVNMLKLRHHFFER27CC
東區,建物,臺南市東區中華東路二段185巷1~30號,0.0,住,,,1010906,土地0建物1車位0,六層,20,住宅大樓(11層含以上有電梯),住家用,鋼筋混凝土構造,0841106,118.75999999999999,3,1,2,有,有,有,11000,93,,0.0,0,,RPTNMLLLRHHFFCD18CC
東區,建物,臺南市東區裕農路661巷1~30號,0.0,住,,,1010902,土地0建物1車位0,四層,5,套房(1房1廳1衛),住家用,鋼筋混凝土構造,0810125,36.31,1,1,1,有,有,有,5500,151,,0.0,0,,RPVNMLLLRHHFFCD38CC
東區,房地(土地+建物),臺南市東區自由路二段61~90號,0.0,住,,,1010920,土地1建物1車位0,全,5,透天厝,住商用,鋼筋混凝土構造,0851228,274.91,5,2,4,有,無,有,23000,84,,0.0,0,,RPWNMLLLRHHFFCD48CC
安平區,房地(土地+建物),臺南市安平區建平9街60巷31弄1~30號,0.0,商,,,1010925,土地1建物1車位0,一層,6,店面(店鋪),住商用,鋼筋混凝土構造,0820107,81.11,2,1,2,有,無,無,9000,111,,0.0,0,,RPRNMLLLRHHFFAD77CC
中西區,建物,臺南市中西區衛民街61~90號,0.0,商,,,1010917,土地0建物1車位0,六層,9,華廈(10層含以下有電梯),見其他登記事項,見其他登記事項,0950713,112.14,2,1,1,有,有,有,19000,169,,0.0,0,,RPPOMLLLRHHFFAD67CC
永康區,建物,臺南市永康區新民街47巷1~30號,5.7,,,,1010828,土地0建物1車位0,六層,9,華廈(10層含以下有電梯),住家用,鋼筋混凝土造,0821230,36.62,1,0,1,有,無,有,4500,123,,0.0,0,,RPVNMLLLRHHFFHR77DC
永康區,建物,臺南市永康區洲尾街321巷1~30號,124.77,,,,1010906,土地0建物1車位0,全,4,透天厝,見其他登記事項,鋼筋混凝土造,1000422,13.4,1,0,1,有,無,有,4500,336,,0.0,0,,RPXNMLLLRHHFFHR97DC
永康區,建物,臺南市永康區洲尾街321巷1~30號,124.77,,,,1010906,土地0建物1車位0,全,4,透天厝,見其他登記事項,鋼筋混凝土造,1000422,13.4,1,0,1,有,無,有,4500,336,,0.0,0,,RPOOMLLLRHHFFHR17DC
永康區,建物,臺南市永康區永華路571~600號,0.0,,,,1010901,土地0建物1車位0,八層,13,住宅大樓(11層含以上有電梯),住家用,鋼筋混凝土造,0831018,86.0,3,2,2,有,有,有,5812,68,,0.0,0,,RPUNMLOLRHHFFHR87CC
安平區,建物,臺南市安平區育平路211~240號,0.0,住,,,1010901,土地0建物1車位0,十七層,17,住宅大樓(11層含以上有電梯),住家用,鋼筋混凝土構造,0840729,69.23,2,1,1,有,有,有,11000,159,,0.0,0,,RPVNMLOLRHHFFAD48CC
北區,建物,臺南市北區大武街597巷1~30號,0.0,住,,,1010902,土地0建物1車位0,全,2,透天厝,住商用,加強磚造,0711203,95.27,4,2,2,有,無,無,9000,94,,0.0,0,,RPXNMLOLRHHFFAD68CC
東區,房地(土地+建物),臺南市東區慶東街127巷1~30號,563.0,住,,,1011201,土地1建物1車位0,一層,1,公寓(5樓含以下無電梯),住家用,鋼筋混凝土構造,0690912,69.1,3,0,2,有,無,有,4000,58,,0.0,0,,RPUNMLOLRHHFFCD58CC
新市區,房地(土地+建物),臺南市新市區復興路62巷1~30號,75.99,住,,,1011001,土地1建物1車位0,全,4,透天厝,住商用,鋼筋混凝土造,0850416,167.82,5,2,3,有,無,有,8000,48,,0.0,0,,RPROMLOLRHHFFER37CC
歸仁區,房地(土地+建物),臺南市歸仁區高鐵十二路181~210號,144.16,住,,,1010914,土地1建物1車位0,四層,4,店面(店鋪),住商用,鋼筋混凝土造,0960215,169.45,4,3,2,有,無,有,16000,94,,0.0,0,,RPRNMLPLRHHFFFR47CC
南區,建物,臺南市南區大同路二段121~150號,33.47,住,,,1011001,土地0建物1車位0,五層,13,住宅大樓(11層含以上有電梯),國民住宅,鋼筋混凝土構造,0881021,222.37,2,2,2,有,有,有,10500,47,,0.0,0,,RPTOMLPLRHHFFCD68CC
東區,建物,臺南市東區東榮街1~30號,0.0,住,,,1010920,土地0建物1車位0,八層,8,華廈(10層含以下有電梯),住家用,鋼筋混凝土構造,0830901,52.78,1,0,1,有,有,有,5500,104,,0.0,0,,RPVOMLPLRHHFFCD88CC
南區,建物,臺南市南區健康路二段481~510號,0.0,住,,,1011001,土地0建物1車位0,四層,7,華廈(10層含以下有電梯),住家用,鋼筋混凝土構造,0820208,70.22,2,1,1,有,有,無,6000,85,,0.0,0,,RPWOMLPLRHHFFCD98CC
東區,建物,臺南市東區光明街175巷22弄1~30號,0.0,住,,,1010905,土地0建物1車位0,二層,2,套房(1房1廳1衛),住家用,加強磚造,0611020,33.27,1,1,1,有,無,有,5500,165,,0.0,0,,RPOPMLPLRHHFFCD28CC
東區,建物,臺南市東區崇明十三街1~30號,0.0,住,,,1010910,土地0建物1車位0,四層,7,套房(1房1廳1衛),住家用,鋼筋混凝土構造,0790201,43.17,1,0,1,有,有,有,6000,139,,0.0,0,,RPPPMLPLRHHFFCD38CC
南區,房地(土地+建物),臺南市南區國民路567巷5弄1~30號,0.0,住,,,1010905,土地1建物1車位0,全,4,透天厝,見其他登記事項,鋼筋混凝土構造,1000322,163.56,4,2,4,有,無,無,17000,104,,0.0,0,,RPSPMLPLRHHFFCD68CC
南區,建物,臺南市南區中華南路二段301~330號,0.0,住,,,1010916,土地0建物1車位0,四層,5,公寓(5樓含以下無電梯),國民住宅,鋼筋混凝土構造,0701126,129.84,3,1,2,有,無,無,7500,58,,0.0,0,,RPUPMLPLRHHFFCD88CC
南區,建物,臺南市南區大同路二段704巷1~30號,0.0,住,,,1010912,土地0建物1車位0,五層,5,公寓(5樓含以下無電梯),住家用,鋼筋混凝土構造,0701230,81.41,3,2,2,有,無,有,10000,123,,0.0,0,,RPVPMLPLRHHFFCD98CC
南區,建物,臺南市南區南樂街1~30號,0.0,住,,,1010920,土地0建物1車位0,五層,5,公寓(5樓含以下無電梯),住家用,鋼筋混凝土構造,0780512,119.78999999999999,3,2,1,有,無,無,6500,54,,0.0,0,,RPWPMLPLRHHFFCD09CC
東區,建物,臺南市東區怡東街31~60號,0.0,住,,,1010915,土地0建物1車位0,三層,9,華廈(10層含以下有電梯),住家用,鋼筋混凝土構造,0830122,108.69,3,2,2,有,無,有,11300,104,,0.0,0,,RPOQMLPLRHHFFCD38CC
安平區,建物,臺南市安平區郡平路361~390號,0.0,住,,,1010920,土地0建物1車位0,二層,12,住宅大樓(11層含以上有電梯),住家用,鋼筋混凝土構造,0820724,88.36,3,1,2,有,有,無,7000,79,,0.0,0,,RPWNMLPLRHHFFAD68CC
中西區,建物,臺南市中西區中山路61~90號,0.0,商,,,1010901,土地0建物1車位0,七層,12,辦公商業大樓,住商用,鋼筋混凝土構造,0671026,50.94,1,1,1,有,有,無,7000,137,,0.0,0,,RPOOMLPLRHHFFAD97CC
安平區,建物,臺南市安平區健康三街151~180號,0.0,住,,,1010901,土地0建物1車位0,十四層,14,住宅大樓(11層含以上有電梯),見其他登記事項,見其他登記事項,0950822,134.24,3,1,2,有,有,無,13000,97,,0.0,0,,RPPOMLPLRHHFFAD08CC
中西區,建物,臺南市中西區和平街61~90號,0.0,商,,,1010901,土地0建物1車位0,全,3,透天厝,住家用,鋼筋混凝土構造,0630820,80.01,2,1,1,有,無,無,6500,81,,0.0,0,,RPQOMLPLRHHFFAD18CC
中西區,建物,臺南市中西區大同路一段250巷1~30號,0.0,住,,,1010901,土地0建物1車位0,四層,5,公寓(5樓含以下無電梯),住家用,鋼筋混凝土構造,0731108,100.07000000000001,3,1,2,有,無,有,8000,80,,0.0,0,,RPVOMLPLRHHFFAD68CC
中西區,建物,臺南市中西區金華路三段31~60號,0.0,住,,,1010910,土地0建物1車位0,全,5,透天厝,住商用,鋼筋混凝土構造,0720630,23.01,1,0,1,有,無,有,5500,239,,0.0,0,,RPWOMLPLRHHFFAD78CC
安平區,建物,臺南市安平區永華六街206巷31~60號,0.0,住,,,1011001,土地0建物1車位0,一層,8,辦公商業大樓,住商用,鋼筋混凝土構造,0850716,91.65,1,1,2,有,無,無,12000,131,,0.0,0,,RPXOMLPLRHHFFAD88CC
安平區,建物,臺南市安平區育平路211~240號,0.0,住,,,1010910,土地0建物1車位0,十二層,17,住宅大樓(11層含以上有電梯),住家用,鋼筋混凝土構造,0840729,70.22,2,1,1,有,有,有,9500,135,,0.0,0,,RPOPMLPLRHHFFAD08CC
永康區,土地,兵北段121~150地號,304.58,住,,,1011015,土地1建物0車位0,,,其他,,,,0.0,0,0,0,有,無,無,70000,230,,0.0,0,,RPSNMLPLRHHFFHR77CC
東區,建物,臺南市東區前鋒路85巷1~30號,973.0,住,,,1010913,土地0建物0車位0,四層,4,公寓(5樓含以下無電梯),見其他登記事項,見其他登記事項,0600104,71.64,3,1,1,有,無,有,7000,98,,0.0,0,,RPXNMLPLRHHFFCD09DC
東區,建物,臺南市東區富農街一段131巷42弄1~30號,17.72,住,,,1010901,土地0建物1車位0,六層,9,華廈(10層含以下有電梯),住家用,鋼筋混凝土構造,0840112,77.46,3,2,2,有,無,有,12000,155,,0.0,0,,RPQPMLPLRHHFFCD58DC
永康區,建物,臺南市永康區中華西街196巷31~60號,0.0,,,,1010828,土地0建物1車位0,九層,14,住宅大樓(11層含以上有電梯),國民住宅,鋼筋混凝土造,0880824,132.72,3,2,2,有,有,有,12000,90,,0.0,0,,RPXNMLQLRHHFFHR38CC
東區,房地(土地+建物),臺南市東區崇明十三街1~30號,42.0,住,,,1010916,土地1建物1車位0,三層,7,華廈(10層含以下有電梯),住家用,鋼筋混凝土構造,0790201,41.48,1,0,1,有,有,無,4000,96,,0.0,0,,RPQOMLQLRHHFFCD48CC
新化區,房地(土地+建物),臺南市新化區大智路241~270號,2240.0,農,特定農業區,農牧用地,1010819,土地1建物1車位0,一層,1,倉庫,見其他登記事項,見其他登記事項,0980507,73.26,1,0,0,有,無,無,7000,,,0.0,0,,RPPNMLQLRHHFFER27CC
南區,建物,臺南市南區健康路二段331~360號,74.0,住,,,1010902,土地0建物1車位0,一層,5,店面(店鋪),住商用,鋼筋混凝土構造,0761009,74.0,1,1,1,有,無,無,16000,216,,0.0,0,,RPVOMLRLRHHFFCD09CC
永康區,建物,臺南市永康區小東路477巷1~30號,0.0,,,,1010904,土地0建物0車位0,二層,4,套房(1房1廳1衛),住商用,鋼筋混凝土造,0770322,9.91,1,0,1,有,無,有,2800,283,,0.0,0,,RPVOMLRLRHHFFHR38CC
永康區,建物,臺南市永康區復國路61~90號,0.0,,,,1010904,土地0建物1車位0,九層,14,住宅大樓(11層含以上有電梯),住家用,鋼筋混凝土造,0960920,177.69,3,2,2,有,有,無,10000,56,,0.0,0,,RPSPMLRLRHHFFHR18CC
北區,房地(土地+建物)+車位,臺南市北區臨安路二段121~150號,139.12,商,,,1011016,土地1建物1車位0,五層,5,店面(店鋪),住商用,鋼筋混凝土構造,0850829,504.09,0,0,0,無,無,無,55000,109,坡道平面,0.0,0,,RPPOMLRLRHHFFAD38DC
永康區,房地(土地+建物),臺南市永康區勝利街1巷31~60號,32.61,住,,,1010916,土地1建物1車位0,一層,10,華廈(10層含以下有電梯),住商用,鋼筋混凝土造,0830926,143.74,3,2,2,有,有,無,15000,104,,0.0,0,,RPTPMLSLRHHFFHR48DC
永康區,房地(土地+建物),臺南市永康區中山南路1~30號,137.02,住,,,1011010,土地1建物1車位0,全,2,透天厝,住商用,磚造,0500101,24.3,0,1,1,有,無,有,18000,741,,0.0,0,,RPOOMLSLRHHFFHR77CC
善化區,房地(土地+建物),臺南市善化區興農路61~90號,563.0,農,,,1010925,土地1建物1車位0,全,3,透天厝,見其他登記事項,鋼骨鋼筋混凝土造,0970425,21.48,30,1,31,有,無,有,6000,279,,0.0,0,,RPTNMLSLRHHFFER87CC
中西區,房地(土地+建物),臺南市中西區中成路1~30號,3.19,住,,,1010915,土地1建物1車位0,七層,20,住宅大樓(11層含以上有電梯),住家用,鋼筋混凝土構造,0860127,25.46,1,1,1,有,有,有,6000,236,,0.0,0,,RPSNMLSLRHHFFAD58CC
北區,房地(土地+建物),臺南市北區正覺街33巷1~30號,33.69,住,,,1010916,土地1建物1車位0,一層,8,華廈(10層含以下有電梯),住家用,鋼筋混凝土構造,0790820,108.64,3,2,2,有,有,有,9000,83,,0.0,0,,RPROMLSLRHHFFAD58CC
中西區,房地(土地+建物),臺南市中西區慶東街181~210號,0.0,住,,,1010930,土地1建物1車位0,一層,5,店面(店鋪),住家用,鋼筋混凝土構造,0751218,75.18,0,0,1,無,無,無,22000,293,,0.0,0,,RPPNMLLJIIHFFAD56CC
安平區,房地(土地+建物),臺南市安平區建平十七街121~150號,4.23,住,,,1011001,土地1建物1車位0,七層,16,住宅大樓(11層含以上有電梯),住家用,鋼筋混凝土構造,0840819,55.37,1,1,1,有,有,有,6660,120,,0.0,0,,RPTNMLLJIIHFFAD96CC
北區,建物,臺南市北區開南街275巷10弄1~30號,0.0,住,,,1010901,土地0建物1車位0,全,2,透天厝,住家用,加強磚造,0630817,70.52,5,2,3,有,無,有,10000,142,,0.0,0,,RPQOMLLJIIHFFAD76CC
善化區,土地,茄拔段二小段631~660地號,191.08,農,特定農業區,農牧用地,1010927,土地1建物0車位0,,,農舍,,,,0.0,8,2,6,有,無,有,15000,,,0.0,0,有建物，沒建號,RPPOMLLJIIHFFER48CC
新營區,房地(土地+建物),臺南市新營區中山路151~180號,150.66,商,,,1010903,土地1建物1車位0,二層,2,店面(店鋪),住商用,磚造,,182.75,0,0,0,無,無,無,60000,328,,0.0,0,,RPRNMLLJIIHFFAR18CC
安平區,房地(土地+建物),臺南市安平區慶平路511~540號,3144.0,商,,,1010815,土地1建物1車位0,十一層,24,住宅大樓(11層含以上有電梯),住家用,鋼筋混凝土構造,0760612,99.72,1,1,1,有,有,有,14000,140,,0.0,0,,RPWNMLNJIIHFFAD57DC
中西區,土地,建興段481~510地號,11.33,住,,,1011001,土地1建物0車位0,全,,透天厝,,,,0.0,3,1,1,有,無,有,4500,397,,0.0,0,,RPROMLNJIIHFFAD17DC
安平區,房地(土地+建物),臺南市安平區慶平路511~540號,3144.0,商,,,1011115,土地1建物1車位0,十一層,24,住宅大樓(11層含以上有電梯),住家用,鋼筋混凝土構造,0760612,99.72,1,1,1,有,有,有,11000,110,,0.0,0,,RPWOMLNJIIHFFAD67DC
永康區,房地(土地+建物),臺南市永康區中山南路43巷1~30號,10.24,住,,,1010912,土地1建物1車位0,三層,5,公寓(5樓含以下無電梯),住家用,鋼筋混凝土造,0710810,62.61,2,1,1,有,無,有,7500,120,,0.0,0,,RPSOMLNJIIHFFHR76DC
新化區,房地(土地+建物),臺南市新化區太平街61~90號,73.1,住,,,1011025,土地1建物1車位0,全,3,透天厝,住商用,鋼筋混凝土造,0710417,151.62,6,2,5,有,無,有,10000,66,,0.0,0,,RPVNMLNJIIHFFER56CC
善化區,房地(土地+建物),臺南市善化區興農路61~90號,563.0,農,,,1011002,土地1建物1車位0,全,3,透天厝,見其他登記事項,鋼骨鋼筋混凝土造,0970425,46.3,30,1,31,有,無,有,13000,281,,0.0,0,,RPWNMLNJIIHFFER66CC
安平區,房地(土地+建物),臺南市安平區永華十一街17巷1~30號,5.64,住,,,1011020,土地1建物1車位0,三層,7,辦公商業大樓,見其他登記事項,鋼筋混凝土構造,0850509,39.9,0,1,0,有,無,無,3500,88,,0.0,0,,RPPPMLNJIIHFFAD96CC
安平區,房地(土地+建物),臺南市安平區永華八街193巷1~30號,957.0,住,,,1010920,土地1建物1車位0,七層,7,華廈(10層含以下有電梯),住家用,鋼筋混凝土構造,0830826,62.88,2,1,2,有,無,無,6000,95,,0.0,0,,RPUNMLOJIIHFFAD37CC
北區,房地(土地+建物),臺南市北區開元路31~60號,96.0,住,,,1010915,土地2建物1車位0,全,4,透天厝,住商用,加強磚造,0590625,366.23,12,1,11,有,無,有,40000,109,,0.0,0,,RPWNMLOJIIHFFAD57CC
安平區,房地(土地+建物),臺南市安平區健康四街61~90號,0.0,住,,,1011001,土地1建物1車位0,全,4,透天厝,住家用,鋼筋混凝土構造,0960214,163.45,5,2,3,有,無,無,23000,141,,0.0,0,,RPVPMLOJIIHFFAD67CC
安南區,房地(土地+建物),臺南市安南區安和路一段91~120號,0.0,住,,,1010901,土地1建物1車位0,一層,3,店面(店鋪),見其他登記事項,鋼筋混凝土構造,0940527,116.81,0,0,0,無,有,無,40000,342,,0.0,0,,RPUNMLOJIIHFFBD47CC
東區,建物,臺南市東區東寧路241~270號,39.04,商,,,1011001,土地0建物1車位0,一層,5,店面(店鋪),住商用,鋼筋混凝土構造,0740204,39.04,0,0,1,無,無,無,45000,1153,,0.0,0,,RPPNMLOJIIHFFCD07CC
東區,房地(土地+建物),臺南市東區中華東路三段107巷31~60號,427.0,住,,,1011201,土地1建物2車位0,一層,1,工廠,見其他登記事項,加強磚造,0631012,186.84,1,2,1,有,無,無,30000,,,0.0,0,,RPRNMLOJIIHFFCD27CC
東區,建物,臺南市東區東門路三段295巷1~30號,0.0,,,,1011001,土地0建物1車位0,十二層,15,住宅大樓(11層含以上有電梯),國民住宅,鋼筋混凝土構造,0851004,77.21,3,2,2,有,無,無,10000,130,,0.0,0,,RPSNMLOJIIHFFCD37CC
永康區,房地(土地+建物),臺南市永康區中正路15巷1~30號,74.21,住,,,1010929,土地1建物1車位0,全,2,透天厝,住家用,加強磚造,0750130,93.44,6,2,3,有,無,無,12000,128,,0.0,0,,RPPOMLOJIIHFFHR56DC
永康區,建物,臺南市永康區中華路631~660號,1642.0,住,,,1011016,土地0建物1車位0,全,4,透天厝,見其他登記事項,鋼筋混凝土造,0740131,259.16,0,0,0,無,無,無,30000,116,,0.0,0,,RPSNMLOJIIHFFHR66CC
安平區,房地(土地+建物),臺南市安平區永華路二段841~870號,16.0,住,,,1010823,土地1建物1車位0,見其他登記事項,27,店面(店鋪),住商用,鋼筋混凝土構造,0850213,25.55,7,2,5,有,無,無,20000,783,,0.0,0,,RPQNMLPJIIHFFAD17DC
安平區,房地(土地+建物)+車位,臺南市安平區健康三街592巷31~60號,8.1,住,,,1011001,土地1建物1車位1,二十一層,22,住宅大樓(11層含以上有電梯),住家用,鋼筋混凝土構造,0861022,135.23,3,2,2,有,無,有,14500,107,坡道平面,28.09,0,,RPVNMLPJIIHFFAD67DC
安南區,房地(土地+建物),臺南市安南區北安路四段571~600號,247.0,住,,,1010922,土地4建物1車位0,全,2,透天厝,住家用,加強磚造,0770716,199.16,4,3,2,有,無,無,20000,100,,0.0,0,,RPPNMLPJIIHFFBD17DC
南區,房地(土地+建物),臺南市南區新興路230巷1~30號,554.0,住,,,1010903,土地1建物1車位0,見其他登記事項,2,店面(店鋪),住家用,加強磚造,0620607,545.58,3,2,5,有,無,無,70000,128,,0.0,0,,RPRNMLPJIIHFFCD47DC
中西區,房地(土地+建物),臺南市中西區光賢街1~30號,149.06,住,,,1010911,土地1建物1車位0,全,4,透天厝,見其他登記事項,見其他登記事項,0930609,322.57,5,3,6,有,無,無,30000,93,,0.0,0,,RPSNMLPJIIHFFAD27CC
北區,房地(土地+建物),臺南市北區長榮路五段253巷15弄1~30號,22.5,住,,,1010911,土地1建物1車位0,四層,5,公寓(5樓含以下無電梯),住家用,鋼筋混凝土構造,0740506,71.1,3,1,1,有,無,有,7000,98,,0.0,0,,RPQNMLQJIIHFFAD27DC
新營區,房地(土地+建物),臺南市新營區信義街61~90號,89.76,其他,,,1010920,土地1建物1車位0,全,3,透天厝,住商用,鋼筋混凝土造,,192.18,3,2,2,有,無,無,10000,52,,0.0,0,,RPSNMLSJIIHFFAR98CC
永康區,建物,臺南市永康區中華路421~450號,9.98,,,,1011001,土地0建物1車位0,二十層,22,辦公商業大樓,見其他登記事項,鋼筋混凝土造,0811215,276.67,0,0,0,無,無,無,28889,104,,0.0,0,,RPROMLSJIIHFFHR17DC
北區,房地(土地+建物),臺南市北區和緯路一段91~120號,41.98,住,,,1011015,土地1建物1車位0,二層,11,住宅大樓(11層含以上有電梯),見其他登記事項,鋼筋混凝土構造,0911115,159.53,1,0,2,有,有,無,14500,91,,0.0,0,,RPPOMLSJIIHFFAD37CC
安平區,房地(土地+建物),臺南市安平區建平路691~720號,106.61,住,,,1010920,土地1建物1車位0,一層,5,店面(店鋪),見其他登記事項,見其他登記事項,0991104,64.75,0,0,1,無,無,有,18000,278,,0.0,0,,RPUNMLTJIIHFFAD87CC
安南區,房地(土地+建物),臺南市安南區安中路四段181~210號,84.48,住,,,1011001,土地2建物1車位0,全,4,透天厝,住商用,鋼筋混凝土構造,1001104,162.2,4,2,4,有,無,有,16000,99,,0.0,0,,RPRNMLTJIIHFFBD67CC
永康區,房地(土地+建物),臺南市永康區龍中街31~60號,9.81,其他,,,1011001,土地1建物1車位0,四層,4,公寓(5樓含以下無電梯),住家用,鋼筋混凝土造,0681002,26.02,3,1,1,有,無,有,6000,231,,0.0,0,,RPRNMLTJIIHFFHR17DC
永康區,房地(土地+建物),臺南市永康區大橋一街181~210號,20.57,住,,,1011001,土地1建物1車位0,見其他登記事項,4,店面(店鋪),住商用,鋼筋混凝土造,0831123,58.03,5,2,6,有,無,無,22000,379,,0.0,0,,RPWNMLMKIIHFFHR07DC
東區,房地(土地+建物),臺南市東區裕平路271~300號,80.22,住,,,1011006,土地1建物1車位0,全,5,透天厝,見其他登記事項,鋼筋混凝土構造,0920617,200.72,5,2,3,有,無,有,23000,115,,0.0,0,,RPRNMLMKIIHFFCD27DC
安南區,土地,淵中段811~840地號,926.8,其他,,,1011005,土地1建物0車位0,,,其他,,,,0.0,0,0,0,有,無,有,3400,4,,0.0,0,,RPUNMLMKIIHFFBD37CC
安南區,房地(土地+建物),臺南市安南區安和路四段537巷91~120號,185.0,商,,,1010916,土地2建物1車位0,全,2,透天厝,住家用,鋼筋混凝土構造,0820303,155.07,3,2,3,有,無,有,10000,64,,0.0,0,,RPPNMLOKIIHFFBD07CC
安南區,房地(土地+建物),臺南市安南區大安街138巷1~30號,98.37,商,,,1010916,土地2建物1車位0,全,2,透天厝,住商用,加強磚造,0700910,107.41,3,2,2,有,無,有,7500,70,,0.0,0,,RPQNMLOKIIHFFBD17CC
東區,房地(土地+建物),臺南市東區府連路361~390號,36.32,住,,,1011008,土地1建物1車位0,二層,2,店面(店鋪),住家用,鋼筋混凝土構造,0791229,189.68,3,1,2,有,無,無,26400,139,,0.0,0,,RPPNMLOKIIHFFCD17CC
中西區,房地(土地+建物),臺南市中西區赤崁街31~60號,100.61,住,,,1011011,土地1建物1車位0,二層,2,店面(店鋪),見其他登記事項,磚造,0430209,111.36,0,1,1,有,無,無,25000,224,,0.0,0,,RPPNMLOKIIHFFAD96CC
北區,建物,臺南市北區開元路342巷7弄1~30號,0.0,住,,,1010917,土地0建物1車位0,全,2,透天厝,住家用,加強磚造,0590731,82.88,4,2,2,有,無,無,7000,84,,0.0,0,,RPVNMLPKIIHFFAD67CC
北區,建物,臺南市北區西門路四段541~570號,0.0,住,,,1011024,土地0建物1車位0,二層,2,店面(店鋪),住商用,加強磚造,0661129,96.08,2,1,2,有,無,無,20000,208,,0.0,0,,RPWNMLPKIIHFFAD77CC
南區,建物,臺南市南區中華南路二段151~180號,0.0,住,,,1010920,土地0建物1車位0,一層,1,廠辦,商業用,見其他登記事項,0840727,54.27,0,1,1,有,無,無,13000,240,,0.0,0,,RPWNMLPKIIHFFCD97CC
西港區,房地(土地+建物),臺南市西港區中州1~30號,95.0,,特定農業區,甲種建築用地,1011014,土地1建物1車位0,全,2,透天厝,住商用,鋼筋混凝土造,0850501,121.2,3,2,2,有,無,無,6000,50,,0.0,0,,RPSNMLPKIIHFFDR09CC
新市區,房地(土地+建物),臺南市新市區勝利街61~90號,107.06,住,,,1011014,土地1建物1車位0,全,3,透天厝,住家用,鋼筋混凝土造,0781223,206.01,4,2,3,有,無,有,15000,73,,0.0,0,,RPWNMLPKIIHFFER96CC
永康區,房地(土地+建物),臺南市永康區中正路151~180號,82.37,住,,,1011010,土地1建物1車位0,全,2,透天厝,住商用,加強磚造,0750806,115.8,5,2,3,有,無,無,16000,138,,0.0,0,,RPOOMLPKIIHFFHR66DC
新市區,房地(土地+建物),臺南市新市區中正路31~60號,66.84,住,,,1011002,土地1建物1車位0,全,3,透天厝,住家用,加強磚造,0680401,100.38,8,1,7,有,無,有,4500,45,,0.0,0,,RPPNMLQKIIHFFER98CC
東區,建物,臺南市東區育樂街57巷1~30號,0.0,商,,,1011012,土地0建物1車位0,三層,4,公寓(5樓含以下無電梯),住家用,鋼筋混凝土構造,0691111,59.98,2,1,1,有,無,有,5000,83,,0.0,0,,RPQNMLQKIIHFFCD47CC
仁德區,建物,臺南市仁德區德善路251巷7弄1~30號,0.0,,,,1010925,土地0建物1車位0,一層,9,華廈(10層含以下有電梯),商業用,鋼筋混凝土造,0860317,123.61999999999999,4,1,1,有,有,有,8800,71,,0.0,0,,RPSOMLRKIIHFFFR96CC
仁德區,建物,臺南市仁德區德善路251巷7弄1~30號,0.0,,,,1010921,土地0建物1車位0,一層,9,華廈(10層含以下有電梯),商業用,鋼筋混凝土造,0860317,123.61999999999999,4,1,2,有,有,有,9000,73,,0.0,0,,RPUOMLRKIIHFFFR17CC
永康區,房地(土地+建物),臺南市永康區八德街88巷1~30號,117.0,住,,,1011006,土地1建物1車位0,全,4,透天厝,住商用,鋼筋混凝土造,0841205,249.04,7,3,3,有,無,有,15000,60,,0.0,0,,RPSNMLRKIIHFFHR07CC
永康區,建物,臺南市永康區中山北路61~90號,15.21,住,,,1010927,土地0建物1車位0,七層,8,華廈(10層含以下有電梯),住家用,鋼筋混凝土造,0841102,83.51,2,2,1,有,無,有,6500,78,,0.0,0,,RPROMLRKIIHFFHR07CC
北門區,房地(土地+建物),臺南市北門區蚵寮481~510號,58.27,住,,,1011001,土地2建物1車位0,全,3,透天厝,見其他登記事項,鋼筋混凝土造,0951222,168.94,4,2,3,有,無,無,8000,47,,0.0,0,,RPSNMLRKIIHFFDR76DC
北門區,房地(土地+建物),臺南市北門區蚵寮481~510號,58.27,住,,,1011016,土地2建物1車位0,全,3,透天厝,見其他登記事項,鋼筋混凝土造,0951222,168.94,4,2,3,有,無,無,8000,47,,0.0,0,,RPTNMLRKIIHFFDR86DC
北門區,房地(土地+建物),臺南市北門區蚵寮481~510號,58.28,住,,,1011025,土地2建物1車位0,全,3,透天厝,見其他登記事項,鋼筋混凝土造,0951222,168.94,4,3,2,有,無,無,8000,47,,0.0,0,,RPUNMLRKIIHFFDR96DC
新市區,房地(土地+建物),臺南市新市區大營121~150號,83.0,,特定農業區,甲種建築用地,1010920,土地1建物1車位0,全,4,透天厝,住商用,鋼筋混凝土造,0870812,178.69,4,2,3,有,無,無,16000,90,,0.0,0,,RPVNMLSKIIHFFER27DC
新市區,房地(土地+建物),臺南市新市區三舍里151~180號,151.0,,鄉村區,乙種建築用地,1011005,土地1建物1車位0,全,4,透天厝,工業用,見其他登記事項,0620901,300.25,5,2,4,有,無,無,28888,96,,0.0,0,,RPWNMLSKIIHFFER37DC
新市區,房地(土地+建物),臺南市新市區信義街1~30號,92.36,其他,,,1011010,土地1建物1車位0,全,4,透天厝,見其他登記事項,鋼筋混凝土造,1001107,226.68,4,2,4,有,無,無,25556,113,,0.0,0,,RPXNMLSKIIHFFER47DC
永康區,房地(土地+建物),臺南市永康區王行里王行路866巷1~30號,143.0,住,,,1010921,土地1建物1車位0,全,4,透天厝,住家用,鋼筋混凝土造,0960608,214.03,4,2,3,有,無,無,16000,75,,0.0,0,,RPTOMLSKIIHFFHR37CC
東區,房地(土地+建物),臺南市東區裕農路288巷1~30號,22.19,住,,,1011101,土地1建物1車位0,九層,12,住宅大樓(11層含以上有電梯),住家用,鋼筋混凝土構造,0800829,126.17,3,2,2,有,有,有,13500,107,,0.0,0,,RPUNMLSKIIHFFCD08CC
東區,房地(土地+建物),臺南市東區崇明18街1~30號,0.0,住,,,1011101,土地1建物1車位0,六層,7,華廈(10層含以下有電梯),住家用,鋼筋混凝土構造,0820504,91.04,3,2,2,有,無,無,9000,99,,0.0,0,,RPOOMLSKIIHFFCD57CC
北區,房地(土地+建物),臺南市北區北安路一段271~300號,0.0,住,,,1011101,土地1建物1車位0,一層,4,店面(店鋪),見其他登記事項,鋼筋混凝土構造,0911007,67.81,0,0,1,無,無,無,20000,295,,0.0,0,,RPXPMLSKIIHFFAD38CC
安平區,房地(土地+建物)+車位,臺南市安平區建平8街61~90號,0.0,住,,,1011025,土地1建物1車位1,八層,14,住宅大樓(11層含以上有電梯),見其他登記事項,鋼筋混凝土構造,0880816,76.74,3,2,2,有,無,有,12000,156,坡道平面,0.0,0,,RPPQMLSKIIHFFAD67CC
安平區,房地(土地+建物),臺南市安平區永華六街206巷1~30號,150.26,住,,,1011101,土地1建物1車位0,二層,2,店面(店鋪),住商用,鋼筋混凝土構造,0850716,150.23,2,0,2,有,有,無,15000,100,,0.0,0,,RPVNMLTKIIHFFAD08CC
佳里區,建物,臺南市佳里區安南路61~90號,24.0,住,,,1011017,土地0建物0車位0,全,4,透天厝,住商用,鋼筋混凝土造,0800816,24.0,1,0,1,有,無,有,5000,208,,0.0,0,,RPXNMLTKIIHFFDR37CC
永康區,房地(土地+建物),臺南市永康區永大路二段1231~1260號,1612.0,住,,,1011201,土地1建物1車位0,三層,18,住宅大樓(11層含以上有電梯),住商用,鋼筋混凝土造,0890504,160.48,3,2,3,有,有,無,22000,137,,0.0,0,,RPUOMLTKIIHFFHR57CC
永康區,土地,建國段451~480地號,357.85,住,,,1011006,土地1建物0車位0,,,其他,,,,0.0,0,0,0,有,無,無,15000,42,,0.0,0,,RPPPMLTKIIHFFHR17CC
善化區,房地(土地+建物),臺南市善化區中正路511~540號,186.0,住,,,1011101,土地1建物1車位0,全,,透天厝,,,,216.29,3,2,3,有,無,無,11000,51,,0.0,0,整棟透天厝,RPQNMLKLIIHFFER58CC
安南區,房地(土地+建物),臺南市安南區郡安路五段184巷1~30號,0.0,住,,,1010910,土地1建物1車位0,一層,1,廠辦,住商用,加強磚造,0720211,108.81,0,0,0,有,無,無,18000,165,,0.0,0,,RPOOMLMLIIHFFBD96CC
南區,房地(土地+建物),臺南市南區新興路113巷35弄1~30號,0.0,住,,,1011015,土地1建物1車位0,全,2,透天厝,住家用,加強磚造,0630903,86.36,3,1,2,有,無,有,8000,93,,0.0,0,,RPXNMLMLIIHFFCD87CC
南區,房地(土地+建物),臺南市南區金華路二段27巷61~90號,0.0,住,,,1011015,土地1建物1車位0,一層,2,店面(店鋪),住家用,見其他登記事項,0640716,72.48,3,1,2,有,無,無,12000,166,,0.0,0,,RPOOMLMLIIHFFCD07CC
東區,建物,臺南市東區林森路二段192巷1~30號,0.0,住,,,1010907,土地0建物0車位0,十二層,12,住宅大樓(11層含以上有電梯),住家用,鋼筋混凝土構造,0730118,98.78,3,2,2,有,無,有,10000,101,,0.0,0,,RPPOMLMLIIHFFCD17CC
南區,建物,臺南市南區大成路二段177巷61~90號,0.0,住,,,1011010,土地0建物1車位0,四層,5,公寓(5樓含以下無電梯),住家用,鋼筋混凝土構造,0700604,81.80000000000001,3,1,1,有,無,無,6500,79,,0.0,0,,RPQOMLMLIIHFFCD27CC
中西區,房地(土地+建物),臺南市中西區湖美街46巷1~30號,0.0,住,,,1011015,土地1建物1車位0,全,2,透天厝,住家用,鋼筋混凝土構造,0760518,129.37,5,2,3,有,無,無,13000,100,,0.0,0,,RPROMLMLIIHFFAD17CC
永康區,建物,臺南市永康區大橋五街91~120號,17.36,,,,1011017,土地0建物1車位0,三層,5,公寓(5樓含以下無電梯),住家用,鋼筋混凝土造,0830909,82.88,1,0,1,有,無,有,11000,133,,0.0,0,,RPTNMLMLIIHFFHR76CC
永康區,房地(土地+建物),臺南市永康區國華街102巷91~120號,17.16,住,,,1011013,土地1建物1車位0,五層,12,住宅大樓(11層含以上有電梯),住家用,鋼筋混凝土造,0831006,105.72999999999999,3,2,2,有,有,無,7500,71,,0.0,0,,RPXNMLMLIIHFFHR17CC
新營區,建物,臺南市新營區建業路227巷16弄31~60號,22.4,住,,,1011101,土地0建物1車位0,一層,2,住宅大樓(11層含以上有電梯),住家用,磚造,0560124,86.2,3,2,2,有,有,無,7000,81,,0.0,0,,RPPNMLMLIIHFFAR28CC
安平區,建物,臺南市安平區慶平路391~420號,0.0,住,,,1011001,土地0建物1車位0,一層,1,店面(店鋪),見其他登記事項,見其他登記事項,0930719,92.5,0,0,0,無,無,無,120000,1297,,0.0,0,,RPPOMLMLIIHFFAD07DC
新營區,房地(土地+建物),臺南市新營區民治路31~60號,16.22,住,,,1011001,土地1建物1車位0,五層,13,住宅大樓(11層含以上有電梯),住家用,鋼筋混凝土造,0870828,127.48,3,2,2,無,有,有,12000,94,,0.0,0,,RPPNMLNLIIHFFAR48DC
東區,建物,臺南市東區崇善路25巷91~120號,532700.0,,,,1011020,土地0建物0車位0,十層,14,住宅大樓(11層含以上有電梯),住家用,鋼筋混凝土構造,0990507,61.1,3,2,1,有,無,有,30000,491,,0.0,0,,RPQNMLNLIIHFFCD27CC
南區,房地(土地+建物),臺南市南區中華西路一段54巷1~30號,33.29,住,,,1011101,土地1建物1車位0,三層,5,公寓(5樓含以下無電梯),國民住宅,鋼筋混凝土構造,0720422,93.24,3,2,2,有,無,有,8000,86,,0.0,0,,RPVNMLNLIIHFFCD77CC
佳里區,房地(土地+建物),臺南市佳里區忠孝路151~180號,79.89,商,,,1011023,土地4建物1車位0,一層,5,店面(店鋪),見其他登記事項,鋼筋混凝土造,0830718,184.35,0,0,0,無,無,有,18000,98,,0.0,0,,RPSNMLNLIIHFFDR98CC
安南區,建物,臺南市安南區安中一路61~90號,0.0,住,,,1010923,土地0建物1車位0,全,4,透天厝,住家用,鋼筋混凝土構造,1000928,165.64,3,3,3,有,無,無,24000,145,,0.0,0,,RPPOMLOLIIHFFBD27CC
中西區,建物,臺南市中西區觀亭街61~90號,0.0,商,,,1010925,土地0建物1車位0,六層,7,華廈(10層含以下有電梯),住家用,鋼筋混凝土構造,0850117,96.61,2,1,1,有,無,有,15000,155,,0.0,0,,RPROMLOLIIHFFAD37CC
中西區,房地(土地+建物),臺南市中西區民權路一段241~270號,49.86,商,,,1011015,土地5建物1車位0,七層,12,辦公商業大樓,商業用,鋼筋混凝土構造,0790421,475.47,0,0,0,無,有,無,30000,63,,0.0,0,,RPOOMLOLIIHFFAD17DC
永康區,房地(土地+建物),臺南市永康區大橋里中正路279巷21弄31~60號,348.08,工,,,1011015,土地1建物1車位0,一層,2,廠辦,見其他登記事項,鋼筋混凝土造,0790612,320.78,3,1,3,有,無,有,45000,140,,0.0,0,,RPVOMLOLIIHFFHR37DC
永康區,房地(土地+建物),臺南市永康區中華二路206巷68弄31~60號,3.9,住,,,1011029,土地1建物1車位0,五層,5,公寓(5樓含以下無電梯),住家用,鋼筋混凝土造,0700604,28.5,1,0,1,有,無,無,5000,175,,0.0,0,,RPUOMLPLIIHFFHR27CC
仁德區,土地,太子段1291~1320地號,396.69,工,,,1011016,土地1建物0車位0,,,廠辦,,,,0.0,1,1,1,有,無,有,35000,88,,0.0,0,,RPRNMLPLIIHFFFR76DC
北區,房地(土地+建物),臺南市北區開元路485巷1~30號,16.09,住,,,1011101,土地1建物1車位0,見其他登記事項,12,住宅大樓(11層含以上有電梯),商業用,鋼筋混凝土構造,0701228,105.61,2,0,1,有,有,無,3250,31,,0.0,0,,RPROMLPLIIHFFAD47CC
中西區,建物,臺南市中西區公園路91~120號,0.0,商,,,1011101,土地0建物1車位0,二層,2,店面(店鋪),見其他登記事項,見其他登記事項,0920429,261.49,3,2,2,有,無,無,84000,321,,0.0,0,,RPSOMLPLIIHFFAD57CC
東區,建物,臺南市東區崇德十八街91~120號,0.0,住,,,1010930,土地0建物1車位0,全,3,透天厝,住商用,鋼筋混凝土構造,0700416,189.8,4,2,3,有,無,無,15000,79,,0.0,0,,RPOOMLPLIIHFFCD37CC
東區,房地(土地+建物),臺南市東區裕永一街91~120號,50.41,住,,,1011101,土地1建物1車位0,全,4,透天厝,見其他登記事項,鋼筋混凝土構造,0910426,164.89,4,2,4,有,無,無,22000,133,,0.0,0,,RPOPMLQLIIHFFCD57CC
東區,房地(土地+建物),臺南市東區大學路1~30號,158.0,商,,,1020201,土地1建物1車位0,一層,2,店面(店鋪),見其他登記事項,鋼筋混凝土構造,1001205,182.16,0,0,0,無,無,無,240000,1318,,0.0,0,,RPSPMLQLIIHFFCD97CC
安南區,房地(土地+建物),臺南市安南區安和路五段271~300號,84.0,住,,,1011026,土地3建物1車位0,全,2,透天厝,住商用,鋼筋混凝土構造,0780223,133.34,5,2,4,有,無,無,18000,135,,0.0,0,,RPQOMLQLIIHFFBD57CC
善化區,房地(土地+建物),臺南市善化區什乃路1~30號,75.0,其他,鄉村區,乙種建築用地,1011026,土地1建物1車位0,全,3,透天厝,住家用,鋼筋混凝土造,0831228,136.37,4,1,3,有,無,有,15000,110,,0.0,0,厝天.有車庫,RPRNMLQLIIHFFER66CC
永康區,房地(土地+建物),臺南市永康區中山南路781~810號,259.58,商,,,1011001,土地1建物1車位0,一層,2,店面(店鋪),住商用,鋼筋混凝土造,0870611,54.64,1,0,1,有,無,無,38000,695,,0.0,0,,RPVOMLQLIIHFFHR57DC
南區,建物,臺南市東區夏林路91~120號,189.0,住,,,1011016,土地0建物1車位0,四層,4,公寓(5樓含以下無電梯),住商用,鋼筋混凝土構造,0700924,149.15,4,2,2,有,無,無,7000,47,,0.0,0,,RPOOMLQLIIHFFCD67EC
安平區,房地(土地+建物),臺南市安平區安平路550巷17弄1~30號,620.0,住,,,1011026,土地1建物1車位0,四層,8,華廈(10層含以下有電梯),住家用,加強磚造,0620406,57.21,2,2,1,有,無,有,13600,238,,0.0,0,,RPXNMLQLIIHFFAD18DC
安南區,房地(土地+建物),臺南市安南區安和路五段271~300號,85.0,住,,,1011101,土地3建物1車位0,全,2,透天厝,住商用,鋼筋混凝土構造,0780223,136.96,5,2,4,有,無,無,18000,131,,0.0,0,,RPPNMLRLIIHFFBD47CC
東區,房地(土地+建物),臺南市東區東光路二段1~30號,68.0,住,,,1011111,土地1建物1車位0,全,2,透天厝,住商用,加強磚造,0651204,82.12,2,2,2,有,無,有,13000,158,,0.0,0,,RPPNMLRLIIHFFCD57CC
中西區,建物,臺南市中西區大同路一段151~180號,0.0,住,,,1010930,土地0建物1車位0,一層,5,店面(店鋪),見其他登記事項,見其他登記事項,0920128,95.1,0,1,1,有,無,無,45000,473,,0.0,0,,RPPPMLKMIIHFFAD96CC
中西區,房地(土地+建物),臺南市中西區保安路125巷1~30號,32.5,其他,,,1011101,土地1建物1車位0,一層,1,其他,住家用,磚造,0470101,17.71,1,1,1,有,無,無,4500,254,,0.0,0,,RPROMLKMIIHFFAD17DC
永康區,房地(土地+建物),臺南市永康區文化路211~240號,19.7,住,,,1010815,土地1建物1車位0,一層,8,華廈(10層含以下有電梯),住商用,鋼筋混凝土造,0881203,111.87,2,2,2,有,有,有,8000,72,,0.0,0,,RPVNMLKMIIHFFHR86CC
永康區,建物,臺南市永康區中華路578巷1~30號,0.0,,,,1010815,土地0建物0車位0,六層,8,套房(1房1廳1衛),住家用,鋼筋混凝土造,0851028,22.98,1,1,1,有,有,有,5300,231,,0.0,0,,RPXNMLKMIIHFFHR07CC
永康區,建物,臺南市永康區中華一路203巷1~30號,0.0,,,,1010817,土地0建物1車位0,八層,11,住宅大樓(11層含以上有電梯),見其他登記事項,鋼筋混凝土造,0871026,93.56,3,1,2,有,有,有,11000,118,,0.0,0,,RPOOMLKMIIHFFHR88CC
永康區,建物,臺南市永康區中華路578巷1~30號,0.0,,,,1010820,土地0建物1車位0,十層,17,住宅大樓(11層含以上有電梯),住家用,鋼筋混凝土造,0810723,85.24000000000001,2,2,1,有,有,有,10000,117,,0.0,0,,RPVOMLKMIIHFFHR96CC
永康區,建物,臺南市永康區永安路165巷30弄1~30號,0.0,,,,1010821,土地0建物1車位0,六層,6,華廈(10層含以下有電梯),住家用,鋼筋混凝土造,0811216,144.47,3,1,2,有,無,有,9000,62,,0.0,0,,RPWOMLKMIIHFFHR07CC
永康區,建物,臺南市永康區復國路61~90號,0.0,,,,1010904,土地0建物1車位0,九層,14,住宅大樓(11層含以上有電梯),住家用,鋼筋混凝土造,0960920,177.69,3,2,2,有,無,有,10000,56,,0.0,0,,RPOPMLKMIIHFFHR98CC
中西區,建物,臺南市中西區中正路331~360號,0.0,商,,,1011023,土地0建物1車位0,二層,14,辦公商業大樓,見其他登記事項,鋼筋混凝土構造,0970812,277.42999999999995,3,2,2,有,無,有,28000,101,,0.0,0,,RPTOMLLMIIHFFAD37CC
北區,建物,臺南市北區北園街87巷31~60號,0.0,住,,,1010821,土地0建物1車位0,全,2,透天厝,住商用,加強磚造,0691212,86.0,3,2,2,有,無,無,7000,81,,0.0,0,,RPXOMLLMIIHFFAD77CC
東區,建物,臺南市東區仁東街61~90號,0.0,住,,,1011015,土地0建物1車位0,四層,12,住宅大樓(11層含以上有電梯),住家用,鋼筋混凝土構造,0870919,159.92,3,2,2,有,有,有,16000,100,,0.0,0,,RPUNMLLMIIHFFCD57CC
善化區,房地(土地+建物),臺南市善化區光復路241~270號,1005.01,農,,,1011015,土地1建物1車位0,二層,2,農舍,農舍,鋼筋混凝土造,0971113,228.94,3,2,2,有,無,有,40000,,,0.0,0,,RPWNMLLMIIHFFER76CC
