﻿編號,土地區段位置,土地移轉面積平方公尺,使用分區或編定
The serial number,land sector position,land shifting area square meter,the use zoning or compiles and checks
RPQNMLQJQHHFFCE18CC,籬子內段崗山子小段,3804.00,都市：商
RPSNMLQJQHHFFCE38CC,愛群段,8.77,都市：商
RPPNMLTJQHHFFCE38CC,獅甲段二小段,16.20,都市：住
RPQNMLTJQHHFFCE48CC,愛群段,4.34,都市：住
RPPNMLLJQHHFFAE37CC,龍華段二小段,90.00,都市：住
RPPNMLSJQHHFFBS96CC,文山段,14.20,都市：住
RPRNMLNKQHHFFAE87CC,青海段,13.49,都市：商
RPXNMLTJQHHFFAE98CC,鹽國段,61.00,都市：商
RPSNMLNKQHHFFBE08CC,意誠段,7.17,都市：商
RPTNMLNKQHHFFBE18CC,意誠段,.00,都市：商
RPTNMLSJQHHFFAE48CC,前金段,10.54,都市：住
RPQNMLQJQHHFFAE97CC,龍華段八小段,10.11,都市：住
RPUNMLNKQHHFFBE28CC,苓雅寮段,3.45,都市：商
RPROMLNKQHHFFBE08CC,意誠段,.00,都市：商
RPPOMLKKQHHFFDE77CC,灣華段,3.41,都市：住
RPRNMLNKQHHFFDE18CC,大港段四小段,21.39,都市：住
RPXNMLTJQHHFFEE76CC,新庄段一小段,74.10,都市：住
RPQNMLLKQHHFFAS98CC,岡山段,34.47,非都市： ; 非都市編定：
RPSNMLQKQHHFFCE48CC,大業段,767.00,都市：商
RPSNMLKKQHHFFAS09CC,下竹圍段,407.93,非都市： ; 非都市編定：
RPQNMLPKQHHFFAS76CC,大紅段,15.86,都市：住
RPXNMLRKQHHFFCE56DC,草衙段二小段,150.54,都市：住
RPSNMLNKQHHFFDE38DC,大港段四小段,17.54,都市：商
RPQNMLRKQHHFFEE58CC,新庄段二小段,21.61,都市：工
RPROMLQKQHHFFDE58CC,獅頭段,6.43,都市：住
RPROMLRKQHHFFDE78DC,灣復段,19.52,都市：住
RPTNMLSKQHHFFDE88CC,大順段,15.88,都市：商
RPRNMLPKQHHFFBE28DC,新興段四小段,2.97,都市：商
RPQNMLPKQHHFFBE08CC,新興段四小段,9.04,都市：商
RPOOMLRKQHHFFAE08CC,鹽中段,16.00,都市：商
RPOOMLRKQHHFFAE08CC,鹽中段,88.00,都市：商
RPOOMLRKQHHFFAE08CC,鹽中段,97.00,都市：商
RPOOMLRKQHHFFAE08CC,鹽中段,97.00,都市：商
RPUNMLRKQHHFFCE78CC,愛群段,26.04,都市：商
RPPNMLKLQHHFFAE47CC,龍中段,8.08,都市：其他
RPQNMLKLQHHFFAE57CC,府北段五小段,18.26,都市：住
RPSNMLLLQHHFFCE18DC,獅甲段,3240.00,都市：商
RPRNMLKLQHHFFAE67CC,龍中段,67.85,都市：住
RPQNMLKLQHHFFDE87CC,大順段,101.22,非都市： ; 非都市編定：
RPQNMLTKQHHFFAE38CC,龍華段二小段,45.20,都市：住
RPPNMLLLQHHFFAE67DC,青海段,10.19,都市：住
RPXNMLLLQHHFFBE48CC,意誠段,7.17,都市：商
RPPOMLLLQHHFFBE77CC,意誠段,.00,都市：商
RPPPMLMLQHHFFBE97CC,成功段,8.78,都市：商
RPROMLMLQHHFFBE08CC,過田子段,72.00,都市：商
RPVNMLMLQHHFFAE28CC,龍中段,2.32,都市：住
RPQOMLMLQHHFFAE87CC,大成段,32.80,都市：住
RPPNMLSKQHHFFAE18CC,前金段,18.32,都市：商
RPQOMLRKQHHFFAE28CC,青海段,30.61,都市：住
RPQOMLRKQHHFFAE28CC,龍水段,8.43,都市：住
RPSNMLSKQHHFFAE48CC,龍華段二小段,23.93,都市：住
RPUPMLMLQHHFFEE78CC,新福段七小段,.00,非都市： ; 非都市編定：
RPWNMLMLQHHFFCE58CC,獅甲段,.00,非都市： ; 非都市編定：
RPWNMLMLQHHFFCE58CC,獅甲段,.00,非都市： ; 非都市編定：
RPQNMLMLQHHFFDE08CC,大港段六小段,63.65,非都市： ; 非都市編定：
RPPOMLNLQHHFFEE28CC,莒光段二小段,192.00,都市：住
RPPOMLNLQHHFFEE28CC,莒光段二小段,192.00,都市：住
RPVNMLNLQHHFFCE58CC,憲德段一小段,85.40,非都市： ; 非都市編定：
RPUNMLNLQHHFFEE68CC,新光段,29.44,都市：住
RPRNMLNLQHHFFAE97CC,龍華段八小段,8.18,都市：商
RPWNMLNLQHHFFAE48CC,龍華段二小段,64.00,都市：住
RPPNMLNLQHHFFDE08CC,覆鼎金段覆鼎金一小段,12.57,都市：住
RPWNMLNLQHHFFDE78CC,義民段,70.92,非都市： ; 非都市編定：
RPXNMLNLQHHFFCE78CC,愛群段,.00,非都市： ; 非都市編定：
RPTOMLNLQHHFFBE38CC,成功段,33.17,都市：商
RPWNMLNLQHHFFBE58CC,林德官段一小段,63.00,都市：住
RPRNMLOLQHHFFDE38CC,獅頭段,.00,非都市： ; 非都市編定：
RPROMLNLQHHFFBE18CC,意誠段,.00,都市：商
RPTNMLQKQHHFFDS47CC,仁新段,7343.00,都市：農
RPPNMLOLQHHFFEE28CC,新庄段十三小段,.00,非都市： ; 非都市編定：
RPQNMLMLQHHFFAS56CC,赤慈段,75.42,都市：住
RPXNMLNLQHHFFAE58CC,龍華段二小段,32.00,都市：住
RPUNMLPLQHHFFDE78CC,建民段,7.59,都市：商
RPVNMLPLQHHFFEE98CC,新華段,601.35,都市：住
RPVNMLPLQHHFFEE98CC,新華段,418.04,都市：住
RPVNMLPLQHHFFEE98CC,新華段,895.85,都市：住
RPTNMLPLQHHFFEE78CC,新庄段十二小段,29.96,都市：住
RPVNMLPLQHHFFAE58CC,青海段,10.19,都市：住
RPQNMLRLQHHFFAE28CC,青海段,12.62,都市：住
RPRNMLPLQHHFFAE18CC,龍中段,23.83,都市：住
RPQNMLRLQHHFFBE38CC,林德官段,11.25,都市：商
RPWNMLRLQHHFFEE66CC,新庄段二小段,5904.00,都市：住
RPPOMLRLQHHFFDE58CC,覆鼎金段覆鼎金一小段,7.39,都市：住
RPTNMLRLQHHFFBE68CC,林德官段,28.07,都市：住
RPQNMLRLQHHFFAS07CC,大全段,30.00,都市：住
RPRNMLRLQHHFFAS17CC,岡山段,2247.00,都市：住
RPVOMLSLQHHFFBE09CC,五塊厝段,97.20,都市：住
RPSOMLSLQHHFFDE98CC,三塊厝段,3.36,都市：住
RPXNMLSLQHHFFAS87CC,岡山段,36.22,都市：住
RPOOMLSLQHHFFAS07CC,大紅段,11.88,都市：住
RPQNMLMLQHHFFBS66CC,鳳甲段,57.05,都市：住
RPROMLNLQHHFFBS96CC,大貝湖段,20.80,都市：住
RPXNMLTLQHHFFDE86CC,建民段,.00,非都市： ; 非都市編定：
RPQOMLTLQHHFFDE88CC,大港段,.00,非都市： ; 非都市編定：
RPOOMLTLQHHFFAE38CC,龍華段八小段,8.48,都市：商
RPSNMLTLQHHFFAE68CC,前金段,11.31,都市：商
RPROMLTLQHHFFDE98CC,陽明段四小段,2225.00,都市：住
RPSOMLTLQHHFFDE09CC,大港段二小段,.00,非都市： ; 非都市編定：
RPWOMLTLQHHFFBE66CC,意誠段,5.41,都市：商
RPQOMLTLQHHFFBE68CC,林德官段二小段,57.19,都市：住
RPSNMLTLQHHFFBE78CC,新興段一小段,.00,非都市： ; 非都市編定：
RPUNMLTLQHHFFBE98CC,正文段,26.38,都市：住
RPUNMLTLQHHFFDE66DC,大裕段一小段,17.04,都市：住
RPPNMLRLQHHFFBE38DC,過田子段,25.77,都市：商
RPPNMLRLQHHFFBE38DC,過田子段,13.89,都市：其他
RPPPMLTLQHHFFEE09DC,新庄段十二小段,874.00,非都市： ; 非都市編定：
RPSNMLSLQHHFFES77CC,崎漏段,83.00,都市：住
RPVNMLKMQHHFFDE58DC,獅頭段一小段,35.60,都市：住
RPXPMLKMQHHFFDE98DC,大裕段一小段,17.04,都市：住
RPRNMLKMQHHFFDE18DC,獅頭段一小段,34.38,都市：住
RPVOMLKMQHHFFDE68DC,大裕段一小段,1120.00,非都市： ; 非都市編定：
RPOPMLKMQHHFFBS66DC,文英段,29.00,都市：住
RPSQMLKMQHHFFBS17DC,竹子腳段,37.00,都市：住
RPPQMLKMQHHFFBS86DC,文英段,7.58,都市：住
RPOQMLKMQHHFFBS76DC,文英段,7.11,都市：住
RPSNMLKMQHHFFAS66CC,灣裡西段,429.75,都市：工
RPWNMLTLQHHFFBS97CC,文山段,21.42,都市：住
RPPOMLKMQHHFFDE97CC,獅頭段,8.29,都市：住
RPWOMLKMQHHFFDE68CC,澄清段二小段,504.00,都市：住
RPOQMLKMQHHFFDE08CC,長明段,2.45,都市：住
RPPOMLLMQHHFFDE08CC,中都段三小段,98.26,非都市： ; 非都市編定：
RPWNMLKMQHHFFAE28CC,青海段,12.21,都市：住
RPQNMLKMQHHFFES86CC,大同段,991.74,都市：工
RPPNMLLMQHHFFAE67CC,龍中段,62.48,非都市： ; 非都市編定：
RPOOMLLMQHHFFAE67CC,龍華段八小段,1341.00,都市：住
RPROMLLMQHHFFCE18CC,愛群段,111.05,非都市： ; 非都市編定：
RPQOMLLMQHHFFAS66CC,仕和段,65.53,都市：住
RPQNMLLMQHHFFAS56CC,陽明段,81.00,都市：住
RPTNMLLMQHHFFES27CC,聖母段,30.00,都市：住
RPWNMLKMQHHFFCE48CC,仁愛段,330.58,都市：工
RPSOMLKMQHHFFCE18CC,草衙段一小段,71.46,都市：住
RPVNMLKMQHHFFCE38CC,新生段,458.84,都市：工
RPPOMLLMQHHFFBS66CC,文英段,1022.00,都市：住
RPQOMLLMQHHFFBS76CC,新庄子段,64.00,都市：商
RPUNMLLMQHHFFES37CC,民生段,18.00,都市：住
RPQNMLLJRHHFFBS09CC,埤頂段,87.00,都市：其他
RPRNMLLJRHHFFBE77CC,成功段,.00,非都市： ; 非都市編定：
RPWPMLLMQHHFFEE09DC,新庄段十二小段,16.27,都市：住
RPPOMLLJRHHFFEE97CC,菜公段六小段,6.28,都市：住
RPPNMLLJRHHFFAE47CC,龍中段,.00,都市：住
RPUPMLLMQHHFFBE58DC,五塊厝段,.00,非都市： ; 非都市編定：
RPPOMLNJRHHFFAE77CC,龍中段,1601.07,都市：住
RPSNMLKMQHHFFDS96CC,竹園段,206.00,都市：工
RPSNMLLJRHHFFCE97CC,草衙段一小段,100.92,都市：商
RPVOMLNJRHHFFAE38CC,龍華段三小段,964.00,都市：住
RPWOMLNJRHHFFAE48CC,博孝段,.00,非都市： ; 非都市編定：
RPVOMLNJRHHFFBE48CC,過田子段,24.20,都市：商
RPUNMLOJRHHFFAS07CC,文化段,84.00,都市：住
RPSPMLNJRHHFFDE48CC,大港段四小段,.00,非都市： ; 非都市編定：
RPUNMLOJRHHFFEE68CC,福山段,12.57,都市：住
RPQNMLOJRHHFFCE08CC,青島段三小段,19.23,都市：住
RPROMLOJRHHFFBS96CC,埤頂段,87.00,都市：其他
RPTNMLPJRHHFFAE28CC,龍中段,2281.40,都市：商
RPXOMLOJRHHFFEE09CC,菜公段六小段,12.95,都市：住
RPUNMLPJRHHFFAE38CC,龍中段,9.33,都市：住
RPVNMLPJRHHFFBE58CC,林德官段,58.00,都市：商
RPWNMLPJRHHFFBE68CC,大統段二小段,78.00,都市：商
RPWPMLNJRHHFFEE98CC,新光段,16.78,非都市： ; 非都市編定：
RPVRMLNJRHHFFEE09CC,福山段,51.76,都市：住
RPXQMLNJRHHFFEE66DC,加昌段,37.41,都市：住
RPRQMLNJRHHFFEE58CC,福民段,80.04,都市：住
RPRPMLNJRHHFFEE48CC,新民段,1184.04,都市：住
RPXNMLPJRHHFFBE78CC,林德官段,3.69,都市：商
RPXOMLPJRHHFFEE56CC,援中段一小段,.00,都市：住
RPWOMLPJRHHFFEE09CC,援中段一小段,.00,都市：住
RPWNMLPJRHHFFEE98CC,加昌段,37.41,都市：住
RPQOMLPJRHHFFEE48CC,援中段一小段,.00,都市：住
RPVOMLPJRHHFFEE98CC,援中段一小段,.00,都市：住
RPROMLPJRHHFFEE58CC,援中段一小段,.00,都市：住
RPTOMLPJRHHFFEE78CC,援中段一小段,.00,都市：住
RPUOMLPJRHHFFEE88CC,新庄段八小段,9.08,都市：住
RPSNMLPJRHHFFEE58CC,德昌段,1080.55,都市：住
RPSNMLPJRHHFFEE58CC,德昌段,584.66,都市：住
RPRPMLPJRHHFFEE68CC,援中段一小段,.00,都市：住
RPUNMLPJRHHFFEE78CC,福山段,347.80,都市：住
RPRNMLPJRHHFFDE38CC,澄清段一小段,90.00,都市：住
RPUOMLQJRHHFFDS67CC,澄潭段,130.60,都市：住
RPPOMLPJRHHFFDE28CC,大順段,24.38,都市：商
RPXOMLPJRHHFFDE09CC,大順段,40.41,都市：其他
RPXOMLPJRHHFFDE09CC,大順段,37.93,都市：其他
RPSPMLPJRHHFFEE88DC,藍田中段,96.82,都市：住
RPWNMLQJRHHFFEE09CC,福山段,12.57,都市：住
RPWOMLQJRHHFFEE56CC,新夏段,6.19,都市：住
RPXOMLQJRHHFFEE66CC,果貿段,23.81,都市：住
RPRPMLQJRHHFFEE78CC,新庄段七小段,13.22,都市：住
RPOPMLQJRHHFFEE48CC,新庄段四小段,80.00,都市：住
RPXPMLQJRHHFFEE76CC,福山段,243.08,非都市： ; 非都市編定：
RPSQMLQJRHHFFEE98CC,新庄段七小段,7.82,都市：住
RPOQMLQJRHHFFEE58CC,新庄段十三小段,37.70,都市：住
RPTOMLQJRHHFFEE88CC,新福段二小段,11.15,都市：住
RPWQMLQJRHHFFEE76CC,菜公段六小段,7.63,都市：住
RPXQMLQJRHHFFEE86CC,新庄段九小段,249.00,都市：住
RPXQMLQJRHHFFEE86CC,新庄段九小段,500.00,都市：住
RPORMLQJRHHFFEE68CC,菜公段一小段,25.63,都市：住
RPSNMLRJRHHFFEE78CC,新庄段二小段,72.00,都市：住
RPOOMLRJRHHFFBE18CC,五權段,23.90,都市：住
RPUOMLRJRHHFFEE09CC,新福段七小段,.00,非都市： ; 非都市編定：
RPWOMLRJRHHFFEE66CC,左西段,.00,非都市： ; 非都市編定：
RPWOMLRJRHHFFEE66CC,左西段,.00,非都市： ; 非都市編定：
RPPQMLRJRHHFFEE78CC,新庄段六小段,.00,非都市： ; 非都市編定：
RPSNMLQJRHHFFCE48CC,青島段一小段,17.84,都市：住
RPQOMLRJRHHFFDE58CC,大港段,31.30,都市：住
RPOOMLQJRHHFFBE08CC,正言段,28.73,都市：住
RPTNMLRJRHHFFES67CC,竹南段,98.49,都市：住
RPTNMLRJRHHFFES67CC,竹南段,13.46,都市：住
RPWNMLQJRHHFFBE78CC,新興段四小段,46.00,都市：商
RPWNMLQJRHHFFBE78CC,新興段四小段,46.00,都市：商
RPWNMLQJRHHFFBE78CC,新興段四小段,47.00,都市：商
RPSNMLQJRHHFFBE38CC,五塊厝段,65.00,非都市： ; 非都市編定：
RPSOMLQJRHHFFBE48CC,過田子段,65.00,都市：商
RPTNMLRJRHHFFDE88DC,灣華段,7.00,都市：住
RPQOMLRJRHHFFDS37CC,烏林段,196.16,非都市：一般農業區 ; 非都市編定：甲種建築用地
RPUNMLRJRHHFFCE78CC,愛群段,16.81,都市：其他
RPPNMLSJRHHFFDE48CC,灣中段,99.84,都市：住
RPRNMLSJRHHFFDS47CC,仁春段,170.83,都市：住
RPSNMLSJRHHFFCE68CC,瑞崗段一小段,66.00,都市：商
RPUNMLRJRHHFFAS37CC,下竹圍段,20.00,都市：住
RPRNMLSJRHHFFBE48CC,苓洲段,37.86,都市：商
RPPNMLKKRHHFFAS88CC,大紅段,742.00,非都市： ; 非都市編定：
RPSOMLKKRHHFFEE28CC,清楠段,1991.52,都市：住
RPTNMLKKRHHFFBE97CC,過田子段,56.00,都市：商
RPPOMLKKRHHFFDE87CC,灣復段,5.52,都市：住
RPXNMLKKRHHFFBE38CC,新興段一小段,90.00,都市：商
RPSNMLKKRHHFFEE18CC,福民段,24.10,都市：住
RPXNMLLKRHHFFAS17CC,岡山段,9171.37,非都市： ; 非都市編定：
RPUOMLLKRHHFFEE58CC,左西段,96.00,非都市： ; 非都市編定：
RPUNMLRJRHHFFAE58CC,鹽壽段,.00,非都市： ; 非都市編定：
RPTNMLKKRHHFFAE87CC,文東段,49.00,都市：商
RPXNMLLKRHHFFEE78CC,新夏段,18.91,非都市： ; 非都市編定：
RPSNMLLKRHHFFDS96CC,新赤山段商九小段,148.00,都市：商
RPSNMLLKRHHFFDS96CC,新赤山段商九小段,149.00,都市：商
RPWOMLLKRHHFFEE78CC,新庄段十三小段,3.59,都市：商
RPUNMLKKRHHFFBS86CC,五甲段,22.76,都市：住
RPVPMLLKRHHFFEE78CC,新光段,.00,非都市： ; 非都市編定：
RPPQMLLKRHHFFEE28CC,新庄段十一小段,785.54,都市：其他
RPXPMLLKRHHFFEE98CC,新庄段六小段,100.00,都市：住
RPOOMLKKRHHFFBS98CC,新庄子段,130.00,都市：住
RPTNMLQJRHHFFAE38CC,青海段,13.01,都市：住
RPRNMLLKRHHFFDE08CC,大港段二小段,3.45,都市：商
RPWNMLLKRHHFFDE58CC,三塊厝段一小段,5.51,非都市： ; 非都市編定：
RPOQMLLKRHHFFDE08CC,水源段,38.69,都市：其他
RPQOMLLKRHHFFBE87CC,意誠段,8738.00,都市：商
RPQPMLLKRHHFFBE97CC,成功段,86.00,都市：商
RPWOMLLKRHHFFBE48CC,意誠段,22107.20,都市：商
RPSPMLLKRHHFFBE18CC,過田子段,59.00,都市：商
RPXNMLLKRHHFFBE48CC,新興段三小段,68.72,都市：商
RPVPMLMKRHHFFEE88CC,福民段,9.05,都市：住
RPVNMLMKRHHFFBE38CC,林德官段,8.11,非都市： ; 非都市編定：
RPWNMLNKRHHFFEE88CC,新光段,13.89,都市：住
RPWNMLNKRHHFFDE78CC,大裕段一小段,112.00,非都市： ; 非都市編定：
RPPOMLMKRHHFFCE97CC,愛群段,39.30,都市：商
RPRNMLMKRHHFFBS76CC,頂宏段,48.92,都市：住
RPWNMLNKRHHFFBE58CC,林德官段,.00,非都市： ; 非都市編定：
RPQNMLNKRHHFFBE97CC,林德官段一小段,29.10,都市：商
RPSOMLNKRHHFFAE18CC,內惟段一小段,1.97,非都市： ; 非都市編定：
RPQNMLMKRHHFFAS56CC,介壽段,270.00,非都市： ; 非都市編定：
RPTNMLLKRHHFFAE97CC,龍中段,40.62,都市：商
RPXNMLLKRHHFFAE38CC,文東段,4.15,非都市： ; 非都市編定：
RPVNMLMKRHHFFAE28CC,青海段,10.20,都市：商
RPRNMLNKRHHFFCE18CC,獅甲段,22137.00,非都市： ; 非都市編定：
RPPOMLNKRHHFFCE08CC,愛群段,31.90,都市：住
RPPNMLOKRHHFFBE97CC,苓東段,55.00,都市：商
RPQOMLOKRHHFFAE08CC,青海段,23.35,都市：住
RPVNMLOKRHHFFAE48CC,文東段,10.81,非都市： ; 非都市編定：
RPSOMLOKRHHFFBE38CC,新興段一小段,92.00,都市：商
RPOOMLOKRHHFFAE87CC,青海段,28.00,都市：商
RPRNMLOKRHHFFAE08CC,龍華段八小段,6.21,非都市： ; 非都市編定：
RPQNMLOKRHHFFAE97CC,青海段,15.04,非都市： ; 非都市編定：
RPSNMLOKRHHFFDE48CC,大港段,20.52,都市：住
RPTNMLLKRHHFFGS37CC,上寮北段,3.65,都市：住
RPTNMLLKRHHFFGS37CC,上寮北段,73.59,都市：住
RPSOMLOKRHHFFDE58CC,三塊厝段,85.00,都市：住
RPUNMLOKRHHFFDE68CC,灣華段,1509.15,都市：住
RPPNMLPKRHHFFBE08CC,苓洲段,50.00,都市：商
RPPNMLPKRHHFFBE08CC,苓洲段,17.00,都市：商
RPTNMLOKRHHFFCE48CC,臨北段,1057.00,都市：住
RPPNMLPKRHHFFAE97CC,龍中段,11.87,都市：其他
RPUNMLOKRHHFFAS17CC,前峰段,22.60,都市：住
RPQNMLPKRHHFFAS86CC,岡山段,2.00,非都市： ; 非都市編定：
RPWNMLRKRHHFFDE56CC,大港段四小段,.00,非都市： ; 非都市編定：
RPROMLRKRHHFFDE78CC,建德段,23.60,都市：商
RPPNMLPKRHHFFEE38CC,福民段,49.96,都市：其他
RPUOMLOKRHHFFEE88CC,和平段一小段,15.14,非都市： ; 非都市編定：
RPPNMLQKRHHFFEE48CC,新庄段十三小段,5.64,都市：商
RPSNMLLKRHHFFCE08CC,獅甲段,6.15,非都市： ; 非都市編定：
RPVNMLRKRHHFFBE88CC,苓洲段,.00,非都市： ; 非都市編定：
RPWNMLRKRHHFFBE98CC,苓東段,147.00,都市：住
RPPOMLRKRHHFFEE68CC,新庄段八小段,13.70,都市：住
RPSOMLRKRHHFFEE98CC,福民段,10.48,都市：住
RPRNMLRKRHHFFBE58DC,意誠段,.00,都市：住
RPRNMLSKRHHFFBE58CC,意誠段,4.01,非都市： ; 非都市編定：
RPSNMLSKRHHFFBE68CC,新興段一小段,37.40,都市：商
RPSNMLSKRHHFFBE68CC,新興段一小段,5.70,都市：商
RPSNMLSKRHHFFBE68CC,新興段一小段,1.50,都市：商
RPSNMLSKRHHFFBE68CC,新興段一小段,5.96,都市：商
RPSNMLSKRHHFFBE68CC,新興段一小段,1.36,都市：商
RPPOMLRKRHHFFBE38CC,林德官段二小段,15.76,都市：住
RPROMLRKRHHFFBE58CC,意誠段,8.33,都市：住
RPRNMLSKRHHFFDE78CC,獅頭段,5.29,都市：住
RPXNMLSKRHHFFAE09CC,鹽壽段,.00,非都市： ; 非都市編定：
RPPOMLSKRHHFFAE38CC,鹽壽段,237.00,都市：商
RPPNMLSKRHHFFAE28CC,龍華段八小段,9.10,非都市： ; 非都市編定：
RPPOMLRKRHHFFBS17CC,文英段,32.05,非都市： ; 非都市編定：
RPOOMLRKRHHFFBS07CC,文英段,32.05,非都市： ; 非都市編定：
RPROMLRKRHHFFBS37CC,文英段,32.05,非都市： ; 非都市編定：
RPQOMLSKRHHFFDE78CC,大港段五小段,12.75,都市：其他
RPQOMLSKRHHFFDE78CC,大港段五小段,12.50,都市：其他
RPQPMLRKRHHFFEE88CC,新民段,92.54,都市：住
RPROMLSKRHHFFDE88CC,鼎泰段一小段,80.81,都市：住
RPSOMLTKRHHFFDE09CC,澄東段,.00,非都市： ; 非都市編定：
RPPOMLTKRHHFFDE78CC,金獅段,254.54,都市：其他
RPOPMLTKRHHFFDE78CC,水源段,.00,都市：商
RPRPMLTKRHHFFDE09CC,建民段,4303.71,都市：住
RPOOMLSKRHHFFBS17CC,五甲段,45.01,都市：住
RPUOMLTKRHHFFBS87CC,文英段,22.02,都市：住
RPPOMLTKRHHFFBS37CC,竹子腳段,77.00,都市：其他
RPPOMLTKRHHFFBS37CC,竹子腳段,84.00,都市：其他
RPUOMLSKRHHFFBS77CC,大貝湖段,21.90,都市：住
RPQPMLTKRHHFFBS57CC,鳳甲段,1636.26,都市：住
RPRPMLTKRHHFFBS67CC,七老爺段一甲小段,13.21,都市：住
RPSPMLTKRHHFFBS77CC,竹子腳段,38.80,都市：住
RPRPMLTKRHHFFBE98DC,意誠段,5.94,都市：商
RPXOMLTKRHHFFEE07CC,左南段,.00,都市：住
RPXOMLTKRHHFFEE07CC,左南段,.00,都市：住
RPWNMLTKRHHFFEE86CC,援中段一小段,.00,都市：住
RPROMLTKRHHFFDE09DC,大港段四小段,21.99,都市：其他
RPPNMLTKRHHFFAE38CC,龍華段八小段,2.27,都市：商
RPVOMLTKRHHFFAE09CC,內惟段四小段,15.80,都市：住
RPPOMLTKRHHFFCE68CC,佛公段,1216.00,都市：住
RPXNMLTKRHHFFDS28CC,竹後段,200.82,都市：工
RPVOMLKLRHHFFBE38CC,林德官段二小段,22.64,都市：住
RPQNMLTKRHHFFBE58CC,過田子段,85.00,都市：住
RPTOMLTKRHHFFBE98CC,意誠段,5.16,都市：商
RPSNMLKLRHHFFDS96CC,大德段一小段,97.97,都市：住
RPRNMLKLRHHFFES96CC,圍子內段,11.43,都市：住
RPUOMLTKRHHFFBE09CC,意誠段,.00,都市：商
RPUNMLTKRHHFFBE98CC,林德官段二小段,31.50,都市：住
RPWOMLTKRHHFFBE66CC,大統段一小段,59.00,都市：商
RPTNMLTKRHHFFBE88CC,林德官段一小段,108.00,都市：商
RPWOMLKLRHHFFDE68CC,鼎泰段,9.73,非都市： ; 非都市編定：
RPPPMLLLRHHFFDE28DC,大港段三小段,18.75,都市：商
RPVPMLLLRHHFFDE78CC,覆鼎金段覆鼎金小段,3.94,都市：其他
RPXOMLLLRHHFFDE88CC,獅頭段一小段,7.60,都市：商
RPUNMLLLRHHFFES47DC,崎漏段,68.00,都市：住
RPROMLLLRHHFFAS76CC,大紅段,12.38,都市：其他
RPPOMLLLRHHFFBS66CC,中崙段,41.27,都市：住
RPSNMLLLRHHFFCE18CC,獅甲段,3240.00,都市：住
RPPNMLMLRHHFFAE77CC,龍華段二小段,.00,非都市： ; 非都市編定：
RPUOMLLLRHHFFAE28CC,青海段,14.26,都市：住
RPWOMLLLRHHFFAE48CC,東金段,33.00,都市：商
RPQNMLMLRHHFFBE97CC,新興段一小段,3.56,都市：商
RPQNMLMLRHHFFBE97CC,新興段一小段,3.73,都市：商
RPQNMLMLRHHFFBE97CC,新興段一小段,.25,都市：商
RPXNMLKLRHHFFEE88DC,福民段,89.24,都市：住
RPUNMLKLRHHFFEE48CC,新庄段七小段,18.07,都市：住
RPUNMLOLRHHFFAE48CC,前金段,.00,非都市： ; 非都市編定：
RPVNMLOLRHHFFBE68CC,林興段,84.00,都市：住
RPSNMLOLRHHFFBE38CC,新興段四小段,55.00,都市：商
RPPOMLPLRHHFFBE28CC,新興段一小段,35.55,都市：商
RPRNMLPLRHHFFAE28CC,龍中段,8.29,都市：住
RPVOMLKLRHHFFEE68CC,福民段,.00,都市：住
RPTOMLPLRHHFFBE68CC,成功段,.00,非都市： ; 非都市編定：
RPRNMLPLRHHFFDS37CC,豐禾段,150.19,都市：住
RPVOMLPLRHHFFBE88CC,林德官段一小段,.00,非都市： ; 非都市編定：
RPVOMLPLRHHFFBE88CC,林德官段一小段,.00,非都市： ; 非都市編定：
RPRNMLPLRHHFFDS37CC,豐禾段,.07,都市：住
RPRNMLPLRHHFFDS37CC,豐禾段,.07,都市：住
RPQNMLMLRHHFFDE18CC,寶國段,2.01,都市：住
RPPNMLMLRHHFFDE08CC,大港段,24.61,都市：住
RPXOMLPLRHHFFEE86DC,新庄段十三小段,407.00,都市：商
RPVQMLPLRHHFFEE86DC,德昌段,9.70,都市：住
RPQOMLOLRHHFFEE58CC,新民段,81.86,都市：住
RPWOMLPLRHHFFEE66CC,福山段,12.01,都市：住
RPXNMLPLRHHFFEE66CC,福山段,7.48,都市：商
RPPOMLPLRHHFFEE58CC,福山段,10.54,都市：商
RPWNMLPLRHHFFEE56CC,福山段,9.42,都市：住
RPTNMLPLRHHFFDE78CC,建工段,41.00,非都市： ; 非都市編定：
RPXNMLPLRHHFFBS77CC,道爺段,26.90,都市：住
RPOPMLPLRHHFFEE58CC,新光段,18.30,都市：商
RPVOMLQLRHHFFEE76DC,加昌段,18.48,都市：住
RPQOMLPLRHHFFBS17CC,新庄子段,20.14,都市：住
RPSOMLPLRHHFFBS37CC,七老爺段一甲小段,60.00,都市：住
RPOOMLQLRHHFFBE38DC,衛武段,32.35,都市：住
RPVNMLOLRHHFFDS67CC,育才段,5615.94,都市：住
RPROMLPLRHHFFBS27CC,新甲段,55.00,都市：其他
RPPQMLPLRHHFFEE78CC,福山段,10.50,都市：商
RPXNMLRLRHHFFBS97CC,文山段,29.35,都市：住
RPWOMLRLRHHFFDE76CC,大豐段二小段,35.40,都市：住
RPWOMLRLRHHFFDE76CC,大豐段二小段,2.08,都市：住
RPUOMLRLRHHFFAE88CC,龍中段,6.91,都市：住
RPWNMLSLRHHFFAE09CC,鹽壽段,581.00,非都市： ; 非都市編定：
RPWOMLRLRHHFFAE09CC,龍華段八小段,7.03,都市：住
RPVPMLRLRHHFFEE86CC,新庄段十三小段,1749.56,非都市： ; 非都市編定：
RPSOMLSLRHHFFBE88CC,苓洲段,101.00,都市：商
RPPOMLSLRHHFFDE78CC,鼎泰段,23.70,都市：住
RPQPMLSLRHHFFDE98CC,鼎泰段,41.24,都市：住
RPOOMLRLRHHFFDS37CC,仁新段,584.00,都市：農
RPUOMLSLRHHFFBE09CC,新興段一小段,3.75,都市：商
RPVNMLRLRHHFFBE98CC,意誠段,.00,都市：商
RPUNMLRLRHHFFBE88CC,意誠段,.00,都市：商
RPQOMLSLRHHFFDS67CC,興農段,1010.00,都市：住
RPWNMLRLRHHFFCE56CC,瑞隆段三小段,65.00,都市：商
RPROMLSLRHHFFDS77CC,興農段,1010.00,都市：住
RPSOMLSLRHHFFDS87CC,興農段,1010.00,都市：住
RPTOMLSLRHHFFDS97CC,興農段,1010.00,都市：住
RPWNMLLJIIHFFDE67CC,灣和段,83.70,都市：住
RPUPMLLJIIHFFEE77CC,新庄段八小段,22.00,都市：住
RPXOMLLJIIHFFEE97CC,新庄段十三小段,.00,非都市： ; 非都市編定：
RPXOMLLJIIHFFEE97CC,新庄段十三小段,.00,非都市： ; 非都市編定：
RPVPMLLJIIHFFEE87CC,和平段二小段,72.00,都市：住
RPPOMLLJIIHFFBE86CC,大統段一小段,11.20,都市：商
RPVNMLLJIIHFFBE37CC,新興段三小段,.00,非都市： ; 非都市編定：
RPVNMLLJIIHFFBE37CC,新興段三小段,.00,非都市： ; 非都市編定：
RPQNMLLJIIHFFBE86CC,新興段二小段,112.00,都市：商
RPQOMLLJIIHFFBE96CC,過田子段,.00,都市：其他
RPXNMLSLRHHFFAS97CC,岡山段,17.23,非都市： ; 非都市編定：
RPTNMLLJIIHFFBE17CC,意誠段,8.57,都市：住
RPSOMLLJIIHFFCE27CC,草衙段三小段,29.57,都市：住
RPQOMLSLRHHFFAS37CC,大仁段,114.00,非都市： ; 非都市編定：
RPXNMLLJIIHFFCE67CC,愛群段,5.85,都市：商
RPSNMLMJIIHFFCE27CC,盛興段,11.21,都市：住
RPROMLMJIIHFFCE27CC,愛群段,27.66,都市：住
RPSOMLMJIIHFFCE37CC,瑞隆段二小段,26.49,都市：商
RPUOMLMJIIHFFCE57CC,瑞隆段二小段,26.49,都市：商
RPPOMLMJIIHFFCE07CC,憲德段二小段,28.90,都市：商
RPTNMLMJIIHFFAE17CC,大榮段,2.84,都市：商
RPRPMLMJIIHFFAE17CC,龍中段,6.99,都市：住
RPQNMLMJIIHFFBE96CC,過田子段,67.00,都市：商
RPPNMLMJIIHFFAE76CC,青海段,3226.60,都市：住
RPXNMLMJIIHFFBE67CC,意誠段,1244.00,都市：住
RPQNMLMJIIHFFDE17CC,金獅段,50.28,都市：住
RPVOMLLJIIHFFBE47CC,正昌段,31.80,非都市： ; 非都市編定：
RPPPMLMJIIHFFAE96CC,青海段,22.86,都市：商
RPPNMLMJIIHFFEE17CC,福山段,81.21,都市：其他
RPUNMLMJIIHFFES09CC,大同段,123.95,非都市： ; 非都市編定：
RPPNMLMJIIHFFDE17DC,覆鼎金段覆鼎金小段,38.00,都市：住
RPPNMLMJIIHFFDE17DC,鼎盛段,19.22,都市：住
RPXOMLNJIIHFFDE18DC,灣內段,68.04,都市：住
RPRQMLNJIIHFFDE67CC,澄東段,.00,都市：住
RPRQMLNJIIHFFDE67CC,澄東段,.00,都市：住
RPWNMLNJIIHFFBS09CC,文英段,613.00,都市：住
RPUNMLNJIIHFFBS88CC,大貝湖段,153.21,都市：住
RPSNMLNJIIHFFAS58CC,岡山段,34.48,都市：住
RPQNMLMJIIHFFBS38CC,埤頂段,40.99,都市：住
RPWOMLMJIIHFFBS09CC,文英段,52.00,都市：住
RPOOMLMJIIHFFBS28CC,新甲段,135.00,都市：住
RPQOMLNJIIHFFEE47CC,福山段,.00,都市：住
RPSNMLNJIIHFFEE57CC,新庄段八小段,193.00,非都市： ; 非都市編定：
RPXNMLNJIIHFFEE08CC,新華段,2502.94,都市：住
RPXNMLNJIIHFFEE08CC,新華段,819.05,都市：住
RPWNMLNJIIHFFEE97CC,楠梓段一小段,25.00,都市：商
RPXOMLNJIIHFFEE18CC,新庄段十三小段,10.27,都市：住
RPWOMLNJIIHFFEE08CC,新庄段十二小段,96.00,都市：住
RPUQMLNJIIHFFEE08CC,新民段,8.32,都市：商
RPWNMLNJIIHFFBE67CC,過田子段,.00,都市：商
RPQOMLNJIIHFFBE17CC,新興段二小段,88.00,都市：商
RPOOMLOJIIHFFAE96CC,青海段,25.47,都市：住
RPWPMLNJIIHFFAE77CC,青海段,99.24,都市：住
RPPPMLNJIIHFFAE07CC,龍華段八小段,11.78,都市：商
RPXOMLNJIIHFFBE87CC,林德官段一小段,20.46,都市：商
RPWOMLNJIIHFFBE77CC,新興段三小段,.00,非都市： ; 非都市編定：
RPQNMLMJIIHFFAS28CC,介壽段,261.00,都市：住
RPRNMLMJIIHFFAS38CC,橋南段,28.00,都市：住
RPSNMLMJIIHFFAS48CC,橋南段,69.00,非都市： ; 非都市編定：
RPPOMLOJIIHFFCE27CC,獅甲段,1.34,都市：住
RPPOMLOJIIHFFCE27CC,獅甲段,4.21,都市：住
RPSNMLOJIIHFFDE57CC,澄清段一小段,90.00,都市：其他
RPPQMLOJIIHFFDE57CC,三塊厝段四小段,64.00,非都市： ; 非都市編定：
RPQPMLOJIIHFFEE67CC,新庄段十二小段,79.00,都市：商
RPUPMLOJIIHFFEE08CC,新庄段八小段,16.09,都市：住
RPSOMLOJIIHFFCE57CC,獅甲段,.31,都市：住
RPSOMLOJIIHFFCE57CC,獅甲段,.97,都市：住
RPWNMLOJIIHFFBE77CC,苓洲段,4.42,都市：住
RPVNMLOJIIHFFBE67CC,林德官段,.00,都市：商
RPVNMLOJIIHFFBE67CC,林德官段,.00,都市：商
RPQNMLOJIIHFFGS56DC,溪州段,30.45,都市：住
RPSOMLOJIIHFFBS88CC,新甲段,71.00,都市：住
RPRNMLOJIIHFFBS68CC,田中央段,85.52,都市：住
RPRNMLOJIIHFFBS68CC,田中央段,16.71,都市：住
RPQNMLOJIIHFFBS58CC,牛潮埔段,.00,非都市： ; 非都市編定：
RPQNMLOJIIHFFBS58CC,牛潮埔段,.00,非都市： ; 非都市編定：
RPUOMLOJIIHFFBS09CC,新庄子段,56.00,都市：商
RPUOMLOJIIHFFBS09CC,新庄子段,23.00,都市：商
RPQNMLPJIIHFFCE37CC,瑞隆段二小段,56.00,都市：商
RPSOMLPJIIHFFDE77CC,覆鼎金段覆鼎金小段,70.00,都市：住
RPRNMLPJIIHFFAS78DC,仕興段,199.00,都市：住
RPSNMLQJIIHFFEE87CC,新庄段十三小段,19.48,都市：其他
RPQNMLRJIIHFFEE77CC,福山段,8.37,非都市： ; 非都市編定：
RPPNMLQJIIHFFEE57CC,楠都段四小段,167.00,都市：住
RPPNMLQJIIHFFEE57CC,楠都段四小段,122.00,都市：住
RPPNMLQJIIHFFEE57CC,楠都段四小段,196.00,都市：住
RPPNMLRJIIHFFDE57CC,灣復段,48.15,非都市： ; 非都市編定：
RPWNMLSJIIHFFDE38CC,義華段,124.67,都市：商
RPROMLSJIIHFFDE97CC,建工段,12.06,非都市： ; 非都市編定：
RPQOMLOJIIHFFAS58CC,岡山段,1369.00,都市：住
RPVNMLOJIIHFFAS98CC,岡山段,2247.00,非都市： ; 非都市編定：
RPRPMLSJIIHFFDE08CC,建德段,1785.00,都市：住
RPTNMLSJIIHFFDS86CC,暘善段,1404.13,都市：農
RPPNMLSJIIHFFDS09CC,新赤山段,77.00,都市：住
RPPOMLSJIIHFFCE67CC,獅甲段二小段,.00,都市：住
RPQOMLSJIIHFFCE77CC,獅甲段,24.22,非都市： ; 非都市編定：
RPROMLSJIIHFFCE87CC,愛群段,129.00,都市：商
RPROMLSJIIHFFCE87CC,愛群段,119.00,都市：商
RPROMLSJIIHFFCE87CC,愛群段,118.00,都市：商
RPRNMLPJIIHFFBE37CC,大統段二小段,79.00,都市：商
RPSOMLSJIIHFFCE97CC,愛群段,32.25,都市：商
RPQNMLQJIIHFFBE37CC,過田子段,20.46,都市：其他
RPPNMLSJIIHFFBE47CC,五塊厝段三小段,67.00,都市：住
RPXNMLSJIIHFFBE28CC,新興段三小段,33.13,非都市： ; 非都市編定：
RPPOMLSJIIHFFEE87CC,新庄段一小段,16.93,都市：住
RPROMLSJIIHFFBE77CC,意誠段,.00,都市：商
RPSOMLSJIIHFFBE87CC,意誠段,.00,都市：商
RPRPMLSJIIHFFAE77CC,龍中段,2812.80,都市：住
RPVNMLSJIIHFFAE97CC,龍中段,111.34,都市：商
RPWNMLTJIIHFFCE38CC,店鎮段二小段,22.37,都市：住
RPVOMLTJIIHFFCE38CC,獅甲段,3240.00,都市：住
RPSOMLTJIIHFFAE87CC,龍華段八小段,.00,都市：商
RPTOMLTJIIHFFAE97CC,龍華段三小段,62.00,非都市： ; 非都市編定：
RPQOMLTJIIHFFCE87CC,草衙段二小段,82.06,都市：住
RPOOMLTJIIHFFCE67CC,港和段一小段,29.57,都市：住
RPPOMLSJIIHFFAE47CC,龍華段八小段,13.31,非都市： ; 非都市編定：
RPRNMLTJIIHFFDS76CC,仁新段,1157.00,都市：農
RPTNMLTJIIHFFDS96CC,竹園段,715.24,都市：工
RPUNMLTJIIHFFDS07CC,鹽埕段,363.60,都市：農
RPWOMLTJIIHFFBE38CC,意誠段,8.32,都市：住
RPUOMLTJIIHFFBE18CC,新興段二小段,.00,都市：商
RPTNMLTJIIHFFBE97CC,過田子段,23.53,都市：住
RPSNMLTJIIHFFBE87CC,苓洲段,16.99,都市：商
RPVOMLTJIIHFFBE28CC,成功段,.00,都市：商
RPVNMLTJIIHFFBE18CC,林德官段,84.00,都市：住
RPXNMLTJIIHFFDS37CC,仁營段,422.00,都市：農
RPUNMLTJIIHFFBE08CC,正福段,30.49,都市：商
RPOOMLTJIIHFFAE57DC,龍中段,8.00,都市：商
RPSNMLTJIIHFFDE08CC,灣興段,859.50,都市：工
RPQNMLTJIIHFFDE87CC,獅頭段一小段,16.00,都市：商
RPROMLTJIIHFFDE08CC,大港段,321.00,非都市： ; 非都市編定：
RPRQMLTJIIHFFDE28CC,大港段,21.59,非都市： ; 非都市編定：
RPSOMLTJIIHFFDE18CC,鼎泰段,8.21,非都市： ; 非都市編定：
RPRNMLTJIIHFFBS56CC,新庄子段,88.00,都市：其他
RPXNMLTJIIHFFBS27DC,灣頭段,87.45,都市：住
RPPNMLKKIIHFFDE96CC,建昌段,.00,都市：商
RPPNMLKKIIHFFDE96CC,建昌段,.00,都市：商
RPVNMLLKIIHFFAE37CC,龍中段,48.03,都市：商
RPPPMLLKIIHFFBE07CC,林德官段,148.00,都市：商
RPWNMLLKIIHFFAE47CC,龍中段,48.03,都市：商
RPQOMLTJIIHFFEE08CC,新庄段十三小段,6.21,都市：商
RPSNMLTJIIHFFGS17CC,頂寮段,429.75,都市：農
RPQNMLKKIIHFFEE17CC,新庄段十三小段,5.88,都市：商
RPQOMLTJIIHFFGS07CC,昭明段,81.76,都市：住
RPTNMLTJIIHFFGS27CC,赤崁段潮州寮小段,1553.72,都市：工
RPRNMLKKIIHFFCE07CC,店鎮段一小段,.00,非都市： ; 非都市編定：
RPSNMLLKIIHFFGS09CC,翁公園段,2020.00,都市：農
RPSNMLLKIIHFFGS09CC,翁公園段,1804.00,都市：農
RPRNMLTJIIHFFAS09CC,嘉興段,3071.00,都市：工
RPSNMLMKIIHFFDS88CC,林內段,191.01,非都市： ; 非都市編定：
RPSOMLMKIIHFFDE57CC,大港段二小段,97.00,都市：住
RPXOMLMKIIHFFDE08CC,大港段,74.00,都市：住
RPQNMLMKIIHFFBE07CC,林德官段二小段,47.72,都市：住
RPUNMLMKIIHFFEE77CC,福山段,989.80,都市：住
RPSNMLMKIIHFFBE27CC,福裕段,85.59,非都市： ; 非都市編定：
RPROMLMKIIHFFBE27CC,五權段,23.59,都市：住
RPUNMLLKIIHFFAS68CC,文化段,2.57,非都市： ; 非都市編定：
RPTPMLLKIIHFFEE77CC,福山段,2.17,都市：商
RPOOMLLKIIHFFAS18CC,岡山段,36.63,非都市： ; 非都市編定：
RPOPMLLKIIHFFAS28CC,安西段,377.87,非都市： ; 非都市編定：
RPPOMLLKIIHFFAS28CC,介壽段,1096.00,都市：住
RPPPMLLKIIHFFAS38CC,文化段,5.79,非都市： ; 非都市編定：
RPQNMLNKIIHFFBE17CC,新興段二小段,59.00,都市：商
RPSNMLNKIIHFFEE67CC,新民段,.00,非都市： ; 非都市編定：
RPPNMLNKIIHFFCE17CC,宏明段,21.89,都市：住
RPUNMLMKIIHFFCE57CC,孔宅段,11.33,非都市： ; 非都市編定：
RPUNMLNKIIHFFEE87CC,新庄段十三小段,5.88,都市：商
RPSOMLMKIIHFFCE47CC,愛群段,.00,都市：住
RPXOMLMKIIHFFCE97CC,瑞隆段二小段,.00,都市：商
RPUNMLMKIIHFFAE37CC,青海段,78.00,非都市： ; 非都市編定：
RPTNMLMKIIHFFAE27CC,青海段,78.00,非都市： ; 非都市編定：
RPUNMLPKIIHFFDE97CC,覆鼎金段覆鼎金小段,72.00,都市：住
RPVPMLPKIIHFFDE28CC,有光段,32.12,都市：商
RPQNMLPKIIHFFCE47CC,憲德段二小段,8.12,都市：住
RPUNMLPKIIHFFBE77CC,大統段一小段,188.00,都市：商
RPWOMLPKIIHFFBE08CC,過田子段,47.00,都市：住
RPVNMLNKIIHFFEE97CC,新庄段十三小段,3.59,都市：商
RPSNMLOKIIHFFEE77CC,新庄段十三小段,46.44,都市：住
RPTNMLOKIIHFFEE87CC,新庄段十三小段,8.13,都市：住
RPWNMLPKIIHFFCE08CC,盛興段,18.78,都市：住
RPQNMLPKIIHFFAE27CC,青海段,22.79,都市：住
RPQNMLQKIIHFFBE47CC,林德官段,.00,都市：商
RPPOMLQKIIHFFDE67CC,三塊厝段四小段,68.00,都市：住
RPTNMLQKIIHFFDE97CC,中華段一小段,.00,非都市： ; 非都市編定：
RPTNMLQKIIHFFDE97CC,中華段一小段,.00,非都市： ; 非都市編定：
RPQNMLQKIIHFFDE67CC,鼎泰段,.00,都市：住
RPUNMLQKIIHFFDE08CC,水源段,60.40,都市：住
RPTNMLQKIIHFFEE08CC,新庄段十二小段,16.90,都市：住
RPQNMLQKIIHFFAS78CC,文興段,17.78,都市：住
RPQNMLQKIIHFFAS78CC,文興段,49.15,都市：住
RPUNMLQKIIHFFGS17CC,林子邊段,.00,都市：住
RPRNMLQKIIHFFAE47CC,鹽壽段,2582.00,非都市： ; 非都市編定：
RPUNMLQKIIHFFAS56CC,安東段,101.71,非都市： ; 非都市編定：
RPUNMLPKIIHFFAE67CC,龍中段,24.75,都市：其他
RPQPMLPKIIHFFAE47CC,大成段,4.00,都市：住
RPQPMLPKIIHFFAE47CC,大成段,19.40,都市：住
RPQPMLPKIIHFFAE47CC,大成段,8.20,都市：住
RPTNMLRKIIHFFDE08CC,灣愛段,18.61,都市：住
RPVNMLRKIIHFFDE28CC,覆鼎金段覆鼎金一小段,9.70,都市：住
RPVNMLRKIIHFFDE28CC,覆鼎金段覆鼎金一小段,19.71,都市：商
RPOOMLRKIIHFFDE67CC,大港段,83.00,都市：住
RPROMLRKIIHFFDE97CC,鼎泰段,13.08,都市：住
RPTOMLRKIIHFFDE18CC,獅頭段,71.00,非都市： ; 非都市編定：
RPXOMLRKIIHFFDE58CC,鼎泰段,14.33,都市：住
RPSPMLRKIIHFFDE18CC,三塊厝段,63.16,都市：住
RPRPMLRKIIHFFDE08CC,大裕段一小段,729.00,都市：其他
RPUPMLRKIIHFFDE38CC,獅頭段,14.96,都市：商
RPWPMLRKIIHFFDE58CC,建德段,6.14,都市：商
RPRPMLRKIIHFFEE18CC,興隆段,13.07,都市：住
RPUPMLRKIIHFFEE48CC,新庄段十三小段,9.84,都市：商
RPUOMLRKIIHFFBE08CC,意誠段,.00,都市：商
RPVOMLRKIIHFFBE18CC,意誠段,.00,都市：商
RPPPMLRKIIHFFBE67CC,苓洲段,6.11,都市：商
RPQNMLSKIIHFFCE77CC,佛公段,826.00,都市：住
RPQNMLRKIIHFFCE67CC,瑞崗段一小段,96.00,都市：住
RPOPMLRKIIHFFCE67CC,愛群段,8.68,都市：其他
RPPOMLSKIIHFFBE67CC,林德官段一小段,18.21,都市：商
RPVNMLSKIIHFFDE38CC,大港段四小段,90.00,都市：商
RPPNMLSKIIHFFBE57CC,林德官段一小段,79.00,都市：商
RPQNMLSKIIHFFBE67CC,苓洲段,.00,都市：商
RPWOMLSKIIHFFDE58CC,覆鼎金段覆鼎金小段,689.00,都市：住
RPSOMLSKIIHFFCE08CC,憲德段二小段,7.34,都市：商
RPTOMLRKIIHFFCE08CC,獅甲段二小段,30.92,都市：住
RPPPMLRKIIHFFCE77CC,愛群段,8.68,都市：其他
RPSOMLSKIIHFFEE28CC,福山段,72.94,都市：住
RPUNMLSKIIHFFGS47DC,王公廟段,36.95,都市：住
RPQPMLSKIIHFFAE77CC,龍華段八小段,.00,都市：商
RPSNMLTKIIHFFCE08CC,愛群段,7.60,都市：住
RPRNMLTKIIHFFDS86CC,松埔段,4310.03,都市：住
RPVNMLTKIIHFFDE48CC,灣成段,34.90,非都市： ; 非都市編定：
RPTOMLSKIIHFFBS86CC,五甲段,28.70,非都市： ; 非都市編定：
RPXOMLTKIIHFFDE78CC,建民段,15.88,都市：商
RPXOMLTKIIHFFDE78CC,建民段,13.78,都市：商
RPSOMLTKIIHFFBE08CC,意誠段,1662.00,都市：商
RPPNMLLLIIHFFBE96CC,意誠段,.00,都市：商
RPQOMLTKIIHFFBE87CC,新興段二小段,66.00,都市：商
RPXOMLTKIIHFFBE58CC,苓中段,.00,都市：商
RPUNMLTKIIHFFCE28CC,憲德段二小段,17.56,都市：住
RPSOMLTKIIHFFCE18CC,高松段一小段,164.00,都市：住
RPPNMLMLIIHFFBE07CC,新興段一小段,727.00,都市：商
RPRNMLMLIIHFFCE37CC,獅甲段二小段,19.81,都市：住
RPSNMLMLIIHFFDE57CC,義民段,.00,非都市： ; 非都市編定：
RPWNMLMLIIHFFEE08CC,新庄段十三小段,2.29,都市：商
RPTNMLMLIIHFFDE67CC,灣志段,.00,非都市： ; 非都市編定：
RPOOMLMLIIHFFEE37CC,加昌段,18.20,都市：住
RPXNMLKLIIHFFEE97CC,福山段,2181.15,都市：住
RPUNMLMLIIHFFDE77CC,大港段二小段,57.00,都市：住
RPXNMLMLIIHFFDE08CC,大港段二小段,46.00,都市：商
RPUNMLMLIIHFFEE97DC,菜公段六小段,2.81,都市：其他
RPXNMLMLIIHFFEE28DC,清豐段,91.33,都市：住
RPRQMLMLIIHFFAE47CC,龍水段一小段,19.84,非都市： ; 非都市編定：
RPSOMLMLIIHFFAS78CC,岡山段,16.25,非都市： ; 非都市編定：
RPSNMLMLIIHFFAS68CC,仕和段,71.37,非都市： ; 非都市編定：
RPQOMLNLIIHFFDE57CC,大港段七小段,27.52,都市：商
RPOOMLNLIIHFFBS58CC,新甲段,20.70,都市：住
RPOPMLNLIIHFFBS68CC,新甲段,2438.00,都市：住
RPVOMLNLIIHFFBS66CC,五甲段,47.50,都市：住
RPVOMLNLIIHFFBS66CC,五甲段,1.12,都市：住
RPUOMLNLIIHFFBS56CC,五甲段,56.00,都市：商
RPWNMLNLIIHFFEE28DC,福民段,11.68,都市：住
RPROMLNLIIHFFEE87DC,高昌段,80.37,都市：住
RPUOMLNLIIHFFEE08CC,左北段,77.00,都市：住
RPOQMLNLIIHFFEE67CC,新庄段十三小段,14.42,都市：住
RPTNMLNLIIHFFAE47CC,龍中段,.00,都市：住
RPWPMLNLIIHFFEE38CC,果貿段,45.01,都市：住
RPXOMLNLIIHFFEE38CC,右昌段三小段,66.00,都市：住
RPTNMLMLIIHFFBS88CC,七老爺段一甲小段,.00,非都市： ; 非都市編定：
RPPPMLMLIIHFFBS68CC,道爺段下菜園小段,68.00,都市：住
RPRQMLNLIIHFFBE67CC,新興段一小段,73.00,都市：商
RPVNMLNLIIHFFBE77CC,五塊厝段,8.84,都市：商
RPWNMLOLIIHFFBE97CC,成功段,5.28,都市：商
RPXNMLOLIIHFFBE08CC,大統段一小段,.00,都市：商
RPVOMLMLIIHFFBS56CC,竹子腳段,56.00,都市：住
RPOOMLNLIIHFFCE27CC,盛興段一小段,35.40,都市：住
RPQOMLOLIIHFFEE77CC,菜公段六小段,8.38,都市：住
RPVOMLOLIIHFFAE87CC,龍華段八小段,.00,都市：商
RPOOMLOLIIHFFAE17CC,龍華段四小段,40.83,都市：其他
RPXNMLOLIIHFFAE97CC,龍中段,17.85,都市：商
RPROMLOLIIHFFEE87CC,福山段,8.03,都市：住
RPWOMLOLIIHFFAE97CC,龍華段八小段,.00,都市：商
RPOQMLOLIIHFFEE77CC,新民段,9.61,都市：住
RPUOMLOLIIHFFAE77CC,龍華段一小段,69.66,都市：住
RPVNMLOLIIHFFAE77CC,龍中段,17.59,都市：商
RPSOMLOLIIHFFEE97CC,菜公段一小段,3107.00,都市：其他
RPPQMLOLIIHFFEE87CC,福山段,500.00,都市：住
RPVOMLOLIIHFFDE18CC,獅頭段,29.39,非都市： ; 非都市編定：
RPVPMLOLIIHFFDE28CC,大港段三小段,44.00,都市：商
RPOOMLOLIIHFFDE47CC,灣復段,19.02,都市：商
RPXOMLOLIIHFFDE38CC,灣復段,16.53,非都市： ; 非都市編定：
RPOOMLPLIIHFFDS98CC,澄清段,41.87,都市：其他
RPSOMLPLIIHFFEE08CC,新福段九小段,9.94,都市：住
RPTNMLPLIIHFFCE87CC,獅甲段,.00,非都市： ; 非都市編定：
RPQNMLPLIIHFFCE57CC,新生段,.00,都市：住
RPTOMLPLIIHFFEE18CC,果貿段,17.27,都市：住
RPQOMLPLIIHFFDS56CC,赤南段,86.41,都市：其他
RPQOMLQLIIHFFCE77CC,佛公段,31.87,非都市： ; 非都市編定：
RPROMLQLIIHFFCE87CC,盛興段,30.29,非都市： ; 非都市編定：
RPOOMLPLIIHFFBE37CC,意誠段,8.86,都市：商
RPOOMLPLIIHFFBE37CC,意誠段,2.84,都市：商
RPPPMLQLIIHFFAE57CC,龍中段,11.14,都市：商
RPWNMLOLIIHFFBS76CC,文山段,.00,都市：住
RPRNMLPLIIHFFCS09CC,頭林段,79.90,都市：住
RPPOMLQLIIHFFBE57CC,林德官段一小段,79.00,都市：住
RPROMLQLIIHFFBE77CC,過田子段,.00,都市：商
RPROMLQLIIHFFBE77CC,過田子段,.00,都市：商
RPUOMLQLIIHFFBE08CC,苓雅寮段,10.36,非都市： ; 非都市編定：
RPPOMLPLIIHFFBS88CC,文英段,136.60,都市：住
RPROMLPLIIHFFBS09CC,文英段,136.60,都市：住
RPVOMLQLIIHFFEE48CC,新庄段一小段,.00,都市：住
RPQOMLQLIIHFFEE97CC,福山段,3.11,非都市： ; 非都市編定：
RPRQMLQLIIHFFEE28CC,新庄段十三小段,6.38,都市：住
RPPOMLQLIIHFFEE87CC,新庄段八小段,5.83,非都市： ; 非都市編定：
RPOPMLQLIIHFFEE87CC,福民段,.00,非都市： ; 非都市編定：
RPOPMLQLIIHFFDE77CC,大豐段三小段,76.00,都市：住
RPPOMLQLIIHFFAE57DC,龍中段,3.71,都市：住
RPQNMLQLIIHFFDS56CC,善德段,1548.21,都市：其他
RPQNMLQLIIHFFDS56CC,善德段,471.75,都市：其他
RPQNMLQLIIHFFDS56CC,善德段,92.87,都市：其他
RPQNMLQLIIHFFDS56CC,善德段,1346.09,都市：其他
RPQNMLQLIIHFFDS56CC,善德段,797.86,都市：其他
RPQNMLQLIIHFFDS56CC,善德段,794.72,都市：其他
RPQNMLQLIIHFFDS56CC,善德段,384.96,都市：其他
RPQNMLQLIIHFFDS56CC,善德段,1552.11,都市：其他
RPQNMLQLIIHFFDS56CC,善德段,740.20,都市：其他
RPQNMLQLIIHFFDS56CC,善德段,32.61,都市：其他
RPQNMLQLIIHFFDS56CC,善德段,1443.30,都市：其他
RPVOMLTLIIHFFDE68CC,大港段三小段,51.00,都市：住
RPRNMLRLIIHFFDE97CC,獅頭段,1880.00,都市：住
RPSNMLTLIIHFFDE28CC,大裕段一小段,10.93,都市：住
RPOOMLTLIIHFFEE08CC,福山段,9.16,非都市： ; 非都市編定：
RPTNMLTLIIHFFES27CC,崎漏段,85.00,都市：住
RPSOMLTLIIHFFAE08CC,青海段,11.11,都市：住
RPXNMLTLIIHFFBE58CC,新興段二小段,88.00,都市：商
RPSNMLTLIIHFFBE18DC,五塊厝段,31.73,都市：住
RPSNMLTLIIHFFGS37CC,後庄段,.00,非都市： ; 非都市編定：
RPRNMLTLIIHFFBS76CC,文英段,67.00,都市：住
RPVNMLKMIIHFFES66CC,智仁段,70.22,都市：其他
RPTOMLQLIIHFFBS76CC,五甲段,12.71,非都市： ; 非都市編定：
RPVOMLQLIIHFFBS96CC,鳳山段大老衙小段,9.50,非都市： ; 非都市編定：
RPUOMLQLIIHFFBS86CC,七老爺段一甲小段,15.06,非都市： ; 非都市編定：
RPRNMLQLIIHFFAS98CC,岡山段,2247.00,非都市： ; 非都市編定：
RPOOMLKMIIHFFGS88CC,清水巖段,2459.00,都市：工
RPQPMLKMIIHFFEE57CC,新庄段十三小段,.00,非都市： ; 非都市編定：
RPOOMLKMIIHFFDE17CC,中華段一小段,.00,非都市： ; 非都市編定：
RPTNMLKMIIHFFDE57CC,大港段二小段,.00,非都市： ; 非都市編定：
RPWOMLKMIIHFFBE77CC,苓雅寮段,31.40,非都市： ; 非都市編定：
RPVOMLKMIIHFFBE67CC,大統段二小段,.00,都市：商
RPVOMLKMIIHFFBE67CC,大統段二小段,.00,都市：商
RPQOMLKMIIHFFBE17CC,新興段三小段,12.55,都市：商
RPUNMLKMIIHFFBE47CC,林德官段一小段,16.53,都市：其他
RPOPMLKMIIHFFBE07CC,過田子段,.00,都市：商
RPQPMLKMIIHFFDE47CC,灣復段,101.48,都市：住
RPVOMLKMIIHFFDE87CC,三塊厝段四小段,26.66,都市：住
RPVOMLKMIIHFFDE87CC,三塊厝段四小段,.66,都市：住
RPQOMLKMIIHFFDE37CC,鼎泰段,17.52,都市：住
RPUOMLKMIIHFFDE77CC,義民段,61.10,都市：商
RPOOMLKMIIHFFBS38CC,新庄子段,.00,非都市： ; 非都市編定：
RPQOMLLMIIHFFDE47CC,澄東段,1222.38,都市：住
RPQOMLLMIIHFFDE47CC,澄東段,1714.40,都市：住
RPQOMLLMIIHFFDE47CC,澄東段,84.98,都市：住
RPQOMLLMIIHFFDE47CC,澄東段,950.82,都市：住
RPQOMLLMIIHFFDE47CC,澄東段,57.57,都市：住
RPQOMLLMIIHFFDE47CC,澄東段,373.59,都市：住
RPQOMLLMIIHFFDE47CC,澄東段,2574.22,都市：住
RPSOMLLMIIHFFEE77CC,新庄段八小段,193.00,非都市： ; 非都市編定：
RPQPMLLMIIHFFDE57CC,大順段,10.77,都市：商
RPUOMLLMIIHFFDE87CC,灣子內段寶珠溝小段,.00,都市：商
RPVOMLLMIIHFFDE97CC,寶國段,.00,非都市： ; 非都市編定：
RPVPMLLMIIHFFDE08CC,大裕段一小段,.00,都市：住
RPSPMLKMIIHFFDE67CC,大港段二小段,.00,都市：住
RPOOMLLMIIHFFEE37CC,福山段,.00,非都市： ; 非都市編定：
RPWOMLLMIIHFFEE18CC,莒光段二小段,75.00,都市：其他
RPRNMLLMIIHFFDE57DC,河濱段,11.48,都市：住
RPXNMLLMIIHFFDE18DC,大港段三小段,109.00,都市：商
RPPNMLLMIIHFFES78CC,觀音段,103.98,都市：其他
RPPNMLLMIIHFFES78CC,觀音段,37.22,都市：其他
RPTOMLLMIIHFFCE67CC,機場段,83.00,都市：住
RPOOMLLMIIHFFBE07CC,過田子段,77.98,都市：其他
RPPOMLLMIIHFFBE17CC,林德官段,73.00,都市：商
RPPOMLLMIIHFFBE17CC,林德官段,1.00,都市：商
RPVOMLLMIIHFFBS56CC,七老爺段,75.00,都市：住
RPVNMLLMIIHFFCE77CC,愛群段,.00,都市：商
