﻿編號,土地區段位置,土地移轉面積平方公尺,使用分區或編定
The serial number,land sector position,land shifting area square meter,the use zoning or compiles and checks
RPQNMLKKQHHFFEH28DC,南崁廟口段廟口小段,30.10,都市：住
RPTNMLKKQHHFFEH58DC,河底段,35.57,都市：住
RPPNMLSJQHHFFDH68CC,草湳坡段埔心小段,21.00,都市：住
RPVNMLSJQHHFFFH86CC,大勇段,6.29,都市：住
RPPNMLQJQHHFFFH68CC,同福段,15.70,都市：住
RPUNMLKKQHHFFFH78DC,廣隆段,20.33,都市：住
RPWNMLNKQHHFFBH88DC,復興段,22.02,都市：住
RPVNMLOKQHHFFAH68CC,龍華段,31.00,都市：住
RPTPMLOKQHHFFAH68CC,埔子段埔子小段,25.85,都市：住
RPRNMLRJQHHFFAH58DC,龍安段,11.25,都市：住
RPROMLOKQHHFFAH48DC,新埔段,22.04,都市：住
RPUNMLOKQHHFFAH58CC,龍華段,8.00,都市：住
RPOPMLPKQHHFFAH38DC,同安段,105.00,都市：住
RPSOMLQKQHHFFAH68CC,興華段,6.81,都市：商
RPPNMLQJQHHFFAH18CC,同德段,31.16,都市：商
RPPPMLRKQHHFFAH58CC,慈文段,16.40,都市：住
RPPPMLRKQHHFFAH58CC,慈文段,.21,都市：住
RPOOMLRKQHHFFBH58DC,月眉段,295.00,非都市：特定農業區 ; 非都市編定：農牧用地
RPRNMLKLQHHFFFH48CC,八塊段,25.92,都市：農
RPWNMLQKQHHFFEH76CC,南崁廟口段廟口小段,25.84,都市：住
RPPPMLMLQHHFFAH18CC,汴洲段,23.00,都市：其他
RPPPMLMLQHHFFAH18CC,汴洲段,443.00,都市：工
RPSNMLMLQHHFFAH38DC,慈文段,.00,非都市： ; 非都市編定：
RPSNMLLLQHHFFAH18CC,東國段,195.00,非都市： ; 非都市編定：
RPSNMLLLQHHFFAH18CC,東國段,114.00,非都市： ; 非都市編定：
RPTNMLMLQHHFFAH48DC,江南段,.00,非都市： ; 非都市編定：
RPVNMLMLQHHFFAH68DC,中山段,.00,非都市： ; 非都市編定：
RPWNMLRKQHHFFEH96DC,青峰段,39.56,都市：住
RPWPMLMLQHHFFEH66CC,東園段,2206.30,都市：住
RPUOMLLLQHHFFEH88CC,河底段,5430.93,都市：住
RPSNMLMLQHHFFEH68CC,南崁段,139.09,都市：住
RPOQMLKLQHHFFEH38CC,錦興段,.00,非都市： ; 非都市編定：
RPXNMLNLQHHFFEH66CC,水尾段,.00,非都市： ; 非都市編定：
RPUPMLNLQHHFFAH78CC,富國段,20.39,都市：住
RPTQMLNLQHHFFAH78CC,新埔段,.00,非都市： ; 非都市編定：
RPQOMLNLQHHFFAH28CC,同安段,534.00,非都市： ; 非都市編定：
RPVQMLNLQHHFFAH98CC,山福段,.00,非都市： ; 非都市編定：
RPSRMLOLQHHFFAH88CC,興華段,8.83,都市：住
RPRNMLOLQHHFFEH78CC,河底段,19.17,都市：住
RPOOMLOLQHHFFAH28DC,和平段,24.29,都市：其他
RPROMLLLQHHFFBH28CC,興和段,97.00,都市：住
RPQOMLLLQHHFFBH18CC,山上段,190.87,都市：農
RPQQMLNLQHHFFBH68DC,興南段興南小段,2.77,都市：商
RPWOMLOLQHHFFBH56DC,自立段,67.00,都市：住
RPUOMLOLQHHFFBH98DC,自立段,104.00,都市：住
RPWNMLRLQHHFFDH96DC,草湳坡段埔心小段,154.00,都市：其他
RPUNMLRLQHHFFEH76CC,南崁廟口段羊稠坑小段,4444.00,都市：住
RPQNMLRLQHHFFBH68CC,普義段,.00,非都市： ; 非都市編定：
RPSNMLRLQHHFFBH98DC,忠福段,29.58,都市：住
RPTNMLRLQHHFFBH09DC,草新段,139.42,都市：其他
RPTNMLRLQHHFFBH09DC,草新段,104.00,都市：其他
RPVQMLMLQHHFFBH09DC,普義段,20.69,都市：工
RPSNMLRLQHHFFFH76DC,廣隆段,22.10,都市：住
RPWNMLRLQHHFFBH66CC,石頭段,.00,非都市： ; 非都市編定：
RPROMLRLQHHFFBH88CC,振興段,.00,非都市： ; 非都市編定：
RPPOMLRLQHHFFBH68CC,興南段公坡小段,.00,非都市： ; 非都市編定：
RPOOMLRLQHHFFBH58CC,興南段公坡小段,.00,非都市： ; 非都市編定：
RPPNMLOLQHHFFFH78DC,大庄段,20.05,都市：住
RPTOMLRLQHHFFBH09CC,新街段,.00,非都市： ; 非都市編定：
RPUOMLRLQHHFFBH56CC,興南段興南小段,.00,非都市： ; 非都市編定：
RPRNMLNLQHHFFFH88DC,明智段,24.18,都市：住
RPOPMLRLQHHFFAH58CC,興華段,8.84,都市：商
RPRPMLRLQHHFFAH88CC,同安段,1858.00,都市：住
RPVOMLRLQHHFFBH66CC,石頭段,.00,非都市： ; 非都市編定：
RPXOMLRLQHHFFBH86CC,復興段,.00,非都市： ; 非都市編定：
RPOPMLRLQHHFFBH68CC,新街段,.00,非都市： ; 非都市編定：
RPWOMLRLQHHFFBH76CC,石頭段,.00,非都市： ; 非都市編定：
RPSPMLRLQHHFFBH09CC,中觀段,.00,非都市：特定農業區 ; 非都市編定：甲種建築用地
RPRPMLRLQHHFFBH98CC,興南段興南小段,.00,非都市： ; 非都市編定：
RPPPMLRLQHHFFBH78CC,興南段興南小段,.00,非都市： ; 非都市編定：
RPSNMLRLQHHFFGH76CC,金鍊段,63.65,都市：住
RPPPMLSLQHHFFAH88DC,富國段,7.52,都市：其他
RPVPMLSLQHHFFAH86DC,慈文段,11.64,都市：住
RPXNMLOLQHHFFGH07DC,平東段,23.53,都市：住
RPVNMLSLQHHFFBH76DC,石頭段,.00,非都市： ; 非都市編定：
RPTNMLSLQHHFFBH56DC,忠孝段,32.00,都市：住
RPUNMLSLQHHFFBH66DC,自立段,78.75,都市：住
RPTOMLTLQHHFFFH07CC,同福段,14.52,都市：其他
RPSQMLTLQHHFFBH86DC,大華段,11.02,都市：住
RPWOMLTLQHHFFBH07DC,自立段,20.29,都市：住
RPVPMLTLQHHFFBH07DC,自立段,24.19,都市：住
RPXQMLTLQHHFFBH37DC,三座屋段舊社小段,2.15,非都市： ; 非都市編定：
RPTQMLTLQHHFFBH86CC,中壢埔頂段,.00,非都市： ; 非都市編定：
RPTRMLTLQHHFFBH07DC,普義段,53.71,都市：住
RPVQMLTLQHHFFGH67DC,廣南段,72.11,都市：商
RPWQMLTLQHHFFBH17CC,興南段興南小段,.00,非都市： ; 非都市編定：
RPORMLTLQHHFFBH09CC,後興段,.00,非都市： ; 非都市編定：
RPPRMLTLQHHFFBH56CC,中壢埔頂段,.00,非都市： ; 非都市編定：
RPRQMLTLQHHFFAH56CC,同德段,1579.21,都市：商
RPXNMLKMQHHFFAH68CC,大樹林段,25.86,都市：住
RPQPMLTLQHHFFAH98CC,興華段,41.40,都市：住
RPVOMLKMQHHFFEH98CC,青峰段,28.19,都市：其他
RPQNMLLMQHHFFAH08CC,和平段,23.39,都市：住
RPVOMLLMQHHFFEH09CC,南崁廟口段廟口小段,43.88,都市：住
RPPOMLLJRHHFFBH08DC,後寮段,26.17,都市：住
RPQOMLKMQHHFFAH08CC,新埔段,174.00,都市：其他
RPOSMLLMQHHFFAH48DC,頂湖段,1235.45,都市：工
RPTNMLLJRHHFFAH28DC,雲林段,62.89,都市：住
RPSNMLSLQHHFFBH09DC,復興段,27.99,都市：住
RPRNMLLJRHHFFAH97CC,八角段,.00,非都市： ; 非都市編定：
RPTQMLSLQHHFFBH76CC,中寮段,15.60,都市：住
RPSNMLLJRHHFFAH08CC,江南段,.00,非都市： ; 非都市編定：
RPQNMLSLQHHFFBH88DC,復興段,24.15,都市：住
RPRNMLLJRHHFFBH08CC,大崙段,.00,非都市：特定農業區 ; 非都市編定：丁種建築用地
RPRNMLLJRHHFFBH08CC,大崙段,.00,非都市：特定農業區 ; 非都市編定：丁種建築用地
RPXNMLLMQHHFFDH56DC,矮坪子段,14451.00,都市：住
RPOOMLLMQHHFFDH38DC,草湳坡段埔心小段,5934.00,都市：住
RPSNMLLJRHHFFBH18CC,興南段興南小段,.00,非都市： ; 非都市編定：
RPTNMLLJRHHFFBH28CC,中北段,.00,非都市： ; 非都市編定：
RPUNMLLJRHHFFBH38CC,中北段,.00,非都市： ; 非都市編定：
RPWNMLLJRHHFFBH58CC,興南段興南小段,.00,非都市： ; 非都市編定：
RPOSMLNJRHHFFBH48CC,自立段,.00,非都市： ; 非都市編定：
RPQOMLNJRHHFFBH38DC,前寮段,42.47,都市：住
RPQSMLNJRHHFFBH78DC,新街段,.00,非都市： ; 非都市編定：
RPRSMLNJRHHFFBH88DC,新街段,.00,非都市： ; 非都市編定：
RPPOMLOJRHHFFFH68CC,高城段,.00,非都市： ; 非都市編定：
RPRNMLLMQHHFFFH78DC,大和段,29.79,都市：住
RPRPMLOJRHHFFAH58DC,兔子坑段大湖頂小段,42.99,都市：住
RPWNMLOJRHHFFGH76CC,環南段,.00,非都市： ; 非都市編定：
RPTPMLOJRHHFFAH78DC,半嶺段,29.81,都市：住
RPOOMLOJRHHFFBH28DC,忠孝段,124.00,都市：工
RPSOMLOJRHHFFBH68DC,三座屋段三座屋小段,2.19,都市：住
RPSOMLOJRHHFFBH68DC,三座屋段舊社小段,10.23,都市：住
RPQOMLOJRHHFFBH38CC,三座屋段三座屋小段,.00,非都市： ; 非都市編定：
RPOQMLOJRHHFFBH48DC,中工段,12.73,都市：工
RPUOMLOJRHHFFBH78CC,中寮段,.00,非都市： ; 非都市編定：
RPWOMLOJRHHFFBH98CC,健行段,.00,非都市： ; 非都市編定：
RPWPMLOJRHHFFBH09CC,自立段,.00,非都市： ; 非都市編定：
RPPPMLOJRHHFFAH28CC,大興段,.00,都市：住
RPUPMLOJRHHFFAH78CC,埔子段埔子小段,.00,非都市： ; 非都市編定：
RPWPMLOJRHHFFAH98CC,龍祥段,.00,非都市： ; 非都市編定：
RPTQMLOJRHHFFAH78CC,富國段,10.98,都市：住
RPWRMLOJRHHFFAH56CC,中山段,26.36,都市：住
RPWSMLOJRHHFFAH66CC,慈文段,5290.00,都市：其他
RPSNMLLJRHHFFEH48CC,五福段,15.12,都市：住
RPPOMLOJRHHFFEH58CC,南崁廟口段廟口小段,11.32,都市：住
RPOPMLPJRHHFFAH28CC,牛角坡段水尾小段,1223.14,都市：農
RPXOMLPJRHHFFAH09CC,富國段,14.93,都市：其他
RPWPMLPJRHHFFAH09CC,有恒段,48.24,都市：其他
RPQQMLPJRHHFFAH58CC,福元段,11.94,都市：住
RPSQMLPJRHHFFAH78CC,龍壽段,99.00,都市：住
RPWQMLPJRHHFFAH56CC,中山段,638.93,都市：住
RPXQMLPJRHHFFAH66CC,文化段,.00,都市：住
RPORMLPJRHHFFAH48CC,大興段,.00,都市：住
RPQRMLPJRHHFFAH68CC,興華段,.00,都市：住
RPPRMLPJRHHFFAH58CC,興華段,.00,都市：住
RPXQMLPJRHHFFBH86DC,後寮段,3875.00,都市：住
RPUNMLQJRHHFFGH86DC,延平段,34.80,非都市： ; 非都市編定：
RPUNMLQJRHHFFGH86DC,延平段,2.65,非都市： ; 非都市編定：
RPUNMLQJRHHFFGH86DC,延平段,87.07,非都市： ; 非都市編定：
RPUNMLQJRHHFFGH86DC,延平段,1.75,非都市： ; 非都市編定：
RPROMLPJRHHFFEH88CC,河底段,4.98,都市：住
RPTNMLQJRHHFFDH98CC,頭重溪段,928.00,都市：住
RPVNMLPJRHHFFEH66DC,錦興段,9.64,都市：住
RPURMLQJRHHFFAH66DC,埔子段埔子小段,821.00,都市：住
RPWNMLPJRHHFFCH09CC,中山段,151.82,都市：住
RPTRMLQJRHHFFAH56DC,大興段,2201.52,都市：住
RPWPMLQJRHHFFAH66DC,大興段,2201.52,都市：住
RPTOMLNJRHHFFCH68CC,潛龍段,.53,都市：住
RPTOMLNJRHHFFCH68CC,潛龍段,37.10,都市：住
RPVNMLNJRHHFFCH88DC,中興段,55.31,都市：住
RPUOMLNJRHHFFCH78CC,潛龍段,.59,都市：住
RPWNMLNJRHHFFCH98DC,烏林段,288.31,非都市：工業區 ; 非都市編定：丁種建築用地
RPVOMLNJRHHFFCH98DC,中山段,151.82,都市：住
RPVRMLQJRHHFFAH76DC,春日段,2401.33,都市：住
RPWRMLQJRHHFFAH86DC,福元段,1365.81,都市：住
RPOSMLQJRHHFFAH78DC,大有段,4319.59,都市：住
RPXRMLQJRHHFFAH96DC,桃園段武陵小段,864.00,都市：住
RPPSMLQJRHHFFAH88DC,大有段,10213.57,都市：住
RPRSMLQJRHHFFAH09DC,大樹林段,2040.00,都市：住
RPXNMLQJRHHFFEH96DC,河底段,4.86,非都市： ; 非都市編定：
RPQSMLQJRHHFFAH98DC,埔子段北門埔子小段,81.00,都市：住
RPSSMLQJRHHFFAH56DC,大有段,5433.08,都市：住
RPQOMLQJRHHFFBH68DC,新街段,.00,非都市： ; 非都市編定：
RPROMLQJRHHFFBH78DC,新街段,.00,非都市： ; 非都市編定：
RPTOMLQJRHHFFBH98DC,仁祥段,31.79,都市：住
RPQPMLQJRHHFFBH78DC,新街段,.00,非都市： ; 非都市編定：
RPUNMLQJRHHFFBH88CC,振興段,71.05,都市：住
RPPQMLRJRHHFFBH78CC,三座屋段舊社小段,.00,非都市： ; 非都市編定：
RPSOMLQJRHHFFEH09CC,水尾段,.00,都市：工
RPQQMLRJRHHFFBH88CC,新街段,.00,非都市： ; 非都市編定：
RPQNMLQJRHHFFEH78CC,大竹圍段,690.00,都市：住
RPROMLQJRHHFFEH98CC,六福段,.00,都市：住
RPPRMLRJRHHFFAH78CC,埔子段埔子小段,.00,非都市： ; 非都市編定：
RPTNMLRJRHHFFAH88DC,半嶺段,17.30,都市：住
RPUQMLRJRHHFFAH56CC,塔寮坑段坑底小段,.00,都市：工
RPQNMLSJRHHFFAH68DC,會稽段,6504.92,都市：住
RPQOMLRJRHHFFAH58CC,寶山段,12.82,都市：住
RPXOMLRJRHHFFAH66CC,文化段,.00,都市：住
RPSNMLSJRHHFFAH88DC,寶山段,701.02,都市：住
RPTNMLSJRHHFFAH98DC,三元段,2303.45,都市：住
RPUNMLSJRHHFFAH09DC,大有段,10213.57,都市：住
RPRNMLSJRHHFFAH78DC,大有段,5433.08,都市：住
RPVNMLSJRHHFFAH56DC,大樹林段,2040.00,都市：住
RPTNMLSJRHHFFBH09DC,忠福段,16.05,都市：住
RPWNMLSJRHHFFAH66DC,埔子段埔子小段,3322.00,都市：住
RPQQMLKKRHHFFBH28CC,自立段,45.00,都市：住
RPQNMLSJRHHFFDH88CC,二重溪段,23.09,非都市：山坡地保育區 ; 非都市編定：丙種建築用地
RPXNMLKKRHHFFAH58CC,西門段,.00,都市：住
RPRRMLKKRHHFFAH48DC,新埔段,5102.00,都市：住
RPSOMLKKRHHFFAH18CC,興華段,838.00,都市：商
RPURMLKKRHHFFAH78DC,三元段,4755.88,都市：住
RPVRMLKKRHHFFAH88DC,慈文段,5853.00,都市：住
RPTRMLKKRHHFFAH68DC,同安段,6672.00,都市：住
RPSNMLLKRHHFFAH28DC,新埔段,48.40,都市：住
RPUOMLLKRHHFFBH68DC,石頭段,15.42,都市：住
RPSNMLSJRHHFFEH56CC,山鼻段,102.73,都市：工
RPWNMLLKRHHFFAH58CC,興華段,27.41,都市：住
RPQNMLLKRHHFFCH28DC,潛龍段,41.24,非都市：鄉村區 ; 非都市編定：乙種建築用地
RPUOMLLKRHHFFEH88CC,六福段,.00,都市：住
RPVOMLLKRHHFFEH98CC,五福段,.00,都市：住
RPRRMLMKRHHFFBH68CC,青昇段,4174.12,都市：商
RPSNMLMKRHHFFEH68CC,大竹圍段,133.00,都市：住
RPTOMLMKRHHFFAH48CC,大有段,23.94,都市：住
RPROMLLKRHHFFFH68CC,永福段,19.01,都市：住
RPQQMLMKRHHFFAH38CC,興華段,25.68,都市：其他
RPTNMLKKRHHFFFH68CC,永福段,21.77,都市：其他
RPWQMLMKRHHFFAH98CC,文化段,8.04,都市：其他
RPQRMLMKRHHFFAH48CC,興華段,4.52,都市：其他
RPOPMLMKRHHFFAH28EC,興華段,1729.00,都市：其他
RPTQMLMKRHHFFAH78DC,同安段,31.34,都市：住
RPUNMLMKRHHFFDH88DC,草湳坡段埔心小段,45.00,都市：住
RPUNMLMKRHHFFDH88DC,草湳坡段埔心小段,15.00,都市：住
RPSNMLMKRHHFFFH78CC,興豐段,15.69,都市：住
RPRSMLNKRHHFFBH88CC,仁愛段,.00,都市：商
RPXNMLMKRHHFFEH66DC,水尾段,108.00,都市：其他
RPRPMLNKRHHFFAH48CC,大有段,30.35,都市：住
RPVPMLNKRHHFFAH88CC,新埔段,26.76,都市：住
RPVNMLMKRHHFFEH09DC,河底段,4685.92,都市：住
RPVOMLOKRHHFFBH98CC,興南段興南小段,8.06,都市：住
RPXNMLOKRHHFFBH09CC,新街段,.00,都市：住
RPUOMLOKRHHFFDH56DC,幼獅段,3.95,都市：住
RPSPMLOKRHHFFAH78DC,國聖段,19.49,都市：住
RPPNMLPKRHHFFFH88DC,永豐段,172.00,都市：工
RPQNMLOKRHHFFEH68CC,南華段,7.14,都市：住
RPUNMLOKRHHFFEH09CC,青峰段,25.57,都市：住
RPQOMLOKRHHFFEH78CC,南園段,29.15,都市：住
RPPOMLRKRHHFFEH98CC,羊稠段,.00,非都市： ; 非都市編定：
RPVNMLNKRHHFFFH66DC,大和段,14.99,都市：住
RPVNMLLKRHHFFGH56DC,廣德段,22.97,都市：住
RPTNMLLKRHHFFGH98DC,廣德段,22.97,都市：住
RPSOMLRKRHHFFEH66CC,南崁廟口段廟口小段,26.58,都市：住
RPSOMLRKRHHFFEH66CC,南崁廟口段廟口小段,.57,都市：住
RPSOMLRKRHHFFEH66CC,南崁廟口段營盤坑小段,11.80,都市：住
RPQQMLRKRHHFFBH98CC,自立段,.00,都市：住
RPUNMLLKRHHFFGH98CC,新富段,14.46,都市：住
RPVQMLRKRHHFFAH76CC,桃園段武陵小段,79.96,都市：商
RPRQMLRKRHHFFBH09CC,中寮段,.00,都市：住
RPQRMLRKRHHFFAH98CC,大興段,.00,都市：住
RPXOMLSKRHHFFAH86CC,新埔段,95.00,都市：其他
RPXOMLSKRHHFFAH86CC,新埔段,91.00,都市：其他
RPRRMLRKRHHFFAH09CC,中埔段,.00,都市：住
RPUNMLSKRHHFFEH86CC,河底段,9929.96,都市：住
RPOOMLSKRHHFFEH98CC,錦興段,11.84,都市：住
RPQOMLSKRHHFFEH56CC,河底段,.00,非都市： ; 非都市編定：
RPUNMLSKRHHFFAH56DC,龜山段,27.00,非都市： ; 非都市編定：
RPPNMLSKRHHFFDH98DC,水美段,2219.88,都市：農
RPTPMLTKRHHFFCH86CC,潛龍段,.53,都市：住
RPTPMLTKRHHFFCH86CC,潛龍段,36.56,都市：住
RPXPMLTKRHHFFAH17DC,國聖段,9.91,都市：工
RPPQMLTKRHHFFAH09DC,國聖段,9.91,都市：工
RPRQMLTKRHHFFAH76EC,雲林段,9.72,都市：住
RPXOMLSKRHHFFGH57DC,復旦段,88.28,都市：住
RPUOMLSKRHHFFGH37EC,廣平段,2293.20,都市：住
RPVOMLSKRHHFFGH47EC,廣德段,535.89,都市：住
RPRNMLTKRHHFFEH76DC,羊稠段,3723.00,都市：住
RPSNMLTKRHHFFBH09CC,環東段,96.00,都市：住
RPSNMLSKRHHFFFH76CC,大安段,64.06,都市：農
RPWOMLTKRHHFFAH86CC,富國段,78.00,都市：住
RPVNMLTKRHHFFAH66CC,福元段,17.48,都市：住
RPXPMLTKRHHFFBH17CC,興南段興南小段,.00,都市：商
RPWPMLTKRHHFFAH96CC,新埔段,14.46,都市：商
RPPRMLKLRHHFFAH28CC,新埔段,35.57,非都市： ; 非都市編定：
RPQSMLKLRHHFFAH48CC,桃園段武陵小段,.00,都市：商
RPQOMLKLRHHFFAH08CC,龍鳳段,39.27,都市：工
RPXRMLKLRHHFFAH09CC,三元段,14.97,都市：住
RPOSMLKLRHHFFAH28CC,慈文段,15.87,都市：住
RPTOMLKLRHHFFBH48CC,中壢埔頂段,954.00,都市：住
RPVOMLKLRHHFFBH68CC,石頭段,6073.00,都市：住
RPPOMLKLRHHFFAH08DC,公華段,.00,非都市： ; 非都市編定：
RPQPMLKLRHHFFBH38DC,自立段,18.22,都市：住
RPTNMLLLRHHFFGH98CC,新富段,.00,都市：住
RPPOMLKLRHHFFFH58DC,八塊段,42.00,都市：住
RPVOMLLLRHHFFAH68CC,中埔段,33.69,都市：住
RPRPMLLLRHHFFBH48CC,新街段,31.97,都市：住
RPTPMLLLRHHFFAH58CC,富國段,95.00,都市：住
RPQPMLKLRHHFFEH58CC,羊稠段,.00,非都市： ; 非都市編定：
RPWQMLLLRHHFFAH98CC,會稽段,.00,都市：住
RPTQMLKLRHHFFEH98CC,水尾段,.00,非都市： ; 非都市編定：
RPWQMLKLRHHFFEH66CC,河底段,.00,非都市： ; 非都市編定：
RPWNMLLLRHHFFEH09CC,河底段,.00,都市：住
RPORMLLLRHHFFAH28CC,富國段,.00,都市：住
RPVQMLKLRHHFFEH56CC,錦中段,.00,非都市： ; 非都市編定：
RPPRMLLLRHHFFAH38CC,桃園段長美小段,.00,都市：商
RPPRMLLLRHHFFAH38CC,桃園段長美小段,.00,都市：商
RPQNMLMLRHHFFBH28CC,普義段,5.17,都市：住
RPSOMLOLRHHFFAH68CC,慈文段,.08,都市：住
RPSOMLOLRHHFFAH68CC,慈文段,.46,都市：住
RPSOMLOLRHHFFAH68CC,慈文段,16.27,都市：住
RPTOMLLLRHHFFEH88CC,長興段,.00,都市：工
RPUNMLOLRHHFFDH56DC,草湳坡段埔心小段,3253.00,非都市： ; 非都市編定：
RPRNMLOLRHHFFDH78CC,草湳坡段埔心小段,90.42,都市：住
RPSNMLOLRHHFFDH98DC,頭重溪段,2530.00,非都市： ; 非都市編定：
RPVNMLOLRHHFFDH66DC,幼獅段,17892.31,非都市： ; 非都市編定：
RPPNMLOLRHHFFBH48DC,興南段興南小段,19.04,都市：商
RPTNMLOLRHHFFBH88DC,三座屋段三座屋小段,1.24,都市：住
RPTNMLOLRHHFFBH88DC,三座屋段舊社小段,5.78,都市：住
RPXNMLOLRHHFFBH66DC,新街段,6787.88,都市：住
RPPOMLOLRHHFFBH58DC,石頭段,2093.00,都市：住
RPQOMLOLRHHFFBH68DC,三座屋段舊社小段,11.50,都市：住
RPROMLOLRHHFFBH78DC,興南段興南小段,19.04,都市：商
RPPNMLOLRHHFFFH78CC,華興段,80.00,非都市：特定農業區 ; 非都市編定：甲種建築用地
RPQNMLPLRHHFFCH68CC,潛龍段,.58,都市：住
RPQNMLPLRHHFFCH68CC,潛龍段,48.00,都市：住
RPRNMLPLRHHFFCH78CC,潛龍段,.53,都市：住
RPRNMLPLRHHFFCH78CC,潛龍段,37.16,都市：住
RPPNMLOLRHHFFEH68CC,大新段,21.24,都市：商
RPUNMLOLRHHFFEH56CC,河底段,.00,都市：住
RPSSMLPLRHHFFAH66DC,新埔段,25.17,都市：商
RPVOMLPLRHHFFAH56DC,同安段,11.39,非都市： ; 非都市編定：
RPSRMLPLRHHFFAH56DC,中埔段,26.49,都市：住
RPOOMLPLRHHFFBH58DC,復興段,101.66,都市：住
RPOOMLPLRHHFFBH58DC,復興段,70.32,都市：住
RPQTMLPLRHHFFAH56DC,桃園段武陵小段,177.00,非都市： ; 非都市編定：
RPQTMLPLRHHFFAH56DC,桃園段武陵小段,163.00,非都市： ; 非都市編定：
RPQQMLPLRHHFFAH78CC,大興段,4.90,都市：其他
RPQQMLPLRHHFFAH78CC,大興段,.02,都市：其他
RPUQMLPLRHHFFAH56CC,中埔段,.00,非都市： ; 非都市編定：
RPSPMLPLRHHFFDH66DC,民生段,95.76,都市：住
RPSSMLQLRHHFFEH07CC,錦興段,4737.38,都市：住
RPXNMLPLRHHFFEH96CC,五福段,16.46,都市：其他
RPUNMLPLRHHFFEH66CC,六福段,7.55,都市：其他
RPXSMLQLRHHFFEH57CC,六福段,4722.44,都市：住
RPOOMLQLRHHFFEH88CC,大竹圍段,84.00,都市：住
RPOOMLQLRHHFFEH88CC,大竹圍段,6.00,都市：住
RPOOMLQLRHHFFEH88CC,大竹圍段,1.00,都市：住
RPOOMLQLRHHFFEH88CC,大竹圍段,24.29,都市：住
RPOOMLQLRHHFFEH88CC,大竹圍段,17.83,都市：住
RPOOMLQLRHHFFEH88CC,大竹圍段,.26,都市：住
RPOOMLQLRHHFFEH88CC,大竹圍段,.26,都市：住
RPOOMLQLRHHFFEH88CC,大竹圍段,.26,都市：住
RPOOMLQLRHHFFEH88CC,大竹圍段,7.00,都市：住
RPVNMLQLRHHFFBH56CC,自立段,18.24,都市：住
RPOPMLQLRHHFFBH68CC,健行段,5.60,都市：住
RPXOMLQLRHHFFBH86CC,健行段,52.30,都市：住
RPPQMLQLRHHFFBH88CC,石頭段,.00,非都市： ; 非都市編定：
RPXNMLQLRHHFFCH86CC,奉慈段,923.69,都市：農
RPVPMLQLRHHFFAH66CC,慈文段,.00,都市：住
RPWQMLQLRHHFFAH86CC,文化段,27.36,都市：住
RPUQMLQLRHHFFAH66CC,興華段,11.82,都市：住
RPPQMLQLRHHFFAH88DC,新埔段,48.40,都市：住
RPPRMLQLRHHFFAH88CC,興華段,36.57,都市：住
RPRNMLRLRHHFFCH98CC,三元段,.00,都市：農
RPQQMLRLRHHFFAH98CC,慈文段,.00,都市：住
RPTOMLRLRHHFFGH07CC,廣南段,.00,都市：商
RPUOMLRLRHHFFGH17CC,廣北段,.00,都市：商
RPXRMLRLRHHFFBH27CC,中原段,.00,都市：工
RPVSMLRLRHHFFBH17CC,新街段,.00,都市：住
RPPSMLRLRHHFFBH56CC,石頭段,.00,都市：商
RPPSMLRLRHHFFBH56CC,石頭段,.00,都市：商
RPPSMLRLRHHFFBH56CC,石頭段,.00,都市：商
RPPSMLRLRHHFFBH56CC,石頭段,.00,都市：商
RPRNMLRLRHHFFGH96EC,南華段,69.33,都市：住
RPRTMLRLRHHFFBH86CC,環東段,3.71,都市：住
RPRNMLSLRHHFFGH86CC,復旦段,.00,非都市： ; 非都市編定：
RPSNMLSLRHHFFEH76CC,青山段,467.89,都市：住
RPSNMLSLRHHFFEH76CC,青山段,235.99,都市：住
RPSNMLSLRHHFFEH76CC,青山段,607.09,都市：住
RPSNMLSLRHHFFEH76CC,青山段,577.81,都市：住
RPSNMLSLRHHFFEH76CC,青山段,742.11,都市：住
RPVPMLSLRHHFFAH86CC,慈文段,.00,非都市： ; 非都市編定：
RPVPMLSLRHHFFAH86CC,慈文段,.00,非都市： ; 非都市編定：
RPUQMLSLRHHFFAH86CC,慈文段,13.03,都市：住
RPUNMLSLRHHFFDH96DC,二重溪段,5320.00,非都市：山坡地保育區 ; 非都市編定：丙種建築用地
RPQOMLSLRHHFFCH09CC,成功段,12.00,都市：住
RPPNMLTLRHHFFAH78CC,興華段,133.50,都市：住
RPWNMLSLRHHFFBH96DC,工業區段二小段,75.00,非都市：工業區 ; 非都市編定：丁種建築用地
RPSNMLSLRHHFFCH66DC,烏林段,242.27,都市：其他
RPSNMLTLRHHFFAH09CC,慈文段,.00,非都市： ; 非都市編定：
RPSNMLTLRHHFFAH09CC,慈文段,.00,非都市： ; 非都市編定：
RPRNMLTLRHHFFAH98CC,富國段,16.90,非都市： ; 非都市編定：
RPTPMLLJIIHFFAH57CC,文化段,36.49,都市：商
RPVNMLLJIIHFFBH67CC,石頭段,6.69,都市：住
RPXQMLLJIIHFFBH18CC,自立段,31.72,都市：住
RPROMLLJIIHFFEH67CC,河底段,4685.92,都市：住
RPQOMLLJIIHFFDH57DC,頭洲段,150.00,都市：住
RPTPMLLJIIHFFGH18CC,廣豐段,1322.31,都市：住
RPTNMLLJIIHFFDH77DC,高榮段,2070.98,非都市：一般農業區 ; 非都市編定：甲種建築用地
RPTOMLMJIIHFFEH97CC,河底段,18.45,都市：住
RPVOMLLJIIHFFGH38DC,復旦段,70.13,都市：住
RPROMLLJIIHFFGH97DC,復旦段,70.13,都市：住
RPRRMLMJIIHFFAH67CC,中埔段,2519.00,都市：商
RPURMLMJIIHFFAH97CC,中埔段,2519.00,都市：商
RPVQMLNJIIHFFAH08CC,富國段,6634.00,都市：住
RPOTMLNJIIHFFAH67CC,中埔段,28.33,都市：住
RPSQMLNJIIHFFBH97DC,興南段興南小段,18.79,都市：其他
RPVPMLNJIIHFFEH48DC,河底段,36.44,非都市： ; 非都市編定：
RPUNMLNJIIHFFGH38DC,德育段,7.00,都市：住
RPVNMLNJIIHFFGH48DC,德育段,7.00,都市：住
RPWNMLNJIIHFFGH58DC,德育段,7.00,都市：住
RPRPMLPJIIHFFEH18CC,南崁廟口段廟口小段,29.59,都市：住
RPXPMLOJIIHFFBH38CC,後寮段,.00,非都市： ; 非都市編定：
RPOQMLOJIIHFFBH57CC,普義段,.00,非都市： ; 非都市編定：
RPPQMLOJIIHFFBH77DC,健行段,155.00,非都市： ; 非都市編定：
RPRNMLPJIIHFFBH67CC,中壢埔頂段,111.00,都市：住
RPSOMLPLRHHFFFH76DC,大和段,64.04,都市：其他
RPTOMLPLRHHFFFH86DC,大和段,64.04,都市：其他
RPTOMLQLRHHFFFH86CC,興豐段,14.65,都市：住
RPTOMLQLRHHFFFH86CC,興豐段,6.73,都市：住
RPVPMLPJIIHFFBH28CC,自立段,30.00,都市：住
RPOOMLPJIIHFFBH57DC,新街段,.00,非都市： ; 非都市編定：
RPWNMLPJIIHFFBH18CC,石頭段,12.75,都市：住
RPPSMLPJIIHFFAH87CC,埔子段埔子小段,.00,都市：住
RPXRMLPJIIHFFAH58CC,埔子段埔子小段,.00,都市：住
RPWRMLPJIIHFFAH48CC,江南段,6.35,都市：住
RPWOMLPJIIHFFBH38DC,自立段,30.00,都市：住
RPTQMLPJIIHFFBH28DC,自立段,6.29,都市：住
RPSQMLPJIIHFFEH38CC,錦興段,.00,都市：住
RPTQMLPJIIHFFEH48CC,河底段,16.92,都市：住
RPVNMLSJIIHFFCH48CC,埔頂段,43.00,都市：住
RPPNMLQJIIHFFCH67CC,潛龍段,36.56,都市：住
RPPNMLQJIIHFFCH67CC,潛龍段,.53,都市：住
RPQQMLSJIIHFFAH08CC,興華段,.00,都市：住
RPUOMLSJIIHFFDH68DC,幼獅段,3569.85,都市：工
RPOOMLTJIIHFFBH87CC,仁德段,47.35,都市：住
RPOOMLTJIIHFFBH87CC,仁德段,16.65,都市：住
RPPOMLTJIIHFFBH97CC,自立段,35.39,都市：住
RPROMLTJIIHFFBH18CC,環東段,96.00,都市：住
RPUPMLTJIIHFFAH48CC,寶山段,7.70,都市：住
RPXRMLTJIIHFFAH98CC,富國段,.00,都市：住
RPXRMLTJIIHFFAH98CC,富國段,.00,都市：住
RPOSMLPJIIHFFAH77CC,中埔段,.00,都市：住
RPQSMLPJIIHFFAH97CC,江南段,11.86,都市：住
RPRRMLTJIIHFFAH48DC,會稽段,3420.99,都市：住
RPTPMLTJIIHFFBH58DC,石頭段,94.91,都市：住
RPPOMLKKIIHFFGH67CC,廣南段,23.20,都市：住
RPTOMLKKIIHFFDH87DC,富岡段,1011.00,都市：工
RPPNMLSJIIHFFFH18CC,大竹段,64.39,都市：住
RPOOMLPJIIHFFFH87CC,高城段,.00,都市：住
RPQNMLKKIIHFFAH07CC,興華段,13.94,都市：商
RPUNMLKKIIHFFAH47CC,大有段,10213.57,都市：住
RPTNMLKKIIHFFAH37CC,東門段,1522.00,都市：住
RPRNMLKKIIHFFAH17CC,大有段,5433.08,都市：住
RPSNMLKKIIHFFAH27CC,同安段,1887.00,都市：住
RPVNMLKKIIHFFAH57CC,中路段,56.00,都市：住
RPVNMLKKIIHFFBH67CC,健行段,5.60,都市：住
RPWNMLKKIIHFFBH77CC,健行段,5.60,都市：住
RPQRMLLKIIHFFAH57CC,建國段,.00,都市：住
RPORMLLKIIHFFAH37CC,同安段,163.35,都市：住
RPXOMLLKIIHFFBH08CC,自立段,30043.00,都市：住
RPQQMLLKIIHFFAH47CC,中埔段,9.59,都市：住
RPRRMLLKIIHFFAH67CC,同安段,56.49,都市：住
RPSRMLLKIIHFFAH77CC,桃鶯段,1553.02,都市：住
RPOOMLLKIIHFFGH67CC,平東段,83.92,都市：其他
RPPNMLLKIIHFFFH67DC,大和段,14.99,都市：住
RPQOMLLKIIHFFGH87CC,東安段,56.20,都市：住
RPOOMLLKIIHFFFH67DC,茄苳段,82.00,都市：工
RPQNMLLKIIHFFFH77DC,明智段,24.17,都市：住
RPXRMLLKIIHFFAH48EC,龍華段,4.64,都市：住
RPQNMLLKIIHFFBH37DC,青溪段,26.59,都市：住
RPOPMLLKIIHFFBH37DC,三座屋段舊社小段,64.00,都市：商
RPXNMLLKIIHFFCH08CC,九座寮段,3646.00,非都市：一般農業區 ; 非都市編定：農牧用地
RPOOMLLKIIHFFCH27CC,五福段,76.14,都市：商
RPTOMLLKIIHFFCH77CC,大湖段,50.83,都市：住
RPPOMLMKIIHFFBH47DC,興南段興南小段,.00,非都市： ; 非都市編定：
RPXNMLMKIIHFFBH18DC,興南段興南小段,.00,非都市： ; 非都市編定：
RPWOMLMKIIHFFBH18DC,新街段,26.72,都市：住
RPVNMLLKIIHFFDH97CC,二重溪段,15.92,都市：住
RPVOMLMKIIHFFAH87CC,楓樹坑段楓樹坑小段,167.00,都市：農
RPVOMLMKIIHFFAH87CC,楓樹坑段楓樹坑小段,167.00,都市：農
RPVOMLMKIIHFFAH87CC,楓樹坑段楓樹坑小段,167.00,都市：農
RPSNMLMKIIHFFAH47CC,富國段,58.00,都市：住
RPUPMLMKIIHFFAH87CC,三元段,6742.20,都市：其他
RPPQMLMKIIHFFBH67DC,新街段,5867.93,都市：商
RPTNMLNKIIHFFAH67CC,新埔段,10.98,都市：住
RPTNMLNKIIHFFAH67CC,新埔段,.33,都市：住
RPTNMLNKIIHFFAH67CC,新埔段,5.71,都市：住
RPTNMLNKIIHFFAH67CC,新埔段,2.58,都市：住
RPTNMLNKIIHFFAH67CC,新埔段,.63,都市：住
RPTNMLNKIIHFFAH67CC,新埔段,6.31,都市：住
RPTNMLNKIIHFFAH67CC,新埔段,.24,都市：住
RPRNMLLKIIHFFFH77CC,同福段,23.67,都市：住
RPUNMLMKIIHFFFH18CC,廣福段,10.45,都市：住
RPVPMLPKIIHFFAH28CC,和平段,12.62,都市：住
RPRRMLPKIIHFFAH08CC,明興段,1074.62,都市：住
RPVRMLPKIIHFFAH48CC,中路段,62.00,都市：住
RPVRMLPKIIHFFAH48CC,中路段,48.00,都市：住
RPURMLPKIIHFFAH38CC,忠義段,3230.58,都市：住
RPWRMLPKIIHFFAH58CC,小檜溪段,687.00,都市：住
RPRQMLPKIIHFFBH18DC,大華段,50.00,都市：住
RPTQMLPKIIHFFBH38DC,中工段,16.40,都市：住
RPVQMLPKIIHFFBH58DC,復興段,25.16,都市：住
RPTRMLPKIIHFFBH48DC,興南段興南小段,2877.69,非都市： ; 非都市編定：
RPRRMLPKIIHFFBH28DC,興南段興南小段,2877.69,非都市： ; 非都市編定：
RPPOMLPKIIHFFFH08CC,茄明段,9.86,都市：住
RPTNMLPKIIHFFCH08CC,龍吟段,29.75,都市：住
RPUNMLPKIIHFFCH18CC,龍吟段,29.75,都市：住
RPVNMLPKIIHFFCH28CC,中興段,8.36,非都市：鄉村區 ; 非都市編定：乙種建築用地
RPVNMLPKIIHFFCH28CC,中興段,8.36,非都市：鄉村區 ; 非都市編定：乙種建築用地
RPRNMLPKIIHFFGH38DC,湧豐段,72.33,都市：其他
RPRNMLPKIIHFFGH38DC,湧豐段,10.70,都市：其他
RPTNMLQKIIHFFGH68DC,復旦段,18.75,都市：住
RPVPMLQKIIHFFBH48CC,復興段,15.00,都市：住
RPQOMLTJIIHFFEH38CC,南新段,4020.29,都市：住
RPUOMLMKIIHFFEH18CC,南崁廟口段廟口小段,.00,非都市： ; 非都市編定：
RPXOMLPKIIHFFEH78CC,大竹圍段,851.08,都市：住
RPUNMLSJIIHFFEH58CC,大新段,16.46,都市：住
RPWNMLSJIIHFFEH78CC,大竹圍段,34.85,都市：住
RPQPMLTJIIHFFEH48CC,河底段,.00,非都市： ; 非都市編定：
RPTRMLRKIIHFFBH58CC,環東段,75.00,都市：住
RPOQMLRKIIHFFAH87CC,法政段,2949.00,都市：其他
RPSSMLRKIIHFFAH48CC,福元段,6.57,非都市： ; 非都市編定：
RPOSMLRKIIHFFAH08CC,福元段,17.24,都市：住
RPTOMLRKIIHFFGH88DC,平東段,.00,都市：住
RPVRMLRKIIHFFAH68CC,中路段,21.83,都市：住
RPXOMLRKIIHFFDH98DC,秀才段,456.10,非都市：一般農業區 ; 非都市編定：甲種建築用地
RPWOMLRKIIHFFDH88DC,崩坡段崩坡小段,5100.00,非都市：山坡地保育區 ; 非都市編定：丙種建築用地
RPPPMLRKIIHFFBH08DC,自立段,23.07,都市：住
RPOOMLRKIIHFFEH08CC,大竹圍段,119.81,都市：住
RPPOMLRKIIHFFEH18CC,大新段,16.04,都市：住
RPQOMLRKIIHFFEH28CC,大竹圍段,22.00,都市：商
RPQOMLRKIIHFFEH28CC,大竹圍段,59.00,都市：商
RPXPMLSKIIHFFAH78CC,新埔段,12.74,都市：住
RPWQMLSKIIHFFAH78CC,國聖段,23.73,都市：住
RPWNMLSKIIHFFGH56DC,南華段,95.54,都市：其他
RPORMLSKIIHFFAH08CC,慈文段,3469.00,都市：住
RPOSMLSKIIHFFAH18CC,中埔段,16.81,都市：商
RPUNMLSKIIHFFDH68DC,草湳坡段草湳坡小段,106.90,都市：商
RPOPMLRKIIHFFDH18DC,草湳坡段埔心小段,965.00,非都市： ; 非都市編定：
RPXNMLSKIIHFFDH98DC,草湳坡段埔心小段,85.00,都市：住
RPXNMLSKIIHFFBH68CC,三座屋段舊社小段,.00,非都市： ; 非都市編定：
RPXOMLTKIIHFFBH88CC,忠福段,1.00,都市：住
RPXOMLTKIIHFFBH88CC,忠福段,112.00,都市：住
RPOOMLSKIIHFFBH87CC,三座屋段舊社小段,11.71,都市：住
RPOPMLTKIIHFFBH08CC,興南段興南小段,72.00,都市：住
RPQOMLTKIIHFFAH08CC,和平段,87.00,都市：住
RPTRMLTKIIHFFAH68CC,樂善段,99.00,非都市： ; 非都市編定：
RPPRMLTKIIHFFAH28CC,埔子段埔子小段,.00,都市：商
RPWRMLTKIIHFFAH98CC,中埔段,.00,都市：住
RPPPMLTKIIHFFBH28DC,東寮段,122.48,都市：商
RPPPMLTKIIHFFBH28DC,東寮段,9.26,都市：商
RPPPMLTKIIHFFBH28DC,東寮段,33.95,都市：商
RPQPMLTKIIHFFBH38DC,自立段,5.26,都市：住
RPPPMLTKIIHFFFH58CC,大華段,.00,都市：住
RPRRMLSKIIHFFEH78CC,南青段,368.83,都市：住
RPRRMLSKIIHFFEH78CC,南青段,783.75,都市：農
RPRPMLTKIIHFFBH48DC,環東段,5.32,都市：住
RPRNMLTKIIHFFEH48CC,河底段,13.42,都市：住
RPTRMLTKIIHFFEH09CC,內海墘段,69.00,非都市：鄉村區 ; 非都市編定：乙種建築用地
RPWNMLTKIIHFFGH66DC,廣南段,12.57,都市：住
RPUNMLTKIIHFFGH09DC,廣東段,98.00,都市：住
RPSNMLTKIIHFFEH58CC,河底段,.00,都市：住
RPSNMLKLIIHFFAH37CC,大樹林段,83.00,都市：其他
RPWPMLMLIIHFFAH18CC,和平段,23.17,都市：其他
RPRNMLMLIIHFFBH67DC,復興段,70.32,都市：住
RPRNMLMLIIHFFBH67DC,復興段,101.66,都市：住
RPSNMLMLIIHFFBH77DC,自立段,9610.00,都市：住
RPUNMLMLIIHFFBH97DC,忠孝段,78.00,都市：住
RPWPMLMLIIHFFBH38DC,遠東段,6.83,都市：其他
RPPNMLMLIIHFFGH97DC,復旦段,14.30,都市：住
RPROMLNLIIHFFDH18EC,幼獅段,7.90,非都市： ; 非都市編定：
RPXNMLNLIIHFFBH38DC,青平段,20.79,都市：住
RPSPMLOLIIHFFBH08CC,仁美段,43.00,都市：其他
RPSPMLOLIIHFFBH08CC,仁美段,5.00,都市：其他
RPRQMLOLIIHFFBH08CC,石頭段,.00,都市：住
RPRQMLOLIIHFFBH08CC,石頭段,.00,都市：住
RPTQMLOLIIHFFBH28CC,振興段,.00,都市：住
RPTQMLOLIIHFFBH28CC,振興段,.00,都市：住
RPVQMLOLIIHFFBH48CC,普義段,.00,都市：住
RPVQMLOLIIHFFBH48CC,普義段,.00,都市：住
RPPNMLOLIIHFFAH47CC,東門段,2.99,都市：住
RPRNMLNLIIHFFEH97CC,錦興段,7142.03,都市：住
RPPPMLMLIIHFFEH87CC,坑子口段海湖小段,32.95,都市：其他
RPQNMLKLIIHFFEH57CC,羊稠段,.00,非都市： ; 非都市編定：
RPRNMLKLIIHFFEH67CC,南崁廟口段羊稠坑小段,.00,非都市： ; 非都市編定：
RPPNMLKLIIHFFEH47CC,五福段,.00,非都市： ; 非都市編定：
RPUNMLOLIIHFFAH97CC,大有段,9.39,都市：其他
RPVQMLMLIIHFFEH58CC,錦明段,19.55,都市：其他
RPTPMLMLIIHFFEH28CC,錦明段,86.63,都市：其他
RPPQMLOLIIHFFAH77CC,大興段,.00,都市：住
RPPQMLOLIIHFFAH77CC,大興段,.00,都市：住
RPUPMLOLIIHFFEH58CC,六福段,4722.44,都市：住
RPWQMLPLIIHFFAH58CC,小檜溪段,379.00,都市：其他
RPSTMLPLIIHFFAH48CC,興華段,.00,都市：商
RPSSMLQLIIHFFAH48CC,埔子段埔子小段,375.00,都市：住
RPPQMLQLIIHFFBH08CC,青平段,88.01,都市：住
RPPPMLQLIIHFFEH28CC,河底段,.00,都市：住
RPWSMLQLIIHFFAH88CC,南崁頂段陳厝坑小段,717.00,都市：農
RPWSMLQLIIHFFAH88CC,南崁頂段陳厝坑小段,717.00,都市：農
RPWSMLQLIIHFFAH88CC,南崁頂段陳厝坑小段,717.00,都市：農
RPPTMLQLIIHFFAH28CC,富國段,21.21,都市：住
RPPTMLQLIIHFFAH28CC,富國段,.09,都市：住
RPRPMLQLIIHFFBH28DC,青平段,88.01,都市：住
RPWOMLQLIIHFFAH58DC,大有段,26.86,都市：住
RPQNMLRLIIHFFAH87CC,大有段,1818.46,都市：住
RPRNMLRLIIHFFAH97CC,玉山段,285.74,都市：住
RPSNMLRLIIHFFAH08CC,龍安段,1416.00,都市：住
RPTNMLRLIIHFFAH18CC,忠義段,3230.58,都市：住
RPVOMLTLIIHFFAH68CC,中埔段,63.93,都市：商
RPUNMLRLIIHFFAH28CC,埔子段埔子小段,3899.00,都市：住
RPRQMLTLIIHFFAH48CC,忠義段,3.86,都市：其他
RPXQMLTLIIHFFAH09CC,慈文段,21.68,都市：住
RPTTMLKMIIHFFAH28DC,東門段,.00,非都市： ; 非都市編定：
RPSNMLOLIIHFFFH38DC,明智段,24.84,都市：住
RPROMLTLIIHFFDH68DC,員本段,51.84,非都市：特定農業區 ; 非都市編定：甲種建築用地
RPWNMLKMIIHFFDH28DC,草湳坡段埔心小段,47.00,非都市： ; 非都市編定：
RPORMLPLIIHFFEH28CC,六福段,393.45,都市：工
RPPQMLPLIIHFFEH28CC,河底段,.00,非都市： ; 非都市編定：
RPUOMLTLIIHFFDH98DC,大金山下段大金山下小段,5637.00,都市：住
RPPRMLKMIIHFFAH57CC,興華段,2.38,都市：商
RPURMLKMIIHFFAH08CC,興華段,58.66,都市：住
RPPOMLKMIIHFFBH37CC,自立段,945.00,都市：住
RPPRMLKMIIHFFBH67CC,忠孝段,35.40,都市：住
RPRRMLKMIIHFFBH87CC,忠孝段,20.72,都市：住
RPWRMLKMIIHFFAH28CC,龍安段,.00,都市：商
RPQOMLLMIIHFFBH67DC,新街段,8.59,都市：住
RPVOMLLMIIHFFBH18DC,新街段,17.25,都市：住
RPQPMLLMIIHFFBH77DC,新街段,8.59,都市：住
RPPPMLLMIIHFFBH67DC,新街段,17.25,都市：住
RPSNMLKMIIHFFFH97CC,大義段,22.99,都市：住
RPRNMLTLIIHFFFH78DC,桃德段,82.44,都市：工
RPSNMLQLIIHFFGH68DC,廣豐段,29.25,都市：住
RPTNMLOLIIHFFGH58DC,廣西段,5.74,都市：住
RPTNMLOLIIHFFGH58DC,廣南段,32.54,都市：住
