﻿編號,土地區段位置,土地移轉面積平方公尺,使用分區或編定
The serial number,land sector position,land shifting area square meter,the use zoning or compiles and checks
RPRNMLKLQHHFFAI08EA,榮段四小段,26.67,都市：住
RPRNMLKLQHHFFAI08EA,榮段四小段,24.33,都市：住
RPQNMLTJQHHFFAI48CA,竹圍子段三小段,26.70,都市：住
RPPNMLPKQHHFFAI08CA,北社尾段保安小段,97.00,都市：其他
RPPNMLKKQHHFFAI77EA,劉厝段劉厝小段,76.00,都市：住
RPPNMLOLQHHFFAI08CA,軍輝段,5.78,都市：住
RPPNMLOLQHHFFAI08CA,軍輝段,65.00,都市：住
RPPNMLOLQHHFFAI08CA,軍輝段,9.80,都市：住
RPRNMLSJQHHFFAI48CA,白川段,34.83,都市：住
RPQNMLSJQHHFFAI38CA,竹圍子段一小段,140.00,都市：住
RPPNMLSJQHHFFAI38DA,興村段,83.00,都市：住
RPPNMLKKQHHFFAI67DA,竹圍子段,2.00,都市：工
RPRNMLSLQHHFFAI68CA,興村段,27.00,都市：住
RPRNMLSLQHHFFAI68CA,興村段,107.00,都市：住
RPPNMLTJQHHFFAI58EA,埤子頭段,17.93,都市：住
RPQNMLRKQHHFFAI58EA,車店段,688.00,都市：其他
RPQNMLRKQHHFFAI58EA,車店段,1790.00,都市：工
RPQNMLRKQHHFFAI58EA,車店段,1093.00,都市：工
RPQNMLRKQHHFFAI58EA,車店段,238.00,都市：工
RPQNMLRKQHHFFAI58EA,車店段,3131.00,都市：工
RPQNMLRKQHHFFAI58EA,車店段,71.00,都市：其他
RPQNMLRKQHHFFAI58EA,車店段,3270.00,都市：工
RPQNMLRKQHHFFAI58EA,車店段,132.00,都市：其他
RPTNMLKMQHHFFAI38EA,短竹段,5.00,都市：其他
RPPNMLLMQHHFFAI97DA,檜段五小段,99.00,都市：商
RPUNMLLMQHHFFAI58EA,北園段,3796.00,都市：農
RPUNMLLMQHHFFAI58EA,北園段,17.00,都市：農
RPOOMLOJRHHFFAI08DA,檜段五小段,99.00,都市：商
RPTNMLLMQHHFFAI48EA,北園段,845.00,都市：農
RPTNMLSLQHHFFAI88CA,台斗坑段,73.00,都市：住
RPXNMLQJRHHFFAI98CA,盧厝段,101.00,都市：住
RPPNMLNJRHHFFAI87CA,短竹段,13.33,都市：住
RPRNMLNKQHHFFAI28EA,竹圍子段,20.18,都市：住
RPQNMLOLQHHFFAI18CA,下路頭段,30.46,都市：住
RPSNMLPKQHHFFAI48DA,港子坪段港坪小段,14.20,都市：住
RPPNMLOKQHHFFAI18EA,太平段,17.69,都市：住
RPTNMLQJRHHFFAI58CA,埤子頭段,37.00,都市：住
RPRNMLQKQHHFFAI38CA,車店段車店小段,7.02,都市：住
RPTNMLNKQHHFFAI48EA,同興段,12.30,都市：住
RPQNMLKLQHHFFAI77CA,太平段,17.71,都市：住
RPQNMLKLQHHFFAI77CA,盧厝段,7.29,都市：住
RPPNMLOKQHHFFAI08DA,北社尾段保安小段,9.45,都市：住
RPRNMLRKQHHFFAI68EA,玉川段,83.50,都市：住
RPWNMLPKQHHFFAI98EA,車店段,34.51,都市：住
RPWNMLPKQHHFFAI98EA,白川段,3.27,都市：住
RPSNMLOLQHHFFAI38CA,北園段,24.82,都市：住
RPSNMLOLQHHFFAI38CA,北園段,90.00,都市：住
RPRNMLOLQHHFFAI28CA,元段三小段,45.00,都市：商
RPRNMLOLQHHFFAI28CA,元段三小段,19.00,都市：商
RPRNMLOLQHHFFAI28CA,元段三小段,33.00,都市：商
RPTNMLOLQHHFFAI48CA,車店段車店小段,14.75,都市：住
RPTNMLOLQHHFFAI48CA,車店段車店小段,83.00,都市：住
RPQNMLPKQHHFFAI18CA,車店段車店小段,57.00,都市：商
RPQNMLPKQHHFFAI18CA,車店段車店小段,57.00,都市：商
RPPNMLQKQHHFFAI18CA,港子坪段港坪小段,19.32,都市：住
RPXNMLPKQHHFFAI09EA,黑金段,71.00,都市：住
RPRNMLKLQHHFFAI87CA,盧厝段,46.00,都市：其他
RPQNMLQKQHHFFAI38DA,車店段車店小段,6.37,都市：住
RPUNMLPKQHHFFAI78EA,興村段,9.40,都市：住
RPQNMLSLQHHFFAI58CA,新富段七小段,2.36,都市：其他
RPSNMLPJRHHFFAI58EA,劉厝段,.50,都市：其他
RPSNMLPJRHHFFAI58EA,劉厝段,4.90,都市：其他
RPSNMLPJRHHFFAI58EA,劉厝段,1.09,都市：其他
RPSNMLPJRHHFFAI58EA,劉厝段,1.85,都市：其他
RPSNMLPJRHHFFAI58EA,劉厝段,62.82,都市：住
RPSNMLPJRHHFFAI58EA,劉厝段,3.32,都市：其他
RPSNMLPJRHHFFAI58EA,劉厝段,.05,都市：其他
RPSNMLPJRHHFFAI58EA,劉厝段,7.89,都市：其他
RPSNMLPJRHHFFAI58EA,劉厝段,.06,都市：其他
RPSNMLPJRHHFFAI58EA,劉厝段,.02,都市：其他
RPSNMLPJRHHFFAI58EA,劉厝段,1.00,都市：其他
RPSNMLPJRHHFFAI58EA,劉厝段,1.34,都市：其他
RPSNMLPJRHHFFAI58EA,劉厝段,.01,都市：其他
RPSNMLPJRHHFFAI58EA,劉厝段,.04,都市：其他
RPSNMLPJRHHFFAI58EA,劉厝段劉厝小段,157.60,都市：農
RPQNMLRJRHHFFAI58EA,檜段二小段,155.00,都市：住
RPOOMLPJRHHFFAI08CA,白川段,36.96,都市：住
RPTNMLKKRHHFFAI08CA,遠東段,19.60,都市：住
RPTNMLRKQHHFFAI68CA,下路頭段,124.00,都市：住
RPRNMLLLQHHFFAI97CA,頂庄段,353.50,都市：農
RPRNMLLLQHHFFAI97CA,頂庄段,353.50,都市：農
RPRNMLLLQHHFFAI97CA,頂庄段,1.00,都市：住
RPRNMLLLQHHFFAI97CA,頂庄段,1.00,都市：住
RPRNMLLLQHHFFAI97CA,頂庄段,3.50,都市：住
RPRNMLLLQHHFFAI97CA,頂庄段,3.50,都市：住
RPQNMLTLQHHFFAI68CA,民族段六小段,75.00,都市：住
RPQNMLTLQHHFFAI68CA,民族段六小段,18.00,都市：其他
RPSNMLLMQHHFFAI18CA,埤子頭段,21.35,都市：住
RPRNMLRKQHHFFAI58DA,短竹段,13.33,都市：住
RPSNMLKLQHHFFAI97CA,劉厝段玉山小段,302.39,都市：住
RPRNMLRLQHHFFAI78EA,太平段,13.67,都市：住
RPRNMLRLQHHFFAI58CA,車店段車店小段,131.00,都市：住
RPRNMLMLQHHFFAI28EA,劉厝段劉厝小段,7.63,都市：住
RPRNMLRJRHHFFAI58DA,劉厝段玉山小段,226.32,都市：住
RPSNMLLLQHHFFAI28EA,彌陀段,376.00,都市：住
RPSNMLLLQHHFFAI28EA,彌陀段,325.00,都市：其他
RPSNMLLLQHHFFAI28EA,彌陀段,160.00,都市：住
RPXNMLKKRHHFFAI68EA,車店段,33.00,都市：住
RPXNMLKKRHHFFAI68EA,白川段,46.00,都市：住
RPUNMLRLQHHFFAI88CA,湖內段,13.20,都市：住
RPPNMLRLQHHFFAI38CA,彌陀段,23.61,都市：住
RPRNMLKKRHHFFAI87CA,盧厝段,43.56,都市：住
RPQNMLQJRHHFFAI28CA,埤子頭段,12.26,非都市： ; 非都市編定：
RPQNMLQJRHHFFAI28CA,埤子頭段,13.93,非都市： ; 非都市編定：
RPSNMLKKRHHFFAI97CA,車店段車店小段,27.77,都市：住
RPPOMLMLQHHFFAI97CA,車店段車店小段,94.00,都市：住
RPRNMLNLQHHFFAI18CA,中山段七小段,8.00,都市：住
RPRNMLNLQHHFFAI18CA,中山段七小段,23.00,都市：住
RPRNMLNLQHHFFAI18CA,中山段七小段,198.00,都市：住
RPRNMLNLQHHFFAI18CA,中山段七小段,20.00,都市：住
RPSNMLMLQHHFFAI18CA,盧厝段,93.00,都市：住
RPQNMLRLQHHFFAI48CA,北園段,80.00,都市：住
RPQNMLRLQHHFFAI48CA,北園段,.23,都市：住
RPTNMLLLQHHFFAI18CA,北社尾段,60.00,都市：住
RPTNMLLLQHHFFAI18CA,北社尾段,15.00,都市：住
RPSNMLRLQHHFFAI88EA,軍輝段,79.00,都市：住
RPUNMLLMQHHFFAI38CA,新富段七小段,15.21,都市：商
RPVNMLLMQHHFFAI48CA,東川段,7.18,都市：住
RPOOMLMLQHHFFAI08EA,太平段,22.52,都市：住
SPOOMLMLQHHFFAI18EA,太平段,22.52,都市：住
RPUNMLOLQHHFFAI58CA,下路頭段,24.03,都市：住
RPPNMLMLQHHFFAI87CA,白川段,5.00,都市：其他
RPUNMLSLQHHFFAI98CA,竹圍子段三小段,20.71,都市：住
RPSNMLLLQHHFFAI08CA,盧厝段,16.60,都市：住
RPSNMLLLQHHFFAI08CA,盧厝段,15.20,都市：住
RPSNMLLLQHHFFAI08CA,盧厝段,62.00,都市：住
RPSNMLLLQHHFFAI08CA,盧厝段,1.00,都市：住
RPTNMLLLQHHFFAI38EA,興村段,2.60,都市：住
RPTNMLLLQHHFFAI38EA,興村段,15.70,都市：住
RPRNMLLLQHHFFAI18EA,車店段,70.00,都市：住
RPTNMLMLQHHFFAI28CA,榮段三小段,97.00,都市：商
RPSNMLMLQHHFFAI38EA,遠東段,239.00,都市：工
RPTNMLMLQHHFFAI48EA,遠東段,38.00,都市：農
RPQNMLRLQHHFFAI68EA,崎頂段,202.00,都市：農
RPQNMLNLQHHFFAI28EA,埤子頭段,14.38,都市：住
RPTNMLRLQHHFFAI98EA,車店段,68.00,都市：住
RPQNMLNLQHHFFAI18DA,下路頭段,159.00,都市：住
RPQNMLNLQHHFFAI18DA,下路頭段,9.60,都市：住
RPTNMLLKRHHFFAI18CA,北社尾段保安小段,14.47,都市：住
RPVNMLKKRHHFFAI28CA,台斗坑段,.34,都市：住
RPSNMLOJRHHFFAI28CA,竹圍子段,3.19,都市：住
RPPNMLKMQHHFFAI77CA,新富段二小段,21.86,都市：住
RPRNMLLMQHHFFAI28EA,下路頭段,28.00,都市：住
RPVNMLQJRHHFFAI78CA,埤子頭段,11.57,都市：住
RPVNMLQJRHHFFAI78CA,埤子頭段,13.14,都市：住
RPRNMLNKRHHFFAI18CA,竹圍子段三小段,120.00,都市：住
RPUNMLNKRHHFFAI48CA,短竹段,14.64,都市：住
RPTNMLLMQHHFFAI28CA,興村段,32.90,都市：住
RPWNMLLMQHHFFAI58CA,元段三小段,46.00,都市：商
RPOOMLLKRHHFFAI77CA,白川段,34.15,都市：住
RPXNMLLKRHHFFAI58CA,白川段,34.25,都市：住
RPVNMLOKRHHFFAI88EA,車店段車店小段,35.01,都市：住
RPQNMLOKRHHFFAI18CA,台斗坑段,1.75,都市：住
RPQNMLOKRHHFFAI18CA,台斗坑段,1.83,都市：住
RPQNMLOKRHHFFAI18CA,台斗坑段,17.25,都市：住
RPQNMLOKRHHFFAI18CA,台斗坑段,91.00,都市：住
RPQNMLOKRHHFFAI18CA,台斗坑段,14.00,都市：住
RPPOMLOJRHHFFAI08CA,下路頭段,476.00,都市：住
RPPOMLOJRHHFFAI08CA,下路頭段,28.80,都市：住
RPPOMLOJRHHFFAI08CA,下路頭段,312.00,都市：住
RPPOMLOJRHHFFAI08CA,下路頭段,9.00,都市：住
RPPNMLTLQHHFFAI58CA,東門段八小段,166.00,都市：住
RPSNMLNJRHHFFAI38EA,同興段,1026.00,都市：農
RPPNMLNJRHHFFAI08EA,埤子頭段,8.96,都市：住
RPTNMLTKRHHFFAI98CA,竹圍子段,123.00,都市：住
RPTNMLTKRHHFFAI98CA,竹圍子段,50.00,都市：住
RPTNMLTKRHHFFAI98CA,竹圍子段,68.34,都市：住
RPSNMLTKRHHFFAI98DA,下路頭段,1.00,都市：住
RPTNMLRJRHHFFAI78DA,北社尾段保安小段,98.00,都市：住
RPRNMLTLQHHFFAI78CA,竹圍子段三小段,13.67,都市：住
RPSNMLSKRHHFFAI78CA,北社尾段保安小段,22.62,都市：住
RPUNMLLKRHHFFAI28CA,北社尾段保安小段,147.00,都市：住
RPSNMLNKRHHFFAI28CA,短竹段,7.90,都市：住
RPQNMLSLQHHFFAI78EA,北社尾段,53.00,都市：住
RPSNMLTLQHHFFAI88CA,軍輝段,141.00,都市：住
RPSNMLPJRHHFFAI38CA,港子坪段,22.99,非都市： ; 非都市編定：
RPQNMLLMQHHFFAI18EA,盧厝段,13.58,都市：住
RPRNMLOJRHHFFAI18CA,太平段,81.00,都市：住
RPQNMLKMQHHFFAI87CA,頂庄段,339.00,都市：農
RPUNMLQJRHHFFAI68CA,白川段,34.83,都市：住
RPRNMLKMQHHFFAI97CA,短竹段,23.00,都市：住
RPRNMLKMQHHFFAI97CA,短竹段,72.00,都市：住
RPSNMLKMQHHFFAI08CA,後庄段,81.00,都市：住
RPRNMLKMQHHFFAI18EA,育人段,113.21,都市：農
RPSNMLKMQHHFFAI28EA,劉厝段劉厝小段,26.81,都市：住
RPSNMLKMQHHFFAI28EA,劉厝段劉厝小段,1.00,都市：住
RPSNMLKMQHHFFAI28EA,劉厝段劉厝小段,8.40,都市：住
RPPNMLRJRHHFFAI28CA,太平段,14.88,都市：住
RPPNMLRJRHHFFAI28CA,盧厝段,6.12,都市：住
RPSNMLLMQHHFFAI38EA,下路頭段,.17,都市：住
RPSNMLLMQHHFFAI38EA,下路頭段,154.00,都市：住
RPRNMLRJRHHFFAI68EA,劉厝段玉山小段,97.67,都市：住
RPUNMLOKRHHFFAI78EA,同興段,209.85,都市：工
RPUNMLOKRHHFFAI78EA,同興段,34.65,都市：工
RPUNMLOKRHHFFAI78EA,同興段,46.50,都市：工
RPUNMLRJRHHFFAI98EA,竹圍子段二小段,21.29,都市：住
RPTNMLRJRHHFFAI88EA,盧厝段,10.00,都市：住
RPTNMLRJRHHFFAI88EA,盧厝段,149.00,都市：住
RPSNMLNJRHHFFAI18CA,彌陀段,97.00,都市：住
RPRNMLLKRHHFFAI08DA,新富段五小段,32.33,都市：商
RPQNMLQJRHHFFAI48EA,港子坪段,2362.00,都市：住
RPSNMLKLRHHFFAI08CA,車店段,26.80,都市：住
RPSNMLKLRHHFFAI08CA,車店段,1.63,都市：住
RPQOMLLKRHHFFAI97CA,竹圍子段,141.00,都市：住
RPQOMLLKRHHFFAI97CA,竹圍子段,47.00,都市：住
RPROMLLKRHHFFAI08CA,竹圍子段,55.00,都市：住
RPQNMLOJRHHFFAI08CA,元段六小段,64.00,都市：商
RPOOMLOKRHHFFAI08CA,太平段,10.45,都市：住
RPXNMLPJRHHFFAI88CA,盧厝段,406.00,都市：住
RPQNMLPJRHHFFAI38EA,竹圍子段二小段,21.29,都市：住
RPPNMLOJRHHFFAI08DA,車店段車店小段,298.00,都市：住
RPVNMLRJRHHFFAI09EA,短竹段,4.76,都市：住
RPSOMLLKRHHFFAI18CA,車店段車店小段,155.00,都市：住
RPSOMLLKRHHFFAI18CA,車店段車店小段,43.00,都市：住
RPXNMLLJIIHFFAI87EA,竹圍子段三小段,30.51,都市：住
RPPNMLOLRHHFFAI18CA,盧厝段,114.00,都市：住
RPPNMLOLRHHFFAI18CA,盧厝段,786.00,都市：住
RPPNMLOLRHHFFAI18CA,盧厝段,23.33,都市：其他
RPRNMLPJRHHFFAI28CA,車店段車店小段,1.50,非都市： ; 非都市編定：
RPRNMLPJRHHFFAI28CA,車店段車店小段,3.94,非都市： ; 非都市編定：
RPQNMLLMQHHFFAI08DA,竹圍子段,120.00,都市：住
RPXNMLNKRHHFFAI78CA,下路頭段,101.00,都市：住
RPQNMLLKRHHFFAI87CA,北社尾段保安小段,98.00,都市：住
RPTNMLNJRHHFFAI48EA,短竹段,12.21,都市：商
RPTNMLNJRHHFFAI48EA,短竹段,10.22,都市：商
RPQNMLNJRHHFFAI18EA,白川段,14.00,都市：住
RPQNMLNJRHHFFAI18EA,白川段,128.00,都市：住
RPROMLNKRHHFFAI28CA,後庄段,70.00,都市：住
RPPNMLQJRHHFFAI18CA,後庄段,215.00,都市：住
SPVNMLPLRHHFFAI98CA,北社尾段,14.24,都市：住
RPSNMLOKRHHFFAI38CA,遠東段,20.53,都市：住
RPTNMLOKRHHFFAI48CA,遠東段,16.80,都市：住
RPSNMLQJRHHFFAI68EA,港子坪段,194.00,都市：住
RPSNMLQJRHHFFAI68EA,港子坪段,18.00,都市：其他
RPSNMLQJRHHFFAI68EA,港子坪段,10.00,都市：其他
RPSNMLQJRHHFFAI68EA,港子坪段,7.33,都市：其他
RPPNMLQJRHHFFAI38EA,遠東段,14.93,都市：住
RPWNMLQJRHHFFAI88CA,竹圍子段,16.84,都市：住
RPSNMLQJRHHFFAI48CA,檜段五小段,69.00,都市：住
RPUOMLLKRHHFFAI38CA,堀川段,35.46,都市：住
RPVOMLLKRHHFFAI48CA,後庄段,57.00,都市：住
RPQNMLRJRHHFFAI38CA,盧厝段,24.83,都市：住
RPQNMLRJRHHFFAI38CA,盧厝段,24.59,都市：住
RPOOMLKKRHHFFAI87EA,劉厝段劉厝小段,119.00,都市：住
RPPOMLOKRHHFFAI18CA,台斗坑段,.17,都市：住
RPPOMLOKRHHFFAI18CA,台斗坑段,.17,都市：住
RPPOMLOKRHHFFAI18CA,台斗坑段,3.97,都市：住
RPPOMLOKRHHFFAI18CA,台斗坑段,3.97,都市：住
RPPOMLOKRHHFFAI18CA,台斗坑段,40.50,都市：住
RPPOMLOKRHHFFAI18CA,台斗坑段,40.50,都市：住
RPUNMLRKRHHFFAI98DA,下路頭段,67.00,都市：住
RPUNMLQJRHHFFAI88EA,北社尾段保安小段,175.00,都市：住
RPPNMLLKRHHFFAI77CA,北社尾段,96.00,都市：住
RPVNMLRLRHHFFAI09CA,玉川段,2.00,都市：住
RPPNMLPKRHHFFAI18CA,興村段,27.00,都市：住
RPPNMLPKRHHFFAI18CA,興村段,107.00,都市：住
RPXNMLOKRHHFFAI88CA,玉川段,24.31,都市：住
RPRNMLPJRHHFFAI48EA,湖內段,16.49,都市：住
RPRNMLPJRHHFFAI48EA,湖內段,13.04,都市：住
RPWNMLPJRHHFFAI78CA,玉川段,70.00,都市：住
RPVNMLLKRHHFFAI38CA,埤子頭段,33.16,都市：住
RPSNMLRKRHHFFAI68CA,竹圍子段,11.57,都市：住
RPWOMLNKRHHFFAI78CA,西門段六小段,2.21,都市：商
RPWOMLNKRHHFFAI78CA,新富段六小段,7.41,都市：商
RPPNMLSJIIHFFAI57CA,檜段三小段,61.71,都市：住
RPUOMLNJIIHFFAI67CA,港子坪段港坪小段,67.00,都市：住
RPUNMLSKRHHFFAI98CA,下路頭段,64.00,都市：住
RPQNMLLKRHHFFAI08EA,育人段,23.78,都市：住
RPQNMLLKRHHFFAI08EA,育人段,45.41,都市：住
RPPPMLNKRHHFFAI18CA,湖內段,25.12,都市：住
RPWNMLKKRHHFFAI48DA,太平段,95.00,都市：住
RPWNMLKKRHHFFAI58EA,盧厝段,119.00,都市：農
RPTNMLQJRHHFFAI78EA,元段五小段,56.33,都市：商
RPTNMLQJRHHFFAI78EA,元段五小段,10.67,都市：商
RPTNMLQJRHHFFAI78EA,元段五小段,10.33,都市：商
RPPNMLKKRHHFFAI77DA,荖藤段,98.00,都市：住
RPOOMLKKRHHFFAI67CA,下路頭段,16.60,都市：住
RPOOMLKKRHHFFAI67CA,下路頭段,57.00,都市：住
RPUOMLNKRHHFFAI58CA,西門段三小段,108.00,都市：商
RPWOMLLKRHHFFAI58CA,湖內段,17.52,都市：住
RPWOMLLKRHHFFAI58CA,湖內段,13.86,都市：住
RPSNMLRJRHHFFAI68DA,埤子頭段,39.00,都市：住
RPSNMLRJRHHFFAI68DA,埤子頭段,9.00,都市：住
RPPNMLMKRHHFFAI87CA,新富段五小段,70.00,都市：住
RPWNMLRLRHHFFAI56CA,玉川段,29.00,都市：住
RPXNMLRLRHHFFAI66CA,玉川段,30.00,都市：住
RPSNMLPJIIHFFAI57CA,末廣段五小段,5.02,都市：商
RPOOMLRLRHHFFAI48CA,玉川段,190.00,都市：住
RPSOMLPJIIHFFAI67CA,下路頭段,25.27,都市：住
RPSNMLMKRHHFFAI18CA,長竹段,21.00,都市：住
RPUNMLRJRHHFFAI78CA,盧厝段,16.11,都市：住
RPUNMLRJRHHFFAI78CA,盧厝段,.35,都市：住
RPUNMLRJRHHFFAI78CA,盧厝段,81.00,都市：住
RPUNMLRJRHHFFAI78CA,盧厝段,6.00,都市：住
RPWNMLLKRHHFFAI48CA,港子坪段,107.44,都市：住
RPQNMLNKRHHFFAI08CA,北社尾段,73.00,都市：住
RPQNMLNKRHHFFAI08CA,北社尾段,11.00,都市：住
RPQNMLPKRHHFFAI28CA,玉川段,34.00,都市：住
RPTOMLNKRHHFFAI48CA,中山段三小段,22.18,都市：住
RPTOMLNKRHHFFAI48CA,中山段三小段,.14,都市：住
RPQNMLLJIIHFFAI96CA,台斗坑段,1.75,都市：住
RPQNMLLJIIHFFAI96CA,台斗坑段,1.83,都市：住
RPQNMLLJIIHFFAI96CA,台斗坑段,101.00,都市：住
RPQNMLLJIIHFFAI96CA,台斗坑段,20.00,都市：住
RPQNMLLJIIHFFAI96CA,台斗坑段,17.25,都市：住
RPWNMLLLRHHFFAI58CA,彌陀段,41.00,都市：住
RPWNMLLLRHHFFAI58CA,彌陀段,41.00,都市：住
RPOOMLRKRHHFFAI38CA,北社尾段,65.00,都市：其他
RPOOMLRKRHHFFAI38CA,北社尾段,90.00,都市：其他
RPOOMLRKRHHFFAI38CA,北社尾段,27.00,都市：其他
RPOOMLRKRHHFFAI38CA,北社尾段,26.00,都市：其他
RPOOMLRKRHHFFAI38CA,北社尾段,163.00,都市：住
RPOOMLRKRHHFFAI38CA,北社尾段,75.00,都市：住
RPOOMLRKRHHFFAI38CA,北社尾段,2.00,都市：住
RPOOMLRKRHHFFAI38CA,北社尾段,34.00,都市：住
RPWNMLRKRHHFFAI66EA,竹圍子段,106.00,都市：住
RPWNMLRKRHHFFAI66EA,竹圍子段,15.45,都市：其他
RPWNMLRKRHHFFAI66EA,竹圍子段,18.28,都市：住
RPWNMLRKRHHFFAI09CA,西門段三小段,10.00,都市：商
RPVNMLRKRHHFFAI98CA,北湖段,86.00,都市：住
RPVNMLRKRHHFFAI98CA,北湖段,.19,都市：住
RPQOMLRKRHHFFAI58CA,港子坪段港坪小段,20.85,都市：住
RPQOMLRKRHHFFAI78EA,竹圍子段,15.45,都市：其他
RPQOMLRKRHHFFAI78EA,竹圍子段,106.00,都市：住
RPQOMLRKRHHFFAI78EA,竹圍子段,18.28,都市：住
RPPOMLRKRHHFFAI68EA,竹圍子段,15.45,都市：其他
RPPOMLRKRHHFFAI68EA,竹圍子段,106.00,都市：住
RPPOMLRKRHHFFAI68EA,竹圍子段,18.28,都市：住
RPXNMLRKRHHFFAI76EA,竹圍子段,15.45,都市：其他
RPOOMLRKRHHFFAI58EA,竹圍子段,15.45,都市：其他
RPOOMLRKRHHFFAI58EA,竹圍子段,106.00,都市：住
RPOOMLRKRHHFFAI58EA,竹圍子段,18.28,都市：住
RPXNMLRKRHHFFAI76EA,竹圍子段,106.00,都市：住
RPXNMLRKRHHFFAI76EA,竹圍子段,18.28,都市：住
RPROMLRKRHHFFAI88EA,竹圍子段,15.45,都市：其他
RPROMLRKRHHFFAI88EA,竹圍子段,106.00,都市：住
RPROMLRKRHHFFAI88EA,竹圍子段,18.28,都市：住
RPWNMLOKRHHFFAI98EA,下路頭段,7.61,都市：住
RPPNMLOLRHHFFAI38EA,竹圍子段,15.45,都市：其他
RPPNMLOLRHHFFAI38EA,竹圍子段,130.00,都市：住
RPPNMLOLRHHFFAI38EA,竹圍子段,18.28,都市：住
RPRNMLRKRHHFFAI58CA,埤子頭段,40.67,都市：住
RPRNMLRKRHHFFAI58CA,埤子頭段,40.67,都市：住
RPRNMLRKRHHFFAI58CA,埤子頭段,40.67,都市：住
RPRNMLRKRHHFFAI58CA,埤子頭段,3.00,都市：其他
RPRNMLRKRHHFFAI58CA,埤子頭段,3.00,都市：其他
RPRNMLRKRHHFFAI58CA,埤子頭段,3.00,都市：其他
RPQOMLNJIIHFFAI47EA,竹圍子段,15.45,都市：其他
RPQOMLNJIIHFFAI47EA,竹圍子段,106.00,都市：住
RPQOMLNJIIHFFAI47EA,竹圍子段,18.28,都市：住
RPUNMLOLRHHFFAI88EA,竹圍子段,15.45,都市：其他
RPUNMLOLRHHFFAI88EA,竹圍子段,106.00,都市：住
RPUNMLOLRHHFFAI88EA,竹圍子段,18.28,都市：住
RPTNMLOLRHHFFAI78EA,竹圍子段,15.45,都市：其他
RPTNMLOLRHHFFAI78EA,竹圍子段,108.00,都市：住
RPTNMLOLRHHFFAI78EA,竹圍子段,18.28,都市：住
RPSNMLOLRHHFFAI68EA,竹圍子段,15.45,都市：其他
RPSNMLOLRHHFFAI68EA,竹圍子段,108.00,都市：住
RPSNMLOLRHHFFAI68EA,竹圍子段,18.28,都市：住
RPVNMLOLRHHFFAI98EA,竹圍子段,15.45,都市：其他
RPVNMLOLRHHFFAI98EA,竹圍子段,106.00,都市：住
RPVNMLOLRHHFFAI98EA,竹圍子段,18.28,都市：住
RPQNMLOLRHHFFAI48EA,竹圍子段,15.45,都市：其他
RPQNMLOLRHHFFAI48EA,竹圍子段,106.00,都市：住
RPQNMLOLRHHFFAI48EA,竹圍子段,18.28,都市：住
RPRNMLOLRHHFFAI58EA,竹圍子段,15.45,都市：其他
RPRNMLOLRHHFFAI58EA,竹圍子段,106.00,都市：住
RPRNMLOLRHHFFAI58EA,竹圍子段,18.28,都市：住
RPXNMLOLRHHFFAI56EA,竹圍子段,136.00,都市：住
RPXNMLOLRHHFFAI56EA,竹圍子段,15.45,都市：其他
RPXNMLOLRHHFFAI56EA,竹圍子段,18.28,都市：住
RPWNMLOLRHHFFAI09EA,竹圍子段,15.45,都市：其他
RPWNMLOLRHHFFAI09EA,竹圍子段,112.00,都市：住
RPWNMLOLRHHFFAI09EA,竹圍子段,18.28,都市：住
RPQNMLNJIIHFFAI37EA,下路頭段,61.00,都市：住
RPPNMLRKRHHFFAI48DA,榮段三小段,10.92,都市：商
RPPNMLRKRHHFFAI48DA,榮段三小段,49.00,都市：商
RPPNMLQKRHHFFAI28CA,白川段,34.83,都市：住
RPXNMLRKRHHFFAI56CA,盧厝段,134.00,非都市： ; 非都市編定：
RPSNMLMKRHHFFAI38EA,竹圍子段,30.32,都市：住
RPVNMLNKRHHFFAI58CA,下路頭段,34.93,都市：住
RPPNMLNKRHHFFAI97CA,同興段,239.00,都市：工
RPPNMLNKRHHFFAI97CA,同興段,242.00,都市：工
RPPNMLNKRHHFFAI97CA,同興段,242.00,都市：工
RPPNMLNKRHHFFAI97CA,同興段,243.00,都市：工
RPPNMLNKRHHFFAI97CA,同興段,244.00,都市：工
RPPNMLNKRHHFFAI97CA,同興段,317.00,都市：工
RPPNMLNKRHHFFAI97CA,同興段,19.00,都市：工
RPPNMLNKRHHFFAI97CA,同興段,14.00,都市：工
RPPNMLNKRHHFFAI97CA,同興段,14.00,都市：工
RPPNMLNKRHHFFAI97CA,同興段,14.00,都市：工
RPPNMLNKRHHFFAI97CA,同興段,14.00,都市：工
RPPNMLNKRHHFFAI97CA,同興段,13.00,都市：工
RPPNMLNKRHHFFAI97CA,同興段,12.00,都市：工
RPPNMLNKRHHFFAI97CA,同興段,526.00,都市：工
RPPNMLNKRHHFFAI97CA,同興段,19.00,都市：工
RPPNMLNKRHHFFAI97CA,同興段,14.00,都市：工
RPPNMLNKRHHFFAI97CA,同興段,14.00,都市：工
RPPNMLNKRHHFFAI97CA,同興段,14.00,都市：工
RPPNMLNKRHHFFAI97CA,同興段,14.00,都市：工
RPPNMLNKRHHFFAI97CA,同興段,19.00,都市：工
RPPNMLNKRHHFFAI97CA,同興段,237.00,都市：工
RPPNMLNKRHHFFAI97CA,同興段,242.00,都市：工
RPPNMLNKRHHFFAI97CA,同興段,242.00,都市：工
RPPNMLNKRHHFFAI97CA,同興段,242.00,都市：工
RPPNMLNKRHHFFAI97CA,同興段,242.00,都市：工
RPPNMLNKRHHFFAI97CA,同興段,339.00,都市：工
RPPNMLNKRHHFFAI97CA,同興段,232.00,都市：工
RPPNMLNKRHHFFAI97CA,同興段,232.00,都市：工
RPPNMLNKRHHFFAI97CA,同興段,232.00,都市：工
RPPNMLNKRHHFFAI97CA,同興段,230.00,都市：工
RPPNMLNKRHHFFAI97CA,同興段,229.00,都市：工
RPPNMLNKRHHFFAI97CA,同興段,228.00,都市：工
RPPNMLNKRHHFFAI97CA,同興段,227.00,都市：工
RPPNMLNKRHHFFAI97CA,同興段,354.00,都市：工
RPROMLPJIIHFFAI57CA,竹圍子段二小段,4.74,都市：住
RPQOMLNKRHHFFAI18CA,車店段,34.51,都市：住
RPQOMLNKRHHFFAI18CA,白川段,3.27,都市：住
RPTNMLRKRHHFFAI78CA,白川段,45.98,都市：住
RPPNMLOKRHHFFAI08CA,興村段,57.00,都市：住
RPVNMLSJIIHFFAI18CA,埤子頭段,27.15,都市：住
RPTNMLSJIIHFFAI97CA,竹圍子段,20.95,都市：住
RPSNMLSJIIHFFAI87CA,車店段,8.18,都市：住
RPSNMLSJIIHFFAI87CA,白川段,16.13,都市：住
RPUNMLSJIIHFFAI08CA,竹圍子段二小段,16.11,都市：住
RPXNMLOKRHHFFAI09EA,後庄段,3255.00,都市：農
RPXNMLOKRHHFFAI09EA,後庄段,81.00,都市：工
SPPNMLKMRHHFFAI97CA,港子坪段港坪小段,71.00,都市：住
RPPNMLKMRHHFFAI87CA,港子坪段港坪小段,72.00,都市：住
RPROMLRKRHHFFAI68CA,盧厝段,128.00,都市：住
RPOOMLNKRHHFFAI08DA,北園段,3733.00,都市：農
RPROMLRJQHIFFAI78EA,竹圍子段,22.05,都市：住
RPTNMLNKRHHFFAI48DA,檜段七小段,5.42,都市：住
RPXNMLSJIIHFFAI58EA,北社尾段,11.47,都市：住
RPWNMLOKRHHFFAI78CA,北社尾段保安小段,344.00,都市：住
RPXNMLPLRHHFFAI66EA,車店段,87.00,都市：住
RPSNMLPKRHHFFAI48CA,大溪厝段,136.00,都市：住
RPVNMLRKRHHFFAI56EA,埤子頭段,49.00,都市：住
RPVNMLRKRHHFFAI56EA,埤子頭段,8.00,都市：其他
RPPOMLRLRHHFFAI58CA,玉川段,1.00,都市：住
RPTOMLPJIIHFFAI77CA,車店段車店小段,5.18,都市：住
RPTOMLPJIIHFFAI77CA,車店段車店小段,5.01,都市：住
RPVOMLNJIIHFFAI77CA,育人段,78.44,都市：住
RPWOMLNJIIHFFAI87CA,港子坪段港坪小段,13.20,都市：住
RPUOMLPJIIHFFAI87CA,下路頭段,.01,都市：住
RPUOMLPJIIHFFAI87CA,下路頭段,52.55,都市：住
RPQNMLRKRHHFFAI48CA,車店段,4.06,都市：住
RPQNMLRKRHHFFAI48CA,白川段,42.19,都市：住
RPRNMLLJIIHFFAI07CA,車店段車店小段,73.00,都市：住
RPRNMLLJIIHFFAI07CA,車店段車店小段,91.00,都市：住
RPVNMLOKRHHFFAI68CA,下路頭段,54.00,都市：住
RPQNMLOLRHHFFAI28CA,北社尾段保安小段,80.00,都市：住
RPQOMLRLRHHFFAI68CA,白川段,63.00,都市：住
RPRNMLPKRHHFFAI38CA,白川段,34.25,都市：住
RPRNMLSJIIHFFAI77CA,車店段車店小段,110.00,都市：住
RPUNMLLLRHHFFAI38CA,何庄段,106.55,都市：住
RPPNMLPLRHHFFAI28CA,車店段,19.06,都市：住
RPPNMLPLRHHFFAI28CA,車店段,1.16,都市：住
RPRNMLSKRHHFFAI68CA,北社尾段保安小段,220.50,都市：住
RPPNMLSKRHHFFAI48CA,北園段,3548.00,都市：農
RPTNMLSKRHHFFAI88CA,盧厝段,1160.00,都市：農
RPTNMLSKRHHFFAI88CA,盧厝段,189.63,都市：農
RPQNMLRKRHHFFAI68EA,玉川段,68.00,都市：住
RPQNMLRKRHHFFAI68EA,玉川段,3.85,都市：住
RPQNMLRKRHHFFAI68EA,玉川段,.66,都市：其他
RPQNMLRKRHHFFAI68EA,玉川段,1.78,都市：其他
RPRNMLRKRHHFFAI78EA,下路頭段,4.89,都市：住
RPXOMLNJIIHFFAI97CA,北社尾段保安小段,10.96,都市：住
RPRNMLSKRHHFFAI88EA,車店段,4.83,都市：住
RPRNMLSKRHHFFAI88EA,白川段,3.41,都市：住
RPQOMLLJIIHFFAI07CA,長竹段,25.84,都市：住
RPSNMLQLRHHFFAI68CA,遠東段,36.00,都市：農
RPOOMLSJIIHFFAI57CA,北社尾段,13.78,都市：住
RPPNMLLLRHHFFAI87CA,檜段七小段,15.27,都市：商
RPTNMLLLRHHFFAI28CA,劉厝段劉厝小段,10.05,都市：住
RPUNMLTKRHHFFAI09CA,竹村段,2350.31,都市：農
RPPNMLTKRHHFFAI58CA,北社尾段保安小段,11.22,都市：住
RPPNMLKLRHHFFAI97EA,下路頭段,16.00,都市：住
RPPNMLKLRHHFFAI97EA,下路頭段,55.00,都市：住
RPPNMLKLRHHFFAI77CA,短竹段,11.19,都市：住
RPRNMLKMRHHFFAI08CA,竹圍子段,11.49,都市：住
RPRNMLKMRHHFFAI08CA,竹圍子段,8.04,都市：住
RPPNMLMJIIHFFAI96CA,台斗坑段,26.31,都市：住
RPUNMLPLRHHFFAI98EA,育人段,178.28,都市：農
RPUNMLPLRHHFFAI98EA,育人段,815.75,都市：農
RPUNMLQLRHHFFAI09EA,下路頭段,88.00,都市：住
RPUNMLQLRHHFFAI09EA,下路頭段,21.00,都市：住
RPRNMLTKRHHFFAI78CA,盧厝段,100.00,都市：住
RPWNMLTKRHHFFAI66CA,北社尾段,11.47,都市：住
RPVNMLTKRHHFFAI56CA,埤子頭段,66.00,都市：住
RPVNMLTKRHHFFAI56CA,埤子頭段,10.00,都市：住
RPQNMLPKIIHFFAI47CA,劉厝段玉山小段,286.73,都市：住
RPQNMLPKIIHFFAI47CA,劉厝段玉山小段,286.73,都市：住
RPTNMLTKRHHFFAI56EA,埤子頭段,74.00,都市：住
RPVNMLLJIIHFFAI47CA,北社尾段保安小段,3.17,都市：住
RPVNMLLJIIHFFAI47CA,北社尾段保安小段,4.12,都市：住
RPRNMLLLRHHFFAI08CA,下路頭段,20.90,都市：住
RPWNMLQLRHHFFAI66EA,港子坪段港坪小段,11.42,都市：住
RPOOMLQLRHHFFAI58EA,台斗坑段,20.71,都市：住
RPOOMLQLRHHFFAI58EA,台斗坑段,.01,都市：住
RPPNMLQLRHHFFAI38CA,北園段,369.00,都市：農
RPPNMLQLRHHFFAI38CA,北園段,380.00,都市：農
RPQNMLKLRHHFFAI08EA,北社尾段保安小段,142.00,都市：住
RPQNMLKLRHHFFAI08EA,北社尾段保安小段,136.00,都市：住
RPWNMLLKIIHFFAI67CA,竹圍子段三小段,12.36,都市：住
RPXNMLLLRHHFFAI88EA,車店段車店小段,7.06,都市：住
RPTNMLPLRHHFFAI78DA,車店段,18.86,都市：住
RPTNMLPLRHHFFAI78DA,車店段,1.15,都市：住
RPOOMLPJIIHFFAI27CA,下路頭段,68.00,都市：住
RPSNMLLLRHHFFAI18CA,車店段車店小段,10.72,都市：住
RPOOMLLJIIHFFAI86CA,短竹段,36.30,都市：住
RPUNMLQKIIHFFAI18EA,崎頂段,2645.00,都市：農
RPUNMLRLRHHFFAI98CA,何庄段,73.92,都市：住
RPUNMLRLRHHFFAI98CA,何庄段,24.21,都市：住
RPUNMLRLRHHFFAI98CA,何庄段,2.44,都市：住
RPUNMLRLRHHFFAI98CA,何庄段,2.44,都市：住
RPUNMLRLRHHFFAI98CA,何庄段,.81,都市：住
RPUNMLRLRHHFFAI98CA,何庄段,1.62,都市：住
RPSNMLPLRHHFFAI58CA,北社尾段,95.00,都市：住
RPXNMLPJIIHFFAI08CA,東川段,21.38,都市：住
RPQOMLNJIIHFFAI37DA,下路頭段,7.00,都市：住
RPQOMLQLRHHFFAI68DA,下路頭段,4.89,都市：住
RPTNMLPLRHHFFAI88EA,盧厝段,98.00,都市：住
RPUNMLQLRHHFFAI98DA,荖藤段,98.00,都市：住
RPUNMLQLRHHFFAI98DA,荖藤段,30.83,都市：住
RPRNMLPLRHHFFAI48CA,北社尾段,99.00,都市：住
RPTOMLSJIIHFFAI08CA,車店段,22.83,都市：住
RPTOMLSJIIHFFAI08CA,車店段,1.39,都市：住
RPQNMLKMRHHFFAI97CA,車店段,106.00,都市：住
RPWNMLSLRHHFFAI86EA,埤子頭段,14.10,都市：住
RPOOMLOLRHHFFAI38EA,下路頭段,248.00,都市：住
RPOOMLOLRHHFFAI38EA,下路頭段,39.00,都市：住
RPSNMLSLRHHFFAI09EA,中庄段,125.00,都市：住
RPUNMLPLRHHFFAI78CA,頂庄段,2976.00,都市：農
RPPOMLQLRHHFFAI48CA,竹圍子段,3.39,都市：住
RPWNMLTJIIHFFAI58EA,湖內段,119.00,都市：住
RPXNMLQLRHHFFAI76EA,盧厝段,100.94,都市：住
RPXNMLQLRHHFFAI76EA,盧厝段,13.95,都市：住
RPPNMLSLRHHFFAI58CA,車店段,13.70,都市：住
RPPNMLSLRHHFFAI58CA,車店段,.93,都市：住
RPPNMLSLRHHFFAI58CA,車店段,3.09,都市：住
RPVNMLQLRHHFFAI56EA,白川段,46.77,都市：住
RPQNMLQLRHHFFAI48CA,車店段車店小段,183.00,都市：住
RPUOMLOJIIHFFAI77CA,車店段,4.06,都市：住
RPUOMLOJIIHFFAI77CA,白川段,42.19,都市：住
RPWNMLLJIIHFFAI57CA,盧厝段,133.00,都市：住
RPROMLRKIIHFFAI87CA,車店段車店小段,80.00,都市：住
RPTNMLRLRHHFFAI88CA,西門段四小段,1.68,都市：商
RPTNMLRLRHHFFAI88CA,西門段四小段,2.27,都市：商
RPTNMLRLRHHFFAI88CA,西門段四小段,.83,都市：商
RPOOMLMJIIHFFAI96CA,車店段車店小段,24.69,都市：住
RPUNMLMJIIHFFAI47CA,短竹段,5.00,都市：住
RPXNMLQLRHHFFAI56CA,港子坪段港坪小段,108.00,都市：住
RPQNMLRLRHHFFAI58CA,頂庄段,87.00,都市：住
RPQNMLRLRHHFFAI58CA,頂庄段,17.41,都市：住
RPQNMLRLRHHFFAI58CA,頂庄段,.21,都市：住
RPVNMLMJIIHFFAI57CA,台斗坑段,24.54,都市：住
RPVNMLMJIIHFFAI57CA,台斗坑段,.01,都市：其他
RPQNMLMJIIHFFAI07CA,中山段五小段,118.00,都市：住
RPXNMLMJIIHFFAI97EA,埤子頭段,77.00,都市：住
RPWNMLSJIIHFFAI28CA,盧東段,1031.75,非都市： ; 非都市編定：
RPTNMLPJIIHFFAI67CA,下路頭段,99.00,都市：住
RPTNMLMJIIHFFAI47DA,東門段五小段,100.00,都市：住
RPTNMLMJIIHFFAI47DA,東門段五小段,17.67,都市：住
RPROMLSJIIHFFAI87CA,港子坪段,85.00,都市：住
RPPNMLRLRHHFFAI48CA,玉川段,45.38,都市：住
RPSNMLRLRHHFFAI78CA,車店段,59.00,都市：住
RPRNMLRLRHHFFAI68CA,北社尾段,13.33,都市：住
RPRNMLQLRHHFFAI58CA,彌陀段,98.00,都市：住
RPQNMLQJIIHFFAI47CA,下路頭段,2.56,都市：住
RPQNMLQJIIHFFAI47CA,下路頭段,2.06,都市：住
RPQNMLQJIIHFFAI47CA,下路頭段,23.81,都市：住
RPTNMLLJIIHFFAI27CA,蘭潭段,1002.00,都市：農
RPROMLNLIIHFFAI77EA,盧厝段,19.65,都市：農
RPROMLNLIIHFFAI77EA,盧厝段,163.00,都市：農
RPROMLNLIIHFFAI77EA,盧厝段,1.65,都市：農
RPROMLNLIIHFFAI77EA,盧厝段,19.80,都市：農
RPROMLNLIIHFFAI77EA,盧厝段,.02,都市：農
RPROMLNLIIHFFAI77EA,盧厝段,.02,都市：農
RPROMLNLIIHFFAI77EA,崎頂段,361.00,都市：農
RPROMLNLIIHFFAI77EA,大溪段,1485.00,都市：農
RPPNMLLJIIHFFAI86CA,竹圍子段中興小段,13.96,都市：住
RPPNMLTLRHHFFAI68CA,埤子頭段,21.19,都市：住
RPSOMLLJIIHFFAI27CA,港子坪段港坪小段,23.28,都市：住
RPSOMLLJIIHFFAI27CA,港子坪段港坪小段,4.40,都市：住
RPVOMLOJIIHFFAI87CA,車店段,12.32,都市：住
RPVOMLOJIIHFFAI87CA,車店段,12.32,都市：住
RPVOMLOJIIHFFAI87CA,白川段,2.21,都市：住
RPVOMLOJIIHFFAI87CA,白川段,2.21,都市：住
RPQNMLSLRHHFFAI68CA,竹圍子段二小段,14.54,都市：住
RPOOMLNJIIHFFAI07CA,北湖段,3063.00,都市：農
RPOOMLNLIIHFFAI47EA,盧厝段,227.00,都市：農
RPOOMLNLIIHFFAI47EA,盧厝段,19.65,都市：農
RPOOMLNLIIHFFAI47EA,盧厝段,1.65,都市：農
RPOOMLNLIIHFFAI47EA,盧厝段,19.80,都市：農
RPOOMLNLIIHFFAI47EA,盧厝段,.02,都市：農
RPOOMLNLIIHFFAI47EA,盧厝段,.02,都市：農
RPOOMLNLIIHFFAI47EA,中庄段,2420.00,都市：農
RPTNMLOJIIHFFAI57CA,車店段車店小段,140.00,都市：住
RPPOMLNLIIHFFAI57EA,盧厝段,223.00,都市：農
RPPOMLNLIIHFFAI57EA,盧厝段,19.65,都市：農
RPPOMLNLIIHFFAI57EA,盧厝段,1.65,都市：農
RPPOMLNLIIHFFAI57EA,盧厝段,19.80,都市：農
RPPOMLNLIIHFFAI57EA,盧厝段,.02,都市：農
RPPOMLNLIIHFFAI57EA,盧厝段,.02,都市：農
RPPOMLNLIIHFFAI57EA,崎頂段,285.00,都市：農
RPPOMLNLIIHFFAI57EA,中庄段,1569.00,都市：農
RPPOMLNLIIHFFAI57EA,盧東段,19.00,都市：農
RPPOMLNLIIHFFAI57EA,仁義段,510.00,都市：農
RPWNMLNLIIHFFAI18EA,竹圍子段,8.50,都市：住
RPPNMLRLRHHFFAI68EA,山下段,90.00,都市：住
RPPNMLPJIIHFFAI27CA,遠東段,16.80,都市：住
RPXNMLNJIIHFFAI87CA,港子坪段港坪小段,11.59,都市：住
RPWOMLTKIIHFFAI58CA,新富段八小段,4.28,都市：住
RPWOMLTKIIHFFAI58CA,末廣段一小段,.13,都市：住
RPXOMLTKIIHFFAI68CA,埤子頭段,63.00,都市：住
RPTNMLSLRHHFFAI56EA,劉厝段劉厝小段,103.00,都市：住
RPSOMLNLIIHFFAI87EA,盧厝段,19.65,都市：農
RPSOMLNLIIHFFAI87EA,盧厝段,212.00,都市：農
RPSOMLNLIIHFFAI87EA,盧厝段,1.65,都市：農
RPSOMLNLIIHFFAI87EA,盧厝段,19.80,都市：農
RPSOMLNLIIHFFAI87EA,盧厝段,.02,都市：農
RPSOMLNLIIHFFAI87EA,盧厝段,.02,都市：農
RPSOMLNLIIHFFAI87EA,荖藤段,269.00,都市：農
RPSOMLNLIIHFFAI87EA,盧東段,2014.00,都市：農
RPUNMLSLRHHFFAI66EA,車店段車店小段,28.78,都市：住
RPPOMLQLRHHFFAI68EA,興村段,93.00,都市：住
RPWNMLMJIIHFFAI67CA,下路頭段,151.00,非都市： ; 非都市編定：
RPWNMLMJIIHFFAI67CA,下路頭段,8.00,非都市： ; 非都市編定：
RPROMLLJIIHFFAI17CA,劉厝段劉厝小段,66.00,都市：住
RPRNMLMJIIHFFAI17CA,中山段五小段,162.00,都市：住
RPQNMLRLRHHFFAI78EA,元段二小段,45.00,都市：住
RPSNMLRLRHHFFAI98EA,東門段七小段,14.41,都市：住
RPTNMLMLIIHFFAI57CA,劉厝段玉山小段,75.34,都市：住
RPTNMLMLIIHFFAI57CA,劉厝段玉山小段,15.05,都市：住
RPPNMLSLRHHFFAI78EA,下路頭段,44.25,都市：住
RPPNMLSLRHHFFAI78EA,下路頭段,78.00,都市：住
RPRNMLSLRHHFFAI98EA,車店段車店小段,16.90,都市：住
RPRNMLQJIIHFFAI57CA,東川段,7.18,都市：住
RPXNMLLJIIHFFAI67CA,下路頭段,98.00,都市：住
RPTNMLSKIIHFFAI08CA,溪東段,133.05,都市：住
RPVNMLSKIIHFFAI28CA,溪東段,116.00,都市：住
RPWNMLSKIIHFFAI38CA,溪東段,113.77,都市：住
RPUNMLSKIIHFFAI18CA,溪東段,120.22,都市：住
RPQNMLQKIIHFFAI57CA,竹圍子段,115.00,都市：住
RPQNMLNJIIHFFAI17CA,下路頭段,21.00,都市：住
RPQNMLOLIIHFFAI67EA,盧厝段,19.65,都市：農
RPQNMLOLIIHFFAI67EA,盧厝段,218.00,都市：農
RPQNMLOLIIHFFAI67EA,盧厝段,1.65,都市：農
RPQNMLOLIIHFFAI67EA,盧厝段,19.80,都市：農
RPQNMLOLIIHFFAI67EA,盧厝段,.02,都市：農
RPQNMLOLIIHFFAI67EA,盧厝段,.02,都市：農
RPQNMLOLIIHFFAI67EA,荖藤段,325.00,都市：農
RPQNMLOLIIHFFAI67EA,荖藤段,1510.00,都市：農
RPQNMLOLIIHFFAI67EA,大溪段,510.00,都市：農
RPRNMLOLIIHFFAI77EA,盧厝段,139.00,都市：農
RPRNMLOLIIHFFAI77EA,盧厝段,19.65,都市：農
RPRNMLOLIIHFFAI77EA,盧厝段,1.65,都市：農
RPRNMLOLIIHFFAI77EA,盧厝段,19.80,都市：農
RPRNMLOLIIHFFAI77EA,盧厝段,217.00,都市：農
RPRNMLOLIIHFFAI77EA,盧厝段,.02,都市：農
RPRNMLOLIIHFFAI77EA,盧厝段,31.62,都市：農
RPRNMLOLIIHFFAI77EA,下埤段,9.00,都市：農
RPRNMLOLIIHFFAI77EA,下埤段,271.50,都市：農
RPRNMLOLIIHFFAI77EA,大溪段,680.00,都市：農
RPRNMLOLIIHFFAI77EA,盧東段,969.00,都市：農
RPWNMLPKIIHFFAI18DA,太平段,14.48,都市：住
RPSNMLNJIIHFFAI47DA,埤子頭段,19.74,都市：住
RPRNMLNJIIHFFAI37DA,埤子頭段,3.41,都市：住
RPRNMLNJIIHFFAI37DA,埤子頭段,3.88,都市：住
RPVNMLNLIIHFFAI87CA,竹圍子段一小段,110.00,都市：住
RPVNMLNLIIHFFAI87CA,竹圍子段一小段,409.00,都市：住
RPSNMLMKIIHFFAI47DA,育人段,32.73,都市：住
RPSNMLMKIIHFFAI47DA,育人段,13.24,都市：住
RPXOMLOJIIHFFAI08CA,北社尾段,12.01,都市：住
RPTOMLNJIIHFFAI57CA,竹圍子段二小段,81.00,都市：住
RPSOMLNJIIHFFAI47CA,竹圍子段二小段,81.00,都市：住
RPRNMLQKIIHFFAI87EA,白川段,32.00,都市：住
RPQNMLMLIIHFFAI27CA,車店段,97.00,都市：住
RPOOMLNLIIHFFAI27CA,玉川段,49.00,都市：住
RPPOMLNLIIHFFAI37CA,玉川段,19.00,都市：住
RPQOMLNLIIHFFAI47CA,玉川段,109.00,都市：住
RPVNMLSLRHHFFAI76EA,車店段,52.00,都市：住
RPUNMLLJIIHFFAI57EA,盧厝段,625.00,都市：農
RPOOMLOLIIHFFAI37CA,竹圍子段,832.00,都市：住
SPTNMLLJIIHFFAI57EA,興村段,2.26,都市：商
SPTNMLLJIIHFFAI57EA,興村段,13.64,都市：商
RPPOMLOLIIHFFAI47CA,湖內段,11.55,都市：商
RPTNMLNLIIHFFAI67CA,車店段,85.00,都市：住
RPTNMLNLIIHFFAI67CA,車店段,26.42,都市：住
RPSNMLOLIIHFFAI67CA,車店段車店小段,11.90,都市：住
RPTNMLPLIIHFFAI87CA,軍輝段,31.98,都市：住
RPSNMLQLIIHFFAI87CA,黑金段,76.00,都市：住
RPSNMLQLIIHFFAI87CA,黑金段,4.00,都市：住
RPSNMLQLIIHFFAI87CA,黑金段,113.00,都市：住
RPRNMLOJIIHFFAI47DA,下路頭段,7.07,都市：住
RPQOMLTKIIHFFAI08DA,台斗坑段,19.84,都市：住
RPPOMLTKIIHFFAI97DA,台斗坑段,19.84,都市：住
RPOOMLRKIIHFFAI67DA,台斗坑段,21.39,都市：住
RPROMLTKIIHFFAI18DA,台斗坑段,20.00,都市：住
RPSOMLTKIIHFFAI28DA,台斗坑段,14.10,都市：住
RPXNMLRKIIHFFAI48DA,台斗坑段,22.32,都市：住
RPUNMLRKIIHFFAI18DA,台斗坑段,21.08,都市：住
RPWNMLNJIIHFFAI77CA,北湖段,4156.00,都市：農
RPXNMLMJIIHFFAI77CA,車店段車店小段,99.00,都市：住
RPQNMLRKIIHFFAI77DA,台斗坑段,23.10,都市：住
RPUPMLQLIIHFFAI48EA,太平段,81.00,都市：住
RPRNMLPJIIHFFAI47CA,車店段車店小段,84.00,都市：住
RPPNMLTJIIHFFAI67CA,港子坪段港坪小段,13.32,都市：住
RPPOMLSKIIHFFAI77CA,北門段五小段,86.00,都市：商
RPPOMLSKIIHFFAI77CA,北門段五小段,.46,都市：商
RPPOMLSKIIHFFAI77CA,北門段五小段,.72,都市：商
RPPNMLTLIIHFFAI87CA,湖子內段湖內小段,65.00,都市：住
RPSNMLMJIIHFFAI27CA,彌陀段,49.00,都市：住
RPSNMLMJIIHFFAI27CA,彌陀段,49.00,都市：住
RPXNMLLKIIHFFAI77CA,陳厝段,91.08,都市：住
RPXNMLLKIIHFFAI77CA,陳厝段,463.59,都市：住
RPUNMLQLIIHFFAI08CA,劉厝段玉山小段,99.34,都市：住
RPVNMLQLIIHFFAI18CA,劉厝段玉山小段,99.31,都市：住
RPWOMLOJIIHFFAI97CA,下路頭段,3.81,都市：住
RPQNMLPJIIHFFAI37CA,車店段,100.00,都市：住
RPQNMLPJIIHFFAI37CA,車店段,17.18,都市：住
RPVNMLLKIIHFFAI57CA,同興段,9.57,都市：住
RPSOMLSJIIHFFAI97CA,下路頭段,15.29,都市：住
RPTNMLQKIIHFFAI08EA,竹圍子段,10.00,都市：住
RPTNMLQKIIHFFAI08EA,竹圍子段,51.00,都市：住
RPXNMLPJIIHFFAI28EA,下路頭段,30.75,都市：住
RPXNMLPJIIHFFAI28EA,下路頭段,28.88,都市：住
RPXNMLQLIIHFFAI38CA,劉厝段玉山小段,99.29,都市：住
RPOOMLPJIIHFFAI47EA,下路頭段,19.88,都市：住
RPOOMLQLIIHFFAI57CA,劉厝段玉山小段,99.25,都市：住
RPROMLQLIIHFFAI87CA,劉厝段玉山小段,99.41,都市：住
RPPOMLQLIIHFFAI67CA,劉厝段玉山小段,99.23,都市：住
RPSOMLQLIIHFFAI97CA,劉厝段玉山小段,99.38,都市：住
RPUOMLQLIIHFFAI18CA,劉厝段玉山小段,98.46,都市：住
RPUOMLQLIIHFFAI18CA,劉厝段玉山小段,98.48,都市：住
RPQOMLQLIIHFFAI77CA,劉厝段玉山小段,99.21,都市：住
RPTOMLQLIIHFFAI08CA,劉厝段玉山小段,98.44,都市：住
RPROMLNJIIHFFAI57EA,彌陀段,6.00,都市：住
RPROMLNJIIHFFAI57EA,彌陀段,42.00,都市：住
RPQOMLRKIIHFFAI97EA,北園段,17.06,都市：住
RPQOMLSJIIHFFAI97EA,短竹段,82.00,都市：其他
RPQOMLSJIIHFFAI97EA,短竹段,23.74,都市：其他
RPQNMLMKIIHFFAI37EA,車店段,87.00,都市：住
RPVNMLOJIIHFFAI97EA,南門段四小段,60.00,都市：商
RPWNMLOJIIHFFAI08EA,軍輝段,20.95,都市：住
RPUNMLOJIIHFFAI67CA,北社尾段,33.00,都市：住
RPQPMLNLIIHFFAI57CA,玉川段,6.00,都市：住
RPXOMLNLIIHFFAI18CA,玉川段,66.00,都市：住
RPWOMLNLIIHFFAI08CA,玉川段,115.00,都市：住
RPVOMLNLIIHFFAI97CA,玉川段,40.00,都市：住
RPXNMLMLIIHFFAI97CA,湖內段,85.00,都市：住
RPSNMLNLIIHFFAI67DA,盧厝段,33.17,都市：住
RPTNMLTLIIHFFAI28CA,車店段車店小段,26.50,都市：住
RPRNMLQKIIHFFAI67CA,劉厝段,678.00,都市：住
RPWNMLTJIIHFFAI38CA,竹圍子段三小段,21.82,都市：住
RPTNMLTJIIHFFAI08CA,竹圍子段,13.52,都市：住
RPPOMLOJIIHFFAI27CA,台斗坑段,88.00,都市：住
RPPOMLOJIIHFFAI27CA,台斗坑段,10.00,都市：其他
RPTNMLMKIIHFFAI47CA,車店段,21.00,都市：住
RPTNMLMKIIHFFAI47CA,車店段,.50,都市：其他
RPTNMLMKIIHFFAI47CA,車店段,3.00,都市：住
RPRNMLMKIIHFFAI27CA,白川段,35.57,都市：住
RPQNMLKKIIHFFAI96CA,白川段,36.44,都市：住
RPPOMLPJIIHFFAI37CA,榮段三小段,10.00,都市：住
RPPOMLPJIIHFFAI37CA,榮段三小段,45.00,都市：住
RPTNMLQKIIHFFAI87CA,中庄段,6.30,都市：住
RPTNMLQKIIHFFAI87CA,中庄段,6.30,都市：住
RPTNMLQKIIHFFAI87CA,中庄段,51.00,都市：住
RPTNMLQKIIHFFAI87CA,中庄段,51.00,都市：住
RPQNMLNLIIHFFAI47DA,車店段車店小段,80.00,都市：住
RPQNMLNLIIHFFAI47DA,車店段車店小段,14.09,非都市： ; 非都市編定：
RPPNMLPKIIHFFAI37CA,車店段車店小段,16.67,都市：住
RPPNMLPKIIHFFAI37CA,車店段車店小段,5.00,都市：住
RPPNMLPKIIHFFAI37CA,車店段車店小段,80.00,都市：住
RPQNMLOKIIHFFAI37CA,玉川段,29.22,都市：住
RPRNMLNLIIHFFAI57DA,車店段車店小段,91.00,都市：住
RPRNMLNLIIHFFAI57DA,車店段車店小段,14.09,都市：住
RPQNMLTJIIHFFAI77CA,彌陀段,49.00,都市：住
RPQNMLTJIIHFFAI77CA,彌陀段,49.00,都市：住
RPPNMLKMIIHFFAI07CA,湖內段,9.02,都市：住
RPPNMLKMIIHFFAI07CA,湖內段,7.13,都市：住
RPRNMLKMIIHFFAI27CA,中山段三小段,.14,都市：住
RPRNMLKMIIHFFAI27CA,中山段三小段,22.18,都市：住
RPUOMLTKIIHFFAI38CA,劉厝段玉山小段,45.52,都市：住
RPUOMLTKIIHFFAI38CA,劉厝段玉山小段,45.52,都市：住
RPVNMLKMIIHFFAI67CA,何庄段,114.23,都市：住
RPQOMLNLIIHFFAI67EA,竹圍子段,216.00,都市：其他
RPQOMLNLIIHFFAI67EA,竹圍子段,214.00,都市：其他
RPXNMLMKIIHFFAI08EA,荖藤段,401.00,都市：農
RPPNMLPJIIHFFAI47EA,新厝段,905.00,都市：農
RPPNMLPJIIHFFAI47EA,新厝段,748.00,都市：農
RPVPMLQLIIHFFAI38CA,榮段三小段,121.00,都市：商
RPOOMLTJIIHFFAI87EA,下路頭段,87.50,都市：住
RPOOMLTJIIHFFAI87EA,下路頭段,41.67,都市：住
RPPNMLPLIIHFFAI57DA,車店段車店小段,80.00,都市：住
RPPNMLPLIIHFFAI57DA,車店段車店小段,14.09,都市：住
RPXNMLKMIIHFFAI87CA,玉川段,113.00,都市：其他
RPSNMLPJIIHFFAI77EA,軍輝段,22.87,都市：住
RPWNMLQLIIHFFAI28CA,彌陀段,10.25,都市：住
RPVNMLTJIIHFFAI28CA,車店段車店小段,1.55,都市：住
RPVNMLTJIIHFFAI28CA,車店段車店小段,4.08,都市：住
RPQNMLTLIIHFFAI97CA,北社尾段,105.00,都市：住
RPOOMLMLIIHFFAI37EA,民族段三小段,51.00,都市：住
RPRNMLKKIIHFFAI07CA,車店段車店小段,7.27,都市：住
RPVNMLLMIIHFFAI77CA,盧厝段,70.00,都市：農
RPVNMLLMIIHFFAI77CA,盧厝段,100.00,都市：農
RPPNMLKKIIHFFAI86CA,北湖段,2645.00,都市：農
RPQNMLLMIIHFFAI27CA,大溪厝段,505.00,都市：住
RPWNMLSJIIHFFAI48EA,同興段,15.03,都市：住
RPUNMLLMIIHFFAI67CA,後庄段,56.00,都市：住
RPOOMLLKIIHFFAI96CA,北園段,20.64,都市：住
RPSNMLKMIIHFFAI37CA,民族段五小段,46.00,都市：住
RPRNMLMKIIHFFAI47EA,北門段四小段,241.00,都市：商
RPSNMLQKIIHFFAI97EA,興村段,10.10,都市：住
RPVNMLQKIIHFFAI08CA,竹圍子段,16.84,都市：住
RPSNMLMKIIHFFAI57EA,北門段四小段,146.00,都市：商
RPSNMLMKIIHFFAI57EA,北門段四小段,155.00,都市：商
RPQOMLSJIIHFFAI87DA,短竹段,94.00,都市：住
RPPNMLLKIIHFFAI96CA,竹圍子段友愛小段,108.00,都市：住
RPTNMLMJJIHFFAI47CA,北園段,74.00,都市：住
RPSNMLMJJIHFFAI37CA,港子坪段港坪小段,152.00,都市：住
RPUNMLQKIIHFFAI97CA,興村段,88.49,都市：住
RPQOMLRKIIHFFAI77CA,長竹段,22.58,都市：其他
RPSNMLPKIIHFFAI67CA,北門段七小段,6.64,都市：住
RPSOMLRKIIHFFAI97CA,下路頭段,88.00,都市：住
RPTOMLTKIIHFFAI28CA,短竹段,133.00,都市：住
RPSNMLSKIIHFFAI18EA,車店段,86.00,都市：住
RPPNMLNKIIHFFAI17CA,下路頭段,8.16,都市：住
RPXNMLSKIIHFFAI48CA,埤子頭段,116.00,都市：住
RPXNMLSKIIHFFAI48CA,埤子頭段,1.00,都市：住
RPXNMLSKIIHFFAI48CA,埤子頭段,2.00,都市：住
RPUNMLLKIIHFFAI47CA,同興段,1416.00,都市：住
RPSNMLLKIIHFFAI27CA,北園段,1348.00,都市：農
RPXNMLTJIIHFFAI48CA,短竹段,3.49,都市：住
RPOOMLSKIIHFFAI67CA,下路頭段,26.00,都市：住
RPOOMLSKIIHFFAI67CA,下路頭段,42.00,都市：住
RPVOMLQLIIHFFAI28CA,劉厝段玉山小段,98.90,都市：住
RPUNMLOLIIHFFAI87CA,竹圍子段二小段,10.39,都市：住
RPWNMLOLIIHFFAI08CA,新富段五小段,23.73,都市：商
RPVNMLMKIIHFFAI87EA,埤子頭段,6.34,都市：住
RPWNMLMKIIHFFAI97EA,短竹段,88.00,都市：住
RPSNMLLKIIHFFAI47EA,何庄段,10.16,都市：農
RPSNMLLKIIHFFAI47EA,何庄段,25.94,都市：農
RPSNMLLKIIHFFAI47EA,何庄段,1276.21,都市：農
RPSNMLLKIIHFFAI47EA,何庄段,30.70,都市：農
RPTNMLPKIIHFFAI77CA,白川段,34.83,都市：住
RPTNMLLKIIHFFAI57EA,下路頭段,97.00,都市：住
RPWNMLLKIIHFFAI87EA,竹圍子段,18.25,都市：住
RPPNMLQKIIHFFAI67EA,車店段,34.51,都市：住
RPPNMLQKIIHFFAI67EA,白川段,3.27,都市：住
RPPNMLMKIIHFFAI27EA,台斗坑段,172.00,都市：住
RPPOMLMLIIHFFAI47EA,短竹段,6.79,都市：住
RPROMLRKIIHFFAI08EA,中山段六小段,14.15,都市：住
RPROMLMJJIHFFAI37CA,湖內段,55.00,都市：住
RPRNMLMJJIHFFAI27CA,北社尾段保安小段,81.00,都市：住
RPRNMLMJJIHFFAI27CA,北社尾段保安小段,3.25,都市：住
RPRNMLMJJIHFFAI27CA,北社尾段保安小段,.30,都市：住
RPRNMLMJJIHFFAI27CA,北社尾段保安小段,.13,都市：住
RPRNMLMJJIHFFAI27CA,北社尾段保安小段,.27,都市：住
RPQOMLLMIIHFFAI37CA,盧厝段,19.65,都市：農
RPQOMLLMIIHFFAI37CA,盧厝段,229.00,都市：農
RPQOMLLMIIHFFAI37CA,盧厝段,1.65,都市：農
RPQOMLLMIIHFFAI37CA,盧厝段,19.80,都市：農
RPQOMLLMIIHFFAI37CA,盧厝段,16.62,都市：農
RPQOMLLMIIHFFAI37CA,盧厝段,.02,都市：農
RPQOMLLMIIHFFAI37CA,崎頂段,130.00,都市：農
RPQOMLLMIIHFFAI37CA,崎頂段,708.00,都市：農
RPQOMLLMIIHFFAI37CA,盧東段,648.00,都市：農
RPQOMLLMIIHFFAI37CA,盧東段,1119.68,都市：農
RPSNMLSKIIHFFAI08DA,下路頭段,165.00,都市：住
RPTOMLOLIIHFFAI87CA,盧厝段,56.00,都市：住
RPTOMLOLIIHFFAI87CA,盧厝段,3.00,都市：住
RPPNMLRKIIHFFAI57CA,何庄段,109.17,都市：住
RPWNMLMJJIHFFAI87DA,東門段五小段,88.00,都市：住
RPWNMLMJJIHFFAI87DA,東門段五小段,17.67,都市：住
RPVNMLMJJIHFFAI87EA,湖內段,23.52,都市：住
RPOOMLPKIIHFFAI37CA,新富段四小段,8.73,都市：商
RPSNMLTKIIHFFAI08CA,竹圍子段一小段,12.85,都市：住
RPSNMLLMIIHFFAI57DA,玉川段,32.00,都市：住
RPSNMLLMIIHFFAI57DA,玉川段,41.00,都市：住
RPUNMLRJJIHFFAI08CA,育人段,668.89,都市：農
RPVNMLRKIIHFFAI18CA,新富段八小段,53.00,都市：商
RPVNMLRKIIHFFAI18CA,新富段八小段,56.00,都市：商
RPVNMLRKIIHFFAI18CA,新富段八小段,12.00,都市：商
RPVNMLRKIIHFFAI18CA,新富段八小段,15.00,都市：商
RPTOMLRKIIHFFAI08CA,短竹段,3.66,都市：住
RPOOMLPLIIHFFAI47CA,下路頭段,53.87,都市：住
RPUPMLQLIIHFFAI28CA,湖內段,89.00,都市：住
RPWNMLPLIIHFFAI18CA,遠東段,15.86,都市：住
RPPPMLPLIIHFFAI67CA,西門段六小段,73.00,都市：商
RPVNMLOJJHIFFAI87CA,中山段四小段,680.00,都市：其他
RPVNMLOJJHIFFAI87CA,玉川段,345.00,都市：其他
RPVNMLOJJHIFFAI87CA,中山段四小段,15.00,都市：其他
RPRNMLTKIIHFFAI18EA,新厝段,1309.00,都市：農
RPPOMLRKIIHFFAI87EA,港子坪段,37.00,都市：住
RPPOMLRKIIHFFAI87EA,港子坪段,42.00,都市：住
RPPNMLSKIIHFFAI67CA,車店段車店小段,85.00,都市：商
RPQNMLSKIIHFFAI97EA,後庄段,992.00,都市：農
RPSNMLTKIIHFFAI28EA,新厝段,263.00,都市：農
RPTNMLQLIIHFFAI18EA,車店段,34.51,都市：住
RPTNMLQLIIHFFAI18EA,白川段,3.27,都市：住
RPTNMLTKIIHFFAI38EA,竹圍子段,70.00,都市：住
RPQPMLQLIIHFFAI87CA,遠東段,18.66,都市：住
RPRNMLRKIIHFFAI87DA,劉厝段劉厝小段,8.77,都市：住
RPSOMLKMIIHFFAI47CA,竹圍子段,110.00,都市：住
RPSOMLKMIIHFFAI47CA,竹圍子段,6.00,都市：住
RPSOMLKMIIHFFAI47CA,竹圍子段,8.00,都市：住
RPVOMLTKIIHFFAI48CA,北社尾段,30.48,都市：住
RPVOMLTKIIHFFAI48CA,北社尾段,53.00,都市：住
RPVOMLTKIIHFFAI48CA,北社尾段,12.00,都市：住
RPSNMLQKIIHFFAI77CA,短竹段,40.29,都市：其他
RPPNMLTKIIHFFAI77CA,下路頭段,73.00,都市：住
RPRNMLTKIIHFFAI97CA,西門段二小段,55.00,都市：商
RPPNMLLKJIHFFAI07CA,車店段,93.00,都市：住
RPPNMLLKJIHFFAI07CA,車店段,26.67,都市：住
RPRNMLSKIIHFFAI87CA,車店段車店小段,1.50,都市：住
RPRNMLSKIIHFFAI87CA,車店段車店小段,3.94,都市：住
RPROMLMLIIHFFAI67EA,北湖段,3.00,都市：住
RPWPMLQLIIHFFAI48CA,劉厝段玉山小段,136.80,都市：住
RPWPMLQLIIHFFAI48CA,劉厝段玉山小段,19.94,都市：住
RPQNMLPLIIHFFAI57CA,下路頭段,100.00,都市：住
RPWOMLPLIIHFFAI28CA,末廣段三小段,102.00,都市：住
RPSNMLOLIIHFFAI87EA,車店段車店小段,117.00,都市：農
RPUNMLTKIIHFFAI48EA,竹圍子段三小段,12.12,都市：住
RPUNMLMLIIHFFAI67CA,車店段車店小段,1.58,都市：住
RPUNMLMLIIHFFAI67CA,車店段車店小段,4.15,都市：住
RPXNMLSJJIHFFAI48CA,末廣段四小段,89.00,都市：住
RPVNMLMLIIHFFAI77CA,湖內段,23.52,都市：住
RPOOMLTKIIHFFAI77CA,太平段,9.65,都市：住
RPUNMLRLIIHFFAI18CA,軍輝段,47.97,都市：住
RPVNMLTKIIHFFAI38CA,盧厝段,67.00,都市：住
RPTPMLQLIIHFFAI18CA,白川段,45.98,都市：住
RPSNMLMLIIHFFAI47CA,短竹段,5.00,都市：住
RPPOMLMLIIHFFAI27CA,北社尾段保安小段,89.00,都市：住
RPOOMLMLIIHFFAI17CA,北社尾段,30.48,都市：其他
RPOOMLMLIIHFFAI17CA,北社尾段,60.00,都市：住
RPQNMLRLIIHFFAI77CA,興村段,32.90,都市：住
RPXNMLOLIIHFFAI18CA,末廣段一小段,7.55,都市：住
RPROMLOLIIHFFAI67CA,崎頂段,156.00,都市：住
RPVNMLMKJIHFFAI77CA,中庄段,89.00,都市：住
RPVNMLTJJIHFFAI38CA,下路頭段,1.33,都市：住
RPUNMLTJJIHFFAI28CA,埤子頭段,19.67,都市：商
RPUNMLNLIIHFFAI77CA,盧東段,84.52,都市：其他
RPUNMLNLIIHFFAI77CA,盧東段,5.61,都市：其他
RPUOMLKMIIHFFAI67CA,埤子頭段,23.47,都市：住
RPUNMLMKJIHFFAI67CA,新厝段,179.00,都市：農
RPUNMLMKJIHFFAI67CA,新厝段,26.00,都市：農
RPVNMLPLIIHFFAI18DA,劉厝段劉厝小段,30.00,都市：住
RPVNMLPLIIHFFAI18DA,劉厝段劉厝小段,47.00,都市：住
RPPOMLKMIIHFFAI17CA,玉川段,57.00,都市：住
RPUNMLLJJIHFFAI57DA,堀川段,35.12,都市：住
RPROMLTKIIHFFAI28EA,埤子頭段新厝小段,63.00,都市：住
RPROMLTKIIHFFAI28EA,埤子頭段新厝小段,102.00,都市：住
RPROMLTKIIHFFAI28EA,埤子頭段新厝小段,15.00,都市：住
RPSNMLMLIIHFFAI67EA,何庄段,652.52,都市：農
RPQNMLMLIIHFFAI47EA,車店段,2.00,都市：住
RPQNMLMLIIHFFAI47EA,車店段,67.00,都市：住
RPQNMLMLIIHFFAI47EA,車店段,4.00,都市：住
RPTNMLMLIIHFFAI77EA,劉厝段玉山小段,103.14,都市：住
RPPOMLLJJIHFFAI07CA,竹圍子段,30.32,都市：住
RPUOMLMJJIHFFAI67CA,埤子頭段,837.00,都市：住
RPUOMLMJJIHFFAI67CA,埤子頭段,13.00,都市：其他
RPOPMLQLIIHFFAI87EA,軍輝段,76.00,都市：住
RPROMLMJJIHFFAI57EA,太平段,28.34,都市：住
RPPNMLOLIIHFFAI37CA,港子坪段,112.00,都市：住
RPVNMLOLIIHFFAI18EA,玉川段,50.00,都市：住
RPUNMLPLIIHFFAI08DA,竹圍子段中興小段,111.00,都市：商
RPTNMLPLIIHFFAI08EA,下路頭段,63.00,都市：住
RPSOMLLMIIHFFAI57CA,軍輝段,23.21,都市：住
RPSNMLPLIIHFFAI87DA,港子坪段港坪小段,24.12,都市：住
RPQNMLOLIIHFFAI47CA,北門段四小段,243.00,都市：住
RPRNMLOLIIHFFAI57CA,北門段四小段,243.00,都市：住
RPRPMLQLIIHFFAI97CA,溪東段,114.87,都市：住
RPPPMLQLIIHFFAI77CA,溪東段,117.13,都市：住
RPSPMLQLIIHFFAI08CA,竹圍子段,141.00,都市：住
RPPOMLPLIIHFFAI57CA,新富段五小段,18.06,都市：其他
RPPOMLPLIIHFFAI57CA,新富段七小段,16.33,都市：其他
RPPNMLOKJIHFFAI37CA,北園段,18.32,都市：住
RPRNMLTLIIHFFAI08CA,大溪厝段,18.06,都市：住
RPRNMLTLIIHFFAI08CA,大溪厝段,94.00,都市：住
RPTOMLMJJIHFFAI57CA,民族段二小段,31.31,都市：住
RPRNMLQLIIHFFAI77CA,下路頭段,7.07,都市：住
SPTOMLMJJIHFFAI67CA,民族段二小段,30.56,都市：住
RPPNMLLJJIHFFAI96CA,竹圍子段二小段,23.83,都市：住
RPPNMLRLIIHFFAI67CA,車店段,34.51,都市：住
RPPNMLRLIIHFFAI67CA,白川段,3.27,都市：住
RPUNMLPKJIHFFAI97CA,北社尾段保安小段,14.62,都市：住
RPSNMLQLIIHFFAI08EA,短竹段,3.49,都市：住
RPTNMLOLIIHFFAI97EA,堀川段,44.00,都市：住
RPTNMLOLIIHFFAI97EA,堀川段,22.00,都市：住
RPTNMLOLIIHFFAI97EA,堀川段,21.00,都市：住
RPTNMLOLIIHFFAI97EA,堀川段,14.00,都市：住
RPTNMLOLIIHFFAI97EA,堀川段,4.00,都市：住
RPUNMLLJJIHFFAI67EA,西門段七小段,5.00,都市：商
RPXNMLOLIIHFFAI38EA,北社尾段,96.00,都市：住
RPXNMLPLIIHFFAI38DA,劉厝段玉山小段,119.52,都市：住
RPQNMLTLIIHFFAI18EA,玉川段,17.00,都市：其他
RPQNMLTLIIHFFAI18EA,玉川段,41.00,都市：其他
RPPNMLTLIIHFFAI08EA,玉川段,88.00,都市：住
RPQOMLQKJIHFFAI77CA,竹圍子段一小段,17.40,都市：住
RPRNMLLJJIHFFAI17CA,民族段六小段,34.00,都市：住
RPQNMLOKJIHFFAI57DA,西門段六小段,99.00,都市：住
RPWOMLMJJIHFFAI87CA,竹圍子段三小段,21.82,都市：住
RPTNMLPKJIHFFAI87CA,荖藤段,76.00,都市：住
RPWOMLQLIIHFFAI38CA,下埤段,.18,都市：住
RPWOMLQLIIHFFAI38CA,下埤段,78.30,都市：住
RPSNMLRLIIHFFAI97CA,盧厝段,8.15,都市：住
RPXOMLQLIIHFFAI48CA,台斗坑段,20.88,都市：住
RPUNMLQJJIHFFAI97CA,車店段,30.63,都市：住
RPUNMLQJJIHFFAI97CA,白川段,2.90,都市：住
RPPNMLQLIIHFFAI57CA,車店段車店小段,113.00,都市：住
RPOPMLQLIIHFFAI67CA,竹圍子段,45.38,都市：住
RPQNMLQLIIHFFAI67CA,短竹段,94.00,都市：住
RPTNMLQLIIHFFAI97CA,遠東段,99.14,都市：住
RPTNMLKMIIHFFAI47CA,玉川段,88.00,都市：住
RPTNMLKMIIHFFAI47CA,玉川段,3.00,都市：住
RPWNMLKMIIHFFAI77CA,北社尾段,88.00,都市：住
RPWNMLTJJIHFFAI48CA,下路頭段,21.58,都市：住
RPWNMLTJJIHFFAI48CA,下路頭段,130.28,都市：住
RPRNMLOKJIHFFAI67DA,車店段車店小段,77.00,都市：住
RPRNMLOKJIHFFAI67DA,車店段車店小段,14.09,都市：住
RPOOMLTJJIHFFAI77CA,下路頭段,.34,都市：住
RPOOMLTJJIHFFAI77CA,下路頭段,.74,都市：住
RPOOMLTJJIHFFAI77CA,下路頭段,83.51,都市：住
RPOOMLTJJIHFFAI77CA,下路頭段,25.00,都市：住
RPQOMLTJJIHFFAI97CA,同興段,23.24,都市：住
RPXNMLTJJIHFFAI58CA,白川段,32.00,都市：住
RPTNMLRLIIHFFAI08CA,遠東段,4.67,都市：住
RPSNMLLJJIHFFAI27CA,白川段,63.00,都市：住
RPOOMLLJJIHFFAI96CA,北園段,88.00,都市：住
RPOOMLLJJIHFFAI96CA,北園段,1.00,非都市： ; 非都市編定：
RPOOMLKMIIHFFAI07CA,同興段,70.00,都市：住
RPTNMLLMIIHFFAI57CA,末廣段二小段,255.00,都市：住
RPXOMLMJJIHFFAI97CA,軍輝段,4.84,都市：住
RPOPMLMJJIHFFAI17CA,興村段,76.00,都市：住
RPQNMLKMIIHFFAI27DA,車店段車店小段,1.50,都市：住
RPQNMLKMIIHFFAI27DA,車店段車店小段,3.94,都市：住
RPVOMLKMIIHFFAI77CA,北門段七小段,13.31,都市：住
RPVOMLKMIIHFFAI77CA,北門段七小段,17.46,都市：住
RPVOMLKMIIHFFAI77CA,北門段七小段,5.39,都市：住
RPOOMLLJJIHFFAI17EA,後庄段,111.00,都市：住
RPVNMLLMIIHFFAI97EA,同興段,62.00,都市：農
RPPNMLTKJIHFFAI87CA,太平段,18.50,都市：住
RPQNMLTKJIHFFAI97CA,下路頭段,65.00,都市：住
RPUNMLTKJIHFFAI58EA,北社尾段,12.01,都市：住
RPSNMLKLJIHFFAI37CA,山下段,54.00,都市：住
RPSNMLKLJIHFFAI37CA,山下段,2.00,都市：住
RPUNMLMLJIHFFAI77CA,劉厝段玉山小段,152.88,都市：住
RPXNMLKLJIHFFAI87CA,竹圍子段二小段,10.39,都市：住
RPQOMLKMIIHFFAI27CA,同興段,89.00,都市：其他
RPUNMLMJJIHFFAI67DA,溪東段,30.40,都市：農
RPUNMLMJJIHFFAI67DA,溪東段,10.32,都市：農
RPROMLTKJIHFFAI38EA,台斗坑段,22.32,都市：住
RPRNMLSJJIHFFAI08EA,南門段三小段,23.52,都市：住
RPPOMLLMIIHFFAI27CA,短竹段,108.00,都市：住
RPVNMLMJJIHFFAI67CA,中庄段,65.00,都市：住
RPRNMLPJJIHFFAI77EA,港子坪段港坪小段,26.84,都市：住
RPUNMLKMIIHFFAI57CA,陳厝段,51.61,都市：住
RPUNMLKMIIHFFAI57CA,陳厝段,62.88,都市：住
RPQNMLLJJIHFFAI17DA,台斗坑段,5.00,都市：住
RPQNMLLJJIHFFAI17DA,台斗坑段,74.00,都市：住
RPTNMLPKJIHFFAI08EA,遠東段,19.60,都市：住
RPXNMLMLJIHFFAI08CA,劉厝段劉厝小段,18.69,都市：住
RPQNMLPJJIHFFAI47CA,竹圍子段二小段,21.29,都市：商
RPSNMLTKJIHFFAI18CA,北社尾段保安小段,14.47,都市：住
RPPNMLQKJIHFFAI67DA,竹圍子段三小段,24.60,都市：住
RPROMLKMIIHFFAI37CA,北社尾段,118.00,都市：住
RPTNMLQJJIHFFAI08EA,末廣段五小段,26.04,都市：其他
RPROMLKMIIHFFAI57EA,元段五小段,13.56,都市：住
RPRNMLLMIIHFFAI37CA,新富段八小段,156.00,都市：商
RPRNMLLMIIHFFAI37CA,新富段八小段,2.36,都市：商
RPQNMLLMIIHFFAI47EA,同興段,15.03,都市：住
RPWNMLLJJIHFFAI77DA,盧厝段,.45,都市：住
RPWNMLLJJIHFFAI77DA,盧厝段,.33,都市：住
RPWNMLLJJIHFFAI77DA,盧厝段,18.38,都市：住
RPWNMLLJJIHFFAI77DA,盧厝段,107.00,都市：住
RPWNMLLJJIHFFAI77DA,盧厝段,13.50,都市：住
RPWNMLLJJIHFFAI77DA,盧厝段,11.39,都市：住
RPWNMLLJJIHFFAI77DA,盧厝段,4.27,都市：住
RPWNMLLJJIHFFAI77DA,盧厝段,.40,都市：住
RPWNMLLJJIHFFAI77DA,盧厝段,.17,都市：住
RPPNMLLMIIHFFAI17CA,竹圍子段一小段,14.84,都市：住
RPWNMLLMIIHFFAI87CA,同興段,75.00,都市：住
RPWNMLLMIIHFFAI87CA,同興段,9.00,非都市： ; 非都市編定：
RPRNMLRLIIHFFAI87CA,東川段,86.00,都市：住
SPSNMLLMIIHFFAI77EA,竹圍子段三小段,27.00,都市：住
RPPNMLQJJIHFFAI47CA,北園段,77.00,都市：住
RPWNMLRJJIHFFAI28CA,車店段車店小段,15.96,都市：住
RPTNMLTJJIHFFAI18CA,盧厝段,67.00,都市：住
RPOOMLLMIIHFFAI17CA,北湖段,1283.00,都市：農
RPRNMLPLJIHFFAI77CA,北社尾段,80.00,都市：住
RPRNMLPLJIHFFAI77CA,北社尾段,21.52,都市：住
RPVNMLRJJIHFFAI18CA,車店段車店小段,134.00,都市：住
RPVNMLRJJIHFFAI18CA,車店段車店小段,133.00,都市：住
RPROMLRJJIHFFAI87CA,下路頭段,78.00,都市：住
RPROMLRJJIHFFAI87CA,下路頭段,20.00,都市：住
RPROMLRJJIHFFAI87CA,下路頭段,25.00,都市：住
RPROMLRJJIHFFAI87CA,下路頭段,21.00,都市：住
RPROMLRJJIHFFAI87CA,下路頭段,41.00,都市：住
RPROMLRJJIHFFAI87CA,下路頭段,21.00,都市：住
RPROMLRJJIHFFAI87CA,下路頭段,4.00,都市：住
RPROMLRJJIHFFAI87CA,下路頭段,2.00,都市：其他
RPROMLRJJIHFFAI87CA,下路頭段,2.00,都市：其他
RPROMLRJJIHFFAI87CA,下路頭段,5.00,都市：其他
RPPNMLPLJIHFFAI57CA,中庄段,102.00,都市：住
RPPNMLPJJIHFFAI37CA,興村段,3.35,非都市： ; 非都市編定：
RPPNMLPJJIHFFAI37CA,興村段,20.19,非都市： ; 非都市編定：
RPSOMLMJJIHFFAI47CA,盧厝段,84.00,都市：住
RPPNMLKLJIHFFAI07CA,車店段車店小段,90.00,都市：住
RPPOMLMJJIHFFAI17CA,湖內段,23.89,都市：住
RPTOMLNLJIHFFAI87CA,台斗坑段,79.00,都市：住
RPROMLNLJIHFFAI67CA,劉厝段玉山小段,109.47,都市：住
RPPNMLSLJIHFFAI08EA,北社尾段保安小段,.30,都市：住
RPPNMLSLJIHFFAI08EA,北社尾段保安小段,.13,都市：住
RPPNMLSLJIHFFAI08EA,北社尾段保安小段,.27,都市：住
RPPNMLSLJIHFFAI08EA,北社尾段保安小段,80.00,都市：住
RPVNMLRLJIHFFAI58EA,陳厝段,40.13,都市：住
RPVNMLRLJIHFFAI58EA,陳厝段,81.96,都市：住
RPOOMLRLJIHFFAI77CA,北社尾段,12.01,都市：住
RPUNMLRLJIHFFAI48EA,陳厝段,39.13,都市：住
RPUNMLRLJIHFFAI48EA,陳厝段,86.60,都市：住
RPSNMLTLJIHFFAI48EA,車店段車店小段,32.22,都市：住
