﻿鄉鎮市區,交易標的,土地區段位置建物區段門牌,土地面積平方公尺,都市土地使用分區,非都市土地使用分區,非都市土地使用編定,租賃年月日,租賃筆棟數,租賃層次,總樓層數,建物型態,主要用途,主要建材,建築完成年月,建物總面積平方公尺,建物現況格局-房,建物現況格局-廳,建物現況格局-衛,建物現況格局-隔間,有無管理組織,有無附傢俱,總額元,單價元平方公尺,車位類別,車位面積平方公尺,車位總額元,備註,編號
The villages and towns urban district,transaction sign,land sector position building sector house number plate,land shifting total area square meter,the use zoning or compiles and checks,the non-metropolis land use district,non-metropolis land use,transaction year month and day,transaction pen number,shifting level,total floor number,building state,main use,main building materials,construction to complete the years,building shifting total area,Building present situation pattern - room,building present situation pattern - hall,building present situation pattern - health,building present situation pattern - compartmented,Whether there is manages the organization,Whether there is attaches the furniture,total price NTD,the unit price (NTD / square meter),the berth category,berth shifting total area square meter,the berth total price NTD,the note,serial number
新竹市,建物,新竹市新竹市元培街1~30號,0.0,商,,,1010905,土地0建物1車位0,六層,8,華廈(10層含以下有電梯),住家用,鋼筋混凝土造,0831123,113.85,3,2,2,有,有,有,12000,105,,0.0,0,,RPORMLOLQHHFFAO56CC
新竹市,建物,新竹市新竹市光華二街108巷1~30號,0.0,住,,,1010901,土地0建物0車位0,四層,5,套房(1房1廳1衛),住家用,鋼筋混凝土造,0780725,56.63,1,1,1,有,無,有,7500,132,,0.0,0,,RPQRMLOLQHHFFAO76CC
新竹市,建物,新竹市新竹市北新街121~150號,0.0,住,,,1010825,土地0建物0車位0,十層,10,套房(1房1廳1衛),辦公室,鋼筋混凝土造,0980319,51.769999999999996,2,1,1,有,有,有,16000,309,,0.0,0,,RPRRMLOLQHHFFAO86CC
新竹市,建物,新竹市新竹市林森路271~300號,20.81,商,,,1010815,土地0建物0車位0,十二層,17,套房(1房1廳1衛),辦公室,鋼筋混凝土造,0860520,61.480000000000004,1,0,1,有,有,有,5400,88,,0.0,0,,RPURMLOLQHHFFAO17CC
新竹市,建物,新竹市新竹市武陵路175巷1~30號,0.0,住,,,1010901,土地0建物1車位0,十七層,21,華廈(10層含以下有電梯),住家用,鋼筋混凝土造,0870718,154.86,3,2,2,有,有,有,12500,81,,0.0,0,,RPVRMLOLQHHFFAO27CC
新竹市,建物,新竹市新竹市經國路二段151~180號,0.0,商,,,1010820,土地0建物0車位0,四層,10,套房(1房1廳1衛),辦公室,鋼筋混凝土造,0970730,44.76,1,1,1,有,有,有,13000,290,,0.0,0,,RPPSMLOLQHHFFAO76CC
新竹市,建物,新竹市新竹市民生路211巷1~30號,0.0,住,,,1010810,土地0建物1車位0,七層,7,華廈(10層含以下有電梯),住家用,鋼筋混凝土造,,130.07,3,2,2,有,無,有,17500,135,,0.0,0,,RPPNMLPLQHHFFAO98CC
新竹市,建物,新竹市新竹市東區光復路二段298巷9弄1~30號,0.0,住,,,1010901,土地0建物1車位0,四層,7,華廈(10層含以下有電梯),住家用,鋼筋混凝土造,0840713,131.54,3,2,2,有,有,無,15000,114,,0.0,0,,RPRNMLPLQHHFFAO56CC
新竹市,建物,新竹市新竹市自由路16巷19弄1~30號,0.0,住,,,1010825,土地0建物1車位0,四層,5,公寓(5樓含以下無電梯),住家用,鋼筋混凝土造,0771007,118.47,3,2,2,有,無,有,12000,101,,0.0,0,,RPTNMLPLQHHFFAO76CC
新竹市,建物,新竹市新竹市中華路四段451巷110弄1~30號,0.0,住,山坡地保育區,丙種建築用地,1010901,土地0建物1車位0,一層,5,公寓(5樓含以下無電梯),住家用,鋼筋混凝土造,0811012,94.53,2,2,2,有,無,無,10000,106,,0.0,0,,RPUNMLPLQHHFFAO86CC
新竹市,建物,新竹市新竹市東區振興路91~120號,0.0,住,,,1010820,土地0建物1車位0,二層,7,華廈(10層含以下有電梯),住家用,鋼筋混凝土造,0820922,113.75999999999999,3,2,2,有,有,有,12000,105,,0.0,0,,RPVNMLPLQHHFFAO96CC
新竹市,建物,新竹市新竹市東區建功一路91~120號,0.0,住,,,1010825,土地0建物1車位0,四層,12,住宅大樓(11層含以上有電梯),國民住宅,鋼筋混凝土造,0890930,129.16,3,2,2,有,有,有,15000,116,,0.0,0,,RPWNMLPLQHHFFAO07CC
新竹市,建物,新竹市新竹市東區光復路一段268巷1~30號,0.0,住,,,1010901,土地0建物1車位0,十一層,16,住宅大樓(11層含以上有電梯),住家用,鋼筋混凝土造,0850214,177.91000000000003,5,2,2,有,有,有,19000,107,,0.0,0,,RPPNMLRLQHHFFAO56CC
新竹市,建物,新竹市新竹市東大路一段25巷1~30號,0.0,住,,,1010805,土地0建物1車位0,三層,5,公寓(5樓含以下無電梯),住家用,鋼筋混凝土造,0820108,105.55,3,2,2,有,無,有,13500,128,,0.0,0,,RPQNMLRLQHHFFAO66CC
新竹市,建物,新竹市新竹市香北一路191巷1~30號,0.0,住,,,1010901,土地0建物0車位0,五層,5,套房(1房1廳1衛),住家用,鋼筋混凝土造,0950731,27.95,1,0,1,無,無,有,7000,250,,0.0,0,,RPSNMLRLQHHFFAO86CC
新竹市,建物,新竹市新竹市東區光復路二段393巷4弄1~30號,0.0,住,,,1010815,土地0建物1車位0,三層,5,公寓(5樓含以下無電梯),住家用,鋼筋混凝土造,0780202,122.02,3,2,2,有,無,無,15000,123,,0.0,0,,RPTNMLRLQHHFFAO96CC
新竹市,建物,新竹市新竹市東區光復路一段41巷1~30號,0.0,住,,,1010818,土地0建物0車位0,二層,6,套房(1房1廳1衛),住家用,鋼筋混凝土造,0850513,118.41999999999999,1,0,1,有,無,有,4500,38,,0.0,0,,RPUNMLRLQHHFFAO07CC
新竹市,建物,新竹市新竹市經國路二段181~210號,0.0,商,,,1010815,土地0建物0車位0,十一層,11,套房(1房1廳1衛),辦公室,鋼筋混凝土造,0971108,34.94,1,0,0,有,有,有,12000,343,,0.0,0,,RPXNMLRLQHHFFAO37CC
新竹市,建物,新竹市新竹市經國路二段151~180號,0.0,商,,,1010804,土地0建物0車位0,八層,10,套房(1房1廳1衛),辦公室,鋼筋混凝土造,0970730,44.75,1,1,1,無,有,有,13000,291,,0.0,0,,RPOOMLRLQHHFFAO56CC
新竹市,建物,新竹市新竹市北區城北街61~90號,0.0,住,,,1010820,土地0建物1車位0,一層,4,店面(店鋪),住商用,鋼筋混凝土造,0640407,53.21,0,0,1,有,無,有,38000,714,,0.0,0,,RPQOMLRLQHHFFAO76CC
新竹市,建物,新竹市新竹市東區建功一路91~120號,0.0,住,,,1010908,土地0建物1車位0,四層,12,住宅大樓(11層含以上有電梯),國民住宅,鋼筋混凝土造,0870410,130.24,3,2,2,有,有,有,18000,138,,0.0,0,,RPTOMLRLQHHFFAO07CC
新竹市,建物,新竹市新竹市明湖路1050巷151~180號,0.0,住,山坡地保育區,丙種建築用地,1010815,土地0建物1車位1,四層,5,公寓(5樓含以下無電梯),住家用,鋼筋混凝土造,0831114,73.22,2,1,2,有,有,無,10000,137,坡道平面,0.0,0,,RPQPMLRLQHHFFAO86CC
新竹市,建物,新竹市新竹市經國路二段511~540號,0.0,住,,,1010815,土地0建物1車位1,十一層,13,住宅大樓(11層含以上有電梯),見其他登記事項,鋼筋混凝土造,0951220,87.0,2,1,1,有,有,有,15000,172,坡道平面,0.0,0,,RPRPMLRLQHHFFAO96CC
新竹市,建物,新竹市新竹市東區東明街138巷1~30號,0.0,住,,,1010806,土地0建物1車位1,三層,5,公寓(5樓含以下無電梯),住家用,鋼筋混凝土造,0811118,122.31,2,2,2,有,有,有,11500,94,坡道機械,0.0,0,,RPSPMLRLQHHFFAO07CC
新竹市,建物,新竹市新竹市建中一路1~30號,0.0,住,,,1010807,土地0建物1車位1,十五層,19,住宅大樓(11層含以上有電梯),住家用,鋼筋混凝土造,0860730,155.05,3,2,2,有,有,無,19000,123,坡道平面,0.0,0,,RPTPMLRLQHHFFAO17CC
新竹市,建物,新竹市新竹市北區東大路二段232巷1~30號,0.0,住,,,1010815,土地0建物1車位1,十二層,13,住宅大樓(11層含以上有電梯),見其他登記事項,鋼筋混凝土造,0930210,189.55,4,2,2,有,有,有,18000,95,坡道平面,0.0,0,,RPUPMLRLQHHFFAO27CC
新竹市,建物,新竹市新竹市北區湳雅街181~210號,0.0,住,,,1010820,土地0建物1車位1,一層,14,住宅大樓(11層含以上有電梯),住家用,鋼筋混凝土造,0810128,248.07,4,2,1,有,有,無,12000,48,坡道機械,0.0,0,,RPXPMLRLQHHFFAO57CC
新竹市,建物,新竹市新竹市東區東南街271~300號,0.0,住,,,1010901,土地0建物1車位0,見其他登記事項,2,店面(店鋪),住商用,加強磚造,,124.96,3,2,2,有,無,無,22000,176,,0.0,0,,RPTQMLRLQHHFFAO27CC
新竹市,建物,新竹市新竹市公道五路二段361~390號,0.0,住,,,1010401,土地0建物1車位1,三層,13,住宅大樓(11層含以上有電梯),見其他登記事項,鋼筋混凝土造,0961206,142.73000000000002,3,2,2,有,有,無,18000,126,坡道平面,0.0,0,,RPVQMLRLQHHFFAO47CC
新竹市,建物,新竹市新竹市經國路三段2巷31~60號,0.0,住,,,1010820,土地0建物1車位1,一層,9,華廈(10層含以下有電梯),住家用,鋼筋混凝土造,0871220,257.68,3,2,2,有,有,有,13000,50,坡道機械,0.0,0,,RPWQMLRLQHHFFAO57CC
新竹市,建物,新竹市新竹市光華街27巷1~30號,0.0,住,,,1010825,土地0建物1車位0,五層,5,公寓(5樓含以下無電梯),住家用,鋼筋混凝土造,0781208,106.2,3,2,2,有,有,無,9000,85,,0.0,0,,RPORMLRLQHHFFAO86CC
新竹市,建物,新竹市新竹市東南街28巷1~30號,0.0,住,,,1010905,土地0建物0車位0,一層,5,套房(1房1廳1衛),住家用,鋼筋混凝土造,,106.89,1,1,1,有,無,有,10000,94,,0.0,0,,RPPRMLRLQHHFFAO96CC
新竹市,建物,新竹市新竹市自由路91~120號,0.0,商,,,1010810,土地0建物0車位0,九層,12,套房(1房1廳1衛),見使用執照,鋼筋混凝土造,0801231,48.36,1,0,1,無,有,有,8500,176,,0.0,0,,RPQRMLRLQHHFFAO07CC
新竹市,建物,新竹市新竹市東門街112巷1~30號,0.0,,,,1010901,土地0建物0車位0,全,4,透天厝,住家用,磚造,0440101,18.0,1,0,1,無,無,有,7000,389,,0.0,0,,RPSPMLSLQHHFFAO17CC
新竹市,建物,新竹市新竹市東門街112巷1~30號,0.0,住,,,1010801,土地0建物0車位0,全,4,透天厝,住家用,磚造,0440101,23.0,1,0,1,無,無,有,7500,326,,0.0,0,,RPTPMLSLQHHFFAO27CC
新竹市,建物,新竹市新竹市東門街112巷1~30號,0.0,住,,,1010901,土地0建物0車位0,全,4,透天厝,住家用,磚造,0440101,23.0,1,0,1,無,無,有,7000,304,,0.0,0,,RPUPMLSLQHHFFAO37CC
新竹市,建物,新竹市新竹市東門街112巷1~30號,0.0,住,,,1010901,土地0建物0車位0,全,4,透天厝,住家用,磚造,0440101,18.0,1,0,1,無,無,有,7000,389,,0.0,0,,RPVPMLSLQHHFFAO47CC
新竹市,建物,新竹市新竹市東門街112巷1~30號,0.0,住,,,1010821,土地0建物0車位0,全,4,透天厝,住家用,磚造,0440101,20.0,1,0,1,無,無,有,7000,350,,0.0,0,,RPXPMLSLQHHFFAO67CC
新竹市,建物,新竹市新竹市東門街112巷1~30號,0.0,住,,,1010901,土地0建物0車位0,全,4,透天厝,住家用,磚造,0440101,23.0,1,0,1,無,無,有,7500,326,,0.0,0,,RPPQMLSLQHHFFAO96CC
新竹市,建物,新竹市新竹市天府路61~90號,0.0,住,,,1010901,土地0建物1車位0,一層,5,店面(店鋪),見其他登記事項,鋼筋混凝土造,0940320,45.0,1,1,1,有,無,無,11000,244,,0.0,0,,RPTQMLSLQHHFFAO37CC
新竹市,建物,新竹市新竹市東區金山東街31~60號,166.0,住,,,1010820,土地0建物0車位0,全,5,透天厝,見其他登記事項,鋼筋混凝土造,0991117,20.0,1,0,1,有,無,有,5500,275,,0.0,0,,RPTNMLTLQHHFFAO17CC
新竹市,建物,新竹市新竹市金山十街91~120號,91.98,住,,,1010815,土地0建物0車位0,全,5,透天厝,見其他登記事項,鋼筋混凝土造,1000509,14.0,1,0,1,有,無,有,7300,521,,0.0,0,,RPWNMLTLQHHFFAO47CC
新竹市,建物,新竹市新竹市金山北三街91~120號,99.0,住,,,1010807,土地0建物0車位0,全,4,透天厝,見其他登記事項,鋼筋混凝土造,0890717,21.0,1,0,1,有,無,有,5500,262,,0.0,0,,RPRRMLTLQHHFFAO37CC
新竹市,土地,湖港段121~150地號,175.85,,鄉村區,乙種建築用地,1010815,土地1建物0車位0,全,,透天厝,,,,0.0,3,3,3,有,無,有,12000,68,,0.0,0,,RPTSMLTLQHHFFAO67CC
新竹市,建物,新竹市新竹市明湖路721~750號,0.0,住,,,1010825,土地0建物1車位0,地下二層,7,套房(1房1廳1衛),見其他登記事項,鋼筋混凝土造,0940220,48.36,1,0,1,無,有,有,9000,186,,0.0,0,,RPWRMLKMQHHFFAO07CC
新竹市,建物,新竹市新竹市建美路31~60號,0.0,,,,1010915,土地0建物1車位0,全,4,透天厝,見其他登記事項,鋼筋混凝土造,0980922,297.95,4,2,3,有,有,無,39500,133,,0.0,0,,RPXRMLKMQHHFFAO17CC
新竹市,房地(土地+建物),新竹市新竹市中山路721~750號,124.0,住,,,1010804,土地1建物0車位0,三層,4,套房(1房1廳1衛),住家用,鋼筋混凝土造,0950111,14.87,1,0,1,有,無,有,5000,336,,0.0,0,,RPWOMLKMQHHFFAO86DC
新竹市,房地(土地+建物),新竹市新竹市中正路284巷1~30號,1591.0,住,,,1010804,土地1建物1車位0,二層,5,公寓(5樓含以下無電梯),住家用,,,74.1,3,2,2,有,無,有,7500,101,,0.0,0,,RPXOMLKMQHHFFAO96DC
新竹市,房地(土地+建物),新竹市新竹市東大路一段1~30號,490.0,住,,,1010805,土地1建物1車位0,五層,8,華廈(10層含以下有電梯),住商用,鋼筋混凝土造,0670705,78.59,2,2,1,有,無,有,11000,140,,0.0,0,,RPPNMLLMQHHFFAO78DC
新竹市,房地(土地+建物),新竹市新竹市中央路151~180號,35.8,住,,,1010818,土地1建物1車位0,十九層,26,住宅大樓(11層含以上有電梯),見其他登記事項,鋼筋混凝土造,0961101,134.6,3,2,2,有,有,有,38000,282,,0.0,0,,RPRPMLLMQHHFFAO56DC
新竹市,建物,新竹市新竹市竹蓮街151~180號,0.0,住,,,1010805,土地0建物0車位0,四層,5,華廈(10層含以下有電梯),見其他登記事項,鋼筋混凝土造,0970412,14.0,1,0,1,有,無,有,6000,429,,0.0,0,,RPSQMLLMQHHFFAO66CC
新竹市,建物,新竹市新竹市竹蓮街151~180號,0.0,住,,,1010810,土地0建物0車位0,三層,5,華廈(10層含以下有電梯),見其他登記事項,鋼筋混凝土造,0970412,16.0,1,0,1,無,無,有,6000,375,,0.0,0,,RPUQMLLMQHHFFAO86CC
新竹市,建物,新竹市新竹市東明街138巷1~30號,0.0,住,,,1010806,土地0建物1車位1,三層,5,公寓(5樓含以下無電梯),住家用,鋼筋混凝土造,0820927,122.31,2,2,2,有,有,有,11500,94,坡道機械,0.0,0,,RPTNMLNJRHHFFAO09CC
新竹市,建物,新竹市新竹市城北街61~90號,0.0,住,,,1010820,土地0建物1車位0,一層,4,店面(店鋪),住商用,鋼筋混凝土造,0640407,53.21,0,0,1,有,無,有,38000,714,,0.0,0,,RPUNMLNJRHHFFAO56CC
新竹市,建物,新竹市新竹市湳雅街181~210號,0.0,住,,,1010820,土地0建物1車位1,一層,14,住宅大樓(11層含以上有電梯),住家用,鋼筋混凝土造,0810128,248.07,4,2,1,有,有,無,12000,48,坡道機械,0.0,0,,RPSNMLOJRHHFFAO09CC
新竹市,房地(土地+建物),新竹市新竹市和福街31~60號,160.0,住,,,1010813,土地1建物1車位0,三層,6,華廈(10層含以下有電梯),住家用,鋼筋混凝土造,,57.91,2,2,1,有,無,有,9000,155,,0.0,0,,RPPOMLOJRHHFFAO88CC
新竹市,房地(土地+建物),新竹市新竹市中華路二段1~30號,156.0,住,,,1010814,土地1建物1車位0,一層,2,店面(店鋪),住家用,加強磚造,0610117,36.36,0,0,0,無,無,無,15000,413,,0.0,0,承租人只租1樓前半部11坪，另1樓後半部及二樓部分出租人另行處置。,RPROMLOJRHHFFAO09CC
新竹市,房地(土地+建物),新竹市新竹市南外街1~30號,97.0,住,,,1010816,土地1建物0車位0,四層,5,套房(1房1廳1衛),見其他登記事項,鋼筋混凝土造,0961220,24.79,1,0,1,有,無,有,6000,242,,0.0,0,,RPSOMLOJRHHFFAO56CC
新竹市,房地(土地+建物),新竹市新竹市食品路301~330號,370.0,住,,,1010816,土地1建物1車位0,三層,4,公寓(5樓含以下無電梯),住商用,鋼筋混凝土造,0770916,92.56,3,2,1,有,無,有,12500,135,,0.0,0,,RPUOMLOJRHHFFAO76CC
新竹市,房地(土地+建物),新竹市新竹市東門街112巷1~30號,72.0,住,,,1010817,土地1建物0車位0,三層,4,套房(1房1廳1衛),住家用,磚造,0440101,11.57,1,0,1,有,無,有,4500,389,,0.0,0,,RPOPMLOJRHHFFAO88CC
新竹市,房地(土地+建物),新竹市新竹市食品路326巷22弄1~30號,112.0,住,,,1010817,土地1建物0車位0,四層,4,套房(1房1廳1衛),住家用,加強磚造,0680618,39.66,1,1,1,有,無,有,8500,214,,0.0,0,,RPQPMLOJRHHFFAO09CC
新竹市,房地(土地+建物),新竹市新竹市東門街112巷1~30號,72.0,住,,,1010821,土地1建物0車位0,二層,4,套房(1房1廳1衛),住家用,磚造,0440101,11.57,1,0,1,有,無,有,4500,389,,0.0,0,,RPVPMLOJRHHFFAO96CC
新竹市,房地(土地+建物),新竹市新竹市中華路二段721~750號,102.0,住,,,1010808,土地1建物0車位0,二層,2,套房(1房1廳1衛),住商用,加強磚造,0650315,23.14,1,0,1,有,無,有,6500,281,,0.0,0,,RPWQMLOJRHHFFAO17CC
新竹市,房地(土地+建物),新竹市新竹市中正路96巷1~30號,461.0,住,,,1010810,土地1建物1車位0,三層,10,華廈(10層含以下有電梯),辦公室,鋼筋混凝土造,0971230,52.56,2,1,1,有,有,有,15000,285,,0.0,0,,RPXQMLOJRHHFFAO27CC
新竹市,房地(土地+建物),新竹市新竹市光復路一段285巷1~30號,78.67,住,,,1010811,土地1建物0車位0,二層,2,套房(1房1廳1衛),住商用,加強磚造,0661214,23.14,1,0,1,有,無,有,6800,294,,0.0,0,,RPORMLOJRHHFFAO09CC
新竹市,房地(土地+建物),新竹市新竹市光復路二段155巷2弄1~30號,784.0,住,,,1010821,土地1建物0車位0,二層,5,套房(1房1廳1衛),住家用,鋼筋混凝土造,0740722,16.52,1,0,1,有,無,有,5300,321,,0.0,0,,RPRRMLOJRHHFFAO76CC
新竹市,房地(土地+建物),新竹市新竹市鐵道路一段151~180號,411.0,住,,,1010824,土地1建物1車位0,二層,5,華廈(10層含以下有電梯),住家用,鋼筋混凝土造,0821120,75.75,2,2,1,有,無,有,10000,132,,0.0,0,,RPTRMLOJRHHFFAO96CC
新竹市,建物,新竹市新竹市香山區大湖路52巷6弄1~30號,0.0,住,,,1010930,土地0建物1車位1,全,4,透天厝,見其他登記事項,鋼筋混凝土造,0950525,198.65,4,2,3,有,無,無,14000,70,其他,0.0,0,,RPPNMLQJRHHFFAO98CC
新竹市,建物,新竹市新竹市東區鐵道路一段28巷1~30號,0.0,商,,,1010901,土地0建物1車位1,十三層,14,住宅大樓(11層含以上有電梯),見其他登記事項,鋼筋混凝土造,1000718,201.28,4,2,2,有,有,有,36000,179,坡道平面,0.0,0,,RPQNMLQJRHHFFAO09CC
新竹市,建物,新竹市新竹市東區明湖路1050巷271~300號,0.0,其他,山坡地保育區,丙種建築用地,1010819,土地0建物1車位0,七層,9,華廈(10層含以下有電梯),住家用,鋼筋混凝土造,0860715,76.09,3,2,1,有,有,有,12222,161,,0.0,0,,RPRNMLQJRHHFFAO56CC
新竹市,建物,新竹市新竹市北區經國路二段218巷12弄1~30號,0.0,住,,,1010901,土地0建物1車位0,五層,5,公寓(5樓含以下無電梯),住家用,鋼筋混凝土造,0750621,100.93,3,2,2,有,有,無,8000,79,,0.0,0,,RPTNMLQJRHHFFAO76CC
新竹市,建物,新竹市新竹市北區經國路一段721~750號,0.0,住,,,1010905,土地0建物0車位0,九層,9,套房(1房1廳1衛),辦公室,鋼筋混凝土造,0950701,36.660000000000004,1,1,1,有,有,有,12000,327,,0.0,0,,RPUNMLQJRHHFFAO86CC
新竹市,建物,新竹市新竹市關新路1~30號,0.0,其他,,,1010920,土地0建物0車位0,十三層,13,套房(1房1廳1衛),見其他登記事項,鋼筋混凝土造,0970911,33.61,1,1,1,無,有,有,13500,402,,0.0,0,,RPVNMLQJRHHFFAO96CC
新竹市,建物,新竹市新竹市民生路181~210號,0.0,商,,,1010920,土地0建物1車位0,五層,12,住宅大樓(11層含以上有電梯),住家用,鋼筋混凝土造,,146.13,3,2,2,有,無,無,13000,89,,0.0,0,,RPXNMLQJRHHFFAO17CC
新竹市,建物,新竹市新竹市東大路二段190巷31~60號,0.0,住,,,1010908,土地0建物1車位1,六層,7,華廈(10層含以下有電梯),國民住宅,鋼筋混凝土造,0861030,146.44,3,2,2,有,有,有,14000,96,坡道平面,0.0,0,,RPPOMLQJRHHFFAO09CC
新竹市,建物,新竹市新竹市國華街72巷1~30號,0.0,住,,,1010916,土地0建物1車位1,六層,6,華廈(10層含以下有電梯),住家用,鋼筋混凝土造,0820828,129.26,3,2,2,有,無,無,13000,101,升降機械,0.0,0,租賃期間為2年0.5個月,RPQOMLQJRHHFFAO56CC
新竹市,建物,新竹市新竹市民主路241~270號,0.0,住,,,1010828,土地0建物1車位2,三層,8,華廈(10層含以下有電梯),住家用,鋼筋混凝土造,0840715,109.44,4,3,3,有,有,有,20000,183,坡道機械,0.0,0,,RPSOMLQJRHHFFAO76CC
新竹市,建物,新竹市新竹市南大路616巷83弄91~120號,0.0,住,,,1010901,土地0建物1車位0,二層,7,華廈(10層含以下有電梯),住家用,鋼筋混凝土造,0801202,106.22,3,2,2,有,無,有,12000,113,,0.0,0,,RPVOMLQJRHHFFAO07CC
新竹市,建物,新竹市新竹市中華路五段31~60號,0.0,住,,,1010901,土地0建物1車位0,十一層,12,住宅大樓(11層含以上有電梯),住家用,鋼筋混凝土造,0831013,88.62,4,1,2,有,有,有,11000,124,,0.0,0,,RPOPMLQJRHHFFAO09CC
新竹市,建物,新竹市新竹市東區四維路1~30號,0.0,住,,,1010905,土地0建物0車位0,十層,12,套房(1房1廳1衛),見使用執照,鋼筋混凝土造,0800730,55.84,1,0,1,無,有,有,7000,125,,0.0,0,,RPQPMLQJRHHFFAO66CC
新竹市,建物,新竹市新竹市經國路一段454巷31~60號,0.0,住,,,1010911,土地0建物1車位0,三層,7,華廈(10層含以下有電梯),住家用,鋼筋混凝土造,0800115,77.44,2,2,1,有,有,有,8000,103,,0.0,0,,RPTPMLQJRHHFFAO96CC
新竹市,建物,新竹市新竹市北區經國路二段151~180號,0.0,商,,,1010910,土地0建物0車位0,六層,10,套房(1房1廳1衛),辦公室,鋼筋混凝土造,0970730,43.6,1,1,1,有,有,有,15000,344,,0.0,0,,RPSQMLQJRHHFFAO96CC
新竹市,土地,力行段661~690地號,236.21,,山坡地保育區,丙種建築用地,1011020,土地1建物0車位0,全,,透天厝,,,,0.0,3,1,2,有,無,無,30000,127,,0.0,0,,RPRNMLRJRHHFFAO66CC
新竹市,建物,新竹市新竹市東區埔頂二路121~150號,0.0,,,,1010901,土地0建物1車位2,十二層,15,住宅大樓(11層含以上有電梯),見其他登記事項,鋼筋混凝土造,1001130,328.2,4,2,2,有,有,有,35000,107,坡道平面,62.92,0,,RPWNMLRJRHHFFAO17CC
新竹市,建物,新竹市新竹市西門街31~60號,0.0,商,,,1010911,土地0建物1車位0,全,4,透天厝,商業用,加強磚造,,26.45,0,0,0,無,無,無,130000,4915,,0.0,0,,RPROMLRJRHHFFAO76CC
新竹市,房地(土地+建物),新竹市新竹市民族路181~210號,157.0,其他,,,1011101,土地1建物1車位0,全,2,透天厝,住商用,加強磚造,,164.84,0,0,0,無,無,無,10000,61,,0.0,0,,RPPQMLRJRHHFFAO76CC
新竹市,建物,新竹市新竹市振興路91~120號,0.0,住,,,1010810,土地0建物1車位0,見使用執照,7,華廈(10層含以下有電梯),住商用,鋼筋混凝土造,0820927,100.19,2,2,2,有,有,無,27500,274,,0.0,0,,RPPOMLKKRHHFFAO68DC
新竹市,建物,新竹市新竹市南大路241~270號,0.0,住,,,1010821,土地0建物1車位0,八層,9,套房(1房1廳1衛),住商用,鋼筋混凝土造,0810425,28.49,1,1,1,有,有,有,6500,228,,0.0,0,,RPROMLKKRHHFFAO88DC
新竹市,建物,新竹市新竹市少年街31~60號,0.0,住,,,1010815,土地0建物1車位0,五層,9,華廈(10層含以下有電梯),住家用,鋼筋混凝土造,0830131,53.72,1,1,1,有,無,無,8300,155,,0.0,0,,RPTOMLKKRHHFFAO09DC
新竹市,建物,新竹市新竹市南大路241~270號,0.0,住,,,1010823,土地0建物1車位0,八層,9,套房(1房1廳1衛),住商用,鋼筋混凝土造,0810425,25.33,1,1,1,有,有,有,6500,257,,0.0,0,,RPUOMLKKRHHFFAO56DC
新竹市,建物,新竹市新竹市明湖路721~750號,0.0,住,,,1010820,土地0建物1車位0,地下一層,4,套房(1房1廳1衛),見其他登記事項,鋼筋混凝土造,0940220,30.98,1,1,1,有,有,有,11000,355,,0.0,0,,RPWOMLKKRHHFFAO76DC
新竹市,建物,新竹市新竹市明湖路721~750號,0.0,住,,,1010814,土地0建物1車位0,地下一層,4,套房(1房1廳1衛),見其他登記事項,鋼筋混凝土造,0940220,30.98,1,1,1,有,有,有,10000,323,,0.0,0,,RPOPMLKKRHHFFAO68DC
新竹市,建物,新竹市新竹市明湖路1050巷61~90號,0.0,住,鄉村區,乙種建築用地,1010811,土地0建物1車位0,六層,7,套房(1房1廳1衛),住家用,鋼筋混凝土造,0830323,25.68,1,1,1,有,有,有,5500,214,,0.0,0,,RPRPMLKKRHHFFAO98DC
新竹市,建物,新竹市新竹市中正路391~420號,0.0,住,,,1010828,土地0建物1車位0,六層,7,華廈(10層含以下有電梯),住家用,鋼筋混凝土造,0701005,48.09,2,1,1,有,有,有,8000,166,,0.0,0,,RPTPMLKKRHHFFAO56DC
新竹市,建物,新竹市新竹市光復路二段298巷7弄1~30號,0.0,住,,,1010902,土地0建物1車位0,九層,10,華廈(10層含以下有電梯),住家用,鋼筋混凝土造,0840713,114.12,3,2,2,有,有,有,17000,149,,0.0,0,,RPUPMLKKRHHFFAO66DC
新竹市,建物,新竹市新竹市西安街31~60號,0.0,住,,,1010910,土地0建物0車位0,全,4,透天厝,住商用,加強磚造,0601012,18.0,1,0,1,無,無,有,6800,378,,0.0,0,,RPVNMLLKRHHFFAO56CC
新竹市,建物,新竹市新竹市竹蓮街151~180號,0.0,住,,,1010920,土地0建物0車位0,五層,5,華廈(10層含以下有電梯),見其他登記事項,鋼筋混凝土造,0970412,14.0,1,0,1,無,無,有,6000,429,,0.0,0,,RPTNMLMKRHHFFAO09CC
新竹市,建物,新竹市新竹市竹光路1~30號,0.0,住,,,1010821,土地0建物1車位0,七層,14,住宅大樓(11層含以上有電梯),住家用,鋼筋混凝土造,0860205,22.78,1,0,1,有,有,有,5500,241,,0.0,0,,RPSOMLOKRHHFFAO76DC
新竹市,建物,新竹市新竹市少年街31~60號,0.0,商,,,1010824,土地0建物1車位0,八層,9,華廈(10層含以下有電梯),住家用,鋼筋混凝土造,0830131,54.92,1,1,1,有,有,無,8500,155,,0.0,0,,RPUPMLOKRHHFFAO07DC
新竹市,建物,新竹市新竹市北大路301~330號,120.51,商,,,1010830,土地0建物1車位0,一層,2,店面(店鋪),住家用,加強磚造,,120.51,0,0,0,無,無,無,125000,1037,,0.0,0,,RPXOMLRKRHHFFAO47CC
新竹市,建物,新竹市新竹市經國路二段248巷26弄1~30號,0.0,住,,,1010828,土地0建物1車位0,全,2,透天厝,住家用,鋼筋混凝土造,0750825,169.6,4,2,2,有,無,無,15000,88,,0.0,0,,RPPPMLRKRHHFFAO76CC
新竹市,建物,新竹市新竹市延平路91~120號,0.0,住,,,1010829,土地0建物1車位0,一層,2,店面(店鋪),住商用,加強磚造,0640129,83.18,1,1,1,有,無,無,22000,264,,0.0,0,,RPRPMLRKRHHFFAO96CC
新竹市,房地(土地+建物),新竹市新竹市建功一路104巷1~30號,35.69,住,,,1010916,土地1建物1車位0,一層,4,公寓(5樓含以下無電梯),住家用,鋼筋混凝土造,,79.76,3,2,2,有,無,無,13000,163,,0.0,0,,RPVPMLRKRHHFFAO37CC
新竹市,建物,新竹市新竹市公道五路二段151~180號,0.0,,,,1010831,土地0建物1車位0,全,4,透天厝,見其他登記事項,鋼筋混凝土造,0951018,50.73,0,0,0,有,無,無,30000,591,,0.0,0,,RPOPMLSKRHHFFAO76CC
新竹市,建物,新竹市新竹市東區慈祥路61~90號,0.0,住,,,1010825,土地0建物1車位2,八層,12,住宅大樓(11層含以上有電梯),見其他登記事項,鋼筋混凝土造,1000324,137.15,3,2,2,有,有,有,30000,219,坡道平面,0.0,0,,RPOOMLKLRHHFFAO58CC
新竹市,建物,新竹市新竹市東區慈祥路61~90號,0.0,住,,,1010825,土地0建物1車位2,二層,12,住宅大樓(11層含以上有電梯),見其他登記事項,鋼筋混凝土造,1000324,179.73000000000002,4,2,2,有,有,有,35000,195,坡道平面,0.0,0,,RPPOMLKLRHHFFAO68CC
新竹市,建物,新竹市新竹市民主路31~60號,0.0,其他,,,1010915,土地0建物1車位0,一層,4,店面(店鋪),見其他登記事項,鋼筋混凝土造,0920713,59.64,0,0,0,無,無,無,20000,335,,0.0,0,,RPROMLKLRHHFFAO88CC
新竹市,建物,新竹市新竹市北區中華路三段121巷31~60號,0.0,住,,,1010904,土地0建物1車位1,二層,5,公寓(5樓含以下無電梯),住家用,鋼筋混凝土造,0871222,143.9,4,2,2,有,有,有,20000,139,坡道平面,0.0,0,,RPTOMLKLRHHFFAO09CC
新竹市,建物,新竹市新竹市經國路一段511~540號,0.0,住,,,1010908,土地0建物1車位0,八層,18,住宅大樓(11層含以上有電梯),住家用,鋼筋混凝土造,0850522,117.73,3,2,2,有,有,有,12000,102,,0.0,0,,RPUOMLKLRHHFFAO56CC
新竹市,建物,新竹市新竹市東明街173巷3弄1~30號,0.0,,,,1010901,土地0建物1車位0,二層,5,公寓(5樓含以下無電梯),住家用,鋼筋混凝土造,,47.6,2,1,1,有,無,有,10000,210,,0.0,0,,RPWOMLKLRHHFFAO76CC
新竹市,房地(土地+建物),新竹市新竹市金山北二街61~90號,6.78,住,,,1010826,土地1建物1車位0,四層,6,套房(1房1廳1衛),住家用,鋼筋混凝土造,0950215,43.54,1,1,1,有,無,有,9500,218,,0.0,0,,RPXOMLKLRHHFFAO86CC
新竹市,建物,新竹市新竹市東區光復路二段298巷7弄1~30號,0.0,住,,,1010902,土地0建物1車位0,三層,7,華廈(10層含以下有電梯),住家用,鋼筋混凝土造,0840713,160.8,3,2,2,有,有,無,16000,100,,0.0,0,,RPPPMLKLRHHFFAO78CC
新竹市,房地(土地+建物),新竹市新竹市光復路一段89巷121~150號,542.65,住,,,1010826,土地1建物0車位0,四層,7,套房(1房1廳1衛),住家用,鋼筋混凝土造,0800327,14.87,1,0,1,有,無,有,5000,336,,0.0,0,,RPWPMLKLRHHFFAO86CC
新竹市,建物,新竹市新竹市東區明湖路751~780號,0.0,住,,,1010906,土地0建物0車位0,地下四層,4,套房(1房1廳1衛),見其他登記事項,鋼筋混凝土造,0940220,48.36,1,0,1,有,有,有,8000,165,,0.0,0,,RPXPMLKLRHHFFAO96CC
新竹市,建物,新竹市新竹市明湖路721~750號,0.0,其他,,,1010907,土地0建物0車位0,地下二層,4,套房(1房1廳1衛),見其他登記事項,鋼筋混凝土造,0940220,48.34,1,0,1,無,有,有,8000,165,,0.0,0,,RPOQMLKLRHHFFAO78CC
新竹市,建物,新竹市新竹市東區寶山路150巷1~30號,0.0,住,,,1010907,土地0建物1車位0,一層,5,公寓(5樓含以下無電梯),住家用,鋼筋混凝土造,0730128,94.55,3,2,1,有,無,有,14000,148,,0.0,0,,RPPQMLKLRHHFFAO88CC
新竹市,建物,新竹市新竹市東園街1~30號,0.0,其他,,,1010906,土地0建物0車位0,三層,5,套房(1房1廳1衛),見其他登記事項,鋼筋混凝土造,0960903,53.510000000000005,1,0,1,無,無,有,13000,243,,0.0,0,,RPSQMLKLRHHFFAO56CC
新竹市,建物,新竹市新竹市東區中華路三段1~30號,0.0,住,,,1010911,土地0建物0車位0,六層,14,套房(1房1廳1衛),住家用,鋼筋混凝土造,0890417,48.15,1,0,1,有,有,有,10000,208,,0.0,0,,RPTQMLKLRHHFFAO66CC
新竹市,建物,新竹市新竹市民族路241~270號,0.0,住,,,1010905,土地0建物1車位1,七層,7,華廈(10層含以下有電梯),住家用,鋼筋混凝土造,0850131,116.19,2,2,1,有,無,有,15500,133,坡道機械,0.0,0,,RPUQMLKLRHHFFAO76CC
新竹市,建物,新竹市新竹市經國路三段92巷16弄1~30號,0.0,住,,,1010916,土地0建物0車位1,十層,15,套房(1房1廳1衛),見其他登記事項,鋼筋混凝土造,0990809,97.24,1,1,1,有,有,有,15000,154,坡道平面,0.0,0,,RPORMLKLRHHFFAO88CC
新竹市,建物,新竹市新竹市香山區富群街85巷18弄31~60號,0.0,,山坡地保育區,丙種建築用地,1010905,土地0建物1車位0,全,4,透天厝,住家用,鋼筋混凝土造,0870618,236.15,4,2,3,無,有,有,30000,127,,0.0,0,,RPRRMLKLRHHFFAO56CC
新竹市,建物,新竹市新竹市東區明湖路648巷121~150號,0.0,,山坡地保育區,丙種建築用地,1010908,土地0建物1車位0,全,3,透天厝,見其他登記事項,鋼筋混凝土造,0870321,210.78,4,2,2,無,有,有,20000,95,,0.0,0,,RPURMLKLRHHFFAO86CC
新竹市,建物,新竹市新竹市光華二街108巷1~30號,0.0,,,,1010906,土地0建物1車位0,五層,5,公寓(5樓含以下無電梯),住家用,鋼筋混凝土造,,70.66,2,1,1,有,無,有,10000,142,,0.0,0,,RPRSMLKLRHHFFAO66CC
新竹市,建物,新竹市新竹市東大路二段181~210號,0.0,,,,1010907,土地0建物1車位0,一層,2,店面(店鋪),住商用,加強磚造,,78.88,0,0,0,無,無,無,20000,254,,0.0,0,,RPSSMLKLRHHFFAO76CC
新竹市,建物,新竹市新竹市香山區牛埔東路241~270號,0.0,住,,,1010911,土地0建物1車位0,十四層,16,住宅大樓(11層含以上有電梯),住家用,鋼骨鋼筋混凝土造,0850926,103.26,3,2,2,有,有,有,12000,116,,0.0,0,,RPTSMLKLRHHFFAO86CC
新竹市,建物,新竹市新竹市北新街121~150號,0.0,住,,,1010910,土地0建物1車位0,六層,10,華廈(10層含以下有電梯),辦公室,鋼筋混凝土造,0980319,51.410000000000004,2,2,1,有,有,有,16000,311,,0.0,0,,RPUSMLKLRHHFFAO96CC
新竹市,建物,新竹市新竹市東大路二段172巷31~60號,0.0,,,,1010912,土地0建物1車位0,二層,7,華廈(10層含以下有電梯),國民住宅,鋼筋混凝土造,0861005,148.54,3,2,2,有,有,有,12000,81,,0.0,0,,RPXSMLKLRHHFFAO27CC
新竹市,建物,新竹市新竹市北區竹光路331~360號,0.0,,,,1010911,土地0建物1車位0,九層,20,住宅大樓(11層含以上有電梯),住家用,鋼筋混凝土造,0840728,129.09,2,2,1,有,有,有,12000,93,,0.0,0,,RPOTMLKLRHHFFAO09CC
新竹市,建物,新竹市新竹市光華二街81巷10弄61~90號,0.0,,,,1010915,土地0建物1車位1,四層,8,華廈(10層含以下有電梯),住家用,鋼筋混凝土造,0820517,127.72,4,2,2,有,有,無,16000,125,坡道平面,0.0,0,,RPPTMLKLRHHFFAO56CC
新竹市,房地(土地+建物)+車位,新竹市新竹市關新路1~30號,4.91,其他,,,1010911,土地1建物1車位1,三層,13,套房(1房1廳1衛),見其他登記事項,鋼筋混凝土造,0970911,9.59,1,0,1,有,有,有,11000,1147,坡道平面,8.52,0,,RPTOMLLLRHHFFAO56CC
新竹市,房地(土地+建物),新竹市新竹市光復路一段243巷1~30號,165.07,住,,,1010831,土地2建物0車位0,全,5,透天厝,見其他登記事項,鋼筋混凝土造,0930316,12.0,1,0,1,有,無,有,5300,442,,0.0,0,,RPSPMLLLRHHFFAO56CC
新竹市,土地,中央段601~630地號,160.0,住,,,1010911,土地1建物0車位0,,,套房(1房1廳1衛),,,,0.0,1,0,1,無,無,有,7000,44,,0.0,0,,RPUPMLLLRHHFFAO76CC
新竹市,房地(土地+建物),新竹市新竹市金山11街2巷53弄31~60號,92.71,住,,,1010902,土地1建物0車位0,全,5,透天厝,見其他登記事項,鋼筋混凝土造,0960209,16.0,1,0,0,有,無,有,6500,406,,0.0,0,,RPVPMLLLRHHFFAO86CC
新竹市,房地(土地+建物),新竹市新竹市金山23街1~30號,37.28,住,,,1010907,土地1建物1車位0,二層,6,華廈(10層含以下有電梯),見其他登記事項,鋼筋混凝土造,0930303,128.35,4,1,2,有,無,有,28000,218,,0.0,0,,RPXPMLLLRHHFFAO07CC
新竹市,房地(土地+建物),新竹市新竹市光復路一段89巷121~150號,18.94,住,,,1010909,土地1建物0車位0,一層,14,住宅大樓(11層含以上有電梯),住家用,鋼筋混凝土造,0870531,131.27,2,2,2,有,無,有,13000,99,,0.0,0,,RPOQMLLLRHHFFAO88CC
新竹市,建物,新竹市新竹市埔頂三路151~180號,0.0,住,,,1010901,土地0建物1車位0,八層,15,住宅大樓(11層含以上有電梯),見其他登記事項,鋼筋混凝土造,1010229,121.18,3,2,2,有,有,有,16500,136,,0.0,0,,RPORMLLLRHHFFAO98CC
新竹市,建物,新竹市新竹市光復路一段61~90號,14.81,住,,,1010831,土地0建物0車位0,一層,6,華廈(10層含以下有電梯),住商用,鋼筋混凝土造,0880810,17.0,1,0,1,有,無,有,5000,294,,0.0,0,,RPPNMLNLRHHFFAO88CC
新竹市,建物,新竹市新竹市關東路76巷1~30號,69.0,住,,,1010901,土地0建物0車位0,全,4,透天厝,住家用,鋼筋混凝土造,0780525,17.0,1,0,1,有,無,有,6500,382,,0.0,0,,RPQNMLNLRHHFFAO98CC
新竹市,房地(土地+建物),新竹市新竹市民享街61~90號,70.0,其他,,,1010911,土地1建物1車位0,全,3,透天厝,,鋼筋混凝土造,0880910,142.12,0,0,4,無,無,無,26000,183,,0.0,0,,RPROMLOLRHHFFAO76DC
新竹市,土地,長春段1561~1590地號,200.0,住,,,1010822,土地1建物0車位0,,,其他,,,,0.0,0,0,0,無,無,無,70000,350,,0.0,0,,RPOPMLQLRHHFFAO66CC
新竹市,建物,新竹市新竹市新竹市北大路1~30號,0.0,商,,,1010831,土地0建物1車位0,十二層,28,住宅大樓(11層含以上有電梯),見其他登記事項,鋼骨鋼筋混凝土造,0960703,92.31,3,2,2,有,有,有,29000,314,,0.0,0,,RPSPMLQLRHHFFAO07CC
新竹市,建物,新竹市新竹市新莊街121~150號,0.0,住,,,1010916,土地0建物1車位0,五層,7,華廈(10層含以下有電梯),住家用,鋼筋混凝土造,0840830,100.54,3,2,1,有,有,有,15000,149,,0.0,0,,RPPPMLRLRHHFFAO86CC
新竹市,建物,新竹市新竹市關新路1~30號,0.0,,,,1010829,土地0建物0車位0,十三層,13,套房(1房1廳1衛),見其他登記事項,鋼筋混凝土造,0970911,33.61,1,1,1,無,有,有,13500,402,,0.0,0,,RPSPMLRLRHHFFAO17CC
新竹市,建物,新竹市新竹市東光路31~60號,0.0,,,,1010828,土地0建物1車位0,三層,4,公寓(5樓含以下無電梯),住家用,鋼筋混凝土造,,73.44,3,2,2,無,有,無,11000,150,,0.0,0,,RPUPMLRLRHHFFAO37CC
新竹市,建物,新竹市新竹市武陵路1~30號,0.0,住,,,1010831,土地0建物1車位0,七層,26,住宅大樓(11層含以上有電梯),見其他登記事項,鋼筋混凝土造,0970826,165.29,3,2,2,有,有,有,36000,218,,0.0,0,,RPXOMLRLRHHFFAO67DC
新竹市,房地(土地+建物)+車位,新竹市新竹市關新路19巷31~60號,17.92,住,,,1010828,土地1建物1車位2,十五層,15,住宅大樓(11層含以上有電梯),見其他登記事項,鋼筋混凝土造,0980721,97.75,4,2,2,有,有,有,24000,246,坡道平面,44.96,0,,RPPNMLSLRHHFFAO86DC
新竹市,建物,新竹市新竹市明湖路721~750號,0.0,住,,,1010913,土地0建物1車位0,地下二層,4,套房(1房1廳1衛),見其他登記事項,鋼筋混凝土造,0940220,30.98,1,0,1,有,有,有,8000,258,,0.0,0,,RPOOMLSLRHHFFAO76CC
新竹市,房地(土地+建物),新竹市新竹市建功一路59巷1~30號,25.91,住,,,1011001,土地1建物1車位0,八層,12,住宅大樓(11層含以上有電梯),國民住宅,鋼筋混凝土造,0890930,128.61,3,2,2,有,有,無,15000,117,,0.0,0,,RPOPMLMJIIHFFAO97DC
新竹市,房地(土地+建物),新竹市新竹市關新路181~210號,5260.28,住,,,1010824,土地1建物1車位0,一層,21,店面(店鋪),見其他登記事項,鋼筋混凝土造,0990723,176.8,0,0,0,無,有,有,80000,452,,0.0,0,,RPSNNLMJIIHFFAO28DC
新竹市,建物,新竹市新竹市新竹市武陵路175巷1~30號,0.0,住,,,1011001,土地0建物0車位0,一層,20,華廈(10層含以下有電梯),住家用,鋼筋混凝土造,0870718,87.9,3,2,2,有,有,有,22000,250,,0.0,0,,RPVSMLNJIIHFFAO09DC
新竹市,建物,新竹市新竹市林森路61~90號,0.0,住,,,1010908,土地0建物1車位0,八層,12,套房(1房1廳1衛),住家用,鋼筋混凝土造,0780107,18.7,1,1,1,有,有,有,4500,241,,0.0,0,,RPVPMLOJIIHFFAO88DC
新竹市,建物,新竹市新竹市中華路三段1~30號,0.0,商,,,1010918,土地0建物1車位0,七層,16,辦公商業大樓,辦公室,鋼筋混凝土造,0800708,116.43,0,0,0,無,無,無,18000,155,,0.0,0,,RPXPMLOJIIHFFAO09DC
新竹市,建物,新竹市新竹市明湖路91~120號,0.0,住,,,1010919,土地0建物1車位0,全,2,透天厝,住家用,加強磚造,,109.8,2,2,2,有,無,無,20000,182,,0.0,0,,RPPQMLOJIIHFFAO38DC
新竹市,建物,新竹市新竹市林森路121~150號,0.0,商,,,1010921,土地0建物1車位0,九層,12,套房(1房1廳1衛),住家用,鋼筋混凝土造,0830607,34.37,1,1,1,有,有,有,6500,189,,0.0,0,,RPRQMLOJIIHFFAO58DC
新竹市,建物,新竹市新竹市四維路91~120號,0.0,商,,,1010920,土地0建物1車位0,八層,14,套房(1房1廳1衛),住家用,鋼筋混凝土造,0870302,38.58,1,1,1,有,有,有,7500,194,,0.0,0,,RPTQMLOJIIHFFAO78DC
新竹市,建物,新竹市新竹市和平路61~90號,0.0,住,,,1010927,土地0建物1車位0,三層,13,住宅大樓(11層含以上有電梯),住家用,鋼筋混凝土造,0860710,104.61,3,2,2,有,有,有,11500,110,,0.0,0,,RPUQMLOJIIHFFAO88DC
新竹市,建物,新竹市新竹市少年街31~60號,0.0,商,,,1010914,土地0建物1車位0,三層,5,公寓(5樓含以下無電梯),住家用,鋼筋混凝土造,0720728,89.88,3,2,2,有,無,無,9500,106,,0.0,0,,RPVQMLOJIIHFFAO98DC
新竹市,建物,新竹市新竹市食品路1~30號,0.0,住,,,1010916,土地0建物1車位0,六層,9,套房(1房1廳1衛),見其他登記事項,鋼筋混凝土造,0870108,35.87,1,1,1,有,有,有,8000,223,,0.0,0,,RPXQMLOJIIHFFAO56DC
新竹市,建物,新竹市新竹市光復路一段61~90號,0.0,住,,,1010916,土地0建物1車位0,五層,6,套房(1房1廳1衛),住家用,鋼筋混凝土造,0880810,21.39,1,1,1,有,有,有,7000,327,,0.0,0,,RPORMLOJIIHFFAO38DC
新竹市,建物,新竹市新竹市和平路86巷1~30號,0.0,住,,,1010921,土地0建物1車位0,一層,8,華廈(10層含以下有電梯),住商用,鋼筋混凝土造,0821026,72.6,1,1,1,有,無,無,15500,213,,0.0,0,,RPSSMLOJIIHFFAO88DC
新竹市,建物,新竹市新竹市少年街31~60號,0.0,商,,,1010925,土地0建物1車位0,七層,9,華廈(10層含以下有電梯),住家用,鋼筋混凝土造,0830131,53.72,1,1,1,有,有,無,8300,155,,0.0,0,,RPOTMLOJIIHFFAO58DC
新竹市,建物,新竹市新竹市少年街31~60號,0.0,商,,,1011001,土地0建物1車位0,四層,9,華廈(10層含以下有電梯),住家用,鋼筋混凝土造,0830131,54.92,1,1,1,有,有,無,8300,151,,0.0,0,,RPUTMLOJIIHFFAO56DC
新竹市,建物,新竹市新竹市埔頂二路121~150號,0.0,住,,,1010921,土地0建物1車位1,十二層,15,住宅大樓(11層含以上有電梯),見其他登記事項,鋼筋混凝土造,1001130,180.79000000000002,3,2,2,有,有,有,30000,166,坡道平面,0.0,0,,RPQNMLOJIIHFFAO08CC
新竹市,建物,新竹市新竹市東區埔頂三路61~90號,0.0,住,,,1010913,土地0建物1車位1,十層,14,住宅大樓(11層含以上有電梯),見其他登記事項,鋼筋混凝土造,1000501,155.85,4,2,2,有,有,無,20000,128,坡道平面,0.0,0,,RPRNMLOJIIHFFAO18CC
新竹市,建物,新竹市新竹市明湖路1008巷29弄1~30號,0.0,其他,山坡地保育區,丙種建築用地,1010927,土地0建物1車位0,全,2,透天厝,住家用,加強磚造,0711005,128.0,7,2,3,有,無,無,28000,219,,0.0,0,,RPSNMLOJIIHFFAO28CC
新竹市,建物,新竹市新竹市香山區五福路一段19巷18弄1~30號,0.0,其他,山坡地保育區,丙種建築用地,1010918,土地0建物1車位0,全,4,透天厝,見其他登記事項,鋼筋混凝土造,0890925,176.08,4,2,3,無,無,無,14000,80,,0.0,0,,RPUNMLOJIIHFFAO48CC
新竹市,建物,新竹市新竹市北區中央路245巷31~60號,0.0,商,,,1010918,土地0建物0車位0,三層,11,套房(1房1廳1衛),見其他登記事項,鋼筋混凝土造,1010221,70.47,1,1,1,無,有,有,18000,255,,0.0,0,,RPVNMLOJIIHFFAO58CC
新竹市,建物,新竹市新竹市明權路1~30號,0.0,住,,,1010919,土地0建物1車位0,三層,14,住宅大樓(11層含以上有電梯),見其他登記事項,鋼筋混凝土造,1000410,260.2,4,2,3,有,有,有,31000,119,,0.0,0,,RPQOMLOJIIHFFAO18CC
新竹市,建物,新竹市新竹市北區經國路三段2巷31~60號,0.0,住,,,1010920,土地0建物1車位0,二層,9,華廈(10層含以下有電梯),住家用,鋼筋混凝土造,0871220,168.06,4,2,2,有,有,有,20000,119,,0.0,0,,RPVOMLOJIIHFFAO68CC
新竹市,建物,新竹市新竹市北大路40巷1~30號,0.0,,,,1010918,土地0建物1車位0,二層,7,華廈(10層含以下有電梯),住家用,鋼筋混凝土造,0841230,88.46,3,2,2,有,無,有,18000,203,,0.0,0,,RPSRMLOJIIHFFAO68CC
新竹市,建物,新竹市新竹市天府路一段511~540號,0.0,,,,1010920,土地0建物1車位0,九層,14,住宅大樓(11層含以上有電梯),見其他登記事項,鋼筋混凝土造,0970520,102.99,3,2,2,有,有,有,12500,121,,0.0,0,,RPWRMLOJIIHFFAO09CC
新竹市,建物,新竹市新竹市牛埔東路241~270號,0.0,,,,1010920,土地0建物1車位0,六層,16,住宅大樓(11層含以上有電梯),住家用,鋼骨鋼筋混凝土造,0850926,81.63000000000001,3,1,2,有,有,有,10000,123,,0.0,0,,RPOSMLOJIIHFFAO38CC
新竹市,建物,新竹市新竹市湳雅街311巷36弄31~60號,0.0,,,,1010924,土地0建物1車位0,全,2,透天厝,住家用,鋼筋混凝土造,0780328,105.95,4,3,3,有,無,無,13500,127,,0.0,0,,RPTSMLOJIIHFFAO88CC
新竹市,建物,新竹市新竹市北大路1~30號,0.0,,,,1010924,土地0建物1車位0,六層,9,華廈(10層含以下有電梯),辦公室,鋼筋混凝土造,0990810,68.4,2,2,2,有,有,有,26000,380,,0.0,0,,RPRTMLOJIIHFFAO78CC
新竹市,建物,新竹市新竹市中正路96巷1~30號,0.0,,,,1010925,土地0建物1車位0,三層,10,華廈(10層含以下有電梯),辦公室,鋼筋混凝土造,0971230,37.18,2,1,1,有,有,有,16000,430,,0.0,0,,RPSTMLOJIIHFFAO88CC
新竹市,建物,新竹市新竹市關新路181~210號,0.0,,,,1010926,土地0建物1車位0,四層,24,住宅大樓(11層含以上有電梯),見其他登記事項,鋼筋混凝土造,1001121,184.14,3,2,2,有,有,有,40000,217,,0.0,0,,RPWTMLOJIIHFFAO66CC
新竹市,建物,新竹市新竹市牛埔東路1~30號,0.0,,,,1010928,土地0建物1車位1,十五層,15,住宅大樓(11層含以上有電梯),見其他登記事項,鋼筋混凝土造,0970131,184.13,3,2,2,有,有,有,20000,109,坡道平面,0.0,0,,RPXTMLOJIIHFFAO76CC
新竹市,建物,新竹市新竹市公道五路二段421~450號,0.0,住,,,1010907,土地0建物1車位0,二層,13,住宅大樓(11層含以上有電梯),見其他登記事項,鋼筋混凝土造,0951127,145.79,3,2,2,有,有,有,43000,295,,0.0,0,,RPWPMLPJIIHFFAO09DC
新竹市,建物,新竹市新竹市北大路1~30號,0.0,住,,,1010907,土地0建物1車位0,二十五層,28,住宅大樓(11層含以上有電梯),見其他登記事項,鋼骨鋼筋混凝土造,0960703,64.8,2,2,2,有,有,有,27000,417,,0.0,0,,RPXPMLPJIIHFFAO56DC
新竹市,房地(土地+建物),新竹市新竹市東大路二段172巷31~60號,20.0,住,,,1011005,土地0建物1車位0,五層,7,華廈(10層含以下有電梯),國民住宅,鋼筋混凝土造,0861005,148.48,3,2,2,有,有,有,12000,81,,0.0,0,,RPRQMLTJIIHFFAO98CC
新竹市,房地(土地+建物),新竹市新竹市光華二街56巷1~30號,24.12,住,,,1011009,土地1建物1車位0,三層,5,華廈(10層含以下有電梯),住家用,鋼筋混凝土造,0800213,83.47,2,2,1,有,無,有,12000,144,,0.0,0,,RPXQMLLKIIHFFAO88CC
新竹市,建物,新竹市新竹市光復路二段155巷61~90號,0.0,住,,,1010916,土地0建物0車位0,一層,5,套房(1房1廳1衛),見使用執照,鋼筋混凝土造,0780518,21.48,1,0,1,有,無,有,5800,270,,0.0,0,,RPRPMLMKIIHFFAO28CC
新竹市,建物,新竹市新竹市成功路65巷1~30號,0.0,住,,,1010919,土地0建物1車位0,二層,5,套房(1房1廳1衛),住家用,鋼筋混凝土造,0850729,30.0,1,0,1,有,有,有,9500,317,,0.0,0,,RPTPMLMKIIHFFAO48CC
新竹市,建物,新竹市新竹市經國路二段91~120號,0.0,住,,,1010924,土地0建物1車位0,十二層,12,套房(1房1廳1衛),見其他登記事項,鋼筋混凝土造,0860715,21.01,1,0,1,有,有,有,7000,333,,0.0,0,,RPXPMLMKIIHFFAO88CC
新竹市,建物,新竹市新竹市中華路三段1~30號,0.0,住,,,1010928,土地0建物1車位0,七層,14,套房(1房1廳1衛),住家用,鋼筋混凝土造,0890417,57.9,1,0,1,有,有,有,11000,190,,0.0,0,,RPPQMLMKIIHFFAO18CC
新竹市,建物,新竹市新竹市高翠路160巷151~180號,0.0,住,,,1010930,土地0建物1車位0,三層,5,華廈(10層含以下有電梯),住家用,鋼筋混凝土造,0890626,95.65,3,2,2,有,有,有,19000,199,坡道平面,0.0,0,,RPRQMLMKIIHFFAO38CC
新竹市,建物,新竹市新竹市公道五路二段301~330號,0.0,住,,,1010922,土地0建物1車位2,八層,14,住宅大樓(11層含以上有電梯),見其他登記事項,鋼筋混凝土造,0980922,227.33,4,2,2,有,有,無,25000,110,坡道平面,0.0,0,,RPWQMLMKIIHFFAO88CC
新竹市,建物,新竹市新竹市公道五路二段331~360號,0.0,住,,,1010915,土地0建物1車位2,十一層,14,住宅大樓(11層含以上有電梯),見其他登記事項,鋼筋混凝土造,0980922,169.12,4,2,2,有,有,有,30000,177,坡道平面,0.0,0,,RPORMLMKIIHFFAO18CC
新竹市,建物,新竹市新竹市竹光路35巷1~30號,0.0,住,,,1010925,土地0建物1車位0,五層,5,公寓(5樓含以下無電梯),住家用,鋼筋混凝土造,0781030,109.94,4,2,2,有,有,有,10000,91,,0.0,0,,RPRRMLPKIIHFFAO78CC
新竹市,建物,新竹市新竹市北新街31~60號,0.0,住,,,1010924,土地0建物1車位0,四層,5,套房(1房1廳1衛),見其他登記事項,鋼筋混凝土造,0960326,38.48,1,1,1,有,無,有,13000,338,,0.0,0,,RPSRMLPKIIHFFAO88CC
新竹市,建物,新竹市新竹市八德路181~210號,0.0,其他,,,1010923,土地0建物1車位2,一層,14,住宅大樓(11層含以上有電梯),見其他登記事項,鋼筋混凝土造,0971126,202.43,5,2,3,有,有,有,45000,222,坡道平面,0.0,0,,RPVNMLSKIIHFFAO09CC
新竹市,土地,新興段1681~1710地號,19.36,住,,,1010927,土地1建物0車位0,全,,透天厝,,,,0.0,3,2,1,有,無,無,7000,362,,0.0,0,,RPOOMLSKIIHFFAO48CC
新竹市,建物,新竹市新竹市經國路三段92巷16弄1~30號,0.0,住,,,1011014,土地0建物1車位1,五層,15,住宅大樓(11層含以上有電梯),見其他登記事項,鋼筋混凝土造,0990809,105.83,2,2,1,有,有,有,18000,170,坡道機械,0.0,0,,RPSOMLSKIIHFFAO88CC
新竹市,建物,新竹市新竹市武陵路276巷1~30號,0.0,住,,,1011004,土地0建物1車位0,四層,5,公寓(5樓含以下無電梯),住家用,鋼筋混凝土造,0780830,89.72,3,2,2,有,無,無,8000,89,,0.0,0,,RPTOMLSKIIHFFAO98CC
新竹市,建物,新竹市新竹市中山路451~480號,0.0,住,,,1011004,土地0建物1車位0,三層,5,公寓(5樓含以下無電梯),住家用,鋼筋混凝土造,0760306,98.6,3,2,2,有,有,無,9500,96,,0.0,0,,RPUOMLSKIIHFFAO09CC
新竹市,建物,新竹市新竹市香山區遊樂街29巷31~60號,0.0,住,,,1011005,土地0建物1車位0,五層,7,華廈(10層含以下有電梯),見使用執照,鋼筋混凝土造,0811218,110.25999999999999,3,2,2,無,無,無,10000,91,,0.0,0,,RPWOMLSKIIHFFAO66CC
新竹市,建物,新竹市新竹市經國路一段511~540號,0.0,住,,,1011005,土地0建物1車位0,十三層,19,住宅大樓(11層含以上有電梯),住家用,鋼筋混凝土造,0850522,44.06,1,0,1,有,有,有,6000,136,,0.0,0,,RPOPMLSKIIHFFAO58CC
新竹市,建物,新竹市新竹市南門街61~90號,0.0,商,,,1011006,土地0建物1車位0,二層,7,華廈(10層含以下有電梯),住商用,鋼筋混凝土造,,84.91999999999999,3,2,2,有,無,有,17000,200,,0.0,0,,RPPPMLSKIIHFFAO68CC
新竹市,建物,新竹市新竹市西大路91~120號,0.0,商,,,1011007,土地0建物1車位0,三層,5,公寓(5樓含以下無電梯),住家用,鋼筋混凝土造,0711007,104.86,3,2,2,有,無,有,8000,76,,0.0,0,,RPRPMLSKIIHFFAO88CC
新竹市,建物,新竹市新竹市天府路一段421~450號,0.0,住,,,1011009,土地0建物1車位0,全,4,透天厝,見其他登記事項,鋼筋混凝土造,0890705,378.95,6,2,6,有,無,有,35000,92,,0.0,0,,RPSPMLSKIIHFFAO98CC
新竹市,建物,新竹市新竹市經國路二段151~180號,0.0,商,,,1011005,土地0建物1車位0,三層,10,套房(1房1廳1衛),辦公室,鋼筋混凝土造,0970730,43.58,1,1,1,有,有,有,15000,344,,0.0,0,,RPUPMLSKIIHFFAO56CC
新竹市,建物,新竹市新竹市光華北街61~90號,0.0,住,,,1011001,土地0建物1車位0,四層,7,華廈(10層含以下有電梯),住家用,鋼筋混凝土造,0811021,36.79,1,0,1,有,有,有,6500,177,,0.0,0,,RPXPMLSKIIHFFAO86CC
新竹市,建物,新竹市新竹市建新路90巷6弄1~30號,0.0,住,,,1011009,土地0建物1車位0,四層,4,公寓(5樓含以下無電梯),國民住宅,鋼筋混凝土造,,73.92,3,2,2,有,無,有,14000,189,,0.0,0,,RPPQMLSKIIHFFAO78CC
新竹市,建物,新竹市新竹市關新路1~30號,0.0,其他,,,1011004,土地0建物1車位1,十一層,13,套房(1房1廳1衛),見其他登記事項,鋼筋混凝土造,0970911,36.9,1,1,1,有,有,有,14000,379,坡道平面,0.0,0,,RPORMLSKIIHFFAO78CC
新竹市,土地,朝山段511~540地號,46.2,其他,,,1011012,土地1建物0車位0,,,其他,,,,0.0,0,0,0,有,無,無,10000,216,,0.0,0,,RPQOMLSKIIHFFAO78DC
新竹市,建物,新竹市新竹市北區中正路211~240號,0.0,住,,,1010921,土地0建物1車位0,十二層,,住宅大樓(11層含以上有電梯),,,,105.09,3,2,2,有,有,有,26000,247,,0.0,0,,RPWOMLTKIIHFFAO86DC
新竹市,房地(土地+建物)+車位,新竹市新竹市北區武陵路175巷1~30號,15295.01,住,,,1011009,土地1建物1車位1,十層,21,住宅大樓(11層含以上有電梯),住家用,鋼筋混凝土造,0870623,113.28,3,2,2,有,無,有,20000,177,坡道平面,39.37,0,,RPQOMLMLIIHFFAO28DC
新竹市,建物,新竹市新竹市中華路三段1~30號,0.0,商,,,1011015,土地0建物1車位0,三層,14,住宅大樓(11層含以上有電梯),住家用,鋼筋混凝土造,0890417,51.57,1,1,1,有,有,有,9000,175,,0.0,0,,RPSPMLOLIIHFFAO68CC
新竹市,建物,新竹市新竹市慈祥路61~90號,0.0,住,,,1011003,土地0建物1車位1,七層,12,住宅大樓(11層含以上有電梯),見其他登記事項,鋼筋混凝土造,1000324,100.64,2,2,2,有,有,無,15000,149,坡道平面,0.0,0,,RPTQMLOLIIHFFAO88CC
新竹市,建物,新竹市新竹市東南街241~270號,0.0,住,,,1011004,土地0建物1車位0,見其他登記事項,3,店面(店鋪),住商用,加強磚造,0631014,111.82,0,0,0,無,無,無,22000,197,,0.0,0,,RPQOMLPLIIHFFAO48CC
新竹市,建物,新竹市新竹市建功一路151~180號,0.0,住,,,1011001,土地0建物1車位0,全,3,透天厝,見其他登記事項,鋼筋混凝土造,0961206,15.25,1,0,1,有,無,有,6000,393,,0.0,0,,RPTOMLPLIIHFFAO78CC
新竹市,建物,新竹市新竹市北大路31~60號,0.0,,,,1011017,土地0建物1車位0,五層,,辦公商業大樓,,,,114.27,0,0,0,無,無,無,30000,263,,0.0,0,,RPUOMLPLIIHFFAO88CC
新竹市,建物,新竹市新竹市中華路三段1~30號,0.0,,,,1011024,土地0建物1車位0,六層,16,辦公商業大樓,辦公室,鋼筋混凝土造,0800708,101.79,0,0,0,無,無,無,22222,218,坡道平面,0.0,0,,RPVOMLPLIIHFFAO98CC
新竹市,建物,新竹市新竹市東區東勢里13鄰八德路181~210號,0.0,,,,1011001,土地0建物1車位0,三層,14,住宅大樓(11層含以上有電梯),辦公室,鋼筋混凝土造,0971126,188.46,5,2,2,有,有,有,49800,264,,0.0,0,,RPSQMLTLIIHFFAO76DC
新竹市,建物,新竹市新竹市東區錦華里19鄰北大路1~30號,0.0,,,,1011101,土地0建物1車位0,七層,11,住宅大樓(11層含以上有電梯),辦公室,鋼筋混凝土造,0990810,68.3,2,2,1,有,無,有,31000,454,,0.0,0,,RPWQMLTLIIHFFAO17DC
新竹市,建物,新竹市新竹市竹光路183巷31~60號,0.0,住,,,1011009,土地0建物0車位0,四層,4,套房(1房1廳1衛),見其他登記事項,鋼筋混凝土造,0970116,16.52,1,0,1,有,無,有,5500,333,,0.0,0,,RPPOMLKMIIHFFAO97CC
新竹市,建物,新竹市新竹市中華路二段1~30號,0.0,住,,,1011011,土地0建物1車位0,五層,12,住宅大樓(11層含以上有電梯),住家用,鋼筋混凝土造,0860705,93.31,3,2,2,有,有,無,11500,123,,0.0,0,,RPQOMLKMIIHFFAO08CC
新竹市,建物,新竹市新竹市四維路1~30號,0.0,住,,,1011018,土地0建物1車位0,十二層,12,套房(1房1廳1衛),住家用,鋼筋混凝土造,0800730,37.08,1,0,1,有,有,有,7000,189,,0.0,0,,RPROMLKMIIHFFAO18CC
