﻿編號,屋齡,建物移轉面積平方公尺,主要用途,主要建材,建築完成日期,總層數,建物分層
The serial number,room age,building shifting area square meter,the main use,main building materials,construction completes the date,total layer,building lamination
RPRNMLQKQHHFFDP76CA,28,95.78,住家用,加強磚造,73年8月1日,四層,二層
RPPNMLKKQHHFFDP68DA,,174.40,見其他登記事項,鋼筋混凝土造,101年3月28日,三層,一層 二層 三層 見其他登記事項
RPPNMLSKQHHFFDP76CA,7,154.51,住家用,鋼筋混凝土造,94年11月9日,三層,一層 二層 三層
RPSNMLTJQHHFFDP17DA,10,217.80,住家用,鋼筋混凝土造,91年3月18日,四層,一層 二層 三層 四層
RPRNMLTJQHHFFDP07DA,1,220.74,見其他登記事項,鋼筋混凝土造,99年12月15日,三層,一層 二層 三層 見其他登記事項
RPPNMLTJQHHFFDP86DA,33,88.68,住家用,加強磚造,68年5月29日,二層,一層 二層
RPQNMLSLQHHFFCP86CA,6,246.10,見其他登記事項,鋼筋混凝土造,95年2月27日,四層,一層 二層 三層 四層 騎樓 見其他登記事項
RPTNMLQKQHHFFDP96CA,16,72.14,見其他登記事項,鋼筋混凝土造,85年12月13日,四層,一層 二層 三層 四層 騎樓 電梯樓梯間
RPTNMLQKQHHFFDP96CA,16,72.14,見其他登記事項,鋼筋混凝土造,85年12月13日,四層,一層 二層 三層 四層 騎樓 電梯樓梯間
RPTNMLQKQHHFFDP96CA,16,72.14,見其他登記事項,鋼筋混凝土造,85年12月13日,四層,一層 二層 三層 四層 騎樓 電梯樓梯間
RPPNMLRLQHHFFCP76DA,30,223.11,住商用,見使用執照,71年5月20日,四層,一層 二層 三層 四層 騎樓
RPPNMLRLQHHFFCP76DA,30,218.25,住商用,見其他登記事項,71年5月20日,四層,一層 二層 三層 四層 騎樓
RPTNMLRLQHHFFDP17CA,,177.75,見其他登記事項,鋼筋混凝土造,101年4月26日,三層,一層 二層 三層 屋頂突出物
RPSNMLRLQHHFFDP07CA,,178.85,見其他登記事項,鋼筋混凝土造,101年4月26日,三層,一層 二層 三層 屋頂突出物
RPPNMLMLQHHFFAP68DA,19,95.81,住家用,鋼筋混凝土造,81年11月1日,六層,六層
RPPNMLPKQHHFFAP88DA,2,184.55,住家用,鋼筋混凝土造,99年4月22日,三層,一層 二層 三層
RPVNMLKLQHHFFAP09DA,18,78.38,住家用,鋼筋混凝土造,83年8月19日,七層,七層
RPVNMLKLQHHFFAP09DA,18,36.75,共有部份,鋼筋混凝土造,83年8月19日,七層,
RPPNMLQKQHHFFAP98DA,18,93.44,住家用,鋼筋混凝土造,83年3月25日,七層,四層
RPQNMLNKQHHFFEP09CA,33,144.06,住商用,加強磚造,68年3月15日,三層,一層 二層 三層 騎樓
RPPNMLPJRHHFFAP88DA,15,96.63,住家用,鋼筋混凝土造,86年5月15日,十六層,三層
RPQNMLOKQHHFFDP56DA,16,95.56,住家用,鋼筋混凝土造,85年9月26日,八層,三層
RPQNMLOKQHHFFDP56DA,16,19.03,共有部份,鋼筋混凝土造,85年9月26日,八層,
RPQNMLOKQHHFFDP56DA,16,13.48,共有部份,鋼筋混凝土造,85年9月26日,八層,
RPQNMLOKQHHFFDP56DA,16,1.75,共有部份,鋼筋混凝土造,85年9月26日,八層,
RPSNMLSLQHHFFDP17CA,16,15.00,停車空間,鋼筋混凝土造,85年5月11日,六層,一層
SPSNMLSLQHHFFDP27CA,16,90.75,住家用,鋼筋混凝土造,85年5月11日,六層,二層
SPSNMLSLQHHFFDP27CA,16,19.41,共有部份,鋼筋混凝土造,85年5月11日,六層,
SPSNMLSLQHHFFDP27CA,16,7.36,共有部份,鋼筋混凝土造,85年5月11日,六層,
RPPNMLTJQHHFFCP66CA,,215.35,住家用,鋼筋混凝土造,101年3月8日,四層,一層 二層 三層 四層
RPPNMLTLQHHFFAP66CA,18,78.77,住家用,鋼筋混凝土造,83年11月15日,十二層,四層
RPQNMLLLQHHFFAP68DA,18,173.25,住家用,鋼筋混凝土造,83年5月26日,三層,一層 二層 三層 電梯樓梯間
RPVNMLOKQHHFFAP76DA,30,115.72,住家用,加強磚造,70年12月29日,二層,一層 二層 騎樓 電梯樓梯間
RPSNMLNKQHHFFAP98DA,12,15.76,住家用,見其他登記事項,90年1月17日,四層,
RPSNMLNKQHHFFAP98DA,12,5.19,共有部份,見其他登記事項,90年1月17日,四層,
RPRNMLNKQHHFFAP88DA,21,38.00,住家用,鋼筋混凝土造,81年1月13日,六層,二層
RPRNMLNKQHHFFAP88DA,21,4.14,共有部份,鋼筋混凝土造,81年1月13日,六層,
RPSNMLNKQHHFFDP56CA,,174.40,見其他登記事項,鋼筋混凝土造,101年3月28日,三層,一層 二層 三層 見其他登記事項
RPVNMLOKQHHFFDP96CA,3,175.63,見其他登記事項,鋼筋混凝土造,98年9月1日,四層,一層 二層 三層 四層 騎樓 見其他登記事項
RPPNMLNJRHHFFAP68DA,15,153.70,,鋼筋混凝土造,86年10月8日,三層,
RPWNMLOKQHHFFDP07CA,3,175.63,見其他登記事項,鋼筋混凝土造,98年9月1日,四層,一層 二層 三層 四層 騎樓 見其他登記事項
RPQNMLKKQHHFFBP58DA,32,96.72,住家用,加強磚造,69年11月10日,二層,一層 二層 電梯樓梯間
RPPNMLRJRHHFFBP56DA,6,858.27,見其他登記事項,見其他登記事項,95年12月20日,一層,一層
RPUNMLRLQHHFFDP27CA,,178.85,見其他登記事項,鋼筋混凝土造,101年4月26日,三層,一層 二層 三層 屋頂突出物
RPTNMLSLQHHFFDP27CA,,178.85,見其他登記事項,鋼筋混凝土造,101年4月26日,三層,一層 二層 三層 屋頂突出物
RPSNMLMJJIHFFBP18CA,4,265.10,住商用,鋼筋混凝土造,97年1月25日,四層,一層 二層 三層 四層 騎樓
RPTNMLTLQHHFFDP37CA,,177.75,見其他登記事項,鋼筋混凝土造,101年4月26日,三層,一層 二層 三層 屋頂突出物
RPWNMLOKQHHFFAP76CA,20,323.85,農舍,見其他登記事項,81年10月29日,一層,一層
RPPNMLNKQHHFFAP58CA,6,211.45,住家用,鋼筋混凝土造,95年12月25日,三層,一層 二層 三層 電梯樓梯間
RPPNMLRKQHHFFAP98CA,13,99.94,住家用,鋼筋混凝土造,88年9月26日,五層,二層 三層
RPPNMLRKQHHFFAP98CA,13,19.15,停車空間,鋼筋混凝土造,88年9月26日,五層,
RPPNMLRKQHHFFAP98CA,13,19.45,共有部份,鋼筋混凝土造,88年9月26日,五層,
RPPNMLRKQHHFFEP86DA,5,362.37,見其他登記事項,鋼筋混凝土造,96年2月15日,一層,一層
RPPNMLRKQHHFFEP86DA,5,214.61,見其他登記事項,鋼筋混凝土造,96年2月15日,一層,一層
RPPNMLRKQHHFFEP86DA,5,83.09,見其他登記事項,鋼筋混凝土造,96年2月15日,一層,一層
RPPNMLRKQHHFFEP86DA,5,53.66,見其他登記事項,鋼筋混凝土造,96年2月15日,一層,一層
RPTNMLLLQHHFFAP98DA,13,161.11,住家用,鋼筋混凝土造,88年3月9日,三層,一層 二層 三層 電梯樓梯間
RPRNMLPKQHHFFAP09DA,31,99.16,住家用,加強磚造,70年12月29日,二層,一層 二層 騎樓 電梯樓梯間
RPPNMLPKQHHFFEP56CA,27,111.17,住家用,加強磚造,74年3月25日,二層,二層 騎樓 一層
RPTNMLLLQHHFFEP76DA,23,125.21,住家用,加強磚造,78年6月27日,二層,一層 二層 屋頂突出物
RPPNMLPKQHHFFBP98DA,20,95.82,住家用,鋼筋混凝土造,81年9月30日,五層,四層
RPPNMLPKQHHFFBP98DA,20,4.40,共有部份,鋼筋混凝土造,81年9月30日,,
RPPNMLPKQHHFFBP98DA,20,12.29,共有部份,鋼筋混凝土造,81年9月30日,五層,
RPSNMLQKQHHFFAP66DA,15,106.26,住家用,鋼筋混凝土造,86年2月11日,十三層,二層
RPQNMLKLQHHFFAP58DA,33,102.20,住家用,加強磚造,68年12月31日,二層,
RPTNMLQKQHHFFAP76DA,2,195.38,見其他登記事項,鋼筋混凝土造,99年10月20日,四層,二層 三層 四層 一層
RPTNMLMLQHHFFAP98CA,13,99.94,住家用,鋼筋混凝土造,88年9月26日,五層,二層 三層
RPTNMLMLQHHFFAP98CA,13,19.15,停車空間,鋼筋混凝土造,88年9月26日,五層,
RPTNMLMLQHHFFAP98CA,13,19.45,共有部份,鋼筋混凝土造,88年9月26日,五層,
RPQNMLPKQHHFFAP98DA,,165.49,住家用,鋼筋混凝土造,101年4月25日,二層,一層 二層 電梯樓梯間
RPTNMLPKQHHFFFP17DA,12,47.89,住家用,鋼筋混凝土造,89年8月25日,八層,四層
RPTNMLPKQHHFFFP17DA,12,5.96,見其他登記事項,鋼筋混凝土造,89年8月25日,八層,
RPTNMLPKQHHFFFP17DA,12,7.68,共有部份,鋼筋混凝土造,89年8月25日,八層,
RPWNMLLKRHHFFAP56CA,19,1253.98,工業用,見其他登記事項,82年11月30日,一層,一層
RPRNMLOLQHHFFAP98CA,9,188.77,住家用,鋼筋混凝土造,92年7月21日,三層,一層 二層 三層 電梯樓梯間
RPSNMLKLQHHFFDP98CA,22,142.33,商業用,鋼筋混凝土造,79年6月10日,九層,四層
RPTNMLKLQHHFFDP56DA,1,147.23,見其他登記事項,鋼筋混凝土造,100年12月5日,三層,一層 二層 三層 見其他登記事項
RPPNMLKLQHHFFDP68CA,2,188.61,住家用,鋼筋混凝土造,99年12月15日,三層,一層 二層 三層
RPUNMLPJRHHFFAP66CA,14,22.97,住家用,鋼筋混凝土造,87年10月30日,十層,六層
RPUNMLPJRHHFFAP66CA,14,10.80,共有部份,鋼筋混凝土造,87年10月30日,十層,
RPUNMLPJRHHFFAP66CA,14,6.80,共有部份,鋼筋混凝土造,87年10月30日,十層,
SPUNMLPJRHHFFAP76CA,14,22.97,住家用,鋼筋混凝土造,87年10月30日,十層,五層
SPUNMLPJRHHFFAP76CA,14,10.80,共有部份,鋼筋混凝土造,87年10月30日,十層,
SPUNMLPJRHHFFAP76CA,14,6.80,共有部份,鋼筋混凝土造,87年10月30日,十層,
RPSNMLNLQHHFFEP76CA,31,106.90,住商用,鋼筋混凝土造,71年1月0日,二層,一層 二層 騎樓
RPPNMLMLQHHFFBP78DA,30,95.20,住商用,加強磚造,71年9月25日,二層,一層 二層 騎樓
RPRNMLLJIIHFFAP87DA,30,97.33,住家用,加強磚造,71年7月1日,三層,
RPUNMLRKQHHFFDP17CA,1,212.76,住家用,鋼筋混凝土造,100年6月7日,三層,一層 二層 三層
RPUNMLKLQHHFFAP98DA,33,80.62,住家用,加強磚造,68年9月5日,二層,一層 二層
RPRNMLQKQHHFFCP76DA,31,101.13,住家用,加強磚造,70年12月30日,二層,一層 二層
RPRNMLTLQHHFFDP17CA,24,180.10,住家用,加強磚造,77年4月8日,二層,一層 二層 電梯樓梯間
RPRNMLNLQHHFFAP88CA,13,110.52,住家用,鋼筋混凝土造,88年9月26日,五層,四層 五層 屋頂突出物
RPRNMLNLQHHFFAP88CA,13,19.15,停車空間,鋼筋混凝土造,88年9月26日,五層,
RPRNMLNLQHHFFAP88CA,13,21.57,共有部份,鋼筋混凝土造,88年9月26日,五層,
RPXNMLMKRHHFFAP86DA,34,118.44,住商用,加強磚造,67年12月4日,二層,一層 二層 騎樓
RPPNMLLLQHHFFAP48CA,32,117.02,住家用,加強磚造,69年12月1日,二層,
RPUNMLMLQHHFFAP09CA,13,109.50,住家用,鋼筋混凝土造,88年9月26日,五層,四層 五層 屋頂突出物
RPUNMLMLQHHFFAP09CA,13,21.25,共有部份,鋼筋混凝土造,88年9月26日,五層,
RPRNMLLLQHHFFAP68CA,13,482.16,見其他登記事項,鋼造,88年1月25日,一層,一層
RPRNMLKLQHHFFDP88CA,26,141.70,住家用,加強磚造,75年4月30日,二層,一層 二層
RPROMLKLRHHFFAP88DA,30,91.74,住家用,加強磚造,71年2月27日,二層,
RPSNMLMKRHHFFBP09DA,17,25.28,住家用,鋼筋混凝土造,84年7月10日,十三層,四層
RPSNMLMKRHHFFBP09DA,17,8.11,共有部份,鋼筋混凝土造,84年7月10日,十三層,
RPQNMLLLQHHFFDP88CA,3,175.63,見其他登記事項,鋼筋混凝土造,98年9月1日,四層,一層 二層 三層 四層 騎樓 見其他登記事項
RPTNMLLLQHHFFDP56CA,3,175.63,見其他登記事項,鋼筋混凝土造,98年9月1日,四層,一層 二層 三層 四層 騎樓 見其他登記事項
RPSNMLNLQHHFFDP66CA,17,131.50,住家用,鋼筋混凝土造,84年4月6日,十二層,一層 二層 騎樓
RPSNMLNLQHHFFDP66CA,17,5.27,共有部份,鋼筋混凝土造,84年4月6日,十二層,
RPSNMLNLQHHFFDP66CA,17,14.28,共有部份,鋼筋混凝土造,84年4月6日,十二層,
RPTNMLNLQHHFFAP56DA,20,174.18,住家用,鋼筋混凝土造,81年6月20日,三層,一層 二層 三層 電梯樓梯間
RPQNMLMLQHHFFAP78DA,16,75.91,住家用,鋼筋混凝土造,85年7月22日,八層,五層
RPQNMLMLQHHFFAP78DA,16,2.10,共有部份,鋼筋混凝土造,85年7月22日,,
RPQNMLMLQHHFFAP78DA,16,13.53,共有部份,鋼筋混凝土造,85年7月22日,,
RPVNMLRLQHHFFDP37CA,,183.88,見其他登記事項,鋼筋混凝土造,101年4月26日,三層,一層 二層 三層 屋頂突出物
RPUNMLLLQHHFFDP66CA,44,308.66,住家用,見其他登記事項,57年8月21日,三層,一層 二層 三層 騎樓 電梯樓梯間
RPVNMLKLQHHFFDP66CA,1,193.45,見其他登記事項,鋼筋混凝土造,101年1月19日,三層,一層 二層 三層 見其他登記事項
RPUNMLKLQHHFFDP56CA,1,193.45,見其他登記事項,鋼筋混凝土造,101年1月19日,三層,一層 二層 三層 見其他登記事項
RPPNMLLLQHHFFDP78CA,,169.43,見其他登記事項,鋼筋混凝土造,101年4月18日,三層,二層 三層 見其他登記事項 一層
RPUNMLLKRHHFFDP66CA,,197.47,住家用,鋼筋混凝土造,101年5月21日,四層,一層 二層 三層 四層
RPRNMLMLQHHFFDP56DA,1,169.47,住家用,鋼筋混凝土造,100年6月8日,三層,一層 二層 三層 電梯樓梯間
RPPNMLMLQHHFFDP88CA,9,164.46,見其他登記事項,鋼筋混凝土造,92年12月23日,四層,一層 二層 三層 四層
RPRNMLMLQHHFFAP88DA,2,202.36,見其他登記事項,鋼筋混凝土造,99年7月14日,三層,一層 二層 三層
RPUNMLRJRHHFFAP86CA,,191.09,見其他登記事項,鋼筋混凝土造,100年5月9日,三層,一層 二層 三層 電梯樓梯間
RPTOMLRJRHHFFAP86CA,16,227.35,住家用,鋼筋混凝土造,85年11月26日,四層,一層 二層 三層 四層 地下層
RPVNMLNLQHHFFAP76DA,4,191.73,住家用,鋼筋混凝土造,97年4月30日,三層,一層 二層 三層 電梯樓梯間
RPQNMLMLQHHFFCP98DA,3,195.51,住商用,鋼筋混凝土造,98年4月2日,四層,一層 二層 三層 四層 騎樓
RPXNMLRLQHHFFAP37DA,29,107.15,住家用,加強磚造,72年12月20日,二層,二層 電梯樓梯間 一層
RPRNMLNJRHHFFAP88DA,32,120.62,住家用,加強磚造,69年8月25日,二層,一層 二層 騎樓 電梯樓梯間
RPXNMLLLRHHFFEP17CA,13,107.89,國民住宅,鋼筋混凝土造,88年6月3日,十層,九層
RPPNMLTKRHHFFDP96CA,13,91.08,住家用,鋼筋混凝土造,88年7月30日,十四層,九層
RPPNMLTKRHHFFDP96CA,13,34.12,共有部份,鋼筋混凝土造,88年7月30日,十四層,
RPPNMLTKRHHFFDP96CA,13,1.89,住家用,鋼筋混凝土造,88年7月30日,十四層,
RPPNMLTKRHHFFDP96CA,13,16.85,見其他登記事項,鋼筋混凝土造,88年7月30日,十四層,
RPWNMLNLQHHFFAP86DA,19,85.03,住家用,鋼筋混凝土造,82年11月26日,十層,五層
RPWNMLNLQHHFFAP86DA,19,9.58,共有部份,鋼筋混凝土造,82年11月26日,十層,
RPWNMLNLQHHFFAP86DA,19,14.50,共有部份,鋼筋混凝土造,82年11月26日,十層,
RPPOMLRLQHHFFAP56CA,31,119.24,住商用,加強磚造,70年6月20日,二層,一層 二層 騎樓 電梯樓梯間
RPOOMLSLQHHFFAP56CA,5,226.82,見其他登記事項,鋼筋混凝土造,96年6月20日,三層,一層 二層 三層 屋頂突出物
RPWNMLSLQHHFFAP27CA,30,100.60,住家用,鋼筋混凝土加強磚造,71年11月12日,二層,一層 二層
RPPNMLSLQHHFFAP56CA,20,122.75,住家用,鋼筋混凝土造,81年4月5日,五層,五層
RPPNMLSLQHHFFAP56CA,20,11.36,共有部份,鋼筋混凝土造,81年4月5日,五層,
RPPNMLSLQHHFFAP56CA,20,37.70,共有部份,鋼筋混凝土造,81年4月5日,五層,
RPQNMLRLQHHFFAP56CA,35,123.06,住家用,加強磚造,66年6月28日,二層,一層 二層 騎樓
RPTNMLOLQHHFFAP56CA,43,76.00,住家用,磚造,58年7月19日,二層,一層 二層
RPSNMLOLQHHFFAP09CA,3,201.19,住家用,鋼筋混凝土造,98年9月25日,三層,一層 二層 三層
RPQNMLPLQHHFFDP66CA,,174.40,見其他登記事項,鋼筋混凝土造,101年3月28日,三層,一層 二層 三層 見其他登記事項
RPRNMLPLQHHFFDP76CA,1,193.45,見其他登記事項,鋼筋混凝土造,101年1月19日,三層,一層 二層 三層 見其他登記事項
RPSNMLPLQHHFFDP86CA,,171.91,見其他登記事項,鋼筋混凝土造,101年4月18日,三層,一層 二層 三層 車庫 見其他登記事項
RPXNMLRLQHHFFDP57CA,6,184.47,見其他登記事項,鋼筋混凝土造,95年11月23日,三層,一層 二層 三層 電梯樓梯間
RPPNMLPLQHHFFDP56CA,1,201.83,見其他登記事項,鋼筋混凝土造,99年12月15日,四層,四層 騎樓 一層 二層 三層
RPQOMLSLQHHFFAP86DA,13,87.60,住家用,鋼筋混凝土造,88年9月26日,五層,二層 三層
RPRNMLKMQHHFFAP78DA,20,81.47,住家用,鋼筋混凝土造,82年1月15日,六層,五層
RPQNMLOJRHHFFBP98DA,18,238.10,住商用,鋼筋混凝土造,83年8月12日,四層,二層 三層 四層 騎樓 一層
RPRNMLOJRHHFFEP66CA,32,99.01,住家用,加強磚造,70年1月28日,二層,一層 二層
RPQNMLQJRHHFFBP56DA,31,96.00,住家用,鋼筋混凝土加強磚造,70年4月30日,二層,一層 二層
RPVNMLSLQHHFFDP47CA,13,163.09,住家用,鋼筋混凝土造,88年8月16日,三層,一層 二層 三層 電梯樓梯間
RPQNMLSLQHHFFDP96CA,,174.40,見其他登記事項,鋼筋混凝土造,101年3月28日,三層,一層 二層 三層 見其他登記事項
RPUNMLTLQHHFFCP37CA,15,355.30,住商用,鋼筋混凝土造,86年4月11日,四層,二層 三層 四層 騎樓 一層
RPWNMLSLQHHFFDP67DA,20,294.74,住商用,鋼筋混凝土造,81年3月6日,五層,電梯樓梯間 一層 二層 三層 四層 五層 騎樓
RPRNMLLMQHHFFDP56DA,,199.82,見其他登記事項,鋼筋混凝土造,101年4月20日,三層,一層 二層 三層 見其他登記事項
RPQNMLTLQHHFFDP17DA,21,542.61,住家用,鋼筋混凝土造,80年9月25日,四層,電梯樓梯間 一層 二層 三層 四層 騎樓
RPQNMLNKRHHFFAP78CA,5,173.38,住家用,鋼筋混凝土造,96年6月22日,三層,一層 二層 三層 電梯樓梯間
RPVNMLLKRHHFFDP76CA,,200.84,住家用,鋼筋混凝土造,101年5月21日,四層,一層 二層 三層 四層
RPTNMLKMQHHFFAP98DA,15,27.85,住家用,鋼筋混凝土造,86年5月15日,十六層,九層
RPTNMLKMQHHFFAP98DA,15,4.42,共有部份,鋼筋混凝土造,86年5月15日,十六層,
RPTNMLKMQHHFFAP98DA,15,9.16,共有部份,鋼筋混凝土造,86年5月15日,十六層,
RPVNMLLLRHHFFAP56CA,1,203.81,見其他登記事項,鋼筋混凝土造,100年5月24日,四層,四層 一層 二層 三層
RPQNMLQJRHHFFEP76CA,52,291.60,商業用,鋼筋混凝土加強磚造,49年11月14日,一層,一層
RPPNMLKMQHHFFBP68DA,1,232.80,住家用,鋼筋混凝土造,100年9月23日,四層,一層 二層 三層 四層
RPRNMLOJRHHFFBP09DA,17,131.25,農舍,磚造,84年9月15日,一層,一層
RPQNMLRJRHHFFAP09CA,15,76.84,住家用,鋼筋混凝土造,86年5月15日,十六層,九層
RPVNMLQJRHHFFDP17CA,2,387.36,見其他登記事項,鋼筋混凝土造,100年1月5日,四層,一層 二層 三層 四層 電梯樓梯間
RPPOMLMKIIHFFAP97DA,18,167.96,住家用,鋼筋混凝土造,83年11月15日,四層,
RPPNMLNJRHHFFCP88DA,18,183.17,住商用,鋼筋混凝土造,83年4月27日,三層,一層 二層 三層 騎樓 電梯樓梯間
RPPNMLOJRHHFFAP68CA,18,50.30,住家用,鋼筋混凝土造,83年12月25日,八層,二層
RPPNMLOJRHHFFAP68CA,18,49.80,住家用,鋼筋混凝土造,83年12月25日,八層,一層 騎樓
RPPNMLOJRHHFFAP68CA,18,15.49,共有部份,鋼筋混凝土造,83年12月25日,八層,
RPPNMLOJRHHFFAP68CA,18,11.81,共有部份,鋼筋混凝土造,83年12月25日,八層,
RPPNMLTLQHHFFEP17DA,2,192.19,住家用,鋼筋混凝土造,99年6月3日,四層,一層 二層 三層 四層
RPSNMLQJRHHFFDP96DA,17,167.17,住家用,鋼筋混凝土造,84年10月13日,三層,一層 二層 三層 電梯樓梯間
RPPNMLLKRHHFFDP88DA,18,205.43,住家用,鋼筋混凝土造,83年5月30日,四層,一層 二層 三層 四層 地下層
RPQNMLPLIIHFFCP58DA,8,227.22,見其他登記事項,鋼筋混凝土造,93年5月19日,四層,一層 二層 三層 四層
RPQNMLQJRHHFFAP98CA,19,72.00,住家用,鋼筋混凝土造,83年1月10日,八層,七層
RPXNMLRJRHHFFDP57DA,14,231.74,住家用,鋼筋混凝土造,87年7月27日,三層,
RPTNMLTJIIHFFAP88DA,7,224.02,見其他登記事項,鋼筋混凝土造,94年12月10日,四層,一層 二層 三層 四層 地下層
RPQNMLLMQHHFFDP98CA,,164.01,見其他登記事項,鋼筋混凝土造,101年4月18日,三層,一層 二層 三層 車庫 見其他登記事項
RPTNMLKKRHHFFAP78CA,4,138.93,住家用,鋼筋混凝土造,97年10月1日,三層,一層 二層 三層
RPRNMLLMQHHFFAP88DA,17,309.79,住商用,鋼筋混凝土造,84年5月30日,三層,一層 二層 三層 騎樓 電梯樓梯間
RPXNMLPJRHHFFAP07DA,21,258.13,住家用,鋼筋混凝土造,80年4月22日,四層,一層 二層 三層 四層 騎樓
RPTNMLLMQHHFFFP07EA,28,47.17,住家用,加強磚造,73年7月30日,一層,一層 騎樓
RPTNMLQJRHHFFAP76DA,28,110.81,住家用,加強磚造,73年5月11日,二層,一層 二層 騎樓 電梯樓梯間
RPTOMLRKIIHFFAP88DA,20,171.93,住家用,鋼筋混凝土造,81年8月30日,三層,一層 二層 三層 電梯樓梯間
RPOOMLNJRHHFFAP58CA,17,93.08,住家用,鋼筋混凝土造,84年9月20日,七層,四層
RPOOMLNJRHHFFAP58CA,17,21.31,共有部份,鋼筋混凝土造,84年9月20日,七層,
RPOOMLNJRHHFFAP58CA,17,15.91,共有部份,鋼筋混凝土造,84年9月20日,七層,
RPWNMLPJRHHFFAP86CA,33,179.03,住商用,加強磚造,68年10月5日,二層,一層 二層 騎樓 電梯樓梯間
RPQNMLPJRHHFFDP56CA,,174.40,見其他登記事項,鋼筋混凝土造,101年3月28日,三層,一層 二層 三層 見其他登記事項
RPPNMLPJRHHFFDP09CA,1,193.45,見其他登記事項,鋼筋混凝土造,101年1月19日,三層,一層 二層 三層 見其他登記事項
RPQNMLPJRHHFFAP88CA,18,106.96,住家用,鋼筋混凝土造,83年9月1日,八層,二層
RPQNMLPJRHHFFAP88CA,18,45.81,共有部份,鋼筋混凝土造,83年9月1日,八層,
RPPNMLQJRHHFFEP66CA,2,192.19,住家用,鋼筋混凝土造,99年6月3日,四層,一層 二層 三層 四層
RPUNMLPLRHHFFFP37CA,14,186.75,住家用,鋼筋混凝土造,87年4月23日,三層,一層 二層 三層 電梯樓梯間
RPVNMLPJRHHFFAP86DA,32,49.51,住家用,加強磚造,69年8月1日,二層,一層 二層
RPPNMLSKRHHFFAP56CA,49,71.82,見其他登記事項,見其他登記事項,52年12月31日,一層,一層 騎樓
RPQNMLLKRHHFFAP68DA,18,2.12,住家用,鋼筋混凝土造,83年3月18日,四層,
RPQNMLLKRHHFFAP68DA,18,163.44,住家用,鋼筋混凝土造,83年3月18日,三層,一層 二層 三層 電梯樓梯間
RPTNMLMKRHHFFBP56DA,17,46.91,共有部份,鋼筋混凝土造,84年3月16日,,
RPTNMLMKRHHFFBP56DA,17,95.48,住家用,鋼筋混凝土造,84年3月16日,十二層,九層
RPVNMLQJRHHFFAP96DA,17,26.90,住家用,鋼筋混凝土造,84年9月3日,九層,六層
RPPOMLRJRHHFFAP56DA,,112.72,住商用,加強磚造,,二層,一層 二層 騎樓 電梯樓梯間
RPXNMLRJRHHFFAP27DA,19,100.95,住家用,鋼筋混凝土造,82年3月1日,八層,五層
RPXNMLRJRHHFFAP27DA,19,26.44,共有部份,鋼筋混凝土造,82年3月1日,八層,
RPQNMLQKRHHFFAP56DA,15,97.94,住家用,鋼筋混凝土造,86年2月11日,十三層,六層
RPQNMLQKRHHFFAP56DA,15,29.90,共有部份,鋼筋混凝土造,86年2月11日,十四層,
RPVNMLPJRHHFFCP96CA,31,112.31,住商用,加強磚造,70年3月1日,二層,一層 二層 騎樓
RPTNMLPJRHHFFAP56CA,4,489.77,住家用,鋼筋混凝土造,97年6月9日,四層,一層 二層 三層 四層
RPRNMLQJRHHFFAP09CA,30,84.29,住家用,見其他登記事項,71年3月22日,一層,一層
RPPNMLRJRHHFFAP98CA,32,105.83,住家用,加強磚造,69年5月10日,二層,一層 二層 電梯樓梯間
RPPNMLLKRHHFFCP68CA,17,177.95,住家用,鋼筋混凝土造,84年6月29日,四層,一層 二層 三層 四層 夾層
RPPNMLRKRHHFFCP66CA,19,192.66,住商用,鋼筋混凝土造,82年10月6日,四層,一層 二層 三層 四層 騎樓
RPUOMLRJRHHFFAP96CA,18,162.62,住家用,鋼筋混凝土造,83年10月1日,三層,一層 二層 三層 電梯樓梯間
RPSNMLKKRHHFFAP68CA,7,167.59,住家用,鋼筋混凝土造,94年7月28日,三層,一層 二層 三層 電梯樓梯間
RPQNMLPLRHHFFBP56CA,1,183.83,住家用,鋼筋混凝土造,100年11月30日,三層,一層 二層 三層 電梯樓梯間
RPPNMLRJRHHFFDP66CA,2,210.26,住家用,鋼筋混凝土造,99年12月15日,三層,一層 二層 三層
RPVNMLRJRHHFFDP27CA,14,210.50,住家用,鋼筋混凝土造,87年5月13日,四層,一層 二層 三層 四層
RPQNMLRLRHHFFDP96CA,,199.09,見其他登記事項,鋼筋混凝土造,101年6月15日,三層,一層 二層 三層 見其他登記事項
RPPNMLRLRHHFFDP86CA,,198.25,見其他登記事項,鋼筋混凝土造,101年6月15日,三層,一層 二層 三層 見其他登記事項
RPWNMLQJRHHFFAP07DA,17,28.50,住家用,鋼筋混凝土造,84年9月3日,九層,五層
RPWNMLQJRHHFFAP07DA,17,19.47,住家用,鋼筋混凝土造,84年9月3日,九層,五層
RPWNMLRJRHHFFAP17DA,1,208.70,見其他登記事項,鋼筋混凝土造,100年7月19日,四層,一層 二層 三層 四層
RPRNMLRJRHHFFAP66DA,1,186.27,見其他登記事項,鋼筋混凝土造,100年7月19日,三層,一層 二層 三層
RPUNMLQJRHHFFAP86DA,17,42.08,住家用,鋼筋混凝土造,84年9月3日,九層,五層
RPUNMLQJRHHFFAP86DA,17,26.83,住家用,鋼筋混凝土造,84年9月3日,九層,五層
RPSNMLQJRHHFFAP66DA,1,327.84,見其他登記事項,鋼筋混凝土造,101年1月20日,四層,一層 二層 三層 四層
RPTOMLNKRHHFFAP56CA,13,110.52,住家用,鋼筋混凝土造,88年9月26日,五層,四層 五層 屋頂突出物
RPTOMLNKRHHFFAP56CA,13,19.15,停車空間,鋼筋混凝土造,88年9月26日,五層,
RPTOMLNKRHHFFAP56CA,13,21.57,共有部份,鋼筋混凝土造,88年9月26日,五層,
RPWNMLNJIIHFFDP78CA,,114.60,住家用,鋼筋混凝土造,101年5月21日,四層,一層 二層 三層 四層
RPWNMLNJIIHFFDP78CA,,114.60,住家用,鋼筋混凝土造,101年5月21日,四層,一層 二層 三層 四層
RPQNMLMKRHHFFBP88DA,21,95.53,住家用,鋼筋混凝土造,80年12月30日,七層,四層
RPQNMLMKRHHFFBP88DA,21,15.93,共有部份,鋼筋混凝土造,80年12月30日,七層,
RPSNMLQLRHHFFFP37DA,4,265.91,見其他登記事項,見其他登記事項,97年9月2日,四層,
RPSNMLRJRHHFFDP07DA,1,181.46,住家用,鋼筋混凝土造,100年12月5日,四層,一層 二層 三層 四層
RPPNMLNKRHHFFAP68CA,19,170.39,住家用,鋼筋混凝土造,82年12月8日,三層,一層 二層 三層 電梯樓梯間 夾層
RPRNMLSJIIHFFAP58DA,1,180.23,住家用,鋼筋混凝土造,101年1月16日,三層,一層 電梯樓梯間 二層 三層
RPQNMLMKRHHFFAP68CA,20,110.17,住家用,鋼筋混凝土造,81年12月29日,八層,五層
RPQNMLMKRHHFFAP68CA,20,20.66,共有部份,鋼筋混凝土造,81年12月29日,八層,
RPVNMLNKRHHFFAP66CA,6,175.84,住家用,鋼筋混凝土造,95年12月1日,三層,一層 二層 三層
RPWNMLNKRHHFFAP76CA,,213.69,見其他登記事項,鋼筋混凝土造,101年3月20日,三層,一層 二層 三層 電梯樓梯間
RPPOMLNKRHHFFAP78CA,,215.46,見其他登記事項,鋼筋混凝土造,101年3月20日,三層,一層 二層 三層 騎樓 電梯樓梯間
RPROMLNKRHHFFAP98CA,,213.69,見其他登記事項,鋼筋混凝土造,101年3月20日,三層,一層 二層 三層 電梯樓梯間
RPRNMLMKRHHFFAP78CA,15,177.66,住商用,鋼筋混凝土造,86年9月23日,四層,一層 二層 三層 四層 騎樓
RPQNMLLLRHHFFDP56EA,,224.17,見其他登記事項,鋼筋混凝土造,101年6月15日,四層,三層 四層 一層 二層 騎樓
RPQNMLMKRHHFFEP09CA,16,4.90,停車空間,,85年5月29日,,
RPQNMLMKRHHFFEP09CA,16,81.37,住家用,鋼筋混凝土造,85年5月29日,十層,八層
RPTNMLLKRHHFFBP09DA,16,167.41,住家用,鋼筋混凝土造,85年7月25日,八層,六層
RPTNMLLKRHHFFBP09DA,16,45.04,共有部份,鋼筋混凝土造,85年7月25日,,
RPSNMLLKRHHFFBP88CA,31,138.03,住家用,加強磚造,70年6月13日,二層,一層 二層 騎樓 電梯樓梯間
RPRNMLMKRHHFFBP98DA,17,25.86,住家用,鋼筋混凝土造,84年7月10日,十三層,三層
RPRNMLMKRHHFFBP98DA,17,8.50,共有部份,鋼筋混凝土造,84年7月10日,十三層,
RPSNMLLKRHHFFDP56DA,29,113.06,住家用,加強磚造,73年1月13日,二層,
RPTNMLLKRHHFFAP98DA,15,73.90,住家用,鋼筋混凝土造,86年5月15日,十六層,十層
RPVNMLLKRHHFFAP56DA,18,202.44,住家用,鋼筋混凝土造,83年6月17日,四層,一層 二層 三層 四層 電梯樓梯間
RPQNMLLKRHHFFDP98DA,32,188.14,住商用,加強磚造,69年10月25日,三層,一層 二層 三層 騎樓 電梯樓梯間
RPUNMLMKRHHFFAP56DA,29,205.44,住商用,鋼筋混凝土造,72年3月1日,四層,一層 二層 三層 四層 騎樓 電梯樓梯間
RPUNMLKLRHHFFAP09DA,16,106.26,住家用,鋼筋混凝土造,86年2月11日,十三層,十層
RPUNMLKLRHHFFAP09DA,16,36.30,共有部份,鋼筋混凝土造,86年2月11日,十四層,
RPTNMLKLRHHFFAP98DA,15,92.21,住家用,鋼筋混凝土造,86年5月15日,十六層,十六層
RPTNMLKLRHHFFAP98DA,15,33.52,共有部份,鋼筋混凝土造,86年5月15日,十六層,
RPTNMLKLRHHFFAP98DA,15,17.75,共有部份,鋼筋混凝土造,86年5月15日,十六層,
RPUNMLSLRHHFFAP27DA,18,70.72,住家用,鋼筋混凝土造,83年8月19日,七層,一層
RPUNMLSLRHHFFAP27DA,18,70.72,住家用,鋼筋混凝土造,83年8月19日,七層,二層
RPPNMLMKRHHFFDP88CA,25,236.42,住家用,加強磚造,76年9月10日,二層,
RPSOMLMKRHHFFDP66CA,8,201.65,住家用,鋼筋混凝土造,93年7月16日,四層,一層 二層 三層 四層
RPSNMLRKRHHFFDP07CA,,184.02,見其他登記事項,鋼筋混凝土造,101年3月28日,三層,二層 三層 一層 見其他登記事項
RPTNMLRKRHHFFDP17CA,4,212.99,住家用,鋼筋混凝土造,97年9月5日,四層,一層 二層 三層 四層
RPUNMLRKRHHFFDP27CA,2,210.26,住家用,鋼筋混凝土造,99年12月15日,三層,一層 二層 三層
RPSNMLQLRHHFFDP07CA,,241.65,見其他登記事項,鋼筋混凝土造,101年6月15日,四層,一層 二層 三層 四層 騎樓 見其他登記事項
RPRNMLNJIIHFFDP28CA,,181.69,住家用,鋼筋混凝土造,101年7月12日,三層,一層 二層 三層
RPWOMLMKRHHFFDP07CA,,307.12,見其他登記事項,鋼筋混凝土造,101年7月13日,四層,二層 三層 四層 騎樓 一層
RPXOMLMKRHHFFDP17CA,,199.80,見其他登記事項,鋼筋混凝土造,101年7月13日,四層,一層 二層 三層 四層 騎樓
RPVNMLMKRHHFFAP56CA,53,44.71,住家用,見其他登記事項,48年5月3日,一層,一層
RPWNMLRLRHHFFDP57CA,,212.01,見其他登記事項,鋼筋混凝土造,101年6月29日,三層,一層 二層 三層 電梯樓梯間 見其他登記事項
RPQOMLNKRHHFFAP88CA,6,216.94,住家用,鋼筋混凝土造,95年12月27日,四層,
RPSOMLNKRHHFFAP09CA,34,102.99,住家用,加強磚造,68年2月15日,二層,一層 二層 電梯樓梯間
SPPNMLSKRHHFFDP96CA,48,39.56,商業用,磚造,53年7月7日,一層,一層 騎樓
RPPNMLSKRHHFFDP86CA,48,12.28,商業用,磚造,53年7月7日,一層,一層 騎樓
RPUOMLNKRHHFFAP76DA,12,15.76,住家用,見其他登記事項,90年1月17日,四層,
RPUNMLLKRHHFFEP76CA,18,102.47,住家用,鋼筋混凝土造,83年3月23日,十層,十層
RPQOMLMKRHHFFAP88DA,28,103.24,住家用,加強磚造,73年6月2日,二層,一層 二層
RPRNMLOLRHHFFBP66DA,15,104.29,住家用,鋼筋混凝土造,86年4月20日,十三層,九層
RPRNMLOLRHHFFBP66DA,15,32.27,共有部份,鋼筋混凝土造,86年4月20日,十三層,
RPRNMLOKRHHFFAP09DA,34,195.13,住商用,加強磚造,67年12月10日,三層,電梯樓梯間 三層 騎樓 一層 二層
RPWNMLLLRHHFFAP76DA,2,231.48,見其他登記事項,鋼筋混凝土造,99年7月31日,三層,一層 二層 三層 騎樓 見其他登記事項
RPPNMLQKRHHFFAP09DA,34,92.44,住家用,加強磚造,68年3月2日,二層,一層 二層 陽台 平台
RPPNMLOKRHHFFBP98DA,17,82.81,住家用,鋼筋混凝土造,84年3月16日,十二層,三層
RPPNMLOKRHHFFBP98DA,17,43.33,共有部份,鋼筋混凝土造,84年3月16日,,
RPQNMLSKRHHFFEP17DA,24,227.53,住商用,鋼筋混凝土造,77年7月18日,四層,一層 二層 三層 四層 騎樓 電梯樓梯間
RPPNMLRKRHHFFAP56DA,22,187.61,住商用,鋼筋混凝土造,79年6月6日,四層,一層 二層 三層 四層
RPRNMLNKRHHFFDP66DA,4,180.44,住商用,鋼筋混凝土造,97年6月24日,四層,一層 二層 三層 四層 騎樓
RPVNMLOKRHHFFDP17DA,19,108.79,住家用,鋼筋混凝土造,82年11月10日,九層,五層
RPVNMLRKRHHFFDP37CA,2,210.26,住家用,鋼筋混凝土造,99年12月15日,三層,一層 二層 三層
RPPNMLRKRHHFFDP76CA,17,157.58,住家用,鋼筋混凝土造,84年7月7日,三層,一層 二層 三層 電梯樓梯間
RPPNMLSLRHHFFEP07CA,27,124.17,住商用,加強磚造,74年7月30日,二層,一層 二層 騎樓
RPXNMLRKRHHFFDP57CA,2,210.26,住家用,鋼筋混凝土造,99年12月15日,三層,一層 二層 三層
RPSNMLSKRHHFFDP17CA,31,253.05,住家用,加強磚造,70年9月2日,三層,
RPUNMLRLRHHFFDP37CA,27,51.33,工業用,鐵造,74年4月28日,一層,一層
RPVNMLTKRHHFFAP27CA,32,125.46,住家用,加強磚造,70年1月1日,二層,一層 二層 騎樓
RPRNMLPJIIHFFDP48CA,,173.35,見其他登記事項,鋼筋混凝土造,101年7月24日,三層,一層 二層 三層 見其他登記事項
RPSNMLOLRHHFFAP66DA,14,30.26,住家用,鋼筋混凝土造,87年10月30日,十層,五層
RPSNMLOLRHHFFAP66DA,14,23.97,住家用,鋼筋混凝土造,87年10月30日,十層,五層
RPQNMLOLRHHFFAP98CA,4,211.47,見其他登記事項,鋼筋混凝土造,98年1月14日,四層,一層 二層 三層 四層
RPTNMLOLRHHFFAP66CA,30,136.28,住商用,鋼筋混凝土造,71年10月26日,三層,一層 二層 三層 騎樓 電梯樓梯間
RPROMLSJIIHFFAP68DA,,207.37,見其他登記事項,鋼筋混凝土造,101年4月16日,三層,一層 二層 三層 電梯樓梯間 騎樓
RPROMLSJIIHFFAP68DA,,6.61,見其他登記事項,鋼筋混凝土造,101年4月16日,,
RPPOMLSJIIHFFAP48DA,,207.37,見其他登記事項,鋼筋混凝土造,101年4月16日,三層,一層 二層 三層 騎樓 電梯樓梯間
RPPOMLSJIIHFFAP48DA,,6.61,見其他登記事項,鋼筋混凝土造,101年4月16日,,
RPQNMLSJIIHFFDP68CA,,152.57,住家用,鋼筋混凝土造,101年7月24日,三層,一層 二層 三層
RPUNMLOKRHHFFDP07DA,18,73.84,住家用,鋼筋混凝土造,83年2月17日,八層,二層
RPWNMLTKRHHFFAP47DA,15,115.72,住家用,鋼筋混凝土造,86年5月15日,十六層,三層
RPWNMLTKRHHFFAP47DA,15,18.51,共有部份,鋼筋混凝土造,86年5月15日,十六層,
RPWNMLTKRHHFFAP47DA,15,17.80,共有部份,鋼筋混凝土造,86年5月15日,十六層,
RPPNMLTKRHHFFAP76DA,18,37.33,住家用,鋼筋混凝土造,83年11月15日,十二層,五層
RPPNMLTKRHHFFAP76DA,18,5.55,共有部份,鋼筋混凝土造,83年11月15日,十二層,
RPPNMLTKRHHFFAP76DA,18,6.76,共有部份,鋼筋混凝土造,83年11月15日,十二層,
RPQOMLMKIIHFFAP08DA,7,17.99,住家用,鋼筋混凝土造,94年5月11日,四層,
RPQOMLMKIIHFFAP08DA,7,17.99,住家用,鋼筋混凝土造,94年5月11日,四層,
RPQOMLMKIIHFFAP08DA,7,17.99,住家用,鋼筋混凝土造,94年5月11日,四層,
RPQOMLMKIIHFFAP08DA,7,17.99,住家用,鋼筋混凝土造,94年5月11日,四層,
RPQOMLMKIIHFFAP08DA,7,17.99,住家用,鋼筋混凝土造,94年5月11日,四層,
RPQOMLMKIIHFFAP08DA,7,17.99,住家用,鋼筋混凝土造,94年5月11日,四層,
RPQOMLMKIIHFFAP08DA,7,17.99,住家用,鋼筋混凝土造,94年5月11日,四層,
RPQOMLMKIIHFFAP08DA,7,17.99,住家用,鋼筋混凝土造,94年5月11日,四層,
RPQOMLMKIIHFFAP08DA,7,22.18,住家用,鋼筋混凝土造,94年5月11日,四層,
RPQOMLMKIIHFFAP08DA,7,17.99,住家用,鋼筋混凝土造,94年5月11日,四層,
RPQOMLMKIIHFFAP08DA,7,22.18,住家用,鋼筋混凝土造,94年5月11日,四層,
RPQOMLMKIIHFFAP08DA,7,17.99,住家用,鋼筋混凝土造,94年5月11日,四層,
RPQOMLMKIIHFFAP08DA,7,22.18,住家用,鋼筋混凝土造,94年5月11日,四層,
RPQOMLMKIIHFFAP08DA,7,17.99,住家用,鋼筋混凝土造,94年5月11日,四層,
RPQOMLMKIIHFFAP08DA,7,22.18,住家用,鋼筋混凝土造,94年5月11日,四層,
RPQOMLMKIIHFFAP08DA,7,22.18,住家用,鋼筋混凝土造,94年5月11日,四層,
RPQOMLMKIIHFFAP08DA,7,22.18,住家用,鋼筋混凝土造,94年5月11日,四層,
RPQOMLMKIIHFFAP08DA,7,17.99,住家用,鋼筋混凝土造,94年5月11日,四層,
RPQOMLMKIIHFFAP08DA,7,22.18,住家用,鋼筋混凝土造,94年5月11日,四層,
RPQOMLMKIIHFFAP08DA,7,17.99,住家用,鋼筋混凝土造,94年5月11日,四層,
RPQOMLMKIIHFFAP08DA,7,22.18,住家用,鋼筋混凝土造,94年5月11日,四層,
RPQOMLMKIIHFFAP08DA,7,17.99,住家用,鋼筋混凝土造,94年5月11日,四層,
RPQOMLMKIIHFFAP08DA,7,22.18,住家用,鋼筋混凝土造,94年5月11日,四層,
RPQOMLMKIIHFFAP08DA,7,22.18,住家用,鋼筋混凝土造,94年5月11日,四層,
RPQOMLMKIIHFFAP08DA,7,22.18,住家用,鋼筋混凝土造,94年5月11日,四層,
RPQOMLMKIIHFFAP08DA,7,17.99,住家用,鋼筋混凝土造,94年5月11日,四層,
RPQOMLMKIIHFFAP08DA,7,22.18,住家用,鋼筋混凝土造,94年5月11日,四層,
RPQOMLMKIIHFFAP08DA,7,17.99,住家用,鋼筋混凝土造,94年5月11日,四層,
RPQOMLMKIIHFFAP08DA,7,22.18,住家用,鋼筋混凝土造,94年5月11日,四層,
RPQOMLMKIIHFFAP08DA,7,17.99,住家用,鋼筋混凝土造,94年5月11日,四層,
RPQOMLMKIIHFFAP08DA,7,22.18,住家用,鋼筋混凝土造,94年5月11日,四層,
RPQOMLMKIIHFFAP08DA,7,22.18,住家用,鋼筋混凝土造,94年5月11日,四層,
RPQOMLMKIIHFFAP08DA,7,179.65,共有部份,鋼筋混凝土造,94年5月11日,四層,
RPPNMLKLRHHFFFP98CA,16,236.09,見其他登記事項,鋼筋混凝土造,85年4月10日,四層,一層 二層 三層 四層 騎樓
RPUNMLTKRHHFFAP17CA,16,225.96,住家用,鋼筋混凝土造,85年3月25日,五層,一層 二層 三層 四層 五層
RPUNMLTKRHHFFAP17CA,16,20.48,共有部份,鋼筋混凝土造,85年3月25日,九層,
RPUNMLTKRHHFFAP17CA,16,39.83,共有部份,鋼筋混凝土造,85年3月25日,九層,
RPTNMLSKRHHFFDP27CA,46,88.78,住商用,加強磚造,55年9月14日,一層,一層 騎樓
RPQNMLRJIIHFFFP78CA,14,163.84,住家用,鋼筋混凝土造,87年7月1日,三層,
RPXNMLRLRHHFFDP67CA,,210.45,見其他登記事項,鋼筋混凝土造,101年6月29日,三層,一層 二層 三層 電梯樓梯間 見其他登記事項
RPSNMLTJIIHFFDP98CA,13,118.67,住家用,鋼筋混凝土造,88年7月30日,十四層,八層
RPSNMLTJIIHFFDP98CA,13,38.27,共有部份,鋼筋混凝土造,88年7月30日,十四層,
RPSNMLTJIIHFFDP98CA,13,2.26,住家用,鋼筋混凝土造,88年7月30日,十四層,
RPSNMLTJIIHFFDP98CA,13,17.29,見其他登記事項,鋼筋混凝土造,88年7月30日,十四層,
RPPNMLLLRHHFFAP58CA,34,102.99,住家用,加強磚造,68年2月15日,二層,一層 二層 電梯樓梯間
RPRNMLTKRHHFFAP96DA,28,102.36,住家用,鋼筋混凝土加強磚造,74年1月25日,二層,二層 騎樓 一層 電梯樓梯間
RPVOMLKLRHHFFAP66DA,13,138.51,住家用,鋼筋混凝土造,88年9月26日,五層,二層 三層
RPUNMLTKRHHFFDP57DA,20,124.05,住家用,鋼筋混凝土造,82年3月8日,三層,一層 二層 三層
RPROMLTKRHHFFDP37DA,32,110.77,住家用,加強磚造,69年10月14日,二層,
RPOOMLRLRHHFFAP56CA,18,71.71,住家用,鋼筋混凝土造,83年7月10日,五層,三層
RPPOMLRLRHHFFAP66CA,18,71.71,住家用,鋼筋混凝土造,83年7月10日,五層,四層
RPSNMLKLRHHFFBP98DA,17,125.02,住家用,鋼筋混凝土造,84年9月28日,三層,一層 二層 三層 騎樓 電梯樓梯間
RPSOMLLKIIHFFDP48DA,6,16.31,住家用,鋼筋混凝土造,95年8月3日,五層,五層
RPQNMLKLRHHFFAP68DA,19,83.45,住家用,鋼筋混凝土造,83年3月25日,七層,五層
RPQOMLTKRHHFFAP96DA,18,149.39,住家用,鋼筋混凝土造,83年9月23日,三層,
RPQNMLOLRHHFFBP56DA,39,92.55,住家用,鋼筋混凝土加強磚造,62年10月3日,二層,一層 二層
RPRNMLSJIIHFFDP78CA,,152.57,住家用,鋼筋混凝土造,101年7月24日,三層,三層 一層 二層
RPXNMLKLRHHFFAP76DA,19,215.02,住商用,鋼筋混凝土造,83年1月20日,三層,
RPSNMLSJIIHFFDP88CA,,152.57,住家用,鋼筋混凝土造,101年7月24日,三層,一層 二層 三層
RPSNMLPJIIHFFDP58CA,,173.35,見其他登記事項,鋼筋混凝土造,101年7月24日,三層,一層 二層 三層 見其他登記事項
RPTNMLPJIIHFFDP68CA,,173.02,見其他登記事項,鋼筋混凝土造,101年7月24日,三層,二層 三層 見其他登記事項 一層
RPPOMLLKIIHFFDP08CA,,181.31,見其他登記事項,鋼筋混凝土造,101年7月26日,三層,一層 二層 三層 見其他登記事項
RPQOMLLKIIHFFDP18CA,,213.68,住家用,鋼筋混凝土造,101年7月26日,三層,一層 二層 三層
RPOOMLKLRHHFFAP58DA,18,97.94,住家用,鋼筋混凝土造,83年11月20日,十四層,三層
RPOOMLKLRHHFFAP58DA,18,11.66,共有部份,鋼筋混凝土造,83年11月20日,十四層,
RPOOMLKLRHHFFAP58DA,18,22.64,共有部份,鋼筋混凝土造,83年11月20日,十四層,
RPRNMLLLRHHFFDP09CA,,184.02,見其他登記事項,鋼筋混凝土造,101年3月28日,三層,一層 二層 三層 見其他登記事項
RPOOMLNJIIHFFDP08CA,,181.31,見其他登記事項,鋼筋混凝土造,101年7月26日,三層,一層 二層 三層 見其他登記事項
RPROMLNJIIHFFDP38CA,,201.82,見其他登記事項,鋼筋混凝土造,101年7月26日,三層,一層 二層 三層 屋頂突出物
RPSOMLNJIIHFFDP48CA,,232.77,見其他登記事項,鋼筋混凝土造,101年7月26日,三層,一層 二層 三層 屋頂突出物
RPXOMLNJIIHFFDP98CA,,173.57,見其他登記事項,鋼筋混凝土造,101年7月26日,三層,一層 二層 三層 見其他登記事項
RPUOMLNJIIHFFDP68CA,,180.05,見其他登記事項,鋼筋混凝土造,101年7月26日,三層,一層 二層 三層 見其他登記事項
RPXNMLNJIIHFFDP88CA,,218.72,見其他登記事項,鋼筋混凝土造,101年7月26日,三層,一層 二層 三層 騎樓 見其他登記事項
RPVOMLNJIIHFFDP78CA,,180.05,見其他登記事項,鋼筋混凝土造,101年7月26日,三層,一層 二層 三層 見其他登記事項
RPPNMLPLRHHFFDP66CA,18,21.88,住家用,鋼筋混凝土造,83年6月14日,九層,五層
RPPNMLPLRHHFFDP66CA,18,8.27,共有部份,鋼筋混凝土造,83年6月14日,九層,
RPSNMLLLRHHFFDP56CA,2,210.26,住家用,鋼筋混凝土造,99年12月15日,三層,一層 二層 三層
RPPOMLMKIIHFFDP18CA,,228.71,見其他登記事項,鋼筋混凝土造,101年7月26日,三層,屋頂突出物 見其他登記事項 一層 二層 三層
RPQNMLOLRHHFFDP66CA,18,98.48,住家用,鋼筋混凝土造,83年3月17日,十三層,四層
RPQNMLOLRHHFFDP66CA,18,.66,共有部份,鋼筋混凝土造,83年3月17日,十三層,
RPQNMLOLRHHFFDP66CA,18,5.37,共有部份,鋼筋混凝土造,83年3月17日,十三層,
RPQNMLOLRHHFFDP66CA,18,2.53,共有部份,鋼筋混凝土造,83年3月17日,十三層,
RPQNMLOLRHHFFDP66CA,18,3.70,共有部份,鋼筋混凝土造,83年3月17日,十三層,
RPQNMLOLRHHFFDP66CA,18,3.00,共有部份,鋼筋混凝土造,83年3月17日,十三層,
RPQNMLOLRHHFFDP66CA,18,2.63,共有部份,鋼筋混凝土造,83年3月17日,十三層,
RPQNMLOLRHHFFDP66CA,18,3.73,共有部份,鋼筋混凝土造,83年3月17日,十三層,
RPRNMLMKIIHFFDP28CA,,232.76,見其他登記事項,鋼筋混凝土造,101年7月26日,三層,一層 二層 三層 屋頂突出物
RPRNMLKLRHHFFAP68CA,33,117.01,住家用,加強磚造,68年12月1日,二層,一層 二層 騎樓
RPSNMLKLRHHFFAP78CA,4,229.46,住家用,鋼筋混凝土造,98年1月6日,四層,一層 二層 三層 四層
RPVNMLKLRHHFFAP09CA,1,284.23,見其他登記事項,鋼筋混凝土造,101年4月5日,四層,一層 二層 三層 四層
RPPOMLKLRHHFFAP58CA,32,85.90,住家用,加強磚造,69年11月4日,二層,一層 二層
RPPOMLSLRHHFFAP76CA,32,90.88,住家用,加強磚造,70年4月1日,二層,一層 二層 電梯樓梯間
RPTOMLKLRHHFFAP98CA,17,150.40,見其他登記事項,鋼筋混凝土造,84年5月13日,十三層,十層
RPTOMLKLRHHFFAP98CA,17,25.51,共有部份,鋼筋混凝土造,84年5月13日,十三層,
RPTOMLKLRHHFFAP98CA,17,54.63,共有部份,鋼筋混凝土造,84年5月13日,十三層,
RPPNMLQKIIHFFDP48CA,10,329.06,農舍,見其他登記事項,91年6月10日,一層,一層
RPSNMLPKIIHFFDP68CA,,237.15,見其他登記事項,鋼筋混凝土造,101年7月12日,三層,一層 二層 三層 見其他登記事項
RPSOMLPLRHHFFAP76CA,2,186.27,見其他登記事項,鋼筋混凝土造,100年7月19日,三層,一層 二層 三層
RPQOMLSJIIHFFAP48CA,7,276.99,見其他登記事項,鋼筋混凝土造,95年7月4日,四層,一層 二層 三層 四層
RPQOMLSJIIHFFAP48CA,7,105.87,共有部份,鋼筋混凝土造,95年7月4日,四層,
RPPPMLPLRHHFFAP56CA,2,188.00,見其他登記事項,鋼筋混凝土造,100年7月19日,三層,一層 二層 三層
RPPNMLLJIIHFFBP77DA,24,74.09,見其他登記事項,磚造,77年4月8日,一層,一層
RPPNMLPKIIHFFAP18DA,31,111.60,住家用,加強磚造,70年12月14日,二層,一層 二層
RPQNMLTJIIHFFAP58DA,1,376.04,見其他登記事項,鋼筋混凝土造,101年4月16日,四層,一層 二層 三層 四層 地下一層
RPQNMLTJIIHFFAP58DA,1,41.20,見其他登記事項,鋼筋混凝土造,101年4月16日,,
RPQNMLTJIIHFFAP58DA,1,.38,見其他登記事項,鋼筋混凝土造,101年4月16日,一層,
RPTNMLQLRHHFFAP86CA,13,99.94,住家用,鋼筋混凝土造,88年9月26日,五層,三層 二層
RPTNMLQLRHHFFAP86CA,13,19.15,停車空間,鋼筋混凝土造,88年9月26日,五層,
RPTNMLQLRHHFFAP86CA,13,19.45,共有部份,鋼筋混凝土造,88年9月26日,五層,
RPPOMLOLRHHFFAP09DA,31,121.19,住家用,加強磚造,71年3月3日,二層,
RPPNMLLLRHHFFEP09DA,20,106.61,國民住宅,鋼筋混凝土造,81年10月16日,五層,三層
RPPNMLOLRHHFFAP88CA,5,201.27,住商用,鋼筋混凝土造,97年1月22日,四層,一層 二層 三層 四層 騎樓
RPQNMLSLRHHFFDP17DA,16,158.01,住家用,鋼筋混凝土造,85年8月23日,三層,一層 二層 三層 電梯樓梯間
RPQNMLOLRHHFFCP56CA,17,244.33,住商用,鋼筋混凝土造,84年5月13日,四層,一層 二層 三層 四層 騎樓 見其他登記事項
RPQNMLPLRHHFFDP76CA,31,117.33,住商用,加強磚造,70年7月21日,二層,騎樓 一層 二層
RPRNMLRLRHHFFAP76CA,14,171.14,住家用,鋼筋混凝土造,87年11月9日,三層,二層 三層 一層 電梯樓梯間
RPOOMLPLRHHFFAP09DA,5,199.81,住家用,鋼筋混凝土造,97年7月4日,三層,三層 一層 二層 電梯樓梯間
RPRNMLLLRHHFFCP09DA,17,154.31,住家用,鋼筋混凝土造,84年11月21日,三層,一層 二層 三層 電梯樓梯間
RPPNMLOLRHHFFBP09DA,6,210.46,住家用,鋼筋混凝土造,95年7月19日,四層,一層 二層 三層 四層
RPQNMLRJIIHFFAP38DA,44,233.04,,鋼筋混凝土加強磚造,58年5月16日,三層,
RPUNMLQLRHHFFDP37DA,16,55.82,住家用,鋼筋混凝土造,85年5月13日,八層,八層
RPQNMLMJIIHFFDP18DA,16,37.63,住家用,鋼筋混凝土造,85年5月13日,八層,六層
RPVNMLRLRHHFFAP27DA,6,174.25,住家用,鋼筋混凝土造,95年12月1日,三層,一層 二層 三層
RPUOMLPLRHHFFAP07DA,1,327.85,見其他登記事項,鋼筋混凝土造,101年1月20日,四層,一層 二層 三層 四層
RPROMLSLRHHFFAP96CA,20,189.20,住家用,鋼筋混凝土造,82年5月28日,四層,一層 二層 三層 四層
RPXNMLMJIIHFFDP78CA,50,104.33,住商用,加強磚造,52年1月20日,二層,一層 二層 騎樓
RPTNMLSJIIHFFDP98CA,,152.57,住家用,鋼筋混凝土造,101年7月24日,三層,一層 二層 三層
RPRNMLRLRHHFFDP07CA,1,204.65,見其他登記事項,鋼筋混凝土造,101年1月19日,三層,二層 三層 見其他登記事項 一層
RPPPMLNJIIHFFDP28CA,12,208.15,住家用,鋼筋混凝土造,89年10月23日,三層,一層 二層 三層 電梯樓梯間
RPSNMLRLRHHFFDP17CA,,184.02,見其他登記事項,鋼筋混凝土造,101年3月28日,三層,一層 二層 三層 見其他登記事項
RPTNMLRLRHHFFDP27CA,,184.02,見其他登記事項,鋼筋混凝土造,101年3月28日,三層,見其他登記事項 一層 二層 三層
RPQNMLRLRHHFFAP66CA,17,124.10,住家用,鋼筋混凝土造,84年3月10日,七層,七層
RPQNMLRLRHHFFAP66CA,17,19.57,共有部份,鋼筋混凝土造,84年3月10日,七層,
RPQNMLRLRHHFFAP66CA,17,47.97,共有部份,鋼筋混凝土造,84年3月10日,七層,
RPTNMLMJIIHFFAP18DA,19,153.99,住家用,鋼筋混凝土造,82年5月19日,四層,一層 二層 三層 四層 電梯樓梯間
RPQNMLSLRHHFFCP07DA,15,150.94,住家用,鋼筋混凝土造,86年10月30日,三層,一層 二層 三層 電梯樓梯間
RPXNMLSLRHHFFAP57DA,17,154.42,住家用,鋼筋混凝土造,84年12月8日,三層,一層 二層 三層 電梯樓梯間
RPRNMLSLRHHFFDP27DA,49,150.12,住商用,鋼筋混凝土加強磚造,52年11月1日,二層,一層 二層 騎樓
RPQNMLQLRHHFFEP96CA,18,223.11,住家用,鋼筋混凝土造,84年1月13日,四層,電梯樓梯間 一層 二層 三層 四層
RPQNMLSLRHHFFEP17CA,13,107.89,國民住宅,鋼筋混凝土造,88年6月3日,十層,一層
RPQNMLSLRHHFFEP17CA,13,.29,見其他登記事項,鋼筋混凝土造,88年6月3日,一層,
RPQNMLSLRHHFFEP17CA,13,55.39,見其他登記事項,鋼筋混凝土造,88年6月3日,10,
RPQNMLSLRHHFFEP17CA,13,18.01,見其他登記事項,,88年6月3日,十層,
RPVNMLRLRHHFFDP47CA,32,41.95,住家用,磚造,69年7月15日,一層,
RPTNMLLJIIHFFAP97CA,10,167.23,住家用,鋼筋混凝土造,92年1月8日,四層,
RPUOMLSLRHHFFAP27CA,7,17.99,住家用,鋼筋混凝土造,94年5月11日,四層,
RPUOMLSLRHHFFAP27CA,7,6.71,共有部份,鋼筋混凝土造,94年5月11日,四層,
RPPNMLOJIIHFFAP87CA,1,241.68,住家用,鋼筋混凝土造,100年11月30日,四層,一層 二層 三層 四層
RPWOMLNJIIHFFDP88CA,,184.02,見其他登記事項,鋼筋混凝土造,101年3月28日,三層,見其他登記事項 一層 二層 三層
RPSNMLNLIIHFFAP28CA,,148.43,見其他登記事項,見其他登記事項,101年5月23日,一層,一層 騎樓
RPPNMLNJIIHFFDP08CA,1,204.65,見其他登記事項,鋼筋混凝土造,101年1月19日,三層,見其他登記事項 一層 二層 三層
RPUNMLMJIIHFFAP18CA,37,131.04,住家用,見其他登記事項,64年7月1日,二層,
RPQNMLNJIIHFFDP18CA,,184.02,見其他登記事項,鋼筋混凝土造,101年3月28日,三層,一層 二層 三層 見其他登記事項
RPWNMLMJIIHFFDP68CA,6,244.31,見其他登記事項,鋼筋混凝土造,95年3月8日,四層,一層 二層 三層 四層
RPPNMLLJIIHFFCP77CA,17,54.40,住家用,鋼筋混凝土造,84年12月20日,八層,三層
RPRNMLNJIIHFFAP97CA,22,148.06,住家用,加強磚造,79年12月6日,二層,一層 二層 騎樓 電梯樓梯間
RPQOMLRLRHHFFAP86DA,20,128.11,住家用,鋼筋混凝土造,81年10月11日,七層,三層
RPQNMLQLIIHFFAP48DA,16,103.51,住家用,鋼筋混凝土造,86年2月11日,十三層,七層
RPQNMLQLIIHFFAP48DA,16,27.76,共有部份,鋼筋混凝土造,86年2月11日,十四層,
RPOOMLRLRHHFFDP07EA,31,256.02,住商用,加強磚造,70年10月23日,三層,電梯樓梯間 一層 二層 三層 騎樓
RPPNMLPJIIHFFAP97CA,32,212.23,住商用,加強磚造,69年11月15日,三層,一層 二層 三層 騎樓 電梯樓梯間 地下層
RPSNMLPKIIHFFEP78CA,14,210.83,住家用,鋼筋混凝土造,87年8月12日,三層,一層 二層 三層 騎樓 電梯樓梯間
RPTNMLLJIIHFFBP18DA,,229.11,住家用,鋼筋混凝土造,101年7月15日,三層,一層 二層 三層 電梯樓梯間
RPPNMLNJIIHFFBP97DA,16,72.17,住家用,鋼筋混凝土造,85年10月20日,十一層,十層
RPPNMLNJIIHFFBP97DA,16,31.89,共有部份,鋼筋混凝土造,85年10月20日,十一層,
RPOPMLNJIIHFFDP18CA,2,210.26,住家用,鋼筋混凝土造,99年12月15日,三層,一層 二層 三層
RPROMLLKIIHFFDP28CA,,229.80,見其他登記事項,鋼筋混凝土造,101年7月26日,三層,一層 二層 三層 屋頂突出物
RPSNMLMKIIHFFDP38CA,,182.70,見其他登記事項,鋼筋混凝土造,101年7月26日,三層,一層 二層 三層 屋頂突出物 見其他登記事項
RPWNMLMKIIHFFDP78CA,,186.05,見其他登記事項,鋼筋混凝土造,101年7月26日,三層,一層 二層 三層 見其他登記事項
RPOOMLLKIIHFFDP97CA,,225.37,見其他登記事項,鋼筋混凝土造,101年7月26日,三層,一層 二層 三層 騎樓 見其他登記事項
RPOOMLMKIIHFFDP08CA,,172.13,見其他登記事項,鋼筋混凝土造,101年7月26日,三層,二層 三層 見其他登記事項 一層
RPQOMLMKIIHFFDP28CA,,218.75,見其他登記事項,鋼筋混凝土造,101年7月26日,三層,一層 二層 三層 屋頂突出物 見其他登記事項
RPTOMLLKIIHFFDP48CA,,229.80,見其他登記事項,鋼筋混凝土造,101年7月26日,三層,三層 屋頂突出物 一層 二層
RPVNMLMKIIHFFDP68CA,,216.14,住家用,鋼筋混凝土造,101年7月26日,三層,一層 二層 三層
RPUNMLPJIIHFFAP48CA,18,97.94,住家用,鋼筋混凝土造,83年11月20日,十四層,九層
RPUNMLPJIIHFFAP48CA,18,11.66,共有部份,鋼筋混凝土造,83年11月20日,十四層,
RPUNMLPJIIHFFAP48CA,18,35.93,共有部份,鋼筋混凝土造,83年11月20日,十四層,
RPSNMLNJIIHFFAP08CA,38,99.88,住家用,加強磚造,63年7月16日,二層,一層 二層
RPXNMLMJIIHFFAP48CA,9,186.54,見其他登記事項,鋼筋混凝土造,92年9月18日,四層,一層 二層 三層 四層
RPOOMLMKIIHFFAP87DA,31,109.82,住家用,加強磚造,70年4月22日,二層,一層 二層 電梯樓梯間
RPRNMLLKIIHFFAP87CA,13,99.94,住家用,鋼筋混凝土造,88年9月26日,五層,二層 三層
RPRNMLLKIIHFFAP87CA,13,19.15,停車空間,鋼筋混凝土造,88年9月26日,五層,
RPRNMLLKIIHFFAP87CA,13,19.45,共有部份,鋼筋混凝土造,88年9月26日,五層,
RPOOMLPKIIHFFAP18DA,20,174.07,住家用,鋼筋混凝土造,81年7月13日,三層,
RPVNMLPKIIHFFAP78DA,1,180.23,住家用,鋼筋混凝土造,101年1月16日,三層,一層 二層 三層 電梯樓梯間
RPWNMLPKIIHFFAP88DA,1,180.23,住家用,鋼筋混凝土造,101年1月16日,三層,一層 二層 三層 電梯樓梯間
RPRNMLTKIIHFFAP78DA,34,53.66,住家用,加強磚造,67年6月30日,二層,
RPQNMLMJIIHFFFP28CA,11,88.31,住家用,鋼筋混凝土造,90年4月9日,九層,七層
RPUNMLMKIIHFFDP58CA,,228.71,見其他登記事項,鋼筋混凝土造,101年7月26日,三層,一層 二層 三層 屋頂突出物 見其他登記事項
RPRNMLOJIIHFFDP38CA,1,204.65,見其他登記事項,鋼筋混凝土造,101年1月19日,三層,一層 二層 三層 見其他登記事項
RPTNMLTLIIHFFAP09DA,33,86.70,住家用,加強磚造,68年3月1日,二層,一層 二層 騎樓
RPPNMLNJIIHFFEP28DA,23,213.01,住商用,鋼筋混凝土造,78年4月25日,三層,二層 三層 騎樓 電梯樓梯間 一層
RPTNMLLKIIHFFDP38CA,16,111.76,住家用,鋼筋混凝土造,85年9月26日,八層,三層
RPTNMLLKIIHFFDP38CA,16,23.96,共有部份,鋼筋混凝土造,85年9月26日,八層,
RPTNMLLKIIHFFDP38CA,16,19.78,共有部份,鋼筋混凝土造,85年9月26日,八層,
RPTNMLLKIIHFFDP38CA,16,2.20,共有部份,鋼筋混凝土造,85年9月26日,八層,
RPTNMLMKIIHFFDP48CA,,228.71,見其他登記事項,鋼筋混凝土造,101年7月26日,三層,一層 二層 三層 屋頂突出物 見其他登記事項
RPXNMLMKIIHFFDP88CA,,179.39,見其他登記事項,鋼筋混凝土造,101年7月26日,三層,一層 二層 三層 見其他登記事項
RPUNMLLKIIHFFFP78DA,10,275.30,住商用,鋼筋混凝土造,91年9月23日,三層,二層 三層 一層
RPUNMLOJIIHFFDP78DA,20,168.83,住家用,鋼筋混凝土造,82年2月24日,三層,一層 二層 三層 電梯樓梯間
RPQNMLPJIIHFFDP38CA,10,148.82,商業用,鋼筋混凝土造,91年4月25日,六層,一層 二層 騎樓
RPTNMLTLIIHFFDP66CA,6,196.21,住家用,鋼筋混凝土造,95年8月17日,四層,
RPRNMLOJIIHFFAP18DA,32,109.93,住家用,加強磚造,69年12月27日,二層,一層 二層 電梯樓梯間
RPSNMLSKIIHFFDP98CA,,184.02,見其他登記事項,鋼筋混凝土造,101年3月28日,三層,一層 二層 三層 見其他登記事項
RPTOMLSJIIHFFAP88DA,18,97.94,住家用,鋼筋混凝土造,83年11月20日,十四層,二層
RPTOMLSJIIHFFAP88DA,18,11.66,共有部份,鋼筋混凝土造,83年11月20日,十四層,
RPTOMLSJIIHFFAP88DA,18,29.29,共有部份,鋼筋混凝土造,83年11月20日,十四層,
RPQNMLPJIIHFFAP18DA,14,23.03,住家用,鋼筋混凝土造,87年10月30日,十層,九層
RPSNMLTJIIHFFAP78DA,32,98.82,住家用,加強磚造,69年8月1日,二層,一層 二層
RPWNMLPJIIHFFAP78DA,15,163.64,住家用,鋼筋混凝土造,86年6月30日,三層,電梯樓梯間 一層 二層 三層
RPPNMLLKIIHFFAP67CA,33,105.20,住家用,加強磚造,69年3月19日,二層,一層 二層 電梯樓梯間
RPOOMLPJIIHFFAP97CA,32,117.33,住家用,加強磚造,69年9月1日,二層,一層 二層 騎樓
RPUOMLSJIIHFFAP88CA,31,6.79,商業用,鋼筋混凝土造,70年12月6日,八層,
RPRNMLSJIIHFFCP78DA,18,158.86,住家用,鋼筋混凝土造,83年10月26日,三層,一層 二層 三層 電梯樓梯間
RPPNMLSJIIHFFDP68DA,4,209.55,住商用,鋼筋混凝土造,97年6月2日,四層,二層 三層 一層 四層 騎樓
RPPNMLSJIIHFFDP68DA,4,209.55,住商用,鋼筋混凝土造,97年6月2日,四層,一層 三層 四層 騎樓 二層
RPQOMLSJIIHFFDP78CA,4,268.79,見其他登記事項,鋼筋混凝土造,97年3月14日,四層,一層 二層 三層 四層 騎樓 見其他登記事項
RPTNMLSJIIHFFFP66DA,25,123.25,住家用,鋼筋混凝土造,76年11月5日,二層,一層 二層 騎樓
RPPNMLQJJIHFFAP18CA,4,190.97,住家用,鋼筋混凝土造,97年4月20日,四層,四層 一層 二層 三層
RPWNMLLKIIHFFDP68CA,28,103.25,住家用,加強磚造,73年8月1日,四層,二層
RPSNMLMLIIHFFAP18CA,17,145.08,住家用,鋼筋混凝土造,85年1月10日,三層,一層 二層 三層 電梯樓梯間
RPUNMLLKIIHFFDP48CA,,201.32,見其他登記事項,鋼筋混凝土造,101年4月20日,三層,一層 二層 三層 見其他登記事項
RPVNMLSJIIHFFAP88CA,31,96.73,住家用,加強磚造,70年4月1日,二層,一層 二層 電梯樓梯間
RPSNMLRKIIHFFEP98CA,26,140.70,住家用,加強磚造,76年2月10日,二層,一層 二層 騎樓 電梯樓梯間
RPSNMLTKIIHFFDP09CA,18,155.27,住家用,鋼筋混凝土造,83年9月15日,三層,一層 二層 三層
RPUOMLSKIIHFFAP09DA,,184.19,住家用,鋼筋混凝土造,100年11月29日,三層,一層 二層 三層
RPPNMLKKIIHFFAP67DA,1,373.29,見其他登記事項,鋼筋混凝土造,101年1月20日,四層,一層 二層 三層 四層
RPPNMLTKIIHFFAP58DA,1,191.64,住家用,鋼筋混凝土造,100年11月29日,三層,一層 二層 三層
RPQNMLLKIIHFFAP87DA,8,168.62,住家用,鋼筋混凝土造,94年2月15日,三層,一層 二層 三層
RPXNMLMKIIHFFAP68DA,14,110.25,住家用,鋼筋混凝土造,87年9月20日,三層,二層 一層 三層
RPQNMLTJIIHFFCP68CA,34,145.72,住家用,加強磚造,67年11月28日,二層,一層 二層 電梯樓梯間
RPXNMLMLIIHFFDP98CA,20,173.65,住家用,鋼筋混凝土造,82年2月24日,三層,一層 二層 三層 電梯樓梯間
RPOOMLTJIIHFFAP38CA,1,178.03,見其他登記事項,鋼筋混凝土造,100年8月2日,三層,一層 二層 三層 電梯樓梯間
RPVNMLTJIIHFFAP98CA,9,18.97,住家用,鋼筋混凝土造,93年3月26日,五層,二層
SPVNMLTJIIHFFAP09CA,9,18.97,住家用,鋼筋混凝土造,93年3月26日,五層,四層
RPPNMLQKIIHFFEP68DA,17,23.38,住家用,鋼筋混凝土造,84年7月20日,十二層,四層
RPPNMLQKIIHFFEP68DA,17,7.00,見其他登記事項,鋼筋混凝土造,84年7月20日,一層,
RPPNMLQKIIHFFEP68DA,17,2.23,見其他登記事項,鋼筋混凝土造,84年7月20日,十二層,
RPXNMLNLIIHFFEP56CA,19,120.60,見其他登記事項,鋼筋混凝土造,82年3月18日,二層,一層 二層 騎樓
RPPNMLLKIIHFFDP08DA,7,360.33,見其他登記事項,鋼筋混凝土造,94年8月10日,四層,一層 二層 三層 四層 見其他登記事項
RPRNMLLKIIHFFDP18CA,34,81.28,住家用,加強磚造,67年7月16日,二層,一層 二層
RPQNMLLKKIHFFAP08DA,8,176.61,住家用,鋼筋混凝土造,93年12月20日,四層,一層 二層 三層 四層 電梯樓梯間
RPOOMLLKIIHFFAP67CA,33,116.64,住家用,加強磚造,68年5月10日,二層,一層 二層 騎樓 電梯樓梯間
RPPNMLMKIIHFFAP77CA,18,86.10,住家用,鋼筋混凝土造,83年11月15日,十二層,九層
RPPNMLMKIIHFFAP77CA,18,13.93,共有部份,鋼筋混凝土造,83年11月15日,十二層,
RPPNMLMKIIHFFAP77CA,18,15.59,共有部份,鋼筋混凝土造,83年11月15日,十二層,
RPQNMLOLIIHFFAP18CA,18,30.74,住家用,鋼筋混凝土造,83年11月15日,十二層,七層
RPTNMLQKIIHFFAP68DA,1,223.13,見其他登記事項,鋼筋混凝土造,100年4月26日,三層,一層 二層 三層 電梯樓梯間 地下一層
RPTNMLPKIIHFFAP58DA,16,68.53,住家用,鋼筋混凝土造,85年7月22日,八層,三層
RPTNMLPKIIHFFAP58DA,16,1.88,共有部份,鋼筋混凝土造,85年7月22日,,
RPTNMLPKIIHFFAP58DA,16,18.77,共有部份,鋼筋混凝土造,85年7月22日,,
RPPNMLSKIIHFFDP68CA,18,196.92,住家用,鋼筋混凝土造,83年10月1日,四層,一層 二層 三層 四層
RPUNMLPKIIHFFAP68DA,17,37.34,住家用,鋼筋混凝土造,84年8月31日,六層,五層
RPUNMLPKIIHFFAP68DA,17,25.19,共有部份,鋼筋混凝土造,84年8月31日,六層,
RPTNMLKMIIHFFDP58DA,18,18.23,住家用,鋼筋混凝土造,83年6月14日,九層,七層
RPUNMLSKIIHFFAP98DA,13,87.60,住家用,鋼筋混凝土造,88年9月26日,五層,二層 三層
RPQNMLNLIIHFFBP18CA,17,145.99,住家用,鋼筋混凝土造,84年11月20日,三層,電梯樓梯間 一層 二層 三層
RPTNMLTJJIHFFAP98DA,,293.48,,,,,
RPTNMLRKIIHFFAP78DA,36,118.44,住商用,加強磚造,65年4月10日,二層,一層 二層 騎樓
RPSNMLLKIIHFFDP28CA,17,185.93,住家用,加強磚造,84年7月10日,二層,
RPPNMLOLIIHFFAP08CA,15,46.29,住家用,鋼筋混凝土造,86年5月15日,十六層,九層
RPTNMLSKIIHFFDP09CA,,188.97,見其他登記事項,鋼筋混凝土造,101年7月26日,三層,一層 二層 三層 見其他登記事項
RPVNMLRKIIHFFAP88CA,7,190.44,住家用,鋼筋混凝土造,94年5月20日,四層,
RPVNMLQKIIHFFAP88DA,18,109.56,住家用,鋼筋混凝土造,84年3月10日,七層,五層
RPPPMLQLIIHFFAP58DA,35,99.30,住家用,加強磚造,66年6月16日,二層,一層 二層
RPPNMLNKIIHFFCP08CA,21,120.00,住家用,鋼筋混凝土造,80年11月17日,二層,一層 二層 騎樓 電梯樓梯間
RPXNMLPKIIHFFAP98DA,18,93.02,住家用,鋼筋混凝土造,83年9月1日,八層,三層
RPROMLRKIIHFFAP68DA,15,103.53,住家用,鋼筋混凝土造,86年5月15日,十六層,十三層
RPROMLRKIIHFFAP68DA,15,25.70,共有部份,鋼筋混凝土造,86年5月15日,十六層,
RPROMLRKIIHFFAP68DA,15,17.94,共有部份,鋼筋混凝土造,86年5月15日,十六層,
RPSOMLRKIIHFFAP78DA,15,17.31,共有部份,鋼筋混凝土造,86年5月15日,十六層,
RPVOMLRKIIHFFAP09DA,15,169.60,,鋼筋混凝土造,86年10月8日,三層,
RPRNMLQKIIHFFAP48DA,33,123.17,住家用,加強磚造,68年12月1日,二層,一層 二層 騎樓 電梯樓梯間
RPPNMLRKIIHFFAP38DA,23,152.97,住家用,加強磚造,78年4月4日,二層,電梯樓梯間 一層 二層
RPUNMLMLIIHFFAP38CA,14,207.10,住家用,鋼筋混凝土造,87年9月1日,四層,一層 二層 三層 四層
RPQNMLMLIIHFFDP28CA,1,204.65,見其他登記事項,鋼筋混凝土造,101年1月19日,三層,一層 二層 三層 見其他登記事項
RPRNMLMLIIHFFDP38CA,,152.57,住家用,鋼筋混凝土造,101年7月24日,三層,一層 二層 三層
RPUNMLSKIIHFFDP56CA,,228.71,見其他登記事項,鋼筋混凝土造,101年7月26日,三層,三層 屋頂突出物 一層 二層 見其他登記事項
RPWNMLLJJIHFFAP48DA,37,99.12,住家用,加強磚造,64年7月15日,二層,一層 二層
RPVNMLSKIIHFFDP66CA,,229.80,見其他登記事項,鋼筋混凝土造,101年7月26日,三層,一層 二層 三層 屋頂突出物
RPOOMLSKIIHFFDP68CA,16,82.13,住家用,鋼筋混凝土造,85年9月26日,八層,六層
RPOOMLSKIIHFFDP68CA,16,16.21,共有部份,鋼筋混凝土造,85年9月26日,八層,
RPOOMLSKIIHFFDP68CA,16,11.44,共有部份,鋼筋混凝土造,85年9月26日,八層,
RPOOMLSKIIHFFDP68CA,16,1.49,共有部份,鋼筋混凝土造,85年9月26日,八層,
RPXNMLSKIIHFFDP86CA,22,109.94,住家用,加強磚造,80年2月11日,二層,一層 二層
RPWNMLSKIIHFFDP76CA,,213.68,住家用,鋼筋混凝土造,101年7月26日,三層,一層 二層 三層
RPPNMLTKIIHFFCP68CA,78,153.54,住商用,見其他登記事項,23年6月6日,3,一層 二層 三層 騎樓
RPRNMLTKIIHFFCP88CA,,211.31,見其他登記事項,鋼筋混凝土造,101年8月16日,三層,一層 二層 三層 電梯樓梯間
RPPNMLLMIIHFFBP97CA,20,168.63,住商用,加強磚造,81年3月27日,二層,一層 二層 電梯樓梯間
RPSNMLTKIIHFFCP98CA,,211.31,住家用,鋼筋混凝土造,101年8月16日,三層,一層 二層 三層 電梯樓梯間
RPSNMLSKIIHFFCP88CA,78,194.46,住商用,見其他登記事項,23年6月6日,3,二層 三層 騎樓 一層
RPTNMLTKIIHFFCP09CA,,202.99,住家用,鋼筋混凝土造,101年8月16日,三層,一層 二層 三層 電梯樓梯間
RPXNMLTKIIHFFCP86CA,,195.73,住家用,鋼筋混凝土造,101年8月16日,三層,一層 二層 三層 電梯樓梯間
RPOOMLTKIIHFFCP68CA,,188.77,住家用,鋼筋混凝土造,101年8月16日,三層,一層 二層 三層 電梯樓梯間
RPPOMLTKIIHFFCP78CA,,210.59,住家用,鋼筋混凝土造,101年8月16日,三層,一層 二層 三層 電梯樓梯間
RPPNMLKMIIHFFEP28DA,37,109.14,住商用,加強磚造,65年3月30日,二層,一層 二層 騎樓
RPPNMLPJJIHFFEP58DA,36,84.02,住家用,加強磚造,65年11月6日,二層,二層 一層
RPROMLTKIIHFFCP98CA,22,108.99,住家用,鋼筋混凝土造,80年9月11日,二層,一層 二層 電梯樓梯間
RPPNMLSKIIHFFCP58CA,22,123.90,住家用,加強磚造,79年6月24日,二層,一層 二層
RPSNMLRKIIHFFAP58CA,4,295.73,商業用,鋼筋混凝土造,97年9月5日,四層,三層 四層 一層 二層
RPRNMLSKIIHFFAP58CA,5,199.90,住商用,鋼筋混凝土造,97年1月22日,四層,一層 二層 三層 四層 騎樓
RPSNMLSKIIHFFAP78DA,18,177.24,住家用,鋼筋混凝土造,83年7月11日,四層,一層 二層 三層 四層
RPTNMLSKIIHFFAP88DA,32,114.91,住家用,加強磚造,69年10月20日,二層,
RPQOMLMJJIHFFAP97CA,,159.59,住家用,鋼筋混凝土造,101年7月5日,三層,一層 二層 三層
RPPNMLTKIIHFFBP68DA,19,58.94,住家用,鋼筋混凝土造,83年1月22日,九層,三層
RPPNMLTKIIHFFBP68DA,19,7.41,見其他登記事項,鋼筋混凝土造,83年1月22日,九層,
RPPNMLTKIIHFFBP68DA,19,.75,共有部份,鋼筋混凝土造,83年1月22日,,
RPPNMLTKIIHFFBP68DA,19,.49,共有部份,鋼筋混凝土造,83年1月22日,,
RPPNMLTKIIHFFBP68DA,19,.57,共有部份,鋼筋混凝土造,83年1月22日,,
RPPNMLTKIIHFFBP68DA,19,1.62,共有部份,鋼筋混凝土造,83年1月22日,,
RPPNMLTKIIHFFBP68DA,19,5.20,共有部份,鋼筋混凝土造,83年1月22日,,
RPSNMLSKIIHFFEP09CA,15,178.51,住家用,鋼筋混凝土造,86年12月31日,三層,二層 一層 三層 電梯樓梯間
RPPNMLPJJIHFFFP68DA,27,112.34,住家用,加強磚造,74年5月1日,二層,一層 二層
RPRNMLOLIIHFFBP48DA,19,202.59,住家用,鋼筋混凝土造,82年8月10日,三層,一層 二層 三層
RPPNMLRJJIHFFFP78CA,45,19.32,住商用,見其他登記事項,56年12月31日,一層,一層 騎樓
RPPNMLRJJIHFFFP78CA,45,6.44,住商用,見其他登記事項,56年12月31日,一層,一層 騎樓
RPUNMLTJJIHFFAP09DA,30,188.04,住家用,加強磚造,72年2月8日,二層,
RPQNMLTKIIHFFAP68DA,9,178.95,住商用,鋼筋混凝土造,92年10月5日,三層,一層 二層 三層 騎樓 電梯樓梯間
RPUOMLPLIIHFFAP88DA,1,194.70,住家用,鋼筋混凝土造,101年1月16日,三層,一層 二層 三層 電梯樓梯間
RPVOMLPLIIHFFAP98DA,1,194.70,住家用,鋼筋混凝土造,101年1月16日,三層,三層 電梯樓梯間 一層 二層
RPQOMLSKIIHFFAP58CA,18,291.60,見其他登記事項,鋼筋混凝土造,83年5月26日,五層,一層 二層 三層 四層 五層 騎樓 電梯樓梯間
RPTNMLQJJIHFFEP98CA,17,204.68,住家用,鋼筋混凝土造,85年2月2日,四層,三層 四層 一層 二層
RPPOMLSKIIHFFAP58DA,31,134.63,住商用,加強磚造,70年11月30日,四層,三層 四層 一層 二層 騎樓 電梯樓梯間
RPOOMLSKIIHFFAP48DA,,218.07,住家用,鋼筋混凝土造,101年4月28日,四層,一層 二層 三層 見其他登記事項
RPSOMLSKIIHFFAP88DA,30,76.90,住家用,加強磚造,71年8月2日,二層,
RPWNMLSKIIHFFCP76DA,1,189.51,住商用,鋼筋混凝土造,101年1月17日,四層,一層 二層 三層 四層 騎樓
RPWNMLMLIIHFFAP68DA,16,141.17,住家用,鋼筋混凝土造,85年8月18日,七層,三層
RPQNMLSKIIHFFCP78DA,34,177.91,住商用,加強磚造,67年5月8日,三層,一層 二層 三層 騎樓
RPWNMLOLIIHFFAP78CA,15,83.21,住家用,鋼筋混凝土造,86年5月15日,十六層,七層
RPSNMLMLIIHFFDP48CA,1,204.65,見其他登記事項,鋼筋混凝土造,101年1月19日,三層,見其他登記事項 一層 二層 三層
RPTNMLTKIIHFFDP66DA,15,48.76,住家用,鋼筋混凝土造,86年10月3日,九層,六層
RPTNMLTKIIHFFDP66DA,15,14.83,共有部份,鋼筋混凝土造,86年10月13日,九層,
RPTNMLTKIIHFFDP66DA,15,6.11,共有部份,鋼筋混凝土造,86年10月3日,九層,
RPPNMLTLIIHFFBP68CA,19,145.41,住家用,鋼筋混凝土造,82年10月10日,三層,一層 二層 三層
RPROMLSKIIHFFDP09DA,13,98.98,住商用,鋼筋混凝土造,88年7月30日,十四層,一層 二層
RPROMLPKJIHFFDP88DA,,218.92,住家用,鋼筋混凝土造,101年7月23日,四層,一層 三層 四層 二層
RPUNMLQLIIHFFDP09CA,2,210.26,住家用,鋼筋混凝土造,99年12月15日,三層,一層 二層 三層
RPRNMLTKIIHFFDP09DA,18,15.15,住家用,鋼筋混凝土造,83年6月14日,九層,九層
RPRNMLTKIIHFFDP09DA,18,5.81,共有部份,鋼筋混凝土造,83年6月14日,九層,
RPVNMLMLIIHFFDP88DA,13,23.04,住家用,鋼筋混凝土造,88年7月30日,十四層,四層
RPQNMLPLIIHFFDP68DA,,218.92,住家用,鋼筋混凝土造,101年7月23日,四層,一層 二層 三層 四層
RPPOMLMKJIHFFDP28CA,6,181.41,見其他登記事項,鋼筋混凝土造,96年3月2日,四層,一層 二層 三層 四層
RPOOMLSKIIHFFCP58CA,21,113.54,住家用,鋼筋混凝土加強磚造,80年7月28日,二層,一層 二層 電梯樓梯間
RPVNMLMLIIHFFAP48CA,19,78.23,住家用,鋼筋混凝土造,82年4月24日,七層,二層
RPVNMLMLIIHFFAP48CA,19,64.04,商業用,鋼筋混凝土造,82年4月24日,七層,一層 騎樓
RPVNMLMLIIHFFAP48CA,19,46.76,共有部份,鋼筋混凝土造,82年4月24日,七層,
RPSOMLOLIIHFFAP48CA,7,151.81,住家用,鋼筋混凝土造,95年3月1日,四層,一層 二層 三層 四層
RPQNMLMJJIHFFDP18CA,,152.57,住家用,鋼筋混凝土造,101年7月24日,三層,一層 二層 三層
RPPNMLMLIIHFFAP97DA,1,186.27,見其他登記事項,鋼筋混凝土造,100年7月19日,三層,一層 二層 三層
RPWOMLQLIIHFFAP09CA,3,427.59,見其他登記事項,鋼筋混凝土造,98年6月15日,五層,四層 五層 地下一層 見其他登記事項 一層 二層 三層
RPUNMLPLIIHFFAP78DA,29,53.71,住家用,加強磚造,72年9月17日,二層,一層 二層
RPTNMLPLIIHFFAP68DA,29,53.71,住家用,加強磚造,72年9月17日,二層,一層 二層
RPQNMLKMIIHFFBP08DA,33,129.60,住家用,加強磚造,68年5月3日,二層,
RPPOMLPJKIHFFAP28CA,17,88.59,住家用,鋼筋混凝土造,84年9月3日,九層,四層
RPSNMLTKIIHFFEP56CA,29,138.70,住家用,鋼筋混凝土造,73年1月16日,二層,一層 二層 騎樓 電梯樓梯間
RPTNMLQJKIHFFAP68CA,1,221.47,住家用,鋼筋混凝土造,100年11月30日,四層,三層 四層 一層 二層
RPWNMLPLIIHFFAP98DA,1,384.09,住商用,鋼筋混凝土造,101年4月16日,四層,騎樓 一層 二層 四層 三層
RPWNMLPLIIHFFAP98DA,1,6.61,見其他登記事項,鋼筋混凝土造,101年4月16日,,
RPQNMLQLIIHFFBP58DA,6,189.68,住家用,鋼筋混凝土造,95年10月20日,三層,一層 二層 三層 見其他登記事項
RPRNMLPLIIHFFAP48DA,1,189.94,住家用,鋼筋混凝土造,101年4月16日,四層,一層 二層 三層 四層
RPUNMLNLIIHFFAP48CA,18,86.10,住家用,鋼筋混凝土造,83年11月15日,十二層,十一層
RPUNMLNLIIHFFAP48CA,18,13.93,共有部份,鋼筋混凝土造,83年11月15日,十二層,
RPUNMLNLIIHFFAP48CA,18,15.59,共有部份,鋼筋混凝土造,83年11月15日,十二層,
RPTNMLOLIIHFFDP78CA,17,85.03,住家用,鋼筋混凝土造,85年3月9日,十三層,三層
RPRNMLNLIIHFFDP48CA,,186.85,見其他登記事項,鋼筋混凝土造,101年7月26日,三層,一層 二層 三層 屋頂突出物 見其他登記事項
RPVNMLSJJIHFFEP76CA,,223.19,見其他登記事項,鋼筋混凝土造,101年6月4日,四層,一層 二層 三層 四層
RPTNMLLMIIHFFDP68DA,,218.92,住家用,鋼筋混凝土造,101年7月23日,四層,一層 二層 三層 四層
RPQNMLTKJIHFFAP68CA,7,243.23,見其他登記事項,鋼筋混凝土造,95年3月20日,五層,一層 二層 三層 四層 五層
RPSNMLOLIIHFFFP98DA,11,78.83,住家用,鋼筋混凝土造,90年4月9日,九層,六層
RPRNMLMJJIHFFDP28CA,,152.57,住家用,鋼筋混凝土造,101年7月24日,三層,一層 二層 三層
RPSNMLOLIIHFFDP68CA,28,121.31,住家用,加強磚造,73年6月8日,二層,一層 二層 騎樓
RPQOMLQKJIHFFDP78CA,,215.20,住家用,鋼筋混凝土造,101年8月28日,三層,一層 二層 三層
RPSOMLQKJIHFFDP98CA,,215.08,住家用,鋼筋混凝土造,101年8月28日,三層,一層 二層 三層
RPPNMLPLIIHFFBP38DA,35,98.80,住家用,加強磚造,67年1月1日,二層,二層 騎樓 一層
RPVNMLMLIIHFFBP68DA,32,213.05,住商用,鋼筋混凝土加強磚造,69年8月15日,二層,騎樓 電梯樓梯間 一層 二層
RPTPMLQKJIHFFDP66DA,,218.92,住家用,鋼筋混凝土造,101年7月23日,四層,一層 二層 三層 四層
RPQNMLOLIIHFFBP38DA,31,100.36,住家用,加強磚造,70年4月30日,二層,一層 二層 騎樓
RPOOMLNLJIHFFAP08CA,5,382.12,住家用,鋼筋混凝土造,96年6月8日,三層,一層 二層 三層 地下一層
RPPNMLLMIIHFFEP28CA,18,344.19,農舍,加強磚造,84年3月10日,一層,一層 電梯樓梯間
RPTNMLQLIIHFFEP09CA,26,128.63,住家用,鋼筋混凝土造,75年11月1日,二層,一層 二層 電梯樓梯間
RPXNMLQLIIHFFAP09CA,12,334.91,住商用,鋼筋混凝土造,89年8月8日,三層,
RPQOMLOLIIHFFAP38DA,19,112.32,住家用,鋼筋混凝土造,82年10月5日,三層,一層 二層 三層
RPTOMLPLIIHFFAP68CA,1,186.58,見其他登記事項,鋼筋混凝土造,100年6月28日,三層,一層 二層 三層 電梯樓梯間
RPVNMLOLIIHFFDP98CA,1,244.96,見其他登記事項,鋼筋混凝土造,101年1月19日,三層,一層 二層 三層 見其他登記事項
RPPOMLOLIIHFFAP18CA,13,109.50,住家用,鋼筋混凝土造,88年9月26日,五層,四層 五層 屋頂突出物
RPPOMLOLIIHFFAP18CA,13,21.25,共有部份,鋼筋混凝土造,88年9月26日,五層,
RPVNMLQLIIHFFDP56CA,2,244.30,見其他登記事項,鋼筋混凝土造,99年12月15日,三層,一層 二層 三層 見其他登記事項
RPXNMLQLIIHFFDP76CA,22,116.45,住家用,加強磚造,80年2月11日,二層,一層 二層 電梯樓梯間
RPTNMLQLIIHFFDP98CA,5,203.34,見其他登記事項,鋼筋混凝土造,96年8月28日,四層,一層 二層 三層 四層
RPOOMLQLIIHFFDP58CA,22,116.45,住家用,加強磚造,80年2月11日,二層,一層 二層 電梯樓梯間
RPSOMLMJJIHFFAP18CA,,161.57,住家用,鋼筋混凝土造,101年7月5日,三層,一層 二層 三層
RPROMLMJJIHFFAP08CA,,162.81,住家用,鋼筋混凝土造,101年7月5日,三層,二層 一層 三層
RPPOMLQLIIHFFDP78DA,4,228.84,住商用,鋼筋混凝土造,97年6月2日,四層,一層 二層 三層 四層 騎樓
RPRNMLLJJIHFFFP38CA,29,114.75,住家用,鋼筋混凝土加強磚造,72年11月17日,二層,一層 二層 騎樓
RPTOMLMJJIHFFAP28CA,,161.61,住家用,鋼筋混凝土造,101年7月5日,三層,一層 二層 三層
RPUOMLMJJIHFFAP38CA,,159.52,住家用,鋼筋混凝土造,101年7月5日,三層,一層 二層 三層
RPUNMLKLJIHFFCP58DA,,196.56,住家用,鋼筋混凝土造,101年8月21日,三層,一層 二層 三層 騎樓 電梯樓梯間
RPPOMLPLIIHFFAP38DA,5,179.36,住家用,鋼筋混凝土造,97年3月19日,四層,一層 二層 三層 四層
RPTNMLKLJIHFFCP48DA,,196.56,住家用,鋼筋混凝土造,101年8月21日,三層,一層 二層 三層 騎樓 電梯樓梯間
RPPPMLPLIIHFFAP48DA,1,327.84,見其他登記事項,鋼筋混凝土造,101年1月20日,四層,一層 二層 三層 四層
RPQOMLPLIIHFFAP48DA,2,183.17,見其他登記事項,鋼筋混凝土造,99年10月20日,四層,一層 二層 三層 四層
RPPNMLQJJIHFFBP28CA,7,168.00,見其他登記事項,見其他登記事項,95年2月19日,一層,一層
RPQNMLTLIIHFFAP78DA,20,127.80,住家用,鋼筋混凝土造,81年12月29日,八層,七層
RPQNMLTLIIHFFAP78DA,20,20.66,共有部份,鋼筋混凝土造,81年12月29日,八層,
RPOOMLTLIIHFFAP68DA,18,252.55,住家用,鋼筋混凝土造,84年2月8日,三層,一層 二層 三層
RPWNMLMJJIHFFAP58DA,1,184.19,住家用,鋼筋混凝土造,100年11月29日,三層,一層 二層 三層
RPQNMLTLIIHFFFP56CA,14,95.62,住家用,鋼筋混凝土造,88年1月6日,七層,六層
RPQNMLTLIIHFFFP56CA,14,15.29,見其他登記事項,鋼筋混凝土造,88年1月6日,七層,
RPQNMLTLIIHFFFP56CA,14,13.19,見其他登記事項,鋼筋混凝土造,88年1月6日,七層,
RPOOMLKMIIHFFAP87DA,17,132.67,住家用,鋼筋混凝土造,85年2月29日,三層,一層 二層 三層
RPXOMLQLIIHFFAP56CA,1,220.66,見其他登記事項,鋼筋混凝土造,100年4月26日,四層,一層 二層 三層 四層 地下一層
RPVOMLQLIIHFFAP98CA,4,202.10,住商用,鋼筋混凝土造,97年1月22日,四層,三層 四層 一層 二層 騎樓
RPVNMLMJJIHFFDP68CA,,183.88,見其他登記事項,鋼筋混凝土造,101年4月26日,三層,一層 二層 三層 屋頂突出物
RPQNMLKMIIHFFCP08CA,17,175.05,住家用,鋼筋混凝土造,84年12月21日,三層,二層 三層 電梯樓梯間 一層
RPTNMLMKJIHFFAP28CA,14,167.02,住家用,鋼筋混凝土造,87年12月18日,三層,一層 二層 三層 電梯樓梯間
RPUNMLMKJIHFFDP68CA,13,114.06,住家用,鋼筋混凝土造,88年7月30日,十四層,十三層
RPUNMLMKJIHFFDP68CA,13,36.89,共有部份,鋼筋混凝土造,88年7月30日,十四層,
RPUNMLMKJIHFFDP68CA,13,2.14,住家用,鋼筋混凝土造,88年7月30日,十四層,
RPUNMLMKJIHFFDP68CA,13,19.26,見其他登記事項,鋼筋混凝土造,88年7月30日,十四層,
RPRNMLMKJIHFFDP38CA,13,99.79,住家用,鋼筋混凝土造,88年7月30日,十四層,十二層
RPRNMLMKJIHFFDP38CA,13,31.82,共有部份,鋼筋混凝土造,88年7月30日,十四層,
RPRNMLMKJIHFFDP38CA,13,1.79,住家用,鋼筋混凝土造,88年7月30日,十四層,
RPRNMLMKJIHFFDP38CA,13,12.47,見其他登記事項,鋼筋混凝土造,88年7月30日,十四層,
RPSNMLMKJIHFFDP48CA,13,118.67,住家用,鋼筋混凝土造,88年7月30日,十四層,十三層
RPSNMLMKJIHFFDP48CA,13,38.27,共有部份,鋼筋混凝土造,88年7月30日,十四層,
RPSNMLMKJIHFFDP48CA,13,2.26,住家用,鋼筋混凝土造,88年7月30日,十四層,
RPSNMLMKJIHFFDP48CA,13,17.29,見其他登記事項,鋼筋混凝土造,88年7月30日,十四層,
RPTNMLMKJIHFFDP58CA,13,99.79,住家用,鋼筋混凝土造,88年7月30日,十四層,十一層
RPTNMLMKJIHFFDP58CA,13,31.82,共有部份,鋼筋混凝土造,88年7月30日,十四層,
RPTNMLMKJIHFFDP58CA,13,1.79,住家用,鋼筋混凝土造,88年7月30日,十四層,
RPTNMLMKJIHFFDP58CA,13,12.47,見其他登記事項,鋼筋混凝土造,88年7月30日,十四層,
RPQNMLMKJIHFFDP28CA,13,97.26,住家用,鋼筋混凝土造,88年7月30日,十四層,十二層
RPQNMLMKJIHFFDP28CA,13,31.35,共有部份,鋼筋混凝土造,88年7月30日,十四層,
RPQNMLMKJIHFFDP28CA,13,1.73,住家用,鋼筋混凝土造,88年7月30日,十四層,
RPQNMLMKJIHFFDP28CA,13,12.03,見其他登記事項,鋼筋混凝土造,88年7月30日,十四層,
RPWNMLQKJIHFFDP66CA,,215.08,住家用,鋼筋混凝土造,101年8月28日,三層,一層 二層 三層
RPXNMLQKJIHFFDP76CA,,215.08,住家用,鋼筋混凝土造,101年8月28日,三層,一層 二層 三層
RPOOMLQKJIHFFDP58CA,,215.08,住家用,鋼筋混凝土造,101年8月28日,三層,一層 二層 三層
RPUNMLQKJIHFFDP09CA,,215.08,住家用,鋼筋混凝土造,101年8月28日,三層,一層 二層 三層
RPVNMLKMJIHFFAP48CA,36,101.98,住商用,加強磚造,65年10月30日,二層,一層 二層 騎樓
RPOOMLKLJIHFFCP08DA,,196.56,住家用,鋼筋混凝土造,101年8月21日,三層,一層 二層 三層 騎樓 電梯樓梯間
RPUOMLKLJIHFFCP68DA,,199.62,住家用,鋼筋混凝土造,101年8月14日,三層,一層 二層 三層 電梯樓梯間
RPVNMLKLJIHFFCP68DA,,196.56,住家用,鋼筋混凝土造,101年8月21日,三層,一層 二層 三層 騎樓 電梯樓梯間
RPXNMLKLJIHFFCP88DA,,196.56,住家用,鋼筋混凝土造,101年8月21日,三層,一層 二層 三層 騎樓 電梯樓梯間
RPROMLKLJIHFFCP38DA,,199.62,住家用,鋼筋混凝土造,101年8月14日,三層,一層 二層 三層 電梯樓梯間
RPSOMLKLJIHFFCP48DA,,199.62,住家用,鋼筋混凝土造,101年8月14日,三層,一層 電梯樓梯間 二層 三層
RPWNMLQLIIHFFDP66CA,1,204.65,見其他登記事項,鋼筋混凝土造,101年1月19日,三層,一層 二層 三層 見其他登記事項
RPSNMLKLJIHFFCP38DA,,196.56,住家用,鋼筋混凝土造,101年8月21日,三層,電梯樓梯間 一層 二層 三層 騎樓
RPPOMLLLJIHFFCP28DA,,199.62,住家用,鋼筋混凝土造,101年8月14日,三層,三層 電梯樓梯間 一層 二層
RPQNMLLLJIHFFCP28DA,,199.62,住家用,鋼筋混凝土造,101年8月14日,三層,一層 二層 三層 電梯樓梯間
RPTNMLLLJIHFFCP58DA,,199.62,住家用,鋼筋混凝土造,101年8月14日,三層,一層 二層 三層 電梯樓梯間
RPRNMLLLJIHFFCP38DA,,199.62,住家用,鋼筋混凝土造,101年8月14日,三層,一層 二層 三層 電梯樓梯間
RPQOMLLLJIHFFCP38DA,,199.62,住家用,鋼筋混凝土造,101年8月14日,三層,一層 二層 三層 電梯樓梯間
RPSNMLLLJIHFFCP48DA,,199.62,住家用,鋼筋混凝土造,101年8月14日,三層,一層 二層 三層 電梯樓梯間
RPVNMLLLJIHFFCP78DA,,199.62,住家用,鋼筋混凝土造,101年8月14日,三層,一層 二層 三層 電梯樓梯間
RPUNMLLLJIHFFCP68DA,,199.62,住家用,鋼筋混凝土造,101年8月14日,三層,一層 二層 三層 電梯樓梯間
RPTOMLKLJIHFFCP58DA,,199.62,住家用,鋼筋混凝土造,101年8月14日,三層,一層 二層 三層 電梯樓梯間
RPXNMLLLJIHFFCP98DA,,199.16,住家用,鋼筋混凝土造,101年8月14日,三層,一層 二層 三層 騎樓 電梯樓梯間
RPWNMLLLJIHFFCP88DA,,199.62,住家用,鋼筋混凝土造,101年8月14日,三層,三層 電梯樓梯間 一層 二層
RPRNMLLMIIHFFDP38CA,,213.68,住家用,鋼筋混凝土造,101年7月26日,三層,三層 一層 二層
RPQNMLLJJIHFFBP87CA,23,125.40,住家用,加強磚造,78年9月20日,二層,二層 電梯樓梯間 一層
RPPNMLKMIIHFFBP97DA,17,60.11,住家用,鋼筋混凝土造,84年7月10日,十三層,
RPPNMLKMIIHFFBP97DA,17,34.60,共有部份,鋼筋混凝土造,84年7月10日,十三層,
RPRNMLQKJIHFFDP78CA,,217.24,住家用,鋼筋混凝土造,101年8月28日,三層,一層 二層 三層
RPPNMLLLJIHFFCP18DA,,194.32,住家用,鋼筋混凝土造,101年8月14日,三層,三層 電梯樓梯間 一層 二層
RPTNMLQKJIHFFDP98CA,,219.38,住家用,鋼筋混凝土造,101年8月28日,三層,一層 二層 三層
RPSOMLKMIIHFFAP28DA,15,93.51,住家用,鋼筋混凝土造,86年4月18日,七層,五層
RPSOMLKMIIHFFAP28DA,15,23.06,共有部份,鋼筋混凝土造,86年4月18日,七層,
RPPNMLMJJIHFFAP87DA,36,100.86,住家用,加強磚造,65年8月23日,二層,一層 二層 騎樓
RPWNMLMKJIHFFAP58CA,23,1029.64,工業用,見其他登記事項,78年9月5日,一層,一層 地下層
RPSNMLMJJIHFFDP38CA,,173.02,見其他登記事項,鋼筋混凝土造,101年7月24日,三層,一層 二層 三層 見其他登記事項
RPOOMLPJJIHFFAP08CA,1,491.87,見其他登記事項,鋼筋混凝土造,100年5月2日,一層,一層
RPXNMLNLJIHFFAP88CA,4,191.73,住家用,鋼筋混凝土造,97年4月30日,三層,一層 二層 三層 電梯樓梯間
RPQNMLLJJIHFFDP08CA,27,1472.37,見其他登記事項,鋼筋混凝土造,74年11月30日,一層,一層
RPPNMLKMIIHFFFP38DA,34,189.79,住商用,加強磚造,67年10月7日,二層,二層 騎樓 一層
RPSNMLPJJIHFFCP68DA,,161.28,住家用,鋼筋混凝土造,101年8月6日,三層,一層 二層 三層
RPUNMLPJJIHFFCP88DA,,154.90,住家用,鋼筋混凝土造,101年8月6日,三層,一層 二層 三層
RPWOMLKMIIHFFAP68DA,1,374.57,住家用,鋼筋混凝土造,101年1月20日,四層,一層 二層 三層 四層
RPVOMLKMIIHFFAP58DA,1,374.69,見其他登記事項,鋼筋混凝土造,101年1月20日,四層,一層 二層 三層 四層
RPVNMLLJJIHFFEP78DA,60,73.28,住商用,磚造,41年8月15日,二層,一層 二層 騎樓
RPQNMLQJJIHFFCP58DA,,161.28,住家用,鋼筋混凝土造,101年8月6日,三層,三層 一層 二層
RPSNMLRJJIHFFCP88DA,,161.28,住家用,鋼筋混凝土造,101年8月6日,三層,一層 二層 三層
RPRNMLKMIIHFFDP38DA,32,106.74,住家用,加強磚造,70年3月13日,二層,一層 二層 騎樓
RPPNMLMJJIHFFDP08CA,7,193.12,住家用,鋼筋混凝土造,94年10月13日,四層,一層 二層 三層 四層
RPPNMLLKJIHFFEP28DA,,170.89,見其他登記事項,鋼筋混凝土造,101年7月25日,三層,一層 二層 三層 見其他登記事項
RPRNMLLKJIHFFEP48DA,,175.00,見其他登記事項,鋼筋混凝土造,101年7月25日,三層,一層 二層 三層 見其他登記事項
RPSNMLLMIIHFFDP48CA,,219.92,住家用,鋼筋混凝土造,101年6月14日,四層,三層 四層 一層 二層
RPUNMLLKJIHFFEP78DA,,184.13,住家用,鋼筋混凝土造,101年7月25日,四層,一層 二層 三層 四層
RPQNMLLKJIHFFEP38DA,,184.96,見其他登記事項,鋼筋混凝土造,101年7月25日,三層,一層 二層 三層 見其他登記事項
RPTNMLLKJIHFFEP68DA,,171.56,見其他登記事項,鋼筋混凝土造,101年7月25日,三層,一層 二層 三層 見其他登記事項
RPSNMLLKJIHFFEP58DA,,173.13,見其他登記事項,鋼筋混凝土造,101年7月25日,三層,一層 二層 三層 見其他登記事項
RPVNMLMJJIHFFAP38CA,16,103.51,住家用,鋼筋混凝土造,86年2月11日,十三層,十二層
RPPNMLLJJIHFFAP77DA,15,82.12,住家用,鋼筋混凝土造,86年5月15日,十六層,十層
RPPNMLLJJIHFFAP77DA,15,30.48,住家用,鋼筋混凝土造,86年5月15日,十六層,九層
RPPNMLLJJIHFFAP77DA,15,16.05,共有部份,鋼筋混凝土造,86年5月15日,十六層,
RPQNMLLJJIHFFAP77CA,18,168.70,住家用,鋼筋混凝土造,83年6月28日,三層,三層 電梯樓梯間 一層 二層
RPQOMLLJJIHFFAP87CA,26,154.35,住家用,鋼筋混凝土造,75年9月8日,三層,一層 二層 三層 電梯樓梯間
RPVOMLMJJIHFFAP48CA,,159.17,住家用,鋼筋混凝土造,101年7月5日,三層,一層 二層 三層
RPWNMLLMIIHFFAP68DA,35,90.90,住家用,加強磚造,66年9月1日,二層,一層 二層
RPQNMLRJJIHFFFP88CA,13,175.19,住家用,鋼筋混凝土造,88年11月23日,三層,三層 電梯樓梯間 一層 二層
RPQNMLMJJIHFFEP28CA,41,226.01,住家用,加強磚造,61年1月20日,二層,一層 二層 騎樓
RPSNMLMJJIHFFFP58CA,3,140.53,見其他登記事項,見其他登記事項,98年5月8日,三層,一層 二層 三層
RPTNMLMJJIHFFFP68CA,24,159.32,住家用,加強磚造,78年3月5日,二層,一層 二層 騎樓
RPUNMLMJJIHFFAP38DA,32,104.83,住家用,加強磚造,69年9月1日,二層,
RPRNMLLJJIHFFAP97DA,6,213.96,見其他登記事項,鋼筋混凝土造,95年6月30日,四層,一層 二層 三層 四層 騎樓
RPPOMLMJJIHFFAP97DA,1,321.63,見其他登記事項,鋼筋混凝土造,101年4月5日,四層,一層 二層 三層 四層
RPOOMLSJJIHFFAP48DA,36,82.74,住家用,磚造,66年3月31日,二層,一層 二層
RPSNMLMJJIHFFAP18DA,1,194.70,住家用,鋼筋混凝土造,101年1月16日,三層,一層 二層 三層 電梯樓梯間
RPPOMLLJJIHFFAP77CA,,206.87,,,,,
RPRNMLMJJIHFFAP97CA,18,202.10,住家用,鋼筋混凝土造,83年5月29日,三層,一層 二層 三層 騎樓 電梯樓梯間
RPWNMLPJJIHFFAP78CA,35,100.62,住家用,加強磚造,67年1月24日,二層,一層 二層
RPQNMLPJJIHFFDP58DA,16,221.32,住家用,鋼筋混凝土造,85年11月8日,四層,一層 二層 三層 四層 地下層
RPPNMLMJJIHFFCP97CA,,211.86,住家用,鋼筋混凝土造,101年8月21日,三層,一層 二層 三層 騎樓 電梯樓梯間
RPPNMLTJJIHFFCP68CA,17,182.41,住家用,鋼筋混凝土造,84年12月20日,三層,一層 二層 三層 電梯樓梯間
RPPNMLMKJIHFFDP28DA,20,98.74,住家用,鋼筋混凝土造,81年6月1日,五層,四層
RPPNMLMKJIHFFDP28DA,20,19.36,共有部份,鋼筋混凝土造,81年6月1日,五層,
RPVNMLRJJIHFFDP56CA,,228.71,見其他登記事項,鋼筋混凝土造,101年7月26日,三層,一層 二層 三層 屋頂突出物 見其他登記事項
