﻿鄉鎮市區,交易標的,土地區段位置建物區段門牌,土地移轉總面積平方公尺,都市土地使用分區,非都市土地使用分區,非都市土地使用編定,交易年月日,交易筆棟數,移轉層次,總樓層數,建物型態,主要用途,主要建材,建築完成年月,建物移轉總面積平方公尺,建物現況格局-房,建物現況格局-廳,建物現況格局-衛,建物現況格局-隔間,有無管理組織,總價元,單價元平方公尺,車位類別,車位移轉總面積平方公尺,車位總價元,備註,編號
The villages and towns urban district,transaction sign,land sector position building sector house number plate,land shifting total area square meter,the use zoning or compiles and checks,the non-metropolis land use district,non-metropolis land use,transaction year month and day,transaction pen number,shifting level,total floor number,building state,main use,main building materials,construction to complete the years,building shifting total area,Building present situation pattern - room,building present situation pattern - hall,building present situation pattern - health,building present situation pattern - compartmented,Whether there is manages the organization,total price NTD,the unit price (NTD / square meter),the berth category,berth shifting total area square meter,the berth total price NTD,the note,serial number
龍井區,房地(土地+建物),龍目井段水裡社小段151~180地號,15.18,住,,,1010918,土地1建物1車位0,二層,7,華廈(10層含以下有電梯),住家用,鋼筋混凝土造,,37.75,1,1,1,有,無,1150000,30464,,0.0,0,,RPRNMLNJNHIFFCL38CB
龍井區,房地(土地+建物),龍目井段水裡社小段151~180地號,30.33,住,,,1010918,土地1建物1車位0,五層,7,華廈(10層含以下有電梯),住家用,鋼筋混凝土造,,75.54,2,2,1,有,無,2330000,30845,,0.0,0,,RPSNMLNJNHIFFCL48CB
龍井區,房地(土地+建物),龍目井段水裡社小段151~180地號,30.33,住,,,1010906,土地1建物1車位0,五層,7,華廈(10層含以下有電梯),住家用,鋼筋混凝土造,,75.54,2,2,1,有,無,2360000,31242,,0.0,0,,RPTNMLNJNHIFFCL58CB
龍井區,房地(土地+建物),龍目井段水裡社小段151~180地號,30.33,住,,,1010821,土地1建物1車位0,六層,7,華廈(10層含以下有電梯),住家用,鋼筋混凝土造,,75.54,2,2,1,有,無,2440000,32301,,0.0,0,,RPUNMLNJNHIFFCL68CB
龍井區,房地(土地+建物),龍目井段水裡社小段151~180地號,30.33,住,,,1010814,土地1建物1車位0,六層,7,華廈(10層含以下有電梯),住家用,鋼筋混凝土造,,75.54,2,2,1,有,無,2450000,32433,,0.0,0,,RPVNMLNJNHIFFCL78CB
龍井區,房地(土地+建物),龍目井段水裡社小段151~180地號,30.33,住,,,1010814,土地1建物1車位0,六層,7,華廈(10層含以下有電梯),住家用,鋼筋混凝土造,,75.54,2,2,1,有,無,2450000,32433,,0.0,0,,RPWNMLNJNHIFFCL88CB
龍井區,房地(土地+建物),龍目井段水裡社小段151~180地號,15.18,住,,,1010818,土地1建物1車位0,四層,7,華廈(10層含以下有電梯),住家用,鋼筋混凝土造,,37.75,1,1,1,有,無,1490000,39470,,0.0,0,,RPXNMLNJNHIFFCL98CB
龍井區,房地(土地+建物),龍目井段水裡社小段151~180地號,37.45,住,,,1010816,土地1建物1車位0,七層,7,華廈(10層含以下有電梯),住家用,鋼筋混凝土造,,94.94,2,2,1,有,無,3380000,35601,,0.0,0,,RPOOMLNJNHIFFCL18CB
龍井區,房地(土地+建物),龍目井段水裡社小段151~180地號,30.33,住,,,1010829,土地1建物1車位0,四層,7,華廈(10層含以下有電梯),住家用,鋼筋混凝土造,,75.54,2,2,1,有,無,2790000,36934,,0.0,0,,RPPOMLNJNHIFFCL28CB
龍井區,房地(土地+建物)+車位,龍目井段水裡社小段151~180地號,30.33,住,,,1010815,土地1建物1車位1,三層,7,華廈(10層含以下有電梯),住家用,鋼筋混凝土造,,96.19,2,2,1,有,無,3730000,39449,坡道平面,20.65,750000,,RPQOMLNJNHIFFCL38CB
龍井區,房地(土地+建物),龍目井段水裡社小段151~180地號,30.33,住,,,1010813,土地1建物1車位0,六層,7,華廈(10層含以下有電梯),住家用,鋼筋混凝土造,,75.54,2,2,1,有,無,2450000,32433,,0.0,0,,RPROMLNJNHIFFCL48CB
龍井區,房地(土地+建物),龍目井段水裡社小段151~180地號,30.33,住,,,1010813,土地1建物1車位0,六層,7,華廈(10層含以下有電梯),住家用,鋼筋混凝土造,,75.54,2,2,1,有,無,2900000,38390,,0.0,0,,RPSOMLNJNHIFFCL58CB
龍井區,房地(土地+建物),龍目井段水裡社小段151~180地號,30.33,住,,,1011104,土地1建物1車位0,三層,7,華廈(10層含以下有電梯),住家用,鋼筋混凝土造,,75.54,2,2,1,有,無,2800000,37066,,0.0,0,,RPTOMLNJNHIFFCL68CB
龍井區,房地(土地+建物),龍目井段水裡社小段151~180地號,30.33,住,,,1011205,土地1建物1車位0,五層,7,華廈(10層含以下有電梯),住家用,鋼筋混凝土造,,75.54,2,2,1,有,無,2450000,32433,,0.0,0,,RPUOMLNJNHIFFCL78CB
龍井區,房地(土地+建物),龍目井段水裡社小段151~180地號,30.33,住,,,1011207,土地1建物1車位0,二層,7,華廈(10層含以下有電梯),住家用,鋼筋混凝土造,,75.5,1,1,1,有,無,2360000,31258,,0.0,0,,RPVOMLNJNHIFFCL88CB
龍井區,房地(土地+建物),龍目井段水裡社小段151~180地號,37.45,住,,,1011205,土地1建物1車位0,七層,7,華廈(10層含以下有電梯),住家用,鋼筋混凝土造,,94.94,2,2,1,有,無,2890000,30440,,0.0,0,,RPWOMLNJNHIFFCL98CB
龍井區,房地(土地+建物),龍目井段水裡社小段151~180地號,15.18,住,,,1011219,土地1建物1車位0,四層,7,華廈(10層含以下有電梯),住家用,鋼筋混凝土造,,37.75,1,1,1,有,無,1350000,35762,,0.0,0,,RPXOMLNJNHIFFCL09CB
龍井區,房地(土地+建物),龍目井段水裡社小段151~180地號,30.33,住,,,1011030,土地1建物1車位0,五層,7,華廈(10層含以下有電梯),住家用,鋼筋混凝土造,,75.54,2,2,1,有,無,3000000,39714,,0.0,0,,RPOPMLNJNHIFFCL28CB
龍井區,房地(土地+建物),龍目井段水裡社小段151~180地號,30.33,住,,,1011204,土地1建物1車位0,四層,7,華廈(10層含以下有電梯),住家用,鋼筋混凝土造,,75.54,2,2,1,有,無,2800000,37066,,0.0,0,,RPPPMLNJNHIFFCL38CB
龍井區,房地(土地+建物),龍目井段水裡社小段151~180地號,89.89,住,,,1020408,土地1建物1車位0,五層,7,店面(店鋪),商業用,鋼筋混凝土造,,578.26,5,3,6,有,無,9800000,16947,,0.0,0,,RPQPMLNJNHIFFCL48CB
龍井區,房地(土地+建物),龍目井段水裡社小段151~180地號,30.33,住,,,1011127,土地1建物1車位0,四層,7,華廈(10層含以下有電梯),住家用,鋼筋混凝土造,,75.54,2,2,1,有,無,3100000,41038,,0.0,0,,RPRPMLNJNHIFFCL58CB
龍井區,房地(土地+建物),龍目井段水裡社小段151~180地號,30.33,住,,,1011204,土地1建物1車位0,二層,7,華廈(10層含以下有電梯),住家用,鋼筋混凝土造,,75.5,2,2,1,有,無,2820000,37351,,0.0,0,,RPSPMLNJNHIFFCL68CB
龍井區,房地(土地+建物),龍目井段水裡社小段151~180地號,30.33,住,,,1010915,土地1建物1車位0,四層,7,華廈(10層含以下有電梯),住家用,鋼筋混凝土造,,75.54,2,2,1,有,無,3180000,42097,,0.0,0,,RPTPMLNJNHIFFCL78CB
龍井區,房地(土地+建物),龍目井段水裡社小段151~180地號,30.33,住,,,1011208,土地1建物1車位0,二層,7,華廈(10層含以下有電梯),住家用,鋼筋混凝土造,,75.5,2,2,1,有,無,2820000,37351,,0.0,0,,RPUPMLNJNHIFFCL88CB
龍井區,房地(土地+建物),龍目井段水裡社小段151~180地號,89.89,住,,,1010924,土地1建物1車位0,一層,7,華廈(10層含以下有電梯),住家用,鋼筋混凝土造,,278.12,0,0,0,無,無,8880000,31929,,0.0,0,,RPVPMLNJNHIFFCL98CB
龍井區,房地(土地+建物),龍目井段水裡社小段151~180地號,30.33,住,,,1011204,土地1建物1車位0,三層,7,華廈(10層含以下有電梯),住家用,鋼筋混凝土造,,75.54,2,2,1,有,無,2790000,36934,,0.0,0,,RPWPMLNJNHIFFCL09CB
龍井區,房地(土地+建物),龍目井段水裡社小段151~180地號,91.97,住,,,1020408,土地1建物1車位0,五層,7,店面(店鋪),商業用,鋼筋混凝土造,,580.7,5,3,6,有,無,8630000,14861,,0.0,0,,RPOQMLNJNHIFFCL38CB
龍井區,房地(土地+建物),龍目井段水裡社小段151~180地號,30.33,住,,,1011106,土地1建物1車位0,二層,7,華廈(10層含以下有電梯),住家用,鋼筋混凝土造,,75.5,2,2,1,有,無,3000000,39735,,0.0,0,,RPPQMLNJNHIFFCL48CB
龍井區,房地(土地+建物),龍目井段水裡社小段151~180地號,30.33,住,,,1011106,土地1建物1車位0,二層,7,華廈(10層含以下有電梯),住家用,鋼筋混凝土造,,75.5,2,2,1,有,無,3000000,39735,,0.0,0,,RPQQMLNJNHIFFCL58CB
龍井區,房地(土地+建物),龍目井段水裡社小段151~180地號,96.18,住,,,1020408,土地1建物1車位0,一層,7,華廈(10層含以下有電梯),住家用,鋼筋混凝土造,,296.66,0,0,0,無,無,10880000,36675,,0.0,0,,RPRQMLNJNHIFFCL68CB
龍井區,房地(土地+建物),龍目井段水裡社小段151~180地號,30.33,住,,,1010913,土地1建物1車位0,三層,7,華廈(10層含以下有電梯),住家用,鋼筋混凝土造,,75.54,2,2,1,有,無,2710000,35875,,0.0,0,,RPSQMLNJNHIFFCL78CB
龍井區,房地(土地+建物),龍目井段水裡社小段151~180地號,15.18,住,,,1010910,土地1建物1車位0,二層,7,華廈(10層含以下有電梯),住家用,鋼筋混凝土造,,37.75,1,1,1,有,無,1220000,32318,,0.0,0,,RPTQMLNJNHIFFCL88CB
龍井區,房地(土地+建物),龍目井段水裡社小段151~180地號,30.33,住,,,1010821,土地1建物1車位0,五層,7,華廈(10層含以下有電梯),住家用,鋼筋混凝土造,,75.54,2,2,1,有,無,2330000,30845,,0.0,0,,RPUQMLNJNHIFFCL98CB
龍井區,房地(土地+建物)+車位,龍目井段水裡社小段151~180地號,30.33,住,,,1010808,土地1建物1車位1,三層,7,華廈(10層含以下有電梯),住家用,鋼筋混凝土造,,96.19,2,2,1,有,無,3310000,37861,坡道平面,20.65,450000,,RPWQMLNJNHIFFCL56CB
龍井區,房地(土地+建物),龍目井段水裡社小段151~180地號,30.33,住,,,1010804,土地1建物1車位0,二層,7,華廈(10層含以下有電梯),住家用,鋼筋混凝土造,,75.5,2,2,1,有,無,2300000,30464,,0.0,0,,RPXQMLNJNHIFFCL66CB
龍井區,房地(土地+建物),龍目井段水裡社小段151~180地號,30.33,住,,,1010808,土地1建物1車位0,三層,7,華廈(10層含以下有電梯),住家用,鋼筋混凝土造,,75.54,2,2,1,有,無,2900000,38390,,0.0,0,,RPORMLNJNHIFFCL48CB
烏日區,房地(土地+建物),溪南東段721~750地號,144.01,,鄉村區,乙種建築用地,1020617,土地3建物1車位0,全,3,透天厝,住家用,鋼筋混凝土造,,185.65,4,3,3,有,無,9100000,49017,,0.0,0,,RPQOMLOKOHIFFGL09CB
烏日區,房地(土地+建物),溪南東段721~750地號,139.0,,鄉村區,乙種建築用地,1020519,土地3建物1車位0,全,4,透天厝,住家用,鋼筋混凝土造,,220.52,5,2,3,有,無,11800000,53510,,0.0,0,,RPPPMLOKOHIFFGL09CB
烏日區,房地(土地+建物),溪南東段721~750地號,129.0,,鄉村區,乙種建築用地,1020615,土地3建物1車位0,全,3,透天厝,住家用,鋼筋混凝土造,,185.65,4,3,3,有,無,9100000,49017,,0.0,0,,RPRPMLOKOHIFFGL66CB
太平區,房地(土地+建物),新興段31~60地號,115.54,住,,,1010127,土地4建物1車位0,全,5,透天厝,住家用,鋼筋混凝土造,,273.38,5,2,4,有,無,13500000,49382,,0.0,0,,RPSNMLTKPHIFFHL27CB
太平區,房地(土地+建物),育賢段31~60地號,98.59,住,,,1020207,土地2建物1車位0,全,5,透天厝,住家用,鋼筋混凝土造,,261.82,4,2,4,有,無,17100000,65312,,0.0,0,,RPTNMLTKPHIFFHL37CB
太平區,房地(土地+建物),新興段31~60地號,114.39,住,,,1010417,土地2建物1車位0,全,5,透天厝,住家用,鋼筋混凝土造,,270.56,5,2,4,有,無,14000000,51745,,0.0,0,,RPSNMLPLPHIFFHL96CB
太平區,房地(土地+建物),新興段31~60地號,99.87,住,,,1010924,土地2建物1車位0,全,5,透天厝,住家用,鋼筋混凝土造,,247.68,5,2,3,有,無,13680000,55233,,0.0,0,,RPTNMLPLPHIFFHL07CB
太平區,房地(土地+建物),新興段31~60地號,90.59,住,,,1010907,土地2建物1車位0,全,5,透天厝,住家用,鋼筋混凝土造,,246.72,5,2,3,有,無,13500000,54718,,0.0,0,,RPUNMLPLPHIFFHL17CB
太平區,房地(土地+建物),新興段31~60地號,90.59,住,,,1010910,土地2建物1車位0,全,5,透天厝,住家用,鋼筋混凝土造,,246.72,5,2,3,有,無,13360000,54150,,0.0,0,,RPVNMLPLPHIFFHL27CB
太平區,房地(土地+建物),新興段31~60地號,108.69,住,,,1010327,土地2建物1車位0,全,5,透天厝,住家用,鋼筋混凝土造,,300.09,5,2,3,有,無,14580000,48585,,0.0,0,,RPQOMLPLPHIFFHL86CB
太平區,房地(土地+建物),新興段31~60地號,87.24,住,,,1010509,土地2建物1車位0,全,5,透天厝,住家用,鋼筋混凝土造,,221.45,4,2,3,有,無,10350000,46737,,0.0,0,,RPSOMLPLPHIFFHL07CB
太平區,房地(土地+建物),新興段31~60地號,85.24,住,,,1010329,土地2建物1車位0,全,5,透天厝,住家用,鋼筋混凝土造,,213.2,4,2,3,有,無,10660000,50000,,0.0,0,,RPTOMLPLPHIFFHL17CB
太平區,房地(土地+建物),新興段31~60地號,85.24,住,,,1010429,土地2建物1車位0,全,5,透天厝,住家用,鋼筋混凝土造,,213.2,4,2,3,有,無,10680000,50094,,0.0,0,,RPUOMLPLPHIFFHL27CB
太平區,房地(土地+建物),新興段31~60地號,85.24,住,,,1010524,土地2建物1車位0,全,5,透天厝,住家用,鋼筋混凝土造,,213.2,4,2,3,有,無,10500000,49250,,0.0,0,,RPVOMLPLPHIFFHL37CB
太平區,房地(土地+建物),新興段31~60地號,85.24,住,,,1010307,土地2建物1車位0,全,5,透天厝,住家用,鋼筋混凝土造,,213.2,4,2,3,有,無,10200000,47842,,0.0,0,,RPQNMLTLPHIFFHL17CB
太平區,房地(土地+建物),新興段31~60地號,94.0,住,,,1010524,土地2建物1車位0,全,5,透天厝,住家用,鋼筋混凝土造,,217.63,4,2,3,有,無,10500000,48247,,0.0,0,,RPRNMLTLPHIFFHL27CB
太平區,房地(土地+建物),新興段31~60地號,87.65,住,,,1011130,土地3建物1車位0,全,5,透天厝,住家用,鋼筋混凝土造,,216.91,4,2,3,有,無,12800000,59011,,0.0,0,,RPTNMLTLPHIFFHL47CB
太平區,房地(土地+建物),新興段31~60地號,90.25,住,,,1010426,土地2建物1車位0,全,5,透天厝,住家用,鋼筋混凝土造,,213.2,4,2,3,有,無,11800000,55347,,0.0,0,,RPUNMLTLPHIFFHL57CB
太平區,房地(土地+建物),新興段31~60地號,93.6,住,,,1010608,土地2建物1車位0,全,5,透天厝,住家用,鋼筋混凝土造,,213.2,4,2,3,有,無,12180000,57129,,0.0,0,,RPVNMLTLPHIFFHL67CB
太平區,房地(土地+建物),新興段31~60地號,96.95,住,,,1011102,土地2建物1車位0,全,5,透天厝,住家用,鋼筋混凝土造,,213.2,4,2,3,有,無,12620000,59193,,0.0,0,,RPWNMLTLPHIFFHL77CB
太平區,房地(土地+建物),新興段31~60地號,99.98,住,,,1011021,土地2建物1車位0,全,5,透天厝,住家用,鋼筋混凝土造,,213.2,4,2,3,有,無,12560000,58912,,0.0,0,,RPOOMLTLPHIFFHL07CB
太平區,房地(土地+建物),新興段31~60地號,97.01,住,,,1011112,土地2建物1車位0,全,5,透天厝,住家用,鋼筋混凝土造,,213.2,4,2,3,有,無,12550000,58865,,0.0,0,,RPPOMLTLPHIFFHL17CB
太平區,房地(土地+建物),新興段31~60地號,92.16,住,,,1010928,土地2建物1車位0,全,5,透天厝,住家用,鋼筋混凝土造,,213.2,4,2,3,有,無,12400000,58161,,0.0,0,,RPROMLTLPHIFFHL37CB
太平區,房地(土地+建物),新興段31~60地號,104.05,住,,,1011106,土地2建物1車位0,全,5,透天厝,住家用,鋼筋混凝土造,,216.3,4,2,3,有,無,12200000,56403,,0.0,0,,RPSOMLTLPHIFFHL47CB
太平區,房地(土地+建物),新興段31~60地號,85.24,住,,,1010502,土地2建物1車位0,全,5,透天厝,住家用,鋼筋混凝土造,,227.89,5,2,3,有,無,10350000,45417,,0.0,0,,RPUOMLTLPHIFFHL67CB
太平區,房地(土地+建物),新興段31~60地號,85.24,住,,,1010219,土地2建物1車位0,全,5,透天厝,住家用,鋼筋混凝土造,,213.2,4,2,3,有,無,11000000,51595,,0.0,0,,RPVOMLTLPHIFFHL77CB
太平區,房地(土地+建物),新興段31~60地號,85.24,住,,,1010305,土地2建物1車位0,全,5,透天厝,住家用,鋼筋混凝土造,,213.2,4,2,3,有,無,10500000,49250,,0.0,0,,RPWOMLTLPHIFFHL87CB
太平區,房地(土地+建物),新興段31~60地號,85.24,住,,,1010227,土地2建物1車位0,全,5,透天厝,住家用,鋼筋混凝土造,,213.2,4,2,3,有,無,10680000,50094,,0.0,0,,RPXOMLTLPHIFFHL97CB
太平區,房地(土地+建物),新興段31~60地號,85.24,住,,,1010308,土地2建物1車位0,全,5,透天厝,住家用,鋼筋混凝土造,,213.2,4,2,3,有,無,10420000,48874,,0.0,0,,RPOPMLTLPHIFFHL17CB
太平區,房地(土地+建物),新興段31~60地號,92.03,住,,,1010309,土地2建物1車位0,全,5,透天厝,住家用,鋼筋混凝土造,,216.3,4,2,3,有,無,10560000,48821,,0.0,0,,RPPPMLTLPHIFFHL27CB
太平區,房地(土地+建物),新興段31~60地號,105.31,住,,,1010309,土地3建物1車位0,全,5,透天厝,住家用,鋼筋混凝土造,,289.66,5,2,3,有,無,14280000,49299,,0.0,0,,RPQPMLTLPHIFFHL37CB
太平區,房地(土地+建物),新興段31~60地號,101.74,住,,,1010507,土地2建物1車位0,全,5,透天厝,住家用,鋼筋混凝土造,,252.1,5,2,3,有,無,12800000,50774,,0.0,0,,RPRPMLTLPHIFFHL47CB
太平區,房地(土地+建物),新興段31~60地號,101.74,住,,,1010305,土地2建物1車位0,全,5,透天厝,住家用,鋼筋混凝土造,,252.1,5,2,3,有,無,13780000,54661,,0.0,0,,RPSPMLTLPHIFFHL57CB
太平區,房地(土地+建物),新興段31~60地號,101.74,住,,,1010409,土地2建物1車位0,全,5,透天厝,住家用,鋼筋混凝土造,,252.1,5,2,3,有,無,14000000,55534,,0.0,0,,RPTPMLTLPHIFFHL67CB
太平區,房地(土地+建物),新興段31~60地號,101.74,住,,,1010304,土地2建物1車位0,全,5,透天厝,住家用,鋼筋混凝土造,,252.1,5,2,3,有,無,13500000,53550,,0.0,0,,RPVPMLTLPHIFFHL87CB
太平區,房地(土地+建物),新興段31~60地號,101.74,住,,,1010304,土地2建物1車位0,全,5,透天厝,住家用,鋼筋混凝土造,,252.1,5,2,3,有,無,13500000,53550,,0.0,0,,RPWPMLTLPHIFFHL97CB
太平區,房地(土地+建物),新興段31~60地號,101.74,住,,,1010331,土地2建物1車位0,全,5,透天厝,住家用,鋼筋混凝土造,,252.11,5,2,3,有,無,13900000,55135,,0.0,0,,RPOQMLTLPHIFFHL27CB
太平區,房地(土地+建物),新興段31~60地號,105.1,住,,,1010209,土地2建物1車位0,全,5,透天厝,住家用,鋼筋混凝土造,,281.41,5,2,3,有,無,13760000,48897,,0.0,0,,RPPQMLTLPHIFFHL37CB
太平區,房地(土地+建物)+車位,育賢段31~60地號,83.68,住,,,1011102,土地2建物1車位1,全,5,透天厝,住家用,鋼筋混凝土造,,244.15,4,2,4,有,無,16680000,68319,一樓平面,0.0,0,,RPQQMLTLPHIFFHL47CB
太平區,房地(土地+建物)+車位,育賢段31~60地號,84.44,住,,,1011019,土地3建物1車位1,全,5,透天厝,住家用,鋼筋混凝土造,,244.9,4,2,4,有,無,16800000,68599,一樓平面,0.0,0,,RPRQMLTLPHIFFHL57CB
太平區,房地(土地+建物)+車位,育賢段31~60地號,85.2,住,,,1011027,土地3建物1車位1,全,5,透天厝,住家用,鋼筋混凝土造,,253.12,4,2,4,有,無,16800000,66372,一樓平面,0.0,0,,RPSQMLTLPHIFFHL67CB
太平區,房地(土地+建物)+車位,育賢段31~60地號,94.22,住,,,1011125,土地3建物1車位1,全,5,透天厝,住家用,鋼筋混凝土造,,293.31,4,2,4,有,無,17280000,58914,一樓平面,0.0,0,,RPTQMLTLPHIFFHL77CB
太平區,房地(土地+建物)+車位,育賢段31~60地號,91.94,住,,,1010713,土地3建物1車位1,全,5,透天厝,住家用,鋼筋混凝土造,,274.14,4,2,4,有,無,17000000,62012,一樓平面,0.0,0,,RPUQMLTLPHIFFHL87CB
太平區,房地(土地+建物)+車位,育賢段31~60地號,92.76,住,,,1020121,土地2建物1車位1,全,5,透天厝,住家用,鋼筋混凝土造,,274.96,4,2,4,有,無,16800000,61100,一樓平面,0.0,0,,RPVQMLTLPHIFFHL97CB
太平區,房地(土地+建物)+車位,育賢段31~60地號,95.17,住,,,1020107,土地2建物1車位1,全,5,透天厝,住家用,鋼筋混凝土造,,283.44,4,2,4,有,無,17000000,59977,一樓平面,0.0,0,,RPXQMLTLPHIFFHL18CB
太平區,房地(土地+建物)+車位,育賢段31~60地號,93.52,住,,,1010731,土地2建物1車位1,全,4,透天厝,住家用,鋼筋混凝土造,,272.39,3,2,3,有,無,12700000,46624,坡道平面,0.0,0,,RPORMLTLPHIFFHL37CB
太平區,房地(土地+建物)+車位,育賢段31~60地號,93.67,住,,,1010704,土地2建物1車位1,全,4,透天厝,住家用,鋼筋混凝土造,,260.96,3,2,3,有,無,12700000,48666,坡道平面,0.0,0,,RPPRMLTLPHIFFHL47CB
太平區,房地(土地+建物)+車位,育賢段31~60地號,96.69,住,,,1010504,土地2建物1車位1,全,4,透天厝,住家用,鋼筋混凝土造,,260.96,3,2,3,有,無,14480000,55487,坡道平面,0.0,0,,RPQRMLTLPHIFFHL57CB
太平區,房地(土地+建物)+車位,育賢段31~60地號,99.72,住,,,1010427,土地2建物1車位1,全,0,透天厝,住家用,鋼筋混凝土造,,260.96,3,2,3,有,無,14500000,55564,坡道平面,0.0,0,,RPRRMLTLPHIFFHL67CB
太平區,房地(土地+建物)+車位,育賢段31~60地號,102.74,住,,,1010627,土地2建物1車位1,全,4,透天厝,住家用,鋼筋混凝土造,,317.58,4,2,3,有,無,17500000,55104,坡道平面,0.0,0,,RPSRMLTLPHIFFHL77CB
西屯區,房地(土地+建物)+車位,福德段271~300地號,23.15,住,,,1020102,土地1建物1車位1,二層,12,住宅大樓(11層含以上有電梯),住家用,鋼筋混凝土造,,166.39,3,2,2,有,無,9100000,60213,坡道平面,39.34,1450000,,RPQQMLTLPHIFFCB58CB
西屯區,房地(土地+建物)+車位,福德段271~300地號,23.31,住,,,1011008,土地1建物1車位2,二層,12,住宅大樓(11層含以上有電梯),住家用,鋼筋混凝土造,,203.61,3,2,2,有,無,10730000,62052,坡道平面,76.62,2850000,,RPUQMLTLPHIFFCB98CB
西屯區,房地(土地+建物)+車位,福德段271~300地號,22.99,住,,,1011004,土地1建物1車位1,三層,12,住宅大樓(11層含以上有電梯),住家用,鋼筋混凝土造,,166.33,3,2,2,有,無,9380000,62840,坡道平面,39.34,1400000,,RPXQMLTLPHIFFCB66CB
西屯區,房地(土地+建物)+車位,福德段271~300地號,22.99,住,,,1011022,土地1建物1車位1,四層,12,住宅大樓(11層含以上有電梯),住家用,鋼筋混凝土造,,164.27,3,2,2,有,無,9200000,61422,坡道平面,37.28,1400000,,RPORMLTLPHIFFCB48CB
西屯區,房地(土地+建物)+車位,福德段271~300地號,22.99,住,,,1011015,土地1建物1車位1,五層,12,住宅大樓(11層含以上有電梯),住家用,鋼筋混凝土造,,166.33,3,2,2,有,無,9580000,64415,坡道平面,39.34,1400000,,RPQRMLTLPHIFFCB68CB
西屯區,房地(土地+建物)+車位,福德段271~300地號,22.99,住,,,1011015,土地1建物1車位1,六層,12,住宅大樓(11層含以上有電梯),住家用,鋼筋混凝土造,,166.33,3,2,2,有,無,10470000,71029,坡道平面,39.34,1450000,,RPSRMLTLPHIFFCB88CB
西屯區,房地(土地+建物)+車位,福德段271~300地號,22.99,住,,,1011016,土地1建物1車位1,七層,12,住宅大樓(11層含以上有電梯),住家用,鋼筋混凝土造,,166.33,3,2,2,有,無,10300000,69691,坡道平面,39.34,1450000,,RPTRMLTLPHIFFCB98CB
西屯區,房地(土地+建物)+車位,福德段271~300地號,22.99,住,,,1011011,土地1建物1車位1,八層,12,住宅大樓(11層含以上有電梯),住家用,鋼筋混凝土造,,166.33,3,2,2,有,無,9600000,64178,坡道平面,39.34,1450000,,RPURMLTLPHIFFCB09CB
西屯區,房地(土地+建物)+車位,福德段271~300地號,22.99,住,,,1010910,土地1建物1車位1,九層,12,住宅大樓(11層含以上有電梯),住家用,鋼筋混凝土造,,166.39,3,2,2,有,無,9640000,64463,坡道平面,39.34,1450000,,RPWRMLTLPHIFFCB66CB
西屯區,房地(土地+建物)+車位,福德段271~300地號,22.99,住,,,1011119,土地1建物1車位1,十層,12,住宅大樓(11層含以上有電梯),住家用,鋼筋混凝土造,,166.39,3,2,2,有,無,10400000,70445,坡道平面,39.34,1450000,,RPOSMLTLPHIFFCB58CB
西屯區,房地(土地+建物)+車位,福德段271~300地號,23.31,住,,,1011002,土地1建物1車位2,十一層,12,住宅大樓(11層含以上有電梯),住家用,鋼筋混凝土造,,201.61,3,2,2,有,無,10680000,62810,坡道平面,74.56,2700000,,RPPSMLTLPHIFFCB68CB
西屯區,房地(土地+建物)+車位,福德段271~300地號,23.15,住,,,1020102,土地1建物1車位1,二層,12,住宅大樓(11層含以上有電梯),住家用,鋼筋混凝土造,,166.39,3,2,2,有,無,9100000,60213,坡道平面,39.34,1450000,,RPQSMLTLPHIFFCB78CB
西屯區,房地(土地+建物)+車位,福德段271~300地號,23.15,住,,,1011210,土地1建物1車位1,三層,12,住宅大樓(11層含以上有電梯),住家用,鋼筋混凝土造,,166.39,3,2,2,有,無,9220000,60763,坡道平面,39.34,1500000,,RPRSMLTLPHIFFCB88CB
西屯區,房地(土地+建物)+車位,福德段271~300地號,23.15,住,,,1011015,土地1建物1車位1,四層,12,住宅大樓(11層含以上有電梯),住家用,鋼筋混凝土造,,166.39,3,2,2,有,無,9180000,61236,坡道平面,39.34,1400000,,RPSSMLTLPHIFFCB98CB
西屯區,房地(土地+建物)+車位,福德段271~300地號,23.15,住,,,1010924,土地1建物1車位1,五層,12,住宅大樓(11層含以上有電梯),住家用,鋼筋混凝土造,,166.39,3,2,2,有,無,9680000,65171,坡道平面,39.34,1400000,,RPPOMLKMPHIFFCB47CB
西屯區,房地(土地+建物)+車位,福德段271~300地號,22.99,住,,,1010924,土地1建物1車位1,六層,12,住宅大樓(11層含以上有電梯),住家用,鋼筋混凝土造,,166.39,3,2,2,有,無,10030000,67926,坡道平面,39.34,1400000,,RPQOMLKMPHIFFCB57CB
西屯區,房地(土地+建物)+車位,福德段271~300地號,23.15,住,,,1011123,土地1建物1車位1,七層,12,住宅大樓(11層含以上有電梯),住家用,鋼筋混凝土造,,164.33,3,2,2,有,無,10080000,68320,坡道平面,37.28,1400000,,RPROMLKMPHIFFCB67CB
西屯區,房地(土地+建物)+車位,福德段271~300地號,23.15,住,,,1020128,土地1建物1車位1,八層,12,住宅大樓(11層含以上有電梯),住家用,鋼筋混凝土造,,166.39,3,2,2,有,無,10350000,70445,坡道平面,39.34,1400000,,RPTOMLKMPHIFFCB87CB
西屯區,房地(土地+建物)+車位,福德段271~300地號,23.15,住,,,1011126,土地1建物1車位1,九層,12,住宅大樓(11層含以上有電梯),住家用,鋼筋混凝土造,,166.39,3,2,2,有,無,10360000,70130,坡道平面,39.34,1450000,,RPUOMLKMPHIFFCB97CB
西屯區,房地(土地+建物)+車位,福德段271~300地號,23.15,住,,,1010924,土地1建物1車位1,十層,12,住宅大樓(11層含以上有電梯),住家用,鋼筋混凝土造,,166.39,3,2,2,有,無,10140000,68005,坡道平面,39.34,1500000,,RPVOMLKMPHIFFCB08CB
西屯區,房地(土地+建物)+車位,福德段271~300地號,23.48,住,,,1010927,土地1建物1車位2,十一層,12,住宅大樓(11層含以上有電梯),住家用,鋼筋混凝土造,,201.61,3,2,2,有,無,10680000,62810,坡道平面,74.56,2700000,,RPWOMLKMPHIFFCB18CB
西屯區,房地(土地+建物)+車位,福德段271~300地號,16.75,住,,,1010924,土地1建物1車位1,三層,12,住宅大樓(11層含以上有電梯),住家用,鋼筋混凝土造,,133.75,2,1,2,有,無,7300000,62493,坡道平面,39.34,1400000,,RPRPMLKMPHIFFCB77CB
西屯區,房地(土地+建物)+車位,福德段271~300地號,16.75,住,,,1010924,土地1建物1車位1,四層,12,住宅大樓(11層含以上有電梯),住家用,鋼筋混凝土造,,133.75,2,1,2,有,無,7200000,61434,坡道平面,39.34,1400000,,RPSPMLKMPHIFFCB87CB
西屯區,房地(土地+建物)+車位,福德段271~300地號,16.75,住,,,1011002,土地1建物1車位1,五層,12,住宅大樓(11層含以上有電梯),住家用,鋼筋混凝土造,,133.75,2,1,2,有,無,7350000,62493,坡道平面,39.34,1450000,,RPVPMLKMPHIFFCB18CB
西屯區,房地(土地+建物)+車位,福德段271~300地號,16.75,住,,,1011004,土地1建物1車位1,六層,12,住宅大樓(11層含以上有電梯),住家用,鋼筋混凝土造,,133.75,2,1,2,有,無,7660000,65777,坡道平面,39.34,1450000,,RPWPMLKMPHIFFCB28CB
西屯區,房地(土地+建物)+車位,福德段271~300地號,16.75,住,,,1011112,土地1建物1車位1,七層,12,住宅大樓(11層含以上有電梯),住家用,鋼筋混凝土造,,133.8,2,1,2,有,無,7800000,66695,坡道平面,39.34,1500000,,RPXPMLKMPHIFFCB38CB
西屯區,房地(土地+建物)+車位,福德段271~300地號,16.75,住,,,1020102,土地1建物1車位1,八層,12,住宅大樓(11層含以上有電梯),住家用,鋼筋混凝土造,,133.8,2,1,2,有,無,8100000,70400,坡道平面,39.34,1450000,,RPOQMLKMPHIFFCB57CB
西屯區,房地(土地+建物)+車位,福德段271~300地號,16.75,住,,,1020114,土地1建物1車位1,九層,12,住宅大樓(11層含以上有電梯),住家用,鋼筋混凝土造,,133.8,2,1,2,有,無,8000000,68812,坡道平面,39.34,1500000,,RPPQMLKMPHIFFCB67CB
西屯區,房地(土地+建物)+車位,福德段271~300地號,16.75,住,,,1011119,土地1建物1車位1,十層,12,住宅大樓(11層含以上有電梯),住家用,鋼筋混凝土造,,131.74,2,1,2,有,無,7880000,69130,坡道平面,37.28,1350000,,RPRQMLKMPHIFFCB87CB
西屯區,房地(土地+建物)+車位,福德段271~300地號,16.75,住,,,1011004,土地1建物1車位1,二層,12,住宅大樓(11層含以上有電梯),住家用,鋼筋混凝土造,,131.69,2,1,2,有,無,7080000,60693,坡道平面,37.28,1350000,,RPSQMLKMPHIFFCB97CB
西屯區,房地(土地+建物)+車位,福德段271~300地號,16.75,住,,,1010927,土地1建物1車位1,三層,12,住宅大樓(11層含以上有電梯),住家用,鋼筋混凝土造,,131.69,2,1,2,有,無,7400000,63023,坡道平面,37.28,1450000,,RPTQMLKMPHIFFCB08CB
西屯區,房地(土地+建物)+車位,福德段271~300地號,16.75,住,,,1011001,土地1建物1車位1,四層,12,住宅大樓(11層含以上有電梯),住家用,鋼筋混凝土造,,133.75,2,1,2,有,無,7200000,61434,坡道平面,39.34,1400000,,RPUQMLKMPHIFFCB18CB
西屯區,房地(土地+建物)+車位,福德段271~300地號,16.75,住,,,1010907,土地1建物1車位1,五層,12,住宅大樓(11層含以上有電梯),住家用,鋼筋混凝土造,,133.75,2,1,2,有,無,7700000,66201,坡道平面,39.34,1450000,,RPVQMLKMPHIFFCB28CB
西屯區,房地(土地+建物)+車位,福德段271~300地號,16.75,住,,,1010102,土地1建物1車位1,二層,12,住宅大樓(11層含以上有電梯),住家用,鋼筋混凝土造,,133.75,2,1,2,有,無,7300000,61964,坡道平面,39.34,1450000,,RPWQMLKMPHIFFCB38CB
西屯區,房地(土地+建物)+車位,福德段271~300地號,16.75,住,,,1011115,土地1建物1車位1,六層,12,住宅大樓(11層含以上有電梯),住家用,鋼筋混凝土造,,133.75,2,1,2,有,無,7430000,62811,坡道平面,39.34,1500000,,RPQTMLKMPHIFFCB08CB
西屯區,房地(土地+建物)+車位,福德段271~300地號,16.75,住,,,1011112,土地1建物1車位1,七層,12,住宅大樓(11層含以上有電梯),住家用,鋼筋混凝土造,,131.74,2,1,2,有,無,7680000,67012,坡道平面,37.28,1350000,,RPRTMLKMPHIFFCB18CB
西屯區,房地(土地+建物)+車位,福德段271~300地號,16.75,住,,,1020130,土地1建物1車位1,八層,12,住宅大樓(11層含以上有電梯),住家用,鋼筋混凝土造,,133.8,2,1,2,有,無,7900000,68283,坡道平面,39.34,1450000,,RPSTMLKMPHIFFCB28CB
西屯區,房地(土地+建物)+車位,福德段271~300地號,16.75,住,,,1020204,土地1建物1車位1,九層,12,住宅大樓(11層含以上有電梯),住家用,鋼筋混凝土造,,133.8,2,1,2,有,無,7980000,69659,坡道平面,39.34,1400000,,RPUTMLKMPHIFFCB48CB
西屯區,房地(土地+建物)+車位,福德段271~300地號,16.75,住,,,1011119,土地1建物1車位1,十層,12,住宅大樓(11層含以上有電梯),住家用,鋼筋混凝土造,,133.8,2,1,2,有,無,7930000,69130,坡道平面,39.34,1400000,,RPVTMLKMPHIFFCB58CB
西屯區,房地(土地+建物)+車位,福德段271~300地號,16.91,住,,,1010917,土地1建物1車位1,十一層,12,住宅大樓(11層含以上有電梯),住家用,鋼筋混凝土造,,132.32,2,1,2,有,無,7810000,67864,坡道平面,39.34,1500000,,RPWTMLKMPHIFFCB68CB
西屯區,房地(土地+建物)+車位,福德段271~300地號,16.75,住,,,1011126,土地1建物1車位1,二層,12,住宅大樓(11層含以上有電梯),住家用,鋼筋混凝土造,,131.64,2,1,2,有,無,7160000,61043,坡道平面,37.28,1400000,,RPPUMLKMPHIFFCB08CB
西屯區,房地(土地+建物)+車位,福德段271~300地號,16.75,住,,,1010924,土地1建物1車位1,三層,12,住宅大樓(11層含以上有電梯),住家用,鋼筋混凝土造,,131.64,2,1,2,有,無,7410000,63162,坡道平面,37.28,1450000,,RPQUMLKMPHIFFCB18CB
西屯區,房地(土地+建物)+車位,福德段271~300地號,16.75,住,,,1011022,土地1建物1車位1,四層,12,住宅大樓(11層含以上有電梯),住家用,鋼筋混凝土造,,133.7,2,1,2,有,無,7150000,60407,坡道平面,39.34,1450000,,RPRUMLKMPHIFFCB28CB
西屯區,房地(土地+建物)+車位,福德段271~300地號,16.75,住,,,1011002,土地1建物1車位1,五層,12,住宅大樓(11層含以上有電梯),住家用,鋼筋混凝土造,,133.7,2,1,2,有,無,7350000,62526,坡道平面,39.34,1450000,,RPSUMLKMPHIFFCB38CB
西屯區,房地(土地+建物)+車位,福德段271~300地號,16.75,住,,,1011112,土地1建物1車位1,六層,12,住宅大樓(11層含以上有電梯),住家用,鋼筋混凝土造,,133.82,2,1,2,有,無,7780000,67528,坡道平面,39.34,1400000,,RPXUMLKMPHIFFCB88CB
西屯區,房地(土地+建物)+車位,福德段271~300地號,16.75,住,,,1011016,土地1建物1車位1,七層,12,住宅大樓(11層含以上有電梯),住家用,鋼筋混凝土造,,131.76,2,1,2,有,無,8000000,69856,坡道平面,37.28,1400000,,RPPVMLKMPHIFFCB18CB
西屯區,房地(土地+建物)+車位,福德段271~300地號,16.75,住,,,1020221,土地1建物1車位1,八層,12,住宅大樓(11層含以上有電梯),住家用,鋼筋混凝土造,,131.76,2,1,2,有,無,7900000,68798,坡道平面,37.28,1400000,,RPSVMLKMPHIFFCB48CB
西屯區,房地(土地+建物)+車位,福德段271~300地號,16.75,住,,,1011119,土地1建物1車位1,九層,12,住宅大樓(11層含以上有電梯),住家用,鋼筋混凝土造,,133.82,2,1,2,有,無,7880000,68586,坡道平面,39.34,1400000,,RPVVMLKMPHIFFCB78CB
西屯區,房地(土地+建物)+車位,福德段271~300地號,16.75,住,,,1020121,土地1建物1車位1,十層,12,住宅大樓(11層含以上有電梯),住家用,鋼筋混凝土造,,133.82,2,1,2,有,無,8100000,69856,坡道平面,39.34,1500000,,RPWVMLKMPHIFFCB88CB
西屯區,房地(土地+建物)+車位,福德段271~300地號,16.75,住,,,1010924,土地1建物1車位1,十一層,12,住宅大樓(11層含以上有電梯),住家用,鋼筋混凝土造,,133.82,2,1,2,有,無,7720000,66892,坡道平面,39.34,1400000,,RPXVMLKMPHIFFCB98CB
太平區,房地(土地+建物)+車位,育賢段31~60地號,105.77,住,,,1010730,土地2建物1車位1,全,4,透天厝,住家用,鋼筋混凝土造,,317.58,4,2,3,有,無,17300000,54474,坡道平面,0.0,0,,RPQNMLKMPHIFFHL98CB
太平區,房地(土地+建物)+車位,育賢段31~60地號,112.65,住,,,1010419,土地2建物1車位1,全,4,透天厝,住家用,鋼筋混凝土造,,317.58,4,2,3,有,無,18000000,56679,坡道平面,0.0,0,,RPRNMLKMPHIFFHL09CB
太平區,房地(土地+建物)+車位,育賢段31~60地號,122.81,住,,,1010419,土地2建物1車位1,全,4,透天厝,住家用,鋼筋混凝土造,,317.58,4,2,3,有,無,18500000,58253,坡道平面,0.0,0,,RPTNMLKMPHIFFHL66CB
太平區,房地(土地+建物)+車位,新興段31~60地號,160.22,住,,,1011229,土地2建物1車位1,全,4,透天厝,住家用,鋼筋混凝土造,,325.33,4,2,3,有,無,19000000,58402,坡道平面,0.0,0,,RPUNMLKMPHIFFHL76CB
太平區,房地(土地+建物)+車位,育賢段31~60地號,93.46,住,,,1010527,土地2建物1車位1,全,4,透天厝,住家用,鋼筋混凝土造,,262.09,3,2,3,有,無,11500000,43878,坡道平面,0.0,0,,RPVNMLKMPHIFFHL86CB
太平區,房地(土地+建物)+車位,育賢段31~60地號,83.71,住,,,1010818,土地2建物1車位1,全,4,透天厝,住家用,鋼筋混凝土造,,255.42,3,2,3,有,無,11500000,45024,坡道平面,0.0,0,,RPWNMLKMPHIFFHL96CB
太平區,房地(土地+建物)+車位,育賢段31~60地號,83.71,住,,,1010522,土地2建物1車位1,全,4,透天厝,住家用,鋼筋混凝土造,,255.42,3,2,3,有,無,12000000,46981,坡道平面,0.0,0,,RPXNMLKMPHIFFHL07CB
太平區,房地(土地+建物)+車位,育賢段31~60地號,83.71,住,,,1010827,土地2建物1車位1,全,4,透天厝,住家用,鋼筋混凝土造,,255.42,3,2,3,有,無,11800000,46198,坡道平面,0.0,0,,RPOOMLKMPHIFFHL88CB
太平區,房地(土地+建物)+車位,育賢段31~60地號,83.71,住,,,1010503,土地2建物1車位1,全,4,透天厝,住家用,鋼筋混凝土造,,255.42,3,2,3,有,無,12350000,48352,坡道平面,0.0,0,,RPPOMLKMPHIFFHL98CB
太平區,房地(土地+建物)+車位,育賢段31~60地號,83.71,住,,,1010421,土地2建物1車位1,全,4,透天厝,住家用,鋼筋混凝土造,,255.42,3,2,3,有,無,11980000,46903,坡道平面,0.0,0,,RPQOMLKMPHIFFHL09CB
太平區,房地(土地+建物)+車位,育賢段31~60地號,83.71,住,,,1010422,土地2建物1車位1,全,4,透天厝,住家用,鋼筋混凝土造,,255.42,3,2,3,有,無,12280000,48078,坡道平面,0.0,0,,RPSOMLKMPHIFFHL66CB
太平區,房地(土地+建物)+車位,育賢段31~60地號,84.17,住,,,1010822,土地2建物1車位1,全,4,透天厝,住家用,鋼筋混凝土造,,258.32,3,2,3,有,無,13200000,51099,坡道平面,0.0,0,,RPTOMLKMPHIFFHL76CB
太平區,房地(土地+建物)+車位,育賢段31~60地號,86.96,住,,,1010827,土地2建物1車位1,全,4,透天厝,住家用,鋼筋混凝土造,,251.9,3,2,3,有,無,12900000,51211,坡道平面,0.0,0,,RPUOMLKMPHIFFHL86CB
太平區,房地(土地+建物)+車位,育賢段31~60地號,86.41,住,,,1010630,土地2建物1車位1,全,4,透天厝,住家用,鋼筋混凝土造,,250.16,3,2,3,有,無,12580000,50288,坡道平面,0.0,0,,RPVOMLKMPHIFFHL96CB
太平區,房地(土地+建物)+車位,育賢段31~60地號,86.41,住,,,1010622,土地2建物1車位1,全,4,透天厝,住家用,鋼筋混凝土造,,250.16,3,2,3,有,無,12000000,47969,坡道平面,0.0,0,,RPWOMLKMPHIFFHL07CB
太平區,房地(土地+建物)+車位,育賢段31~60地號,86.41,住,,,1010812,土地2建物1車位1,全,4,透天厝,住家用,鋼筋混凝土造,,250.16,3,2,3,有,無,12350000,49368,坡道平面,0.0,0,,RPXOMLKMPHIFFHL17CB
太平區,房地(土地+建物)+車位,育賢段31~60地號,86.42,住,,,1010620,土地2建物1車位1,全,4,透天厝,住家用,鋼筋混凝土造,,250.16,3,2,3,有,無,11950000,47769,坡道平面,0.0,0,,RPOPMLKMPHIFFHL98CB
太平區,房地(土地+建物)+車位,育賢段31~60地號,86.42,住,,,1010629,土地2建物1車位1,全,4,透天厝,住家用,鋼筋混凝土造,,250.16,3,2,3,有,無,11640000,46530,坡道平面,0.0,0,,RPPPMLKMPHIFFHL09CB
太平區,房地(土地+建物)+車位,育賢段31~60地號,86.42,住,,,1010629,土地2建物1車位1,全,4,透天厝,住家用,鋼筋混凝土造,,250.16,3,2,3,有,無,11640000,46530,坡道平面,0.0,0,,RPQPMLKMPHIFFHL56CB
太平區,房地(土地+建物)+車位,育賢段31~60地號,86.42,住,,,1010602,土地2建物1車位1,全,4,透天厝,住家用,鋼筋混凝土造,,250.16,3,2,3,有,無,12000000,47969,坡道平面,0.0,0,,RPRPMLKMPHIFFHL66CB
太平區,房地(土地+建物)+車位,育賢段31~60地號,92.44,住,,,1010818,土地2建物1車位1,全,4,透天厝,住家用,鋼筋混凝土造,,257.14,3,2,3,有,無,12000000,46667,坡道平面,0.0,0,,RPSPMLKMPHIFFHL76CB
太平區,房地(土地+建物)+車位,育賢段31~60地號,88.68,住,,,1010626,土地2建物1車位1,全,4,透天厝,住家用,鋼筋混凝土造,,258.22,3,2,3,有,無,11950000,46278,坡道平面,0.0,0,,RPTPMLKMPHIFFHL86CB
太平區,房地(土地+建物)+車位,育賢段31~60地號,83.71,住,,,1010624,土地2建物1車位1,全,4,透天厝,住家用,鋼筋混凝土造,,255.42,3,2,3,有,無,11500000,45024,坡道平面,0.0,0,,RPUPMLKMPHIFFHL96CB
太平區,房地(土地+建物)+車位,育賢段31~60地號,83.71,住,,,1010529,土地2建物1車位1,全,4,透天厝,住家用,鋼筋混凝土造,,255.42,3,2,3,有,無,11650000,45611,坡道平面,0.0,0,,RPVPMLKMPHIFFHL07CB
太平區,房地(土地+建物)+車位,育賢段31~60地號,83.71,住,,,1010720,土地2建物1車位1,全,4,透天厝,住家用,鋼筋混凝土造,,255.42,3,2,3,有,無,11700000,45807,坡道平面,0.0,0,,RPWPMLKMPHIFFHL17CB
太平區,房地(土地+建物)+車位,育賢段31~60地號,83.71,住,,,1010621,土地2建物1車位1,全,4,透天厝,住家用,鋼筋混凝土造,,255.42,3,2,3,有,無,11900000,46590,坡道平面,0.0,0,,RPXPMLKMPHIFFHL27CB
太平區,房地(土地+建物)+車位,育賢段31~60地號,83.71,住,,,1010731,土地2建物1車位1,全,4,透天厝,住家用,鋼筋混凝土造,,255.42,3,2,3,有,無,12380000,48469,坡道平面,0.0,0,,RPOQMLKMPHIFFHL09CB
太平區,房地(土地+建物)+車位,育賢段31~60地號,86.33,住,,,1010505,土地2建物1車位1,全,4,透天厝,住家用,鋼筋混凝土造,,266.5,3,2,3,有,無,12580000,47205,坡道平面,0.0,0,,RPPQMLKMPHIFFHL56CB
西屯區,房地(土地+建物)+車位,福德段271~300地號,16.91,住,,,1020724,土地1建物1車位1,十二層,12,住宅大樓(11層含以上有電梯),住家用,鋼筋混凝土造,,134.35,2,1,2,有,無,7280000,65362,坡道平面,39.34,1070000,,RPUNMLLMPHIFFCB97CB
西屯區,房地(土地+建物)+車位,福德段271~300地號,16.75,住,,,1011203,土地1建物1車位1,二層,12,住宅大樓(11層含以上有電梯),住家用,鋼筋混凝土造,,133.7,2,1,2,有,無,7180000,61255,坡道平面,39.34,1400000,,RPQOMLLMPHIFFCB67CB
西屯區,房地(土地+建物)+車位,福德段271~300地號,16.75,住,,,1010917,土地1建物1車位1,三層,12,住宅大樓(11層含以上有電梯),住家用,鋼筋混凝土造,,133.7,2,1,2,有,無,7470000,63268,坡道平面,39.34,1500000,,RPUOMLLMPHIFFCB08CB
西屯區,房地(土地+建物)+車位,福德段271~300地號,16.75,住,,,1010924,土地1建物1車位1,四層,12,住宅大樓(11層含以上有電梯),住家用,鋼筋混凝土造,,131.64,2,1,2,有,無,7000000,59877,坡道平面,37.28,1350000,,RPXOMLLMPHIFFCB38CB
西屯區,房地(土地+建物)+車位,福德段271~300地號,16.75,住,,,1011002,土地1建物1車位1,五層,12,住宅大樓(11層含以上有電梯),住家用,鋼筋混凝土造,,133.7,2,1,2,有,無,7350000,62526,坡道平面,39.34,1450000,,RPTPMLLMPHIFFCB08CB
西屯區,房地(土地+建物)+車位,福德段271~300地號,16.75,住,,,1011224,土地1建物1車位1,六層,12,住宅大樓(11層含以上有電梯),住家用,鋼筋混凝土造,,133.7,2,1,2,有,無,7700000,66236,坡道平面,39.34,1450000,,RPVPMLLMPHIFFCB28CB
西屯區,房地(土地+建物)+車位,福德段271~300地號,16.75,住,,,1011112,土地1建物1車位1,七層,12,住宅大樓(11層含以上有電梯),住家用,鋼筋混凝土造,,133.75,2,1,2,有,無,7720000,66942,坡道平面,39.34,1400000,,RPWPMLLMPHIFFCB38CB
西屯區,房地(土地+建物)+車位,福德段271~300地號,16.75,住,,,1020114,土地1建物1車位1,八層,12,住宅大樓(11層含以上有電梯),住家用,鋼筋混凝土造,,133.75,2,1,2,有,無,7900000,68849,坡道平面,39.34,1400000,,RPXPMLLMPHIFFCB48CB
西屯區,房地(土地+建物)+車位,福德段271~300地號,16.75,住,,,1020221,土地1建物1車位1,九層,12,住宅大樓(11層含以上有電梯),住家用,鋼筋混凝土造,,133.75,2,1,2,有,無,7900000,68849,坡道平面,39.34,1400000,,RPOQMLLMPHIFFCB67CB
西屯區,房地(土地+建物)+車位,福德段271~300地號,16.75,住,,,1020129,土地1建物1車位1,十層,12,住宅大樓(11層含以上有電梯),住家用,鋼筋混凝土造,,131.69,2,1,2,有,無,8100000,70967,坡道平面,37.28,1400000,,RPPQMLLMPHIFFCB77CB
西屯區,房地(土地+建物)+車位,福德段271~300地號,16.75,住,,,1010906,土地1建物1車位1,十一層,12,住宅大樓(11層含以上有電梯),住家用,鋼筋混凝土造,,131.69,2,1,2,有,無,7620000,66412,坡道平面,37.28,1350000,,RPRQMLLMPHIFFCB97CB
西屯區,房地(土地+建物)+車位,福德段271~300地號,23.15,住,,,1020321,土地1建物1車位1,二層,12,住宅大樓(11層含以上有電梯),住家用,鋼筋混凝土造,,164.38,3,2,2,有,無,8950000,59795,坡道平面,37.28,1350000,,RPSQMLLMPHIFFCB08CB
西屯區,房地(土地+建物)+車位,福德段271~300地號,23.15,住,,,1020326,土地1建物1車位1,三層,12,住宅大樓(11層含以上有電梯),住家用,鋼筋混凝土造,,166.44,3,2,2,有,無,9180000,60818,坡道平面,39.34,1450000,,RPWQMLLMPHIFFCB48CB
西屯區,房地(土地+建物)+車位,福德段271~300地號,23.15,住,,,1011203,土地1建物1車位1,四層,12,住宅大樓(11層含以上有電梯),住家用,鋼筋混凝土造,,166.44,3,2,2,有,無,9180000,61212,坡道平面,39.34,1400000,,RPORMLLMPHIFFCB77CB
西屯區,房地(土地+建物)+車位,福德段271~300地號,23.15,住,,,1020102,土地1建物1車位1,五層,12,住宅大樓(11層含以上有電梯),住家用,鋼筋混凝土造,,166.44,3,2,2,有,無,9580000,63965,坡道平面,39.34,1450000,,RPPRMLLMPHIFFCB87CB
西屯區,房地(土地+建物)+車位,福德段271~300地號,23.15,住,,,1020320,土地1建物1車位1,六層,12,住宅大樓(11層含以上有電梯),住家用,鋼筋混凝土造,,166.44,3,2,2,有,無,10420000,70574,坡道平面,39.34,1450000,,RPRRMLLMPHIFFCB08CB
西屯區,房地(土地+建物)+車位,福德段271~300地號,23.15,住,,,1011203,土地1建物1車位1,七層,12,住宅大樓(11層含以上有電梯),住家用,鋼筋混凝土造,,166.44,3,2,2,有,無,10080000,68293,坡道平面,39.34,1400000,,RPTRMLLMPHIFFCB28CB
西屯區,房地(土地+建物)+車位,福德段271~300地號,23.15,住,,,1010910,土地1建物1車位1,八層,12,住宅大樓(11層含以上有電梯),住家用,鋼筋混凝土造,,166.44,3,2,2,有,無,9700000,64910,坡道平面,39.34,1450000,,RPURMLLMPHIFFCB38CB
西屯區,房地(土地+建物)+車位,福德段271~300地號,23.15,住,,,1010917,土地1建物1車位1,九層,12,住宅大樓(11層含以上有電梯),住家用,鋼筋混凝土造,,164.38,3,2,2,有,無,9400000,62943,坡道平面,37.28,1400000,,RPVRMLLMPHIFFCB48CB
西屯區,房地(土地+建物)+車位,福德段271~300地號,23.15,住,,,1010907,土地1建物1車位1,十層,12,住宅大樓(11層含以上有電梯),住家用,鋼筋混凝土造,,166.44,3,2,2,有,無,9080000,60031,坡道平面,39.34,1450000,,RPQSMLLMPHIFFCB08CB
西屯區,房地(土地+建物)+車位,福德段271~300地號,23.15,住,,,1010906,土地1建物1車位1,十一層,12,住宅大樓(11層含以上有電梯),住家用,鋼筋混凝土造,,166.44,3,2,2,有,無,10080000,68293,坡道平面,39.34,1400000,,RPRSMLLMPHIFFCB18CB
西屯區,房地(土地+建物)+車位,福德段271~300地號,23.15,住,,,1010924,土地1建物1車位1,十二層,12,住宅大樓(11層含以上有電梯),住家用,鋼筋混凝土造,,164.38,3,2,2,有,無,9510000,63415,坡道平面,37.28,1450000,,RPSSMLLMPHIFFCB28CB
西屯區,房地(土地+建物)+車位,福德段271~300地號,23.15,住,,,1020403,土地1建物1車位1,二層,12,住宅大樓(11層含以上有電梯),住家用,鋼筋混凝土造,,166.44,3,2,2,有,無,9030000,60031,坡道平面,39.34,1400000,,RPTSMLLMPHIFFCB38CB
西屯區,房地(土地+建物)+車位,福德段271~300地號,23.15,住,,,1020331,土地1建物1車位1,三層,12,住宅大樓(11層含以上有電梯),住家用,鋼筋混凝土造,,166.44,3,2,2,有,無,9130000,60818,坡道平面,39.34,1400000,,RPUSMLLMPHIFFCB48CB
西屯區,房地(土地+建物)+車位,福德段271~300地號,23.15,住,,,1011210,土地1建物1車位1,四層,12,住宅大樓(11層含以上有電梯),住家用,鋼筋混凝土造,,166.44,3,2,2,有,無,9000000,59402,坡道平面,39.34,1450000,,RPWSMLLMPHIFFCB68CB
西屯區,房地(土地+建物)+車位,福德段271~300地號,23.15,住,,,1020102,土地1建物1車位1,五層,12,住宅大樓(11層含以上有電梯),住家用,鋼筋混凝土造,,166.44,3,2,2,有,無,9580000,63965,坡道平面,39.34,1450000,,RPOTMLLMPHIFFCB97CB
西屯區,房地(土地+建物)+車位,福德段271~300地號,23.15,住,,,1020109,土地1建物1車位1,六層,12,住宅大樓(11層含以上有電梯),住家用,鋼筋混凝土造,,166.44,3,2,2,有,無,10050000,67270,坡道平面,39.34,1500000,,RPPTMLLMPHIFFCB08CB
西屯區,房地(土地+建物)+車位,福德段271~300地號,23.15,住,,,1011204,土地1建物1車位1,七層,12,住宅大樓(11層含以上有電梯),住家用,鋼筋混凝土造,,166.44,3,2,2,有,無,10080000,68293,坡道平面,39.34,1400000,,RPTTMLLMPHIFFCB48CB
西屯區,房地(土地+建物)+車位,福德段271~300地號,23.15,住,,,1011228,土地1建物1車位1,八層,12,住宅大樓(11層含以上有電梯),住家用,鋼筋混凝土造,,166.44,3,2,2,有,無,10540000,71125,坡道平面,39.34,1500000,,RPUTMLLMPHIFFCB58CB
西屯區,房地(土地+建物)+車位,福德段271~300地號,23.15,住,,,1011009,土地1建物1車位1,九層,12,住宅大樓(11層含以上有電梯),住家用,鋼筋混凝土造,,166.44,3,2,2,有,無,9470000,62707,坡道平面,39.34,1500000,,RPRUMLLMPHIFFCB38CB
西屯區,房地(土地+建物)+車位,福德段271~300地號,23.15,住,,,1011031,土地1建物1車位1,十層,12,住宅大樓(11層含以上有電梯),住家用,鋼筋混凝土造,,166.44,3,2,2,有,無,9880000,66326,坡道平面,39.34,1450000,,RPSUMLLMPHIFFCB48CB
西屯區,房地(土地+建物)+車位,福德段271~300地號,23.15,住,,,1010906,土地1建物1車位1,十一層,12,住宅大樓(11層含以上有電梯),住家用,鋼筋混凝土造,,166.44,3,2,2,有,無,10080000,68293,坡道平面,39.34,1400000,,RPTUMLLMPHIFFCB58CB
西屯區,房地(土地+建物)+車位,福德段271~300地號,23.15,住,,,1010927,土地1建物1車位1,十二層,12,住宅大樓(11層含以上有電梯),住家用,鋼筋混凝土造,,166.44,3,2,2,有,無,9740000,65618,坡道平面,39.34,1400000,,RPVUMLLMPHIFFCB78CB
龍井區,房地(土地+建物),龍目井段水裡社小段151~180地號,180.63,住,,,1011017,土地2建物1車位0,全,4,透天厝,住家用,鋼筋混凝土造,,210.86,5,3,5,無,無,14500000,68766,,0.0,0,,RPOOMLLMPHIFFCL48CB
龍井區,房地(土地+建物),龍目井段水裡社小段151~180地號,137.63,住,,,1020205,土地2建物1車位0,全,4,透天厝,住家用,鋼筋混凝土造,,210.62,5,3,5,無,無,13000000,61723,,0.0,0,,RPPOMLLMPHIFFCL58CB
龍井區,房地(土地+建物),龍目井段水裡社小段151~180地號,137.63,住,,,1020127,土地2建物1車位0,全,4,透天厝,住家用,鋼筋混凝土造,,210.86,5,3,5,無,無,13000000,61652,,0.0,0,,RPQOMLLMPHIFFCL68CB
龍井區,房地(土地+建物),龍目井段水裡社小段151~180地號,133.83,住,,,1020217,土地2建物1車位0,全,4,透天厝,住家用,鋼筋混凝土造,,189.67,5,3,5,無,無,12200000,64322,,0.0,0,,RPROMLLMPHIFFCL78CB
龍井區,房地(土地+建物),龍目井段水裡社小段151~180地號,124.83,住,,,1020507,土地2建物1車位0,全,4,透天厝,住家用,鋼筋混凝土造,,189.91,5,3,5,無,無,11870000,62503,,0.0,0,,RPSOMLLMPHIFFCL88CB
龍井區,房地(土地+建物),龍目井段水裡社小段151~180地號,125.83,住,,,1020401,土地2建物1車位0,全,4,透天厝,住家用,鋼筋混凝土造,,189.67,5,3,5,無,無,12880000,67907,,0.0,0,,RPTOMLLMPHIFFCL98CB
龍井區,房地(土地+建物),龍目井段水裡社小段151~180地號,125.83,住,,,1020401,土地2建物1車位0,全,4,透天厝,住家用,鋼筋混凝土造,,189.91,5,3,5,無,無,12880000,67822,,0.0,0,,RPUOMLLMPHIFFCL09CB
龍井區,房地(土地+建物),龍目井段水裡社小段151~180地號,125.83,住,,,1020401,土地2建物1車位0,全,4,透天厝,住家用,鋼筋混凝土造,,189.67,5,3,5,無,無,12880000,67907,,0.0,0,,RPVOMLLMPHIFFCL56CB
龍井區,房地(土地+建物),龍目井段水裡社小段151~180地號,125.83,住,,,1020401,土地2建物1車位0,全,4,透天厝,住家用,鋼筋混凝土造,,189.91,5,3,5,無,無,12880000,67822,,0.0,0,,RPWOMLLMPHIFFCL66CB
龍井區,房地(土地+建物),龍目井段水裡社小段151~180地號,125.83,住,,,1010913,土地2建物1車位0,全,4,透天厝,住家用,鋼筋混凝土造,,189.67,5,3,5,無,無,12000000,63268,,0.0,0,,RPXOMLLMPHIFFCL76CB
龍井區,房地(土地+建物),龍目井段水裡社小段151~180地號,125.83,住,,,1010923,土地2建物1車位0,全,4,透天厝,住家用,鋼筋混凝土造,,189.91,5,3,5,無,無,12000000,63188,,0.0,0,,RPOPMLLMPHIFFCL58CB
龍井區,房地(土地+建物),龍目井段水裡社小段151~180地號,125.83,住,,,1010922,土地2建物1車位0,全,4,透天厝,住家用,鋼筋混凝土造,,189.67,5,3,5,無,無,12000000,63268,,0.0,0,,RPPPMLLMPHIFFCL68CB
龍井區,房地(土地+建物),龍目井段水裡社小段151~180地號,165.83,住,,,1020413,土地2建物1車位0,全,4,透天厝,住家用,鋼筋混凝土造,,197.09,5,3,5,無,無,14880000,75499,,0.0,0,,RPQPMLLMPHIFFCL78CB
龍井區,房地(土地+建物),龍目井段水裡社小段151~180地號,116.83,住,,,1020203,土地2建物1車位0,全,4,透天厝,住家用,鋼筋混凝土造,,202.47,5,3,5,無,無,11800000,58280,,0.0,0,,RPSPMLLMPHIFFCL98CB
龍井區,房地(土地+建物),龍目井段水裡社小段151~180地號,110.83,住,,,1011215,土地2建物1車位0,全,4,透天厝,住家用,鋼筋混凝土造,,193.27,5,3,5,無,無,10930000,56553,,0.0,0,,RPTPMLLMPHIFFCL09CB
龍井區,房地(土地+建物),龍目井段水裡社小段151~180地號,110.83,住,,,1020122,土地2建物1車位0,全,4,透天厝,住家用,鋼筋混凝土造,,193.51,5,3,5,無,無,10500000,54261,,0.0,0,,RPUPMLLMPHIFFCL56CB
龍井區,房地(土地+建物),龍目井段水裡社小段151~180地號,110.83,住,,,1020330,土地2建物1車位0,全,4,透天厝,住家用,鋼筋混凝土造,,193.27,5,3,5,無,無,10300000,53293,,0.0,0,,RPVPMLLMPHIFFCL66CB
龍井區,房地(土地+建物),龍目井段水裡社小段151~180地號,110.83,住,,,1020116,土地2建物1車位0,全,4,透天厝,住家用,鋼筋混凝土造,,193.51,5,3,5,無,無,10250000,52969,,0.0,0,,RPWPMLLMPHIFFCL76CB
龍井區,房地(土地+建物),龍目井段水裡社小段151~180地號,110.83,住,,,1010927,土地2建物1車位0,全,4,透天厝,住家用,鋼筋混凝土造,,193.27,5,3,5,無,無,10000000,51741,,0.0,0,,RPXPMLLMPHIFFCL86CB
龍井區,房地(土地+建物),龍目井段水裡社小段151~180地號,110.83,住,,,1010921,土地2建物1車位0,全,4,透天厝,住家用,鋼筋混凝土造,,193.51,5,3,5,無,無,10200000,52710,,0.0,0,,RPOQMLLMPHIFFCL68CB
龍井區,房地(土地+建物),龍目井段水裡社小段151~180地號,110.83,住,,,1020406,土地2建物1車位0,全,4,透天厝,住家用,鋼筋混凝土造,,193.27,5,3,5,無,無,10500000,54328,,0.0,0,,RPPQMLLMPHIFFCL78CB
龍井區,房地(土地+建物),龍目井段水裡社小段151~180地號,110.83,住,,,1011201,土地2建物1車位0,全,4,透天厝,住家用,鋼筋混凝土造,,193.51,5,3,5,無,無,11000000,56845,,0.0,0,,RPQQMLLMPHIFFCL88CB
龍井區,房地(土地+建物),龍目井段水裡社小段151~180地號,110.83,住,,,1020331,土地2建物1車位0,全,4,透天厝,住家用,鋼筋混凝土造,,193.27,5,3,5,無,無,10500000,54328,,0.0,0,,RPRQMLLMPHIFFCL98CB
龍井區,房地(土地+建物),龍目井段水裡社小段151~180地號,110.83,住,,,1020105,土地2建物1車位0,全,4,透天厝,住家用,鋼筋混凝土造,,193.51,5,3,5,無,無,10080000,52090,,0.0,0,,RPSQMLLMPHIFFCL09CB
龍井區,房地(土地+建物),龍目井段水裡社小段151~180地號,110.83,住,,,1020601,土地2建物1車位0,全,4,透天厝,住家用,鋼筋混凝土造,,193.27,5,3,5,無,無,10990000,56863,,0.0,0,,RPTQMLLMPHIFFCL56CB
龍井區,房地(土地+建物),龍目井段水裡社小段151~180地號,110.83,住,,,1020408,土地2建物1車位0,全,4,透天厝,住家用,鋼筋混凝土造,,193.51,5,3,5,無,無,10500000,54261,,0.0,0,,RPUQMLLMPHIFFCL66CB
龍井區,房地(土地+建物),龍目井段水裡社小段151~180地號,110.83,住,,,1020531,土地2建物1車位0,全,4,透天厝,住家用,鋼筋混凝土造,,193.27,5,3,5,無,無,11000000,56915,,0.0,0,,RPVQMLLMPHIFFCL76CB
龍井區,房地(土地+建物),龍目井段水裡社小段151~180地號,169.83,住,,,1020127,土地2建物1車位0,全,4,透天厝,住家用,鋼筋混凝土造,,224.17,5,3,5,無,無,13000000,57992,,0.0,0,,RPWQMLLMPHIFFCL86CB
龍井區,房地(土地+建物),龍目井段水裡社小段151~180地號,133.63,住,,,1020204,土地2建物1車位0,全,4,透天厝,住家用,鋼筋混凝土造,,204.78,5,3,5,無,無,12000000,58599,,0.0,0,,RPXQMLLMPHIFFCL96CB
龍井區,房地(土地+建物),龍目井段水裡社小段151~180地號,121.63,住,,,1020517,土地2建物1車位0,全,4,透天厝,住家用,鋼筋混凝土造,,185.86,5,3,5,無,無,10900000,58646,,0.0,0,,RPORMLLMPHIFFCL78CB
龍井區,房地(土地+建物),龍目井段水裡社小段151~180地號,121.63,住,,,1011120,土地2建物1車位0,全,4,透天厝,住家用,鋼筋混凝土造,,185.62,5,3,5,無,無,10100000,54412,,0.0,0,,RPPRMLLMPHIFFCL88CB
龍井區,房地(土地+建物),龍目井段水裡社小段151~180地號,121.63,住,,,1020403,土地2建物1車位0,全,4,透天厝,住家用,鋼筋混凝土造,,185.86,5,3,5,無,無,10610000,57086,,0.0,0,,RPQRMLLMPHIFFCL98CB
龍井區,房地(土地+建物),龍目井段水裡社小段151~180地號,121.63,住,,,1011129,土地2建物1車位0,全,4,透天厝,住家用,鋼筋混凝土造,,185.62,5,3,5,無,無,10880000,58614,,0.0,0,,RPRRMLLMPHIFFCL09CB
龍井區,房地(土地+建物),龍目井段水裡社小段151~180地號,121.63,住,,,1011027,土地2建物1車位0,全,4,透天厝,住家用,鋼筋混凝土造,,185.86,5,3,5,無,無,10800000,58108,,0.0,0,,RPSRMLLMPHIFFCL56CB
龍井區,房地(土地+建物),龍目井段水裡社小段151~180地號,121.63,住,,,1020310,土地2建物1車位0,全,4,透天厝,住家用,鋼筋混凝土造,,185.62,5,3,5,無,無,10280000,55382,,0.0,0,,RPTRMLLMPHIFFCL66CB
龍井區,房地(土地+建物),龍目井段水裡社小段151~180地號,121.63,住,,,1020112,土地2建物1車位0,全,4,透天厝,住家用,鋼筋混凝土造,,185.86,5,3,5,無,無,10190000,54826,,0.0,0,,RPURMLLMPHIFFCL76CB
龍井區,房地(土地+建物),龍目井段水裡社小段151~180地號,121.63,住,,,1010925,土地2建物1車位0,全,4,透天厝,住家用,鋼筋混凝土造,,185.62,5,3,5,無,無,10100000,54412,,0.0,0,,RPVRMLLMPHIFFCL86CB
龍井區,房地(土地+建物),龍目井段水裡社小段151~180地號,121.63,住,,,1011124,土地2建物1車位0,全,4,透天厝,住家用,鋼筋混凝土造,,185.86,5,3,5,無,無,10090000,54288,,0.0,0,,RPWRMLLMPHIFFCL96CB
龍井區,房地(土地+建物),龍目井段水裡社小段151~180地號,121.63,住,,,1011208,土地2建物1車位0,全,4,透天厝,住家用,鋼筋混凝土造,,185.62,5,3,5,無,無,10000000,53874,,0.0,0,,RPXRMLLMPHIFFCL07CB
龍井區,房地(土地+建物),龍目井段水裡社小段151~180地號,194.63,住,,,1020406,土地3建物1車位0,全,4,透天厝,住家用,鋼筋混凝土造,,195.62,5,3,5,無,無,14000000,71567,,0.0,0,,RPOSMLLMPHIFFCL88CB
龍井區,房地(土地+建物),龍目井段水裡社小段151~180地號,134.63,住,,,1020406,土地3建物1車位0,全,4,透天厝,住家用,鋼筋混凝土造,,185.86,5,3,5,無,無,12200000,65641,,0.0,0,,RPPSMLLMPHIFFCL98CB
龍井區,房地(土地+建物),龍目井段水裡社小段151~180地號,134.63,住,,,1020523,土地3建物1車位0,全,4,透天厝,住家用,鋼筋混凝土造,,185.62,5,3,5,無,無,12420000,66911,,0.0,0,,RPQSMLLMPHIFFCL09CB
龍井區,房地(土地+建物),龍目井段水裡社小段151~180地號,176.63,住,,,1020205,土地3建物1車位0,全,4,透天厝,住家用,鋼筋混凝土造,,194.61,5,3,5,無,無,15000000,77077,,0.0,0,,RPRSMLLMPHIFFCL56CB
龍井區,房地(土地+建物),龍目井段水裡社小段151~180地號,183.63,住,,,1011023,土地3建物1車位0,全,4,透天厝,住家用,鋼筋混凝土造,,222.34,5,3,5,無,無,15000000,67464,,0.0,0,,RPSSMLLMPHIFFCL66CB
龍井區,房地(土地+建物),龍目井段水裡社小段151~180地號,181.63,住,,,1011023,土地3建物1車位0,全,4,透天厝,住家用,鋼筋混凝土造,,222.34,5,3,5,無,無,15000000,67464,,0.0,0,,RPTSMLLMPHIFFCL76CB
龍井區,房地(土地+建物),龍目井段水裡社小段151~180地號,197.0,住,,,1011230,土地1建物1車位0,全,4,透天厝,住家用,鋼筋混凝土造,,234.02,5,3,5,無,無,17800000,76062,,0.0,0,,RPUSMLLMPHIFFCL86CB
