﻿鄉鎮市區,交易標的,土地區段位置建物區段門牌,土地面積平方公尺,都市土地使用分區,非都市土地使用分區,非都市土地使用編定,租賃年月日,租賃筆棟數,租賃層次,總樓層數,建物型態,主要用途,主要建材,建築完成年月,建物總面積平方公尺,建物現況格局-房,建物現況格局-廳,建物現況格局-衛,建物現況格局-隔間,有無管理組織,有無附傢俱,總額元,單價元平方公尺,車位類別,車位面積平方公尺,車位總額元,備註,編號
The villages and towns urban district,transaction sign,land sector position building sector house number plate,land shifting total area square meter,the use zoning or compiles and checks,the non-metropolis land use district,non-metropolis land use,transaction year month and day,transaction pen number,shifting level,total floor number,building state,main use,main building materials,construction to complete the years,building shifting total area,Building present situation pattern - room,building present situation pattern - hall,building present situation pattern - health,building present situation pattern - compartmented,Whether there is manages the organization,Whether there is attaches the furniture,total price NTD,the unit price (NTD / square meter),the berth category,berth shifting total area square meter,the berth total price NTD,the note,serial number
中西區,房地(土地+建物),臺南市中西區保安路185巷1~30號,0.0,住,,,1020330,土地1建物1車位0,全,1,透天厝,住家用,加強磚造,0540131,36.87,2,2,1,有,無,有,6000,163,,0.0,0,1.因合約書無填具土地租賃面積2.由所有權人提供出資料,RPOQMLLJNHIFFAD27CC
中西區,建物,臺南市中西區大同路一段1~30號,0.0,住,,,1020409,土地0建物1車位0,四層,7,華廈(10層含以下有電梯),住家用,鋼筋混凝土構造,0680406,45.9,1,1,1,有,無,有,7500,163,,0.0,0,1.因合約書無填具土地租賃面積2.由所有權人提供出資料,RPQQMLLJNHIFFAD47CC
北區,房地(土地+建物),臺南市北區育德二路342巷1~30號,0.0,住,,,1020420,土地1建物1車位0,一層,,套房(1房1廳1衛),,,,0.0,1,1,1,有,無,有,5000,0,,0.0,0,1.因合約書無填具土地租賃面積2.由所有權人提供出資料3.此為透天分租套房,RPRQMLLJNHIFFAD57CC
北區,建物,臺南市北區北安路一段176巷1~30號,0.0,住,,,1020416,土地0建物1車位0,三層,13,住宅大樓(11層含以上有電梯),見其他登記事項,見其他登記事項,0951129,74.5,2,2,2,有,有,有,16000,215,,0.0,0,1.因合約書無填具土地租賃面積2.由所有權人提供出資料,RPSQMLLJNHIFFAD67CC
安平區,建物,臺南市安平區建平十七街151~180號,0.0,住,,,1020418,土地0建物1車位0,四層,13,住宅大樓(11層含以上有電梯),住家用,鋼筋混凝土構造,0821213,76.58,2,1,1,有,有,有,10000,131,,0.0,0,1.因合約書無填具土地租賃面積2.由所有權人提供出資料,RPTQMLLJNHIFFAD77CC
安平區,房地(土地+建物),臺南市安平區安平路606巷17弄1~30號,0.0,住,,,1020414,土地1建物1車位0,全,2,透天厝,住家用,加強磚造,0680922,118.44,4,2,1,有,無,有,16000,135,,0.0,0,1.因合約書無填具土地租賃面積2.由所有權人提供出資料3.租賃層次為整棟,RPUQMLLJNHIFFAD87CC
南區,房地(土地+建物),臺南市南區福吉五街1~30號,0.0,住,,,1020425,土地1建物1車位0,全,4,透天厝,住家用,鋼筋混凝土構造,0691119,386.21,5,2,3,有,無,無,30000,78,,0.0,0,,RPVOMLLJNHIFFCD97CC
南區,房地(土地+建物),臺南市南區新和二路1~30號,0.0,工,,,1020425,土地1建物1車位0,一層,4,工廠,見其他登記事項,鋼筋混凝土構造,0721229,457.88,0,1,1,有,無,無,40000,,,0.0,0,,RPWOMLLJNHIFFCD08CC
東區,建物,臺南市東區裕豐街185巷12弄1~30號,0.0,住,,,1020421,土地0建物1車位0,二層,5,公寓(5樓含以下無電梯),住家用,鋼筋混凝土構造,0800830,52.04,2,1,1,有,無,有,8800,169,,0.0,0,1.因合約書無填具土地租賃面積2.由所有權人提供出資料,RPXOMLLJNHIFFCD18CC
南區,建物,臺南市南區金華路二段3巷1~30號,0.0,住,,,1020413,土地0建物1車位0,四層,4,公寓(5樓含以下無電梯),住家用,鋼筋混凝土構造,0670509,75.67,3,2,1,有,無,有,6500,86,,0.0,0,,RPPPMLLJNHIFFCD47CC
東區,房地(土地+建物),臺南市東區建東街43巷31~60號,0.0,住,,,1020409,土地1建物1車位0,全,2,透天厝,住家用,加強磚造,0650416,82.68,4,2,3,有,無,無,9000,109,,0.0,0,1.因合約書無填具土地租賃面積2.由所有權人提供出資料3.租賃層次為整棟,RPQPMLLJNHIFFCD57CC
安南區,房地(土地+建物),臺南市安南區環館北路811~840號,0.0,住,,,1020406,土地1建物1車位0,全,4,透天厝,見其他登記事項,鋼筋混凝土構造,0971128,244.31,4,3,4,有,無,有,19000,78,,0.0,0,1.因合約書無填具土地租賃面積2.由所有權人提供出資料3.租賃層次為整棟,RPSOMLLJNHIFFBD57CC
永康區,建物,臺南市永康區文化路331~360號,0.0,住,,,1020403,土地0建物1車位0,全,4,透天厝,住商用,鋼筋混凝土造,0940214,241.59,5,2,5,有,無,有,25000,103,,0.0,0,,RPQPMLMJNHIFFHR96CC
永康區,建物,臺南市永康區中華一路203巷1~30號,0.0,住,,,1020413,土地0建物1車位0,二層,11,住宅大樓(11層含以上有電梯),見其他登記事項,鋼筋混凝土造,0871026,51.0,3,1,1,有,有,有,9000,176,,0.0,0,,RPXPMLMJNHIFFHR67CC
永康區,建物,臺南市永康區國光七街6巷11弄1~30號,0.0,住,,,1020416,土地0建物1車位0,全,4,透天厝,住家用,鋼筋混凝土造,0940920,200.48,5,2,3,有,無,有,16000,80,,0.0,0,,RPPQMLMJNHIFFHR96CC
南區,土地,鹽埕段2521~2550地號,160.0,住,,,1020420,土地1建物0車位0,,,店面(店鋪),,,,0.0,2,0,2,有,無,無,20000,125,,0.0,0,,RPSNMLMJNHIFFCD67CC
東區,房地(土地+建物),臺南市東區崇德二十街61~90號,19.94,住,,,1020425,土地1建物1車位0,一層,7,華廈(10層含以下有電梯),住家用,鋼筋混凝土構造,0820719,66.12,2,2,2,有,無,有,10000,151,,0.0,0,,RPQOMLMJNHIFFCD57CC
中西區,建物,臺南市中西區忠義路二段202巷1~30號,0.0,商,,,1020410,土地0建物1車位0,四層,5,華廈(10層含以下有電梯),住家用,鋼筋混凝土構造,0780314,99.82,2,1,1,有,有,有,10000,100,,0.0,0,1.合約書無填具土地租賃面積.2.由所有權人提供出租資訊,RPSPMLMJNHIFFAD67CC
北區,建物,臺南市北區實踐街39巷31弄31~60號,0.0,住,,,1020416,土地0建物1車位0,一層,2,店面(店鋪),住家用,加強磚造,0751210,133.8,4,1,3,有,無,有,15000,112,,0.0,0,1.合約書無填具土地租賃面積.2.由所有權人提供出租資訊,RPXPMLMJNHIFFAD18CC
中西區,建物,臺南市中西區忠義路二段181~210號,0.0,商,,,1020415,土地0建物1車位0,一層,10,店面(店鋪),商業用,鋼筋混凝土構造,0691203,21.98,0,0,0,無,有,有,4888,222,,0.0,0,1.合約書無填具土地租賃面積.2.由所有權人提供出租資訊,RPPQMLMJNHIFFAD47CC
北區,建物,臺南市北區長德街121~150號,0.0,住,,,1020416,土地0建物1車位0,全,2,透天厝,住家用,加強磚造,0630314,82.68,3,1,2,有,無,有,11500,139,,0.0,0,1.合約書無填具土地租賃面積.2.由所有權人提供出租資訊3.租整棟透天,RPSQMLMJNHIFFAD77CC
中西區,房地(土地+建物),臺南市中西區光賢街1~30號,3305.77,住,,,1020409,土地1建物1車位0,見其他登記事項,5,華廈(10層含以下有電梯),見其他登記事項,鋼筋混凝土構造,0910822,7697.74,77,2,80,有,無,有,500000,65,,0.0,0,土地加建物全部,RPVQMLMJNHIFFAD08CC
東區,房地(土地+建物),臺南市東區小東路241~270號,80.0,住,,,1020510,土地1建物1車位0,三層,3,店面(店鋪),住商用,鋼筋混凝土構造,0681101,205.48,4,3,4,有,無,無,24000,117,,0.0,0,,RPUNMLNJNHIFFCD97CC
善化區,建物,臺南市善化區光復路511~540號,87.67,住,,,1020501,土地0建物1車位0,一層,4,店面(店鋪),見其他登記事項,鋼筋混凝土造,0931222,48.99,0,0,0,無,無,無,9000,184,,0.0,0,,RPROMLNJNHIFFER76CC
新市區,房地(土地+建物),臺南市新市區中山路181~210號,243.04,工,,,1020425,土地1建物1車位0,三層,3,廠辦,工業用,鋼骨鋼筋混凝土造,0840303,266.13,1,1,3,有,無,無,30000,113,,0.0,0,,RPXNMLNJNHIFFER37DC
善化區,土地,曾文段2671~2700地號,2110.0,其他,,,1020501,土地2建物0車位0,,,其他,,,,0.0,0,0,0,有,無,無,55000,26,,0.0,0,,RPSNMLOJNHIFFER86CC
新市區,房地(土地+建物),臺南市新市區大營121~150號,86.0,,特定農業區,甲種建築用地,1020414,土地1建物1車位0,全,4,透天厝,住商用,鋼筋混凝土造,0850315,216.47,5,1,3,有,無,無,18000,83,,0.0,0,,RPSNMLQJNHIFFER17DC
東區,房地(土地+建物)+車位,臺南市東區富農街一段131巷1~30號,25.55,住,,,1020505,土地2建物1車位1,三層,8,店面(店鋪),住商用,鋼筋混凝土構造,0860307,172.72,3,1,3,有,有,無,17000,98,升降平面,0.0,0,,RPVOMLQJNHIFFCD58DC
麻豆區,房地(土地+建物),臺南市麻豆區大埕里大埕61~90號,32.0,住,,,1020601,土地1建物1車位0,三層,6,華廈(10層含以下有電梯),住家用,鋼筋混凝土造,0830524,112.0,3,2,2,有,無,有,7500,67,,0.0,0,,RPWNMLQJNHIFFCR37DC
東區,房地(土地+建物),臺南市東區崇德三街1~30號,12.85,住,,,1020421,土地1建物1車位0,十三層,16,住宅大樓(11層含以上有電梯),住家用,鋼筋混凝土構造,0860508,123.81,3,2,2,有,無,有,16000,129,,0.0,0,,RPXOMLQJNHIFFCD68CC
中西區,房地(土地+建物),臺南市中西區西賢一街241~270號,357.58,商,,,1020502,土地1建物1車位0,五層,5,店面(店鋪),住商用,鋼筋混凝土構造,0830208,817.97,20,1,7,有,無,無,60000,73,,0.0,0,5層樓包含地下1樓,RPVNMLQJNHIFFAD18CC
北區,土地,光賢段451~480地號,281.51,住,,,1020505,土地2建物0車位0,,,其他,,,,0.0,0,0,0,有,無,無,35000,124,,0.0,0,,RPUOMLQJNHIFFAD18CC
中西區,房地(土地+建物),臺南市中西區北門路一段51巷1~30號,6.69,住,,,1020413,土地1建物1車位0,四層,6,華廈(10層含以下有電梯),住家用,鋼筋混凝土構造,0790917,36.87,1,1,1,有,無,有,5500,149,,0.0,0,,RPXPMLQJNHIFFAD58CC
東區,建物,臺南市東區中華東路三段1~30號,0.0,商,,,1020419,土地0建物0車位0,見其他登記事項,5,店面(店鋪),見其他登記事項,鋼筋混凝土構造,0701222,165.14,0,2,1,有,無,無,100000,606,,0.0,0,18號跟20號兩間打通,RPOOMLRJNHIFFCD87CC
東區,建物,臺南市東區崇明路511~540號,0.0,住,,,1020422,土地0建物1車位0,見其他登記事項,4,店面(店鋪),住商用,鋼筋混凝土構造,0700306,255.33,4,1,4,有,無,無,45000,176,,0.0,0,,RPPOMLRJNHIFFCD97CC
善化區,土地,胡厝寮段901~930地號,45.0,農,特定農業區,農牧用地,1020421,土地1建物0車位0,,,其他,,,,0.0,0,0,0,無,無,無,12000,267,,0.0,0,含增建或未登記建物。,RPSNMLSJNHIFFER27CC
善化區,房地(土地+建物),臺南市善化區小新營里331~360號,96.0,其他,,,1020509,土地1建物1車位0,全,4,透天厝,見其他登記事項,鋼筋混凝土造,1000328,210.56,1,0,1,有,無,有,4500,21,,0.0,0,,RPXNMLSJNHIFFER77CC
善化區,房地(土地+建物),臺南市善化區小新營里331~360號,96.0,其他,,,1020509,土地1建物1車位0,全,4,透天厝,見其他登記事項,鋼筋混凝土造,1000328,210.56,1,0,1,有,無,有,4500,21,,0.0,0,,RPOOMLSJNHIFFER96CC
善化區,房地(土地+建物),臺南市善化區小新營里331~360號,96.0,其他,,,1020509,土地1建物1車位0,全,4,透天厝,見其他登記事項,鋼筋混凝土造,1000328,210.56,1,0,1,有,無,有,4000,19,,0.0,0,,RPPOMLSJNHIFFER07CC
善化區,房地(土地+建物),臺南市善化區小新里331~360號,96.0,其他,,,1020506,土地1建物1車位0,全,4,透天厝,見其他登記事項,鋼筋混凝土造,1000328,210.56,6,1,6,有,無,有,4000,19,,0.0,0,,RPPNMLTJNHIFFER07CC
南區,房地(土地+建物),臺南市南區大同路二段640巷31~60號,0.0,住,,,1020507,土地2建物1車位0,一層,5,公寓(5樓含以下無電梯),住家用,鋼筋混凝土構造,0731113,73.46,3,2,2,有,無,有,10000,136,,0.0,0,,RPQNMLTJNHIFFCD18CC
東區,房地(土地+建物),臺南市東區中華東路二段41巷31~60號,0.0,住,,,1020502,土地1建物1車位0,三層,5,公寓(5樓含以下無電梯),住家用,鋼筋混凝土構造,0681214,68.39,3,2,1,有,無,無,7000,102,,0.0,0,租賃契約書無填寫土地租賃,RPSNMLTJNHIFFCD38CC
中西區,房地(土地+建物),臺南市中西區民族路二段61~90號,30.82,商,,,1020425,土地1建物1車位0,全,3,透天厝,住商用,鋼筋混凝土構造,0820511,278.89,4,1,2,有,無,無,30000,108,,0.0,0,"承租層次2F+3F,不包含1F",RPWNMLTJNHIFFAD58CC
中西區,房地(土地+建物),臺南市中西區文和街1~30號,135.87,住,,,1020430,土地1建物1車位0,一層,1,倉庫,商業用,見其他登記事項,0620505,95.23,2,3,1,有,無,無,10000,,,0.0,0,,RPPOMLTJNHIFFAD97CC
中西區,房地(土地+建物),臺南市中西區西門路一段721~750號,67.0,住,,,1020507,土地1建物1車位0,全,4,透天厝,商業用,鋼筋混凝土構造,0900117,69.41,0,0,0,無,無,無,62000,893,,0.0,0,,RPTOMLTJNHIFFAD38CC
中西區,房地(土地+建物),臺南市中西區西華南街36巷1~30號,0.0,住,,,1020509,土地1建物1車位0,一層,3,公寓(5樓含以下無電梯),住家用,鋼筋混凝土構造,0840313,36.07,1,1,1,有,無,有,6000,166,,0.0,0,租賃合約書無填寫土地租賃,RPVNMLKKNHIFFAD67CC
東區,房地(土地+建物),臺南市東區大同路二段91~120號,0.0,住,,,1020430,土地1建物1車位0,五層,16,住宅大樓(11層含以上有電梯),住家用,鋼筋混凝土構造,0831216,56.68,2,1,1,有,無,有,10000,176,,0.0,0,,RPSNMLKKNHIFFCD57CC
東區,房地(土地+建物),臺南市東區文化路31~60號,0.0,住,,,1020508,土地1建物1車位0,二層,14,住宅大樓(11層含以上有電梯),住家用,鋼筋混凝土構造,0990203,51.9,2,1,1,有,無,有,15000,289,,0.0,0,,RPUNMLKKNHIFFCD77CC
永康區,房地(土地+建物),臺南市永康區文化路211~240號,19.7,住,,,1020508,土地1建物1車位0,一層,8,華廈(10層含以下有電梯),住商用,鋼筋混凝土造,0881203,111.87,2,2,2,有,無,有,10000,89,,0.0,0,,RPSNMLLKNHIFFHR96CC
仁德區,房地(土地+建物),臺南市仁德區中正路二段721~750號,135.03,住,,,1020601,土地1建物1車位0,全,4,透天厝,住家用,鋼筋混凝土造,0781209,258.01,6,2,4,有,無,無,3500,14,,0.0,0,,RPVNMLLKNHIFFFR07CC
北區,房地(土地+建物),臺南市北區北安路一段181~210號,596.05,商,,,1020501,土地7建物1車位0,四層,4,店面(店鋪),見其他登記事項,見其他登記事項,0960323,554.33,0,0,0,無,無,無,155000,280,,0.0,0,,RPQNMLMKNHIFFAD37CC
東區,建物,臺南市東區裕文路91~120號,0.0,住,,,1020414,土地0建物1車位0,全,5,透天厝,住家用,鋼筋混凝土構造,0860531,223.5,5,2,4,有,無,有,25000,112,,0.0,0,1.租賃契約書無填寫土地租賃面積。2.由所有權人提供出租資訊。3.出租樓層為1~5樓，整棟出租,RPPNMLOKNHIFFCD67CC
南區,建物,臺南市南區健康路二段91~120號,0.0,住,,,1020425,土地0建物1車位0,四層,6,辦公商業大樓,見其他登記事項,鋼筋混凝土構造,0800424,260.79,0,1,1,有,有,無,26400,101,,0.0,0,,RPQNMLOKNHIFFCD77CC
歸仁區,房地(土地+建物),臺南市歸仁區大順街121~150號,76.0,住,,,1020513,土地1建物1車位0,全,4,透天厝,見其他登記事項,鋼筋混凝土造,0870121,203.41,0,0,2,有,無,無,20000,98,,0.0,0,,RPXNMLOKNHIFFFR57CC
東區,房地(土地+建物)+車位,臺南市東區富農街一段131巷1~30號,25.55,住,,,1020505,土地2建物1車位1,三層,8,店面(店鋪),住商用,鋼筋混凝土構造,0860307,172.72,3,1,3,有,有,無,17000,98,升降平面,0.0,0,,RPROMLPKNHIFFCD18DC
仁德區,房地(土地+建物),臺南市仁德區文山路211~240號,73.9,住,,,1020422,土地3建物1車位0,全,5,透天厝,住家用,鋼筋混凝土造,0910814,176.59,4,3,3,有,無,無,18000,102,,0.0,0,,RPPOMLQKNHIFFFR07CC
仁德區,房地(土地+建物),臺南市仁德區德善路1~30號,422.06,住,,,1020503,土地1建物1車位0,見使用執照,3,店面(店鋪),住商用,鋼筋混凝土造,0810307,190.29,4,2,3,有,無,無,15000,79,,0.0,0,,RPQOMLQKNHIFFFR17CC
中西區,房地(土地+建物)+車位,臺南市中西區民生路二段391~420號,17.81,商,,,1020502,土地3建物1車位1,十三層,25,住宅大樓(11層含以上有電梯),見其他登記事項,鋼筋混凝土構造,0890306,197.10000000000002,4,2,2,有,有,有,23000,117,坡道平面,29.08,0,,RPUOMLRKNHIFFAD38CC
北區,房地(土地+建物),臺南市北區開元路442巷51弄1~30號,0.0,住,,,1020516,土地1建物1車位0,全,4,透天厝,住家用,鋼筋混凝土構造,0840228,44.58,1,0,1,有,無,有,5000,112,,0.0,0,,RPPNMLTKNHIFFAD97CC
北區,房地(土地+建物),臺南市北區勝利路206巷1~30號,139.0,住,,,1020515,土地1建物1車位0,全,2,透天厝,住家用,加強磚造,0600223,149.17,4,2,2,有,無,無,16000,107,,0.0,0,,RPOPMLKLNHIFFAD27CC
南區,建物,臺南市南區健康路二段181~210號,283.0,住,,,1020513,土地0建物1車位0,一層,1,店面(店鋪),商業用,見其他登記事項,1020313,185.21,0,0,0,無,無,無,70000,378,,0.0,0,,RPWNMLKLNHIFFCD18DC
永康區,建物,臺南市永康區大橋一街31~60號,0.0,住,,,1020421,土地0建物1車位0,十二層,14,住宅大樓(11層含以上有電梯),住家用,鋼筋混凝土造,0880824,119.69999999999999,3,2,2,有,有,有,13500,113,,0.0,0,1.合約書無填具土地租賃面積.2.由所有權人提供出租資訊3.租金以包含機械式車位,RPQOMLLLNHIFFHR96CC
永康區,建物,臺南市永康區中山南路91~120號,0.0,住,,,1020502,土地0建物1車位0,二層,5,店面(店鋪),住商用,鋼筋混凝土造,0770309,191.68,1,3,2,有,無,無,25000,130,,0.0,0,1.合約書無填具土地租賃面積.2.由所有權人提供出租資訊3.承租B1~2樓,RPSOMLLLNHIFFHR17CC
永康區,建物,臺南市永康區永福街11巷1~30號,0.0,商,,,1020507,土地0建物1車位0,三層,13,店面(店鋪),見其他登記事項,鋼筋混凝土造,0840228,255.94,1,3,3,有,無,無,15000,59,,0.0,0,1.合約書無填具土地租賃面積.2.由所有權人提供出租資訊,RPOPMLLLNHIFFHR86CC
永康區,建物,臺南市永康區大橋一街31~60號,0.0,住,,,1020508,土地0建物1車位0,二層,14,住宅大樓(11層含以上有電梯),國民住宅,鋼筋混凝土造,0880824,117.54,4,2,2,有,有,有,13000,111,,0.0,0,1.合約書無填具土地租賃面積.2.由所有權人提供出租資訊,RPTPMLLLNHIFFHR37CC
北區,建物,臺南市北區北園街8巷1~30號,0.0,商,,,1020417,土地0建物1車位0,四層,19,住宅大樓(11層含以上有電梯),見其他登記事項,鋼筋混凝土構造,0961227,101.9,2,2,1,有,有,有,19000,186,,0.0,0,,RPTOMLLLNHIFFAD77CC
中西區,建物,臺南市中西區萬昌街121~150號,0.0,商,,,1020507,土地0建物1車位0,七層,11,套房(1房1廳1衛),見其他登記事項,見其他登記事項,0950713,38.120000000000005,1,1,1,有,有,有,10500,275,,0.0,0,,RPXOMLLLNHIFFAD18CC
東區,房地(土地+建物),臺南市東區富農路二段43巷1~30號,19.8,住,,,1020610,土地1建物1車位0,一層,5,公寓(5樓含以下無電梯),住家用,鋼筋混凝土構造,0781114,13.99,1,1,1,有,無,有,5000,357,,0.0,0,,RPOPMLLLNHIFFCD57CC
新市區,房地(土地+建物),臺南市新市區信義街31~60號,136.73,住,,,1020601,土地1建物0車位0,一層,1,店面(店鋪),住家用,鋼筋混凝土造,0800517,22.78,1,0,1,有,無,有,8000,351,,0.0,0,,RPPOMLMLNHIFFER66CC
新市區,房地(土地+建物),臺南市新市區新和里信義街31~60號,136.73,住,,,1020523,土地1建物1車位0,一層,4,店面(店鋪),住家用,鋼筋混凝土造,0800517,65.17,5,0,2,有,無,有,4500,69,,0.0,0,,RPSOMLMLNHIFFER96CC
善化區,房地(土地+建物),臺南市善化區小新里陽光北路156巷1~30號,110.35,其他,,,1020601,土地1建物1車位0,全,4,透天厝,住家用,鋼筋混凝土造,1010416,208.05,4,2,4,有,無,有,15500,75,,0.0,0,,RPUOMLMLNHIFFER17CC
新市區,房地(土地+建物),臺南市善化區銘傳街61~90號,90.56,其他,,,1020601,土地1建物1車位0,全,4,透天厝,見其他登記事項,鋼筋混凝土造,1020115,248.31,8,1,8,有,無,有,7500,30,,0.0,0,,RPSNMLOLNHIFFER07CC
南區,房地(土地+建物),臺南市南區金華路二段27巷1~30號,42.5,住,,,1020521,土地1建物1車位0,二層,4,公寓(5樓含以下無電梯),住家用,鋼筋混凝土構造,0670509,76.48,3,2,2,有,無,有,7500,98,,0.0,0,,RPUNMLRLNHIFFCD68DC
安平區,建物,臺南市安平區健康路三段361~390號,99.8,住,,,1020501,土地0建物1車位0,全,4,透天厝,見其他登記事項,鋼筋混凝土構造,0990513,239.47,4,2,4,有,無,無,38000,159,,0.0,0,,RPRNMLRLNHIFFAD08CC
仁德區,房地(土地+建物),臺南市仁德區正義路91~120號,92.03,住,,,1020601,土地1建物1車位0,一層,4,店面(店鋪),住商用,鋼筋混凝土造,0970130,34.32,1,0,1,有,無,無,13000,379,,0.0,0,,RPROMLSLNHIFFFR67DC
安南區,房地(土地+建物),臺南市安南區環館三路13巷30弄91~120號,59.02,住,,,1020505,土地1建物1車位0,全,4,透天厝,住家用,鋼筋混凝土構造,1001114,57.14,4,2,2,有,無,有,18000,315,,0.0,0,,RPUNMLTLNHIFFBD68CC
永康區,房地(土地+建物),臺南市永康區龍中街151~180號,73.0,住,,,1020506,土地1建物1車位0,全,5,透天厝,住商用,鋼筋混凝土造,0811104,16.6,1,0,1,有,無,有,3800,229,,0.0,0,僅承租二樓房間1間,RPWOMLTLNHIFFHR38CC
北區,建物,臺南市北區公園南路361~390號,46.4,住,,,1020524,土地0建物1車位0,十四層,,住宅大樓(11層含以上有電梯),,,,70.72,2,1,1,有,有,有,20000,283,,0.0,0,,RPPOMLTLNHIFFAD18CC
中西區,土地,檨仔林段1~30地號,64.93,商,,,1020515,土地4建物0車位0,,,其他,,,,0.0,0,0,0,有,無,無,8000,123,,0.0,0,,RPTOMLKMNHIFFAD77CC
東區,建物,臺南市東區東門路三段37巷1~30號,111.0,住,,,1020525,土地0建物1車位0,全,4,透天厝,住商用,鋼筋混凝土構造,0721103,231.13,6,3,5,有,無,無,18000,78,,0.0,0,含增建或未登記建物。,RPUNMLKMNHIFFCD08DC
安定區,房地(土地+建物),臺南市安定區港口241~270號,695.0,住,鄉村區,乙種建築用地,1020601,土地1建物1車位0,四層,5,公寓(5樓含以下無電梯),住家用,鋼筋混凝土造,0861001,101.62,3,2,2,有,無,有,6500,64,,0.0,0,,RPSNMLLMNHIFFER86CC
北區,房地(土地+建物)+車位,臺南市北區西門路四段271~300號,17.21,住,,,1020501,土地1建物1車位1,九層,15,住宅大樓(11層含以上有電梯),住家用,鋼筋混凝土構造,0870815,119.61,3,2,2,有,有,有,15000,125,坡道平面,12.93,0,,RPPNMLLMNHIFFAD37CC
北區,房地(土地+建物),臺南市北區長榮路五段41巷61~90號,28.29,住,,,1020522,土地1建物1車位0,五層,14,住宅大樓(11層含以上有電梯),住家用,加強磚造,0610817,148.85,3,2,2,有,有,有,12000,81,,0.0,0,,RPWOMLLMNHIFFAD18CC
北區,房地(土地+建物),臺南市北區小東路299巷9弄1~30號,551.0,住,,,1020601,土地1建物1車位0,五層,5,公寓(5樓含以下無電梯),住家用,鋼筋混凝土構造,0710224,82.48,3,2,2,有,無,有,7000,85,,0.0,0,,RPPNMLLJOHIFFAD17CC
新市區,房地(土地+建物),臺南市新市區華美街1~30號,93.47,其他,,,1020601,土地1建物1車位0,全,4,透天厝,住商用,鋼筋混凝土造,0890211,192.22,9,1,9,有,無,有,4700,24,,0.0,0,,RPPOMLNJOHIFFER66CC
新市區,房地(土地+建物),臺南市新市區民生路1~30號,122.51,住,,,1020505,土地1建物1車位0,全,3,透天厝,住商用,鋼筋混凝土造,0760810,43.57,0,0,0,無,無,無,6000,138,,0.0,0,,RPSNMLNJOHIFFER96DC
新市區,房地(土地+建物),臺南市新市區復興路62巷1~30號,11.94,住,,,1020503,土地1建物1車位0,六層,8,華廈(10層含以下有電梯),住家用,鋼筋混凝土造,0840531,55.11,2,1,1,有,無,有,7000,127,,0.0,0,,RPTNMLNJOHIFFER07DC
新市區,土地,三舍段421~450地號,4295.0,,特定農業區,農牧用地,1020510,土地2建物0車位0,,,其他,,,,0.0,0,0,0,有,無,有,6000,1,,0.0,0,,RPUNMLNJOHIFFER17DC
善化區,房地(土地+建物),臺南市善化區中山路31~60號,123.6,住,,,1020510,土地1建物1車位0,全,3,透天厝,住家用,鋼筋混凝土造,0780706,141.26,3,1,2,有,無,無,15000,106,,0.0,0,,RPVNMLNJOHIFFER27DC
善化區,房地(土地+建物),臺南市善化區蓮潭路121~150號,161.0,住,,,1020701,土地1建物1車位0,三層,3,店面(店鋪),見其他登記事項,鋼筋混凝土造,1010406,201.54,5,2,4,有,無,無,23000,114,,0.0,0,,RPTNMLOJOHIFFER07CC
東區,建物,臺南市東區林森路一段1~30號,0.0,商,,,1020414,土地0建物1車位0,一層,2,店面(店鋪),住家用,見其他登記事項,0770209,105.65,0,0,0,無,無,無,22727,215,,0.0,0,1.合約書無填具土地租賃面積.2.由所有權人提供出租資訊3.實際完成合約書拿到日為102.5.30,RPPOMLOJOHIFFCD77CC
東區,建物,臺南市東區崇明十四街60巷1~30號,0.0,商,,,1020514,土地0建物1車位0,三層,6,華廈(10層含以下有電梯),住家用,鋼筋混凝土構造,0791226,92.05000000000001,3,1,2,有,有,有,9000,98,,0.0,0,1.租賃契約書無填寫土地租賃面積。2.由所有權人提供租屋資訊。3.租金已包含一機械車位。,RPQNMLPJOHIFFCD87CC
東區,房地(土地+建物)+車位,臺南市東區育樂街66巷1~30號,50.51,住,,,1020602,土地1建物1車位1,五層,9,華廈(10層含以下有電梯),國民住宅,鋼筋混凝土構造,0910102,159.37,3,2,2,有,有,無,13000,82,坡道平面,24.72,0,,RPUNMLPJOHIFFCD28CC
永康區,建物,臺南市永康區中山北路164巷68弄1~30號,0.0,住,,,1020502,土地0建物1車位0,全,4,透天厝,見使用執照,鋼筋混凝土造,0900117,183.0,5,2,3,有,無,有,18000,98,,0.0,0,1.租賃契約書無填寫土地租賃面積。2.由所有權人提供租屋資訊。3.租賃層次為整棟透天。4.實際完成拿到合約書日期為102.5.6。,RPVNMLPJOHIFFHR67CC
中西區,房地(土地+建物),臺南市中西區府前路一段271~300號,16.82,商,,,1020604,土地2建物2車位0,四層,12,辦公商業大樓,商業用,鋼筋混凝土構造,0711217,201.26999999999998,0,0,0,無,有,無,25000,124,,0.0,0,,RPUNMLPJOHIFFAD18DC
永康區,房地(土地+建物),臺南市永康區中華路1~30號,11.89,住,,,1020605,土地1建物1車位0,十五層,19,住宅大樓(11層含以上有電梯),住家用,鋼筋混凝土造,0800812,44.6,3,2,2,有,有,無,12000,269,,0.0,0,,RPPQMLQJOHIFFHR47CC
東區,房地(土地+建物),臺南市東區莊敬路121~150號,64.0,住,,,1020521,土地1建物1車位0,全,4,透天厝,住商用,鋼筋混凝土構造,0780906,209.9,4,2,4,有,無,有,18000,86,,0.0,0,,RPSNMLQJOHIFFCD18CC
東區,房地(土地+建物),臺南市東區仁和路61~90號,21.08,住,,,1020604,土地1建物1車位0,四層,7,華廈(10層含以下有電梯),住商用,鋼筋混凝土構造,0821018,99.77,3,2,2,有,有,有,9000,90,,0.0,0,,RPTNMLQJOHIFFCD28CC
南區,建物,臺南市南區大同路二段406巷1~30號,0.0,住,,,1020429,土地0建物1車位0,五層,5,公寓(5樓含以下無電梯),住家用,鋼筋混凝土構造,0710226,100.25,3,2,2,有,無,有,10000,100,,0.0,0,,RPWNMLQJOHIFFCD58CC
南區,房地(土地+建物),臺南市南區德南路61~90號,0.0,住,,,1020531,土地1建物1車位0,全,2,透天厝,住家用,鋼筋混凝土構造,0750612,137.84,4,2,4,有,無,無,14000,102,,0.0,0,租賃合約書無填寫土地租賃,RPPOMLQJOHIFFCD97CC
中西區,房地(土地+建物),臺南市中西區永福路一段31~60號,27.23,住,,,1020527,土地1建物1車位0,五層,5,公寓(5樓含以下無電梯),住家用,鋼筋混凝土構造,0770405,86.4,3,2,2,有,無,有,8000,93,,0.0,0,,RPTNMLQJOHIFFAD08CC
中西區,房地(土地+建物),臺南市中西區和緯路四段277巷1~30號,131.57,住,,,1020601,土地1建物1車位0,全,3,透天厝,住家用,鋼筋混凝土構造,0690908,221.28,6,2,3,有,無,無,14500,66,,0.0,0,,RPUNMLQJOHIFFAD18CC
北區,房地(土地+建物),臺南市北區中華北路二段53巷1~30號,95.71,住,,,1020531,土地1建物1車位0,四層,4,店面(店鋪),見其他登記事項,鋼筋混凝土構造,0890110,216.69,5,2,2,有,無,無,16000,74,,0.0,0,,RPVNMLQJOHIFFAD28CC
北區,建物,臺南市北區開元路485巷41弄1~30號,0.0,商,,,1020508,土地0建物1車位0,六層,14,住宅大樓(11層含以上有電梯),見其他登記事項,鋼筋混凝土構造,0891120,33.1,1,0,1,有,有,有,6500,196,,0.0,0,,RPSPMLQJOHIFFAD18CC
中西區,房地(土地+建物),臺南市中西區民族路三段181~210號,0.0,住,,,1020523,土地1建物1車位0,見其他登記事項,3,店面(店鋪),住家用,加強磚造,0570320,228.9,2,1,1,有,無,無,20000,87,,0.0,0,,RPTPMLQJOHIFFAD28CC
北區,建物,臺南市北區北園街8巷1~30號,0.0,商,,,1020510,土地0建物1車位0,十二層,19,住宅大樓(11層含以上有電梯),見其他登記事項,鋼筋混凝土構造,0961227,114.27000000000001,2,1,1,有,有,有,18000,158,,0.0,0,,RPUPMLQJOHIFFAD38CC
永康區,房地(土地+建物),臺南市永康區復興路241~270號,47.66,商,,,1020701,土地1建物1車位0,全,3,透天厝,住商用,鋼筋混凝土造,0741123,117.45,4,2,3,有,無,無,16000,136,,0.0,0,,RPXNMLRJOHIFFHR08CC
安定區,房地(土地+建物),臺南市安定區蘇厝331~360號,547.48,住,鄉村區,乙種建築用地,1020605,土地1建物1車位0,全,5,透天厝,住家用,鋼筋混凝土造,0781206,306.3,6,2,3,有,無,有,27000,88,,0.0,0,,RPVNMLRJOHIFFER57CC
新市區,房地(土地+建物),臺南市新市區復興路62巷1~30號,3512.54,住,,,1020609,土地1建物1車位0,三層,8,華廈(10層含以下有電梯),住家用,鋼筋混凝土造,0840531,44.04,2,1,1,有,有,有,8000,182,,0.0,0,,RPSNMLKKOHIFFER66CC
新市區,房地(土地+建物),臺南市新市區永就路31~60號,99.0,住,鄉村區,乙種建築用地,1020701,土地1建物1車位0,全,3,透天厝,住家用,鋼筋混凝土造,0811231,177.92,4,2,3,有,無,無,12000,67,,0.0,0,,RPTNMLKKOHIFFER76CC
永康區,土地,大灣段3781~3810地號,318.0,工,,,1020523,土地1建物0車位0,,,廠辦,,,,0.0,0,0,0,有,無,無,12800,40,,0.0,0,,RPRNMLKKOHIFFHR96DC
永康區,建物,臺南市永康區復國一路301~330號,15.7,其他,,,1020511,土地0建物1車位0,一層,9,店面(店鋪),見其他登記事項,鋼筋混凝土造,0840908,146.57,0,0,0,無,有,無,40000,273,,0.0,0,附帶租二樓一小部分,RPTQMLKKOHIFFHR47DC
東區,建物,臺南市東區衛國街112巷31~60號,0.0,住,,,1020510,土地0建物1車位0,七層,7,華廈(10層含以下有電梯),國民住宅,鋼筋混凝土構造,0690522,62.0,2,1,1,有,無,有,8500,137,,0.0,0,1.合約書無填具土地租賃面積.2.由所有權人提供出租資訊,RPROMLKKOHIFFCD67CC
東區,建物,臺南市東區衛國街112巷31~60號,0.0,住,,,1020510,土地0建物1車位0,七層,7,華廈(10層含以下有電梯),國民住宅,鋼筋混凝土構造,0690522,77.38,3,2,2,有,無,有,8500,110,,0.0,0,1.合約書無填具土地租賃面積.2.由所有權人提供出租資訊,RPWOMLKKOHIFFCD18CC
東區,建物,臺南市東區東安路121~150號,0.0,住,,,1020513,土地0建物1車位0,一層,4,店面(店鋪),住商用,鋼筋混凝土構造,0750920,51.0,1,0,1,有,無,無,15000,294,,0.0,0,1.合約書無填具土地租賃面積.2.由所有權人提供出租資訊,RPXOMLKKOHIFFCD28CC
中西區,房地(土地+建物),臺南市中西區民族路二段31~60號,274.49,商,,,1020601,土地1建物1車位0,全,5,透天厝,住工用,加強磚造,0540101,1258.2,0,0,0,無,無,無,350000,278,,0.0,0,,RPPNMLLKOHIFFAD27CC
北區,房地(土地+建物),臺南市北區文賢路751~780號,209.33,住,,,1020610,土地1建物1車位0,一層,1,店面(店鋪),見其他登記事項,見其他登記事項,0940825,36.6,0,0,0,無,無,無,30000,820,,0.0,0,,RPQPMLLKOHIFFAD57CC
中西區,房地(土地+建物),臺南市中西區中正路241~270號,21.0,其他,,,1020329,土地1建物1車位0,一層,1,店面(店鋪),商業用,鋼筋混凝土構造,0230101,132.23,0,0,0,無,無,有,85000,643,,0.0,0,,RPVPMLLKOHIFFAD08CC
中西區,房地(土地+建物),臺南市中西區臨安路一段31~60號,7.66,住,,,1020602,土地1建物1車位0,一層,5,公寓(5樓含以下無電梯),住家用,鋼筋混凝土構造,0681013,24.83,2,2,1,有,無,有,7500,302,,0.0,0,,RPPNMLMKOHIFFAD37CC
東區,房地(土地+建物),臺南市東區東門路二段158巷31~60號,5.09,住,,,1020601,土地1建物1車位0,一層,9,住宅大樓(11層含以上有電梯),住家用,鋼筋混凝土構造,0880401,34.3,3,2,2,有,有,有,14000,408,,0.0,0,,RPPNMLMKOHIFFCD57CC
永康區,建物,臺南市永康區中山東路151~180號,0.0,住,,,1020519,土地0建物1車位0,十層,11,住宅大樓(11層含以上有電梯),住家用,鋼筋混凝土造,0900110,66.72,3,2,2,有,無,有,12000,180,,0.0,0,1.合約書無填具土地租賃面積.2.由所有權人提供出租資訊,RPXNMLNKOHIFFHR77CC
永康區,建物,臺南市永康區中正路256巷1~30號,0.0,住,,,1020605,土地0建物1車位0,十五層,15,住宅大樓(11層含以上有電梯),住家用,鋼筋混凝土造,0820824,112.87,3,2,2,有,有,有,12000,106,,0.0,0,1.因合約書無填具土地租賃面積2.由所有權人提供出資料,RPVNMLOKOHIFFHR67CC
永康區,建物,臺南市永康區中華路912巷31~60號,0.0,住,,,1020502,土地0建物0車位0,六層,7,華廈(10層含以下有電梯),住家用,鋼筋混凝土造,0830328,71.57000000000001,3,0,1,有,有,有,10000,140,,0.0,0,1.因合約書無填具土地租賃面積2.由所有權人提供出資料,RPXNMLOKOHIFFHR87CC
永康區,房地(土地+建物),臺南市永康區蔦松二街31~60號,0.0,住,,,1020507,土地1建物0車位0,全,2,透天厝,住商用,加強磚造,0740412,115.07,4,2,2,有,無,無,12000,104,,0.0,0,1.因合約書無填具土地租賃面積2.由所有權人提供出資料3.租賃層次為整棟,RPOOMLOKOHIFFHR07CC
善化區,土地,大成段121~150地號,98.32,其他,,,1020617,土地1建物0車位0,,,其他,,,,0.0,3,2,1,有,無,有,22000,224,,0.0,0,,RPRPMLOKOHIFFER17CC
歸仁區,房地(土地+建物),臺南市歸仁區中正南路二段1~30號,0.0,住,,,1020429,土地1建物1車位0,全,4,透天厝,住商用,鋼筋混凝土造,0961009,239.71,5,2,4,有,無,無,22222,93,,0.0,0,1.因合約書無填具土地租賃面積2.由所有權人提供出資料3.租賃層次為整棟,RPWNMLOKOHIFFFR57CC
東區,建物,臺南市東區文化路61~90號,0.0,住,,,1020528,土地0建物0車位0,全,4,透天厝,見其他登記事項,見其他登記事項,0941130,49.57,0,0,0,無,無,無,16000,323,,0.0,0,,RPRNMLOKOHIFFCD97CC
南區,房地(土地+建物),臺南市南區健康路二段331~360號,0.0,住,,,1020522,土地1建物1車位0,全,4,透天厝,住商用,鋼筋混凝土構造,0770530,110.86,0,0,0,有,無,無,28000,253,,0.0,0,,RPOOMLOKOHIFFCD77CC
東區,房地(土地+建物),臺南市東區裕豐街31~60號,0.0,住,,,1020527,土地1建物1車位0,一層,2,店面(店鋪),住家用,加強磚造,0571204,72.76,0,0,1,有,無,無,10000,137,,0.0,0,1.因合約書無填具土地租賃面積2.由所有權人提供出資料3.租賃層次為整棟,RPPOMLOKOHIFFCD87CC
南區,建物,臺南市南區大同路二段136巷1~30號,0.0,住,,,1020430,土地0建物1車位0,十一層,13,住宅大樓(11層含以上有電梯),國民住宅,鋼筋混凝土構造,0881021,146.11,3,2,2,有,有,有,11500,79,,0.0,0,,RPROMLOKOHIFFCD08CC
南區,建物,臺南市南區金華路二段100巷31~60號,0.0,住,,,1020509,土地0建物1車位0,四層,7,華廈(10層含以下有電梯),住家用,鋼筋混凝土構造,0800815,77.91,3,1,2,有,有,有,7000,90,,0.0,0,,RPSOMLOKOHIFFCD18CC
中西區,建物,臺南市中西區友愛街181~210號,0.0,商,,,1020528,土地0建物2車位0,全,3,透天厝,住商用,鋼筋混凝土構造,0620417,248.4,5,2,4,有,無,無,22000,89,,0.0,0,,RPRNMLOKOHIFFAD77CC
中西區,房地(土地+建物),臺南市中西區府前路一段61~90號,11.3,商,,,1020605,土地1建物1車位0,七層,11,辦公商業大樓,商業用,鋼筋混凝土構造,0800416,50.72,3,1,1,有,有,無,20000,394,,0.0,0,,RPVNMLOKOHIFFAD18CC
安平區,建物,臺南市安平區建平六街80巷91~120號,0.0,住,,,1020529,土地0建物1車位0,五層,6,華廈(10層含以下有電梯),住家用,鋼筋混凝土構造,0800202,61.68,1,1,1,有,有,有,8000,130,,0.0,0,,RPOOMLOKOHIFFAD57CC
安平區,建物,臺南市安平區建平八街541~570號,0.0,住,,,1020612,土地0建物0車位0,二十二層,26,住宅大樓(11層含以上有電梯),住家用,鋼筋混凝土構造,0870105,142.78,3,2,2,有,有,有,16000,112,,0.0,0,,RPPOMLOKOHIFFAD67CC
安平區,建物,臺南市安平區建平八街450巷1~30號,0.0,住,,,1020520,土地0建物0車位0,七層,9,華廈(10層含以下有電梯),住家用,鋼筋混凝土構造,0830330,128.5,3,1,2,有,有,無,8500,66,,0.0,0,,RPROMLOKOHIFFAD87CC
安平區,建物,臺南市安平區育平五街1~30號,0.0,住,,,1020506,土地0建物0車位0,十九層,22,住宅大樓(11層含以上有電梯),住家用,鋼筋混凝土構造,0861021,185.62,4,2,2,有,有,有,25000,135,,0.0,0,,RPSOMLOKOHIFFAD97CC
安平區,建物,臺南市安平區建平九街1~30號,0.0,住,,,1020524,土地0建物0車位0,見其他登記事項,5,店面(店鋪),住商用,鋼筋混凝土構造,0830811,194.18,0,0,0,無,無,無,32000,165,,0.0,0,,RPWOMLOKOHIFFAD38CC
永康區,土地,崑山段721~750地號,74.68,其他,,,1020515,土地1建物0車位0,,,店面(店鋪),,,,0.0,0,0,0,有,無,有,62500,837,,0.0,0,,RPWNMLPKOHIFFHR87CC
永康區,建物,臺南市永康區永安路165巷30弄1~30號,0.0,住,,,1020519,土地0建物1車位0,六層,6,華廈(10層含以下有電梯),住家用,鋼筋混凝土造,0811216,144.47,3,1,2,有,有,有,10000,69,,0.0,0,1.合約書無填具土地租賃面積.2.由所有權人提供出租資訊3.租金以包含平面車位,RPTPMLRKOHIFFHR97CC
永康區,房地(土地+建物),臺南市永康區崑山街21巷1~30號,155.0,住,,,1020606,土地1建物1車位0,全,3,透天厝,住家用,加強磚造,0751009,195.04,4,2,4,有,無,有,23000,118,,0.0,0,,RPWNMLRKOHIFFHR18DC
北區,建物,臺南市北區北華街151~180號,0.0,商,,,1020526,土地0建物1車位0,四層,6,套房(1房1廳1衛),住家用,鋼筋混凝土構造,0870617,55.0,1,1,1,有,無,有,5500,100,,0.0,0,,RPOQMLRKOHIFFAD08CC
東區,建物,臺南市東區崇善十二街6巷15弄1~30號,0.0,住,,,1020523,土地0建物1車位0,一層,6,店面(店鋪),住商用,鋼筋混凝土構造,0830330,146.28,3,2,2,有,無,有,10000,68,,0.0,0,,RPQOMLRKOHIFFCD28CC
東區,建物,臺南市東區崇德路781~810號,0.0,住,,,1020530,土地0建物1車位0,四層,8,華廈(10層含以下有電梯),住家用,鋼筋混凝土構造,0860729,158.32,4,2,2,有,無,有,12000,76,,0.0,0,,RPSOMLRKOHIFFCD48CC
中西區,建物,臺南市中西區府前路一段211~240號,0.0,住,,,1020601,土地0建物1車位0,一層,12,店面(店鋪),見其他登記事項,鋼筋混凝土構造,0921106,225.14,2,1,2,有,有,無,60000,267,,0.0,0,,RPUNMLSKOHIFFAD48CC
中西區,建物,臺南市中西區府前路一段301~330號,77.33,其他,,,1020615,土地0建物1車位0,一層,4,店面(店鋪),住商用,鋼筋混凝土構造,0661104,63.83,0,0,0,無,無,無,26000,407,,0.0,0,,RPOPMLSKOHIFFAD08CC
仁德區,房地(土地+建物),臺南市仁德區和愛街1~30號,47.2,住,,,1020601,土地1建物1車位0,四層,14,住宅大樓(11層含以上有電梯),住家用,鋼筋混凝土造,0990422,102.03,3,1,2,有,有,無,8500,83,,0.0,0,,RPSNMLSKOHIFFFR67DC
仁德區,土地,太子段361~390地號,253.28,住,,,1020613,土地1建物0車位0,,,其他,,,,0.0,1,0,1,有,無,無,4000,16,,0.0,0,建物未保存登記,RPRNMLSKOHIFFFR47CC
東區,房地(土地+建物),臺南市東區崇德路781~810號,98.11,商,,,1020601,土地1建物1車位0,一層,8,住宅大樓(11層含以上有電梯),見其他登記事項,鋼筋混凝土構造,0860729,745.42,6,1,4,有,有,無,65000,87,,0.0,0,,RPUNMLSKOHIFFCD78DC
永康區,建物,臺南市永康區中正路961~990號,29.9,,,,1020701,土地0建物1車位0,七層,7,華廈(10層含以下有電梯),住家用,鋼筋混凝土造,0810409,107.64,3,2,2,有,無,有,13000,121,,0.0,0,,RPRNMLSKOHIFFHR67CC
安南區,房地(土地+建物),臺南市安南區海佃路一段320巷1~30號,86.85,其他,,,1020506,土地1建物1車位0,全,2,透天厝,住家用,加強磚造,0661209,89.78,3,2,2,有,無,有,7200,80,,0.0,0,,RPTNMLTKOHIFFBD58CC
安南區,房地(土地+建物),臺南市安南區海佃路一段211~240號,127.01,其他,,,1020520,土地1建物1車位0,全,3,透天厝,住商用,鋼筋混凝土構造,1010328,148.42,4,2,3,有,無,無,51500,347,,0.0,0,,RPUNMLTKOHIFFBD68CC
中西區,房地(土地+建物),臺南市中西區民權路三段331~360號,5.0,住,,,1020618,土地1建物1車位0,一層,7,住宅大樓(11層含以上有電梯),住家用,鋼筋混凝土構造,0810130,21.64,3,2,2,有,無,有,6500,300,,0.0,0,,RPQNMLTKOHIFFAD18CC
北區,房地(土地+建物),臺南市北區開元路91~120號,0.0,住,,,1020606,土地1建物1車位0,五層,11,套房(1房1廳1衛),住家用,鋼筋混凝土構造,0790605,23.0,1,0,1,有,無,有,5300,230,,0.0,0,,RPVNMLTKOHIFFAD68CC
安平區,房地(土地+建物),臺南市安平區民權路四段421~450號,66.92,其他,,,1020614,土地1建物1車位0,全,4,透天厝,見其他登記事項,鋼筋混凝土構造,0840926,18.02,4,2,4,有,無,有,9000,499,,0.0,0,,RPPPMLTKOHIFFAD28CC
安平區,房地(土地+建物),臺南市安平區民權路四段421~450號,66.92,其他,,,1020614,土地1建物1車位0,全,4,透天厝,見其他登記事項,鋼筋混凝土構造,0840926,113.7,4,2,4,有,無,有,11000,97,,0.0,0,,RPQPMLTKOHIFFAD38CC
東區,房地(土地+建物),臺南市東區莊敬路61~90號,0.0,其他,,,1020606,土地1建物1車位0,全,4,透天厝,住商用,鋼筋混凝土構造,0750612,185.6,5,2,3,有,無,無,20000,108,,0.0,0,,RPUNMLTKOHIFFCD78CC
東區,房地(土地+建物),臺南市東區祟明路181~210號,178.0,其他,,,1020610,土地1建物1車位0,全,5,透天厝,住商用,鋼筋混凝土構造,0770324,240.09,0,0,0,無,無,有,32000,133,,0.0,0,,RPSOMLTKOHIFFCD68CC
中西區,建物,臺南市中西區民族路三段31~60號,35.16,商,,,1020620,土地0建物1車位0,一層,11,辦公商業大樓,住商用,鋼筋混凝土構造,0800321,311.56,1,1,2,有,無,有,27000,87,,0.0,0,,RPUOMLKLOHIFFAD87CC
永康區,房地(土地+建物),臺南市永康區中山北路61~90號,57.0,住,,,1020618,土地1建物1車位0,二層,8,華廈(10層含以下有電梯),住商用,鋼筋混凝土造,0841102,96.5,3,2,2,有,有,無,9000,93,,0.0,0,,RPQOMLLLOHIFFHR07CC
安平區,建物,臺南市安平區郡平路181~210號,7796.0,住,,,1020620,土地0建物1車位0,十一層,17,住宅大樓(11層含以上有電梯),住家用,鋼筋混凝土構造,0850907,106.22,4,2,2,有,無,有,13500,127,,0.0,0,,RPQNMLNLOHIFFAD67CC
東區,建物,臺南市東區東門路二段43巷1~30號,222.0,住,,,1020615,土地0建物1車位0,全,5,透天厝,住家用,鋼筋混凝土構造,0770406,77.06,3,2,1,有,無,無,6300,82,,0.0,0,,RPPNMLNLOHIFFCD77CC
東區,建物,臺南市東區府東街61~90號,0.0,住,,,1020525,土地0建物1車位0,一層,7,店面(店鋪),商業用,鋼筋混凝土構造,0890605,143.94,0,1,1,有,有,有,22000,153,,0.0,0,,RPUNMLOLOHIFFCD38CC
東區,建物,臺南市東區怡東路151~180號,0.0,住,,,1020610,土地0建物1車位0,全,4,透天厝,住商用,鋼筋混凝土構造,0760813,235.06,5,2,3,有,無,有,15000,64,,0.0,0,,RPVNMLOLOHIFFCD48CC
東區,房地(土地+建物),臺南市東區立德11路55巷1~30號,0.0,住,,,1020622,土地1建物1車位0,四層,5,公寓(5樓含以下無電梯),住商用,加強磚造,0620713,34.78,2,1,1,有,無,有,5000,144,,0.0,0,,RPWNMLOLOHIFFCD58CC
東區,房地(土地+建物)+車位,臺南市東區長榮路一段1~30號,0.0,住,,,1020613,土地2建物2車位1,八層,14,住宅大樓(11層含以上有電梯),住家用,鋼筋混凝土構造,0991213,105.66,3,1,2,有,無,有,29500,279,坡道平面,21.93,0,,RPTOMLOLOHIFFCD38CC
東區,房地(土地+建物),臺南市東區崇德十二路61~90號,20.81,住,,,1020614,土地1建物1車位0,三層,7,華廈(10層含以下有電梯),住家用,鋼筋混凝土構造,0800422,72.42,3,2,2,有,無,有,12500,173,,0.0,0,,RPPNMLPLOHIFFCD97CC
中西區,房地(土地+建物),臺南市中西區永福路一段31~60號,27.23,住,,,1020619,土地1建物1車位0,五層,5,公寓(5樓含以下無電梯),住家用,鋼筋混凝土構造,0770405,86.4,3,2,2,有,無,有,8000,93,,0.0,0,,RPRNMLPLOHIFFAD97CC
北區,土地,北元段301~330地號,245.92,商,,,1020618,土地1建物0車位0,,,其他,,,,0.0,0,0,0,有,無,無,45000,183,,0.0,0,,RPVNMLPLOHIFFAD38CC
東區,房地(土地+建物),臺南市東區崇德路781~810號,98.11,商,,,1020601,土地1建物1車位0,一層,8,店面(店鋪),見其他登記事項,鋼筋混凝土構造,0860729,745.42,6,1,4,有,有,無,65000,87,,0.0,0,,RPXNMLRLOHIFFCD09DC
東區,房地(土地+建物),臺南市東區崇德18街1~30號,13.15,住,,,1020605,土地1建物1車位0,六層,6,華廈(10層含以下有電梯),商業用,鋼筋混凝土構造,0820216,77.14,5,0,5,有,有,有,12000,156,,0.0,0,,RPOOMLRLOHIFFCD28DC
東區,房地(土地+建物),臺南市東區東寧路201巷1~30號,75.0,住,,,1020619,土地1建物1車位0,全,3,透天厝,住家用,鋼筋混凝土構造,0750626,173.3,4,2,3,有,無,無,20000,115,,0.0,0,,RPXNMLSLOHIFFCD56DC
安南區,建物,臺南市安南區安和路三段121~150號,0.0,,,,1020701,土地0建物1車位0,全,4,透天厝,見其他登記事項,鋼筋混凝土構造,0780204,63.84,0,1,1,有,無,無,8000,125,,0.0,0,租賃標的為本棟建物之ㄧ樓店面因合約書未填具土地租賃面積,RPSOMLSLOHIFFBD58CC
仁德區,建物,臺南市仁德區太子路101巷61~90號,0.0,住,,,1020604,土地0建物1車位0,全,2,透天厝,住商用,加強磚造,0700101,104.0,3,2,2,有,無,有,6500,63,,0.0,0,1.租賃契約書無填寫土地租賃面積。2.由所有權人提供租屋資訊。3.出租層次1~2樓整棟透天出租,RPSOMLSLOHIFFFR77CC
仁德區,建物,臺南市仁德區和愛街1~30號,0.0,住,,,1020604,土地0建物1車位0,四層,14,住宅大樓(11層含以上有電梯),住家用,鋼筋混凝土造,0990422,174.15,3,2,2,有,有,有,11000,63,,0.0,0,1.租賃契約書無填寫土地租賃面積。2.由所有權人提供租屋資訊。3.租金包含一平面車位。,RPTOMLSLOHIFFFR87CC
永康區,房地(土地+建物),臺南市永康區國光七街1~30號,106.0,住,,,1020626,土地1建物1車位0,全,4,透天厝,見其他登記事項,鋼筋混凝土造,0860524,249.34,4,2,3,有,無,無,22000,88,,0.0,0,租賃整棟,RPROMLSLOHIFFHR97DC
永康區,建物,臺南市永康區大橋二街239巷21弄31~60號,0.0,住,,,1020612,土地0建物1車位0,四層,5,套房(1房1廳1衛),住家用,鋼筋混凝土造,0830701,24.52,1,1,1,有,有,有,5000,204,,0.0,0,1.租賃契約書無填寫土地租賃面積。2.由所有權人提供租屋資訊。,RPSOMLSLOHIFFHR97CC
新市區,房地(土地+建物),臺南市新市區信義街1~30號,80.6,其他,,,1020701,土地1建物1車位0,全,4,透天厝,見其他登記事項,鋼筋混凝土造,1001107,223.93,6,1,6,有,無,有,6500,29,,0.0,0,,RPPPMLSLOHIFFER47CC
新市區,房地(土地+建物),臺南市善化區銘傳街61~90號,90.56,其他,,,1020610,土地1建物1車位0,全,4,透天厝,見其他登記事項,鋼筋混凝土造,1020115,248.31,6,1,6,有,無,有,8250,33,,0.0,0,,RPQPMLSLOHIFFER57CC
善化區,土地,曾文段2641~2670地號,41.0,其他,,,1020716,土地1建物0車位0,,,店面(店鋪),,,,0.0,3,0,1,有,無,無,10000,244,,0.0,0,,RPTRMLSLOHIFFER08CC
新市區,房地(土地+建物),臺南市新市區大營61~90號,64.0,其他,鄉村區,乙種建築用地,1020715,土地1建物1車位0,全,4,透天厝,住家用,鋼筋混凝土造,0850316,118.58,2,1,3,有,無,有,12000,101,,0.0,0,,RPURMLSLOHIFFER18CC
中西區,建物,臺南市中西區臺南市中西區府前路一段211~240號,0.0,住,,,1020531,土地0建物1車位0,一層,12,店面(店鋪),見其他登記事項,鋼筋混凝土構造,0921106,225.14,2,1,2,有,有,無,60000,267,,0.0,0,,RPUOMLSLOHIFFAD68CC
中西區,建物,臺南市中西區民權路四段151~180號,0.0,住,,,1020603,土地0建物1車位0,全,2,透天厝,住家用,加強磚造,0701121,169.78,4,2,3,有,無,無,30000,177,,0.0,0,,RPVOMLSLOHIFFAD78CC
北區,房地(土地+建物),臺南市北區崇安街121~150號,0.0,住,,,1020610,土地1建物1車位0,全,3,透天厝,住家用,加強磚造,0590820,118.84,7,1,2,有,無,有,13000,109,,0.0,0,,RPUNMLLJPHIFFAD77CC
東區,房地(土地+建物),臺南市東區東光路二段109巷31~60號,69.0,住,,,1020609,土地1建物1車位0,全,2,透天厝,住家用,加強磚造,0680331,78.8,5,2,2,有,無,無,12000,152,,0.0,0,,RPQPMLLJPHIFFCD77CC
永康區,房地(土地+建物),臺南市永康區成功路172巷8弄1~30號,0.0,住,,,1020610,土地2建物1車位0,全,2,透天厝,住家用,加強磚造,0770114,178.83,5,2,4,有,無,有,18000,101,,0.0,0,租賃合約書無填寫土地租賃,RPQOMLLJPHIFFHR96CC
永康區,建物,臺南市永康區中山南路195巷30弄1~30號,0.0,住,,,1020603,土地0建物1車位0,全,3,透天厝,住家用,加強磚造,0730416,102.72,5,2,2,有,無,有,13500,131,,0.0,0,1.合約書無填具土地租賃面積.2.由所有權人提供出租資訊,RPWNMLMJPHIFFHR57CC
永康區,房地(土地+建物),臺南市永康區永大路三段421~450號,120.0,住,,,1020701,土地1建物1車位0,全,5,透天厝,住商用,鋼筋混凝土造,0830924,364.56,7,2,6,有,無,無,30000,82,,0.0,0,,RPOOMLMJPHIFFHR86CC
善化區,房地(土地+建物),臺南市善化區成功路349巷1~30號,70.0,住,,,1020710,土地1建物1車位0,全,3,透天厝,住家用,鋼筋混凝土造,0830303,127.5,4,2,2,有,無,有,12000,94,,0.0,0,,RPOOMLMJPHIFFER56CC
北區,建物,臺南市北區文賢二街157巷1~30號,0.0,住,,,1020518,土地0建物1車位0,全,3,透天厝,住家用,鋼筋混凝土構造,0780907,211.59,5,2,4,有,無,有,18000,85,,0.0,0,,RPQOMLMJPHIFFAD57CC
北區,建物,臺南市北區開南街165巷1~30號,0.0,住,,,1020603,土地0建物1車位0,全,2,透天厝,住家用,加強磚造,0670327,97.98,2,1,1,有,無,有,5000,51,,0.0,0,,RPROMLMJPHIFFAD67CC
中西區,土地,環河段2521~2550地號,565.0,住,,,1020615,土地1建物0車位0,,,其他,,,,0.0,0,0,0,無,無,無,35000,62,,0.0,0,,RPWOMLMJPHIFFAD18CC
東區,房地(土地+建物)+車位,臺南市東區東門路二段181~210號,21.07,住,,,1020620,土地1建物1車位1,二層,9,華廈(10層含以下有電梯),住家用,鋼筋混凝土構造,0870720,172.65,3,2,2,有,無,有,12000,70,坡道平面,0.0,0,,RPPNMLNJPHIFFCD67CC
東區,建物,臺南市東區裕和二街91~120號,0.0,,,,1020701,土地0建物2車位1,五層,7,華廈(10層含以下有電梯),住家用,鋼筋混凝土構造,0961106,173.22,3,2,3,有,有,有,17000,98,坡道平面,19.8,0,,RPUNMLNJPHIFFCD18CC
新市區,房地(土地+建物),臺南市新市區華美街1~30號,93.47,其他,,,1020705,土地1建物1車位0,全,4,透天厝,住商用,鋼筋混凝土造,0890211,192.22,9,1,9,有,無,有,4500,23,,0.0,0,,RPPNMLNJPHIFFER66CC
北區,房地(土地+建物),臺南市北區中華北路二段31~60號,82.36,住,,,1020703,土地1建物1車位0,四層,4,店面(店鋪),住商用,鋼筋混凝土構造,0890110,252.87,5,1,4,有,無,無,18000,71,,0.0,0,,RPRNMLOJPHIFFAD77CC
新市區,房地(土地+建物),臺南市新市區信義街31~60號,136.73,住,,,1020710,土地1建物1車位0,一層,4,店面(店鋪),住家用,鋼筋混凝土造,0800517,192.1,0,0,0,有,無,無,8000,42,,0.0,0,,RPWNMLPJPHIFFER57CC
新市區,房地(土地+建物),臺南市新市區民生路71巷1~30號,23.15,住,,,1020605,土地1建物1車位0,五層,6,華廈(10層含以下有電梯),住家用,鋼筋混凝土造,0831021,121.77,3,2,2,有,無,有,12000,99,,0.0,0,租金內含管理費,RPUNMLPJPHIFFER47DC
歸仁區,房地(土地+建物),臺南市歸仁區中正南路二段1~30號,0.0,住,,,1020622,土地1建物1車位0,全,4,透天厝,住商用,鋼筋混凝土造,0961009,235.21,5,2,3,有,無,有,22000,94,,0.0,0,1.因合約書無填具土地租賃面積2.有所有權人提供出資料3.租賃層次為整棟,RPSNMLQJPHIFFFR37CC
仁德區,建物,臺南市仁德區和愛街1~30號,0.0,住,,,1020614,土地0建物1車位0,十四層,14,住宅大樓(11層含以上有電梯),住家用,鋼筋混凝土造,0990422,184.15,3,2,2,有,有,有,10000,54,,0.0,0,1.因合約書無填具土地租賃面積2.有所有權人提供出資料,RPTNMLQJPHIFFFR47CC
安南區,房地(土地+建物),臺南市安南區北安路四段420巷1~30號,0.0,住,,,1020611,土地1建物1車位0,全,4,透天厝,住商用,鋼筋混凝土構造,0830823,183.56,3,2,2,有,無,無,11500,63,,0.0,0,1.因合約書無填具土地租賃面積2.有所有權人提供出資料3.租賃層次為整棟,RPVNMLQJPHIFFBD48CC
永康區,建物,臺南市永康區中華路7巷1~30號,0.0,住,,,1020623,土地0建物1車位0,十九層,19,住宅大樓(11層含以上有電梯),見其他登記事項,見其他登記事項,1010817,88.25,2,2,1,有,無,有,18000,204,,0.0,0,1.因合約書無填具土地租賃面積2.有所有權人提供出資料,RPVNMLQJPHIFFHR87CC
安平區,房地(土地+建物),臺南市安平區建平一街1~30號,0.0,住,,,1020614,土地1建物1車位0,全,5,透天厝,住商用,鋼筋混凝土構造,0820317,58.32,1,0,1,有,有,無,10000,171,,0.0,0,,RPVNMLQJPHIFFAD38CC
北區,建物,臺南市北區北門路二段331~360號,0.0,住,,,1020702,土地0建物1車位0,十層,11,住宅大樓(11層含以上有電梯),國民住宅,鋼筋混凝土構造,0911115,130.04000000000002,3,2,2,有,有,有,11500,88,,0.0,0,,RPWNMLQJPHIFFAD48CC
安平區,建物,臺南市安平區慶平路211~240號,0.0,住,,,1020622,土地0建物1車位0,十一層,12,住宅大樓(11層含以上有電梯),住家用,鋼筋混凝土構造,0840311,140.94,4,2,2,有,有,有,15000,106,,0.0,0,,RPXNMLQJPHIFFAD58CC
中西區,建物,臺南市中西區健康路一段390巷31~60號,0.0,住,,,1020623,土地0建物1車位0,四層,7,華廈(10層含以下有電梯),住家用,鋼筋混凝土構造,0721210,102.46,3,2,2,有,有,有,10000,98,,0.0,0,,RPOOMLQJPHIFFAD77CC
中西區,房地(土地+建物),臺南市中西區赤崁街31~60號,0.0,住,,,1020617,土地1建物1車位0,一層,3,店面(店鋪),住商用,加強磚造,0540620,44.72,0,0,0,無,無,有,35000,783,,0.0,0,,RPPOMLQJPHIFFAD87CC
中西區,建物,臺南市中西區民族路二段61~90號,0.0,住,,,1020612,土地0建物1車位0,六層,13,住宅大樓(11層含以上有電梯),住家用,鋼筋混凝土構造,0821102,74.81,2,2,2,有,無,有,10500,140,,0.0,0,,RPQOMLQJPHIFFAD97CC
中西區,房地(土地+建物),臺南市中西區文賢路32巷1~30號,0.0,住,,,1020614,土地1建物1車位0,全,2,透天厝,住家用,加強磚造,0580306,68.85,2,1,2,有,無,無,10000,145,,0.0,0,,RPROMLQJPHIFFAD08CC
安平區,建物,臺南市安平區育平路211~240號,0.0,住,,,1020615,土地0建物1車位0,六層,17,住宅大樓(11層含以上有電梯),住家用,鋼筋混凝土構造,0840729,77.59,2,1,1,有,有,有,12000,155,,0.0,0,,RPSOMLQJPHIFFAD18CC
安平區,建物,臺南市安平區建平八街61~90號,0.0,住,,,1020615,土地0建物1車位0,十四層,14,住宅大樓(11層含以上有電梯),見其他登記事項,鋼筋混凝土構造,0880816,99.46000000000001,3,2,2,有,有,有,11000,111,,0.0,0,,RPTOMLQJPHIFFAD28CC
安平區,建物,臺南市安平區建平六街80巷91~120號,0.0,住,,,1020630,土地0建物0車位0,六層,6,套房(1房1廳1衛),住家用,鋼筋混凝土構造,0800202,46.15,1,1,1,有,有,有,6500,141,,0.0,0,,RPUOMLQJPHIFFAD38CC
中西區,建物,臺南市中西區大同路一段250巷1~30號,0.0,住,,,1020616,土地0建物1車位0,四層,5,公寓(5樓含以下無電梯),住家用,鋼筋混凝土構造,0731108,100.06,3,1,2,有,無,有,9000,90,,0.0,0,,RPWOMLQJPHIFFAD58CC
中西區,建物,臺南市中西區青年路47巷1~30號,0.0,住,,,1020627,土地0建物1車位0,四層,12,住宅大樓(11層含以上有電梯),住家用,鋼筋混凝土構造,0790421,151.32,3,2,2,有,有,有,18000,119,,0.0,0,,RPOPMLQJPHIFFAD87CC
中西區,房地(土地+建物),臺南市中西區大仁街31~60號,0.0,住,,,1020626,土地1建物1車位0,全,5,透天厝,住商用,鋼筋混凝土構造,0800816,141.78,1,0,1,有,無,無,15000,106,,0.0,0,,RPPPMLQJPHIFFAD97CC
安平區,建物,臺南市安平區健康三街592巷31~60號,0.0,住,,,1020626,土地0建物1車位0,十四層,24,住宅大樓(11層含以上有電梯),住家用,鋼筋混凝土構造,0861022,118.91999999999999,3,2,2,有,有,有,12000,101,,0.0,0,,RPQPMLQJPHIFFAD08CC
安平區,建物,臺南市安平區府平路361~390號,0.0,住,,,1020625,土地0建物1車位0,二層,12,住宅大樓(11層含以上有電梯),住家用,鋼筋混凝土構造,0850427,101.76,3,1,2,有,有,有,8500,84,,0.0,0,,RPRPMLQJPHIFFAD18CC
東區,建物,臺南市東區育樂街66巷1~30號,0.0,住,,,1020607,土地0建物1車位0,五層,9,華廈(10層含以下有電梯),國民住宅,鋼筋混凝土構造,0910102,161.74,4,2,2,有,有,有,17000,105,,0.0,0,,RPTNMLQJPHIFFCD38CC
東區,房地(土地+建物),臺南市東區立德十路61~90號,0.0,住,,,1020621,土地1建物1車位0,全,2,透天厝,住家用,加強磚造,0620831,93.25,4,1,2,有,無,有,13000,139,,0.0,0,,RPUNMLQJPHIFFCD48CC
東區,建物,臺南市東區府連路181~210號,0.0,住,,,1020623,土地0建物1車位0,七層,7,華廈(10層含以下有電梯),住家用,鋼筋混凝土構造,0791017,75.2,2,2,1,有,無,有,8500,113,,0.0,0,,RPVNMLQJPHIFFCD58CC
東區,房地(土地+建物),臺南市東區大同路二段61巷121~150號,0.0,住,,,1020611,土地1建物1車位0,全,2,透天厝,住家用,加強磚造,0600204,128.8,3,1,2,有,無,有,10000,78,,0.0,0,,RPWNMLQJPHIFFCD68CC
東區,房地(土地+建物),臺南市東區長榮路二段61~90號,0.0,住,,,1020626,土地1建物1車位0,一層,5,店面(店鋪),住家用,鋼筋混凝土構造,0691106,78.94,1,1,1,有,無,無,25000,317,,0.0,0,,RPXNMLQJPHIFFCD78CC
東區,建物,臺南市東區林森路一段121~150號,0.0,住,,,1020610,土地0建物1車位0,二十層,22,套房(1房1廳1衛),住家用,鋼筋混凝土構造,0800111,38.45,1,0,1,有,有,有,5000,130,,0.0,0,,RPOOMLQJPHIFFCD97CC
南區,建物,臺南市南區大同路二段406巷12弄1~30號,0.0,住,,,1020628,土地0建物1車位0,二層,5,公寓(5樓含以下無電梯),住家用,鋼筋混凝土構造,0701231,117.8,3,2,2,有,無,有,12000,102,,0.0,0,1.因合約書無填具土地租賃面積2.有所有權人提供出資料,RPQOMLQJPHIFFCD18CC
東區,建物,臺南市東區小東路241~270號,0.0,住,,,1020622,土地0建物1車位0,十九層,25,住宅大樓(11層含以上有電梯),住家用,鋼筋混凝土構造,0840106,115.50999999999999,2,2,2,有,有,無,12000,104,,0.0,0,,RPROMLQJPHIFFCD28CC
中西區,建物,臺南市中西區中山路121~150號,0.0,商,,,1020626,土地0建物1車位0,二層,5,店面(店鋪),見其他登記事項,鋼筋混凝土構造,0870427,519.18,0,0,0,無,無,無,450000,867,,0.0,0,,RPSOMLSJPHIFFAD38CC
中西區,建物,臺南市中西區中山路121~150號,0.0,商,,,1020628,土地0建物1車位0,一層,5,店面(店鋪),見其他登記事項,鋼筋混凝土構造,0870427,208.07,0,0,0,無,無,無,150000,721,,0.0,0,,RPTOMLSJPHIFFAD48CC
中西區,建物,臺南市中西區中山路121~150號,0.0,商,,,1020626,土地0建物1車位0,一層,5,店面(店鋪),見其他登記事項,鋼筋混凝土構造,0870427,244.34,0,0,0,無,無,無,50000,205,,0.0,0,,RPUOMLSJPHIFFAD58CC
北區,建物,臺南市北區大興街192巷61~90號,0.0,住,,,1020608,土地0建物1車位0,全,4,透天厝,住商用,鋼筋混凝土構造,0850124,215.35,4,2,3,有,無,有,18000,84,,0.0,0,,RPOPMLSJPHIFFAD08CC
永康區,建物,臺南市永康區中華路571~600號,0.0,住,,,1020608,土地0建物1車位0,五層,5,店面(店鋪),住商用,鋼筋混凝土造,0741212,185.5,10,3,7,有,無,有,27000,146,,0.0,0,1.合約書無填具土地租賃面積.2.由所有權人提供出租資訊,RPTPMLSJPHIFFHR08CC
善化區,房地(土地+建物),臺南市善化區信義街151~180號,89.24,其他,,,1020801,土地1建物1車位0,全,4,透天厝,住商用,鋼筋混凝土造,0800531,206.02,6,0,3,有,無,有,21000,102,,0.0,0,,RPOOMLSJPHIFFER17CC
永康區,房地(土地+建物),臺南市永康區中華一路121~150號,82.93,住,,,1020715,土地1建物1車位0,全,4,透天厝,住商用,鋼筋混凝土造,0970305,208.67,4,2,4,有,無,無,25000,120,,0.0,0,,RPOOMLSJPHIFFHR57DC
安平區,房地(土地+建物),臺南市安平區慶平路151~180號,7.87,商,,,1020705,土地1建物1車位0,五層,12,住宅大樓(11層含以上有電梯),住家用,鋼筋混凝土構造,0850427,63.8,2,1,1,有,有,有,14522,228,,0.0,0,,RPTOMLTJPHIFFAD68DC
安南區,房地(土地+建物),臺南市安南區海沺路一段151~180號,141.56,其他,,,1020705,土地1建物1車位0,全,3,透天厝,住家用,加強磚造,0670602,234.75,0,0,0,無,無,無,66000,281,,0.0,0,,RPVOMLTJPHIFFBD88CC
中西區,建物,臺南市中西區府前路一段211~240號,0.0,住,,,1020621,土地0建物0車位0,全,4,透天厝,見其他登記事項,見其他登記事項,1010830,77.66,0,0,0,無,無,無,43000,554,,0.0,0,,RPVNMLTJPHIFFAD68CC
安平區,房地(土地+建物)+車位,臺南市安平區國平路571~600號,0.0,商,,,1020627,土地1建物1車位1,四層,21,住宅大樓(11層含以上有電梯),商業用,鋼筋混凝土構造,0831222,33.1,1,1,1,有,無,有,5000,151,升降機械,6.0,0,,RPRNMLKKPHIFFAD47CC
北區,房地(土地+建物),臺南市北區北門路二段541~570號,43.18,住,,,1020709,土地1建物1車位0,二層,11,店面(店鋪),見其他登記事項,鋼筋混凝土構造,0930521,170.14,1,2,2,有,無,無,17000,100,,0.0,0,,RPTOMLKKPHIFFAD77CC
南區,建物,臺南市南區永成路三段331~360號,191.0,住,,,1020617,土地0建物1車位0,全,3,透天厝,住家用,鋼筋混凝土構造,0840215,202.88,3,2,2,有,無,有,16500,81,,0.0,0,,RPWNMLKKPHIFFCD18CC
安南區,房地(土地+建物),臺南市安南區海佃路二段721~750號,200.83,住,,,1020715,土地1建物1車位0,全,1,透天厝,住家用,鋼筋混凝土構造,0960521,93.52,4,1,1,有,無,無,9000,96,,0.0,0,,RPQOMLKKPHIFFBD57CC
安南區,房地(土地+建物),臺南市安南區海環街715巷41弄1~30號,104.81,住,,,1020720,土地1建物1車位0,全,2,透天厝,住家用,加強磚造,0691126,103.82,7,2,2,有,無,有,8000,77,,0.0,0,,RPROMLKKPHIFFBD67CC
仁德區,房地(土地+建物),臺南市仁德區德洋路227巷1~30號,0.0,住,,,1020624,土地1建物1車位0,全,4,透天厝,住家用,鋼筋混凝土造,0870910,159.63,5,2,4,有,無,無,15000,94,,0.0,0,租賃契約書無填寫土地租賃,RPRNMLKKPHIFFFR76CC
東區,房地(土地+建物),臺南市東區府東街241~270號,77.0,住,,,1020720,土地1建物1車位0,全,4,透天厝,住商用,鋼筋混凝土構造,0690505,194.58,5,2,4,有,無,有,12000,62,,0.0,0,,RPUNMLKKPHIFFCD08DC
安南區,房地(土地+建物),臺南市安南區國安街155巷48弄1~30號,98.44,住,,,1020710,土地1建物1車位0,全,2,透天厝,住家用,加強磚造,0690620,101.44,4,2,2,有,無,無,9000,89,,0.0,0,,RPQOMLLKPHIFFBD67CC
新市區,房地(土地+建物),臺南市新市區銘傳街61~90號,90.56,住,,,1020706,土地1建物1車位0,全,4,透天厝,見其他登記事項,鋼筋混凝土造,1020115,248.31,8,1,8,有,無,有,7500,30,,0.0,0,無車位,RPVNMLLKPHIFFER17CC
新化區,房地(土地+建物),臺南市新化區永新路31~60號,5941.0,住,特定專用區,甲種建築用地,1020715,土地1建物1車位0,七層,7,華廈(10層含以下有電梯),住家用,鋼筋混凝土造,0860825,79.85,4,1,2,有,無,有,12000,150,,0.0,0,,RPSNMLMKPHIFFER96CC
永康區,房地(土地+建物),臺南市永康區中正北路164巷160弄1~30號,74.0,住,,,1020720,土地1建物1車位0,全,3,透天厝,住商用,加強磚造,0700202,95.02,4,2,3,有,無,有,9000,95,,0.0,0,,RPSNMLMKPHIFFHR27CC
安平區,房地(土地+建物),臺南市安平區慶平路511~540號,8.41,商,,,1020712,土地1建物1車位0,十一層,24,住宅大樓(11層含以上有電梯),見其他登記事項,鋼筋混凝土構造,0880211,57.19,1,1,1,有,無,有,9720,170,,0.0,0,,RPRNMLOKPHIFFAD97DC
安平區,房地(土地+建物),臺南市安平區慶平路511~540號,8.41,商,,,1020625,土地1建物1車位0,十一層,24,住宅大樓(11層含以上有電梯),見其他登記事項,鋼筋混凝土構造,0880211,46.63,2,1,1,有,有,有,11720,251,,0.0,0,,RPTNMLOKPHIFFAD18DC
歸仁區,土地,歸仁北段631~660地號,618.89,住,,,1020617,土地7建物0車位0,,,廠辦,,,,0.0,0,0,0,無,無,無,25000,40,,0.0,0,含增建或未登記建物。,RPXOMLPKPHIFFFR97CC
東區,建物,臺南市東區東門路二段365巷33弄1~30號,1163.0,,,,1020710,土地0建物0車位0,三層,3,公寓(5樓含以下無電梯),見其他登記事項,鋼筋混凝土構造,0990915,989.27,1,0,1,有,無,有,9000,9,,0.0,0,,RPSNMLPKPHIFFCD38DC
善化區,房地(土地+建物),臺南市善化區光文里30鄰北子店541~570號,84.0,住,特定農業區,甲種建築用地,1020715,土地1建物1車位0,全,2,透天厝,住家用,加強磚造,0650527,119.7,3,2,2,有,無,有,8000,67,,0.0,0,,RPUNMLPKPHIFFER47CC
新市區,房地(土地+建物),臺南市新市區銘傳街61~90號,87.5,住,,,1020725,土地1建物1車位0,全,4,透天厝,見其他登記事項,鋼筋混凝土造,1020115,244.84,8,1,8,有,無,有,7000,29,,0.0,0,,RPQOMLQKPHIFFER27CC
永康區,建物,臺南市永康區環工路1~30號,3080.0,工,工業區,,1020701,土地0建物2車位0,一層,1,工廠,工業用,鋼造,0741022,1510.86,0,0,0,無,無,無,210000,,,0.0,0,1.租賃標的ㄧ筆為一樓廠房ㄧ筆為地下室2.租金為含稅價3.因合約書未填具土地租賃面積,RPPPMLQKPHIFFHR57CC
東區,建物,臺南市東區東寧路61~90號,0.0,商,,,1020630,土地0建物1車位0,全,3,透天厝,住商用,加強磚造,0630521,193.7,0,3,3,有,無,無,45000,232,,0.0,0,,RPTOMLQKPHIFFCD58CC
東區,建物,臺南市東區東寧路31~60號,0.0,住,,,1020618,土地0建物1車位0,三層,15,住宅大樓(11層含以上有電梯),住家用,鋼筋混凝土構造,0860131,131.18,4,2,2,有,有,有,18000,137,,0.0,0,,RPXNMLRKPHIFFCD98CC
永康區,建物,臺南市永康區復華三街61~90號,0.0,商,,,1020619,土地0建物1車位0,十八層,19,住宅大樓(11層含以上有電梯),住家用,鋼筋混凝土造,0840908,126.62,4,1,2,有,有,有,16500,130,,0.0,0,1.合約書無填具土地租賃面積.2.由所有權人提供出租資訊3.租金以包含平面車位,RPOOMLRKPHIFFHR47CC
善化區,房地(土地+建物),臺南市善化區興農路61~90號,563.0,農,,,1020718,土地1建物1車位0,全,3,透天厝,住家用,磚造,0590201,46.3,30,1,31,有,無,有,6500,140,,0.0,0,,RPOOMLRKPHIFFER17CC
中西區,房地(土地+建物),臺南市中西區法華街1~30號,0.0,住,,,1020709,土地1建物1車位0,三層,5,公寓(5樓含以下無電梯),住家用,鋼筋混凝土構造,0800607,12.57,1,0,1,有,無,有,3000,239,,0.0,0,,RPTPMLSKPHIFFAD68CC
安平區,房地(土地+建物)+車位,臺南市安平區建平5街22巷36弄31~60號,0.0,住,,,1020708,土地2建物1車位1,五層,6,華廈(10層含以下有電梯),住家用,鋼筋混凝土構造,0811105,19.62,1,0,1,有,無,有,5500,280,坡道平面,14.77,0,,RPVPMLSKPHIFFAD88CC
安平區,房地(土地+建物)+車位,臺南市安平區建平5街22巷36弄31~60號,0.0,住,,,1020708,土地2建物1車位1,五層,6,華廈(10層含以下有電梯),住家用,鋼筋混凝土構造,0811105,19.62,1,0,1,有,無,有,5500,280,坡道平面,14.77,0,,RPWPMLSKPHIFFAD98CC
北區,房地(土地+建物),臺南市北區西門路四段361~390號,71.0,其他,,,1020713,土地1建物1車位0,一層,5,店面(店鋪),住商用,鋼筋混凝土構造,0690806,42.61,0,0,0,無,無,無,15000,352,,0.0,0,,RPOQMLSKPHIFFAD28CC
北區,建物,臺南市北區西門路四段361~390號,0.0,其他,,,1020713,土地0建物0車位0,全,5,透天厝,住商用,鋼筋混凝土構造,0690806,125.57,7,2,5,有,無,無,20000,159,,0.0,0,,RPPQMLSKPHIFFAD38CC
永康區,土地,蔦松段541~570地號,4495.0,工,,,1020701,土地3建物0車位0,,,其他,,,,0.0,0,0,0,有,無,無,278744,62,,0.0,0,"前18個月為工程施工期間,採月租金的50%計收.",RPPOMLTKPHIFFHR87DC
中西區,房地(土地+建物),臺南市中西區公園路31~60號,39.38,其他,,,1020718,土地1建物1車位0,全,2,透天厝,商業用,鋼造,0800520,660.7,0,0,0,無,無,有,170000,257,,0.0,0,,RPXOMLMLPHIFFAD48CC
東區,建物,臺南市東區裕豐街242巷1~30號,0.0,住,,,1020622,土地0建物1車位0,全,2,透天厝,住家用,加強磚造,0750407,105.55,4,2,2,有,無,有,15000,142,,0.0,0,,RPPOMLMLPHIFFCD87CC
東區,建物,臺南市東區崇明十六街1~30號,0.0,住,,,1020706,土地0建物1車位0,全,2,透天厝,住家用,鋼筋混凝土構造,0751128,136.49,5,1,3,有,無,有,15000,110,,0.0,0,,RPROMLMLPHIFFCD08CC
東區,建物,臺南市東區崇善路1089巷1~30號,0.0,住,,,1020625,土地0建物1車位0,全,2,透天厝,住家用,加強磚造,0671021,75.04,3,2,2,有,無,無,6000,80,,0.0,0,,RPSOMLMLPHIFFCD18CC
東區,房地(土地+建物),臺南市東區中華東路三段91~120號,140.0,商,,,1020626,土地1建物1車位0,全,4,透天厝,住商用,鋼筋混凝土構造,0720107,464.88,4,4,5,有,無,無,50000,108,,0.0,0,,RPQNMLNLPHIFFCD97CC
北區,建物,臺南市北區開元路117巷8弄1~30號,0.0,住,,,1020626,土地0建物1車位0,全,3,透天厝,住家用,加強磚造,0590514,76.0,4,2,3,有,無,有,13000,171,,0.0,0,,RPQOMLNLPHIFFAD87CC
新市區,房地(土地+建物),臺南市新市區大營里121~150號,88.0,,特定農業區,甲種建築用地,1020715,土地1建物1車位0,全,4,透天厝,住商用,鋼筋混凝土造,0870812,207.41,5,2,3,有,無,有,18000,87,,0.0,0,,RPSNMLNLPHIFFER27DC
新市區,房地(土地+建物),臺南市新市區忠孝街151~180號,83.31,住,,,1020710,土地1建物1車位0,全,5,透天厝,住商用,鋼筋混凝土造,0870407,265.35,6,1,1,有,無,有,28000,106,,0.0,0,,RPTNMLNLPHIFFER37DC
新市區,房地(土地+建物),臺南市新市區忠孝街91~120號,157.24,住,,,1020720,土地1建物1車位0,全,2,透天厝,住商用,加強磚造,0741204,108.34,0,0,1,有,無,有,18000,166,,0.0,0,,RPUNMLNLPHIFFER47DC
善化區,房地(土地+建物),臺南市善化區光復路481~510號,82.84,住,,,1020720,土地1建物1車位0,全,4,透天厝,見其他登記事項,鋼筋混凝土造,0931222,196.36,4,3,4,有,無,無,18000,92,,0.0,0,,RPQOMLNLPHIFFER07CC
永康區,建物,臺南市永康區正南五街289巷31~60號,0.0,住,,,1020624,土地0建物1車位0,二層,7,華廈(10層含以下有電梯),住商用,鋼筋混凝土造,0821228,140.91,3,2,2,有,有,有,9000,64,,0.0,0,1.合約書無填具土地租賃面積.2.由所有權人提供出租資訊,RPRNMLNLPHIFFHR37CC
永康區,建物,臺南市永康區大橋三街199巷1~30號,0.0,住,,,1020626,土地0建物1車位0,全,2,透天厝,住家用,加強磚造,0770719,106.11,3,2,2,有,無,無,14000,132,,0.0,0,,RPPOMLNLPHIFFHR27CC
永康區,建物,臺南市永康區復華八街47巷1~30號,0.0,住,,,1020626,土地0建物1車位0,六層,6,套房(1房1廳1衛),住家用,鋼筋混凝土造,0850305,30.46,1,1,1,有,有,有,5000,164,,0.0,0,1.合約書無填具土地租賃面積.2.由所有權人提供出租資訊,RPROMLNLPHIFFHR47CC
永康區,建物,臺南市永康區大橋一街31~60號,0.0,住,,,1020624,土地0建物1車位0,八層,14,套房(1房1廳1衛),住家用,鋼筋混凝土造,0880824,30.98,1,1,1,有,無,有,6600,213,,0.0,0,1.合約書無填具土地租賃面積.2.由所有權人提供出租資訊,RPOPMLNLPHIFFHR27CC
安南區,建物,臺南市安南區?田五街61~90號,0.0,住,,,1020627,土地0建物1車位0,全,3,透天厝,國民住宅,鋼筋混凝土構造,0900528,183.12,6,2,4,有,無,有,20000,109,,0.0,0,1.租賃契約書無填寫土地租賃面積。2.由所有權人提供租屋資訊。3.租賃層次為1~3樓整棟出租。4.租金已包含一車位。,RPUNMLOLPHIFFBD38CC
佳里區,房地(土地+建物),臺南市佳里區義民街121~150號,65.0,商,,,1020701,土地1建物1車位0,四層,4,店面(店鋪),住商用,鋼筋混凝土造,0651102,178.53,5,2,3,有,無,無,18000,101,,0.0,0,,RPQNMLOLPHIFFDR96CC
永康區,房地(土地+建物),臺南市永康區復國一路315巷31~60號,90.54,住,,,1020717,土地1建物1車位0,全,4,透天厝,住商用,鋼筋混凝土造,0830114,265.74,5,3,4,有,無,有,15000,56,,0.0,0,,RPQNMLPLPHIFFHR47CC
北區,建物,臺南市北區公園路681巷28弄1~30號,0.0,住,,,1020627,土地0建物1車位0,全,2,透天厝,住家用,加強磚造,0600405,74.0,2,2,2,有,無,有,7000,95,,0.0,0,,RPVOMLPLPHIFFAD58CC
北區,房地(土地+建物),臺南市北區和緯路一段61~90號,0.0,住,,,1020722,土地1建物1車位0,見其他登記事項,10,華廈(10層含以下有電梯),見其他登記事項,鋼筋混凝土構造,0930329,113.05,2,0,2,有,無,無,17000,150,,0.0,0,,RPWPMLPLPHIFFAD78CC
南區,建物,臺南市南區賢南街1~30號,0.0,住,,,1020626,土地0建物1車位0,六層,6,華廈(10層含以下有電梯),住家用,鋼筋混凝土構造,0811121,129.32,2,1,2,有,有,無,15000,116,,0.0,0,,RPOOMLPLPHIFFCD08CC
東區,房地(土地+建物),臺南市東區東寧路538巷1~30號,0.0,住,,,1020723,土地1建物1車位0,見其他登記事項,7,華廈(10層含以下有電梯),住商用,鋼筋混凝土構造,0780425,53.67,1,0,1,有,無,無,10000,186,,0.0,0,,RPQPMLPLPHIFFCD38CC
東區,房地(土地+建物),臺南市東區東寧路538巷1~30號,0.0,住,,,1020723,土地1建物1車位0,見其他登記事項,7,華廈(10層含以下有電梯),住商用,鋼筋混凝土構造,0780425,53.67,1,0,1,有,無,無,10000,186,,0.0,0,,RPRPMLPLPHIFFCD48CC
新化區,房地(土地+建物),臺南市新化區民治路1~30號,112.91,住,,,1020810,土地1建物1車位0,全,3,透天厝,住家用,鋼筋混凝土造,0770906,152.38,4,2,2,有,無,無,10000,66,,0.0,0,,RPVNMLQLPHIFFER77CC
安平區,建物,臺南市安平區建平11街91~120號,83.5,住,,,1020715,土地0建物1車位0,一層,1,店面(店鋪),商業用,見其他登記事項,0870106,52.63,0,0,0,無,無,無,15000,285,,0.0,0,,RPTNMLTLPHIFFAD68CC
安平區,建物,臺南市安平區建平11街91~120號,143.5,住,,,1020715,土地0建物1車位0,一層,1,店面(店鋪),商業用,見其他登記事項,0870106,51.57,0,0,0,無,無,無,15000,291,,0.0,0,,RPUNMLTLPHIFFAD78CC
北區,建物,臺南市北區文賢路511~540號,0.0,住,,,1020715,土地0建物1車位0,全,3,透天厝,住商用,鋼筋混凝土構造,0800204,245.58,3,2,3,有,無,無,32000,130,,0.0,0,,RPSPMLTLPHIFFAD78CC
北區,房地(土地+建物),臺南市北區小東路307巷61~90號,0.0,住,,,1020723,土地1建物1車位0,全,2,透天厝,住家用,加強磚造,0660505,91.6,2,2,2,有,無,無,15000,164,,0.0,0,,RPOOMLKMPHIFFAD47CC
中西區,建物,臺南市中西區五妃街322巷1~30號,0.0,住,,,1020717,土地0建物1車位0,五層,5,公寓(5樓含以下無電梯),住家用,鋼筋混凝土構造,0710922,140.07,3,1,1,有,無,無,6000,43,,0.0,0,,RPQOMLKMPHIFFAD67CC
北區,房地(土地+建物),臺南市北區中華北路一段181巷31~60號,0.0,住,,,1020711,土地1建物1車位0,全,4,透天厝,住商用,鋼筋混凝土構造,0820109,219.45,6,2,3,有,無,無,16000,73,,0.0,0,,RPWOMLKMPHIFFAD28CC
東區,房地(土地+建物),臺南市東區裕豐街185巷7弄1~30號,0.0,住,,,1020720,土地1建物1車位0,全,2,透天厝,住家用,加強磚造,0601116,80.19,3,2,2,有,無,有,8000,100,,0.0,0,,RPTNMLKMPHIFFCD08CC
東區,建物,臺南市東區仁和路31~60號,0.0,住,,,1020705,土地0建物0車位0,八層,13,住宅大樓(11層含以上有電梯),住家用,鋼筋混凝土構造,1010723,213.78,4,2,2,有,有,無,24000,112,,0.0,0,,RPVNMLKMPHIFFCD28CC
東區,建物,臺南市東區中華東路二段151~180號,0.0,住,,,1020704,土地0建物1車位0,四層,14,套房(1房1廳1衛),住家用,鋼筋混凝土構造,0970229,72.7,1,1,1,有,有,有,8500,117,,0.0,0,,RPWNMLKMPHIFFCD38CC
東區,建物,臺南市東區東門路一段271~300號,0.0,住,,,1020704,土地0建物1車位0,五層,11,套房(1房1廳1衛),住家用,鋼筋混凝土構造,0800518,20.11,1,1,1,有,有,有,3000,149,,0.0,0,,RPOOMLKMPHIFFCD67CC
東區,建物,臺南市東區仁東街1~30號,0.0,住,,,1020712,土地0建物1車位0,二層,14,住宅大樓(11層含以上有電梯),住家用,鋼筋混凝土構造,0871218,79.47,2,2,1,有,有,有,11000,138,,0.0,0,,RPPOMLKMPHIFFCD77CC
安南區,房地(土地+建物),臺南市安南區海佃路三段151~180號,0.0,住,,,1020704,土地1建物1車位0,全,4,透天厝,見其他登記事項,鋼筋混凝土構造,0950704,246.93,4,2,5,有,無,無,15000,61,,0.0,0,1.因合約書無填具土地租賃面積2.由所有權人提供出資料3.租賃層次為整棟,RPWOMLKMPHIFFBD38CC
永康區,建物,臺南市永康區中華路661巷1~30號,0.0,住,,,1020705,土地0建物1車位0,九層,14,住宅大樓(11層含以上有電梯),住家用,鋼筋混凝土造,0850408,155.25,3,2,2,有,無,有,8500,55,,0.0,0,1.合約書無填具土地租賃面積.2.由所有權人提供出租資訊3.租金以包含機車位,RPVOMLLMPHIFFHR77CC
北區,建物,臺南市北區開元路333巷4弄1~30號,0.0,住,,,1020701,土地0建物1車位0,全,2,透天厝,住家用,加強磚造,0621010,86.46,5,2,3,有,無,有,13500,156,,0.0,0,,RPSPMLLMPHIFFAD08CC
安平區,建物,臺南市安平區永華路二段811~840號,0.0,住,,,1020701,土地0建物1車位0,二十二層,24,住宅大樓(11層含以上有電梯),住家用,鋼筋混凝土構造,0840530,117.4,3,2,2,有,有,有,16000,136,,0.0,0,,RPVPMLLMPHIFFAD38CC
安平區,建物,臺南市安平區健康三街592巷31~60號,0.0,商,,,1020705,土地0建物1車位0,三層,24,住宅大樓(11層含以上有電梯),住家用,鋼筋混凝土構造,0861022,64.93,2,1,1,有,有,有,13000,200,,0.0,0,,RPWPMLLMPHIFFAD48CC
