﻿編號,屋齡,建物移轉面積平方公尺,主要用途,主要建材,建築完成日期,總層數,建物分層
The serial number,room age,building shifting area square meter,the main use,main building materials,construction completes the date,total layer,building lamination
RPUNMLTJNHIFFAV37CA,18,109.18,見其他登記事項,鋼骨混凝土造,84年9月26日,七層,一層 二層 騎樓 夾層
RPUNMLTJNHIFFAV37CA,18,22.39,見其他登記事項,鋼骨混凝土造,84年9月26日,七層,
RPUNMLTJNHIFFAV37CA,18,2.33,見其他登記事項,鋼骨混凝土造,84年9月26日,七層,
RPTNMLQJNHIFFAV07DA,18,32.66,見其他登記事項,見其他登記事項,84年10月4日,十二層,七層
RPPNMLQJNHIFFAV56CA,34,111.70,住家用,加強磚造,67年12月22日,二層,一層 二層 騎樓
RPWNMLKKNHIFFAV76CA,,137.72,住家用,加強磚造,,二層,一層 二層 騎樓
RPPOMLRKNHIFFAV86CA,,109.58,見其他登記事項,鋼筋混凝土造,84年2月17日,八層,二層
RPROMLNKNHIFFAV76DA,32,130.72,住家用,加強磚造,69年10月6日,二層,二層 騎樓 一層
RPQOMLOKNHIFFAV66CA,20,91.65,住家用,鋼筋混凝土造,82年9月9日,四層,三層
RPWNMLPKNHIFFAV27CA,29,67.50,住家用,見其他登記事項,73年7月1日,一層,一層 騎樓
RPSNMLTLNHIFFAV37CA,,467.57,見其他登記事項,見其他登記事項,102年3月1日,三層,一層 二層 三層
RPWNMLRJNHIFFAV37CA,21,149.18,住家用,加強磚造,81年10月17日,二層,一層 二層
RPOOMLRJNHIFFAV66CA,38,187.01,住家用,見其他登記事項,64年3月27日,二層,一層 二層 騎樓
RPWNMLKLNHIFFAV86CA,39,79.32,住家用,見其他登記事項,62年11月5日,二層,一層 二層 騎樓
RPQNMLSJNHIFFAV86CA,,225.81,住家用,鋼筋混凝土造,102年1月22日,三層,一層 二層 三層
RPSNMLSJNHIFFAV17DA,30,104.86,國民住宅,鋼筋混凝土造,72年10月4日,四層,四層
RPSNMLSJNHIFFAV17DA,,5.21,見其他登記事項,見其他登記事項,,四層,
RPPNMLOLNHIFFBV66CA,24,136.82,住家用,鋼筋混凝土造,78年5月22日,三層,一層 二層 三層 騎樓
RPXNMLOKNHIFFAV27CA,18,108.48,見其他登記事項,鋼筋混凝土造,83年12月17日,三層,三層 一層 二層
RPTNMLNKNHIFFAV86DA,29,109.34,住家用,加強磚造,72年12月24日,二層,一層 二層 騎樓
RPPNMLOKNHIFFCV76DA,1,195.36,見其他登記事項,鋼筋混凝土造,101年7月30日,三層,一層 二層 三層 騎樓
RPQOMLKKNHIFFAV88CA,2,200.75,住家用,見其他登記事項,100年1月27日,三層,一層 二層 三層 騎樓
RPTNMLPKNHIFFAV96CA,9,162.91,住家用,鋼筋混凝土造,93年6月10日,三層,三層 一層 二層
RPPNMLPKNHIFFAV56CA,22,183.71,住家用,鋼筋混凝土造,80年7月1日,四層,一層 二層 三層 四層
RPTNMLOKNHIFFAV96DA,15,255.96,見其他登記事項,鋼筋混凝土造,87年5月11日,四層,一層 二層 三層 四層 騎樓
RPVNMLKLNHIFFAV76CA,19,18.22,見其他登記事項,鋼筋混凝土造,83年3月2日,五層,四層
RPVNMLKLNHIFFAV76CA,19,8.02,見其他登記事項,鋼筋混凝土造,83年3月2日,五層,
RPQNMLRKNHIFFDV27DA,15,30.45,商業用,鋼筋混凝土造,87年3月6日,十五層,十三層
RPQNMLRKNHIFFDV27DA,15,32.05,商業用,鋼筋混凝土造,87年3月6日,十五層,十五層
RPQNMLRKNHIFFDV27DA,15,34.90,商業用,鋼筋混凝土造,87年3月6日,十層,九層
RPQNMLRKNHIFFDV27DA,15,33.07,商業用,鋼筋混凝土造,87年3月6日,十層,十層
RPSOMLOKNHIFFAV96DA,18,219.52,住家用,鋼筋混凝土造,83年11月24日,三層,一層 二層 三層
RPSNMLOKNHIFFAV76CA,20,158.91,見其他登記事項,鋼筋混凝土造,82年6月22日,五層,三層 四層 五層
RPVNMLPKNHIFFAV17CA,16,165.55,住家用,鋼筋混凝土造,86年2月4日,三層,一層 二層 三層
RPPNMLNKNHIFFDV66CA,18,30.45,見其他登記事項,鋼筋混凝土造,84年7月14日,八層,七層
RPPNMLNKNHIFFDV66CA,18,7.85,見其他登記事項,鋼筋混凝土造,84年7月14日,八層,
RPOOMLNKNHIFFAV98CA,,222.06,住家用,見其他登記事項,102年3月21日,三層,一層 二層 三層
RPWNMLMLNHIFFAV07CA,,216.85,住家用,見其他登記事項,102年2月5日,三層,一層 二層 三層 屋頂突出物
RPXNMLNKNHIFFAV17CA,,109.68,住家用,見其他登記事項,102年3月21日,三層,一層 二層 三層
RPXNMLNKNHIFFAV17CA,,109.68,住家用,見其他登記事項,102年3月21日,三層,一層 二層 三層
RPWNMLOLNHIFFAV27CA,,214.81,住家用,見其他登記事項,102年2月5日,三層,一層 二層 三層 屋頂突出物
RPXNMLOLNHIFFAV37CA,,200.46,住家用,見其他登記事項,102年2月5日,三層,一層 二層 三層 屋頂突出物
RPVNMLOLNHIFFAV17CA,,213.44,住家用,見其他登記事項,102年2月5日,三層,一層 二層 三層 屋頂突出物
RPPNMLKLNHIFFCV09DA,29,125.46,住商用,鋼筋混凝土造,73年5月10日,三層,一層 二層 三層 騎樓
RPTNMLQKNHIFFAV17DA,18,83.95,見其他登記事項,鋼筋混凝土造,84年1月25日,十層,五層
RPTNMLQKNHIFFAV17DA,,2.09,見其他登記事項,鋼筋混凝土造,,十層,
RPTNMLQKNHIFFAV17DA,18,9.24,見其他登記事項,鋼筋混凝土造,84年1月25日,十層,
RPTNMLQKNHIFFAV17DA,18,2.23,見其他登記事項,鋼筋混凝土造,84年1月25日,十層,
RPTNMLQKNHIFFAV17DA,18,11.37,見其他登記事項,鋼筋混凝土造,84年1月25日,十層,
RPQNMLKLNHIFFBV09DA,19,193.74,住家用,鋼筋混凝土造,83年1月25日,三層,一層 二層 三層
RPOOMLOLNHIFFAV56CA,,234.52,住家用,見其他登記事項,102年2月5日,三層,一層 二層 三層 屋頂突出物
RPPOMLOLNHIFFAV66CA,,216.85,住家用,見其他登記事項,102年2月5日,三層,一層 二層 三層 屋頂突出物
RPSNMLLJOHIFFAV09CA,39,123.98,住家用,見其他登記事項,63年1月15日,三層,一層 二層 三層
RPUNMLPKNHIFFAV07CA,31,123.60,住家用,加強磚造,70年12月3日,二層,一層 二層 騎樓
RPXNMLPJOHIFFAV47DA,5,205.76,見其他登記事項,見其他登記事項,97年2月26日,一層,一層
RPOOMLQKNHIFFAV66CA,17,362.02,見其他登記事項,鋼筋混凝土造,85年6月1日,五層,一層 二層 三層 四層 五層
RPOOMLRKNHIFFAV76CA,25,128.61,住家用,加強磚造,77年2月3日,二層,一層 二層
RPQOMLQKNHIFFAV86CA,,221.83,住家用,見其他登記事項,102年3月21日,三層,一層 二層 三層
RPPOMLQKNHIFFAV86DA,14,274.56,住家用,鋼筋混凝土造,88年2月12日,四層,二層 三層 四層 一層
RPVNMLRKNHIFFAV47DA,44,66.16,住家用,見其他登記事項,58年2月1日,二層,一層 二層
RPPNMLLLNHIFFAV88CA,20,29.06,住家用,鋼筋混凝土造,82年10月27日,六層,六層
RPPNMLLLNHIFFAV88CA,20,15.37,見其他登記事項,鋼筋混凝土造,82年10月27日,六層,
RPSNMLKLNHIFFAV09CA,30,.99,見其他登記事項,鋼筋混凝土造,72年2月9日,四層,
RPSNMLKLNHIFFAV09CA,30,102.86,國民住宅,鋼筋混凝土造,72年2月9日,四層,二層
RPSNMLKLNHIFFAV09CA,30,1.15,見其他登記事項,鋼筋混凝土造,72年2月9日,四層,
RPSNMLKLNHIFFAV09CA,30,5.86,見其他登記事項,鋼筋混凝土造,72年2月9日,四層,
RPQNMLKLNHIFFAV88CA,,350.31,住家用,見其他登記事項,102年4月10日,四層,一層 二層 三層 四層
RPPNMLKLNHIFFAV78CA,27,47.74,住商用,鋼筋混凝土造,75年1月17日,四層,一層 二層 三層 四層
RPPNMLKLNHIFFAV78CA,27,47.74,住商用,鋼筋混凝土造,75年1月17日,四層,一層 二層 三層 四層
RPPNMLMLNHIFFAV09DA,35,121.02,住家用,加強磚造,67年9月26日,二層,騎樓 夾層 一層 二層
RPSNMLLLNHIFFAV66DA,17,262.20,見其他登記事項,鋼筋混凝土造,85年5月23日,四層,一層 二層 三層 四層 騎樓
RPPNMLMLNHIFFBV56DA,19,293.70,農舍,鋼筋混凝土造,83年8月31日,三層,一層 二層 三層
RPSNMLPJOHIFFAV96DA,32,79.40,住家用,加強磚造,70年2月26日,三層,一層 二層 三層
SPSNMLPJOHIFFAV07DA,32,81.77,住家用,加強磚造,70年2月26日,三層,一層 二層 三層
RPROMLQJOHIFFAV96CA,32,103.96,住家用,加強磚造,69年12月9日,二層,一層 二層 騎樓
RPQOMLNJOHIFFAV56CA,19,79.35,見其他登記事項,鋼筋混凝土造,83年4月19日,十四層,九層
RPQOMLNJOHIFFAV56CA,19,22.29,見其他登記事項,鋼筋混凝土造,83年4月19日,十四層,
RPOPMLQJOHIFFAV76CA,20,28.00,見其他登記事項,鋼筋混凝土造,82年10月26日,六層,二層
RPOPMLQJOHIFFAV76CA,20,11.62,見其他登記事項,鋼筋混凝土造,82年10月26日,六層,
RPUNMLOKOHIFFAV07CA,,479.35,住家用,見其他登記事項,102年4月2日,三層,一層 二層 三層 屋頂突出物
RPUNMLKKOHIFFAV66CA,31,80.52,住家用,鋼筋混凝土加強磚造,71年10月20日,四層,一層
RPUNMLKKOHIFFAV66CA,31,12.77,見其他登記事項,鋼筋混凝土加強磚造,71年10月20日,四層,
RPUNMLKKOHIFFAV66CA,31,9.66,見其他登記事項,鋼筋混凝土加強磚造,71年10月20日,四層,
RPTOMLKKOHIFFAV66CA,19,97.15,國民住宅,鋼筋混凝土造,82年12月3日,四層,二層
RPTOMLKKOHIFFAV66CA,19,2.07,見其他登記事項,鋼筋混凝土造,82年12月3日,四層,
RPTOMLKKOHIFFAV66CA,19,.23,見其他登記事項,鋼筋混凝土造,82年12月3日,四層,
RPTOMLKKOHIFFAV66CA,19,.64,見其他登記事項,鋼筋混凝土造,82年12月3日,四層,
RPTOMLKKOHIFFAV66CA,19,.24,見其他登記事項,鋼筋混凝土造,82年12月3日,四層,
RPTOMLKKOHIFFAV66CA,19,3.29,見其他登記事項,鋼筋混凝土造,82年12月3日,四層,
RPTOMLKKOHIFFAV66CA,19,.24,見其他登記事項,鋼筋混凝土造,82年12月3日,四層,
RPTOMLKKOHIFFAV66CA,19,.24,見其他登記事項,鋼筋混凝土造,82年12月3日,四層,
RPRNMLNLNHIFFDV96CA,28,119.11,住家用,加強磚造,74年2月12日,二層,一層 二層 騎樓
RPSNMLRLNHIFFCV37CA,51,45.60,商業用,見其他登記事項,51年3月18日,一層,一層
RPSNMLRLNHIFFCV37CA,51,27.75,住家用,見其他登記事項,51年3月18日,一層,一層
RPRNMLOLNHIFFCV07DA,31,199.43,住商用,鋼筋混凝土造,71年9月20日,三層,一層 二層 三層 騎樓
RPXNMLNLNHIFFAV27CA,,214.91,住家用,見其他登記事項,102年2月5日,三層,一層 二層 三層 屋頂突出物
RPTNMLNLNHIFFAV86CA,18,78.10,見其他登記事項,鋼筋混凝土造,84年6月1日,五層,二層
RPTNMLNLNHIFFAV86CA,18,9.16,見其他登記事項,鋼筋混凝土造,84年6月1日,五層,
RPTNMLNLNHIFFAV86CA,18,10.93,見其他登記事項,鋼筋混凝土造,84年6月1日,五層,
RPTNMLMLNHIFFAV86DA,28,102.38,住家用,加強磚造,74年9月2日,二層,一層 二層 騎樓
RPQNMLOKOHIFFAV76DA,9,211.94,住家用,鋼筋混凝土造,93年11月11日,三層,一層 二層 三層
RPTNMLLJOHIFFAV56CA,12,176.57,住家用,鋼筋混凝土造,90年4月11日,四層,一層 二層 三層 四層
RPXOMLQJOHIFFAV57CA,18,79.66,見其他登記事項,鋼筋混凝土造,84年1月25日,十層,六層
RPXOMLQJOHIFFAV57CA,,2.14,見其他登記事項,鋼筋混凝土造,,十層,
RPXOMLQJOHIFFAV57CA,18,9.44,見其他登記事項,鋼筋混凝土造,84年1月25日,十層,
RPXOMLQJOHIFFAV57CA,18,2.26,見其他登記事項,鋼筋混凝土造,84年1月25日,十層,
RPXOMLQJOHIFFAV57CA,18,11.52,見其他登記事項,鋼筋混凝土造,84年1月25日,十層,
RPRNMLLJOHIFFAV98CA,34,234.36,住家用,加強磚造,68年6月2日,二層,一層 二層 騎樓
RPPNMLOLNHIFFDV86CA,2,179.67,住家用,見其他登記事項,99年12月27日,三層,一層 二層 三層
RPUNMLOLNHIFFAV07CA,31,184.61,住家用,鋼筋混凝土造,70年12月30日,三層,一層 二層 三層 騎樓
RPRNMLOLNHIFFAV76CA,17,179.58,見其他登記事項,鋼筋混凝土造,84年12月13日,三層,一層 二層 三層
RPQNMLOLNHIFFAV76DA,19,57.48,見其他登記事項,鋼筋混凝土造,83年4月19日,十四層,六層
RPQNMLOLNHIFFAV76DA,19,17.83,見其他登記事項,鋼筋混凝土造,83年4月19日,十四層,
RPPNMLOLNHIFFAV56CA,,200.32,住家用,見其他登記事項,102年2月5日,三層,三層 屋頂突出物 一層 二層
RPPOMLNJOHIFFAV09CA,17,97.58,見其他登記事項,鋼筋混凝土造,85年6月21日,七層,五層
RPPOMLNJOHIFFAV09CA,17,11.86,見其他登記事項,鋼筋混凝土造,85年6月21日,七層,
RPPOMLNJOHIFFAV09CA,17,6.88,見其他登記事項,鋼筋混凝土造,85年6月21日,七層,
RPPOMLNJOHIFFAV09CA,17,6.89,見其他登記事項,鋼筋混凝土造,85年6月21日,七層,
RPPOMLNJOHIFFAV09CA,17,16.82,見其他登記事項,鋼筋混凝土造,85年6月21日,七層,
RPSNMLLLOHIFFAV66CA,19,102.02,國民住宅,鋼筋混凝土造,82年12月3日,四層,四層
RPSNMLLLOHIFFAV66CA,19,2.26,見其他登記事項,鋼筋混凝土造,82年12月3日,四層,
RPSNMLLLOHIFFAV66CA,19,.25,見其他登記事項,鋼筋混凝土造,82年12月3日,四層,
RPSNMLLLOHIFFAV66CA,19,.25,見其他登記事項,鋼筋混凝土造,82年12月3日,四層,
RPSNMLLLOHIFFAV66CA,19,.25,見其他登記事項,鋼筋混凝土造,82年12月3日,四層,
RPSNMLLLOHIFFAV66CA,19,.25,見其他登記事項,鋼筋混凝土造,82年12月3日,四層,
RPSNMLLLOHIFFAV66CA,19,.25,見其他登記事項,鋼筋混凝土造,82年12月3日,四層,
RPSNMLLLOHIFFAV66CA,19,.25,見其他登記事項,鋼筋混凝土造,82年12月3日,四層,
RPSNMLLLOHIFFAV66CA,19,.25,見其他登記事項,鋼筋混凝土造,82年12月3日,四層,
RPQNMLLJOHIFFAV88CA,29,91.99,住家用,加強磚造,73年4月3日,二層,一層 二層
RPROMLSLNHIFFAV27CA,19,91.49,國民住宅,鋼筋混凝土造,82年12月3日,四層,四層
RPTNMLRLNHIFFCV57DA,19,124.75,住家用,加強磚造,83年2月28日,一層,一層
RPQOMLOLNHIFFAV76CA,21,196.65,住家用,鋼筋混凝土造,81年7月22日,三層,一層 二層 三層
RPRNMLKMNHIFFAV09CA,17,40.82,見其他登記事項,鋼筋混凝土造,85年6月28日,九層,六層
RPRNMLKMNHIFFAV09CA,17,8.35,見其他登記事項,鋼筋混凝土造,85年6月28日,九層,
RPRNMLKMNHIFFAV09CA,17,4.65,見其他登記事項,鋼筋混凝土造,85年6月28日,九層,
RPPNMLNJOHIFFAV98CA,,214.81,住家用,見其他登記事項,102年2月5日,三層,二層 三層 屋頂突出物 一層
RPVNMLOKOHIFFAV17CA,20,97.31,見其他登記事項,鋼筋混凝土造,82年10月19日,七層,三層
RPVNMLOKOHIFFAV17CA,20,273.06,見其他登記事項,鋼筋混凝土造,82年10月19日,七層,
RPVNMLOKOHIFFAV17CA,20,10.93,見其他登記事項,鋼筋混凝土造,82年10月19日,七層,
RPPNMLNKOHIFFAV09CA,17,152.18,住家用,鋼筋混凝土造,85年9月25日,三層,一層 二層 三層
RPSNMLRLNHIFFAV17CA,,256.63,住家用,見其他登記事項,101年10月31日,三層,二層 三層 一層
RPQNMLNJOHIFFAV09CA,9,273.21,住家用,鋼筋混凝土造,93年8月27日,三層,一層 二層 三層
RPQOMLQJOHIFFAV86CA,1,220.88,住家用,見其他登記事項,102年4月2日,三層,一層 二層 三層
RPRNMLTKOHIFFAV27CA,16,224.54,見其他登記事項,鋼筋混凝土造,86年3月7日,七層,七層
RPRNMLTKOHIFFAV27CA,16,4.42,見其他登記事項,鋼筋混凝土造,86年3月7日,,
RPRNMLTKOHIFFAV27CA,16,85.02,見其他登記事項,鋼筋混凝土造,86年3月7日,七層,
RPRNMLTKOHIFFAV27CA,16,43.49,見其他登記事項,鋼筋混凝土造,86年3月7日,,
RPPNMLSLNHIFFAV07DA,1,100.95,農舍,見其他登記事項,101年5月28日,一層,一層
RPSNMLTKOHIFFAV37CA,16,4.38,見其他登記事項,鋼筋混凝土造,86年3月7日,,
RPSNMLTKOHIFFAV37CA,16,84.10,見其他登記事項,鋼筋混凝土造,86年3月7日,七層,
RPSNMLTKOHIFFAV37CA,16,43.02,見其他登記事項,鋼筋混凝土造,86年3月7日,,
RPSNMLTKOHIFFAV37CA,16,221.76,見其他登記事項,鋼筋混凝土造,86年3月7日,七層,六層
RPSOMLQJOHIFFAV07CA,1,250.00,住家用,見其他登記事項,102年4月2日,三層,一層 二層 三層
RPOOMLQJOHIFFAV66CA,1,226.50,住家用,見其他登記事項,102年4月2日,三層,一層 二層 三層
RPQNMLNKOHIFFAV66DA,17,73.40,見其他登記事項,鋼筋混凝土造,85年3月26日,八層,七層
RPQNMLNKOHIFFAV66DA,17,8.44,見其他登記事項,鋼筋混凝土造,85年3月26日,八層,
RPUNMLSLNHIFFAV57DA,32,137.39,住家用,加強磚造,70年8月18日,二層,二層 一層 騎樓
RPQNMLNKOHIFFAV66DA,17,12.89,見其他登記事項,鋼筋混凝土造,85年3月26日,八層,
RPQNMLLKOHIFFCV56CA,27,225.00,住家用,加強磚造,74年11月16日,二層,
RPWNMLSLNHIFFAV67CA,3,202.24,住家用,見其他登記事項,99年5月14日,三層,一層 二層 三層
RPVNMLNKOHIFFAV07CA,13,28106.37,見其他登記事項,鋼筋混凝土造,89年6月8日,十六層,一層 二層 三層 四層 五層 六層 七層 八層 九層 十層 十一層 十二層 十三層 十四層 十五層 十六層 騎樓 地下一層 地下二層
RPVNMLNKOHIFFAV07CA,13,675.26,見其他登記事項,鋼筋混凝土造,89年6月8日,十六層,
RPVNMLKMNHIFFAV86CA,14,220.68,住家用,鋼筋混凝土造,87年12月24日,三層,一層 二層 三層
RPUNMLOJOHIFFAV96CA,7,235.32,住家用,見其他登記事項,95年8月15日,三層,一層 二層 三層
RPRNMLPJOHIFFAV76CA,18,191.52,住商用,鋼筋混凝土造,84年5月18日,三層,一層 二層 三層 騎樓
RPUNMLRJOHIFFAV27CA,15,149.06,住家用,見其他登記事項,86年11月19日,三層,二層 三層 一層
RPOQMLQJOHIFFAV86CA,23,155.35,住家用,加強磚造,79年4月27日,二層,一層 二層
RPPNMLKMNHIFFAV98DA,13,101.71,見其他登記事項,鋼筋混凝土造,88年11月26日,一層,一層 騎樓
RPQNMLKMNHIFFAV09DA,37,126.85,住家用,見其他登記事項,65年4月14日,三層,一層 二層 三層 騎樓
RPPOMLQJOHIFFAV76CA,1,220.88,住家用,見其他登記事項,102年4月2日,三層,一層 二層 三層
RPWNMLOKOHIFFAV27CA,34,111.29,住家用,加強磚造,67年12月24日,二層,一層 二層 騎樓
RPVOMLQJOHIFFAV37CA,39,88.35,住家用,見其他登記事項,63年8月20日,三層,一層 二層 三層 騎樓
RPVOMLQJOHIFFAV37CA,39,88.35,住家用,見其他登記事項,63年8月20日,三層,一層 二層 三層 騎樓
RPWNMLQJOHIFFAV37CA,1,291.49,住家用,見其他登記事項,102年4月2日,三層,一層 二層 三層 屋頂突出物
RPXNMLQJOHIFFAV47CA,1,252.49,住家用,見其他登記事項,102年4月2日,三層,一層 二層 三層
RPPNMLNJOHIFFCV66DA,20,99.68,住家用,加強磚造,82年11月18日,二層,一層 二層 騎樓
RPPNMLRJOHIFFCV07DA,18,148.12,住家用,鋼筋混凝土造,84年10月12日,三層,一層 二層 三層
RPQNMLRJOHIFFAV86CA,30,94.14,國民住宅,鋼筋混凝土造,72年2月22日,四層,三層
RPQNMLRJOHIFFAV86CA,30,6.83,見其他登記事項,鋼筋混凝土造,72年2月22日,四層,
RPQOMLNKOHIFFAV66CA,34,107.64,住家用,加強磚造,68年4月20日,二層,一層 二層
RPPNMLPLOHIFFBV86CA,15,419.77,見其他登記事項,鋼筋混凝土造,87年2月16日,三層,一層 二層 三層 騎樓
RPRNMLNJOHIFFAV56CA,29,125.52,住家用,加強磚造,73年6月26日,二層,一層 二層 騎樓
RPVNMLNJOHIFFAV96CA,17,76.34,住家用,鋼筋混凝土造,84年12月4日,十六層,十二層
RPVNMLNJOHIFFAV96CA,17,21.97,見其他登記事項,鋼筋混凝土造,84年12月4日,十六層,
RPWNMLNJOHIFFAV07CA,16,21.97,見其他登記事項,鋼筋混凝土造,85年11月13日,七層,三層
RPWNMLNJOHIFFAV07CA,16,5.18,見其他登記事項,鋼筋混凝土造,85年11月13日,七層,
RPWNMLNJOHIFFAV07CA,16,8.16,見其他登記事項,鋼筋混凝土造,85年11月13日,七層,
RPWNMLNJOHIFFAV07CA,16,26.66,見其他登記事項,鋼筋混凝土造,85年11月13日,七層,三層
RPWNMLNJOHIFFAV07CA,16,6.28,見其他登記事項,鋼筋混凝土造,85年11月13日,七層,
RPWNMLNJOHIFFAV07CA,16,9.96,見其他登記事項,鋼筋混凝土造,85年11月13日,七層,
RPXNMLNJOHIFFAV17CA,,225.81,住家用,鋼筋混凝土造,102年1月22日,三層,一層 二層 三層
RPQNMLKLOHIFFAV98CA,37,37.20,住家用,鋼筋混凝土加強磚造,65年11月2日,二層,一層 二層
RPQNMLOJOHIFFCV86DA,31,113.72,住家用,加強磚造,70年12月30日,二層,一層 二層 騎樓
RPOOMLNJOHIFFAV98CA,41,74.70,住家用,見其他登記事項,61年5月1日,二層,一層 二層 騎樓
RPQNMLSKOHIFFAV07CA,18,108.61,見其他登記事項,鋼骨混凝土造,84年9月26日,七層,一層 二層 騎樓 夾層
RPQNMLSKOHIFFAV07CA,18,22.39,見其他登記事項,鋼骨混凝土造,84年9月26日,七層,
RPQNMLSKOHIFFAV07CA,18,2.33,見其他登記事項,鋼骨混凝土造,84年9月26日,七層,
RPSNMLOJOHIFFAV86DA,19,191.70,住家用,鋼筋混凝土造,83年6月14日,三層,一層 二層 三層
RPPNMLOKOHIFFAV66DA,17,24.22,見其他登記事項,鋼筋混凝土造,85年6月28日,九層,三層
RPPNMLOKOHIFFAV66DA,17,5.47,見其他登記事項,鋼筋混凝土造,85年6月28日,九層,
RPPNMLOKOHIFFAV66DA,17,3.01,見其他登記事項,鋼筋混凝土造,85年6月28日,九層,
RPWNMLRJOHIFFAV57DA,20,151.21,住家用,鋼筋混凝土造,82年10月13日,三層,一層 二層 三層
RPTNMLRKOHIFFAV27CA,2,200.75,住家用,見其他登記事項,100年1月27日,三層,一層 二層 三層 騎樓
RPPOMLLKOHIFFAV98CA,30,147.01,住家用,加強磚造,72年4月26日,三層,二層 三層 一層
RPUNMLLKOHIFFAV76CA,20,50.59,見其他登記事項,鋼筋混凝土造,82年8月14日,七層,七層
RPUNMLLKOHIFFAV76CA,20,7.49,見其他登記事項,鋼筋混凝土造,82年8月14日,七層,
RPUNMLLKOHIFFAV76CA,20,.73,見其他登記事項,鋼筋混凝土造,82年8月14日,七層,
RPUNMLLKOHIFFAV76CA,20,4.71,見其他登記事項,鋼筋混凝土造,82年8月14日,七層,
RPUNMLPLOHIFFAV27CA,14,133.32,住家用,鋼筋混凝土造,88年6月3日,三層,一層 二層 三層
RPRNMLLKOHIFFAV09CA,18,77.34,見其他登記事項,鋼筋混凝土造,84年1月25日,十層,三層
RPRNMLLKOHIFFAV09CA,,2.14,見其他登記事項,鋼筋混凝土造,,十層,
RPRNMLLKOHIFFAV09CA,18,9.44,見其他登記事項,鋼筋混凝土造,84年1月25日,十層,
RPRNMLLKOHIFFAV09CA,18,2.29,見其他登記事項,鋼筋混凝土造,84年1月25日,十層,
RPRNMLLKOHIFFAV09CA,18,11.67,見其他登記事項,鋼筋混凝土造,84年1月25日,十層,
RPSOMLKKOHIFFAV66DA,16,66.73,見其他登記事項,鋼筋混凝土造,86年9月26日,五層,三層
RPSOMLKKOHIFFAV66DA,16,14.73,見其他登記事項,鋼筋混凝土造,86年9月26日,五層,
RPSOMLKKOHIFFAV66DA,16,4.46,見其他登記事項,鋼筋混凝土造,86年9月26日,五層,
RPTNMLKKOHIFFAV56CA,57,216.32,住商用,見其他登記事項,,二層,一層 二層 騎樓
RPWNMLKKOHIFFAV86CA,17,29.35,見其他登記事項,鋼筋混凝土造,85年6月28日,九層,三層
RPWNMLKKOHIFFAV86CA,17,5.76,見其他登記事項,鋼筋混凝土造,85年6月28日,九層,
RPWNMLKKOHIFFAV86CA,17,3.56,見其他登記事項,鋼筋混凝土造,85年6月28日,九層,
RPVNMLOLOHIFFAV27CA,19,92.57,見其他登記事項,鋼筋混凝土造,83年5月16日,十三層,七層
RPVNMLOLOHIFFAV27CA,19,11.13,見其他登記事項,鋼筋混凝土造,83年5月16日,十三層,
RPVNMLOLOHIFFAV27CA,19,1.13,見其他登記事項,鋼筋混凝土造,83年5月16日,十三層,
RPVNMLOLOHIFFAV27CA,19,.75,見其他登記事項,鋼筋混凝土造,83年5月16日,十三層,
RPVNMLOLOHIFFAV27CA,19,.14,見其他登記事項,鋼筋混凝土造,83年5月16日,十三層,
RPVNMLOLOHIFFAV27CA,19,.53,見其他登記事項,鋼筋混凝土造,83年5月16日,十三層,
RPVNMLOLOHIFFAV27CA,19,.56,見其他登記事項,鋼筋混凝土造,83年5月16日,十三層,
RPVNMLOLOHIFFAV27CA,19,.14,見其他登記事項,鋼筋混凝土造,83年5月16日,十三層,
RPVNMLOLOHIFFAV27CA,19,.37,見其他登記事項,鋼筋混凝土造,83年5月16日,十三層,
RPVNMLOLOHIFFAV27CA,19,.30,見其他登記事項,鋼筋混凝土造,83年5月16日,十三層,
RPQOMLQLOHIFFBV17CA,30,47.00,住家用,加強磚造,72年11月9日,二層,一層 二層
RPOOMLKKOHIFFAV78CA,17,90.40,住家用,鋼筋混凝土造,85年6月28日,七層,二層
RPOOMLKKOHIFFAV78CA,17,8.93,見其他登記事項,鋼筋混凝土造,85年6月28日,七層,
RPOOMLKKOHIFFAV78CA,17,6.12,見其他登記事項,鋼筋混凝土造,85年6月28日,七層,
RPOOMLKKOHIFFAV78CA,17,3.99,見其他登記事項,鋼筋混凝土造,85年6月28日,七層,
RPOOMLKKOHIFFAV78CA,17,16.01,見其他登記事項,鋼筋混凝土造,85年6月28日,七層,
RPXNMLSKOHIFFAV77CA,40,76.54,住家用,見其他登記事項,61年11月28日,二層,一層 二層
RPWNMLNKOHIFFAV17CA,16,166.60,住家用,鋼筋混凝土造,85年12月6日,三層,一層 二層 三層
RPUNMLSKOHIFFAV47CA,30,106.29,國民住宅,鋼筋混凝土造,72年2月22日,四層,三層
RPUNMLSKOHIFFAV47CA,30,7.78,見其他登記事項,鋼筋混凝土造,72年2月22日,四層,
RPSNMLLJPHIFFDV86CA,15,35.30,商業用,鋼筋混凝土造,87年3月6日,十五層,五層
RPSNMLLJPHIFFDV86CA,15,1.12,見其他登記事項,鋼筋混凝土造,87年3月6日,十五層,
RPSNMLLJPHIFFDV86CA,15,6.55,見其他登記事項,鋼筋混凝土造,87年3月6日,十五層,
RPSNMLLJPHIFFDV86CA,15,5.06,見其他登記事項,鋼筋混凝土造,87年3月6日,十層,
RPOOMLNKOHIFFAV56DA,19,235.54,住商用,鋼筋混凝土造,83年10月26日,四層,一層 二層 三層 四層 騎樓
RPSNMLOLOHIFFAV96CA,19,97.15,國民住宅,鋼筋混凝土造,82年12月3日,四層,三層
RPSNMLOLOHIFFAV96CA,19,2.07,見其他登記事項,鋼筋混凝土造,82年12月3日,四層,
RPSNMLOLOHIFFAV96CA,19,.64,見其他登記事項,鋼筋混凝土造,82年12月3日,四層,
RPSNMLOLOHIFFAV96CA,19,.64,見其他登記事項,鋼筋混凝土造,82年12月3日,四層,
RPSNMLOLOHIFFAV96CA,19,.24,見其他登記事項,鋼筋混凝土造,82年12月3日,四層,
RPSNMLOLOHIFFAV96CA,19,3.29,見其他登記事項,鋼筋混凝土造,82年12月3日,四層,
RPWNMLLKOHIFFAV07DA,38,67.68,住家用,加強磚造,64年5月24日,一層,一層 騎樓
RPUNMLNKOHIFFAV96CA,18,79.51,見其他登記事項,鋼筋混凝土造,84年1月25日,十層,三層
RPUNMLNKOHIFFAV96CA,,2.14,見其他登記事項,鋼筋混凝土造,,十層,
RPUNMLNKOHIFFAV96CA,18,9.44,見其他登記事項,鋼筋混凝土造,84年1月25日,十層,
RPUNMLNKOHIFFAV96CA,18,2.26,見其他登記事項,鋼筋混凝土造,84年1月25日,十層,
RPUNMLNKOHIFFAV96CA,18,11.52,見其他登記事項,鋼筋混凝土造,84年1月25日,十層,
RPWNMLKLOHIFFAV96CA,27,190.95,住商用,鋼筋混凝土造,75年1月17日,四層,一層 二層 三層 四層
RPPNMLNLOHIFFAV56CA,30,104.10,國民住宅,鋼筋混凝土造,72年2月22日,四層,一層 騎樓
RPPNMLNLOHIFFAV56CA,30,6.64,見其他登記事項,鋼筋混凝土造,72年2月22日,四層,
RPWNMLTJPHIFFAV77CA,14,14840.72,見其他登記事項,鋼筋混凝土造,88年3月29日,二層,一層 二層 地下一層 地下二層
RPPNMLQLOHIFFAV86CA,,61.74,,,,,
RPRNMLSJPHIFFAV17CA,32,157.25,見其他登記事項,見其他登記事項,70年10月24日,一層,騎樓 一層
RPUNMLQLOHIFFBV47CA,15,121.19,住家用,鋼筋混凝土造,87年3月2日,二層,一層 二層 騎樓
RPPNMLRKOHIFFAV86CA,21,134.85,住家用,鋼筋混凝土造,81年1月25日,三層,一層 二層 三層
RPQNMLTKOHIFFAV27DA,26,121.27,住家用,加強磚造,75年11月8日,二層,一層 二層
RPQNMLRKOHIFFAV96CA,13,232.57,住家用,鋼筋混凝土造,88年12月16日,三層,一層 二層 三層
RPWNMLLLOHIFFAV07CA,17,372.32,見其他登記事項,鋼筋混凝土造,84年12月4日,十六層,
RPWNMLLLOHIFFAV07CA,17,107.97,住家用,鋼筋混凝土造,84年12月4日,十六層,三層
RPPNMLTKOHIFFAV07CA,18,197.04,見其他登記事項,鋼筋混凝土造,84年1月28日,五層,四層 五層 一層 二層 三層
RPOOMLPJPHIFFAV66CA,7,235.32,住家用,見其他登記事項,95年8月15日,三層,一層 二層 三層
RPTNMLKLOHIFFAV66CA,18,40.79,見其他登記事項,鋼筋混凝土造,84年3月27日,十層,五層
RPTNMLKLOHIFFAV66CA,18,10.34,見其他登記事項,鋼筋混凝土造,84年3月27日,十層,
RPSNMLQLOHIFFBV27CA,14,100.95,住家用,鋼筋混凝土造,87年12月17日,五層,五層
RPQNMLRLOHIFFAV07CA,,242.42,住家用,見其他登記事項,102年4月19日,三層,一層 二層 三層
RPVNMLLLOHIFFAV96CA,8,211.85,住家用,鋼筋混凝土造,93年11月11日,三層,一層 二層 三層
RPQOMLKLOHIFFAV09CA,,206.99,住家用,見其他登記事項,,二層,一層 二層 騎樓
RPWNMLTKOHIFFAV77CA,,222.43,見其他登記事項,見其他登記事項,102年2月8日,三層,一層 二層 三層
RPQNMLOLOHIFFAV76CA,20,39.28,見其他登記事項,鋼筋混凝土造,82年10月19日,七層,七層
RPWNMLLJPHIFFAV96CA,,4.96,見其他登記事項,鋼筋混凝土造,,四層,
RPWNMLLJPHIFFAV96CA,30,87.10,國民住宅,鋼筋混凝土造,72年9月23日,四層,一層
RPROMLLJPHIFFAV56CA,17,205.45,住家用,鋼筋混凝土造,85年3月15日,三層,一層 二層 三層
RPUNMLLJPHIFFAV76CA,30,93.41,國民住宅,鋼筋混凝土造,72年2月22日,四層,四層
RPUNMLLJPHIFFAV76CA,30,6.83,見其他登記事項,鋼筋混凝土造,72年2月22日,四層,
RPSNMLQLOHIFFAV17CA,19,78.36,見其他登記事項,鋼筋混凝土造,83年4月19日,十四層,七層
RPTNMLQLOHIFFAV27CA,30,88.82,國民住宅,鋼筋混凝土造,72年10月19日,四層,二層
RPQNMLQLOHIFFAV96CA,9,175.58,見其他登記事項,見其他登記事項,93年10月13日,三層,一層 二層 三層 騎樓
RPSNMLKLOHIFFAV66DA,18,255.88,見其他登記事項,鋼筋混凝土造,84年7月21日,五層,一層 二層 三層 五層 四層
RPSNMLKLOHIFFAV66DA,18,255.88,見其他登記事項,鋼筋混凝土造,84年7月21日,五層,四層 二層 三層 一層 五層
RPSNMLKLOHIFFAV66DA,18,58.58,見其他登記事項,鋼筋混凝土造,84年7月21日,二層,
RPVNMLKLOHIFFAV86CA,,222.43,見其他登記事項,見其他登記事項,102年2月8日,三層,一層 二層 三層
RPPNMLLLOHIFFAV98CA,20,29.06,住家用,鋼筋混凝土造,82年10月27日,六層,五層
RPPNMLLLOHIFFAV98CA,20,15.37,見其他登記事項,鋼筋混凝土造,82年10月27日,六層,
RPQOMLQLOHIFFAV07CA,40,129.60,住家用,見其他登記事項,62年11月14日,二層,一層 二層 騎樓
RPRNMLQLOHIFFBV17CA,20,166.32,住家用,鋼筋混凝土造,82年6月29日,三層,一層 二層 三層
RPTNMLSJPHIFFAV37CA,30,100.53,國民住宅,鋼筋混凝土造,72年2月9日,四層,四層
RPPNMLRLOHIFFAV96CA,,246.79,住家用,見其他登記事項,102年4月19日,三層,一層 二層 三層
RPPOMLQLOHIFFAV96CA,33,100.79,住家用,加強磚造,69年10月8日,二層,一層 二層
RPOOMLRLOHIFFAV96CA,52,264.84,住商用,見其他登記事項,50年1月1日,一層,一層
RPVNMLRLOHIFFAV57CA,,236.22,住商用,見其他登記事項,,三層,一層 二層 三層
RPUNMLRLOHIFFAV47CA,19,99.42,見其他登記事項,鋼筋混凝土造,83年4月1日,四層,四層
SPRNMLRLOHIFFDV57CA,19,31.54,見其他登記事項,鋼筋混凝土造,83年9月30日,八層,八層
RPTNMLRLOHIFFDV67CA,19,31.54,見其他登記事項,鋼筋混凝土造,83年9月30日,八層,八層
RPPNMLRLOHIFFDV27CA,19,31.54,見其他登記事項,鋼筋混凝土造,83年9月30日,八層,八層
SPPNMLRLOHIFFDV37CA,19,31.54,見其他登記事項,鋼筋混凝土造,83年9月30日,八層,八層
SPTNMLRLOHIFFDV77CA,19,31.54,見其他登記事項,鋼筋混凝土造,83年9月30日,八層,八層
RPRNMLRLOHIFFDV47CA,19,34.45,見其他登記事項,鋼筋混凝土造,83年9月30日,八層,八層
RPPOMLLJPHIFFAV98CA,38,126.72,住商用,見其他登記事項,64年3月18日,二層,一層 二層 騎樓
RPOOMLLJPHIFFAV88CA,30,157.76,住家用,加強磚造,72年10月24日,二層,二層 騎樓 一層
RPUNMLQLOHIFFAV37CA,18,176.30,住家用,鋼筋混凝土造,84年6月13日,三層,一層 二層 三層
RPVNMLQLOHIFFAV47CA,42,81.38,住家用,見其他登記事項,60年3月9日,二層,一層 二層 騎樓
RPSNMLRLOHIFFDV57CA,19,43.08,見其他登記事項,鋼筋混凝土造,83年9月30日,八層,七層
RPRNMLQLOHIFFAV07CA,17,263.39,見其他登記事項,鋼筋混凝土造,84年12月11日,三層,一層 二層 三層 地下層
RPWNMLQLOHIFFAV57CA,17,164.36,住家用,鋼筋混凝土造,85年1月13日,四層,一層 二層 三層 四層
RPWNMLQLOHIFFAV57CA,17,164.36,住家用,鋼筋混凝土造,85年1月13日,四層,一層 二層 三層 四層
RPRNMLPLOHIFFAV07DA,,37.82,住家用,見其他登記事項,,一層,一層
RPTNMLRLOHIFFAV37CA,17,75.64,見其他登記事項,鋼筋混凝土造,85年6月28日,九層,七層
RPTNMLRLOHIFFAV37CA,17,8.63,見其他登記事項,鋼筋混凝土造,85年6月28日,九層,
RPTNMLRLOHIFFAV37CA,17,8.20,見其他登記事項,鋼筋混凝土造,85年6月28日,九層,
RPRNMLRLOHIFFAV17CA,18,40.79,見其他登記事項,鋼筋混凝土造,84年3月27日,十層,八層
RPRNMLRLOHIFFAV17CA,18,10.34,見其他登記事項,鋼筋混凝土造,84年3月27日,十層,
RPSNMLRLOHIFFAV27CA,18,136.40,見其他登記事項,鋼筋混凝土造,84年7月21日,五層,一層 二層 三層 四層 五層 騎樓
RPSNMLRLOHIFFAV27CA,,29.29,住商用,見其他登記事項,,一層,一層 騎樓
RPQOMLSKPHIFFAV27CA,20,109.78,住家用,鋼筋混凝土造,82年6月2日,五層,五層
RPQOMLSKPHIFFAV27CA,20,18.32,見其他登記事項,鋼筋混凝土造,82年6月2日,五層,
RPOOMLQLOHIFFAV86CA,18,311.73,住家用,鋼筋混凝土造,84年1月11日,四層,騎樓 一層 二層 三層 四層
RPTNMLMJPHIFFAV76CA,18,148.35,住家用,鋼筋混凝土造,84年6月13日,三層,一層 二層 三層
RPPNMLMJPHIFFDV66CA,18,76.19,見其他登記事項,鋼筋混凝土造,84年7月14日,八層,八層
RPPNMLMJPHIFFDV66CA,18,20.25,見其他登記事項,鋼筋混凝土造,84年7月14日,八層,
RPRNMLNJPHIFFCV96DA,9,139.59,住家用,鋼筋混凝土造,93年11月25日,三層,一層 二層 三層
RPQNMLRLOHIFFBV27DA,18,150.76,農舍,加強磚造,84年9月16日,二層,一層 二層 騎樓
RPUNMLNKPHIFFAV07CA,10,243.95,見其他登記事項,鋼筋混凝土造,91年12月13日,三層,一層 二層 三層 騎樓
RPPNMLQLOHIFFCV17DA,19,155.48,住商用,鋼筋混凝土造,83年11月28日,三層,一層 二層 三層 屋頂突出物
RPOPMLSKPHIFFAV17CA,33,116.10,住家用,加強磚造,69年5月24日,二層,一層 二層 騎樓
RPXNMLRLOHIFFAV77CA,40,98.89,住家用,見其他登記事項,62年4月26日,二層,一層 二層 騎樓
RPPNMLSLOHIFFAV17DA,17,27.71,見其他登記事項,鋼筋混凝土造,85年6月28日,九層,八層
RPPNMLSLOHIFFAV17DA,17,5.76,見其他登記事項,鋼筋混凝土造,85年6月28日,九層,
RPPNMLSLOHIFFAV17DA,17,3.28,見其他登記事項,鋼筋混凝土造,85年6月28日,九層,
RPUNMLSLOHIFFAV57CA,20,186.67,住家用,加強磚造,82年9月9日,三層,一層 二層 三層
RPSOMLLJPHIFFAV66CA,18,141.67,住家用,鋼筋混凝土造,84年9月8日,二層,二層 一層
SPVNMLLJPHIFFAV96CA,18,274.30,見其他登記事項,鋼筋混凝土造,84年7月21日,五層,一層 二層 三層 五層 騎樓 四層
SPVNMLLJPHIFFAV96CA,18,29.29,見其他登記事項,鋼筋混凝土造,84年7月21日,二層,
RPVNMLLJPHIFFAV86CA,18,273.35,見其他登記事項,鋼筋混凝土造,84年7月21日,五層,一層 二層 三層 四層 五層 騎樓
RPVNMLLJPHIFFAV86CA,18,29.29,見其他登記事項,鋼筋混凝土造,84年7月21日,二層,
RPXNMLLJPHIFFAV07CA,20,142.45,住家用,鋼筋混凝土造,82年10月13日,三層,一層 二層 三層
RPOPMLLJPHIFFAV98CA,19,92.57,見其他登記事項,鋼筋混凝土造,83年5月16日,十三層,七層
RPQNMLSKPHIFFBV27CA,16,96.01,見其他登記事項,加強磚造,86年4月9日,二層,一層 二層 屋頂突出物
RPRNMLSLOHIFFAV27CA,20,159.77,見其他登記事項,鋼筋混凝土造,82年6月22日,五層,三層 四層 五層
RPPNMLMJPHIFFAV98CA,30,101.25,住家用,加強磚造,71年12月29日,二層,一層 二層
RPQNMLLJPHIFFDV66CA,18,31.50,見其他登記事項,鋼筋混凝土造,84年1月10日,八層,三層
RPQNMLTJPHIFFCV37CA,18,179.54,住商用,加強磚造,84年1月12日,二層,一層 二層 屋頂突出物
RPXOMLLJPHIFFAV27DA,20,97.86,住家用,鋼筋混凝土造,82年7月16日,七層,二層
RPXOMLLJPHIFFAV27DA,20,30.20,見其他登記事項,鋼筋混凝土造,82年7月16日,七層,
RPSNMLMKPHIFFAV76CA,20,469.50,住商用,見其他登記事項,82年11月4日,二層,一層 二層 騎樓
RPSNMLMKPHIFFAV76CA,20,469.50,住商用,見其他登記事項,82年11月4日,二層,一層 二層 騎樓
RPPNMLSKPHIFFCV27CA,,57.49,商業用,見其他登記事項,,一層,一層 騎樓
RPPNMLSKPHIFFCV27CA,35,57.49,住家用,見其他登記事項,67年2月2日,一層,見其他登記事項
RPQOMLLJPHIFFAV56DA,23,187.94,住家用,鋼筋混凝土造,79年5月7日,三層,一層 二層 三層
RPRPMLLJPHIFFAV76DA,19,64.39,見其他登記事項,鋼筋混凝土造,83年1月26日,七層,三層
RPRPMLLJPHIFFAV76DA,19,1.73,共同使用部份,鋼筋混凝土造,83年1月26日,七層,
RPRPMLLJPHIFFAV76DA,19,1.73,共同使用部份,鋼筋混凝土造,83年1月26日,七層,
RPRPMLLJPHIFFAV76DA,19,1.73,共同使用部份,鋼筋混凝土造,83年1月26日,七層,
RPRPMLLJPHIFFAV76DA,19,1.73,共同使用部份,鋼筋混凝土造,83年1月26日,七層,
RPRPMLLJPHIFFAV76DA,19,1.73,共同使用部份,鋼筋混凝土造,83年1月26日,七層,
RPRPMLLJPHIFFAV76DA,19,1.73,共同使用部份,鋼筋混凝土造,83年1月26日,七層,
RPRPMLLJPHIFFAV76DA,19,1.74,共同使用部份,鋼筋混凝土造,83年1月26日,七層,
RPRPMLLJPHIFFAV76DA,19,13.06,共同使用部份,鋼筋混凝土造,83年1月26日,七層,
RPSOMLMJPHIFFAV86DA,21,137.84,住家用,鋼筋混凝土造,81年3月24日,三層,一層 二層 三層
RPPNMLRKPHIFFDV27CA,20,38.68,見其他登記事項,鋼筋混凝土造,82年11月8日,八層,三層
RPQNMLRKPHIFFDV37CA,18,30.87,見其他登記事項,鋼筋混凝土造,84年7月14日,八層,四層
RPUNMLTKPHIFFAV67CA,27,140.96,住家用,加強磚造,75年1月25日,二層,一層 二層
RPPOMLPJPHIFFAV76CA,6,57.38,見其他登記事項,見其他登記事項,96年10月19日,一層,一層
RPQNMLNLPHIFFDV07CA,18,43.98,見其他登記事項,鋼筋混凝土造,84年7月14日,八層,五層
RPRNMLTJPHIFFAV27CA,,58.72,住商用,見其他登記事項,,一層,一層 騎樓
RPSNMLKKPHIFFAV66DA,30,90.89,國民住宅,鋼筋混凝土造,72年10月4日,四層,一層
RPSNMLKKPHIFFAV66DA,,5.21,見其他登記事項,見其他登記事項,,四層,
RPWNMLSJPHIFFAV67CA,6,211.32,住家用,見其他登記事項,96年1月19日,三層,一層 二層 三層
RPUNMLMJPHIFFAV96DA,19,85.10,見其他登記事項,鋼筋混凝土造,83年6月1日,三層,一層
RPUNMLMJPHIFFAV96DA,19,9.54,見其他登記事項,鋼筋混凝土造,83年6月1日,三層,
RPVNMLMJPHIFFAV07DA,22,81.03,住家用,鋼筋混凝土造,80年1月29日,二層,一層 二層
RPRNMLLJPHIFFAV09CA,19,96.34,見其他登記事項,鋼筋混凝土造,83年2月25日,十二層,五層
RPRNMLLJPHIFFAV09CA,19,13.80,見其他登記事項,鋼筋混凝土造,83年2月25日,十二層,
RPRNMLLJPHIFFAV09CA,19,12.96,見其他登記事項,鋼筋混凝土造,83年2月25日,十二層,
RPPOMLMKPHIFFAV66DA,20,109.91,國民住宅,鋼筋混凝土造,82年12月3日,四層,三層
RPPOMLMKPHIFFAV66DA,20,2.62,見其他登記事項,鋼筋混凝土造,82年12月3日,四層,
RPPOMLMKPHIFFAV66DA,20,.80,見其他登記事項,鋼筋混凝土造,82年12月3日,四層,
RPPOMLMKPHIFFAV66DA,20,4.16,見其他登記事項,鋼筋混凝土造,82年12月3日,四層,
RPPOMLMKPHIFFAV66DA,20,.29,見其他登記事項,鋼筋混凝土造,82年12月3日,四層,
RPPOMLMKPHIFFAV66DA,20,.80,見其他登記事項,鋼筋混凝土造,82年12月3日,四層,
RPQNMLSJPHIFFCV37DA,15,154.88,見其他登記事項,加強磚造,87年4月21日,二層,一層 二層 騎樓
RPVNMLMKPHIFFAV17DA,19,24.00,商業用,鋼筋混凝土造,83年11月24日,九層,九層
RPVNMLMKPHIFFAV17DA,19,4.45,見其他登記事項,鋼筋混凝土造,83年11月24日,九層,
RPVNMLMKPHIFFAV17DA,19,2.12,見其他登記事項,鋼筋混凝土造,83年11月24日,九層,
RPTNMLNKPHIFFAV96CA,1,254.11,住家用,見其他登記事項,101年7月6日,四層,二層 一層 三層 四層
RPRNMLPLPHIFFAV07CA,41,64.60,住家用,見其他登記事項,61年1月1日,一層,
RPPNMLPJPHIFFAV66CA,17,216.32,住家用,鋼筋混凝土造,85年5月14日,三層,一層 二層 三層
RPQNMLTJPHIFFAV17CA,18,100.22,見其他登記事項,鋼筋混凝土造,84年2月17日,八層,二層
RPQNMLTJPHIFFAV17CA,18,17.65,見其他登記事項,鋼筋混凝土造,84年2月17日,八層,
RPQNMLTJPHIFFAV17CA,18,12.74,見其他登記事項,鋼筋混凝土造,84年2月17日,八層,
RPQNMLOJPHIFFBV76CA,5,243.60,農舍,加強磚造,97年4月18日,一層,一層
RPQNMLSJPHIFFBV27DA,32,205.20,農舍,鋼筋混凝土加強磚造,70年2月13日,二層,一層 二層
RPPNMLSJPHIFFCV17CA,18,96.77,住家用,鋼筋混凝土造,84年1月21日,三層,一層 二層 三層 屋頂突出物
RPQNMLRKPHIFFAV07CA,,79.40,,,,,
RPQNMLRKPHIFFAV07CA,,36.00,,,,,
RPQNMLRKPHIFFAV07CA,,4.37,,,,,
RPSNMLTJPHIFFAV37CA,15,48.80,見其他登記事項,鋼筋混凝土造,87年10月14日,七層,七層
RPSNMLTJPHIFFAV37CA,15,6.92,見其他登記事項,鋼筋混凝土造,87年10月14日,七層,
RPSNMLTJPHIFFAV37CA,15,10.47,見其他登記事項,鋼筋混凝土造,87年10月14日,七層,
RPVNMLSKPHIFFAV77DA,34,106.26,見其他登記事項,加強磚造,67年12月24日,二層,一層 二層 騎樓
RPVNMLSJPHIFFAV67DA,31,93.16,住家用,加強磚造,71年5月1日,二層,一層 二層
RPSNMLOJPHIFFAV96DA,41,68.82,住家用,加強磚造,,一層,一層
RPPNMLOJPHIFFAV56CA,17,190.33,住家用,鋼筋混凝土造,85年1月13日,四層,一層 二層 三層 四層
RPQNMLOJPHIFFAV66CA,18,94.81,見其他登記事項,鋼筋混凝土造,84年2月17日,八層,一層
RPQNMLOJPHIFFAV66CA,18,15.37,見其他登記事項,鋼筋混凝土造,84年2月17日,八層,
RPQNMLOJPHIFFAV66CA,18,11.40,見其他登記事項,鋼筋混凝土造,84年2月17日,八層,
RPTNMLMKPHIFFAV96DA,7,449.04,住家用,見其他登記事項,95年8月15日,三層,三層 一層 二層
RPQNMLRJPHIFFAV96CA,18,154.65,見其他登記事項,鋼筋混凝土造,84年8月22日,三層,一層 二層 三層
RPPNMLPJPHIFFBV76CA,19,200.17,住家用,鋼筋混凝土造,83年9月9日,三層,一層 二層 三層
RPUNMLPLPHIFFAV37CA,20,157.83,住商用,鋼筋混凝土造,82年7月16日,七層,一層 二層 三層 騎樓
RPUNMLPLPHIFFAV37CA,20,48.64,見其他登記事項,鋼筋混凝土造,82年7月16日,七層,
RPOOMLNKPHIFFAV56CA,,225.91,住家用,見其他登記事項,102年1月4日,三層,一層 二層 三層
RPROMLNKPHIFFAV86CA,,225.91,住家用,見其他登記事項,102年1月4日,三層,一層 二層 三層
RPPNMLTJPHIFFAV07CA,30,90.66,國民住宅,鋼筋混凝土造,72年10月4日,四層,四層
RPPNMLTJPHIFFAV07CA,,4.54,見其他登記事項,鋼筋混凝土造,,四層,
RPQNMLPJQHIFFDV17CA,15,36.32,商業用,鋼筋混凝土造,87年3月6日,十五層,九層
RPQNMLPJQHIFFDV17CA,15,1.17,見其他登記事項,鋼筋混凝土造,87年3月6日,十五層,
RPQNMLPJQHIFFDV17CA,15,6.81,見其他登記事項,鋼筋混凝土造,87年3月6日,十五層,
RPQNMLPJQHIFFDV17CA,15,5.25,見其他登記事項,鋼筋混凝土造,87年3月6日,十層,
RPSNMLLKPHIFFAV76DA,1,150.02,住家用,見其他登記事項,101年9月18日,三層,一層 二層 三層
RPQNMLLKPHIFFAV09CA,3,235.66,住家用,見其他登記事項,99年11月25日,三層,一層 二層 三層
RPUNMLKKPHIFFAV86DA,,712.07,見其他登記事項,鋼筋混凝土造,,四層,一層 二層 三層 四層 騎樓 地下層
RPPNMLTKPHIFFCV37CA,15,189.00,住家用,鋼筋混凝土造,87年8月3日,三層,一層 二層 三層
RPVNMLKKPHIFFAV86CA,27,112.84,住家用,鋼筋混凝土造,75年3月19日,二層,一層 二層
RPRNMLTJPHIFFBV37CA,22,282.14,住家用,鋼筋混凝土造,79年10月30日,三層,
RPQNMLTJPHIFFBV27CA,18,111.96,住家用,加強磚造,84年9月27日,二層,一層 二層
RPPNMLLMPHIFFBV66CA,17,97.86,見其他登記事項,加強磚造,85年4月19日,二層,一層 二層
RPRNMLRKPHIFFAV17CA,16,165.55,住家用,鋼筋混凝土造,86年3月7日,三層,一層 二層 三層
RPVNMLPLPHIFFAV47CA,32,154.52,住家用,加強磚造,70年5月8日,二層,一層 二層
RPQOMLNKPHIFFAV76CA,,225.91,住家用,見其他登記事項,102年1月4日,三層,一層 二層 三層
RPVNMLOLPHIFFAV37CA,14,195.54,見其他登記事項,鋼筋混凝土造,88年5月7日,三層,一層 二層 三層 騎樓
RPTNMLMLPHIFFAV96CA,26,179.76,住家用,加強磚造,76年10月5日,二層,一層 二層
RPPNMLRKPHIFFAV96CA,,259.44,住家用,見其他登記事項,102年3月20日,三層,一層 二層 三層 見其他登記事項
RPPNMLOKPHIFFAV66CA,,229.88,住家用,見其他登記事項,102年1月4日,三層,一層 二層 三層
RPWNMLKKPHIFFAV96CA,37,90.60,住商用,見其他登記事項,65年5月14日,二層,二層 騎樓 一層
RPQOMLMKPHIFFAV66CA,18,167.55,住家用,見其他登記事項,84年7月13日,三層,一層 二層 三層
RPTNMLSJQHIFFCV67CA,8,364.28,見其他登記事項,鋼筋混凝土造,94年1月21日,二層,一層 地下層
RPPNMLLKPHIFFCV66DA,,254.83,見其他登記事項,鋼筋混凝土造,102年5月30日,三層,一層 二層 三層 見其他登記事項
RPSNMLSJQHIFFCV57CA,8,121.02,見其他登記事項,鋼筋混凝土造,94年1月21日,三層,三層
RPSNMLSJQHIFFCV57CA,8,121.02,見其他登記事項,鋼筋混凝土造,94年1月21日,四層,四層
RPRNMLSJQHIFFCV47CA,8,108.91,見其他登記事項,鋼筋混凝土造,94年1月21日,七層,七層
RPRNMLSJQHIFFCV47CA,8,108.91,見其他登記事項,鋼筋混凝土造,94年1月21日,八層,八層
RPQNMLSJQHIFFCV37CA,8,108.91,見其他登記事項,鋼筋混凝土造,94年1月21日,五層,五層
RPQNMLSJQHIFFCV37CA,8,108.91,見其他登記事項,鋼筋混凝土造,94年1月21日,六層,六層
RPPOMLNKPHIFFAV66CA,,225.91,住家用,見其他登記事項,102年1月4日,三層,一層 二層 三層
RPPNMLSJQHIFFCV27CA,8,93.85,見其他登記事項,鋼筋混凝土造,94年1月21日,二層,一層 二層
RPPNMLSJQHIFFCV27CA,8,97.58,見其他登記事項,鋼筋混凝土造,94年1月21日,二層,一層 二層
RPPNMLSJQHIFFCV27CA,8,121.02,見其他登記事項,鋼筋混凝土造,94年1月21日,七層,七層
RPPNMLSJQHIFFCV27CA,8,121.02,見其他登記事項,鋼筋混凝土造,94年1月21日,八層,八層
RPPNMLSJQHIFFCV27CA,8,100.88,見其他登記事項,鋼筋混凝土造,94年1月21日,二層,一層 二層
RPPNMLSJQHIFFCV27CA,8,96.94,見其他登記事項,鋼筋混凝土造,94年1月21日,二層,一層 二層
RPXNMLKKPHIFFAV17DA,40,69.62,住家用,見其他登記事項,61年12月6日,一層,一層
RPXNMLNKPHIFFAV37CA,33,74.82,住家用,加強磚造,69年2月6日,二層,一層 二層
RPUNMLSJQHIFFCV77CA,8,108.91,見其他登記事項,鋼筋混凝土造,94年1月21日,三層,三層
RPUNMLSJQHIFFCV77CA,8,108.91,見其他登記事項,鋼筋混凝土造,94年1月21日,四層,四層
RPUNMLSJQHIFFCV77CA,8,121.02,見其他登記事項,鋼筋混凝土造,94年1月21日,五層,五層
RPUNMLSJQHIFFCV77CA,8,121.02,見其他登記事項,鋼筋混凝土造,94年1月21日,六層,六層
RPROMLSKPHIFFAV37CA,18,232.64,見其他登記事項,鋼筋混凝土造,84年7月1日,四層,一層 二層 三層 四層 騎樓
RPQNMLOKPHIFFAV76CA,,230.07,住家用,見其他登記事項,102年1月4日,三層,一層 二層 三層
RPSNMLPKPHIFFAV07CA,7,264.93,住家用,見其他登記事項,95年8月15日,三層,一層 二層 三層
RPPNMLLKPHIFFBV09CA,27,79.58,住家用,加強磚造,75年4月15日,二層,一層 二層 騎樓
RPROMLPKPHIFFAV07CA,27,121.27,住家用,加強磚造,75年10月31日,二層,一層 二層
SPROMLSKPHIFFAV47CA,18,232.64,見其他登記事項,鋼筋混凝土造,84年7月1日,四層,一層 二層 三層 四層 騎樓
RPVNMLLKPHIFFAV07DA,41,73.92,住家用,見其他登記事項,61年8月30日,二層,二層
RPQNMLSKPHIFFCV37CA,14,219.10,住家用,加強磚造,88年12月21日,二層,一層 二層 屋頂突出物
RPSNMLSKPHIFFAV47DA,18,183.69,住家用,鋼筋混凝土造,84年11月25日,三層,二層 三層 一層
RPPNMLTKPHIFFAV27DA,17,169.64,見其他登記事項,鋼筋混凝土造,85年3月26日,八層,一層 二層 三層 騎樓
RPXNMLLKPHIFFAV17CA,17,107.32,見其他登記事項,鋼筋混凝土造,85年6月21日,七層,六層
RPXNMLLKPHIFFAV17CA,17,10.35,見其他登記事項,鋼筋混凝土造,85年6月21日,七層,
RPXNMLLKPHIFFAV17CA,17,7.00,見其他登記事項,鋼筋混凝土造,85年6月21日,七層,
RPXNMLLKPHIFFAV17CA,17,7.37,見其他登記事項,鋼筋混凝土造,85年6月21日,七層,
RPXNMLLKPHIFFAV17CA,17,16.82,見其他登記事項,鋼筋混凝土造,85年6月21日,七層,
RPUOMLPKPHIFFAV47DA,,52.31,住家用,見其他登記事項,,一層,
RPXNMLPKPHIFFAV67DA,35,42.84,住家用,見其他登記事項,67年1月15日,一層,一層 騎樓
RPVNMLPKPHIFFAV37CA,17,107.32,見其他登記事項,鋼筋混凝土造,85年6月21日,七層,七層
RPVNMLPKPHIFFAV37CA,17,7.25,見其他登記事項,鋼筋混凝土造,85年6月21日,七層,
RPVNMLPKPHIFFAV37CA,17,16.82,見其他登記事項,鋼筋混凝土造,85年6月21日,七層,
RPVNMLPKPHIFFAV37CA,17,9.52,見其他登記事項,鋼筋混凝土造,85年6月21日,七層,
RPVNMLPKPHIFFAV37CA,17,6.43,見其他登記事項,鋼筋混凝土造,85年6月21日,七層,
RPTOMLPKPHIFFAV27CA,33,119.70,住家用,加強磚造,69年12月2日,二層,一層 二層 騎樓
RPUNMLRKPHIFFAV47CA,9,147.11,住家用,鋼筋混凝土造,93年3月12日,三層,一層 二層 三層
RPSNMLQKPHIFFAV17CA,19,28.99,見其他登記事項,鋼筋混凝土造,83年4月19日,十四層,三層
RPSNMLQKPHIFFAV17CA,19,13.37,見其他登記事項,鋼筋混凝土造,83年4月19日,十四層,
RPVNMLQKPHIFFAV47CA,32,103.28,住家用,加強磚造,70年12月28日,二層,一層 二層 騎樓
RPWNMLQKPHIFFAV57CA,30,104.86,國民住宅,鋼筋混凝土造,72年10月4日,四層,四層
RPWNMLQKPHIFFAV57CA,,5.21,見其他登記事項,見其他登記事項,,四層,
RPTNMLQKPHIFFAV27CA,18,200.30,見其他登記事項,鋼筋混凝土造,84年1月28日,五層,一層 二層 三層 四層 五層
RPQOMLPKPHIFFAV07DA,,254.92,住家用,見其他登記事項,102年4月29日,三層,一層 二層 三層 屋頂突出物
RPQNMLTKPHIFFBV47DA,34,111.22,住家用,鋼筋混凝土加強磚造,68年1月24日,二層,一層 二層
RPWNMLRJQHIFFCV87CA,1,195.36,見其他登記事項,鋼筋混凝土造,101年7月30日,三層,一層 二層 三層 騎樓
RPVNMLKMPHIFFAV07CA,17,131.17,見其他登記事項,鋼筋混凝土造,85年6月28日,九層,四層
RPVNMLKMPHIFFAV07CA,17,10.94,見其他登記事項,鋼筋混凝土造,85年6月28日,九層,
RPVNMLKMPHIFFAV07CA,17,14.49,見其他登記事項,鋼筋混凝土造,85年6月28日,九層,
RPPOMLSKPHIFFAV17CA,33,115.65,住家用,加強磚造,69年10月30日,二層,一層 二層 騎樓
RPTOMLSKPHIFFAV57CA,,65.58,住家用,見其他登記事項,,二層,一層 二層
RPPNMLSKPHIFFAV07CA,34,119.80,住家用,加強磚造,68年7月6日,二層,一層 二層 騎樓
RPPOMLTKPHIFFAV27CA,18,99.47,見其他登記事項,鋼筋混凝土造,84年12月20日,七層,五層
RPRNMLPJQHIFFAV96CA,15,198.29,見其他登記事項,鋼筋混凝土造,87年4月20日,三層,一層 二層 三層 騎樓
RPUOMLTLPHIFFAV87CA,32,101.29,住家用,鋼筋混凝土造,70年10月21日,七層,六層
RPUOMLTLPHIFFAV87CA,,14.92,見其他登記事項,鋼筋混凝土造,,一層,
RPUOMLTLPHIFFAV87CA,32,16.57,見其他登記事項,鋼筋混凝土造,70年10月21日,七層,
RPRNMLTLPHIFFAV47CA,31,76.89,住家用,加強磚造,72年1月6日,一層,一層 騎樓
RPRNMLRLPHIFFAV27CA,33,103.96,住家用,加強磚造,69年12月9日,二層,一層 二層 騎樓
RPQNMLPLPHIFFCV27DA,29,80.17,住家用,加強磚造,73年6月1日,一層,一層
RPXNMLTLPHIFFAV08CA,20,201.15,住家用,鋼筋混凝土造,82年9月13日,四層,一層 二層 三層 四層
RPSNMLTKPHIFFAV57DA,7,204.30,見其他登記事項,見其他登記事項,95年10月4日,三層,一層 二層 三層
RPPNMLTLPHIFFAV37DA,,199.47,住家用,見其他登記事項,102年5月27日,三層,一層 二層 三層
RPSOMLKMPHIFFAV86CA,14,126.74,見其他登記事項,鋼筋混凝土造,88年9月30日,二層,一層 二層 騎樓
RPQOMLTKPHIFFAV37CA,7,235.32,住家用,見其他登記事項,95年8月15日,三層,一層 二層 三層
RPXNMLTKPHIFFAV97CA,30,102.86,國民住宅,鋼筋混凝土造,72年2月9日,四層,二層
RPXNMLTKPHIFFAV97CA,30,.99,見其他登記事項,鋼筋混凝土造,72年2月9日,四層,
RPXNMLTKPHIFFAV97CA,30,1.15,見其他登記事項,鋼筋混凝土造,72年2月9日,四層,
RPXNMLTKPHIFFAV97CA,30,5.86,見其他登記事項,鋼筋混凝土造,72年2月9日,四層,
RPTNMLMKQHIFFAV07DA,19,18.22,見其他登記事項,鋼筋混凝土造,83年3月2日,五層,三層
RPTNMLMKQHIFFAV07DA,19,8.02,見其他登記事項,鋼筋混凝土造,83年3月2日,五層,
RPQNMLMLPHIFFAV66CA,32,90.80,住家用,加強磚造,70年4月17日,二層,一層 二層 騎樓
RPRNMLMLPHIFFAV76CA,18,80.93,見其他登記事項,鋼筋混凝土造,84年1月25日,十層,三層
RPRNMLMLPHIFFAV76CA,,2.18,見其他登記事項,鋼筋混凝土造,,十層,
RPRNMLMLPHIFFAV76CA,18,9.65,見其他登記事項,鋼筋混凝土造,84年1月25日,十層,
RPRNMLMLPHIFFAV76CA,18,2.32,見其他登記事項,鋼筋混凝土造,84年1月25日,十層,
RPRNMLMLPHIFFAV76CA,18,11.83,見其他登記事項,鋼筋混凝土造,84年1月25日,十層,
RPOOMLTLPHIFFAV27CA,17,203.57,見其他登記事項,鋼筋混凝土造,85年3月26日,八層,一層 二層 三層 騎樓
RPPOMLPLPHIFFAV96CA,19,78.78,見其他登記事項,鋼筋混凝土造,83年4月19日,十四層,八層
RPPOMLPLPHIFFAV96CA,19,21.84,見其他登記事項,鋼筋混凝土造,83年4月19日,十四層,
RPSPMLRJQHIFFAV47CA,20,2.61,見其他登記事項,鋼筋混凝土造,82年8月14日,七層,
RPSPMLRJQHIFFAV47CA,20,16.87,見其他登記事項,鋼筋混凝土造,82年8月14日,七層,
RPSPMLRJQHIFFAV47CA,20,163.39,見其他登記事項,鋼筋混凝土造,82年8月14日,七層,一層 二層 騎樓
RPSPMLRJQHIFFAV47CA,20,32.16,見其他登記事項,鋼筋混凝土造,82年8月14日,七層,
RPUNMLMLPHIFFAV17DA,39,44.77,住家用,見其他登記事項,63年7月10日,一層,一層 騎樓
RPXNMLMKQHIFFAV37CA,9,162.12,住家用,鋼筋混凝土造,93年9月22日,三層,一層 二層 三層
RPQNMLNLPHIFFBV86CA,24,182.19,住家用,加強磚造,78年10月12日,二層,一層 二層
RPRNMLMJQHIFFAV66CA,18,76.34,住家用,鋼筋混凝土造,84年12月4日,十六層,七層
RPRNMLMJQHIFFAV66CA,18,21.97,見其他登記事項,鋼筋混凝土造,84年12月4日,十六層,
RPUNMLOLPHIFFAV27CA,19,80.35,見其他登記事項,鋼筋混凝土造,83年5月16日,十三層,四層
RPXNMLOLPHIFFAV57CA,36,94.08,住家用,見其他登記事項,66年6月3日,二層,一層 二層 騎樓
RPWNMLOLPHIFFAV47CA,22,158.01,住家用,見其他登記事項,80年1月25日,一層,
RPVNMLNLPHIFFAV27CA,17,187.42,見其他登記事項,鋼筋混凝土造,85年5月3日,三層,一層 二層 三層 騎樓
RPPOMLOLPHIFFAV96DA,,300.69,住家用,見其他登記事項,102年4月29日,四層,一層 二層 三層 四層
RPSOMLMKQHIFFAV96CA,,192.80,住家用,見其他登記事項,102年5月15日,三層,一層 二層 三層
RPROMLMKQHIFFAV86CA,,218.18,住家用,見其他登記事項,102年5月15日,三層,一層 二層 三層 見其他登記事項
RPQNMLRLPHIFFAV17CA,19,57.48,見其他登記事項,鋼筋混凝土造,83年4月19日,十四層,五層
RPQNMLRLPHIFFAV17CA,19,17.83,見其他登記事項,鋼筋混凝土造,83年4月19日,十四層,
RPQNMLKMPHIFFDV86CA,18,30.45,見其他登記事項,鋼筋混凝土造,84年7月14日,八層,三層
RPWNMLTLPHIFFAV97CA,3,189.61,見其他登記事項,見其他登記事項,99年3月15日,三層,一層 二層 三層 騎樓
RPWNMLPLPHIFFAV57CA,2,65.00,見其他登記事項,見其他登記事項,100年1月18日,一層,一層
RPOOMLPKQHIFFAV86CA,,2.16,見其他登記事項,鋼筋混凝土造,,十層,
RPOOMLPKQHIFFAV86CA,18,9.55,見其他登記事項,鋼筋混凝土造,84年1月25日,十層,
RPOOMLPKQHIFFAV86CA,18,2.29,見其他登記事項,鋼筋混凝土造,84年1月25日,十層,
RPOOMLPKQHIFFAV86CA,18,11.67,見其他登記事項,鋼筋混凝土造,84年1月25日,十層,
RPOOMLPKQHIFFAV86CA,18,74.74,見其他登記事項,鋼筋混凝土造,84年1月25日,十層,十層
RPXNMLPLPHIFFAV67CA,26,109.80,住家用,加強磚造,76年1月21日,二層,一層 二層
RPOOMLPLPHIFFAV86CA,1,201.80,見其他登記事項,見其他登記事項,101年3月13日,三層,一層 二層 三層
RPOPMLKMPHIFFAV56CA,30,135.81,住商用,加強磚造,72年11月29日,二層,騎樓 一層 二層
RPSOMLTLPHIFFAV67CA,,225.91,住家用,見其他登記事項,102年1月4日,三層,一層 二層 三層
RPQNMLTLPHIFFAV37CA,43,82.46,住家用,見其他登記事項,59年8月20日,二層,一層 二層
RPRNMLLJQHIFFAV56CA,18,10.48,見其他登記事項,鋼筋混凝土造,84年6月1日,五層,
RPRNMLLJQHIFFAV56CA,18,86.31,見其他登記事項,鋼筋混凝土造,84年6月1日,五層,五層
RPRNMLLJQHIFFAV56CA,18,8.34,見其他登記事項,鋼筋混凝土造,84年6月1日,五層,
RPPNMLLJQHIFFAV98CA,43,73.65,住家用,見其他登記事項,59年4月29日,一層,一層
RPQOMLMKQHIFFAV76CA,,209.66,住家用,見其他登記事項,102年5月15日,三層,一層 二層 三層
RPUNMLQLPHIFFAV47CA,,4.73,住家用,見其他登記事項,,一層,一層
RPUNMLTLPHIFFAV77CA,15,86.23,農舍,見其他登記事項,87年1月15日,一層,
RPTOMLMJQHIFFAV96CA,27,121.27,住家用,加強磚造,75年10月18日,二層,一層 二層
RPPOMLMKQHIFFAV66CA,,209.96,見其他登記事項,見其他登記事項,102年5月15日,三層,一層 二層 三層 見其他登記事項
RPVOMLMKQHIFFAV27CA,20,116.08,國民住宅,鋼筋混凝土造,82年12月3日,四層,四層
RPVOMLMKQHIFFAV27CA,20,2.62,見其他登記事項,鋼筋混凝土造,82年12月3日,四層,
RPVOMLMKQHIFFAV27CA,20,.29,見其他登記事項,鋼筋混凝土造,82年12月3日,四層,
RPVOMLMKQHIFFAV27CA,20,.29,見其他登記事項,鋼筋混凝土造,82年12月3日,四層,
RPVOMLMKQHIFFAV27CA,20,.29,見其他登記事項,鋼筋混凝土造,82年12月3日,四層,
RPVOMLMKQHIFFAV27CA,20,.29,見其他登記事項,鋼筋混凝土造,82年12月3日,四層,
RPVOMLMKQHIFFAV27CA,20,.29,見其他登記事項,鋼筋混凝土造,82年12月3日,四層,
RPVOMLMKQHIFFAV27CA,20,.29,見其他登記事項,鋼筋混凝土造,82年12月3日,四層,
RPVOMLMKQHIFFAV27CA,20,.29,見其他登記事項,鋼筋混凝土造,82年12月3日,四層,
RPVOMLMKQHIFFAV27CA,20,.29,見其他登記事項,鋼筋混凝土造,82年12月3日,四層,
RPVOMLMKQHIFFAV27CA,20,.80,見其他登記事項,鋼筋混凝土造,82年12月3日,四層,
RPVOMLMKQHIFFAV27CA,20,.80,見其他登記事項,鋼筋混凝土造,82年12月3日,四層,
RPVOMLMKQHIFFAV27CA,20,.30,見其他登記事項,鋼筋混凝土造,82年12月3日,四層,
RPVOMLMKQHIFFAV27CA,20,.30,見其他登記事項,鋼筋混凝土造,82年12月3日,四層,
RPVOMLMKQHIFFAV27CA,20,.30,見其他登記事項,鋼筋混凝土造,82年12月3日,四層,
RPVOMLMKQHIFFAV27CA,20,4.16,見其他登記事項,鋼筋混凝土造,82年12月3日,四層,
RPVOMLMKQHIFFAV27CA,20,.29,見其他登記事項,鋼筋混凝土造,82年12月3日,四層,
RPVOMLMKQHIFFAV27CA,20,.29,見其他登記事項,鋼筋混凝土造,82年12月3日,四層,
RPVOMLMKQHIFFAV27CA,20,.29,見其他登記事項,鋼筋混凝土造,82年12月3日,四層,
RPVOMLMKQHIFFAV27CA,20,.29,見其他登記事項,鋼筋混凝土造,82年12月3日,四層,
RPVOMLMKQHIFFAV27CA,20,.29,見其他登記事項,鋼筋混凝土造,82年12月3日,四層,
RPVOMLMKQHIFFAV27CA,20,.29,見其他登記事項,鋼筋混凝土造,82年12月3日,四層,
RPVOMLMKQHIFFAV27CA,20,.29,見其他登記事項,鋼筋混凝土造,82年12月3日,四層,
RPVOMLMKQHIFFAV27CA,20,.29,見其他登記事項,鋼筋混凝土造,82年12月3日,四層,
RPVOMLMKQHIFFAV27CA,20,.29,見其他登記事項,鋼筋混凝土造,82年12月3日,四層,
RPVOMLMKQHIFFAV27CA,20,.29,見其他登記事項,鋼筋混凝土造,82年12月3日,四層,
RPVOMLMKQHIFFAV27CA,20,.29,見其他登記事項,鋼筋混凝土造,82年12月3日,四層,
RPVOMLMKQHIFFAV27CA,20,.29,見其他登記事項,鋼筋混凝土造,82年12月3日,四層,
RPVOMLMKQHIFFAV27CA,20,.29,見其他登記事項,鋼筋混凝土造,82年12月3日,四層,
RPVOMLMKQHIFFAV27CA,20,.29,見其他登記事項,鋼筋混凝土造,82年12月3日,四層,
RPVOMLMKQHIFFAV27CA,20,.30,見其他登記事項,鋼筋混凝土造,82年12月3日,四層,
RPVOMLMKQHIFFAV27CA,20,.30,見其他登記事項,鋼筋混凝土造,82年12月3日,四層,
RPVOMLMKQHIFFAV27CA,20,.30,見其他登記事項,鋼筋混凝土造,82年12月3日,四層,
RPVOMLMKQHIFFAV27CA,20,.30,見其他登記事項,鋼筋混凝土造,82年12月3日,四層,
RPVOMLMKQHIFFAV27CA,20,.30,見其他登記事項,鋼筋混凝土造,82年12月3日,四層,
RPPNMLLJQHIFFDV66CA,,67.50,住商用,見其他登記事項,,二層,一層 二層 騎樓
RPPNMLLJQHIFFDV66CA,,67.50,住商用,見其他登記事項,,二層,一層 二層 騎樓
RPUNMLRJQHIFFAV47CA,,58.25,住家用,見其他登記事項,,一層,一層 騎樓
RPQNMLLMPHIFFAV66CA,,284.66,住家用,見其他登記事項,102年3月20日,三層,一層 二層 三層 見其他登記事項
RPPNMLLMPHIFFAV56CA,,255.11,住家用,見其他登記事項,102年3月20日,三層,一層 二層 三層 見其他登記事項
RPXNMLLJQHIFFAV27DA,,229.05,住家用,見其他登記事項,102年5月27日,三層,一層 二層 三層 屋頂突出物
RPTNMLMJQHIFFAV86CA,32,222.16,住家用,鋼筋混凝土加強磚造,70年5月5日,三層,一層 二層 三層 騎樓 地下層
RPUNMLLJQHIFFAV86CA,37,91.48,住家用,見其他登記事項,65年4月27日,二層,一層 二層
RPRNMLPJQHIFFDV27CA,19,31.54,見其他登記事項,鋼筋混凝土造,83年9月30日,八層,八層
RPRNMLPJQHIFFDV27CA,19,.29,見其他登記事項,鋼筋混凝土造,83年9月30日,八層,
RPRNMLLMPHIFFAV76CA,36,90.45,住家用,加強磚造,66年10月28日,二層,一層 二層
RPQPMLRJQHIFFAV27CA,8,212.42,住家用,見其他登記事項,94年3月7日,三層,一層 二層 三層
RPXNMLRJQHIFFAV77CA,17,218.41,見其他登記事項,鋼筋混凝土造,85年5月23日,四層,一層 二層 三層 四層
RPPOMLLJQHIFFAV09CA,,225.91,住家用,見其他登記事項,102年1月4日,三層,二層 三層 一層
RPVNMLLJQHIFFAV96CA,18,109.58,見其他登記事項,鋼筋混凝土造,84年2月17日,八層,三層
RPVNMLLJQHIFFAV96CA,18,31.88,見其他登記事項,鋼筋混凝土造,84年2月17日,八層,
RPVNMLLJQHIFFAV96CA,18,14.08,見其他登記事項,鋼筋混凝土造,84年2月17日,八層,
RPUNMLLMPHIFFAV07CA,,188.33,住家用,見其他登記事項,102年4月19日,三層,一層 二層 三層
RPSNMLLJQHIFFAV66CA,32,159.72,住家用,鋼筋混凝土造,70年12月15日,三層,一層 二層 三層 騎樓
RPQNMLLJQHIFFAV09CA,,114.15,住家用,見其他登記事項,102年5月29日,三層,一層 二層 三層
RPQNMLLJQHIFFAV09CA,,114.15,住家用,見其他登記事項,102年5月29日,三層,三層 一層 二層
RPVOMLLJQHIFFAV07CA,,229.88,住家用,見其他登記事項,102年1月4日,三層,一層 二層 三層
RPROMLLJQHIFFAV66CA,6,215.54,住家用,見其他登記事項,95年11月27日,三層,一層 二層 三層
RPOPMLLJQHIFFAV09CA,15,57.46,見其他登記事項,鋼筋混凝土造,87年12月16日,九層,四層
RPOPMLLJQHIFFAV09CA,15,11.66,見其他登記事項,鋼筋混凝土造,87年12月16日,九層,
RPOPMLLJQHIFFAV09CA,15,8.26,見其他登記事項,鋼筋混凝土造,87年12月16日,九層,
RPSOMLTJQHIFFAV57CA,19,24.28,見其他登記事項,鋼筋混凝土造,83年1月26日,七層,七層
RPSOMLTJQHIFFAV57CA,19,.82,共同使用部份,鋼筋混凝土造,83年1月26日,七層,
RPSOMLTJQHIFFAV57CA,19,.82,共同使用部份,鋼筋混凝土造,83年1月26日,七層,
RPSOMLTJQHIFFAV57CA,19,.82,共同使用部份,鋼筋混凝土造,83年1月26日,七層,
RPSOMLTJQHIFFAV57CA,19,.82,共同使用部份,鋼筋混凝土造,83年1月26日,七層,
RPSOMLTJQHIFFAV57CA,19,.82,共同使用部份,鋼筋混凝土造,83年1月26日,七層,
RPSOMLTJQHIFFAV57CA,19,.82,共同使用部份,鋼筋混凝土造,83年1月26日,七層,
RPSOMLTJQHIFFAV57CA,19,.82,共同使用部份,鋼筋混凝土造,83年1月26日,七層,
RPSOMLTJQHIFFAV57CA,19,6.16,共同使用部份,鋼筋混凝土造,83年1月26日,七層,
RPPNMLOJQHIFFAV66CA,28,145.20,住家用,加強磚造,74年5月27日,二層,一層 二層
RPUPMLLJQHIFFAV17DA,31,49.61,住家用,磚造,71年3月31日,一層,一層
RPVNMLRLQHIFFAV77CA,31,632.30,見其他登記事項,鋼筋混凝土造,72年1月18日,七層,一層 二層 三層 四層 五層 六層 七層 地下層
RPQNMLNKQHIFFDV17DA,19,31.08,商業用,鋼筋混凝土造,83年4月27日,九層,三層
RPQNMLNKQHIFFDV17DA,19,10.67,見其他登記事項,鋼筋混凝土造,83年4月27日,九層,
RPQNMLNKQHIFFDV17DA,19,48.01,見其他登記事項,鋼筋混凝土造,83年4月27日,九層,
RPWNMLRLQHIFFAV87CA,31,595.20,見其他登記事項,鋼筋混凝土造,72年1月18日,七層,一層 二層 三層 六層 七層 騎樓 地下層 四層 五層
RPXNMLRLQHIFFAV97CA,31,562.74,見其他登記事項,鋼筋混凝土造,72年1月18日,七層,七層 騎樓 一層 二層 三層 四層 五層 六層 地下層
