﻿編號,土地區段位置,土地移轉面積平方公尺,使用分區或編定
The serial number,land sector position,land shifting area square meter,the use zoning or compiles and checks
RPQNMLNJNHIFFAX56CA,山水南段,715.41,非都市：一般農業區 ; 非都市編定：農牧用地
RPSNMLNJNHIFFAX76CA,望安段,417.00,非都市：一般農業區 ; 非都市編定：農牧用地
RPSNMLNJNHIFFAX76CA,望安段,66.33,非都市：一般農業區 ; 非都市編定：農牧用地
RPSNMLNJNHIFFAX76CA,花宅段,430.00,非都市：風景區 ; 非都市編定：農牧用地
RPSNMLNJNHIFFAX76CA,花宅段,329.67,非都市：風景區 ; 非都市編定：農牧用地
RPSNMLNJNHIFFAX76CA,花宅段,355.67,非都市：風景區 ; 非都市編定：農牧用地
RPSNMLNJNHIFFAX76CA,花宅段,325.00,非都市：風景區 ; 非都市編定：農牧用地
RPSNMLNJNHIFFAX76CA,花宅段,105.00,非都市：風景區 ; 非都市編定：農牧用地
RPSNMLNJNHIFFAX76CA,花宅段,352.33,非都市：一般農業區 ; 非都市編定：農牧用地
RPSNMLNJNHIFFAX76CA,花宅段,99.67,非都市：風景區 ; 非都市編定：農牧用地
RPPOMLOJNHIFFAX66CA,興崁段,702.93,非都市：一般農業區 ; 非都市編定：農牧用地
RPSNMLRJNHIFFAX27DA,後寮段,213.00,非都市：鄉村區 ; 非都市編定：乙種建築用地
RPSNMLRJNHIFFAX27DA,後寮段,19.00,非都市：鄉村區 ; 非都市編定：乙種建築用地
RPOOMLOKNHIFFAX76DA,合界頭段,37.00,非都市：鄉村區 ; 非都市編定：乙種建築用地
RPOOMLOKNHIFFAX76DA,合界頭段,44.00,非都市：鄉村區 ; 非都市編定：乙種建築用地
RPOOMLOKNHIFFAX76DA,合界頭段,175.00,非都市：鄉村區 ; 非都市編定：乙種建築用地
RPQNMLKKNHIFFAX09DA,井垵西段,86.46,非都市：鄉村區 ; 非都市編定：乙種建築用地
RPVNMLQJNHIFFAX37CA,下瓦硐段,69.28,非都市： ; 非都市編定：
RPSNMLQJNHIFFAX07CA,湖東新段,364.43,非都市：一般農業區 ; 非都市編定：農牧用地
RPVNMLRJNHIFFAX47CA,馬公段,291.00,都市：住
RPVNMLRJNHIFFAX47CA,馬公段,40.00,都市：住
RPVNMLRJNHIFFAX47CA,馬公段,429.00,都市：住
RPUNMLRJNHIFFAX57EA,興仁段,138.42,非都市：一般農業區 ; 非都市編定：農牧用地
RPPNMLKMNHIFFAX09CA,文東段,34.93,非都市：鄉村區 ; 非都市編定：乙種建築用地
RPPNMLKMNHIFFAX09CA,文東段,227.77,非都市：一般農業區 ; 非都市編定：農牧用地
RPPNMLKMNHIFFAX09CA,文東段,114.79,非都市：一般農業區 ; 非都市編定：農牧用地
RPPNMLKMNHIFFAX09CA,文東段,97.20,非都市：一般農業區 ; 非都市編定：農牧用地
RPPNMLKMNHIFFAX09CA,文東段,332.41,非都市：一般農業區 ; 非都市編定：農牧用地
RPPNMLSJNHIFFAX17EA,埕東段,80.42,都市：住
RPPNMLKMNHIFFAX09CA,文東段,332.40,非都市：一般農業區 ; 非都市編定：農牧用地
RPPNMLKMNHIFFAX09CA,文東段,332.40,非都市：一般農業區 ; 非都市編定：農牧用地
RPPNMLKMNHIFFAX09CA,文東段,332.40,非都市：一般農業區 ; 非都市編定：農牧用地
RPPNMLKMNHIFFAX09CA,文東段,332.40,非都市：一般農業區 ; 非都市編定：農牧用地
RPPNMLKMNHIFFAX09CA,文東段,136.16,非都市：一般農業區 ; 非都市編定：農牧用地
RPPNMLSJNHIFFAX17EA,雙湖段,469.87,非都市：一般農業區 ; 非都市編定：農牧用地
RPTNMLSLNHIFFAX67DA,龍門段,777.60,非都市：一般農業區 ; 非都市編定：農牧用地
RPTNMLRJNHIFFAX47EA,興仁段,69.64,非都市：一般農業區 ; 非都市編定：農牧用地
RPTNMLRJNHIFFAX47EA,興仁段,145.08,非都市：一般農業區 ; 非都市編定：農牧用地
RPOPMLQKNHIFFAX07DA,東澳段,113.10,都市：住
RPQNMLSJNHIFFAX07CA,文化段,28.24,都市：住
RPQNMLSJNHIFFAX07CA,文化段,37.50,都市：住
RPRNMLTJNHIFFAX37DA,馬公段,28.00,都市：商
RPRNMLTJNHIFFAX37DA,馬公段,50.00,都市：商
RPTOMLPKNHIFFAX37DA,東衛段,616.02,非都市：一般農業區 ; 非都市編定：農牧用地
RPUOMLPKNHIFFAX47DA,東衛段,616.02,非都市：一般農業區 ; 非都市編定：農牧用地
RPTNMLKMNHIFFAX96DA,五福段,912.70,非都市：一般農業區 ; 非都市編定：農牧用地
RPRNMLKMNHIFFAX66CA,國宅段,488.33,非都市：一般農業區 ; 非都市編定：農牧用地
RPRNMLKMNHIFFAX66CA,國宅段,323.62,非都市：一般農業區 ; 非都市編定：農牧用地
RPOPMLOKNHIFFAX86DA,東衛段,1002.51,非都市：一般農業區 ; 非都市編定：農牧用地
RPOPMLOKNHIFFAX86DA,東衛段,1830.50,非都市：一般農業區 ; 非都市編定：農牧用地
RPPNMLPKNHIFFAX86DA,東衛段,152.55,非都市：一般農業區 ; 非都市編定：農牧用地
RPPNMLPKNHIFFAX86DA,東衛段,384.70,非都市：一般農業區 ; 非都市編定：農牧用地
RPPNMLPKNHIFFAX86DA,東衛段,663.69,非都市：一般農業區 ; 非都市編定：農牧用地
RPSNMLKMNHIFFAX76CA,五福段,514.20,非都市：一般農業區 ; 非都市編定：農牧用地
RPUNMLPKNHIFFAX37DA,東衛段,233.58,非都市：一般農業區 ; 非都市編定：農牧用地
RPUNMLPKNHIFFAX37DA,東衛段,152.26,非都市：一般農業區 ; 非都市編定：農牧用地
RPVNMLPKNHIFFAX47DA,東衛段,183.62,非都市：一般農業區 ; 非都市編定：農牧用地
RPVNMLPKNHIFFAX47DA,東衛段,60.30,非都市：一般農業區 ; 非都市編定：農牧用地
RPWNMLPKNHIFFAX57DA,東衛段,120.60,非都市：一般農業區 ; 非都市編定：農牧用地
RPXNMLPKNHIFFAX67DA,東衛段,116.01,非都市：一般農業區 ; 非都市編定：農牧用地
RPOOMLPKNHIFFAX86DA,東衛段,233.58,非都市：一般農業區 ; 非都市編定：農牧用地
RPOOMLPKNHIFFAX86DA,東衛段,81.02,非都市：一般農業區 ; 非都市編定：農牧用地
RPQNMLPKNHIFFAX96DA,東衛段,1014.54,非都市：一般農業區 ; 非都市編定：農牧用地
RPQNMLPKNHIFFAX96DA,東衛段,759.99,非都市：一般農業區 ; 非都市編定：農牧用地
RPSNMLPKNHIFFAX17DA,東衛段,430.26,非都市：一般農業區 ; 非都市編定：農牧用地
RPSNMLPKNHIFFAX17DA,東衛段,238.44,非都市：一般農業區 ; 非都市編定：農牧用地
RPRNMLPKNHIFFAX07DA,東衛段,576.62,非都市：一般農業區 ; 非都市編定：農牧用地
RPRNMLPKNHIFFAX07DA,東衛段,341.43,非都市：一般農業區 ; 非都市編定：農牧用地
RPRNMLPKNHIFFAX07DA,東衛段,234.35,非都市：一般農業區 ; 非都市編定：農牧用地
RPWNMLRJNHIFFAX57CA,鐵線段,1423.62,非都市：一般農業區 ; 非都市編定：農牧用地
RPTNMLPKNHIFFAX27DA,東衛段,55.19,非都市：一般農業區 ; 非都市編定：農牧用地
RPTNMLPKNHIFFAX27DA,東衛段,15.42,非都市：一般農業區 ; 非都市編定：農牧用地
RPTNMLPKNHIFFAX27DA,東衛段,62.33,非都市：一般農業區 ; 非都市編定：農牧用地
RPSNMLKKNHIFFAX66DA,東衛段,2498.36,非都市：一般農業區 ; 非都市編定：農牧用地
RPSNMLSJNHIFFAX27CA,文寮段,264.52,非都市：鄉村區 ; 非都市編定：乙種建築用地
RPWNMLKKNHIFFAX07DA,大倉段,34.50,非都市：一般農業區 ; 非都市編定：農牧用地
RPXNMLRJNHIFFAX67CA,埕中段,.57,都市：住
RPXNMLRJNHIFFAX67CA,埕中段,28.68,都市：住
RPSNMLOKNHIFFAX07DA,東衛段,1557.28,非都市：一般農業區 ; 非都市編定：農牧用地
RPSNMLOKNHIFFAX07DA,東衛段,307.00,非都市：一般農業區 ; 非都市編定：農牧用地
RPPNMLNKNHIFFAX66DA,東衛段,1288.35,非都市：一般農業區 ; 非都市編定：農牧用地
RPVOMLPKNHIFFAX57DA,東衛段,616.02,非都市：一般農業區 ; 非都市編定：農牧用地
RPWOMLPKNHIFFAX67DA,東衛段,616.02,非都市：一般農業區 ; 非都市編定：農牧用地
RPQNMLOKNHIFFAX86DA,東衛段,1688.42,非都市：一般農業區 ; 非都市編定：農牧用地
RPQNMLOKNHIFFAX86DA,東衛段,955.75,非都市：一般農業區 ; 非都市編定：農牧用地
RPPOMLPKNHIFFAX96DA,東衛段,285.88,非都市：一般農業區 ; 非都市編定：農牧用地
RPPOMLPKNHIFFAX96DA,東衛段,300.32,非都市：一般農業區 ; 非都市編定：農牧用地
RPPOMLPKNHIFFAX96DA,東衛段,559.38,非都市：一般農業區 ; 非都市編定：農牧用地
RPQNMLTJNHIFFAX17CA,案山段,45.11,都市：住
RPQNMLTJNHIFFAX17CA,案山段,4.54,都市：住
RPQNMLTJNHIFFAX17CA,案山段,100.51,都市：住
RPQNMLTJNHIFFAX17CA,案山段,24.31,都市：住
RPTOMLOKNHIFFAX27DA,東衛段,117.21,非都市：一般農業區 ; 非都市編定：農牧用地
RPRNMLOKNHIFFAX96DA,東衛段,96.10,非都市：一般農業區 ; 非都市編定：農牧用地
RPRNMLOKNHIFFAX96DA,東衛段,205.11,非都市：一般農業區 ; 非都市編定：農牧用地
RPRNMLOKNHIFFAX96DA,東衛段,12.14,非都市：一般農業區 ; 非都市編定：農牧用地
RPTNMLOKNHIFFAX17DA,東衛段,208.89,非都市：一般農業區 ; 非都市編定：農牧用地
RPTNMLOKNHIFFAX17DA,東衛段,1042.44,非都市：一般農業區 ; 非都市編定：農牧用地
RPTNMLOKNHIFFAX17DA,東衛段,144.40,非都市：一般農業區 ; 非都市編定：農牧用地
RPUNMLOKNHIFFAX27DA,東衛段,199.96,非都市：一般農業區 ; 非都市編定：農牧用地
RPUNMLOKNHIFFAX27DA,東衛段,214.82,非都市：一般農業區 ; 非都市編定：農牧用地
RPUNMLOKNHIFFAX27DA,東衛段,367.87,非都市：一般農業區 ; 非都市編定：農牧用地
RPQOMLOKNHIFFAX96DA,東衛段,244.40,非都市：一般農業區 ; 非都市編定：農牧用地
RPUOMLOKNHIFFAX37DA,東衛段,175.65,非都市：一般農業區 ; 非都市編定：農牧用地
RPUOMLOKNHIFFAX37DA,東衛段,129.12,非都市：一般農業區 ; 非都市編定：農牧用地
RPUOMLOKNHIFFAX37DA,東衛段,291.31,非都市：一般農業區 ; 非都市編定：農牧用地
RPUOMLOKNHIFFAX37DA,東衛段,18.83,非都市：一般農業區 ; 非都市編定：農牧用地
RPUOMLOKNHIFFAX37DA,東衛段,208.46,非都市：一般農業區 ; 非都市編定：農牧用地
RPQOMLPKNHIFFAX07DA,馬公段,7.65,都市：住
RPQOMLPKNHIFFAX07DA,馬公段,2.45,都市：住
RPSNMLTJNHIFFAX37CA,鎖港南段,71.31,都市：住
RPVNMLKKNHIFFAX96DA,大倉段,69.00,非都市：一般農業區 ; 非都市編定：農牧用地
RPPNMLTJNHIFFAX07CA,埕中段,.59,都市：住
RPPNMLTJNHIFFAX07CA,埕中段,29.44,都市：住
RPROMLOKNHIFFAX07DA,東衛段,244.40,非都市：一般農業區 ; 非都市編定：農牧用地
RPRNMLRKNHIFFAX27DA,東澳段,160.68,都市：住
RPPPMLPKNHIFFAX07DA,東衛段,73.97,非都市：一般農業區 ; 非都市編定：農牧用地
RPOPMLPKNHIFFAX96DA,東衛段,1331.26,非都市：一般農業區 ; 非都市編定：農牧用地
RPPPMLQKNHIFFAX17DA,東澳段,116.58,都市：住
RPQPMLQKNHIFFAX27DA,埕中段,21.16,都市：住
RPQPMLQKNHIFFAX27DA,埕中段,.74,都市：住
RPQPMLQKNHIFFAX27DA,埕中段,1.64,都市：住
RPQNMLLKOHIFFAX76EA,文化段,7.39,都市：住
RPQNMLLMNHIFFAX66CA,五德東段,11.34,非都市：一般農業區 ; 非都市編定：交通用地
RPQNMLLMNHIFFAX66CA,五德東段,11.34,非都市：一般農業區 ; 非都市編定：交通用地
RPQNMLLMNHIFFAX66CA,五德東段,40.73,非都市：一般農業區 ; 非都市編定：交通用地
RPQNMLLMNHIFFAX66CA,五德東段,40.73,非都市：一般農業區 ; 非都市編定：交通用地
RPQNMLLMNHIFFAX66CA,五德東段,441.78,非都市：一般農業區 ; 非都市編定：農牧用地
RPQNMLLMNHIFFAX66CA,五德東段,441.78,非都市：一般農業區 ; 非都市編定：農牧用地
RPTNMLNJOHIFFAX07DA,北澳段,91.20,非都市：鄉村區 ; 非都市編定：乙種建築用地
RPROMLPKNHIFFAX17DA,東衛段,285.88,非都市：一般農業區 ; 非都市編定：農牧用地
RPROMLPKNHIFFAX17DA,東衛段,300.32,非都市：一般農業區 ; 非都市編定：農牧用地
RPROMLPKNHIFFAX17DA,東衛段,559.38,非都市：一般農業區 ; 非都市編定：農牧用地
RPSPMLPKNHIFFAX37DA,東衛段,400.28,非都市：一般農業區 ; 非都市編定：農牧用地
RPTPMLPKNHIFFAX47DA,東衛段,400.28,非都市：一般農業區 ; 非都市編定：農牧用地
RPTPMLPKNHIFFAX47DA,東衛段,2613.12,非都市：一般農業區 ; 非都市編定：農牧用地
RPTPMLPKNHIFFAX47DA,東衛段,759.99,非都市：一般農業區 ; 非都市編定：農牧用地
RPUPMLPKNHIFFAX57DA,東衛段,807.25,非都市：一般農業區 ; 非都市編定：農牧用地
RPWPMLPKNHIFFAX77DA,東衛段,1386.64,非都市：一般農業區 ; 非都市編定：農牧用地
RPXPMLPKNHIFFAX87DA,東衛段,610.07,非都市：一般農業區 ; 非都市編定：農牧用地
RPXPMLPKNHIFFAX87DA,東衛段,461.92,非都市：一般農業區 ; 非都市編定：農牧用地
RPXPMLPKNHIFFAX87DA,東衛段,782.06,非都市：一般農業區 ; 非都市編定：農牧用地
RPVPMLPKNHIFFAX67DA,東衛段,950.48,非都市：一般農業區 ; 非都市編定：農牧用地
RPWOMLOKNHIFFAX57DA,東衛段,1102.65,非都市：一般農業區 ; 非都市編定：農牧用地
RPWOMLOKNHIFFAX57DA,東衛段,782.06,非都市：一般農業區 ; 非都市編定：農牧用地
RPTNMLKKNHIFFAX76DA,大倉段,34.50,非都市：一般農業區 ; 非都市編定：農牧用地
RPUNMLKKNHIFFAX86DA,大倉段,34.50,非都市：一般農業區 ; 非都市編定：農牧用地
RPSOMLPKNHIFFAX27DA,東衛段,285.88,非都市：一般農業區 ; 非都市編定：農牧用地
RPSOMLPKNHIFFAX27DA,東衛段,300.32,非都市：一般農業區 ; 非都市編定：農牧用地
RPSOMLPKNHIFFAX27DA,東衛段,559.38,非都市：一般農業區 ; 非都市編定：農牧用地
RPVOMLOKNHIFFAX47DA,東衛段,73.97,非都市：一般農業區 ; 非都市編定：農牧用地
RPUNMLTJNHIFFAX57CA,案山段,288.32,都市：工
RPUNMLTJNHIFFAX57CA,案山段,158.93,都市：工
RPVNMLKMNHIFFAX07CA,安宅段,991.53,非都市：一般農業區 ; 非都市編定：農牧用地
RPVNMLOKNHIFFAX37DA,東衛段,244.40,非都市：一般農業區 ; 非都市編定：農牧用地
RPQPMLPKNHIFFAX17DA,東衛段,73.97,非都市：一般農業區 ; 非都市編定：農牧用地
RPPNMLLKNHIFFAX98CA,潭邊新段,1270.67,非都市：一般農業區 ; 非都市編定：農牧用地
RPXNMLKKNHIFFAX07CA,二崁南段,1431.50,非都市：風景區 ; 非都市編定：農牧用地
RPXNMLKKNHIFFAX07CA,二崁南段,16.90,非都市：風景區 ; 非都市編定：交通用地
RPQNMLNKNHIFFAX76DA,大倉段,69.00,非都市：一般農業區 ; 非都市編定：農牧用地
RPQNMLNLNHIFFAX76CA,後寮段,310.00,非都市：鄉村區 ; 非都市編定：乙種建築用地
RPQNMLNLNHIFFAX76CA,後寮段,34.00,非都市：鄉村區 ; 非都市編定：交通用地
RPQNMLNLNHIFFAX76CA,後寮段,103.00,非都市：鄉村區 ; 非都市編定：乙種建築用地
RPQNMLNLNHIFFAX76CA,後寮段,23.00,非都市：鄉村區 ; 非都市編定：交通用地
RPSNMLNJOHIFFAX96DA,北澳段,68.40,非都市：鄉村區 ; 非都市編定：乙種建築用地
RPPOMLOKNHIFFAX86DA,湖東新段,310.17,非都市：一般農業區 ; 非都市編定：農牧用地
RPXOMLOKNHIFFAX67DA,東衛段,1701.76,非都市：一般農業區 ; 非都市編定：農牧用地
RPSOMLOKNHIFFAX17DA,東衛段,244.40,非都市：一般農業區 ; 非都市編定：農牧用地
RPWNMLKMNHIFFAX17CA,文光段,110.01,都市：住
RPWNMLKMNHIFFAX17CA,文光段,5.85,都市：住
RPWNMLKMNHIFFAX17CA,文光段,1.27,都市：住
RPWNMLKMNHIFFAX17CA,文光段,18.13,都市：住
RPWNMLKMNHIFFAX17CA,文光段,88.97,都市：住
RPXNMLOKNHIFFAX57DA,四維段,84.75,非都市：鄉村區 ; 非都市編定：乙種建築用地
RPUNMLRJOHIFFAX57DA,東衛段,55.19,非都市：一般農業區 ; 非都市編定：農牧用地
RPUNMLRJOHIFFAX57DA,東衛段,15.42,非都市：一般農業區 ; 非都市編定：農牧用地
RPWNMLRJOHIFFAX77DA,東衛段,123.98,非都市：一般農業區 ; 非都市編定：農牧用地
RPWNMLRJOHIFFAX77DA,東衛段,79.78,非都市：一般農業區 ; 非都市編定：農牧用地
RPROMLRJOHIFFAX37DA,東衛段,999.69,非都市：一般農業區 ; 非都市編定：農牧用地
RPRNMLRJOHIFFAX27DA,東衛段,73.97,非都市：一般農業區 ; 非都市編定：農牧用地
RPPOMLRJOHIFFAX17DA,東衛段,382.92,非都市：一般農業區 ; 非都市編定：農牧用地
RPPOMLRJOHIFFAX17DA,東衛段,175.65,非都市：一般農業區 ; 非都市編定：農牧用地
RPPOMLRJOHIFFAX17DA,東衛段,129.12,非都市：一般農業區 ; 非都市編定：農牧用地
RPPOMLRJOHIFFAX17DA,東衛段,18.83,非都市：一般農業區 ; 非都市編定：農牧用地
RPPOMLRJOHIFFAX17DA,東衛段,208.46,非都市：一般農業區 ; 非都市編定：農牧用地
RPXNMLRJOHIFFAX87DA,東衛段,31.17,非都市：一般農業區 ; 非都市編定：農牧用地
RPTOMLRJOHIFFAX57DA,東衛段,807.26,非都市：一般農業區 ; 非都市編定：農牧用地
RPSNMLRJOHIFFAX37DA,東衛段,73.97,非都市：一般農業區 ; 非都市編定：農牧用地
RPQOMLRJOHIFFAX27DA,東衛段,1116.50,非都市：一般農業區 ; 非都市編定：農牧用地
RPTNMLRJOHIFFAX47DA,東衛段,55.19,非都市：一般農業區 ; 非都市編定：農牧用地
RPTNMLRJOHIFFAX47DA,東衛段,15.42,非都市：一般農業區 ; 非都市編定：農牧用地
RPRPMLPKNHIFFAX27DA,東衛段,73.97,非都市：一般農業區 ; 非都市編定：農牧用地
RPOQMLPKNHIFFAX07DA,東衛段,988.81,非都市：一般農業區 ; 非都市編定：農牧用地
RPOQMLPKNHIFFAX07DA,東衛段,706.48,非都市：一般農業區 ; 非都市編定：農牧用地
RPPQMLPKNHIFFAX17DA,東衛段,988.81,非都市：一般農業區 ; 非都市編定：農牧用地
RPSQMLPKNHIFFAX47DA,東衛段,1615.30,非都市：一般農業區 ; 非都市編定：農牧用地
RPWQMLPKNHIFFAX87DA,東衛段,73.97,非都市：一般農業區 ; 非都市編定：農牧用地
RPUQMLPKNHIFFAX67DA,東衛段,2353.23,非都市：一般農業區 ; 非都市編定：農牧用地
RPRQMLPKNHIFFAX37DA,東衛段,64.71,非都市：一般農業區 ; 非都市編定：農牧用地
RPRQMLPKNHIFFAX37DA,東衛段,18.06,非都市：一般農業區 ; 非都市編定：農牧用地
RPRQMLPKNHIFFAX37DA,東衛段,109.65,非都市：一般農業區 ; 非都市編定：農牧用地
RPVQMLPKNHIFFAX77DA,東衛段,950.48,非都市：一般農業區 ; 非都市編定：農牧用地
RPQQMLPKNHIFFAX27DA,東衛段,64.71,非都市：一般農業區 ; 非都市編定：農牧用地
RPQQMLPKNHIFFAX27DA,東衛段,18.06,非都市：一般農業區 ; 非都市編定：農牧用地
RPQQMLPKNHIFFAX27DA,東衛段,109.65,非都市：一般農業區 ; 非都市編定：農牧用地
RPXQMLPKNHIFFAX97DA,東衛段,381.97,非都市：一般農業區 ; 非都市編定：農牧用地
RPXQMLPKNHIFFAX97DA,東衛段,219.09,非都市：一般農業區 ; 非都市編定：農牧用地
RPORMLPKNHIFFAX17DA,東衛段,55.19,非都市：一般農業區 ; 非都市編定：農牧用地
RPORMLPKNHIFFAX17DA,東衛段,15.42,非都市：一般農業區 ; 非都市編定：農牧用地
RPXOMLPKNHIFFAX67CA,光榮段,313.13,都市：其他
RPXOMLPKNHIFFAX67CA,光榮段,486.76,都市：其他
RPPRMLPKNHIFFAX27DA,大倉段,145.50,非都市：一般農業區 ; 非都市編定：農牧用地
RPXNMLKMNHIFFAX27CA,竹篙灣段,308.00,非都市：一般農業區 ; 非都市編定：農牧用地
RPXNMLKMNHIFFAX27CA,竹篙灣段,308.00,非都市：一般農業區 ; 非都市編定：農牧用地
RPQNMLQKNHIFFAX96CA,井垵西段,330.70,非都市：一般農業區 ; 非都市編定：農牧用地
RPQNMLQKNHIFFAX96CA,井垵西段,330.70,非都市：一般農業區 ; 非都市編定：農牧用地
RPRNMLQKNHIFFAX17DA,東衛段,50.85,非都市：一般農業區 ; 非都市編定：農牧用地
RPRNMLQKNHIFFAX17DA,東衛段,128.23,非都市：一般農業區 ; 非都市編定：農牧用地
RPRNMLQKNHIFFAX17DA,東衛段,221.23,非都市：一般農業區 ; 非都市編定：農牧用地
RPPNMLQKNHIFFAX86CA,鎮海段,156.00,非都市：一般農業區 ; 非都市編定：農牧用地
RPPNMLQKNHIFFAX86CA,鎮海段,285.00,非都市：一般農業區 ; 非都市編定：農牧用地
RPURMLPKNHIFFAX77DA,紅羅罩段,1009.00,非都市：一般農業區 ; 非都市編定：農牧用地
RPPPMLOKNHIFFAX86CA,埕中段,87.93,都市：住
RPRRMLPKNHIFFAX37CA,埕西段,105.24,都市：住
RPQPMLOKNHIFFAX96CA,埕西段,19.04,都市：住
RPQPMLOKNHIFFAX96CA,埕西段,18.94,都市：住
RPSNMLQKNHIFFAX27DA,東衛段,50.85,非都市：一般農業區 ; 非都市編定：農牧用地
RPSNMLQKNHIFFAX27DA,東衛段,128.23,非都市：一般農業區 ; 非都市編定：農牧用地
RPSNMLQKNHIFFAX27DA,東衛段,221.23,非都市：一般農業區 ; 非都市編定：農牧用地
RPWNMLQKNHIFFAX67DA,東衛段,254.31,非都市：一般農業區 ; 非都市編定：殯葬用地
RPXNMLQKNHIFFAX77DA,東衛段,2393.60,非都市：一般農業區 ; 非都市編定：農牧用地
RPXNMLQKNHIFFAX77DA,東衛段,2419.28,非都市：一般農業區 ; 非都市編定：農牧用地
RPOOMLKMNHIFFAX56DA,太武新段,564.81,非都市：一般農業區 ; 非都市編定：農牧用地
RPOOMLQKNHIFFAX96DA,東衛段,1735.03,非都市：一般農業區 ; 非都市編定：農牧用地
RPPOMLQKNHIFFAX07DA,東衛段,64.71,非都市：一般農業區 ; 非都市編定：農牧用地
RPPOMLQKNHIFFAX07DA,東衛段,18.06,非都市：一般農業區 ; 非都市編定：農牧用地
RPPOMLQKNHIFFAX07DA,東衛段,109.65,非都市：一般農業區 ; 非都市編定：農牧用地
RPVNMLQKNHIFFAX57DA,東衛段,58.55,非都市：一般農業區 ; 非都市編定：農牧用地
RPVNMLQKNHIFFAX57DA,東衛段,43.04,非都市：一般農業區 ; 非都市編定：農牧用地
RPVNMLQKNHIFFAX57DA,東衛段,6.28,非都市：一般農業區 ; 非都市編定：農牧用地
RPVNMLQKNHIFFAX57DA,東衛段,69.48,非都市：一般農業區 ; 非都市編定：農牧用地
RPUNMLQKNHIFFAX47DA,東衛段,58.55,非都市：一般農業區 ; 非都市編定：農牧用地
RPUNMLQKNHIFFAX47DA,東衛段,43.04,非都市：一般農業區 ; 非都市編定：農牧用地
RPUNMLQKNHIFFAX47DA,東衛段,6.28,非都市：一般農業區 ; 非都市編定：農牧用地
RPUNMLQKNHIFFAX47DA,東衛段,69.48,非都市：一般農業區 ; 非都市編定：農牧用地
RPPNMLOLNHIFFAX86DA,五福段,744.41,非都市：一般農業區 ; 非都市編定：農牧用地
RPSOMLNLNHIFFAX17DA,大倉段,4.88,非都市：一般農業區 ; 非都市編定：農牧用地
RPWPMLKLNHIFFAX37DA,花宅段,708.00,非都市：一般農業區 ; 非都市編定：農牧用地
RPPNMLLKOHIFFAX56DA,文光段,31.66,都市：住
RPQOMLNLNHIFFAX96DA,大倉段,4.88,非都市：一般農業區 ; 非都市編定：農牧用地
RPTNMLRKNHIFFAX47DA,大倉段,19.00,非都市：一般農業區 ; 非都市編定：農牧用地
RPQNMLKLNHIFFAX56DA,大倉段,44.33,非都市：一般農業區 ; 非都市編定：農牧用地
RPPNMLSKNHIFFAX17DA,四維段,16.14,非都市：鄉村區 ; 非都市編定：乙種建築用地
RPPNMLSKNHIFFAX17DA,四維段,38.83,非都市：鄉村區 ; 非都市編定：乙種建築用地
RPSNMLKLNHIFFAX76DA,東衛段,50.85,非都市：一般農業區 ; 非都市編定：農牧用地
RPSNMLKLNHIFFAX76DA,東衛段,128.23,非都市：一般農業區 ; 非都市編定：農牧用地
RPSNMLKLNHIFFAX76DA,東衛段,221.23,非都市：一般農業區 ; 非都市編定：農牧用地
RPTNMLQKNHIFFAX37DA,東衛段,50.85,非都市：一般農業區 ; 非都市編定：農牧用地
RPTNMLQKNHIFFAX37DA,東衛段,128.23,非都市：一般農業區 ; 非都市編定：農牧用地
RPTNMLQKNHIFFAX37DA,東衛段,221.23,非都市：一般農業區 ; 非都市編定：農牧用地
RPUNMLKLNHIFFAX96DA,東衛段,64.71,非都市：一般農業區 ; 非都市編定：農牧用地
RPUNMLKLNHIFFAX96DA,東衛段,18.06,非都市：一般農業區 ; 非都市編定：農牧用地
RPUNMLKLNHIFFAX96DA,東衛段,109.65,非都市：一般農業區 ; 非都市編定：農牧用地
RPTOMLQKNHIFFAX47DA,東衛段,284.05,非都市：一般農業區 ; 非都市編定：農牧用地
RPSOMLKLNHIFFAX86DA,東衛段,83.48,非都市：一般農業區 ; 非都市編定：農牧用地
RPSOMLKLNHIFFAX86DA,東衛段,381.97,非都市：一般農業區 ; 非都市編定：農牧用地
RPSOMLKLNHIFFAX86DA,東衛段,329.41,非都市：一般農業區 ; 非都市編定：農牧用地
RPSOMLQKNHIFFAX37DA,東衛段,1635.35,非都市：一般農業區 ; 非都市編定：農牧用地
RPSOMLQKNHIFFAX37DA,東衛段,793.79,非都市：一般農業區 ; 非都市編定：農牧用地
RPUOMLKLNHIFFAX07DA,東衛段,782.06,非都市：一般農業區 ; 非都市編定：農牧用地
RPXNMLKLNHIFFAX27DA,東衛段,76.13,非都市：一般農業區 ; 非都市編定：農牧用地
RPROMLKLNHIFFAX76DA,東衛段,83.48,非都市：一般農業區 ; 非都市編定：農牧用地
RPROMLKLNHIFFAX76DA,東衛段,381.97,非都市：一般農業區 ; 非都市編定：農牧用地
RPUOMLQKNHIFFAX57DA,東衛段,203.40,非都市：一般農業區 ; 非都市編定：農牧用地
RPUOMLQKNHIFFAX57DA,東衛段,512.93,非都市：一般農業區 ; 非都市編定：農牧用地
RPUOMLQKNHIFFAX57DA,東衛段,884.92,非都市：一般農業區 ; 非都市編定：農牧用地
RPQOMLQKNHIFFAX17DA,東衛段,1148.77,非都市：一般農業區 ; 非都市編定：農牧用地
RPTOMLKLNHIFFAX96DA,東衛段,403.76,非都市：一般農業區 ; 非都市編定：農牧用地
RPTOMLKLNHIFFAX96DA,東衛段,1008.23,非都市：一般農業區 ; 非都市編定：農牧用地
RPROMLQKNHIFFAX27DA,東衛段,456.44,非都市：一般農業區 ; 非都市編定：農牧用地
RPROMLQKNHIFFAX27DA,東衛段,590.66,非都市：一般農業區 ; 非都市編定：農牧用地
RPUOMLRJOHIFFAX67DA,下瓦硐段,486.82,非都市：一般農業區 ; 非都市編定：農牧用地
RPUOMLRJOHIFFAX67DA,下瓦硐段,183.28,非都市：一般農業區 ; 非都市編定：農牧用地
RPUOMLRJOHIFFAX67DA,下瓦硐段,240.96,非都市：一般農業區 ; 非都市編定：農牧用地
RPQOMLKLNHIFFAX66DA,東衛段,23.09,非都市：一般農業區 ; 非都市編定：農牧用地
RPVOMLKLNHIFFAX17DA,東衛段,31.17,非都市：一般農業區 ; 非都市編定：農牧用地
RPPOMLKLNHIFFAX56DA,東衛段,23.09,非都市：一般農業區 ; 非都市編定：農牧用地
RPRNMLOLNHIFFAX96CA,文化段,17.52,都市：住
RPRNMLOLNHIFFAX96CA,文化段,43.98,都市：住
RPRNMLOLNHIFFAX96CA,文化段,45.53,都市：住
RPVPMLKLNHIFFAX27DA,東衛段,1295.52,非都市：一般農業區 ; 非都市編定：農牧用地
RPQNMLMLNHIFFAX76DA,緝馬灣段,1920.00,非都市：一般農業區 ; 非都市編定：農牧用地
RPUNMLNLNHIFFAX27DA,大倉段,126.00,非都市：一般農業區 ; 非都市編定：農牧用地
RPRNMLNLNHIFFAX96DA,大倉段,63.00,非都市：一般農業區 ; 非都市編定：農牧用地
RPROMLLLNHIFFAX86DA,五福段,.86,非都市：一般農業區 ; 非都市編定：農牧用地
RPOOMLNLNHIFFAX76DA,大倉段,4.88,非都市：一般農業區 ; 非都市編定：農牧用地
RPWOMLKLNHIFFAX27DA,東衛段,58.55,非都市：一般農業區 ; 非都市編定：農牧用地
RPWOMLKLNHIFFAX27DA,東衛段,43.04,非都市：一般農業區 ; 非都市編定：農牧用地
RPWOMLKLNHIFFAX27DA,東衛段,6.28,非都市：一般農業區 ; 非都市編定：農牧用地
RPWOMLKLNHIFFAX27DA,東衛段,69.48,非都市：一般農業區 ; 非都市編定：農牧用地
RPXOMLKLNHIFFAX37DA,東衛段,1062.55,非都市：一般農業區 ; 非都市編定：農牧用地
RPXOMLKLNHIFFAX37DA,東衛段,438.02,非都市：一般農業區 ; 非都市編定：農牧用地
RPROMLNLNHIFFAX07DA,大倉段,4.88,非都市：一般農業區 ; 非都市編定：農牧用地
RPPNMLNLNHIFFAX66CA,馬公段,42.00,都市：商
RPWNMLKKOHIFFAX27EA,西溪段,112.00,非都市：一般農業區 ; 非都市編定：農牧用地
RPWNMLKKOHIFFAX27EA,西溪段,241.00,非都市：鄉村區 ; 非都市編定：乙種建築用地
RPOPMLKLNHIFFAX56DA,東衛段,895.82,非都市：一般農業區 ; 非都市編定：農牧用地
RPSPMLNKOHIFFAX17CA,中衛段,52.22,非都市：一般農業區 ; 非都市編定：農牧用地
RPSPMLNKOHIFFAX17CA,中衛段,111.69,非都市：一般農業區 ; 非都市編定：農牧用地
RPSPMLNKOHIFFAX17CA,中衛段,5.63,都市：農
RPSPMLKLNHIFFAX96DA,東衛段,61.99,非都市：一般農業區 ; 非都市編定：農牧用地
RPSPMLKLNHIFFAX96DA,東衛段,39.89,非都市：一般農業區 ; 非都市編定：農牧用地
RPRPMLKLNHIFFAX86DA,東衛段,1801.16,非都市：一般農業區 ; 非都市編定：農牧用地
RPPPMLKLNHIFFAX66DA,東衛段,895.81,非都市：一般農業區 ; 非都市編定：農牧用地
RPQPMLKLNHIFFAX76DA,東衛段,180.90,非都市：一般農業區 ; 非都市編定：農牧用地
RPPOMLNLNHIFFAX86DA,大倉段,4.88,非都市：一般農業區 ; 非都市編定：農牧用地
RPVNMLKLNHIFFAX07DA,東衛段,64.71,非都市：一般農業區 ; 非都市編定：農牧用地
RPVNMLKLNHIFFAX07DA,東衛段,18.06,非都市：一般農業區 ; 非都市編定：農牧用地
RPVNMLKLNHIFFAX07DA,東衛段,109.65,非都市：一般農業區 ; 非都市編定：農牧用地
RPRNMLKLNHIFFAX66DA,大倉段,44.33,非都市：一般農業區 ; 非都市編定：農牧用地
RPUPMLKLNHIFFAX17DA,東衛段,2242.37,非都市：一般農業區 ; 非都市編定：農牧用地
RPOOMLKLNHIFFAX09DA,東衛段,76.13,非都市：一般農業區 ; 非都市編定：農牧用地
RPTNMLKLNHIFFAX86DA,東衛段,50.85,非都市：一般農業區 ; 非都市編定：農牧用地
RPTNMLKLNHIFFAX86DA,東衛段,128.23,非都市：一般農業區 ; 非都市編定：農牧用地
RPTNMLKLNHIFFAX86DA,東衛段,221.23,非都市：一般農業區 ; 非都市編定：農牧用地
RPPNMLKLNHIFFAX09DA,大倉段,44.33,非都市：一般農業區 ; 非都市編定：農牧用地
RPTPMLKLNHIFFAX07DA,東衛段,2381.18,非都市：一般農業區 ; 非都市編定：農牧用地
RPWNMLKLNHIFFAX17DA,東衛段,64.71,非都市：一般農業區 ; 非都市編定：農牧用地
RPWNMLKLNHIFFAX17DA,東衛段,18.06,非都市：一般農業區 ; 非都市編定：農牧用地
RPWNMLKLNHIFFAX17DA,東衛段,109.65,非都市：一般農業區 ; 非都市編定：農牧用地
RPPNMLPJOHIFFAX76CA,馬公段,1.00,都市：商
RPPNMLPJOHIFFAX76CA,馬公段,40.00,都市：商
RPPNMLPJOHIFFAX76CA,馬公段,5.00,都市：商
RPPNMLPJOHIFFAX76CA,馬公段,22.00,都市：商
RPPNMLPJOHIFFAX76CA,馬公段,6.00,都市：商
RPTNMLLLNHIFFAX96DA,東衛段,123.12,非都市：一般農業區 ; 非都市編定：農牧用地
RPRNMLLLNHIFFAX76DA,東衛段,55.19,非都市：一般農業區 ; 非都市編定：農牧用地
RPRNMLLLNHIFFAX76DA,東衛段,15.42,非都市：一般農業區 ; 非都市編定：農牧用地
RPQNMLLLNHIFFAX66DA,東衛段,64.71,非都市：一般農業區 ; 非都市編定：農牧用地
RPQNMLLLNHIFFAX66DA,東衛段,18.06,非都市：一般農業區 ; 非都市編定：農牧用地
RPQNMLLLNHIFFAX66DA,東衛段,109.65,非都市：一般農業區 ; 非都市編定：農牧用地
RPPNMLLLNHIFFAX56DA,東衛段,175.65,非都市：一般農業區 ; 非都市編定：農牧用地
RPPNMLLLNHIFFAX56DA,東衛段,129.12,非都市：一般農業區 ; 非都市編定：農牧用地
RPPNMLLLNHIFFAX56DA,東衛段,18.83,非都市：一般農業區 ; 非都市編定：農牧用地
RPPNMLLLNHIFFAX56DA,東衛段,208.46,非都市：一般農業區 ; 非都市編定：農牧用地
RPPNMLLLNHIFFAX56DA,東衛段,246.20,非都市：一般農業區 ; 非都市編定：農牧用地
RPSNMLLLNHIFFAX86DA,東衛段,985.82,非都市：一般農業區 ; 非都市編定：農牧用地
RPUNMLLLNHIFFAX07DA,東衛段,296.16,非都市：一般農業區 ; 非都市編定：農牧用地
RPUNMLMLNHIFFAX07CA,光榮段,251.41,都市：其他
RPUNMLMLNHIFFAX07CA,光榮段,23.14,都市：其他
RPUNMLMLNHIFFAX07CA,光榮段,33.26,都市：其他
RPUNMLMLNHIFFAX07CA,光榮段,34.66,都市：其他
RPTNMLMLNHIFFAX96CA,中衛段,2473.58,都市：農
RPRNMLMLNHIFFAX76CA,五福段,1120.19,非都市：一般農業區 ; 非都市編定：農牧用地
RPWNMLNLNHIFFAX47DA,大倉段,4.88,非都市：一般農業區 ; 非都市編定：農牧用地
RPXNMLNLNHIFFAX57DA,大倉段,4.88,非都市：一般農業區 ; 非都市編定：農牧用地
RPTNMLNLNHIFFAX17DA,大倉段,63.00,非都市：一般農業區 ; 非都市編定：農牧用地
RPQNMLNKOHIFFAX86DA,東衛段,96.10,非都市：一般農業區 ; 非都市編定：農牧用地
RPQNMLNKOHIFFAX86DA,東衛段,205.11,非都市：一般農業區 ; 非都市編定：農牧用地
RPQNMLNKOHIFFAX86DA,東衛段,12.14,非都市：一般農業區 ; 非都市編定：農牧用地
RPSNMLNLNHIFFAX07DA,西澳段,45.75,都市：住
RPSNMLNLNHIFFAX07DA,西澳段,44.85,都市：住
RPSNMLNLNHIFFAX07DA,西澳段,5.34,都市：住
RPTNMLOLNHIFFAX17CA,西澳段,41.40,都市：住
RPPOMLLLNHIFFAX66DA,東衛段,56.10,非都市：一般農業區 ; 非都市編定：農牧用地
RPQOMLLLNHIFFAX76DA,東衛段,116.01,非都市：一般農業區 ; 非都市編定：農牧用地
RPOOMLLLNHIFFAX56DA,東衛段,728.05,非都市：一般農業區 ; 非都市編定：農牧用地
RPOOMLLLNHIFFAX56DA,東衛段,18.83,非都市：一般農業區 ; 非都市編定：農牧用地
RPXNMLLLNHIFFAX37DA,東衛段,1919.87,非都市：一般農業區 ; 非都市編定：農牧用地
RPWNMLLLNHIFFAX27DA,東衛段,627.08,非都市：一般農業區 ; 非都市編定：農牧用地
RPWNMLLLNHIFFAX27DA,東衛段,1524.14,非都市：一般農業區 ; 非都市編定：農牧用地
RPVNMLMLNHIFFAX27DA,內垵一段,2235.87,非都市：森林區 ; 非都市編定：農牧用地
RPUNMLRLNHIFFAX67DA,大倉段,40.00,非都市：一般農業區 ; 非都市編定：農牧用地
RPUNMLRLNHIFFAX67DA,大倉段,43.62,非都市：風景區 ; 非都市編定：農牧用地
RPVNMLRLNHIFFAX77DA,大倉段,26.67,非都市：一般農業區 ; 非都市編定：農牧用地
RPVNMLRLNHIFFAX77DA,大倉段,29.08,非都市：風景區 ; 非都市編定：農牧用地
RPPOMLNKOHIFFAX86DA,東衛段,179.86,非都市：一般農業區 ; 非都市編定：農牧用地
RPPOMLNKOHIFFAX86DA,東衛段,440.89,非都市：一般農業區 ; 非都市編定：農牧用地
RPVNMLNKOHIFFAX37DA,東衛段,856.54,非都市：一般農業區 ; 非都市編定：農牧用地
RPROMLNKOHIFFAX07DA,東衛段,477.00,非都市：一般農業區 ; 非都市編定：農牧用地
RPROMLNKOHIFFAX07DA,東衛段,724.86,非都市：一般農業區 ; 非都市編定：農牧用地
RPROMLNKOHIFFAX07DA,東衛段,469.94,非都市：一般農業區 ; 非都市編定：農牧用地
RPROMLNKOHIFFAX07DA,東衛段,175.92,非都市：一般農業區 ; 非都市編定：農牧用地
RPROMLNKOHIFFAX07DA,東衛段,295.80,非都市：一般農業區 ; 非都市編定：農牧用地
RPROMLNKOHIFFAX07DA,東衛段,136.41,非都市：一般農業區 ; 非都市編定：農牧用地
RPPPMLNKOHIFFAX96DA,東衛段,247.96,非都市：一般農業區 ; 非都市編定：農牧用地
RPPPMLNKOHIFFAX96DA,東衛段,159.56,非都市：一般農業區 ; 非都市編定：農牧用地
RPRPMLNKOHIFFAX17DA,東衛段,327.70,非都市：一般農業區 ; 非都市編定：農牧用地
RPTOMLNKOHIFFAX27DA,東衛段,117.21,非都市：一般農業區 ; 非都市編定：農牧用地
RPRNMLPJOHIFFAX96CA,文光段,180.99,都市：住
RPXOMLNKOHIFFAX67DA,東衛段,391.32,非都市：一般農業區 ; 非都市編定：農牧用地
RPOPMLNKOHIFFAX86DA,東衛段,55.19,非都市：一般農業區 ; 非都市編定：農牧用地
RPOPMLNKOHIFFAX86DA,東衛段,15.42,非都市：一般農業區 ; 非都市編定：農牧用地
RPOPMLNKOHIFFAX86DA,東衛段,62.33,非都市：一般農業區 ; 非都市編定：農牧用地
RPQPMLNKOHIFFAX07DA,東衛段,700.12,非都市：一般農業區 ; 非都市編定：農牧用地
RPQPMLNKOHIFFAX07DA,東衛段,1871.29,非都市：一般農業區 ; 非都市編定：農牧用地
RPWOMLNKOHIFFAX57DA,東衛段,304.29,非都市：一般農業區 ; 非都市編定：農牧用地
RPWOMLNKOHIFFAX57DA,東衛段,393.78,非都市：一般農業區 ; 非都市編定：農牧用地
RPVNMLLLNHIFFAX17DA,東衛段,64.71,非都市：一般農業區 ; 非都市編定：農牧用地
RPVNMLLLNHIFFAX17DA,東衛段,18.06,非都市：一般農業區 ; 非都市編定：農牧用地
RPVNMLLLNHIFFAX17DA,東衛段,109.65,非都市：一般農業區 ; 非都市編定：農牧用地
RPSNMLMLNHIFFAX86CA,文寮段,83.13,非都市：一般農業區 ; 非都市編定：農牧用地
RPUOMLNKOHIFFAX37DA,東衛段,117.21,非都市：一般農業區 ; 非都市編定：農牧用地
RPVNMLOLNHIFFAX37CA,五德西段,103.50,非都市：鄉村區 ; 非都市編定：乙種建築用地
RPVNMLOLNHIFFAX37CA,五德西段,31.14,非都市：鄉村區 ; 非都市編定：乙種建築用地
RPVNMLOLNHIFFAX37CA,五德西段,69.17,非都市：鄉村區 ; 非都市編定：乙種建築用地
RPSNMLOLNHIFFAX07CA,潭邊新段,76.32,非都市：一般農業區 ; 非都市編定：交通用地
RPSNMLOLNHIFFAX07CA,潭邊新段,590.85,非都市：一般農業區 ; 非都市編定：農牧用地
RPSNMLOLNHIFFAX07CA,潭邊新段,590.85,非都市：一般農業區 ; 非都市編定：農牧用地
RPPOMLKMNHIFFAX56CA,文澳段,16.64,都市：住
RPPOMLKMNHIFFAX56CA,文澳段,38.09,都市：住
RPSOMLNKOHIFFAX17DA,東衛段,477.00,非都市：一般農業區 ; 非都市編定：農牧用地
RPSOMLNKOHIFFAX17DA,東衛段,724.86,非都市：一般農業區 ; 非都市編定：農牧用地
RPSOMLNKOHIFFAX17DA,東衛段,469.94,非都市：一般農業區 ; 非都市編定：農牧用地
RPSOMLNKOHIFFAX17DA,東衛段,175.92,非都市：一般農業區 ; 非都市編定：農牧用地
RPSOMLNKOHIFFAX17DA,東衛段,295.80,非都市：一般農業區 ; 非都市編定：農牧用地
RPSOMLNKOHIFFAX17DA,東衛段,136.41,非都市：一般農業區 ; 非都市編定：農牧用地
RPUNMLOKOHIFFAX37DA,東衛段,253.48,非都市：一般農業區 ; 非都市編定：農牧用地
RPWNMLRLNHIFFAX77CA,馬公段,33.00,都市：商
RPROMLOKOHIFFAX17DA,東衛段,718.53,非都市：一般農業區 ; 非都市編定：農牧用地
RPQOMLNKOHIFFAX96DA,東衛段,179.86,非都市：一般農業區 ; 非都市編定：農牧用地
RPQOMLNKOHIFFAX96DA,東衛段,440.89,非都市：一般農業區 ; 非都市編定：農牧用地
RPWNMLOKOHIFFAX57DA,東衛段,88.59,非都市：一般農業區 ; 非都市編定：農牧用地
RPVNMLOKOHIFFAX47DA,東衛段,1251.72,非都市：一般農業區 ; 非都市編定：農牧用地
RPPOMLOKOHIFFAX96DA,東衛段,1313.60,非都市：一般農業區 ; 非都市編定：農牧用地
RPPOMLOKOHIFFAX96DA,東衛段,1333.12,非都市：一般農業區 ; 非都市編定：農牧用地
RPQOMLOKOHIFFAX07DA,東衛段,649.77,非都市：一般農業區 ; 非都市編定：農牧用地
RPXNMLOKOHIFFAX67DA,東衛段,284.05,非都市：一般農業區 ; 非都市編定：農牧用地
RPOOMLOKOHIFFAX86DA,東衛段,204.51,非都市：一般農業區 ; 非都市編定：農牧用地
RPOOMLOKOHIFFAX86DA,東衛段,528.69,非都市：一般農業區 ; 非都市編定：農牧用地
RPWNMLNKOHIFFAX47DA,東衛段,856.54,非都市：一般農業區 ; 非都市編定：農牧用地
RPXNMLNKOHIFFAX57DA,東衛段,610.35,非都市：一般農業區 ; 非都市編定：農牧用地
RPXNMLNKOHIFFAX57DA,東衛段,97.90,非都市：一般農業區 ; 非都市編定：農牧用地
RPXNMLNKOHIFFAX57DA,東衛段,323.96,非都市：一般農業區 ; 非都市編定：農牧用地
RPVNMLNLNHIFFAX37DA,大倉段,4.88,非都市：一般農業區 ; 非都市編定：農牧用地
RPQNMLOLNHIFFAX96DA,五福段,320.85,非都市：一般農業區 ; 非都市編定：甲種建築用地
RPQNMLOLNHIFFAX96DA,五福段,32.19,非都市：一般農業區 ; 非都市編定：交通用地
RPPNMLPLNHIFFAX96DA,文石段,132.21,非都市：鄉村區 ; 非都市編定：乙種建築用地
RPPNMLPLNHIFFAX96DA,文石段,40.90,非都市：鄉村區 ; 非都市編定：乙種建築用地
RPUNMLNKOHIFFAX27DA,東衛段,96.10,非都市：一般農業區 ; 非都市編定：農牧用地
RPUNMLNKOHIFFAX27DA,東衛段,205.11,非都市：一般農業區 ; 非都市編定：農牧用地
RPUNMLNKOHIFFAX27DA,東衛段,12.14,非都市：一般農業區 ; 非都市編定：農牧用地
RPOOMLNKOHIFFAX76DA,東衛段,610.35,非都市：一般農業區 ; 非都市編定：農牧用地
RPOOMLNKOHIFFAX76DA,東衛段,97.90,非都市：一般農業區 ; 非都市編定：農牧用地
RPOOMLNKOHIFFAX76DA,東衛段,323.96,非都市：一般農業區 ; 非都市編定：農牧用地
RPSNMLNKOHIFFAX07DA,東衛段,96.10,非都市：一般農業區 ; 非都市編定：農牧用地
RPSNMLNKOHIFFAX07DA,東衛段,205.11,非都市：一般農業區 ; 非都市編定：農牧用地
RPSNMLNKOHIFFAX07DA,東衛段,12.14,非都市：一般農業區 ; 非都市編定：農牧用地
RPSNMLRLNHIFFAX47DA,大倉段,40.00,非都市：一般農業區 ; 非都市編定：農牧用地
RPSNMLRLNHIFFAX47DA,大倉段,43.62,非都市：風景區 ; 非都市編定：農牧用地
RPTNMLRLNHIFFAX57DA,大倉段,26.67,非都市：一般農業區 ; 非都市編定：農牧用地
RPTNMLRLNHIFFAX57DA,大倉段,29.08,非都市：風景區 ; 非都市編定：農牧用地
RPRNMLRLNHIFFAX37DA,大倉段,26.67,非都市：一般農業區 ; 非都市編定：農牧用地
RPRNMLRLNHIFFAX37DA,大倉段,29.08,非都市：風景區 ; 非都市編定：農牧用地
RPSNMLOKOHIFFAX17DA,東衛段,96.10,非都市：一般農業區 ; 非都市編定：農牧用地
RPSNMLOKOHIFFAX17DA,東衛段,205.11,非都市：一般農業區 ; 非都市編定：農牧用地
RPSNMLOKOHIFFAX17DA,東衛段,12.14,非都市：一般農業區 ; 非都市編定：農牧用地
RPTNMLOKOHIFFAX27DA,東衛段,96.10,非都市：一般農業區 ; 非都市編定：農牧用地
RPTNMLOKOHIFFAX27DA,東衛段,205.11,非都市：一般農業區 ; 非都市編定：農牧用地
RPTNMLOKOHIFFAX27DA,東衛段,12.14,非都市：一般農業區 ; 非都市編定：農牧用地
RPQOMLKMNHIFFAX66CA,下瓦硐段,317.50,非都市：一般農業區 ; 非都市編定：農牧用地
RPQNMLPLNHIFFAX96CA,文寮段,1456.28,非都市：一般農業區 ; 非都市編定：農牧用地
RPROMLKMNHIFFAX76CA,國宅段,904.21,非都市：一般農業區 ; 非都市編定：農牧用地
RPSOMLKMNHIFFAX86CA,沙港北段,274.51,非都市：一般農業區 ; 非都市編定：農牧用地
RPXNMLRLNHIFFAX87CA,北極段,2526.99,都市：農
RPXNMLRLNHIFFAX87CA,北極段,716.56,都市：農
RPOOMLRLNHIFFAX07CA,海堤段,577.40,非都市：一般農業區 ; 非都市編定：農牧用地
RPPNMLSLNHIFFAX17CA,文寮段,1456.29,非都市：一般農業區 ; 非都市編定：農牧用地
RPPOMLKLOHIFFAX66DA,東衛段,895.81,非都市：一般農業區 ; 非都市編定：農牧用地
RPOOMLKLOHIFFAX56DA,東衛段,46.18,非都市：一般農業區 ; 非都市編定：農牧用地
RPROMLKLOHIFFAX86DA,東衛段,1203.41,非都市：一般農業區 ; 非都市編定：農牧用地
RPQOMLKLOHIFFAX76DA,東衛段,122.65,非都市：一般農業區 ; 非都市編定：農牧用地
RPSOMLKLOHIFFAX96DA,東衛段,247.96,非都市：一般農業區 ; 非都市編定：農牧用地
RPSOMLKLOHIFFAX96DA,東衛段,159.56,非都市：一般農業區 ; 非都市編定：農牧用地
RPTOMLKLOHIFFAX07DA,東衛段,779.50,非都市：一般農業區 ; 非都市編定：農牧用地
RPVNMLKLOHIFFAX17DA,東衛段,116.01,非都市：一般農業區 ; 非都市編定：農牧用地
RPRNMLTLNHIFFAX57DA,緝馬灣段,403.00,非都市：森林區 ; 非都市編定：農牧用地
RPSNMLSLNHIFFAX67EA,風櫃西段,372.82,非都市：一般農業區 ; 非都市編定：遊憩用地
RPSNMLSLNHIFFAX67EA,風櫃西段,40.15,非都市：一般農業區 ; 非都市編定：特定目的事業用地
RPQNMLSLNHIFFAX37DA,文東段,51.43,非都市：一般農業區 ; 非都市編定：甲種建築用地
RPQNMLSLNHIFFAX37DA,文東段,13.97,非都市：一般農業區 ; 非都市編定：甲種建築用地
RPRNMLNJOHIFFAX86DA,北澳段,91.20,非都市：鄉村區 ; 非都市編定：乙種建築用地
RPSNMLKLOHIFFAX86DA,東衛段,147.95,非都市：一般農業區 ; 非都市編定：農牧用地
RPXNMLKLOHIFFAX37DA,東衛段,82.78,非都市：一般農業區 ; 非都市編定：農牧用地
RPXNMLKLOHIFFAX37DA,東衛段,23.13,非都市：一般農業區 ; 非都市編定：農牧用地
RPXNMLKLOHIFFAX37DA,東衛段,46.75,非都市：一般農業區 ; 非都市編定：農牧用地
RPWNMLKLOHIFFAX27DA,東衛段,116.01,非都市：一般農業區 ; 非都市編定：農牧用地
RPTNMLKLOHIFFAX96DA,東衛段,73.97,非都市：一般農業區 ; 非都市編定：農牧用地
RPWOMLKMNHIFFAX37DA,西澳段,70.28,都市：住
RPUNMLKLOHIFFAX07DA,東衛段,73.97,非都市：一般農業區 ; 非都市編定：農牧用地
RPTOMLKMNHIFFAX96CA,龍門段,777.60,非都市：一般農業區 ; 非都市編定：農牧用地
RPSNMLTLNHIFFAX67DA,埕西段,91.24,都市：住
RPPNMLTLNHIFFAX37DA,赤崁西段,116.44,非都市：一般農業區 ; 非都市編定：農牧用地
RPPNMLTLNHIFFAX37DA,赤崁西段,20.47,非都市：一般農業區 ; 非都市編定：農牧用地
RPPNMLTLNHIFFAX37DA,赤崁西段,68.61,非都市：一般農業區 ; 非都市編定：農牧用地
RPPNMLTLNHIFFAX37DA,赤崁西段,7.12,非都市：一般農業區 ; 非都市編定：交通用地
RPUOMLKMNHIFFAX17DA,五福段,805.15,非都市：一般農業區 ; 非都市編定：農牧用地
RPSPMLOKOHIFFAX37DA,馬公段,21.00,都市：商
RPPPMLKMNHIFFAX66CA,井垵西段,19.12,非都市：一般農業區 ; 非都市編定：農牧用地
RPPPMLKMNHIFFAX66CA,井垵西段,44.38,非都市：一般農業區 ; 非都市編定：農牧用地
RPPPMLKMNHIFFAX66CA,井垵西段,8.00,非都市：鄉村區 ; 非都市編定：乙種建築用地
RPPPMLKMNHIFFAX66CA,井垵西段,3.12,非都市：鄉村區 ; 非都市編定：乙種建築用地
RPPPMLKMNHIFFAX66CA,井垵西段,61.85,非都市：一般農業區 ; 非都市編定：農牧用地
RPQNMLQJOHIFFAX07DA,馬公段,65.00,都市：住
RPSNMLOLOHIFFAX27DA,北寮新段,8.10,非都市：森林區 ; 非都市編定：交通用地
RPVOMLNKOHIFFAX47DA,東衛段,987.17,非都市：一般農業區 ; 非都市編定：農牧用地
RPQPMLKMNHIFFAX76CA,光榮段,20.11,都市：商
RPPNMLOJOHIFFAX76DA,通梁南段,108.16,都市：住
RPXOMLKMNHIFFAX37CA,西澳段,41.40,都市：住
RPTPMLOKOHIFFAX47DA,馬公段,52.00,都市：住
RPTPMLOKOHIFFAX47DA,馬公段,21.00,都市：住
RPRNMLOJOHIFFAX86CA,文澳段,55.48,都市：住
RPPNMLQJOHIFFAX96DA,埕中段,81.27,都市：住
RPUNMLNJOHIFFAX07CA,烏崁新段,757.63,非都市：一般農業區 ; 非都市編定：農牧用地
RPRNMLLMNHIFFAX76CA,鎮海段,184.00,非都市：一般農業區 ; 非都市編定：殯葬用地
RPTNMLRKOHIFFAX57DA,雙湖段,158.41,非都市：鄉村區 ; 非都市編定：乙種建築用地
RPWOMLRJOHIFFAX87DA,港尾段,150.00,非都市：一般農業區 ; 非都市編定：農牧用地
RPQNMLNJOHIFFAX76DA,北澳段,22.80,非都市：鄉村區 ; 非都市編定：乙種建築用地
RPQQMLSKOHIFFAX67DA,東衛段,65.54,非都市：一般農業區 ; 非都市編定：農牧用地
RPSQMLSKOHIFFAX87DA,東衛段,82.78,非都市：一般農業區 ; 非都市編定：農牧用地
RPSQMLSKOHIFFAX87DA,東衛段,23.13,非都市：一般農業區 ; 非都市編定：農牧用地
RPSQMLSKOHIFFAX87DA,東衛段,46.75,非都市：一般農業區 ; 非都市編定：農牧用地
RPQNMLOJOHIFFAX76CA,四維段,1139.60,都市：農
RPPNMLSKOHIFFAX27DA,雙湖段,348.92,非都市：鄉村區 ; 非都市編定：乙種建築用地
RPRQMLSKOHIFFAX77DA,東衛段,100.03,非都市：一般農業區 ; 非都市編定：農牧用地
RPUPMLSKOHIFFAX97DA,東衛段,16.90,非都市：一般農業區 ; 非都市編定：農牧用地
RPVPMLSKOHIFFAX08DA,東衛段,50.70,非都市：一般農業區 ; 非都市編定：農牧用地
RPSPMLSKOHIFFAX77DA,東衛段,16.90,非都市：一般農業區 ; 非都市編定：農牧用地
RPWPMLSKOHIFFAX18DA,東衛段,1430.65,非都市：一般農業區 ; 非都市編定：農牧用地
RPWPMLSKOHIFFAX18DA,東衛段,673.03,非都市：一般農業區 ; 非都市編定：農牧用地
RPPQMLSKOHIFFAX57DA,東衛段,179.86,非都市：一般農業區 ; 非都市編定：農牧用地
RPPQMLSKOHIFFAX57DA,東衛段,440.89,非都市：一般農業區 ; 非都市編定：農牧用地
RPOQMLSKOHIFFAX47DA,東衛段,61.99,非都市：一般農業區 ; 非都市編定：農牧用地
RPOQMLSKOHIFFAX47DA,東衛段,39.89,非都市：一般農業區 ; 非都市編定：農牧用地
RPXPMLSKOHIFFAX28DA,東衛段,247.96,非都市：一般農業區 ; 非都市編定：農牧用地
RPXPMLSKOHIFFAX28DA,東衛段,159.56,非都市：一般農業區 ; 非都市編定：農牧用地
RPTNMLPJOHIFFAX17CA,興崁段,722.00,非都市：一般農業區 ; 非都市編定：農牧用地
RPXNMLPJOHIFFAX57CA,五福段,478.21,非都市：一般農業區 ; 非都市編定：農牧用地
RPOOMLPJOHIFFAX76CA,五德東段,781.24,非都市：一般農業區 ; 非都市編定：農牧用地
RPPOMLPJOHIFFAX86CA,光榮段,251.41,都市：其他
RPPOMLPJOHIFFAX86CA,光榮段,23.14,都市：其他
RPPOMLPJOHIFFAX86CA,光榮段,33.26,都市：其他
RPPOMLPJOHIFFAX86CA,光榮段,34.66,都市：其他
RPVNMLPJOHIFFAX37CA,港尾段,183.00,非都市：鄉村區 ; 非都市編定：乙種建築用地
RPVNMLPJOHIFFAX37CA,港尾段,52.00,非都市：鄉村區 ; 非都市編定：乙種建築用地
RPVNMLPJOHIFFAX37CA,港尾段,272.00,非都市：鄉村區 ; 非都市編定：乙種建築用地
RPRNMLQKOHIFFAX17CA,成功南段,2006.79,非都市：一般農業區 ; 非都市編定：農牧用地
RPWNMLSKOHIFFAX97DA,東衛段,386.69,非都市：一般農業區 ; 非都市編定：農牧用地
RPPOMLSKOHIFFAX37DA,東衛段,200.06,非都市：一般農業區 ; 非都市編定：農牧用地
RPOOMLSKOHIFFAX27DA,東衛段,759.60,非都市：一般農業區 ; 非都市編定：農牧用地
RPOOMLSKOHIFFAX27DA,東衛段,495.60,非都市：一般農業區 ; 非都市編定：農牧用地
RPQOMLSKOHIFFAX47DA,東衛段,728.34,非都市：一般農業區 ; 非都市編定：農牧用地
RPPPMLSKOHIFFAX47DA,東衛段,80.02,非都市：一般農業區 ; 非都市編定：農牧用地
RPXOMLSKOHIFFAX18DA,東衛段,82.78,非都市：一般農業區 ; 非都市編定：農牧用地
RPXOMLSKOHIFFAX18DA,東衛段,23.13,非都市：一般農業區 ; 非都市編定：農牧用地
RPXOMLSKOHIFFAX18DA,東衛段,46.75,非都市：一般農業區 ; 非都市編定：農牧用地
RPQNMLQKOHIFFAX17DA,案山段,13.23,都市：住
RPWOMLSKOHIFFAX08DA,東衛段,728.34,非都市：一般農業區 ; 非都市編定：農牧用地
RPPNMLNJOHIFFAX66DA,安宅段,109.19,非都市：一般農業區 ; 非都市編定：農牧用地
RPQNMLPJOHIFFAX96DA,春暉段,195.88,都市：其他
RPQNMLPJOHIFFAX96DA,春暉段,1.88,都市：住
RPQNMLPJOHIFFAX96DA,春暉段,1.24,都市：住
RPQNMLPJOHIFFAX96DA,春暉段,7.41,都市：其他
RPROMLSKOHIFFAX57DA,東衛段,421.33,非都市：一般農業區 ; 非都市編定：農牧用地
RPSNMLSKOHIFFAX57DA,東衛段,368.80,非都市：一般農業區 ; 非都市編定：農牧用地
RPSNMLSKOHIFFAX57DA,東衛段,116.79,非都市：一般農業區 ; 非都市編定：農牧用地
RPSNMLSKOHIFFAX57DA,東衛段,228.38,非都市：一般農業區 ; 非都市編定：農牧用地
RPSNMLSKOHIFFAX57DA,東衛段,40.51,非都市：一般農業區 ; 非都市編定：農牧用地
RPOPMLSKOHIFFAX37DA,東衛段,82.78,非都市：一般農業區 ; 非都市編定：農牧用地
RPOPMLSKOHIFFAX37DA,東衛段,23.13,非都市：一般農業區 ; 非都市編定：農牧用地
RPOPMLSKOHIFFAX37DA,東衛段,46.75,非都市：一般農業區 ; 非都市編定：農牧用地
RPTOMLSKOHIFFAX77DA,東衛段,65.54,非都市：一般農業區 ; 非都市編定：農牧用地
RPSOMLSKOHIFFAX67DA,東衛段,65.54,非都市：一般農業區 ; 非都市編定：農牧用地
RPXNMLTKOHIFFAX08CA,北極段,728.75,都市：農
RPXNMLTKOHIFFAX08CA,北極段,61.59,非都市：一般農業區 ; 非都市編定：農牧用地
RPXNMLSKOHIFFAX08DA,東衛段,193.35,非都市：一般農業區 ; 非都市編定：農牧用地
RPQPMLSKOHIFFAX57DA,東衛段,80.02,非都市：一般農業區 ; 非都市編定：農牧用地
RPPNMLRKOHIFFAX07CA,尖山中段,931.29,非都市：一般農業區 ; 非都市編定：農牧用地
RPPNMLRKOHIFFAX07CA,尖山中段,261.93,非都市：一般農業區 ; 非都市編定：農牧用地
RPPNMLRKOHIFFAX07CA,尖山中段,261.93,非都市：一般農業區 ; 非都市編定：農牧用地
RPPNMLRKOHIFFAX07CA,尖山中段,240.67,非都市：一般農業區 ; 非都市編定：農牧用地
RPPNMLRKOHIFFAX07CA,尖山中段,67.69,非都市：一般農業區 ; 非都市編定：農牧用地
RPPNMLRKOHIFFAX07CA,尖山中段,67.69,非都市：一般農業區 ; 非都市編定：農牧用地
RPUNMLQJOHIFFAX37CA,五德西段,548.21,非都市：一般農業區 ; 非都市編定：農牧用地
RPVNMLQJOHIFFAX47CA,五德西段,399.54,非都市：一般農業區 ; 非都市編定：農牧用地
RPVNMLQJOHIFFAX47CA,五德西段,126.10,非都市：一般農業區 ; 非都市編定：甲種建築用地
RPUNMLRLOHIFFAX77DA,北極段,.24,都市：住
RPUNMLRLOHIFFAX77DA,北極段,22.63,都市：住
RPRPMLSKOHIFFAX67DA,東衛段,80.02,非都市：一般農業區 ; 非都市編定：農牧用地
RPTNMLLKOHIFFAX86CA,國宅段,92.33,都市：住
RPSOMLRJOHIFFAX37CA,馬公段,26.46,都市：住
RPTNMLQJOHIFFAX27CA,文光段,20.69,都市：住
RPTNMLQJOHIFFAX27CA,文光段,61.01,都市：住
RPOPMLOKOHIFFAX96DA,東衛段,199.79,非都市：一般農業區 ; 非都市編定：農牧用地
RPPPMLOKOHIFFAX07DA,東衛段,560.20,非都市：一般農業區 ; 非都市編定：農牧用地
RPPPMLOKOHIFFAX07DA,東衛段,304.15,非都市：一般農業區 ; 非都市編定：農牧用地
RPPPMLOKOHIFFAX07DA,東衛段,195.18,非都市：一般農業區 ; 非都市編定：農牧用地
RPPPMLOKOHIFFAX07DA,東衛段,339.88,非都市：一般農業區 ; 非都市編定：農牧用地
RPQPMLOKOHIFFAX17DA,東衛段,1664.70,非都市：一般農業區 ; 非都市編定：農牧用地
RPQPMLOKOHIFFAX17DA,東衛段,113.93,非都市：一般農業區 ; 非都市編定：農牧用地
RPQPMLOKOHIFFAX17DA,東衛段,290.67,非都市：一般農業區 ; 非都市編定：農牧用地
RPQPMLOKOHIFFAX17DA,東衛段,243.42,非都市：一般農業區 ; 非都市編定：農牧用地
RPQPMLOKOHIFFAX17DA,東衛段,2203.26,非都市：一般農業區 ; 非都市編定：農牧用地
RPUOMLOKOHIFFAX47DA,東衛段,3360.84,非都市：一般農業區 ; 非都市編定：農牧用地
RPVOMLSKOHIFFAX97DA,東衛段,65.54,非都市：一般農業區 ; 非都市編定：農牧用地
RPUOMLSKOHIFFAX87DA,東衛段,65.54,非都市：一般農業區 ; 非都市編定：農牧用地
RPTNMLSKOHIFFAX67DA,東衛段,122.94,非都市：一般農業區 ; 非都市編定：農牧用地
RPTNMLSKOHIFFAX67DA,東衛段,38.93,非都市：一般農業區 ; 非都市編定：農牧用地
RPTNMLSKOHIFFAX67DA,東衛段,76.13,非都市：一般農業區 ; 非都市編定：農牧用地
RPTNMLSKOHIFFAX67DA,東衛段,13.50,非都市：一般農業區 ; 非都市編定：農牧用地
RPVOMLOKOHIFFAX57DA,東衛段,83.54,非都市：一般農業區 ; 非都市編定：農牧用地
RPPNMLRJOHIFFAX07DA,合界頭段,422.00,非都市：鄉村區 ; 非都市編定：乙種建築用地
RPPNMLNJPHIFFAX66CA,通梁東段,458.12,非都市：風景區 ; 非都市編定：農牧用地
RPSOMLOKOHIFFAX27DA,東衛段,31.30,非都市：一般農業區 ; 非都市編定：農牧用地
RPSOMLOKOHIFFAX27DA,東衛段,143.24,非都市：一般農業區 ; 非都市編定：農牧用地
RPRNMLQJOHIFFAX17DA,五福段,.86,非都市：一般農業區 ; 非都市編定：農牧用地
RPQNMLKKOHIFFAX56DA,赤崁中段,231.62,非都市：一般農業區 ; 非都市編定：農牧用地
RPXNMLKKOHIFFAX27DA,文澳段,49.83,都市：住
RPTNMLKKOHIFFAX86DA,馬公段,59.00,都市：其他
RPTNMLKKOHIFFAX86DA,馬公段,6.00,都市：住
RPTOMLOKOHIFFAX37DA,東衛段,31.30,非都市：一般農業區 ; 非都市編定：農牧用地
RPTOMLOKOHIFFAX37DA,東衛段,143.24,非都市：一般農業區 ; 非都市編定：農牧用地
RPWOMLOKOHIFFAX67DA,東衛段,167.09,非都市：一般農業區 ; 非都市編定：農牧用地
RPSNMLQJOHIFFAX17CA,五德西段,621.03,非都市：鄉村區 ; 非都市編定：乙種建築用地
RPSNMLQJOHIFFAX17CA,五德西段,186.85,非都市：鄉村區 ; 非都市編定：乙種建築用地
RPSNMLQJOHIFFAX17CA,五德西段,415.04,非都市：鄉村區 ; 非都市編定：乙種建築用地
RPPNMLKKOHIFFAX09DA,五福段,85.17,非都市：鄉村區 ; 非都市編定：乙種建築用地
RPWNMLPJOHIFFAX67EA,水垵段,146.00,非都市：鄉村區 ; 非都市編定：乙種建築用地
RPUNMLPJOHIFFAX27CA,興崁段,129.96,非都市：一般農業區 ; 非都市編定：農牧用地
RPUNMLKKOHIFFAX96DA,興仁段,105.14,非都市：鄉村區 ; 非都市編定：乙種建築用地
RPSNMLPJOHIFFAX27EA,湖東新段,68.02,非都市：鄉村區 ; 非都市編定：乙種建築用地
RPSNMLPJOHIFFAX27EA,湖東新段,59.62,非都市：鄉村區 ; 非都市編定：乙種建築用地
RPUNMLSKOHIFFAX77DA,東衛段,122.94,非都市：一般農業區 ; 非都市編定：農牧用地
RPUNMLSKOHIFFAX77DA,東衛段,38.93,非都市：一般農業區 ; 非都市編定：農牧用地
RPUNMLSKOHIFFAX77DA,東衛段,76.13,非都市：一般農業區 ; 非都市編定：農牧用地
RPUNMLSKOHIFFAX77DA,東衛段,13.50,非都市：一般農業區 ; 非都市編定：農牧用地
RPOOMLRJOHIFFAX96CA,文化段,137.28,都市：住
RPOOMLRJOHIFFAX96CA,文化段,8.54,都市：住
RPOOMLRJOHIFFAX96CA,文化段,6.91,都市：住
RPOOMLRJOHIFFAX96CA,文化段,28.10,都市：住
RPRNMLLKOHIFFAX66CA,山水北段,312.60,非都市：一般農業區 ; 非都市編定：農牧用地
RPUNMLQKOHIFFAX47CA,小池角段,125.00,非都市：一般農業區 ; 非都市編定：農牧用地
RPUNMLQKOHIFFAX47CA,小池角段,125.00,非都市：一般農業區 ; 非都市編定：農牧用地
RPTNMLQKOHIFFAX37CA,五德東段,91.80,非都市：一般農業區 ; 非都市編定：交通用地
RPTNMLQKOHIFFAX37CA,五德東段,549.16,非都市：一般農業區 ; 非都市編定：農牧用地
RPVNMLQKOHIFFAX57CA,山水北段,815.88,非都市：一般農業區 ; 非都市編定：農牧用地
RPVNMLQKOHIFFAX57CA,山水北段,407.94,非都市：一般農業區 ; 非都市編定：農牧用地
RPWNMLQKOHIFFAX67CA,文光段,116.79,都市：住
RPWNMLQKOHIFFAX67CA,文光段,23.25,都市：住
RPWNMLQKOHIFFAX67CA,文光段,113.12,都市：住
RPWNMLRKOHIFFAX77CA,鐵線段,206.10,非都市：鄉村區 ; 非都市編定：乙種建築用地
RPWNMLRKOHIFFAX77CA,鐵線段,776.30,非都市：一般農業區 ; 非都市編定：農牧用地
RPTQMLSKOHIFFAX97DA,東衛段,391.32,非都市：一般農業區 ; 非都市編定：農牧用地
RPXNMLQKOHIFFAX77CA,文東段,2008.44,非都市：一般農業區 ; 非都市編定：農牧用地
RPVNMLSKOHIFFAX87DA,東衛段,122.94,非都市：一般農業區 ; 非都市編定：農牧用地
RPVNMLSKOHIFFAX87DA,東衛段,38.93,非都市：一般農業區 ; 非都市編定：農牧用地
RPVNMLSKOHIFFAX87DA,東衛段,76.13,非都市：一般農業區 ; 非都市編定：農牧用地
RPVNMLSKOHIFFAX87DA,東衛段,13.50,非都市：一般農業區 ; 非都市編定：農牧用地
RPVNMLKKOHIFFAX07DA,二崁南段,583.51,非都市：一般農業區 ; 非都市編定：農牧用地
RPVNMLKKOHIFFAX07DA,二崁南段,16.13,非都市：一般農業區 ; 非都市編定：交通用地
RPWNMLQJOHIFFAX57CA,赤崁中段,98.17,非都市：一般農業區 ; 非都市編定：甲種建築用地
RPXNMLRKOHIFFAX87CA,安宅段,144.64,非都市：一般農業區 ; 非都市編定：甲種建築用地
RPXNMLRKOHIFFAX87CA,安宅段,50.53,非都市：一般農業區 ; 非都市編定：交通用地
RPXOMLOKOHIFFAX77DA,東衛段,167.09,非都市：一般農業區 ; 非都市編定：農牧用地
RPRNMLNKOHIFFAX96DA,文澳段,53.31,都市：住
RPRNMLRKOHIFFAX37DA,五福段,69.08,非都市：一般農業區 ; 非都市編定：交通用地
RPTNMLSLOHIFFAX67CA,興崁段,1193.29,非都市：一般農業區 ; 非都市編定：農牧用地
RPQNMLNJPHIFFAX76CA,風櫃東段,859.53,非都市：一般農業區 ; 非都市編定：農牧用地
RPUOMLKLOHIFFAX17DA,東衛段,100.03,非都市：一般農業區 ; 非都市編定：農牧用地
RPOOMLQKOHIFFAX96CA,國宅段,488.33,非都市：一般農業區 ; 非都市編定：農牧用地
RPOOMLQKOHIFFAX96CA,國宅段,323.62,非都市：一般農業區 ; 非都市編定：農牧用地
RPPOMLQKOHIFFAX07CA,鐵線段,252.15,非都市：一般農業區 ; 非都市編定：農牧用地
RPPOMLQKOHIFFAX07CA,鐵線段,252.15,非都市：一般農業區 ; 非都市編定：農牧用地
RPRNMLSLOHIFFAX47CA,竹篙灣段,8454.00,非都市：風景區 ; 非都市編定：農牧用地
RPUNMLSLOHIFFAX77CA,興崁段,214.79,非都市：一般農業區 ; 非都市編定：農牧用地
RPPNMLNKOHIFFAX76DA,鐵線段,93.26,非都市：鄉村區 ; 非都市編定：乙種建築用地
RPSNMLRKOHIFFAX47DA,五福段,1.40,非都市：一般農業區 ; 非都市編定：交通用地
RPPNMLKLOHIFFAX09CA,埕東段,36.59,都市：住
RPUQMLSKOHIFFAX08DA,東衛段,31.30,非都市：一般農業區 ; 非都市編定：農牧用地
RPUQMLSKOHIFFAX08DA,東衛段,143.24,非都市：一般農業區 ; 非都市編定：農牧用地
RPVQMLSKOHIFFAX18DA,東衛段,31.30,非都市：一般農業區 ; 非都市編定：農牧用地
RPVQMLSKOHIFFAX18DA,東衛段,143.24,非都市：一般農業區 ; 非都市編定：農牧用地
RPVNMLTKOHIFFAX87CA,五德西段,112.45,非都市：鄉村區 ; 非都市編定：乙種建築用地
RPVNMLSLOHIFFAX87CA,港尾段,175.00,非都市：一般農業區 ; 非都市編定：農牧用地
RPPOMLRKOHIFFAX17CA,五德西段,398.20,非都市：一般農業區 ; 非都市編定：農牧用地
RPWNMLTKOHIFFAX97CA,四維段,60.21,非都市：鄉村區 ; 非都市編定：乙種建築用地
RPWNMLTKOHIFFAX97CA,四維段,2.95,非都市：鄉村區 ; 非都市編定：乙種建築用地
RPWNMLTKOHIFFAX97CA,四維段,3.40,非都市：鄉村區 ; 非都市編定：乙種建築用地
RPWNMLTKOHIFFAX97CA,四維段,3.97,非都市：鄉村區 ; 非都市編定：乙種建築用地
RPWNMLTKOHIFFAX97CA,四維段,3.34,非都市：鄉村區 ; 非都市編定：乙種建築用地
RPQNMLKLOHIFFAX56CA,興崁段,693.76,都市：農
RPQNMLKLOHIFFAX56CA,興崁段,1357.43,都市：農
RPQNMLKLOHIFFAX56CA,興崁段,21.57,都市：農
RPQNMLKLOHIFFAX56CA,興崁段,300.89,都市：農
RPQNMLKLOHIFFAX56CA,興崁段,118.01,都市：農
RPQNMLKLOHIFFAX56CA,興崁段,198.27,都市：農
RPQNMLKLOHIFFAX56CA,興崁段,199.62,都市：農
RPQNMLKLOHIFFAX56CA,興崁段,81.73,都市：農
RPQNMLKLOHIFFAX56CA,興崁段,417.01,都市：農
RPQNMLKLOHIFFAX56CA,興崁段,171.00,都市：農
RPQNMLKLOHIFFAX56CA,興崁段,35134.67,都市：農
RPOOMLRKOHIFFAX07CA,安宅段,50.53,非都市：一般農業區 ; 非都市編定：交通用地
RPOOMLRKOHIFFAX07CA,安宅段,154.61,非都市：一般農業區 ; 非都市編定：甲種建築用地
RPXPMLOKOHIFFAX77CA,山水南段,730.93,非都市：鄉村區 ; 非都市編定：乙種建築用地
RPVPMLOKOHIFFAX67DA,五福段,268.53,非都市：一般農業區 ; 非都市編定：交通用地
RPRNMLKLOHIFFAX76DA,外垵一段,679.19,非都市：一般農業區 ; 非都市編定：農牧用地
RPQNMLOLOHIFFAX07DA,馬公段,44.00,都市：商
RPPNMLLJPHIFFAX56DA,中屯段,757.00,非都市：一般農業區 ; 非都市編定：農牧用地
RPUNMLSJPHIFFAX77DA,東衛段,209.70,非都市：一般農業區 ; 非都市編定：農牧用地
RPTNMLOJPHIFFAX27DA,內垵三段,26.08,非都市：一般農業區 ; 非都市編定：農牧用地
RPPNMLTJPHIFFAX47EA,馬公段,28.00,都市：住
RPROMLOJPHIFFAX17DA,內垵三段,873.80,非都市：一般農業區 ; 非都市編定：農牧用地
RPSOMLOJPHIFFAX27DA,內垵三段,31.96,非都市：一般農業區 ; 非都市編定：農牧用地
RPUNMLOJPHIFFAX37DA,內垵三段,4.17,非都市：一般農業區 ; 非都市編定：農牧用地
RPWNMLOJPHIFFAX57DA,內垵三段,78.31,非都市：森林區 ; 非都市編定：農牧用地
RPXNMLOJPHIFFAX67DA,內垵三段,11.06,非都市：一般農業區 ; 非都市編定：農牧用地
RPQNMLKKPHIFFAX66DA,中衛段,219.18,都市：工
RPOOMLOJPHIFFAX86DA,內垵三段,970.65,非都市：森林區 ; 非都市編定：農牧用地
RPSNMLSJPHIFFAX57DA,東澳段,107.98,都市：住
RPSNMLLLOHIFFAX86CA,山水北段,1155.96,非都市：一般農業區 ; 非都市編定：農牧用地
RPQNMLLLOHIFFAX66CA,東石段,610.00,非都市：風景區 ; 非都市編定：農牧用地
RPQNMLLLOHIFFAX66CA,東石段,88.00,非都市：風景區 ; 非都市編定：農牧用地
RPRNMLLLOHIFFAX76CA,東石段,1059.00,非都市：風景區 ; 非都市編定：農牧用地
RPPOMLOJPHIFFAX96DA,內垵三段,262.61,非都市：一般農業區 ; 非都市編定：農牧用地
RPRNMLTKOHIFFAX57DA,馬公段,91.00,都市：其他
RPPNMLOLOHIFFAX86CA,港子段,2741.00,非都市：一般農業區 ; 非都市編定：農牧用地
RPRNMLOLOHIFFAX07CA,海堤段,32.75,都市：住
RPVNMLOJPHIFFAX47DA,內垵三段,4.17,非都市：一般農業區 ; 非都市編定：農牧用地
RPPNMLTKOHIFFAX27CA,馬公段,26.42,都市：住
RPQOMLOJPHIFFAX07DA,內垵三段,133.72,非都市：一般農業區 ; 非都市編定：農牧用地
RPQNMLTKOHIFFAX37CA,馬公段,26.42,都市：住
RPSNMLOJPHIFFAX17DA,內垵三段,26.08,非都市：一般農業區 ; 非都市編定：農牧用地
RPUNMLLJPHIFFAX96CA,四維段,351.53,非都市：鄉村區 ; 非都市編定：乙種建築用地
RPTNMLOLOHIFFAX37DA,文光段,26.93,都市：住
RPTNMLOLOHIFFAX37DA,文光段,3.49,都市：住
RPVNMLOLOHIFFAX47CA,北極段,69.15,都市：農
RPVNMLOLOHIFFAX47CA,北極段,48.68,都市：農
RPPNMLKKPHIFFAX09CA,機場段,414.18,非都市：一般農業區 ; 非都市編定：農牧用地
RPSNMLLJPHIFFAX76CA,五德東段,4.54,非都市：一般農業區 ; 非都市編定：交通用地
RPSNMLLJPHIFFAX76CA,五德東段,4.54,非都市：一般農業區 ; 非都市編定：交通用地
RPSNMLLJPHIFFAX76CA,五德東段,4.54,非都市：一般農業區 ; 非都市編定：交通用地
RPSNMLLJPHIFFAX76CA,五德東段,3.03,非都市：一般農業區 ; 非都市編定：交通用地
RPSNMLLJPHIFFAX76CA,五德東段,3.03,非都市：一般農業區 ; 非都市編定：交通用地
RPSNMLLJPHIFFAX76CA,五德東段,3.03,非都市：一般農業區 ; 非都市編定：交通用地
RPSNMLLJPHIFFAX76CA,五德東段,16.29,非都市：一般農業區 ; 非都市編定：交通用地
RPSNMLLJPHIFFAX76CA,五德東段,16.29,非都市：一般農業區 ; 非都市編定：交通用地
RPSNMLLJPHIFFAX76CA,五德東段,16.29,非都市：一般農業區 ; 非都市編定：交通用地
RPSNMLLJPHIFFAX76CA,五德東段,10.86,非都市：一般農業區 ; 非都市編定：交通用地
RPSNMLLJPHIFFAX76CA,五德東段,10.86,非都市：一般農業區 ; 非都市編定：交通用地
RPSNMLLJPHIFFAX76CA,五德東段,10.86,非都市：一般農業區 ; 非都市編定：交通用地
RPSNMLLJPHIFFAX76CA,五德東段,176.71,非都市：一般農業區 ; 非都市編定：農牧用地
RPSNMLLJPHIFFAX76CA,五德東段,176.71,非都市：一般農業區 ; 非都市編定：農牧用地
RPSNMLLJPHIFFAX76CA,五德東段,176.71,非都市：一般農業區 ; 非都市編定：農牧用地
RPSNMLLJPHIFFAX76CA,五德東段,117.81,非都市：一般農業區 ; 非都市編定：農牧用地
RPSNMLLJPHIFFAX76CA,五德東段,117.81,非都市：一般農業區 ; 非都市編定：農牧用地
RPSNMLLJPHIFFAX76CA,五德東段,117.81,非都市：一般農業區 ; 非都市編定：農牧用地
RPOPMLLJPHIFFAX56CA,烏崁新段,2076.52,非都市：一般農業區 ; 非都市編定：農牧用地
RPTNMLLJPHIFFAX86CA,埕中段,70.75,都市：住
RPTNMLPLOHIFFAX37CA,山水北段,38.93,非都市：一般農業區 ; 非都市編定：農牧用地
RPUNMLPLOHIFFAX47CA,山水東段,844.00,非都市：一般農業區 ; 非都市編定：農牧用地
RPUNMLPLOHIFFAX47CA,山水東段,102.20,非都市：一般農業區 ; 非都市編定：農牧用地
RPRNMLPJPHIFFAX17DA,內垵三段,441.04,非都市：一般農業區 ; 非都市編定：農牧用地
RPWOMLLJPHIFFAX37DA,馬公段,45.00,都市：商
RPPNMLSLOHIFFAX27CA,鐵線段,167.01,非都市：鄉村區 ; 非都市編定：乙種建築用地
RPVNMLLJPHIFFAX07CA,鎮海段,156.00,非都市：一般農業區 ; 非都市編定：農牧用地
RPWNMLLJPHIFFAX17CA,海堤段,2428.68,非都市：一般農業區 ; 非都市編定：農牧用地
RPQNMLSJPHIFFAX37DA,中衛段,71.80,都市：農
RPXOMLLJPHIFFAX47DA,興仁段,2450.03,非都市：一般農業區 ; 非都市編定：丁種建築用地
RPXNMLLJPHIFFAX27CA,青螺新段,499.63,非都市：一般農業區 ; 非都市編定：農牧用地
RPUNMLOLOHIFFAX37CA,尖山中段,422.94,非都市：一般農業區 ; 非都市編定：農牧用地
RPUNMLOLOHIFFAX37CA,尖山中段,86.09,非都市：一般農業區 ; 非都市編定：農牧用地
RPUNMLOLOHIFFAX37CA,尖山中段,135.18,非都市：一般農業區 ; 非都市編定：農牧用地
RPOOMLLJPHIFFAX09CA,光榮段,.18,都市：其他
RPOOMLLJPHIFFAX09CA,光榮段,6.16,都市：其他
RPOOMLLJPHIFFAX09CA,光榮段,.33,都市：其他
RPOOMLLJPHIFFAX09CA,光榮段,1.45,都市：其他
RPOOMLLJPHIFFAX09CA,光榮段,1.31,都市：其他
RPOOMLLJPHIFFAX09CA,光榮段,7.07,都市：其他
RPOOMLLJPHIFFAX09CA,光榮段,.73,都市：其他
RPOOMLLJPHIFFAX09CA,光榮段,2.29,都市：其他
RPOOMLLJPHIFFAX09CA,光榮段,.52,都市：其他
RPOOMLLJPHIFFAX09CA,光榮段,.07,都市：其他
RPSNMLPKPHIFFAX37DA,文光段,25.52,都市：住
RPSNMLPKPHIFFAX37DA,文光段,3.30,都市：住
RPRNMLTJPHIFFAX57DA,東衛段,515.79,非都市：一般農業區 ; 非都市編定：農牧用地
RPRNMLTJPHIFFAX57DA,東衛段,628.12,非都市：一般農業區 ; 非都市編定：農牧用地
RPSNMLRKPHIFFAX57DA,文光段,27.09,都市：住
RPSNMLRKPHIFFAX57DA,文光段,3.51,都市：住
RPVNMLRLOHIFFAX77CA,潭邊新段,445.47,非都市：一般農業區 ; 非都市編定：農牧用地
RPPNMLMJPHIFFAX66DA,東澳段,111.39,都市：住
RPQNMLSLOHIFFAX47DA,鳥嶼段,210.00,非都市：鄉村區 ; 非都市編定：乙種建築用地
RPPOMLLJPHIFFAX56CA,鎮海段,285.00,非都市：一般農業區 ; 非都市編定：農牧用地
RPROMLLJPHIFFAX76CA,安宅段,879.49,非都市：一般農業區 ; 非都市編定：農牧用地
RPROMLLJPHIFFAX76CA,安宅段,439.75,非都市：一般農業區 ; 非都市編定：農牧用地
RPSOMLLJPHIFFAX86CA,二崁南段,293.77,非都市：一般農業區 ; 非都市編定：農牧用地
RPSOMLLJPHIFFAX86CA,二崁南段,293.77,非都市：一般農業區 ; 非都市編定：農牧用地
RPQNMLMJPHIFFAX76DA,東澳段,100.07,都市：住
RPTOMLLJPHIFFAX96CA,山水北段,511.61,非都市：鄉村區 ; 非都市編定：乙種建築用地
RPPNMLSJPHIFFAX17CA,後寮段,52.75,非都市：一般農業區 ; 非都市編定：農牧用地
RPPNMLSJPHIFFAX17CA,後寮段,43.62,非都市：一般農業區 ; 非都市編定：農牧用地
RPPNMLSJPHIFFAX17CA,後寮段,77.00,非都市：一般農業區 ; 非都市編定：農牧用地
RPPNMLSJPHIFFAX17CA,後寮段,9.50,非都市：一般農業區 ; 非都市編定：農牧用地
RPPNMLSJPHIFFAX17CA,後寮段,8.12,非都市：一般農業區 ; 非都市編定：交通用地
RPPNMLSJPHIFFAX17CA,後寮南段,38.35,非都市：一般農業區 ; 非都市編定：農牧用地
RPPNMLSJPHIFFAX17CA,後寮南段,3.60,非都市：一般農業區 ; 非都市編定：交通用地
RPPNMLSJPHIFFAX17CA,後寮南段,24.38,非都市：一般農業區 ; 非都市編定：農牧用地
RPPPMLLJPHIFFAX66CA,井垵西段,167.41,非都市：一般農業區 ; 非都市編定：農牧用地
RPPPMLLJPHIFFAX66CA,井垵西段,167.41,非都市：一般農業區 ; 非都市編定：農牧用地
RPPPMLLJPHIFFAX66CA,井垵西段,167.41,非都市：一般農業區 ; 非都市編定：農牧用地
RPPPMLLJPHIFFAX66CA,井垵西段,167.41,非都市：一般農業區 ; 非都市編定：農牧用地
RPPPMLLJPHIFFAX66CA,井垵西段,25.51,非都市：一般農業區 ; 非都市編定：農牧用地
RPPPMLLJPHIFFAX66CA,井垵西段,25.51,非都市：一般農業區 ; 非都市編定：農牧用地
RPPPMLLJPHIFFAX66CA,井垵西段,25.51,非都市：一般農業區 ; 非都市編定：農牧用地
RPPPMLLJPHIFFAX66CA,井垵西段,25.51,非都市：一般農業區 ; 非都市編定：農牧用地
RPRPMLLJPHIFFAX86CA,興崁段,942.05,非都市：一般農業區 ; 非都市編定：農牧用地
RPQPMLLJPHIFFAX76CA,鎮海段,461.00,非都市：一般農業區 ; 非都市編定：農牧用地
RPSPMLLJPHIFFAX96CA,北極段,1046.24,都市：農
RPUPMLLJPHIFFAX17CA,國宅段,1930.67,非都市：一般農業區 ; 非都市編定：農牧用地
RPUOMLLJPHIFFAX17DA,林投北段,630.95,非都市：一般農業區 ; 非都市編定：農牧用地
RPVPMLLJPHIFFAX27CA,文東段,1183.29,非都市：一般農業區 ; 非都市編定：農牧用地
RPRNMLNJPHIFFAX86CA,鎖港西段,164.62,都市：住
RPSNMLNJPHIFFAX96CA,小赤段,242.80,非都市：一般農業區 ; 非都市編定：農牧用地
RPTNMLNJPHIFFAX07CA,小赤段,593.81,非都市：一般農業區 ; 非都市編定：農牧用地
RPUNMLNJPHIFFAX27DA,埕東段,1.25,都市：住
RPUNMLNJPHIFFAX27DA,埕東段,30.61,都市：住
RPQNMLOJPHIFFAX86CA,小池角段,492.00,非都市：一般農業區 ; 非都市編定：農牧用地
RPQNMLPJPHIFFAX96CA,裡新段,23.74,非都市：森林區 ; 非都市編定：丙種建築用地
RPQNMLPJPHIFFAX96CA,裡新段,23.74,非都市：森林區 ; 非都市編定：丙種建築用地
RPQNMLPJPHIFFAX96CA,裡新段,73.88,非都市：森林區 ; 非都市編定：丙種建築用地
RPQNMLPJPHIFFAX96CA,裡新段,73.88,非都市：森林區 ; 非都市編定：丙種建築用地
RPRNMLSJPHIFFAX37CA,許家段,339.50,非都市：一般農業區 ; 非都市編定：農牧用地
RPRNMLSJPHIFFAX37CA,許家段,339.50,非都市：一般農業區 ; 非都市編定：農牧用地
RPSNMLPJPHIFFAX17CA,裡新段,45.00,非都市：鄉村區 ; 非都市編定：乙種建築用地
RPSNMLPJPHIFFAX17CA,裡新段,45.00,非都市：鄉村區 ; 非都市編定：乙種建築用地
RPSNMLPJPHIFFAX17CA,裡新段,45.00,非都市：鄉村區 ; 非都市編定：乙種建築用地
RPPNMLPJPHIFFAX86CA,埕西段,60.22,都市：住
RPVNMLQKPHIFFAX77DA,山水南段,764.86,非都市：一般農業區 ; 非都市編定：農牧用地
RPTNMLSKPHIFFAX67CA,埕中段,1.83,都市：住
RPTNMLSKPHIFFAX67CA,埕中段,17.30,都市：住
RPTNMLSKPHIFFAX67CA,埕中段,45.20,都市：住
RPTNMLSKPHIFFAX67CA,埕中段,10.72,都市：住
RPRNMLPLOHIFFAX17CA,興仁段,719.75,非都市：一般農業區 ; 非都市編定：農牧用地
RPPNMLMLPHIFFAX86DA,東衛段,209.70,非都市：一般農業區 ; 非都市編定：農牧用地
RPPNMLPLOHIFFAX96CA,四維段,71.28,非都市：鄉村區 ; 非都市編定：乙種建築用地
RPQNMLPLOHIFFAX17DA,吉貝西段,431.40,非都市：一般農業區 ; 非都市編定：農牧用地
RPSNMLRLOHIFFAX47CA,許家段,1957.10,非都市：一般農業區 ; 非都市編定：農牧用地
RPVNMLPLOHIFFAX57CA,五德東段,368.96,非都市：一般農業區 ; 非都市編定：農牧用地
RPTNMLRLOHIFFAX57CA,許家段,143.29,非都市：一般農業區 ; 非都市編定：交通用地
RPTNMLRLOHIFFAX57CA,許家段,1727.86,非都市：一般農業區 ; 非都市編定：農牧用地
RPSNMLPLOHIFFAX37DA,光榮段,119.97,都市：住
RPRNMLRLOHIFFAX37CA,安宅段,50.53,非都市：一般農業區 ; 非都市編定：交通用地
RPRNMLRLOHIFFAX37CA,安宅段,140.49,非都市：一般農業區 ; 非都市編定：甲種建築用地
RPSNMLTJPHIFFAX67DA,文化段,13.03,都市：其他
RPSNMLTKPHIFFAX67CA,鎖港南段,63.16,非都市：一般農業區 ; 非都市編定：農牧用地
RPSNMLTKPHIFFAX67CA,鎖港南段,400.08,非都市：一般農業區 ; 非都市編定：農牧用地
RPQNMLMLPHIFFAX96DA,安宅段,186.57,非都市：一般農業區 ; 非都市編定：甲種建築用地
RPQNMLMLPHIFFAX96DA,安宅段,51.12,非都市：一般農業區 ; 非都市編定：交通用地
RPUNMLTJPHIFFAX77CA,東石段,1059.00,非都市：風景區 ; 非都市編定：農牧用地
RPVNMLTJPHIFFAX87CA,安宅段,373.10,非都市：一般農業區 ; 非都市編定：農牧用地
RPTNMLTJPHIFFAX67CA,吉貝東段,844.21,非都市：一般農業區 ; 非都市編定：農牧用地
RPQNMLPKPHIFFAX17DA,鎮海段,1036.00,非都市：森林區 ; 非都市編定：養殖用地
RPQNMLTJPHIFFAX47DA,馬公段,44.31,都市：住
RPWNMLTJPHIFFAX97CA,埕東段,.80,都市：其他
RPWNMLTJPHIFFAX97CA,埕東段,17.75,都市：其他
RPVNMLSKPHIFFAX87CA,潭邊新段,590.85,非都市：一般農業區 ; 非都市編定：農牧用地
RPRNMLPKPHIFFAX27DA,二崁南段,12.36,非都市：風景區 ; 非都市編定：交通用地
RPRNMLPKPHIFFAX27DA,二崁南段,335.60,非都市：風景區 ; 非都市編定：農牧用地
RPQNMLQJQHIFFAX27DA,竹篙灣段,184.50,非都市：一般農業區 ; 非都市編定：農牧用地
RPSNMLQKPHIFFAX37CA,後寮段,354.00,非都市：一般農業區 ; 非都市編定：農牧用地
RPSNMLQKPHIFFAX37CA,後寮段,645.00,非都市：一般農業區 ; 非都市編定：農牧用地
RPSNMLQKPHIFFAX37CA,後寮段,1052.00,非都市：一般農業區 ; 非都市編定：農牧用地
RPSNMLQKPHIFFAX37CA,後寮段,179.00,非都市：一般農業區 ; 非都市編定：農牧用地
RPOOMLQKPHIFFAX07CA,山水東段,209.14,非都市：一般農業區 ; 非都市編定：農牧用地
RPPNMLNLPHIFFAX86CA,山水南段,514.10,非都市：一般農業區 ; 非都市編定：農牧用地
RPQNMLNLPHIFFAX96CA,山水南段,514.10,非都市：一般農業區 ; 非都市編定：農牧用地
RPPNMLLKPHIFFAX66DA,鐵線段,621.33,非都市：一般農業區 ; 非都市編定：農牧用地
RPPNMLLKPHIFFAX66DA,鐵線段,70.00,非都市：鄉村區 ; 非都市編定：乙種建築用地
RPPNMLLKPHIFFAX66DA,鐵線段,390.00,非都市：一般農業區 ; 非都市編定：農牧用地
RPWNMLSKPHIFFAX97CA,文東段,565.83,非都市：一般農業區 ; 非都市編定：農牧用地
RPQNMLTKPHIFFAX57DA,馬公段,42.00,都市：商
RPSNMLRJQHIFFAX47CA,文光段,14.75,都市：住
RPPNMLMKPHIFFAX66CA,小池角段,592.00,非都市：一般農業區 ; 非都市編定：農牧用地
RPPNMLMKPHIFFAX66CA,小池角段,820.00,非都市：一般農業區 ; 非都市編定：農牧用地
RPQNMLMKPHIFFAX76CA,文石段,148.50,非都市：一般農業區 ; 非都市編定：甲種建築用地
RPQNMLMKPHIFFAX76CA,文石段,31.07,非都市：一般農業區 ; 非都市編定：交通用地
RPXNMLTKPHIFFAX28DA,文化段,20.19,都市：住
RPXNMLTKPHIFFAX28DA,文化段,10.71,都市：住
RPXNMLSKPHIFFAX08CA,山水東段,1009.45,非都市：一般農業區 ; 非都市編定：農牧用地
RPSNMLSKPHIFFAX57CA,案山段,130.77,都市：住
RPSNMLSKPHIFFAX57CA,案山段,105.32,都市：其他
RPSNMLSKPHIFFAX57CA,案山段,12.40,都市：住
RPSNMLSKPHIFFAX57CA,案山段,14.72,都市：住
RPQNMLRKPHIFFAX27CA,後寮段,606.00,非都市：一般農業區 ; 非都市編定：農牧用地
RPQNMLRKPHIFFAX27CA,後寮段,30.00,非都市：一般農業區 ; 非都市編定：農牧用地
RPQNMLRKPHIFFAX27CA,後寮段,128.00,非都市：一般農業區 ; 非都市編定：農牧用地
RPQNMLRKPHIFFAX27CA,後寮段,238.00,非都市：一般農業區 ; 非都市編定：農牧用地
RPRNMLRKPHIFFAX37CA,文寮段,447.34,非都市：一般農業區 ; 非都市編定：農牧用地
RPPNMLPJQHIFFAX96CA,五福段,19.55,非都市：一般農業區 ; 非都市編定：農牧用地
RPOOMLSKPHIFFAX27CA,光榮段,554.25,都市：住
RPOOMLSKPHIFFAX27CA,光榮段,184.75,都市：住
RPOOMLSKPHIFFAX27CA,光榮段,184.75,都市：住
RPPNMLLKQHIFFAX66CA,四維段,61.53,非都市：一般農業區 ; 非都市編定：農牧用地
RPPNMLLKQHIFFAX66CA,四維段,48.75,非都市：一般農業區 ; 非都市編定：農牧用地
RPPNMLLKQHIFFAX66CA,四維段,113.17,非都市：一般農業區 ; 非都市編定：農牧用地
RPQNMLPLPHIFFAX17CA,山水北段,191.99,非都市：一般農業區 ; 非都市編定：甲種建築用地
RPQNMLPLPHIFFAX17CA,山水北段,93.14,非都市：一般農業區 ; 非都市編定：交通用地
RPPNMLTKPHIFFAX37CA,小池角段,500.00,非都市：一般農業區 ; 非都市編定：農牧用地
RPPOMLSKPHIFFAX37CA,四維段,16.14,非都市：鄉村區 ; 非都市編定：乙種建築用地
RPPOMLSKPHIFFAX37CA,四維段,38.83,非都市：鄉村區 ; 非都市編定：乙種建築用地
RPRNMLSKPHIFFAX47CA,雙湖段,446.47,非都市：一般農業區 ; 非都市編定：農牧用地
RPRNMLSKPHIFFAX47CA,雙湖段,300.32,非都市：一般農業區 ; 非都市編定：農牧用地
RPPNMLSKPHIFFAX37DA,文化段,136.64,都市：其他
RPQNMLSKPHIFFAX47DA,文化段,124.57,都市：其他
RPRNMLTKPHIFFAX67DA,海堤段,65.02,都市：其他
RPUNMLTKPHIFFAX97DA,文化段,136.64,都市：其他
RPVNMLTKPHIFFAX08DA,文化段,.78,都市：其他
RPTNMLTKPHIFFAX87DA,文化段,7.85,都市：其他
RPSNMLMLPHIFFAX17DA,尖山中段,1128.67,非都市：一般農業區 ; 非都市編定：農牧用地
RPSNMLMLPHIFFAX17DA,尖山中段,261.80,非都市：一般農業區 ; 非都市編定：農牧用地
RPRNMLMLPHIFFAX07DA,馬公段,58.00,都市：商
RPRNMLNLPHIFFAX07CA,埕東段,32.03,都市：住
RPOOMLTKPHIFFAX37CA,安宅段,305.61,非都市：一般農業區 ; 非都市編定：農牧用地
RPUNMLNLPHIFFAX37CA,鐵線段,140.04,非都市：鄉村區 ; 非都市編定：乙種建築用地
RPSNMLOLPHIFFAX37DA,埕東段,113.90,都市：住
RPSNMLOLPHIFFAX37DA,埕東段,13.56,都市：住
RPSNMLNLPHIFFAX27DA,上瓦硐段,184.28,非都市：一般農業區 ; 非都市編定：甲種建築用地
RPWNMLTKPHIFFAX18DA,文化段,62.37,都市：其他
RPTNMLLKQHIFFAX07CA,五福段,202.63,非都市：一般農業區 ; 非都市編定：甲種建築用地
RPTNMLLKQHIFFAX07CA,五福段,38.16,非都市：一般農業區 ; 非都市編定：交通用地
RPTNMLLKQHIFFAX07CA,五福段,19.19,非都市：一般農業區 ; 非都市編定：交通用地
RPUNMLLKQHIFFAX17CA,五德東段,1130.56,非都市：風景區 ; 非都市編定：農牧用地
RPUNMLLKQHIFFAX17CA,五德東段,383.29,非都市：風景區 ; 非都市編定：農牧用地
RPUNMLLKQHIFFAX17CA,五德東段,283.02,非都市：風景區 ; 非都市編定：農牧用地
RPQNMLSJQHIFFAX57EA,馬公段,128.00,都市：商
RPUNMLQKPHIFFAX67DA,五福段,762.39,非都市：一般農業區 ; 非都市編定：農牧用地
RPPOMLQKPHIFFAX27DA,鼎灣新段,155.96,非都市：鄉村區 ; 非都市編定：乙種建築用地
RPXNMLQKPHIFFAX87CA,尖山中段,422.94,非都市：一般農業區 ; 非都市編定：農牧用地
RPWNMLQKPHIFFAX87DA,二崁南段,.59,都市：其他
RPWNMLQKPHIFFAX87DA,二崁南段,44.84,都市：其他
RPWNMLQKPHIFFAX87DA,二崁南段,1.35,都市：其他
RPWNMLQKPHIFFAX87DA,二崁南段,97.75,都市：其他
RPUNMLPJQHIFFAX57DA,中屯段,186.50,非都市：一般農業區 ; 非都市編定：農牧用地
RPQOMLQKPHIFFAX37DA,烏崁新段,369.61,非都市：一般農業區 ; 非都市編定：甲種建築用地
RPRNMLOLPHIFFAX27DA,文寮段,694.63,非都市：一般農業區 ; 非都市編定：農牧用地
RPTNMLPKIIIFFAX86DA,四維段,621.66,都市：農
RPTNMLNLPHIFFAX27CA,興崁段,686.06,非都市：一般農業區 ; 非都市編定：農牧用地
RPTNMLNLPHIFFAX27CA,興崁段,563.45,非都市：一般農業區 ; 非都市編定：農牧用地
RPTNMLNLPHIFFAX27CA,興崁段,294.01,非都市：一般農業區 ; 非都市編定：農牧用地
RPTNMLNLPHIFFAX27CA,興崁段,245.59,非都市：一般農業區 ; 非都市編定：農牧用地
RPTNMLNLPHIFFAX27CA,興崁段,605.81,非都市：一般農業區 ; 非都市編定：農牧用地
RPTNMLNLPHIFFAX27CA,興崁段,497.54,非都市：一般農業區 ; 非都市編定：農牧用地
RPTNMLNLPHIFFAX27CA,興崁段,259.62,非都市：一般農業區 ; 非都市編定：農牧用地
RPTNMLNLPHIFFAX27CA,興崁段,216.86,非都市：一般農業區 ; 非都市編定：農牧用地
RPQNMLLKQHIFFAX86DA,東衛段,142.56,非都市：一般農業區 ; 非都市編定：農牧用地
RPWNMLNLPHIFFAX57CA,六合段,289.55,都市：農
RPWNMLNLPHIFFAX57CA,六合段,289.55,都市：農
RPWNMLNLPHIFFAX57CA,六合段,193.04,都市：農
RPWNMLNLPHIFFAX57CA,六合段,386.07,都市：農
RPPNMLOLPHIFFAX07DA,文化段,62.37,都市：其他
RPUNMLOLPHIFFAX57DA,文化段,10.99,都市：其他
RPQNMLOLPHIFFAX07CA,小池角段,615.00,非都市：一般農業區 ; 非都市編定：農牧用地
RPPNMLTLPHIFFAX47CA,沙港北段,123.22,非都市：鄉村區 ; 非都市編定：乙種建築用地
RPPNMLPLPHIFFAX07CA,太武新段,2331.27,非都市：一般農業區 ; 非都市編定：農牧用地
RPRNMLLKQHIFFAX96DA,東衛段,121.63,非都市：一般農業區 ; 非都市編定：農牧用地
RPVNMLOLPHIFFAX67DA,文化段,128.80,都市：其他
RPVNMLLKQHIFFAX27CA,四維段,56.48,都市：農
RPVNMLLKQHIFFAX27CA,四維段,10.95,都市：農
RPVNMLLKQHIFFAX27CA,四維段,22.44,都市：農
RPVNMLLKQHIFFAX27CA,四維段,161.02,都市：農
RPVNMLLKQHIFFAX27CA,六合段,2.64,都市：其他
RPVNMLLKQHIFFAX27CA,六合段,.78,都市：農
RPXNMLLKQHIFFAX47CA,興崁段,2521.94,非都市：一般農業區 ; 非都市編定：農牧用地
RPOOMLLKQHIFFAX66CA,五德西段,297.13,非都市：鄉村區 ; 非都市編定：乙種建築用地
RPWNMLLKQHIFFAX37CA,山水東段,1009.45,非都市：一般農業區 ; 非都市編定：農牧用地
RPRNMLPJQHIFFAX17CA,文光段,28.52,都市：住
RPWNMLTJQHIFFAX18DA,五福段,251.90,非都市：一般農業區 ; 非都市編定：農牧用地
RPQNMLQLPHIFFAX27CA,東石段,997.00,非都市：風景區 ; 非都市編定：農牧用地
RPPNMLTJQHIFFAX37CA,馬公段,35.00,都市：商
RPTNMLQLPHIFFAX57CA,文東段,77.49,非都市：一般農業區 ; 非都市編定：交通用地
RPTNMLQLPHIFFAX57CA,文東段,165.01,非都市：一般農業區 ; 非都市編定：甲種建築用地
RPSNMLQLPHIFFAX47CA,埕東段,69.61,都市：住
RPSNMLQLPHIFFAX47CA,埕東段,2.72,都市：住
RPVNMLQJQHIFFAX67CA,文東段,77.49,非都市：一般農業區 ; 非都市編定：交通用地
RPVNMLQJQHIFFAX67CA,文東段,159.51,非都市：一般農業區 ; 非都市編定：甲種建築用地
RPPOMLLKQHIFFAX76CA,鎖港南段,94.04,都市：住
RPPOMLLKQHIFFAX76CA,鎖港南段,94.04,都市：住
RPPOMLLKQHIFFAX76CA,鎖港南段,63.34,都市：住
RPPOMLLKQHIFFAX76CA,鎖港南段,63.34,都市：住
RPQNMLPJQHIFFAX07CA,興仁段,450.85,非都市：一般農業區 ; 非都市編定：農牧用地
RPTNMLMKQHIFFAX17CA,文光段,27.26,都市：住
RPTNMLMKQHIFFAX17CA,文光段,3.53,都市：住
RPPNMLLMPHIFFAX76CA,四維段,619.79,都市：農
RPPNMLLMPHIFFAX76CA,四維段,619.79,都市：農
RPPNMLLMPHIFFAX76CA,四維段,619.79,都市：農
RPPNMLMLQHIFFAX07EA,山水南段,103.89,非都市：鄉村區 ; 非都市編定：乙種建築用地
RPQNMLKMPHIFFAX86DA,文化段,266.75,都市：其他
RPPNMLKMPHIFFAX76DA,文化段,17.84,都市：其他
RPRNMLMJQHIFFAX96DA,文石段,233.20,都市：農
RPRNMLMJQHIFFAX96DA,文石段,469.57,非都市：一般農業區 ; 非都市編定：農牧用地
RPRNMLKMPHIFFAX96DA,文化段,49.38,都市：其他
RPPNMLMJQHIFFAX66CA,安宅段,184.23,非都市：一般農業區 ; 非都市編定：農牧用地
RPUNMLKMPHIFFAX27DA,中衛段,276.05,都市：農
RPSNMLKMPHIFFAX96CA,五德東段,1242.29,非都市：一般農業區 ; 非都市編定：農牧用地
RPPNMLLJQHIFFAX66DA,埕東段,32.03,都市：住
RPRNMLLJQHIFFAX96EA,馬公段,87.00,都市：商
RPVNMLPJQHIFFAX77EA,葉新段,577.73,非都市：一般農業區 ; 非都市編定：農牧用地
RPVNMLKMPHIFFAX37DA,湖西北段,132.92,非都市：一般農業區 ; 非都市編定：甲種建築用地
RPVNMLKMPHIFFAX37DA,湖西北段,36.28,非都市：一般農業區 ; 非都市編定：交通用地
RPQNMLMJQHIFFAX86DA,安宅段,138.61,非都市：一般農業區 ; 非都市編定：農牧用地
RPPNMLNJQHIFFAX76CA,五福段,1314.64,非都市：一般農業區 ; 非都市編定：農牧用地
RPQNMLNJQHIFFAX86CA,湖東新段,394.63,非都市：一般農業區 ; 非都市編定：農牧用地
RPQNMLNJQHIFFAX86CA,湖東新段,4.86,非都市：一般農業區 ; 非都市編定：交通用地
RPQNMLNJQHIFFAX86CA,湖東新段,995.19,非都市：一般農業區 ; 非都市編定：農牧用地
RPPNMLTKQHIFFAX67EA,馬公段,27.00,都市：住
RPPNMLNKQHIFFAX96DA,通梁南段,53.10,都市：住
RPPNMLNKQHIFFAX96DA,通梁南段,2.34,都市：住
RPPNMLNKQHIFFAX96DA,通梁南段,14.02,都市：住
RPPNMLNKQHIFFAX96DA,通梁南段,252.09,都市：住
RPPNMLNKQHIFFAX96DA,通梁南段,3.74,都市：住
RPPNMLNKQHIFFAX96DA,通梁南段,27.05,都市：住
