﻿編號,屋齡,建物移轉面積平方公尺,主要用途,主要建材,建築完成日期,總層數,建物分層
The serial number,room age,building shifting area square meter,the main use,main building materials,construction completes the date,total layer,building lamination
RPUNMLPJNHLFFHR77CC,41,70.28,住商用,加強磚造,64年8月8日,二層,
RPUNMLOJNHLFFHR67CC,23,65.65,住家用,鋼筋混凝土造,82年8月24日,十六層,
RPUNMLOJNHLFFHR67CC,23,15.78,共有部分,鋼筋混凝土造,82年8月24日,十六層,
RPUNMLOJNHLFFHR67CC,23,1.54,共有部分,鋼筋混凝土造,82年8月24日,見其他登記事項,
RPSNMLPJNHLFFCD28CC,22,57.69,住商用,鋼筋混凝土造,83年10月8日,七層,
RPSNMLPJNHLFFCD28CC,22,15.69,共有部分,鋼筋混凝土造,83年10月8日,七層,
RPSNMLPJNHLFFCD28CC,22,59.96,共有部分,鋼筋混凝土造,83年10月8日,七層,
RPPNMLPJNHLFFCD97CC,49,122.63,住家用,加強磚造,56年7月31日,一層,
RPUNMLNJNHLFFCD28CC,25,74.63,住家用,鋼筋混凝土構造,80年10月4日,六層,
RPUNMLNJNHLFFCD28CC,25,13.58,共有部分,鋼筋混凝土構造,80年10月4日,六層,
RPUNMLNJNHLFFCD28CC,25,11.67,共有部分,鋼筋混凝土構造,80年10月4日,六層,
RPVQMLNJNHLFFAD48CC,40,92.58,住家用,鋼筋混凝土造,65年8月23日,三層,
RPXOMLOJNHLFFAD58CC,46,147.24,住家用,加強磚造,59年3月3日,二層,
RPPNMLSJNHLFFAD08CC,34,295.49,住商用,鋼筋混凝土造,70年12月28日,四層,
RPPPMLNJNHLFFAD87DC,,57.50,見其他登記事項,見其他登記事項,104年11月5日,二十四層,
RPPPMLNJNHLFFAD87DC,,24.11,見其他登記事項,見其他登記事項,104年11月5日,二十四層,
RPSOMLTJNHLFFAD58CC,,95.10,住家用,磚造,,一層,
RPWNMLMJNHLFFHR77DC,3,197.60,住家用,見其他登記事項,102年4月3日,四層,
RPVOMLKKNHLFFAD08CC,25,32.04,商業用,鋼筋混凝土造,80年8月30日,五層,
RPSNMLOJNHLFFBD08CC,21,222.42,住家用,鋼筋混凝土造,83年11月15日,四層,
RPQNMLKKNHLFFAD47CC,3,225.09,見其他登記事項,見其他登記事項,102年7月16日,十四層,
RPWOMLKKNHLFFAD18CC,36,107.98,住家用,鋼筋混凝土造,69年9月30日,四層,
RPQNMLSJNHLFFHR67CC,30,127.95,住家用,加強磚造,75年5月20日,二層,
RPPNMLSJNHLFFHR57CC,30,185.50,住商用,鋼筋混凝土造,74年12月12日,三層,
RPWNMLTJNHLFFCD09CC,35,91.79,住家用,鋼筋混凝土構造,70年8月4日,五層,
RPVNMLTJNHLFFCD98CC,1,254.45,見其他登記事項,見其他登記事項,104年4月20日,一層,
RPUNMLTJNHLFFCD88CC,1,266.76,見其他登記事項,見其他登記事項,104年4月20日,一層,
RPQNMLKKNHLFFCD67CC,31,148.00,住商用,見其他登記事項,74年10月17日,二層,
RPQOMLKKNHLFFCD77CC,53,76.36,住商用,見其他登記事項,52年1月1日,二層,
RPPPMLKKNHLFFAD57CC,13,125.87,見其他登記事項,鋼筋混凝土造,92年9月16日,十四層,
RPUNMLLKNHLFFCD18CC,16,91.20,見其他登記事項,鋼筋混凝土構造,88年11月16日,十二層,
RPUNMLLKNHLFFCD18CC,16,.21,見其他登記事項,鋼筋混凝土構造,88年11月16日,十二層,
RPUNMLLKNHLFFCD18CC,16,22.04,共有部分,鋼筋混凝土構造,88年11月16日,十二層,
RPUNMLLKNHLFFCD18CC,16,19.80,共有部分,鋼筋混凝土構造,88年11月16日,十二層,
RPOPMLKKNHLFFAD47CC,13,125.87,見其他登記事項,鋼筋混凝土造,92年9月16日,十四層,
RPSNMLLKNHLFFCD97CC,23,66.22,住家用,鋼筋混凝土構造,81年12月31日,七層,
RPSNMLLKNHLFFCD97CC,23,9.73,共有部分,鋼筋混凝土構造,81年12月31日,七層,
RPSNMLLKNHLFFCD97CC,23,15.15,共有部分,鋼筋混凝土構造,81年12月31日,七層,
RPTNMLLKNHLFFCD08CC,22,74.35,住家用,鋼筋混凝土構造,83年2月2日,七層,
RPTNMLLKNHLFFCD08CC,22,44.77,共有部分,鋼筋混凝土構造,83年2月2日,七層,
RPOOMLLKNHLFFHR96CC,22,93.36,住家用,鋼筋混凝土造,83年10月6日,十七層,
RPXNMLLKNHLFFCD48CC,30,94.42,住商用,鋼筋混凝土構造,75年9月12日,四層,
RPOOMLLKNHLFFCD67CC,32,96.43,住家用,鋼筋混凝土構造,72年12月16日,五層,
RPOOMLLKNHLFFCD67CC,32,14.80,共有部分,鋼筋混凝土構造,72年12月16日,五層,
RPSNMLLKNHLFFFR07CC,22,138.68,住家用,鋼筋混凝土造,83年4月22日,四層,
RPPNMLMKNHLFFAD57CC,14,67.81,見其他登記事項,鋼筋混凝土造,91年10月7日,四層,
RPUOMLMKNHLFFAD18CC,51,65.77,住家用,加強磚造,54年7月12日,二層,
RPUOMLMKNHLFFAD18CC,51,65.77,住家用,加強磚造,54年7月12日,二層,
RPPNMLLKNHLFFER66CC,18,207.41,住商用,鋼筋混凝土造,87年8月12日,四層,
RPTNMLNKNHLFFCD28CC,33,69.66,見其他登記事項,鋼筋混凝土構造,72年7月5日,五層,
RPTNMLNKNHLFFCD28CC,33,5.79,共有部分,鋼筋混凝土構造,72年7月5日,五層,
RPVNMLNKNHLFFCD48CC,23,114.75,住商用,鋼筋混凝土構造,82年8月12日,三層,
RPWNMLNKNHLFFCD58CC,22,78.53,住商用,鋼筋混凝土構造,83年3月31日,七層,
RPWNMLNKNHLFFCD58CC,22,31.29,共有部分,鋼筋混凝土構造,83年3月31日,七層,
RPTOMLNKNHLFFAD18CC,21,22.47,住家用,鋼筋混凝土造,84年3月7日,十二層,
RPTNMLNKNHLFFAD08CC,69,40.17,住商用,磚造,36年1月1日,二層,
RPOOMLNKNHLFFAD67CC,32,128.72,住家用,鋼筋混凝土造,73年6月26日,五層,
RPOOMLNKNHLFFAD67CC,32,14.32,共有部分,鋼筋混凝土造,73年6月26日,五層,
RPOOMLNKNHLFFAD67CC,32,6.77,共有部分,鋼筋混凝土造,73年6月26日,五層,
RPRNMLNKNHLFFAD87CC,12,95.50,見其他登記事項,鋼筋混凝土造,93年3月29日,十層,
RPRNMLNKNHLFFAD87CC,12,39.42,共有部分,鋼筋混凝土造,93年3月29日,十一層,
RPWNMLNKNHLFFAD38CC,69,40.17,住商用,磚造,36年1月1日,二層,
RPUNMLNKNHLFFAD18CC,69,40.17,住商用,磚造,36年1月1日,二層,
RPXNMLNKNHLFFAD48CC,21,25.29,住家用,鋼筋混凝土造,84年3月7日,十二層,
RPVNMLNKNHLFFAD28CC,9,50.15,見其他登記事項,見其他登記事項,96年8月24日,十四層,
RPVNMLNKNHLFFAD28CC,9,10.58,共有部分,見其他登記事項,96年8月24日,十四層,
RPVNMLNKNHLFFAD28CC,9,6.74,共有部分,見其他登記事項,96年8月24日,十四層,
RPTNMLNKNHLFFHR57CC,33,102.74,住家用,加強磚造,72年5月18日,二層,
RPPNMLOKNHLFFHR27CC,20,69.09,住家用,鋼筋混凝土造,85年5月22日,十六層,
RPPNMLOKNHLFFHR27CC,20,30.88,共有部分,鋼筋混凝土造,85年5月22日,十六層,
RPROMLNKNHLFFHR47CC,22,98.74,住家用,鋼筋混凝土造,83年1月22日,七層,
RPPNMLOKNHLFFCD97CC,23,114.75,住商用,鋼筋混凝土構造,82年8月12日,三層,
RPPNMLPKNHLFFCD08CC,29,157.96,住商用,鋼筋混凝土構造,76年6月15日,四層,
RPOOMLQKNHLFFCD18CC,21,93.32,住家用,鋼筋混凝土構造,83年12月14日,七層,
RPVNMLQKNHLFFCD78CC,9,85.26,住家用,鋼筋混凝土構造,96年9月6日,十四層,
RPVNMLQKNHLFFCD78CC,9,46.69,共有部分,鋼筋混凝土構造,96年9月6日,十四層,
RPVNMLQKNHLFFCD78CC,9,17.98,共有部分,鋼筋混凝土構造,96年9月6日,十四層,
RPVNMLQKNHLFFCD78CC,9,.03,見其他登記事項,鋼筋混凝土構造,96年9月6日,十四層,
RPRPMLQKNHLFFHR87CC,19,101.95,住家用,鋼筋混凝土造,86年5月29日,二十層,
RPUNMLRKNHLFFHR08CC,43,10.00,見其他登記事項,磚造,61年8月1日,一層,
RPUNMLRKNHLFFHR08CC,43,20.00,商業用,磚造,61年8月1日,一層,
RPUNMLRKNHLFFHR08CC,43,702.00,工業用,見其他登記事項,61年8月1日,一層,
RPUNMLRKNHLFFHR08CC,43,112.00,住家用,見其他登記事項,61年8月1日,一層,
RPSOMLSKNHLFFCD78CC,21,24.42,住家用,鋼筋混凝土造,84年3月31日,五層,
RPSOMLSKNHLFFCD78CC,21,25.63,共有部分,鋼筋混凝土造,84年3月31日,五層,
RPSOMLSKNHLFFCD78CC,21,6.89,共有部分,鋼筋混凝土造,84年3月31日,五層,
RPUOMLQKNHLFFER77CC,21,73.01,住家用,鋼筋混凝土造,84年10月17日,八層,
RPSOMLSKNHLFFHR08CC,14,237.34,住家用,鋼筋混凝土造,90年11月26日,四層,
RPWNMLQKNHLFFAD68CC,37,123.16,住商用,鋼筋混凝土造,68年10月13日,四層,
RPSNMLQKNHLFFAD28CC,17,24.21,見其他登記事項,鋼筋混凝土造,88年8月16日,十四層,
RPSNMLQKNHLFFAD28CC,17,76.46,見其他登記事項,鋼筋混凝土造,88年8月16日,十四層,
RPXOMLSKNHLFFAD09CC,21,61.27,住家用,鋼筋混凝土造,84年7月29日,十七層,
RPXOMLSKNHLFFAD09CC,21,16.32,共有部分,鋼筋混凝土造,84年7月29日,十七層,
RPTNMLTKNHLFFFR97CC,21,56.56,住家用,鋼筋混凝土造,84年3月31日,十一層,
RPTNMLTKNHLFFFR97CC,21,15.62,住家用,鋼筋混凝土造,84年3月31日,十一層,
RPTNMLTKNHLFFFR97CC,21,7.95,共有部分,鋼筋混凝土造,84年3月31日,十一層,
RPQOMLTKNHLFFCD68CC,34,70.63,住家用,鋼筋混凝土造,70年12月24日,七層,
RPQOMLTKNHLFFCD68CC,34,14.86,共有部分,鋼筋混凝土造,70年12月24日,七層,
RPSOMLTKNHLFFCD88CC,39,101.94,住商用,鋼筋混凝土造,65年12月27日,六層,
RPRNMLRKNHLFFAD28CC,19,80.36,住家用,鋼筋混凝土造,85年12月2日,十九層,
RPPNMLOKNHLFFAD77CC,23,330.09,住商用,鋼筋混凝土造,82年6月23日,五層,
RPPNMLOKNHLFFAD77CC,23,34.99,住商用,鋼筋混凝土造,82年6月23日,五層,
RPPNMLTKNHLFFAR07CC,45,75.61,住商用,鋼筋混凝土造,60年5月14日,二層,
RPOOMLTKNHLFFAD28CC,34,139.34,住家用,鋼筋混凝土造,71年8月31日,十一層,
RPOOMLTKNHLFFAD28CC,34,25.27,共有部分,鋼筋混凝土造,71年8月31日,十一層,
RPOOMLTKNHLFFAD28CC,34,23.04,共有部分,鋼筋混凝土造,71年8月31日,十一層,
RPOOMLTKNHLFFAD28CC,34,11.24,共有部分,鋼筋混凝土造,71年8月31日,十一層,
RPVOMLKLNHLFFCD38CC,42,187.99,住商用,加強磚造,63年9月16日,二層,
RPPPMLKLNHLFFCD87CC,20,120.26,住商用,鋼筋混凝土造,85年4月9日,九層,
RPQOMLKLNHLFFAD77DC,17,106.08,見其他登記事項,鋼筋混凝土造,88年3月31日,八層,
RPROMLKLNHLFFCD08DC,27,220.82,住家用,鋼筋混凝土造,77年12月19日,四層,
RPPNMLMLNHLFFCD87CC,16,112.84,住家用,鋼筋混凝土造,89年3月6日,七層,
RPVNMLLLNHLFFAD18CC,21,330.46,住商用,見其他登記事項,84年7月8日,二層,
RPVOMLLLNHLFFCD48CC,36,196.95,住商用,鋼筋混凝土造,69年3月14日,三層,
RPPNMLMLNHLFFFR96CC,47,139.48,住商用,鋼筋混凝土造,58年5月1日,三層,
RPXOMLNLNHLFFAD68CC,17,80.64,住家用,鋼筋混凝土造,87年12月3日,十四層,
RPVOMLNLNHLFFCD68CC,19,181.47,住家用,鋼筋混凝土造,86年7月1日,九層,
RPUOMLNLNHLFFCD58CC,25,48.77,住商用,鋼筋混凝土造,79年12月26日,六層,
RPUOMLNLNHLFFCD58CC,25,15.57,共有部分,鋼筋混凝土造,79年12月26日,六層,
RPTNMLOLNHLFFHR77CC,17,65.60,住家用,鋼筋混凝土造,88年3月17日,十一層,
RPQNMLNLNHLFFBD97CC,26,299.58,住商用,鋼筋混凝土造,79年9月27日,五層,
RPTNMLTKNHLFFHR18CC,34,230.40,住商用,加強磚造,71年10月7日,二層,
RPOOMLTKNHLFFHR77CC,35,205.04,見其他登記事項,加強磚造,69年12月19日,二層,
RPOOMLTKNHLFFHR77CC,35,249.69,見其他登記事項,加強磚造,69年12月19日,一層,
RPPOMLTKNHLFFHR87CC,10,126.56,住家用,鋼筋混凝土造,95年1月26日,六層,
RPUNMLPLNHLFFCD68CC,4,209.30,住商用,鋼筋混凝土造,101年3月12日,四層,
RPSNMLPLNHLFFAD28CC,21,146.15,住商用,鋼筋混凝土造,84年7月11日,七層,
RPQNMLPLNHLFFBD18CC,25,72.17,住商用,鋼筋混凝土造,80年11月6日,四層,
RPPOMLQLNHLFFCD38CC,9,109.36,見其他登記事項,鋼筋混凝土造,96年2月9日,五層,
RPPOMLQLNHLFFCD38CC,9,50.08,共有部分,鋼筋混凝土造,96年2月9日,五層,
RPPOMLQLNHLFFCD38CC,9,258.21,住家用,鋼筋混凝土造,96年2月9日,五層,
RPPOMLQLNHLFFCD38CC,9,110.18,共有部分,鋼筋混凝土造,96年2月9日,五層,
RPOOMLQLNHLFFAD08CC,,50.00,住家用,磚造,,一層,
RPXNMLQLNHLFFAD88CC,36,197.47,住家用,鋼筋混凝土造,69年9月19日,四層,
RPPNMLTLNHLFFCD58CC,20,78.09,住家用,鋼筋混凝土造,85年2月3日,十六層,
RPVNMLRLNHLFFHR28CC,42,54.12,住家用,加強磚造,63年7月4日,二層,
RPOOMLRKNHLFFDR27DC,36,242.55,住商用,鋼筋混凝土造,69年7月4日,四層,
RPQOMLRLNHLFFER57CC,1,46.00,住家用,鋼筋混凝土造,104年10月15日,四層,
RPWNMLKMNHLFFHR77CC,32,132.23,見其他登記事項,鋼筋混凝土造,73年10月19日,四層,
RPOPMLKMNHLFFAD67CC,27,51.20,住家用,鋼筋混凝土造,78年8月3日,十層,
RPOPMLKMNHLFFAD67CC,27,7.72,共有部分,鋼筋混凝土造,78年8月3日,十層,
RPOPMLKMNHLFFAD67CC,27,1.08,共有部分,鋼筋混凝土造,78年8月3日,十層,
RPQNMLTLNHLFFAD48CC,,165.87,住家用,磚造,,三層,
RPPNMLTLNHLFFAD38CC,9,20.86,見其他登記事項,見其他登記事項,96年8月24日,十四層,
RPRNMLTLNHLFFAD58CC,9,29.35,見其他登記事項,見其他登記事項,96年8月24日,十四層,
RPUNMLRLNHLFFCD88CC,29,117.10,住商用,鋼筋混凝土造,76年7月13日,二層,
RPOOMLKMNHLFFCD77CC,23,107.84,住家用,鋼筋混凝土造,81年12月22日,七層,
RPSOMLKMNHLFFCD18CC,34,58.09,住家用,鋼筋混凝土造,70年12月3日,五層,
RPSOMLKMNHLFFCD18CC,34,8.42,共有部分,鋼筋混凝土造,70年12月3日,五層,
RPQOMLLMNHLFFHR37CC,15,66.72,住家用,鋼筋混凝土造,90年1月10日,十一層,
RPTNMLRLNHLFFCD78CC,21,92.18,住家用,鋼筋混凝土造,84年3月22日,十二層,
RPTNMLRLNHLFFCD78CC,21,25.94,共有部分,鋼筋混凝土造,84年3月22日,十二層,
RPTNMLRLNHLFFCD78CC,21,22.51,共有部分,鋼筋混凝土造,84年3月22日,十二層,
RPWNMLLMNHLFFCD58CC,,140.99,見其他登記事項,鋼筋混凝土造,105年3月14日,十四層,
RPORMLLMNHLFFAD97CC,25,353.22,住家用,鋼筋混凝土造,80年6月4日,十二層,
RPXOMLLJOHLFFCD58CC,26,174.89,商業用,鋼筋混凝土造,79年9月17日,二十二層,
RPSOMLMJOHLFFCD18CC,18,97.50,商業用,鋼筋混凝土造,87年2月20日,十層,
RPVOMLKMNHLFFER47CC,3,172.67,見其他登記事項,鋼筋混凝土造,101年12月12日,四層,
RPQNMLMJOHLFFHR17CC,21,77.72,住商用,鋼筋混凝土造,84年5月23日,十六層,
RPQNMLMJOHLFFHR17CC,21,6.18,共有部分,鋼筋混凝土造,84年5月23日,十六層,
RPQNMLNJOHLFFFR07CC,17,1070.67,住工用,鋼造,87年12月18日,三層,
RPROMLOJOHLFFAD08CC,35,158.85,住商用,鋼筋混凝土造,70年5月21日,四層,
RPPOMLNJOHLFFAD77CC,8,267.27,住家用,鋼筋混凝土造,97年11月6日,五層,
RPOPMLOJOHLFFAD87CC,18,222.71,見其他登記事項,鋼筋混凝土造,87年4月7日,四層,
RPTOMLOJOHLFFCD48CC,35,82.53,住家用,加強磚造,70年1月29日,二層,
RPRPMLOJOHLFFCD38CC,41,46.83,住商用,加強磚造,63年11月22日,二層,
RPQOMLOJOHLFFCD18CC,30,97.94,住家用,鋼筋混凝土造,75年11月6日,五層,
RPQOMLOJOHLFFCD18CC,30,37.66,共有部分,鋼筋混凝土造,75年11月6日,五層,
RPQOMLOJOHLFFCD18CC,30,80.95,住家用,鋼筋混凝土造,75年11月6日,五層,
RPPNMLQJOHLFFAD97CC,21,94.17,商業用,見其他登記事項,84年4月28日,一層,
RPPNMLOJOHLFFHR27CC,34,89.52,住家用,鋼筋混凝土造,71年2月22日,五層,
RPPNMLOJOHLFFHR27CC,34,3.24,共有部分,鋼筋混凝土造,71年2月22日,五層,
RPPNMLOJOHLFFHR27CC,34,2.17,共有部分,鋼筋混凝土造,71年2月22日,五層,
RPPNMLOJOHLFFHR27CC,34,1.80,共有部分,鋼筋混凝土造,71年2月22日,五層,
RPPNMLOJOHLFFHR27CC,34,2.95,共有部分,鋼筋混凝土造,71年2月22日,五層,
RPPNMLOJOHLFFHR27CC,34,.75,共有部分,鋼筋混凝土造,71年2月22日,五層,
RPPNMLOJOHLFFHR27CC,34,5.64,共有部分,鋼筋混凝土造,71年2月22日,五層,
RPOOMLMJOHLFFBD67CC,9,453.42,見其他登記事項,鋼筋混凝土造,96年10月3日,四層,
RPPPMLRJOHLFFHR77CC,36,255.71,住商用,加強磚造,69年6月6日,四層,
RPTNMLRJOHLFFHR97CC,21,86.74,見其他登記事項,鋼筋混凝土造,84年3月31日,十五層,
RPRNMLRJOHLFFHR77CC,23,191.01,見其他登記事項,鋼筋混凝土造,82年6月14日,十二層,
RPWPMLRJOHLFFHR48CC,34,11.94,住家用,加強磚造,70年12月31日,二層,
RPRNMLSJOHLFFBD48CC,1,183.92,見其他登記事項,見其他登記事項,104年7月16日,一層,
RPPNMLTJOHLFFHR77CC,24,37.80,住商用,鋼筋混凝土造,81年5月12日,四層,
RPROMLOJOHLFFBD18CC,5,216.31,住家用,鋼筋混凝土造,100年11月14日,四層,
RPROMLOJOHLFFBD18CC,5,1.28,見其他登記事項,鋼筋混凝土造,100年11月14日,三層,
RPQNMLKKOHLFFHR07CC,17,106.47,住家用,鋼筋混凝土造,88年8月24日,十四層,
RPTNMLKKOHLFFFR17CC,9,202.97,住商用,鋼筋混凝土造,96年2月15日,四層,
RPVNMLRJOHLFFDR87DC,40,422.55,住商用,加強磚造,65年6月18日,三層,
RPSNMLKKOHLFFCD97CC,20,58.08,見其他登記事項,鋼筋混凝土造,85年10月5日,十六層,
RPSNMLKKOHLFFCD97CC,20,4.09,共有部分,鋼筋混凝土造,85年10月5日,十六層,
RPSNMLKKOHLFFCD97CC,20,4.41,共有部分,鋼筋混凝土造,85年10月5日,十六層,
RPSNMLKKOHLFFCD97CC,20,13.21,共有部分,鋼筋混凝土造,85年10月5日,十六層,
RPSNMLKKOHLFFCD97CC,20,2.77,共有部分,鋼筋混凝土造,85年10月5日,十六層,
RPSNMLKKOHLFFHR27CC,20,57.48,住家用,鋼筋混凝土造,85年1月29日,十六層,
RPSNMLKKOHLFFHR27CC,20,6.81,共有部分,鋼筋混凝土造,85年1月29日,十七層,
RPSNMLKKOHLFFHR27CC,20,3.30,共有部分,鋼筋混凝土造,85年1月29日,十六層,
RPPNMLLKOHLFFCD77CC,8,29.06,住家用,鋼筋混凝土造,97年2月29日,十四層,
RPPNMLLKOHLFFCD77CC,8,35.06,共有部分,鋼筋混凝土造,97年2月29日,十四層,
RPPNMLLKOHLFFCD77CC,8,8.58,共有部分,鋼筋混凝土造,97年2月29日,十四層,
RPQNMLLKOHLFFCD87CC,48,81.30,住家用,見其他登記事項,57年2月15日,四層,
RPRNMLLKOHLFFCD97CC,35,1023.17,見其他登記事項,加強磚造,70年11月9日,二層,
RPPNMLLKOHLFFAD57CC,38,39.86,住家用,鋼筋混凝土造,66年12月2日,七層,
RPPNMLLKOHLFFAD57CC,38,7.02,共有部分,鋼筋混凝土造,66年12月2日,七層,
RPQNMLLKOHLFFAD67CC,1,55.09,見其他登記事項,見其他登記事項,104年11月5日,二十四層,
RPQNMLLKOHLFFAD67CC,1,23.51,見其他登記事項,見其他登記事項,104年11月5日,二十四層,
RPRNMLLKOHLFFAD77CC,25,150.94,商業用,鋼筋混凝土造,80年11月5日,一層,
RPPNMLLKOHLFFHR07CC,22,90.16,住家用,鋼筋混凝土造,83年5月4日,十六層,
RPPNMLLKOHLFFHR07CC,22,20.51,共有部分,鋼筋混凝土造,83年5月4日,十六層,
RPPNMLLKOHLFFHR07CC,22,15.44,共有部分,鋼筋混凝土造,83年5月4日,十六層,
RPSNMLLKOHLFFAD87CC,,50.05,住家用,磚造,,一層,
RPROMLNKOHLFFAD08CC,20,119.86,住家用,鋼筋混凝土造,85年9月7日,十七層,
RPUNMLNKOHLFFCD48CC,9,253.67,見其他登記事項,鋼筋混凝土構造,96年6月26日,五層,
RPXNMLNKOHLFFCD78CC,34,69.61,住家用,鋼筋混凝土構造,71年7月16日,五層,
RPXNMLNKOHLFFCD78CC,34,20.13,共有部分,鋼筋混凝土構造,71年7月16日,五層,
RPUNMLOKOHLFFCD58CC,25,219.35,商業用,鋼筋混凝土構造,80年7月18日,十二層,
RPUNMLOKOHLFFFR67CC,2,129.03,住商用,鋼筋混凝土造,103年6月9日,二層,
RPRNMLPKOHLFFHR67CC,17,94.10,住家用,鋼筋混凝土造,88年8月24日,十四層,
RPRNMLPKOHLFFHR67CC,17,2.34,共有部分,鋼筋混凝土造,88年8月24日,十四層,
RPRNMLPKOHLFFHR67CC,17,17.46,共有部分,鋼筋混凝土造,88年8月24日,十四層,
RPRNMLPKOHLFFHR67CC,17,18.51,共有部分,鋼筋混凝土造,88年8月24日,十四層,
RPRNMLQKOHLFFER47CC,10,199.63,見其他登記事項,鋼筋混凝土造,95年3月17日,四層,
RPRNMLRKOHLFFHR87CC,7,113.81,見其他登記事項,鋼筋混凝土造,98年11月6日,二層,
RPXNMLRKOHLFFCD56CC,17,79.35,見其他登記事項,鋼筋混凝土構造,88年3月12日,十層,
RPPNMLTKOHLFFCD58CC,32,88.36,住家用,鋼筋混凝土構造,73年1月9日,五層,
RPSNMLLLOHLFFBD08CC,35,92.30,見其他登記事項,鋼筋混凝土造,70年9月7日,四層,
RPSNMLLLOHLFFBD08CC,35,3.60,共有部分,鋼筋混凝土造,70年9月7日,四層,
RPSNMLLLOHLFFBD08CC,35,7.82,共有部分,鋼筋混凝土造,70年9月7日,四層,
RPPNMLMKOHLFFBD77CC,2,158.21,見其他登記事項,鋼筋混凝土造,103年11月5日,七層,
RPOOMLLLOHLFFBD77CC,23,1535.04,見其他登記事項,見其他登記事項,82年1月20日,一層,
RPVNMLPKOHLFFAD58CC,31,98.38,住家用,鋼筋混凝土造,74年11月27日,七層,
RPVNMLPKOHLFFAD58CC,31,24.40,共有部分,鋼筋混凝土造,74年11月27日,七層,
RPWNMLKLOHLFFAD28CC,10,65.66,見其他登記事項,見其他登記事項,95年10月1日,十四層,
RPWNMLKLOHLFFAD28CC,10,12.43,共有部分,見其他登記事項,95年10月1日,十四層,
RPWNMLKLOHLFFAD28CC,10,15.91,共有部分,見其他登記事項,95年10月1日,十四層,
RPVNMLKLOHLFFAD28DC,1,125.04,見其他登記事項,見其他登記事項,104年11月5日,二十四層,
RPRNMLLLOHLFFAD87CC,13,165.91,見其他登記事項,鋼筋混凝土造,92年9月16日,十三層,
RPSNMLLLOHLFFAD97CC,14,120.56,見其他登記事項,鋼筋混凝土造,91年11月15日,十一層,
RPSNMLLLOHLFFAD97CC,14,40.43,共有部分,鋼筋混凝土造,91年11月15日,十一層,
RPWNMLLLOHLFFCD58CC,20,116.23,住商用,鋼筋混凝土構造,85年2月3日,十六層,
RPTNMLLLOHLFFCD28CC,47,71.00,住家用,加強磚造,57年12月5日,二層,
RPOOMLLLOHLFFAD67CC,28,86.78,住家用,加強磚造,77年5月4日,一層,
RPQOMLLLOHLFFCD08CC,22,188.88,住家用,鋼筋混凝土構造,83年6月25日,九層,
RPROMLLLOHLFFCD18CC,31,94.08,住商用,鋼筋混凝土構造,74年2月4日,五層,
RPVNMLMLOHLFFAD38CC,8,85.03,見其他登記事項,鋼筋混凝土造,96年12月27日,十九層,
RPUNMLNLOHLFFHR87CC,41,126.68,住商用,加強磚造,64年5月31日,三層,
RPVNMLNLOHLFFAR27CC,21,112.59,住家用,鋼筋混凝土造,84年10月26日,七層,
RPXNMLNLOHLFFAD68CC,30,204.13,住家用,鋼筋混凝土造,75年3月27日,三層,
RPOPMLOLOHLFFAD08CC,21,93.28,住家用,鋼筋混凝土造,84年5月30日,二十四層,
RPOPMLOLOHLFFAD08CC,21,23.84,共有部分,鋼筋混凝土造,84年5月30日,二十四層,
RPOOMLNLOHLFFAD87CC,3,37.79,見其他登記事項,見其他登記事項,102年11月25日,十四層,
RPOOMLNLOHLFFAD87CC,3,11.19,見其他登記事項,見其他登記事項,102年11月25日,十四層,
RPOOMLNLOHLFFAD87CC,3,8.79,見其他登記事項,見其他登記事項,102年11月25日,十四層,
RPSNMLMLOHLFFER27CC,39,108.16,住商用,加強磚造,66年2月10日,二層,
RPTNMLMLOHLFFER37CC,42,158.20,住商用,加強磚造,63年2月28日,三層,
RPQNMLLLOHLFFER96CC,19,56.04,住商用,鋼筋混凝土造,86年9月11日,四層,
RPWNMLNLOHLFFDR77DC,3,49.22,住商用,鋼筋混凝土造,102年7月22日,四層,
RPTNMLLLOHLFFER27CC,39,294.65,住商用,加強磚造,66年8月1日,三層,
RPQNMLRLOHLFFAR17CC,21,104.83,住家用,鋼筋混凝土造,84年1月19日,七層,
RPTNMLOLOHLFFBD48CC,8,226.50,見其他登記事項,鋼筋混凝土造,97年11月28日,四層,
RPTNMLOLOHLFFBD48CC,8,.24,共有部分,鋼筋混凝土造,97年11月28日,一層,
RPVNMLRLOHLFFAR67CC,36,124.65,住商用,加強磚造,69年10月22日,二層,
RPPNMLRLOHLFFER47CC,23,189.44,見其他登記事項,鋼筋混凝土造,82年7月8日,四層,
RPSNMLSLOHLFFHR18CC,21,102.44,住家用,鋼筋混凝土造,84年1月9日,八層,
RPSNMLSLOHLFFHR18CC,21,26.91,共有部分,鋼筋混凝土造,84年1月9日,八層,
RPSNMLSLOHLFFHR18CC,21,15.18,共有部分,鋼筋混凝土造,84年1月9日,八層,
RPROMLSLOHLFFCD88CC,8,34.38,住家用,鋼筋混凝土構造,97年2月29日,十四層,
RPQOMLSLOHLFFAD58CC,35,84.40,住家用,鋼筋混凝土造,70年9月23日,八層,
RPQOMLSLOHLFFAD58CC,35,24.26,共有部分,鋼筋混凝土造,70年9月23日,八層,
RPSOMLSLOHLFFCD98CC,8,21.81,住家用,鋼筋混凝土構造,97年2月29日,十四層,
RPSOMLSLOHLFFCD98CC,8,5.39,共有部分,鋼筋混凝土構造,97年2月29日,十四層,
RPSOMLSLOHLFFCD98CC,8,7.13,共有部分,鋼筋混凝土構造,97年2月29日,十四層,
RPVNMLTLOHLFFCD66CC,41,88.18,住家用,加強磚造,64年8月1日,二層,
RPQNMLTLOHLFFAD58CC,20,26.04,住家用,鋼筋混凝土造,85年12月2日,十九層,
RPQNMLTLOHLFFAD58CC,20,2.21,共有部分,鋼筋混凝土造,85年12月2日,十九層,
RPQNMLTLOHLFFAD58CC,20,5.19,共有部分,鋼筋混凝土造,85年12月2日,十九層,
RPVNMLTLOHLFFBD56CC,23,117.09,住家用,加強磚造,82年7月13日,二層,
RPOOMLOLOHLFFHR47CC,33,81.77,住家用,鋼筋混凝土造,71年12月31日,五層,
RPOOMLOLOHLFFHR47CC,33,7.13,共有部分,鋼筋混凝土造,71年12月31日,五層,
RPOOMLOLOHLFFHR47CC,33,7.67,共有部分,鋼筋混凝土造,71年12月31日,五層,
RPVNMLTLOHLFFAD09CC,12,65.94,見其他登記事項,鋼筋混凝土造,93年12月3日,八層,
RPQNMLTLOHLFFHR08CC,1,158.22,見其他登記事項,見其他登記事項,104年8月10日,十層,
RPQNMLTLOHLFFHR08CC,1,8.52,見其他登記事項,見其他登記事項,104年8月10日,十層,
RPVNMLOLOHLFFHR08CC,22,81.02,住家用,鋼筋混凝土造,83年7月11日,十九層,
RPVNMLOLOHLFFHR08CC,22,4.98,共有部分,鋼筋混凝土造,83年7月11日,十九層,
RPVNMLOLOHLFFHR08CC,22,.14,共有部分,鋼筋混凝土造,83年7月11日,十九層,
RPVNMLOLOHLFFHR08CC,22,10.04,共有部分,鋼筋混凝土造,83年7月11日,十九層,
RPUNMLOLOHLFFHR97CC,22,86.45,住家用,鋼筋混凝土造,82年12月30日,九層,
RPUNMLOLOHLFFHR97CC,22,39.94,共有部分,鋼筋混凝土造,82年12月30日,九層,
RPWNMLTLOHLFFAD56CC,20,143.17,見其他登記事項,鋼筋混凝土造,85年10月11日,十二層,
RPWNMLTLOHLFFAD56CC,20,43.52,共有部分,鋼筋混凝土造,85年10月11日,十二層,
RPWNMLTLOHLFFAD56CC,20,44.72,共有部分,鋼筋混凝土造,85年10月11日,十二層,
RPRNMLKMOHLFFHR37CC,34,52.43,住家用,鋼筋混凝土造,71年8月10日,五層,
RPRNMLKMOHLFFHR37CC,34,10.18,共有部分,鋼筋混凝土造,71年8月10日,五層,
RPTNMLKMOHLFFHR57CC,27,222.73,住商用,鋼筋混凝土造,78年7月13日,八層,
RPTNMLKMOHLFFHR57CC,27,222.73,住商用,鋼筋混凝土造,78年7月13日,八層,
RPUOMLKMOHLFFCD58DC,31,36.15,住家用,鋼筋混凝土造,74年7月24日,五層,
RPQNMLLJPHLFFHR17CC,9,39.81,住商用,鋼筋混凝土造,96年7月31日,四層,
RPUNMLNJPHLFFCD48CC,33,76.26,見其他登記事項,鋼筋混凝土造,72年7月18日,五層,
RPTPMLLJPHLFFAD18CC,9,21.16,見其他登記事項,見其他登記事項,96年8月24日,十四層,
RPUNMLOJPHLFFAD38CC,30,38.30,住商用,鋼筋混凝土造,75年10月23日,三層,
RPQOMLPJPHLFFCD38CC,41,26.08,住商用,加強磚造,64年4月2日,二層,
RPSOMLPJPHLFFCD58CC,31,119.22,住家用,鋼筋混凝土構造,74年8月28日,二層,
RPOOMLPJPHLFFCD18CC,21,133.05,住家用,鋼筋混凝土構造,84年11月6日,二十層,
RPSNMLQJPHLFFAD38CC,13,168.82,見其他登記事項,鋼筋混凝土造,92年9月16日,十四層,
RPPNMLTJPHLFFCD58CC,1,175.73,見其他登記事項,鋼筋混凝土造,104年10月6日,四層,
RPRNMLTJPHLFFCD78CC,37,68.39,住家用,鋼筋混凝土造,68年12月14日,五層,
RPQNMLTJPHLFFBD58CC,21,146.22,見其他登記事項,鋼筋混凝土造,84年3月9日,四層,
RPTNMLLKPHLFFER27CC,19,112.99,住家用,鋼筋混凝土造,86年8月25日,八層,
RPPNMLMKPHLFFCD97CC,32,105.48,住家用,鋼筋混凝土構造,73年11月26日,四層,
RPXPMLRJPHLFFAD56CC,22,25.36,住家用,鋼筋混凝土造,83年3月1日,六層,
RPXPMLRJPHLFFAD56CC,22,8.44,共有部分,鋼筋混凝土造,83年3月1日,六層,
RPXPMLRJPHLFFAD56CC,22,1.90,共有部分,鋼筋混凝土造,83年3月1日,六層,
RPQOMLLKPHLFFAD87CC,13,159.05,見其他登記事項,鋼筋混凝土造,92年9月16日,十三層,
RPSNMLNKPHLFFHR67CC,18,65.56,住家用,鋼筋混凝土造,87年10月26日,十一層,
RPUNMLOKPHLFFAD48CC,25,120.34,住家用,鋼筋混凝土造,80年6月4日,十二層,
RPROMLPKPHLFFAD38CC,18,88.37,住家用,鋼筋混凝土造,87年12月3日,十四層,
RPROMLPKPHLFFAD38CC,18,44.98,共有部分,鋼筋混凝土造,87年12月3日,十四層,
RPQOMLNKPHLFFAD08CC,19,96.60,見其他登記事項,鋼筋混凝土造,86年8月2日,八層,
RPQOMLNKPHLFFAD08CC,19,12.78,共有部分,鋼筋混凝土造,86年8月2日,八層,
RPQOMLNKPHLFFAD08CC,19,32.62,共有部分,鋼筋混凝土造,86年8月2日,十一層,
RPPNMLNKPHLFFAD87CC,3,212.39,見其他登記事項,見其他登記事項,102年12月25日,十四層,
RPUOMLPKPHLFFAD68CC,23,103.28,商業用,鋼筋混凝土造,81年12月29日,八層,
RPUOMLPKPHLFFAD68CC,23,33.36,共有部分,鋼筋混凝土造,81年12月29日,八層,
RPPOMLPKPHLFFCD38CC,21,175.58,住商用,鋼筋混凝土構造,84年3月25日,十四層,
RPPOMLPKPHLFFCD38CC,21,59.66,共有部分,鋼筋混凝土構造,84年3月25日,十四層,
RPVOMLPKPHLFFAD78CC,23,60.19,住家用,鋼筋混凝土造,82年11月2日,十三層,
RPVOMLPKPHLFFAD78CC,23,13.62,共有部分,鋼筋混凝土造,82年11月2日,十三層,
RPVOMLPKPHLFFAD78CC,23,1.00,共有部分,鋼筋混凝土造,82年11月2日,十三層,
RPROMLQJPHLFFBD48CC,34,139.96,住商用,加強磚造,71年7月1日,二層,
RPVNMLQJPHLFFBD78CC,23,177.60,住商用,鋼筋混凝土造,82年9月25日,三層,
RPQOMLPKPHLFFCD48CC,41,184.49,住商用,加強磚造,64年5月21日,三層,
RPRNMLPKPHLFFHR77CC,1,28.29,住家用,見其他登記事項,104年7月20日,四層,
RPVNMLPKPHLFFHR18CC,22,82.40,住家用,鋼筋混凝土造,83年9月22日,十四層,
RPVNMLPKPHLFFHR18CC,22,15.88,見其他登記事項,鋼筋混凝土造,83年9月22日,十四層,
RPVNMLPKPHLFFHR18CC,22,14.31,共有部分,鋼筋混凝土造,83年9月22日,十四層,
RPUOMLPKPHLFFHR18CC,30,42.75,住家用,加強磚造,75年7月10日,二層,
RPXNMLPKPHLFFHR38CC,17,85.33,住家用,鋼筋混凝土造,88年8月24日,十四層,
RPXNMLPKPHLFFHR38CC,17,2.20,共有部分,鋼筋混凝土造,88年8月24日,十四層,
RPXNMLPKPHLFFHR38CC,17,4.15,共有部分,鋼筋混凝土造,88年8月24日,十四層,
RPXNMLPKPHLFFHR38CC,17,15.65,共有部分,鋼筋混凝土造,88年8月24日,十四層,
RPTPMLPKPHLFFAD68CC,31,47.35,住家用,鋼筋混凝土造,73年12月28日,十四層,
RPTPMLPKPHLFFAD68CC,31,15.81,共有部分,鋼筋混凝土造,73年12月28日,十四層,
RPWNMLPKPHLFFFR08CC,23,110.55,住家用,鋼筋混凝土造,82年11月19日,七層,
RPXNMLPKPHLFFFR18CC,14,48.36,住商用,鋼筋混凝土造,91年5月3日,四層,
RPOOMLPKPHLFFFR37CC,3,59.80,住家用,鋼筋混凝土造,102年6月24日,四層,
RPSOMLPKPHLFFBD58CC,4,182.21,見其他登記事項,鋼筋混凝土造,101年12月7日,四層,
RPROMLPKPHLFFBD48CC,35,115.33,住家用,加強磚造,70年8月26日,二層,
RPPOMLPKPHLFFBD28CC,28,172.10,住家用,加強磚造,77年7月16日,二層,
RPRNMLQKPHLFFAD38CC,12,122.84,見其他登記事項,鋼筋混凝土造,93年3月29日,十層,
RPRNMLQKPHLFFAD38CC,12,45.49,共有部分,鋼筋混凝土造,93年3月29日,十一層,
RPRNMLRKPHLFFAD48CC,55,81.12,住家用,磚造,50年1月1日,二層,
RPPNMLRKPHLFFHR77CC,42,93.48,住家用,加強磚造,63年11月5日,二層,
RPPNMLRKPHLFFAD28CC,19,83.28,住家用,鋼筋混凝土造,86年10月22日,二十四層,
RPPNMLRKPHLFFAD28CC,19,13.43,共有部分,鋼筋混凝土造,86年10月22日,二十四層,
RPPNMLRKPHLFFAD28CC,19,13.63,共有部分,鋼筋混凝土造,86年10月22日,二十四層,
RPPNMLRKPHLFFFR57CC,22,38.78,住家用,鋼筋混凝土造,83年6月25日,五層,
RPPNMLRKPHLFFFR57CC,22,5.31,共有部分,鋼筋混凝土造,83年6月25日,五層,
RPPNMLRKPHLFFFR57CC,22,6.23,共有部分,鋼筋混凝土造,83年6月25日,五層,
RPTOMLSKPHLFFHR48DC,20,119.61,住商用,鋼筋混凝土造,85年10月28日,八層,
RPTOMLSKPHLFFHR48DC,20,27.29,共有部分,鋼筋混凝土造,85年10月28日,八層,
RPTOMLSKPHLFFHR48DC,20,14.87,共有部分,鋼筋混凝土造,85年10月28日,八層,
RPPNMLSKPHLFFER57CC,23,175.20,見其他登記事項,鋼筋混凝土造,82年4月8日,三層,
RPQNMLRKPHLFFAD38CC,26,19.32,住家用,鋼筋混凝土造,79年9月20日,七層,
RPQNMLRKPHLFFAD38CC,26,5.77,共有部分,鋼筋混凝土造,79年9月20日,七層,
RPSNMLTKPHLFFAD78CC,18,51.18,住家用,鋼筋混凝土造,87年9月5日,九層,
RPSNMLTKPHLFFAD78CC,18,25.48,共有部分,鋼筋混凝土造,87年9月5日,九層,
RPUOMLTKPHLFFAD09CC,17,130.37,見其他登記事項,鋼筋混凝土造,88年2月11日,二十四層,
RPWOMLTKPHLFFAD66CC,10,115.42,見其他登記事項,見其他登記事項,95年10月1日,十四層,
RPPOMLKLPHLFFER96CC,19,79.85,住家用,鋼筋混凝土造,86年8月25日,七層,
RPPOMLTKPHLFFER77CC,28,184.32,見其他登記事項,加強磚造,77年5月5日,二層,
RPXOMLTKPHLFFAD76CC,,34.20,見其他登記事項,見其他登記事項,105年4月21日,二層,
RPRNMLSKPHLFFDR67CC,38,58.65,住家用,加強磚造,67年7月12日,二層,
RPWNMLKLPHLFFAD38CC,1,58.47,見其他登記事項,見其他登記事項,104年11月5日,二十四層,
RPWNMLKLPHLFFAD38CC,1,57.26,見其他登記事項,見其他登記事項,104年11月5日,二十四層,
RPUNMLKLPHLFFAD18CC,17,94.74,見其他登記事項,鋼筋混凝土造,88年8月16日,十四層,
RPUNMLKLPHLFFAD18CC,17,14.14,共有部分,鋼筋混凝土造,88年8月16日,十四層,
RPUNMLKLPHLFFAD18CC,17,13.38,共有部分,鋼筋混凝土造,88年8月16日,十四層,
RPOPMLTKPHLFFAD58CC,,171.29,見其他登記事項,見其他登記事項,105年4月21日,二層,
RPPNMLKLPHLFFHR17CC,22,178.28,工業用,鋼造,83年9月27日,一層,
RPPNMLLLPHLFFHR27CC,35,16.53,住家用,鋼筋混凝土造,70年6月4日,五層,
RPPNMLKLPHLFFBD77CC,23,228.92,住家用,鋼筋混凝土造,82年9月6日,四層,
RPQNMLLLPHLFFER07CC,1,38.53,住家用,鋼筋混凝土造,104年10月15日,四層,
RPVNMLLLPHLFFHR87CC,28,39.67,見其他登記事項,鋼筋混凝土造,77年8月25日,四層,
RPUNMLLLPHLFFHR77CC,28,26.45,見其他登記事項,鋼筋混凝土造,77年8月25日,四層,
RPQOMLLLPHLFFFR27CC,38,42.78,農舍,混凝土造,67年5月23日,一層,
RPUNMLLLPHLFFAD28CC,12,56.39,見其他登記事項,鋼筋混凝土造,92年12月26日,四層,
RPTNMLLLPHLFFAD18CC,10,65.66,見其他登記事項,見其他登記事項,95年10月1日,十四層,
RPTNMLLLPHLFFAD18CC,10,12.43,共有部分,見其他登記事項,95年10月1日,十四層,
RPTNMLLLPHLFFAD18CC,10,15.91,共有部分,見其他登記事項,95年10月1日,十四層,
RPQOMLLLPHLFFAD97CC,46,88.38,住家用,加強磚造,59年1月24日,二層,
RPTNMLLLPHLFFFR47CC,13,107.26,住商用,鋼筋混凝土造,92年4月16日,三層,
RPRPMLLLPHLFFAD18CC,1,55.02,見其他登記事項,見其他登記事項,104年11月5日,二十四層,
RPQOMLLLPHLFFCD18CC,26,784.81,住商用,鋼筋混凝土構造,79年8月1日,六層,
RPROMLLLPHLFFCD28CC,9,60.66,見其他登記事項,鋼筋混凝土構造,96年12月21日,四層,
RPRNMLLLPHLFFCD18CC,34,86.12,見其他登記事項,鋼筋混凝土構造,71年11月29日,五層,
RPRNMLLLPHLFFCD18CC,34,6.30,共有部分,鋼筋混凝土構造,71年11月29日,五層,
RPQOMLMLPHLFFCD28CC,31,250.00,住商用,鋼筋混凝土構造,74年6月3日,四層,
RPQOMLMLPHLFFCD28CC,31,243.28,住商用,鋼筋混凝土構造,74年6月3日,四層,
RPPNMLPLPHLFFHR67CC,26,160.62,住家用,鋼筋混凝土造,79年8月27日,三層,
RPSNMLMLPHLFFHR67CC,42,171.39,住家用,加強磚造,63年5月1日,二層,
RPRNMLPLPHLFFCD58CC,29,125.84,住家用,鋼筋混凝土造,76年11月16日,二層,
RPXOMLMLPHLFFCD98CC,32,88.77,住家用,鋼筋混凝土構造,73年9月27日,五層,
RPXOMLMLPHLFFCD98CC,32,13.68,共有部分,鋼筋混凝土構造,73年9月27日,五層,
RPXNMLPLPHLFFCD56CC,26,15.02,住家用,鋼筋混凝土造,79年9月26日,十二層,
RPXNMLPLPHLFFCD56CC,26,7.61,共有部分,鋼筋混凝土造,79年9月26日,十二層,
RPQNMLPLPHLFFHR77CC,34,87.32,住家用,鋼筋混凝土造,71年12月31日,五層,
RPQNMLPLPHLFFHR77CC,34,7.25,共有部分,鋼筋混凝土造,71年12月31日,五層,
RPQNMLPLPHLFFHR77CC,34,7.80,共有部分,鋼筋混凝土造,71年12月31日,五層,
RPSNMLPLPHLFFAD48CC,14,88.68,見其他登記事項,鋼筋混凝土造,91年11月15日,十一層,
RPSNMLPLPHLFFAD48CC,14,41.03,共有部分,鋼筋混凝土造,91年11月15日,十一層,
RPOOMLPLPHLFFCD38CC,20,93.93,住家用,鋼筋混凝土造,85年10月5日,十六層,
RPOOMLPLPHLFFCD38CC,20,20.27,共有部分,鋼筋混凝土造,85年10月5日,十六層,
RPOOMLPLPHLFFCD38CC,20,3.80,共有部分,鋼筋混凝土造,85年10月5日,十六層,
RPPOMLPLPHLFFCD48CC,,80.22,見其他登記事項,鋼筋混凝土造,105年3月14日,十四層,
RPPOMLPLPHLFFCD48CC,,58.70,見其他登記事項,鋼筋混凝土造,105年3月14日,十四層,
RPPOMLPLPHLFFCD48CC,,19.65,見其他登記事項,鋼筋混凝土造,105年3月14日,十四層,
RPSNMLPLPHLFFHR97CC,9,125.98,住家用,鋼筋混凝土造,96年9月20日,十四層,
RPSNMLPLPHLFFHR97CC,9,78.18,共有部分,鋼筋混凝土造,96年9月20日,十四層,
RPVNMLPLPHLFFAD78CC,10,293.31,見其他登記事項,見其他登記事項,95年3月24日,五層,
RPTNMLPLPHLFFAD58CC,37,104.72,住家用,加強磚造,68年3月12日,二層,
RPXNMLPLPHLFFAD98CC,21,61.27,住家用,鋼筋混凝土造,84年7月29日,十七層,
RPXNMLPLPHLFFAD98CC,21,16.32,共有部分,鋼筋混凝土造,84年7月29日,十七層,
RPWNMLPLPHLFFAD88CC,19,124.18,住家用,鋼筋混凝土造,86年10月21日,二十二層,
RPWNMLPLPHLFFAD88CC,19,61.44,共有部分,鋼筋混凝土造,86年10月21日,二十二層,
RPSNMLQLPHLFFAD58CC,21,47.91,住家用,鋼筋混凝土造,84年7月29日,十七層,
RPUNMLQLPHLFFAD78CC,1,79.73,見其他登記事項,見其他登記事項,104年11月5日,二十四層,
RPROMLPLPHLFFAD48CC,35,173.53,住家用,鋼筋混凝土造,70年12月18日,四層,
RPWNMLQLPHLFFAD98CC,35,103.86,住家用,鋼筋混凝土造,70年12月23日,五層,
RPPOMLQLPHLFFAD38CC,,34.20,見其他登記事項,見其他登記事項,105年4月21日,二層,
RPWNMLSLPHLFFAD56CC,1,48.17,見其他登記事項,見其他登記事項,104年11月5日,二十四層,
RPVOMLTLPHLFFAD66CC,1,90.93,見其他登記事項,見其他登記事項,104年11月5日,二十四層,
RPVOMLTLPHLFFAD66CC,1,69.93,見其他登記事項,見其他登記事項,104年11月5日,二十四層,
RPTOMLTLPHLFFAD09CC,,105.74,見其他登記事項,見其他登記事項,105年5月4日,一層,
RPTOMLTLPHLFFAD09CC,,104.39,見其他登記事項,見其他登記事項,105年5月4日,一層,
RPTOMLTLPHLFFAD09CC,,101.10,見其他登記事項,見其他登記事項,105年5月4日,一層,
RPTOMLTLPHLFFAD09CC,,155.01,見其他登記事項,見其他登記事項,105年5月4日,一層,
RPPNMLQLPHLFFER47CC,36,78.85,商業用,加強磚造,69年2月1日,一層,
RPVPMLTLPHLFFCD07DC,29,142.25,住家用,鋼筋混凝土造,76年3月27日,五層,
RPPNMLLMPHLFFAD87CC,22,33.89,商業用,鋼筋混凝土造,83年12月22日,二十一層,
RPQNMLTLPHLFFHR18CC,31,19.83,住家用,鋼筋混凝土造,74年3月7日,二層,
