﻿編號,屋齡,建物移轉面積平方公尺,主要用途,主要建材,建築完成日期,總層數,建物分層
The serial number,room age,building shifting area square meter,the main use,main building materials,construction completes the date,total layer,building lamination
RPUNMLMJNHLFFEE48CC,2,47.62,住家用,鋼筋混凝土造,103年3月27日,十五層,
RPUNMLMJNHLFFEE48CC,2,8.59,住家用,鋼筋混凝土造,103年3月27日,十五層,
RPUNMLMJNHLFFEE48CC,2,54.34,見其它登記事項,鋼筋混凝土造,103年3月27日,十五層,
RPVPMLNJNHLFFEE88CC,20,30.85,住家用,鋼筋混凝土造,84年12月22日,七層,
RPWNMLMJNHLFFIE09CC,23,173.12,住商用,鋼筋混凝土造,81年11月10日,四層,
RPQNMLMJNHLFFDE97CC,39,40.89,,鋼筋混凝土造,66年4月26日,三層,
RPWOMLNJNHLFFGE56DC,17,66.55,住商用,鋼筋混凝土造,88年7月12日,十四層,
RPXOMLMJNHLFFGE09CC,23,209.50,住商用,鋼筋混凝土造,82年7月14日,五層,
RPTNMLMJNHLFFGE58CC,3,71.90,見其他登記事項,見其他登記事項,102年6月20日,十五層,
RPTNMLMJNHLFFGE58CC,3,61.06,見其他登記事項,見其他登記事項,102年6月20日,十五層,
RPOOMLMJNHLFFAE57CC,24,159.32,住家用,鋼筋混凝土造,81年7月17日,十四層,
RPOOMLMJNHLFFAE57CC,24,54.72,見使用執照,鋼筋混凝土造,81年7月17日,十四層,
RPUNMLMJNHLFFBE18CC,12,95.51,住家用,鋼筋混凝土造,93年7月5日,十二層,
RPUNMLMJNHLFFBE18CC,12,10.26,住家用,鋼筋混凝土造,93年7月5日,十二層,
RPUNMLMJNHLFFBE18CC,12,61.49,見其他登記事項,鋼筋混凝土造,93年7月5日,十四層,
RPQNMLNJNHLFFDE08CC,22,336.56,工業用,鋼筋混凝土造,83年2月8日,十三層,
RPWOMLNJNHLFFBE58CC,37,164.71,,鋼筋混凝土造,67年11月11日,七層,
RPUNMLNJNHLFFDE48CC,3,129.47,住家用,鋼筋混凝土造,101年11月28日,五層,
RPVNMLNJNHLFFDE58CC,17,117.52,住商用,鋼筋混凝土造,88年6月25日,十三層,
RPROMLOJNHLFFBE18CC,34,859.51,,鋼筋混凝土造,71年8月14日,四層,
RPQOMLNJNHLFFDE18CC,27,236.72,,鋼筋混凝土造,77年12月10日,四層,
RPVOMLNJNHLFFBE48CC,39,48.69,,鋼筋混凝土造,66年7月30日,五層,
RPSOMLOJNHLFFBE28CC,29,123.13,,鋼筋混凝土造,75年12月31日,十二層,
RPSOMLOJNHLFFBE28CC,29,25.08,,鋼筋混凝土造,75年12月31日,十二層,
RPUNMLOJNHLFFBE38CC,18,49.60,住家用,鋼筋混凝土造,87年8月3日,十四層,
RPUNMLOJNHLFFBE38CC,18,5.43,住家用,鋼筋混凝土造,87年8月3日,十四層,
RPUNMLOJNHLFFBE38CC,18,30.55,見其他登記事項,鋼筋混凝土造,87年8月3日,十四層,
RPUOMLOJNHLFFBE48CC,16,93.09,住家用,鋼骨鋼筋混凝土造,89年6月28日,二十七層,
RPUOMLOJNHLFFBE48CC,16,13.09,住家用,鋼骨鋼筋混凝土造,89年6月28日,二十七層,
RPUOMLOJNHLFFBE48CC,16,36.76,見其他登記事項,鋼骨鋼筋混凝土造,89年6月28日,二十七層,
RPQNMLOJNHLFFDE18CC,20,135.76,商業用,鋼筋混凝土造,85年4月10日,十三層,
RPQNMLOJNHLFFDE18CC,20,25.45,見使用執照,鋼筋混凝土造,85年4月10日,十三層,
RPPNMLOJNHLFFDE08CC,17,70.03,住家用,鋼筋混凝土造,88年5月21日,十三層,
RPUNMLOJNHLFFDE58CC,19,198.87,住家用,鋼筋混凝土造,86年1月24日,十四層,
RPUNMLOJNHLFFDE58CC,19,87.24,見使用執照,鋼筋混凝土造,86年1月24日,十四層,
RPRNMLOJNHLFFGE58CC,2,87.12,見其他登記事項,見其他登記事項,103年2月21日,十五層,
RPRNMLOJNHLFFGE58CC,2,64.69,見其他登記事項,見其他登記事項,103年2月21日,十五層,
RPTOMLOJNHLFFGE88CC,22,109.30,住家用,鋼筋混凝土造,83年5月18日,十六層,
RPTOMLOJNHLFFGE88CC,22,58.58,共有部份,鋼筋混凝土造,83年5月18日,十六層,
RPRNMLOJNHLFFIE78CC,19,197.13,住商用,鋼筋混凝土造,86年2月4日,五層,
RPRNMLOJNHLFFIE78CC,19,3.23,見其他登記事項,鋼筋混凝土造,86年2月4日,,
RPWNMLOJNHLFFEE88CC,4,81.32,住家用,鋼筋混凝土造,101年7月24日,十一層,
RPWNMLOJNHLFFEE88CC,4,59.36,見其它登記事項,鋼筋混凝土造,101年7月24日,十一層,
RPVPMLOJNHLFFEE98CC,14,89.64,商業用,見其它登記事項,91年1月28日,一層,
RPVPMLOJNHLFFEE98CC,14,32.26,商業用,見其它登記事項,91年1月28日,一層,
RPSNMLOJNHLFFEE48CC,1,86.67,見其它登記事項,見其它登記事項,104年9月25日,十五層,
RPSNMLOJNHLFFEE48CC,1,66.15,見其它登記事項,見其它登記事項,104年9月25日,十五層,
RPXNMLOJNHLFFEE98CC,21,303.44,住商用,鋼筋混凝土造,84年4月27日,五層,
RPOOMLOJNHLFFEE18CC,1,83.49,見其它登記事項,見其它登記事項,104年9月25日,十五層,
RPOOMLOJNHLFFEE18CC,1,67.54,見其它登記事項,見其它登記事項,104年9月25日,十五層,
RPQNMLOJNHLFFFE38CC,2,28.34,住家用,鋼筋混凝土造,103年9月30日,三層,
RPWNMLPJNHLFFDE88CC,25,174.99,,鋼筋混凝土造,80年5月3日,十二層,
RPTNMLQJNHLFFDE68CC,2,124.35,商業用,見其它登記事項,103年5月30日,一層,
RPVNMLQJNHLFFDE88CC,19,64.22,住家用,鋼筋混凝土造,85年12月10日,十四層,
RPVNMLQJNHLFFDE88CC,19,19.74,見使用執照,鋼筋混凝土造,85年12月10日,十四層,
RPRNMLPJNHLFFBE18CC,9,60.89,住家用,鋼筋混凝土造,96年5月8日,十五層,
RPRNMLPJNHLFFBE18CC,9,35.59,共有部分,鋼筋混凝土造,96年5月8日,十五層,
RPVNMLQJNHLFFBE68CC,56,117.23,,加強磚造,49年8月14日,三層,
RPPNMLQJNHLFFFE48CC,29,160.44,住商用,加強磚造,75年12月15日,二層,
RPPNMLRJNHLFFBE18CC,41,285.12,,鋼筋混凝土造,64年9月25日,四層,
RPRNMLSJNHLFFBE48CC,34,99.82,,鋼筋混凝土造,71年7月12日,十二層,
RPRNMLSJNHLFFBE48CC,34,19.46,,鋼筋混凝土造,71年7月12日,十二層,
RPSNMLQJNHLFFAE28CC,69,180.49,商業用,見使用執照,35年11月20日,三層,
RPQNMLTJNHLFFDE68CC,44,68.24,住家用,加強磚造,60年12月30日,二層,
RPROMLPJNHLFFAE18CC,34,113.84,,鋼筋混凝土造,71年8月18日,十一層,
RPWNMLTJNHLFFBE09CC,24,142.51,商業用,鋼筋混凝土造,81年9月15日,二十五層,
RPWNMLTJNHLFFBE09CC,24,55.58,見使用執照,鋼筋混凝土造,81年9月15日,二十五層,
RPUNMLTJNHLFFBE88CC,3,90.38,住家用,鋼筋混凝土造,102年5月17日,十四層,
RPRNMLQJNHLFFAE18CC,36,254.12,,鋼筋混凝土造,69年4月10日,四層,
RPPNMLPJNHLFFAE87CC,25,302.40,商業用,鋼筋混凝土造,80年7月4日,十二層,
RPPNMLPJNHLFFAE87CC,25,87.93,見使用執照,鋼筋混凝土造,80年7月4日,十二層,
RPTNMLTJNHLFFBE78CC,45,96.38,住商用,加強磚造,59年11月4日,二層,
RPTNMLTJNHLFFBE78CC,45,96.38,住商用,加強磚造,59年11月4日,二層,
RPVNMLTJNHLFFDE56CC,4,35.13,住商用,鋼筋混凝土造,101年8月13日,五層,
RPQNMLTJNHLFFAE38CC,7,56.68,住家用,鋼筋混凝土造,98年3月25日,十五層,
RPQNMLTJNHLFFAE38CC,7,26.71,共有部分,鋼筋混凝土造,98年3月25日,十五層,
RPRNMLTJNHLFFIE66CC,2,50.51,見其他登記事項,鋼筋混凝土造,103年7月3日,五層,
RPOQMLKKNHLFFCE87CC,25,212.02,住商用,鋼筋混凝土造,80年7月2日,二十層,
RPROMLKKNHLFFAE77CC,26,337.84,商業用,鋼筋混凝土造,79年5月17日,七層,
RPSNMLKKNHLFFAE77CC,10,120.64,住家用,鋼筋混凝土造,95年10月13日,十五層,
RPSNMLKKNHLFFAE77CC,10,67.15,見其它登記事項,鋼筋混凝土造,95年10月13日,十五層,
RPWPMLKKNHLFFEE78CC,16,76.82,住家用,見其它登記事項,89年5月3日,十四層,
RPWPMLKKNHLFFEE78CC,16,34.28,見使用執照,見使用執照,89年5月3日,十四層,
RPPOMLKKNHLFFBE67CC,27,339.10,,鋼筋混凝土造,78年7月14日,七層,
RPPOMLKKNHLFFBE67CC,27,92.20,,鋼筋混凝土造,78年7月14日,七層,
RPRNMLKKNHLFFDE97CC,24,213.59,住商用,鋼筋混凝土造,81年7月31日,七層,
RPSNMLTJNHLFFCE78CC,30,416.94,,鋼筋混凝土造,75年6月16日,五層,
RPQOMLKKNHLFFBE77CC,19,101.22,住家用,鋼筋混凝土造,86年4月21日,三十五層,
RPUNMLLKNHLFFBE18CC,19,166.78,住商用,鋼筋混凝土造,86年4月21日,三十五層,
RPWNMLLKNHLFFBE38CC,24,226.63,商業用,鋼骨鋼筋混凝土造,81年7月25日,四十二層,
RPWNMLLKNHLFFBE38CC,24,177.90,見使用執照,鋼骨鋼筋混凝土造,81年7月25日,四十二層,
RPROMLKKNHLFFBE87CC,21,514.71,住家用,鋼筋混凝土造,83年11月17日,二十二層,
RPQNMLLKNHLFFBE77CC,7,93.72,商業用,鋼筋混凝土造,98年10月5日,十五層,
RPQNMLLKNHLFFBE77CC,,23.61,見其他登記事項,鋼筋混凝土造,,十五層,
RPQOMLLKNHLFFDE08CC,42,48.18,,鋼筋混凝土加強磚造,63年10月28日,三層,
RPWOMLLKNHLFFDE68CC,22,61.82,商業用,鋼筋混凝土造,83年11月1日,十二層,
RPTNMLTJNHLFFCE88CC,45,49.27,住家用,加強磚造,60年8月31日,二層,
RPVNMLLKNHLFFGE78CC,40,168.96,住商用,加強磚造,65年9月25日,三層,
RPWNMLLKNHLFFAE28CC,28,91.60,,鋼筋混凝土造,77年6月7日,十二層,
RPPNMLLKNHLFFAE57CC,41,135.18,,加強磚造,64年3月14日,三層,
RPRNMLLKNHLFFAE77CC,26,100.49,商業用,鋼筋混凝土造,79年2月16日,十二層,
RPQNMLLKNHLFFAE67CC,26,50.52,商業用,鋼筋混凝土造,79年2月16日,十二層,
RPPPMLTJNHLFFGE09CC,5,49.85,見其他登記事項,鋼筋混凝土造,100年9月12日,十五層,
RPPPMLTJNHLFFGE09CC,5,26.56,見其他登記事項,鋼筋混凝土造,100年9月12日,十五層,
RPVNMLTJNHLFFGE86CC,29,96.27,住家用,鋼筋混凝土造,76年10月30日,五層,
RPTOMLMKNHLFFGE78CC,21,175.31,住商用,鋼筋混凝土造,84年7月22日,二十五層,
RPQPMLTJNHLFFGE56CC,7,56.89,見其他登記事項,見其他登記事項,98年3月30日,十四層,
RPQPMLTJNHLFFGE56CC,7,28.79,見其他登記事項,見其他登記事項,98年3月30日,十四層,
RPPNMLMKNHLFFEE08CC,20,30.85,住家用,鋼筋混凝土造,84年12月22日,七層,
RPXNMLMKNHLFFEE88CC,22,192.51,住家用,鋼筋混凝土造,82年12月21日,四層,
RPRNMLMKNHLFFBE97CC,43,110.73,,鋼筋混凝土造,62年7月14日,四層,
RPROMLMKNHLFFAE97CC,1,77.62,住家用,鋼筋混凝土造,104年3月25日,十五層,
RPWNMLMKNHLFFDE68CC,24,210.26,,鋼筋混凝土造,80年12月19日,十八層,
RPXNMLMKNHLFFBE58CC,20,372.30,商業用,鋼骨混凝土造,85年3月26日,二十九層,
RPWNMLMKNHLFFDE68CC,24,52.64,,鋼筋混凝土造,80年12月19日,十八層,
RPXNMLMKNHLFFBE58CC,20,252.40,見使用執照,鋼骨混凝土造,85年3月26日,二十九層,
RPQOMLLKNHLFFCE97CC,35,40.31,,鋼筋混凝土造,70年11月3日,四層,
RPWNMLMKNHLFFCE58CC,23,182.97,住商用,鋼筋混凝土造,82年7月30日,二十四層,
RPWNMLMKNHLFFCE58CC,23,87.89,見使用執照,鋼筋混凝土造,82年7月30日,二十四層,
RPUNMLNKNHLFFDE58CC,22,86.14,住商用,鋼筋混凝土造,82年11月23日,二十層,
RPUNMLNKNHLFFDE58CC,22,19.70,見使用執照,鋼筋混凝土造,82年11月23日,二十層,
RPQOMLNKNHLFFDE28CC,27,159.13,,鋼筋混凝土造,78年8月15日,七層,
RPQOMLNKNHLFFDE28CC,27,15.14,,鋼筋混凝土造,78年8月15日,七層,
RPSNMLNKNHLFFIE88CC,37,352.35,住商用,鋼筋混凝土造,68年7月3日,三層,
RPVNMLNKNHLFFCE58CC,8,112.83,住家用,鋼筋混凝土造,97年3月7日,二十九層,
RPVNMLNKNHLFFCE58CC,8,10.35,住家用,鋼筋混凝土造,97年3月7日,二十九層,
RPVNMLNKNHLFFCE58CC,8,68.95,共有部份,鋼筋混凝土造,97年3月7日,二十九層,
RPTOMLNKNHLFFEE68CC,5,184.87,住家用,鋼筋混凝土造,99年12月16日,十四層,
RPOOMLNKNHLFFBE87CC,24,272.46,商業用,鋼筋混凝土造,81年6月29日,二十五層,
RPVNMLNKNHLFFEE78CC,2,67.17,住家用,鋼筋混凝土造,103年4月29日,十三層,
RPVNMLNKNHLFFEE78CC,2,10.26,住家用,鋼筋混凝土造,103年4月29日,十三層,
RPVNMLNKNHLFFEE78CC,2,68.93,見其它登記事項,鋼筋混凝土造,103年4月29日,十三層,
RPUNMLNKNHLFFBE38CC,27,190.69,,鋼筋混凝土造,78年10月6日,十三層,
RPUNMLNKNHLFFBE38CC,27,17.25,,鋼筋混凝土造,78年10月6日,十六層,
RPQOMLNKNHLFFBE08CC,36,116.80,,鋼筋混凝土造,69年1月16日,四層,
RPQNMLNKNHLFFBE97CC,9,60.89,住家用,鋼筋混凝土造,96年5月8日,十五層,
RPQNMLNKNHLFFBE97CC,9,28.67,共有部分,鋼筋混凝土造,96年5月8日,十五層,
RPSNMLNKNHLFFBE18CC,31,101.10,,鋼筋混凝土造,74年7月31日,五層,
RPSNMLNKNHLFFBE18CC,31,7.01,,鋼筋混凝土造,74年7月31日,五層,
RPRNMLNKNHLFFBE08CC,26,281.88,,鋼筋混凝土造,79年7月9日,十四層,
RPRNMLNKNHLFFBE08CC,26,22.83,,鋼筋混凝土造,79年7月9日,十四層,
RPRNMLNKNHLFFBE08CC,26,75.75,,鋼筋混凝土造,79年7月9日,十四層,
RPQNMLOKNHLFFBE08CC,34,178.30,,鋼筋混凝土造,71年6月11日,六層,
RPWNMLQKNHLFFBE88CC,19,166.78,商業用,鋼造,86年2月12日,二十七層,
RPWNMLQKNHLFFBE88CC,19,133.07,見使用執照,鋼造,86年2月12日,二十七層,
RPSNMLOKNHLFFAE18CC,9,94.36,住家用,鋼筋混凝土造,96年1月3日,十五層,
RPSNMLOKNHLFFAE18CC,9,41.77,見其它登記事項,鋼筋混凝土造,96年1月3日,十五層,
RPQNMLOKNHLFFEE38CC,19,136.25,住商用,鋼筋混凝土造,86年3月3日,十一層,
RPQNMLOKNHLFFEE38CC,19,29.41,見使用執照,鋼筋混凝土造,86年3月3日,十一層,
RPUOMLQKNHLFFAE68CC,10,187.32,商業用,鋼筋混凝土造,95年1月24日,十五層,
RPUOMLQKNHLFFAE68CC,10,44.64,共有部分,鋼筋混凝土造,95年1月24日,十五層,
RPSNMLOKNHLFFGE78CC,7,123.44,見其他登記事項,見其他登記事項,98年3月30日,十四層,
RPXPMLNKNHLFFGE76CC,4,140.62,見其他登記事項,見其他登記事項,101年6月1日,十五層,
RPVPMLNKNHLFFGE56CC,37,86.40,住家用,鋼筋混凝土造,68年4月30日,五層,
RPROMLQKNHLFFBE48CC,28,51.05,,鋼筋混凝土造,77年11月2日,七層,
RPROMLQKNHLFFBE48CC,28,70.29,,鋼筋混凝土造,77年11月2日,七層,
RPROMLQKNHLFFBE48CC,28,31.58,,鋼筋混凝土造,77年11月2日,七層,
RPPNMLQKNHLFFGE68CC,37,176.40,住商用,鋼筋混凝土造,68年8月10日,三層,
RPOOMLQKNHLFFGE68CC,5,202.62,見其他登記事項,見其他登記事項,100年5月1日,一層,
RPVOMLQKNHLFFGE76CC,26,215.80,住商用,鋼筋混凝土造,78年11月20日,四層,
RPXOMLQKNHLFFAE98CC,4,102.65,住商用,鋼筋混凝土造,101年7月10日,十四層,
RPPOMLQKNHLFFDE48CC,12,295.72,住商用,鋼筋混凝土造,93年2月18日,五層,
RPUNMLQKNHLFFDE88CC,8,299.22,住商用,鋼筋混凝土造,97年8月1日,五層,
RPSOMLQKNHLFFDE78CC,31,99.89,,鋼筋混凝土造,74年5月22日,五層,
RPSOMLQKNHLFFDE78CC,31,7.80,,鋼筋混凝土造,74年5月22日,五層,
RPPRMLRKNHLFFGE56CC,15,75.97,見其他登記事項,鋼筋混凝土造,90年6月22日,十二層,
RPPRMLRKNHLFFGE56CC,15,10.48,見其他登記事項,鋼筋混凝土造,90年6月22日,十二層,
RPPRMLRKNHLFFGE56CC,15,30.16,見其他登記事項,鋼筋混凝土造,90年6月22日,十二層,
RPUPMLQKNHLFFEE56CC,14,169.93,商業用,見其它登記事項,90年12月26日,一層,
RPQPMLSKNHLFFAE58CC,1,48.38,住家用,鋼筋混凝土造,104年3月25日,十五層,
RPQPMLSKNHLFFAE58CC,1,4.40,住家用,鋼筋混凝土造,104年3月25日,十五層,
RPQPMLSKNHLFFAE58CC,1,24.84,見其它登記事項,鋼筋混凝土造,104年3月25日,十五層,
RPTPMLSKNHLFFAE88CC,12,64.45,住商用,鋼筋混凝土造,93年4月27日,五層,
RPTOMLRKNHLFFDE98CC,2,153.17,住商用,鋼筋混凝土造,103年1月13日,五層,
RPPPMLRKNHLFFDE78DC,24,111.69,,鋼筋混凝土造,80年12月18日,十四層,
RPPPMLRKNHLFFDE78DC,24,33.15,見其它登記事項,鋼筋混凝土造,80年12月18日,十四層,
RPWNMLSKNHLFFDE66CC,29,45.21,,鋼筋混凝土造,76年5月13日,四層,
RPVNMLSKNHLFFDE56CC,28,203.74,,鋼筋混凝土造,76年12月24日,四層,
RPUNMLSKNHLFFDE09CC,37,67.94,,鋼筋混凝土造,68年10月16日,五層,
RPTNMLRKNHLFFJE86CC,11,170.38,見其他登記事項,鋼筋混凝土造,94年5月27日,三層,
RPQPMLSKNHLFFGE56CC,28,224.86,住商用,鋼筋混凝土造,77年3月15日,四層,
RPPOMLSKNHLFFEE78CC,12,120.12,住商用,見使用執照,93年5月25日,五層,
RPOPMLSKNHLFFGE98CC,12,213.78,見其他登記事項,見其他登記事項,93年6月26日,四層,
RPROMLSKNHLFFEE98CC,2,50.38,住家用,鋼筋混凝土造,103年3月27日,十五層,
RPROMLSKNHLFFEE98CC,2,5.87,住家用,鋼筋混凝土造,103年3月27日,十五層,
RPROMLSKNHLFFEE98CC,2,58.55,見其它登記事項,鋼筋混凝土造,103年3月27日,十五層,
RPPPMLSKNHLFFEE88CC,35,173.09,,鋼筋混凝土造,70年5月1日,三層,
RPQNMLSKNHLFFDE68CC,22,91.08,住家用,鋼筋混凝土造,83年1月4日,十二層,
RPXNMLTKNHLFFCE76CC,19,200.06,住商用,鋼筋混凝土造,86年5月27日,二十七層,
RPRNMLTKNHLFFEE98CC,23,145.68,住商用,鋼筋混凝土造,81年12月1日,八層,
RPROMLSKNHLFFCE78CC,19,130.10,住商用,鋼筋混凝土造,86年5月27日,二十七層,
RPOPMLSKNHLFFCE58CC,45,35.47,住家用,加強磚造,60年6月28日,二層,
RPOQMLSKNHLFFCE68CC,25,235.20,住商用,鋼筋混凝土造,79年12月28日,十五層,
RPOOMLSKNHLFFCE48CC,32,179.57,,鋼筋混凝土造,72年12月14日,五層,
RPUOMLTKNHLFFEE76CC,5,87.48,住家用,鋼筋混凝土造,100年9月13日,十五層,
RPXNMLTKNHLFFGE17CC,34,73.01,住家用,鋼筋混凝土造,71年4月30日,五層,
RPWOMLKLNHLFFGE98CC,6,162.76,見其他登記事項,鋼筋混凝土造,99年11月19日,五層,
RPVNMLKLNHLFFAE18CC,12,50.53,住商用,鋼筋混凝土造,93年9月6日,五層,
RPQNMLTKNHLFFAE48CC,1,391.21,見其它登記事項,見其它登記事項,104年7月30日,五層,
RPQNMLTKNHLFFAE48CC,1,165.35,共有部分,見其它登記事項,104年7月30日,五層,
RPXNMLTKNHLFFAE56CC,9,153.45,住家用,鋼筋混凝土造,95年12月5日,十九層,
RPXNMLTKNHLFFAE56CC,9,15.73,住家用,鋼筋混凝土造,95年12月5日,十九層,
RPXNMLTKNHLFFAE56CC,9,124.20,見其它登記事項,鋼筋混凝土造,95年12月5日,十九層,
RPUNMLKLNHLFFEE48CC,11,157.48,商業用,鋼筋混凝土造,94年5月20日,十四層,
RPTOMLKLNHLFFDE38CC,11,165.40,商業用,鋼筋混凝土造,94年6月13日,十五層,
RPQOMLKLNHLFFCE97CC,39,54.45,,鋼筋混凝土造,66年4月18日,三層,
RPXNMLNLNHLFFDE98CC,62,43.50,住商用,加強磚造,43年5月2日,三層,
RPPOMLNLNHLFFDE28CC,28,84.33,,鋼筋混凝土造,77年10月26日,十一層,
RPROMLSKNHLFFBE68CC,42,163.26,,加強磚造,63年6月29日,三層,
RPQOMLSKNHLFFBE58CC,49,166.62,,加強磚造,55年12月5日,三層,
RPQNMLLLNHLFFBE87CC,19,204.46,住商用,鋼筋混凝土造,86年4月21日,三十五層,
RPTOMLSKNHLFFBE88CC,35,184.04,,鋼筋混凝土造,70年5月7日,十二層,
RPPNMLLLNHLFFBE77CC,26,341.45,,鋼筋混凝土造,79年5月30日,十九層,
RPVNMLKLNHLFFBE28CC,44,189.56,,鋼筋混凝土造,61年8月7日,四層,
RPRNMLLLNHLFFBE97CC,17,188.43,商業用,鋼骨鋼筋混凝土造,88年4月1日,八十五層,
RPSNMLNLNHLFFAE18CC,5,125.57,住商用,鋼筋混凝土造,100年6月24日,十層,
RPSNMLNLNHLFFAE18CC,5,62.80,見其它登記事項,鋼筋混凝土造,100年6月24日,十層,
RPSOMLNLNHLFFEE68CC,27,64.80,見其它登記事項,見其它登記事項,77年12月31日,一層,
RPQNMLNLNHLFFEE38CC,1,85.15,見其它登記事項,見其它登記事項,104年1月8日,十五層,
RPQNMLNLNHLFFEE38CC,1,14.33,見其它登記事項,見其它登記事項,104年1月8日,十五層,
RPQNMLNLNHLFFEE38CC,1,51.28,見其它登記事項,見其它登記事項,104年1月8日,十五層,
RPQOMLOLNHLFFGE78CC,15,54.20,見其他登記事項,鋼筋混凝土造,90年6月22日,十二層,
RPRNMLNLNHLFFGE68CC,2,88.03,見其他登記事項,見其他登記事項,103年2月21日,十五層,
RPRNMLNLNHLFFGE68CC,2,65.10,見其他登記事項,見其他登記事項,103年2月21日,十五層,
RPWOMLNLNHLFFGE66CC,4,81.75,共有部份,鋼筋混凝土造,101年5月30日,十五層,
RPWOMLNLNHLFFGE66CC,4,118.50,見其他登記事項,鋼筋混凝土造,101年5月30日,十五層,
RPQOMLNLNHLFFGE68CC,16,51.04,見使用執照,鋼筋混凝土造,89年9月18日,四層,
RPRPMLNLNHLFFGE88CC,4,148.82,見其他登記事項,見其他登記事項,101年9月1日,十五層,
RPSNMLNLNHLFFCE38CC,43,151.79,,加強磚造,62年7月23日,三層,
RPWNMLNLNHLFFCE78CC,10,119.23,住家用,鋼筋混凝土造,95年3月17日,十五層,
RPWNMLNLNHLFFCE78CC,10,20.91,住家用,鋼筋混凝土造,95年3月17日,十五層,
RPWNMLNLNHLFFCE78CC,10,78.80,共有部份,鋼筋混凝土造,95年3月17日,十五層,
RPXQMLOLNHLFFEE86CC,31,98.57,,鋼筋混凝土造,74年1月6日,二層,
RPVNMLOLNHLFFEE98CC,40,85.28,,加強磚造,64年3月1日,二層,
RPTQMLOLNHLFFEE09CC,16,99.93,住商用,見使用執照,89年10月30日,十一層,
RPTQMLOLNHLFFEE09CC,16,28.58,見使用執照,見使用執照,89年10月30日,十一層,
RPSOMLOLNHLFFEE78CC,9,52.75,住家用,鋼筋混凝土造,95年11月28日,十五層,
RPSOMLOLNHLFFEE78CC,9,3.76,住家用,鋼筋混凝土造,95年11月28日,十五層,
RPSOMLOLNHLFFEE78CC,9,23.83,見其它登記事項,鋼筋混凝土造,95年11月28日,十五層,
RPUNMLPLNHLFFBE68CC,6,307.27,住商用,鋼筋混凝土造,98年12月22日,十五層,
RPUNMLPLNHLFFBE68CC,6,133.43,見其他登記事項,鋼筋混凝土造,98年12月22日,十五層,
RPQNMLOLNHLFFDE38CC,51,99.06,住家用,加強磚造,54年6月1日,二層,
RPPNMLOLNHLFFBE08CC,27,229.88,,鋼筋混凝土造,78年6月3日,十二層,
RPVNMLOLNHLFFBE68CC,27,102.28,,鋼筋混凝土造,78年11月9日,十二層,
RPROMLOLNHLFFDE58CC,28,127.39,,鋼筋混凝土造,77年6月9日,十二層,
RPROMLOLNHLFFDE58CC,28,24.19,,鋼筋混凝土造,77年6月9日,十二層,
RPVNMLPLNHLFFAE68CC,10,77.07,住家用,鋼筋混凝土造,95年6月26日,十五層,
RPWNMLPLNHLFFAE78CC,11,58.42,住家用,鋼筋混凝土造,94年6月24日,十五層,
RPQPMLPLNHLFFAE38CC,10,73.66,商業用,鋼筋混凝土造,95年4月7日,十三層,
RPQPMLPLNHLFFAE38CC,10,50.04,共有部分,鋼筋混凝土造,95年4月7日,十三層,
RPQPMLPLNHLFFAE38CC,10,137.62,商業用,鋼筋混凝土造,95年4月7日,十三層,
RPXNMLPLNHLFFGE86CC,43,20.79,住家用,加強磚造,62年3月26日,二層,
RPWNMLPLNHLFFGE76CC,43,20.79,住家用,加強磚造,62年3月26日,二層,
RPOOMLPLNHLFFGE68CC,43,20.79,住家用,加強磚造,62年3月26日,二層,
RPVNMLQLNHLFFCE98CC,5,59.76,住家用,鋼筋混凝土造,100年1月25日,十五層,
RPVNMLQLNHLFFCE98CC,5,32.17,見其它登記事項,鋼筋混凝土造,100年1月25日,十五層,
RPROMLQLNHLFFFE98CC,11,51.94,住商用,鋼筋混凝土造,94年6月30日,四層,
RPROMLQLNHLFFFE98CC,11,50.18,住商用,鋼筋混凝土造,94年6月30日,四層,
RPROMLQLNHLFFFE98CC,11,50.18,住商用,鋼筋混凝土造,94年6月30日,四層,
RPROMLQLNHLFFFE98CC,11,37.13,住商用,鋼筋混凝土造,94年6月30日,四層,
RPROMLQLNHLFFFE98CC,11,18.16,住商用,鋼筋混凝土造,94年6月30日,四層,
RPROMLQLNHLFFFE98CC,11,23.26,住商用,鋼筋混凝土造,94年6月30日,四層,
RPROMLQLNHLFFAE48CC,11,28.67,住家用,鋼筋混凝土造,94年6月24日,十五層,
RPROMLQLNHLFFAE48CC,11,2.51,共有部分,鋼筋混凝土造,94年6月24日,十五層,
RPXOMLQLNHLFFAE09CC,8,48.78,住家用,鋼筋混凝土造,97年10月21日,十五層,
RPSNMLPLNHLFFEE78CC,22,34.59,住家用,鋼筋混凝土造,83年1月15日,十層,
RPSNMLPLNHLFFEE78CC,22,12.13,見使用執照,鋼筋混凝土造,83年1月15日,十層,
RPOPMLPLNHLFFEE58CC,17,603.50,見使用執照,見使用執照,88年8月3日,二十九層,
RPOPMLPLNHLFFEE58CC,17,202.22,見使用執照,見使用執照,88年8月3日,二十九層,
RPXNMLPLNHLFFEE66CC,8,121.26,住家用,鋼筋混凝土造,97年4月17日,十五層,
RPXNMLPLNHLFFEE66CC,8,116.78,共有部分,鋼筋混凝土造,97年4月17日,十五層,
RPOOMLQLNHLFFDE48CC,31,47.87,,鋼筋混凝土造,74年9月24日,四層,
RPVNMLQLNHLFFDE09CC,15,89.02,住家用,鋼筋混凝土造,90年6月15日,十四層,
RPVNMLQLNHLFFDE09CC,15,61.40,見使用執照,鋼筋混凝土造,90年6月15日,十四層,
RPXNMLQLNHLFFDE66CC,31,89.17,,鋼筋混凝土造,74年7月18日,四層,
RPSNMLQLNHLFFBE58CC,23,75.45,商業用,鋼筋混凝土造,82年4月1日,二十層,
RPTNMLQLNHLFFBE68CC,22,38.47,住家用,鋼筋混凝土造,83年10月5日,十二層,
RPTNMLQLNHLFFBE68CC,22,19.20,見使用執照,鋼筋混凝土造,83年10月5日,十二層,
RPOOMLRLNHLFFBE38CC,44,190.48,住商用,鋼筋混凝土造,61年4月24日,四層,
RPPNMLRLNHLFFBE38CC,14,144.76,商業用,鋼骨鋼筋混凝土造,91年3月1日,二十六層,
RPPNMLRLNHLFFBE38CC,14,38.49,見其他登記事項,鋼骨鋼筋混凝土造,91年3月1日,二十六層,
RPRNMLRLNHLFFBE58CC,8,36.55,商業用,鋼筋混凝土造,97年5月9日,二層,
RPRNMLRLNHLFFBE58CC,8,36.55,商業用,鋼筋混凝土造,97年5月9日,二層,
RPRNMLRLNHLFFBE58CC,8,36.55,商業用,鋼筋混凝土造,97年5月9日,二層,
RPRNMLRLNHLFFBE58CC,8,36.55,商業用,鋼筋混凝土造,97年5月9日,二層,
RPRNMLRLNHLFFBE58CC,8,36.55,商業用,鋼筋混凝土造,97年5月9日,二層,
RPRNMLRLNHLFFBE58CC,8,36.55,商業用,鋼筋混凝土造,97年5月9日,二層,
RPRNMLRLNHLFFBE58CC,8,36.55,商業用,鋼筋混凝土造,97年5月9日,二層,
RPRNMLRLNHLFFBE58CC,8,36.55,商業用,鋼筋混凝土造,97年5月9日,二層,
RPUNMLRLNHLFFBE88CC,25,95.56,,鋼筋混凝土造,80年5月22日,十六層,
RPUNMLRLNHLFFBE88CC,25,137.62,,鋼筋混凝土造,80年5月22日,十六層,
RPUNMLRLNHLFFBE88CC,25,97.94,,鋼筋混凝土造,80年5月22日,十六層,
RPXNMLRLNHLFFCE66CC,27,127.47,住家用,鋼筋混凝土造,77年12月12日,十六層,
RPQNMLRLNHLFFAE48DC,12,50.25,住家用,鋼筋混凝土造,93年4月23日,十四層,
RPPOMLRLNHLFFDE68CC,32,31.55,,鋼筋混凝土造,72年11月26日,十二層,
RPXNMLOLNHLFFIE96CC,18,186.63,住商用,鋼筋混凝土造,87年10月3日,四層,
RPRNMLSLNHLFFAE58CC,12,88.39,住家用,鋼筋混凝土造,93年10月6日,十四層,
RPRNMLSLNHLFFAE58CC,12,36.56,共有部分,鋼筋混凝土造,93年10月6日,十四層,
RPPNMLSLNHLFFDE68CC,20,147.14,住家用,鋼筋混凝土造,84年12月19日,二十六層,
RPSNMLSLNHLFFAE68CC,46,121.32,,加強磚造,59年2月4日,三層,
RPUNMLRLNHLFFIE96CC,31,61.00,住商用,鋼筋混凝土造,74年1月7日,三層,
RPQNMLKMNHLFFAE77CC,6,283.50,住商用,鋼筋混凝土造,99年9月8日,五層,
RPTNMLSLNHLFFAE78CC,9,89.52,住家用,鋼筋混凝土造,96年2月8日,十五層,
RPTNMLSLNHLFFAE78CC,9,33.82,見其它登記事項,鋼筋混凝土造,96年2月8日,十五層,
RPSNMLKMNHLFFAE97CC,1,35.83,見其它登記事項,見其它登記事項,104年10月7日,十五層,
RPSNMLKMNHLFFAE97CC,1,6.78,見其它登記事項,見其它登記事項,104年10月7日,十五層,
RPSNMLKMNHLFFAE97CC,1,40.59,見其它登記事項,見其它登記事項,104年10月7日,十五層,
RPWOMLKMNHLFFGE09CC,4,58.66,見其他登記事項,鋼筋混凝土造,101年10月24日,四層,
RPTNMLKMNHLFFAE08CC,11,77.61,住家用,鋼筋混凝土造,94年11月10日,十五層,
RPTNMLKMNHLFFAE08CC,11,10.88,住家用,鋼筋混凝土造,94年11月10日,十五層,
RPTNMLKMNHLFFAE08CC,11,68.72,共有部分,鋼筋混凝土造,94年11月10日,十五層,
RPXOMLKMNHLFFGE56CC,4,58.66,見其他登記事項,鋼筋混凝土造,101年10月24日,四層,
RPOOMLKMNHLFFEE08CC,16,90.97,住商用,見其它登記事項,88年12月27日,十四層,
RPOOMLKMNHLFFEE08CC,16,19.85,見使用執照,見使用執照,88年12月27日,十四層,
RPQOMLKMNHLFFEE28CC,29,48.60,,鋼筋混凝土造,76年9月29日,四層,
RPOOMLKMNHLFFAE67CC,22,112.65,住商用,鋼筋混凝土造,83年5月31日,五層,
RPOPMLLMNHLFFGE48CC,35,60.68,住家用,鋼筋混凝土造,70年5月5日,五層,
RPRNMLLMNHLFFCE18CC,9,141.10,住家用,鋼筋混凝土造,96年1月9日,十五層,
RPUNMLLMNHLFFAE28CC,37,246.77,,鋼筋混凝土造,68年8月11日,四層,
RPQNMLLMNHLFFAE87CC,11,27.20,住商用,鋼筋混凝土造,94年3月22日,九層,
RPQNMLLMNHLFFAE87CC,11,40.24,住商用,鋼筋混凝土造,94年3月22日,九層,
RPQNMLLMNHLFFAE87CC,11,14.94,住商用,鋼筋混凝土造,94年3月22日,九層,
RPQNMLLMNHLFFAE87CC,11,23.47,住商用,鋼筋混凝土造,94年3月22日,九層,
RPQNMLLMNHLFFAE87CC,11,10.78,住商用,鋼筋混凝土造,94年3月22日,九層,
RPQNMLLMNHLFFAE87CC,11,48.88,共有部分,鋼筋混凝土造,94年3月22日,九層,
RPVNMLLMNHLFFAE38CC,14,110.74,住商用,鋼筋混凝土造,91年7月1日,四層,
RPTOMLLJOHLFFAE08CC,33,22.92,,鋼筋混凝土造,71年12月10日,十二層,
RPWNMLLJOHLFFAE28CC,26,22.45,商業用,鋼筋混凝土造,79年2月23日,十二層,
RPSOMLLJOHLFFAE97CC,7,44.10,住家用,鋼筋混凝土造,98年2月17日,十五層,
RPSOMLLJOHLFFAE97CC,7,7.97,住家用,鋼筋混凝土造,98年2月17日,十五層,
RPSOMLLJOHLFFAE97CC,7,44.10,共有部分,鋼筋混凝土造,98年2月17日,十五層,
RPROMLLJOHLFFAE87CC,4,52.35,住家用,鋼筋混凝土造,101年9月26日,十五層,
RPROMLLJOHLFFAE87CC,4,5.68,住家用,鋼筋混凝土造,101年9月26日,十五層,
RPROMLLJOHLFFAE87CC,4,46.48,見其它登記事項,鋼筋混凝土造,101年9月26日,十五層,
RPTNMLLMNHLFFDE48CC,40,107.88,,鋼筋混凝土造,65年7月22日,四層,
RPUOMLLJOHLFFAE18CC,22,215.68,商業用,鋼筋混凝土造,83年3月11日,十三層,
RPUOMLLJOHLFFAE18CC,22,74.27,見使用執照,鋼筋混凝土造,83年3月11日,十三層,
RPUOMLLJOHLFFAE18CC,22,39.30,見使用執照,鋼筋混凝土造,83年3月11日,十三層,
RPUNMLLMNHLFFDE58CC,26,400.39,,鋼筋混凝土造,79年2月15日,十六層,
RPUNMLLMNHLFFDE58CC,26,326.09,,鋼筋混凝土造,79年2月15日,十六層,
RPQQMLLJOHLFFEE38CC,11,203.14,見使用執照,鋼筋混凝土造,94年10月26日,十五層,
RPOQMLLJOHLFFEE18CC,24,247.93,見使用執照,鋼筋混凝土造,81年11月11日,二十四層,
RPTNMLLJOHLFFBE08CC,24,222.22,商業用,鋼筋混凝土造,81年6月29日,二十五層,
RPXNMLLJOHLFFBE48CC,23,170.93,商業用,鋼筋混凝土造,82年3月4日,二十八層,
RPXNMLLJOHLFFBE48CC,23,73.44,見使用執照,鋼筋混凝土造,82年3月4日,二十八層,
RPRNMLLJOHLFFBE87CC,1,60.96,住家用,鋼筋混凝土造,104年10月23日,十五層,
RPRNMLLJOHLFFBE87CC,1,9.15,住家用,鋼筋混凝土造,104年10月23日,十五層,
RPRNMLLJOHLFFBE87CC,1,67.99,共有部分,鋼筋混凝土造,104年10月23日,十五層,
RPQOMLLJOHLFFBE87CC,8,134.68,住家用,鋼筋混凝土造,97年9月30日,十五層,
RPQOMLLJOHLFFBE87CC,8,15.11,住家用,鋼筋混凝土造,97年9月30日,十五層,
RPQOMLLJOHLFFBE87CC,8,140.17,共有部分,鋼筋混凝土造,97年9月30日,十五層,
RPOOMLLJOHLFFBE67CC,27,7.87,,鋼筋混凝土造,78年11月9日,十二層,
RPPOMLLJOHLFFBE77CC,23,189.41,商業用,鋼筋混凝土造,82年3月4日,二十八層,
RPPOMLLJOHLFFBE77CC,23,93.64,見使用執照,鋼筋混凝土造,82年3月4日,二十八層,
RPSNMLMJOHLFFBE08CC,40,75.04,,鋼筋混凝土造,65年11月24日,十層,
RPOOMLLJOHLFFGE18CC,4,112.65,見其他登記事項,見其他登記事項,101年9月1日,十五層,
RPQOMLMJOHLFFBE97CC,26,32.12,,鋼筋混凝土造,79年7月13日,七層,
RPQOMLMJOHLFFBE97CC,26,10.31,,鋼筋混凝土造,79年7月13日,七層,
RPROMLMJOHLFFBE08CC,18,305.78,商業用,鋼筋混凝土造,87年7月14日,十三層,
RPRPMLMJOHLFFDE38CC,21,80.73,住家用,鋼筋混凝土造,84年6月15日,二十一層,
RPRPMLMJOHLFFDE38CC,21,31.51,見使用執照,鋼筋混凝土造,84年6月15日,二十一層,
RPQPMLMJOHLFFDE28CC,44,468.25,住商用,鋼筋混凝土造,60年12月17日,三層,
RPPPMLNJOHLFFAE97CC,7,406.43,住商用,鋼筋混凝土造,98年7月16日,五層,
RPQPMLNJOHLFFAE08CC,46,76.80,,加強磚造,59年7月6日,二層,
RPWNMLMJOHLFFBE48CC,7,161.36,住家用,鋼筋混凝土造,98年11月9日,二十四層,
RPWNMLMJOHLFFBE48CC,7,21.13,住家用,鋼筋混凝土造,98年11月9日,二十四層,
RPWNMLMJOHLFFBE48CC,7,104.46,見其他登記事項,鋼筋混凝土造,98年11月9日,二十四層,
RPROMLNJOHLFFEE48CC,29,34.08,,鋼筋混凝土造,76年5月6日,四層,
RPROMLNJOHLFFEE48CC,29,48.48,,鋼筋混凝土造,76年5月6日,四層,
RPROMLNJOHLFFEE48CC,29,48.48,,鋼筋混凝土造,76年5月6日,四層,
RPROMLNJOHLFFEE48CC,29,30.61,,鋼筋混凝土造,76年5月6日,四層,
RPROMLNJOHLFFEE48CC,29,14.40,,鋼筋混凝土造,76年5月6日,四層,
RPROMLNJOHLFFEE48CC,29,10.60,,鋼筋混凝土造,76年5月6日,四層,
RPROMLNJOHLFFEE48CC,29,11.04,,鋼筋混凝土造,76年5月6日,四層,
RPPNMLNJOHLFFFE28CC,23,168.00,住家用,鋼筋混凝土造,82年7月25日,十二層,
RPSNMLOJOHLFFFE68CC,2,244.97,住商用,鋼筋混凝土造,103年2月27日,四層,
RPRQMLLJOHLFFEE48CC,2,84.42,住家用,鋼筋混凝土造,102年12月2日,二十五層,
RPRQMLLJOHLFFEE48CC,2,17.60,住家用,鋼筋混凝土造,102年12月2日,二十五層,
RPRQMLLJOHLFFEE48CC,2,64.85,見其它登記事項,鋼筋混凝土造,102年12月2日,二十五層,
RPOOMLOJOHLFFFE38CC,17,204.52,住商用,鋼筋混凝土造,88年3月29日,四層,
RPOOMLOJOHLFFFE38CC,17,59.57,停車空間,鋼筋混凝土造,88年3月29日,四層,
RPOOMLMJOHLFFGE28CC,6,249.04,見其他登記事項,鋼筋混凝土造,99年11月19日,五層,
RPVNMLNJOHLFFBE48CC,41,158.40,,加強磚造,64年5月1日,三層,
RPPOMLMJOHLFFGE38CC,31,91.53,住家用,加強磚造,74年2月7日,二層,
RPOOMLNJOHLFFGE38CC,1,87.64,見其他登記事項,見其他登記事項,104年9月25日,四層,
RPQOMLOJOHLFFGE68CC,35,32.59,住商用,鋼筋混凝土造,70年4月9日,四層,
RPTNMLQJOHLFFBE58CC,19,145.12,住家用,鋼筋混凝土造,86年4月21日,三十五層,
RPQNMLQJOHLFFBE28CC,34,149.70,,鋼筋混凝土造,71年4月30日,十二層,
RPQNMLQJOHLFFBE28CC,34,8.65,,鋼筋混凝土造,71年4月30日,十二層,
RPPNMLQJOHLFFDE38CC,1,87.29,住家用,鋼筋混凝土造,103年11月24日,十五層,
RPPNMLQJOHLFFDE38CC,1,64.77,共有部分,鋼筋混凝土造,103年11月24日,十五層,
RPTNMLOJOHLFFBE38CC,12,63.40,住家用,鋼筋混凝土造,92年11月28日,十四層,
RPTNMLOJOHLFFBE38CC,12,22.30,見其他登記事項,鋼筋混凝土造,92年11月28日,十四層,
RPQNMLQJOHLFFDE48CC,28,163.39,,鋼筋混凝土造,77年1月18日,四層,
RPOOMLOJOHLFFBE97CC,53,318.03,,加強磚造,52年1月23日,三層,
RPVNMLOJOHLFFBE58CC,19,94.05,住家用,鋼筋混凝土造,86年4月21日,三十五層,
RPWNMLOJOHLFFBE68CC,19,145.12,住家用,鋼筋混凝土造,86年4月21日,三十五層,
RPRNMLQJOHLFFDE58CC,17,179.94,住商用,鋼筋混凝土造,88年9月8日,十四層,
RPRNMLQJOHLFFDE58CC,17,59.06,見使用執照,鋼筋混凝土造,88年9月8日,十四層,
RPPOMLQJOHLFFGE78CC,11,119.37,見其他登記事項,見其他登記事項,94年6月30日,十四層,
RPPOMLQJOHLFFGE78CC,11,72.64,見其他登記事項,見其他登記事項,94年6月30日,十四層,
RPXNMLOJOHLFFBE78CC,19,145.12,住家用,鋼筋混凝土造,86年4月21日,三十五層,
RPUNMLOJOHLFFBE48CC,13,92.91,住家用,鋼筋混凝土造,92年11月28日,十四層,
RPUNMLOJOHLFFBE48CC,13,33.17,見其他登記事項,鋼筋混凝土造,92年11月28日,十四層,
RPTNMLQJOHLFFCE68CC,3,61.85,住家用,鋼筋混凝土造,101年11月26日,五層,
RPSNMLRJOHLFFIE66CC,12,328.31,見其他登記事項,鋼筋混凝土造,92年12月23日,五層,
RPSOMLRJOHLFFFE09CC,2,244.97,住商用,鋼筋混凝土造,103年2月27日,四層,
RPOOMLRJOHLFFGE78CC,,57.12,見其他登記事項,見其他登記事項,105年1月22日,十五層,
RPOOMLRJOHLFFGE78CC,,30.81,見其他登記事項,見其他登記事項,105年1月22日,十五層,
RPTNMLRJOHLFFEE98CC,4,227.96,住商用,鋼筋混凝土造,100年12月29日,五層,
RPQNMLRJOHLFFDE58CC,42,188.04,,加強磚造,63年10月1日,三層,
RPQNMLRJOHLFFDE58CC,42,185.75,,加強磚造,63年10月1日,三層,
RPXNMLRJOHLFFCE56CC,3,202.12,住家用,鋼筋混凝土造,102年3月11日,四層,
RPRPMLSJOHLFFAE68CC,9,169.18,住家用,鋼筋混凝土造,95年12月5日,十九層,
RPRPMLSJOHLFFAE68CC,9,70.54,見其它登記事項,鋼筋混凝土造,95年12月5日,十九層,
RPSPMLSJOHLFFAE78CC,10,174.13,住家用,鋼筋混凝土造,95年2月21日,二十五層,
RPSPMLSJOHLFFAE78CC,10,114.99,共有部分,鋼筋混凝土造,95年2月21日,二十五層,
RPWPMLSJOHLFFAE56CC,58,196.23,,鋼筋混凝土造,47年5月6日,三層,
RPOOMLRJOHLFFBE28CC,14,76.79,住家用,鋼筋混凝土造,91年4月3日,十四層,
RPOQMLSJOHLFFAE48CC,25,172.31,商業用,鋼筋混凝土造,80年5月8日,十二層,
RPOQMLSJOHLFFAE48CC,25,88.23,見使用執照,鋼筋混凝土造,80年5月8日,十二層,
RPTPMLSJOHLFFAE88CC,29,214.07,住商用,鋼筋混凝土造,76年7月3日,四層,
RPSOMLSJOHLFFEE09CC,1,68.00,見其它登記事項,見其它登記事項,104年9月25日,十五層,
RPSOMLSJOHLFFEE09CC,1,46.00,見其它登記事項,見其它登記事項,104年9月25日,十五層,
RPTPMLSJOHLFFEE76DC,2,104.27,住家用,鋼筋混凝土造,102年10月28日,十五層,
RPTPMLSJOHLFFEE76DC,2,65.70,見其它登記事項,鋼筋混凝土造,102年10月28日,十五層,
RPUPMLSJOHLFFEE86DC,2,94.29,住家用,鋼筋混凝土造,102年10月28日,十五層,
RPUPMLSJOHLFFEE86DC,2,54.06,見其它登記事項,鋼筋混凝土造,102年10月28日,十五層,
RPXNMLSJOHLFFCE66CC,37,237.24,,鋼筋混凝土造,68年8月6日,四層,
RPPNMLTJOHLFFAE38CC,57,71.24,,加強磚造,48年1月8日,二層,
RPQNMLTJOHLFFEE88CC,5,51.15,住家用,鋼筋混凝土造,100年9月27日,十五層,
RPQNMLTJOHLFFEE88CC,5,6.06,住家用,鋼筋混凝土造,100年9月27日,十五層,
RPQNMLTJOHLFFEE88CC,5,32.19,共有部分,鋼筋混凝土造,100年9月27日,十五層,
RPXNMLSJOHLFFBE56CC,35,83.15,,鋼筋混凝土造,69年12月8日,七層,
RPQNMLKKOHLFFAE67CC,12,285.69,住商用,鋼筋混凝土造,93年7月5日,五層,
RPPNMLKKOHLFFBE67CC,38,160.00,,鋼筋混凝土造,67年3月15日,十層,
RPRNMLKKOHLFFAE77CC,11,85.21,住家用,鋼筋混凝土造,94年9月21日,十五層,
RPRNMLKKOHLFFAE77CC,11,37.06,共有部分,鋼筋混凝土造,94年9月21日,十五層,
RPRNMLTJOHLFFAE58CC,5,330.27,住家用,鋼筋混凝土造,100年7月27日,五層,
RPRNMLTJOHLFFAE58CC,5,22.72,住家用,鋼筋混凝土造,100年7月27日,五層,
RPQNMLKKOHLFFEE08CC,9,79.32,住家用,鋼筋混凝土造,96年4月4日,十四層,
RPQNMLKKOHLFFEE08CC,9,33.51,共有部分,鋼筋混凝土造,96年4月4日,十四層,
RPWNMLSJOHLFFBE09CC,34,117.07,,鋼筋混凝土造,71年4月30日,十二層,
RPWNMLSJOHLFFBE09CC,34,5.55,,鋼筋混凝土造,71年4月30日,十二層,
RPPNMLTJOHLFFIE56CC,25,347.86,住家用,鋼筋混凝土造,79年12月30日,四層,
RPRNMLTJOHLFFIE76CC,8,150.41,見其他登記事項,鋼筋混凝土造,97年1月15日,十五層,
RPRNMLTJOHLFFIE76CC,8,26.60,見其他登記事項,鋼筋混凝土造,97年1月15日,十五層,
RPRNMLTJOHLFFIE76CC,8,101.95,共有部份,鋼筋混凝土造,97年1月15日,二十三層,
RPQNMLKKOHLFFIE48CC,8,150.41,見其他登記事項,鋼筋混凝土造,97年1月15日,十五層,
RPQNMLKKOHLFFIE48CC,8,29.05,見其他登記事項,鋼筋混凝土造,97年1月15日,十五層,
RPQNMLKKOHLFFIE48CC,8,103.19,共有部份,鋼筋混凝土造,97年1月15日,二十三層,
RPPNMLKKOHLFFCE77CC,2,94.93,住家用,鋼筋混凝土造,103年7月31日,十一層,
RPPNMLLKOHLFFEE08CC,10,60.10,住家用,鋼筋混凝土造,95年7月6日,十五層,
RPPNMLLKOHLFFEE08CC,10,25.10,見其它登記事項,鋼筋混凝土造,95年7月6日,十五層,
RPQNMLLKOHLFFAE77CC,37,61.16,,鋼筋混凝土造,68年11月26日,八層,
RPPNMLLKOHLFFAE67CC,8,138.28,住家用,鋼筋混凝土造,97年1月11日,二十四層,
RPPNMLLKOHLFFAE67CC,8,103.74,共有部分,鋼筋混凝土造,97年1月11日,二十四層,
RPRNMLLKOHLFFAE87CC,14,82.48,住家用,鋼筋混凝土造,91年7月1日,十四層,
RPRNMLLKOHLFFAE87CC,14,36.62,共有部分,鋼筋混凝土造,91年7月1日,十四層,
RPQNMLLKOHLFFEE18CC,23,174.53,住商用,鋼筋混凝土造,82年7月3日,十六層,
RPQNMLLKOHLFFEE18CC,23,22.44,見使用執照,鋼筋混凝土造,82年7月3日,十六層,
RPVNMLNKOHLFFBE58CC,12,169.60,住家用,鋼筋混凝土造,93年7月5日,十四層,
RPUNMLNKOHLFFGE98CC,37,16.00,住家用,鋼筋混凝土造,68年4月30日,五層,
RPPOMLNKOHLFFGE58CC,22,85.77,住商用,鋼筋混凝土造,83年7月23日,十六層,
RPWNMLNKOHLFFGE56CC,4,118.98,見其他登記事項,鋼筋混凝土造,101年5月15日,十五層,
RPVNMLNKOHLFFCE68CC,18,126.34,商業用,鋼筋混凝土造,87年7月14日,二十八層,
RPVNMLNKOHLFFCE68CC,18,71.73,共有部份,鋼筋混凝土造,87年7月14日,二十八層,
RPWOMLNKOHLFFCE88CC,36,235.74,,鋼筋混凝土造,69年1月22日,四層,
RPOPMLNKOHLFFCE18CC,10,98.71,住商用,見其它登記事項,95年11月21日,十五層,
RPOPMLNKOHLFFCE18CC,10,33.47,共有部份,見其它登記事項,95年11月21日,十五層,
RPXNMLOKOHLFFCE98CC,10,145.02,住家用,鋼筋混凝土造,95年3月14日,十四層,
RPWPMLNKOHLFFEE56CC,16,329.99,見使用執照,見使用執照,89年7月10日,一層,
RPTNMLOKOHLFFIE56CC,17,216.29,見其他登記事項,鋼筋混凝土造,88年1月12日,五層,
RPTNMLOKOHLFFIE56CC,17,29.90,見其他登記事項,鋼筋混凝土造,88年1月12日,五層,
RPRPMLNKOHLFFEE68CC,9,78.23,住家用,鋼筋混凝土造,96年4月2日,十五層,
RPRPMLNKOHLFFEE68CC,9,33.30,共有部分,鋼筋混凝土造,96年4月2日,十五層,
RPWOMLNKOHLFFEE09CC,10,557.81,見其它登記事項,鋼筋混凝土造,95年11月3日,五層,
RPPNMLNKOHLFFEE38DC,4,153.14,住商用,鋼筋混凝土造,101年9月14日,十三層,
RPPNMLNKOHLFFEE38DC,4,86.28,見其它登記事項,鋼筋混凝土造,101年9月14日,十三層,
RPWNMLNKOHLFFEE98CC,5,191.15,住商用,鋼筋混凝土造,99年12月28日,十五層,
RPWNMLNKOHLFFEE98CC,5,51.74,見其它登記事項,鋼筋混凝土造,99年12月28日,十五層,
RPROMLOKOHLFFDE68DC,22,133.78,住家用,鋼筋混凝土造,83年11月14日,二十三層,
RPROMLOKOHLFFDE68DC,22,25.23,見使用執照,鋼筋混凝土造,83年11月14日,二十三層,
RPROMLOKOHLFFDE68DC,22,13.81,見使用執照,鋼筋混凝土造,83年11月14日,二十三層,
RPROMLOKOHLFFDE68DC,22,8.74,見使用執照,鋼筋混凝土造,83年11月14日,二十三層,
RPPNMLOKOHLFFAE97CC,20,26.78,住家用,鋼筋混凝土造,85年5月6日,十二層,
RPPOMLOKOHLFFDE38CC,4,170.61,住商用,鋼筋混凝土造,101年8月13日,五層,
RPUNMLOKOHLFFAE48CC,26,67.40,商業用,鋼筋混凝土造,79年2月16日,十二層,
RPTOMLOKOHLFFDE78CC,42,118.20,,加強磚造,63年10月9日,三層,
RPQOMLPKOHLFFGE88CC,46,77.75,住家用,加強磚造,59年5月15日,二層,
RPUOMLPKOHLFFGE66CC,6,302.44,見其他登記事項,鋼筋混凝土造,99年8月7日,五層,
RPROMLPKOHLFFGE98CC,2,64.88,見其他登記事項,見其他登記事項,103年7月1日,五層,
RPROMLPKOHLFFGE98CC,2,16.94,見其他登記事項,見其他登記事項,103年7月1日,五層,
RPTOMLPKOHLFFCE78CC,22,117.67,住家用,鋼筋混凝土造,83年9月3日,十六層,
RPTOMLPKOHLFFCE78CC,22,44.73,見使用執照,鋼筋混凝土造,83年9月3日,十六層,
RPVNMLPKOHLFFAE78DC,10,60.38,住家用,鋼筋混凝土造,95年6月8日,十一層,
RPSNMLPKOHLFFBE48CC,19,93.92,住家用,鋼筋混凝土造,86年4月21日,三十五層,
RPVNMLPKOHLFFBE88DC,34,62.55,,鋼筋混凝土造,71年2月27日,七層,
RPXNMLOKOHLFFBE88CC,49,171.87,,加強磚造,55年12月21日,三層,
RPROMLOKOHLFFBE38CC,13,139.98,住商用,鋼筋混凝土造,92年11月28日,十四層,
RPUNMLQKOHLFFIE96DC,21,128.24,住家用,鋼筋混凝土造,84年11月24日,三層,
RPUNMLOKOHLFFBE58CC,43,178.13,,鋼筋混凝土造,62年4月28日,三層,
RPWNMLPKOHLFFBE98DC,12,76.73,住家用,鋼筋混凝土造,93年3月3日,十四層,
RPRNMLPKOHLFFFE78CC,10,122.34,住商用,鋼筋混凝土造,95年5月12日,十三層,
RPVNMLOKOHLFFBE68CC,20,25.33,住家用,鋼筋混凝土造,85年6月3日,十三層,
RPVNMLOKOHLFFBE68CC,20,10.19,見使用執照,鋼筋混凝土造,85年6月3日,十三層,
RPPPMLQKOHLFFEE78CC,21,147.40,住家用,鋼筋混凝土造,84年8月24日,十三層,
RPVOMLQKOHLFFDE56CC,25,228.64,,鋼筋混凝土造,80年2月25日,二十層,
RPOOMLQKOHLFFDE58DC,21,184.84,住商用,鋼筋混凝土造,83年12月28日,十三層,
RPOOMLQKOHLFFDE58DC,21,170.46,住商用,鋼筋混凝土造,83年12月28日,十三層,
RPOOMLQKOHLFFCE38CC,17,152.06,住家用,見其它登記事項,88年2月9日,三十九層,
RPOOMLQKOHLFFCE38CC,17,49.35,共有部份,見其它登記事項,88年2月9日,三十九層,
RPPNMLQKOHLFFAE18CC,52,67.28,住商用,加強磚造,53年4月23日,四層,
RPPNMLRKOHLFFDE58CC,35,164.93,商業用,鋼筋混凝土造,70年7月12日,五層,
RPUNMLRKOHLFFEE56CC,2,84.03,住家用,鋼筋混凝土造,103年3月27日,十五層,
RPXNMLRKOHLFFEE86CC,2,50.38,住家用,鋼筋混凝土造,103年3月27日,十五層,
RPXNMLRKOHLFFEE86CC,2,5.87,住家用,鋼筋混凝土造,103年3月27日,十五層,
RPXNMLRKOHLFFEE86CC,2,29.12,見其它登記事項,鋼筋混凝土造,103年3月27日,十五層,
RPQNMLRKOHLFFBE48CC,53,118.50,,加強磚造,52年9月4日,二層,
RPOOMLRKOHLFFEE68CC,2,108.00,住家用,鋼筋混凝土造,102年12月27日,十四層,
RPUOMLRKOHLFFAE88CC,48,67.96,,加強磚造,57年7月4日,二層,
RPVOMLRKOHLFFAE98CC,32,81.91,,鋼筋混凝土造,72年12月31日,五層,
RPSNMLRKOHLFFGE56CC,2,62.36,見其他登記事項,見其他登記事項,103年6月1日,十四層,
RPWOMLRKOHLFFAE09CC,93,119.01,商業用,見使用執照,,二層,
RPSNMLQKOHLFFBE58CC,20,141.96,商業用,鋼筋混凝土造,84年12月14日,十二層,
RPSNMLQKOHLFFBE58CC,20,26.92,見使用執照,鋼筋混凝土造,84年12月14日,十二層,
RPTOMLRKOHLFFBE88CC,44,70.84,,加強磚造,61年6月27日,三層,
RPXNMLRKOHLFFBE56CC,32,46.01,住商用,鋼筋混凝土造,73年7月26日,五層,
RPRNMLQKOHLFFBE48CC,19,94.71,住家用,鋼筋混凝土造,86年4月21日,三十五層,
RPUNMLQKOHLFFBE78CC,9,149.91,住家用,鋼筋混凝土造,96年8月13日,十五層,
RPUNMLQKOHLFFBE78CC,9,69.88,,鋼筋混凝土造,96年8月13日,十五層,
RPUNMLRKOHLFFCE98CC,1,84.84,見其它登記事項,鋼筋混凝土造,104年5月4日,十四層,
RPUNMLRKOHLFFCE98CC,1,10.68,見其它登記事項,鋼筋混凝土造,104年5月4日,十四層,
RPUNMLRKOHLFFCE98CC,1,99.62,見其它登記事項,鋼筋混凝土造,104年5月4日,十四層,
RPPNMLSKOHLFFDE68CC,37,264.47,,鋼筋混凝土造,68年11月22日,四層,
RPPOMLKLOHLFFDE08CC,58,68.04,住商用,見使用執照,47年9月17日,三層,
RPPPMLKLOHLFFDE18CC,9,45.08,住商用,鋼筋混凝土造,96年6月7日,五層,
RPUNMLKLOHLFFCE38CC,23,106.95,住商用,鋼筋混凝土造,82年7月30日,二十四層,
RPUNMLKLOHLFFCE38CC,23,63.47,見使用執照,鋼筋混凝土造,82年7月30日,二十四層,
RPUNMLKLOHLFFBE28CC,27,76.07,,鋼筋混凝土造,78年11月9日,十二層,
RPQOMLKLOHLFFBE97CC,40,75.54,,鋼筋混凝土造,65年11月24日,十層,
RPVNMLKLOHLFFBE38CC,40,92.60,,鋼筋混凝土造,65年11月24日,十層,
RPOOMLKLOHLFFGE28CC,41,183.33,住商用,加強磚造,64年2月20日,三層,
RPQNMLSKOHLFFBE58CC,25,176.63,,鋼筋混凝土造,79年11月30日,十二層,
RPUOMLKLOHLFFGE88CC,39,82.39,住家用,加強磚造,66年3月17日,五層,
RPSOMLKLOHLFFEE48CC,17,110.64,見其它登記事項,鋼筋混凝土造,88年3月15日,十七層,
RPSOMLKLOHLFFEE48CC,17,43.20,見其它登記事項,鋼筋混凝土造,88年3月15日,十七層,
RPSOMLKLOHLFFEE48CC,17,94.60,見使用執照,見使用執照,88年3月15日,十七層,
RPQNMLLLOHLFFGE48CC,42,77.94,住商用,加強磚造,63年7月3日,二層,
RPQPMLLLOHLFFGE68CC,29,103.22,住商用,鋼筋混凝土造,76年9月23日,二層,
RPQNMLTKOHLFFBE68CC,19,166.02,住家用,鋼筋混凝土造,86年4月21日,三十五層,
RPQNMLLLOHLFFBE97CC,35,99.14,,鋼筋混凝土造,70年11月4日,五層,
RPSOMLLLOHLFFDE48CC,31,94.06,,鋼筋混凝土造,74年2月15日,五層,
RPVTMLKLOHLFFEE66CC,40,111.20,,加強磚造,65年3月19日,二層,
RPPUMLKLOHLFFEE78CC,21,116.80,住商用,鋼筋混凝土造,83年12月24日,十層,
RPUNMLLLOHLFFEE78DC,22,349.83,住商用,鋼筋混凝土造,83年8月25日,五層,
RPUNMLLLOHLFFEE78DC,22,16.60,住商用,鋼筋混凝土造,83年8月25日,五層,
RPTOMLLLOHLFFEE68CC,1,93.82,見其它登記事項,見其它登記事項,104年5月29日,十五層,
RPTOMLLLOHLFFEE68CC,1,63.64,見其它登記事項,見其它登記事項,104年5月29日,十五層,
RPXOMLMLOHLFFAE88DC,13,90.20,住家用,鋼筋混凝土造,92年12月2日,二十三層,
RPPOMLMLOHLFFAE97CC,67,365.37,住商用,加強磚造,38年10月10日,三層,
RPSOMLMLOHLFFGE88CC,1,57.55,見其他登記事項,見其他登記事項,104年5月8日,十五層,
RPSOMLMLOHLFFGE88CC,1,32.37,見其他登記事項,見其他登記事項,104年5月8日,十五層,
RPSNMLMLOHLFFAE18CC,25,37.59,住家用,鋼筋混凝土造,80年8月10日,十六層,
RPSNMLMLOHLFFAE18CC,25,3.60,住家用,鋼筋混凝土造,80年8月10日,十六層,
RPSNMLMLOHLFFAE18CC,25,.88,住家用,鋼筋混凝土造,80年8月10日,十六層,
RPSNMLMLOHLFFAE18CC,25,17.07,,鋼筋混凝土造,80年8月10日,十六層,
RPOQMLMLOHLFFEE48CC,10,383.03,住家用,鋼筋混凝土造,95年8月2日,四層,
RPOQMLMLOHLFFEE48CC,26,627.86,住商用,鋼筋混凝土造,79年9月3日,四層,
RPQQMLMLOHLFFEE68CC,8,146.34,住家用,鋼筋混凝土造,97年9月17日,十五層,
RPRQMLNLOHLFFEE88CC,21,387.31,見使用執照,見其它登記事項,84年2月22日,一層,
RPRQMLNLOHLFFEE88CC,21,71.96,見使用執照,見其它登記事項,84年2月22日,一層,
RPXOMLMLOHLFFDE09CC,49,145.92,住家用,加強磚造,56年8月20日,二層,
RPSPMLMLOHLFFDE68CC,23,160.23,住家用,鋼筋混凝土造,81年12月28日,十五層,
RPPPMLMLOHLFFDE38CC,38,53.50,,鋼筋混凝土造,67年5月3日,三層,
RPVQMLNLOHLFFEE66CC,10,67.80,見其它登記事項,加強磚造,95年10月30日,二層,
RPVOMLNLOHLFFIE86CC,21,128.24,住家用,鋼筋混凝土造,84年11月24日,三層,
RPTNMLNLOHLFFDE68CC,16,41.95,住商用,鋼筋混凝土造,89年11月29日,五層,
RPUNMLOLOHLFFAE58CC,21,228.96,住家用,鋼筋混凝土造,84年11月29日,十九層,
RPRNMLNLOHLFFCE38CC,22,538.95,住商用,鋼筋混凝土造,83年8月9日,十二層,
RPRNMLNLOHLFFCE38CC,22,209.88,住家用,鋼筋混凝土造,83年8月9日,十二層,
RPPNMLNLOHLFFCE18CC,16,324.22,見其它登記事項,見其它登記事項,89年11月4日,三十層,
RPPNMLNLOHLFFCE18CC,16,.36,見其它登記事項,見其它登記事項,89年11月4日,三十層,
RPPNMLNLOHLFFCE18CC,16,231.50,共有部份,見其它登記事項,89年11月4日,三十層,
RPUNMLNLOHLFFCE68CC,38,83.80,,鋼筋混凝土造,67年11月25日,三層,
RPXNMLNLOHLFFBE88CC,19,122.35,住家用,鋼筋混凝土造,86年4月21日,三十五層,
RPXPMLNLOHLFFBE09CC,33,37.65,,鋼筋混凝土造,72年3月5日,十二層,
RPXPMLNLOHLFFBE09CC,33,8.42,,鋼筋混凝土造,72年3月5日,十二層,
RPOQMLNLOHLFFBE28CC,27,7.87,,鋼筋混凝土造,78年11月9日,十二層,
RPQQMLNLOHLFFBE48CC,27,44.43,,鋼筋混凝土造,78年11月9日,十二層,
RPTOMLOLOHLFFGE56CC,2,85.19,見其他登記事項,鋼筋混凝土造,103年10月13日,十五層,
RPQOMLOLOHLFFCE48CC,45,67.14,,加強磚造,60年4月2日,二層,
RPSNMLPLOHLFFAE48CC,10,92.93,住家用,鋼筋混凝土造,95年2月20日,十五層,
RPRPMLRLOHLFFDE09CC,22,32.20,商業用,鋼筋混凝土造,83年11月1日,十二層,
RPTPMLRLOHLFFDE66CC,36,198.65,,鋼筋混凝土造,69年2月21日,五層,
RPOPMLRLOHLFFDE78CC,21,65.37,住家用,鋼筋混凝土造,84年6月15日,二十一層,
RPUPMLRLOHLFFDE76CC,25,103.08,,鋼筋混凝土造,80年3月1日,十二層,
RPUPMLRLOHLFFDE76CC,25,85.28,,鋼筋混凝土造,80年3月1日,十二層,
RPUPMLRLOHLFFDE76CC,25,164.48,,鋼筋混凝土造,80年3月1日,十二層,
RPUPMLRLOHLFFDE76CC,25,151.48,,鋼筋混凝土造,80年3月1日,十二層,
RPOOMLOLOHLFFEE48CC,19,176.18,住商用,鋼筋混凝土造,86年9月11日,十層,
RPTNMLRLOHLFFBE88CC,27,45.88,,鋼筋混凝土造,78年11月9日,十二層,
RPSNMLRLOHLFFBE78CC,33,288.43,,鋼筋混凝土造,72年2月7日,五層,
RPPNMLRLOHLFFGE98CC,15,94.48,見其他登記事項,鋼筋混凝土造,90年6月22日,十二層,
RPPPMLRLOHLFFGE56CC,24,77.34,住家用,鋼筋混凝土造,81年9月10日,七層,
RPPPMLRLOHLFFGE56CC,24,21.84,共有部份,鋼筋混凝土造,81年9月10日,十層,
RPSNMLSLOHLFFBE98DC,34,323.57,,鋼筋混凝土造,71年5月10日,四層,
RPXNMLSLOHLFFFE17CC,41,119.28,住商用,加強磚造,64年9月1日,三層,
RPPNMLSLOHLFFAE48CC,21,116.43,住家用,鋼筋混凝土造,84年3月9日,二十一層,
RPPNMLSLOHLFFAE48CC,21,32.30,見使用執照,鋼筋混凝土造,84年3月9日,二十一層,
RPSNMLRLOHLFFEE09CC,2,123.00,見其它登記事項,鋼筋混凝土造,103年7月3日,十五層,
RPVQMLSLOHLFFEE17CC,4,167.16,住家用,鋼筋混凝土造,101年11月23日,十五層,
RPUNMLSLOHLFFGE96CC,36,133.98,住商用,鋼筋混凝土造,69年1月9日,三層,
RPSNMLSLOHLFFAE78CC,58,342.27,,加強磚造,46年12月31日,四層,
RPSNMLSLOHLFFAE78CC,58,272.03,,加強磚造,46年12月31日,四層,
RPTNMLSLOHLFFAE88CC,13,141.13,住家用,鋼筋混凝土造,92年12月2日,二十三層,
RPTNMLSLOHLFFAE88CC,13,19.16,共有部分,鋼筋混凝土造,92年12月2日,二十三層,
RPTNMLSLOHLFFAE88CC,13,40.43,共有部分,鋼筋混凝土造,92年12月2日,二十三層,
RPXNMLSLOHLFFGE27CC,1,212.26,見其他登記事項,見其他登記事項,104年10月26日,一層,
RPXNMLSLOHLFFGE27CC,1,213.86,見其他登記事項,見其他登記事項,104年10月26日,一層,
RPXNMLSLOHLFFGE27CC,1,213.86,見其他登記事項,見其他登記事項,104年10月26日,一層,
RPSOMLSLOHLFFAE88CC,13,139.72,住家用,鋼筋混凝土造,92年11月28日,十四層,
RPROMLTLOHLFFBE98CC,19,113.28,住家用,鋼筋混凝土造,86年4月21日,三十五層,
RPSOMLTLOHLFFBE09CC,37,300.83,商業用,鋼筋混凝土造,67年12月29日,十層,
RPTNMLTLOHLFFDE76DC,42,118.49,,鋼筋混凝土造,63年6月11日,四層,
RPTOMLTLOHLFFBE56CC,45,161.24,,加強磚造,60年8月10日,三層,
RPVNMLTLOHLFFCE76CC,19,165.60,見其它登記事項,鋼筋混凝土造,86年11月20日,十五層,
RPTOMLTLOHLFFIE27CC,1,97.19,見其他登記事項,鋼筋混凝土造,104年7月24日,十五層,
RPOPMLTLOHLFFEE09CC,1,49.59,見其它登記事項,見其它登記事項,104年10月2日,十五層,
RPOPMLTLOHLFFEE09CC,1,7.45,見其它登記事項,見其它登記事項,104年10月2日,十五層,
RPOPMLTLOHLFFEE09CC,1,28.18,見其它登記事項,見其它登記事項,104年10月2日,十五層,
RPRPMLTLOHLFFEE76CC,21,65.71,住商用,鋼筋混凝土造,84年1月23日,十一層,
RPXOMLKMOHLFFGE66CC,20,86.80,住家用,鋼筋混凝土造,85年1月11日,十四層,
RPRNMLKMOHLFFGE58CC,43,38.95,住商用,加強磚造,62年4月15日,二層,
RPTNMLSLOHLFFLE37CC,9,148.76,見其他登記事項,鋼筋混凝土造,96年3月28日,四層,
RPTNMLSLOHLFFLE37CC,9,180.24,見其他登記事項,鋼筋混凝土造,96年3月28日,四層,
RPRRMLTLOHLFFEE96CC,18,75.97,住家用,鋼筋混凝土造,87年8月4日,十四層,
RPQPMLKMOHLFFGE68CC,22,309.48,住家用,鋼筋混凝土造,83年1月12日,十五層,
RPQPMLKMOHLFFGE68CC,22,44.73,共有部份,鋼筋混凝土造,83年1月12日,十五層,
RPXPMLKMOHLFFEE56CC,2,115.12,住家用,鋼筋混凝土造,103年2月27日,十五層,
RPXPMLKMOHLFFEE56CC,2,57.98,見其它登記事項,鋼筋混凝土造,103年2月27日,十五層,
RPSNMLKMOHLFFJE98CC,26,12.60,住家用,鋼筋混凝土造,79年4月10日,二層,
RPOPMLKMOHLFFEE28CC,2,46.98,住家用,鋼筋混凝土造,103年3月27日,十五層,
RPOPMLKMOHLFFEE28CC,2,8.44,住家用,鋼筋混凝土造,103年3月27日,十五層,
RPOPMLKMOHLFFEE28CC,2,57.92,見其它登記事項,鋼筋混凝土造,103年3月27日,十五層,
RPOOMLKMOHLFFIE58CC,19,108.83,住家用,鋼筋混凝土造,86年4月23日,三層,
RPOOMLKMOHLFFDE08CC,9,317.54,住商用,鋼筋混凝土造,96年6月7日,五層,
RPWNMLKMOHLFFBE58CC,46,151.14,,加強磚造,59年8月18日,三層,
RPOOMLKMOHLFFBE87CC,46,54.31,,加強磚造,59年12月12日,二層,
RPROMLKMOHLFFAE08CC,58,272.03,,加強磚造,46年12月31日,四層,
RPROMLKMOHLFFAE08CC,58,342.27,,加強磚造,46年12月31日,四層,
RPQOMLKMOHLFFAE97CC,9,56.34,住商用,鋼筋混凝土造,96年7月20日,五層,
RPQOMLKMOHLFFAE97CC,9,23.95,住商用,鋼筋混凝土造,96年7月20日,五層,
RPTOMLKMOHLFFBE38CC,35,87.26,,鋼筋混凝土造,70年12月7日,五層,
RPXNMLKMOHLFFBE68CC,9,59.02,住家用,鋼筋混凝土造,96年4月13日,十五層,
RPXNMLKMOHLFFBE68CC,9,26.54,共有部分,鋼筋混凝土造,96年4月13日,十五層,
RPVOMLLJPHLFFBE48CC,28,47.23,,鋼筋混凝土造,77年5月2日,五層,
RPVNMLLJPHLFFBE38CC,19,122.35,住家用,鋼筋混凝土造,86年4月21日,三十五層,
RPTNMLLJPHLFFDE38CC,22,119.12,工業用,鋼筋混凝土造,83年2月8日,十三層,
RPSOMLLJPHLFFDE38CC,35,99.30,,鋼筋混凝土造,70年1月12日,五層,
RPTOMLLJPHLFFDE48CC,62,130.52,住商用,加強磚造,43年5月2日,三層,
RPUNMLLJPHLFFDE48CC,20,68.57,住商用,鋼筋混凝土造,85年1月26日,十二層,
RPUOMLLJPHLFFDE58CC,38,103.94,,鋼筋混凝土造,67年2月18日,六層,
RPUNMLLJPHLFFCE48DC,45,35.47,住家用,加強磚造,60年6月28日,二層,
RPUOMLLJPHLFFBE38CC,46,74.95,住商用,加強磚造,59年11月9日,三層,
RPOOMLLJPHLFFGE28CC,13,274.34,見其他登記事項,鋼筋混凝土造,92年6月12日,四層,
RPQOMLLJPHLFFGE48CC,43,102.97,住商用,加強磚造,62年6月15日,二層,
RPOQMLLJPHLFFEE28CC,2,355.79,住家用,見其它登記事項,103年12月10日,三十五層,
RPQQMLLJPHLFFEE48CC,1,150.01,見其它登記事項,見其它登記事項,104年11月16日,十五層,
RPSPMLLJPHLFFEE58CC,20,89.74,住家用,鋼筋混凝土造,85年1月12日,十九層,
RPSPMLLJPHLFFEE58CC,20,10.88,住家用,鋼筋混凝土造,85年1月12日,十九層,
RPSPMLLJPHLFFEE58CC,20,.70,住家用,鋼筋混凝土造,85年1月12日,十九層,
RPPNMLMJPHLFFCE97CC,11,110.60,住家用,鋼筋混凝土造,94年10月28日,十層,
RPOOMLLJPHLFFFE18CC,3,237.92,住商用,鋼筋混凝土造,102年3月29日,四層,
RPUNMLMJPHLFFDE58CC,22,177.32,住商用,鋼筋混凝土造,83年11月24日,十三層,
RPUNMLMJPHLFFDE58CC,22,59.79,見使用執照,鋼筋混凝土造,83年11月24日,十三層,
RPTNMLMJPHLFFAE18CC,4,64.82,住家用,鋼筋混凝土造,101年11月7日,十五層,
RPTNMLMJPHLFFAE18CC,4,57.62,見其它登記事項,鋼筋混凝土造,101年11月7日,十五層,
RPSNMLMJPHLFFAE08CC,5,75.82,住家用,鋼筋混凝土造,100年1月20日,十九層,
RPSNMLMJPHLFFAE08CC,5,64.17,見其它登記事項,鋼筋混凝土造,100年1月20日,十九層,
RPSNMLMJPHLFFBE18CC,36,18.76,,鋼筋混凝土造,69年10月14日,五層,
RPRNMLMJPHLFFBE08CC,36,18.76,,鋼筋混凝土造,69年10月14日,五層,
RPPNMLMJPHLFFBE87CC,23,311.90,商業用,鋼筋混凝土造,82年3月4日,二十八層,
RPUNMLMJPHLFFBE38CC,17,120.40,商業用,鋼骨鋼筋混凝土造,88年4月1日,八十五層,
RPUNMLMJPHLFFBE38CC,17,49.07,見其他登記事項,鋼骨鋼筋混凝土造,88年4月1日,八十五層,
RPUNMLMJPHLFFBE38CC,17,7.17,見其他登記事項,鋼骨鋼筋混凝土造,88年4月1日,八十五層,
RPUNMLMJPHLFFBE38CC,17,13.66,見其他登記事項,鋼骨鋼筋混凝土造,88年4月1日,八十五層,
RPXNMLOJPHLFFCE98CC,9,91.11,住家用,鋼筋混凝土造,96年5月9日,二十七層,
RPPNMLNJPHLFFCE08CC,21,154.43,住家用,鋼筋混凝土造,84年12月12日,二十七層,
RPUOMLOJPHLFFEE98CC,11,135.94,住家用,鋼筋混凝土造,94年1月31日,十一層,
RPUOMLOJPHLFFEE98CC,11,10.56,住家用,鋼筋混凝土造,94年1月31日,十一層,
RPUOMLOJPHLFFEE98CC,11,96.88,見使用執照,鋼筋混凝土造,94年1月31日,十一層,
RPTNMLOJPHLFFAE38CC,29,127.31,,鋼筋混凝土造,76年1月27日,七層,
RPVOMLOJPHLFFEE09CC,11,47.96,住家用,鋼筋混凝土造,94年5月20日,十四層,
RPVOMLOJPHLFFEE09CC,11,7.37,住家用,鋼筋混凝土造,94年5月20日,十四層,
RPVOMLOJPHLFFEE09CC,11,35.39,見使用執照,鋼筋混凝土造,94年5月20日,十四層,
RPPPMLOJPHLFFEE58CC,10,279.16,住商用,鋼筋混凝土造,95年3月28日,四層,
RPPNMLNJPHLFFBE97CC,33,6.85,,鋼筋混凝土造,72年5月5日,十二層,
RPPNMLNJPHLFFBE97CC,33,38.71,,鋼筋混凝土造,72年5月5日,十二層,
RPSQMLOJPHLFFEE98CC,1,159.36,見其它登記事項,見其它登記事項,104年11月16日,十五層,
RPXPMLOJPHLFFEE76CC,25,179.29,住家用,鋼筋混凝土造,80年8月9日,十六層,
RPWNMLPJPHLFFDE09CC,22,125.40,住商用,鋼筋混凝土造,83年1月19日,十五層,
RPSNMLPJPHLFFEE78CC,11,326.60,商業用,見使用執照,94年6月27日,一層,
RPRNMLQJPHLFFFE88CC,35,75.25,住家用,加強磚造,70年2月25日,二層,
RPQOMLPJPHLFFCE48CC,34,77.54,,鋼筋混凝土造,71年6月30日,五層,
RPOOMLPJPHLFFCE28CC,17,44.95,住家用,見其它登記事項,88年2月9日,三十九層,
RPOOMLPJPHLFFCE28CC,17,20.78,共有部份,見其它登記事項,88年2月9日,三十九層,
RPRNMLQJPHLFFCE58CC,33,129.81,,鋼筋混凝土造,72年4月30日,五層,
RPVOMLPJPHLFFCE98CC,9,96.55,住家用,鋼筋混凝土造,96年1月9日,十五層,
RPVOMLPJPHLFFCE98CC,9,54.54,共有部份,鋼筋混凝土造,96年1月9日,十五層,
RPUNMLQJPHLFFIE86CC,19,31.68,住商用,鋼筋混凝土造,86年7月24日,四層,
RPXOMLQJPHLFFEE86CC,51,46.81,住家用,加強磚造,54年3月2日,二層,
RPXOMLQJPHLFFEE86CC,51,46.81,,加強磚造,54年3月2日,二層,
RPTNMLQJPHLFFGE56CC,36,83.09,住家用,鋼筋混凝土造,69年12月3日,五層,
RPTNMLQJPHLFFAE58CC,34,55.53,,鋼筋混凝土造,71年5月31日,十層,
RPSOMLPJPHLFFBE58CC,28,292.22,,鋼筋混凝土造,77年5月2日,五層,
RPUOMLQJPHLFFDE09CC,7,51.44,住商用,鋼筋混凝土造,98年1月12日,五層,
RPOOMLQJPHLFFBE28CC,19,94.05,住家用,鋼筋混凝土造,86年4月21日,三十五層,
RPPOMLRJPHLFFAE38CC,87,308.15,商業用,加強磚造,,三層,
RPQOMLRJPHLFFDE78CC,37,200.80,,鋼筋混凝土造,68年8月16日,四層,
RPPNMLRJPHLFFDE58CC,22,207.12,住商用,鋼筋混凝土造,83年11月2日,十五層,
RPPNMLRJPHLFFDE58CC,22,38.82,見使用執照,鋼筋混凝土造,83年11月2日,十五層,
RPXPMLRJPHLFFDE96CC,31,253.69,,鋼筋混凝土造,74年5月11日,四層,
RPSNMLRJPHLFFEE98CC,20,259.05,住商用,鋼筋混凝土造,85年10月14日,十二層,
RPSNMLRJPHLFFEE98CC,20,54.52,見使用執照,鋼筋混凝土造,85年10月14日,十二層,
RPUNMLRJPHLFFGE76CC,2,66.98,見其他登記事項,見其他登記事項,103年8月20日,十五層,
RPUNMLRJPHLFFGE76CC,2,59.01,見其他登記事項,見其他登記事項,103年8月20日,十五層,
RPQPMLRJPHLFFEE98CC,11,279.36,住商用,鋼筋混凝土造,94年5月27日,五層,
RPVNMLRJPHLFFGE86CC,34,49.42,住家用,鋼筋混凝土造,71年5月30日,五層,
RPRNMLOJPHLFFDE48CC,21,112.71,住家用,鋼筋混凝土造,84年3月21日,八層,
RPRNMLOJPHLFFDE48CC,21,40.04,見使用執照,鋼筋混凝土造,84年3月21日,八層,
RPSNMLRJPHLFFBE68CC,45,51.59,,加強磚造,60年6月21日,三層,
RPPNMLTJPHLFFAE48CC,10,109.39,住家用,鋼筋混凝土造,95年5月25日,十九層,
RPPNMLTJPHLFFAE48CC,10,14.14,共有部分,鋼筋混凝土造,95年5月25日,十九層,
RPQNMLTJPHLFFAE58CC,36,122.30,,鋼筋混凝土造,69年4月3日,四層,
RPOOMLLKPHLFFBE97DC,19,147.12,住家用,鋼筋混凝土造,86年4月21日,三十五層,
RPPNMLTJPHLFFBE58CC,33,867.90,,鋼筋混凝土造,71年12月30日,五層,
RPQNMLTJPHLFFBE68CC,51,104.27,,鋼筋混凝土加強磚造,54年10月23日,三層,
RPRPMLLKPHLFFGE78CC,1,64.09,見其他登記事項,見其他登記事項,104年5月8日,十五層,
RPTNMLLKPHLFFLE76DC,17,73.55,住商用,鋼筋混凝土造,88年1月20日,十二層,
RPTNMLLKPHLFFLE76DC,17,11.96,共有部份,鋼筋混凝土造,88年1月20日,十二層,
RPTOMLLKPHLFFCE48CC,5,50.05,住家用,鋼筋混凝土造,100年1月25日,十五層,
RPTOMLLKPHLFFCE48CC,5,26.92,見其它登記事項,鋼筋混凝土造,100年1月25日,十五層,
RPRNMLLKPHLFFAE97CC,33,145.95,,鋼筋混凝土造,72年12月24日,十二層,
RPRNMLLKPHLFFAE97CC,33,5.93,,鋼筋混凝土造,72年12月24日,十二層,
RPWNMLLKPHLFFAE48CC,10,124.93,住家用,鋼筋混凝土造,95年2月21日,二十五層,
RPWNMLLKPHLFFAE48CC,10,79.79,共有部分,鋼筋混凝土造,95年2月21日,二十五層,
RPROMLLKPHLFFAE08CC,4,85.67,住家用,鋼筋混凝土造,101年10月25日,十五層,
RPROMLLKPHLFFAE08CC,4,58.05,見其它登記事項,鋼筋混凝土造,101年10月25日,十五層,
RPUOMLLKPHLFFAE38CC,33,30.70,,鋼筋混凝土造,72年6月6日,五層,
RPPOMLLKPHLFFDE18CC,15,105.66,住商用,鋼筋混凝土造,90年3月22日,十四層,
RPUNMLLKPHLFFBE38CC,3,51.28,住家用,鋼筋混凝土造,102年1月10日,十五層,
RPUNMLLKPHLFFBE38CC,3,40.00,共有部分,鋼筋混凝土造,102年1月10日,十五層,
RPXOMLLKPHLFFDE98CC,29,266.06,,鋼筋混凝土造,76年7月29日,三層,
RPPNMLTJPHLFFEE88CC,9,410.46,住家用,鋼筋混凝土造,96年3月19日,五層,
RPQNMLLKPHLFFIE68CC,35,79.18,住家用,鋼筋混凝土造,70年4月9日,五層,
RPXNMLLKPHLFFBE68CC,36,59.11,,鋼筋混凝土造,69年11月5日,五層,
RPXNMLLKPHLFFBE68CC,36,85.94,,鋼筋混凝土造,69年11月5日,五層,
RPQNMLKKPHLFFEE18CC,6,103.35,住家用,鋼筋混凝土造,99年11月30日,十三層,
RPQNMLKKPHLFFEE18CC,6,69.71,見其它登記事項,鋼筋混凝土造,99年11月30日,十三層,
RPTNMLTJPHLFFEE66CC,17,200.57,商業用,見使用執照,88年3月15日,十七層,
RPPOMLLKPHLFFEE28CC,16,156.01,住家用,見其它登記事項,89年7月3日,二十九層,
RPPOMLLKPHLFFEE28CC,16,26.65,見使用執照,見使用執照,89年7月3日,二十九層,
RPPOMLLKPHLFFBE97CC,34,131.26,,鋼筋混凝土造,71年2月27日,十二層,
RPVNMLMKPHLFFBE58CC,22,97.40,住家用,鋼筋混凝土造,83年7月8日,十三層,
RPVNMLMKPHLFFBE58CC,22,24.99,見使用執照,鋼筋混凝土造,83年7月8日,十三層,
RPSOMLMKPHLFFBE38CC,9,100.50,住家用,鋼筋混凝土造,96年3月14日,三十層,
RPSOMLMKPHLFFBE38CC,9,11.21,住家用,鋼筋混凝土造,96年3月14日,三十層,
RPSOMLMKPHLFFBE38CC,9,49.39,共有部分,鋼筋混凝土造,96年3月14日,三十層,
RPQNMLMKPHLFFAE97CC,7,233.95,住家用,鋼筋混凝土造,98年1月14日,十五層,
RPUOMLMKPHLFFBE58CC,39,32.70,,鋼筋混凝土造,66年2月1日,四層,
RPRNMLMKPHLFFDE38CC,40,192.74,,加強磚造,65年6月23日,二層,
RPTNMLMKPHLFFDE58CC,23,142.79,商業用,鋼筋混凝土造,82年3月20日,十二層,
RPPPMLMKPHLFFDE38CC,21,75.68,住家用,鋼筋混凝土造,84年8月23日,十三層,
RPQPMLMKPHLFFDE48CC,35,129.20,,鋼筋混凝土造,70年8月15日,八層,
RPUNMLMKPHLFFDE68CC,22,119.73,住家用,鋼筋混凝土造,83年1月21日,十五層,
RPUNMLMKPHLFFDE68CC,22,32.13,見使用執照,鋼筋混凝土造,83年1月21日,十五層,
RPVOMLMKPHLFFDE88CC,23,26.89,住商用,鋼筋混凝土造,82年10月16日,七層,
RPVOMLMKPHLFFDE88CC,23,16.03,見使用執照,鋼筋混凝土造,82年10月16日,七層,
RPWOMLMKPHLFFDE98CC,32,97.64,,鋼筋混凝土造,73年8月10日,五層,
RPOPMLMKPHLFFBE18DC,1,78.45,住家用,鋼筋混凝土造,104年3月6日,十四層,
RPQNMLMKPHLFFLE09CC,21,123.09,住家用,鋼筋混凝土造,84年7月3日,十一層,
RPSPMLMKPHLFFGE98CC,35,78.40,住商用,鋼筋混凝土造,70年10月26日,七層,
RPVOMLMKPHLFFAE58CC,4,24.52,住家用,鋼筋混凝土造,101年4月19日,五層,
RPVNMLMKPHLFFAE48CC,5,65.41,住家用,鋼筋混凝土造,100年1月20日,十九層,
RPVNMLMKPHLFFAE48CC,5,7.66,住家用,鋼筋混凝土造,100年1月20日,十九層,
RPVNMLMKPHLFFAE48CC,5,29.90,見其它登記事項,鋼筋混凝土造,100年1月20日,十九層,
RPROMLNKPHLFFDE68DC,17,46.62,住家用,鋼筋混凝土造,88年7月31日,十四層,
RPSNMLNKPHLFFCE48CC,42,72.61,,加強磚造,63年5月31日,三層,
RPTNMLMKPHLFFCE48CC,5,39.06,住家用,鋼筋混凝土造,100年1月25日,十五層,
RPTNMLMKPHLFFCE48CC,5,7.16,住家用,鋼筋混凝土造,100年1月25日,十五層,
RPTNMLMKPHLFFCE48CC,5,24.90,見其它登記事項,鋼筋混凝土造,100年1月25日,十五層,
RPSNMLMKPHLFFCE38CC,3,81.14,見其它登記事項,鋼筋混凝土造,102年1月29日,十五層,
RPSNMLMKPHLFFCE38CC,3,22.39,見其它登記事項,鋼筋混凝土造,102年1月29日,十五層,
RPSNMLMKPHLFFCE38CC,3,86.33,見其它登記事項,鋼筋混凝土造,102年1月29日,十五層,
RPUPMLMKPHLFFCE78CC,46,40.93,住商用,加強磚造,59年4月8日,二層,
RPRNMLNKPHLFFAE18CC,30,35.95,,鋼筋混凝土造,75年2月17日,十六層,
RPROMLMKPHLFFCE38CC,22,123.14,住家用,鋼筋混凝土造,83年2月15日,十四層,
RPROMLMKPHLFFCE38CC,22,26.83,見使用執照,鋼筋混凝土造,83年2月15日,十四層,
RPOPMLMKPHLFFCE18CC,45,102.46,住家用,加強磚造,60年9月6日,二層,
RPPNMLNKPHLFFAE97CC,28,143.71,,鋼筋混凝土造,77年4月29日,十二層,
RPPNMLNKPHLFFAE97CC,28,30.64,,鋼筋混凝土造,77年4月29日,十二層,
RPUNMLNKPHLFFDE78CC,37,68.79,,鋼筋混凝土造,68年10月12日,五層,
RPSNMLNKPHLFFDE58CC,23,30.65,住家用,鋼筋混凝土造,83年1月4日,七層,
RPROMLNKPHLFFAE28CC,4,87.38,住家用,鋼筋混凝土造,101年9月26日,十五層,
RPROMLNKPHLFFAE28CC,4,51.06,見其它登記事項,鋼筋混凝土造,101年9月26日,十五層,
RPOOMLMKPHLFFEE28CC,3,60.51,住家用,鋼筋混凝土造,102年8月8日,十五層,
RPOOMLMKPHLFFEE28CC,3,18.22,住家用,鋼筋混凝土造,102年8月8日,十五層,
RPOOMLMKPHLFFEE28CC,3,56.72,見其它登記事項,鋼筋混凝土造,102年8月8日,十五層,
RPPOMLMKPHLFFEE38CC,2,50.38,住家用,鋼筋混凝土造,103年3月27日,十五層,
RPPOMLMKPHLFFEE38CC,2,5.87,住家用,鋼筋混凝土造,103年3月27日,十五層,
RPPOMLMKPHLFFEE38CC,2,29.12,見其它登記事項,鋼筋混凝土造,103年3月27日,十五層,
RPWNMLOKPHLFFAE78CC,21,113.37,住商用,鋼筋混凝土造,84年11月18日,十一層,
RPPOMLOKPHLFFEE58CC,39,145.05,,鋼筋混凝土造,66年10月3日,三層,
RPROMLOKPHLFFEE78CC,10,334.45,住商用,鋼筋混凝土造,95年4月21日,五層,
RPPOMLNKPHLFFBE18CC,24,99.29,商業用,鋼筋混凝土造,81年9月15日,二十五層,
RPPOMLNKPHLFFBE18CC,24,43.83,見使用執照,鋼筋混凝土造,81年9月15日,二十五層,
RPOPMLNKPHLFFBE18CC,32,135.31,,鋼筋混凝土造,73年9月19日,七層,
RPOPMLNKPHLFFBE18CC,32,9.25,,鋼筋混凝土造,73年9月19日,七層,
RPQOMLOKPHLFFBE38CC,1,44.78,住家用,鋼筋混凝土造,104年10月23日,十五層,
RPQOMLOKPHLFFBE38CC,1,7.46,住家用,鋼筋混凝土造,104年10月23日,十五層,
RPQOMLOKPHLFFBE38CC,1,58.44,共有部分,鋼筋混凝土造,104年10月23日,十五層,
RPOOMLOKPHLFFBE18CC,1,47.62,住家用,鋼筋混凝土造,104年10月23日,十五層,
RPOOMLOKPHLFFBE18CC,1,6.88,住家用,鋼筋混凝土造,104年10月23日,十五層,
RPOOMLOKPHLFFBE18CC,1,59.61,共有部分,鋼筋混凝土造,104年10月23日,十五層,
RPPOMLOKPHLFFGE78CC,31,85.24,見使用執照,鋼筋混凝土造,74年1月14日,五層,
RPROMLOKPHLFFGE98CC,17,104.18,住商用,鋼筋混凝土造,88年7月12日,十四層,
RPQOMLPKPHLFFGE98CC,3,82.95,見其他登記事項,見其他登記事項,102年9月1日,十四層,
RPQOMLPKPHLFFGE98CC,3,37.26,見其他登記事項,見其他登記事項,102年9月1日,十四層,
RPVOMLOKPHLFFEE56CC,1,73.48,見其它登記事項,見其它登記事項,104年11月16日,十五層,
RPVOMLOKPHLFFEE56CC,1,13.25,見其它登記事項,見其它登記事項,104年11月16日,十五層,
RPVOMLOKPHLFFEE56CC,1,84.95,見其它登記事項,見其它登記事項,104年11月16日,十五層,
RPSOMLPKPHLFFGE56CC,32,194.40,住商用,鋼筋混凝土造,73年10月5日,四層,
RPXOMLOKPHLFFEE76CC,37,201.12,,鋼筋混凝土造,68年8月11日,四層,
RPUNMLPKPHLFFCE88CC,5,52.70,住家用,鋼筋混凝土造,100年1月25日,十五層,
RPUNMLPKPHLFFCE88CC,5,8.40,住家用,鋼筋混凝土造,100年1月25日,十五層,
RPUNMLPKPHLFFCE88CC,5,32.91,見其它登記事項,鋼筋混凝土造,100年1月25日,十五層,
RPQNMLQKPHLFFDE68CC,49,87.93,,加強磚造,56年10月29日,二層,
RPWNMLPKPHLFFDE56CC,5,240.12,住商用,見其它登記事項,100年6月16日,二層,
RPOOMLPKPHLFFGE88DC,35,76.95,住家用,鋼筋混凝土造,70年5月6日,五層,
RPQOMLPKPHLFFEE78CC,18,160.66,住家用,鋼筋混凝土造,87年10月21日,十四層,
RPPOMLSKPHLFFDE88CC,23,106.41,住家用,鋼筋混凝土造,82年1月14日,十二層,
RPUOMLSKPHLFFDE76CC,48,359.04,,鋼筋混凝土造,57年5月23日,三層,
RPRNMLSKPHLFFCE88CC,17,39.54,住家用,見其它登記事項,88年2月9日,三十九層,
RPQOMLSKPHLFFDE98CC,24,154.87,住商用,鋼筋混凝土造,81年5月25日,七層,
RPTNMLSKPHLFFCE09CC,17,74.41,住家用,見其它登記事項,88年2月9日,三十九層,
RPPNMLQKPHLFFBE38CC,42,45.90,,加強磚造,63年3月16日,三層,
RPRNMLQKPHLFFBE58CC,19,126.69,住家用,鋼筋混凝土造,86年4月21日,三十五層,
RPVOMLTKPHLFFGE27CC,37,14.00,住家用,鋼筋混凝土造,68年4月30日,五層,
RPVNMLTKPHLFFFE17DC,20,70.50,住家用,鋼筋混凝土造,85年12月5日,五層,
RPVNMLTKPHLFFFE17DC,20,26.01,共有部份,鋼筋混凝土造,85年12月5日,五層,
RPUNMLTKPHLFFFE96CC,10,173.71,住家用,鋼筋混凝土造,95年5月12日,十三層,
RPUOMLSKPHLFFAE09CC,53,174.15,,加強磚造,52年10月7日,三層,
RPPNMLKLPHLFFGE38CC,42,78.60,住商用,加強磚造,63年3月21日,二層,
RPPNMLKLPHLFFGE38CC,42,55.60,住商用,加強磚造,63年3月11日,二層,
RPXNMLKLPHLFFGE56CC,3,214.90,見其他登記事項,見其他登記事項,102年6月20日,十五層,
RPTNMLKLPHLFFDE48CC,34,42.66,,鋼筋混凝土造,71年7月8日,五層,
RPTOMLTKPHLFFBE56CC,9,109.34,住家用,鋼筋混凝土造,96年5月15日,十五層,
RPOOMLLLPHLFFEE28CC,19,17.00,住商用,鋼筋混凝土造,86年2月3日,四層,
RPQNMLLLPHLFFLE09CC,31,66.24,住家用,加強磚造,74年4月2日,二層,
RPUOMLLLPHLFFEE88CC,14,206.23,住家用,見其它登記事項,91年8月20日,四層,
RPQPMLKLPHLFFGE68CC,5,49.85,見其他登記事項,鋼筋混凝土造,100年9月12日,十五層,
RPQPMLKLPHLFFGE68CC,5,26.56,見其他登記事項,鋼筋混凝土造,100年9月12日,十五層,
RPPNMLLLPHLFFCE08CC,25,265.86,住商用,鋼筋混凝土造,80年2月11日,四層,
RPTNMLKLPHLFFBE28CC,37,79.46,,鋼筋混凝土造,68年12月24日,五層,
RPWNMLKLPHLFFBE58CC,27,98.41,,鋼筋混凝土造,78年11月9日,十二層,
RPXNMLKLPHLFFBE68CC,27,100.40,,鋼筋混凝土造,78年11月9日,十二層,
RPTNMLTKPHLFFBE09CC,25,177.97,商業用,鋼筋混凝土造,80年7月22日,十二層,
RPTNMLTKPHLFFBE09CC,25,67.99,見使用執照,鋼筋混凝土造,80年7月22日,十二層,
RPSOMLLLPHLFFCE48CC,11,75.73,住家用,鋼筋混凝土造,94年3月30日,十五層,
RPSOMLLLPHLFFCE48CC,11,65.67,共有部份,鋼筋混凝土造,94年3月30日,十五層,
RPVOMLLLPHLFFCE78CC,18,58.83,住商用,鋼筋混凝土造,87年3月30日,九層,
RPVOMLLLPHLFFCE78CC,18,24.35,共有部份,鋼筋混凝土造,87年3月30日,九層,
RPQNMLKLPHLFFBE97CC,34,88.17,,鋼筋混凝土造,71年10月20日,五層,
RPQPMLLLPHLFFDE48CC,36,37.24,,鋼筋混凝土造,69年5月23日,三層,
RPXNMLLLPHLFFDE98CC,41,37.00,,加強磚造,64年6月11日,三層,
RPRNMLLLPHLFFDE38CC,29,239.31,,鋼筋混凝土造,76年4月29日,四層,
RPSNMLLLPHLFFDE48CC,23,86.95,住家用,鋼筋混凝土造,82年12月11日,六層,
RPSNMLLLPHLFFDE48CC,23,35.64,見使用執照,鋼筋混凝土造,82年12月11日,六層,
RPOQMLLLPHLFFDE38CC,15,205.95,住商用,鋼筋混凝土造,90年6月15日,十四層,
RPOQMLLLPHLFFDE38CC,15,43.69,見使用執照,鋼筋混凝土造,90年6月15日,十四層,
RPVOMLLLPHLFFAE58CC,10,81.84,住家用,鋼筋混凝土造,95年5月19日,十四層,
RPVOMLLLPHLFFAE58CC,10,39.05,共有部分,鋼筋混凝土造,95年5月19日,十四層,
RPVNMLLLPHLFFAE48CC,10,86.36,住家用,鋼筋混凝土造,95年6月26日,十五層,
RPVNMLLLPHLFFAE48CC,10,66.29,共有部分,鋼筋混凝土造,95年6月26日,十五層,
RPVNMLLLPHLFFBE58CC,36,18.76,,鋼筋混凝土造,69年10月14日,五層,
RPQNMLMLPHLFFBE18CC,21,118.91,住家用,鋼筋混凝土造,84年9月11日,二十六層,
RPQNMLMLPHLFFBE18CC,21,15.13,住家用,鋼筋混凝土造,84年9月11日,二十六層,
RPQNMLMLPHLFFBE18CC,21,36.65,見使用執照,鋼筋混凝土造,84年9月11日,二十六層,
RPWNMLMLPHLFFDE98CC,4,77.65,住家用,鋼筋混凝土造,101年2月8日,十五層,
RPWNMLMLPHLFFDE98CC,4,7.33,住家用,鋼筋混凝土造,101年2月8日,十五層,
RPWNMLMLPHLFFDE98CC,4,66.75,共有部分,鋼筋混凝土造,101年2月8日,十五層,
RPPOMLMLPHLFFAE08CC,21,132.80,住家用,鋼筋混凝土造,84年5月3日,二十二層,
RPQNMLMLPHLFFDE38CC,1,44.40,住家用,鋼筋混凝土造,104年8月13日,十五層,
RPQNMLMLPHLFFDE38CC,1,7.38,住家用,鋼筋混凝土造,104年8月13日,十五層,
RPQNMLMLPHLFFDE38CC,1,27.84,見其它登記事項,鋼筋混凝土造,104年8月13日,十五層,
RPWNMLMLPHLFFBE78CC,37,94.66,,鋼筋混凝土造,68年4月12日,五層,
RPROMLMLPHLFFDE58CC,20,118.46,住家用,鋼筋混凝土造,85年6月26日,二十層,
RPROMLMLPHLFFDE58CC,20,12.40,見使用執照,鋼筋混凝土造,85年6月26日,二十層,
RPUNMLMLPHLFFBE58CC,21,139.88,住家用,鋼筋混凝土造,84年7月17日,十四層,
RPUNMLMLPHLFFBE58CC,21,85.39,見使用執照,鋼筋混凝土造,84年7月17日,十四層,
RPXNMLMLPHLFFBE88CC,19,120.60,住家用,鋼筋混凝土造,86年4月21日,三十五層,
RPTOMLMLPHLFFDE78CC,47,52.38,住商用,加強磚造,58年11月11日,三層,
RPWOMLMLPHLFFDE09CC,27,460.67,,鋼筋混凝土造,78年2月1日,五層,
RPOOMLMLPHLFFBE08CC,13,57.44,住家用,鋼筋混凝土造,92年11月28日,十四層,
RPOOMLMLPHLFFBE08CC,13,20.59,見其他登記事項,鋼筋混凝土造,92年11月28日,十四層,
RPWNMLMLPHLFFFE56CC,19,116.74,住家用,鋼筋混凝土造,86年11月10日,十二層,
RPRNMLMLPHLFFEE58CC,9,74.47,住家用,鋼筋混凝土造,96年4月4日,十四層,
RPRNMLMLPHLFFEE58CC,9,8.05,住家用,鋼筋混凝土造,96年4月4日,十四層,
RPRNMLMLPHLFFEE58CC,9,54.30,共有部分,鋼筋混凝土造,96年4月4日,十四層,
RPQPMLMLPHLFFEE68CC,20,118.60,住商用,鋼筋混凝土造,85年2月12日,十六層,
RPQPMLMLPHLFFEE68CC,20,25.44,見使用執照,鋼筋混凝土造,85年2月12日,十六層,
RPOOMLPLPHLFFAE28CC,37,157.48,,鋼筋混凝土造,68年6月14日,十二層,
RPUNMLPLPHLFFAE78CC,31,156.21,,鋼筋混凝土造,74年3月27日,十二層,
RPUNMLPLPHLFFAE78CC,31,56.78,,鋼筋混凝土造,74年3月27日,十二層,
RPPNMLNLPHLFFEE48CC,25,27.92,住商用,鋼筋混凝土造,80年3月22日,七層,
RPPNMLNLPHLFFEE48CC,25,39.51,住商用,鋼筋混凝土造,80年3月22日,七層,
RPPNMLNLPHLFFEE48CC,25,14.40,住商用,鋼筋混凝土造,80年3月22日,七層,
RPPNMLNLPHLFFEE48CC,25,8.57,住商用,鋼筋混凝土造,80年3月22日,七層,
RPPNMLNLPHLFFEE48CC,25,5.00,住商用,鋼筋混凝土造,80年3月22日,七層,
RPQNMLNLPHLFFAE18CC,11,102.81,住家用,鋼筋混凝土造,94年9月9日,十四層,
RPUPMLPLPHLFFDE66CC,25,211.76,,鋼造,80年12月16日,一層,
RPROMLMLPHLFFBE38CC,12,68.22,住家用,鋼筋混凝土造,93年3月3日,十四層,
RPROMLMLPHLFFBE38CC,12,45.07,見其他登記事項,鋼筋混凝土造,93年3月3日,十四層,
RPSOMLMLPHLFFBE48CC,12,66.09,住家用,鋼筋混凝土造,93年3月3日,十四層,
RPSOMLMLPHLFFBE48CC,12,36.72,見其他登記事項,鋼筋混凝土造,93年3月3日,十四層,
RPQOMLPLPHLFFEE88CC,11,407.50,住商用,鋼筋混凝土造,94年10月21日,三層,
RPTPMLPLPHLFFEE66CC,6,107.96,商業用,見其它登記事項,99年5月17日,一層,
RPRPMLPLPHLFFDE09DC,30,91.06,,鋼筋混凝土造,75年4月9日,五層,
RPPQMLPLPHLFFEE98CC,36,163.41,,鋼筋混凝土造,69年5月13日,三層,
RPWPMLPLPHLFFBE66CC,27,123.24,,鋼筋混凝土造,78年11月9日,十二層,
RPOQMLPLPHLFFBE58CC,46,59.57,,加強磚造,59年10月31日,四層,
RPVPMLPLPHLFFBE56CC,27,49.62,,鋼筋混凝土造,78年11月9日,十二層,
RPXPMLPLPHLFFBE76CC,27,43.24,,鋼筋混凝土造,78年11月9日,十二層,
RPRNMLPLPHLFFBE68DC,24,198.76,住商用,鋼筋混凝土造,81年7月28日,十五層,
RPPPMLPLPHLFFBE58CC,23,153.41,商業用,鋼筋混凝土造,82年12月22日,七層,
RPPPMLPLPHLFFBE58CC,23,28.93,見使用執照,鋼筋混凝土造,82年12月22日,七層,
RPROMLQLPHLFFCE88CC,20,134.24,住商用,鋼筋混凝土造,85年9月24日,十六層,
RPQPMLPLPHLFFIE76CC,12,210.37,見其他登記事項,鋼筋混凝土造,93年4月27日,五層,
RPPOMLPLPHLFFBE48CC,34,47.58,,鋼筋混凝土造,71年10月19日,五層,
RPSPMLPLPHLFFBE88CC,19,145.81,住家用,鋼筋混凝土造,86年4月21日,三十五層,
RPOPMLQLPHLFFCE68CC,29,147.21,,鋼筋混凝土造,76年7月27日,四層,
RPTOMLQLPHLFFCE09CC,22,233.25,住商用,鋼筋混凝土造,83年8月9日,十二層,
RPTOMLQLPHLFFCE09CC,22,90.00,住家用,鋼筋混凝土造,83年8月9日,十二層,
RPQPMLQLPHLFFGE66CC,28,214.84,住商用,鋼筋混凝土造,78年1月20日,四層,
RPQNMLQLPHLFFBE58CC,23,22.35,住家用,鋼筋混凝土造,82年9月21日,五層,
RPQNMLQLPHLFFBE58CC,23,6.77,見使用執照,鋼筋混凝土造,82年9月21日,五層,
RPPOMLQLPHLFFDE78CC,1,45.84,住家用,鋼筋混凝土造,104年8月13日,十五層,
RPPOMLQLPHLFFDE78CC,1,8.33,住家用,鋼筋混凝土造,104年8月13日,十五層,
RPPOMLQLPHLFFDE78CC,1,29.12,見其它登記事項,鋼筋混凝土造,104年8月13日,十五層,
RPWNMLQLPHLFFBE56CC,7,176.20,住家用,鋼筋混凝土造,98年5月14日,二十八層,
RPWNMLQLPHLFFBE56CC,7,42.45,住家用,鋼筋混凝土造,98年5月14日,二十八層,
RPWNMLQLPHLFFBE56CC,7,131.15,見其他登記事項,鋼筋混凝土造,98年5月14日,二十八層,
RPTOMLQLPHLFFBE98CC,28,354.37,,鋼筋混凝土造,77年10月21日,十五層,
RPSPMLQLPHLFFDE56CC,37,197.60,,鋼筋混凝土造,68年10月9日,四層,
RPOPMLQLPHLFFBE58CC,27,7.87,,鋼筋混凝土造,78年11月9日,十二層,
RPXOMLQLPHLFFBE76CC,25,76.11,,鋼筋混凝土造,80年2月11日,七層,
RPXOMLQLPHLFFBE76CC,25,30.40,,鋼筋混凝土造,80年2月11日,七層,
RPWOMLQLPHLFFBE66CC,25,86.85,,鋼筋混凝土造,80年2月11日,七層,
RPWOMLQLPHLFFBE66CC,25,31.81,,鋼筋混凝土造,80年2月11日,七層,
RPRNMLQLPHLFFBE68CC,24,55.60,見使用執照,鋼筋混凝土造,81年9月15日,二十五層,
RPRNMLQLPHLFFBE68CC,24,207.60,商業用,鋼筋混凝土造,81年9月15日,二十五層,
RPRNMLQLPHLFFBE68CC,24,142.51,商業用,鋼筋混凝土造,81年9月15日,二十五層,
RPRNMLQLPHLFFBE68CC,24,74.83,見使用執照,鋼筋混凝土造,81年9月15日,二十五層,
RPVOMLQLPHLFFBE56CC,32,59.48,住商用,鋼筋混凝土造,73年7月26日,五層,
RPROMLQLPHLFFBE78CC,26,33.52,,鋼筋混凝土造,79年8月30日,十二層,
RPRPMLQLPHLFFAE78CC,10,97.65,住家用,鋼筋混凝土造,95年8月9日,十五層,
RPWPMLQLPHLFFDE96CC,51,102.88,住商用,加強磚造,54年12月1日,三層,
RPWNMLQLPHLFFAE09CC,3,85.18,住家用,鋼筋混凝土造,102年8月5日,二十四層,
RPWNMLQLPHLFFAE09CC,3,19.42,住家用,鋼筋混凝土造,102年8月5日,二十四層,
RPWNMLQLPHLFFAE09CC,3,66.54,見其它登記事項,鋼筋混凝土造,102年8月5日,二十四層,
RPPPMLRLPHLFFDE98CC,24,403.30,見使用執照,鋼骨鋼筋混凝土造,81年8月21日,五十層,
RPPOMLRLPHLFFAE58CC,7,135.51,住家用,鋼筋混凝土造,98年3月25日,十五層,
RPOPMLQLPHLFFAE48CC,9,48.88,住家用,鋼筋混凝土造,96年2月8日,十五層,
RPOPMLQLPHLFFAE48CC,9,30.79,見其它登記事項,鋼筋混凝土造,96年2月8日,十五層,
RPUNMLRLPHLFFBE09CC,19,234.08,住家用,鋼筋混凝土造,86年4月21日,三十五層,
RPVNMLRLPHLFFBE56CC,24,161.44,商業用,鋼筋混凝土造,81年6月29日,二十五層,
RPPPMLQLPHLFFBE68CC,42,163.26,,加強磚造,63年6月29日,三層,
RPUOMLRLPHLFFEE86CC,23,135.07,住家用,鋼筋混凝土造,82年2月9日,八層,
RPWNMLRLPHLFFBE66CC,8,28.15,住家用,鋼筋混凝土造,97年9月19日,十三層,
RPWNMLRLPHLFFBE66CC,8,2.86,住家用,鋼筋混凝土造,97年9月19日,十三層,
RPWNMLRLPHLFFBE66CC,8,8.41,共有部分,鋼筋混凝土造,97年9月19日,十三層,
RPWNMLRLPHLFFBE66CC,8,8.57,共有部分,鋼筋混凝土造,97年9月19日,十三層,
RPUNMLSLPHLFFFE96CC,3,305.62,住家用,鋼筋混凝土造,102年4月24日,四層,
RPQOMLSLPHLFFEE56CC,11,60.12,住商用,鋼筋混凝土造,94年10月18日,四層,
RPVNMLRLPHLFFEE86CC,3,95.35,住家用,鋼筋混凝土造,102年10月1日,十五層,
RPWNMLSLPHLFFBE76CC,19,90.95,住家用,鋼筋混凝土造,86年4月21日,三十五層,
RPWNMLSLPHLFFBE76CC,19,9.28,住家用,鋼筋混凝土造,86年4月21日,三十五層,
RPWNMLSLPHLFFBE76CC,19,2.99,住家用,鋼筋混凝土造,86年4月21日,三十五層,
RPWNMLSLPHLFFBE76CC,19,33.29,住家用,鋼筋混凝土造,86年4月21日,三十五層,
RPVNMLSLPHLFFBE66CC,19,195.35,住家用,鋼筋混凝土造,86年4月21日,三十五層,
RPVNMLSLPHLFFBE66CC,19,87.22,見使用執照,鋼筋混凝土造,86年4月21日,三十五層,
RPPOMLSLPHLFFBE78CC,35,124.92,,鋼筋混凝土造,70年11月10日,十二層,
RPVOMLSLPHLFFBE76CC,27,42.88,,鋼筋混凝土造,78年11月9日,十二層,
RPUOMLSLPHLFFBE66CC,8,27.68,住家用,鋼筋混凝土造,97年9月19日,十三層,
RPUOMLSLPHLFFBE66CC,8,2.78,住家用,鋼筋混凝土造,97年9月19日,十三層,
RPUOMLSLPHLFFBE66CC,8,8.33,共有部分,鋼筋混凝土造,97年9月19日,十三層,
RPUOMLSLPHLFFBE66CC,8,8.42,共有部分,鋼筋混凝土造,97年9月19日,十三層,
RPRNMLSLPHLFFBE88CC,33,45.38,,鋼筋混凝土造,72年5月5日,十二層,
RPTNMLSLPHLFFDE66CC,18,173.15,住商用,鋼筋混凝土造,87年11月2日,十四層,
RPWNMLSLPHLFFGE27CC,43,102.97,住商用,加強磚造,62年6月15日,二層,
RPQOMLSLPHLFFDE09CC,36,85.81,,鋼筋混凝土造,69年11月14日,五層,
RPTNMLTLPHLFFAE09CC,3,94.56,住家用,鋼筋混凝土造,102年4月9日,二十四層,
RPTNMLTLPHLFFAE09CC,3,15.34,住家用,鋼筋混凝土造,102年4月9日,二十四層,
RPTNMLTLPHLFFAE09CC,3,72.65,見其它登記事項,鋼筋混凝土造,102年4月9日,二十四層,
RPWOMLTLPHLFFAE86CC,8,117.77,住家用,鋼筋混凝土造,97年6月20日,十五層,
RPWOMLTLPHLFFAE86CC,8,62.81,共有部分,鋼筋混凝土造,97年6月20日,十五層,
RPOPMLTLPHLFFAE78CC,67,403.30,,鋼筋混凝土加強磚造,38年9月30日,四層,
RPOPMLTLPHLFFAE78CC,65,74.46,,加強磚造,40年12月10日,一層,
RPUNMLTLPHLFFAE56CC,2,108.29,住家用,見其它登記事項,103年10月6日,二十八層,
RPUNMLTLPHLFFAE56CC,2,10.15,住家用,見其它登記事項,103年10月6日,二十八層,
RPUNMLTLPHLFFAE56CC,2,77.40,見其它登記事項,鋼筋混凝土造,103年10月6日,二十八層,
RPPOMLTLPHLFFDE09CC,28,103.10,,鋼筋混凝土造,77年10月6日,二層,
RPXNMLTLPHLFFAE86CC,11,78.04,住家用,鋼筋混凝土造,94年5月31日,十五層,
RPXNMLTLPHLFFAE86CC,11,49.27,共有部分,鋼筋混凝土造,94年5月31日,十五層,
RPTOMLTLPHLFFGE17CC,39,66.38,住家用,鋼筋混凝土造,66年3月24日,四層,
RPUNMLTLPHLFFBE66CC,36,67.03,商業用,鋼筋混凝土造,69年7月11日,五層,
RPUNMLTLPHLFFBE66CC,36,16.74,見其他登記事項,鋼筋混凝土造,69年7月11日,五層,
RPVNMLTLPHLFFBE76CC,9,142.38,住家用,鋼筋混凝土造,96年8月13日,十五層,
RPVNMLTLPHLFFBE76CC,9,67.17,,鋼筋混凝土造,96年8月13日,十五層,
RPRNMLTLPHLFFBE98CC,7,138.86,住家用,鋼筋混凝土造,98年10月5日,十五層,
RPRNMLTLPHLFFBE98CC,,80.63,見其他登記事項,鋼筋混凝土造,,十五層,
RPOOMLTLPHLFFDE09DC,47,126.95,住商用,加強磚造,58年10月30日,三層,
RPUOMLTLPHLFFIE47CC,27,3992.00,工業用,見其他登記事項,78年1月21日,一層,
RPQOMLTLPHLFFCE09CC,22,770.51,商業用,鋼筋混凝土造,83年10月1日,二十層,
RPQOMLTLPHLFFCE09CC,22,151.70,商業用,鋼筋混凝土造,83年10月1日,二十層,
RPROMLTLPHLFFCE56CC,17,31.89,住家用,見其它登記事項,88年2月9日,三十九層,
RPROMLTLPHLFFCE56CC,17,15.58,共有部份,見其它登記事項,88年2月9日,三十九層,
RPSNMLTLPHLFFEE76CC,,93.56,見其它登記事項,見其它登記事項,105年2月24日,十五層,
RPWNMLTLPHLFFEE17CC,21,220.48,住商用,鋼筋混凝土造,84年2月23日,十五層,
RPTNMLTLPHLFFEE86CC,,51.70,見其它登記事項,見其它登記事項,105年3月22日,十五層,
RPTNMLTLPHLFFEE86CC,,7.20,見其它登記事項,見其它登記事項,105年3月22日,十五層,
RPTNMLTLPHLFFEE86CC,,58.92,見其它登記事項,見其它登記事項,105年3月22日,十五層,
RPXOMLTLPHLFFEE37CC,6,44.88,住家用,鋼筋混凝土造,99年12月21日,四層,
RPVNMLTLPHLFFEE07CC,22,160.86,住家用,鋼筋混凝土造,83年6月1日,十五層,
RPVNMLTLPHLFFEE07CC,22,58.81,住家用,鋼筋混凝土造,83年6月1日,十五層,
RPOOMLTLPHLFFEE09CC,37,132.30,,鋼筋混凝土造,68年8月17日,二層,
RPSOMLTLPHLFFCE66CC,6,49.46,住家用,鋼筋混凝土造,100年1月25日,十五層,
RPSOMLTLPHLFFCE66CC,6,26.65,見其它登記事項,鋼筋混凝土造,100年1月25日,十五層,
RPTOMLTLPHLFFEE96CC,11,33.21,住家用,鋼筋混凝土造,94年4月14日,五層,
RPTOMLTLPHLFFEE96CC,11,19.39,住家用,鋼筋混凝土造,94年4月14日,五層,
RPTOMLTLPHLFFEE96CC,11,37.45,住家用,鋼筋混凝土造,94年4月14日,五層,
RPTOMLTLPHLFFEE96CC,11,37.45,住家用,鋼筋混凝土造,94年4月14日,五層,
RPTOMLTLPHLFFEE96CC,11,19.40,住家用,鋼筋混凝土造,94年4月14日,五層,
RPTOMLTLPHLFFEE96CC,11,40.24,住家用,鋼筋混凝土造,94年4月14日,五層,
RPPNMLKMPHLFFBE97CC,19,145.82,住家用,鋼筋混凝土造,86年4月21日,三十五層,
