﻿編號,土地區段位置,土地移轉面積平方公尺,使用分區或編定
The serial number,land sector position,land shifting area square meter,the use zoning or compiles and checks
RPVOMLNJNHLFFHF56CC,景福段,.00,都市：住
RPVOMLNJNHLFFBF58CC,中誠段,.00,都市：住
RPQPMLNJNHLFFBF18CC,國宅段,20.96,都市：住
RPUOMLNJNHLFFBF48CC,芳洲段,.00,都市：住
RPVNMLMJNHLFFHF98CC,民治段,.00,都市：商
RPTOMLMJNHLFFHF88CC,員山段,.01,都市：住
RPTOMLMJNHLFFHF88CC,員山段,14.68,都市：住
RPTOMLMJNHLFFHF88CC,員山段,.01,都市：住
RPVPMLNJNHLFFBF68CC,新工段二小段,26.00,非都市：工業區 ; 非都市編定：丁種建築用地
RPQPMLMJNHLFFBF08CC,新林段,25.64,都市：住
RPOPMLMJNHLFFBF87CC,陸光段,.00,都市：住
RPUPMLMJNHLFFBF48CC,陸光段,.00,都市：住
RPRPMLMJNHLFFBF18CC,五股段,.00,都市：其他
RPOQMLNJNHLFFBF08CC,新工段二小段,25.88,非都市：工業區 ; 非都市編定：丁種建築用地
RPWPMLNJNHLFFBF78CC,興化段,43.99,都市：工
RPUPMLNJNHLFFBF58CC,力行段,8.41,都市：住
RPTOMLNJNHLFFIF09CC,大仁段,58.99,都市：住
RPQOMLNJNHLFFHF88EC,健康段,58.31,都市：工
RPSNMLOJNHLFFHF09EC,捷運段,13.08,都市：其他
RPTOMLOJNHLFFHF66EC,安樂段,.00,都市：商
RPSPMLOJNHLFFBF58DC,國宅段,21.97,都市：住
RPUNMLNJNHLFFCF68EC,環河段,8.06,都市：住
RPUNMLNJNHLFFCF68EC,環河段,.01,都市：其他
RPQOMLOJNHLFFAF08CC,安和段,41.39,都市：住
RPWOMLOJNHLFFAF88EC,文化段,.00,都市：住
RPPOMLOJNHLFFAF97CC,文化段,29.54,都市：住
RPRNMLOJNHLFFBF18CC,國宅段,5.55,都市：住
RPXOMLNJNHLFFAF88EC,民權段,21.25,都市：住
RPSOMLNJNHLFFAF18CC,介壽段,.00,都市：商
RPVNMLOJNHLFFBF58CC,雙鳳段,33.02,都市：住
RPVNMLOJNHLFFBF58CC,雙鳳段,.06,都市：住
RPVOMLOJNHLFFBF68CC,芳洲段,14.08,都市：住
RPWOMLNJNHLFFAF78EC,大安段,50.01,都市：工
RPVOMLNJNHLFFAF68EC,江子翠段新埔小段,27.36,都市：住
RPOPMLNJNHLFFAF08EC,大安段,54.23,都市：工
RPPPMLOJNHLFFBF18CC,芳洲段,20.28,都市：住
RPOPMLOJNHLFFBF08CC,御史段,44.46,都市：住
RPQPMLOJNHLFFBF28CC,成州段,37.49,都市：住
RPVRMLOJNHLFFBF98CC,德音段,.00,都市：住
RPWRMLOJNHLFFBF09CC,成蘆段,27.92,都市：住
RPXPMLOJNHLFFBF98CC,五股坑段壟坑小段,1550.00,都市：其他
RPXRMLOJNHLFFBF56CC,芳洲段,1902.79,都市：住
RPSNMLOJNHLFFDF48CC,環河段,171.90,都市：商
RPQNMLOJNHLFFDF28CC,智興段,.00,都市：住
RPXNMLOJNHLFFGF66CC,大有段,.00,都市：工
RPWOMLPJNHLFFGF76CC,中興段,.00,都市：工
RPRNMLPJNHLFFGF78CC,中興段,.00,都市：工
RPQNMLPJNHLFFCF28CC,民權段,.00,都市：住
RPPNMLOJNHLFFDF18CC,智興段,.00,都市：住
RPXOMLPJNHLFFDF56CC,金龍段,13.66,都市：其他
RPXOMLPJNHLFFDF56CC,金龍段,15.85,非都市：山坡地保育區 ; 非都市編定：丙種建築用地
RPXOMLPJNHLFFDF56CC,金龍段,3.29,都市：其他
RPXOMLPJNHLFFDF56CC,金龍段,2.57,都市：其他
RPPNMLPJNHLFFAF97CC,幸福段,32.40,都市：住
RPQOMLPJNHLFFAF18CC,文化段,.00,都市：住
RPPOMLPJNHLFFHF78CC,中安段,.00,都市：住
RPVNMLPJNHLFFHF66CC,福祥段,.00,都市：商
RPSNMLPJNHLFFHF98CC,捷運段,7.80,都市：其他
RPVOMLPJNHLFFDF56EC,保長段,5.38,都市：住
RPOPMLPJNHLFFDF58EC,保長段,6.31,都市：住
RPWOMLPJNHLFFDF66EC,保長段,8.36,都市：住
RPWNMLQJNHLFFDF66EC,保長段,6.64,都市：住
RPXNMLQJNHLFFDF76EC,保長段,3.91,都市：住
RPVOMLQJNHLFFAF78CC,江子翠段第二崁小段,.00,都市：住
RPROMLQJNHLFFIF56CC,民生段,2.53,都市：住
RPPOMLPJNHLFFEF48CC,海鷗段,.00,都市：住
RPXNMLOJNHLFFEF09CC,公司田段,43.59,都市：其他
RPTQMLQJNHLFFBF88CC,中原段,35.97,都市：商
RPSPMLQJNHLFFBF68CC,建林段,17.94,都市：住
RPOOMLQJNHLFFBF18CC,國宅段,22.60,都市：住
RPRNMLPJNHLFFIF98CC,大學段二小段,30.65,都市：住
RPSNMLPJNHLFFIF09CC,民生段,3.80,都市：住
RPTNMLPJNHLFFIF56CC,和平段,13.23,都市：其他
RPROMLQJNHLFFHF09CC,永平段,10.89,都市：住
RPROMLQJNHLFFHF09CC,永平段,.01,都市：其他
RPQOMLQJNHLFFCF48CC,莊敬段,.00,都市：住
RPQOMLQJNHLFFCF48CC,莊敬段,.00,都市：住
RPPNMLRJNHLFFDF48CC,智興段,.00,都市：商
RPPNMLTJNHLFFDF68CC,智興段,.00,都市：商
RPQOMLTJNHLFFAF58CC,文化段,.00,都市：住
RPOPMLTJNHLFFBF58CC,榮富段,.00,都市：住
RPQPMLTJNHLFFBF78CC,中正段,.00,都市：住
RPTPMLTJNHLFFBF09CC,民安段,23.58,都市：住
RPTNMLQJNHLFFGF66EC,福德北段,.00,都市：商
RPUNMLQJNHLFFGF56CC,永德段,.00,都市：住
RPPQMLTJNHLFFBF78CC,國宅段,22.69,都市：住
RPRQMLTJNHLFFBF98CC,麗林段,20.69,都市：商
RPRNMLTJNHLFFHF66CC,文化段,.00,都市：住
RPWNMLTJNHLFFHF17CC,永平段,30.55,都市：其他
RPWNMLTJNHLFFHF17CC,永平段,24.46,都市：商
RPTOMLTJNHLFFHF96CC,健康段,.00,都市：工
RPROMLQJNHLFFEF78CC,水仙段,.45,都市：住
RPSOMLTJNHLFFHF86CC,健康段,.00,都市：工
RPPPMLTJNHLFFEF98CC,海天段,.02,都市：住
RPPPMLTJNHLFFEF98CC,海天段,.00,都市：住
RPPPMLTJNHLFFEF98CC,海天段,2.33,都市：住
RPPPMLTJNHLFFEF98CC,海天段,.17,都市：住
RPPPMLTJNHLFFEF98CC,海天段,.01,都市：住
RPRPMLQJNHLFFEF88CC,公司田段,43.59,都市：住
RPSPMLQJNHLFFEF98CC,竹圍段,8.71,都市：住
RPVOMLTJNHLFFHF17CC,新民段,.00,都市：工
RPWOMLTJNHLFFHF27CC,安邦段,.00,都市：工
RPPNMLTJNHLFFHF66EC,民利段,.00,都市：住
RPVPMLTJNHLFFEF07DC,新興段,.00,非都市： ; 非都市編定：
RPXOMLTJNHLFFHF37CC,中原段,.00,都市：工
RPRNMLKKNHLFFHF68EC,信義段,27.70,都市：住
RPUOMLKKNHLFFGF78CC,龍濱段,.00,都市：住
RPSNMLKKNHLFFHF58CC,橋和段,209.03,都市：工
RPPPMLKKNHLFFEF18CC,海天段,4.92,都市：住
RPOSMLTJNHLFFIF96CC,大學段一小段,13.95,都市：住
RPUTMLTJNHLFFIF67CC,大學段二小段,237.72,都市：住
RPURMLTJNHLFFIF47CC,大學段二小段,255.73,都市：住
RPSOMLKKNHLFFIF78CC,博愛段,.00,都市：商
RPWOMLKKNHLFFGF98CC,中華段,.00,都市：住
RPQNMLLKNHLFFDF08CC,水源段,.00,都市：住
RPQNMLLKNHLFFDF08CC,水源段,.00,都市：住
RPSNMLLKNHLFFDF28CC,智興段,.00,都市：商
RPSOMLKKNHLFFBF08CC,五工段,1004.31,非都市：工業區 ; 非都市編定：丁種建築用地
RPTSMLKKNHLFFBF58CC,福基段,175.63,都市：工
RPTSMLKKNHLFFBF58CC,福基段,146.70,都市：工
RPUPMLLKNHLFFDF68CC,智興段,.00,都市：住
RPPNMLTJNHLFFCF58CC,復興段,.00,都市：工
RPXNMLLKNHLFFCF68CC,復興段,.00,都市：工
RPOOMLTJNHLFFCF58CC,雙城段,33.47,都市：住
RPROMLLKNHLFFCF18CC,莊敬段,.00,都市：工
RPVPMLLKNHLFFBF78EC,同興段,.00,都市：住
RPOPMLKKNHLFFAF67CC,龍安段,.00,都市：住
RPOPMLLKNHLFFEF18CC,海天段,.02,都市：住
RPOPMLLKNHLFFEF18CC,海天段,.00,都市：住
RPOPMLLKNHLFFEF18CC,海天段,2.62,都市：住
RPOPMLLKNHLFFEF18CC,海天段,.19,都市：住
RPOPMLLKNHLFFEF18CC,海天段,.01,都市：住
RPVPMLLKNHLFFDF98EC,保長段,3.90,都市：住
RPRPMLLKNHLFFIF88CC,鳳祥段,.00,都市：住
RPRPMLLKNHLFFIF88CC,鳳祥段,.00,都市：住
RPOOMLLKNHLFFIF48CC,圳生段,.00,都市：工
RPWPMLLKNHLFFIF76CC,大仁段,122.79,都市：住
RPVPMLLKNHLFFIF66CC,大湖段大湖小段,1264.00,非都市：一般農業區 ; 非都市編定：丁種建築用地
RPVPMLLKNHLFFIF66CC,大湖段大湖小段,147.00,非都市：一般農業區 ; 非都市編定：丁種建築用地
RPWPMLLKNHLFFAF58CC,江子翠段第三崁小段,13.51,都市：商
RPUOMLLKNHLFFAF28CC,新板段三小段,.00,都市：其他
RPTNMLLKNHLFFHF78CC,永利段,.00,都市：住
RPWNMLMKNHLFFHF56CC,安平段,21.46,都市：住
RPPSMLMKNHLFFHF98CC,中安段,.00,都市：其他
RPTRMLMKNHLFFHF66CC,中和段,.00,都市：住
RPWQMLMKNHLFFHF86CC,板南段,28.22,都市：工
RPVOMLMKNHLFFIF66CC,和平段,13.23,都市：其他
RPXOMLMKNHLFFIF86CC,大學段二小段,20.80,都市：商
RPSNMLMKNHLFFEF48CC,望高樓段,113.18,都市：住
RPQOMLMKNHLFFEF38CC,海鷗段,4.85,都市：商
RPPPMLMKNHLFFEF38CC,正德段,11.03,都市：住
RPQPMLMKNHLFFEF48CC,紅毛城段,18.50,都市：住
RPXOMLNKNHLFFDF09CC,同新段,19.63,都市：工
RPOPMLNKNHLFFDF28CC,工建段,11.39,都市：工
RPSOMLNKNHLFFDF58CC,同新段,12.00,都市：工
RPPPMLNKNHLFFDF38CC,環河段,331.99,都市：工
RPPPMLNKNHLFFDF38CC,環河段,626.08,都市：工
RPPPMLNKNHLFFDF38CC,環河段,529.58,都市：工
RPTRMLNKNHLFFEF09CC,學府段,.35,都市：住
RPPOMLNKNHLFFHF68CC,信義段,.00,都市：商
RPQOMLNKNHLFFAF08CC,新板段三小段,3.38,都市：其他
RPOOMLMKNHLFFAF77CC,新板段三小段,.00,都市：其他
RPXNMLMKNHLFFAF58CC,幸福段,4.24,都市：商
RPVQMLNKNHLFFHF86CC,板南段,.00,都市：工
RPVQMLNKNHLFFHF86CC,板南段,.00,都市：其他
RPUNMLMKNHLFFGF88CC,仁愛段,.00,都市：商
RPQNMLNKNHLFFGF58CC,正義段,.00,都市：商
RPORMLNKNHLFFHF88CC,瓦段,.00,都市：商
RPORMLNKNHLFFHF88CC,瓦段,.00,都市：商
RPPRMLNKNHLFFHF98CC,健康段,.00,都市：工
RPQPMLNKNHLFFDF58DC,金龍段,43.52,都市：住
RPQPMLNKNHLFFDF58DC,金龍段,37.96,都市：住
RPQPMLNKNHLFFDF58DC,金龍段,46.72,都市：住
RPQPMLNKNHLFFDF58DC,金龍段,4.71,都市：住
RPOOMLNKNHLFFIF78DC,大學段二小段,17.86,都市：住
RPQRMLNKNHLFFHF09CC,台貿段,.00,都市：住
RPPNMLOKNHLFFEF38CC,公司田段,34.71,都市：住
RPTNMLOKNHLFFHF09CC,南山段,.00,都市：其他
RPUNMLOKNHLFFHF56CC,大智段,.00,都市：住
RPPNMLPKNHLFFDF38CC,智興段,.00,都市：商
RPPNMLPKNHLFFDF38CC,智興段,.00,都市：其他
RPQNMLOKNHLFFAF08CC,公館段,.00,都市：住
RPRNMLOKNHLFFHF88CC,復興段,.00,都市：住
RPRNMLOKNHLFFHF88CC,復興段,.00,都市：住
RPRNMLOKNHLFFHF88CC,復興段,.00,都市：住
RPSNMLOKNHLFFHF98CC,大同段,.00,都市：住
RPTNNLNKNHLFFBF48CC,泰山段三小段,14.14,都市：商
RPPOMLMKNHLFFBF97CC,麗林段,480.99,都市：住
RPOOMLNKNHLFFCF08CC,寶強段,.00,都市：住
RPTNMLQKNHLFFCF78CC,大豐段,.00,都市：住
RPRNMLPKNHLFFIF09CC,大學段一小段,17.20,都市：住
RPPNMLPKNHLFFIF88CC,中園段,16.38,都市：住
RPPNMLPKNHLFFIF88CC,中園段,.28,都市：其他
RPPNMLPKNHLFFIF88CC,中園段,.19,都市：其他
RPPNMLPKNHLFFIF88CC,中園段,10.35,都市：其他
RPVOMLQKNHLFFBF98CC,合鳳段,.00,都市：工
RPROMLQKNHLFFBF58CC,國宅段,17.14,都市：住
RPTPMLQKNHLFFBF88CC,五工段,.00,非都市：工業區 ; 非都市編定：丁種建築用地
RPVNMLQKNHLFFCF98CC,復興段,.00,都市：工
RPWOMLQKNHLFFHF07CC,連城段,17.48,都市：住
RPOOMLQKNHLFFHF88CC,中原段,38.91,都市：工
RPVNMLQKNHLFFHF86CC,板南段,14.33,都市：工
RPPNMLQKNHLFFHF88CC,永利段,.00,都市：住
RPOPMLQKNHLFFHF98CC,板南段,.00,都市：工
RPQNMLPKNHLFFDF48CC,智興段,.00,都市：商
RPQNMLPKNHLFFDF48CC,智興段,.00,都市：住
RPXOMLQKNHLFFHF17CC,保平段,.00,都市：住
RPTOMLQKNHLFFDF98CC,昊天段,.00,都市：工
RPXOMLQKNHLFFEF86CC,公司田段,20.59,都市：住
RPSNMLQKNHLFFEF88CC,新興段,20.09,都市：住
RPPPMLQKNHLFFHF09CC,永利段,7.27,都市：商
RPPNMLRKNHLFFDF58CC,智興段,.00,都市：商
RPWNMLRKNHLFFDF66CC,新峰段,21.80,都市：住
RPWNMLRKNHLFFDF66CC,新峰段,1.60,都市：住
RPPOMLRKNHLFFCF58CC,雙城段,36.30,都市：其他
RPXNMLRKNHLFFCF66CC,寶元段,.00,非都市： ; 非都市編定：
RPWPMLRKNHLFFAF56CC,江子翠段第二崁小段,9.45,都市：商
RPSNMLRKNHLFFCF98EC,北新段,.00,都市：住
RPSNMLRKNHLFFCF98EC,北新段,.00,都市：其他
RPQNMLRKNHLFFDF88EC,保長段,5.38,都市：住
RPRNMLRKNHLFFDF98EC,保長段,3.97,都市：住
RPSNMLRKNHLFFDF09EC,保長段,7.55,都市：住
RPXOMLRKNHLFFEF96CC,海鷗段,.00,都市：住
RPWOMLRKNHLFFBF56CC,同榮段,50.56,都市：住
RPQSMLRKNHLFFBF98CC,榮富段,13.14,都市：住
RPUNMLRKNHLFFAF88DC,光仁段,86.00,都市：住
RPUNMLRKNHLFFAF88DC,光仁段,1.00,都市：其他
RPRNMLRKNHLFFBF58CC,登林段,.00,都市：住
RPROMLRKNHLFFBF68CC,成泰段,26.50,都市：工
RPQNMLRKNHLFFBF48CC,陸光段,.00,都市：住
RPVOMLSKNHLFFDF76CC,新峰段,.00,都市：住
RPPNMLSKNHLFFDF68CC,智興段,.00,都市：商
RPXNMLSKNHLFFCF76CC,秀水段,.00,都市：住
RPSPMLSKNHLFFEF66CC,中正段,3.62,都市：商
RPPOMLSKNHLFFCF68CC,復興段,.00,都市：工
RPXPMLTKNHLFFCF07CC,寶強段,3.49,都市：住
RPWNMLTKNHLFFGF17CC,重陽段,.00,都市：住
RPQNMLSKNHLFFBF58CC,中原段,.00,都市：住
RPVNMLTKNHLFFEF86CC,仁愛段,3.27,都市：其他
RPOOMLTKNHLFFDF78CC,中正段,.00,都市：住
RPWOMLSKNHLFFHF27CC,得和段,.00,都市：住
RPROMLTKNHLFFIF17EC,大學段二小段,39.22,都市：住
RPSNMLKLNHLFFIF78CC,大學段二小段,.00,都市：商
RPWNMLKLNHLFFIF56CC,大學段二小段,34.50,都市：住
RPOOMLTKNHLFFBF58CC,建林段,.09,都市：商
RPOOMLTKNHLFFBF58CC,建林段,16.88,都市：商
RPPOMLKLNHLFFDF08CC,新峰段,93.00,都市：住
RPSOMLTKNHLFFAF98DC,江子翠段第三崁小段,62.38,都市：住
RPWNMLTKNHLFFAF76EC,光仁段,64.00,都市：工
RPUNMLTKNHLFFAF56EC,新板段三小段,2.80,都市：其他
RPXNMLKLNHLFFBF58CC,同榮段,20.44,都市：住
RPVNMLTKNHLFFAF66EC,公館段,21.50,都市：住
RPVNMLTKNHLFFAF66EC,公館段,26.00,都市：住
RPRNMLTKNHLFFAF88EC,幸福段,18.35,都市：住
RPTNMLTKNHLFFAF09EC,埔墘段,11.29,都市：其他
RPSNMLTKNHLFFAF98EC,文化段,1.84,都市：住
RPQNMLTKNHLFFAF78EC,員福段,24.39,都市：住
RPXNMLKLNHLFFCF68CC,復興段,83.09,都市：工
RPQNMLKLNHLFFCF97CC,大豐段,.00,都市：住
RPPOMLKLNHLFFCF97CC,大豐段,21.38,都市：住
RPPNMLLLNHLFFDF08CC,智興段,.00,都市：商
RPQNMLLLNHLFFDF18CC,建成段,11.98,都市：住
RPQNMLLLNHLFFDF18CC,建成段,75.30,都市：住
RPQNMLLLNHLFFDF18CC,建成段,52.59,都市：住
RPQNMLLLNHLFFDF18CC,建成段,10.39,都市：住
RPTNMLMLNHLFFEF68CC,新巿段,23.61,都市：住
RPSNMLMLNHLFFEF58CC,海天段,4.68,都市：住
RPPNMLMLNHLFFBF97CC,麗林段,35.66,都市：住
RPSPMLKLNHLFFAF18CC,中正段,.00,都市：住
RPQNMLMLNHLFFEF38CC,水仙段,1.99,都市：商
RPQNMLMLNHLFFEF38CC,水仙段,.37,都市：住
RPRNMLMLNHLFFEF48CC,海天段,4.68,都市：住
RPRPMLKLNHLFFBF18CC,和平段,12.60,都市：住
RPTPMLKLNHLFFBF38CC,榮富段,9.00,都市：住
RPPPMLNLNHLFFEF58CC,龍米段,.00,都市：住
RPQNMLMLNHLFFIF78CC,大學段一小段,5.88,都市：住
RPPPMLKLNHLFFBF97CC,副都心段一小段,9.58,都市：住
RPRNMLMLNHLFFIF88CC,和平段,31.14,都市：商
RPRNMLMLNHLFFIF88CC,和平段,.17,都市：商
RPPNMLMLNHLFFIF68CC,大學段二小段,21.16,都市：住
RPXNMLNLNHLFFGF76CC,仁愛段,.00,都市：商
RPTNMLNLNHLFFGF98CC,仁愛段,.00,都市：商
RPWNMLNLNHLFFHF76CC,健康段,68.07,都市：工
RPQPMLKLNHLFFBF08CC,榮富段,23.52,都市：住
RPQPMLKLNHLFFBF08CC,榮富段,23.52,都市：住
RPUNMLNLNHLFFDF78CC,福德段,30.00,都市：住
RPUNMLNLNHLFFDF78CC,福德段,3.05,都市：住
RPRNMLNLNHLFFDF48CC,智興段,.00,都市：商
RPUOMLNLNHLFFIF76CC,大學段一小段,22.70,都市：住
RPRNMLNLNHLFFDF48CC,智興段,.00,都市：住
RPSOMLOLNHLFFCF68CC,中華段,.00,都市：住
RPTRMLPLNHLFFHF07CC,中興段,.00,都市：商
RPTOMLPLNHLFFHF76CC,水源段,.00,都市：住
RPRNMLQLNHLFFDF78CC,智興段,.00,都市：住
RPQOMLQLNHLFFDF78CC,昊天段,11.95,都市：工
RPQOMLQLNHLFFDF78CC,同新段,.37,都市：工
RPPNMLPLNHLFFAF18CC,安和段,.00,都市：住
RPROMLQLNHLFFDF88CC,昊天段,11.80,都市：工
RPROMLQLNHLFFDF88CC,同新段,.37,都市：工
RPSOMLQLNHLFFDF98CC,昊天段,23.75,都市：工
RPSOMLQLNHLFFDF98CC,同新段,.74,都市：工
RPVOMLQLNHLFFAF98CC,公館段,.00,都市：住
RPPPMLPLNHLFFAF38CC,青雲段,.00,都市：商
RPUUMLQLNHLFFHF57CC,林森段,.00,都市：住
RPOOMLQLNHLFFDF68DC,環河段,33.43,都市：工
RPOOMLQLNHLFFDF68DC,環河段,.95,都市：工
RPOSMLPLNHLFFBF68CC,榮富段,31.38,都市：住
RPVNMLOLNHLFFBF78CC,中原段,33.12,都市：商
RPVQMLQLNHLFFBF66CC,麗林段,17.58,都市：商
RPUNMLOLNHLFFBF68CC,國宅段,17.29,都市：住
RPSPMLQLNHLFFGF76CC,菜寮段,.00,都市：住
RPUNMLRLNHLFFCF66EC,寶興段,21.00,都市：工
RPRNMLRLNHLFFDF09EC,福德段,29.00,都市：住
RPPOMLNLNHLFFBF18CC,五工段,245.70,非都市：工業區 ; 非都市編定：丁種建築用地
RPVOMLNLNHLFFBF78CC,建林段,25.81,都市：住
RPUNMLRLNHLFFGF86CC,光榮段,.00,都市：住
RPPOMLRLNHLFFIF66CC,大學段二小段,45.17,都市：住
RPPPMLRLNHLFFIF76CC,昌福段,75.16,都市：住
RPSNMLRLNHLFFIF86CC,大學段二小段,10.48,都市：商
RPTNMLRLNHLFFIF96CC,和平段,3.36,都市：住
RPWOMLNLNHLFFBF88CC,中原段,208.85,都市：住
RPSOMLRLNHLFFGF76CC,五華段,.00,都市：住
RPQNMLRLNHLFFDF78CC,智興段,.00,都市：住
RPPNMLSLNHLFFDF78CC,智興段,.00,都市：商
RPPOMLRLNHLFFHF56CC,安樂段,.00,都市：住
RPPOMLRLNHLFFHF56CC,安樂段,.00,都市：住
RPOPMLRLNHLFFHF56CC,保平段,32.44,都市：住
RPOPMLRLNHLFFHF56CC,保平段,12.59,都市：住
RPQOMLKMNHLFFDF48EC,保長段,5.21,都市：住
RPQQMLRLNHLFFAF78CC,信義段,.00,都市：工
RPSNMLSLNHLFFBF88CC,建林段,25.81,都市：住
RPRNMLSLNHLFFEF09CC,新興段,27.62,都市：住
RPRNMLSLNHLFFEF09CC,新興段,37.61,都市：住
RPOOMLKMNHLFFGF38CC,光明段,.00,都市：住
RPPOMLKMNHLFFGF48CC,民生段,.00,都市：住
RPPNMLSLNHLFFEF98DC,中正段,.00,非都市： ; 非都市編定：
RPPNMLSLNHLFFEF98DC,中正段,.00,非都市： ; 非都市編定：
RPPNMLSLNHLFFEF98DC,中正段,.00,非都市： ; 非都市編定：
RPTNMLSLNHLFFEF66CC,淡海段,39.62,都市：住
RPQNMLKMNHLFFHF58CC,得林段,.00,都市：住
RPSOMLKMNHLFFHF88CC,水源段,.00,都市：住
RPQPMLKMNHLFFEF48CC,學府段,15.33,都市：住
RPQPMLKMNHLFFEF48CC,學府段,.06,都市：住
RPSNMLSLNHLFFEF56CC,新巿段,11.64,都市：住
RPQNMLSLNHLFFEF98CC,大義段,26.88,都市：住
RPUOMLKMNHLFFEF78CC,新巿段,21.49,都市：住
RPQPMLKMNHLFFHF78CC,橋和段,.00,都市：商
RPPPMLKMNHLFFHF68CC,大同段,.00,都市：住
RPPPMLKMNHLFFHF68CC,大同段,.00,都市：住
RPPPMLKMNHLFFHF68CC,大同段,.00,都市：住
RPPPMLKMNHLFFHF68CC,大同段,.00,都市：住
RPRPMLKMNHLFFHF88CC,南勢段,.00,都市：住
RPSPMLKMNHLFFHF98CC,中安段,.00,都市：住
RPTOMLKMNHLFFHF98CC,台貿段,.00,都市：住
RPSQMLKMNHLFFHF09CC,南勢段,.00,都市：住
RPQQMLKMNHLFFHF88CC,員山段,.00,都市：工
RPWPMLKMNHLFFHF76CC,安邦段,.00,都市：住
RPTPMLKMNHLFFHF09CC,圓通段,.00,都市：住
RPOQMLKMNHLFFHF68CC,民權段,.00,都市：住
RPPNMLKMNHLFFDF08CC,智興段,.00,都市：商
RPXOMLLMNHLFFDF66EC,江北段,17.64,都市：住
RPPOMLLMNHLFFCF18CC,寶橋段,.00,都市：工
RPSPMLKMNHLFFBF38CC,國宅段,69.24,都市：住
RPXOMLKMNHLFFBF78CC,國宅段,.00,都市：住
RPRNMLLMNHLFFCF28CC,中正段,.00,都市：其他
RPTNMLLMNHLFFIF09CC,大學段二小段,40.97,都市：商
RPVPMLLJOHLFFIF66CC,大學段一小段,17.72,都市：住
RPTNMLLMNHLFFHF98CC,圓通段,.00,都市：住
RPVOMLLJOHLFFHF09CC,板南段,134.20,都市：工
RPXNMLLJOHLFFHF56CC,中原段,235.20,都市：工
RPVNMLLJOHLFFHF98CC,永利段,.00,都市：住
RPVNMLLJOHLFFHF98CC,永利段,.00,都市：住
RPWNMLLMNHLFFAF58CC,僑中段,.00,都市：住
RPSPMLLJOHLFFAF18CC,江子翠段第三崁小段,.00,都市：商
RPSOMLKMNHLFFAF18CC,延和段,.00,都市：其他
RPSPMLLJOHLFFBF28CC,德音段,.00,都市：住
RPORMLLJOHLFFBF08CC,力行段,40.96,都市：商
RPTOMLMJOHLFFBF38CC,建林段,31.57,都市：住
RPWRMLLJOHLFFBF88CC,力行段,60.69,都市：住
RPUPMLLJOHLFFEF78CC,海鷗段,17.32,都市：住
RPURMLLJOHLFFEF98CC,紅毛城段,16.52,都市：住
RPRRMLLJOHLFFEF68CC,大義段,22.51,都市：住
RPSQMLLJOHLFFEF68CC,新興段,.00,都市：住
RPXRMLMJOHLFFHF07CC,捷運段,.00,都市：其他
RPOSMLMJOHLFFHF88CC,永安段,.00,都市：商
RPSQMLMJOHLFFHF09CC,仁愛段,.00,都市：住
RPPSMLMJOHLFFHF98CC,保平段,.00,都市：商
RPQOMLMJOHLFFIF78CC,文化段,146.88,都市：商
RPRSMLMJOHLFFHF56CC,捷運段,18.11,都市：其他
RPQNMLMJOHLFFIF68CC,武林段,20.93,都市：住
RPXOMLMJOHLFFGF86EC,光明段,.00,都市：住
RPSNMLMJOHLFFEF48CC,海天段,29.69,都市：住
RPTOMLNJOHLFFCF58CC,中正段,6.14,都市：住
RPUOMLNJOHLFFGF66EC,正義段,.00,都市：住
RPUPMLNJOHLFFEF98CC,公司田段,14.31,都市：住
RPTOMLNJOHLFFBF48CC,頭興段,253.94,都市：工
RPVNMLNJOHLFFDF78CC,智興段,.00,都市：商
RPOOMLNJOHLFFDF18CC,厚德段,.00,都市：住
RPVNMLNJOHLFFHF56CC,及人段,24.45,都市：住
RPUOMLNJOHLFFHF76EC,民樂段,.00,都市：住
RPVOMLNJOHLFFHF66CC,健康段,.00,都市：工
RPVOMLNJOHLFFHF66CC,健康段,.00,都市：工
RPVOMLNJOHLFFAF68DC,大庭段,13.20,都市：住
RPWTMLNJOHLFFHF27CC,東南段,.00,都市：住
RPUNMLNJOHLFFEF78CC,公司田段,26.45,都市：住
RPROMLOJOHLFFAF28CC,文化段,33.75,都市：住
RPSOMLOJOHLFFAF38CC,公館段,29.50,都市：住
RPQPMLOJOHLFFBF38CC,中原段,40.35,都市：住
RPQTMLOJOHLFFBF78CC,中原段,8.38,都市：商
RPTQMLOJOHLFFBF78CC,中原段,.00,都市：住
RPWTMLOJOHLFFBF76CC,丹鳳段,13.74,都市：住
RPUUMLOJOHLFFBF66CC,復興段,17.57,都市：住
RPWUMLOJOHLFFBF86CC,中誠段,29.24,都市：住
RPQUMLOJOHLFFBF88CC,中原段,7.28,都市：住
RPSPMLOJOHLFFBF58CC,自立段,12.57,都市：商
RPXUMLOJOHLFFBF96CC,自立段,13.88,都市：商
RPUPMLOJOHLFFBF78CC,榮富段,455.87,都市：其他
RPWNMLOJOHLFFGF66CC,集賢段,24.10,都市：住
RPWNMLOJOHLFFHF76CC,華中段,39.50,都市：住
RPSNMLOJOHLFFIF09CC,大學段二小段,18.18,都市：商
RPSVMLOJOHLFFBF56CC,榮富段,10.87,都市：住
RPUVMLOJOHLFFBF76CC,榮富段,14.73,都市：住
RPVVMLOJOHLFFBF86CC,思源段,14.16,都市：住
RPRVMLOJOHLFFBF09CC,立德段,19.21,都市：住
RPWVMLOJOHLFFBF96CC,副都心段一小段,33.37,都市：住
RPXVMLOJOHLFFBF07CC,民安段,24.40,都市：住
RPQVMLOJOHLFFBF98CC,榮富段,10.75,都市：住
RPPNMLPJOHLFFDF38CC,智興段,.00,都市：商
RPPNMLPJOHLFFDF38CC,智興段,.00,都市：住
RPTOMLQJOHLFFHF76CC,永平段,.00,都市：商
RPTOMLQJOHLFFHF76CC,永平段,.00,都市：其他
RPPOMLQJOHLFFGF88CC,正民段,.00,都市：住
RPUOMLQJOHLFFAF78CC,振興段,.00,都市：住
RPVNMLQJOHLFFGF86DC,中興段,.00,都市：工
RPPOMLRJOHLFFIF56CC,武林段,59.62,都市：工
RPPOMLRJOHLFFIF56CC,武林段,76.40,都市：工
RPPOMLRJOHLFFIF56CC,武林段,1475.22,都市：工
RPPOMLRJOHLFFIF56CC,武林段,163.64,都市：其他
RPUPMLRJOHLFFHF07CC,福和段,.00,都市：商
RPXNMLRJOHLFFGF07CC,仁義段,.00,都市：住
RPXNMLRJOHLFFCF66CC,復興段,65.39,都市：工
RPRNMLRJOHLFFHF56CC,板南段,26.33,都市：工
RPXPMLRJOHLFFHF37CC,華中段,24.47,都市：住
RPOQMLRJOHLFFHF56CC,保生段,.00,都市：住
RPQOMLRJOHLFFCF68CC,環河段,.00,都市：住
RPXOMLRJOHLFFCF76CC,太平段,.00,都市：其他
RPVOMLRJOHLFFCF56CC,寶興段,33.18,都市：住
RPVNMLRJOHLFFBF98CC,力行段,25.94,都市：商
RPOPMLRJOHLFFBF48CC,佳林段,66.77,都市：住
RPWUMLRJOHLFFBF17CC,光華段,22.85,都市：住
RPRTMLRJOHLFFBF56CC,五工段,.00,非都市：工業區 ; 非都市編定：丁種建築用地
RPTOMLQJOHLFFEF09CC,公司田段,.00,都市：住
RPSNMLQJOHLFFEF88CC,公司田段,19.68,都市：住
RPWOMLQJOHLFFEF76CC,竹圍段,4.89,都市：其他
RPWOMLQJOHLFFEF76CC,竹圍段,31.47,都市：其他
RPWNMLSJOHLFFEF86CC,正德段,22.80,都市：住
RPTPMLRJOHLFFEF66CC,公司田段,.00,都市：住
RPUQMLSJOHLFFEF96CC,新興段,41.59,都市：住
RPSNMLSJOHLFFHF76CC,國光段,.00,都市：商
RPSNMLSJOHLFFHF76CC,國光段,.00,都市：住
RPRNMLSJOHLFFHF66CC,健康段,.00,都市：工
RPPNMLTJOHLFFDF78CC,智興段,.00,都市：住
RPTOMLSJOHLFFAF88CC,學成段,.00,都市：住
RPUOMLSJOHLFFAF98CC,江子翠段第二崁小段,.00,都市：商
RPOPMLSJOHLFFIF66CC,大學段二小段,20.60,都市：住
RPQNMLKKOHLFFBF87CC,榮富段,20.98,都市：住
RPWOMLSJOHLFFHF27CC,景福段,.00,都市：住
RPUOMLSJOHLFFHF07CC,新和段,.00,都市：住
RPXOMLSJOHLFFHF37CC,秀山段,.00,都市：住
RPWNMLSJOHLFFHF17CC,中原段,.00,都市：工
RPQNMLKKOHLFFAF77CC,江子翠段第三崁小段,.91,都市：住
RPQNMLKKOHLFFAF77CC,江子翠段第三崁小段,.29,都市：住
RPQNMLKKOHLFFAF77CC,江子翠段第三崁小段,11.56,都市：住
RPRNMLKKOHLFFAF87CC,幸福段,.00,都市：住
RPRNMLKKOHLFFBF97CC,全安段,20.95,都市：住
RPTNMLMKOHLFFEF68CC,新巿段,22.19,都市：住
RPUNMLMKOHLFFEF78CC,海天段,4.68,都市：住
RPSNMLMKOHLFFEF58CC,竹圍段,19.21,都市：住
RPWNMLMKOHLFFEF98CC,紅毛城段,26.31,都市：住
RPSNMLMKOHLFFEF58CC,竹圍段,.24,都市：住
RPSNMLMKOHLFFEF58CC,竹圍段,.00,都市：其他
RPSNMLMKOHLFFEF58CC,竹圍段,.08,都市：住
RPSNMLMKOHLFFEF58CC,竹圍段,.26,都市：住
RPVNMLMKOHLFFEF88CC,公司田段,26.73,都市：住
RPXNMLMKOHLFFEF09CC,新巿段,26.16,都市：住
RPVNMLMKOHLFFIF66CC,大學段二小段,20.31,都市：商
RPUNMLMKOHLFFIF56CC,大學段二小段,12.83,都市：住
RPRPMLNKOHLFFIF56CC,大學段二小段,8.29,都市：商
RPTRMLNKOHLFFIF96CC,新興段,.00,都市：工
RPQQMLNKOHLFFIF56CC,博愛段,.00,都市：商
RPVNMLNKOHLFFDF09EC,智興段,7.14,都市：住
RPUOMLNKOHLFFCF78CC,中央段,.00,都市：住
RPPNMLNKOHLFFGF58CC,富貴段,.00,都市：住
RPRNMLNKOHLFFGF78CC,重陽段,.00,都市：住
RPTNMLNKOHLFFEF88DC,中興段,32.66,都市：住
RPXNMLNKOHLFFEF56CC,正德段,13.75,都市：住
RPSNMLNKOHLFFBF38CC,國宅段,10.74,都市：住
RPXNMLNKOHLFFBF88CC,思賢段,21.13,都市：住
RPUSMLNKOHLFFBF09CC,榮富段,.00,都市：住
RPOOMLNKOHLFFBF08CC,中原段,11.37,都市：商
RPUTMLNKOHLFFBF56CC,國宅段,15.45,都市：住
RPOTMLNKOHLFFBF58CC,思賢段,.00,都市：住
RPPPMLOKOHLFFAF28CC,光仁段,29.75,非都市： ; 非都市編定：
RPOPMLNKOHLFFAF08CC,江子翠段第一崁小段,21.50,都市：住
RPSUMLNKOHLFFBF09CC,力行段,20.69,都市：住
RPQPMLOKOHLFFAF38CC,江子翠段溪頭小段,.00,非都市： ; 非都市編定：
RPRUMLNKOHLFFBF98CC,榮富段,.00,都市：住
RPQVMLNKOHLFFBF98CC,建林段,42.37,都市：住
RPQNMLOKOHLFFDF48CC,智興段,.00,都市：商
RPRPMLOKOHLFFDF78CC,新峰段,825.00,都市：住
RPXNMLOKOHLFFBF98CC,中原段,.00,都市：住
RPUOMLOKOHLFFCF88CC,寶元段,588.57,都市：工
RPOOMLOKOHLFFBF18CC,思源段,.00,都市：其他
RPOOMLOKOHLFFBF18CC,思源段,.00,都市：其他
RPSOMLOKOHLFFBF58CC,中原段,.00,都市：商
RPSNMLOKOHLFFBF48CC,民安段,133.00,都市：工
RPUOMLOKOHLFFDF56EC,保長段,5.35,都市：住
RPTOMLOKOHLFFDF09EC,保長段,8.51,都市：住
RPUOMLOKOHLFFEF09CC,新興段,2.61,都市：住
RPOPMLOKOHLFFDF68EC,保長段,8.47,都市：住
RPSPMLOKOHLFFIF76CC,大學段二小段,10.22,都市：商
RPUPMLOKOHLFFIF96CC,大學段一小段,16.26,都市：住
RPVPMLOKOHLFFIF07CC,大學段一小段,5.34,都市：住
RPXPMLOKOHLFFIF27CC,大學段二小段,21.17,都市：商
RPUNMLKKOHLFFHF88CC,公園段,.00,都市：住
RPPNMLKKOHLFFHF38CC,得林段,7.72,都市：住
RPVNMLKKOHLFFHF98CC,員山段,12.76,都市：住
RPRNMLKKOHLFFHF58CC,華中段,26.89,都市：住
RPSRMLPKOHLFFIF07CC,佳園段,67.20,都市：住
RPXRMLPKOHLFFIF57CC,大學段一小段,14.95,都市：商
RPVOMLPKOHLFFGF86CC,重新段壹小段,.00,都市：商
RPVOMLPKOHLFFAF09EC,府中段,101.00,都市：住
RPSOMLPKOHLFFAF78EC,幸福段,9.26,都市：住
RPSNMLOKOHLFFCF78EC,寶橋段,.00,都市：工
RPQNMLOKOHLFFCF58EC,復興段,.00,都市：工
RPXNMLPKOHLFFCF56CC,陽光段,.00,都市：農
RPXNMLPKOHLFFCF56CC,陽光段,.00,都市：農
RPQNMLPKOHLFFCF58DC,行政段,66.01,都市：住
RPRPMLPKOHLFFBF68CC,芳洲段,21.06,都市：住
RPTQMLPKOHLFFBF98CC,麗林段,26.49,都市：住
RPXNMLPKOHLFFDF66CC,厚德段,4742.53,都市：住
RPRRMLPKOHLFFDF09CC,北山段,18.90,都市：商
RPROMLQKOHLFFDF88CC,江北段,2991.48,都市：住
RPWNMLPKOHLFFHF96CC,華中段,25.44,都市：住
RPSOMLPKOHLFFHF86EC,得林段,26.94,都市：住
RPWPMLPKOHLFFHF17CC,南山段,.00,都市：其他
RPUNMLPKOHLFFHF76CC,華中段,26.89,都市：住
RPRNMLPKOHLFFHF56DC,大華段,9.00,都市：住
RPXQMLPKOHLFFHF37CC,永平段,10.88,都市：住
RPXQMLPKOHLFFHF37CC,永平段,.01,都市：其他
RPTOMLQKOHLFFDF09CC,同新段,.00,都市：工
RPOOMLPKOHLFFHF88CC,樂華段,.00,都市：商
RPXNMLPKOHLFFHF07CC,永平段,.00,都市：商
RPXNMLPKOHLFFHF07CC,永平段,.00,都市：商
RPUOMLQKOHLFFDF56CC,福德段,.00,都市：工
RPTPMLQKOHLFFEF66CC,公司田段,32.36,都市：住
RPQNMLRKOHLFFCF68CC,中央段,18.93,都市：住
RPPOMLRKOHLFFDF98EC,水源段,3904.89,都市：住
RPWNMLQKOHLFFIF17CC,大學段二小段,.00,都市：住
RPPPMLRKOHLFFEF09DC,海鷗段,.00,非都市： ; 非都市編定：
RPXUMLRKOHLFFEF67CC,公司田段,29.99,都市：住
RPRNMLRKOHLFFHF66CC,雙和段,49.16,都市：住
RPTNMLRKOHLFFDF09CC,智興段,.00,都市：商
RPTNMLRKOHLFFDF09CC,智興段,.00,都市：住
RPQOMLRKOHLFFDF88CC,智興段,.00,都市：商
RPTNMLRKOHLFFHF86CC,大新段,3.03,都市：商
RPVNMLRKOHLFFHF07CC,東南段,34.23,都市：住
RPPOMLRKOHLFFHF56CC,安樂段,2.74,都市：住
RPPOMLRKOHLFFHF56CC,安樂段,11.10,都市：商
RPXPMLRKOHLFFHF47CC,福祥段,.07,都市：商
RPPNMLSKOHLFFDF78CC,智興段,.00,都市：商
RPTPMLKLOHLFFDF68CC,同新段,28.35,都市：工
RPWPMLKLOHLFFDF98CC,同新段,119.00,都市：工
RPUPMLKLOHLFFCF78DC,行政段,25.76,都市：住
RPTPMLKLOHLFFAF38CC,廷寮段,24.21,都市：住
RPROMLKLOHLFFCF28CC,行政段,.00,都市：住
RPPNMLKLOHLFFCF18EC,復興段,2550.62,都市：工
RPXOMLKLOHLFFEF09CC,滬尾段,51.83,都市：商
RPTOMLQKOHLFFBF88CC,光榮段,.00,都市：住
RPWNMLRKOHLFFBF56CC,鴻福段,271.91,都市：工
RPWNMLRKOHLFFBF56CC,鴻福段,271.91,都市：工
RPPSMLRKOHLFFBF98CC,安泰段,149.59,都市：工
RPRNMLKLOHLFFBF08CC,佳林段,19.71,都市：住
RPRNMLKLOHLFFBF08CC,行政段,57.29,都市：住
RPOPMLLLOHLFFEF38CC,馬偕段,1397.16,都市：工
RPSQMLLLOHLFFEF88CC,公司田段,15.00,都市：住
RPRNMLLLOHLFFCF28CC,民安段,30.76,都市：住
RPUQMLLLOHLFFEF09CC,新興段,25.32,都市：住
RPTPMLLLOHLFFEF88CC,海天段,.02,都市：住
RPTPMLLLOHLFFEF88CC,海天段,.00,都市：住
RPTPMLLLOHLFFEF88CC,海天段,2.62,都市：住
RPTPMLLLOHLFFEF88CC,海天段,.19,都市：住
RPTPMLLLOHLFFEF88CC,海天段,.01,都市：住
RPVQMLLLOHLFFEF56CC,望高樓段,11.10,都市：住
RPOQMLLLOHLFFEF48CC,淡海段,39.62,都市：住
RPQQMLLLOHLFFGF88CC,大有段,.00,都市：住
RPSQMLLLOHLFFGF09CC,過田段,.00,非都市： ; 非都市編定：
RPSQMLLLOHLFFGF09CC,過田段,.00,非都市： ; 非都市編定：
RPSQMLLLOHLFFGF09CC,過田段,.00,非都市： ; 非都市編定：
RPRRMLMLOHLFFCF78CC,新和段,1.30,都市：住
RPRRMLMLOHLFFCF78CC,新和段,21.19,都市：住
RPRRMLMLOHLFFGF56CC,光興段,.00,都市：商
RPTSMLMLOHLFFGF86CC,中興段,.00,都市：工
RPWRMLMLOHLFFCF66CC,莊敬段,64.36,都市：工
RPPPMLMLOHLFFHF88CC,健康段,.00,都市：工
RPOPMLMLOHLFFHF78CC,樂華段,.00,都市：商
RPPPMLMLOHLFFAF18CC,埔墘段,33.42,都市：住
RPTRMLMLOHLFFIF96CC,大學段一小段,19.19,都市：住
RPUNMLMLOHLFFEF88CC,紅毛城段,18.50,都市：住
RPRNMLMLOHLFFEF58CC,新興段,7.02,都市：住
RPUPMLMLOHLFFEF09CC,海天段,.02,都市：住
RPUPMLMLOHLFFEF09CC,海天段,.00,都市：住
RPUPMLMLOHLFFEF09CC,海天段,2.33,都市：住
RPUPMLMLOHLFFEF09CC,海天段,.17,都市：住
RPUPMLMLOHLFFEF09CC,海天段,.01,都市：住
RPOPMLLLOHLFFBF08CC,國宅段,7.06,都市：住
RPPPMLLLOHLFFBF18CC,五工段,.00,非都市：工業區 ; 非都市編定：丁種建築用地
RPXOMLLLOHLFFBF88CC,麗林段,11.04,都市：商
RPQUMLMLOHLFFBF98DC,立德段,11.79,都市：商
RPQUMLMLOHLFFBF98DC,立德段,1.30,都市：商
RPOONLMLOHLFFBF18CC,榮富段,22.23,都市：住
RPSPMLNLOHLFFEF98CC,公司田段,17.21,都市：住
RPQRMLNLOHLFFEF98CC,新興段,22.92,都市：住
RPORMLNLOHLFFEF78CC,新興段,34.72,都市：住
RPUPMLNLOHLFFGF76CC,光興段,.00,都市：商
RPUPMLNLOHLFFGF76CC,光興段,.00,都市：住
RPURMLMLOHLFFIF07CC,大學段一小段,8.01,都市：住
RPVNMLNLOHLFFAF68CC,江子翠段溪頭小段,3.95,都市：住
RPPOMLNLOHLFFAF18CC,府中段,4.30,都市：商
RPXOMLNLOHLFFAF98CC,民族段,.00,都市：住
RPROMLNLOHLFFDF68CC,工建段,407.06,都市：工
RPWOMLNLOHLFFDF56CC,昊天段,10.33,都市：工
RPUOMLNLOHLFFDF98CC,同新段,26.17,都市：工
RPTQMLOLOHLFFDF56CC,智興段,.00,都市：住
RPTQMLOLOHLFFDF56CC,智興段,.00,都市：其他
RPOOMLNLOHLFFHF78CC,橋和段,121.43,都市：工
RPQPMLNLOHLFFHF09CC,新和段,.00,都市：住
RPQPMLNLOHLFFHF09CC,新和段,.00,都市：住
RPWNMLNLOHLFFHF86CC,中安段,9.79,都市：住
RPWNMLNLOHLFFHF86CC,中安段,8.54,都市：商
RPTNMLNLOHLFFHF56CC,健康段,.00,都市：工
RPTNMLNLOHLFFHF56CC,健康段,.00,都市：工
RPWQMLOLOHLFFDF86CC,智興段,.00,都市：住
RPWQMLOLOHLFFDF86CC,智興段,.00,都市：其他
RPTOMLOLOHLFFAF68CC,大庭段,36.32,都市：住
RPOQMLOLOHLFFAF38CC,板院段,.00,都市：住
RPPNMLOLOHLFFAF18CC,文化段,2.60,都市：住
RPXQMLOLOHLFFBF76CC,新林段,733.73,都市：住
RPQQMLOLOHLFFAF58CC,學成段,.00,都市：住
RPQQMLOLOHLFFAF58CC,學成段,.00,都市：住
RPSRMLOLOHLFFBF98CC,建林段,.09,都市：商
RPSRMLOLOHLFFBF98CC,建林段,14.99,都市：商
RPUOMLOLOHLFFIF96CC,博愛段,.00,都市：商
RPOQMLOLOHLFFBF48CC,副都心段一小段,.00,都市：商
RPRPMLOLOHLFFBF68CC,力行段,.00,都市：商
RPQNMLQLOHLFFIF66CC,大學段二小段,40.09,都市：住
RPPNMLPLOHLFFGF88CC,重新段壹小段,36.60,都市：住
RPPNMLQLOHLFFIF56CC,介壽段,21.36,都市：住
RPQNMLRLOHLFFCF98EC,復興段,.00,都市：工
RPQNMLRLOHLFFIF76CC,和平段,4.43,都市：住
RPQRMLRLOHLFFEF76CC,公司田段,.00,都市：住
RPTNMLRLOHLFFHF96CC,板南段,28.52,都市：工
RPUNMLRLOHLFFHF07CC,捷運段,13.08,都市：其他
RPPNMLPLOHLFFBF38CC,丹鳳段,13.56,都市：住
RPROMLPLOHLFFBF68CC,榮富段,18.40,都市：住
RPVNMLPLOHLFFBF98CC,榮富段,14.74,都市：住
RPXOMLRLOHLFFCF96CC,莊敬段,.00,都市：住
RPSNMLPLOHLFFBF68CC,復興段,26.81,都市：住
RPVNMLRLOHLFFHF17CC,健康段,9.26,都市：工
RPRNMLPLOHLFFBF58CC,自立段,9.19,都市：商
RPTNMLPLOHLFFBF78CC,榮富段,21.40,都市：住
RPOOMLPLOHLFFBF38CC,同興段,27.86,都市：住
RPWNMLRLOHLFFHF27CC,健康段,8.15,都市：工
RPOOMLRLOHLFFBF58CC,雙鳳段,.00,都市：住
RPRQMLRLOHLFFBF09CC,中原段,.00,都市：住
RPSOMLRLOHLFFBF98CC,立德段,40.80,都市：住
RPSRMLRLOHLFFBF66CC,中原段,5.89,都市：商
RPTRMLRLOHLFFBF76CC,中原段,18.05,都市：商
RPWQMLSLOHLFFBF07CC,恒安段,44.54,都市：住
RPWQMLSLOHLFFBF07CC,恒安段,17.04,都市：住
RPWQMLSLOHLFFBF07CC,恒安段,41.33,都市：住
RPWQMLSLOHLFFBF07CC,恒安段,14.82,都市：住
RPSPMLSLOHLFFGF07CC,富貴段,.00,都市：住
RPTPMLTLOHLFFCF86CC,寶強段,.00,都市：住
RPTPMLTLOHLFFGF27CC,中興段,.00,非都市： ; 非都市編定：
RPPQMLTLOHLFFEF76CC,公司田段,24.30,都市：其他
RPVRMLSLOHLFFBF07CC,中原段一小段,116.01,都市：住
RPRNMLSLOHLFFBF09EC,泰山段三小段,169.00,都市：工
RPUNMLTLOHLFFHF27CC,信和段,.00,都市：住
RPWNMLSLOHLFFHF37CC,健康段,6520.91,都市：工
RPQNMLTLOHLFFDF09CC,福德段,3.05,都市：住
RPQNMLTLOHLFFDF09CC,福德段,30.00,都市：住
RPRNMLSLOHLFFHF86CC,華中段,.00,都市：住
RPWNMLTLOHLFFDF07CC,昊天段,23.30,都市：工
RPWNMLTLOHLFFDF07CC,同新段,.73,都市：工
RPXNMLTLOHLFFDF17CC,昊天段,23.01,都市：工
RPXNMLTLOHLFFDF17CC,同新段,.72,都市：工
RPXPMLSLOHLFFAF96CC,光仁段,.00,都市：住
RPOOMLTLOHLFFDF98CC,昊天段,23.75,都市：工
RPOOMLTLOHLFFDF98CC,同新段,.74,都市：工
RPPOMLTLOHLFFBF88CC,建林段,24.87,都市：商
RPTRMLTLOHLFFBF96CC,光明段,21.02,都市：住
RPUPMLTLOHLFFBF86CC,力行段,.00,都市：住
RPQUMLTLOHLFFBF96CC,國宅段,12.60,都市：住
RPXOMLTLOHLFFAF96CC,江子翠段第二崁小段,29.88,都市：住
RPPNMLLJPHLFFBF87CC,榮富段,65.34,都市：住
RPSOMLLJPHLFFBF28CC,芳洲段,35.46,都市：住
RPSRMLLJPHLFFBF58CC,建林段,31.04,都市：住
RPOOMLLJPHLFFIF58CC,大學段一小段,5.88,都市：住
RPXNMLLJPHLFFIF76CC,大學段一小段,8.01,都市：住
RPPNMLMJPHLFFDF18CC,智興段,.00,都市：其他
RPPOMLLJPHLFFIF68CC,大學段一小段,18.60,都市：住
RPTNMLNJPHLFFDF68CC,智興段,.00,都市：住
RPQPMLTLOHLFFAF98CC,江子翠段第三崁小段,.00,都市：住
RPPNMLNJPHLFFEF38CC,竹圍段,4.58,都市：住
RPRNMLNJPHLFFDF58DC,昊天段,16.28,都市：住
RPRNMLNJPHLFFDF58DC,昊天段,.07,都市：住
RPRNMLNJPHLFFDF58DC,昊天段,.00,都市：住
RPSNMLNJPHLFFDF68DC,昊天段,21.02,都市：住
RPWNMLOJPHLFFIF96CC,復興段,21.82,都市：商
RPQNMLNJPHLFFEF48CC,正德段,26.32,都市：住
RPPOMLLJPHLFFAF87CC,江子翠段第三崁小段,37.50,都市：住
RPPOMLOJPHLFFDF48CC,中正段,2160.00,都市：住
RPSOMLOJPHLFFDF78CC,智興段,.00,都市：其他
RPSOMLKMOHLFFHF98CC,四維段,.00,都市：住
RPQOMLOJPHLFFHF98CC,捷運段,.00,都市：其他
RPXNNLOJPHLFFBF09CC,副都心段一小段,26.54,都市：商
RPVOMLPJPHLFFDF56CC,同新段,17.45,都市：工
RPRVMLOJPHLFFBF56CC,五工段,2897.44,非都市：工業區 ; 非都市編定：丁種建築用地
RPWOMLPJPHLFFDF66CC,北山段,56.48,都市：工
RPUOMLPJPHLFFBF88CC,力行段,17.67,都市：住
RPXPMLPJPHLFFAF56CC,文化段,.00,都市：住
RPPOMLPJPHLFFEF68CC,大義段,28.27,都市：住
RPQPMLPJPHLFFIF66CC,國光段,49.53,都市：住
RPUPMLPJPHLFFAF09EC,光華段,.00,都市：住
RPOOMLOJPHLFFAF08CC,板院段,.00,都市：住
RPQRMLQJPHLFFEF76EC,新巿段,1796.75,都市：住
RPRRMLQJPHLFFEF86EC,新巿段,1518.61,都市：住
RPXWMLQJPHLFFEF77CC,淡海段,13.96,都市：住
RPVPMLPJPHLFFAF56EC,清水段,89.63,都市：住
RPWOMLQJPHLFFBF56CC,力行段,29.69,都市：住
RPURMLQJPHLFFBF66CC,立德段,.00,都市：住
RPURMLQJPHLFFBF66CC,全安段,.00,都市：住
RPQOMLQJPHLFFDF98EC,福德段,1894.41,都市：住
RPROMLQJPHLFFDF09EC,福德段,195.06,都市：工
RPOPMLQJPHLFFDF88EC,智興段,6.88,都市：住
RPQPMLQJPHLFFDF09EC,智興段,6.01,都市：住
RPPPMLQJPHLFFDF98EC,智興段,8.16,都市：住
RPVOMLQJPHLFFDF86EC,新峰段,23.23,都市：住
RPXOMLPJPHLFFHF27DC,台貿段,27.22,都市：住
RPWNMLQJPHLFFHF07CC,安樂段,.00,都市：住
RPWNMLQJPHLFFHF07CC,安樂段,.00,都市：住
RPPTMLQJPHLFFBF98CC,榮富段,.00,都市：住
RPPNMLRJPHLFFDF68CC,北港段北港口小段,.00,非都市：山坡地保育區 ; 非都市編定：丙種建築用地
RPQPMLRJPHLFFDF98CC,福興段,.00,都市：住
RPRNMLRJPHLFFAF58CC,大安段,38.08,都市：住
RPQNMLRJPHLFFAF48CC,廷寮段,26.05,都市：住
RPVNMLRJPHLFFHF07CC,雙和段,6.97,都市：商
RPVNMLRJPHLFFHF07CC,雙和段,2.29,都市：住
RPVNMLRJPHLFFEF76CC,公司田段,17.21,都市：住
RPROMLRJPHLFFHF76CC,雙和段,9.02,都市：商
RPTPMLRJPHLFFHF07CC,保健段,.00,都市：商
RPWNMLRJPHLFFEF86CC,關渡段,.00,都市：住
RPROMLRJPHLFFEF09CC,公司田段,38.19,都市：其他
RPXOMLRJPHLFFIF47CC,新興段,183.51,都市：工
RPXOMLRJPHLFFIF47CC,新興段,514.02,都市：工
RPXOMLRJPHLFFIF47CC,新興段,104.57,都市：工
RPXPMLRJPHLFFEF17CC,海鷗段,8.04,都市：住
RPXTMLRJPHLFFBF27CC,副都心段一小段,13.20,都市：住
RPVTMLRJPHLFFBF07CC,立言段,5.18,都市：住
RPRPMLRJPHLFFAF98EC,瑞興段,20.41,都市：住
RPUUMLRJPHLFFBF07CC,中原段,3266.70,都市：住
RPRUMLRJPHLFFBF76CC,信華段一小段,20.91,都市：住
RPPNMLKKPHLFFDF08CC,智興段,.00,都市：住
RPPNMLTJPHLFFDF88CC,智興段,.00,都市：商
RPQUMLRJPHLFFBF66CC,副都心段一小段,24.11,都市：商
RPRNMLKKPHLFFBF08CC,力行段,25.56,都市：住
RPPOMLLKPHLFFBF08CC,新工段一小段,.00,非都市：工業區 ; 非都市編定：丁種建築用地
RPWRMLLKPHLFFBF09CC,思賢段,18.01,都市：住
RPSQMLLKPHLFFBF58CC,自立段,24.73,都市：商
RPURMLLKPHLFFBF88CC,行政段,57.29,都市：住
RPURMLLKPHLFFBF88CC,佳林段,19.71,都市：住
RPSRMLLKPHLFFBF68CC,中原段,33.13,都市：住
RPRRMLLKPHLFFBF58CC,副都心段一小段,10.79,都市：商
RPQRMLLKPHLFFBF48CC,副都心段一小段,16.69,都市：住
RPRQMLLKPHLFFBF48CC,榮富段,10.44,都市：住
RPRPMLLKPHLFFBF38CC,榮富段,29.67,都市：住
RPQQMLRJPHLFFCF98CC,北新段,.00,都市：住
RPUNMLLKPHLFFDF68CC,厚德段,.00,都市：住
RPXRMLLKPHLFFBF56CC,中原段,40.35,都市：住
RPQPMLLKPHLFFBF48EC,中原段,34.07,都市：住
RPWNMLLKPHLFFHF66CC,橋和段,544.16,都市：工
RPUNMLLKPHLFFBF58DC,後港段,.15,都市：住
RPUNMLLKPHLFFBF58DC,後港段,15.26,都市：住
RPWOMLLKPHLFFAF68CC,延和段,20.03,都市：住
RPXNMLMKPHLFFGF76CC,中興段,.00,都市：工
RPXNMLMKPHLFFGF76CC,中興段,.00,都市：工
RPXOMLMKPHLFFIF07CC,仁愛段,10.20,都市：住
RPUOMLMKPHLFFIF76CC,大學段二小段,14.60,都市：商
RPRPMLMKPHLFFIF56CC,大同段,117.00,都市：工
RPOPMLMKPHLFFIF88CC,大學段二小段,14.56,都市：商
RPPPMLMKPHLFFHF88CC,民利段,.00,都市：住
RPVOMLMKPHLFFAF88EC,江子翠段第二崁小段,46.18,都市：住
RPRPMLMKPHLFFHF09CC,復興段,.00,都市：住
RPUPMLMKPHLFFHF76CC,大仁段,.00,都市：住
RPRPMLMKPHLFFEF78CC,海天段,36.00,都市：住
RPSPMLMKPHLFFEF88CC,新巿段,21.56,都市：住
RPOQMLMKPHLFFEF58CC,公司田段,28.95,都市：住
RPXPMLMKPHLFFEF76CC,馬偕段,5.78,都市：工
RPQPMLMKPHLFFEF68CC,海天段,4.92,都市：住
RPXOMLMKPHLFFEF66CC,埤頭段,565.56,都市：工
RPWPMLMKPHLFFEF66CC,公司田段,23.16,都市：住
RPQOMLMKPHLFFEF58CC,鄧公段,41.50,都市：住
RPXNMLMKPHLFFEF56CC,公司田段,10.96,都市：住
RPUPMLMKPHLFFEF09CC,新巿段,24.95,都市：住
RPUOMLMKPHLFFDF88CC,昊天段,.00,都市：工
RPUOMLMKPHLFFDF88CC,同新段,.00,都市：工
RPOPMLMKPHLFFDF38CC,金龍段,.39,都市：其他
RPOPMLMKPHLFFDF38CC,金龍段,.45,非都市：山坡地保育區 ; 非都市編定：丙種建築用地
RPOPMLMKPHLFFDF38CC,金龍段,.01,都市：其他
RPOPMLMKPHLFFDF38CC,金龍段,.01,都市：其他
RPSNMLNKPHLFFDF68CC,智興段,.00,都市：住
RPPQMLMKPHLFFEF68CC,長興段,4.81,都市：住
RPPQMLMKPHLFFEF68CC,長興段,.16,都市：其他
RPVNMLNKPHLFFAF68CC,光仁段,.00,都市：商
RPVNMLNKPHLFFAF68CC,光仁段,.00,都市：商
RPTNMLNKPHLFFDF88DC,福德段,1894.41,都市：住
RPSPMLNKPHLFFEF09DC,新巿段,.00,非都市： ; 非都市編定：
RPQOMLOKPHLFFIF76EC,和平段,2.01,都市：住
RPQOMLOKPHLFFIF76EC,和平段,29.09,都市：住
RPQOMLOKPHLFFIF76EC,和平段,20.46,都市：住
RPXNMLNKPHLFFIF07CC,大學段一小段,106.14,都市：住
RPXOMLNKPHLFFGF96CC,興德段,.00,都市：工
RPQOMLNKPHLFFGF88CC,中興段,.00,都市：工
RPTOMLNKPHLFFHF86EC,民樂段,.09,都市：其他
RPTOMLNKPHLFFHF86EC,民樂段,9.91,都市：住
RPROMLNKPHLFFBF48CC,立言段,24.83,都市：住
RPTQMLMKPHLFFBF78CC,麗林段,31.88,都市：商
RPSQMLMKPHLFFBF68CC,力行段,40.54,都市：商
RPTOMLOKPHLFFIF86CC,北園段,371.69,非都市：一般農業區 ; 非都市編定：丁種建築用地
RPTOMLOKPHLFFIF86CC,北園段,74.22,非都市：一般農業區 ; 非都市編定：國土保安用地
RPQOMLOKPHLFFGF98CC,重新段壹小段,.00,都市：住
RPROMLOKPHLFFHF56CC,大智段,.00,都市：住
RPSNMLOKPHLFFHF56CC,四維段,9.56,都市：住
RPSPMLOKPHLFFHF76CC,永平段,.00,都市：住
RPVOMLOKPHLFFHF96CC,中興段,.00,都市：住
RPVOMLOKPHLFFHF96CC,中興段,.00,都市：住
RPVOMLOKPHLFFHF96CC,中興段,.00,都市：住
RPTPMLOKPHLFFHF86CC,新和段,.00,都市：住
RPOOMLOKPHLFFHF88CC,水源段,.00,都市：商
RPQPMLOKPHLFFHF56CC,公園段,20.20,都市：住
RPTOMLOKPHLFFHF76CC,南山段,.00,都市：其他
RPSOMLOKPHLFFHF66CC,保健段,.00,都市：住
RPVNMLOKPHLFFAF88DC,公館段,7.79,都市：住
RPSNMLOKPHLFFDF78CC,金龍段,65.60,都市：住
RPSNMLOKPHLFFDF78CC,金龍段,129.52,都市：住
RPSNMLOKPHLFFAF48CC,國光段,.00,都市：住
RPSNMLOKPHLFFAF48CC,國光段,.00,都市：住
RPTNMLOKPHLFFAF58CC,金城段,3.55,都市：住
RPPOMLOKPHLFFAF28CC,新興段,.00,都市：住
RPOOMLOKPHLFFDF48CC,智興段,.00,都市：商
RPOOMLOKPHLFFDF48CC,智興段,.00,都市：住
RPROMLOKPHLFFAF48CC,府中段,.00,都市：商
RPVPMLOKPHLFFHF07CC,三民段,.00,都市：住
RPXPMLOKPHLFFHF27CC,景華段,18.49,都市：住
RPOQMLOKPHLFFHF09CC,圓通段,10.19,都市：住
RPWNMLOKPHLFFBF98CC,中原段,.00,都市：住
RPWPMLOKPHLFFHF17CC,捷運段,.00,都市：其他
RPSOMLOKPHLFFBF68CC,五工段,2401.97,非都市：工業區 ; 非都市編定：丁種建築用地
RPUOMLOKPHLFFBF88CC,中山段,.00,都市：工
RPQNMLPKPHLFFDF68CC,智興段,.00,都市：商
RPSPMLPKPHLFFEF76EC,紅毛城段,.00,非都市： ; 非都市編定：
RPUNMLPKPHLFFIF96CC,民族段,49.75,都市：住
RPUNMLPKPHLFFIF96CC,民族段,11.60,都市：住
RPTPMLPKPHLFFEF86EC,米倉段,19.96,都市：住
RPOOMLPKPHLFFBF38CC,建林段,10.09,都市：住
RPPPMLSKPHLFFBF88CC,中原段,.00,都市：住
RPRPMLSKPHLFFBF09CC,國宅段,32.33,都市：住
RPVNMLSKPHLFFDF86CC,新峰段,.00,都市：住
RPVNMLSKPHLFFDF86CC,新峰段,.00,都市：住
RPQOMLPKPHLFFBF58CC,副都心段一小段,24.11,都市：商
RPVOMLPKPHLFFAF98CC,員福段,102.00,都市：商
RPROMLPKPHLFFAF58CC,光環段,.00,都市：住
RPOPMLPKPHLFFAF38CC,新板段二小段,4.51,都市：其他
RPWOMLSKPHLFFDF07CC,昊天段,165.29,都市：工
RPPPMLSKPHLFFDF09CC,工建段,69.70,都市：工
RPPNMLQKPHLFFBF48CC,中原段,17.54,都市：商
RPRSMLSKPHLFFEF07CC,公司田段,.00,都市：住
RPQPMLSKPHLFFEF76DC,中興段,10.54,都市：住
RPVPMLSKPHLFFEF27DC,海鷗段,2.75,都市：商
RPQNMLSKPHLFFDF56EC,保長段,3.90,都市：住
RPTPMLPKPHLFFIF07CC,大安段,.00,都市：工
RPWNMLSKPHLFFDF17EC,保長段,7.56,都市：住
RPROMLSKPHLFFDF76EC,保長段,8.60,都市：住
RPPOMLSKPHLFFDF56EC,保長段,8.53,都市：住
RPSOMLSKPHLFFGF96CC,福德北段,.00,都市：住
RPUOMLTKPHLFFIF47CC,大埔段大埔小段,27.25,非都市：一般農業區 ; 非都市編定：甲種建築用地
RPXNMLSKPHLFFHF47CC,健康段,59.42,都市：工
RPPPMLTKPHLFFHF96CC,保健段,13.26,都市：住
RPPPMLTKPHLFFHF96CC,保健段,2.39,都市：商
RPQPMLTKPHLFFHF07CC,民富段,24.26,都市：住
RPOPMLSKPHLFFHF96EC,民富段,.00,都市：工
RPOPMLSKPHLFFHF96EC,民富段,.00,都市：工
RPOPMLSKPHLFFHF96EC,民富段,.00,都市：工
RPXOMLTKPHLFFAF17EC,介壽段,.00,都市：商
RPOPMLSKPHLFFHF76CC,景平段,.00,都市：商
RPRPMLTKPHLFFHF17CC,保健段,.00,都市：住
RPRPMLTKPHLFFHF17CC,保健段,.00,都市：住
RPSOMLTKPHLFFDF76CC,昊天段,33.40,都市：工
RPSOMLTKPHLFFDF76CC,同新段,1.04,都市：工
RPROMLTKPHLFFDF66CC,昊天段,23.30,都市：工
RPROMLTKPHLFFDF66CC,同新段,.73,都市：工
RPVPMLTKPHLFFHF57CC,保健段,13.79,都市：住
RPVPMLTKPHLFFHF57CC,保健段,2.39,都市：商
RPUOMLTKPHLFFDF96CC,昊天段,23.75,都市：工
RPUOMLTKPHLFFDF96CC,同新段,.74,都市：工
RPUPMLTKPHLFFHF47CC,大仁段,.00,都市：住
RPVOMLTKPHLFFDF07CC,昊天段,31.47,都市：工
RPVOMLTKPHLFFDF07CC,同新段,.98,都市：工
RPXOMLTKPHLFFDF27CC,昊天段,33.69,都市：工
RPXOMLTKPHLFFDF27CC,同新段,1.05,都市：工
RPWOMLTKPHLFFDF17CC,昊天段,23.60,都市：工
RPWOMLTKPHLFFDF17CC,同新段,.74,都市：工
RPOPMLTKPHLFFEF56CC,鄧公段,8.16,都市：住
RPPPMLTKPHLFFEF66CC,鄧公段,32.64,都市：住
RPQPMLTKPHLFFEF76CC,鄧公段,8.16,都市：住
RPPNMLKLPHLFFDF18CC,智興段,.00,都市：住
RPROMLKLPHLFFHF88CC,新民段,.00,都市：工
RPPNMLSKPHLFFFF56DC,魚坑段魚坑小段,113.00,非都市：山坡地保育區 ; 非都市編定：丙種建築用地
RPQNMLKLPHLFFCF38EC,小城段,68.13,都市：其他
RPWNMLLLPHLFFDF56EC,智興段,6.88,都市：住
RPSNMLLLPHLFFHF98CC,捷運段,.00,都市：其他
RPVNMLLLPHLFFHF66CC,新和段,22.06,都市：住
RPXOMLLLPHLFFHF96CC,安樂段,.00,都市：住
RPWRMLLLPHLFFEF86CC,沙崙段,.00,都市：商
RPWRMLLLPHLFFEF86CC,沙崙段,.00,都市：商
RPROMLLLPHLFFIF66EC,大學段一小段,17.20,都市：住
RPSOMLLLPHLFFCF58CC,復興段,138.87,都市：工
RPTOMLLLPHLFFCF68CC,復興段,78.61,都市：工
RPQOMLLLPHLFFCF38CC,大豐段,59.67,都市：住
RPVNMLKLPHLFFAF48CC,仁愛段,.00,都市：住
RPXOMLKLPHLFFIF96CC,民生段,10.17,都市：住
RPXOMLKLPHLFFIF96CC,民生段,7.18,都市：住
RPXOMLKLPHLFFIF96CC,民生段,7.69,都市：住
RPQQMLLLPHLFFBF48CC,幸福段,25.78,都市：工
RPRNMLTKPHLFFAF88CC,新雅段,17.85,都市：住
RPQNMLMLPHLFFBF28CC,力行段,14.59,都市：住
RPPNMLKLPHLFFFF38CC,仁里段,.00,都市：住
RPPNMLKLPHLFFFF38CC,仁里段,.00,都市：住
RPPNMLKLPHLFFFF38CC,仁里段,.00,都市：住
RPSNMLMLPHLFFBF48CC,行政段,87.76,都市：商
RPUOMLMLPHLFFCF88CC,復興段,.00,都市：工
RPQNMLLLPHLFFGF68CC,光興段,.00,都市：住
RPQNMLLLPHLFFGF68CC,光興段,.00,都市：商
RPUPMLMLPHLFFEF56CC,公司田段,22.70,都市：住
RPPPMLMLPHLFFEF68CC,埤頭段,944.16,都市：工
RPUNMLMLPHLFFHF66CC,永福段,.00,都市：住
RPQOMLMLPHLFFHF98CC,中原段,.00,都市：工
RPQNMLNLPHLFFIF09CC,大學段一小段,16.37,都市：住
RPOPMLMLPHLFFIF98CC,大學段二小段,.00,都市：商
RPVOMLMLPHLFFBF88CC,水碓段水碓小段,2088.00,非都市：一般農業區 ; 非都市編定：農牧用地
RPTOMLMLPHLFFAF68DC,運校段,25.70,都市：住
RPSSMLMLPHLFFAF88CC,篤行段,12.26,都市：住
RPWSMLMLPHLFFAF66CC,篤行段,12.60,都市：住
RPRNMLNLPHLFFIF56CC,大學段二小段,12.09,都市：商
RPSNMLNLPHLFFIF66CC,安溪段,10.18,都市：住
RPPNMLOLPHLFFDF58CC,水源段,.00,都市：住
RPSNMLOLPHLFFBF68CC,中誠段,40.16,都市：住
RPSNMLOLPHLFFBF68CC,中誠段,20.08,都市：住
RPUNMLOLPHLFFBF88CC,芳洲段,13.20,都市：住
RPTNMLOLPHLFFBF78CC,豐年段,23.91,都市：住
RPPNMLOLPHLFFBF38CC,自立段,8.32,都市：商
RPVNMLOLPHLFFBF98CC,合鳳段,26.04,都市：工
RPPNMLPLPHLFFDF68CC,智興段,.00,都市：商
RPPNMLPLPHLFFDF68CC,智興段,.00,都市：住
RPQNMLPLPHLFFDF78CC,智興段,.00,都市：其他
RPRNMLPLPHLFFDF88CC,智興段,.00,都市：住
RPSNMLPLPHLFFDF98CC,智興段,.00,都市：住
RPSNMLPLPHLFFDF98CC,智興段,.00,都市：其他
RPWNMLPLPHLFFDF76CC,金龍段,.00,都市：住
RPPOMLPLPHLFFHF56CC,健康段,.00,都市：工
RPXOMLPLPHLFFCF86CC,安德段,.00,都市：住
RPUPMLPLPHLFFCF66CC,華城一段,239.63,都市：住
RPVOMLQLPHLFFCF96EC,寶強段,281.82,都市：住
RPVOMLQLPHLFFCF96EC,寶強段,.12,都市：住
RPVOMLQLPHLFFCF96EC,寶強段,.17,都市：其他
RPVOMLQLPHLFFCF96EC,寶強段,.23,都市：住
RPSOMLPLPHLFFCF56EC,安坑段車子路小段,31.76,非都市：山坡地保育區 ; 非都市編定：丙種建築用地
RPTNMLPLPHLFFBF88CC,榮富段,7.76,都市：住
RPXQMLPLPHLFFBF96CC,中原段,21.30,都市：住
RPXPMLPLPHLFFBF86CC,德音段,1348.41,都市：其他
RPXPMLPLPHLFFBF86CC,德音段,134.48,都市：其他
RPORMLPLPHLFFBF78CC,榮富段,31.38,都市：住
RPPRMLPLPHLFFBF88CC,副都心段九小段,33.76,都市：住
RPXOMLQLPHLFFIF57CC,十三添段十三添小段,426.00,非都市：山坡地保育區 ; 非都市編定：農牧用地
RPWOMLQLPHLFFCF07EC,民權段,42.92,都市：住
RPTNMLQLPHLFFEF66CC,公司田段,25.77,都市：住
RPQNMLQLPHLFFHF66CC,華福段,50.45,都市：住
RPQSMLRLPHLFFBF66CC,建林段,8.35,都市：其他
RPXPMLQLPHLFFBF96CC,中原段,.00,都市：商
RPOOMLQLPHLFFBF58CC,建林段,11.21,都市：商
RPRQMLQLPHLFFBF09CC,芳洲段,.00,都市：住
RPQOMLQLPHLFFGF66CC,正義段,.00,都市：住
RPTOMLRLPHLFFHF17CC,南山段,.00,都市：住
RPPOMLRLPHLFFEF09CC,新興段,23.88,都市：其他
RPUNMLRLPHLFFCF66CC,惠國段,12.49,都市：住
RPSNMLRLPHLFFCF09CC,明德段,16.71,都市：住
RPSNMLRLPHLFFCF09CC,明德段,8.11,都市：住
RPSNMLRLPHLFFCF09CC,明德段,20.29,都市：住
RPUNMLRLPHLFFEF86CC,新巿段,8.31,都市：住
RPQOMLSLPHLFFBF09DC,建林段,11.99,都市：商
RPPPMLSLPHLFFBF98CC,鴻福段,57.55,都市：工
RPUOMLSLPHLFFBF76CC,國宅段,17.79,都市：住
RPWOMLSLPHLFFBF96CC,鴻福段,57.00,都市：工
RPQPMLSLPHLFFBF09CC,鴻福段,77.46,都市：工
RPSNMLSLPHLFFDF66CC,智興段,.00,都市：商
RPSNMLSLPHLFFDF66CC,智興段,.00,都市：商
RPSNMLSLPHLFFDF66CC,智興段,.00,都市：商
RPXNMLSLPHLFFDF17CC,昊天段,33.40,都市：工
RPXNMLSLPHLFFDF17CC,同新段,1.04,都市：工
RPPNMLQLPHLFFAF48CC,大安段,41.83,都市：工
RPTQMLQLPHLFFAF56CC,光仁段,.00,都市：住
RPWPMLQLPHLFFAF96EC,和平段,7.21,都市：住
RPPOMLRLPHLFFAF88EC,中山段,13.38,都市：住
RPQNMLTLPHLFFDF56CC,北山段,.00,都市：工
RPQNMLTLPHLFFDF56CC,北山段,.00,都市：工
RPRNMLSLPHLFFHF17EC,保生段,9.17,都市：住
RPQNMLSLPHLFFHF07EC,員山段,7.75,都市：工
RPTNMLTLPHLFFDF86CC,保安段,.00,都市：工
RPSNMLTLPHLFFDF76CC,同新段,.00,都市：工
RPQQMLTLPHLFFBF86EC,復興段,30.66,都市：住
RPWNMLTLPHLFFEF37DC,新興段,.00,非都市： ; 非都市編定：
RPSOMLTLPHLFFBF66CC,國宅段,.00,都市：住
RPQNMLKMPHLFFDF38CC,智興段,.00,都市：商
RPXPMLTLPHLFFEF57CC,新巿段,15.84,都市：住
RPQNMLKMPHLFFEF58DC,中正段,3.34,都市：商
RPPNMLKMPHLFFEF38CC,學府段,25.13,都市：住
RPPNMLLMPHLFFCF28CC,寶橋段,.00,都市：工
RPPNMLKMPHLFFBF08CC,力行段,26.31,都市：商
RPRNMLLMPHLFFCF48CC,寶橋段,.00,都市：工
RPSNMLKMPHLFFBF38CC,國宅段,28.28,都市：住
RPQNMLLMPHLFFCF38CC,寶元段,65.39,都市：工
RPPNMLKMPHLFFAF97CC,和平段,32.50,都市：住
RPSNMLSLPHLFFHF27EC,保生段,22.06,都市：住
RPPNMLKMPHLFFHF68CC,台貿段,7.03,都市：住
RPSNMLLMPHLFFCF58CC,寶橋段,40.00,都市：工
