﻿編號,土地區段位置,土地移轉面積平方公尺,使用分區或編定
The serial number,land sector position,land shifting area square meter,the use zoning or compiles and checks
RPQPMLTJNHLFFCF78CB,北宜段,.53,都市：商
RPSNMLTJNHLFFCF78CB,北宜段,1.72,都市：商
RPPPMLTJNHLFFCF68CB,北宜段,.53,都市：商
RPWNMLTJNHLFFCF56CB,北宜段,.91,都市：商
RPTNMLQJNHLFFCF58CB,北宜段,.62,都市：商
RPPOMLQJNHLFFCF28CB,北宜段,.53,都市：商
RPTPMLTJNHLFFCF09CB,北宜段,.44,都市：商
RPUPMLTJNHLFFCF56CB,北宜段,.44,都市：商
RPWPMLTJNHLFFCF76CB,北宜段,.44,都市：商
RPRPMLTJNHLFFCF88CB,北宜段,.44,都市：商
RPXPMLTJNHLFFCF86CB,北宜段,.44,都市：商
RPOQMLTJNHLFFCF68CB,北宜段,.44,都市：商
RPPQMLTJNHLFFCF78CB,北宜段,.44,都市：商
RPQQMLTJNHLFFCF88CB,北宜段,.44,都市：商
RPUQMLTJNHLFFCF66CB,北宜段,.44,都市：商
RPSPMLPJNHLFFBF48CB,建林段,13.73,都市：住
RPSPMLPJNHLFFBF48CB,建林段,13.78,都市：住
RPQPMLPJNHLFFBF28CB,建林段,16.77,都市：住
RPQPMLPJNHLFFBF28CB,建林段,16.84,都市：住
RPTPMLPJNHLFFBF58CB,建林段,13.73,都市：住
RPTPMLPJNHLFFBF58CB,建林段,13.78,都市：住
RPRPMLPJNHLFFBF38CB,建林段,16.77,都市：住
RPRPMLPJNHLFFBF38CB,建林段,16.84,都市：住
RPUNMLKKNHLFFCF18CB,北宜段,.53,都市：商
RPROMLKKNHLFFCF97CB,北宜段,.53,都市：商
RPSOMLKKNHLFFCF08CB,北宜段,.53,都市：商
RPXOMLKKNHLFFCF58CB,北宜段,.53,都市：商
RPPPMLKKNHLFFCF87CB,北宜段,.53,都市：商
RPQPMLKKNHLFFCF97CB,北宜段,.53,都市：商
RPRPMLKKNHLFFCF08CB,北宜段,.53,都市：商
RPTQMLKKNHLFFCF38CB,北宜段,.69,都市：商
RPXQMLKKNHLFFCF78CB,北宜段,.69,都市：商
RPSRMLKKNHLFFCF38CB,北宜段,.62,都市：商
RPURMLKKNHLFFCF58CB,北宜段,.62,都市：商
RPVRMLKKNHLFFCF68CB,北宜段,.62,都市：商
RPVNMLLKNHLFFDF48CB,大同段,17.28,都市：住
RPWNMLLKNHLFFDF58CB,大同段,16.35,都市：住
RPUOMLTJNHLFFDF56CB,大同段,8.10,都市：住
RPRPMLTJNHLFFDF98CB,大同段,12.74,都市：住
RPWOMLTJNHLFFDF76CB,大同段,16.82,都市：住
RPUPMLTJNHLFFDF66CB,大同段,12.85,都市：住
RPXOMLTJNHLFFDF86CB,大同段,16.50,都市：住
RPTPMLTJNHLFFDF56CB,大同段,12.85,都市：住
RPWPMLTJNHLFFDF86CB,大同段,18.75,都市：住
RPPPMLLKNHLFFDF08CB,大同段,8.92,都市：住
RPWOMLNKNHLFFCF78CB,北宜段,.62,都市：商
RPXOMLNKNHLFFCF88CB,北宜段,.69,都市：商
RPOPMLNKNHLFFCF08CB,北宜段,.69,都市：商
RPVOMLNKNHLFFCF68CB,北宜段,.62,都市：商
RPTNMLOKNHLFFCF48CB,北宜段,.53,都市：商
RPVNMLOKNHLFFCF68CB,北宜段,.53,都市：商
RPWNMLOKNHLFFCF78CB,北宜段,.53,都市：商
RPUNMLOKNHLFFCF58CB,北宜段,.53,都市：商
RPSNMLNKNHLFFBF18CB,中山段,2.48,都市：住
RPSNMLNKNHLFFBF18CB,中山段,3.69,都市：住
RPSNMLNKNHLFFBF18CB,中山段,4.43,都市：住
RPSNMLNKNHLFFBF18CB,中山段,4.35,都市：住
RPSNMLNKNHLFFBF18CB,中山段,4.10,都市：住
RPSNMLNKNHLFFBF18CB,中山段,2.29,都市：住
RPSNMLNKNHLFFBF18CB,中山段,.00,都市：住
RPTNMLNKNHLFFBF28CB,中山段,1.30,都市：住
RPTNMLNKNHLFFBF28CB,中山段,6.48,都市：住
RPTNMLNKNHLFFBF28CB,中山段,5.12,都市：住
RPTNMLNKNHLFFBF28CB,中山段,.25,都市：住
RPTNMLNKNHLFFBF28CB,中山段,.05,都市：住
RPTNMLNKNHLFFBF28CB,中山段,1.88,都市：住
RPTNMLNKNHLFFBF28CB,中山段,.10,都市：住
RPTNMLNKNHLFFBF28CB,中山段,4.17,都市：住
RPTNMLNKNHLFFBF28CB,中山段,5.13,都市：住
RPRNMLNKNHLFFBF08CB,中山段,2.88,都市：住
RPRNMLNKNHLFFBF08CB,中山段,4.30,都市：住
RPRNMLNKNHLFFBF08CB,中山段,5.16,都市：住
RPRNMLNKNHLFFBF08CB,中山段,5.06,都市：住
RPRNMLNKNHLFFBF08CB,中山段,4.77,都市：住
RPRNMLNKNHLFFBF08CB,中山段,2.66,都市：住
RPRNMLNKNHLFFBF08CB,中山段,.00,都市：住
RPVNMLNKNHLFFBF48CB,中山段,2.50,都市：住
RPVNMLNKNHLFFBF48CB,中山段,3.72,都市：住
RPVNMLNKNHLFFBF48CB,中山段,4.47,都市：住
RPVNMLNKNHLFFBF48CB,中山段,4.38,都市：住
RPVNMLNKNHLFFBF48CB,中山段,4.13,都市：住
RPVNMLNKNHLFFBF48CB,中山段,2.30,都市：住
RPVNMLNKNHLFFBF48CB,中山段,.00,都市：住
RPXNMLNKNHLFFBF68CB,中山段,4.00,都市：住
RPXNMLNKNHLFFBF68CB,中山段,5.97,都市：住
RPXNMLNKNHLFFBF68CB,中山段,7.16,都市：住
RPXNMLNKNHLFFBF68CB,中山段,7.02,都市：住
RPXNMLNKNHLFFBF68CB,中山段,6.62,都市：住
RPXNMLNKNHLFFBF68CB,中山段,3.69,都市：住
RPXNMLNKNHLFFBF68CB,中山段,.01,都市：住
RPUNMLNKNHLFFBF38CB,中山段,2.84,都市：住
RPUNMLNKNHLFFBF38CB,中山段,4.25,都市：住
RPUNMLNKNHLFFBF38CB,中山段,5.09,都市：住
RPUNMLNKNHLFFBF38CB,中山段,5.00,都市：住
RPUNMLNKNHLFFBF38CB,中山段,4.71,都市：住
RPUNMLNKNHLFFBF38CB,中山段,2.63,都市：住
RPUNMLNKNHLFFBF38CB,中山段,.00,都市：住
RPPUMLNJOHLFFHF56CB,民利段,10.91,都市：住
RPRUMLNJOHLFFHF76CB,民利段,10.91,都市：住
RPXTMLNJOHLFFHF27CB,民利段,14.85,都市：住
RPOUMLNJOHLFFHF09CB,民利段,11.13,都市：住
RPQUMLNJOHLFFHF66CB,民利段,10.91,都市：住
RPXSMLNJOHLFFHF17CB,民利段,17.47,都市：住
RPUTMLNJOHLFFHF96CB,民利段,14.73,都市：住
RPQTMLNJOHLFFHF56CB,民利段,20.52,都市：住
RPSRMLNJOHLFFHF56CB,民利段,20.74,都市：住
RPTTMLNJOHLFFHF86CB,民利段,14.85,都市：住
RPSUMLNJOHLFFHF86CB,民利段,10.91,都市：住
RPTUMLNJOHLFFHF96CB,民利段,10.91,都市：住
RPUUMLNJOHLFFHF07CB,民利段,10.91,都市：住
RPVUMLNJOHLFFHF17CB,民利段,10.91,都市：住
RPXUMLNJOHLFFHF37CB,民利段,14.92,都市：住
RPOVMLNJOHLFFHF56CB,民利段,16.96,都市：住
RPWUMLNJOHLFFHF27CB,民利段,10.91,都市：住
RPUQMLQJOHLFFBF98CB,成州段,40.56,都市：住
RPRUMLQJOHLFFBF09CB,芳洲段,38.50,都市：住
RPSTMLQJOHLFFBF09CB,芳洲段,38.50,都市：住
RPQTMLQJOHLFFBF88CB,芳洲段,38.57,都市：住
RPXRMLQJOHLFFBF76CB,成州段,40.56,都市：住
RPTVMLQJOHLFFBF76CB,芳洲段,38.57,都市：住
RPVVMLQJOHLFFBF96CB,芳洲段,38.50,都市：住
RPWVMLQJOHLFFBF07CB,芳洲段,35.32,都市：住
RPOUMLQJOHLFFBF78CB,芳洲段,38.57,都市：住
RPXVMLQJOHLFFBF17CB,芳洲段,38.50,都市：住
RPOWMLQJOHLFFBF98CB,芳洲段,35.32,都市：住
RPQWMLQJOHLFFBF56CB,芳洲段,38.57,都市：住
RPRWMLQJOHLFFBF66CB,芳洲段,35.32,都市：住
RPWTMLQJOHLFFBF86CB,芳洲段,38.50,都市：住
RPSWMLQJOHLFFBF76CB,芳洲段,62.84,都市：住
RPTWMLQJOHLFFBF86CB,芳洲段,38.50,都市：住
RPUWMLQJOHLFFBF96CB,芳洲段,38.50,都市：住
RPXWMLQJOHLFFBF27CB,芳洲段,35.32,都市：住
RPPNNLQJOHLFFBF28CB,芳洲段,38.50,都市：住
RPSNNLQJOHLFFBF58CB,芳洲段,38.57,都市：住
RPONNLQJOHLFFBF18CB,芳洲段,38.50,都市：住
RPWWMLQJOHLFFBF17CB,芳洲段,38.50,都市：住
RPTNNLQJOHLFFBF68CB,芳洲段,35.32,都市：住
RPVWMLQJOHLFFBF07CB,芳洲段,35.32,都市：住
RPRNNLQJOHLFFBF48CB,芳洲段,38.57,都市：住
RPQNNLQJOHLFFBF38CB,芳洲段,35.32,都市：住
RPUNNLQJOHLFFBF78CB,芳洲段,38.57,都市：住
RPXNMLRJOHLFFBF09CB,成州段,40.87,都市：住
RPWNNLQJOHLFFBF98CB,芳洲段,38.57,都市：住
RPOOMLRJOHLFFBF28CB,成州段,40.87,都市：住
RPPOMLRJOHLFFBF38CB,成州段,40.87,都市：住
RPTOMLRJOHLFFBF78CB,成州段,28.89,都市：住
RPROMLRJOHLFFBF58CB,成州段,28.89,都市：住
RPUOMLRJOHLFFBF88CB,成州段,28.89,都市：住
RPQOMLRJOHLFFBF48CB,成州段,40.87,都市：住
RPVOMLRJOHLFFBF98CB,成州段,28.89,都市：住
RPUPMLRJOHLFFBF98CB,成州段,28.89,都市：住
RPVPMLRJOHLFFBF09CB,成州段,29.19,都市：住
RPWPMLRJOHLFFBF56CB,成州段,28.89,都市：住
RPXPMLRJOHLFFBF66CB,成州段,28.89,都市：住
RPWOMLRJOHLFFBF09CB,成州段,28.89,都市：住
RPQQMLRJOHLFFBF68CB,成州段,28.89,都市：住
RPSQMLRJOHLFFBF88CB,成州段,28.89,都市：住
RPOQMLRJOHLFFBF48CB,成州段,28.89,都市：住
RPRQMLRJOHLFFBF78CB,成州段,28.89,都市：住
RPTQMLRJOHLFFBF98CB,成州段,28.89,都市：住
RPUQMLRJOHLFFBF09CB,成州段,28.89,都市：住
RPVQMLRJOHLFFBF56CB,成州段,28.89,都市：住
RPWRMLRJOHLFFBF76CB,成州段,23.05,都市：住
RPXRMLRJOHLFFBF86CB,成州段,23.05,都市：住
RPPSMLRJOHLFFBF78CB,成州段,23.05,都市：住
RPPRMLRJOHLFFBF68CB,成州段,23.05,都市：住
RPSSMLRJOHLFFBF09CB,成州段,23.05,都市：住
RPVTMLRJOHLFFBF86CB,成州段,40.87,都市：住
RPXTMLRJOHLFFBF07CB,成州段,40.56,都市：住
RPRSMLRJOHLFFBF98CB,成州段,23.05,都市：住
RPPUMLRJOHLFFBF98CB,成州段,40.87,都市：住
RPWTMLRJOHLFFBF96CB,成州段,41.18,都市：住
RPQUMLRJOHLFFBF09CB,成州段,40.56,都市：住
RPRUMLRJOHLFFBF56CB,成州段,40.87,都市：住
RPSUMLRJOHLFFBF66CB,成州段,40.56,都市：住
RPUUMLRJOHLFFBF86CB,成州段,40.87,都市：住
RPXUMLRJOHLFFBF17CB,成州段,40.87,都市：住
RPQVMLRJOHLFFBF56CB,成州段,28.89,都市：住
RPPVMLRJOHLFFBF09CB,成州段,40.87,都市：住
RPVUMLRJOHLFFBF96CB,成州段,40.87,都市：住
RPRVMLRJOHLFFBF66CB,成州段,28.89,都市：住
RPSVMLRJOHLFFBF76CB,成州段,28.89,都市：住
RPTVMLRJOHLFFBF86CB,成州段,28.89,都市：住
RPVVMLRJOHLFFBF07CB,成州段,28.89,都市：住
RPTWMLRJOHLFFBF96CB,成州段,28.89,都市：住
RPXVMLRJOHLFFBF27CB,成州段,28.89,都市：住
RPRWMLRJOHLFFBF76CB,成州段,28.89,都市：住
RPWVMLRJOHLFFBF17CB,成州段,28.89,都市：住
RPPWMLRJOHLFFBF56CB,成州段,28.89,都市：住
RPOWMLRJOHLFFBF09CB,成州段,28.89,都市：住
RPUWMLRJOHLFFBF07CB,成州段,28.89,都市：住
RPQWMLRJOHLFFBF66CB,成州段,28.89,都市：住
RPVWMLRJOHLFFBF17CB,成州段,28.89,都市：住
RPWWMLRJOHLFFBF27CB,成州段,28.89,都市：住
RPXWMLRJOHLFFBF37CB,成州段,28.89,都市：住
RPONNLRJOHLFFBF28CB,成州段,11.37,都市：住
RPUNNLRJOHLFFBF88CB,成州段,18.75,都市：住
RPQNNLRJOHLFFBF48CB,成州段,18.75,都市：住
RPXNNLRJOHLFFBF56CB,成州段,18.75,都市：住
RPWNNLRJOHLFFBF09CB,成州段,18.75,都市：住
RPPNNLRJOHLFFBF38CB,成州段,18.75,都市：住
RPTNNLRJOHLFFBF78CB,成州段,18.75,都市：住
RPRNNLRJOHLFFBF58CB,成州段,18.75,都市：住
RPOONLRJOHLFFBF38CB,成州段,18.75,都市：住
RPTONLRJOHLFFBF88CB,成州段,18.75,都市：住
RPQONLRJOHLFFBF58CB,成州段,18.75,都市：住
RPPONLRJOHLFFBF48CB,成州段,18.75,都市：住
RPSONLRJOHLFFBF78CB,成州段,18.75,都市：住
RPRONLRJOHLFFBF68CB,成州段,18.75,都市：住
RPVONLRJOHLFFBF09CB,成州段,18.75,都市：住
RPUONLRJOHLFFBF98CB,成州段,18.75,都市：住
RPWONLRJOHLFFBF56CB,成州段,18.75,都市：住
RPSOMLNKOHLFFBF38CB,芳洲段,38.57,都市：住
RPROMLNKOHLFFBF28CB,芳洲段,38.57,都市：住
RPUOMLNKOHLFFBF58CB,芳洲段,35.32,都市：住
RPTOMLNKOHLFFBF48CB,芳洲段,35.32,都市：住
RPWOMLNKOHLFFBF78CB,芳洲段,35.32,都市：住
RPVOMLNKOHLFFBF68CB,芳洲段,35.32,都市：住
RPXOMLNKOHLFFBF88CB,芳洲段,35.32,都市：住
RPPPMLNKOHLFFBF18CB,芳洲段,35.32,都市：住
RPSPMLNKOHLFFBF48CB,芳洲段,38.50,都市：住
RPOPMLNKOHLFFBF08CB,芳洲段,35.32,都市：住
RPTPMLNKOHLFFBF58CB,芳洲段,35.32,都市：住
RPQPMLNKOHLFFBF28CB,芳洲段,35.32,都市：住
RPRPMLNKOHLFFBF38CB,芳洲段,38.50,都市：住
RPUPMLNKOHLFFBF68CB,芳洲段,35.32,都市：住
RPWPMLNKOHLFFBF88CB,芳洲段,35.32,都市：住
RPVPMLNKOHLFFBF78CB,芳洲段,35.32,都市：住
RPPQMLNKOHLFFBF28CB,芳洲段,35.32,都市：住
RPXPMLNKOHLFFBF98CB,芳洲段,38.57,都市：住
RPRQMLNKOHLFFBF48CB,芳洲段,59.72,都市：住
RPQQMLNKOHLFFBF38CB,芳洲段,38.57,都市：住
RPOQMLNKOHLFFBF18CB,芳洲段,62.84,都市：住
RPUQMLNKOHLFFBF78CB,芳洲段,35.32,都市：住
RPSQMLNKOHLFFBF58CB,芳洲段,35.32,都市：住
RPXQMLNKOHLFFBF09CB,芳洲段,35.32,都市：住
RPVQMLNKOHLFFBF88CB,芳洲段,38.57,都市：住
RPORMLNKOHLFFBF28CB,芳洲段,38.57,都市：住
RPPRMLNKOHLFFBF38CB,芳洲段,35.32,都市：住
RPRRMLNKOHLFFBF58CB,芳洲段,35.32,都市：住
RPSRMLNKOHLFFBF68CB,芳洲段,35.32,都市：住
RPTRMLNKOHLFFBF78CB,芳洲段,35.32,都市：住
RPVRMLNKOHLFFBF98CB,芳洲段,35.32,都市：住
RPXRMLNKOHLFFBF56CB,芳洲段,35.32,都市：住
RPWRMLNKOHLFFBF09CB,芳洲段,35.32,都市：住
RPPSMLNKOHLFFBF48CB,芳洲段,35.32,都市：住
RPOSMLNKOHLFFBF38CB,芳洲段,35.32,都市：住
RPRSMLNKOHLFFBF68CB,芳洲段,35.32,都市：住
RPTSMLNKOHLFFBF88CB,芳洲段,35.32,都市：住
RPVSMLNKOHLFFBF09CB,芳洲段,59.65,都市：住
RPWSMLNKOHLFFBF56CB,芳洲段,35.05,都市：住
RPXSMLNKOHLFFBF66CB,芳洲段,62.84,都市：住
RPPTMLNKOHLFFBF58CB,芳洲段,59.79,都市：住
RPQTMLNKOHLFFBF68CB,芳洲段,38.57,都市：住
RPORMLSJOHLFFEF98CB,馬偕段,51.01,都市：住
RPQRMLSJOHLFFEF56CB,馬偕段,51.90,都市：住
RPXQMLSJOHLFFEF17CB,馬偕段,51.68,都市：住
RPXNMLPKOHLFFIF07CB,長泰段,19.79,都市：住
RPSOMLPKOHLFFIF66CB,長泰段,23.19,都市：住
RPPOMLPKOHLFFIF98CB,長泰段,23.34,都市：住
RPTOMLPKOHLFFIF76CB,長泰段,21.86,都市：住
RPPPMLPKOHLFFIF09CB,長泰段,23.34,都市：住
RPOOMLPKOHLFFIF88CB,長泰段,19.79,都市：住
RPUOMLPKOHLFFIF86CB,長泰段,19.79,都市：住
RPQPMLPKOHLFFIF56CB,長泰段,28.80,都市：住
RPVOMLPKOHLFFIF96CB,長泰段,28.65,都市：住
RPROMLPKOHLFFIF56CB,長泰段,28.95,都市：住
RPRPMLPKOHLFFIF66CB,長泰段,21.86,都市：住
RPSPMLPKOHLFFIF76CB,長泰段,23.34,都市：住
RPTPMLPKOHLFFIF86CB,長泰段,21.86,都市：住
RPQQMLPKOHLFFIF66CB,長泰段,19.20,都市：住
RPPQMLPKOHLFFIF56CB,長泰段,28.80,都市：住
RPUPMLPKOHLFFIF96CB,長泰段,21.86,都市：住
RPTQMLPKOHLFFIF96CB,長泰段,23.34,都市：住
RPRQMLPKOHLFFIF76CB,長泰段,21.86,都市：住
RPSQMLPKOHLFFIF86CB,長泰段,23.19,都市：住
RPORMLPKOHLFFIF56CB,長泰段,23.34,都市：住
RPWQMLPKOHLFFIF27CB,長泰段,23.34,都市：住
RPURMLPKOHLFFIF17CB,長泰段,19.79,都市：住
RPTRMLPKOHLFFIF07CB,長泰段,28.80,都市：住
RPOSMLPKOHLFFIF66CB,長泰段,23.19,都市：住
RPRRMLPKOHLFFIF86CB,長泰段,28.80,都市：住
RPWRMLPKOHLFFIF37CB,長泰段,28.80,都市：住
RPTSMLPKOHLFFIF17CB,長泰段,19.79,都市：住
RPQSMLPKOHLFFIF86CB,長泰段,23.19,都市：住
RPPSMLPKOHLFFIF76CB,長泰段,28.65,都市：住
RPRSMLPKOHLFFIF96CB,長泰段,28.80,都市：住
RPOTMLPKOHLFFIF76CB,長泰段,28.95,都市：住
RPUSMLPKOHLFFIF27CB,長泰段,21.86,都市：住
RPQUMLPKOHLFFIF07CB,長泰段,28.80,都市：住
RPQTMLPKOHLFFIF96CB,長泰段,23.34,都市：住
RPPTMLPKOHLFFIF86CB,長泰段,28.95,都市：住
RPSTMLPKOHLFFIF17CB,長泰段,21.86,都市：住
RPWTMLPKOHLFFIF57CB,長泰段,19.94,都市：住
RPSSMLPKOHLFFIF07CB,長泰段,23.34,都市：住
RPOUMLPKOHLFFIF86CB,長泰段,28.65,都市：住
RPVTMLPKOHLFFIF47CB,長泰段,21.86,都市：住
RPRTMLPKOHLFFIF07CB,長泰段,19.79,都市：住
RPTTMLPKOHLFFIF27CB,長泰段,19.94,都市：住
RPRUMLPKOHLFFIF17CB,長泰段,28.65,都市：住
RPVUMLPKOHLFFIF57CB,長泰段,23.19,都市：住
RPTUMLPKOHLFFIF37CB,長泰段,28.65,都市：住
RPUUMLPKOHLFFIF47CB,長泰段,28.65,都市：住
RPWUMLPKOHLFFIF67CB,長泰段,28.65,都市：住
RPUTMLKLOHLFFBF98DB,力行段,23.24,都市：商
RPOVMLPKOHLFFIF96CB,長泰段,23.19,都市：住
RPVTMLKLOHLFFBF09DB,力行段,23.74,都市：商
RPTTMLKLOHLFFBF88DB,力行段,28.40,都市：商
RPXUMLPKOHLFFIF77CB,長泰段,28.80,都市：住
RPWTMLKLOHLFFBF56DB,力行段,23.74,都市：商
RPXTMLKLOHLFFBF66DB,力行段,23.74,都市：商
RPPUMLKLOHLFFBF58DB,力行段,28.94,都市：商
RPOUMLKLOHLFFBF48DB,力行段,28.94,都市：商
RPSUMLKLOHLFFBF88DB,力行段,28.45,都市：商
RPQUMLKLOHLFFBF68DB,力行段,28.45,都市：商
RPRUMLKLOHLFFBF78DB,力行段,29.44,都市：商
RPRNMLLLOHLFFBF18DB,力行段,29.44,都市：商
RPTUMLKLOHLFFBF98DB,力行段,28.94,都市：商
RPPRMLLLOHLFFBF38DB,力行段,23.79,都市：商
RPTNMLLLOHLFFBF38DB,力行段,23.74,都市：商
RPRRMLLLOHLFFBF58DB,力行段,23.79,都市：商
RPSRMLLLOHLFFBF68DB,力行段,28.49,都市：商
RPPOMLMLOHLFFBF18DB,力行段,23.79,都市：商
RPOPMLMLOHLFFBF18DB,力行段,23.79,都市：商
RPWOMLMLOHLFFBF88DB,力行段,23.79,都市：商
RPXNMLMLOHLFFBF88DB,力行段,23.29,都市：商
RPROMLMLOHLFFBF38DB,力行段,28.49,都市：商
RPSOMLMLOHLFFBF48DB,力行段,28.49,都市：商
RPTPMLMLOHLFFBF68DB,力行段,29.49,都市：商
RPWNMLMLOHLFFBF78DB,力行段,28.49,都市：商
RPTNMLLLOHLFFAF38EB,光環段,.66,都市：住
RPTNMLLLOHLFFAF38EB,光環段,.27,都市：住
RPTNMLLLOHLFFAF38EB,光環段,1.13,都市：住
RPTNMLLLOHLFFAF38EB,光環段,2.85,都市：住
RPTNMLLLOHLFFAF38EB,光環段,.60,都市：住
RPTNMLLLOHLFFAF38EB,光環段,.32,都市：住
RPTNMLLLOHLFFAF38EB,光環段,.28,都市：住
RPTNMLLLOHLFFAF38EB,光環段,1.13,都市：住
RPTNMLLLOHLFFAF38EB,光環段,3.76,都市：住
RPTNMLLLOHLFFAF38EB,光環段,2.99,都市：住
RPTNMLLLOHLFFAF38EB,光環段,.64,都市：住
RPTNMLLLOHLFFAF38EB,光環段,.52,都市：住
RPWPMLMLOHLFFBF98DB,力行段,23.79,都市：商
RPRNMLLLOHLFFAF18EB,光環段,.66,都市：住
RPRNMLLLOHLFFAF18EB,光環段,.27,都市：住
RPRNMLLLOHLFFAF18EB,光環段,1.13,都市：住
RPRNMLLLOHLFFAF18EB,光環段,2.84,都市：住
RPRNMLLLOHLFFAF18EB,光環段,.60,都市：住
RPRNMLLLOHLFFAF18EB,光環段,.31,都市：住
RPRNMLLLOHLFFAF18EB,光環段,.28,都市：住
RPRNMLLLOHLFFAF18EB,光環段,1.13,都市：住
RPRNMLLLOHLFFAF18EB,光環段,3.75,都市：住
RPRNMLLLOHLFFAF18EB,光環段,2.98,都市：住
RPRNMLLLOHLFFAF18EB,光環段,.64,都市：住
RPRNMLLLOHLFFAF18EB,光環段,.51,都市：住
RPTQMLMLOHLFFBF78DB,力行段,23.29,都市：商
RPPQMLMLOHLFFBF38DB,力行段,23.29,都市：商
RPVQMLMLOHLFFBF98DB,力行段,23.74,都市：商
RPQQMLMLOHLFFBF48DB,力行段,28.99,都市：商
RPWQMLMLOHLFFBF09DB,力行段,21.19,都市：商
RPRQMLMLOHLFFBF58DB,力行段,23.29,都市：商
RPXQMLMLOHLFFBF56DB,力行段,15.04,都市：商
RPPRMLMLOHLFFBF48DB,力行段,12.82,都市：商
RPURMLMLOHLFFBF98DB,力行段,13.31,都市：商
RPORMLMLOHLFFBF38DB,力行段,12.96,都市：商
RPVRMLMLOHLFFBF09DB,力行段,33.48,都市：商
RPTRMLMLOHLFFBF88DB,力行段,12.96,都市：商
RPSRMLMLOHLFFBF78DB,力行段,14.54,都市：商
RPRRMLMLOHLFFBF68DB,力行段,15.98,都市：商
RPWRMLMLOHLFFBF56DB,力行段,32.49,都市：商
RPQRMLMLOHLFFBF58DB,力行段,22.25,都市：商
RPXRMLMLOHLFFBF66DB,力行段,32.99,都市：商
RPOSMLMLOHLFFBF48DB,力行段,32.49,都市：商
RPQSMLMLOHLFFBF68DB,力行段,32.49,都市：商
RPUSMLMLOHLFFBF09DB,力行段,33.48,都市：商
RPPSMLMLOHLFFBF58DB,力行段,32.99,都市：商
RPTSMLMLOHLFFBF98DB,力行段,32.49,都市：商
RPSSMLMLOHLFFBF88DB,力行段,32.49,都市：商
RPRTMLMLOHLFFBF88DB,力行段,33.48,都市：商
RPRSMLMLOHLFFBF78DB,力行段,32.99,都市：商
RPSTMLMLOHLFFBF98DB,力行段,32.99,都市：商
RPWSMLMLOHLFFBF66DB,力行段,33.39,都市：商
RPRUMLMLOHLFFBF98DB,力行段,32.49,都市：商
RPOUMLMLOHLFFBF68DB,力行段,32.99,都市：商
RPTUMLMLOHLFFBF56DB,力行段,32.99,都市：商
RPVUMLMLOHLFFBF76DB,力行段,32.99,都市：商
RPPUMLMLOHLFFBF78DB,力行段,32.99,都市：商
RPSUMLMLOHLFFBF09DB,力行段,32.99,都市：商
RPTTMLMLOHLFFBF09DB,力行段,32.49,都市：商
RPUTMLMLOHLFFBF56DB,力行段,33.48,都市：商
RPVTMLMLOHLFFBF66DB,力行段,32.49,都市：商
RPWTMLMLOHLFFBF76DB,力行段,38.68,都市：商
RPRVMLMLOHLFFBF09DB,力行段,32.99,都市：商
RPSVMLMLOHLFFBF56DB,力行段,33.48,都市：商
RPPVMLMLOHLFFBF88DB,力行段,33.48,都市：商
RPQVMLMLOHLFFBF98DB,力行段,32.49,都市：商
RPOVMLMLOHLFFBF78DB,力行段,33.48,都市：商
RPXUMLMLOHLFFBF96DB,力行段,32.99,都市：商
RPXVMLMLOHLFFBF07DB,力行段,33.48,都市：商
RPWVMLMLOHLFFBF96DB,力行段,33.48,都市：商
RPOWMLMLOHLFFBF88DB,力行段,33.48,都市：商
RPUWMLMLOHLFFBF86DB,力行段,22.96,都市：商
RPUVMLMLOHLFFBF76DB,力行段,32.49,都市：商
RPXWMLMLOHLFFBF17DB,力行段,23.50,都市：商
RPPWMLMLOHLFFBF98DB,力行段,33.48,都市：商
RPRWMLMLOHLFFBF56DB,力行段,33.48,都市：商
RPVWMLMLOHLFFBF96DB,力行段,23.50,都市：商
RPWWMLMLOHLFFBF07DB,力行段,23.50,都市：商
RPTWMLMLOHLFFBF76DB,力行段,32.89,都市：商
RPTVMLMLOHLFFBF66DB,力行段,32.99,都市：商
RPSWMLMLOHLFFBF66DB,力行段,32.72,都市：商
RPSNNLMLOHLFFBF48DB,力行段,23.01,都市：商
RPTNNLMLOHLFFBF58DB,力行段,28.21,都市：商
RPQNNLMLOHLFFBF28DB,力行段,28.71,都市：商
RPONNLMLOHLFFBF08DB,力行段,23.50,都市：商
RPVNNLMLOHLFFBF78DB,力行段,28.21,都市：商
RPPNNLMLOHLFFBF18DB,力行段,23.50,都市：商
RPWNNLMLOHLFFBF88DB,力行段,23.50,都市：商
RPQONLMLOHLFFBF38DB,力行段,23.74,都市：商
RPPONLMLOHLFFBF28DB,力行段,23.24,都市：商
RPXNNLMLOHLFFBF98DB,力行段,23.24,都市：商
RPRONLMLOHLFFBF48DB,力行段,23.74,都市：商
RPTONLMLOHLFFBF68DB,力行段,22.44,都市：商
RPUONLMLOHLFFBF78DB,力行段,24.19,都市：商
RPVONLMLOHLFFBF88DB,力行段,28.49,都市：商
RPWONLMLOHLFFBF98DB,力行段,23.79,都市：商
RPXONLMLOHLFFBF09DB,力行段,29.49,都市：商
RPOPNLMLOHLFFBF28DB,力行段,29.49,都市：商
RPSONLMLOHLFFBF58DB,力行段,22.79,都市：商
RPPPNLMLOHLFFBF38DB,力行段,28.49,都市：商
RPSPNLMLOHLFFBF68DB,力行段,23.29,都市：商
RPRPNLMLOHLFFBF58DB,力行段,28.49,都市：商
RPQPNLMLOHLFFBF48DB,力行段,29.49,都市：商
RPTPNLMLOHLFFBF78DB,力行段,28.49,都市：商
RPSQMLMLOHLFFIF66CB,長泰段,23.34,都市：住
RPRQMLMLOHLFFIF56CB,長泰段,23.19,都市：住
RPUQMLMLOHLFFIF86CB,長泰段,23.19,都市：住
RPVQMLMLOHLFFIF96CB,長泰段,23.34,都市：住
RPQPMLMLOHLFFBF28CB,成州段,23.05,都市：住
RPUPNLMLOHLFFBF88DB,力行段,28.49,都市：商
RPXOMLMLOHLFFBF88CB,成州段,23.05,都市：住
RPPPMLMLOHLFFBF18CB,成州段,23.05,都市：住
RPTQMLMLOHLFFIF76CB,長泰段,21.86,都市：住
RPSPMLMLOHLFFBF48CB,成州段,23.05,都市：住
RPRPMLMLOHLFFBF38CB,成州段,23.05,都市：住
RPVPMLMLOHLFFBF78CB,成州段,23.05,都市：住
RPUPMLMLOHLFFBF68CB,成州段,23.05,都市：住
RPRNMLNLOHLFFBF38DB,力行段,23.29,都市：商
RPPNMLNLOHLFFBF18DB,力行段,23.29,都市：商
RPXNMLNLOHLFFBF98DB,力行段,29.49,都市：商
RPQNMLNLOHLFFBF28DB,力行段,23.29,都市：商
RPSNMLNLOHLFFBF48DB,力行段,23.29,都市：商
RPVNMLNLOHLFFBF78DB,力行段,23.29,都市：商
RPWNMLNLOHLFFBF88DB,力行段,29.49,都市：商
RPPOMLNLOHLFFBF28DB,力行段,23.29,都市：商
RPOOMLSLOHLFFBF58CB,芳洲段,19.81,都市：住
RPXNMLSLOHLFFBF76CB,芳洲段,29.60,都市：住
RPWNMLSLOHLFFBF66CB,芳洲段,29.60,都市：住
RPPOMLSLOHLFFBF68CB,芳洲段,19.69,都市：住
RPROMLSLOHLFFBF88CB,芳洲段,19.81,都市：住
RPSOMLSLOHLFFBF98CB,芳洲段,19.81,都市：住
RPQOMLSLOHLFFBF78CB,芳洲段,19.81,都市：住
RPTOMLSLOHLFFBF09CB,芳洲段,19.81,都市：住
RPUOMLSLOHLFFBF56CB,芳洲段,19.81,都市：住
RPVOMLSLOHLFFBF66CB,芳洲段,19.81,都市：住
RPWOMLSLOHLFFBF76CB,芳洲段,19.81,都市：住
RPXOMLSLOHLFFBF86CB,芳洲段,29.90,都市：住
RPQPMLSLOHLFFBF88CB,芳洲段,29.60,都市：住
RPTPMLSLOHLFFBF56CB,芳洲段,19.81,都市：住
RPOPMLSLOHLFFBF68CB,芳洲段,19.81,都市：住
RPPPMLSLOHLFFBF78CB,芳洲段,19.81,都市：住
RPUPMLSLOHLFFBF66CB,芳洲段,29.60,都市：住
RPPQMLSLOHLFFBF88CB,芳洲段,29.60,都市：住
RPWPMLSLOHLFFBF86CB,芳洲段,29.90,都市：住
RPVPMLSLOHLFFBF76CB,芳洲段,29.60,都市：住
RPOQMLSLOHLFFBF78CB,芳洲段,29.60,都市：住
RPXPMLSLOHLFFBF96CB,芳洲段,29.90,都市：住
RPQQMLSLOHLFFBF98CB,芳洲段,29.90,都市：住
RPRQMLSLOHLFFBF09CB,芳洲段,29.90,都市：住
RPTQMLSLOHLFFBF66CB,芳洲段,29.90,都市：住
RPUQMLSLOHLFFBF76CB,芳洲段,29.60,都市：住
RPSQMLSLOHLFFBF56CB,芳洲段,29.60,都市：住
RPVQMLSLOHLFFBF86CB,芳洲段,29.90,都市：住
RPXQMLSLOHLFFBF07CB,芳洲段,29.60,都市：住
RPORMLSLOHLFFBF88CB,芳洲段,19.81,都市：住
RPUSMLSLOHLFFBF96CB,芳洲段,29.90,都市：住
RPWSMLSLOHLFFBF17CB,芳洲段,19.81,都市：住
RPVSMLSLOHLFFBF07CB,芳洲段,19.81,都市：住
RPURMLTLOHLFFBF96CB,芳洲段,15.95,都市：住
RPWRMLTLOHLFFBF17CB,芳洲段,15.95,都市：住
RPOSMLTLOHLFFBF09CB,芳洲段,15.92,都市：住
RPVRMLTLOHLFFBF07CB,芳洲段,15.95,都市：住
RPQSMLTLOHLFFBF66CB,芳洲段,21.49,都市：住
RPUSMLTLOHLFFBF07CB,芳洲段,20.32,都市：住
RPRSMLTLOHLFFBF76CB,芳洲段,15.92,都市：住
RPTSMLTLOHLFFBF96CB,芳洲段,21.28,都市：住
RPSSMLTLOHLFFBF86CB,芳洲段,21.49,都市：住
RPVSMLTLOHLFFBF17CB,芳洲段,21.28,都市：住
RPWSMLTLOHLFFBF27CB,芳洲段,17.77,都市：住
RPXSMLTLOHLFFBF37CB,芳洲段,17.77,都市：住
RPQTMLTLOHLFFBF76CB,芳洲段,20.32,都市：住
RPPTMLTLOHLFFBF66CB,芳洲段,21.28,都市：住
RPOTMLTLOHLFFBF56CB,芳洲段,21.46,都市：住
RPSTMLTLOHLFFBF96CB,芳洲段,21.49,都市：住
RPVTMLTLOHLFFBF27CB,芳洲段,15.92,都市：住
RPUTMLTLOHLFFBF17CB,芳洲段,21.49,都市：住
RPXTMLTLOHLFFBF47CB,芳洲段,20.29,都市：住
RPOUMLTLOHLFFBF66CB,芳洲段,17.80,都市：住
RPWTMLTLOHLFFBF37CB,芳洲段,17.80,都市：住
RPUUMLTLOHLFFBF27CB,芳洲段,21.28,都市：住
RPPUMLTLOHLFFBF76CB,芳洲段,15.92,都市：住
RPSUMLTLOHLFFBF07CB,芳洲段,15.95,都市：住
RPTUMLTLOHLFFBF17CB,芳洲段,20.32,都市：住
RPTTMLTLOHLFFBF07CB,芳洲段,21.49,都市：住
RPWUMLTLOHLFFBF47CB,芳洲段,21.25,都市：住
RPXUMLTLOHLFFBF57CB,芳洲段,20.29,都市：住
RPOVMLTLOHLFFBF76CB,芳洲段,20.32,都市：住
RPQVMLTLOHLFFBF96CB,芳洲段,17.77,都市：住
RPUVMLTLOHLFFBF37CB,芳洲段,17.80,都市：住
RPRVMLTLOHLFFBF07CB,芳洲段,15.92,都市：住
RPVUMLTLOHLFFBF37CB,芳洲段,20.32,都市：住
RPPVMLTLOHLFFBF86CB,芳洲段,15.92,都市：住
RPSVMLTLOHLFFBF17CB,芳洲段,17.80,都市：住
RPTVMLTLOHLFFBF27CB,芳洲段,20.32,都市：住
RPWVMLTLOHLFFBF57CB,芳洲段,17.77,都市：住
RPVVMLTLOHLFFBF47CB,芳洲段,15.92,都市：住
RPOWMLTLOHLFFBF86CB,芳洲段,15.92,都市：住
RPPWMLTLOHLFFBF96CB,芳洲段,15.92,都市：住
RPXVMLTLOHLFFBF67CB,芳洲段,15.92,都市：住
RPQWMLTLOHLFFBF07CB,芳洲段,15.92,都市：住
RPOOMLKMOHLFFBF87CB,成州段,26.89,都市：住
RPXNMLKMOHLFFBF68CB,成州段,26.89,都市：住
RPTWMLTLOHLFFBF37CB,芳洲段,15.95,都市：住
RPVWMLTLOHLFFBF57CB,芳洲段,15.92,都市：住
RPONNLTLOHLFFBF68CB,芳洲段,21.46,都市：住
RPSWMLTLOHLFFBF27CB,芳洲段,15.92,都市：住
RPROMLKMOHLFFBF18CB,成州段,26.89,都市：住
RPQOMLKMOHLFFBF08CB,成州段,26.89,都市：住
RPXWMLTLOHLFFBF77CB,芳洲段,20.29,都市：住
RPUWMLTLOHLFFBF47CB,芳洲段,15.92,都市：住
RPWWMLTLOHLFFBF67CB,芳洲段,15.92,都市：住
RPRWMLTLOHLFFBF17CB,芳洲段,15.92,都市：住
RPSOMLKMOHLFFBF28CB,成州段,26.89,都市：住
RPUOMLKMOHLFFBF48CB,成州段,26.89,都市：住
RPTOMLKMOHLFFBF38CB,成州段,26.89,都市：住
RPVOMLKMOHLFFBF58CB,成州段,26.89,都市：住
RPWOMLKMOHLFFBF68CB,成州段,32.57,都市：住
RPXOMLKMOHLFFBF78CB,成州段,32.19,都市：住
RPPPMLKMOHLFFBF08CB,成州段,26.89,都市：住
RPWOMLLJPHLFFBF58CB,成州段,37.50,都市：住
RPXOMLLJPHLFFBF68CB,成州段,37.50,都市：住
RPVOMLLJPHLFFBF48CB,成州段,37.88,都市：住
RPOPMLLJPHLFFBF87CB,成州段,26.89,都市：住
RPPPMLLJPHLFFBF97CB,成州段,26.89,都市：住
RPSPMLLJPHLFFBF28CB,成州段,26.89,都市：住
RPUPMLLJPHLFFBF48CB,成州段,26.89,都市：住
RPTPMLLJPHLFFBF38CB,成州段,26.89,都市：住
RPQPMLLJPHLFFBF08CB,成州段,26.89,都市：住
RPVPMLLJPHLFFBF58CB,成州段,26.89,都市：住
RPRPMLLJPHLFFBF18CB,成州段,26.89,都市：住
RPWPMLLJPHLFFBF68CB,成州段,26.89,都市：住
RPXPMLLJPHLFFBF78CB,成州段,26.89,都市：住
RPPQMLLJPHLFFBF08CB,成州段,31.82,都市：住
RPOQMLLJPHLFFBF97CB,成州段,31.82,都市：住
RPQQMLLJPHLFFBF18CB,成州段,32.19,都市：住
RPTQMLLJPHLFFBF48CB,成州段,20.45,都市：住
RPUQMLLJPHLFFBF58CB,成州段,20.45,都市：住
RPSQMLLJPHLFFBF38CB,成州段,32.19,都市：住
RPVQMLLJPHLFFBF68CB,成州段,20.45,都市：住
RPWQMLLJPHLFFBF78CB,成州段,20.45,都市：住
RPORMLLJPHLFFBF08CB,成州段,20.45,都市：住
RPXQMLLJPHLFFBF88CB,成州段,20.45,都市：住
RPPRMLLJPHLFFBF18CB,成州段,20.45,都市：住
RPQRMLLJPHLFFBF28CB,成州段,37.88,都市：住
RPRRMLLJPHLFFBF38CB,成州段,37.50,都市：住
RPTRMLLJPHLFFBF58CB,成州段,37.88,都市：住
RPWRMLLJPHLFFBF88CB,成州段,37.50,都市：住
RPRSMLLJPHLFFBF48CB,成州段,26.89,都市：住
RPPSMLLJPHLFFBF28CB,成州段,26.89,都市：住
RPURMLLJPHLFFBF68CB,成州段,37.50,都市：住
RPSSMLLJPHLFFBF58CB,成州段,26.89,都市：住
RPUSMLLJPHLFFBF78CB,成州段,26.89,都市：住
RPVRMLLJPHLFFBF78CB,成州段,37.50,都市：住
RPQSMLLJPHLFFBF38CB,成州段,26.89,都市：住
RPWSMLLJPHLFFBF98CB,成州段,26.89,都市：住
RPVSMLLJPHLFFBF88CB,成州段,26.89,都市：住
RPXSMLLJPHLFFBF09CB,成州段,26.89,都市：住
RPPTMLLJPHLFFBF38CB,成州段,27.27,都市：住
RPQTMLLJPHLFFBF48CB,成州段,26.89,都市：住
RPOTMLLJPHLFFBF28CB,成州段,26.89,都市：住
RPRTMLLJPHLFFBF58CB,成州段,26.89,都市：住
RPUTMLLJPHLFFBF88CB,成州段,26.89,都市：住
RPTTMLLJPHLFFBF78CB,成州段,27.27,都市：住
RPSTMLLJPHLFFBF68CB,成州段,26.89,都市：住
RPVTMLLJPHLFFBF98CB,成州段,26.89,都市：住
RPWTMLLJPHLFFBF09CB,成州段,26.89,都市：住
RPQPMLOJPHLFFBF38CB,芳洲段,19.81,都市：住
RPPUMLLJPHLFFBF48CB,成州段,28.03,都市：住
RPTUMLLJPHLFFBF88CB,成州段,20.45,都市：住
RPXTMLLJPHLFFBF56CB,成州段,26.89,都市：住
RPVUMLLJPHLFFBF09CB,成州段,20.45,都市：住
RPUUMLLJPHLFFBF98CB,成州段,20.45,都市：住
RPRUMLLJPHLFFBF68CB,成州段,31.82,都市：住
RPOUMLLJPHLFFBF38CB,成州段,28.03,都市：住
RPSUMLLJPHLFFBF78CB,成州段,20.45,都市：住
RPQUMLLJPHLFFBF58CB,成州段,32.57,都市：住
RPSPMLOJPHLFFBF58CB,芳洲段,19.81,都市：住
RPXPMLOJPHLFFBF09CB,芳洲段,19.81,都市：住
RPTPMLOJPHLFFBF68CB,芳洲段,19.81,都市：住
RPVPMLOJPHLFFBF88CB,芳洲段,19.81,都市：住
RPOQMLOJPHLFFBF28CB,芳洲段,19.81,都市：住
RPPQMLOJPHLFFBF38CB,芳洲段,19.81,都市：住
RPWPMLOJPHLFFBF98CB,芳洲段,29.60,都市：住
RPUPMLOJPHLFFBF78CB,芳洲段,19.81,都市：住
RPQQMLOJPHLFFBF48CB,芳洲段,19.81,都市：住
RPRQMLOJPHLFFBF58CB,芳洲段,19.81,都市：住
RPSQMLOJPHLFFBF68CB,芳洲段,19.81,都市：住
RPRRMLOJPHLFFBF68CB,芳洲段,19.81,都市：住
RPPRMLOJPHLFFBF48CB,芳洲段,19.81,都市：住
RPXQMLOJPHLFFBF56CB,芳洲段,19.81,都市：住
RPQRMLOJPHLFFBF58CB,芳洲段,19.81,都市：住
RPTRMLOJPHLFFBF88CB,芳洲段,19.81,都市：住
RPSRMLOJPHLFFBF78CB,芳洲段,19.81,都市：住
RPTQMLOJPHLFFBF78CB,芳洲段,29.90,都市：住
RPUQMLOJPHLFFBF88CB,芳洲段,19.81,都市：住
RPWQMLOJPHLFFBF09CB,芳洲段,19.81,都市：住
RPVQMLOJPHLFFBF98CB,芳洲段,19.81,都市：住
RPORMLOJPHLFFBF38CB,芳洲段,19.81,都市：住
RPURMLOJPHLFFBF98CB,芳洲段,19.81,都市：住
RPPSMLOJPHLFFBF58CB,芳洲段,19.81,都市：住
RPOSMLOJPHLFFBF48CB,芳洲段,19.81,都市：住
RPVRMLOJPHLFFBF09CB,芳洲段,19.81,都市：住
RPXRMLOJPHLFFBF66CB,芳洲段,19.81,都市：住
RPWRMLOJPHLFFBF56CB,芳洲段,19.81,都市：住
RPQSMLOJPHLFFBF68CB,芳洲段,19.81,都市：住
RPTSMLOJPHLFFBF98CB,芳洲段,29.90,都市：住
RPRSMLOJPHLFFBF78CB,芳洲段,19.81,都市：住
RPVSMLOJPHLFFBF56CB,芳洲段,29.60,都市：住
RPWSMLOJPHLFFBF66CB,芳洲段,19.81,都市：住
RPSSMLOJPHLFFBF88CB,芳洲段,19.81,都市：住
RPQTMLOJPHLFFBF78CB,芳洲段,19.81,都市：住
RPUSMLOJPHLFFBF09CB,芳洲段,29.60,都市：住
RPOTMLOJPHLFFBF58CB,芳洲段,19.81,都市：住
RPRTMLOJPHLFFBF88CB,芳洲段,19.87,都市：住
RPSTMLOJPHLFFBF98CB,芳洲段,29.60,都市：住
RPPTMLOJPHLFFBF68CB,芳洲段,19.81,都市：住
RPXSMLOJPHLFFBF76CB,芳洲段,19.81,都市：住
RPTTMLOJPHLFFBF09CB,芳洲段,29.90,都市：住
RPUTMLOJPHLFFBF56CB,芳洲段,19.81,都市：住
RPVTMLOJPHLFFBF66CB,芳洲段,19.81,都市：住
RPWTMLOJPHLFFBF76CB,芳洲段,29.90,都市：住
RPPUMLOJPHLFFBF78CB,芳洲段,29.90,都市：住
RPQUMLOJPHLFFBF88CB,芳洲段,29.90,都市：住
RPRUMLOJPHLFFBF98CB,芳洲段,29.60,都市：住
RPOUMLOJPHLFFBF68CB,芳洲段,29.90,都市：住
RPXTMLOJPHLFFBF86CB,芳洲段,29.60,都市：住
RPTUMLOJPHLFFBF56CB,芳洲段,29.90,都市：住
RPUUMLOJPHLFFBF66CB,芳洲段,29.90,都市：住
RPSUMLOJPHLFFBF09CB,芳洲段,19.81,都市：住
RPWUMLOJPHLFFBF86CB,芳洲段,29.90,都市：住
RPOVMLOJPHLFFBF78CB,芳洲段,29.90,都市：住
RPPVMLOJPHLFFBF88CB,芳洲段,29.90,都市：住
RPQVMLOJPHLFFBF98CB,芳洲段,19.81,都市：住
RPUVMLOJPHLFFBF76CB,芳洲段,29.60,都市：住
RPSVMLOJPHLFFBF56CB,芳洲段,29.90,都市：住
RPVVMLOJPHLFFBF86CB,芳洲段,29.60,都市：住
RPTVMLOJPHLFFBF66CB,芳洲段,29.90,都市：住
RPWVMLOJPHLFFBF96CB,芳洲段,29.90,都市：住
RPOWMLOJPHLFFBF88CB,芳洲段,29.90,都市：住
RPXVMLOJPHLFFBF07CB,芳洲段,29.60,都市：住
RPQWMLOJPHLFFBF09CB,芳洲段,19.81,都市：住
RPPWMLOJPHLFFBF98CB,芳洲段,29.66,都市：住
RPPNNLOJPHLFFBF18CB,芳洲段,29.60,都市：住
RPUWMLOJPHLFFBF86CB,芳洲段,29.60,都市：住
RPONNLOJPHLFFBF08CB,芳洲段,29.60,都市：住
RPSWMLOJPHLFFBF66CB,芳洲段,29.90,都市：住
RPTWMLOJPHLFFBF76CB,芳洲段,29.30,都市：住
RPQNNLOJPHLFFBF28CB,芳洲段,19.81,都市：住
RPVWMLOJPHLFFBF96CB,芳洲段,29.90,都市：住
RPRWMLOJPHLFFBF56CB,芳洲段,29.60,都市：住
RPTNNLOJPHLFFBF58CB,芳洲段,19.81,都市：住
RPRNNLOJPHLFFBF38CB,芳洲段,29.60,都市：住
RPUOMLOJPHLFFIF96EB,橫溪段頂寮小段,17.82,非都市：一般農業區 ; 非都市編定：甲種建築用地
RPUOMLOJPHLFFIF96EB,橫溪段頂寮小段,10.54,非都市：一般農業區 ; 非都市編定：甲種建築用地
RPWPMLOJPHLFFIF27EB,橫溪段頂寮小段,17.83,非都市：一般農業區 ; 非都市編定：甲種建築用地
RPWPMLOJPHLFFIF27EB,橫溪段頂寮小段,10.54,非都市：一般農業區 ; 非都市編定：甲種建築用地
RPTPMLOJPHLFFIF96EB,橫溪段頂寮小段,17.83,非都市：一般農業區 ; 非都市編定：甲種建築用地
RPTPMLOJPHLFFIF96EB,橫溪段頂寮小段,10.54,非都市：一般農業區 ; 非都市編定：甲種建築用地
RPXOMLOJPHLFFIF27EB,橫溪段頂寮小段,10.54,非都市：一般農業區 ; 非都市編定：甲種建築用地
RPXOMLOJPHLFFIF27EB,橫溪段頂寮小段,17.83,非都市：一般農業區 ; 非都市編定：甲種建築用地
RPPPMLOJPHLFFIF56EB,橫溪段頂寮小段,10.54,非都市：一般農業區 ; 非都市編定：甲種建築用地
RPPPMLOJPHLFFIF56EB,橫溪段頂寮小段,17.82,非都市：一般農業區 ; 非都市編定：甲種建築用地
RPQPMLOJPHLFFIF66EB,橫溪段頂寮小段,17.83,非都市：一般農業區 ; 非都市編定：甲種建築用地
RPQPMLOJPHLFFIF66EB,橫溪段頂寮小段,10.54,非都市：一般農業區 ; 非都市編定：甲種建築用地
RPWOMLOJPHLFFIF17EB,橫溪段頂寮小段,10.54,非都市：一般農業區 ; 非都市編定：甲種建築用地
RPWOMLOJPHLFFIF17EB,橫溪段頂寮小段,17.83,非都市：一般農業區 ; 非都市編定：甲種建築用地
RPVPMLOJPHLFFIF17EB,橫溪段頂寮小段,17.82,非都市：一般農業區 ; 非都市編定：甲種建築用地
RPVPMLOJPHLFFIF17EB,橫溪段頂寮小段,10.54,非都市：一般農業區 ; 非都市編定：甲種建築用地
RPUPMLOJPHLFFIF07EB,橫溪段頂寮小段,15.69,非都市：一般農業區 ; 非都市編定：甲種建築用地
RPUPMLOJPHLFFIF07EB,橫溪段頂寮小段,9.28,非都市：一般農業區 ; 非都市編定：甲種建築用地
RPRPMLOJPHLFFIF76EB,橫溪段頂寮小段,15.59,非都市：一般農業區 ; 非都市編定：甲種建築用地
RPRPMLOJPHLFFIF76EB,橫溪段頂寮小段,9.22,非都市：一般農業區 ; 非都市編定：甲種建築用地
RPOQMLOJPHLFFIF56EB,橫溪段頂寮小段,17.83,非都市：一般農業區 ; 非都市編定：甲種建築用地
RPOQMLOJPHLFFIF56EB,橫溪段頂寮小段,10.54,非都市：一般農業區 ; 非都市編定：甲種建築用地
RPQQMLOJPHLFFIF76EB,橫溪段頂寮小段,17.83,非都市：一般農業區 ; 非都市編定：甲種建築用地
RPQQMLOJPHLFFIF76EB,橫溪段頂寮小段,10.54,非都市：一般農業區 ; 非都市編定：甲種建築用地
RPPQMLOJPHLFFIF66EB,橫溪段頂寮小段,17.82,非都市：一般農業區 ; 非都市編定：甲種建築用地
RPPQMLOJPHLFFIF66EB,橫溪段頂寮小段,10.54,非都市：一般農業區 ; 非都市編定：甲種建築用地
RPTQMLOJPHLFFIF07EB,橫溪段頂寮小段,17.82,非都市：一般農業區 ; 非都市編定：甲種建築用地
RPTQMLOJPHLFFIF07EB,橫溪段頂寮小段,10.54,非都市：一般農業區 ; 非都市編定：甲種建築用地
RPVQMLOJPHLFFIF27EB,橫溪段頂寮小段,17.83,非都市：一般農業區 ; 非都市編定：甲種建築用地
RPVQMLOJPHLFFIF27EB,橫溪段頂寮小段,10.54,非都市：一般農業區 ; 非都市編定：甲種建築用地
RPUQMLOJPHLFFIF17EB,橫溪段頂寮小段,17.83,非都市：一般農業區 ; 非都市編定：甲種建築用地
RPUQMLOJPHLFFIF17EB,橫溪段頂寮小段,10.54,非都市：一般農業區 ; 非都市編定：甲種建築用地
RPORMLOJPHLFFIF66EB,橫溪段頂寮小段,15.63,非都市：一般農業區 ; 非都市編定：甲種建築用地
RPORMLOJPHLFFIF66EB,橫溪段頂寮小段,9.24,非都市：一般農業區 ; 非都市編定：甲種建築用地
RPWQMLOJPHLFFIF37EB,橫溪段頂寮小段,17.82,非都市：一般農業區 ; 非都市編定：甲種建築用地
RPWQMLOJPHLFFIF37EB,橫溪段頂寮小段,10.54,非都市：一般農業區 ; 非都市編定：甲種建築用地
RPRQMLOJPHLFFIF86EB,橫溪段頂寮小段,13.08,非都市：一般農業區 ; 非都市編定：甲種建築用地
RPRQMLOJPHLFFIF86EB,橫溪段頂寮小段,7.74,非都市：一般農業區 ; 非都市編定：甲種建築用地
RPSQMLOJPHLFFIF96EB,橫溪段頂寮小段,17.82,非都市：一般農業區 ; 非都市編定：甲種建築用地
RPSQMLOJPHLFFIF96EB,橫溪段頂寮小段,10.54,非都市：一般農業區 ; 非都市編定：甲種建築用地
RPXQMLOJPHLFFIF47EB,橫溪段頂寮小段,14.91,非都市：一般農業區 ; 非都市編定：甲種建築用地
RPXQMLOJPHLFFIF47EB,橫溪段頂寮小段,8.82,非都市：一般農業區 ; 非都市編定：甲種建築用地
RPTRMLOJPHLFFIF17EB,橫溪段頂寮小段,15.70,非都市：一般農業區 ; 非都市編定：甲種建築用地
RPTRMLOJPHLFFIF17EB,橫溪段頂寮小段,9.28,非都市：一般農業區 ; 非都市編定：甲種建築用地
RPSRMLOJPHLFFIF07EB,橫溪段頂寮小段,15.63,非都市：一般農業區 ; 非都市編定：甲種建築用地
RPSRMLOJPHLFFIF07EB,橫溪段頂寮小段,9.24,非都市：一般農業區 ; 非都市編定：甲種建築用地
RPXSMLOJPHLFFIF67EB,橫溪段頂寮小段,14.61,非都市：一般農業區 ; 非都市編定：甲種建築用地
RPXSMLOJPHLFFIF67EB,橫溪段頂寮小段,8.64,非都市：一般農業區 ; 非都市編定：甲種建築用地
RPTSMLOJPHLFFIF27EB,橫溪段頂寮小段,15.54,非都市：一般農業區 ; 非都市編定：甲種建築用地
RPTSMLOJPHLFFIF27EB,橫溪段頂寮小段,9.19,非都市：一般農業區 ; 非都市編定：甲種建築用地
RPURMLOJPHLFFIF27EB,橫溪段頂寮小段,22.45,非都市：一般農業區 ; 非都市編定：甲種建築用地
RPURMLOJPHLFFIF27EB,橫溪段頂寮小段,13.27,非都市：一般農業區 ; 非都市編定：甲種建築用地
RPXRMLOJPHLFFIF57EB,橫溪段頂寮小段,15.58,非都市：一般農業區 ; 非都市編定：甲種建築用地
RPXRMLOJPHLFFIF57EB,橫溪段頂寮小段,9.21,非都市：一般農業區 ; 非都市編定：甲種建築用地
RPPRMLOJPHLFFIF76EB,橫溪段頂寮小段,15.70,非都市：一般農業區 ; 非都市編定：甲種建築用地
RPPRMLOJPHLFFIF76EB,橫溪段頂寮小段,9.28,非都市：一般農業區 ; 非都市編定：甲種建築用地
RPVSMLOJPHLFFIF47EB,橫溪段頂寮小段,15.54,非都市：一般農業區 ; 非都市編定：甲種建築用地
RPVSMLOJPHLFFIF47EB,橫溪段頂寮小段,9.19,非都市：一般農業區 ; 非都市編定：甲種建築用地
RPPSMLOJPHLFFIF86EB,橫溪段頂寮小段,15.58,非都市：一般農業區 ; 非都市編定：甲種建築用地
RPPSMLOJPHLFFIF86EB,橫溪段頂寮小段,9.21,非都市：一般農業區 ; 非都市編定：甲種建築用地
RPQSMLOJPHLFFIF96EB,橫溪段頂寮小段,15.54,非都市：一般農業區 ; 非都市編定：甲種建築用地
RPQSMLOJPHLFFIF96EB,橫溪段頂寮小段,9.19,非都市：一般農業區 ; 非都市編定：甲種建築用地
RPOTMLOJPHLFFIF86EB,橫溪段頂寮小段,15.59,非都市：一般農業區 ; 非都市編定：甲種建築用地
RPOTMLOJPHLFFIF86EB,橫溪段頂寮小段,9.22,非都市：一般農業區 ; 非都市編定：甲種建築用地
RPRTMLOJPHLFFIF17EB,橫溪段頂寮小段,15.69,非都市：一般農業區 ; 非都市編定：甲種建築用地
RPRTMLOJPHLFFIF17EB,橫溪段頂寮小段,9.28,非都市：一般農業區 ; 非都市編定：甲種建築用地
RPQTMLOJPHLFFIF07EB,橫溪段頂寮小段,15.59,非都市：一般農業區 ; 非都市編定：甲種建築用地
RPQTMLOJPHLFFIF07EB,橫溪段頂寮小段,9.22,非都市：一般農業區 ; 非都市編定：甲種建築用地
RPSOMLPJPHLFFHF56CB,民利段,11.43,都市：住
RPSTMLOJPHLFFIF27EB,橫溪段頂寮小段,15.59,非都市：一般農業區 ; 非都市編定：甲種建築用地
RPSTMLOJPHLFFIF27EB,橫溪段頂寮小段,9.22,非都市：一般農業區 ; 非都市編定：甲種建築用地
RPVTMLOJPHLFFIF57EB,橫溪段頂寮小段,15.70,非都市：一般農業區 ; 非都市編定：甲種建築用地
RPVTMLOJPHLFFIF57EB,橫溪段頂寮小段,9.28,非都市：一般農業區 ; 非都市編定：甲種建築用地
RPPOMLPJPHLFFIF56EB,橫溪段頂寮小段,15.63,非都市：一般農業區 ; 非都市編定：甲種建築用地
RPPOMLPJPHLFFIF56EB,橫溪段頂寮小段,9.24,非都市：一般農業區 ; 非都市編定：甲種建築用地
RPOOMLPJPHLFFIF09EB,橫溪段頂寮小段,10.54,非都市：一般農業區 ; 非都市編定：甲種建築用地
RPOOMLPJPHLFFIF09EB,橫溪段頂寮小段,17.82,非都市：一般農業區 ; 非都市編定：甲種建築用地
RPROMLPJPHLFFIF76EB,橫溪段頂寮小段,15.63,非都市：一般農業區 ; 非都市編定：甲種建築用地
RPROMLPJPHLFFIF76EB,橫溪段頂寮小段,9.24,非都市：一般農業區 ; 非都市編定：甲種建築用地
RPQOMLPJPHLFFIF66EB,橫溪段頂寮小段,15.70,非都市：一般農業區 ; 非都市編定：甲種建築用地
RPQOMLPJPHLFFIF66EB,橫溪段頂寮小段,9.28,非都市：一般農業區 ; 非都市編定：甲種建築用地
RPXNMLQJPHLFFIF37EB,橫溪段頂寮小段,15.58,非都市：一般農業區 ; 非都市編定：甲種建築用地
RPXNMLQJPHLFFIF37EB,橫溪段頂寮小段,9.21,非都市：一般農業區 ; 非都市編定：甲種建築用地
RPQOMLQJPHLFFIF76EB,橫溪段頂寮小段,15.59,非都市：一般農業區 ; 非都市編定：甲種建築用地
RPQOMLQJPHLFFIF76EB,橫溪段頂寮小段,9.22,非都市：一般農業區 ; 非都市編定：甲種建築用地
RPVNMLQJPHLFFIF17EB,橫溪段頂寮小段,15.54,非都市：一般農業區 ; 非都市編定：甲種建築用地
RPVNMLQJPHLFFIF17EB,橫溪段頂寮小段,9.19,非都市：一般農業區 ; 非都市編定：甲種建築用地
RPUNMLQJPHLFFIF07EB,橫溪段頂寮小段,14.53,非都市：一般農業區 ; 非都市編定：甲種建築用地
RPUNMLQJPHLFFIF07EB,橫溪段頂寮小段,8.59,非都市：一般農業區 ; 非都市編定：甲種建築用地
RPWNMLQJPHLFFIF27EB,橫溪段頂寮小段,15.69,非都市：一般農業區 ; 非都市編定：甲種建築用地
RPWNMLQJPHLFFIF27EB,橫溪段頂寮小段,9.28,非都市：一般農業區 ; 非都市編定：甲種建築用地
RPXSMLQJPHLFFEF27CB,淡海段,25.27,都市：住
RPQTMLQJPHLFFEF66CB,淡海段,27.80,都市：住
RPRTMLQJPHLFFEF76CB,淡海段,19.14,都市：住
RPOTMLQJPHLFFEF09CB,淡海段,19.14,都市：住
RPPTMLQJPHLFFEF56CB,淡海段,25.27,都市：住
RPSTMLQJPHLFFEF86CB,淡海段,27.80,都市：住
RPWTMLQJPHLFFEF27CB,淡海段,19.13,都市：住
RPUTMLQJPHLFFEF07CB,淡海段,27.80,都市：住
RPTTMLQJPHLFFEF96CB,淡海段,25.27,都市：住
RPVTMLQJPHLFFEF17CB,淡海段,25.27,都市：住
RPTUMLQJPHLFFEF07CB,淡海段,27.80,都市：住
RPUUMLQJPHLFFEF17CB,淡海段,19.14,都市：住
RPSUMLQJPHLFFEF96CB,淡海段,27.80,都市：住
RPWUMLQJPHLFFEF37CB,淡海段,25.27,都市：住
RPVUMLQJPHLFFEF27CB,淡海段,19.14,都市：住
RPRUMLQJPHLFFEF86CB,淡海段,19.14,都市：住
RPOVMLQJPHLFFEF66CB,淡海段,19.14,都市：住
RPXUMLQJPHLFFEF47CB,淡海段,19.14,都市：住
RPXTMLQJPHLFFEF37CB,淡海段,19.14,都市：住
RPQUMLQJPHLFFEF76CB,淡海段,25.27,都市：住
RPOUMLQJPHLFFEF56CB,淡海段,25.27,都市：住
RPPVMLQJPHLFFEF76CB,淡海段,27.80,都市：住
RPQVMLQJPHLFFEF86CB,淡海段,19.14,都市：住
RPPUMLQJPHLFFEF66CB,淡海段,25.27,都市：住
RPRVMLQJPHLFFEF96CB,淡海段,27.80,都市：住
RPSVMLQJPHLFFEF07CB,淡海段,25.27,都市：住
RPOWMLQJPHLFFEF76CB,淡海段,25.63,都市：住
RPUVMLQJPHLFFEF27CB,淡海段,19.14,都市：住
RPVVMLQJPHLFFEF37CB,淡海段,25.27,都市：住
RPTVMLQJPHLFFEF17CB,淡海段,27.80,都市：住
RPQWMLQJPHLFFEF96CB,淡海段,19.14,都市：住
RPRWMLQJPHLFFEF07CB,淡海段,25.27,都市：住
RPXVMLQJPHLFFEF57CB,淡海段,25.27,都市：住
RPPWMLQJPHLFFEF86CB,淡海段,25.27,都市：住
RPSWMLQJPHLFFEF17CB,淡海段,27.80,都市：住
RPWVMLQJPHLFFEF47CB,淡海段,27.44,都市：住
RPUQMLRJPHLFFEF86CB,淡海段,24.91,都市：住
RPRQMLRJPHLFFEF56CB,淡海段,18.77,都市：住
RPSQMLRJPHLFFEF66CB,淡海段,18.77,都市：住
RPTWMLQJPHLFFEF27CB,淡海段,19.14,都市：住
RPTQMLRJPHLFFEF76CB,淡海段,19.14,都市：住
RPWQMLRJPHLFFEF07CB,淡海段,18.77,都市：住
RPVQMLRJPHLFFEF96CB,淡海段,18.77,都市：住
RPQRMLRJPHLFFEF56CB,淡海段,25.27,都市：住
RPORMLRJPHLFFEF98CB,淡海段,18.41,都市：住
RPRRMLRJPHLFFEF66CB,淡海段,18.77,都市：住
RPXQMLRJPHLFFEF17CB,淡海段,24.91,都市：住
RPSRMLRJPHLFFEF76CB,淡海段,18.41,都市：住
RPPRMLRJPHLFFEF09CB,淡海段,18.41,都市：住
RPURMLRJPHLFFEF96CB,淡海段,24.91,都市：住
RPTRMLRJPHLFFEF86CB,淡海段,19.14,都市：住
RPVRMLRJPHLFFEF07CB,淡海段,18.41,都市：住
RPWRMLRJPHLFFEF17CB,淡海段,18.77,都市：住
RPXRMLRJPHLFFEF27CB,淡海段,18.77,都市：住
RPOSMLRJPHLFFEF09CB,淡海段,18.41,都市：住
RPPSMLRJPHLFFEF56CB,淡海段,18.77,都市：住
RPQSMLRJPHLFFEF66CB,淡海段,18.77,都市：住
RPUSMLRJPHLFFEF07CB,淡海段,19.14,都市：住
RPRSMLRJPHLFFEF76CB,淡海段,25.27,都市：住
RPSSMLRJPHLFFEF86CB,淡海段,19.14,都市：住
RPTSMLRJPHLFFEF96CB,淡海段,19.14,都市：住
RPVSMLRJPHLFFEF17CB,淡海段,18.41,都市：住
RPWSMLRJPHLFFEF27CB,淡海段,18.77,都市：住
RPOTMLRJPHLFFEF56CB,淡海段,19.14,都市：住
RPPTMLRJPHLFFEF66CB,淡海段,18.77,都市：住
RPXSMLRJPHLFFEF37CB,淡海段,24.91,都市：住
RPRTMLRJPHLFFEF86CB,淡海段,24.91,都市：住
RPQTMLRJPHLFFEF76CB,淡海段,18.41,都市：住
RPSTMLRJPHLFFEF96CB,淡海段,24.91,都市：住
RPUTMLRJPHLFFEF17CB,淡海段,24.91,都市：住
RPTTMLRJPHLFFEF07CB,淡海段,19.50,都市：住
RPVTMLRJPHLFFEF27CB,淡海段,24.91,都市：住
RPWTMLRJPHLFFEF37CB,淡海段,19.14,都市：住
RPOUMLRJPHLFFEF66CB,淡海段,19.14,都市：住
RPPUMLRJPHLFFEF76CB,淡海段,18.41,都市：住
RPXTMLRJPHLFFEF47CB,淡海段,24.91,都市：住
RPQUMLRJPHLFFEF86CB,淡海段,18.41,都市：住
RPSUMLRJPHLFFEF07CB,淡海段,19.14,都市：住
RPUUMLRJPHLFFEF27CB,淡海段,24.91,都市：住
RPWUMLRJPHLFFEF47CB,淡海段,24.91,都市：住
RPVUMLRJPHLFFEF37CB,淡海段,19.14,都市：住
RPTUMLRJPHLFFEF17CB,淡海段,18.41,都市：住
RPQOMLRJPHLFFAF68EB,府中段,16.06,都市：住
RPQOMLRJPHLFFAF68EB,府中段,10.69,都市：住
RPQOMLRJPHLFFAF68EB,府中段,10.32,都市：住
RPPOMLRJPHLFFAF58EB,府中段,16.88,都市：住
RPPOMLRJPHLFFAF58EB,府中段,11.24,都市：住
RPPOMLRJPHLFFAF58EB,府中段,10.84,都市：住
RPROMLRJPHLFFAF78EB,府中段,10.69,都市：住
RPROMLRJPHLFFAF78EB,府中段,10.32,都市：住
RPROMLRJPHLFFAF78EB,府中段,16.06,都市：住
RPOOMLRJPHLFFAF48EB,府中段,16.03,都市：住
RPOOMLRJPHLFFAF48EB,府中段,10.67,都市：住
RPOOMLRJPHLFFAF48EB,府中段,10.29,都市：住
RPSOMLPKPHLFFBF68CB,芳洲段,21.28,都市：住
RPVNMLRJPHLFFAF09EB,府中段,17.91,都市：住
RPVNMLRJPHLFFAF09EB,府中段,11.92,都市：住
RPVNMLRJPHLFFAF09EB,府中段,11.50,都市：住
RPWNMLRJPHLFFAF56EB,府中段,11.53,都市：住
RPWNMLRJPHLFFAF56EB,府中段,17.96,都市：住
RPWNMLRJPHLFFAF56EB,府中段,11.95,都市：住
RPSNMLRJPHLFFAF78EB,府中段,18.60,都市：住
RPSNMLRJPHLFFAF78EB,府中段,12.38,都市：住
RPSNMLRJPHLFFAF78EB,府中段,11.94,都市：住
RPXNMLRJPHLFFAF66EB,府中段,16.15,都市：住
RPXNMLRJPHLFFAF66EB,府中段,10.75,都市：住
RPXNMLRJPHLFFAF66EB,府中段,10.37,都市：住
RPTNMLRJPHLFFAF88EB,府中段,16.15,都市：住
RPTNMLRJPHLFFAF88EB,府中段,10.75,都市：住
RPTNMLRJPHLFFAF88EB,府中段,10.37,都市：住
RPUNMLRJPHLFFAF98EB,府中段,18.78,都市：住
RPUNMLRJPHLFFAF98EB,府中段,12.50,都市：住
RPUNMLRJPHLFFAF98EB,府中段,12.06,都市：住
RPTRMLKLPHLFFEF09DB,淡海段,15.31,都市：住
RPRRMLKLPHLFFEF88DB,淡海段,15.31,都市：住
RPQRMLKLPHLFFEF78DB,淡海段,25.63,都市：住
RPURMLKLPHLFFEF56DB,淡海段,21.97,都市：住
RPSRMLKLPHLFFEF98DB,淡海段,19.64,都市：住
RPWRMLKLPHLFFEF76DB,淡海段,15.31,都市：住
RPOSMLKLPHLFFEF68DB,淡海段,15.31,都市：住
RPPRMLKLPHLFFEF68DB,淡海段,33.96,都市：住
RPXRMLKLPHLFFEF86DB,淡海段,15.31,都市：住
RPVRMLKLPHLFFEF66DB,淡海段,14.65,都市：住
RPOTMLKLPHLFFEF78DB,淡海段,29.63,都市：住
RPWSMLKLPHLFFEF86DB,淡海段,25.97,都市：住
RPQTMLKLPHLFFEF98DB,淡海段,15.31,都市：住
RPSTMLKLPHLFFEF56DB,淡海段,15.31,都市：住
RPRTMLKLPHLFFEF09DB,淡海段,19.64,都市：住
RPXSMLKLPHLFFEF96DB,淡海段,19.64,都市：住
RPVTMLKLPHLFFEF86DB,淡海段,23.97,都市：住
RPTTMLKLPHLFFEF66DB,淡海段,15.31,都市：住
RPXTMLKLPHLFFEF07DB,淡海段,23.64,都市：住
RPWTMLKLPHLFFEF96DB,淡海段,23.64,都市：住
RPOUMLKLPHLFFEF88DB,淡海段,23.64,都市：住
RPPUMLKLPHLFFEF98DB,淡海段,15.31,都市：住
RPUTMLKLPHLFFEF76DB,淡海段,15.31,都市：住
RPQUMLKLPHLFFEF09DB,淡海段,15.31,都市：住
RPRUMLKLPHLFFEF56DB,淡海段,15.31,都市：住
RPVSMLKLPHLFFEF76DB,淡海段,15.31,都市：住
RPUSMLKLPHLFFEF66DB,淡海段,15.31,都市：住
RPSSMLKLPHLFFEF09DB,淡海段,15.31,都市：住
RPUUMLKLPHLFFEF86DB,淡海段,19.64,都市：住
RPVUMLKLPHLFFEF96DB,淡海段,39.28,都市：住
RPTSMLKLPHLFFEF56DB,淡海段,19.64,都市：住
RPTUMLKLPHLFFEF76DB,淡海段,21.97,都市：住
RPWUMLKLPHLFFEF07DB,淡海段,29.63,都市：住
RPWNMLRLPHLFFBF66CB,力行段,1.21,都市：住
RPWNMLRLPHLFFBF66CB,力行段,.73,都市：住
RPWNMLRLPHLFFBF66CB,力行段,1.79,都市：住
RPWNMLRLPHLFFBF66CB,力行段,.61,都市：住
RPWNMLRLPHLFFBF66CB,力行段,5.49,都市：住
RPWNMLRLPHLFFBF66CB,力行段,1.42,都市：住
RPWNMLRLPHLFFBF66CB,力行段,.87,都市：住
RPXNMLRLPHLFFBF76CB,力行段,1.21,都市：住
RPXNMLRLPHLFFBF76CB,力行段,.73,都市：住
RPXNMLRLPHLFFBF76CB,力行段,1.79,都市：住
RPXNMLRLPHLFFBF76CB,力行段,.61,都市：住
RPXNMLRLPHLFFBF76CB,力行段,5.49,都市：住
RPXNMLRLPHLFFBF76CB,力行段,1.42,都市：住
RPXNMLRLPHLFFBF76CB,力行段,.87,都市：住
RPROMLRLPHLFFBF88CB,力行段,2.17,都市：住
RPROMLRLPHLFFBF88CB,力行段,1.31,都市：住
RPROMLRLPHLFFBF88CB,力行段,3.20,都市：住
RPROMLRLPHLFFBF88CB,力行段,1.09,都市：住
RPROMLRLPHLFFBF88CB,力行段,9.81,都市：住
RPROMLRLPHLFFBF88CB,力行段,2.55,都市：住
RPROMLRLPHLFFBF88CB,力行段,1.55,都市：住
RPPOMLRLPHLFFBF68CB,力行段,1.21,都市：住
RPPOMLRLPHLFFBF68CB,力行段,.73,都市：住
RPPOMLRLPHLFFBF68CB,力行段,1.79,都市：住
RPPOMLRLPHLFFBF68CB,力行段,.61,都市：住
RPPOMLRLPHLFFBF68CB,力行段,5.49,都市：住
RPPOMLRLPHLFFBF68CB,力行段,1.42,都市：住
RPPOMLRLPHLFFBF68CB,力行段,.87,都市：住
RPQOMLRLPHLFFBF78CB,力行段,1.21,都市：住
RPQOMLRLPHLFFBF78CB,力行段,.73,都市：住
RPQOMLRLPHLFFBF78CB,力行段,1.79,都市：住
RPQOMLRLPHLFFBF78CB,力行段,.61,都市：住
RPQOMLRLPHLFFBF78CB,力行段,5.49,都市：住
RPQOMLRLPHLFFBF78CB,力行段,1.42,都市：住
RPQOMLRLPHLFFBF78CB,力行段,.87,都市：住
RPXUMLKLPHLFFEF17DB,淡海段,29.63,都市：住
RPPVMLKLPHLFFEF09DB,淡海段,15.31,都市：住
RPSOMLRLPHLFFBF98CB,力行段,2.17,都市：住
RPSOMLRLPHLFFBF98CB,力行段,1.31,都市：住
RPSOMLRLPHLFFBF98CB,力行段,3.20,都市：住
RPSOMLRLPHLFFBF98CB,力行段,1.09,都市：住
RPSOMLRLPHLFFBF98CB,力行段,9.81,都市：住
RPSOMLRLPHLFFBF98CB,力行段,2.55,都市：住
RPSOMLRLPHLFFBF98CB,力行段,1.55,都市：住
RPOVMLKLPHLFFEF98DB,淡海段,15.31,都市：住
RPTOMLRLPHLFFBF09CB,力行段,1.69,都市：住
RPTOMLRLPHLFFBF09CB,力行段,1.02,都市：住
RPTOMLRLPHLFFBF09CB,力行段,2.49,都市：住
RPTOMLRLPHLFFBF09CB,力行段,.85,都市：住
RPTOMLRLPHLFFBF09CB,力行段,7.63,都市：住
RPTOMLRLPHLFFBF09CB,力行段,1.98,都市：住
RPTOMLRLPHLFFBF09CB,力行段,1.21,都市：住
RPUOMLRLPHLFFBF56CB,力行段,1.69,都市：住
RPUOMLRLPHLFFBF56CB,力行段,1.02,都市：住
RPUOMLRLPHLFFBF56CB,力行段,2.49,都市：住
RPUOMLRLPHLFFBF56CB,力行段,.85,都市：住
RPUOMLRLPHLFFBF56CB,力行段,7.64,都市：住
RPUOMLRLPHLFFBF56CB,力行段,1.98,都市：住
RPUOMLRLPHLFFBF56CB,力行段,1.21,都市：住
RPWOMLRLPHLFFBF76CB,力行段,1.80,都市：住
RPWOMLRLPHLFFBF76CB,力行段,1.08,都市：住
RPWOMLRLPHLFFBF76CB,力行段,2.66,都市：住
RPWOMLRLPHLFFBF76CB,力行段,.91,都市：住
RPWOMLRLPHLFFBF76CB,力行段,8.15,都市：住
RPWOMLRLPHLFFBF76CB,力行段,2.12,都市：住
RPWOMLRLPHLFFBF76CB,力行段,1.29,都市：住
RPSPMLRLPHLFFBF09CB,芳洲段,15.92,都市：住
RPXOMLRLPHLFFBF86CB,力行段,1.80,都市：住
RPXOMLRLPHLFFBF86CB,力行段,1.08,都市：住
RPXOMLRLPHLFFBF86CB,力行段,2.66,都市：住
RPXOMLRLPHLFFBF86CB,力行段,.91,都市：住
RPXOMLRLPHLFFBF86CB,力行段,8.15,都市：住
RPXOMLRLPHLFFBF86CB,力行段,2.12,都市：住
RPXOMLRLPHLFFBF86CB,力行段,1.29,都市：住
RPOPMLRLPHLFFBF68CB,力行段,1.80,都市：住
RPOPMLRLPHLFFBF68CB,力行段,1.08,都市：住
RPOPMLRLPHLFFBF68CB,力行段,2.66,都市：住
RPOPMLRLPHLFFBF68CB,力行段,.91,都市：住
RPOPMLRLPHLFFBF68CB,力行段,8.15,都市：住
RPOPMLRLPHLFFBF68CB,力行段,2.12,都市：住
RPOPMLRLPHLFFBF68CB,力行段,1.29,都市：住
RPQPMLRLPHLFFBF88CB,力行段,1.69,都市：住
RPQPMLRLPHLFFBF88CB,力行段,1.02,都市：住
RPQPMLRLPHLFFBF88CB,力行段,2.49,都市：住
RPQPMLRLPHLFFBF88CB,力行段,.85,都市：住
RPQPMLRLPHLFFBF88CB,力行段,7.63,都市：住
RPQPMLRLPHLFFBF88CB,力行段,1.98,都市：住
RPQPMLRLPHLFFBF88CB,力行段,1.21,都市：住
RPRPMLRLPHLFFBF98CB,力行段,1.69,都市：住
RPRPMLRLPHLFFBF98CB,力行段,1.02,都市：住
RPRPMLRLPHLFFBF98CB,力行段,2.49,都市：住
RPRPMLRLPHLFFBF98CB,力行段,.85,都市：住
RPRPMLRLPHLFFBF98CB,力行段,7.63,都市：住
RPRPMLRLPHLFFBF98CB,力行段,1.98,都市：住
RPRPMLRLPHLFFBF98CB,力行段,1.21,都市：住
RPTPMLRLPHLFFBF56CB,芳洲段,15.92,都市：住
RPVOMLRLPHLFFBF66CB,力行段,1.80,都市：住
RPVOMLRLPHLFFBF66CB,力行段,1.08,都市：住
RPVOMLRLPHLFFBF66CB,力行段,2.66,都市：住
RPVOMLRLPHLFFBF66CB,力行段,.91,都市：住
RPVOMLRLPHLFFBF66CB,力行段,8.15,都市：住
RPVOMLRLPHLFFBF66CB,力行段,2.12,都市：住
RPVOMLRLPHLFFBF66CB,力行段,1.29,都市：住
RPPPMLRLPHLFFBF78CB,力行段,1.80,都市：住
RPPPMLRLPHLFFBF78CB,力行段,1.08,都市：住
RPPPMLRLPHLFFBF78CB,力行段,2.66,都市：住
RPPPMLRLPHLFFBF78CB,力行段,.91,都市：住
RPPPMLRLPHLFFBF78CB,力行段,8.15,都市：住
RPPPMLRLPHLFFBF78CB,力行段,2.12,都市：住
RPPPMLRLPHLFFBF78CB,力行段,1.29,都市：住
RPTNMLTLPHLFFBF56CB,力行段,1.21,都市：住
RPTNMLTLPHLFFBF56CB,力行段,.73,都市：住
RPTNMLTLPHLFFBF56CB,力行段,1.79,都市：住
RPTNMLTLPHLFFBF56CB,力行段,.61,都市：住
RPTNMLTLPHLFFBF56CB,力行段,5.49,都市：住
RPTNMLTLPHLFFBF56CB,力行段,1.42,都市：住
RPTNMLTLPHLFFBF56CB,力行段,.87,都市：住
RPXSMLSLPHLFFEF67CB,新巿段,24.95,都市：住
RPOTMLSLPHLFFEF86CB,新巿段,19.66,都市：住
