﻿編號,土地區段位置,土地移轉面積平方公尺,使用分區或編定
The serial number,land sector position,land shifting area square meter,the use zoning or compiles and checks
RPUNMLMJNHLFFFH88CC,廣隆段,18.36,都市：住
RPVNMLMJNHLFFEH98DC,青山段,108.37,都市：住
RPXWNLMJNHLFFAH07CC,大樹林段,9.92,都市：住
RPUNOLMJNHLFFAH58CC,埔子段埔子小段,25.00,都市：住
RPPNOLMJNHLFFAH08CC,富國段,8.05,都市：住
RPVWNLMJNHLFFAH86CC,埔子段北門埔子小段,.27,都市：住
RPSNOLMJNHLFFAH38CC,大有段,6.74,都市：住
RPRNOLMJNHLFFAH28CC,國聖段,7.46,都市：住
RPONOLMJNHLFFAH97CC,同安段,278.89,都市：住
RPTNOLMJNHLFFAH48CC,寶山段,16.26,都市：住
RPQNOLMJNHLFFAH18CC,中平段,11.41,都市：住
RPOOMLOJNHLFFEH58DC,錦中段,10.90,都市：工
RPSOMLOJNHLFFEH88CC,水尾段,364.88,都市：工
RPTOMLOJNHLFFEH09DC,六福段,4.25,都市：住
RPXOMLOJNHLFFEH86DC,河底段,18.15,都市：住
RPTNMLNJNHLFFFH09EC,興仁段,.00,都市：商
RPQNMLMJNHLFFGH68DC,興湧段,62.12,都市：住
RPOOMLOJNHLFFFH78EC,瑞豐段,123.01,非都市：鄉村區 ; 非都市編定：乙種建築用地
RPPOMLOJNHLFFFH88EC,瑞豐段,36.67,非都市：鄉村區 ; 非都市編定：乙種建築用地
RPXNMLOJNHLFFFH76CC,興仁段,.00,都市：商
RPTNMLOJNHLFFDH78CC,大金山下段大金山下小段,.00,都市：住
RPVNMLOJNHLFFDH98CC,大金山下段大金山下小段,.00,都市：住
RPUNMLOJNHLFFDH88CC,大金山下段大金山下小段,.00,都市：住
RPPOMLPJNHLFFEH68CC,河底段,16.22,都市：住
RPQOMLPJNHLFFEH88DC,河底段,16.09,都市：住
RPSOMLPJNHLFFEH09DC,河底段,25.05,都市：住
RPXOMLPJNHLFFEH96DC,河底段,21.10,都市：住
RPOPMLPJNHLFFEH78DC,錦興段,12.79,都市：住
RPPPMLPJNHLFFEH88DC,河底段,86.11,都市：住
RPVPMLOJNHLFFBH98CC,普仁段,.00,都市：商
RPWQMLOJNHLFFBH66DC,興南段興南小段,2877.69,都市：住
RPUPMLOJNHLFFBH88CC,復興段,.00,都市：住
RPVQMLPJNHLFFAH09CC,舊路坑二段,462.80,都市：其他
RPXQMLOJNHLFFBH76DC,興南段興南小段,2877.69,都市：住
RPRPMLOJNHLFFBH58CC,富台段,.00,都市：住
RPRNMLQJNHLFFEH98DC,錦中段,4909.15,都市：住
RPSOMLQJNHLFFEH56DC,河底段,7265.89,都市：住
RPRNMLPJNHLFFFH98DC,福興段,18.87,都市：住
RPSNMLPJNHLFFFH09DC,福興段,23.23,都市：住
RPTOMLQJNHLFFEH66DC,大新段,70.50,都市：住
RPUOMLQJNHLFFEH66CC,六福段,3.38,都市：住
RPXNMLQJNHLFFBH66DC,三座屋段三座屋小段,954.00,都市：住
RPXNMLQJNHLFFBH66DC,三座屋段舊社小段,4452.00,都市：住
RPPPMLQJNHLFFBH68DC,石頭段,6.32,都市：住
RPRNMLQJNHLFFAH48CC,桃園段武陵小段,.00,都市：商
RPSNMLPJNHLFFCH68CC,仁善段,83.82,都市：住
RPOOMLPJNHLFFCH48DC,仁善段,87.87,都市：住
RPSNMLPJNHLFFCH68CC,仁善段,90.43,都市：住
RPPQMLTJNHLFFAH88CC,富國段,3515.00,都市：住
RPQNMLQJNHLFFFH98DC,大華段,21.36,都市：住
RPRQMLTJNHLFFAH09CC,昆明段,.00,都市：住
RPTTMLQJNHLFFFH27DC,明智段,60.78,都市：住
RPRNMLQJNHLFFFH09DC,大和段,28.04,都市：住
RPSNMLQJNHLFFFH56DC,青溪段,25.07,都市：住
RPUTMLQJNHLFFFH37DC,明智段,115.68,都市：住
RPTNMLTJNHLFFFH96DC,同福段,260.92,都市：住
RPPNMLKKNHLFFAH97EC,文化段,28.75,都市：住
RPVOMLKKNHLFFFH09DC,大明段,26.66,非都市：鄉村區 ; 非都市編定：乙種建築用地
RPVOMLKKNHLFFFH09DC,大明段,14.32,非都市：特定農業區 ; 非都市編定：甲種建築用地
RPPPMLTJNHLFFBH88CC,三座屋段舊社小段,9.28,都市：其他
RPRPMLTJNHLFFBH09CC,三座屋段舊社小段,5.78,非都市： ; 非都市編定：
RPRPMLTJNHLFFBH09CC,三座屋段三座屋小段,1.24,非都市： ; 非都市編定：
RPUQMLKKNHLFFBH68CC,三座屋段舊社小段,.00,都市：住
RPSPMLTJNHLFFBH56CC,新街段,.00,都市：住
RPPPMLTJNHLFFEH56CC,南新段,.00,都市：住
RPOPMLTJNHLFFEH09CC,六福段,.00,都市：工
RPVNMLKKNHLFFGH98CC,廣北段,.00,都市：商
RPXNMLKKNHLFFGH56CC,忠貞段,.00,都市：商
RPWOMLLKNHLFFBH78CC,山上段,2250.00,非都市：特定農業區 ; 非都市編定：丁種建築用地
RPPSMLLKNHLFFBH48CC,復興段,.00,都市：住
RPPSMLLKNHLFFBH48CC,復興段,.00,都市：住
RPSSMLLKNHLFFBH78CC,中壢埔頂段,.00,都市：住
RPUSMLLKNHLFFBH98CC,中壢埔頂段,.00,都市：住
RPOQMLKKNHLFFAH97CC,大樹林段,.00,都市：住
RPOQMLKKNHLFFAH97CC,大樹林段,.00,都市：住
RPORMLKKNHLFFAH08CC,中埔段,.00,都市：住
RPWNMLLKNHLFFEH98CC,錦中段,4909.15,都市：住
RPPNMLLKNHLFFFH38CC,永福段,19.00,都市：住
RPUNMLLKNHLFFEH78CC,河底段,981.75,都市：住
RPTQMLLKNHLFFAH58CC,慈文段,2912.00,都市：住
RPXQMLLKNHLFFAH98CC,慈文段,.00,都市：住
RPUNMLLKNHLFFFH98DC,大智段,30.08,都市：住
RPXNMLTJNHLFFCH07DC,黃龍段,.00,非都市： ; 非都市編定：
RPPPMLKKNHLFFCH18CC,銅鑼圈段,.00,非都市：山坡地保育區 ; 非都市編定：丙種建築用地
RPWONLMKNHLFFBH98CC,三座屋段三座屋小段,.00,都市：住
RPWNMLMKNHLFFEH09CC,水尾段,.00,都市：工
RPSOMLMKNHLFFFH88CC,興仁段,.00,都市：商
RPUNMLNKNHLFFBH68CC,三座屋段舊社小段,.00,都市：住
RPRNMLMKNHLFFAH18CC,中埔段,.00,都市：住
RPPQMLMKNHLFFAH28CC,和平段,.00,都市：住
RPVSMLMKNHLFFAH09CC,同安段,27.80,都市：住
RPVTMLNKNHLFFAH66CC,中埔段,10.72,都市：住
RPVOMLNKNHLFFAH78CC,興華段,2790.00,都市：住
RPWOMLNKNHLFFFH76CC,大和段,.00,都市：住
RPQOMLQKNHLFFFH09CC,瑞豐段,21.54,非都市：鄉村區 ; 非都市編定：乙種建築用地
RPPOMLNKNHLFFDH48CC,楊梅段,.00,都市：商
RPPOMLNKNHLFFDH48CC,楊梅段,.00,都市：商
RPPOMLNKNHLFFDH48CC,楊梅段,.00,都市：商
RPVPMLQKNHLFFDH86CC,大金山下段大金山下小段,.00,都市：住
RPROMLQKNHLFFFH56CC,豐田段,.00,都市：住
RPPOMLQKNHLFFGH09CC,廣仁段,.00,都市：工
RPPNMLOKNHLFFGH78CC,廣東段,14.83,都市：其他
RPRNMLNKNHLFFGH88CC,環南段,10.64,都市：住
RPROMLNKNHLFFGH98CC,忠貞段,.00,都市：商
RPOOMLNKNHLFFGH68CC,金鍊段,.00,都市：住
RPVOMLQKNHLFFFH96CC,福興段,.00,都市：商
RPTPMLQKNHLFFBH56DC,培英段,23.12,都市：住
RPRPMLQKNHLFFBH98DC,興南段興南小段,3.48,都市：住
RPUOMLQKNHLFFBH09CC,培英段,.00,都市：住
RPSOMLQKNHLFFBH88CC,興南段興南小段,.00,都市：住
RPQPMLQKNHLFFBH78CC,興南段中壢老小段,.00,都市：商
RPQPMLQKNHLFFBH78CC,興南段中壢老小段,.00,都市：商
RPQPMLRKNHLFFBH88CC,中壢埔頂段,.00,都市：住
RPROMLQKNHLFFCH88CC,潛龍段,34.67,非都市：鄉村區 ; 非都市編定：乙種建築用地
RPROMLQKNHLFFCH88CC,潛龍段,.59,非都市：鄉村區 ; 非都市編定：乙種建築用地
RPWPMLQKNHLFFBH76CC,石頭段,.00,都市：商
RPSPMLRKNHLFFBH09CC,自立段,20.01,都市：住
RPSPMLQKNHLFFAH98DC,興華段,597.00,都市：其他
RPOTOLQKNHLFFAH09CC,中埔段,16.99,都市：住
RPUPMLRKNHLFFBH66CC,自立段,26.83,都市：住
RPVPMLRKNHLFFBH76CC,自立段,18.22,都市：住
RPUOMLQKNHLFFAH98CC,興華段,58.67,都市：住
RPWPMLRKNHLFFAH76CC,富國段,18.86,都市：住
RPWPMLRKNHLFFAH76CC,富國段,.08,都市：住
RPXPNLRKNHLFFAH07DC,桃鶯段,83.71,都市：住
RPVNMLRKNHLFFEH86CC,南崁廟口段羊稠坑小段,.00,都市：住
RPUPMLSKNHLFFBH86DC,東寮段,.00,非都市： ; 非都市編定：
RPOPMLTKNHLFFAH78CC,龍鳳段,1047.33,都市：工
RPTQMLTKNHLFFAH76CC,寶山段,137.51,都市：住
RPUNMLSKNHLFFBH56CC,普仁段,.00,都市：商
RPPOMLTKNHLFFEH56CC,大牛稠段大牛稠小段,132.00,非都市：鄉村區 ; 非都市編定：乙種建築用地
RPPOMLTKNHLFFEH56CC,大牛稠段大牛稠小段,10.00,非都市：鄉村區 ; 非都市編定：乙種建築用地
RPWOMLRKNHLFFFH37EC,福興段,25.55,都市：住
RPUNMLTKNHLFFCH86DC,太武段,93.85,都市：住
RPVNMLKLNHLFFBH78EC,中興段,93.97,都市：住
RPVNMLKLNHLFFBH78EC,中興段,21.73,都市：住
RPOPMLKLNHLFFBH08CC,自立段,.00,都市：其他
RPWOMLKLNHLFFBH78CC,復興段,.00,都市：住
RPTOMLKLNHLFFBH48CC,石頭段,.00,都市：商
RPTNMLRKNHLFFFH76CC,興豐段,.00,都市：住
RPRQMLKLNHLFFAH38CC,東嶺段,.00,都市：工
RPVOMLRKNHLFFFH27EC,興仁段,13.21,都市：商
RPUQMLKLNHLFFAH68CC,慈文段,15.35,都市：住
RPPNMLMLNHLFFBH28DC,三座屋段三座屋小段,1.24,都市：住
RPPNMLMLNHLFFBH28DC,三民段,5.78,都市：住
RPPNMLLLNHLFFBH18DC,石頭段,7.30,都市：商
RPPNMLLLNHLFFAH97CC,牛角坡段牛角坡小段,655.00,都市：農
RPQOMLKLNHLFFDH38CC,大金山下段大金山下小段,.00,都市：住
RPVNMLNLNHLFFBH98DC,復興段,11.69,都市：住
RPOOMLNLNHLFFBH38DC,復興段,21.12,都市：住
RPSOMLNLNHLFFBH78DC,復興段,134.00,都市：住
RPQNMLNLNHLFFGH98DC,金鍊段,17.42,都市：住
RPTNMLNLNHLFFFH56DC,福興段,6.61,都市：住
RPTNMLNLNHLFFFH56DC,福興段,4.43,都市：住
RPTNMLNLNHLFFDH98DC,草湳坡段埔心小段,96.00,都市：其他
RPROMLNLNHLFFBH68DC,忠孝段,70.00,非都市：鄉村區 ; 非都市編定：乙種建築用地
RPUOMLNLNHLFFEH56CC,雙溪口段溪洲子小段,27.70,非都市：特定農業區 ; 非都市編定：甲種建築用地
RPWOMLNLNHLFFBH09CC,興南段興南小段,.00,都市：商
RPQPMLNLNHLFFBH58CC,興南段興南小段,.00,都市：商
RPQPMLNLNHLFFBH58CC,興南段興南小段,.00,都市：商
RPQPMLNLNHLFFBH58CC,興南段興南小段,.00,都市：商
RPWNMLOLNHLFFEH86DC,青峰段,14.21,都市：住
RPPOMLPLNHLFFBH78EC,復興段,16.84,都市：住
RPORMLNLNHLFFAH48CC,東門段,.00,都市：商
RPWRMLNLNHLFFAH66CC,春日段,.00,都市：住
RPOPMLPLNHLFFGH66EC,廣北段,44.71,都市：商
RPSPMLNLNHLFFAH68CC,成功段,.00,都市：住
RPOOMLOLNHLFFAH28CC,慈文段,28.30,都市：住
RPUNMLPLNHLFFAH98DC,寶山段,13.88,都市：商
RPUOMLPLNHLFFGH96CC,廣豐段,.00,都市：住
RPUWMLPLNHLFFAH27DC,明興段,20.13,都市：住
RPSNMLPLNHLFFAH68CC,汴洲段,107.00,都市：工
RPRNMLPLNHLFFAH58CC,富國段,85.41,都市：住
RPWOMLPLNHLFFBH66CC,復興段,.00,都市：住
RPWOMLPLNHLFFBH66CC,復興段,.00,都市：住
RPOPMLQLNHLFFBH68CC,三座屋段舊社小段,.00,都市：住
RPUOMLPLNHLFFBH09CC,中壢埔頂段,.00,都市：住
RPXOMLPLNHLFFBH76CC,工業區段二小段,132.00,非都市：工業區 ; 非都市編定：丁種建築用地
RPQPMLQLNHLFFBH88CC,忠福段,.00,都市：其他
RPOPMLPLNHLFFBH58CC,老街溪段,.00,都市：住
RPOQMLQLNHLFFBH88DC,培英段,21.04,都市：住
RPROMLQLNHLFFFH66CC,福興段,.00,都市：商
RPQOMLQLNHLFFFH76EC,大明段,81.48,非都市：鄉村區 ; 非都市編定：乙種建築用地
RPXRMLQLNHLFFAH07CC,龍安段,.00,都市：住
RPWNMLQLNHLFFGH27DC,廣南段,1877.00,都市：其他
RPWOMLQLNHLFFAH66CC,國聖段,11.20,都市：住
RPWVMLQLNHLFFAH37CC,同德段,.00,都市：商
RPXWMLQLNHLFFAH57CC,延壽段,42.99,都市：商
RPXWMLQLNHLFFAH57CC,延壽段,397.38,都市：商
RPXWMLQLNHLFFAH57CC,延壽段,187.38,都市：商
RPXWMLQLNHLFFAH57CC,延壽段,101.42,都市：商
RPXWMLQLNHLFFAH57CC,延壽段,96.60,都市：商
RPSRMLQLNHLFFAH56CC,國聖段,.00,都市：工
RPSUMLQLNHLFFAH86CC,桃園段武陵小段,103.00,都市：住
RPSVMLRLNHLFFFH77EC,豐田段,32.60,都市：住
RPRVMLRLNHLFFFH47CC,豐田段,.00,都市：住
RPWPMLRLNHLFFAH96DC,中德段,113.28,都市：住
RPWNMLRLNHLFFGH27CC,延平段,.00,都市：住
RPSOMLRLNHLFFBH09CC,三座屋段舊社小段,.00,都市：住
RPTNMLRLNHLFFBH56DC,新街段,11.26,都市：住
RPPOMLRLNHLFFBH78CC,新街段,.00,都市：住
RPVSMLRLNHLFFAH07CC,龜山段,.00,都市：商
RPXRMLRLNHLFFAH17CC,昆明段,.00,都市：住
RPOPMLRLNHLFFBH78CC,興南段公坡小段,.00,都市：住
RPVOMLRLNHLFFBH76CC,環東段,.00,都市：住
RPTNMLSLNHLFFBH56CC,三座屋段舊社小段,6.04,都市：其他
RPTNMLSLNHLFFBH56CC,三座屋段三座屋小段,9.04,都市：其他
RPROMLSLNHLFFAH98CC,忠義段,3.87,都市：住
RPOOMLSLNHLFFAH68CC,桃園段武陵小段,3.27,都市：住
RPPOMLSLNHLFFAH78CC,同安段,278.90,都市：住
RPSNMLSLNHLFFAH98CC,興華段,3.23,都市：住
RPQOMLSLNHLFFAH88CC,延壽段,5.62,都市：住
RPSOMLSLNHLFFAH09CC,桃園段武陵小段,2.43,都市：住
RPXNMLSLNHLFFAH86CC,寶山段,16.19,都市：住
RPVNMLSLNHLFFAH66CC,龍鳳段,23.70,都市：住
RPWNMLSLNHLFFAH76CC,大興段,9.33,都市：住
RPUNMLSLNHLFFAH56CC,桃園段武陵小段,3.97,都市：住
RPTNMLKMNHLFFDH68CC,二重溪段,.00,非都市：山坡地保育區 ; 非都市編定：丙種建築用地
RPTOMLSLNHLFFAH56CC,中平段,21.18,都市：住
RPUOMLKMNHLFFBH68CC,普義段,.00,都市：住
RPTOMLKMNHLFFBH58CC,自立段,.00,都市：住
RPTWMLKMNHLFFAH66CC,中山段,.00,都市：住
RPROMLKMNHLFFBH38CC,普義段,.00,都市：住
RPUOMLLMNHLFFGH76DC,正義段,51.30,非都市：鄉村區 ; 非都市編定：乙種建築用地
RPWOMLLMNHLFFBH98CC,忠孝段,.00,都市：住
RPUNMLKMNHLFFEH98DC,青峰段,14.92,都市：住
RPXOMLLMNHLFFBH09CC,普仁段,.00,都市：住
RPRNMLLMNHLFFCH58DC,烏林段,532.40,非都市：鄉村區 ; 非都市編定：乙種建築用地
RPXPMLLMNHLFFFH07DC,大華段,49.02,都市：商
RPXPMLLMNHLFFFH07DC,大華段,23.48,都市：商
RPTPMLLMNHLFFEH09CC,南園段,20.05,都市：住
RPTPMLLMNHLFFBH78CC,興南段興南小段,.00,都市：住
RPQPMLLJOHLFFBH28CC,興南段興南小段,.00,都市：商
RPXPMLLJOHLFFBH98CC,後寮段,3.48,都市：住
RPRQMLLJOHLFFAH38CC,中山段,.00,都市：商
RPPNMLKMNHLFFEH58EC,錦中段,16.05,都市：工
RPOOMLKMNHLFFEH38CC,羊稠段,.00,都市：住
RPRRMLLJOHLFFAH48CC,興華段,890.96,都市：住
RPROMLLMNHLFFGH98CC,環南段,.00,都市：住
RPSPMLLJOHLFFAH38CC,善捷段,5.54,都市：住
RPVPMLLJOHLFFAH68CC,大興段,.00,都市：住
RPSOMLLJOHLFFFH88DC,大和段,12.37,都市：住
RPXNMLLJOHLFFFH56CC,大庄段,.00,非都市：鄉村區 ; 非都市編定：乙種建築用地
RPVOMLLJOHLFFGH66DC,東豐段,35.71,都市：住
RPQOMLLJOHLFFFH78EC,福興段,21.80,都市：住
RPOQMLLJOHLFFAH18DC,大同段,10.94,都市：住
RPROMLLJOHLFFFH88EC,大和段,23.29,都市：住
RPXNMLMJOHLFFGH76CC,廣豐段,.00,都市：住
RPQOMLMJOHLFFDH58DC,大金山下段大金山下小段,98.00,都市：住
RPXNMLLJOHLFFDH98CC,大金山下段大金山下小段,.00,都市：住
RPVPMLMJOHLFFEH66DC,青峰段,12.46,都市：住
RPUNMLMJOHLFFEH88CC,河底段,6991.26,都市：住
RPVNMLMJOHLFFEH98CC,河底段,981.75,都市：住
RPQNMLMJOHLFFEH48CC,青山段,140.38,都市：住
RPORMLMJOHLFFAH28CC,龜山段,.00,都市：商
RPRSMLMJOHLFFAH68CC,慈文段,2912.00,都市：住
RPXQMLMJOHLFFAH09CC,國聖段,.00,都市：住
RPQPMLNJOHLFFBH48CC,中壢埔頂段,.00,都市：住
RPPNMLNJOHLFFBH28DC,青平段,21.49,都市：住
RPQNMLNJOHLFFEH58CC,八股段,1697.81,非都市：特定農業區 ; 非都市編定：農牧用地
RPQNMLNJOHLFFBH28CC,興和段,12.80,都市：農
RPQNMLNJOHLFFBH28CC,興和段,90.54,都市：農
RPXSMLMJOHLFFAH66CC,富國段,10.40,都市：住
RPXSMLMJOHLFFAH66CC,富國段,9.20,都市：住
RPXSMLMJOHLFFAH66CC,富國段,30.80,都市：住
RPWNNLNJOHLFFAH88CC,山頂段,.00,非都市：工業區 ; 非都市編定：丁種建築用地
RPUOMLNJOHLFFEH56DC,青峰段,14.88,都市：住
RPUNMLNJOHLFFFH66EC,永福段,15.88,都市：住
RPVNMLOJOHLFFFH66CC,豐田段,.00,都市：住
RPOSNLNJOHLFFAH68DC,大興段,1305.17,都市：住
RPOSNLNJOHLFFAH68DC,大興段,9.04,都市：住
RPOPMLOJOHLFFBH38CC,中壢埔頂段,.00,都市：住
RPXOMLOJOHLFFBH56CC,東寮段,.00,都市：住
RPUPMLOJOHLFFBH98CC,石頭段,.00,都市：住
RPSPMLOJOHLFFBH78CC,中壢埔頂段,.00,都市：住
RPWNMLOJOHLFFFH76CC,興仁段,.00,都市：商
RPWPMLOJOHLFFBH56CC,工業區段二小段,83.00,非都市：工業區 ; 非都市編定：丁種建築用地
RPWPMLOJOHLFFBH56CC,工業區段二小段,83.00,非都市：工業區 ; 非都市編定：丁種建築用地
RPVWMLOJOHLFFAH07CC,興華段,19.94,都市：住
RPROMLQJOHLFFBH78CC,中北段,.00,都市：住
RPQOMLQJOHLFFBH68CC,興南段興南小段,.00,都市：商
RPSOMLQJOHLFFBH88CC,中壢埔頂段,.00,都市：住
RPWOMLQJOHLFFBH66CC,興南段興南小段,.00,都市：商
RPWPMLQJOHLFFBH86DC,新街段,79.48,都市：住
RPWPMLQJOHLFFEH07CC,公埔段,666.19,都市：工
RPWPMLQJOHLFFEH07CC,公埔段,977.14,都市：工
RPVNMLRJOHLFFEH86CC,竹中段,.00,都市：住
RPSOMLRJOHLFFEH66CC,田心子段田心子小段,.00,都市：工
RPWNMLQJOHLFFFH17EC,興仁段,.00,都市：商
RPVPMLQJOHLFFFH07CC,福興段,.00,非都市：特定農業區 ; 非都市編定：甲種建築用地
RPORMLRJOHLFFBH98DC,普仁段,.00,都市：住
RPWPMLQJOHLFFAH66CC,慈文段,.00,都市：住
RPPPMLRJOHLFFBH78CC,青平段,23.49,都市：其他
RPSNMLRJOHLFFGH76CC,廣西段,95.00,都市：住
RPPQMLRJOHLFFBH88CC,忠義段,.00,都市：工
RPQQMLRJOHLFFBH98CC,成功段,.00,都市：住
RPQPMLSJOHLFFBH98CC,復興段,.00,都市：住
RPPQMLSJOHLFFBH98CC,忠福段,.00,都市：住
RPXNMLOJOHLFFDH66CC,大金山下段大金山下小段,.00,都市：住
RPRNMLRJOHLFFDH09DC,大金山下段大金山下小段,20.60,都市：住
RPRNMLRJOHLFFDH09DC,大金山下段大金山下小段,1.15,都市：住
RPPOMLRJOHLFFDH88CC,二重溪段,.00,都市：住
RPTNMLSJOHLFFDH66CC,大金山下段大金山下小段,.00,都市：住
RPOOMLOJOHLFFDH48CC,大金山下段大金山下小段,.00,都市：住
RPPPMLRJOHLFFAH68CC,大同段,20.84,都市：住
RPPPMLSJOHLFFBH98DC,前寮段,18.96,都市：住
RPRPMLSJOHLFFBH56DC,復興段,27.86,都市：住
RPRPMLSJOHLFFAH98CC,善捷段,.00,都市：住
RPTOMLSJOHLFFEH86CC,錦明段,101.89,都市：商
RPXQMLSJOHLFFAH07CC,龍祥段,.00,都市：商
RPQNMLKKOHLFFCH18CC,八張犁段,80.00,非都市：鄉村區 ; 非都市編定：乙種建築用地
RPVNMLSJOHLFFFH07CC,福興段,.00,都市：住
RPPNMLKKOHLFFAH97DC,壽山段,28.20,都市：住
RPPNMLMKOHLFFFH58CC,豐田段,25.96,都市：住
RPOOMLNKOHLFFBH28CC,工業區段二小段,83.00,非都市：工業區 ; 非都市編定：丁種建築用地
RPOOMLNKOHLFFCH38CC,銅鑼圈段,.00,非都市：山坡地保育區 ; 非都市編定：丙種建築用地
RPPQMLOKOHLFFAH58CC,延壽段,.00,都市：住
RPOQMLNKOHLFFAH38CC,國聖段,19.49,都市：住
RPTPMLOKOHLFFBH98CC,復興段,57.00,都市：住
RPWNMLOKOHLFFFH86CC,瑞豐段,.00,非都市：鄉村區 ; 非都市編定：乙種建築用地
RPSOMLOKOHLFFFH76EC,福興段,26.98,都市：商
RPUNMLKKOHLFFCH58CC,永興段,84.25,非都市：鄉村區 ; 非都市編定：乙種建築用地
RPQOMLOKOHLFFFH09DC,興仁段,14.49,都市：商
RPVNMLOKOHLFFEH66CC,六福段,.00,都市：住
RPSNMLPKOHLFFDH98CC,草湳坡段埔心小段,169.00,都市：住
RPSOMLOKOHLFFGH66CC,金鍊段,.00,都市：住
RPRNMLKKOHLFFCH28CC,奉慈段,26.53,非都市：鄉村區 ; 非都市編定：乙種建築用地
RPVNMLPKOHLFFEH86DC,許厝港段,55.88,非都市：一般農業區 ; 非都市編定：甲種建築用地
RPPPMLPKOHLFFBH68CC,石頭段,6.99,都市：其他
RPSPMLQKOHLFFBH09CC,忠孝段,3327.05,非都市：一般農業區 ; 非都市編定：農牧用地
RPSPMLQKOHLFFBH09CC,忠孝段,3872.54,非都市：一般農業區 ; 非都市編定：農牧用地
RPSPMLQKOHLFFBH09CC,忠孝段,782.59,非都市：一般農業區 ; 非都市編定：農牧用地
RPQNMLPKOHLFFDH88DC,水美段,4929.32,非都市：特定農業區 ; 非都市編定：丁種建築用地
RPQNMLPKOHLFFDH88DC,水美段,3493.58,非都市：特定農業區 ; 非都市編定：丁種建築用地
RPTOMLQKOHLFFBH09CC,普義段,.00,都市：住
RPTPMLQKOHLFFBH66DC,興南段中壢老小段,41.00,都市：商
RPWNMLRKOHLFFBH86DC,青平段,19.90,都市：住
RPROMLRKOHLFFBH56EC,三民段,330.00,都市：農
RPWNMLPKOHLFFFH07DC,豐田段,28.98,都市：住
RPQNMLQKOHLFFFH56DC,豐田段,32.50,都市：住
RPWOMLRKOHLFFBH86CC,新街段,.00,都市：住
RPUOMLRKOHLFFBH66CC,中壢埔頂段,.00,都市：住
RPQNMLKKOHLFFAH08DC,桃園段武陵小段,111.00,都市：商
RPXOMLRKOHLFFBH96CC,自立段,.00,都市：住
RPOOMLSKOHLFFBH88DC,前寮段,14.00,都市：住
RPUOMLKLOHLFFDH88CC,大金山下段大金山下小段,.00,都市：住
RPVOMLQKOHLFFAH66DC,長安段,.00,都市：住
RPXUMLRKOHLFFAH67EC,大有段,23.00,都市：住
RPRPMLKLOHLFFEH78CC,青山段,.00,都市：住
RPUPMLKLOHLFFEH09CC,水尾段,.00,都市：工
RPTOMLKLOHLFFEH09EC,六福段,13.69,都市：工
RPUOMLKLOHLFFBH68CC,後寮段,.00,都市：住
RPXOMLKLOHLFFBH98CC,忠福段,.00,都市：住
RPUPMLKLOHLFFBH78CC,中壢埔頂段,.00,都市：住
RPSOMLKLOHLFFBH48CC,環東段,.00,都市：住
RPSPMLKLOHLFFBH58CC,新街段,.00,都市：住
RPROMLKLOHLFFBH38CC,自立段,.00,都市：住
RPQOMLKLOHLFFFH78DC,福興段,14.58,都市：住
RPPWMLKLOHLFFAH98DC,大樹林段,23.40,都市：住
RPWTMLKLOHLFFAH76DC,中埔段,7.68,都市：其他
RPPUMLKLOHLFFAH78DC,富國段,92.51,都市：其他
RPTRMLLLOHLFFAH88CC,山頂段,247.93,非都市：工業區 ; 非都市編定：丁種建築用地
RPQRMLLLOHLFFAH58CC,山頂段,1404.96,非都市：工業區 ; 非都市編定：丁種建築用地
RPORMLLLOHLFFAH38CC,中正段,77.60,非都市： ; 非都市編定：
RPORMLLLOHLFFAH38CC,中正段,80.55,非都市： ; 非都市編定：
RPUTMLKLOHLFFAH09CC,龍安段,.00,非都市： ; 非都市編定：
RPROMLLLOHLFFEH88DC,河底段,14.20,都市：其他
RPTRMLKLOHLFFAH78CC,延壽段,111.17,都市：住
RPRQMLKLOHLFFAH48CC,中山段,10.31,都市：住
RPWNMLLLOHLFFEH56CC,公埔段,885.16,都市：工
RPROMLMLOHLFFDH78CC,大金山下段大金山下小段,.00,都市：住
RPQOMLLLOHLFFDH58CC,大金山下段大金山下小段,.00,都市：住
RPRPMLLLOHLFFBH58CC,新街段,.00,都市：住
RPSPMLLLOHLFFBH68CC,草新段,.00,都市：商
RPOOMLMLOHLFFGH78CC,金星段,.00,都市：住
RPUNMLMLOHLFFBH88DC,青溪段,27.32,都市：住
RPQOMLMLOHLFFBH58DC,雙嶺段,22.97,都市：住
RPXOMLMLOHLFFBH56CC,三座屋段三座屋小段,.00,都市：住
RPPOMLMLOHLFFBH48DC,雙嶺段,20.10,都市：住
RPSQMLMLOHLFFBH88CC,石頭段,16.40,都市：住
RPTOMLMLOHLFFBH78CC,三座屋段三座屋小段,.00,都市：住
RPQOMLMLOHLFFEH88DC,河底段,19.32,都市：住
RPTQMLMLOHLFFBH98CC,中北段,29.51,都市：住
RPTOMLMLOHLFFEH56DC,河底段,14.07,都市：住
RPUQMLMLOHLFFBH09CC,石頭段,17.53,都市：住
RPSPMLNLOHLFFBH88CC,興南段興南小段,.00,都市：商
RPUPMLNLOHLFFBH09CC,青芝段,14.26,都市：商
RPVPMLNLOHLFFBH56CC,忠福段,14.43,都市：住
RPRONLMLOHLFFAH58CC,文化段,8.22,都市：住
RPPOMLNLOHLFFAH38CC,小檜溪段,28.40,都市：住
RPXPMLNLOHLFFAH66CC,頂湖段,1385.48,都市：工
RPRVMLMLOHLFFAH56CC,會稽段,.00,都市：住
RPRQMLNLOHLFFBH88CC,石頭段,.00,都市：住
RPTSMLNLOHLFFAH56CC,汴洲段,.00,都市：工
RPPSMLNLOHLFFAH78CC,龜山段,.00,都市：商
RPVSMLNLOHLFFAH76CC,汴洲段,.00,都市：工
RPQOMLNLOHLFFCH68CC,仁和段,182.51,都市：其他
RPTQMLNLOHLFFBH09CC,新街段,.00,都市：住
RPUOMLOLOHLFFBH56DC,新街段,18.88,都市：住
RPQOMLOLOHLFFBH68CC,三座屋段舊社小段,110.00,都市：其他
RPSOMLOLOHLFFBH88CC,三座屋段舊社小段,110.00,都市：其他
RPTOMLOLOHLFFBH98CC,中壢埔頂段,.00,都市：住
RPSPMLOLOHLFFBH09DC,石頭段,6.59,都市：商
RPOOMLOLOHLFFDH68CC,草湳坡段埔心小段,.00,都市：住
RPROMLOLOHLFFFH66DC,興豐段,101.35,都市：住
RPXTMLOLOHLFFAH17CC,中山段,22.54,都市：商
RPXQMLOLOHLFFAH86CC,同德段,44.12,都市：商
RPXUMLOLOHLFFAH27CC,大有段,15.03,都市：住
RPTSMLRLOHLFFBH07CC,興南段興南小段,.00,都市：商
RPSSMLRLOHLFFBH96CC,興南段興南小段,.00,都市：商
RPWSMLRLOHLFFBH37CC,自立段,45.00,都市：住
RPXOMLOLOHLFFFH37EC,同福段,108.81,都市：住
RPVONLOLOHLFFAH56CC,埔子段埔子小段,1.41,都市：住
RPXSMLRLOHLFFBH47CC,榮民段,15.11,都市：住
RPWNMLRLOHLFFGH37CC,廣南段,.00,都市：其他
RPOOMLRLOHLFFFH56CC,豐田段,.00,都市：商
RPVPMLSLOHLFFEH47DC,水尾段,3835.75,都市：其他
RPXNMLRLOHLFFFH57EC,豐田段,59.50,都市：住
RPOOMLSLOHLFFGH86DC,新榮段,17.66,都市：住
RPQNMLSLOHLFFFH86DC,興隆段,114.72,都市：住
RPWNMLSLOHLFFGH57DC,平鎮段,16.82,都市：住
RPVNMLSLOHLFFGH47DC,新富段,15.41,都市：商
RPPUMLRLOHLFFAH76CC,中路段,.00,都市：商
RPUUMLRLOHLFFAH27CC,大樹林段,.00,都市：住
RPUUMLRLOHLFFAH27CC,大樹林段,.00,都市：住
RPWRMLSLOHLFFDH57CC,富九段,1322.00,都市：工
RPQQMLSLOHLFFBH66CC,普義段,.00,都市：住
RPUOMLTLOHLFFBH96CC,新街段,.00,都市：商
RPXQMLTLOHLFFAH37CC,八角段,.00,都市：農
RPOQMLSLOHLFFAH98CC,國聖段,.00,都市：住
RPQOMLTLOHLFFDH76CC,大金山下段大金山下小段,.00,都市：住
RPQTMLTLOHLFFAH96CC,大林段,17.46,都市：住
RPPOMLTLOHLFFDH66CC,大金山下段大金山下小段,.00,都市：住
RPXSMLTLOHLFFAH57CC,同安段,13.68,都市：住
RPWOMLSLOHLFFAH07DC,中路段,10.72,都市：住
RPQSMLTLOHLFFAH86CC,龜山段,.00,都市：商
RPRNMLTLOHLFFGH07CC,金鍊段,.00,都市：住
RPSNMLTLOHLFFGH17CC,廣東段,.00,都市：住
RPSQMLTLOHLFFBH07DC,興南段興南小段,2877.69,都市：住
RPTNMLTLOHLFFGH27CC,廣南段,.00,都市：住
RPOPMLTLOHLFFAH09DC,龍祥段,55.72,都市：住
RPVNMLTLOHLFFFH37CC,興仁段,.00,都市：商
RPQNMLTLOHLFFFH96DC,興豐段,316.49,都市：住
RPQNMLTLOHLFFFH96DC,興豐段,324.04,都市：住
RPQNMLTLOHLFFFH96DC,興豐段,1184.13,都市：住
RPRNMLKMOHLFFFH98EC,白鷺段,143.49,都市：工
RPUNMLTLOHLFFDH17DC,新生段,69.00,都市：住
RPUNMLKMOHLFFGH76EC,平鎮段,.04,都市：商
RPUNMLKMOHLFFGH76EC,南勢段,16.71,都市：商
RPRNMLTLOHLFFFH07DC,大和段,61.57,非都市：特定農業區 ; 非都市編定：甲種建築用地
RPRNMLTLOHLFFFH07DC,大和段,4.83,非都市：特定農業區 ; 非都市編定：甲種建築用地
RPRNMLTLOHLFFFH07DC,大和段,20.13,非都市：鄉村區 ; 非都市編定：乙種建築用地
RPXPMLKMOHLFFEH86CC,水尾段,2520.00,都市：工
RPQOMLKMOHLFFDH58CC,大金山下段大金山下小段,.00,都市：住
RPSOMLKMOHLFFDH78CC,富九段,.00,非都市：特定農業區 ; 非都市編定：丁種建築用地
RPROMLKMOHLFFBH48CC,雙嶺段,.00,都市：商
RPTPMLKMOHLFFBH78CC,興南段興南小段,34.00,都市：住
RPTPMLKMOHLFFBH78CC,興南段中壢老小段,18.00,都市：住
RPTPMLKMOHLFFBH78CC,興南段中壢老小段,78.00,都市：住
RPPOMLKMOHLFFBH28CC,忠孝段,.00,都市：住
RPPOMLKMOHLFFBH28CC,忠孝段,.00,都市：住
RPQTMLKMOHLFFAH78CC,文化段,1955.00,都市：住
RPRNMLLJPHLFFAH18CC,龍安段,12.62,都市：住
RPTPMLLJPHLFFGH56CC,東安段,.00,都市：住
RPTPMLLJPHLFFGH56CC,東安段,.00,都市：其他
RPRPMLLJPHLFFBH58DC,普義段,5.32,都市：住
RPSNMLLJPHLFFFH78CC,茄明段,18.13,都市：住
RPVQMLLJPHLFFAH88CC,慈文段,15.87,都市：住
RPVPMLLJPHLFFAH78CC,忠義段,3.87,都市：住
RPRQMLLJPHLFFAH48CC,同安段,13.50,都市：住
RPPQMLLJPHLFFAH28CC,精忠段,18.68,都市：住
RPTNMLLJPHLFFFH88CC,茄明段,17.81,都市：住
RPWQMLLJPHLFFAH98CC,大興段,10.19,都市：住
RPQPMLLJPHLFFAH28CC,文化段,41.90,都市：住
RPWPMLLJPHLFFAH88CC,寶山段,15.11,都市：住
RPUPMLLJPHLFFAH68CC,大興段,9.33,都市：住
RPQOMLLJPHLFFCH38CC,新烏樹林段,.00,非都市：一般農業區 ; 非都市編定：農牧用地
RPUQMLLJPHLFFAH88DC,大有段,114.99,都市：住
RPTNMLOJPHLFFGH66CC,廣平段,.00,都市：住
RPXOMLOJPHLFFBH66CC,興南段興南小段,34.00,都市：住
RPXOMLOJPHLFFBH66CC,興南段中壢老小段,18.00,都市：住
RPXOMLOJPHLFFBH66CC,興南段中壢老小段,78.00,都市：住
RPOPMLOJPHLFFBH48CC,後寮段,.00,都市：其他
RPPPMLOJPHLFFBH58CC,自立段,.00,都市：住
RPSOMLPJPHLFFCH98CC,北興段,698.23,非都市：特定農業區 ; 非都市編定：甲種建築用地
RPPOMLPJPHLFFDH88DC,梅獅段,64.66,都市：住
RPRNMLOJPHLFFFH09DC,中華段,36.23,非都市：鄉村區 ; 非都市編定：乙種建築用地
RPSNMLPJPHLFFFH56CC,興仁段,19.42,都市：商
RPXNMLOJPHLFFFH96CC,福興段,29.39,都市：住
RPVOMLOJPHLFFFH86CC,明智段,.00,都市：住
RPPNMLQJPHLFFCH68CC,金龍段,67.20,非都市：一般農業區 ; 非都市編定：甲種建築用地
RPQNMLQJPHLFFFH56DC,大智段,24.16,都市：住
RPUOMLQJPHLFFDH76CC,大金山下段大金山下小段,.00,都市：住
RPVOMLQJPHLFFBH66CC,石頭段,.00,都市：商
RPVOMLQJPHLFFBH66CC,石頭段,.00,都市：商
RPTOMLQJPHLFFBH09CC,石頭段,.00,都市：商
RPTOMLQJPHLFFBH09CC,石頭段,.00,都市：商
RPWOMLQJPHLFFBH86DC,青芝段,57.16,都市：住
RPWOMLQJPHLFFBH86DC,青芝段,88.63,都市：住
RPXOMLQJPHLFFBH86CC,普義段,.00,都市：住
RPOOMLOJPHLFFEH78DC,水尾段,3835.75,都市：其他
RPPPMLOJPHLFFEH88CC,羊稠段,.00,都市：住
RPVRMLQJPHLFFAH86CC,中正段,.00,都市：住
RPQOMLQJPHLFFEH09CC,六福段,9.67,都市：住
RPROMLRJPHLFFBH09DC,工業區段二小段,77.00,非都市：工業區 ; 非都市編定：丁種建築用地
RPXQMLRJPHLFFAH07CC,善捷段,.00,都市：住
RPVPMLRJPHLFFBH86CC,新街段,.00,都市：住
RPXOMLRJPHLFFDH17CC,草湳坡段埔心小段,.00,都市：住
RPROMLRJPHLFFAH88CC,龜山段,28.20,都市：商
RPXPMLRJPHLFFEH37CC,河底段,.00,都市：住
RPQNMLRJPHLFFEH56DC,河底段,15.89,都市：商
RPRNMLRJPHLFFEH66DC,南新段,11.84,都市：住
RPROMLRJPHLFFFH76CC,興仁段,.00,都市：商
RPROMLRJPHLFFEH76DC,客運一段,75.25,都市：商
RPTNMLTJPHLFFAH66DC,有恒段,10.76,都市：商
RPQNMLLKPHLFFGH78CC,廣德段,4076.23,都市：住
RPUOMLLKPHLFFBH78CC,中壢埔頂段,.00,都市：住
RPRUMLRJPHLFFAH86CC,雲林段,18.50,都市：住
RPQOMLLKPHLFFEH68CC,錦中段,4909.15,都市：工
RPTPMLLKPHLFFBH78CC,中壢埔頂段,.00,都市：住
RPPOMLLKPHLFFEH58CC,河底段,6991.26,都市：住
RPVOMLLKPHLFFEH56CC,河底段,6991.26,都市：住
RPXOMLLKPHLFFEH76CC,六福段,.00,都市：工
RPUOMLLKPHLFFEH09CC,錦中段,4909.15,都市：工
RPVQMLMKPHLFFBH56CC,復興段,.00,都市：住
RPUQMLMKPHLFFBH09CC,興南段興南小段,.00,都市：商
RPQRMLMKPHLFFBH78CC,中寮段,.00,都市：住
RPUQMLLKPHLFFAH88CC,桃鶯段,.00,都市：工
RPUSMLLKPHLFFAH09CC,忠義段,.00,都市：住
RPVQMLMKPHLFFAH09CC,同德段,16279.08,都市：商
RPWQMLLKPHLFFAH09CC,國聖段,.00,都市：工
RPXOMLMKPHLFFDH76CC,頭重溪段,.00,都市：住
RPSQMLMKPHLFFAH78CC,同德段,16279.08,都市：商
RPOPMLMKPHLFFDH58CC,大金山下段月眉山下小段,.00,都市：住
RPXRMLMKPHLFFBH96DC,成功段,56.00,都市：住
RPXRMLMKPHLFFBH96DC,成功段,33.00,都市：住
RPSOMLMKPHLFFFH09CC,瑞豐段,.00,非都市：鄉村區 ; 非都市編定：乙種建築用地
RPTNMLNKPHLFFDH09DC,梅高段,72.65,都市：其他
RPUNMLMKPHLFFCH98DC,八張犁段,90.00,非都市：鄉村區 ; 非都市編定：乙種建築用地
RPPOMLMKPHLFFFH78CC,力行段,.00,都市：住
RPRNMLMKPHLFFFH98DC,大和段,14.68,都市：住
RPXRMLMKPHLFFAH86DC,中路段,1525.36,都市：住
RPQOMLNKPHLFFFH98CC,興仁段,.00,都市：商
RPROMLNKPHLFFFH09CC,福興段,.00,都市：住
RPTRMLNKPHLFFAH56DC,龍祥段,24.09,都市：住
RPSOMLNKPHLFFFH56CC,福興段,.00,都市：住
RPUNMLMKPHLFFEH56DC,南崁段,24.13,都市：住
RPQNMLNKPHLFFEH78CC,大興段,.00,都市：住
RPXNMLNKPHLFFEH86CC,河底段,27.26,都市：住
RPQOMLNKPHLFFEH88CC,河底段,30.37,都市：住
RPWOMLNKPHLFFEH86CC,河底段,30.13,都市：住
RPPOMLNKPHLFFEH78CC,錦中段,28.32,都市：工
RPXOMLNKPHLFFEH96CC,河底段,23.67,都市：住
RPSOMLNKPHLFFEH09CC,錦中段,29.35,都市：工
RPTOMLNKPHLFFEH56CC,南崁廟口段廟口小段,69.75,都市：住
RPOPMLNKPHLFFEH78CC,錦中段,21.49,都市：工
RPOOMLNKPHLFFEH68CC,錦中段,30.63,都市：工
RPPPMLNKPHLFFEH88CC,河底段,32.21,都市：住
RPPOMLNKPHLFFGH98CC,金鍊段,.00,都市：住
RPOOMLNKPHLFFGH88CC,金鍊段,.00,都市：住
RPQPMLNKPHLFFEH98CC,河底段,30.37,都市：住
RPWOMLNKPHLFFBH56CC,仁愛段,.00,都市：商
RPXOMLNKPHLFFBH66CC,仁愛段,.00,都市：商
RPVOMLNKPHLFFBH09CC,環東段,.00,都市：住
RPOOMLNKPHLFFBH38CC,三座屋段舊社小段,16.81,都市：其他
RPVPMLNKPHLFFAH09CC,興華段,16.73,都市：商
RPVOMLOKPHLFFBH56CC,大華段,.00,都市：住
RPUNMLOKPHLFFBH09DC,培英段,25.11,都市：住
RPOPMLOKPHLFFGH09CC,環南段,25.14,都市：住
RPQOMLOKPHLFFEH98CC,青山段,105.87,都市：住
RPQOMLOKPHLFFEH98CC,青山段,28.10,都市：住
RPQRMLNKPHLFFAH78CC,法政段,.00,都市：住
RPPNMLOKPHLFFGH09DC,北興段,77.71,都市：住
RPQQMLPKPHLFFBH09DC,普義段,20.46,都市：住
RPPOMLPKPHLFFFH66EC,福興段,.00,都市：商
RPWNMLOKPHLFFFH96CC,興仁段,.00,都市：商
RPWNMLPKPHLFFFH17DC,瑞豐段,38.41,非都市：鄉村區 ; 非都市編定：乙種建築用地
RPTOMLOKPHLFFFH76CC,建國段,92.41,非都市：鄉村區 ; 非都市編定：乙種建築用地
RPTOMLOKPHLFFFH76CC,建國段,89.60,非都市：鄉村區 ; 非都市編定：乙種建築用地
RPOOMLPKPHLFFDH78CC,梅獅段,7649.64,都市：住
RPWNMLPKPHLFFDH86CC,楊梅段,95.00,都市：住
RPXNMLPKPHLFFDH96CC,頭重溪段,539.00,都市：住
RPVNMLSKPHLFFGH47DC,忠貞段,18.15,都市：商
RPXOMLSKPHLFFBH27DC,環東段,510.00,都市：住
RPSNMLTKPHLFFFH17DC,大庄段,533.34,非都市：特定農業區 ; 非都市編定：丁種建築用地
RPTNMLTKPHLFFFH27DC,大庄段,533.34,非都市：特定農業區 ; 非都市編定：丁種建築用地
RPRNMLTKPHLFFCH76DC,五福段,75.84,都市：住
RPSOMLTKPHLFFCH86CC,九座寮段,60.00,非都市：一般農業區 ; 非都市編定：甲種建築用地
RPXNMLKLPHLFFBH98CC,中壢埔頂段,.00,都市：住
RPOOMLKLPHLFFBH18CC,石頭段,.00,都市：商
RPQOMLKLPHLFFBH38CC,大華段,.00,都市：住
RPOOMLKLPHLFFBH18CC,石頭段,.00,都市：商
RPTOMLKLPHLFFBH68CC,後寮段,.00,都市：住
RPXOMLKLPHLFFBH09CC,自立段,.00,都市：住
RPSPMLKLPHLFFBH78DC,新街段,5.12,都市：住
RPUOMLKLPHLFFBH88DC,新街段,11.43,都市：住
RPROMLKLPHLFFCH58CC,仁和段,182.51,都市：住
RPQNMLKLPHLFFEH58CC,富興段,39.43,都市：農
RPTNMLKLPHLFFFH98CC,同福段,15.04,都市：商
RPWNMLTKPHLFFAH96CC,新埔段,765.00,都市：住
RPRNMLPKPHLFFAH68CC,同德段,29.69,都市：商
RPQPMLSKPHLFFAH09CC,明興段,15.62,都市：住
RPXOMLPKPHLFFAH76CC,法政段,.00,都市：住
RPXOMLPKPHLFFAH76CC,法政段,.00,都市：住
RPOOMLLLPHLFFFH68CC,高城段,.00,都市：住
RPXNMLLLPHLFFEH76CC,六福段,.00,都市：工
RPQOMLLLPHLFFEH78CC,南崁廟口段廟口小段,.00,都市：住
RPVNMLLLPHLFFGH76CC,福林段,.00,非都市：特定農業區 ; 非都市編定：甲種建築用地
RPUNMLLLPHLFFGH76DC,忠貞段,11.41,都市：商
RPPOMLLLPHLFFDH58CC,大金山下段大金山下小段,.00,都市：住
RPSOMLLLPHLFFBH68CC,後寮段,13.17,都市：住
RPVOMLLLPHLFFBH09DC,青昇段,38.01,都市：住
RPUNMLLLPHLFFFH56CC,大華段,.00,都市：住
RPSOMLLLPHLFFFH09CC,明智段,.00,都市：住
RPUOMLMLPHLFFBH98CC,普義段,.00,都市：住
RPTPMLMLPHLFFBH09DC,新街段,6.23,都市：住
RPQRMLKLPHLFFAH58CC,中埔段,23.18,都市：住
RPVPMLKLPHLFFAH88CC,興華段,50.29,都市：住
RPPNMLNLPHLFFFH88CC,興仁段,18.43,都市：商
RPUNMLPLPHLFFFH96CC,福興段,.00,都市：商
RPVNMLPLPHLFFFH07CC,福興段,.00,非都市：特定農業區 ; 非都市編定：甲種建築用地
RPRQMLMLPHLFFAH78CC,成功段,.00,都市：住
RPVQMLMLPHLFFAH56CC,陸光段,30.12,都市：住
RPOPMLPLPHLFFDH09DC,頭重溪段,45.70,都市：住
RPWNMLPLPHLFFFH37EC,福興段,.00,都市：商
RPTQMLPLPHLFFBH76CC,復興段,.00,都市：住
RPSQMLPLPHLFFBH66CC,忠孝段,.00,都市：住
RPSQMLPLPHLFFBH66CC,忠孝段,.00,都市：住
RPSSMLQLPHLFFAH86CC,中平段,.00,都市：住
RPUQMLMLPHLFFAH09CC,新路段,5.75,都市：住
RPUQMLMLPHLFFAH09CC,新路段,26.00,都市：住
RPWQMLMLPHLFFAH66CC,山鶯段,18.17,都市：住
RPWQMLMLPHLFFAH66CC,山鶯段,1.29,都市：其他
RPOPMLPLPHLFFEH56DC,青峰段,55.58,都市：住
RPRSMLLLPHLFFAH88CC,同安段,10.85,都市：住
RPSOMLMLPHLFFEH09CC,青山段,.00,都市：住
RPTTMLPLPHLFFAH96CC,海萍段,69.00,非都市：鄉村區 ; 非都市編定：乙種建築用地
RPTTMLPLPHLFFAH96CC,海萍段,26.55,非都市：鄉村區 ; 非都市編定：乙種建築用地
RPQVMLPLPHLFFAH86CC,富國段,19.83,都市：住
RPURMLPLPHLFFAH86CC,慈文段,.00,都市：住
RPXSMLLLPHLFFAH86CC,興華段,12.65,都市：住
RPPPMLQLPHLFFBH98CC,中壢埔頂段,.00,都市：住
RPWNMLQLPHLFFDH17DC,大金山下段大金山下小段,27.27,都市：住
RPSPMLQLPHLFFFH07CC,福興段,.00,都市：商
RPSQMLQLPHLFFBH86DC,新街段,17.65,都市：住
RPQNMLQLPHLFFEH66DC,新中段,1401.20,都市：農
RPPPMLRLPHLFFBH09CC,普義段,.00,都市：住
RPWOMLRLPHLFFAH96CC,富國段,.00,都市：住
RPSRMLRLPHLFFFH37CC,豐田段,.00,都市：住
RPORMLRLPHLFFFH96CC,興仁段,.00,都市：商
RPTRMLRLPHLFFFH47CC,豐田段,.00,都市：住
RPXQMLRLPHLFFFH77CC,興仁段,.00,都市：商
RPPRMLRLPHLFFFH07CC,興仁段,.00,都市：商
RPWPMLQLPHLFFFH57DC,豐田段,32.33,都市：住
RPPPMLSLPHLFFAH09CC,昆明段,.00,都市：住
RPQPMLSLPHLFFAH56CC,慈文段,.00,都市：住
RPWPMLSLPHLFFBH37DC,仁美段,23.94,都市：住
RPWOMLSLPHLFFBH27DC,平寮段,97.20,都市：住
RPQNMLSLPHLFFFH86CC,大忠段,53.85,都市：住
RPROMLSLPHLFFFH07CC,明智段,.00,都市：住
RPUOMLSLPHLFFGH47CC,東北段,19.30,都市：住
RPROMLSLPHLFFGH17CC,金鍊段,.00,都市：住
RPQPMLSLPHLFFEH96CC,水尾段,10.48,都市：工
RPQPMLSLPHLFFEH96CC,水尾段,10.09,都市：工
RPUOMLSLPHLFFEH27CC,六福段,.00,都市：工
RPUNMLSLPHLFFFH37DC,豐田段,42.55,都市：住
RPOOMLSLPHLFFFH86DC,大義段,19.19,都市：住
RPXNMLSLPHLFFFH67DC,福興段,32.05,都市：住
RPVNMLSLPHLFFFH47DC,福興段,23.84,都市：住
RPVNMLTLPHLFFCH17CC,仁武段,.00,都市：住
RPWNMLTLPHLFFAH07CC,大興段,113.74,都市：住
RPSOMLTLPHLFFAH76CC,大有段,15.81,都市：住
RPTNMLTLPHLFFAH76CC,同德段,29.69,都市：商
RPXOMLTLPHLFFAH27CC,建國段,.00,都市：住
RPXOMLTLPHLFFAH27CC,建國段,.00,都市：住
RPROMLTLPHLFFAH66CC,桃鶯段,.00,都市：工
RPUUMLTLPHLFFBH67CC,石頭段,.00,都市：商
RPRNMLKMPHLFFBH48CC,老街溪段,7.07,都市：其他
RPRNMLKMPHLFFBH48CC,老街溪段,4.59,都市：其他
RPRNMLKMPHLFFBH48CC,老街溪段,6.67,都市：其他
RPRNMLKMPHLFFBH48CC,老街溪段,1.89,都市：其他
RPXUMLTLPHLFFBH97CC,後寮段,.00,都市：其他
RPPNMLKMPHLFFEH68DC,河底段,19.09,都市：住
RPQNMLTLPHLFFFH07DC,大華段,27.05,都市：住
RPOOMLTLPHLFFFH86CC,福興段,.00,都市：商
RPRNMLTLPHLFFFH07CC,豐田段,.00,都市：住
RPSNMLTLPHLFFFH17CC,興仁段,22.53,都市：商
RPPNMLTLPHLFFFH07EC,茄明段,8.27,都市：住
