﻿編號,屋齡,建物移轉面積平方公尺,主要用途,主要建材,建築完成日期,總層數,建物分層
The serial number,room age,building shifting area square meter,the main use,main building materials,construction completes the date,total layer,building lamination
RPPNMLPJNHLFFBM58CA,36,193.50,住商用,鋼筋混凝土造,68年11月20日,三層,一層 二層 三層 騎樓
RPPNMLOJNHLFFBM48CA,25,21.55,住家用,鋼筋混凝土造,80年9月20日,九層,七層
RPPNMLOJNHLFFBM48CA,25,8.66,見其他登記事項,鋼筋混凝土造,80年9月20日,九層,
RPPNMLOJNHLFFBM48CA,25,4.71,見其他登記事項,鋼筋混凝土造,80年9月20日,十一層,
RPVNMLPLNHLFFAM66CA,1,274.44,見其他登記事項,鋼筋混凝土造,104年3月20日,四層,一層 二層 三層 四層 屋頂突出物
RPTNMLPJNHLFFCM09CA,22,107.88,住商用,鋼筋混凝土造,83年5月30日,七層,一層 二層 騎樓
RPTNMLPJNHLFFCM09CA,22,8.64,見其他登記事項,鋼筋混凝土造,83年5月30日,七層,
RPPNMLQJNHLFFDM88CA,19,139.51,住商用,鋼筋混凝土造,86年5月8日,三層,一層 二層 三層 騎樓
RPUNMLQLNHLFFCM86CA,39,114.00,住商用,鋼筋混凝土加強磚造,66年3月25日,二層,一層 二層 騎樓
RPPNMLPKNHLFFDM88CA,22,43.29,住家用,鋼筋混凝土造,83年5月24日,五層,一層
RPPNMLPKNHLFFDM88CA,22,24.20,見其他登記事項,鋼筋混凝土造,83年5月24日,五層,
RPPNMLPKNHLFFDM88CA,22,43.29,住家用,鋼筋混凝土造,83年5月24日,五層,一層
RPPNMLPKNHLFFDM88CA,22,24.20,見其他登記事項,鋼筋混凝土造,83年5月24日,五層,
RPQNMLQJNHLFFAM68CA,19,169.17,住家用,鋼筋混凝土造,86年8月19日,三層,一層 二層 三層 屋頂突出物
RPWNMLQJNHLFFBM76CA,34,244.33,住家用,鋼筋混凝土造,71年1月9日,三層,一層 二層 三層
RPRNMLNKNHLFFAM58CA,22,54.34,住家用,鋼筋混凝土造,83年10月11日,七層,三層
RPRNMLNKNHLFFAM58CA,22,15.52,見其他登記事項,鋼筋混凝土造,83年10月11日,七層,
RPRNMLOJNHLFFDM88CA,23,179.93,住家用,鋼筋混凝土造,82年4月29日,三層,一層 二層 三層 電梯樓梯間
RPUNMLQJNHLFFAM09CA,,228.62,見其他登記事項,鋼筋混凝土造,104年11月23日,四層,一層 二層 三層 四層
RPPNMLQJNHLFFBM78DA,29,165.16,住商用,鋼筋混凝土造,76年10月5日,三層,一層 二層 三層 騎樓
RPQNMLQJNHLFFBM88DA,25,18.51,住家用,鋼筋混凝土造,79年12月15日,五層,五層
RPQNMLQJNHLFFBM88DA,25,5.92,見其他登記事項,鋼筋混凝土造,79年12月15日,五層,
RPRNMLQJNHLFFBM98DA,25,18.51,住家用,鋼筋混凝土造,79年12月15日,五層,四層
RPRNMLQJNHLFFBM98DA,25,5.92,見其他登記事項,鋼筋混凝土造,79年12月15日,五層,
RPRNMLRKNHLFFCM56CA,34,189.67,見其他登記事項,鋼筋混凝土造,71年6月4日,三層,一層 二層 三層 騎樓
RPPNMLMKNHLFFAM28CA,21,93.18,住家用,鋼筋混凝土造,83年11月9日,十六層,十五層
RPPNMLMKNHLFFAM28CA,21,14.11,見其他登記事項,鋼筋混凝土造,83年11月9日,十六層,
RPVNMLQJNHLFFAM56CA,,228.75,見其他登記事項,鋼筋混凝土造,104年11月23日,四層,一層 二層 三層 四層
RPQOMLTJNHLFFAM09CA,15,107.20,住家用,鋼筋混凝土造,90年7月4日,二層,一層 二層 騎樓
RPTNMLLKNHLFFAM58CA,17,91.40,住家用,鋼筋混凝土造,88年6月3日,七層,三層
RPTNMLLKNHLFFAM58CA,17,16.88,國民住宅,鋼筋混凝土造,88年6月3日,七層,
RPTNMLLKNHLFFAM58CA,17,13.57,國民住宅,鋼筋混凝土造,88年6月3日,七層,
RPVNMLLKNHLFFAM78CA,21,150.15,住家用,鋼筋混凝土造,84年6月15日,三層,一層 二層 三層 屋頂突出物
RPWNMLQJNHLFFAM66CA,,228.75,見其他登記事項,鋼筋混凝土造,104年11月23日,四層,一層 二層 三層 四層
RPTNMLRKNHLFFAM56CA,8,162.55,住家用,鋼筋混凝土造,96年12月13日,三層,一層 二層 三層 屋頂突出物
RPPNMLSKNHLFFAM88CA,20,32.46,住家用,鋼筋混凝土造,85年4月10日,七層,三層
RPPNMLSKNHLFFEM66CA,14,193.56,住家用,鋼筋混凝土造,91年1月10日,三層,一層 二層 三層 屋頂突出物 騎樓
RPTNMLQJNHLFFBM09CA,1,173.51,住家用,鋼筋混凝土造,104年4月20日,四層,一層 二層 三層 四層
RPSNMLTJNHLFFCM76CA,36,62.62,住家用,鋼筋混凝土加強磚造,69年6月25日,一層,一層
RPRNMLKMOHLFFBM68CA,25,95.96,住家用,鋼筋混凝土造,80年9月20日,十一層,十層
RPRNMLKMOHLFFBM68CA,25,14.67,見其他登記事項,鋼筋混凝土造,80年9月20日,十一層,
RPRNMLKMOHLFFBM68CA,25,9.42,見其他登記事項,鋼筋混凝土造,80年9月20日,十一層,
RPRNMLKMOHLFFBM68CA,25,12.18,見其他登記事項,鋼筋混凝土造,80年9月20日,十一層,
RPRNMLKMOHLFFBM68CA,25,10.19,見其他登記事項,鋼筋混凝土造,80年9月20日,十一層,
RPQNMLLMNHLFFAM48CA,36,65.78,商業用,鋼筋混凝土加強磚造,69年6月6日,一層,一層 騎樓
RPPNMLOLNHLFFAM58CA,31,156.00,農舍,加強磚造,74年3月13日,二層,一層 二層 騎樓
RPPNMLOLNHLFFAM58CA,31,156.00,農舍,加強磚造,74年3月13日,二層,一層 二層 騎樓
RPRNMLQKNHLFFDM56CA,1,205.16,見其他登記事項,鋼筋混凝土造,104年5月25日,三層,一層 二層 三層 屋頂突出物
RPQNMLLKNHLFFCM48CA,2,225.30,住家用,鋼筋混凝土造,102年11月22日,四層,一層 二層 三層 四層
RPSNMLKKNHLFFBM48CA,1,221.61,住家用,鋼筋混凝土造,104年5月25日,四層,一層 二層 三層 四層
RPSNMLQKNHLFFBM09CA,25,115.68,住家用,鋼筋混凝土造,80年9月20日,十層,二層
RPSNMLQKNHLFFBM09CA,25,14.63,見其他登記事項,鋼筋混凝土造,80年9月20日,十層,
RPSNMLQKNHLFFBM09CA,25,9.42,見其他登記事項,鋼筋混凝土造,80年9月20日,十一層,
RPPNMLLJOHLFFBM28CA,16,190.97,住家用,鋼筋混凝土造,88年12月15日,四層,一層 二層 三層 四層
RPSNMLRKNHLFFBM56CA,24,127.79,住家用,鋼筋混凝土造,81年7月21日,三層,一層 二層 三層 電梯樓梯間
RPPNMLTKNHLFFBM09CA,20,167.72,住家用,鋼筋混凝土造,84年12月30日,四層,一層 二層 三層 四層
RPRNMLLKNHLFFBM48CA,21,68.97,住家用,鋼筋混凝土造,83年10月29日,八層,六層
RPRNMLLKNHLFFBM48CA,21,25.54,見其他登記事項,鋼筋混凝土造,83年10月29日,八層,
RPQNMLLKNHLFFBM38CA,1,173.51,住家用,鋼筋混凝土造,104年4月20日,四層,一層 二層 三層 四層
RPRNMLRKNHLFFAM98CA,11,239.65,住家用,鋼筋混凝土造,94年6月7日,四層,一層 二層 三層 四層 屋頂突出物
RPVNMLKLNHLFFAM78CA,21,152.14,住家用,鋼筋混凝土造,83年11月19日,三層,一層 二層 三層
RPPNMLPLNHLFFBM78CA,1,209.56,見其他登記事項,鋼筋混凝土造,104年7月14日,三層,一層 二層 三層 見其他登記事項
RPPNMLOLNHLFFCM88DA,22,124.89,住家用,鋼筋混凝土造,83年5月3日,三層,一層 二層 三層
RPQNMLPLNHLFFBM88CA,1,208.55,見其他登記事項,鋼筋混凝土造,104年7月14日,三層,一層 二層 三層 見其他登記事項
RPSNMLPLNHLFFAM98CA,25,242.22,農舍,加強磚造,79年10月17日,二層,一層 二層
RPTNMLLKNHLFFBM68CA,7,235.05,見其他登記事項,鋼筋混凝土造,98年10月13日,四層,一層 二層 三層 四層
RPTNMLLKNHLFFBM68CA,7,2.65,見其他登記事項,鋼筋混凝土造,98年10月13日,四層,
RPPNMLLKNHLFFDM48CA,36,148.52,住商用,鋼筋混凝土加強磚造,69年1月8日,二層,一層 二層 騎樓
RPUNMLRKNHLFFBM76CA,24,22.41,住家用,鋼筋混凝土造,81年1月30日,六層,五層
RPUNMLRKNHLFFBM76CA,24,8.44,見其他登記事項,鋼筋混凝土造,81年1月30日,六層,
RPWNMLRKNHLFFBM96CA,30,276.94,住家用,鋼筋混凝土加強磚造,74年12月11日,二層,一層 二層 電梯樓梯間
RPPNMLQJOHLFFCM88CA,12,105.73,見其他登記事項,鋼筋混凝土造,93年10月5日,十層,六層
RPPNMLQJOHLFFCM88CA,12,37.92,見其他登記事項,鋼筋混凝土造,93年10月5日,十層,
RPSNMLNKNHLFFAM68CA,36,64.40,住家用,鋼筋混凝土加強磚造,69年3月4日,二層,一層 二層
RPXNMLKMNHLFFAM09CA,,240.12,見其他登記事項,鋼筋混凝土造,105年1月25日,四層,一層 二層 三層 四層
RPPOMLKMNHLFFAM38CA,,170.71,住家用,鋼筋混凝土造,105年1月25日,四層,一層 二層 三層 四層
RPUNMLKMNHLFFAM78CA,,240.12,見其他登記事項,鋼筋混凝土造,105年1月25日,四層,一層 二層 三層 四層
RPOOMLKMNHLFFAM28CA,,174.82,住家用,鋼筋混凝土造,105年1月25日,四層,一層 二層 三層 四層
RPWNMLKMNHLFFAM98CA,,240.12,見其他登記事項,鋼筋混凝土造,105年1月25日,四層,一層 二層 三層 四層
RPQOMLKMNHLFFAM48CA,,341.04,住家用,鋼筋混凝土造,105年1月25日,四層,一層 二層 三層 四層
RPPNMLPLNHLFFCM88CA,21,172.55,住家用,鋼筋混凝土造,84年9月14日,四層,一層 二層 三層 四層
RPSOMLKMNHLFFAM68CA,,168.09,住家用,鋼筋混凝土造,105年1月25日,四層,一層 二層 三層 四層
RPROMLKMNHLFFAM58CA,,170.71,住家用,鋼筋混凝土造,105年1月25日,四層,一層 二層 三層 四層
RPVOMLKMNHLFFAM98CA,,170.71,住家用,鋼筋混凝土造,105年1月25日,四層,一層 二層 三層 四層
RPTOMLKMNHLFFAM78CA,,169.29,住家用,鋼筋混凝土造,105年1月25日,四層,一層 二層 三層 四層
RPWOMLKMNHLFFAM09CA,,170.71,住家用,鋼筋混凝土造,105年1月25日,四層,一層 二層 三層 四層
RPUNMLRLNHLFFCM96CA,15,452.87,農舍,鋼筋混凝土造,90年2月23日,二層,一層 二層 屋頂突出物
RPPNMLQKNHLFFDM98CA,17,85.88,見其他登記事項,鋼筋混凝土造,87年11月17日,八層,一層
RPSNMLPLNHLFFDM66CA,36,114.30,住家用,鋼筋混凝土加強磚造,69年1月15日,二層,一層 二層 騎樓
RPPOMLTKNHLFFAM09CA,40,75.60,住家用,鋼筋混凝土加強磚造,65年1月13日,二層,一層 二層
RPWNMLQKNHLFFAM76CA,1,265.92,住家用,鋼筋混凝土造,104年4月30日,二層,一層 二層
RPWNMLQKNHLFFAM76CA,1,2.23,住家用,鋼筋混凝土造,104年4月30日,一層,
RPVNMLQKNHLFFAM66CA,19,86.72,住家用,鋼筋混凝土造,86年9月19日,十四層,七層
RPVNMLQKNHLFFAM66CA,19,22.27,見其他登記事項,鋼筋混凝土造,86年9月19日,十四層,
RPUNMLSKNHLFFAM76CA,21,91.77,住家用,鋼筋混凝土造,84年2月16日,十三層,六層
RPUNMLSKNHLFFAM76CA,21,23.87,見其他登記事項,鋼筋混凝土造,84年2月16日,十三層,
RPUNMLSKNHLFFAM76CA,21,20.24,停車空間,鋼筋混凝土造,84年2月16日,十三層,
RPPNMLTKNHLFFCM56CA,12,94.46,見其他登記事項,鋼筋混凝土造,93年10月5日,十層,三層
RPPNMLTKNHLFFCM56CA,12,34.47,見其他登記事項,鋼筋混凝土造,93年10月5日,十層,
RPXOMLKMNHLFFAM56CA,,165.01,住家用,鋼筋混凝土造,105年1月25日,四層,一層 二層 三層 四層
RPPNMLSJOHLFFDM56CA,56,189.61,見其他登記事項,鋼筋混凝土加強磚造,48年12月30日,一層,一層
RPQNMLTKNHLFFBM56CA,22,90.86,住家用,鋼筋混凝土造,83年4月11日,八層,六層
RPQNMLTKNHLFFBM56CA,22,40.50,見其他登記事項,鋼筋混凝土造,83年4月11日,八層,
RPOPMLKMNHLFFAM38CA,,170.71,住家用,鋼筋混凝土造,105年1月25日,四層,一層 二層 三層 四層
RPQPMLKMNHLFFAM58CA,,170.71,住家用,鋼筋混凝土造,105年1月25日,四層,一層 二層 三層 四層
RPPPMLKMNHLFFAM48CA,,170.71,住家用,鋼筋混凝土造,105年1月25日,四層,一層 二層 三層 四層
RPSPMLKMNHLFFAM78CA,,170.71,住家用,鋼筋混凝土造,105年1月25日,四層,一層 二層 三層 四層
RPRPMLKMNHLFFAM68CA,,170.71,住家用,鋼筋混凝土造,105年1月25日,四層,一層 二層 三層 四層
RPPNMLKLNHLFFCM38CA,21,93.94,見其他登記事項,鋼筋混凝土造,83年12月31日,十二層,二層
RPPNMLKLNHLFFCM38CA,21,.18,見其他登記事項,鋼筋混凝土造,83年12月31日,十二層,
RPPNMLKLNHLFFCM38CA,21,8.07,見其他登記事項,鋼筋混凝土造,83年12月31日,十二層,
RPPNMLKLNHLFFCM38CA,21,19.04,見其他登記事項,鋼筋混凝土造,83年12月31日,十二層,
RPQOMLQJOHLFFAM88CA,34,76.82,住家用,鋼筋混凝土加強磚造,71年7月5日,二層,一層 二層
RPTNMLRLNHLFFAM66CA,22,280.22,見其他登記事項,鋼筋混凝土造,83年6月1日,四層,一層 二層 三層 四層 地下層
RPPNMLQLNHLFFCM98CA,18,122.90,住家用,鋼筋混凝土造,87年10月19日,二層,一層 二層 屋頂突出物
RPSNMLSKNHLFFDM86CA,44,50.16,住家用,磚造,61年9月1日,一層,一層
RPRNMLRJOHLFFCM56CA,16,501.32,住商用,鋼筋混凝土造,88年12月16日,四層,一層 二層 三層 四層 騎樓
RPSNMLNKOHLFFAM78CA,35,133.88,住商用,鋼筋混凝土造,70年7月2日,三層,一層 二層 三層 騎樓
RPSOMLNLNHLFFCM09CA,13,153.88,住商用,鋼筋混凝土造,92年6月13日,三層,一層 二層 三層 騎樓
RPQOMLNLNHLFFCM88CA,11,134.23,見其他登記事項,鋼筋混凝土造,93年11月16日,九層,七層
RPQOMLNLNHLFFCM88CA,11,57.63,見其他登記事項,鋼筋混凝土造,93年11月16日,九層,
RPQNMLTKNHLFFAM09CA,1,176.23,見其他登記事項,鋼筋混凝土造,104年8月4日,四層,一層 二層 三層 四層 屋頂突出物
RPPNMLTKNHLFFAM98CA,42,98.98,住家用,鋼筋混凝土加強磚造,62年12月28日,二層,一層 二層
RPUNMLRLNHLFFDM07CA,35,105.00,住商用,鋼筋混凝土加強磚造,70年2月16日,二層,一層 二層 騎樓
RPXNMLKLNHLFFAM98CA,15,142.40,見其他登記事項,鋼筋混凝土造,90年6月4日,三層,一層 二層 三層 屋頂突出物 地下層
RPTNMLLJOHLFFCM78CA,6,100.52,農舍,見其他登記事項,99年8月31日,二層,一層 二層
RPSNMLKLNHLFFAM48CA,37,186.79,見其他登記事項,見其他登記事項,68年6月19日,二層,一層 二層 防空避難室
RPPNMLMJOHLFFAM28CA,21,12.67,停車空間,鋼筋混凝土造,84年2月16日,十三層,
RPTNMLKMNHLFFAM68CA,43,233.10,住商用,鋼筋混凝土加強磚造,62年8月14日,三層,一層 二層 三層 騎樓
RPSNMLTKNHLFFCM86CA,9,190.71,住家用,鋼筋混凝土造,96年4月18日,四層,一層 二層 三層 四層
RPRNMLTKNHLFFCM76CA,22,88.93,見其他登記事項,鋼筋混凝土造,83年5月26日,五層,一層
RPRNMLTKNHLFFCM76CA,22,19.09,見其他登記事項,鋼筋混凝土造,83年5月26日,五層,
RPTNMLSKNHLFFDM96CA,10,169.71,見其他登記事項,鋼筋混凝土造,95年7月11日,四層,一層 二層 三層 四層
RPRNMLNLNHLFFAM78DA,21,186.91,住家用,鋼筋混凝土造,84年7月1日,三層,一層 二層 三層
RPRNMLKLNHLFFDM78DA,35,82.59,住商用,鋼筋混凝土加強磚造,70年8月13日,二層,一層 二層 騎樓
RPQNMLNLNHLFFDM88CA,21,207.72,住家用,鋼筋混凝土造,84年1月19日,四層,一層 二層 三層 四層
RPQNMLNLNHLFFEM98CA,26,138.13,住商用,鋼筋混凝土造,78年10月13日,二層,一層 二層 騎樓
RPPNMLLLNHLFFCM48CA,5,15.19,農舍,見其他登記事項,99年10月11日,一層,一層
RPQNMLLLNHLFFCM58CA,14,83.19,見其他登記事項,見其他登記事項,91年8月20日,一層,一層
RPTNMLPLNHLFFAM09CA,1,145.30,見其他登記事項,鋼筋混凝土造,104年5月15日,三層,一層 二層 三層 屋頂突出物
RPPNMLLLNHLFFBM38CA,10,189.64,住家用,鋼筋混凝土造,95年1月17日,三層,一層 二層 三層
RPXNMLLJOHLFFBM09CA,3,426.17,見其他登記事項,鋼筋混凝土造,102年6月10日,五層,一層 二層 三層 四層 五層
RPUNMLPLNHLFFAM56CA,36,86.86,住家用,鋼筋混凝土加強磚造,68年12月29日,二層,一層 二層
RPRNMLKLNHLFFBM48CA,39,234.18,住商用,鋼筋混凝土加強磚造,65年12月22日,三層,一層 二層 三層 騎樓
RPPNMLKLNHLFFBM28CA,20,90.69,住家用,鋼筋混凝土造,85年1月12日,十層,二層
RPPNMLKLNHLFFBM28CA,20,29.34,見其他登記事項,鋼筋混凝土造,85年1月12日,十層,
RPOOMLPLNHLFFAM68CA,39,445.26,工業用,見其他登記事項,66年7月1日,一層,一層
RPOOMLPLNHLFFAM68CA,39,568.80,見其他登記事項,見其他登記事項,66年2月1日,一層,一層
RPOOMLPLNHLFFAM68CA,43,368.44,見其他登記事項,鋼筋混凝土加強磚造,62年2月1日,一層,一層
RPOOMLPLNHLFFAM68CA,39,454.31,見其他登記事項,見其他登記事項,66年2月1日,一層,一層
RPOOMLPLNHLFFAM68CA,39,213.58,見其他登記事項,見其他登記事項,66年2月1日,一層,一層
RPPNMLKMNHLFFBM38CA,32,300.64,見其他登記事項,鋼筋混凝土造,73年9月7日,四層,一層 二層 三層 四層 騎樓
RPWNMLRJOHLFFAM86CA,2,338.97,見其他登記事項,鋼筋混凝土造,102年12月2日,四層,一層 二層 三層 四層 屋頂突出物
RPQNMLMKOHLFFCM68CA,38,96.10,見其他登記事項,鋼筋混凝土加強磚造,66年12月27日,二層,一層 二層
RPWNMLMJOHLFFBM09CA,,200.93,見其他登記事項,鋼筋混凝土造,104年12月23日,三層,一層 二層 三層 見其他登記事項
RPQNMLOLNHLFFDM98CA,23,227.15,住家用,鋼筋混凝土造,82年10月19日,四層,一層 二層 三層 四層
RPSNMLMJOHLFFBM68CA,22,101.71,住家用,鋼筋混凝土造,83年3月10日,七層,六層
RPSNMLMJOHLFFBM68CA,22,41.95,見其他登記事項,鋼筋混凝土造,83年3月10日,七層,
RPRNMLOJOHLFFCM88CA,38,116.55,住商用,鋼筋混凝土加強磚造,67年3月13日,二層,一層 二層 騎樓
RPSNMLPLNHLFFCM56CA,33,92.62,住商用,鋼筋混凝土造,72年7月6日,二層,一層 二層 騎樓
RPQNMLRLNHLFFDM66CA,21,333.51,住家用,鋼筋混凝土造,84年6月14日,四層,一層 二層 三層 四層 屋頂突出物
RPQNMLRLNHLFFDM66CA,21,228.53,住家用,鋼筋混凝土造,84年6月14日,四層,一層 二層 三層 四層 電梯樓梯間
RPRNMLOKOHLFFAM78CA,19,119.87,住家用,鋼筋混凝土造,86年9月19日,十四層,三層 四層
RPRNMLOKOHLFFAM78CA,19,29.18,見其他登記事項,鋼筋混凝土造,86年9月19日,十四層,
RPSNMLPLNHLFFBM09CA,48,113.28,住家用,鋼筋混凝土加強磚造,56年12月20日,二層,一層 二層
RPRNMLNKOHLFFAM68CA,36,180.96,住商用,鋼筋混凝土加強磚造,69年8月14日,四層,一層 二層 三層 四層 騎樓
RPQNMLQLNHLFFAM88CA,19,119.87,住家用,鋼筋混凝土造,86年9月19日,十四層,三層 四層
RPQNMLQLNHLFFAM88CA,19,30.05,見其他登記事項,鋼筋混凝土造,86年9月19日,十四層,
RPRNMLQLNHLFFAM98CA,1,200.29,住家用,鋼筋混凝土造,104年3月31日,四層,一層 二層 三層 四層
RPWNMLQLNHLFFCM07CA,33,121.79,住家用,加強磚造,72年1月12日,二層,一層 二層 騎樓
RPPOMLQJOHLFFAM78CA,1,201.18,住家用,鋼筋混凝土造,104年5月15日,四層,一層 二層 三層 四層
RPPNMLQJOHLFFEM09CA,12,189.40,農舍,見其他登記事項,93年4月14日,一層,一層
RPPNMLRLNHLFFEM66CA,21,133.89,住家用,鋼筋混凝土造,84年1月10日,三層,一層 二層 三層 屋頂突出物 騎樓
RPQNMLTLNHLFFAM56CA,16,151.87,住家用,鋼筋混凝土造,89年5月19日,三層,一層 二層 三層 屋頂突出物
RPVNMLMJOHLFFAM88CA,22,71.25,住家用,鋼筋混凝土造,82年11月10日,十四層,十三層
RPVNMLMJOHLFFAM88CA,22,12.91,見其他登記事項,鋼筋混凝土造,82年11月10日,十四層,
RPVNMLMJOHLFFAM88CA,22,7.48,見其他登記事項,鋼筋混凝土造,82年11月10日,十四層,
RPVNMLMJOHLFFAM88CA,22,.50,見其他登記事項,鋼筋混凝土造,82年11月10日,十四層,
RPVNMLMJOHLFFAM88CA,22,884.82,見其他登記事項,鋼筋混凝土造,82年11月10日,十四層,
RPTNMLQJOHLFFCM66CA,36,110.11,住商用,加強磚造,69年8月18日,二層,一層 二層 騎樓
RPXNMLPLNHLFFAM86CA,22,163.02,農舍,見其他登記事項,82年10月21日,一層,一層
RPUOMLKMNHLFFAM88CA,25,188.83,住家用,鋼筋混凝土造,80年8月17日,三層,一層 二層 三層
RPOOMLRLNHLFFAM88CA,1,240.62,見其他登記事項,鋼筋混凝土造,104年9月18日,四層,一層 二層 三層 四層 見其他登記事項
RPXNMLPKOHLFFBM96CA,,268.55,見其他登記事項,鋼筋混凝土造,105年2月26日,四層,一層 二層 三層 四層 見其他登記事項
RPTNMLQLNHLFFCM76CA,35,28.35,住商用,鋼筋混凝土造,70年10月1日,四層,一層 二層 三層 四層
RPTNMLQLNHLFFCM76CA,35,28.35,住商用,鋼筋混凝土造,70年10月1日,四層,一層 二層 三層 四層
RPTNMLQLNHLFFCM76CA,35,28.35,住商用,鋼筋混凝土造,70年10月1日,四層,一層 二層 三層 四層
RPSNMLKLOHLFFBM68CA,39,1089.71,見其他登記事項,鋼筋混凝土加強磚造,65年11月15日,二層,一層 二層 騎樓
RPQNMLMJOHLFFBM48CA,,270.05,見其他登記事項,鋼筋混凝土造,105年2月26日,四層,一層 二層 三層 四層 見其他登記事項
RPRNMLMJOHLFFBM58CA,,269.67,見其他登記事項,鋼筋混凝土造,105年2月26日,四層,一層 二層 三層 四層 見其他登記事項
RPVNMLRLNHLFFAM86CA,17,115.87,住商用,見其他登記事項,87年11月21日,二層,一層 二層 騎樓
RPSNMLRLNHLFFAM56CA,36,92.84,住家用,鋼筋混凝土加強磚造,69年5月3日,二層,一層 二層
RPPOMLMJOHLFFAM38CA,1,210.29,見其他登記事項,鋼筋混凝土造,104年3月26日,三層,一層 二層 三層 屋頂突出物
RPSNMLKMNHLFFCM78CA,49,85.27,住商用,磚造,56年1月12日,二層,一層 二層 騎樓
RPRNMLLJOHLFFAM38CA,2,313.81,見其他登記事項,鋼筋混凝土造,103年3月10日,四層,一層 二層 三層 四層
RPSNMLLJOHLFFCM68CA,18,61.45,住家用,鋼筋混凝土造,87年10月19日,二層,一層 二層 屋頂突出物
RPSNMLLJOHLFFCM68CA,18,61.45,住家用,鋼筋混凝土造,87年10月19日,二層,一層 二層 屋頂突出物
RPPNMLTLNHLFFAM09CA,11,91.66,住家用,鋼筋混凝土造,93年12月28日,十二層,四層
RPPNMLTLNHLFFAM09CA,11,13.60,住家用,鋼筋混凝土造,93年12月28日,十二層,
RPPNMLTLNHLFFAM09CA,11,9.31,見其他登記事項,鋼筋混凝土造,93年12月28日,十二層,
RPPOMLSJOHLFFCM56CA,22,87.86,見其他登記事項,鋼筋混凝土造,83年1月14日,十一層,二層
RPPNMLLMNHLFFAM48DA,12,42.70,住家用,鋼筋混凝土造,93年1月29日,三層,一層
RPPNMLLMNHLFFAM48DA,12,80.78,住家用,鋼筋混凝土造,93年1月29日,三層,二層 三層
RPPNMLLMNHLFFAM48DA,12,8.19,住家用,鋼筋混凝土造,93年1月29日,三層,
RPTNMLKMNHLFFDM98CA,16,68.28,住商用,鋼筋混凝土造,89年9月22日,二層,一層 二層
RPOOMLLLOHLFFAM38CA,31,87.56,住家用,加強磚造,74年11月1日,二層,一層 二層
RPOOMLSJOHLFFCM09CA,20,101.62,商業用,鋼筋混凝土造,84年11月22日,十二層,一層 騎樓
RPOOMLSJOHLFFCM09CA,20,27.40,見其他登記事項,鋼筋混凝土造,84年11月22日,十二層,
RPOOMLSJOHLFFCM09CA,20,105.79,見其他登記事項,鋼筋混凝土造,84年11月22日,十二層,二層
RPOOMLSJOHLFFCM09CA,20,23.93,見其他登記事項,鋼筋混凝土造,84年11月22日,十二層,
RPPNMLTLNHLFFBM56CA,21,85.74,住家用,鋼筋混凝土造,83年10月29日,八層,八層
RPPNMLTLNHLFFBM56CA,21,32.83,見其他登記事項,鋼筋混凝土造,83年10月29日,八層,
RPSNMLOJOHLFFBM88CA,19,126.60,住家用,鋼筋混凝土造,86年6月30日,三層,一層 二層 三層
RPSNMLOJOHLFFBM88CA,19,.18,見其他登記事項,鋼筋混凝土造,86年6月30日,一層,
RPSNMLOJOHLFFBM88CA,19,37.13,停車空間,鋼筋混凝土造,86年6月30日,地下層,
RPPNMLRJOHLFFDM09CA,14,286.06,住家用,鋼筋混凝土造,91年10月23日,三層,
RPWNMLLMNHLFFCM66CA,1,202.90,住家用,鋼筋混凝土造,104年4月22日,三層,一層 二層 三層
RPPNMLRKOHLFFAM88CA,29,181.58,見其他登記事項,見其他登記事項,76年2月18日,三層,一層 二層 三層 騎樓
RPPNMLPKOHLFFEM09CA,14,134.39,住家用,鋼筋混凝土造,91年3月4日,三層,一層 二層 三層
RPPNMLLMNHLFFBM48CA,1,236.14,住家用,鋼筋混凝土造,104年1月30日,四層,一層 二層 三層 四層
RPVNMLNJOHLFFCM66DA,10,171.13,住家用,鋼骨鋼筋混凝土造,95年8月25日,三層,一層 二層 三層
RPTNMLRKOHLFFAM76DA,15,156.67,住家用,鋼筋混凝土造,90年3月12日,三層,一層 二層 三層 屋頂突出物
RPRNMLOJOHLFFEM09CA,19,153.62,住家用,鋼筋混凝土造,86年2月15日,四層,一層 二層 三層 四層
RPSNMLPKOHLFFDM66CA,16,77.47,住家用,鋼筋混凝土造,89年8月4日,五層,二層
RPSNMLPKOHLFFDM66CA,16,19.55,見其他登記事項,鋼筋混凝土造,89年8月4日,五層,
RPQNMLMJOHLFFDM68CA,16,178.50,住商用,鋼筋混凝土造,89年10月4日,三層,一層 二層 三層 騎樓
RPPOMLLMNHLFFCM68CA,19,182.18,農舍,見其他登記事項,85年12月9日,二層,一層 二層
RPPOMLLMNHLFFCM68CA,19,182.18,農舍,見其他登記事項,85年12月9日,二層,一層 二層
RPQOMLOKOHLFFDM09CA,37,239.25,住家用,鋼筋混凝土加強磚造,68年6月14日,三層,一層 二層 三層 騎樓
RPQNMLQKOHLFFAM88CA,17,76.63,住家用,鋼筋混凝土造,88年2月12日,十二層,五層
RPQNMLQKOHLFFAM88CA,17,19.39,見其他登記事項,鋼筋混凝土造,88年2月12日,十二層,
RPPNMLQJOHLFFBM78CA,21,61.85,住家用,鋼筋混凝土造,83年10月21日,七層,二層
RPPNMLQJOHLFFBM78CA,21,20.64,共有部份,鋼筋混凝土造,83年10月21日,七層,
RPSNMLSJOHLFFBM66CA,1,318.31,見其他登記事項,鋼筋混凝土造,104年7月14日,四層,一層 二層 三層 四層 見其他登記事項
RPTNMLMJOHLFFCM88CA,15,149.13,見其他登記事項,鋼筋混凝土造,90年6月1日,三層,一層 二層 三層 屋頂突出物 騎樓
RPQNMLMJOHLFFCM58CA,15,124.44,住商用,鋼筋混凝土造,90年4月10日,三層,一層 二層 三層 屋頂突出物
RPTNMLQKOHLFFBM66CA,20,78.14,住家用,鋼筋混凝土造,84年12月20日,七層,三層
RPTNMLQKOHLFFBM66CA,20,32.01,見其他登記事項,鋼筋混凝土造,84年12月20日,七層,
RPQNMLNJOHLFFCM68CA,22,212.32,住家用,鋼筋混凝土造,82年11月15日,四層,一層 二層 三層 四層
RPQNMLNKOHLFFBM68CA,24,202.06,住商用,鋼筋混凝土造,81年1月8日,三層,一層 二層 三層 騎樓
RPVNMLLJOHLFFCM09DA,36,193.23,住商用,鋼筋混凝土造,68年11月30日,二層,一層 二層 騎樓
RPWNMLKLOHLFFCM56CA,21,173.20,見其他登記事項,鋼筋混凝土造,84年9月7日,九層,七層 八層
RPWNMLKLOHLFFCM56CA,21,84.42,見其他登記事項,鋼筋混凝土造,84年9月7日,九層,
RPXNMLKLOHLFFCM66CA,21,173.20,見其他登記事項,鋼筋混凝土造,84年9月7日,九層,七層 八層
RPXNMLKLOHLFFCM66CA,21,84.42,見其他登記事項,鋼筋混凝土造,84年9月7日,九層,
RPTNMLOJOHLFFEM66CA,19,268.80,農舍,鋼筋混凝土造,85年12月27日,三層,一層 二層 三層
RPUNMLSLOHLFFCM17CA,20,176.77,住商用,鋼筋混凝土造,85年9月18日,四層,一層 二層 三層 四層
RPSNMLKLOHLFFCM78CA,21,110.91,見其他登記事項,鋼筋混凝土造,84年9月7日,九層,六層
RPSNMLKLOHLFFCM78CA,21,53.93,見其他登記事項,鋼筋混凝土造,84年9月7日,九層,
RPVNMLKLOHLFFCM09CA,21,154.62,見其他登記事項,鋼筋混凝土造,84年9月7日,九層,六層
RPVNMLKLOHLFFCM09CA,21,68.38,見其他登記事項,鋼筋混凝土造,84年9月7日,九層,
RPRNMLQKOHLFFAM98CA,38,63.00,住家用,鋼筋混凝土加強磚造,67年11月6日,一層,一層
RPRNMLQJOHLFFCM09CA,37,81.68,住家用,鋼筋混凝土加強磚造,68年6月26日,二層,一層 二層
RPWNMLMJOHLFFAM98CA,1,314.38,住家用,鋼筋混凝土造,104年4月30日,二層,一層 二層
RPWNMLMJOHLFFAM98CA,1,2.23,住家用,鋼筋混凝土造,104年4月30日,一層,
RPRNMLQJOHLFFAM88CA,22,176.58,住家用,鋼筋混凝土造,82年12月8日,三層,一層 二層 三層 屋頂突出物 地下層
RPRNMLQJOHLFFAM88CA,22,7.90,見其他登記事項,鋼筋混凝土造,82年12月8日,十層,
RPTNMLOJOHLFFBM98CA,25,12.18,見其他登記事項,鋼筋混凝土造,80年9月20日,十一層,
RPTNMLOJOHLFFBM98CA,25,89.34,住家用,鋼筋混凝土造,80年9月20日,十一層,六層
RPTNMLOJOHLFFBM98CA,25,13.68,見其他登記事項,鋼筋混凝土造,80年9月20日,十一層,
RPTNMLOJOHLFFBM98CA,25,9.42,見其他登記事項,鋼筋混凝土造,80年9月20日,十一層,
RPTNMLOJOHLFFBM98CA,25,10.19,見其他登記事項,鋼筋混凝土造,80年9月20日,十一層,
RPSNMLQJOHLFFCM56CA,36,278.79,住商用,鋼筋混凝土造,69年1月15日,三層,一層 二層 三層 騎樓
RPXNMLQJOHLFFCM07CA,,72.10,住家用,磚造,,一層,一層
RPOOMLOJOHLFFCM68CA,14,176.54,住商用,鋼筋混凝土造,90年12月5日,三層,一層 二層 三層 屋頂突出物
RPVNMLNLOHLFFBM66CA,1,254.90,見其他登記事項,鋼筋混凝土造,104年8月14日,三層,一層 二層 三層 見其他登記事項
RPPNMLSLOHLFFAM09CA,38,296.30,住家用,鋼筋混凝土加強磚造,67年10月16日,三層,一層 二層 三層 騎樓
RPPNMLSLOHLFFAM09CA,38,166.05,住商用,鋼筋混凝土加強磚造,67年10月16日,三層,一層 二層 三層 騎樓
RPPNMLMLOHLFFEM88CA,21,154.16,住家用,鋼筋混凝土造,84年10月9日,三層,一層 二層 三層 屋頂突出物
RPUNMLSJOHLFFDM07CA,34,108.36,住商用,鋼筋混凝土加強磚造,71年3月18日,二層,一層 二層 騎樓
RPXNMLOJOHLFFCM86CA,34,65.95,住家用,鋼筋混凝土造,71年2月27日,二層,一層 二層
RPPNMLNKOHLFFCM68CA,27,41.42,見其他登記事項,鋼筋混凝土造,78年8月21日,四層,一層 二層 三層 四層 騎樓
RPQNMLMLOHLFFAM58CA,39,66.96,住家用,見其他登記事項,65年12月10日,一層,一層
RPUNMLQJOHLFFAM56CA,14,182.55,住家用,鋼筋混凝土造,90年12月12日,四層,一層 二層 三層 四層
RPPNMLSJOHLFFBM98CA,19,107.00,見其他登記事項,鋼筋混凝土造,85年12月7日,八層,八層
RPPNMLSJOHLFFBM98CA,19,34.06,見其他登記事項,鋼筋混凝土造,85年12月7日,八層,
RPQNMLSLOHLFFBM66CA,12,201.78,住家用,鋼筋混凝土造,93年5月28日,三層,一層 二層 三層 屋頂突出物
RPQNMLSJOHLFFBM09CA,22,109.43,住家用,鋼筋混凝土造,83年3月10日,七層,七層
RPQNMLSJOHLFFBM09CA,22,57.23,見其他登記事項,鋼筋混凝土造,83年3月10日,七層,
RPVNMLRKOHLFFAM86CA,,228.27,見其他登記事項,鋼筋混凝土造,104年11月19日,四層,一層 二層 三層 四層 騎樓
RPTNMLSJOHLFFCM86CA,20,78.22,見其他登記事項,鋼筋混凝土造,85年2月9日,十五層,十二層
RPTNMLSJOHLFFCM86CA,20,19.47,見其他登記事項,鋼筋混凝土造,85年2月9日,十五層,
RPRNMLSJOHLFFDM76CA,35,121.70,住家用,鋼筋混凝土加強磚造,69年12月1日,二層,一層 二層 騎樓
RPRNMLSJOHLFFDM76CA,35,127.32,住商用,鋼筋混凝土加強磚造,69年12月31日,二層,一層 二層 騎樓
RPRNMLLKOHLFFDM78CA,21,215.14,住家用,鋼筋混凝土造,84年1月19日,四層,一層 二層 三層 四層
RPQNMLQKOHLFFEM66CA,35,110.21,住商用,鋼筋混凝土加強磚造,70年2月10日,二層,一層 二層 騎樓
RPRNMLSLOHLFFAM66CA,36,78.61,住商用,鋼筋混凝土加強磚造,69年7月2日,二層,一層 二層
RPVNMLLLOHLFFCM56CA,16,27.21,見其他登記事項,鋼筋混凝土造,88年12月2日,七層,
RPVNMLLLOHLFFCM56CA,16,372.13,商業用,鋼筋混凝土造,88年12月2日,七層,一層 二層 三層 騎樓
RPVNMLLLOHLFFCM56CA,16,169.30,見其他登記事項,鋼筋混凝土造,88年12月2日,七層,
RPVNMLSJOHLFFDM17CA,28,297.42,住商用,鋼筋混凝土加強磚造,77年3月9日,四層,一層 二層 三層 四層 騎樓
RPSNMLSJOHLFFCM76CA,27,117.16,住家用,鋼筋混凝土造,77年11月4日,二層,一層 二層
RPUNMLOKOHLFFCM66CA,27,153.12,住家用,鋼筋混凝土造,78年7月13日,二層,一層 二層
RPPNMLKKOHLFFBM28CA,24,87.38,住家用,鋼筋混凝土造,80年11月15日,七層,七層
RPPNMLKKOHLFFBM28CA,24,24.72,見其他登記事項,鋼筋混凝土造,80年11月15日,七層,
RPWNMLNLOHLFFBM76CA,1,255.01,見其他登記事項,鋼筋混凝土造,104年8月14日,三層,一層 二層 三層 見其他登記事項
RPXNMLNLOHLFFBM86CA,1,254.90,見其他登記事項,鋼筋混凝土造,104年8月14日,三層,一層 二層 三層 見其他登記事項
RPSNMLOKOHLFFBM98CA,1,173.51,住家用,鋼筋混凝土造,104年4月20日,四層,一層 二層 三層 四層
RPSNMLQKOHLFFCM66CA,17,191.16,住家用,鋼筋混凝土造,87年11月6日,四層,一層 二層 三層 四層
RPROMLOKOHLFFDM56CA,1,201.36,見其他登記事項,鋼筋混凝土造,104年2月11日,三層,一層 二層 三層 屋頂突出物
RPRNMLKLOHLFFDM78CA,14,198.68,住商用,鋼筋混凝土造,91年5月17日,三層,一層 二層 三層 屋頂突出物
SPROMLOKOHLFFDM66CA,1,201.36,見其他登記事項,鋼筋混凝土造,104年2月11日,三層,一層 二層 三層 屋頂突出物
RPQNMLNKOHLFFDM88CA,43,308.76,住工用,磚造,62年4月16日,一層,一層
RPPNMLPKOHLFFCM88CA,8,110.33,見其他登記事項,鋼筋混凝土造,97年9月16日,二層,一層 二層
RPWNMLOKOHLFFDM96CA,28,279.29,住商用,鋼筋混凝土加強磚造,77年3月9日,四層,一層 二層 三層 四層 騎樓
RPTNMLOKOHLFFCM56CA,17,262.05,見其他登記事項,鋼筋混凝土造,87年12月31日,八層,一層 二層 騎樓
RPTNMLOKOHLFFCM56CA,17,100.72,見其他登記事項,鋼筋混凝土造,87年12月31日,八層,
RPQNMLPKOHLFFAM78CA,23,393.87,見其他登記事項,鋼筋混凝土造,82年3月17日,二層,一層 二層 電梯樓梯間
RPPNMLOKOHLFFAM58CA,3,266.20,見其他登記事項,鋼筋混凝土造,102年10月4日,四層,一層 二層 三層 四層 騎樓
RPTNMLNKOHLFFBM98CA,26,87.32,農舍,鋼筋混凝土造,78年11月27日,二層,一層 二層
RPTNMLRLOHLFFCM96CA,21,133.18,住家用,鋼筋混凝土造,84年9月14日,三層,一層 二層 三層
RPSNMLRLOHLFFCM86CA,21,133.18,住家用,鋼筋混凝土造,84年9月14日,三層,一層 二層 三層
RPVNMLLLOHLFFBM09CA,33,79.20,住家用,鋼筋混凝土造,72年4月12日,四層,二層
RPVNMLLLOHLFFBM09CA,33,5.40,國民住宅,鋼筋混凝土造,72年4月12日,四層,
RPVNMLLLOHLFFBM09CA,33,1.68,國民住宅,鋼筋混凝土造,72年4月12日,四層,
RPVNMLLLOHLFFBM09CA,33,.84,國民住宅,鋼筋混凝土造,72年4月12日,四層,
RPQNMLOKOHLFFBM78CA,1,195.92,見其他登記事項,鋼筋混凝土造,104年7月7日,四層,一層 二層 三層 四層
RPPNMLNLOHLFFBM68CA,1,63.11,見其他登記事項,鋼筋混凝土造,104年10月16日,十一層,六層
RPPNMLNLOHLFFBM68CA,1,67.12,見其他登記事項,鋼筋混凝土造,104年10月16日,十一層,
RPPNMLKLOHLFFBM38CA,1,159.97,見其他登記事項,鋼筋混凝土造,104年1月15日,三層,一層 二層 三層 騎樓 見其他登記事項
RPSNMLQKOHLFFBM56CA,38,184.41,住商用,鋼筋混凝土加強磚造,67年10月13日,三層,一層 二層 三層 騎樓
RPVNMLPKOHLFFAM66CA,31,75.38,住商用,鋼筋混凝土加強磚造,74年10月30日,三層,一層 二層 三層
RPQNMLOLOHLFFAM78CA,22,178.24,見其他登記事項,鋼筋混凝土造,83年10月22日,三層,一層 二層 三層 騎樓
RPQNMLMKPHLFFAM58CA,22,91.25,住家用,鋼筋混凝土造,83年11月9日,十六層,十二層
RPPNMLKLOHLFFAM28CA,37,135.60,住家用,加強磚造,68年10月8日,二層,一層 二層
RPSNMLTLOHLFFCM07CA,15,319.20,農舍,鋼筋混凝土造,90年3月7日,二層,一層 二層 屋頂突出物
RPQNMLRKOHLFFCM66DA,35,18.21,住家用,加強磚造,70年1月23日,一層,一層
RPTNMLQKOHLFFCM76CA,22,81.78,見其他登記事項,鋼筋混凝土造,83年1月14日,十一層,四層
RPTNMLQKOHLFFCM76CA,22,21.06,見其他登記事項,鋼筋混凝土造,83年1月14日,十一層,
RPPNMLQKOHLFFEM66DA,9,451.55,見其他登記事項,見其他登記事項,96年3月28日,四層,一層 二層 三層 四層
RPWNMLPKOHLFFDM07CA,46,182.01,住商用,鋼筋混凝土加強磚造,58年12月23日,三層,一層 二層 三層 騎樓
RPVNMLQKOHLFFCM96CA,36,19.27,住家用,加強磚造,69年7月3日,一層,一層
RPRNMLRKOHLFFBM56CA,37,143.34,住家用,鋼筋混凝土造,68年10月6日,三層,一層 二層 三層
RPSNMLRKOHLFFAM56CA,23,152.25,住家用,鋼筋混凝土造,82年1月19日,三層,一層 二層 三層 屋頂突出物
RPTNMLRKOHLFFCM86CA,23,177.27,住家用,鋼筋混凝土造,82年5月10日,三層,一層 二層 三層
RPPNMLOLOHLFFBM78CA,22,105.35,住家用,鋼筋混凝土造,83年3月10日,七層,四層
RPPNMLOLOHLFFBM78CA,22,39.34,見其他登記事項,鋼筋混凝土造,83年3月10日,七層,
RPTNMLNLOHLFFBM09CA,10,192.00,住家用,鋼筋混凝土造,95年10月18日,三層,一層 二層 三層 屋頂突出物
RPUNMLTLOHLFFBM17CA,1,162.18,見其他登記事項,鋼筋混凝土造,104年1月15日,三層,一層 二層 三層 騎樓 見其他登記事項
RPQNMLKLOHLFFCM58CA,21,123.95,見其他登記事項,鋼筋混凝土造,83年12月31日,十二層,九層
RPQNMLKLOHLFFCM58CA,21,27.40,見其他登記事項,鋼筋混凝土造,83年12月31日,十二層,
RPPNMLTKOHLFFAM09CA,12,226.43,見其他登記事項,鋼筋混凝土造,93年6月4日,四層,一層 二層 三層 四層 屋頂突出物
RPPNMLTKOHLFFCM66CA,35,20.46,住家用,加強磚造,70年1月23日,一層,一層
RPPNMLRKOHLFFCM09CA,46,47.20,住家用,鋼筋混凝土加強磚造,59年1月1日,一層,一層
RPSNMLRLOHLFFAM66CA,23,142.11,住家用,鋼筋混凝土造,81年12月21日,三層,一層 二層 三層
RPUNMLLKPHLFFCM09CA,,226.03,住家用,鋼筋混凝土造,105年4月6日,四層,一層 二層 三層 四層
RPUNMLKLOHLFFDM09CA,,147.28,住家用,鋼筋混凝土造,104年12月25日,三層,一層 二層 三層
RPTNMLKLOHLFFDM98CA,,147.28,住家用,鋼筋混凝土造,104年12月25日,三層,一層 二層 三層
RPUOMLKLOHLFFAM88CA,23,95.90,見其他登記事項,鋼筋混凝土造,82年11月10日,十四層,一層 二層 騎樓
RPSNMLMLOHLFFAM88DA,13,160.27,住家用,鋼筋混凝土造,92年1月9日,二層,一層 二層 屋頂突出物
RPPNMLOLOHLFFCM88CA,20,88.54,見其他登記事項,鋼筋混凝土造,85年2月9日,十五層,八層
RPPNMLOLOHLFFCM88CA,20,16.73,見其他登記事項,鋼筋混凝土造,85年2月9日,十五層,
RPUNMLMLOHLFFAM09DA,15,89.90,住家用,鋼筋混凝土造,90年8月15日,三層,一層 二層 三層 屋頂突出物
RPQNMLKLOHLFFDM68CA,38,100.92,住商用,鋼筋混凝土加強磚造,67年7月13日,二層,一層 二層 騎樓
RPQNMLKLOHLFFBM58DA,20,92.63,住商用,鋼筋混凝土造,85年12月7日,八層,一層 二層 騎樓
RPQNMLKLOHLFFBM58DA,20,38.98,見其他登記事項,鋼筋混凝土造,85年12月7日,八層,
RPPNMLRKOHLFFDM56CA,36,119.70,住家用,鋼筋混凝土加強磚造,69年1月20日,二層,一層 二層
RPPNMLOLOHLFFDM98CA,20,79.40,見其他登記事項,鋼筋混凝土造,85年3月21日,八層,七層
RPPNMLOLOHLFFDM98CA,20,18.22,見其他登記事項,鋼筋混凝土造,85年3月21日,八層,
RPPNMLOLOHLFFDM98CA,20,12.29,見其他登記事項,鋼筋混凝土造,85年3月21日,八層,
RPQNMLTLOHLFFBM86DA,23,97.55,住家用,鋼筋混凝土造,82年3月12日,七層,二層 見其他登記事項
RPQNMLTLOHLFFBM86DA,23,21.08,見其他登記事項,鋼筋混凝土造,82年3月12日,七層,
RPVNMLRJPHLFFCM07CA,31,102.80,住家用,鋼筋混凝土造,74年5月22日,二層,一層 二層
RPTNMLKLOHLFFAM68CA,33,46.90,住家用,鋼筋混凝土造,72年1月6日,二層,一層 二層 騎樓
RPQNMLQLOHLFFDM66CA,25,142.39,住家用,鋼筋混凝土造,80年11月1日,二層,一層 二層 騎樓
RPTNMLQJPHLFFAM56CA,44,103.55,商業用,鋼筋混凝土加強磚造,61年8月4日,三層,一層 二層 三層
RPSNMLLLOHLFFBM78CA,22,25.25,住家用,鋼筋混凝土造,83年7月21日,十三層,十一層
RPSNMLLLOHLFFBM78CA,22,14.15,見其他登記事項,鋼筋混凝土造,83年7月21日,十三層,
RPQNMLLLOHLFFBM58CA,1,173.51,住家用,鋼筋混凝土造,104年4月20日,四層,一層 二層 三層 四層
RPRNMLRLOHLFFAM56CA,22,248.88,住家用,鋼筋混凝土造,83年8月25日,四層,一層 二層 三層 四層 屋頂突出物 地下層
RPRNMLRLOHLFFAM56CA,22,259.02,住家用,鋼筋混凝土造,83年8月25日,四層,一層 二層 三層 四層 屋頂突出物 地下層
RPPNMLKKPHLFFBM38CA,4,287.40,農舍,見其他登記事項,101年2月1日,二層,一層 二層
RPRNMLMKQHLFFEM56CA,22,273.33,住商用,鋼筋混凝土造,83年3月10日,三層,一層 二層 三層 騎樓
RPRNMLMLOHLFFDM98CA,22,82.92,住家用,鋼筋混凝土造,83年5月24日,五層,一層
RPRNMLMLOHLFFAM68CA,27,1774.54,見其他登記事項,見其他登記事項,77年11月17日,一層,一層 地下層
RPWNMLLLOHLFFAM09CA,21,169.48,住家用,鋼筋混凝土造,84年9月6日,三層,一層 二層 三層 屋頂突出物 騎樓
RPSNMLOLOHLFFAM98CA,,259.42,見其他登記事項,鋼筋混凝土造,104年11月20日,三層,一層 二層 三層 見其他登記事項
RPSNMLOLOHLFFAM98CA,,.32,見其他登記事項,鋼筋混凝土造,104年11月20日,一層,
RPQNMLNLOHLFFBM78CA,31,148.41,住商用,鋼筋混凝土加強磚造,74年3月26日,二層,一層 二層 騎樓 夾層
RPSNMLNLOHLFFBM98CA,17,101.61,住家用,鋼筋混凝土造,88年2月12日,九層,九層
RPSNMLNLOHLFFBM98CA,17,49.14,見其他登記事項,鋼筋混凝土造,88年2月12日,九層,
RPRNMLMLOHLFFBM78CA,27,119.84,住家用,加強磚造,78年7月4日,二層,一層 二層
RPRNMLNLOHLFFBM88CA,22,168.17,住家用,鋼筋混凝土造,83年2月7日,四層,一層 二層 三層 四層
RPPNMLRLOHLFFAM98CA,,170.71,住家用,鋼筋混凝土造,105年1月25日,四層,一層 二層 三層 四層
RPPNMLPLOHLFFBM88CA,22,203.59,住家用,鋼筋混凝土造,83年11月5日,五層,一層 二層 三層 四層 五層
RPPNMLSKPHLFFAM09CA,,412.09,見其他登記事項,鋼筋混凝土造,105年3月15日,四層,一層 二層 三層 四層
RPQNMLPKPHLFFAM88CA,,221.70,見其他登記事項,鋼筋混凝土造,104年11月20日,三層,一層 二層 三層 見其他登記事項
RPQNMLPKPHLFFAM88CA,,.32,見其他登記事項,鋼筋混凝土造,104年11月20日,一層,
RPPNMLTLOHLFFAM56CA,,334.05,見其他登記事項,鋼筋混凝土造,104年11月20日,四層,一層 二層 三層 四層
RPPNMLTLOHLFFAM56CA,,.32,見其他登記事項,鋼筋混凝土造,104年11月20日,一層,
RPSNMLSLOHLFFDM07CA,35,108.46,住商用,鋼筋混凝土加強磚造,70年5月15日,二層,一層 二層 騎樓
RPQNMLTLOHLFFAM66CA,46,101.68,住家用,加強磚造,59年8月1日,二層,一層 二層
RPWNMLOLOHLFFCM07DA,32,182.00,住家用,鋼筋混凝土加強磚造,73年3月15日,二層,一層 二層
RPXNMLOLOHLFFCM17DA,14,162.88,住商用,鋼筋混凝土造,90年12月5日,三層,一層 二層 三層 屋頂突出物
RPVNMLSLOHLFFCM37DA,20,78.22,見其他登記事項,鋼筋混凝土造,85年2月9日,十五層,六層
RPVNMLSLOHLFFCM37DA,20,19.47,見其他登記事項,鋼筋混凝土造,85年2月9日,十五層,
RPXNMLKLPHLFFBM66CA,2,218.27,住家用,鋼筋混凝土造,103年8月27日,四層,一層 二層 三層 四層
RPPNMLSLOHLFFEM86CA,22,119.25,住家用,鋼筋混凝土造,82年12月17日,三層,一層 二層 三層
RPVNMLTKPHLFFCM37CA,22,86.58,見其他登記事項,鋼筋混凝土造,83年1月14日,十一層,七層
RPVNMLTKPHLFFCM37CA,22,23.73,見其他登記事項,鋼筋混凝土造,83年1月14日,十一層,
RPWNMLQJPHLFFCM07CA,34,85.45,住家用,鋼筋混凝土造,71年3月31日,二層,一層 二層
RPWNMLQJPHLFFCM07CA,34,4.30,見其他登記事項,鋼筋混凝土造,71年3月31日,三層,
RPUNMLTKPHLFFCM27CA,16,361.94,農舍,見其他登記事項,89年7月25日,二層,一層 二層
RPRNMLLJPHLFFEM88CA,34,106.66,住家用,鋼筋混凝土加強磚造,71年8月1日,二層,一層 二層 地下層
RPRNMLLJPHLFFEM88CA,,103.28,住家用,鋼筋混凝土加強磚造,,二層,一層 二層 地下層
RPRNMLSLOHLFFCM86CA,49,93.15,住家用,鋼筋混凝土加強磚造,56年2月20日,二層,一層 二層
RPSNMLQJPHLFFDM76CA,42,188.40,住商用,鋼筋混凝土加強磚造,63年11月25日,三層,一層 二層 三層 騎樓
RPQNMLPKPHLFFBM98CA,37,95.63,住家用,鋼筋混凝土加強磚造,68年11月23日,二層,一層 二層
RPUNMLSLOHLFFBM07CA,8,174.40,住家用,鋼筋混凝土造,97年6月19日,四層,一層 二層 三層 四層
RPPNMLTLOHLFFBM66CA,48,73.80,住家用,鋼筋混凝土加強磚造,57年4月5日,二層,一層 二層
RPPNMLRLOHLFFCM56CA,21,154.62,見其他登記事項,鋼筋混凝土造,84年9月7日,九層,七層
RPPNMLRLOHLFFCM56CA,21,68.38,見其他登記事項,鋼筋混凝土造,84年9月7日,九層,
RPOOMLKMOHLFFAM38CA,18,131.84,住家用,鋼筋混凝土造,87年4月20日,三層,一層 二層 三層
RPQNMLPJPHLFFAM78CA,54,254.42,住家用,鋼筋混凝土加強磚造,51年8月24日,三層,一層 二層 三層 騎樓
RPSNMLQJPHLFFAM09CA,3,343.71,住家用,鋼筋混凝土造,101年12月27日,四層,一層 二層 三層 四層
RPVNMLRLOHLFFCM17CA,42,64.40,住家用,鋼筋混凝土加強磚造,63年1月4日,二層,一層 二層
RPPNMLOLOHLFFAM68CA,21,241.17,見其他登記事項,鋼筋混凝土造,84年6月9日,四層,一層 二層 三層 四層 屋頂突出物 地下層
RPSNMLPJPHLFFCM56CA,10,174.44,住家用,鋼筋混凝土造,95年7月20日,四層,一層 二層 三層 四層
RPSNMLSLOHLFFCM96CA,41,70.02,住家用,鋼筋混凝土加強磚造,64年6月13日,二層,一層 二層
RPRNMLKMOHLFFEM98CA,20,152.92,住家用,鋼筋混凝土造,85年4月15日,三層,一層 二層 三層
RPOOMLQJPHLFFBM88CA,2,203.14,見其他登記事項,鋼筋混凝土造,103年9月2日,三層,一層 二層 三層 見其他登記事項
RPTNMLLKPHLFFBM88CA,2,206.26,見其他登記事項,鋼筋混凝土造,103年6月25日,三層,一層 二層 三層 見其他登記事項
RPRNMLLKPHLFFAM58CA,23,145.53,住家用,鋼筋混凝土造,82年9月1日,三層,一層 二層 三層 屋頂突出物 騎樓
RPPNMLTKPHLFFBM66CA,20,77.22,住家用,鋼筋混凝土造,84年12月15日,十二層,四層
RPPNMLTKPHLFFBM66CA,20,17.65,見其他登記事項,鋼筋混凝土造,84年12月15日,十二層,
RPPNMLMKPHLFFBM58CA,1,207.09,見其他登記事項,鋼筋混凝土造,104年10月8日,三層,一層 二層 三層 見其他登記事項
RPTNMLTLOHLFFAM96CA,35,87.27,住商用,鋼筋混凝土加強磚造,70年7月21日,二層,一層 二層 騎樓
RPRNMLNKPHLFFAM78CA,28,109.13,住家用,鋼筋混凝土加強磚造,77年9月17日,二層,一層 二層
RPRNMLRJPHLFFBM56CA,27,179.48,住商用,鋼筋混凝土造,78年5月10日,三層,一層 二層 三層 騎樓
RPXNMLKLPHLFFAM56CA,22,88.89,住家用,鋼筋混凝土造,83年10月7日,十一層,十層
RPXNMLKLPHLFFAM56CA,22,35.19,見其他登記事項,鋼筋混凝土造,83年10月7日,十一層,
RPSNMLKLPHLFFAM68CA,21,181.77,住商用,鋼筋混凝土造,83年12月14日,三層,一層 二層 三層 屋頂突出物 騎樓
RPSNMLLJPHLFFCM78CA,22,103.69,住家用,鋼筋混凝土造,83年8月13日,十五層,七層
RPPNMLOJPHLFFAM58CA,1,156.69,住家用,鋼筋混凝土造,104年4月22日,三層,一層 二層 三層
RPQNMLOJPHLFFAM68CA,1,152.11,住家用,鋼筋混凝土造,104年4月22日,三層,一層 二層 三層
RPQNMLNKPHLFFBM78CA,3,159.75,見其他登記事項,鋼筋混凝土造,102年6月26日,三層,一層 二層 三層 見其他登記事項
RPPNMLOJPHLFFDM88CA,18,85.50,見其他登記事項,鋼筋混凝土造,87年11月17日,八層,三層
RPPNMLOJPHLFFDM88CA,18,22.45,見其他登記事項,鋼筋混凝土造,87年11月17日,八層,
RPWNMLSLOHLFFAM27DA,24,87.41,住家用,鋼筋混凝土造,81年9月10日,五層,四層
RPWNMLSLOHLFFAM27DA,24,16.80,見其他登記事項,鋼筋混凝土造,81年9月10日,五層,
RPUNMLKMOHLFFAM98DA,3,197.97,住家用,鋼筋混凝土造,102年6月5日,四層,一層 二層 三層 四層
RPSNMLSKPHLFFDM07CA,35,136.72,住商用,加強磚造,69年12月15日,二層,一層 二層 騎樓
RPRNMLPJPHLFFDM66DA,26,237.86,農舍,加強磚造,79年10月24日,二層,一層 二層 騎樓
RPVNMLLKPHLFFCM56CA,,226.03,住家用,鋼筋混凝土造,105年4月6日,四層,一層 二層 三層 四層
RPUNMLLJPHLFFCM98CA,20,19.47,見其他登記事項,鋼筋混凝土造,85年2月9日,十五層,
RPUNMLLJPHLFFCM98CA,20,78.22,見其他登記事項,鋼筋混凝土造,85年2月9日,十五層,十層
RPPNMLKMOHLFFDM78DA,23,73.96,住商用,鋼筋混凝土造,82年5月20日,三層,一層 二層 三層 騎樓
RPRNMLTLOHLFFDM07CA,23,189.93,住家用,鋼筋混凝土造,82年6月28日,三層,一層 二層 三層
RPPNMLKMOHLFFAM38CA,1,203.84,住家用,鋼筋混凝土造,104年3月31日,四層,一層 二層 三層 四層
RPQNMLKMOHLFFDM88DA,23,71.90,住商用,鋼筋混凝土造,82年5月20日,三層,一層 二層 三層 騎樓
RPTNMLKMOHLFFAM78CA,37,86.41,住家用,鋼筋混凝土加強磚造,68年5月31日,二層,一層 二層
RPSNMLKMOHLFFAM68CA,21,211.09,住家用,鋼筋混凝土造,84年9月15日,三層,一層 二層 三層 屋頂突出物 地下層
RPSNMLKMOHLFFAM68CA,21,15.09,住家用,鋼筋混凝土造,84年9月15日,三層,
RPRNMLOJPHLFFBM88CA,22,80.30,住家用,鋼筋混凝土造,83年3月10日,七層,四層
RPRNMLOJPHLFFBM88CA,22,34.43,見其他登記事項,鋼筋混凝土造,83年3月10日,七層,
RPVNMLTLOHLFFBM27CA,12,115.37,見其他登記事項,鋼筋混凝土造,93年2月5日,七層,六層
RPVNMLTLOHLFFBM27CA,12,68.90,見其他登記事項,鋼筋混凝土造,93年2月5日,七層,
RPQNMLKMOHLFFBM58CA,22,33.69,住家用,鋼筋混凝土造,83年3月16日,七層,二層
RPQNMLKMOHLFFBM58CA,22,10.52,見其他登記事項,鋼筋混凝土造,83年3月16日,七層,
RPUNMLOJPHLFFBM56CA,,212.93,見其他登記事項,鋼筋混凝土造,105年1月15日,三層,一層 二層 三層 見其他登記事項
RPWNMLOJPHLFFBM76CA,1,173.51,住家用,鋼筋混凝土造,104年4月20日,四層,一層 二層 三層 四層
RPWNMLQJPHLFFBM96CA,21,107.27,住家用,鋼筋混凝土造,84年9月21日,八層,八層
RPWNMLQJPHLFFBM96CA,21,31.18,見其他登記事項,鋼筋混凝土造,84年9月21日,八層,
RPWNMLMKPHLFFAM56CA,30,113.27,住商用,鋼筋混凝土造,75年5月12日,二層,一層 二層 騎樓
RPXNMLQJPHLFFBM07CA,36,257.40,住商用,鋼筋混凝土造,68年11月20日,四層,一層 二層 三層 四層 騎樓
RPPNMLLKPHLFFBM48CA,22,61.85,住家用,鋼筋混凝土造,83年10月21日,七層,七層
RPPNMLLKPHLFFBM48CA,22,20.00,共有部份,鋼筋混凝土造,83年10月21日,七層,
RPTNMLRJPHLFFAM66CA,2,192.00,見其他登記事項,見其他登記事項,103年4月1日,一層,一層
RPTNMLLLPHLFFBM98CA,37,144.32,住商用,鋼筋混凝土造,68年6月26日,四層,一層 二層 三層 四層 騎樓
RPTNMLLLPHLFFBM98CA,37,16.00,見其他登記事項,鋼筋混凝土造,68年6月26日,,
RPPOMLLKPHLFFCM68CA,20,86.80,見其他登記事項,鋼筋混凝土造,85年2月9日,十五層,八層
RPPOMLLKPHLFFCM68CA,20,20.94,見其他登記事項,鋼筋混凝土造,85年2月9日,十五層,
RPVNMLOJPHLFFCM76CA,2,147.85,住家用,見其他登記事項,103年8月22日,一層,一層
RPWNMLQLPHLFFAM07CA,52,41.45,住家用,磚造,53年11月20日,一層,一層
RPRNMLOJPHLFFDM09CA,27,228.13,住家用,鋼筋混凝土造,78年7月22日,三層,一層 二層 三層 夾層
RPTNMLOJPHLFFCM56CA,22,25.91,見其他登記事項,鋼筋混凝土造,83年10月13日,十二層,六層
RPTNMLOJPHLFFCM56CA,22,13.85,見其他登記事項,鋼筋混凝土造,83年10月13日,十二層,
RPRNMLLLPHLFFCM88CA,,222.18,見其他登記事項,鋼筋混凝土造,104年12月4日,三層,一層 二層 三層 見其他登記事項
RPSNMLRJPHLFFAM56CA,36,78.61,住商用,鋼筋混凝土加強磚造,69年7月2日,二層,一層 二層
RPVNMLOJPHLFFAM56CA,,193.34,見其他登記事項,鋼筋混凝土造,104年12月31日,三層,一層 二層 三層 屋頂突出物
RPRNMLMKPHLFFAM68CA,,166.49,見其他登記事項,鋼筋混凝土造,104年12月24日,三層,一層 二層 三層 屋頂突出物
RPWNMLOJPHLFFAM66CA,,191.46,見其他登記事項,鋼筋混凝土造,104年12月31日,三層,一層 二層 三層 屋頂突出物
RPTNMLMKPHLFFAM88CA,,166.49,見其他登記事項,鋼筋混凝土造,104年12月24日,三層,一層 二層 三層 屋頂突出物
RPPNMLKKPHLFFAM28CA,1,245.41,見其他登記事項,鋼筋混凝土造,104年8月24日,三層,一層 二層 三層 屋頂突出物
RPPOMLNKPHLFFAM68CA,,166.49,見其他登記事項,鋼筋混凝土造,104年12月24日,三層,一層 二層 三層 屋頂突出物
RPPNMLPJPHLFFBM78CA,8,191.30,住商用,鋼筋混凝土造,97年11月5日,三層,一層 二層 三層
RPWNMLNKPHLFFAM66CA,22,186.69,住家用,鋼筋混凝土造,83年9月22日,三層,一層 二層 三層 屋頂突出物 騎樓
RPSNMLPJPHLFFAM98CA,26,202.62,農舍,加強磚造,79年7月30日,二層,一層 二層 屋頂突出物 騎樓
RPVNMLNKPHLFFBM66CA,1,32.80,農舍,見其他登記事項,104年11月5日,一層,一層
RPPNMLPJPHLFFDM98CA,15,147.52,住家用,鋼筋混凝土造,90年10月5日,三層,一層 二層 三層 電梯樓梯間
RPROMLSKPHLFFCM96CA,21,75.73,見其他登記事項,鋼筋混凝土造,83年12月31日,十二層,五層
RPPNMLKKPHLFFDM58CA,3,180.83,住家用,鋼筋混凝土造,102年5月7日,三層,一層 二層 三層
RPQNMLRJPHLFFDM66CA,22,79.90,住家用,鋼筋混凝土造,83年5月24日,五層,五層
RPQNMLRJPHLFFDM66CA,22,25.72,見其他登記事項,鋼筋混凝土造,83年5月24日,五層,
RPPNMLLKPHLFFCM58CA,38,82.23,見其他登記事項,鋼筋混凝土加強磚造,67年4月25日,二層,一層 二層
RPRNMLRJPHLFFCM66CA,21,164.13,住家用,鋼筋混凝土造,83年12月15日,四層,一層 二層 三層 四層
RPRNMLQJPHLFFAM98CA,15,178.65,住商用,鋼筋混凝土造,90年4月12日,三層,一層 二層 三層
RPPNMLQJPHLFFAM78CA,21,109.63,住家用,鋼筋混凝土造,84年2月16日,十三層,五層
RPPNMLQJPHLFFAM78CA,21,26.36,見其他登記事項,鋼筋混凝土造,84年2月16日,十三層,
RPUNMLRJPHLFFAM76CA,35,157.14,住商用,鋼筋混凝土加強磚造,70年2月24日,三層,一層 二層 三層 騎樓
RPSOMLNKPHLFFAM98CA,45,67.97,住家用,鋼筋混凝土加強磚造,59年12月29日,一層,
RPQOMLNKPHLFFAM78CA,,167.22,見其他登記事項,鋼筋混凝土造,104年12月24日,三層,一層 二層 三層 屋頂突出物
RPTNMLPLPHLFFAM66CA,6,196.61,住家用,鋼筋混凝土造,99年1月22日,四層,一層 二層 三層 四層 屋頂突出物
RPSNMLLKPHLFFAM68CA,3,189.71,見其他登記事項,鋼筋混凝土造,102年1月7日,四層,一層 二層 三層 四層
RPQNMLKLPHLFFBM58CA,1,201.30,見其他登記事項,鋼筋混凝土造,104年6月17日,三層,一層 二層 三層 見其他登記事項
RPVNMLRJPHLFFAM86CA,37,89.30,住家用,鋼筋混凝土加強磚造,68年4月20日,二層,一層 二層
RPRNMLRJPHLFFAM09CA,13,206.98,住家用,鋼筋混凝土造,92年8月19日,四層,一層 二層 三層 四層 見其他登記事項
RPSNMLRJPHLFFBM66CA,,170.72,見其他登記事項,鋼筋混凝土造,104年12月14日,三層,一層 二層 三層 見其他登記事項
RPTNMLTKPHLFFCM17CA,15,166.70,見其他登記事項,鋼骨鋼筋混凝土造,90年10月17日,三層,一層 二層 三層 騎樓
RPUNMLOKPHLFFBM66CA,12,105.09,見其他登記事項,鋼筋混凝土造,93年3月22日,七層,五層
RPUNMLOKPHLFFBM66CA,12,57.99,見其他登記事項,鋼筋混凝土造,93年3月22日,七層,
RPRNMLMKPHLFFCM88CA,20,148.36,住家用,鋼筋混凝土造,85年4月11日,三層,一層 二層 三層
RPSNMLLKPHLFFBM78CA,37,98.28,住商用,鋼筋混凝土加強磚造,68年8月7日,二層,一層 二層 騎樓
RPWNMLLKPHLFFAM09CA,36,112.56,住商用,鋼筋混凝土加強磚造,69年11月26日,二層,一層 二層 騎樓
RPRNMLNKPHLFFBM88CA,32,152.06,住家用,鋼筋混凝土加強磚造,73年7月1日,二層,一層 二層
RPPNMLLJQHLFFDM68CA,10,261.31,住家用,鋼筋混凝土造,94年12月6日,三層,一層 二層 三層
RPQNMLKLPHLFFAM48CA,23,64.66,住家用,鋼筋混凝土造,82年3月22日,八層,七層
RPQNMLKLPHLFFAM48CA,23,16.73,見其他登記事項,鋼筋混凝土造,82年3月22日,八層,
RPRNMLOKPHLFFAM88CA,15,145.93,住家用,鋼筋混凝土造,90年1月20日,三層,一層 二層 三層 屋頂突出物
RPPOMLMKPHLFFAM58CA,22,88.60,住家用,鋼筋混凝土造,83年10月7日,十一層,十層
RPPOMLMKPHLFFAM58CA,22,36.33,見其他登記事項,鋼筋混凝土造,83年10月7日,十一層,
RPUNMLMKPHLFFAM98CA,23,42.13,住家用,鋼筋混凝土造,82年3月22日,八層,七層
RPUNMLMKPHLFFAM98CA,23,13.30,見其他登記事項,鋼筋混凝土造,82年3月22日,八層,
RPWNMLLKPHLFFBM56CA,18,164.33,住家用,鋼筋混凝土造,87年11月6日,三層,一層 二層 三層 屋頂突出物
RPQNMLMKPHLFFBM68CA,24,73.93,住家用,鋼筋混凝土造,81年2月13日,七層,五層
RPQNMLMKPHLFFBM68CA,24,22.60,見其他登記事項,鋼筋混凝土造,81年2月13日,七層,
RPVNMLMKPHLFFBM56CA,44,222.32,住家用,鋼筋混凝土加強磚造,61年8月28日,三層,一層 二層 三層 騎樓
RPRNMLMKPHLFFBM78CA,22,97.87,住家用,鋼筋混凝土造,82年12月21日,十二層,三層
RPRNMLMKPHLFFBM78CA,22,13.80,見其他登記事項,鋼筋混凝土造,82年12月21日,十二層,
RPUNMLNKPHLFFCM66CA,19,180.51,住家用,鋼筋混凝土造,86年9月15日,三層,一層 二層 三層
RPSNMLQLPHLFFCM86CA,1,182.95,見其他登記事項,見其他登記事項,104年11月9日,三層,一層 二層 三層 見其他登記事項
RPQNMLSLPHLFFCM86CA,8,1869.95,見其他登記事項,見其他登記事項,97年5月13日,一層,一層
RPQOMLSJQHLFFCM86CA,17,166.74,住家用,鋼筋混凝土造,88年12月6日,三層,一層 二層 三層 屋頂突出物
RPSNMLNKPHLFFCM09CA,23,117.48,住商用,鋼筋混凝土造,82年7月3日,二層,一層 二層 騎樓
RPRNMLTKPHLFFCM96CA,22,133.68,住家用,鋼筋混凝土造,83年9月22日,三層,一層 二層 三層
RPRNMLNKPHLFFCM98CA,17,41.63,見其他登記事項,鋼筋混凝土造,87年12月31日,八層,六層
RPRNMLNKPHLFFCM98CA,17,18.27,見其他登記事項,鋼筋混凝土造,87年12月31日,八層,
RPWOMLNKPHLFFAM76CA,34,45.75,住商用,鋼筋混凝土加強磚造,71年4月1日,二層,一層 二層 騎樓
RPWOMLNKPHLFFAM76CA,34,45.75,住商用,鋼筋混凝土加強磚造,71年4月1日,二層,一層 二層 騎樓
RPSOMLKLPHLFFAM78CA,37,96.80,住商用,鋼筋混凝土加強磚造,68年3月5日,二層,一層 二層 騎樓
RPSNMLPKPHLFFBM56CA,1,255.01,見其他登記事項,鋼筋混凝土造,104年8月14日,三層,一層 二層 三層 見其他登記事項
RPPNMLSKPHLFFBM56CA,24,46.46,住家用,鋼筋混凝土造,81年1月30日,六層,四層
RPPNMLSKPHLFFBM56CA,24,16.88,見其他登記事項,鋼筋混凝土造,81年1月30日,六層,
RPUNMLTKPHLFFBM17CA,29,75.78,住家用,鋼筋混凝土加強磚造,76年6月29日,二層,一層 二層
RPRNMLPKPHLFFBM09CA,1,85.26,見其他登記事項,鋼筋混凝土造,104年10月16日,十一層,三層
RPRNMLPKPHLFFBM09CA,1,77.62,見其他登記事項,鋼筋混凝土造,104年10月16日,十一層,
RPUNMLTKPHLFFAM07CA,5,472.93,住商用,見其他登記事項,100年7月7日,04,一層 二層 三層 四層
SPUNMLTKPHLFFAM17CA,5,662.79,住商用,見其他登記事項,100年7月7日,四層,一層 二層 三層 四層
RPPNMLLKQHLFFBM58CA,19,126.60,住家用,鋼筋混凝土造,86年6月30日,三層,一層 二層 三層
RPPNMLLKQHLFFBM58CA,19,.18,見其他登記事項,鋼筋混凝土造,86年6月30日,一層,
RPPNMLLKQHLFFBM58CA,19,37.13,停車空間,鋼筋混凝土造,86年6月30日,地下層,
RPPNMLLLPHLFFCM68CA,12,153.52,住家用,鋼筋混凝土造,93年10月13日,四層,一層 二層 三層 四層
RPQNMLOKPHLFFBM88CA,36,178.45,住商用,鋼筋混凝土造,69年3月24日,四層,一層 二層 三層 四層 騎樓
RPQNMLOKPHLFFBM88CA,23,412.62,住商用,鋼筋混凝土造,82年7月17日,四層,一層 二層 三層 四層 騎樓
RPPNMLTJQHLFFCM76CA,21,160.81,見其他登記事項,鋼筋混凝土造,84年10月2日,七層,一層 二層 三層 騎樓
RPPNMLTJQHLFFCM76CA,21,32.31,見其他登記事項,鋼筋混凝土造,84年10月2日,七層,
RPPNMLSKPHLFFDM76CA,36,106.68,住家用,鋼筋混凝土加強磚造,69年3月27日,二層,一層 二層 騎樓
RPTNMLPKPHLFFCM86DA,48,135.80,住家用,鋼筋混凝土加強磚造,57年8月7日,二層,一層 二層 騎樓
RPVNMLPKPHLFFCM07DA,,232.81,住家用,鋼筋混凝土造,105年3月3日,四層,一層 二層 三層 四層
RPUNMLPKPHLFFCM86CA,25,164.61,見其他登記事項,鋼筋混凝土造,80年11月15日,三層,一層 二層 三層 屋頂突出物 騎樓
RPUNMLOKPHLFFCM76CA,1,175.62,住家用,鋼骨鋼筋混凝土造,104年6月29日,三層,一層 二層 三層
RPTNMLSKPHLFFCM07CA,22,98.23,見其他登記事項,鋼筋混凝土造,83年1月14日,十一層,十層
RPTNMLSKPHLFFCM07CA,22,45.23,見其他登記事項,鋼筋混凝土造,83年1月14日,十一層,
RPTNMLSKPHLFFCM07CA,22,86.58,見其他登記事項,鋼筋混凝土造,83年1月14日,十一層,十層
RPTNMLSKPHLFFCM07CA,22,40.81,見其他登記事項,鋼筋混凝土造,83年1月14日,十一層,
RPXNMLLJQHLFFCM76CA,20,119.93,住家用,鋼筋混凝土造,85年8月15日,七層,六層
RPXNMLLJQHLFFCM76CA,20,62.29,見其他登記事項,鋼筋混凝土造,85年8月15日,七層,
RPRNMLSKPHLFFCM86CA,23,94.00,見其他登記事項,鋼筋混凝土造,82年8月30日,七層,七層
RPRNMLSKPHLFFCM86CA,23,19.69,見其他登記事項,鋼筋混凝土造,82年8月30日,見其他登記事項,
RPRNMLTKPHLFFBM86CA,36,104.16,住家用,鋼筋混凝土加強磚造,69年7月26日,二層,一層 二層 騎樓
RPRNMLKLPHLFFBM68CA,7,15.00,農舍,見其他登記事項,98年7月23日,一層,一層
RPPNMLNJQHLFFAM58CA,21,12.67,停車空間,鋼筋混凝土造,84年2月16日,十三層,
RPUNMLPKPHLFFBM76CA,20,76.24,住家用,鋼筋混凝土造,84年12月20日,七層,二層
RPUNMLPKPHLFFBM76CA,20,24.17,見其他登記事項,鋼筋混凝土造,84年12月20日,七層,
RPQNMLQLPHLFFBM56CA,20,51.69,住商用,鋼筋混凝土造,84年12月13日,十三層,一層 二層 三層
RPQNMLQLPHLFFBM56CA,20,33.63,見其他登記事項,鋼筋混凝土造,84年12月13日,十三層,
RPRNMLQLQHLFFEM17DA,23,112.58,住家用,鋼筋混凝土加強磚造,82年7月1日,二層,一層 二層
RPXNMLPKPHLFFDM27CA,23,140.40,住商用,鋼筋混凝土造,82年6月14日,三層,一層 二層 三層 騎樓
RPPNMLMJQHLFFEM88CA,14,134.39,住家用,鋼筋混凝土造,91年3月4日,三層,一層 二層 三層
RPQNMLKLPHLFFDM78CA,37,87.60,住家用,鋼筋混凝土加強磚造,68年11月10日,二層,一層 二層
RPVNMLMJQHLFFCM66CA,8,204.50,見其他登記事項,鋼筋混凝土造,97年5月22日,四層,一層 二層 三層 四層 屋頂突出物
RPRNMLPLPHLFFEM86CA,49,44.22,住家用,磚造,56年10月5日,一層,一層
RPPNMLLLPHLFFDM78CA,10,183.82,住商用,鋼筋混凝土造,95年8月18日,四層,一層 二層 三層 四層
RPPNMLTLQHLFFEM17CA,7,221.24,見其他登記事項,見其他登記事項,98年7月16日,四層,一層 二層 三層 四層 騎樓
RPTNMLTKPHLFFDM37DA,21,150.72,住家用,鋼筋混凝土造,84年7月14日,三層,一層 二層 三層 電梯樓梯間
RPSNMLSLPHLFFBM96CA,1,221.13,見其他登記事項,鋼筋混凝土造,103年12月9日,三層,一層 二層 三層 見其他登記事項
RPSNMLQLPHLFFAM66CA,20,66.96,住家用,鋼筋混凝土造,85年6月1日,五層,五層
RPSNMLQLPHLFFAM66CA,20,4.95,住家用,鋼筋混凝土造,85年6月1日,五層,
RPOOMLKLPHLFFAM38CA,18,181.13,住家用,鋼筋混凝土造,87年12月4日,四層,一層 二層 三層 四層
RPQNMLQLPHLFFAM09CA,22,185.25,住家用,鋼筋混凝土造,83年1月11日,四層,一層 二層 三層 四層 屋頂突出物
RPVNMLTKPHLFFAM17CA,57,88.20,住家用,磚造,48年10月2日,二層,一層 二層
RPVNMLNJQHLFFAM56CA,27,91.72,住家用,加強磚造,78年2月4日,二層,一層 二層
RPQNMLLJQHLFFBM58CA,46,72.28,住商用,鋼筋混凝土加強磚造,59年5月8日,二層,一層 二層
RPSNMLPLPHLFFBM66CA,1,254.90,見其他登記事項,鋼筋混凝土造,104年8月14日,三層,一層 二層 三層 見其他登記事項
RPVNMLMLPHLFFBM66CA,37,90.84,住家用,鋼筋混凝土加強磚造,68年3月14日,二層,一層 二層
RPUNMLMLPHLFFBM56CA,20,113.34,住商用,鋼筋混凝土造,85年3月12日,八層,一層 二層
RPUNMLMLPHLFFBM56CA,20,21.66,見其他登記事項,鋼筋混凝土造,85年3月12日,八層,
RPOOMLPJQHLFFAM78CA,24,83.92,住家用,鋼筋混凝土造,81年8月5日,五層,五層
RPOOMLPJQHLFFAM78CA,24,8.78,見其他登記事項,鋼筋混凝土造,81年8月5日,五層,
RPPOMLPJQHLFFAM88CA,25,231.52,住商用,鋼筋混凝土造,80年1月30日,四層,一層 二層 三層 四層 騎樓
RPSNMLKLPHLFFBM78CA,30,230.38,住家用,鋼筋混凝土造,75年6月17日,二層,一層 二層 騎樓 夾層
RPPNMLSJQHLFFAM09CA,20,156.28,住家用,鋼筋混凝土造,85年1月13日,三層,一層 二層 三層 屋頂突出物
RPRNMLLLPHLFFBM78CA,55,111.30,住家用,加強磚造,,二層,一層 二層
RPTNMLLLPHLFFCM09CA,30,107.04,住家用,鋼筋混凝土造,75年5月16日,二層,一層 二層 騎樓
RPRNMLKLPHLFFAM68DA,17,161.61,住家用,見其他登記事項,88年8月25日,一層,一層
RPWNMLKLPHLFFBM56CA,3,296.94,見其他登記事項,鋼筋混凝土造,102年6月26日,四層,一層 二層 三層 四層 屋頂突出物
RPPNMLPKQHLFFCM09CA,,226.03,住家用,鋼筋混凝土造,105年4月6日,四層,一層 二層 三層 四層
RPROMLPLPHLFFDM86CA,20,82.24,見其他登記事項,鋼筋混凝土造,85年3月21日,八層,一層
RPROMLPLPHLFFDM86CA,20,18.12,見其他登記事項,鋼筋混凝土造,85年3月21日,八層,
RPROMLPLPHLFFDM86CA,20,10.04,見其他登記事項,鋼筋混凝土造,85年3月21日,八層,
RPSNMLRLPHLFFCM96CA,,219.15,住家用,鋼筋混凝土造,105年3月3日,四層,一層 二層 三層 四層
RPUNMLLLPHLFFAM09DA,35,43.60,住商用,鋼筋混凝土加強磚造,70年6月4日,二層,一層 二層
RPSNMLPLPHLFFDM86CA,9,158.14,住商用,鋼筋混凝土造,96年7月2日,四層,一層 二層 三層 四層 騎樓
RPRNMLRLPHLFFCM86CA,1,218.99,見其他登記事項,鋼筋混凝土造,104年9月9日,四層,一層 二層 三層 四層
RPVNMLKKQHLFFAM98CA,23,171.60,住家用,鋼筋混凝土造,82年8月24日,三層,一層 二層 三層
RPPNMLMLQHLFFAM68CA,3,266.20,見其他登記事項,鋼筋混凝土造,102年10月4日,四層,一層 二層 三層 四層 騎樓
RPQNMLNJQHLFFAM68CA,12,166.35,住家用,鋼筋混凝土造,93年6月21日,三層,一層 二層 三層 屋頂突出物
RPQNMLMLPHLFFAM68CA,36,78.61,住商用,鋼筋混凝土加強磚造,69年7月2日,二層,一層 二層
RPTNMLLLPHLFFAM88CA,16,181.48,住商用,鋼造,89年12月7日,二層,一層 二層 騎樓
RPRNMLPLPHLFFBM56CA,3,262.06,住家用,鋼筋混凝土造,102年3月8日,四層,一層 二層 三層 四層
RPTNMLMLPHLFFAM98CA,28,527.43,見其他登記事項,鋼筋混凝土造,77年9月30日,四層,一層 二層 三層 四層
RPTNMLRJQHLFFDM07CA,16,103.60,住家用,鋼筋混凝土造,89年8月4日,五層,二層
RPTNMLRJQHLFFDM07CA,16,24.65,見其他登記事項,鋼筋混凝土造,89年8月4日,五層,
RPQNMLMLPHLFFBM78CA,23,206.35,住商用,鋼筋混凝土造,82年5月3日,四層,一層 二層 三層 四層
RPPNMLPLPHLFFDM56CA,45,94.40,住家用,磚造,,二層,一層 二層 騎樓
RPQNMLNJQHLFFBM78CA,20,159.55,住家用,鋼筋混凝土造,85年6月7日,五層,一層 二層 夾層
RPQNMLNJQHLFFBM78CA,20,42.06,見其他登記事項,鋼筋混凝土造,85年6月7日,五層,
RPRNMLTKQHLFFCM17DA,24,158.79,住家用,鋼筋混凝土造,81年5月27日,四層,一層 二層 三層 四層
RPTNMLMJQHLFFDM56CA,15,162.04,見其他登記事項,鋼筋混凝土造,90年1月15日,三層,一層 二層 三層 騎樓
RPQNMLSLPHLFFAM66CA,4,194.72,見其他登記事項,鋼筋混凝土造,101年10月8日,三層,一層 二層 三層 屋頂突出物
RPSNMLNJQHLFFCM09CA,40,301.33,商業用,鋼筋混凝土造,65年8月23日,四層,一層 二層 三層 四層 騎樓
RPTNMLRLPHLFFBM96CA,3,187.00,見其他登記事項,鋼筋混凝土造,102年9月2日,四層,一層 二層 三層 四層
RPPOMLSJQHLFFAM56CA,17,91.40,住家用,鋼筋混凝土造,88年6月3日,七層,六層
RPPOMLSJQHLFFAM56CA,17,16.88,國民住宅,鋼筋混凝土造,88年6月3日,七層,
RPPOMLSJQHLFFAM56CA,17,13.57,國民住宅,鋼筋混凝土造,88年6月3日,七層,
RPPNMLRLPHLFFAM09CA,3,266.20,見其他登記事項,鋼筋混凝土造,102年10月4日,四層,一層 二層 三層 四層 騎樓
RPRNMLTLPHLFFAM86CA,8,282.29,住商用,鋼筋混凝土造,96年12月28日,四層,一層 二層 三層 四層 屋頂突出物
RPXNMLQKQHLFFAM17CA,,412.09,見其他登記事項,鋼筋混凝土造,105年3月15日,四層,一層 二層 三層 四層
RPSNMLTLPHLFFAM96CA,23,77.93,住家用,鋼筋混凝土造,82年11月10日,十四層,四層
RPSNMLTLPHLFFAM96CA,23,13.50,見其他登記事項,鋼筋混凝土造,82年11月10日,十四層,
RPSNMLTLPHLFFAM96CA,23,8.47,見其他登記事項,鋼筋混凝土造,82年11月10日,十四層,
RPPNMLLJQHLFFAM38CA,21,109.17,住家用,鋼筋混凝土造,83年12月23日,二層,一層 二層 屋頂突出物 騎樓
RPVNMLMJQHLFFAM09CA,15,218.54,住商用,鋼筋混凝土造,90年11月13日,四層,一層 二層 三層 四層 屋頂突出物 騎樓
RPQNMLRLPHLFFBM66CA,38,92.40,住家用,鋼筋混凝土加強磚造,67年5月6日,二層,一層 二層 騎樓
RPUNMLNJQHLFFBM56CA,8,190.01,住家用,鋼筋混凝土造,97年11月5日,三層,一層 二層 三層
RPWNMLPLPHLFFBM07CA,22,159.10,住家用,鋼筋混凝土造,83年12月12日,四層,一層 二層 三層 四層
RPWNMLPLPHLFFBM07CA,22,31.58,停車空間,鋼筋混凝土造,83年12月12日,地下層,
RPTNMLPLPHLFFCM86CA,5,182.14,見其他登記事項,鋼筋混凝土造,100年6月27日,三層,一層 二層 三層 見其他登記事項
RPUNMLPKQHLFFCM07DA,22,144.22,住家用,加強磚造,83年7月7日,二層,一層 二層 見其他登記事項
RPPNMLPJQHLFFEM56CA,55,74.80,住家用,磚造,50年4月11日,二層,一層 二層
RPQNMLQLPHLFFDM76CA,34,183.91,住商用,鋼筋混凝土造,71年4月29日,四層,一層 二層 三層 四層 騎樓
RPQNMLSLPHLFFDM96CA,3,180.86,住家用,鋼筋混凝土造,102年5月7日,三層,一層 二層 三層
RPQNMLKKQHLFFCM68CA,30,114.37,住家用,鋼筋混凝土造,75年3月17日,二層,一層 二層
RPSNMLLJQHLFFCM88CA,3,12.00,農舍,見其他登記事項,101年10月8日,一層,一層
RPUNMLRLPHLFFDM27CA,35,85.10,住商用,加強磚造,70年10月23日,二層,一層 二層
SPQNMLKKQHLFFCM78CA,36,208.74,住商用,鋼筋混凝土造,69年4月19日,三層,一層 二層 三層 騎樓
RPQNMLSLPHLFFBM76CA,22,94.70,住家用,鋼筋混凝土造,83年10月29日,八層,二層
RPQNMLSLPHLFFBM76CA,22,33.90,見其他登記事項,鋼筋混凝土造,83年10月29日,八層,
RPTNMLLJQHLFFAM78CA,37,87.20,住家用,鋼筋混凝土加強磚造,68年4月20日,二層,一層 二層
RPUNMLLJQHLFFAM88CA,20,147.94,見其他登記事項,鋼筋混凝土造,85年7月18日,三層,一層 二層 三層 騎樓
RPPNMLSLPHLFFAM56CA,36,86.81,住商用,鋼筋混凝土造,69年2月7日,二層,一層 二層
RPQNMLMJQHLFFAM58CA,,183.54,見其他登記事項,鋼筋混凝土造,104年12月10日,三層,一層 二層 三層 屋頂突出物
RPPNMLMJQHLFFAM48CA,,183.54,見其他登記事項,鋼筋混凝土造,104年12月10日,三層,一層 二層 三層 屋頂突出物
RPQNMLTJQHLFFAM66CA,23,122.64,見其他登記事項,鋼筋混凝土造,82年8月28日,六層,一層 二層 騎樓 地下層
RPQNMLTJQHLFFAM66CA,23,24.34,見其他登記事項,鋼筋混凝土造,82年8月28日,六層,
RPWNMLPJQHLFFAM86CA,36,106.95,住商用,鋼筋混凝土加強磚造,69年2月5日,二層,一層 二層 騎樓
RPRNMLLJQHLFFAM58CA,22,215.49,見其他登記事項,鋼筋混凝土造,83年6月23日,四層,一層 二層 三層 四層 地下層
RPRNMLLJQHLFFAM58CA,22,30.85,見其他登記事項,鋼筋混凝土造,83年6月23日,,
RPPNMLMJQHLFFBM58CA,49,112.38,住家用,鋼筋混凝土加強磚造,56年5月1日,三層,一層 二層 三層
RPRNMLSLPHLFFBM86CA,36,138.72,住家用,鋼筋混凝土加強磚造,69年12月1日,二層,一層 二層
RPVNMLRLPHLFFDM37CA,15,109.57,住家用,鋼筋混凝土造,90年7月12日,二層,一層 二層
RPRNMLSLPHLFFDM07CA,1,147.28,住家用,鋼筋混凝土造,104年12月25日,三層,一層 二層 三層
RPTNMLMJQHLFFCM09CA,14,99.83,住家用,鋼筋混凝土造,91年3月29日,三層,一層 二層 三層
RPPNMLLJQHLFFCM58CA,8,166.50,見其他登記事項,鋼筋混凝土造,97年11月18日,三層,一層 二層 三層 見其他登記事項
RPQNMLTKQHLFFDM07CA,29,189.43,住家用,鋼筋混凝土加強磚造,76年5月13日,三層,一層 二層 三層
RPQNMLTLPHLFFAM76CA,,142.12,住家用,鋼筋混凝土造,105年5月24日,三層,一層 二層 三層
RPQNMLSKQHLFFAM66CA,37,85.58,住家用,鋼筋混凝土加強磚造,68年7月18日,二層,一層 二層
RPTNMLMJQHLFFAM88CA,,183.54,見其他登記事項,鋼筋混凝土造,104年12月10日,三層,一層 二層 三層 屋頂突出物
RPUNMLMJQHLFFAM98CA,,183.54,見其他登記事項,鋼筋混凝土造,104年12月10日,三層,一層 二層 三層 屋頂突出物
RPSNMLMJQHLFFAM78CA,,183.54,見其他登記事項,鋼筋混凝土造,104年12月10日,三層,一層 二層 三層 屋頂突出物
RPXNMLMJQHLFFAM66CA,12,179.19,住家用,鋼筋混凝土造,93年5月18日,四層,一層 二層 三層 四層
RPOOMLMJQHLFFAM48CA,22,169.56,住家用,鋼筋混凝土造,83年6月9日,三層,一層 二層 三層 屋頂突出物
RPWNMLMJQHLFFAM56CA,22,98.74,住家用,鋼筋混凝土造,83年11月9日,十六層,十三層
RPWNMLMJQHLFFAM56CA,22,21.33,見其他登記事項,鋼筋混凝土造,83年11月9日,十六層,
RPTNMLKKQHLFFAM78CA,30,41.79,住家用,鋼筋混凝土造,75年7月18日,一層,一層
RPTNMLPKQHLFFAM66CA,33,117.57,住家用,鋼筋混凝土造,72年5月2日,三層,一層 二層 三層
RPTNMLMLQHLFFBM56CA,3,268.88,見其他登記事項,鋼筋混凝土造,102年9月25日,三層,一層 二層 三層 見其他登記事項
RPRNMLPJRHLFFBM56CA,25,89.34,住家用,鋼筋混凝土造,80年9月20日,十一層,四層
RPRNMLPJRHLFFBM56CA,25,13.68,見其他登記事項,鋼筋混凝土造,80年9月20日,十一層,
RPRNMLPJRHLFFBM56CA,25,9.42,見其他登記事項,鋼筋混凝土造,80年9月20日,十一層,
RPRNMLPJRHLFFBM56CA,25,12.18,見其他登記事項,鋼筋混凝土造,80年9月20日,十一層,
RPRNMLPJRHLFFBM56CA,25,10.19,見其他登記事項,鋼筋混凝土造,80年9月20日,十一層,
RPRNMLLJQHLFFCM78CA,,211.22,住家用,鋼筋混凝土造,105年3月3日,四層,一層 二層 三層 四層
