﻿編號,車位類別,車位價格,車位面積平方公尺
Serial number,berth category,berth price,berth area square meter
RPQNMLKKNHLFFAX76DA,坡道平面,0,
RPQNMLNKOHLFFAX07CA,坡道平面,0,
RPVNMLQKOHLFFAX87CA,坡道平面,0,
RPQNMLQJPHLFFAX47DA,坡道平面,0,
RPTNMLRJPHLFFAX77CA,坡道平面,0,
RPPNMLLLOHOFFAX17CA,坡道平面,0,
RPUNMLKLOHOFFAX67DA,一樓平面,0,
RPQNMLLLPHLFFAX17DA,坡道平面,0,
RPSOMLSJQHLFFAX97CA,一樓平面,0,
RPPNMLRLPHLFFAX57CA,坡道平面,0,
RPQNMLLKQHLFFAX07CA,坡道平面,0,
