﻿鄉鎮市區,交易標的,土地區段位置建物區段門牌,土地移轉總面積平方公尺,都市土地使用分區,非都市土地使用分區,非都市土地使用編定,交易年月日,交易筆棟數,移轉層次,總樓層數,建物型態,主要用途,主要建材,建築完成年月,建物移轉總面積平方公尺,建物現況格局-房,建物現況格局-廳,建物現況格局-衛,建物現況格局-隔間,有無管理組織,總價元,單價元平方公尺,車位類別,車位移轉總面積平方公尺,車位總價元,備註,編號
The villages and towns urban district,transaction sign,land sector position building sector house number plate,land shifting total area square meter,the use zoning or compiles and checks,the non-metropolis land use district,non-metropolis land use,transaction year month and day,transaction pen number,shifting level,total floor number,building state,main use,main building materials,construction to complete the years,building shifting total area,Building present situation pattern - room,building present situation pattern - hall,building present situation pattern - health,building present situation pattern - compartmented,Whether there is manages the organization,total price NTD,the unit price (NTD / square meter),the berth category,berth shifting total area square meter,the berth total price NTD,the note,serial number
西嶼鄉,土地,小門段31~60地號,2762.96,,風景區,農牧用地,1050325,土地5建物0車位0,,,其他,,,,0.0,0,0,0,有,無,3500000,1267,,0.0,0,,RPQNMLOJNHLFFAX96CA
馬公市,房地(土地+建物)+車位,澎湖縣馬公巿文光路61~90號,14.1,其他,,,1050314,土地10建物1車位1,五層,十層,華廈(10層含以下有電梯),住家用,鋼筋混凝土造,0870723,146.63,3,2,2,有,有,4380000,29871,坡道平面,0.0,0,,RPQNMLKKNHLFFAX76DA
湖西鄉,土地,沙港北段601~630地號,144.2,,鄉村區,乙種建築用地,1050413,土地1建物0車位0,,,其他,,,,0.0,0,0,0,有,無,600000,4161,,0.0,0,,RPRNMLKKNHLFFAX86DA
馬公市,土地,安宅段1561~1590地號,536.0,,一般農業區,農牧用地,1050323,土地1建物0車位0,,,其他,,,,0.0,0,0,0,有,無,1620000,3022,,0.0,0,,RPPNMLKKNHLFFAX66DA
馬公市,土地,興仁段301~330地號,227.49,,一般農業區,甲種建築用地,1050427,土地2建物0車位0,,,其他,,,,0.0,0,0,0,有,無,8150000,35826,,0.0,0,包含未來興建房屋建築費用,RPQNMLTJNHLFFAX57DA
馬公市,土地,馬公段1741~1770地號,1.0,其他,,,1050418,土地1建物0車位0,,,其他,,,,0.0,0,0,0,有,無,63150,0,,0.0,0,向政府機關承購之案件。,RPPNMLPLNHLFFAX37EA
白沙鄉,房地(土地+建物),澎湖縣白沙鄉鎮海31~60號,573.62,,一般農業區,農牧用地,1050421,土地5建物1車位0,全,一層,透天厝,住家用,見其他登記事項,,19.01,4,1,1,有,無,300000,15781,,0.0,0,急買急賣。,RPTNMLPJNHLFFAX37CA
馬公市,房地(土地+建物),澎湖縣馬公巿中華路200巷1弄31~60號,41.58,住,,,1050406,土地1建物1車位0,全,二層,透天厝,住家用,鋼筋混凝土加強空心磚造,0610315,67.31,2,2,2,有,無,1000000,14857,,0.0,0,,RPPNMLTKNHLFFAX47CA
白沙鄉,房地(土地+建物),澎湖縣白沙鄉31~60號,36.4,住,,,1050401,土地2建物1車位0,全,一層,透天厝,住家用,見其他登記事項,,13.45,6,1,1,有,無,350000,26022,,0.0,0,,RPSNMLKLNHLFFAX96CA
白沙鄉,土地,港子段421~450地號,433.26,,一般農業區,農牧用地,1050427,土地1建物0車位0,,,其他,,,,0.0,0,0,0,有,無,2019000,4660,,0.0,0,,RPPNMLMLNHLFFAX86CA
馬公市,土地,五福段931~960地號,175.0,,一般農業區,甲種建築用地,1050421,土地2建物0車位0,,,其他,,,,0.0,0,0,0,有,無,10800000,61714,,0.0,0,"變更起造人,含未來興建房屋之費用",RPQNMLRLNHLFFAX47CA
馬公市,土地,五福段931~960地號,174.72,,一般農業區,甲種建築用地,1050425,土地2建物0車位0,,,其他,,,,0.0,0,0,0,有,無,9680000,55403,,0.0,0,"變更起造人,含未來興建房屋之費用",RPPNMLRLNHLFFAX37CA
馬公市,土地,興仁段301~330地號,228.78,,一般農業區,甲種建築用地,1050427,土地2建物0車位0,,,其他,,,,0.0,0,0,0,有,無,8150000,35624,,0.0,0,包含未來興建房屋建築費用,RPRNMLTJNHLFFAX67DA
西嶼鄉,土地,內垵二段1141~1170地號,442.19,,一般農業區,甲種建築用地,1050418,土地1建物0車位0,,,其他,,,,0.0,0,0,0,有,無,1950000,4410,,0.0,0,,RPPNMLRKNHLFFAX27CA
湖西鄉,房地(土地+建物),澎湖縣湖西鄉隘門村14鄰隘門121~150號,281.56,,一般農業區,甲種建築用地,1050425,土地1建物1車位0,全,二層,透天厝,住家用,鋼筋混凝土造,0880707,143.44,4,2,3,有,無,3400000,23703,,0.0,0,賣方賣清價,RPSNMLKKNHLFFAX96DA
馬公市,土地,六合段421~450地號,670.5,,一般農業區,農牧用地,1050429,土地1建物0車位0,,,其他,,,,0.0,0,0,0,有,無,10000000,14914,,0.0,0,,RPTNMLKKNHLFFAX96CA
馬公市,房地(土地+建物),澎湖縣馬公巿中華路91~120號,30.24,住,,,1050419,土地1建物1車位0,三層,七層,華廈(10層含以下有電梯),住家用,鋼筋混凝土造,0820201,153.25,3,2,2,有,有,4680000,30538,,0.0,0,,RPXNMLRKNHLFFAX08CA
馬公市,房地(土地+建物),澎湖縣馬公巿西衛271~300號,234.86,,一般農業區,甲種建築用地,1050425,土地2建物1車位0,全,三層,透天厝,住家用,鋼筋混凝土造,1040323,275.21,5,3,6,有,無,12000000,43603,,0.0,0,,RPTNMLRLNHLFFAX77CA
七美鄉,土地,大嶼段3991~4020地號,320.0,,鄉村區,乙種建築用地,1050426,土地1建物0車位0,,,其他,,,,0.0,0,0,0,有,無,500000,1563,,0.0,0,,RPPNMLLMNHLFFAX86CA
馬公市,房地(土地+建物),澎湖縣馬公巿西衛61~90號,283.31,,一般農業區,甲種建築用地,1050322,土地2建物1車位0,全,三層,透天厝,住家用,鋼筋混凝土造,1050113,333.67,5,3,6,有,無,9680000,29011,,0.0,0,,RPTNMLOLNHLFFAX57DA
西嶼鄉,土地,竹灣段541~570地號,247.23,,一般農業區,農牧用地,1050505,土地1建物0車位0,,,其他,,,,0.0,0,0,0,有,無,360000,1456,,0.0,0,,RPVNMLSKNHLFFAX08DA
湖西鄉,房地(土地+建物),澎湖縣湖西鄉港底91~120號,194.87,,一般農業區,甲種建築用地,1050405,土地2建物1車位0,全,三層,透天厝,住家用,鋼筋混凝土造,0950105,186.73,4,2,3,有,無,6360000,34060,,0.0,0,,RPQNMLKMNHLFFAX86CA
西嶼鄉,房地(土地+建物),澎湖縣西嶼鄉61~90號,209.72,,鄉村區,乙種建築用地,1050427,土地2建物1車位0,全,一層,透天厝,住家用,見其他登記事項,,14.96,3,1,2,有,無,2350000,157086,,0.0,0,,RPQNMLRKNHLFFAX37CA
西嶼鄉,土地,合界段1051~1080地號,153.1,,一般農業區,農牧用地,1050430,土地2建物0車位0,,,其他,,,,0.0,0,0,0,有,無,800000,5225,,0.0,0,,RPRNMLRKNHLFFAX47CA
湖西鄉,土地,成功南段781~810地號,1315.06,,一般農業區,農牧用地,1050504,土地1建物0車位0,,,其他,,,,0.0,0,0,0,有,無,3580000,2722,,0.0,0,,RPPNMLNKNHLFFAX86CA
湖西鄉,土地,林投南段1~30地號,493.8,,一般農業區,農牧用地,1050219,土地1建物0車位0,,,其他,,,,0.0,0,0,0,有,無,2000000,4050,,0.0,0,,RPWNMLOLNHLFFAX77CA
白沙鄉,土地,港子段871~900地號,349.0,,一般農業區,農牧用地,1050510,土地1建物0車位0,,,其他,,,,0.0,0,0,0,有,無,527860,1512,,0.0,0,,RPRNMLQLNHLFFAX67EA
西嶼鄉,土地,竹灣段541~570地號,786.55,,一般農業區,農牧用地,1050505,土地2建物0車位0,,,其他,,,,0.0,0,0,0,有,無,1230000,1564,,0.0,0,,RPWNMLSKNHLFFAX18DA
白沙鄉,土地,講美段361~390地號,294.81,,風景區,農牧用地,1050510,土地1建物0車位0,,,其他,,,,0.0,0,0,0,有,無,353772,1200,,0.0,0,親友、員工或其他特殊關係間之交易。,RPTNMLKLNHLFFAX17DA
馬公市,土地,山水北段691~720地號,18.64,,鄉村區,交通用地,1050504,土地1建物0車位0,,,其他,,,,0.0,0,0,0,有,無,369631,19830,,0.0,0,向政府機關承購之案件。,RPUNMLRKNHLFFAX87DA
馬公市,房地(土地+建物),澎湖縣馬公巿林森路61~90號,32.03,住,,,1050503,土地1建物1車位0,五層,七層,華廈(10層含以下有電梯),住家用,鋼筋混凝土造,0811230,157.02,2,2,2,有,有,4800000,30569,,0.0,0,,RPSNMLSKNHLFFAX77DA
西嶼鄉,土地,二崁北段631~660地號,501.25,,一般農業區,農牧用地,1050508,土地2建物0車位0,,,其他,,,,0.0,0,0,0,有,無,1184000,2362,,0.0,0,,RPTNMLSKNHLFFAX87DA
馬公市,房地(土地+建物),澎湖縣馬公巿仁愛路61~90號,44.0,住,,,1050316,土地1建物1車位0,全,二層,透天厝,住家用,見其他登記事項,0600506,88.0,2,1,1,有,無,6300000,71591,,0.0,0,,RPQNMLLMNHLFFAX96CA
湖西鄉,土地,太武新段211~240地號,1272.23,,一般農業區,農牧用地,1050512,土地1建物0車位0,,,其他,,,,0.0,0,0,0,有,無,4510000,3545,,0.0,0,,RPVNMLRKNHLFFAX87CA
馬公市,土地,中山段271~300地號,1.47,住,,,1050427,土地1建物0車位0,,,其他,,,,0.0,0,0,0,有,無,38000,25850,,0.0,0,向政府機關承購之案件。,RPPNMLSKNHLFFAX37CA
馬公市,土地,興仁段691~720地號,1648.27,,一般農業區,農牧用地,1050502,土地7建物0車位0,,,其他,,,,0.0,0,0,0,有,無,3000000,1820,,0.0,0,,RPQNMLKLNHLFFAX76CA
馬公市,房地(土地+建物),澎湖縣馬公巿光榮街61~90號,103.56,住,,,1050505,土地2建物1車位0,全,四層,透天厝,見其他登記事項,鋼筋混凝土造,1041230,292.25,4,2,7,有,無,16800000,57485,,0.0,0,,RPQNMLLJOHLFFAX76CA
西嶼鄉,土地,合界段301~330地號,394.47,,鄉村區,遊憩用地,1050508,土地2建物0車位0,,,其他,,,,0.0,0,0,0,有,無,1131820,2869,,0.0,0,,RPRNMLKMNHLFFAX96CA
西嶼鄉,土地,大池角段781~810地號,317.0,,一般農業區,農牧用地,1050411,土地1建物0車位0,,,其他,,,,0.0,0,0,0,有,無,1000000,3155,,0.0,0,,RPUNMLSKNHLFFAX08EA
馬公市,土地,東衛段841~870地號,1679.23,,一般農業區,農牧用地,1050505,土地1建物0車位0,,,其他,,,,0.0,0,0,0,有,無,2000000,1191,,0.0,0,三人共有親友、員工或其他特殊關係間之交易。,RPQNMLTKNHLFFAX67DA
馬公市,房地(土地+建物),澎湖縣馬公巿成功街97巷1~30號,121.57,住,,,1050511,土地1建物1車位0,全,四層,透天厝,住家用,鋼筋混凝土造,1050411,287.93,5,3,6,有,無,12940000,44941,,0.0,0,,RPUNMLOLNHLFFAX67DA
馬公市,房地(土地+建物),澎湖縣馬公巿珠江121~150號,83.98,,鄉村區,乙種建築用地,1050415,土地1建物1車位0,全,三層,透天厝,住家用,鋼筋混凝土加強磚造,0681220,135.75,4,2,2,有,無,2850000,20994,,0.0,0,,RPRNMLKLNHLFFAX86CA
馬公市,土地,北極段751~780地號,121.98,商,,,1050511,土地1建物0車位0,,,其他,,,,0.0,0,0,0,有,無,1328000,10887,,0.0,0,土地?值稅270506元由買受人負擔,RPPNMLNLNHLFFAX96CA
馬公市,房地(土地+建物),澎湖縣馬公巿光復路31~60號,19.98,住,,,1050427,土地1建物1車位0,六層,七層,華廈(10層含以下有電梯),住家用,鋼筋混凝土造,0811202,141.89,4,2,2,有,有,4200000,29600,,0.0,0,,RPPNMLOLNHLFFAX07CA
馬公市,土地,雙湖段1051~1080地號,250.34,,一般農業區,甲種建築用地,1050506,土地2建物0車位0,,,其他,,,,0.0,0,0,0,有,無,6980000,27882,,0.0,0,變更起造人，含未來興建房屋之費用,RPQNMLRJOHLFFAX37CA
馬公市,房地(土地+建物)+車位,澎湖縣馬公巿光復路121~150號,29.26,住,,,1050427,土地2建物1車位1,三層,七層,華廈(10層含以下有電梯),住家用,鋼筋混凝土造,0830303,145.37,3,1,2,有,有,5450000,37491,坡道平面,0.0,0,,RPQNMLNKOHLFFAX07CA
馬公市,土地,中衛段1561~1590地號,208.82,,一般農業區,甲種建築用地,1050510,土地2建物0車位0,,,其他,,,,0.0,0,0,0,有,無,7000000,33522,,0.0,0,,RPQNMLRKOHLFFAX47CA
馬公市,房地(土地+建物),澎湖縣馬公巿光榮街91~120號,104.18,住,,,1050422,土地2建物1車位0,全,四層,透天厝,見其他登記事項,鋼筋混凝土造,1041230,293.16,4,2,6,有,無,17000000,57989,,0.0,0,,RPSNMLMJOHLFFAX07CA
馬公市,房地(土地+建物),澎湖縣馬公巿中華路211~240號,111.89,住,,,1050421,土地1建物1車位0,全,四層,透天厝,住商用,鋼筋混凝土造,1020627,292.97,5,1,6,有,無,22000000,75093,,0.0,0,,RPRNMLOKOHLFFAX27CA
馬公市,土地,五福段91~120地號,546.95,,一般農業區,農牧用地,1050410,土地1建物0車位0,,,其他,,,,0.0,0,0,0,有,無,10000000,18283,,0.0,0,,RPSNMLLLOHLFFAX17CA
馬公市,土地,馬公段1411~1440地號,29.0,商,,,1050513,土地1建物0車位0,,,其他,,,,0.0,0,0,0,有,無,2630000,90690,,0.0,0,,RPTNMLPLNHLFFAX57CA
馬公市,房地(土地+建物),澎湖縣馬公巿成功街97巷1~30號,121.53,住,,,1050511,土地1建物1車位0,全,四層,透天厝,住家用,鋼筋混凝土造,1050411,284.39,5,3,6,有,無,13050000,45888,,0.0,0,,RPSNMLPLNHLFFAX57DA
湖西鄉,土地,龍門南段211~240地號,91.66,,鄉村區,乙種建築用地,1050519,土地1建物0車位0,,,其他,,,,0.0,0,0,0,有,無,311644,3400,,0.0,0,親友、員工或其他特殊關係間之交易。,RPQNMLPLNHLFFAX47EA
白沙鄉,土地,中屯新1681~1710地號,1338.9,,風景區,農牧用地,1050510,土地1建物0車位0,,,其他,,,,0.0,0,0,0,有,無,2430000,1815,,0.0,0,,RPSNMLKMNHLFFAX07CA
西嶼鄉,土地,內垵一段181~210地號,1061.72,,一般農業區,農牧用地,1050416,土地1建物0車位0,,,其他,,,,0.0,0,0,0,有,無,2000000,1884,,0.0,0,,RPQNMLSJOHLFFAX47CA
馬公市,土地,馬公段2551~2580地號,94.0,住,,,1050518,土地2建物0車位0,,,其他,,,,0.0,0,0,0,有,無,9000000,95745,,0.0,0,,RPSNMLRLNHLFFAX67CA
湖西鄉,土地,湖西南段1231~1260地號,3530.88,,一般農業區,農牧用地,1050503,土地5建物0車位0,,,其他,,,,0.0,0,0,0,有,無,5800000,1643,,0.0,0,,RPUNMLOKOHLFFAX67DA
馬公市,房地(土地+建物),澎湖縣馬公巿朝陽路2巷1~30號,77.1,住,,,1050513,土地1建物1車位0,全,二層,透天厝,住家用,鋼筋混凝土加強磚造,0680512,87.16,4,1,2,有,無,2600000,29830,,0.0,0,親友、員工或其他特殊關係間之交易。,RPUNMLPKOHLFFAX77DA
湖西鄉,土地,成功南段811~840地號,163.2,,一般農業區,特定目的事業用地,1050504,土地1建物0車位0,,,其他,,,,0.0,0,0,0,有,無,1775616,10880,,0.0,0,向政府機關承購之案件。,RPVNMLQLNHLFFAX97DA
白沙鄉,土地,港子段871~900地號,2701.0,,一般農業區,農牧用地,1050518,土地2建物0車位0,,,其他,,,,0.0,0,0,0,有,無,4085244,1512,,0.0,0,,RPSNMLQLNHLFFAX77EA
馬公市,土地,馬公段1141~1170地號,18.0,商,,,1050516,土地1建物0車位0,,,其他,,,,0.0,0,0,0,有,無,2052000,114000,,0.0,0,向政府機關承購之案件。,RPRNMLRKOHLFFAX77EA
馬公市,房地(土地+建物),澎湖縣馬公巿文昌街1~30號,44.4,住,,,1050513,土地1建物1車位0,二層,五層,公寓(5樓含以下無電梯),見其他登記事項,鋼筋混凝土造,0890111,150.79,4,2,2,有,無,5060000,33557,,0.0,0,土地增值稅.房屋契稅.印花規費.登記規費由權利人負擔,RPUNMLQKOHLFFAX87DA
馬公市,房地(土地+建物),澎湖縣馬公巿石泉1~30號,47.21,,鄉村區,乙種建築用地,1050516,土地1建物1車位0,全,三層,透天厝,住家用,鋼筋混凝土造,0720118,105.78,4,1,2,有,無,583258,5514,,0.0,0,親友、員工或其他特殊關係間之交易。,RPRNMLRLNHLFFAX57CA
馬公市,土地,安宅段661~690地號,132.08,,一般農業區,農牧用地,1050520,土地1建物0車位0,,,其他,,,,0.0,0,0,0,有,無,800000,6057,,0.0,0,親友、員工或其他特殊關係間之交易。,RPTNMLQLNHLFFAX67CA
馬公市,土地,中衛段121~150地號,938.0,農,,,1050425,土地1建物0車位0,,,其他,,,,0.0,0,0,0,有,無,4820000,5139,,0.0,0,,RPUNMLQLNHLFFAX77CA
馬公市,土地,文澳段2401~2430地號,143.0,住,,,1050426,土地1建物0車位0,,,其他,,,,0.0,0,0,0,有,無,6450000,45105,,0.0,0,,RPSNMLOKOHLFFAX37CA
馬公市,房地(土地+建物),澎湖縣馬公巿貿商街91~120號,28.82,住,,,1050517,土地2建物1車位0,七層,十層,華廈(10層含以下有電梯),見其他登記事項,鋼筋混凝土造,0950710,177.14999999999998,3,1,2,有,有,4560000,25741,,0.0,0,,RPRNMLRJOHLFFAX47CA
馬公市,土地,文寮段151~180地號,273.86,,一般農業區,農牧用地,1050523,土地1建物0車位0,,,其他,,,,0.0,0,0,0,有,無,700000,2556,,0.0,0,,RPRNMLLJOHLFFAX86CA
湖西鄉,土地,林投南段571~600地號,204.42,,鄉村區,乙種建築用地,1050513,土地1建物0車位0,,,其他,,,,0.0,0,0,0,有,無,2338000,11437,,0.0,0,,RPTNMLKMNHLFFAX27DA
湖西鄉,土地,成功南段301~330地號,49.58,,一般農業區,特定目的事業用地,1050518,土地1建物0車位0,,,其他,,,,0.0,0,0,0,有,無,463573,9350,,0.0,0,向政府機關承購之案件。,RPPNMLKMNHLFFAX96EA
馬公市,土地,北極段1141~1170地號,3.49,住,,,1050518,土地1建物0車位0,,,其他,,,,0.0,0,0,0,有,無,53327,15280,,0.0,0,,RPPNMLMJOHLFFAX96EA
馬公市,土地,馬公段2071~2100地號,32.78,住,,,1050512,土地1建物0車位0,,,其他,,,,0.0,0,0,0,有,無,2772000,84564,,0.0,0,,RPUNMLKMNHLFFAX37DA
白沙鄉,土地,後寮段1741~1770地號,301.0,,一般農業區,農牧用地,1050520,土地1建物0車位0,,,其他,,,,0.0,0,0,0,有,無,600000,1993,,0.0,0,,RPPNMLLJOHLFFAX76DA
馬公市,房地(土地+建物),澎湖縣馬公巿光榮街91~120號,103.56,住,,,1050515,土地2建物1車位0,全,四層,透天厝,見其他登記事項,鋼筋混凝土造,1041230,293.21,4,4,7,有,無,16800000,57297,,0.0,0,,RPSNMLPKOHLFFAX47CA
馬公市,土地,興崁段1051~1080地號,158.13,,一般農業區,甲種建築用地,1050512,土地2建物0車位0,,,其他,,,,0.0,0,0,0,有,無,7600000,48062,,0.0,0,農變建之起造人變更含未來興建房屋價款,RPQNMLNLOHLFFAX17CA
西嶼鄉,土地,小池角段3931~3960地號,66.12,,鄉村區,乙種建築用地,1050503,土地2建物0車位0,,,其他,,,,0.0,0,0,0,有,無,1000000,15124,,0.0,0,親友、員工或其他特殊關係間之交易。,RPTNMLMJOHLFFAX17CA
馬公市,房地(土地+建物),澎湖縣馬公巿光明路1~30號,47.0,商,,,1050512,土地2建物1車位0,全,三層,透天厝,住商用,鋼筋混凝土加強磚造,0640320,105.78,5,1,4,有,無,5100000,48213,,0.0,0,,RPUNMLMJOHLFFAX27CA
白沙鄉,房地(土地+建物),澎湖縣白沙鄉港子61~90號,136.0,,鄉村區,乙種建築用地,1050429,土地1建物1車位0,全,一層,透天厝,住家用,鋼筋混凝土加強空心磚造,0700301,66.44,1,1,1,有,無,440400,6629,,0.0,0,親友、員工或其他特殊關係間之交易。,RPRNMLMJOHLFFAX96CA
西嶼鄉,土地,合界段931~960地號,317.38,,一般農業區,甲種建築用地,1050523,土地1建物0車位0,,,其他,,,,0.0,0,0,0,有,無,500000,1575,,0.0,0,親友、員工或其他特殊關係間之交易。,RPTNMLOJOHLFFAX47DA
西嶼鄉,土地,二崁北段841~870地號,402.52,,一般農業區,農牧用地,1050519,土地2建物0車位0,,,其他,,,,0.0,0,0,0,有,無,1152000,2862,,0.0,0,,RPPNMLNJOHLFFAX86CA
白沙鄉,土地,通梁南段931~960地號,722.39,住,,,1050518,土地2建物0車位0,,,其他,,,,0.0,0,0,0,有,無,2800000,3876,,0.0,0,,RPQNMLOJOHLFFAX07CA
馬公市,土地,雙湖段241~270地號,582.19,,鄉村區,乙種建築用地,1050524,土地2建物0車位0,,,其他,,,,0.0,0,0,0,有,無,8568000,14717,,0.0,0,,RPSNMLOJOHLFFAX27CA
馬公市,土地,井垵西段1621~1650地號,548.03,,一般農業區,農牧用地,1050526,土地1建物0車位0,,,其他,,,,0.0,0,0,0,有,無,500000,912,,0.0,0,瑕疵物件之交易。,RPPNMLQJOHLFFAX17CA
湖西鄉,土地,葉新段1141~1170地號,1049.02,,一般農業區,農牧用地,1050526,土地1建物0車位0,,,其他,,,,0.0,0,0,0,有,無,3550000,3384,,0.0,0,,RPTNMLOKOHLFFAX47CA
馬公市,房地(土地+建物),澎湖縣馬公巿風櫃尾61~90號,90.75,,鄉村區,乙種建築用地,1050524,土地1建物1車位0,全,三層,透天厝,住家用,鋼筋混凝土加強磚造,0720330,113.78,3,1,1,有,無,1500000,13183,,0.0,0,,RPQNMLOKOHLFFAX17CA
白沙鄉,土地,吉貝西段1201~1230地號,689.9,,一般農業區,農牧用地,1050518,土地1建物0車位0,,,其他,,,,0.0,0,0,0,有,無,2800000,4059,,0.0,0,,RPRNMLOJOHLFFAX17CA
馬公市,土地,五德東段331~360地號,59.77,,一般農業區,農牧用地,1050531,土地1建物0車位0,,,其他,,,,0.0,0,0,0,有,無,230000,3848,,0.0,0,,RPQNMLPKOHLFFAX37DA
馬公市,房地(土地+建物),澎湖縣馬公巿西衛121~150號,88.08,,鄉村區,乙種建築用地,1050517,土地1建物1車位0,全,一層,透天厝,住家用,見其他登記事項,,48.85,1,1,0,有,無,810000,16581,,0.0,0,,RPPNMLRJOHLFFAX47EA
馬公市,土地,海堤段121~150地號,1041.62,,一般農業區,農牧用地,1050531,土地1建物0車位0,,,其他,,,,0.0,0,0,0,有,無,7245000,6956,,0.0,0,,RPPNMLNLOHLFFAX27EA
馬公市,土地,五德東段1~30地號,377.66,農,,,1050521,土地5建物0車位0,,,其他,,,,0.0,0,0,0,有,無,686000,1816,,0.0,0,,RPPNMLSJOHLFFAX37CA
馬公市,土地,井垵西段1171~1200地號,446.02,,一般農業區,農牧用地,1050601,土地1建物0車位0,,,其他,,,,0.0,0,0,0,有,無,500000,1121,,0.0,0,瑕疵物件之交易。地理位置不佳,RPXNMLOKOHLFFAX87CA
馬公市,房地(土地+建物),澎湖縣馬公巿西文澳121~150號,83.0,,鄉村區,乙種建築用地,1050517,土地2建物1車位0,全,三層,透天厝,住家用,鋼筋混凝土加強磚造,0670215,175.54,4,1,4,有,無,2000000,11393,,0.0,0,親友、員工或其他特殊關係間之交易。,RPPNMLPKOHLFFAX17CA
七美鄉,土地,七美二段541~570地號,313.76,,一般農業區,農牧用地,1050602,土地1建物0車位0,,,其他,,,,0.0,0,0,0,有,無,300000,956,,0.0,0,本件過戶完畢後雙方協議解除本買賣案件正在辦理中.,RPUNMLLLOHLFFAX37CA
馬公市,房地(土地+建物),澎湖縣馬公巿文光路61~90號,31.44,住,,,1050517,土地2建物1車位0,一層,七層,華廈(10層含以下有電梯),住家用,鋼筋混凝土造,0820601,144.91,3,1,2,有,有,4000000,27603,,0.0,0,親友、員工或其他特殊關係間之交易。,RPQNMLRLOHLFFAX57CA
馬公市,房地(土地+建物),澎湖縣馬公巿東衛121~150號,280.17,,一般農業區,甲種建築用地,1050503,土地2建物1車位0,全,三層,透天厝,住家用,鋼筋混凝土造,1030218,247.92,6,2,4,有,無,12600000,50823,,0.0,0,,RPPNMLOLOHLFFAX17CA
馬公市,土地,井垵西段1171~1200地號,449.35,,一般農業區,農牧用地,1050601,土地1建物0車位0,,,其他,,,,0.0,0,0,0,有,無,700000,1558,,0.0,0,瑕疵物件之交易。地理位置不佳,RPVNMLOKOHLFFAX67CA
湖西鄉,土地,成功南段61~90地號,321.23,,一般農業區,農牧用地,1050530,土地1建物0車位0,,,其他,,,,0.0,0,0,0,有,無,2200000,6849,,0.0,0,,RPPNMLNKOHLFFAX96CA
馬公市,土地,井垵西段1561~1590地號,360.7,,一般農業區,農牧用地,1050603,土地1建物0車位0,,,其他,,,,0.0,0,0,0,有,無,654000,1813,,0.0,0,,RPPNMLOKOHLFFAX07CA
七美鄉,土地,大嶼段3991~4020地號,320.0,,鄉村區,乙種建築用地,1050524,土地1建物0車位0,,,其他,,,,0.0,0,0,0,有,無,300000,938,,0.0,0,土地增值稅由買賣雙方各半負?,RPTNMLLLOHLFFAX27CA
馬公市,房地(土地+建物),澎湖縣馬公巿西衛271~300號,34.29,,一般農業區,甲種建築用地,1050526,土地1建物1車位0,三層,五層,公寓(5樓含以下無電梯),住家用,鋼筋混凝土造,0841230,95.82,3,2,2,有,無,3160000,32979,,0.0,0,,RPTNMLPKOHLFFAX57CA
湖西鄉,土地,北寮新段601~630地號,564.82,,一般農業區,農牧用地,1050518,土地1建物0車位0,,,其他,,,,0.0,0,0,0,有,無,2049600,3629,,0.0,0,,RPSNMLQKOHLFFAX67DA
馬公市,房地(土地+建物),澎湖縣馬公巿石泉1~30號,69.04,,一般農業區,甲種建築用地,1050527,土地1建物1車位0,全,三層,透天厝,住家用,鋼筋混凝土造,0871104,140.99,4,1,3,有,無,3600000,25534,,0.0,0,,RPSNMLRKOHLFFAX77DA
馬公市,土地,馬公段2011~2040地號,342.0,商,,,1050601,土地2建物0車位0,,,其他,,,,0.0,0,0,0,有,無,36232000,105942,,0.0,0,向政府機關承購之案件。,RPPNMLQKOHLFFAX27CA
馬公市,土地,鐵線段1351~1380地號,655.44,,一般農業區,農牧用地,1050331,土地2建物0車位0,,,其他,,,,0.0,0,0,0,有,無,636055,970,,0.0,0,,RPRNMLOJPHLFFAX27CA
湖西鄉,土地,成功南段931~960地號,1917.92,,一般農業區,農牧用地,1050531,土地1建物0車位0,,,其他,,,,0.0,0,0,0,有,無,9260000,4828,,0.0,0,,RPRNMLKMOHLFFAX07CA
馬公市,土地,馬公段1291~1320地號,90.0,商,,,1050502,土地2建物0車位0,,,其他,,,,0.0,0,0,0,有,無,11000000,122222,,0.0,0,,RPQNMLQKOHLFFAX37CA
馬公市,土地,東衛段721~750地號,285.12,,一般農業區,農牧用地,1050608,土地1建物0車位0,,,其他,,,,0.0,0,0,0,有,無,2100000,7365,,0.0,0,,RPRNMLQKOHLFFAX47CA
馬公市,房地(土地+建物),澎湖縣馬公巿六合路9巷1~30號,81.99,住,,,1050604,土地1建物1車位0,全,二層,透天厝,住家用,鋼筋混凝土加強磚造,0751215,122.87,4,2,3,有,無,4600000,37438,,0.0,0,,RPTNMLQKOHLFFAX67CA
馬公市,房地(土地+建物)+車位,澎湖縣馬公巿西文澳61~90號,41.4,住,,,1050520,土地1建物1車位1,一層，二層,六層,華廈(10層含以下有電梯),住商用,鋼筋混凝土造,0840317,197.61,3,2,2,有,有,4600000,23278,坡道平面,0.0,0,,RPVNMLQKOHLFFAX87CA
馬公市,土地,五福段691~720地號,861.91,,一般農業區,農牧用地,1050606,土地1建物0車位0,,,其他,,,,0.0,0,0,0,有,無,9200000,10674,,0.0,0,,RPPNMLKLOHLFFAX76CA
馬公市,土地,國宅段301~330地號,330.16,,一般農業區,農牧用地,1050602,土地1建物0車位0,,,其他,,,,0.0,0,0,0,有,無,3000000,9087,,0.0,0,,RPRNMLMLOHLFFAX17CA
馬公市,建物,澎湖縣馬公巿鎖管港211~240號,0.0,,,,1050602,土地0建物1車位0,全,二層,透天厝,住商用,鋼筋混凝土加強磚造,0710806,93.22,3,1,2,有,無,2000000,21455,,0.0,0,,RPSNMLMLOHLFFAX27CA
馬公市,房地(土地+建物),澎湖縣馬公巿鎖管港301~330號,109.02,住,,,1050531,土地1建物1車位0,全,三層,透天厝,住家用,鋼筋混凝土造,1050420,242.2,6,1,7,有,無,7380000,30471,,0.0,0,,RPPNMLMLOHLFFAX07DA
白沙鄉,土地,後寮段541~570地號,863.0,,一般農業區,農牧用地,1050610,土地1建物0車位0,,,其他,,,,0.0,0,0,0,有,無,1430000,1657,,0.0,0,急買急賣。,RPQNMLMLOHLFFAX07CA
馬公市,房地(土地+建物),澎湖縣馬公巿石泉1~30號,53.61,,鄉村區,乙種建築用地,1050531,土地1建物1車位0,全,二層,透天厝,住家用,鋼筋混凝土加強磚造,0720920,99.44,3,1,2,有,無,3800000,38214,,0.0,0,,RPQNMLKLOHLFFAX86CA
白沙鄉,土地,後寮段2911~2940地號,1290.51,,一般農業區,農牧用地,1050520,土地3建物0車位0,,,其他,,,,0.0,0,0,0,有,無,650000,504,,0.0,0,親友、員工或其他特殊關係間之交易。,RPPNMLLLOHLFFAX86CA
馬公市,房地(土地+建物),澎湖縣馬公巿?頭掛1~30號,124.5,,一般農業區,農牧用地,1050608,土地2建物1車位0,全,一層,透天厝,住家用,見其他登記事項,,5.9,2,1,2,有,無,294000,49831,,0.0,0,承買人二人為共有人,RPRNMLLLOHLFFAX07CA
馬公市,土地,風櫃西段1291~1320地號,1333.07,,一般農業區,農牧用地,1050608,土地1建物0車位0,,,其他,,,,0.0,0,0,0,有,無,20560000,15423,,0.0,0,,RPPNMLRLOHLFFAX47CA
馬公市,土地,文寮段31~60地號,223.26,,一般農業區,甲種建築用地,1050603,土地2建物0車位0,,,其他,,,,0.0,0,0,0,有,無,4280000,19170,,0.0,0,,RPPNMLPKPHLFFAX27CA
馬公市,土地,文寮段31~60地號,224.99,,一般農業區,甲種建築用地,1050603,土地2建物0車位0,,,其他,,,,0.0,0,0,0,有,無,4220000,18756,,0.0,0,,RPQNMLPKPHLFFAX37CA
馬公市,土地,興仁南段271~300地號,1005.53,,一般農業區,農牧用地,1050615,土地1建物0車位0,,,其他,,,,0.0,0,0,0,有,無,2000000,1989,,0.0,0,親友、員工或其他特殊關係間之交易。,RPPNMLMKPHLFFAX17EA
馬公市,土地,光華段361~390地號,169.46,,一般農業區,農牧用地,1050518,土地1建物0車位0,,,其他,,,,0.0,0,0,0,有,無,32000,189,,0.0,0,親友、員工或其他特殊關係間之交易。,RPQNMLLLOHLFFAX17EA
馬公市,土地,五德東段541~570地號,319.05,,一般農業區,農牧用地,1050516,土地1建物0車位0,,,其他,,,,0.0,0,0,0,有,無,599814,1880,,0.0,0,,RPTNMLKMOHLFFAX37DA
馬公市,房地(土地+建物),澎湖縣馬公巿貿商街121~150號,30.6,住,,,1050530,土地2建物1車位0,十四層,十四層,住宅大樓(11層含以上有電梯),見其他登記事項,鋼筋混凝土造,0950710,188.19,3,2,2,有,有,4600000,24443,,0.0,0,,RPTNMLMLOHLFFAX37CA
馬公市,土地,海堤段1051~1080地號,117.52,住,,,1050614,土地1建物0車位0,,,其他,,,,0.0,0,0,0,有,無,1065000,9062,,0.0,0,,RPPNMLQLOHLFFAX37CA
馬公市,土地,東澳段841~870地號,179.67,住,,,1050524,土地2建物0車位0,,,其他,,,,0.0,0,0,0,有,無,9780000,54433,,0.0,0,"870地號持分54/60為6580000元,持分6/60為730000元。871地號為2470000元",RPQNMLQLOHLFFAX47CA
馬公市,土地,五福段61~90地號,485.25,,一般農業區,農牧用地,1050531,土地1建物0車位0,,,其他,,,,0.0,0,0,0,有,無,6030000,12427,,0.0,0,,RPRNMLOKPHLFFAX37CA
馬公市,土地,中衛段1561~1590地號,1853.01,,一般農業區,農牧用地,1050523,土地1建物0車位0,,,其他,,,,0.0,0,0,0,有,無,15000000,8095,,0.0,0,,RPOOMLMKPHLFFAX96CA
七美鄉,土地,大嶼段5641~5670地號,23.0,,一般農業區,農牧用地,1050608,土地1建物0車位0,,,其他,,,,0.0,0,0,0,有,無,80000,3478,,0.0,0,,RPQNMLKMOHLFFAX96CA
馬公市,土地,文寮段661~690地號,3.73,,鄉村區,乙種建築用地,1050518,土地1建物0車位0,,,其他,,,,0.0,0,0,0,有,無,75682,20290,,0.0,0,向政府機關承購之案件。,RPQNMLKLPHLFFAX17EA
馬公市,房地(土地+建物),澎湖縣馬公巿鎖管港301~330號,105.69,住,,,1050531,土地1建物1車位0,全,三層,透天厝,住家用,鋼筋混凝土造,1050420,235.85,5,1,6,有,無,7380000,31291,,0.0,0,,RPSNMLMJPHLFFAX27DA
湖西鄉,土地,紅羅段541~570地號,674.17,,一般農業區,農牧用地,1050620,土地1建物0車位0,,,其他,,,,0.0,0,0,0,有,無,1688000,2504,,0.0,0,,RPPNMLQJPHLFFAX27CA
馬公市,土地,鎖港西段121~150地號,102.65,住,,,1050617,土地1建物0車位0,,,其他,,,,0.0,0,0,0,有,無,900000,8768,,0.0,0,,RPQNMLLJPHLFFAX86CA
馬公市,土地,烏崁新段271~300地號,646.29,,一般農業區,農牧用地,1050615,土地1建物0車位0,,,其他,,,,0.0,0,0,0,有,無,1173000,1815,,0.0,0,,RPRNMLPJPHLFFAX37CA
馬公市,土地,文澳段2401~2430地號,407.0,住,,,1050614,土地1建物0車位0,,,其他,,,,0.0,0,0,0,有,無,20000000,49140,,0.0,0,,RPQNMLOJPHLFFAX27DA
馬公市,房地(土地+建物)+車位,澎湖縣馬公巿文光路168巷31~60號,29.49,住,,,1050603,土地2建物1車位1,四層,六層,華廈(10層含以下有電梯),住家用,鋼筋混凝土造,0821015,129.94,3,2,2,有,無,3900000,30014,坡道平面,0.0,0,,RPQNMLQJPHLFFAX47DA
西嶼鄉,房地(土地+建物),澎湖縣西嶼鄉91~120號,105.0,,鄉村區,乙種建築用地,1050531,土地1建物1車位0,全,一層,透天厝,住家用,見其他登記事項,,29.2,2,1,1,有,無,300000,10274,,0.0,0,親友關係間之交易。,RPSNMLRJPHLFFAX67CA
湖西鄉,土地,成功南段931~960地號,329.88,,一般農業區,農牧用地,1050622,土地1建物0車位0,,,其他,,,,0.0,0,0,0,有,無,1596600,4840,,0.0,0,,RPPNMLTJPHLFFAX57CA
馬公市,土地,山水北段211~240地號,732.95,,一般農業區,農牧用地,1050608,土地1建物0車位0,,,其他,,,,0.0,0,0,0,有,無,8177000,11156,,0.0,0,,RPPNMLMJPHLFFAX86CA
湖西鄉,土地,隘門新段931~960地號,873.82,,一般農業區,農牧用地,1050620,土地1建物0車位0,,,其他,,,,0.0,0,0,0,有,無,5680000,6500,,0.0,0,,RPQNMLMJPHLFFAX96CA
馬公市,土地,五福段121~150地號,205.67,,一般農業區,農牧用地,1050622,土地2建物0車位0,,,其他,,,,0.0,0,0,0,有,無,2650000,12885,,0.0,0,,RPRNMLQJPHLFFAX47CA
白沙鄉,土地,後寮段1891~1920地號,506.0,,一般農業區,農牧用地,1050524,土地1建物0車位0,,,其他,,,,0.0,0,0,0,有,無,1705000,3370,,0.0,0,,RPRNMLRJPHLFFAX57CA
馬公市,房地(土地+建物),澎湖縣馬公巿石泉1~30號,149.19,,一般農業區,甲種建築用地,1050604,土地2建物1車位0,全,二層,透天厝,住家用,加強磚造,0660101,152.58,5,2,5,有,無,8200000,53742,,0.0,0,,RPPNMLKLPHLFFAX86CA
西嶼鄉,土地,竹灣段1081~1110地號,194.03,,一般農業區,農牧用地,1050617,土地1建物0車位0,,,其他,,,,0.0,0,0,0,有,無,213437,1100,,0.0,0,,RPPNMLLLPHLFFAX96CA
馬公市,房地(土地+建物),澎湖縣馬公巿光復路31~60號,42.0,商,,,1050607,土地1建物1車位0,全,三層,透天厝,住商用,鋼筋混凝土造,0670615,89.76,3,1,3,有,無,4600000,51248,,0.0,0,親友、員工或其他特殊關係間之交易。,RPPNMLQLPHLFFAX47CA
西嶼鄉,土地,小池角段1351~1380地號,40.0,,一般農業區,農牧用地,1050628,土地1建物0車位0,,,其他,,,,0.0,0,0,0,有,無,90000,2250,,0.0,0,,RPQNMLQLPHLFFAX57CA
馬公市,房地(土地+建物)+車位,澎湖縣馬公巿貿商街121~150號,28.82,住,,,1050519,土地2建物1車位1,六層,十四層,住宅大樓(11層含以上有電梯),見其他登記事項,鋼筋混凝土造,0950710,177.19,3,1,2,有,有,4360000,24606,坡道平面,0.0,0,,RPTNMLRJPHLFFAX77CA
馬公市,房地(土地+建物),澎湖縣馬公巿光復路148巷1~30號,8.28,住,,,1050526,土地2建物1車位0,六層,七層,華廈(10層含以下有電梯),住家用,鋼筋混凝土造,0830303,53.39,1,1,1,有,有,1500000,28095,,0.0,0,,RPRNMLLKPHLFFAX07CA
湖西鄉,房地(土地+建物),澎湖縣湖西鄉沙港31~60號,294.34,,鄉村區,乙種建築用地,1050607,土地1建物1車位0,全,一層,透天厝,住家用,見其他登記事項,0230101,113.55,2,1,1,有,無,4600000,40511,,0.0,0,,RPRNMLMJPHLFFAX07CA
馬公市,土地,興仁段1411~1440地號,39.0,,一般農業區,交通用地,1050516,土地1建物0車位0,,,其他,,,,0.0,0,0,0,有,無,247590,6348,,0.0,0,,RPPNMLPJPHLFFAX27DA
湖西鄉,土地,湖西南段1201~1230地號,366.9,,一般農業區,農牧用地,1050629,土地1建物0車位0,,,其他,,,,0.0,0,0,0,有,無,990000,2698,,0.0,0,,RPTNMLQJPHLFFAX87EA
西嶼鄉,土地,二崁南段451~480地號,151.69,其他,,,1050617,土地1建物0車位0,,,其他,,,,0.0,0,0,0,有,無,350000,2307,,0.0,0,,RPRNMLNKPHLFFAX47EA
馬公市,土地,中山段271~300地號,1.47,住,,,1050624,土地1建物0車位0,,,其他,,,,0.0,0,0,0,有,無,50000,34014,,0.0,0,畸零地或有合併使用之交易。,RPTNMLPJPHLFFAX67DA
馬公市,房地(土地+建物),澎湖縣馬公巿朝陽路61~90號,24.04,住,,,1050627,土地4建物1車位0,四層,七層,華廈(10層含以下有電梯),住家用,鋼筋混凝土造,0830509,133.26,3,2,2,有,有,4150000,31142,,0.0,0,,RPUNMLPJPHLFFAX77DA
湖西鄉,土地,鼎灣新段1261~1290地號,1460.0,,一般農業區,農牧用地,1050621,土地1建物0車位0,,,其他,,,,0.0,0,0,0,有,無,1806246,1237,,0.0,0,,RPSNMLQJPHLFFAX67DA
白沙鄉,土地,後寮段1861~1890地號,770.0,,一般農業區,農牧用地,1050616,土地2建物0車位0,,,其他,,,,0.0,0,0,0,有,無,1635699,2124,,0.0,0,,RPQNMLSLPHLFFAX87DA
馬公市,土地,文東段1801~1830地號,472.76,,一般農業區,農牧用地,1050620,土地3建物0車位0,,,其他,,,,0.0,0,0,0,有,無,1480000,3131,,0.0,0,親友、員工或其他特殊關係間之交易。,RPSNMLPJPHLFFAX47CA
馬公市,土地,文東段901~930地號,283.49,,一般農業區,農牧用地,1050624,土地1建物0車位0,,,其他,,,,0.0,0,0,0,有,無,6501000,22932,,0.0,0,向政府機關承購之案件。,RPSNMLMKPHLFFAX27CA
馬公市,土地,馬公段91~120地號,63.0,商,,,1050628,土地1建物0車位0,,,其他,,,,0.0,0,0,0,有,無,10680000,169524,,0.0,0,,RPTNMLMKPHLFFAX37CA
馬公市,土地,文石段31~60地號,604.03,,一般農業區,農牧用地,1050624,土地1建物0車位0,,,其他,,,,0.0,0,0,0,有,無,33440000,55361,,0.0,0,"共有人4人。農變建專案核准,交易總價包括未興建房屋建築費用。",RPXNMLMKPHLFFAX77CA
湖西鄉,土地,尖山南段421~450地號,2371.83,,一般農業區,農牧用地,1050628,土地1建物0車位0,,,其他,,,,0.0,0,0,0,有,無,10770000,4541,,0.0,0,,RPPNMLLKPHLFFAX86CA
馬公市,土地,文寮段1321~1350地號,22.2,,鄉村區,水利用地,1050624,土地2建物0車位0,,,其他,,,,0.0,0,0,0,有,無,245311,11050,,0.0,0,向政府機關承購之案件。,RPPNMLRJPHLFFAX37CA
馬公市,土地,文寮段931~960地號,154.57,,一般農業區,農牧用地,1050624,土地1建物0車位0,,,其他,,,,0.0,0,0,0,有,無,1707999,11050,,0.0,0,向政府機關承購之案件。,RPQNMLRJPHLFFAX47CA
馬公市,房地(土地+建物),澎湖縣馬公巿五福路91~120號,71.89,,鄉村區,乙種建築用地,1050627,土地2建物1車位0,全,二層,透天厝,住家用,鋼筋混凝土加強磚造,0691020,120.4,3,2,2,有,無,931790,7739,,0.0,0,親友、員工或其他特殊關係間之交易。,RPRNMLSLPHLFFAX87CA
湖西鄉,土地,紅羅段181~210地號,136.8,,一般農業區,農牧用地,1050510,土地1建物0車位0,,,其他,,,,0.0,0,0,0,有,無,120000,877,,0.0,0,,RPPNMLPLPHLFFAX47DA
馬公市,房地(土地+建物),澎湖縣馬公巿鎖管港301~330號,105.67,住,,,1050531,土地1建物1車位0,全,三層,透天厝,住家用,鋼筋混凝土造,1050420,235.28,5,1,6,有,無,8000000,34002,,0.0,0,,RPQNMLMKPHLFFAX17DA
馬公市,房地(土地+建物)+車位,澎湖縣馬公市新生路181~210號,32.57,住,,,1050620,土地5建物1車位0,六層,七層,華廈(10層含以下有電梯),住家用,鋼筋混凝土造,0840511,211.21,3,3,2,有,無,5200000,24620,坡道平面,0.0,0,,RPPNMLLLOHOFFAX17CA
馬公市,土地,埕東段301~330地號,4.63,其他,,,1050707,土地1建物0車位0,,,其他,,,,0.0,0,0,0,有,無,44688,9652,,0.0,0,,RPRNMLLJQHLFFAX17DA
湖西鄉,土地,潭邊新段361~390地號,1144.49,,一般農業區,農牧用地,1050511,土地1建物0車位0,,,其他,,,,0.0,0,0,0,有,無,3600000,3146,,0.0,0,親友、員工或其他特殊關係間之交易。,RPPNMLTLPHLFFAX77CA
馬公市,房地(土地+建物),澎湖縣馬公巿啟明里仁愛路福德巷1~30號,34.0,商,,,1050519,土地1建物1車位0,全,一層,透天厝,住家用,見其他登記事項,,49.32,0,0,0,無,無,3085000,62551,,0.0,0,,RPTOMLMKPHLFFAX47CA
白沙鄉,土地,赤崁南段1~30地號,34.24,,一般農業區,農牧用地,1050701,土地1建物0車位0,,,其他,,,,0.0,0,0,0,有,無,110000,3213,,0.0,0,,RPPNMLOKPHLFFAX17CA
馬公市,土地,光華段541~570地號,999.76,,一般農業區,農牧用地,1050620,土地1建物0車位0,,,其他,,,,0.0,0,0,0,有,無,4536000,4537,,0.0,0,,RPUNMLMKPHLFFAX47CA
馬公市,土地,鐵線段571~600地號,780.84,,一般農業區,農牧用地,1050623,土地1建物0車位0,,,其他,,,,0.0,0,0,0,有,無,25612000,32801,,0.0,0,"權利人數4人,變更起造人,含未來興建房屋之費用",RPRNMLSJQHLFFAX77CA
馬公市,土地,埕東段301~330地號,4.63,其他,,,1050707,土地1建物0車位0,,,其他,,,,0.0,0,0,0,有,無,44688,9652,,0.0,0,,RPSNMLLJQHLFFAX27DA
白沙鄉,土地,赤崁南段1~30地號,749.36,,一般農業區,農牧用地,1050623,土地2建物0車位0,,,其他,,,,0.0,0,0,0,有,無,3800000,5071,,0.0,0,賣方賣清價,RPRNMLMKPHLFFAX27DA
望安鄉,土地,水垵段2011~2040地號,92.25,,鄉村區,乙種建築用地,1050622,土地1建物0車位0,,,其他,,,,0.0,0,0,0,有,無,130000,1409,,0.0,0,,RPPOMLMJQHLFFAX17DA
湖西鄉,土地,沙港北段961~990地號,100.06,,鄉村區,乙種建築用地,1050414,土地1建物0車位0,,,其他,,,,0.0,0,0,0,有,無,315174,3150,,0.0,0,向政府機關承購之案件。,RPUNMLPKPHLFFAX97EA
白沙鄉,土地,中屯新1861~1890地號,339.54,,鄉村區,乙種建築用地,1050630,土地2建物0車位0,,,其他,,,,0.0,0,0,0,有,無,963000,2836,,0.0,0,向政府機關承購之案件。,RPSNMLNKPHLFFAX57EA
白沙鄉,土地,中屯新1801~1830地號,1784.93,,風景區,農牧用地,1050630,土地2建物0車位0,,,其他,,,,0.0,0,0,0,有,無,3339176,1871,,0.0,0,向政府機關承購之案件。,RPUNMLNKPHLFFAX77EA
馬公市,房地(土地+建物)+車位,澎湖縣馬公市陽明路61~90號,33.21,住,,,1050616,土地2建物1車位1,六層,七層,華廈(10層含以下有電梯),住家用,鋼筋混凝土造,0880515,207.71999999999997,3,2,2,有,無,6360000,30618,一樓平面,0.0,0,,RPUNMLKLOHOFFAX67DA
馬公市,房地(土地+建物),澎湖縣馬公巿東衛里271~300號,173.68,,一般農業區,甲種建築用地,1050628,土地3建物1車位0,全,三層,透天厝,住家用,鋼筋混凝土造,0940124,178.48,3,1,3,有,無,5500000,30816,,0.0,0,,RPOOMLMJQHLFFAX07DA
白沙鄉,房地(土地+建物),澎湖縣白沙鄉91~120號,79.06,,鄉村區,乙種建築用地,1050701,土地1建物1車位0,全,一層,透天厝,住家用,見其他登記事項,0120101,20.61,2,1,1,有,無,300000,14556,,0.0,0,,RPQNMLNKPHLFFAX27DA
馬公市,土地,文石段361~390地號,810.3,,鄉村區,乙種建築用地,1050630,土地2建物0車位0,,,其他,,,,0.0,0,0,0,有,無,28000000,34555,,0.0,0,,RPRNMLPKPHLFFAX57DA
馬公市,土地,埕東段301~330地號,4.63,其他,,,1050707,土地1建物0車位0,,,其他,,,,0.0,0,0,0,有,無,44688,9652,,0.0,0,,RPTNMLLJQHLFFAX37DA
馬公市,房地(土地+建物),澎湖縣馬公市光復路241~270號,27.14,住,,,1050621,土地1建物1車位0,全,一層,透天厝,住家用,見其他登記事項,0510519,14.91,1,0,1,有,無,2100000,140845,,0.0,0,,RPXNMLKLOHOFFAX87CA
馬公市,房地(土地+建物),澎湖縣馬公巿五福路3巷31~60號,73.87,,鄉村區,乙種建築用地,1050624,土地5建物1車位0,四層,五層,公寓(5樓含以下無電梯),住家用,鋼筋混凝土造,0850423,148.61999999999998,4,1,2,有,無,3620000,24357,,0.0,0,,RPPNMLSJQHLFFAX57CA
湖西鄉,土地,沙港北段991~1020地號,57.9,,鄉村區,乙種建築用地,1050630,土地1建物0車位0,,,其他,,,,0.0,0,0,0,有,無,198018,3420,,0.0,0,,RPSNMLOKPHLFFAX47CA
西嶼鄉,土地,二崁北段91~120地號,155.01,其他,,,1050617,土地1建物0車位0,,,其他,,,,0.0,0,0,0,有,無,320000,2064,,0.0,0,,RPRNMLTKPHLFFAX97DA
馬公市,土地,裡新段301~330地號,10.0,,鄉村區,乙種建築用地,1050615,土地1建物0車位0,,,其他,,,,0.0,0,0,0,有,無,142300,14230,,0.0,0,權利人共2人向政府機關承購之案件。,RPSNMLNJQHLFFAX47DA
馬公市,土地,文寮段661~690地號,5.63,,鄉村區,交通用地,1050622,土地1建物0車位0,,,其他,,,,0.0,0,0,0,有,無,65139,11570,,0.0,0,向政府機關承購之案件。,RPRNMLKLPHLFFAX27EA
白沙鄉,土地,中屯新2041~2070地號,720.67,,風景區,農牧用地,1050630,土地1建物0車位0,,,其他,,,,0.0,0,0,0,有,無,1200000,1665,,0.0,0,向政府機關承購之案件。,RPVNMLPKPHLFFAX08EA
七美鄉,土地,大嶼段4411~4440地號,398.0,,一般農業區,甲種建築用地,1050630,土地2建物0車位0,,,其他,,,,0.0,0,0,0,有,無,798000,2005,,0.0,0,向政府機關承購之案件。,RPVNMLNJQHLFFAX77DA
湖西鄉,土地,成功南段1141~1170地號,993.41,,一般農業區,農牧用地,1050630,土地1建物0車位0,,,其他,,,,0.0,0,0,0,有,無,9000000,9060,,0.0,0,親友、員工或其他特殊關係間之交易。共有人3人,RPRNMLKKQHLFFAX17DA
西嶼鄉,土地,二崁南段961~990地號,2809.94,,風景區,國土保安用地,1050516,土地3建物0車位0,,,其他,,,,0.0,0,0,0,有,無,5100000,1815,,0.0,0,,RPTNMLPLPHLFFAX77CA
馬公市,房地(土地+建物),澎湖縣馬公巿雞母塢31~60號,584.23,,鄉村區,乙種建築用地,1050602,土地1建物1車位0,全,一層,透天厝,住家用,見其他登記事項,0660409,70.38,4,1,1,有,無,4860000,69054,,0.0,0,,RPSNMLSJQHLFFAX87CA
馬公市,土地,興崁段1051~1080地號,198.48,,一般農業區,甲種建築用地,1050617,土地2建物0車位0,,,其他,,,,0.0,0,0,0,有,無,7900000,39802,,0.0,0,農變建之起造人變更含未來興建房屋價款,RPPNMLLKQHLFFAX96CA
馬公市,土地,雙湖段1021~1050地號,171.38,,,,1050603,土地1建物0車位0,,,其他,,,,0.0,0,0,0,有,無,1425882,8320,,0.0,0,向政府機關承購之案件。權利人共2人。,RPRNMLMJQHLFFAX17CA
西嶼鄉,土地,竹灣段1831~1860地號,732.31,,一般農業區,農牧用地,1050628,土地1建物0車位0,,,其他,,,,0.0,0,0,0,有,無,1500000,2048,,0.0,0,親友、員工或其他特殊關係間之交易。,RPRNMLPLPHLFFAX57CA
馬公市,房地(土地+建物)+車位,澎湖縣馬公巿貿商街121~150號,26.95,住,,,1050531,土地1建物1車位1,十二層,十二層,住宅大樓(11層含以上有電梯),見其他登記事項,鋼筋混凝土造,0950629,181.29000000000002,3,2,2,有,有,4300000,23719,坡道平面,0.0,0,,RPPNMLRLPHLFFAX57CA
七美鄉,土地,七美二段541~570地號,1094.33,,一般農業區,農牧用地,1050630,土地1建物0車位0,,,其他,,,,0.0,0,0,0,有,無,3940000,3600,,0.0,0,,RPQNMLTKPHLFFAX77CA
馬公市,房地(土地+建物),澎湖縣馬公巿民福路121~150號,65.0,商,,,1050710,土地2建物1車位0,全,三層,透天厝,住商用,鋼筋混凝土造,0650621,157.5,3,2,3,有,無,8230000,52254,,0.0,0,,RPPNMLSKPHLFFAX67DA
湖西鄉,土地,潭邊新段721~750地號,96.82,,鄉村區,乙種建築用地,1050414,土地1建物0車位0,,,其他,,,,0.0,0,0,0,有,無,508000,5247,,0.0,0,向政府機關承購之案件。,RPWNMLPKPHLFFAX18EA
湖西鄉,土地,湖東新段481~510地號,228.83,,一般農業區,農牧用地,1050714,土地1建物0車位0,,,其他,,,,0.0,0,0,0,有,無,722200,3156,,0.0,0,,RPPNMLNLPHLFFAX17CA
七美鄉,土地,大嶼段3781~3810地號,162.8,,一般農業區,甲種建築用地,1050530,土地1建物0車位0,,,其他,,,,0.0,0,0,0,有,無,293040,1800,,0.0,0,"本買賣案件未訂私契,親友關係間之交易買回祖產分得部分,以公契價作為買賣價。",RPQNMLNJQHLFFAX17CA
湖西鄉,土地,城北段1051~1080地號,1186.09,,一般農業區,農牧用地,1050712,土地1建物0車位0,,,其他,,,,0.0,0,0,0,有,無,5740000,4839,,0.0,0,,RPROMLSJQHLFFAX87CA
馬公市,房地(土地+建物)+車位,澎湖縣馬公巿文前街89巷1~30號,97.32,住,,,1050707,土地2建物1車位1,全,五層,透天厝,住家用,鋼筋混凝土造,0950517,210.65,4,3,3,有,無,8000000,37978,一樓平面,0.0,0,,RPSOMLSJQHLFFAX97CA
馬公市,房地(土地+建物)+車位,澎湖縣馬公巿三多路331~360號,28.65,住,,,1050713,土地1建物1車位1,十層,十四層,住宅大樓(11層含以上有電梯),見其他登記事項,鋼筋混凝土造,0950629,192.67000000000002,3,2,2,有,有,4650000,24135,坡道平面,0.0,0,,RPQNMLLLPHLFFAX17DA
馬公市,房地(土地+建物),澎湖縣馬公巿光榮街61~90號,130.2,住,,,1050622,土地1建物1車位0,全,三層,透天厝,住家用,鋼筋混凝土造,0950926,244.56,11,1,6,有,無,12800000,52339,,0.0,0,,RPPNMLMLPHLFFAX17DA
馬公市,房地(土地+建物),澎湖縣馬公巿石泉里181~210號,231.8,,一般農業區,甲種建築用地,1050706,土地1建物1車位0,全,三層,透天厝,住家用,鋼筋混凝土造,1050504,296.36,6,2,5,有,無,9300000,31381,,0.0,0,,RPXNMLMJQHLFFAX87DA
湖西鄉,房地(土地+建物),澎湖縣湖西鄉沙港121~150號,115.41,,一般農業區,甲種建築用地,1050616,土地2建物1車位0,全,三層,透天厝,住家用,鋼筋混凝土造,0880304,184.31,4,1,4,有,無,3600000,19532,,0.0,0,親友、員工或其他特殊關係間之交易。,RPSNMLKKQHLFFAX27DA
湖西鄉,房地(土地+建物),澎湖縣湖西鄉沙港181~210號,273.19,,鄉村區,乙種建築用地,1050625,土地1建物1車位0,全,一層,透天厝,住家用,見其他登記事項,0070101,64.51,4,1,1,有,無,1106666,17155,,0.0,0,,RPSNMLPLPHLFFAX67CA
馬公市,土地,山水北段331~360地號,115.85,農,,,1050705,土地1建物0車位0,,,其他,,,,0.0,0,0,0,有,無,663821,5730,,0.0,0,向政府機關承購之案件。,RPTNMLMJQHLFFAX37CA
馬公市,土地,四維段871~900地號,201.54,,鄉村區,乙種建築用地,1050712,土地2建物0車位0,,,其他,,,,0.0,0,0,0,有,無,6090000,30217,,0.0,0,,RPQNMLRLPHLFFAX67CA
馬公市,土地,烏崁新段1441~1470地號,742.43,,一般農業區,農牧用地,1050713,土地1建物0車位0,,,其他,,,,0.0,0,0,0,有,無,1880000,2532,,0.0,0,,RPQOMLSJQHLFFAX77CA
白沙鄉,土地,後寮段1921~1950地號,614.0,,一般農業區,農牧用地,1050630,土地1建物0車位0,,,其他,,,,0.0,0,0,0,有,無,3900000,6352,,0.0,0,,RPUNMLPLPHLFFAX08EA
七美鄉,土地,七美二段751~780地號,407.61,,鄉村區,乙種建築用地,1050712,土地1建物0車位0,,,其他,,,,0.0,0,0,0,有,無,611415,1500,,0.0,0,"本買賣案件未訂私契,親友關係間之交易買回祖產分得部分,以公契價作為買賣價.",RPRNMLNJQHLFFAX27CA
白沙鄉,土地,講美段781~810地號,897.06,,一般農業區,農牧用地,1050711,土地1建物0車位0,,,其他,,,,0.0,0,0,0,有,無,2713600,3025,,0.0,0,,RPTNMLSJQHLFFAX97CA
馬公市,房地(土地+建物)+車位,澎湖縣馬公巿貿商街121~150號,28.82,住,,,1050628,土地2建物1車位1,四層,十四層,住宅大樓(11層含以上有電梯),見其他登記事項,鋼筋混凝土造,0950710,177.19,3,1,2,有,有,3138573,17713,坡道平面,0.0,0,,RPQNMLLKQHLFFAX07CA
湖西鄉,土地,城北段961~990地號,293.67,,一般農業區,農牧用地,1050707,土地1建物0車位0,,,其他,,,,0.0,0,0,0,有,無,3000000,10216,,0.0,0,,RPUOMLSJQHLFFAX28DA
馬公市,房地(土地+建物),澎湖縣馬公巿石泉里181~210號,254.69,,一般農業區,甲種建築用地,1050713,土地3建物1車位0,全,三層,透天厝,住家用,鋼筋混凝土造,1050504,296.36,6,2,5,有,無,9500000,32056,,0.0,0,,RPVNMLMJQHLFFAX67DA
馬公市,土地,雙湖段61~90地號,1334.13,,一般農業區,農牧用地,1050706,土地1建物0車位0,,,其他,,,,0.0,0,0,0,有,無,58600000,43924,,0.0,0,權利人為四人；含未來興建四戶房屋價款,RPRNMLTKQHLFFAX97CA
馬公市,土地,鎖港南段361~390地號,647.2,,一般農業區,農牧用地,1050719,土地3建物0車位0,,,其他,,,,0.0,0,0,0,有,無,7330000,11326,,0.0,0,,RPTNMLNLQHLFFAX67CA
馬公市,房地(土地+建物),澎湖縣馬公巿大智街1~30號,104.0,商,,,1050628,土地1建物1車位0,全,四層,透天厝,住商用,鋼筋混凝土造,0750605,496.44,7,2,3,有,無,27500000,55394,,0.0,0,,RPVNMLKKQHLFFAX47CA
馬公市,房地(土地+建物),澎湖縣馬公巿石泉里181~210號,243.58,,一般農業區,甲種建築用地,1050706,土地1建物1車位0,全,三層,透天厝,住家用,鋼筋混凝土造,1050504,296.36,6,2,5,有,無,8100000,27332,,0.0,0,,RPUNMLMJQHLFFAX57DA
馬公市,土地,文光段271~300地號,50.09,住,,,1050711,土地2建物0車位0,,,其他,,,,0.0,0,0,0,有,無,2282000,45558,,0.0,0,向政府機關承購之案件。,RPQNMLNLQHLFFAX47DA
湖西鄉,土地,紅羅段2941~2970地號,980.33,,一般農業區,農牧用地,1050602,土地3建物0車位0,,,其他,,,,0.0,0,0,0,有,無,1125000,1148,,0.0,0,向政府機關承購之案件。,RPPNMLSLPHLFFAX87EA
馬公市,土地,文寮段541~570地號,9.48,,一般農業區,交通用地,1050711,土地1建物0車位0,,,其他,,,,0.0,0,0,0,有,無,99730,10520,,0.0,0,向政府機關承購之案件。,RPQNMLMJQHLFFAX27EA
七美鄉,土地,大嶼段4411~4440地號,356.0,,一般農業區,甲種建築用地,1050630,土地1建物0車位0,,,其他,,,,0.0,0,0,0,有,無,1700000,4775,,0.0,0,向政府機關承購之案件。,RPSNMLMKQHLFFAX37CA
馬公市,房地(土地+建物),澎湖縣馬公巿東衛121~150號,257.47,,鄉村區,乙種建築用地,1050427,土地1建物1車位0,全,三層,透天厝,住家用,鋼筋混凝土造,0950823,452.92,21,2,22,有,無,22800000,50340,,0.0,0,,RPQNMLQKQHLFFAX57CA
白沙鄉,土地,鳥嶼新段301~330地號,23.46,,鄉村區,乙種建築用地,1050712,土地1建物0車位0,,,其他,,,,0.0,0,0,0,有,無,107916,4600,,0.0,0,承購國有地,RPPNMLLJQHLFFAX86CA
馬公市,房地(土地+建物),澎湖縣馬公巿珠江31~60號,79.06,,鄉村區,乙種建築用地,1050709,土地1建物1車位0,全,二層,透天厝,住家用,鋼筋混凝土加強磚造,0681101,93.6,2,2,2,有,無,2600000,27778,,0.0,0,,RPPOMLSJQHLFFAX67CA
西嶼鄉,土地,小池角段871~900地號,22.0,,一般農業區,農牧用地,1050726,土地1建物0車位0,,,其他,,,,0.0,0,0,0,有,無,147844,6720,,0.0,0,,RPPNMLTJQHLFFAX67CA
湖西鄉,土地,葉新段511~540地號,185.57,,鄉村區,乙種建築用地,1050722,土地1建物0車位0,,,其他,,,,0.0,0,0,0,有,無,700000,3772,,0.0,0,,RPOOMLSJQHLFFAX57CA
白沙鄉,土地,通梁南段661~690地號,528.39,住,,,1050610,土地1建物0車位0,,,其他,,,,0.0,0,0,0,有,無,5600000,10598,,0.0,0,,RPPNMLNJQHLFFAX07CA
馬公市,土地,山水南段991~1020地號,312.0,,鄉村區,乙種建築用地,1050718,土地1建物0車位0,,,其他,,,,0.0,0,0,0,有,無,7250000,23237,,0.0,0,,RPSNMLMJQHLFFAX27CA
馬公市,土地,烏崁新段811~840地號,734.3,,一般農業區,農牧用地,1050720,土地1建物0車位0,,,其他,,,,0.0,0,0,0,有,無,5550000,7558,,0.0,0,,RPTNMLKKQHLFFAX37DA
西嶼鄉,土地,橫礁段301~330地號,959.0,,一般農業區,農牧用地,1050719,土地2建物0車位0,,,其他,,,,0.0,0,0,0,有,無,1300000,1356,,0.0,0,親友、員工或其他特殊關係間之交易。,RPPNMLNLQHLFFAX37DA
馬公市,建物,澎湖縣馬公巿五福路3巷1~30號,0.0,,,,1050718,土地0建物1車位0,全,二層,透天厝,住家用,鋼筋混凝土加強磚造,0700326,119.78,4,2,3,有,無,150000,1252,,0.0,0,親友、員工或其他特殊關係間之交易。,RPUNMLSJQHLFFAX18DA
馬公市,房地(土地+建物),澎湖縣馬公巿烏崁里61~90號,237.7,,鄉村區,乙種建築用地,1050705,土地3建物1車位0,全,二層,透天厝,住家用,鋼筋混凝土加強磚造,0800826,203.78,5,2,3,有,無,4500000,22083,,0.0,0,親友、員工或其他特殊關係間之交易。,RPVNMLSJQHLFFAX28DA
馬公市,土地,四維段571~600地號,1373.04,,一般農業區,農牧用地,1050718,土地1建物0車位0,,,其他,,,,0.0,0,0,0,有,無,28650000,20866,,0.0,0,,RPWNMLKKQHLFFAX57CA
